#!ascii label  , from subject sub-v2s7x29671_ses-1 vox2ras=TkReg
4697
39705  -5.818  -41.477  56.750 0.1250000000
38750  -6.254  -41.623  57.959 0.1250000000
38765  -6.013  -42.262  56.509 0.1250000000
39693  -6.914  -41.965  59.108 0.1250000000
130798  -5.807  -41.824  56.096 0.1250000000
38772  -5.994  -42.401  55.688 0.1250000000
38761  -8.792  -42.589  57.503 0.1250000000
139516  -5.683  -41.885  54.412 0.1250000000
40690  -5.210  -40.744  53.469 0.1250000000
37828  -9.385  -43.187  56.676 0.1250000000
37834  -9.677  -43.111  55.692 0.1250000000
38779  -9.988  -42.768  54.767 0.1250000000
40699  -5.070  -40.516  52.597 0.1250000000
41647  -4.870  -39.087  51.976 0.2500000000
141995  -10.222  -42.990  53.913 0.1250000000
41648  -4.902  -39.741  51.501 0.2500000000
42585  -4.995  -38.240  50.825 0.2500000000
37847  -10.436  -43.630  53.421 0.1250000000
125123  -10.652  -43.511  52.432 0.1250000000
41662  -5.002  -39.758  50.489 0.2500000000
42586  -4.915  -38.742  50.208 0.3750000000
42602  -4.992  -37.900  50.060 0.2500000000
37880  -11.031  -43.241  50.963 0.1250000000
42603  -4.954  -38.326  49.351 0.2500000000
43491  -5.154  -37.553  49.277 0.2500000000
43501  -5.345  -37.333  48.434 0.2500000000
44421  -5.701  -36.793  48.353 0.3750000000
45390  -6.886  -35.951  47.700 0.3750000000
122315  -6.645  -36.203  46.991 0.3750000000
142482  -7.346  -35.821  47.118 0.5000000000
44450  -6.651  -36.380  46.207 0.3750000000
40665  -5.675  -40.459  56.844 0.1250000000
40655  -5.945  -40.368  57.483 0.1250000000
39695  -6.693  -41.297  58.411 0.1250000000
38752  -7.199  -41.937  59.055 0.1250000000
38753  -7.688  -42.367  59.046 0.1250000000
38760  -8.222  -41.929  58.145 0.1250000000
40674  -5.351  -40.162  55.967 0.1250000000
37821  -8.327  -42.586  58.536 0.1250000000
136083  -8.720  -41.780  57.206 0.1250000000
39707  -9.227  -41.487  56.346 0.2500000000
118559  -5.185  -40.095  54.277 0.1250000000
41624  -5.006  -39.903  53.219 0.1250000000
38767  -9.151  -42.371  56.445 0.1250000000
41613  -5.075  -39.203  53.817 0.1250000000
42559  -5.109  -38.444  52.453 0.2500000000
38780  -10.269  -42.125  53.984 0.1250000000
44378  -5.458  -37.517  51.326 0.3750000000
43478  -5.234  -37.601  50.682 0.3750000000
38787  -10.354  -42.770  53.161 0.1250000000
44394  -5.513  -36.892  50.123 0.3750000000
44395  -5.938  -36.408  49.890 0.3750000000
126290  -10.483  -42.515  52.310 0.1250000000
38811  -10.694  -42.526  50.931 0.1250000000
44409  -5.465  -36.970  49.296 0.2500000000
45365  -6.553  -36.052  49.194 0.5000000000
39760  -10.734  -41.886  50.384 0.1250000000
45364  -5.940  -36.507  49.022 0.3750000000
45377  -6.321  -36.233  48.385 0.5000000000
45378  -7.218  -35.781  48.492 0.5000000000
45391  -8.080  -35.551  47.691 0.5000000000
46278  -9.098  -35.175  47.673 0.5000000000
45405  -7.245  -35.970  46.568 0.5000000000
46288  -8.948  -35.222  46.970 0.6250000000
44465  -6.768  -36.571  45.263 0.3750000000
46297  -8.964  -35.380  45.997 0.5000000000
46289  -9.826  -34.741  46.462 0.6250000000
44477  -6.296  -37.054  44.682 0.2500000000
136777  -8.621  -35.718  45.271 0.3750000000
44491  -7.713  -36.790  43.242 0.2500000000
44507  -8.490  -36.658  42.339 0.2500000000
41586  -12.588  -39.920  59.208 0.2500000000
41587  -13.378  -39.690  59.035 0.2500000000
41592  -11.809  -40.205  57.869 0.2500000000
120254  -12.805  -39.910  58.204 0.2500000000
120807  -13.624  -39.554  58.219 0.3750000000
122796  -6.288  -39.269  57.324 0.1250000000
138622  -6.565  -40.519  58.040 0.1250000000
40647  -7.429  -40.446  58.237 0.1250000000
40648  -8.141  -40.251  58.275 0.1250000000
40649  -8.966  -40.292  58.381 0.2500000000
40658  -10.094  -40.478  57.393 0.2500000000
40659  -11.024  -40.372  57.197 0.2500000000
41594  -13.464  -39.601  57.249 0.2500000000
41591  -5.906  -39.672  57.146 0.1250000000
39696  -7.067  -41.308  58.633 0.1250000000
128943  -7.648  -41.253  58.434 0.1250000000
39701  -8.401  -41.368  57.880 0.1250000000
40666  -9.482  -40.815  56.780 0.2500000000
40667  -10.370  -40.582  56.553 0.2500000000
40660  -11.774  -40.261  56.977 0.3750000000
41601  -5.533  -39.554  56.498 0.1250000000
40676  -10.703  -40.656  55.743 0.2500000000
119035  -5.193  -39.265  54.784 0.1250000000
132809  -5.353  -38.670  55.334 0.1250000000
38773  -9.542  -42.167  55.598 0.1250000000
39715  -10.228  -41.088  55.240 0.1250000000
42539  -5.219  -38.511  54.396 0.2500000000
43441  -5.463  -37.737  52.942 0.3750000000
44357  -5.857  -36.549  53.108 0.3750000000
39721  -9.987  -41.808  54.918 0.1250000000
40691  -11.085  -40.846  53.947 0.1250000000
43454  -5.355  -37.884  51.945 0.3750000000
44367  -5.606  -37.377  52.114 0.3750000000
39726  -10.509  -41.818  53.017 0.1250000000
133711  -10.843  -41.169  53.276 0.1250000000
45352  -6.226  -36.159  50.797 0.3750000000
40700  -10.810  -41.136  52.575 0.1250000000
40712  -10.759  -41.030  51.713 0.1250000000
45341  -7.221  -35.686  50.967 0.3750000000
118823  -6.809  -35.857  50.052 0.5000000000
40726  -10.726  -41.039  50.787 0.1250000000
134166  -8.906  -35.298  48.227 0.5000000000
46269  -9.750  -34.882  48.172 0.5000000000
46280  -10.382  -34.116  47.748 0.6250000000
47156  -10.389  -33.998  46.878 0.6250000000
46298  -10.032  -34.675  45.564 0.6250000000
47171  -10.579  -32.963  46.450 0.6250000000
141558  -6.927  -37.019  43.600 0.2500000000
123763  -8.972  -35.796  44.535 0.3750000000
45423  -9.504  -35.270  45.032 0.5000000000
47184  -10.435  -33.643  45.148 0.5000000000
47185  -10.516  -33.048  45.664 0.6250000000
45448  -9.018  -36.298  43.163 0.2500000000
45435  -9.281  -35.830  43.797 0.5000000000
118505  -13.887  -38.627  62.013 0.7500000000
122763  -14.858  -38.416  61.855 0.7500000000
43398  -15.598  -37.875  62.135 0.8750000000
41567  -11.437  -39.446  60.557 0.7500000000
41562  -12.658  -39.133  61.488 0.8750000000
41563  -13.464  -39.148  61.418 0.7500000000
42508  -14.321  -38.992  61.170 0.7500000000
42504  -15.635  -38.217  61.413 0.7500000000
42510  -16.109  -38.137  60.727 0.8750000000
127777  -9.145  -38.866  59.814 0.5000000000
41566  -10.547  -39.001  60.777 0.6250000000
41568  -12.392  -39.532  60.739 0.7500000000
41569  -13.092  -39.503  60.883 0.8750000000
41570  -13.765  -39.430  60.594 0.6250000000
41571  -14.563  -39.186  60.271 0.7500000000
140311  -15.192  -38.905  59.925 0.7500000000
41575  -9.257  -39.369  59.466 0.5000000000
129030  -10.584  -39.530  60.001 0.5000000000
41577  -11.352  -39.853  59.624 0.5000000000
41578  -12.142  -39.848  59.938 0.5000000000
41579  -13.076  -39.765  60.049 0.5000000000
41580  -13.964  -39.510  59.709 0.6250000000
41581  -14.698  -39.118  59.413 0.7500000000
126419  -15.841  -38.494  59.951 0.7500000000
41573  -8.177  -38.857  58.646 0.1250000000
41574  -8.725  -39.098  59.160 0.2500000000
41583  -9.518  -39.902  58.965 0.2500000000
41584  -10.494  -39.931  59.047 0.3750000000
135422  -11.940  -40.001  59.263 0.3750000000
140790  -12.133  -40.070  58.670 0.2500000000
41588  -14.143  -39.345  58.792 0.6250000000
42513  -15.378  -38.624  59.200 0.7500000000
42515  -6.760  -38.593  57.466 0.2500000000
41582  -6.721  -39.200  57.692 0.1250000000
40643  -7.415  -39.751  58.156 0.1250000000
40644  -8.106  -39.602  58.427 0.2500000000
41585  -11.429  -40.095  58.770 0.3750000000
40651  -10.799  -40.297  58.096 0.3750000000
42517  -15.540  -38.265  58.252 0.6250000000
42518  -16.177  -37.787  58.302 0.7500000000
42519  -6.296  -38.746  57.042 0.2500000000
119701  -5.537  -38.906  56.172 0.1250000000
121278  -6.440  -38.059  56.888 0.3750000000
44344  -6.550  -36.785  56.514 0.5000000000
122201  -5.648  -38.227  55.797 0.3750000000
43433  -5.574  -37.200  54.598 0.5000000000
45318  -6.364  -36.014  54.655 0.5000000000
43432  -5.366  -37.793  54.023 0.3750000000
43442  -5.575  -37.123  53.645 0.5000000000
119777  -6.981  -35.637  53.876 0.6250000000
45333  -6.036  -36.261  52.290 0.3750000000
45326  -6.772  -35.676  53.062 0.5000000000
45342  -8.137  -35.493  51.602 0.5000000000
45339  -5.896  -36.496  51.510 0.3750000000
138624  -8.244  -35.504  50.784 0.5000000000
45354  -8.859  -35.414  50.220 0.5000000000
46262  -10.124  -34.814  49.344 0.6250000000
46261  -9.383  -35.260  49.645 0.5000000000
142976  -9.964  -34.857  48.762 0.5000000000
47157  -10.623  -33.226  47.343 0.6250000000
49067  -10.482  -31.676  47.268 0.7500000000
48085  -10.469  -31.949  46.510 0.7500000000
46304  -10.197  -34.436  44.591 0.5000000000
48095  -10.138  -31.775  45.241 0.6250000000
48084  -10.200  -31.600  45.962 0.6250000000
49094  -9.613  -31.247  45.737 0.6250000000
45449  -9.840  -35.383  43.089 0.3750000000
46310  -10.146  -34.362  43.605 0.5000000000
45463  -9.485  -36.049  42.291 0.3750000000
42498  -13.478  -38.114  62.613 1.0000000000
42499  -14.251  -38.160  62.507 0.7500000000
43397  -14.927  -37.813  62.650 0.7500000000
41559  -10.625  -38.383  61.273 0.8750000000
42496  -11.772  -38.064  62.055 0.8750000000
42502  -12.198  -38.539  61.944 0.8750000000
42503  -13.003  -38.623  62.116 0.8750000000
128568  -16.231  -37.367  62.397 0.8750000000
41558  -9.901  -38.446  60.856 0.7500000000
42501  -11.413  -38.443  61.606 0.8750000000
41561  -11.857  -39.050  61.353 0.8750000000
43402  -16.270  -37.749  61.541 0.8750000000
43403  -16.961  -37.205  61.801 0.8750000000
42507  -9.488  -38.082  60.760 0.6250000000
41560  -11.159  -38.868  61.185 0.8750000000
43407  -16.958  -37.521  60.776 0.8750000000
44327  -17.662  -36.856  61.231 0.8750000000
141549  -8.127  -37.949  58.907 0.6250000000
42505  -8.468  -38.179  59.236 0.5000000000
121854  -9.872  -37.215  61.221 0.8750000000
44319  -9.493  -37.005  60.845 0.8750000000
43406  -16.574  -37.937  59.955 0.7500000000
123945  -17.223  -37.504  59.924 0.7500000000
130297  -7.806  -37.647  58.609 0.5000000000
44324  -9.057  -37.184  60.309 0.8750000000
43411  -17.695  -37.154  59.376 0.8750000000
42512  -7.865  -38.275  58.532 0.2500000000
41572  -7.341  -39.042  58.089 0.2500000000
42514  -16.160  -38.051  59.078 0.7500000000
134049  -16.647  -37.602  58.610 0.7500000000
43408  -7.456  -37.270  58.258 0.7500000000
42516  -7.217  -37.848  57.859 0.5000000000
127884  -7.034  -37.201  57.487 0.7500000000
119336  -6.671  -36.294  56.179 0.6250000000
45312  -7.290  -35.816  56.040 0.6250000000
45313  -8.250  -35.573  55.739 0.6250000000
44347  -6.288  -36.591  55.915 0.6250000000
122078  -6.796  -35.888  55.419 0.6250000000
128816  -7.265  -35.641  54.694 0.6250000000
45335  -7.454  -35.568  52.410 0.5000000000
45343  -9.273  -35.347  51.817 0.5000000000
45355  -9.107  -35.370  50.981 0.5000000000
46256  -9.939  -35.106  50.261 0.5000000000
47130  -10.935  -33.284  48.994 0.7500000000
49036  -10.593  -31.418  48.931 0.7500000000
48058  -10.831  -32.343  48.553 0.7500000000
49051  -10.509  -31.537  48.089 0.7500000000
49066  -10.121  -31.090  47.578 0.6250000000
142346  -9.659  -30.890  47.192 0.6250000000
49065  -9.515  -30.856  47.903 0.6250000000
49077  -9.234  -30.921  46.561 0.6250000000
134265  -10.306  -33.267  44.168 0.5000000000
48106  -10.034  -32.124  44.411 0.6250000000
48105  -9.296  -31.760  43.969 0.6250000000
49108  -9.514  -31.505  44.817 0.6250000000
135990  -8.904  -31.209  45.191 0.6250000000
46320  -10.120  -34.427  42.613 0.5000000000
47209  -10.105  -33.474  43.111 0.6250000000
45464  -9.992  -35.230  42.029 0.3750000000
43396  -14.187  -37.509  62.890 0.8750000000
43391  -15.135  -37.111  63.059 0.8750000000
42493  -13.289  -37.592  62.756 1.0000000000
44310  -14.674  -36.622  63.018 0.8750000000
43392  -16.032  -36.884  63.164 0.8750000000
42495  -10.914  -38.050  61.657 0.8750000000
43393  -11.326  -37.693  61.951 1.0000000000
44315  -11.695  -37.268  62.130 1.0000000000
44308  -13.595  -36.600  62.603 1.0000000000
42494  -9.985  -37.918  61.247 0.8750000000
43401  -10.158  -37.411  61.359 0.8750000000
44320  -10.363  -37.071  61.508 0.8750000000
44321  -11.296  -36.790  61.723 1.0000000000
45278  -12.277  -36.112  61.659 1.0000000000
44333  -17.736  -37.016  60.274 0.8750000000
42506  -9.040  -38.015  60.146 0.6250000000
43400  -9.557  -37.433  60.908 0.8750000000
45277  -10.696  -36.574  61.169 1.0000000000
123088  -11.511  -36.227  61.254 1.0000000000
45282  -12.289  -35.625  61.035 1.0000000000
44334  -18.420  -36.477  59.649 0.8750000000
128752  -8.502  -37.712  59.419 0.7500000000
43405  -9.029  -37.457  60.148 0.8750000000
44331  -8.543  -36.938  59.674 0.8750000000
123949  -9.178  -36.731  60.103 0.8750000000
45286  -10.585  -35.800  59.731 0.8750000000
45287  -11.479  -35.570  59.681 1.0000000000
45288  -12.148  -35.471  60.095 1.0000000000
43416  -17.356  -37.207  58.463 0.7500000000
43404  -8.346  -37.230  59.322 0.7500000000
44330  -8.105  -37.002  59.209 0.7500000000
45285  -8.800  -36.340  59.356 0.8750000000
45292  -9.278  -35.822  59.054 0.8750000000
45299  -9.228  -35.564  57.601 0.7500000000
43415  -16.643  -37.423  57.942 0.7500000000
43409  -7.815  -37.114  58.807 0.7500000000
44337  -7.995  -36.616  58.916 0.7500000000
45298  -8.215  -35.772  57.602 0.8750000000
119154  -8.825  -35.567  56.795 0.6250000000
45307  -9.819  -35.450  56.718 0.7500000000
45321  -9.862  -35.425  55.037 0.7500000000
44329  -7.595  -36.966  58.622 0.6250000000
44341  -7.084  -36.821  57.625 0.6250000000
45305  -7.127  -36.090  56.710 0.6250000000
119287  -8.216  -35.544  54.857 0.6250000000
45320  -9.168  -35.420  54.271 0.6250000000
45330  -10.309  -35.169  54.190 0.6250000000
45319  -8.034  -35.524  54.025 0.6250000000
45329  -9.861  -35.286  53.400 0.6250000000
46247  -10.323  -35.062  52.741 0.5000000000
47097  -11.411  -33.625  52.010 0.7500000000
45328  -8.820  -35.462  53.323 0.6250000000
45337  -9.510  -35.330  52.624 0.5000000000
46250  -10.976  -34.433  51.524 0.5000000000
47105  -11.392  -33.203  51.050 0.6250000000
121803  -10.100  -35.084  51.201 0.5000000000
130937  -10.654  -34.418  49.882 0.6250000000
47117  -11.125  -33.400  49.926 0.7500000000
48036  -11.173  -32.144  50.349 0.7500000000
49012  -10.661  -31.178  50.746 0.7500000000
46263  -10.742  -34.065  49.349 0.6250000000
48048  -11.020  -32.265  49.415 0.7500000000
49021  -9.786  -30.832  50.253 0.7500000000
49049  -9.311  -30.862  48.752 0.6250000000
49035  -10.002  -30.866  49.293 0.6250000000
138168  -8.798  -30.887  47.345 0.6250000000
120137  -8.132  -31.057  46.694 0.6250000000
49124  -8.262  -31.653  43.667 0.6250000000
49107  -8.605  -31.395  44.491 0.6250000000
49093  -7.799  -31.293  45.173 0.6250000000
126495  -8.589  -31.079  45.880 0.6250000000
48119  -8.940  -32.082  43.133 0.6250000000
47222  -9.770  -33.541  42.174 0.5000000000
48134  -9.451  -32.758  42.662 0.5000000000
44307  -15.165  -35.826  63.015 1.0000000000
44309  -14.479  -36.021  62.700 1.0000000000
44311  -15.465  -36.336  63.189 0.8750000000
44312  -16.209  -36.106  63.444 0.8750000000
143127  -16.692  -36.408  63.183 0.8750000000
44316  -12.668  -37.047  62.449 1.0000000000
45267  -13.388  -36.244  62.260 1.0000000000
44322  -17.569  -36.581  62.137 1.0000000000
44323  -18.209  -36.191  61.656 1.0000000000
45273  -12.113  -36.719  62.076 1.0000000000
124008  -13.102  -35.380  61.746 1.0000000000
46220  -13.450  -34.467  61.822 1.0000000000
44328  -18.289  -36.355  60.696 0.8750000000
139541  -12.997  -34.647  61.314 1.0000000000
46224  -13.237  -34.476  61.681 1.0000000000
47071  -13.056  -33.482  61.652 1.0000000000
45293  -10.106  -35.637  59.037 0.8750000000
123881  -10.537  -35.483  58.335 0.8750000000
46228  -12.119  -35.253  59.211 1.0000000000
46229  -12.693  -34.953  59.653 1.0000000000
47073  -12.857  -33.572  61.053 1.0000000000
43412  -18.202  -36.748  58.708 0.8750000000
45308  -10.699  -35.341  56.684 0.7500000000
46232  -12.731  -34.656  58.834 1.0000000000
132714  -12.589  -34.417  57.775 1.0000000000
47078  -12.797  -33.481  57.671 1.0000000000
43424  -17.834  -36.677  56.980 0.7500000000
45315  -10.489  -35.338  55.858 0.7500000000
45322  -10.815  -35.092  54.942 0.7500000000
47081  -12.674  -32.788  57.129 1.0000000000
135304  -11.529  -34.571  54.892 0.7500000000
142460  -12.575  -33.250  56.592 1.0000000000
122123  -11.234  -34.592  54.231 0.8750000000
46245  -11.626  -33.806  53.649 1.0000000000
47088  -11.479  -33.828  52.814 0.7500000000
136284  -11.637  -33.072  52.491 0.8750000000
47098  -11.529  -32.583  51.922 0.7500000000
48024  -11.278  -31.878  51.284 0.7500000000
138355  -9.078  -30.936  50.826 0.7500000000
140245  -8.834  -30.935  50.300 0.7500000000
49034  -9.103  -30.872  49.608 0.6250000000
119137  -8.244  -31.028  49.103 0.6250000000
49020  -8.049  -31.154  49.964 0.7500000000
119135  -8.469  -30.961  48.206 0.6250000000
120910  -5.892  -30.505  45.453 0.6250000000
125474  -6.211  -30.860  45.726 0.6250000000
49064  -7.527  -31.114  47.548 0.6250000000
120971  -6.551  -31.078  48.072 0.6250000000
49091  -6.112  -30.964  44.869 0.6250000000
49105  -6.484  -31.288  44.056 0.6250000000
133789  -6.805  -31.301  44.797 0.6250000000
49092  -6.717  -31.179  45.510 0.6250000000
126111  -7.481  -31.180  46.056 0.6250000000
138161  -7.191  -31.173  46.754 0.6250000000
49123  -7.132  -31.612  43.403 0.6250000000
48118  -7.874  -31.936  42.811 0.6250000000
48132  -7.623  -32.231  41.945 0.5000000000
47236  -9.425  -33.359  41.346 0.3750000000
45263  -15.067  -35.246  62.767 1.0000000000
45262  -14.679  -34.941  62.478 1.0000000000
45264  -15.576  -35.047  63.130 1.0000000000
45269  -15.779  -35.618  63.403 1.0000000000
44313  -17.021  -35.864  63.456 1.0000000000
46217  -14.191  -34.492  62.246 1.0000000000
46212  -14.653  -33.880  62.566 1.0000000000
45275  -17.791  -35.575  63.151 1.0000000000
44318  -18.085  -35.942  62.508 1.0000000000
46221  -13.748  -33.974  62.072 1.0000000000
47970  -12.694  -32.584  61.941 1.0000000000
45289  -18.841  -35.784  60.229 0.8750000000
45309  -11.354  -35.204  57.106 0.8750000000
45301  -11.291  -35.333  57.929 1.0000000000
133840  -12.776  -32.673  60.259 1.0000000000
47973  -12.562  -32.664  61.704 1.0000000000
45296  -19.266  -35.147  58.813 1.0000000000
46236  -11.392  -35.095  56.303 0.8750000000
46234  -11.959  -35.023  57.558 0.8750000000
47982  -12.834  -32.762  58.068 1.0000000000
47978  -12.424  -31.768  59.581 1.0000000000
44342  -18.587  -36.155  57.339 0.8750000000
124485  -11.917  -34.573  56.010 0.8750000000
46238  -12.585  -33.751  56.996 1.0000000000
47984  -12.528  -32.061  57.673 1.0000000000
47981  -12.510  -31.910  58.520 1.0000000000
45302  -18.853  -35.464  56.668 0.6250000000
46241  -12.010  -34.196  55.375 1.0000000000
47080  -12.379  -33.801  56.150 1.0000000000
47986  -12.475  -32.625  56.169 1.0000000000
48953  -11.438  -31.082  56.825 1.0000000000
44349  -18.181  -36.238  55.505 0.5000000000
47085  -12.005  -32.884  53.941 1.0000000000
122871  -12.190  -32.773  54.665 1.0000000000
47991  -12.186  -32.188  55.274 1.0000000000
48963  -11.582  -31.401  55.211 0.8750000000
48008  -11.768  -32.116  53.463 0.8750000000
47998  -11.891  -31.924  54.389 0.7500000000
142135  -11.241  -31.208  54.559 0.8750000000
48017  -11.264  -31.628  52.159 0.7500000000
48989  -11.281  -31.478  52.983 0.7500000000
119890  -10.650  -31.058  51.673 0.7500000000
49010  -8.750  -31.031  51.545 0.7500000000
119136  -7.366  -31.144  48.581 0.6250000000
119138  -7.212  -31.211  49.502 0.6250000000
131357  -5.659  -30.146  46.029 0.6250000000
120803  -6.032  -30.680  46.449 0.6250000000
50044  -5.019  -30.041  47.472 0.6250000000
49062  -5.956  -30.750  47.546 0.6250000000
49104  -5.907  -30.872  43.819 0.6250000000
120138  -6.607  -31.087  46.283 0.6250000000
49122  -6.260  -31.320  43.091 0.6250000000
49134  -6.095  -31.401  42.178 0.6250000000
48117  -6.824  -31.782  42.494 0.5000000000
48149  -8.315  -32.383  41.265 0.3750000000
46214  -15.830  -34.308  63.483 1.0000000000
45271  -17.336  -35.068  63.683 1.0000000000
45279  -18.584  -35.463  62.061 1.0000000000
47059  -14.441  -32.950  62.704 1.0000000000
45283  -18.698  -35.629  61.155 1.0000000000
135339  -13.605  -33.095  62.172 1.0000000000
46230  -19.296  -34.212  59.353 1.0000000000
135789  -12.385  -31.988  62.146 1.0000000000
44339  -18.996  -35.720  58.050 1.0000000000
122016  -19.074  -34.644  57.004 0.7500000000
47976  -12.142  -32.083  61.609 1.0000000000
46239  -18.788  -33.917  56.584 0.7500000000
45316  -18.696  -35.511  55.776 0.7500000000
46242  -18.702  -33.979  55.749 0.7500000000
48941  -11.775  -31.262  57.902 1.0000000000
121202  -11.084  -30.978  55.944 1.0000000000
131684  -10.678  -30.966  55.155 0.8750000000
48988  -10.564  -31.026  53.360 0.8750000000
48975  -10.352  -30.958  54.283 0.8750000000
48987  -9.668  -30.990  53.631 0.7500000000
119142  -8.360  -31.209  52.415 0.7500000000
49009  -7.616  -31.314  51.779 0.7500000000
119139  -7.084  -31.245  50.359 0.7500000000
51757  -5.835  -28.769  48.789 0.7500000000
51765  -5.549  -28.645  47.843 0.7500000000
49033  -6.405  -31.099  49.898 0.5000000000
51772  -5.142  -29.055  46.266 0.6250000000
50908  -4.985  -29.526  46.850 0.6250000000
50897  -4.917  -29.535  47.886 0.6250000000
49061  -5.445  -30.382  48.038 0.6250000000
49047  -5.926  -30.774  48.554 0.6250000000
49048  -6.486  -31.100  49.030 0.6250000000
50916  -5.315  -29.453  45.890 0.6250000000
139666  -5.501  -29.735  45.680 0.6250000000
50074  -5.607  -30.147  44.141 0.6250000000
48131  -6.631  -31.756  41.731 0.5000000000
138025  -7.214  -31.907  41.393 0.5000000000
48147  -6.633  -31.552  41.168 0.1250000000
46216  -17.151  -34.337  64.016 1.0000000000
46218  -17.903  -34.314  63.637 1.0000000000
47067  -18.291  -33.470  63.446 1.0000000000
47063  -16.819  -33.693  64.176 1.0000000000
135373  -15.833  -33.150  63.884 1.0000000000
125373  -16.100  -33.697  63.928 1.0000000000
45266  -16.681  -34.850  63.915 1.0000000000
143130  -18.750  -34.808  62.403 1.0000000000
46225  -19.146  -34.093  60.789 1.0000000000
139221  -19.082  -33.443  59.936 1.0000000000
136965  -14.808  -32.622  63.076 1.0000000000
47060  -15.055  -33.318  62.993 1.0000000000
45280  -19.001  -34.767  61.602 1.0000000000
120751  -14.340  -31.552  63.255 1.0000000000
47064  -13.716  -32.515  62.486 1.0000000000
132482  -18.664  -32.866  59.381 1.0000000000
48911  -11.810  -31.336  62.202 1.0000000000
46233  -19.158  -33.858  58.401 1.0000000000
139471  -18.601  -33.234  57.844 1.0000000000
133858  -12.110  -31.659  60.785 1.0000000000
48934  -11.854  -31.218  58.959 1.0000000000
135495  -30.440  -33.639  50.748 0.7500000000
47112  -31.296  -33.349  51.427 0.7500000000
48940  -10.518  -30.834  57.623 1.0000000000
48952  -10.355  -30.823  56.677 1.0000000000
48961  -9.626  -30.963  55.106 0.8750000000
126088  -8.532  -31.166  55.112 0.8750000000
48974  -9.191  -31.080  54.404 0.8750000000
120145  -8.652  -31.242  53.813 0.8750000000
48998  -7.352  -31.282  52.641 0.7500000000
119141  -6.937  -31.223  51.174 0.7500000000
52612  -7.364  -26.821  51.451 0.8750000000
49019  -6.363  -31.001  50.634 0.6250000000
52635  -7.390  -27.137  50.165 0.8750000000
52634  -6.905  -28.028  50.241 0.8750000000
52621  -7.038  -27.846  50.943 0.8750000000
49031  -5.751  -30.314  49.984 0.5000000000
132957  -6.072  -30.509  50.701 0.5000000000
52648  -7.040  -27.835  48.527 0.7500000000
140579  -6.907  -28.053  48.993 0.7500000000
52647  -6.723  -28.181  49.439 0.7500000000
51739  -5.944  -29.315  49.925 0.7500000000
50886  -5.489  -29.647  49.552 0.7500000000
49046  -5.487  -30.407  49.056 0.6250000000
52672  -6.258  -28.150  47.511 0.7500000000
51773  -5.447  -28.624  46.795 0.7500000000
51756  -5.200  -29.074  48.293 0.7500000000
125983  -5.030  -30.028  48.570 0.6250000000
51781  -5.328  -29.171  45.274 0.6250000000
49103  -5.687  -30.278  43.565 0.6250000000
50083  -5.621  -29.762  43.255 0.6250000000
50941  -5.560  -29.375  42.875 0.6250000000
49121  -5.795  -30.802  42.739 0.6250000000
49120  -5.642  -30.169  42.764 0.6250000000
50094  -5.510  -29.997  42.235 0.6250000000
49133  -5.743  -30.892  41.829 0.5000000000
49148  -6.092  -31.289  41.451 0.2500000000
49161  -6.172  -31.077  40.906 0.1250000000
143143  -18.246  -32.652  63.378 1.0000000000
47069  -18.760  -33.623  62.787 1.0000000000
47070  -18.824  -33.186  62.013 1.0000000000
47062  -16.398  -33.089  64.235 1.0000000000
47072  -18.796  -33.127  60.875 1.0000000000
128453  -15.419  -32.056  63.884 1.0000000000
47963  -14.849  -32.103  63.364 1.0000000000
47962  -14.202  -32.142  62.922 1.0000000000
47077  -18.685  -33.021  58.607 1.0000000000
48900  -12.886  -31.442  62.568 1.0000000000
136215  -18.129  -32.942  56.444 0.7500000000
48914  -10.734  -30.706  61.666 1.0000000000
48915  -11.417  -31.245  62.003 1.0000000000
138673  -18.156  -32.845  55.639 0.7500000000
119150  -28.999  -33.391  51.710 0.8750000000
119149  -29.703  -33.422  52.296 0.7500000000
47103  -30.354  -33.174  52.810 0.8750000000
47104  -31.132  -33.125  52.499 0.7500000000
48926  -10.405  -30.582  60.095 1.0000000000
47110  -29.697  -33.585  51.288 0.8750000000
47111  -30.447  -33.460  51.874 0.8750000000
48022  -32.321  -32.327  52.580 0.6250000000
49003  -32.691  -31.644  52.833 0.8750000000
48023  -33.020  -31.970  52.228 1.0000000000
48933  -10.509  -30.769  58.920 1.0000000000
47120  -27.394  -32.906  50.526 0.6250000000
47113  -32.118  -33.049  51.228 0.7500000000
48032  -32.578  -32.550  51.765 0.8750000000
49017  -33.478  -31.557  51.782 0.8750000000
49005  -33.918  -30.903  51.835 0.8750000000
50012  -34.370  -30.232  51.475 0.7500000000
47119  -26.720  -32.704  49.752 0.6250000000
48033  -33.200  -32.114  51.352 0.8750000000
49026  -33.811  -31.527  50.944 0.8750000000
50874  -34.418  -29.440  51.755 0.5000000000
48951  -9.298  -30.858  56.578 0.8750000000
56279  -7.647  -24.233  57.105 0.8750000000
55407  -7.623  -24.773  56.284 0.8750000000
136396  -7.573  -25.362  56.404 0.8750000000
133826  -8.319  -30.907  56.504 0.8750000000
55416  -7.589  -25.186  55.458 0.8750000000
53600  -7.447  -26.143  54.288 0.7500000000
48986  -7.148  -31.168  53.485 0.7500000000
129760  -7.537  -25.018  54.498 0.7500000000
54531  -7.480  -25.355  53.809 0.7500000000
53606  -7.434  -25.996  53.437 1.0000000000
53605  -7.324  -26.740  53.044 0.8750000000
53599  -7.350  -26.804  53.849 1.0000000000
118913  -6.425  -30.607  52.065 0.7500000000
54542  -7.464  -25.256  52.931 0.8750000000
130975  -7.437  -25.907  52.606 0.8750000000
52611  -7.150  -27.681  51.733 0.8750000000
52601  -7.188  -27.573  52.582 0.8750000000
51722  -6.899  -28.433  52.030 0.8750000000
54560  -7.312  -25.057  50.921 0.7500000000
51732  -6.717  -28.588  51.171 0.8750000000
51721  -6.506  -29.217  51.444 0.7500000000
133280  -7.649  -26.162  50.043 0.7500000000
51740  -6.501  -28.734  50.403 0.7500000000
127652  -6.012  -29.856  50.644 0.7500000000
50014  -5.731  -29.901  50.109 0.7500000000
52662  -7.387  -27.491  47.859 0.7500000000
49006  -5.974  -30.073  50.687 0.7500000000
52681  -5.926  -28.137  46.400 0.7500000000
136635  -5.913  -28.186  45.612 0.6250000000
51791  -5.351  -28.725  44.697 0.6250000000
134152  -5.496  -29.131  43.507 0.6250000000
133157  -17.163  -32.967  64.282 1.0000000000
47969  -17.838  -32.820  63.908 1.0000000000
47971  -18.519  -32.877  62.801 1.0000000000
128991  -16.055  -31.879  64.413 1.0000000000
47968  -17.414  -32.165  64.220 1.0000000000
48908  -17.761  -31.375  63.031 1.0000000000
140212  -17.738  -31.776  61.683 1.0000000000
48904  -16.354  -31.071  64.571 0.8750000000
48917  -17.869  -31.973  61.142 1.0000000000
47980  -18.222  -32.444  59.774 1.0000000000
133218  -18.610  -32.796  60.063 1.0000000000
48897  -14.503  -30.964  63.585 1.0000000000
49923  -13.834  -30.974  63.203 1.0000000000
48936  -17.872  -32.112  58.686 1.0000000000
48899  -12.283  -30.899  62.538 1.0000000000
49977  -18.173  -30.729  55.663 0.7500000000
48955  -18.025  -31.982  56.993 0.6250000000
48910  -10.963  -30.715  62.161 1.0000000000
48977  -18.356  -31.323  54.979 0.7500000000
47999  -18.212  -32.523  54.958 0.7500000000
121636  -28.990  -33.307  52.790 0.7500000000
123049  -7.458  -23.869  60.098 0.7500000000
47109  -28.252  -33.183  51.093 0.7500000000
127916  -7.470  -24.155  59.387 0.7500000000
56264  -7.469  -23.744  58.907 0.8750000000
55395  -7.533  -24.468  58.566 0.8750000000
54514  -7.522  -25.648  57.964 0.8750000000
50019  -34.661  -30.356  50.650 0.7500000000
50013  -34.880  -29.617  51.115 0.5000000000
56270  -7.600  -24.026  58.058 0.8750000000
55400  -7.571  -24.913  57.483 0.8750000000
54518  -7.533  -25.722  57.123 0.8750000000
48937  -7.947  -30.686  57.119 0.8750000000
136546  -7.533  -25.785  55.730 0.8750000000
49974  -6.884  -30.159  55.178 0.8750000000
48971  -7.042  -30.701  55.051 0.8750000000
55408  -7.663  -24.261  56.198 0.7500000000
52587  -7.393  -26.927  54.674 0.8750000000
133739  -7.242  -27.565  54.205 1.0000000000
119438  -7.015  -30.987  54.335 0.8750000000
48985  -6.675  -30.722  53.654 0.8750000000
55417  -7.613  -24.660  55.188 0.7500000000
52592  -7.201  -27.537  53.416 1.0000000000
48996  -6.478  -30.428  52.859 0.7500000000
55423  -7.482  -24.773  53.656 0.7500000000
135352  -7.514  -24.638  54.220 0.7500000000
51711  -7.008  -28.335  52.924 0.7500000000
49999  -6.385  -29.915  51.975 0.7500000000
121629  -6.347  -30.824  51.332 0.7500000000
54550  -7.406  -25.070  52.032 0.8750000000
50861  -6.418  -29.705  51.747 0.7500000000
50007  -6.210  -29.964  51.312 0.7500000000
49007  -6.232  -30.291  51.345 0.7500000000
53652  -7.899  -26.311  49.341 0.7500000000
53665  -8.183  -26.459  48.294 0.6250000000
140045  -6.755  -27.725  46.944 0.7500000000
53678  -7.861  -27.075  46.949 0.6250000000
53686  -7.625  -27.155  45.621 0.6250000000
53694  -7.275  -27.357  44.464 0.6250000000
47974  -18.110  -32.309  62.032 1.0000000000
48922  -17.730  -31.418  60.046 1.0000000000
49948  -17.517  -30.879  59.017 0.8750000000
49918  -14.733  -30.170  63.877 0.7500000000
47983  -18.211  -32.561  58.993 1.0000000000
48935  -17.696  -31.528  58.431 0.8750000000
50791  -11.958  -29.571  62.841 1.0000000000
50792  -12.658  -30.047  62.943 1.0000000000
49969  -18.012  -30.866  56.540 0.6250000000
50798  -10.564  -29.795  62.398 0.8750000000
49928  -10.784  -30.108  62.419 1.0000000000
49985  -18.210  -30.590  54.145 0.7500000000
48039  -24.977  -31.816  51.000 0.7500000000
48040  -25.802  -32.080  50.778 0.7500000000
47108  -27.618  -32.841  51.549 0.6250000000
56251  -7.388  -23.179  60.607 0.7500000000
127712  -7.541  -24.511  59.926 0.8750000000
49937  -9.713  -29.970  61.239 0.8750000000
49938  -10.048  -30.162  61.682 0.8750000000
48999  -18.620  -31.478  53.153 0.3750000000
49038  -22.466  -31.467  49.612 0.7500000000
48050  -23.661  -31.877  49.718 0.6250000000
138869  -27.012  -32.559  51.195 0.7500000000
55384  -7.568  -24.024  60.861 0.7500000000
54502  -7.633  -25.245  59.632 0.8750000000
49951  -8.423  -30.107  59.308 1.0000000000
49039  -23.051  -31.830  49.187 0.6250000000
48051  -24.531  -31.930  49.466 0.6250000000
48041  -25.973  -32.281  49.928 0.6250000000
137710  -7.182  -22.298  60.548 0.5000000000
50037  -21.386  -30.419  48.681 0.5000000000
50029  -21.867  -31.032  49.143 0.6250000000
49053  -22.463  -31.503  48.709 0.7500000000
120779  -7.429  -23.115  59.212 0.6250000000
53582  -7.517  -26.345  57.576 0.8750000000
49946  -8.285  -29.907  59.439 1.0000000000
57140  -7.545  -23.246  58.550 0.7500000000
131112  -7.526  -26.222  56.860 1.0000000000
125684  -7.530  -26.705  56.951 1.0000000000
134043  -7.493  -29.200  58.065 1.0000000000
50825  -7.440  -29.654  57.764 1.0000000000
136268  -7.376  -30.482  56.142 0.8750000000
56271  -7.680  -23.528  57.721 0.8750000000
127290  -7.526  -25.896  56.451 0.8750000000
52582  -7.441  -27.105  55.575 1.0000000000
52586  -7.309  -27.705  55.001 1.0000000000
51687  -7.463  -28.697  56.995 1.0000000000
49975  -7.134  -30.389  55.611 0.8750000000
53647  -36.536  -26.711  49.209 0.5000000000
53661  -36.814  -26.195  48.679 0.6250000000
141898  -7.734  -23.795  56.944 0.7500000000
142678  -7.128  -28.225  54.515 0.8750000000
50841  -6.834  -29.068  54.348 0.8750000000
50836  -7.011  -29.457  55.396 0.8750000000
49992  -6.501  -30.258  53.679 0.8750000000
52667  -35.888  -27.127  47.665 0.6250000000
53660  -36.406  -26.724  48.223 0.6250000000
53674  -36.553  -25.965  47.669 0.7500000000
51705  -7.023  -28.283  53.798 0.8750000000
50850  -6.789  -29.066  53.290 0.7500000000
121931  -6.457  -30.099  52.806 0.7500000000
50000  -6.367  -30.177  52.049 0.7500000000
130050  -7.455  -24.999  53.098 0.7500000000
56292  -7.542  -24.252  54.416 0.7500000000
49991  -6.563  -29.686  52.635 0.7500000000
135038  -7.316  -24.089  52.325 0.7500000000
55449  -7.206  -24.478  51.316 0.7500000000
54570  -7.371  -25.067  50.362 0.7500000000
54583  -7.945  -25.296  49.020 0.6250000000
54595  -8.311  -25.240  48.063 0.6250000000
53679  -8.554  -26.067  47.372 0.6250000000
53695  -8.231  -26.545  44.840 0.6250000000
54618  -8.531  -25.902  44.007 0.6250000000
134181  -7.850  -26.728  43.683 0.6250000000
54623  -8.222  -25.998  42.938 0.6250000000
53713  -7.063  -25.802  41.077 0.2500000000
54635  -6.767  -25.300  40.555 0.1250000000
50826  -17.410  -30.354  57.752 0.7500000000
57100  -8.179  -21.985  63.495 0.5000000000
57109  -8.643  -22.705  63.515 0.6250000000
56233  -9.215  -23.219  63.593 0.6250000000
134241  -13.068  -29.570  63.305 0.8750000000
49917  -14.061  -30.238  63.539 1.0000000000
58843  -7.493  -20.658  63.287 0.5000000000
132621  -7.426  -21.484  63.268 0.5000000000
131795  -7.351  -22.168  63.182 0.5000000000
57108  -7.750  -22.771  63.197 0.6250000000
55375  -8.087  -23.996  62.887 0.6250000000
121793  -8.590  -24.384  63.089 0.6250000000
53552  -9.316  -25.854  62.682 0.6250000000
133721  -10.949  -27.505  63.057 0.7500000000
121374  -11.322  -28.973  62.836 0.8750000000
49984  -17.856  -29.937  54.414 0.6250000000
58842  -7.065  -20.241  62.904 0.5000000000
58008  -7.012  -21.161  62.929 0.5000000000
122830  -7.007  -21.908  62.886 0.5000000000
121096  -7.228  -22.934  62.569 0.6250000000
56241  -7.422  -23.443  62.545 0.7500000000
128690  -8.222  -24.910  61.792 0.7500000000
53555  -8.597  -25.554  61.850 0.7500000000
52551  -9.212  -26.962  61.704 0.7500000000
51662  -9.501  -27.986  61.682 0.8750000000
126239  -9.739  -27.975  62.127 0.7500000000
50796  -10.142  -28.986  62.196 0.8750000000
49993  -17.788  -29.926  53.503 0.6250000000
49025  -23.435  -31.729  50.544 0.6250000000
58846  -6.895  -20.941  62.471 0.5000000000
58017  -6.974  -21.622  62.217 0.5000000000
128828  -7.250  -22.768  62.225 0.5000000000
55382  -7.614  -23.910  61.821 0.7500000000
54497  -8.046  -25.400  60.646 0.8750000000
53561  -7.951  -26.188  59.959 0.8750000000
51670  -8.290  -27.890  59.959 1.0000000000
123251  -8.711  -27.835  60.477 1.0000000000
50806  -9.418  -29.264  60.801 0.8750000000
49936  -9.440  -29.808  60.585 0.8750000000
50002  -18.385  -30.766  51.924 0.2500000000
50001  -17.939  -30.197  52.496 0.5000000000
49024  -22.629  -31.384  50.629 0.6250000000
57118  -7.256  -22.572  61.477 0.6250000000
50901  -20.952  -29.744  48.259 0.3750000000
50028  -21.378  -30.409  49.572 0.5000000000
131246  -7.138  -22.070  59.801 0.5000000000
57125  -7.311  -22.754  59.818 0.7500000000
50890  -20.967  -29.765  49.120 0.2500000000
52570  -7.522  -27.141  57.503 1.0000000000
53575  -7.628  -27.066  58.759 1.0000000000
51675  -7.848  -28.455  59.132 1.0000000000
51672  -8.004  -27.969  59.527 1.0000000000
57133  -7.360  -22.408  59.088 0.6250000000
52581  -7.399  -27.929  55.851 1.0000000000
52575  -7.466  -28.142  56.595 1.0000000000
52569  -7.500  -27.944  57.330 1.0000000000
53648  -36.785  -25.901  49.562 0.5000000000
51700  -7.174  -28.533  55.210 0.8750000000
51694  -7.314  -28.714  56.108 0.8750000000
54590  -36.985  -25.383  48.698 0.6250000000
56286  -7.661  -24.207  55.439 0.7500000000
54601  -36.155  -25.473  46.789 0.7500000000
130487  -36.699  -24.997  47.731 0.6250000000
56291  -7.464  -24.332  53.538 0.7500000000
141215  -35.964  -25.027  46.460 0.7500000000
56298  -7.344  -23.833  52.706 0.6250000000
54614  -35.444  -25.222  45.118 0.7500000000
136931  -35.563  -24.745  45.434 0.7500000000
55456  -6.893  -24.114  50.583 0.7500000000
132980  -7.134  -24.351  49.312 0.6250000000
54605  -8.591  -25.083  46.999 0.6250000000
54613  -8.707  -25.515  45.070 0.6250000000
54619  -8.653  -24.975  44.271 0.6250000000
55506  -8.490  -25.101  43.382 0.6250000000
54629  -7.691  -25.780  41.879 0.3750000000
55515  -7.361  -24.940  41.204 0.2500000000
50832  -17.383  -29.691  56.584 0.7500000000
138220  -17.044  -28.758  54.725 0.6250000000
59778  -8.198  -20.167  63.521 0.5000000000
58844  -8.221  -21.008  63.550 0.5000000000
50852  -17.268  -29.221  53.478 0.6250000000
59777  -7.602  -19.975  63.310 0.5000000000
50851  -16.867  -28.568  53.572 0.6250000000
50862  -16.939  -28.857  52.869 0.3750000000
50863  -17.433  -29.595  51.941 0.2500000000
51723  -16.637  -28.461  52.166 0.3750000000
51750  -20.352  -28.444  49.036 0.3750000000
50880  -20.933  -29.753  49.976 0.5000000000
58850  -6.839  -20.873  61.714 0.5000000000
50009  -18.399  -30.724  51.095 0.2500000000
50872  -17.404  -29.559  51.079 0.3750000000
124507  -20.667  -29.110  48.697 0.2500000000
58856  -6.770  -20.806  60.758 0.5000000000
58029  -6.945  -21.495  60.254 0.5000000000
50026  -17.941  -30.121  49.798 0.2500000000
50877  -16.833  -28.919  50.615 0.1250000000
53669  -19.075  -26.162  47.461 0.1250000000
52665  -19.719  -26.944  47.845 0.1250000000
50887  -17.000  -29.187  49.009 0.1250000000
51758  -16.575  -28.252  48.385 0.1250000000
51759  -20.437  -28.485  48.225 0.3750000000
57145  -7.822  -23.066  57.354 0.6250000000
55460  -35.857  -24.452  50.012 0.3750000000
57149  -8.161  -22.883  55.848 0.6250000000
124610  -36.333  -24.154  48.067 0.7500000000
123453  -36.269  -24.250  49.362 0.6250000000
127239  -7.770  -23.704  55.139 0.6250000000
55480  -36.143  -24.701  46.985 0.7500000000
56307  -7.067  -23.642  51.728 0.7500000000
55498  -35.592  -24.036  45.295 0.7500000000
127817  -35.680  -23.877  46.155 0.8750000000
56312  -6.713  -23.281  51.064 0.7500000000
57155  -7.054  -23.359  52.007 0.7500000000
57229  -35.817  -23.046  44.195 0.6250000000
55461  -6.913  -24.259  49.915 0.7500000000
137070  -6.545  -23.748  49.386 0.7500000000
55474  -6.811  -23.571  47.918 0.6250000000
130650  -8.717  -24.966  45.988 0.6250000000
55485  -7.071  -23.341  47.013 0.6250000000
121523  -8.021  -23.963  46.377 0.6250000000
139269  -8.187  -25.193  42.569 0.6250000000
55509  -7.791  -24.635  41.985 0.3750000000
55514  -6.868  -24.311  40.659 0.2500000000
55521  -6.382  -24.786  40.002 0.1250000000
60652  -8.133  -19.431  63.412 0.5000000000
52603  -16.261  -27.213  52.192 0.3750000000
59783  -7.455  -19.574  63.122 0.5000000000
51733  -16.536  -28.354  51.285 0.2500000000
61533  -8.031  -18.418  62.950 0.5000000000
60658  -7.113  -19.378  62.652 0.5000000000
52636  -16.299  -27.425  50.078 0.1250000000
52637  -19.655  -27.028  49.707 0.3750000000
59786  -6.766  -19.997  62.110 0.5000000000
53654  -19.177  -26.260  48.329 0.1250000000
52650  -19.659  -27.014  48.831 0.2500000000
58034  -7.053  -21.358  59.339 0.5000000000
51749  -16.619  -28.524  49.066 0.1250000000
141183  -16.441  -27.187  48.516 0.1250000000
53653  -18.572  -25.893  47.915 0.1250000000
53667  -17.399  -26.255  47.459 0.1250000000
57134  -7.616  -22.647  58.222 0.5000000000
58037  -7.757  -21.872  57.758 0.6250000000
58041  -8.068  -22.553  56.851 0.6250000000
56333  -35.891  -23.562  49.008 0.6250000000
58078  -35.217  -22.362  50.125 0.3750000000
57152  -8.037  -22.962  54.740 0.6250000000
126144  -35.864  -24.051  46.960 0.7500000000
130145  -35.650  -22.836  48.377 0.7500000000
57189  -35.536  -22.694  49.396 0.7500000000
57151  -7.568  -23.633  54.067 0.6250000000
57157  -7.725  -22.905  53.711 0.5000000000
56360  -35.611  -23.359  45.715 0.7500000000
57206  -35.594  -22.694  46.221 0.8750000000
57196  -35.605  -22.816  47.298 0.8750000000
131789  -6.918  -23.760  51.163 0.7500000000
57156  -7.373  -23.420  52.968 0.6250000000
122217  -35.861  -22.560  43.793 0.6250000000
57218  -35.659  -22.840  45.139 0.8750000000
56318  -6.501  -23.297  50.558 0.7500000000
121587  -35.818  -22.089  43.862 0.7500000000
56323  -5.817  -22.767  49.325 0.7500000000
132042  -6.611  -23.697  48.742 0.6250000000
56329  -5.721  -22.695  48.541 0.7500000000
122199  -6.282  -22.882  47.325 0.6250000000
142580  -7.061  -23.123  46.215 0.6250000000
56364  -7.528  -23.371  44.360 0.6250000000
55501  -8.265  -24.198  43.856 0.6250000000
57201  -5.992  -22.140  46.612 0.5000000000
56371  -7.494  -23.512  43.297 0.5000000000
56385  -7.248  -23.980  41.418 0.2500000000
55520  -6.110  -24.243  39.493 0.1250000000
56391  -6.379  -23.715  40.169 0.2500000000
56406  -5.715  -23.412  38.453 0.1250000000
60664  -6.783  -19.021  61.928 0.5000000000
130610  -6.608  -20.071  61.174 0.5000000000
59789  -6.444  -19.977  60.289 0.5000000000
58866  -6.703  -20.641  59.839 0.5000000000
58035  -7.376  -21.666  58.587 0.3750000000
58043  -8.674  -21.951  55.389 0.5000000000
58082  -35.456  -21.998  48.837 0.5000000000
120295  -35.055  -21.125  50.013 0.3750000000
58047  -8.513  -22.210  54.243 0.5000000000
119237  -35.570  -22.266  47.003 0.7500000000
58087  -35.551  -22.168  47.848 0.6250000000
57169  -6.429  -22.724  50.696 0.7500000000
136728  -7.084  -23.031  52.247 0.7500000000
58104  -35.666  -22.247  45.434 0.8750000000
58093  -35.650  -21.991  46.386 0.8750000000
57179  -5.688  -22.285  49.523 0.6250000000
57180  -6.063  -22.766  49.994 0.7500000000
58971  -35.741  -21.612  44.078 0.7500000000
58113  -35.721  -21.897  44.759 0.7500000000
58072  -5.751  -21.774  49.546 0.7500000000
58125  -35.880  -21.911  43.223 0.6250000000
129516  -5.506  -21.872  49.120 0.7500000000
56337  -5.856  -22.504  47.666 0.7500000000
58079  -5.555  -21.633  48.413 0.6250000000
126553  -5.709  -21.901  47.224 0.6250000000
56363  -6.657  -22.598  44.737 0.5000000000
56370  -6.648  -22.719  43.763 0.5000000000
56376  -6.619  -22.921  42.760 0.2500000000
122579  -6.636  -23.163  41.800 0.2500000000
58083  -5.613  -21.641  47.687 0.6250000000
128077  -5.670  -21.365  47.023 0.6250000000
57211  -5.884  -21.613  45.514 0.5000000000
57222  -6.000  -22.033  44.147 0.3750000000
57233  -5.926  -22.153  43.273 0.2500000000
56384  -6.596  -23.400  40.942 0.2500000000
56390  -6.048  -23.165  39.857 0.1250000000
56402  -5.716  -23.057  38.913 0.1250000000
58099  -5.593  -21.006  45.069 0.5000000000
57221  -5.693  -21.381  44.413 0.3750000000
57232  -5.642  -21.582  43.670 0.2500000000
119267  -5.462  -21.355  42.081 0.1250000000
57251  -5.739  -21.972  41.269 0.1250000000
127193  -5.391  -21.260  40.578 0.1250000000
57269  -5.685  -22.566  38.671 0.1250000000
58118  -5.397  -21.022  43.545 0.2500000000
57243  -5.519  -21.494  42.955 0.2500000000
57257  -5.676  -22.134  40.213 0.1250000000
141406  -6.595  -19.387  61.408 0.5000000000
59800  -6.430  -19.747  59.478 0.3750000000
141191  -6.792  -20.333  59.065 0.3750000000
58875  -7.361  -20.824  58.189 0.3750000000
58923  -34.797  -20.362  50.317 0.2500000000
58039  -8.120  -21.467  57.019 0.5000000000
58938  -35.148  -20.967  49.364 0.3750000000
58931  -34.947  -20.099  49.947 0.3750000000
58895  -9.026  -20.745  55.207 0.3750000000
58943  -35.480  -21.621  47.359 0.7500000000
122216  -35.358  -21.405  48.309 0.6250000000
58937  -34.998  -20.023  49.518 0.3750000000
58060  -6.609  -22.274  50.930 0.7500000000
57164  -7.287  -22.405  52.117 0.7500000000
124811  -8.234  -22.208  53.319 0.6250000000
58092  -35.656  -21.693  45.712 0.8750000000
58949  -35.500  -21.377  46.635 0.8750000000
119680  -35.324  -20.939  47.532 0.6250000000
58068  -6.309  -22.026  50.408 0.7500000000
58056  -8.721  -21.614  52.777 0.6250000000
58970  -35.432  -21.061  44.688 0.6250000000
58957  -35.643  -21.447  45.129 0.7500000000
122311  -35.292  -20.730  46.923 0.6250000000
58073  -6.067  -21.732  49.909 0.7500000000
123792  -7.367  -20.935  50.400 0.7500000000
137523  -7.803  -21.310  51.092 0.7500000000
58956  -35.412  -20.966  45.482 0.7500000000
58925  -6.113  -21.089  49.461 0.8750000000
58924  -5.648  -21.351  48.977 0.7500000000
128787  -34.740  -20.660  44.349 0.8750000000
58932  -5.726  -21.060  48.319 0.6250000000
59877  -5.924  -20.438  47.776 0.5000000000
58944  -5.647  -20.767  46.423 0.5000000000
58963  -5.346  -19.909  44.050 0.2500000000
122010  -5.300  -20.794  42.747 0.1250000000
136028  -5.309  -20.362  41.786 0.1250000000
58151  -5.441  -21.532  39.778 0.1250000000
58166  -5.581  -21.757  38.923 0.1250000000
58977  -5.280  -20.203  43.358 0.1250000000
58143  -5.435  -21.288  41.237 0.1250000000
59810  -6.514  -19.328  58.658 0.3750000000
59816  -6.802  -19.239  57.936 0.3750000000
58888  -8.019  -20.553  56.930 0.5000000000
120240  -34.834  -19.150  50.219 0.3750000000
59886  -35.034  -19.610  49.294 0.3750000000
59876  -34.943  -19.388  49.873 0.3750000000
58942  -35.125  -20.281  47.838 0.6250000000
59894  -35.045  -19.843  48.592 0.5000000000
60766  -35.141  -18.931  49.679 0.3750000000
58062  -8.132  -21.630  51.957 0.7500000000
58905  -9.153  -21.031  52.179 0.5000000000
59893  -34.963  -19.586  48.142 0.5000000000
58916  -6.513  -21.334  50.135 0.7500000000
118872  -34.879  -20.543  45.265 0.6250000000
129239  -35.005  -20.463  46.228 0.6250000000
58948  -34.964  -20.013  47.258 0.5000000000
59869  -6.629  -20.335  48.927 0.7500000000
58984  -34.617  -20.773  43.427 0.8750000000
120211  -33.793  -20.389  44.005 0.8750000000
59887  -5.772  -20.086  46.661 0.5000000000
58952  -5.460  -20.318  44.797 0.5000000000
59901  -5.421  -19.622  44.643 0.2500000000
58990  -5.268  -20.104  42.499 0.1250000000
59947  -5.354  -20.306  41.159 0.1250000000
134271  -5.548  -20.141  40.416 0.1250000000
128507  -5.998  -20.546  38.806 0.1250000000
58167  -5.921  -21.200  38.484 0.1250000000
59049  -6.533  -20.790  38.166 0.1250000000
59050  -7.298  -20.467  38.019 0.1250000000
61648  -35.150  -17.620  50.682 0.2500000000
60758  -35.151  -18.584  49.996 0.3750000000
59885  -35.091  -19.214  48.925 0.3750000000
59892  -34.650  -19.141  47.552 0.3750000000
60765  -35.293  -18.415  49.058 0.3750000000
58917  -8.496  -20.617  50.627 0.7500000000
58910  -8.859  -20.910  51.377 0.5000000000
59906  -34.256  -19.900  45.773 0.5000000000
59900  -34.477  -19.566  46.679 0.5000000000
59870  -7.601  -19.961  49.162 0.5000000000
58969  -33.988  -20.192  44.908 0.6250000000
60790  -33.834  -19.043  46.118 0.5000000000
60783  -34.179  -18.621  46.901 0.5000000000
59879  -7.200  -19.697  48.370 0.5000000000
59878  -6.375  -20.043  48.093 0.6250000000
59888  -6.154  -19.674  47.201 0.5000000000
60789  -33.309  -18.518  45.513 0.6250000000
138830  -5.687  -19.503  45.788 0.5000000000
133042  -5.510  -19.373  45.159 0.5000000000
133733  -5.373  -19.314  44.062 0.2500000000
59921  -5.374  -19.352  42.549 0.1250000000
59948  -5.703  -19.767  41.071 0.1250000000
60776  -6.307  -18.437  45.784 0.2500000000
60784  -5.465  -18.875  44.558 0.2500000000
60792  -5.595  -18.235  44.112 0.2500000000
60799  -5.382  -18.883  43.151 0.1250000000
59922  -5.808  -19.120  41.893 0.1250000000
59021  -6.183  -19.733  40.092 0.1250000000
142704  -6.669  -20.358  38.534 0.1250000000
59051  -8.247  -20.237  38.052 0.1250000000
61655  -35.558  -17.300  50.284 0.3750000000
61667  -35.454  -18.158  49.712 0.3750000000
59852  -9.863  -19.806  52.022 0.5000000000
61666  -35.592  -17.570  48.972 0.3750000000
59862  -9.126  -19.950  50.152 0.6250000000
58918  -9.420  -20.228  50.896 0.5000000000
61675  -35.025  -17.702  48.224 0.3750000000
60773  -34.557  -18.196  47.601 0.5000000000
61674  -34.631  -17.420  47.411 0.2500000000
59880  -8.267  -19.379  48.608 0.3750000000
60782  -33.737  -18.125  46.268 0.5000000000
59889  -6.862  -19.388  47.552 0.5000000000
61690  -33.504  -17.479  45.539 0.6250000000
61681  -33.955  -17.355  46.291 0.5000000000
60767  -6.559  -18.995  46.705 0.3750000000
61691  -6.130  -17.694  44.419 0.2500000000
136983  -5.563  -18.748  42.661 0.1250000000
61697  -32.866  -17.951  44.799 0.7500000000
121471  -5.542  -18.379  43.525 0.1250000000
59949  -7.379  -19.563  40.341 0.1250000000
59036  -7.464  -20.071  38.813 0.1250000000
61696  -32.456  -17.830  44.019 0.6250000000
133151  -33.302  -17.208  44.752 0.6250000000
127981  -7.001  -18.822  41.719 0.1250000000
59932  -7.876  -19.330  41.119 0.1250000000
59950  -8.574  -19.616  40.481 0.1250000000
59037  -8.708  -19.995  38.970 0.1250000000
61712  -32.148  -17.693  43.215 0.8750000000
59951  -9.454  -19.624  40.489 0.1250000000
120316  -9.147  -19.803  39.830 0.1250000000
119309  -31.929  -17.483  42.286 0.7500000000
61721  -31.822  -17.224  41.340 0.5000000000
61661  -35.483  -17.814  50.054 0.3750000000
58911  -9.529  -20.340  51.670 0.5000000000
123140  -35.848  -17.284  49.577 0.3750000000
131278  -35.936  -17.008  50.010 0.3750000000
59863  -9.765  -19.576  50.518 0.2500000000
62553  -35.446  -16.979  48.266 0.2500000000
59872  -9.753  -19.138  49.750 0.3750000000
59871  -8.748  -19.650  49.372 0.5000000000
60753  -9.325  -19.017  48.835 0.3750000000
60760  -8.873  -18.840  48.079 0.3750000000
62561  -34.549  -16.918  46.726 0.5000000000
60770  -9.318  -18.268  47.634 0.3750000000
60769  -8.451  -18.581  47.399 0.3750000000
136708  -8.930  -18.124  47.050 0.2500000000
60768  -7.465  -18.791  47.098 0.2500000000
62579  -34.205  -16.796  45.809 0.6250000000
61668  -9.559  -17.678  47.184 0.2500000000
126998  -7.908  -17.851  46.004 0.2500000000
60777  -7.196  -18.388  46.334 0.2500000000
139966  -6.616  -17.763  43.159 0.1250000000
60806  -6.227  -18.385  42.476 0.1250000000
62578  -33.899  -16.749  44.971 0.6250000000
63503  -39.887  -14.700  45.783 0.5000000000
64425  -40.270  -14.394  45.439 0.5000000000
64418  -40.290  -13.781  45.809 0.2500000000
65306  -40.599  -13.360  45.258 0.2500000000
61683  -6.511  -17.687  45.152 0.2500000000
61692  -6.966  -17.300  44.648 0.1250000000
122771  -7.490  -17.338  43.635 0.1250000000
60807  -7.532  -18.185  42.411 0.1250000000
60814  -8.312  -18.833  41.702 0.1250000000
61704  -32.830  -17.135  43.593 0.7500000000
62594  -38.651  -16.392  44.167 0.5000000000
63511  -39.711  -15.305  45.235 0.5000000000
63512  -40.231  -14.897  45.211 0.5000000000
63513  -40.725  -14.699  44.842 0.5000000000
64426  -40.757  -14.103  45.036 0.3750000000
64427  -41.171  -13.795  44.505 0.3750000000
62597  -7.581  -17.108  44.269 0.1250000000
61700  -8.340  -17.336  43.267 0.1250000000
61713  -32.686  -16.946  42.713 0.8750000000
62595  -39.384  -16.269  44.057 0.6250000000
63520  -39.785  -15.799  44.579 0.5000000000
63521  -40.390  -15.378  44.599 0.5000000000
64433  -41.233  -14.371  44.393 0.3750000000
62598  -8.280  -16.921  43.898 0.1250000000
61722  -32.557  -16.802  41.798 0.7500000000
119838  -33.613  -16.599  42.088 0.8750000000
62625  -38.292  -17.034  42.640 0.6250000000
63526  -40.846  -15.742  43.840 0.5000000000
63522  -41.156  -15.057  44.251 0.3750000000
133055  -33.226  -16.587  41.307 0.8750000000
121621  -34.117  -16.594  41.156 0.8750000000
119129  -36.251  -16.902  42.184 0.6250000000
119128  -37.025  -17.122  41.949 0.5000000000
119127  -37.831  -17.175  41.798 0.5000000000
119126  -35.082  -16.723  40.997 0.8750000000
136355  -35.826  -16.943  40.934 0.8750000000
63491  -36.520  -15.921  48.270 0.2500000000
62554  -35.967  -16.714  48.708 0.3750000000
62563  -35.811  -16.323  47.706 0.2500000000
62568  -35.338  -16.389  46.861 0.3750000000
65295  -40.420  -13.161  47.358 0.3750000000
65287  -40.410  -12.951  48.158 0.2500000000
66200  -40.650  -12.457  47.468 0.2500000000
62580  -34.989  -16.422  46.020 0.6250000000
64416  -39.681  -14.493  46.574 0.3750000000
64410  -39.605  -14.380  47.422 0.3750000000
66210  -40.421  -12.584  46.005 0.2500000000
130994  -34.725  -16.509  45.164 0.5000000000
64411  -40.010  -13.856  47.028 0.3750000000
65301  -40.207  -13.407  46.659 0.2500000000
65296  -40.506  -12.743  46.865 0.2500000000
65302  -40.301  -13.149  46.192 0.2500000000
62605  -33.599  -16.808  44.090 0.6250000000
62590  -34.481  -16.560  44.360 0.6250000000
63510  -38.912  -15.587  45.551 0.5000000000
63502  -39.386  -15.052  46.090 0.5000000000
64417  -40.026  -14.111  46.223 0.5000000000
66220  -40.753  -12.745  44.957 0.2500000000
61677  -8.928  -17.651  46.431 0.2500000000
61685  -8.471  -17.333  45.700 0.2500000000
61684  -7.541  -17.343  45.293 0.2500000000
62606  -34.398  -16.581  43.557 0.6250000000
122993  -35.044  -16.511  43.887 0.6250000000
137849  -35.818  -16.540  43.827 0.5000000000
138867  -36.126  -16.405  44.558 0.5000000000
62582  -37.563  -16.192  44.927 0.5000000000
63519  -39.196  -15.916  44.790 0.5000000000
62571  -8.456  -16.872  45.161 0.1250000000
62570  -7.771  -17.014  44.770 0.1250000000
62584  -8.518  -16.740  44.504 0.1250000000
62621  -33.578  -16.693  43.124 0.7500000000
62622  -34.508  -16.601  42.693 0.6250000000
62607  -35.216  -16.609  43.221 0.7500000000
62608  -36.587  -16.649  43.599 0.5000000000
62609  -37.361  -16.719  43.585 0.5000000000
64440  -41.669  -14.655  43.829 0.3750000000
128057  -8.924  -16.571  44.018 0.1250000000
62623  -35.420  -16.683  42.408 0.7500000000
119130  -36.049  -16.708  42.999 0.5000000000
62624  -36.929  -16.892  42.815 0.5000000000
62610  -38.126  -16.760  43.514 0.5000000000
125699  -38.882  -16.729  43.389 0.6250000000
63527  -41.543  -15.362  43.608 0.3750000000
119295  -34.753  -16.607  41.813 0.7500000000
135919  -37.546  -17.071  42.436 0.5000000000
62628  -41.368  -16.240  42.446 0.3750000000
64409  -38.953  -14.819  47.844 0.3750000000
64403  -39.478  -14.270  48.300 0.3750000000
65294  -40.080  -13.739  47.851 0.2500000000
67118  -40.492  -11.804  47.332 0.2500000000
123109  -35.914  -16.170  46.116 0.3750000000
63500  -37.635  -15.603  46.814 0.3750000000
63493  -38.349  -15.265  47.351 0.3750000000
66209  -40.616  -12.213  46.838 0.2500000000
62591  -35.299  -16.449  44.507 0.5000000000
119249  -35.616  -16.337  45.284 0.5000000000
63508  -36.828  -15.922  46.351 0.3750000000
63494  -39.204  -14.999  46.988 0.3750000000
67133  -40.490  -12.066  46.189 0.1250000000
67155  -40.979  -12.345  44.545 0.2500000000
63509  -37.844  -15.876  45.779 0.5000000000
63501  -38.617  -15.411  46.432 0.5000000000
65313  -41.053  -13.280  44.553 0.2500000000
62564  -9.402  -16.867  45.848 0.2500000000
62581  -36.705  -16.181  45.341 0.5000000000
65314  -41.494  -13.533  44.015 0.1250000000
64441  -42.013  -14.425  43.365 0.2500000000
64434  -41.633  -14.072  43.909 0.2500000000
63528  -42.027  -14.986  43.367 0.2500000000
63534  -41.904  -15.639  43.007 0.2500000000
64395  -39.287  -14.087  49.146 0.3750000000
65286  -39.894  -13.546  48.712 0.3750000000
66191  -39.984  -12.653  48.957 0.2500000000
66199  -40.301  -12.006  48.253 0.2500000000
64402  -38.754  -14.650  48.707 0.3750000000
67132  -40.447  -11.746  46.629 0.1250000000
67145  -40.637  -12.186  45.383 0.1250000000
66231  -41.277  -12.924  44.235 0.1250000000
66241  -41.785  -13.210  43.517 0.1250000000
65320  -41.921  -13.895  43.434 0.1250000000
65327  -42.248  -13.801  42.825 0.1250000000
64447  -42.326  -14.341  42.811 0.1250000000
141063  -40.323  -16.786  41.262 0.6250000000
62638  -41.481  -16.424  41.674 0.6250000000
62629  -42.127  -15.863  42.269 0.5000000000
135092  -40.817  -16.721  41.090 0.6250000000
62649  -41.615  -16.614  40.858 0.6250000000
67117  -40.046  -11.403  47.760 0.1250000000
141150  -40.193  -11.366  46.284 0.1250000000
67144  -40.434  -11.707  45.702 0.1250000000
67154  -40.801  -11.900  44.809 0.1250000000
63535  -42.374  -15.030  42.759 0.2500000000
62639  -42.320  -16.146  41.471 0.5000000000
63541  -42.683  -15.416  41.859 0.2500000000
119537  -40.804  -16.873  40.189 0.6250000000
141373  -40.068  -17.099  38.903 0.6250000000
130764  -40.327  -17.046  39.374 0.6250000000
63536  -42.739  -14.765  42.019 0.2500000000
62640  -43.053  -15.823  41.109 0.2500000000
63542  -43.292  -15.164  41.269 0.2500000000
62667  -41.749  -16.714  39.983 0.6250000000
62650  -42.501  -16.413  40.656 0.5000000000
62682  -40.517  -16.978  38.703 0.6250000000
118558  -41.080  -16.873  39.296 0.6250000000
61747  -40.549  -16.915  37.831 0.6250000000
61741  -41.270  -16.852  38.460 0.6250000000
62668  -42.641  -16.610  39.783 0.6250000000
121711  -40.875  -16.916  36.992 0.6250000000
61748  -41.508  -16.850  37.583 0.6250000000
62651  -43.332  -16.232  40.381 0.2500000000
63543  -44.054  -14.960  40.755 0.2500000000
62683  -41.930  -16.778  39.111 0.5000000000
61755  -40.113  -16.987  36.572 0.5000000000
119131  -41.013  -17.052  36.131 0.6250000000
119054  -40.991  -17.284  35.268 0.7500000000
61774  -41.563  -17.144  34.868 0.6250000000
63548  -43.786  -15.600  40.669 0.2500000000
62669  -43.517  -16.514  39.562 0.5000000000
61742  -42.154  -16.794  38.239 0.6250000000
62684  -42.818  -16.723  38.904 0.5000000000
61749  -42.418  -16.840  37.364 0.6250000000
61756  -41.821  -16.957  36.606 0.7500000000
61761  -41.704  -17.080  35.686 0.6250000000
123383  -41.433  -17.124  34.061 0.7500000000
61775  -41.878  -16.826  34.714 0.7500000000
62747  -41.379  -16.902  33.373 0.8750000000
63549  -44.610  -15.424  40.376 0.2500000000
62652  -44.165  -16.096  40.118 0.3750000000
62685  -43.664  -16.652  38.678 0.3750000000
125940  -42.631  -16.825  36.636 0.5000000000
61750  -43.171  -16.784  37.225 0.6250000000
61743  -43.025  -16.790  38.024 0.6250000000
143031  -42.260  -16.933  36.047 0.6250000000
61763  -42.724  -16.680  36.055 0.5000000000
62720  -42.378  -16.560  35.326 0.5000000000
61786  -41.710  -16.791  34.130 0.7500000000
62748  -41.711  -16.410  33.974 0.8750000000
63601  -41.644  -15.533  33.865 0.6250000000
63610  -41.165  -15.220  33.146 0.7500000000
64533  -41.552  -14.335  33.720 0.7500000000
64547  -40.991  -14.303  32.997 0.7500000000
61757  -43.156  -16.669  36.667 0.5000000000
127740  -43.745  -16.668  37.818 0.5000000000
62710  -43.385  -16.418  36.464 0.5000000000
62734  -42.076  -16.510  34.631 0.7500000000
62735  -42.579  -16.074  35.186 0.5000000000
62721  -43.007  -16.263  35.840 0.5000000000
63593  -42.147  -15.873  34.534 0.6250000000
63602  -42.107  -14.821  34.451 0.6250000000
64534  -42.083  -13.871  34.328 0.6250000000
65416  -41.383  -13.329  33.079 0.7500000000
65406  -41.858  -13.365  33.858 0.6250000000
66364  -41.222  -12.888  32.123 0.7500000000
66365  -41.867  -12.343  32.674 0.6250000000
63587  -43.174  -15.599  35.708 0.5000000000
64523  -42.637  -13.990  34.994 0.5000000000
63594  -42.646  -15.190  35.099 0.5000000000
65407  -42.489  -12.988  34.383 0.5000000000
65396  -42.976  -13.050  35.063 0.3750000000
66356  -42.138  -12.612  33.532 0.6250000000
66373  -41.767  -12.115  31.782 0.7500000000
66366  -42.656  -11.938  33.056 0.7500000000
67297  -42.493  -11.693  32.182 0.7500000000
66351  -43.218  -12.351  34.661 0.5000000000
67291  -43.463  -11.645  33.337 0.6250000000
66358  -43.706  -11.819  34.128 0.2500000000
67287  -44.513  -11.585  34.348 0.1250000000
67298  -43.264  -11.433  32.512 0.6250000000
67292  -44.284  -11.381  33.561 0.2500000000
67304  -43.191  -11.208  31.598 0.6250000000
67305  -43.836  -11.070  32.071 0.5000000000
67299  -44.055  -11.198  32.764 0.3750000000
68115  -44.074  -10.820  31.369 0.3750000000
68109  -44.642  -10.737  32.104 0.3750000000
68116  -45.559  -10.036  31.132 0.3750000000
68117  -46.039  -9.892  31.774 0.3750000000
68098  -45.901  -10.982  34.042 0.1250000000
68103  -44.860  -10.911  33.019 0.2500000000
68104  -45.663  -10.719  33.315 0.1250000000
68105  -46.449  -10.538  33.560 0.1250000000
68112  -46.964  -10.016  32.949 0.1250000000
68110  -45.571  -10.431  32.479 0.3750000000
119558  -46.185  -10.337  32.952 0.2500000000
68111  -46.318  -10.043  32.450 0.1250000000
68895  -47.596  -9.354  32.540 0.1250000000
69691  -48.044  -8.691  32.212 0.1250000000
68902  -47.267  -8.972  31.846 0.2500000000
69698  -48.391  -8.022  31.958 0.2500000000
70594  -49.181  -7.700  32.337 0.1250000000
68896  -48.497  -9.104  32.881 0.1250000000
69692  -48.884  -8.403  32.561 0.1250000000
70600  -49.522  -6.927  32.219 0.1250000000
69687  -49.412  -8.765  33.255 0.1250000000
70595  -49.898  -7.471  32.705 0.1250000000
70596  -50.376  -6.929  32.924 0.1250000000
71487  -50.160  -6.249  32.521 0.1250000000
71480  -50.672  -6.254  33.295 0.1250000000
72360  -50.490  -5.593  32.831 0.1250000000
72375  -49.991  -5.567  32.188 0.1250000000
74116  -50.158  -3.900  33.551 0.1250000000
73226  -50.439  -4.735  33.505 0.1250000000
72345  -50.634  -5.530  33.495 0.1250000000
55389  -7.537  -24.862  59.132 0.8750000000
54507  -7.585  -25.636  58.825 0.8750000000
50811  -8.843  -29.489  60.159 1.0000000000
53566  -7.772  -26.755  59.325 0.8750000000
122609  -7.549  -26.172  58.302 1.0000000000
48920  -10.183  -30.413  60.894 1.0000000000
52556  -8.058  -27.154  59.816 1.0000000000
52558  -7.743  -27.645  59.084 1.0000000000
48909  -10.243  -30.249  62.011 1.0000000000
136174  -9.709  -30.304  60.304 1.0000000000
50814  -7.958  -29.169  59.227 1.0000000000
48938  -8.715  -30.797  57.282 1.0000000000
49950  -7.991  -30.180  58.708 1.0000000000
49957  -7.688  -30.313  57.712 1.0000000000
49949  -7.540  -29.945  58.218 1.0000000000
49941  -8.794  -29.837  59.954 0.8750000000
39700  -5.951  -41.114  57.429 0.1250000000
40646  -6.238  -40.809  57.871 0.1250000000
118958  -5.588  -41.076  56.061 0.1250000000
39713  -5.679  -41.675  55.257 0.1250000000
40681  -5.405  -40.680  55.198 0.1250000000
39720  -5.412  -41.134  54.379 0.1250000000
41635  -4.957  -39.136  52.871 0.1250000000
131561  -4.985  -40.329  51.906 0.1250000000
42570  -5.023  -38.424  51.590 0.2500000000
42571  -4.879  -38.990  51.103 0.3750000000
43479  -5.262  -37.306  50.015 0.3750000000
132144  -10.528  -42.289  51.624 0.1250000000
126632  -10.673  -43.007  51.606 0.1250000000
44434  -6.098  -36.501  47.605 0.3750000000
45379  -8.258  -35.504  48.690 0.5000000000
45406  -8.029  -35.630  46.693 0.5000000000
120275  -6.257  -39.966  57.664 0.1250000000
120470  -6.950  -40.567  58.293 0.1250000000
41607  -5.291  -39.380  55.709 0.1250000000
140884  -5.238  -39.891  55.197 0.1250000000
42548  -5.156  -38.439  53.427 0.2500000000
39722  -10.486  -41.300  54.441 0.1250000000
127982  -10.623  -41.439  53.739 0.1250000000
44379  -5.620  -37.014  51.430 0.3750000000
45351  -5.724  -36.688  50.737 0.3750000000
39739  -10.546  -41.715  52.080 0.1250000000
39749  -10.570  -41.719  51.242 0.1250000000
45366  -7.510  -35.670  49.340 0.5000000000
38834  -11.030  -41.969  49.668 0.1250000000
122595  -7.708  -35.937  45.840 0.5000000000
46279  -9.784  -34.752  47.310 0.6250000000
47170  -10.372  -33.856  46.020 0.6250000000
45422  -7.931  -36.169  44.867 0.3750000000
45434  -8.360  -36.260  43.982 0.3750000000
41593  -12.517  -40.048  57.156 0.2500000000
137005  -6.015  -39.185  56.996 0.1250000000
40642  -6.863  -39.918  58.037 0.1250000000
40656  -8.480  -40.822  58.017 0.1250000000
40645  -8.750  -39.704  58.798 0.2500000000
40650  -9.850  -40.271  58.261 0.2500000000
40657  -9.238  -40.639  57.649 0.2500000000
39706  -8.860  -41.127  57.247 0.2500000000
121325  -5.849  -39.119  56.774 0.1250000000
40668  -11.272  -40.409  56.366 0.2500000000
40675  -9.893  -40.957  56.010 0.1250000000
42533  -5.434  -37.940  54.954 0.3750000000
44356  -5.685  -37.129  52.829 0.3750000000
44352  -6.215  -35.999  53.633 0.5000000000
45325  -6.196  -36.015  52.899 0.6250000000
129765  -11.262  -40.699  53.093 0.1250000000
45340  -6.420  -35.991  51.610 0.5000000000
40701  -11.239  -40.532  52.274 0.1250000000
45353  -7.859  -35.593  50.143 0.5000000000
45367  -8.540  -35.463  49.491 0.5000000000
46268  -9.309  -35.226  48.904 0.5000000000
46270  -10.457  -34.236  48.641 0.7500000000
47144  -10.718  -33.289  48.170 0.7500000000
134202  -10.616  -32.430  47.063 0.7500000000
48096  -10.436  -32.274  45.783 0.6250000000
47197  -10.407  -32.611  45.023 0.6250000000
45436  -9.767  -35.190  44.104 0.5000000000
42509  -15.247  -38.684  60.764 0.7500000000
41576  -9.759  -39.054  60.177 0.5000000000
41565  -9.341  -38.419  60.299 0.6250000000
41564  -8.878  -38.520  59.615 0.3750000000
138037  -9.912  -39.573  59.551 0.5000000000
42511  -7.259  -38.377  57.973 0.2500000000
42526  -5.947  -38.518  56.535 0.2500000000
43413  -6.827  -38.071  57.349 0.6250000000
43417  -6.599  -37.366  56.799 0.5000000000
43421  -6.045  -37.768  56.296 0.3750000000
43426  -5.744  -37.446  55.494 0.3750000000
45304  -6.882  -36.539  56.965 0.7500000000
44351  -5.805  -36.532  54.162 0.5000000000
45311  -6.350  -36.289  55.494 0.6250000000
45327  -7.741  -35.517  53.192 0.6250000000
45334  -6.583  -35.808  52.341 0.3750000000
121176  -7.136  -35.674  51.783 0.5000000000
45336  -8.503  -35.470  52.488 0.5000000000
48070  -10.677  -32.408  47.752 0.7500000000
49078  -10.079  -31.201  46.664 0.6250000000
42497  -12.629  -38.021  62.461 0.8750000000
44326  -10.009  -36.889  61.167 0.8750000000
44325  -10.067  -36.439  60.478 0.8750000000
140182  -8.712  -37.091  59.781 0.7500000000
45297  -7.401  -36.238  57.484 0.8750000000
140845  -8.565  -35.563  56.265 0.6250000000
45314  -9.277  -35.509  55.917 0.6250000000
46249  -10.203  -35.050  52.040 0.5000000000
49022  -10.646  -31.319  49.824 0.7500000000
49050  -10.098  -30.968  48.421 0.6250000000
48120  -9.823  -32.499  43.533 0.6250000000
43395  -12.760  -37.545  62.584 1.0000000000
43390  -13.180  -37.207  62.726 1.0000000000
133755  -13.840  -36.940  62.922 1.0000000000
136521  -10.615  -37.673  61.557 0.8750000000
44314  -10.845  -37.322  61.750 1.0000000000
45268  -14.055  -35.628  62.313 1.0000000000
42500  -9.400  -37.813  60.747 0.7500000000
45281  -11.207  -35.956  60.531 0.8750000000
142858  -12.876  -35.346  61.532 1.0000000000
45295  -18.993  -35.799  59.461 1.0000000000
44332  -9.598  -36.073  59.658 0.8750000000
45294  -11.207  -35.460  58.874 0.8750000000
46226  -12.757  -34.825  60.533 1.0000000000
43420  -17.994  -36.735  57.855 0.7500000000
143427  -7.802  -36.182  58.232 0.7500000000
119542  -9.660  -35.585  58.368 0.8750000000
45300  -10.374  -35.431  57.522 0.7500000000
46244  -10.914  -34.730  53.329 0.5000000000
46248  -10.973  -34.535  52.387 0.7500000000
46257  -10.842  -34.368  50.614 0.6250000000
49011  -9.800  -30.847  51.201 0.7500000000
49106  -7.494  -31.445  44.271 0.6250000000
143175  -8.544  -32.381  42.399 0.5000000000
48133  -8.911  -32.740  41.856 0.5000000000
45274  -12.875  -36.205  62.004 1.0000000000
128794  -13.634  -35.225  61.964 1.0000000000
47068  -13.289  -33.427  61.924 1.0000000000
46231  -12.075  -35.128  58.328 1.0000000000
47074  -13.035  -33.931  59.713 1.0000000000
141934  -12.503  -32.537  61.209 1.0000000000
125409  -18.560  -36.355  58.145 0.7500000000
47076  -12.969  -33.689  58.500 1.0000000000
47979  -12.910  -32.761  59.090 1.0000000000
121320  -12.272  -31.804  56.922 1.0000000000
127503  -11.938  -33.739  54.545 1.0000000000
47089  -11.800  -33.004  53.143 0.8750000000
132641  -11.620  -32.289  52.673 0.7500000000
49090  -5.741  -30.401  44.545 0.6250000000
49063  -6.548  -31.062  47.115 0.6250000000
46213  -15.268  -34.308  62.893 1.0000000000
45265  -16.056  -34.954  63.713 1.0000000000
45272  -18.086  -34.935  63.321 1.0000000000
47065  -14.079  -33.439  62.355 1.0000000000
118643  -13.046  -32.410  62.243 1.0000000000
45284  -19.095  -35.036  60.625 1.0000000000
47972  -12.028  -31.982  61.992 1.0000000000
47075  -19.059  -33.344  59.099 1.0000000000
46237  -12.110  -34.629  56.809 0.8750000000
48927  -11.490  -31.006  59.880 1.0000000000
128058  -19.212  -34.753  57.842 0.8750000000
47083  -12.336  -33.234  55.325 1.0000000000
125021  -11.992  -31.537  56.026 1.0000000000
48976  -11.290  -31.339  53.819 0.7500000000
133105  -10.596  -31.060  52.542 0.7500000000
119291  -9.638  -30.900  52.186 0.7500000000
121639  -9.949  -30.910  52.942 0.7500000000
119140  -8.012  -31.226  50.858 0.7500000000
50054  -5.290  -29.871  46.499 0.6250000000
47061  -15.614  -33.562  63.403 1.0000000000
47967  -13.127  -31.984  62.477 1.0000000000
47966  -12.550  -31.704  62.356 1.0000000000
47079  -18.367  -33.306  57.030 0.7500000000
139536  -11.577  -31.426  61.617 1.0000000000
48962  -10.012  -30.843  55.876 0.8750000000
119143  -9.071  -31.099  53.033 0.7500000000
119144  -7.989  -31.368  53.250 0.7500000000
49008  -6.805  -31.102  51.979 0.7500000000
51747  -5.550  -29.213  49.146 0.7500000000
51782  -5.454  -28.712  45.658 0.6250000000
50923  -5.502  -29.492  44.934 0.6250000000
51790  -5.469  -29.204  44.477 0.6250000000
125182  -15.367  -32.760  63.511 1.0000000000
47961  -13.517  -31.902  62.666 1.0000000000
48907  -12.029  -31.117  62.392 1.0000000000
48906  -11.246  -30.618  62.323 1.0000000000
47985  -18.181  -32.711  58.102 0.8750000000
48921  -11.100  -30.887  60.874 1.0000000000
48031  -31.902  -32.921  52.154 0.7500000000
48939  -9.618  -30.797  57.266 1.0000000000
48950  -8.912  -30.993  55.835 0.8750000000
138086  -7.959  -31.013  55.760 0.8750000000
48972  -7.583  -31.102  54.953 0.8750000000
48973  -8.272  -31.300  54.491 0.8750000000
120159  -7.678  -31.344  54.079 0.8750000000
48997  -6.829  -30.948  52.875 0.7500000000
52602  -7.353  -26.748  52.228 0.8750000000
128008  -7.430  -25.895  51.830 0.8750000000
138303  -7.379  -25.211  51.451 0.8750000000
52622  -7.364  -26.958  50.781 0.8750000000
53624  -7.477  -25.931  51.175 0.8750000000
133534  -7.457  -27.329  49.426 0.8750000000
53632  -7.547  -26.006  50.612 0.7500000000
51748  -6.210  -28.806  49.643 0.7500000000
140891  -7.741  -27.175  48.779 0.7500000000
50876  -5.889  -29.679  50.295 0.7500000000
129407  -5.118  -29.533  48.775 0.7500000000
50095  -5.557  -30.323  41.609 0.3750000000
49147  -5.780  -30.765  41.185 0.2500000000
132708  -17.949  -32.046  63.633 1.0000000000
47965  -16.651  -32.298  64.463 1.0000000000
48902  -14.938  -31.528  63.718 1.0000000000
48901  -13.647  -31.493  62.893 1.0000000000
49922  -12.979  -30.841  62.792 1.0000000000
47987  -18.057  -32.658  57.172 0.6250000000
48964  -18.254  -31.557  56.132 0.7500000000
128004  -18.150  -32.364  56.291 0.7500000000
136205  -29.639  -33.167  53.149 0.7500000000
48925  -9.596  -30.418  59.656 1.0000000000
136898  -9.321  -30.508  59.019 1.0000000000
48932  -9.301  -30.709  58.151 1.0000000000
49967  -7.530  -30.403  56.828 0.8750000000
54527  -7.526  -25.606  54.809 0.8750000000
55429  -7.439  -24.410  52.948 0.8750000000
55440  -7.242  -24.194  51.831 0.7500000000
51731  -6.254  -29.318  50.649 0.7500000000
54582  -7.567  -25.207  49.786 0.7500000000
52673  -6.668  -27.718  46.097 0.7500000000
52682  -6.483  -27.875  45.128 0.6250000000
125470  -5.756  -28.511  44.823 0.6250000000
123926  -5.665  -28.729  43.650 0.6250000000
49916  -13.383  -30.246  63.215 1.0000000000
48928  -17.683  -31.470  59.269 0.8750000000
49921  -12.056  -30.347  62.618 1.0000000000
49929  -11.537  -30.516  62.425 1.0000000000
49959  -17.735  -30.914  57.305 0.6250000000
48942  -17.805  -31.527  57.609 0.7500000000
49934  -10.535  -30.181  62.326 1.0000000000
49976  -17.879  -29.971  55.250 0.7500000000
47102  -28.317  -33.131  52.094 0.5000000000
49982  -6.624  -29.939  54.483 0.8750000000
49952  -17.570  -30.932  58.152 0.8750000000
50788  -14.325  -29.356  63.854 0.7500000000
50786  -12.582  -29.318  63.178 1.0000000000
51652  -12.183  -28.640  63.226 0.7500000000
49920  -11.138  -29.845  62.586 1.0000000000
49927  -10.391  -29.892  62.314 0.8750000000
50790  -10.843  -29.075  62.691 0.8750000000
51657  -10.371  -28.725  62.474 0.8750000000
132545  -24.309  -31.822  50.344 0.7500000000
48038  -24.076  -31.687  51.222 0.7500000000
123493  -25.183  -31.939  50.127 0.7500000000
48030  -26.403  -32.262  51.409 0.7500000000
48021  -26.311  -32.204  52.305 0.7500000000
47100  -27.002  -32.554  51.973 0.6250000000
54498  -7.733  -24.875  60.399 0.8750000000
50802  -10.241  -29.695  62.126 0.8750000000
48919  -9.567  -30.087  60.774 0.8750000000
132602  -10.054  -29.420  61.928 0.8750000000
50801  -9.648  -28.739  61.477 0.8750000000
140478  -22.987  -31.788  49.934 0.6250000000
56249  -7.429  -23.294  61.653 0.7500000000
53576  -7.623  -26.407  58.826 1.0000000000
53562  -7.783  -25.545  60.022 0.8750000000
49947  -8.854  -30.085  59.768 0.8750000000
48060  -23.822  -31.958  48.856 0.5000000000
50810  -8.278  -28.838  59.864 1.0000000000
49945  -7.913  -29.759  58.993 1.0000000000
53587  -7.503  -26.471  56.186 1.0000000000
51680  -7.493  -28.584  57.921 1.0000000000
133123  -7.634  -28.277  58.619 1.0000000000
50817  -7.633  -29.469  58.509 1.0000000000
49955  -7.375  -29.785  56.894 1.0000000000
49965  -7.132  -29.842  55.917 0.8750000000
50831  -7.310  -29.350  56.470 0.8750000000
57148  -7.833  -23.606  56.283 0.7500000000
53687  -8.595  -26.166  46.161 0.6250000000
53702  -7.395  -26.810  42.554 0.3750000000
56243  -8.412  -23.192  63.349 0.6250000000
135711  -9.231  -22.727  63.638 0.6250000000
55376  -8.656  -23.816  63.308 0.6250000000
54489  -8.952  -25.012  62.984 0.6250000000
50787  -13.649  -29.430  63.571 0.8750000000
51653  -13.065  -28.658  63.570 0.7500000000
121590  -7.365  -23.146  62.740 0.6250000000
139865  -7.601  -23.604  62.693 0.6250000000
54488  -8.438  -24.636  62.759 0.6250000000
53551  -8.823  -25.405  62.483 0.6250000000
52546  -9.361  -26.999  62.028 0.7500000000
139960  -17.506  -29.471  54.050 0.6250000000
51702  -17.101  -28.831  55.459 0.7500000000
58012  -6.934  -21.616  62.655 0.5000000000
57113  -7.048  -22.264  62.559 0.5000000000
56246  -7.391  -23.324  62.234 0.7500000000
55379  -7.640  -23.957  62.231 0.7500000000
53550  -8.385  -24.936  62.271 0.7500000000
53559  -8.527  -25.734  61.310 0.8750000000
53554  -8.176  -25.020  61.352 0.7500000000
52550  -8.902  -26.400  61.515 0.8750000000
53556  -8.915  -26.036  62.053 0.6250000000
52554  -8.746  -26.804  60.863 1.0000000000
51668  -9.352  -28.479  61.026 1.0000000000
51664  -10.029  -27.765  62.486 0.8750000000
58022  -7.020  -21.706  61.330 0.5000000000
53558  -8.329  -26.279  60.546 0.8750000000
52553  -8.425  -27.201  60.319 0.8750000000
140691  -9.036  -28.160  60.738 1.0000000000
48918  -9.200  -30.129  60.113 1.0000000000
129620  -17.393  -29.493  52.755 0.3750000000
50018  -21.890  -30.984  50.073 0.5000000000
52563  -7.546  -26.804  58.222 1.0000000000
54609  -35.665  -25.276  46.001 0.7500000000
55475  -7.460  -24.355  48.510 0.6250000000
55486  -7.820  -24.211  47.552 0.6250000000
55494  -8.393  -24.242  45.071 0.6250000000
50837  -17.497  -29.472  55.759 0.7500000000
130539  -8.780  -19.722  63.595 0.5000000000
50871  -16.939  -29.037  51.560 0.3750000000
139110  -16.393  -27.763  52.416 0.3750000000
52638  -19.997  -27.751  49.364 0.3750000000
52651  -20.084  -27.760  48.501 0.2500000000
50017  -21.368  -30.329  50.449 0.5000000000
128003  -16.920  -29.077  49.690 0.1250000000
134031  -16.449  -28.175  50.579 0.2500000000
56349  -35.644  -23.386  46.676 0.8750000000
56342  -35.823  -23.499  47.744 0.8750000000
120178  -6.782  -23.158  51.341 0.7500000000
56367  -35.720  -23.783  44.295 0.6250000000
122884  -35.644  -23.406  44.898 0.7500000000
56324  -6.343  -23.413  49.842 0.6250000000
56338  -6.141  -23.105  48.204 0.6250000000
56353  -7.393  -23.263  45.423 0.6250000000
55505  -8.091  -24.348  42.859 0.3750000000
56377  -7.408  -23.718  42.314 0.2500000000
52613  -16.234  -26.958  51.542 0.2500000000
53641  -18.467  -25.750  48.747 0.1250000000
52664  -16.807  -27.132  47.391 0.1250000000
54586  -17.839  -25.773  48.031 0.1250000000
57165  -7.485  -22.732  52.835 0.6250000000
58114  -35.733  -22.420  44.494 0.8750000000
56352  -6.576  -22.562  45.643 0.5000000000
57202  -6.177  -22.105  45.867 0.5000000000
56383  -6.090  -22.760  40.570 0.1250000000
58874  -7.100  -20.847  58.733 0.3750000000
58887  -7.704  -20.695  57.531 0.3750000000
58042  -8.410  -22.023  56.348 0.5000000000
57170  -6.812  -22.761  51.495 0.7500000000
58055  -7.920  -22.100  52.626 0.7500000000
118969  -35.495  -21.156  46.027 0.8750000000
58090  -5.724  -21.370  46.196 0.5000000000
57244  -5.940  -22.201  42.217 0.2500000000
136005  -6.160  -22.633  41.331 0.2500000000
57264  -5.633  -22.368  39.305 0.1250000000
125349  -5.579  -20.702  45.579 0.5000000000
57277  -5.837  -22.814  38.165 0.1250000000
58108  -5.434  -20.644  44.157 0.2500000000
58131  -5.310  -20.735  41.953 0.1250000000
58881  -6.972  -20.055  58.407 0.3750000000
59861  -34.695  -19.509  50.736 0.2500000000
120923  -35.129  -20.503  48.578 0.6250000000
58061  -7.101  -21.995  51.435 0.7500000000
139132  -6.859  -21.655  50.750 0.7500000000
58124  -35.395  -21.151  43.759 0.7500000000
58926  -6.947  -20.602  49.710 0.8750000000
59913  -5.273  -19.567  43.029 0.1250000000
139521  -5.339  -20.753  40.304 0.1250000000
58157  -5.547  -20.978  39.278 0.1250000000
60746  -34.846  -18.606  50.557 0.2500000000
118816  -34.933  -18.985  49.992 0.3750000000
143205  -34.985  -18.908  49.898 0.3750000000
119873  -9.596  -20.341  52.452 0.3750000000
60774  -34.915  -18.725  48.333 0.3750000000
58927  -8.056  -20.273  49.904 0.6250000000
60775  -5.720  -18.891  45.411 0.2500000000
60791  -5.409  -18.826  43.773 0.1250000000
59931  -5.407  -19.850  41.878 0.1250000000
128606  -6.396  -20.046  39.164 0.1250000000
59064  -7.182  -20.914  37.573 0.1250000000
60752  -35.079  -18.319  50.176 0.3750000000
59905  -33.510  -19.451  45.294 0.6250000000
60785  -5.812  -18.183  44.926 0.2500000000
60800  -5.679  -18.231  43.074 0.1250000000
121126  -6.576  -19.379  41.044 0.1250000000
59857  -9.975  -19.554  51.271 0.5000000000
61682  -34.185  -17.716  46.913 0.5000000000
62562  -35.066  -16.891  47.565 0.2500000000
61699  -6.689  -17.436  43.978 0.1250000000
61676  -7.040  -17.904  45.723 0.2500000000
59957  -8.088  -19.795  39.674 0.1250000000
129772  -31.395  -18.171  41.697 0.6250000000
60822  -31.283  -17.823  40.763 0.5000000000
60761  -9.708  -18.391  48.325 0.3750000000
60778  -8.153  -18.242  46.722 0.2500000000
61705  -7.648  -17.668  43.045 0.1250000000
62635  -35.639  -16.811  41.607 0.7500000000
62647  -34.511  -16.617  40.226 0.7500000000
119121  -35.520  -16.837  40.299 0.8750000000
62569  -36.095  -16.062  46.860 0.2500000000
62593  -37.858  -16.458  44.252 0.5000000000
65279  -39.452  -13.280  49.432 0.3750000000
142206  -40.278  -16.918  37.216 0.6250000000
61762  -42.139  -16.908  35.421 0.6250000000
64514  -43.234  -14.621  35.626 0.3750000000
66357  -42.882  -12.118  33.905 0.5000000000
66352  -43.944  -11.968  34.926 0.3750000000
67293  -45.097  -11.167  33.800 0.1250000000
127349  -45.342  -10.338  31.739 0.3750000000
68894  -46.800  -9.588  32.155 0.2500000000
69697  -47.615  -8.316  31.609 0.2500000000
44449  -6.012  -36.770  46.771 0.2500000000
128625  -11.617  -40.360  55.470 0.1250000000
41602  -12.952  -39.875  56.331 0.1250000000
41614  -12.748  -39.817  54.846 0.1250000000
125634  -12.167  -40.144  54.923 0.1250000000
40684  -12.297  -40.053  54.241 0.1250000000
40692  -11.751  -40.323  53.673 0.1250000000
121269  -13.184  -39.229  53.271 0.1250000000
41637  -11.786  -40.139  52.832 0.1250000000
41638  -12.381  -39.506  52.430 0.1250000000
128715  -13.703  -39.407  56.203 0.1250000000
41608  -13.208  -39.647  55.504 0.1250000000
120919  -12.932  -39.615  54.093 0.1250000000
41625  -12.396  -39.819  53.424 0.1250000000
42549  -13.851  -38.615  52.899 0.1250000000
42572  -13.335  -38.379  51.430 0.1250000000
41650  -12.582  -39.015  51.567 0.1250000000
42604  -12.495  -38.537  49.874 0.1250000000
43492  -13.600  -37.604  49.751 0.1250000000
41595  -14.277  -39.115  57.816 0.3750000000
41603  -14.231  -39.056  56.839 0.2500000000
126718  -14.352  -38.873  55.977 0.2500000000
41609  -13.867  -39.163  55.338 0.2500000000
41616  -13.945  -38.959  54.527 0.2500000000
41615  -13.375  -39.414  54.728 0.1250000000
41626  -13.917  -38.803  53.736 0.1250000000
42560  -14.364  -38.081  52.515 0.2500000000
42573  -14.107  -37.948  51.734 0.1250000000
41639  -13.195  -38.864  52.292 0.1250000000
43481  -14.067  -37.496  50.422 0.1250000000
43480  -13.252  -38.036  50.397 0.1250000000
43503  -14.355  -36.893  48.801 0.1250000000
43504  -14.976  -36.513  48.736 0.1250000000
44423  -15.397  -36.178  48.307 0.1250000000
131884  -13.860  -37.092  48.122 0.1250000000
43514  -13.733  -37.007  47.258 0.1250000000
44437  -15.879  -35.808  47.967 0.1250000000
42520  -14.702  -38.685  57.249 0.3750000000
124831  -14.514  -38.518  55.092 0.2500000000
42541  -15.060  -37.986  54.353 0.2500000000
42550  -15.226  -37.753  53.551 0.2500000000
42561  -15.033  -37.708  52.834 0.2500000000
43455  -14.822  -37.613  52.006 0.1250000000
43466  -15.325  -37.158  51.442 0.1250000000
43465  -14.528  -37.503  51.187 0.1250000000
43482  -14.968  -37.012  50.438 0.1250000000
44396  -15.720  -36.502  49.963 0.1250000000
43493  -14.241  -37.161  49.635 0.1250000000
43494  -14.969  -36.701  49.463 0.1250000000
44424  -16.089  -35.856  48.687 0.1250000000
44436  -15.255  -36.037  47.343 0.1250000000
45392  -15.604  -35.691  46.682 0.1250000000
46333  -10.015  -35.027  41.090 0.1250000000
41589  -14.831  -38.858  58.548 0.3750000000
42521  -15.320  -38.185  57.211 0.5000000000
127877  -15.414  -37.962  56.229 0.2500000000
138215  -14.859  -38.361  55.842 0.2500000000
43456  -15.539  -37.271  52.320 0.1250000000
43443  -15.696  -37.358  53.151 0.1250000000
44369  -16.817  -36.573  52.255 0.1250000000
43483  -15.919  -36.685  50.886 0.1250000000
44397  -16.533  -36.262  50.344 0.1250000000
45368  -16.858  -35.553  49.023 0.1250000000
123080  -9.955  -34.330  41.665 0.1250000000
47237  -9.768  -34.081  40.857 0.1250000000
42522  -16.000  -37.727  57.607 0.6250000000
43419  -17.235  -37.035  57.525 0.6250000000
42528  -15.939  -37.638  56.761 0.5000000000
43427  -16.416  -37.223  55.220 0.2500000000
42534  -15.222  -37.955  55.342 0.2500000000
44353  -17.539  -36.491  54.277 0.3750000000
42542  -15.777  -37.554  54.830 0.2500000000
43445  -16.856  -36.799  54.110 0.2500000000
44360  -17.819  -36.167  53.474 0.2500000000
43434  -15.754  -37.469  53.974 0.2500000000
43444  -16.392  -36.994  53.545 0.1250000000
43457  -16.222  -36.951  52.675 0.1250000000
129930  -17.522  -36.125  52.003 0.1250000000
43467  -16.115  -36.837  51.812 0.1250000000
44381  -17.669  -35.802  51.183 0.1250000000
44380  -16.849  -36.367  51.288 0.1250000000
44398  -17.203  -35.977  50.600 0.1250000000
45356  -17.721  -35.428  50.383 0.1250000000
50031  -35.069  -29.733  50.213 0.5000000000
44412  -17.085  -35.779  49.868 0.1250000000
45357  -18.242  -34.656  50.207 0.1250000000
50881  -35.288  -28.968  50.709 0.2500000000
51738  -35.240  -28.091  51.046 0.2500000000
45369  -17.677  -35.078  49.444 0.1250000000
50030  -34.675  -30.371  49.733 0.7500000000
130722  -35.579  -28.397  50.214 0.2500000000
131320  -17.121  -36.977  56.772 0.3750000000
43423  -17.500  -36.696  56.061 0.3750000000
44348  -17.564  -36.609  55.143 0.3750000000
44370  -17.348  -36.343  52.815 0.2500000000
45344  -18.146  -35.455  51.891 0.2500000000
46251  -18.581  -34.659  51.835 0.1250000000
46258  -18.611  -34.218  50.951 0.1250000000
46264  -18.192  -34.205  49.400 0.1250000000
50875  -34.892  -28.783  51.418 0.2500000000
49040  -33.753  -31.637  49.858 0.6250000000
49027  -34.337  -31.039  50.231 0.7500000000
49055  -33.420  -31.546  48.945 0.6250000000
51760  -35.577  -28.126  48.717 0.3750000000
138721  -35.141  -28.259  48.076 0.7500000000
44345  -18.331  -36.197  56.380 0.6250000000
125902  -18.556  -35.703  54.912 0.3750000000
44354  -18.296  -35.971  54.161 0.3750000000
45331  -18.414  -35.535  53.424 0.5000000000
44371  -17.987  -35.803  52.703 0.3750000000
47096  -31.617  -32.641  52.932 0.7500000000
48995  -33.030  -30.807  52.929 0.7500000000
45338  -18.522  -35.104  52.659 0.2500000000
49004  -33.289  -31.216  52.384 0.7500000000
47106  -18.903  -33.228  50.841 0.1250000000
50005  -33.539  -30.546  52.413 0.7500000000
49998  -33.502  -29.900  52.597 0.6250000000
142269  -33.399  -28.253  52.191 0.3750000000
53614  -33.609  -26.207  51.656 0.2500000000
54548  -33.859  -25.628  51.503 0.2500000000
48037  -18.877  -32.301  50.316 0.1250000000
47118  -18.681  -32.973  49.891 0.1250000000
48042  -32.696  -32.626  50.840 0.6250000000
51719  -33.727  -28.299  51.897 0.3750000000
51720  -33.743  -27.483  51.646 0.2500000000
52610  -34.366  -26.881  51.108 0.2500000000
53623  -34.658  -26.293  50.882 0.2500000000
48053  -32.704  -32.662  49.992 0.7500000000
48043  -33.270  -32.189  50.397 0.7500000000
122683  -34.257  -30.853  51.039 0.7500000000
51730  -34.167  -27.918  51.485 0.2500000000
52619  -34.680  -27.536  51.144 0.2500000000
52620  -35.002  -26.887  50.832 0.2500000000
48054  -33.124  -32.176  49.515 0.6250000000
51744  -35.750  -27.682  50.422 0.2500000000
52631  -35.794  -26.965  50.598 0.2500000000
48065  -32.807  -32.103  48.706 0.6250000000
51752  -35.888  -27.939  49.568 0.3750000000
52656  -36.093  -27.417  48.722 0.3750000000
52655  -35.469  -27.677  47.939 0.5000000000
51768  -34.800  -27.925  47.400 0.7500000000
48923  -17.899  -31.953  60.282 0.8750000000
49944  -17.575  -30.835  59.856 0.8750000000
55418  -16.661  -24.587  55.009 0.6250000000
55425  -17.130  -24.152  54.563 0.5000000000
54528  -16.364  -25.228  54.608 0.6250000000
56293  -17.710  -23.993  54.219 0.5000000000
140295  -18.595  -33.990  55.230 0.6250000000
46243  -18.550  -33.930  54.736 0.6250000000
48978  -18.457  -32.057  54.531 0.6250000000
45323  -18.728  -35.187  54.194 0.6250000000
45324  -18.752  -34.381  54.190 0.5000000000
47090  -18.422  -33.224  53.800 0.6250000000
55424  -16.719  -24.636  54.100 0.3750000000
140900  -18.728  -34.138  53.572 0.5000000000
141442  -18.599  -33.179  53.179 0.5000000000
123844  -18.704  -34.243  52.747 0.3750000000
47099  -18.729  -33.472  52.604 0.1250000000
46252  -18.780  -33.822  51.787 0.1250000000
48025  -19.022  -32.283  51.190 0.1250000000
121331  -30.830  -33.680  49.889 0.6250000000
127631  -31.703  -33.290  50.685 0.6250000000
51718  -33.129  -28.215  52.522 0.3750000000
49023  -18.787  -31.455  50.692 0.1250000000
47137  -31.165  -33.553  49.141 0.6250000000
47125  -32.213  -33.050  50.377 0.6250000000
54538  -32.837  -25.695  52.288 0.5000000000
53612  -33.004  -26.314  52.288 0.5000000000
54549  -34.394  -25.692  51.052 0.2500000000
136190  -18.725  -31.479  49.885 0.1250000000
47150  -30.587  -33.768  48.528 0.5000000000
47138  -31.888  -33.124  49.104 0.5000000000
124390  -32.500  -32.636  49.249 0.5000000000
132160  -34.878  -25.742  50.681 0.2500000000
54558  -34.786  -25.103  50.717 0.2500000000
47151  -31.439  -33.277  48.225 0.5000000000
53638  -36.309  -26.434  50.153 0.2500000000
54568  -35.377  -25.391  50.452 0.2500000000
53639  -36.134  -25.585  50.269 0.3750000000
53673  -36.112  -26.596  47.397 0.6250000000
52678  -35.439  -26.678  46.841 0.6250000000
128010  -35.051  -26.260  46.085 0.6250000000
50813  -17.415  -30.172  60.468 0.8750000000
48916  -17.635  -31.276  61.331 0.8750000000
132631  -17.626  -30.913  60.609 0.8750000000
51676  -16.695  -28.908  59.655 0.7500000000
50818  -16.971  -29.680  59.178 0.7500000000
50815  -17.346  -30.260  59.573 0.7500000000
51681  -16.544  -28.906  58.711 0.7500000000
50819  -17.306  -30.329  58.661 0.7500000000
123740  -16.970  -29.647  58.111 0.7500000000
51689  -16.899  -29.296  57.171 0.6250000000
49958  -17.603  -30.316  56.900 0.5000000000
51688  -16.554  -28.531  56.885 0.7500000000
51695  -16.700  -28.282  55.998 0.6250000000
133640  -16.153  -25.854  56.182 0.7500000000
54522  -16.352  -25.247  55.400 0.7500000000
53588  -16.167  -26.746  55.852 0.6250000000
52588  -16.483  -27.618  54.571 0.5000000000
132418  -16.267  -26.795  54.901 0.5000000000
51706  -16.790  -28.342  54.289 0.5000000000
130936  -16.301  -26.917  53.947 0.5000000000
53601  -16.225  -26.023  54.267 0.5000000000
54532  -16.407  -25.316  53.753 0.3750000000
55426  -18.398  -24.259  54.064 0.3750000000
48991  -18.655  -32.108  53.714 0.6250000000
138667  -16.423  -25.384  53.192 0.2500000000
47095  -30.907  -32.813  53.229 0.6250000000
48018  -18.811  -32.797  52.655 0.2500000000
133217  -18.752  -31.482  52.354 0.2500000000
51712  -16.577  -28.130  52.956 0.2500000000
53607  -16.253  -26.068  53.281 0.2500000000
55431  -17.859  -24.279  53.412 0.3750000000
53615  -16.244  -26.341  52.238 0.2500000000
119148  -28.965  -33.517  50.707 0.7500000000
49014  -19.017  -32.199  52.059 0.1250000000
47134  -28.224  -33.466  49.202 0.5000000000
47122  -29.637  -33.696  50.438 0.6250000000
47148  -28.290  -33.554  48.378 0.5000000000
47149  -29.711  -33.917  48.912 0.6250000000
56310  -34.057  -23.726  51.481 0.2500000000
50015  -17.932  -30.096  50.659 0.1250000000
119146  -29.082  -33.884  48.166 0.5000000000
138115  -34.776  -24.011  50.710 0.2500000000
54559  -35.265  -24.850  50.393 0.2500000000
53683  -35.801  -26.159  46.681 0.6250000000
142452  -35.765  -25.774  46.327 0.6250000000
53697  -35.286  -25.733  44.718 0.6250000000
49939  -17.499  -30.507  61.221 0.8750000000
49931  -17.446  -30.817  62.456 0.7500000000
51674  -17.182  -29.451  60.678 0.8750000000
139438  -16.876  -28.881  60.436 0.8750000000
52565  -16.274  -28.043  59.154 0.7500000000
53568  -16.267  -25.804  59.369 0.6250000000
132340  -17.469  -31.274  63.902 0.7500000000
50799  -16.980  -29.821  63.298 0.7500000000
50804  -17.279  -30.170  61.959 0.7500000000
52555  -16.559  -28.038  61.482 0.8750000000
51671  -16.949  -28.887  61.174 0.8750000000
52557  -16.629  -28.138  60.810 0.8750000000
52564  -15.950  -27.184  58.529 0.7500000000
133594  -15.917  -26.459  57.950 0.7500000000
55401  -16.694  -24.714  57.109 0.7500000000
55410  -17.178  -24.083  56.487 0.7500000000
55419  -17.137  -24.111  55.500 0.7500000000
48903  -15.537  -31.378  64.253 0.6250000000
49924  -16.054  -30.130  64.450 0.6250000000
49926  -17.132  -30.389  63.897 0.7500000000
51666  -16.621  -29.031  63.126 0.7500000000
52572  -16.169  -28.064  58.202 0.7500000000
52571  -15.939  -27.201  57.533 0.7500000000
53583  -15.967  -26.187  57.195 0.7500000000
55409  -16.590  -24.797  56.068 0.6250000000
136435  -16.213  -28.061  57.422 0.6250000000
52577  -16.231  -27.601  56.586 0.6250000000
56294  -18.320  -23.940  54.741 0.6250000000
127108  -16.519  -27.815  53.714 0.5000000000
55443  -18.176  -24.638  52.654 0.2500000000
140150  -29.186  -33.176  53.404 0.6250000000
47094  -30.154  -32.853  53.504 0.6250000000
54544  -18.864  -25.253  52.820 0.3750000000
125116  -28.285  -33.132  52.919 0.3750000000
54563  -17.878  -24.929  51.229 0.1250000000
50008  -17.925  -30.130  51.524 0.1250000000
47121  -28.196  -33.380  50.116 0.6250000000
47132  -26.850  -32.858  48.893 0.5000000000
47133  -27.459  -33.144  49.516 0.5000000000
47147  -27.558  -33.226  48.641 0.5000000000
141919  -34.943  -24.074  50.546 0.2500000000
56317  -35.059  -23.620  50.432 0.2500000000
54620  -35.635  -25.013  44.220 0.6250000000
53563  -16.395  -27.293  60.536 0.7500000000
52559  -16.468  -28.079  60.074 0.7500000000
53569  -16.123  -26.996  59.551 0.7500000000
56272  -17.708  -23.568  56.950 0.7500000000
133304  -18.524  -23.517  56.058 0.6250000000
56289  -18.992  -23.730  55.736 0.5000000000
51669  -16.608  -28.809  62.458 0.7500000000
120585  -16.685  -28.600  61.848 0.7500000000
137532  -16.480  -27.482  61.126 0.7500000000
54499  -16.384  -25.760  60.957 0.6250000000
55396  -16.866  -24.799  58.029 0.6250000000
55402  -17.247  -24.099  57.452 0.7500000000
56280  -17.791  -23.606  55.991 0.7500000000
55420  -19.391  -24.275  55.332 0.3750000000
48898  -15.096  -30.851  64.023 0.6250000000
133124  -15.677  -30.715  64.389 0.6250000000
50794  -16.321  -29.443  64.268 0.6250000000
52548  -15.870  -27.790  63.500 0.7500000000
52549  -16.244  -28.248  63.026 0.6250000000
53557  -15.974  -26.930  62.369 0.6250000000
53560  -16.363  -26.714  61.101 0.7500000000
55385  -16.773  -24.759  60.817 0.6250000000
55390  -16.702  -25.130  60.044 0.7500000000
56287  -17.690  -23.817  55.049 0.6250000000
56295  -18.812  -23.976  55.162 0.3750000000
130070  -14.585  -28.587  64.201 0.6250000000
50793  -15.682  -29.263  64.319 0.6250000000
52545  -15.677  -27.616  64.078 0.6250000000
53549  -15.551  -27.100  63.636 0.5000000000
53553  -15.876  -27.428  62.987 0.6250000000
141235  -15.777  -26.227  62.391 0.6250000000
54496  -16.101  -26.270  61.737 0.5000000000
55383  -16.262  -25.310  61.480 0.6250000000
55427  -18.973  -24.345  54.671 0.3750000000
51655  -14.509  -27.736  64.422 0.6250000000
131788  -15.324  -27.124  64.463 0.3750000000
135997  -15.266  -26.804  64.187 0.3750000000
54490  -15.071  -25.852  63.326 0.3750000000
54493  -15.468  -25.729  62.689 0.3750000000
55380  -15.648  -24.827  62.376 0.3750000000
139480  -19.050  -24.848  54.077 0.3750000000
52539  -15.061  -27.274  64.618 0.5000000000
130369  -14.833  -26.137  64.200 0.3750000000
133397  -15.160  -26.414  63.747 0.3750000000
55432  -18.562  -24.695  53.401 0.5000000000
54553  -18.535  -25.167  51.888 0.2500000000
47093  -28.636  -33.089  53.681 0.3750000000
122778  -18.488  -25.392  51.044 0.1250000000
54564  -18.847  -25.827  50.527 0.1250000000
124401  -25.383  -32.123  49.261 0.5000000000
48052  -26.154  -32.454  49.096 0.5000000000
56328  -35.829  -23.971  49.803 0.2500000000
56322  -35.426  -23.883  50.158 0.2500000000
57178  -35.111  -23.028  50.346 0.2500000000
57184  -35.561  -23.228  49.805 0.3750000000
50951  -5.417  -29.495  42.121 0.5000000000
138410  -17.850  -23.592  58.504 0.5000000000
56273  -18.243  -23.214  57.417 0.6250000000
56281  -18.382  -23.311  56.666 0.7500000000
54509  -16.768  -24.903  58.966 0.6250000000
56265  -17.744  -23.621  57.808 0.6250000000
55411  -19.720  -23.941  56.058 0.5000000000
55381  -16.166  -24.902  61.869 0.5000000000
125401  -16.640  -24.450  61.358 0.6250000000
54523  -19.648  -25.058  54.827 0.2500000000
52535  -12.573  -26.353  63.845 0.5000000000
53542  -13.868  -25.973  64.428 0.5000000000
54485  -14.126  -25.065  64.370 0.3750000000
54486  -14.423  -25.304  64.116 0.3750000000
55373  -14.630  -25.205  63.606 0.3750000000
56245  -15.010  -24.258  62.796 0.3750000000
54533  -19.507  -25.596  54.056 0.3750000000
51659  -11.596  -27.826  63.218 0.5000000000
122715  -12.594  -27.560  63.639 0.5000000000
52536  -13.257  -26.924  63.990 0.6250000000
52538  -14.389  -26.729  64.476 0.6250000000
53544  -14.911  -26.495  64.497 0.3750000000
54487  -14.800  -25.836  63.834 0.3750000000
140973  -19.092  -25.273  53.515 0.5000000000
53608  -19.452  -26.013  53.258 0.3750000000
52604  -20.068  -27.513  52.743 0.3750000000
51713  -20.524  -28.254  52.904 0.3750000000
51714  -21.078  -29.002  53.252 0.3750000000
49995  -21.868  -30.033  53.720 0.5000000000
53616  -19.198  -25.944  52.306 0.3750000000
52614  -19.788  -27.265  51.963 0.3750000000
51724  -20.240  -28.049  52.043 0.3750000000
51725  -20.743  -28.937  52.198 0.3750000000
128753  -21.101  -29.642  51.930 0.3750000000
50004  -22.144  -30.541  52.416 0.5000000000
54554  -19.067  -26.004  51.384 0.3750000000
50010  -21.336  -30.107  51.341 0.3750000000
139027  -21.887  -30.553  51.741 0.3750000000
49016  -23.265  -31.476  51.437 0.5000000000
48019  -24.614  -31.694  52.811 0.5000000000
127962  -19.275  -26.426  50.762 0.2500000000
48028  -24.769  -31.757  51.897 0.5000000000
48012  -26.192  -32.275  53.280 0.3750000000
54574  -18.670  -25.770  49.690 0.1250000000
48029  -25.644  -31.951  51.657 0.6250000000
53634  -19.262  -26.370  50.070 0.1250000000
52702  -5.756  -28.512  42.577 0.5000000000
52691  -6.276  -28.066  44.130 0.5000000000
56259  -18.135  -23.347  60.036 0.6250000000
56258  -17.726  -23.792  59.242 0.6250000000
133526  -18.228  -23.223  58.151 0.5000000000
56252  -17.384  -23.867  60.772 0.6250000000
121361  -17.393  -24.177  60.117 0.6250000000
56248  -16.328  -24.149  61.881 0.5000000000
53541  -12.717  -25.445  64.057 0.5000000000
143146  -13.377  -24.232  64.345 0.3750000000
55365  -13.723  -24.580  64.383 0.3750000000
56240  -14.045  -23.715  63.581 0.3750000000
56244  -14.504  -23.815  63.118 0.3750000000
57112  -14.984  -23.437  62.720 0.3750000000
56247  -15.713  -23.798  62.330 0.3750000000
54484  -11.614  -25.324  63.738 0.5000000000
54477  -12.158  -24.935  63.955 0.5000000000
54479  -13.933  -25.288  64.464 0.3750000000
55371  -13.964  -24.525  64.239 0.3750000000
55377  -14.526  -24.438  63.359 0.3750000000
53547  -11.092  -25.955  63.511 0.5000000000
53548  -11.809  -26.137  63.679 0.5000000000
53627  -19.442  -26.579  51.915 0.5000000000
52542  -10.623  -26.755  63.160 0.5000000000
52543  -11.340  -26.833  63.401 0.5000000000
53626  -19.533  -26.849  51.288 0.3750000000
129975  -19.992  -27.685  51.137 0.3750000000
51734  -20.421  -28.568  51.301 0.3750000000
50873  -20.811  -29.360  51.331 0.3750000000
52547  -9.568  -26.894  62.349 0.5000000000
122375  -10.456  -27.734  62.777 0.5000000000
52624  -19.635  -27.020  50.531 0.3750000000
142727  -20.260  -28.284  50.602 0.3750000000
124763  -20.968  -29.735  50.715 0.3750000000
52625  -19.968  -27.713  50.206 0.3750000000
53701  -6.909  -27.532  43.397 0.5000000000
59000  -35.346  -21.254  42.765 0.6250000000
142999  -35.753  -21.567  43.269 0.6250000000
57117  -17.501  -22.629  61.427 0.3750000000
56253  -18.007  -23.056  60.881 0.6250000000
58016  -16.709  -22.255  61.859 0.3750000000
56250  -17.117  -23.581  61.381 0.3750000000
129375  -16.548  -23.209  61.871 0.3750000000
56231  -12.962  -23.906  64.275 0.3750000000
57106  -13.486  -23.263  63.805 0.3750000000
130459  -12.091  -24.338  64.046 0.5000000000
55370  -12.306  -23.873  64.154 0.5000000000
56238  -12.901  -23.292  64.169 0.3750000000
58010  -13.505  -22.308  63.274 0.3750000000
127701  -11.564  -24.560  63.852 0.5000000000
56235  -11.207  -23.439  63.962 0.5000000000
53546  -10.377  -25.827  63.309 0.5000000000
55367  -10.102  -24.327  63.583 0.5000000000
54481  -9.383  -25.262  63.095 0.5000000000
51742  -20.297  -28.397  49.873 0.2500000000
50879  -20.598  -29.035  50.477 0.2500000000
50889  -20.629  -29.089  49.532 0.1250000000
50047  -21.393  -30.361  47.770 0.3750000000
58983  -32.815  -20.141  43.571 0.6250000000
58999  -34.477  -20.807  42.560 0.6250000000
58019  -16.736  -21.366  61.778 0.3750000000
57115  -15.792  -22.871  62.332 0.3750000000
57111  -14.298  -23.199  63.070 0.3750000000
57114  -14.921  -22.659  62.670 0.3750000000
131084  -11.993  -22.354  63.961 0.5000000000
57104  -12.484  -22.704  64.000 0.3750000000
56234  -10.253  -23.489  63.750 0.5000000000
58968  -33.176  -19.817  44.476 0.7500000000
139552  -32.314  -20.120  42.775 0.5000000000
124405  -10.457  -21.582  63.714 0.5000000000
59910  -32.532  -19.300  44.041 0.7500000000
60798  -32.885  -18.956  44.788 0.5000000000
142074  -31.838  -19.589  42.567 0.6250000000
59916  -32.143  -19.457  43.255 0.6250000000
60823  -31.481  -19.291  41.887 0.6250000000
60805  -32.162  -18.565  43.623 0.7500000000
60813  -31.715  -18.602  42.710 0.7500000000
61729  -31.806  -17.028  40.425 0.5000000000
61739  -31.059  -17.380  38.808 0.2500000000
61740  -31.977  -16.706  38.504 0.3750000000
62691  -32.223  -16.617  37.523 0.2500000000
62646  -33.423  -16.558  40.559 0.6250000000
62661  -32.624  -16.639  40.048 0.3750000000
62662  -33.597  -16.526  39.691 0.5000000000
62679  -35.321  -16.767  39.143 0.7500000000
62676  -32.783  -16.551  39.152 0.3750000000
119677  -33.668  -16.528  38.939 0.3750000000
119113  -35.050  -16.689  38.555 0.5000000000
134221  -34.765  -16.646  37.963 0.6250000000
62677  -33.166  -16.504  38.199 0.3750000000
62692  -33.239  -16.507  37.187 0.2500000000
120114  -34.860  -16.663  37.316 0.3750000000
62705  -35.020  -16.723  36.463 0.6250000000
120115  -34.140  -16.565  36.839 0.2500000000
136625  -34.197  -16.570  36.116 0.2500000000
119125  -36.403  -17.057  41.363 0.5000000000
62664  -35.187  -16.742  39.689 0.7500000000
119116  -35.959  -16.950  39.552 0.7500000000
62694  -35.536  -16.805  37.877 0.7500000000
62695  -36.415  -17.018  38.155 0.7500000000
62715  -34.718  -16.694  35.575 0.2500000000
125958  -35.282  -16.854  34.944 0.2500000000
119034  -40.086  -17.353  35.061 0.5000000000
61773  -40.778  -17.444  34.267 0.6250000000
61770  -37.785  -17.502  34.002 0.6250000000
61783  -38.494  -17.722  33.492 0.5000000000
61772  -39.564  -17.595  34.138 0.6250000000
119124  -37.213  -17.200  41.099 0.5000000000
119119  -37.465  -17.232  40.136 0.6250000000
119112  -35.820  -16.904  38.705 0.7500000000
119118  -38.400  -17.255  40.110 0.6250000000
119111  -37.226  -17.138  38.443 0.7500000000
140966  -37.976  -17.237  39.512 0.7500000000
62706  -35.987  -16.929  36.552 0.6250000000
62696  -37.061  -17.090  37.613 0.7500000000
62707  -36.854  -17.043  36.781 0.7500000000
130935  -36.135  -17.050  35.086 0.5000000000
62717  -36.631  -17.058  35.870 0.5000000000
62708  -37.496  -17.091  36.261 0.7500000000
61759  -39.573  -17.114  35.835 0.5000000000
61760  -40.360  -17.143  35.772 0.6250000000
62718  -37.451  -17.152  35.519 0.5000000000
62733  -37.483  -17.304  34.694 0.5000000000
62719  -38.194  -17.196  35.264 0.5000000000
62731  -35.791  -17.048  34.324 0.3750000000
62732  -36.607  -17.232  34.491 0.3750000000
61771  -38.424  -17.436  34.466 0.5000000000
118614  -39.082  -17.301  35.122 0.5000000000
61782  -37.074  -17.425  33.945 0.3750000000
66372  -41.258  -12.651  31.243 0.5000000000
62681  -38.893  -17.213  38.327 0.6250000000
62680  -37.918  -17.130  37.917 0.7500000000
120158  -37.702  -17.105  37.054 0.7500000000
62697  -38.595  -17.146  37.299 0.7500000000
62709  -38.281  -17.088  36.480 0.7500000000
141401  -38.032  -17.089  35.873 0.5000000000
61753  -38.713  -17.089  35.859 0.6250000000
65397  -43.570  -12.681  35.354 0.2500000000
67310  -41.783  -11.840  30.111 0.6250000000
66381  -41.784  -11.977  30.921 0.5000000000
67317  -41.765  -11.730  29.318 0.7500000000
74157  -47.711  -3.447  28.357 0.5000000000
75019  -48.317  -3.131  27.792 0.6250000000
75838  -50.733  -1.333  28.508 0.3750000000
133118  -50.705  -0.751  28.806 0.2500000000
75020  -49.312  -2.810  27.980 0.6250000000
75034  -50.347  -2.154  28.096 0.5000000000
75847  -51.001  -1.188  27.751 0.3750000000
127908  -50.915  0.212  27.825 0.3750000000
142093  -50.550  0.664  28.183 0.1250000000
138609  -49.528  1.444  27.875 0.1250000000
75047  -50.589  -1.901  27.136 0.6250000000
76565  -51.267  -0.332  27.407 0.3750000000
67312  -42.894  -11.251  30.880 0.6250000000
67318  -42.400  -11.408  29.696 0.6250000000
67336  -42.068  -11.148  28.040 0.3750000000
68131  -42.803  -10.769  28.315 0.3750000000
71511  -45.830  -5.961  29.166 0.5000000000
73271  -45.694  -4.647  28.201 0.3750000000
73261  -47.205  -3.939  28.854 0.5000000000
75021  -49.641  -2.704  28.767 0.6250000000
77313  -50.515  0.061  28.777 0.1250000000
67328  -43.123  -10.941  29.212 0.7500000000
40669  -12.125  -40.177  56.312 0.2500000000
45317  -18.804  -34.641  55.111 0.5000000000
47123  -31.191  -33.507  50.522 0.6250000000
47136  -30.034  -33.821  49.819 0.6250000000
50006  -34.043  -30.061  52.208 0.6250000000
48063  -26.335  -32.552  48.300 0.5000000000
50869  -34.272  -28.615  51.690 0.2500000000
51801  -5.475  -28.943  42.694 0.5000000000
48912  -17.686  -31.536  62.175 0.8750000000
131373  -17.010  -30.888  64.336 0.8750000000
50800  -17.219  -30.221  62.682 0.7500000000
49930  -17.407  -30.624  63.203 0.7500000000
46246  -18.546  -33.783  54.035 0.6250000000
47101  -27.665  -32.880  52.487 0.5000000000
52643  -36.200  -27.235  49.827 0.3750000000
130785  -16.521  -28.780  57.779 0.6250000000
58001  -9.066  -21.438  63.685 0.5000000000
125874  -9.480  -23.873  63.545 0.5000000000
55366  -9.251  -24.538  63.306 0.5000000000
49015  -22.554  -31.023  51.764 0.5000000000
50011  -21.932  -30.778  51.008 0.5000000000
52583  -16.410  -27.551  55.529 0.5000000000
54569  -35.768  -24.922  50.228 0.1250000000
58126  -36.013  -22.470  43.166 0.5000000000
62645  -32.517  -16.723  40.927 0.6250000000
65426  -40.895  -13.503  31.456 0.5000000000
65387  -43.333  -13.576  35.562 0.2500000000
51654  -13.921  -28.384  63.955 0.6250000000
136321  -11.993  -26.922  63.593 0.5000000000
47091  -26.973  -32.621  52.926 0.5000000000
48020  -25.500  -31.916  52.584 0.6250000000
47092  -27.744  -32.940  53.439 0.3750000000
122365  -9.904  -22.668  63.722 0.5000000000
52541  -10.194  -27.058  62.837 0.5000000000
62663  -34.526  -16.604  39.234 0.7500000000
119120  -36.452  -17.087  40.431 0.5000000000
40677  -12.489  -40.033  55.570 0.1250000000
120794  -13.488  -39.225  54.066 0.1250000000
137122  -14.559  -38.213  53.444 0.2500000000
119928  -13.779  -38.383  52.173 0.1250000000
42587  -12.608  -38.673  50.755 0.1250000000
42588  -13.844  -37.836  51.050 0.1250000000
43502  -13.514  -37.452  48.848 0.1250000000
42605  -12.934  -37.991  49.401 0.1250000000
42527  -14.805  -38.512  56.559 0.3750000000
44410  -15.571  -36.277  49.124 0.1250000000
44422  -14.561  -36.582  47.921 0.1250000000
45408  -16.207  -35.334  46.589 0.1250000000
43422  -16.540  -37.242  56.161 0.3750000000
46271  -17.853  -34.515  48.799 0.1250000000
43435  -16.354  -37.147  54.410 0.2500000000
119452  -18.544  -33.781  50.096 0.1250000000
51751  -35.543  -28.534  49.397 0.2500000000
50860  -33.466  -28.854  52.361 0.3750000000
129399  -33.346  -27.612  52.105 0.5000000000
50868  -33.913  -29.212  52.135 0.2500000000
52600  -33.455  -26.855  51.860 0.5000000000
53613  -33.278  -26.241  51.995 0.5000000000
52609  -33.861  -26.836  51.444 0.2500000000
125499  -33.780  -25.065  51.640 0.1250000000
138347  -32.221  -33.009  49.708 0.6250000000
53631  -35.462  -26.166  50.600 0.2500000000
139016  -32.464  -32.054  47.824 0.5000000000
50812  -17.134  -29.571  60.049 0.8750000000
47124  -31.612  -33.336  49.903 0.6250000000
131442  -33.039  -27.435  52.460 0.3750000000
140727  -33.105  -25.254  52.281 0.3750000000
55437  -33.154  -25.079  52.109 0.5000000000
48064  -32.202  -32.676  48.447 0.5000000000
48076  -31.919  -32.691  47.537 0.3750000000
50809  -17.279  -29.748  61.208 0.8750000000
49935  -17.473  -30.874  61.808 0.8750000000
53594  -16.199  -25.961  55.195 0.6250000000
47135  -29.074  -33.708  49.719 0.6250000000
119147  -28.854  -33.741  48.880 0.5000000000
50808  -16.979  -29.323  61.861 0.7500000000
50803  -16.938  -29.597  62.561 0.7500000000
54508  -16.376  -25.436  58.546 0.6250000000
49925  -16.689  -30.237  64.336 0.7500000000
119865  -16.290  -27.210  61.690 0.6250000000
54515  -16.233  -25.571  57.776 0.7500000000
54519  -16.252  -25.399  56.886 0.6250000000
56288  -18.339  -23.715  55.435 0.5000000000
129815  -16.410  -29.057  63.983 0.7500000000
133718  -16.012  -26.728  56.693 0.7500000000
52552  -16.319  -27.897  62.280 0.6250000000
124198  -16.313  -26.293  60.306 0.6250000000
135279  -17.215  -24.388  59.373 0.6250000000
55397  -17.350  -24.133  58.462 0.6250000000
55421  -20.080  -24.747  55.683 0.5000000000
50789  -14.986  -29.278  64.173 0.6250000000
52544  -15.469  -27.699  64.435 0.6250000000
51656  -15.213  -28.286  64.442 0.6250000000
130299  -15.509  -26.552  63.027 0.3750000000
54494  -15.905  -25.582  62.108 0.3750000000
55378  -14.995  -25.099  62.986 0.3750000000
52537  -13.863  -27.332  64.195 0.6250000000
53543  -14.384  -25.998  64.524 0.3750000000
57141  -18.676  -22.977  57.819 0.5000000000
129487  -13.266  -26.079  64.158 0.5000000000
54478  -13.327  -25.301  64.305 0.5000000000
55372  -14.212  -24.497  63.891 0.3750000000
53617  -19.652  -26.728  52.616 0.3750000000
53609  -19.997  -26.955  53.512 0.3750000000
143236  -21.473  -29.641  53.257 0.3750000000
50864  -21.271  -29.583  52.611 0.3750000000
50003  -21.755  -30.098  52.893 0.3750000000
49996  -22.311  -30.458  53.200 0.5000000000
133556  -21.562  -30.121  52.156 0.3750000000
49001  -22.770  -30.854  52.753 0.5000000000
48027  -23.913  -31.544  52.120 0.5000000000
49002  -23.267  -31.252  52.373 0.5000000000
48011  -25.341  -31.966  53.545 0.5000000000
52703  -6.149  -28.169  43.240 0.5000000000
126496  -18.654  -22.566  60.307 0.6250000000
54483  -10.809  -24.994  63.594 0.5000000000
54482  -9.930  -25.107  63.333 0.5000000000
57119  -18.438  -22.061  60.978 0.5000000000
56237  -12.442  -23.308  64.157 0.5000000000
56236  -11.879  -23.372  64.112 0.5000000000
132988  -11.504  -22.973  64.042 0.5000000000
57102  -11.431  -22.390  63.952 0.5000000000
57101  -10.633  -22.189  63.821 0.5000000000
58998  -33.569  -20.579  42.338 0.5000000000
61737  -31.830  -16.870  39.487 0.5000000000
62678  -34.224  -16.571  38.422 0.5000000000
62693  -34.079  -16.556  37.653 0.5000000000
140968  -35.536  -16.818  37.109 0.6250000000
62704  -33.375  -16.477  36.298 0.2500000000
62716  -35.631  -16.890  35.747 0.3750000000
142732  -36.764  -17.138  39.660 0.7500000000
120113  -36.235  -16.968  37.346 0.7500000000
61784  -40.288  -17.681  33.459 0.7500000000
136122  -36.590  -17.081  38.957 0.7500000000
67311  -42.377  -11.517  30.527 0.6250000000
67319  -43.025  -11.144  30.150 0.7500000000
67327  -42.297  -11.278  28.859 0.6250000000
74158  -48.642  -3.169  28.656 0.6250000000
76558  -50.915  -0.508  28.165 0.3750000000
75033  -49.802  -2.487  27.423 0.6250000000
77322  -50.185  1.151  28.083 0.1250000000
75856  -51.343  -0.980  26.969 0.3750000000
75828  -50.545  -1.416  29.210 0.1250000000
132375  -26.991  -31.534  57.348 0.2500000000
50822  -25.145  -29.499  57.943 0.2500000000
50829  -26.053  -29.719  57.935 0.2500000000
130067  -25.685  -28.469  57.953 0.2500000000
137605  -26.167  -28.271  57.465 0.2500000000
48004  -28.440  -32.487  55.404 0.2500000000
137076  -28.641  -32.815  54.601 0.3750000000
132055  -27.567  -31.572  57.138 0.2500000000
47996  -28.295  -32.164  56.166 0.2500000000
48005  -29.284  -32.478  54.712 0.3750000000
53580  -23.718  -27.228  58.303 0.3750000000
51684  -24.643  -28.900  58.083 0.2500000000
49963  -26.459  -30.450  57.795 0.1250000000
49964  -27.233  -30.397  57.570 0.2500000000
49972  -27.920  -30.714  57.163 0.2500000000
51678  -24.609  -28.418  58.315 0.2500000000
52568  -25.280  -27.949  58.229 0.2500000000
50830  -26.816  -29.800  57.644 0.2500000000
50834  -27.578  -29.799  57.239 0.1250000000
51699  -27.653  -28.961  56.610 0.1250000000
53574  -25.175  -27.221  58.308 0.2500000000
126230  -25.740  -27.643  57.742 0.2500000000
52585  -27.050  -28.206  56.108 0.2500000000
54517  -25.641  -26.235  57.500 0.2500000000
53591  -26.117  -26.921  56.356 0.2500000000
53597  -26.006  -26.625  55.643 0.2500000000
53598  -26.501  -27.467  55.797 0.2500000000
141371  -25.512  -25.435  55.837 0.2500000000
54525  -25.240  -25.234  54.970 0.2500000000
135223  -30.126  -33.804  47.257 0.2500000000
48959  -28.313  -31.503  56.682 0.2500000000
47997  -28.899  -32.097  55.583 0.2500000000
131597  -29.383  -32.941  53.903 0.5000000000
53571  -23.886  -27.062  58.526 0.2500000000
52561  -24.197  -27.744  58.509 0.2500000000
49973  -28.804  -30.571  56.459 0.2500000000
48960  -28.879  -31.222  56.230 0.2500000000
54505  -24.405  -26.441  58.694 0.2500000000
54513  -25.294  -26.433  58.164 0.2500000000
51704  -28.506  -29.105  56.074 0.3750000000
54512  -24.878  -25.876  58.530 0.2500000000
53604  -26.391  -27.133  55.108 0.2500000000
52591  -26.967  -27.654  54.610 0.2500000000
55405  -25.559  -24.701  57.533 0.2500000000
141639  -25.603  -25.431  56.550 0.2500000000
55415  -25.435  -24.973  56.168 0.2500000000
54530  -25.591  -25.972  54.700 0.2500000000
53603  -26.072  -26.665  54.451 0.2500000000
138288  -26.464  -27.141  54.563 0.2500000000
56285  -25.249  -24.069  56.436 0.2500000000
55414  -25.103  -24.231  55.921 0.2500000000
55428  -24.956  -24.418  55.312 0.2500000000
54536  -25.681  -26.161  54.026 0.2500000000
135255  -25.456  -26.081  53.173 0.2500000000
47164  -31.326  -33.180  47.187 0.2500000000
47163  -30.703  -33.650  47.663 0.2500000000
56290  -24.788  -23.510  55.600 0.2500000000
56297  -24.601  -23.738  54.926 0.2500000000
56301  -24.391  -23.957  54.272 0.2500000000
54545  -24.850  -25.403  53.280 0.2500000000
123441  -30.656  -33.554  46.841 0.2500000000
55433  -24.497  -24.649  53.696 0.2500000000
139059  -24.442  -24.975  52.830 0.2500000000
56308  -23.743  -23.639  52.717 0.2500000000
56314  -23.524  -23.839  51.836 0.1250000000
48969  -29.215  -31.507  55.717 0.2500000000
48013  -29.924  -32.616  54.029 0.5000000000
55392  -22.774  -24.739  58.663 0.2500000000
50839  -28.940  -29.808  56.209 0.3750000000
50840  -29.405  -30.212  55.795 0.3750000000
48014  -30.592  -32.509  53.762 0.5000000000
55387  -23.424  -24.749  58.966 0.2500000000
53564  -23.783  -26.270  58.669 0.2500000000
55388  -23.893  -24.983  58.978 0.2500000000
128697  -25.166  -24.818  58.385 0.2500000000
52595  -27.247  -27.684  53.624 0.2500000000
140181  -25.414  -22.968  57.604 0.2500000000
56277  -25.466  -23.906  57.011 0.2500000000
52590  -26.583  -27.135  53.999 0.2500000000
57144  -25.169  -22.296  56.772 0.2500000000
56284  -24.960  -23.330  56.155 0.2500000000
57150  -24.758  -22.529  55.804 0.2500000000
57154  -24.570  -22.745  55.132 0.2500000000
56296  -24.344  -23.056  54.402 0.2500000000
129962  -24.936  -25.648  52.476 0.1250000000
53618  -25.592  -26.240  52.059 0.2500000000
56300  -24.074  -23.541  53.604 0.2500000000
55444  -23.960  -24.484  52.337 0.1250000000
55452  -23.902  -24.655  51.430 0.1250000000
54555  -24.438  -25.182  51.943 0.1250000000
57166  -23.785  -22.651  52.994 0.1250000000
57172  -23.439  -22.873  52.169 0.1250000000
50109  -5.415  -29.799  41.574 0.1250000000
50110  -5.522  -30.197  41.026 0.1250000000
56283  -20.097  -23.572  56.823 0.5000000000
55403  -20.938  -24.031  57.215 0.5000000000
49981  -29.936  -31.254  55.253 0.3750000000
48006  -30.156  -32.253  54.363 0.3750000000
55398  -22.104  -24.278  58.414 0.3750000000
50846  -29.756  -29.928  54.958 0.3750000000
49980  -29.387  -30.851  55.830 0.3750000000
55393  -23.133  -24.720  58.862 0.2500000000
51709  -28.430  -28.734  55.026 0.3750000000
50845  -29.127  -29.508  55.488 0.3750000000
56255  -23.212  -24.020  59.244 0.2500000000
56262  -24.235  -23.644  59.211 0.2500000000
52605  -26.728  -27.186  53.087 0.2500000000
57139  -25.305  -22.221  57.447 0.2500000000
121658  -24.833  -21.592  56.023 0.2500000000
54565  -24.473  -25.313  51.004 0.1250000000
54556  -25.027  -25.812  51.516 0.1250000000
48090  -31.639  -32.609  46.679 0.2500000000
58046  -24.650  -21.616  55.274 0.2500000000
57153  -24.430  -22.036  54.502 0.2500000000
58049  -24.276  -21.369  53.850 0.2500000000
58057  -23.974  -21.654  53.142 0.1250000000
58064  -23.581  -21.878  52.408 0.1250000000
56313  -23.214  -23.123  51.280 0.1250000000
56320  -23.463  -24.032  50.904 0.1250000000
57171  -23.240  -22.128  51.586 0.1250000000
50964  -5.346  -29.396  41.736 0.2500000000
51821  -5.371  -29.181  41.417 0.1250000000
50965  -5.420  -29.618  41.017 0.1250000000
56275  -20.483  -23.323  57.653 0.3750000000
49988  -30.706  -30.910  54.602 0.3750000000
48007  -30.988  -32.103  54.092 0.5000000000
56268  -21.732  -23.490  58.760 0.3750000000
49987  -29.996  -30.589  55.248 0.3750000000
124352  -22.692  -23.971  59.045 0.2500000000
50854  -29.209  -29.263  54.394 0.3750000000
132789  -23.468  -23.470  59.399 0.2500000000
51715  -27.958  -28.245  53.150 0.2500000000
58033  -24.994  -21.730  58.243 0.2500000000
52615  -26.809  -27.316  52.092 0.2500000000
58038  -25.221  -21.413  56.943 0.2500000000
124174  -31.367  -32.599  45.928 0.2500000000
140533  -24.665  -20.220  55.364 0.1250000000
58894  -24.940  -20.805  56.285 0.2500000000
54566  -25.126  -25.899  50.561 0.1250000000
53628  -25.703  -26.338  51.078 0.1250000000
58897  -24.606  -20.647  54.932 0.1250000000
58045  -24.479  -21.163  54.505 0.1250000000
58899  -24.438  -20.330  53.879 0.1250000000
58906  -24.178  -20.852  53.247 0.1250000000
56319  -23.145  -23.369  50.393 0.1250000000
55457  -23.527  -24.158  49.984 0.1250000000
58919  -23.542  -20.392  51.282 0.1250000000
58063  -23.540  -21.128  51.828 0.1250000000
58069  -23.169  -21.403  50.992 0.1250000000
57176  -22.981  -22.427  50.720 0.1250000000
56325  -23.154  -23.573  49.570 0.1250000000
58075  -22.726  -21.725  50.054 0.1250000000
122163  -22.848  -22.789  49.898 0.1250000000
59864  -23.575  -19.621  50.712 0.1250000000
127053  -23.068  -20.646  50.468 0.1250000000
58928  -22.611  -20.777  49.565 0.1250000000
58934  -22.296  -20.572  48.784 0.1250000000
58074  -22.464  -21.570  49.172 0.1250000000
52714  -6.447  -27.706  42.426 0.3750000000
52725  -5.930  -28.099  41.643 0.2500000000
126569  -5.619  -28.607  41.118 0.1250000000
48983  -31.299  -31.432  54.196 0.3750000000
48984  -32.073  -31.092  53.854 0.5000000000
48993  -31.720  -31.795  53.769 0.6250000000
48016  -32.035  -32.087  53.225 0.6250000000
57142  -19.268  -22.836  57.957 0.3750000000
56267  -20.882  -23.054  58.465 0.3750000000
50847  -30.396  -30.185  54.514 0.3750000000
58027  -22.838  -21.572  59.765 0.2500000000
57130  -22.161  -22.655  59.584 0.2500000000
50855  -29.872  -29.591  53.968 0.3750000000
59808  -24.120  -19.935  58.838 0.2500000000
58028  -23.626  -21.702  59.491 0.2500000000
59815  -24.893  -19.754  57.855 0.2500000000
58880  -25.006  -20.618  57.984 0.2500000000
51726  -28.057  -28.293  52.153 0.2500000000
125240  -33.029  -31.473  48.094 0.3750000000
59838  -24.651  -19.399  56.033 0.1250000000
59831  -24.855  -19.494  56.659 0.1250000000
58891  -25.007  -20.151  56.689 0.2500000000
52626  -26.903  -27.408  51.134 0.2500000000
48091  -31.831  -32.029  46.188 0.2500000000
48078  -32.614  -31.236  47.277 0.5000000000
50919  -33.442  -28.651  46.647 0.5000000000
123266  -24.612  -19.709  55.335 0.1250000000
132509  -24.813  -20.065  56.037 0.1250000000
53629  -26.264  -26.817  51.583 0.1250000000
51776  -33.762  -27.936  46.180 0.6250000000
59846  -24.550  -19.580  53.937 0.1250000000
131288  -24.581  -19.961  54.668 0.1250000000
54575  -24.584  -25.403  50.015 0.1250000000
53635  -25.803  -26.454  50.120 0.1250000000
51796  -33.777  -28.322  44.867 0.5000000000
51786  -33.846  -27.928  45.372 0.5000000000
51777  -34.327  -27.481  46.652 0.6250000000
52687  -34.595  -26.743  46.204 0.6250000000
126205  -24.284  -20.145  52.824 0.1250000000
58912  -23.933  -20.203  52.059 0.1250000000
51797  -34.302  -27.720  44.696 0.5000000000
55462  -23.582  -24.220  49.085 0.1250000000
52696  -34.510  -26.924  45.098 0.6250000000
57181  -22.605  -22.404  49.261 0.1250000000
52708  -34.963  -27.195  44.245 0.6250000000
131774  -23.018  -20.024  50.002 0.1250000000
59873  -22.619  -19.779  49.260 0.1250000000
57186  -22.425  -22.144  48.526 0.1250000000
58080  -22.219  -21.327  48.438 0.1250000000
119306  -35.267  -27.231  43.269 0.6250000000
121812  -22.022  -19.831  48.269 0.1250000000
121683  -21.978  -20.696  48.136 0.1250000000
58940  -21.708  -20.452  47.461 0.1250000000
53707  -6.678  -26.862  41.367 0.1250000000
57136  -19.503  -22.480  58.884 0.3750000000
57137  -20.423  -22.489  58.974 0.3750000000
48994  -32.344  -31.369  53.359 0.5000000000
57128  -20.847  -22.111  59.603 0.3750000000
57129  -21.732  -22.492  59.589 0.3750000000
50848  -31.171  -30.165  54.089 0.3750000000
59798  -22.540  -19.596  59.843 0.3750000000
58864  -22.688  -20.582  59.872 0.3750000000
57122  -22.365  -22.264  59.733 0.2500000000
50866  -29.932  -29.230  53.081 0.3750000000
49041  -34.146  -30.938  49.176 0.6250000000
60683  -22.934  -18.617  59.137 0.3750000000
59814  -24.363  -19.348  58.358 0.2500000000
51727  -29.384  -28.752  52.440 0.3750000000
50049  -33.555  -30.847  48.193 0.5000000000
50050  -33.796  -29.973  47.716 0.5000000000
60691  -23.939  -18.688  58.299 0.2500000000
119776  -24.695  -18.926  57.425 0.2500000000
51736  -28.790  -28.494  51.822 0.3750000000
141116  -33.126  -31.032  47.720 0.5000000000
50059  -33.092  -30.445  47.337 0.5000000000
50060  -33.288  -29.494  47.040 0.3750000000
50920  -34.138  -28.276  46.983 0.5000000000
60706  -24.694  -18.992  56.658 0.1250000000
52627  -27.607  -27.789  50.788 0.1250000000
53636  -26.360  -26.923  50.622 0.1250000000
59853  -24.505  -19.342  53.025 0.1250000000
59858  -24.348  -19.426  52.223 0.1250000000
52688  -34.669  -26.405  45.432 0.5000000000
52697  -34.919  -26.562  44.651 0.6250000000
130406  -22.240  -21.980  47.788 0.1250000000
57187  -22.723  -22.983  48.511 0.1250000000
143217  -22.519  -22.580  47.931 0.1250000000
52719  -34.999  -27.362  42.270 0.1250000000
59890  -21.940  -18.829  48.024 0.1250000000
58084  -21.937  -21.262  47.590 0.1250000000
139506  -21.556  -19.499  47.247 0.1250000000
140253  -21.495  -20.270  46.700 0.1250000000
52720  -35.632  -26.826  42.478 0.1250000000
49990  -32.306  -30.301  53.549 0.3750000000
57135  -18.736  -22.822  58.499 0.3750000000
50849  -31.962  -29.814  53.618 0.3750000000
49989  -31.640  -30.648  54.060 0.3750000000
57127  -20.036  -22.065  59.611 0.3750000000
135492  -31.516  -29.472  53.492 0.3750000000
58863  -21.980  -20.300  60.172 0.3750000000
58025  -21.517  -21.065  60.218 0.3750000000
50867  -30.686  -29.125  53.039 0.2500000000
60689  -22.675  -18.278  59.068 0.3750000000
51728  -30.103  -28.823  52.394 0.2500000000
124169  -34.486  -30.185  48.957 0.6250000000
50039  -34.118  -30.331  48.430 0.6250000000
60697  -23.817  -18.248  57.984 0.2500000000
50902  -34.437  -29.542  48.255 0.5000000000
50912  -34.015  -29.132  47.329 0.5000000000
60705  -24.342  -18.521  56.692 0.1250000000
50903  -35.106  -28.881  48.717 0.6250000000
50913  -34.607  -28.677  47.743 0.6250000000
120185  -24.309  -18.643  55.150 0.1250000000
60714  -24.464  -18.872  55.976 0.1250000000
52677  -35.099  -27.242  47.117 0.6250000000
60722  -24.511  -18.837  54.420 0.1250000000
60731  -24.551  -18.998  53.655 0.1250000000
53690  -35.372  -25.891  45.761 0.5000000000
132821  -35.267  -26.157  44.280 0.5000000000
121742  -22.064  -21.914  46.978 0.1250000000
57192  -22.478  -22.591  47.222 0.1250000000
52709  -35.401  -26.684  43.895 0.6250000000
53704  -35.689  -25.558  43.848 0.5000000000
58945  -21.730  -21.106  46.661 0.1250000000
137974  -35.691  -26.626  43.200 0.5000000000
54624  -36.265  -25.512  43.079 0.6250000000
53708  -36.069  -26.225  42.706 0.1250000000
53715  -35.984  -26.380  41.794 0.1250000000
56266  -18.234  -23.204  58.961 0.5000000000
143030  -32.521  -30.725  53.388 0.3750000000
49997  -32.856  -30.064  53.066 0.6250000000
58023  -19.966  -21.040  60.428 0.3750000000
134055  -19.308  -22.256  59.864 0.3750000000
51717  -31.629  -28.644  53.044 0.2500000000
60680  -20.959  -18.117  60.026 0.2500000000
58024  -20.781  -20.944  60.336 0.3750000000
58030  -20.424  -21.568  60.078 0.3750000000
51729  -30.946  -28.433  52.569 0.2500000000
61556  -22.141  -18.011  59.312 0.2500000000
60681  -21.705  -18.247  59.814 0.2500000000
61570  -22.339  -17.544  57.252 0.2500000000
61564  -22.695  -17.950  58.599 0.2500000000
50891  -34.884  -29.660  49.253 0.6250000000
61582  -23.728  -18.012  56.729 0.1250000000
61592  -24.042  -18.368  55.893 0.1250000000
121901  -35.932  -24.192  43.643 0.6250000000
54625  -36.183  -24.828  43.415 0.5000000000
54630  -36.496  -25.654  42.141 0.2500000000
54631  -36.901  -24.804  42.631 0.5000000000
53723  -36.350  -25.825  41.134 0.1250000000
141899  -19.549  -19.785  60.793 0.3750000000
50857  -32.285  -28.721  53.137 0.2500000000
50858  -32.567  -29.417  53.187 0.3750000000
50859  -33.084  -29.164  52.799 0.2500000000
60673  -20.584  -18.624  60.330 0.2500000000
131054  -32.792  -28.602  52.919 0.1250000000
56373  -35.987  -23.461  43.609 0.5000000000
57252  -37.015  -22.923  41.966 0.3750000000
125196  -37.242  -24.042  42.612 0.3750000000
55510  -36.736  -24.120  43.261 0.6250000000
56393  -37.099  -23.391  41.193 0.2500000000
55516  -37.235  -24.348  41.901 0.3750000000
54636  -36.988  -25.050  41.514 0.2500000000
142902  -19.077  -22.026  60.450 0.5000000000
129328  -19.180  -21.408  60.649 0.5000000000
52596  -32.299  -27.682  52.816 0.2500000000
52608  -31.812  -27.491  52.686 0.2500000000
58137  -36.064  -22.211  42.576 0.3750000000
57246  -36.487  -22.701  42.609 0.3750000000
123367  -35.992  -22.014  42.031 0.3750000000
59025  -34.960  -21.250  41.259 0.3750000000
58145  -36.065  -22.128  41.190 0.3750000000
57258  -36.644  -22.774  41.189 0.3750000000
123068  -36.310  -22.621  40.549 0.2500000000
136689  -32.737  -27.746  52.747 0.1250000000
130524  -33.410  -25.167  51.912 0.2500000000
120625  -30.959  -27.048  51.551 0.2500000000
58048  -8.975  -21.532  53.646 0.2500000000
59013  -35.048  -21.104  42.007 0.3750000000
59012  -34.310  -20.809  41.759 0.3750000000
131535  -33.024  -26.522  52.471 0.1250000000
53621  -31.959  -26.433  52.365 0.2500000000
128589  -32.387  -26.848  52.615 0.1250000000
135159  -32.069  -25.105  51.880 0.1250000000
55435  -32.733  -25.245  52.256 0.1250000000
139616  -31.701  -26.813  52.307 0.2500000000
54547  -31.959  -25.867  51.954 0.2500000000
55445  -32.012  -24.344  51.694 0.2500000000
58892  -8.543  -20.965  56.262 0.3750000000
58896  -9.343  -20.582  54.043 0.2500000000
59840  -9.420  -19.529  53.770 0.2500000000
133483  -9.556  -20.191  53.205 0.2500000000
59845  -9.724  -19.459  52.813 0.2500000000
58997  -32.694  -20.438  42.182 0.3750000000
59011  -33.386  -20.618  41.552 0.3750000000
55446  -32.705  -24.310  52.116 0.2500000000
57167  -32.745  -23.335  52.000 0.2500000000
59925  -31.936  -20.140  42.038 0.3750000000
59023  -32.213  -20.431  40.492 0.3750000000
59941  -31.647  -19.995  41.185 0.5000000000
61669  -9.970  -17.773  47.891 0.1250000000
62555  -10.170  -17.035  47.408 0.1250000000
62746  -36.306  -17.257  33.742 0.2500000000
62626  -39.171  -16.937  42.586 0.5000000000
122095  -39.953  -16.689  42.411 0.5000000000
62636  -38.798  -17.133  41.742 0.5000000000
140290  -39.421  -16.981  42.034 0.5000000000
119123  -38.115  -17.239  40.941 0.5000000000
119122  -38.979  -17.187  40.795 0.5000000000
61796  -39.575  -17.898  33.098 0.5000000000
61797  -40.323  -17.812  32.702 0.5000000000
61807  -40.835  -17.416  31.834 0.5000000000
143428  -40.690  -17.529  32.422 0.3750000000
61808  -41.100  -17.010  31.933 0.5000000000
63609  -41.010  -15.877  32.470 0.6250000000
128202  -40.825  -14.872  32.386 0.6250000000
127390  -40.859  -13.853  32.305 0.5000000000
141266  -41.312  -12.083  28.977 0.5000000000
62637  -40.613  -16.630  41.836 0.5000000000
62613  -41.192  -16.027  43.155 0.3750000000
119117  -39.197  -17.216  39.997 0.5000000000
142703  -39.609  -17.085  40.592 0.5000000000
135496  -38.672  -17.250  39.313 0.5000000000
61798  -40.989  -17.142  32.533 0.5000000000
62758  -41.140  -16.683  32.549 0.6250000000
67303  -42.399  -11.586  31.335 0.5000000000
68121  -44.425  -10.521  30.460 0.2500000000
68125  -44.355  -10.207  29.592 0.5000000000
122278  -43.819  -10.473  29.191 0.3750000000
68133  -44.137  -9.823  28.899 0.3750000000
68142  -43.132  -10.095  27.845 0.3750000000
62648  -40.193  -16.899  40.754 0.5000000000
62666  -39.954  -17.113  40.014 0.5000000000
135254  -39.867  -17.065  38.393 0.5000000000
61785  -40.863  -17.369  33.230 0.5000000000
62759  -41.364  -16.215  33.232 0.6250000000
120445  -44.890  -10.487  31.218 0.2500000000
138885  -45.151  -10.150  30.625 0.2500000000
68122  -45.023  -9.904  29.990 0.2500000000
68915  -44.445  -8.882  28.762 0.2500000000
68916  -45.038  -8.830  29.312 0.3750000000
68914  -43.709  -9.416  28.189 0.5000000000
61746  -39.627  -17.037  37.458 0.5000000000
68900  -46.050  -9.560  31.110 0.2500000000
68911  -45.923  -8.744  30.224 0.2500000000
68907  -46.314  -9.028  30.815 0.2500000000
69696  -46.916  -8.638  31.224 0.2500000000
68910  -45.363  -9.172  29.791 0.2500000000
69703  -46.528  -8.329  30.637 0.2500000000
69704  -47.166  -7.957  31.063 0.2500000000
69713  -44.990  -8.155  29.117 0.3750000000
70609  -45.579  -7.650  29.521 0.2500000000
69709  -46.097  -7.999  30.060 0.2500000000
70603  -46.708  -7.585  30.522 0.3750000000
69712  -44.375  -7.874  28.451 0.2500000000
70610  -46.208  -7.191  29.957 0.2500000000
70614  -45.025  -7.294  28.937 0.2500000000
71504  -45.666  -6.809  29.367 0.3750000000
71509  -44.503  -6.918  28.300 0.2500000000
70604  -47.378  -7.246  30.957 0.2500000000
70611  -46.917  -6.733  30.431 0.2500000000
71505  -46.332  -6.384  29.776 0.3750000000
71510  -45.154  -6.406  28.718 0.3750000000
71515  -44.600  -5.943  27.952 0.2500000000
71499  -48.104  -6.276  31.118 0.3750000000
72385  -48.073  -5.507  30.798 0.3750000000
71506  -46.885  -5.998  30.132 0.2500000000
72396  -46.535  -5.575  29.576 0.3750000000
72407  -45.374  -5.502  28.477 0.2500000000
72417  -44.969  -4.981  27.793 0.2500000000
72397  -47.324  -5.235  30.099 0.3750000000
73243  -48.157  -4.617  30.377 0.3750000000
73250  -46.833  -4.720  29.295 0.3750000000
74144  -48.474  -3.723  29.805 0.5000000000
72408  -46.084  -5.105  28.909 0.3750000000
73260  -46.447  -4.315  28.541 0.3750000000
73272  -46.115  -3.957  27.816 0.2500000000
140545  -48.516  -3.362  29.236 0.5000000000
75009  -49.842  -2.710  29.552 0.2500000000
74143  -47.985  -3.582  29.104 0.5000000000
74168  -46.610  -3.516  27.357 0.3750000000
74183  -47.164  -3.262  26.823 0.5000000000
75031  -48.012  -3.072  26.980 0.5000000000
127931  -46.947  -3.259  26.195 0.3750000000
75045  -48.647  -2.779  26.330 0.5000000000
75044  -47.701  -3.046  26.154 0.3750000000
75060  -47.870  -2.829  25.354 0.3750000000
122270  -49.489  -2.417  25.959 0.3750000000
75063  -50.390  -2.080  25.785 0.3750000000
122166  -48.221  -2.675  24.154 0.3750000000
75079  -47.860  -2.889  23.555 0.3750000000
75080  -48.711  -2.797  23.647 0.3750000000
140974  -50.254  -2.149  26.396 0.5000000000
75062  -49.491  -2.375  25.136 0.5000000000
121645  -49.066  -2.537  24.330 0.6250000000
75069  -50.052  -2.356  24.504 0.6250000000
75070  -50.499  -2.109  25.169 0.3750000000
75088  -48.351  -3.144  22.981 0.2500000000
75089  -49.284  -3.102  23.105 0.3750000000
74227  -48.662  -3.938  21.803 0.1250000000
74228  -49.619  -3.987  21.917 0.3750000000
74217  -49.919  -3.506  22.564 0.3750000000
73313  -50.345  -4.412  21.249 0.2500000000
73323  -52.054  -4.100  19.840 0.1250000000
74236  -51.841  -3.913  19.345 0.1250000000
75104  -52.083  -2.343  18.955 0.1250000000
75899  -51.889  -1.601  18.723 0.2500000000
75111  -51.460  -2.523  18.550 0.1250000000
75110  -50.646  -2.595  18.094 0.1250000000
75081  -49.645  -2.683  23.778 0.5000000000
75091  -51.294  -2.820  23.263 0.3750000000
74218  -50.914  -3.399  22.613 0.3750000000
142709  -51.443  -3.736  22.009 0.3750000000
74230  -52.159  -3.729  21.647 0.1250000000
74231  -52.753  -3.519  21.096 0.3750000000
73314  -51.429  -4.222  21.218 0.2500000000
74234  -52.430  -3.824  20.357 0.1250000000
75097  -53.084  -2.986  20.354 0.2500000000
75895  -53.003  -2.095  19.533 0.2500000000
74237  -52.433  -3.395  19.721 0.1250000000
75105  -52.470  -2.690  19.333 0.1250000000
75900  -52.663  -1.581  19.139 0.2500000000
130573  -52.322  -0.510  18.811 0.2500000000
76615  -51.503  -0.939  18.531 0.2500000000
75098  -53.713  -2.104  20.665 0.2500000000
75101  -53.426  -2.106  19.936 0.2500000000
75896  -53.321  -1.315  19.586 0.2500000000
77387  -53.295  0.292  19.533 0.2500000000
57239  -35.982  -22.915  43.529 0.3750000000
58044  -9.015  -21.425  54.540 0.3750000000
58136  -35.844  -21.762  42.608 0.3750000000
59833  -8.536  -19.870  55.825 0.2500000000
58898  -9.377  -20.959  53.020 0.2500000000
62611  -39.644  -16.533  43.278 0.5000000000
62612  -40.425  -16.286  43.221 0.5000000000
62627  -40.714  -16.417  42.610 0.5000000000
62665  -39.569  -17.193  39.182 0.5000000000
68120  -43.560  -10.948  30.721 0.2500000000
48015  -31.312  -32.352  53.505 0.6250000000
59940  -31.105  -19.005  40.892 0.5000000000
50892  -35.320  -29.079  49.752 0.5000000000
57146  -18.921  -23.037  57.242 0.5000000000
56282  -19.184  -23.350  56.529 0.5000000000
51811  -5.426  -28.858  41.903 0.1250000000
58144  -35.623  -21.616  41.804 0.3750000000
139855  -32.942  -20.412  42.832 0.5000000000
119114  -38.007  -17.195  38.788 0.6250000000
61754  -39.147  -17.073  36.584 0.6250000000
74169  -47.416  -3.333  27.591 0.3750000000
75032  -48.943  -2.835  27.194 0.5000000000
68132  -43.507  -10.313  28.560 0.3750000000
74156  -46.871  -3.680  28.116 0.5000000000
138040  -49.051  -3.107  29.373 0.5000000000
75022  -50.323  -2.089  28.973 0.2500000000
48077  -32.099  -32.036  47.006 0.2500000000
57126  -18.746  -22.712  59.415 0.5000000000
133886  -50.991  -1.547  26.386 0.3750000000
51686  -25.587  -29.131  58.031 0.2500000000
51685  -25.080  -29.052  58.131 0.2500000000
51692  -26.342  -29.029  57.682 0.2500000000
52579  -26.231  -27.665  56.969 0.2500000000
48968  -28.691  -31.724  56.135 0.2500000000
47990  -27.764  -32.119  56.646 0.2500000000
52560  -23.976  -27.712  58.421 0.2500000000
51677  -24.222  -28.274  58.284 0.2500000000
50835  -28.317  -29.804  56.699 0.3750000000
140453  -24.700  -27.734  58.472 0.2500000000
53581  -25.549  -26.909  57.802 0.2500000000
51693  -27.072  -29.205  57.249 0.1250000000
52580  -26.752  -28.451  56.900 0.1250000000
51703  -27.807  -28.439  55.789 0.2500000000
53586  -25.881  -26.909  57.179 0.2500000000
53592  -26.531  -27.773  56.358 0.2500000000
128237  -26.993  -27.950  55.409 0.2500000000
126367  -25.782  -26.128  56.766 0.2500000000
55406  -25.639  -25.460  57.146 0.2500000000
119258  -25.711  -25.907  56.082 0.2500000000
141519  -25.900  -26.448  55.084 0.2500000000
55422  -25.320  -25.026  55.629 0.2500000000
54526  -25.599  -25.814  55.438 0.2500000000
55434  -24.770  -24.616  54.573 0.2500000000
54535  -25.135  -25.475  54.084 0.2500000000
48970  -29.673  -31.925  55.094 0.2500000000
53572  -24.171  -26.965  58.661 0.2500000000
53565  -24.021  -26.199  58.779 0.2500000000
53573  -24.651  -27.032  58.587 0.2500000000
140376  -24.622  -25.315  58.718 0.2500000000
55399  -25.446  -25.580  57.944 0.2500000000
129420  -27.612  -28.172  55.085 0.2500000000
56278  -25.517  -24.747  56.761 0.2500000000
53610  -26.100  -26.653  53.576 0.2500000000
53619  -26.158  -26.711  52.594 0.2500000000
141568  -24.092  -24.305  53.078 0.2500000000
54510  -22.433  -25.160  58.119 0.3750000000
54503  -23.164  -25.414  58.554 0.2500000000
54504  -23.487  -25.493  58.716 0.2500000000
54500  -23.948  -25.539  58.935 0.2500000000
55394  -24.354  -24.709  58.936 0.2500000000
56269  -25.491  -23.726  57.843 0.2500000000
51708  -27.812  -28.187  54.229 0.2500000000
56263  -24.969  -23.762  58.641 0.2500000000
135799  -25.362  -23.052  57.147 0.2500000000
120813  -25.157  -23.181  56.629 0.2500000000
57147  -24.953  -22.401  56.335 0.2500000000
58040  -25.029  -21.537  56.495 0.2500000000
57158  -24.146  -22.370  53.758 0.2500000000
56274  -19.648  -23.109  57.365 0.5000000000
55404  -21.724  -24.588  57.689 0.5000000000
56276  -21.345  -23.754  58.030 0.5000000000
48982  -30.463  -31.687  54.610 0.3750000000
55391  -22.362  -23.934  58.878 0.3750000000
55386  -22.942  -24.011  59.167 0.2500000000
51716  -28.563  -28.700  53.771 0.3750000000
57124  -23.979  -22.647  59.385 0.2500000000
52606  -27.381  -27.792  52.603 0.2500000000
57131  -24.684  -22.737  58.821 0.2500000000
58036  -25.196  -21.268  57.544 0.2500000000
55458  -23.949  -24.770  50.479 0.1250000000
120212  -24.765  -20.798  55.691 0.2500000000
57143  -20.031  -22.817  58.178 0.3750000000
56260  -22.108  -23.288  59.219 0.3750000000
56254  -22.739  -23.226  59.414 0.2500000000
56261  -22.414  -23.245  59.315 0.2500000000
50865  -29.271  -28.993  53.339 0.3750000000
57123  -23.133  -22.527  59.584 0.2500000000
58873  -24.559  -20.775  58.613 0.2500000000
58032  -24.359  -21.725  59.013 0.2500000000
129301  -25.100  -20.841  56.690 0.2500000000
58886  -25.145  -20.455  57.244 0.2500000000
120649  -23.914  -20.942  52.584 0.1250000000
57138  -21.312  -22.761  59.161 0.3750000000
50856  -30.628  -29.660  53.699 0.3750000000
58865  -23.310  -20.905  59.602 0.2500000000
58872  -23.943  -20.805  59.214 0.2500000000
141673  -24.665  -20.019  58.343 0.2500000000
59807  -23.597  -19.104  58.911 0.2500000000
128634  -28.664  -28.602  52.719 0.3750000000
59822  -24.615  -19.048  57.840 0.2500000000
59823  -24.943  -19.479  57.260 0.2500000000
52616  -27.478  -27.865  51.643 0.1250000000
51787  -34.109  -27.344  45.673 0.6250000000
57121  -21.812  -21.944  59.885 0.3750000000
58031  -21.184  -21.674  59.946 0.3750000000
59806  -22.983  -19.121  59.455 0.2500000000
59805  -22.420  -18.841  59.698 0.3750000000
58026  -22.147  -21.316  60.038 0.3750000000
143572  -23.403  -18.646  58.700 0.2500000000
60690  -23.259  -18.339  58.553 0.2500000000
60698  -24.335  -18.601  57.708 0.2500000000
61573  -24.129  -18.292  57.380 0.1250000000
60699  -24.821  -19.068  57.074 0.2500000000
59843  -24.561  -19.391  54.536 0.1250000000
60723  -24.547  -19.164  55.246 0.1250000000
140550  -31.142  -29.324  53.347 0.2500000000
59797  -21.795  -19.270  60.148 0.3750000000
61572  -23.595  -17.968  57.608 0.1250000000
136494  -23.340  -18.047  58.161 0.1250000000
141035  -24.224  -18.408  54.414 0.1250000000
53703  -35.792  -26.140  43.517 0.6250000000
58861  -20.313  -20.117  60.590 0.3750000000
57120  -19.696  -21.701  60.219 0.3750000000
60674  -21.346  -18.654  60.140 0.3750000000
59796  -20.938  -19.276  60.419 0.2500000000
58862  -21.238  -20.128  60.389 0.3750000000
61563  -21.736  -17.621  58.666 0.2500000000
137796  -23.144  -17.746  57.202 0.1250000000
121294  -22.327  -17.617  58.075 0.2500000000
61591  -23.405  -17.927  55.696 0.1250000000
58021  -19.365  -20.557  60.775 0.5000000000
59795  -20.124  -19.206  60.588 0.3750000000
119238  -36.377  -23.055  43.227 0.5000000000
56378  -37.042  -23.320  42.925 0.3750000000
122688  -35.485  -21.721  40.756 0.2500000000
59839  -8.996  -19.524  54.810 0.2500000000
135197  -39.738  -16.942  41.419 0.5000000000
68124  -43.754  -10.767  29.867 0.6250000000
68909  -44.757  -9.478  29.358 0.3750000000
68906  -45.642  -9.520  30.508 0.2500000000
69708  -45.512  -8.427  29.655 0.2500000000
143140  -47.578  -6.662  30.898 0.3750000000
71498  -47.472  -6.079  30.591 0.3750000000
73251  -47.629  -4.267  29.605 0.3750000000
74145  -49.312  -3.337  30.135 0.3750000000
136926  -45.378  -4.236  27.482 0.2500000000
74167  -45.846  -3.694  27.075 0.3750000000
75046  -49.628  -2.490  26.719 0.5000000000
139425  -48.207  -2.811  25.844 0.5000000000
121299  -48.492  -2.596  24.828 0.5000000000
75061  -48.675  -2.610  25.556 0.6250000000
128088  -47.558  -2.810  24.051 0.3750000000
129347  -47.935  -3.924  21.670 0.2500000000
74216  -48.944  -3.532  22.448 0.3750000000
75090  -50.270  -2.989  23.200 0.3750000000
73312  -49.297  -4.419  21.278 0.2500000000
74229  -50.618  -3.933  21.969 0.3750000000
73322  -51.758  -4.435  20.275 0.1250000000
130887  -51.373  -4.582  18.995 0.1250000000
74240  -51.835  -3.221  18.951 0.1250000000
75906  -51.066  -1.711  18.369 0.1250000000
76609  -53.085  -0.490  19.283 0.2500000000
135313  -50.184  -1.754  18.057 0.1250000000
74233  -52.195  -4.043  20.913 0.1250000000
75100  -52.914  -2.678  19.744 0.2500000000
77386  -52.848  0.366  19.125 0.2500000000
54524  -20.387  -25.605  55.400 0.2500000000
55412  -20.511  -24.372  56.436 0.3750000000
54520  -20.795  -25.267  56.160 0.3750000000
53589  -21.007  -26.149  55.940 0.3750000000
53595  -20.643  -26.459  55.180 0.2500000000
58066  -34.664  -21.381  50.811 0.1250000000
128530  -34.511  -22.263  51.048 0.1250000000
125125  -13.288  -23.475  64.086 0.2500000000
141945  -34.522  -23.152  51.039 0.1250000000
58007  -13.203  -22.643  63.619 0.2500000000
58011  -14.151  -22.510  62.999 0.2500000000
55413  -21.315  -24.894  56.880 0.3750000000
53596  -21.245  -26.984  55.702 0.2500000000
121722  -21.468  -27.812  55.488 0.2500000000
52589  -21.081  -28.120  54.660 0.2500000000
58020  -18.508  -21.047  61.127 0.2500000000
51707  -21.283  -28.902  54.231 0.2500000000
58855  -18.570  -19.979  61.064 0.2500000000
131803  -34.439  -20.382  51.210 0.1250000000
119451  -17.652  -20.706  61.401 0.2500000000
60671  -18.908  -18.525  60.322 0.2500000000
139674  -19.418  -18.140  60.047 0.2500000000
128785  -34.609  -20.430  50.834 0.1250000000
59855  -34.441  -19.539  51.448 0.1250000000
59856  -34.601  -19.734  51.042 0.1250000000
58003  -11.075  -21.684  63.804 0.3750000000
58840  -11.897  -21.240  63.640 0.3750000000
59793  -18.081  -19.005  60.752 0.2500000000
60678  -18.728  -18.150  59.736 0.2500000000
58845  -12.126  -20.586  63.341 0.2500000000
120870  -12.576  -20.454  63.022 0.2500000000
58015  -15.799  -22.021  62.244 0.2500000000
127436  -16.681  -20.538  61.495 0.2500000000
58854  -17.469  -19.827  61.142 0.2500000000
59803  -17.341  -18.845  59.994 0.2500000000
60688  -19.501  -17.793  59.405 0.2500000000
58908  -34.165  -21.156  51.436 0.1250000000
57174  -34.835  -22.699  50.620 0.1250000000
58067  -34.723  -21.709  50.684 0.1250000000
58915  -34.705  -20.783  50.597 0.1250000000
140250  -12.636  -21.817  63.497 0.2500000000
121732  -13.007  -21.055  63.004 0.2500000000
58014  -14.837  -21.952  62.597 0.2500000000
59792  -17.227  -19.365  60.624 0.2500000000
60677  -17.947  -18.374  59.393 0.2500000000
60687  -18.588  -18.017  58.904 0.2500000000
58059  -34.231  -22.033  51.357 0.1250000000
128323  -34.789  -21.138  50.474 0.1250000000
126612  -12.955  -22.034  63.428 0.2500000000
58013  -13.949  -21.884  62.904 0.2500000000
58018  -15.657  -21.258  61.958 0.2500000000
58853  -15.792  -20.599  61.231 0.2500000000
59791  -16.618  -19.531  60.209 0.2500000000
58852  -13.947  -20.876  62.122 0.2500000000
58849  -14.486  -21.446  62.347 0.2500000000
126693  -14.855  -20.995  61.632 0.2500000000
58859  -14.912  -20.739  60.590 0.2500000000
140674  -16.021  -19.918  59.673 0.2500000000
59802  -16.574  -19.354  59.368 0.2500000000
127333  -17.811  -18.373  58.422 0.2500000000
58869  -15.136  -20.515  59.434 0.2500000000
58870  -15.851  -20.199  60.397 0.2500000000
59813  -17.179  -18.808  58.937 0.2500000000
52578  -21.878  -27.463  56.198 0.2500000000
61537  -11.392  -17.621  62.793 0.2500000000
137142  -21.865  -28.791  55.303 0.2500000000
60655  -10.751  -18.887  63.465 0.3750000000
61532  -11.091  -18.240  63.274 0.2500000000
60661  -11.670  -18.304  62.993 0.2500000000
59780  -10.389  -19.569  63.579 0.3750000000
59781  -11.135  -19.582  63.489 0.3750000000
60672  -19.780  -18.573  60.408 0.2500000000
59782  -11.709  -19.635  63.271 0.3750000000
60663  -12.384  -18.982  62.498 0.2500000000
60679  -20.130  -18.054  60.110 0.2500000000
61554  -20.477  -17.718  59.520 0.1250000000
59774  -10.087  -20.315  63.660 0.3750000000
59776  -11.527  -20.400  63.495 0.3750000000
59784  -12.175  -19.531  62.981 0.2500000000
59785  -12.561  -19.784  62.699 0.2500000000
61561  -20.103  -17.487  58.703 0.1250000000
59851  -34.091  -19.301  51.979 0.1250000000
58847  -13.110  -20.471  62.569 0.2500000000
61560  -19.223  -17.686  58.345 0.1250000000
60735  -33.480  -17.787  52.689 0.1250000000
58851  -13.442  -20.212  61.802 0.2500000000
58904  -33.874  -20.994  51.653 0.1250000000
131399  -18.422  -17.987  57.897 0.2500000000
61567  -19.000  -17.639  57.338 0.2500000000
58054  -34.162  -22.205  51.630 0.1250000000
142770  -14.566  -20.709  59.866 0.2500000000
59821  -17.073  -18.877  57.914 0.2500000000
60696  -18.245  -17.914  56.911 0.2500000000
53590  -21.720  -26.658  56.396 0.3750000000
61544  -11.012  -16.976  62.419 0.2500000000
61536  -10.522  -17.649  63.078 0.3750000000
61545  -11.682  -17.161  62.124 0.2500000000
60654  -9.858  -18.880  63.514 0.3750000000
61538  -11.911  -17.815  62.484 0.2500000000
123209  -22.436  -30.431  53.896 0.3750000000
50853  -21.464  -29.452  53.801 0.3750000000
141427  -34.317  -17.921  52.145 0.1250000000
61620  -34.025  -17.447  52.680 0.1250000000
60666  -12.248  -18.131  62.222 0.2500000000
60736  -34.040  -18.320  52.289 0.1250000000
58837  -9.888  -21.103  63.673 0.3750000000
60662  -12.051  -18.571  62.738 0.2500000000
60667  -12.578  -18.628  61.913 0.2500000000
60670  -12.614  -18.358  61.008 0.2500000000
58002  -9.867  -21.880  63.702 0.3750000000
59790  -12.983  -19.419  61.405 0.2500000000
59787  -12.839  -19.557  62.234 0.2500000000
61568  -19.843  -17.432  57.699 0.1250000000
119412  -33.312  -18.355  52.572 0.1250000000
58857  -13.526  -20.216  60.762 0.2500000000
61578  -19.601  -17.452  56.734 0.1250000000
58867  -13.616  -20.260  59.717 0.2500000000
120484  -14.134  -20.675  61.226 0.2500000000
49069  -22.514  -31.545  47.803 0.3750000000
58053  -33.710  -21.883  51.660 0.1250000000
61577  -18.827  -17.639  56.386 0.1250000000
58879  -15.871  -19.944  58.866 0.2500000000
59812  -16.478  -19.409  58.414 0.2500000000
60695  -17.688  -18.371  57.408 0.2500000000
54516  -22.019  -25.494  57.412 0.3750000000
54521  -21.545  -25.802  56.626 0.3750000000
63413  -11.606  -15.864  59.494 0.1250000000
63418  -12.108  -15.928  59.033 0.1250000000
62480  -11.684  -16.534  60.843 0.1250000000
142890  -11.854  -16.421  60.449 0.1250000000
61558  -12.394  -16.522  59.310 0.1250000000
142738  -22.306  -28.694  56.025 0.3750000000
51697  -22.066  -28.205  56.053 0.2500000000
62474  -11.860  -16.906  61.376 0.1250000000
62481  -11.963  -16.648  60.668 0.1250000000
50838  -22.331  -29.679  55.310 0.2500000000
61546  -12.082  -17.427  61.860 0.2500000000
61549  -12.168  -17.181  61.082 0.2500000000
61553  -12.632  -17.311  59.569 0.1250000000
50844  -22.263  -30.179  54.452 0.3750000000
49978  -22.614  -30.220  55.111 0.2500000000
120606  -22.723  -29.226  56.165 0.2500000000
59779  -9.532  -19.643  63.619 0.3750000000
61550  -12.455  -17.524  60.515 0.2500000000
48979  -22.878  -30.796  53.616 0.3750000000
49986  -22.921  -30.696  54.554 0.3750000000
60653  -8.973  -19.135  63.538 0.3750000000
137011  -12.354  -17.634  61.094 0.2500000000
61562  -20.898  -17.512  58.951 0.1250000000
61555  -21.338  -17.810  59.473 0.1250000000
126669  -23.343  -31.144  53.255 0.3750000000
122026  -23.445  -31.191  54.150 0.3750000000
48980  -23.668  -31.210  55.127 0.3750000000
61619  -33.581  -16.969  52.967 0.1250000000
122157  -34.658  -18.046  51.598 0.1250000000
60676  -12.797  -18.361  59.891 0.2500000000
61569  -20.854  -17.398  57.997 0.1250000000
48009  -23.845  -31.450  52.999 0.3750000000
48992  -23.819  -31.433  53.754 0.3750000000
48981  -24.228  -31.628  54.635 0.3750000000
60742  -34.701  -18.897  51.121 0.1250000000
59801  -13.066  -19.430  60.309 0.2500000000
61579  -20.435  -17.363  56.965 0.1250000000
61617  -32.934  -17.294  52.585 0.1250000000
58858  -14.099  -20.667  60.206 0.2500000000
49070  -23.224  -31.924  47.429 0.2500000000
49054  -23.111  -31.938  48.312 0.3750000000
61616  -32.688  -17.777  52.346 0.1250000000
58877  -14.535  -20.581  58.569 0.2500000000
58878  -15.223  -20.367  58.305 0.2500000000
58885  -15.835  -19.926  58.055 0.2500000000
61587  -19.485  -17.489  55.812 0.1250000000
49080  -22.633  -31.500  46.875 0.2500000000
48072  -23.879  -32.049  47.976 0.3750000000
58914  -31.894  -20.115  51.520 0.1250000000
59820  -16.273  -19.606  57.360 0.2500000000
49081  -23.533  -31.761  46.469 0.2500000000
49071  -23.986  -31.925  47.226 0.2500000000
48073  -24.651  -32.021  47.586 0.3750000000
59830  -16.987  -18.926  56.923 0.2500000000
60703  -17.571  -18.365  56.366 0.1250000000
61586  -18.682  -17.641  55.481 0.1250000000
122620  -25.342  -32.104  47.233 0.3750000000
49082  -24.649  -31.884  46.674 0.2500000000
48088  -26.034  -32.313  47.025 0.2500000000
57173  -32.398  -22.503  51.761 0.1250000000
58065  -31.745  -21.155  51.334 0.1250000000
143398  -25.086  -31.777  45.980 0.2500000000
47159  -27.099  -32.911  47.288 0.3750000000
137055  -31.931  -22.898  51.493 0.1250000000
132610  -31.220  -21.048  50.530 0.1250000000
47162  -29.918  -33.949  47.971 0.2500000000
56315  -31.736  -23.555  51.348 0.1250000000
58076  -30.409  -21.689  49.175 0.1250000000
53620  -31.639  -26.063  51.852 0.1250000000
57183  -30.941  -23.068  50.151 0.1250000000
58081  -30.017  -21.595  48.318 0.1250000000
58935  -29.883  -20.727  47.965 0.1250000000
57194  -29.411  -22.304  47.213 0.1250000000
56332  -30.039  -23.509  48.502 0.1250000000
57188  -30.173  -22.510  48.665 0.1250000000
58941  -29.462  -20.732  47.054 0.1250000000
59898  -29.026  -19.519  45.972 0.1250000000
58085  -29.131  -21.545  46.526 0.1250000000
58946  -29.053  -20.514  46.224 0.1250000000
119957  -12.172  -15.513  58.189 0.1250000000
62473  -11.385  -16.699  61.577 0.2500000000
62487  -11.615  -16.220  60.260 0.2500000000
62490  -12.539  -16.133  58.371 0.1250000000
51698  -22.675  -28.518  56.507 0.3750000000
62472  -10.479  -16.722  61.663 0.2500000000
61559  -12.840  -17.049  58.474 0.1250000000
61543  -10.038  -17.179  62.438 0.3750000000
61566  -13.124  -17.385  57.575 0.2500000000
50833  -23.500  -29.833  56.815 0.3750000000
61535  -9.620  -17.656  62.979 0.3750000000
60686  -13.019  -18.125  58.835 0.2500000000
49971  -24.409  -30.983  56.951 0.3750000000
133394  -23.806  -30.645  56.519 0.3750000000
49970  -23.012  -30.066  55.951 0.2500000000
61534  -8.815  -18.055  63.130 0.3750000000
48956  -24.629  -31.429  56.532 0.3750000000
47992  -25.141  -31.942  56.061 0.2500000000
62508  -34.130  -16.524  53.048 0.1250000000
128442  -34.839  -18.082  51.056 0.1250000000
59811  -13.315  -19.413  59.056 0.2500000000
135602  -21.728  -17.454  57.831 0.1250000000
61580  -21.352  -17.399  57.063 0.1250000000
47988  -26.381  -32.095  56.670 0.1250000000
48000  -24.881  -31.944  55.327 0.2500000000
62507  -33.389  -16.295  53.042 0.1250000000
59818  -13.735  -19.880  58.020 0.2500000000
47994  -26.913  -32.461  56.207 0.1250000000
118722  -25.995  -32.390  54.227 0.3750000000
62521  -32.868  -16.189  52.542 0.1250000000
63433  -32.986  -15.631  52.642 0.1250000000
58876  -13.865  -20.323  58.765 0.2500000000
58882  -14.146  -20.380  58.038 0.2500000000
61589  -20.930  -17.417  56.144 0.1250000000
141926  -27.436  -32.321  56.467 0.1250000000
121315  -27.215  -32.714  55.263 0.2500000000
47086  -26.926  -32.721  54.077 0.2500000000
63470  -32.191  -15.282  50.981 0.1250000000
58883  -14.691  -20.477  57.700 0.2500000000
58890  -15.580  -20.038  56.436 0.2500000000
59829  -16.377  -19.479  56.470 0.2500000000
141006  -17.732  -18.159  55.771 0.1250000000
60704  -18.136  -17.905  56.021 0.1250000000
47087  -27.905  -32.872  54.429 0.2500000000
120618  -32.292  -17.168  51.747 0.1250000000
58884  -15.391  -20.219  57.410 0.2500000000
61599  -18.533  -17.645  54.575 0.1250000000
120027  -20.150  -17.414  56.171 0.1250000000
61588  -20.351  -17.445  55.249 0.1250000000
52618  -30.269  -27.918  51.314 0.1250000000
58930  -30.648  -20.832  49.602 0.1250000000
53637  -30.338  -26.368  50.151 0.1250000000
59883  -29.977  -19.812  47.988 0.1250000000
59875  -30.688  -19.836  49.517 0.1250000000
54577  -29.934  -25.604  49.127 0.1250000000
54578  -30.448  -25.488  49.789 0.1250000000
58947  -29.391  -19.946  46.750 0.1250000000
59891  -29.714  -19.465  47.260 0.1250000000
60781  -29.713  -18.726  46.985 0.1250000000
57195  -29.722  -22.908  47.842 0.1250000000
54567  -31.034  -25.025  50.503 0.1250000000
60788  -28.777  -18.580  45.468 0.1250000000
59899  -29.445  -19.270  46.624 0.1250000000
64340  -11.840  -14.046  55.602 0.1250000000
119587  -12.213  -13.957  54.993 0.1250000000
64344  -12.675  -14.114  54.400 0.1250000000
64345  -13.145  -14.571  54.134 0.1250000000
63431  -13.642  -15.089  53.731 0.1250000000
124820  -11.248  -13.764  55.757 0.1250000000
64336  -11.702  -14.319  56.227 0.1250000000
64341  -12.295  -14.562  55.788 0.1250000000
63422  -12.749  -15.288  56.131 0.1250000000
64342  -12.828  -14.796  55.084 0.1250000000
64348  -14.033  -14.856  52.816 0.1250000000
63417  -11.599  -15.450  58.663 0.1250000000
63420  -11.592  -15.010  57.863 0.1250000000
63421  -12.566  -15.722  57.546 0.1250000000
63426  -13.175  -15.653  55.420 0.1250000000
63428  -13.360  -15.354  54.568 0.1250000000
62479  -10.935  -16.351  60.755 0.3750000000
62486  -10.896  -15.955  59.838 0.1250000000
64327  -10.756  -15.063  58.243 0.1250000000
62492  -12.940  -16.506  57.449 0.1250000000
63423  -12.859  -15.865  56.787 0.1250000000
123988  -13.107  -15.901  56.124 0.1250000000
136761  -13.707  -15.825  54.071 0.1250000000
63432  -14.063  -15.772  53.353 0.1250000000
51690  -22.499  -27.870  56.669 0.3750000000
52573  -22.390  -27.154  56.893 0.3750000000
62478  -9.676  -16.646  60.764 0.3750000000
63411  -9.808  -15.828  59.367 0.1250000000
63412  -10.780  -15.529  59.019 0.1250000000
62495  -13.171  -16.487  56.466 0.1250000000
62499  -13.557  -16.297  54.775 0.1250000000
62471  -9.357  -17.040  61.660 0.2500000000
62484  -8.837  -16.275  59.984 0.2500000000
61576  -13.259  -17.322  56.780 0.2500000000
61584  -13.446  -17.201  55.915 0.1250000000
61597  -13.891  -17.281  54.550 0.1250000000
62500  -14.041  -16.669  53.849 0.1250000000
137351  -23.348  -28.949  57.104 0.3750000000
61542  -9.034  -17.479  62.456 0.3750000000
135738  -8.467  -17.353  61.776 0.2500000000
62477  -8.393  -16.945  60.957 0.2500000000
136885  -13.119  -17.937  57.999 0.2500000000
60710  -13.564  -18.199  56.144 0.1250000000
61596  -13.581  -17.015  55.221 0.1250000000
61585  -13.798  -17.987  55.190 0.2500000000
128175  -14.277  -17.566  53.933 0.1250000000
61608  -14.561  -17.439  53.282 0.1250000000
49960  -24.156  -30.319  57.203 0.3750000000
61541  -8.052  -17.874  62.375 0.3750000000
60694  -13.339  -18.907  58.006 0.2500000000
60702  -13.359  -18.352  57.132 0.2500000000
136121  -13.705  -19.081  56.434 0.2500000000
131037  -14.263  -18.139  54.373 0.2500000000
60727  -14.710  -18.213  53.681 0.1250000000
48944  -24.951  -31.291  57.060 0.3750000000
63434  -33.230  -15.614  52.917 0.1250000000
62522  -35.337  -16.684  51.831 0.1250000000
63446  -35.317  -15.562  52.874 0.1250000000
60711  -14.047  -19.125  55.578 0.2500000000
141124  -14.304  -18.750  54.825 0.2500000000
60717  -14.760  -18.810  54.253 0.2500000000
60718  -15.336  -18.739  53.678 0.1250000000
48958  -26.386  -31.676  57.166 0.1250000000
61637  -35.009  -17.430  51.399 0.1250000000
140201  -35.432  -16.942  51.151 0.1250000000
125666  -35.929  -16.284  51.405 0.1250000000
59827  -13.695  -19.467  57.168 0.2500000000
59819  -14.165  -20.163  57.316 0.2500000000
59828  -14.242  -19.830  56.396 0.2500000000
59834  -14.624  -19.793  55.673 0.2500000000
59842  -15.685  -19.436  54.937 0.1250000000
119133  -21.898  -17.497  56.245 0.1250000000
63457  -32.597  -15.354  51.844 0.1250000000
125580  -35.777  -16.695  50.710 0.2500000000
58889  -14.791  -20.331  56.829 0.2500000000
59835  -15.273  -19.926  55.553 0.2500000000
59836  -16.070  -19.603  55.708 0.1250000000
60730  -16.876  -18.379  53.636 0.1250000000
60720  -17.071  -18.506  54.593 0.1250000000
119132  -21.471  -17.496  55.275 0.1250000000
60713  -17.287  -18.505  55.503 0.1250000000
60721  -17.859  -17.977  55.173 0.1250000000
63477  -31.680  -15.710  49.989 0.1250000000
59837  -16.820  -18.984  56.010 0.1250000000
61653  -31.421  -17.745  50.194 0.1250000000
119662  -20.064  -17.490  54.204 0.1250000000
63484  -31.455  -15.372  49.150 0.1250000000
62552  -31.325  -16.171  49.243 0.1250000000
130942  -31.028  -15.920  48.473 0.1250000000
62546  -30.987  -16.802  48.733 0.1250000000
62560  -30.611  -16.552  47.834 0.1250000000
61665  -30.807  -17.690  48.744 0.1250000000
53646  -29.830  -26.289  49.422 0.1250000000
62559  -30.182  -16.360  46.879 0.1250000000
61672  -30.169  -17.346  47.343 0.1250000000
61673  -30.346  -17.984  48.012 0.1250000000
54589  -29.616  -25.331  48.628 0.1250000000
128047  -29.812  -17.126  46.613 0.1250000000
61689  -29.491  -17.369  46.151 0.1250000000
61680  -29.653  -17.902  46.659 0.1250000000
60772  -30.114  -18.875  47.836 0.1250000000
132078  -30.776  -18.997  49.416 0.1250000000
55469  -29.769  -24.479  48.407 0.1250000000
121166  -28.666  -17.141  44.837 0.1250000000
61679  -29.218  -17.927  45.891 0.1250000000
56340  -29.239  -23.192  47.096 0.1250000000
57205  -28.938  -22.603  46.442 0.1250000000
59903  -28.166  -19.989  44.860 0.1250000000
60796  -28.279  -18.746  44.828 0.1250000000
58103  -28.613  -21.109  45.655 0.1250000000
58955  -28.568  -20.207  45.480 0.1250000000
65223  -11.619  -13.594  55.235 0.1250000000
65225  -11.734  -13.131  54.661 0.1250000000
65226  -12.336  -13.371  54.164 0.1250000000
65227  -12.893  -13.730  53.685 0.1250000000
119391  -13.316  -13.140  52.867 0.1250000000
64347  -13.461  -14.223  53.276 0.1250000000
64354  -13.856  -13.871  52.487 0.1250000000
64335  -10.820  -14.067  56.507 0.1250000000
64331  -11.597  -14.633  57.033 0.1250000000
53584  -22.246  -26.359  57.135 0.3750000000
138336  -10.069  -14.102  56.934 0.1250000000
139811  -10.659  -14.575  57.406 0.1250000000
63440  -14.440  -15.726  52.542 0.1250000000
63416  -9.672  -15.264  58.542 0.1250000000
62504  -14.451  -16.570  52.949 0.1250000000
50827  -23.956  -29.574  57.405 0.3750000000
62470  -7.689  -17.476  61.519 0.1250000000
61623  -14.897  -17.254  52.611 0.1250000000
49961  -24.880  -30.685  57.430 0.3750000000
50828  -24.475  -29.923  57.577 0.2500000000
61624  -15.534  -17.393  52.034 0.1250000000
60728  -15.264  -18.051  52.914 0.1250000000
49962  -25.726  -30.625  57.728 0.2500000000
63435  -33.737  -15.655  53.267 0.1250000000
64351  -34.140  -15.006  53.335 0.1250000000
64361  -34.927  -14.853  53.162 0.1250000000
64362  -35.875  -14.922  52.552 0.1250000000
138994  -36.057  -13.985  52.406 0.1250000000
61540  -6.842  -18.241  61.556 0.3750000000
60729  -16.030  -18.561  53.141 0.1250000000
48946  -26.442  -31.140  57.595 0.1250000000
64349  -33.148  -14.899  52.652 0.1250000000
64359  -33.398  -14.162  52.596 0.1250000000
64360  -34.149  -14.171  53.020 0.1250000000
127299  -36.386  -15.468  51.732 0.1250000000
63458  -36.947  -15.057  51.311 0.1250000000
60739  -16.766  -18.090  52.772 0.1250000000
61609  -17.613  -17.880  53.242 0.1250000000
64386  -32.431  -14.312  50.787 0.1250000000
65240  -32.994  -14.142  51.913 0.1250000000
65253  -33.099  -13.586  51.563 0.1250000000
63471  -36.588  -15.764  50.910 0.2500000000
62541  -36.318  -16.261  50.217 0.2500000000
61610  -18.415  -17.649  53.675 0.1250000000
64392  -31.898  -14.700  49.908 0.1250000000
65268  -32.708  -13.536  50.737 0.1250000000
62548  -36.392  -16.258  49.336 0.2500000000
61600  -19.377  -17.494  54.888 0.1250000000
61601  -21.045  -17.499  54.321 0.1250000000
128788  -31.577  -14.643  48.991 0.1250000000
65276  -31.878  -13.829  49.229 0.1250000000
63483  -31.163  -15.059  48.367 0.1250000000
51743  -28.880  -28.292  51.112 0.1250000000
63498  -30.336  -15.467  46.739 0.1250000000
63490  -30.680  -15.556  47.564 0.1250000000
52641  -28.557  -27.446  49.777 0.1250000000
54600  -29.264  -25.160  48.099 0.1250000000
62576  -29.172  -16.512  45.271 0.1250000000
60764  -30.580  -18.533  48.684 0.1250000000
55479  -29.121  -24.673  47.621 0.1250000000
61695  -28.405  -18.027  44.822 0.1250000000
58954  -28.159  -20.730  44.949 0.1250000000
59909  -27.852  -19.337  44.438 0.1250000000
66109  -11.305  -12.321  54.585 0.1250000000
66110  -12.000  -12.343  53.962 0.1250000000
66121  -12.511  -11.919  53.361 0.1250000000
65229  -12.643  -12.784  53.451 0.1250000000
66102  -10.677  -12.211  55.097 0.1250000000
65233  -13.961  -12.984  52.138 0.1250000000
121171  -14.331  -13.644  51.821 0.1250000000
64366  -14.678  -14.325  51.567 0.1250000000
125248  -10.427  -12.738  55.554 0.1250000000
64355  -14.249  -14.345  52.139 0.1250000000
122746  -14.489  -15.008  52.058 0.1250000000
64330  -9.642  -14.356  57.450 0.1250000000
63451  -14.961  -15.118  51.437 0.1250000000
64326  -9.153  -14.714  57.998 0.1250000000
141302  -14.765  -15.667  51.895 0.1250000000
63441  -15.222  -15.948  51.400 0.1250000000
51682  -23.454  -28.213  57.628 0.3750000000
63410  -8.733  -15.603  59.118 0.1250000000
51691  -23.884  -28.828  57.737 0.3750000000
135447  -7.305  -16.993  61.006 0.1250000000
63407  -5.982  -15.275  60.600 0.2500000000
62514  -15.492  -16.694  51.489 0.1250000000
61639  -15.988  -17.128  51.282 0.1250000000
49953  -25.109  -30.055  57.755 0.2500000000
50820  -24.243  -29.300  57.699 0.2500000000
62469  -6.837  -17.478  61.129 0.1250000000
61548  -6.052  -16.975  60.630 0.2500000000
137636  -5.643  -15.892  60.375 0.2500000000
60738  -16.011  -18.051  52.341 0.1250000000
61625  -16.719  -17.763  52.006 0.1250000000
49954  -25.678  -30.012  57.918 0.2500000000
65244  -35.217  -14.025  52.817 0.1250000000
139790  -6.406  -17.803  60.936 0.3750000000
60668  -6.036  -18.594  60.367 0.3750000000
61626  -17.487  -17.733  52.391 0.1250000000
64373  -36.636  -14.542  51.903 0.1250000000
66156  -33.083  -13.076  51.024 0.1250000000
63472  -37.034  -15.417  50.325 0.2500000000
63459  -37.296  -14.977  50.717 0.2500000000
65267  -32.276  -13.888  50.112 0.1250000000
63478  -37.121  -15.455  49.651 0.2500000000
64393  -37.827  -14.817  50.028 0.2500000000
64401  -31.408  -14.221  48.362 0.1250000000
51735  -28.209  -28.181  51.303 0.1250000000
64407  -30.984  -14.617  47.648 0.1250000000
54599  -28.604  -25.465  47.683 0.1250000000
141376  -28.347  -24.265  46.461 0.1250000000
62577  -29.617  -16.631  46.025 0.1250000000
63497  -29.922  -15.753  46.152 0.1250000000
128560  -28.675  -23.513  46.425 0.1250000000
57217  -28.549  -22.071  45.743 0.1250000000
58102  -28.107  -21.624  45.037 0.1250000000
60795  -27.882  -18.388  44.287 0.1250000000
140519  -5.821  -18.250  59.691 0.2500000000
140107  -5.557  -17.434  59.896 0.2500000000
62482  -5.282  -16.121  59.913 0.2500000000
138833  -5.150  -15.628  59.448 0.2500000000
59799  -6.112  -19.159  59.940 0.2500000000
135172  -5.658  -17.617  59.298 0.2500000000
61557  -5.699  -17.268  58.729 0.2500000000
62489  -5.376  -16.358  58.911 0.2500000000
63414  -5.235  -15.522  58.606 0.1250000000
63419  -5.508  -15.498  57.611 0.1250000000
60685  -6.499  -18.680  58.064 0.2500000000
62491  -5.809  -16.865  58.016 0.2500000000
62493  -5.980  -16.415  57.223 0.1250000000
64328  -5.493  -14.713  57.154 0.1250000000
64374  -37.323  -14.203  51.263 0.1250000000
61565  -6.623  -17.922  57.211 0.2500000000
64387  -37.820  -14.330  50.608 0.2500000000
60693  -6.714  -18.522  57.518 0.2500000000
63485  -37.211  -15.450  48.734 0.2500000000
63479  -37.938  -14.956  49.134 0.2500000000
64388  -38.444  -13.945  50.246 0.2500000000
59824  -7.051  -19.026  57.322 0.2500000000
63486  -38.100  -15.093  48.249 0.2500000000
63499  -36.670  -15.796  47.295 0.1250000000
63492  -37.384  -15.461  47.776 0.2500000000
62588  -28.214  -16.618  44.139 0.1250000000
142827  -5.907  -15.515  56.583 0.1250000000
62494  -6.364  -16.479  56.310 0.1250000000
125063  -5.768  -14.654  56.392 0.1250000000
61575  -6.659  -17.444  56.556 0.1250000000
137452  -6.286  -15.734  55.822 0.1250000000
63424  -6.066  -14.989  55.780 0.1250000000
129972  -7.043  -18.043  56.393 0.2500000000
60707  -7.077  -17.538  55.724 0.1250000000
120615  -6.589  -16.233  55.474 0.1250000000
62497  -6.810  -16.020  54.751 0.1250000000
65278  -38.903  -13.054  50.127 0.2500000000
59825  -7.572  -19.698  57.048 0.2500000000
67095  -38.197  -11.343  49.665 0.1250000000
67096  -39.024  -11.647  49.328 0.1250000000
62808  -39.487  -16.038  28.712 0.1250000000
63655  -39.650  -15.158  28.482 0.1250000000
63666  -39.032  -14.668  28.147 0.1250000000
64453  -43.333  -14.601  41.251 0.1250000000
60859  -38.824  -18.031  32.563 0.3750000000
60860  -39.692  -18.093  32.245 0.2500000000
60861  -40.369  -17.881  31.939 0.2500000000
123125  -40.502  -17.688  31.161 0.2500000000
62782  -41.072  -16.011  30.923 0.3750000000
60871  -38.235  -18.178  31.937 0.2500000000
60872  -39.667  -18.084  31.331 0.2500000000
61818  -40.581  -17.287  30.400 0.2500000000
62781  -40.950  -16.510  30.214 0.2500000000
63631  -41.037  -15.561  30.092 0.3750000000
121392  -38.683  -18.234  31.203 0.2500000000
61817  -39.927  -17.777  30.526 0.2500000000
61839  -40.445  -16.857  29.713 0.2500000000
62799  -40.680  -16.034  29.474 0.2500000000
65435  -40.915  -13.794  29.964 0.5000000000
138001  -40.351  -13.259  28.499 0.2500000000
66398  -41.011  -12.084  28.370 0.2500000000
60884  -39.110  -18.055  30.491 0.2500000000
61838  -39.760  -17.124  29.482 0.2500000000
64588  -40.748  -14.295  29.273 0.2500000000
65444  -40.744  -13.515  29.174 0.5000000000
67326  -41.623  -11.642  28.567 0.3750000000
68140  -41.764  -10.939  27.237 0.2500000000
68141  -42.487  -10.558  27.537 0.2500000000
68932  -43.042  -9.044  26.915 0.2500000000
69723  -43.290  -8.172  27.152 0.2500000000
62798  -40.084  -16.450  29.128 0.2500000000
64587  -40.313  -14.744  28.750 0.1250000000
65455  -40.329  -13.977  28.655 0.1250000000
67334  -40.645  -12.006  27.601 0.2500000000
67345  -40.924  -11.299  26.901 0.2500000000
70623  -43.126  -7.583  26.643 0.2500000000
64596  -39.785  -14.366  28.307 0.2500000000
65454  -39.810  -13.679  28.171 0.2500000000
133068  -39.968  -12.477  27.488 0.1250000000
68921  -42.820  -9.889  27.134 0.2500000000
126721  -39.246  -14.000  28.043 0.1250000000
66406  -39.297  -12.842  27.402 0.1250000000
62670  -44.329  -16.347  39.316 0.1250000000
63559  -44.940  -15.867  39.838 0.1250000000
63617  -40.890  -15.459  31.665 0.5000000000
127487  -40.977  -15.031  30.842 0.5000000000
64578  -40.880  -14.105  30.767 0.5000000000
65445  -40.985  -12.987  29.826 0.5000000000
68922  -43.490  -8.765  27.633 0.2500000000
71514  -43.950  -6.665  27.635 0.2500000000
72422  -43.488  -5.730  26.436 0.1250000000
72423  -43.980  -5.143  26.771 0.2500000000
71517  -43.911  -5.870  27.200 0.2500000000
64454  -44.126  -14.379  40.735 0.1250000000
64460  -44.981  -14.702  40.514 0.1250000000
63550  -45.457  -15.270  40.186 0.1250000000
62698  -43.672  -16.569  37.086 0.2500000000
62699  -44.292  -16.361  37.620 0.2500000000
62671  -45.041  -16.062  39.070 0.2500000000
62711  -44.017  -16.169  36.915 0.2500000000
64562  -40.778  -14.464  31.582 0.5000000000
66380  -41.313  -12.464  30.419 0.5000000000
66389  -41.327  -12.289  29.623 0.5000000000
70616  -43.551  -7.384  27.358 0.2500000000
73270  -44.617  -4.510  27.010 0.2500000000
74166  -45.163  -3.890  26.857 0.2500000000
74180  -44.659  -3.898  26.271 0.2500000000
143078  -43.235  -9.442  27.543 0.2500000000
74182  -46.399  -3.411  26.598 0.3750000000
63577  -45.368  -15.458  38.032 0.2500000000
63576  -44.663  -15.825  37.459 0.2500000000
64479  -46.094  -15.075  38.639 0.1250000000
63583  -43.605  -15.904  36.315 0.1250000000
63584  -44.219  -15.505  36.807 0.2500000000
63585  -44.888  -15.084  37.352 0.2500000000
63588  -43.735  -15.088  36.222 0.1250000000
64503  -44.377  -14.632  36.718 0.2500000000
64491  -45.651  -14.715  37.861 0.1250000000
65375  -44.504  -13.678  36.592 0.2500000000
74194  -46.365  -3.279  25.826 0.3750000000
69715  -43.756  -8.004  27.810 0.2500000000
75043  -47.110  -3.121  25.576 0.3750000000
122392  -47.247  -2.956  24.980 0.2500000000
75068  -47.734  -2.779  24.607 0.3750000000
75071  -51.078  -1.944  24.672 0.3750000000
75876  -51.703  -1.112  24.674 0.2500000000
75083  -51.709  -2.016  23.901 0.3750000000
77349  -51.720  0.032  25.270 0.2500000000
78128  -50.893  0.724  25.213 0.2500000000
75873  -51.730  -0.428  24.875 0.2500000000
77348  -51.561  0.289  24.984 0.2500000000
76588  -51.820  -0.203  24.638 0.2500000000
78131  -49.929  1.074  24.439 0.1250000000
78132  -50.909  0.689  24.263 0.1250000000
75877  -51.993  -0.684  24.213 0.2500000000
77356  -51.990  -0.106  23.957 0.2500000000
77355  -51.623  0.257  24.095 0.2500000000
78139  -50.074  1.313  23.507 0.1250000000
79035  -49.593  2.216  23.224 0.1250000000
78140  -50.994  0.895  23.233 0.2500000000
79051  -50.492  1.915  22.626 0.1250000000
142493  -53.489  -1.650  22.325 0.2500000000
77359  -52.979  -0.028  22.201 0.2500000000
78153  -51.334  1.299  22.484 0.1250000000
128316  -53.335  -2.391  22.219 0.2500000000
75889  -53.642  -1.114  21.895 0.2500000000
76600  -53.308  -0.512  22.130 0.2500000000
77366  -52.580  0.576  21.974 0.1250000000
78154  -52.014  1.266  21.951 0.1250000000
79052  -51.396  2.061  21.917 0.1250000000
75891  -53.849  -1.181  20.990 0.2500000000
77367  -53.466  0.112  21.502 0.2500000000
137248  -53.152  0.504  21.520 0.2500000000
78166  -52.583  1.366  21.404 0.1250000000
75893  -53.762  -1.237  20.145 0.2500000000
139838  -53.711  0.198  20.883 0.2500000000
78174  -53.070  1.443  20.497 0.2500000000
79059  -52.733  1.784  20.817 0.1250000000
76605  -53.585  -0.423  19.752 0.1250000000
77382  -53.336  0.825  19.816 0.1250000000
135538  -49.705  -1.083  18.025 0.1250000000
79058  -52.180  2.007  21.304 0.1250000000
79064  -52.325  2.591  20.646 0.2500000000
79066  -53.038  1.696  20.061 0.2500000000
76608  -51.437  -0.076  18.535 0.1250000000
77384  -51.283  0.894  18.519 0.1250000000
77392  -50.459  0.284  18.342 0.1250000000
76613  -49.634  -0.266  18.106 0.1250000000
128379  -48.750  0.096  17.826 0.1250000000
79940  -51.600  2.836  21.300 0.1250000000
128044  -50.280  1.210  18.288 0.1250000000
78211  -50.948  1.788  18.419 0.2500000000
78209  -49.064  1.580  17.718 0.1250000000
78208  -48.245  1.699  17.133 0.1250000000
77389  -47.748  0.968  17.205 0.1250000000
78213  -47.464  1.309  16.693 0.1250000000
77396  -46.358  0.458  16.170 0.1250000000
142294  -49.643  1.417  18.046 0.1250000000
79092  -49.078  2.326  17.315 0.1250000000
78217  -47.392  1.563  15.796 0.1250000000
78220  -47.213  1.272  14.761 0.1250000000
78214  -47.904  1.859  16.418 0.1250000000
77397  -46.882  1.017  16.299 0.1250000000
77399  -46.406  0.571  14.543 0.1250000000
77404  -47.157  0.993  13.799 0.1250000000
135326  -46.145  0.374  15.432 0.1250000000
77400  -46.664  0.933  15.520 0.1250000000
77410  -46.641  0.294  12.364 0.1250000000
76626  -45.755  -0.122  14.978 0.1250000000
76630  -45.797  -0.182  13.960 0.1250000000
76638  -45.918  -0.285  12.895 0.1250000000
77420  -46.889  0.183  11.309 0.1250000000
75934  -45.966  -1.245  10.609 0.1250000000
77403  -46.487  0.411  13.387 0.1250000000
76646  -45.771  -1.144  11.472 0.1250000000
78221  -48.082  1.876  14.890 0.1250000000
61618  -33.155  -16.939  52.805 0.1250000000
62520  -32.675  -16.695  52.283 0.1250000000
62531  -32.397  -16.187  51.776 0.1250000000
58903  -33.644  -20.818  51.797 0.1250000000
135822  -32.773  -17.129  52.403 0.1250000000
61647  -32.130  -17.822  51.645 0.1250000000
61654  -31.857  -17.662  50.998 0.1250000000
60745  -32.168  -18.232  51.739 0.1250000000
58907  -32.277  -20.742  51.760 0.1250000000
58913  -31.488  -20.452  50.982 0.1250000000
60750  -31.397  -18.437  50.449 0.1250000000
58836  -9.105  -20.451  63.682 0.3750000000
60665  -7.357  -18.548  62.397 0.3750000000
59788  -6.329  -19.300  60.699 0.3750000000
61539  -6.403  -18.569  61.049 0.3750000000
59809  -6.148  -18.959  59.251 0.2500000000
59817  -7.243  -19.884  57.778 0.2500000000
62596  -40.113  -16.062  43.978 0.3750000000
64394  -38.578  -14.409  49.507 0.2500000000
62686  -44.381  -16.430  38.445 0.2500000000
48061  -24.745  -32.057  48.501 0.3750000000
66182  -39.356  -12.414  49.562 0.1250000000
64515  -43.801  -14.103  36.165 0.2500000000
133095  -34.246  -25.045  51.269 0.1250000000
47160  -27.691  -33.257  47.803 0.3750000000
57168  -34.319  -23.100  51.255 0.1250000000
57163  -34.198  -22.740  51.376 0.1250000000
47161  -28.472  -33.635  47.555 0.2500000000
47146  -26.997  -32.885  48.075 0.3750000000
48062  -25.632  -32.265  48.466 0.3750000000
48010  -24.477  -31.696  53.732 0.3750000000
127608  -17.657  -21.647  61.482 0.2500000000
57105  -13.018  -22.920  63.958 0.2500000000
58009  -13.247  -21.672  63.138 0.2500000000
58005  -12.204  -21.995  63.805 0.3750000000
58004  -11.694  -21.799  63.830 0.3750000000
58841  -12.356  -21.555  63.552 0.2500000000
59775  -10.878  -20.301  63.623 0.3750000000
65436  -40.984  -13.241  30.637 0.5000000000
67335  -41.349  -11.542  27.783 0.2500000000
48074  -25.854  -32.330  47.743 0.3750000000
47989  -27.110  -32.043  56.878 0.1250000000
50821  -24.635  -29.404  57.812 0.2500000000
48003  -28.017  -32.700  55.199 0.2500000000
47995  -27.751  -32.542  56.017 0.1250000000
48945  -25.642  -31.242  57.356 0.1250000000
51737  -30.351  -28.349  51.963 0.1250000000
52617  -29.582  -28.430  51.608 0.1250000000
52607  -30.976  -27.716  52.125 0.1250000000
53630  -30.922  -26.308  50.958 0.1250000000
55453  -31.480  -24.700  51.197 0.1250000000
56321  -31.271  -23.623  50.705 0.1250000000
59826  -8.125  -20.027  56.531 0.2500000000
62771  -41.067  -16.393  31.762 0.3750000000
62770  -41.079  -17.015  31.109 0.2500000000
66388  -40.873  -12.694  28.961 0.2500000000
75094  -53.392  -2.805  21.329 0.2500000000
77385  -52.193  0.576  18.780 0.1250000000
76614  -50.583  -0.802  18.299 0.1250000000
78200  -52.997  0.975  19.398 0.1250000000
131931  -34.137  -20.242  51.653 0.1250000000
59804  -18.171  -18.469  60.111 0.2500000000
58860  -16.609  -19.925  60.897 0.2500000000
58848  -13.596  -21.265  62.737 0.2500000000
59849  -33.344  -18.992  52.429 0.1250000000
60733  -32.890  -18.041  52.531 0.1250000000
59847  -32.838  -19.542  52.237 0.1250000000
58052  -33.575  -21.670  51.722 0.1250000000
58901  -32.959  -20.500  52.063 0.1250000000
64332  -12.181  -15.141  57.407 0.1250000000
61552  -12.284  -16.816  60.228 0.1250000000
49979  -23.303  -30.706  55.575 0.2500000000
48967  -24.390  -31.605  55.676 0.2500000000
48966  -23.957  -31.186  56.060 0.2500000000
61636  -34.666  -17.197  52.246 0.1250000000
118723  -25.182  -32.083  54.587 0.3750000000
60740  -32.329  -18.426  51.924 0.1250000000
59844  -32.935  -18.788  52.457 0.1250000000
58900  -32.714  -20.523  51.976 0.1250000000
59854  -32.418  -19.558  51.934 0.1250000000
59860  -32.002  -19.047  51.500 0.1250000000
59867  -31.570  -18.968  50.890 0.1250000000
49096  -24.327  -31.672  45.775 0.2500000000
48087  -25.538  -32.024  46.479 0.2500000000
48089  -26.589  -32.611  46.920 0.2500000000
130963  -31.838  -22.142  51.419 0.1250000000
48099  -25.699  -32.012  45.696 0.2500000000
47173  -27.057  -32.886  46.495 0.3750000000
47174  -27.870  -33.261  46.874 0.3750000000
58070  -31.390  -21.888  50.805 0.1250000000
58077  -30.883  -21.721  50.027 0.1250000000
58921  -31.112  -20.185  50.307 0.1250000000
129690  -31.070  -22.392  50.326 0.1250000000
57182  -30.636  -22.442  49.628 0.1250000000
58936  -30.263  -20.272  48.757 0.1250000000
54557  -31.330  -25.452  51.165 0.1250000000
55459  -31.150  -24.314  50.563 0.1250000000
56327  -30.767  -23.897  49.918 0.1250000000
56326  -30.461  -23.248  49.350 0.1250000000
58086  -29.612  -21.506  47.495 0.1250000000
137281  -30.499  -24.362  49.543 0.1250000000
123036  -30.308  -24.064  49.142 0.1250000000
48957  -25.543  -31.783  56.767 0.2500000000
62509  -35.022  -16.291  52.646 0.1250000000
47993  -25.954  -32.280  56.180 0.2500000000
135923  -26.323  -32.559  55.548 0.3750000000
48002  -26.467  -32.637  54.850 0.3750000000
64372  -32.670  -14.632  51.542 0.1250000000
62540  -31.905  -16.268  50.733 0.1250000000
135736  -32.071  -16.871  51.156 0.1250000000
52629  -30.226  -27.207  50.673 0.1250000000
139915  -30.844  -25.718  50.484 0.1250000000
59884  -30.394  -19.394  48.684 0.1250000000
55464  -30.189  -24.844  49.211 0.1250000000
53659  -29.337  -26.139  48.778 0.1250000000
55465  -30.704  -24.642  49.905 0.1250000000
60780  -29.322  -18.660  46.246 0.1250000000
64337  -12.232  -14.866  56.617 0.1250000000
65222  -11.039  -13.047  55.209 0.1250000000
121129  -12.521  -15.384  56.918 0.1250000000
62496  -13.352  -16.386  55.676 0.1250000000
62485  -10.044  -16.249  60.076 0.2500000000
64350  -33.502  -14.895  53.060 0.1250000000
63447  -35.765  -15.932  52.226 0.1250000000
59841  -14.808  -19.430  54.932 0.2500000000
60719  -16.114  -18.953  54.143 0.1250000000
60712  -16.507  -19.046  55.118 0.1250000000
62547  -31.504  -16.525  49.864 0.1250000000
61659  -31.245  -17.257  49.529 0.1250000000
60757  -31.031  -18.210  49.542 0.1250000000
120542  -30.604  -17.287  48.109 0.1250000000
52642  -29.538  -27.095  49.908 0.1250000000
56341  -29.505  -23.800  47.738 0.1250000000
62589  -28.740  -16.236  44.643 0.1250000000
55491  -28.957  -24.098  46.984 0.1250000000
65219  -10.539  -13.362  55.892 0.1250000000
137720  -9.961  -14.816  57.900 0.1250000000
64334  -9.978  -13.565  56.477 0.1250000000
62476  -7.548  -16.402  60.499 0.1250000000
130422  -7.336  -17.958  61.820 0.2500000000
62483  -7.800  -15.729  59.839 0.1250000000
135473  -29.347  -27.874  50.643 0.1250000000
53645  -29.001  -26.866  49.163 0.1250000000
53658  -28.547  -26.517  48.565 0.1250000000
54588  -28.936  -25.833  48.246 0.1250000000
61694  -28.045  -17.513  44.205 0.1250000000
65215  -9.424  -13.761  57.066 0.1250000000
63415  -8.712  -15.050  58.538 0.1250000000
63408  -6.769  -15.646  60.474 0.1250000000
62475  -6.435  -16.408  60.701 0.1250000000
61547  -5.883  -17.725  60.451 0.2500000000
121693  -5.560  -16.803  60.211 0.2500000000
52628  -28.399  -27.920  50.566 0.1250000000
139995  -27.811  -27.330  49.401 0.1250000000
52654  -28.173  -27.070  49.000 0.1250000000
53672  -28.127  -26.133  48.020 0.1250000000
54598  -27.746  -25.780  47.355 0.1250000000
55478  -28.318  -24.990  46.916 0.1250000000
55490  -27.679  -24.713  46.225 0.1250000000
61551  -5.430  -16.922  59.556 0.2500000000
121975  -4.980  -14.896  59.399 0.2500000000
60684  -6.064  -18.234  58.648 0.2500000000
120685  -5.550  -16.142  58.047 0.2500000000
60692  -6.393  -18.057  57.768 0.2500000000
135101  -6.075  -17.561  58.068 0.2500000000
61574  -6.289  -17.336  57.349 0.2500000000
140094  -6.337  -16.947  56.832 0.1250000000
60700  -6.903  -18.253  56.954 0.2500000000
61583  -6.714  -16.909  55.834 0.1250000000
60701  -7.264  -18.729  56.688 0.2500000000
61593  -6.912  -16.762  55.176 0.1250000000
66181  -38.695  -12.037  50.068 0.1250000000
63644  -40.231  -15.594  28.887 0.1250000000
125094  -39.037  -18.200  31.853 0.2500000000
126363  -40.053  -17.396  29.982 0.2500000000
63645  -40.753  -15.132  29.345 0.2500000000
64577  -40.995  -14.641  30.037 0.2500000000
66397  -40.426  -12.603  28.172 0.2500000000
66396  -39.818  -13.045  27.949 0.2500000000
65464  -39.197  -13.436  27.767 0.1250000000
66414  -39.457  -12.302  26.862 0.1250000000
64607  -38.494  -13.999  27.647 0.1250000000
62700  -44.967  -16.056  38.218 0.2500000000
63567  -45.639  -15.650  38.855 0.1250000000
64504  -45.047  -14.195  37.232 0.2500000000
78141  -51.852  0.460  22.930 0.1250000000
76599  -52.756  -0.581  22.901 0.2500000000
77358  -52.396  -0.128  22.988 0.2500000000
78167  -53.019  1.105  21.144 0.2500000000
130256  -53.577  0.528  20.326 0.2500000000
77391  -49.442  0.761  18.074 0.1250000000
77390  -48.456  0.931  17.623 0.1250000000
78210  -49.883  2.031  17.975 0.1250000000
79102  -48.574  2.395  16.486 0.1250000000
76623  -45.859  -0.160  15.846 0.1250000000
79093  -50.553  2.515  18.190 0.2500000000
78224  -47.851  1.361  13.250 0.1250000000
126833  -46.160  -0.397  11.895 0.1250000000
76647  -46.366  -0.570  11.002 0.1250000000
76652  -46.846  -0.182  10.557 0.1250000000
60751  -31.860  -18.370  51.243 0.1250000000
58058  -32.610  -21.531  51.838 0.1250000000
59859  -31.508  -19.676  50.949 0.1250000000
140888  -31.038  -18.737  49.929 0.1250000000
58050  -32.873  -21.392  51.925 0.1250000000
55430  -17.196  -24.292  53.657 0.2500000000
55442  -17.356  -24.471  52.630 0.2500000000
54543  -16.432  -25.449  52.623 0.1250000000
55441  -16.773  -24.900  52.184 0.1250000000
54551  -16.462  -25.496  51.777 0.1250000000
54561  -16.609  -25.520  50.987 0.1250000000
54572  -17.285  -25.461  49.633 0.1250000000
120303  -18.069  -25.267  50.275 0.1250000000
53640  -16.371  -26.376  49.952 0.1250000000
140090  -17.098  -25.675  49.016 0.1250000000
47178  -31.133  -33.144  46.359 0.1250000000
47193  -30.944  -33.098  45.610 0.1250000000
50900  -20.708  -29.096  47.991 0.1250000000
119145  -29.357  -33.856  47.234 0.1250000000
50911  -20.963  -29.481  47.317 0.1250000000
121635  -28.413  -33.517  46.083 0.1250000000
47176  -29.981  -33.726  46.553 0.1250000000
51775  -20.721  -28.705  46.625 0.1250000000
50918  -21.143  -29.444  46.318 0.1250000000
47190  -29.004  -33.656  45.267 0.1250000000
49083  -32.116  -31.299  46.461 0.1250000000
49084  -32.427  -30.546  46.639 0.2500000000
47205  -30.823  -33.020  44.965 0.1250000000
48102  -31.543  -32.029  45.478 0.1250000000
49097  -31.846  -31.366  45.696 0.1250000000
49098  -32.110  -30.643  45.866 0.1250000000
142385  -28.677  -33.657  46.812 0.1250000000
47188  -26.962  -32.904  45.583 0.1250000000
133281  -27.643  -33.182  46.056 0.1250000000
132534  -27.203  -33.129  44.790 0.1250000000
49114  -32.020  -30.758  45.099 0.1250000000
123233  -32.257  -30.159  45.224 0.2500000000
50070  -32.431  -29.853  45.864 0.2500000000
132606  -21.309  -29.332  45.444 0.1250000000
47200  -26.913  -33.065  44.023 0.1250000000
50927  -32.735  -29.654  44.931 0.2500000000
141721  -9.066  -18.841  54.179 0.1250000000
60726  -9.373  -18.690  53.486 0.1250000000
50057  -21.515  -30.222  46.838 0.1250000000
134128  -26.273  -32.386  45.424 0.1250000000
50068  -21.653  -30.116  45.930 0.1250000000
48098  -25.081  -31.667  45.250 0.1250000000
48109  -25.843  -32.047  44.800 0.1250000000
48110  -26.572  -32.646  44.801 0.1250000000
50926  -21.788  -29.985  45.091 0.1250000000
138047  -32.826  -29.174  45.429 0.3750000000
50071  -32.853  -29.160  46.272 0.3750000000
50935  -21.839  -29.807  44.264 0.1250000000
127835  -26.268  -32.475  44.173 0.1250000000
48123  -26.391  -32.572  43.371 0.1250000000
50936  -33.318  -28.978  44.719 0.3750000000
59832  -7.805  -19.227  56.291 0.1250000000
50944  -21.934  -29.612  43.415 0.1250000000
50085  -22.382  -30.407  43.835 0.1250000000
60709  -8.166  -18.857  55.531 0.1250000000
60708  -7.442  -18.374  55.990 0.1250000000
60716  -8.474  -18.464  54.748 0.1250000000
61594  -7.387  -17.235  54.889 0.1250000000
60725  -8.808  -18.124  54.016 0.1250000000
60737  -9.700  -18.504  52.710 0.1250000000
61607  -9.198  -17.889  53.287 0.1250000000
123040  -10.070  -19.088  52.031 0.2500000000
61622  -9.554  -17.716  52.497 0.1250000000
60747  -10.152  -18.891  50.571 0.1250000000
60743  -10.196  -18.629  51.348 0.1250000000
61638  -9.982  -17.644  51.602 0.1250000000
50038  -21.863  -31.049  48.230 0.2500000000
50048  -21.968  -30.969  47.313 0.1250000000
50058  -22.101  -30.843  46.397 0.1250000000
50069  -22.214  -30.702  45.515 0.1250000000
125390  -23.476  -31.454  45.480 0.1250000000
63409  -5.159  -15.280  60.076 0.1250000000
125022  -22.754  -31.310  45.955 0.1250000000
49095  -22.818  -31.077  45.111 0.1250000000
126547  -23.418  -31.185  44.783 0.1250000000
50076  -22.302  -30.538  44.678 0.1250000000
49111  -24.238  -31.377  44.844 0.1250000000
48108  -25.092  -31.579  44.377 0.1250000000
50928  -33.279  -28.475  45.614 0.3750000000
50077  -22.937  -30.906  44.316 0.1250000000
49110  -23.734  -31.076  44.132 0.1250000000
49126  -24.134  -30.972  43.353 0.1250000000
49127  -25.053  -31.413  43.422 0.1250000000
48122  -25.737  -31.997  43.858 0.1250000000
50098  -22.499  -30.245  43.007 0.1250000000
136810  -23.608  -30.782  42.973 0.1250000000
50100  -23.695  -30.546  41.799 0.1250000000
49137  -24.634  -30.936  41.922 0.1250000000
48136  -25.797  -32.029  42.123 0.1250000000
48137  -26.295  -32.523  42.509 0.1250000000
50947  -33.982  -28.566  44.019 0.2500000000
51806  -34.703  -27.840  43.728 0.5000000000
62498  -7.188  -16.506  54.499 0.1250000000
62502  -7.475  -16.262  53.850 0.1250000000
62503  -8.115  -16.669  53.469 0.1250000000
62510  -7.809  -15.959  53.201 0.1250000000
62512  -9.302  -16.926  52.231 0.1250000000
63439  -8.131  -15.651  52.456 0.1250000000
61650  -10.349  -18.041  50.721 0.1250000000
60755  -10.292  -18.261  49.883 0.1250000000
62533  -10.360  -17.374  50.125 0.1250000000
60754  -10.070  -18.400  49.066 0.1250000000
118837  -10.356  -17.527  49.165 0.1250000000
62543  -10.333  -16.633  49.633 0.1250000000
64320  -5.038  -14.432  60.103 0.1250000000
61656  -10.175  -17.887  48.539 0.1250000000
61662  -10.306  -17.242  48.283 0.1250000000
55523  -37.193  -24.197  40.976 0.1250000000
56392  -36.776  -23.400  40.371 0.1250000000
55522  -36.785  -24.369  39.959 0.1250000000
120743  -35.209  -21.810  39.838 0.1250000000
58152  -34.780  -21.320  40.376 0.1250000000
143450  -34.162  -21.667  38.984 0.1250000000
58158  -34.498  -21.466  39.574 0.1250000000
59041  -33.969  -20.963  40.074 0.2500000000
59040  -33.026  -20.697  39.812 0.2500000000
59010  -32.451  -20.445  41.378 0.2500000000
59954  -31.388  -19.900  40.278 0.2500000000
59968  -31.395  -20.212  38.693 0.2500000000
59961  -31.183  -19.871  39.517 0.2500000000
60829  -30.983  -18.386  40.191 0.2500000000
59053  -31.288  -20.389  37.650 0.1250000000
60831  -30.804  -18.351  39.421 0.2500000000
72374  -48.755  -5.815  31.368 0.2500000000
74135  -48.937  -4.118  30.642 0.2500000000
129194  -48.755  -4.976  31.083 0.2500000000
52623  -16.265  -26.731  50.739 0.1250000000
59953  -30.909  -19.196  39.920 0.2500000000
47175  -29.253  -33.715  46.268 0.1250000000
132876  -32.730  -29.880  46.692 0.3750000000
120959  -34.140  -20.887  40.941 0.2500000000
75010  -50.271  -2.141  29.736 0.1250000000
48100  -26.306  -32.434  46.231 0.1250000000
60715  -7.698  -18.009  55.238 0.1250000000
54552  -16.811  -25.064  51.457 0.1250000000
54571  -16.701  -25.671  50.168 0.1250000000
47189  -27.907  -33.454  45.229 0.1250000000
47212  -26.984  -33.176  43.246 0.1250000000
61595  -8.076  -17.666  54.497 0.1250000000
120858  -24.471  -31.251  44.038 0.1250000000
125436  -25.804  -31.920  42.976 0.1250000000
61605  -7.721  -16.951  54.164 0.1250000000
61606  -8.459  -17.395  53.751 0.1250000000
61621  -8.879  -17.150  53.010 0.1250000000
118818  -9.974  -18.316  52.038 0.1250000000
62511  -8.538  -16.388  52.749 0.1250000000
61649  -10.163  -17.232  50.887 0.1250000000
50086  -23.156  -30.807  43.424 0.1250000000
122139  -24.651  -31.074  42.768 0.1250000000
49138  -25.254  -31.429  42.487 0.1250000000
62523  -8.931  -16.121  51.969 0.1250000000
59024  -33.208  -20.647  40.703 0.2500000000
59960  -30.813  -19.322  39.049 0.2500000000
51683  -24.242  -28.776  57.985 0.1250000000
53578  -22.708  -26.061  57.820 0.2500000000
53570  -23.542  -26.248  58.478 0.1250000000
53579  -23.237  -26.643  58.065 0.2500000000
52567  -23.867  -28.081  58.129 0.1250000000
138185  -5.645  -41.462  50.322 0.1250000000
40725  -5.341  -40.761  50.395 0.2500000000
39759  -5.634  -41.191  49.699 0.2500000000
40739  -5.253  -40.304  49.614 0.2500000000
41673  -4.976  -39.311  49.392 0.2500000000
65269  -37.934  -13.445  50.849 0.1250000000
65270  -38.428  -13.289  50.483 0.1250000000
65388  -43.945  -13.133  36.031 0.1250000000
75857  -51.501  -0.766  26.182 0.2500000000
130443  -51.712  3.331  20.811 0.1250000000
79951  -51.979  3.310  20.295 0.1250000000
74214  -47.044  -3.448  22.273 0.2500000000
79065  -52.805  2.059  20.262 0.1250000000
74220  -52.825  -3.177  21.998 0.1250000000
78187  -52.993  1.525  19.685 0.1250000000
79967  -52.400  2.676  19.537 0.1250000000
79082  -52.567  2.140  19.385 0.1250000000
79081  -52.127  2.230  18.967 0.1250000000
78198  -52.001  1.527  18.785 0.1250000000
79094  -51.367  2.388  18.609 0.1250000000
75872  -51.598  -0.575  25.445 0.2500000000
139542  -52.085  -2.551  23.213 0.3750000000
74219  -51.974  -3.239  22.559 0.1250000000
126705  -53.053  -1.756  22.873 0.2500000000
75092  -52.710  -2.579  22.780 0.1250000000
127415  -51.893  3.363  19.202 0.1250000000
79978  -51.499  2.933  18.694 0.1250000000
52566  -23.394  -27.466  57.918 0.2500000000
54511  -22.822  -25.745  58.202 0.2500000000
75871  -51.232  -1.423  25.541 0.2500000000
75082  -50.678  -2.481  23.906 0.3750000000
124160  -52.632  1.049  19.059 0.1250000000
53585  -22.879  -26.897  57.586 0.2500000000
75885  -52.123  -1.272  23.914 0.2500000000
78199  -52.624  1.592  19.215 0.1250000000
39770  -5.821  -41.742  49.023 0.1250000000
125201  -5.147  -40.000  48.695 0.1250000000
76574  -51.620  -0.230  25.888 0.2500000000
76573  -51.530  -0.169  26.563 0.2500000000
79952  -52.505  2.667  20.034 0.1250000000
79966  -52.099  2.780  19.076 0.1250000000
50078  -32.464  -30.221  44.565 0.1250000000
52593  -20.522  -27.537  54.134 0.1250000000
52594  -20.754  -28.281  53.783 0.1250000000
50088  -33.127  -29.688  44.161 0.1250000000
140155  -33.507  -29.125  44.139 0.1250000000
50102  -32.407  -30.502  42.949 0.1250000000
50945  -32.927  -29.799  43.118 0.1250000000
54529  -20.055  -25.966  54.636 0.1250000000
54534  -19.818  -26.288  53.987 0.2500000000
55451  -17.854  -24.679  51.984 0.1250000000
55450  -17.244  -24.748  51.673 0.1250000000
54562  -17.170  -25.111  50.740 0.1250000000
50946  -33.495  -29.208  43.554 0.1250000000
135319  -33.809  -28.785  43.113 0.1250000000
50957  -33.241  -29.076  42.702 0.1250000000
135328  -34.783  -27.794  42.871 0.2500000000
59056  -33.738  -21.120  39.267 0.1250000000
121248  -32.847  -20.825  38.966 0.1250000000
59039  -31.956  -20.410  39.524 0.1250000000
59054  -32.339  -20.901  38.164 0.1250000000
59967  -30.744  -19.484  38.099 0.1250000000
61736  -31.205  -17.555  39.871 0.1250000000
60836  -30.553  -18.547  37.528 0.1250000000
61745  -30.734  -17.683  37.927 0.1250000000
68151  -41.462  -10.594  26.491 0.1250000000
68930  -41.898  -9.991  26.076 0.1250000000
68945  -41.461  -9.473  25.622 0.1250000000
68152  -42.189  -10.308  26.783 0.1250000000
68931  -42.518  -9.628  26.447 0.1250000000
124381  -42.698  -8.996  26.213 0.1250000000
69737  -42.403  -8.454  25.771 0.1250000000
70622  -42.783  -7.846  26.059 0.1250000000
68923  -43.943  -8.574  28.182 0.1250000000
71513  -43.378  -6.643  26.762 0.1250000000
71588  -50.419  -6.170  18.852 0.1250000000
71595  -50.261  -6.256  18.202 0.1250000000
71600  -49.809  -6.350  17.204 0.1250000000
73320  -49.963  -4.960  20.656 0.1250000000
72460  -50.474  -5.422  19.911 0.1250000000
72468  -50.701  -5.668  19.263 0.1250000000
72472  -50.699  -5.681  18.699 0.1250000000
72475  -50.520  -5.644  17.995 0.1250000000
72483  -50.152  -5.489  17.295 0.1250000000
73321  -50.973  -4.822  20.472 0.1250000000
73325  -51.176  -5.060  19.737 0.1250000000
73326  -51.561  -4.582  19.567 0.1250000000
72469  -51.123  -5.163  19.159 0.1250000000
73329  -50.924  -5.104  18.563 0.1250000000
73333  -51.022  -4.415  18.410 0.1250000000
73332  -50.649  -4.975  17.887 0.1250000000
73339  -50.214  -4.793  17.385 0.1250000000
74249  -49.845  -4.201  17.257 0.1250000000
74242  -50.212  -3.403  17.663 0.1250000000
74250  -50.542  -4.210  17.802 0.1250000000
133497  -20.357  -27.715  53.413 0.2500000000
60833  -30.623  -18.430  38.501 0.1250000000
70617  -43.988  -7.349  27.961 0.1250000000
53602  -20.289  -26.763  54.407 0.1250000000
52584  -20.839  -27.295  54.958 0.1250000000
51818  -34.288  -28.295  43.027 0.1250000000
59068  -32.020  -21.096  37.232 0.1250000000
40711  -5.109  -40.498  51.196 0.1250000000
42627  -5.054  -38.376  47.926 0.1250000000
128826  -5.164  -38.105  47.336 0.1250000000
42648  -5.220  -38.322  45.911 0.1250000000
43546  -5.658  -37.919  44.862 0.1250000000
43560  -5.741  -38.196  44.044 0.1250000000
43575  -6.076  -38.017  42.585 0.1250000000
43576  -6.527  -37.628  42.206 0.1250000000
42683  -6.062  -38.861  41.275 0.1250000000
44506  -7.326  -37.155  42.269 0.1250000000
43586  -6.885  -37.603  41.515 0.1250000000
43512  -5.267  -37.716  47.775 0.1250000000
125537  -5.376  -37.800  46.367 0.1250000000
44448  -5.622  -37.370  46.517 0.1250000000
133289  -5.391  -38.182  45.222 0.1250000000
44464  -5.967  -36.966  45.807 0.1250000000
43547  -5.995  -37.618  44.372 0.1250000000
141059  -6.138  -36.968  45.211 0.1250000000
43562  -6.634  -37.350  43.030 0.1250000000
43594  -6.512  -38.229  40.985 0.1250000000
125360  -7.260  -37.653  40.696 0.1250000000
44508  -9.039  -36.466  41.638 0.1250000000
62713  -32.538  -16.527  35.632 0.1250000000
62728  -32.782  -16.573  34.180 0.1250000000
137147  -34.426  -16.654  34.778 0.1250000000
62729  -33.596  -16.551  34.500 0.1250000000
62730  -34.956  -16.831  34.168 0.1250000000
62743  -33.518  -16.602  33.631 0.1250000000
62757  -34.271  -16.898  32.506 0.1250000000
62745  -35.460  -17.061  33.522 0.1250000000
120899  -35.094  -17.137  32.697 0.1250000000
120067  -35.891  -17.781  31.218 0.1250000000
61793  -35.535  -17.458  32.002 0.1250000000
61794  -36.097  -17.358  32.852 0.1250000000
127837  -36.452  -17.679  31.999 0.1250000000
60882  -37.281  -18.247  30.438 0.1250000000
119300  -37.340  -17.961  31.980 0.1250000000
60870  -37.754  -18.238  31.210 0.1250000000
60896  -37.668  -18.146  29.759 0.1250000000
60898  -39.413  -17.644  29.913 0.1250000000
60897  -38.500  -17.875  29.730 0.1250000000
61837  -38.945  -17.342  29.375 0.1250000000
128048  -37.497  -17.604  33.369 0.1250000000
61795  -37.879  -17.883  32.695 0.1250000000
68901  -46.589  -9.283  31.454 0.1250000000
70605  -48.038  -6.939  31.338 0.1250000000
70598  -47.871  -7.616  31.455 0.1250000000
70599  -48.633  -7.299  31.807 0.1250000000
71493  -48.760  -6.579  31.615 0.1250000000
71494  -49.452  -6.110  31.898 0.1250000000
138547  -49.416  -5.335  31.619 0.1250000000
72386  -49.442  -4.520  31.323 0.1250000000
74181  -45.544  -3.512  26.235 0.1250000000
74136  -49.633  -3.689  30.919 0.1250000000
74193  -45.693  -3.275  25.339 0.1250000000
75066  -46.296  -3.035  24.184 0.1250000000
75059  -46.503  -3.098  24.995 0.1250000000
75077  -46.033  -3.076  23.413 0.1250000000
75067  -47.044  -2.941  24.401 0.1250000000
74213  -45.849  -3.212  22.749 0.1250000000
75086  -46.582  -3.177  22.847 0.1250000000
136504  -46.219  -3.431  22.196 0.1250000000
75087  -47.451  -3.161  22.907 0.1250000000
74225  -46.710  -3.767  21.666 0.1250000000
75084  -52.434  -1.852  23.371 0.1250000000
75886  -52.596  -1.056  23.427 0.1250000000
123291  -51.210  0.341  27.101 0.1250000000
78100  -50.859  0.887  26.861 0.1250000000
77332  -51.628  0.059  25.872 0.1250000000
55438  -33.640  -24.715  51.857 0.1250000000
140103  -4.965  -39.334  48.709 0.1250000000
42617  -5.097  -37.943  48.551 0.1250000000
44433  -5.578  -37.170  47.497 0.1250000000
44490  -6.430  -37.256  43.903 0.1250000000
44478  -7.174  -36.731  44.229 0.1250000000
61781  -36.796  -17.453  33.324 0.1250000000
75078  -46.966  -2.992  23.618 0.1250000000
60883  -38.187  -18.194  30.457 0.1250000000
76587  -51.684  -0.137  25.346 0.1250000000
77346  -51.463  0.351  25.700 0.1250000000
76597  -52.209  -0.488  23.741 0.1250000000
77331  -51.368  0.397  26.387 0.1250000000
41688  -4.972  -39.270  48.066 0.1250000000
135033  -4.955  -38.746  48.661 0.1250000000
42637  -5.159  -38.229  46.730 0.1250000000
43521  -5.374  -37.707  47.032 0.1250000000
41709  -5.041  -39.043  46.453 0.1250000000
43535  -5.551  -37.669  45.682 0.1250000000
41722  -5.186  -38.846  45.166 0.1250000000
43536  -5.892  -37.365  45.119 0.1250000000
43574  -5.773  -38.476  43.132 0.1250000000
43561  -6.063  -37.821  43.508 0.1250000000
43585  -6.191  -38.152  41.744 0.1250000000
44520  -8.025  -37.030  41.351 0.1250000000
127587  -32.950  -16.517  34.897 0.1250000000
62714  -33.692  -16.515  35.401 0.1250000000
138414  -34.217  -16.651  34.088 0.1250000000
128976  -37.006  -17.641  32.708 0.1250000000
61806  -36.819  -18.047  31.204 0.1250000000
37864  -11.001  -43.611  51.653 0.1250000000
39714  -9.714  -41.484  55.601 0.1250000000
41596  -14.933  -38.623  57.814 0.3750000000
41636  -4.895  -39.785  52.341 0.2500000000
42535  -15.886  -37.590  55.666 0.3750000000
42540  -14.405  -38.500  54.229 0.1250000000
43394  -12.162  -37.648  62.291 1.0000000000
43399  -16.837  -36.846  62.662 0.8750000000
43410  -16.960  -37.601  59.241 0.7500000000
43414  -7.183  -37.476  57.730 0.7500000000
43418  -16.569  -37.328  57.126 0.6250000000
43428  -16.987  -36.923  55.473 0.3750000000
43436  -16.951  -36.871  54.772 0.3750000000
43464  -5.211  -37.943  51.254 0.3750000000
44317  -17.397  -36.242  62.890 1.0000000000
44335  -7.262  -37.067  58.048 0.6250000000
44336  -7.419  -36.709  58.227 0.7500000000
44338  -18.825  -36.126  58.801 0.8750000000
44340  -6.844  -36.940  57.113 0.5000000000
44343  -6.083  -37.027  56.084 0.3750000000
44346  -5.920  -36.663  55.227 0.5000000000
44358  -16.783  -36.699  52.961 0.1250000000
44359  -17.121  -36.587  53.528 0.2500000000
44368  -5.766  -36.815  52.220 0.3750000000
44393  -5.460  -37.159  50.701 0.3750000000
44411  -16.316  -36.054  49.502 0.1250000000
45270  -16.507  -35.432  63.678 1.0000000000
45276  -18.383  -35.210  62.793 1.0000000000
45290  -19.199  -35.132  59.771 1.0000000000
45291  -8.606  -35.882  58.531 0.8750000000
45303  -19.037  -35.384  57.378 0.8750000000
45306  -7.888  -35.717  56.685 0.6250000000
45310  -18.932  -34.660  56.139 0.7500000000
45332  -18.711  -34.765  53.461 0.5000000000
46215  -16.403  -34.322  63.953 1.0000000000
46219  -18.568  -34.382  63.032 1.0000000000
46222  -18.974  -34.128  62.312 1.0000000000
46223  -19.056  -33.844  61.540 1.0000000000
46227  -19.243  -34.386  60.100 1.0000000000
46235  -18.940  -33.854  57.441 1.0000000000
46240  -11.409  -34.901  55.534 0.7500000000
47066  -17.575  -33.611  63.999 1.0000000000
47082  -18.352  -33.442  56.126 0.7500000000
47084  -18.309  -33.524  55.292 0.6250000000
47107  -26.555  -32.452  50.590 0.5000000000
47213  -27.590  -33.530  43.444 0.1250000000
47964  -15.895  -32.576  64.150 1.0000000000
47975  -18.321  -32.593  61.334 1.0000000000
47977  -18.243  -32.455  60.562 1.0000000000
48001  -25.548  -32.289  55.491 0.2500000000
48026  -19.002  -33.008  51.851 0.2500000000
48075  -26.484  -32.589  47.555 0.3750000000
48101  -31.167  -32.599  45.196 0.1250000000
48905  -16.966  -31.567  64.484 0.8750000000
48913  -9.919  -30.184  61.449 0.8750000000
48924  -8.916  -30.231  59.463 0.8750000000
48929  -17.893  -32.018  59.504 1.0000000000
48930  -8.295  -30.584  57.988 1.0000000000
48931  -8.651  -30.402  58.800 1.0000000000
48943  -17.894  -32.125  57.829 0.8750000000
48947  -27.151  -31.054  57.571 0.2500000000
48948  -7.399  -30.726  55.642 0.8750000000
48949  -7.780  -30.764  56.354 0.8750000000
48954  -17.985  -31.428  56.932 0.6250000000
48965  -18.313  -32.143  55.429 0.7500000000
48990  -18.513  -31.404  53.978 0.7500000000
49000  -18.834  -32.158  52.900 0.2500000000
49013  -18.810  -31.467  51.540 0.1250000000
49032  -5.913  -30.796  49.490 0.6250000000
49076  -5.524  -30.317  47.003 0.6250000000
49136  -24.014  -30.786  42.573 0.1250000000
49919  -15.374  -30.073  64.247 0.6250000000
49932  -10.034  -29.873  61.788 0.8750000000
49933  -10.010  -30.164  61.945 1.0000000000
49940  -8.341  -29.641  59.597 1.0000000000
49942  -9.341  -29.937  60.465 1.0000000000
49943  -9.700  -30.007  61.114 0.8750000000
49956  -7.408  -30.063  57.325 1.0000000000
49966  -7.324  -30.199  56.430 1.0000000000
49968  -17.841  -30.149  56.120 0.7500000000
49983  -6.726  -30.481  54.528 0.8750000000
49994  -18.273  -30.710  53.301 0.6250000000
50016  -18.431  -30.710  50.261 0.1250000000
50025  -5.376  -30.008  49.433 0.7500000000
50065  -5.589  -30.021  45.126 0.6250000000
50795  -16.785  -29.656  63.965 0.7500000000
50797  -10.404  -29.511  62.310 0.8750000000
50805  -8.845  -28.735  60.434 1.0000000000
50807  -9.864  -29.666  61.332 0.8750000000
50816  -7.641  -28.896  58.609 1.0000000000
50823  -25.492  -29.531  57.983 0.2500000000
50824  -7.446  -29.252  57.381 1.0000000000
50842  -17.144  -28.964  54.136 0.5000000000
50843  -21.844  -29.607  54.521 0.2500000000
50870  -6.181  -29.715  50.957 0.7500000000
50878  -17.391  -29.567  50.198 0.1250000000
50898  -16.859  -28.933  48.378 0.1250000000
50932  -5.558  -29.394  43.913 0.6250000000
51658  -10.827  -28.398  62.770 0.8750000000
51660  -15.865  -28.531  64.178 0.6250000000
51661  -16.645  -29.203  63.637 0.7500000000
51663  -9.872  -28.785  61.929 0.8750000000
51665  -16.194  -28.502  63.683 0.7500000000
51667  -9.135  -27.507  61.130 0.8750000000
51673  -8.137  -28.546  59.635 1.0000000000
51679  -25.115  -28.514  58.249 0.2500000000
51696  -17.060  -28.997  56.313 0.7500000000
51701  -16.722  -28.243  55.116 0.5000000000
51710  -6.697  -29.103  52.349 0.7500000000
51741  -16.544  -28.370  49.900 0.1250000000
51764  -5.066  -29.010  47.311 0.6250000000
52540  -9.817  -26.620  62.738 0.5000000000
52562  -7.541  -27.654  58.235 1.0000000000
52574  -22.977  -27.639  57.327 0.3750000000
52576  -7.501  -27.350  56.582 1.0000000000
52597  -32.648  -27.067  52.656 0.1250000000
52598  -33.086  -27.089  52.501 0.3750000000
52599  -33.141  -26.865  52.245 0.5000000000
52630  -35.266  -27.413  50.857 0.2500000000
52640  -27.747  -27.590  50.009 0.1250000000
52661  -6.319  -28.347  48.506 0.7500000000
52663  -16.532  -27.539  48.120 0.1250000000
53540  -12.189  -25.602  63.854 0.5000000000
53545  -9.777  -25.837  63.061 0.5000000000
53567  -7.723  -25.971  59.435 1.0000000000
53577  -16.025  -26.220  58.632 0.6250000000
53593  -7.480  -26.321  55.194 0.8750000000
53611  -32.492  -26.299  52.378 0.1250000000
53622  -34.088  -26.266  51.251 0.2500000000
53625  -16.305  -26.132  51.298 0.1250000000
53696  -34.938  -26.131  45.159 0.6250000000
54480  -14.474  -25.714  64.393 0.3750000000
54491  -7.863  -24.404  61.837 0.7500000000
54492  -7.963  -24.402  62.238 0.7500000000
54495  -7.856  -24.565  61.227 0.8750000000
54501  -24.178  -25.648  58.832 0.2500000000
54506  -24.882  -26.636  58.508 0.2500000000
54537  -32.426  -25.998  52.277 0.1250000000
54539  -32.967  -25.760  52.266 0.5000000000
54540  -33.199  -25.712  52.068 0.5000000000
54541  -33.592  -25.721  51.723 0.2500000000
54546  -31.853  -25.190  51.776 0.2500000000
54579  -36.530  -24.921  49.734 0.3750000000
55363  -12.709  -24.591  64.184 0.5000000000
55364  -13.350  -24.610  64.363 0.3750000000
55368  -10.947  -24.095  63.812 0.5000000000
55369  -11.679  -23.919  64.015 0.5000000000
55374  -7.862  -24.088  62.535 0.6250000000
55436  -32.889  -24.929  52.243 0.5000000000
55447  -34.118  -24.357  51.420 0.1250000000
55448  -34.573  -24.455  50.941 0.2500000000
55454  -34.964  -24.476  50.523 0.2500000000
55455  -35.346  -24.358  50.282 0.2500000000
55502  -35.588  -24.505  44.619 0.6250000000
56232  -13.463  -23.993  64.262 0.3750000000
56239  -13.745  -23.883  64.021 0.3750000000
56242  -7.967  -23.391  63.093 0.6250000000
56256  -23.702  -24.335  59.196 0.2500000000
56257  -7.422  -23.464  59.673 0.7500000000
56299  -7.481  -23.842  53.551 0.7500000000
56304  -33.087  -24.418  52.159 0.2500000000
56309  -32.307  -23.512  51.760 0.2500000000
56311  -34.468  -23.696  51.083 0.1250000000
56316  -34.766  -23.357  50.726 0.1250000000
56330  -6.102  -23.230  49.019 0.6250000000
56346  -6.452  -22.644  46.469 0.6250000000
56348  -28.039  -23.932  45.885 0.1250000000
56386  -37.261  -23.681  41.915 0.3750000000
57103  -11.989  -22.843  64.079 0.5000000000
57107  -7.128  -22.582  62.806 0.5000000000
57110  -13.737  -22.957  63.414 0.3750000000
57116  -7.101  -22.200  62.075 0.5000000000
57132  -25.263  -22.857  58.152 0.2500000000
57159  -32.905  -22.513  51.954 0.1250000000
57160  -33.017  -22.552  51.960 0.1250000000
57162  -33.688  -22.989  51.702 0.1250000000
57175  -6.021  -22.246  49.988 0.6250000000
57177  -31.453  -22.800  50.941 0.1250000000
57185  -5.507  -22.249  48.876 0.7500000000
57191  -5.569  -22.141  48.084 0.7500000000
57212  -6.127  -21.970  45.044 0.5000000000
57245  -36.351  -22.453  41.935 0.3750000000
58006  -12.680  -22.261  63.693 0.3750000000
58051  -33.056  -21.137  51.916 0.1250000000
58071  -35.001  -21.921  50.311 0.2500000000
58838  -10.650  -21.005  63.670 0.5000000000
58839  -11.324  -21.077  63.671 0.3750000000
58868  -14.250  -20.649  59.387 0.2500000000
58871  -23.360  -19.937  59.460 0.2500000000
58893  -14.858  -20.183  56.094 0.2500000000
58902  -33.390  -20.558  51.954 0.1250000000
58909  -34.470  -21.256  51.086 0.1250000000
58922  -34.725  -20.012  50.473 0.2500000000
58929  -30.216  -21.021  48.763 0.1250000000
58933  -5.988  -20.724  48.635 0.6250000000
58939  -5.692  -21.012  47.522 0.6250000000
58967  -27.664  -20.281  44.382 0.1250000000
59006  -5.278  -20.778  41.206 0.1250000000
59022  -7.042  -19.758  39.555 0.1250000000
59035  -5.686  -20.278  39.613 0.1250000000
59794  -19.206  -19.133  60.724 0.2500000000
59848  -33.181  -19.481  52.315 0.1250000000
59850  -33.641  -18.936  52.361 0.1250000000
59866  -31.121  -19.267  50.230 0.1250000000
59868  -34.857  -19.572  50.067 0.3750000000
59895  -5.538  -20.039  45.547 0.5000000000
59896  -5.975  -19.254  46.253 0.3750000000
59907  -5.327  -19.426  43.538 0.1250000000
60656  -11.403  -18.898  63.291 0.3750000000
60657  -11.832  -18.945  63.083 0.3750000000
60659  -7.688  -18.983  63.068 0.5000000000
60660  -8.443  -18.745  63.326 0.5000000000
60669  -12.333  -17.806  61.592 0.2500000000
60675  -21.933  -18.616  59.898 0.2500000000
60682  -22.294  -18.423  59.511 0.3750000000
60724  -33.167  -18.503  52.546 0.1250000000
60732  -32.695  -18.631  52.292 0.1250000000
60734  -33.256  -17.749  52.682 0.1250000000
60741  -34.394  -18.679  51.785 0.1250000000
60759  -7.838  -19.113  47.852 0.3750000000
60797  -32.518  -18.517  44.278 0.7500000000
61530  -9.149  -18.574  63.444 0.3750000000
61531  -9.723  -18.140  63.359 0.3750000000
61571  -22.967  -17.766  57.869 0.2500000000
61598  -17.735  -17.979  54.159 0.1250000000
61635  -32.366  -17.549  51.931 0.1250000000
61660  -31.671  -17.066  50.421 0.1250000000
61688  -29.177  -17.236  45.569 0.1250000000
61698  -5.905  -17.856  43.689 0.1250000000
62488  -12.021  -16.288  59.976 0.1250000000
62505  -32.924  -16.664  52.605 0.1250000000
62506  -33.045  -16.197  52.780 0.1250000000
62513  -14.920  -16.499  52.102 0.1250000000
62583  -38.373  -16.067  44.923 0.6250000000
62592  -36.951  -16.443  44.331 0.5000000000
62599  -9.024  -16.889  43.497 0.1250000000
63436  -34.570  -15.667  53.242 0.1250000000
63445  -32.765  -15.775  52.327 0.1250000000
64358  -32.907  -14.916  52.256 0.1250000000
65241  -33.370  -13.610  52.026 0.1250000000
66240  -41.397  -12.510  43.917 0.1250000000
68946  -42.172  -9.280  25.844 0.1250000000
69722  -42.942  -8.360  26.435 0.1250000000
72416  -44.397  -5.273  27.368 0.2500000000
75095  -53.727  -1.926  21.595 0.2500000000
75888  -53.202  -1.084  22.668 0.2500000000
76602  -53.731  -0.424  21.324 0.2500000000
76603  -53.831  -0.277  20.435 0.2500000000
76622  -45.538  -0.805  15.447 0.1250000000
78168  -53.409  0.768  20.851 0.2500000000
78175  -53.266  1.167  20.184 0.1250000000
79073  -52.794  2.132  19.818 0.1250000000
118679  -16.146  -17.614  51.743 0.1250000000
119115  -37.341  -17.185  39.245 0.7500000000
119380  -10.129  -26.414  63.052 0.5000000000
119877  -5.001  -38.737  47.285 0.1250000000
120784  -36.412  -23.648  43.345 0.6250000000
121823  -32.895  -24.664  52.462 0.3750000000
121861  -24.569  -18.705  57.193 0.2500000000
121895  -22.184  -29.963  54.864 0.3750000000
121935  -18.239  -35.067  51.057 0.1250000000
122736  -29.667  -20.138  47.407 0.1250000000
123033  -18.618  -33.671  53.341 0.6250000000
123300  -9.176  -26.204  62.281 0.7500000000
123440  -47.777  1.465  14.079 0.1250000000
123548  -35.311  -21.838  49.663 0.3750000000
123927  -9.144  -22.247  63.657 0.5000000000
124572  -33.149  -14.222  52.280 0.1250000000
124656  -51.846  0.004  24.713 0.2500000000
125181  -8.980  -35.488  55.148 0.6250000000
125681  -29.799  -22.167  47.903 0.1250000000
126208  -17.444  -29.336  54.797 0.6250000000
126830  -10.849  -22.858  63.910 0.5000000000
127860  -53.625  0.240  19.916 0.1250000000
128196  -36.759  -24.598  48.777 0.6250000000
128681  -7.543  -25.107  58.403 0.8750000000
128807  -10.424  -18.341  63.404 0.3750000000
129039  -34.664  -22.387  50.828 0.1250000000
129405  -33.682  -20.558  43.134 0.5000000000
129502  -35.757  -24.565  46.182 0.7500000000
129519  -33.921  -19.944  51.946 0.1250000000
129686  -7.419  -24.598  52.525 0.8750000000
130227  -18.155  -30.506  54.899 0.7500000000
130268  -33.501  -19.768  52.160 0.1250000000
130646  -34.131  -27.351  51.320 0.2500000000
130690  -18.166  -32.102  62.864 1.0000000000
130846  -13.362  -27.744  63.870 0.6250000000
131127  -18.594  -32.702  53.425 0.5000000000
131438  -16.284  -27.193  52.969 0.2500000000
131567  -31.508  -24.096  51.161 0.1250000000
132931  -17.726  -31.470  60.686 1.0000000000
133022  -18.338  -32.692  54.251 0.6250000000
133638  -16.287  -27.583  50.999 0.2500000000
133639  -16.336  -27.743  51.772 0.3750000000
133641  -18.145  -32.984  54.929 0.7500000000
133725  -17.238  -29.889  57.314 0.5000000000
133728  -18.259  -33.363  54.507 0.6250000000
133811  -16.721  -24.817  53.139 0.2500000000
135039  -37.654  -16.939  42.997 0.5000000000
135127  -22.375  -21.060  49.000 0.1250000000
135297  -5.410  -29.213  42.437 0.5000000000
135470  -6.563  -26.153  40.629 0.2500000000
136336  -8.329  -25.552  60.980 0.8750000000
136523  -25.254  -32.153  47.905 0.3750000000
136644  -36.861  -17.180  35.136 0.3750000000
136680  -18.092  -36.273  54.788 0.3750000000
137141  -8.440  -28.456  60.059 1.0000000000
137530  -17.037  -29.119  52.261 0.3750000000
138081  -32.946  -17.340  44.273 0.6250000000
138094  -6.564  -29.765  53.575 0.8750000000
138162  -13.741  -26.593  64.271 0.6250000000
138254  -18.407  -30.882  52.630 0.2500000000
138313  -30.476  -33.814  49.254 0.6250000000
138587  -5.614  -30.404  42.184 0.5000000000
138812  -33.175  -13.891  51.987 0.1250000000
139475  -7.529  -35.655  55.345 0.6250000000
139742  -15.321  -19.191  54.320 0.1250000000
139792  -34.638  -28.154  51.386 0.2500000000
140180  -31.960  -26.176  52.271 0.2500000000
140242  -24.209  -31.104  56.574 0.3750000000
140394  -6.893  -37.655  57.257 0.7500000000
140548  -16.534  -31.714  64.581 1.0000000000
140718  -32.189  -21.606  51.671 0.1250000000
140802  -52.158  -3.325  19.334 0.1250000000
140912  -5.190  -29.818  49.108 0.7500000000
141052  -31.263  -16.692  49.330 0.1250000000
141324  -35.330  -21.115  47.929 0.7500000000
141374  -32.154  -20.588  38.817 0.1250000000
141407  -23.028  -28.237  57.063 0.3750000000
141414  -5.296  -29.170  42.012 0.1250000000
141623  -32.809  -14.013  51.333 0.1250000000
141862  -39.018  -13.811  49.776 0.2500000000
141889  -18.254  -32.987  57.547 0.8750000000
142261  -25.879  -32.489  54.976 0.3750000000
142393  -36.375  -16.523  44.074 0.5000000000
142432  -32.723  -16.206  52.339 0.1250000000
142488  -15.941  -37.602  56.204 0.2500000000
142505  -12.667  -21.327  63.297 0.2500000000
142760  -5.965  -30.800  50.192 0.5000000000
142840  -15.582  -37.420  62.755 0.8750000000
143233  -6.928  -30.444  55.090 0.8750000000
143444  -13.147  -23.634  64.227 0.3750000000
