#!ascii label  , from subject sub-v2s7x29671_ses-1 vox2ras=TkReg
3020
41602  -12.952  -39.875  56.331 0.6250000000
41594  -13.464  -39.601  57.249 0.6250000000
128715  -13.703  -39.407  56.203 0.6250000000
126718  -14.352  -38.873  55.977 0.5000000000
41614  -12.748  -39.817  54.846 0.6250000000
41615  -13.375  -39.414  54.728 0.6250000000
41609  -13.867  -39.163  55.338 0.5000000000
138215  -14.859  -38.361  55.842 0.5000000000
120919  -12.932  -39.615  54.093 0.6250000000
120794  -13.488  -39.225  54.066 0.6250000000
41626  -13.917  -38.803  53.736 0.6250000000
124831  -14.514  -38.518  55.092 0.5000000000
41637  -11.786  -40.139  52.832 0.5000000000
42542  -15.777  -37.554  54.830 0.5000000000
127877  -15.414  -37.962  56.229 0.5000000000
42541  -15.060  -37.986  54.353 0.5000000000
43435  -16.354  -37.147  54.410 0.5000000000
43434  -15.754  -37.469  53.974 0.5000000000
43444  -16.392  -36.994  53.545 0.6250000000
43457  -16.222  -36.951  52.675 0.6250000000
44353  -17.539  -36.491  54.277 0.5000000000
45323  -18.728  -35.187  54.194 0.1250000000
45331  -18.414  -35.535  53.424 0.3750000000
129930  -17.522  -36.125  52.003 0.6250000000
46243  -18.550  -33.930  54.736 0.1250000000
45338  -18.522  -35.104  52.659 0.5000000000
45324  -18.752  -34.381  54.190 0.2500000000
46251  -18.581  -34.659  51.835 0.6250000000
45356  -17.721  -35.428  50.383 0.6250000000
140295  -18.595  -33.990  55.230 0.1250000000
135495  -30.440  -33.639  50.748 0.3750000000
46246  -18.546  -33.783  54.035 0.1250000000
47135  -29.074  -33.708  49.719 0.3750000000
47136  -30.034  -33.821  49.819 0.3750000000
47123  -31.191  -33.507  50.522 0.3750000000
123844  -18.704  -34.243  52.747 0.3750000000
140900  -18.728  -34.138  53.572 0.2500000000
47149  -29.711  -33.917  48.912 0.3750000000
121331  -30.830  -33.680  49.889 0.3750000000
47124  -31.612  -33.336  49.903 0.3750000000
46252  -18.780  -33.822  51.787 0.6250000000
47161  -28.472  -33.635  47.555 0.7500000000
119146  -29.082  -33.884  48.166 0.5000000000
47137  -31.165  -33.553  49.141 0.5000000000
124390  -32.500  -32.636  49.249 0.5000000000
49040  -33.753  -31.637  49.858 0.3750000000
45357  -18.242  -34.656  50.207 0.7500000000
47162  -29.918  -33.949  47.971 0.7500000000
47163  -30.703  -33.650  47.663 0.7500000000
47151  -31.439  -33.277  48.225 0.6250000000
48064  -32.202  -32.676  48.447 0.5000000000
48065  -32.807  -32.103  48.706 0.5000000000
49041  -34.146  -30.938  49.176 0.3750000000
50039  -34.118  -30.331  48.430 0.3750000000
50902  -34.437  -29.542  48.255 0.3750000000
46264  -18.192  -34.205  49.400 0.7500000000
142385  -28.677  -33.657  46.812 0.8750000000
119145  -29.357  -33.856  47.234 0.8750000000
135223  -30.126  -33.804  47.257 0.8750000000
47164  -31.326  -33.180  47.187 0.7500000000
48076  -31.919  -32.691  47.537 0.7500000000
139016  -32.464  -32.054  47.824 0.5000000000
141116  -33.126  -31.032  47.720 0.5000000000
50903  -35.106  -28.881  48.717 0.3750000000
47175  -29.253  -33.715  46.268 0.8750000000
123441  -30.656  -33.554  46.841 0.7500000000
48090  -31.639  -32.609  46.679 0.7500000000
48078  -32.614  -31.236  47.277 0.5000000000
50059  -33.092  -30.445  47.337 0.6250000000
50050  -33.796  -29.973  47.716 0.6250000000
50912  -34.015  -29.132  47.329 0.5000000000
50913  -34.607  -28.677  47.743 0.3750000000
47192  -30.380  -33.321  45.257 1.0000000000
124174  -31.367  -32.599  45.928 0.7500000000
49083  -32.116  -31.299  46.461 0.8750000000
49084  -32.427  -30.546  46.639 0.7500000000
50060  -33.288  -29.494  47.040 0.6250000000
50920  -34.138  -28.276  46.983 0.5000000000
47204  -30.391  -33.243  44.381 1.0000000000
48112  -31.431  -32.105  44.814 1.0000000000
49097  -31.846  -31.366  45.696 0.8750000000
123233  -32.257  -30.159  45.224 0.7500000000
50070  -32.431  -29.853  45.864 0.7500000000
50071  -32.853  -29.160  46.272 0.6250000000
50919  -33.442  -28.651  46.647 0.5000000000
120584  -31.105  -32.661  44.343 1.0000000000
49113  -31.730  -31.482  44.922 1.0000000000
50936  -33.318  -28.978  44.719 0.6250000000
50928  -33.279  -28.475  45.614 0.6250000000
47216  -30.180  -33.401  43.499 1.0000000000
48111  -30.767  -33.031  43.659 1.0000000000
49112  -31.700  -31.811  44.046 1.0000000000
50078  -32.464  -30.221  44.565 0.8750000000
48125  -31.267  -32.439  43.410 1.0000000000
49141  -32.023  -31.014  42.788 1.0000000000
50945  -32.927  -29.799  43.118 0.8750000000
50946  -33.495  -29.208  43.554 0.8750000000
48140  -31.264  -32.122  42.509 1.0000000000
50957  -33.241  -29.076  42.702 0.8750000000
48139  -30.745  -32.569  41.971 1.0000000000
48156  -30.547  -32.133  41.194 1.0000000000
50101  -32.036  -30.531  42.293 1.0000000000
50969  -32.291  -29.108  41.607 1.0000000000
51816  -32.898  -28.724  42.003 1.0000000000
50116  -30.858  -31.046  40.989 1.0000000000
51825  -31.688  -29.564  41.250 1.0000000000
133490  -32.515  -28.356  41.343 1.0000000000
47250  -18.797  -33.706  39.916 0.1250000000
47259  -19.347  -33.357  39.377 0.1250000000
50130  -30.514  -30.476  40.297 1.0000000000
50982  -31.262  -29.155  40.616 1.0000000000
51838  -31.387  -28.352  40.333 1.0000000000
50144  -29.542  -30.809  39.202 1.0000000000
50145  -30.101  -29.911  39.558 1.0000000000
51855  -30.776  -28.014  39.499 1.0000000000
47262  -21.511  -33.730  38.817 0.1250000000
47273  -21.918  -33.200  38.117 0.1250000000
123281  -23.231  -34.503  38.806 0.1250000000
46370  -23.519  -34.285  37.743 0.1250000000
50160  -29.139  -30.512  38.618 1.0000000000
143319  -29.272  -29.129  38.478 1.0000000000
51874  -29.394  -28.279  38.388 1.0000000000
49221  -27.523  -31.064  35.730 0.8750000000
125441  -28.515  -30.746  38.091 1.0000000000
51008  -28.763  -28.869  37.869 1.0000000000
51892  -28.712  -27.912  37.481 1.0000000000
141279  -24.742  -34.912  35.992 0.3750000000
49232  -27.994  -32.110  34.653 0.8750000000
51020  -28.433  -29.748  37.423 0.8750000000
51030  -28.283  -28.854  35.735 0.8750000000
51920  -28.722  -28.286  35.169 0.8750000000
46411  -25.574  -34.621  35.019 0.6250000000
46412  -26.341  -34.782  34.867 0.6250000000
48018  -18.811  -32.797  52.655 0.5000000000
141442  -18.599  -33.179  53.179 0.2500000000
47133  -27.459  -33.144  49.516 0.5000000000
47134  -28.224  -33.466  49.202 0.5000000000
46258  -18.611  -34.218  50.951 0.6250000000
47147  -27.558  -33.226  48.641 0.5000000000
47148  -28.290  -33.554  48.378 0.5000000000
48037  -18.877  -32.301  50.316 0.7500000000
50891  -34.884  -29.660  49.253 0.3750000000
47131  -18.370  -33.386  49.327 0.8750000000
47160  -27.691  -33.257  47.803 0.6250000000
47174  -27.870  -33.261  46.874 0.7500000000
138721  -35.141  -28.259  48.076 0.3750000000
47145  -18.317  -32.955  48.646 0.8750000000
47159  -27.099  -32.911  47.288 0.6250000000
47173  -27.057  -32.886  46.495 0.7500000000
133281  -27.643  -33.182  46.056 0.8750000000
121635  -28.413  -33.517  46.083 0.8750000000
47176  -29.981  -33.726  46.553 0.8750000000
51768  -34.800  -27.925  47.400 0.3750000000
142591  -18.184  -33.163  47.975 0.8750000000
47188  -26.962  -32.904  45.583 0.8750000000
47190  -29.004  -33.656  45.267 0.8750000000
47191  -29.855  -33.614  45.687 1.0000000000
52655  -35.469  -27.677  47.939 0.2500000000
121100  -18.428  -32.273  46.898 0.7500000000
48110  -26.572  -32.646  44.801 0.8750000000
132534  -27.203  -33.129  44.790 0.8750000000
121634  -28.473  -33.635  44.545 1.0000000000
47203  -29.773  -33.523  44.836 1.0000000000
52677  -35.099  -27.242  47.117 0.3750000000
51776  -33.762  -27.936  46.180 0.3750000000
48086  -18.703  -32.130  45.960 0.7500000000
47212  -26.984  -33.176  43.246 0.8750000000
47213  -27.590  -33.530  43.444 1.0000000000
132492  -29.786  -33.514  44.113 1.0000000000
51796  -33.777  -28.322  44.867 0.5000000000
47199  -18.564  -33.209  44.450 0.5000000000
132697  -28.074  -33.782  42.924 1.0000000000
47215  -29.390  -33.649  43.487 1.0000000000
48124  -30.725  -33.023  42.793 1.0000000000
51797  -34.302  -27.720  44.696 0.5000000000
51786  -33.846  -27.928  45.372 0.5000000000
49125  -19.145  -31.627  43.535 0.6250000000
47229  -29.881  -33.528  42.571 1.0000000000
51806  -34.703  -27.840  43.728 0.7500000000
50947  -33.982  -28.566  44.019 0.6250000000
49135  -19.100  -31.750  42.823 0.6250000000
48138  -30.099  -33.149  41.599 1.0000000000
141166  -30.405  -33.147  42.201 1.0000000000
52718  -34.160  -27.821  42.117 1.0000000000
51818  -34.288  -28.295  43.027 0.8750000000
49149  -19.010  -31.778  41.939 0.5000000000
48154  -29.053  -33.150  40.522 1.0000000000
48155  -29.887  -32.714  40.740 1.0000000000
51817  -33.613  -28.463  42.404 1.0000000000
48166  -18.803  -32.687  40.217 0.3750000000
49162  -19.106  -31.766  40.158 0.5000000000
48170  -28.741  -32.858  39.860 1.0000000000
48172  -30.206  -31.608  40.370 1.0000000000
52741  -33.215  -27.100  40.585 1.0000000000
51826  -33.260  -28.063  41.688 1.0000000000
49174  -19.325  -32.259  39.509 0.2500000000
142838  -26.415  -31.456  37.439 1.0000000000
48194  -26.988  -32.268  38.889 1.0000000000
48182  -27.737  -32.397  39.112 1.0000000000
48183  -28.553  -32.422  39.212 1.0000000000
49180  -29.178  -31.755  39.143 1.0000000000
50129  -30.045  -30.863  39.818 1.0000000000
52740  -32.381  -27.318  40.287 1.0000000000
51839  -32.066  -27.968  40.689 1.0000000000
48181  -19.799  -32.688  38.922 0.1250000000
47271  -20.328  -33.013  38.675 0.1250000000
49193  -26.785  -31.779  37.955 1.0000000000
48195  -28.228  -32.115  38.799 1.0000000000
49165  -29.658  -31.617  39.684 1.0000000000
52739  -31.581  -27.589  39.977 1.0000000000
48193  -21.281  -32.322  37.875 0.1250000000
47282  -23.124  -33.569  37.199 0.1250000000
46380  -23.739  -34.090  36.759 0.1250000000
49206  -26.740  -31.415  36.777 1.0000000000
49207  -27.216  -31.486  37.069 1.0000000000
49195  -28.365  -31.623  38.440 1.0000000000
136779  -31.370  -26.396  37.970 0.8750000000
52749  -30.671  -27.319  38.868 1.0000000000
46381  -24.349  -34.582  36.305 0.1250000000
49208  -27.847  -31.249  37.619 1.0000000000
52782  -31.279  -26.249  37.084 0.8750000000
52796  -29.440  -26.584  36.366 0.7500000000
47302  -24.476  -33.362  35.090 0.6250000000
46410  -25.231  -33.693  34.789 0.7500000000
129843  -26.917  -34.423  34.714 0.6250000000
48213  -27.152  -32.523  34.669 0.7500000000
52797  -30.364  -26.274  36.375 0.7500000000
51907  -29.824  -26.845  35.301 0.7500000000
47303  -26.194  -33.864  34.610 0.7500000000
49014  -19.017  -32.199  52.059 0.5000000000
48025  -19.022  -32.283  51.190 0.6250000000
47132  -26.850  -32.858  48.893 0.5000000000
48063  -26.335  -32.552  48.300 0.6250000000
48073  -24.651  -32.021  47.586 0.6250000000
48061  -24.745  -32.057  48.501 0.6250000000
48049  -18.663  -32.263  49.538 0.8750000000
48074  -25.854  -32.330  47.743 0.6250000000
49082  -24.649  -31.884  46.674 0.7500000000
49037  -18.616  -31.578  49.122 0.8750000000
47146  -26.997  -32.885  48.075 0.6250000000
48088  -26.034  -32.313  47.025 0.7500000000
48087  -25.538  -32.024  46.479 0.7500000000
49052  -18.493  -31.623  48.375 0.8750000000
48089  -26.589  -32.611  46.920 0.7500000000
143398  -25.086  -31.777  45.980 0.7500000000
49068  -18.375  -31.558  47.545 0.7500000000
48100  -26.306  -32.434  46.231 0.8750000000
48099  -25.699  -32.012  45.696 0.7500000000
49079  -18.373  -31.397  46.620 0.7500000000
134128  -26.273  -32.386  45.424 0.8750000000
48109  -25.843  -32.047  44.800 0.8750000000
52687  -34.595  -26.743  46.204 0.3750000000
51777  -34.327  -27.481  46.652 0.3750000000
51787  -34.109  -27.344  45.673 0.3750000000
48123  -26.391  -32.572  43.371 0.8750000000
48137  -26.295  -32.523  42.509 0.8750000000
49109  -18.876  -31.323  44.741 0.7500000000
50084  -18.913  -30.935  44.040 0.7500000000
47226  -27.416  -33.512  42.613 1.0000000000
52708  -34.963  -27.195  44.245 0.3750000000
52696  -34.510  -26.924  45.098 0.3750000000
128499  -19.098  -31.990  44.190 0.7500000000
47239  -26.835  -33.151  41.953 1.0000000000
47227  -28.232  -33.744  42.210 1.0000000000
50111  -19.162  -30.967  42.479 0.6250000000
47240  -27.433  -33.364  41.154 1.0000000000
47241  -28.424  -33.520  41.295 1.0000000000
52719  -34.999  -27.362  42.270 1.0000000000
135328  -34.783  -27.794  42.871 0.8750000000
50112  -19.163  -30.936  41.593 0.6250000000
48168  -26.847  -32.774  40.171 1.0000000000
48153  -27.316  -33.117  40.503 1.0000000000
47251  -28.115  -33.249  40.481 1.0000000000
122091  -34.486  -27.222  41.494 1.0000000000
49150  -18.955  -31.763  40.970 0.5000000000
50126  -19.269  -30.815  40.563 0.6250000000
128867  -27.125  -32.599  39.509 1.0000000000
48169  -27.759  -32.886  39.784 1.0000000000
118617  -34.673  -26.457  40.315 1.0000000000
52742  -34.056  -26.910  40.817 1.0000000000
50140  -19.424  -31.231  39.597 0.5000000000
49192  -25.948  -31.342  37.988 1.0000000000
52753  -33.703  -26.606  40.078 1.0000000000
49175  -19.752  -31.724  38.884 0.5000000000
52751  -31.918  -26.945  39.419 1.0000000000
47281  -22.517  -33.154  37.485 0.2500000000
52765  -31.944  -26.464  38.581 0.8750000000
120514  -22.752  -32.819  36.717 0.3750000000
47290  -23.374  -33.309  36.265 0.6250000000
47291  -24.010  -33.820  35.819 0.3750000000
49220  -27.097  -31.506  35.291 0.8750000000
48212  -23.784  -32.873  35.428 0.7500000000
142715  -24.972  -32.877  34.688 0.6250000000
48221  -25.699  -32.904  34.581 0.7500000000
129252  -26.490  -32.957  34.546 0.7500000000
52812  -30.806  -26.822  34.883 0.7500000000
50002  -18.385  -30.766  51.924 0.6250000000
49023  -18.787  -31.455  50.692 0.6250000000
136190  -18.725  -31.479  49.885 0.6250000000
50900  -20.708  -29.096  47.991 0.8750000000
50027  -18.421  -30.782  49.449 0.8750000000
51775  -20.721  -28.705  46.625 1.0000000000
50918  -21.143  -29.444  46.318 1.0000000000
50058  -22.101  -30.843  46.397 0.8750000000
49080  -22.633  -31.500  46.875 0.8750000000
49081  -23.533  -31.761  46.469 0.7500000000
52676  -20.060  -27.292  46.248 1.0000000000
49096  -24.327  -31.672  45.775 0.7500000000
52685  -19.588  -26.851  45.713 1.0000000000
51785  -20.855  -28.664  45.771 1.0000000000
50068  -21.653  -30.116  45.930 0.8750000000
125022  -22.754  -31.310  45.955 0.8750000000
125390  -23.476  -31.454  45.480 0.8750000000
50056  -17.850  -30.452  46.406 1.0000000000
128150  -19.551  -26.924  44.864 1.0000000000
51784  -20.579  -27.960  45.363 1.0000000000
132606  -21.309  -29.332  45.444 1.0000000000
50926  -21.788  -29.985  45.091 0.8750000000
49095  -22.818  -31.077  45.111 0.8750000000
49110  -23.734  -31.076  44.132 0.8750000000
48108  -25.092  -31.579  44.377 0.8750000000
52667  -35.888  -27.127  47.665 0.2500000000
50066  -17.468  -29.757  45.968 1.0000000000
51794  -20.320  -27.454  44.699 1.0000000000
51804  -20.647  -27.640  43.867 1.0000000000
50925  -21.458  -29.276  44.707 1.0000000000
50935  -21.839  -29.807  44.264 0.8750000000
50086  -23.156  -30.807  43.424 0.8750000000
49126  -24.134  -30.972  43.353 0.8750000000
48122  -25.737  -31.997  43.858 0.8750000000
128010  -35.051  -26.260  46.085 0.2500000000
136019  -18.533  -31.171  45.587 0.6250000000
139456  -18.013  -29.812  44.787 0.8750000000
50085  -22.382  -30.407  43.835 0.8750000000
136810  -23.608  -30.782  42.973 0.8750000000
49127  -25.053  -31.413  43.422 0.8750000000
125436  -25.804  -31.920  42.976 0.8750000000
52688  -34.669  -26.405  45.432 0.3750000000
137676  -18.392  -29.915  44.102 0.8750000000
122139  -24.651  -31.074  42.768 0.8750000000
49138  -25.254  -31.429  42.487 0.8750000000
52709  -35.401  -26.684  43.895 0.3750000000
132821  -35.267  -26.157  44.280 0.3750000000
140851  -18.787  -30.295  43.543 0.7500000000
50952  -18.815  -29.264  42.522 0.7500000000
49152  -25.369  -31.520  41.590 1.0000000000
122851  -26.261  -32.569  41.801 1.0000000000
137974  -35.691  -26.626  43.200 0.5000000000
53703  -35.792  -26.140  43.517 0.3750000000
50097  -19.079  -30.111  42.118 0.6250000000
50953  -19.109  -29.165  41.769 0.7500000000
49151  -24.914  -31.042  40.981 1.0000000000
48151  -25.934  -32.205  41.302 1.0000000000
48152  -26.628  -32.851  41.067 1.0000000000
53714  -35.279  -26.879  41.628 1.0000000000
52720  -35.632  -26.826  42.478 0.8750000000
130613  -19.224  -30.009  41.286 0.6250000000
49176  -25.055  -30.872  39.245 1.0000000000
48167  -26.341  -32.257  39.717 1.0000000000
53715  -35.984  -26.380  41.794 0.8750000000
50978  -19.613  -29.021  40.221 0.7500000000
125505  -19.572  -30.026  39.698 0.8750000000
121424  -25.590  -31.341  38.822 1.0000000000
49177  -25.607  -31.561  39.569 1.0000000000
141543  -35.320  -26.196  40.264 1.0000000000
50141  -20.026  -29.636  38.797 0.6250000000
128166  -25.369  -30.596  37.494 1.0000000000
126285  -19.802  -30.678  38.897 0.5000000000
49191  -20.869  -31.411  37.748 0.7500000000
50172  -24.935  -29.979  36.502 1.0000000000
53738  -33.780  -25.919  38.594 1.0000000000
53730  -33.309  -26.333  39.281 1.0000000000
49190  -20.240  -31.134  38.280 0.5000000000
49203  -21.351  -30.687  37.112 0.5000000000
49204  -21.936  -31.271  36.655 0.5000000000
50191  -24.610  -30.583  35.059 0.7500000000
49205  -25.934  -30.991  36.799 1.0000000000
132622  -26.240  -31.230  35.584 0.8750000000
128853  -32.872  -25.904  37.427 0.8750000000
142101  -33.274  -25.878  38.074 0.8750000000
52766  -32.543  -26.502  39.144 1.0000000000
48210  -22.522  -31.915  36.300 0.5000000000
48211  -23.116  -32.411  35.854 0.6250000000
48219  -23.710  -31.723  35.186 0.7500000000
49230  -24.545  -31.398  34.812 0.7500000000
49231  -25.371  -31.215  34.879 0.7500000000
49219  -26.198  -32.028  34.738 0.7500000000
50009  -18.399  -30.724  51.095 0.6250000000
50026  -17.941  -30.121  49.798 0.7500000000
50910  -20.567  -28.604  47.445 1.0000000000
135606  -18.415  -30.960  48.784 0.8750000000
50899  -17.329  -29.606  48.536 0.8750000000
50898  -16.859  -28.933  48.378 1.0000000000
50036  -18.211  -30.842  48.146 0.8750000000
126513  -17.148  -29.417  47.611 1.0000000000
50909  -16.987  -28.782  46.817 1.0000000000
53682  -19.093  -26.395  45.973 1.0000000000
125995  -20.356  -27.938  46.843 1.0000000000
50045  -17.689  -30.157  47.958 0.8750000000
52683  -17.912  -26.649  45.902 1.0000000000
50046  -18.032  -30.738  47.316 1.0000000000
50055  -17.306  -29.627  46.683 1.0000000000
124796  -17.364  -27.432  46.024 1.0000000000
52684  -18.349  -26.876  45.272 1.0000000000
50924  -17.573  -29.208  45.263 1.0000000000
51792  -17.771  -28.115  44.824 1.0000000000
52693  -18.401  -27.228  44.614 1.0000000000
50934  -21.380  -28.750  43.874 1.0000000000
50933  -18.021  -28.980  44.358 1.0000000000
51802  -18.408  -28.414  43.606 0.8750000000
52705  -19.330  -27.184  43.350 1.0000000000
52706  -20.111  -27.178  42.911 1.0000000000
51805  -21.024  -27.813  43.038 1.0000000000
50943  -21.614  -28.719  42.898 1.0000000000
50954  -22.107  -29.507  42.599 1.0000000000
50113  -22.914  -30.148  41.727 1.0000000000
143090  -18.310  -29.219  43.854 0.8750000000
51812  -18.649  -28.538  42.902 1.0000000000
52715  -19.509  -27.478  42.480 1.0000000000
51814  -21.284  -27.960  42.271 1.0000000000
51815  -21.826  -28.726  42.079 1.0000000000
50100  -23.695  -30.546  41.799 1.0000000000
49137  -24.634  -30.936  41.922 1.0000000000
119238  -36.377  -23.055  43.227 0.5000000000
55510  -36.736  -24.120  43.261 0.5000000000
54624  -36.265  -25.512  43.079 0.3750000000
50942  -18.555  -29.431  43.345 0.7500000000
51803  -18.877  -27.675  42.990 1.0000000000
52716  -20.154  -27.389  41.843 1.0000000000
52728  -21.131  -27.643  41.099 1.0000000000
51824  -22.092  -28.677  41.277 1.0000000000
50967  -22.712  -29.411  41.066 1.0000000000
50114  -23.412  -30.055  41.013 1.0000000000
50127  -23.914  -30.105  40.271 1.0000000000
125196  -37.242  -24.042  42.612 0.6250000000
133008  -19.339  -28.401  41.471 1.0000000000
52726  -20.064  -27.611  41.008 1.0000000000
52737  -20.504  -27.691  40.520 1.0000000000
51835  -21.608  -27.969  40.639 1.0000000000
125362  -22.344  -28.609  40.403 1.0000000000
50980  -23.124  -29.290  40.095 1.0000000000
50128  -24.519  -30.623  40.451 1.0000000000
54636  -36.988  -25.050  41.514 0.8750000000
53723  -36.350  -25.825  41.134 0.8750000000
51833  -19.702  -28.172  40.791 1.0000000000
51834  -20.144  -27.878  40.430 1.0000000000
51849  -20.555  -27.917  39.884 1.0000000000
51836  -21.913  -28.037  39.836 1.0000000000
50979  -22.483  -28.452  39.470 1.0000000000
135793  -23.098  -28.811  39.133 1.0000000000
50142  -23.812  -29.506  39.205 1.0000000000
50143  -24.500  -30.358  39.702 1.0000000000
55522  -36.785  -24.369  39.959 1.0000000000
54642  -36.710  -25.117  40.524 1.0000000000
53722  -35.490  -26.393  40.880 1.0000000000
50991  -19.919  -28.971  39.430 1.0000000000
130546  -20.339  -28.340  39.372 1.0000000000
51872  -22.033  -28.220  37.969 1.0000000000
51873  -22.758  -28.408  37.646 1.0000000000
51006  -23.438  -28.701  37.452 1.0000000000
51007  -24.043  -29.218  38.030 1.0000000000
55535  -36.247  -23.957  38.604 1.0000000000
55528  -36.363  -24.577  39.136 1.0000000000
53731  -35.202  -25.957  39.688 1.0000000000
50992  -20.423  -28.728  38.745 0.8750000000
51005  -20.955  -28.457  38.242 1.0000000000
50169  -21.532  -28.603  37.607 1.0000000000
51018  -22.973  -28.649  36.758 1.0000000000
51019  -24.030  -29.097  36.810 1.0000000000
50158  -24.729  -29.892  37.676 1.0000000000
50159  -25.194  -30.723  38.358 1.0000000000
54666  -34.995  -25.193  37.779 1.0000000000
55527  -35.946  -24.703  38.470 1.0000000000
53739  -34.742  -25.704  38.907 1.0000000000
140630  -20.237  -30.220  38.296 0.7500000000
50170  -21.367  -29.532  37.182 0.7500000000
51017  -22.119  -28.878  36.769 0.7500000000
51027  -23.492  -29.150  35.949 1.0000000000
55551  -34.697  -24.669  36.686 1.0000000000
54655  -34.454  -25.520  38.135 1.0000000000
50171  -22.079  -29.985  36.396 0.6250000000
50180  -22.950  -29.891  35.676 0.7500000000
50181  -23.883  -29.993  35.381 0.7500000000
51028  -24.252  -29.457  35.930 1.0000000000
53760  -33.545  -25.517  36.874 1.0000000000
53749  -33.704  -25.668  37.754 1.0000000000
49216  -22.568  -30.896  35.913 0.7500000000
127190  -22.996  -31.554  35.648 0.7500000000
49229  -24.010  -30.826  35.038 0.7500000000
50015  -17.932  -30.096  50.659 0.6250000000
50888  -17.415  -29.623  49.350 0.8750000000
51749  -16.619  -28.524  49.066 1.0000000000
51766  -16.709  -28.303  47.609 1.0000000000
57258  -36.644  -22.774  41.189 0.6250000000
56378  -37.042  -23.320  42.925 0.6250000000
57265  -36.222  -22.826  39.728 1.0000000000
56393  -37.099  -23.391  41.193 0.8750000000
57271  -36.045  -23.108  38.854 1.0000000000
56392  -36.776  -23.400  40.371 1.0000000000
55523  -37.193  -24.197  40.976 0.8750000000
120679  -35.274  -22.848  38.338 1.0000000000
56398  -36.489  -23.672  39.408 1.0000000000
56417  -35.130  -23.598  37.122 1.0000000000
56409  -35.534  -24.071  37.541 1.0000000000
140066  -35.899  -24.185  38.092 1.0000000000
55552  -35.160  -24.230  36.942 1.0000000000
123068  -36.310  -22.621  40.549 0.7500000000
58145  -36.065  -22.128  41.190 0.6250000000
58153  -35.876  -22.170  40.175 1.0000000000
122688  -35.485  -21.721  40.756 0.7500000000
59025  -34.960  -21.250  41.259 0.6250000000
58170  -34.859  -22.403  38.704 1.0000000000
58159  -35.462  -22.412  39.245 1.0000000000
58152  -34.780  -21.320  40.376 0.7500000000
58169  -34.767  -21.971  39.127 1.0000000000
135928  -34.598  -23.300  36.939 1.0000000000
57279  -34.118  -22.590  37.865 1.0000000000
57291  -34.068  -22.934  37.233 1.0000000000
58193  -33.583  -22.556  37.458 1.0000000000
58144  -35.623  -21.616  41.804 0.6250000000
58168  -34.216  -22.136  38.477 1.0000000000
58158  -34.498  -21.466  39.574 1.0000000000
58181  -33.564  -22.066  37.830 1.0000000000
59013  -35.048  -21.104  42.007 0.6250000000
59012  -34.310  -20.809  41.759 0.6250000000
58999  -34.477  -20.807  42.560 0.3750000000
120959  -34.140  -20.887  40.941 0.6250000000
59056  -33.738  -21.120  39.267 0.8750000000
59041  -33.969  -20.963  40.074 0.7500000000
59055  -33.444  -21.479  38.456 1.0000000000
59069  -32.864  -21.597  37.610 1.0000000000
58191  -32.261  -21.972  36.523 1.0000000000
58998  -33.569  -20.579  42.338 0.5000000000
59011  -33.386  -20.618  41.552 0.6250000000
58983  -32.815  -20.141  43.571 0.3750000000
59024  -33.208  -20.647  40.703 0.7500000000
58997  -32.694  -20.438  42.182 0.6250000000
139855  -32.942  -20.412  42.832 0.5000000000
121248  -32.847  -20.825  38.966 0.8750000000
59040  -33.026  -20.697  39.812 0.7500000000
59010  -32.451  -20.445  41.378 0.6250000000
59925  -31.936  -20.140  42.038 0.6250000000
139552  -32.314  -20.120  42.775 0.6250000000
59023  -32.213  -20.431  40.492 0.6250000000
59039  -31.956  -20.410  39.524 0.7500000000
59954  -31.388  -19.900  40.278 0.6250000000
59068  -32.020  -21.096  37.232 0.7500000000
59968  -31.395  -20.212  38.693 0.7500000000
59078  -31.753  -21.344  36.527 1.0000000000
59067  -31.180  -20.552  36.730 1.0000000000
59087  -31.472  -21.536  35.900 1.0000000000
59941  -31.647  -19.995  41.185 0.6250000000
59953  -30.909  -19.196  39.920 0.6250000000
59960  -30.813  -19.322  39.049 0.6250000000
59077  -31.050  -20.729  35.926 0.8750000000
59973  -30.707  -19.595  37.108 0.8750000000
59979  -30.683  -19.729  36.173 0.8750000000
59086  -30.818  -20.815  35.247 0.8750000000
59987  -30.626  -19.846  35.333 0.8750000000
60831  -30.804  -18.351  39.421 0.6250000000
60829  -30.983  -18.386  40.191 0.6250000000
59967  -30.744  -19.484  38.099 0.7500000000
60833  -30.623  -18.430  38.501 0.7500000000
61729  -31.806  -17.028  40.425 0.3750000000
60839  -30.548  -18.656  36.568 0.8750000000
60836  -30.553  -18.547  37.528 0.7500000000
61739  -31.059  -17.380  38.808 0.6250000000
61745  -30.734  -17.683  37.927 0.8750000000
62690  -31.249  -17.021  37.772 0.8750000000
139478  -30.674  -17.923  36.092 0.8750000000
61752  -30.766  -17.592  36.973 0.8750000000
136623  -31.112  -17.235  36.099 0.8750000000
61737  -31.830  -16.870  39.487 0.5000000000
61740  -31.977  -16.706  38.504 0.6250000000
62676  -32.783  -16.551  39.152 0.6250000000
119122  -38.979  -17.187  40.795 0.1250000000
62691  -32.223  -16.617  37.523 0.6250000000
62677  -33.166  -16.504  38.199 0.6250000000
62702  -31.485  -16.856  36.845 0.8750000000
62692  -33.239  -16.507  37.187 0.7500000000
134221  -34.765  -16.646  37.963 0.3750000000
62694  -35.536  -16.805  37.877 0.2500000000
62695  -36.415  -17.018  38.155 0.2500000000
119111  -37.226  -17.138  38.443 0.2500000000
122728  -31.753  -16.732  36.106 0.8750000000
62713  -32.538  -16.527  35.632 1.0000000000
62704  -33.375  -16.477  36.298 0.7500000000
120115  -34.140  -16.565  36.839 0.7500000000
62705  -35.020  -16.723  36.463 0.5000000000
140968  -35.536  -16.818  37.109 0.3750000000
120113  -36.235  -16.968  37.346 0.2500000000
61769  -31.462  -17.180  34.514 0.8750000000
62714  -33.692  -16.515  35.401 0.8750000000
62715  -34.718  -16.694  35.575 0.8750000000
62716  -35.631  -16.890  35.747 0.6250000000
62728  -32.782  -16.573  34.180 0.8750000000
62729  -33.596  -16.551  34.500 0.8750000000
138414  -34.217  -16.651  34.088 0.8750000000
125958  -35.282  -16.854  34.944 0.8750000000
62743  -33.518  -16.602  33.631 0.8750000000
62797  -33.404  -17.087  29.748 0.8750000000
62796  -33.036  -17.074  28.983 0.8750000000
135197  -39.738  -16.942  41.419 0.1250000000
62637  -40.613  -16.630  41.836 0.1250000000
119117  -39.197  -17.216  39.997 0.1250000000
119114  -38.007  -17.195  38.788 0.2500000000
135496  -38.672  -17.250  39.313 0.1250000000
62696  -37.061  -17.090  37.613 0.2500000000
62680  -37.918  -17.130  37.917 0.2500000000
62706  -35.987  -16.929  36.552 0.6250000000
62707  -36.854  -17.043  36.781 0.2500000000
130935  -36.135  -17.050  35.086 0.5000000000
62717  -36.631  -17.058  35.870 0.5000000000
62731  -35.791  -17.048  34.324 0.8750000000
62730  -34.956  -16.831  34.168 0.8750000000
62745  -35.460  -17.061  33.522 0.8750000000
120899  -35.094  -17.137  32.697 0.8750000000
62757  -34.271  -16.898  32.506 1.0000000000
62767  -33.435  -16.798  31.283 0.8750000000
62768  -34.263  -17.124  31.231 0.8750000000
62769  -34.705  -17.193  31.934 0.8750000000
62627  -40.714  -16.417  42.610 0.1250000000
141063  -40.323  -16.786  41.262 0.1250000000
142703  -39.609  -17.085  40.592 0.1250000000
62681  -38.893  -17.213  38.327 0.1250000000
120158  -37.702  -17.105  37.054 0.2500000000
62697  -38.595  -17.146  37.299 0.2500000000
62708  -37.496  -17.091  36.261 0.3750000000
62709  -38.281  -17.088  36.480 0.3750000000
62718  -37.451  -17.152  35.519 0.5000000000
62733  -37.483  -17.304  34.694 0.5000000000
141401  -38.032  -17.089  35.873 0.5000000000
62732  -36.607  -17.232  34.491 0.6250000000
61782  -37.074  -17.425  33.945 0.8750000000
62746  -36.306  -17.257  33.742 0.8750000000
61781  -36.796  -17.453  33.324 0.8750000000
128048  -37.497  -17.604  33.369 0.8750000000
61794  -36.097  -17.358  32.852 0.8750000000
127837  -36.452  -17.679  31.999 0.8750000000
120067  -35.891  -17.781  31.218 1.0000000000
61805  -35.025  -17.506  31.258 0.8750000000
61815  -35.291  -17.814  30.505 0.8750000000
61816  -36.268  -18.130  30.262 1.0000000000
61814  -34.531  -17.438  30.563 0.8750000000
61834  -34.119  -17.374  29.847 0.8750000000
62648  -40.193  -16.899  40.754 0.1250000000
62665  -39.569  -17.193  39.182 0.1250000000
62666  -39.954  -17.113  40.014 0.1250000000
135254  -39.867  -17.065  38.393 0.1250000000
61806  -36.819  -18.047  31.204 1.0000000000
60881  -36.955  -18.293  29.708 1.0000000000
141373  -40.068  -17.099  38.903 0.1250000000
61746  -39.627  -17.037  37.458 0.2500000000
61754  -39.147  -17.073  36.584 0.2500000000
61771  -38.424  -17.436  34.466 0.5000000000
62719  -38.194  -17.196  35.264 0.5000000000
61753  -38.713  -17.089  35.859 0.3750000000
61770  -37.785  -17.502  34.002 0.6250000000
61795  -37.879  -17.883  32.695 0.8750000000
128976  -37.006  -17.641  32.708 0.8750000000
119300  -37.340  -17.961  31.980 0.8750000000
60870  -37.754  -18.238  31.210 0.8750000000
60882  -37.281  -18.247  30.438 1.0000000000
118581  -37.180  -18.192  29.100 0.8750000000
119485  -37.794  -17.925  29.249 1.0000000000
61759  -39.573  -17.114  35.835 0.3750000000
61755  -40.113  -16.987  36.572 0.2500000000
118614  -39.082  -17.301  35.122 0.5000000000
119034  -40.086  -17.353  35.061 0.3750000000
61760  -40.360  -17.143  35.772 0.3750000000
61783  -38.494  -17.722  33.492 0.6250000000
61772  -39.564  -17.595  34.138 0.5000000000
60859  -38.824  -18.031  32.563 0.6250000000
61796  -39.575  -17.898  33.098 0.5000000000
61784  -40.288  -17.681  33.459 0.3750000000
60871  -38.235  -18.178  31.937 0.8750000000
60860  -39.692  -18.093  32.245 0.7500000000
61797  -40.323  -17.812  32.702 0.6250000000
121392  -38.683  -18.234  31.203 0.8750000000
60872  -39.667  -18.084  31.331 0.7500000000
60861  -40.369  -17.881  31.939 0.7500000000
123125  -40.502  -17.688  31.161 0.7500000000
60883  -38.187  -18.194  30.457 0.8750000000
60884  -39.110  -18.055  30.491 0.8750000000
61817  -39.927  -17.777  30.526 0.7500000000
61818  -40.581  -17.287  30.400 0.7500000000
62770  -41.079  -17.015  31.109 0.7500000000
60896  -37.668  -18.146  29.759 0.8750000000
60897  -38.500  -17.875  29.730 0.8750000000
60898  -39.413  -17.644  29.913 0.8750000000
61838  -39.760  -17.124  29.482 0.7500000000
61839  -40.445  -16.857  29.713 0.7500000000
60914  -37.428  -17.835  28.708 0.8750000000
60915  -38.116  -17.554  29.111 1.0000000000
61856  -38.421  -17.041  28.907 1.0000000000
61837  -38.945  -17.342  29.375 1.0000000000
62807  -38.667  -16.465  28.640 0.8750000000
119054  -40.991  -17.284  35.268 0.3750000000
61773  -40.778  -17.444  34.267 0.3750000000
61785  -40.863  -17.369  33.230 0.6250000000
143428  -40.690  -17.529  32.422 0.7500000000
61807  -40.835  -17.416  31.834 0.6250000000
62758  -41.140  -16.683  32.549 0.5000000000
62782  -41.072  -16.011  30.923 0.6250000000
61808  -41.100  -17.010  31.933 0.6250000000
62799  -40.680  -16.034  29.474 0.7500000000
62781  -40.950  -16.510  30.214 0.7500000000
61857  -39.285  -16.768  29.032 1.0000000000
62798  -40.084  -16.450  29.128 0.7500000000
63654  -38.736  -15.637  28.313 0.8750000000
62808  -39.487  -16.038  28.712 1.0000000000
63644  -40.231  -15.594  28.887 0.8750000000
62771  -41.067  -16.393  31.762 0.6250000000
63631  -41.037  -15.561  30.092 0.6250000000
63617  -40.890  -15.459  31.665 0.5000000000
64587  -40.313  -14.744  28.750 0.8750000000
63645  -40.753  -15.132  29.345 0.7500000000
63666  -39.032  -14.668  28.147 0.7500000000
63655  -39.650  -15.158  28.482 0.8750000000
127487  -40.977  -15.031  30.842 0.6250000000
127390  -40.859  -13.853  32.305 0.3750000000
64577  -40.995  -14.641  30.037 0.7500000000
64578  -40.880  -14.105  30.767 0.6250000000
65426  -40.895  -13.503  31.456 0.5000000000
64588  -40.748  -14.295  29.273 0.7500000000
65435  -40.915  -13.794  29.964 0.5000000000
64596  -39.785  -14.366  28.307 0.7500000000
65455  -40.329  -13.977  28.655 0.8750000000
63665  -38.153  -14.935  27.888 0.8750000000
126721  -39.246  -14.000  28.043 0.7500000000
65454  -39.810  -13.679  28.171 0.6250000000
65464  -39.197  -13.436  27.767 0.7500000000
66405  -38.861  -12.634  26.866 0.8750000000
68930  -41.898  -9.991  26.076 0.8750000000
124381  -42.698  -8.996  26.213 0.7500000000
69723  -43.290  -8.172  27.152 0.6250000000
70616  -43.551  -7.384  27.358 0.6250000000
68945  -41.461  -9.473  25.622 0.8750000000
65436  -40.984  -13.241  30.637 0.5000000000
66372  -41.258  -12.651  31.243 0.5000000000
66373  -41.767  -12.115  31.782 0.2500000000
65444  -40.744  -13.515  29.174 0.5000000000
65445  -40.985  -12.987  29.826 0.5000000000
66380  -41.313  -12.464  30.419 0.5000000000
138001  -40.351  -13.259  28.499 0.7500000000
66396  -39.818  -13.045  27.949 0.7500000000
66397  -40.426  -12.603  28.172 0.7500000000
66406  -39.297  -12.842  27.402 0.7500000000
133068  -39.968  -12.477  27.488 0.7500000000
67334  -40.645  -12.006  27.601 0.7500000000
66414  -39.457  -12.302  26.862 0.7500000000
67345  -40.924  -11.299  26.901 0.7500000000
68140  -41.764  -10.939  27.237 0.7500000000
66415  -40.145  -11.867  26.873 0.7500000000
67359  -40.200  -11.199  26.265 0.8750000000
68141  -42.487  -10.558  27.537 0.7500000000
143078  -43.235  -9.442  27.543 0.6250000000
68150  -40.788  -10.741  26.226 0.8750000000
68152  -42.189  -10.308  26.783 0.7500000000
68931  -42.518  -9.628  26.447 0.7500000000
68932  -43.042  -9.044  26.915 0.7500000000
68922  -43.490  -8.765  27.633 0.5000000000
70617  -43.988  -7.349  27.961 0.6250000000
66381  -41.784  -11.977  30.921 0.3750000000
66389  -41.327  -12.289  29.623 0.6250000000
67310  -41.783  -11.840  30.111 0.3750000000
67312  -42.894  -11.251  30.880 0.1250000000
67303  -42.399  -11.586  31.335 0.2500000000
66398  -41.011  -12.084  28.370 0.7500000000
67317  -41.765  -11.730  29.318 0.2500000000
67311  -42.377  -11.517  30.527 0.2500000000
67318  -42.400  -11.408  29.696 0.3750000000
67335  -41.349  -11.542  27.783 0.7500000000
67336  -42.068  -11.148  28.040 0.6250000000
68131  -42.803  -10.769  28.315 0.6250000000
68132  -43.507  -10.313  28.560 0.5000000000
68142  -43.132  -10.095  27.845 0.5000000000
68133  -44.137  -9.823  28.899 0.2500000000
68914  -43.709  -9.416  28.189 0.5000000000
68923  -43.943  -8.574  28.182 0.6250000000
70609  -45.579  -7.650  29.521 0.2500000000
69715  -43.756  -8.004  27.810 0.5000000000
68115  -44.074  -10.820  31.369 0.1250000000
67328  -43.123  -10.941  29.212 0.1250000000
68121  -44.425  -10.521  30.460 0.1250000000
120445  -44.890  -10.487  31.218 0.1250000000
122278  -43.819  -10.473  29.191 0.2500000000
68125  -44.355  -10.207  29.592 0.2500000000
138885  -45.151  -10.150  30.625 0.1250000000
68900  -46.050  -9.560  31.110 0.1250000000
68901  -46.589  -9.283  31.454 0.1250000000
68122  -45.023  -9.904  29.990 0.2500000000
68911  -45.923  -8.744  30.224 0.1250000000
68916  -45.038  -8.830  29.312 0.2500000000
69708  -45.512  -8.427  29.655 0.2500000000
69703  -46.528  -8.329  30.637 0.1250000000
70598  -47.871  -7.616  31.455 0.1250000000
69713  -44.990  -8.155  29.117 0.2500000000
143140  -47.578  -6.662  30.898 0.1250000000
71499  -48.104  -6.276  31.118 0.1250000000
71494  -49.452  -6.110  31.898 0.1250000000
72374  -48.755  -5.815  31.368 0.1250000000
41608  -13.208  -39.647  55.504 0.6250000000
40684  -12.297  -40.053  54.241 0.3750000000
41616  -13.945  -38.959  54.527 0.5000000000
41625  -12.396  -39.819  53.424 0.6250000000
121269  -13.184  -39.229  53.271 0.6250000000
42534  -15.222  -37.955  55.342 0.5000000000
41638  -12.381  -39.506  52.430 0.3750000000
43427  -16.416  -37.223  55.220 0.5000000000
42550  -15.226  -37.753  53.551 0.5000000000
43445  -16.856  -36.799  54.110 0.5000000000
43443  -15.696  -37.358  53.151 0.6250000000
44360  -17.819  -36.167  53.474 0.6250000000
44369  -16.817  -36.573  52.255 0.6250000000
44370  -17.348  -36.343  52.815 0.6250000000
44371  -17.987  -35.803  52.703 0.3750000000
45344  -18.146  -35.455  51.891 0.5000000000
47099  -18.729  -33.472  52.604 0.6250000000
47090  -18.422  -33.224  53.800 0.1250000000
119147  -28.854  -33.741  48.880 0.5000000000
47138  -31.888  -33.124  49.104 0.5000000000
47150  -30.587  -33.768  48.528 0.5000000000
49055  -33.420  -31.546  48.945 0.3750000000
119452  -18.544  -33.781  50.096 0.7500000000
47106  -18.903  -33.228  50.841 0.6250000000
125240  -33.029  -31.473  48.094 0.6250000000
50049  -33.555  -30.847  48.193 0.3750000000
124169  -34.486  -30.185  48.957 0.3750000000
47118  -18.681  -32.973  49.891 0.8750000000
48077  -32.099  -32.036  47.006 0.7500000000
47178  -31.133  -33.144  46.359 0.8750000000
47193  -30.944  -33.098  45.610 0.8750000000
48091  -31.831  -32.029  46.188 0.7500000000
47205  -30.823  -33.020  44.965 0.8750000000
48102  -31.543  -32.029  45.478 0.8750000000
49098  -32.110  -30.643  45.866 0.8750000000
132876  -32.730  -29.880  46.692 0.6250000000
49114  -32.020  -30.758  45.099 1.0000000000
50927  -32.735  -29.654  44.931 0.7500000000
138047  -32.826  -29.174  45.429 0.7500000000
129423  -32.142  -30.962  44.346 1.0000000000
49129  -32.148  -31.083  43.510 1.0000000000
49128  -31.722  -31.644  43.059 1.0000000000
50088  -33.127  -29.688  44.161 0.8750000000
50087  -32.587  -30.381  43.792 1.0000000000
140155  -33.507  -29.125  44.139 0.8750000000
50102  -32.407  -30.502  42.949 1.0000000000
135319  -33.809  -28.785  43.113 0.8750000000
49140  -31.630  -31.234  42.306 1.0000000000
122054  -32.455  -30.039  42.458 1.0000000000
50956  -32.662  -29.434  42.265 1.0000000000
50117  -31.520  -30.542  41.592 1.0000000000
50955  -32.138  -29.877  41.867 1.0000000000
48171  -29.523  -32.428  40.069 1.0000000000
50968  -31.123  -30.048  40.795 1.0000000000
135191  -31.860  -28.740  40.980 1.0000000000
51837  -30.879  -28.776  40.075 1.0000000000
50981  -30.694  -29.525  40.183 1.0000000000
49196  -28.975  -31.274  38.695 1.0000000000
51854  -30.371  -28.919  39.591 1.0000000000
120623  -29.496  -29.850  38.848 1.0000000000
51853  -30.103  -28.381  39.017 1.0000000000
47272  -21.005  -33.029  38.435 0.1250000000
47274  -22.788  -33.756  38.076 0.1250000000
132909  -28.940  -29.793  38.232 1.0000000000
50993  -29.780  -29.049  39.006 1.0000000000
51875  -30.094  -27.684  38.653 1.0000000000
50173  -28.050  -30.580  36.833 0.8750000000
51029  -28.150  -29.687  36.293 1.0000000000
51891  -28.328  -28.745  36.908 1.0000000000
52763  -29.418  -27.316  37.907 1.0000000000
51905  -28.415  -27.875  36.348 0.8750000000
52779  -28.910  -27.057  36.954 1.0000000000
46395  -24.734  -34.369  35.458 0.6250000000
50183  -28.035  -30.421  35.466 0.8750000000
51906  -28.938  -27.207  35.776 0.8750000000
48991  -18.655  -32.108  53.714 0.2500000000
48059  -18.505  -32.298  48.800 0.8750000000
47189  -27.907  -33.454  45.229 0.8750000000
47158  -18.280  -33.052  47.191 0.7500000000
127835  -26.268  -32.475  44.173 0.8750000000
47200  -26.913  -33.065  44.023 1.0000000000
47202  -29.152  -33.648  44.321 1.0000000000
47201  -27.745  -33.489  44.282 1.0000000000
46300  -18.275  -33.461  45.782 0.7500000000
47214  -28.445  -33.721  43.669 1.0000000000
48097  -19.006  -32.024  45.071 0.6250000000
141311  -18.961  -32.611  44.600 0.6250000000
47187  -18.705  -32.878  45.312 0.6250000000
48107  -18.887  -32.796  44.004 0.5000000000
125463  -28.855  -33.775  42.772 1.0000000000
123421  -19.127  -30.947  43.258 0.7500000000
47228  -29.177  -33.637  41.894 1.0000000000
47242  -29.368  -33.326  41.160 1.0000000000
52730  -33.642  -27.445  41.289 1.0000000000
52729  -32.807  -27.655  41.027 1.0000000000
49178  -26.215  -31.856  38.832 1.0000000000
49194  -27.636  -31.892  38.384 1.0000000000
49179  -28.710  -31.904  38.807 1.0000000000
52752  -32.832  -26.792  39.825 1.0000000000
48192  -20.432  -32.214  38.380 0.2500000000
52750  -31.194  -27.299  39.300 1.0000000000
48202  -22.051  -32.340  37.236 0.2500000000
123923  -24.192  -34.798  37.248 0.1250000000
52781  -30.643  -26.489  37.647 0.8750000000
53748  -32.041  -26.195  37.720 0.8750000000
139418  -31.116  -26.808  38.594 1.0000000000
52764  -30.244  -26.980  38.197 1.0000000000
52780  -29.737  -26.615  37.328 0.7500000000
122298  -27.237  -33.559  34.545 0.7500000000
48222  -27.871  -32.965  34.551 0.7500000000
51922  -30.584  -28.052  34.302 0.7500000000
122620  -25.342  -32.104  47.233 0.6250000000
48062  -25.632  -32.265  48.466 0.6250000000
48098  -25.081  -31.667  45.250 0.8750000000
133792  -17.552  -30.099  47.202 1.0000000000
48136  -25.797  -32.029  42.123 1.0000000000
50067  -17.919  -30.201  45.459 1.0000000000
52697  -34.919  -26.562  44.651 0.3750000000
119306  -35.267  -27.231  43.269 0.5000000000
140065  -27.611  -33.576  41.823 1.0000000000
50096  -18.945  -30.185  42.905 0.7500000000
131043  -19.390  -29.805  40.556 0.5000000000
52731  -34.775  -26.767  41.025 1.0000000000
136296  -21.469  -31.628  37.315 0.3750000000
53737  -32.816  -26.155  38.422 1.0000000000
53758  -32.014  -26.049  36.696 0.8750000000
48220  -24.410  -32.376  34.861 0.7500000000
125127  -25.195  -32.082  34.667 0.7500000000
51774  -20.493  -27.970  46.055 1.0000000000
50069  -22.214  -30.702  45.515 0.8750000000
52675  -19.933  -27.205  47.017 1.0000000000
52686  -20.130  -27.358  45.472 1.0000000000
126547  -23.418  -31.185  44.783 0.8750000000
137376  -19.155  -26.632  45.393 1.0000000000
50076  -22.302  -30.538  44.678 0.8750000000
49111  -24.238  -31.377  44.844 0.8750000000
52694  -19.089  -26.934  44.178 1.0000000000
52695  -19.792  -26.987  43.893 1.0000000000
51795  -20.977  -28.418  44.827 1.0000000000
50077  -22.937  -30.906  44.316 0.8750000000
120858  -24.471  -31.251  44.038 0.8750000000
50917  -17.181  -29.033  46.071 1.0000000000
50944  -21.934  -29.612  43.415 0.8750000000
141415  -22.566  -30.082  42.322 1.0000000000
50098  -22.499  -30.245  43.007 0.8750000000
50115  -24.173  -30.581  41.080 1.0000000000
49164  -25.601  -31.727  40.570 1.0000000000
131676  -26.221  -32.401  40.573 1.0000000000
53708  -36.069  -26.225  42.706 0.6250000000
51813  -19.038  -28.182  42.203 1.0000000000
49163  -25.038  -31.017  40.118 1.0000000000
50966  -19.358  -29.084  41.009 0.6250000000
54630  -36.496  -25.654  42.141 0.7500000000
54641  -35.941  -25.845  40.216 1.0000000000
123390  -34.227  -26.170  39.486 1.0000000000
50157  -20.721  -30.365  37.703 0.7500000000
50182  -24.636  -29.999  35.589 1.0000000000
49218  -25.351  -30.552  35.592 1.0000000000
49217  -23.344  -30.769  35.405 0.7500000000
51758  -16.575  -28.252  48.385 1.0000000000
140797  -17.077  -28.270  46.220 1.0000000000
53688  -18.635  -26.554  45.606 1.0000000000
52692  -17.825  -27.335  45.327 1.0000000000
51783  -17.363  -28.228  45.580 1.0000000000
51793  -18.184  -27.970  44.192 1.0000000000
52704  -18.713  -27.387  43.779 1.0000000000
52707  -20.680  -27.449  42.337 1.0000000000
51823  -21.489  -28.032  41.518 1.0000000000
136133  -22.363  -29.471  41.845 1.0000000000
51822  -19.626  -27.760  41.616 1.0000000000
52717  -20.901  -27.510  41.684 1.0000000000
54625  -36.183  -24.828  43.415 0.5000000000
54631  -36.901  -24.804  42.631 0.5000000000
52727  -20.588  -27.523  41.095 1.0000000000
52748  -20.820  -27.708  40.186 1.0000000000
55516  -37.235  -24.348  41.901 0.6250000000
51870  -20.910  -28.063  38.962 1.0000000000
51851  -21.762  -28.034  38.925 1.0000000000
51852  -22.570  -28.353  38.531 1.0000000000
51871  -21.425  -28.245  38.309 1.0000000000
122108  -23.319  -28.740  38.317 1.0000000000
122308  -24.568  -30.078  38.737 1.0000000000
54647  -35.700  -25.365  39.087 1.0000000000
54648  -36.296  -25.190  39.711 1.0000000000
51890  -22.283  -28.488  37.296 1.0000000000
50156  -20.659  -29.262  37.974 0.8750000000
51026  -22.728  -29.187  36.221 0.7500000000
54665  -34.413  -25.282  37.275 1.0000000000
55543  -35.168  -24.780  37.282 1.0000000000
55534  -35.515  -24.738  37.899 1.0000000000
54656  -35.231  -25.250  38.375 1.0000000000
57252  -37.015  -22.923  41.966 0.6250000000
56403  -35.792  -23.547  38.161 1.0000000000
121755  -35.348  -23.355  37.719 1.0000000000
136580  -34.653  -22.624  38.227 1.0000000000
123367  -35.992  -22.014  42.031 0.6250000000
120743  -35.209  -21.810  39.838 0.8750000000
143450  -34.162  -21.667  38.984 0.8750000000
58192  -33.001  -22.186  37.135 1.0000000000
59079  -32.445  -21.684  36.992 1.0000000000
59054  -32.339  -20.901  38.164 0.7500000000
59961  -31.183  -19.871  39.517 0.6250000000
59053  -31.288  -20.389  37.650 0.8750000000
61736  -31.205  -17.555  39.871 0.7500000000
119677  -33.668  -16.528  38.939 0.6250000000
62703  -32.417  -16.555  36.602 0.8750000000
62693  -34.079  -16.556  37.653 0.5000000000
120114  -34.860  -16.663  37.316 0.6250000000
136625  -34.197  -16.570  36.116 0.8750000000
127587  -32.950  -16.517  34.897 0.8750000000
137147  -34.426  -16.654  34.778 0.8750000000
62727  -32.038  -16.812  33.918 1.0000000000
62744  -34.492  -16.812  33.362 1.0000000000
138029  -33.788  -16.722  32.942 1.0000000000
62780  -33.788  -17.084  30.514 0.8750000000
61833  -33.772  -17.314  29.032 0.8750000000
62778  -32.736  -17.004  29.748 0.8750000000
128346  -32.825  -17.468  27.677 0.8750000000
122095  -39.953  -16.689  42.411 0.1250000000
135965  -34.029  -16.919  31.844 0.8750000000
61793  -35.535  -17.458  32.002 0.8750000000
125094  -39.037  -18.200  31.853 0.7500000000
126363  -40.053  -17.396  29.982 0.7500000000
61798  -40.989  -17.142  32.533 0.5000000000
64562  -40.778  -14.464  31.582 0.5000000000
68151  -41.462  -10.594  26.491 0.8750000000
70623  -43.126  -7.583  26.643 0.7500000000
66388  -40.873  -12.694  28.961 0.7500000000
68921  -42.820  -9.889  27.134 0.6250000000
141266  -41.312  -12.083  28.977 0.5000000000
67326  -41.623  -11.642  28.567 0.7500000000
67319  -43.025  -11.144  30.150 0.2500000000
67327  -42.297  -11.278  28.859 0.5000000000
68909  -44.757  -9.478  29.358 0.2500000000
68915  -44.445  -8.882  28.762 0.3750000000
69712  -44.375  -7.874  28.451 0.3750000000
68120  -43.560  -10.948  30.721 0.1250000000
68124  -43.754  -10.767  29.867 0.1250000000
68906  -45.642  -9.520  30.508 0.1250000000
68907  -46.314  -9.028  30.815 0.1250000000
68910  -45.363  -9.172  29.791 0.2500000000
69709  -46.097  -7.999  30.060 0.2500000000
70603  -46.708  -7.585  30.522 0.2500000000
69704  -47.166  -7.957  31.063 0.1250000000
70604  -47.378  -7.246  30.957 0.1250000000
44437  -15.879  -35.808  47.967 0.6250000000
45393  -16.038  -35.554  47.338 0.6250000000
136430  -17.188  -34.914  47.830 0.6250000000
45394  -16.731  -35.109  47.260 0.5000000000
45408  -16.207  -35.334  46.589 0.5000000000
136938  -16.381  -35.176  45.906 0.5000000000
46305  -17.297  -34.340  44.810 0.2500000000
46311  -17.152  -34.425  43.943 0.3750000000
50031  -35.069  -29.733  50.213 0.2500000000
46271  -17.853  -34.515  48.799 0.7500000000
50892  -35.320  -29.079  49.752 0.2500000000
46282  -18.003  -33.756  47.590 0.6250000000
45409  -16.859  -34.864  46.485 0.6250000000
46291  -18.020  -33.744  46.574 0.6250000000
46299  -17.735  -34.067  45.696 0.6250000000
47186  -18.139  -33.664  45.048 0.3750000000
47198  -17.824  -33.855  44.194 0.3750000000
47211  -18.257  -33.383  43.516 0.3750000000
47238  -18.215  -33.324  41.584 0.3750000000
46272  -18.111  -33.757  48.550 0.7500000000
48121  -18.885  -32.513  43.288 0.6250000000
47224  -18.238  -33.233  42.569 0.5000000000
48150  -18.611  -32.571  41.278 0.3750000000
46398  -28.125  -35.079  35.451 0.5000000000
50194  -30.697  -30.221  34.881 0.7500000000
131678  -30.670  -29.327  34.459 0.6250000000
51041  -31.795  -29.676  34.782 0.1250000000
51042  -32.733  -29.612  34.629 0.1250000000
52678  -35.439  -26.678  46.841 0.2500000000
48135  -18.690  -32.522  42.284 0.5000000000
47305  -29.172  -33.503  34.911 0.6250000000
48224  -29.467  -32.632  34.765 0.7500000000
134073  -29.196  -31.085  34.537 0.7500000000
50193  -29.597  -30.206  34.604 0.7500000000
51040  -29.556  -29.151  34.549 0.7500000000
51923  -31.534  -28.491  34.103 0.3750000000
51921  -29.539  -27.956  34.710 0.7500000000
138756  -31.605  -27.291  34.182 0.2500000000
51934  -32.449  -28.736  33.948 0.2500000000
55426  -18.398  -24.259  54.064 0.3750000000
55430  -17.196  -24.292  53.657 0.3750000000
55431  -17.859  -24.279  53.412 0.3750000000
128003  -16.920  -29.077  49.690 0.6250000000
50887  -17.000  -29.187  49.009 0.7500000000
133006  -16.369  -27.804  49.356 0.7500000000
53640  -16.371  -26.376  49.952 0.7500000000
52649  -16.407  -27.715  48.740 0.7500000000
141183  -16.441  -27.187  48.516 0.8750000000
53697  -35.286  -25.733  44.718 0.2500000000
45552  -27.065  -35.245  35.181 0.5000000000
46413  -27.742  -34.440  34.830 0.5000000000
46414  -28.677  -34.305  35.123 0.6250000000
130173  -28.915  -31.971  34.544 0.7500000000
51038  -28.317  -29.673  35.335 0.7500000000
52798  -31.228  -26.138  35.914 0.7500000000
138737  -31.422  -26.410  34.950 0.6250000000
53781  -32.020  -26.503  34.462 0.3750000000
52825  -32.323  -27.761  33.696 0.2500000000
51935  -33.283  -28.709  33.668 0.2500000000
55442  -17.356  -24.471  52.630 0.3750000000
55441  -16.773  -24.900  52.184 0.5000000000
53615  -16.244  -26.341  52.238 0.5000000000
54551  -16.462  -25.496  51.777 0.5000000000
54552  -16.811  -25.064  51.457 0.5000000000
55451  -17.854  -24.679  51.984 0.5000000000
55443  -18.176  -24.638  52.654 0.5000000000
51733  -16.536  -28.354  51.285 0.5000000000
52613  -16.234  -26.958  51.542 0.5000000000
54561  -16.609  -25.520  50.987 0.5000000000
55450  -17.244  -24.748  51.673 0.6250000000
50877  -16.833  -28.919  50.615 0.6250000000
134031  -16.449  -28.175  50.579 0.5000000000
53633  -16.391  -26.026  50.609 0.7500000000
54571  -16.701  -25.671  50.168 0.6250000000
54562  -17.170  -25.111  50.740 0.7500000000
52636  -16.299  -27.425  50.078 0.6250000000
54584  -16.710  -25.929  49.230 0.7500000000
140090  -17.098  -25.675  49.016 0.7500000000
54585  -17.095  -25.956  48.477 0.7500000000
52664  -16.807  -27.132  47.391 0.8750000000
53667  -17.399  -26.255  47.459 0.8750000000
52674  -17.353  -26.800  46.647 0.8750000000
53704  -35.689  -25.558  43.848 0.2500000000
48223  -28.679  -32.884  34.563 0.7500000000
53759  -32.730  -25.740  36.313 0.7500000000
54674  -33.453  -25.289  35.866 0.7500000000
54675  -34.108  -25.119  36.498 0.8750000000
47304  -28.257  -33.641  34.684 0.6250000000
53770  -31.946  -25.990  35.592 0.7500000000
53771  -32.502  -25.693  35.245 0.5000000000
133547  -32.462  -27.101  33.682 0.3750000000
52826  -33.062  -27.978  33.286 0.3750000000
54563  -17.878  -24.929  51.229 0.6250000000
122778  -18.488  -25.392  51.044 0.7500000000
54572  -17.285  -25.461  49.633 0.6250000000
120303  -18.069  -25.267  50.275 0.6250000000
121416  -17.583  -25.595  48.849 0.7500000000
53680  -17.860  -26.293  46.643 0.8750000000
56416  -34.685  -23.934  36.482 0.8750000000
55561  -34.155  -24.575  35.940 0.8750000000
53782  -32.383  -26.181  34.103 0.5000000000
54691  -32.576  -25.793  33.847 0.5000000000
54564  -18.847  -25.827  50.527 0.7500000000
54574  -18.670  -25.770  49.690 0.7500000000
54573  -18.037  -25.433  49.402 0.7500000000
49071  -23.986  -31.925  47.226 0.6250000000
53641  -18.467  -25.750  48.747 0.8750000000
54586  -17.839  -25.773  48.031 0.8750000000
53653  -18.572  -25.893  47.915 0.8750000000
53669  -19.075  -26.162  47.461 0.8750000000
56367  -35.720  -23.783  44.295 0.2500000000
57218  -35.659  -22.840  45.139 0.2500000000
56373  -35.987  -23.461  43.609 0.3750000000
57229  -35.817  -23.046  44.195 0.2500000000
57303  -33.339  -22.993  36.236 0.7500000000
140838  -32.675  -23.898  34.531 0.6250000000
56423  -33.584  -23.566  35.722 0.6250000000
121087  -34.154  -23.939  35.896 0.8750000000
55568  -32.855  -24.459  34.353 0.6250000000
49054  -23.111  -31.938  48.312 0.5000000000
53642  -19.218  -26.301  49.223 0.7500000000
49070  -23.224  -31.924  47.429 0.6250000000
48060  -23.822  -31.958  48.856 0.5000000000
53654  -19.177  -26.260  48.329 0.8750000000
128539  -19.016  -26.172  46.676 0.8750000000
58137  -36.064  -22.211  42.576 0.5000000000
57239  -35.982  -22.915  43.529 0.3750000000
57315  -31.749  -22.563  35.169 0.7500000000
57302  -32.717  -22.988  35.636 0.6250000000
58207  -32.794  -22.541  36.440 0.8750000000
56443  -31.244  -23.449  33.689 0.6250000000
56434  -32.254  -23.343  34.775 0.6250000000
57326  -30.522  -22.694  33.345 0.5000000000
57341  -29.940  -23.048  32.431 0.5000000000
57356  -29.656  -22.976  31.395 0.2500000000
52665  -19.719  -26.944  47.845 0.8750000000
49069  -22.514  -31.545  47.803 0.6250000000
142906  -19.492  -26.594  47.079 0.8750000000
58205  -31.139  -21.682  35.191 0.7500000000
58206  -31.980  -22.272  35.902 0.8750000000
130004  -30.734  -21.404  34.475 0.6250000000
58218  -31.068  -22.145  34.591 0.6250000000
122082  -30.046  -21.965  32.813 0.6250000000
139637  -30.244  -20.975  33.012 0.6250000000
141372  -29.636  -22.255  32.002 0.6250000000
52651  -20.084  -27.760  48.501 0.8750000000
50038  -21.863  -31.049  48.230 0.6250000000
51759  -20.437  -28.485  48.225 0.8750000000
50911  -20.963  -29.481  47.317 0.7500000000
50047  -21.393  -30.361  47.770 0.7500000000
50057  -21.515  -30.222  46.838 0.7500000000
50048  -21.968  -30.969  47.313 0.7500000000
59094  -30.627  -20.762  34.584 0.6250000000
58235  -29.816  -21.256  31.972 0.6250000000
58242  -29.584  -22.008  31.143 0.3750000000
126223  -29.738  -21.192  31.008 0.3750000000
58250  -29.842  -21.663  30.305 0.3750000000
58260  -30.175  -21.193  29.584 0.3750000000
57392  -30.308  -22.070  29.625 0.3750000000
58272  -32.070  -21.437  28.003 0.5000000000
58284  -32.863  -21.693  27.549 0.5000000000
122353  -32.945  -21.402  26.844 0.5000000000
59994  -30.558  -19.893  34.612 0.7500000000
60001  -30.512  -19.955  33.903 0.6250000000
59107  -30.256  -20.327  32.288 0.6250000000
59113  -30.098  -20.365  31.366 0.5000000000
59120  -29.978  -20.733  30.378 0.5000000000
59128  -30.314  -20.281  29.661 0.5000000000
59129  -30.607  -20.717  28.936 0.5000000000
58271  -31.245  -21.115  28.403 0.5000000000
59140  -31.636  -20.623  27.798 0.5000000000
58283  -32.328  -20.949  27.186 0.5000000000
59162  -32.450  -20.173  26.618 0.5000000000
59163  -33.007  -20.395  26.035 0.5000000000
59171  -33.730  -20.594  25.621 0.3750000000
60823  -31.481  -19.291  41.887 0.3750000000
59940  -31.105  -19.005  40.892 0.2500000000
122058  -30.629  -18.835  34.783 0.7500000000
60843  -30.570  -18.752  35.649 0.7500000000
60847  -30.894  -17.745  35.222 0.7500000000
60000  -30.737  -19.286  33.196 0.7500000000
127100  -31.003  -18.021  34.211 0.7500000000
60008  -30.614  -19.539  32.345 0.6250000000
60014  -30.536  -19.553  31.503 0.6250000000
60879  -30.873  -18.942  30.995 0.6250000000
60022  -30.396  -19.745  30.525 0.6250000000
59138  -30.698  -19.815  29.007 0.6250000000
59139  -31.049  -20.228  28.327 0.5000000000
59153  -31.881  -20.003  27.231 0.6250000000
60059  -32.183  -19.215  26.802 0.5000000000
61855  -37.630  -17.369  28.579 0.8750000000
60060  -32.767  -19.420  26.184 0.5000000000
60935  -33.309  -18.724  25.950 0.5000000000
60927  -36.273  -18.009  27.400 0.6250000000
60928  -36.996  -17.708  28.081 0.7500000000
61868  -37.868  -16.884  28.419 0.8750000000
62816  -37.966  -16.322  28.206 0.7500000000
60066  -33.430  -19.678  25.692 0.3750000000
60943  -33.947  -19.053  25.484 0.5000000000
60944  -34.663  -18.559  25.525 0.5000000000
60937  -35.464  -18.062  26.311 0.6250000000
61874  -36.124  -17.223  26.452 0.6250000000
61875  -36.928  -17.023  27.391 0.6250000000
62815  -37.317  -16.268  27.546 0.7500000000
60067  -34.116  -19.880  25.308 0.2500000000
136551  -34.493  -19.326  25.175 0.3750000000
60945  -35.152  -18.343  25.236 0.5000000000
122987  -35.419  -18.059  24.912 0.3750000000
62831  -35.726  -16.624  25.424 0.6250000000
63674  -36.816  -15.789  26.899 0.6250000000
62712  -31.553  -16.882  35.374 0.7500000000
60853  -31.109  -18.295  33.224 0.6250000000
60858  -31.253  -18.186  32.251 0.6250000000
60868  -30.936  -18.882  31.854 0.6250000000
60894  -30.855  -18.954  30.125 0.6250000000
60880  -31.269  -18.297  30.554 0.6250000000
60034  -30.983  -19.002  29.287 0.6250000000
60052  -31.216  -19.206  28.362 0.6250000000
60053  -31.673  -19.102  27.510 0.6250000000
60925  -32.158  -18.348  27.224 0.6250000000
60934  -32.692  -18.444  26.536 0.5000000000
61863  -32.731  -17.793  27.104 0.6250000000
133411  -33.978  -18.418  25.939 0.5000000000
60936  -34.648  -18.075  26.569 0.5000000000
60926  -35.544  -18.112  27.187 0.6250000000
123999  -37.892  -15.706  27.947 0.7500000000
63673  -36.268  -15.307  26.295 0.6250000000
126713  -36.923  -14.875  26.825 0.7500000000
63664  -37.443  -15.336  27.414 0.7500000000
63681  -35.576  -15.119  24.988 0.5000000000
63682  -35.783  -15.682  25.582 0.6250000000
63702  -36.084  -15.324  23.703 0.3750000000
64650  -37.046  -14.798  22.990 0.2500000000
63710  -37.870  -15.032  22.861 0.1250000000
61780  -31.512  -17.391  33.616 0.6250000000
62754  -31.974  -17.074  32.337 0.7500000000
62741  -31.987  -16.947  33.073 0.8750000000
62742  -32.634  -16.668  33.374 0.8750000000
129568  -31.586  -17.755  30.929 0.6250000000
61804  -31.681  -17.508  31.734 0.7500000000
133634  -32.257  -16.947  31.689 0.8750000000
62755  -32.573  -16.742  32.484 0.8750000000
62759  -41.364  -16.215  33.232 0.2500000000
63610  -41.165  -15.220  33.146 0.2500000000
61812  -31.661  -17.660  30.212 0.6250000000
122754  -32.843  -16.688  31.738 0.8750000000
63609  -41.010  -15.877  32.470 0.2500000000
60895  -31.306  -18.277  29.729 0.6250000000
138238  -32.510  -16.976  30.387 0.7500000000
62779  -33.079  -16.843  30.436 0.7500000000
60910  -31.441  -18.302  28.857 0.6250000000
61851  -31.976  -17.676  28.531 0.7500000000
61832  -32.374  -17.268  29.129 0.7500000000
118682  -34.753  -17.719  29.977 0.7500000000
61852  -32.632  -17.353  28.336 0.7500000000
61853  -33.377  -17.368  28.120 0.7500000000
61854  -35.304  -18.146  28.647 0.7500000000
61836  -36.275  -18.302  29.078 0.7500000000
61864  -33.225  -17.564  27.317 0.7500000000
60912  -35.925  -18.290  28.043 0.7500000000
61865  -34.007  -17.702  27.373 0.7500000000
64606  -37.640  -14.436  27.247 0.7500000000
64629  -35.850  -14.824  25.688 0.6250000000
65473  -36.513  -13.659  25.944 0.6250000000
64648  -35.968  -14.560  23.852 0.3750000000
139860  -36.105  -13.763  23.833 0.5000000000
127820  -36.404  -14.890  23.402 0.3750000000
64649  -36.510  -14.079  23.292 0.2500000000
64657  -37.111  -14.015  22.852 0.2500000000
123383  -41.433  -17.124  34.061 0.3750000000
62748  -41.711  -16.410  33.974 0.2500000000
63601  -41.644  -15.533  33.865 0.2500000000
64533  -41.552  -14.335  33.720 0.2500000000
128202  -40.825  -14.872  32.386 0.2500000000
64607  -38.494  -13.999  27.647 0.7500000000
65475  -37.852  -13.562  26.926 0.7500000000
65485  -36.005  -13.487  25.137 0.5000000000
120580  -36.342  -12.796  24.848 0.6250000000
65499  -35.841  -13.957  24.418 0.3750000000
120192  -36.437  -13.202  23.519 0.5000000000
66463  -36.825  -12.599  23.152 0.5000000000
65518  -36.905  -13.353  22.944 0.3750000000
68208  -41.059  -10.490  21.376 0.2500000000
69011  -41.026  -8.986  20.596 0.1250000000
69800  -42.033  -8.725  19.867 0.1250000000
69805  -42.332  -8.209  19.306 0.2500000000
69806  -43.025  -8.428  18.930 0.1250000000
70695  -42.723  -7.550  18.916 0.2500000000
70699  -43.427  -7.775  18.599 0.2500000000
65463  -38.621  -13.180  27.206 0.7500000000
66412  -38.141  -12.717  26.443 0.7500000000
66423  -37.389  -12.446  25.711 0.7500000000
67356  -37.448  -11.747  25.181 0.5000000000
66437  -36.525  -12.366  24.332 0.5000000000
121147  -37.161  -12.091  22.807 0.5000000000
68181  -37.457  -10.447  23.171 0.5000000000
67393  -38.010  -11.283  22.036 0.3750000000
68195  -37.810  -10.502  22.437 0.5000000000
68206  -39.208  -10.648  21.435 0.3750000000
68207  -40.183  -10.816  21.398 0.2500000000
131221  -39.639  -10.075  21.295 0.2500000000
129179  -40.369  -9.937  21.164 0.2500000000
69799  -41.270  -8.379  20.202 0.2500000000
69804  -41.722  -8.025  19.682 0.2500000000
125216  -42.619  -6.687  19.219 0.3750000000
139698  -43.843  -7.201  18.524 0.2500000000
66413  -38.857  -12.146  26.332 0.7500000000
67357  -38.136  -11.229  25.351 0.6250000000
67378  -37.116  -11.201  23.728 0.5000000000
68171  -37.560  -10.361  24.049 0.5000000000
68982  -37.791  -9.914  22.802 0.3750000000
68983  -38.182  -9.765  22.249 0.3750000000
68998  -38.896  -9.673  21.603 0.3750000000
69792  -39.246  -8.750  21.711 0.3750000000
69793  -39.947  -8.493  21.239 0.3750000000
69798  -40.624  -8.419  20.745 0.3750000000
70687  -40.826  -7.785  20.547 0.3750000000
70693  -41.314  -7.355  20.092 0.3750000000
71568  -41.972  -6.412  20.007 0.3750000000
72462  -42.822  -5.934  19.691 0.3750000000
72463  -43.613  -5.717  19.509 0.5000000000
72464  -44.463  -5.641  19.439 0.3750000000
134037  -43.225  -6.283  19.136 0.3750000000
71570  -44.922  -6.281  18.866 0.3750000000
71571  -45.859  -6.294  18.998 0.3750000000
71584  -46.335  -6.979  18.549 0.2500000000
71585  -47.410  -7.113  18.629 0.2500000000
70704  -48.264  -7.510  18.224 0.1250000000
66424  -38.154  -11.969  25.800 0.7500000000
67344  -39.532  -11.699  26.294 0.7500000000
67343  -38.840  -11.488  25.846 0.7500000000
68172  -38.037  -9.804  24.252 0.6250000000
68967  -37.801  -9.779  23.489 0.6250000000
68968  -38.099  -9.294  22.910 0.6250000000
69762  -38.622  -8.659  23.109 0.3750000000
69782  -38.576  -8.999  22.262 0.3750000000
75068  -47.734  -2.779  24.607 0.5000000000
122166  -48.221  -2.675  24.154 0.1250000000
75062  -49.491  -2.375  25.136 0.1250000000
75063  -50.390  -2.080  25.785 0.1250000000
75070  -50.499  -2.109  25.169 0.1250000000
69783  -39.121  -8.340  22.457 0.3750000000
75087  -47.451  -3.161  22.907 0.6250000000
75079  -47.860  -2.889  23.555 0.2500000000
75080  -48.711  -2.797  23.647 0.2500000000
121645  -49.066  -2.537  24.330 0.1250000000
75069  -50.052  -2.356  24.504 0.1250000000
70682  -40.387  -7.669  21.191 0.3750000000
70683  -40.797  -6.823  21.440 0.3750000000
137591  -41.344  -6.277  21.369 0.5000000000
74225  -46.710  -3.767  21.666 0.7500000000
74214  -47.044  -3.448  22.273 0.5000000000
75081  -49.645  -2.683  23.778 0.3750000000
71563  -41.294  -6.618  20.738 0.3750000000
72452  -42.513  -5.660  20.512 0.3750000000
72453  -43.288  -5.340  20.221 0.5000000000
72454  -44.079  -5.112  20.071 0.5000000000
135144  -44.941  -5.004  20.054 0.5000000000
121222  -46.294  -4.689  20.539 0.6250000000
73310  -47.387  -4.185  21.263 0.7500000000
75088  -48.351  -3.144  22.981 0.3750000000
74216  -48.944  -3.532  22.448 0.3750000000
75089  -49.284  -3.102  23.105 0.3750000000
121221  -46.291  -5.728  19.643 0.5000000000
72465  -47.209  -5.854  19.823 0.6250000000
73318  -47.936  -4.777  20.771 0.7500000000
129347  -47.935  -3.924  21.670 0.5000000000
71572  -46.818  -6.395  19.189 0.2500000000
71573  -47.825  -6.443  19.362 0.3750000000
71510  -45.154  -6.406  28.718 0.3750000000
71515  -44.600  -5.943  27.952 0.3750000000
71511  -45.830  -5.961  29.166 0.2500000000
67358  -39.475  -11.001  25.823 0.7500000000
72407  -45.374  -5.502  28.477 0.3750000000
73260  -46.447  -4.315  28.541 0.2500000000
74156  -46.871  -3.680  28.116 0.1250000000
68163  -38.226  -10.419  24.890 0.6250000000
118539  -38.774  -10.872  25.499 0.7500000000
68165  -40.165  -10.346  25.745 0.7500000000
71514  -43.950  -6.665  27.635 0.5000000000
72417  -44.969  -4.981  27.793 0.3750000000
73271  -45.694  -4.647  28.201 0.2500000000
74168  -46.610  -3.516  27.357 0.2500000000
68173  -38.683  -9.620  24.771 0.7500000000
70622  -42.783  -7.846  26.059 0.7500000000
71513  -43.378  -6.643  26.762 0.7500000000
71517  -43.911  -5.870  27.200 0.5000000000
72423  -43.980  -5.143  26.771 0.7500000000
136926  -45.378  -4.236  27.482 0.3750000000
74167  -45.846  -3.694  27.075 0.2500000000
74169  -47.416  -3.333  27.591 0.2500000000
75031  -48.012  -3.072  26.980 0.1250000000
78097  -47.943  1.887  27.578 0.1250000000
68955  -38.999  -9.010  24.523 0.7500000000
70637  -42.376  -7.600  25.565 0.7500000000
71530  -43.009  -6.269  25.871 0.7500000000
72422  -43.488  -5.730  26.436 0.7500000000
140477  -43.622  -5.100  26.187 0.7500000000
74166  -45.163  -3.890  26.857 0.7500000000
74182  -46.399  -3.411  26.598 0.6250000000
127931  -46.947  -3.259  26.195 0.2500000000
75045  -48.647  -2.779  26.330 0.1250000000
75033  -49.802  -2.487  27.423 0.1250000000
78099  -50.064  1.291  27.316 0.1250000000
138609  -49.528  1.444  27.875 0.1250000000
78098  -48.878  1.573  27.209 0.1250000000
68954  -38.350  -9.162  23.886 0.6250000000
71529  -42.460  -6.778  25.369 0.7500000000
128227  -43.228  -5.458  25.726 0.7500000000
73282  -44.047  -4.522  26.253 0.7500000000
74192  -44.882  -3.508  25.520 0.7500000000
74193  -45.693  -3.275  25.339 0.6250000000
75043  -47.110  -3.121  25.576 0.5000000000
75044  -47.701  -3.046  26.154 0.2500000000
139425  -48.207  -2.811  25.844 0.1250000000
75046  -49.628  -2.490  26.719 0.1250000000
140974  -50.254  -2.149  26.396 0.1250000000
75856  -51.343  -0.980  26.969 0.1250000000
123291  -51.210  0.341  27.101 0.1250000000
78100  -50.859  0.887  26.861 0.1250000000
78111  -49.939  1.245  26.401 0.1250000000
78109  -47.972  1.849  26.663 0.1250000000
69763  -39.334  -8.131  23.435 0.3750000000
72430  -43.143  -5.104  25.158 0.7500000000
125500  -43.454  -4.503  24.902 0.7500000000
73288  -44.081  -4.018  25.460 0.7500000000
75059  -46.503  -3.098  24.995 0.6250000000
122392  -47.247  -2.956  24.980 0.5000000000
75060  -47.870  -2.829  25.354 0.2500000000
133886  -50.991  -1.547  26.386 0.1250000000
75871  -51.232  -1.423  25.541 0.1250000000
77331  -51.368  0.397  26.387 0.1250000000
77332  -51.628  0.059  25.872 0.1250000000
78112  -50.863  0.812  26.063 0.1250000000
141138  -49.243  1.360  25.826 0.1250000000
70678  -40.079  -7.310  22.542 0.5000000000
71555  -40.611  -6.744  22.311 0.5000000000
72434  -42.894  -5.038  24.474 0.7500000000
73291  -43.346  -4.406  24.042 0.7500000000
74207  -43.866  -3.874  23.613 0.7500000000
74209  -45.144  -3.236  23.130 0.7500000000
75077  -46.033  -3.076  23.413 0.6250000000
128088  -47.558  -2.810  24.051 0.3750000000
75071  -51.078  -1.944  24.672 0.1250000000
75876  -51.703  -1.112  24.674 0.1250000000
133436  -40.291  -7.278  21.851 0.5000000000
124655  -41.157  -6.249  22.017 0.5000000000
72447  -41.706  -5.798  21.726 0.5000000000
72445  -42.189  -5.308  22.198 0.5000000000
73300  -43.293  -4.351  23.159 0.7500000000
74222  -43.994  -4.048  21.927 0.7500000000
126994  -45.381  -3.462  22.228 0.7500000000
136504  -46.219  -3.431  22.196 0.6250000000
74217  -49.919  -3.506  22.564 0.3750000000
75090  -50.270  -2.989  23.200 0.3750000000
75082  -50.678  -2.481  23.906 0.3750000000
72448  -42.336  -5.447  21.375 0.5000000000
73305  -42.847  -4.930  21.849 0.5000000000
73306  -43.509  -4.579  21.509 0.6250000000
74223  -44.813  -3.942  21.498 0.7500000000
74224  -45.831  -3.805  21.529 0.6250000000
73312  -49.297  -4.419  21.278 0.5000000000
74228  -49.619  -3.987  21.917 0.3750000000
72467  -49.006  -5.943  19.924 0.6250000000
72466  -48.145  -5.902  19.915 0.7500000000
73319  -48.910  -4.898  20.765 0.6250000000
74227  -48.662  -3.938  21.803 0.5000000000
71574  -48.827  -6.404  19.473 0.5000000000
70705  -49.163  -7.129  18.393 0.3750000000
132423  -49.580  -7.061  17.649 0.2500000000
71509  -44.503  -6.918  28.300 0.3750000000
69737  -42.403  -8.454  25.771 0.6250000000
68164  -39.172  -10.279  25.373 0.7500000000
133194  -40.646  -9.550  25.469 0.7500000000
69736  -41.737  -8.780  25.434 0.7500000000
68943  -39.658  -9.447  25.137 0.7500000000
68944  -40.315  -8.924  25.064 0.7500000000
69747  -41.332  -8.326  25.115 0.7500000000
70636  -41.844  -8.022  25.286 0.7500000000
68956  -39.634  -8.534  24.495 0.7500000000
69746  -40.582  -8.215  24.751 0.7500000000
70649  -41.942  -7.259  25.074 0.7500000000
69764  -39.988  -7.942  24.051 0.7500000000
70647  -40.530  -7.414  24.135 0.7500000000
71537  -41.193  -6.783  24.208 0.7500000000
72429  -42.672  -5.829  25.050 0.7500000000
78125  -48.096  1.889  25.897 0.1250000000
70667  -39.592  -7.800  22.718 0.5000000000
71551  -40.579  -6.831  23.297 0.5000000000
72432  -41.577  -6.176  23.988 0.7500000000
71538  -41.915  -6.459  24.684 0.7500000000
72433  -42.177  -5.609  24.052 0.7500000000
76587  -51.684  -0.137  25.346 0.1250000000
77346  -51.463  0.351  25.700 0.1250000000
78128  -50.893  0.724  25.213 0.1250000000
78130  -49.158  1.456  24.663 0.1250000000
78126  -48.706  1.621  25.347 0.1250000000
71556  -41.095  -6.278  22.829 0.5000000000
75083  -51.709  -2.016  23.901 0.1250000000
75873  -51.730  -0.428  24.875 0.1250000000
77349  -51.720  0.032  25.270 0.1250000000
76588  -51.820  -0.203  24.638 0.1250000000
77348  -51.561  0.289  24.984 0.1250000000
78131  -49.929  1.074  24.439 0.1250000000
72444  -41.604  -5.765  22.520 0.5000000000
72442  -42.082  -5.287  23.078 0.5000000000
73299  -42.735  -4.893  23.583 0.7500000000
74218  -50.914  -3.399  22.613 0.3750000000
138419  -49.355  -6.723  19.006 0.5000000000
71575  -49.882  -6.168  19.418 0.5000000000
68166  -41.103  -10.145  25.894 0.7500000000
69735  -41.044  -8.887  25.269 0.7500000000
71587  -49.914  -6.647  18.628 0.5000000000
71588  -50.419  -6.170  18.852 0.5000000000
49233  -28.370  -31.183  34.703 0.7500000000
51039  -28.773  -29.339  34.921 0.7500000000
46281  -17.711  -34.423  48.076 0.6250000000
48072  -23.879  -32.049  47.976 0.5000000000
53690  -35.372  -25.891  45.761 0.2500000000
52666  -20.211  -27.830  47.653 0.8750000000
53681  -18.445  -26.242  46.279 0.8750000000
57246  -36.487  -22.701  42.609 0.5000000000
121901  -35.932  -24.192  43.643 0.2500000000
56424  -34.027  -23.319  36.457 0.8750000000
59000  -35.346  -21.254  42.765 0.5000000000
126232  -32.189  -16.681  34.755 0.8750000000
121719  -33.174  -16.621  32.938 0.8750000000
62766  -32.660  -16.803  31.044 0.7500000000
61835  -35.398  -18.062  29.627 0.8750000000
125046  -34.582  -17.730  29.251 0.7500000000
60913  -36.750  -18.124  28.362 0.7500000000
50192  -28.663  -30.274  34.787 0.7500000000
58136  -35.844  -21.762  42.608 0.5000000000
57290  -33.436  -22.785  36.875 0.8750000000
61813  -32.143  -17.227  29.935 0.7500000000
61862  -32.303  -17.745  27.761 0.7500000000
45381  -17.348  -35.020  48.541 0.6250000000
46290  -17.444  -34.459  47.167 0.6250000000
132328  -17.412  -34.365  46.316 0.6250000000
45426  -16.935  -34.685  45.604 0.5000000000
49234  -29.590  -31.837  34.681 0.7500000000
49235  -30.117  -31.254  34.873 0.7500000000
54543  -16.432  -25.449  52.623 0.5000000000
52623  -16.265  -26.731  50.739 0.5000000000
54682  -32.874  -25.278  34.911 0.5000000000
53792  -32.941  -27.099  33.045 0.3750000000
122217  -35.861  -22.560  43.793 0.2500000000
56435  -33.118  -23.854  34.960 0.6250000000
57314  -31.512  -22.890  34.475 0.6250000000
57327  -30.997  -22.562  34.003 0.5000000000
56433  -31.807  -23.405  34.261 0.6250000000
56442  -30.568  -23.458  32.943 0.5000000000
56452  -30.930  -24.071  32.857 0.5000000000
58227  -30.554  -21.761  33.795 0.6250000000
127688  -29.980  -23.721  31.696 0.2500000000
59102  -30.487  -20.786  33.864 0.6250000000
59101  -30.460  -20.111  33.109 0.6250000000
57373  -29.926  -22.697  30.325 0.2500000000
57393  -31.126  -22.351  29.239 0.2500000000
133045  -30.628  -22.754  29.683 0.2500000000
58261  -30.786  -21.585  29.020 0.5000000000
58294  -33.406  -21.302  26.191 0.3750000000
119457  -30.674  -19.023  33.971 0.7500000000
140922  -30.386  -19.934  31.882 0.5000000000
59152  -31.422  -19.837  27.799 0.6250000000
60857  -30.983  -18.838  32.572 0.6250000000
60869  -31.282  -18.253  31.389 0.6250000000
61872  -33.453  -17.962  26.583 0.7500000000
61866  -36.611  -17.550  27.368 0.6250000000
60938  -36.024  -17.763  26.697 0.6250000000
61867  -37.239  -17.268  27.988 0.7500000000
137691  -37.453  -16.800  27.934 0.7500000000
62823  -36.712  -16.578  26.938 0.6250000000
132395  -35.036  -19.139  24.959 0.3750000000
61881  -35.546  -17.440  25.145 0.6250000000
61873  -35.483  -17.769  25.837 0.3750000000
62822  -36.207  -16.240  26.288 0.6250000000
62830  -35.643  -15.969  24.699 0.6250000000
61792  -31.567  -17.514  32.709 0.6250000000
60924  -31.699  -18.312  27.979 0.7500000000
60911  -35.041  -18.085  27.668 0.7500000000
63692  -35.751  -15.299  24.221 0.3750000000
62837  -35.969  -16.163  23.852 0.3750000000
63703  -36.641  -15.685  23.324 0.2500000000
64639  -35.704  -14.652  24.504 0.5000000000
62765  -32.028  -17.205  30.839 0.7500000000
61831  -31.777  -17.652  29.381 0.7500000000
124732  -34.335  -17.709  28.337 0.7500000000
64617  -36.397  -14.450  26.234 0.6250000000
64618  -37.079  -14.005  26.613 0.6250000000
121323  -35.981  -14.114  25.674 0.6250000000
122134  -36.640  -12.923  25.513 0.6250000000
65474  -37.265  -13.193  26.217 0.7500000000
65500  -36.161  -13.117  24.238 0.5000000000
65519  -37.553  -13.520  22.606 0.2500000000
66422  -36.810  -12.287  25.016 0.5000000000
66450  -36.551  -12.485  23.748 0.5000000000
67391  -36.914  -11.902  23.353 0.5000000000
66464  -37.326  -12.741  22.626 0.3750000000
69012  -41.716  -9.168  20.448 0.1250000000
70694  -42.051  -7.344  19.443 0.2500000000
71569  -43.251  -6.938  18.754 0.2500000000
67369  -37.506  -11.057  24.639 0.5000000000
67355  -36.937  -11.727  24.434 0.5000000000
67392  -37.346  -11.309  22.773 0.5000000000
66465  -38.433  -12.045  21.918 0.3750000000
68999  -39.696  -9.313  21.282 0.3750000000
69000  -40.447  -9.155  20.917 0.2500000000
134010  -43.950  -6.385  18.847 0.2500000000
70677  -39.741  -7.916  21.905 0.3750000000
138224  -40.864  -7.210  20.768 0.3750000000
72451  -41.812  -5.977  20.929 0.3750000000
72449  -43.054  -5.137  21.043 0.5000000000
73316  -43.747  -4.787  20.763 0.5000000000
73307  -44.519  -4.553  20.701 0.5000000000
139186  -45.375  -5.638  19.504 0.3750000000
71583  -45.417  -6.989  18.428 0.3750000000
70703  -46.604  -7.729  18.097 0.2500000000
139553  -47.412  -7.898  17.935 0.2500000000
70709  -48.732  -7.835  17.542 0.1250000000
121299  -48.492  -2.596  24.828 0.1250000000
75078  -46.966  -2.992  23.618 0.6250000000
75086  -46.582  -3.177  22.847 0.6250000000
73308  -45.508  -4.411  20.748 0.6250000000
73309  -46.449  -4.227  21.056 0.7500000000
74226  -47.398  -3.748  21.813 0.7500000000
74215  -47.958  -3.541  22.264 0.7500000000
123607  -44.107  -4.347  21.261 0.5000000000
72455  -45.836  -5.077  20.102 0.6250000000
73317  -47.042  -4.694  20.671 0.7500000000
73311  -48.333  -4.338  21.261 0.6250000000
72456  -46.692  -5.212  20.193 0.7500000000
72457  -47.569  -5.290  20.299 0.7500000000
72458  -48.500  -5.378  20.328 0.6250000000
71586  -48.521  -6.934  18.908 0.2500000000
72408  -46.084  -5.105  28.909 0.2500000000
73272  -46.115  -3.957  27.816 0.3750000000
70638  -42.862  -7.126  26.021 0.7500000000
73270  -44.617  -4.510  27.010 0.6250000000
74183  -47.164  -3.262  26.823 0.3750000000
75032  -48.943  -2.835  27.194 0.1250000000
73281  -43.551  -4.746  25.637 0.7500000000
74180  -44.659  -3.898  26.271 0.7500000000
74181  -45.544  -3.512  26.235 0.6250000000
74194  -46.365  -3.279  25.826 0.6250000000
75047  -50.589  -1.901  27.136 0.1250000000
77323  -50.757  0.818  27.579 0.1250000000
78110  -48.794  1.548  26.267 0.1250000000
74198  -44.490  -3.580  24.868 0.7500000000
74199  -45.124  -3.287  24.751 0.7500000000
75061  -48.675  -2.610  25.556 0.1250000000
122270  -49.489  -2.417  25.959 0.1250000000
75857  -51.501  -0.766  26.182 0.1250000000
76573  -51.530  -0.169  26.563 0.1250000000
70668  -39.977  -7.535  23.363 0.7500000000
74197  -43.928  -3.915  24.505 0.7500000000
74208  -44.586  -3.429  24.017 0.7500000000
138003  -45.810  -3.151  24.660 0.7500000000
75067  -47.044  -2.941  24.401 0.6250000000
75066  -46.296  -3.035  24.184 0.6250000000
76574  -51.620  -0.230  25.888 0.1250000000
75872  -51.598  -0.575  25.445 0.1250000000
78127  -49.803  1.151  25.412 0.1250000000
74211  -43.865  -3.903  22.753 0.6250000000
138919  -44.377  -3.553  23.185 0.7500000000
74213  -45.849  -3.212  22.749 0.7500000000
74212  -44.565  -3.616  22.431 0.7500000000
73302  -42.724  -4.827  22.690 0.6250000000
73303  -43.357  -4.413  22.305 0.5000000000
75091  -51.294  -2.820  23.263 0.3750000000
72459  -49.496  -5.503  20.183 0.6250000000
70648  -41.277  -7.562  24.805 0.7500000000
79002  -47.668  2.513  26.194 0.1250000000
71552  -41.177  -6.354  23.535 0.6250000000
79003  -48.089  2.538  25.233 0.1250000000
72441  -41.572  -5.862  23.342 0.5000000000
75877  -51.993  -0.684  24.213 0.1250000000
39695  -6.693  -41.297  58.411 0.1250000000
40647  -7.429  -40.446  58.237 0.2500000000
120470  -6.950  -40.567  58.293 0.2500000000
138622  -6.565  -40.519  58.040 0.2500000000
39696  -7.067  -41.308  58.633 0.2500000000
128943  -7.648  -41.253  58.434 0.2500000000
40646  -6.238  -40.809  57.871 0.1250000000
39701  -8.401  -41.368  57.880 0.2500000000
40655  -5.945  -40.368  57.483 0.1250000000
40644  -8.106  -39.602  58.427 0.2500000000
40643  -7.415  -39.751  58.156 0.3750000000
40645  -8.750  -39.704  58.798 0.2500000000
40648  -8.141  -40.251  58.275 0.2500000000
40656  -8.480  -40.822  58.017 0.2500000000
41591  -5.906  -39.672  57.146 0.3750000000
39706  -8.860  -41.127  57.247 0.2500000000
41574  -8.725  -39.098  59.160 0.3750000000
40642  -6.863  -39.918  58.037 0.3750000000
41573  -8.177  -38.857  58.646 0.3750000000
41583  -9.518  -39.902  58.965 0.3750000000
41572  -7.341  -39.042  58.089 0.3750000000
40649  -8.966  -40.292  58.381 0.2500000000
41582  -6.721  -39.200  57.692 0.3750000000
40657  -9.238  -40.639  57.649 0.2500000000
137005  -6.015  -39.185  56.996 0.3750000000
40658  -10.094  -40.478  57.393 0.2500000000
40667  -10.370  -40.582  56.553 0.2500000000
39707  -9.227  -41.487  56.346 0.2500000000
40676  -10.703  -40.656  55.743 0.2500000000
39722  -10.486  -41.300  54.441 0.2500000000
127982  -10.623  -41.439  53.739 0.2500000000
133711  -10.843  -41.169  53.276 0.2500000000
40701  -11.239  -40.532  52.274 0.2500000000
39749  -10.570  -41.719  51.242 0.1250000000
40770  -12.743  -40.005  46.726 0.1250000000
41564  -8.878  -38.520  59.615 0.3750000000
41575  -9.257  -39.369  59.466 0.3750000000
138037  -9.912  -39.573  59.551 0.3750000000
42505  -8.468  -38.179  59.236 0.3750000000
41584  -10.494  -39.931  59.047 0.3750000000
42511  -7.259  -38.377  57.973 0.3750000000
130297  -7.806  -37.647  58.609 0.2500000000
40651  -10.799  -40.297  58.096 0.2500000000
40668  -11.272  -40.409  56.366 0.3750000000
40682  -10.954  -40.745  54.892 0.2500000000
40692  -11.751  -40.323  53.673 0.2500000000
139726  -11.684  -39.973  52.088 0.2500000000
40712  -10.759  -41.030  51.713 0.1250000000
40713  -11.238  -40.277  51.340 0.2500000000
41663  -11.599  -39.668  50.689 0.2500000000
41689  -11.594  -39.846  48.754 0.1250000000
126467  -12.001  -39.603  47.870 0.1250000000
42628  -12.340  -38.767  47.626 0.1250000000
41700  -12.346  -39.529  47.223 0.1250000000
41710  -12.620  -39.106  46.789 0.1250000000
41565  -9.341  -38.419  60.299 0.2500000000
41576  -9.759  -39.054  60.177 0.3750000000
141549  -8.127  -37.949  58.907 0.2500000000
41558  -9.901  -38.446  60.856 0.2500000000
41577  -11.352  -39.853  59.624 0.3750000000
41585  -11.429  -40.095  58.770 0.3750000000
128752  -8.502  -37.712  59.419 0.2500000000
140790  -12.133  -40.070  58.670 0.5000000000
40659  -11.024  -40.372  57.197 0.3750000000
40669  -12.125  -40.177  56.312 0.3750000000
125634  -12.167  -40.144  54.923 0.5000000000
129765  -11.262  -40.699  53.093 0.2500000000
41649  -11.902  -39.565  51.521 0.3750000000
41664  -12.009  -39.111  50.235 0.2500000000
41675  -11.910  -39.056  49.353 0.2500000000
42618  -12.044  -38.931  48.492 0.1250000000
42619  -12.640  -38.148  48.403 0.1250000000
139444  -12.658  -38.160  47.705 0.2500000000
42629  -12.731  -38.275  47.103 0.1250000000
42638  -13.043  -38.600  46.320 0.1250000000
43522  -13.207  -37.700  46.715 0.1250000000
42649  -13.468  -38.053  45.794 0.1250000000
41723  -14.400  -39.037  45.167 0.1250000000
42660  -15.275  -38.299  44.333 0.1250000000
43550  -15.764  -37.911  43.939 0.1250000000
43537  -14.006  -37.471  45.236 0.1250000000
140395  -14.550  -38.194  44.679 0.1250000000
44480  -15.387  -36.244  44.015 0.1250000000
44492  -15.916  -36.349  43.376 0.1250000000
42501  -11.413  -38.443  61.606 0.1250000000
41561  -11.857  -39.050  61.353 0.1250000000
41562  -12.658  -39.133  61.488 0.1250000000
41569  -13.092  -39.503  60.883 0.2500000000
41559  -10.625  -38.383  61.273 0.1250000000
41567  -11.437  -39.446  60.557 0.2500000000
41568  -12.392  -39.532  60.739 0.2500000000
41570  -13.765  -39.430  60.594 0.3750000000
49960  -24.156  -30.319  57.203 0.1250000000
49971  -24.409  -30.983  56.951 0.1250000000
41560  -11.159  -38.868  61.185 0.1250000000
41586  -12.588  -39.920  59.208 0.2500000000
41587  -13.378  -39.690  59.035 0.5000000000
133394  -23.806  -30.645  56.519 0.1250000000
42500  -9.400  -37.813  60.747 0.2500000000
135422  -11.940  -40.001  59.263 0.5000000000
120254  -12.805  -39.910  58.204 0.5000000000
42506  -9.040  -38.015  60.146 0.2500000000
41592  -11.809  -40.205  57.869 0.5000000000
41593  -12.517  -40.048  57.156 0.5000000000
128625  -11.617  -40.360  55.470 0.3750000000
41650  -12.582  -39.015  51.567 0.3750000000
42572  -13.335  -38.379  51.430 0.5000000000
42587  -12.608  -38.673  50.755 0.2500000000
42604  -12.495  -38.537  49.874 0.2500000000
43523  -13.720  -37.113  46.234 0.1250000000
44451  -14.297  -36.603  45.796 0.1250000000
45424  -15.335  -35.815  44.728 0.1250000000
44479  -14.883  -36.664  44.448 0.1250000000
45450  -16.761  -34.989  43.143 0.2500000000
47306  -29.918  -33.146  35.325 0.5000000000
41563  -13.464  -39.148  61.418 0.1250000000
49961  -24.880  -30.685  57.430 0.1250000000
47994  -26.913  -32.461  56.207 0.2500000000
41580  -13.964  -39.510  59.709 0.2500000000
41588  -14.143  -39.345  58.792 0.2500000000
137351  -23.348  -28.949  57.104 0.1250000000
50827  -23.956  -29.574  57.405 0.1250000000
48944  -24.951  -31.291  57.060 0.1250000000
47992  -25.141  -31.942  56.061 0.1250000000
121315  -27.215  -32.714  55.263 0.2500000000
120807  -13.624  -39.554  58.219 0.5000000000
142738  -22.306  -28.694  56.025 0.1250000000
120606  -22.723  -29.226  56.165 0.1250000000
49970  -23.012  -30.066  55.951 0.1250000000
49979  -23.303  -30.706  55.575 0.1250000000
48956  -24.629  -31.429  56.532 0.1250000000
48000  -24.881  -31.944  55.327 0.1250000000
48002  -26.467  -32.637  54.850 0.2500000000
47086  -26.926  -32.721  54.077 0.2500000000
47092  -27.744  -32.940  53.439 0.2500000000
47102  -28.317  -33.131  52.094 0.2500000000
41595  -14.277  -39.115  57.816 0.3750000000
137142  -21.865  -28.791  55.303 0.1250000000
49978  -22.614  -30.220  55.111 0.1250000000
48980  -23.668  -31.210  55.127 0.1250000000
48981  -24.228  -31.628  54.635 0.1250000000
48011  -25.341  -31.966  53.545 0.2500000000
48012  -26.192  -32.275  53.280 0.2500000000
47091  -26.973  -32.621  52.926 0.2500000000
47101  -27.665  -32.880  52.487 0.2500000000
47109  -28.252  -33.183  51.093 0.2500000000
51707  -21.283  -28.902  54.231 0.1250000000
50844  -22.263  -30.179  54.452 0.1250000000
49986  -22.921  -30.696  54.554 0.1250000000
126669  -23.343  -31.144  53.255 0.1250000000
48010  -24.477  -31.696  53.732 0.1250000000
48021  -26.311  -32.204  52.305 0.2500000000
47100  -27.002  -32.554  51.973 0.2500000000
47120  -27.394  -32.906  50.526 0.2500000000
47121  -28.196  -33.380  50.116 0.2500000000
50853  -21.464  -29.452  53.801 0.2500000000
49996  -22.311  -30.458  53.200 0.2500000000
49001  -22.770  -30.854  52.753 0.1250000000
48009  -23.845  -31.450  52.999 0.1250000000
48028  -24.769  -31.757  51.897 0.2500000000
48029  -25.644  -31.951  51.657 0.2500000000
48040  -25.802  -32.080  50.778 0.2500000000
42560  -14.364  -38.081  52.515 0.3750000000
50003  -21.755  -30.098  52.893 0.2500000000
133556  -21.562  -30.121  52.156 0.3750000000
49015  -22.554  -31.023  51.764 0.2500000000
49016  -23.265  -31.476  51.437 0.2500000000
48039  -24.977  -31.816  51.000 0.2500000000
123493  -25.183  -31.939  50.127 0.3750000000
48041  -25.973  -32.281  49.928 0.3750000000
47119  -26.720  -32.704  49.752 0.3750000000
41639  -13.195  -38.864  52.292 0.5000000000
42573  -14.107  -37.948  51.734 0.5000000000
43480  -13.252  -38.036  50.397 0.5000000000
43503  -14.355  -36.893  48.801 0.5000000000
43502  -13.514  -37.452  48.848 0.3750000000
131884  -13.860  -37.092  48.122 0.2500000000
44422  -14.561  -36.582  47.921 0.2500000000
44435  -14.356  -36.484  46.810 0.1250000000
44452  -14.958  -36.050  46.289 0.2500000000
45407  -15.614  -35.603  45.788 0.1250000000
45425  -16.179  -35.218  45.034 0.1250000000
45438  -16.563  -34.949  44.207 0.1250000000
47210  -17.464  -34.168  43.314 0.2500000000
48225  -30.118  -32.263  35.104 0.5000000000
48214  -30.477  -32.691  35.878 0.2500000000
42499  -14.251  -38.160  62.507 0.1250000000
118505  -13.887  -38.627  62.013 0.1250000000
42497  -12.629  -38.021  62.461 0.1250000000
42503  -13.003  -38.623  62.116 0.1250000000
42508  -14.321  -38.992  61.170 0.1250000000
42509  -15.247  -38.684  60.764 0.1250000000
42495  -10.914  -38.050  61.657 0.1250000000
41581  -14.698  -39.118  59.413 0.1250000000
53590  -21.720  -26.658  56.396 0.1250000000
52573  -22.390  -27.154  56.893 0.1250000000
51690  -22.499  -27.870  56.669 0.1250000000
51682  -23.454  -28.213  57.628 0.1250000000
49953  -25.109  -30.055  57.755 0.1250000000
47989  -27.110  -32.043  56.878 0.2500000000
47995  -27.751  -32.542  56.017 0.2500000000
48003  -28.017  -32.700  55.199 0.2500000000
41571  -14.563  -39.186  60.271 0.1250000000
51698  -22.675  -28.518  56.507 0.1250000000
51691  -23.884  -28.828  57.737 0.1250000000
50828  -24.475  -29.923  57.577 0.1250000000
48958  -26.386  -31.676  57.166 0.2500000000
47988  -26.381  -32.095  56.670 0.2500000000
47093  -28.636  -33.089  53.681 0.2500000000
41589  -14.831  -38.858  58.548 0.3750000000
42527  -14.805  -38.512  56.559 0.3750000000
53596  -21.245  -26.984  55.702 0.1250000000
121722  -21.468  -27.812  55.488 0.1250000000
47087  -27.905  -32.872  54.429 0.2500000000
125116  -28.285  -33.132  52.919 0.2500000000
42520  -14.702  -38.685  57.249 0.3750000000
52593  -20.522  -27.537  54.134 0.2500000000
53609  -19.997  -26.955  53.512 0.3750000000
52594  -20.754  -28.281  53.783 0.2500000000
52614  -19.788  -27.265  51.963 0.3750000000
51724  -20.240  -28.049  52.043 0.3750000000
51713  -20.524  -28.254  52.904 0.3750000000
51714  -21.078  -29.002  53.252 0.3750000000
43456  -15.539  -37.271  52.320 0.5000000000
43466  -15.325  -37.158  51.442 0.5000000000
129975  -19.992  -27.685  51.137 0.3750000000
51734  -20.421  -28.568  51.301 0.3750000000
128753  -21.101  -29.642  51.930 0.3750000000
50011  -21.932  -30.778  51.008 0.2500000000
49024  -22.629  -31.384  50.629 0.2500000000
48050  -23.661  -31.877  49.718 0.3750000000
48051  -24.531  -31.930  49.466 0.3750000000
48052  -26.154  -32.454  49.096 0.3750000000
43455  -14.822  -37.613  52.006 0.5000000000
43483  -15.919  -36.685  50.886 0.5000000000
52625  -19.968  -27.713  50.206 0.3750000000
51742  -20.297  -28.397  49.873 0.5000000000
50880  -20.933  -29.753  49.976 0.3750000000
50028  -21.378  -30.409  49.572 0.5000000000
50029  -21.867  -31.032  49.143 0.3750000000
140478  -22.987  -31.788  49.934 0.3750000000
124401  -25.383  -32.123  49.261 0.3750000000
42588  -13.844  -37.836  51.050 0.5000000000
43482  -14.968  -37.012  50.438 0.5000000000
50889  -20.629  -29.089  49.532 0.6250000000
124507  -20.667  -29.110  48.697 0.6250000000
50890  -20.967  -29.765  49.120 0.6250000000
49053  -22.463  -31.503  48.709 0.2500000000
43481  -14.067  -37.496  50.422 0.6250000000
43493  -14.241  -37.161  49.635 0.5000000000
44396  -15.720  -36.502  49.963 0.5000000000
43504  -14.976  -36.513  48.736 0.5000000000
44436  -15.255  -36.037  47.343 0.2500000000
49222  -30.672  -31.809  35.676 0.3750000000
49223  -31.182  -31.374  36.404 0.1250000000
122763  -14.858  -38.416  61.855 0.1250000000
42498  -13.478  -38.114  62.613 0.1250000000
140311  -15.192  -38.905  59.925 0.1250000000
42514  -16.160  -38.051  59.078 0.1250000000
42513  -15.378  -38.624  59.200 0.1250000000
42517  -15.540  -38.265  58.252 0.2500000000
53585  -22.879  -26.897  57.586 0.1250000000
42521  -15.320  -38.185  57.211 0.2500000000
42528  -15.939  -37.638  56.761 0.3750000000
54524  -20.387  -25.605  55.400 0.1250000000
53589  -21.007  -26.149  55.940 0.1250000000
53595  -20.643  -26.459  55.180 0.1250000000
54529  -20.055  -25.966  54.636 0.2500000000
53608  -19.452  -26.013  53.258 0.2500000000
53617  -19.652  -26.728  52.616 0.2500000000
43467  -16.115  -36.837  51.812 0.5000000000
53626  -19.533  -26.849  51.288 0.3750000000
44380  -16.849  -36.367  51.288 0.5000000000
52637  -19.655  -27.028  49.707 0.5000000000
44398  -17.203  -35.977  50.600 0.5000000000
52650  -19.659  -27.014  48.831 0.7500000000
51750  -20.352  -28.444  49.036 0.7500000000
50901  -20.952  -29.744  48.259 0.6250000000
44397  -16.533  -36.262  50.344 0.6250000000
45368  -16.858  -35.553  49.023 0.5000000000
141171  -30.392  -30.653  34.888 0.6250000000
50184  -30.823  -30.967  35.481 0.5000000000
43406  -16.574  -37.937  59.955 0.1250000000
42504  -15.635  -38.217  61.413 0.1250000000
42518  -16.177  -37.787  58.302 0.1250000000
54521  -21.545  -25.802  56.626 0.1250000000
53579  -23.237  -26.643  58.065 0.1250000000
42522  -16.000  -37.727  57.607 0.1250000000
43422  -16.540  -37.242  56.161 0.3750000000
54520  -20.795  -25.267  56.160 0.1250000000
54523  -19.648  -25.058  54.827 0.2500000000
54533  -19.507  -25.596  54.056 0.2500000000
54544  -18.864  -25.253  52.820 0.1250000000
54553  -18.535  -25.167  51.888 0.5000000000
44412  -17.085  -35.779  49.868 0.6250000000
53634  -19.262  -26.370  50.070 0.6250000000
50185  -31.547  -30.676  36.031 0.1250000000
123945  -17.223  -37.504  59.924 0.1250000000
134049  -16.647  -37.602  58.610 0.1250000000
43420  -17.994  -36.735  57.855 0.1250000000
43424  -17.834  -36.677  56.980 0.1250000000
43415  -16.643  -37.423  57.942 0.1250000000
43419  -17.235  -37.035  57.525 0.1250000000
44345  -18.331  -36.197  56.380 0.1250000000
55411  -19.720  -23.941  56.058 0.1250000000
55412  -20.511  -24.372  56.436 0.1250000000
54510  -22.433  -25.160  58.119 0.1250000000
53578  -22.708  -26.061  57.820 0.1250000000
131320  -17.121  -36.977  56.772 0.1250000000
43423  -17.500  -36.696  56.061 0.1250000000
56294  -18.320  -23.940  54.741 0.1250000000
55420  -19.391  -24.275  55.332 0.2500000000
44348  -17.564  -36.609  55.143 0.2500000000
55427  -18.973  -24.345  54.671 0.1250000000
138667  -16.423  -25.384  53.192 0.3750000000
44381  -17.669  -35.802  51.183 0.5000000000
45369  -17.677  -35.078  49.444 0.6250000000
142843  -31.488  -30.170  35.171 0.3750000000
51031  -32.178  -30.210  36.029 0.2500000000
51936  -34.294  -28.834  33.949 0.1250000000
51941  -33.989  -28.462  33.259 0.1250000000
125409  -18.560  -36.355  58.145 0.1250000000
45302  -18.853  -35.464  56.668 0.1250000000
44349  -18.181  -36.238  55.505 0.2500000000
56288  -18.339  -23.715  55.435 0.1250000000
125902  -18.556  -35.703  54.912 0.2500000000
55425  -17.130  -24.152  54.563 0.2500000000
54532  -16.407  -25.316  53.753 0.3750000000
50862  -16.939  -28.857  52.869 0.3750000000
139110  -16.393  -27.763  52.416 0.3750000000
50008  -17.925  -30.130  51.524 0.5000000000
50863  -17.433  -29.595  51.941 0.5000000000
52603  -16.261  -27.213  52.192 0.3750000000
50872  -17.404  -29.559  51.079 0.3750000000
50871  -16.939  -29.037  51.560 0.3750000000
52842  -34.569  -27.970  32.816 0.1250000000
52856  -34.810  -27.359  32.202 0.1250000000
129620  -17.393  -29.493  52.755 0.3750000000
52855  -33.969  -27.602  32.381 0.1250000000
139719  -34.173  -27.079  31.930 0.1250000000
53808  -34.683  -26.616  31.685 0.1250000000
131526  -33.450  -26.922  32.228 0.1250000000
54704  -32.431  -25.667  31.840 0.1250000000
53822  -34.318  -25.792  31.303 0.1250000000
54713  -33.212  -25.717  31.248 0.1250000000
55595  -34.805  -24.875  31.409 0.1250000000
133290  -33.603  -24.852  35.308 0.7500000000
136146  -33.280  -24.358  34.798 0.5000000000
55578  -32.617  -25.328  33.706 0.3750000000
54697  -32.497  -25.751  32.702 0.2500000000
54705  -32.954  -26.299  31.967 0.2500000000
55585  -31.972  -25.199  32.470 0.2500000000
56444  -32.171  -23.976  34.061 0.5000000000
58262  -31.672  -21.882  28.688 0.3750000000
57424  -33.523  -21.878  26.953 0.2500000000
57440  -34.176  -21.983  26.317 0.2500000000
60822  -31.283  -17.823  40.763 0.3750000000
61721  -31.822  -17.224  41.340 0.3750000000
62661  -32.624  -16.639  40.048 0.5000000000
62662  -33.597  -16.526  39.691 0.3750000000
62678  -34.224  -16.571  38.422 0.5000000000
66364  -41.222  -12.888  32.123 0.2500000000
130410  -49.101  -6.206  15.434 0.1250000000
71610  -49.422  -6.675  14.812 0.1250000000
72488  -48.464  -5.543  15.380 0.1250000000
72493  -48.686  -5.695  14.677 0.1250000000
72481  -49.046  -5.641  16.038 0.2500000000
73337  -48.569  -4.921  16.185 0.1250000000
71595  -50.261  -6.256  18.202 0.3750000000
72472  -50.699  -5.681  18.699 0.3750000000
72475  -50.520  -5.644  17.995 0.3750000000
73339  -50.214  -4.793  17.385 0.3750000000
72483  -50.152  -5.489  17.295 0.1250000000
73338  -49.572  -5.071  16.762 0.2500000000
140991  -47.918  -4.964  15.563 0.2500000000
72460  -50.474  -5.422  19.911 0.5000000000
73325  -51.176  -5.060  19.737 0.5000000000
73329  -50.924  -5.104  18.563 0.3750000000
73332  -50.649  -4.975  17.887 0.3750000000
74249  -49.845  -4.201  17.257 0.3750000000
75117  -49.218  -3.417  17.186 0.2500000000
74248  -48.363  -3.994  16.647 0.2500000000
75116  -48.177  -3.053  16.968 0.2500000000
75115  -47.263  -2.684  16.794 0.2500000000
74247  -47.430  -3.611  16.506 0.2500000000
75113  -45.780  -1.988  16.223 0.2500000000
75125  -45.031  -2.652  14.096 0.2500000000
73320  -49.963  -4.960  20.656 0.5000000000
72469  -51.123  -5.163  19.159 0.5000000000
130887  -51.373  -4.582  18.995 0.5000000000
73330  -51.465  -3.963  18.801 0.5000000000
74243  -51.046  -3.493  18.322 0.5000000000
74250  -50.542  -4.210  17.802 0.5000000000
75109  -49.755  -2.548  17.660 0.3750000000
75905  -49.298  -1.698  17.741 0.3750000000
75108  -48.806  -2.408  17.387 0.3750000000
75904  -48.395  -1.528  17.528 0.3750000000
75107  -47.869  -2.170  17.218 0.3750000000
75911  -46.673  -1.250  16.955 0.3750000000
135747  -47.127  -1.922  17.005 0.3750000000
75914  -45.276  -1.579  15.141 0.3750000000
75120  -45.482  -2.231  15.642 0.2500000000
131219  -44.952  -2.119  13.431 0.2500000000
76613  -49.634  -0.266  18.106 0.2500000000
131154  -47.987  -0.686  17.545 0.3750000000
76619  -47.108  -0.427  17.245 0.3750000000
76618  -46.288  -0.383  16.610 0.3750000000
77394  -46.986  0.509  16.939 0.3750000000
75909  -45.570  -1.446  15.888 0.3750000000
76623  -45.859  -0.160  15.846 0.2500000000
40677  -12.489  -40.033  55.570 0.5000000000
41603  -14.231  -39.056  56.839 0.5000000000
137122  -14.559  -38.213  53.444 0.3750000000
44354  -18.296  -35.971  54.161 0.2500000000
119113  -35.050  -16.689  38.555 0.3750000000
40683  -11.653  -40.410  54.520 0.2500000000
42549  -13.851  -38.615  52.899 0.5000000000
42561  -15.033  -37.708  52.834 0.3750000000
44424  -16.089  -35.856  48.687 0.5000000000
45392  -15.604  -35.691  46.682 0.2500000000
142362  -16.737  -34.799  44.921 0.1250000000
139480  -19.050  -24.848  54.077 0.2500000000
55432  -18.562  -24.695  53.401 0.1250000000
56293  -17.710  -23.993  54.219 0.2500000000
55424  -16.719  -24.636  54.100 0.2500000000
140973  -19.092  -25.273  53.515 0.1250000000
54554  -19.067  -26.004  51.384 0.5000000000
55569  -33.121  -24.814  34.643 0.3750000000
127962  -19.275  -26.426  50.762 0.6250000000
55560  -33.676  -24.303  35.275 0.5000000000
55577  -32.355  -24.904  33.460 0.3750000000
49039  -23.051  -31.830  49.187 0.3750000000
55576  -31.613  -24.458  33.156 0.3750000000
52638  -19.997  -27.751  49.364 0.7500000000
49038  -22.466  -31.467  49.612 0.2500000000
50037  -21.386  -30.419  48.681 0.5000000000
58303  -34.228  -21.404  25.677 0.2500000000
72468  -50.701  -5.668  19.263 0.5000000000
55584  -31.111  -24.672  32.156 0.3750000000
120275  -6.257  -39.966  57.664 0.2500000000
122796  -6.288  -39.269  57.324 0.3750000000
127777  -9.145  -38.866  59.814 0.3750000000
42512  -7.865  -38.275  58.532 0.3750000000
40650  -9.850  -40.271  58.261 0.3750000000
42515  -6.760  -38.593  57.466 0.3750000000
39715  -10.228  -41.088  55.240 0.2500000000
40691  -11.085  -40.846  53.947 0.2500000000
39726  -10.509  -41.818  53.017 0.2500000000
39739  -10.546  -41.715  52.080 0.2500000000
129992  -12.289  -40.128  47.369 0.1250000000
129030  -10.584  -39.530  60.001 0.3750000000
42516  -7.217  -37.848  57.859 0.3750000000
40660  -11.774  -40.261  56.977 0.3750000000
129729  -12.113  -39.173  50.962 0.2500000000
134135  -12.353  -38.498  49.091 0.1250000000
135022  -13.076  -39.403  46.267 0.1250000000
42507  -9.488  -38.082  60.760 0.2500000000
41566  -10.547  -39.001  60.777 0.3750000000
41578  -12.142  -39.848  59.938 0.3750000000
43405  -9.029  -37.457  60.148 0.1250000000
42605  -12.934  -37.991  49.401 0.1250000000
43513  -13.136  -37.624  47.737 0.1250000000
43514  -13.733  -37.007  47.258 0.2500000000
41711  -13.614  -39.089  45.696 0.1250000000
140398  -13.946  -38.405  45.212 0.1250000000
43549  -15.028  -37.594  44.238 0.1250000000
42650  -15.185  -38.935  44.773 0.1250000000
43548  -14.515  -37.340  44.654 0.1250000000
44467  -14.811  -36.159  45.303 0.1250000000
43563  -15.488  -37.052  43.797 0.1250000000
45437  -15.826  -35.593  44.096 0.1250000000
42502  -12.198  -38.539  61.944 0.1250000000
42496  -11.772  -38.064  62.055 0.1250000000
41579  -13.076  -39.765  60.049 0.3750000000
50833  -23.500  -29.833  56.815 0.1250000000
48966  -23.957  -31.186  56.060 0.1250000000
43492  -13.600  -37.604  49.751 0.3750000000
135923  -26.323  -32.559  55.548 0.2500000000
47993  -25.954  -32.280  56.180 0.2500000000
141926  -27.436  -32.321  56.467 0.2500000000
50820  -24.243  -29.300  57.699 0.1250000000
48945  -25.642  -31.242  57.356 0.2500000000
48957  -25.543  -31.783  56.767 0.1250000000
51697  -22.066  -28.205  56.053 0.1250000000
50838  -22.331  -29.679  55.310 0.1250000000
48967  -24.390  -31.605  55.676 0.1250000000
118723  -25.182  -32.083  54.587 0.1250000000
118722  -25.995  -32.390  54.227 0.2500000000
47108  -27.618  -32.841  51.549 0.2500000000
123209  -22.436  -30.431  53.896 0.1250000000
122026  -23.445  -31.191  54.150 0.1250000000
48992  -23.819  -31.433  53.754 0.1250000000
48019  -24.614  -31.694  52.811 0.2500000000
48020  -25.500  -31.916  52.584 0.2500000000
48030  -26.403  -32.262  51.409 0.2500000000
49995  -21.868  -30.033  53.720 0.2500000000
48979  -22.878  -30.796  53.616 0.1250000000
49002  -23.267  -31.252  52.373 0.2500000000
48027  -23.913  -31.544  52.120 0.1250000000
138869  -27.012  -32.559  51.195 0.2500000000
143236  -21.473  -29.641  53.257 0.2500000000
50004  -22.144  -30.541  52.416 0.2500000000
48038  -24.076  -31.687  51.222 0.2500000000
119928  -13.779  -38.383  52.173 0.5000000000
50864  -21.271  -29.583  52.611 0.3750000000
139027  -21.887  -30.553  51.741 0.3750000000
50010  -21.336  -30.107  51.341 0.3750000000
49025  -23.435  -31.729  50.544 0.2500000000
132545  -24.309  -31.822  50.344 0.2500000000
43494  -14.969  -36.701  49.463 0.5000000000
44423  -15.397  -36.178  48.307 0.5000000000
126419  -15.841  -38.494  59.951 0.1250000000
52578  -21.878  -27.463  56.198 0.1250000000
53584  -22.246  -26.359  57.135 0.1250000000
52566  -23.394  -27.466  57.918 0.1250000000
52567  -23.867  -28.081  58.129 0.1250000000
50821  -24.635  -29.404  57.812 0.1250000000
48946  -26.442  -31.140  57.595 0.2500000000
52584  -20.839  -27.295  54.958 0.2500000000
52589  -21.081  -28.120  54.660 0.1250000000
133497  -20.357  -27.715  53.413 0.2500000000
53602  -20.289  -26.763  54.407 0.2500000000
52604  -20.068  -27.513  52.743 0.3750000000
52624  -19.635  -27.020  50.531 0.3750000000
51725  -20.743  -28.937  52.198 0.3750000000
43465  -14.528  -37.503  51.187 0.5000000000
142727  -20.260  -28.284  50.602 0.3750000000
124763  -20.968  -29.735  50.715 0.3750000000
50873  -20.811  -29.360  51.331 0.3750000000
50017  -21.368  -30.329  50.449 0.3750000000
50018  -21.890  -30.984  50.073 0.3750000000
50879  -20.598  -29.035  50.477 0.5000000000
44410  -15.571  -36.277  49.124 0.5000000000
54534  -19.818  -26.288  53.987 0.2500000000
53616  -19.198  -25.944  52.306 0.3750000000
53627  -19.442  -26.579  51.915 0.3750000000
54516  -22.019  -25.494  57.412 0.1250000000
53570  -23.542  -26.248  58.478 0.1250000000
55413  -21.315  -24.894  56.880 0.1250000000
55421  -20.080  -24.747  55.683 0.1250000000
43416  -17.356  -37.207  58.463 0.1250000000
56289  -18.992  -23.730  55.736 0.1250000000
56282  -19.184  -23.350  56.529 0.1250000000
55404  -21.724  -24.588  57.689 0.1250000000
54511  -22.822  -25.745  58.202 0.1250000000
56295  -18.812  -23.976  55.162 0.1250000000
56287  -17.690  -23.817  55.049 0.1250000000
53607  -16.253  -26.068  53.281 0.3750000000
52841  -33.712  -27.992  32.866 0.1250000000
52827  -34.887  -28.254  33.490 0.1250000000
54528  -16.364  -25.228  54.608 0.2500000000
55418  -16.661  -24.587  55.009 0.2500000000
51712  -16.577  -28.130  52.956 0.3750000000
51723  -16.637  -28.461  52.166 0.3750000000
53807  -33.802  -26.486  31.613 0.1250000000
54698  -32.766  -26.334  32.857 0.3750000000
54712  -32.380  -25.376  31.263 0.1250000000
57425  -34.291  -22.366  27.143 0.2500000000
62647  -34.511  -16.617  40.226 0.2500000000
140041  -49.150  -4.323  16.793 0.2500000000
71600  -49.809  -6.350  17.204 0.2500000000
73333  -51.022  -4.415  18.410 0.3750000000
73336  -47.656  -4.425  16.075 0.2500000000
73321  -50.973  -4.822  20.472 0.5000000000
74242  -50.212  -3.403  17.663 0.3750000000
74254  -46.726  -4.051  15.899 0.2500000000
74246  -46.591  -3.155  16.352 0.2500000000
75910  -45.992  -1.327  16.466 0.3750000000
75114  -46.416  -2.159  16.612 0.3750000000
75121  -45.904  -2.723  16.085 0.2500000000
74252  -45.564  -3.155  15.332 0.2500000000
75916  -45.048  -1.764  14.268 0.3750000000
73326  -51.561  -4.582  19.567 0.5000000000
135313  -50.184  -1.754  18.057 0.3750000000
135538  -49.705  -1.083  18.025 0.3750000000
75903  -47.498  -1.331  17.304 0.3750000000
76612  -48.877  -0.793  17.794 0.3750000000
76617  -45.752  -0.791  16.104 0.3750000000
76626  -45.755  -0.122  14.978 0.3750000000
76614  -50.583  -0.802  18.299 0.2500000000
128379  -48.750  0.096  17.826 0.3750000000
77396  -46.358  0.458  16.170 0.2500000000
46396  -25.221  -35.153  35.724 0.2500000000
45541  -26.624  -35.940  36.008 0.2500000000
45544  -29.450  -34.848  36.431 0.1250000000
46400  -29.573  -34.088  35.695 0.2500000000
137734  -30.597  -33.681  36.878 0.1250000000
48215  -30.959  -32.255  36.545 0.2500000000
47292  -30.288  -33.511  36.154 0.2500000000
54569  -35.768  -24.922  50.228 0.1250000000
54559  -35.265  -24.850  50.393 0.1250000000
53648  -36.785  -25.901  49.562 0.1250000000
123453  -36.269  -24.250  49.362 0.1250000000
56333  -35.891  -23.562  49.008 0.1250000000
52656  -36.093  -27.417  48.722 0.1250000000
53660  -36.406  -26.724  48.223 0.1250000000
130487  -36.699  -24.997  47.731 0.1250000000
124610  -36.333  -24.154  48.067 0.1250000000
53683  -35.801  -26.159  46.681 0.1250000000
54601  -36.155  -25.473  46.789 0.1250000000
54568  -35.377  -25.391  50.452 0.1250000000
130145  -35.650  -22.836  48.377 0.1250000000
52631  -35.794  -26.965  50.598 0.1250000000
126144  -35.864  -24.051  46.960 0.1250000000
51760  -35.577  -28.126  48.717 0.1250000000
141215  -35.964  -25.027  46.460 0.1250000000
54609  -35.665  -25.276  46.001 0.1250000000
136931  -35.563  -24.745  45.434 0.1250000000
55498  -35.592  -24.036  45.295 0.1250000000
54614  -35.444  -25.222  45.118 0.1250000000
56306  -33.837  -23.400  51.628 0.1250000000
52610  -34.366  -26.881  51.108 0.1250000000
53623  -34.658  -26.293  50.882 0.1250000000
52619  -34.680  -27.536  51.144 0.1250000000
52620  -35.002  -26.887  50.832 0.1250000000
51730  -34.167  -27.918  51.485 0.1250000000
51738  -35.240  -28.091  51.046 0.1250000000
49026  -33.811  -31.527  50.944 0.1250000000
122683  -34.257  -30.853  51.039 0.1250000000
50019  -34.661  -30.356  50.650 0.1250000000
56360  -35.611  -23.359  45.715 0.1250000000
48053  -32.704  -32.662  49.992 0.1250000000
122884  -35.644  -23.406  44.898 0.1250000000
54620  -35.635  -25.013  44.220 0.1250000000
54548  -33.859  -25.628  51.503 0.1250000000
55438  -33.640  -24.715  51.857 0.1250000000
53614  -33.609  -26.207  51.656 0.1250000000
56302  -32.976  -23.689  52.131 0.1250000000
51719  -33.727  -28.299  51.897 0.1250000000
49005  -33.918  -30.903  51.835 0.1250000000
50860  -33.466  -28.854  52.361 0.1250000000
49998  -33.502  -29.900  52.597 0.1250000000
131535  -33.024  -26.522  52.471 0.1250000000
58126  -36.013  -22.470  43.166 0.2500000000
56451  -30.392  -23.972  32.277 0.2500000000
58970  -35.432  -21.061  44.688 0.2500000000
58124  -35.395  -21.151  43.759 0.2500000000
142999  -35.753  -21.567  43.269 0.2500000000
120211  -33.793  -20.389  44.005 0.2500000000
57428  -38.757  -23.070  27.304 0.1250000000
58968  -33.176  -19.817  44.476 0.2500000000
57427  -35.931  -23.105  27.826 0.1250000000
56504  -36.773  -23.309  28.366 0.1250000000
56517  -35.856  -23.103  26.814 0.1250000000
56518  -36.665  -23.326  27.307 0.1250000000
57453  -37.861  -22.303  25.941 0.1250000000
59916  -32.143  -19.457  43.255 0.2500000000
142074  -31.838  -19.589  42.567 0.2500000000
60805  -32.162  -18.565  43.623 0.2500000000
129772  -31.395  -18.171  41.697 0.2500000000
120820  -35.026  -22.576  26.380 0.1250000000
57451  -36.004  -22.017  25.303 0.1250000000
59174  -35.968  -21.164  24.810 0.1250000000
57452  -36.893  -22.443  25.699 0.1250000000
122536  -37.503  -21.827  25.405 0.1250000000
59183  -35.953  -20.424  24.543 0.1250000000
60950  -35.577  -18.754  24.528 0.2500000000
62838  -36.066  -17.093  23.857 0.3750000000
63704  -37.421  -15.516  23.056 0.1250000000
128580  -38.818  -13.394  22.326 0.1250000000
122248  -38.142  -12.895  22.280 0.1250000000
66466  -39.094  -12.704  22.072 0.1250000000
65521  -39.525  -13.440  22.461 0.1250000000
75885  -52.123  -1.272  23.914 0.1250000000
75084  -52.434  -1.852  23.371 0.1250000000
75886  -52.596  -1.056  23.427 0.1250000000
74219  -51.974  -3.239  22.559 0.2500000000
139542  -52.085  -2.551  23.213 0.1250000000
73313  -50.345  -4.412  21.249 0.2500000000
74229  -50.618  -3.933  21.969 0.2500000000
75092  -52.710  -2.579  22.780 0.2500000000
142709  -51.443  -3.736  22.009 0.2500000000
74230  -52.159  -3.729  21.647 0.2500000000
74231  -52.753  -3.519  21.096 0.2500000000
73314  -51.429  -4.222  21.218 0.3750000000
73322  -51.758  -4.435  20.275 0.3750000000
73323  -52.054  -4.100  19.840 0.3750000000
74240  -51.835  -3.221  18.951 0.3750000000
75111  -51.460  -2.523  18.550 0.3750000000
75110  -50.646  -2.595  18.094 0.3750000000
74234  -52.430  -3.824  20.357 0.3750000000
74237  -52.433  -3.395  19.721 0.3750000000
74236  -51.841  -3.913  19.345 0.3750000000
75105  -52.470  -2.690  19.333 0.3750000000
75104  -52.083  -2.343  18.955 0.3750000000
75906  -51.066  -1.711  18.369 0.3750000000
76611  -47.851  0.206  17.471 0.2500000000
76630  -45.797  -0.182  13.960 0.2500000000
57173  -32.398  -22.503  51.761 0.1250000000
48054  -33.124  -32.176  49.515 0.2500000000
49027  -34.337  -31.039  50.231 0.1250000000
50030  -34.675  -30.371  49.733 0.1250000000
51751  -35.543  -28.534  49.397 0.1250000000
53673  -36.112  -26.596  47.397 0.1250000000
142452  -35.765  -25.774  46.327 0.1250000000
46397  -26.049  -35.382  35.394 0.3750000000
130722  -35.579  -28.397  50.214 0.1250000000
50881  -35.288  -28.968  50.709 0.1250000000
45542  -27.586  -35.776  36.027 0.3750000000
53674  -36.553  -25.965  47.669 0.1250000000
46399  -28.898  -34.771  35.779 0.2500000000
58125  -35.880  -21.911  43.223 0.2500000000
59172  -34.524  -20.653  25.249 0.1250000000
60068  -34.810  -19.893  24.979 0.2500000000
122731  -35.752  -16.881  24.436 0.3750000000
62848  -36.662  -16.814  23.442 0.2500000000
125295  -37.661  -12.054  22.296 0.2500000000
45543  -28.571  -35.477  36.385 0.2500000000
139943  -34.725  -22.034  25.792 0.1250000000
60079  -35.557  -19.716  24.582 0.2500000000
61886  -35.836  -17.838  24.270 0.2500000000
47293  -30.753  -33.048  36.704 0.1250000000
76629  -45.259  -1.086  13.453 0.2500000000
57426  -35.106  -22.791  27.427 0.1250000000
45540  -25.716  -35.759  36.282 0.2500000000
45533  -29.317  -35.419  37.165 0.1250000000
46383  -29.910  -34.908  37.055 0.1250000000
46401  -30.177  -34.288  36.686 0.1250000000
47283  -30.984  -33.422  37.438 0.1250000000
53639  -36.134  -25.585  50.269 0.1250000000
54558  -34.786  -25.103  50.717 0.1250000000
52643  -36.200  -27.235  49.827 0.1250000000
53647  -36.536  -26.711  49.209 0.1250000000
53661  -36.814  -26.195  48.679 0.1250000000
53638  -36.309  -26.434  50.153 0.1250000000
54590  -36.985  -25.383  48.698 0.1250000000
51752  -35.888  -27.939  49.568 0.1250000000
55480  -36.143  -24.701  46.985 0.1250000000
53631  -35.462  -26.166  50.600 0.1250000000
132160  -34.878  -25.742  50.681 0.1250000000
51744  -35.750  -27.682  50.422 0.1250000000
56305  -33.568  -24.107  51.804 0.1250000000
125499  -33.780  -25.065  51.640 0.1250000000
52609  -33.861  -26.836  51.444 0.1250000000
54549  -34.394  -25.692  51.052 0.1250000000
50875  -34.892  -28.783  51.418 0.1250000000
51720  -33.743  -27.483  51.646 0.1250000000
50869  -34.272  -28.615  51.690 0.1250000000
50013  -34.880  -29.617  51.115 0.1250000000
48043  -33.270  -32.189  50.397 0.1250000000
49017  -33.478  -31.557  51.782 0.1250000000
50012  -34.370  -30.232  51.475 0.1250000000
50874  -34.418  -29.440  51.755 0.1250000000
48033  -33.200  -32.114  51.352 0.1250000000
130524  -33.410  -25.167  51.912 0.1250000000
127588  -33.236  -23.805  52.002 0.1250000000
50868  -33.913  -29.212  52.135 0.1250000000
142269  -33.399  -28.253  52.191 0.1250000000
50006  -34.043  -30.061  52.208 0.1250000000
50005  -33.539  -30.546  52.413 0.1250000000
50859  -33.084  -29.164  52.799 0.1250000000
51718  -33.129  -28.215  52.522 0.1250000000
55435  -32.733  -25.245  52.256 0.1250000000
135159  -32.069  -25.105  51.880 0.1250000000
136689  -32.737  -27.746  52.747 0.1250000000
128589  -32.387  -26.848  52.615 0.1250000000
57443  -38.327  -22.732  26.611 0.1250000000
56519  -37.486  -23.433  27.637 0.1250000000
56534  -36.673  -23.110  26.470 0.1250000000
56535  -37.270  -23.307  26.954 0.1250000000
56536  -37.966  -23.274  27.089 0.1250000000
57442  -37.500  -22.944  26.443 0.1250000000
57441  -35.930  -22.748  25.950 0.1250000000
57450  -35.340  -22.256  25.677 0.1250000000
58305  -36.862  -21.499  24.954 0.1250000000
58315  -37.722  -21.270  24.998 0.1250000000
58304  -35.134  -21.483  25.288 0.1250000000
59173  -35.307  -20.568  24.876 0.2500000000
60080  -36.336  -19.895  24.228 0.2500000000
59184  -36.635  -20.649  24.482 0.1250000000
130703  -36.042  -19.249  24.182 0.2500000000
60951  -36.184  -18.572  23.920 0.2500000000
61887  -36.410  -17.754  23.665 0.2500000000
76597  -52.209  -0.488  23.741 0.1250000000
126705  -53.053  -1.756  22.873 0.1250000000
74220  -52.825  -3.177  21.998 0.2500000000
74233  -52.195  -4.043  20.913 0.2500000000
131054  -32.792  -28.602  52.919 0.1250000000
40727  -11.104  -40.378  50.294 0.1250000000
39772  -11.259  -41.415  49.178 0.1250000000
41674  -11.488  -39.720  49.773 0.1250000000
48999  -18.620  -31.478  53.153 0.3750000000
45465  -17.008  -35.727  42.266 0.1250000000
46321  -17.315  -34.736  42.298 0.1250000000
46334  -17.726  -35.013  41.337 0.1250000000
47223  -17.727  -33.857  42.723 0.1250000000
46322  -17.791  -34.052  41.876 0.1250000000
46335  -18.076  -34.268  40.964 0.1250000000
47249  -18.440  -33.503  40.651 0.1250000000
119309  -31.929  -17.483  42.286 0.2500000000
61722  -32.557  -16.802  41.798 0.2500000000
62645  -32.517  -16.723  40.927 0.2500000000
62646  -33.423  -16.558  40.559 0.2500000000
133055  -33.226  -16.587  41.307 0.2500000000
62663  -34.526  -16.604  39.234 0.2500000000
61774  -41.563  -17.144  34.868 0.2500000000
133217  -18.752  -31.482  52.354 0.3750000000
70614  -45.025  -7.294  28.937 0.2500000000
40740  -11.236  -40.550  49.406 0.1250000000
39771  -10.898  -41.213  49.899 0.1250000000
47104  -31.132  -33.125  52.499 0.2500000000
48013  -29.924  -32.616  54.029 0.1250000000
48014  -30.592  -32.509  53.762 0.1250000000
47996  -28.295  -32.164  56.166 0.1250000000
48004  -28.440  -32.487  55.404 0.1250000000
48005  -29.284  -32.478  54.712 0.1250000000
47094  -30.154  -32.853  53.504 0.1250000000
47103  -30.354  -33.174  52.810 0.1250000000
47990  -27.764  -32.119  56.646 0.1250000000
137076  -28.641  -32.815  54.601 0.1250000000
140150  -29.186  -33.176  53.404 0.1250000000
119149  -29.703  -33.422  52.296 0.1250000000
47111  -30.447  -33.460  51.874 0.1250000000
121636  -28.990  -33.307  52.790 0.1250000000
47110  -29.697  -33.585  51.288 0.1250000000
119148  -28.965  -33.517  50.707 0.1250000000
47122  -29.637  -33.696  50.438 0.2500000000
48015  -31.312  -32.352  53.505 0.1250000000
48022  -32.321  -32.327  52.580 0.2500000000
47095  -30.907  -32.813  53.229 0.1250000000
48031  -31.902  -32.921  52.154 0.2500000000
48968  -28.691  -31.724  56.135 0.1250000000
47997  -28.899  -32.097  55.583 0.1250000000
47112  -31.296  -33.349  51.427 0.2500000000
48959  -28.313  -31.503  56.682 0.1250000000
49963  -26.459  -30.450  57.795 0.1250000000
50830  -26.816  -29.800  57.644 0.1250000000
49972  -27.920  -30.714  57.163 0.1250000000
50835  -28.317  -29.804  56.699 0.1250000000
51693  -27.072  -29.205  57.249 0.1250000000
47113  -32.118  -33.049  51.228 0.2500000000
48960  -28.879  -31.222  56.230 0.1250000000
127631  -31.703  -33.290  50.685 0.2500000000
47125  -32.213  -33.050  50.377 0.2500000000
138347  -32.221  -33.009  49.708 0.2500000000
52580  -26.752  -28.451  56.900 0.1250000000
50174  -31.669  -31.009  37.131 0.1250000000
121587  -35.818  -22.089  43.862 0.1250000000
58113  -35.721  -21.897  44.759 0.1250000000
118969  -35.495  -21.156  46.027 0.1250000000
58971  -35.741  -21.612  44.078 0.1250000000
122311  -35.292  -20.730  46.923 0.1250000000
58957  -35.643  -21.447  45.129 0.1250000000
58956  -35.412  -20.966  45.482 0.1250000000
59893  -34.963  -19.586  48.142 0.1250000000
58948  -34.964  -20.013  47.258 0.1250000000
59892  -34.650  -19.141  47.552 0.1250000000
60774  -34.915  -18.725  48.333 0.1250000000
123140  -35.848  -17.284  49.577 0.1250000000
62554  -35.967  -16.714  48.708 0.1250000000
118872  -34.879  -20.543  45.265 0.1250000000
61675  -35.025  -17.702  48.224 0.1250000000
128787  -34.740  -20.660  44.349 0.1250000000
59906  -34.256  -19.900  45.773 0.1250000000
60773  -34.557  -18.196  47.601 0.1250000000
60783  -34.179  -18.621  46.901 0.1250000000
62548  -36.392  -16.258  49.336 0.1250000000
59905  -33.510  -19.451  45.294 0.1250000000
60790  -33.834  -19.043  46.118 0.1250000000
61674  -34.631  -17.420  47.411 0.1250000000
62553  -35.446  -16.979  48.266 0.1250000000
61682  -34.185  -17.716  46.913 0.1250000000
60798  -32.885  -18.956  44.788 0.1250000000
60789  -33.309  -18.518  45.513 0.1250000000
60782  -33.737  -18.125  46.268 0.1250000000
63485  -37.211  -15.450  48.734 0.1250000000
63491  -36.520  -15.921  48.270 0.1250000000
62563  -35.811  -16.323  47.706 0.1250000000
62562  -35.066  -16.891  47.565 0.1250000000
62568  -35.338  -16.389  46.861 0.1250000000
59910  -32.532  -19.300  44.041 0.1250000000
61690  -33.504  -17.479  45.539 0.1250000000
61681  -33.955  -17.355  46.291 0.1250000000
62561  -34.549  -16.918  46.726 0.1250000000
63499  -36.670  -15.796  47.295 0.1250000000
62569  -36.095  -16.062  46.860 0.1250000000
123109  -35.914  -16.170  46.116 0.1250000000
62578  -33.899  -16.749  44.971 0.1250000000
130994  -34.725  -16.509  45.164 0.1250000000
61712  -32.148  -17.693  43.215 0.1250000000
61696  -32.456  -17.830  44.019 0.1250000000
62580  -34.989  -16.422  46.020 0.1250000000
63508  -36.828  -15.922  46.351 0.1250000000
62591  -35.299  -16.449  44.507 0.1250000000
119249  -35.616  -16.337  45.284 0.1250000000
122993  -35.044  -16.511  43.887 0.1250000000
62606  -34.398  -16.581  43.557 0.1250000000
62605  -33.599  -16.808  44.090 0.1250000000
62590  -34.481  -16.560  44.360 0.1250000000
61704  -32.830  -17.135  43.593 0.1250000000
63509  -37.844  -15.876  45.779 0.1250000000
138867  -36.126  -16.405  44.558 0.1250000000
62581  -36.705  -16.181  45.341 0.1250000000
137849  -35.818  -16.540  43.827 0.1250000000
62621  -33.578  -16.693  43.124 0.1250000000
62622  -34.508  -16.601  42.693 0.1250000000
62607  -35.216  -16.609  43.221 0.1250000000
119838  -33.613  -16.599  42.088 0.1250000000
62582  -37.563  -16.192  44.927 0.1250000000
62593  -37.858  -16.458  44.252 0.1250000000
119130  -36.049  -16.708  42.999 0.1250000000
62608  -36.587  -16.649  43.599 0.1250000000
62623  -35.420  -16.683  42.408 0.1250000000
119295  -34.753  -16.607  41.813 0.1250000000
119129  -36.251  -16.902  42.184 0.1250000000
121621  -34.117  -16.594  41.156 0.1250000000
60081  -37.256  -19.976  24.070 0.1250000000
60092  -36.663  -19.232  23.843 0.1250000000
62609  -37.361  -16.719  43.585 0.1250000000
62624  -36.929  -16.892  42.815 0.1250000000
62610  -38.126  -16.760  43.514 0.1250000000
62635  -35.639  -16.811  41.607 0.1250000000
119121  -35.520  -16.837  40.299 0.1250000000
136355  -35.826  -16.943  40.934 0.1250000000
63584  -44.219  -15.505  36.807 0.1250000000
60963  -36.891  -18.465  23.574 0.1250000000
119128  -37.025  -17.122  41.949 0.1250000000
135919  -37.546  -17.071  42.436 0.1250000000
119127  -37.831  -17.175  41.798 0.1250000000
119125  -36.403  -17.057  41.363 0.1250000000
119124  -37.213  -17.200  41.099 0.1250000000
62664  -35.187  -16.742  39.689 0.1250000000
63583  -43.605  -15.904  36.315 0.1250000000
63588  -43.735  -15.088  36.222 0.1250000000
63587  -43.174  -15.599  35.708 0.1250000000
64514  -43.234  -14.621  35.626 0.1250000000
65387  -43.333  -13.576  35.562 0.1250000000
63593  -42.147  -15.873  34.534 0.1250000000
63594  -42.646  -15.190  35.099 0.1250000000
64523  -42.637  -13.990  34.994 0.1250000000
64534  -42.083  -13.871  34.328 0.1250000000
64547  -40.991  -14.303  32.997 0.1250000000
119120  -36.452  -17.087  40.431 0.1250000000
119119  -37.465  -17.232  40.136 0.1250000000
119116  -35.959  -16.950  39.552 0.1250000000
142732  -36.764  -17.138  39.660 0.1250000000
62679  -35.321  -16.767  39.143 0.1250000000
62721  -43.007  -16.263  35.840 0.1250000000
62720  -42.378  -16.560  35.326 0.1250000000
62735  -42.579  -16.074  35.186 0.1250000000
62747  -41.379  -16.902  33.373 0.1250000000
65407  -42.489  -12.988  34.383 0.1250000000
65406  -41.858  -13.365  33.858 0.1250000000
66366  -42.656  -11.938  33.056 0.1250000000
65416  -41.383  -13.329  33.079 0.1250000000
66365  -41.867  -12.343  32.674 0.1250000000
119112  -35.820  -16.904  38.705 0.1250000000
136122  -36.590  -17.081  38.957 0.1250000000
62710  -43.385  -16.418  36.464 0.1250000000
61775  -41.878  -16.826  34.714 0.1250000000
61786  -41.710  -16.791  34.130 0.1250000000
66351  -43.218  -12.351  34.661 0.1250000000
61763  -42.724  -16.680  36.055 0.1250000000
61762  -42.139  -16.908  35.421 0.1250000000
143031  -42.260  -16.933  36.047 0.1250000000
67297  -42.493  -11.693  32.182 0.1250000000
61761  -41.704  -17.080  35.686 0.1250000000
68205  -38.418  -10.514  21.805 0.2500000000
69811  -43.725  -8.625  18.607 0.1250000000
73358  -47.229  -4.660  13.662 0.1250000000
120170  -46.588  -4.411  15.178 0.1250000000
75895  -53.003  -2.095  19.533 0.2500000000
76609  -53.085  -0.490  19.283 0.2500000000
130573  -52.322  -0.510  18.811 0.2500000000
75900  -52.663  -1.581  19.139 0.2500000000
76615  -51.503  -0.939  18.531 0.2500000000
73343  -46.026  -3.974  15.310 0.1250000000
73357  -46.359  -4.536  13.726 0.1250000000
75100  -52.914  -2.678  19.744 0.2500000000
75896  -53.321  -1.315  19.586 0.2500000000
77386  -52.848  0.366  19.125 0.2500000000
76608  -51.437  -0.076  18.535 0.2500000000
77384  -51.283  0.894  18.519 0.2500000000
77392  -50.459  0.284  18.342 0.1250000000
128044  -50.280  1.210  18.288 0.1250000000
74253  -46.100  -3.467  15.861 0.1250000000
125926  -45.254  -3.133  14.587 0.1250000000
74256  -45.573  -3.794  14.609 0.1250000000
73356  -45.640  -4.185  13.792 0.1250000000
73368  -46.428  -5.044  12.256 0.1250000000
77390  -48.456  0.931  17.623 0.1250000000
75123  -45.184  -2.427  14.874 0.1250000000
74260  -45.216  -3.480  13.937 0.1250000000
74268  -45.170  -3.804  13.035 0.1250000000
73383  -45.847  -4.670  11.893 0.1250000000
78213  -47.464  1.309  16.693 0.1250000000
126926  -45.445  -4.165  12.297 0.1250000000
75142  -45.234  -2.789  11.636 0.1250000000
74280  -45.473  -3.830  11.406 0.1250000000
58984  -34.617  -20.773  43.427 0.1250000000
119131  -41.013  -17.052  36.131 0.1250000000
60813  -31.715  -18.602  42.710 0.1250000000
63602  -42.107  -14.821  34.451 0.1250000000
69812  -44.434  -8.855  18.319 0.1250000000
71582  -44.535  -7.099  18.432 0.2500000000
119150  -28.999  -33.391  51.710 0.1250000000
132375  -26.991  -31.534  57.348 0.1250000000
132055  -27.567  -31.572  57.138 0.1250000000
73344  -47.245  -4.655  15.390 0.1250000000
75134  -45.009  -2.685  12.618 0.1250000000
77389  -47.748  0.968  17.205 0.1250000000
135326  -46.145  0.374  15.432 0.1250000000
49964  -27.233  -30.397  57.570 0.1250000000
119126  -35.082  -16.723  40.997 0.1250000000
77391  -49.442  0.761  18.074 0.1250000000
75097  -53.084  -2.986  20.354 0.2500000000
75899  -51.889  -1.601  18.723 0.2500000000
61713  -32.686  -16.946  42.713 0.1250000000
131597  -29.383  -32.941  53.903 0.1250000000
136205  -29.639  -33.167  53.149 0.1250000000
49973  -28.804  -30.571  56.459 0.1250000000
50834  -27.578  -29.799  57.239 0.1250000000
51699  -27.653  -28.961  56.610 0.1250000000
129239  -35.005  -20.463  46.228 0.1250000000
59900  -34.477  -19.566  46.679 0.1250000000
58969  -33.988  -20.192  44.908 0.1250000000
61697  -32.866  -17.951  44.799 0.1250000000
62579  -34.205  -16.796  45.809 0.1250000000
133151  -33.302  -17.208  44.752 0.1250000000
62734  -42.076  -16.510  34.631 0.1250000000
65396  -42.976  -13.050  35.063 0.1250000000
66356  -42.138  -12.612  33.532 0.1250000000
73350  -46.144  -4.329  14.547 0.1250000000
73359  -48.018  -4.587  13.414 0.1250000000
76605  -53.585  -0.423  19.752 0.2500000000
77385  -52.193  0.576  18.780 0.2500000000
123858  -46.682  -4.816  12.981 0.1250000000
75101  -53.426  -2.106  19.936 0.2500000000
142294  -49.643  1.417  18.046 0.1250000000
73367  -45.827  -4.582  12.855 0.1250000000
78208  -48.245  1.699  17.133 0.1250000000
78209  -49.064  1.580  17.718 0.1250000000
128185  -45.193  -3.510  12.198 0.1250000000
42519  -6.296  -38.746  57.042 0.2500000000
132809  -5.353  -38.670  55.334 0.1250000000
42533  -5.434  -37.940  54.954 0.1250000000
121278  -6.440  -38.059  56.888 0.1250000000
43421  -6.045  -37.768  56.296 0.1250000000
43426  -5.744  -37.446  55.494 0.1250000000
43432  -5.366  -37.793  54.023 0.1250000000
44351  -5.805  -36.532  54.162 0.1250000000
43408  -7.456  -37.270  58.258 0.1250000000
43417  -6.599  -37.366  56.799 0.1250000000
43409  -7.815  -37.114  58.807 0.1250000000
44341  -7.084  -36.821  57.625 0.1250000000
140182  -8.712  -37.091  59.781 0.1250000000
45317  -18.804  -34.641  55.111 0.1250000000
130936  -16.301  -26.917  53.947 0.2500000000
50001  -17.939  -30.197  52.496 0.2500000000
56476  -30.211  -23.754  30.770 0.1250000000
124038  -30.627  -23.293  30.047 0.1250000000
56478  -32.224  -23.524  30.182 0.1250000000
122592  -33.731  -22.349  28.796 0.1250000000
57394  -32.162  -22.459  29.224 0.1250000000
57410  -32.768  -22.054  28.521 0.1250000000
119280  -33.618  -22.116  27.850 0.1250000000
56460  -30.882  -24.377  30.807 0.1250000000
56459  -30.532  -24.320  31.487 0.1250000000
121325  -5.849  -39.119  56.774 0.2500000000
43404  -8.346  -37.230  59.322 0.1250000000
43413  -6.827  -38.071  57.349 0.1250000000
42526  -5.947  -38.518  56.535 0.1250000000
122201  -5.648  -38.227  55.797 0.1250000000
43433  -5.574  -37.200  54.598 0.1250000000
127884  -7.034  -37.201  57.487 0.1250000000
44329  -7.595  -36.966  58.622 0.1250000000
44330  -8.105  -37.002  59.209 0.1250000000
57395  -33.152  -22.485  29.385 0.1250000000
57376  -33.623  -22.697  30.058 0.1250000000
37828  -9.385  -43.187  56.676 0.1250000000
38760  -8.222  -41.929  58.145 0.1250000000
38761  -8.792  -42.589  57.503 0.1250000000
136083  -8.720  -41.780  57.206 0.1250000000
38767  -9.151  -42.371  56.445 0.1250000000
38773  -9.542  -42.167  55.598 0.1250000000
38780  -10.269  -42.125  53.984 0.1250000000
40666  -9.482  -40.815  56.780 0.1250000000
40675  -9.893  -40.957  56.010 0.1250000000
39721  -9.987  -41.808  54.918 0.1250000000
141995  -10.222  -42.990  53.913 0.1250000000
37847  -10.436  -43.630  53.421 0.1250000000
38787  -10.354  -42.770  53.161 0.1250000000
125123  -10.652  -43.511  52.432 0.1250000000
132144  -10.528  -42.289  51.624 0.1250000000
40700  -10.810  -41.136  52.575 0.1250000000
44568  -26.895  -36.491  37.639 0.1250000000
45530  -26.309  -36.238  36.944 0.1250000000
45531  -27.159  -36.296  36.764 0.1250000000
54522  -16.352  -25.247  55.400 0.1250000000
120203  -27.921  -36.110  36.756 0.1250000000
53594  -16.199  -25.961  55.195 0.1250000000
52583  -16.410  -27.551  55.529 0.1250000000
51702  -17.101  -28.831  55.459 0.1250000000
132418  -16.267  -26.795  54.901 0.1250000000
49984  -17.856  -29.937  54.414 0.1250000000
51706  -16.790  -28.342  54.289 0.1250000000
49985  -18.210  -30.590  54.145 0.1250000000
49993  -17.788  -29.926  53.503 0.1250000000
50851  -16.867  -28.568  53.572 0.1250000000
66485  -39.113  -11.970  21.733 0.1250000000
67405  -38.765  -11.330  21.661 0.1250000000
67407  -40.439  -11.707  21.773 0.1250000000
70610  -46.208  -7.191  29.957 0.1250000000
71505  -46.332  -6.384  29.776 0.1250000000
71504  -45.666  -6.809  29.367 0.1250000000
70611  -46.917  -6.733  30.431 0.1250000000
71506  -46.885  -5.998  30.132 0.1250000000
72396  -46.535  -5.575  29.576 0.1250000000
73250  -46.833  -4.720  29.295 0.1250000000
73251  -47.629  -4.267  29.605 0.1250000000
70702  -45.853  -7.599  18.149 0.1250000000
71594  -49.477  -7.439  16.512 0.1250000000
128316  -53.335  -2.391  22.219 0.1250000000
142493  -53.489  -1.650  22.325 0.1250000000
76600  -53.308  -0.512  22.130 0.1250000000
75094  -53.392  -2.805  21.329 0.1250000000
75893  -53.762  -1.237  20.145 0.1250000000
77387  -53.295  0.292  19.533 0.1250000000
137248  -53.152  0.504  21.520 0.1250000000
130256  -53.577  0.528  20.326 0.1250000000
78200  -52.997  0.975  19.398 0.1250000000
124160  -52.632  1.049  19.059 0.1250000000
78174  -53.070  1.443  20.497 0.1250000000
78187  -52.993  1.525  19.685 0.1250000000
79082  -52.567  2.140  19.385 0.1250000000
78199  -52.624  1.592  19.215 0.1250000000
78198  -52.001  1.527  18.785 0.1250000000
79094  -51.367  2.388  18.609 0.1250000000
79093  -50.553  2.515  18.190 0.1250000000
79967  -52.400  2.676  19.537 0.1250000000
79064  -52.325  2.591  20.646 0.1250000000
79081  -52.127  2.230  18.967 0.1250000000
78211  -50.948  1.788  18.419 0.1250000000
78210  -49.883  2.031  17.975 0.1250000000
53601  -16.225  -26.023  54.267 0.1250000000
127108  -16.519  -27.815  53.714 0.1250000000
126290  -10.483  -42.515  52.310 0.1250000000
48042  -32.696  -32.626  50.840 0.1250000000
75098  -53.713  -2.104  20.665 0.1250000000
77382  -53.336  0.825  19.816 0.1250000000
75891  -53.849  -1.181  20.990 0.1250000000
50852  -17.268  -29.221  53.478 0.1250000000
52588  -16.483  -27.618  54.571 0.1250000000
138220  -17.044  -28.758  54.725 0.1250000000
139960  -17.506  -29.471  54.050 0.1250000000
67406  -39.581  -11.468  21.574 0.1250000000
75889  -53.642  -1.114  21.895 0.1250000000
77366  -52.580  0.576  21.974 0.1250000000
77367  -53.466  0.112  21.502 0.1250000000
139838  -53.711  0.198  20.883 0.1250000000
78167  -53.019  1.105  21.144 0.1250000000
39714  -9.714  -41.484  55.601 0.1250000000
41596  -14.933  -38.623  57.814 0.3750000000
42535  -15.886  -37.590  55.666 0.3750000000
42540  -14.405  -38.500  54.229 0.6250000000
43410  -16.960  -37.601  59.241 0.1250000000
43414  -7.183  -37.476  57.730 0.1250000000
43418  -16.569  -37.328  57.126 0.1250000000
43428  -16.987  -36.923  55.473 0.1250000000
43436  -16.951  -36.871  54.772 0.2500000000
44335  -7.262  -37.067  58.048 0.1250000000
44340  -6.844  -36.940  57.113 0.1250000000
44343  -6.083  -37.027  56.084 0.1250000000
44346  -5.920  -36.663  55.227 0.1250000000
44358  -16.783  -36.699  52.961 0.6250000000
44359  -17.121  -36.587  53.528 0.6250000000
44411  -16.316  -36.054  49.502 0.6250000000
44466  -14.419  -36.793  45.035 0.1250000000
45332  -18.711  -34.765  53.461 0.2500000000
45380  -16.591  -35.408  48.101 0.6250000000
47084  -18.309  -33.524  55.292 0.1250000000
47107  -26.555  -32.452  50.590 0.3750000000
47172  -18.463  -32.933  46.271 0.7500000000
47177  -30.524  -33.461  46.033 1.0000000000
47225  -26.775  -32.987  42.743 1.0000000000
48001  -25.548  -32.289  55.491 0.2500000000
48026  -19.002  -33.008  51.851 0.5000000000
48071  -18.372  -32.429  47.911 0.8750000000
48075  -26.484  -32.589  47.555 0.6250000000
48101  -31.167  -32.599  45.196 0.8750000000
48184  -29.198  -32.276  39.541 1.0000000000
48947  -27.151  -31.054  57.571 0.1250000000
49000  -18.834  -32.158  52.900 0.5000000000
49013  -18.810  -31.467  51.540 0.6250000000
49136  -24.014  -30.786  42.573 0.8750000000
49139  -31.131  -31.601  41.730 1.0000000000
49994  -18.273  -30.710  53.301 0.1250000000
50016  -18.431  -30.710  50.261 0.6250000000
50035  -17.943  -30.249  48.860 0.8750000000
50075  -18.448  -30.558  44.792 0.8750000000
50099  -23.134  -30.605  42.510 1.0000000000
50842  -17.144  -28.964  54.136 0.1250000000
50843  -21.844  -29.607  54.521 0.1250000000
50878  -17.391  -29.567  50.198 0.6250000000
51701  -16.722  -28.243  55.116 0.1250000000
51741  -16.544  -28.370  49.900 0.6250000000
51767  -16.951  -27.755  46.734 1.0000000000
51848  -20.007  -28.312  39.993 1.0000000000
51850  -21.208  -27.753  39.808 1.0000000000
52574  -22.977  -27.639  57.327 0.1250000000
52597  -32.648  -27.067  52.656 0.1250000000
52600  -33.455  -26.855  51.860 0.1250000000
52630  -35.266  -27.413  50.857 0.1250000000
52663  -16.532  -27.539  48.120 0.8750000000
52738  -20.969  -27.613  40.539 1.0000000000
53611  -32.492  -26.299  52.378 0.1250000000
53622  -34.088  -26.266  51.251 0.1250000000
53625  -16.305  -26.132  51.298 0.5000000000
53666  -16.708  -26.676  48.214 0.7500000000
53668  -18.282  -25.962  47.145 0.8750000000
53689  -18.862  -26.788  44.960 1.0000000000
53696  -34.938  -26.131  45.159 0.2500000000
54537  -32.426  -25.998  52.277 0.1250000000
54538  -32.837  -25.695  52.288 0.1250000000
54541  -33.592  -25.721  51.723 0.1250000000
55439  -33.587  -24.230  51.793 0.1250000000
55448  -34.573  -24.455  50.941 0.1250000000
55502  -35.588  -24.505  44.619 0.1250000000
55592  -31.233  -24.812  31.258 0.1250000000
56303  -32.985  -24.027  52.645 0.1250000000
56304  -33.087  -24.418  52.159 0.1250000000
56342  -35.823  -23.499  47.744 0.1250000000
56386  -37.261  -23.681  41.915 0.6250000000
57161  -33.558  -22.837  51.748 0.1250000000
57245  -36.351  -22.453  41.935 0.5000000000
57280  -34.789  -22.976  37.601 1.0000000000
58293  -32.792  -20.890  26.535 0.5000000000
60033  -30.593  -19.551  29.707 0.6250000000
60797  -32.518  -18.517  44.278 0.1250000000
62583  -38.373  -16.067  44.923 0.1250000000
62592  -36.951  -16.443  44.331 0.1250000000
62756  -33.430  -16.702  32.247 0.8750000000
64628  -35.698  -14.331  25.104 0.6250000000
64658  -37.698  -14.292  22.718 0.2500000000
67377  -36.741  -11.909  23.894 0.5000000000
68116  -45.559  -10.036  31.132 0.1250000000
68946  -42.172  -9.280  25.844 0.8750000000
69722  -42.942  -8.360  26.435 0.6250000000
69745  -38.931  -8.630  23.907 0.7500000000
70700  -44.143  -7.922  18.310 0.2500000000
72416  -44.397  -5.273  27.368 0.7500000000
75095  -53.727  -1.926  21.595 0.1250000000
75888  -53.202  -1.084  22.668 0.1250000000
76602  -53.731  -0.424  21.324 0.1250000000
76603  -53.831  -0.277  20.435 0.1250000000
76622  -45.538  -0.805  15.447 0.2500000000
76625  -45.356  -0.882  14.549 0.3750000000
77359  -52.979  -0.028  22.201 0.1250000000
78168  -53.409  0.768  20.851 0.1250000000
78175  -53.266  1.167  20.184 0.1250000000
120784  -36.412  -23.648  43.345 0.5000000000
121895  -22.184  -29.963  54.864 0.1250000000
121935  -18.239  -35.067  51.057 0.6250000000
123033  -18.618  -33.671  53.341 0.1250000000
124656  -51.846  0.004  24.713 0.1250000000
126208  -17.444  -29.336  54.797 0.1250000000
127306  -18.468  -32.781  49.255 0.8750000000
127860  -53.625  0.240  19.916 0.2500000000
128196  -36.759  -24.598  48.777 0.1250000000
128895  -33.502  -23.893  51.830 0.1250000000
129405  -33.682  -20.558  43.134 0.5000000000
129502  -35.757  -24.565  46.182 0.1250000000
130230  -44.998  -2.964  13.428 0.1250000000
130646  -34.131  -27.351  51.320 0.1250000000
131127  -18.594  -32.702  53.425 0.2500000000
131438  -16.284  -27.193  52.969 0.3750000000
133499  -16.368  -26.865  49.059 0.7500000000
133638  -16.287  -27.583  50.999 0.5000000000
133639  -16.336  -27.743  51.772 0.3750000000
133728  -18.259  -33.363  54.507 0.1250000000
133811  -16.721  -24.817  53.139 0.3750000000
135039  -37.654  -16.939  42.997 0.1250000000
135618  -48.359  -0.291  17.681 0.3750000000
136183  -49.443  1.432  26.813 0.1250000000
136302  -45.478  -3.151  24.023 0.7500000000
136523  -25.254  -32.153  47.905 0.6250000000
136644  -36.861  -17.180  35.136 0.6250000000
136680  -18.092  -36.273  54.788 0.2500000000
137318  -19.558  -26.701  46.436 1.0000000000
137530  -17.037  -29.119  52.261 0.3750000000
138081  -32.946  -17.340  44.273 0.1250000000
138254  -18.407  -30.882  52.630 0.3750000000
138313  -30.476  -33.814  49.254 0.5000000000
139792  -34.638  -28.154  51.386 0.1250000000
140242  -24.209  -31.104  56.574 0.1250000000
140394  -6.893  -37.655  57.257 0.1250000000
140663  -16.675  -26.291  48.720 0.7500000000
140802  -52.158  -3.325  19.334 0.3750000000
141374  -32.154  -20.588  38.817 0.7500000000
141407  -23.028  -28.237  57.063 0.1250000000
142261  -25.879  -32.489  54.976 0.2500000000
142331  -41.565  -7.001  24.743 0.7500000000
142393  -36.375  -16.523  44.074 0.1250000000
142488  -15.941  -37.602  56.204 0.5000000000
142608  -35.803  -25.633  39.651 1.0000000000
142693  -33.659  -24.483  51.840 0.1250000000
