#!ascii label  , from subject sub-v2s7x29671_ses-1 vox2ras=TkReg
3151
42497  2.478  -38.939  61.970 0.6250000000
132373  2.117  -38.543  62.025 0.6250000000
43263  1.978  -38.206  62.068 0.5000000000
133523  2.062  -38.945  61.555 0.6250000000
42498  1.929  -38.747  61.448 0.5000000000
42499  1.819  -38.465  61.410 0.5000000000
42504  2.720  -39.291  61.355 0.6250000000
42505  2.079  -39.306  61.237 0.6250000000
42506  1.864  -39.241  60.934 0.5000000000
43270  1.618  -38.675  60.814 0.2500000000
41642  1.917  -39.965  60.589 0.5000000000
42507  1.626  -39.072  60.714 0.3750000000
42508  1.055  -38.826  60.162 0.2500000000
41644  1.229  -39.610  60.196 0.3750000000
41643  1.528  -39.804  60.406 0.5000000000
122761  0.869  -39.798  59.909 0.2500000000
119765  0.670  -39.072  59.705 0.2500000000
44147  5.802  -37.956  62.000 0.6250000000
43259  4.845  -38.387  62.275 0.6250000000
43260  3.924  -38.591  62.489 0.6250000000
43267  5.052  -38.275  61.380 0.6250000000
43268  4.215  -38.766  61.750 0.6250000000
43261  3.061  -38.585  62.560 0.6250000000
43262  2.412  -38.326  62.490 0.6250000000
143609  2.172  -38.084  62.451 0.6250000000
43269  3.325  -39.017  61.983 0.6250000000
43277  4.430  -38.670  60.774 0.6250000000
42513  3.853  -39.166  60.204 0.6250000000
42503  3.578  -39.118  61.177 0.6250000000
43284  0.587  -38.396  59.597 0.2500000000
43271  1.410  -38.505  60.605 0.2500000000
42514  3.010  -39.576  60.594 0.7500000000
42515  2.206  -39.788  60.787 0.6250000000
43289  0.249  -38.283  58.812 0.2500000000
43278  1.034  -38.494  60.155 0.2500000000
41652  1.000  -40.171  59.972 0.5000000000
40818  0.704  -40.540  59.587 0.2500000000
41653  0.457  -39.892  59.519 0.3750000000
40822  1.764  -41.802  59.217 0.2500000000
131723  1.121  -41.652  59.263 0.3750000000
129993  2.373  -41.342  58.943 0.2500000000
39903  0.509  -42.763  58.546 0.3750000000
138301  6.910  -37.079  61.429 0.6250000000
139810  6.280  -37.469  61.512 0.6250000000
44150  6.358  -37.213  60.852 0.6250000000
44151  5.732  -37.692  61.082 0.6250000000
123107  5.897  -37.521  60.378 0.7500000000
43276  5.243  -38.091  60.340 0.7500000000
43283  4.588  -38.654  59.810 0.7500000000
44152  0.850  -37.671  60.136 0.2500000000
43282  5.170  -38.261  59.465 1.0000000000
133330  0.416  -37.593  59.285 0.2500000000
42519  4.052  -39.184  59.230 0.8750000000
123077  0.342  -39.108  59.232 0.2500000000
42520  3.312  -39.747  59.638 0.7500000000
41651  1.156  -40.372  60.047 0.6250000000
42526  3.504  -39.779  58.621 0.5000000000
41649  2.493  -40.215  60.086 0.6250000000
42521  0.085  -39.806  58.898 0.2500000000
41659  2.802  -40.532  59.047 0.3750000000
41661  1.333  -40.997  59.692 0.5000000000
41670  3.165  -40.415  58.099 0.3750000000
134897  7.535  -36.716  61.357 0.6250000000
118509  6.439  -37.113  60.060 0.6250000000
44156  0.153  -37.505  58.333 0.2500000000
44155  5.805  -37.677  59.544 1.0000000000
44167  0.031  -37.485  57.297 0.2500000000
43296  0.039  -38.180  57.868 0.2500000000
43288  4.718  -38.667  58.925 1.0000000000
43304  -0.011  -38.146  56.936 0.2500000000
137551  4.844  -38.453  57.284 0.8750000000
131439  4.804  -38.547  58.060 0.5000000000
42525  4.158  -39.150  58.280 0.6250000000
42527  -0.057  -38.854  57.498 0.2500000000
118234  6.007  -38.098  53.732 0.3750000000
118233  5.606  -38.633  54.140 0.1250000000
118494  5.269  -38.160  55.292 0.3750000000
118593  4.999  -38.256  55.987 0.3750000000
42531  3.576  -39.815  57.532 0.2500000000
118250  6.235  -37.279  54.281 0.5000000000
118256  6.747  -36.819  53.635 0.5000000000
118240  6.410  -37.431  53.512 0.2500000000
118574  9.394  -35.804  60.814 0.5000000000
135066  8.372  -35.920  59.641 0.5000000000
118652  7.109  -36.704  60.645 0.6250000000
118237  7.771  -36.266  60.115 0.7500000000
118772  8.175  -35.916  58.993 0.7500000000
118251  7.677  -36.241  59.324 0.7500000000
118407  7.077  -36.626  58.898 0.8750000000
43287  5.360  -38.130  58.730 1.0000000000
134968  7.659  -36.156  58.567 0.8750000000
118624  6.569  -37.021  58.525 1.0000000000
44161  6.001  -37.525  58.611 1.0000000000
43294  5.464  -37.902  57.766 1.0000000000
118241  5.895  -37.474  57.023 0.7500000000
143793  6.629  -36.809  56.415 0.7500000000
45880  8.309  -35.748  52.465 0.3750000000
45053  7.666  -36.362  52.512 0.5000000000
118249  5.622  -37.621  56.086 0.5000000000
118257  6.909  -36.565  55.904 0.7500000000
45052  8.124  -36.267  51.984 0.2500000000
127378  7.251  -36.905  52.590 0.3750000000
118254  7.189  -36.535  53.069 0.5000000000
118444  6.937  -36.518  54.419 0.5000000000
118243  5.874  -37.473  55.183 0.5000000000
118253  10.304  -35.431  59.486 0.5000000000
118453  9.298  -35.646  59.866 0.5000000000
118248  10.031  -35.414  58.639 0.5000000000
135071  8.829  -35.682  59.074 0.7500000000
118517  9.541  -35.546  59.107 0.5000000000
118247  8.408  -35.737  58.327 0.7500000000
118575  7.741  -36.036  57.799 0.8750000000
118230  7.002  -36.576  58.018 1.0000000000
118612  7.913  -35.973  56.941 0.7500000000
118246  6.625  -36.856  57.117 0.8750000000
118238  8.445  -35.710  56.179 0.8750000000
123231  7.165  -36.439  56.634 0.7500000000
45871  7.719  -35.961  53.112 0.5000000000
118460  8.078  -35.824  55.390 0.8750000000
125254  7.298  -36.267  55.247 0.8750000000
118546  7.350  -36.242  53.740 0.6250000000
118259  7.764  -35.928  54.509 0.6250000000
45879  8.985  -35.361  52.129 0.5000000000
45869  9.002  -35.242  52.841 0.6250000000
134116  7.902  -35.804  53.752 0.6250000000
124876  12.060  -34.678  57.260 0.6250000000
118913  10.454  -35.259  58.122 0.6250000000
135029  10.408  -35.168  57.444 0.7500000000
118457  9.788  -35.353  57.934 0.7500000000
46697  11.124  -34.930  56.938 0.6250000000
135113  9.025  -35.518  57.749 0.7500000000
118550  9.408  -35.418  56.211 0.8750000000
118606  8.477  -35.600  54.832 0.8750000000
133131  9.708  -35.055  50.975 0.3750000000
46773  9.954  -34.681  51.472 0.7500000000
45860  8.465  -35.547  54.129 0.7500000000
47716  10.816  -34.149  49.625 0.1250000000
46784  10.175  -34.621  50.712 0.5000000000
46709  11.792  -34.732  56.352 0.6250000000
129241  12.956  -34.429  57.147 0.5000000000
46710  11.029  -35.015  56.045 0.8750000000
46723  11.687  -34.716  55.535 0.7500000000
46711  10.231  -35.193  55.710 0.8750000000
46734  11.696  -34.560  54.612 0.8750000000
46725  10.100  -35.093  54.872 0.8750000000
120812  9.569  -35.317  55.377 1.0000000000
46748  10.506  -34.631  53.457 1.0000000000
45851  9.214  -35.315  54.633 1.0000000000
122567  10.252  -34.541  52.766 0.7500000000
46736  9.899  -34.983  54.031 0.8750000000
47687  11.141  -33.647  50.990 0.7500000000
46760  10.406  -34.345  52.067 0.7500000000
45859  9.107  -35.233  53.696 0.8750000000
46801  11.147  -34.052  48.903 0.2500000000
143020  11.208  -33.531  50.423 0.6250000000
46772  10.563  -34.166  51.244 0.7500000000
46722  13.042  -34.309  55.772 0.5000000000
46708  12.560  -34.498  56.484 0.5000000000
47647  12.993  -34.004  54.163 0.8750000000
47634  13.067  -34.147  54.907 0.5000000000
47660  12.830  -33.777  53.387 0.8750000000
47648  12.247  -34.236  53.896 1.0000000000
46747  11.380  -34.423  53.677 1.0000000000
47661  11.989  -33.992  53.084 1.0000000000
47686  11.718  -33.406  51.425 0.7500000000
48599  11.944  -32.840  49.927 0.7500000000
47673  11.104  -33.880  51.804 0.7500000000
48613  11.935  -32.868  49.336 0.8750000000
47715  11.333  -33.412  49.736 0.7500000000
133812  14.290  -33.675  54.470 0.6250000000
47633  13.903  -33.947  55.277 0.5000000000
46707  13.222  -34.328  56.519 0.5000000000
47659  13.733  -33.632  53.747 0.7500000000
47646  13.595  -33.870  54.513 0.7500000000
47670  13.463  -33.398  52.818 0.8750000000
47684  13.667  -32.899  51.496 0.8750000000
47685  12.402  -33.215  51.754 1.0000000000
48576  12.948  -32.801  51.142 1.0000000000
48611  13.229  -32.432  48.685 0.8750000000
48585  13.134  -32.553  50.264 1.0000000000
47699  12.224  -33.023  51.082 1.0000000000
48622  12.757  -32.755  47.893 0.8750000000
48612  12.330  -32.728  48.710 0.8750000000
125397  18.000  -35.716  41.671 0.1250000000
45981  17.333  -35.501  42.341 0.5000000000
46911  17.366  -35.017  41.564 0.3750000000
46912  16.971  -34.693  42.485 0.7500000000
47669  14.466  -33.365  53.019 0.7500000000
119305  14.957  -33.228  52.186 0.8750000000
118939  14.026  -33.100  52.157 0.8750000000
47697  15.249  -33.091  50.541 0.8750000000
47698  14.385  -32.821  50.516 0.8750000000
47714  14.643  -32.813  49.836 0.8750000000
48596  14.007  -32.501  49.230 1.0000000000
48584  13.867  -32.594  50.040 1.0000000000
48610  14.204  -32.540  48.342 0.8750000000
48633  14.807  -32.781  46.573 0.7500000000
48621  14.505  -32.626  47.429 0.8750000000
47870  17.688  -33.713  40.053 0.2500000000
45993  17.879  -35.050  40.960 0.2500000000
126293  16.946  -33.239  41.200 0.5000000000
122686  16.894  -33.273  42.076 0.6250000000
136272  16.889  -33.875  42.477 0.7500000000
47824  16.846  -33.971  43.274 0.7500000000
125827  16.043  -33.207  50.165 0.8750000000
47713  15.534  -33.061  49.658 0.8750000000
48595  14.903  -32.780  49.006 0.8750000000
48620  15.544  -32.783  47.237 0.8750000000
48609  15.214  -32.793  48.132 0.8750000000
48631  16.868  -32.702  46.222 0.7500000000
48632  15.850  -32.831  46.383 0.7500000000
47783  16.391  -33.366  44.857 0.7500000000
48649  16.169  -33.024  45.576 0.7500000000
48678  17.339  -32.434  43.543 0.7500000000
143433  17.583  -32.049  44.115 0.7500000000
48664  16.916  -33.120  44.551 0.7500000000
49505  17.014  -31.448  40.964 0.7500000000
136587  17.181  -31.050  41.805 0.8750000000
125638  17.092  -31.867  41.940 0.8750000000
127785  17.280  -31.892  42.878 0.7500000000
47805  17.095  -33.228  43.904 0.7500000000
48594  16.840  -33.094  48.688 0.8750000000
47712  16.566  -33.180  49.544 0.8750000000
47726  15.903  -33.035  48.839 0.8750000000
124516  16.623  -32.793  47.079 0.7500000000
48647  17.578  -32.187  45.282 0.7500000000
48648  17.044  -32.748  45.326 0.7500000000
51366  17.486  -29.449  41.608 0.8750000000
126462  17.396  -30.306  42.303 0.8750000000
126271  17.353  -31.190  42.653 0.8750000000
49490  17.552  -31.499  43.637 0.8750000000
51251  24.771  -29.243  50.349 0.3750000000
121342  24.328  -29.124  51.010 0.6250000000
52235  23.103  -28.347  50.567 0.6250000000
51278  27.133  -28.905  48.912 0.5000000000
51279  26.308  -29.075  48.658 0.6250000000
51281  24.501  -29.436  48.690 0.6250000000
51267  23.930  -29.258  49.255 0.7500000000
52247  22.708  -28.265  49.542 0.8750000000
124733  22.076  -27.358  49.711 0.7500000000
53248  22.066  -27.005  50.521 0.6250000000
55214  20.983  -25.688  50.217 0.8750000000
55216  19.647  -25.399  50.465 0.8750000000
54263  18.553  -26.409  50.566 0.8750000000
51292  26.931  -28.951  48.052 0.7500000000
51293  26.144  -29.097  47.696 0.7500000000
125676  24.320  -29.518  48.016 0.6250000000
52262  23.061  -29.180  48.095 1.0000000000
52263  22.560  -28.532  48.552 1.0000000000
53270  21.542  -27.215  48.236 1.0000000000
54273  21.076  -26.027  49.292 0.8750000000
55233  20.069  -25.463  49.091 0.8750000000
139432  18.904  -25.755  49.383 0.8750000000
53263  18.058  -27.343  49.712 0.8750000000
48592  18.391  -32.469  49.039 0.8750000000
141714  26.719  -28.860  47.352 0.7500000000
51318  26.076  -28.996  46.192 0.8750000000
127974  23.845  -29.677  46.047 0.8750000000
131505  22.479  -29.092  46.826 0.8750000000
122604  22.344  -28.716  47.616 1.0000000000
52264  21.965  -28.081  48.185 1.0000000000
54295  20.662  -26.112  47.765 0.8750000000
54286  19.475  -25.533  48.759 0.8750000000
54287  18.466  -26.144  48.763 0.8750000000
52265  17.785  -28.494  48.583 0.8750000000
133360  18.332  -30.200  47.884 0.8750000000
50340  18.867  -30.871  48.091 0.8750000000
49451  18.938  -31.739  48.412 0.8750000000
120809  17.282  -32.834  47.698 0.8750000000
52309  25.829  -28.964  45.346 0.8750000000
51321  23.501  -29.615  45.260 0.8750000000
51308  23.014  -29.538  46.263 0.8750000000
127482  21.923  -28.445  46.798 1.0000000000
53291  20.714  -26.768  46.016 1.0000000000
54296  19.985  -25.740  47.063 1.0000000000
54298  18.303  -26.177  47.826 0.8750000000
53271  17.846  -27.223  48.405 0.8750000000
51298  17.860  -29.319  48.025 0.8750000000
50348  18.599  -30.809  47.372 0.8750000000
49459  18.834  -31.551  47.566 0.8750000000
48607  18.143  -32.521  47.652 0.8750000000
52324  25.022  -29.124  44.047 1.0000000000
51332  22.841  -29.178  44.001 0.8750000000
52325  22.173  -28.996  44.680 0.8750000000
53303  21.136  -27.597  44.771 1.0000000000
143397  20.396  -26.360  45.647 1.0000000000
54321  19.226  -25.696  45.552 1.0000000000
134625  18.489  -25.868  46.087 1.0000000000
53293  17.567  -27.725  46.179 0.8750000000
52296  17.561  -28.779  46.348 0.7500000000
51310  17.782  -29.792  46.532 0.7500000000
49467  18.552  -31.450  46.922 0.8750000000
48619  17.698  -32.518  46.891 0.7500000000
53350  25.414  -28.102  42.001 1.0000000000
52341  24.035  -28.956  43.055 1.0000000000
123125  22.109  -28.804  43.708 0.8750000000
52326  21.589  -28.297  44.279 1.0000000000
53319  20.711  -26.983  44.397 1.0000000000
54336  19.462  -25.918  44.663 1.0000000000
54322  18.355  -26.048  45.528 1.0000000000
53306  17.613  -27.453  45.443 0.8750000000
52312  17.527  -28.458  45.574 0.7500000000
134016  18.251  -31.328  46.373 0.7500000000
49468  18.190  -31.907  46.511 0.7500000000
54396  26.120  -25.918  40.600 1.0000000000
53366  25.055  -27.559  41.194 1.0000000000
52372  24.459  -28.157  41.741 1.0000000000
52359  22.359  -28.377  42.353 0.8750000000
52360  21.632  -28.032  42.580 1.0000000000
53352  20.425  -26.645  42.524 1.0000000000
54351  18.992  -26.021  43.197 1.0000000000
134387  17.887  -27.059  43.635 0.8750000000
53321  17.651  -27.719  44.150 0.8750000000
127186  17.543  -28.981  44.916 0.7500000000
50364  17.819  -30.695  45.145 0.7500000000
49475  17.943  -31.584  45.711 0.7500000000
53384  25.583  -26.748  40.808 1.0000000000
53386  23.522  -27.338  40.325 0.8750000000
52388  23.144  -27.721  40.959 0.8750000000
53369  21.570  -27.309  41.213 0.8750000000
128093  20.382  -26.531  41.688 0.8750000000
54385  18.570  -26.495  41.912 0.8750000000
53336  17.984  -27.007  42.971 0.8750000000
131271  17.631  -28.483  43.002 0.8750000000
51345  17.577  -29.732  43.769 0.8750000000
50372  17.697  -30.673  44.206 0.8750000000
53407  23.198  -26.959  39.546 1.0000000000
53387  22.605  -27.219  40.111 0.8750000000
53388  21.585  -26.976  40.247 0.8750000000
53389  19.849  -26.360  40.114 0.8750000000
54399  18.580  -26.688  41.135 0.8750000000
52376  18.118  -27.309  41.610 0.8750000000
52361  17.618  -28.818  42.386 0.8750000000
127092  17.553  -29.203  43.078 0.8750000000
50381  17.537  -30.548  43.279 0.8750000000
53391  18.506  -27.189  40.378 0.8750000000
52261  27.625  -28.617  48.431 0.7500000000
52277  27.974  -28.256  47.742 0.7500000000
52291  28.388  -27.879  47.237 0.7500000000
52292  27.677  -28.194  46.823 0.7500000000
52307  27.195  -28.311  45.956 0.8750000000
127571  27.525  -27.775  45.140 1.0000000000
53317  26.904  -28.122  44.557 1.0000000000
53316  27.545  -27.467  44.087 1.0000000000
52338  26.325  -28.450  44.055 1.0000000000
54365  27.324  -26.841  42.462 1.0000000000
53333  25.967  -28.183  42.635 1.0000000000
54381  27.106  -26.332  41.671 1.0000000000
133802  26.658  -27.605  42.545 1.0000000000
55299  26.564  -25.319  40.422 1.0000000000
53289  27.963  -27.764  45.965 0.8750000000
53301  28.354  -27.284  45.307 0.8750000000
54334  28.259  -26.856  44.004 1.0000000000
54349  27.808  -26.896  43.294 1.0000000000
54364  27.683  -26.250  42.049 1.0000000000
55298  27.370  -25.117  40.508 1.0000000000
55313  27.520  -24.697  39.533 1.0000000000
55330  27.738  -24.538  38.541 0.8750000000
55349  27.735  -24.471  36.539 0.8750000000
55362  28.089  -24.729  35.677 0.7500000000
54451  28.337  -26.432  33.682 0.7500000000
53300  29.176  -26.889  45.432 0.8750000000
126422  28.632  -27.326  45.911 0.8750000000
54332  29.461  -26.544  44.626 0.8750000000
54333  28.721  -26.841  44.668 1.0000000000
119092  28.939  -26.481  43.992 1.0000000000
54348  28.476  -26.512  43.321 1.0000000000
55287  28.460  -25.720  41.516 1.0000000000
55286  29.074  -25.662  41.166 1.0000000000
54363  28.259  -26.024  42.058 1.0000000000
125641  29.041  -25.177  39.621 1.0000000000
55312  28.265  -24.983  40.082 1.0000000000
119239  28.398  -24.828  39.155 1.0000000000
55329  28.672  -24.775  38.083 1.0000000000
56221  27.819  -24.469  37.501 1.0000000000
55348  28.492  -24.671  36.843 1.0000000000
55375  28.538  -25.306  34.551 0.6250000000
54450  29.292  -26.054  33.656 0.6250000000
122748  28.722  -28.445  34.098 0.6250000000
53471  28.930  -27.447  33.498 0.7500000000
53485  29.751  -27.475  33.334 0.6250000000
120245  30.782  -26.372  45.123 0.6250000000
54346  30.442  -26.367  43.816 0.8750000000
120636  29.982  -26.517  45.245 0.6250000000
54331  30.253  -26.398  44.495 0.7500000000
54361  30.799  -26.283  42.494 1.0000000000
54347  29.201  -26.314  43.282 1.0000000000
54362  29.949  -26.146  42.241 1.0000000000
54378  30.611  -26.145  41.715 1.0000000000
137280  29.389  -26.181  42.661 1.0000000000
54380  29.081  -25.946  41.988 1.0000000000
54395  29.874  -25.728  40.624 1.0000000000
54379  29.834  -25.941  41.471 1.0000000000
137754  29.623  -25.450  39.945 1.0000000000
118726  29.819  -25.381  39.179 1.0000000000
140226  29.113  -25.076  38.873 1.0000000000
55347  29.377  -24.993  37.209 1.0000000000
55328  29.615  -25.160  38.250 1.0000000000
120305  29.972  -25.217  36.368 1.0000000000
55361  29.055  -24.967  35.926 0.8750000000
121407  29.604  -25.274  34.949 0.7500000000
55374  30.228  -25.545  34.186 0.6250000000
54462  30.141  -26.424  33.324 0.6250000000
54360  31.693  -26.372  42.701 0.8750000000
135438  30.461  -25.980  41.082 1.0000000000
122486  31.173  -26.134  41.141 0.8750000000
54394  30.800  -25.915  40.467 0.8750000000
54410  30.334  -25.652  39.844 1.0000000000
55346  30.217  -25.318  37.529 1.0000000000
55360  30.615  -25.301  35.566 0.7500000000
54376  32.018  -26.221  41.250 0.8750000000
134296  32.761  -25.648  38.306 1.0000000000
54409  31.265  -25.828  39.640 1.0000000000
55311  30.604  -25.590  39.180 1.0000000000
121134  31.870  -25.652  38.093 1.0000000000
55327  30.410  -25.447  38.467 1.0000000000
120420  31.027  -25.532  37.827 1.0000000000
55345  31.727  -25.532  37.170 1.0000000000
55359  31.606  -25.338  36.140 1.0000000000
120595  30.849  -25.428  36.810 1.0000000000
55373  31.414  -25.204  34.849 0.6250000000
55387  30.711  -25.556  33.480 0.6250000000
55385  31.628  -24.921  33.985 0.6250000000
55344  32.625  -25.502  37.432 1.0000000000
55372  32.438  -24.702  34.793 0.8750000000
55358  33.336  -25.027  36.808 1.0000000000
122521  32.510  -25.320  36.541 1.0000000000
134573  33.128  -24.869  36.088 1.0000000000
124850  32.457  -25.058  35.623 1.0000000000
56243  33.078  -24.344  35.439 1.0000000000
56256  32.326  -24.171  34.325 0.8750000000
56242  33.618  -24.211  36.351 1.0000000000
57045  33.315  -23.553  35.849 1.0000000000
140144  32.755  -24.224  34.877 1.0000000000
57052  32.273  -23.490  34.490 0.7500000000
57841  31.642  -23.050  34.356 0.8750000000
57842  30.675  -22.633  34.274 0.8750000000
57852  30.176  -22.887  33.447 0.8750000000
57865  28.854  -22.509  32.523 0.6250000000
56231  34.415  -23.990  37.548 0.8750000000
143291  34.071  -23.878  36.944 1.0000000000
57044  33.725  -23.360  36.668 1.0000000000
57832  32.852  -22.969  35.635 1.0000000000
57051  32.813  -23.673  35.035 1.0000000000
58689  31.339  -22.047  35.762 1.0000000000
57833  32.119  -22.798  35.154 1.0000000000
57834  31.112  -22.371  35.018 0.8750000000
58703  29.267  -21.426  34.706 1.0000000000
57843  29.686  -22.211  34.150 1.0000000000
58720  28.135  -21.461  33.072 0.7500000000
57854  28.557  -22.097  33.050 0.7500000000
57036  34.548  -23.329  38.108 0.7500000000
57811  34.314  -22.645  38.795 0.7500000000
57037  34.136  -23.291  37.381 0.7500000000
57818  33.951  -22.587  38.058 0.8750000000
57824  33.540  -22.644  37.331 0.8750000000
58667  33.003  -21.980  38.295 0.8750000000
57825  33.067  -22.631  36.507 0.8750000000
57819  32.817  -22.086  37.442 0.8750000000
58677  32.199  -21.840  37.048 0.8750000000
57826  32.175  -22.317  36.118 1.0000000000
58691  29.535  -21.172  35.298 1.0000000000
58702  30.147  -21.875  34.980 1.0000000000
142461  30.645  -21.829  35.526 1.0000000000
59696  28.239  -20.613  33.667 0.8750000000
58704  28.739  -20.706  34.431 1.0000000000
59678  29.110  -20.547  35.059 1.0000000000
58719  28.766  -21.637  33.853 0.7500000000
57802  34.609  -22.566  39.606 0.7500000000
57812  33.579  -22.197  38.796 0.7500000000
58660  32.883  -21.534  39.320 0.8750000000
58661  32.367  -21.284  38.790 0.8750000000
58668  32.140  -21.397  38.026 0.8750000000
58669  31.585  -21.206  37.489 0.8750000000
60589  31.281  -19.554  37.723 0.8750000000
59657  31.015  -20.509  37.404 1.0000000000
58678  31.293  -21.492  36.726 1.0000000000
59667  29.971  -20.400  36.215 1.0000000000
58679  30.585  -21.346  36.163 1.0000000000
58690  30.010  -21.258  35.713 1.0000000000
126342  29.233  -19.181  34.676 1.0000000000
60612  29.294  -19.634  35.208 1.0000000000
60611  29.869  -19.306  35.771 1.0000000000
61511  28.511  -19.050  33.281 0.8750000000
60635  28.360  -19.717  33.679 0.8750000000
58651  33.863  -21.938  40.250 0.6250000000
57803  33.723  -22.089  39.488 0.6250000000
58652  33.176  -21.385  40.084 0.7500000000
60567  32.917  -19.658  40.142 0.8750000000
59641  32.653  -20.568  39.941 0.8750000000
61439  33.184  -18.976  39.627 0.8750000000
60576  32.567  -19.620  39.549 0.8750000000
61452  32.909  -18.852  38.846 0.7500000000
59649  31.930  -20.511  38.642 0.8750000000
62279  33.709  -18.123  38.221 0.5000000000
61463  32.953  -18.492  37.908 0.7500000000
61453  32.339  -18.993  38.360 0.8750000000
60588  31.788  -19.596  38.290 0.8750000000
59656  31.491  -20.501  38.023 0.8750000000
62294  33.626  -17.773  37.350 0.5000000000
61464  32.059  -18.805  37.659 0.8750000000
60600  30.829  -19.506  37.082 1.0000000000
62295  32.854  -18.109  37.041 1.0000000000
61475  32.014  -18.382  36.771 1.0000000000
61465  31.430  -18.898  37.183 1.0000000000
59666  30.512  -20.499  36.783 1.0000000000
61476  31.156  -18.676  36.446 1.0000000000
60601  30.361  -19.428  36.462 1.0000000000
62305  31.944  -18.057  35.906 1.0000000000
61483  31.196  -18.268  35.569 1.0000000000
61477  30.587  -18.758  35.937 1.0000000000
61510  29.262  -18.497  33.570 1.0000000000
62331  30.044  -18.071  33.820 1.0000000000
61523  28.926  -18.330  32.780 1.0000000000
61525  27.634  -19.283  31.582 0.7500000000
134822  27.505  -19.077  30.905 0.7500000000
58639  34.410  -21.935  41.410 0.5000000000
58644  33.835  -21.571  40.971 0.6250000000
58645  33.367  -21.232  40.638 0.6250000000
59632  33.387  -20.468  41.087 0.5000000000
59633  33.028  -20.494  40.497 0.7500000000
61424  33.401  -19.112  40.178 0.7500000000
63168  35.226  -17.259  38.894 0.5000000000
62278  34.486  -17.668  38.540 0.5000000000
61438  33.949  -18.616  39.814 0.5000000000
63190  34.982  -16.952  38.074 0.5000000000
62293  34.331  -17.386  37.713 0.5000000000
63208  34.141  -17.062  36.921 0.5000000000
62316  33.160  -17.049  35.825 1.0000000000
62318  31.778  -17.696  35.165 1.0000000000
61497  30.286  -18.270  34.564 1.0000000000
62354  28.668  -18.095  31.965 0.8750000000
62342  29.725  -17.878  33.070 1.0000000000
58835  31.034  -21.086  28.043 0.1250000000
59766  29.479  -20.486  28.365 0.2500000000
59767  28.648  -20.167  28.588 0.5000000000
61544  27.529  -18.797  30.159 0.5000000000
61543  27.847  -18.281  30.681 0.8750000000
60693  29.124  -19.878  27.911 0.2500000000
61558  28.167  -18.456  28.249 0.5000000000
59627  33.715  -21.025  41.626 0.3750000000
60551  33.704  -19.838  41.701 0.5000000000
60558  33.622  -19.527  41.093 0.7500000000
62234  34.679  -18.504  40.938 0.3750000000
61408  34.092  -19.027  41.337 0.3750000000
60559  33.307  -19.638  40.637 0.7500000000
62244  35.870  -17.528  40.601 0.2500000000
62245  34.680  -18.230  40.174 0.3750000000
61423  33.928  -18.931  40.608 0.3750000000
63152  36.653  -16.929  40.566 0.2500000000
134188  35.243  -17.968  40.569 0.3750000000
63166  36.489  -16.510  39.691 0.2500000000
63153  36.092  -17.100  39.984 0.3750000000
62262  34.626  -17.943  39.372 0.5000000000
63167  35.900  -16.867  39.284 0.3750000000
63207  34.682  -16.621  37.355 0.5000000000
63224  34.388  -16.314  36.764 0.7500000000
62329  31.545  -17.327  34.441 1.0000000000
62330  30.821  -17.709  34.087 1.0000000000
62341  30.503  -17.441  33.335 1.0000000000
63261  29.786  -17.169  31.995 0.8750000000
62352  30.127  -17.266  32.595 1.0000000000
62378  27.758  -18.088  29.993 0.7500000000
62364  29.189  -17.402  31.607 0.8750000000
62353  29.419  -17.688  32.337 0.8750000000
58850  31.879  -21.281  27.821 0.1250000000
59776  30.661  -20.610  27.446 0.1250000000
61564  28.634  -18.703  27.776 0.5000000000
60695  27.789  -18.924  28.829 0.5000000000
58849  32.720  -21.326  27.222 0.1250000000
59775  31.329  -20.952  27.335 0.1250000000
59622  33.754  -20.539  42.114 0.2500000000
64106  39.737  -15.802  44.759 0.2500000000
64107  39.262  -16.231  44.163 0.2500000000
60542  33.875  -19.741  42.431 0.1250000000
64114  39.509  -15.501  43.853 0.2500000000
61393  34.216  -19.006  42.050 0.1250000000
64115  39.029  -16.024  43.382 0.2500000000
63125  37.945  -16.900  42.565 0.2500000000
62201  37.568  -17.499  43.216 0.2500000000
62217  36.059  -18.102  42.687 0.2500000000
61392  35.189  -18.450  42.234 0.2500000000
63124  38.525  -16.515  43.030 0.2500000000
62215  37.321  -17.408  42.599 0.2500000000
62216  36.731  -17.572  42.162 0.2500000000
62233  35.449  -18.061  41.321 0.2500000000
139841  34.733  -18.622  41.573 0.3750000000
64123  38.705  -15.824  42.563 0.2500000000
119629  38.359  -16.366  42.547 0.2500000000
63126  37.367  -17.131  42.092 0.2500000000
64124  38.195  -16.182  42.071 0.2500000000
63139  37.048  -17.052  41.460 0.2500000000
62232  36.323  -17.519  41.341 0.2500000000
64137  37.940  -15.902  41.323 0.2500000000
63151  37.361  -16.386  40.944 0.2500000000
64149  37.116  -16.112  40.074 0.2500000000
63188  36.238  -16.168  39.009 0.5000000000
63206  35.162  -16.210  37.728 0.5000000000
64217  33.266  -16.185  35.517 1.0000000000
64218  32.641  -16.038  34.846 1.0000000000
64229  31.775  -15.754  33.860 1.0000000000
63251  30.821  -16.626  32.874 1.0000000000
63276  29.018  -16.971  30.727 0.8750000000
63275  29.722  -16.742  31.420 0.8750000000
61563  29.244  -18.557  27.253 0.5000000000
62403  28.241  -17.664  28.437 0.5000000000
63304  28.638  -16.900  29.755 0.8750000000
119581  32.064  -20.297  26.396 0.1250000000
61572  30.050  -18.938  26.769 0.5000000000
60711  30.894  -19.294  26.478 0.1250000000
63102  38.987  -16.841  44.683 0.2500000000
64122  39.257  -15.249  43.025 0.2500000000
63112  38.760  -16.709  43.795 0.2500000000
63113  38.210  -17.139  43.422 0.2500000000
64136  38.485  -15.446  41.738 0.2500000000
128961  37.667  -15.607  40.517 0.2500000000
64159  37.340  -15.214  39.706 0.2500000000
64160  36.749  -15.694  39.299 0.3750000000
63189  35.643  -16.343  38.436 0.5000000000
64208  34.221  -15.620  36.401 0.8750000000
129970  33.176  -15.185  35.364 1.0000000000
64228  32.173  -15.569  34.305 1.0000000000
63250  31.418  -16.164  33.495 1.0000000000
63274  30.254  -16.057  31.420 1.0000000000
126979  30.747  -15.972  32.149 1.0000000000
63314  28.581  -16.953  28.798 0.6250000000
62427  29.905  -18.047  26.767 0.3750000000
62402  28.800  -17.169  27.936 0.6250000000
65079  39.012  -14.962  42.202 0.2500000000
64174  35.499  -15.462  37.828 0.5000000000
65143  34.506  -14.802  36.680 1.0000000000
65152  33.878  -14.951  36.045 1.0000000000
64238  31.882  -15.204  33.839 1.0000000000
64252  31.188  -15.776  32.871 1.0000000000
64278  29.734  -16.201  30.675 1.0000000000
63313  29.241  -16.495  28.331 0.8750000000
64277  30.329  -15.328  30.637 1.0000000000
63326  30.359  -16.644  27.322 0.7500000000
63327  29.550  -16.829  27.554 0.8750000000
64148  38.225  -15.136  40.928 0.2500000000
65092  37.893  -14.770  40.150 0.2500000000
65103  36.889  -14.778  38.997 0.5000000000
65117  35.788  -14.659  37.991 0.5000000000
65131  35.187  -14.599  37.407 0.5000000000
65142  34.719  -13.993  37.009 1.0000000000
143974  32.693  -14.733  34.905 1.0000000000
65167  32.282  -14.826  34.320 1.0000000000
65178  31.058  -15.085  32.169 1.0000000000
65177  31.485  -14.449  32.773 1.0000000000
65194  30.791  -14.623  31.157 1.0000000000
64304  29.791  -15.859  28.764 1.0000000000
63340  30.834  -17.082  26.799 0.8750000000
63312  30.000  -16.195  27.938 1.0000000000
65091  38.419  -14.308  40.555 0.2500000000
65102  37.505  -14.249  39.452 0.2500000000
65130  35.703  -13.948  37.898 0.5000000000
65153  33.565  -14.427  35.722 1.0000000000
65159  33.068  -14.261  35.259 1.0000000000
123007  32.606  -13.240  34.388 1.0000000000
66107  32.172  -13.612  33.826 1.0000000000
141109  32.210  -14.300  34.129 1.0000000000
65193  31.140  -14.030  31.751 1.0000000000
66149  31.057  -13.712  30.786 1.0000000000
64303  30.682  -15.684  28.349 1.0000000000
64291  30.389  -15.046  29.810 1.0000000000
64318  31.454  -16.070  27.874 0.6250000000
64319  30.723  -16.209  27.735 0.7500000000
62424  32.255  -17.364  26.267 0.3750000000
63325  31.175  -16.534  27.256 0.6250000000
61588  34.481  -17.833  25.062 0.1250000000
62439  33.386  -17.172  25.883 0.3750000000
128605  35.240  -13.819  37.474 0.5000000000
67082  34.004  -12.694  35.872 1.0000000000
67078  34.430  -12.777  36.388 1.0000000000
66083  34.543  -13.353  36.699 1.0000000000
66093  34.124  -14.084  36.282 1.0000000000
67903  34.558  -11.850  36.164 1.0000000000
67908  33.960  -11.729  35.442 1.0000000000
66094  33.617  -13.591  35.667 1.0000000000
134619  34.130  -13.345  36.185 1.0000000000
68778  34.766  -10.420  35.035 1.0000000000
67912  34.023  -10.761  34.894 1.0000000000
138622  34.432  -11.064  35.531 1.0000000000
67083  33.473  -12.598  35.248 1.0000000000
66099  32.987  -13.404  35.030 1.0000000000
67909  33.440  -11.510  34.710 1.0000000000
67085  32.947  -12.450  34.552 1.0000000000
68787  34.417  -10.180  34.233 1.0000000000
67913  33.629  -10.587  34.028 1.0000000000
67090  32.957  -11.407  33.856 1.0000000000
67091  32.509  -11.550  32.904 1.0000000000
66123  31.960  -12.696  32.812 1.0000000000
67920  33.274  -10.606  32.979 1.0000000000
66108  31.792  -13.758  33.088 1.0000000000
67934  32.782  -11.009  32.106 1.0000000000
67120  32.566  -11.671  31.219 1.0000000000
67121  31.940  -12.336  31.006 1.0000000000
66148  31.406  -13.108  31.304 1.0000000000
65230  31.391  -14.148  29.588 1.0000000000
65231  30.878  -14.743  29.405 1.0000000000
65215  30.762  -14.354  30.170 1.0000000000
64301  32.575  -15.458  28.498 0.8750000000
64302  31.690  -15.469  28.479 0.8750000000
63350  33.365  -16.578  26.598 0.3750000000
63323  32.931  -16.308  27.399 0.5000000000
63324  32.046  -16.440  27.333 0.5000000000
62438  33.953  -17.232  25.481 0.1250000000
136489  33.755  -16.690  26.026 0.5000000000
62423  32.904  -17.094  26.242 0.3750000000
66082  35.062  -13.279  37.272 0.8750000000
67077  34.995  -12.478  36.932 1.0000000000
67907  35.074  -10.890  35.841 1.0000000000
68796  34.973  -9.985  33.595 1.0000000000
68798  33.990  -10.338  32.645 1.0000000000
67933  33.539  -10.668  32.057 1.0000000000
67948  33.066  -11.143  31.473 1.0000000000
67947  34.045  -11.320  31.354 1.0000000000
67119  33.255  -11.752  30.933 1.0000000000
139168  32.067  -13.459  29.715 1.0000000000
65229  32.837  -14.274  29.283 1.0000000000
123535  32.043  -14.288  29.289 1.0000000000
64300  33.326  -15.240  28.651 0.8750000000
141446  32.135  -15.174  28.753 1.0000000000
122719  34.568  -16.149  24.941 0.3750000000
63337  34.028  -16.242  26.451 0.6250000000
68775  37.271  -10.177  35.432 0.7500000000
69673  37.581  -9.619  34.818 0.8750000000
68784  36.924  -9.865  34.564 0.8750000000
68794  36.739  -9.850  33.537 0.8750000000
68776  36.459  -10.233  35.278 1.0000000000
67906  35.957  -10.726  35.990 1.0000000000
67902  35.428  -11.494  36.585 0.8750000000
68795  36.264  -10.094  33.303 0.8750000000
68785  36.143  -9.972  34.326 0.8750000000
68786  35.253  -10.044  34.370 1.0000000000
128816  35.693  -10.007  33.746 1.0000000000
68810  34.772  -10.229  32.785 1.0000000000
67118  34.155  -12.198  30.771 1.0000000000
66147  35.144  -12.785  30.558 1.0000000000
143987  34.271  -12.872  30.402 1.0000000000
66169  33.806  -13.242  30.076 1.0000000000
65227  34.723  -14.199  29.381 1.0000000000
65228  33.778  -14.321  29.311 1.0000000000
65244  33.350  -14.799  29.039 1.0000000000
64290  34.148  -14.824  28.909 1.0000000000
122692  34.018  -15.398  28.234 0.8750000000
64316  33.194  -15.766  28.054 0.8750000000
64315  34.693  -15.365  27.781 0.7500000000
122080  33.825  -15.945  27.373 0.6250000000
64355  34.743  -15.256  24.782 0.3750000000
64330  34.486  -15.617  26.903 0.6250000000
64354  35.248  -15.151  23.952 0.1250000000
129421  34.944  -15.824  24.305 0.2500000000
134536  36.454  -10.505  32.484 0.8750000000
67930  36.339  -10.990  31.899 1.0000000000
68809  35.755  -10.295  32.887 1.0000000000
67116  36.599  -12.516  30.894 1.0000000000
67102  36.081  -11.680  31.395 1.0000000000
67931  35.474  -10.787  32.077 1.0000000000
66146  36.207  -12.934  30.498 1.0000000000
67117  35.730  -12.255  30.922 1.0000000000
66167  35.749  -13.279  30.148 1.0000000000
64298  35.618  -14.407  28.815 1.0000000000
64289  35.039  -14.483  29.006 1.0000000000
64329  35.156  -15.073  27.350 0.7500000000
64299  34.905  -14.958  28.512 1.0000000000
65275  34.894  -14.576  25.574 0.6250000000
65266  35.375  -14.442  26.764 0.6250000000
68021  36.804  -11.722  24.002 0.8750000000
67168  36.198  -12.143  24.523 0.7500000000
66223  35.628  -12.810  25.026 0.3750000000
66224  35.237  -13.637  25.111 0.6250000000
64339  34.816  -15.123  26.500 0.5000000000
68032  38.618  -11.665  22.588 0.3750000000
68020  37.580  -11.548  23.539 0.7500000000
66235  35.851  -12.727  24.274 0.5000000000
66236  35.490  -13.403  24.376 0.5000000000
65288  35.095  -14.321  24.437 0.3750000000
67185  39.169  -12.140  21.973 0.2500000000
68043  39.889  -11.625  21.693 0.2500000000
67196  40.541  -11.948  21.192 0.2500000000
68042  40.488  -11.331  21.495 0.5000000000
68808  36.772  -10.351  32.592 0.8750000000
120557  37.300  -10.776  32.041 0.7500000000
67929  37.015  -11.178  31.788 0.8750000000
67101  36.873  -11.936  31.315 0.8750000000
66145  37.076  -13.199  30.618 1.0000000000
65211  36.204  -13.503  29.868 1.0000000000
66166  36.706  -13.340  30.236 1.0000000000
126622  36.519  -13.607  29.601 1.0000000000
64288  35.681  -13.975  29.410 1.0000000000
64287  36.295  -13.915  29.154 1.0000000000
65256  35.770  -14.483  27.785 0.8750000000
64314  35.437  -14.824  28.166 0.8750000000
137556  35.809  -13.014  26.009 0.8750000000
141177  35.786  -13.738  26.652 0.6250000000
68855  38.482  -10.855  24.977 1.0000000000
68011  36.765  -11.547  24.726 1.0000000000
67149  36.466  -12.577  26.362 0.8750000000
66214  35.409  -13.786  25.893 0.6250000000
68887  38.223  -11.066  23.649 0.8750000000
68010  37.408  -11.238  24.181 0.8750000000
68901  38.803  -11.118  22.905 0.6250000000
68031  39.331  -11.351  22.271 0.6250000000
68030  40.043  -11.020  21.946 0.8750000000
68041  41.154  -11.301  21.018 0.3750000000
68913  40.814  -10.876  21.657 0.8750000000
68921  41.850  -10.779  20.682 0.3750000000
68807  38.081  -10.849  31.966 0.7500000000
67928  37.865  -11.665  31.671 0.8750000000
67100  37.677  -12.283  31.396 0.8750000000
67099  38.621  -12.646  31.656 0.8750000000
66121  38.234  -13.184  31.323 1.0000000000
66144  37.828  -13.594  30.934 1.0000000000
65192  37.503  -13.711  30.465 1.0000000000
142564  37.607  -13.923  29.852 1.0000000000
65226  37.050  -13.645  29.525 1.0000000000
66205  37.245  -13.157  27.998 1.0000000000
65243  36.753  -13.744  28.950 1.0000000000
67133  40.987  -12.964  28.315 1.0000000000
138440  39.967  -12.278  27.942 1.0000000000
66203  39.245  -12.761  28.294 1.0000000000
67139  38.476  -12.201  27.648 1.0000000000
66206  36.633  -13.648  27.919 1.0000000000
65265  36.063  -13.988  27.451 0.8750000000
67138  41.534  -12.495  27.803 1.0000000000
139558  40.721  -12.349  27.869 1.0000000000
67145  40.328  -11.794  27.319 1.0000000000
67147  38.627  -11.424  26.665 1.0000000000
67148  37.717  -11.980  26.938 1.0000000000
66213  36.412  -13.267  27.085 0.8750000000
67981  39.783  -11.326  26.619 1.0000000000
67982  37.642  -11.426  26.037 1.0000000000
120766  36.980  -12.007  26.228 1.0000000000
67993  40.315  -11.064  25.769 0.8750000000
68853  39.929  -10.759  24.967 0.8750000000
68869  39.563  -10.728  24.174 0.8750000000
68900  39.604  -10.885  22.693 0.7500000000
127880  40.587  -10.728  22.497 0.8750000000
68912  41.479  -10.612  21.304 0.7500000000
68806  39.122  -10.933  32.090 0.6250000000
67927  38.873  -11.912  31.854 0.7500000000
67926  39.884  -11.935  32.297 0.6250000000
66120  39.105  -13.511  31.819 1.0000000000
65190  38.814  -14.494  31.267 0.8750000000
142240  38.303  -14.485  30.300 1.0000000000
65225  38.119  -14.253  29.859 1.0000000000
66179  42.401  -13.781  30.225 0.5000000000
65224  38.835  -14.585  29.873 1.0000000000
65242  37.642  -13.718  29.393 1.0000000000
67129  42.388  -13.176  29.127 0.6250000000
66191  41.392  -13.517  28.831 1.0000000000
66181  40.900  -14.176  29.280 1.0000000000
131255  39.685  -13.578  28.791 1.0000000000
65240  39.258  -14.203  29.203 1.0000000000
66194  37.919  -13.442  28.891 1.0000000000
67132  41.736  -12.945  28.390 0.6250000000
66202  40.190  -12.910  28.384 1.0000000000
66204  38.209  -12.899  28.373 1.0000000000
67140  37.710  -12.548  27.667 1.0000000000
67137  42.439  -12.556  28.066 0.7500000000
67144  41.218  -11.996  27.176 0.8750000000
67979  41.745  -11.758  26.419 0.7500000000
67992  41.288  -11.304  25.725 0.7500000000
136412  41.362  -10.995  24.175 0.7500000000
68868  40.439  -10.792  24.189 0.8750000000
68899  41.339  -10.474  21.992 1.0000000000
69783  42.216  -9.537  21.659 0.6250000000
127813  41.805  -10.169  21.630 0.8750000000
67945  44.074  -12.489  32.125 0.5000000000
134187  40.489  -12.644  32.640 0.7500000000
66142  39.358  -14.229  31.752 0.8750000000
67096  41.603  -13.376  32.895 0.5000000000
66118  41.008  -13.990  32.466 0.5000000000
66119  40.029  -13.812  32.271 0.7500000000
67123  43.462  -12.762  30.383 0.5000000000
141280  43.344  -13.162  31.313 0.5000000000
67115  42.826  -13.649  31.858 0.5000000000
66117  41.987  -13.938  32.300 0.5000000000
66141  41.447  -14.385  31.726 0.6250000000
65207  39.564  -14.882  30.332 0.8750000000
128849  42.937  -13.211  29.956 0.6250000000
66163  42.311  -14.093  31.311 0.6250000000
142206  41.084  -14.734  31.115 0.7500000000
66165  41.114  -14.591  30.182 0.8750000000
65223  39.613  -14.606  29.578 0.8750000000
67131  43.094  -12.627  28.710 0.3750000000
66180  41.723  -13.991  29.666 0.7500000000
66182  40.047  -14.227  29.104 1.0000000000
67978  42.748  -11.926  26.419 0.6250000000
67991  42.245  -11.583  25.613 0.7500000000
68009  41.792  -11.259  24.888 0.7500000000
68867  42.255  -11.158  24.070 0.7500000000
68882  43.444  -10.535  23.446 0.8750000000
68883  42.506  -10.762  23.276 0.8750000000
143368  41.777  -10.945  23.515 0.7500000000
68884  41.572  -10.652  22.831 1.0000000000
68897  42.907  -10.218  22.887 0.8750000000
71501  43.087  -7.750  23.144 0.8750000000
70648  42.991  -8.696  22.786 1.0000000000
69771  43.465  -9.661  23.160 0.8750000000
68898  42.147  -10.212  22.369 0.8750000000
71505  42.745  -7.115  22.772 1.0000000000
70649  42.533  -8.728  22.085 1.0000000000
70660  42.327  -8.167  20.733 0.3750000000
67114  43.847  -12.591  31.259 0.3750000000
67956  44.347  -11.769  31.251 0.3750000000
136436  44.382  -11.464  30.350 0.3750000000
67957  44.000  -12.030  30.403 0.3750000000
140292  43.745  -12.221  29.752 0.3750000000
67964  43.762  -12.148  28.985 0.3750000000
67965  43.375  -12.318  28.135 0.5000000000
121801  44.006  -11.985  28.313 0.3750000000
67969  43.769  -12.066  27.565 0.5000000000
124950  43.459  -12.021  26.870 0.5000000000
67970  42.980  -12.227  27.328 0.5000000000
67977  43.611  -11.785  26.199 0.6250000000
67990  43.149  -11.642  25.530 0.6250000000
68008  42.736  -11.406  24.777 0.7500000000
68865  44.013  -10.799  24.066 0.6250000000
68866  43.163  -11.114  23.982 0.7500000000
69761  44.185  -9.371  23.715 0.7500000000
68881  44.199  -10.171  23.720 0.7500000000
71498  44.315  -7.754  24.281 0.8750000000
71500  43.670  -7.673  23.744 0.8750000000
70643  43.582  -8.601  23.393 0.8750000000
73126  43.131  -5.835  22.634 0.8750000000
72286  43.321  -6.664  23.331 0.8750000000
134321  44.693  -11.020  30.716 0.3750000000
68825  45.084  -10.705  30.247 0.3750000000
67959  44.635  -11.170  29.900 0.3750000000
67963  44.472  -11.559  28.968 0.3750000000
121786  45.183  -11.380  28.494 0.3750000000
67976  44.190  -11.836  26.863 0.5000000000
133843  44.816  -11.650  26.418 0.6250000000
139295  43.860  -11.542  25.524 0.6250000000
67988  45.190  -11.353  25.688 0.6250000000
68006  44.455  -10.975  24.597 0.6250000000
68863  45.292  -10.374  24.710 0.6250000000
68864  44.769  -10.461  24.300 0.6250000000
69753  44.777  -9.883  24.118 0.7500000000
141942  45.059  -10.141  24.383 0.6250000000
69748  45.871  -10.127  25.163 0.6250000000
72279  44.740  -6.829  24.483 0.7500000000
71497  45.006  -7.894  24.779 0.7500000000
72285  44.192  -6.246  23.893 0.8750000000
73125  44.542  -5.400  22.740 0.8750000000
68832  45.092  -11.015  29.421 0.3750000000
67968  44.540  -11.762  27.854 0.3750000000
122732  44.861  -11.716  27.065 0.5000000000
67975  45.428  -11.531  26.595 0.6250000000
68849  46.387  -10.526  25.780 0.3750000000
68842  46.021  -11.160  26.057 0.6250000000
68850  45.697  -10.771  25.285 0.6250000000
69751  45.863  -9.262  25.208 0.3750000000
70635  46.393  -8.447  25.690 0.3750000000
69752  45.272  -9.765  24.614 0.6250000000
72276  47.017  -6.009  25.047 0.3750000000
71496  45.522  -7.113  25.041 0.7500000000
129349  45.701  -8.122  25.227 0.7500000000
126888  47.020  -5.620  24.129 0.5000000000
73101  45.638  -5.810  24.177 0.7500000000
73111  46.120  -5.569  23.679 0.7500000000
73112  45.361  -5.658  23.760 0.7500000000
73123  46.212  -5.362  22.735 0.6250000000
73132  45.350  -5.188  22.103 0.8750000000
69747  46.607  -9.658  25.783 0.2500000000
72260  49.006  -6.917  26.563 0.1250000000
72261  48.218  -7.087  26.484 0.1250000000
72270  48.415  -6.445  25.985 0.1250000000
71491  46.935  -7.570  25.990 0.1250000000
73099  47.857  -5.746  24.600 0.2500000000
73110  47.932  -5.498  23.559 0.5000000000
123886  46.985  -5.446  23.200 0.6250000000
69739  47.100  -10.320  26.333 0.2500000000
69746  47.399  -9.605  26.469 0.1250000000
70629  47.881  -8.827  26.743 0.1250000000
71487  47.690  -7.759  26.482 0.1250000000
70634  47.129  -8.678  26.242 0.2500000000
72259  50.043  -6.691  26.423 0.1250000000
130785  49.211  -6.434  25.905 0.1250000000
72269  49.873  -6.266  25.457 0.1250000000
72268  50.832  -6.414  25.730 0.1250000000
134280  49.810  -6.008  24.714 0.2500000000
135882  48.590  -5.690  24.160 0.2500000000
41650  1.739  -40.391  60.254 0.5000000000
41660  2.014  -40.943  59.652 0.3750000000
40823  1.128  -40.996  59.665 0.3750000000
39893  1.117  -42.474  59.086 0.3750000000
41671  2.819  -41.157  58.151 0.3750000000
39895  0.510  -41.913  58.826 0.3750000000
130362  0.059  -38.968  58.406 0.2500000000
40817  0.881  -40.650  59.714 0.3750000000
126383  -0.091  -39.693  57.980 0.2500000000
134969  6.506  -37.118  59.226 1.0000000000
45033  0.022  -36.909  56.783 0.2500000000
43302  5.204  -38.066  56.769 0.5000000000
43295  4.275  -39.030  57.361 0.3750000000
42532  -0.081  -38.821  56.671 0.2500000000
118371  6.468  -38.755  53.290 0.1250000000
120726  5.936  -38.868  53.756 0.1250000000
118634  5.619  -38.057  54.520 0.3750000000
43315  4.705  -38.845  55.458 0.2500000000
42530  3.888  -39.614  56.597 0.3750000000
119195  6.534  -36.813  55.147 0.6250000000
118245  7.076  -36.648  59.713 0.7500000000
118530  6.254  -37.223  57.850 1.0000000000
143863  6.214  -37.173  56.508 0.7500000000
118656  6.277  -37.060  55.876 0.7500000000
45870  8.383  -35.554  53.318 0.6250000000
45060  8.443  -36.623  51.488 0.2500000000
118637  9.259  -35.521  58.476 0.7500000000
135537  7.288  -36.372  57.308 0.8750000000
136472  8.358  -35.730  57.569 0.8750000000
118404  8.787  -35.583  56.977 0.8750000000
118932  7.629  -36.104  56.060 0.8750000000
45889  9.371  -35.215  51.548 0.5000000000
45890  8.735  -35.823  51.607 0.5000000000
45834  11.227  -35.041  57.905 0.5000000000
45841  10.300  -35.176  56.591 0.8750000000
118442  9.610  -35.342  57.160 0.8750000000
118252  8.866  -35.512  55.445 1.0000000000
45896  9.892  -35.255  50.364 0.3750000000
46761  9.645  -34.850  52.290 0.7500000000
47701  10.750  -33.995  50.371 0.3750000000
124990  12.296  -34.557  55.861 0.6250000000
46724  10.924  -34.927  55.174 0.8750000000
46733  12.378  -34.437  55.199 0.6250000000
46735  10.753  -34.782  54.303 1.0000000000
46759  11.054  -34.198  52.739 0.8750000000
46749  9.713  -34.865  53.191 0.8750000000
47728  11.684  -33.279  48.831 0.5000000000
123736  12.480  -34.293  54.548 0.7500000000
47671  12.601  -33.507  52.557 1.0000000000
47672  11.799  -33.673  52.242 0.8750000000
47700  11.691  -33.177  50.587 0.7500000000
48586  12.413  -32.768  50.429 0.8750000000
48598  12.596  -32.569  49.544 0.8750000000
135602  14.562  -33.507  53.824 0.7500000000
128006  13.171  -33.096  52.006 0.8750000000
119048  14.501  -32.974  51.320 0.8750000000
48575  13.738  -32.733  50.804 0.8750000000
128461  13.599  -32.590  47.682 0.8750000000
48597  13.342  -32.448  49.543 1.0000000000
46927  17.413  -34.552  40.967 0.3750000000
45163  17.739  -36.117  42.596 0.3750000000
137595  17.118  -35.856  43.124 0.5000000000
139179  17.431  -36.404  43.435 0.1250000000
47842  17.004  -34.112  41.576 0.6250000000
47823  17.032  -33.215  43.005 0.7500000000
48634  13.934  -32.733  46.828 0.7500000000
48727  17.218  -33.049  40.390 0.3750000000
47856  17.258  -33.893  40.691 0.3750000000
48712  16.954  -32.379  40.993 0.5000000000
135603  16.946  -32.652  41.735 0.7500000000
48694  17.084  -32.541  42.541 0.7500000000
48608  16.354  -32.945  47.988 0.8750000000
48630  17.599  -32.297  46.006 0.6250000000
134407  15.680  -33.523  45.169 0.7500000000
48663  17.381  -32.517  44.531 0.7500000000
49483  17.708  -31.640  44.682 0.8750000000
51378  17.428  -29.857  40.493 0.7500000000
50397  17.214  -30.493  41.201 0.8750000000
141881  17.035  -32.991  48.194 0.8750000000
52377  17.774  -28.350  41.619 0.8750000000
136383  17.515  -29.537  42.491 0.8750000000
51356  17.523  -29.871  43.004 0.8750000000
51266  24.630  -29.303  49.513 0.5000000000
51252  24.140  -29.125  50.070 0.3750000000
52234  23.490  -28.842  49.814 0.6250000000
132835  22.489  -27.744  50.274 0.7500000000
51280  25.371  -29.292  48.896 0.6250000000
123053  25.959  -29.147  49.385 0.6250000000
51294  25.161  -29.391  47.959 0.7500000000
51282  23.762  -29.380  48.457 0.6250000000
52246  23.232  -28.977  48.959 0.7500000000
53261  22.064  -27.739  48.891 1.0000000000
53249  21.570  -26.490  49.941 0.8750000000
53262  21.594  -26.845  49.087 0.8750000000
54261  21.564  -26.198  50.835 0.8750000000
55215  20.409  -25.365  50.782 0.8750000000
55226  19.678  -25.441  49.606 0.8750000000
55208  20.460  -25.418  51.497 0.7500000000
54262  19.048  -25.778  50.936 0.7500000000
54275  18.401  -26.464  49.711 0.8750000000
51304  26.294  -28.970  46.921 0.7500000000
51305  25.479  -29.290  46.869 0.8750000000
51295  24.504  -29.566  47.288 0.7500000000
51307  23.749  -29.661  46.824 0.8750000000
51296  23.708  -29.543  47.664 0.7500000000
52279  21.673  -27.848  47.506 1.0000000000
142434  21.158  -26.643  47.987 1.0000000000
54284  21.120  -26.378  48.489 1.0000000000
54285  20.435  -25.729  48.662 0.8750000000
129715  18.031  -26.972  49.166 0.8750000000
48606  18.466  -32.416  48.205 0.8750000000
52293  26.790  -28.676  46.649 0.7500000000
51319  25.307  -29.283  45.838 0.7500000000
51320  24.467  -29.531  45.496 0.8750000000
52294  22.243  -29.003  46.148 1.0000000000
53278  21.204  -26.929  47.484 1.0000000000
53279  20.708  -26.431  46.831 1.0000000000
119126  19.826  -25.596  47.926 0.8750000000
142928  17.975  -29.227  48.659 0.8750000000
50333  19.044  -30.900  49.029 0.8750000000
49452  18.688  -32.110  47.754 0.8750000000
52323  25.716  -28.904  44.436 1.0000000000
51329  25.157  -29.266  44.934 1.0000000000
52322  26.296  -28.583  44.929 1.0000000000
51330  24.343  -29.415  44.614 0.8750000000
131853  22.891  -29.415  44.731 0.8750000000
51322  22.606  -29.333  45.428 0.8750000000
53290  21.153  -27.583  45.637 1.0000000000
52295  21.663  -28.336  45.989 1.0000000000
124293  21.296  -27.485  46.614 1.0000000000
54308  20.105  -25.961  46.111 1.0000000000
54309  19.195  -25.590  46.494 0.8750000000
143838  17.699  -27.068  46.694 0.8750000000
54297  19.076  -25.579  47.363 0.8750000000
53280  17.757  -27.073  47.433 0.8750000000
53281  17.565  -27.983  46.946 0.8750000000
52280  17.664  -28.186  47.772 0.8750000000
51309  18.014  -29.981  47.291 0.8750000000
50356  18.242  -30.703  46.734 0.8750000000
49460  18.502  -32.090  47.164 0.8750000000
51343  24.250  -29.206  43.794 1.0000000000
52340  24.837  -28.920  43.246 1.0000000000
52339  25.660  -28.661  43.459 1.0000000000
51344  23.539  -29.146  43.626 0.8750000000
52311  21.590  -28.332  45.153 1.0000000000
53318  21.098  -27.542  43.916 1.0000000000
53304  20.659  -26.777  45.180 1.0000000000
54337  18.613  -26.029  44.865 1.0000000000
134388  17.685  -27.280  44.789 0.8750000000
53292  17.872  -26.631  46.002 0.8750000000
51323  17.648  -29.614  45.608 0.7500000000
51299  17.634  -29.014  47.170 0.8750000000
50357  17.926  -30.652  46.015 0.7500000000
52357  24.666  -28.584  42.518 1.0000000000
52356  25.315  -28.525  42.763 1.0000000000
124478  23.069  -28.473  42.166 1.0000000000
52342  22.966  -28.829  43.005 0.8750000000
52358  23.804  -28.586  42.325 1.0000000000
140240  22.036  -28.585  42.978 0.8750000000
52343  21.556  -28.183  43.413 1.0000000000
53334  21.027  -27.438  43.003 1.0000000000
54335  20.183  -26.359  44.491 1.0000000000
127402  19.606  -26.109  43.817 1.0000000000
134440  18.832  -26.057  44.047 1.0000000000
53320  18.065  -26.644  44.295 1.0000000000
129766  17.519  -28.087  44.886 0.7500000000
54382  26.387  -26.528  41.231 1.0000000000
55289  26.862  -25.752  41.012 1.0000000000
53365  25.919  -27.359  41.476 1.0000000000
53367  24.099  -27.670  40.915 1.0000000000
52373  23.559  -28.152  41.620 1.0000000000
52375  21.918  -27.863  41.792 1.0000000000
53351  21.121  -27.250  41.957 0.8750000000
54350  19.692  -26.173  42.901 0.8750000000
53335  20.426  -26.686  43.584 1.0000000000
54366  19.733  -26.176  41.994 0.8750000000
54368  18.518  -26.415  42.691 1.0000000000
54352  18.372  -26.457  43.469 0.8750000000
53337  17.712  -27.794  43.323 0.8750000000
52344  17.575  -28.690  43.725 0.8750000000
52327  17.537  -28.557  44.401 0.7500000000
127185  17.551  -29.187  44.305 0.7500000000
51333  17.641  -29.836  44.668 0.7500000000
54397  24.373  -26.415  39.502 1.0000000000
53385  24.657  -26.998  40.367 1.0000000000
53406  23.928  -26.962  39.894 1.0000000000
143951  24.068  -27.275  40.383 0.8750000000
53368  22.282  -27.546  41.043 0.8750000000
52374  22.715  -28.075  41.655 0.8750000000
53370  20.760  -26.702  40.878 0.8750000000
54383  19.784  -26.223  41.092 0.8750000000
54384  19.115  -26.224  41.491 0.8750000000
53353  18.143  -26.945  42.317 0.8750000000
53354  17.817  -27.815  42.461 0.8750000000
54412  23.633  -26.600  39.117 1.0000000000
133726  22.433  -26.790  38.952 0.8750000000
53408  21.878  -26.828  39.351 0.8750000000
120998  20.652  -26.533  39.831 0.8750000000
54398  19.122  -26.436  40.610 0.8750000000
139521  18.028  -27.839  40.893 0.8750000000
52390  17.707  -28.818  40.739 0.7500000000
53288  28.463  -27.619  46.563 0.8750000000
53302  26.838  -28.314  45.301 0.8750000000
118802  26.924  -27.973  43.794 1.0000000000
53315  28.088  -27.223  44.643 0.8750000000
53331  27.178  -27.501  43.204 1.0000000000
53332  26.469  -28.106  43.249 1.0000000000
53364  26.623  -27.070  41.883 1.0000000000
55300  25.992  -25.337  40.073 1.0000000000
55288  27.701  -25.718  41.423 1.0000000000
118728  28.010  -26.404  42.668 1.0000000000
55297  28.290  -25.364  40.887 1.0000000000
55314  26.535  -24.832  39.714 0.8750000000
56211  26.882  -24.458  38.840 0.8750000000
56233  27.102  -24.294  36.923 0.8750000000
55376  27.534  -24.996  34.750 0.7500000000
132159  27.764  -25.773  34.044 0.7500000000
119214  29.722  -26.368  43.894 0.8750000000
119539  28.724  -26.218  42.668 1.0000000000
118781  29.018  -25.382  40.403 1.0000000000
120658  30.067  -26.256  43.112 1.0000000000
54377  31.454  -26.275  41.885 0.8750000000
54393  31.691  -26.067  40.483 1.0000000000
54392  32.654  -26.166  40.606 0.8750000000
54420  32.026  -25.793  38.963 1.0000000000
55326  31.189  -25.646  38.714 1.0000000000
59707  27.861  -20.773  32.923 0.7500000000
57853  29.226  -22.480  33.281 0.7500000000
59677  29.506  -20.392  35.658 1.0000000000
60619  28.888  -19.857  34.676 1.0000000000
59648  32.279  -20.550  39.309 0.8750000000
61484  30.456  -18.499  35.292 1.0000000000
60634  28.888  -19.222  34.079 1.0000000000
61524  28.083  -18.966  32.337 0.8750000000
59708  27.628  -20.536  32.388 0.7500000000
62263  33.829  -18.394  39.047 0.5000000000
60577  32.180  -19.602  38.913 0.8750000000
62303  33.442  -17.413  36.552 0.8750000000
62304  32.697  -17.758  36.232 1.0000000000
62317  32.474  -17.406  35.522 1.0000000000
62319  31.059  -17.998  34.824 1.0000000000
61532  27.990  -18.557  31.457 0.8750000000
62261  35.398  -17.564  39.832 0.5000000000
63225  33.822  -16.521  36.221 1.0000000000
63234  32.797  -16.760  35.285 1.0000000000
59777  29.886  -20.238  27.655 0.2500000000
62391  28.010  -17.613  29.346 0.6250000000
63242  31.887  -16.384  34.195 1.0000000000
62328  32.243  -16.974  34.868 1.0000000000
62340  31.241  -16.985  33.681 1.0000000000
59789  31.969  -20.970  26.885 0.1250000000
60701  29.576  -19.481  27.319 0.3750000000
60700  30.339  -19.867  26.976 0.1250000000
62413  28.629  -17.971  27.737 0.6250000000
59790  31.243  -20.305  26.726 0.1250000000
119205  35.971  -17.954  41.952 0.2500000000
63138  37.652  -16.603  41.739 0.2500000000
64192  34.833  -15.656  37.135 0.6250000000
63291  29.228  -16.383  30.056 0.8750000000
64173  36.196  -15.324  38.526 0.5000000000
64251  31.377  -15.189  32.961 1.0000000000
63303  29.153  -16.331  29.245 1.0000000000
62411  30.030  -17.273  26.961 0.5000000000
62412  29.294  -17.598  27.287 0.6250000000
127549  31.658  -15.008  33.359 1.0000000000
64292  29.782  -15.713  29.781 1.0000000000
66100  32.557  -14.089  34.586 1.0000000000
122794  30.377  -15.306  29.133 1.0000000000
66124  31.532  -13.423  32.273 1.0000000000
65247  31.020  -15.155  28.854 1.0000000000
63339  31.696  -16.951  26.739 0.5000000000
64317  32.350  -15.977  27.989 0.6250000000
63338  32.560  -16.804  26.764 0.5000000000
62440  32.856  -17.690  25.891 0.3750000000
68777  35.602  -10.278  35.167 1.0000000000
67086  32.464  -12.474  33.758 1.0000000000
68797  34.132  -10.190  33.380 1.0000000000
67103  32.234  -11.776  31.865 1.0000000000
67104  31.751  -12.591  31.794 1.0000000000
67126  32.608  -12.233  30.653 1.0000000000
121597  32.120  -12.725  30.354 1.0000000000
65214  31.262  -13.631  30.079 1.0000000000
65246  31.648  -14.837  29.054 1.0000000000
65245  32.571  -14.936  28.973 1.0000000000
63366  34.531  -17.004  24.933 0.1250000000
67932  34.475  -10.684  32.068 1.0000000000
67125  33.426  -12.493  30.467 1.0000000000
66170  32.794  -12.891  30.087 1.0000000000
64340  34.519  -15.695  25.838 0.5000000000
63349  34.172  -16.514  25.655 0.3750000000
68774  38.033  -10.050  35.622 0.6250000000
142834  34.876  -12.032  31.037 1.0000000000
67946  35.148  -11.444  31.477 1.0000000000
65213  34.299  -13.834  29.738 1.0000000000
66168  34.796  -13.361  30.121 1.0000000000
65212  35.259  -13.687  29.788 1.0000000000
141589  35.444  -14.543  23.873 0.1250000000
66122  37.391  -12.846  31.027 0.8750000000
64313  36.064  -14.227  28.542 1.0000000000
67176  36.393  -12.431  23.864 0.3750000000
66244  36.023  -13.219  23.758 0.3750000000
140863  35.499  -13.292  25.482 0.6250000000
68019  38.204  -11.431  23.106 0.5000000000
67186  38.436  -12.467  22.520 0.3750000000
67175  37.154  -12.199  23.421 0.6250000000
68033  37.886  -11.948  22.940 0.3750000000
66243  36.869  -13.101  23.396 0.6250000000
67197  39.973  -12.391  21.547 0.2500000000
65210  37.124  -13.665  30.027 1.0000000000
65255  36.389  -13.962  28.260 1.0000000000
67996  37.568  -11.110  25.059 1.0000000000
67995  38.281  -11.062  25.702 1.0000000000
68871  38.046  -10.967  24.394 0.8750000000
67994  39.222  -10.935  25.679 1.0000000000
68854  39.181  -10.749  24.816 0.8750000000
68870  38.748  -10.808  24.229 1.0000000000
67157  36.962  -11.554  25.468 1.0000000000
67158  36.256  -12.112  25.457 0.8750000000
68886  39.124  -10.831  23.473 0.7500000000
66143  38.560  -13.941  31.385 1.0000000000
65209  37.830  -14.099  30.236 1.0000000000
65254  37.058  -13.547  28.639 1.0000000000
66192  40.518  -13.588  28.728 1.0000000000
67146  39.391  -11.870  27.497 1.0000000000
66212  37.070  -12.609  27.052 1.0000000000
67980  40.802  -11.452  26.539 0.7500000000
68852  40.849  -11.009  24.968 0.8750000000
68885  40.020  -10.748  23.393 0.8750000000
123087  40.954  -10.782  23.412 0.8750000000
68805  40.228  -10.884  32.420 0.5000000000
67098  39.687  -12.930  32.248 0.7500000000
65208  38.798  -14.759  30.700 0.8750000000
67124  42.935  -13.495  30.814 0.5000000000
65241  38.459  -14.028  29.396 1.0000000000
66193  38.822  -13.554  28.877 1.0000000000
67971  42.100  -12.210  27.146 0.6250000000
70655  42.336  -8.743  21.383 0.6250000000
65188  40.384  -14.492  31.779 0.8750000000
67128  43.268  -12.700  29.449 0.3750000000
65206  40.372  -14.879  30.797 0.8750000000
132226  42.665  -7.873  22.456 1.0000000000
69772  42.678  -9.544  22.491 1.0000000000
130649  42.384  -7.955  21.685 0.7500000000
68007  43.716  -11.284  24.777 0.6250000000
67989  44.478  -11.303  25.197 0.6250000000
128542  44.738  -8.881  24.294 0.7500000000
70642  44.064  -8.462  23.923 0.8750000000
143980  43.965  -6.988  24.052 0.8750000000
72291  43.872  -5.794  23.185 0.8750000000
68851  45.073  -10.948  24.861 0.6250000000
70638  45.319  -8.825  24.826 0.7500000000
72278  45.539  -6.296  24.614 0.7500000000
73113  44.707  -5.688  23.522 0.8750000000
73124  45.386  -5.449  23.109 0.8750000000
71492  46.237  -7.362  25.487 0.3750000000
72272  46.840  -6.696  25.587 0.2500000000
72277  46.197  -6.489  25.114 0.3750000000
73092  47.811  -6.136  25.416 0.1250000000
73100  46.245  -5.873  24.499 0.6250000000
72271  47.559  -6.773  26.021 0.1250000000
73091  48.852  -6.002  25.068 0.2500000000
47763  12.892  -33.755  46.691 0.6250000000
127630  17.444  -37.355  45.399 0.1250000000
44321  17.614  -37.149  44.626 0.1250000000
44322  16.920  -36.915  44.951 0.1250000000
45135  14.485  -36.157  45.660 0.1250000000
45142  17.149  -36.650  44.222 0.2500000000
45143  16.450  -36.440  44.605 0.2500000000
46874  14.150  -33.775  45.734 0.6250000000
126125  14.255  -33.067  46.196 0.6250000000
47740  13.138  -32.958  47.062 0.6250000000
45970  16.659  -35.502  43.700 0.2500000000
45982  16.964  -35.288  43.003 0.5000000000
52400  18.803  -28.248  38.782 0.7500000000
52401  18.302  -28.688  39.291 0.7500000000
52413  18.644  -29.119  38.653 0.6250000000
43399  16.898  -37.627  48.737 0.1250000000
44298  17.121  -37.548  47.072 0.1250000000
44291  16.321  -37.294  47.390 0.1250000000
44300  15.607  -37.023  46.776 0.1250000000
118852  17.266  -37.484  46.218 0.1250000000
44309  16.690  -37.092  45.686 0.1250000000
44310  15.799  -36.813  45.831 0.1250000000
45134  15.144  -36.413  45.520 0.1250000000
139073  16.300  -36.734  45.214 0.1250000000
45133  15.740  -36.390  45.047 0.1250000000
45951  15.114  -35.823  45.013 0.2500000000
45952  14.389  -35.387  45.403 0.2500000000
45154  16.762  -36.132  43.891 0.2500000000
45960  16.000  -35.839  44.372 0.2500000000
46872  14.985  -34.837  44.964 0.2500000000
46873  14.423  -34.528  45.363 0.6250000000
46887  16.218  -34.928  44.147 0.3750000000
131984  15.573  -35.149  44.579 0.2500000000
46888  15.782  -34.222  44.699 0.5000000000
47761  15.061  -33.196  45.734 0.6250000000
46899  16.724  -34.760  43.459 0.6250000000
47806  16.609  -33.965  44.139 0.6250000000
52412  19.475  -28.594  37.882 0.6250000000
53412  18.630  -27.699  39.474 0.7500000000
51404  19.872  -29.570  37.592 0.6250000000
52221  23.645  -28.741  51.274 0.5000000000
53390  19.148  -26.812  39.680 0.7500000000
53429  19.803  -27.512  38.043 0.7500000000
52411  20.123  -28.496  37.381 0.6250000000
137020  20.543  -26.927  38.273 0.7500000000
52410  20.664  -27.565  37.452 0.7500000000
51418  21.695  -29.249  36.666 0.5000000000
52428  20.871  -28.630  36.946 0.3750000000
53409  21.029  -26.660  39.105 0.7500000000
56234  26.450  -24.277  37.402 0.7500000000
56235  25.830  -24.289  36.991 0.7500000000
55351  24.479  -25.096  36.391 0.6250000000
53428  21.498  -26.902  38.168 0.7500000000
55378  25.713  -25.008  35.115 0.7500000000
54454  25.282  -25.882  34.979 0.6250000000
53456  24.463  -27.258  35.444 0.6250000000
53457  23.541  -27.385  35.877 0.5000000000
121875  22.337  -28.549  36.476 0.5000000000
52409  21.589  -27.808  36.936 0.5000000000
54431  23.325  -26.326  36.731 0.6250000000
52427  22.867  -27.875  36.242 0.6250000000
53473  25.743  -26.797  34.782 0.5000000000
56222  27.083  -24.332  37.931 0.7500000000
139335  26.463  -24.368  38.196 0.7500000000
55350  25.161  -24.545  37.232 0.7500000000
54440  23.940  -25.863  36.250 0.6250000000
54441  23.839  -26.524  35.853 0.5000000000
53442  22.279  -27.583  36.800 0.6250000000
129541  22.225  -27.009  37.741 0.7500000000
55333  24.432  -25.056  37.646 0.6250000000
54430  23.929  -25.558  36.974 0.6250000000
120542  16.320  -33.363  53.165 0.6250000000
47645  15.133  -33.494  54.332 0.6250000000
138405  15.364  -33.362  52.844 0.6250000000
47683  15.569  -33.243  51.467 0.7500000000
54251  19.257  -25.883  51.746 0.6250000000
135929  16.721  -33.223  50.269 0.7500000000
55331  26.059  -24.534  38.783 0.7500000000
55332  25.223  -24.713  38.348 0.6250000000
56223  25.845  -24.380  37.858 0.7500000000
54421  23.818  -25.732  37.898 0.6250000000
54422  23.333  -26.347  38.144 0.6250000000
53441  22.683  -26.856  37.165 0.6250000000
120525  15.961  -33.365  52.291 0.6250000000
52210  18.731  -27.969  52.499 0.5000000000
49439  18.859  -31.061  51.023 0.5000000000
47695  17.331  -33.117  50.861 0.7500000000
47682  16.664  -33.313  51.620 0.7500000000
53235  18.896  -26.738  52.165 0.5000000000
52224  18.556  -28.573  51.674 0.5000000000
51236  18.871  -29.777  51.565 0.6250000000
49440  18.788  -31.622  50.522 0.6250000000
47711  17.411  -33.067  49.994 0.7500000000
123530  18.299  -27.920  50.931 0.6250000000
51254  18.953  -30.227  50.674 0.6250000000
50326  19.117  -30.909  50.055 0.6250000000
48593  17.506  -33.018  49.217 0.7500000000
53250  18.222  -27.223  50.329 0.7500000000
132490  18.459  -29.368  50.125 0.7500000000
131125  18.097  -29.074  49.306 0.7500000000
51283  18.439  -29.987  48.653 0.7500000000
124445  25.283  -26.023  39.947 0.8750000000
55315  25.587  -25.060  39.352 0.7500000000
54411  24.611  -25.534  38.842 0.8750000000
125563  23.974  -26.159  38.743 0.6250000000
53427  22.936  -26.734  38.523 0.6250000000
121868  18.510  -32.132  50.783 0.6250000000
48583  18.074  -32.731  50.392 0.6250000000
48582  18.514  -32.250  49.988 0.6250000000
119728  31.892  -26.416  43.556 0.7500000000
123882  32.753  -26.477  43.769 0.6250000000
54344  32.566  -26.454  42.942 0.6250000000
54359  32.405  -26.390  42.028 0.6250000000
54358  33.273  -26.491  42.393 0.6250000000
54408  32.255  -26.029  39.782 0.8750000000
55310  32.930  -25.865  39.139 0.8750000000
143442  33.485  -26.495  43.936 0.6250000000
54343  33.398  -26.528  43.229 0.6250000000
54342  34.189  -26.521  42.731 0.6250000000
54357  34.051  -26.439  41.735 0.7500000000
54375  33.142  -26.394  41.717 0.7500000000
133358  33.365  -26.275  41.101 0.7500000000
137565  32.709  -26.277  41.346 0.7500000000
55309  33.902  -25.821  39.427 0.7500000000
54407  33.052  -26.097  39.850 0.7500000000
55325  33.676  -25.481  38.503 0.6250000000
56220  34.240  -24.786  37.917 0.7500000000
55343  33.499  -25.237  37.647 0.8750000000
139446  34.218  -26.476  43.633 0.5000000000
55278  35.102  -26.296  42.220 0.5000000000
54374  34.229  -26.214  40.816 0.6250000000
55296  34.360  -25.966  40.094 0.6250000000
54391  33.577  -26.169  40.317 0.7500000000
55308  35.000  -25.354  39.597 0.6250000000
55324  34.565  -25.067  38.730 0.6250000000
56232  33.961  -24.507  37.135 0.8750000000
58735  27.752  -21.244  32.358 0.6250000000
60665  27.412  -19.886  31.181 0.5000000000
55277  35.816  -25.705  42.720 0.3750000000
55284  35.904  -25.547  41.747 0.3750000000
55285  35.049  -26.103  41.268 0.6250000000
56202  36.061  -24.644  40.504 0.6250000000
55295  35.003  -25.801  40.440 0.6250000000
55307  35.524  -25.193  40.201 0.6250000000
56209  35.723  -24.486  39.790 0.5000000000
56210  35.309  -24.347  39.030 0.7500000000
56219  34.841  -24.144  38.281 0.7500000000
55283  36.273  -25.031  42.405 0.2500000000
56195  36.179  -24.893  41.159 0.5000000000
57009  36.498  -23.749  41.884 0.1250000000
56201  36.400  -24.155  41.088 0.5000000000
57016  36.083  -23.713  40.290 0.5000000000
57022  35.631  -23.747  39.531 0.5000000000
57023  35.110  -23.345  38.931 0.7500000000
57004  36.413  -23.420  42.571 0.1250000000
57785  36.170  -23.058  42.087 0.1250000000
57010  36.191  -23.383  41.195 0.3750000000
57793  35.630  -22.907  40.743 0.5000000000
72218  42.345  -6.293  34.321 0.2500000000
72219  41.480  -6.346  34.316 0.2500000000
72220  40.694  -6.541  34.529 0.2500000000
71435  40.060  -6.983  34.974 0.3750000000
71447  39.529  -7.653  34.462 0.3750000000
71445  42.915  -7.062  34.148 0.2500000000
72226  41.991  -6.937  33.870 0.2500000000
72227  41.054  -6.898  33.817 0.2500000000
70591  40.345  -8.264  33.003 0.3750000000
70582  39.153  -8.137  33.706 0.3750000000
69694  38.145  -9.159  33.142 0.6250000000
71453  42.594  -7.880  33.774 0.2500000000
142732  42.024  -8.317  33.384 0.2500000000
69693  39.178  -9.174  32.629 0.3750000000
124564  37.439  -9.993  32.666 0.6250000000
70590  41.938  -9.081  33.200 0.2500000000
69701  41.058  -10.348  32.682 0.2500000000
57779  36.113  -22.831  42.922 0.1250000000
57780  35.566  -22.512  42.382 0.2500000000
57786  35.651  -22.742  41.554 0.2500000000
57787  35.124  -22.460  41.213 0.3750000000
57794  34.753  -22.396  40.569 0.5000000000
72990  41.533  -5.471  35.412 0.2500000000
72999  41.857  -5.732  34.732 0.2500000000
72210  41.009  -5.873  35.645 0.2500000000
71436  39.704  -7.725  35.528 0.3750000000
72211  40.579  -6.403  35.404 0.2500000000
125492  39.287  -8.185  35.177 0.3750000000
70572  38.479  -8.789  34.634 0.6250000000
72217  43.265  -6.326  34.476 0.2500000000
137275  43.393  -7.866  34.213 0.2500000000
70589  42.709  -8.927  33.649 0.2500000000
70571  38.953  -8.333  34.539 0.3750000000
69683  37.353  -9.480  33.802 0.7500000000
67919  41.605  -12.005  33.250 0.3750000000
68804  41.121  -11.260  32.786 0.2500000000
67097  40.688  -13.307  32.687 0.3750000000
67925  40.786  -11.980  32.753 0.5000000000
58638  34.978  -22.220  41.874 0.2500000000
72998  42.691  -5.626  34.711 0.2500000000
72989  42.246  -5.149  35.220 0.2500000000
69663  38.719  -9.723  35.886 0.5000000000
69672  38.247  -9.325  35.127 0.6250000000
122548  44.120  -8.449  34.566 0.2500000000
70581  43.423  -8.751  34.143 0.2500000000
69691  42.684  -9.922  33.612 0.2500000000
120296  43.391  -10.769  34.087 0.3750000000
68793  41.800  -11.106  33.229 0.3750000000
140383  43.064  -12.314  33.681 0.3750000000
67918  42.445  -11.845  33.627 0.3750000000
67089  42.205  -12.673  33.333 0.3750000000
69681  44.233  -9.668  34.576 0.2500000000
68791  44.110  -11.246  34.143 0.3750000000
67088  43.029  -12.885  33.195 0.3750000000
67095  42.536  -13.353  32.755 0.3750000000
68782  44.519  -10.498  34.388 0.3750000000
67924  43.775  -12.490  33.174 0.3750000000
67094  43.417  -13.057  32.295 0.3750000000
67068  35.530  -12.703  37.473 0.7500000000
67076  35.823  -11.979  37.296 0.7500000000
66073  35.624  -13.260  37.749 0.6250000000
120246  15.290  -33.423  53.546 0.6250000000
47696  16.250  -33.259  50.820 0.7500000000
127332  18.357  -27.066  50.969 0.6250000000
54345  31.013  -26.391  43.319 0.7500000000
57866  28.162  -22.018  32.348 0.6250000000
57801  35.439  -23.091  39.868 0.5000000000
60650  27.523  -19.887  32.033 0.6250000000
69703  38.497  -9.983  32.362 0.6250000000
122749  39.405  -10.090  32.320 0.5000000000
67916  44.291  -11.838  33.547 0.3750000000
47762  13.594  -33.336  46.409 0.6250000000
47784  14.972  -33.938  45.227 0.6250000000
53410  19.973  -26.737  39.043 0.7500000000
55364  26.227  -24.487  35.561 0.7500000000
56244  26.356  -24.280  36.421 0.7500000000
46856  13.365  -34.195  46.158 0.6250000000
45128  14.844  -36.615  46.242 0.1250000000
143216  19.239  -28.040  38.331 0.6250000000
53411  19.218  -27.420  38.840 0.7500000000
51405  19.163  -29.381  38.155 0.6250000000
50426  18.675  -29.983  38.566 0.6250000000
44299  16.461  -37.229  46.497 0.1250000000
124842  24.994  -25.199  35.501 0.6250000000
54439  24.465  -26.021  35.523 0.6250000000
141920  23.061  -27.139  36.429 0.6250000000
52440  23.686  -28.549  35.862 0.3750000000
53236  18.526  -27.449  51.613 0.5000000000
47681  17.657  -33.006  51.809 0.7500000000
128232  18.482  -29.033  50.868 0.6250000000
49446  18.941  -31.599  49.623 0.6250000000
52236  18.108  -28.267  50.092 0.7500000000
56194  36.392  -24.607  41.797 0.2500000000
139604  41.135  -5.982  34.939 0.2500000000
71455  40.675  -7.573  33.423 0.2500000000
71446  40.226  -7.109  34.025 0.3750000000
71454  41.589  -7.591  33.491 0.2500000000
70599  39.994  -8.851  32.679 0.3750000000
71456  39.853  -7.752  33.509 0.3750000000
70593  38.849  -8.609  33.203 0.6250000000
70583  38.528  -8.611  33.876 0.5000000000
69682  37.945  -9.059  34.227 0.6250000000
126664  41.242  -8.274  33.136 0.2500000000
69702  40.137  -9.704  32.487 0.3750000000
69692  40.962  -9.167  32.764 0.2500000000
119449  41.891  -10.081  33.088 0.2500000000
58633  34.838  -21.968  42.654 0.2500000000
69690  43.432  -9.780  34.107 0.2500000000
67917  43.264  -11.606  33.933 0.3750000000
68792  42.604  -10.941  33.681 0.3750000000
39951  -0.649  -43.002  51.989 0.1250000000
40911  -0.659  -42.218  51.409 0.1250000000
122459  -0.222  -41.243  51.885 0.1250000000
119089  -0.511  -41.343  50.908 0.1250000000
139226  -0.348  -40.428  50.575 0.1250000000
39063  -0.025  -43.955  53.578 0.1250000000
40896  -0.299  -42.043  52.430 0.1250000000
41735  0.143  -41.054  52.817 0.1250000000
129883  0.097  -40.280  52.348 0.1250000000
129936  -0.145  -40.425  51.475 0.1250000000
38090  1.086  -44.247  56.089 0.1250000000
39041  0.754  -43.377  56.292 0.1250000000
39050  0.735  -43.367  55.334 0.1250000000
120521  0.333  -42.809  54.899 0.1250000000
140386  0.152  -41.777  55.335 0.1250000000
120221  0.149  -42.254  54.227 0.1250000000
123169  0.069  -40.812  55.320 0.1250000000
140418  0.226  -40.820  53.621 0.1250000000
139319  0.112  -39.168  52.780 0.1250000000
143513  0.057  -38.222  52.738 0.1250000000
127319  -0.067  -38.800  51.039 0.1250000000
42592  -0.097  -39.567  51.206 0.1250000000
126120  -0.216  -39.467  50.231 0.1250000000
38089  0.952  -44.683  56.686 0.1250000000
38085  0.835  -43.943  56.804 0.1250000000
138115  0.101  -41.863  57.994 0.1250000000
40836  0.173  -41.411  58.640 0.1250000000
39929  0.246  -42.547  56.820 0.1250000000
41662  0.109  -40.503  59.002 0.1250000000
40869  0.036  -40.980  56.051 0.1250000000
41705  0.065  -40.100  54.984 0.1250000000
43342  0.043  -38.457  54.323 0.1250000000
42570  0.141  -39.230  53.782 0.1250000000
136118  0.137  -37.701  53.204 0.1250000000
43373  -0.076  -38.662  51.920 0.1250000000
143182  0.140  -37.400  51.484 0.1250000000
44227  -0.068  -37.977  51.328 0.1250000000
43386  -0.094  -38.434  50.461 0.1250000000
44244  0.008  -37.509  50.620 0.1250000000
39022  1.164  -43.461  59.127 0.2500000000
37164  0.952  -45.190  57.931 0.1250000000
38080  0.652  -44.293  58.262 0.1250000000
39894  0.816  -42.557  58.922 0.2500000000
39033  0.447  -43.267  57.346 0.2500000000
138602  0.273  -42.868  58.069 0.2500000000
40825  0.514  -41.165  59.168 0.2500000000
39917  0.182  -42.453  57.673 0.2500000000
133009  -0.083  -41.088  56.926 0.1250000000
40848  -0.062  -41.207  57.819 0.1250000000
41672  -0.051  -40.542  58.393 0.1250000000
41687  -0.108  -40.271  56.599 0.1250000000
41681  -0.137  -40.393  57.480 0.1250000000
42556  0.053  -39.264  54.657 0.1250000000
42545  -0.049  -39.255  55.513 0.1250000000
42537  -0.102  -39.474  56.288 0.1250000000
130725  0.066  -37.792  54.048 0.1250000000
131655  0.037  -37.914  54.804 0.1250000000
43330  -0.004  -38.525  55.095 0.1250000000
125344  0.330  -37.089  53.504 0.1250000000
45054  0.301  -37.356  52.885 0.1250000000
44213  0.099  -37.686  52.237 0.1250000000
45883  0.538  -36.965  52.577 0.1250000000
123400  0.369  -37.260  51.965 0.1250000000
45892  0.613  -36.866  51.538 0.1250000000
45061  0.297  -37.064  51.100 0.1250000000
44265  0.016  -37.289  49.784 0.1250000000
45073  0.182  -36.877  50.254 0.1250000000
40824  0.807  -41.402  59.260 0.2500000000
131656  0.018  -37.917  55.511 0.1250000000
43316  -0.014  -38.254  56.173 0.1250000000
44195  0.103  -37.423  54.683 0.1250000000
138380  -0.043  -38.529  55.680 0.1250000000
45047  0.195  -37.059  54.351 0.1250000000
133872  0.560  -36.741  53.347 0.1250000000
45873  0.793  -36.229  53.732 0.1250000000
45882  0.835  -36.373  52.874 0.1250000000
45891  0.861  -36.474  51.990 0.1250000000
139760  0.838  -36.321  51.131 0.1250000000
45899  0.542  -36.624  50.652 0.1250000000
45898  0.724  -36.012  50.329 0.1250000000
45091  0.111  -36.775  49.377 0.1250000000
45090  0.202  -36.189  48.807 0.1250000000
135322  -0.004  -37.530  56.254 0.1250000000
45042  0.070  -37.031  55.148 0.1250000000
134102  0.147  -36.657  55.579 0.1250000000
45874  0.434  -36.694  54.077 0.1250000000
45872  1.293  -35.816  53.311 0.1250000000
45881  1.225  -35.903  52.378 0.1250000000
46776  1.800  -35.441  51.729 0.1250000000
45897  1.185  -35.715  50.903 0.1250000000
141394  1.105  -35.973  51.608 0.1250000000
45072  0.384  -36.376  49.779 0.1250000000
45914  1.175  -35.385  50.031 0.1250000000
45925  1.112  -35.127  49.147 0.1250000000
45926  0.572  -35.542  48.552 0.1250000000
46820  1.082  -34.882  48.286 0.1250000000
47731  2.811  -33.836  48.352 0.1250000000
45038  -0.034  -36.967  55.901 0.1250000000
45836  0.181  -36.402  57.264 0.1250000000
45028  0.326  -36.843  58.899 0.1250000000
45862  0.713  -36.150  54.617 0.1250000000
45853  0.576  -36.086  55.632 0.1250000000
45835  0.722  -35.794  57.527 0.1250000000
134751  0.366  -36.190  57.924 0.1250000000
45843  0.724  -35.840  56.543 0.1250000000
45861  1.354  -35.741  54.266 0.1250000000
46751  2.984  -34.911  53.490 0.1250000000
46764  2.025  -35.447  52.849 0.1250000000
46763  2.773  -34.916  52.433 0.1250000000
46775  2.639  -34.782  51.425 0.1250000000
46787  1.836  -35.082  50.708 0.1250000000
46785  3.328  -34.149  50.433 0.1250000000
46804  1.898  -34.731  49.714 0.1250000000
47703  4.032  -33.882  50.793 0.1250000000
131703  2.847  -34.208  49.784 0.1250000000
47718  3.707  -33.818  49.943 0.1250000000
47719  3.240  -33.836  49.139 0.1250000000
46803  2.368  -34.246  48.976 0.1250000000
119003  1.632  -34.641  48.835 0.1250000000
47730  3.560  -33.557  48.569 0.1250000000
47729  4.218  -33.393  49.244 0.1250000000
45833  0.439  -36.233  58.652 0.1250000000
45027  0.589  -36.859  59.801 0.1250000000
45852  1.391  -35.640  55.277 0.1250000000
45842  1.408  -35.559  56.274 0.1250000000
46713  1.346  -35.504  57.071 0.1250000000
46727  2.599  -35.108  56.129 0.1250000000
46752  2.183  -35.384  53.879 0.1250000000
46750  3.768  -34.394  53.118 0.1250000000
46762  3.559  -34.419  52.080 0.1250000000
46774  3.413  -34.306  51.149 0.1250000000
47689  4.206  -33.924  51.706 0.1250000000
47702  4.759  -33.389  51.297 0.1250000000
47717  4.543  -33.376  50.310 0.1250000000
48601  5.145  -32.830  49.786 0.1250000000
43264  1.653  -38.110  61.285 0.3750000000
44146  1.563  -37.471  61.290 0.3750000000
45828  0.834  -36.108  60.291 0.1250000000
45026  1.014  -36.794  60.571 0.2500000000
123566  1.674  -34.956  59.625 0.1250000000
45827  0.948  -35.547  60.108 0.1250000000
46700  2.058  -35.211  58.014 0.1250000000
130983  1.434  -35.368  58.592 0.1250000000
46738  3.392  -34.593  55.530 0.1250000000
143868  3.069  -34.604  57.022 0.1250000000
46691  2.314  -34.551  59.110 0.1250000000
125057  3.182  -34.822  54.515 0.1250000000
46739  2.369  -35.282  54.930 0.1250000000
47675  4.353  -33.855  52.687 0.1250000000
47727  12.037  -33.254  48.091 0.3750000000
48588  5.305  -32.797  50.842 0.1250000000
43256  3.573  -38.278  63.176 0.5000000000
43257  2.796  -38.114  63.121 0.5000000000
43258  2.317  -37.918  62.883 0.3750000000
44138  2.161  -37.496  62.848 0.3750000000
45023  2.029  -36.578  62.416 0.3750000000
45824  1.832  -36.007  61.926 0.2500000000
142529  1.107  -35.470  60.688 0.1250000000
45826  1.292  -35.887  61.132 0.1250000000
46680  1.386  -34.855  60.704 0.1250000000
47604  1.926  -33.586  60.429 0.1250000000
46699  2.696  -34.299  58.470 0.1250000000
47608  2.241  -33.080  59.834 0.1250000000
48565  18.338  -31.483  52.257 0.5000000000
47607  2.647  -33.232  58.990 0.1250000000
48529  2.257  -32.099  59.157 0.1250000000
48574  18.138  -32.590  51.194 0.5000000000
47622  3.384  -33.733  57.348 0.1250000000
46737  3.916  -34.221  54.178 0.1250000000
47650  4.030  -33.573  55.833 0.1250000000
47662  4.512  -33.500  53.771 0.1250000000
135365  3.929  -34.113  55.051 0.1250000000
47674  4.838  -33.179  53.097 0.1250000000
47688  4.857  -33.334  52.262 0.1250000000
48578  5.317  -32.710  51.858 0.1250000000
44143  4.447  -38.252  63.071 0.5000000000
44136  3.279  -37.770  63.813 0.5000000000
44130  2.249  -36.821  63.742 0.3750000000
45016  2.260  -36.590  63.406 0.3750000000
45820  2.190  -35.769  62.726 0.3750000000
124849  1.559  -35.094  61.812 0.1250000000
45821  1.899  -35.046  62.378 0.1250000000
129585  18.932  -31.021  56.061 0.2500000000
135751  18.423  -31.399  54.848 0.2500000000
48544  18.561  -31.853  55.553 0.2500000000
47629  18.308  -32.126  54.766 0.3750000000
46675  1.398  -34.297  61.735 0.1250000000
46672  1.501  -34.461  62.195 0.1250000000
47641  18.223  -32.041  53.945 0.3750000000
47596  1.499  -34.116  61.224 0.1250000000
47594  1.183  -33.691  62.166 0.1250000000
48550  18.218  -30.994  53.505 0.5000000000
47655  18.217  -31.710  53.404 0.3750000000
47656  17.972  -32.510  53.406 0.3750000000
47642  17.766  -32.677  54.263 0.3750000000
130042  1.588  -32.151  60.025 0.1250000000
48521  1.563  -32.664  60.651 0.1250000000
47666  18.248  -31.968  52.782 0.3750000000
47668  17.043  -33.297  52.436 0.5000000000
48573  18.484  -32.017  51.357 0.5000000000
48535  3.244  -32.531  57.526 0.1250000000
48533  2.562  -31.982  58.332 0.1250000000
47635  3.982  -32.350  55.743 0.1250000000
141198  4.601  -32.815  54.323 0.1250000000
48559  4.776  -32.487  53.695 0.1250000000
49515  21.276  -31.500  39.844 0.1250000000
44142  5.346  -37.963  62.905 0.5000000000
123059  4.125  -37.597  64.215 0.5000000000
44141  6.211  -37.546  62.713 0.5000000000
45007  3.141  -36.688  64.738 0.3750000000
45815  2.351  -35.450  64.008 0.3750000000
45816  2.514  -35.163  63.551 0.2500000000
138316  18.754  -31.162  55.912 0.2500000000
121904  18.132  -32.551  55.759 0.3750000000
47630  17.580  -32.939  55.160 0.3750000000
48517  0.892  -32.770  61.585 0.1250000000
47597  1.309  -33.582  61.597 0.1250000000
49400  18.486  -30.705  55.125 0.2500000000
47643  16.882  -33.218  54.613 0.5000000000
47658  16.100  -33.385  54.063 0.5000000000
140698  18.409  -30.284  53.548 0.3750000000
49433  18.739  -30.883  51.428 0.5000000000
141378  18.114  -33.455  39.779 0.1250000000
47869  18.297  -34.046  40.150 0.1250000000
47868  18.809  -33.355  39.969 0.1250000000
48741  17.903  -32.155  39.510 0.1250000000
49516  20.651  -31.697  40.112 0.1250000000
49517  19.898  -31.909  39.830 0.1250000000
48726  19.594  -32.639  40.254 0.1250000000
49529  21.245  -31.282  38.900 0.1250000000
133522  23.371  -31.657  39.153 0.2500000000
49541  22.940  -31.347  38.399 0.2500000000
49528  22.020  -31.485  39.402 0.1250000000
49539  24.768  -31.465  38.805 0.1250000000
49540  23.829  -31.422  38.527 0.2500000000
50421  23.391  -30.971  37.754 0.2500000000
50431  24.795  -30.363  37.402 0.1250000000
50420  24.330  -30.972  37.943 0.2500000000
135298  25.640  -30.072  37.741 0.1250000000
51415  25.242  -29.672  36.891 0.1250000000
134978  7.943  -36.684  62.846 0.5000000000
44133  6.557  -37.227  63.281 0.3750000000
44134  5.754  -37.437  63.657 0.3750000000
118439  7.949  -36.324  60.920 0.5000000000
133915  6.697  -37.478  62.059 0.5000000000
51156  18.741  -30.082  58.254 0.2500000000
49390  19.320  -31.400  57.360 0.2500000000
48531  19.153  -31.861  57.149 0.2500000000
47618  17.940  -32.927  56.626 0.2500000000
120898  17.186  -33.367  56.844 0.5000000000
51164  17.745  -28.986  57.441 0.2500000000
51163  18.743  -30.286  57.164 0.2500000000
49393  19.070  -31.363  56.580 0.2500000000
47617  18.540  -32.305  56.391 0.2500000000
121350  17.335  -33.159  56.065 0.3750000000
47619  16.331  -33.559  56.494 0.5000000000
51171  18.123  -29.517  56.439 0.3750000000
120089  18.669  -30.477  55.970 0.2500000000
47631  16.598  -33.349  55.506 0.5000000000
126777  14.878  -33.663  55.124 0.5000000000
51170  18.117  -29.034  55.399 0.3750000000
51180  18.447  -29.864  54.990 0.3750000000
47644  15.848  -33.455  54.912 0.5000000000
50292  18.799  -29.987  53.613 0.3750000000
130321  18.656  -30.124  52.811 0.3750000000
50325  19.031  -30.866  50.925 0.5000000000
124364  17.258  -32.026  40.090 0.2500000000
48740  18.882  -32.307  39.516 0.1250000000
49532  18.407  -31.423  39.182 0.1250000000
49530  20.400  -31.411  39.265 0.1250000000
50412  18.910  -30.778  38.717 0.1250000000
50423  21.194  -30.882  37.891 0.1250000000
50422  22.327  -30.867  37.605 0.2500000000
49542  22.060  -31.339  38.486 0.1250000000
50432  23.905  -30.465  37.185 0.2500000000
51416  24.343  -29.851  36.677 0.2500000000
141042  26.366  -29.086  36.944 0.2500000000
52436  27.781  -28.897  35.632 0.2500000000
52437  26.834  -28.581  35.728 0.2500000000
52438  26.112  -28.404  35.791 0.2500000000
135548  28.657  -29.234  36.081 0.2500000000
118372  8.184  -36.505  61.637 0.5000000000
53137  17.315  -27.374  60.485 0.2500000000
52127  17.485  -28.539  60.762 0.2500000000
51135  17.717  -29.460  60.937 0.2500000000
133768  17.395  -26.725  59.788 0.2500000000
52135  17.590  -28.056  59.970 0.2500000000
51142  18.032  -29.317  60.443 0.2500000000
49382  19.068  -31.212  60.220 0.2500000000
49383  18.704  -31.632  60.570 0.2500000000
51149  18.189  -29.199  59.713 0.2500000000
51141  18.734  -29.975  60.151 0.2500000000
48518  19.113  -31.874  59.894 0.2500000000
47605  18.224  -33.105  58.255 0.2500000000
47606  17.208  -33.666  58.449 0.2500000000
52141  17.266  -26.809  58.974 0.2500000000
138097  17.308  -27.779  58.193 0.2500000000
51157  17.925  -29.135  58.700 0.2500000000
50260  19.284  -30.699  58.827 0.2500000000
49387  19.390  -31.388  58.410 0.2500000000
48532  18.854  -32.403  57.716 0.2500000000
47611  17.612  -33.294  57.498 0.2500000000
47613  15.788  -33.818  57.144 0.5000000000
53159  17.326  -26.314  57.871 0.2500000000
47621  14.650  -33.884  55.950 0.5000000000
53183  17.632  -26.887  56.269 0.3750000000
52164  17.641  -28.207  56.319 0.3750000000
47632  15.573  -33.610  55.769 0.5000000000
51189  18.582  -29.707  54.035 0.3750000000
127882  18.397  -29.079  54.594 0.3750000000
51202  18.711  -29.770  53.288 0.3750000000
52209  18.781  -28.917  53.048 0.3750000000
51220  18.853  -29.897  52.772 0.3750000000
50413  18.171  -30.563  39.070 0.3750000000
49533  17.678  -31.232  39.559 0.2500000000
50411  19.779  -30.917  38.568 0.1250000000
50424  20.206  -30.510  37.910 0.1250000000
136498  22.224  -30.176  36.898 0.2500000000
50434  21.488  -30.232  37.105 0.2500000000
134012  23.492  -29.858  36.559 0.2500000000
50433  23.006  -30.405  37.040 0.2500000000
51424  24.649  -29.061  36.101 0.1250000000
52426  25.763  -28.902  36.404 0.2500000000
53453  27.028  -28.035  34.655 0.3750000000
53454  26.243  -27.807  34.990 0.2500000000
53452  27.904  -28.294  34.383 0.3750000000
52447  30.248  -29.120  35.072 0.3750000000
53470  29.564  -28.493  33.987 0.3750000000
53122  16.696  -27.313  61.419 0.2500000000
52107  16.931  -28.414  61.322 0.2500000000
50238  17.428  -30.092  61.212 0.2500000000
54146  16.833  -25.961  61.350 0.2500000000
53121  17.038  -27.977  61.235 0.2500000000
50237  17.832  -30.173  61.015 0.2500000000
48516  17.508  -32.167  61.447 0.2500000000
50243  18.258  -30.682  60.936 0.2500000000
136006  18.250  -32.029  60.906 0.2500000000
48520  17.974  -32.655  60.779 0.2500000000
47598  18.299  -32.979  60.040 0.2500000000
46686  17.218  -33.849  59.392 0.2500000000
46693  15.705  -33.906  57.841 0.5000000000
46705  15.078  -34.000  57.320 0.5000000000
52163  18.022  -27.372  55.481 0.3750000000
52176  18.499  -27.737  54.745 0.3750000000
53206  18.980  -27.415  54.240 0.3750000000
52198  18.745  -28.485  53.710 0.3750000000
52223  18.786  -29.316  52.366 0.3750000000
52233  29.073  -28.881  50.442 0.3750000000
51264  26.643  -29.081  49.517 0.3750000000
51262  28.237  -28.941  49.933 0.3750000000
52245  27.734  -28.806  49.212 0.6250000000
50414  17.639  -30.258  39.626 0.3750000000
50425  19.411  -30.219  38.198 0.2500000000
51419  20.997  -29.498  36.925 0.2500000000
51403  20.644  -30.068  37.296 0.1250000000
54453  26.105  -25.812  34.591 0.5000000000
53455  25.463  -27.723  35.292 0.2500000000
125119  25.078  -28.329  35.670 0.2500000000
121227  27.482  -26.991  33.986 0.5000000000
53472  26.571  -26.852  34.430 0.3750000000
139439  28.215  -27.585  33.749 0.6250000000
52446  31.305  -28.898  34.997 0.2500000000
51116  16.854  -29.831  61.423 0.2500000000
50229  17.010  -30.874  61.546 0.2500000000
48513  16.643  -32.093  62.020 0.2500000000
140370  19.237  -26.722  54.769 0.3750000000
54218  19.742  -26.416  54.271 0.3750000000
53218  19.188  -27.177  53.710 0.3750000000
119452  18.921  -27.889  53.255 0.3750000000
51265  25.362  -29.251  49.803 0.3750000000
52220  29.219  -29.079  51.238 0.3750000000
52219  30.065  -28.838  51.596 0.3750000000
119006  29.017  -28.554  49.653 0.3750000000
125694  28.301  -28.563  49.096 0.6250000000
120017  30.317  -28.394  50.730 0.3750000000
52232  29.725  -28.505  50.159 0.3750000000
52231  30.373  -28.014  49.959 0.3750000000
52260  28.312  -28.282  48.442 0.6250000000
52244  29.713  -28.080  49.410 0.3750000000
53277  28.861  -27.825  47.950 0.6250000000
54294  30.534  -26.811  47.358 0.3750000000
54306  30.520  -26.613  46.453 0.5000000000
54319  29.846  -26.734  46.000 0.5000000000
51377  17.782  -29.244  39.830 0.6250000000
53469  30.470  -28.469  34.044 0.2500000000
54229  19.720  -26.267  53.394 0.3750000000
53226  19.112  -26.957  52.983 0.3750000000
121938  31.596  -27.653  51.219 0.3750000000
53247  31.000  -27.747  50.512 0.3750000000
54258  32.599  -26.490  50.492 0.2500000000
53246  31.354  -27.166  49.960 0.2500000000
54271  32.356  -26.274  49.747 0.2500000000
54282  31.394  -26.660  48.557 0.2500000000
53269  30.636  -27.137  48.621 0.2500000000
54281  32.297  -26.190  48.853 0.2500000000
54283  30.837  -26.847  48.049 0.2500000000
139430  29.720  -27.268  47.630 0.3750000000
54330  31.165  -26.387  44.243 0.6250000000
54329  32.142  -26.384  44.370 0.5000000000
54240  20.313  -25.712  52.861 0.3750000000
124314  22.555  -27.579  51.017 0.5000000000
55209  19.759  -25.406  51.267 0.5000000000
54241  19.509  -26.059  52.571 0.3750000000
53233  32.188  -27.105  50.909 0.2500000000
143934  31.605  -27.276  50.552 0.2500000000
54328  33.049  -26.397  44.600 0.3750000000
52208  22.990  -27.981  52.330 0.3750000000
53234  22.551  -27.380  51.856 0.3750000000
55207  21.029  -25.595  51.209 0.5000000000
52222  23.052  -28.140  51.518 0.3750000000
55201  20.907  -25.546  52.183 0.5000000000
55262  35.022  -26.096  44.227 0.2500000000
54327  34.027  -26.375  44.447 0.2500000000
54250  21.567  -26.008  51.752 0.5000000000
54260  22.071  -26.764  51.369 0.3750000000
57057  31.877  -23.738  33.848 0.5000000000
57058  31.167  -23.316  33.630 0.6250000000
58634  34.182  -21.460  42.172 0.2500000000
68049  43.555  -11.863  19.778 0.1250000000
68050  42.776  -11.780  20.008 0.1250000000
68057  43.163  -11.084  19.718 0.1250000000
129392  42.469  -10.981  20.136 0.1250000000
68051  41.964  -11.670  20.474 0.2500000000
68929  43.571  -10.294  19.502 0.1250000000
68930  42.842  -10.289  19.824 0.1250000000
136797  44.741  -9.362  19.188 0.1250000000
68920  42.356  -10.202  20.365 0.2500000000
69802  43.958  -9.457  19.269 0.1250000000
69803  43.076  -9.403  19.586 0.1250000000
70670  44.360  -8.688  18.973 0.1250000000
127026  43.495  -8.629  19.224 0.1250000000
70681  43.733  -7.835  18.697 0.1250000000
68911  41.914  -10.053  21.008 0.6250000000
69794  42.281  -9.319  20.704 0.2500000000
69804  42.580  -8.863  20.014 0.1250000000
70671  42.992  -7.849  19.271 0.1250000000
121884  42.898  -8.546  19.577 0.1250000000
71518  44.164  -7.376  18.051 0.1250000000
72305  43.849  -6.075  17.275 0.1250000000
72292  42.702  -6.410  22.488 0.7500000000
71506  42.428  -7.104  22.107 0.6250000000
71508  42.258  -7.147  21.253 0.2500000000
70672  42.549  -7.944  19.882 0.2500000000
71513  42.982  -7.024  18.839 0.1250000000
71519  43.519  -7.009  18.348 0.2500000000
72309  44.395  -6.108  16.605 0.1250000000
139425  43.746  -5.456  22.488 0.7500000000
72294  42.388  -6.368  21.720 0.5000000000
71510  42.338  -7.137  20.373 0.2500000000
72296  42.285  -6.337  20.856 0.3750000000
72299  42.387  -6.274  20.000 0.3750000000
71514  42.565  -7.051  19.558 0.2500000000
72298  42.656  -6.107  19.143 0.3750000000
73149  44.386  -5.008  16.400 0.1250000000
72301  43.671  -6.558  17.819 0.2500000000
72308  45.163  -6.597  16.097 0.1250000000
73133  44.184  -5.148  21.901 0.7500000000
73138  42.913  -5.310  20.929 0.5000000000
73135  42.557  -5.740  21.337 0.3750000000
134204  44.403  -4.690  20.451 0.6250000000
73137  43.695  -4.959  20.905 0.5000000000
73139  42.534  -5.660  20.487 0.3750000000
73986  44.179  -4.141  18.203 0.1250000000
73984  43.338  -4.796  19.375 0.3750000000
134562  42.929  -5.272  19.242 0.3750000000
73987  43.427  -4.865  18.576 0.3750000000
73143  43.057  -5.568  18.640 0.3750000000
73993  44.821  -4.137  16.214 0.1250000000
73991  43.740  -4.754  17.752 0.1250000000
72306  43.430  -5.548  17.894 0.2500000000
48615  5.011  -32.868  48.749 0.1250000000
44144  1.888  -37.817  62.079 0.3750000000
44148  1.307  -37.996  60.688 0.1250000000
39023  0.719  -43.451  58.730 0.2500000000
39904  0.292  -42.246  58.347 0.1250000000
118410  7.604  -37.023  62.025 0.5000000000
45029  0.131  -36.771  57.831 0.1250000000
118244  6.769  -37.152  52.995 0.1250000000
121490  11.604  -33.802  48.329 0.1250000000
139327  17.671  -32.915  39.800 0.2500000000
49518  17.239  -30.897  40.219 0.3750000000
51263  27.372  -29.034  49.743 0.3750000000
52389  18.091  -28.217  40.074 0.6250000000
118708  29.057  -27.419  47.084 0.5000000000
55363  27.098  -24.455  35.753 0.6250000000
54307  29.816  -26.995  46.797 0.6250000000
59619  33.884  -20.636  42.680 0.1250000000
73127  42.664  -5.843  22.072 0.5000000000
128518  -0.147  -39.579  57.090 0.1250000000
54452  26.994  -25.817  34.306 0.5000000000
47741  12.442  -33.461  47.349 0.5000000000
51392  18.139  -29.661  39.110 0.3750000000
51420  20.468  -29.267  37.144 0.2500000000
53474  25.036  -26.740  35.125 0.5000000000
52439  24.261  -28.166  35.619 0.2500000000
51417  23.113  -29.029  36.163 0.2500000000
47657  17.125  -33.160  53.775 0.5000000000
50315  18.894  -30.605  51.576 0.3750000000
51253  19.037  -30.585  51.431 0.3750000000
47667  17.870  -32.741  52.603 0.3750000000
55377  26.594  -24.929  34.857 0.6250000000
139365  23.872  -29.334  36.200 0.2500000000
136601  -0.186  -42.874  53.145 0.1250000000
139119  0.129  -43.139  54.054 0.1250000000
123628  0.090  -41.708  53.440 0.1250000000
41719  0.231  -40.113  53.244 0.1250000000
140232  -0.000  -39.616  51.947 0.1250000000
39936  0.343  -42.592  55.872 0.1250000000
122599  0.882  -44.020  54.947 0.1250000000
119366  0.038  -41.827  56.375 0.1250000000
40877  0.183  -41.081  54.457 0.1250000000
140084  0.175  -40.097  54.139 0.1250000000
43356  0.085  -38.348  53.485 0.1250000000
38084  0.636  -44.093  57.450 0.2500000000
40860  -0.006  -41.851  57.274 0.1250000000
41696  -0.002  -40.139  55.788 0.1250000000
39028  0.428  -43.493  58.132 0.2500000000
135347  -0.094  -38.832  56.068 0.1250000000
44203  0.194  -37.384  53.780 0.1250000000
142647  0.062  -37.609  55.129 0.1250000000
44186  0.032  -37.362  55.440 0.1250000000
45915  0.645  -35.779  49.439 0.1250000000
45863  0.301  -36.652  54.899 0.1250000000
46819  1.884  -34.281  48.061 0.1250000000
45854  0.238  -36.395  56.425 0.1250000000
45832  0.783  -35.787  58.578 0.1250000000
46786  2.637  -34.534  50.528 0.1250000000
131210  1.257  -37.383  60.761 0.1250000000
45830  0.593  -36.191  59.505 0.1250000000
45829  0.874  -35.678  59.428 0.1250000000
46712  2.305  -35.143  57.083 0.1250000000
44145  1.824  -37.364  61.967 0.3750000000
45024  1.738  -36.866  61.795 0.2500000000
45025  1.447  -36.760  61.250 0.2500000000
46685  1.469  -34.905  60.217 0.1250000000
46698  2.866  -34.508  57.738 0.1250000000
46726  3.541  -34.143  56.506 0.1250000000
44139  2.049  -37.030  62.696 0.3750000000
45017  2.279  -36.284  63.103 0.3750000000
45825  1.350  -34.940  61.253 0.1250000000
47600  1.694  -33.893  60.806 0.1250000000
47614  3.065  -33.426  58.168 0.1250000000
48530  1.601  -31.633  59.273 0.1250000000
48564  18.494  -31.122  51.787 0.5000000000
48557  18.310  -31.094  52.531 0.5000000000
47636  3.781  -33.013  56.715 0.1250000000
47649  4.424  -33.243  54.901 0.1250000000
48567  5.148  -32.554  52.789 0.1250000000
44135  4.803  -37.840  63.705 0.5000000000
137842  4.054  -38.039  63.675 0.5000000000
44137  2.486  -37.522  63.434 0.5000000000
44129  2.741  -37.127  64.167 0.5000000000
45010  2.283  -35.923  63.681 0.3750000000
45009  2.121  -36.113  64.018 0.3750000000
130849  2.228  -34.922  62.924 0.2500000000
137651  2.395  -35.676  63.295 0.3750000000
139189  18.294  -31.174  54.518 0.2500000000
47601  1.414  -33.153  61.157 0.1250000000
50282  18.446  -30.300  54.349 0.3750000000
48522  1.003  -32.164  60.819 0.1250000000
44126  4.959  -37.327  64.391 0.3750000000
44128  3.461  -37.264  64.412 0.5000000000
45008  2.420  -36.405  64.386 0.3750000000
141011  2.233  -34.666  62.977 0.2500000000
50271  19.229  -30.999  56.863 0.2500000000
48515  0.735  -32.950  62.334 0.1250000000
49379  0.369  -32.091  61.894 0.1250000000
50275  18.637  -30.603  55.133 0.2500000000
127885  18.674  -30.158  54.369 0.3750000000
49531  19.365  -31.460  39.143 0.1250000000
50410  20.553  -31.020  38.483 0.1250000000
139087  22.654  -31.540  39.014 0.2500000000
50419  25.222  -30.805  38.199 0.1250000000
44140  7.055  -37.181  62.648 0.5000000000
45015  6.498  -36.979  64.010 0.3750000000
45006  5.781  -36.994  64.532 0.3750000000
51148  18.834  -29.970  59.294 0.2500000000
48527  19.261  -31.945  58.067 0.2500000000
47610  18.385  -32.710  57.244 0.2500000000
47612  16.590  -33.661  57.513 0.5000000000
50304  18.975  -30.061  52.838 0.3750000000
140577  25.638  -28.387  35.772 0.2500000000
131174  17.150  -26.863  60.837 0.2500000000
53128  17.158  -27.806  61.104 0.2500000000
52118  17.262  -28.688  61.201 0.2500000000
50248  18.787  -30.605  60.502 0.2500000000
50254  19.134  -30.600  59.752 0.2500000000
48524  18.829  -32.476  59.540 0.2500000000
134513  17.522  -28.227  59.158 0.2500000000
49385  19.315  -31.319  59.355 0.2500000000
48528  18.869  -32.514  58.644 0.2500000000
125913  17.799  -33.517  59.001 0.2500000000
46692  16.307  -33.856  58.314 0.3750000000
47620  15.296  -33.820  56.574 0.5000000000
52152  17.352  -27.295  57.120 0.2500000000
52188  18.585  -28.498  54.203 0.3750000000
132168  22.631  -29.610  36.521 0.2500000000
54142  16.473  -26.270  61.691 0.2500000000
53129  17.029  -26.998  60.972 0.2500000000
51115  17.105  -29.274  61.271 0.2500000000
49377  17.750  -30.786  61.294 0.2500000000
49378  17.305  -31.502  61.612 0.2500000000
47591  16.602  -32.635  61.845 0.2500000000
47595  17.199  -32.986  61.179 0.2500000000
47603  17.798  -33.496  59.692 0.2500000000
136269  29.695  -28.782  50.830 0.3750000000
51247  28.435  -29.162  50.902 0.3750000000
49374  16.462  -31.798  62.000 0.2500000000
53259  30.397  -27.555  49.272 0.2500000000
120189  30.839  -27.510  49.795 0.2500000000
53260  29.781  -27.571  48.549 0.3750000000
54272  31.705  -26.648  49.440 0.2500000000
53258  31.045  -27.090  49.278 0.2500000000
131661  31.818  -26.358  47.264 0.2500000000
120440  42.592  -9.640  20.014 0.2500000000
122811  44.816  -8.158  18.387 0.1250000000
73146  43.896  -5.236  17.128 0.1250000000
72302  43.146  -6.269  18.411 0.3750000000
73141  42.601  -5.612  19.759 0.3750000000
73966  44.796  -4.909  21.170 0.7500000000
73975  43.749  -4.676  19.926 0.5000000000
73976  42.970  -5.045  20.073 0.5000000000
73983  43.942  -4.401  19.135 0.2500000000
45001  3.673  -36.049  65.155 0.2500000000
45809  2.966  -35.455  65.065 0.2500000000
134631  2.397  -35.633  64.512 0.2500000000
44127  4.170  -36.940  64.836 0.2500000000
45002  2.777  -36.082  64.879 0.2500000000
45808  4.424  -35.395  65.398 0.2500000000
131011  3.625  -35.194  65.285 0.2500000000
45014  7.228  -36.520  64.335 0.2500000000
45000  4.775  -36.229  65.206 0.2500000000
44131  7.806  -36.544  63.679 0.2500000000
45005  6.439  -36.634  64.644 0.2500000000
128870  5.107  -36.838  64.924 0.2500000000
51103  14.505  -29.574  62.331 0.1250000000
50219  13.795  -31.213  63.185 0.1250000000
49360  11.703  -32.397  64.215 0.1250000000
48501  11.212  -32.775  64.631 0.1250000000
47579  10.461  -33.437  65.173 0.1250000000
55112  16.026  -25.290  62.080 0.1250000000
54134  15.836  -26.566  62.102 0.1250000000
53114  15.406  -27.299  62.238 0.1250000000
133582  15.072  -28.976  62.097 0.1250000000
51102  15.001  -30.019  62.162 0.1250000000
124185  14.817  -31.751  62.979 0.1250000000
126603  13.666  -32.468  63.664 0.1250000000
48507  13.506  -32.968  63.757 0.1250000000
46659  12.480  -33.512  64.050 0.1250000000
46660  11.543  -34.200  64.416 0.1250000000
46661  10.753  -34.436  64.715 0.1250000000
45803  8.983  -34.963  65.272 0.1250000000
140825  7.960  -35.660  65.238 0.2500000000
45800  6.883  -34.721  65.827 0.2500000000
45802  5.024  -34.694  65.598 0.2500000000
46646  3.870  -34.024  65.040 0.2500000000
123462  16.183  -24.810  62.050 0.1250000000
54138  16.276  -26.694  61.785 0.1250000000
53113  15.764  -27.540  62.028 0.1250000000
51101  15.565  -29.278  61.884 0.1250000000
50216  15.506  -30.358  61.964 0.1250000000
49368  15.190  -32.253  63.121 0.1250000000
48505  14.813  -32.637  63.489 0.1250000000
47584  14.064  -33.109  63.619 0.1250000000
46658  13.765  -33.464  63.519 0.1250000000
46666  12.764  -34.286  63.557 0.1250000000
46667  11.930  -34.617  63.797 0.1250000000
45819  10.565  -35.465  63.717 0.1250000000
45003  8.960  -35.955  64.169 0.2500000000
118677  8.120  -36.224  64.314 0.2500000000
45806  6.393  -35.504  65.463 0.2500000000
139734  15.958  -30.683  61.857 0.1250000000
49375  15.849  -31.963  62.668 0.1250000000
133752  15.590  -32.331  63.011 0.1250000000
48511  15.101  -32.619  63.259 0.1250000000
45823  12.778  -35.069  62.342 0.2500000000
124170  12.116  -35.450  62.336 0.2500000000
45818  11.352  -35.312  63.308 0.1250000000
45021  9.704  -36.072  62.755 0.3750000000
45013  8.524  -36.333  63.519 0.3750000000
48510  16.018  -32.212  62.603 0.1250000000
118229  9.441  -35.990  61.572 0.3750000000
134896  9.390  -36.204  62.200 0.3750000000
51213  29.272  -29.168  52.080 0.2500000000
55118  16.569  -25.238  61.687 0.1250000000
129688  16.119  -25.970  61.957 0.1250000000
46664  14.371  -33.171  63.388 0.1250000000
140715  14.089  -33.574  63.232 0.1250000000
46665  13.546  -33.921  63.379 0.1250000000
45020  10.389  -35.875  62.711 0.3750000000
122563  10.087  -35.840  63.263 0.2500000000
47587  15.577  -32.670  62.857 0.1250000000
140586  14.996  -33.367  62.583 0.1250000000
133446  14.997  -34.012  61.633 0.1250000000
45822  13.492  -34.646  62.183 0.2500000000
45018  12.507  -35.396  61.933 0.2500000000
118260  11.915  -35.667  61.851 0.2500000000
118533  10.147  -35.957  61.919 0.3750000000
56066  17.015  -24.615  61.406 0.1250000000
55127  16.744  -25.440  61.546 0.1250000000
47592  15.891  -32.959  62.302 0.1250000000
128441  15.646  -33.810  61.402 0.1250000000
135109  14.504  -34.624  61.050 0.2500000000
135140  13.662  -34.961  60.686 0.3750000000
135027  12.012  -35.527  60.794 0.3750000000
135072  11.741  -35.699  61.344 0.3750000000
56065  17.922  -24.022  60.967 0.1250000000
55126  17.271  -25.003  60.947 0.1250000000
46677  16.863  -33.647  60.685 0.1250000000
46682  15.741  -34.383  59.557 0.3750000000
46683  14.966  -34.626  60.169 0.3750000000
46684  13.967  -34.715  59.780 0.3750000000
134944  12.165  -35.115  60.114 0.3750000000
135084  10.188  -35.561  60.424 0.3750000000
55188  33.749  -25.945  54.665 0.1250000000
128472  32.990  -27.139  53.741 0.1250000000
54214  32.885  -26.631  54.570 0.1250000000
56075  18.394  -24.327  60.436 0.1250000000
55141  17.680  -25.043  60.274 0.1250000000
54145  17.161  -25.986  60.844 0.1250000000
124880  14.753  -34.385  59.034 0.3750000000
118468  11.366  -35.187  59.526 0.3750000000
55195  34.199  -26.048  53.784 0.1250000000
54224  33.577  -26.631  53.764 0.1250000000
53200  32.347  -27.260  54.048 0.1250000000
54157  17.353  -26.041  60.174 0.1250000000
118528  11.583  -35.068  58.701 0.3750000000
55194  34.743  -25.638  53.338 0.1250000000
54237  34.144  -26.508  52.756 0.1250000000
54225  33.345  -27.218  53.091 0.1250000000
53213  32.635  -27.536  53.305 0.1250000000
53214  31.856  -27.724  53.515 0.1250000000
52194  30.516  -28.375  53.178 0.1250000000
55140  18.894  -24.694  59.929 0.1250000000
55153  17.986  -25.004  59.714 0.1250000000
132511  32.411  -27.523  51.868 0.1250000000
53223  32.183  -27.891  52.751 0.1250000000
52193  31.362  -28.157  52.952 0.2500000000
55152  19.087  -25.026  59.413 0.1250000000
52203  31.579  -28.101  52.100 0.2500000000
52195  29.671  -28.572  53.449 0.1250000000
52196  28.822  -28.735  53.772 0.1250000000
54183  17.673  -25.536  58.531 0.1250000000
52218  30.911  -28.272  51.401 0.2500000000
52206  29.107  -29.068  52.969 0.2500000000
51198  27.441  -29.355  53.548 0.1250000000
51185  27.250  -29.083  54.357 0.1250000000
53172  17.980  -25.950  56.910 0.1250000000
51214  28.461  -29.327  52.382 0.2500000000
51215  27.611  -29.499  52.653 0.2500000000
51216  26.750  -29.633  52.962 0.2500000000
51248  27.597  -29.227  50.607 0.2500000000
132217  26.891  -29.620  52.035 0.2500000000
126164  25.905  -29.643  52.295 0.2500000000
122183  26.093  -29.223  50.084 0.2500000000
51233  25.602  -29.448  51.378 0.2500000000
56894  18.515  -23.233  61.109 0.1250000000
135349  13.191  -34.671  59.252 0.3750000000
135086  12.335  -34.873  59.194 0.3750000000
56893  19.472  -23.173  60.797 0.1250000000
56064  19.038  -23.735  60.689 0.1250000000
128259  14.956  -34.175  58.093 0.3750000000
46695  13.527  -34.449  57.841 0.3750000000
45831  12.939  -34.641  58.501 0.3750000000
46690  12.142  -34.826  58.215 0.3750000000
55200  35.233  -25.383  51.819 0.1250000000
135544  32.093  -26.820  54.857 0.1250000000
56074  19.752  -24.300  60.313 0.1250000000
46694  14.333  -34.237  57.530 0.3750000000
46696  12.722  -34.609  57.783 0.3750000000
133086  34.773  -25.700  51.197 0.1250000000
54236  34.565  -26.082  51.814 0.1250000000
129734  33.324  -27.128  52.215 0.1250000000
54199  30.836  -26.821  56.075 0.1250000000
53201  31.447  -27.282  54.480 0.1250000000
53215  31.013  -27.918  53.738 0.1250000000
46706  14.481  -34.069  56.757 0.3750000000
55213  33.755  -25.791  50.231 0.1250000000
54247  33.773  -26.518  51.611 0.1250000000
54248  32.947  -26.847  51.285 0.1250000000
53176  30.111  -27.040  56.157 0.1250000000
53203  29.818  -27.764  54.691 0.1250000000
52182  30.168  -28.090  53.968 0.1250000000
54170  19.095  -25.398  58.853 0.1250000000
46721  13.842  -34.167  56.204 0.3750000000
54270  33.007  -25.995  50.038 0.1250000000
54257  33.330  -26.222  50.774 0.1250000000
53190  29.559  -27.497  55.452 0.1250000000
52184  28.502  -28.416  54.472 0.1250000000
52185  27.734  -28.594  54.758 0.1250000000
54182  18.464  -25.574  57.923 0.1250000000
53191  28.785  -27.763  55.650 0.1250000000
52158  27.180  -28.136  56.146 0.1250000000
123724  26.023  -29.546  54.071 0.2500000000
134334  32.830  -25.966  49.391 0.1250000000
52172  26.707  -28.510  55.711 0.2500000000
51187  25.695  -29.370  54.664 0.2500000000
120543  25.953  -29.678  53.330 0.2500000000
54292  32.019  -26.330  47.949 0.1250000000
51179  25.277  -29.170  55.386 0.2500000000
51200  25.326  -29.610  53.848 0.2500000000
51217  25.115  -29.611  52.913 0.2500000000
54305  31.231  -26.448  46.873 0.3750000000
52186  24.081  -29.099  54.425 0.2500000000
51234  24.124  -29.072  51.928 0.2500000000
127645  24.886  -29.389  51.888 0.2500000000
51219  23.903  -28.981  52.725 0.2500000000
52207  23.525  -28.586  52.081 0.2500000000
134266  19.927  -23.693  60.608 0.1250000000
56063  20.651  -24.045  60.529 0.1250000000
55212  34.533  -25.594  50.463 0.1250000000
55211  35.114  -25.263  49.988 0.1250000000
132056  20.784  -24.699  60.211 0.1250000000
55223  34.344  -25.551  49.556 0.1250000000
55151  20.205  -25.526  59.491 0.1250000000
55224  33.470  -25.774  49.489 0.1250000000
55232  33.804  -25.795  48.079 0.1250000000
121457  20.431  -25.835  59.055 0.1250000000
54181  20.063  -25.834  58.226 0.1250000000
54291  32.838  -26.040  48.046 0.1250000000
54200  28.917  -26.773  56.960 0.1250000000
53165  28.234  -27.019  57.208 0.1250000000
122623  19.207  -25.765  57.400 0.1250000000
54303  32.957  -26.096  46.614 0.1250000000
128137  32.677  -26.147  46.021 0.1250000000
129326  26.900  -27.270  57.818 0.1250000000
53182  18.481  -26.244  56.008 0.2500000000
54304  32.081  -26.287  46.519 0.2500000000
53167  26.212  -27.704  57.757 0.1250000000
129650  32.362  -26.284  45.013 0.5000000000
124992  24.797  -28.996  56.087 0.1250000000
52197  23.594  -28.649  53.567 0.1250000000
53225  22.516  -27.268  52.688 0.2500000000
55231  34.690  -25.494  48.590 0.1250000000
56062  21.352  -23.910  60.710 0.1250000000
55138  21.580  -25.006  60.317 0.1250000000
126813  33.882  -25.694  48.899 0.1250000000
55239  34.054  -25.787  47.279 0.1250000000
55124  22.071  -24.608  60.902 0.1250000000
54155  21.779  -25.664  59.911 0.1250000000
55137  22.423  -25.305  60.432 0.1250000000
54180  21.364  -26.370  58.792 0.1250000000
55248  33.789  -25.890  46.616 0.1250000000
55160  27.204  -26.061  58.860 0.1250000000
54179  22.375  -26.806  58.817 0.1250000000
54192  21.170  -26.509  57.891 0.1250000000
54194  19.298  -25.891  56.646 0.2500000000
54178  26.464  -26.633  59.301 0.1250000000
53181  21.678  -26.980  56.469 0.2500000000
54201  21.080  -26.547  56.974 0.2500000000
54203  19.557  -26.081  55.903 0.2500000000
53168  25.520  -27.798  58.144 0.1250000000
53193  21.635  -26.768  55.545 0.2500000000
54209  20.852  -26.326  55.331 0.2500000000
130289  24.011  -28.943  55.887 0.1250000000
52187  23.474  -28.494  54.528 0.1250000000
54226  21.937  -26.564  53.985 0.2500000000
54227  21.181  -26.081  53.903 0.2500000000
54228  20.496  -25.985  53.690 0.2500000000
54249  22.076  -26.595  52.234 0.1250000000
55247  34.651  -25.651  46.754 0.1250000000
55238  34.706  -25.559  47.621 0.1250000000
55255  34.406  -25.864  45.825 0.1250000000
119919  35.240  -25.663  45.133 0.1250000000
54314  33.719  -26.224  45.217 0.1250000000
54153  23.210  -26.217  59.924 0.1250000000
129772  34.497  -26.098  44.977 0.1250000000
54165  24.349  -26.857  59.674 0.1250000000
54166  23.554  -26.652  59.494 0.1250000000
53157  22.872  -27.366  58.296 0.1250000000
132459  24.344  -27.716  58.456 0.1250000000
53169  23.349  -27.894  57.785 0.1250000000
52151  23.075  -28.055  57.073 0.1250000000
124837  22.186  -27.327  55.944 0.2500000000
52162  23.560  -28.491  56.461 0.1250000000
52175  23.302  -28.366  55.446 0.1250000000
54215  22.089  -26.869  54.886 0.2500000000
53217  22.499  -27.236  53.529 0.1250000000
57086  31.190  -23.875  30.983 0.1250000000
57879  29.876  -22.792  31.145 0.1250000000
57065  31.400  -23.952  33.104 0.5000000000
57087  30.513  -23.422  31.442 0.1250000000
57076  30.413  -23.607  32.035 0.2500000000
56265  31.060  -24.158  32.340 0.3750000000
57067  29.691  -23.009  32.516 0.2500000000
57880  28.994  -22.550  31.450 0.2500000000
127849  28.578  -22.485  31.990 0.3750000000
59756  28.251  -20.459  29.312 0.2500000000
59757  27.713  -20.087  29.780 0.2500000000
59739  28.169  -21.293  30.395 0.2500000000
58751  27.850  -21.456  31.127 0.2500000000
60687  27.589  -19.295  29.559 0.2500000000
57066  30.682  -23.515  32.811 0.5000000000
58736  27.520  -20.785  31.617 0.5000000000
135550  27.807  -21.579  31.788 0.3750000000
60675  27.479  -19.636  30.359 0.3750000000
59740  27.629  -20.574  30.621 0.5000000000
60719  33.087  -19.031  25.733 0.2500000000
61569  32.155  -18.043  25.936 0.3750000000
132360  33.596  -18.153  25.493 0.2500000000
69671  38.908  -8.858  35.372 0.3750000000
69662  39.369  -9.338  36.172 0.3750000000
68771  37.667  -10.624  36.219 0.5000000000
68772  36.833  -10.677  36.090 0.6250000000
71444  43.915  -7.271  34.517 0.1250000000
73803  42.650  -4.410  35.708 0.1250000000
73804  41.883  -4.870  35.894 0.1250000000
73811  43.053  -4.971  35.113 0.1250000000
72979  41.307  -5.479  36.317 0.1250000000
72200  41.075  -6.073  37.153 0.1250000000
71424  40.440  -7.805  37.052 0.1250000000
72201  40.736  -6.260  36.297 0.1250000000
71427  40.216  -7.113  36.131 0.1250000000
70560  40.007  -8.156  36.371 0.2500000000
70556  39.869  -8.944  36.456 0.2500000000
72997  43.575  -5.569  34.814 0.1250000000
70580  44.951  -9.138  34.984 0.1250000000
68770  38.460  -10.462  36.381 0.5000000000
68781  45.130  -10.049  34.734 0.2500000000
70561  39.518  -8.525  35.856 0.2500000000
68815  45.270  -10.675  32.121 0.2500000000
68790  45.099  -10.735  34.244 0.2500000000
67901  36.314  -11.238  36.793 0.6250000000
68803  44.865  -11.384  32.902 0.2500000000
143975  43.682  -11.960  33.827 0.2500000000
67944  44.445  -11.941  32.499 0.2500000000
73795  41.845  -4.818  36.681 0.1250000000
72196  41.157  -6.717  37.859 0.1250000000
72976  41.566  -5.355  37.289 0.1250000000
70555  40.401  -8.904  37.107 0.1250000000
69657  39.909  -9.706  36.820 0.3750000000
68769  39.232  -10.170  36.556 0.5000000000
68763  38.015  -11.015  37.003 0.5000000000
67891  37.485  -11.416  37.686 0.6250000000
67900  37.178  -11.098  36.918 0.6250000000
68816  44.791  -11.139  31.711 0.2500000000
68824  45.675  -10.338  30.566 0.2500000000
71423  40.917  -7.567  37.785 0.1250000000
70554  40.784  -8.360  37.673 0.1250000000
68760  40.498  -10.018  37.644 0.1250000000
68761  39.695  -10.533  37.254 0.1250000000
67890  38.344  -11.290  37.720 0.3750000000
67876  37.783  -11.748  38.365 0.5000000000
70551  40.934  -9.152  37.969 0.1250000000
68762  38.889  -10.861  37.055 0.5000000000
67066  36.951  -12.009  38.248 0.6250000000
67067  36.167  -12.488  37.931 0.6250000000
67892  36.639  -11.657  37.554 0.6250000000
119835  45.801  -11.017  28.972 0.2500000000
72968  42.668  -5.628  39.030 0.1250000000
67056  36.644  -12.711  38.443 0.5000000000
66064  36.765  -13.335  38.699 0.3750000000
66072  36.178  -13.303  38.238 0.3750000000
67962  46.055  -11.399  28.039 0.2500000000
65116  36.350  -14.165  38.443 0.3750000000
67054  38.114  -12.153  38.976 0.3750000000
67055  37.297  -12.549  38.801 0.3750000000
73131  46.430  -5.203  21.862 0.6250000000
137390  47.520  -4.822  21.017 0.5000000000
73972  47.117  -4.498  20.436 0.5000000000
73973  46.203  -4.605  20.441 0.5000000000
73974  45.260  -4.641  20.465 0.6250000000
56892  20.437  -23.333  60.609 0.1250000000
135041  8.705  -36.090  61.227 0.3750000000
118585  8.561  -35.954  60.441 0.3750000000
118566  10.835  -35.282  58.719 0.3750000000
126568  13.720  -34.272  56.995 0.3750000000
125658  24.960  -29.322  51.055 0.2500000000
138172  26.214  -29.361  50.853 0.2500000000
57088  29.702  -23.076  31.764 0.2500000000
62426  30.533  -17.669  26.623 0.2500000000
62425  31.357  -17.680  26.341 0.3750000000
125774  45.129  -10.564  31.102 0.2500000000
67974  46.161  -11.402  27.007 0.2500000000
73965  45.827  -4.964  21.164 0.6250000000
61581  32.800  -18.341  25.768 0.2500000000
55270  35.090  -26.266  43.192 0.1250000000
54316  32.143  -26.261  45.655 0.5000000000
132231  44.719  -11.287  33.755 0.2500000000
44132  7.194  -36.885  63.459 0.3750000000
136110  8.501  -36.542  62.203 0.3750000000
137329  8.848  -36.285  61.808 0.3750000000
54171  17.652  -25.493  59.282 0.1250000000
122277  16.159  -27.717  61.803 0.1250000000
46676  17.251  -33.790  60.046 0.1250000000
46687  16.478  -34.058  59.084 0.2500000000
46688  15.642  -34.093  58.653 0.3750000000
53194  18.952  -26.543  55.306 0.2500000000
51117  16.176  -29.663  61.695 0.1250000000
135704  16.608  -28.670  61.497 0.1250000000
54210  19.937  -26.278  55.169 0.2500000000
54217  20.624  -26.200  54.518 0.2500000000
52204  30.777  -28.543  52.329 0.2500000000
54317  31.257  -26.374  45.922 0.3750000000
55196  21.043  -25.720  53.136 0.2500000000
54315  32.880  -26.221  45.409 0.2500000000
123755  23.408  -28.437  52.752 0.2500000000
54239  21.566  -25.969  52.641 0.3750000000
54238  22.057  -26.543  53.078 0.2500000000
46673  16.266  -33.347  61.505 0.1250000000
51231  27.802  -29.415  51.622 0.2500000000
50230  16.204  -31.362  61.927 0.1250000000
121431  32.501  -26.183  47.284 0.1250000000
46653  4.104  -34.617  65.347 0.2500000000
45807  5.404  -35.501  65.467 0.2500000000
46654  3.226  -34.620  65.063 0.2500000000
44998  6.848  -36.176  65.075 0.2500000000
44999  5.830  -36.332  65.116 0.2500000000
51104  14.207  -29.421  62.550 0.1250000000
49369  14.472  -32.102  63.628 0.1250000000
49370  13.306  -31.964  63.600 0.1250000000
143507  12.913  -32.835  63.840 0.1250000000
47577  11.892  -33.257  64.352 0.1250000000
47578  11.173  -33.297  64.793 0.1250000000
46648  11.765  -33.663  64.467 0.1250000000
46649  11.079  -33.847  64.860 0.1250000000
137825  10.432  -34.034  65.126 0.1250000000
122454  15.912  -26.065  62.045 0.1250000000
123655  15.648  -25.858  62.251 0.1250000000
52087  15.535  -28.253  62.005 0.1250000000
141214  15.110  -28.141  62.210 0.1250000000
50218  14.474  -30.833  62.723 0.1250000000
49367  15.507  -31.394  62.412 0.1250000000
47583  14.662  -32.858  63.536 0.1250000000
47576  12.673  -33.166  63.954 0.1250000000
118863  13.083  -33.753  63.797 0.1250000000
134595  12.330  -33.997  64.133 0.1250000000
45811  11.113  -34.900  64.128 0.1250000000
45812  10.286  -35.120  64.452 0.1250000000
136966  9.885  -34.610  65.113 0.1250000000
45813  9.409  -35.390  64.689 0.2500000000
45805  7.390  -35.438  65.434 0.2500000000
45804  8.202  -35.166  65.458 0.2500000000
45814  8.494  -35.739  64.961 0.2500000000
45004  7.708  -36.090  65.002 0.2500000000
46644  5.692  -34.147  65.640 0.2500000000
45817  12.280  -34.997  62.999 0.1250000000
46671  13.167  -34.495  62.895 0.1250000000
45012  9.789  -35.685  63.971 0.2500000000
45011  10.702  -35.693  63.121 0.2500000000
123964  9.346  -36.088  63.401 0.3750000000
118571  13.027  -35.135  61.723 0.2500000000
45019  11.057  -35.707  62.697 0.2500000000
45022  8.917  -36.351  62.780 0.3750000000
52205  29.948  -28.863  52.631 0.2500000000
46669  14.635  -33.391  62.922 0.1250000000
46670  14.041  -34.028  62.781 0.1250000000
135011  10.695  -35.868  62.264 0.3750000000
139190  15.376  -33.407  62.088 0.1250000000
46674  14.253  -34.293  61.917 0.1250000000
137461  13.167  -35.223  61.190 0.3750000000
119124  12.511  -35.490  61.372 0.2500000000
134949  10.218  -35.796  61.252 0.3750000000
136642  15.786  -34.384  60.293 0.1250000000
140873  14.297  -34.750  60.452 0.3750000000
118258  12.792  -35.273  60.710 0.3750000000
118552  13.016  -34.897  59.976 0.3750000000
118455  11.101  -35.641  60.868 0.3750000000
46681  16.554  -34.177  60.004 0.2500000000
46689  13.765  -34.498  58.772 0.3750000000
135073  10.877  -35.354  60.143 0.3750000000
141574  14.263  -34.352  58.244 0.3750000000
52183  29.324  -28.232  54.202 0.1250000000
51197  28.264  -29.216  53.267 0.2500000000
51184  28.038  -28.959  54.093 0.1250000000
51199  26.658  -29.469  53.828 0.2500000000
51177  26.971  -28.749  55.077 0.2500000000
51232  26.947  -29.457  51.158 0.2500000000
54208  31.587  -26.719  55.715 0.1250000000
53188  30.923  -27.104  55.223 0.1250000000
53189  30.297  -27.261  55.320 0.1250000000
53202  30.587  -27.569  54.525 0.1250000000
55139  20.052  -25.034  59.899 0.1250000000
52169  29.050  -28.034  54.947 0.1250000000
52170  28.225  -28.172  55.150 0.1250000000
52157  28.006  -28.001  55.903 0.1250000000
52171  27.428  -28.335  55.417 0.1250000000
53179  27.708  -27.607  56.666 0.1250000000
133200  26.439  -28.291  56.371 0.1250000000
140035  26.127  -28.602  56.010 0.1250000000
51178  26.140  -28.936  55.412 0.2500000000
51188  24.865  -29.407  54.534 0.2500000000
51201  24.445  -29.349  53.512 0.2500000000
54156  20.965  -25.377  59.886 0.1250000000
123097  33.318  -25.970  47.318 0.1250000000
54169  21.137  -25.946  59.474 0.1250000000
53178  28.511  -27.437  56.391 0.1250000000
52146  26.878  -27.820  57.060 0.1250000000
53166  27.520  -27.155  57.502 0.1250000000
54193  20.235  -26.101  57.314 0.1250000000
54177  27.367  -26.597  58.211 0.1250000000
121967  26.592  -27.055  58.519 0.1250000000
52148  25.556  -28.222  57.372 0.1250000000
143733  26.018  -27.489  58.368 0.1250000000
52147  26.169  -28.175  57.039 0.1250000000
52159  25.769  -28.471  56.594 0.1250000000
52174  24.477  -29.163  55.263 0.1250000000
52160  25.023  -28.648  56.884 0.1250000000
52161  24.309  -28.731  56.692 0.1250000000
53224  22.989  -27.920  53.128 0.1250000000
55125  21.341  -24.401  60.497 0.1250000000
56891  21.349  -23.349  60.689 0.1250000000
56061  22.824  -24.396  61.282 0.1250000000
119695  23.180  -25.138  61.070 0.1250000000
54168  21.976  -26.281  59.424 0.1250000000
54154  22.553  -25.965  59.962 0.1250000000
143199  23.745  -25.517  61.098 0.1250000000
55136  23.293  -25.744  60.551 0.1250000000
55149  26.946  -25.526  59.374 0.1250000000
55148  27.260  -24.840  58.691 0.1250000000
53158  22.074  -27.030  58.200 0.2500000000
54167  22.785  -26.488  59.395 0.1250000000
53171  21.847  -27.081  57.387 0.2500000000
54164  25.567  -26.990  59.655 0.1250000000
53154  25.728  -27.331  58.874 0.1250000000
55150  26.191  -26.358  59.970 0.1250000000
53180  22.363  -27.533  56.807 0.2500000000
124035  21.009  -26.490  56.119 0.2500000000
54202  20.298  -26.203  56.488 0.2500000000
139868  20.352  -26.250  55.824 0.2500000000
125032  25.013  -27.714  58.534 0.1250000000
53155  24.801  -28.160  57.810 0.1250000000
143944  22.135  -27.096  55.407 0.2500000000
54216  21.409  -26.415  54.703 0.2500000000
121635  23.831  -28.892  55.115 0.1250000000
53216  23.009  -27.916  53.960 0.1250000000
53204  22.968  -27.927  54.702 0.1250000000
54152  23.986  -26.326  60.271 0.1250000000
54144  24.104  -25.904  61.115 0.1250000000
141236  24.935  -26.971  59.736 0.1250000000
54151  25.043  -26.666  60.216 0.1250000000
53145  24.825  -27.294  59.181 0.1250000000
53146  23.941  -27.228  59.032 0.1250000000
53147  23.151  -27.066  58.886 0.1250000000
53156  23.597  -27.589  58.361 0.1250000000
53170  22.619  -27.555  57.647 0.2500000000
52140  24.024  -28.131  57.874 0.1250000000
52150  23.809  -28.351  57.245 0.1250000000
135592  22.800  -27.963  56.170 0.1250000000
53192  22.564  -27.549  55.265 0.2500000000
53205  22.514  -27.316  54.380 0.1250000000
56291  30.997  -24.182  31.569 0.1250000000
60718  33.892  -19.216  25.536 0.1250000000
130940  40.649  -6.872  37.085 0.1250000000
68802  45.334  -10.885  33.323 0.2500000000
73964  46.765  -4.907  21.095 0.6250000000
52149  24.396  -28.435  57.310 0.1250000000
52449  28.645  -28.957  35.125 0.2500000000
52448  29.340  -28.964  34.802 0.3750000000
73122  47.647  -5.346  22.609 0.5000000000
129950  46.944  -5.334  22.425 0.5000000000
73130  47.380  -5.151  21.759 0.5000000000
119025  45.574  -4.278  19.784 0.2500000000
73981  46.530  -4.206  19.758 0.3750000000
73980  47.474  -4.160  19.742 0.3750000000
126583  30.342  -29.387  36.145 0.2500000000
121652  48.161  -4.947  21.361 0.3750000000
129187  2.796  -35.134  64.762 0.1250000000
46655  3.096  -34.414  64.328 0.1250000000
46645  4.771  -34.075  65.294 0.1250000000
45801  5.974  -34.751  65.759 0.1250000000
46647  3.414  -34.078  64.619 0.1250000000
47580  3.233  -33.666  63.790 0.1250000000
46656  3.187  -34.250  64.138 0.1250000000
47582  2.507  -33.460  63.410 0.1250000000
46662  2.697  -34.784  63.811 0.1250000000
46643  6.493  -34.112  65.949 0.1250000000
47589  1.964  -33.966  62.992 0.1250000000
48498  3.629  -32.948  64.134 0.1250000000
48502  3.272  -32.870  63.853 0.1250000000
46652  7.748  -34.584  65.811 0.1250000000
45944  12.843  -34.565  46.565 0.1250000000
52424  27.353  -29.029  36.693 0.1250000000
123132  27.289  -29.437  38.392 0.1250000000
46836  12.340  -34.387  47.036 0.3750000000
52423  28.233  -29.263  36.809 0.1250000000
52422  29.104  -29.400  36.847 0.1250000000
52421  29.963  -29.455  36.873 0.1250000000
54461  30.922  -26.801  32.901 0.3750000000
55386  31.048  -25.699  32.806 0.3750000000
53497  31.949  -27.542  32.926 0.1250000000
54476  31.752  -26.658  32.433 0.2500000000
56257  31.471  -24.553  33.404 0.3750000000
140045  31.448  -26.089  32.325 0.3750000000
54490  32.545  -26.508  31.989 0.1250000000
55412  31.715  -25.463  31.590 0.1250000000
56264  31.254  -24.581  32.659 0.3750000000
57907  28.509  -21.954  30.894 0.1250000000
58778  29.017  -21.622  30.223 0.1250000000
58801  28.637  -21.061  29.728 0.1250000000
62184  37.736  -17.823  44.583 0.1250000000
61377  36.178  -18.233  43.557 0.1250000000
125250  37.819  -17.578  43.859 0.1250000000
63091  39.473  -16.439  45.250 0.1250000000
65064  40.036  -14.970  44.381 0.1250000000
65072  39.763  -14.722  43.521 0.1250000000
65085  39.325  -14.158  41.846 0.1250000000
65101  38.062  -14.070  39.955 0.1250000000
65115  36.990  -13.973  38.873 0.2500000000
66053  37.920  -13.456  39.590 0.1250000000
66063  37.347  -13.393  39.118 0.1250000000
67875  38.641  -11.588  38.399 0.2500000000
66255  37.710  -12.857  22.982 0.1250000000
74932  47.501  -4.046  12.829 0.1250000000
74906  48.377  -3.404  14.333 0.1250000000
74931  48.312  -3.746  12.594 0.1250000000
122201  48.887  -3.542  13.399 0.1250000000
74943  48.627  -3.986  11.718 0.1250000000
74865  47.124  -3.643  18.255 0.1250000000
74857  46.833  -3.875  19.036 0.1250000000
120210  47.964  -3.421  16.848 0.1250000000
74866  46.158  -3.623  18.322 0.1250000000
119504  49.156  -3.509  15.127 0.1250000000
74896  50.139  -3.674  15.011 0.1250000000
74905  49.499  -3.567  14.259 0.1250000000
74916  49.958  -3.586  13.461 0.1250000000
74929  50.603  -3.525  12.861 0.1250000000
73978  49.341  -4.274  19.536 0.2500000000
73979  48.413  -4.185  19.672 0.2500000000
73971  48.114  -4.528  20.508 0.2500000000
74873  50.567  -3.995  17.413 0.1250000000
74854  49.575  -4.213  18.722 0.1250000000
74856  47.763  -3.951  18.964 0.2500000000
140066  49.919  -3.991  17.174 0.1250000000
74875  48.374  -3.697  17.428 0.1250000000
74858  45.859  -3.903  19.071 0.1250000000
120363  49.816  -3.736  15.846 0.1250000000
128625  50.465  -3.534  11.971 0.1250000000
122376  49.690  -4.641  20.836 0.1250000000
136591  49.785  -5.018  21.588 0.1250000000
73970  49.106  -4.429  20.308 0.2500000000
73963  48.953  -4.808  21.051 0.2500000000
73129  48.109  -5.206  22.044 0.2500000000
126582  52.115  -3.723  18.010 0.1250000000
130285  50.710  -4.094  18.025 0.1250000000
132070  50.439  -4.232  18.599 0.1250000000
74872  51.316  -3.896  17.684 0.1250000000
74862  49.899  -4.124  17.903 0.1250000000
127875  51.150  -3.822  17.038 0.1250000000
74895  50.775  -3.715  15.700 0.1250000000
74894  51.714  -3.553  15.503 0.1250000000
74904  51.996  -3.470  14.680 0.1250000000
119503  50.489  -3.643  14.218 0.1250000000
121721  52.240  -3.393  13.926 0.1250000000
74915  50.815  -3.578  13.583 0.1250000000
74913  52.604  -3.233  13.251 0.1250000000
143485  51.287  -3.465  12.437 0.1250000000
73962  50.489  -4.675  21.067 0.1250000000
73121  48.498  -5.399  22.659 0.3750000000
74848  51.006  -4.398  19.757 0.1250000000
73959  48.842  -5.201  21.837 0.2500000000
74852  51.684  -4.219  19.271 0.1250000000
136040  50.928  -4.311  19.089 0.1250000000
73969  50.134  -4.458  20.210 0.1250000000
124358  52.298  -3.892  18.762 0.1250000000
74861  51.347  -4.094  18.495 0.1250000000
74853  50.222  -4.327  19.333 0.1250000000
75779  54.641  -2.072  16.983 0.1250000000
139297  52.875  -3.291  16.782 0.1250000000
75783  54.522  -2.028  16.013 0.1250000000
74881  53.391  -3.100  16.011 0.1250000000
74871  52.021  -3.611  17.096 0.1250000000
77476  54.376  -0.812  14.968 0.1250000000
75786  54.345  -1.940  15.076 0.1250000000
74892  53.460  -2.989  14.977 0.1250000000
74882  52.336  -3.429  16.170 0.1250000000
77479  54.202  -0.801  14.213 0.1250000000
75791  53.795  -2.326  13.804 0.1250000000
74893  52.633  -3.326  15.289 0.1250000000
74902  53.447  -2.886  14.156 0.1250000000
121954  53.222  -3.544  18.961 0.1250000000
74860  53.626  -3.215  18.318 0.1250000000
138566  52.836  -3.531  18.343 0.1250000000
77473  54.633  -0.874  17.089 0.1250000000
74870  53.667  -3.000  16.986 0.1250000000
120169  52.993  -3.327  17.615 0.1250000000
78272  54.356  -0.325  16.256 0.1250000000
77474  54.593  -0.988  16.222 0.1250000000
134417  54.255  -0.201  15.313 0.1250000000
76639  54.530  -1.364  15.578 0.1250000000
75776  54.702  -2.135  17.898 0.1250000000
76633  54.775  -1.575  17.528 0.1250000000
78269  54.338  -0.160  17.084 0.1250000000
78273  53.966  0.511  15.766 0.1250000000
61379  34.417  -19.038  42.840 0.1250000000
121169  36.858  -17.818  43.014 0.1250000000
62183  38.361  -17.323  44.233 0.1250000000
65301  35.675  -14.005  23.818 0.2500000000
45953  13.812  -34.818  45.701 0.2500000000
46663  2.522  -34.198  63.393 0.1250000000
52425  26.591  -28.842  36.554 0.1250000000
52435  29.480  -29.318  35.849 0.1250000000
47586  1.960  -33.343  63.214 0.1250000000
45810  2.630  -34.976  64.243 0.1250000000
47574  3.786  -33.576  64.533 0.1250000000
47575  3.505  -33.701  64.141 0.1250000000
47581  2.940  -33.523  63.598 0.1250000000
46657  2.769  -33.975  63.503 0.1250000000
51413  27.790  -29.278  37.651 0.1250000000
51414  26.869  -29.173  37.433 0.1250000000
51402  26.445  -29.693  38.104 0.1250000000
51412  28.689  -29.371  37.685 0.1250000000
55396  31.318  -25.399  32.304 0.3750000000
54491  31.816  -26.117  31.951 0.3750000000
56274  31.272  -24.827  31.880 0.3750000000
120292  37.076  -17.986  43.928 0.1250000000
74917  47.934  -3.566  13.417 0.1250000000
74011  47.863  -4.346  12.103 0.1250000000
74930  49.441  -3.602  12.448 0.1250000000
74864  48.051  -3.785  18.172 0.1250000000
74874  49.207  -3.915  17.322 0.1250000000
120963  48.657  -3.611  16.728 0.1250000000
74855  48.670  -4.107  18.858 0.1250000000
74863  48.946  -4.044  18.063 0.1250000000
74883  50.450  -3.857  16.597 0.1250000000
74884  49.490  -3.813  16.613 0.1250000000
74885  48.892  -3.537  15.971 0.1250000000
74914  51.617  -3.478  13.233 0.1250000000
120209  51.406  -3.672  16.357 0.1250000000
119287  51.086  -3.641  14.868 0.1250000000
74903  52.809  -3.267  14.462 0.1250000000
119286  51.393  -3.560  14.088 0.1250000000
138054  52.915  -3.200  13.838 0.1250000000
73968  51.206  -4.503  20.575 0.1250000000
76636  54.675  -1.503  16.569 0.1250000000
75780  54.201  -2.571  16.472 0.1250000000
75787  53.946  -2.431  14.603 0.1250000000
76642  54.323  -1.358  14.651 0.1250000000
78276  54.155  -0.170  14.492 0.1250000000
122329  53.879  -3.023  17.689 0.1250000000
42536  4.205  -39.595  55.736 0.2500000000
45071  9.057  -36.302  50.975 0.1250000000
46783  10.364  -34.681  49.948 0.1250000000
47742  11.865  -34.071  47.689 0.1250000000
125083  30.573  -27.633  33.313 0.2500000000
52433  32.214  -28.976  36.005 0.1250000000
67046  37.787  -12.822  39.250 0.1250000000
61571  30.673  -18.363  26.452 0.1250000000
61570  31.505  -18.612  26.150 0.1250000000
60709  32.571  -19.730  26.027 0.1250000000
60710  31.748  -19.533  26.214 0.1250000000
127754  32.304  -18.865  25.911 0.1250000000
69680  45.980  -10.170  34.747 0.1250000000
69689  46.031  -10.432  33.893 0.1250000000
68823  46.386  -10.373  30.041 0.1250000000
68831  45.687  -10.640  29.768 0.1250000000
68829  47.247  -10.663  29.327 0.1250000000
124046  46.685  -11.060  28.587 0.1250000000
73109  48.957  -5.583  23.403 0.2500000000
43303  4.529  -38.793  56.445 0.2500000000
127783  9.377  -35.613  50.939 0.1250000000
45913  9.678  -36.115  50.256 0.1250000000
52434  31.127  -29.237  36.016 0.1250000000
53468  31.378  -28.325  34.084 0.2500000000
39027  2.178  -43.479  59.207 0.1250000000
120919  2.334  -44.221  59.536 0.1250000000
39902  2.361  -42.656  58.799 0.1250000000
39892  1.552  -42.560  59.059 0.1250000000
39915  3.475  -42.445  57.407 0.1250000000
39916  2.884  -42.319  58.010 0.1250000000
40847  3.078  -41.735  57.490 0.1250000000
141051  3.317  -41.411  56.967 0.1250000000
40859  3.513  -41.134  56.473 0.1250000000
122458  3.499  -40.335  56.727 0.1250000000
40868  3.973  -41.202  55.781 0.1250000000
41686  3.760  -40.388  56.011 0.1250000000
41695  4.300  -40.485  55.363 0.1250000000
118239  5.121  -38.860  54.642 0.1250000000
48724  23.761  -32.042  40.003 0.1250000000
49526  24.158  -31.815  39.273 0.1250000000
130233  24.759  -31.895  39.463 0.1250000000
53484  31.359  -27.778  33.353 0.1250000000
63382  37.124  -16.028  23.774 0.1250000000
64375  36.594  -15.347  23.590 0.1250000000
64374  37.491  -15.173  23.519 0.1250000000
125645  35.976  -14.725  23.606 0.1250000000
65300  36.833  -14.630  23.469 0.1250000000
124886  36.480  -13.945  23.480 0.1250000000
67195  41.321  -12.114  20.782 0.1250000000
73982  44.611  -4.397  19.803 0.1250000000
40835  2.524  -41.890  58.422 0.1250000000
143683  5.182  -39.549  54.509 0.1250000000
41704  4.711  -39.730  54.906 0.1250000000
64376  35.881  -15.474  23.664 0.1250000000
38079  1.383  -44.319  59.295 0.1250000000
120442  1.625  -43.384  59.128 0.1250000000
124181  1.675  -44.006  59.380 0.1250000000
39928  3.515  -41.841  56.807 0.1250000000
139659  3.837  -41.720  56.267 0.1250000000
41680  3.206  -40.848  57.292 0.1250000000
63381  38.201  -15.948  23.920 0.1250000000
65299  37.603  -14.057  23.165 0.1250000000
46678  16.103  -33.987  60.801 0.1250000000
46679  15.363  -34.280  60.895 0.1250000000
46941  17.824  -34.408  40.473 0.2500000000
47567  10.510  -32.928  65.094 0.1250000000
47585  13.274  -33.344  63.743 0.1250000000
47588  15.077  -33.214  63.060 0.1250000000
47593  15.244  -33.108  62.708 0.1250000000
47599  17.614  -33.310  60.441 0.2500000000
47602  18.344  -33.065  59.203 0.2500000000
47609  18.862  -32.215  56.949 0.2500000000
47616  18.825  -31.691  56.265 0.2500000000
47680  18.297  -32.250  51.989 0.5000000000
47880  18.237  -32.878  39.610 0.1250000000
48500  12.146  -32.866  64.151 0.1250000000
48506  14.324  -32.760  63.619 0.1250000000
48514  16.097  -32.478  62.375 0.1250000000
48519  18.604  -32.290  60.325 0.2500000000
48523  19.271  -31.968  59.008 0.2500000000
48551  18.292  -31.356  54.001 0.2500000000
48558  18.203  -31.226  53.039 0.3750000000
48572  18.636  -31.503  51.195 0.5000000000
49380  18.656  -31.075  60.731 0.2500000000
49409  18.286  -30.528  53.979 0.3750000000
49418  18.391  -30.387  53.084 0.3750000000
49426  18.671  -30.436  52.114 0.5000000000
50217  15.041  -30.907  62.432 0.1250000000
50249  18.293  -30.100  60.741 0.2500000000
50266  19.307  -30.849  57.827 0.2500000000
51127  17.423  -29.398  61.102 0.2500000000
51186  26.469  -29.211  54.592 0.2500000000
51218  24.471  -29.319  52.591 0.2500000000
51230  28.646  -29.267  51.641 0.2500000000
51235  18.957  -30.388  52.173 0.3750000000
51249  26.826  -29.242  50.330 0.2500000000
51250  25.480  -29.285  50.600 0.3750000000
51268  18.771  -30.157  49.630 0.7500000000
51297  23.015  -29.402  47.232 0.7500000000
51306  24.573  -29.559  46.387 0.8750000000
51331  23.556  -29.386  44.329 0.8750000000
52089  14.331  -28.596  62.318 0.1250000000
52096  16.013  -28.503  61.826 0.1250000000
52173  25.531  -28.799  56.087 0.1250000000
52248  17.850  -27.886  49.231 0.8750000000
52259  29.000  -28.193  48.850 0.3750000000
52278  27.236  -28.603  47.517 0.7500000000
52308  26.465  -28.665  45.764 0.8750000000
52310  22.013  -28.867  45.489 1.0000000000
53115  14.928  -26.755  62.453 0.1250000000
53117  16.517  -27.551  61.534 0.2500000000
53118  15.847  -26.948  62.077 0.1250000000
53276  30.309  -27.116  48.039 0.2500000000
53287  29.169  -27.154  46.293 0.6250000000
53305  17.937  -26.612  45.155 0.8750000000
53349  26.171  -27.743  42.042 1.0000000000
54136  15.010  -25.924  62.521 0.1250000000
54139  15.942  -26.185  62.047 0.1250000000
54252  18.698  -26.488  51.344 0.6250000000
54259  31.939  -26.784  50.193 0.2500000000
54274  18.936  -25.761  50.117 0.8750000000
54280  33.163  -25.869  48.794 0.1250000000
54293  31.297  -26.559  47.678 0.3750000000
54310  18.195  -26.124  46.853 0.8750000000
54318  30.470  -26.502  45.754 0.5000000000
54320  20.065  -26.077  45.271 1.0000000000
54367  19.078  -26.082  42.345 0.8750000000
55111  16.159  -25.320  62.009 0.1250000000
55202  20.013  -25.493  52.056 0.5000000000
55206  34.086  -25.949  51.017 0.1250000000
55225  20.469  -25.584  49.473 0.8750000000
55256  33.386  -26.030  45.945 0.1250000000
55294  35.661  -25.441  40.847 0.5000000000
55365  25.464  -24.511  36.091 0.6250000000
56049  16.025  -24.614  62.176 0.1250000000
57881  28.222  -22.084  31.586 0.3750000000
60620  28.543  -19.991  34.187 1.0000000000
60649  27.919  -19.904  32.959 0.8750000000
60686  27.927  -19.747  28.995 0.2500000000
60694  28.396  -19.334  28.234 0.2500000000
60702  28.962  -19.220  27.650 0.5000000000
61485  29.741  -18.844  35.009 1.0000000000
61498  29.561  -18.629  34.301 1.0000000000
61552  27.820  -18.193  28.809 0.6250000000
61553  27.651  -18.460  29.433 0.5000000000
62365  28.460  -17.770  31.153 0.8750000000
62377  28.242  -17.557  30.298 0.7500000000
63260  30.285  -16.656  32.071 0.8750000000
64227  32.573  -15.263  34.768 1.0000000000
64239  31.549  -15.522  33.422 1.0000000000
65071  40.339  -14.234  44.051 0.1250000000
65078  39.545  -14.467  42.681 0.2500000000
65168  31.917  -14.493  33.652 1.0000000000
65189  39.504  -14.764  31.230 0.8750000000
65191  38.193  -14.247  30.794 1.0000000000
65222  40.318  -14.681  29.800 0.8750000000
66164  41.780  -14.403  30.694 0.6250000000
66171  31.573  -13.076  30.481 1.0000000000
66183  33.273  -13.695  29.643 1.0000000000
67949  32.625  -11.339  31.646 1.0000000000
67960  44.171  -11.701  29.703 0.3750000000
67967  45.363  -11.577  27.522 0.2500000000
68783  43.961  -10.493  34.358 0.3750000000
68830  46.334  -10.733  29.357 0.2500000000
70592  39.522  -8.382  33.020 0.3750000000
72284  44.986  -5.978  24.168 0.7500000000
73134  43.156  -5.380  21.819 0.7500000000
75777  54.306  -2.557  17.379 0.1250000000
75784  54.079  -2.548  15.498 0.1250000000
118466  11.026  -35.824  61.705 0.3750000000
118475  11.502  -35.326  60.306 0.3750000000
118563  11.428  -35.729  62.248 0.2500000000
118719  14.728  -33.712  62.367 0.1250000000
121150  44.366  -11.622  25.962 0.6250000000
121487  31.633  -26.293  45.052 0.5000000000
122100  32.844  -27.557  52.662 0.1250000000
123302  17.379  -33.148  53.091 0.5000000000
124412  17.676  -32.860  48.373 0.8750000000
124695  18.041  -32.772  49.718 0.6250000000
126442  33.702  -15.669  35.875 1.0000000000
126651  18.458  -31.686  51.642 0.5000000000
127291  19.008  -25.628  48.111 0.8750000000
128650  14.140  -31.815  63.325 0.1250000000
128943  16.467  -30.489  61.640 0.1250000000
130705  30.639  -15.427  31.511 1.0000000000
132651  29.101  -22.787  32.046 0.2500000000
132965  21.548  -26.104  53.357 0.2500000000
133118  18.993  -31.191  50.448 0.5000000000
133883  41.255  -12.720  33.007 0.3750000000
134514  20.301  -25.409  50.090 0.8750000000
134985  13.693  -34.846  61.450 0.3750000000
135134  10.060  -35.963  62.353 0.3750000000
135722  27.986  -20.714  29.953 0.2500000000
136751  18.557  -31.233  55.390 0.2500000000
137050  25.762  -29.220  48.292 0.7500000000
137799  23.752  -28.877  50.541 0.6250000000
137913  19.041  -28.671  38.331 0.6250000000
137947  11.660  -35.488  62.693 0.2500000000
138005  18.930  -30.487  52.266 0.3750000000
138123  16.014  -25.803  62.018 0.1250000000
139986  54.470  -0.772  15.654 0.1250000000
140534  19.200  -31.220  56.735 0.2500000000
140962  39.383  -16.353  44.683 0.1250000000
142235  18.130  -31.373  61.138 0.2500000000
142753  18.281  -27.233  40.995 0.8750000000
142990  26.309  -29.527  51.543 0.2500000000
143685  47.297  -6.357  25.528 0.2500000000
