#!ascii label  , from subject sub-v2s7x29664_ses-1 vox2ras=TkReg
5718
136512  16.068  -81.757  -16.629 0.8000000119
51  14.832  -80.878  -18.918 0.8999999762
74  16.504  -80.304  -11.302 0.6000000238
73  17.396  -80.268  -11.411 0.5000000000
0  16.872  -80.861  -11.882 0.8000000119
113842  15.306  -81.513  -14.995 0.8999999762
23  16.402  -81.696  -15.203 0.8000000119
28  17.506  -81.761  -16.279 0.8000000119
35  16.101  -81.747  -17.359 0.8999999762
36  15.255  -81.438  -17.766 0.8999999762
70  14.728  -79.365  -10.776 0.8000000119
69  15.324  -79.730  -10.912 0.6999999881
1  15.968  -80.835  -11.843 0.8999999762
9  16.211  -81.370  -13.207 0.8999999762
15  16.084  -81.531  -14.200 0.8999999762
16  15.087  -81.335  -14.247 0.8999999762
24  14.686  -81.278  -15.566 0.8999999762
124680  15.229  -81.545  -16.925 0.8000000119
114257  17.913  -81.808  -16.914 0.8000000119
47  17.994  -81.694  -19.362 0.6999999881
48  17.026  -81.616  -19.715 0.8000000119
65  16.482  -81.088  -21.898 0.6999999881
56  15.942  -81.294  -20.188 0.8000000119
125  15.267  -80.196  -22.677 0.8000000119
77  14.168  -80.121  -11.850 0.8000000119
627  13.678  -75.655  -9.252 0.8000000119
82  14.960  -80.585  -11.968 0.8999999762
171  13.800  -79.604  -14.541 0.8999999762
131290  14.794  -80.848  -12.622 0.8999999762
98  14.490  -80.514  -16.633 0.8999999762
25  14.263  -80.654  -15.591 0.8999999762
104  14.729  -80.409  -18.483 0.8999999762
30  14.675  -81.178  -16.368 0.8999999762
37  14.734  -81.072  -17.284 0.8999999762
118965  15.660  -79.062  -20.954 0.8999999762
323  15.147  -79.209  -21.124 0.8999999762
214  14.936  -79.544  -20.199 0.8999999762
50  15.210  -81.142  -19.453 0.8999999762
43  15.285  -81.304  -18.606 0.8999999762
61  15.370  -80.917  -21.015 0.8999999762
328  15.231  -79.056  -21.913 0.8999999762
131520  14.821  -79.962  -21.594 0.8999999762
130964  15.703  -80.948  -21.657 0.8999999762
337  15.558  -78.698  -23.492 0.8999999762
446  15.908  -78.012  -24.283 0.8999999762
225  15.332  -79.118  -23.165 0.8999999762
572  15.826  -76.460  -26.044 0.8999999762
134856  16.069  -77.040  -27.354 0.8999999762
579  15.780  -76.028  -27.145 0.8999999762
574  15.811  -76.105  -26.619 1.0000000000
754  15.695  -75.727  -27.715 1.0000000000
157  13.818  -79.639  -11.741 0.8000000119
166  13.594  -79.730  -13.223 0.8999999762
88  13.873  -80.270  -13.377 0.8999999762
91  14.085  -80.607  -14.059 0.8999999762
179  14.065  -79.468  -15.124 0.8999999762
118016  13.759  -80.072  -14.145 0.8999999762
178  14.851  -79.292  -15.661 0.8999999762
11  14.577  -81.019  -13.859 0.8999999762
186  14.562  -79.966  -16.334 0.8999999762
96  13.895  -80.119  -15.021 0.8999999762
121833  8.739  -71.149  -17.447 0.8999999762
2270  8.360  -70.573  -17.808 0.8999999762
200  15.804  -79.511  -17.994 1.0000000000
193  15.100  -79.675  -17.564 0.8999999762
317  15.888  -79.254  -19.449 0.8999999762
201  15.060  -79.563  -18.491 0.8999999762
101  14.656  -80.491  -17.665 0.8999999762
321  16.440  -79.066  -20.287 0.8999999762
208  15.111  -79.447  -19.356 0.8999999762
209  14.797  -79.785  -19.517 0.8999999762
322  15.419  -79.251  -20.245 0.8999999762
335  16.861  -78.366  -22.886 0.8999999762
331  16.201  -78.701  -22.230 0.8999999762
445  16.276  -78.166  -23.736 0.8999999762
119793  17.478  -75.991  -24.811 0.8999999762
567  17.130  -76.818  -24.625 0.8999999762
742  17.145  -75.401  -25.220 0.8999999762
571  16.616  -76.144  -25.187 0.8999999762
994  15.621  -75.237  -25.979 0.8999999762
354  16.353  -78.205  -26.985 0.8999999762
1005  15.309  -74.814  -26.475 1.0000000000
464  16.541  -77.343  -28.578 0.8999999762
365  16.208  -77.239  -27.838 1.0000000000
755  15.467  -75.414  -27.083 1.0000000000
1014  15.167  -74.607  -27.368 1.0000000000
474  16.326  -76.660  -29.168 1.0000000000
1020  15.421  -74.616  -28.567 1.0000000000
1021  15.068  -74.236  -28.095 1.0000000000
1295  14.943  -73.740  -27.620 1.0000000000
765  15.782  -75.051  -29.183 1.0000000000
1025  15.050  -73.875  -28.734 1.0000000000
1024  15.518  -74.290  -29.224 1.0000000000
278  13.419  -78.756  -12.327 0.8000000119
642  12.732  -75.060  -10.570 0.8000000119
133732  13.502  -78.294  -12.967 0.8000000119
291  13.701  -78.302  -13.756 0.8999999762
116567  12.578  -75.121  -11.614 0.8000000119
284  13.444  -79.056  -13.060 0.8999999762
402  14.105  -77.916  -14.620 1.0000000000
290  13.895  -78.811  -14.552 0.8999999762
296  14.713  -78.441  -15.157 0.8999999762
1510  9.646  -72.247  -16.616 0.8000000119
177  15.876  -79.052  -15.801 1.0000000000
1899  8.968  -71.399  -16.758 0.8000000119
1517  9.671  -72.488  -18.341 0.8999999762
1905  9.278  -71.879  -17.608 0.8999999762
185  15.275  -79.592  -16.429 1.0000000000
1906  8.788  -71.343  -18.335 0.8999999762
1918  8.698  -71.280  -19.287 1.0000000000
311  16.432  -79.289  -18.577 1.0000000000
129388  17.704  -78.437  -21.186 1.0000000000
326  16.541  -78.819  -21.293 0.8999999762
443  18.376  -77.316  -23.161 0.8999999762
330  17.297  -78.449  -22.034 0.8999999762
440  17.889  -77.940  -22.665 0.8999999762
566  18.214  -76.180  -24.285 0.8999999762
564  17.928  -77.081  -23.930 0.8999999762
982  18.421  -74.542  -24.668 0.8999999762
737  17.982  -75.331  -24.764 0.8999999762
1277  17.541  -73.607  -25.474 1.0000000000
1278  16.798  -73.982  -25.761 0.8999999762
993  16.538  -74.840  -25.634 0.8999999762
132019  17.308  -72.440  -25.888 1.0000000000
1284  17.079  -73.144  -25.887 1.0000000000
126250  15.349  -74.173  -26.549 0.8999999762
373  17.173  -77.693  -29.049 1.0000000000
124529  16.844  -77.886  -28.360 1.0000000000
1615  15.762  -72.709  -26.858 1.0000000000
1286  15.184  -73.565  -26.925 1.0000000000
478  16.753  -76.629  -29.924 1.0000000000
1006  15.109  -74.337  -26.917 1.0000000000
595  16.952  -76.233  -30.491 0.8999999762
596  16.454  -76.105  -29.937 1.0000000000
769  16.150  -75.398  -29.920 1.0000000000
113547  14.711  -73.115  -28.816 1.0000000000
1625  14.670  -72.978  -28.222 1.0000000000
1045  16.285  -74.116  -30.621 1.0000000000
130011  15.912  -74.751  -29.771 1.0000000000
1305  15.136  -73.473  -29.358 1.0000000000
1315  15.863  -73.413  -30.452 0.8999999762
1316  15.268  -73.037  -30.047 0.8999999762
1646  14.819  -72.130  -30.339 0.8999999762
654  12.977  -75.744  -12.328 0.8000000119
403  13.706  -77.311  -14.128 0.8999999762
664  13.174  -76.136  -13.199 0.8999999762
409  14.587  -77.599  -15.248 1.0000000000
408  15.547  -77.888  -15.485 1.0000000000
669  12.966  -75.852  -14.060 0.8999999762
115432  11.931  -74.607  -13.939 0.8000000119
901  12.381  -75.190  -14.727 0.8000000119
1178  10.989  -73.529  -14.685 0.6999999881
1185  11.110  -73.762  -15.472 0.8000000119
1186  10.601  -73.186  -15.406 0.6999999881
2258  8.175  -70.642  -15.397 0.6000000238
1190  10.821  -73.572  -16.381 0.6999999881
1509  10.195  -72.795  -16.034 0.8000000119
129838  7.846  -69.940  -16.501 0.6999999881
295  15.769  -78.525  -15.525 1.0000000000
2696  7.939  -69.932  -17.324 0.8000000119
2694  7.564  -69.271  -16.919 0.6999999881
1211  10.809  -73.785  -18.237 1.0000000000
1198  11.101  -74.004  -17.409 0.8999999762
1516  9.916  -72.692  -17.468 0.8999999762
130097  7.675  -69.340  -17.655 0.8000000119
294  16.552  -78.582  -15.812 1.0000000000
184  16.441  -79.137  -16.236 1.0000000000
2697  7.516  -68.994  -18.362 0.8999999762
306  16.843  -79.322  -17.533 1.0000000000
133917  9.470  -72.294  -19.075 1.0000000000
315  18.033  -78.611  -19.199 1.0000000000
310  17.638  -78.914  -18.164 1.0000000000
1934  8.930  -71.561  -20.055 1.0000000000
115885  17.433  -78.802  -19.961 1.0000000000
325  18.349  -77.915  -21.754 1.0000000000
981  19.055  -74.513  -24.185 1.0000000000
563  18.706  -76.583  -23.504 0.8999999762
125558  18.789  -73.952  -24.496 1.0000000000
1276  18.242  -73.650  -24.987 1.0000000000
1995  17.751  -71.923  -25.603 1.0000000000
371  18.793  -78.066  -29.632 0.6999999881
2359  17.596  -71.052  -25.903 1.0000000000
2374  16.886  -70.904  -26.719 1.0000000000
1614  16.656  -72.564  -26.341 1.0000000000
2384  16.442  -70.389  -27.479 1.0000000000
2022  16.070  -71.219  -27.378 1.0000000000
1624  15.448  -72.013  -27.348 1.0000000000
594  17.517  -76.241  -30.510 0.6999999881
2393  16.063  -69.959  -28.156 1.0000000000
2394  15.340  -70.357  -28.622 1.0000000000
1630  14.713  -72.205  -28.054 1.0000000000
593  17.999  -76.179  -30.438 0.6000000238
597  17.109  -75.706  -30.870 0.8000000119
2410  14.877  -70.171  -29.465 0.8999999762
2395  14.681  -70.916  -29.026 1.0000000000
2030  14.445  -71.538  -29.254 0.8999999762
1030  16.980  -74.032  -31.012 0.8999999762
1044  16.680  -74.862  -30.830 0.8999999762
2411  14.445  -70.973  -29.867 0.8999999762
2039  14.461  -71.804  -29.682 1.0000000000
1029  17.186  -73.902  -30.745 0.8999999762
119707  16.518  -73.964  -30.916 0.8999999762
1327  16.168  -73.163  -30.905 0.8999999762
2047  14.547  -71.382  -30.287 0.8999999762
1313  18.008  -72.495  -30.422 0.6999999881
1314  17.450  -72.743  -30.933 0.8000000119
1645  15.535  -72.661  -30.625 0.8999999762
1657  15.188  -71.908  -31.079 0.8999999762
117799  13.425  -76.635  -13.735 0.8999999762
410  13.893  -77.120  -14.906 0.8999999762
513  13.450  -76.526  -14.520 1.0000000000
516  14.044  -76.872  -15.764 1.0000000000
119046  13.514  -76.494  -15.230 1.0000000000
671  13.016  -75.938  -15.014 1.0000000000
417  15.114  -77.267  -15.843 1.0000000000
118457  10.409  -72.892  -14.568 0.6999999881
1485  9.775  -72.324  -14.451 0.5000000000
416  16.078  -77.430  -15.905 1.0000000000
672  12.606  -75.526  -15.538 1.0000000000
1498  10.057  -72.568  -15.253 0.6999999881
1499  9.447  -71.992  -15.186 0.6000000238
2259  7.738  -70.152  -14.773 0.4000000060
407  16.418  -78.030  -15.609 1.0000000000
905  11.476  -74.267  -15.941 0.8999999762
124379  9.720  -72.268  -15.810 0.6999999881
1898  9.177  -71.667  -15.967 0.6000000238
115594  12.785  -75.943  -18.171 0.8999999762
913  11.665  -74.655  -17.416 0.8999999762
908  11.386  -74.253  -16.711 0.8999999762
120051  8.577  -71.000  -16.074 0.6999999881
406  17.018  -78.167  -15.782 1.0000000000
3174  7.355  -68.697  -17.484 0.8000000119
1210  11.147  -74.137  -19.110 1.0000000000
2280  8.335  -70.680  -18.805 0.8999999762
305  17.645  -78.937  -16.977 1.0000000000
1527  9.967  -72.856  -19.311 1.0000000000
3202  7.400  -68.588  -20.575 1.0000000000
124362  7.259  -68.433  -18.864 1.0000000000
424  18.636  -78.273  -18.170 1.0000000000
1539  9.472  -72.221  -20.026 1.0000000000
2290  8.410  -70.855  -19.971 1.0000000000
135775  6.738  -66.283  -20.745 1.0000000000
320  18.252  -78.290  -20.276 1.0000000000
1945  8.814  -71.187  -20.748 1.0000000000
2303  7.916  -69.906  -20.901 1.0000000000
439  19.143  -77.286  -21.818 1.0000000000
561  19.132  -76.842  -22.658 1.0000000000
730  19.465  -75.514  -23.315 1.0000000000
1265  19.401  -72.958  -23.972 1.0000000000
975  19.562  -74.351  -23.618 1.0000000000
4355  6.799  -66.571  -34.118 0.8999999762
4887  6.626  -65.536  -34.479 0.8999999762
4867  6.211  -64.938  -33.921 0.8000000119
124262  5.373  -64.297  -32.375 0.8999999762
5380  5.463  -63.563  -33.214 0.8999999762
4365  7.315  -66.954  -35.025 0.8999999762
6311  5.190  -62.670  -33.024 0.8000000119
5369  5.100  -64.098  -31.734 0.8999999762
1978  18.958  -71.586  -24.447 1.0000000000
1603  18.382  -72.170  -25.036 1.0000000000
132578  6.996  -66.110  -34.989 0.8999999762
5402  6.671  -64.486  -34.719 0.6999999881
6804  5.101  -61.816  -32.734 0.6999999881
2358  18.160  -70.347  -25.515 1.0000000000
4886  7.061  -65.214  -35.284 0.8999999762
5878  7.006  -63.504  -34.814 0.6000000238
2373  17.560  -70.080  -26.340 1.0000000000
4906  7.633  -64.852  -35.956 0.6000000238
5401  7.302  -64.202  -35.422 0.5000000000
2383  17.052  -69.962  -27.038 1.0000000000
2799  17.111  -68.871  -28.081 1.0000000000
2801  15.660  -69.595  -28.939 0.8999999762
2426  14.564  -70.115  -30.439 0.8999999762
2427  14.528  -70.770  -30.677 0.8999999762
119788  17.505  -72.020  -31.322 0.8000000119
1326  16.831  -73.011  -30.995 0.8999999762
1655  16.642  -72.001  -31.338 0.8999999762
2057  15.022  -71.151  -31.553 0.8999999762
2058  14.727  -71.350  -30.885 0.8999999762
1644  18.261  -72.000  -31.336 0.8000000119
125605  17.520  -71.679  -32.174 0.8999999762
521  15.509  -76.857  -16.529 1.0000000000
675  13.166  -76.106  -15.948 1.0000000000
522  14.562  -76.774  -16.628 1.0000000000
118096  15.794  -76.595  -17.246 1.0000000000
523  13.710  -76.444  -16.771 1.0000000000
535  15.626  -76.753  -18.331 1.0000000000
531  14.963  -76.809  -17.512 1.0000000000
119646  13.440  -76.326  -17.641 1.0000000000
683  12.966  -75.944  -17.036 1.0000000000
536  14.472  -77.060  -18.785 1.0000000000
684  12.294  -75.313  -17.301 0.8999999762
415  16.894  -77.569  -15.945 1.0000000000
116770  11.746  -74.805  -19.155 1.0000000000
925  12.022  -75.119  -18.228 1.0000000000
413  18.142  -77.432  -16.440 1.0000000000
935  11.548  -74.427  -20.126 1.0000000000
926  11.396  -74.420  -18.237 1.0000000000
3715  8.018  -67.346  -22.018 1.0000000000
300  18.040  -78.264  -16.501 1.0000000000
135397  10.437  -73.283  -19.970 1.0000000000
3724  7.848  -68.071  -21.734 1.0000000000
2732  7.970  -69.245  -21.359 1.0000000000
113182  7.581  -67.142  -21.587 1.0000000000
1231  10.686  -73.320  -20.858 1.0000000000
1551  9.715  -72.234  -20.951 1.0000000000
2315  8.322  -70.007  -21.164 1.0000000000
432  19.120  -77.678  -19.970 1.0000000000
131636  19.631  -76.219  -22.458 1.0000000000
966  19.775  -74.944  -23.214 1.0000000000
3867  7.354  -67.552  -34.168 0.8999999762
3868  6.928  -67.292  -33.255 0.8999999762
4827  6.121  -66.195  -32.131 0.8999999762
116003  6.108  -65.531  -33.035 0.8999999762
1258  19.846  -73.500  -23.383 1.0000000000
1590  19.382  -72.218  -23.966 1.0000000000
3883  7.742  -67.699  -34.914 0.8999999762
116422  4.699  -62.778  -30.986 0.8999999762
6279  4.589  -61.968  -30.179 0.8999999762
6761  4.640  -60.865  -30.138 0.8000000119
2339  18.764  -70.584  -24.740 1.0000000000
6787  4.790  -61.622  -31.789 0.8000000119
1994  18.277  -71.286  -25.226 1.0000000000
3895  9.586  -67.583  -35.359 0.8999999762
4364  7.908  -67.213  -35.576 0.8999999762
136729  5.194  -61.215  -32.545 0.6000000238
6773  4.849  -60.724  -31.195 0.8000000119
4377  9.548  -66.769  -35.859 0.8999999762
4379  7.546  -66.107  -35.803 0.8000000119
2790  17.407  -69.209  -27.301 1.0000000000
4904  9.132  -65.758  -36.118 0.8000000119
5400  7.879  -64.138  -35.826 0.4000000060
4928  8.976  -64.891  -36.082 0.6999999881
5889  8.632  -64.066  -35.655 0.4000000060
3294  16.842  -68.658  -28.735 1.0000000000
5411  8.973  -64.382  -35.841 0.5000000000
3312  16.142  -68.406  -30.082 1.0000000000
3321  15.396  -68.552  -30.927 1.0000000000
132145  15.279  -69.247  -30.004 0.8999999762
3333  14.873  -68.671  -32.018 0.8999999762
2846  14.638  -69.572  -31.835 0.8999999762
2855  14.854  -69.510  -32.608 1.0000000000
136649  15.955  -71.214  -32.311 0.8999999762
2435  14.809  -70.335  -31.990 0.8999999762
1311  19.603  -72.916  -29.955 0.6000000238
136128  19.516  -72.760  -30.567 0.6999999881
125402  18.788  -72.102  -30.999 0.6999999881
129949  18.094  -71.930  -31.987 0.8000000119
2060  15.972  -70.931  -32.912 0.8999999762
122367  16.218  -69.880  -33.841 1.0000000000
1325  19.052  -72.635  -31.975 0.6999999881
1331  18.628  -72.467  -32.472 0.6999999881
1660  18.174  -72.208  -32.966 0.8999999762
1664  18.438  -72.379  -33.811 0.8999999762
117196  16.697  -71.093  -33.327 0.8999999762
135350  16.273  -70.783  -33.416 0.8999999762
542  15.980  -76.757  -19.303 1.0000000000
543  15.193  -77.256  -19.657 1.0000000000
3677  6.932  -67.975  -17.373 0.8000000119
544  14.371  -77.102  -20.065 1.0000000000
692  13.156  -76.285  -19.324 1.0000000000
934  12.162  -75.161  -20.199 1.0000000000
693  12.425  -75.530  -19.200 1.0000000000
4198  9.705  -65.956  -21.042 1.0000000000
4685  9.419  -65.140  -21.184 1.0000000000
134011  8.364  -65.917  -21.937 1.0000000000
528  18.178  -76.601  -16.681 1.0000000000
949  12.038  -74.689  -20.978 1.0000000000
1230  11.389  -73.931  -20.955 1.0000000000
125303  9.215  -67.773  -21.428 1.0000000000
3214  10.081  -68.959  -21.044 1.0000000000
3216  8.397  -68.160  -21.780 1.0000000000
428  18.901  -77.974  -19.159 1.0000000000
2730  9.315  -69.685  -21.354 1.0000000000
2731  8.451  -69.446  -21.374 1.0000000000
1957  9.479  -71.448  -21.169 1.0000000000
435  19.679  -76.987  -21.093 1.0000000000
714  20.100  -75.913  -21.931 1.0000000000
3351  7.962  -68.976  -33.205 0.8999999762
3856  7.003  -67.886  -32.523 0.8999999762
4848  5.694  -65.190  -32.274 0.8999999762
3363  8.963  -69.016  -33.669 0.8999999762
122724  5.366  -64.800  -31.555 0.8999999762
5839  4.797  -63.706  -30.499 0.8999999762
3362  10.167  -69.131  -33.704 1.0000000000
131487  8.756  -68.444  -34.474 0.8999999762
114933  4.672  -63.073  -30.079 0.8999999762
3374  9.622  -68.598  -34.356 0.8999999762
2779  18.255  -69.390  -25.904 1.0000000000
3880  11.032  -68.181  -35.019 0.8999999762
7264  5.317  -59.692  -31.652 0.5000000000
7265  4.859  -59.922  -30.664 0.8000000119
2785  17.810  -69.293  -26.647 1.0000000000
3894  10.390  -67.471  -35.432 0.8999999762
3269  17.993  -68.777  -27.094 1.0000000000
3893  11.446  -67.398  -35.498 0.8999999762
4376  10.636  -66.692  -35.862 0.8999999762
3279  17.904  -68.422  -27.810 1.0000000000
4392  10.114  -65.870  -36.142 0.6999999881
4927  9.857  -65.027  -36.162 0.6999999881
117010  17.500  -68.288  -28.623 1.0000000000
5433  9.729  -64.348  -36.038 0.5000000000
131151  16.203  -68.049  -30.789 1.0000000000
5899  10.412  -63.844  -36.042 0.4000000060
1302  20.033  -73.305  -29.025 0.5000000000
2443  17.071  -70.122  -34.251 1.0000000000
2860  15.898  -69.032  -33.685 1.0000000000
125887  20.712  -73.545  -30.202 0.5000000000
1028  20.315  -73.761  -30.939 0.6999999881
1043  19.497  -72.932  -31.303 0.6999999881
1330  19.172  -73.650  -33.035 0.6999999881
1336  18.855  -73.030  -33.449 0.8000000119
1661  17.565  -71.602  -33.291 0.8999999762
2064  17.291  -71.167  -33.796 0.8999999762
130647  16.667  -70.635  -33.804 0.8999999762
550  15.868  -76.923  -20.314 1.0000000000
129120  10.066  -63.488  -19.904 1.0000000000
530  16.506  -76.369  -17.504 1.0000000000
529  17.303  -76.388  -16.868 1.0000000000
556  14.784  -76.588  -21.078 1.0000000000
551  14.962  -77.094  -20.689 1.0000000000
112025  10.196  -65.125  -20.570 1.0000000000
112007  9.391  -64.461  -20.928 1.0000000000
520  16.521  -76.801  -16.526 1.0000000000
718  13.384  -75.684  -21.009 1.0000000000
545  13.615  -76.498  -20.317 1.0000000000
124677  10.915  -66.879  -19.787 1.0000000000
125715  10.535  -66.056  -20.230 1.0000000000
113051  8.261  -64.112  -20.857 1.0000000000
3695  10.530  -67.673  -20.165 1.0000000000
135193  9.919  -67.432  -20.892 1.0000000000
421  18.977  -77.731  -17.233 1.0000000000
3200  10.483  -68.428  -20.373 1.0000000000
2314  9.338  -70.649  -21.304 1.0000000000
431  19.665  -77.188  -20.241 1.0000000000
136119  20.217  -73.114  -22.977 1.0000000000
965  20.485  -74.266  -22.309 1.0000000000
2847  11.046  -69.511  -32.186 1.0000000000
2857  9.757  -69.949  -32.328 1.0000000000
3350  9.815  -69.564  -32.986 1.0000000000
131740  7.456  -68.584  -32.629 0.8999999762
3857  6.596  -67.052  -32.384 0.8999999762
4332  5.998  -66.465  -31.210 0.8999999762
4813  5.327  -65.126  -30.754 0.8999999762
3349  10.750  -69.462  -33.006 1.0000000000
1971  19.676  -71.559  -23.631 1.0000000000
3348  11.549  -68.955  -32.759 1.0000000000
3361  11.154  -69.081  -33.691 1.0000000000
119882  4.980  -64.563  -30.172 0.8999999762
2760  18.724  -69.675  -25.075 1.0000000000
3372  11.539  -68.631  -34.379 1.0000000000
119103  4.549  -61.313  -29.178 1.0000000000
3268  18.442  -68.713  -26.503 1.0000000000
3866  12.566  -68.174  -33.394 1.0000000000
3878  12.375  -68.431  -34.292 1.0000000000
8386  5.765  -58.487  -31.196 0.6999999881
7247  4.617  -60.308  -29.567 0.8000000119
132750  12.711  -68.138  -34.926 0.8999999762
3879  11.965  -68.196  -35.022 0.8999999762
3892  12.461  -67.617  -35.385 0.8999999762
3278  18.760  -67.872  -27.894 1.0000000000
4374  12.129  -66.822  -35.806 0.8999999762
4375  11.393  -66.580  -35.896 0.8999999762
5430  12.324  -64.565  -36.610 0.6000000238
4926  10.729  -65.166  -36.230 0.6000000238
5432  10.692  -64.304  -36.183 0.6000000238
5888  9.793  -63.987  -35.767 0.5000000000
3311  17.035  -68.188  -29.432 1.0000000000
129724  17.774  -67.592  -31.519 1.0000000000
3853  17.945  -67.650  -32.388 1.0000000000
5898  11.148  -63.505  -36.183 0.6000000238
120269  15.541  -68.150  -32.495 1.0000000000
3346  16.001  -68.208  -33.220 1.0000000000
3345  17.101  -67.831  -33.206 1.0000000000
1347  19.552  -73.595  -34.139 0.8999999762
1668  18.811  -72.327  -34.359 0.8999999762
2067  18.057  -71.621  -34.131 0.8999999762
125064  18.229  -71.080  -34.481 0.8999999762
2441  17.999  -70.366  -34.617 0.8999999762
2866  17.566  -69.588  -34.541 0.8999999762
2867  16.708  -69.339  -34.152 1.0000000000
3358  17.407  -68.121  -33.879 1.0000000000
1027  21.311  -74.304  -30.925 0.6999999881
1042  20.988  -74.934  -31.692 0.6999999881
116670  19.648  -74.047  -32.563 0.6999999881
698  16.651  -76.363  -19.615 1.0000000000
691  16.559  -76.291  -18.511 1.0000000000
706  15.579  -76.596  -21.124 1.0000000000
111998  10.913  -65.464  -19.986 1.0000000000
682  17.329  -75.926  -17.639 1.0000000000
719  12.753  -74.840  -21.089 1.0000000000
4192  11.256  -66.131  -19.538 1.0000000000
137383  17.786  -76.109  -17.015 1.0000000000
1242  12.107  -73.454  -21.293 1.0000000000
1243  11.241  -73.220  -21.213 1.0000000000
960  11.965  -74.056  -21.188 1.0000000000
117335  11.610  -66.929  -19.044 1.0000000000
1562  10.783  -72.352  -21.336 1.0000000000
3694  11.275  -67.680  -19.306 1.0000000000
534  19.928  -76.791  -17.945 1.0000000000
420  19.389  -76.935  -17.194 1.0000000000
1956  10.335  -71.527  -21.347 1.0000000000
1563  10.092  -72.095  -21.231 1.0000000000
121378  11.427  -69.143  -19.435 1.0000000000
703  20.709  -75.547  -20.592 1.0000000000
541  20.165  -76.675  -19.695 1.0000000000
133759  21.259  -73.782  -21.026 1.0000000000
555  20.235  -76.263  -21.096 1.0000000000
122453  10.127  -70.622  -21.329 1.0000000000
2721  10.444  -69.703  -20.998 1.0000000000
954  20.864  -74.316  -21.511 1.0000000000
2848  10.380  -70.046  -31.683 1.0000000000
2849  9.263  -70.200  -31.724 1.0000000000
2851  7.485  -69.399  -31.349 1.0000000000
114328  6.916  -68.832  -30.887 1.0000000000
3825  6.324  -67.546  -30.413 1.0000000000
1970  20.351  -71.520  -22.897 1.0000000000
1237  20.888  -73.496  -21.810 1.0000000000
131749  11.236  -69.519  -31.300 1.0000000000
2858  8.787  -69.652  -32.591 1.0000000000
3838  6.654  -67.598  -31.752 0.8999999762
3839  6.327  -67.207  -31.092 0.8999999762
4323  5.636  -65.961  -30.548 0.8999999762
4803  5.281  -65.394  -29.935 0.8999999762
2328  20.116  -70.787  -23.254 1.0000000000
135478  4.977  -64.843  -29.459 1.0000000000
5830  4.727  -63.897  -29.422 1.0000000000
6278  4.608  -62.927  -29.424 1.0000000000
3335  11.626  -68.870  -31.768 1.0000000000
2759  19.323  -68.974  -24.659 1.0000000000
2338  19.414  -70.732  -23.974 1.0000000000
3855  12.528  -67.881  -32.497 1.0000000000
3837  12.456  -67.785  -31.775 1.0000000000
7779  4.587  -59.797  -29.000 1.0000000000
3259  19.498  -68.254  -25.148 1.0000000000
2778  18.870  -68.900  -25.451 1.0000000000
3854  13.081  -67.453  -32.934 1.0000000000
8364  4.988  -58.177  -29.817 0.8000000119
3267  19.113  -68.285  -25.994 1.0000000000
4363  13.961  -67.340  -34.559 1.0000000000
3891  13.282  -67.692  -35.193 0.8999999762
116657  13.024  -67.036  -35.779 0.8999999762
3293  18.295  -67.890  -28.533 1.0000000000
4388  13.522  -66.447  -36.243 0.8999999762
121363  13.210  -65.788  -36.522 0.6999999881
3319  17.758  -67.692  -29.937 1.0000000000
5431  11.634  -63.905  -36.434 0.6000000238
3820  18.555  -67.565  -30.269 1.0000000000
3834  18.930  -67.712  -31.636 1.0000000000
127280  18.894  -67.734  -32.469 1.0000000000
5897  11.857  -63.130  -36.461 0.5000000000
3865  18.281  -67.770  -33.294 1.0000000000
3863  20.176  -68.093  -33.525 1.0000000000
2865  18.407  -69.763  -34.974 0.8999999762
3357  18.105  -68.217  -34.218 1.0000000000
1667  19.351  -72.772  -34.458 0.8999999762
1680  19.125  -72.171  -34.724 0.8999999762
116365  18.736  -70.887  -34.820 0.8999999762
135621  18.538  -70.320  -34.887 0.8999999762
3370  18.093  -68.958  -34.731 1.0000000000
123135  20.204  -74.527  -32.048 0.6999999881
1048  19.738  -74.375  -33.283 0.6999999881
697  17.310  -75.738  -19.729 1.0000000000
717  15.238  -76.067  -21.218 1.0000000000
128196  13.092  -64.934  -18.353 1.0000000000
128167  12.258  -65.111  -18.923 1.0000000000
128561  11.284  -63.575  -19.225 1.0000000000
112713  10.010  -62.775  -19.263 1.0000000000
125556  17.641  -75.244  -18.837 1.0000000000
557  14.216  -76.101  -21.143 1.0000000000
4675  11.497  -65.322  -19.424 1.0000000000
112783  10.838  -63.945  -19.772 1.0000000000
112597  9.135  -63.067  -19.873 1.0000000000
690  17.797  -75.335  -17.981 1.0000000000
1229  13.046  -73.684  -20.994 1.0000000000
124860  12.563  -74.103  -21.178 1.0000000000
112574  12.761  -66.954  -18.305 1.0000000000
4189  12.121  -66.146  -18.829 1.0000000000
680  19.312  -75.400  -17.290 1.0000000000
2313  11.030  -71.011  -21.270 1.0000000000
3687  12.286  -67.007  -18.506 1.0000000000
912  19.928  -74.689  -17.615 1.0000000000
124062  19.013  -76.329  -16.944 1.0000000000
3688  11.986  -67.734  -18.606 1.0000000000
921  20.806  -74.758  -18.331 1.0000000000
678  20.515  -75.406  -18.122 1.0000000000
2301  10.928  -70.279  -20.955 1.0000000000
137261  12.084  -69.373  -18.700 1.0000000000
135858  12.606  -69.281  -18.421 1.0000000000
696  21.196  -74.720  -20.097 1.0000000000
688  20.800  -75.431  -18.845 1.0000000000
2720  11.215  -69.727  -20.169 1.0000000000
125740  11.747  -69.905  -19.299 1.0000000000
2279  12.259  -70.114  -18.790 1.0000000000
119821  21.437  -73.066  -20.862 1.0000000000
119390  10.824  -70.136  -30.622 1.0000000000
2839  7.793  -70.035  -30.783 1.0000000000
2840  7.277  -69.445  -30.605 1.0000000000
3316  6.663  -68.422  -29.532 1.0000000000
1557  21.132  -72.566  -21.642 1.0000000000
3322  12.342  -68.226  -30.488 1.0000000000
4315  6.078  -67.201  -29.707 1.0000000000
2741  20.583  -70.037  -22.776 1.0000000000
1962  20.873  -71.379  -22.226 1.0000000000
4316  5.620  -66.303  -29.603 1.0000000000
135920  4.612  -63.259  -28.778 1.0000000000
119477  19.938  -69.974  -23.526 1.0000000000
5819  4.737  -63.931  -28.334 1.0000000000
6255  4.596  -62.327  -27.630 1.0000000000
3249  19.993  -68.159  -24.328 1.0000000000
3836  12.864  -67.200  -31.950 1.0000000000
7232  4.536  -60.611  -28.550 1.0000000000
4347  13.577  -66.556  -32.314 1.0000000000
8889  6.092  -56.914  -29.901 0.4000000060
8904  5.774  -57.852  -30.638 0.6000000238
120683  4.655  -58.921  -28.964 0.8999999762
4847  14.314  -65.841  -32.295 1.0000000000
4353  14.444  -66.630  -33.808 1.0000000000
4362  14.678  -66.841  -34.815 0.8999999762
3811  18.771  -67.570  -29.117 1.0000000000
118191  19.257  -67.477  -29.716 1.0000000000
4387  14.383  -66.454  -36.393 0.8999999762
5446  13.706  -64.614  -37.158 0.6999999881
5913  13.711  -63.931  -37.323 0.5000000000
123851  18.439  -67.603  -29.672 1.0000000000
3819  19.694  -67.634  -30.574 1.0000000000
121296  20.699  -68.075  -31.784 1.0000000000
5447  13.019  -64.187  -37.047 0.5000000000
5896  12.341  -63.610  -36.770 0.6000000238
3833  19.988  -67.851  -31.418 1.0000000000
3852  20.507  -68.195  -32.605 1.0000000000
126252  19.769  -67.931  -32.129 1.0000000000
121590  19.479  -67.908  -32.950 1.0000000000
1359  19.864  -73.050  -34.708 0.8000000119
1679  19.590  -72.325  -34.928 0.8000000119
117270  19.323  -70.903  -35.161 0.6999999881
3381  18.731  -69.065  -35.099 1.0000000000
3380  19.483  -68.629  -35.309 1.0000000000
3876  20.012  -67.997  -34.554 1.0000000000
136530  19.524  -67.954  -34.122 1.0000000000
777  20.758  -75.208  -32.458 0.6999999881
135627  20.032  -74.703  -33.265 0.6999999881
2874  19.154  -69.506  -35.368 1.0000000000
3385  19.848  -69.161  -35.805 0.8999999762
3379  20.112  -68.587  -35.732 1.0000000000
3890  20.178  -68.152  -35.345 1.0000000000
705  16.666  -76.234  -20.782 1.0000000000
112623  13.036  -63.973  -18.383 1.0000000000
128199  10.634  -63.350  -19.423 1.0000000000
129005  11.922  -63.768  -19.015 1.0000000000
933  17.870  -74.887  -19.547 1.0000000000
959  13.792  -75.285  -21.068 1.0000000000
129053  14.147  -65.393  -17.911 1.0000000000
111989  14.494  -66.756  -18.382 1.0000000000
129004  14.229  -66.208  -18.028 1.0000000000
932  18.475  -74.158  -18.692 1.0000000000
1943  12.485  -71.967  -20.267 1.0000000000
128026  13.813  -67.360  -18.299 1.0000000000
923  19.081  -74.452  -17.714 1.0000000000
122599  11.793  -71.400  -20.852 1.0000000000
1944  11.978  -72.080  -21.226 1.0000000000
129006  14.241  -67.760  -18.689 1.0000000000
3198  14.335  -68.616  -19.666 1.0000000000
1207  20.852  -73.462  -18.394 1.0000000000
922  19.854  -73.984  -17.742 1.0000000000
2300  11.580  -70.544  -20.152 1.0000000000
1916  12.698  -70.847  -18.747 1.0000000000
134568  13.246  -68.484  -18.295 1.0000000000
1533  21.230  -72.158  -19.242 1.0000000000
129666  14.225  -69.068  -18.890 1.0000000000
1925  21.325  -71.344  -19.708 1.0000000000
1225  21.578  -72.664  -19.868 1.0000000000
931  21.372  -74.083  -19.339 1.0000000000
2278  13.441  -70.654  -18.522 1.0000000000
2706  13.616  -69.778  -18.481 1.0000000000
118257  21.510  -70.919  -21.057 1.0000000000
2413  10.472  -70.824  -29.275 1.0000000000
2825  10.146  -70.656  -30.048 1.0000000000
2826  9.133  -70.730  -30.127 1.0000000000
2827  8.141  -70.487  -30.044 1.0000000000
2727  21.416  -69.329  -21.348 1.0000000000
1950  21.290  -71.637  -21.494 1.0000000000
3814  12.794  -67.623  -29.963 1.0000000000
3314  12.503  -68.416  -29.647 1.0000000000
3323  12.025  -68.975  -30.129 1.0000000000
2824  11.518  -69.770  -29.806 1.0000000000
2837  9.782  -70.517  -30.914 1.0000000000
2828  7.476  -69.763  -29.849 1.0000000000
3297  6.827  -68.388  -28.699 1.0000000000
3803  6.568  -67.670  -28.327 1.0000000000
4289  6.272  -66.770  -27.396 1.0000000000
2320  21.202  -70.057  -21.984 1.0000000000
3824  12.670  -67.427  -30.995 1.0000000000
124215  11.500  -69.443  -30.553 1.0000000000
3815  6.398  -67.760  -29.136 1.0000000000
4300  5.973  -66.984  -28.771 1.0000000000
4790  5.261  -65.594  -28.089 1.0000000000
5318  4.987  -64.660  -27.732 1.0000000000
4773  5.586  -65.002  -26.306 1.0000000000
3221  21.305  -68.082  -21.939 1.0000000000
2736  21.130  -69.142  -22.231 1.0000000000
4314  13.752  -66.447  -29.729 1.0000000000
4331  13.269  -66.600  -31.252 1.0000000000
118291  5.198  -65.537  -29.084 1.0000000000
125449  4.848  -63.826  -27.408 1.0000000000
6267  4.616  -63.134  -27.992 1.0000000000
135070  20.886  -67.154  -23.248 1.0000000000
137065  20.491  -69.350  -23.067 1.0000000000
6243  4.743  -62.284  -26.715 1.0000000000
3248  20.592  -67.102  -23.980 1.0000000000
4812  14.321  -65.553  -30.779 1.0000000000
4321  13.723  -66.119  -30.570 1.0000000000
4330  13.893  -65.910  -31.457 1.0000000000
9501  6.580  -56.142  -28.821 0.4000000060
7201  4.620  -60.897  -26.641 1.0000000000
119357  4.470  -59.428  -27.220 1.0000000000
3759  20.454  -66.553  -24.919 1.0000000000
3749  20.078  -67.550  -24.816 1.0000000000
119869  14.948  -65.123  -30.924 1.0000000000
4826  14.623  -65.445  -31.544 1.0000000000
8891  5.235  -57.382  -29.664 0.8000000119
113867  4.617  -57.457  -28.154 0.8999999762
114678  4.484  -58.650  -27.926 1.0000000000
4257  20.295  -66.579  -25.962 1.0000000000
3769  19.669  -67.470  -26.532 1.0000000000
5364  16.589  -64.676  -30.931 1.0000000000
113459  16.066  -65.039  -31.844 1.0000000000
131518  15.217  -65.449  -32.338 1.0000000000
3785  19.236  -67.746  -27.281 1.0000000000
136657  19.669  -67.260  -28.453 1.0000000000
130369  15.995  -65.337  -32.701 1.0000000000
4866  14.797  -65.955  -33.134 1.0000000000
4352  15.156  -66.248  -34.071 1.0000000000
4285  20.311  -66.461  -27.655 1.0000000000
4296  20.174  -66.801  -28.410 1.0000000000
3810  20.316  -67.134  -29.702 1.0000000000
3818  20.945  -67.164  -30.336 1.0000000000
4885  15.868  -65.930  -34.520 1.0000000000
4903  16.086  -66.085  -36.502 1.0000000000
5427  15.019  -65.306  -37.306 0.8000000119
5912  14.562  -63.732  -37.478 0.6999999881
4799  20.735  -65.641  -29.143 1.0000000000
3832  20.787  -67.693  -31.024 1.0000000000
5425  16.795  -64.937  -37.357 0.8000000119
5910  16.299  -63.306  -37.544 0.6999999881
6370  14.772  -62.799  -37.407 0.4000000060
4319  21.085  -66.312  -29.791 1.0000000000
4329  21.914  -66.747  -31.155 1.0000000000
4345  22.338  -67.176  -31.907 1.0000000000
3851  21.419  -68.204  -32.264 1.0000000000
3850  22.202  -68.094  -32.685 1.0000000000
131198  21.281  -68.382  -33.080 1.0000000000
3862  22.996  -67.789  -33.424 1.0000000000
120592  21.968  -68.342  -33.696 1.0000000000
129555  20.991  -68.262  -33.872 1.0000000000
1056  22.276  -74.971  -33.753 0.6000000238
1068  20.598  -74.594  -34.011 0.6000000238
1346  20.921  -74.045  -34.799 0.6999999881
2071  19.285  -71.621  -35.021 0.8000000119
3874  22.554  -68.057  -34.496 1.0000000000
1057  21.351  -75.118  -33.475 0.6999999881
2879  20.330  -69.507  -36.226 0.6999999881
3901  21.192  -67.988  -36.524 1.0000000000
3888  21.705  -67.842  -35.683 1.0000000000
3875  21.130  -68.080  -34.803 1.0000000000
716  16.173  -75.859  -21.532 1.0000000000
112006  11.639  -63.130  -18.593 1.0000000000
957  15.893  -75.183  -21.605 1.0000000000
128260  12.376  -63.571  -18.567 1.0000000000
128428  10.838  -62.965  -18.872 1.0000000000
958  14.868  -75.425  -21.094 1.0000000000
112884  14.982  -65.427  -17.818 1.0000000000
128262  13.781  -64.371  -18.011 1.0000000000
945  17.859  -74.846  -20.758 1.0000000000
955  17.532  -74.687  -21.748 1.0000000000
1228  14.134  -73.850  -20.172 1.0000000000
947  14.574  -74.561  -20.650 1.0000000000
111993  15.334  -66.400  -18.571 1.0000000000
127255  14.879  -66.060  -18.063 1.0000000000
1548  13.787  -73.186  -19.674 1.0000000000
131935  18.737  -73.560  -18.952 1.0000000000
111988  14.907  -67.002  -18.897 1.0000000000
1216  19.335  -72.936  -18.744 1.0000000000
1209  19.215  -73.653  -18.230 1.0000000000
1931  13.008  -71.791  -19.024 1.0000000000
1930  13.871  -72.297  -18.957 1.0000000000
1915  13.393  -71.431  -18.683 1.0000000000
3693  14.595  -67.674  -19.357 1.0000000000
3700  14.698  -66.948  -20.307 1.0000000000
3701  14.308  -67.843  -20.320 1.0000000000
1208  20.160  -73.273  -18.139 1.0000000000
117067  14.537  -66.565  -21.238 1.0000000000
3713  13.837  -67.935  -21.193 1.0000000000
2287  20.724  -70.769  -19.536 1.0000000000
1525  20.522  -72.043  -18.919 1.0000000000
2277  14.175  -70.412  -18.774 1.0000000000
122203  14.455  -70.074  -19.307 1.0000000000
2711  14.353  -69.257  -19.223 1.0000000000
2715  21.262  -69.427  -20.549 1.0000000000
2804  11.833  -69.841  -29.027 1.0000000000
114736  7.893  -70.296  -29.102 1.0000000000
116690  7.508  -69.632  -28.933 1.0000000000
2823  12.201  -69.189  -29.349 1.0000000000
3282  6.999  -68.212  -28.033 1.0000000000
3775  6.789  -66.949  -26.901 1.0000000000
3194  21.376  -68.694  -20.909 1.0000000000
4290  5.728  -66.076  -27.302 1.0000000000
3813  13.352  -67.189  -29.400 1.0000000000
123738  4.989  -62.911  -26.220 1.0000000000
4232  20.983  -66.424  -23.001 1.0000000000
4320  14.225  -65.810  -29.995 1.0000000000
6728  4.905  -62.239  -25.968 1.0000000000
4727  20.704  -65.656  -23.188 1.0000000000
4801  15.459  -65.130  -29.674 1.0000000000
9488  6.326  -55.514  -28.367 0.3000000119
6729  4.739  -61.611  -26.250 1.0000000000
7738  4.511  -59.590  -26.448 1.0000000000
4243  20.773  -66.000  -23.935 1.0000000000
114231  4.404  -58.807  -26.862 1.0000000000
4256  20.509  -65.633  -25.451 1.0000000000
131553  20.480  -65.818  -27.076 1.0000000000
5353  17.302  -64.480  -30.292 1.0000000000
4824  17.125  -64.866  -31.800 1.0000000000
4846  16.750  -65.201  -32.595 1.0000000000
4884  16.727  -65.602  -34.280 1.0000000000
4284  20.513  -65.440  -27.659 1.0000000000
122629  16.461  -65.922  -35.449 1.0000000000
4919  17.513  -65.327  -37.000 1.0000000000
4809  20.666  -65.286  -29.937 1.0000000000
5909  17.818  -63.722  -37.741 0.6999999881
6367  18.021  -62.670  -37.828 0.6000000238
4808  21.261  -65.802  -30.475 1.0000000000
4841  21.862  -65.952  -31.686 1.0000000000
4351  23.013  -66.790  -33.185 1.0000000000
4878  23.301  -66.285  -33.790 1.0000000000
4360  23.432  -67.092  -33.727 1.0000000000
1067  21.492  -74.586  -34.308 0.6000000238
1358  20.553  -73.270  -35.130 0.6999999881
1678  20.247  -72.429  -35.403 0.8000000119
2070  19.868  -71.197  -35.532 0.6999999881
2461  20.281  -70.368  -36.064 0.8000000119
4359  23.750  -66.850  -34.358 1.0000000000
4369  23.825  -66.988  -35.065 1.0000000000
3873  23.387  -67.546  -34.263 1.0000000000
1357  21.353  -73.423  -35.425 0.6999999881
1677  20.981  -72.753  -35.872 0.6999999881
1687  20.764  -71.997  -36.076 0.6999999881
2460  20.995  -70.583  -36.803 0.6999999881
3900  22.105  -67.322  -36.607 0.8999999762
3887  23.133  -67.587  -35.212 0.8999999762
1344  22.648  -73.974  -34.950 0.6000000238
2468  20.820  -69.763  -36.836 0.6999999881
3908  21.648  -67.795  -37.198 0.8000000119
4385  22.819  -66.635  -37.136 0.6999999881
1356  22.159  -73.463  -35.478 0.6000000238
111991  14.612  -64.696  -17.730 1.0000000000
956  16.654  -75.096  -22.028 1.0000000000
968  16.280  -74.345  -22.333 1.0000000000
946  15.311  -74.652  -21.076 1.0000000000
111999  16.053  -65.975  -18.798 1.0000000000
126958  18.689  -73.254  -19.644 1.0000000000
1536  14.531  -72.948  -19.391 1.0000000000
135577  15.091  -74.176  -20.492 1.0000000000
113295  15.274  -66.497  -19.988 1.0000000000
1537  13.249  -72.474  -19.549 1.0000000000
1535  19.096  -72.567  -19.432 1.0000000000
1914  14.114  -71.343  -18.763 1.0000000000
4207  13.701  -67.330  -21.881 1.0000000000
131304  13.297  -67.470  -22.420 1.0000000000
2296  19.968  -70.457  -19.723 1.0000000000
1927  20.007  -71.333  -19.300 1.0000000000
2716  20.654  -69.171  -20.172 1.0000000000
2719  14.336  -69.570  -19.949 1.0000000000
2803  12.492  -69.510  -28.541 1.0000000000
2397  10.883  -71.039  -28.529 1.0000000000
2399  8.996  -71.009  -28.442 1.0000000000
2805  8.337  -70.588  -28.319 1.0000000000
3699  20.683  -67.788  -20.759 1.0000000000
3313  12.967  -67.976  -29.090 1.0000000000
2390  8.813  -70.906  -27.491 1.0000000000
2795  8.003  -69.294  -27.472 1.0000000000
3774  7.475  -67.506  -26.910 1.0000000000
117971  6.296  -66.371  -26.772 1.0000000000
4205  19.680  -66.555  -21.618 1.0000000000
3709  20.933  -67.091  -21.230 1.0000000000
4299  13.949  -66.833  -28.932 1.0000000000
133366  7.216  -66.820  -26.544 1.0000000000
4765  6.073  -65.433  -25.871 1.0000000000
4711  20.422  -65.670  -22.602 1.0000000000
5300  5.405  -64.275  -25.988 1.0000000000
4789  14.816  -66.040  -28.927 1.0000000000
6233  5.154  -62.702  -25.378 1.0000000000
6713  4.885  -61.761  -25.323 1.0000000000
4788  15.306  -65.619  -28.899 1.0000000000
6714  4.704  -60.971  -25.798 1.0000000000
132571  16.606  -64.551  -30.119 1.0000000000
123929  20.568  -65.581  -24.624 1.0000000000
8327  4.360  -58.026  -27.327 1.0000000000
5304  20.104  -64.688  -26.340 1.0000000000
4778  20.388  -65.031  -26.823 1.0000000000
5363  17.614  -64.652  -31.046 1.0000000000
4845  17.715  -65.126  -32.534 1.0000000000
4862  18.381  -65.315  -33.316 1.0000000000
125895  17.338  -65.625  -35.229 1.0000000000
4800  20.329  -65.018  -29.230 1.0000000000
5351  19.797  -64.679  -29.737 1.0000000000
117428  20.698  -65.299  -30.700 1.0000000000
126134  19.004  -65.484  -35.012 1.0000000000
4918  18.456  -65.295  -36.729 1.0000000000
5424  18.213  -64.972  -37.248 0.8000000119
4842  20.795  -65.395  -31.991 1.0000000000
5423  18.958  -64.915  -37.274 0.8999999762
5441  18.453  -64.369  -37.633 0.6999999881
6366  18.814  -62.307  -38.174 0.6000000238
4820  21.191  -65.553  -31.164 1.0000000000
117779  21.345  -65.611  -32.548 1.0000000000
124849  19.198  -62.761  -38.270 0.6000000238
6874  17.565  -62.025  -37.512 0.4000000060
113825  21.343  -65.531  -33.461 1.0000000000
6873  18.287  -61.738  -37.615 0.5000000000
6857  17.617  -61.282  -36.941 0.3000000119
4877  23.827  -65.853  -34.474 1.0000000000
4897  22.964  -65.291  -34.328 1.0000000000
135216  21.878  -65.094  -35.028 1.0000000000
6859  15.747  -61.058  -36.739 0.2000000030
5409  23.493  -64.752  -34.501 0.8999999762
5410  22.367  -64.608  -35.166 0.8000000119
6860  14.203  -61.246  -36.833 0.3000000119
1676  21.818  -72.915  -35.995 0.6000000238
2080  21.293  -71.405  -36.655 0.6999999881
4398  23.457  -65.979  -37.574 0.6000000238
4370  23.262  -66.985  -35.990 0.8999999762
114283  24.156  -66.164  -34.992 0.8000000119
130073  24.373  -64.894  -35.042 0.6999999881
7352  13.498  -60.615  -36.442 0.3000000119
2459  21.802  -70.776  -37.284 0.6999999881
2887  21.345  -69.108  -37.325 0.6000000238
3907  22.257  -67.279  -37.667 0.6999999881
122750  22.508  -72.941  -35.783 0.6000000238
111996  15.081  -64.080  -17.472 1.0000000000
129246  14.287  -63.831  -17.692 1.0000000000
112559  12.964  -62.166  -17.054 1.0000000000
112604  12.127  -62.272  -17.479 1.0000000000
112018  16.396  -65.524  -18.430 1.0000000000
129601  15.440  -64.936  -17.700 1.0000000000
128133  13.561  -63.439  -17.929 1.0000000000
112638  12.940  -62.785  -17.723 1.0000000000
1249  17.396  -73.514  -22.709 1.0000000000
1250  16.543  -73.805  -22.917 1.0000000000
967  17.039  -74.330  -22.449 1.0000000000
1240  15.582  -74.277  -22.022 1.0000000000
111995  17.387  -65.044  -19.087 1.0000000000
128692  16.729  -65.530  -18.927 1.0000000000
132129  18.086  -73.050  -22.243 1.0000000000
1239  17.911  -73.835  -22.037 1.0000000000
129416  18.479  -71.297  -21.525 1.0000000000
1547  15.094  -72.768  -20.058 1.0000000000
111994  16.849  -65.217  -19.701 1.0000000000
112582  16.245  -65.805  -19.392 1.0000000000
1238  18.446  -72.973  -21.425 1.0000000000
1545  18.739  -72.735  -20.313 1.0000000000
1226  18.333  -73.863  -20.914 1.0000000000
1929  14.705  -72.037  -19.231 1.0000000000
2288  14.581  -71.017  -19.319 1.0000000000
112956  15.827  -65.901  -20.115 1.0000000000
2309  18.563  -70.320  -21.286 1.0000000000
1558  18.751  -71.874  -20.811 1.0000000000
2299  14.261  -70.217  -20.462 1.0000000000
112002  14.635  -65.865  -21.892 1.0000000000
4220  14.073  -66.068  -22.480 1.0000000000
2297  19.325  -70.162  -20.378 1.0000000000
1941  19.320  -71.088  -20.069 1.0000000000
113007  15.118  -66.077  -20.869 1.0000000000
4713  13.716  -65.826  -23.135 1.0000000000
126087  18.820  -68.891  -21.181 1.0000000000
2717  19.767  -69.231  -20.286 1.0000000000
2729  13.822  -69.493  -20.856 1.0000000000
4222  12.944  -67.255  -22.988 1.0000000000
3211  19.142  -68.038  -21.141 1.0000000000
2792  13.058  -69.533  -27.740 1.0000000000
2386  12.210  -71.080  -27.581 1.0000000000
2387  11.349  -71.303  -27.778 1.0000000000
121596  9.432  -71.235  -27.836 1.0000000000
3720  18.737  -67.019  -22.045 1.0000000000
2787  8.514  -69.862  -26.890 1.0000000000
3273  8.052  -68.388  -26.959 1.0000000000
3765  8.303  -67.546  -26.555 1.0000000000
3801  14.227  -67.108  -28.179 1.0000000000
2802  13.163  -68.614  -28.292 1.0000000000
4274  7.778  -66.878  -26.354 1.0000000000
126482  6.769  -65.658  -25.586 1.0000000000
131665  6.369  -65.136  -25.349 1.0000000000
4218  19.198  -66.161  -22.277 1.0000000000
5299  5.854  -64.777  -25.575 1.0000000000
5293  5.691  -64.104  -25.182 1.0000000000
7185  4.766  -60.912  -25.046 1.0000000000
7707  4.620  -59.331  -24.211 1.0000000000
4729  19.370  -65.178  -23.543 1.0000000000
4779  17.381  -64.844  -27.311 1.0000000000
4780  16.668  -65.298  -27.381 1.0000000000
116276  4.583  -59.773  -25.623 1.0000000000
115576  4.074  -56.901  -24.997 0.8999999762
8848  4.173  -57.444  -25.665 0.8000000119
8280  4.500  -58.516  -24.582 1.0000000000
5285  19.609  -64.654  -24.992 1.0000000000
131675  19.342  -64.504  -25.692 1.0000000000
5315  18.658  -64.400  -27.359 1.0000000000
5329  17.743  -64.455  -28.677 1.0000000000
117168  4.001  -55.777  -25.526 0.6999999881
8859  4.160  -56.800  -26.496 0.8000000119
5314  19.510  -64.470  -27.297 1.0000000000
5328  18.872  -64.401  -28.136 1.0000000000
5352  18.869  -64.532  -30.181 1.0000000000
4823  18.139  -64.860  -31.739 1.0000000000
127734  4.358  -54.026  -25.409 0.5000000000
5327  19.806  -64.571  -28.055 1.0000000000
4810  19.765  -64.859  -30.654 1.0000000000
125068  19.264  -65.294  -32.892 1.0000000000
4900  18.786  -65.448  -35.821 1.0000000000
5422  19.943  -64.831  -37.202 0.8999999762
4821  20.242  -65.188  -31.378 1.0000000000
4860  20.261  -65.378  -32.949 1.0000000000
4881  19.577  -65.429  -34.466 1.0000000000
5440  19.345  -64.193  -37.793 0.8000000119
124900  20.596  -65.382  -34.560 1.0000000000
4898  20.963  -65.260  -35.380 1.0000000000
4915  21.443  -64.923  -36.038 1.0000000000
120235  21.058  -64.639  -37.014 0.8999999762
5421  21.907  -64.257  -36.438 0.8000000119
5438  21.437  -63.674  -37.295 0.8000000119
6871  20.162  -61.610  -37.715 0.6000000238
6872  19.164  -61.512  -37.834 0.5000000000
6856  18.615  -61.093  -36.981 0.3000000119
6348  16.072  -61.788  -37.175 0.2000000030
5420  22.544  -63.923  -35.389 0.6000000238
127174  18.067  -60.770  -36.180 0.2000000030
1686  21.558  -72.202  -36.396 0.5000000000
4384  23.945  -66.258  -36.071 0.8000000119
4913  24.737  -64.864  -36.739 0.6000000238
117037  23.662  -64.214  -34.513 0.5000000000
130932  17.189  -60.659  -36.240 0.2000000030
1675  22.571  -72.251  -36.276 0.6000000238
2458  22.740  -70.839  -37.363 0.5000000000
2466  22.434  -70.117  -37.747 0.5000000000
3392  22.776  -68.640  -38.237 0.4000000060
3399  22.666  -67.693  -38.190 0.6000000238
3398  23.541  -68.018  -38.523 0.4000000060
4407  23.722  -66.258  -38.379 0.6000000238
112941  14.642  -63.210  -17.293 1.0000000000
113680  15.962  -64.333  -17.450 1.0000000000
112901  16.503  -63.797  -17.130 1.0000000000
128518  11.610  -61.701  -17.151 1.0000000000
112008  17.050  -65.066  -18.346 1.0000000000
1572  16.949  -73.123  -23.335 1.0000000000
1251  15.859  -73.852  -22.826 1.0000000000
113016  17.629  -64.482  -19.786 1.0000000000
128480  17.491  -63.912  -20.679 1.0000000000
1259  16.060  -73.463  -23.435 1.0000000000
1241  15.391  -73.679  -22.506 1.0000000000
1560  15.181  -73.286  -21.473 1.0000000000
1952  18.141  -71.626  -22.233 1.0000000000
1581  17.160  -72.077  -23.390 1.0000000000
1573  14.852  -73.239  -22.687 1.0000000000
1953  15.005  -72.106  -20.782 1.0000000000
128627  15.715  -65.451  -20.916 1.0000000000
112003  15.967  -64.786  -21.387 1.0000000000
1942  14.935  -71.581  -19.877 1.0000000000
2298  14.685  -70.575  -19.867 1.0000000000
128662  15.475  -64.534  -22.049 1.0000000000
128024  14.836  -64.266  -22.631 1.0000000000
2310  18.092  -70.823  -22.074 1.0000000000
1963  17.654  -71.385  -22.723 1.0000000000
128230  14.361  -65.223  -22.754 1.0000000000
129017  14.193  -64.417  -23.050 1.0000000000
129024  13.607  -64.040  -23.307 1.0000000000
2737  17.861  -69.435  -22.200 1.0000000000
2322  17.546  -70.348  -22.639 1.0000000000
3722  13.323  -67.979  -21.924 1.0000000000
4730  13.779  -64.915  -23.411 1.0000000000
5268  13.086  -64.520  -23.750 1.0000000000
2014  10.793  -71.818  -26.277 1.0000000000
2364  9.475  -70.669  -25.788 1.0000000000
3263  9.444  -68.793  -25.797 1.0000000000
4731  13.216  -65.466  -23.840 1.0000000000
3222  18.460  -67.882  -21.855 1.0000000000
2781  14.295  -69.251  -26.336 1.0000000000
2376  13.073  -70.591  -27.196 1.0000000000
2024  11.775  -71.637  -27.141 1.0000000000
2026  10.220  -71.524  -26.783 1.0000000000
2001  9.760  -71.217  -25.962 1.0000000000
2365  8.930  -70.275  -26.289 1.0000000000
114430  9.566  -67.945  -25.971 1.0000000000
3721  17.935  -67.659  -22.563 1.0000000000
3271  14.493  -68.322  -26.536 1.0000000000
2793  12.518  -70.242  -27.896 1.0000000000
2389  9.513  -71.337  -27.096 1.0000000000
2782  8.882  -69.424  -26.279 1.0000000000
3264  8.856  -68.384  -26.431 1.0000000000
124990  15.442  -68.481  -25.383 1.0000000000
3270  15.058  -67.948  -26.089 1.0000000000
3281  13.718  -68.194  -27.685 1.0000000000
4263  8.547  -66.751  -26.129 1.0000000000
4219  18.257  -66.748  -22.779 1.0000000000
3736  17.497  -67.389  -23.293 1.0000000000
3761  16.317  -67.113  -25.331 1.0000000000
3786  15.084  -66.947  -27.162 1.0000000000
3280  14.211  -67.935  -27.188 1.0000000000
4764  7.612  -65.816  -25.414 1.0000000000
4752  7.044  -65.165  -24.874 1.0000000000
5292  6.273  -64.623  -24.924 1.0000000000
4245  17.551  -66.204  -24.386 1.0000000000
4246  16.883  -66.691  -24.879 1.0000000000
3771  16.033  -66.780  -26.070 1.0000000000
5782  6.487  -63.362  -23.719 1.0000000000
5783  5.538  -63.334  -24.813 1.0000000000
6228  5.322  -62.405  -24.356 1.0000000000
4244  18.392  -65.593  -23.920 1.0000000000
4258  17.334  -65.915  -25.153 1.0000000000
4273  15.722  -66.505  -26.851 1.0000000000
4297  15.120  -66.170  -28.348 1.0000000000
6702  4.915  -61.500  -24.566 1.0000000000
132265  4.850  -60.839  -23.640 1.0000000000
131842  17.784  -65.260  -25.407 1.0000000000
4771  17.262  -65.180  -26.662 1.0000000000
4781  15.761  -65.663  -28.127 1.0000000000
8269  4.555  -58.538  -23.734 1.0000000000
4758  18.632  -64.746  -25.312 1.0000000000
4759  17.893  -64.893  -26.022 1.0000000000
10020  3.901  -54.820  -23.949 0.5000000000
4899  19.807  -65.407  -35.505 1.0000000000
4917  19.391  -65.261  -36.527 0.8999999762
134154  4.695  -53.327  -24.138 0.4000000060
5906  20.675  -62.703  -37.840 0.6999999881
6335  21.983  -62.091  -35.700 0.3000000119
6346  21.829  -62.129  -36.601 0.3000000119
6345  22.245  -62.650  -36.026 0.3000000119
116636  23.003  -69.520  -38.150 0.4000000060
5884  24.433  -64.061  -34.473 0.3000000119
5885  23.441  -63.608  -34.392 0.2000000030
5886  22.685  -63.348  -35.099 0.4000000060
5437  25.179  -64.757  -37.242 0.3000000119
5419  25.201  -64.646  -36.329 0.4000000060
2465  23.337  -70.208  -37.739 0.4000000060
4937  23.978  -65.540  -37.924 0.6000000238
112004  15.591  -63.513  -17.126 1.0000000000
111997  14.411  -62.549  -16.886 1.0000000000
128138  13.774  -62.050  -16.594 1.0000000000
128492  12.229  -61.643  -16.802 1.0000000000
112027  17.666  -64.450  -18.064 1.0000000000
112019  16.191  -63.109  -16.667 1.0000000000
112972  10.192  -60.158  -16.368 1.0000000000
112000  17.868  -64.552  -19.120 1.0000000000
112001  18.325  -64.016  -19.384 1.0000000000
1582  16.394  -72.724  -23.824 1.0000000000
1260  15.275  -73.387  -23.294 1.0000000000
128601  16.198  -61.892  -21.046 1.0000000000
128699  16.500  -63.441  -21.620 1.0000000000
125351  15.533  -73.145  -23.917 1.0000000000
126827  14.536  -73.144  -23.499 1.0000000000
128322  14.623  -61.826  -21.402 1.0000000000
112512  14.709  -62.505  -22.016 1.0000000000
1964  17.191  -71.110  -23.221 1.0000000000
1966  13.735  -72.017  -22.545 1.0000000000
1954  14.260  -71.498  -21.510 1.0000000000
2311  14.608  -71.048  -20.559 1.0000000000
128392  14.033  -62.817  -22.445 1.0000000000
128033  14.164  -63.649  -22.866 1.0000000000
2329  16.892  -70.373  -23.390 1.0000000000
2312  13.769  -70.399  -21.281 1.0000000000
2738  13.269  -69.461  -21.665 1.0000000000
3213  13.542  -68.681  -21.396 1.0000000000
128323  13.181  -62.455  -22.250 1.0000000000
112652  13.293  -63.258  -22.846 1.0000000000
134886  12.655  -63.337  -22.983 1.0000000000
112882  12.833  -63.770  -23.340 1.0000000000
3224  12.961  -68.658  -22.090 1.0000000000
128354  11.026  -63.136  -22.949 1.0000000000
131502  11.583  -64.002  -23.686 1.0000000000
5765  9.231  -63.053  -22.872 1.0000000000
128487  8.784  -62.388  -22.526 1.0000000000
3223  17.791  -68.566  -22.394 1.0000000000
5286  12.516  -64.999  -24.293 1.0000000000
112828  7.642  -61.762  -22.236 1.0000000000
2762  15.541  -69.415  -24.923 1.0000000000
2780  14.930  -69.344  -25.591 1.0000000000
136170  14.151  -71.054  -26.149 1.0000000000
2012  12.556  -71.753  -26.744 1.0000000000
2000  10.442  -71.577  -25.542 1.0000000000
2344  9.852  -70.495  -25.110 1.0000000000
3253  9.879  -69.056  -25.221 1.0000000000
3261  14.821  -68.645  -25.957 1.0000000000
3262  10.186  -68.169  -25.435 1.0000000000
3751  16.536  -67.966  -24.303 1.0000000000
3764  9.169  -67.366  -26.206 1.0000000000
4763  8.646  -65.954  -25.531 1.0000000000
4751  8.093  -65.327  -24.782 1.0000000000
5291  7.608  -64.643  -24.252 1.0000000000
5274  7.054  -64.031  -23.864 1.0000000000
6225  5.924  -62.748  -23.565 1.0000000000
130180  5.449  -61.746  -23.138 1.0000000000
118813  4.477  -57.830  -23.465 0.8999999762
7692  4.673  -59.439  -23.151 1.0000000000
123527  4.349  -57.182  -23.639 0.8999999762
116371  3.974  -55.737  -24.261 0.8999999762
10640  4.105  -53.741  -23.729 0.6000000238
112877  15.949  -62.473  -16.096 1.0000000000
112020  15.220  -62.165  -16.077 1.0000000000
128641  15.229  -62.711  -16.681 1.0000000000
129097  14.128  -61.741  -16.045 1.0000000000
128223  12.977  -61.560  -16.400 1.0000000000
112016  18.501  -63.842  -18.096 1.0000000000
112035  17.540  -63.878  -17.312 1.0000000000
128477  18.422  -62.813  -20.256 1.0000000000
128541  18.608  -63.401  -19.753 1.0000000000
123189  17.072  -62.308  -21.026 1.0000000000
130324  15.219  -72.930  -24.397 1.0000000000
1574  14.119  -72.851  -23.085 1.0000000000
112692  14.465  -61.310  -20.624 1.0000000000
1973  15.875  -72.430  -24.313 1.0000000000
2323  13.336  -71.001  -22.170 1.0000000000
135789  13.067  -70.152  -22.027 1.0000000000
112073  12.214  -62.153  -21.944 1.0000000000
128451  11.356  -62.149  -21.953 1.0000000000
1972  16.569  -71.490  -23.859 1.0000000000
112029  12.495  -62.855  -22.641 1.0000000000
112628  11.626  -62.682  -22.509 1.0000000000
128353  10.772  -61.776  -21.699 1.0000000000
129021  9.203  -61.727  -22.103 1.0000000000
3723  12.890  -67.953  -22.572 1.0000000000
4235  13.131  -66.451  -23.479 1.0000000000
129072  10.670  -62.439  -22.325 1.0000000000
112540  9.689  -62.408  -22.440 1.0000000000
2743  17.208  -69.344  -23.015 1.0000000000
5779  10.505  -63.619  -23.361 1.0000000000
5780  9.661  -63.617  -23.310 1.0000000000
2761  16.149  -69.535  -24.267 1.0000000000
2341  15.705  -70.351  -24.651 1.0000000000
133196  14.640  -71.198  -25.623 1.0000000000
1997  14.016  -71.989  -25.921 1.0000000000
1999  12.308  -72.361  -25.914 1.0000000000
1983  11.143  -71.740  -24.787 1.0000000000
2343  10.350  -71.054  -24.862 1.0000000000
2763  10.736  -69.574  -24.359 1.0000000000
5287  11.545  -64.659  -24.265 1.0000000000
3233  17.274  -68.278  -23.097 1.0000000000
3234  16.653  -68.766  -23.784 1.0000000000
3763  10.054  -67.159  -25.824 1.0000000000
3250  16.059  -68.671  -24.596 1.0000000000
126825  10.099  -66.337  -25.683 1.0000000000
4262  9.395  -66.526  -25.882 1.0000000000
4750  9.132  -65.321  -24.844 1.0000000000
5290  8.609  -64.712  -24.209 1.0000000000
5781  7.319  -63.378  -23.329 1.0000000000
6214  5.996  -62.178  -22.882 1.0000000000
7148  5.219  -60.799  -22.422 1.0000000000
8258  4.557  -58.308  -22.766 1.0000000000
7682  4.716  -59.168  -21.981 1.0000000000
9416  4.138  -56.197  -23.401 1.0000000000
116554  3.917  -54.550  -23.154 0.6999999881
117414  4.204  -53.265  -22.102 0.5000000000
112022  16.531  -62.122  -15.619 1.0000000000
112023  15.614  -61.792  -15.480 1.0000000000
112005  14.727  -61.716  -15.752 1.0000000000
112036  18.503  -63.382  -17.249 1.0000000000
113090  17.036  -62.765  -16.194 1.0000000000
129121  13.584  -61.514  -16.054 1.0000000000
113358  19.097  -63.327  -18.804 1.0000000000
112666  17.636  -63.286  -16.759 1.0000000000
113063  12.292  -61.057  -16.221 1.0000000000
112861  18.588  -61.986  -20.006 1.0000000000
112771  19.070  -62.823  -19.612 1.0000000000
112908  9.948  -59.388  -15.793 0.8999999762
128234  16.888  -61.473  -20.397 1.0000000000
128599  15.921  -61.349  -20.489 1.0000000000
1583  14.704  -73.121  -24.083 1.0000000000
1584  13.850  -73.035  -24.044 1.0000000000
128393  15.173  -61.100  -20.166 1.0000000000
128285  12.826  -61.237  -20.714 1.0000000000
1585  13.315  -72.472  -23.496 1.0000000000
128357  11.870  -61.144  -20.748 1.0000000000
112076  11.485  -61.598  -21.385 1.0000000000
3225  12.493  -68.648  -22.809 1.0000000000
113201  10.485  -60.457  -20.459 1.0000000000
112505  10.261  -61.271  -21.423 1.0000000000
129074  9.526  -61.172  -21.561 1.0000000000
128100  8.698  -61.133  -21.681 1.0000000000
2340  16.317  -70.434  -24.052 1.0000000000
1979  15.879  -71.368  -24.478 1.0000000000
129022  8.091  -60.603  -21.166 1.0000000000
112038  7.124  -60.706  -21.294 1.0000000000
112850  7.450  -60.131  -20.568 1.0000000000
2744  16.613  -69.672  -23.669 1.0000000000
1605  13.682  -72.646  -25.371 1.0000000000
1595  12.632  -72.628  -24.743 1.0000000000
1974  12.499  -72.134  -23.919 1.0000000000
128486  7.847  -61.218  -21.769 1.0000000000
131195  12.120  -72.480  -25.226 1.0000000000
1982  11.942  -72.202  -24.649 1.0000000000
2342  11.011  -70.634  -24.183 1.0000000000
4747  11.867  -65.505  -24.757 1.0000000000
5270  10.915  -64.134  -23.802 1.0000000000
3252  10.485  -68.845  -24.801 1.0000000000
3753  10.801  -67.394  -25.269 1.0000000000
124722  8.869  -63.621  -23.258 1.0000000000
4761  10.528  -65.844  -25.365 1.0000000000
6224  6.675  -62.784  -23.162 1.0000000000
6683  6.291  -61.558  -22.237 1.0000000000
135312  6.479  -61.084  -21.667 1.0000000000
6684  5.632  -61.447  -22.560 1.0000000000
6669  5.791  -60.956  -21.825 1.0000000000
8808  4.461  -57.190  -21.663 1.0000000000
8245  4.575  -58.206  -21.703 1.0000000000
7681  4.869  -60.079  -22.307 1.0000000000
9986  4.341  -55.730  -21.187 0.8999999762
116569  4.224  -54.724  -21.074 0.8999999762
10618  3.982  -54.056  -21.952 0.6999999881
112800  19.187  -62.321  -16.290 1.0000000000
114032  17.894  -62.343  -15.808 1.0000000000
112014  14.824  -61.181  -15.064 1.0000000000
128507  20.095  -61.485  -16.303 1.0000000000
113134  18.733  -61.737  -15.378 1.0000000000
135935  17.142  -62.251  -15.700 1.0000000000
113120  14.019  -61.251  -15.545 1.0000000000
113254  12.925  -60.295  -15.204 1.0000000000
112750  20.163  -61.850  -17.294 1.0000000000
112063  19.601  -62.511  -18.933 1.0000000000
112040  13.107  -60.950  -15.772 1.0000000000
128523  20.386  -60.781  -17.361 1.0000000000
128558  19.353  -60.718  -18.701 1.0000000000
113166  19.253  -61.954  -19.510 1.0000000000
128705  11.583  -60.170  -15.647 1.0000000000
128396  9.705  -58.838  -15.356 1.0000000000
112888  17.286  -60.849  -19.530 1.0000000000
112087  18.653  -61.225  -19.441 1.0000000000
112929  9.081  -58.506  -15.188 0.8999999762
113141  7.616  -57.996  -15.699 0.8999999762
128591  15.045  -60.646  -19.379 1.0000000000
113291  6.366  -57.795  -16.007 0.6999999881
1967  12.886  -71.574  -23.005 1.0000000000
112804  14.195  -60.437  -19.083 1.0000000000
112672  12.218  -60.669  -20.136 1.0000000000
2324  12.533  -70.485  -22.736 1.0000000000
2739  12.705  -69.473  -22.386 1.0000000000
128520  10.917  -60.178  -19.890 1.0000000000
112075  10.204  -59.819  -19.742 1.0000000000
1592  14.788  -72.866  -24.692 1.0000000000
1593  14.121  -72.954  -24.719 1.0000000000
133448  9.325  -59.566  -19.642 1.0000000000
112763  9.396  -60.058  -20.350 1.0000000000
1586  13.093  -72.731  -24.235 1.0000000000
2330  12.246  -71.242  -23.385 1.0000000000
129073  8.327  -60.046  -20.495 1.0000000000
1996  15.285  -71.310  -25.082 1.0000000000
1981  14.599  -72.362  -25.268 1.0000000000
1975  11.742  -71.449  -24.027 1.0000000000
2746  11.420  -69.524  -23.726 1.0000000000
3739  11.899  -67.764  -23.935 1.0000000000
128280  6.816  -59.444  -19.521 1.0000000000
3251  11.228  -68.551  -24.224 1.0000000000
4237  11.967  -66.959  -24.441 1.0000000000
4248  11.887  -66.260  -24.876 1.0000000000
119209  11.397  -66.791  -25.081 1.0000000000
4260  11.317  -66.001  -25.239 1.0000000000
5271  10.066  -64.162  -23.796 1.0000000000
6223  7.418  -62.764  -22.918 1.0000000000
4749  10.101  -65.300  -24.858 1.0000000000
5272  9.144  -64.177  -23.691 1.0000000000
113844  8.232  -63.101  -22.983 1.0000000000
5289  9.605  -64.716  -24.298 1.0000000000
5273  8.099  -64.042  -23.538 1.0000000000
113162  5.636  -60.295  -21.268 1.0000000000
115016  4.539  -57.719  -20.896 1.0000000000
7667  4.916  -59.238  -21.112 1.0000000000
124388  4.440  -56.653  -20.879 1.0000000000
117095  4.186  -53.820  -19.911 0.8999999762
11245  4.335  -52.674  -19.710 0.6000000238
128253  17.851  -61.335  -14.736 1.0000000000
112846  16.813  -61.163  -14.537 1.0000000000
136408  14.200  -60.942  -15.068 1.0000000000
112026  15.785  -61.215  -14.753 1.0000000000
129094  20.419  -59.678  -16.356 1.0000000000
116134  20.481  -60.462  -16.473 1.0000000000
112963  12.156  -59.952  -15.200 1.0000000000
128054  11.172  -59.196  -14.965 0.8999999762
128128  19.555  -59.593  -17.581 1.0000000000
128559  19.951  -60.274  -18.004 1.0000000000
112721  10.404  -59.000  -15.193 1.0000000000
128389  17.135  -59.212  -17.533 1.0000000000
127978  18.883  -59.987  -18.230 1.0000000000
128438  9.849  -58.432  -14.723 1.0000000000
112057  8.279  -58.090  -15.116 1.0000000000
112547  16.244  -59.689  -18.001 1.0000000000
113238  7.361  -57.382  -15.141 0.8000000119
112975  6.215  -57.110  -14.263 0.6000000238
128231  14.113  -59.902  -18.312 1.0000000000
133728  13.399  -60.136  -18.870 1.0000000000
112550  10.916  -59.813  -19.465 1.0000000000
128521  10.521  -59.504  -19.161 1.0000000000
112764  10.382  -59.087  -18.555 1.0000000000
128501  8.762  -59.175  -19.157 1.0000000000
112065  7.573  -59.185  -19.207 1.0000000000
2331  11.804  -70.471  -23.458 1.0000000000
4247  12.537  -66.108  -24.305 1.0000000000
113126  8.473  -59.559  -19.812 1.0000000000
2745  12.078  -69.523  -23.028 1.0000000000
3738  12.450  -67.869  -23.261 1.0000000000
112714  6.562  -59.093  -19.017 1.0000000000
112077  6.147  -59.365  -19.361 1.0000000000
112593  6.404  -59.649  -19.980 1.0000000000
113189  6.264  -60.565  -21.174 1.0000000000
4748  11.018  -65.304  -24.883 1.0000000000
8779  4.814  -57.855  -19.399 1.0000000000
8237  4.731  -58.267  -20.119 1.0000000000
7663  5.155  -59.089  -20.190 1.0000000000
132226  4.579  -56.938  -19.422 1.0000000000
9964  4.446  -55.880  -19.535 0.8999999762
112032  16.825  -60.689  -13.877 1.0000000000
112030  16.034  -60.743  -14.095 1.0000000000
112034  15.179  -60.700  -14.371 1.0000000000
112041  14.317  -60.560  -14.630 1.0000000000
112926  13.547  -60.132  -14.664 1.0000000000
128421  18.912  -61.081  -14.680 1.0000000000
113037  15.390  -60.301  -13.602 1.0000000000
112046  12.807  -59.627  -14.661 1.0000000000
112061  20.274  -58.850  -13.070 1.0000000000
112560  20.510  -59.131  -14.230 1.0000000000
129076  20.479  -60.224  -15.724 1.0000000000
128410  20.058  -60.542  -14.844 1.0000000000
128439  11.617  -58.720  -14.417 1.0000000000
128343  10.772  -58.587  -14.559 1.0000000000
112893  20.136  -57.806  -13.376 1.0000000000
112556  20.270  -58.373  -15.233 1.0000000000
112484  19.542  -58.687  -16.624 1.0000000000
128574  20.025  -59.237  -16.916 1.0000000000
112067  9.565  -57.862  -14.122 1.0000000000
128893  19.403  -56.711  -14.083 1.0000000000
128130  19.934  -57.379  -14.168 1.0000000000
128890  19.385  -58.085  -16.046 1.0000000000
128674  18.572  -58.406  -16.659 1.0000000000
130246  19.041  -58.983  -17.133 1.0000000000
112691  19.371  -57.044  -14.829 1.0000000000
118808  17.820  -57.102  -15.600 1.0000000000
131308  17.576  -58.309  -16.658 1.0000000000
112518  16.138  -59.009  -17.269 1.0000000000
128656  7.763  -57.303  -14.271 0.8999999762
112081  6.520  -56.624  -13.762 0.8000000119
112068  18.747  -56.386  -14.451 1.0000000000
112078  18.442  -56.725  -15.110 1.0000000000
129037  17.113  -57.386  -15.905 1.0000000000
112028  15.119  -58.270  -16.486 1.0000000000
128577  15.331  -59.294  -17.462 1.0000000000
129019  12.734  -59.391  -17.970 1.0000000000
128680  14.192  -58.427  -16.531 1.0000000000
112586  13.871  -58.976  -17.061 1.0000000000
128435  12.003  -59.417  -18.399 1.0000000000
128499  9.882  -58.528  -18.127 1.0000000000
128018  8.504  -58.037  -17.985 1.0000000000
128111  8.221  -58.647  -18.569 1.0000000000
118107  6.048  -58.094  -18.063 1.0000000000
112092  5.783  -58.503  -18.554 1.0000000000
8778  5.314  -58.228  -18.812 1.0000000000
8236  5.190  -58.650  -19.417 1.0000000000
10572  4.448  -54.774  -18.364 0.8999999762
11225  4.293  -52.965  -18.750 0.8000000119
115481  16.659  -60.307  -12.464 1.0000000000
112045  15.833  -60.169  -12.926 1.0000000000
128508  15.124  -59.783  -12.897 1.0000000000
113030  13.772  -59.288  -13.644 1.0000000000
112635  19.394  -59.741  -11.695 1.0000000000
112602  19.124  -60.221  -12.383 1.0000000000
112033  17.977  -60.392  -12.244 1.0000000000
112930  16.320  -60.443  -13.376 1.0000000000
113064  13.131  -59.179  -14.095 1.0000000000
128306  12.112  -58.273  -13.804 1.0000000000
7599  19.240  -59.385  -11.024 1.0000000000
128252  19.856  -60.036  -13.294 1.0000000000
112059  18.511  -60.480  -13.202 1.0000000000
112031  17.310  -60.508  -13.219 1.0000000000
8724  19.610  -57.925  -11.857 1.0000000000
112881  20.018  -58.167  -12.556 1.0000000000
112644  11.227  -58.139  -13.939 1.0000000000
8714  18.993  -57.614  -11.117 1.0000000000
9281  19.071  -57.000  -12.045 1.0000000000
128455  9.316  -57.400  -13.526 0.8999999762
128208  8.732  -57.579  -14.114 0.8999999762
112933  7.189  -56.412  -13.302 0.8000000119
9298  19.009  -56.462  -12.952 1.0000000000
112069  17.002  -56.848  -15.485 1.0000000000
113091  16.209  -57.305  -15.808 1.0000000000
112080  15.266  -57.554  -15.947 1.0000000000
129018  12.759  -58.200  -16.540 1.0000000000
9917  18.108  -55.825  -14.231 1.0000000000
128678  17.979  -56.188  -14.784 1.0000000000
112827  17.122  -56.170  -14.980 1.0000000000
132505  13.452  -58.507  -16.667 1.0000000000
128190  11.978  -58.389  -17.036 1.0000000000
128300  11.027  -57.862  -16.901 1.0000000000
128291  9.925  -57.674  -17.147 1.0000000000
112636  9.377  -57.066  -16.798 1.0000000000
128112  8.929  -57.530  -17.455 1.0000000000
129079  7.946  -57.544  -17.605 1.0000000000
112544  6.677  -58.253  -18.049 1.0000000000
112088  6.412  -57.542  -17.658 1.0000000000
8775  4.936  -57.403  -18.727 1.0000000000
112754  14.360  -59.238  -12.926 1.0000000000
128707  13.694  -58.733  -13.024 1.0000000000
130236  18.777  -60.212  -11.706 1.0000000000
112685  17.266  -60.365  -11.539 1.0000000000
128708  16.343  -60.130  -11.628 1.0000000000
112511  15.694  -59.941  -12.269 1.0000000000
8187  14.419  -58.667  -11.467 1.0000000000
129087  12.525  -57.934  -13.208 1.0000000000
7590  18.402  -59.642  -9.639 1.0000000000
112037  18.954  -60.013  -11.146 1.0000000000
128157  17.602  -60.369  -10.685 1.0000000000
128364  13.210  -58.064  -12.640 1.0000000000
8715  18.800  -58.193  -10.208 1.0000000000
8180  19.309  -58.558  -11.023 1.0000000000
128456  11.703  -57.643  -13.238 1.0000000000
128304  11.014  -57.274  -12.794 1.0000000000
128107  10.744  -57.662  -13.447 1.0000000000
9302  7.185  -56.187  -12.605 0.8000000119
9264  18.143  -57.246  -10.460 1.0000000000
9282  18.186  -56.814  -11.404 1.0000000000
9299  18.252  -56.293  -12.350 1.0000000000
128284  16.279  -56.539  -15.257 1.0000000000
112085  14.636  -57.195  -15.567 1.0000000000
129105  13.993  -57.442  -15.669 1.0000000000
132298  12.715  -57.563  -15.980 1.0000000000
129103  11.982  -57.731  -16.429 1.0000000000
9283  17.353  -56.605  -10.801 1.0000000000
129239  17.548  -55.753  -14.550 1.0000000000
128333  14.737  -56.543  -15.080 1.0000000000
128597  13.993  -56.910  -15.218 1.0000000000
9904  17.819  -55.476  -13.705 1.0000000000
9918  17.399  -55.311  -14.188 1.0000000000
128624  16.955  -55.441  -14.574 1.0000000000
128301  11.739  -56.636  -15.434 1.0000000000
112640  11.321  -57.229  -16.136 1.0000000000
128290  7.078  -56.523  -17.066 1.0000000000
112549  7.442  -56.939  -17.308 1.0000000000
120395  5.585  -56.299  -17.175 1.0000000000
7603  15.532  -59.619  -10.203 1.0000000000
8182  14.705  -58.804  -10.581 1.0000000000
7591  17.898  -59.725  -8.942 1.0000000000
7582  16.297  -59.844  -8.273 1.0000000000
7592  16.950  -60.105  -8.951 1.0000000000
7068  16.953  -60.345  -10.372 1.0000000000
7604  15.190  -59.336  -11.143 1.0000000000
8188  13.651  -58.064  -11.705 1.0000000000
112642  12.884  -57.515  -11.867 1.0000000000
8172  17.949  -58.961  -8.499 1.0000000000
7601  17.608  -60.213  -9.751 1.0000000000
112768  12.380  -57.496  -12.598 1.0000000000
8692  17.475  -57.579  -7.330 1.0000000000
8171  18.441  -58.798  -9.298 1.0000000000
9241  17.602  -56.474  -8.155 1.0000000000
8701  18.046  -58.005  -8.618 1.0000000000
9300  11.232  -56.911  -12.168 1.0000000000
9265  17.128  -56.609  -9.877 1.0000000000
8716  18.137  -57.627  -9.517 1.0000000000
129086  10.562  -56.960  -12.391 0.8999999762
128457  9.854  -56.791  -12.282 0.8999999762
9301  8.099  -56.571  -12.672 0.8999999762
9252  16.808  -56.185  -8.989 1.0000000000
9286  8.976  -56.519  -12.075 0.8999999762
9895  17.619  -55.548  -12.785 1.0000000000
112659  15.612  -56.058  -14.914 1.0000000000
112821  14.010  -56.185  -14.675 1.0000000000
112810  13.272  -56.614  -15.046 1.0000000000
9871  16.623  -56.119  -10.589 1.0000000000
10503  17.113  -54.815  -13.293 1.0000000000
10538  16.689  -54.657  -14.216 1.0000000000
128334  16.226  -55.218  -14.616 1.0000000000
112734  14.834  -55.920  -14.711 1.0000000000
9896  16.677  -55.061  -12.170 1.0000000000
10520  16.666  -54.163  -13.751 1.0000000000
10539  15.959  -54.395  -14.419 1.0000000000
128378  14.510  -55.404  -14.403 1.0000000000
128619  13.632  -55.501  -14.185 1.0000000000
112083  11.846  -56.058  -14.764 1.0000000000
128045  10.750  -56.675  -15.734 1.0000000000
10540  15.063  -54.560  -14.312 1.0000000000
128210  13.182  -56.062  -14.539 1.0000000000
128299  9.798  -56.617  -16.063 1.0000000000
128292  8.810  -56.434  -16.459 1.0000000000
8174  14.472  -58.670  -8.955 1.0000000000
8175  14.183  -58.192  -10.018 1.0000000000
8703  13.733  -57.745  -9.178 1.0000000000
8717  13.451  -57.549  -10.155 1.0000000000
8725  13.310  -57.576  -11.002 1.0000000000
8159  16.662  -59.336  -7.524 1.0000000000
8160  15.712  -59.545  -7.608 1.0000000000
8161  14.772  -59.033  -7.863 1.0000000000
134145  14.122  -58.294  -8.403 1.0000000000
8694  13.092  -57.184  -8.673 1.0000000000
8718  12.705  -57.092  -10.481 1.0000000000
8726  12.572  -57.165  -11.244 1.0000000000
8727  12.040  -57.021  -11.878 1.0000000000
8684  16.807  -58.043  -6.600 1.0000000000
130177  16.917  -58.522  -7.110 1.0000000000
8150  15.416  -58.881  -6.513 1.0000000000
8151  14.727  -58.838  -6.974 1.0000000000
9253  12.015  -56.600  -9.888 1.0000000000
9267  11.884  -56.686  -10.939 1.0000000000
9284  11.369  -56.662  -11.562 1.0000000000
9843  17.840  -56.733  -7.528 1.0000000000
9269  10.503  -55.979  -10.259 1.0000000000
9285  10.564  -56.594  -11.741 1.0000000000
131059  16.819  -55.726  -8.756 1.0000000000
9270  9.040  -56.100  -11.220 0.8999999762
9861  16.168  -55.382  -9.135 1.0000000000
10476  16.161  -54.605  -9.239 1.0000000000
9885  8.068  -55.755  -10.910 0.8999999762
9266  16.205  -55.790  -9.842 1.0000000000
118414  15.872  -54.955  -9.829 1.0000000000
10485  15.851  -54.307  -10.497 1.0000000000
10496  16.113  -54.301  -11.582 1.0000000000
9875  7.233  -55.323  -10.577 0.8999999762
9884  16.130  -55.315  -10.849 1.0000000000
10504  16.527  -54.089  -12.868 1.0000000000
11187  16.204  -53.772  -14.055 1.0000000000
11188  15.572  -53.692  -14.160 1.0000000000
112770  7.018  -56.085  -16.659 1.0000000000
128446  9.270  -56.002  -15.733 1.0000000000
112723  10.186  -56.108  -15.372 1.0000000000
10565  4.667  -54.827  -17.483 0.8999999762
9326  6.164  -55.683  -16.313 1.0000000000
128615  8.002  -55.401  -15.576 1.0000000000
10558  5.167  -54.547  -16.090 1.0000000000
8676  14.123  -58.246  -6.757 1.0000000000
127165  13.169  -57.309  -7.933 1.0000000000
9242  12.527  -56.798  -7.978 1.0000000000
114763  12.352  -56.723  -8.962 1.0000000000
9243  11.785  -56.344  -8.428 1.0000000000
9213  16.458  -56.559  -4.850 1.0000000000
8127  15.296  -57.945  -5.170 1.0000000000
119193  14.122  -58.082  -5.782 1.0000000000
8686  13.580  -57.743  -7.411 1.0000000000
9236  12.382  -56.637  -6.950 1.0000000000
9237  11.837  -56.249  -7.536 1.0000000000
9212  17.262  -56.605  -5.546 1.0000000000
116352  17.064  -57.346  -6.179 1.0000000000
9244  11.155  -55.949  -8.844 1.0000000000
9254  11.191  -56.111  -9.650 1.0000000000
9842  18.158  -56.562  -7.138 1.0000000000
9863  9.463  -55.231  -9.412 1.0000000000
9872  9.800  -55.658  -9.875 1.0000000000
121056  9.562  -55.867  -10.481 0.8999999762
9841  19.025  -56.027  -7.181 1.0000000000
9852  18.114  -55.803  -8.082 1.0000000000
10460  16.819  -55.200  -8.716 1.0000000000
9873  9.055  -55.557  -9.984 0.8999999762
132644  8.803  -55.758  -10.530 0.8999999762
9874  8.201  -55.423  -10.226 0.8999999762
10458  18.660  -55.142  -8.471 1.0000000000
10459  17.569  -54.907  -8.612 1.0000000000
10475  16.935  -54.284  -8.920 1.0000000000
132692  15.954  -54.211  -9.816 1.0000000000
11151  15.994  -53.300  -12.277 1.0000000000
9865  7.305  -54.898  -9.986 0.8999999762
11170  16.218  -53.228  -13.438 1.0000000000
11171  15.800  -53.012  -13.836 1.0000000000
10541  14.235  -54.852  -14.052 1.0000000000
9905  12.513  -55.586  -14.086 1.0000000000
128444  11.066  -56.142  -15.035 1.0000000000
9908  9.979  -55.058  -14.333 1.0000000000
10542  6.607  -54.611  -14.452 1.0000000000
112751  7.025  -54.992  -15.177 1.0000000000
113011  8.800  -55.480  -15.361 1.0000000000
9927  5.790  -55.077  -15.871 1.0000000000
10528  7.394  -54.652  -14.327 1.0000000000
128711  9.119  -55.046  -14.667 1.0000000000
11198  5.006  -53.878  -15.410 0.8999999762
11902  4.698  -52.475  -14.309 0.8000000119
9201  15.566  -56.601  -4.361 1.0000000000
8663  14.547  -57.892  -5.030 1.0000000000
8664  13.418  -57.424  -5.637 1.0000000000
9217  11.790  -55.765  -5.470 1.0000000000
9230  11.838  -56.064  -6.566 1.0000000000
9844  11.249  -55.836  -8.017 1.0000000000
10430  17.651  -55.010  -5.086 1.0000000000
9825  16.970  -55.626  -4.828 1.0000000000
9202  14.599  -56.568  -4.116 1.0000000000
9204  12.931  -56.336  -4.590 1.0000000000
9815  12.308  -55.686  -4.516 1.0000000000
9826  11.124  -55.099  -5.652 1.0000000000
9835  11.328  -55.709  -7.137 1.0000000000
9845  10.771  -55.299  -7.597 1.0000000000
9854  10.609  -55.462  -8.444 1.0000000000
9862  10.381  -55.646  -9.316 1.0000000000
9833  18.642  -55.919  -6.310 1.0000000000
10439  10.545  -54.553  -6.134 1.0000000000
10448  10.382  -54.673  -7.174 1.0000000000
10456  20.560  -54.839  -8.463 1.0000000000
9839  20.135  -55.118  -7.759 1.0000000000
9840  19.663  -55.437  -7.375 1.0000000000
10449  9.809  -54.161  -7.744 1.0000000000
10462  9.463  -54.481  -8.602 1.0000000000
10463  8.426  -54.097  -9.035 1.0000000000
9864  8.510  -55.072  -9.724 0.8999999762
10478  7.844  -54.506  -9.546 0.8999999762
133839  20.029  -54.797  -8.895 1.0000000000
10457  19.722  -55.207  -8.369 1.0000000000
121258  19.214  -54.583  -8.913 1.0000000000
10474  18.048  -54.256  -8.854 1.0000000000
11115  16.447  -53.753  -9.470 1.0000000000
11136  15.828  -53.559  -11.073 1.0000000000
11114  17.514  -53.474  -9.255 1.0000000000
11126  16.865  -52.802  -9.620 1.0000000000
11127  15.931  -53.324  -10.150 1.0000000000
11843  15.644  -52.514  -11.162 1.0000000000
11865  15.775  -52.473  -12.703 1.0000000000
11113  18.873  -53.597  -9.390 1.0000000000
11125  18.135  -52.574  -9.635 1.0000000000
133683  15.804  -52.555  -13.423 1.0000000000
10521  14.586  -53.951  -13.879 1.0000000000
10522  13.439  -54.697  -13.646 1.0000000000
9906  11.665  -55.115  -13.653 1.0000000000
9907  10.823  -55.114  -13.992 1.0000000000
10526  10.268  -54.667  -13.565 1.0000000000
11888  5.123  -53.078  -13.017 1.0000000000
11189  5.314  -53.916  -14.633 1.0000000000
116875  6.899  -54.316  -13.632 1.0000000000
9909  8.375  -54.692  -14.244 1.0000000000
11178  5.031  -53.355  -13.903 0.8999999762
132881  17.416  -54.038  -5.292 1.0000000000
10432  15.914  -54.255  -4.845 1.0000000000
10433  14.890  -54.191  -4.703 1.0000000000
10423  14.191  -54.708  -4.211 1.0000000000
10425  12.417  -54.971  -4.028 1.0000000000
11779  19.456  -53.268  -6.503 1.0000000000
11082  18.786  -53.679  -6.027 1.0000000000
10421  16.299  -54.955  -4.559 1.0000000000
9811  16.055  -55.734  -4.391 1.0000000000
9812  15.122  -55.745  -4.066 1.0000000000
10424  13.349  -54.860  -4.004 1.0000000000
125329  11.551  -54.956  -4.556 1.0000000000
10434  10.781  -54.396  -5.097 1.0000000000
10446  20.590  -54.497  -7.715 1.0000000000
116728  19.529  -54.241  -6.371 1.0000000000
10438  19.011  -54.603  -5.968 1.0000000000
127547  18.778  -55.226  -5.892 1.0000000000
11083  10.190  -53.857  -5.696 1.0000000000
10440  10.019  -53.964  -6.756 1.0000000000
10455  21.127  -54.297  -8.307 1.0000000000
10447  20.048  -54.701  -7.052 1.0000000000
11093  9.409  -53.433  -7.450 1.0000000000
11103  9.099  -53.650  -8.400 1.0000000000
10465  6.045  -53.877  -9.100 0.8999999762
10472  20.636  -54.573  -9.195 1.0000000000
10473  19.910  -54.308  -9.344 1.0000000000
10484  20.546  -54.222  -9.729 1.0000000000
11124  19.951  -53.591  -9.860 1.0000000000
115297  19.308  -52.635  -9.968 1.0000000000
11844  15.283  -51.731  -11.798 1.0000000000
11825  17.416  -51.781  -9.788 1.0000000000
11826  16.204  -52.121  -9.959 1.0000000000
11866  15.439  -52.014  -12.958 1.0000000000
11172  15.193  -53.014  -13.875 1.0000000000
11886  14.804  -52.496  -13.475 1.0000000000
11173  13.777  -53.790  -13.317 1.0000000000
11174  12.972  -54.178  -12.935 1.0000000000
10506  11.420  -54.365  -12.606 1.0000000000
10508  9.707  -54.267  -13.033 1.0000000000
11141  8.626  -53.332  -11.853 1.0000000000
11157  9.146  -53.813  -12.466 1.0000000000
11177  5.672  -53.711  -13.348 1.0000000000
11176  6.398  -53.929  -13.042 1.0000000000
134528  7.417  -53.633  -12.431 1.0000000000
11158  8.084  -53.760  -12.643 1.0000000000
11889  4.791  -52.588  -13.525 0.8999999762
11871  5.355  -52.758  -12.241 0.8999999762
131116  6.824  -53.095  -11.700 1.0000000000
12652  4.663  -51.608  -13.748 0.8000000119
12635  4.755  -51.494  -12.389 0.8000000119
13308  4.724  -50.649  -12.518 0.6999999881
11070  17.990  -53.509  -5.721 1.0000000000
11766  17.101  -53.180  -5.784 1.0000000000
11071  16.456  -53.715  -5.323 1.0000000000
11064  13.836  -54.028  -4.544 1.0000000000
135328  18.322  -53.110  -6.069 1.0000000000
11074  13.376  -53.246  -4.974 1.0000000000
11075  12.456  -53.193  -4.582 1.0000000000
120680  11.908  -54.370  -4.067 1.0000000000
11066  11.200  -53.983  -4.281 1.0000000000
11773  10.241  -52.769  -4.750 1.0000000000
11081  20.454  -53.380  -7.160 1.0000000000
130002  20.055  -53.763  -6.794 1.0000000000
11077  9.921  -53.249  -5.332 1.0000000000
11084  9.538  -53.164  -6.329 1.0000000000
11798  8.282  -52.164  -8.008 1.0000000000
11808  7.826  -52.477  -8.609 1.0000000000
11809  6.906  -52.498  -8.943 1.0000000000
113791  21.234  -54.521  -9.034 1.0000000000
11105  6.545  -53.237  -9.045 0.8999999762
11106  5.946  -53.410  -8.652 0.8000000119
115191  21.311  -54.329  -9.802 1.0000000000
11122  21.602  -54.216  -10.673 1.0000000000
11123  20.783  -53.824  -10.362 1.0000000000
11842  19.790  -52.025  -10.661 1.0000000000
131623  18.715  -51.517  -10.126 1.0000000000
12592  16.779  -51.054  -9.895 1.0000000000
116351  15.695  -51.429  -10.395 1.0000000000
127781  14.949  -51.053  -11.162 1.0000000000
12632  15.064  -51.477  -12.073 1.0000000000
12633  14.644  -51.619  -12.336 1.0000000000
130604  13.175  -52.230  -11.401 1.0000000000
11845  12.166  -52.905  -10.997 1.0000000000
11829  10.597  -52.401  -10.377 1.0000000000
11830  9.629  -52.357  -10.553 1.0000000000
12648  15.054  -51.855  -13.079 1.0000000000
11867  14.349  -52.220  -12.844 1.0000000000
11868  13.427  -52.832  -12.315 1.0000000000
11869  12.704  -53.034  -11.708 1.0000000000
11138  11.488  -53.518  -11.466 1.0000000000
11846  11.091  -53.028  -10.847 1.0000000000
11887  14.003  -53.004  -13.088 1.0000000000
11152  13.341  -53.524  -12.758 1.0000000000
10505  12.194  -54.301  -12.657 1.0000000000
11139  10.562  -53.506  -11.510 1.0000000000
11848  9.146  -52.838  -11.198 1.0000000000
11831  8.698  -52.255  -10.725 1.0000000000
11142  7.592  -53.296  -11.901 1.0000000000
11849  8.179  -52.745  -11.302 0.8999999762
12618  5.324  -51.714  -11.235 0.8000000119
12619  4.805  -51.220  -11.756 0.6999999881
13292  4.932  -50.948  -10.959 0.6999999881
13989  4.750  -49.552  -11.331 0.6999999881
11781  17.790  -52.756  -6.147 1.0000000000
11767  16.120  -52.968  -5.911 1.0000000000
11072  15.495  -53.526  -5.382 1.0000000000
11073  14.453  -53.258  -5.448 1.0000000000
12556  20.524  -51.440  -7.401 1.0000000000
122938  19.967  -52.087  -7.083 1.0000000000
136161  19.470  -52.510  -6.776 1.0000000000
11782  16.837  -52.302  -6.374 1.0000000000
11769  13.747  -52.554  -5.816 1.0000000000
11771  12.064  -52.473  -4.804 1.0000000000
120868  21.911  -52.235  -8.259 1.0000000000
12555  21.296  -51.860  -7.750 1.0000000000
11796  20.692  -52.586  -7.361 1.0000000000
117899  12.473  -51.778  -5.424 1.0000000000
11772  11.135  -52.567  -4.530 1.0000000000
129241  9.749  -51.940  -4.916 1.0000000000
11774  9.489  -52.531  -5.489 1.0000000000
11807  21.930  -53.217  -8.510 1.0000000000
133634  20.958  -53.646  -7.631 1.0000000000
11785  8.792  -52.107  -6.760 1.0000000000
11799  7.230  -51.806  -8.631 1.0000000000
11806  22.451  -52.622  -8.810 1.0000000000
11800  6.257  -52.060  -8.443 0.8000000119
117344  5.791  -52.379  -7.354 0.8000000119
11101  22.388  -53.600  -9.271 1.0000000000
10470  22.606  -54.126  -10.086 1.0000000000
122475  22.076  -54.346  -10.348 1.0000000000
10483  22.695  -54.331  -10.867 1.0000000000
10495  22.197  -54.363  -10.994 1.0000000000
12613  16.247  -50.257  -9.962 1.0000000000
11135  21.122  -53.597  -11.078 1.0000000000
12591  17.827  -50.901  -9.999 1.0000000000
12612  17.509  -50.186  -10.223 1.0000000000
12614  15.242  -50.875  -10.713 1.0000000000
12611  18.470  -50.559  -10.621 1.0000000000
12615  14.836  -51.070  -11.343 1.0000000000
12616  14.066  -51.448  -11.582 1.0000000000
11827  12.531  -51.936  -10.438 1.0000000000
11828  11.585  -52.306  -10.323 1.0000000000
12596  11.041  -51.740  -9.901 1.0000000000
12597  10.078  -51.759  -10.031 1.0000000000
130226  9.481  -51.137  -9.767 1.0000000000
12598  9.142  -51.755  -10.192 1.0000000000
12581  8.558  -51.216  -9.901 1.0000000000
129522  8.371  -51.739  -10.349 1.0000000000
12617  6.100  -52.073  -10.914 0.8000000119
12600  6.785  -51.629  -10.400 0.6999999881
13272  7.096  -51.067  -9.870 1.0000000000
13274  5.419  -50.593  -10.244 0.8000000119
14713  4.759  -48.773  -11.032 0.6999999881
13975  4.797  -49.289  -10.497 0.8000000119
12537  15.309  -51.479  -6.751 1.0000000000
11784  14.672  -52.272  -6.286 1.0000000000
13232  20.533  -50.473  -7.516 1.0000000000
12557  20.026  -50.873  -7.333 1.0000000000
12533  19.820  -51.402  -7.214 1.0000000000
13212  18.516  -50.979  -7.082 1.0000000000
12536  16.249  -51.515  -6.759 1.0000000000
11768  15.263  -52.885  -5.983 1.0000000000
12525  13.227  -51.874  -5.979 1.0000000000
13201  12.039  -50.814  -5.522 1.0000000000
13244  22.435  -50.754  -8.518 1.0000000000
120362  21.869  -51.273  -8.121 1.0000000000
13231  21.223  -50.880  -7.724 1.0000000000
12527  10.142  -51.354  -4.830 1.0000000000
12567  22.444  -51.662  -8.615 1.0000000000
12541  9.028  -51.640  -5.664 1.0000000000
12542  8.196  -51.127  -6.730 0.8999999762
12558  7.716  -51.379  -7.889 0.8999999762
12543  7.191  -50.599  -7.726 0.8999999762
12560  6.011  -51.275  -7.851 0.8000000119
11786  5.739  -51.544  -6.904 0.6999999881
11817  22.878  -52.883  -9.311 1.0000000000
12559  6.689  -51.144  -8.279 0.8999999762
11112  23.088  -53.420  -9.855 1.0000000000
11121  23.378  -53.916  -10.656 1.0000000000
10493  23.291  -54.226  -11.428 1.0000000000
10494  22.639  -54.223  -11.666 1.0000000000
11134  21.841  -54.027  -11.427 1.0000000000
11150  22.127  -53.649  -12.226 1.0000000000
11840  21.329  -53.179  -11.814 1.0000000000
11864  20.172  -51.787  -11.396 1.0000000000
12610  19.464  -51.106  -11.131 1.0000000000
13288  16.048  -49.520  -10.344 1.0000000000
12630  20.137  -51.333  -12.017 1.0000000000
12631  18.865  -50.455  -11.604 1.0000000000
13286  18.104  -49.866  -11.111 1.0000000000
13287  17.156  -49.481  -10.683 1.0000000000
13290  14.998  -50.081  -10.481 1.0000000000
13289  15.207  -50.110  -10.392 1.0000000000
13291  14.382  -49.825  -10.209 1.0000000000
13271  12.746  -50.216  -9.741 1.0000000000
13947  11.901  -49.995  -9.607 1.0000000000
13256  10.404  -50.187  -9.480 1.0000000000
12580  9.752  -50.535  -9.545 1.0000000000
118280  14.320  -50.795  -10.668 1.0000000000
13270  13.610  -50.506  -9.996 1.0000000000
12577  12.043  -50.757  -9.701 1.0000000000
12595  11.936  -51.526  -9.906 1.0000000000
12578  11.385  -51.118  -9.721 1.0000000000
12579  10.503  -51.016  -9.673 1.0000000000
13259  7.799  -50.757  -9.669 1.0000000000
13273  6.301  -50.938  -9.938 0.8999999762
13974  5.115  -49.816  -9.934 0.8000000119
13955  4.949  -48.977  -9.677 0.8000000119
14697  4.866  -47.978  -10.749 0.6999999881
13924  21.150  -49.978  -7.785 1.0000000000
13925  20.382  -49.533  -7.640 1.0000000000
13233  19.820  -50.207  -7.387 1.0000000000
13235  18.086  -50.083  -7.229 1.0000000000
13213  17.576  -50.811  -7.060 1.0000000000
13215  15.822  -50.792  -7.032 1.0000000000
13217  14.147  -50.343  -6.860 1.0000000000
133207  13.436  -50.268  -6.535 0.8999999762
12540  12.830  -51.220  -5.964 1.0000000000
13254  22.964  -50.276  -8.940 1.0000000000
13936  22.341  -49.897  -8.580 1.0000000000
13245  21.818  -50.365  -8.097 1.0000000000
13219  11.713  -49.957  -5.592 0.8999999762
13203  10.236  -50.488  -5.040 0.8999999762
122734  9.498  -51.108  -5.130 0.8999999762
12575  23.481  -51.574  -9.494 1.0000000000
118443  22.990  -51.152  -8.974 1.0000000000
12528  8.660  -50.742  -5.763 0.8999999762
13220  7.645  -50.344  -6.661 0.8999999762
13237  6.400  -50.598  -7.654 0.8000000119
12544  5.880  -50.676  -7.184 0.6000000238
12529  5.626  -51.048  -6.243 0.5000000000
12590  23.931  -52.027  -10.076 1.0000000000
11816  23.365  -52.512  -9.667 1.0000000000
12521  5.653  -51.300  -5.027 0.4000000060
12517  5.794  -51.567  -3.780 0.3000000119
11822  24.368  -52.473  -10.705 1.0000000000
11120  24.118  -53.376  -10.974 1.0000000000
11839  24.727  -52.853  -11.455 1.0000000000
10492  23.817  -54.077  -11.968 1.0000000000
10502  23.268  -54.160  -12.094 1.0000000000
11149  23.645  -53.880  -12.681 1.0000000000
11861  22.446  -53.240  -13.036 1.0000000000
11862  21.636  -52.778  -12.626 1.0000000000
11863  20.844  -52.112  -12.089 1.0000000000
12629  20.619  -51.471  -12.697 1.0000000000
11884  21.274  -51.900  -12.989 1.0000000000
12646  20.823  -51.157  -13.495 1.0000000000
12647  20.003  -50.877  -12.872 1.0000000000
13302  19.165  -50.434  -12.605 1.0000000000
13304  17.650  -49.507  -11.847 1.0000000000
117033  16.801  -49.125  -11.406 1.0000000000
13984  16.011  -48.888  -10.937 1.0000000000
13986  14.914  -49.005  -10.620 1.0000000000
13987  14.167  -48.859  -10.501 1.0000000000
13971  13.455  -49.433  -9.945 1.0000000000
14695  11.738  -48.580  -9.951 1.0000000000
13973  11.642  -49.343  -9.661 1.0000000000
13948  11.083  -49.741  -9.548 1.0000000000
13257  9.530  -49.892  -9.311 1.0000000000
13951  8.704  -49.687  -9.221 1.0000000000
13315  18.011  -49.563  -12.848 1.0000000000
13996  17.248  -49.160  -12.514 1.0000000000
13998  15.798  -48.636  -11.781 1.0000000000
13999  15.161  -48.538  -11.535 1.0000000000
14705  14.465  -48.408  -11.351 1.0000000000
14693  13.461  -48.643  -10.467 1.0000000000
14708  12.139  -47.926  -10.652 1.0000000000
14730  16.820  -48.752  -13.081 1.0000000000
14719  16.094  -48.495  -12.753 1.0000000000
16175  7.022  -46.916  -8.649 0.8000000119
14658  6.698  -48.330  -8.685 0.8000000119
132501  8.206  -49.089  -8.996 1.0000000000
13258  8.796  -50.454  -9.502 1.0000000000
16176  5.893  -46.757  -8.408 0.6999999881
14659  5.800  -48.155  -8.619 0.8000000119
13952  7.730  -49.915  -9.240 1.0000000000
15423  5.479  -47.389  -8.570 0.8000000119
13953  6.583  -49.733  -9.090 0.8999999762
14677  6.184  -48.942  -8.791 0.8000000119
14679  4.860  -48.132  -9.414 0.6999999881
15449  5.085  -47.131  -10.688 0.5000000000
14638  20.548  -48.700  -7.992 1.0000000000
115286  19.943  -48.840  -7.718 1.0000000000
14639  19.284  -48.614  -7.649 1.0000000000
13927  18.615  -49.237  -7.419 1.0000000000
13928  17.655  -49.252  -7.370 1.0000000000
13929  15.770  -49.371  -7.344 1.0000000000
13908  15.478  -50.100  -7.208 1.0000000000
12539  13.563  -51.049  -6.396 1.0000000000
13866  8.550  -49.730  -1.739 0.1000000015
13867  6.951  -49.627  -1.772 0.1000000015
14670  22.395  -48.845  -9.605 1.0000000000
14655  22.068  -49.135  -8.942 1.0000000000
13937  21.669  -49.524  -8.253 1.0000000000
135017  14.274  -49.592  -7.119 0.8999999762
13911  12.740  -49.275  -6.416 0.8999999762
13882  7.299  -48.790  -2.130 0.2000000030
119418  6.573  -48.999  -2.273 0.2000000030
134480  24.096  -49.708  -9.530 1.0000000000
13253  23.556  -50.694  -9.336 1.0000000000
13897  9.843  -49.569  -5.280 0.8999999762
13204  9.256  -50.226  -5.319 0.8999999762
13205  8.221  -49.830  -5.849 0.8999999762
13913  6.591  -49.111  -6.291 0.8000000119
13914  5.801  -49.539  -6.261 0.6999999881
13207  5.561  -49.973  -5.733 0.4000000060
13199  5.612  -49.934  -4.747 0.4000000060
12518  5.687  -50.719  -4.198 0.3000000119
13196  5.866  -50.756  -3.077 0.3000000119
13269  24.697  -50.677  -10.187 1.0000000000
12574  24.087  -51.114  -9.866 1.0000000000
13221  6.793  -50.110  -7.343 0.8999999762
119177  25.715  -51.478  -11.770 1.0000000000
12609  24.993  -51.938  -11.204 1.0000000000
117637  25.806  -52.104  -12.527 1.0000000000
11148  24.342  -53.750  -12.526 1.0000000000
11168  24.223  -53.590  -13.345 1.0000000000
11169  23.367  -53.441  -13.405 1.0000000000
11883  21.996  -52.397  -13.359 1.0000000000
12645  21.622  -51.657  -13.725 1.0000000000
124479  22.002  -51.433  -14.228 1.0000000000
13312  20.188  -50.603  -13.653 1.0000000000
13314  18.742  -49.945  -13.167 1.0000000000
14672  10.968  -48.956  -9.590 1.0000000000
13949  10.230  -49.383  -9.395 1.0000000000
13950  9.240  -48.996  -9.186 1.0000000000
13331  20.701  -50.528  -14.175 1.0000000000
13313  19.505  -50.301  -13.451 1.0000000000
122219  18.386  -49.471  -13.540 1.0000000000
14707  12.952  -48.112  -10.950 1.0000000000
117174  11.694  -47.174  -11.153 1.0000000000
124977  10.546  -47.079  -10.348 1.0000000000
14696  10.893  -48.252  -9.850 1.0000000000
14673  10.115  -48.410  -9.496 0.8999999762
14674  9.194  -48.021  -9.285 0.8999999762
14009  19.065  -49.695  -13.996 1.0000000000
14010  17.693  -49.006  -13.455 1.0000000000
115596  15.408  -48.270  -12.463 1.0000000000
14732  14.969  -47.765  -13.066 1.0000000000
14720  14.703  -48.071  -12.221 1.0000000000
15478  12.708  -47.101  -12.294 1.0000000000
16217  11.382  -46.425  -11.568 1.0000000000
16174  8.076  -46.836  -8.937 0.8999999762
15421  7.698  -47.479  -8.848 0.8000000119
120502  17.104  -48.439  -13.828 1.0000000000
14731  15.705  -47.990  -13.291 1.0000000000
15417  20.896  -48.074  -9.611 1.0000000000
15418  20.514  -48.066  -8.606 1.0000000000
15403  19.051  -47.844  -7.876 1.0000000000
14640  18.548  -48.410  -7.592 1.0000000000
14641  17.746  -48.347  -7.518 1.0000000000
114123  16.708  -49.381  -7.349 1.0000000000
14643  15.512  -48.456  -7.428 1.0000000000
14589  9.167  -48.602  -2.373 0.1000000015
14669  23.012  -48.920  -9.775 1.0000000000
14671  21.732  -48.497  -9.655 1.0000000000
14656  21.295  -48.676  -8.600 1.0000000000
14619  14.033  -48.879  -7.185 0.8999999762
14620  13.149  -48.588  -6.887 0.8999999762
13912  11.848  -49.199  -6.019 0.8999999762
132921  11.146  -48.786  -5.799 0.8999999762
14592  6.440  -48.477  -2.757 0.2000000030
13194  6.105  -49.889  -2.638 0.3000000119
13969  24.671  -49.805  -9.800 1.0000000000
13945  23.525  -49.752  -9.348 1.0000000000
13899  8.125  -49.144  -5.692 0.8999999762
117534  7.304  -48.631  -5.801 0.6999999881
13901  5.999  -48.914  -6.096 0.6000000238
13902  5.690  -49.139  -5.469 0.5000000000
13893  5.769  -49.207  -4.327 0.3000000119
13890  6.022  -49.192  -3.273 0.3000000119
13285  25.788  -50.564  -11.290 1.0000000000
126213  6.791  -48.140  -5.604 0.6999999881
12643  25.904  -52.257  -13.514 1.0000000000
11881  25.034  -53.125  -13.826 1.0000000000
11896  24.556  -52.544  -14.548 1.0000000000
11185  24.065  -53.179  -14.068 1.0000000000
11898  22.995  -52.272  -14.256 1.0000000000
12659  21.416  -51.016  -14.210 1.0000000000
13332  19.948  -50.098  -14.125 1.0000000000
16962  11.180  -45.660  -11.837 0.8999999762
16932  10.221  -45.569  -10.767 0.8000000119
16201  9.740  -45.936  -10.197 0.8999999762
15448  9.880  -46.837  -9.930 0.8999999762
15430  9.723  -47.599  -9.616 0.8999999762
14675  8.573  -48.417  -9.052 0.8999999762
15489  14.531  -47.195  -13.617 1.0000000000
16235  13.721  -46.950  -13.388 1.0000000000
16227  12.983  -46.708  -13.065 1.0000000000
18591  8.204  -43.002  -8.775 0.6000000238
16919  8.519  -44.944  -9.286 0.6999999881
16185  8.504  -45.958  -9.241 0.6999999881
15431  8.418  -47.666  -9.018 0.8000000119
14740  17.818  -48.559  -14.204 1.0000000000
14742  16.073  -47.691  -13.988 1.0000000000
15445  20.215  -47.682  -10.831 0.8999999762
15428  20.152  -47.562  -9.517 1.0000000000
16168  18.835  -46.626  -9.146 1.0000000000
15405  17.443  -47.481  -7.705 1.0000000000
120837  16.904  -48.025  -7.523 1.0000000000
14642  16.335  -48.617  -7.439 1.0000000000
14644  14.660  -48.241  -7.387 0.8999999762
126957  6.491  -47.874  -2.948 0.2000000030
14690  24.397  -48.277  -10.021 1.0000000000
14691  23.284  -48.332  -10.449 1.0000000000
15444  21.802  -47.779  -11.807 0.8999999762
15420  18.641  -47.132  -8.293 1.0000000000
15407  15.284  -47.575  -7.533 0.8999999762
15382  12.980  -47.644  -7.140 0.8999999762
14621  12.393  -48.519  -6.494 0.8999999762
14610  10.368  -48.801  -5.559 0.8999999762
14608  5.946  -48.438  -3.935 0.2000000030
13967  25.895  -48.947  -10.469 0.8999999762
134511  24.732  -49.042  -9.802 0.8999999762
13970  23.929  -49.061  -9.642 1.0000000000
15367  5.971  -47.977  -4.710 0.4000000060
13983  25.866  -49.768  -10.857 0.8999999762
15376  6.254  -47.707  -5.051 0.5000000000
136810  26.613  -50.235  -12.405 0.8999999762
13301  26.265  -50.777  -12.102 1.0000000000
12628  26.237  -51.498  -12.715 0.8999999762
12642  26.462  -51.420  -13.683 1.0000000000
135425  25.417  -52.426  -14.409 1.0000000000
12655  25.074  -51.729  -14.963 1.0000000000
12656  24.087  -51.788  -14.881 1.0000000000
13346  22.881  -50.462  -15.160 1.0000000000
13329  22.158  -50.857  -14.703 1.0000000000
121706  21.291  -49.523  -15.109 1.0000000000
14019  20.567  -49.864  -14.675 1.0000000000
14020  19.012  -49.018  -14.522 1.0000000000
15498  17.308  -47.960  -14.393 1.0000000000
15516  17.546  -47.352  -14.828 1.0000000000
15499  16.650  -47.368  -14.516 1.0000000000
16245  15.006  -46.753  -14.227 1.0000000000
16246  14.156  -46.468  -14.021 1.0000000000
16237  12.605  -46.127  -13.347 1.0000000000
16961  11.520  -45.299  -12.475 1.0000000000
18610  9.836  -43.308  -9.829 0.6999999881
16197  20.729  -47.498  -11.880 0.8999999762
16198  19.766  -46.945  -11.767 0.8999999762
15429  19.480  -47.122  -9.360 1.0000000000
15442  23.731  -47.593  -11.110 0.8999999762
15443  22.834  -47.796  -11.650 0.8999999762
15462  21.561  -47.065  -12.486 0.8000000119
16182  18.954  -46.507  -10.220 0.8999999762
16169  18.158  -46.417  -8.802 1.0000000000
16155  17.871  -46.916  -8.122 1.0000000000
16156  17.072  -46.698  -7.944 1.0000000000
15406  16.097  -47.688  -7.537 1.0000000000
15408  14.403  -47.270  -7.573 0.8999999762
15409  13.615  -47.309  -7.476 0.8999999762
15383  12.149  -47.697  -6.776 0.8999999762
14623  10.810  -48.116  -6.010 0.8999999762
14689  25.291  -48.605  -9.965 0.8999999762
14704  26.581  -48.516  -10.840 0.8999999762
13995  26.758  -49.579  -12.164 0.8999999762
13300  26.659  -50.787  -12.972 0.8999999762
13311  26.782  -50.640  -13.939 0.8999999762
13328  25.827  -51.118  -15.022 0.8999999762
13327  26.455  -50.388  -14.913 0.8999999762
12668  25.136  -50.936  -15.292 1.0000000000
12669  24.396  -51.023  -15.255 1.0000000000
13344  24.770  -50.284  -15.537 1.0000000000
13345  23.807  -50.164  -15.491 1.0000000000
14031  22.081  -50.000  -15.166 1.0000000000
14030  22.893  -49.492  -15.442 1.0000000000
115975  22.060  -49.170  -15.361 1.0000000000
14032  20.460  -49.087  -15.066 1.0000000000
14757  21.306  -48.579  -15.363 1.0000000000
14758  20.324  -48.229  -15.271 1.0000000000
14033  19.640  -48.698  -14.955 1.0000000000
116652  18.445  -48.618  -14.484 1.0000000000
16976  14.772  -45.861  -14.481 1.0000000000
16969  13.252  -45.387  -14.030 1.0000000000
17775  11.790  -44.072  -12.571 1.0000000000
18634  11.522  -43.294  -11.412 0.8000000119
21224  9.865  -40.756  -9.383 0.6000000238
15514  19.156  -47.276  -15.282 1.0000000000
15515  18.361  -47.303  -15.098 1.0000000000
16259  17.026  -46.707  -14.917 1.0000000000
16244  15.642  -46.275  -14.649 1.0000000000
135578  15.390  -45.691  -14.654 1.0000000000
123232  14.371  -44.975  -14.348 1.0000000000
17782  14.033  -44.176  -13.950 1.0000000000
20402  9.181  -40.755  -9.442 0.6000000238
16257  18.698  -46.660  -15.332 1.0000000000
16258  17.874  -46.692  -15.155 1.0000000000
126679  17.442  -45.901  -15.166 1.0000000000
17792  15.278  -45.023  -14.598 1.0000000000
16216  20.800  -46.379  -12.469 0.8000000119
16930  19.809  -45.856  -11.987 0.6999999881
16196  24.248  -46.700  -11.934 0.8000000119
15460  23.439  -47.062  -12.307 0.8000000119
16199  19.192  -46.276  -11.276 0.6000000238
16914  18.940  -45.508  -10.554 0.6000000238
16915  18.502  -45.289  -9.654 0.6999999881
16184  17.816  -45.595  -9.240 0.8000000119
14688  25.996  -48.137  -10.105 0.8999999762
126587  24.637  -47.287  -10.439 0.8000000119
16904  17.090  -45.276  -8.992 0.6999999881
131646  27.434  -47.369  -10.785 0.8999999762
14703  27.195  -48.056  -11.274 0.8999999762
14718  26.959  -48.809  -11.741 0.8999999762
14717  27.461  -48.283  -12.207 0.8999999762
13994  27.179  -49.040  -12.703 0.8999999762
14007  27.262  -49.121  -13.735 0.8999999762
14018  26.951  -49.802  -14.299 0.8999999762
14753  25.753  -48.775  -15.711 0.8999999762
14028  25.240  -49.546  -15.677 0.8999999762
14029  23.803  -49.151  -15.673 0.8999999762
14754  24.712  -48.725  -15.800 0.8999999762
120631  23.081  -48.565  -15.588 1.0000000000
14756  22.240  -48.473  -15.499 1.0000000000
123871  21.794  -47.827  -15.520 1.0000000000
15512  21.017  -47.705  -15.446 1.0000000000
135255  13.031  -43.804  -13.275 1.0000000000
137431  11.810  -43.583  -12.039 0.8999999762
19537  12.244  -43.026  -11.541 0.8999999762
126793  11.262  -42.289  -9.813 0.6999999881
15513  20.119  -47.326  -15.398 1.0000000000
18645  13.762  -43.488  -13.185 1.0000000000
18633  13.043  -43.376  -12.720 0.8999999762
16256  19.543  -46.621  -15.431 1.0000000000
122840  18.257  -46.117  -15.337 1.0000000000
17814  16.740  -45.277  -14.981 1.0000000000
18661  14.889  -44.138  -14.157 1.0000000000
16988  18.264  -45.392  -15.342 1.0000000000
17790  16.966  -44.421  -14.874 1.0000000000
16952  21.693  -45.552  -12.531 0.6000000238
16929  20.830  -45.280  -12.087 0.6999999881
16926  25.862  -45.962  -9.958 0.8999999762
16212  25.232  -45.752  -10.915 0.8000000119
16214  23.816  -45.935  -13.025 0.8000000119
16215  22.211  -46.231  -12.824 0.6999999881
16931  19.445  -45.415  -11.290 0.6000000238
115895  18.966  -44.688  -9.924 0.6000000238
16192  27.549  -46.664  -10.334 0.8999999762
16193  26.664  -46.468  -9.916 0.8999999762
16194  25.440  -46.742  -10.070 0.8999999762
117036  27.753  -47.560  -11.683 0.8999999762
15486  28.270  -47.097  -13.135 0.8999999762
15487  27.876  -47.729  -13.683 0.8999999762
14738  27.482  -48.375  -14.266 0.8999999762
15496  27.633  -47.586  -14.685 0.8999999762
116992  26.346  -48.046  -15.626 0.8999999762
15508  25.398  -47.860  -15.857 0.8999999762
122857  24.404  -47.835  -15.840 0.8999999762
15511  22.632  -47.788  -15.599 1.0000000000
15509  24.884  -47.174  -15.930 0.8999999762
122909  23.075  -47.062  -15.714 1.0000000000
122908  22.072  -47.073  -15.589 1.0000000000
135453  21.494  -47.373  -15.524 1.0000000000
19536  13.077  -42.888  -11.760 0.8999999762
19508  12.770  -41.961  -9.829 0.8000000119
21239  10.612  -40.580  -9.711 0.6000000238
16255  21.739  -46.269  -15.586 1.0000000000
129796  20.309  -46.589  -15.489 1.0000000000
18644  14.758  -43.422  -13.401 1.0000000000
127553  14.915  -42.635  -11.328 0.8999999762
127236  19.998  -45.965  -15.499 1.0000000000
119936  19.043  -45.866  -15.471 1.0000000000
18660  15.703  -44.106  -14.350 1.0000000000
18643  15.524  -43.368  -13.731 1.0000000000
18632  14.847  -42.971  -12.285 1.0000000000
19534  15.668  -42.526  -11.510 1.0000000000
18659  16.464  -43.887  -14.478 1.0000000000
19562  16.753  -42.927  -14.042 1.0000000000
17747  21.266  -44.597  -11.132 0.5000000000
16925  26.580  -45.601  -9.842 0.8000000119
17772  25.455  -44.685  -10.389 0.6000000238
17774  25.225  -44.274  -12.378 0.6000000238
16927  23.438  -44.357  -11.855 0.6999999881
17746  22.454  -44.509  -10.764 0.4000000060
17715  20.095  -43.789  -9.553 0.6000000238
16924  27.465  -45.881  -9.968 0.8999999762
131590  19.363  -44.130  -9.735 0.6000000238
15459  28.068  -46.872  -11.143 0.8999999762
18577  19.279  -43.709  -9.079 0.4000000060
122042  28.634  -46.337  -11.616 0.8999999762
16968  28.999  -45.917  -13.171 0.8999999762
15495  28.135  -47.045  -14.122 0.8999999762
131641  28.338  -46.440  -14.403 0.8999999762
15506  27.024  -47.239  -15.427 0.8999999762
15507  26.069  -47.249  -15.824 0.8999999762
21248  11.115  -40.108  -10.703 0.6000000238
120585  25.978  -45.784  -16.096 0.8999999762
16252  24.524  -46.441  -15.974 1.0000000000
16253  23.585  -46.352  -15.841 1.0000000000
20399  13.309  -41.419  -9.849 0.8999999762
21238  11.806  -40.531  -9.865 0.6000000238
21255  10.541  -39.809  -11.983 0.5000000000
16254  22.655  -46.325  -15.686 1.0000000000
19521  15.985  -42.033  -11.294 1.0000000000
119922  21.451  -45.542  -15.578 1.0000000000
119937  20.856  -46.110  -15.555 1.0000000000
16987  20.587  -45.367  -15.546 1.0000000000
122739  19.692  -45.172  -15.497 1.0000000000
18642  16.245  -42.861  -13.325 1.0000000000
133296  16.504  -42.392  -12.432 1.0000000000
17812  18.385  -44.562  -15.264 1.0000000000
18685  17.761  -44.064  -15.012 1.0000000000
133070  17.978  -43.243  -14.691 1.0000000000
19561  17.542  -42.668  -14.237 1.0000000000
19547  16.770  -42.257  -13.105 1.0000000000
17764  26.734  -44.421  -9.719 0.8000000119
17771  26.067  -44.377  -9.808 0.5000000000
17773  25.219  -44.134  -11.118 0.5000000000
17744  24.276  -44.421  -10.093 0.5000000000
17726  23.835  -44.489  -9.415 0.3000000119
16191  28.336  -46.029  -10.594 0.8999999762
17742  27.271  -44.992  -9.783 0.6999999881
16958  29.091  -45.821  -12.173 0.8999999762
16948  29.014  -45.621  -11.213 0.8999999762
16947  29.423  -45.069  -11.732 0.8000000119
16967  29.161  -45.300  -13.701 0.8999999762
125494  28.733  -45.911  -14.103 0.8999999762
16242  27.860  -46.780  -14.945 0.8999999762
16249  27.447  -46.269  -15.480 0.8999999762
21254  11.606  -39.669  -11.524 0.6000000238
119926  25.065  -45.775  -16.105 1.0000000000
119925  24.137  -45.656  -15.999 1.0000000000
134899  15.855  -41.463  -11.520 1.0000000000
21252  15.086  -40.884  -11.453 1.0000000000
21246  13.884  -40.921  -10.284 0.8999999762
21247  12.067  -40.009  -10.581 0.6000000238
120762  24.754  -44.990  -16.120 1.0000000000
119924  23.142  -45.539  -15.781 1.0000000000
116598  19.882  -43.679  -15.304 1.0000000000
19580  19.943  -42.873  -15.072 1.0000000000
18656  19.321  -42.414  -14.677 1.0000000000
121124  16.926  -41.721  -13.362 1.0000000000
20422  16.497  -41.692  -11.988 1.0000000000
20412  15.483  -41.663  -11.026 1.0000000000
17808  22.908  -44.686  -15.712 1.0000000000
17810  21.182  -44.892  -15.563 1.0000000000
123912  20.376  -44.441  -15.472 1.0000000000
17811  19.283  -44.278  -15.347 1.0000000000
18684  18.546  -43.725  -15.078 1.0000000000
18657  18.660  -42.883  -14.744 1.0000000000
19560  18.705  -42.038  -14.317 1.0000000000
19546  17.881  -41.733  -14.032 1.0000000000
136485  17.227  -42.161  -13.667 1.0000000000
19532  16.755  -41.976  -12.367 1.0000000000
18604  28.662  -43.628  -10.090 0.5000000000
18606  27.370  -44.244  -9.750 0.6999999881
18622  25.950  -43.983  -9.672 0.4000000060
125535  25.953  -43.391  -9.225 0.2000000030
18587  25.452  -43.827  -9.165 0.3000000119
17741  28.209  -44.487  -9.948 0.6999999881
19478  26.070  -42.554  -8.632 0.1000000015
134187  29.226  -45.095  -11.036 0.8000000119
16923  28.828  -45.084  -10.513 0.8000000119
17770  29.677  -44.590  -12.536 0.8000000119
17781  29.496  -44.786  -13.318 0.8000000119
17788  29.334  -44.527  -14.175 0.8999999762
16974  28.790  -45.242  -14.560 0.8999999762
16985  27.798  -45.410  -15.572 0.8999999762
17805  27.277  -44.670  -15.988 0.8999999762
120666  26.294  -44.985  -16.163 0.8999999762
21245  14.311  -40.658  -10.943 0.8999999762
123318  13.566  -40.151  -10.948 0.6999999881
17806  25.539  -44.351  -16.225 1.0000000000
17807  23.827  -44.842  -15.952 1.0000000000
20432  16.731  -41.622  -13.076 1.0000000000
21264  16.548  -41.105  -13.053 1.0000000000
21265  15.715  -40.865  -12.450 1.0000000000
129821  14.680  -40.425  -12.629 0.8999999762
21266  13.895  -39.949  -13.103 0.8000000119
118462  22.840  -43.946  -15.674 1.0000000000
135107  22.307  -44.260  -15.599 1.0000000000
18681  21.456  -44.099  -15.504 1.0000000000
18682  20.609  -43.435  -15.322 1.0000000000
19579  20.663  -42.451  -14.998 1.0000000000
19559  20.009  -41.970  -14.542 1.0000000000
19544  19.359  -41.548  -14.299 1.0000000000
20431  17.469  -41.345  -13.896 1.0000000000
21263  17.224  -40.986  -13.764 1.0000000000
132547  22.236  -43.528  -15.535 1.0000000000
122708  21.411  -43.001  -15.327 1.0000000000
18605  27.808  -43.650  -9.816 0.4000000060
19520  27.393  -42.932  -9.836 0.4000000060
19505  26.697  -43.024  -9.540 0.3000000119
19482  26.433  -42.761  -9.274 0.2000000030
18603  29.459  -43.523  -10.511 0.5000000000
17740  28.981  -44.275  -10.329 0.4000000060
19477  26.547  -41.919  -8.792 0.1000000015
17763  29.446  -44.489  -10.929 0.5000000000
18620  29.920  -43.726  -11.284 0.5000000000
18630  30.058  -43.791  -12.363 0.8000000119
18641  30.102  -43.478  -13.302 0.6999999881
18655  29.184  -43.866  -14.844 0.8000000119
17804  28.162  -44.626  -15.558 0.8999999762
133192  27.890  -43.929  -15.855 0.8999999762
131874  26.479  -44.247  -16.225 0.8999999762
129820  14.039  -40.195  -11.957 0.8000000119
21253  13.100  -39.787  -12.023 0.6000000238
22071  12.148  -39.404  -12.264 0.5000000000
127811  26.138  -43.457  -16.249 0.8999999762
18678  25.152  -43.471  -16.182 1.0000000000
18679  24.213  -43.287  -15.947 1.0000000000
22085  15.821  -40.309  -13.635 1.0000000000
22113  13.858  -39.151  -13.845 0.8000000119
134259  13.458  -39.827  -12.632 0.6999999881
22088  11.604  -38.821  -13.078 0.4000000060
22072  11.120  -39.250  -12.507 0.4000000060
119919  23.910  -42.321  -15.733 1.0000000000
119912  23.133  -43.109  -15.674 1.0000000000
20446  20.040  -41.160  -14.230 1.0000000000
20430  19.368  -40.997  -14.241 1.0000000000
21261  19.029  -40.772  -14.281 1.0000000000
21262  18.114  -40.839  -14.125 1.0000000000
114045  22.199  -42.534  -15.327 1.0000000000
20460  22.070  -41.509  -14.846 1.0000000000
19578  21.389  -41.973  -14.899 1.0000000000
20444  21.325  -41.073  -14.344 1.0000000000
19503  29.063  -42.849  -10.151 0.3000000119
20410  27.802  -42.250  -10.085 0.3000000119
21244  27.455  -41.737  -9.960 0.3000000119
21223  27.196  -41.395  -9.692 0.1000000015
20375  27.105  -41.199  -8.993 0.1000000015
116558  29.346  -42.190  -10.242 0.4000000060
21236  27.709  -40.874  -10.283 0.1000000015
21222  27.497  -40.575  -9.622 0.1000000015
21219  27.435  -40.309  -8.768 0.1000000015
22052  27.602  -39.664  -9.473 0.1000000015
126568  27.645  -38.738  -9.021 0.1000000015
23789  27.376  -37.738  -7.432 0.1000000015
18629  30.324  -43.053  -11.718 0.5000000000
23802  27.489  -37.902  -8.537 0.1000000015
24665  26.489  -37.105  -8.000 0.1000000015
18640  30.395  -42.965  -12.738 0.5000000000
113550  26.175  -36.932  -7.698 0.1000000015
18654  29.739  -43.600  -14.153 0.8000000119
18675  29.050  -43.153  -15.251 0.8000000119
121816  28.302  -43.262  -15.711 0.8000000119
19576  27.903  -42.772  -15.926 0.8000000119
121274  27.070  -42.815  -16.151 0.8999999762
137073  25.574  -43.010  -16.221 1.0000000000
119920  25.009  -42.554  -16.064 1.0000000000
22112  15.094  -39.285  -13.993 0.8000000119
22954  12.823  -38.489  -13.921 0.5000000000
22956  10.899  -38.149  -13.729 0.4000000060
22089  10.751  -38.732  -13.151 0.2000000030
121811  24.553  -41.573  -15.761 1.0000000000
20429  20.143  -40.660  -14.302 1.0000000000
22082  18.694  -40.304  -14.242 1.0000000000
22084  16.805  -40.254  -13.907 1.0000000000
22090  10.176  -38.606  -13.616 0.1000000015
19577  22.920  -41.947  -15.354 1.0000000000
21299  22.662  -40.990  -14.888 1.0000000000
20445  20.682  -40.734  -14.218 1.0000000000
22081  19.590  -40.375  -14.327 1.0000000000
20443  21.880  -40.633  -14.362 1.0000000000
20397  28.679  -42.210  -10.148 0.3000000119
20409  28.201  -41.553  -10.345 0.2000000030
119335  27.631  -39.938  -10.433 0.1000000015
19502  29.687  -42.586  -10.444 0.5000000000
20396  29.206  -41.563  -10.252 0.3000000119
22917  27.511  -38.952  -10.459 0.1000000015
19501  30.161  -42.281  -10.648 0.4000000060
20408  30.806  -41.687  -11.552 0.4000000060
24682  26.348  -36.619  -9.003 0.1000000015
19531  30.650  -42.343  -12.117 0.4000000060
19543  30.253  -42.775  -13.795 0.6999999881
19556  30.539  -41.988  -13.831 0.6999999881
120273  29.688  -42.881  -14.640 0.8000000119
19557  30.105  -42.107  -14.525 0.6999999881
19574  29.384  -42.257  -15.200 0.8000000119
19575  28.571  -42.490  -15.657 0.8000000119
20457  28.822  -41.497  -15.591 0.8000000119
123643  26.729  -41.890  -16.119 0.8000000119
125049  26.475  -41.181  -16.002 0.8000000119
22978  13.356  -37.862  -14.323 0.6999999881
22979  12.274  -37.682  -14.289 0.3000000119
22980  11.349  -37.636  -14.382 0.3000000119
134941  10.773  -37.833  -14.332 0.1000000015
21296  26.764  -40.476  -15.841 0.8000000119
123642  25.673  -41.613  -16.020 1.0000000000
22110  18.266  -39.548  -14.321 1.0000000000
22111  17.194  -39.237  -14.226 0.8999999762
22975  16.418  -38.486  -14.424 0.8999999762
22977  14.507  -38.306  -14.297 0.8000000119
22981  10.235  -38.199  -14.472 0.1000000015
20459  23.550  -41.316  -15.394 1.0000000000
21298  23.179  -40.417  -14.990 1.0000000000
21279  22.333  -40.148  -14.460 1.0000000000
21281  20.735  -40.191  -14.274 1.0000000000
22109  19.278  -39.773  -14.370 1.0000000000
22973  18.838  -38.971  -14.607 1.0000000000
22128  9.779  -38.772  -15.828 0.1000000015
22105  22.788  -39.570  -14.569 1.0000000000
132112  21.683  -39.974  -14.199 1.0000000000
21280  21.246  -40.318  -14.199 1.0000000000
134424  21.020  -39.650  -14.324 1.0000000000
22108  20.285  -39.894  -14.347 1.0000000000
125022  20.777  -39.093  -14.484 1.0000000000
22061  28.004  -40.091  -10.969 0.2000000030
122718  27.627  -39.424  -11.122 0.1000000015
20395  29.911  -41.762  -10.354 0.3000000119
21234  29.899  -40.958  -10.299 0.3000000119
21235  28.915  -40.711  -10.454 0.3000000119
22924  28.156  -39.285  -11.432 0.2000000030
22925  27.632  -38.666  -11.384 0.1000000015
23822  27.389  -38.001  -10.862 0.1000000015
124658  30.355  -41.160  -10.511 0.3000000119
22059  30.078  -40.078  -10.344 0.3000000119
131683  26.784  -36.799  -9.498 0.1000000015
21243  30.917  -40.980  -10.973 0.4000000060
19542  30.667  -42.224  -13.073 0.5000000000
20428  30.856  -41.503  -13.339 0.6000000238
20441  30.561  -41.263  -14.230 0.6000000238
21277  30.863  -40.355  -14.044 0.5000000000
20442  29.814  -41.389  -15.048 0.8000000119
21293  29.404  -40.608  -15.345 0.8000000119
20458  28.027  -41.153  -15.838 0.8000000119
21295  27.658  -40.516  -15.801 0.8000000119
23894  12.101  -36.847  -15.345 0.1000000015
23006  11.053  -37.810  -15.624 0.1000000015
21297  25.899  -40.712  -15.846 0.8000000119
23872  15.865  -37.801  -14.688 0.8999999762
123827  25.003  -40.794  -15.713 1.0000000000
124639  24.522  -40.131  -15.438 1.0000000000
22127  23.726  -39.826  -15.109 0.8999999762
22972  19.841  -39.104  -14.597 1.0000000000
22974  17.860  -38.730  -14.560 1.0000000000
23874  14.116  -37.425  -14.609 0.6999999881
122820  22.424  -38.778  -14.364 1.0000000000
22106  21.978  -39.445  -14.245 1.0000000000
124740  21.439  -39.011  -14.387 1.0000000000
123030  21.218  -38.225  -14.636 1.0000000000
22923  29.190  -38.739  -10.912 0.1000000015
23832  27.726  -37.701  -11.485 0.1000000015
21233  30.520  -40.490  -10.512 0.3000000119
126260  30.408  -38.844  -10.389 0.2000000030
22932  29.036  -37.941  -11.272 0.1000000015
24712  27.680  -36.855  -11.152 0.1000000015
137095  27.458  -37.435  -11.032 0.1000000015
24697  27.222  -36.246  -10.381 0.1000000015
21232  31.039  -40.243  -10.809 0.3000000119
22922  31.278  -38.887  -10.651 0.3000000119
23819  30.679  -37.759  -10.262 0.3000000119
24711  28.343  -36.535  -11.364 0.1000000015
25557  27.860  -35.808  -10.998 0.1000000015
25550  27.366  -35.337  -10.195 0.1000000015
21242  31.291  -40.389  -11.476 0.3000000119
22070  31.540  -39.834  -12.082 0.3000000119
20420  31.170  -40.972  -12.772 0.3000000119
21278  30.219  -40.526  -14.820 0.8000000119
22104  29.843  -39.807  -15.174 0.8000000119
21294  28.510  -40.559  -15.659 0.8000000119
131855  27.905  -38.930  -15.605 0.8000000119
22125  27.253  -39.238  -15.649 0.8000000119
130564  26.070  -40.078  -15.722 0.8000000119
124636  25.286  -40.068  -15.607 0.8000000119
122720  18.911  -37.738  -15.302 0.8999999762
22994  17.516  -38.023  -14.949 0.8999999762
126984  17.109  -38.441  -14.551 0.8999999762
23890  16.188  -37.294  -15.208 0.8000000119
124967  25.665  -39.387  -15.554 0.8000000119
121240  24.528  -39.289  -15.312 1.0000000000
22990  24.104  -38.280  -14.980 0.8000000119
22991  23.390  -38.930  -14.768 0.8999999762
22992  19.349  -38.339  -14.958 1.0000000000
23891  15.307  -37.126  -15.009 0.8000000119
22969  23.016  -37.982  -14.418 0.8999999762
22970  22.212  -38.103  -14.381 1.0000000000
22971  21.816  -38.852  -14.328 1.0000000000
124662  21.836  -38.197  -14.436 1.0000000000
23871  20.315  -38.302  -14.868 1.0000000000
24709  30.371  -36.935  -10.215 0.1000000015
23811  31.097  -37.160  -10.178 0.1000000015
22931  31.713  -38.873  -11.730 0.3000000119
113932  31.691  -38.067  -10.960 0.3000000119
22079  31.653  -39.250  -12.870 0.3000000119
127031  31.371  -40.212  -13.077 0.4000000060
22941  31.805  -38.346  -12.725 0.2000000030
22080  31.176  -39.502  -13.798 0.4000000060
22953  31.400  -38.545  -13.612 0.4000000060
126864  30.142  -39.049  -14.971 0.5000000000
22968  30.298  -38.294  -14.801 0.6000000238
126554  28.642  -39.030  -15.533 0.6999999881
22986  28.228  -38.201  -15.522 0.6999999881
22987  27.293  -38.408  -15.560 0.6999999881
23884  27.432  -37.569  -15.471 0.8000000119
23885  26.504  -37.739  -15.450 0.8000000119
23886  24.844  -37.674  -15.152 0.8000000119
23889  17.072  -37.399  -15.384 0.8000000119
114869  23.036  -37.072  -14.371 0.8999999762
23868  22.190  -37.442  -14.450 0.8999999762
23869  21.715  -37.297  -14.626 0.8999999762
23887  19.725  -37.582  -15.261 0.8999999762
24774  12.589  -36.279  -15.864 0.1000000015
24722  31.968  -36.719  -10.890 0.2000000030
23843  32.143  -37.012  -12.185 0.2000000030
116943  31.637  -37.889  -13.291 0.3000000119
22967  30.890  -38.056  -14.245 0.4000000060
136461  29.770  -38.520  -15.174 0.6000000238
22985  29.136  -38.376  -15.392 0.6000000238
23882  28.874  -37.631  -15.376 0.6000000238
23883  28.173  -37.424  -15.434 0.8000000119
23888  18.102  -37.444  -15.515 0.8999999762
24771  15.598  -36.678  -15.676 0.8000000119
24772  14.480  -36.444  -15.446 0.6000000238
127872  14.565  -37.040  -14.864 0.6000000238
24764  26.709  -36.863  -15.336 0.6999999881
127442  25.695  -37.927  -15.389 0.6999999881
24765  25.628  -37.057  -15.230 0.8000000119
132373  22.200  -36.743  -14.512 0.8999999762
24758  21.389  -36.432  -14.925 0.8999999762
24769  17.445  -36.822  -15.946 0.8000000119
24770  16.546  -36.811  -15.835 0.6999999881
24779  14.944  -36.033  -16.256 0.4000000060
24773  13.334  -36.095  -15.566 0.4000000060
23865  24.633  -36.958  -14.920 0.8000000119
24754  23.826  -36.481  -14.544 0.8000000119
121083  22.759  -36.017  -14.426 0.8999999762
23870  20.746  -37.288  -15.057 0.8999999762
24768  18.342  -36.624  -16.017 0.8000000119
24776  18.446  -35.998  -16.310 0.6999999881
123647  16.914  -36.273  -16.389 0.6000000238
24778  15.981  -36.257  -16.334 0.5000000000
24780  13.820  -35.721  -16.187 0.3000000119
25596  18.056  -35.433  -16.523 0.5000000000
25597  17.166  -35.571  -16.719 0.5000000000
25564  32.314  -35.546  -12.224 0.1000000015
24742  31.593  -36.383  -13.453 0.2000000030
120867  31.641  -35.031  -13.334 0.2000000030
25577  30.636  -35.373  -14.198 0.2000000030
24748  30.571  -36.729  -14.430 0.2000000030
133466  30.773  -36.076  -14.221 0.3000000119
132410  29.385  -35.593  -14.702 0.4000000060
24749  29.891  -36.908  -14.865 0.6000000238
118635  29.155  -36.314  -14.975 0.4000000060
25579  28.564  -35.507  -14.816 0.4000000060
24762  28.562  -36.903  -15.285 0.4000000060
24750  28.068  -36.131  -15.116 0.4000000060
24751  27.069  -36.047  -15.159 0.6000000238
25581  26.473  -35.202  -14.764 0.6000000238
24752  26.040  -36.123  -15.044 0.6999999881
24757  21.821  -36.100  -14.734 0.8999999762
24766  20.621  -36.397  -15.287 0.8999999762
24753  24.952  -36.243  -14.842 0.8000000119
25583  24.251  -35.582  -14.520 0.8000000119
25584  23.329  -35.810  -14.398 0.8000000119
134969  23.009  -35.447  -14.389 0.8000000119
24767  19.910  -36.735  -15.512 0.8999999762
25590  20.114  -35.894  -15.631 0.6999999881
25591  19.223  -36.161  -16.013 0.6999999881
25594  19.601  -35.176  -16.021 0.5000000000
25595  18.822  -35.481  -16.290 0.5000000000
126707  16.361  -35.784  -16.724 0.4000000060
25599  14.289  -35.326  -16.883 0.2000000030
26508  17.457  -34.611  -16.830 0.3000000119
130415  32.117  -34.062  -12.574 0.2000000030
27333  31.424  -33.375  -13.339 0.2000000030
27341  30.400  -33.804  -14.059 0.2000000030
26494  29.551  -34.219  -14.386 0.2000000030
126332  29.016  -34.892  -14.601 0.3000000119
27342  28.803  -33.497  -14.385 0.2000000030
26495  28.509  -34.141  -14.484 0.3000000119
27343  28.089  -33.540  -14.422 0.3000000119
123656  27.170  -34.578  -14.611 0.5000000000
117420  26.850  -33.788  -14.466 0.5000000000
124643  25.649  -34.530  -14.525 0.6000000238
26498  24.660  -34.730  -14.441 0.6999999881
129965  23.522  -34.453  -14.379 0.8000000119
26499  22.657  -34.870  -14.506 0.8000000119
25586  22.190  -35.441  -14.631 0.6999999881
25587  21.549  -35.613  -14.926 0.8000000119
124242  20.377  -35.257  -15.592 0.6999999881
27347  22.616  -34.099  -14.565 0.8000000119
26500  22.145  -34.711  -14.711 0.6000000238
26503  21.002  -34.996  -15.301 0.6999999881
26506  19.466  -34.257  -16.172 0.4000000060
26507  18.641  -34.662  -16.427 0.3000000119
25598  15.434  -35.559  -16.829 0.5000000000
120534  18.788  -33.862  -16.408 0.3000000119
131324  16.255  -34.936  -17.135 0.3000000119
26509  16.526  -33.961  -17.197 0.3000000119
27334  30.869  -33.147  -13.699 0.2000000030
124705  29.607  -33.480  -14.266 0.2000000030
28276  30.527  -32.307  -13.757 0.2000000030
27335  27.331  -32.661  -14.347 0.3000000119
27336  26.559  -33.013  -14.365 0.5000000000
26497  25.041  -33.946  -14.380 0.5000000000
27339  23.735  -33.875  -14.319 0.5000000000
27348  21.963  -34.142  -14.874 0.5000000000
27352  20.807  -34.188  -15.521 0.4000000060
26504  20.233  -34.613  -15.762 0.4000000060
27355  19.255  -33.428  -16.303 0.3000000119
27358  16.587  -32.926  -17.112 0.3000000119
26516  15.643  -34.102  -17.433 0.2000000030
27356  18.420  -33.166  -16.462 0.3000000119
121102  17.272  -33.657  -16.883 0.3000000119
29188  30.822  -31.511  -13.347 0.2000000030
28277  29.516  -32.218  -14.082 0.2000000030
28287  28.135  -32.844  -14.332 0.2000000030
28279  27.799  -32.033  -14.258 0.3000000119
117711  18.868  -32.615  -16.393 0.3000000119
27357  17.567  -32.983  -16.700 0.3000000119
3696  6.943  -67.513  -20.020 1.0000000000
5253  7.030  -65.015  -20.933 1.0000000000
4702  6.826  -65.834  -21.014 1.0000000000
4193  6.741  -66.282  -19.395 1.0000000000
4701  7.493  -65.545  -21.463 1.0000000000
3186  7.161  -68.228  -18.145 0.8999999762
5252  7.734  -64.860  -21.239 1.0000000000
4676  6.636  -65.320  -19.498 1.0000000000
128221  9.724  -62.064  -18.625 1.0000000000
112746  11.306  -62.052  -17.675 1.0000000000
112066  9.631  -61.397  -18.036 1.0000000000
113230  8.861  -60.354  -17.596 0.8999999762
6653  6.649  -61.705  -18.593 0.8999999762
113320  9.339  -59.609  -16.445 0.8999999762
128535  11.733  -60.640  -16.068 1.0000000000
12701  5.210  -51.484  -18.151 0.6000000238
136956  4.804  -56.187  -18.202 1.0000000000
9950  4.548  -55.641  -18.658 1.0000000000
129308  4.390  -53.773  -17.985 0.8999999762
8760  6.194  -56.305  -16.959 1.0000000000
122248  4.421  -52.692  -18.106 0.8000000119
11206  4.754  -53.734  -16.115 0.8999999762
127782  13.332  -37.053  -14.708 0.5000000000
23898  11.724  -37.269  -15.650 0.1000000015
22997  10.280  -38.253  -15.377 0.1000000015
23875  12.569  -37.091  -14.754 0.3000000119
23005  11.726  -37.665  -16.278 0.1000000015
23897  12.122  -36.869  -16.307 0.1000000015
23877  11.407  -37.310  -15.084 0.1000000015
23892  13.783  -36.692  -14.980 0.3000000119
23893  12.877  -36.543  -15.145 0.3000000119
114230  11.323  -38.306  -16.243 0.1000000015
130642  14.866  -80.727  -19.574 0.8999999762
34  17.277  -81.844  -17.745 0.8999999762
42  16.135  -81.703  -18.240 0.8999999762
152  14.002  -79.204  -10.921 0.8000000119
55  17.046  -81.439  -20.599 0.6999999881
220  15.136  -79.371  -22.540 0.8999999762
83  14.285  -80.528  -12.708 0.8999999762
628  13.076  -74.772  -9.671 0.8000000119
194  14.692  -79.998  -17.191 0.8999999762
122676  14.745  -79.907  -18.089 0.8999999762
113534  14.821  -79.721  -20.968 0.8999999762
57  15.000  -80.907  -20.238 0.8999999762
336  15.957  -78.646  -22.992 0.8999999762
340  15.899  -78.253  -24.493 0.8999999762
451  16.174  -77.575  -24.545 0.8999999762
569  15.913  -76.907  -25.574 0.8999999762
586  15.919  -76.209  -28.440 1.0000000000
592  15.980  -75.858  -29.223 1.0000000000
1294  14.918  -72.868  -27.466 1.0000000000
130248  13.257  -76.351  -11.789 0.8000000119
1285  16.096  -73.506  -26.362 1.0000000000
2011  17.130  -71.794  -26.228 1.0000000000
372  17.965  -77.930  -29.363 0.8999999762
665  12.727  -75.477  -13.205 0.8000000119
902  11.622  -74.303  -14.917 0.8000000119
1166  11.345  -73.876  -13.896 0.6999999881
895  11.609  -74.193  -12.974 0.8000000119
904  12.069  -74.920  -15.664 0.8999999762
1888  8.755  -71.309  -15.250 0.6000000238
2713  7.706  -69.587  -20.031 1.0000000000
2385  15.723  -70.693  -27.949 1.0000000000
2800  16.444  -69.247  -28.456 1.0000000000
2023  15.261  -71.430  -27.927 1.0000000000
131813  17.437  -75.764  -30.755 0.6999999881
2822  16.209  -68.846  -29.232 1.0000000000
767  17.151  -75.070  -30.954 0.8000000119
1656  15.846  -72.277  -31.105 0.8999999762
676  12.482  -75.434  -16.326 1.0000000000
537  13.627  -76.582  -18.506 1.0000000000
3217  7.321  -67.633  -21.216 1.0000000000
3690  6.861  -66.850  -18.439 1.0000000000
423  19.357  -77.550  -18.066 1.0000000000
5391  6.136  -63.719  -34.106 0.6999999881
2854  15.209  -68.758  -33.028 1.0000000000
2438  15.294  -70.326  -32.840 1.0000000000
1348  19.107  -73.099  -34.034 0.8999999762
4197  10.185  -66.802  -20.527 1.0000000000
118508  18.547  -68.297  -27.234 1.0000000000
4391  10.982  -65.963  -36.149 0.6999999881
3822  16.845  -67.713  -31.179 1.0000000000
3835  16.660  -67.692  -32.249 1.0000000000
130675  7.476  -63.587  -20.273 1.0000000000
6268  4.550  -62.366  -28.743 1.0000000000
3877  13.192  -67.917  -34.166 1.0000000000
4925  12.033  -65.360  -36.319 0.6999999881
3821  17.733  -67.616  -30.702 1.0000000000
1059  19.885  -74.346  -33.675 0.6999999881
2066  18.709  -71.656  -34.622 0.8999999762
112816  11.602  -64.384  -19.334 1.0000000000
4354  13.746  -67.038  -33.438 1.0000000000
5428  14.166  -65.269  -37.116 0.6999999881
2873  19.701  -69.890  -35.661 0.8000000119
128261  13.470  -65.873  -18.120 1.0000000000
112508  12.743  -65.687  -18.462 1.0000000000
112907  8.740  -61.623  -18.675 1.0000000000
128427  8.938  -62.367  -19.287 1.0000000000
3686  12.951  -67.675  -18.236 1.0000000000
3315  7.031  -69.099  -29.202 1.0000000000
6739  4.605  -61.575  -27.147 1.0000000000
9511  5.848  -56.527  -29.535 0.5000000000
3784  19.616  -67.318  -27.927 1.0000000000
4361  15.314  -66.478  -34.959 1.0000000000
4386  15.248  -66.367  -36.512 0.8999999762
4922  14.730  -65.983  -37.006 0.8000000119
5444  15.263  -64.457  -37.491 0.6999999881
3831  21.598  -67.690  -31.498 1.0000000000
2069  20.227  -71.773  -35.696 0.8000000119
3384  20.563  -68.698  -36.282 0.8999999762
3189  14.329  -68.572  -18.956 1.0000000000
3183  13.877  -68.837  -18.608 1.0000000000
2414  9.538  -70.964  -29.329 1.0000000000
3296  7.371  -69.001  -28.276 1.0000000000
118534  14.821  -65.348  -30.226 1.0000000000
4825  15.275  -65.148  -31.522 1.0000000000
123180  20.233  -66.561  -26.823 1.0000000000
4865  15.637  -65.670  -33.410 1.0000000000
4864  16.396  -65.454  -33.363 1.0000000000
132560  21.469  -67.206  -30.853 1.0000000000
4920  16.477  -65.597  -37.022 0.8999999762
4902  16.966  -65.712  -36.310 1.0000000000
4921  15.585  -65.873  -37.060 0.8000000119
5426  15.902  -65.163  -37.337 0.8000000119
5443  16.129  -64.279  -37.530 0.6999999881
5911  15.463  -63.532  -37.532 0.6999999881
5442  17.644  -64.633  -37.428 0.8000000119
122737  16.974  -64.013  -37.546 0.6999999881
134638  21.710  -66.046  -30.943 1.0000000000
3849  22.737  -67.250  -32.663 1.0000000000
3394  21.180  -68.439  -37.027 0.8999999762
128137  12.264  -62.955  -18.085 1.0000000000
112044  10.468  -61.864  -17.961 1.0000000000
111990  15.563  -66.410  -19.269 1.0000000000
3692  14.962  -66.867  -19.504 1.0000000000
3712  14.168  -67.196  -21.133 1.0000000000
4206  14.072  -66.621  -21.870 1.0000000000
3274  7.520  -68.296  -27.585 1.0000000000
3802  13.609  -67.627  -28.464 1.0000000000
4787  15.953  -65.114  -28.846 1.0000000000
8298  4.392  -58.350  -25.420 1.0000000000
5342  17.078  -64.471  -29.511 1.0000000000
133360  18.062  -64.498  -30.448 1.0000000000
4863  17.277  -65.361  -33.374 1.0000000000
4883  17.762  -65.438  -34.237 1.0000000000
4901  17.890  -65.539  -36.072 1.0000000000
4859  22.357  -66.219  -32.606 1.0000000000
4858  22.546  -66.002  -33.345 1.0000000000
2467  21.533  -69.948  -37.411 0.6999999881
3393  21.950  -68.279  -37.733 0.6999999881
4399  22.881  -66.658  -38.006 0.6000000238
1546  15.185  -73.846  -20.766 1.0000000000
2377  9.156  -70.973  -26.530 1.0000000000
5330  16.725  -64.716  -28.777 1.0000000000
5362  18.593  -64.684  -30.965 1.0000000000
4861  19.365  -65.356  -33.615 1.0000000000
126133  18.240  -65.519  -35.083 1.0000000000
4882  18.700  -65.415  -34.264 1.0000000000
124522  18.989  -64.461  -29.498 1.0000000000
4843  19.729  -65.199  -32.200 1.0000000000
4879  21.975  -65.433  -34.192 1.0000000000
4880  20.186  -65.372  -33.834 1.0000000000
6855  19.557  -61.095  -36.980 0.2000000030
4896  24.514  -65.350  -35.835 0.6000000238
2886  22.168  -69.269  -37.848 0.4000000060
128294  13.787  -62.741  -17.359 1.0000000000
112785  17.049  -64.628  -20.404 1.0000000000
113209  15.316  -65.302  -21.586 1.0000000000
137047  14.956  -65.054  -22.234 1.0000000000
2786  13.595  -69.497  -27.019 1.0000000000
4772  16.493  -65.931  -26.541 1.0000000000
8836  4.338  -57.813  -24.952 0.8999999762
116260  18.060  -64.387  -29.661 1.0000000000
4822  19.188  -64.946  -31.572 1.0000000000
4916  20.448  -65.161  -36.367 1.0000000000
5895  22.101  -63.436  -36.674 0.6999999881
6364  21.134  -61.892  -37.264 0.6999999881
6363  21.695  -62.732  -37.176 0.6999999881
6854  20.464  -61.349  -36.816 0.5000000000
127335  18.969  -60.848  -36.116 0.2000000030
4895  24.870  -64.749  -35.827 0.6000000238
112054  10.629  -60.870  -16.751 1.0000000000
127519  10.945  -61.458  -17.249 1.0000000000
112870  16.716  -64.206  -21.180 1.0000000000
112011  17.791  -62.982  -20.803 1.0000000000
1965  14.653  -72.516  -21.983 1.0000000000
128600  15.455  -63.677  -22.269 1.0000000000
129023  14.792  -63.265  -22.485 1.0000000000
126719  11.392  -72.157  -25.605 1.0000000000
2375  13.852  -70.312  -26.514 1.0000000000
3772  15.386  -67.229  -26.434 1.0000000000
6837  21.445  -61.706  -35.899 0.3000000119
112015  18.640  -63.847  -18.840 1.0000000000
113239  9.529  -60.831  -17.473 1.0000000000
128441  15.952  -63.117  -21.964 1.0000000000
128023  15.319  -61.582  -20.934 1.0000000000
128335  13.902  -62.118  -21.817 1.0000000000
128089  10.137  -63.062  -22.861 1.0000000000
2362  13.503  -71.427  -26.470 1.0000000000
8818  4.439  -57.325  -23.002 1.0000000000
128097  14.327  -60.857  -19.846 1.0000000000
112024  13.036  -61.818  -21.532 1.0000000000
112072  12.286  -61.587  -21.268 1.0000000000
1606  12.880  -72.636  -25.361 1.0000000000
116181  4.195  -55.153  -21.827 0.8999999762
9389  4.358  -56.198  -21.756 1.0000000000
10609  4.157  -53.522  -21.365 0.6000000238
129425  16.370  -61.619  -15.108 1.0000000000
112051  18.278  -62.895  -16.489 1.0000000000
128453  19.417  -62.747  -17.210 1.0000000000
112056  9.059  -58.911  -15.880 0.8999999762
112021  16.070  -60.857  -19.744 1.0000000000
112678  12.969  -60.777  -20.018 1.0000000000
132087  11.084  -61.025  -20.843 1.0000000000
3752  11.394  -67.606  -24.660 1.0000000000
119523  4.287  -54.849  -20.138 0.8999999762
112829  20.124  -61.176  -18.200 1.0000000000
128506  19.987  -62.201  -18.180 1.0000000000
128891  18.116  -60.449  -18.834 1.0000000000
128440  10.845  -59.721  -15.626 0.8999999762
128889  16.890  -60.269  -18.757 1.0000000000
112855  8.258  -57.733  -14.629 1.0000000000
113038  8.476  -59.121  -16.633 0.8999999762
113174  7.514  -58.633  -16.935 0.8999999762
128314  15.783  -60.332  -18.801 1.0000000000
128539  14.834  -60.269  -18.689 1.0000000000
128358  12.633  -60.274  -19.399 1.0000000000
117245  4.263  -53.806  -18.993 0.8999999762
128129  20.211  -58.875  -16.160 1.0000000000
128892  18.338  -59.377  -17.655 1.0000000000
128106  16.874  -58.625  -16.940 1.0000000000
127977  17.572  -59.815  -18.180 1.0000000000
112648  15.106  -59.857  -18.096 1.0000000000
128158  12.057  -59.760  -19.030 1.0000000000
128356  11.267  -59.508  -18.924 1.0000000000
112716  11.251  -59.070  -18.148 1.0000000000
112748  9.341  -58.841  -18.633 1.0000000000
10592  4.363  -54.818  -19.261 0.8999999762
112050  17.847  -60.799  -14.047 1.0000000000
132668  14.710  -60.272  -14.048 1.0000000000
128422  20.329  -58.184  -14.158 1.0000000000
128091  20.511  -59.526  -15.311 1.0000000000
112711  20.228  -60.077  -14.294 1.0000000000
127945  19.635  -57.673  -15.344 1.0000000000
112094  17.993  -57.753  -16.175 1.0000000000
128049  16.758  -57.939  -16.382 1.0000000000
128312  15.998  -58.403  -16.744 1.0000000000
128313  14.725  -58.897  -16.980 1.0000000000
128655  8.210  -57.068  -13.485 0.8000000119
112793  15.841  -57.876  -16.299 1.0000000000
112769  14.443  -59.417  -17.573 1.0000000000
128032  12.901  -58.887  -17.197 1.0000000000
129104  11.999  -59.016  -17.665 1.0000000000
128432  11.210  -58.561  -17.533 1.0000000000
9343  5.585  -56.908  -17.616 1.0000000000
113045  6.272  -56.858  -17.375 1.0000000000
9943  4.748  -55.580  -17.895 0.8999999762
10559  4.580  -54.040  -16.879 0.8999999762
7613  16.114  -60.001  -10.826 1.0000000000
130896  14.014  -58.134  -10.901 1.0000000000
9287  7.893  -56.138  -11.815 0.8999999762
128203  7.745  -56.312  -16.741 1.0000000000
115062  5.571  -55.460  -16.498 1.0000000000
9935  5.179  -55.643  -17.155 0.8999999762
7593  15.922  -59.921  -9.174 1.0000000000
8702  17.680  -57.104  -8.235 1.0000000000
9235  17.566  -57.224  -7.031 1.0000000000
112084  11.397  -55.615  -14.359 1.0000000000
8149  16.042  -58.531  -6.323 1.0000000000
8675  16.358  -57.943  -5.966 1.0000000000
9234  17.656  -56.885  -6.539 1.0000000000
9853  17.550  -56.035  -8.275 1.0000000000
9910  7.742  -55.040  -14.994 1.0000000000
10551  5.608  -54.493  -15.295 0.8999999762
9203  13.661  -56.487  -4.179 1.0000000000
9216  12.872  -56.774  -5.388 1.0000000000
9824  17.691  -55.861  -5.312 1.0000000000
9832  19.340  -55.263  -6.516 1.0000000000
10543  5.926  -54.437  -14.530 1.0000000000
10510  7.781  -54.268  -13.503 1.0000000000
10509  8.749  -54.237  -13.295 1.0000000000
11910  4.658  -52.328  -15.219 0.8000000119
10524  11.761  -54.671  -13.083 1.0000000000
10525  11.087  -54.711  -13.279 1.0000000000
11160  5.848  -53.424  -12.576 1.0000000000
11780  18.667  -52.580  -6.450 1.0000000000
11778  20.030  -52.924  -6.926 1.0000000000
10429  18.314  -54.507  -5.549 1.0000000000
133470  21.461  -53.653  -8.211 1.0000000000
11155  10.999  -53.968  -12.066 1.0000000000
11156  10.100  -53.888  -12.246 1.0000000000
11140  9.613  -53.410  -11.693 1.0000000000
11870  6.104  -53.069  -11.870 0.8999999762
11850  7.277  -52.707  -11.296 0.8999999762
13293  4.760  -50.385  -11.584 0.6999999881
12534  18.417  -51.739  -6.796 1.0000000000
10471  21.892  -54.294  -9.579 1.0000000000
11824  20.164  -53.000  -10.495 1.0000000000
12634  13.929  -52.012  -12.184 1.0000000000
11153  12.649  -53.634  -12.267 1.0000000000
11832  6.862  -52.252  -10.912 0.8000000119
12601  5.742  -51.356  -10.560 0.6999999881
136510  17.790  -52.018  -6.567 1.0000000000
122458  19.186  -51.739  -6.956 1.0000000000
116833  16.695  -50.803  -7.031 1.0000000000
13202  11.204  -50.365  -5.212 0.8999999762
11841  20.572  -52.687  -11.210 1.0000000000
12593  13.429  -51.344  -10.619 1.0000000000
13261  5.945  -50.230  -9.547 0.8999999762
11823  23.752  -53.019  -10.271 1.0000000000
126808  19.531  -50.846  -12.059 1.0000000000
14678  5.381  -48.589  -9.021 0.8000000119
13926  19.514  -49.409  -7.490 1.0000000000
13234  18.997  -50.121  -7.282 1.0000000000
13236  17.158  -50.082  -7.214 1.0000000000
13946  22.754  -49.452  -9.148 1.0000000000
12589  24.557  -51.521  -10.490 1.0000000000
11838  25.336  -52.409  -11.968 1.0000000000
15464  12.445  -47.469  -11.472 1.0000000000
15446  11.198  -47.643  -10.391 1.0000000000
15422  6.321  -47.573  -8.537 0.8000000119
122191  7.485  -46.018  -8.768 0.6999999881
16910  5.859  -45.154  -8.425 0.6000000238
14676  7.179  -49.091  -8.867 0.8000000119
15402  19.866  -48.097  -8.006 1.0000000000
14692  22.284  -48.368  -10.580 1.0000000000
14591  6.736  -48.218  -2.564 0.2000000030
12588  25.172  -51.048  -10.917 1.0000000000
117247  25.312  -50.239  -10.494 1.0000000000
11859  25.425  -52.823  -12.834 1.0000000000
11882  22.728  -52.756  -13.722 1.0000000000
12671  22.886  -51.139  -14.830 1.0000000000
13330  21.352  -50.319  -14.718 1.0000000000
15463  13.200  -47.686  -11.757 1.0000000000
16218  10.761  -46.026  -11.204 1.0000000000
15447  10.415  -47.633  -9.899 0.8999999762
15477  13.444  -47.335  -12.583 1.0000000000
16229  11.710  -46.061  -12.317 1.0000000000
133815  9.016  -47.021  -9.395 0.8999999762
119098  21.178  -48.116  -10.826 0.8999999762
15419  19.335  -47.420  -8.459 1.0000000000
13968  25.331  -49.413  -10.158 0.8999999762
13284  26.282  -50.047  -11.683 0.8999999762
17767  10.758  -44.408  -11.367 0.8999999762
17749  10.225  -44.702  -10.803 0.8000000119
16933  9.688  -45.060  -10.269 0.8000000119
130677  9.268  -46.244  -9.706 0.8000000119
17733  8.475  -44.027  -9.086 0.6000000238
18590  9.120  -43.446  -9.340 0.6000000238
18583  7.646  -43.692  -8.717 0.5000000000
17732  9.127  -44.522  -9.677 0.6999999881
17720  7.984  -44.465  -8.847 0.6999999881
16181  19.443  -47.129  -10.650 1.0000000000
123508  18.668  -45.969  -9.943 0.8999999762
13982  26.413  -49.298  -11.281 0.8999999762
14008  26.939  -49.897  -13.172 0.8999999762
14760  18.802  -47.777  -15.052 1.0000000000
16971  12.059  -45.629  -13.086 1.0000000000
18635  11.288  -44.081  -11.946 1.0000000000
18609  10.386  -43.692  -10.617 0.8000000119
19526  11.056  -42.990  -10.627 0.8000000119
15461  22.605  -47.069  -12.602 0.8000000119
15441  25.351  -47.750  -9.983 0.8999999762
134613  26.933  -47.127  -10.128 0.8999999762
14027  26.098  -49.615  -15.457 0.8999999762
130199  26.680  -49.570  -15.048 0.8999999762
17783  13.071  -44.495  -13.766 1.0000000000
19525  11.923  -42.504  -10.552 0.8000000119
20381  10.399  -41.120  -9.253 0.6000000238
17748  20.160  -44.912  -11.407 0.5000000000
16226  24.925  -44.958  -12.892 0.6999999881
16916  17.638  -44.767  -9.233 0.6000000238
15440  26.177  -47.233  -9.958 0.8999999762
15474  28.247  -47.018  -12.130 0.8999999762
14729  27.576  -48.409  -13.211 0.8999999762
14751  27.062  -48.205  -15.132 0.8999999762
19524  12.973  -42.451  -10.694 0.8000000119
19509  11.858  -41.789  -9.527 0.8000000119
19535  13.958  -42.890  -12.039 1.0000000000
16951  22.924  -45.179  -12.727 0.6999999881
136094  25.960  -45.376  -9.931 0.6000000238
16949  25.461  -45.158  -10.642 0.8000000119
16960  25.394  -44.944  -12.072 0.8000000119
16950  24.291  -44.565  -12.830 0.6999999881
17730  19.638  -44.576  -10.509 0.6000000238
17729  20.655  -44.194  -10.396 0.5000000000
16225  28.670  -46.464  -12.632 0.8999999762
134668  25.469  -47.219  -15.904 0.8999999762
19507  13.486  -42.007  -10.143 0.8000000119
20401  11.389  -41.152  -9.415 0.6000000238
20400  12.414  -41.213  -9.567 0.6999999881
20414  13.933  -41.706  -10.228 1.0000000000
18631  25.421  -44.522  -10.006 0.5000000000
17766  24.584  -43.909  -11.890 0.6000000238
17765  24.768  -44.081  -10.752 0.5000000000
119066  24.076  -44.112  -11.035 0.3000000119
17745  23.460  -44.426  -10.357 0.5000000000
17727  22.947  -44.395  -9.573 0.3000000119
123419  21.009  -43.783  -9.481 0.4000000060
120025  28.094  -45.333  -10.054 0.6999999881
16250  26.512  -46.473  -15.822 0.8999999762
16986  26.918  -45.621  -15.901 0.8999999762
20413  14.682  -41.525  -10.646 1.0000000000
18621  26.833  -43.761  -9.680 0.4000000060
18623  25.184  -44.353  -9.922 0.4000000060
18608  24.996  -44.277  -9.777 0.2000000030
17725  24.652  -44.336  -9.348 0.2000000030
124826  29.742  -44.354  -11.733 0.6999999881
131147  28.259  -45.927  -14.984 0.8999999762
19504  28.245  -42.910  -10.011 0.3000000119
19483  26.003  -42.974  -8.973 0.2000000030
18574  25.531  -43.375  -8.501 0.2000000030
19469  26.186  -41.989  -8.147 0.1000000015
17789  28.793  -44.577  -15.026 0.8999999762
18680  23.568  -44.017  -15.856 1.0000000000
22086  14.787  -40.082  -13.394 0.8999999762
22083  17.732  -40.199  -14.104 1.0000000000
20411  27.205  -42.365  -9.820 0.3000000119
20380  26.755  -41.959  -9.339 0.2000000030
20398  26.925  -42.158  -9.636 0.3000000119
18602  30.095  -42.962  -10.862 0.4000000060
133607  27.675  -43.306  -15.989 0.8999999762
22087  12.836  -39.290  -13.162 0.5000000000
127705  16.161  -39.312  -14.102 1.0000000000
22955  11.937  -38.261  -13.703 0.4000000060
22911  27.573  -38.617  -7.932 0.1000000015
19519  30.473  -42.363  -11.212 0.4000000060
23790  27.014  -37.206  -8.367 0.1000000015
24681  27.213  -37.391  -9.206 0.1000000015
126403  27.793  -41.976  -15.944 0.8000000119
119921  26.032  -42.558  -16.199 0.8999999762
22976  15.519  -38.451  -14.340 0.8000000119
23812  27.407  -38.016  -9.683 0.1000000015
20407  31.170  -41.050  -11.894 0.5000000000
23876  11.857  -37.220  -14.789 0.2000000030
22996  10.768  -37.711  -14.871 0.1000000015
23873  15.005  -37.670  -14.596 0.8000000119
22060  29.188  -39.685  -10.644 0.2000000030
22933  28.239  -38.351  -11.621 0.1000000015
123439  27.228  -37.188  -10.341 0.1000000015
22124  28.046  -39.723  -15.675 0.8000000119
22995  16.687  -37.893  -14.822 0.8000000119
23831  28.330  -37.440  -11.601 0.1000000015
22058  30.779  -39.688  -10.532 0.3000000119
23820  29.965  -37.916  -10.388 0.1000000015
116489  31.130  -37.999  -10.383 0.3000000119
22103  30.524  -39.688  -14.574 0.6000000238
126987  29.450  -39.104  -15.333 0.6999999881
22988  26.313  -38.698  -15.543 0.8000000119
22989  25.179  -38.527  -15.372 0.8000000119
23866  23.852  -37.381  -14.690 0.8000000119
24710  29.435  -36.241  -10.637 0.1000000015
25549  28.198  -34.799  -10.595 0.1000000015
23830  32.004  -37.247  -11.316 0.2000000030
122685  31.913  -37.514  -12.784 0.4000000060
22966  31.318  -37.801  -13.763 0.4000000060
23863  30.411  -37.507  -14.637 0.6000000238
24763  27.645  -36.792  -15.339 0.6999999881
119913  22.535  -36.760  -14.435 0.8999999762
24721  32.249  -36.340  -11.596 0.2000000030
24735  31.955  -36.700  -12.928 0.2000000030
23854  31.561  -37.173  -13.508 0.3000000119
23862  31.022  -37.306  -14.134 0.3000000119
114753  19.060  -37.061  -15.668 0.8999999762
24756  22.399  -36.113  -14.517 0.8000000119
24781  12.979  -35.781  -16.424 0.2000000030
26481  32.429  -34.580  -11.926 0.1000000015
26482  32.067  -34.850  -12.757 0.2000000030
25570  31.295  -35.698  -13.750 0.2000000030
26488  31.667  -34.151  -13.215 0.1000000015
25571  31.120  -34.712  -13.782 0.2000000030
125137  30.082  -36.023  -14.591 0.3000000119
26493  30.446  -34.585  -14.180 0.3000000119
129469  31.096  -33.903  -13.698 0.2000000030
25578  29.897  -35.125  -14.485 0.2000000030
25580  27.556  -35.364  -14.845 0.5000000000
25582  25.344  -35.387  -14.685 0.6999999881
25589  20.853  -35.737  -15.279 0.8000000119
25572  23.643  -34.986  -14.383 0.8000000119
124185  28.065  -34.742  -14.637 0.3000000119
125438  27.675  -34.006  -14.489 0.4000000060
27344  27.422  -33.274  -14.399 0.3000000119
27345  25.926  -33.663  -14.414 0.5000000000
26489  24.192  -34.119  -14.301 0.6999999881
25605  14.807  -34.626  -17.437 0.3000000119
28275  31.355  -32.508  -13.239 0.2000000030
27337  25.259  -33.253  -14.381 0.5000000000
27338  24.436  -33.369  -14.347 0.5000000000
28302  17.040  -32.104  -16.860 0.2000000030
5231  6.662  -64.540  -19.796 1.0000000000
5758  6.800  -63.894  -19.951 1.0000000000
112086  8.337  -60.462  -18.122 0.8999999762
112049  7.970  -59.708  -17.950 0.8999999762
38  19.595  -81.290  -18.402 0.5000000000
46  18.977  -81.486  -19.071 0.6000000238
40  18.150  -81.796  -18.472 0.6000000238
115143  19.362  -81.181  -19.794 0.6000000238
130206  18.475  -81.290  -20.553 0.6000000238
115240  19.286  -80.888  -22.971 0.5000000000
62  18.822  -81.024  -22.110 0.6000000238
125751  18.008  -81.157  -21.687 0.6000000238
124808  17.194  -81.258  -21.401 0.6000000238
131  18.760  -80.663  -23.679 0.6999999881
122  18.389  -80.895  -22.936 0.6000000238
123  17.517  -80.885  -22.863 0.6000000238
133  16.812  -80.617  -23.459 0.6999999881
124862  15.909  -80.472  -23.121 0.6999999881
124  16.625  -80.872  -22.652 0.6999999881
66  15.784  -80.720  -22.322 0.6999999881
248  17.026  -79.197  -26.339 0.8000000119
145  16.948  -79.996  -25.187 0.8000000119
230  16.231  -79.832  -24.784 0.8000000119
231  15.668  -79.445  -24.234 0.8000000119
134  15.468  -79.885  -23.432 0.8000000119
341  15.604  -78.877  -24.079 0.8000000119
127386  15.984  -78.559  -25.429 0.8000000119
116348  16.086  -77.348  -26.371 0.8000000119
459  15.966  -76.909  -26.182 0.8000000119
31  20.078  -81.139  -17.746 0.4000000060
32  19.307  -81.536  -17.619 0.5000000000
41  17.122  -81.790  -18.783 0.6000000238
127  22.046  -80.478  -23.311 0.5000000000
119  21.769  -80.728  -22.489 0.5000000000
120  20.813  -80.902  -22.347 0.5000000000
117  20.355  -80.921  -21.518 0.5000000000
128  21.161  -80.703  -23.209 0.5000000000
129  20.221  -80.819  -23.084 0.6000000238
130  19.633  -80.625  -23.744 0.6000000238
142  19.661  -80.153  -25.047 0.6000000238
124788  19.846  -80.396  -24.368 0.6000000238
143  18.732  -80.163  -25.095 0.6999999881
140  18.232  -80.436  -24.402 0.6999999881
256  16.780  -78.667  -26.853 0.8000000119
247  17.914  -79.447  -26.416 0.8000000119
353  16.995  -78.356  -27.681 0.8000000119
349  16.116  -78.052  -26.279 0.8000000119
13  18.145  -81.412  -14.706 0.5000000000
14  17.199  -81.545  -14.515 0.6999999881
12  19.420  -81.091  -14.565 0.2000000030
135761  18.844  -81.281  -14.848 0.4000000060
99  21.207  -80.180  -17.171 0.4000000060
136002  20.535  -80.839  -17.235 0.4000000060
19  19.985  -81.174  -15.883 0.2000000030
21  18.563  -81.448  -15.432 0.4000000060
22  17.566  -81.643  -15.476 0.5000000000
114941  18.851  -81.666  -16.869 0.5000000000
136  22.264  -80.086  -24.093 0.5000000000
223  22.805  -80.131  -23.404 0.5000000000
236  20.449  -80.019  -25.262 0.5000000000
137  21.451  -80.362  -24.012 0.5000000000
118101  20.701  -79.700  -26.018 0.6000000238
237  19.215  -79.874  -25.781 0.8000000119
246  18.788  -79.533  -26.473 0.8000000119
126892  18.338  -79.271  -27.001 0.8999999762
238  18.317  -79.833  -25.776 0.8000000119
127475  18.321  -79.064  -27.573 0.8999999762
255  17.582  -79.024  -27.154 0.8999999762
363  17.502  -78.176  -28.565 0.8999999762
3  17.160  -81.192  -12.789 0.8000000119
121311  17.864  -81.285  -13.726 0.4000000060
113624  20.122  -80.797  -14.193 0.2000000030
86  19.439  -80.947  -13.704 0.3000000119
94  20.061  -80.974  -15.054 0.2000000030
97  21.289  -80.219  -16.148 0.3000000119
228  21.708  -79.993  -24.793 0.5000000000
245  19.812  -79.560  -26.555 0.6999999881
254  20.138  -79.266  -27.591 0.6000000238
126766  19.109  -79.239  -27.394 0.8000000119
261  18.751  -78.865  -28.227 0.8000000119
260  19.654  -78.984  -28.355 0.6000000238
472  17.666  -77.386  -29.720 0.6000000238
476  18.151  -76.968  -30.174 0.6000000238
80  18.608  -80.695  -12.337 0.4000000060
117974  19.406  -80.645  -12.741 0.4000000060
7  18.705  -81.039  -13.253 0.4000000060
235  21.913  -79.624  -25.672 0.5000000000
134844  21.306  -79.669  -25.867 0.5000000000
129627  21.462  -79.488  -26.415 0.5000000000
243  22.414  -79.324  -26.650 0.4000000060
347  24.247  -78.721  -26.706 0.3000000119
252  21.682  -79.249  -27.407 0.5000000000
251  22.479  -79.115  -27.517 0.4000000060
348  23.679  -78.749  -27.431 0.3000000119
258  21.486  -78.935  -28.401 0.5000000000
358  22.280  -78.538  -28.583 0.5000000000
366  23.116  -78.131  -28.781 0.5000000000
259  20.568  -79.009  -28.462 0.5000000000
368  21.362  -78.127  -29.201 0.5000000000
752  20.485  -75.732  -26.983 0.5000000000
370  19.620  -78.080  -29.630 0.5000000000
369  20.499  -78.110  -29.421 0.5000000000
1013  20.254  -74.714  -26.719 0.5000000000
753  19.726  -75.245  -27.541 0.5000000000
471  18.364  -77.597  -29.853 0.5000000000
470  19.767  -77.577  -29.583 0.5000000000
1293  20.098  -73.758  -27.110 0.5000000000
1018  19.670  -74.327  -27.664 0.5000000000
475  18.798  -76.928  -30.046 0.5000000000
1300  19.894  -73.550  -28.038 0.5000000000
766  17.468  -75.195  -30.621 0.6000000238
120464  19.159  -73.722  -28.440 0.5000000000
764  17.924  -75.267  -29.914 0.5000000000
1303  18.926  -72.857  -29.220 0.6000000238
1312  18.919  -72.341  -30.219 0.6000000238
1040  22.766  -74.730  -31.556 0.4000000060
776  21.559  -75.415  -32.122 0.6000000238
784  21.356  -75.416  -32.692 0.6000000238
782  22.787  -75.371  -32.343 0.6000000238
81  17.759  -80.782  -12.052 0.4000000060
460  25.534  -77.352  -27.505 0.2000000030
135798  25.839  -77.498  -26.431 0.2000000030
759  24.070  -75.892  -28.814 0.2000000030
465  24.158  -77.189  -28.802 0.2000000030
463  23.953  -77.707  -28.623 0.3000000119
356  24.518  -77.766  -28.221 0.2000000030
351  24.417  -78.289  -27.533 0.2000000030
357  23.814  -78.238  -28.231 0.3000000119
367  22.185  -78.126  -29.035 0.5000000000
374  18.956  -77.580  -29.963 0.5000000000
589  20.339  -77.253  -29.218 0.5000000000
591  18.549  -76.226  -30.013 0.5000000000
1019  19.028  -74.693  -28.268 0.5000000000
590  19.320  -76.691  -29.462 0.5000000000
1022  18.399  -73.926  -29.081 0.5000000000
1304  18.375  -72.912  -29.725 0.6000000238
1023  17.636  -73.808  -29.958 0.5000000000
749  23.359  -75.446  -28.164 0.2000000030
132088  23.244  -76.261  -28.560 0.2000000030
467  22.723  -77.791  -29.021 0.4000000060
135564  23.240  -77.153  -28.901 0.4000000060
587  22.228  -77.392  -28.901 0.5000000000
468  21.815  -77.812  -29.144 0.5000000000
577  20.926  -76.453  -27.510 0.5000000000
583  21.531  -76.921  -28.329 0.5000000000
469  20.885  -77.798  -29.271 0.5000000000
584  20.650  -76.870  -28.415 0.5000000000
578  20.080  -76.172  -27.777 0.5000000000
585  19.909  -76.617  -28.694 0.5000000000
760  19.342  -75.794  -28.375 0.5000000000
763  18.546  -75.462  -29.069 0.5000000000
147  16.343  -79.188  -10.383 0.6000000238
855  13.161  -74.257  -9.513 0.4000000060
860  12.507  -74.030  -9.663 0.5000000000
869  12.182  -74.548  -10.858 0.6999999881
861  11.882  -73.919  -10.038 0.5000000000
880  11.221  -73.750  -11.816 0.6000000238
1148  11.302  -73.427  -10.538 0.6000000238
116332  11.019  -73.535  -12.948 0.6000000238
1154  10.666  -73.225  -12.142 0.6000000238
1167  10.422  -72.977  -12.897 0.5000000000
1471  9.771  -72.421  -12.727 0.4000000060
582  22.398  -76.686  -28.360 0.4000000060
264  16.081  -78.244  -9.648 0.6000000238
480  16.064  -77.047  -9.200 0.3000000119
151  15.542  -79.249  -10.528 0.6000000238
265  15.285  -78.227  -9.717 0.6000000238
481  15.385  -76.720  -8.967 0.5000000000
625  14.799  -75.362  -9.169 0.6000000238
269  14.101  -78.526  -10.283 0.6999999881
376  14.313  -77.201  -9.241 0.6000000238
479  14.328  -76.609  -8.958 0.6000000238
626  14.067  -75.339  -9.002 0.4000000060
389  13.500  -77.690  -10.890 0.6999999881
117329  13.871  -77.286  -9.594 0.6999999881
493  13.340  -76.646  -10.846 0.6999999881
486  13.542  -76.545  -9.759 0.6999999881
512  13.419  -76.752  -13.116 0.6999999881
655  12.521  -75.119  -12.480 0.6999999881
1142  11.043  -72.696  -10.077 0.3000000119
1149  10.634  -72.962  -11.047 0.2000000030
1460  10.140  -72.719  -11.922 0.2000000030
1179  10.741  -73.231  -13.795 0.6000000238
630  15.669  -75.640  -9.629 0.4000000060
114838  13.463  -78.261  -11.634 0.6999999881
1133  13.331  -73.895  -9.527 0.3000000119
132122  13.562  -77.451  -13.274 0.6999999881
1134  12.631  -73.639  -9.634 0.3000000119
121807  13.468  -77.138  -12.673 0.6999999881
1448  12.322  -72.548  -9.720 0.2000000030
133250  12.134  -73.514  -9.682 0.3000000119
1834  11.591  -71.159  -10.376 0.2000000030
2204  10.750  -71.000  -10.246 0.2000000030
1450  10.762  -72.066  -9.987 0.2000000030
130679  10.113  -71.894  -10.384 0.1000000015
1484  10.111  -72.651  -13.685 0.5000000000
3135  7.126  -69.049  -13.367 0.2000000030
3136  6.756  -68.323  -13.573 0.2000000030
2688  7.380  -69.454  -15.117 0.5000000000
3167  6.997  -68.707  -15.446 0.3000000119
116275  7.445  -69.302  -16.051 0.5000000000
3120  7.123  -68.426  -12.443 0.1000000015
3155  6.619  -68.145  -14.679 0.3000000119
3171  7.073  -68.485  -16.530 0.6000000238
4159  6.410  -66.967  -13.291 0.3000000119
3670  6.308  -67.332  -14.979 0.3000000119
3172  6.618  -67.889  -15.722 0.3000000119
114723  6.320  -67.034  -15.966 0.4000000060
4655  5.848  -65.913  -14.600 0.3000000119
4168  6.176  -66.754  -14.281 0.3000000119
130669  6.023  -66.480  -15.299 0.3000000119
4660  5.861  -65.582  -15.611 0.3000000119
4175  6.546  -66.704  -16.821 0.5000000000
4190  6.801  -65.888  -18.503 0.6999999881
3678  6.787  -67.166  -17.477 0.6999999881
116125  5.660  -65.020  -14.863 0.3000000119
5200  6.000  -64.615  -15.795 0.3000000119
4670  6.790  -65.404  -17.655 0.4000000060
118940  6.806  -63.770  -17.779 0.6000000238
4671  6.763  -65.141  -18.582 0.6999999881
5223  6.571  -64.508  -19.145 0.8000000119
5193  5.727  -64.745  -13.153 0.2000000030
5207  6.669  -64.171  -16.683 0.3000000119
137173  5.580  -64.168  -13.659 0.3000000119
5716  5.752  -64.085  -15.009 0.3000000119
123780  6.178  -63.105  -15.022 0.3000000119
128217  7.939  -62.834  -19.799 0.8999999762
5725  6.841  -63.205  -16.936 0.4000000060
5735  6.562  -63.204  -18.585 0.8000000119
119781  5.922  -62.761  -14.030 0.3000000119
6177  6.617  -62.326  -17.204 0.6000000238
5745  6.991  -63.064  -19.704 0.8999999762
6162  6.455  -62.178  -14.706 0.5000000000
6169  6.653  -62.387  -15.560 0.4000000060
6634  6.430  -61.513  -15.320 0.6000000238
113021  7.071  -61.822  -19.133 0.8000000119
6186  6.580  -62.549  -18.653 0.6999999881
5730  6.624  -62.789  -17.953 0.6000000238
124149  6.411  -61.749  -16.479 0.6000000238
6643  6.230  -61.204  -18.094 0.6000000238
128658  7.746  -61.494  -18.920 0.8000000119
120220  6.476  -61.601  -14.444 0.5000000000
112811  5.941  -60.807  -17.349 0.6000000238
112836  7.147  -61.006  -18.685 0.8000000119
112848  6.338  -60.291  -18.162 0.6999999881
7101  5.946  -60.585  -15.357 0.6000000238
128614  6.576  -59.553  -18.120 0.6999999881
128472  7.131  -59.678  -18.376 0.8000000119
128602  5.833  -60.124  -16.921 0.6000000238
115792  7.025  -59.137  -17.743 0.8000000119
112095  6.102  -58.560  -16.852 0.6999999881
7102  5.787  -59.612  -15.382 0.6000000238
133415  6.256  -58.191  -16.497 0.6000000238
9289  6.076  -56.141  -12.050 0.6999999881
9886  7.072  -55.677  -11.301 0.6999999881
9290  5.690  -56.684  -11.609 0.6000000238
9303  6.384  -56.243  -12.918 0.6000000238
9256  5.483  -56.729  -9.787 0.5000000000
9876  6.186  -55.544  -10.853 0.6000000238
9272  5.625  -56.439  -10.707 0.5000000000
114667  6.269  -55.146  -10.169 0.8000000119
9255  5.655  -55.861  -10.030 0.6000000238
8705  5.544  -57.606  -9.402 0.5000000000
11213  4.431  -53.187  -17.382 0.8000000119
118214  4.589  -52.190  -18.915 0.6000000238
9866  5.723  -55.405  -9.460 0.8000000119
9857  5.527  -56.190  -9.232 0.6000000238
11920  4.654  -52.208  -16.088 0.6999999881
137275  6.135  -54.809  -9.770 0.8000000119
9856  5.608  -55.684  -8.643 0.6000000238
12663  4.739  -51.473  -14.781 0.8000000119
12684  4.890  -51.480  -16.518 0.4000000060
119733  5.726  -54.715  -9.020 0.6999999881
11095  5.810  -53.159  -8.091 0.6999999881
120117  5.780  -54.035  -8.410 0.6999999881
124664  5.853  -54.178  -7.485 0.6000000238
14611  9.444  -48.730  -5.491 0.6999999881
121454  8.297  -47.618  -5.548 0.6000000238
16160  12.384  -46.868  -7.294 0.8000000119
15385  10.386  -47.202  -6.237 0.8000000119
15372  9.955  -48.021  -5.796 0.6999999881
123244  13.105  -46.808  -7.569 0.8000000119
130714  10.957  -46.773  -6.702 0.8000000119
16139  10.359  -46.176  -6.615 0.6999999881
16140  9.603  -46.433  -6.150 0.6999999881
15373  9.083  -47.866  -5.637 0.6999999881
16157  16.176  -46.679  -7.828 0.8000000119
126637  15.224  -46.580  -7.796 0.8000000119
16173  14.759  -45.539  -8.256 0.6000000238
16159  13.782  -46.651  -7.746 0.8000000119
113384  12.604  -46.081  -7.806 0.8000000119
16161  11.829  -46.037  -7.476 0.8000000119
16172  15.750  -45.718  -8.288 0.6999999881
16897  13.036  -45.255  -8.262 0.6999999881
123754  12.473  -44.445  -8.139 0.6000000238
16898  12.116  -45.184  -7.928 0.6000000238
16171  16.623  -45.897  -8.446 0.8000000119
17717  16.142  -44.287  -8.854 0.5000000000
126915  14.694  -44.673  -8.571 0.6000000238
132626  14.257  -44.132  -8.597 0.6000000238
17719  13.274  -44.104  -8.424 0.6000000238
16917  16.844  -44.670  -9.015 0.4000000060
18580  16.559  -43.622  -8.661 0.4000000060
18589  17.929  -44.129  -9.167 0.4000000060
18579  17.456  -43.643  -8.776 0.4000000060
18562  17.058  -43.083  -7.968 0.2000000030
18541  16.440  -42.653  -7.340 0.2000000030
17704  11.757  -44.248  -7.744 0.5000000000
126683  16.097  -42.983  -8.064 0.4000000060
17703  13.926  -43.529  -8.345 0.4000000060
18578  18.396  -43.619  -8.792 0.3000000119
18565  13.281  -43.146  -7.946 0.4000000060
18588  18.736  -44.118  -9.388 0.5000000000
119554  17.855  -43.344  -8.228 0.2000000030
18563  15.207  -42.821  -7.960 0.3000000119
18564  14.218  -42.742  -7.768 0.4000000060
126018  8.787  -42.456  -8.860 0.5000000000
19487  8.089  -41.932  -8.853 0.5000000000
19511  9.555  -42.523  -9.157 0.6000000238
20383  8.637  -41.167  -9.046 0.5000000000
20404  6.810  -41.727  -10.920 0.3000000119
20384  7.880  -41.411  -9.231 0.3000000119
19485  10.014  -41.699  -8.995 0.5000000000
20417  7.624  -41.391  -10.954 0.3000000119
122690  9.126  -40.612  -10.299 0.4000000060
21249  9.993  -40.318  -10.832 0.4000000060
122768  9.719  -40.583  -9.815 0.5000000000
28281  25.911  -32.584  -14.377 0.4000000060
26490  23.157  -34.349  -14.414 0.6000000238
135268  24.396  -32.789  -14.369 0.4000000060
28283  23.879  -33.213  -14.332 0.4000000060
29193  26.336  -31.348  -14.476 0.4000000060
28288  24.697  -32.163  -14.431 0.3000000119
28290  23.428  -32.999  -14.427 0.3000000119
28291  22.810  -33.206  -14.610 0.4000000060
27351  21.429  -33.794  -15.263 0.3000000119
27353  20.051  -33.800  -15.982 0.3000000119
249  16.306  -78.711  -26.136 0.8000000119
114494  15.842  -79.158  -25.065 0.8000000119
453  15.952  -77.839  -25.121 0.8000000119
452  15.910  -77.591  -25.010 0.8000000119
244  20.781  -79.404  -26.946 0.6000000238
266  14.623  -78.332  -9.965 0.6999999881
33  18.432  -81.778  -17.640 0.6999999881
114563  18.660  -81.381  -19.915 0.6000000238
113992  17.895  -81.314  -20.936 0.6000000238
456  16.025  -77.231  -25.580 0.8000000119
114249  13.694  -78.541  -10.861 0.6999999881
641  13.031  -75.746  -11.247 0.6999999881
11199  4.690  -53.083  -15.697 0.8000000119
16905  16.315  -45.055  -8.820 0.6000000238
27346  23.300  -33.665  -14.403 0.4000000060
28292  22.110  -33.485  -14.950 0.3000000119
133507  4.641  -52.093  -16.804 0.5000000000
28282  25.035  -32.678  -14.385 0.3000000119
39  18.920  -81.655  -18.239 0.5000000000
121  19.835  -80.951  -22.239 0.5000000000
132  17.815  -80.673  -23.632 0.6999999881
139  19.147  -80.412  -24.392 0.6000000238
141  17.100  -80.339  -24.399 0.8000000119
144  17.792  -80.135  -25.127 0.8000000119
241  15.848  -79.088  -24.853 0.8000000119
344  16.048  -77.753  -25.665 0.8000000119
27  19.835  -81.338  -16.835 0.4000000060
129867  20.277  -80.255  -24.670 0.6000000238
253  20.932  -79.229  -27.790 0.5000000000
250  23.028  -79.085  -27.277 0.4000000060
350  25.099  -77.842  -27.583 0.2000000030
750  22.416  -75.949  -27.519 0.5000000000
1449  11.585  -72.411  -9.788 0.2000000030
124444  6.549  -65.965  -16.977 0.4000000060
5711  5.686  -63.709  -14.190 0.3000000119
9271  5.912  -56.058  -11.359 0.6000000238
16907  13.946  -44.915  -8.518 0.6000000238
17718  15.132  -44.155  -8.689 0.4000000060
18582  14.712  -43.500  -8.419 0.4000000060
29194  25.547  -31.906  -14.427 0.3000000119
28289  23.916  -32.404  -14.442 0.3000000119
30165  25.585  -31.006  -14.682 0.2000000030
135339  22.835  -80.098  -19.964 0.3000000119
106  20.683  -80.565  -19.862 0.4000000060
52  19.967  -80.929  -20.174 0.5000000000
109  21.541  -80.499  -20.468 0.4000000060
111  19.931  -80.942  -20.877 0.4000000060
58  19.473  -81.014  -21.412 0.4000000060
205  23.528  -79.786  -19.666 0.3000000119
108  22.499  -80.359  -20.565 0.4000000060
121442  22.360  -80.600  -21.868 0.4000000060
116  21.402  -80.790  -21.512 0.4000000060
118466  24.441  -79.546  -19.789 0.3000000119
213  23.401  -80.140  -20.667 0.3000000119
212  24.111  -79.783  -20.425 0.3000000119
118  23.135  -80.319  -22.035 0.4000000060
210  25.225  -79.161  -19.788 0.3000000119
216  24.098  -79.846  -21.198 0.4000000060
123905  23.679  -79.516  -22.774 0.4000000060
219  23.288  -80.038  -22.721 0.4000000060
222  23.408  -79.609  -23.447 0.4000000060
121221  22.603  -80.429  -22.639 0.4000000060
127355  23.015  -79.742  -24.192 0.4000000060
324  24.985  -78.590  -21.287 0.4000000060
215  24.369  -79.272  -21.602 0.4000000060
134846  25.413  -78.252  -20.916 0.2000000030
434  24.574  -77.919  -21.824 0.3000000119
137008  24.173  -78.470  -22.803 0.3000000119
329  24.056  -79.147  -22.427 0.4000000060
221  23.998  -78.964  -23.374 0.4000000060
115109  23.705  -79.203  -24.249 0.4000000060
234  22.861  -79.424  -25.745 0.4000000060
227  22.508  -79.717  -24.911 0.4000000060
438  24.421  -77.749  -22.641 0.2000000030
226  23.305  -79.401  -24.999 0.4000000060
6334  22.372  -62.582  -35.144 0.1000000015
131047  23.011  -62.957  -34.437 0.1000000015
5875  23.889  -63.460  -34.091 0.1000000015
5874  24.610  -63.716  -34.150 0.1000000015
5407  25.547  -64.512  -35.706 0.3000000119
3914  23.182  -67.107  -38.380 0.4000000060
134463  22.470  -62.471  -34.476 0.1000000015
6327  22.026  -62.107  -34.831 0.1000000015
6316  23.564  -62.957  -33.732 0.1000000015
5398  25.213  -64.137  -34.644 0.2000000030
5418  25.670  -64.740  -36.672 0.2000000030
114216  25.937  -64.503  -34.896 0.2000000030
4406  24.605  -66.390  -38.737 0.4000000060
4944  24.518  -65.624  -38.331 0.3000000119
6317  22.832  -62.569  -33.845 0.1000000015
6812  21.397  -61.832  -34.263 0.2000000030
117613  21.607  -62.135  -33.196 0.1000000015
6368  16.414  -62.476  -37.416 0.4000000060
6371  13.803  -63.085  -37.350 0.4000000060
5866  6.603  -62.765  -34.274 0.6000000238
5867  5.775  -62.726  -33.827 0.6000000238
6627  6.295  -61.120  -14.537 0.5000000000
7084  6.439  -60.632  -12.620 0.4000000060
7092  5.927  -59.831  -13.660 0.5000000000
124295  5.888  -59.263  -13.078 0.5000000000
8189  5.630  -58.155  -12.185 0.4000000060
118383  5.773  -58.823  -13.670 0.5000000000
133193  5.719  -58.035  -13.571 0.5000000000
112089  5.946  -57.618  -14.742 0.5000000000
8739  5.847  -57.437  -13.924 0.5000000000
7619  5.821  -58.705  -11.456 0.4000000060
115111  5.621  -57.281  -12.147 0.5000000000
113163  5.967  -56.733  -13.492 0.5000000000
8183  5.947  -58.996  -10.164 0.3000000119
8177  5.679  -58.334  -9.805 0.4000000060
8164  5.736  -58.331  -9.064 0.4000000060
8184  5.731  -58.422  -10.641 0.4000000060
8719  5.509  -57.457  -10.370 0.4000000060
8695  5.726  -57.746  -8.462 0.3000000119
9245  5.504  -56.976  -9.046 0.4000000060
12700  5.724  -51.222  -18.562 0.3000000119
12693  5.640  -51.102  -17.739 0.3000000119
11085  5.965  -53.546  -6.879 0.6000000238
129960  6.399  -54.005  -5.858 0.4000000060
12683  5.451  -51.023  -16.925 0.4000000060
126781  6.069  -52.825  -5.298 0.3000000119
13339  4.992  -50.608  -14.369 0.4000000060
13322  4.804  -50.617  -13.472 0.5000000000
13307  4.999  -49.853  -13.076 0.4000000060
14725  5.526  -48.470  -12.178 0.4000000060
115478  7.543  -47.882  -5.526 0.5000000000
15375  6.836  -47.477  -5.248 0.4000000060
16119  6.684  -46.831  -4.289 0.3000000119
16128  8.107  -46.103  -5.387 0.5000000000
14712  5.070  -48.254  -11.498 0.3000000119
15467  6.317  -47.400  -11.941 0.3000000119
15358  6.393  -47.337  -3.885 0.3000000119
16129  7.258  -46.502  -5.063 0.4000000060
16885  8.512  -45.302  -5.389 0.3000000119
15450  4.734  -47.493  -9.913 0.4000000060
115992  4.732  -46.085  -9.482 0.6000000238
17652  8.119  -45.275  -4.483 0.3000000119
16118  7.163  -46.318  -4.606 0.3000000119
17669  8.116  -45.265  -4.811 0.4000000060
16141  8.913  -45.786  -5.840 0.3000000119
16884  9.691  -45.304  -6.318 0.4000000060
126973  9.030  -45.045  -5.863 0.3000000119
16883  10.503  -45.238  -6.932 0.5000000000
126049  11.251  -45.043  -7.406 0.4000000060
17679  8.794  -44.487  -5.124 0.3000000119
17688  10.152  -44.339  -6.619 0.4000000060
18567  11.609  -43.557  -7.354 0.4000000060
17687  10.933  -43.996  -7.160 0.4000000060
18526  10.343  -43.160  -5.911 0.5000000000
17677  9.726  -43.703  -6.025 0.4000000060
18542  12.712  -42.789  -7.363 0.4000000060
19459  12.692  -42.279  -6.413 0.4000000060
5408  25.040  -64.487  -35.349 0.3000000119
11775  5.765  -51.929  -5.711 0.5000000000
16186  4.814  -46.095  -8.859 0.6000000238
15432  4.800  -47.376  -9.126 0.6000000238
45  19.985  -80.990  -19.250 0.5000000000
53  19.221  -81.122  -20.555 0.4000000060
110  20.644  -80.768  -20.739 0.4000000060
7091  6.248  -60.807  -13.822 0.4000000060
112091  5.835  -58.636  -15.486 0.5000000000
12662  5.322  -50.612  -15.285 0.4000000060
16882  11.064  -46.046  -7.111 0.6000000238
105  22.070  -80.112  -19.810 0.4000000060
211  24.788  -79.341  -20.689 0.3000000119
116960  24.411  -78.636  -24.278 0.2000000030
5873  25.015  -63.709  -34.062 0.1000000015
11078  6.079  -53.162  -6.105 0.5000000000
263  16.941  -78.370  -9.900 0.4000000060
387  18.886  -78.100  -11.459 0.2000000030
150  17.743  -79.296  -10.860 0.3000000119
274  19.149  -78.593  -11.304 0.2000000030
392  19.217  -77.450  -11.993 0.2000000030
155  18.486  -79.470  -11.327 0.3000000119
72  18.365  -80.153  -11.619 0.3000000119
133968  19.090  -79.682  -11.613 0.3000000119
5863  9.106  -63.799  -34.883 0.3000000119
124588  8.134  -62.815  -33.547 0.2000000030
5377  9.958  -64.414  -32.861 0.2000000030
5864  8.619  -63.494  -34.304 0.2000000030
6802  6.651  -61.170  -32.979 0.3000000119
7281  6.038  -59.855  -32.481 0.4000000060
6772  7.675  -61.215  -30.505 0.2000000030
6786  7.724  -61.347  -31.603 0.2000000030
7263  7.496  -60.135  -30.846 0.3000000119
7280  6.754  -59.740  -31.735 0.3000000119
7841  6.009  -59.190  -32.002 0.4000000060
8877  7.058  -56.776  -28.891 0.3000000119
8385  6.170  -58.235  -30.985 0.4000000060
7825  7.162  -59.376  -31.017 0.3000000119
10074  6.801  -54.881  -26.858 0.2000000030
10682  4.811  -54.311  -26.613 0.3000000119
117633  4.207  -55.738  -26.392 0.3000000119
10090  4.999  -55.341  -27.765 0.3000000119
9479  4.483  -55.956  -27.253 0.6000000238
114958  7.234  -56.305  -28.089 0.2000000030
10105  5.736  -55.646  -28.653 0.2000000030
9490  4.836  -56.263  -28.214 0.4000000060
10661  5.419  -53.753  -25.672 0.2000000030
10035  6.356  -54.184  -25.115 0.2000000030
10650  4.756  -53.616  -25.141 0.2000000030
11310  5.376  -53.128  -23.910 0.2000000030
126321  5.926  -50.046  -15.290 0.3000000119
13321  5.385  -49.964  -13.888 0.3000000119
14004  5.262  -49.173  -12.625 0.3000000119
14013  5.654  -49.341  -13.368 0.3000000119
16964  5.656  -45.767  -11.765 0.3000000119
16920  4.872  -45.394  -9.279 0.3000000119
16934  4.971  -45.707  -10.098 0.3000000119
16911  5.167  -45.244  -8.770 0.5000000000
121879  5.155  -44.855  -9.994 0.3000000119
17723  5.634  -44.434  -8.761 0.5000000000
17734  5.236  -44.595  -9.245 0.4000000060
18594  5.660  -43.724  -9.286 0.4000000060
18592  7.196  -42.739  -8.803 0.4000000060
20415  9.217  -40.679  -11.556 0.3000000119
1139  14.659  -73.960  -10.206 0.3000000119
868  15.372  -74.546  -10.541 0.3000000119
12674  5.349  -50.891  -16.131 0.3000000119
146  17.055  -79.047  -10.298 0.4000000060
133248  6.104  -61.210  -33.259 0.4000000060
6321  6.323  -62.161  -33.916 0.5000000000
5865  7.528  -62.992  -34.437 0.3000000119
5877  7.930  -63.592  -35.268 0.3000000119
8361  6.855  -58.022  -30.210 0.3000000119
126842  6.012  -54.444  -26.952 0.2000000030
16221  5.400  -46.288  -10.950 0.3000000119
17721  7.265  -44.427  -8.622 0.5000000000
18593  6.282  -43.130  -8.964 0.4000000060
20416  8.485  -41.054  -11.126 0.3000000119
6320  7.108  -62.257  -33.857 0.4000000060
13320  6.053  -49.516  -14.078 0.3000000119
267  17.672  -78.774  -10.556 0.3000000119
380  18.356  -78.491  -10.933 0.2000000030
6818  6.581  -61.659  -33.520 0.2000000030
5390  9.226  -63.808  -33.205 0.2000000030
6310  7.427  -61.862  -33.101 0.2000000030
6298  8.231  -62.514  -32.652 0.2000000030
5378  9.615  -64.417  -32.230 0.2000000030
8867  7.510  -57.215  -28.169 0.2000000030
276  22.466  -77.819  -12.416 0.1000000015
158  21.945  -78.890  -12.185 0.1000000015
159  21.357  -79.403  -12.191 0.1000000015
160  20.708  -79.534  -11.923 0.1000000015
78  20.183  -80.559  -13.219 0.2000000030
165  20.985  -80.021  -12.736 0.1000000015
85  20.869  -80.385  -13.790 0.1000000015
89  21.397  -80.083  -14.414 0.1000000015
390  23.880  -77.094  -13.375 0.1000000015
497  23.099  -76.965  -12.722 0.1000000015
391  22.988  -77.334  -12.956 0.1000000015
498  22.640  -76.880  -12.080 0.1000000015
272  21.167  -78.258  -11.432 0.1000000015
115685  20.425  -78.895  -11.507 0.1000000015
161  19.857  -79.596  -11.722 0.2000000030
180  24.857  -79.359  -16.622 0.1000000015
90  20.765  -80.565  -14.728 0.1000000015
299  25.724  -79.094  -16.641 0.1000000015
292  26.735  -78.402  -15.329 0.1000000015
412  27.606  -77.907  -15.891 0.1000000015
297  26.857  -78.439  -16.151 0.1000000015
404  28.356  -77.214  -15.570 0.1000000015
411  28.370  -77.212  -16.452 0.1000000015
510  23.918  -76.639  -13.200 0.1000000015
124507  23.819  -75.701  -13.283 0.1000000015
271  21.756  -78.292  -11.760 0.1000000015
154  19.396  -79.184  -11.478 0.2000000030
487  22.160  -77.374  -11.775 0.1000000015
181  23.951  -79.355  -16.786 0.1000000015
125452  23.400  -79.122  -16.228 0.2000000030
188  24.486  -79.396  -17.523 0.1000000015
124153  23.065  -79.140  -16.944 0.3000000119
134910  22.367  -79.244  -17.008 0.3000000119
304  26.073  -78.864  -17.499 0.1000000015
298  26.466  -78.648  -16.775 0.1000000015
303  26.785  -78.395  -17.611 0.1000000015
308  25.719  -78.992  -18.229 0.1000000015
117026  27.205  -78.195  -16.868 0.1000000015
302  27.495  -77.928  -17.757 0.1000000015
525  28.060  -77.291  -17.930 0.1000000015
113954  20.514  -78.285  -11.372 0.1000000015
637  21.652  -76.357  -11.681 0.1000000015
384  21.664  -77.765  -11.547 0.1000000015
886  23.951  -74.830  -13.998 0.1000000015
659  22.970  -75.524  -12.680 0.1000000015
197  23.206  -79.386  -18.609 0.3000000119
196  24.177  -79.446  -18.366 0.2000000030
198  22.191  -79.433  -18.404 0.3000000119
199  21.412  -79.873  -18.186 0.3000000119
195  25.003  -79.325  -18.266 0.2000000030
100  20.719  -80.492  -17.966 0.3000000119
136727  26.038  -78.748  -18.859 0.2000000030
533  27.925  -76.707  -18.686 0.1000000015
135629  27.590  -77.561  -18.539 0.1000000015
685  28.269  -75.780  -18.206 0.1000000015
490  20.161  -77.124  -11.623 0.1000000015
648  21.483  -75.494  -12.135 0.1000000015
887  23.102  -74.828  -13.248 0.1000000015
647  22.399  -76.034  -12.111 0.1000000015
206  22.556  -79.685  -19.242 0.2000000030
204  24.741  -79.382  -19.051 0.2000000030
131149  24.029  -79.583  -19.086 0.2000000030
207  21.696  -79.833  -19.036 0.3000000119
313  26.613  -78.315  -19.160 0.1000000015
102  20.844  -80.321  -18.921 0.3000000119
674  29.084  -75.577  -16.950 0.1000000015
388  18.097  -77.824  -11.172 0.2000000030
500  19.353  -76.604  -12.449 0.1000000015
874  22.158  -74.934  -12.700 0.1000000015
499  20.277  -76.154  -11.972 0.1000000015
116925  28.411  -73.733  -17.179 0.1000000015
918  27.578  -74.839  -18.542 0.1000000015
917  28.197  -74.904  -17.952 0.1000000015
538  27.280  -76.500  -19.385 0.1000000015
501  18.437  -76.917  -12.703 0.1000000015
929  27.024  -75.092  -19.124 0.1000000015
136126  26.984  -77.086  -19.718 0.1000000015
318  26.320  -78.172  -20.016 0.1000000015
314  25.924  -78.704  -19.578 0.2000000030
233  23.577  -79.217  -25.695 0.3000000119
393  18.463  -77.503  -11.911 0.1000000015
491  17.454  -77.369  -10.581 0.2000000030
484  16.738  -76.926  -9.800 0.2000000030
919  26.797  -74.322  -19.016 0.1000000015
930  26.339  -74.800  -19.571 0.1000000015
1904  27.462  -70.323  -18.132 0.1000000015
1204  27.135  -72.984  -18.271 0.1000000015
694  26.808  -75.692  -19.529 0.1000000015
429  26.344  -77.316  -20.184 0.1000000015
319  25.572  -78.635  -20.454 0.2000000030
430  25.800  -77.907  -20.643 0.1000000015
117377  17.734  -77.063  -11.852 0.1000000015
651  18.768  -76.142  -13.266 0.1000000015
1205  26.624  -73.336  -18.926 0.1000000015
2269  28.130  -69.772  -17.656 0.1000000015
1523  26.581  -71.997  -18.905 0.1000000015
1223  25.696  -73.048  -20.307 0.1000000015
546  25.885  -76.484  -20.375 0.1000000015
126714  25.471  -77.030  -20.743 0.1000000015
492  17.047  -76.528  -10.979 0.1000000015
1912  27.156  -70.081  -19.080 0.1000000015
117272  26.138  -72.655  -19.594 0.1000000015
940  25.632  -74.307  -20.281 0.1000000015
1532  26.225  -71.623  -19.723 0.1000000015
547  25.179  -76.053  -20.802 0.1000000015
554  24.829  -76.720  -21.395 0.1000000015
745  21.999  -75.429  -26.473 0.3000000119
751  21.419  -75.999  -26.902 0.4000000060
702  25.290  -75.115  -20.763 0.1000000015
115441  24.912  -75.851  -21.791 0.1000000015
559  24.513  -77.199  -21.983 0.1000000015
6369  15.683  -62.603  -37.418 0.2000000030
1273  22.212  -73.579  -25.301 0.2000000030
991  21.320  -74.120  -25.594 0.2000000030
1602  21.495  -72.689  -25.256 0.2000000030
1993  21.620  -71.712  -25.152 0.2000000030
640  15.951  -75.243  -10.537 0.1000000015
6353  11.454  -62.765  -36.144 0.3000000119
117820  12.462  -62.156  -36.872 0.3000000119
6351  13.051  -62.501  -37.160 0.2000000030
7350  15.403  -60.394  -36.263 0.2000000030
6349  15.068  -61.772  -37.174 0.2000000030
1275  21.154  -73.411  -25.551 0.2000000030
121782  20.580  -73.809  -26.125 0.3000000119
1629  20.465  -73.045  -27.798 0.4000000060
1613  20.794  -72.852  -25.909 0.3000000119
1622  20.466  -72.993  -26.808 0.3000000119
1299  20.663  -73.159  -28.742 0.4000000060
126273  21.011  -73.399  -29.653 0.4000000060
5887  10.728  -63.266  -35.937 0.2000000030
130652  11.134  -62.546  -35.840 0.1000000015
6862  12.205  -61.620  -36.491 0.2000000030
6841  11.851  -60.993  -35.993 0.1000000015
6861  13.067  -61.526  -36.961 0.2000000030
7337  13.195  -59.922  -35.942 0.1000000015
130626  12.448  -59.744  -35.601 0.1000000015
134859  16.887  -60.312  -35.678 0.1000000015
1628  21.141  -72.552  -28.484 0.3000000119
2038  21.792  -71.998  -29.102 0.3000000119
1634  21.445  -72.798  -29.389 0.3000000119
131949  21.367  -73.699  -30.360 0.4000000060
115452  10.263  -63.490  -35.493 0.2000000030
5399  9.881  -63.870  -34.322 0.1000000015
113245  10.755  -62.914  -35.375 0.2000000030
6328  10.888  -62.542  -34.611 0.2000000030
7323  10.789  -60.447  -34.723 0.1000000015
7901  11.666  -59.914  -35.424 0.1000000015
2037  22.433  -71.470  -29.658 0.2000000030
1642  22.609  -72.742  -30.722 0.2000000030
1310  22.035  -73.727  -30.694 0.3000000119
1041  21.823  -75.044  -31.541 0.5000000000
119904  10.479  -63.528  -34.407 0.1000000015
6319  11.134  -63.024  -33.682 0.1000000015
5854  11.054  -63.902  -32.297 0.1000000015
122190  10.486  -60.990  -33.440 0.1000000015
7295  10.125  -60.617  -32.625 0.1000000015
7279  9.691  -59.997  -32.084 0.1000000015
790  22.156  -75.407  -32.882 0.4000000060
5376  10.442  -64.344  -32.571 0.1000000015
780  24.783  -75.202  -32.219 0.3000000119
788  24.360  -75.187  -32.903 0.3000000119
1343  23.477  -73.808  -34.843 0.4000000060
1355  22.971  -73.310  -35.301 0.5000000000
787  25.262  -75.169  -32.846 0.3000000119
1054  24.915  -74.867  -33.648 0.3000000119
6288  8.257  -63.152  -30.555 0.1000000015
115336  8.129  -62.312  -31.282 0.1000000015
5838  8.778  -64.078  -30.711 0.1000000015
134211  8.802  -63.887  -31.487 0.1000000015
2079  22.175  -71.532  -36.905 0.4000000060
7778  7.545  -59.681  -28.910 0.2000000030
7246  7.585  -60.619  -29.966 0.1000000015
126829  7.760  -62.122  -29.830 0.1000000015
7805  7.558  -59.657  -30.066 0.2000000030
115906  7.571  -58.771  -28.466 0.2000000030
117678  9.429  -72.066  -13.536 0.3000000119
1873  9.078  -71.698  -14.372 0.2000000030
11301  4.905  -52.908  -23.385 0.2000000030
120643  6.430  -66.466  -12.743 0.1000000015
12006  5.129  -52.388  -22.012 0.2000000030
11984  5.845  -52.158  -21.449 0.1000000015
11970  5.493  -51.892  -20.648 0.1000000015
11256  4.753  -52.312  -20.645 0.3000000119
11960  6.084  -51.404  -19.959 0.1000000015
11961  5.081  -51.778  -19.759 0.2000000030
120789  5.932  -62.235  -12.002 0.2000000030
6152  6.188  -61.541  -12.675 0.3000000119
6620  6.350  -61.199  -13.174 0.3000000119
6607  6.972  -60.840  -11.434 0.3000000119
13359  5.849  -50.606  -16.513 0.2000000030
13350  6.523  -50.317  -15.420 0.2000000030
13319  7.043  -50.091  -13.638 0.2000000030
13337  6.348  -50.013  -14.693 0.2000000030
14002  7.323  -48.992  -12.220 0.2000000030
14003  6.091  -48.728  -12.794 0.2000000030
16220  5.894  -46.706  -11.822 0.2000000030
123414  6.174  -47.218  -14.944 0.1000000015
16238  6.080  -46.796  -13.323 0.2000000030
134940  6.779  -47.403  -14.526 0.2000000030
16247  5.747  -46.364  -14.733 0.1000000015
16972  5.637  -45.745  -13.444 0.2000000030
18637  5.506  -43.909  -11.621 0.2000000030
19489  6.562  -42.492  -9.304 0.3000000119
16978  5.620  -45.280  -14.377 0.1000000015
17777  5.571  -43.990  -12.536 0.2000000030
18625  5.768  -42.823  -10.725 0.2000000030
114292  5.970  -43.040  -12.576 0.1000000015
18636  5.688  -43.214  -11.724 0.2000000030
116649  5.898  -43.668  -13.467 0.1000000015
19513  6.420  -42.116  -10.137 0.2000000030
19528  6.209  -42.365  -11.540 0.2000000030
19488  7.192  -41.921  -9.224 0.2000000030
19527  7.082  -41.856  -11.975 0.2000000030
18544  11.109  -43.141  -6.598 0.3000000119
20424  8.600  -41.184  -12.254 0.1000000015
20423  9.137  -40.609  -12.759 0.1000000015
21268  8.764  -40.231  -13.770 0.1000000015
21256  9.742  -40.188  -12.223 0.1000000015
21267  9.388  -39.825  -13.203 0.1000000015
25600  13.347  -35.348  -17.047 0.1000000015
135541  24.766  -76.547  -22.176 0.1000000015
7623  6.208  -59.897  -12.875 0.3000000119
6352  11.987  -62.389  -36.465 0.4000000060
6350  13.990  -62.136  -37.237 0.2000000030
1066  22.269  -74.446  -34.484 0.5000000000
789  23.236  -75.207  -33.087 0.3000000119
7349  16.297  -60.420  -36.178 0.1000000015
122544  14.999  -60.977  -36.696 0.1000000015
7351  14.539  -60.477  -36.353 0.1000000015
137045  5.617  -46.983  -11.380 0.2000000030
121854  21.779  -79.674  -14.947 0.1000000015
746  21.046  -75.348  -26.290 0.2000000030
124934  6.117  -65.716  -12.896 0.2000000030
20425  7.957  -41.465  -11.875 0.2000000030
117049  24.148  -78.980  -25.176 0.3000000119
14711  5.983  -47.826  -12.021 0.2000000030
5389  9.656  -63.904  -33.777 0.1000000015
5388  10.279  -64.111  -33.456 0.1000000015
5862  10.882  -63.794  -33.166 0.1000000015
16954  5.404  -45.269  -10.907 0.2000000030
18612  5.524  -43.487  -10.218 0.2000000030
164  21.544  -79.822  -13.493 0.1000000015
385  20.978  -77.652  -11.293 0.1000000015
115646  22.545  -79.130  -16.164 0.1000000015
489  21.001  -76.712  -11.470 0.1000000015
118368  27.183  -73.935  -18.512 0.1000000015
1515  27.478  -71.291  -17.518 0.1000000015
6336  11.595  -61.888  -35.957 0.2000000030
6337  11.115  -62.056  -35.336 0.1000000015
7339  11.566  -60.444  -35.544 0.1000000015
7886  12.143  -59.364  -35.110 0.1000000015
1633  22.177  -72.324  -29.930 0.3000000119
1643  21.782  -73.142  -30.180 0.3000000119
6829  10.939  -61.455  -34.764 0.1000000015
6817  10.899  -61.888  -34.000 0.1000000015
6842  11.280  -61.000  -35.372 0.1000000015
7309  10.680  -60.894  -34.273 0.1000000015
6801  11.102  -62.281  -33.072 0.1000000015
1055  24.043  -74.743  -33.734 0.3000000119
16963  5.576  -45.183  -12.642 0.2000000030
122583  5.716  -46.309  -14.023 0.2000000030
17786  5.616  -44.629  -13.508 0.1000000015
114932  20.753  -61.840  -33.303 0.1000000015
6813  20.455  -61.528  -34.194 0.1000000015
6839  19.857  -61.045  -36.026 0.2000000030
6838  20.698  -61.374  -35.935 0.2000000030
127284  23.834  -73.109  -35.175 0.3000000119
2885  23.614  -68.977  -38.381 0.3000000119
130210  23.276  -72.634  -35.670 0.3000000119
2078  23.653  -71.864  -36.065 0.3000000119
6286  22.165  -62.199  -30.209 0.1000000015
6287  21.583  -62.138  -31.270 0.1000000015
6285  23.034  -62.533  -30.319 0.1000000015
6296  22.518  -62.384  -31.338 0.1000000015
6308  21.992  -62.279  -32.258 0.1000000015
6796  20.973  -62.065  -32.256 0.1000000015
127294  19.255  -61.015  -35.160 0.1000000015
1674  24.274  -72.401  -35.590 0.1000000015
123544  23.135  -71.407  -36.745 0.3000000119
2457  23.712  -70.750  -37.120 0.3000000119
2464  24.381  -70.243  -37.555 0.3000000119
2077  24.794  -71.689  -36.261 0.2000000030
130293  23.472  -62.753  -29.221 0.1000000015
6273  23.929  -62.704  -28.275 0.1000000015
6781  20.714  -61.913  -31.217 0.1000000015
6797  20.240  -61.816  -32.650 0.1000000015
2883  25.904  -69.470  -37.701 0.1000000015
3396  25.442  -68.027  -38.510 0.1000000015
1673  25.251  -72.483  -35.866 0.1000000015
2076  25.654  -71.286  -36.821 0.1000000015
2463  25.532  -70.414  -37.356 0.2000000030
2884  24.971  -69.643  -37.972 0.2000000030
2889  25.139  -68.807  -38.334 0.1000000015
134975  23.994  -71.213  -36.503 0.3000000119
137140  23.307  -62.440  -28.351 0.1000000015
6274  22.748  -62.375  -29.085 0.1000000015
7618  6.279  -59.513  -11.588 0.3000000119
8196  5.725  -58.501  -12.952 0.3000000119
8665  7.429  -57.492  -5.367 0.1000000015
8666  6.860  -57.064  -5.732 0.1000000015
9219  6.724  -56.287  -5.506 0.1000000015
8142  7.004  -58.226  -6.709 0.1000000015
115797  6.237  -56.735  -6.954 0.1000000015
9827  6.464  -55.463  -6.134 0.2000000030
119110  6.149  -55.795  -6.987 0.2000000030
9239  5.638  -56.671  -8.435 0.2000000030
10435  6.528  -54.795  -5.584 0.3000000119
9837  6.124  -54.988  -6.984 0.3000000119
9846  5.726  -55.047  -7.927 0.4000000060
29191  26.325  -31.955  -14.368 0.2000000030
4405  25.391  -66.544  -38.592 0.2000000030
3912  24.979  -67.246  -38.813 0.3000000119
2890  24.257  -68.640  -38.483 0.3000000119
135437  24.401  -69.174  -38.276 0.3000000119
6824  20.984  -61.516  -35.092 0.2000000030
9238  5.822  -56.192  -7.739 0.3000000119
10441  6.289  -54.486  -6.457 0.4000000060
8680  6.519  -57.615  -6.857 0.2000000030
6825  20.134  -61.244  -35.086 0.1000000015
2082  24.689  -70.910  -36.976 0.1000000015
3390  26.162  -68.501  -37.909 0.1000000015
3906  26.216  -67.672  -38.033 0.1000000015
130959  6.601  -57.134  -6.359 0.1000000015
9231  6.492  -56.409  -6.274 0.1000000015
118039  6.127  -53.377  -4.125 0.2000000030
11759  5.934  -52.492  -3.358 0.1000000015
11763  5.883  -52.286  -4.534 0.1000000015
116624  6.379  -51.684  -1.707 0.1000000015
12514  5.975  -51.627  -2.643 0.2000000030
13182  6.285  -50.736  -2.002 0.1000000015
126152  8.193  -48.422  -2.371 0.1000000015
16086  8.815  -46.700  -3.052 0.1000000015
16087  8.065  -46.159  -3.465 0.1000000015
16105  7.089  -46.257  -4.135 0.2000000030
131478  14.111  -41.945  -6.976 0.1000000015
19473  13.413  -42.367  -7.164 0.1000000015
16102  10.545  -46.136  -3.213 0.1000000015
19438  15.138  -41.314  -4.992 0.1000000015
19458  13.629  -41.800  -6.224 0.1000000015
18525  11.094  -42.757  -5.697 0.1000000015
17649  12.374  -44.104  -3.678 0.1000000015
16852  9.217  -45.437  -3.672 0.1000000015
18511  10.586  -43.055  -5.107 0.1000000015
17666  9.688  -43.552  -5.255 0.2000000030
17668  8.508  -44.773  -4.861 0.1000000015
117396  14.519  -41.552  -6.174 0.1000000015
19440  13.210  -42.017  -5.330 0.1000000015
19472  14.867  -42.019  -7.171 0.1000000015
28280  26.820  -32.292  -14.341 0.2000000030
28296  20.687  -33.269  -15.783 0.2000000030
29196  23.563  -31.685  -14.827 0.2000000030
28294  22.314  -32.557  -15.162 0.2000000030
28297  19.758  -32.932  -16.221 0.2000000030
30166  24.687  -30.915  -14.927 0.1000000015
30167  23.977  -31.138  -15.000 0.1000000015
29204  22.494  -31.251  -15.964 0.1000000015
29201  21.616  -32.221  -15.745 0.2000000030
28299  20.325  -32.381  -16.224 0.2000000030
29206  21.002  -31.929  -16.277 0.1000000015
28300  19.323  -31.946  -16.420 0.1000000015
120386  10.551  -44.586  -3.796 0.1000000015
18492  12.712  -43.346  -4.058 0.1000000015
18509  12.195  -42.860  -4.706 0.1000000015
20357  15.889  -41.293  -4.407 0.1000000015
19457  15.437  -41.625  -6.268 0.1000000015
13883  6.479  -49.793  -2.045 0.1000000015
16088  7.252  -46.451  -3.552 0.2000000030
15345  7.846  -46.943  -2.962 0.1000000015
30161  27.942  -31.151  -14.251 0.2000000030
133929  18.415  -31.886  -16.493 0.1000000015
774  23.313  -75.204  -31.967 0.3000000119
122622  26.353  -30.679  -14.650 0.1000000015
117496  24.967  -31.534  -14.571 0.2000000030
29195  24.295  -31.622  -14.634 0.2000000030
28295  21.515  -32.986  -15.436 0.2000000030
129362  25.263  -30.412  -15.066 0.1000000015
19441  12.401  -42.392  -5.423 0.1000000015
16104  8.835  -46.008  -3.440 0.1000000015
16850  11.824  -44.920  -3.421 0.1000000015
123427  10.116  -45.473  -3.497 0.1000000015
19439  14.098  -41.603  -5.147 0.1000000015
18493  11.879  -43.421  -4.210 0.1000000015
127377  10.428  -43.667  -4.456 0.1000000015
120514  12.969  -44.864  -3.256 0.1000000015
121604  9.568  -44.131  -4.472 0.1000000015
29200  22.827  -31.762  -15.252 0.1000000015
29199  23.335  -31.018  -15.497 0.1000000015
120744  22.190  -31.846  -15.647 0.1000000015
29205  21.727  -31.556  -16.203 0.1000000015
136449  23.586  -30.395  -15.941 0.1000000015
29207  20.195  -31.454  -16.658 0.1000000015
137432  21.206  -30.692  -17.134 0.1000000015
1324  22.824  -73.692  -31.169 0.3000000119
124959  23.615  -73.552  -31.420 0.1000000015
1322  25.295  -73.951  -31.545 0.1000000015
1038  24.820  -74.639  -31.709 0.1000000015
135662  23.236  -74.143  -31.425 0.2000000030
1321  26.178  -74.052  -31.509 0.1000000015
1309  28.898  -73.651  -30.946 0.1000000015
1319  28.144  -74.018  -31.240 0.1000000015
1308  29.726  -73.526  -30.871 0.1000000015
1037  25.733  -74.685  -31.704 0.1000000015
1307  30.487  -73.027  -30.617 0.1000000015
1639  29.898  -72.844  -30.516 0.1000000015
1306  31.050  -72.905  -30.760 0.1000000015
131493  31.644  -72.256  -30.105 0.1000000015
1342  25.116  -73.777  -34.927 0.2000000030
1062  26.347  -74.450  -34.361 0.2000000030
1053  25.785  -74.885  -33.602 0.1000000015
1039  23.778  -74.547  -31.653 0.2000000030
1651  26.558  -73.165  -31.458 0.1000000015
2041  30.411  -72.400  -30.295 0.1000000015
127709  29.598  -72.056  -30.449 0.1000000015
1649  28.260  -73.070  -31.028 0.1000000015
1063  25.446  -74.404  -34.348 0.2000000030
1354  24.741  -73.106  -35.295 0.2000000030
1320  27.099  -74.091  -31.422 0.1000000015
1064  24.614  -74.311  -34.342 0.2000000030
127815  24.289  -73.695  -34.826 0.2000000030
778  26.442  -75.094  -32.152 0.1000000015
770  26.770  -74.929  -31.886 0.1000000015
785  26.800  -75.053  -32.676 0.1000000015
1035  27.481  -74.616  -31.719 0.1000000015
781  23.814  -75.221  -32.299 0.2000000030
772  25.267  -75.061  -31.922 0.2000000030
771  26.090  -75.000  -31.884 0.1000000015
6149  6.394  -61.395  -11.690 0.2000000030
7078  7.788  -60.638  -11.667 0.2000000030
7079  6.767  -60.507  -11.994 0.2000000030
7075  10.709  -60.214  -12.252 0.2000000030
7077  8.694  -60.291  -11.881 0.2000000030
7616  7.847  -59.941  -11.308 0.2000000030
117873  6.423  -59.942  -12.303 0.2000000030
7607  8.622  -59.558  -10.145 0.2000000030
8163  6.065  -58.697  -8.506 0.2000000030
7608  7.050  -59.710  -10.555 0.2000000030
135612  6.516  -54.354  -5.148 0.1000000015
10073  7.582  -55.622  -26.572 0.1000000015
10649  5.533  -53.453  -24.671 0.1000000015
11286  5.388  -52.643  -22.728 0.1000000015
122437  31.577  -37.307  -10.623 0.1000000015
24708  31.565  -36.540  -10.413 0.1000000015
25554  31.697  -35.711  -10.255 0.1000000015
29190  27.050  -31.605  -14.330 0.1000000015
30164  28.177  -30.265  -14.304 0.1000000015
29192  27.157  -30.713  -14.441 0.1000000015
4397  25.719  -65.819  -38.177 0.2000000030
24707  32.074  -36.017  -10.799 0.1000000015
779  25.657  -75.158  -32.184 0.1000000015
112097  9.041  -60.910  -12.401 0.2000000030
232  24.091  -79.025  -26.019 0.2000000030
5387  25.724  -64.145  -33.301 0.1000000015
5396  26.119  -64.580  -33.837 0.1000000015
116551  26.303  -65.081  -35.230 0.1000000015
4894  26.368  -65.569  -35.876 0.1000000015
7321  14.949  -59.808  -35.738 0.1000000015
119169  25.552  -64.272  -31.794 0.1000000015
5386  26.160  -64.825  -32.802 0.1000000015
5375  25.775  -64.367  -32.524 0.1000000015
4857  26.431  -65.623  -33.151 0.1000000015
4876  26.374  -65.211  -34.333 0.1000000015
5406  26.036  -64.806  -35.958 0.1000000015
4383  26.408  -66.226  -36.605 0.1000000015
4912  26.117  -65.188  -36.914 0.1000000015
5417  25.644  -64.948  -37.385 0.1000000015
7308  15.087  -59.530  -33.923 0.1000000015
135596  15.524  -59.668  -34.447 0.1000000015
13316  10.257  -50.324  -13.763 0.1000000015
13317  9.362  -50.365  -13.167 0.1000000015
13318  8.374  -50.437  -12.972 0.1000000015
13335  7.911  -50.770  -13.757 0.1000000015
130680  10.320  -49.599  -13.876 0.1000000015
14001  8.289  -49.051  -12.179 0.1000000015
13305  8.878  -49.693  -12.585 0.1000000015
13306  7.851  -49.748  -12.486 0.1000000015
14000  8.977  -48.863  -12.531 0.1000000015
14709  7.858  -47.993  -11.845 0.1000000015
14011  9.675  -49.464  -13.195 0.1000000015
114980  9.345  -48.542  -13.239 0.1000000015
15501  8.687  -47.864  -13.553 0.1000000015
15481  7.534  -47.308  -12.471 0.1000000015
14710  7.164  -47.928  -11.820 0.1000000015
16230  6.744  -47.033  -12.717 0.1000000015
16219  6.697  -47.147  -12.241 0.1000000015
25606  13.713  -34.769  -17.584 0.1000000015
27365  15.700  -33.305  -17.514 0.1000000015
26518  14.015  -34.009  -17.968 0.1000000015
132562  15.770  -32.569  -17.555 0.1000000015
5397  25.580  -64.013  -34.111 0.1000000015
2028  21.420  -71.724  -28.158 0.2000000030
13336  7.181  -50.511  -14.617 0.1000000015
14723  7.731  -48.436  -11.942 0.1000000015
15503  6.347  -47.120  -14.077 0.1000000015
15491  7.196  -47.137  -13.190 0.1000000015
4358  26.485  -66.045  -34.779 0.1000000015
15490  8.141  -47.439  -12.912 0.1000000015
1612  21.043  -71.969  -25.831 0.1000000015
2021  21.110  -71.502  -26.952 0.1000000015
1621  20.867  -72.339  -27.502 0.1000000015
2010  21.287  -70.943  -25.838 0.1000000015
133171  14.525  -73.425  -10.801 0.1000000015
1446  13.998  -72.892  -10.902 0.1000000015
1447  13.190  -72.667  -10.083 0.1000000015
1833  12.570  -71.430  -10.913 0.1000000015
2205  10.110  -70.963  -10.421 0.1000000015
1844  9.172  -71.532  -11.507 0.1000000015
2242  8.257  -70.895  -14.326 0.1000000015
990  22.033  -74.198  -25.484 0.1000000015
113561  21.989  -72.264  -24.872 0.1000000015
629  16.407  -76.007  -10.211 0.1000000015
1454  13.459  -72.156  -11.205 0.1000000015
1842  13.291  -71.459  -12.102 0.1000000015
2212  12.079  -70.720  -11.386 0.1000000015
2213  11.219  -70.493  -10.972 0.1000000015
1859  8.724  -71.403  -13.391 0.1000000015
2243  7.697  -70.178  -13.746 0.1000000015
3154  7.020  -68.894  -14.409 0.1000000015
1001  22.418  -74.670  -26.178 0.1000000015
1012  22.847  -75.103  -27.138 0.1000000015
1002  21.630  -74.811  -25.868 0.1000000015
1283  22.660  -73.894  -25.873 0.1000000015
1272  22.694  -73.120  -25.466 0.1000000015
2643  8.180  -69.637  -11.468 0.1000000015
2222  8.092  -70.310  -11.890 0.1000000015
2223  7.762  -69.601  -11.898 0.1000000015
2234  7.655  -69.968  -12.672 0.1000000015
2657  7.426  -69.267  -12.474 0.1000000015
461  25.156  -77.258  -28.199 0.1000000015
1000  23.211  -74.160  -27.049 0.1000000015
1291  23.810  -73.371  -27.546 0.1000000015
136807  6.669  -66.580  -12.304 0.1000000015
131671  5.925  -62.795  -10.616 0.1000000015
120652  6.105  -62.086  -11.044 0.1000000015
5702  5.641  -63.274  -12.245 0.1000000015
6598  6.696  -61.512  -10.833 0.1000000015
119987  5.858  -62.457  -13.011 0.1000000015
6140  8.152  -61.744  -10.656 0.1000000015
6127  11.641  -62.940  -10.317 0.1000000015
6147  10.629  -62.016  -12.079 0.1000000015
6595  12.420  -61.700  -11.573 0.1000000015
6612  10.384  -61.115  -13.037 0.1000000015
7074  11.745  -60.605  -12.108 0.1000000015
7615  8.908  -59.712  -11.230 0.1000000015
7069  12.979  -61.226  -10.808 0.1000000015
7605  10.538  -59.711  -10.642 0.1000000015
7063  12.494  -60.457  -9.978 0.1000000015
7606  9.600  -59.602  -10.457 0.1000000015
7596  6.465  -59.330  -9.861 0.1000000015
7049  11.349  -60.481  -7.847 0.1000000015
7058  11.419  -60.169  -9.167 0.1000000015
115453  9.295  -59.706  -8.878 0.1000000015
7594  8.459  -59.512  -9.187 0.1000000015
7586  6.618  -59.210  -8.948 0.1000000015
7585  7.575  -59.331  -8.592 0.1000000015
7584  8.485  -59.513  -8.268 0.1000000015
8162  6.836  -59.002  -8.009 0.1000000015
7573  7.789  -59.209  -7.646 0.1000000015
8153  6.391  -58.273  -7.557 0.1000000015
8152  7.322  -58.745  -7.113 0.1000000015
17728  21.822  -44.178  -9.828 0.1000000015
18576  20.793  -43.509  -8.698 0.1000000015
17711  24.288  -44.324  -8.708 0.1000000015
1017  24.235  -75.061  -28.533 0.1000000015
758  24.830  -75.653  -28.744 0.1000000015
457  25.988  -77.109  -26.970 0.1000000015
338  25.307  -78.254  -25.607 0.1000000015
17712  23.463  -44.318  -8.695 0.1000000015
17710  24.977  -44.008  -8.804 0.1000000015
346  24.945  -78.295  -26.801 0.1000000015
575  25.812  -76.700  -27.880 0.1000000015
455  25.729  -77.796  -25.896 0.1000000015
581  25.355  -76.637  -28.344 0.1000000015
1858  9.076  -71.707  -12.430 0.1000000015
334  24.501  -78.204  -23.491 0.1000000015
339  24.994  -78.523  -25.040 0.1000000015
6605  8.920  -61.102  -12.305 0.1000000015
7595  7.503  -59.511  -9.667 0.1000000015
18575  24.784  -43.879  -8.167 0.1000000015
17699  23.995  -44.166  -7.947 0.1000000015
2  18.046  -81.069  -12.796 0.4000000060
4  16.343  -81.156  -12.431 0.8999999762
5  15.448  -81.120  -12.664 0.8999999762
6  14.712  -80.988  -13.151 0.8999999762
8  16.919  -81.434  -13.694 0.8000000119
10  15.321  -81.286  -13.547 0.8999999762
17  14.425  -81.052  -14.725 0.8999999762
18  14.009  -80.491  -14.722 0.8999999762
20  19.335  -81.237  -15.315 0.2000000030
26  20.634  -80.803  -16.475 0.4000000060
29  15.473  -81.641  -15.985 0.8000000119
44  14.776  -80.994  -18.135 0.8999999762
49  16.085  -81.521  -19.159 0.8999999762
54  17.871  -81.498  -20.181 0.6999999881
59  18.657  -81.147  -21.203 0.6000000238
60  16.266  -81.226  -21.136 0.6999999881
63  18.036  -81.034  -22.347 0.6000000238
64  17.334  -81.080  -22.144 0.6000000238
67  17.791  -79.770  -11.155 0.3000000119
68  16.064  -79.739  -10.826 0.6000000238
71  19.266  -80.189  -11.964 0.3000000119
75  15.598  -80.236  -11.319 0.6999999881
76  14.761  -79.997  -11.302 0.8000000119
79  20.107  -80.159  -12.289 0.2000000030
84  13.743  -80.002  -12.530 0.8999999762
87  14.269  -80.666  -13.458 0.8999999762
92  21.313  -80.184  -15.267 0.1000000015
93  20.704  -80.703  -15.595 0.1000000015
95  14.178  -80.060  -15.765 0.8999999762
103  20.255  -80.841  -18.468 0.5000000000
107  14.760  -80.302  -19.226 0.8999999762
112  14.875  -80.418  -20.961 0.8999999762
113  14.779  -80.195  -20.086 0.8999999762
114  22.878  -80.418  -21.313 0.4000000060
115  22.166  -80.613  -21.149 0.4000000060
126  14.945  -79.849  -22.263 0.8999999762
135  15.245  -79.617  -22.929 0.8999999762
138  20.512  -80.517  -23.976 0.6000000238
148  15.805  -78.770  -10.022 0.6000000238
149  15.058  -78.804  -10.222 0.6000000238
153  21.301  -78.895  -11.710 0.1000000015
156  14.232  -79.678  -11.312 0.8000000119
162  13.550  -79.437  -12.395 0.8000000119
173  24.246  -79.185  -15.761 0.1000000015
182  21.816  -79.547  -16.639 0.1000000015
183  16.964  -79.198  -16.703 1.0000000000
187  25.320  -79.229  -17.459 0.1000000015
189  23.579  -79.316  -17.667 0.3000000119
190  22.676  -79.219  -17.711 0.3000000119
191  21.888  -79.450  -17.532 0.3000000119
192  16.143  -79.531  -16.972 1.0000000000
202  14.771  -79.810  -18.855 0.8999999762
203  25.462  -79.063  -18.973 0.2000000030
217  14.966  -79.388  -21.852 0.8999999762
218  23.813  -79.858  -22.038 0.4000000060
224  15.441  -79.359  -23.540 0.8000000119
229  20.931  -80.184  -24.687 0.5000000000
239  17.414  -79.698  -25.747 0.8000000119
240  16.469  -79.393  -25.571 0.8000000119
242  23.439  -79.133  -26.519 0.4000000060
257  22.204  -78.997  -28.070 0.4000000060
262  17.894  -78.694  -28.025 0.8999999762
268  14.464  -78.829  -10.450 0.6999999881
270  22.126  -77.832  -11.914 0.1000000015
273  19.729  -78.683  -11.394 0.2000000030
275  13.587  -79.080  -11.620 0.6999999881
277  22.158  -78.230  -12.101 0.1000000015
301  17.250  -78.649  -16.218 1.0000000000
307  27.066  -78.153  -18.427 0.1000000015
309  18.377  -78.421  -17.240 1.0000000000
312  15.515  -79.368  -18.808 0.8999999762
316  17.003  -79.067  -19.307 1.0000000000
327  15.523  -78.928  -21.652 0.8999999762
332  15.424  -78.858  -22.454 0.8999999762
333  15.222  -79.024  -22.543 0.8999999762
342  25.299  -78.190  -26.197 0.1000000015
343  24.757  -78.624  -25.932 0.1000000015
345  15.883  -78.393  -24.938 0.8000000119
352  22.968  -78.723  -28.055 0.3000000119
355  16.147  -77.538  -27.081 0.8999999762
359  20.972  -78.562  -29.010 0.5000000000
360  20.118  -78.556  -29.076 0.5000000000
361  19.234  -78.515  -29.020 0.6999999881
362  18.355  -78.379  -28.820 0.8000000119
364  16.451  -77.771  -27.770 0.8999999762
375  14.758  -77.030  -8.944 0.5000000000
377  16.417  -77.653  -9.510 0.6000000238
378  15.535  -77.539  -9.211 0.6000000238
379  14.225  -77.879  -9.707 0.6000000238
381  17.610  -78.171  -10.372 0.3000000119
382  13.774  -77.946  -10.170 0.6999999881
383  22.524  -77.399  -12.237 0.1000000015
386  19.928  -78.054  -11.373 0.1000000015
394  13.419  -77.210  -11.835 0.6999999881
414  17.548  -77.857  -16.065 1.0000000000
418  28.475  -76.971  -17.310 0.1000000015
419  27.926  -77.638  -17.060 0.1000000015
422  27.206  -77.867  -19.043 0.1000000015
425  27.385  -77.259  -19.206 0.1000000015
426  26.911  -77.725  -19.617 0.1000000015
427  19.689  -77.238  -19.123 1.0000000000
433  25.074  -77.662  -21.267 0.2000000030
436  18.999  -77.662  -20.917 1.0000000000
437  24.956  -76.997  -22.771 0.1000000015
444  17.448  -77.770  -23.445 0.8999999762
450  17.072  -77.526  -24.138 0.8999999762
454  26.076  -77.162  -26.090 0.2000000030
458  25.532  -77.763  -26.796 0.2000000030
462  24.509  -77.326  -28.515 0.1000000015
466  23.494  -77.660  -28.807 0.3000000119
473  16.896  -77.148  -29.484 1.0000000000
477  17.330  -76.793  -30.169 0.6999999881
482  14.617  -76.174  -8.920 0.6000000238
483  13.963  -76.560  -9.133 0.6999999881
485  15.969  -76.386  -9.368 0.3000000119
488  21.650  -77.171  -11.481 0.1000000015
504  13.330  -76.527  -12.529 0.6999999881
519  17.472  -77.088  -16.351 1.0000000000
524  28.386  -76.609  -17.953 0.1000000015
526  20.266  -76.047  -17.928 1.0000000000
527  19.703  -76.123  -17.352 1.0000000000
532  14.118  -76.688  -17.661 1.0000000000
539  26.573  -76.445  -19.908 0.1000000015
540  20.559  -76.062  -19.299 1.0000000000
548  20.471  -76.156  -20.163 1.0000000000
549  20.075  -76.684  -20.480 1.0000000000
552  14.237  -76.737  -20.870 1.0000000000
553  13.700  -76.256  -20.951 1.0000000000
560  19.668  -76.602  -21.854 1.0000000000
562  19.333  -76.114  -23.091 1.0000000000
568  16.037  -76.912  -25.170 0.8999999762
576  21.695  -76.433  -27.616 0.5000000000
588  21.285  -77.439  -28.974 0.5000000000
631  13.197  -75.723  -10.164 0.8000000119
636  22.147  -76.815  -11.727 0.1000000015
638  20.974  -75.926  -11.784 0.1000000015
646  23.169  -76.334  -12.594 0.1000000015
677  28.696  -75.296  -17.507 0.1000000015
679  20.044  -75.403  -17.575 1.0000000000
681  18.290  -75.766  -17.181 1.0000000000
686  27.571  -75.771  -18.976 0.1000000015
687  21.143  -74.775  -19.112 1.0000000000
689  18.515  -75.079  -17.590 1.0000000000
695  25.896  -75.554  -20.128 0.1000000015
699  12.831  -75.868  -20.214 1.0000000000
704  17.419  -75.517  -20.548 1.0000000000
707  13.214  -76.000  -20.807 1.0000000000
708  12.711  -75.408  -20.855 1.0000000000
713  20.485  -75.569  -21.352 1.0000000000
715  17.108  -75.514  -21.430 1.0000000000
724  20.445  -75.074  -21.970 1.0000000000
725  19.861  -75.527  -22.686 1.0000000000
731  19.000  -75.828  -23.744 0.8999999762
735  19.289  -75.089  -23.750 1.0000000000
736  18.709  -75.275  -24.264 1.0000000000
743  16.274  -75.550  -25.539 0.8999999762
747  15.564  -75.527  -26.427 1.0000000000
761  15.708  -75.396  -28.452 1.0000000000
762  15.401  -74.997  -27.869 1.0000000000
768  16.645  -75.568  -30.499 0.8999999762
773  24.337  -75.103  -31.962 0.2000000030
775  22.364  -75.400  -31.959 0.4000000060
783  22.032  -75.492  -32.356 0.6000000238
786  26.096  -75.092  -32.778 0.1000000015
852  14.730  -74.620  -9.629 0.3000000119
853  14.222  -74.803  -9.199 0.4000000060
854  13.730  -74.566  -9.314 0.4000000060
870  11.653  -74.071  -11.008 0.6000000238
879  11.995  -74.525  -12.007 0.6999999881
894  12.231  -74.827  -13.105 0.8000000119
907  11.881  -74.804  -16.540 0.8999999762
909  28.459  -74.539  -17.504 0.1000000015
910  27.820  -73.983  -17.916 0.1000000015
911  20.369  -74.847  -17.832 1.0000000000
920  21.128  -74.036  -18.577 1.0000000000
924  18.184  -74.778  -18.328 1.0000000000
942  21.190  -74.304  -20.770 1.0000000000
943  20.854  -74.943  -21.071 1.0000000000
944  18.325  -74.102  -19.795 1.0000000000
948  13.361  -74.462  -21.013 1.0000000000
974  20.064  -74.256  -23.016 1.0000000000
992  17.575  -74.480  -25.240 0.8999999762
1003  20.870  -74.628  -25.978 0.2000000030
1004  15.805  -74.433  -26.098 0.8999999762
1011  23.519  -74.718  -27.912 0.1000000015
1026  22.145  -74.384  -31.127 0.5000000000
1031  16.314  -74.828  -30.355 1.0000000000
1032  15.817  -73.989  -29.977 0.8999999762
1036  26.577  -74.670  -31.691 0.1000000015
1047  20.082  -74.864  -32.870 0.6999999881
1052  26.664  -74.840  -33.502 0.1000000015
1058  20.456  -75.043  -33.190 0.6999999881
1065  23.142  -74.518  -34.209 0.5000000000
1132  14.051  -74.189  -9.451 0.3000000119
1140  13.799  -73.425  -9.915 0.1000000015
1141  11.661  -73.141  -9.772 0.3000000119
1147  14.685  -73.158  -11.668 0.1000000015
1197  20.503  -74.113  -17.963 1.0000000000
1199  10.510  -73.371  -17.414 0.8999999762
1206  21.394  -73.204  -19.005 1.0000000000
1215  26.148  -73.780  -19.565 0.1000000015
1217  14.378  -73.373  -19.635 1.0000000000
1218  10.951  -73.782  -20.043 1.0000000000
1219  10.569  -73.529  -19.121 1.0000000000
1227  14.829  -73.656  -19.979 1.0000000000
1236  21.498  -73.685  -20.101 1.0000000000
1257  20.359  -73.587  -22.690 1.0000000000
1266  18.861  -73.283  -24.507 1.0000000000
1274  21.743  -73.525  -25.272 0.2000000030
1301  14.855  -73.564  -28.314 1.0000000000
1323  24.429  -73.765  -31.542 0.1000000015
1335  19.355  -73.884  -33.683 0.8999999762
1345  21.800  -74.060  -34.999 0.6000000238
1435  12.823  -73.204  -9.659 0.3000000119
1436  12.136  -73.060  -9.614 0.3000000119
1455  9.996  -72.349  -10.980 0.1000000015
1456  9.576  -71.708  -10.953 0.1000000015
1461  9.556  -72.128  -11.736 0.1000000015
1522  27.078  -71.637  -18.091 0.1000000015
1524  20.819  -72.738  -18.590 1.0000000000
1526  10.235  -73.140  -18.286 1.0000000000
1534  19.701  -72.168  -19.002 1.0000000000
1538  10.072  -72.792  -20.477 1.0000000000
1544  21.534  -71.924  -19.925 1.0000000000
1549  12.609  -72.784  -20.933 1.0000000000
1550  10.393  -72.683  -21.120 1.0000000000
1556  21.506  -72.205  -20.701 1.0000000000
1559  18.365  -72.235  -21.887 1.0000000000
1561  11.621  -72.617  -21.340 1.0000000000
1570  20.564  -72.887  -22.479 1.0000000000
1571  17.738  -72.447  -22.710 1.0000000000
1580  20.036  -72.480  -23.245 1.0000000000
1591  18.907  -72.512  -24.488 1.0000000000
1594  13.360  -72.853  -24.781 1.0000000000
1596  11.627  -72.249  -25.053 1.0000000000
1600  22.667  -72.251  -25.019 0.1000000015
1601  22.085  -72.938  -24.989 0.2000000030
1604  17.845  -72.824  -25.415 1.0000000000
1611  23.421  -72.530  -25.965 0.1000000015
1623  16.343  -71.853  -26.793 1.0000000000
1631  14.448  -72.275  -28.889 1.0000000000
1635  14.731  -72.633  -29.518 1.0000000000
1638  31.108  -72.578  -30.329 0.1000000015
1647  31.558  -72.617  -30.990 0.1000000015
1821  12.689  -72.094  -10.183 0.1000000015
1822  11.940  -71.841  -9.872 0.2000000030
1823  11.133  -71.670  -9.924 0.2000000030
1824  10.442  -71.494  -10.202 0.1000000015
1843  12.703  -70.992  -11.936 0.1000000015
1903  27.870  -70.456  -17.228 0.1000000015
1913  26.579  -70.785  -19.430 0.1000000015
1917  9.080  -71.813  -19.218 1.0000000000
1926  20.832  -71.475  -19.224 1.0000000000
1928  19.239  -71.930  -19.772 1.0000000000
1932  12.252  -71.178  -19.580 1.0000000000
1933  9.240  -71.769  -20.700 1.0000000000
1940  21.519  -71.422  -20.522 1.0000000000
1951  18.883  -70.942  -20.810 1.0000000000
1955  11.258  -71.830  -21.374 1.0000000000
1958  8.814  -70.681  -21.108 1.0000000000
1980  15.327  -72.299  -24.782 1.0000000000
1998  13.189  -72.323  -26.034 1.0000000000
2013  11.647  -72.004  -26.470 1.0000000000
2015  10.159  -71.501  -26.202 1.0000000000
2016  9.718  -71.316  -26.485 1.0000000000
2025  10.998  -71.669  -27.028 1.0000000000
2029  14.635  -71.556  -28.585 1.0000000000
2055  16.647  -71.358  -32.395 0.8999999762
2056  15.840  -71.520  -31.674 0.8999999762
2061  15.404  -70.941  -32.259 0.8999999762
2081  20.563  -71.218  -36.133 0.6999999881
2233  8.053  -70.673  -13.079 0.1000000015
2266  8.368  -70.614  -16.857 0.8000000119
2281  7.908  -69.885  -18.308 0.8999999762
2289  12.088  -70.506  -19.196 1.0000000000
2291  7.938  -70.179  -19.423 1.0000000000
2294  21.386  -70.538  -20.282 1.0000000000
2295  20.707  -69.953  -19.868 1.0000000000
2302  8.366  -70.494  -20.767 1.0000000000
2307  21.477  -70.169  -21.135 1.0000000000
2308  21.218  -70.830  -21.742 1.0000000000
2321  18.078  -70.078  -21.948 1.0000000000
2327  20.723  -70.782  -22.495 1.0000000000
2360  15.113  -70.265  -25.285 1.0000000000
2361  14.487  -70.195  -25.885 1.0000000000
2363  9.908  -71.047  -25.388 1.0000000000
2378  8.695  -70.481  -26.941 1.0000000000
2388  10.308  -71.402  -27.669 1.0000000000
2396  11.804  -70.509  -28.391 1.0000000000
2398  9.927  -71.181  -28.556 1.0000000000
2412  11.242  -70.407  -29.150 1.0000000000
2415  8.579  -70.753  -29.244 1.0000000000
2436  14.681  -70.736  -31.260 0.8999999762
2442  17.566  -70.825  -34.178 0.8999999762
2449  19.639  -70.505  -35.480 0.6999999881
2450  19.048  -70.261  -35.184 0.8999999762
2670  7.412  -69.631  -13.289 0.1000000015
2677  7.376  -69.579  -14.151 0.1000000015
2687  7.762  -70.007  -15.683 0.5000000000
2705  14.177  -69.587  -18.839 1.0000000000
2707  12.764  -69.924  -18.405 1.0000000000
2708  7.678  -69.528  -19.051 1.0000000000
2712  10.817  -69.032  -20.248 1.0000000000
2718  18.997  -69.463  -20.868 1.0000000000
2722  7.659  -69.154  -20.792 1.0000000000
2728  18.411  -69.501  -21.539 1.0000000000
2742  19.995  -68.968  -23.743 1.0000000000
2764  10.059  -69.693  -24.863 1.0000000000
2765  9.459  -69.800  -25.579 1.0000000000
2791  16.752  -69.601  -27.732 1.0000000000
2794  8.385  -70.218  -27.568 1.0000000000
2806  7.889  -69.884  -28.259 1.0000000000
2835  14.707  -69.338  -31.112 0.8999999762
2836  14.528  -70.137  -31.244 0.8999999762
2838  8.665  -70.450  -30.926 1.0000000000
2850  8.205  -69.991  -31.675 1.0000000000
2856  10.388  -69.746  -32.447 1.0000000000
2861  15.457  -69.640  -33.320 1.0000000000
2888  20.807  -69.089  -36.775 0.8999999762
3184  12.491  -68.608  -18.415 1.0000000000
3185  11.668  -68.493  -18.919 1.0000000000
3187  6.983  -67.712  -18.916 1.0000000000
3190  11.063  -68.394  -19.705 1.0000000000
3191  7.451  -68.963  -19.334 1.0000000000
3192  7.203  -68.307  -19.806 1.0000000000
3195  21.049  -68.499  -20.534 1.0000000000
3196  20.340  -68.479  -20.409 1.0000000000
3197  19.474  -68.647  -20.691 1.0000000000
3199  13.981  -68.683  -20.519 1.0000000000
3201  9.957  -68.144  -20.995 1.0000000000
3203  7.132  -68.002  -20.698 1.0000000000
3209  21.268  -67.921  -21.089 1.0000000000
3210  19.996  -67.916  -20.639 1.0000000000
3212  18.362  -68.736  -21.714 1.0000000000
3215  9.192  -68.657  -21.449 1.0000000000
3220  21.383  -68.612  -21.474 1.0000000000
3232  20.814  -68.470  -22.859 1.0000000000
3235  11.919  -68.606  -23.483 1.0000000000
3260  16.102  -67.872  -25.003 1.0000000000
3272  13.946  -68.651  -27.019 1.0000000000
3295  12.643  -68.692  -28.957 1.0000000000
3320  16.943  -67.875  -30.328 1.0000000000
3324  6.910  -69.023  -30.077 1.0000000000
3325  6.598  -68.293  -30.317 1.0000000000
3332  15.821  -68.001  -31.594 1.0000000000
3334  12.175  -68.229  -31.339 1.0000000000
3336  7.787  -69.279  -32.251 1.0000000000
3337  7.105  -68.525  -31.788 0.8999999762
3338  6.623  -68.003  -31.054 1.0000000000
3347  12.076  -68.342  -32.155 1.0000000000
3352  7.437  -68.146  -33.343 0.8999999762
3359  16.615  -68.497  -33.871 1.0000000000
3360  11.940  -68.711  -33.585 1.0000000000
3364  7.967  -68.380  -34.218 0.8999999762
3369  18.917  -68.303  -34.633 1.0000000000
3371  17.327  -68.780  -34.328 1.0000000000
3373  10.614  -68.681  -34.372 1.0000000000
3391  25.843  -68.548  -38.185 0.1000000015
3395  25.992  -68.059  -38.282 0.1000000015
3397  24.580  -67.997  -38.669 0.3000000119
3662  6.461  -67.550  -13.930 0.3000000119
3673  6.690  -67.546  -16.652 0.8000000119
3689  6.942  -67.584  -18.043 0.8999999762
3702  9.417  -66.904  -21.223 1.0000000000
3703  6.918  -67.335  -20.771 1.0000000000
3710  20.101  -67.173  -21.035 1.0000000000
3711  19.195  -67.281  -21.455 1.0000000000
3714  8.615  -67.201  -21.771 1.0000000000
3719  21.172  -67.340  -21.670 1.0000000000
3735  21.087  -67.328  -22.532 1.0000000000
3737  16.939  -67.914  -23.684 1.0000000000
3750  17.056  -67.150  -24.100 1.0000000000
3760  19.852  -67.486  -25.577 1.0000000000
3762  15.702  -67.564  -25.697 1.0000000000
3770  19.006  -68.149  -26.730 1.0000000000
3773  14.769  -67.610  -26.795 1.0000000000
3787  14.513  -67.331  -27.490 1.0000000000
3788  14.030  -67.627  -27.780 1.0000000000
3789  6.850  -67.512  -27.563 1.0000000000
3799  19.743  -67.247  -28.978 1.0000000000
3800  19.112  -67.534  -28.491 1.0000000000
3812  17.954  -67.849  -29.233 1.0000000000
3823  13.205  -66.835  -30.298 1.0000000000
3864  19.066  -67.907  -33.805 1.0000000000
3872  23.630  -67.318  -34.653 1.0000000000
3881  10.072  -68.118  -34.926 0.8999999762
3882  8.271  -67.951  -35.044 0.8999999762
3889  20.679  -68.120  -35.818 1.0000000000
3896  8.769  -67.386  -35.525 0.8999999762
3911  25.749  -67.408  -38.454 0.1000000015
3913  24.078  -67.145  -38.726 0.3000000119
4150  6.673  -67.004  -12.518 0.1000000015
4182  6.764  -66.330  -17.622 0.6999999881
4199  6.756  -66.723  -20.303 1.0000000000
4204  20.491  -66.478  -21.636 1.0000000000
4208  8.872  -66.315  -21.640 1.0000000000
4209  8.207  -66.561  -22.018 1.0000000000
4210  7.402  -66.324  -21.531 1.0000000000
4211  6.927  -66.755  -21.112 1.0000000000
4216  20.978  -66.567  -22.031 1.0000000000
4217  20.094  -65.908  -22.021 1.0000000000
4221  13.568  -66.739  -22.625 1.0000000000
4223  7.824  -66.664  -21.917 1.0000000000
4233  18.737  -65.849  -23.071 1.0000000000
4234  17.852  -66.489  -23.580 1.0000000000
4236  12.527  -67.097  -23.748 1.0000000000
4259  16.696  -66.349  -25.642 1.0000000000
4261  10.728  -66.558  -25.488 1.0000000000
4264  7.200  -66.328  -26.005 1.0000000000
4265  6.460  -66.055  -26.158 1.0000000000
4272  20.486  -65.716  -26.356 1.0000000000
4275  6.797  -66.509  -26.453 1.0000000000
4276  5.844  -65.733  -26.553 1.0000000000
4286  16.032  -65.865  -27.368 1.0000000000
4287  15.420  -66.321  -27.619 1.0000000000
4288  14.809  -66.736  -27.889 1.0000000000
4295  20.637  -65.928  -28.394 1.0000000000
4298  14.540  -66.523  -28.592 1.0000000000
4301  5.495  -66.192  -28.719 1.0000000000
4312  20.556  -66.539  -29.051 1.0000000000
4313  14.334  -66.211  -29.280 1.0000000000
4322  5.977  -66.782  -30.430 0.8999999762
4346  14.168  -66.360  -32.970 1.0000000000
4371  15.701  -66.383  -35.679 1.0000000000
4372  14.922  -66.722  -35.727 0.8999999762
4373  13.996  -67.076  -35.633 0.8999999762
4378  8.425  -66.511  -36.026 0.8000000119
4389  12.623  -66.158  -36.200 0.8999999762
4390  11.754  -66.058  -36.116 0.6999999881
4404  26.109  -66.726  -38.129 0.2000000030
4662  6.423  -65.231  -16.605 0.3000000119
4686  6.739  -65.180  -20.349 1.0000000000
4699  8.891  -65.549  -21.582 1.0000000000
4700  8.123  -65.411  -21.783 1.0000000000
4712  19.708  -65.523  -22.713 1.0000000000
4714  7.877  -66.010  -22.006 1.0000000000
4728  20.174  -65.226  -23.318 1.0000000000
4743  20.467  -65.228  -23.969 1.0000000000
4744  19.916  -64.839  -24.139 1.0000000000
4745  19.059  -64.848  -24.386 1.0000000000
4746  18.076  -65.353  -24.731 1.0000000000
4757  20.239  -64.914  -24.922 1.0000000000
4760  17.222  -65.595  -25.904 1.0000000000
4762  9.673  -65.837  -25.430 1.0000000000
4770  20.346  -64.973  -25.928 1.0000000000
4782  5.365  -65.274  -27.118 1.0000000000
4786  20.369  -65.071  -28.417 1.0000000000
4802  14.801  -65.669  -29.500 1.0000000000
4811  15.340  -65.004  -30.434 1.0000000000
4828  5.677  -65.643  -31.393 0.8999999762
4844  18.715  -65.127  -32.381 1.0000000000
4905  8.238  -65.430  -36.175 0.6999999881
4914  24.155  -65.384  -37.072 0.6000000238
4923  13.886  -65.877  -36.761 0.6999999881
4924  12.697  -65.373  -36.486 0.6999999881
4934  25.844  -65.306  -37.675 0.2000000030
4935  25.262  -65.148  -38.022 0.3000000119
4936  24.572  -65.063  -37.680 0.3000000119
4943  25.092  -65.799  -38.537 0.4000000060
5198  5.617  -64.523  -14.121 0.3000000119
5217  6.799  -64.555  -18.193 0.6999999881
5241  7.274  -64.341  -20.625 1.0000000000
5242  6.898  -64.590  -20.315 1.0000000000
5269  12.269  -64.202  -23.781 1.0000000000
5288  10.557  -64.703  -24.346 1.0000000000
5297  19.920  -64.641  -25.697 1.0000000000
5298  18.728  -64.505  -26.161 1.0000000000
5305  19.567  -64.475  -26.400 1.0000000000
5306  18.910  -64.379  -26.803 1.0000000000
5307  18.075  -64.601  -26.849 1.0000000000
5308  5.171  -64.466  -26.830 1.0000000000
5313  20.035  -64.624  -26.863 1.0000000000
5316  17.940  -64.502  -27.712 1.0000000000
5317  17.098  -64.757  -27.983 1.0000000000
5326  20.180  -64.805  -27.510 1.0000000000
5340  19.622  -64.548  -28.875 1.0000000000
5341  18.636  -64.402  -28.975 1.0000000000
5343  16.269  -64.736  -29.539 1.0000000000
5345  4.923  -64.760  -28.684 1.0000000000
5354  15.945  -64.729  -30.292 1.0000000000
5357  5.060  -64.316  -31.003 0.8999999762
5365  15.645  -64.852  -31.005 1.0000000000
5379  5.747  -64.551  -33.206 0.8000000119
5412  8.273  -64.529  -36.067 0.6000000238
5429  13.286  -65.099  -36.866 0.6999999881
5439  20.402  -63.962  -37.718 0.8999999762
5445  14.394  -64.569  -37.353 0.6999999881
5693  5.732  -63.013  -11.359 0.1000000015
5708  5.615  -63.633  -13.219 0.3000000119
5746  6.596  -63.998  -19.435 1.0000000000
5778  11.208  -63.648  -23.406 1.0000000000
5791  6.192  -63.911  -24.390 1.0000000000
5794  5.293  -63.515  -25.666 1.0000000000
5799  5.051  -63.682  -26.519 1.0000000000
5846  8.855  -63.599  -32.331 0.2000000030
5847  4.870  -63.517  -31.438 0.8999999762
5855  5.055  -63.478  -32.333 0.8999999762
5861  24.407  -63.380  -33.659 0.1000000015
5876  9.661  -63.871  -35.300 0.2000000030
5894  22.340  -63.198  -36.122 0.6999999881
5907  19.665  -63.225  -38.150 0.6000000238
5908  18.731  -63.371  -38.099 0.6000000238
5914  12.985  -63.354  -37.123 0.4000000060
6137  12.204  -62.394  -11.161 0.1000000015
6138  11.174  -62.525  -11.258 0.1000000015
6142  6.411  -62.260  -10.248 0.1000000015
6146  11.712  -62.035  -12.082 0.1000000015
6148  9.308  -61.727  -11.578 0.1000000015
6157  6.284  -61.772  -13.791 0.3000000119
6213  6.959  -62.174  -22.529 1.0000000000
6254  4.759  -63.035  -27.077 1.0000000000
6289  7.932  -62.201  -30.538 0.1000000015
6299  7.948  -61.962  -32.188 0.1000000015
6300  4.814  -62.656  -32.075 0.8000000119
6309  11.243  -63.249  -32.844 0.1000000015
6318  22.154  -62.210  -33.975 0.1000000015
6347  16.899  -61.882  -37.284 0.4000000060
6365  19.612  -62.266  -38.195 0.6000000238
6596  8.303  -61.279  -11.492 0.1000000015
6597  7.418  -61.238  -10.985 0.1000000015
6601  12.409  -61.047  -11.723 0.1000000015
6602  11.838  -61.315  -12.321 0.1000000015
6603  11.033  -61.509  -12.743 0.1000000015
6604  9.996  -61.398  -12.645 0.1000000015
6606  8.011  -60.966  -11.740 0.1000000015
6611  11.078  -60.899  -12.806 0.1000000015
6613  9.583  -61.000  -12.827 0.2000000030
6614  8.562  -60.883  -12.042 0.2000000030
6615  6.544  -61.092  -12.241 0.3000000119
6696  5.083  -61.552  -23.798 1.0000000000
6750  4.532  -61.517  -28.120 1.0000000000
6760  7.608  -61.543  -29.318 0.1000000015
6803  5.723  -61.825  -33.487 0.6999999881
6853  21.178  -61.637  -36.574 0.5000000000
6858  16.641  -61.146  -36.769 0.2000000030
7057  13.303  -61.117  -9.520 0.1000000015
7059  10.209  -60.063  -8.507 0.1000000015
7064  10.235  -59.786  -9.645 0.1000000015
7067  18.228  -60.308  -11.254 1.0000000000
7070  12.232  -60.445  -11.160 0.1000000015
7071  11.243  -59.947  -11.396 0.1000000015
7076  9.607  -60.084  -12.170 0.2000000030
7082  10.106  -60.680  -12.792 0.2000000030
7083  8.689  -60.747  -12.132 0.2000000030
7097  5.899  -60.212  -14.532 0.5000000000
7107  5.954  -60.832  -16.255 0.6000000238
7108  5.789  -59.940  -16.184 0.6000000238
7155  4.827  -60.438  -23.089 1.0000000000
7156  4.725  -60.165  -23.880 1.0000000000
7168  4.790  -60.841  -24.308 1.0000000000
7169  4.683  -60.085  -24.804 1.0000000000
7186  4.664  -60.407  -25.468 1.0000000000
7215  4.542  -60.777  -27.560 1.0000000000
7297  6.809  -60.575  -32.346 0.3000000119
7298  6.054  -60.595  -32.927 0.4000000060
7299  5.618  -61.135  -32.965 0.6000000238
7320  15.647  -59.694  -35.161 0.1000000015
7322  11.087  -60.138  -35.112 0.1000000015
7338  12.254  -60.292  -35.951 0.1000000015
7353  12.583  -60.871  -36.421 0.3000000119
7581  17.249  -59.551  -8.240 1.0000000000
7600  18.581  -59.997  -10.423 1.0000000000
7602  16.529  -60.177  -9.823 1.0000000000
7609  6.384  -59.371  -10.722 0.1000000015
7610  5.997  -59.048  -10.862 0.4000000060
7614  10.106  -59.749  -11.410 0.1000000015
7617  6.888  -59.959  -11.396 0.2000000030
7624  5.921  -59.180  -12.321 0.3000000119
7635  5.770  -59.091  -14.564 0.5000000000
7666  5.089  -59.864  -21.533 1.0000000000
7721  4.556  -59.193  -25.078 1.0000000000
7754  4.498  -59.795  -28.017 1.0000000000
7806  4.845  -59.176  -30.007 0.8000000119
7826  6.455  -58.949  -31.395 0.3000000119
7827  5.298  -59.015  -31.094 0.6999999881
7842  5.761  -59.035  -31.713 0.6999999881
8139  15.521  -58.389  -5.846 1.0000000000
8140  14.774  -58.599  -6.181 1.0000000000
8173  15.308  -59.493  -8.553 1.0000000000
8176  5.957  -58.919  -9.337 0.3000000119
8181  18.933  -59.118  -10.194 1.0000000000
8207  5.787  -58.166  -14.273 0.5000000000
8315  4.247  -57.966  -26.423 0.8000000119
8326  7.678  -58.097  -27.786 0.2000000030
8340  7.471  -57.669  -28.734 0.3000000119
8341  4.771  -57.893  -28.962 0.8999999762
8362  6.143  -57.479  -30.359 0.4000000060
8363  5.357  -58.315  -30.607 0.8000000119
8384  7.024  -58.755  -30.650 0.3000000119
8653  15.029  -57.387  -4.540 1.0000000000
8654  14.163  -57.269  -4.522 1.0000000000
8662  15.927  -57.796  -5.496 1.0000000000
8677  13.501  -57.649  -6.525 1.0000000000
8678  12.899  -57.024  -6.297 1.0000000000
8679  7.154  -57.773  -6.050 0.1000000015
8685  14.136  -58.326  -7.630 1.0000000000
8687  13.011  -57.182  -7.208 1.0000000000
8688  5.943  -57.253  -7.604 0.1000000015
8691  17.502  -58.448  -7.791 1.0000000000
8693  13.625  -57.749  -8.240 1.0000000000
8704  12.923  -57.103  -9.576 1.0000000000
8733  5.694  -57.469  -13.001 0.5000000000
8774  5.553  -57.687  -18.171 1.0000000000
8794  4.532  -57.342  -20.126 1.0000000000
8825  4.376  -57.670  -24.206 0.8999999762
8858  7.781  -57.278  -27.468 0.2000000030
8868  4.357  -57.065  -27.345 1.0000000000
8878  6.346  -56.530  -29.388 0.4000000060
8879  5.021  -56.912  -28.997 0.8000000119
8888  6.769  -57.279  -29.640 0.4000000060
8890  5.744  -57.185  -30.034 0.6000000238
9214  15.852  -57.316  -4.936 1.0000000000
9215  13.437  -57.061  -4.830 1.0000000000
9218  7.231  -56.927  -5.040 0.1000000015
9228  16.521  -57.262  -5.513 1.0000000000
9229  12.341  -56.424  -5.964 1.0000000000
9251  17.564  -57.057  -9.073 1.0000000000
9268  11.329  -56.314  -10.359 1.0000000000
9288  6.745  -55.985  -12.063 0.6999999881
9304  5.844  -56.613  -12.597 0.5000000000
9311  19.366  -56.703  -13.469 1.0000000000
9312  18.754  -56.155  -13.776 1.0000000000
9334  5.860  -56.115  -16.807 1.0000000000
9344  5.152  -56.276  -17.655 1.0000000000
9353  5.086  -56.870  -18.135 1.0000000000
9354  4.670  -56.508  -18.755 1.0000000000
9398  4.369  -56.707  -22.447 1.0000000000
9438  4.158  -56.666  -24.193 0.8999999762
9461  4.039  -56.558  -25.819 0.8000000119
9489  5.333  -55.664  -28.398 0.2000000030
9502  6.017  -55.929  -29.106 0.4000000060
9813  14.081  -55.598  -3.943 1.0000000000
9814  13.079  -55.681  -4.067 1.0000000000
9816  6.672  -55.549  -5.193 0.1000000015
9823  18.244  -55.528  -5.582 1.0000000000
9834  18.009  -56.346  -5.986 1.0000000000
9836  10.921  -55.161  -6.669 1.0000000000
9851  19.265  -55.671  -7.890 1.0000000000
9855  9.959  -55.085  -8.804 1.0000000000
9887  6.343  -55.855  -11.517 0.6000000238
9894  18.354  -55.939  -13.178 1.0000000000
9919  6.300  -54.968  -15.390 1.0000000000
9974  4.384  -55.752  -20.475 0.8999999762
10002  4.126  -55.563  -22.602 1.0000000000
10036  3.944  -54.878  -24.994 0.6999999881
10054  6.375  -54.382  -26.135 0.2000000030
10055  4.308  -54.675  -26.046 0.3000000119
10075  5.333  -54.661  -27.237 0.2000000030
10076  4.600  -54.964  -26.973 0.3000000119
10087  7.046  -55.474  -27.483 0.3000000119
10088  6.186  -54.871  -27.594 0.2000000030
10089  5.617  -55.202  -28.078 0.2000000030
10422  15.533  -54.926  -4.386 1.0000000000
10431  16.807  -54.552  -4.902 1.0000000000
10461  10.197  -54.838  -8.082 1.0000000000
10464  7.109  -53.817  -9.393 0.8999999762
10477  8.924  -54.695  -9.240 0.8999999762
10507  10.591  -54.333  -12.781 1.0000000000
10519  17.127  -54.851  -13.905 1.0000000000
10523  12.429  -54.782  -13.312 1.0000000000
10527  9.379  -54.632  -13.876 1.0000000000
10529  6.165  -54.242  -13.775 1.0000000000
10530  5.622  -53.967  -14.004 1.0000000000
10628  4.069  -53.625  -22.806 0.6000000238
10651  4.213  -53.886  -24.628 0.4000000060
10662  4.775  -53.918  -25.961 0.3000000119
10681  5.372  -54.115  -26.494 0.3000000119
11065  12.734  -54.052  -4.170 1.0000000000
11067  10.882  -53.253  -4.456 1.0000000000
11068  6.363  -53.685  -5.149 0.1000000015
11076  10.487  -53.620  -4.845 1.0000000000
11092  20.477  -54.024  -7.213 1.0000000000
11094  8.714  -52.883  -8.196 1.0000000000
11102  21.683  -54.036  -8.832 1.0000000000
11104  7.840  -53.236  -8.897 0.8999999762
11132  24.364  -53.618  -11.734 1.0000000000
11133  23.828  -53.936  -11.321 1.0000000000
11137  12.179  -53.442  -11.651 1.0000000000
11147  24.866  -53.447  -12.989 1.0000000000
11154  11.850  -53.955  -12.036 1.0000000000
11159  6.755  -53.528  -12.305 1.0000000000
11175  7.220  -53.916  -12.919 1.0000000000
11186  23.386  -52.869  -14.020 1.0000000000
11190  4.833  -53.224  -14.831 0.8999999762
11207  4.539  -52.976  -16.607 0.8000000119
11285  6.205  -52.965  -22.588 0.1000000015
11287  4.591  -52.899  -22.598 0.5000000000
11300  5.779  -53.018  -23.300 0.1000000015
11302  4.474  -53.236  -23.361 0.2000000030
11762  11.600  -53.200  -4.374 1.0000000000
11770  12.912  -52.526  -5.301 1.0000000000
11783  15.724  -52.248  -6.408 1.0000000000
11795  21.416  -52.862  -7.896 1.0000000000
11797  9.030  -52.734  -7.362 1.0000000000
11810  6.194  -52.837  -8.691 0.8000000119
11847  10.103  -52.973  -10.982 1.0000000000
11851  6.472  -52.635  -11.339 0.8999999762
11852  4.949  -52.026  -11.931 0.8000000119
11860  24.895  -53.191  -12.249 1.0000000000
11872  4.777  -52.172  -12.799 0.8000000119
11885  15.428  -52.419  -13.515 1.0000000000
11897  23.721  -52.463  -14.468 1.0000000000
11934  4.536  -52.376  -17.406 0.8000000119
11948  4.749  -51.940  -18.156 0.6000000238
11985  5.099  -52.240  -21.298 0.3000000119
11986  4.546  -52.727  -21.571 0.3000000119
12005  5.855  -52.482  -22.170 0.1000000015
12522  5.571  -50.554  -5.083 0.4000000060
12524  13.924  -51.846  -6.286 1.0000000000
12526  11.581  -51.762  -4.927 1.0000000000
12530  5.565  -50.648  -5.741 0.5000000000
12535  17.162  -51.470  -6.795 1.0000000000
12538  14.436  -51.288  -6.656 1.0000000000
12576  22.937  -52.053  -9.139 1.0000000000
12594  12.785  -51.089  -9.915 1.0000000000
12599  7.727  -51.413  -10.157 1.0000000000
12644  22.301  -52.033  -13.984 1.0000000000
12657  23.295  -51.733  -14.682 1.0000000000
12658  22.595  -51.583  -14.456 1.0000000000
12670  23.547  -51.058  -15.082 1.0000000000
12675  4.839  -51.439  -15.679 0.4000000060
12682  6.151  -50.691  -17.170 0.2000000030
12694  4.947  -51.579  -17.405 0.5000000000
12709  5.647  -51.381  -19.277 0.3000000119
12710  5.133  -51.655  -18.828 0.3000000119
13197  5.807  -49.960  -3.652 0.3000000119
13206  7.045  -49.652  -6.669 0.8000000119
13211  19.400  -50.887  -7.220 1.0000000000
13214  16.263  -50.101  -7.214 1.0000000000
13216  14.994  -50.676  -7.028 1.0000000000
13218  12.878  -50.530  -6.161 1.0000000000
13222  6.187  -49.847  -6.861 0.8999999762
13223  5.723  -50.231  -6.474 0.6000000238
13252  24.141  -50.299  -9.632 1.0000000000
13255  11.248  -50.479  -9.606 1.0000000000
13260  6.890  -50.499  -9.446 0.8999999762
13275  4.837  -50.116  -10.744 0.6999999881
13303  18.408  -50.003  -12.237 1.0000000000
13338  5.670  -50.018  -14.682 0.3000000119
13343  25.604  -50.347  -15.401 1.0000000000
13349  7.328  -50.820  -15.479 0.1000000015
13351  5.893  -50.385  -15.864 0.3000000119
13881  8.335  -49.066  -2.078 0.1000000015
13884  6.375  -49.123  -2.585 0.3000000119
13896  10.934  -49.572  -5.402 0.8999999762
13898  8.918  -49.379  -5.444 0.8999999762
13900  7.445  -49.245  -6.066 0.8999999762
13909  14.831  -49.936  -7.185 1.0000000000
13910  13.528  -49.562  -6.794 0.8999999762
13930  14.900  -49.175  -7.315 0.8999999762
13954  5.670  -49.402  -9.296 0.8000000119
13972  12.408  -49.379  -9.773 1.0000000000
13985  15.421  -49.014  -10.728 1.0000000000
13988  4.878  -49.001  -11.834 0.4000000060
13997  16.486  -48.830  -12.132 1.0000000000
14005  4.799  -49.749  -12.200 0.5000000000
14012  6.532  -49.389  -13.102 0.2000000030
14017  27.025  -49.002  -14.715 0.8999999762
14021  18.385  -49.096  -14.068 1.0000000000
14590  7.558  -47.871  -2.574 0.2000000030
14601  6.241  -48.609  -3.084 0.2000000030
14612  8.422  -48.498  -5.558 0.6000000238
14613  6.316  -48.239  -5.514 0.5000000000
14614  5.971  -48.388  -5.346 0.5000000000
14622  11.649  -48.290  -6.216 0.8999999762
14624  6.472  -48.580  -5.907 0.6999999881
14637  21.061  -49.234  -7.943 1.0000000000
14645  13.799  -48.008  -7.276 0.8999999762
14657  7.715  -48.269  -8.868 0.8000000119
14660  5.133  -47.824  -8.821 0.8000000119
14694  12.752  -48.663  -10.171 1.0000000000
14698  4.776  -48.450  -10.217 0.6999999881
14706  13.713  -48.245  -11.173 1.0000000000
14721  13.957  -47.877  -11.994 1.0000000000
14722  8.315  -48.344  -12.146 0.1000000015
14724  6.761  -48.352  -12.043 0.1000000015
14733  8.693  -48.076  -12.665 0.1000000015
14739  18.911  -48.349  -14.838 1.0000000000
14741  16.407  -48.231  -13.528 1.0000000000
14752  26.540  -48.876  -15.376 0.8999999762
14755  23.902  -48.405  -15.747 1.0000000000
14759  19.477  -47.948  -15.176 1.0000000000
15346  6.529  -47.463  -3.370 0.2000000030
15347  6.271  -47.959  -3.358 0.2000000030
15366  6.338  -47.405  -4.492 0.3000000119
15374  7.712  -47.003  -5.400 0.5000000000
15384  11.304  -47.486  -6.453 0.8000000119
15386  9.554  -47.296  -5.954 0.6999999881
15404  18.264  -47.671  -7.776 1.0000000000
15424  4.998  -47.219  -8.738 0.6000000238
15439  26.766  -47.761  -10.446 0.8999999762
15465  10.995  -46.781  -10.860 1.0000000000
15466  7.418  -47.621  -11.985 0.1000000015
15468  5.428  -47.510  -11.372 0.3000000119
15475  27.890  -47.696  -12.663 0.8999999762
15476  14.204  -47.556  -12.841 1.0000000000
15479  12.038  -46.780  -11.934 1.0000000000
15480  8.122  -47.718  -12.189 0.1000000015
15488  15.326  -47.426  -13.810 1.0000000000
15497  18.157  -47.999  -14.722 1.0000000000
15500  15.794  -47.074  -14.399 1.0000000000
15502  7.591  -47.464  -13.957 0.2000000030
15510  23.516  -47.785  -15.721 0.8999999762
16106  6.722  -46.875  -3.707 0.3000000119
16127  8.731  -46.842  -5.713 0.6999999881
16130  6.648  -46.979  -4.799 0.3000000119
16138  11.615  -46.849  -7.009 0.8000000119
16158  14.414  -46.370  -7.855 0.8000000119
16170  17.416  -46.137  -8.633 1.0000000000
16177  5.128  -46.697  -8.572 0.6000000238
16178  4.824  -46.834  -8.871 0.6000000238
16183  18.288  -46.001  -9.513 0.6999999881
16187  4.714  -46.745  -9.350 0.6000000238
16195  24.833  -46.449  -10.928 0.8000000119
16200  10.333  -46.386  -10.577 0.8999999762
16202  4.804  -46.569  -10.060 0.6000000238
16213  24.870  -45.681  -12.313 0.6999999881
16228  12.310  -46.428  -12.724 1.0000000000
16231  5.904  -46.404  -12.579 0.2000000030
16234  28.555  -46.493  -13.603 0.8999999762
16236  13.256  -46.169  -13.793 1.0000000000
16243  16.486  -46.090  -14.919 1.0000000000
16251  25.505  -46.592  -15.989 0.8999999762
16851  11.024  -45.553  -3.361 0.1000000015
16853  8.323  -45.453  -3.911 0.1000000015
16854  7.606  -45.769  -4.034 0.1000000015
16869  7.656  -45.768  -4.514 0.3000000119
16875  7.801  -45.643  -4.967 0.4000000060
16896  13.864  -45.830  -8.123 0.8000000119
16906  15.456  -44.845  -8.642 0.5000000000
16908  7.819  -45.179  -8.829 0.6999999881
16909  6.889  -45.195  -8.525 0.6999999881
16918  9.164  -45.451  -9.733 0.8000000119
16928  22.032  -44.858  -11.959 0.6000000238
16953  10.672  -45.225  -11.371 0.8999999762
16957  29.365  -45.281  -12.773 0.8000000119
16959  25.451  -44.515  -11.492 0.8000000119
16970  12.689  -45.506  -13.685 1.0000000000
16975  15.928  -45.528  -14.801 1.0000000000
16977  13.870  -45.655  -14.215 1.0000000000
16984  28.395  -45.172  -15.184 0.8999999762
17650  11.370  -43.972  -3.909 0.1000000015
17651  8.790  -44.760  -4.368 0.1000000015
17667  8.983  -44.161  -4.960 0.2000000030
17678  9.179  -44.069  -5.451 0.4000000060
17680  8.407  -44.946  -5.059 0.4000000060
17689  9.342  -44.395  -6.021 0.3000000119
17690  8.872  -44.638  -5.427 0.3000000119
17716  17.075  -44.192  -9.008 0.4000000060
17722  6.392  -44.420  -8.553 0.5000000000
17731  18.394  -44.585  -9.420 0.5000000000
17743  26.175  -44.914  -9.871 0.6000000238
17750  9.732  -44.139  -10.144 0.6999999881
17751  5.322  -44.128  -9.856 0.4000000060
17776  11.081  -44.898  -11.979 1.0000000000
17778  5.505  -44.720  -11.749 0.2000000030
17784  12.411  -44.072  -13.125 1.0000000000
17785  11.828  -44.775  -12.965 1.0000000000
17791  16.160  -44.723  -14.732 1.0000000000
17793  13.677  -44.944  -14.149 1.0000000000
17809  22.036  -44.918  -15.598 1.0000000000
17813  17.570  -44.937  -15.163 1.0000000000
18494  11.126  -43.366  -4.473 0.1000000015
18510  11.410  -42.925  -4.885 0.1000000015
18524  11.792  -42.562  -6.133 0.3000000119
18543  12.026  -42.957  -7.000 0.4000000060
18545  10.416  -43.603  -6.487 0.4000000060
18566  12.378  -43.552  -7.875 0.5000000000
18581  15.632  -43.581  -8.522 0.4000000060
18584  6.765  -43.642  -8.653 0.4000000060
18585  6.080  -43.812  -8.766 0.4000000060
18607  25.615  -43.967  -9.456 0.2000000030
18611  5.926  -42.864  -9.686 0.3000000119
18624  10.988  -43.706  -11.250 0.8000000119
18626  5.536  -43.503  -11.053 0.2000000030
18658  17.221  -43.555  -14.591 1.0000000000
18676  28.585  -43.906  -15.428 0.8999999762
18677  27.113  -43.744  -16.156 0.8999999762
18683  19.260  -43.315  -15.093 1.0000000000
19419  12.946  -42.596  -4.600 0.1000000015
19471  15.718  -42.327  -7.268 0.3000000119
19484  10.947  -41.702  -9.284 0.6000000238
19486  9.077  -41.690  -8.892 0.5000000000
19506  26.140  -43.440  -9.356 0.3000000119
19510  10.431  -42.592  -9.712 0.6999999881
19512  7.320  -41.526  -9.956 0.3000000119
19522  15.283  -42.222  -10.962 1.0000000000
19523  14.152  -42.346  -10.787 0.8999999762
19533  16.381  -42.260  -11.813 1.0000000000
19545  18.735  -41.362  -14.210 1.0000000000
19558  20.681  -41.491  -14.462 1.0000000000
20382  9.510  -41.099  -9.108 0.6000000238
20394  30.482  -41.711  -10.786 0.3000000119
20403  8.299  -41.022  -9.839 0.6000000238
20421  30.929  -41.639  -12.468 0.5000000000
21237  12.916  -40.439  -10.131 0.8999999762
21251  31.362  -40.503  -12.269 0.3000000119
21260  20.152  -40.394  -14.346 1.0000000000
21282  9.048  -39.460  -14.056 0.1000000015
22065  31.384  -39.679  -11.077 0.3000000119
22107  21.390  -39.632  -14.293 1.0000000000
22123  29.009  -39.813  -15.504 0.8000000119
22126  26.583  -39.654  -15.677 0.8000000119
22993  18.416  -38.207  -14.983 0.8999999762
23821  29.228  -37.158  -10.913 0.1000000015
23864  29.693  -37.761  -15.121 0.6000000238
23867  22.491  -37.457  -14.398 1.0000000000
24723  27.939  -37.119  -11.582 0.1000000015
24734  32.182  -36.284  -12.423 0.1000000015
24747  31.164  -36.558  -13.961 0.3000000119
24755  23.182  -36.470  -14.400 0.8000000119
24777  17.741  -36.149  -16.371 0.6000000238
25565  31.912  -35.783  -13.022 0.2000000030
25573  23.070  -34.943  -14.402 0.8000000119
25585  22.665  -35.491  -14.479 0.8000000119
26496  26.413  -34.338  -14.537 0.5000000000
26501  21.688  -35.056  -14.896 0.6000000238
27349  21.518  -34.503  -15.089 0.5000000000
28278  28.645  -32.264  -14.227 0.2000000030
28285  30.040  -32.980  -14.067 0.2000000030
28286  29.097  -32.861  -14.270 0.2000000030
28301  17.967  -32.339  -16.560 0.1000000015
29197  23.135  -32.410  -14.698 0.4000000060
29202  21.019  -32.570  -15.890 0.2000000030
111987  7.958  -68.653  -21.574 1.0000000000
111992  16.269  -65.084  -17.890 1.0000000000
112009  15.677  -65.712  -18.159 1.0000000000
112010  18.802  -63.511  -19.280 1.0000000000
112012  16.413  -62.660  -21.495 1.0000000000
112013  17.793  -62.109  -20.485 1.0000000000
112017  18.145  -64.277  -18.680 1.0000000000
112039  14.083  -59.934  -14.136 1.0000000000
112042  6.799  -62.484  -19.138 0.8999999762
112043  11.481  -61.129  -16.601 1.0000000000
112047  9.464  -60.261  -16.967 0.8999999762
112048  6.883  -58.117  -16.308 0.8999999762
112052  7.900  -62.090  -19.250 0.8000000119
112053  11.073  -60.438  -16.177 1.0000000000
112055  13.035  -58.545  -13.574 1.0000000000
112058  6.806  -56.900  -14.528 0.8000000119
112060  17.274  -61.796  -15.238 1.0000000000
112062  19.956  -61.040  -15.486 1.0000000000
112064  20.290  -59.939  -17.201 1.0000000000
112070  10.820  -61.323  -21.267 1.0000000000
112071  6.299  -59.072  -17.482 0.6999999881
112074  5.445  -59.684  -20.775 1.0000000000
112079  8.104  -60.977  -18.518 0.8000000119
112082  8.331  -55.856  -16.054 1.0000000000
112090  6.544  -56.018  -16.683 1.0000000000
112093  6.022  -57.867  -15.505 0.5000000000
112096  10.362  -58.231  -17.568 1.0000000000
112467  17.891  -58.793  -17.125 1.0000000000
112507  15.318  -62.923  -22.149 1.0000000000
112561  11.698  -57.226  -12.553 1.0000000000
112567  12.071  -57.213  -15.898 1.0000000000
112570  16.837  -60.320  -11.002 1.0000000000
112589  9.287  -63.732  -20.466 1.0000000000
112598  7.376  -55.315  -15.649 1.0000000000
112606  16.960  -63.404  -16.765 1.0000000000
112618  19.208  -60.586  -14.021 1.0000000000
112664  11.947  -59.350  -14.806 1.0000000000
112690  7.066  -58.779  -18.557 1.0000000000
112730  10.103  -57.235  -12.990 0.8999999762
112738  6.849  -60.138  -18.512 0.8000000119
112744  8.371  -61.722  -22.193 1.0000000000
112757  10.430  -62.418  -18.594 1.0000000000
112788  5.954  -57.352  -17.635 1.0000000000
112807  9.656  -55.552  -15.025 1.0000000000
112826  15.438  -56.888  -15.419 1.0000000000
112844  9.117  -56.946  -12.832 0.8999999762
112892  11.366  -60.591  -20.280 1.0000000000
112898  19.777  -58.908  -11.903 1.0000000000
112946  6.689  -60.120  -20.589 1.0000000000
112952  17.665  -56.596  -15.218 1.0000000000
112960  6.853  -57.419  -15.862 0.6999999881
112974  14.045  -58.641  -12.313 1.0000000000
112982  12.283  -60.501  -15.684 1.0000000000
112998  11.969  -63.423  -23.190 1.0000000000
113012  5.854  -59.001  -16.221 0.6999999881
113014  11.061  -62.484  -18.283 1.0000000000
113027  13.685  -68.062  -18.399 1.0000000000
113040  5.644  -59.136  -19.391 1.0000000000
113041  8.159  -68.743  -21.594 1.0000000000
113054  7.496  -55.725  -16.178 1.0000000000
113068  13.676  -60.691  -15.147 1.0000000000
113072  7.993  -58.600  -16.123 0.8999999762
113101  6.440  -57.412  -15.191 0.6999999881
113103  7.645  -68.487  -21.215 1.0000000000
113125  10.199  -61.188  -17.388 1.0000000000
113128  5.930  -59.004  -18.904 1.0000000000
113147  7.208  -62.458  -19.441 0.8000000119
113154  8.982  -58.076  -14.629 1.0000000000
113171  8.929  -60.949  -18.070 0.8999999762
113220  18.100  -63.635  -20.137 1.0000000000
113284  5.443  -60.455  -32.368 0.6000000238
113286  8.718  -59.703  -17.162 0.8999999762
113288  5.593  -58.795  -18.954 1.0000000000
113289  16.679  -81.789  -16.056 0.8000000119
113330  6.657  -63.293  -19.216 0.8000000119
113544  15.959  -76.535  -27.668 1.0000000000
113631  14.584  -62.147  -16.351 1.0000000000
113643  10.076  -56.225  -11.060 1.0000000000
113961  4.690  -51.312  -12.989 0.8000000119
113969  5.831  -58.234  -14.945 0.5000000000
114056  7.460  -58.785  -29.661 0.2000000030
114167  16.860  -64.504  -17.624 1.0000000000
114316  8.465  -63.069  -31.600 0.1000000015
114400  8.573  -68.955  -21.558 1.0000000000
114609  6.114  -66.215  -13.603 0.3000000119
114737  4.530  -60.151  -26.988 1.0000000000
114775  5.923  -59.306  -16.999 0.6000000238
114860  6.778  -64.621  -17.363 0.4000000060
114863  7.371  -58.056  -29.393 0.2000000030
114887  10.264  -60.862  -31.914 0.1000000015
114957  9.248  -71.972  -18.481 0.8999999762
115053  19.368  -63.114  -18.063 1.0000000000
115119  6.533  -63.843  -18.818 0.8000000119
115322  12.428  -74.439  -10.042 0.8000000119
115405  18.812  -57.359  -15.560 1.0000000000
115488  20.064  -69.740  -19.941 1.0000000000
115549  29.789  -44.152  -13.331 0.6999999881
115610  9.154  -68.063  -34.979 0.8999999762
115622  11.683  -56.365  -9.160 1.0000000000
115890  16.390  -65.161  -28.139 1.0000000000
116020  25.167  -76.248  -28.592 0.1000000015
116039  13.836  -76.853  -19.445 1.0000000000
116082  15.286  -76.039  -9.077 0.5000000000
116115  24.084  -40.676  -15.431 1.0000000000
116382  15.984  -76.725  -26.866 0.8999999762
116621  24.849  -76.880  -28.642 0.1000000015
116666  17.135  -62.884  -37.572 0.6999999881
116698  18.277  -81.644  -16.169 0.8000000119
116706  13.493  -68.871  -27.530 1.0000000000
116861  4.489  -57.563  -22.318 1.0000000000
116895  26.285  -71.570  -36.672 0.1000000015
117031  18.454  -72.881  -24.901 1.0000000000
117084  18.049  -33.814  -16.594 0.3000000119
117092  19.301  -69.831  -24.278 1.0000000000
117104  11.436  -59.967  -10.333 0.1000000015
117115  8.463  -71.033  -12.454 0.1000000015
117230  5.749  -66.493  -28.021 1.0000000000
117256  10.987  -56.347  -11.004 1.0000000000
117466  6.345  -66.904  -31.698 0.8999999762
117615  14.476  -53.237  -13.572 1.0000000000
117625  12.145  -68.430  -32.873 1.0000000000
117712  26.217  -76.533  -26.498 0.1000000015
117738  22.940  -53.889  -12.554 1.0000000000
117886  20.716  -72.083  -22.362 1.0000000000
117993  5.687  -52.417  -11.549 0.8999999762
118012  31.968  -37.871  -11.934 0.2000000030
118199  9.478  -54.877  -8.997 1.0000000000
118265  18.742  -81.202  -14.161 0.4000000060
118401  7.937  -66.375  -25.844 1.0000000000
118505  16.139  -59.037  -6.861 1.0000000000
118682  19.156  -81.454  -16.078 0.2000000030
118758  5.812  -48.573  -4.854 0.3000000119
118833  12.393  -62.832  -36.848 0.3000000119
118935  16.557  -67.368  -24.718 1.0000000000
119008  19.965  -79.890  -25.739 0.6000000238
119078  5.381  -45.960  -8.444 0.6999999881
119263  19.293  -73.768  -24.073 1.0000000000
119503  9.238  -59.597  -9.652 0.1000000015
119510  17.884  -51.400  -6.876 1.0000000000
119516  12.349  -43.474  -12.372 0.8999999762
119593  24.557  -76.467  -28.809 0.2000000030
119610  10.594  -51.939  -4.692 1.0000000000
119658  12.986  -49.923  -6.406 0.8999999762
119666  16.383  -65.147  -20.551 1.0000000000
119706  17.018  -79.664  -10.804 0.4000000060
119816  5.805  -59.560  -32.134 0.5000000000
119857  11.387  -55.574  -6.287 1.0000000000
119923  22.285  -45.644  -15.631 1.0000000000
119978  24.497  -44.160  -16.092 1.0000000000
120144  19.829  -71.888  -35.317 0.8000000119
120201  13.581  -74.870  -9.291 0.4000000060
120341  21.166  -79.870  -25.384 0.5000000000
120365  4.450  -58.972  -25.954 1.0000000000
120382  6.383  -67.846  -29.832 1.0000000000
120405  14.736  -77.713  -9.400 0.6000000238
120674  20.128  -72.571  -18.558 1.0000000000
120684  9.275  -60.678  -12.462 0.2000000030
120763  25.521  -45.179  -16.181 0.8999999762
120834  13.628  -79.320  -13.875 0.8999999762
120846  6.640  -65.918  -20.301 1.0000000000
121416  6.408  -45.994  -8.452 0.8000000119
121844  5.806  -65.369  -13.864 0.2000000030
122378  16.293  -46.724  -14.715 1.0000000000
122442  14.771  -55.005  -4.188 1.0000000000
122598  12.624  -39.788  -11.151 0.6999999881
122870  21.084  -46.917  -15.528 1.0000000000
122910  23.998  -47.101  -15.836 0.8999999762
122973  7.337  -61.296  -32.520 0.2000000030
123073  10.068  -64.689  -32.173 0.1000000015
123186  10.825  -68.099  -24.855 1.0000000000
123386  20.772  -72.292  -26.595 0.3000000119
123463  5.104  -61.168  -23.095 1.0000000000
123502  6.513  -66.413  -33.073 0.8999999762
123671  8.707  -47.676  -2.672 0.1000000015
123698  20.119  -73.893  -34.430 0.6999999881
123717  25.988  -51.784  -14.452 1.0000000000
123727  19.850  -67.168  -27.260 1.0000000000
123748  5.404  -44.253  -10.798 0.2000000030
123874  26.868  -70.813  -18.674 0.1000000015
123983  6.236  -61.612  -17.488 0.6000000238
124283  17.295  -78.750  -20.621 1.0000000000
124292  14.966  -59.173  -9.594 1.0000000000
124389  30.771  -38.861  -14.376 0.4000000060
124744  11.810  -68.839  -30.918 1.0000000000
124763  8.467  -69.106  -26.842 1.0000000000
124881  13.109  -69.170  -18.309 1.0000000000
124931  6.820  -64.476  -24.446 1.0000000000
124956  8.788  -70.120  -21.308 1.0000000000
125050  27.259  -41.200  -15.971 0.8000000119
125076  6.260  -67.114  -27.974 1.0000000000
125167  13.473  -77.857  -12.462 0.8000000119
125306  21.119  -31.274  -16.790 0.1000000015
125501  25.907  -71.891  -20.407 0.1000000015
125584  24.339  -78.524  -22.042 0.3000000119
125843  6.385  -61.992  -18.084 0.6000000238
125929  12.318  -44.908  -13.450 1.0000000000
126053  16.034  -80.215  -23.977 0.6999999881
126083  31.010  -40.871  -13.512 0.4000000060
126126  20.834  -65.987  -22.537 1.0000000000
126129  18.774  -77.119  -16.729 1.0000000000
126254  16.088  -43.413  -14.066 1.0000000000
126339  6.287  -60.562  -13.222 0.3000000119
126343  15.127  -70.971  -28.403 1.0000000000
126506  5.531  -62.171  -23.511 1.0000000000
126507  15.763  -76.136  -25.780 0.8999999762
126616  6.396  -61.367  -13.955 0.5000000000
126620  13.268  -46.163  -7.946 0.6999999881
126671  13.564  -77.257  -10.207 0.6999999881
126900  11.952  -53.755  -4.129 1.0000000000
126991  18.920  -45.039  -15.436 1.0000000000
127066  27.224  -74.985  -32.159 0.1000000015
127122  18.434  -41.149  -14.180 1.0000000000
127178  26.206  -78.834  -15.897 0.1000000015
127208  17.200  -75.790  -18.732 1.0000000000
127302  5.568  -57.677  -11.332 0.5000000000
127515  6.443  -63.578  -15.872 0.3000000119
127979  20.001  -57.691  -14.792 1.0000000000
128088  9.008  -60.555  -21.095 1.0000000000
128113  6.621  -56.445  -17.093 1.0000000000
128148  13.355  -57.234  -15.577 1.0000000000
128156  14.893  -59.320  -12.086 1.0000000000
128191  14.453  -57.805  -16.053 1.0000000000
128192  13.556  -59.403  -17.713 1.0000000000
128220  6.819  -55.531  -16.064 1.0000000000
128229  15.522  -62.303  -21.627 1.0000000000
128237  11.665  -62.589  -17.996 1.0000000000
128286  9.762  -59.329  -19.130 1.0000000000
128298  12.611  -56.911  -15.490 1.0000000000
128305  10.363  -58.068  -14.062 1.0000000000
128315  10.907  -64.727  -19.956 1.0000000000
128344  12.455  -58.918  -14.256 1.0000000000
128345  11.528  -59.687  -15.249 0.8999999762
128352  9.877  -60.696  -21.021 1.0000000000
128363  6.279  -58.698  -18.546 1.0000000000
128367  7.042  -61.438  -21.950 1.0000000000
128385  19.653  -61.575  -18.933 1.0000000000
128390  13.521  -60.610  -19.569 1.0000000000
128391  13.753  -61.523  -21.087 1.0000000000
128423  19.671  -57.267  -12.810 1.0000000000
128425  15.445  -58.791  -16.972 1.0000000000
128433  11.625  -60.110  -19.588 1.0000000000
128434  13.554  -57.910  -16.119 1.0000000000
128445  10.368  -57.218  -16.438 1.0000000000
128469  6.094  -59.722  -17.670 0.6000000238
128473  6.579  -60.857  -18.450 0.6999999881
128496  7.910  -62.315  -22.574 1.0000000000
128500  7.078  -57.653  -17.584 1.0000000000
128512  10.521  -55.598  -14.685 1.0000000000
128522  6.062  -58.177  -16.232 0.6000000238
128560  10.178  -64.220  -20.339 1.0000000000
128562  5.917  -56.670  -17.260 1.0000000000
128578  14.568  -59.815  -13.532 1.0000000000
128579  13.489  -59.617  -14.259 1.0000000000
128587  5.809  -59.516  -19.988 1.0000000000
128590  13.641  -61.048  -20.305 1.0000000000
128596  8.366  -56.912  -17.146 1.0000000000
128598  12.526  -56.302  -14.898 1.0000000000
128606  12.904  -66.415  -18.281 1.0000000000
128616  7.516  -60.245  -18.425 0.8000000119
128620  7.215  -56.756  -13.916 0.8999999762
128621  16.440  -55.884  -14.873 1.0000000000
128640  16.104  -63.994  -21.870 1.0000000000
128645  10.013  -60.668  -16.977 1.0000000000
128647  7.565  -59.608  -19.948 1.0000000000
128648  10.030  -61.781  -21.943 1.0000000000
128665  17.079  -63.242  -21.259 1.0000000000
128673  19.809  -59.580  -12.422 1.0000000000
128682  19.760  -57.140  -13.593 1.0000000000
128702  6.033  -60.002  -20.583 1.0000000000
128994  6.762  -56.954  -17.376 1.0000000000
128995  7.581  -58.158  -18.028 1.0000000000
128996  9.447  -58.052  -17.767 1.0000000000
129052  12.383  -64.282  -18.803 1.0000000000
129080  9.067  -58.395  -18.240 1.0000000000
129088  10.025  -57.651  -13.628 1.0000000000
129119  15.614  -59.733  -11.602 1.0000000000
129277  21.339  -80.229  -19.611 0.4000000060
129295  15.939  -70.402  -33.418 0.8999999762
129375  20.866  -75.481  -19.692 1.0000000000
129387  7.711  -49.488  -1.778 0.1000000015
129392  4.595  -60.303  -26.151 1.0000000000
129455  27.882  -69.889  -18.624 0.1000000015
129458  7.705  -52.100  -10.744 1.0000000000
129513  24.696  -33.639  -14.365 0.5000000000
129524  4.993  -54.938  -16.782 0.8999999762
129603  9.608  -44.800  -3.915 0.1000000015
129634  23.512  -80.161  -21.477 0.4000000060
129638  6.162  -66.174  -16.239 0.5000000000
129657  20.586  -67.878  -23.471 1.0000000000
129699  11.467  -44.640  -12.432 1.0000000000
129781  16.949  -81.802  -16.825 0.8000000119
129967  16.688  -47.954  -14.088 1.0000000000
130024  10.629  -58.693  -17.977 1.0000000000
130054  8.627  -64.851  -21.394 1.0000000000
130080  3.977  -56.017  -24.783 0.8999999762
130265  5.484  -56.782  -29.486 0.5000000000
130274  21.473  -66.519  -30.589 1.0000000000
130340  15.278  -74.941  -26.786 1.0000000000
130456  7.410  -60.529  -31.475 0.3000000119
130495  20.263  -76.499  -18.745 1.0000000000
130587  8.397  -63.430  -20.312 0.8999999762
130628  4.239  -53.020  -20.683 0.6000000238
130640  6.759  -62.699  -16.264 0.4000000060
130840  20.650  -53.279  -10.814 1.0000000000
130935  15.373  -55.249  -14.581 1.0000000000
130985  13.295  -59.715  -18.305 1.0000000000
130988  15.823  -42.834  -12.498 1.0000000000
131013  5.454  -56.149  -28.999 0.5000000000
131027  8.012  -70.287  -20.329 1.0000000000
131032  5.291  -60.440  -21.843 1.0000000000
131091  3.983  -54.565  -22.470 0.6999999881
131109  5.954  -58.740  -31.568 0.4000000060
131270  13.889  -57.644  -5.100 1.0000000000
131379  20.521  -75.915  -18.577 1.0000000000
131386  6.106  -47.763  -4.097 0.4000000060
131415  16.120  -76.879  -28.395 1.0000000000
131425  10.974  -51.110  -4.925 0.8999999762
131464  6.566  -54.375  -9.614 0.8999999762
131501  7.957  -59.220  -17.328 0.8999999762
131507  21.663  -78.443  -28.899 0.5000000000
131582  8.405  -55.129  -14.974 1.0000000000
131614  12.449  -75.190  -13.837 0.8999999762
131622  19.706  -40.660  -14.335 1.0000000000
131654  12.854  -63.328  -18.188 1.0000000000
131668  17.144  -56.033  -11.596 1.0000000000
131913  5.843  -52.373  -6.291 0.6000000238
131950  13.733  -66.637  -18.107 1.0000000000
131984  6.405  -65.812  -33.735 0.8999999762
132007  8.425  -58.470  -15.568 0.8999999762
132050  18.631  -77.465  -22.439 0.8999999762
132184  17.833  -61.498  -19.979 1.0000000000
132194  17.101  -77.730  -9.853 0.2000000030
132459  18.657  -78.981  -11.102 0.3000000119
132522  7.450  -68.931  -20.136 1.0000000000
132631  14.098  -76.066  -8.913 0.6000000238
132647  6.846  -67.012  -19.385 1.0000000000
132713  5.431  -57.721  -30.232 0.6000000238
132762  11.444  -64.721  -36.328 0.6000000238
132769  21.632  -79.487  -12.715 0.1000000015
132781  29.432  -43.377  -14.747 0.8000000119
132942  4.466  -56.523  -20.086 1.0000000000
132961  9.895  -39.568  -12.771 0.1000000015
133166  26.394  -42.439  -9.038 0.2000000030
133277  12.372  -49.948  -6.034 0.8999999762
133391  19.790  -55.477  -7.836 1.0000000000
133420  11.761  -42.627  -5.366 0.1000000015
133444  10.212  -72.945  -16.762 0.8000000119
133489  6.891  -47.303  -3.008 0.2000000030
133520  15.111  -80.480  -21.806 0.8999999762
133693  23.920  -74.208  -34.410 0.2000000030
133734  15.707  -47.118  -7.638 1.0000000000
133818  6.514  -58.591  -16.995 0.8000000119
133879  10.877  -70.400  -29.807 1.0000000000
133893  16.205  -65.496  -27.747 1.0000000000
133932  15.330  -75.047  -9.850 0.4000000060
133933  12.688  -59.766  -18.670 1.0000000000
133988  22.134  -62.787  -36.670 0.6999999881
134035  26.384  -78.587  -18.300 0.1000000015
134056  24.459  -49.565  -15.679 0.8999999762
134129  7.108  -47.724  -8.718 0.8000000119
134141  26.405  -51.128  -14.451 0.8999999762
134166  7.980  -59.644  -10.616 0.2000000030
134201  18.622  -68.817  -25.955 1.0000000000
134220  12.671  -48.125  -6.809 0.8999999762
134396  23.932  -76.620  -28.920 0.2000000030
134412  16.468  -78.751  -9.988 0.6000000238
134451  15.240  -49.654  -7.291 1.0000000000
134496  5.517  -57.032  -10.998 0.6000000238
134500  25.895  -33.090  -14.378 0.4000000060
134541  4.706  -58.596  -20.889 1.0000000000
134670  9.716  -56.458  -11.672 0.8999999762
134725  17.431  -69.637  -26.819 1.0000000000
134756  17.082  -48.748  -7.442 1.0000000000
134768  18.362  -78.058  -21.054 1.0000000000
134981  6.620  -62.969  -15.651 0.3000000119
135053  25.041  -75.488  -21.192 0.1000000015
135108  16.735  -47.296  -7.661 1.0000000000
135126  26.049  -46.624  -9.863 0.8999999762
135134  6.978  -59.768  -20.092 1.0000000000
135163  4.171  -53.961  -20.635 0.8999999762
135165  22.671  -67.130  -38.121 0.6000000238
135210  12.863  -60.388  -36.251 0.1000000015
135222  16.330  -65.546  -19.924 1.0000000000
135234  9.774  -71.104  -21.352 1.0000000000
135269  13.743  -57.828  -10.539 1.0000000000
135340  18.155  -48.815  -7.463 1.0000000000
135442  18.565  -77.821  -16.735 1.0000000000
135483  12.504  -66.631  -18.465 1.0000000000
135514  12.409  -56.220  -5.144 1.0000000000
135534  8.127  -70.445  -16.117 0.6999999881
135590  17.639  -64.701  -18.652 1.0000000000
135736  10.691  -44.625  -7.064 0.5000000000
135812  19.925  -47.622  -8.663 1.0000000000
135827  10.382  -70.316  -24.652 1.0000000000
135846  23.946  -69.649  -38.051 0.3000000119
135861  27.276  -39.934  -15.725 0.8000000119
135894  21.963  -67.921  -32.037 1.0000000000
135978  5.845  -63.194  -24.122 1.0000000000
136172  15.317  -59.252  -7.088 1.0000000000
136207  18.164  -42.490  -14.392 1.0000000000
136284  18.529  -67.617  -30.949 1.0000000000
136298  12.805  -62.019  -10.804 0.1000000015
136323  3.969  -55.312  -23.264 0.6999999881
136387  16.132  -65.626  -33.875 1.0000000000
136426  14.853  -58.304  -5.546 1.0000000000
136508  21.899  -36.649  -14.610 0.8999999762
136603  22.601  -45.202  -15.660 1.0000000000
136675  19.762  -49.444  -14.586 1.0000000000
136708  20.165  -74.828  -22.677 1.0000000000
136786  11.378  -65.414  -36.228 0.6999999881
136869  20.638  -66.042  -22.117 1.0000000000
136889  16.010  -78.978  -25.580 0.8000000119
136974  29.270  -37.106  -15.175 0.5000000000
136994  30.794  -34.255  -13.934 0.2000000030
137015  13.239  -67.026  -18.200 1.0000000000
137017  22.569  -48.922  -15.480 1.0000000000
137053  14.075  -63.280  -17.616 1.0000000000
137192  21.608  -61.803  -35.189 0.3000000119
137274  10.506  -60.942  -21.011 1.0000000000
137291  16.489  -60.566  -19.206 1.0000000000
137342  4.702  -58.819  -21.412 1.0000000000
137358  10.487  -72.374  -10.392 0.2000000030
137415  5.584  -55.924  -16.865 1.0000000000
