
Fri Mar 13 23:40:26 CET 2026
cd /out/sourcedata/freesurfer/sub-v2s7x29668_ses-1
setenv SUBJECTS_DIR /out/sourcedata/freesurfer
/opt/freesurfer/bin/recon-all -autorecon-hemi lh -noparcstats -noparcstats2 -noparcstats3 -nohyporelabel -nobalabels -lh-only -openmp 16 -subjid sub-v2s7x29668_ses-1 -sd /out/sourcedata/freesurfer

subjid sub-v2s7x29668_ses-1
setenv SUBJECTS_DIR /out/sourcedata/freesurfer
FREESURFER_HOME /opt/freesurfer
Actual FREESURFER_HOME /opt/freesurfer
build-stamp.txt: freesurfer-linux-ubuntu22_x86_64-7.3.2-20220804-6354275
Linux dna082 5.14.0-427.37.1.el9_4.x86_64 #1 SMP PREEMPT_DYNAMIC Fri Sep 13 12:41:50 EDT 2024 x86_64 x86_64 x86_64 GNU/Linux
cputime      unlimited
filesize     unlimited
datasize     unlimited
stacksize    8192 kbytes
coredumpsize 0 kbytes
memoryuse    67108864 kbytes
vmemoryuse   unlimited
descriptors  1024 
memorylocked unlimited
maxproc      2061970 
maxlocks     unlimited
maxsignal    2062029 
maxmessage   819200 
maxnice      0 
maxrtprio    0 
maxrttime    unlimited

               total        used        free      shared  buff/cache   available
Mem:           503Gi        51Gi       347Gi       8.9Gi       104Gi       440Gi
Swap:             0B          0B          0B

########################################
program versions used
7.3.2 (freesurfer-linux-ubuntu22_x86_64-7.3.2-20220804-6354275)
7.3.2

ProgramName: lta_convert  ProgramArguments: lta_convert -all-info  ProgramVersion: 7.3.2  TimeStamp: 2026/03/13-22:40:26-GMT  BuildTime: Aug  4 2022 06:17:15  BuildStamp: freesurfer-linux-ubuntu22_x86_64-7.3.2-20220804-6354275  User: oesteban  Machine: dna082  Platform: Linux  PlatformVersion: 5.14.0-427.37.1.el9_4.x86_64  CompilerName: GCC  CompilerVersion: 8.4.0
ProgramName: mri_and  ProgramArguments: mri_and -all-info  ProgramVersion: 7.3.2  TimeStamp: 2026/03/13-22:40:26-GMT  BuildTime: Aug  4 2022 06:17:15  BuildStamp: freesurfer-linux-ubuntu22_x86_64-7.3.2-20220804-6354275  User: oesteban  Machine: dna082  Platform: Linux  PlatformVersion: 5.14.0-427.37.1.el9_4.x86_64  CompilerName: GCC  CompilerVersion: 8.4.0
ProgramName: mri_annotation2label  ProgramArguments: mri_annotation2label -all-info  ProgramVersion: 7.3.2  TimeStamp: 2026/03/13-22:40:26-GMT  BuildTime: Aug  4 2022 06:17:15  BuildStamp: freesurfer-linux-ubuntu22_x86_64-7.3.2-20220804-6354275  User: oesteban  Machine: dna082  Platform: Linux  PlatformVersion: 5.14.0-427.37.1.el9_4.x86_64  CompilerName: GCC  CompilerVersion: 8.4.0
ProgramName: mri_aparc2aseg  ProgramArguments: mri_aparc2aseg -all-info  ProgramVersion: 7.3.2  TimeStamp: 2026/03/13-22:40:26-GMT  BuildTime: Aug  4 2022 06:17:15  BuildStamp: freesurfer-linux-ubuntu22_x86_64-7.3.2-20220804-6354275  User: oesteban  Machine: dna082  Platform: Linux  PlatformVersion: 5.14.0-427.37.1.el9_4.x86_64  CompilerName: GCC  CompilerVersion: 8.4.0
ProgramName: mri_surf2volseg  ProgramArguments: mri_surf2volseg -all-info  ProgramVersion: 7.3.2  TimeStamp: 2026/03/13-22:40:26-GMT  BuildTime: Aug  4 2022 06:17:15  BuildStamp: freesurfer-linux-ubuntu22_x86_64-7.3.2-20220804-6354275  User: oesteban  Machine: dna082  Platform: Linux  PlatformVersion: 5.14.0-427.37.1.el9_4.x86_64  CompilerName: GCC  CompilerVersion: 8.4.0
ProgramName: mri_binarize  ProgramArguments: mri_binarize -all-info  ProgramVersion: 7.3.2  TimeStamp: 2026/03/13-22:40:26-GMT  BuildTime: Aug  4 2022 06:17:15  BuildStamp: freesurfer-linux-ubuntu22_x86_64-7.3.2-20220804-6354275  User: oesteban  Machine: dna082  Platform: Linux  PlatformVersion: 5.14.0-427.37.1.el9_4.x86_64  CompilerName: GCC  CompilerVersion: 8.4.0
ProgramName: mri_ca_label  ProgramArguments: mri_ca_label -all-info  ProgramVersion: 7.3.2  TimeStamp: 2026/03/13-22:40:26-GMT  BuildTime: Aug  4 2022 06:17:15  BuildStamp: freesurfer-linux-ubuntu22_x86_64-7.3.2-20220804-6354275  User: oesteban  Machine: dna082  Platform: Linux  PlatformVersion: 5.14.0-427.37.1.el9_4.x86_64  CompilerName: GCC  CompilerVersion: 8.4.0
ProgramName: mri_ca_normalize  ProgramArguments: mri_ca_normalize -all-info  ProgramVersion: 7.3.2  TimeStamp: 2026/03/13-22:40:26-GMT  BuildTime: Aug  4 2022 06:17:15  BuildStamp: freesurfer-linux-ubuntu22_x86_64-7.3.2-20220804-6354275  User: oesteban  Machine: dna082  Platform: Linux  PlatformVersion: 5.14.0-427.37.1.el9_4.x86_64  CompilerName: GCC  CompilerVersion: 8.4.0
ProgramName: mri_ca_register  ProgramArguments: mri_ca_register -all-info  ProgramVersion: 7.3.2  TimeStamp: 2026/03/13-22:40:26-GMT  BuildTime: Aug  4 2022 06:17:15  BuildStamp: freesurfer-linux-ubuntu22_x86_64-7.3.2-20220804-6354275  User: oesteban  Machine: dna082  Platform: Linux  PlatformVersion: 5.14.0-427.37.1.el9_4.x86_64  CompilerName: GCC  CompilerVersion: 8.4.0
ProgramName: mri_cc  ProgramArguments: mri_cc -all-info  ProgramVersion: 7.3.2  TimeStamp: 2026/03/13-22:40:26-GMT  BuildTime: Aug  4 2022 06:17:15  BuildStamp: freesurfer-linux-ubuntu22_x86_64-7.3.2-20220804-6354275  User: oesteban  Machine: dna082  Platform: Linux  PlatformVersion: 5.14.0-427.37.1.el9_4.x86_64  CompilerName: GCC  CompilerVersion: 8.4.0
ProgramName: mri_compute_overlap  ProgramArguments: mri_compute_overlap -all-info  ProgramVersion: 7.3.2  TimeStamp: 2026/03/13-22:40:26-GMT  BuildTime: Aug  4 2022 06:17:15  BuildStamp: freesurfer-linux-ubuntu22_x86_64-7.3.2-20220804-6354275  User: oesteban  Machine: dna082  Platform: Linux  PlatformVersion: 5.14.0-427.37.1.el9_4.x86_64  CompilerName: GCC  CompilerVersion: 8.4.0
ProgramName: mri_compute_seg_overlap  ProgramArguments: mri_compute_seg_overlap -all-info  ProgramVersion: 7.3.2  TimeStamp: 2026/03/13-22:40:26-GMT  BuildTime: Aug  4 2022 06:17:15  BuildStamp: freesurfer-linux-ubuntu22_x86_64-7.3.2-20220804-6354275  User: oesteban  Machine: dna082  Platform: Linux  PlatformVersion: 5.14.0-427.37.1.el9_4.x86_64  CompilerName: GCC  CompilerVersion: 8.4.0
ProgramName: mri_concat  ProgramArguments: mri_concat -all-info  ProgramVersion: 7.3.2  TimeStamp: 2026/03/13-22:40:26-GMT  BuildTime: Aug  4 2022 06:17:15  BuildStamp: freesurfer-linux-ubuntu22_x86_64-7.3.2-20220804-6354275  User: oesteban  Machine: dna082  Platform: Linux  PlatformVersion: 5.14.0-427.37.1.el9_4.x86_64  CompilerName: GCC  CompilerVersion: 8.4.0
ProgramName: mri_concatenate_lta  ProgramArguments: mri_concatenate_lta -all-info  ProgramVersion: 7.3.2  TimeStamp: 2026/03/13-22:40:26-GMT  BuildTime: Aug  4 2022 06:17:15  BuildStamp: freesurfer-linux-ubuntu22_x86_64-7.3.2-20220804-6354275  User: oesteban  Machine: dna082  Platform: Linux  PlatformVersion: 5.14.0-427.37.1.el9_4.x86_64  CompilerName: GCC  CompilerVersion: 8.4.0
mri_convert -all-info 
ProgramName: mri_convert  ProgramArguments: mri_convert -all-info  ProgramVersion: 7.3.2  TimeStamp: 2026/03/13-22:40:26-GMT  BuildTime: Aug  4 2022 06:17:15  BuildStamp: freesurfer-linux-ubuntu22_x86_64-7.3.2-20220804-6354275  User: oesteban  Machine: dna082  Platform: Linux  PlatformVersion: 5.14.0-427.37.1.el9_4.x86_64  CompilerName: GCC  CompilerVersion: 8.4.0
ProgramName: mri_diff  ProgramArguments: mri_diff -all-info  ProgramVersion: 7.3.2  TimeStamp: 2026/03/13-22:40:26-GMT  BuildTime: Aug  4 2022 06:17:15  BuildStamp: freesurfer-linux-ubuntu22_x86_64-7.3.2-20220804-6354275  User: oesteban  Machine: dna082  Platform: Linux  PlatformVersion: 5.14.0-427.37.1.el9_4.x86_64  CompilerName: GCC  CompilerVersion: 8.4.0
ProgramName: mri_edit_wm_with_aseg  ProgramArguments: mri_edit_wm_with_aseg -all-info  ProgramVersion: 7.3.2  TimeStamp: 2026/03/13-22:40:26-GMT  BuildTime: Aug  4 2022 06:17:15  BuildStamp: freesurfer-linux-ubuntu22_x86_64-7.3.2-20220804-6354275  User: oesteban  Machine: dna082  Platform: Linux  PlatformVersion: 5.14.0-427.37.1.el9_4.x86_64  CompilerName: GCC  CompilerVersion: 8.4.0
ProgramName: mri_em_register  ProgramArguments: mri_em_register -all-info  ProgramVersion: 7.3.2  TimeStamp: 2026/03/13-22:40:26-GMT  BuildTime: Aug  4 2022 06:17:15  BuildStamp: freesurfer-linux-ubuntu22_x86_64-7.3.2-20220804-6354275  User: oesteban  Machine: dna082  Platform: Linux  PlatformVersion: 5.14.0-427.37.1.el9_4.x86_64  CompilerName: GCC  CompilerVersion: 8.4.0
ProgramName: mri_fill  ProgramArguments: mri_fill -all-info  ProgramVersion: 7.3.2  TimeStamp: 2026/03/13-22:40:26-GMT  BuildTime: Aug  4 2022 06:17:15  BuildStamp: freesurfer-linux-ubuntu22_x86_64-7.3.2-20220804-6354275  User: oesteban  Machine: dna082  Platform: Linux  PlatformVersion: 5.14.0-427.37.1.el9_4.x86_64  CompilerName: GCC  CompilerVersion: 8.4.0
ProgramName: mri_fuse_segmentations  ProgramArguments: mri_fuse_segmentations -all-info  ProgramVersion: 7.3.2  TimeStamp: 2026/03/13-22:40:26-GMT  BuildTime: Aug  4 2022 06:17:15  BuildStamp: freesurfer-linux-ubuntu22_x86_64-7.3.2-20220804-6354275  User: oesteban  Machine: dna082  Platform: Linux  PlatformVersion: 5.14.0-427.37.1.el9_4.x86_64  CompilerName: GCC  CompilerVersion: 8.4.0
ProgramName: mri_fwhm  ProgramArguments: mri_fwhm -all-info  ProgramVersion: 7.3.2  TimeStamp: 2026/03/13-22:40:26-GMT  BuildTime: Aug  4 2022 06:17:15  BuildStamp: freesurfer-linux-ubuntu22_x86_64-7.3.2-20220804-6354275  User: oesteban  Machine: dna082  Platform: Linux  PlatformVersion: 5.14.0-427.37.1.el9_4.x86_64  CompilerName: GCC  CompilerVersion: 8.4.0
ProgramName: mri_gcut  ProgramArguments: mri_gcut -all-info  ProgramVersion: 7.3.2  TimeStamp: 2026/03/13-22:40:26-GMT  BuildTime: Aug  4 2022 06:17:15  BuildStamp: freesurfer-linux-ubuntu22_x86_64-7.3.2-20220804-6354275  User: oesteban  Machine: dna082  Platform: Linux  PlatformVersion: 5.14.0-427.37.1.el9_4.x86_64  CompilerName: GCC  CompilerVersion: 8.4.0
ProgramName: mri_info  ProgramArguments: mri_info -all-info  ProgramVersion: 7.3.2  TimeStamp: 2026/03/13-22:40:26-GMT  BuildTime: Aug  4 2022 06:17:15  BuildStamp: freesurfer-linux-ubuntu22_x86_64-7.3.2-20220804-6354275  User: oesteban  Machine: dna082  Platform: Linux  PlatformVersion: 5.14.0-427.37.1.el9_4.x86_64  CompilerName: GCC  CompilerVersion: 8.4.0
ProgramName: mri_label2label  ProgramArguments: mri_label2label -all-info  ProgramVersion: 7.3.2  TimeStamp: 2026/03/13-22:40:26-GMT  BuildTime: Aug  4 2022 06:17:15  BuildStamp: freesurfer-linux-ubuntu22_x86_64-7.3.2-20220804-6354275  User: oesteban  Machine: dna082  Platform: Linux  PlatformVersion: 5.14.0-427.37.1.el9_4.x86_64  CompilerName: GCC  CompilerVersion: 8.4.0
ProgramName: mri_label2vol  ProgramArguments: mri_label2vol -all-info  ProgramVersion: 7.3.2  TimeStamp: 2026/03/13-22:40:26-GMT  BuildTime: Aug  4 2022 06:17:15  BuildStamp: freesurfer-linux-ubuntu22_x86_64-7.3.2-20220804-6354275  User: oesteban  Machine: dna082  Platform: Linux  PlatformVersion: 5.14.0-427.37.1.el9_4.x86_64  CompilerName: GCC  CompilerVersion: 8.4.0
ProgramName: mri_log_likelihood  ProgramArguments: mri_log_likelihood -all-info  ProgramVersion: 7.3.2  TimeStamp: 2026/03/13-22:40:26-GMT  BuildTime: Aug  4 2022 06:17:15  BuildStamp: freesurfer-linux-ubuntu22_x86_64-7.3.2-20220804-6354275  User: oesteban  Machine: dna082  Platform: Linux  PlatformVersion: 5.14.0-427.37.1.el9_4.x86_64  CompilerName: GCC  CompilerVersion: 8.4.0
ProgramName: mri_mask  ProgramArguments: mri_mask -all-info  ProgramVersion: 7.3.2  TimeStamp: 2026/03/13-22:40:26-GMT  BuildTime: Aug  4 2022 06:17:15  BuildStamp: freesurfer-linux-ubuntu22_x86_64-7.3.2-20220804-6354275  User: oesteban  Machine: dna082  Platform: Linux  PlatformVersion: 5.14.0-427.37.1.el9_4.x86_64  CompilerName: GCC  CompilerVersion: 8.4.0
ProgramName: mri_matrix_multiply  ProgramArguments: mri_matrix_multiply -all-info  ProgramVersion: 7.3.2  TimeStamp: 2026/03/13-22:40:26-GMT  BuildTime: Aug  4 2022 06:17:15  BuildStamp: freesurfer-linux-ubuntu22_x86_64-7.3.2-20220804-6354275  User: oesteban  Machine: dna082  Platform: Linux  PlatformVersion: 5.14.0-427.37.1.el9_4.x86_64  CompilerName: GCC  CompilerVersion: 8.4.0
ProgramName: mri_normalize  ProgramArguments: mri_normalize -all-info  ProgramVersion: 7.3.2  TimeStamp: 2026/03/13-22:40:26-GMT  BuildTime: Aug  4 2022 06:17:15  BuildStamp: freesurfer-linux-ubuntu22_x86_64-7.3.2-20220804-6354275  User: oesteban  Machine: dna082  Platform: Linux  PlatformVersion: 5.14.0-427.37.1.el9_4.x86_64  CompilerName: GCC  CompilerVersion: 8.4.0
ProgramName: mri_normalize_tp2  ProgramArguments: mri_normalize_tp2 -all-info  ProgramVersion: 7.3.2  TimeStamp: 2026/03/13-22:40:26-GMT  BuildTime: Aug  4 2022 06:17:15  BuildStamp: freesurfer-linux-ubuntu22_x86_64-7.3.2-20220804-6354275  User: oesteban  Machine: dna082  Platform: Linux  PlatformVersion: 5.14.0-427.37.1.el9_4.x86_64  CompilerName: GCC  CompilerVersion: 8.4.0
ProgramName: mri_or  ProgramArguments: mri_or -all-info  ProgramVersion: 7.3.2  TimeStamp: 2026/03/13-22:40:26-GMT  BuildTime: Aug  4 2022 06:17:15  BuildStamp: freesurfer-linux-ubuntu22_x86_64-7.3.2-20220804-6354275  User: oesteban  Machine: dna082  Platform: Linux  PlatformVersion: 5.14.0-427.37.1.el9_4.x86_64  CompilerName: GCC  CompilerVersion: 8.4.0
ProgramName: mri_relabel_hypointensities  ProgramArguments: mri_relabel_hypointensities -all-info  ProgramVersion: 7.3.2  TimeStamp: 2026/03/13-22:40:26-GMT  BuildTime: Aug  4 2022 06:17:15  BuildStamp: freesurfer-linux-ubuntu22_x86_64-7.3.2-20220804-6354275  User: oesteban  Machine: dna082  Platform: Linux  PlatformVersion: 5.14.0-427.37.1.el9_4.x86_64  CompilerName: GCC  CompilerVersion: 8.4.0
ProgramName: mri_relabel_nonwm_hypos  ProgramArguments: mri_relabel_nonwm_hypos -all-info  ProgramVersion: 7.3.2  TimeStamp: 2026/03/13-22:40:26-GMT  BuildTime: Aug  4 2022 06:17:15  BuildStamp: freesurfer-linux-ubuntu22_x86_64-7.3.2-20220804-6354275  User: oesteban  Machine: dna082  Platform: Linux  PlatformVersion: 5.14.0-427.37.1.el9_4.x86_64  CompilerName: GCC  CompilerVersion: 8.4.0
ProgramName: mri_remove_neck  ProgramArguments: mri_remove_neck -all-info  ProgramVersion: 7.3.2  TimeStamp: 2026/03/13-22:40:26-GMT  BuildTime: Aug  4 2022 06:17:15  BuildStamp: freesurfer-linux-ubuntu22_x86_64-7.3.2-20220804-6354275  User: oesteban  Machine: dna082  Platform: Linux  PlatformVersion: 5.14.0-427.37.1.el9_4.x86_64  CompilerName: GCC  CompilerVersion: 8.4.0
7.3.2

ProgramName: mri_robust_register  ProgramArguments: mri_robust_register -all-info  ProgramVersion: 7.3.2  TimeStamp: 2026/03/13-22:40:26-GMT  BuildTime: Aug  4 2022 06:17:15  BuildStamp: freesurfer-linux-ubuntu22_x86_64-7.3.2-20220804-6354275  User: oesteban  Machine: dna082  Platform: Linux  PlatformVersion: 5.14.0-427.37.1.el9_4.x86_64  CompilerName: GCC  CompilerVersion: 8.4.0
7.3.2

ProgramName: mri_robust_template  ProgramArguments: mri_robust_template -all-info  ProgramVersion: 7.3.2  TimeStamp: 2026/03/13-22:40:26-GMT  BuildTime: Aug  4 2022 06:17:15  BuildStamp: freesurfer-linux-ubuntu22_x86_64-7.3.2-20220804-6354275  User: oesteban  Machine: dna082  Platform: Linux  PlatformVersion: 5.14.0-427.37.1.el9_4.x86_64  CompilerName: GCC  CompilerVersion: 8.4.0
ProgramName: mris_anatomical_stats  ProgramArguments: mris_anatomical_stats -all-info  ProgramVersion: 7.3.2  TimeStamp: 2026/03/13-22:40:26-GMT  BuildTime: Aug  4 2022 06:17:15  BuildStamp: freesurfer-linux-ubuntu22_x86_64-7.3.2-20220804-6354275  User: oesteban  Machine: dna082  Platform: Linux  PlatformVersion: 5.14.0-427.37.1.el9_4.x86_64  CompilerName: GCC  CompilerVersion: 8.4.0
ProgramName: mris_ca_label  ProgramArguments: mris_ca_label -all-info  ProgramVersion: 7.3.2  TimeStamp: 2026/03/13-22:40:26-GMT  BuildTime: Aug  4 2022 06:17:15  BuildStamp: freesurfer-linux-ubuntu22_x86_64-7.3.2-20220804-6354275  User: oesteban  Machine: dna082  Platform: Linux  PlatformVersion: 5.14.0-427.37.1.el9_4.x86_64  CompilerName: GCC  CompilerVersion: 8.4.0
ProgramName: mris_calc  ProgramArguments: mris_calc -all-info  ProgramVersion: 7.3.2  TimeStamp: 2026/03/13-22:40:26-GMT  BuildTime: Aug  4 2022 06:17:15  BuildStamp: freesurfer-linux-ubuntu22_x86_64-7.3.2-20220804-6354275  User: oesteban  Machine: dna082  Platform: Linux  PlatformVersion: 5.14.0-427.37.1.el9_4.x86_64  CompilerName: GCC  CompilerVersion: 8.4.0
ProgramName: mris_convert  ProgramArguments: mris_convert -all-info  ProgramVersion: 7.3.2  TimeStamp: 2026/03/13-22:40:26-GMT  BuildTime: Aug  4 2022 06:17:15  BuildStamp: freesurfer-linux-ubuntu22_x86_64-7.3.2-20220804-6354275  User: oesteban  Machine: dna082  Platform: Linux  PlatformVersion: 5.14.0-427.37.1.el9_4.x86_64  CompilerName: GCC  CompilerVersion: 8.4.0
ProgramName: mris_curvature  ProgramArguments: mris_curvature -all-info  ProgramVersion: 7.3.2  TimeStamp: 2026/03/13-22:40:26-GMT  BuildTime: Aug  4 2022 06:17:15  BuildStamp: freesurfer-linux-ubuntu22_x86_64-7.3.2-20220804-6354275  User: oesteban  Machine: dna082  Platform: Linux  PlatformVersion: 5.14.0-427.37.1.el9_4.x86_64  CompilerName: GCC  CompilerVersion: 8.4.0
ProgramName: mris_curvature_stats  ProgramArguments: mris_curvature_stats -all-info  ProgramVersion: 7.3.2  TimeStamp: 2026/03/13-22:40:26-GMT  BuildTime: Aug  4 2022 06:17:15  BuildStamp: freesurfer-linux-ubuntu22_x86_64-7.3.2-20220804-6354275  User: oesteban  Machine: dna082  Platform: Linux  PlatformVersion: 5.14.0-427.37.1.el9_4.x86_64  CompilerName: GCC  CompilerVersion: 8.4.0
ProgramName: mris_diff  ProgramArguments: mris_diff -all-info  ProgramVersion: 7.3.2  TimeStamp: 2026/03/13-22:40:26-GMT  BuildTime: Aug  4 2022 06:17:15  BuildStamp: freesurfer-linux-ubuntu22_x86_64-7.3.2-20220804-6354275  User: oesteban  Machine: dna082  Platform: Linux  PlatformVersion: 5.14.0-427.37.1.el9_4.x86_64  CompilerName: GCC  CompilerVersion: 8.4.0
ProgramName: mris_divide_parcellation  ProgramArguments: mris_divide_parcellation -all-info  ProgramVersion: 7.3.2  TimeStamp: 2026/03/13-22:40:26-GMT  BuildTime: Aug  4 2022 06:17:15  BuildStamp: freesurfer-linux-ubuntu22_x86_64-7.3.2-20220804-6354275  User: oesteban  Machine: dna082  Platform: Linux  PlatformVersion: 5.14.0-427.37.1.el9_4.x86_64  CompilerName: GCC  CompilerVersion: 8.4.0
ProgramName: mri_segment  ProgramArguments: mri_segment -all-info  ProgramVersion: 7.3.2  TimeStamp: 2026/03/13-22:40:26-GMT  BuildTime: Aug  4 2022 06:17:15  BuildStamp: freesurfer-linux-ubuntu22_x86_64-7.3.2-20220804-6354275  User: oesteban  Machine: dna082  Platform: Linux  PlatformVersion: 5.14.0-427.37.1.el9_4.x86_64  CompilerName: GCC  CompilerVersion: 8.4.0
ProgramName: mri_segstats  ProgramArguments: mri_segstats -all-info  ProgramVersion: 7.3.2  TimeStamp: 2026/03/13-22:40:26-GMT  BuildTime: Aug  4 2022 06:17:15  BuildStamp: freesurfer-linux-ubuntu22_x86_64-7.3.2-20220804-6354275  User: oesteban  Machine: dna082  Platform: Linux  PlatformVersion: 5.14.0-427.37.1.el9_4.x86_64  CompilerName: GCC  CompilerVersion: 8.4.0
ProgramName: mris_euler_number  ProgramArguments: mris_euler_number -all-info  ProgramVersion: 7.3.2  TimeStamp: 2026/03/13-22:40:26-GMT  BuildTime: Aug  4 2022 06:17:15  BuildStamp: freesurfer-linux-ubuntu22_x86_64-7.3.2-20220804-6354275  User: oesteban  Machine: dna082  Platform: Linux  PlatformVersion: 5.14.0-427.37.1.el9_4.x86_64  CompilerName: GCC  CompilerVersion: 8.4.0
ProgramName: mris_fix_topology  ProgramArguments: mris_fix_topology -all-info  ProgramVersion: 7.3.2  TimeStamp: 2026/03/13-22:40:26-GMT  BuildTime: Aug  4 2022 06:17:15  BuildStamp: freesurfer-linux-ubuntu22_x86_64-7.3.2-20220804-6354275  User: oesteban  Machine: dna082  Platform: Linux  PlatformVersion: 5.14.0-427.37.1.el9_4.x86_64  CompilerName: GCC  CompilerVersion: 8.4.0
ProgramName: mris_topo_fixer  ProgramArguments: mris_topo_fixer -all-info  ProgramVersion: 7.3.2  TimeStamp: 2026/03/13-22:40:26-GMT  BuildTime: Aug  4 2022 06:17:15  BuildStamp: freesurfer-linux-ubuntu22_x86_64-7.3.2-20220804-6354275  User: oesteban  Machine: dna082  Platform: Linux  PlatformVersion: 5.14.0-427.37.1.el9_4.x86_64  CompilerName: GCC  CompilerVersion: 8.4.0
ProgramName: mris_jacobian  ProgramArguments: mris_jacobian -all-info  ProgramVersion: 7.3.2  TimeStamp: 2026/03/13-22:40:26-GMT  BuildTime: Aug  4 2022 06:17:15  BuildStamp: freesurfer-linux-ubuntu22_x86_64-7.3.2-20220804-6354275  User: oesteban  Machine: dna082  Platform: Linux  PlatformVersion: 5.14.0-427.37.1.el9_4.x86_64  CompilerName: GCC  CompilerVersion: 8.4.0
ProgramName: mris_label2annot  ProgramArguments: mris_label2annot -all-info  ProgramVersion: 7.3.2  TimeStamp: 2026/03/13-22:40:26-GMT  BuildTime: Aug  4 2022 06:17:15  BuildStamp: freesurfer-linux-ubuntu22_x86_64-7.3.2-20220804-6354275  User: oesteban  Machine: dna082  Platform: Linux  PlatformVersion: 5.14.0-427.37.1.el9_4.x86_64  CompilerName: GCC  CompilerVersion: 8.4.0
ProgramName: mris_left_right_register  ProgramArguments: mris_left_right_register -all-info  ProgramVersion: 7.3.2  TimeStamp: 2026/03/13-22:40:26-GMT  BuildTime: Aug  4 2022 06:17:15  BuildStamp: freesurfer-linux-ubuntu22_x86_64-7.3.2-20220804-6354275  User: oesteban  Machine: dna082  Platform: Linux  PlatformVersion: 5.14.0-427.37.1.el9_4.x86_64  CompilerName: GCC  CompilerVersion: 8.4.0
ProgramName: mris_place_surface  ProgramArguments: mris_place_surface -all-info  ProgramVersion: 7.3.2  TimeStamp: 2026/03/13-22:40:26-GMT  BuildTime: Aug  4 2022 06:17:15  BuildStamp: freesurfer-linux-ubuntu22_x86_64-7.3.2-20220804-6354275  User: oesteban  Machine: dna082  Platform: Linux  PlatformVersion: 5.14.0-427.37.1.el9_4.x86_64  CompilerName: GCC  CompilerVersion: 8.4.0
ProgramName: mrisp_paint  ProgramArguments: mrisp_paint -all-info  ProgramVersion: 7.3.2  TimeStamp: 2026/03/13-22:40:26-GMT  BuildTime: Aug  4 2022 06:17:15  BuildStamp: freesurfer-linux-ubuntu22_x86_64-7.3.2-20220804-6354275  User: oesteban  Machine: dna082  Platform: Linux  PlatformVersion: 5.14.0-427.37.1.el9_4.x86_64  CompilerName: GCC  CompilerVersion: 8.4.0
ProgramName: mris_register  ProgramArguments: mris_register -all-info  ProgramVersion: 7.3.2  TimeStamp: 2026/03/13-22:40:26-GMT  BuildTime: Aug  4 2022 06:17:15  BuildStamp: freesurfer-linux-ubuntu22_x86_64-7.3.2-20220804-6354275  User: oesteban  Machine: dna082  Platform: Linux  PlatformVersion: 5.14.0-427.37.1.el9_4.x86_64  CompilerName: GCC  CompilerVersion: 8.4.0
ProgramName: mris_smooth  ProgramArguments: mris_smooth -all-info  ProgramVersion: 7.3.2  TimeStamp: 2026/03/13-22:40:26-GMT  BuildTime: Aug  4 2022 06:17:15  BuildStamp: freesurfer-linux-ubuntu22_x86_64-7.3.2-20220804-6354275  User: oesteban  Machine: dna082  Platform: Linux  PlatformVersion: 5.14.0-427.37.1.el9_4.x86_64  CompilerName: GCC  CompilerVersion: 8.4.0
ProgramName: mris_sphere  ProgramArguments: mris_sphere -all-info  ProgramVersion: 7.3.2  TimeStamp: 2026/03/13-22:40:26-GMT  BuildTime: Aug  4 2022 06:17:15  BuildStamp: freesurfer-linux-ubuntu22_x86_64-7.3.2-20220804-6354275  User: oesteban  Machine: dna082  Platform: Linux  PlatformVersion: 5.14.0-427.37.1.el9_4.x86_64  CompilerName: GCC  CompilerVersion: 8.4.0
ProgramName: mris_surface_stats  ProgramArguments: mris_surface_stats -all-info  ProgramVersion: 7.3.2  TimeStamp: 2026/03/13-22:40:26-GMT  BuildTime: Aug  4 2022 06:17:15  BuildStamp: freesurfer-linux-ubuntu22_x86_64-7.3.2-20220804-6354275  User: oesteban  Machine: dna082  Platform: Linux  PlatformVersion: 5.14.0-427.37.1.el9_4.x86_64  CompilerName: GCC  CompilerVersion: 8.4.0
ProgramName: mri_stats2seg  ProgramArguments: mri_stats2seg -all-info  ProgramVersion: 7.3.2  TimeStamp: 2026/03/13-22:40:26-GMT  BuildTime: Aug  4 2022 06:17:15  BuildStamp: freesurfer-linux-ubuntu22_x86_64-7.3.2-20220804-6354275  User: oesteban  Machine: dna082  Platform: Linux  PlatformVersion: 5.14.0-427.37.1.el9_4.x86_64  CompilerName: GCC  CompilerVersion: 8.4.0
ProgramName: mris_thickness  ProgramArguments: mris_thickness -all-info  ProgramVersion: 7.3.2  TimeStamp: 2026/03/13-22:40:26-GMT  BuildTime: Aug  4 2022 06:17:15  BuildStamp: freesurfer-linux-ubuntu22_x86_64-7.3.2-20220804-6354275  User: oesteban  Machine: dna082  Platform: Linux  PlatformVersion: 5.14.0-427.37.1.el9_4.x86_64  CompilerName: GCC  CompilerVersion: 8.4.0
ProgramName: mris_thickness_diff  ProgramArguments: mris_thickness_diff -all-info  ProgramVersion: 7.3.2  TimeStamp: 2026/03/13-22:40:26-GMT  BuildTime: Aug  4 2022 06:17:15  BuildStamp: freesurfer-linux-ubuntu22_x86_64-7.3.2-20220804-6354275  User: oesteban  Machine: dna082  Platform: Linux  PlatformVersion: 5.14.0-427.37.1.el9_4.x86_64  CompilerName: GCC  CompilerVersion: 8.4.0
ProgramName: mris_topo_fixer  ProgramArguments: mris_topo_fixer -all-info  ProgramVersion: 7.3.2  TimeStamp: 2026/03/13-22:40:26-GMT  BuildTime: Aug  4 2022 06:17:15  BuildStamp: freesurfer-linux-ubuntu22_x86_64-7.3.2-20220804-6354275  User: oesteban  Machine: dna082  Platform: Linux  PlatformVersion: 5.14.0-427.37.1.el9_4.x86_64  CompilerName: GCC  CompilerVersion: 8.4.0
ProgramName: mri_surf2surf  ProgramArguments: mri_surf2surf -all-info  ProgramVersion: 7.3.2  TimeStamp: 2026/03/13-22:40:26-GMT  BuildTime: Aug  4 2022 06:17:15  BuildStamp: freesurfer-linux-ubuntu22_x86_64-7.3.2-20220804-6354275  User: oesteban  Machine: dna082  Platform: Linux  PlatformVersion: 5.14.0-427.37.1.el9_4.x86_64  CompilerName: GCC  CompilerVersion: 8.4.0
ProgramName: mri_surf2vol  ProgramArguments: mri_surf2vol -all-info  ProgramVersion: 7.3.2  TimeStamp: 2026/03/13-22:40:26-GMT  BuildTime: Aug  4 2022 06:17:15  BuildStamp: freesurfer-linux-ubuntu22_x86_64-7.3.2-20220804-6354275  User: oesteban  Machine: dna082  Platform: Linux  PlatformVersion: 5.14.0-427.37.1.el9_4.x86_64  CompilerName: GCC  CompilerVersion: 8.4.0
ProgramName: mri_surfcluster  ProgramArguments: mri_surfcluster -all-info  ProgramVersion: 7.3.2  TimeStamp: 2026/03/13-22:40:26-GMT  BuildTime: Aug  4 2022 06:17:15  BuildStamp: freesurfer-linux-ubuntu22_x86_64-7.3.2-20220804-6354275  User: oesteban  Machine: dna082  Platform: Linux  PlatformVersion: 5.14.0-427.37.1.el9_4.x86_64  CompilerName: GCC  CompilerVersion: 8.4.0
ProgramName: mris_volmask  ProgramArguments: mris_volmask -all-info  ProgramVersion: 7.3.2  TimeStamp: 2026/03/13-22:40:26-GMT  BuildTime: Aug  4 2022 06:17:15  BuildStamp: freesurfer-linux-ubuntu22_x86_64-7.3.2-20220804-6354275  User: oesteban  Machine: dna082  Platform: Linux  PlatformVersion: 5.14.0-427.37.1.el9_4.x86_64  CompilerName: GCC  CompilerVersion: 8.4.0
ProgramName: mri_tessellate  ProgramArguments: mri_tessellate -all-info  ProgramVersion: 7.3.2  TimeStamp: 2026/03/13-22:40:26-GMT  BuildTime: Aug  4 2022 06:17:15  BuildStamp: freesurfer-linux-ubuntu22_x86_64-7.3.2-20220804-6354275  User: oesteban  Machine: dna082  Platform: Linux  PlatformVersion: 5.14.0-427.37.1.el9_4.x86_64  CompilerName: GCC  CompilerVersion: 8.4.0
ProgramName: mri_vol2surf  ProgramArguments: mri_vol2surf -all-info  ProgramVersion: 7.3.2  TimeStamp: 2026/03/13-22:40:26-GMT  BuildTime: Aug  4 2022 06:17:15  BuildStamp: freesurfer-linux-ubuntu22_x86_64-7.3.2-20220804-6354275  User: oesteban  Machine: dna082  Platform: Linux  PlatformVersion: 5.14.0-427.37.1.el9_4.x86_64  CompilerName: GCC  CompilerVersion: 8.4.0
ProgramName: mri_vol2vol  ProgramArguments: mri_vol2vol -all-info  ProgramVersion: 7.3.2  TimeStamp: 2026/03/13-22:40:26-GMT  BuildTime: Aug  4 2022 06:17:15  BuildStamp: freesurfer-linux-ubuntu22_x86_64-7.3.2-20220804-6354275  User: oesteban  Machine: dna082  Platform: Linux  PlatformVersion: 5.14.0-427.37.1.el9_4.x86_64  CompilerName: GCC  CompilerVersion: 8.4.0
ProgramName: mri_voldiff  ProgramArguments: mri_voldiff -all-info  ProgramVersion: 7.3.2  TimeStamp: 2026/03/13-22:40:26-GMT  BuildTime: Aug  4 2022 06:17:15  BuildStamp: freesurfer-linux-ubuntu22_x86_64-7.3.2-20220804-6354275  User: oesteban  Machine: dna082  Platform: Linux  PlatformVersion: 5.14.0-427.37.1.el9_4.x86_64  CompilerName: GCC  CompilerVersion: 8.4.0
ProgramName: mri_watershed  ProgramArguments: mri_watershed -all-info  ProgramVersion: 7.3.2  TimeStamp: 2026/03/13-22:40:26-GMT  BuildTime: Aug  4 2022 06:17:15  BuildStamp: freesurfer-linux-ubuntu22_x86_64-7.3.2-20220804-6354275  User: oesteban  Machine: dna082  Platform: Linux  PlatformVersion: 5.14.0-427.37.1.el9_4.x86_64  CompilerName: GCC  CompilerVersion: 8.4.0
ProgramName: tkregister2  ProgramArguments: tkregister2_cmdl -all-info  ProgramVersion: 7.3.2  TimeStamp: 2026/03/13-22:40:26-GMT  BuildTime: Aug  4 2022 06:17:15  BuildStamp: freesurfer-linux-ubuntu22_x86_64-7.3.2-20220804-6354275  User: oesteban  Machine: dna082  Platform: Linux  PlatformVersion: 5.14.0-427.37.1.el9_4.x86_64  CompilerName: GCC  CompilerVersion: 8.4.0
mri_motion_correct.fsl 7.3.2
mri_convert -all-info 
ProgramName: mri_convert  ProgramArguments: mri_convert -all-info  ProgramVersion: 7.3.2  TimeStamp: 2026/03/13-22:40:26-GMT  BuildTime: Aug  4 2022 06:17:15  BuildStamp: freesurfer-linux-ubuntu22_x86_64-7.3.2-20220804-6354275  User: oesteban  Machine: dna082  Platform: Linux  PlatformVersion: 5.14.0-427.37.1.el9_4.x86_64  CompilerName: GCC  CompilerVersion: 8.4.0
Program nu_correct, built from:
Package MNI N3, version 1.12.0, compiled by nicks@terrier (x86_64-unknown-linux-gnu) on 2015-06-19 at 01:25:34
#######################################
GCADIR /opt/freesurfer/average
GCA RB_all_2020-01-02.gca
GCASkull RB_all_withskull_2020_01_02.gca
AvgCurvTif folding.atlas.acfb40.noaparc.i12.2016-08-02.tif
GCSDIR /opt/freesurfer/average
GCS DKaparc.atlas.acfb40.noaparc.i12.2016-08-02.gcs
#######################################
#--------------------------------------------
#@# Tessellate lh Fri Mar 13 23:40:26 CET 2026
/out/sourcedata/freesurfer/sub-v2s7x29668_ses-1/scripts

 mri_pretess ../mri/filled.mgz 255 ../mri/norm.mgz ../mri/filled-pretess255.mgz 


Iteration Number : 1
pass   1 (xy+):   0 found -   0 modified     |    TOTAL:   0
pass   1 (xy-):   0 found -   0 modified     |    TOTAL:   0
pass   1 (yz+):   3 found -   3 modified     |    TOTAL:   3
pass   2 (yz+):   0 found -   3 modified     |    TOTAL:   3
pass   1 (yz-):   2 found -   2 modified     |    TOTAL:   5
pass   2 (yz-):   0 found -   2 modified     |    TOTAL:   5
pass   1 (xz+):   3 found -   3 modified     |    TOTAL:   8
pass   2 (xz+):   0 found -   3 modified     |    TOTAL:   8
pass   1 (xz-):   3 found -   3 modified     |    TOTAL:  11
pass   2 (xz-):   0 found -   3 modified     |    TOTAL:  11
Iteration Number : 1
pass   1 (+++):   0 found -   0 modified     |    TOTAL:   0
pass   1 (+++):   0 found -   0 modified     |    TOTAL:   0
pass   1 (+++):   0 found -   0 modified     |    TOTAL:   0
pass   1 (+++):   0 found -   0 modified     |    TOTAL:   0
Iteration Number : 1
pass   1 (++):   0 found -   0 modified     |    TOTAL:   0
pass   1 (+-):   0 found -   0 modified     |    TOTAL:   0
pass   1 (--):   0 found -   0 modified     |    TOTAL:   0
pass   1 (-+):   1 found -   1 modified     |    TOTAL:   1
pass   2 (-+):   0 found -   1 modified     |    TOTAL:   1
Iteration Number : 2
pass   1 (xy+):   0 found -   0 modified     |    TOTAL:   0
pass   1 (xy-):   0 found -   0 modified     |    TOTAL:   0
pass   1 (yz+):   0 found -   0 modified     |    TOTAL:   0
pass   1 (yz-):   0 found -   0 modified     |    TOTAL:   0
pass   1 (xz+):   0 found -   0 modified     |    TOTAL:   0
pass   1 (xz-):   0 found -   0 modified     |    TOTAL:   0
Iteration Number : 2
pass   1 (+++):   0 found -   0 modified     |    TOTAL:   0
pass   1 (+++):   0 found -   0 modified     |    TOTAL:   0
pass   1 (+++):   0 found -   0 modified     |    TOTAL:   0
pass   1 (+++):   0 found -   0 modified     |    TOTAL:   0
Iteration Number : 2
pass   1 (++):   0 found -   0 modified     |    TOTAL:   0
pass   1 (+-):   0 found -   0 modified     |    TOTAL:   0
pass   1 (--):   0 found -   0 modified     |    TOTAL:   0
pass   1 (-+):   0 found -   0 modified     |    TOTAL:   0

Total Number of Modified Voxels = 12 (out of 233484: 0.005140)
Ambiguous edge configurations... 

mri_pretess done


 mri_tessellate ../mri/filled-pretess255.mgz 255 ../surf/lh.orig.nofix 

7.3.2
  7.3.2
slice 50: 1219 vertices, 1359 faces
slice 60: 9192 vertices, 9545 faces
slice 70: 19810 vertices, 20178 faces
slice 80: 30417 vertices, 30784 faces
slice 90: 40779 vertices, 41094 faces
slice 100: 50096 vertices, 50433 faces
slice 110: 59842 vertices, 60194 faces
slice 120: 68986 vertices, 69326 faces
slice 130: 77339 vertices, 77679 faces
slice 140: 85735 vertices, 86037 faces
slice 150: 92871 vertices, 93145 faces
slice 160: 99595 vertices, 99837 faces
slice 170: 104578 vertices, 104751 faces
slice 180: 108812 vertices, 108938 faces
slice 190: 111180 vertices, 111235 faces
slice 200: 111762 vertices, 111770 faces
slice 210: 111762 vertices, 111770 faces
slice 220: 111762 vertices, 111770 faces
slice 230: 111762 vertices, 111770 faces
slice 240: 111762 vertices, 111770 faces
slice 250: 111762 vertices, 111770 faces
using the conformed surface RAS to save vertex points...
writing ../surf/lh.orig.nofix
using vox2ras matrix:
-1.00000   0.00000   0.00000   128.00000;
 0.00000   0.00000   1.00000  -128.00000;
 0.00000  -1.00000   0.00000   128.00000;
 0.00000   0.00000   0.00000   1.00000;

 rm -f ../mri/filled-pretess255.mgz 


 mris_extract_main_component ../surf/lh.orig.nofix ../surf/lh.orig.nofix 


counting number of connected components...
   111762 voxel in cpt #1: X=-8 [v=111762,e=335310,f=223540] located at (-26.233658, -19.926693, 6.794215)
For the whole surface: X=-8 [v=111762,e=335310,f=223540]
One single component has been found
nothing to do
done

#--------------------------------------------
#@# Smooth1 lh Fri Mar 13 23:40:28 CET 2026
/out/sourcedata/freesurfer/sub-v2s7x29668_ses-1/scripts

 mris_smooth -nw -seed 1234 ../surf/lh.orig.nofix ../surf/lh.smoothwm.nofix 

setting seed for random number generator to 1234
smoothing surface tessellation for 10 iterations...
smoothing complete - recomputing first and second fundamental forms...
#--------------------------------------------
#@# Inflation1 lh Fri Mar 13 23:40:30 CET 2026
/out/sourcedata/freesurfer/sub-v2s7x29668_ses-1/scripts

 mris_inflate -no-save-sulc ../surf/lh.smoothwm.nofix ../surf/lh.inflated.nofix 

Not saving sulc
Reading ../surf/lh.smoothwm.nofix
avg radius = 45.6 mm, total surface area = 60572 mm^2
step 000: RMS=0.146 (target=0.015)   step 005: RMS=0.109 (target=0.015)   step 010: RMS=0.079 (target=0.015)   step 015: RMS=0.064 (target=0.015)   step 020: RMS=0.053 (target=0.015)   step 025: RMS=0.045 (target=0.015)   step 030: RMS=0.040 (target=0.015)   step 035: RMS=0.035 (target=0.015)   step 040: RMS=0.032 (target=0.015)   step 045: RMS=0.029 (target=0.015)   step 050: RMS=0.028 (target=0.015)   step 055: RMS=0.026 (target=0.015)   step 060: RMS=0.026 (target=0.015)   writing inflated surface to ../surf/lh.inflated.nofix
inflation took 0.1 minutes

inflation complete.
Not saving sulc
mris_inflate utimesec    35.251265
mris_inflate stimesec    1.364324
mris_inflate ru_maxrss   179816
mris_inflate ru_ixrss    0
mris_inflate ru_idrss    0
mris_inflate ru_isrss    0
mris_inflate ru_minflt   446495
mris_inflate ru_majflt   35
mris_inflate ru_nswap    0
mris_inflate ru_inblock  1672
mris_inflate ru_oublock  7864
mris_inflate ru_msgsnd   0
mris_inflate ru_msgrcv   0
mris_inflate ru_nsignals 0
mris_inflate ru_nvcsw    5187
mris_inflate ru_nivcsw   133
#--------------------------------------------
#@# QSphere lh Fri Mar 13 23:40:36 CET 2026
/out/sourcedata/freesurfer/sub-v2s7x29668_ses-1/scripts

 mris_sphere -q -p 6 -a 128 -seed 1234 ../surf/lh.inflated.nofix ../surf/lh.qsphere.nofix 

doing quick spherical unfolding.
limitting unfolding to 6 passes
using n_averages = 128
setting seed for random number genererator to 1234
version: 7.3.2
available threads: 16
scaling brain by 0.355...
inflating...
projecting onto sphere...
surface projected - minimizing metric distortion...
vertex spacing 1.08 +- 0.62 (0.00-->6.62) (max @ vno 87733 --> 87742)
face area 0.03 +- 0.04 (-0.03-->0.78)
Entering MRISinflateToSphere()
inflating to sphere (rms error < 2.00)
000: dt: 0.0000, rms radial error=175.197, avgs=0
005/300: dt: 0.9000, rms radial error=174.940, avgs=0
010/300: dt: 0.9000, rms radial error=174.388, avgs=0
015/300: dt: 0.9000, rms radial error=173.664, avgs=0
020/300: dt: 0.9000, rms radial error=172.839, avgs=0
025/300: dt: 0.9000, rms radial error=171.957, avgs=0
030/300: dt: 0.9000, rms radial error=171.041, avgs=0
035/300: dt: 0.9000, rms radial error=170.106, avgs=0
040/300: dt: 0.9000, rms radial error=169.163, avgs=0
045/300: dt: 0.9000, rms radial error=168.218, avgs=0
050/300: dt: 0.9000, rms radial error=167.271, avgs=0
055/300: dt: 0.9000, rms radial error=166.327, avgs=0
060/300: dt: 0.9000, rms radial error=165.386, avgs=0
065/300: dt: 0.9000, rms radial error=164.454, avgs=0
070/300: dt: 0.9000, rms radial error=163.528, avgs=0
075/300: dt: 0.9000, rms radial error=162.606, avgs=0
080/300: dt: 0.9000, rms radial error=161.689, avgs=0
085/300: dt: 0.9000, rms radial error=160.777, avgs=0
090/300: dt: 0.9000, rms radial error=159.869, avgs=0
095/300: dt: 0.9000, rms radial error=158.966, avgs=0
100/300: dt: 0.9000, rms radial error=158.068, avgs=0
105/300: dt: 0.9000, rms radial error=157.174, avgs=0
110/300: dt: 0.9000, rms radial error=156.286, avgs=0
115/300: dt: 0.9000, rms radial error=155.404, avgs=0
120/300: dt: 0.9000, rms radial error=154.531, avgs=0
125/300: dt: 0.9000, rms radial error=153.665, avgs=0
130/300: dt: 0.9000, rms radial error=152.804, avgs=0
135/300: dt: 0.9000, rms radial error=151.948, avgs=0
140/300: dt: 0.9000, rms radial error=151.096, avgs=0
145/300: dt: 0.9000, rms radial error=150.249, avgs=0
150/300: dt: 0.9000, rms radial error=149.407, avgs=0
155/300: dt: 0.9000, rms radial error=148.569, avgs=0
160/300: dt: 0.9000, rms radial error=147.737, avgs=0
165/300: dt: 0.9000, rms radial error=146.910, avgs=0
170/300: dt: 0.9000, rms radial error=146.087, avgs=0
175/300: dt: 0.9000, rms radial error=145.269, avgs=0
180/300: dt: 0.9000, rms radial error=144.455, avgs=0
185/300: dt: 0.9000, rms radial error=143.645, avgs=0
190/300: dt: 0.9000, rms radial error=142.840, avgs=0
195/300: dt: 0.9000, rms radial error=142.039, avgs=0
200/300: dt: 0.9000, rms radial error=141.242, avgs=0
205/300: dt: 0.9000, rms radial error=140.450, avgs=0
210/300: dt: 0.9000, rms radial error=139.662, avgs=0
215/300: dt: 0.9000, rms radial error=138.878, avgs=0
220/300: dt: 0.9000, rms radial error=138.098, avgs=0
225/300: dt: 0.9000, rms radial error=137.323, avgs=0
230/300: dt: 0.9000, rms radial error=136.552, avgs=0
235/300: dt: 0.9000, rms radial error=135.785, avgs=0
240/300: dt: 0.9000, rms radial error=135.022, avgs=0
245/300: dt: 0.9000, rms radial error=134.264, avgs=0
250/300: dt: 0.9000, rms radial error=133.509, avgs=0
255/300: dt: 0.9000, rms radial error=132.759, avgs=0
260/300: dt: 0.9000, rms radial error=132.013, avgs=0
265/300: dt: 0.9000, rms radial error=131.271, avgs=0
270/300: dt: 0.9000, rms radial error=130.533, avgs=0
275/300: dt: 0.9000, rms radial error=129.800, avgs=0
280/300: dt: 0.9000, rms radial error=129.070, avgs=0
285/300: dt: 0.9000, rms radial error=128.345, avgs=0
290/300: dt: 0.9000, rms radial error=127.623, avgs=0
295/300: dt: 0.9000, rms radial error=126.906, avgs=0
300/300: dt: 0.9000, rms radial error=126.192, avgs=0

spherical inflation complete.
epoch 1 (K=10.0), pass 1, starting sse = 12432.39
taking momentum steps...
taking momentum steps...
taking momentum steps...
taking momentum steps...
pass 1 complete, delta sse/iter = 0.01/13 = 0.00054
epoch 2 (K=40.0), pass 1, starting sse = 1834.73
taking momentum steps...
taking momentum steps...
taking momentum steps...
taking momentum steps...
pass 1 complete, delta sse/iter = 0.01/13 = 0.00099
epoch 3 (K=160.0), pass 1, starting sse = 133.76
taking momentum steps...
taking momentum steps...
taking momentum steps...
taking momentum steps...
pass 1 complete, delta sse/iter = 0.22/18 = 0.01231
epoch 4 (K=640.0), pass 1, starting sse = 3.22
taking momentum steps...
taking momentum steps...
taking momentum steps...
taking momentum steps...
pass 1 complete, delta sse/iter = 0.15/21 = 0.00731
final distance error %100000.00
writing spherical brain to ../surf/lh.qsphere.nofix
spherical transformation took 0.0100 hours
FSRUNTIME@ mris_sphere  0.0100 hours 16 threads
#VMPC# mris_sphere VmPeak  2269280
mris_sphere done
#@# Fix Topology lh Fri Mar 13 23:41:12 CET 2026

 mris_fix_topology -mgz -sphere qsphere.nofix -inflated inflated.nofix -orig orig.nofix -out orig.premesh -ga -seed 1234 sub-v2s7x29668_ses-1 lh 

reading spherical homeomorphism from 'qsphere.nofix'
reading inflated coordinates from 'inflated.nofix'
reading original coordinates from 'orig.nofix'
using genetic algorithm with optimized parameters
setting seed for random number genererator to 1234

*************************************************************
Topology Correction Parameters
retessellation mode:           genetic search
number of patches/generation : 10
number of generations :        10
surface mri loglikelihood coefficient :         1.0
volume mri loglikelihood coefficient :          10.0
normal dot loglikelihood coefficient :          1.0
quadratic curvature loglikelihood coefficient : 1.0
volume resolution :                             2
eliminate vertices during search :              1
initial patch selection :                       1
select all defect vertices :                    0
ordering dependant retessellation:              0
use precomputed edge table :                    0
smooth retessellated patch :                    2
match retessellated patch :                     1
verbose mode :                                  0

*************************************************************
INFO: assuming .mgz format
writing corrected surface to 'orig.premesh'
7.3.2
  7.3.2
before topology correction, eno=-8 (nv=111762, nf=223540, ne=335310, g=5)
using quasi-homeomorphic spherical map to tessellate cortical surface...

Correction of the Topology
Finding true center and radius of Spherical Surface...done
Surface centered at (0,0,0) with radius 100.0 in 9 iterations
marking ambiguous vertices...
567 ambiguous faces found in tessellation
segmenting defects...
10 defects found, arbitrating ambiguous regions...
analyzing neighboring defects...
10 defects to be corrected 
0 vertices coincident
reading input surface /out/sourcedata/freesurfer/sub-v2s7x29668_ses-1/surf/lh.qsphere.nofix...
reading brain volume from brain...
reading wm segmentation from wm...
Reading original properties of orig.nofix
Reading vertex positions of inflated.nofix
Computing Initial Surface Statistics
      -face       loglikelihood: -9.2725  (-4.6363)
      -vertex     loglikelihood: -6.4378  (-3.2189)
      -normal dot loglikelihood: -3.6160  (-3.6160)
      -quad curv  loglikelihood: -6.1763  (-3.0882)
      Total Loglikelihood : -25.5026
CORRECTING DEFECT 0 (vertices=31, convex hull=83, v0=12714)
After retessellation of defect 0 (v0=12714), euler #=-7 (111411,334095,222677) : difference with theory (-7) = 0 
CORRECTING DEFECT 1 (vertices=59, convex hull=50, v0=15254)
After retessellation of defect 1 (v0=15254), euler #=-6 (111421,334144,222717) : difference with theory (-6) = 0 
CORRECTING DEFECT 2 (vertices=5, convex hull=34, v0=19469)
After retessellation of defect 2 (v0=19469), euler #=-5 (111423,334159,222731) : difference with theory (-5) = 0 
CORRECTING DEFECT 3 (vertices=148, convex hull=86, v0=21623)
After retessellation of defect 3 (v0=21623), euler #=-4 (111438,334241,222799) : difference with theory (-4) = 0 
CORRECTING DEFECT 4 (vertices=32, convex hull=36, v0=54535)
After retessellation of defect 4 (v0=54535), euler #=-3 (111443,334269,222823) : difference with theory (-3) = 0 
CORRECTING DEFECT 5 (vertices=5, convex hull=23, v0=56302)
After retessellation of defect 5 (v0=56302), euler #=-2 (111445,334281,222834) : difference with theory (-2) = 0 
CORRECTING DEFECT 6 (vertices=27, convex hull=45, v0=60636)
After retessellation of defect 6 (v0=60636), euler #=-1 (111454,334325,222870) : difference with theory (-1) = 0 
CORRECTING DEFECT 7 (vertices=19, convex hull=22, v0=83746)
After retessellation of defect 7 (v0=83746), euler #=0 (111459,334344,222885) : difference with theory (0) = 0 
CORRECTING DEFECT 8 (vertices=6, convex hull=18, v0=87029)
After retessellation of defect 8 (v0=87029), euler #=1 (111461,334354,222894) : difference with theory (1) = 0 
CORRECTING DEFECT 9 (vertices=34, convex hull=56, v0=91444)
After retessellation of defect 9 (v0=91444), euler #=2 (111474,334416,222944) : difference with theory (2) = 0 
computing original vertex metric properties...
storing new metric properties...
computing tessellation statistics...
vertex spacing 0.89 +- 0.21 (0.16-->8.06) (max @ vno 21540 --> 29889)
face area -nan +- -nan (1000.00-->-1.00)
performing soap bubble on retessellated vertices for 0 iterations...
vertex spacing 0.89 +- 0.21 (0.16-->8.06) (max @ vno 21540 --> 29889)
face area -nan +- -nan (1000.00-->-1.00)
tessellation finished, orienting corrected surface...
52 mutations (38.8%), 82 crossovers (61.2%), 26 vertices were eliminated
building final representation...
288 vertices and 0 faces have been removed from triangulation
after topology correction, eno=2 (nv=111474, nf=222944, ne=334416, g=0)
writing corrected surface to /out/sourcedata/freesurfer/sub-v2s7x29668_ses-1/surf/lh.orig.premesh...

0.000 % of the vertices (0 vertices) exhibit an orientation change
removing intersecting faces
000: 51 intersecting
001: 3 intersecting
terminating search with 0 intersecting
topology fixing took 0.3 minutes
FSRUNTIME@ mris_fix_topology lh  0.0047 hours 16 threads
#VMPC# mris_fix_topology VmPeak  1826920

 mris_euler_number ../surf/lh.orig.premesh 

euler # = v-e+f = 2g-2: 111474 - 334416 + 222944 = 2 --> 0 holes
      F =2V-4:          222944 = 222948-4 (0)
      2E=3F:            668832 = 668832 (0)

total defect index = 0
Fri Mar 13 23:41:29 CET 2026

setenv SUBJECTS_DIR /out/sourcedata/freesurfer
cd /out/sourcedata/freesurfer/sub-v2s7x29668_ses-1/scripts
/opt/freesurfer/bin/defect2seg --s sub-v2s7x29668_ses-1 --lh-only --cortex

freesurfer-linux-ubuntu22_x86_64-7.3.2-20220804-6354275
defect2seg 7.3.2
Linux dna082 5.14.0-427.37.1.el9_4.x86_64 #1 SMP PREEMPT_DYNAMIC Fri Sep 13 12:41:50 EDT 2024 x86_64 x86_64 x86_64 GNU/Linux
pid 2222367
mri_label2label --label-cortex /out/sourcedata/freesurfer/sub-v2s7x29668_ses-1/surf/lh.orig.nofix /out/sourcedata/freesurfer/sub-v2s7x29668_ses-1/mri/aseg.presurf.mgz 0 /out/sourcedata/freesurfer/sub-v2s7x29668_ses-1/label/lh.nofix.cortex.label

 Generating cortex label... RemoveHipAmgy=0
 NucAccIsMedialWall=0
 mris->useRealRAS=0
9 non-cortical segments detected
only using segment with 6204 vertices
erasing segment 0 (vno[0] = 26765)
erasing segment 2 (vno[0] = 80501)
erasing segment 3 (vno[0] = 82931)
erasing segment 4 (vno[0] = 84436)
erasing segment 5 (vno[0] = 84447)
erasing segment 6 (vno[0] = 84612)
erasing segment 7 (vno[0] = 85396)
erasing segment 8 (vno[0] = 85398)
mri_label2vol --defects /out/sourcedata/freesurfer/sub-v2s7x29668_ses-1/surf/lh.orig.nofix /out/sourcedata/freesurfer/sub-v2s7x29668_ses-1/surf/lh.defect_labels /out/sourcedata/freesurfer/sub-v2s7x29668_ses-1/mri/orig.mgz 1000 0 /out/sourcedata/freesurfer/sub-v2s7x29668_ses-1/mri/lh.surface.defects.mgz /out/sourcedata/freesurfer/sub-v2s7x29668_ses-1/label/lh.nofix.cortex.label
mri_label2vol supposed to be reproducible but seed not set
Contraining to label /out/sourcedata/freesurfer/sub-v2s7x29668_ses-1/label/lh.nofix.cortex.label
Changing input type 0 to MRI_INT
Converting defects to volume: offset=1000, merge=0
Writing to /out/sourcedata/freesurfer/sub-v2s7x29668_ses-1/mri/lh.surface.defects.mgz
mris_defects_pointset -s /out/sourcedata/freesurfer/sub-v2s7x29668_ses-1/surf/lh.orig.nofix -d /out/sourcedata/freesurfer/sub-v2s7x29668_ses-1/surf/lh.defect_labels -o /out/sourcedata/freesurfer/sub-v2s7x29668_ses-1/surf/lh.defects.pointset --label /out/sourcedata/freesurfer/sub-v2s7x29668_ses-1/label/lh.nofix.cortex.label
Reading in surface /out/sourcedata/freesurfer/sub-v2s7x29668_ses-1/surf/lh.orig.nofix
Reading in defect segmentation /out/sourcedata/freesurfer/sub-v2s7x29668_ses-1/surf/lh.defect_labels
Reading in label /out/sourcedata/freesurfer/sub-v2s7x29668_ses-1/label/lh.nofix.cortex.label
#VMPC# mris_defects_pointset 1410292
mris_defects_pointset done
 
Started at Fri Mar 13 23:41:29 CET 2026 
Ended   at Fri Mar 13 23:41:38 CET 2026
Defect2seg-Run-Time-Sec 9
Defect2seg-Run-Time-Min 0.18
Defect2seg-Run-Time-Hours 0.00
 
tkmeditfv sub-v2s7x29668_ses-1 brain.finalsurfs.mgz -defect
defect2seg Done

 mris_remesh --remesh --iters 3 --input /out/sourcedata/freesurfer/sub-v2s7x29668_ses-1/surf/lh.orig.premesh --output /out/sourcedata/freesurfer/sub-v2s7x29668_ses-1/surf/lh.orig 

iters = 3
standard remeshing without target
   adjusted l: 0.710174
remeshing to edge length 0.710174 with 3 iterations

avg qual before   : 0.893344  after: 0.971159

Removing intersections
Remeshed surface quality stats nv0 = 111474  nv = 116676  1.04667
Area    233348  0.30215  0.03367 0.070475   0.4727
Corner  700044 60.00000  8.80806 17.166781 144.9577
Edge    350022  0.84330  0.08232 0.465730   1.2668
Hinge   350022  9.58812  9.90595 0.000000 126.7079
mris_remesh done
/out/sourcedata/freesurfer/sub-v2s7x29668_ses-1/scripts

 mris_remove_intersection ../surf/lh.orig ../surf/lh.orig 

intersection removal took 0.00 hours
writing corrected surface to ../surf/lh.orig

 rm -f ../surf/lh.inflated 

#--------------------------------------------
#@# AutoDetGWStats lh Fri Mar 13 23:41:59 CET 2026
cd /out/sourcedata/freesurfer/sub-v2s7x29668_ses-1/mri
mris_autodet_gwstats --o ../surf/autodet.gw.stats.lh.dat --i brain.finalsurfs.mgz --wm wm.mgz --surf ../surf/lh.orig.premesh
7.3.2

cd /out/sourcedata/freesurfer/sub-v2s7x29668_ses-1/mri
setenv SUBJECTS_DIR /out/sourcedata/freesurfer
mris_autodet_gwstats --o ../surf/autodet.gw.stats.lh.dat --i brain.finalsurfs.mgz --wm wm.mgz --surf ../surf/lh.orig.premesh 

border white:    210542 voxels (1.25%)
border gray      232421 voxels (1.39%)
Reading in intensity volume brain.finalsurfs.mgz
Reading in wm volume wm.mgz
Reading in surf ../surf/lh.orig.premesh
Auto detecting stats
MRIclipBrightWM(): nthresh=11617, wmmin=5, clip=110 
Binarizing thresholding at 5
computing class statistics... low=30, hi=110.000000
CCS WM (97.0): 97.5 +- 8.6 [70.0 --> 110.0]
CCS GM (69.0) : 68.7 +- 10.8 [30.0 --> 110.0]
white_mean = 97.4927 +/- 8.63878, gray_mean = 68.7383 +/- 10.8415
using class modes intead of means, discounting robust sigmas....
MRIScomputeClassModes(): min=0 max=133 nbins=134
intensity peaks found at WM=102+-6.1,    GM=62+-10.4
white_mode = 102, gray_mode = 62
std_scale = 1
Applying sanity checks, max_scale_down = 0.2
setting MIN_GRAY_AT_WHITE_BORDER to 51.2 (was 70.000000)
setting MAX_BORDER_WHITE to 110.6 (was 105.000000)
setting MIN_BORDER_WHITE to 62.0 (was 85.000000)
setting MAX_CSF to 40.3 (was 40.000000)
setting MAX_GRAY to 93.4 (was 95.000000)
setting MAX_GRAY_AT_CSF_BORDER to 51.2 (was 75.000000)
setting MIN_GRAY_AT_CSF_BORDER to 29.5 (was 40.000000)
When placing the white surface
  white_border_hi   = 110.639;
  white_border_low  = 62;
  white_outside_low = 51.1585;
  white_inside_hi   = 120;
  white_outside_hi  = 110.639;
When placing the pial surface
  pial_border_hi   = 51.1585;
  pial_border_low  = 29.4756;
  pial_outside_low = 10;
  pial_inside_hi   = 93.3612;
  pial_outside_hi  = 45.7378;
#VMPC# mris_autodet_gwstats VmPeak  1314200
mris_autodet_gwstats done
#--------------------------------------------
#@# WhitePreAparc lh Fri Mar 13 23:42:01 CET 2026
cd /out/sourcedata/freesurfer/sub-v2s7x29668_ses-1/mri
mris_place_surface --adgws-in ../surf/autodet.gw.stats.lh.dat --wm wm.mgz --threads 16 --invol brain.finalsurfs.mgz --lh --i ../surf/lh.orig --o ../surf/lh.white.preaparc --white --seg aseg.presurf.mgz --nsmooth 5
7.3.2
7.3.2

cd /out/sourcedata/freesurfer/sub-v2s7x29668_ses-1/mri
setenv SUBJECTS_DIR /out/sourcedata/freesurfer
mris_place_surface --adgws-in ../surf/autodet.gw.stats.lh.dat --wm wm.mgz --threads 16 --invol brain.finalsurfs.mgz --lh --i ../surf/lh.orig --o ../surf/lh.white.preaparc --white --seg aseg.presurf.mgz --nsmooth 5 

Reading in input surface ../surf/lh.orig
Smoothing surface before ripping with 5 iterations
Area    233348  0.26704  0.06235 0.001676   0.5566
Corner  700044 60.00000  9.41687 3.307727 142.8015
Edge    350022  0.78914  0.11310 0.024272   1.3228
Hinge   350022  6.40042  6.30280 0.000038 143.9746
Not reading in aparc
Reading in input volume brain.finalsurfs.mgz
Reading in wm volume wm.mgz
MRIclipBrightWM(): nthresh=11617, wmmin=5, clip=110 
MRIfindBrightNonWM(): 4 bright non-wm voxels segmented.
Masking bright non-wm for white surface
MRImask(): AllowDiffGeom = 1
MRImask(): AllowDiffGeom = 1
Reading in seg volume aseg.presurf.mgz
Ripping frozen voxels
INFO: rip surface needed but not specified, so using input surface
Freezing midline and others
Entering: MRISripMidline(): inhibiting deformation at non-cortical midline structures...
  which=1, fix_mtl=0, using annot = 0
#FML0# MRISripMidline(): nripped=0
removing 3 vertices from ripped group in thread:0
removing 4 vertices from ripped group in thread:0
#FML# MRISripMidline(): nmarked=6079, nmarked2=255, nripped=6079
Ripping segs (eg, WMSA, BG, frozen)
Starting MRISripSegs() d = (-2 2 0.5) segnos: 247 
MRISripSegs(): -2 2 0.5 ripped 0
vertex 58338: xyz = (-39.9853,-8.94344,30.0857) oxyz = (-39.9853,-8.94344,30.0857) wxzy = (-39.9853,-8.94344,30.0857) pxyz = (0,0,0) 
CBVO Creating mask 116676
n_averages 4
Iteration 0 =========================================
n_averages=4, current_sigma=2
Freezing midline and others
Ripping frozen voxels
INFO: rip surface needed but not specified, so using input surface
Freezing midline and others
Entering: MRISripMidline(): inhibiting deformation at non-cortical midline structures...
  which=1, fix_mtl=0, using annot = 0
#FML0# MRISripMidline(): nripped=6079
removing 3 vertices from ripped group in thread:0
removing 4 vertices from ripped group in thread:0
#FML# MRISripMidline(): nmarked=6079, nmarked2=255, nripped=6079
Ripping segs (eg, WMSA, BG, frozen)
Starting MRISripSegs() d = (-2 2 0.5) segnos: 247 247 
MRISripSegs(): -2 2 0.5 ripped 0
Computing target border values 
Entering MRIScomputeBorderValues_new(): 
  inside_hi   = 120.0000000;
  border_hi   = 110.6387860;
  border_low  =  62.0000000;
  outside_low =  51.1585460;
  outside_hi  = 110.6387860;
  sigma = 2;
  max_thickness = 10;
  step_size=0.5;
  STEP_SIZE=0.1;
  which = 1
  thresh = 0
  flags = 0
  CBVfindFirstPeakD1=0
  CBVfindFirstPeakD2=0
  nvertices=116676
  Gdiag_no=-1
  vno start=0, stop=116676
Replacing 255s with 0s
#SI# sigma=2 had to be increased for 38 vertices, nripped=6079
mean border=77.1, 90 (90) missing vertices, mean dist 0.3 [0.6 (%36.9)->0.8 (%63.1))]
%71 local maxima, %24 large gradients and % 0 min vals, 0 gradients ignored
nFirstPeakD1 0
MRIScomputeBorderValues_new() finished in 0.0109 min


Finding expansion regions
mean absolute distance = 0.73 +- 0.92
3684 vertices more than 2 sigmas from mean.
Averaging target values for 5 iterations...
Positioning Surface: tspring = 0.3, nspring = 0.3, spring = 0, niters = 100 l_repulse = 5, l_surf_repulse = 0, checktol = 0
Positioning pial surface
Entering MRISpositionSurface()
  max_mm = 0.3
  MAX_REDUCTIONS = 2, REDUCTION_PCT = 0.5
  parms->check_tol = 0, niterations = 100
tol=1.0e-04, sigma=2.0, host=dna08, nav=4, nbrs=2, l_repulse=5.000, l_tspring=0.300, l_nspring=0.300, l_intensity=0.200, l_curv=1.000
mom=0.00, dt=0.50
complete_dist_mat 0
rms 0
smooth_averages 0
remove_neg 0
ico_order 0
which_surface 0
target_radius 0.000000
nfields 0
scale 0.000000
desired_rms_height 0.000000
momentum 0.000000
nbhd_size 0
max_nbrs 0
niterations 100
nsurfaces 0
SURFACES 3
flags 0 (0)
use curv 0
no sulc 0
no rigid align 0
mris->nsize 2
mris->hemisphere 0
randomSeed 0

000: dt: 0.0000, sse=3203604.0, rms=11.799
001: dt: 0.5000, sse=1802074.4, rms=8.715 (26.140%)
002: dt: 0.5000, sse=1132860.8, rms=6.760 (22.427%)
003: dt: 0.5000, sse=780015.1, rms=5.451 (19.364%)
004: dt: 0.5000, sse=585811.9, rms=4.571 (16.146%)
005: dt: 0.5000, sse=484939.9, rms=4.035 (11.717%)
006: dt: 0.5000, sse=433585.1, rms=3.731 (7.549%)
007: dt: 0.5000, sse=411112.0, rms=3.586 (3.880%)
008: dt: 0.5000, sse=397888.6, rms=3.496 (2.521%)
rms = 3.4708/3.4957, sse=394978.0/397888.6, time step reduction 1 of 3 to 0.250  0 0 1
009: dt: 0.5000, sse=394978.0, rms=3.471 (0.712%)
010: dt: 0.2500, sse=207235.7, rms=1.853 (46.619%)
011: dt: 0.2500, sse=178260.3, rms=1.450 (21.762%)
012: dt: 0.2500, sse=171122.5, rms=1.328 (8.354%)
013: dt: 0.2500, sse=167876.9, rms=1.267 (4.637%)
rms = 1.2351/1.2668, sse=166115.5/167876.9, time step reduction 2 of 3 to 0.125  0 0 1
014: dt: 0.2500, sse=166115.5, rms=1.235 (2.508%)
015: dt: 0.1250, sse=162870.8, rms=1.171 (5.173%)
rms = 1.1607/1.1712, sse=162481.4/162870.8, time step reduction 3 of 3 to 0.062  0 0 1
016: dt: 0.1250, sse=162481.4, rms=1.161 (0.890%)
  maximum number of reductions reached, breaking from loop
positioning took 0.9 minutes
Iteration 1 =========================================
n_averages=2, current_sigma=1
Freezing midline and others
Ripping frozen voxels
INFO: rip surface needed but not specified, so using input surface
Freezing midline and others
Entering: MRISripMidline(): inhibiting deformation at non-cortical midline structures...
  which=1, fix_mtl=0, using annot = 0
#FML0# MRISripMidline(): nripped=6079
removing 3 vertices from ripped group in thread:0
removing 1 vertices from ripped group in thread:0
#FML# MRISripMidline(): nmarked=6260, nmarked2=254, nripped=6260
Ripping segs (eg, WMSA, BG, frozen)
Starting MRISripSegs() d = (-2 2 0.5) segnos: 247 247 247 
MRISripSegs(): -2 2 0.5 ripped 0
Computing target border values 
Entering MRIScomputeBorderValues_new(): 
  inside_hi   = 120.0000000;
  border_hi   = 110.6387860;
  border_low  =  62.0000000;
  outside_low =  51.1585460;
  outside_hi  = 110.6387860;
  sigma = 1;
  max_thickness = 10;
  step_size=0.5;
  STEP_SIZE=0.1;
  which = 1
  thresh = 0
  flags = 0
  CBVfindFirstPeakD1=0
  CBVfindFirstPeakD2=0
  nvertices=116676
  Gdiag_no=-1
  vno start=0, stop=116676
Replacing 255s with 0s
#SI# sigma=1 had to be increased for 24 vertices, nripped=6260
mean border=78.9, 110 (63) missing vertices, mean dist -0.1 [0.4 (%65.6)->0.3 (%34.4))]
%74 local maxima, %20 large gradients and % 0 min vals, 0 gradients ignored
nFirstPeakD1 0
MRIScomputeBorderValues_new() finished in 0.0074 min


Finding expansion regions
mean absolute distance = 0.33 +- 0.73
2141 vertices more than 2 sigmas from mean.
Averaging target values for 5 iterations...
Positioning Surface: tspring = 0.3, nspring = 0.3, spring = 0, niters = 100 l_repulse = 5, l_surf_repulse = 0, checktol = 0
Positioning pial surface
Entering MRISpositionSurface()
  max_mm = 0.3
  MAX_REDUCTIONS = 2, REDUCTION_PCT = 0.5
  parms->check_tol = 0, niterations = 100
tol=1.0e-04, sigma=1.0, host=dna08, nav=2, nbrs=2, l_repulse=5.000, l_tspring=0.300, l_nspring=0.300, l_intensity=0.200, l_curv=1.000
mom=0.00, dt=0.50
000: dt: 0.0000, sse=524939.6, rms=3.968
017: dt: 0.5000, sse=349020.4, rms=2.793 (29.624%)
rms = 3.0258/2.7926, sse=378434.8/349020.4, time step reduction 1 of 3 to 0.250  0 1 1
   RMS increased, rejecting step
018: dt: 0.2500, sse=261048.5, rms=1.949 (30.212%)
019: dt: 0.2500, sse=222260.4, rms=1.428 (26.727%)
020: dt: 0.2500, sse=209723.3, rms=1.209 (15.349%)
021: dt: 0.2500, sse=205763.2, rms=1.127 (6.731%)
rms = 1.0830/1.1275, sse=203785.0/205763.1, time step reduction 2 of 3 to 0.125  0 0 1
022: dt: 0.2500, sse=203785.0, rms=1.083 (3.949%)
rms = 1.0422/1.0830, sse=202021.4/203785.0, time step reduction 3 of 3 to 0.062  0 0 1
023: dt: 0.1250, sse=202021.4, rms=1.042 (3.766%)
  maximum number of reductions reached, breaking from loop
positioning took 0.4 minutes
Iteration 2 =========================================
n_averages=1, current_sigma=0.5
Freezing midline and others
Ripping frozen voxels
INFO: rip surface needed but not specified, so using input surface
Freezing midline and others
Entering: MRISripMidline(): inhibiting deformation at non-cortical midline structures...
  which=1, fix_mtl=0, using annot = 0
#FML0# MRISripMidline(): nripped=6260
removing 4 vertices from ripped group in thread:0
removing 4 vertices from ripped group in thread:0
removing 1 vertices from ripped group in thread:0
removing 4 vertices from ripped group in thread:0
#FML# MRISripMidline(): nmarked=6323, nmarked2=255, nripped=6323
Ripping segs (eg, WMSA, BG, frozen)
Starting MRISripSegs() d = (-2 2 0.5) segnos: 247 247 247 247 
MRISripSegs(): -2 2 0.5 ripped 0
Computing target border values 
Entering MRIScomputeBorderValues_new(): 
  inside_hi   = 120.0000000;
  border_hi   = 110.6387860;
  border_low  =  62.0000000;
  outside_low =  51.1585460;
  outside_hi  = 110.6387860;
  sigma = 0.5;
  max_thickness = 10;
  step_size=0.5;
  STEP_SIZE=0.1;
  which = 1
  thresh = 0
  flags = 0
  CBVfindFirstPeakD1=0
  CBVfindFirstPeakD2=0
  nvertices=116676
  Gdiag_no=-1
  vno start=0, stop=116676
Replacing 255s with 0s
#SI# sigma=0.5 had to be increased for 28 vertices, nripped=6323
mean border=80.7, 90 (59) missing vertices, mean dist -0.1 [0.3 (%66.4)->0.2 (%33.6))]
%81 local maxima, %13 large gradients and % 0 min vals, 0 gradients ignored
nFirstPeakD1 0
MRIScomputeBorderValues_new() finished in 0.0042 min


Finding expansion regions
mean absolute distance = 0.27 +- 0.52
2415 vertices more than 2 sigmas from mean.
Averaging target values for 5 iterations...
Positioning Surface: tspring = 0.3, nspring = 0.3, spring = 0, niters = 100 l_repulse = 5, l_surf_repulse = 0, checktol = 0
Positioning pial surface
Entering MRISpositionSurface()
  max_mm = 0.3
  MAX_REDUCTIONS = 2, REDUCTION_PCT = 0.5
  parms->check_tol = 0, niterations = 100
tol=1.0e-04, sigma=0.5, host=dna08, nav=1, nbrs=2, l_repulse=5.000, l_tspring=0.300, l_nspring=0.300, l_intensity=0.200, l_curv=1.000
mom=0.00, dt=0.50
000: dt: 0.0000, sse=382156.2, rms=3.039
024: dt: 0.5000, sse=328789.8, rms=2.600 (14.422%)
rms = 2.9046/2.6004, sse=363374.7/328789.8, time step reduction 1 of 3 to 0.250  0 1 1
   RMS increased, rejecting step
025: dt: 0.2500, sse=241755.5, rms=1.689 (35.046%)
026: dt: 0.2500, sse=210896.1, rms=1.213 (28.169%)
027: dt: 0.2500, sse=203391.0, rms=1.046 (13.786%)
028: dt: 0.2500, sse=200821.0, rms=0.992 (5.130%)
rms = 0.9631/0.9923, sse=198305.5/200821.0, time step reduction 2 of 3 to 0.125  0 0 1
029: dt: 0.2500, sse=198305.5, rms=0.963 (2.949%)
rms = 0.9218/0.9631, sse=196628.8/198305.5, time step reduction 3 of 3 to 0.062  0 0 1
030: dt: 0.1250, sse=196628.8, rms=0.922 (4.285%)
  maximum number of reductions reached, breaking from loop
positioning took 0.4 minutes
Iteration 3 =========================================
n_averages=0, current_sigma=0.25
Freezing midline and others
Ripping frozen voxels
INFO: rip surface needed but not specified, so using input surface
Freezing midline and others
Entering: MRISripMidline(): inhibiting deformation at non-cortical midline structures...
  which=1, fix_mtl=0, using annot = 0
#FML0# MRISripMidline(): nripped=6323
removing 2 vertices from ripped group in thread:0
removing 3 vertices from ripped group in thread:0
removing 2 vertices from ripped group in thread:0
removing 2 vertices from ripped group in thread:0
removing 2 vertices from ripped group in thread:0
#FML# MRISripMidline(): nmarked=6380, nmarked2=255, nripped=6380
Ripping segs (eg, WMSA, BG, frozen)
Starting MRISripSegs() d = (-2 2 0.5) segnos: 247 247 247 247 247 
MRISripSegs(): -2 2 0.5 ripped 0
Computing target border values 
Entering MRIScomputeBorderValues_new(): 
  inside_hi   = 120.0000000;
  border_hi   = 110.6387860;
  border_low  =  62.0000000;
  outside_low =  51.1585460;
  outside_hi  = 110.6387860;
  sigma = 0.25;
  max_thickness = 10;
  step_size=0.5;
  STEP_SIZE=0.1;
  which = 1
  thresh = 0
  flags = 0
  CBVfindFirstPeakD1=0
  CBVfindFirstPeakD2=0
  nvertices=116676
  Gdiag_no=-1
  vno start=0, stop=116676
Replacing 255s with 0s
#SI# sigma=0.25 had to be increased for 28 vertices, nripped=6380
mean border=81.5, 100 (55) missing vertices, mean dist -0.1 [0.3 (%56.3)->0.2 (%43.7))]
%85 local maxima, %10 large gradients and % 0 min vals, 0 gradients ignored
nFirstPeakD1 0
MRIScomputeBorderValues_new() finished in 0.0028 min


Finding expansion regions
mean absolute distance = 0.24 +- 0.41
2100 vertices more than 2 sigmas from mean.
Averaging target values for 5 iterations...
Positioning Surface: tspring = 0.3, nspring = 0.3, spring = 0, niters = 100 l_repulse = 5, l_surf_repulse = 0, checktol = 0
Positioning pial surface
Entering MRISpositionSurface()
  max_mm = 0.3
  MAX_REDUCTIONS = 2, REDUCTION_PCT = 0.5
  parms->check_tol = 0, niterations = 100
tol=1.0e-04, sigma=0.2, host=dna08, nav=0, nbrs=2, l_repulse=5.000, l_tspring=0.300, l_nspring=0.300, l_intensity=0.200, l_curv=1.000
mom=0.00, dt=0.50
000: dt: 0.0000, sse=240244.8, rms=1.701
rms = 1.7395/1.7013, sse=244249.3/240244.8, time step reduction 1 of 3 to 0.250  0 1 1
   RMS increased, rejecting step
031: dt: 0.2500, sse=207694.5, rms=1.188 (30.160%)
032: dt: 0.2500, sse=189947.7, rms=0.775 (34.770%)
033: dt: 0.2500, sse=188609.5, rms=0.723 (6.765%)
rms = 0.7114/0.7226, sse=187630.2/188609.5, time step reduction 2 of 3 to 0.125  0 0 1
034: dt: 0.2500, sse=187630.2, rms=0.711 (1.559%)
rms = 0.7063/0.7114, sse=187055.0/187630.2, time step reduction 3 of 3 to 0.062  0 0 1
035: dt: 0.1250, sse=187055.0, rms=0.706 (0.708%)
  maximum number of reductions reached, breaking from loop
positioning took 0.3 minutes


Writing output to ../surf/lh.white.preaparc
#ET# mris_place_surface  2.06 minutes
#VMPC# mris_place_surfaces VmPeak  2974388
mris_place_surface done
#--------------------------------------------
#@# CortexLabel lh Fri Mar 13 23:44:09 CET 2026
cd /out/sourcedata/freesurfer/sub-v2s7x29668_ses-1/mri
mri_label2label --label-cortex ../surf/lh.white.preaparc aseg.presurf.mgz 0 ../label/lh.cortex.label

 Generating cortex label... RemoveHipAmgy=0
 NucAccIsMedialWall=0
 mris->useRealRAS=0
4 non-cortical segments detected
only using segment with 7327 vertices
erasing segment 1 (vno[0] = 61482)
erasing segment 2 (vno[0] = 73911)
erasing segment 3 (vno[0] = 75147)
#--------------------------------------------
#@# CortexLabel+HipAmyg lh Fri Mar 13 23:44:17 CET 2026
cd /out/sourcedata/freesurfer/sub-v2s7x29668_ses-1/mri
mri_label2label --label-cortex ../surf/lh.white.preaparc aseg.presurf.mgz 1 ../label/lh.cortex+hipamyg.label

 Generating cortex label... RemoveHipAmgy=1
 NucAccIsMedialWall=0
 mris->useRealRAS=0
6 non-cortical segments detected
only using segment with 5575 vertices
erasing segment 1 (vno[0] = 44011)
erasing segment 2 (vno[0] = 61482)
erasing segment 3 (vno[0] = 71739)
erasing segment 4 (vno[0] = 73911)
erasing segment 5 (vno[0] = 75147)
#--------------------------------------------
#@# Smooth2 lh Fri Mar 13 23:44:24 CET 2026
/out/sourcedata/freesurfer/sub-v2s7x29668_ses-1/scripts

 mris_smooth -n 3 -nw -seed 1234 ../surf/lh.white.preaparc ../surf/lh.smoothwm 

smoothing for 3 iterations
setting seed for random number generator to 1234
smoothing surface tessellation for 3 iterations...
smoothing complete - recomputing first and second fundamental forms...
#--------------------------------------------
#@# Inflation2 lh Fri Mar 13 23:44:26 CET 2026
/out/sourcedata/freesurfer/sub-v2s7x29668_ses-1/scripts

 mris_inflate ../surf/lh.smoothwm ../surf/lh.inflated 

Reading ../surf/lh.smoothwm
avg radius = 45.5 mm, total surface area = 74375 mm^2
step 000: RMS=0.176 (target=0.015)   step 005: RMS=0.114 (target=0.015)   step 010: RMS=0.088 (target=0.015)   step 015: RMS=0.072 (target=0.015)   step 020: RMS=0.059 (target=0.015)   step 025: RMS=0.050 (target=0.015)   step 030: RMS=0.042 (target=0.015)   step 035: RMS=0.034 (target=0.015)   step 040: RMS=0.028 (target=0.015)   step 045: RMS=0.024 (target=0.015)   step 050: RMS=0.022 (target=0.015)   step 055: RMS=0.020 (target=0.015)   step 060: RMS=0.019 (target=0.015)   writing inflated surface to ../surf/lh.inflated
writing sulcal depths to ../surf/lh.sulc

inflation complete.
inflation took 0.1 minutes
mris_inflate utimesec    36.327385
mris_inflate stimesec    1.253433
mris_inflate ru_maxrss   180900
mris_inflate ru_ixrss    0
mris_inflate ru_idrss    0
mris_inflate ru_isrss    0
mris_inflate ru_minflt   376086
mris_inflate ru_majflt   15
mris_inflate ru_nswap    0
mris_inflate ru_inblock  130
mris_inflate ru_oublock  9120
mris_inflate ru_msgsnd   0
mris_inflate ru_msgrcv   0
mris_inflate ru_nsignals 0
mris_inflate ru_nvcsw    4620
mris_inflate ru_nivcsw   169
#--------------------------------------------
#@# Curv .H and .K lh Fri Mar 13 23:44:33 CET 2026
/out/sourcedata/freesurfer/sub-v2s7x29668_ses-1/surf

 mris_curvature -w -seed 1234 lh.white.preaparc 

setting seed for random number generator to 1234
total integrated curvature = 29.610*4pi (372.090) --> -29 handles
ICI = 131.0, FI = 1304.4, variation=20284.110
writing Gaussian curvature to ./lh.white.preaparc.K...done.
writing mean curvature to ./lh.white.preaparc.H...done.
rm -f lh.white.H
ln -s lh.white.preaparc.H lh.white.H
rm -f lh.white.K
ln -s lh.white.preaparc.K lh.white.K

 mris_curvature -seed 1234 -thresh .999 -n -a 5 -w -distances 10 10 lh.inflated 

setting seed for random number generator to 1234
normalizing curvature values.
averaging curvature patterns 5 times.
sampling 10 neighbors out to a distance of 10 mm
211 vertices thresholded to be in k1 ~ [-0.23 0.41], k2 ~ [-0.13 0.05]
total integrated curvature = 0.695*4pi (8.730) --> 0 handles
ICI = 1.5, FI = 7.8, variation=138.550
117 vertices thresholded to be in [-0.01 0.02]
writing Gaussian curvature to ./lh.inflated.K...thresholding curvature at 99.90% level
curvature mean = 0.000, std = 0.001
152 vertices thresholded to be in [-0.15 0.20]
done.
writing mean curvature to ./lh.inflated.H...curvature mean = -0.016, std = 0.022
done.
#--------------------------------------------
#@# Sphere lh Fri Mar 13 23:45:04 CET 2026
/out/sourcedata/freesurfer/sub-v2s7x29668_ses-1/scripts

 mris_sphere -seed 1234 ../surf/lh.inflated ../surf/lh.sphere 

setting seed for random number genererator to 1234
version: 7.3.2
available threads: 16
reading original vertex positions...
projecting onto sphere...
surface projected - minimizing metric distortion...
scaling brain by 0.318...
MRISunfold() max_passes = 1 -------
tol=5.0e-01, sigma=0.0, host=dna08, nav=1024, nbrs=2, l_area=1.000, l_dist=1.000
using quadratic fit line minimization
complete_dist_mat 0
rms 0
smooth_averages 0
remove_neg 0
ico_order 0
which_surface 0
target_radius 0.000000
nfields 0
scale 1.000000
desired_rms_height -1.000000
momentum 0.900000
nbhd_size 7
max_nbrs 8
niterations 25
nsurfaces 0
SURFACES 3
flags 0 (0)
use curv 0
no sulc 0
no rigid align 0
mris->nsize 2
mris->hemisphere 0
randomSeed 1234

--------------------
  mrisRemoveNegativeArea()
pass 1: epoch 1 of 3 starting distance error %43.09
pass 1: epoch 2 of 3 starting distance error %19.52
unfolding complete - removing small folds...
starting distance error %19.52
removing remaining folds...
final distance error %19.52
MRISunfold() return, current seed 1234
-01: dt=0.0000,  80 negative triangles  VmPeak 2135576
051: dt=0.9900,  80 negative triangles
052: dt=0.9900,  49 negative triangles
053: dt=0.9900,  36 negative triangles
054: dt=0.9900,  22 negative triangles
055: dt=0.9900,  23 negative triangles
056: dt=0.9900,  19 negative triangles
057: dt=0.9900,  23 negative triangles
058: dt=0.9900,  20 negative triangles
059: dt=0.9900,  17 negative triangles
060: dt=0.9900,  21 negative triangles
061: dt=0.9900,  17 negative triangles
062: dt=0.9900,  20 negative triangles
063: dt=0.9900,  19 negative triangles
064: dt=0.9900,  16 negative triangles
065: dt=0.9900,  11 negative triangles
066: dt=0.9900,  16 negative triangles
067: dt=0.9900,  10 negative triangles
068: dt=0.9900,  14 negative triangles
069: dt=0.9900,  14 negative triangles
070: dt=0.9900,  11 negative triangles
071: dt=0.9900,   7 negative triangles
072: dt=0.9900,   9 negative triangles
073: dt=0.9900,   6 negative triangles
074: dt=0.9900,   7 negative triangles
075: dt=0.9900,   6 negative triangles
076: dt=0.9900,   8 negative triangles
077: dt=0.9900,   7 negative triangles
078: dt=0.9900,  10 negative triangles
079: dt=0.9900,   8 negative triangles
080: dt=0.9900,   3 negative triangles
081: dt=0.9900,   5 negative triangles
082: dt=0.9900,   3 negative triangles
083: dt=0.9900,   4 negative triangles
084: dt=0.9900,   2 negative triangles
085: dt=0.9900,   2 negative triangles
086: dt=0.9900,   4 negative triangles
087: dt=0.9900,   1 negative triangles
088: dt=0.9900,   1 negative triangles
089: dt=0.9900,   1 negative triangles
090: dt=0.9900,   1 negative triangles
091: dt=0.9900,   2 negative triangles
092: dt=0.9900,   1 negative triangles
writing spherical brain to ../surf/lh.sphere
spherical transformation took 0.0128 hours
FSRUNTIME@ mris_sphere  0.0128 hours 16 threads
#VMPC# mris_sphere VmPeak  2135576
mris_sphere done
#--------------------------------------------
#@# Surf Reg lh Fri Mar 13 23:45:50 CET 2026
/out/sourcedata/freesurfer/sub-v2s7x29668_ses-1/scripts

 mris_register -curv ../surf/lh.sphere /opt/freesurfer/average/lh.folding.atlas.acfb40.noaparc.i12.2016-08-02.tif ../surf/lh.sphere.reg 

using smoothwm curvature for final alignment

cwd /out/sourcedata/freesurfer/sub-v2s7x29668_ses-1/scripts
cmdline mris_register -curv ../surf/lh.sphere /opt/freesurfer/average/lh.folding.atlas.acfb40.noaparc.i12.2016-08-02.tif ../surf/lh.sphere.reg 

0 inflated.H
1 sulc
2 smoothwm (computed)
7.3.2
  7.3.2
reading surface from ../surf/lh.sphere...
reading template parameterization from /opt/freesurfer/average/lh.folding.atlas.acfb40.noaparc.i12.2016-08-02.tif...
MRISregister() -------
max_passes = 4 
min_degrees = 0.500000 
max_degrees = 64.000000 
nangles = 8 
tol=5.0e-01, sigma=0.0, host=dna08, nav=1024, nbrs=1, l_extern=10000.000, l_parea=0.200, l_nlarea=1.000, l_corr=1.000, l_dist=5.000
using quadratic fit line minimization
complete_dist_mat 0
rms 0
smooth_averages 0
remove_neg 0
ico_order 0
which_surface 0
target_radius 0.000000
nfields 0
scale 0.000000
desired_rms_height -1.000000
momentum 0.950000
nbhd_size -10
max_nbrs 10
niterations 25
nsurfaces 0
SURFACES 3
flags 16 (10)
use curv 16
no sulc 0
no rigid align 0
mris->nsize 1
mris->hemisphere 0
randomSeed 0

tol=5.0e-01, sigma=0.0, host=dna08, nav=1024, nbrs=1, l_extern=10000.000, l_parea=0.200, l_nlarea=1.000, l_corr=1.000, l_dist=5.000
using quadratic fit line minimization
--------------------
1 Reading lh.sulc
tol=1.0e+00, sigma=0.5, host=dna08, nav=1024, nbrs=1, l_extern=10000.000, l_parea=0.200, l_nlarea=1.000, l_corr=0.050, l_spring=0.500, l_dist=5.000
using quadratic fit line minimization
curvature mean = -0.000, std = 5.525
curvature mean = 0.041, std = 0.825
curvature mean = 0.003, std = 0.877
Starting MRISrigidBodyAlignGlobal()
Starting new MRISrigidBodyAlignGlobal_findMinSSE()
  new MRISrigidBodyAlignGlobal_findMinSSE min @ (5.00, -7.00, -9.50) sse = 208299.2, elapsed since starting=0.0453 min
MRISrigidBodyAlignGlobal() done   0.05 min
curvature mean = 0.019, std = 0.849
curvature mean = 0.002, std = 0.954
curvature mean = 0.016, std = 0.861
curvature mean = 0.001, std = 0.983
curvature mean = 0.015, std = 0.863
curvature mean = -0.000, std = 0.994
2 Reading smoothwm
curvature mean = -0.013, std = 0.250
curvature mean = 0.045, std = 0.250
curvature mean = 0.036, std = 0.404
curvature mean = 0.042, std = 0.307
curvature mean = 0.018, std = 0.624
curvature mean = 0.042, std = 0.334
curvature mean = 0.008, std = 0.769
curvature mean = 0.041, std = 0.346
curvature mean = 0.001, std = 0.867
MRISregister() return, current seed 0
-01: dt=0.0000,   3 negative triangles  VmPeak 1613052
103: dt=0.9900,   3 negative triangles
writing registered surface to ../surf/lh.sphere.reg...
registration took 0.03 hours
#VMPC# mris_register VmPeak  1613052
FSRUNTIME@ mris_register  0.0333 hours 16 threads

 ln -sf lh.sphere.reg lh.fsaverage.sphere.reg 

#--------------------------------------------
#@# Jacobian white lh Fri Mar 13 23:47:50 CET 2026
/out/sourcedata/freesurfer/sub-v2s7x29668_ses-1/scripts

 mris_jacobian ../surf/lh.white.preaparc ../surf/lh.sphere.reg ../surf/lh.jacobian_white 

reading surface from ../surf/lh.white.preaparc...
writing curvature file ../surf/lh.jacobian_white
#--------------------------------------------
#@# AvgCurv lh Fri Mar 13 23:47:51 CET 2026
/out/sourcedata/freesurfer/sub-v2s7x29668_ses-1/scripts

 mrisp_paint -a 5 /opt/freesurfer/average/lh.folding.atlas.acfb40.noaparc.i12.2016-08-02.tif#6 ../surf/lh.sphere.reg ../surf/lh.avg_curv 

averaging curvature patterns 5 times...
reading surface from ../surf/lh.sphere.reg...
reading template parameterization from /opt/freesurfer/average/lh.folding.atlas.acfb40.noaparc.i12.2016-08-02.tif...
writing curvature file to ../surf/lh.avg_curv...
#-----------------------------------------
#@# Cortical Parc lh Fri Mar 13 23:47:51 CET 2026
/out/sourcedata/freesurfer/sub-v2s7x29668_ses-1/scripts

 mris_ca_label -l ../label/lh.cortex.label -aseg ../mri/aseg.presurf.mgz -seed 1234 sub-v2s7x29668_ses-1 lh ../surf/lh.sphere.reg /opt/freesurfer/average/lh.DKaparc.atlas.acfb40.noaparc.i12.2016-08-02.gcs ../label/lh.aparc.annot 

setting seed for random number generator to 1234
using ../mri/aseg.presurf.mgz aseg volume to correct midline
7.3.2
  7.3.2
reading atlas from /opt/freesurfer/average/lh.DKaparc.atlas.acfb40.noaparc.i12.2016-08-02.gcs...
reading color table from GCSA file....
average std = 0.8   using min determinant for regularization = 0.006
0 singular and 342 ill-conditioned covariance matrices regularized
input 0: MEAN CURVATURE, flags 0, avgs 5, name mean_curvature
labeling surface...
773 labels changed using aseg
relabeling using gibbs priors...
000:   2763 changed, 116676 examined...
001:    602 changed, 11723 examined...
002:    148 changed, 3428 examined...
003:     48 changed, 934 examined...
004:     14 changed, 290 examined...
005:      2 changed, 86 examined...
006:      1 changed, 11 examined...
007:      1 changed, 5 examined...
008:      2 changed, 8 examined...
009:      2 changed, 13 examined...
010:      0 changed, 9 examined...
183 labels changed using aseg
000: 92 total segments, 50 labels (132 vertices) changed
001: 42 total segments, 0 labels (0 vertices) changed
10 filter iterations complete (10 requested, 4 changed)
rationalizing unknown annotations with cortex label
relabeling unknown label...
relabeling corpuscallosum label...
1589 vertices marked for relabeling...
1589 labels changed in reclassification.
writing output to ../label/lh.aparc.annot...
classification took 0 minutes and 6 seconds.
#--------------------------------------------
#@# WhiteSurfs lh Fri Mar 13 23:47:57 CET 2026
cd /out/sourcedata/freesurfer/sub-v2s7x29668_ses-1/mri
mris_place_surface --adgws-in ../surf/autodet.gw.stats.lh.dat --seg aseg.presurf.mgz --threads 16 --wm wm.mgz --invol brain.finalsurfs.mgz --lh --i ../surf/lh.white.preaparc --o ../surf/lh.white --white --nsmooth 0 --rip-label ../label/lh.cortex.label --rip-bg --rip-surf ../surf/lh.white.preaparc --aparc ../label/lh.aparc.annot
7.3.2
7.3.2

cd /out/sourcedata/freesurfer/sub-v2s7x29668_ses-1/mri
setenv SUBJECTS_DIR /out/sourcedata/freesurfer
mris_place_surface --adgws-in ../surf/autodet.gw.stats.lh.dat --seg aseg.presurf.mgz --threads 16 --wm wm.mgz --invol brain.finalsurfs.mgz --lh --i ../surf/lh.white.preaparc --o ../surf/lh.white --white --nsmooth 0 --rip-label ../label/lh.cortex.label --rip-bg --rip-surf ../surf/lh.white.preaparc --aparc ../label/lh.aparc.annot 

Reading in input surface ../surf/lh.white.preaparc
Not smoothing input surface
Area    233348  0.35273  0.12650 0.001490   1.5712
Corner  700044 60.00000 13.43140 0.832768 177.5948
Edge    350022  0.91373  0.20884 0.024272   3.0202
Hinge   350022  9.55205 10.48856 0.000038 179.8375
Reading in aparc ../label/lh.aparc.annot
Reading in input volume brain.finalsurfs.mgz
Reading in wm volume wm.mgz
MRIclipBrightWM(): nthresh=11617, wmmin=5, clip=110 
MRIfindBrightNonWM(): 4 bright non-wm voxels segmented.
Masking bright non-wm for white surface
MRImask(): AllowDiffGeom = 1
MRImask(): AllowDiffGeom = 1
Reading in seg volume aseg.presurf.mgz
Ripping frozen voxels
Ripping vertices not in label ../label/lh.cortex.label
MRISripNotLabel() ripped 7640/116676 vertices (109036 unripped)
Reading in ripping surface ../surf/lh.white.preaparc
Reading in aparc ../label/lh.aparc.annot for ripsurf
Ripping BG
MRISripBasalGanglia(): 1 -2 2 0.5 ripped 350
Ripping segs (eg, WMSA, BG, frozen)
Starting MRISripSegs() d = (-2 2 0.5) segnos: 247 
MRISripSegs(): -2 2 0.5 ripped 0
vertex 58338: xyz = (-39.9373,-8.90079,30.1312) oxyz = (-39.9373,-8.90079,30.1312) wxzy = (-39.9373,-8.90079,30.1312) pxyz = (0,0,0) 
CBVO Creating mask 116676
n_averages 4
Iteration 0 =========================================
n_averages=4, current_sigma=2
Computing target border values 
Entering MRIScomputeBorderValues_new(): 
  inside_hi   = 120.0000000;
  border_hi   = 110.6387860;
  border_low  =  62.0000000;
  outside_low =  51.1585460;
  outside_hi  = 110.6387860;
  sigma = 2;
  max_thickness = 10;
  step_size=0.5;
  STEP_SIZE=0.1;
  which = 1
  thresh = 0
  flags = 0
  CBVfindFirstPeakD1=0
  CBVfindFirstPeakD2=0
  nvertices=116676
  Gdiag_no=-1
  vno start=0, stop=116676
Replacing 255s with 0s
#SI# sigma=2 had to be increased for 40 vertices, nripped=7990
mean border=76.8, 67 (67) missing vertices, mean dist 0.2 [0.8 (%20.3)->0.4 (%79.7))]
%65 local maxima, %28 large gradients and % 0 min vals, 0 gradients ignored
nFirstPeakD1 0
MRIScomputeBorderValues_new() finished in 0.0101 min


Finding expansion regions
mean absolute distance = 0.51 +- 0.95
2005 vertices more than 2 sigmas from mean.
Averaging target values for 5 iterations...
Positioning Surface: tspring = 0.3, nspring = 0.3, spring = 0, niters = 100 l_repulse = 5, l_surf_repulse = 0, checktol = 0
Positioning pial surface
Entering MRISpositionSurface()
  max_mm = 0.3
  MAX_REDUCTIONS = 2, REDUCTION_PCT = 0.5
  parms->check_tol = 0, niterations = 100
tol=1.0e-04, sigma=2.0, host=dna08, nav=4, nbrs=2, l_repulse=5.000, l_tspring=0.300, l_nspring=0.300, l_intensity=0.200, l_curv=1.000
mom=0.00, dt=0.50
complete_dist_mat 0
rms 0
smooth_averages 0
remove_neg 0
ico_order 0
which_surface 0
target_radius 0.000000
nfields 0
scale 0.000000
desired_rms_height 0.000000
momentum 0.000000
nbhd_size 0
max_nbrs 0
niterations 100
nsurfaces 0
SURFACES 3
flags 0 (0)
use curv 0
no sulc 0
no rigid align 0
mris->nsize 2
mris->hemisphere 0
randomSeed 0

000: dt: 0.0000, sse=1170561.1, rms=6.780
001: dt: 0.5000, sse=536246.8, rms=4.096 (39.584%)
002: dt: 0.5000, sse=408589.3, rms=3.304 (19.340%)
003: dt: 0.5000, sse=398750.1, rms=3.231 (2.217%)
004: dt: 0.5000, sse=376811.6, rms=3.066 (5.085%)
rms = 3.1805/3.0663, sse=393013.1/376811.6, time step reduction 1 of 3 to 0.250  0 1 1
   RMS increased, rejecting step
005: dt: 0.2500, sse=255973.0, rms=1.942 (36.653%)
006: dt: 0.2500, sse=214456.3, rms=1.355 (30.258%)
007: dt: 0.2500, sse=204906.0, rms=1.173 (13.380%)
rms = 1.1263/1.1734, sse=202941.3/204906.0, time step reduction 2 of 3 to 0.125  0 0 1
008: dt: 0.2500, sse=202941.3, rms=1.126 (4.012%)
rms = 1.0804/1.1263, sse=200524.4/202941.3, time step reduction 3 of 3 to 0.062  0 0 1
009: dt: 0.1250, sse=200524.4, rms=1.080 (4.079%)
  maximum number of reductions reached, breaking from loop
positioning took 0.5 minutes
Iteration 1 =========================================
n_averages=2, current_sigma=1
Computing target border values 
Entering MRIScomputeBorderValues_new(): 
  inside_hi   = 120.0000000;
  border_hi   = 110.6387860;
  border_low  =  62.0000000;
  outside_low =  51.1585460;
  outside_hi  = 110.6387860;
  sigma = 1;
  max_thickness = 10;
  step_size=0.5;
  STEP_SIZE=0.1;
  which = 1
  thresh = 0
  flags = 0
  CBVfindFirstPeakD1=0
  CBVfindFirstPeakD2=0
  nvertices=116676
  Gdiag_no=-1
  vno start=0, stop=116676
Replacing 255s with 0s
#SI# sigma=1 had to be increased for 46 vertices, nripped=7990
mean border=78.6, 41 (17) missing vertices, mean dist -0.2 [0.4 (%63.2)->0.2 (%36.8))]
%72 local maxima, %21 large gradients and % 0 min vals, 0 gradients ignored
nFirstPeakD1 0
MRIScomputeBorderValues_new() finished in 0.0074 min


Finding expansion regions
mean absolute distance = 0.34 +- 0.79
2228 vertices more than 2 sigmas from mean.
Averaging target values for 5 iterations...
Positioning Surface: tspring = 0.3, nspring = 0.3, spring = 0, niters = 100 l_repulse = 5, l_surf_repulse = 0, checktol = 0
Positioning pial surface
Entering MRISpositionSurface()
  max_mm = 0.3
  MAX_REDUCTIONS = 2, REDUCTION_PCT = 0.5
  parms->check_tol = 0, niterations = 100
tol=1.0e-04, sigma=1.0, host=dna08, nav=2, nbrs=2, l_repulse=5.000, l_tspring=0.300, l_nspring=0.300, l_intensity=0.200, l_curv=1.000
mom=0.00, dt=0.50
000: dt: 0.0000, sse=462250.6, rms=3.588
010: dt: 0.5000, sse=320444.1, rms=2.521 (29.743%)
rms = 2.7842/2.5211, sse=349467.1/320444.1, time step reduction 1 of 3 to 0.250  0 1 1
   RMS increased, rejecting step
011: dt: 0.2500, sse=246410.4, rms=1.719 (31.817%)
012: dt: 0.2500, sse=214793.7, rms=1.227 (28.602%)
013: dt: 0.2500, sse=205614.7, rms=1.036 (15.573%)
014: dt: 0.2500, sse=203287.4, rms=0.978 (5.657%)
rms = 0.9516/0.9776, sse=202357.1/203287.4, time step reduction 2 of 3 to 0.125  0 0 1
015: dt: 0.2500, sse=202357.1, rms=0.952 (2.653%)
rms = 0.9231/0.9516, sse=201617.9/202357.1, time step reduction 3 of 3 to 0.062  0 0 1
016: dt: 0.1250, sse=201617.9, rms=0.923 (3.000%)
  maximum number of reductions reached, breaking from loop
positioning took 0.4 minutes
Iteration 2 =========================================
n_averages=1, current_sigma=0.5
Computing target border values 
Entering MRIScomputeBorderValues_new(): 
  inside_hi   = 120.0000000;
  border_hi   = 110.6387860;
  border_low  =  62.0000000;
  outside_low =  51.1585460;
  outside_hi  = 110.6387860;
  sigma = 0.5;
  max_thickness = 10;
  step_size=0.5;
  STEP_SIZE=0.1;
  which = 1
  thresh = 0
  flags = 0
  CBVfindFirstPeakD1=0
  CBVfindFirstPeakD2=0
  nvertices=116676
  Gdiag_no=-1
  vno start=0, stop=116676
Replacing 255s with 0s
#SI# sigma=0.5 had to be increased for 32 vertices, nripped=7990
mean border=80.5, 49 (15) missing vertices, mean dist -0.1 [0.3 (%66.3)->0.2 (%33.7))]
%80 local maxima, %13 large gradients and % 0 min vals, 0 gradients ignored
nFirstPeakD1 0
MRIScomputeBorderValues_new() finished in 0.0042 min


Finding expansion regions
mean absolute distance = 0.28 +- 0.56
2384 vertices more than 2 sigmas from mean.
Averaging target values for 5 iterations...
Positioning Surface: tspring = 0.3, nspring = 0.3, spring = 0, niters = 100 l_repulse = 5, l_surf_repulse = 0, checktol = 0
Positioning pial surface
Entering MRISpositionSurface()
  max_mm = 0.3
  MAX_REDUCTIONS = 2, REDUCTION_PCT = 0.5
  parms->check_tol = 0, niterations = 100
tol=1.0e-04, sigma=0.5, host=dna08, nav=1, nbrs=2, l_repulse=5.000, l_tspring=0.300, l_nspring=0.300, l_intensity=0.200, l_curv=1.000
mom=0.00, dt=0.50
000: dt: 0.0000, sse=384899.8, rms=3.062
017: dt: 0.5000, sse=327259.5, rms=2.560 (16.392%)
rms = 2.8325/2.5600, sse=354903.5/327259.5, time step reduction 1 of 3 to 0.250  0 1 1
   RMS increased, rejecting step
018: dt: 0.2500, sse=241369.5, rms=1.656 (35.304%)
019: dt: 0.2500, sse=211155.5, rms=1.164 (29.745%)
020: dt: 0.2500, sse=201571.5, rms=0.986 (15.274%)
021: dt: 0.2500, sse=199201.8, rms=0.932 (5.488%)
rms = 0.9062/0.9317, sse=198012.4/199201.8, time step reduction 2 of 3 to 0.125  0 0 1
022: dt: 0.2500, sse=198012.4, rms=0.906 (2.746%)
rms = 0.8710/0.9062, sse=196681.0/198012.4, time step reduction 3 of 3 to 0.062  0 0 1
023: dt: 0.1250, sse=196681.0, rms=0.871 (3.878%)
  maximum number of reductions reached, breaking from loop
positioning took 0.4 minutes
Iteration 3 =========================================
n_averages=0, current_sigma=0.25
Computing target border values 
Entering MRIScomputeBorderValues_new(): 
  inside_hi   = 120.0000000;
  border_hi   = 110.6387860;
  border_low  =  62.0000000;
  outside_low =  51.1585460;
  outside_hi  = 110.6387860;
  sigma = 0.25;
  max_thickness = 10;
  step_size=0.5;
  STEP_SIZE=0.1;
  which = 1
  thresh = 0
  flags = 0
  CBVfindFirstPeakD1=0
  CBVfindFirstPeakD2=0
  nvertices=116676
  Gdiag_no=-1
  vno start=0, stop=116676
Replacing 255s with 0s
#SI# sigma=0.25 had to be increased for 33 vertices, nripped=7990
mean border=81.3, 60 (13) missing vertices, mean dist -0.1 [0.3 (%56.5)->0.2 (%43.5))]
%84 local maxima, %10 large gradients and % 0 min vals, 0 gradients ignored
nFirstPeakD1 0
MRIScomputeBorderValues_new() finished in 0.0028 min


Finding expansion regions
mean absolute distance = 0.24 +- 0.43
2157 vertices more than 2 sigmas from mean.
Averaging target values for 5 iterations...
Positioning Surface: tspring = 0.3, nspring = 0.3, spring = 0, niters = 100 l_repulse = 5, l_surf_repulse = 0, checktol = 0
Positioning pial surface
Entering MRISpositionSurface()
  max_mm = 0.3
  MAX_REDUCTIONS = 2, REDUCTION_PCT = 0.5
  parms->check_tol = 0, niterations = 100
tol=1.0e-04, sigma=0.2, host=dna08, nav=0, nbrs=2, l_repulse=5.000, l_tspring=0.300, l_nspring=0.300, l_intensity=0.200, l_curv=1.000
mom=0.00, dt=0.50
000: dt: 0.0000, sse=238965.0, rms=1.670
rms = 1.7217/1.6705, sse=245083.7/238965.0, time step reduction 1 of 3 to 0.250  0 1 1
   RMS increased, rejecting step
024: dt: 0.2500, sse=206887.2, rms=1.146 (31.413%)
025: dt: 0.2500, sse=190089.6, rms=0.732 (36.075%)
rms = 0.6885/0.7324, sse=188307.4/190089.6, time step reduction 2 of 3 to 0.125  0 0 1
026: dt: 0.2500, sse=188307.4, rms=0.689 (5.992%)
rms = 0.6797/0.6885, sse=187767.0/188307.4, time step reduction 3 of 3 to 0.062  0 0 1
027: dt: 0.1250, sse=187767.0, rms=0.680 (1.284%)
  maximum number of reductions reached, breaking from loop
positioning took 0.2 minutes


Writing output to ../surf/lh.white
#ET# mris_place_surface  1.68 minutes
#VMPC# mris_place_surfaces VmPeak  2871168
mris_place_surface done
#--------------------------------------------
#@# T1PialSurf lh Fri Mar 13 23:49:42 CET 2026
cd /out/sourcedata/freesurfer/sub-v2s7x29668_ses-1/mri
mris_place_surface --adgws-in ../surf/autodet.gw.stats.lh.dat --seg aseg.presurf.mgz --threads 16 --wm wm.mgz --invol brain.finalsurfs.mgz --lh --i ../surf/lh.white --o ../surf/lh.pial.T1 --pial --nsmooth 0 --rip-label ../label/lh.cortex+hipamyg.label --pin-medial-wall ../label/lh.cortex.label --aparc ../label/lh.aparc.annot --repulse-surf ../surf/lh.white --white-surf ../surf/lh.white
7.3.2
7.3.2

cd /out/sourcedata/freesurfer/sub-v2s7x29668_ses-1/mri
setenv SUBJECTS_DIR /out/sourcedata/freesurfer
mris_place_surface --adgws-in ../surf/autodet.gw.stats.lh.dat --seg aseg.presurf.mgz --threads 16 --wm wm.mgz --invol brain.finalsurfs.mgz --lh --i ../surf/lh.white --o ../surf/lh.pial.T1 --pial --nsmooth 0 --rip-label ../label/lh.cortex+hipamyg.label --pin-medial-wall ../label/lh.cortex.label --aparc ../label/lh.aparc.annot --repulse-surf ../surf/lh.white --white-surf ../surf/lh.white 

Reading in input surface ../surf/lh.white
Not smoothing input surface
Area    233348  0.35584  0.13963 0.001444   2.0608
Corner  700044 60.00000 14.58565 0.332172 179.0912
Edge    350022  0.91874  0.22565 0.022005   3.2781
Hinge   350022  9.55173 10.49395 0.000005 179.8375
Reading white surface coordinates from ../surf/lh.white
Reading repulsion surface coordinates from ../surf/lh.white
Reading in aparc ../label/lh.aparc.annot
Reading in input volume brain.finalsurfs.mgz
Reading in wm volume wm.mgz
MRIclipBrightWM(): nthresh=11617, wmmin=5, clip=110 
MRIfindBrightNonWM(): 4 bright non-wm voxels segmented.
Masking bright non-wm for pial surface mid_gray = 61.4184
MRImask(): AllowDiffGeom = 1
MRImask(): AllowDiffGeom = 1
MRImask(): AllowDiffGeom = 1
Reading in seg volume aseg.presurf.mgz
Ripping frozen voxels
Ripping vertices not in label ../label/lh.cortex+hipamyg.label
MRISripNotLabel() ripped 6089/116676 vertices (110587 unripped)
INFO: rip surface needed but not specified, so using input surface
Ripping segs (eg, WMSA, BG, frozen)
Starting MRISripSegs() d = (-2 2 0.5) segnos: 247 
MRISripSegs(): -2 2 0.5 ripped 0
vertex 58338: xyz = (-39.8638,-8.92049,30.1787) oxyz = (-39.8638,-8.92049,30.1787) wxzy = (-39.8638,-8.92049,30.1787) pxyz = (-39.8638,-8.92049,30.1787) 
CBVO Creating mask 116676
n_averages 16
Iteration 0 =========================================
n_averages=16, current_sigma=2
Computing target border values 
Entering MRIScomputeBorderValues_new(): 
  inside_hi   =  93.3612140;
  border_hi   =  51.1585460;
  border_low  =  29.4756320;
  outside_low =  10.0000000;
  outside_hi  =  45.7378160;
  sigma = 2;
  max_thickness = 10;
  step_size=0.5;
  STEP_SIZE=0.1;
  which = 2
  thresh = 0
  flags = 0
  CBVfindFirstPeakD1=0
  CBVfindFirstPeakD2=0
  nvertices=116676
  Gdiag_no=-1
  vno start=0, stop=116676
Replacing 255s with 0s
#SI# sigma=2 had to be increased for 57 vertices, nripped=6089
mean border=50.4, 75 (75) missing vertices, mean dist 1.6 [0.0 (%0.0)->2.6 (%100.0))]
%13 local maxima, %43 large gradients and %38 min vals, 0 gradients ignored
nFirstPeakD1 0
MRIScomputeBorderValues_new() finished in 0.0082 min


Averaging target values for 5 iterations...
Positioning Surface: tspring = 0.3, nspring = 0.3, spring = 0, niters = 100 l_repulse = 0, l_surf_repulse = 5, checktol = 0
Positioning pial surface
Entering MRISpositionSurface()
  max_mm = 0.3
  MAX_REDUCTIONS = 2, REDUCTION_PCT = 0.5
  parms->check_tol = 0, niterations = 100
tol=1.0e-04, sigma=2.0, host=dna08, nav=16, nbrs=2, l_surf_repulse=5.000, l_tspring=0.300, l_nspring=0.300, l_intensity=0.200, l_curv=1.000
mom=0.00, dt=0.50
complete_dist_mat 0
rms 0
smooth_averages 0
remove_neg 0
ico_order 0
which_surface 0
target_radius 0.000000
nfields 0
scale 0.000000
desired_rms_height 0.000000
momentum 0.000000
nbhd_size 0
max_nbrs 0
niterations 100
nsurfaces 0
SURFACES 3
flags 0 (0)
use curv 0
no sulc 0
no rigid align 0
mris->nsize 2
mris->hemisphere 0
randomSeed 0

000: dt: 0.0000, sse=22225670.0, rms=31.585
001: dt: 0.5000, sse=15130701.0, rms=26.010 (17.648%)
002: dt: 0.5000, sse=9969224.0, rms=21.046 (19.086%)
003: dt: 0.5000, sse=6501955.5, rms=16.910 (19.652%)
004: dt: 0.5000, sse=4296420.5, rms=13.640 (19.340%)
005: dt: 0.5000, sse=2915647.8, rms=11.110 (18.544%)
006: dt: 0.5000, sse=2029769.4, rms=9.124 (17.882%)
007: dt: 0.5000, sse=1453467.0, rms=7.553 (17.215%)
008: dt: 0.5000, sse=1088141.2, rms=6.357 (15.842%)
009: dt: 0.5000, sse=864234.1, rms=5.493 (13.592%)
010: dt: 0.5000, sse=728353.0, rms=4.892 (10.941%)
011: dt: 0.5000, sse=638697.6, rms=4.448 (9.062%)
012: dt: 0.5000, sse=582609.3, rms=4.145 (6.823%)
013: dt: 0.5000, sse=542820.5, rms=3.914 (5.570%)
014: dt: 0.5000, sse=516703.3, rms=3.753 (4.116%)
015: dt: 0.5000, sse=495513.1, rms=3.617 (3.629%)
016: dt: 0.5000, sse=483220.5, rms=3.533 (2.306%)
017: dt: 0.5000, sse=471935.6, rms=3.455 (2.208%)
rms = 3.4167/3.4552, sse=466807.0/471935.6, time step reduction 1 of 3 to 0.250  0 0 1
018: dt: 0.5000, sse=466807.0, rms=3.417 (1.115%)
019: dt: 0.2500, sse=399679.0, rms=2.917 (14.630%)
020: dt: 0.2500, sse=386437.5, rms=2.808 (3.719%)
rms = 2.7823/2.8083, sse=383558.9/386437.5, time step reduction 2 of 3 to 0.125  0 0 1
021: dt: 0.2500, sse=383558.9, rms=2.782 (0.928%)
022: dt: 0.1250, sse=375947.1, rms=2.716 (2.376%)
rms = 2.6982/2.7162, sse=373946.2/375947.1, time step reduction 3 of 3 to 0.062  0 0 1
023: dt: 0.1250, sse=373946.2, rms=2.698 (0.661%)
  maximum number of reductions reached, breaking from loop
positioning took 1.2 minutes
Iteration 1 =========================================
n_averages=8, current_sigma=1
Computing target border values 
Entering MRIScomputeBorderValues_new(): 
  inside_hi   =  93.3612140;
  border_hi   =  51.1585460;
  border_low  =  29.4756320;
  outside_low =  10.0000000;
  outside_hi  =  45.7378160;
  sigma = 1;
  max_thickness = 10;
  step_size=0.5;
  STEP_SIZE=0.1;
  which = 2
  thresh = 0
  flags = 0
  CBVfindFirstPeakD1=0
  CBVfindFirstPeakD2=0
  nvertices=116676
  Gdiag_no=-1
  vno start=0, stop=116676
Replacing 255s with 0s
#SI# sigma=1 had to be increased for 7685 vertices, nripped=6089
mean border=48.8, 1187 (8) missing vertices, mean dist 0.2 [0.2 (%51.2)->0.8 (%48.8))]
%19 local maxima, %42 large gradients and %33 min vals, 0 gradients ignored
nFirstPeakD1 0
MRIScomputeBorderValues_new() finished in 0.0039 min


Averaging target values for 5 iterations...
Positioning Surface: tspring = 0.3, nspring = 0.3, spring = 0, niters = 100 l_repulse = 0, l_surf_repulse = 5, checktol = 0
Positioning pial surface
Entering MRISpositionSurface()
  max_mm = 0.3
  MAX_REDUCTIONS = 2, REDUCTION_PCT = 0.5
  parms->check_tol = 0, niterations = 100
tol=1.0e-04, sigma=1.0, host=dna08, nav=8, nbrs=2, l_surf_repulse=5.000, l_tspring=0.300, l_nspring=0.300, l_intensity=0.200, l_curv=1.000
mom=0.00, dt=0.50
000: dt: 0.0000, sse=579322.1, rms=3.919
024: dt: 0.5000, sse=496617.6, rms=3.405 (13.116%)
025: dt: 0.5000, sse=469431.7, rms=3.231 (5.105%)
rms = 3.2970/3.2310, sse=479198.9/469431.7, time step reduction 1 of 3 to 0.250  0 1 1
   RMS increased, rejecting step
026: dt: 0.2500, sse=422677.3, rms=2.874 (11.045%)
027: dt: 0.2500, sse=406239.7, rms=2.734 (4.866%)
rms = 2.6932/2.7343, sse=401513.0/406239.7, time step reduction 2 of 3 to 0.125  0 0 1
028: dt: 0.2500, sse=401513.0, rms=2.693 (1.503%)
029: dt: 0.1250, sse=393322.5, rms=2.620 (2.701%)
rms = 2.5979/2.6204, sse=390788.7/393322.5, time step reduction 3 of 3 to 0.062  0 0 1
030: dt: 0.1250, sse=390788.7, rms=2.598 (0.862%)
  maximum number of reductions reached, breaking from loop
positioning took 0.4 minutes
Iteration 2 =========================================
n_averages=4, current_sigma=0.5
Computing target border values 
Entering MRIScomputeBorderValues_new(): 
  inside_hi   =  93.3612140;
  border_hi   =  51.1585460;
  border_low  =  29.4756320;
  outside_low =  10.0000000;
  outside_hi  =  45.7378160;
  sigma = 0.5;
  max_thickness = 10;
  step_size=0.5;
  STEP_SIZE=0.1;
  which = 2
  thresh = 0
  flags = 0
  CBVfindFirstPeakD1=0
  CBVfindFirstPeakD2=0
  nvertices=116676
  Gdiag_no=-1
  vno start=0, stop=116676
Replacing 255s with 0s
#SI# sigma=0.5 had to be increased for 9271 vertices, nripped=6089
mean border=48.0, 1548 (5) missing vertices, mean dist 0.1 [0.2 (%49.0)->0.6 (%51.0))]
%28 local maxima, %32 large gradients and %33 min vals, 0 gradients ignored
nFirstPeakD1 0
MRIScomputeBorderValues_new() finished in 0.0023 min


Averaging target values for 5 iterations...
Positioning Surface: tspring = 0.3, nspring = 0.3, spring = 0, niters = 100 l_repulse = 0, l_surf_repulse = 5, checktol = 0
Positioning pial surface
Entering MRISpositionSurface()
  max_mm = 0.3
  MAX_REDUCTIONS = 2, REDUCTION_PCT = 0.5
  parms->check_tol = 0, niterations = 100
tol=1.0e-04, sigma=0.5, host=dna08, nav=4, nbrs=2, l_surf_repulse=5.000, l_tspring=0.300, l_nspring=0.300, l_intensity=0.200, l_curv=1.000
mom=0.00, dt=0.50
000: dt: 0.0000, sse=456475.4, rms=3.077
rms = 3.0528/3.0773, sse=453064.4/456475.4, time step reduction 1 of 3 to 0.250  0 0 1
031: dt: 0.5000, sse=453064.4, rms=3.053 (0.798%)
032: dt: 0.2500, sse=406233.8, rms=2.683 (12.127%)
033: dt: 0.2500, sse=396158.8, rms=2.597 (3.202%)
rms = 2.5804/2.5967, sse=394137.3/396158.8, time step reduction 2 of 3 to 0.125  0 0 1
034: dt: 0.2500, sse=394137.3, rms=2.580 (0.625%)
035: dt: 0.1250, sse=383125.5, rms=2.480 (3.888%)
rms = 2.4531/2.4801, sse=380131.1/383125.5, time step reduction 3 of 3 to 0.062  0 0 1
036: dt: 0.1250, sse=380131.1, rms=2.453 (1.087%)
  maximum number of reductions reached, breaking from loop
positioning took 0.3 minutes
Iteration 3 =========================================
n_averages=2, current_sigma=0.25
Computing target border values 
Entering MRIScomputeBorderValues_new(): 
  inside_hi   =  93.3612140;
  border_hi   =  51.1585460;
  border_low  =  29.4756320;
  outside_low =  10.0000000;
  outside_hi  =  45.7378160;
  sigma = 0.25;
  max_thickness = 10;
  step_size=0.5;
  STEP_SIZE=0.1;
  which = 2
  thresh = 0
  flags = 0
  CBVfindFirstPeakD1=0
  CBVfindFirstPeakD2=0
  nvertices=116676
  Gdiag_no=-1
  vno start=0, stop=116676
Replacing 255s with 0s
#SI# sigma=0.25 had to be increased for 8112 vertices, nripped=6089
mean border=47.4, 3415 (5) missing vertices, mean dist 0.1 [0.2 (%49.7)->0.5 (%50.3))]
%35 local maxima, %26 large gradients and %32 min vals, 0 gradients ignored
nFirstPeakD1 0
MRIScomputeBorderValues_new() finished in 0.0015 min


Averaging target values for 5 iterations...
Positioning Surface: tspring = 0.3, nspring = 0.3, spring = 0, niters = 100 l_repulse = 0, l_surf_repulse = 5, checktol = 0
Positioning pial surface
Entering MRISpositionSurface()
  max_mm = 0.3
  MAX_REDUCTIONS = 2, REDUCTION_PCT = 0.5
  parms->check_tol = 0, niterations = 100
tol=1.0e-04, sigma=0.2, host=dna08, nav=2, nbrs=2, l_surf_repulse=5.000, l_tspring=0.300, l_nspring=0.300, l_intensity=0.200, l_curv=1.000
mom=0.00, dt=0.50
000: dt: 0.0000, sse=407662.8, rms=2.684
rms = 2.7820/2.6842, sse=418687.5/407662.8, time step reduction 1 of 3 to 0.250  0 1 1
   RMS increased, rejecting step
037: dt: 0.2500, sse=391643.9, rms=2.544 (5.212%)
038: dt: 0.2500, sse=381871.7, rms=2.458 (3.394%)
rms = 2.4390/2.4579, sse=379504.9/381871.7, time step reduction 2 of 3 to 0.125  0 0 1
039: dt: 0.2500, sse=379504.9, rms=2.439 (0.768%)
040: dt: 0.1250, sse=370306.8, rms=2.351 (3.598%)
rms = 2.3215/2.3513, sse=367045.0/370306.8, time step reduction 3 of 3 to 0.062  0 0 1
041: dt: 0.1250, sse=367045.0, rms=2.322 (1.266%)
  maximum number of reductions reached, breaking from loop
positioning took 0.3 minutes
Pinning medial wall to white surface
removing intersecting faces
000: 22 intersecting
001: 2 intersecting
terminating search with 0 intersecting


Writing output to ../surf/lh.pial.T1
#ET# mris_place_surface  2.17 minutes
#VMPC# mris_place_surfaces VmPeak  2304228
mris_place_surface done
#@# white curv lh Fri Mar 13 23:51:56 CET 2026
cd /out/sourcedata/freesurfer/sub-v2s7x29668_ses-1/mri
mris_place_surface --curv-map ../surf/lh.white 2 10 ../surf/lh.curv
insurf  ../surf/lh.white, nbrs 2, curvature_avgs 10
writing curvature file ../surf/lh.curv
#@# white area lh Fri Mar 13 23:51:57 CET 2026
cd /out/sourcedata/freesurfer/sub-v2s7x29668_ses-1/mri
mris_place_surface --area-map ../surf/lh.white ../surf/lh.area
writing curvature file ../surf/lh.area
#@# pial curv lh Fri Mar 13 23:51:57 CET 2026
cd /out/sourcedata/freesurfer/sub-v2s7x29668_ses-1/mri
mris_place_surface --curv-map ../surf/lh.pial 2 10 ../surf/lh.curv.pial
insurf  ../surf/lh.pial, nbrs 2, curvature_avgs 10
writing curvature file ../surf/lh.curv.pial
#@# pial area lh Fri Mar 13 23:51:58 CET 2026
cd /out/sourcedata/freesurfer/sub-v2s7x29668_ses-1/mri
mris_place_surface --area-map ../surf/lh.pial ../surf/lh.area.pial
writing curvature file ../surf/lh.area.pial
#@# thickness lh Fri Mar 13 23:51:59 CET 2026
cd /out/sourcedata/freesurfer/sub-v2s7x29668_ses-1/mri
mris_place_surface --thickness ../surf/lh.white ../surf/lh.pial 20 5 ../surf/lh.thickness
0 of 116676 vertices processed
25000 of 116676 vertices processed
50000 of 116676 vertices processed
75000 of 116676 vertices processed
100000 of 116676 vertices processed
0 of 116676 vertices processed
25000 of 116676 vertices processed
50000 of 116676 vertices processed
75000 of 116676 vertices processed
100000 of 116676 vertices processed
thickness calculation complete, 237:429 truncations.
56759 vertices at 0 distance
100212 vertices at 1 distance
47683 vertices at 2 distance
17396 vertices at 3 distance
6743 vertices at 4 distance
2661 vertices at 5 distance
1079 vertices at 6 distance
448 vertices at 7 distance
148 vertices at 8 distance
60 vertices at 9 distance
37 vertices at 10 distance
27 vertices at 11 distance
17 vertices at 12 distance
14 vertices at 13 distance
14 vertices at 14 distance
9 vertices at 15 distance
13 vertices at 16 distance
9 vertices at 17 distance
11 vertices at 18 distance
7 vertices at 19 distance
5 vertices at 20 distance
writing curvature file ../surf/lh.thickness
#@# area and vertex vol lh Fri Mar 13 23:52:14 CET 2026
cd /out/sourcedata/freesurfer/sub-v2s7x29668_ses-1/mri
mris_place_surface --thickness ../surf/lh.white ../surf/lh.pial 20 5 ../surf/lh.thickness
/out/sourcedata/freesurfer/sub-v2s7x29668_ses-1/surf
mris_calc -o lh.area.mid lh.area add lh.area.pial
Saving result to 'lh.area.mid' (type = MRI_CURV_FILE)                       [ ok ]
mris_calc -o lh.area.mid lh.area.mid div 2
Saving result to 'lh.area.mid' (type = MRI_CURV_FILE)                       [ ok ]
mris_convert --volume sub-v2s7x29668_ses-1 lh /out/sourcedata/freesurfer/sub-v2s7x29668_ses-1/surf/lh.volume
masking with /out/sourcedata/freesurfer/sub-v2s7x29668_ses-1/label/lh.cortex.label
Total face volume 191103
Total vertex volume 190872 (mask=0)
#@# sub-v2s7x29668_ses-1 lh 190872
 
vertexvol Done

#-----------------------------------------
#@# Curvature Stats lh Fri Mar 13 23:52:15 CET 2026
/out/sourcedata/freesurfer/sub-v2s7x29668_ses-1/surf

 mris_curvature_stats -m --writeCurvatureFiles -G -o ../stats/lh.curv.stats -F smoothwm sub-v2s7x29668_ses-1 lh curv sulc 

             Toggling save flag on curvature files                       [ ok ]
                 Outputting results using filestem   [ ../stats/lh.curv.stats ]
             Toggling save flag on curvature files                       [ ok ]
                                   Setting surface [ sub-v2s7x29668_ses-1/lh.smoothwm ]
                                Reading surface...                       [ ok ]
                                   Setting texture                     [ curv ]
                                Reading texture...                       [ ok ]
                                   Setting texture                     [ sulc ]
                                Reading texture...Gb_filter = 0
                       [ ok ]
      Calculating Discrete Principal Curvatures...
      Determining geometric order for vno faces... [####################] [ ok ]
                      Determining KH curvatures... [####################] [ ok ]
                    Determining k1k2 curvatures... [####################] [ ok ]
                                   deltaViolations                      [ 198 ]
Gb_filter = 0

WARN:    S lookup   min:                          -0.223983
WARN:    S explicit min:                          0.000000	vertex = 675
#-----------------------------------------
#@# Cortical Parc 2 lh Fri Mar 13 23:52:16 CET 2026
/out/sourcedata/freesurfer/sub-v2s7x29668_ses-1/scripts

 mris_ca_label -l ../label/lh.cortex.label -aseg ../mri/aseg.presurf.mgz -seed 1234 sub-v2s7x29668_ses-1 lh ../surf/lh.sphere.reg /opt/freesurfer/average/lh.CDaparc.atlas.acfb40.noaparc.i12.2016-08-02.gcs ../label/lh.aparc.a2009s.annot 

setting seed for random number generator to 1234
using ../mri/aseg.presurf.mgz aseg volume to correct midline
7.3.2
  7.3.2
reading atlas from /opt/freesurfer/average/lh.CDaparc.atlas.acfb40.noaparc.i12.2016-08-02.gcs...
reading color table from GCSA file....
average std = 3.0   using min determinant for regularization = 0.088
0 singular and 0 ill-conditioned covariance matrices regularized
input 0: MEAN CURVATURE, flags 0, avgs 5, name mean_curvature
labeling surface...
94 labels changed using aseg
relabeling using gibbs priors...
000:   8006 changed, 116676 examined...
001:   1859 changed, 31207 examined...
002:    533 changed, 10035 examined...
003:    213 changed, 3033 examined...
004:     86 changed, 1243 examined...
005:     47 changed, 531 examined...
006:     32 changed, 275 examined...
007:     10 changed, 191 examined...
008:      6 changed, 66 examined...
009:      5 changed, 35 examined...
010:      3 changed, 30 examined...
011:      2 changed, 18 examined...
012:      1 changed, 14 examined...
013:      0 changed, 7 examined...
66 labels changed using aseg
000: 224 total segments, 143 labels (1632 vertices) changed
001: 85 total segments, 4 labels (11 vertices) changed
002: 81 total segments, 0 labels (0 vertices) changed
10 filter iterations complete (10 requested, 31 changed)
rationalizing unknown annotations with cortex label
relabeling Medial_wall label...
936 vertices marked for relabeling...
936 labels changed in reclassification.
writing output to ../label/lh.aparc.a2009s.annot...
classification took 0 minutes and 8 seconds.
#-----------------------------------------
#@# Cortical Parc 3 lh Fri Mar 13 23:52:24 CET 2026
/out/sourcedata/freesurfer/sub-v2s7x29668_ses-1/scripts

 mris_ca_label -l ../label/lh.cortex.label -aseg ../mri/aseg.presurf.mgz -seed 1234 sub-v2s7x29668_ses-1 lh ../surf/lh.sphere.reg /opt/freesurfer/average/lh.DKTaparc.atlas.acfb40.noaparc.i12.2016-08-02.gcs ../label/lh.aparc.DKTatlas.annot 

setting seed for random number generator to 1234
using ../mri/aseg.presurf.mgz aseg volume to correct midline
7.3.2
  7.3.2
reading atlas from /opt/freesurfer/average/lh.DKTaparc.atlas.acfb40.noaparc.i12.2016-08-02.gcs...
reading color table from GCSA file....
average std = 1.4   using min determinant for regularization = 0.020
0 singular and 383 ill-conditioned covariance matrices regularized
input 0: MEAN CURVATURE, flags 0, avgs 5, name mean_curvature
labeling surface...
1416 labels changed using aseg
relabeling using gibbs priors...
000:   1697 changed, 116676 examined...
001:    384 changed, 8058 examined...
002:    117 changed, 2256 examined...
003:     52 changed, 661 examined...
004:     29 changed, 273 examined...
005:     26 changed, 145 examined...
006:     21 changed, 129 examined...
007:     11 changed, 106 examined...
008:     11 changed, 64 examined...
009:      9 changed, 53 examined...
010:     10 changed, 53 examined...
011:      6 changed, 55 examined...
012:      2 changed, 36 examined...
013:      1 changed, 14 examined...
014:      1 changed, 7 examined...
015:      1 changed, 7 examined...
016:      1 changed, 7 examined...
017:      1 changed, 8 examined...
018:      1 changed, 7 examined...
019:      1 changed, 7 examined...
020:      1 changed, 7 examined...
021:      0 changed, 7 examined...
303 labels changed using aseg
000: 42 total segments, 9 labels (56 vertices) changed
001: 33 total segments, 0 labels (0 vertices) changed
6 filter iterations complete (10 requested, 0 changed)
rationalizing unknown annotations with cortex label
relabeling unknown label...
relabeling corpuscallosum label...
592 vertices marked for relabeling...
592 labels changed in reclassification.
writing output to ../label/lh.aparc.DKTatlas.annot...
classification took 0 minutes and 6 seconds.
#-----------------------------------------
#@# WM/GM Contrast lh Fri Mar 13 23:52:30 CET 2026
/out/sourcedata/freesurfer/sub-v2s7x29668_ses-1/scripts

 pctsurfcon --s sub-v2s7x29668_ses-1 --lh-only 

Log file is /out/sourcedata/freesurfer/sub-v2s7x29668_ses-1/scripts/pctsurfcon.log
Fri Mar 13 23:52:30 CET 2026
setenv SUBJECTS_DIR /out/sourcedata/freesurfer
cd /out/sourcedata/freesurfer/sub-v2s7x29668_ses-1/scripts
/opt/freesurfer/bin/pctsurfcon
pctsurfcon 7.3.2
Linux dna082 5.14.0-427.37.1.el9_4.x86_64 #1 SMP PREEMPT_DYNAMIC Fri Sep 13 12:41:50 EDT 2024 x86_64 x86_64 x86_64 GNU/Linux
FREESURFER_HOME /opt/freesurfer
mri_vol2surf --mov /out/sourcedata/freesurfer/sub-v2s7x29668_ses-1/mri/rawavg.mgz --hemi lh --noreshape --interp trilinear --projdist -1 --o /out/sourcedata/freesurfer/sub-v2s7x29668_ses-1/surf/tmp.pctsurfcon.2229995/lh.wm.mgh --regheader sub-v2s7x29668_ses-1 --cortex
srcvol = /out/sourcedata/freesurfer/sub-v2s7x29668_ses-1/mri/rawavg.mgz
srcreg unspecified
srcregold = 0
srcwarp unspecified
surf = white
hemi = lh
ProjDist = -1
reshape = 0
interp = trilinear
float2int = round
GetProjMax = 0
INFO: float2int code = 0
Done loading volume
Computing registration from header.
  Using /out/sourcedata/freesurfer/sub-v2s7x29668_ses-1/mri/orig.mgz as target reference.
-------- original matrix -----------
-1.00000   0.00000   0.00000  -0.00003;
 0.00000   0.00000   1.00000   0.00002;
 0.00000  -1.00000   0.00000  -0.00001;
 0.00000   0.00000   0.00000   1.00000;
-------- original matrix -----------
Loading label /out/sourcedata/freesurfer/sub-v2s7x29668_ses-1/label/lh.cortex.label
Reading surface /out/sourcedata/freesurfer/sub-v2s7x29668_ses-1/surf/lh.white
Done reading source surface
Mapping Source Volume onto Source Subject Surface
Projecting -1 -1 1
 1 -1 -1 -1
using old
Done mapping volume to surface
Number of source voxels hit = 67140
Masking with /out/sourcedata/freesurfer/sub-v2s7x29668_ses-1/label/lh.cortex.label
Writing to /out/sourcedata/freesurfer/sub-v2s7x29668_ses-1/surf/tmp.pctsurfcon.2229995/lh.wm.mgh
Dim: 116676 1 1
mri_vol2surf --mov /out/sourcedata/freesurfer/sub-v2s7x29668_ses-1/mri/rawavg.mgz --hemi lh --noreshape --interp trilinear --o /out/sourcedata/freesurfer/sub-v2s7x29668_ses-1/surf/tmp.pctsurfcon.2229995/lh.gm.mgh --projfrac 0.3 --regheader sub-v2s7x29668_ses-1 --cortex
srcvol = /out/sourcedata/freesurfer/sub-v2s7x29668_ses-1/mri/rawavg.mgz
srcreg unspecified
srcregold = 0
srcwarp unspecified
surf = white
hemi = lh
ProjFrac = 0.3
thickness = thickness
reshape = 0
interp = trilinear
float2int = round
GetProjMax = 0
INFO: float2int code = 0
Done loading volume
Computing registration from header.
  Using /out/sourcedata/freesurfer/sub-v2s7x29668_ses-1/mri/orig.mgz as target reference.
-------- original matrix -----------
-1.00000   0.00000   0.00000  -0.00003;
 0.00000   0.00000   1.00000   0.00002;
 0.00000  -1.00000   0.00000  -0.00001;
 0.00000   0.00000   0.00000   1.00000;
-------- original matrix -----------
Loading label /out/sourcedata/freesurfer/sub-v2s7x29668_ses-1/label/lh.cortex.label
Reading surface /out/sourcedata/freesurfer/sub-v2s7x29668_ses-1/surf/lh.white
Done reading source surface
Reading thickness /out/sourcedata/freesurfer/sub-v2s7x29668_ses-1/surf/lh.thickness
Done
Mapping Source Volume onto Source Subject Surface
Projecting 0.3 0.3 1
 1 0.3 0.3 0.3
using old
Done mapping volume to surface
Number of source voxels hit = 74884
Masking with /out/sourcedata/freesurfer/sub-v2s7x29668_ses-1/label/lh.cortex.label
Writing to /out/sourcedata/freesurfer/sub-v2s7x29668_ses-1/surf/tmp.pctsurfcon.2229995/lh.gm.mgh
Dim: 116676 1 1
mri_concat /out/sourcedata/freesurfer/sub-v2s7x29668_ses-1/surf/tmp.pctsurfcon.2229995/lh.wm.mgh /out/sourcedata/freesurfer/sub-v2s7x29668_ses-1/surf/tmp.pctsurfcon.2229995/lh.gm.mgh --paired-diff-norm --mul 100 --o /out/sourcedata/freesurfer/sub-v2s7x29668_ses-1/surf/lh.w-g.pct.mgh
ninputs = 2
Checking inputs
nframestot = 2
Allocing output
Done allocing
Combining pairs
nframes = 1
Multiplying by 100.000000
Writing to /out/sourcedata/freesurfer/sub-v2s7x29668_ses-1/surf/lh.w-g.pct.mgh
mri_segstats --in /out/sourcedata/freesurfer/sub-v2s7x29668_ses-1/surf/lh.w-g.pct.mgh --annot sub-v2s7x29668_ses-1 lh aparc --sum /out/sourcedata/freesurfer/sub-v2s7x29668_ses-1/stats/lh.w-g.pct.stats --snr

7.3.2
cwd 
cmdline mri_segstats --in /out/sourcedata/freesurfer/sub-v2s7x29668_ses-1/surf/lh.w-g.pct.mgh --annot sub-v2s7x29668_ses-1 lh aparc --sum /out/sourcedata/freesurfer/sub-v2s7x29668_ses-1/stats/lh.w-g.pct.stats --snr 
sysname  Linux
hostname dna082
machine  x86_64
user     oesteban
whitesurfname  white
UseRobust  0
Constructing seg from annotation

Reading annotation /out/sourcedata/freesurfer/sub-v2s7x29668_ses-1/label/lh.aparc.annot
Seg base 1000
Loading /out/sourcedata/freesurfer/sub-v2s7x29668_ses-1/surf/lh.w-g.pct.mgh
Vertex Area is 0.711675 mm^3
Generating list of segmentation ids
Found  36 segmentations
Computing statistics for each segmentation

Reporting on  35 segmentations
Using PrintSegStat
mri_segstats done
Cleaning up

Started at Fri Mar 13 23:40:26 CET 2026 
Ended   at Fri Mar 13 23:52:32 CET 2026
#@#%# recon-all-run-time-hours 0.202
recon-all -s sub-v2s7x29668_ses-1 finished without error at Fri Mar 13 23:52:32 CET 2026



#New# invocation of recon-all 




Sat Mar 14 00:07:34 CET 2026
cd /out/sourcedata/freesurfer/sub-v2s7x29668_ses-1
setenv SUBJECTS_DIR /out/sourcedata/freesurfer
/opt/freesurfer/bin/recon-all -autorecon-hemi lh -nohyporelabel -lh-only -openmp 16 -subjid sub-v2s7x29668_ses-1 -sd /out/sourcedata/freesurfer -notessellate -nosmooth1 -noinflate1 -noqsphere -nofix -nowhite -nosmooth2 -noinflate2 -nocurvHK -nocurvstats -nosphere -nosurfreg -nojacobian_white -noavgcurv -nocortparc -nopial -nocortparc2 -nocortparc3 -nopctsurfcon

subjid sub-v2s7x29668_ses-1
setenv SUBJECTS_DIR /out/sourcedata/freesurfer
FREESURFER_HOME /opt/freesurfer
Actual FREESURFER_HOME /opt/freesurfer
build-stamp.txt: freesurfer-linux-ubuntu22_x86_64-7.3.2-20220804-6354275
Linux dna082 5.14.0-427.37.1.el9_4.x86_64 #1 SMP PREEMPT_DYNAMIC Fri Sep 13 12:41:50 EDT 2024 x86_64 x86_64 x86_64 GNU/Linux
cputime      unlimited
filesize     unlimited
datasize     unlimited
stacksize    8192 kbytes
coredumpsize 0 kbytes
memoryuse    67108864 kbytes
vmemoryuse   unlimited
descriptors  1024 
memorylocked unlimited
maxproc      2061970 
maxlocks     unlimited
maxsignal    2062029 
maxmessage   819200 
maxnice      0 
maxrtprio    0 
maxrttime    unlimited

               total        used        free      shared  buff/cache   available
Mem:           503Gi        53Gi       345Gi       8.8Gi       105Gi       438Gi
Swap:             0B          0B          0B

########################################
program versions used
7.3.2 (freesurfer-linux-ubuntu22_x86_64-7.3.2-20220804-6354275)
7.3.2

ProgramName: lta_convert  ProgramArguments: lta_convert -all-info  ProgramVersion: 7.3.2  TimeStamp: 2026/03/13-23:07:34-GMT  BuildTime: Aug  4 2022 06:17:15  BuildStamp: freesurfer-linux-ubuntu22_x86_64-7.3.2-20220804-6354275  User: oesteban  Machine: dna082  Platform: Linux  PlatformVersion: 5.14.0-427.37.1.el9_4.x86_64  CompilerName: GCC  CompilerVersion: 8.4.0
ProgramName: mri_and  ProgramArguments: mri_and -all-info  ProgramVersion: 7.3.2  TimeStamp: 2026/03/13-23:07:34-GMT  BuildTime: Aug  4 2022 06:17:15  BuildStamp: freesurfer-linux-ubuntu22_x86_64-7.3.2-20220804-6354275  User: oesteban  Machine: dna082  Platform: Linux  PlatformVersion: 5.14.0-427.37.1.el9_4.x86_64  CompilerName: GCC  CompilerVersion: 8.4.0
ProgramName: mri_annotation2label  ProgramArguments: mri_annotation2label -all-info  ProgramVersion: 7.3.2  TimeStamp: 2026/03/13-23:07:34-GMT  BuildTime: Aug  4 2022 06:17:15  BuildStamp: freesurfer-linux-ubuntu22_x86_64-7.3.2-20220804-6354275  User: oesteban  Machine: dna082  Platform: Linux  PlatformVersion: 5.14.0-427.37.1.el9_4.x86_64  CompilerName: GCC  CompilerVersion: 8.4.0
ProgramName: mri_aparc2aseg  ProgramArguments: mri_aparc2aseg -all-info  ProgramVersion: 7.3.2  TimeStamp: 2026/03/13-23:07:34-GMT  BuildTime: Aug  4 2022 06:17:15  BuildStamp: freesurfer-linux-ubuntu22_x86_64-7.3.2-20220804-6354275  User: oesteban  Machine: dna082  Platform: Linux  PlatformVersion: 5.14.0-427.37.1.el9_4.x86_64  CompilerName: GCC  CompilerVersion: 8.4.0
ProgramName: mri_surf2volseg  ProgramArguments: mri_surf2volseg -all-info  ProgramVersion: 7.3.2  TimeStamp: 2026/03/13-23:07:34-GMT  BuildTime: Aug  4 2022 06:17:15  BuildStamp: freesurfer-linux-ubuntu22_x86_64-7.3.2-20220804-6354275  User: oesteban  Machine: dna082  Platform: Linux  PlatformVersion: 5.14.0-427.37.1.el9_4.x86_64  CompilerName: GCC  CompilerVersion: 8.4.0
ProgramName: mri_binarize  ProgramArguments: mri_binarize -all-info  ProgramVersion: 7.3.2  TimeStamp: 2026/03/13-23:07:34-GMT  BuildTime: Aug  4 2022 06:17:15  BuildStamp: freesurfer-linux-ubuntu22_x86_64-7.3.2-20220804-6354275  User: oesteban  Machine: dna082  Platform: Linux  PlatformVersion: 5.14.0-427.37.1.el9_4.x86_64  CompilerName: GCC  CompilerVersion: 8.4.0
ProgramName: mri_ca_label  ProgramArguments: mri_ca_label -all-info  ProgramVersion: 7.3.2  TimeStamp: 2026/03/13-23:07:34-GMT  BuildTime: Aug  4 2022 06:17:15  BuildStamp: freesurfer-linux-ubuntu22_x86_64-7.3.2-20220804-6354275  User: oesteban  Machine: dna082  Platform: Linux  PlatformVersion: 5.14.0-427.37.1.el9_4.x86_64  CompilerName: GCC  CompilerVersion: 8.4.0
ProgramName: mri_ca_normalize  ProgramArguments: mri_ca_normalize -all-info  ProgramVersion: 7.3.2  TimeStamp: 2026/03/13-23:07:34-GMT  BuildTime: Aug  4 2022 06:17:15  BuildStamp: freesurfer-linux-ubuntu22_x86_64-7.3.2-20220804-6354275  User: oesteban  Machine: dna082  Platform: Linux  PlatformVersion: 5.14.0-427.37.1.el9_4.x86_64  CompilerName: GCC  CompilerVersion: 8.4.0
ProgramName: mri_ca_register  ProgramArguments: mri_ca_register -all-info  ProgramVersion: 7.3.2  TimeStamp: 2026/03/13-23:07:34-GMT  BuildTime: Aug  4 2022 06:17:15  BuildStamp: freesurfer-linux-ubuntu22_x86_64-7.3.2-20220804-6354275  User: oesteban  Machine: dna082  Platform: Linux  PlatformVersion: 5.14.0-427.37.1.el9_4.x86_64  CompilerName: GCC  CompilerVersion: 8.4.0
ProgramName: mri_cc  ProgramArguments: mri_cc -all-info  ProgramVersion: 7.3.2  TimeStamp: 2026/03/13-23:07:34-GMT  BuildTime: Aug  4 2022 06:17:15  BuildStamp: freesurfer-linux-ubuntu22_x86_64-7.3.2-20220804-6354275  User: oesteban  Machine: dna082  Platform: Linux  PlatformVersion: 5.14.0-427.37.1.el9_4.x86_64  CompilerName: GCC  CompilerVersion: 8.4.0
ProgramName: mri_compute_overlap  ProgramArguments: mri_compute_overlap -all-info  ProgramVersion: 7.3.2  TimeStamp: 2026/03/13-23:07:34-GMT  BuildTime: Aug  4 2022 06:17:15  BuildStamp: freesurfer-linux-ubuntu22_x86_64-7.3.2-20220804-6354275  User: oesteban  Machine: dna082  Platform: Linux  PlatformVersion: 5.14.0-427.37.1.el9_4.x86_64  CompilerName: GCC  CompilerVersion: 8.4.0
ProgramName: mri_compute_seg_overlap  ProgramArguments: mri_compute_seg_overlap -all-info  ProgramVersion: 7.3.2  TimeStamp: 2026/03/13-23:07:34-GMT  BuildTime: Aug  4 2022 06:17:15  BuildStamp: freesurfer-linux-ubuntu22_x86_64-7.3.2-20220804-6354275  User: oesteban  Machine: dna082  Platform: Linux  PlatformVersion: 5.14.0-427.37.1.el9_4.x86_64  CompilerName: GCC  CompilerVersion: 8.4.0
ProgramName: mri_concat  ProgramArguments: mri_concat -all-info  ProgramVersion: 7.3.2  TimeStamp: 2026/03/13-23:07:34-GMT  BuildTime: Aug  4 2022 06:17:15  BuildStamp: freesurfer-linux-ubuntu22_x86_64-7.3.2-20220804-6354275  User: oesteban  Machine: dna082  Platform: Linux  PlatformVersion: 5.14.0-427.37.1.el9_4.x86_64  CompilerName: GCC  CompilerVersion: 8.4.0
ProgramName: mri_concatenate_lta  ProgramArguments: mri_concatenate_lta -all-info  ProgramVersion: 7.3.2  TimeStamp: 2026/03/13-23:07:34-GMT  BuildTime: Aug  4 2022 06:17:15  BuildStamp: freesurfer-linux-ubuntu22_x86_64-7.3.2-20220804-6354275  User: oesteban  Machine: dna082  Platform: Linux  PlatformVersion: 5.14.0-427.37.1.el9_4.x86_64  CompilerName: GCC  CompilerVersion: 8.4.0
mri_convert -all-info 
ProgramName: mri_convert  ProgramArguments: mri_convert -all-info  ProgramVersion: 7.3.2  TimeStamp: 2026/03/13-23:07:34-GMT  BuildTime: Aug  4 2022 06:17:15  BuildStamp: freesurfer-linux-ubuntu22_x86_64-7.3.2-20220804-6354275  User: oesteban  Machine: dna082  Platform: Linux  PlatformVersion: 5.14.0-427.37.1.el9_4.x86_64  CompilerName: GCC  CompilerVersion: 8.4.0
ProgramName: mri_diff  ProgramArguments: mri_diff -all-info  ProgramVersion: 7.3.2  TimeStamp: 2026/03/13-23:07:34-GMT  BuildTime: Aug  4 2022 06:17:15  BuildStamp: freesurfer-linux-ubuntu22_x86_64-7.3.2-20220804-6354275  User: oesteban  Machine: dna082  Platform: Linux  PlatformVersion: 5.14.0-427.37.1.el9_4.x86_64  CompilerName: GCC  CompilerVersion: 8.4.0
ProgramName: mri_edit_wm_with_aseg  ProgramArguments: mri_edit_wm_with_aseg -all-info  ProgramVersion: 7.3.2  TimeStamp: 2026/03/13-23:07:34-GMT  BuildTime: Aug  4 2022 06:17:15  BuildStamp: freesurfer-linux-ubuntu22_x86_64-7.3.2-20220804-6354275  User: oesteban  Machine: dna082  Platform: Linux  PlatformVersion: 5.14.0-427.37.1.el9_4.x86_64  CompilerName: GCC  CompilerVersion: 8.4.0
ProgramName: mri_em_register  ProgramArguments: mri_em_register -all-info  ProgramVersion: 7.3.2  TimeStamp: 2026/03/13-23:07:34-GMT  BuildTime: Aug  4 2022 06:17:15  BuildStamp: freesurfer-linux-ubuntu22_x86_64-7.3.2-20220804-6354275  User: oesteban  Machine: dna082  Platform: Linux  PlatformVersion: 5.14.0-427.37.1.el9_4.x86_64  CompilerName: GCC  CompilerVersion: 8.4.0
ProgramName: mri_fill  ProgramArguments: mri_fill -all-info  ProgramVersion: 7.3.2  TimeStamp: 2026/03/13-23:07:34-GMT  BuildTime: Aug  4 2022 06:17:15  BuildStamp: freesurfer-linux-ubuntu22_x86_64-7.3.2-20220804-6354275  User: oesteban  Machine: dna082  Platform: Linux  PlatformVersion: 5.14.0-427.37.1.el9_4.x86_64  CompilerName: GCC  CompilerVersion: 8.4.0
ProgramName: mri_fuse_segmentations  ProgramArguments: mri_fuse_segmentations -all-info  ProgramVersion: 7.3.2  TimeStamp: 2026/03/13-23:07:34-GMT  BuildTime: Aug  4 2022 06:17:15  BuildStamp: freesurfer-linux-ubuntu22_x86_64-7.3.2-20220804-6354275  User: oesteban  Machine: dna082  Platform: Linux  PlatformVersion: 5.14.0-427.37.1.el9_4.x86_64  CompilerName: GCC  CompilerVersion: 8.4.0
ProgramName: mri_fwhm  ProgramArguments: mri_fwhm -all-info  ProgramVersion: 7.3.2  TimeStamp: 2026/03/13-23:07:34-GMT  BuildTime: Aug  4 2022 06:17:15  BuildStamp: freesurfer-linux-ubuntu22_x86_64-7.3.2-20220804-6354275  User: oesteban  Machine: dna082  Platform: Linux  PlatformVersion: 5.14.0-427.37.1.el9_4.x86_64  CompilerName: GCC  CompilerVersion: 8.4.0
ProgramName: mri_gcut  ProgramArguments: mri_gcut -all-info  ProgramVersion: 7.3.2  TimeStamp: 2026/03/13-23:07:34-GMT  BuildTime: Aug  4 2022 06:17:15  BuildStamp: freesurfer-linux-ubuntu22_x86_64-7.3.2-20220804-6354275  User: oesteban  Machine: dna082  Platform: Linux  PlatformVersion: 5.14.0-427.37.1.el9_4.x86_64  CompilerName: GCC  CompilerVersion: 8.4.0
ProgramName: mri_info  ProgramArguments: mri_info -all-info  ProgramVersion: 7.3.2  TimeStamp: 2026/03/13-23:07:34-GMT  BuildTime: Aug  4 2022 06:17:15  BuildStamp: freesurfer-linux-ubuntu22_x86_64-7.3.2-20220804-6354275  User: oesteban  Machine: dna082  Platform: Linux  PlatformVersion: 5.14.0-427.37.1.el9_4.x86_64  CompilerName: GCC  CompilerVersion: 8.4.0
ProgramName: mri_label2label  ProgramArguments: mri_label2label -all-info  ProgramVersion: 7.3.2  TimeStamp: 2026/03/13-23:07:34-GMT  BuildTime: Aug  4 2022 06:17:15  BuildStamp: freesurfer-linux-ubuntu22_x86_64-7.3.2-20220804-6354275  User: oesteban  Machine: dna082  Platform: Linux  PlatformVersion: 5.14.0-427.37.1.el9_4.x86_64  CompilerName: GCC  CompilerVersion: 8.4.0
ProgramName: mri_label2vol  ProgramArguments: mri_label2vol -all-info  ProgramVersion: 7.3.2  TimeStamp: 2026/03/13-23:07:34-GMT  BuildTime: Aug  4 2022 06:17:15  BuildStamp: freesurfer-linux-ubuntu22_x86_64-7.3.2-20220804-6354275  User: oesteban  Machine: dna082  Platform: Linux  PlatformVersion: 5.14.0-427.37.1.el9_4.x86_64  CompilerName: GCC  CompilerVersion: 8.4.0
ProgramName: mri_log_likelihood  ProgramArguments: mri_log_likelihood -all-info  ProgramVersion: 7.3.2  TimeStamp: 2026/03/13-23:07:34-GMT  BuildTime: Aug  4 2022 06:17:15  BuildStamp: freesurfer-linux-ubuntu22_x86_64-7.3.2-20220804-6354275  User: oesteban  Machine: dna082  Platform: Linux  PlatformVersion: 5.14.0-427.37.1.el9_4.x86_64  CompilerName: GCC  CompilerVersion: 8.4.0
ProgramName: mri_mask  ProgramArguments: mri_mask -all-info  ProgramVersion: 7.3.2  TimeStamp: 2026/03/13-23:07:34-GMT  BuildTime: Aug  4 2022 06:17:15  BuildStamp: freesurfer-linux-ubuntu22_x86_64-7.3.2-20220804-6354275  User: oesteban  Machine: dna082  Platform: Linux  PlatformVersion: 5.14.0-427.37.1.el9_4.x86_64  CompilerName: GCC  CompilerVersion: 8.4.0
ProgramName: mri_matrix_multiply  ProgramArguments: mri_matrix_multiply -all-info  ProgramVersion: 7.3.2  TimeStamp: 2026/03/13-23:07:34-GMT  BuildTime: Aug  4 2022 06:17:15  BuildStamp: freesurfer-linux-ubuntu22_x86_64-7.3.2-20220804-6354275  User: oesteban  Machine: dna082  Platform: Linux  PlatformVersion: 5.14.0-427.37.1.el9_4.x86_64  CompilerName: GCC  CompilerVersion: 8.4.0
ProgramName: mri_normalize  ProgramArguments: mri_normalize -all-info  ProgramVersion: 7.3.2  TimeStamp: 2026/03/13-23:07:34-GMT  BuildTime: Aug  4 2022 06:17:15  BuildStamp: freesurfer-linux-ubuntu22_x86_64-7.3.2-20220804-6354275  User: oesteban  Machine: dna082  Platform: Linux  PlatformVersion: 5.14.0-427.37.1.el9_4.x86_64  CompilerName: GCC  CompilerVersion: 8.4.0
ProgramName: mri_normalize_tp2  ProgramArguments: mri_normalize_tp2 -all-info  ProgramVersion: 7.3.2  TimeStamp: 2026/03/13-23:07:34-GMT  BuildTime: Aug  4 2022 06:17:15  BuildStamp: freesurfer-linux-ubuntu22_x86_64-7.3.2-20220804-6354275  User: oesteban  Machine: dna082  Platform: Linux  PlatformVersion: 5.14.0-427.37.1.el9_4.x86_64  CompilerName: GCC  CompilerVersion: 8.4.0
ProgramName: mri_or  ProgramArguments: mri_or -all-info  ProgramVersion: 7.3.2  TimeStamp: 2026/03/13-23:07:34-GMT  BuildTime: Aug  4 2022 06:17:15  BuildStamp: freesurfer-linux-ubuntu22_x86_64-7.3.2-20220804-6354275  User: oesteban  Machine: dna082  Platform: Linux  PlatformVersion: 5.14.0-427.37.1.el9_4.x86_64  CompilerName: GCC  CompilerVersion: 8.4.0
ProgramName: mri_relabel_hypointensities  ProgramArguments: mri_relabel_hypointensities -all-info  ProgramVersion: 7.3.2  TimeStamp: 2026/03/13-23:07:34-GMT  BuildTime: Aug  4 2022 06:17:15  BuildStamp: freesurfer-linux-ubuntu22_x86_64-7.3.2-20220804-6354275  User: oesteban  Machine: dna082  Platform: Linux  PlatformVersion: 5.14.0-427.37.1.el9_4.x86_64  CompilerName: GCC  CompilerVersion: 8.4.0
ProgramName: mri_relabel_nonwm_hypos  ProgramArguments: mri_relabel_nonwm_hypos -all-info  ProgramVersion: 7.3.2  TimeStamp: 2026/03/13-23:07:34-GMT  BuildTime: Aug  4 2022 06:17:15  BuildStamp: freesurfer-linux-ubuntu22_x86_64-7.3.2-20220804-6354275  User: oesteban  Machine: dna082  Platform: Linux  PlatformVersion: 5.14.0-427.37.1.el9_4.x86_64  CompilerName: GCC  CompilerVersion: 8.4.0
ProgramName: mri_remove_neck  ProgramArguments: mri_remove_neck -all-info  ProgramVersion: 7.3.2  TimeStamp: 2026/03/13-23:07:34-GMT  BuildTime: Aug  4 2022 06:17:15  BuildStamp: freesurfer-linux-ubuntu22_x86_64-7.3.2-20220804-6354275  User: oesteban  Machine: dna082  Platform: Linux  PlatformVersion: 5.14.0-427.37.1.el9_4.x86_64  CompilerName: GCC  CompilerVersion: 8.4.0
7.3.2

ProgramName: mri_robust_register  ProgramArguments: mri_robust_register -all-info  ProgramVersion: 7.3.2  TimeStamp: 2026/03/13-23:07:34-GMT  BuildTime: Aug  4 2022 06:17:15  BuildStamp: freesurfer-linux-ubuntu22_x86_64-7.3.2-20220804-6354275  User: oesteban  Machine: dna082  Platform: Linux  PlatformVersion: 5.14.0-427.37.1.el9_4.x86_64  CompilerName: GCC  CompilerVersion: 8.4.0
7.3.2

ProgramName: mri_robust_template  ProgramArguments: mri_robust_template -all-info  ProgramVersion: 7.3.2  TimeStamp: 2026/03/13-23:07:34-GMT  BuildTime: Aug  4 2022 06:17:15  BuildStamp: freesurfer-linux-ubuntu22_x86_64-7.3.2-20220804-6354275  User: oesteban  Machine: dna082  Platform: Linux  PlatformVersion: 5.14.0-427.37.1.el9_4.x86_64  CompilerName: GCC  CompilerVersion: 8.4.0
ProgramName: mris_anatomical_stats  ProgramArguments: mris_anatomical_stats -all-info  ProgramVersion: 7.3.2  TimeStamp: 2026/03/13-23:07:34-GMT  BuildTime: Aug  4 2022 06:17:15  BuildStamp: freesurfer-linux-ubuntu22_x86_64-7.3.2-20220804-6354275  User: oesteban  Machine: dna082  Platform: Linux  PlatformVersion: 5.14.0-427.37.1.el9_4.x86_64  CompilerName: GCC  CompilerVersion: 8.4.0
ProgramName: mris_ca_label  ProgramArguments: mris_ca_label -all-info  ProgramVersion: 7.3.2  TimeStamp: 2026/03/13-23:07:34-GMT  BuildTime: Aug  4 2022 06:17:15  BuildStamp: freesurfer-linux-ubuntu22_x86_64-7.3.2-20220804-6354275  User: oesteban  Machine: dna082  Platform: Linux  PlatformVersion: 5.14.0-427.37.1.el9_4.x86_64  CompilerName: GCC  CompilerVersion: 8.4.0
ProgramName: mris_calc  ProgramArguments: mris_calc -all-info  ProgramVersion: 7.3.2  TimeStamp: 2026/03/13-23:07:34-GMT  BuildTime: Aug  4 2022 06:17:15  BuildStamp: freesurfer-linux-ubuntu22_x86_64-7.3.2-20220804-6354275  User: oesteban  Machine: dna082  Platform: Linux  PlatformVersion: 5.14.0-427.37.1.el9_4.x86_64  CompilerName: GCC  CompilerVersion: 8.4.0
ProgramName: mris_convert  ProgramArguments: mris_convert -all-info  ProgramVersion: 7.3.2  TimeStamp: 2026/03/13-23:07:34-GMT  BuildTime: Aug  4 2022 06:17:15  BuildStamp: freesurfer-linux-ubuntu22_x86_64-7.3.2-20220804-6354275  User: oesteban  Machine: dna082  Platform: Linux  PlatformVersion: 5.14.0-427.37.1.el9_4.x86_64  CompilerName: GCC  CompilerVersion: 8.4.0
ProgramName: mris_curvature  ProgramArguments: mris_curvature -all-info  ProgramVersion: 7.3.2  TimeStamp: 2026/03/13-23:07:34-GMT  BuildTime: Aug  4 2022 06:17:15  BuildStamp: freesurfer-linux-ubuntu22_x86_64-7.3.2-20220804-6354275  User: oesteban  Machine: dna082  Platform: Linux  PlatformVersion: 5.14.0-427.37.1.el9_4.x86_64  CompilerName: GCC  CompilerVersion: 8.4.0
ProgramName: mris_curvature_stats  ProgramArguments: mris_curvature_stats -all-info  ProgramVersion: 7.3.2  TimeStamp: 2026/03/13-23:07:34-GMT  BuildTime: Aug  4 2022 06:17:15  BuildStamp: freesurfer-linux-ubuntu22_x86_64-7.3.2-20220804-6354275  User: oesteban  Machine: dna082  Platform: Linux  PlatformVersion: 5.14.0-427.37.1.el9_4.x86_64  CompilerName: GCC  CompilerVersion: 8.4.0
ProgramName: mris_diff  ProgramArguments: mris_diff -all-info  ProgramVersion: 7.3.2  TimeStamp: 2026/03/13-23:07:34-GMT  BuildTime: Aug  4 2022 06:17:15  BuildStamp: freesurfer-linux-ubuntu22_x86_64-7.3.2-20220804-6354275  User: oesteban  Machine: dna082  Platform: Linux  PlatformVersion: 5.14.0-427.37.1.el9_4.x86_64  CompilerName: GCC  CompilerVersion: 8.4.0
ProgramName: mris_divide_parcellation  ProgramArguments: mris_divide_parcellation -all-info  ProgramVersion: 7.3.2  TimeStamp: 2026/03/13-23:07:34-GMT  BuildTime: Aug  4 2022 06:17:15  BuildStamp: freesurfer-linux-ubuntu22_x86_64-7.3.2-20220804-6354275  User: oesteban  Machine: dna082  Platform: Linux  PlatformVersion: 5.14.0-427.37.1.el9_4.x86_64  CompilerName: GCC  CompilerVersion: 8.4.0
ProgramName: mri_segment  ProgramArguments: mri_segment -all-info  ProgramVersion: 7.3.2  TimeStamp: 2026/03/13-23:07:34-GMT  BuildTime: Aug  4 2022 06:17:15  BuildStamp: freesurfer-linux-ubuntu22_x86_64-7.3.2-20220804-6354275  User: oesteban  Machine: dna082  Platform: Linux  PlatformVersion: 5.14.0-427.37.1.el9_4.x86_64  CompilerName: GCC  CompilerVersion: 8.4.0
ProgramName: mri_segstats  ProgramArguments: mri_segstats -all-info  ProgramVersion: 7.3.2  TimeStamp: 2026/03/13-23:07:34-GMT  BuildTime: Aug  4 2022 06:17:15  BuildStamp: freesurfer-linux-ubuntu22_x86_64-7.3.2-20220804-6354275  User: oesteban  Machine: dna082  Platform: Linux  PlatformVersion: 5.14.0-427.37.1.el9_4.x86_64  CompilerName: GCC  CompilerVersion: 8.4.0
ProgramName: mris_euler_number  ProgramArguments: mris_euler_number -all-info  ProgramVersion: 7.3.2  TimeStamp: 2026/03/13-23:07:34-GMT  BuildTime: Aug  4 2022 06:17:15  BuildStamp: freesurfer-linux-ubuntu22_x86_64-7.3.2-20220804-6354275  User: oesteban  Machine: dna082  Platform: Linux  PlatformVersion: 5.14.0-427.37.1.el9_4.x86_64  CompilerName: GCC  CompilerVersion: 8.4.0
ProgramName: mris_fix_topology  ProgramArguments: mris_fix_topology -all-info  ProgramVersion: 7.3.2  TimeStamp: 2026/03/13-23:07:34-GMT  BuildTime: Aug  4 2022 06:17:15  BuildStamp: freesurfer-linux-ubuntu22_x86_64-7.3.2-20220804-6354275  User: oesteban  Machine: dna082  Platform: Linux  PlatformVersion: 5.14.0-427.37.1.el9_4.x86_64  CompilerName: GCC  CompilerVersion: 8.4.0
ProgramName: mris_topo_fixer  ProgramArguments: mris_topo_fixer -all-info  ProgramVersion: 7.3.2  TimeStamp: 2026/03/13-23:07:34-GMT  BuildTime: Aug  4 2022 06:17:15  BuildStamp: freesurfer-linux-ubuntu22_x86_64-7.3.2-20220804-6354275  User: oesteban  Machine: dna082  Platform: Linux  PlatformVersion: 5.14.0-427.37.1.el9_4.x86_64  CompilerName: GCC  CompilerVersion: 8.4.0
ProgramName: mris_jacobian  ProgramArguments: mris_jacobian -all-info  ProgramVersion: 7.3.2  TimeStamp: 2026/03/13-23:07:34-GMT  BuildTime: Aug  4 2022 06:17:15  BuildStamp: freesurfer-linux-ubuntu22_x86_64-7.3.2-20220804-6354275  User: oesteban  Machine: dna082  Platform: Linux  PlatformVersion: 5.14.0-427.37.1.el9_4.x86_64  CompilerName: GCC  CompilerVersion: 8.4.0
ProgramName: mris_label2annot  ProgramArguments: mris_label2annot -all-info  ProgramVersion: 7.3.2  TimeStamp: 2026/03/13-23:07:34-GMT  BuildTime: Aug  4 2022 06:17:15  BuildStamp: freesurfer-linux-ubuntu22_x86_64-7.3.2-20220804-6354275  User: oesteban  Machine: dna082  Platform: Linux  PlatformVersion: 5.14.0-427.37.1.el9_4.x86_64  CompilerName: GCC  CompilerVersion: 8.4.0
ProgramName: mris_left_right_register  ProgramArguments: mris_left_right_register -all-info  ProgramVersion: 7.3.2  TimeStamp: 2026/03/13-23:07:34-GMT  BuildTime: Aug  4 2022 06:17:15  BuildStamp: freesurfer-linux-ubuntu22_x86_64-7.3.2-20220804-6354275  User: oesteban  Machine: dna082  Platform: Linux  PlatformVersion: 5.14.0-427.37.1.el9_4.x86_64  CompilerName: GCC  CompilerVersion: 8.4.0
ProgramName: mris_place_surface  ProgramArguments: mris_place_surface -all-info  ProgramVersion: 7.3.2  TimeStamp: 2026/03/13-23:07:34-GMT  BuildTime: Aug  4 2022 06:17:15  BuildStamp: freesurfer-linux-ubuntu22_x86_64-7.3.2-20220804-6354275  User: oesteban  Machine: dna082  Platform: Linux  PlatformVersion: 5.14.0-427.37.1.el9_4.x86_64  CompilerName: GCC  CompilerVersion: 8.4.0
ProgramName: mrisp_paint  ProgramArguments: mrisp_paint -all-info  ProgramVersion: 7.3.2  TimeStamp: 2026/03/13-23:07:34-GMT  BuildTime: Aug  4 2022 06:17:15  BuildStamp: freesurfer-linux-ubuntu22_x86_64-7.3.2-20220804-6354275  User: oesteban  Machine: dna082  Platform: Linux  PlatformVersion: 5.14.0-427.37.1.el9_4.x86_64  CompilerName: GCC  CompilerVersion: 8.4.0
ProgramName: mris_register  ProgramArguments: mris_register -all-info  ProgramVersion: 7.3.2  TimeStamp: 2026/03/13-23:07:34-GMT  BuildTime: Aug  4 2022 06:17:15  BuildStamp: freesurfer-linux-ubuntu22_x86_64-7.3.2-20220804-6354275  User: oesteban  Machine: dna082  Platform: Linux  PlatformVersion: 5.14.0-427.37.1.el9_4.x86_64  CompilerName: GCC  CompilerVersion: 8.4.0
ProgramName: mris_smooth  ProgramArguments: mris_smooth -all-info  ProgramVersion: 7.3.2  TimeStamp: 2026/03/13-23:07:34-GMT  BuildTime: Aug  4 2022 06:17:15  BuildStamp: freesurfer-linux-ubuntu22_x86_64-7.3.2-20220804-6354275  User: oesteban  Machine: dna082  Platform: Linux  PlatformVersion: 5.14.0-427.37.1.el9_4.x86_64  CompilerName: GCC  CompilerVersion: 8.4.0
ProgramName: mris_sphere  ProgramArguments: mris_sphere -all-info  ProgramVersion: 7.3.2  TimeStamp: 2026/03/13-23:07:34-GMT  BuildTime: Aug  4 2022 06:17:15  BuildStamp: freesurfer-linux-ubuntu22_x86_64-7.3.2-20220804-6354275  User: oesteban  Machine: dna082  Platform: Linux  PlatformVersion: 5.14.0-427.37.1.el9_4.x86_64  CompilerName: GCC  CompilerVersion: 8.4.0
ProgramName: mris_surface_stats  ProgramArguments: mris_surface_stats -all-info  ProgramVersion: 7.3.2  TimeStamp: 2026/03/13-23:07:34-GMT  BuildTime: Aug  4 2022 06:17:15  BuildStamp: freesurfer-linux-ubuntu22_x86_64-7.3.2-20220804-6354275  User: oesteban  Machine: dna082  Platform: Linux  PlatformVersion: 5.14.0-427.37.1.el9_4.x86_64  CompilerName: GCC  CompilerVersion: 8.4.0
ProgramName: mri_stats2seg  ProgramArguments: mri_stats2seg -all-info  ProgramVersion: 7.3.2  TimeStamp: 2026/03/13-23:07:34-GMT  BuildTime: Aug  4 2022 06:17:15  BuildStamp: freesurfer-linux-ubuntu22_x86_64-7.3.2-20220804-6354275  User: oesteban  Machine: dna082  Platform: Linux  PlatformVersion: 5.14.0-427.37.1.el9_4.x86_64  CompilerName: GCC  CompilerVersion: 8.4.0
ProgramName: mris_thickness  ProgramArguments: mris_thickness -all-info  ProgramVersion: 7.3.2  TimeStamp: 2026/03/13-23:07:34-GMT  BuildTime: Aug  4 2022 06:17:15  BuildStamp: freesurfer-linux-ubuntu22_x86_64-7.3.2-20220804-6354275  User: oesteban  Machine: dna082  Platform: Linux  PlatformVersion: 5.14.0-427.37.1.el9_4.x86_64  CompilerName: GCC  CompilerVersion: 8.4.0
ProgramName: mris_thickness_diff  ProgramArguments: mris_thickness_diff -all-info  ProgramVersion: 7.3.2  TimeStamp: 2026/03/13-23:07:34-GMT  BuildTime: Aug  4 2022 06:17:15  BuildStamp: freesurfer-linux-ubuntu22_x86_64-7.3.2-20220804-6354275  User: oesteban  Machine: dna082  Platform: Linux  PlatformVersion: 5.14.0-427.37.1.el9_4.x86_64  CompilerName: GCC  CompilerVersion: 8.4.0
ProgramName: mris_topo_fixer  ProgramArguments: mris_topo_fixer -all-info  ProgramVersion: 7.3.2  TimeStamp: 2026/03/13-23:07:34-GMT  BuildTime: Aug  4 2022 06:17:15  BuildStamp: freesurfer-linux-ubuntu22_x86_64-7.3.2-20220804-6354275  User: oesteban  Machine: dna082  Platform: Linux  PlatformVersion: 5.14.0-427.37.1.el9_4.x86_64  CompilerName: GCC  CompilerVersion: 8.4.0
ProgramName: mri_surf2surf  ProgramArguments: mri_surf2surf -all-info  ProgramVersion: 7.3.2  TimeStamp: 2026/03/13-23:07:34-GMT  BuildTime: Aug  4 2022 06:17:15  BuildStamp: freesurfer-linux-ubuntu22_x86_64-7.3.2-20220804-6354275  User: oesteban  Machine: dna082  Platform: Linux  PlatformVersion: 5.14.0-427.37.1.el9_4.x86_64  CompilerName: GCC  CompilerVersion: 8.4.0
ProgramName: mri_surf2vol  ProgramArguments: mri_surf2vol -all-info  ProgramVersion: 7.3.2  TimeStamp: 2026/03/13-23:07:34-GMT  BuildTime: Aug  4 2022 06:17:15  BuildStamp: freesurfer-linux-ubuntu22_x86_64-7.3.2-20220804-6354275  User: oesteban  Machine: dna082  Platform: Linux  PlatformVersion: 5.14.0-427.37.1.el9_4.x86_64  CompilerName: GCC  CompilerVersion: 8.4.0
ProgramName: mri_surfcluster  ProgramArguments: mri_surfcluster -all-info  ProgramVersion: 7.3.2  TimeStamp: 2026/03/13-23:07:34-GMT  BuildTime: Aug  4 2022 06:17:15  BuildStamp: freesurfer-linux-ubuntu22_x86_64-7.3.2-20220804-6354275  User: oesteban  Machine: dna082  Platform: Linux  PlatformVersion: 5.14.0-427.37.1.el9_4.x86_64  CompilerName: GCC  CompilerVersion: 8.4.0
ProgramName: mris_volmask  ProgramArguments: mris_volmask -all-info  ProgramVersion: 7.3.2  TimeStamp: 2026/03/13-23:07:34-GMT  BuildTime: Aug  4 2022 06:17:15  BuildStamp: freesurfer-linux-ubuntu22_x86_64-7.3.2-20220804-6354275  User: oesteban  Machine: dna082  Platform: Linux  PlatformVersion: 5.14.0-427.37.1.el9_4.x86_64  CompilerName: GCC  CompilerVersion: 8.4.0
ProgramName: mri_tessellate  ProgramArguments: mri_tessellate -all-info  ProgramVersion: 7.3.2  TimeStamp: 2026/03/13-23:07:34-GMT  BuildTime: Aug  4 2022 06:17:15  BuildStamp: freesurfer-linux-ubuntu22_x86_64-7.3.2-20220804-6354275  User: oesteban  Machine: dna082  Platform: Linux  PlatformVersion: 5.14.0-427.37.1.el9_4.x86_64  CompilerName: GCC  CompilerVersion: 8.4.0
ProgramName: mri_vol2surf  ProgramArguments: mri_vol2surf -all-info  ProgramVersion: 7.3.2  TimeStamp: 2026/03/13-23:07:34-GMT  BuildTime: Aug  4 2022 06:17:15  BuildStamp: freesurfer-linux-ubuntu22_x86_64-7.3.2-20220804-6354275  User: oesteban  Machine: dna082  Platform: Linux  PlatformVersion: 5.14.0-427.37.1.el9_4.x86_64  CompilerName: GCC  CompilerVersion: 8.4.0
ProgramName: mri_vol2vol  ProgramArguments: mri_vol2vol -all-info  ProgramVersion: 7.3.2  TimeStamp: 2026/03/13-23:07:34-GMT  BuildTime: Aug  4 2022 06:17:15  BuildStamp: freesurfer-linux-ubuntu22_x86_64-7.3.2-20220804-6354275  User: oesteban  Machine: dna082  Platform: Linux  PlatformVersion: 5.14.0-427.37.1.el9_4.x86_64  CompilerName: GCC  CompilerVersion: 8.4.0
ProgramName: mri_voldiff  ProgramArguments: mri_voldiff -all-info  ProgramVersion: 7.3.2  TimeStamp: 2026/03/13-23:07:34-GMT  BuildTime: Aug  4 2022 06:17:15  BuildStamp: freesurfer-linux-ubuntu22_x86_64-7.3.2-20220804-6354275  User: oesteban  Machine: dna082  Platform: Linux  PlatformVersion: 5.14.0-427.37.1.el9_4.x86_64  CompilerName: GCC  CompilerVersion: 8.4.0
ProgramName: mri_watershed  ProgramArguments: mri_watershed -all-info  ProgramVersion: 7.3.2  TimeStamp: 2026/03/13-23:07:34-GMT  BuildTime: Aug  4 2022 06:17:15  BuildStamp: freesurfer-linux-ubuntu22_x86_64-7.3.2-20220804-6354275  User: oesteban  Machine: dna082  Platform: Linux  PlatformVersion: 5.14.0-427.37.1.el9_4.x86_64  CompilerName: GCC  CompilerVersion: 8.4.0
ProgramName: tkregister2  ProgramArguments: tkregister2_cmdl -all-info  ProgramVersion: 7.3.2  TimeStamp: 2026/03/13-23:07:34-GMT  BuildTime: Aug  4 2022 06:17:15  BuildStamp: freesurfer-linux-ubuntu22_x86_64-7.3.2-20220804-6354275  User: oesteban  Machine: dna082  Platform: Linux  PlatformVersion: 5.14.0-427.37.1.el9_4.x86_64  CompilerName: GCC  CompilerVersion: 8.4.0
mri_motion_correct.fsl 7.3.2
mri_convert -all-info 
ProgramName: mri_convert  ProgramArguments: mri_convert -all-info  ProgramVersion: 7.3.2  TimeStamp: 2026/03/13-23:07:34-GMT  BuildTime: Aug  4 2022 06:17:15  BuildStamp: freesurfer-linux-ubuntu22_x86_64-7.3.2-20220804-6354275  User: oesteban  Machine: dna082  Platform: Linux  PlatformVersion: 5.14.0-427.37.1.el9_4.x86_64  CompilerName: GCC  CompilerVersion: 8.4.0
Program nu_correct, built from:
Package MNI N3, version 1.12.0, compiled by nicks@terrier (x86_64-unknown-linux-gnu) on 2015-06-19 at 01:25:34
#######################################
GCADIR /opt/freesurfer/average
GCA RB_all_2020-01-02.gca
GCASkull RB_all_withskull_2020_01_02.gca
AvgCurvTif folding.atlas.acfb40.noaparc.i12.2016-08-02.tif
GCSDIR /opt/freesurfer/average
GCS DKaparc.atlas.acfb40.noaparc.i12.2016-08-02.gcs
#######################################
#--------------------------------------------
#@# AutoDetGWStats lh Sat Mar 14 00:07:34 CET 2026
cd /out/sourcedata/freesurfer/sub-v2s7x29668_ses-1/mri
mris_autodet_gwstats --o ../surf/autodet.gw.stats.lh.dat --i brain.finalsurfs.mgz --wm wm.mgz --surf ../surf/lh.orig.premesh
  Update not needed
#--------------------------------------------
#@# WhitePreAparc lh Sat Mar 14 00:07:34 CET 2026
cd /out/sourcedata/freesurfer/sub-v2s7x29668_ses-1/mri
mris_place_surface --adgws-in ../surf/autodet.gw.stats.lh.dat --wm wm.mgz --threads 16 --invol brain.finalsurfs.mgz --lh --i ../surf/lh.orig --o ../surf/lh.white.preaparc --white --seg aseg.presurf.mgz --nsmooth 5
   Update not needed
#--------------------------------------------
#@# CortexLabel lh Sat Mar 14 00:07:34 CET 2026
cd /out/sourcedata/freesurfer/sub-v2s7x29668_ses-1/mri
mri_label2label --label-cortex ../surf/lh.white.preaparc aseg.presurf.mgz 0 ../label/lh.cortex.label
   Update not needed
#--------------------------------------------
#@# CortexLabel+HipAmyg lh Sat Mar 14 00:07:34 CET 2026
cd /out/sourcedata/freesurfer/sub-v2s7x29668_ses-1/mri
mri_label2label --label-cortex ../surf/lh.white.preaparc aseg.presurf.mgz 1 ../label/lh.cortex+hipamyg.label
   Update not needed
#@# white curv lh Sat Mar 14 00:07:34 CET 2026
cd /out/sourcedata/freesurfer/sub-v2s7x29668_ses-1/mri
mris_place_surface --curv-map ../surf/lh.white 2 10 ../surf/lh.curv
   Update not needed
#@# white area lh Sat Mar 14 00:07:34 CET 2026
cd /out/sourcedata/freesurfer/sub-v2s7x29668_ses-1/mri
mris_place_surface --area-map ../surf/lh.white ../surf/lh.area
   Update not needed
#@# pial curv lh Sat Mar 14 00:07:34 CET 2026
cd /out/sourcedata/freesurfer/sub-v2s7x29668_ses-1/mri
mris_place_surface --curv-map ../surf/lh.pial 2 10 ../surf/lh.curv.pial
   Update not needed
#@# pial area lh Sat Mar 14 00:07:34 CET 2026
cd /out/sourcedata/freesurfer/sub-v2s7x29668_ses-1/mri
mris_place_surface --area-map ../surf/lh.pial ../surf/lh.area.pial
   Update not needed
#@# thickness lh Sat Mar 14 00:07:34 CET 2026
cd /out/sourcedata/freesurfer/sub-v2s7x29668_ses-1/mri
mris_place_surface --thickness ../surf/lh.white ../surf/lh.pial 20 5 ../surf/lh.thickness
   Update not needed
#@# area and vertex vol lh Sat Mar 14 00:07:34 CET 2026
cd /out/sourcedata/freesurfer/sub-v2s7x29668_ses-1/mri
mris_place_surface --thickness ../surf/lh.white ../surf/lh.pial 20 5 ../surf/lh.thickness
   Update not needed
#-----------------------------------------
#@# Parcellation Stats lh Sat Mar 14 00:07:34 CET 2026
/out/sourcedata/freesurfer/sub-v2s7x29668_ses-1/scripts

 mris_anatomical_stats -th3 -mgz -noglobal -cortex ../label/lh.cortex.label -f ../stats/lh.aparc.stats -b -a ../label/lh.aparc.annot -c ../label/aparc.annot.ctab sub-v2s7x29668_ses-1 lh white 

computing statistics for each annotation in ../label/lh.aparc.annot.
reading volume /out/sourcedata/freesurfer/sub-v2s7x29668_ses-1/mri/wm.mgz...
reading input surface /out/sourcedata/freesurfer/sub-v2s7x29668_ses-1/surf/lh.white...
reading input pial surface /out/sourcedata/freesurfer/sub-v2s7x29668_ses-1/surf/lh.pial...
reading input white surface /out/sourcedata/freesurfer/sub-v2s7x29668_ses-1/surf/lh.white...
INFO: using TH3 volume calc
INFO: assuming MGZ format for volumes.
INFO: not computing global stats
INFO: using ../label/lh.cortex.label as mask to calc cortex NumVert, SurfArea and MeanThickness.
Using TH3 vertex volume calc
Total face volume 191103
Total vertex volume 190872 (mask=0)
Saving annotation colortable ../label/aparc.annot.ctab

table columns are:
    number of vertices
    total surface area (mm^2)
    total gray matter volume (mm^3)
    average cortical thickness +- standard deviation (mm)
    integrated rectified mean curvature
    integrated rectified Gaussian curvature
    folding index
    intrinsic curvature index
    structure name

 1225    819   1588  2.123 0.395     0.088     0.013        6     0.6  bankssts
  749    483   1262  2.497 0.657     0.128     0.015       11     0.5  caudalanteriorcingulate
 3065   2124   5039  2.277 0.470     0.118     0.021       28     2.8  caudalmiddlefrontal
 1906   1396   2505  1.775 0.482     0.156     0.032       26     2.8  cuneus
  530    348   1437  2.958 0.784     0.114     0.018        5     0.4  entorhinal
 3840   2815   8662  2.688 0.580     0.128     0.024       45     4.0  fusiform
 6588   4747  11676  2.347 0.551     0.127     0.023       69     6.7  inferiorparietal
 3872   2948   7157  2.331 0.657     0.132     0.030       54     5.0  inferiortemporal
 1471   1024   3080  2.777 0.687     0.130     0.029       18     1.9  isthmuscingulate
 6799   4982  10043  2.006 0.498     0.148     0.031       87     9.1  lateraloccipital
 3622   2636   7178  2.619 0.655     0.135     0.024       43     4.1  lateralorbitofrontal
 3847   2864   6115  1.990 0.571     0.148     0.031       50     5.4  lingual
 2610   1928   5442  2.582 0.762     0.129     0.028       38     3.0  medialorbitofrontal
 4247   3296   9286  2.411 0.673     0.129     0.025       59     4.6  middletemporal
  833    517   1838  2.896 0.721     0.079     0.012        8     0.3  parahippocampal
 1793   1140   2442  2.052 0.537     0.106     0.018       13     1.3  paracentral
 1890   1417   3597  2.396 0.428     0.130     0.024       20     1.9  parsopercularis
  843    622   1736  2.430 0.545     0.125     0.021       10     0.9  parsorbitalis
 1495   1088   2305  2.112 0.398     0.118     0.020       13     1.3  parstriangularis
 1799   1240   1428  1.393 0.358     0.149     0.034       26     2.9  pericalcarine
 5300   3674   7284  1.846 0.628     0.115     0.019       47     4.8  postcentral
 1368    977   2295  2.338 0.645     0.121     0.017       20     1.2  posteriorcingulate
 6640   4479   9789  2.156 0.552     0.115     0.019       56     5.4  precentral
 4673   3425   8396  2.415 0.580     0.143     0.030       58     5.9  precuneus
  832    629   2313  3.030 0.611     0.133     0.028       11     1.3  rostralanteriorcingulate
 6172   4621  10282  2.083 0.587     0.138     0.031       73     8.1  rostralmiddlefrontal
 8477   6174  16693  2.546 0.631     0.128     0.024       91     9.1  superiorfrontal
 6955   4847  10350  2.084 0.474     0.127     0.022       70     6.6  superiorparietal
 5457   3708   9696  2.430 0.536     0.106     0.017       54     4.5  superiortemporal
 5517   4121   9866  2.283 0.524     0.128     0.024       60     5.9  supramarginal
  294    258    781  2.449 0.448     0.188     0.043        6     0.5  frontalpole
  649    531   2334  3.508 0.807     0.145     0.027       12     0.9  temporalpole
  669    457   1001  2.111 0.501     0.097     0.018        6     0.5  transversetemporal
 3009   2058   5976  2.859 0.816     0.106     0.021       22     2.5  insula

 mris_anatomical_stats -th3 -mgz -noglobal -cortex ../label/lh.cortex.label -f ../stats/lh.aparc.pial.stats -b -a ../label/lh.aparc.annot -c ../label/aparc.annot.ctab sub-v2s7x29668_ses-1 lh pial 

computing statistics for each annotation in ../label/lh.aparc.annot.
reading volume /out/sourcedata/freesurfer/sub-v2s7x29668_ses-1/mri/wm.mgz...
reading input surface /out/sourcedata/freesurfer/sub-v2s7x29668_ses-1/surf/lh.pial...
reading input pial surface /out/sourcedata/freesurfer/sub-v2s7x29668_ses-1/surf/lh.pial...
reading input white surface /out/sourcedata/freesurfer/sub-v2s7x29668_ses-1/surf/lh.white...
INFO: using TH3 volume calc
INFO: assuming MGZ format for volumes.
INFO: not computing global stats
INFO: using ../label/lh.cortex.label as mask to calc cortex NumVert, SurfArea and MeanThickness.
Using TH3 vertex volume calc
Total face volume 191103
Total vertex volume 190872 (mask=0)
Saving annotation colortable ../label/aparc.annot.ctab

table columns are:
    number of vertices
    total surface area (mm^2)
    total gray matter volume (mm^3)
    average cortical thickness +- standard deviation (mm)
    integrated rectified mean curvature
    integrated rectified Gaussian curvature
    folding index
    intrinsic curvature index
    structure name

 1225    715   1588  2.123 0.395     0.082     0.021       38     1.1  bankssts
  749    537   1262  2.497 0.657     0.179     0.059       58     2.1  caudalanteriorcingulate
 3065   2379   5039  2.277 0.470     0.133     0.032       43     3.4  caudalmiddlefrontal
 1906   1610   2505  1.775 0.482     0.142     0.040       42     3.0  cuneus
  530    687   1437  2.958 0.784     0.297     0.095       29     2.6  entorhinal
 3840   3704   8662  2.688 0.580     0.156     0.042       65     6.2  fusiform
 6588   5337  11676  2.347 0.551     0.144     0.030    31346     7.7  inferiorparietal
 3872   3505   7157  2.331 0.657     0.162     0.041      527     6.4  inferiortemporal
 1471   1225   3080  2.777 0.687     0.158     0.097      197     2.4  isthmuscingulate
 6799   5462  10043  2.006 0.498     0.141     0.033      196     9.5  lateraloccipital
 3622   3007   7178  2.619 0.655     0.148     0.039       71     5.2  lateralorbitofrontal
 3847   3565   6115  1.990 0.571     0.162     0.044       95     7.1  lingual
 2610   2415   5442  2.582 0.762     0.150     0.036       40     3.9  medialorbitofrontal
 4247   4445   9286  2.411 0.673     0.163     0.034       69     5.9  middletemporal
  833    815   1838  2.896 0.721     0.194     0.047       15     2.1  parahippocampal
 1793   1306   2442  2.052 0.537     0.121     0.025      436     1.5  paracentral
 1890   1657   3597  2.396 0.428     0.144     0.030       25     2.2  parsopercularis
  843    821   1736  2.430 0.545     0.160     0.032       13     1.2  parsorbitalis
 1495   1133   2305  2.112 0.398     0.127     0.027       21     1.8  parstriangularis
 1799    994   1428  1.393 0.358     0.118     0.040       57     2.7  pericalcarine
 5300   4322   7284  1.846 0.628     0.124     0.024       49     5.2  postcentral
 1368   1082   2295  2.338 0.645     0.147     0.038       40     2.4  posteriorcingulate
 6640   4701   9789  2.156 0.552     0.111     0.025     1018     6.0  precentral
 4673   3671   8396  2.415 0.580     0.143     0.039      139     6.5  precuneus
  832    935   2313  3.030 0.611     0.198     0.051       14     2.2  rostralanteriorcingulate
 6172   5434  10282  2.083 0.587     0.162     0.037      130    10.3  rostralmiddlefrontal
 8477   7114  16693  2.546 0.631     0.143     0.032      122    10.7  superiorfrontal
 6955   5319  10350  2.084 0.474     0.125     0.028      102     7.5  superiorparietal
 5457   4345   9696  2.430 0.536     0.128     0.026       69     6.2  superiortemporal
 5517   4616   9866  2.283 0.524     0.147     0.039     4436     6.9  supramarginal
  294    403    781  2.449 0.448     0.216     0.043        4     0.5  frontalpole
  649    844   2334  3.508 0.807     0.185     0.035        9     1.2  temporalpole
  669    543   1001  2.111 0.501     0.109     0.026        7     0.7  transversetemporal
 3009   2011   5976  2.859 0.816     0.132     0.032       49     3.8  insula
#-----------------------------------------
#@# Parcellation Stats 2 lh Sat Mar 14 00:07:50 CET 2026
/out/sourcedata/freesurfer/sub-v2s7x29668_ses-1/scripts

 mris_anatomical_stats -th3 -mgz -noglobal -cortex ../label/lh.cortex.label -f ../stats/lh.aparc.a2009s.stats -b -a ../label/lh.aparc.a2009s.annot -c ../label/aparc.annot.a2009s.ctab sub-v2s7x29668_ses-1 lh white 

computing statistics for each annotation in ../label/lh.aparc.a2009s.annot.
reading volume /out/sourcedata/freesurfer/sub-v2s7x29668_ses-1/mri/wm.mgz...
reading input surface /out/sourcedata/freesurfer/sub-v2s7x29668_ses-1/surf/lh.white...
reading input pial surface /out/sourcedata/freesurfer/sub-v2s7x29668_ses-1/surf/lh.pial...
reading input white surface /out/sourcedata/freesurfer/sub-v2s7x29668_ses-1/surf/lh.white...
INFO: using TH3 volume calc
INFO: assuming MGZ format for volumes.
INFO: not computing global stats
INFO: using ../label/lh.cortex.label as mask to calc cortex NumVert, SurfArea and MeanThickness.
Using TH3 vertex volume calc
Total face volume 191103
Total vertex volume 190872 (mask=0)
Saving annotation colortable ../label/aparc.annot.a2009s.ctab

table columns are:
    number of vertices
    total surface area (mm^2)
    total gray matter volume (mm^3)
    average cortical thickness +- standard deviation (mm)
    integrated rectified mean curvature
    integrated rectified Gaussian curvature
    folding index
    intrinsic curvature index
    structure name

  847    646   1831  2.532 0.619     0.142     0.029        8     1.1  G_and_S_frontomargin
 1445   1091   2793  2.355 0.538     0.157     0.035       20     2.2  G_and_S_occipital_inf
 1475    908   1864  1.850 0.476     0.099     0.017       10     1.1  G_and_S_paracentral
 1210    984   2899  2.718 0.550     0.160     0.031       18     1.8  G_and_S_subcentral
  504    436   1183  2.204 0.440     0.178     0.036        9     0.8  G_and_S_transv_frontopol
 1698   1234   3633  2.724 0.718     0.119     0.022       17     1.9  G_and_S_cingul-Ant
 1113    792   2004  2.616 0.599     0.125     0.021       12     1.0  G_and_S_cingul-Mid-Ant
 1176    851   2006  2.541 0.550     0.124     0.020       13     1.0  G_and_S_cingul-Mid-Post
  603    434   1590  3.162 0.584     0.135     0.028        9     0.8  G_cingul-Post-dorsal
  286    203    591  2.610 0.618     0.143     0.032        4     0.4  G_cingul-Post-ventral
 1848   1383   2476  1.698 0.505     0.160     0.033       26     2.9  G_cuneus
 1098    890   2640  2.459 0.460     0.148     0.026       15     1.3  G_front_inf-Opercular
  387    291    765  2.155 0.322     0.137     0.024        7     0.5  G_front_inf-Orbital
  711    570   1552  2.295 0.414     0.144     0.032        9     1.0  G_front_inf-Triangul
 3878   2896   6959  2.098 0.521     0.141     0.028       54     5.0  G_front_middle
 5862   4330  12937  2.610 0.654     0.137     0.027       72     7.0  G_front_sup
  547    376   1226  3.179 0.866     0.109     0.024        5     0.4  G_Ins_lg_and_S_cent_ins
  550    430   1959  3.393 0.617     0.136     0.030        7     0.7  G_insular_short
 1865   1417   3828  2.320 0.632     0.147     0.030       26     2.2  G_occipital_middle
 1194    865   1786  1.866 0.441     0.159     0.033       19     1.7  G_occipital_sup
 1499   1110   3904  2.813 0.508     0.135     0.025       22     1.8  G_oc-temp_lat-fusifor
 2666   2044   4672  1.967 0.643     0.166     0.037       42     4.5  G_oc-temp_med-Lingual
 1141    723   2910  2.939 0.795     0.105     0.017       14     0.7  G_oc-temp_med-Parahip
 2047   1586   5157  2.611 0.651     0.141     0.028       29     2.6  G_orbital
 2751   2071   6507  2.547 0.610     0.145     0.028       40     3.6  G_pariet_inf-Angular
 2616   2074   5702  2.384 0.482     0.147     0.029       38     3.4  G_pariet_inf-Supramar
 2572   1849   4739  2.151 0.506     0.140     0.026       33     2.8  G_parietal_sup
 2028   1411   2869  1.755 0.447     0.124     0.021       21     2.1  G_postcentral
 2595   1716   4539  2.259 0.554     0.113     0.020       21     2.3  G_precentral
 2454   1843   5431  2.525 0.550     0.158     0.035       40     3.6  G_precuneus
  928    739   2451  2.643 0.685     0.146     0.033       21     1.3  G_rectus
  644    437   1409  2.791 0.828     0.132     0.039        9     0.9  G_subcallosal
  573    387    839  1.900 0.391     0.085     0.011        4     0.4  G_temp_sup-G_T_transv
 2033   1412   4175  2.429 0.527     0.123     0.020       32     2.1  G_temp_sup-Lateral
  736    492   1622  3.036 0.874     0.065     0.009        2     0.2  G_temp_sup-Plan_polar
  774    530   1209  2.244 0.501     0.084     0.013        4     0.4  G_temp_sup-Plan_tempo
 1799   1474   4133  2.291 0.682     0.135     0.035       31     2.7  G_temporal_inf
 2329   1958   6212  2.597 0.699     0.152     0.034       42     3.2  G_temporal_middle
  321    213    373  2.033 0.251     0.094     0.008        2     0.1  Lat_Fis-ant-Horizont
  246    170    347  2.393 0.405     0.119     0.024        2     0.2  Lat_Fis-ant-Vertical
 1131    743   1289  2.165 0.599     0.105     0.021        7     1.0  Lat_Fis-post
 1833   1299   2235  1.642 0.361     0.141     0.029       23     2.5  Pole_occipital
 1475   1249   4908  2.904 0.835     0.162     0.035       30     2.1  Pole_temporal
 2273   1557   2060  1.590 0.519     0.132     0.026       26     2.7  S_calcarine
 2628   1719   2325  1.598 0.447     0.103     0.017       17     1.8  S_central
  804    544    893  1.802 0.456     0.088     0.009        4     0.3  S_cingul-Marginalis
  510    344    732  2.607 0.633     0.102     0.020        2     0.5  S_circular_insula_ant
 1543    994   2293  2.626 0.646     0.085     0.013        7     0.9  S_circular_insula_inf
 1713   1099   2089  2.355 0.461     0.090     0.013        7     0.9  S_circular_insula_sup
  745    507   1150  2.664 0.776     0.114     0.016        6     0.5  S_collat_transv_ant
  576    414    649  2.127 0.425     0.151     0.034        6     0.9  S_collat_transv_post
 1625   1181   2305  2.031 0.517     0.126     0.027       15     1.7  S_front_inf
 1281    898   1667  1.945 0.525     0.116     0.026       10     1.4  S_front_middle
 2103   1443   2954  2.279 0.487     0.109     0.022       13     1.9  S_front_sup
  590    394    698  2.176 0.317     0.105     0.016        4     0.4  S_interm_prim-Jensen
 3002   2036   3616  2.079 0.436     0.110     0.016       22     2.2  S_intrapariet_and_P_trans
  803    630   1081  2.140 0.462     0.155     0.035       11     1.2  S_oc_middle_and_Lunatus
 1435    987   1674  2.055 0.355     0.126     0.021       14     1.4  S_oc_sup_and_transversal
  835    552   1002  2.299 0.385     0.117     0.023        5     0.8  S_occipital_ant
  928    661   1342  2.306 0.488     0.119     0.023        7     1.0  S_oc-temp_lat
 1769   1219   2518  2.389 0.403     0.101     0.017       11     1.1  S_oc-temp_med_and_Lingual
  218    157    273  2.339 0.571     0.132     0.024        2     0.2  S_orbital_lateral
  695    475    920  2.498 0.591     0.114     0.015        4     0.5  S_orbital_med-olfact
 1295    923   2285  2.661 0.691     0.133     0.023       14     1.4  S_orbital-H_Shaped
 1359    943   1804  2.182 0.421     0.123     0.022       12     1.4  S_parieto_occipital
  967    617   1295  2.383 0.731     0.130     0.023       16     1.1  S_pericallosal
 2537   1706   2811  1.902 0.488     0.111     0.019       19     2.0  S_postcentral
 1398    972   1900  2.192 0.420     0.111     0.016       11     1.1  S_precentral-inf-part
 1234    812   1619  2.344 0.427     0.105     0.015        9     0.7  S_precentral-sup-part
  643    447    903  2.320 0.718     0.110     0.015        5     0.4  S_suborbital
 1224    877   2074  2.660 0.447     0.138     0.032       12     1.6  S_subparietal
 1297    930   1803  2.191 0.558     0.121     0.021       14     1.2  S_temporal_inf
 5323   3652   7710  2.241 0.479     0.101     0.016       38     3.6  S_temporal_sup
  195    148    271  1.888 0.315     0.140     0.028        3     0.3  S_temporal_transverse
#-----------------------------------------
#@# Parcellation Stats 3 lh Sat Mar 14 00:07:57 CET 2026
/out/sourcedata/freesurfer/sub-v2s7x29668_ses-1/scripts

 mris_anatomical_stats -th3 -mgz -noglobal -cortex ../label/lh.cortex.label -f ../stats/lh.aparc.DKTatlas.stats -b -a ../label/lh.aparc.DKTatlas.annot -c ../label/aparc.annot.DKTatlas.ctab sub-v2s7x29668_ses-1 lh white 

computing statistics for each annotation in ../label/lh.aparc.DKTatlas.annot.
reading volume /out/sourcedata/freesurfer/sub-v2s7x29668_ses-1/mri/wm.mgz...
reading input surface /out/sourcedata/freesurfer/sub-v2s7x29668_ses-1/surf/lh.white...
reading input pial surface /out/sourcedata/freesurfer/sub-v2s7x29668_ses-1/surf/lh.pial...
reading input white surface /out/sourcedata/freesurfer/sub-v2s7x29668_ses-1/surf/lh.white...
INFO: using TH3 volume calc
INFO: assuming MGZ format for volumes.
INFO: not computing global stats
INFO: using ../label/lh.cortex.label as mask to calc cortex NumVert, SurfArea and MeanThickness.
Using TH3 vertex volume calc
Total face volume 191103
Total vertex volume 190872 (mask=0)
Saving annotation colortable ../label/aparc.annot.DKTatlas.ctab

table columns are:
    number of vertices
    total surface area (mm^2)
    total gray matter volume (mm^3)
    average cortical thickness +- standard deviation (mm)
    integrated rectified mean curvature
    integrated rectified Gaussian curvature
    folding index
    intrinsic curvature index
    structure name

 1332    899   2350  2.557 0.639     0.127     0.017       19     1.0  caudalanteriorcingulate
 3285   2278   5393  2.273 0.466     0.121     0.021       30     3.2  caudalmiddlefrontal
 2509   1809   3360  1.854 0.489     0.146     0.029       30     3.3  cuneus
  513    343   1373  2.935 0.793     0.110     0.018        5     0.3  entorhinal
 3487   2491   6998  2.614 0.514     0.126     0.022       38     3.7  fusiform
 6892   4962  12409  2.369 0.557     0.128     0.023       72     7.0  inferiorparietal
 3841   2988   8252  2.426 0.741     0.134     0.031       54     5.1  inferiortemporal
 1447   1007   3046  2.787 0.678     0.128     0.029       17     1.9  isthmuscingulate
 6754   4957  10003  1.994 0.489     0.147     0.030       87     8.9  lateraloccipital
 3826   2816   8209  2.692 0.655     0.137     0.026       46     4.5  lateralorbitofrontal
 3929   2926   6202  1.983 0.570     0.148     0.031       51     5.5  lingual
 2151   1609   4663  2.546 0.748     0.130     0.030       34     2.6  medialorbitofrontal
 5655   4280  11292  2.361 0.634     0.123     0.024       70     5.6  middletemporal
  886    549   1922  2.872 0.735     0.079     0.012        8     0.3  parahippocampal
 2171   1375   2938  2.079 0.526     0.103     0.017       14     1.5  paracentral
 1794   1336   3331  2.380 0.432     0.127     0.023       18     1.7  parsopercularis
  954    693   1687  2.158 0.391     0.116     0.019       11     0.9  parsorbitalis
 1770   1286   2748  2.142 0.449     0.129     0.026       18     1.9  parstriangularis
 1817   1247   1456  1.401 0.355     0.148     0.033       26     2.8  pericalcarine
 6076   4199   8213  1.865 0.619     0.115     0.020       53     5.5  postcentral
 1565   1121   2610  2.358 0.619     0.123     0.018       22     1.4  posteriorcingulate
 6538   4403   9616  2.166 0.555     0.114     0.019       55     5.3  precentral
 4551   3375   8405  2.413 0.594     0.146     0.031       59     6.0  precuneus
 1266    910   2913  2.877 0.686     0.130     0.025       15     1.5  rostralanteriorcingulate
 4643   3530   7836  2.087 0.599     0.141     0.031       58     6.2  rostralmiddlefrontal
 8737   6440  17287  2.497 0.652     0.131     0.026       95    10.0  superiorfrontal
 5583   3880   8371  2.103 0.475     0.127     0.022       58     5.2  superiorparietal
 6964   4791  13222  2.519 0.645     0.108     0.018       73     5.7  superiortemporal
 4920   3691   8605  2.252 0.523     0.130     0.025       55     5.5  supramarginal
  647    444    971  2.105 0.489     0.096     0.017        5     0.5  transversetemporal
 2533   1761   5190  2.887 0.828     0.106     0.021       18     2.2  insula
/out/sourcedata/freesurfer/sub-v2s7x29668_ses-1/label
#--------------------------------------------
#@# BA_exvivo Labels lh Sat Mar 14 00:08:05 CET 2026

 mri_label2label --srcsubject fsaverage --srclabel /out/sourcedata/freesurfer/fsaverage/label/lh.BA1_exvivo.label --trgsubject sub-v2s7x29668_ses-1 --trglabel ./lh.BA1_exvivo.label --hemi lh --regmethod surface 


srclabel = /out/sourcedata/freesurfer/fsaverage/label/lh.BA1_exvivo.label
srcsubject = fsaverage
trgsubject = sub-v2s7x29668_ses-1
trglabel = ./lh.BA1_exvivo.label
regmethod = surface

srchemi = lh
trghemi = lh
trgsurface = white
srcsurfreg = sphere.reg
trgsurfreg = sphere.reg
usehash = 1
Use ProjAbs  = 0, 0
Use ProjFrac = 0, 0
DoPaint 0

SUBJECTS_DIR    /out/sourcedata/freesurfer
FREESURFER_HOME /opt/freesurfer
Loading source label.
Found 4129 points in source label.
Starting surface-based mapping
Reading source registration 
 /out/sourcedata/freesurfer/fsaverage/surf/lh.sphere.reg
Rescaling ...  original radius = 100
Reading target surface 
 /out/sourcedata/freesurfer/sub-v2s7x29668_ses-1/surf/lh.white
Reading target registration 
 /out/sourcedata/freesurfer/sub-v2s7x29668_ses-1/surf/lh.sphere.reg
Rescaling ...  original radius = 100
Building target registration hash (res=16).
Building source registration hash (res=16).
INFO: found  4129 nlabel points
Performing mapping from target back to the source label 116676
Number of reverse mapping hits = 31
Checking for and removing duplicates
Writing label file ./lh.BA1_exvivo.label 4160
mri_label2label: Done


 mri_label2label --srcsubject fsaverage --srclabel /out/sourcedata/freesurfer/fsaverage/label/lh.BA2_exvivo.label --trgsubject sub-v2s7x29668_ses-1 --trglabel ./lh.BA2_exvivo.label --hemi lh --regmethod surface 


srclabel = /out/sourcedata/freesurfer/fsaverage/label/lh.BA2_exvivo.label
srcsubject = fsaverage
trgsubject = sub-v2s7x29668_ses-1
trglabel = ./lh.BA2_exvivo.label
regmethod = surface

srchemi = lh
trghemi = lh
trgsurface = white
srcsurfreg = sphere.reg
trgsurfreg = sphere.reg
usehash = 1
Use ProjAbs  = 0, 0
Use ProjFrac = 0, 0
DoPaint 0

SUBJECTS_DIR    /out/sourcedata/freesurfer
FREESURFER_HOME /opt/freesurfer
Loading source label.
Found 7909 points in source label.
Starting surface-based mapping
Reading source registration 
 /out/sourcedata/freesurfer/fsaverage/surf/lh.sphere.reg
Rescaling ...  original radius = 100
Reading target surface 
 /out/sourcedata/freesurfer/sub-v2s7x29668_ses-1/surf/lh.white
Reading target registration 
 /out/sourcedata/freesurfer/sub-v2s7x29668_ses-1/surf/lh.sphere.reg
Rescaling ...  original radius = 100
Building target registration hash (res=16).
Building source registration hash (res=16).
INFO: found  7909 nlabel points
Performing mapping from target back to the source label 116676
Number of reverse mapping hits = 64
Checking for and removing duplicates
Writing label file ./lh.BA2_exvivo.label 7973
mri_label2label: Done


 mri_label2label --srcsubject fsaverage --srclabel /out/sourcedata/freesurfer/fsaverage/label/lh.BA3a_exvivo.label --trgsubject sub-v2s7x29668_ses-1 --trglabel ./lh.BA3a_exvivo.label --hemi lh --regmethod surface 


srclabel = /out/sourcedata/freesurfer/fsaverage/label/lh.BA3a_exvivo.label
srcsubject = fsaverage
trgsubject = sub-v2s7x29668_ses-1
trglabel = ./lh.BA3a_exvivo.label
regmethod = surface

srchemi = lh
trghemi = lh
trgsurface = white
srcsurfreg = sphere.reg
trgsurfreg = sphere.reg
usehash = 1
Use ProjAbs  = 0, 0
Use ProjFrac = 0, 0
DoPaint 0

SUBJECTS_DIR    /out/sourcedata/freesurfer
FREESURFER_HOME /opt/freesurfer
Loading source label.
Found 4077 points in source label.
Starting surface-based mapping
Reading source registration 
 /out/sourcedata/freesurfer/fsaverage/surf/lh.sphere.reg
Rescaling ...  original radius = 100
Reading target surface 
 /out/sourcedata/freesurfer/sub-v2s7x29668_ses-1/surf/lh.white
Reading target registration 
 /out/sourcedata/freesurfer/sub-v2s7x29668_ses-1/surf/lh.sphere.reg
Rescaling ...  original radius = 100
Building target registration hash (res=16).
Building source registration hash (res=16).
INFO: found  4077 nlabel points
Performing mapping from target back to the source label 116676
Number of reverse mapping hits = 5
Checking for and removing duplicates
Writing label file ./lh.BA3a_exvivo.label 4082
mri_label2label: Done


 mri_label2label --srcsubject fsaverage --srclabel /out/sourcedata/freesurfer/fsaverage/label/lh.BA3b_exvivo.label --trgsubject sub-v2s7x29668_ses-1 --trglabel ./lh.BA3b_exvivo.label --hemi lh --regmethod surface 


srclabel = /out/sourcedata/freesurfer/fsaverage/label/lh.BA3b_exvivo.label
srcsubject = fsaverage
trgsubject = sub-v2s7x29668_ses-1
trglabel = ./lh.BA3b_exvivo.label
regmethod = surface

srchemi = lh
trghemi = lh
trgsurface = white
srcsurfreg = sphere.reg
trgsurfreg = sphere.reg
usehash = 1
Use ProjAbs  = 0, 0
Use ProjFrac = 0, 0
DoPaint 0

SUBJECTS_DIR    /out/sourcedata/freesurfer
FREESURFER_HOME /opt/freesurfer
Loading source label.
Found 5983 points in source label.
Starting surface-based mapping
Reading source registration 
 /out/sourcedata/freesurfer/fsaverage/surf/lh.sphere.reg
Rescaling ...  original radius = 100
Reading target surface 
 /out/sourcedata/freesurfer/sub-v2s7x29668_ses-1/surf/lh.white
Reading target registration 
 /out/sourcedata/freesurfer/sub-v2s7x29668_ses-1/surf/lh.sphere.reg
Rescaling ...  original radius = 100
Building target registration hash (res=16).
Building source registration hash (res=16).
INFO: found  5983 nlabel points
Performing mapping from target back to the source label 116676
Number of reverse mapping hits = 16
Checking for and removing duplicates
Writing label file ./lh.BA3b_exvivo.label 5999
mri_label2label: Done


 mri_label2label --srcsubject fsaverage --srclabel /out/sourcedata/freesurfer/fsaverage/label/lh.BA4a_exvivo.label --trgsubject sub-v2s7x29668_ses-1 --trglabel ./lh.BA4a_exvivo.label --hemi lh --regmethod surface 


srclabel = /out/sourcedata/freesurfer/fsaverage/label/lh.BA4a_exvivo.label
srcsubject = fsaverage
trgsubject = sub-v2s7x29668_ses-1
trglabel = ./lh.BA4a_exvivo.label
regmethod = surface

srchemi = lh
trghemi = lh
trgsurface = white
srcsurfreg = sphere.reg
trgsurfreg = sphere.reg
usehash = 1
Use ProjAbs  = 0, 0
Use ProjFrac = 0, 0
DoPaint 0

SUBJECTS_DIR    /out/sourcedata/freesurfer
FREESURFER_HOME /opt/freesurfer
Loading source label.
Found 5784 points in source label.
Starting surface-based mapping
Reading source registration 
 /out/sourcedata/freesurfer/fsaverage/surf/lh.sphere.reg
Rescaling ...  original radius = 100
Reading target surface 
 /out/sourcedata/freesurfer/sub-v2s7x29668_ses-1/surf/lh.white
Reading target registration 
 /out/sourcedata/freesurfer/sub-v2s7x29668_ses-1/surf/lh.sphere.reg
Rescaling ...  original radius = 100
Building target registration hash (res=16).
Building source registration hash (res=16).
INFO: found  5784 nlabel points
Performing mapping from target back to the source label 116676
Number of reverse mapping hits = 118
Checking for and removing duplicates
Writing label file ./lh.BA4a_exvivo.label 5902
mri_label2label: Done


 mri_label2label --srcsubject fsaverage --srclabel /out/sourcedata/freesurfer/fsaverage/label/lh.BA4p_exvivo.label --trgsubject sub-v2s7x29668_ses-1 --trglabel ./lh.BA4p_exvivo.label --hemi lh --regmethod surface 


srclabel = /out/sourcedata/freesurfer/fsaverage/label/lh.BA4p_exvivo.label
srcsubject = fsaverage
trgsubject = sub-v2s7x29668_ses-1
trglabel = ./lh.BA4p_exvivo.label
regmethod = surface

srchemi = lh
trghemi = lh
trgsurface = white
srcsurfreg = sphere.reg
trgsurfreg = sphere.reg
usehash = 1
Use ProjAbs  = 0, 0
Use ProjFrac = 0, 0
DoPaint 0

SUBJECTS_DIR    /out/sourcedata/freesurfer
FREESURFER_HOME /opt/freesurfer
Loading source label.
Found 4070 points in source label.
Starting surface-based mapping
Reading source registration 
 /out/sourcedata/freesurfer/fsaverage/surf/lh.sphere.reg
Rescaling ...  original radius = 100
Reading target surface 
 /out/sourcedata/freesurfer/sub-v2s7x29668_ses-1/surf/lh.white
Reading target registration 
 /out/sourcedata/freesurfer/sub-v2s7x29668_ses-1/surf/lh.sphere.reg
Rescaling ...  original radius = 100
Building target registration hash (res=16).
Building source registration hash (res=16).
INFO: found  4070 nlabel points
Performing mapping from target back to the source label 116676
Number of reverse mapping hits = 46
Checking for and removing duplicates
Writing label file ./lh.BA4p_exvivo.label 4116
mri_label2label: Done


 mri_label2label --srcsubject fsaverage --srclabel /out/sourcedata/freesurfer/fsaverage/label/lh.BA6_exvivo.label --trgsubject sub-v2s7x29668_ses-1 --trglabel ./lh.BA6_exvivo.label --hemi lh --regmethod surface 


srclabel = /out/sourcedata/freesurfer/fsaverage/label/lh.BA6_exvivo.label
srcsubject = fsaverage
trgsubject = sub-v2s7x29668_ses-1
trglabel = ./lh.BA6_exvivo.label
regmethod = surface

srchemi = lh
trghemi = lh
trgsurface = white
srcsurfreg = sphere.reg
trgsurfreg = sphere.reg
usehash = 1
Use ProjAbs  = 0, 0
Use ProjFrac = 0, 0
DoPaint 0

SUBJECTS_DIR    /out/sourcedata/freesurfer
FREESURFER_HOME /opt/freesurfer
Loading source label.
Found 13589 points in source label.
Starting surface-based mapping
Reading source registration 
 /out/sourcedata/freesurfer/fsaverage/surf/lh.sphere.reg
Rescaling ...  original radius = 100
Reading target surface 
 /out/sourcedata/freesurfer/sub-v2s7x29668_ses-1/surf/lh.white
Reading target registration 
 /out/sourcedata/freesurfer/sub-v2s7x29668_ses-1/surf/lh.sphere.reg
Rescaling ...  original radius = 100
Building target registration hash (res=16).
Building source registration hash (res=16).
INFO: found  13589 nlabel points
Performing mapping from target back to the source label 116676
Number of reverse mapping hits = 319
Checking for and removing duplicates
Writing label file ./lh.BA6_exvivo.label 13908
mri_label2label: Done


 mri_label2label --srcsubject fsaverage --srclabel /out/sourcedata/freesurfer/fsaverage/label/lh.BA44_exvivo.label --trgsubject sub-v2s7x29668_ses-1 --trglabel ./lh.BA44_exvivo.label --hemi lh --regmethod surface 


srclabel = /out/sourcedata/freesurfer/fsaverage/label/lh.BA44_exvivo.label
srcsubject = fsaverage
trgsubject = sub-v2s7x29668_ses-1
trglabel = ./lh.BA44_exvivo.label
regmethod = surface

srchemi = lh
trghemi = lh
trgsurface = white
srcsurfreg = sphere.reg
trgsurfreg = sphere.reg
usehash = 1
Use ProjAbs  = 0, 0
Use ProjFrac = 0, 0
DoPaint 0

SUBJECTS_DIR    /out/sourcedata/freesurfer
FREESURFER_HOME /opt/freesurfer
Loading source label.
Found 4181 points in source label.
Starting surface-based mapping
Reading source registration 
 /out/sourcedata/freesurfer/fsaverage/surf/lh.sphere.reg
Rescaling ...  original radius = 100
Reading target surface 
 /out/sourcedata/freesurfer/sub-v2s7x29668_ses-1/surf/lh.white
Reading target registration 
 /out/sourcedata/freesurfer/sub-v2s7x29668_ses-1/surf/lh.sphere.reg
Rescaling ...  original radius = 100
Building target registration hash (res=16).
Building source registration hash (res=16).
INFO: found  4181 nlabel points
Performing mapping from target back to the source label 116676
Number of reverse mapping hits = 47
Checking for and removing duplicates
Writing label file ./lh.BA44_exvivo.label 4228
mri_label2label: Done


 mri_label2label --srcsubject fsaverage --srclabel /out/sourcedata/freesurfer/fsaverage/label/lh.BA45_exvivo.label --trgsubject sub-v2s7x29668_ses-1 --trglabel ./lh.BA45_exvivo.label --hemi lh --regmethod surface 


srclabel = /out/sourcedata/freesurfer/fsaverage/label/lh.BA45_exvivo.label
srcsubject = fsaverage
trgsubject = sub-v2s7x29668_ses-1
trglabel = ./lh.BA45_exvivo.label
regmethod = surface

srchemi = lh
trghemi = lh
trgsurface = white
srcsurfreg = sphere.reg
trgsurfreg = sphere.reg
usehash = 1
Use ProjAbs  = 0, 0
Use ProjFrac = 0, 0
DoPaint 0

SUBJECTS_DIR    /out/sourcedata/freesurfer
FREESURFER_HOME /opt/freesurfer
Loading source label.
Found 3422 points in source label.
Starting surface-based mapping
Reading source registration 
 /out/sourcedata/freesurfer/fsaverage/surf/lh.sphere.reg
Rescaling ...  original radius = 100
Reading target surface 
 /out/sourcedata/freesurfer/sub-v2s7x29668_ses-1/surf/lh.white
Reading target registration 
 /out/sourcedata/freesurfer/sub-v2s7x29668_ses-1/surf/lh.sphere.reg
Rescaling ...  original radius = 100
Building target registration hash (res=16).
Building source registration hash (res=16).
INFO: found  3422 nlabel points
Performing mapping from target back to the source label 116676
Number of reverse mapping hits = 84
Checking for and removing duplicates
Writing label file ./lh.BA45_exvivo.label 3506
mri_label2label: Done


 mri_label2label --srcsubject fsaverage --srclabel /out/sourcedata/freesurfer/fsaverage/label/lh.V1_exvivo.label --trgsubject sub-v2s7x29668_ses-1 --trglabel ./lh.V1_exvivo.label --hemi lh --regmethod surface 


srclabel = /out/sourcedata/freesurfer/fsaverage/label/lh.V1_exvivo.label
srcsubject = fsaverage
trgsubject = sub-v2s7x29668_ses-1
trglabel = ./lh.V1_exvivo.label
regmethod = surface

srchemi = lh
trghemi = lh
trgsurface = white
srcsurfreg = sphere.reg
trgsurfreg = sphere.reg
usehash = 1
Use ProjAbs  = 0, 0
Use ProjFrac = 0, 0
DoPaint 0

SUBJECTS_DIR    /out/sourcedata/freesurfer
FREESURFER_HOME /opt/freesurfer
Loading source label.
Found 4641 points in source label.
Starting surface-based mapping
Reading source registration 
 /out/sourcedata/freesurfer/fsaverage/surf/lh.sphere.reg
Rescaling ...  original radius = 100
Reading target surface 
 /out/sourcedata/freesurfer/sub-v2s7x29668_ses-1/surf/lh.white
Reading target registration 
 /out/sourcedata/freesurfer/sub-v2s7x29668_ses-1/surf/lh.sphere.reg
Rescaling ...  original radius = 100
Building target registration hash (res=16).
Building source registration hash (res=16).
INFO: found  4641 nlabel points
Performing mapping from target back to the source label 116676
Number of reverse mapping hits = 660
Checking for and removing duplicates
Writing label file ./lh.V1_exvivo.label 5301
mri_label2label: Done


 mri_label2label --srcsubject fsaverage --srclabel /out/sourcedata/freesurfer/fsaverage/label/lh.V2_exvivo.label --trgsubject sub-v2s7x29668_ses-1 --trglabel ./lh.V2_exvivo.label --hemi lh --regmethod surface 


srclabel = /out/sourcedata/freesurfer/fsaverage/label/lh.V2_exvivo.label
srcsubject = fsaverage
trgsubject = sub-v2s7x29668_ses-1
trglabel = ./lh.V2_exvivo.label
regmethod = surface

srchemi = lh
trghemi = lh
trgsurface = white
srcsurfreg = sphere.reg
trgsurfreg = sphere.reg
usehash = 1
Use ProjAbs  = 0, 0
Use ProjFrac = 0, 0
DoPaint 0

SUBJECTS_DIR    /out/sourcedata/freesurfer
FREESURFER_HOME /opt/freesurfer
Loading source label.
Found 8114 points in source label.
Starting surface-based mapping
Reading source registration 
 /out/sourcedata/freesurfer/fsaverage/surf/lh.sphere.reg
Rescaling ...  original radius = 100
Reading target surface 
 /out/sourcedata/freesurfer/sub-v2s7x29668_ses-1/surf/lh.white
Reading target registration 
 /out/sourcedata/freesurfer/sub-v2s7x29668_ses-1/surf/lh.sphere.reg
Rescaling ...  original radius = 100
Building target registration hash (res=16).
Building source registration hash (res=16).
INFO: found  8114 nlabel points
Performing mapping from target back to the source label 116676
Number of reverse mapping hits = 1418
Checking for and removing duplicates
Writing label file ./lh.V2_exvivo.label 9532
mri_label2label: Done


 mri_label2label --srcsubject fsaverage --srclabel /out/sourcedata/freesurfer/fsaverage/label/lh.MT_exvivo.label --trgsubject sub-v2s7x29668_ses-1 --trglabel ./lh.MT_exvivo.label --hemi lh --regmethod surface 


srclabel = /out/sourcedata/freesurfer/fsaverage/label/lh.MT_exvivo.label
srcsubject = fsaverage
trgsubject = sub-v2s7x29668_ses-1
trglabel = ./lh.MT_exvivo.label
regmethod = surface

srchemi = lh
trghemi = lh
trgsurface = white
srcsurfreg = sphere.reg
trgsurfreg = sphere.reg
usehash = 1
Use ProjAbs  = 0, 0
Use ProjFrac = 0, 0
DoPaint 0

SUBJECTS_DIR    /out/sourcedata/freesurfer
FREESURFER_HOME /opt/freesurfer
Loading source label.
Found 2018 points in source label.
Starting surface-based mapping
Reading source registration 
 /out/sourcedata/freesurfer/fsaverage/surf/lh.sphere.reg
Rescaling ...  original radius = 100
Reading target surface 
 /out/sourcedata/freesurfer/sub-v2s7x29668_ses-1/surf/lh.white
Reading target registration 
 /out/sourcedata/freesurfer/sub-v2s7x29668_ses-1/surf/lh.sphere.reg
Rescaling ...  original radius = 100
Building target registration hash (res=16).
Building source registration hash (res=16).
INFO: found  2018 nlabel points
Performing mapping from target back to the source label 116676
Number of reverse mapping hits = 220
Checking for and removing duplicates
Writing label file ./lh.MT_exvivo.label 2238
mri_label2label: Done


 mri_label2label --srcsubject fsaverage --srclabel /out/sourcedata/freesurfer/fsaverage/label/lh.entorhinal_exvivo.label --trgsubject sub-v2s7x29668_ses-1 --trglabel ./lh.entorhinal_exvivo.label --hemi lh --regmethod surface 


srclabel = /out/sourcedata/freesurfer/fsaverage/label/lh.entorhinal_exvivo.label
srcsubject = fsaverage
trgsubject = sub-v2s7x29668_ses-1
trglabel = ./lh.entorhinal_exvivo.label
regmethod = surface

srchemi = lh
trghemi = lh
trgsurface = white
srcsurfreg = sphere.reg
trgsurfreg = sphere.reg
usehash = 1
Use ProjAbs  = 0, 0
Use ProjFrac = 0, 0
DoPaint 0

SUBJECTS_DIR    /out/sourcedata/freesurfer
FREESURFER_HOME /opt/freesurfer
Loading source label.
Found 1290 points in source label.
Starting surface-based mapping
Reading source registration 
 /out/sourcedata/freesurfer/fsaverage/surf/lh.sphere.reg
Rescaling ...  original radius = 100
Reading target surface 
 /out/sourcedata/freesurfer/sub-v2s7x29668_ses-1/surf/lh.white
Reading target registration 
 /out/sourcedata/freesurfer/sub-v2s7x29668_ses-1/surf/lh.sphere.reg
Rescaling ...  original radius = 100
Building target registration hash (res=16).
Building source registration hash (res=16).
INFO: found  1290 nlabel points
Performing mapping from target back to the source label 116676
Number of reverse mapping hits = 47
Checking for and removing duplicates
Writing label file ./lh.entorhinal_exvivo.label 1337
mri_label2label: Done


 mri_label2label --srcsubject fsaverage --srclabel /out/sourcedata/freesurfer/fsaverage/label/lh.perirhinal_exvivo.label --trgsubject sub-v2s7x29668_ses-1 --trglabel ./lh.perirhinal_exvivo.label --hemi lh --regmethod surface 


srclabel = /out/sourcedata/freesurfer/fsaverage/label/lh.perirhinal_exvivo.label
srcsubject = fsaverage
trgsubject = sub-v2s7x29668_ses-1
trglabel = ./lh.perirhinal_exvivo.label
regmethod = surface

srchemi = lh
trghemi = lh
trgsurface = white
srcsurfreg = sphere.reg
trgsurfreg = sphere.reg
usehash = 1
Use ProjAbs  = 0, 0
Use ProjFrac = 0, 0
DoPaint 0

SUBJECTS_DIR    /out/sourcedata/freesurfer
FREESURFER_HOME /opt/freesurfer
Loading source label.
Found 1199 points in source label.
Starting surface-based mapping
Reading source registration 
 /out/sourcedata/freesurfer/fsaverage/surf/lh.sphere.reg
Rescaling ...  original radius = 100
Reading target surface 
 /out/sourcedata/freesurfer/sub-v2s7x29668_ses-1/surf/lh.white
Reading target registration 
 /out/sourcedata/freesurfer/sub-v2s7x29668_ses-1/surf/lh.sphere.reg
Rescaling ...  original radius = 100
Building target registration hash (res=16).
Building source registration hash (res=16).
INFO: found  1199 nlabel points
Performing mapping from target back to the source label 116676
Number of reverse mapping hits = 30
Checking for and removing duplicates
Writing label file ./lh.perirhinal_exvivo.label 1229
mri_label2label: Done


 mri_label2label --srcsubject fsaverage --srclabel /out/sourcedata/freesurfer/fsaverage/label/lh.FG1.mpm.vpnl.label --trgsubject sub-v2s7x29668_ses-1 --trglabel ./lh.FG1.mpm.vpnl.label --hemi lh --regmethod surface 


srclabel = /out/sourcedata/freesurfer/fsaverage/label/lh.FG1.mpm.vpnl.label
srcsubject = fsaverage
trgsubject = sub-v2s7x29668_ses-1
trglabel = ./lh.FG1.mpm.vpnl.label
regmethod = surface

srchemi = lh
trghemi = lh
trgsurface = white
srcsurfreg = sphere.reg
trgsurfreg = sphere.reg
usehash = 1
Use ProjAbs  = 0, 0
Use ProjFrac = 0, 0
DoPaint 0

SUBJECTS_DIR    /out/sourcedata/freesurfer
FREESURFER_HOME /opt/freesurfer
Loading source label.
Found 414 points in source label.
Starting surface-based mapping
Reading source registration 
 /out/sourcedata/freesurfer/fsaverage/surf/lh.sphere.reg
Rescaling ...  original radius = 100
Reading target surface 
 /out/sourcedata/freesurfer/sub-v2s7x29668_ses-1/surf/lh.white
Reading target registration 
 /out/sourcedata/freesurfer/sub-v2s7x29668_ses-1/surf/lh.sphere.reg
Rescaling ...  original radius = 100
Building target registration hash (res=16).
Building source registration hash (res=16).
INFO: found  414 nlabel points
Performing mapping from target back to the source label 116676
Number of reverse mapping hits = 70
Checking for and removing duplicates
Writing label file ./lh.FG1.mpm.vpnl.label 484
mri_label2label: Done


 mri_label2label --srcsubject fsaverage --srclabel /out/sourcedata/freesurfer/fsaverage/label/lh.FG2.mpm.vpnl.label --trgsubject sub-v2s7x29668_ses-1 --trglabel ./lh.FG2.mpm.vpnl.label --hemi lh --regmethod surface 


srclabel = /out/sourcedata/freesurfer/fsaverage/label/lh.FG2.mpm.vpnl.label
srcsubject = fsaverage
trgsubject = sub-v2s7x29668_ses-1
trglabel = ./lh.FG2.mpm.vpnl.label
regmethod = surface

srchemi = lh
trghemi = lh
trgsurface = white
srcsurfreg = sphere.reg
trgsurfreg = sphere.reg
usehash = 1
Use ProjAbs  = 0, 0
Use ProjFrac = 0, 0
DoPaint 0

SUBJECTS_DIR    /out/sourcedata/freesurfer
FREESURFER_HOME /opt/freesurfer
Loading source label.
Found 703 points in source label.
Starting surface-based mapping
Reading source registration 
 /out/sourcedata/freesurfer/fsaverage/surf/lh.sphere.reg
Rescaling ...  original radius = 100
Reading target surface 
 /out/sourcedata/freesurfer/sub-v2s7x29668_ses-1/surf/lh.white
Reading target registration 
 /out/sourcedata/freesurfer/sub-v2s7x29668_ses-1/surf/lh.sphere.reg
Rescaling ...  original radius = 100
Building target registration hash (res=16).
Building source registration hash (res=16).
INFO: found  703 nlabel points
Performing mapping from target back to the source label 116676
Number of reverse mapping hits = 161
Checking for and removing duplicates
Writing label file ./lh.FG2.mpm.vpnl.label 864
mri_label2label: Done


 mri_label2label --srcsubject fsaverage --srclabel /out/sourcedata/freesurfer/fsaverage/label/lh.FG3.mpm.vpnl.label --trgsubject sub-v2s7x29668_ses-1 --trglabel ./lh.FG3.mpm.vpnl.label --hemi lh --regmethod surface 


srclabel = /out/sourcedata/freesurfer/fsaverage/label/lh.FG3.mpm.vpnl.label
srcsubject = fsaverage
trgsubject = sub-v2s7x29668_ses-1
trglabel = ./lh.FG3.mpm.vpnl.label
regmethod = surface

srchemi = lh
trghemi = lh
trgsurface = white
srcsurfreg = sphere.reg
trgsurfreg = sphere.reg
usehash = 1
Use ProjAbs  = 0, 0
Use ProjFrac = 0, 0
DoPaint 0

SUBJECTS_DIR    /out/sourcedata/freesurfer
FREESURFER_HOME /opt/freesurfer
Loading source label.
Found 1873 points in source label.
Starting surface-based mapping
Reading source registration 
 /out/sourcedata/freesurfer/fsaverage/surf/lh.sphere.reg
Rescaling ...  original radius = 100
Reading target surface 
 /out/sourcedata/freesurfer/sub-v2s7x29668_ses-1/surf/lh.white
Reading target registration 
 /out/sourcedata/freesurfer/sub-v2s7x29668_ses-1/surf/lh.sphere.reg
Rescaling ...  original radius = 100
Building target registration hash (res=16).
Building source registration hash (res=16).
INFO: found  1873 nlabel points
Performing mapping from target back to the source label 116676
Number of reverse mapping hits = 45
Checking for and removing duplicates
Writing label file ./lh.FG3.mpm.vpnl.label 1918
mri_label2label: Done


 mri_label2label --srcsubject fsaverage --srclabel /out/sourcedata/freesurfer/fsaverage/label/lh.FG4.mpm.vpnl.label --trgsubject sub-v2s7x29668_ses-1 --trglabel ./lh.FG4.mpm.vpnl.label --hemi lh --regmethod surface 


srclabel = /out/sourcedata/freesurfer/fsaverage/label/lh.FG4.mpm.vpnl.label
srcsubject = fsaverage
trgsubject = sub-v2s7x29668_ses-1
trglabel = ./lh.FG4.mpm.vpnl.label
regmethod = surface

srchemi = lh
trghemi = lh
trgsurface = white
srcsurfreg = sphere.reg
trgsurfreg = sphere.reg
usehash = 1
Use ProjAbs  = 0, 0
Use ProjFrac = 0, 0
DoPaint 0

SUBJECTS_DIR    /out/sourcedata/freesurfer
FREESURFER_HOME /opt/freesurfer
Loading source label.
Found 2101 points in source label.
Starting surface-based mapping
Reading source registration 
 /out/sourcedata/freesurfer/fsaverage/surf/lh.sphere.reg
Rescaling ...  original radius = 100
Reading target surface 
 /out/sourcedata/freesurfer/sub-v2s7x29668_ses-1/surf/lh.white
Reading target registration 
 /out/sourcedata/freesurfer/sub-v2s7x29668_ses-1/surf/lh.sphere.reg
Rescaling ...  original radius = 100
Building target registration hash (res=16).
Building source registration hash (res=16).
INFO: found  2101 nlabel points
Performing mapping from target back to the source label 116676
Number of reverse mapping hits = 142
Checking for and removing duplicates
Writing label file ./lh.FG4.mpm.vpnl.label 2243
mri_label2label: Done


 mri_label2label --srcsubject fsaverage --srclabel /out/sourcedata/freesurfer/fsaverage/label/lh.hOc1.mpm.vpnl.label --trgsubject sub-v2s7x29668_ses-1 --trglabel ./lh.hOc1.mpm.vpnl.label --hemi lh --regmethod surface 


srclabel = /out/sourcedata/freesurfer/fsaverage/label/lh.hOc1.mpm.vpnl.label
srcsubject = fsaverage
trgsubject = sub-v2s7x29668_ses-1
trglabel = ./lh.hOc1.mpm.vpnl.label
regmethod = surface

srchemi = lh
trghemi = lh
trgsurface = white
srcsurfreg = sphere.reg
trgsurfreg = sphere.reg
usehash = 1
Use ProjAbs  = 0, 0
Use ProjFrac = 0, 0
DoPaint 0

SUBJECTS_DIR    /out/sourcedata/freesurfer
FREESURFER_HOME /opt/freesurfer
Loading source label.
Found 3877 points in source label.
Starting surface-based mapping
Reading source registration 
 /out/sourcedata/freesurfer/fsaverage/surf/lh.sphere.reg
Rescaling ...  original radius = 100
Reading target surface 
 /out/sourcedata/freesurfer/sub-v2s7x29668_ses-1/surf/lh.white
Reading target registration 
 /out/sourcedata/freesurfer/sub-v2s7x29668_ses-1/surf/lh.sphere.reg
Rescaling ...  original radius = 100
Building target registration hash (res=16).
Building source registration hash (res=16).
INFO: found  3877 nlabel points
Performing mapping from target back to the source label 116676
Number of reverse mapping hits = 501
Checking for and removing duplicates
Writing label file ./lh.hOc1.mpm.vpnl.label 4378
mri_label2label: Done


 mri_label2label --srcsubject fsaverage --srclabel /out/sourcedata/freesurfer/fsaverage/label/lh.hOc2.mpm.vpnl.label --trgsubject sub-v2s7x29668_ses-1 --trglabel ./lh.hOc2.mpm.vpnl.label --hemi lh --regmethod surface 


srclabel = /out/sourcedata/freesurfer/fsaverage/label/lh.hOc2.mpm.vpnl.label
srcsubject = fsaverage
trgsubject = sub-v2s7x29668_ses-1
trglabel = ./lh.hOc2.mpm.vpnl.label
regmethod = surface

srchemi = lh
trghemi = lh
trgsurface = white
srcsurfreg = sphere.reg
trgsurfreg = sphere.reg
usehash = 1
Use ProjAbs  = 0, 0
Use ProjFrac = 0, 0
DoPaint 0

SUBJECTS_DIR    /out/sourcedata/freesurfer
FREESURFER_HOME /opt/freesurfer
Loading source label.
Found 2919 points in source label.
Starting surface-based mapping
Reading source registration 
 /out/sourcedata/freesurfer/fsaverage/surf/lh.sphere.reg
Rescaling ...  original radius = 100
Reading target surface 
 /out/sourcedata/freesurfer/sub-v2s7x29668_ses-1/surf/lh.white
Reading target registration 
 /out/sourcedata/freesurfer/sub-v2s7x29668_ses-1/surf/lh.sphere.reg
Rescaling ...  original radius = 100
Building target registration hash (res=16).
Building source registration hash (res=16).
INFO: found  2919 nlabel points
Performing mapping from target back to the source label 116676
Number of reverse mapping hits = 658
Checking for and removing duplicates
Writing label file ./lh.hOc2.mpm.vpnl.label 3577
mri_label2label: Done


 mri_label2label --srcsubject fsaverage --srclabel /out/sourcedata/freesurfer/fsaverage/label/lh.hOc3v.mpm.vpnl.label --trgsubject sub-v2s7x29668_ses-1 --trglabel ./lh.hOc3v.mpm.vpnl.label --hemi lh --regmethod surface 


srclabel = /out/sourcedata/freesurfer/fsaverage/label/lh.hOc3v.mpm.vpnl.label
srcsubject = fsaverage
trgsubject = sub-v2s7x29668_ses-1
trglabel = ./lh.hOc3v.mpm.vpnl.label
regmethod = surface

srchemi = lh
trghemi = lh
trgsurface = white
srcsurfreg = sphere.reg
trgsurfreg = sphere.reg
usehash = 1
Use ProjAbs  = 0, 0
Use ProjFrac = 0, 0
DoPaint 0

SUBJECTS_DIR    /out/sourcedata/freesurfer
FREESURFER_HOME /opt/freesurfer
Loading source label.
Found 1286 points in source label.
Starting surface-based mapping
Reading source registration 
 /out/sourcedata/freesurfer/fsaverage/surf/lh.sphere.reg
Rescaling ...  original radius = 100
Reading target surface 
 /out/sourcedata/freesurfer/sub-v2s7x29668_ses-1/surf/lh.white
Reading target registration 
 /out/sourcedata/freesurfer/sub-v2s7x29668_ses-1/surf/lh.sphere.reg
Rescaling ...  original radius = 100
Building target registration hash (res=16).
Building source registration hash (res=16).
INFO: found  1286 nlabel points
Performing mapping from target back to the source label 116676
Number of reverse mapping hits = 285
Checking for and removing duplicates
Writing label file ./lh.hOc3v.mpm.vpnl.label 1571
mri_label2label: Done


 mri_label2label --srcsubject fsaverage --srclabel /out/sourcedata/freesurfer/fsaverage/label/lh.hOc4v.mpm.vpnl.label --trgsubject sub-v2s7x29668_ses-1 --trglabel ./lh.hOc4v.mpm.vpnl.label --hemi lh --regmethod surface 


srclabel = /out/sourcedata/freesurfer/fsaverage/label/lh.hOc4v.mpm.vpnl.label
srcsubject = fsaverage
trgsubject = sub-v2s7x29668_ses-1
trglabel = ./lh.hOc4v.mpm.vpnl.label
regmethod = surface

srchemi = lh
trghemi = lh
trgsurface = white
srcsurfreg = sphere.reg
trgsurfreg = sphere.reg
usehash = 1
Use ProjAbs  = 0, 0
Use ProjFrac = 0, 0
DoPaint 0

SUBJECTS_DIR    /out/sourcedata/freesurfer
FREESURFER_HOME /opt/freesurfer
Loading source label.
Found 1006 points in source label.
Starting surface-based mapping
Reading source registration 
 /out/sourcedata/freesurfer/fsaverage/surf/lh.sphere.reg
Rescaling ...  original radius = 100
Reading target surface 
 /out/sourcedata/freesurfer/sub-v2s7x29668_ses-1/surf/lh.white
Reading target registration 
 /out/sourcedata/freesurfer/sub-v2s7x29668_ses-1/surf/lh.sphere.reg
Rescaling ...  original radius = 100
Building target registration hash (res=16).
Building source registration hash (res=16).
INFO: found  1006 nlabel points
Performing mapping from target back to the source label 116676
Number of reverse mapping hits = 243
Checking for and removing duplicates
Writing label file ./lh.hOc4v.mpm.vpnl.label 1249
mri_label2label: Done


 mris_label2annot --s sub-v2s7x29668_ses-1 --ctab /opt/freesurfer/average/colortable_vpnl.txt --hemi lh --a mpm.vpnl --maxstatwinner --noverbose --l lh.FG1.mpm.vpnl.label --l lh.FG2.mpm.vpnl.label --l lh.FG3.mpm.vpnl.label --l lh.FG4.mpm.vpnl.label --l lh.hOc1.mpm.vpnl.label --l lh.hOc2.mpm.vpnl.label --l lh.hOc3v.mpm.vpnl.label --l lh.hOc4v.mpm.vpnl.label 

Reading ctab /opt/freesurfer/average/colortable_vpnl.txt
Number of ctab entries 9

7.3.2
cwd /out/sourcedata/freesurfer/sub-v2s7x29668_ses-1/label
cmdline mris_label2annot --s sub-v2s7x29668_ses-1 --ctab /opt/freesurfer/average/colortable_vpnl.txt --hemi lh --a mpm.vpnl --maxstatwinner --noverbose --l lh.FG1.mpm.vpnl.label --l lh.FG2.mpm.vpnl.label --l lh.FG3.mpm.vpnl.label --l lh.FG4.mpm.vpnl.label --l lh.hOc1.mpm.vpnl.label --l lh.hOc2.mpm.vpnl.label --l lh.hOc3v.mpm.vpnl.label --l lh.hOc4v.mpm.vpnl.label 
sysname  Linux
hostname dna082
machine  x86_64
user     oesteban

subject sub-v2s7x29668_ses-1
hemi    lh
SUBJECTS_DIR /out/sourcedata/freesurfer
ColorTable /opt/freesurfer/average/colortable_vpnl.txt
AnnotName  mpm.vpnl
nlables 8
LabelThresh 0 0.000000
Loading /out/sourcedata/freesurfer/sub-v2s7x29668_ses-1/surf/lh.orig
 1 1376057 FG1
 2 16711935 FG2
 3 16711680 FG3
 4 1705837 FG4
 5 25600 hOc1
 6 255 hOc2
 7 16776960 hOc3v
 8 65535 hOc4v
Mapping unhit to unknown
Found 102922 unhit vertices
Writing annot to /out/sourcedata/freesurfer/sub-v2s7x29668_ses-1/label/lh.mpm.vpnl.annot

 mri_label2label --srcsubject fsaverage --srclabel /out/sourcedata/freesurfer/fsaverage/label/lh.BA1_exvivo.thresh.label --trgsubject sub-v2s7x29668_ses-1 --trglabel ./lh.BA1_exvivo.thresh.label --hemi lh --regmethod surface 


srclabel = /out/sourcedata/freesurfer/fsaverage/label/lh.BA1_exvivo.thresh.label
srcsubject = fsaverage
trgsubject = sub-v2s7x29668_ses-1
trglabel = ./lh.BA1_exvivo.thresh.label
regmethod = surface

srchemi = lh
trghemi = lh
trgsurface = white
srcsurfreg = sphere.reg
trgsurfreg = sphere.reg
usehash = 1
Use ProjAbs  = 0, 0
Use ProjFrac = 0, 0
DoPaint 0

SUBJECTS_DIR    /out/sourcedata/freesurfer
FREESURFER_HOME /opt/freesurfer
Loading source label.
Found 1014 points in source label.
Starting surface-based mapping
Reading source registration 
 /out/sourcedata/freesurfer/fsaverage/surf/lh.sphere.reg
Rescaling ...  original radius = 100
Reading target surface 
 /out/sourcedata/freesurfer/sub-v2s7x29668_ses-1/surf/lh.white
Reading target registration 
 /out/sourcedata/freesurfer/sub-v2s7x29668_ses-1/surf/lh.sphere.reg
Rescaling ...  original radius = 100
Building target registration hash (res=16).
Building source registration hash (res=16).
INFO: found  1014 nlabel points
Performing mapping from target back to the source label 116676
Number of reverse mapping hits = 6
Checking for and removing duplicates
Writing label file ./lh.BA1_exvivo.thresh.label 1020
mri_label2label: Done


 mri_label2label --srcsubject fsaverage --srclabel /out/sourcedata/freesurfer/fsaverage/label/lh.BA2_exvivo.thresh.label --trgsubject sub-v2s7x29668_ses-1 --trglabel ./lh.BA2_exvivo.thresh.label --hemi lh --regmethod surface 


srclabel = /out/sourcedata/freesurfer/fsaverage/label/lh.BA2_exvivo.thresh.label
srcsubject = fsaverage
trgsubject = sub-v2s7x29668_ses-1
trglabel = ./lh.BA2_exvivo.thresh.label
regmethod = surface

srchemi = lh
trghemi = lh
trgsurface = white
srcsurfreg = sphere.reg
trgsurfreg = sphere.reg
usehash = 1
Use ProjAbs  = 0, 0
Use ProjFrac = 0, 0
DoPaint 0

SUBJECTS_DIR    /out/sourcedata/freesurfer
FREESURFER_HOME /opt/freesurfer
Loading source label.
Found 2092 points in source label.
Starting surface-based mapping
Reading source registration 
 /out/sourcedata/freesurfer/fsaverage/surf/lh.sphere.reg
Rescaling ...  original radius = 100
Reading target surface 
 /out/sourcedata/freesurfer/sub-v2s7x29668_ses-1/surf/lh.white
Reading target registration 
 /out/sourcedata/freesurfer/sub-v2s7x29668_ses-1/surf/lh.sphere.reg
Rescaling ...  original radius = 100
Building target registration hash (res=16).
Building source registration hash (res=16).
INFO: found  2092 nlabel points
Performing mapping from target back to the source label 116676
Number of reverse mapping hits = 35
Checking for and removing duplicates
Writing label file ./lh.BA2_exvivo.thresh.label 2127
mri_label2label: Done


 mri_label2label --srcsubject fsaverage --srclabel /out/sourcedata/freesurfer/fsaverage/label/lh.BA3a_exvivo.thresh.label --trgsubject sub-v2s7x29668_ses-1 --trglabel ./lh.BA3a_exvivo.thresh.label --hemi lh --regmethod surface 


srclabel = /out/sourcedata/freesurfer/fsaverage/label/lh.BA3a_exvivo.thresh.label
srcsubject = fsaverage
trgsubject = sub-v2s7x29668_ses-1
trglabel = ./lh.BA3a_exvivo.thresh.label
regmethod = surface

srchemi = lh
trghemi = lh
trgsurface = white
srcsurfreg = sphere.reg
trgsurfreg = sphere.reg
usehash = 1
Use ProjAbs  = 0, 0
Use ProjFrac = 0, 0
DoPaint 0

SUBJECTS_DIR    /out/sourcedata/freesurfer
FREESURFER_HOME /opt/freesurfer
Loading source label.
Found 1504 points in source label.
Starting surface-based mapping
Reading source registration 
 /out/sourcedata/freesurfer/fsaverage/surf/lh.sphere.reg
Rescaling ...  original radius = 100
Reading target surface 
 /out/sourcedata/freesurfer/sub-v2s7x29668_ses-1/surf/lh.white
Reading target registration 
 /out/sourcedata/freesurfer/sub-v2s7x29668_ses-1/surf/lh.sphere.reg
Rescaling ...  original radius = 100
Building target registration hash (res=16).
Building source registration hash (res=16).
INFO: found  1504 nlabel points
Performing mapping from target back to the source label 116676
Number of reverse mapping hits = 3
Checking for and removing duplicates
Writing label file ./lh.BA3a_exvivo.thresh.label 1507
mri_label2label: Done


 mri_label2label --srcsubject fsaverage --srclabel /out/sourcedata/freesurfer/fsaverage/label/lh.BA3b_exvivo.thresh.label --trgsubject sub-v2s7x29668_ses-1 --trglabel ./lh.BA3b_exvivo.thresh.label --hemi lh --regmethod surface 


srclabel = /out/sourcedata/freesurfer/fsaverage/label/lh.BA3b_exvivo.thresh.label
srcsubject = fsaverage
trgsubject = sub-v2s7x29668_ses-1
trglabel = ./lh.BA3b_exvivo.thresh.label
regmethod = surface

srchemi = lh
trghemi = lh
trgsurface = white
srcsurfreg = sphere.reg
trgsurfreg = sphere.reg
usehash = 1
Use ProjAbs  = 0, 0
Use ProjFrac = 0, 0
DoPaint 0

SUBJECTS_DIR    /out/sourcedata/freesurfer
FREESURFER_HOME /opt/freesurfer
Loading source label.
Found 1996 points in source label.
Starting surface-based mapping
Reading source registration 
 /out/sourcedata/freesurfer/fsaverage/surf/lh.sphere.reg
Rescaling ...  original radius = 100
Reading target surface 
 /out/sourcedata/freesurfer/sub-v2s7x29668_ses-1/surf/lh.white
Reading target registration 
 /out/sourcedata/freesurfer/sub-v2s7x29668_ses-1/surf/lh.sphere.reg
Rescaling ...  original radius = 100
Building target registration hash (res=16).
Building source registration hash (res=16).
INFO: found  1996 nlabel points
Performing mapping from target back to the source label 116676
Number of reverse mapping hits = 5
Checking for and removing duplicates
Writing label file ./lh.BA3b_exvivo.thresh.label 2001
mri_label2label: Done


 mri_label2label --srcsubject fsaverage --srclabel /out/sourcedata/freesurfer/fsaverage/label/lh.BA4a_exvivo.thresh.label --trgsubject sub-v2s7x29668_ses-1 --trglabel ./lh.BA4a_exvivo.thresh.label --hemi lh --regmethod surface 


srclabel = /out/sourcedata/freesurfer/fsaverage/label/lh.BA4a_exvivo.thresh.label
srcsubject = fsaverage
trgsubject = sub-v2s7x29668_ses-1
trglabel = ./lh.BA4a_exvivo.thresh.label
regmethod = surface

srchemi = lh
trghemi = lh
trgsurface = white
srcsurfreg = sphere.reg
trgsurfreg = sphere.reg
usehash = 1
Use ProjAbs  = 0, 0
Use ProjFrac = 0, 0
DoPaint 0

SUBJECTS_DIR    /out/sourcedata/freesurfer
FREESURFER_HOME /opt/freesurfer
Loading source label.
Found 2319 points in source label.
Starting surface-based mapping
Reading source registration 
 /out/sourcedata/freesurfer/fsaverage/surf/lh.sphere.reg
Rescaling ...  original radius = 100
Reading target surface 
 /out/sourcedata/freesurfer/sub-v2s7x29668_ses-1/surf/lh.white
Reading target registration 
 /out/sourcedata/freesurfer/sub-v2s7x29668_ses-1/surf/lh.sphere.reg
Rescaling ...  original radius = 100
Building target registration hash (res=16).
Building source registration hash (res=16).
INFO: found  2319 nlabel points
Performing mapping from target back to the source label 116676
Number of reverse mapping hits = 62
Checking for and removing duplicates
Writing label file ./lh.BA4a_exvivo.thresh.label 2381
mri_label2label: Done


 mri_label2label --srcsubject fsaverage --srclabel /out/sourcedata/freesurfer/fsaverage/label/lh.BA4p_exvivo.thresh.label --trgsubject sub-v2s7x29668_ses-1 --trglabel ./lh.BA4p_exvivo.thresh.label --hemi lh --regmethod surface 


srclabel = /out/sourcedata/freesurfer/fsaverage/label/lh.BA4p_exvivo.thresh.label
srcsubject = fsaverage
trgsubject = sub-v2s7x29668_ses-1
trglabel = ./lh.BA4p_exvivo.thresh.label
regmethod = surface

srchemi = lh
trghemi = lh
trgsurface = white
srcsurfreg = sphere.reg
trgsurfreg = sphere.reg
usehash = 1
Use ProjAbs  = 0, 0
Use ProjFrac = 0, 0
DoPaint 0

SUBJECTS_DIR    /out/sourcedata/freesurfer
FREESURFER_HOME /opt/freesurfer
Loading source label.
Found 1549 points in source label.
Starting surface-based mapping
Reading source registration 
 /out/sourcedata/freesurfer/fsaverage/surf/lh.sphere.reg
Rescaling ...  original radius = 100
Reading target surface 
 /out/sourcedata/freesurfer/sub-v2s7x29668_ses-1/surf/lh.white
Reading target registration 
 /out/sourcedata/freesurfer/sub-v2s7x29668_ses-1/surf/lh.sphere.reg
Rescaling ...  original radius = 100
Building target registration hash (res=16).
Building source registration hash (res=16).
INFO: found  1549 nlabel points
Performing mapping from target back to the source label 116676
Number of reverse mapping hits = 5
Checking for and removing duplicates
Writing label file ./lh.BA4p_exvivo.thresh.label 1554
mri_label2label: Done


 mri_label2label --srcsubject fsaverage --srclabel /out/sourcedata/freesurfer/fsaverage/label/lh.BA6_exvivo.thresh.label --trgsubject sub-v2s7x29668_ses-1 --trglabel ./lh.BA6_exvivo.thresh.label --hemi lh --regmethod surface 


srclabel = /out/sourcedata/freesurfer/fsaverage/label/lh.BA6_exvivo.thresh.label
srcsubject = fsaverage
trgsubject = sub-v2s7x29668_ses-1
trglabel = ./lh.BA6_exvivo.thresh.label
regmethod = surface

srchemi = lh
trghemi = lh
trgsurface = white
srcsurfreg = sphere.reg
trgsurfreg = sphere.reg
usehash = 1
Use ProjAbs  = 0, 0
Use ProjFrac = 0, 0
DoPaint 0

SUBJECTS_DIR    /out/sourcedata/freesurfer
FREESURFER_HOME /opt/freesurfer
Loading source label.
Found 7035 points in source label.
Starting surface-based mapping
Reading source registration 
 /out/sourcedata/freesurfer/fsaverage/surf/lh.sphere.reg
Rescaling ...  original radius = 100
Reading target surface 
 /out/sourcedata/freesurfer/sub-v2s7x29668_ses-1/surf/lh.white
Reading target registration 
 /out/sourcedata/freesurfer/sub-v2s7x29668_ses-1/surf/lh.sphere.reg
Rescaling ...  original radius = 100
Building target registration hash (res=16).
Building source registration hash (res=16).
INFO: found  7035 nlabel points
Performing mapping from target back to the source label 116676
Number of reverse mapping hits = 140
Checking for and removing duplicates
Writing label file ./lh.BA6_exvivo.thresh.label 7175
mri_label2label: Done


 mri_label2label --srcsubject fsaverage --srclabel /out/sourcedata/freesurfer/fsaverage/label/lh.BA44_exvivo.thresh.label --trgsubject sub-v2s7x29668_ses-1 --trglabel ./lh.BA44_exvivo.thresh.label --hemi lh --regmethod surface 


srclabel = /out/sourcedata/freesurfer/fsaverage/label/lh.BA44_exvivo.thresh.label
srcsubject = fsaverage
trgsubject = sub-v2s7x29668_ses-1
trglabel = ./lh.BA44_exvivo.thresh.label
regmethod = surface

srchemi = lh
trghemi = lh
trgsurface = white
srcsurfreg = sphere.reg
trgsurfreg = sphere.reg
usehash = 1
Use ProjAbs  = 0, 0
Use ProjFrac = 0, 0
DoPaint 0

SUBJECTS_DIR    /out/sourcedata/freesurfer
FREESURFER_HOME /opt/freesurfer
Loading source label.
Found 1912 points in source label.
Starting surface-based mapping
Reading source registration 
 /out/sourcedata/freesurfer/fsaverage/surf/lh.sphere.reg
Rescaling ...  original radius = 100
Reading target surface 
 /out/sourcedata/freesurfer/sub-v2s7x29668_ses-1/surf/lh.white
Reading target registration 
 /out/sourcedata/freesurfer/sub-v2s7x29668_ses-1/surf/lh.sphere.reg
Rescaling ...  original radius = 100
Building target registration hash (res=16).
Building source registration hash (res=16).
INFO: found  1912 nlabel points
Performing mapping from target back to the source label 116676
Number of reverse mapping hits = 14
Checking for and removing duplicates
Writing label file ./lh.BA44_exvivo.thresh.label 1926
mri_label2label: Done


 mri_label2label --srcsubject fsaverage --srclabel /out/sourcedata/freesurfer/fsaverage/label/lh.BA45_exvivo.thresh.label --trgsubject sub-v2s7x29668_ses-1 --trglabel ./lh.BA45_exvivo.thresh.label --hemi lh --regmethod surface 


srclabel = /out/sourcedata/freesurfer/fsaverage/label/lh.BA45_exvivo.thresh.label
srcsubject = fsaverage
trgsubject = sub-v2s7x29668_ses-1
trglabel = ./lh.BA45_exvivo.thresh.label
regmethod = surface

srchemi = lh
trghemi = lh
trgsurface = white
srcsurfreg = sphere.reg
trgsurfreg = sphere.reg
usehash = 1
Use ProjAbs  = 0, 0
Use ProjFrac = 0, 0
DoPaint 0

SUBJECTS_DIR    /out/sourcedata/freesurfer
FREESURFER_HOME /opt/freesurfer
Loading source label.
Found 1151 points in source label.
Starting surface-based mapping
Reading source registration 
 /out/sourcedata/freesurfer/fsaverage/surf/lh.sphere.reg
Rescaling ...  original radius = 100
Reading target surface 
 /out/sourcedata/freesurfer/sub-v2s7x29668_ses-1/surf/lh.white
Reading target registration 
 /out/sourcedata/freesurfer/sub-v2s7x29668_ses-1/surf/lh.sphere.reg
Rescaling ...  original radius = 100
Building target registration hash (res=16).
Building source registration hash (res=16).
INFO: found  1151 nlabel points
Performing mapping from target back to the source label 116676
Number of reverse mapping hits = 18
Checking for and removing duplicates
Writing label file ./lh.BA45_exvivo.thresh.label 1169
mri_label2label: Done


 mri_label2label --srcsubject fsaverage --srclabel /out/sourcedata/freesurfer/fsaverage/label/lh.V1_exvivo.thresh.label --trgsubject sub-v2s7x29668_ses-1 --trglabel ./lh.V1_exvivo.thresh.label --hemi lh --regmethod surface 


srclabel = /out/sourcedata/freesurfer/fsaverage/label/lh.V1_exvivo.thresh.label
srcsubject = fsaverage
trgsubject = sub-v2s7x29668_ses-1
trglabel = ./lh.V1_exvivo.thresh.label
regmethod = surface

srchemi = lh
trghemi = lh
trgsurface = white
srcsurfreg = sphere.reg
trgsurfreg = sphere.reg
usehash = 1
Use ProjAbs  = 0, 0
Use ProjFrac = 0, 0
DoPaint 0

SUBJECTS_DIR    /out/sourcedata/freesurfer
FREESURFER_HOME /opt/freesurfer
Loading source label.
Found 3405 points in source label.
Starting surface-based mapping
Reading source registration 
 /out/sourcedata/freesurfer/fsaverage/surf/lh.sphere.reg
Rescaling ...  original radius = 100
Reading target surface 
 /out/sourcedata/freesurfer/sub-v2s7x29668_ses-1/surf/lh.white
Reading target registration 
 /out/sourcedata/freesurfer/sub-v2s7x29668_ses-1/surf/lh.sphere.reg
Rescaling ...  original radius = 100
Building target registration hash (res=16).
Building source registration hash (res=16).
INFO: found  3405 nlabel points
Performing mapping from target back to the source label 116676
Number of reverse mapping hits = 446
Checking for and removing duplicates
Writing label file ./lh.V1_exvivo.thresh.label 3851
mri_label2label: Done


 mri_label2label --srcsubject fsaverage --srclabel /out/sourcedata/freesurfer/fsaverage/label/lh.V2_exvivo.thresh.label --trgsubject sub-v2s7x29668_ses-1 --trglabel ./lh.V2_exvivo.thresh.label --hemi lh --regmethod surface 


srclabel = /out/sourcedata/freesurfer/fsaverage/label/lh.V2_exvivo.thresh.label
srcsubject = fsaverage
trgsubject = sub-v2s7x29668_ses-1
trglabel = ./lh.V2_exvivo.thresh.label
regmethod = surface

srchemi = lh
trghemi = lh
trgsurface = white
srcsurfreg = sphere.reg
trgsurfreg = sphere.reg
usehash = 1
Use ProjAbs  = 0, 0
Use ProjFrac = 0, 0
DoPaint 0

SUBJECTS_DIR    /out/sourcedata/freesurfer
FREESURFER_HOME /opt/freesurfer
Loading source label.
Found 3334 points in source label.
Starting surface-based mapping
Reading source registration 
 /out/sourcedata/freesurfer/fsaverage/surf/lh.sphere.reg
Rescaling ...  original radius = 100
Reading target surface 
 /out/sourcedata/freesurfer/sub-v2s7x29668_ses-1/surf/lh.white
Reading target registration 
 /out/sourcedata/freesurfer/sub-v2s7x29668_ses-1/surf/lh.sphere.reg
Rescaling ...  original radius = 100
Building target registration hash (res=16).
Building source registration hash (res=16).
INFO: found  3334 nlabel points
Performing mapping from target back to the source label 116676
Number of reverse mapping hits = 699
Checking for and removing duplicates
Writing label file ./lh.V2_exvivo.thresh.label 4033
mri_label2label: Done


 mri_label2label --srcsubject fsaverage --srclabel /out/sourcedata/freesurfer/fsaverage/label/lh.MT_exvivo.thresh.label --trgsubject sub-v2s7x29668_ses-1 --trglabel ./lh.MT_exvivo.thresh.label --hemi lh --regmethod surface 


srclabel = /out/sourcedata/freesurfer/fsaverage/label/lh.MT_exvivo.thresh.label
srcsubject = fsaverage
trgsubject = sub-v2s7x29668_ses-1
trglabel = ./lh.MT_exvivo.thresh.label
regmethod = surface

srchemi = lh
trghemi = lh
trgsurface = white
srcsurfreg = sphere.reg
trgsurfreg = sphere.reg
usehash = 1
Use ProjAbs  = 0, 0
Use ProjFrac = 0, 0
DoPaint 0

SUBJECTS_DIR    /out/sourcedata/freesurfer
FREESURFER_HOME /opt/freesurfer
Loading source label.
Found 513 points in source label.
Starting surface-based mapping
Reading source registration 
 /out/sourcedata/freesurfer/fsaverage/surf/lh.sphere.reg
Rescaling ...  original radius = 100
Reading target surface 
 /out/sourcedata/freesurfer/sub-v2s7x29668_ses-1/surf/lh.white
Reading target registration 
 /out/sourcedata/freesurfer/sub-v2s7x29668_ses-1/surf/lh.sphere.reg
Rescaling ...  original radius = 100
Building target registration hash (res=16).
Building source registration hash (res=16).
INFO: found  513 nlabel points
Performing mapping from target back to the source label 116676
Number of reverse mapping hits = 56
Checking for and removing duplicates
Writing label file ./lh.MT_exvivo.thresh.label 569
mri_label2label: Done


 mri_label2label --srcsubject fsaverage --srclabel /out/sourcedata/freesurfer/fsaverage/label/lh.entorhinal_exvivo.thresh.label --trgsubject sub-v2s7x29668_ses-1 --trglabel ./lh.entorhinal_exvivo.thresh.label --hemi lh --regmethod surface 


srclabel = /out/sourcedata/freesurfer/fsaverage/label/lh.entorhinal_exvivo.thresh.label
srcsubject = fsaverage
trgsubject = sub-v2s7x29668_ses-1
trglabel = ./lh.entorhinal_exvivo.thresh.label
regmethod = surface

srchemi = lh
trghemi = lh
trgsurface = white
srcsurfreg = sphere.reg
trgsurfreg = sphere.reg
usehash = 1
Use ProjAbs  = 0, 0
Use ProjFrac = 0, 0
DoPaint 0

SUBJECTS_DIR    /out/sourcedata/freesurfer
FREESURFER_HOME /opt/freesurfer
Loading source label.
Found 470 points in source label.
Starting surface-based mapping
Reading source registration 
 /out/sourcedata/freesurfer/fsaverage/surf/lh.sphere.reg
Rescaling ...  original radius = 100
Reading target surface 
 /out/sourcedata/freesurfer/sub-v2s7x29668_ses-1/surf/lh.white
Reading target registration 
 /out/sourcedata/freesurfer/sub-v2s7x29668_ses-1/surf/lh.sphere.reg
Rescaling ...  original radius = 100
Building target registration hash (res=16).
Building source registration hash (res=16).
INFO: found  470 nlabel points
Performing mapping from target back to the source label 116676
Number of reverse mapping hits = 13
Checking for and removing duplicates
Writing label file ./lh.entorhinal_exvivo.thresh.label 483
mri_label2label: Done


 mri_label2label --srcsubject fsaverage --srclabel /out/sourcedata/freesurfer/fsaverage/label/lh.perirhinal_exvivo.thresh.label --trgsubject sub-v2s7x29668_ses-1 --trglabel ./lh.perirhinal_exvivo.thresh.label --hemi lh --regmethod surface 


srclabel = /out/sourcedata/freesurfer/fsaverage/label/lh.perirhinal_exvivo.thresh.label
srcsubject = fsaverage
trgsubject = sub-v2s7x29668_ses-1
trglabel = ./lh.perirhinal_exvivo.thresh.label
regmethod = surface

srchemi = lh
trghemi = lh
trgsurface = white
srcsurfreg = sphere.reg
trgsurfreg = sphere.reg
usehash = 1
Use ProjAbs  = 0, 0
Use ProjFrac = 0, 0
DoPaint 0

SUBJECTS_DIR    /out/sourcedata/freesurfer
FREESURFER_HOME /opt/freesurfer
Loading source label.
Found 450 points in source label.
Starting surface-based mapping
Reading source registration 
 /out/sourcedata/freesurfer/fsaverage/surf/lh.sphere.reg
Rescaling ...  original radius = 100
Reading target surface 
 /out/sourcedata/freesurfer/sub-v2s7x29668_ses-1/surf/lh.white
Reading target registration 
 /out/sourcedata/freesurfer/sub-v2s7x29668_ses-1/surf/lh.sphere.reg
Rescaling ...  original radius = 100
Building target registration hash (res=16).
Building source registration hash (res=16).
INFO: found  450 nlabel points
Performing mapping from target back to the source label 116676
Number of reverse mapping hits = 12
Checking for and removing duplicates
Writing label file ./lh.perirhinal_exvivo.thresh.label 462
mri_label2label: Done


 mris_label2annot --s sub-v2s7x29668_ses-1 --hemi lh --ctab /opt/freesurfer/average/colortable_BA.txt --l lh.BA1_exvivo.label --l lh.BA2_exvivo.label --l lh.BA3a_exvivo.label --l lh.BA3b_exvivo.label --l lh.BA4a_exvivo.label --l lh.BA4p_exvivo.label --l lh.BA6_exvivo.label --l lh.BA44_exvivo.label --l lh.BA45_exvivo.label --l lh.V1_exvivo.label --l lh.V2_exvivo.label --l lh.MT_exvivo.label --l lh.perirhinal_exvivo.label --l lh.entorhinal_exvivo.label --a BA_exvivo --maxstatwinner --noverbose 

Reading ctab /opt/freesurfer/average/colortable_BA.txt
Number of ctab entries 15

7.3.2
cwd /out/sourcedata/freesurfer/sub-v2s7x29668_ses-1/label
cmdline mris_label2annot --s sub-v2s7x29668_ses-1 --hemi lh --ctab /opt/freesurfer/average/colortable_BA.txt --l lh.BA1_exvivo.label --l lh.BA2_exvivo.label --l lh.BA3a_exvivo.label --l lh.BA3b_exvivo.label --l lh.BA4a_exvivo.label --l lh.BA4p_exvivo.label --l lh.BA6_exvivo.label --l lh.BA44_exvivo.label --l lh.BA45_exvivo.label --l lh.V1_exvivo.label --l lh.V2_exvivo.label --l lh.MT_exvivo.label --l lh.perirhinal_exvivo.label --l lh.entorhinal_exvivo.label --a BA_exvivo --maxstatwinner --noverbose 
sysname  Linux
hostname dna082
machine  x86_64
user     oesteban

subject sub-v2s7x29668_ses-1
hemi    lh
SUBJECTS_DIR /out/sourcedata/freesurfer
ColorTable /opt/freesurfer/average/colortable_BA.txt
AnnotName  BA_exvivo
nlables 14
LabelThresh 0 0.000000
Loading /out/sourcedata/freesurfer/sub-v2s7x29668_ses-1/surf/lh.orig
 1 1530880 BA1_exvivo
 2 16749699 BA2_exvivo
 3 16711680 BA3a_exvivo
 4 3368703 BA3b_exvivo
 5 1376196 BA4a_exvivo
 6 13382655 BA4p_exvivo
 7 10036737 BA6_exvivo
 8 2490521 BA44_exvivo
 9 39283 BA45_exvivo
10 3993 V1_exvivo
11 8508928 V2_exvivo
12 10027163 MT_exvivo
13 16422433 perirhinal_exvivo
14 16392598 entorhinal_exvivo
Mapping unhit to unknown
Found 81368 unhit vertices
Writing annot to /out/sourcedata/freesurfer/sub-v2s7x29668_ses-1/label/lh.BA_exvivo.annot

 mris_label2annot --s sub-v2s7x29668_ses-1 --hemi lh --ctab /opt/freesurfer/average/colortable_BA.txt --l lh.BA1_exvivo.thresh.label --l lh.BA2_exvivo.thresh.label --l lh.BA3a_exvivo.thresh.label --l lh.BA3b_exvivo.thresh.label --l lh.BA4a_exvivo.thresh.label --l lh.BA4p_exvivo.thresh.label --l lh.BA6_exvivo.thresh.label --l lh.BA44_exvivo.thresh.label --l lh.BA45_exvivo.thresh.label --l lh.V1_exvivo.thresh.label --l lh.V2_exvivo.thresh.label --l lh.MT_exvivo.thresh.label --l lh.perirhinal_exvivo.thresh.label --l lh.entorhinal_exvivo.thresh.label --a BA_exvivo.thresh --maxstatwinner --noverbose 

Reading ctab /opt/freesurfer/average/colortable_BA.txt
Number of ctab entries 15

7.3.2
cwd /out/sourcedata/freesurfer/sub-v2s7x29668_ses-1/label
cmdline mris_label2annot --s sub-v2s7x29668_ses-1 --hemi lh --ctab /opt/freesurfer/average/colortable_BA.txt --l lh.BA1_exvivo.thresh.label --l lh.BA2_exvivo.thresh.label --l lh.BA3a_exvivo.thresh.label --l lh.BA3b_exvivo.thresh.label --l lh.BA4a_exvivo.thresh.label --l lh.BA4p_exvivo.thresh.label --l lh.BA6_exvivo.thresh.label --l lh.BA44_exvivo.thresh.label --l lh.BA45_exvivo.thresh.label --l lh.V1_exvivo.thresh.label --l lh.V2_exvivo.thresh.label --l lh.MT_exvivo.thresh.label --l lh.perirhinal_exvivo.thresh.label --l lh.entorhinal_exvivo.thresh.label --a BA_exvivo.thresh --maxstatwinner --noverbose 
sysname  Linux
hostname dna082
machine  x86_64
user     oesteban

subject sub-v2s7x29668_ses-1
hemi    lh
SUBJECTS_DIR /out/sourcedata/freesurfer
ColorTable /opt/freesurfer/average/colortable_BA.txt
AnnotName  BA_exvivo.thresh
nlables 14
LabelThresh 0 0.000000
Loading /out/sourcedata/freesurfer/sub-v2s7x29668_ses-1/surf/lh.orig
 1 1530880 BA1_exvivo
 2 16749699 BA2_exvivo
 3 16711680 BA3a_exvivo
 4 3368703 BA3b_exvivo
 5 1376196 BA4a_exvivo
 6 13382655 BA4p_exvivo
 7 10036737 BA6_exvivo
 8 2490521 BA44_exvivo
 9 39283 BA45_exvivo
10 3993 V1_exvivo
11 8508928 V2_exvivo
12 10027163 MT_exvivo
13 16422433 perirhinal_exvivo
14 16392598 entorhinal_exvivo
Mapping unhit to unknown
Found 95515 unhit vertices
Writing annot to /out/sourcedata/freesurfer/sub-v2s7x29668_ses-1/label/lh.BA_exvivo.thresh.annot

 mris_anatomical_stats -th3 -mgz -noglobal -f ../stats/lh.BA_exvivo.stats -b -a ./lh.BA_exvivo.annot -c ./BA_exvivo.ctab sub-v2s7x29668_ses-1 lh white 

computing statistics for each annotation in ./lh.BA_exvivo.annot.
reading volume /out/sourcedata/freesurfer/sub-v2s7x29668_ses-1/mri/wm.mgz...
reading input surface /out/sourcedata/freesurfer/sub-v2s7x29668_ses-1/surf/lh.white...
reading input pial surface /out/sourcedata/freesurfer/sub-v2s7x29668_ses-1/surf/lh.pial...
reading input white surface /out/sourcedata/freesurfer/sub-v2s7x29668_ses-1/surf/lh.white...
INFO: using TH3 volume calc
INFO: assuming MGZ format for volumes.
INFO: not computing global stats
Using TH3 vertex volume calc
Total face volume 191103
Total vertex volume 190872 (mask=0)
Saving annotation colortable ./BA_exvivo.ctab

table columns are:
    number of vertices
    total surface area (mm^2)
    total gray matter volume (mm^3)
    average cortical thickness +- standard deviation (mm)
    integrated rectified mean curvature
    integrated rectified Gaussian curvature
    folding index
    intrinsic curvature index
    structure name

  979    672   1499  1.847 0.518     0.145     0.026       14     1.2  BA1_exvivo
 3397   2332   4291  1.903 0.483     0.115     0.019       28     2.8  BA2_exvivo
  926    592    764  1.669 0.383     0.139     0.027       10     0.9  BA3a_exvivo
 1876   1343   2596  1.752 0.666     0.104     0.019       13     1.8  BA3b_exvivo
 1528    929   2170  2.134 0.589     0.095     0.015        9     1.0  BA4a_exvivo
 1122    724   1323  1.951 0.619     0.106     0.021        8     0.9  BA4p_exvivo
 8223   5672  14565  2.447 0.593     0.118     0.020       72     7.4  BA6_exvivo
 1956   1495   3671  2.300 0.483     0.131     0.022       22     2.0  BA44_exvivo
 2121   1647   3889  2.165 0.500     0.144     0.031       28     2.9  BA45_exvivo
 3136   2186   3237  1.515 0.476     0.146     0.031       42     4.3  V1_exvivo
 7056   5230   9941  1.838 0.490     0.155     0.033       96    10.5  V2_exvivo
 1849   1317   2907  2.322 0.440     0.130     0.027       17     2.1  MT_exvivo
  605    415   1232  2.813 0.693     0.120     0.018        6     0.5  perirhinal_exvivo
  534    338   1490  2.897 1.054     0.091     0.017        4     0.3  entorhinal_exvivo

 mris_anatomical_stats -th3 -mgz -f ../stats/lh.BA_exvivo.thresh.stats -noglobal -b -a ./lh.BA_exvivo.thresh.annot -c ./BA_exvivo.thresh.ctab sub-v2s7x29668_ses-1 lh white 

computing statistics for each annotation in ./lh.BA_exvivo.thresh.annot.
reading volume /out/sourcedata/freesurfer/sub-v2s7x29668_ses-1/mri/wm.mgz...
reading input surface /out/sourcedata/freesurfer/sub-v2s7x29668_ses-1/surf/lh.white...
reading input pial surface /out/sourcedata/freesurfer/sub-v2s7x29668_ses-1/surf/lh.pial...
reading input white surface /out/sourcedata/freesurfer/sub-v2s7x29668_ses-1/surf/lh.white...
INFO: using TH3 volume calc
INFO: assuming MGZ format for volumes.
INFO: not computing global stats
Using TH3 vertex volume calc
Total face volume 191103
Total vertex volume 190872 (mask=0)
Saving annotation colortable ./BA_exvivo.thresh.ctab

table columns are:
    number of vertices
    total surface area (mm^2)
    total gray matter volume (mm^3)
    average cortical thickness +- standard deviation (mm)
    integrated rectified mean curvature
    integrated rectified Gaussian curvature
    folding index
    intrinsic curvature index
    structure name

  646    445   1004  1.894 0.458     0.148     0.028       10     0.9  BA1_exvivo
 1450    966   1699  1.702 0.342     0.101     0.013       10     0.9  BA2_exvivo
  775    491    591  1.636 0.347     0.141     0.027        9     0.8  BA3a_exvivo
 1199    804   1116  1.377 0.310     0.078     0.012        4     0.6  BA3b_exvivo
 1489    890   2051  2.161 0.603     0.094     0.016        9     0.9  BA4a_exvivo
  905    593    980  1.812 0.523     0.105     0.020        6     0.7  BA4p_exvivo
 4714   3204   8092  2.356 0.572     0.117     0.019       40     4.1  BA6_exvivo
 1203    958   2322  2.291 0.465     0.148     0.026       17     1.4  BA44_exvivo
  807    640   1654  2.263 0.466     0.157     0.033       11     1.2  BA45_exvivo
 3323   2331   3554  1.528 0.478     0.143     0.030       43     4.4  V1_exvivo
 3590   2643   4869  1.781 0.492     0.163     0.037       54     6.2  V2_exvivo
  489    340    855  2.362 0.374     0.137     0.023        5     0.6  MT_exvivo
  250    165    432  2.742 0.668     0.117     0.018        3     0.2  perirhinal_exvivo
  321    218    831  2.850 0.704     0.080     0.012        1     0.1  entorhinal_exvivo

Started at Sat Mar 14 00:07:34 CET 2026 
Ended   at Sat Mar 14 00:09:39 CET 2026
#@#%# recon-all-run-time-hours 0.035
recon-all -s sub-v2s7x29668_ses-1 finished without error at Sat Mar 14 00:09:39 CET 2026
