#!ascii label  , from subject sub-v2s7x29656_ses-1 vox2ras=TkReg
5476
85063  33.508  44.880  -7.265 0.2000000030
114644  32.291  43.974  -6.587 0.3000000119
85045  32.972  44.506  -6.973 0.2000000030
85044  33.754  44.264  -7.015 0.2000000030
83473  32.847  43.183  -6.308 0.2000000030
84244  33.611  43.225  -6.321 0.3000000119
84261  34.086  43.631  -6.589 0.3000000119
83466  33.502  42.645  -5.912 0.3000000119
82773  34.206  42.245  -5.406 0.3000000119
84243  34.410  42.961  -5.994 0.4000000060
84260  34.940  43.559  -6.435 0.2000000030
82173  33.979  40.818  -4.258 0.4000000060
104557  34.052  41.512  -4.885 0.3000000119
83454  34.837  41.910  -4.842 0.4000000060
83465  35.063  42.556  -5.306 0.3000000119
113643  34.677  39.989  -3.411 0.5000000000
82756  34.689  40.585  -3.769 0.5000000000
82763  34.726  41.271  -4.300 0.5000000000
118957  35.322  41.690  -4.335 0.5000000000
83453  35.570  42.244  -4.684 0.4000000060
80929  34.648  38.546  -3.399 0.4000000060
81547  35.044  39.062  -3.205 0.5000000000
104702  35.153  39.639  -3.218 0.5000000000
82755  35.501  41.137  -3.756 0.5000000000
82762  35.974  41.853  -4.094 0.5000000000
80356  35.891  37.696  -3.574 0.4000000060
80928  35.531  38.511  -3.316 0.4000000060
81538  35.672  39.241  -3.099 0.5000000000
82163  35.351  40.325  -3.351 0.5000000000
83452  36.323  42.512  -4.459 0.4000000060
79202  36.374  35.950  -3.896 0.4000000060
80927  36.417  38.216  -3.242 0.4000000060
80919  36.158  38.840  -3.094 0.5000000000
82152  35.890  39.904  -3.001 0.5000000000
82162  36.250  40.717  -3.151 0.5000000000
105841  36.292  41.440  -3.579 0.5000000000
79184  38.134  35.075  -2.760 0.5000000000
105886  37.086  36.503  -3.489 0.4000000060
80918  36.863  38.753  -2.906 0.5000000000
82151  36.702  40.049  -2.705 0.5000000000
82754  36.951  41.392  -3.207 0.5000000000
107888  34.488  32.101  -7.555 0.8000000119
77378  36.733  32.361  -6.072 0.8999999762
77374  37.826  32.395  -4.886 0.8000000119
77361  38.547  32.718  -3.250 0.6000000238
79811  38.178  36.034  -2.908 0.5000000000
80926  37.324  37.966  -3.013 0.5000000000
83443  36.814  42.082  -3.781 0.4000000060
77379  35.935  32.049  -6.494 0.8999999762
77992  37.400  32.735  -5.666 0.8000000119
77984  38.696  32.976  -3.746 0.8000000119
78557  39.184  34.026  -2.893 0.6999999881
80346  38.315  37.648  -2.588 0.5000000000
80917  37.769  38.587  -2.571 0.5000000000
82150  37.575  40.059  -2.415 0.5000000000
82745  37.188  40.735  -2.747 0.5000000000
76750  33.832  31.117  -9.866 0.6999999881
76747  33.974  31.977  -8.146 0.8000000119
78565  39.093  33.786  -3.635 0.6999999881
79182  39.476  35.373  -2.746 0.6000000238
79801  38.782  36.670  -2.580 0.5000000000
80916  38.867  38.343  -2.065 0.5000000000
77384  33.929  32.473  -8.857 0.8000000119
77382  35.226  32.626  -7.298 0.8999999762
77996  36.938  33.124  -6.373 0.8999999762
77990  38.553  33.398  -4.548 0.8000000119
78556  39.493  34.493  -3.197 0.6999999881
79800  39.671  36.332  -2.537 0.5000000000
81535  38.119  39.308  -2.256 0.5000000000
82149  38.406  40.041  -2.065 0.5000000000
76751  33.761  31.958  -9.678 0.6999999881
78000  35.860  33.363  -7.473 0.8999999762
102364  36.520  33.421  -6.979 0.8999999762
77995  37.605  33.610  -5.984 0.8000000119
79201  39.321  34.493  -4.009 0.8999999762
79192  39.751  35.153  -2.979 0.5000000000
81528  38.959  39.294  -1.802 0.5000000000
76758  33.943  31.528  -10.574 0.6999999881
117497  35.050  33.339  -8.073 0.8999999762
106093  38.129  34.367  -5.833 0.8000000119
79200  39.579  35.108  -3.770 0.5000000000
80915  39.941  37.792  -1.722 0.5000000000
74246  39.250  27.387  -13.080 0.6000000238
74923  37.857  28.756  -13.280 0.6999999881
75550  35.953  29.931  -12.114 0.6999999881
76164  34.690  31.220  -12.039 0.6999999881
77394  33.958  32.609  -10.714 0.6999999881
78002  35.132  33.795  -8.849 0.8999999762
78585  35.813  33.848  -8.200 0.8999999762
111097  37.653  34.408  -6.699 0.8999999762
78574  38.737  34.249  -4.847 0.8999999762
80354  40.051  36.520  -2.525 0.5000000000
80911  39.584  38.608  -1.605 0.5000000000
74911  38.318  28.249  -12.936 0.6999999881
75548  37.301  29.160  -12.861 0.6999999881
76163  35.404  30.625  -12.487 0.6999999881
76762  34.161  31.896  -11.463 0.6999999881
77386  33.984  32.973  -9.695 0.8000000119
77999  36.491  33.872  -7.576 0.8999999762
118242  38.595  34.943  -5.599 0.8999999762
79826  39.856  35.899  -3.510 0.6000000238
80344  40.127  37.057  -2.123 0.5000000000
74247  38.791  27.833  -13.569 0.6999999881
75561  37.495  29.338  -13.660 0.6999999881
75549  36.672  29.546  -12.472 0.6999999881
77399  34.227  32.788  -11.739 0.6999999881
78006  34.585  33.675  -9.595 0.8999999762
78580  37.171  34.345  -7.545 0.8999999762
74922  38.302  28.407  -13.656 0.6999999881
75562  36.861  29.752  -13.254 0.6999999881
76170  35.598  30.833  -13.286 0.6999999881
78014  34.303  33.586  -10.499 0.8000000119
78608  34.845  34.060  -10.155 0.8999999762
103183  35.916  34.219  -8.907 0.8000000119
79836  38.967  35.720  -5.817 0.8000000119
109497  39.739  36.456  -4.585 0.6000000238
74934  38.534  28.328  -14.442 0.6999999881
74935  38.030  28.897  -14.065 0.6999999881
76169  36.373  30.378  -13.661 0.6999999881
76770  35.129  31.579  -13.677 0.6999999881
76766  34.430  32.135  -12.360 0.6999999881
78623  34.561  33.920  -11.283 0.8000000119
78591  36.131  34.447  -9.613 0.8000000119
105121  36.705  34.480  -8.978 0.8000000119
78583  37.353  34.583  -8.355 0.8999999762
119607  37.993  34.864  -7.640 0.8999999762
75573  37.728  29.537  -14.454 0.6999999881
75574  37.103  29.989  -14.037 0.6999999881
76771  34.678  32.246  -13.226 0.6999999881
77404  34.508  33.056  -12.710 0.6000000238
78607  35.556  34.382  -10.381 0.8000000119
76175  37.330  30.184  -14.837 0.6999999881
76176  36.580  30.570  -14.466 0.6999999881
77409  34.781  32.947  -13.647 0.6000000238
78636  34.865  34.073  -11.879 0.8000000119
78622  35.332  34.354  -11.329 0.8000000119
105934  36.126  34.544  -10.949 0.8000000119
78606  36.534  34.557  -10.272 0.8000000119
75586  37.999  29.761  -15.243 0.6999999881
76183  36.802  30.776  -15.263 0.6000000238
76776  35.301  31.829  -14.508 0.6000000238
77408  34.914  32.274  -13.936 0.6000000238
114940  34.840  33.894  -12.562 0.6000000238
78635  35.457  34.353  -12.238 0.8000000119
78621  36.335  34.548  -11.764 0.8000000119
76775  35.988  31.194  -14.910 0.6000000238
118433  35.297  32.316  -14.922 0.6000000238
78028  34.886  33.668  -13.339 0.6999999881
78021  35.438  34.282  -13.139 0.8000000119
76781  36.163  31.391  -15.713 0.6000000238
76782  35.545  31.913  -15.280 0.6000000238
77417  35.383  32.783  -15.366 0.6000000238
76789  35.692  32.190  -16.049 0.6000000238
86530  33.003  46.160  -7.268 0.2000000030
85793  33.778  45.602  -7.526 0.2000000030
85043  34.584  44.104  -7.014 0.2000000030
84242  35.382  43.116  -5.799 0.2000000030
83464  35.872  42.841  -5.109 0.3000000119
76744  34.225  31.300  -7.525 0.8000000119
82753  37.472  41.943  -3.280 0.4000000060
76135  33.728  31.157  -9.142 0.6999999881
82744  37.748  41.420  -2.802 0.5000000000
76146  34.909  30.095  -10.990 0.6999999881
105927  38.035  40.733  -2.379 0.5000000000
74899  38.279  28.071  -12.116 0.6000000238
75537  36.476  29.330  -11.741 0.6999999881
73419  39.804  26.943  -13.117 0.5000000000
74912  37.761  28.602  -12.491 0.6999999881
76155  34.462  30.932  -11.224 0.6999999881
75538  35.705  29.680  -11.408 0.6999999881
81527  39.765  39.291  -1.389 0.5000000000
74257  39.373  27.214  -13.821 0.6999999881
80910  40.359  38.474  -1.425 0.6000000238
73431  39.972  26.675  -14.001 0.6999999881
79809  40.229  36.436  -2.887 0.5000000000
80353  40.382  37.076  -2.380 0.5000000000
114532  39.524  26.997  -14.679 0.6999999881
74258  39.016  27.616  -14.480 0.6999999881
79849  38.958  35.796  -6.910 0.8999999762
75572  38.251  29.069  -14.880 0.6999999881
78590  37.516  34.653  -9.187 0.8000000119
75585  38.463  29.268  -15.713 0.6999999881
75595  38.251  29.968  -16.047 0.6000000238
76182  37.580  30.398  -15.628 0.6999999881
78027  35.230  34.066  -13.755 0.6999999881
78633  36.959  34.537  -12.377 0.8000000119
76189  37.800  30.589  -16.438 0.6000000238
76788  36.353  31.619  -16.519 0.6000000238
105889  35.476  34.116  -14.334 0.6999999881
78649  36.177  34.531  -13.517 0.8000000119
78037  35.575  33.602  -15.579 0.6999999881
77424  35.663  33.154  -16.209 0.6999999881
77423  35.964  32.504  -16.846 0.6999999881
87304  33.153  46.976  -7.155 0.2000000030
108058  33.889  47.365  -7.429 0.2000000030
86529  33.751  46.588  -7.580 0.2000000030
85062  34.222  44.776  -7.377 0.2000000030
85061  35.040  44.633  -7.438 0.2000000030
107381  35.693  43.557  -6.295 0.2000000030
83463  36.641  43.089  -4.922 0.3000000119
108406  37.081  42.820  -4.260 0.3000000119
82743  38.644  41.419  -2.302 0.5000000000
73417  41.432  26.312  -13.539 0.6000000238
73418  40.547  26.542  -13.275 0.5000000000
82139  39.157  40.070  -1.652 0.5000000000
111050  38.709  40.645  -2.015 0.5000000000
113189  43.040  26.465  -14.252 0.6000000238
73428  42.538  26.322  -14.755 0.6000000238
73429  41.674  26.194  -14.456 0.6000000238
73430  40.754  26.326  -14.213 0.6000000238
79840  39.441  36.386  -6.447 0.6999999881
80378  39.930  37.081  -5.117 0.6999999881
108733  40.155  26.445  -14.934 0.6000000238
74267  39.227  27.480  -15.268 0.6999999881
74268  38.857  28.003  -15.068 0.6999999881
79216  39.246  35.633  -7.772 0.8999999762
79217  38.630  35.344  -7.452 0.8999999762
78589  38.391  34.676  -9.505 0.8999999762
78582  38.186  34.847  -8.660 0.8999999762
73444  39.713  26.875  -15.548 0.6000000238
74948  38.647  28.578  -15.352 0.6999999881
109277  37.581  34.587  -10.122 0.8000000119
74947  39.045  28.068  -15.749 0.6000000238
78620  37.451  34.509  -11.746 0.8000000119
78605  37.008  34.547  -10.976 0.8000000119
74957  38.875  28.723  -16.183 0.6999999881
75593  39.225  28.853  -17.112 0.5000000000
75594  38.727  29.441  -16.555 0.6000000238
78662  35.845  34.228  -15.164 0.6999999881
103792  36.065  34.494  -14.303 0.6999999881
74964  39.599  28.036  -17.369 0.5000000000
75601  39.003  29.668  -17.401 0.5000000000
76188  38.476  30.146  -16.879 0.5000000000
76198  37.998  30.771  -17.272 0.5000000000
76787  37.201  31.178  -16.883 0.6000000238
78043  35.902  34.076  -16.239 0.6999999881
75600  39.399  29.221  -18.004 0.5000000000
76794  37.380  31.371  -17.729 0.6000000238
76795  36.571  31.854  -17.335 0.6000000238
77430  36.250  32.759  -17.666 0.6000000238
75607  39.261  29.924  -18.261 0.5000000000
76205  38.199  30.968  -18.138 0.5000000000
76802  36.794  32.088  -18.175 0.6000000238
76204  38.945  30.569  -18.607 0.5000000000
76800  38.416  31.191  -19.072 0.5000000000
76801  37.556  31.591  -18.624 0.5000000000
116743  33.757  47.980  -6.557 0.2000000030
88067  34.343  48.260  -6.481 0.2000000030
86528  34.444  47.009  -7.924 0.2000000030
85792  34.459  46.182  -7.923 0.2000000030
85791  34.720  45.364  -7.748 0.2000000030
85042  35.501  44.047  -6.989 0.2000000030
122647  35.613  44.548  -7.459 0.2000000030
112990  36.390  43.825  -6.582 0.2000000030
84241  36.264  43.352  -5.727 0.2000000030
120791  36.757  43.611  -6.040 0.3000000119
84259  37.268  43.763  -6.407 0.3000000119
84226  37.834  43.443  -5.107 0.3000000119
83462  37.294  43.230  -4.766 0.3000000119
83442  37.607  42.562  -3.635 0.4000000060
83451  37.872  43.173  -4.208 0.3000000119
102482  38.267  42.856  -3.515 0.3000000119
83441  38.236  42.226  -2.979 0.5000000000
107604  39.015  42.858  -3.043 0.4000000060
83431  39.018  42.186  -2.488 0.4000000060
82742  39.510  41.699  -1.907 0.4000000060
82148  39.325  40.865  -1.688 0.5000000000
119065  43.728  26.731  -14.347 0.5000000000
81525  41.460  39.375  -0.910 0.6000000238
82137  40.810  40.188  -0.860 0.6000000238
82138  39.952  40.125  -1.247 0.6000000238
74256  44.864  27.505  -16.064 0.5000000000
105495  43.315  26.592  -15.062 0.6000000238
81534  41.824  38.893  -1.226 0.6000000238
80909  41.130  38.603  -1.313 0.6000000238
73439  45.376  27.286  -17.594 0.5000000000
104194  44.063  26.975  -15.438 0.5000000000
80944  41.447  38.425  -2.793 0.6000000238
80925  40.907  37.705  -2.413 0.6000000238
80369  40.548  37.235  -3.204 0.5000000000
73440  44.424  26.983  -16.837 0.6000000238
103150  40.981  26.017  -15.164 0.6999999881
80945  40.938  38.081  -3.641 0.6000000238
80377  40.511  37.679  -4.593 0.5000000000
79825  40.128  36.811  -3.941 0.5000000000
73443  41.977  26.088  -15.396 0.6000000238
80387  39.865  37.010  -6.068 0.5000000000
79848  39.659  36.197  -7.328 0.8999999762
73442  42.851  26.320  -15.712 0.5000000000
79857  40.006  35.823  -8.049 0.8999999762
79223  39.540  35.306  -8.504 0.8000000119
73456  43.240  26.292  -16.857 0.5000000000
72598  42.380  26.065  -16.417 0.6000000238
72599  41.426  25.947  -16.131 0.6000000238
79233  39.009  34.932  -8.985 0.8999999762
73458  39.883  26.872  -16.315 0.6000000238
74278  39.442  27.438  -16.051 0.6000000238
78619  38.451  34.383  -11.786 0.8999999762
72608  42.864  26.027  -17.591 0.5000000000
72609  41.897  25.870  -17.158 0.6000000238
72600  41.006  25.939  -16.850 0.6000000238
112559  39.736  27.350  -16.845 0.6000000238
78648  36.981  34.556  -13.096 0.8000000119
73457  40.382  26.541  -17.106 0.6000000238
78661  36.651  34.558  -14.924 0.6999999881
72619  41.318  25.869  -17.885 0.6000000238
73466  40.687  26.539  -18.188 0.6000000238
119581  39.549  28.589  -17.843 0.5000000000
78042  36.004  33.559  -17.032 0.6999999881
78674  36.526  34.460  -15.813 0.6999999881
74292  39.884  28.013  -18.201 0.5000000000
106644  36.420  34.227  -17.391 0.8000000119
73472  40.862  26.513  -19.212 0.5000000000
74291  40.366  27.295  -18.635 0.5000000000
75606  39.692  29.470  -18.884 0.5000000000
77435  37.007  32.336  -19.069 0.6000000238
78053  36.682  33.874  -18.781 0.8000000119
74298  40.595  27.336  -19.684 0.5000000000
74969  40.184  28.116  -19.106 0.5000000000
76212  39.185  30.752  -19.585 0.5000000000
76809  37.763  31.862  -19.612 0.5000000000
76808  38.659  31.393  -20.163 0.5000000000
77442  37.333  32.675  -19.995 0.6000000238
112386  40.432  28.249  -20.198 0.5000000000
75614  40.332  29.207  -20.742 0.5000000000
76219  40.058  30.375  -21.212 0.5000000000
74985  40.492  28.351  -21.375 0.5000000000
119833  40.223  29.932  -20.689 0.5000000000
71800  41.881  24.130  -20.204 0.4000000060
104920  35.145  48.493  -6.286 0.2000000030
88068  34.113  47.924  -7.104 0.2000000030
102693  36.334  48.751  -5.002 0.1000000015
102769  36.026  48.666  -5.977 0.1000000015
88075  34.903  48.201  -7.154 0.2000000030
87302  34.669  47.678  -7.656 0.2000000030
115928  36.940  48.724  -5.572 0.1000000015
104831  35.804  48.460  -6.971 0.1000000015
113607  35.635  47.950  -7.826 0.2000000030
86539  34.987  46.622  -8.170 0.2000000030
87308  35.211  47.279  -8.142 0.2000000030
85807  35.235  45.934  -8.188 0.2000000030
85790  35.649  45.108  -7.882 0.2000000030
87307  36.064  47.355  -8.357 0.2000000030
85806  36.116  45.826  -8.412 0.2000000030
85075  36.645  45.078  -8.175 0.2000000030
84273  36.977  44.096  -7.118 0.2000000030
103922  38.600  43.901  -7.294 0.2000000030
84258  38.143  43.707  -6.509 0.3000000119
84272  37.722  44.033  -7.215 0.3000000119
105251  39.015  43.606  -6.469 0.3000000119
119300  39.923  43.463  -4.769 0.3000000119
84238  39.374  43.491  -5.451 0.3000000119
84239  38.457  43.536  -5.701 0.3000000119
84214  39.976  43.440  -3.937 0.3000000119
84225  38.577  43.436  -4.769 0.3000000119
84213  40.753  43.439  -3.514 0.4000000060
83440  40.019  43.157  -2.956 0.3000000119
83449  39.368  43.256  -3.593 0.3000000119
83450  38.696  43.219  -3.865 0.3000000119
83439  40.948  43.245  -2.556 0.4000000060
83429  40.537  42.810  -2.012 0.4000000060
83430  39.716  42.505  -2.294 0.4000000060
82733  40.958  41.273  -0.915 0.6000000238
82741  40.303  41.996  -1.547 0.5000000000
82734  40.121  41.051  -1.292 0.5000000000
81533  42.571  39.343  -1.403 0.6000000238
81546  42.002  38.816  -2.005 0.6000000238
82147  42.258  39.615  -0.837 0.6000000238
109984  41.509  38.685  -4.048 0.6000000238
80958  40.986  38.144  -5.525 0.6000000238
116104  41.609  38.253  -6.022 0.6999999881
105967  41.126  37.730  -6.482 0.6000000238
120114  40.430  37.278  -6.517 0.8000000119
80393  41.713  37.228  -7.220 0.6999999881
79847  40.436  36.424  -7.597 0.8999999762
79846  41.276  36.554  -7.730 0.8000000119
79856  40.835  35.922  -8.220 0.8999999762
79222  40.372  35.327  -8.685 0.8999999762
78588  39.312  34.589  -9.740 0.8999999762
79230  41.711  34.694  -9.355 0.6999999881
78587  40.232  34.423  -9.882 0.8999999762
78603  39.665  34.301  -10.525 0.8999999762
104838  39.038  34.284  -11.139 0.8999999762
78602  40.609  34.069  -10.639 0.8999999762
78618  40.046  34.052  -11.421 0.8999999762
119309  39.276  34.207  -11.823 0.8999999762
102551  37.879  34.486  -12.581 0.8000000119
72618  42.438  25.767  -18.288 0.6000000238
78631  39.855  34.016  -12.351 0.8999999762
78647  38.581  34.407  -13.237 0.8999999762
108654  38.241  34.508  -14.087 0.8999999762
108655  39.141  34.357  -13.808 0.8999999762
78673  38.052  34.605  -15.550 0.8999999762
72617  43.432  25.562  -18.716 0.5000000000
106787  41.998  25.578  -18.806 0.6000000238
72626  41.352  25.903  -18.886 0.6000000238
119803  37.338  34.710  -17.150 0.8999999762
72623  43.734  24.857  -19.288 0.5000000000
72624  42.917  25.112  -19.394 0.6000000238
72625  41.981  25.079  -19.669 0.6000000238
117232  37.102  34.620  -19.181 0.8000000119
73471  41.432  25.779  -19.876 0.5000000000
73477  41.036  26.508  -20.377 0.5000000000
76816  38.088  32.161  -20.948 0.5000000000
110609  37.665  33.049  -20.941 0.8000000119
77461  38.204  32.821  -23.452 0.6000000238
72631  41.670  24.921  -20.462 0.5000000000
73476  41.317  25.656  -20.895 0.5000000000
74304  40.743  27.415  -20.900 0.5000000000
76814  39.664  30.824  -21.830 0.5000000000
76815  39.021  31.460  -21.420 0.5000000000
77449  38.582  31.957  -22.568 0.5000000000
72635  41.300  24.875  -21.185 0.4000000060
73483  40.961  25.449  -21.623 0.5000000000
113342  40.474  26.999  -22.136 0.5000000000
74992  40.307  28.425  -22.157 0.5000000000
76824  39.500  30.586  -22.651 0.5000000000
76837  38.958  30.737  -23.126 0.5000000000
88783  37.362  48.902  -4.584 0.1000000015
88074  36.686  48.304  -7.492 0.1000000015
118151  36.486  47.834  -8.135 0.1000000015
86537  36.631  46.648  -8.701 0.2000000030
85058  38.121  44.361  -7.951 0.2000000030
85805  37.833  45.756  -8.995 0.2000000030
113130  39.518  43.719  -7.304 0.3000000119
85057  39.085  44.236  -8.106 0.2000000030
85073  38.483  44.717  -8.474 0.2000000030
84270  41.348  43.548  -7.311 0.3000000119
84271  40.449  43.576  -7.275 0.3000000119
84257  39.958  43.481  -6.434 0.3000000119
84255  41.960  43.380  -5.963 0.3000000119
84256  41.022  43.403  -6.392 0.3000000119
103159  40.365  43.443  -5.498 0.3000000119
84222  41.591  43.488  -4.088 0.3000000119
84223  40.639  43.466  -4.525 0.4000000060
84221  42.505  43.521  -4.088 0.4000000060
84212  41.471  43.439  -3.075 0.4000000060
109148  41.273  42.981  -1.799 0.4000000060
84211  42.398  43.495  -3.060 0.4000000060
83438  41.800  43.300  -2.226 0.4000000060
83428  42.106  42.688  -1.230 0.4000000060
82740  41.137  42.323  -1.262 0.4000000060
82731  42.827  41.721  -0.594 0.4000000060
82136  41.676  40.372  -0.681 0.6000000238
81532  43.566  39.655  -1.698 0.6000000238
81545  42.767  39.328  -2.450 0.6000000238
81564  42.105  39.060  -3.268 0.6000000238
81579  42.307  39.075  -4.435 0.6000000238
80957  41.687  38.653  -5.222 0.6000000238
79854  42.817  35.811  -8.271 0.6999999881
79855  41.755  35.917  -8.276 0.6999999881
79229  42.720  34.757  -9.458 0.6999999881
78586  41.174  34.244  -9.960 0.8999999762
120129  42.327  33.690  -11.597 0.8999999762
78601  41.613  33.872  -10.835 0.8999999762
104132  40.883  33.687  -12.195 0.8999999762
78630  42.081  33.525  -12.520 0.8000000119
103511  41.383  33.556  -13.068 0.8999999762
78645  40.488  33.809  -13.117 0.8999999762
78672  39.198  34.535  -15.607 0.8999999762
78683  38.631  34.663  -16.454 0.8999999762
79286  38.168  34.812  -17.236 0.8999999762
78697  37.607  34.909  -18.768 0.8999999762
102829  37.584  34.460  -20.719 0.8000000119
78067  37.856  33.928  -21.709 0.8000000119
78076  38.212  33.827  -23.164 0.6999999881
85804  38.480  45.260  -8.901 0.2000000030
116449  37.372  46.332  -8.960 0.2000000030
84268  43.145  43.713  -7.150 0.2000000030
84254  42.587  43.467  -6.548 0.3000000119
84269  42.218  43.594  -7.312 0.3000000119
84277  40.866  43.861  -7.943 0.3000000119
84278  40.030  43.958  -7.992 0.3000000119
122376  39.542  44.988  -8.944 0.3000000119
86554  38.839  46.823  -9.427 0.2000000030
84252  44.545  44.063  -5.718 0.3000000119
84253  43.528  43.642  -6.221 0.3000000119
106831  42.881  43.457  -5.626 0.3000000119
85072  40.497  44.269  -8.392 0.3000000119
109460  39.993  45.169  -9.120 0.3000000119
105983  39.281  46.157  -9.476 0.2000000030
84235  43.857  43.703  -5.154 0.3000000119
84236  43.128  43.535  -4.617 0.3000000119
102719  44.060  43.770  -4.048 0.3000000119
105241  43.285  43.599  -3.574 0.3000000119
84201  43.840  43.208  -1.599 0.5000000000
84202  42.797  43.280  -1.880 0.4000000060
82739  44.354  41.118  -0.631 0.5000000000
82730  43.694  41.763  -0.577 0.5000000000
82134  43.480  40.819  -0.554 0.5000000000
82160  45.268  39.869  -1.993 0.6000000238
82161  44.458  39.900  -1.546 0.6000000238
82146  43.150  39.877  -0.831 0.5000000000
80955  44.853  38.326  -5.441 0.5000000000
81577  44.387  38.882  -4.613 0.6000000238
106776  43.522  39.521  -2.824 0.6000000238
80966  44.158  37.909  -6.047 0.6000000238
80956  43.683  38.584  -5.394 0.6000000238
109983  42.660  38.770  -5.351 0.6000000238
81578  43.296  39.070  -4.572 0.6000000238
80391  44.098  36.838  -7.250 0.6000000238
115305  43.026  38.267  -6.055 0.6999999881
80385  42.241  37.884  -6.582 0.6000000238
79843  44.826  36.217  -7.901 0.5000000000
79853  44.038  35.777  -8.387 0.6000000238
79844  43.428  36.356  -7.761 0.6999999881
80392  42.814  37.079  -7.195 0.6999999881
79861  44.572  35.390  -9.117 0.5000000000
79219  43.343  35.266  -8.892 0.6000000238
79845  42.256  36.522  -7.753 0.6999999881
79253  44.706  34.598  -11.389 0.6000000238
79242  44.282  34.678  -10.481 0.6000000238
79243  43.181  34.430  -10.224 0.6000000238
79252  45.755  35.155  -11.831 0.6000000238
78614  44.043  34.153  -12.036 0.6999999881
122781  43.118  33.885  -11.542 0.6999999881
78642  44.483  34.312  -13.973 0.6999999881
78629  43.203  33.714  -13.289 0.6999999881
110025  41.314  33.709  -13.969 0.8000000119
78658  40.145  34.134  -14.105 0.8999999762
78654  44.500  34.546  -15.223 0.6999999881
78657  41.314  33.933  -15.143 0.8000000119
78671  40.190  34.303  -15.252 0.8999999762
78668  44.013  34.850  -16.918 0.8000000119
78680  42.526  34.501  -17.799 0.8000000119
78681  41.118  34.487  -17.363 0.8000000119
79285  39.356  34.800  -17.653 0.8999999762
109825  38.463  35.124  -18.920 0.8999999762
79931  38.666  36.962  -22.834 0.8999999762
78679  43.455  35.030  -17.916 0.8000000119
79284  40.783  34.723  -18.386 0.8000000119
79302  38.839  35.373  -20.155 0.8999999762
79312  39.472  35.984  -21.848 0.8999999762
117108  43.132  35.071  -18.993 0.8000000119
108973  42.390  34.758  -19.092 0.8000000119
79301  39.806  35.305  -20.102 0.8000000119
79292  42.097  35.245  -20.367 0.8000000119
85056  42.645  43.992  -7.897 0.2000000030
84276  41.732  43.897  -7.965 0.2000000030
85030  47.220  44.825  -5.061 0.2000000030
85055  43.637  44.295  -7.759 0.2000000030
85071  41.195  44.333  -8.492 0.2000000030
86553  39.732  46.721  -9.668 0.2000000030
84232  47.393  44.218  -4.626 0.2000000030
84218  46.548  43.781  -3.409 0.2000000030
84233  46.104  44.454  -4.413 0.2000000030
84234  45.006  44.180  -4.444 0.3000000119
85080  41.386  44.972  -9.024 0.2000000030
85816  40.731  45.425  -9.348 0.2000000030
116166  40.441  46.616  -9.815 0.2000000030
83435  47.311  43.498  -3.942 0.2000000030
84219  45.860  44.086  -3.493 0.2000000030
84220  44.895  43.980  -3.425 0.3000000119
102143  44.200  43.744  -3.009 0.3000000119
82751  46.995  41.686  -2.780 0.4000000060
83436  46.339  42.401  -2.202 0.4000000060
83425  45.579  42.950  -1.854 0.3000000119
84209  45.127  43.617  -2.558 0.3000000119
119839  44.300  43.517  -2.208 0.3000000119
82737  45.807  41.851  -1.491 0.4000000060
83426  45.169  42.409  -1.263 0.4000000060
82738  45.146  41.456  -0.964 0.5000000000
81560  46.143  39.187  -4.007 0.4000000060
81542  45.753  39.614  -3.008 0.6000000238
82143  45.726  40.704  -1.489 0.5000000000
80964  46.890  37.418  -6.351 0.5000000000
81576  45.543  38.695  -4.726 0.5000000000
81561  45.124  39.187  -3.807 0.5000000000
80382  46.295  36.986  -6.866 0.4000000060
80954  46.127  38.078  -5.565 0.6000000238
81026  38.422  38.262  -13.393 0.6000000238
81015  38.347  38.342  -12.463 0.6000000238
80389  47.057  36.687  -7.649 0.4000000060
80383  44.796  37.235  -6.707 0.6000000238
81012  41.229  38.206  -12.326 0.6999999881
81014  39.679  38.209  -12.416 0.6000000238
81025  39.129  38.195  -12.874 0.6000000238
81027  37.686  38.315  -13.884 0.6000000238
80398  47.380  36.739  -8.522 0.4000000060
79842  46.380  36.267  -8.194 0.5000000000
80390  45.595  36.633  -7.409 0.6000000238
80425  40.876  38.009  -12.938 0.6000000238
81013  40.371  38.180  -12.353 0.6000000238
80435  39.236  38.079  -13.785 0.6000000238
80436  38.483  38.212  -14.303 0.6000000238
80437  37.719  38.297  -14.809 0.6000000238
79859  46.954  36.200  -9.970 0.4000000060
79851  46.832  36.175  -9.052 0.5000000000
79852  45.456  35.838  -8.644 0.5000000000
80434  41.089  37.859  -13.799 0.6000000238
103780  40.103  37.871  -14.228 0.6000000238
79866  46.840  36.338  -10.845 0.4000000060
79860  45.889  35.634  -9.469 0.5000000000
111945  41.766  37.989  -13.093 0.6000000238
102549  40.144  37.784  -15.199 0.6000000238
79240  46.432  35.762  -11.370 0.6000000238
79258  46.002  35.336  -12.893 0.6000000238
103320  42.341  37.768  -13.971 0.6000000238
102394  42.007  37.541  -15.444 0.6000000238
80457  41.188  37.593  -16.010 0.6000000238
80458  40.215  37.736  -16.024 0.6000000238
102388  42.804  37.529  -14.982 0.6000000238
80456  42.575  37.318  -16.670 0.6000000238
103023  42.139  37.307  -17.480 0.6000000238
80467  40.857  37.593  -17.095 0.6999999881
78627  45.714  35.179  -13.934 0.6999999881
123191  45.098  35.244  -15.717 0.6999999881
79891  44.203  36.474  -16.730 0.6999999881
80455  43.629  36.755  -17.139 0.6999999881
116793  41.949  37.298  -18.377 0.8000000119
102547  41.249  37.492  -18.627 0.8000000119
79282  43.970  35.531  -17.564 0.6999999881
79897  44.472  35.810  -16.905 0.6999999881
79903  43.970  36.084  -17.680 0.6999999881
79911  42.603  36.107  -20.486 0.8000000119
79919  41.285  37.215  -21.271 0.8000000119
80496  40.530  37.413  -21.595 0.8000000119
80504  39.609  37.598  -21.797 0.8999999762
116195  43.522  35.762  -18.892 0.6999999881
79910  43.149  36.126  -19.957 0.8000000119
79311  40.444  35.892  -21.663 0.8000000119
79283  43.010  35.504  -19.917 0.8000000119
84251  48.296  43.842  -5.856 0.2000000030
85029  47.726  44.360  -5.226 0.2000000030
85037  48.443  44.194  -6.758 0.2000000030
84231  47.991  43.408  -4.981 0.2000000030
83472  48.578  42.678  -5.897 0.2000000030
82750  47.473  42.187  -3.642 0.4000000060
82157  47.504  40.968  -3.611 0.4000000060
82158  46.913  40.507  -2.867 0.4000000060
82170  47.949  40.367  -4.578 0.3000000119
82171  47.342  39.977  -3.863 0.3000000119
82172  46.597  39.721  -3.320 0.3000000119
82159  46.210  40.124  -2.299 0.4000000060
82181  47.788  39.491  -4.874 0.3000000119
81559  47.039  39.268  -4.365 0.4000000060
112444  48.106  38.441  -6.276 0.4000000060
80953  47.331  38.029  -5.843 0.5000000000
118692  39.069  38.354  -11.995 0.6999999881
80968  48.091  38.095  -7.252 0.4000000060
80381  47.520  37.050  -7.106 0.4000000060
80998  40.671  38.432  -11.598 0.6000000238
80985  40.047  38.697  -10.975 0.5000000000
80397  47.684  37.269  -7.776 0.4000000060
80416  42.118  38.181  -12.436 0.5000000000
80997  41.723  38.470  -11.560 0.5000000000
80971  47.576  37.402  -8.740 0.4000000060
119390  43.187  37.919  -13.184 0.5000000000
80399  47.430  36.951  -9.521 0.4000000060
80401  47.190  37.060  -10.521 0.4000000060
123214  46.791  36.478  -11.413 0.5000000000
79251  46.395  35.827  -12.239 0.6000000238
80433  43.819  37.518  -14.452 0.6999999881
80412  46.804  37.083  -11.305 0.5000000000
79875  46.659  36.731  -12.042 0.5000000000
105301  46.298  35.994  -13.804 0.6000000238
80445  45.086  36.804  -15.283 0.6999999881
79264  46.027  35.856  -14.656 0.6999999881
79890  45.553  35.887  -15.530 0.6999999881
84266  48.745  43.274  -7.626 0.2000000030
84250  48.706  43.045  -6.716 0.2000000030
115961  48.688  42.472  -7.399 0.2000000030
83461  48.349  42.331  -5.262 0.2000000030
83448  47.916  42.433  -4.527 0.2000000030
108502  48.312  41.673  -5.077 0.2000000030
82761  47.956  41.388  -4.431 0.2000000030
82772  48.438  40.832  -5.270 0.3000000119
81573  48.172  39.063  -5.637 0.3000000119
81587  48.413  39.176  -6.124 0.3000000119
82194  47.905  39.434  -7.304 0.3000000119
81594  48.425  39.083  -6.731 0.3000000119
81595  47.513  38.906  -7.686 0.3000000119
80983  41.851  38.924  -10.658 0.5000000000
81597  47.583  38.092  -8.092 0.3000000119
80982  42.880  38.995  -10.412 0.5000000000
80996  42.577  38.603  -11.185 0.5000000000
118308  47.238  37.789  -9.432 0.4000000060
80981  44.173  38.743  -10.498 0.5000000000
80978  43.556  39.288  -9.912 0.5000000000
80995  43.768  38.441  -11.396 0.5000000000
80972  46.582  38.574  -8.798 0.4000000060
80975  46.920  37.796  -10.143 0.4000000060
80402  46.441  37.795  -10.946 0.5000000000
80403  45.139  38.273  -11.181 0.5000000000
80414  44.147  38.059  -12.443 0.5000000000
118040  44.195  37.614  -13.803 0.6000000238
80413  46.033  37.636  -11.724 0.5000000000
104214  45.657  37.487  -12.637 0.5000000000
80424  44.717  37.603  -13.339 0.5000000000
80432  45.224  37.175  -14.304 0.6999999881
80423  45.974  36.915  -13.625 0.6000000238
79886  46.076  36.504  -14.330 0.6999999881
106916  48.464  42.382  -8.037 0.2000000030
120234  48.680  42.705  -7.891 0.2000000030
83479  47.900  42.322  -8.653 0.2000000030
83471  48.775  42.005  -6.672 0.2000000030
82784  48.567  41.733  -7.300 0.2000000030
82771  48.703  41.509  -5.856 0.2000000030
82785  48.275  41.026  -7.212 0.2000000030
82185  48.612  40.936  -6.614 0.2000000030
82180  48.692  40.530  -5.965 0.3000000119
83480  46.819  42.075  -8.521 0.2000000030
82791  46.658  41.543  -7.993 0.2000000030
82786  47.330  40.735  -7.517 0.2000000030
82193  48.348  40.122  -6.965 0.3000000119
82186  48.557  39.881  -6.346 0.3000000119
82195  46.738  40.052  -7.762 0.3000000119
81609  41.228  39.386  -10.257 0.5000000000
81598  46.534  39.301  -8.125 0.3000000119
81599  45.344  39.668  -8.617 0.3000000119
81604  42.680  39.760  -9.760 0.5000000000
80984  40.948  38.797  -10.835 0.5000000000
82209  41.422  40.710  -9.796 0.3000000119
81602  45.015  39.239  -9.074 0.4000000060
80976  45.950  38.504  -9.560 0.4000000060
80980  45.519  38.413  -10.357 0.5000000000
80977  44.575  38.975  -9.743 0.5000000000
83478  48.552  42.714  -8.939 0.2000000030
83487  48.163  42.512  -9.527 0.2000000030
83488  47.078  42.417  -9.249 0.2000000030
83489  46.013  42.277  -9.190 0.2000000030
82792  46.044  41.024  -8.020 0.2000000030
83482  44.952  41.287  -8.678 0.2000000030
82201  45.602  40.346  -8.317 0.3000000119
81608  42.001  39.404  -10.105 0.5000000000
81605  41.666  39.947  -9.824 0.5000000000
81606  40.733  40.094  -9.971 0.3000000119
81600  44.436  39.896  -8.944 0.3000000119
81603  43.844  39.753  -9.414 0.4000000060
82208  42.228  40.533  -9.616 0.3000000119
83501  47.479  42.481  -10.089 0.2000000030
118572  46.880  42.504  -10.778 0.2000000030
116325  46.442  42.486  -11.616 0.2000000030
108617  45.351  42.617  -11.730 0.2000000030
103508  44.525  42.449  -13.140 0.2000000030
83502  46.340  42.512  -9.945 0.2000000030
103507  43.557  42.507  -13.080 0.2000000030
117043  42.235  42.562  -12.170 0.2000000030
103506  42.512  42.502  -13.070 0.2000000030
83503  44.750  42.519  -10.468 0.2000000030
108616  44.567  42.648  -11.849 0.2000000030
83555  43.112  42.614  -12.084 0.2000000030
83556  41.641  42.532  -12.669 0.2000000030
103145  41.052  42.503  -13.245 0.2000000030
104836  45.318  42.432  -9.880 0.2000000030
83525  42.371  42.450  -11.256 0.2000000030
83557  40.759  42.496  -12.314 0.2000000030
83490  44.227  41.780  -9.389 0.2000000030
105992  45.081  42.053  -9.233 0.2000000030
82799  43.450  41.510  -9.530 0.2000000030
83492  42.791  41.778  -9.932 0.2000000030
82800  41.961  41.358  -9.831 0.3000000119
82806  41.274  41.656  -10.329 0.3000000119
118115  40.542  41.542  -10.460 0.3000000119
83508  39.964  41.763  -10.778 0.2000000030
82202  44.597  40.431  -8.763 0.2000000030
82203  43.842  40.396  -9.147 0.2000000030
119571  43.390  40.922  -9.298 0.2000000030
105046  42.781  41.131  -9.540 0.3000000119
121536  41.340  41.212  -9.939 0.3000000119
82807  39.987  41.175  -10.333 0.3000000119
82207  43.094  40.388  -9.455 0.3000000119
118674  43.149  42.310  -13.968 0.2000000030
102541  42.212  42.335  -14.104 0.2000000030
102540  41.251  42.398  -14.117 0.2000000030
83570  41.733  42.466  -13.437 0.2000000030
83523  44.654  42.637  -11.182 0.2000000030
83504  43.905  42.459  -10.646 0.2000000030
119977  43.232  42.519  -11.181 0.2000000030
83571  40.224  42.497  -13.252 0.2000000030
83527  40.936  42.320  -11.451 0.2000000030
83505  42.974  42.254  -10.515 0.2000000030
121341  38.275  42.370  -12.289 0.2000000030
102892  44.445  42.263  -9.899 0.2000000030
83491  43.603  42.074  -9.947 0.2000000030
83506  41.490  42.238  -10.963 0.2000000030
112498  40.119  42.270  -11.483 0.2000000030
83528  38.679  42.203  -11.727 0.2000000030
102535  42.830  42.069  -14.917 0.2000000030
83593  43.579  41.811  -15.608 0.2000000030
102534  41.800  42.129  -15.094 0.2000000030
83558  39.789  42.456  -12.386 0.2000000030
104835  39.314  42.491  -13.129 0.2000000030
114706  38.964  42.418  -12.393 0.2000000030
82805  42.117  42.038  -10.397 0.2000000030
83507  40.722  42.019  -10.870 0.2000000030
82819  39.274  41.974  -11.213 0.2000000030
84262  33.242  43.785  -6.666 0.2000000030
110714  33.143  41.094  -4.794 0.3000000119
79812  36.195  36.882  -3.817 0.5000000000
79193  37.256  35.655  -3.358 0.5000000000
80355  36.790  37.397  -3.429 0.5000000000
81537  36.393  39.383  -2.886 0.5000000000
78550  37.129  34.820  -3.174 0.6000000238
115595  38.055  34.171  -2.672 0.6000000238
107893  37.754  37.053  -3.068 0.4000000060
81536  37.211  39.379  -2.607 0.5000000000
121955  38.305  32.780  -4.474 0.8000000119
77971  38.911  33.278  -3.032 0.6999999881
77962  38.678  33.667  -2.775 0.6000000238
79183  38.878  35.352  -2.594 0.6000000238
78003  34.406  32.682  -8.075 0.8000000119
77997  36.219  32.828  -6.754 0.8999999762
78548  39.429  34.680  -2.873 0.6999999881
119208  39.091  35.908  -2.582 0.6000000238
76147  34.244  30.615  -10.412 0.6999999881
76748  33.761  31.776  -8.834 0.8000000119
80345  39.391  37.250  -2.219 0.5000000000
103304  34.414  33.214  -8.831 0.8999999762
78578  37.044  33.836  -6.830 0.8999999762
78575  38.200  33.727  -5.311 0.8000000119
79212  39.079  35.092  -4.811 0.8999999762
79810  39.857  35.900  -2.790 0.5000000000
74237  38.834  27.715  -12.608 0.6000000238
76154  35.184  30.388  -11.721 0.6999999881
78005  35.327  34.142  -9.579 0.8000000119
78584  36.563  34.249  -8.268 0.8999999762
76162  36.165  30.161  -12.870 0.6999999881
79211  39.445  35.823  -4.702 0.8000000119
79214  38.340  35.098  -6.559 0.8999999762
113941  40.639  37.789  -1.793 0.5000000000
76765  34.901  31.416  -12.871 0.6999999881
118371  34.478  33.529  -11.913 0.8000000119
79835  39.511  36.458  -5.494 0.8000000119
76177  35.785  31.017  -14.102 0.6999999881
77413  35.077  32.760  -14.497 0.6999999881
78634  36.192  34.542  -12.694 0.8000000119
118047  35.646  34.332  -13.812 0.8000000119
104901  35.350  33.545  -14.849 0.6999999881
81526  40.634  39.265  -1.091 0.6000000238
79224  38.765  35.179  -8.202 0.8999999762
108148  37.031  34.586  -14.014 0.8000000119
79839  40.074  36.788  -6.903 0.8000000119
107142  40.426  26.312  -16.010 0.6000000238
78604  38.045  34.475  -11.012 0.8000000119
74956  39.311  28.097  -16.547 0.6000000238
76197  38.695  30.341  -17.728 0.5000000000
122663  36.168  34.144  -16.858 0.6999999881
74970  39.769  28.739  -18.590 0.5000000000
76203  39.547  30.155  -19.168 0.5000000000
78048  36.368  33.665  -17.927 0.6999999881
85060  36.279  44.441  -7.459 0.2000000030
84240  37.110  43.467  -5.516 0.3000000119
106440  37.765  43.575  -5.850 0.3000000119
80924  41.330  38.286  -1.747 0.6000000238
73441  43.621  26.636  -16.165 0.6000000238
122935  41.046  38.333  -4.656 0.6000000238
80386  40.409  37.547  -5.751 0.6999999881
79232  39.868  34.865  -9.188 0.8999999762
72607  43.787  26.002  -18.115 0.5000000000
122506  37.741  34.523  -13.395 0.8000000119
74284  40.080  27.282  -17.704 0.5000000000
78660  37.580  34.596  -14.803 0.8999999762
118540  37.195  34.600  -15.464 0.8999999762
78685  36.626  34.443  -16.770 0.8000000119
78691  37.014  34.676  -17.662 0.8999999762
74978  40.104  28.965  -19.526 0.5000000000
77443  36.851  33.271  -19.356 0.6999999881
75615  40.041  29.730  -19.816 0.5000000000
76211  39.823  30.316  -20.148 0.5000000000
75620  40.322  29.126  -21.905 0.5000000000
86538  35.681  46.631  -8.398 0.2000000030
85059  37.230  44.495  -7.774 0.2000000030
85074  37.667  45.012  -8.490 0.2000000030
84224  39.298  43.416  -4.378 0.3000000119
82732  41.852  41.544  -0.691 0.5000000000
112870  42.209  38.457  -5.933 0.6000000238
79221  41.267  35.303  -8.775 0.6999999881
79231  40.763  34.781  -9.306 0.8999999762
79220  42.252  35.247  -8.803 0.6999999881
78617  40.929  33.811  -11.333 0.8999999762
78646  39.519  34.161  -13.160 0.8999999762
78632  38.936  34.292  -12.477 0.8999999762
78659  39.214  34.432  -14.584 0.8999999762
78684  37.436  34.629  -16.324 0.8999999762
78059  37.022  34.112  -19.658 0.8000000119
77450  38.128  32.921  -22.177 0.6000000238
119414  38.654  31.333  -23.223 0.5000000000
73484  40.841  26.484  -21.552 0.5000000000
76227  40.029  30.199  -22.336 0.5000000000
76825  39.150  31.149  -22.544 0.5000000000
75630  40.162  29.606  -22.340 0.5000000000
75637  39.772  29.695  -22.676 0.5000000000
75631  39.045  29.744  -22.924 0.5000000000
85818  38.598  45.956  -9.281 0.2000000030
109500  39.101  44.830  -8.754 0.3000000119
84237  41.288  43.429  -5.265 0.4000000060
103160  42.211  43.445  -4.974 0.3000000119
83420  43.277  42.613  -1.015 0.5000000000
82135  42.570  40.598  -0.599 0.5000000000
82145  44.065  40.147  -0.886 0.6000000238
81563  42.970  39.347  -3.614 0.6000000238
79244  42.156  34.251  -10.064 0.6999999881
78600  42.650  33.978  -10.845 0.6000000238
78616  41.547  33.650  -11.675 0.8999999762
78644  42.303  33.568  -13.679 0.8000000119
78615  43.089  33.721  -12.297 0.6999999881
78682  39.820  34.601  -16.826 0.8000000119
79295  37.816  34.902  -17.924 0.8999999762
103100  38.005  35.140  -20.094 0.8000000119
110175  38.165  35.329  -21.176 0.8999999762
78720  38.306  34.610  -22.934 0.6999999881
85082  39.828  44.568  -8.620 0.3000000119
85817  39.277  45.453  -9.185 0.2000000030
84267  44.126  44.066  -6.787 0.2000000030
85081  40.598  44.766  -8.854 0.3000000119
111466  40.037  45.935  -9.545 0.2000000030
84210  43.470  43.537  -2.524 0.3000000119
83427  44.374  42.345  -0.901 0.5000000000
82144  44.887  40.462  -1.147 0.6000000238
81544  44.299  39.663  -2.458 0.6000000238
81562  44.033  39.393  -3.623 0.6000000238
80384  43.465  37.565  -6.652 0.6999999881
79227  45.030  35.136  -9.940 0.5000000000
79228  43.829  34.896  -9.635 0.6000000238
79241  45.434  35.048  -10.859 0.5000000000
79259  45.120  34.673  -12.217 0.6999999881
78599  43.635  34.232  -11.055 0.6000000238
79226  46.168  35.574  -10.372 0.6000000238
113892  43.925  33.957  -12.901 0.6999999881
78643  43.460  33.873  -14.483 0.6999999881
78655  43.714  34.232  -15.776 0.8000000119
78656  42.495  33.758  -14.915 0.8000000119
78667  44.541  34.940  -16.222 0.6999999881
78669  42.835  34.175  -16.486 0.8000000119
78670  41.308  34.229  -16.317 0.8000000119
79294  38.877  35.046  -18.394 0.8999999762
79293  40.335  34.985  -19.341 0.8999999762
79318  39.494  36.988  -22.396 0.8999999762
79926  40.477  36.798  -22.253 0.8999999762
122390  38.531  35.968  -22.988 0.8000000119
79319  38.819  36.321  -22.535 0.8000000119
79300  41.287  35.424  -20.852 0.8000000119
85070  42.143  44.488  -8.588 0.2000000030
109777  46.735  44.350  -4.237 0.2000000030
84207  46.844  42.981  -2.981 0.4000000060
84208  46.075  43.468  -2.658 0.2000000030
82752  46.411  41.129  -2.055 0.4000000060
83437  44.750  43.120  -1.653 0.4000000060
81575  46.652  38.667  -4.988 0.5000000000
111635  37.634  38.332  -12.960 0.6000000238
80999  39.823  38.376  -11.711 0.6000000238
81038  36.899  38.317  -14.335 0.6000000238
121476  47.864  37.393  -7.235 0.4000000060
80426  40.051  38.032  -13.192 0.6000000238
80448  39.292  38.008  -14.720 0.6000000238
121626  41.776  37.679  -14.546 0.6000000238
80447  40.989  37.703  -14.816 0.6000000238
80468  40.068  37.797  -17.440 0.6999999881
80446  44.083  37.103  -15.682 0.6000000238
80477  40.376  37.781  -18.695 0.6999999881
107214  44.908  35.603  -16.276 0.6999999881
113778  44.919  36.235  -16.190 0.6999999881
80466  43.336  36.593  -17.976 0.6999999881
80475  42.999  36.641  -19.030 0.8000000119
80485  41.793  37.045  -20.457 0.8000000119
79918  41.778  36.181  -21.235 0.8000000119
115379  41.148  36.529  -21.817 0.8999999762
81574  47.602  38.765  -5.328 0.5000000000
80963  47.804  37.585  -6.737 0.4000000060
80415  42.876  38.297  -12.038 0.5000000000
112135  44.926  38.068  -11.910 0.5000000000
82790  47.765  41.740  -7.797 0.2000000030
83481  45.854  41.758  -8.584 0.2000000030
116236  45.630  42.613  -10.787 0.2000000030
83553  44.990  42.555  -12.449 0.2000000030
83554  44.084  42.628  -12.347 0.2000000030
102543  45.040  42.186  -13.903 0.2000000030
102542  44.090  42.263  -13.903 0.2000000030
82801  40.749  41.036  -10.032 0.3000000119
74860  45.261  28.233  -6.093 0.3000000119
74159  43.332  27.113  -5.280 0.3000000119
73320  43.558  26.366  -5.808 0.3000000119
70835  51.431  23.639  -1.036 0.2000000030
70035  51.458  22.856  0.186 0.2000000030
74166  44.712  27.531  -6.037 0.3000000119
74167  43.986  27.064  -5.714 0.3000000119
72490  43.090  25.579  -6.028 0.3000000119
72491  42.323  25.393  -5.664 0.3000000119
71637  51.222  24.022  -1.897 0.2000000030
74172  46.218  28.061  -7.451 0.3000000119
73327  44.323  26.466  -6.397 0.3000000119
72499  42.535  24.831  -6.523 0.3000000119
72500  41.903  24.793  -5.978 0.3000000119
71638  50.858  24.347  -2.781 0.2000000030
119232  49.895  25.710  -4.178 0.3000000119
112531  49.638  27.160  -5.353 0.3000000119
74857  50.111  29.077  -6.357 0.3000000119
73326  45.110  26.913  -6.847 0.3000000119
72497  44.163  25.593  -7.134 0.3000000119
71678  41.674  24.456  -6.626 0.3000000119
74184  46.008  27.150  -8.082 0.3000000119
72509  44.782  25.768  -7.845 0.3000000119
71677  42.119  24.441  -7.374 0.3000000119
71708  41.552  24.467  -8.090 0.3000000119
76144  50.062  31.358  -10.424 0.3000000119
71706  43.309  24.863  -8.243 0.3000000119
72525  42.757  24.919  -9.095 0.3000000119
113119  50.378  31.130  -12.280 0.3000000119
76161  49.813  31.244  -13.536 0.3000000119
75583  49.130  30.187  -16.953 0.3000000119
75582  50.134  30.465  -16.454 0.3000000119
74273  49.639  28.962  -17.479 0.3000000119
75487  45.629  29.889  -5.455 0.3000000119
74853  44.723  28.526  -5.544 0.3000000119
74158  43.902  27.974  -5.273 0.3000000119
74160  42.756  27.122  -4.874 0.3000000119
73313  42.203  26.760  -4.666 0.3000000119
73314  41.515  26.419  -4.415 0.3000000119
70819  51.479  23.597  0.694 0.2000000030
70028  51.023  22.345  1.472 0.2000000030
75486  46.297  30.230  -5.730 0.3000000119
73322  41.944  25.944  -4.994 0.3000000119
72484  41.196  25.667  -4.758 0.3000000119
71657  40.448  25.398  -4.523 0.3000000119
70827  51.481  23.604  -0.115 0.2000000030
76733  49.228  32.142  -5.471 0.3000000119
76113  48.786  31.708  -6.470 0.3000000119
75495  46.568  29.719  -6.466 0.3000000119
74859  45.838  28.515  -6.500 0.3000000119
71667  41.198  24.612  -5.931 0.3000000119
102000  40.309  24.458  -5.815 0.3000000119
76739  50.136  31.779  -6.017 0.3000000119
76740  49.701  31.988  -6.261 0.3000000119
106990  48.398  31.264  -7.222 0.3000000119
75501  47.046  29.438  -7.620 0.3000000119
120518  46.635  28.739  -7.538 0.3000000119
120891  39.054  24.092  -6.215 0.2000000030
73303  50.498  26.136  -3.205 0.3000000119
113416  50.311  27.389  -4.222 0.3000000119
74851  50.496  29.181  -5.257 0.3000000119
75493  50.505  30.788  -6.261 0.3000000119
76112  49.991  31.780  -6.856 0.3000000119
76122  48.568  31.243  -8.106 0.3000000119
74867  46.797  28.572  -8.108 0.3000000119
74183  46.488  27.789  -8.474 0.3000000119
111310  40.026  24.297  -7.281 0.3000000119
71693  38.414  24.277  -7.561 0.2000000030
74150  50.409  28.332  -4.707 0.3000000119
74850  50.837  30.030  -4.829 0.3000000119
75514  48.129  30.327  -9.655 0.3000000119
108051  47.487  29.193  -9.534 0.3000000119
73347  45.183  26.000  -8.392 0.3000000119
72510  44.132  25.203  -8.057 0.3000000119
71709  40.131  24.854  -8.640 0.4000000060
111838  39.836  24.462  -7.889 0.3000000119
75535  48.840  30.822  -11.482 0.3000000119
102430  47.907  29.769  -10.239 0.3000000119
74877  47.019  28.214  -9.804 0.3000000119
73357  46.128  27.095  -9.708 0.3000000119
72524  43.778  25.178  -9.058 0.3000000119
72528  39.437  25.322  -9.108 0.4000000060
75546  49.178  30.917  -12.616 0.3000000119
75525  48.106  29.793  -11.021 0.3000000119
74888  47.433  28.834  -10.529 0.3000000119
73372  46.109  27.196  -10.321 0.3000000119
72555  44.262  25.816  -10.239 0.3000000119
72539  43.095  25.282  -9.838 0.3000000119
72527  40.790  25.178  -9.265 0.4000000060
117762  40.133  25.378  -9.377 0.4000000060
75547  48.398  29.953  -13.168 0.3000000119
72556  43.468  25.639  -10.440 0.3000000119
72541  41.270  25.455  -9.863 0.3000000119
72542  40.489  25.655  -9.894 0.4000000060
74932  47.556  29.360  -15.185 0.4000000060
74275  47.959  28.584  -17.810 0.4000000060
74955  47.992  29.285  -17.517 0.4000000060
74945  47.670  29.419  -16.574 0.4000000060
73450  48.370  27.636  -17.652 0.3000000119
74274  48.845  28.560  -17.733 0.3000000119
73452  46.316  26.625  -18.274 0.5000000000
118195  46.902  27.023  -18.113 0.4000000060
72606  46.205  25.767  -18.010 0.5000000000
73463  45.787  26.214  -18.346 0.5000000000
74845  42.751  28.348  -4.171 0.3000000119
74153  41.810  27.170  -4.112 0.3000000119
73306  41.144  26.776  -3.820 0.3000000119
70808  51.439  23.669  1.527 0.2000000030
70018  51.339  23.006  1.815 0.2000000030
75478  45.241  30.597  -4.740 0.3000000119
75479  44.525  30.086  -4.483 0.3000000119
74843  44.191  29.050  -4.905 0.3000000119
74152  42.444  27.537  -4.404 0.3000000119
73315  40.810  26.095  -4.160 0.3000000119
72485  39.715  25.156  -4.277 0.3000000119
70027  51.420  22.897  1.045 0.2000000030
76734  48.514  32.277  -4.688 0.3000000119
76106  46.785  31.276  -5.164 0.3000000119
71659  38.460  24.388  -4.498 0.3000000119
76724  50.018  32.232  -4.241 0.3000000119
76115  46.978  30.554  -6.045 0.3000000119
70857  39.354  24.294  -5.629 0.2000000030
71669  38.692  24.225  -5.189 0.2000000030
72465  51.226  26.525  -1.969 0.3000000119
71625  51.098  25.270  -1.948 0.3000000119
76731  50.357  31.760  -5.262 0.3000000119
70858  38.516  23.949  -5.884 0.2000000030
70859  37.200  23.638  -5.466 0.2000000030
120332  50.953  26.456  -2.486 0.3000000119
73312  50.211  26.548  -3.920 0.3000000119
74842  51.095  29.532  -4.025 0.3000000119
70877  37.815  23.941  -6.959 0.2000000030
71695  36.671  24.434  -7.561 0.2000000030
72530  37.567  25.273  -8.807 0.4000000060
72529  38.522  25.277  -8.916 0.4000000060
72546  37.090  25.851  -9.280 0.4000000060
75536  48.260  29.897  -12.021 0.3000000119
74898  47.577  28.960  -11.512 0.3000000119
74234  47.043  28.223  -11.973 0.3000000119
73385  45.889  27.170  -10.940 0.3000000119
73374  44.781  26.254  -10.711 0.3000000119
74909  47.598  29.031  -12.550 0.4000000060
74223  45.731  27.194  -11.760 0.3000000119
73386  45.263  26.732  -11.228 0.3000000119
72567  43.964  25.973  -10.992 0.3000000119
72569  42.165  25.873  -11.202 0.4000000060
72559  40.838  25.854  -10.487 0.4000000060
72544  38.921  25.840  -9.631 0.4000000060
108465  37.933  26.822  -10.275 0.4000000060
74920  47.573  29.167  -13.777 0.4000000060
74244  46.079  27.807  -13.436 0.4000000060
74236  45.413  27.204  -12.742 0.4000000060
73400  44.643  26.699  -12.473 0.4000000060
73389  42.783  26.043  -11.818 0.4000000060
73375  40.447  26.173  -10.908 0.4000000060
102447  39.841  26.478  -10.966 0.4000000060
74210  38.534  26.881  -10.589 0.4000000060
74211  37.828  27.407  -10.704 0.5000000000
74277  46.395  27.405  -18.116 0.4000000060
73451  47.597  26.871  -17.696 0.3000000119
104469  47.340  27.697  -17.930 0.4000000060
74946  47.356  28.850  -17.247 0.4000000060
74921  46.683  28.494  -14.386 0.4000000060
74245  45.334  27.483  -13.876 0.4000000060
73402  43.396  26.262  -12.411 0.4000000060
117564  41.157  26.074  -11.183 0.4000000060
73390  40.379  26.447  -11.435 0.4000000060
118841  38.517  27.336  -11.045 0.4000000060
74254  46.189  28.269  -15.490 0.4000000060
73454  44.970  26.612  -18.056 0.5000000000
71576  51.080  24.674  3.620 0.2000000030
70787  50.781  23.763  4.071 0.1000000015
74836  42.478  28.854  -3.376 0.3000000119
74837  41.825  28.201  -3.089 0.3000000119
74132  41.174  27.714  -2.745 0.3000000119
71595  51.497  24.714  1.121 0.2000000030
71586  51.459  24.626  2.051 0.2000000030
70798  51.353  23.643  2.357 0.2000000030
70004  50.759  22.944  3.468 0.1000000015
76716  46.788  32.591  -2.952 0.3000000119
76098  45.846  31.772  -3.996 0.3000000119
75470  44.225  30.677  -3.706 0.3000000119
75471  43.560  30.125  -3.455 0.3000000119
74143  42.134  27.927  -3.788 0.3000000119
74144  41.493  27.471  -3.471 0.3000000119
73307  40.519  26.396  -3.525 0.3000000119
72469  39.213  25.754  -2.822 0.3000000119
70019  51.044  22.814  2.529 0.2000000030
70020  50.390  22.316  2.955 0.1000000015
76727  47.410  32.440  -3.539 0.3000000119
75480  43.816  29.604  -4.204 0.3000000119
74835  43.144  29.195  -3.870 0.3000000119
72477  40.153  25.765  -3.867 0.3000000119
72478  39.461  25.476  -3.573 0.3000000119
71624  51.358  25.010  -1.178 0.3000000119
111852  51.498  24.816  -0.283 0.3000000119
76725  49.206  32.411  -3.926 0.3000000119
76726  48.170  32.414  -3.743 0.3000000119
76097  46.703  32.060  -4.140 0.3000000119
76107  46.016  30.999  -4.936 0.3000000119
71650  38.236  24.612  -3.712 0.2000000030
72454  51.400  26.373  -1.282 0.3000000119
70851  37.926  23.924  -5.115 0.2000000030
70845  36.906  23.889  -3.835 0.2000000030
76094  50.730  31.294  -4.337 0.3000000119
70867  37.261  23.703  -6.298 0.2000000030
70860  36.544  23.670  -5.734 0.2000000030
70861  35.801  23.771  -5.119 0.2000000030
74149  51.056  28.629  -3.531 0.3000000119
75477  51.002  30.523  -4.130 0.3000000119
71681  36.335  24.198  -7.005 0.3000000119
71682  35.679  24.331  -6.530 0.3000000119
72511  35.403  25.327  -7.671 0.4000000060
72531  36.644  25.389  -8.658 0.4000000060
73349  35.403  26.391  -8.733 0.6000000238
73364  35.853  26.775  -9.386 0.5000000000
73377  36.375  27.232  -9.955 0.5000000000
74212  36.925  27.698  -10.507 0.5000000000
74889  36.587  28.408  -10.794 0.6000000238
74276  46.967  28.209  -17.711 0.4000000060
74265  46.622  28.450  -16.697 0.5000000000
115285  45.912  27.961  -14.390 0.4000000060
73414  44.071  26.734  -13.682 0.4000000060
73415  43.175  26.422  -13.351 0.4000000060
108396  42.087  26.248  -12.954 0.4000000060
111515  40.954  26.383  -11.853 0.4000000060
73406  39.455  27.190  -12.362 0.4000000060
74225  38.108  27.824  -11.377 0.5000000000
74900  37.618  28.407  -11.725 0.6000000238
74902  36.203  29.068  -11.079 0.6000000238
74266  45.893  27.987  -16.836 0.4000000060
74255  45.408  27.809  -15.128 0.4000000060
73427  44.574  27.204  -14.499 0.4000000060
73405  40.278  26.684  -12.277 0.4000000060
73453  45.753  26.713  -18.324 0.5000000000
72415  51.071  26.574  2.244 0.2000000030
72407  50.900  26.277  2.989 0.2000000030
72406  51.307  25.573  2.557 0.2000000030
111046  51.154  25.405  3.198 0.2000000030
71566  50.709  24.955  4.361 0.2000000030
76072  46.838  32.568  -1.941 0.3000000119
76717  46.276  32.703  -2.257 0.3000000119
76087  44.795  31.834  -2.995 0.3000000119
76088  44.075  31.218  -2.783 0.3000000119
75472  42.990  29.687  -3.215 0.3000000119
74823  42.073  28.893  -2.692 0.3000000119
74824  41.544  28.457  -2.353 0.3000000119
74133  40.424  27.212  -2.382 0.3000000119
72424  51.446  26.041  0.955 0.3000000119
72414  51.409  25.803  1.771 0.2000000030
71587  51.334  24.557  2.862 0.2000000030
76084  48.271  31.849  -3.247 0.3000000119
76086  45.675  32.356  -3.063 0.3000000119
73298  39.694  26.476  -2.401 0.3000000119
72438  51.489  26.081  0.175 0.3000000119
121764  48.945  31.275  -3.502 0.3000000119
76715  47.709  32.322  -3.221 0.3000000119
72470  38.482  25.407  -2.501 0.3000000119
72471  37.749  25.062  -2.183 0.3000000119
72453  51.471  26.148  -0.553 0.3000000119
73273  51.442  27.019  -0.064 0.3000000119
75467  49.721  30.774  -3.458 0.3000000119
76083  49.289  31.892  -3.677 0.3000000119
71651  37.473  24.314  -3.383 0.2000000030
71641  37.265  24.558  -2.629 0.3000000119
75466  50.720  30.433  -3.365 0.3000000119
76082  50.272  31.381  -3.722 0.3000000119
70846  36.206  23.821  -3.479 0.2000000030
71652  36.714  24.110  -3.054 0.2000000030
73302  51.298  27.508  -2.213 0.3000000119
74817  51.177  29.524  -2.985 0.3000000119
74831  51.047  29.925  -2.871 0.3000000119
75465  51.061  30.174  -3.366 0.3000000119
117532  35.550  23.819  -4.339 0.2000000030
70840  35.947  23.999  -2.757 0.2000000030
71683  34.847  24.759  -6.195 0.3000000119
73350  34.700  26.850  -8.321 0.6000000238
119838  35.109  27.153  -9.007 0.6000000238
74199  35.568  27.553  -9.632 0.6000000238
74879  34.737  28.685  -9.522 0.6000000238
74878  35.330  28.311  -9.874 0.6000000238
74890  35.796  28.702  -10.491 0.6000000238
74901  36.930  28.731  -11.399 0.6000000238
73238  50.508  26.870  2.555 0.2000000030
73230  50.341  26.733  3.394 0.2000000030
73218  50.182  26.640  4.212 0.2000000030
73260  51.282  27.195  0.595 0.3000000119
73247  51.169  26.884  1.465 0.2000000030
75469  47.712  30.908  -2.925 0.3000000119
75456  47.114  31.633  -2.058 0.3000000119
76718  45.553  32.578  -2.183 0.3000000119
76074  44.822  32.230  -1.955 0.3000000119
76075  44.108  31.701  -1.705 0.3000000119
75450  43.312  30.964  -1.585 0.3000000119
74825  40.910  28.000  -1.969 0.3000000119
74121  40.251  27.621  -1.563 0.3000000119
105351  49.378  29.879  -3.347 0.3000000119
75468  48.540  30.317  -3.402 0.3000000119
76085  47.337  32.191  -2.590 0.3000000119
73286  39.263  26.660  -1.606 0.3000000119
73299  38.918  26.019  -2.065 0.3000000119
72460  38.192  25.657  -1.771 0.3000000119
73288  37.974  25.921  -1.166 0.3000000119
73280  51.383  27.506  -0.574 0.3000000119
71630  37.070  24.806  -1.992 0.2000000030
71631  36.413  24.753  -1.471 0.2000000030
71618  35.768  24.976  -0.717 0.2000000030
73291  51.399  27.609  -1.357 0.3000000119
74818  51.026  29.353  -2.393 0.3000000119
103680  50.601  29.974  -2.985 0.3000000119
118387  35.886  24.307  -2.008 0.2000000030
71632  35.448  24.489  -1.408 0.2000000030
72446  35.185  25.200  -0.165 0.2000000030
74125  51.290  28.696  -2.147 0.3000000119
74139  51.238  28.902  -2.688 0.3000000119
72493  34.185  25.166  -5.818 0.3000000119
71671  34.653  24.584  -5.475 0.2000000030
71644  34.520  24.205  -2.928 0.2000000030
108429  34.311  24.358  -2.177 0.2000000030
108475  34.090  24.719  -0.795 0.2000000030
72447  34.481  25.041  -0.184 0.2000000030
73311  51.056  27.747  -3.079 0.3000000119
74174  34.193  27.515  -7.902 0.5000000000
73328  34.087  26.149  -6.645 0.4000000060
72494  33.575  25.681  -5.377 0.3000000119
75506  33.915  29.042  -8.074 0.5000000000
76129  33.930  29.665  -8.711 0.6000000238
75515  34.392  29.362  -9.504 0.6000000238
75527  34.630  29.775  -10.238 0.6000000238
75526  35.397  29.386  -10.738 0.6000000238
72391  48.545  26.592  4.535 0.2000000030
73231  49.887  26.985  3.832 0.2000000030
73232  49.345  26.894  4.233 0.2000000030
73248  50.325  27.185  1.945 0.2000000030
74097  50.985  27.856  0.326 0.3000000119
118137  50.769  27.084  1.827 0.2000000030
74834  47.520  29.114  -3.327 0.3000000119
74820  46.957  29.903  -2.766 0.3000000119
76073  46.617  32.097  -1.339 0.3000000119
76702  45.613  32.571  -1.384 0.3000000119
75451  42.548  30.248  -1.421 0.3000000119
75452  41.834  29.675  -1.149 0.3000000119
74814  40.669  28.353  -1.190 0.3000000119
74833  48.559  29.118  -3.345 0.3000000119
74110  40.017  27.936  -0.837 0.3000000119
73277  38.878  26.955  -0.851 0.3000000119
74111  39.339  27.634  -0.541 0.3000000119
73274  51.226  27.704  0.036 0.3000000119
73287  38.579  26.265  -1.352 0.3000000119
109677  38.167  26.469  -0.725 0.3000000119
73267  38.349  27.033  -0.337 0.3000000119
72444  37.466  25.996  -0.675 0.2000000030
73269  36.348  26.476  0.486 0.2000000030
73253  35.935  26.872  1.078 0.2000000030
106708  51.151  28.518  -1.519 0.3000000119
118449  35.221  25.642  0.309 0.2000000030
72421  34.693  25.867  0.765 0.2000000030
72422  33.852  25.791  0.956 0.2000000030
73255  33.396  26.237  1.487 0.2000000030
118664  51.078  29.033  -1.796 0.3000000119
72486  33.384  25.209  -4.567 0.3000000119
71653  33.890  24.436  -3.481 0.2000000030
71634  33.600  24.569  -1.653 0.2000000030
72448  33.068  25.165  -0.033 0.2000000030
72434  32.618  25.614  0.500 0.2000000030
73256  32.517  26.226  1.350 0.2000000030
76123  34.225  30.328  -7.346 0.6000000238
74861  34.101  28.477  -6.629 0.5000000000
73329  33.684  26.373  -5.951 0.4000000060
73316  33.029  26.011  -4.629 0.3000000119
72487  32.823  25.483  -3.965 0.3000000119
72472  32.119  25.309  -2.054 0.2000000030
72449  32.364  25.287  -0.454 0.2000000030
73270  31.910  26.077  0.792 0.2000000030
73257  31.801  26.498  1.365 0.2000000030
75503  33.830  29.918  -7.958 0.6000000238
114496  32.392  25.775  -3.309 0.3000000119
72473  31.726  25.906  -1.812 0.2000000030
72463  31.518  26.208  -1.197 0.2000000030
73278  31.292  26.574  -0.528 0.2000000030
73240  49.512  26.855  3.376 0.2000000030
72400  48.691  26.446  3.673 0.2000000030
72392  47.637  25.970  4.747 0.2000000030
73239  50.067  27.032  2.978 0.2000000030
73262  50.254  27.546  0.967 0.2000000030
74107  50.671  27.918  0.299 0.3000000119
73261  50.800  27.530  1.053 0.2000000030
73304  47.201  27.299  -3.178 0.3000000119
74129  46.614  28.495  -3.125 0.3000000119
74821  46.194  29.159  -2.473 0.3000000119
74810  45.975  29.889  -1.431 0.3000000119
75449  45.715  30.594  -0.413 0.3000000119
73281  49.511  27.560  -0.620 0.2000000030
73292  48.455  27.042  -2.124 0.3000000119
74128  48.162  27.492  -2.835 0.3000000119
75457  46.610  30.744  -1.750 0.3000000119
76063  46.029  32.355  -0.864 0.3000000119
75441  45.590  31.812  -0.319 0.3000000119
76056  44.890  31.938  0.029 0.3000000119
76066  43.307  31.240  -0.602 0.3000000119
75443  42.461  30.546  -0.541 0.3000000119
74806  41.123  29.225  -0.722 0.3000000119
74807  40.399  28.646  -0.464 0.3000000119
74106  51.034  28.165  -0.144 0.3000000119
74117  50.512  28.192  -0.431 0.3000000119
74127  49.359  28.120  -2.164 0.3000000119
74141  47.816  28.134  -3.296 0.3000000119
74142  47.045  28.021  -3.338 0.3000000119
74116  51.140  28.375  -0.784 0.3000000119
74140  48.990  28.472  -2.905 0.3000000119
74100  39.040  27.951  0.086 0.3000000119
74101  38.264  27.549  0.241 0.2000000030
74801  38.678  28.292  0.720 0.3000000119
74832  49.940  29.390  -2.782 0.3000000119
74102  37.438  27.362  0.586 0.2000000030
74091  37.104  27.816  1.208 0.2000000030
74092  36.325  27.579  1.446 0.2000000030
74079  35.920  28.009  2.049 0.2000000030
74782  34.613  28.204  2.845 0.2000000030
74093  35.507  27.311  1.659 0.2000000030
73254  34.644  27.035  1.845 0.2000000030
74082  33.306  27.345  2.533 0.2000000030
74073  32.868  27.914  2.982 0.2000000030
74074  32.150  27.913  2.959 0.2000000030
73245  31.948  26.893  2.027 0.2000000030
74084  31.698  27.634  2.591 0.2000000030
74773  31.482  28.357  3.135 0.2000000030
77380  35.035  31.713  -6.952 0.6999999881
75502  34.130  29.304  -7.189 0.5000000000
74162  33.601  27.213  -5.722 0.4000000060
74155  32.943  26.925  -4.455 0.4000000060
73271  31.392  26.297  0.228 0.2000000030
73258  30.991  26.880  0.681 0.2000000030
74085  30.739  27.641  1.904 0.2000000030
74784  30.328  28.308  2.248 0.3000000119
76741  35.733  31.212  -6.281 0.6999999881
76117  34.778  29.930  -6.572 0.6000000238
111747  34.366  28.578  -5.769 0.5000000000
74847  33.740  28.307  -4.505 0.4000000060
74147  32.623  27.252  -3.685 0.3000000119
74135  32.334  27.531  -2.915 0.3000000119
74123  31.546  27.795  -1.418 0.3000000119
74113  31.102  27.485  -0.564 0.4000000060
74104  30.735  27.492  0.242 0.2000000030
75490  35.096  29.273  -5.312 0.6000000238
75481  34.971  29.268  -4.352 0.5000000000
74839  32.855  28.120  -3.294 0.3000000119
74826  33.246  28.861  -2.847 0.3000000119
106038  47.823  25.819  3.925 0.2000000030
71567  46.964  25.266  4.126 0.2000000030
73249  49.635  26.890  2.483 0.2000000030
72408  48.753  26.296  2.772 0.2000000030
71591  39.267  24.277  1.996 0.1000000015
72411  39.398  25.496  3.030 0.1000000015
104272  49.655  27.029  1.575 0.2000000030
72429  41.063  24.942  0.744 0.1000000015
72419  40.542  25.203  1.504 0.1000000015
120503  40.489  25.745  2.329 0.1000000015
73233  40.572  26.544  3.606 0.1000000015
74072  40.136  26.917  4.307 0.1000000015
74064  40.590  27.696  4.693 0.1000000015
74746  39.441  28.747  5.502 0.1000000015
76006  40.288  30.423  5.965 0.1000000015
77254  40.462  33.055  6.488 0.1000000015
77889  40.292  34.852  6.480 0.1000000015
122135  38.676  36.594  5.939 0.2000000030
123133  41.445  25.397  0.671 0.1000000015
72418  41.274  25.687  1.204 0.1000000015
73241  41.704  26.646  2.582 0.1000000015
74078  41.465  26.902  3.398 0.1000000015
74063  41.615  28.024  4.549 0.1000000015
74757  42.091  28.919  4.871 0.1000000015
76005  41.320  30.762  5.842 0.1000000015
76644  41.663  31.675  5.945 0.1000000015
78501  41.263  34.752  5.211 0.1000000015
79135  40.062  35.889  5.379 0.1000000015
79136  37.826  36.311  4.889 0.1000000015
79138  35.875  36.045  4.606 0.2000000030
73293  47.426  26.554  -2.628 0.3000000119
73305  46.462  27.505  -3.124 0.3000000119
74130  45.904  27.964  -2.793 0.3000000119
74822  45.500  28.488  -2.129 0.3000000119
73251  41.814  26.403  1.692 0.1000000015
74077  42.353  27.314  3.124 0.1000000015
74756  42.861  29.497  4.429 0.1000000015
75388  42.840  30.316  4.462 0.1000000015
76642  42.438  32.291  5.069 0.1000000015
123235  42.011  33.340  4.857 0.1000000015
78503  39.821  34.999  4.616 0.1000000015
78504  37.938  35.177  4.450 0.1000000015
79150  36.431  35.653  4.380 0.1000000015
79151  34.784  35.895  4.234 0.2000000030
73275  49.944  27.779  0.195 0.2000000030
76057  44.089  31.875  0.224 0.3000000119
75444  41.768  29.990  -0.452 0.3000000119
74766  43.310  29.188  3.802 0.1000000015
75399  43.299  30.082  3.880 0.1000000015
76662  42.227  31.419  4.104 0.1000000015
76663  41.339  31.610  4.060 0.1000000015
76651  39.591  32.318  4.340 0.1000000015
77283  36.897  33.207  4.414 0.1000000015
77913  36.659  34.234  4.363 0.1000000015
102924  34.977  35.261  3.912 0.1000000015
77923  33.523  35.113  3.183 0.1000000015
75436  42.263  30.610  0.307 0.3000000119
75437  41.353  29.835  0.032 0.3000000119
74799  40.156  28.936  0.220 0.3000000119
76019  41.856  31.113  3.415 0.1000000015
76021  39.554  30.867  3.590 0.1000000015
76665  39.046  31.485  4.111 0.1000000015
76654  36.581  32.158  4.410 0.1000000015
106816  36.111  32.874  4.386 0.1000000015
77286  33.913  32.936  3.915 0.1000000015
77295  33.067  33.738  3.364 0.1000000015
78518  31.866  35.377  2.753 0.1000000015
74800  39.444  28.588  0.503 0.3000000119
74790  39.146  28.904  1.196 0.3000000119
75431  38.813  29.254  1.885 0.2000000030
75400  39.000  30.191  3.118 0.1000000015
76023  37.644  30.635  3.848 0.1000000015
76025  35.862  30.351  4.087 0.1000000015
76656  34.578  31.901  4.344 0.1000000015
76658  32.830  31.576  4.129 0.1000000015
77297  31.369  33.013  3.098 0.1000000015
77926  31.364  34.448  2.663 0.1000000015
74792  37.523  28.469  1.596 0.2000000030
75422  37.611  29.445  2.768 0.2000000030
74768  35.930  29.100  3.112 0.2000000030
75404  35.460  29.607  3.667 0.2000000030
76027  34.017  30.054  4.139 0.2000000030
76014  32.581  30.664  4.179 0.1000000015
76668  31.283  31.665  3.633 0.1000000015
77307  29.862  32.633  2.541 0.2000000030
77306  29.602  34.060  2.215 0.2000000030
75406  33.643  29.260  3.791 0.2000000030
75408  31.324  29.750  3.832 0.2000000030
76028  30.811  30.572  3.702 0.1000000015
76670  29.605  31.301  2.794 0.1000000015
76676  29.210  32.078  2.266 0.2000000030
75409  29.862  29.558  3.015 0.1000000015
75425  29.442  29.623  2.415 0.2000000030
76040  28.648  31.036  1.662 0.2000000030
77319  28.036  32.499  1.383 0.2000000030
105318  30.382  28.129  0.588 0.2000000030
74802  29.839  28.736  0.925 0.3000000119
74785  29.397  29.297  1.681 0.3000000119
75432  28.922  29.874  1.158 0.3000000119
74828  31.976  28.391  -1.834 0.3000000119
74816  31.714  28.671  -1.385 0.4000000060
74114  30.724  28.250  -0.183 0.3000000119
75446  29.842  29.342  0.159 0.4000000060
76054  29.158  29.740  0.504 0.4000000060
76116  35.554  30.358  -6.107 0.6000000238
120140  35.549  29.644  -4.597 0.5000000000
75473  35.472  29.717  -3.813 0.4000000060
75482  34.248  28.935  -4.000 0.3000000119
102696  32.873  29.254  -2.288 0.3000000119
70713  27.018  23.439  11.382 0.1000000015
74023  28.669  26.974  10.595 0.1000000015
74720  31.452  28.468  10.475 0.1000000015
70712  27.408  23.418  10.717 0.1000000015
72337  27.598  25.230  9.815 0.1000000015
74029  29.337  27.226  9.915 0.1000000015
75355  32.656  29.240  10.508 0.1000000015
76576  35.718  31.421  10.689 0.1000000015
73191  29.449  25.956  7.708 0.1000000015
74033  30.403  27.373  8.554 0.1000000015
74729  30.988  27.875  9.096 0.1000000015
76577  35.007  30.978  10.431 0.1000000015
77192  36.470  31.809  10.838 0.1000000015
77838  39.267  33.992  10.603 0.1000000015
69960  30.425  22.451  7.553 0.1000000015
71552  29.725  24.043  6.797 0.1000000015
74041  30.679  27.069  7.696 0.1000000015
74727  32.374  28.553  8.333 0.1000000015
75981  34.325  30.633  9.172 0.1000000015
77215  37.094  32.724  9.681 0.1000000015
77839  38.154  33.318  10.111 0.1000000015
69991  31.067  22.797  6.032 0.1000000015
73196  31.669  26.403  6.383 0.1000000015
74047  31.898  27.098  6.838 0.1000000015
75371  32.999  28.959  7.949 0.1000000015
75988  33.795  30.153  8.761 0.1000000015
77216  36.353  32.290  9.292 0.1000000015
77847  39.232  34.532  9.768 0.1000000015
71535  44.440  24.809  7.477 0.2000000030
69989  32.478  22.424  5.354 0.1000000015
73212  32.186  26.106  5.958 0.1000000015
74046  32.711  27.523  6.739 0.2000000030
75990  34.600  30.407  7.537 0.2000000030
76604  35.523  31.634  8.309 0.2000000030
77227  37.024  32.918  8.863 0.1000000015
77848  38.128  33.711  9.244 0.1000000015
69995  42.098  23.019  3.993 0.2000000030
69983  41.839  23.030  4.710 0.2000000030
71574  33.715  24.285  4.602 0.1000000015
73210  33.737  26.403  5.700 0.1000000015
74044  34.407  27.791  6.228 0.2000000030
75989  35.302  30.731  7.170 0.2000000030
77243  36.136  32.144  7.865 0.2000000030
77860  38.084  33.905  8.323 0.1000000015
77859  39.292  35.106  8.985 0.1000000015
72401  47.940  25.663  3.093 0.2000000030
71568  46.745  25.351  4.904 0.2000000030
70007  42.318  22.998  3.267 0.2000000030
70008  41.622  22.657  3.234 0.2000000030
69996  41.355  22.656  4.111 0.2000000030
70009  40.688  22.320  3.303 0.2000000030
71573  34.615  24.791  4.541 0.1000000015
73227  35.203  26.156  5.185 0.1000000015
74740  35.367  28.658  6.285 0.2000000030
75999  35.819  30.166  6.683 0.2000000030
77874  37.435  33.307  7.714 0.2000000030
78468  39.144  35.518  8.082 0.2000000030
79097  37.611  36.517  8.558 0.2000000030
70803  42.826  23.112  1.974 0.2000000030
70030  42.169  22.922  1.614 0.2000000030
70021  42.082  22.797  2.412 0.2000000030
70023  40.318  22.379  2.327 0.2000000030
70025  38.662  22.859  2.358 0.1000000015
71593  37.863  24.065  2.720 0.1000000015
71580  38.005  24.776  3.093 0.1000000015
73224  37.531  26.489  4.743 0.1000000015
74052  37.345  27.660  5.414 0.1000000015
74053  36.653  27.427  5.476 0.1000000015
75997  37.548  30.564  6.399 0.2000000030
77256  38.102  32.510  6.750 0.2000000030
79118  38.842  36.408  7.228 0.2000000030
110453  37.046  36.514  7.719 0.2000000030
70802  43.647  23.396  2.391 0.2000000030
70812  42.637  23.152  1.137 0.2000000030
70037  41.884  23.024  1.017 0.2000000030
70814  40.437  23.245  1.264 0.1000000015
70815  39.635  23.387  1.704 0.1000000015
73235  38.752  26.099  4.085 0.1000000015
113591  38.756  27.263  4.917 0.1000000015
75385  38.861  29.325  5.793 0.1000000015
77255  39.252  33.006  6.641 0.2000000030
77890  39.530  34.289  6.821 0.2000000030
78467  39.400  36.074  7.331 0.2000000030
79119  37.755  36.584  7.053 0.2000000030
104295  42.920  23.603  -0.234 0.2000000030
70832  41.728  24.008  0.023 0.2000000030
111732  35.268  36.270  4.956 0.2000000030
79122  34.607  36.065  5.849 0.2000000030
73263  49.425  27.034  0.678 0.2000000030
113250  49.042  26.828  -0.257 0.2000000030
72439  48.172  25.944  -0.645 0.2000000030
72456  47.072  25.546  -1.829 0.2000000030
72457  46.081  25.218  -2.069 0.2000000030
72467  45.683  25.989  -2.568 0.2000000030
73296  45.127  26.636  -2.404 0.2000000030
73266  41.886  25.960  0.753 0.2000000030
74089  42.499  27.069  2.263 0.1000000015
74069  42.936  28.178  3.553 0.1000000015
79153  32.835  36.098  3.870 0.2000000030
79140  33.355  36.047  4.678 0.2000000030
73282  48.581  26.677  -1.248 0.3000000119
73283  47.772  26.187  -1.961 0.3000000119
72466  46.636  25.910  -2.496 0.3000000119
73294  46.488  26.638  -2.919 0.3000000119
74131  45.378  27.489  -2.452 0.3000000119
74119  44.828  27.630  -1.849 0.3000000119
74804  45.206  29.616  -0.081 0.3000000119
75442  45.296  31.125  0.312 0.3000000119
115580  43.954  31.645  0.853 0.3000000119
76058  43.249  31.322  0.255 0.3000000119
74776  43.956  29.532  2.463 0.1000000015
78509  32.315  35.851  3.255 0.2000000030
79142  31.944  36.036  4.058 0.2000000030
74796  45.003  30.001  0.730 0.3000000119
115467  41.603  30.236  0.664 0.3000000119
76035  43.339  30.766  2.622 0.1000000015
75417  43.640  29.935  3.131 0.1000000015
111247  43.288  30.615  3.312 0.1000000015
78520  29.925  35.237  2.917 0.2000000030
78511  30.522  35.486  3.533 0.2000000030
76052  43.297  31.279  1.180 0.3000000119
76053  42.326  30.763  1.201 0.3000000119
75418  41.334  30.503  2.031 0.2000000030
76036  42.405  30.928  2.753 0.1000000015
77928  29.307  34.847  2.529 0.2000000030
106142  29.049  33.184  1.993 0.2000000030
77932  28.661  34.299  2.008 0.2000000030
119622  27.987  34.529  2.369 0.2000000030
121880  27.730  33.117  1.514 0.2000000030
77933  27.737  33.975  1.846 0.2000000030
76049  28.529  30.628  1.215 0.3000000119
76683  28.205  31.563  1.234 0.2000000030
103919  28.609  30.380  0.423 0.3000000119
117993  27.560  31.493  0.237 0.3000000119
76689  27.020  31.796  0.160 0.3000000119
74815  32.236  29.203  -1.707 0.3000000119
76067  31.991  30.041  -1.355 0.4000000060
76059  30.301  29.920  -0.532 0.3000000119
76060  29.340  30.035  -0.171 0.4000000060
76692  28.029  30.977  -0.111 0.3000000119
76699  28.066  31.104  -1.001 0.3000000119
76736  36.525  31.532  -5.749 0.6999999881
76100  36.548  30.702  -4.806 0.6000000238
76101  36.064  30.086  -4.266 0.5000000000
76091  35.251  29.896  -3.076 0.4000000060
75460  34.468  29.749  -2.830 0.4000000060
122472  33.412  30.143  -2.261 0.3000000119
116410  32.275  30.813  -1.795 0.4000000060
77375  37.202  31.994  -5.354 0.6999999881
73999  28.702  27.162  12.438 0.1000000015
74011  30.031  27.929  12.314 0.1000000015
114921  27.118  25.691  12.135 0.1000000015
73138  28.017  26.721  12.032 0.1000000015
75337  32.611  29.203  12.336 0.1000000015
69102  29.028  21.907  12.917 0.1000000015
73151  27.986  26.554  11.096 0.1000000015
74721  30.746  28.181  10.907 0.1000000015
75345  32.631  29.228  11.413 0.1000000015
75959  34.472  30.452  11.851 0.1000000015
74009  41.593  28.160  11.510 0.1000000015
69873  31.700  22.425  13.891 0.1000000015
69890  30.313  22.354  12.196 0.1000000015
69915  28.691  22.618  10.542 0.1000000015
71530  28.055  24.427  8.932 0.1000000015
76568  35.208  30.966  11.373 0.1000000015
76567  36.114  31.466  11.426 0.1000000015
73156  42.310  27.104  10.524 0.1000000015
73155  43.200  27.080  10.252 0.1000000015
69929  29.971  22.516  9.833 0.1000000015
69944  29.086  23.010  8.383 0.1000000015
71539  28.767  24.319  7.865 0.1000000015
77202  38.319  32.859  10.995 0.1000000015
69942  30.764  22.325  8.541 0.1000000015
69961  29.607  22.931  7.662 0.1000000015
78441  39.814  35.207  10.360 0.1000000015
103142  42.830  23.583  5.839 0.2000000030
69125  32.926  21.957  7.706 0.1000000015
69139  31.857  21.850  6.683 0.1000000015
78448  39.764  36.067  10.178 0.1000000015
71523  44.062  25.067  8.145 0.2000000030
109805  41.911  23.219  5.590 0.2000000030
116327  41.566  23.274  6.334 0.2000000030
70763  40.975  23.230  6.691 0.2000000030
70747  40.299  23.270  7.272 0.2000000030
69957  35.557  22.355  7.586 0.1000000015
69150  34.256  21.355  6.167 0.1000000015
69151  33.419  21.445  6.328 0.1000000015
79090  37.904  36.404  9.788 0.1000000015
78451  34.491  35.208  9.574 0.1000000015
71549  44.634  24.566  6.679 0.2000000030
70772  42.650  23.374  4.818 0.2000000030
69984  41.202  22.796  5.005 0.2000000030
69970  41.044  23.013  5.873 0.2000000030
69971  40.196  22.851  6.295 0.2000000030
69973  38.558  22.342  6.468 0.2000000030
69954  38.202  22.635  7.100 0.2000000030
69975  37.099  22.077  6.629 0.2000000030
69173  34.893  21.565  4.771 0.1000000015
69162  33.713  21.509  5.573 0.1000000015
79091  36.743  36.257  9.274 0.1000000015
70791  43.550  23.495  3.506 0.2000000030
70782  42.862  23.314  3.824 0.2000000030
69997  40.578  22.381  4.375 0.2000000030
69985  40.425  22.563  5.318 0.2000000030
69156  39.063  21.884  4.989 0.2000000030
69157  38.438  21.763  5.253 0.2000000030
69171  37.250  21.490  4.250 0.1000000015
69999  35.236  21.951  4.283 0.1000000015
70796  34.735  23.207  4.088 0.1000000015
73226  35.864  26.226  4.996 0.1000000015
79098  36.214  36.247  8.356 0.2000000030
79092  35.323  35.747  8.980 0.1000000015
113691  46.027  24.868  4.993 0.2000000030
71548  45.517  24.986  6.264 0.2000000030
70801  44.376  23.613  2.548 0.2000000030
117262  39.257  21.930  3.403 0.2000000030
69179  38.563  21.835  3.490 0.2000000030
70012  37.361  22.420  3.061 0.1000000015
70793  36.798  23.270  3.135 0.1000000015
71572  35.484  24.775  4.245 0.1000000015
79104  35.825  36.259  7.383 0.2000000030
78459  34.296  35.285  8.665 0.1000000015
72416  48.811  26.257  1.841 0.2000000030
71588  47.294  25.123  2.697 0.2000000030
70810  44.292  23.521  1.791 0.2000000030
114834  43.202  23.339  0.501 0.2000000030
78470  33.490  35.116  7.448 0.2000000030
78469  34.136  35.378  7.744 0.2000000030
70809  45.013  23.723  1.343 0.2000000030
120526  44.446  23.607  -0.079 0.2000000030
70821  43.724  23.544  -0.177 0.2000000030
117214  42.138  24.267  -0.278 0.2000000030
79106  33.969  35.525  6.806 0.2000000030
120086  48.896  26.392  1.080 0.2000000030
72440  47.273  25.282  -0.967 0.2000000030
72441  46.605  25.065  -1.437 0.2000000030
71626  46.080  24.743  -1.420 0.2000000030
71639  45.269  25.243  -2.181 0.2000000030
70830  43.494  23.866  -0.779 0.2000000030
72442  43.080  25.053  -1.001 0.2000000030
72427  42.184  25.653  0.023 0.2000000030
73250  42.537  26.817  1.343 0.1000000015
119015  32.251  35.226  5.852 0.2000000030
72468  44.854  25.720  -2.226 0.2000000030
74108  44.631  28.284  -0.781 0.3000000119
108196  43.168  26.016  -0.862 0.2000000030
74098  43.903  27.946  0.546 0.2000000030
74099  43.218  27.332  0.940 0.2000000030
74788  43.754  28.517  2.282 0.1000000015
74076  43.156  27.856  2.755 0.1000000015
78489  30.935  34.619  5.712 0.2000000030
74797  44.508  28.986  1.085 0.3000000119
74787  44.255  29.254  1.802 0.2000000030
74087  43.869  28.237  1.461 0.1000000015
78521  29.068  35.112  3.162 0.2000000030
78512  29.662  35.138  3.840 0.2000000030
76045  43.887  30.959  1.848 0.3000000119
76046  43.268  31.010  1.939 0.1000000015
103885  27.744  34.463  3.234 0.2000000030
77934  26.831  33.768  2.184 0.3000000119
77930  27.287  34.190  2.678 0.2000000030
77309  27.142  33.255  1.518 0.2000000030
77331  26.769  32.312  0.573 0.3000000119
77321  26.060  32.604  0.627 0.3000000119
76693  27.434  31.395  -0.465 0.3000000119
77332  26.488  32.098  0.080 0.3000000119
76696  31.515  31.177  -1.735 0.4000000060
76697  30.679  31.064  -1.521 0.4000000060
76698  29.750  31.175  -1.656 0.3000000119
115376  28.945  31.110  -1.368 0.3000000119
76700  27.367  31.533  -1.325 0.3000000119
76729  37.112  31.193  -4.198 0.6000000238
76090  35.960  30.176  -3.382 0.5000000000
76076  35.559  30.463  -2.785 0.4000000060
76706  34.751  31.017  -2.514 0.3000000119
76079  33.170  30.665  -2.219 0.2000000030
76709  31.911  31.575  -2.219 0.4000000060
76710  31.043  31.632  -2.180 0.3000000119
75332  32.569  29.165  13.258 0.1000000015
75960  33.862  29.976  12.341 0.1000000015
76566  36.482  31.510  12.181 0.1000000015
74709  42.271  28.923  12.087 0.1000000015
106076  42.561  28.447  11.402 0.1000000015
70695  33.746  23.367  14.045 0.1000000015
69878  32.255  22.771  13.380 0.1000000015
69888  32.066  22.858  12.408 0.1000000015
77829  39.297  33.704  11.514 0.1000000015
73169  43.136  26.017  9.509 0.1000000015
102218  33.939  23.771  13.148 0.2000000030
70704  32.813  23.286  12.023 0.2000000030
69912  31.410  22.665  10.208 0.1000000015
78440  39.941  35.640  10.872 0.1000000015
72345  43.622  25.410  8.804 0.1000000015
70702  34.066  23.990  12.257 0.2000000030
70718  33.627  23.671  10.764 0.2000000030
104552  32.484  22.549  9.058 0.1000000015
79078  37.849  36.271  10.981 0.1000000015
107776  33.772  22.910  9.072 0.1000000015
69941  32.256  22.097  8.092 0.1000000015
79084  37.539  36.260  10.426 0.1000000015
71536  43.073  24.142  7.485 0.2000000030
71537  42.501  24.114  7.865 0.2000000030
70734  40.809  23.684  7.997 0.2000000030
69937  36.337  22.900  8.018 0.2000000030
114148  35.664  22.988  8.318 0.2000000030
78450  35.523  35.621  9.859 0.1000000015
119855  39.189  23.489  8.178 0.2000000030
70749  38.569  23.133  7.748 0.2000000030
70737  37.779  23.333  8.188 0.2000000030
106061  36.942  23.437  8.469 0.2000000030
71570  44.849  24.289  5.111 0.2000000030
78460  33.410  34.832  8.284 0.1000000015
71577  47.162  25.177  3.360 0.2000000030
71569  45.368  24.410  4.588 0.2000000030
78471  32.846  34.751  7.505 0.2000000030
77875  31.984  34.261  7.434 0.2000000030
78461  32.551  34.348  8.318 0.2000000030
72409  47.836  25.465  2.114 0.2000000030
70820  45.035  23.732  0.415 0.2000000030
70836  44.021  24.246  -1.288 0.2000000030
77877  30.578  33.471  7.351 0.2000000030
72417  48.016  25.558  0.984 0.2000000030
72426  47.675  25.413  -0.069 0.2000000030
71604  47.099  24.922  0.389 0.2000000030
71612  46.984  24.948  -0.357 0.2000000030
71613  46.527  24.757  -0.890 0.2000000030
72459  43.598  25.683  -1.356 0.2000000030
77892  31.167  34.005  6.861 0.2000000030
77258  29.215  33.002  6.853 0.2000000030
71627  45.405  24.693  -1.677 0.2000000030
73285  43.595  26.607  -1.019 0.2000000030
120959  30.184  34.179  5.683 0.2000000030
72458  44.196  25.576  -1.781 0.2000000030
74120  44.167  27.125  -1.331 0.2000000030
74109  43.958  27.600  -0.440 0.2000000030
74805  44.586  28.694  0.212 0.2000000030
77918  28.341  34.574  3.738 0.2000000030
107183  28.382  33.977  4.671 0.2000000030
77902  27.688  33.725  4.503 0.2000000030
102731  26.874  33.090  4.809 0.2000000030
77310  26.289  33.302  1.712 0.3000000119
77322  25.623  33.052  1.435 0.3000000119
117709  25.332  32.909  0.812 0.3000000119
120326  26.177  32.924  1.213 0.3000000119
77344  26.068  32.264  -1.333 0.3000000119
77338  25.923  32.297  -0.384 0.3000000119
77357  28.666  32.047  -2.696 0.3000000119
105418  27.302  31.954  -2.115 0.3000000119
77343  26.591  32.448  -2.113 0.3000000119
77372  38.224  32.281  -3.909 0.6999999881
76720  37.019  31.232  -3.343 0.6000000238
76704  36.591  31.535  -2.729 0.5000000000
103748  35.033  31.811  -2.587 0.4000000060
77351  34.170  31.973  -2.629 0.3000000119
77352  33.222  32.094  -2.700 0.4000000060
77353  32.327  32.106  -2.752 0.3000000119
77367  30.903  32.641  -3.428 0.4000000060
77356  29.577  32.069  -2.787 0.3000000119
76563  35.851  31.079  12.693 0.1000000015
73994  41.318  28.419  12.022 0.1000000015
73170  42.266  26.298  10.006 0.1000000015
70686  34.476  23.585  14.695 0.1000000015
72346  42.690  25.063  8.943 0.2000000030
72297  37.846  26.146  13.978 0.1000000015
72298  36.719  25.356  13.976 0.1000000015
71473  36.009  24.926  13.515 0.1000000015
70694  34.525  23.900  13.799 0.1000000015
118560  43.691  24.514  7.698 0.2000000030
71524  43.123  24.602  8.231 0.2000000030
72331  42.248  25.517  9.470 0.1000000015
107811  36.667  25.476  13.081 0.1000000015
71484  34.825  24.485  11.905 0.1000000015
70710  34.171  24.085  11.332 0.2000000030
78443  35.636  35.458  10.684 0.1000000015
70761  43.794  23.990  6.097 0.2000000030
71525  42.203  24.395  8.442 0.2000000030
71491  35.359  24.833  11.187 0.2000000030
71492  34.744  24.447  11.028 0.2000000030
70744  43.012  23.819  6.706 0.2000000030
70733  41.728  23.816  7.818 0.2000000030
71526  41.328  24.214  8.582 0.2000000030
71527  40.421  24.116  8.719 0.2000000030
72334  39.530  25.310  9.903 0.2000000030
72335  38.584  25.175  9.903 0.2000000030
71515  36.291  24.618  9.776 0.2000000030
71516  35.602  24.482  9.921 0.2000000030
72333  40.398  25.390  9.824 0.1000000015
71511  39.999  24.686  9.361 0.2000000030
71513  38.559  24.366  9.242 0.2000000030
70726  37.638  24.017  8.979 0.2000000030
71514  37.133  24.657  9.638 0.2000000030
70738  36.118  23.475  8.700 0.2000000030
78452  33.630  34.765  9.248 0.1000000015
78453  32.968  34.429  8.965 0.1000000015
115409  46.187  24.754  4.324 0.2000000030
77861  31.776  33.879  8.486 0.1000000015
71589  46.644  24.721  2.800 0.2000000030
71578  46.391  24.705  3.535 0.2000000030
71579  45.585  24.330  3.742 0.2000000030
71598  45.701  24.127  1.872 0.2000000030
77244  30.099  33.157  7.718 0.1000000015
77876  31.203  33.659  7.819 0.1000000015
71597  46.358  24.466  1.539 0.2000000030
115501  46.284  24.472  2.238 0.2000000030
71606  45.705  24.093  0.982 0.2000000030
70828  45.013  23.854  -0.454 0.2000000030
71596  47.124  24.886  1.306 0.2000000030
71605  46.400  24.478  0.679 0.2000000030
112960  46.415  24.548  -0.176 0.2000000030
71614  45.726  24.124  0.082 0.2000000030
71615  44.818  24.197  -1.221 0.2000000030
77259  28.393  32.818  6.587 0.2000000030
71628  44.586  24.866  -1.795 0.2000000030
77267  28.172  33.286  5.535 0.2000000030
77269  26.720  32.571  5.505 0.2000000030
77289  25.818  32.962  3.859 0.2000000030
120396  25.974  32.708  4.478 0.2000000030
77312  24.821  33.041  2.678 0.2000000030
77300  25.296  33.020  3.222 0.2000000030
77323  24.775  33.140  1.352 0.3000000119
119782  25.048  33.170  2.002 0.3000000119
77334  24.203  33.325  0.892 0.3000000119
77952  24.886  33.239  -1.090 0.3000000119
77340  24.764  33.092  -0.300 0.3000000119
77348  37.693  32.575  -2.711 0.5000000000
77972  36.337  33.426  -2.855 0.4000000060
77973  35.456  33.285  -2.980 0.4000000060
113072  33.628  33.432  -3.771 0.4000000060
77358  27.326  32.755  -2.726 0.3000000119
77959  25.905  32.969  -1.980 0.3000000119
76703  37.422  31.854  -2.888 0.6000000238
77965  36.289  32.845  -2.646 0.4000000060
77363  34.736  32.623  -2.826 0.4000000060
77364  33.695  32.795  -3.132 0.4000000060
77365  32.760  32.670  -3.248 0.4000000060
77977  31.324  33.278  -4.059 0.4000000060
77979  29.518  33.335  -3.795 0.4000000060
77980  28.621  33.297  -3.517 0.3000000119
73995  40.638  28.138  12.481 0.1000000015
73996  39.854  27.542  11.932 0.1000000015
73984  39.763  27.580  12.853 0.1000000015
74020  41.920  27.639  10.966 0.1000000015
73146  40.968  27.415  11.074 0.1000000015
74010  40.699  27.844  11.677 0.1000000015
73147  40.069  27.211  11.248 0.1000000015
73135  39.089  27.094  12.258 0.1000000015
73137  37.833  26.200  13.130 0.1000000015
72307  37.268  25.863  12.701 0.1000000015
73157  41.395  26.688  10.483 0.1000000015
73149  38.413  26.544  11.709 0.1000000015
73136  38.421  26.619  12.689 0.1000000015
72308  36.729  25.596  12.205 0.1000000015
115919  35.546  24.911  11.947 0.1000000015
72332  41.378  25.621  9.775 0.1000000015
72321  40.677  26.081  10.242 0.1000000015
73158  40.390  26.694  10.699 0.1000000015
73159  39.531  26.585  10.823 0.1000000015
73148  39.246  26.936  11.454 0.1000000015
72315  37.660  26.060  11.536 0.1000000015
72325  36.630  25.467  10.876 0.1000000015
71509  41.794  24.880  9.082 0.2000000030
71510  40.902  24.758  9.256 0.2000000030
72322  39.913  26.011  10.334 0.1000000015
106000  39.064  25.932  10.403 0.1000000015
72323  38.233  25.825  10.549 0.1000000015
71499  37.652  25.277  10.102 0.2000000030
119530  37.906  24.705  9.586 0.2000000030
76645  25.294  31.985  5.508 0.1000000015
76635  26.238  32.095  6.083 0.1000000015
76660  24.710  32.184  4.755 0.1000000015
77270  26.158  32.508  5.047 0.2000000030
77302  23.736  32.703  3.510 0.2000000030
77291  24.214  32.457  4.120 0.2000000030
77935  22.898  33.519  2.024 0.2000000030
77301  24.543  32.752  3.405 0.2000000030
77324  23.937  33.310  1.536 0.3000000119
108737  24.379  33.146  2.131 0.3000000119
78535  23.432  34.513  -0.593 0.2000000030
116241  23.821  33.987  -0.413 0.2000000030
103098  24.534  34.113  -1.389 0.3000000119
77953  24.325  33.662  -0.693 0.3000000119
77963  37.890  33.328  -2.620 0.5000000000
78558  36.998  33.903  -2.840 0.4000000060
78559  35.953  34.146  -3.363 0.4000000060
77974  34.396  33.371  -3.423 0.4000000060
77966  27.130  33.727  -3.016 0.3000000119
78552  26.465  34.188  -2.731 0.3000000119
78553  25.171  34.506  -2.080 0.3000000119
115184  31.976  33.766  -4.331 0.4000000060
78571  30.549  34.556  -4.384 0.4000000060
78572  29.772  34.178  -4.188 0.4000000060
78562  28.372  34.589  -3.681 0.4000000060
80888  23.836  37.900  3.226 0.2000000030
79776  22.292  36.065  3.987 0.2000000030
78522  22.051  34.291  3.701 0.2000000030
77303  22.993  32.927  3.560 0.2000000030
80893  24.597  38.541  2.320 0.2000000030
80330  23.080  37.681  1.860 0.2000000030
79778  22.111  36.306  2.316 0.2000000030
102244  22.408  33.935  2.088 0.2000000030
77314  23.371  32.964  2.973 0.2000000030
80898  23.542  38.273  1.411 0.2000000030
80333  22.543  37.290  0.580 0.3000000119
79787  21.972  35.972  0.659 0.2000000030
78532  22.716  34.229  0.696 0.2000000030
79790  22.569  36.592  -0.500 0.2000000030
121558  23.141  35.139  -0.776 0.2000000030
78536  22.730  34.843  -0.095 0.2000000030
79175  24.030  35.657  -1.679 0.2000000030
120702  36.555  34.478  -3.281 0.4000000060
78566  35.324  34.793  -4.061 0.3000000119
78568  33.600  34.717  -4.485 0.4000000060
107889  32.815  34.857  -4.569 0.4000000060
79185  27.176  35.424  -3.157 0.3000000119
79187  25.595  35.318  -2.450 0.3000000119
79205  33.201  35.595  -4.568 0.4000000060
78570  31.189  34.815  -4.492 0.4000000060
79209  29.901  35.134  -4.224 0.4000000060
78561  29.110  34.869  -4.008 0.4000000060
79197  28.539  35.486  -3.638 0.4000000060
81514  23.868  38.779  1.053 0.3000000119
80902  22.868  37.885  0.274 0.3000000119
80913  23.563  38.627  -1.084 0.3000000119
80340  22.978  37.072  -1.062 0.2000000030
79794  24.213  37.351  -2.058 0.2000000030
120705  24.893  36.951  -2.383 0.2000000030
79194  36.207  35.032  -3.695 0.3000000119
79818  27.793  36.074  -3.296 0.4000000060
114584  26.880  36.077  -2.966 0.3000000119
79802  25.669  36.849  -2.601 0.3000000119
79204  34.085  35.503  -4.551 0.3000000119
79817  28.832  36.466  -3.481 0.4000000060
80912  24.080  38.319  -1.881 0.3000000119
105586  24.669  37.979  -2.331 0.2000000030
80348  25.225  37.526  -2.529 0.2000000030
120874  26.790  37.390  -2.967 0.3000000119
116475  26.481  36.804  -2.818 0.3000000119
70770  44.145  23.995  5.213 0.2000000030
70781  43.632  23.653  4.432 0.2000000030
109869  44.266  23.750  3.792 0.2000000030
71550  43.787  24.220  7.049 0.2000000030
70779  44.934  24.052  3.977 0.2000000030
71559  44.731  24.392  5.802 0.2000000030
70800  45.019  23.800  2.267 0.2000000030
71558  45.477  24.687  5.417 0.2000000030
76728  37.557  31.769  -4.512 0.6999999881
77362  38.122  32.259  -3.076 0.5000000000
76134  33.995  30.305  -9.505 0.6000000238
120044  33.776  31.251  -8.336 0.6000000238
76124  33.835  30.666  -7.927 0.6000000238
76130  33.774  30.500  -8.580 0.6000000238
74224  38.876  27.447  -11.718 0.4000000060
74913  37.168  28.995  -12.079 0.6000000238
73404  41.182  26.372  -12.616 0.4000000060
74852  45.415  28.959  -5.804 0.3000000119
75496  46.039  29.323  -6.133 0.3000000119
74165  45.505  27.717  -6.674 0.3000000119
115576  43.727  25.801  -6.404 0.3000000119
72492  41.570  25.202  -5.402 0.3000000119
120630  44.771  26.234  -7.175 0.3000000119
72498  43.383  25.193  -6.811 0.3000000119
72475  50.740  25.582  -2.590 0.3000000119
75485  50.557  29.991  -5.772 0.3000000119
73333  45.362  26.514  -7.744 0.3000000119
117679  43.618  25.052  -7.521 0.3000000119
117641  41.356  24.337  -7.340 0.3000000119
71679  40.715  24.296  -6.755 0.3000000119
73346  45.637  26.507  -8.616 0.3000000119
71707  42.421  24.621  -8.236 0.3000000119
115536  40.977  24.727  -8.593 0.3000000119
76145  49.527  31.311  -10.946 0.3000000119
75524  48.632  30.789  -10.463 0.3000000119
103468  49.441  31.369  -10.190 0.3000000119
72526  41.703  24.882  -9.049 0.3000000119
76153  49.694  31.290  -11.879 0.3000000119
76160  49.918  31.357  -12.718 0.3000000119
109493  49.211  30.761  -13.692 0.3000000119
75559  49.710  31.087  -14.673 0.3000000119
74954  48.819  29.358  -17.637 0.4000000060
75571  48.364  30.035  -16.108 0.4000000060
75570  49.371  30.622  -15.817 0.3000000119
116208  50.023  31.034  -15.614 0.3000000119
75488  44.911  29.501  -5.191 0.3000000119
74151  43.088  27.804  -4.769 0.3000000119
70029  50.550  22.177  2.192 0.2000000030
71668  40.805  24.958  -5.189 0.3000000119
76105  47.598  31.511  -5.442 0.3000000119
115276  49.496  32.364  -4.580 0.3000000119
76114  47.788  31.016  -6.503 0.3000000119
76121  49.356  31.756  -7.317 0.3000000119
120423  46.766  29.508  -6.991 0.3000000119
75500  47.082  30.075  -6.881 0.3000000119
104447  40.004  24.752  -4.986 0.2000000030
76111  50.239  31.411  -6.840 0.3000000119
76103  50.462  31.379  -5.731 0.3000000119
116894  47.700  30.531  -7.487 0.3000000119
104375  47.711  30.219  -8.336 0.3000000119
70866  38.021  23.826  -6.362 0.2000000030
70865  38.690  24.017  -6.725 0.2000000030
71680  39.644  24.188  -6.549 0.3000000119
75484  50.751  30.824  -5.116 0.3000000119
76120  49.949  31.597  -7.659 0.3000000119
105174  49.507  31.621  -8.145 0.3000000119
76127  49.247  31.443  -8.864 0.3000000119
76128  48.343  30.817  -8.967 0.3000000119
75505  47.294  29.241  -8.597 0.3000000119
102823  46.969  28.397  -8.965 0.3000000119
71692  39.289  24.274  -7.395 0.2000000030
70878  37.006  23.953  -7.033 0.2000000030
75513  48.901  31.234  -9.642 0.3000000119
105136  47.735  29.958  -9.034 0.3000000119
74198  46.152  27.074  -8.929 0.3000000119
74197  46.570  27.663  -9.315 0.3000000119
72522  45.161  25.988  -9.091 0.3000000119
72523  44.628  25.565  -8.658 0.3000000119
71710  39.098  24.700  -8.269 0.3000000119
74209  46.533  27.578  -10.054 0.3000000119
74208  46.864  27.964  -10.564 0.3000000119
73373  45.572  26.693  -10.312 0.3000000119
72538  44.461  25.649  -9.475 0.3000000119
72540  42.162  25.267  -9.863 0.3000000119
74221  47.109  28.271  -11.153 0.3000000119
114100  46.382  27.505  -10.626 0.3000000119
117799  43.815  25.484  -9.827 0.3000000119
73359  45.016  26.106  -9.886 0.3000000119
72543  39.746  25.790  -9.827 0.4000000060
75560  48.576  30.157  -14.612 0.4000000060
72557  42.589  25.575  -10.530 0.3000000119
72558  41.673  25.679  -10.540 0.4000000060
74933  46.902  28.863  -15.902 0.4000000060
74844  43.457  28.658  -4.553 0.3000000119
73297  40.277  26.632  -2.935 0.3000000119
71649  38.980  24.892  -4.004 0.2000000030
71603  51.497  24.311  0.363 0.2000000030
76735  47.502  32.157  -4.393 0.3000000119
71660  37.690  24.106  -4.201 0.2000000030
76095  50.458  31.754  -4.000 0.3000000119
70852  37.100  23.729  -4.654 0.2000000030
76081  50.754  30.938  -3.747 0.3000000119
70868  36.468  23.872  -6.446 0.2000000030
71712  37.105  24.786  -8.198 0.3000000119
71696  35.879  24.676  -7.312 0.3000000119
71711  38.037  24.697  -8.273 0.3000000119
73363  36.693  26.520  -9.636 0.4000000060
73348  36.203  26.038  -9.074 0.5000000000
74235  46.283  27.678  -12.376 0.4000000060
74222  46.486  27.679  -11.327 0.3000000119
73362  37.559  26.386  -9.815 0.5000000000
73361  38.402  26.372  -10.030 0.4000000060
74910  46.869  28.327  -13.051 0.4000000060
111040  45.122  26.807  -11.977 0.4000000060
72568  43.095  25.834  -11.133 0.4000000060
73387  44.510  26.384  -11.620 0.4000000060
72560  40.103  26.041  -10.442 0.4000000060
73360  39.267  26.358  -10.370 0.4000000060
73376  37.206  26.987  -10.182 0.5000000000
73388  43.643  26.100  -11.704 0.4000000060
73401  44.067  26.343  -12.227 0.4000000060
102063  41.829  26.154  -11.989 0.4000000060
73392  39.142  26.924  -11.043 0.4000000060
111130  44.042  26.515  -12.925 0.4000000060
73403  42.640  26.200  -12.489 0.4000000060
73391  39.663  26.866  -11.606 0.4000000060
74226  37.371  28.120  -11.052 0.6000000238
70799  51.164  23.649  3.193 0.2000000030
76099  44.969  31.301  -3.915 0.3000000119
72479  38.744  25.157  -3.255 0.3000000119
76714  48.474  32.237  -3.625 0.3000000119
70853  36.256  23.683  -4.309 0.2000000030
70869  35.947  23.863  -5.932 0.2000000030
71661  35.189  24.013  -4.649 0.2000000030
72501  35.099  25.005  -6.939 0.3000000119
71670  35.327  24.220  -5.737 0.3000000119
72532  35.774  25.655  -8.398 0.5000000000
73334  34.947  26.044  -8.030 0.5000000000
74185  34.581  27.528  -8.571 0.5000000000
74213  36.086  27.964  -10.245 0.6000000238
72399  50.745  25.876  3.783 0.2000000030
76701  46.245  32.618  -1.554 0.3000000119
75458  43.380  30.576  -2.595 0.3000000119
75459  42.635  29.769  -2.465 0.3000000119
74134  39.839  27.051  -1.835 0.3000000119
71640  38.016  24.826  -2.930 0.3000000119
72461  37.374  25.338  -1.404 0.3000000119
121305  35.795  23.861  -3.261 0.2000000030
70854  34.809  24.056  -3.922 0.2000000030
71643  35.136  24.204  -2.244 0.2000000030
72512  34.644  25.736  -7.240 0.4000000060
72502  34.426  25.422  -6.506 0.3000000119
72503  33.931  25.744  -6.090 0.3000000119
73335  34.266  26.676  -7.420 0.5000000000
74868  34.219  28.197  -8.357 0.5000000000
74200  34.775  28.002  -9.164 0.6000000238
105137  34.259  28.810  -8.892 0.6000000238
74891  35.036  29.024  -10.097 0.6000000238
74812  41.981  29.273  -1.969 0.3000000119
74813  41.328  28.811  -1.574 0.3000000119
74122  39.598  27.301  -1.204 0.3000000119
72445  36.657  25.441  -0.704 0.2000000030
72430  35.944  25.709  -0.027 0.2000000030
71619  34.930  24.700  -0.739 0.2000000030
71633  34.581  24.460  -1.482 0.2000000030
72432  34.750  25.407  0.233 0.2000000030
71672  33.980  24.868  -5.099 0.3000000119
71663  33.944  24.571  -4.305 0.3000000119
71645  33.704  24.471  -2.651 0.2000000030
71620  33.224  24.845  -0.712 0.2000000030
72433  33.437  25.432  0.465 0.2000000030
74168  33.935  27.644  -7.026 0.5000000000
117780  33.972  28.362  -7.508 0.5000000000
74169  33.836  26.969  -6.526 0.5000000000
73323  33.317  26.604  -5.206 0.4000000060
76064  45.108  32.335  -0.827 0.3000000119
76065  44.165  31.965  -0.630 0.3000000119
74112  38.774  27.424  -0.278 0.3000000119
73268  37.660  26.761  -0.081 0.3000000119
72431  35.536  26.165  0.660 0.2000000030
104396  37.013  26.787  0.361 0.2000000030
74103  36.702  27.158  0.863 0.2000000030
110607  35.091  26.568  1.253 0.2000000030
111404  34.242  26.331  1.419 0.2000000030
72423  33.163  25.802  0.992 0.2000000030
73244  32.870  26.741  2.050 0.2000000030
73243  33.769  26.816  1.991 0.2000000030
72480  33.271  24.838  -3.826 0.2000000030
71646  32.828  24.786  -2.437 0.2000000030
72481  32.747  25.070  -3.269 0.2000000030
71635  32.592  24.919  -1.420 0.2000000030
76742  34.888  30.823  -6.777 0.6999999881
74161  33.892  27.832  -6.181 0.4000000060
73317  32.612  26.330  -3.913 0.3000000119
72462  31.910  25.497  -1.246 0.2000000030
121697  32.354  25.334  -2.742 0.2000000030
72450  31.651  25.853  -0.504 0.2000000030
123038  31.431  26.500  0.944 0.2000000030
118768  31.309  27.393  2.172 0.2000000030
74094  31.222  26.970  1.517 0.2000000030
117678  31.921  26.932  -2.604 0.3000000119
73301  31.620  26.768  -1.884 0.2000000030
73289  31.373  26.956  -1.135 0.4000000060
75448  46.216  31.444  -0.820 0.3000000119
74118  49.529  27.828  -1.322 0.3000000119
74808  39.729  28.271  -0.170 0.3000000119
74126  50.711  28.627  -1.327 0.3000000119
74819  50.493  29.018  -2.086 0.3000000119
74090  37.876  28.054  0.932 0.2000000030
74791  38.330  28.675  1.391 0.2000000030
74793  36.729  28.253  1.819 0.2000000030
74080  35.067  27.755  2.259 0.2000000030
74781  35.491  28.445  2.661 0.2000000030
74780  36.338  28.672  2.458 0.2000000030
74769  35.037  28.905  3.247 0.2000000030
74770  34.147  28.686  3.383 0.2000000030
74771  33.251  28.545  3.396 0.2000000030
74783  33.728  28.010  2.953 0.2000000030
74081  34.199  27.484  2.463 0.2000000030
74083  32.451  27.381  2.551 0.2000000030
74772  32.376  28.454  3.339 0.2000000030
104961  31.848  29.047  3.653 0.2000000030
102273  30.984  27.977  2.568 0.3000000119
113244  31.099  29.059  3.481 0.1000000015
74774  30.515  28.767  3.015 0.3000000119
75497  34.674  29.150  -6.236 0.5000000000
74154  33.382  27.512  -4.921 0.4000000060
74854  33.846  28.065  -5.363 0.4000000060
74146  33.118  27.825  -4.118 0.3000000119
74095  30.625  27.472  1.079 0.3000000119
74794  30.260  28.125  1.428 0.4000000060
75424  29.856  28.995  2.423 0.2000000030
116553  36.198  30.801  -5.604 0.6999999881
75489  35.831  30.043  -5.244 0.6000000238
74846  34.418  28.735  -4.904 0.4000000060
74136  31.929  27.667  -2.212 0.3000000119
74827  32.497  28.456  -2.435 0.3000000119
74809  31.257  28.472  -0.844 0.4000000060
75445  30.764  29.171  -0.449 0.4000000060
75474  34.757  29.455  -3.498 0.4000000060
74838  33.530  28.561  -3.640 0.3000000119
70804  38.913  23.487  2.109 0.1000000015
71592  38.548  24.322  2.499 0.1000000015
72410  40.140  25.900  2.992 0.1000000015
72420  39.793  25.168  2.221 0.1000000015
72412  38.716  25.125  3.047 0.1000000015
73222  39.214  26.736  4.460 0.1000000015
71607  41.224  24.119  0.415 0.2000000030
70824  40.999  23.450  0.750 0.1000000015
73252  41.094  26.037  2.017 0.1000000015
74758  41.070  28.504  5.061 0.1000000015
74745  40.478  29.017  5.452 0.1000000015
74065  39.606  27.456  4.814 0.1000000015
76628  41.071  32.256  6.289 0.1000000015
75995  39.570  31.036  6.242 0.1000000015
78483  41.222  34.822  5.860 0.1000000015
108529  40.822  35.181  6.087 0.1000000015
76629  39.948  32.029  6.431 0.1000000015
115317  39.004  36.374  5.383 0.1000000015
79753  37.231  36.572  6.006 0.2000000030
119226  39.195  36.408  6.446 0.2000000030
79765  37.263  36.477  5.165 0.1000000015
74070  42.053  27.629  3.896 0.1000000015
75382  41.887  30.267  5.485 0.1000000015
75381  42.508  30.710  5.055 0.1000000015
76643  42.244  32.063  5.510 0.1000000015
77909  41.551  34.173  4.940 0.1000000015
79146  40.312  35.571  4.981 0.1000000015
79149  37.380  35.819  4.513 0.1000000015
114616  35.616  35.593  4.249 0.1000000015
79139  34.279  36.144  4.692 0.2000000030
76018  42.922  30.632  3.927 0.1000000015
123236  42.561  31.107  4.117 0.1000000015
76648  42.422  31.812  4.608 0.1000000015
77279  41.287  33.359  4.601 0.1000000015
77910  40.621  34.216  4.627 0.1000000015
77280  40.153  33.246  4.459 0.1000000015
77911  38.651  34.298  4.444 0.1000000015
78506  35.981  34.916  4.169 0.1000000015
78507  34.033  35.560  3.638 0.1000000015
78508  33.160  35.720  3.380 0.1000000015
74811  45.315  29.061  -1.101 0.3000000119
76650  40.769  32.394  4.361 0.1000000015
76664  40.159  31.547  4.077 0.1000000015
77282  37.984  33.207  4.405 0.1000000015
76652  38.508  32.288  4.351 0.1000000015
77284  35.411  33.246  4.255 0.1000000015
76653  37.514  32.250  4.381 0.1000000015
77914  35.227  34.306  4.005 0.1000000015
77915  34.346  34.755  3.598 0.1000000015
78517  32.748  35.323  2.888 0.1000000015
77924  33.108  34.644  3.044 0.1000000015
74789  39.943  29.237  0.940 0.3000000119
76020  40.681  31.004  3.478 0.1000000015
76038  40.005  30.394  2.936 0.1000000015
76022  38.548  30.750  3.710 0.1000000015
76009  37.139  31.353  4.273 0.1000000015
76655  35.591  32.155  4.414 0.1000000015
76011  35.279  31.114  4.351 0.1000000015
76010  36.227  31.254  4.339 0.1000000015
107936  34.831  32.766  4.238 0.1000000015
77296  32.228  33.452  3.212 0.1000000015
77287  32.972  32.619  3.814 0.1000000015
77285  34.598  33.693  3.902 0.1000000015
77925  32.417  34.578  2.844 0.1000000015
78510  31.430  35.760  3.325 0.2000000030
78519  30.889  35.306  2.837 0.2000000030
74778  37.964  29.077  2.050 0.2000000030
75430  39.679  29.502  1.690 0.2000000030
75420  39.376  29.798  2.437 0.2000000030
75419  40.326  30.094  2.224 0.2000000030
75401  38.083  30.049  3.260 0.1000000015
76024  36.772  30.506  4.003 0.1000000015
75402  37.217  29.901  3.418 0.1000000015
76012  34.324  30.933  4.305 0.2000000030
76026  34.931  30.210  4.119 0.2000000030
76013  33.441  30.792  4.249 0.1000000015
76667  32.129  32.282  3.739 0.1000000015
76659  32.103  31.365  4.066 0.1000000015
102002  30.671  32.475  3.021 0.1000000015
77298  30.512  33.687  2.547 0.1000000015
77927  30.252  34.761  2.490 0.2000000030
74779  37.152  28.879  2.250 0.2000000030
75403  36.355  29.759  3.556 0.2000000030
75405  34.553  29.438  3.751 0.2000000030
75391  33.119  29.922  4.105 0.2000000030
76015  31.690  30.617  4.023 0.1000000015
75392  32.204  29.814  4.021 0.1000000015
76669  30.346  31.468  3.248 0.1000000015
75407  32.739  29.134  3.765 0.2000000030
102318  30.542  29.637  3.479 0.1000000015
76029  30.017  30.432  3.288 0.2000000030
76039  29.011  31.105  2.220 0.2000000030
75410  29.411  30.300  2.693 0.2000000030
75439  30.291  28.726  0.159 0.3000000119
122303  29.349  29.325  0.878 0.4000000060
75453  31.545  29.300  -1.093 0.4000000060
76061  28.747  30.651  -0.530 0.4000000060
75475  34.000  29.194  -3.166 0.3000000119
75461  33.570  29.633  -2.511 0.3000000119
75462  32.829  29.987  -1.947 0.3000000119
72326  27.399  25.473  10.609 0.1000000015
72317  27.165  25.513  11.444 0.1000000015
106947  27.615  22.451  11.907 0.1000000015
74719  32.104  28.820  10.053 0.1000000015
70720  27.765  23.342  10.136 0.1000000015
69903  28.154  22.492  11.286 0.1000000015
73183  28.510  26.016  8.851 0.1000000015
74034  29.602  27.073  8.906 0.1000000015
75354  33.237  29.666  10.065 0.1000000015
72347  28.827  25.616  8.181 0.1000000015
71538  29.287  24.194  7.298 0.1000000015
73190  30.243  26.235  7.174 0.1000000015
74728  31.702  28.205  8.721 0.1000000015
75982  33.769  30.155  9.614 0.1000000015
76590  34.942  31.042  9.593 0.1000000015
77204  36.204  31.969  10.051 0.1000000015
110475  31.317  22.133  7.890 0.1000000015
71551  30.280  24.350  6.325 0.1000000015
72368  30.921  25.953  6.452 0.1000000015
74040  31.462  27.394  7.463 0.1000000015
76589  35.604  31.678  9.227 0.1000000015
71563  31.016  24.189  5.763 0.1000000015
69990  31.664  22.590  5.746 0.1000000015
75370  33.625  29.367  7.587 0.1000000015
75987  34.387  30.598  8.337 0.1000000015
76605  34.924  31.118  8.744 0.1000000015
71560  33.089  24.841  4.996 0.1000000015
70002  33.063  22.674  4.867 0.1000000015
71562  31.607  23.993  5.427 0.1000000015
69152  32.592  21.627  6.464 0.1000000015
74045  33.600  27.639  6.431 0.2000000030
73211  32.891  26.233  5.810 0.1000000015
75369  34.301  29.704  7.215 0.2000000030
119233  38.180  36.501  9.160 0.1000000015
70001  33.703  22.488  4.653 0.1000000015
73209  34.618  26.484  5.510 0.1000000015
74043  35.183  27.984  6.057 0.1000000015
74741  34.622  28.479  6.456 0.2000000030
75379  34.814  29.205  6.670 0.2000000030
76000  35.031  29.980  6.886 0.2000000030
77242  36.819  32.601  7.459 0.2000000030
78458  39.381  36.046  8.935 0.2000000030
70022  41.166  22.495  2.398 0.2000000030
70010  39.899  22.029  3.795 0.2000000030
111837  39.751  22.105  2.916 0.1000000015
71584  35.018  24.019  4.075 0.1000000015
117701  35.843  28.196  5.986 0.1000000015
74750  35.873  27.514  5.699 0.1000000015
75998  36.653  30.349  6.518 0.2000000030
74739  36.139  28.784  6.128 0.2000000030
77257  37.185  32.142  6.887 0.2000000030
76617  36.383  31.797  7.156 0.2000000030
77873  38.324  34.107  7.553 0.2000000030
78457  39.052  36.151  8.093 0.2000000030
79103  38.344  36.491  7.953 0.2000000030
70790  44.046  23.569  3.074 0.2000000030
70031  41.517  22.736  1.653 0.2000000030
70032  40.777  22.652  1.694 0.1000000015
70026  38.093  22.681  2.662 0.1000000015
70806  37.553  23.342  2.787 0.1000000015
111139  37.546  25.244  3.705 0.1000000015
73236  37.958  25.925  4.252 0.1000000015
72404  36.728  24.976  3.790 0.1000000015
73225  36.682  26.326  4.847 0.1000000015
74066  37.955  27.217  5.074 0.1000000015
75386  37.910  29.129  5.846 0.1000000015
74738  36.995  28.926  5.972 0.1000000015
75996  38.513  30.791  6.302 0.1000000015
77891  38.589  33.619  6.960 0.2000000030
77872  39.212  34.910  7.235 0.2000000030
79105  34.819  35.871  7.033 0.2000000030
70822  42.397  23.342  0.435 0.2000000030
122789  36.415  36.470  6.061 0.2000000030
79121  35.650  36.317  6.172 0.2000000030
109403  44.181  23.469  0.731 0.2000000030
79124  32.896  35.500  5.827 0.2000000030
72425  48.532  26.150  0.283 0.2000000030
74088  43.217  27.599  1.879 0.1000000015
78495  31.718  35.360  5.246 0.2000000030
76051  44.195  31.127  1.411 0.3000000119
75416  43.813  30.418  2.334 0.1000000015
78496  31.087  35.552  4.397 0.2000000030
75438  40.799  29.661  0.628 0.3000000119
76047  42.388  30.849  1.956 0.1000000015
77929  28.492  34.845  2.706 0.2000000030
75435  44.633  30.208  1.391 0.3000000119
75429  40.560  29.859  1.457 0.3000000119
76037  41.107  30.700  2.755 0.1000000015
77308  28.311  33.314  1.714 0.2000000030
76688  28.057  31.188  0.656 0.3000000119
77320  27.442  32.238  0.895 0.2000000030
75454  31.189  29.957  -0.923 0.4000000060
76068  31.461  30.599  -1.339 0.4000000060
76070  29.804  30.634  -0.929 0.4000000060
76069  30.757  30.452  -0.992 0.3000000119
106286  36.966  31.350  -5.017 0.6999999881
76089  36.587  30.625  -3.821 0.5000000000
76077  34.867  30.221  -2.664 0.4000000060
76078  34.022  30.339  -2.440 0.3000000119
74711  30.709  28.221  11.824 0.1000000015
75346  32.017  28.832  11.849 0.1000000015
75331  33.235  29.553  12.837 0.1000000015
69101  29.914  22.116  12.926 0.1000000015
69902  28.974  22.345  11.386 0.1000000015
69913  30.143  22.496  10.598 0.1000000015
117079  30.793  22.548  11.405 0.1000000015
69945  28.622  23.094  9.168 0.1000000015
69943  30.283  22.472  9.230 0.1000000015
69927  31.924  22.665  9.639 0.1000000015
69939  34.116  22.579  8.414 0.1000000015
69136  33.992  21.630  6.939 0.1000000015
79085  36.613  36.010  10.158 0.1000000015
70762  42.230  23.483  6.469 0.2000000030
70746  41.672  23.448  7.007 0.2000000030
69952  39.646  22.948  6.902 0.2000000030
70748  39.437  23.202  7.539 0.2000000030
69956  36.564  22.299  7.206 0.2000000030
118860  34.952  21.324  5.975 0.1000000015
69958  34.541  22.168  7.617 0.1000000015
69986  39.629  22.325  5.591 0.2000000030
69987  38.881  22.068  5.792 0.2000000030
69146  38.125  21.885  5.874 0.2000000030
69953  38.966  22.795  7.034 0.2000000030
69955  37.449  22.488  7.152 0.2000000030
69159  36.293  21.361  5.427 0.2000000030
69160  35.353  21.324  5.395 0.2000000030
69169  39.172  21.807  4.114 0.2000000030
69170  38.304  21.623  4.383 0.1000000015
69181  36.437  21.688  3.949 0.1000000015
114614  37.022  21.856  3.550 0.1000000015
70795  35.397  23.313  3.780 0.1000000015
70789  44.863  23.883  3.181 0.2000000030
70794  36.061  23.304  3.473 0.1000000015
112991  46.936  24.801  2.122 0.2000000030
78486  33.207  35.235  6.728 0.2000000030
71616  43.430  24.380  -1.085 0.2000000030
73276  42.705  25.849  -0.408 0.2000000030
73265  42.578  26.469  0.404 0.2000000030
78488  31.756  34.673  6.321 0.2000000030
73264  43.234  26.877  -0.141 0.2000000030
77899  30.274  34.978  4.712 0.2000000030
75427  44.215  30.282  1.916 0.2000000030
77917  28.935  34.564  4.283 0.2000000030
112673  26.678  32.801  1.060 0.2000000030
117465  26.752  31.902  -1.554 0.3000000119
76690  26.676  31.791  -0.670 0.3000000119
76712  29.195  31.555  -2.147 0.3000000119
76711  30.121  31.577  -2.214 0.3000000119
76713  28.171  31.547  -1.946 0.3000000119
76719  37.646  31.724  -3.616 0.6999999881
76705  35.728  31.248  -2.616 0.4000000060
76707  33.694  31.270  -2.428 0.4000000060
76708  32.769  31.437  -2.348 0.3000000119
77354  31.428  32.129  -2.787 0.3000000119
77355  30.503  32.112  -2.806 0.3000000119
69887  32.801  23.184  12.907 0.1000000015
69900  32.192  23.026  11.458 0.1000000015
70711  33.491  23.680  11.679 0.2000000030
69911  32.234  22.981  10.501 0.1000000015
71474  34.627  24.249  12.912 0.1000000015
70729  33.835  23.415  9.822 0.2000000030
69910  33.050  23.245  10.246 0.1000000015
69926  33.162  22.916  9.426 0.1000000015
69925  34.494  23.250  9.148 0.2000000030
71528  39.425  24.037  8.839 0.2000000030
69924  35.339  23.423  8.919 0.2000000030
70736  38.533  23.687  8.550 0.2000000030
70780  44.542  24.011  4.527 0.2000000030
77878  29.946  33.241  7.056 0.2000000030
77894  29.731  33.564  6.205 0.2000000030
77895  28.984  33.397  5.929 0.2000000030
77901  28.804  33.846  5.142 0.2000000030
77288  27.046  33.745  3.832 0.2000000030
77268  27.337  32.918  5.469 0.2000000030
103062  26.002  33.411  2.775 0.2000000030
77311  25.511  33.252  2.312 0.3000000119
77299  26.511  33.615  3.283 0.2000000030
103404  24.759  33.083  0.508 0.3000000119
77333  25.353  32.710  0.111 0.3000000119
77339  25.316  32.700  -0.673 0.3000000119
77345  25.481  32.809  -1.338 0.3000000119
77370  28.210  32.663  -3.085 0.3000000119
77369  29.069  32.626  -3.280 0.3000000119
115105  27.904  32.126  -2.577 0.3000000119
77350  35.813  32.224  -2.576 0.4000000060
77366  31.850  32.637  -3.420 0.4000000060
77368  29.976  32.627  -3.382 0.3000000119
77978  30.382  33.200  -3.874 0.4000000060
71483  35.381  24.704  12.734 0.1000000015
70693  35.228  24.406  13.597 0.1000000015
71490  36.150  25.308  11.494 0.1000000015
71501  35.943  25.017  10.514 0.2000000030
71502  35.149  24.503  10.434 0.2000000030
110565  30.539  33.289  8.112 0.1000000015
71590  45.780  24.285  2.811 0.2000000030
77245  29.502  32.911  7.682 0.1000000015
77260  27.596  32.612  6.290 0.2000000030
102014  25.040  32.602  4.017 0.2000000030
77290  25.515  32.445  4.627 0.2000000030
102162  24.062  32.893  2.820 0.2000000030
77945  24.082  33.521  0.128 0.3000000119
78531  23.328  34.078  0.083 0.3000000119
77960  25.284  33.544  -1.740 0.3000000119
77349  36.845  32.304  -2.623 0.5000000000
78560  34.921  34.052  -3.740 0.4000000060
77985  34.006  33.979  -4.122 0.4000000060
77981  27.856  33.396  -3.274 0.3000000119
77967  26.516  33.287  -2.512 0.3000000119
77968  25.840  33.812  -2.303 0.3000000119
77975  33.082  33.175  -3.702 0.4000000060
77976  32.337  33.189  -3.950 0.4000000060
77987  31.266  34.089  -4.417 0.4000000060
77988  30.551  33.790  -4.245 0.4000000060
110903  28.907  34.009  -3.883 0.4000000060
119781  28.276  33.886  -3.585 0.4000000060
73150  37.799  26.226  12.274 0.1000000015
72314  38.067  26.176  11.091 0.1000000015
72316  36.961  25.715  11.460 0.1000000015
72324  37.407  25.746  10.821 0.1000000015
77292  23.399  32.600  4.219 0.2000000030
77940  22.782  33.824  1.440 0.2000000030
77939  23.290  33.484  1.631 0.2000000030
77936  22.752  33.372  2.752 0.2000000030
77313  23.515  33.202  2.261 0.2000000030
77946  23.441  33.636  0.903 0.2000000030
120678  23.966  34.223  -0.902 0.3000000119
78542  23.796  34.881  -1.233 0.2000000030
78541  24.465  34.915  -1.712 0.3000000119
78567  34.473  34.695  -4.335 0.3000000119
77986  32.947  33.911  -4.296 0.4000000060
78563  27.725  34.211  -3.390 0.3000000119
78551  27.090  34.634  -3.131 0.3000000119
79186  26.444  35.186  -2.811 0.3000000119
121328  25.886  34.581  -2.494 0.3000000119
79188  24.808  35.472  -2.104 0.2000000030
78569  32.002  34.609  -4.534 0.4000000060
79208  30.680  35.382  -4.358 0.4000000060
79198  27.762  35.080  -3.424 0.4000000060
80322  23.291  37.346  3.641 0.2000000030
80887  24.483  38.337  2.979 0.2000000030
79156  22.010  35.174  3.838 0.2000000030
102287  22.035  35.789  3.097 0.2000000030
80323  22.551  36.720  3.186 0.2000000030
77931  22.410  33.494  3.601 0.2000000030
103911  22.150  34.062  2.865 0.2000000030
102046  21.941  34.890  2.971 0.2000000030
80894  23.857  38.120  2.321 0.2000000030
80326  23.179  37.488  2.751 0.2000000030
80327  22.570  37.033  2.209 0.2000000030
79161  21.918  36.066  1.500 0.2000000030
80331  22.551  37.207  1.384 0.2000000030
79160  21.903  35.497  2.215 0.2000000030
78526  22.019  34.671  2.132 0.2000000030
78528  22.267  34.454  1.377 0.2000000030
80901  23.362  38.470  0.522 0.3000000119
80338  22.708  37.402  -0.281 0.2000000030
103865  22.213  36.111  -0.030 0.2000000030
79166  21.946  35.303  1.306 0.2000000030
120507  22.039  35.449  0.701 0.2000000030
79795  22.969  36.428  -1.061 0.2000000030
79176  23.301  35.739  -1.190 0.2000000030
79803  24.422  36.367  -2.081 0.2000000030
110658  23.523  36.638  -1.526 0.2000000030
79203  35.507  35.619  -4.239 0.3000000119
79206  32.326  35.561  -4.544 0.4000000060
109414  26.062  36.066  -2.680 0.2000000030
112855  25.240  36.163  -2.404 0.2000000030
79207  31.480  35.502  -4.476 0.4000000060
81522  23.645  38.974  -0.208 0.3000000119
80337  23.116  37.832  -0.877 0.2000000030
80339  23.518  37.665  -1.456 0.2000000030
122983  23.132  36.725  -1.227 0.2000000030
79819  27.276  36.836  -3.052 0.3000000119
80347  26.039  37.597  -2.783 0.3000000119
70147  44.850  22.450  -15.771 0.2000000030
69338  43.709  21.664  -15.490 0.3000000119
69339  42.824  21.830  -15.712 0.2000000030
81548  34.373  39.314  -3.339 0.4000000060
71772  45.190  24.614  -17.860 0.4000000060
71781  45.412  25.464  -18.239 0.4000000060
70940  44.858  23.819  -17.297 0.4000000060
70938  46.206  24.463  -16.748 0.4000000060
70933  45.235  23.294  -16.338 0.2000000030
70148  44.098  22.209  -16.057 0.3000000119
70136  42.020  22.078  -15.355 0.2000000030
70137  41.591  22.133  -14.625 0.1000000015
70139  39.817  22.209  -14.810 0.1000000015
105214  39.262  22.232  -14.012 0.1000000015
86525  31.839  46.184  -6.292 0.2000000030
110184  32.278  44.913  -6.784 0.2000000030
85777  31.239  45.746  -5.890 0.2000000030
121652  36.709  35.385  -3.552 0.3000000119
72615  44.776  25.356  -18.511 0.4000000060
71782  44.852  24.892  -18.384 0.4000000060
73464  45.279  26.058  -18.382 0.4000000060
70948  44.571  24.236  -18.189 0.4000000060
70156  44.475  22.978  -16.669 0.3000000119
102477  43.432  22.029  -16.230 0.2000000030
102403  41.274  22.176  -15.477 0.2000000030
102961  40.216  22.378  -13.908 0.1000000015
70151  38.853  21.833  -14.980 0.1000000015
70150  39.398  21.793  -15.825 0.1000000015
110401  37.864  21.107  -16.769 0.2000000030
69350  36.982  21.066  -16.495 0.2000000030
70952  36.661  22.895  -17.435 0.2000000030
71785  37.156  23.754  -17.798 0.2000000030
73455  44.083  26.440  -17.467 0.4000000060
73465  44.618  25.914  -18.418 0.4000000060
71783  44.388  24.658  -18.721 0.4000000060
70949  44.031  23.791  -18.641 0.4000000060
107648  43.404  23.261  -18.699 0.3000000119
122158  43.292  22.582  -17.450 0.3000000119
70167  42.912  22.594  -17.929 0.3000000119
110414  42.301  22.078  -17.330 0.3000000119
70157  43.705  22.641  -16.980 0.3000000119
70158  42.916  22.174  -16.868 0.3000000119
70159  41.517  21.936  -17.313 0.3000000119
104565  41.961  22.026  -16.357 0.2000000030
70149  40.962  22.008  -16.458 0.2000000030
69340  38.902  21.364  -16.981 0.1000000015
72591  35.234  25.511  -14.587 0.1000000015
69349  38.145  21.266  -17.614 0.2000000030
117176  37.472  21.243  -17.249 0.2000000030
71757  35.396  24.785  -15.043 0.1000000015
70172  36.985  22.007  -17.801 0.2000000030
72601  36.218  25.653  -15.624 0.1000000015
71773  37.202  24.777  -17.333 0.2000000030
106669  36.837  24.986  -16.662 0.2000000030
72616  44.248  25.208  -18.907 0.4000000060
120038  43.688  23.777  -19.115 0.4000000060
71792  43.371  24.153  -19.406 0.4000000060
70956  43.228  23.500  -19.154 0.4000000060
70950  42.691  22.921  -18.799 0.3000000119
70168  42.069  22.245  -18.149 0.3000000119
70160  40.607  21.833  -17.413 0.3000000119
69348  38.916  21.547  -17.998 0.2000000030
72592  34.730  25.472  -14.039 0.1000000015
69357  36.896  21.423  -17.232 0.2000000030
72611  36.683  25.680  -16.281 0.2000000030
71764  36.304  24.760  -16.061 0.2000000030
107997  42.607  23.451  -19.391 0.5000000000
70175  41.651  22.608  -19.026 0.4000000060
111649  40.286  21.871  -18.162 0.2000000030
73459  36.848  26.486  -16.655 0.2000000030
73445  36.406  26.558  -15.958 0.2000000030
72620  37.554  25.602  -17.745 0.2000000030
72610  37.142  25.666  -16.951 0.2000000030
74280  35.795  28.070  -16.643 0.2000000030
70972  40.814  23.682  -20.751 0.3000000119
70973  39.777  23.562  -20.681 0.3000000119
70185  38.959  22.622  -19.555 0.3000000119
116392  37.792  22.663  -18.839 0.2000000030
72641  40.916  24.881  -21.511 0.3000000119
71804  39.898  24.196  -21.317 0.3000000119
70968  38.369  23.124  -19.432 0.3000000119
71805  39.383  24.049  -20.752 0.3000000119
70959  37.682  23.473  -18.677 0.2000000030
71801  38.739  24.015  -20.049 0.2000000030
72632  38.495  25.034  -19.745 0.2000000030
71794  38.164  24.254  -19.180 0.2000000030
71784  37.666  24.571  -18.218 0.2000000030
120807  38.350  25.929  -19.557 0.2000000030
74279  36.413  27.303  -16.524 0.2000000030
73473  37.626  26.550  -18.156 0.2000000030
73467  37.246  26.477  -17.356 0.2000000030
117644  36.864  27.121  -17.080 0.2000000030
71811  40.283  24.431  -21.486 0.3000000119
72642  40.528  24.974  -21.691 0.4000000060
72643  40.064  24.944  -21.809 0.4000000060
72644  39.742  25.698  -21.933 0.4000000060
103421  38.994  24.839  -20.604 0.2000000030
72627  38.058  25.542  -18.762 0.2000000030
74949  35.119  28.361  -16.173 0.1000000015
74959  34.413  28.905  -16.707 0.2000000030
74960  33.721  29.397  -16.791 0.2000000030
74316  40.270  27.756  -22.252 0.4000000060
74958  35.154  28.554  -16.873 0.1000000015
78039  32.044  33.926  -14.929 0.3000000119
73490  39.885  26.719  -22.270 0.4000000060
116640  38.663  25.702  -20.326 0.2000000030
74287  35.643  28.457  -17.348 0.2000000030
109884  39.135  25.614  -21.197 0.3000000119
74294  36.756  28.016  -18.111 0.2000000030
74965  36.130  28.398  -17.848 0.2000000030
73479  37.981  26.756  -19.112 0.3000000119
76199  33.540  30.165  -17.517 0.3000000119
76191  33.163  29.862  -16.816 0.2000000030
76796  33.495  30.885  -17.683 0.3000000119
74999  40.123  28.417  -22.400 0.4000000060
75000  39.951  28.722  -22.487 0.4000000060
78038  32.368  33.448  -15.563 0.4000000060
77419  31.880  32.990  -15.105 0.3000000119
73491  39.233  26.588  -21.616 0.3000000119
74966  34.255  29.266  -17.382 0.2000000030
119566  32.205  32.677  -15.635 0.3000000119
73485  38.734  26.286  -20.823 0.3000000119
74299  38.565  27.062  -20.797 0.4000000060
74286  36.432  27.859  -17.296 0.2000000030
74293  37.381  27.440  -18.505 0.2000000030
77431  33.422  32.465  -17.453 0.3000000119
75001  39.707  29.234  -22.593 0.4000000060
78675  32.470  34.397  -15.560 0.3000000119
79277  32.389  35.481  -15.727 0.4000000060
74305  38.908  27.573  -21.600 0.4000000060
74311  39.409  28.153  -22.192 0.4000000060
78044  32.816  33.816  -16.162 0.3000000119
74300  38.070  27.422  -19.910 0.3000000119
77425  33.120  33.179  -16.765 0.3000000119
109122  32.598  32.883  -16.145 0.3000000119
110305  33.562  31.647  -17.791 0.3000000119
78049  33.556  33.534  -17.475 0.3000000119
76235  39.370  30.197  -22.898 0.4000000060
74993  39.231  28.929  -22.457 0.4000000060
74994  38.364  29.151  -22.176 0.4000000060
74987  37.820  28.676  -21.095 0.4000000060
74972  36.217  28.629  -18.565 0.3000000119
74986  38.651  28.405  -21.757 0.4000000060
110748  37.585  27.644  -19.221 0.3000000119
74971  36.994  28.125  -18.904 0.3000000119
78687  32.882  34.850  -16.266 0.4000000060
79288  32.793  36.069  -16.605 0.4000000060
79898  32.061  36.657  -16.068 0.4000000060
74306  38.249  27.947  -20.790 0.4000000060
75610  33.997  29.900  -17.986 0.3000000119
78693  33.701  34.617  -17.691 0.3000000119
78686  33.284  34.192  -16.839 0.4000000060
79287  33.288  35.242  -16.997 0.4000000060
76207  33.907  30.474  -18.137 0.3000000119
77438  33.920  32.229  -18.281 0.3000000119
76838  38.233  31.185  -23.561 0.4000000060
121329  38.487  30.201  -23.184 0.4000000060
75638  37.977  30.651  -23.437 0.4000000060
75622  37.396  29.362  -21.587 0.4000000060
110375  35.462  28.781  -18.004 0.2000000030
74974  34.744  29.219  -18.065 0.3000000119
79905  32.290  37.404  -16.947 0.4000000060
80472  31.966  38.562  -17.119 0.4000000060
81064  31.964  39.167  -17.004 0.4000000060
79913  32.644  38.055  -17.583 0.4000000060
75602  34.232  29.546  -17.822 0.3000000119
121890  33.211  35.990  -17.158 0.4000000060
79904  33.043  36.875  -17.481 0.5000000000
115444  33.825  33.002  -18.003 0.3000000119
77437  34.292  31.711  -18.861 0.3000000119
76804  33.891  31.275  -18.261 0.3000000119
78054  34.171  33.082  -18.630 0.3000000119
78055  33.954  33.783  -18.194 0.3000000119
81646  29.874  39.714  -14.106 0.4000000060
81645  30.724  39.639  -14.028 0.4000000060
81651  30.350  39.541  -15.126 0.6000000238
77468  38.251  31.935  -23.656 0.4000000060
81650  31.074  39.527  -15.725 0.6000000238
81054  31.469  39.377  -16.358 0.6000000238
76228  37.327  30.435  -22.904 0.4000000060
75632  36.923  29.973  -22.053 0.4000000060
81065  31.335  39.025  -16.603 0.4000000060
74981  36.082  29.043  -19.251 0.3000000119
75617  35.462  29.581  -19.378 0.3000000119
75608  34.950  29.495  -18.685 0.3000000119
75609  34.482  29.689  -18.348 0.3000000119
79296  33.577  35.855  -17.754 0.5000000000
79912  33.208  37.680  -17.967 0.5000000000
76214  34.718  30.502  -19.259 0.3000000119
76803  34.306  30.857  -18.744 0.3000000119
78699  34.131  34.577  -18.502 0.5000000000
76810  34.651  31.292  -19.454 0.3000000119
115500  34.317  32.475  -18.955 0.3000000119
78698  34.328  33.910  -18.933 0.3000000119
81637  30.766  39.634  -12.770 0.3000000119
81021  31.599  39.379  -13.191 0.4000000060
81032  32.416  39.107  -13.516 0.5000000000
81644  31.452  39.511  -14.609 0.6000000238
76839  37.619  31.356  -23.799 0.4000000060
81043  31.927  39.472  -15.611 0.6000000238
76237  37.168  31.026  -23.473 0.4000000060
76229  36.646  30.662  -22.445 0.4000000060
81042  33.251  38.962  -15.134 0.6000000238
76230  36.012  30.981  -21.757 0.4000000060
76222  35.623  30.579  -20.673 0.4000000060
110536  33.449  38.997  -16.374 0.6000000238
76213  35.227  30.208  -19.761 0.3000000119
75618  34.805  29.900  -19.008 0.3000000119
81074  32.608  38.727  -17.399 0.6000000238
77452  35.010  32.690  -20.339 0.4000000060
114166  33.597  36.962  -18.264 0.5000000000
79304  34.033  36.118  -18.615 0.5000000000
80490  33.699  37.860  -18.421 0.5000000000
77444  34.613  32.178  -19.556 0.3000000119
78060  34.553  33.183  -19.510 0.4000000060
115165  34.408  34.641  -19.164 0.5000000000
79303  34.298  35.321  -18.933 0.5000000000
79920  34.243  37.173  -19.078 0.6000000238
81020  32.444  39.179  -12.449 0.3000000119
76850  37.732  31.960  -23.995 0.5000000000
76851  37.414  32.703  -24.213 0.5000000000
118527  32.467  39.205  -14.548 0.5000000000
76826  36.484  31.396  -22.940 0.4000000060
76827  35.889  31.777  -22.086 0.4000000060
76223  35.122  30.912  -20.033 0.4000000060
77462  35.797  32.675  -22.277 0.4000000060
76817  35.520  31.346  -20.961 0.4000000060
81063  32.797  39.046  -17.161 0.6999999881
76818  35.049  31.751  -20.231 0.4000000060
78068  35.404  33.170  -21.319 0.4000000060
81082  33.822  38.410  -18.251 0.6000000238
78069  34.981  33.688  -20.479 0.5000000000
78715  35.420  34.177  -21.529 0.5000000000
78716  35.029  34.691  -20.642 0.5000000000
78707  34.635  34.220  -19.742 0.5000000000
79313  34.645  35.255  -19.828 0.5000000000
108367  34.468  36.165  -19.426 0.5000000000
121001  34.828  36.145  -20.165 0.5000000000
117097  35.309  36.641  -20.785 0.5000000000
78081  38.034  33.857  -24.007 0.5000000000
77474  37.680  33.407  -24.249 0.6000000238
78082  36.891  33.762  -24.082 0.5000000000
76841  36.347  32.242  -23.246 0.4000000060
77471  36.310  33.181  -23.339 0.5000000000
81072  34.154  38.675  -17.889 0.6999999881
78077  35.827  33.653  -22.445 0.5000000000
79320  35.572  35.195  -21.667 0.6000000238
80488  35.095  38.304  -19.321 0.6999999881
79321  35.166  35.694  -20.791 0.6000000238
80500  34.915  37.723  -19.688 0.6000000238
79927  34.807  36.926  -19.979 0.6000000238
107838  35.901  36.283  -21.815 0.6000000238
79934  35.452  37.449  -20.545 0.6000000238
80506  36.219  37.805  -21.089 0.6000000238
116804  38.240  34.636  -23.723 0.5000000000
104798  38.309  35.459  -23.488 0.6000000238
78086  37.550  34.223  -24.261 0.5000000000
78724  38.046  34.916  -24.080 0.6000000238
78725  36.958  34.809  -24.004 0.6000000238
79325  38.346  36.371  -23.250 0.6999999881
78083  36.393  34.043  -23.426 0.6000000238
79326  36.881  36.350  -23.071 0.6000000238
78721  36.102  34.739  -22.776 0.6000000238
113339  36.213  35.640  -22.567 0.6000000238
79939  37.549  37.047  -22.926 0.6000000238
79940  36.627  37.016  -22.335 0.6999999881
79933  36.006  37.226  -21.472 0.6999999881
107046  37.090  38.100  -21.068 0.6999999881
80509  38.121  37.286  -22.727 0.6000000238
79932  37.150  37.605  -22.039 0.6999999881
85782  31.687  45.407  -6.439 0.2000000030
85781  32.329  45.764  -6.840 0.2000000030
70169  41.121  21.964  -18.200 0.3000000119
70176  40.419  22.141  -18.887 0.3000000119
70184  39.527  22.464  -19.480 0.2000000030
69355  38.412  21.659  -18.307 0.2000000030
70171  37.656  22.088  -18.451 0.2000000030
70179  38.285  22.320  -18.993 0.2000000030
71793  42.558  24.143  -19.820 0.5000000000
70957  41.701  23.353  -19.819 0.4000000060
71803  41.368  24.189  -20.765 0.3000000119
123092  41.355  23.642  -20.360 0.3000000119
73489  40.347  25.990  -22.105 0.4000000060
79938  38.205  36.882  -23.137 0.6000000238
79943  37.850  36.417  -23.432 0.6000000238
71770  46.618  25.137  -17.139 0.4000000060
71771  45.893  24.939  -17.568 0.4000000060
69337  44.478  21.727  -15.269 0.2000000030
70939  45.559  24.165  -16.959 0.4000000060
71791  43.986  24.378  -19.129 0.4000000060
70941  44.209  23.434  -17.676 0.4000000060
102509  40.375  22.137  -15.625 0.1000000015
102005  39.990  21.840  -16.666 0.1000000015
69341  38.414  21.382  -15.954 0.2000000030
70166  43.616  23.033  -17.961 0.4000000060
70161  39.699  21.689  -17.653 0.2000000030
69361  38.145  21.865  -18.554 0.2000000030
119724  39.026  21.826  -18.573 0.2000000030
70170  39.618  21.841  -18.430 0.2000000030
70958  40.776  22.665  -19.582 0.3000000119
70183  40.056  22.357  -19.427 0.3000000119
70976  40.289  23.851  -21.086 0.3000000119
110106  40.230  23.278  -20.486 0.3000000119
70964  40.820  23.170  -20.185 0.3000000119
72636  39.578  24.827  -21.369 0.3000000119
70966  39.642  22.964  -20.040 0.3000000119
70178  38.823  22.076  -18.946 0.3000000119
74310  39.958  27.873  -22.405 0.4000000060
111269  39.538  27.363  -22.103 0.4000000060
109127  37.934  29.888  -22.776 0.4000000060
74979  37.386  28.300  -19.880 0.3000000119
74988  36.967  29.009  -20.516 0.4000000060
74980  36.635  28.865  -19.763 0.3000000119
75623  36.526  29.606  -20.957 0.4000000060
76221  36.212  30.267  -21.359 0.4000000060
81053  32.364  39.314  -16.442 0.6000000238
75624  35.821  29.908  -20.338 0.3000000119
75616  36.216  29.338  -20.006 0.3000000119
81073  33.306  38.748  -17.712 0.6000000238
81638  29.666  39.852  -12.980 0.2000000030
76840  37.028  31.849  -23.981 0.5000000000
81062  33.778  38.862  -17.205 0.6000000238
81031  33.241  38.798  -13.810 0.5000000000
77470  36.861  32.833  -24.032 0.5000000000
77451  35.433  32.213  -21.171 0.5000000000
78729  37.683  35.107  -24.142 0.6000000238
79332  37.446  35.685  -23.793 0.6000000238
70965  40.152  22.740  -19.922 0.3000000119
105276  27.415  37.607  -3.151 0.2000000030
80937  26.626  38.141  -3.065 0.2000000030
83455  28.965  43.008  -5.049 0.2000000030
83456  28.377  42.804  -4.523 0.2000000030
113288  28.399  41.850  -4.697 0.2000000030
118181  28.006  40.668  -4.309 0.2000000030
82167  27.383  40.852  -4.021 0.2000000030
82178  29.200  40.492  -4.519 0.2000000030
81569  28.627  40.071  -4.209 0.2000000030
81554  28.286  39.491  -3.847 0.2000000030
81556  26.788  39.158  -3.385 0.2000000030
80920  25.381  38.314  -2.654 0.2000000030
81568  29.558  39.809  -4.154 0.2000000030
81553  29.053  39.149  -3.737 0.2000000030
80935  28.303  38.839  -3.574 0.2000000030
120570  28.898  38.410  -3.475 0.3000000119
80362  28.093  37.041  -3.224 0.2000000030
83470  29.678  42.697  -5.380 0.2000000030
83457  27.737  42.239  -4.200 0.2000000030
82758  26.585  41.061  -3.531 0.2000000030
105996  29.285  41.280  -4.909 0.2000000030
82177  29.963  40.457  -4.592 0.2000000030
82757  27.215  41.688  -3.880 0.2000000030
82168  26.357  40.184  -3.393 0.2000000030
80934  29.635  38.389  -3.476 0.2000000030
81557  25.813  39.731  -3.072 0.2000000030
81539  25.249  39.255  -2.643 0.2000000030
116163  29.210  37.771  -3.378 0.3000000119
85773  30.992  45.884  -5.164 0.1000000015
85026  29.992  44.725  -5.041 0.1000000015
85778  30.633  45.151  -5.554 0.1000000015
85034  29.751  44.135  -5.236 0.1000000015
85027  29.381  44.207  -4.577 0.2000000030
84228  28.349  43.411  -4.061 0.2000000030
85033  30.297  44.342  -5.617 0.1000000015
112406  29.385  43.560  -5.131 0.2000000030
84216  27.799  42.943  -3.718 0.2000000030
83445  26.732  42.017  -3.289 0.2000000030
82778  29.677  41.878  -5.278 0.2000000030
82176  30.875  40.399  -4.566 0.2000000030
83444  27.305  42.346  -3.633 0.2000000030
82153  25.824  40.703  -3.009 0.2000000030
82154  25.184  40.211  -2.428 0.2000000030
81552  30.031  39.065  -3.713 0.2000000030
80921  24.645  38.820  -2.315 0.2000000030
79816  29.635  36.455  -3.678 0.3000000119
81479  29.760  38.814  7.449 0.1000000015
80864  28.541  38.151  7.633 0.1000000015
86524  32.488  46.578  -6.726 0.1000000015
85769  31.004  45.846  -4.230 0.1000000015
85774  30.443  45.329  -4.747 0.1000000015
111441  22.261  33.982  5.187 0.1000000015
77919  22.449  33.343  4.982 0.1000000015
85047  30.886  44.494  -6.093 0.1000000015
85023  28.787  43.904  -3.954 0.2000000030
77293  22.705  32.963  4.398 0.1000000015
83469  30.599  42.545  -5.666 0.2000000030
82777  30.249  41.989  -5.450 0.2000000030
84215  28.284  43.530  -3.449 0.2000000030
83468  31.608  42.308  -5.723 0.2000000030
82766  30.343  41.222  -5.090 0.2000000030
81567  30.460  39.729  -4.102 0.3000000119
84205  27.756  43.188  -2.919 0.2000000030
81566  31.353  39.712  -4.018 0.3000000119
81540  24.735  39.570  -2.221 0.2000000030
81551  30.943  39.023  -3.656 0.3000000119
80933  30.512  38.323  -3.499 0.2000000030
79815  30.359  36.861  -3.691 0.3000000119
79195  30.126  35.992  -4.014 0.3000000119
81477  31.252  39.469  7.286 0.1000000015
81468  31.359  38.995  8.256 0.1000000015
81462  31.464  38.651  9.158 0.1000000015
81483  30.313  39.374  6.864 0.1000000015
105469  29.461  39.146  6.649 0.1000000015
81480  29.001  38.638  7.153 0.1000000015
81485  28.717  38.976  6.375 0.1000000015
80870  28.273  38.454  6.867 0.1000000015
80871  27.527  38.273  6.609 0.1000000015
81486  27.981  38.810  6.108 0.1000000015
80872  26.692  38.050  6.328 0.1000000015
123063  25.465  37.238  6.626 0.1000000015
87303  33.454  47.578  -6.880 0.1000000015
79757  23.133  36.039  5.959 0.1000000015
86522  31.587  46.385  -5.598 0.1000000015
102870  22.345  34.860  5.493 0.1000000015
78513  22.114  34.571  4.554 0.1000000015
103368  22.252  33.739  4.402 0.1000000015
85064  32.939  45.293  -7.187 0.1000000015
85046  31.578  44.618  -6.438 0.1000000015
85770  30.434  45.323  -4.013 0.1000000015
85771  29.904  44.864  -4.278 0.2000000030
84263  31.371  43.848  -6.290 0.1000000015
85019  28.894  43.984  -3.164 0.2000000030
82776  30.981  41.747  -5.417 0.2000000030
83433  26.624  42.249  -2.517 0.2000000030
82747  25.509  41.137  -2.268 0.2000000030
82155  24.667  40.048  -1.873 0.2000000030
83467  32.601  42.464  -5.852 0.2000000030
119637  31.707  41.553  -5.301 0.2000000030
81529  24.237  39.352  -1.672 0.2000000030
82775  32.430  41.707  -5.365 0.2000000030
82175  32.615  40.421  -4.317 0.2000000030
80932  31.402  38.317  -3.536 0.3000000119
104413  31.827  39.044  -3.605 0.3000000119
80360  30.919  37.614  -3.568 0.2000000030
80359  31.788  37.656  -3.659 0.4000000060
79832  30.944  36.207  -4.185 0.3000000119
79831  31.812  36.312  -4.318 0.3000000119
80837  31.375  38.377  11.237 0.1000000015
81449  32.089  38.699  12.017 0.1000000015
81476  32.079  39.424  7.956 0.1000000015
103112  32.656  38.729  10.341 0.1000000015
81454  33.409  38.881  11.222 0.1000000015
82093  32.189  39.832  7.136 0.1000000015
81461  32.156  38.761  9.583 0.1000000015
106650  33.555  39.005  10.405 0.1000000015
120469  30.887  39.680  6.636 0.1000000015
81467  32.861  39.397  8.544 0.1000000015
81460  33.022  39.066  9.497 0.1000000015
81484  29.836  39.567  6.177 0.1000000015
81488  29.176  39.458  5.875 0.1000000015
80300  26.483  37.536  6.989 0.1000000015
81489  28.445  39.282  5.605 0.1000000015
81490  27.759  39.076  5.346 0.1000000015
80875  27.247  38.631  5.812 0.1000000015
80295  25.888  37.126  7.268 0.1000000015
81491  27.096  38.882  4.996 0.1000000015
80876  26.528  38.474  5.427 0.1000000015
80873  25.980  37.992  5.761 0.1000000015
80308  25.386  37.570  5.996 0.1000000015
80302  24.885  37.090  6.303 0.1000000015
80303  24.183  36.869  5.954 0.1000000015
79756  23.749  36.339  6.366 0.1000000015
80878  24.821  37.948  4.843 0.1000000015
80316  24.211  37.648  4.711 0.1000000015
80317  23.532  37.257  4.458 0.1000000015
79773  22.656  36.209  4.783 0.1000000015
79154  22.270  35.460  4.693 0.1000000015
87300  33.246  47.749  -6.211 0.1000000015
86521  32.153  46.854  -6.073 0.1000000015
87297  32.639  47.394  -5.768 0.1000000015
86518  32.065  46.947  -5.280 0.1000000015
86519  31.521  46.434  -4.787 0.1000000015
110973  37.015  45.729  -8.695 0.1000000015
85021  30.205  44.894  -3.335 0.2000000030
85022  29.401  44.423  -3.714 0.2000000030
84204  28.400  43.579  -2.651 0.2000000030
81521  24.036  39.571  -0.819 0.2000000030
82774  33.329  41.924  -5.406 0.2000000030
82735  26.001  41.826  -2.000 0.2000000030
82140  24.987  40.678  -1.731 0.2000000030
81565  32.213  39.744  -3.926 0.3000000119
81550  32.672  39.138  -3.595 0.3000000119
82164  33.924  40.047  -3.668 0.3000000119
81549  33.486  39.261  -3.508 0.3000000119
108807  33.237  37.954  -3.665 0.3000000119
105809  33.116  38.649  -3.537 0.3000000119
79813  32.181  37.059  -3.997 0.4000000060
80930  33.830  38.598  -3.464 0.3000000119
80372  33.001  37.182  -4.036 0.3000000119
79830  32.696  36.391  -4.370 0.3000000119
80358  34.171  37.914  -3.669 0.3000000119
119864  34.615  37.090  -4.106 0.2000000030
79828  34.710  36.117  -4.460 0.2000000030
79827  35.489  36.498  -4.182 0.2000000030
81430  31.251  39.722  13.196 0.1000000015
81439  31.732  39.127  12.649 0.1000000015
81482  31.500  39.978  6.377 0.1000000015
82092  32.874  39.733  7.768 0.1000000015
82091  33.615  39.941  7.679 0.1000000015
81459  34.442  39.368  10.043 0.1000000015
81452  35.864  39.780  11.168 0.1000000015
82099  30.541  39.869  6.020 0.1000000015
102050  31.187  40.224  5.491 0.1000000015
82105  29.766  39.828  5.447 0.1000000015
82111  29.760  40.035  4.544 0.1000000015
82112  28.927  39.724  4.959 0.1000000015
102730  28.197  39.435  4.954 0.1000000015
81494  28.304  39.567  4.236 0.1000000015
81495  27.662  39.241  4.578 0.1000000015
81496  26.350  38.712  4.508 0.1000000015
108908  25.901  38.345  5.098 0.1000000015
116193  27.090  39.004  4.261 0.1000000015
81501  25.823  38.718  3.636 0.1000000015
80882  24.589  38.104  4.224 0.1000000015
87296  33.286  47.833  -5.406 0.1000000015
86511  32.208  46.853  -4.363 0.1000000015
86512  31.722  46.310  -3.897 0.1000000015
102269  30.910  45.428  -3.426 0.1000000015
85018  29.631  44.354  -2.811 0.2000000030
83422  27.329  42.780  -2.204 0.2000000030
83423  26.730  42.303  -1.610 0.2000000030
82141  24.513  40.177  -1.293 0.2000000030
80370  35.443  37.224  -3.908 0.2000000030
106003  29.386  37.076  -13.630 0.2000000030
80440  28.666  37.309  -13.099 0.3000000119
109814  29.796  36.130  -13.202 0.2000000030
79893  30.377  37.293  -14.780 0.3000000119
79888  30.094  36.687  -13.934 0.2000000030
79899  31.420  37.029  -15.686 0.3000000119
80463  30.702  37.931  -15.709 0.3000000119
79272  30.769  36.146  -14.218 0.3000000119
79892  31.116  36.650  -14.986 0.3000000119
79271  31.425  35.541  -14.544 0.3000000119
78676  32.044  34.952  -14.971 0.3000000119
102393  32.039  40.363  5.651 0.1000000015
82098  32.505  40.236  6.397 0.1000000015
82104  30.456  40.143  5.093 0.1000000015
82110  30.585  40.315  4.173 0.1000000015
81499  27.597  39.309  3.629 0.1000000015
81500  26.714  38.961  3.598 0.1000000015
103638  24.974  38.439  3.626 0.1000000015
117650  24.345  38.154  3.622 0.1000000015
88056  33.815  48.159  -5.921 0.1000000015
87288  32.722  47.404  -4.870 0.1000000015
108813  31.404  45.859  -3.482 0.1000000015
81518  24.300  39.632  0.085 0.2000000030
84203  29.130  43.874  -2.309 0.2000000030
84200  27.970  43.236  -2.210 0.2000000030
82736  25.468  41.304  -1.515 0.2000000030
82131  24.946  40.820  -1.054 0.2000000030
80357  35.036  37.844  -3.643 0.3000000119
80439  28.966  38.191  -14.060 0.3000000119
80450  30.006  38.485  -15.300 0.2000000030
80438  29.640  37.813  -14.496 0.3000000119
80462  30.816  38.776  -16.219 0.3000000119
81056  30.384  38.882  -15.854 0.4000000060
80473  31.428  38.000  -16.447 0.3000000119
79278  31.783  36.029  -15.275 0.3000000119
81081  34.614  38.454  -18.560 0.6000000238
82700  32.940  40.538  5.683 0.1000000015
119406  31.043  40.340  4.804 0.1000000015
82109  31.407  40.474  4.276 0.1000000015
82115  29.849  40.170  3.594 0.1000000015
81498  28.432  39.678  3.298 0.1000000015
82120  27.853  39.552  2.684 0.1000000015
81504  27.105  39.192  2.777 0.1000000015
102462  26.249  38.965  2.811 0.1000000015
81505  26.624  39.270  2.081 0.1000000015
82125  26.791  39.858  1.390 0.1000000015
81511  26.136  39.485  1.592 0.1000000015
80886  25.304  38.701  2.753 0.1000000015
81512  25.425  39.392  1.388 0.2000000030
81507  25.010  38.900  1.875 0.1000000015
87287  33.504  47.783  -4.520 0.1000000015
81517  25.079  39.811  0.678 0.2000000030
81513  24.526  39.185  1.038 0.1000000015
80897  24.237  38.630  1.672 0.1000000015
86500  31.932  46.102  -3.077 0.1000000015
105269  25.184  40.714  -0.335 0.2000000030
82728  26.079  41.789  -1.200 0.2000000030
82132  24.580  40.233  -0.593 0.2000000030
86555  38.026  46.514  -9.185 0.1000000015
81016  36.868  38.347  -12.485 0.5000000000
115122  36.905  38.305  -13.403 0.5000000000
116046  36.268  38.286  -13.804 0.5000000000
81028  36.028  38.264  -12.879 0.5000000000
81040  35.522  38.291  -13.732 0.5000000000
102810  34.691  38.384  -13.788 0.5000000000
80451  29.389  38.887  -14.839 0.3000000119
81033  28.840  39.169  -14.131 0.3000000119
80449  38.545  38.193  -15.188 0.5000000000
81044  30.069  39.152  -15.367 0.4000000060
81049  36.813  38.302  -15.412 0.5000000000
81039  35.921  38.324  -14.639 0.5000000000
81055  30.752  39.269  -15.979 0.5000000000
116556  39.359  37.963  -15.711 0.5000000000
102726  37.846  38.288  -15.702 0.6000000238
122254  38.593  38.190  -15.940 0.6000000238
81080  35.498  38.496  -18.741 0.6000000238
81071  35.116  38.601  -17.977 0.6000000238
80498  36.826  38.399  -19.979 0.6000000238
81079  36.486  38.450  -18.938 0.6000000238
80497  38.191  38.193  -20.836 0.6000000238
80499  35.822  38.170  -20.213 0.6000000238
82103  31.683  40.439  4.939 0.1000000015
82701  33.302  40.805  4.934 0.1000000015
82108  32.041  40.599  4.427 0.1000000015
82113  31.185  40.531  3.544 0.1000000015
114631  30.508  40.402  3.328 0.1000000015
82118  30.001  40.441  2.622 0.1000000015
102065  29.199  39.979  2.962 0.1000000015
118691  27.991  39.815  2.084 0.1000000015
105429  27.678  40.075  1.558 0.1000000015
88055  34.558  48.409  -5.659 0.1000000015
82127  27.243  40.552  0.899 0.2000000030
82126  25.904  39.898  1.019 0.2000000030
88038  33.996  48.208  -5.095 0.1000000015
82128  26.366  40.474  0.656 0.2000000030
82726  25.924  40.992  -0.005 0.2000000030
82129  25.539  40.381  0.360 0.2000000030
87274  33.025  47.209  -3.826 0.1000000015
83421  27.988  42.919  -1.443 0.2000000030
122282  26.713  42.015  -0.856 0.2000000030
82729  25.587  41.278  -0.753 0.2000000030
104809  32.406  46.612  -3.454 0.1000000015
84199  28.618  43.424  -1.839 0.2000000030
121425  27.358  42.617  -1.532 0.2000000030
86536  37.470  47.021  -8.956 0.1000000015
118149  37.896  47.676  -8.624 0.1000000015
87315  38.175  47.164  -9.112 0.1000000015
111122  37.552  38.414  -12.059 0.5000000000
81017  36.211  38.435  -11.909 0.5000000000
81029  35.043  38.370  -12.930 0.5000000000
81018  35.382  38.462  -12.079 0.4000000060
81030  34.067  38.523  -13.056 0.4000000060
81045  29.536  39.382  -14.713 0.4000000060
123218  35.115  38.326  -14.380 0.5000000000
81041  34.382  38.510  -14.645 0.5000000000
102792  33.942  38.575  -14.065 0.4000000060
81052  34.163  38.666  -15.491 0.5000000000
80461  36.283  38.320  -16.371 0.6000000238
120744  35.450  38.440  -16.500 0.6000000238
80459  38.158  38.239  -16.541 0.6000000238
102546  39.432  37.996  -17.678 0.6000000238
80479  38.181  38.253  -18.266 0.6000000238
80480  37.116  38.315  -18.127 0.6000000238
102317  39.224  38.102  -20.541 0.6000000238
102855  38.867  38.200  -19.280 0.6000000238
80487  37.799  38.341  -19.363 0.6000000238
80486  40.014  37.916  -20.186 0.6999999881
82706  32.740  40.849  4.187 0.1000000015
82102  32.462  40.598  4.968 0.1000000015
82707  31.936  40.708  3.795 0.1000000015
109742  34.055  41.010  4.883 0.1000000015
82710  31.720  40.853  3.040 0.1000000015
82114  30.917  40.673  2.782 0.1000000015
101964  30.589  40.953  2.021 0.1000000015
82717  29.735  40.854  1.714 0.2000000030
82124  28.408  40.206  1.782 0.2000000030
82718  28.909  40.762  1.388 0.2000000030
82719  28.088  40.674  1.130 0.2000000030
82724  27.647  41.234  0.459 0.2000000030
88037  34.808  48.432  -4.770 0.1000000015
88020  34.263  48.133  -4.239 0.1000000015
87273  33.833  47.705  -3.658 0.1000000015
83418  28.450  42.564  -0.553 0.2000000030
122998  27.155  41.734  -0.233 0.2000000030
82725  26.767  41.129  0.251 0.2000000030
87260  32.983  46.818  -2.995 0.1000000015
84198  29.433  43.631  -1.494 0.2000000030
84195  28.906  43.142  -1.027 0.2000000030
105369  27.458  42.364  -0.866 0.2000000030
85765  31.476  45.575  -2.834 0.1000000015
85757  31.038  44.800  -2.040 0.2000000030
81000  38.272  38.598  -11.494 0.5000000000
81019  34.532  38.600  -12.180 0.3000000119
122700  33.820  38.757  -12.196 0.4000000060
81005  33.262  39.184  -11.845 0.2000000030
106244  33.205  38.821  -12.722 0.4000000060
81051  34.999  38.392  -15.157 0.6000000238
109838  34.634  38.606  -16.216 0.6000000238
122866  39.857  37.819  -16.509 0.6000000238
81061  34.801  38.622  -17.182 0.6000000238
102548  39.113  38.056  -16.690 0.6000000238
80470  37.639  38.249  -17.282 0.6000000238
80471  36.680  38.298  -17.198 0.6000000238
81060  35.740  38.444  -17.192 0.6000000238
81070  36.084  38.459  -18.028 0.6000000238
116694  40.626  37.703  -19.921 0.6999999881
80478  39.367  38.047  -18.650 0.6000000238
82705  33.625  41.126  4.255 0.1000000015
102141  33.190  41.232  3.677 0.1000000015
82704  34.559  41.415  4.339 0.1000000015
105159  32.515  41.077  3.372 0.1000000015
82712  32.232  41.408  2.632 0.1000000015
82713  31.403  41.165  2.317 0.1000000015
83404  31.880  41.819  1.899 0.2000000030
82716  31.056  41.592  1.610 0.2000000030
82722  29.429  41.421  0.964 0.2000000030
83409  30.253  41.486  1.321 0.2000000030
117585  34.480  48.020  -3.509 0.1000000015
83414  29.051  42.110  0.230 0.2000000030
82723  28.544  41.337  0.680 0.2000000030
87258  34.253  47.680  -2.907 0.1000000015
105463  34.041  47.299  -2.195 0.1000000015
83415  28.046  41.920  -0.027 0.2000000030
87259  33.578  47.229  -2.952 0.1000000015
86498  33.317  46.701  -2.176 0.1000000015
85764  32.085  45.780  -2.309 0.1000000015
85755  32.214  45.378  -1.472 0.2000000030
85756  31.552  45.226  -2.109 0.2000000030
84194  29.774  43.310  -0.734 0.2000000030
86499  32.580  46.344  -2.627 0.1000000015
84197  30.271  43.847  -1.200 0.2000000030
85766  30.945  45.073  -2.687 0.2000000030
85013  30.719  44.374  -1.646 0.2000000030
81610  40.353  39.296  -10.436 0.4000000060
115530  39.202  38.664  -11.209 0.4000000060
117521  36.887  38.503  -11.772 0.5000000000
106306  36.517  38.832  -11.276 0.3000000119
81002  35.689  38.822  -11.457 0.3000000119
82709  33.862  41.560  3.639 0.1000000015
106496  33.906  42.041  3.124 0.1000000015
83399  33.155  41.647  3.008 0.1000000015
83406  32.345  42.576  1.575 0.2000000030
83408  30.715  42.001  1.040 0.2000000030
105030  29.993  42.139  0.617 0.2000000030
84189  31.016  43.235  0.171 0.2000000030
121223  29.623  42.468  0.133 0.2000000030
86486  32.743  46.052  -1.826 0.1000000015
85012  31.523  44.756  -1.398 0.2000000030
84193  30.614  43.557  -0.468 0.2000000030
83417  29.317  42.754  -0.313 0.2000000030
83402  33.523  42.378  2.557 0.1000000015
84171  33.137  42.828  1.908 0.2000000030
84170  33.883  43.114  2.251 0.1000000015
83407  31.461  42.354  1.182 0.2000000030
84180  32.032  43.082  0.972 0.2000000030
83412  31.411  42.960  0.662 0.2000000030
84192  31.401  43.872  -0.195 0.2000000030
85004  31.894  44.526  -0.587 0.2000000030
85005  31.067  44.167  -0.899 0.2000000030
85754  32.943  45.797  -1.045 0.2000000030
83401  34.296  42.628  2.866 0.1000000015
83397  35.109  42.895  3.201 0.1000000015
117648  32.751  43.337  1.330 0.2000000030
84187  32.419  43.783  0.736 0.2000000030
84994  32.775  44.461  0.455 0.2000000030
84188  31.732  43.522  0.416 0.2000000030
84995  32.106  44.159  0.139 0.2000000030
85003  32.474  44.690  -0.096 0.2000000030
84169  34.643  43.406  2.574 0.1000000015
84983  33.113  44.100  1.079 0.2000000030
84993  33.499  44.874  0.750 0.2000000030
82174  33.340  40.443  -4.143 0.3000000119
87306  36.945  47.446  -8.519 0.1000000015
81506  25.823  39.082  2.072 0.1000000015
79196  29.355  35.748  -3.838 0.3000000119
117838  34.828  35.339  -4.421 0.2000000030
79829  33.718  36.490  -4.393 0.2000000030
121587  27.355  38.305  -3.288 0.2000000030
80318  22.866  36.754  4.183 0.1000000015
85783  31.133  45.113  -6.146 0.1000000015
113924  28.237  37.986  -3.314 0.2000000030
80938  25.946  38.794  -3.004 0.2000000030
84227  28.829  43.532  -4.559 0.2000000030
82768  27.837  41.398  -4.341 0.2000000030
82767  28.541  40.955  -4.559 0.2000000030
82166  27.810  40.086  -4.020 0.2000000030
107616  27.059  40.124  -3.721 0.2000000030
81555  27.649  39.388  -3.679 0.2000000030
80936  27.668  38.715  -3.458 0.2000000030
114658  28.801  37.262  -3.349 0.3000000119
84246  30.153  43.488  -5.623 0.2000000030
80361  30.043  37.649  -3.452 0.3000000119
115490  29.501  37.072  -3.462 0.3000000119
118698  30.699  43.856  -5.999 0.2000000030
83432  27.201  42.634  -3.075 0.2000000030
82746  26.130  41.575  -2.798 0.2000000030
82765  31.316  41.025  -5.007 0.2000000030
87301  32.800  47.230  -6.514 0.1000000015
84245  31.018  43.164  -6.017 0.2000000030
106412  31.764  40.383  -4.452 0.3000000119
110731  32.130  39.036  8.808 0.1000000015
80301  25.991  37.581  6.494 0.1000000015
79143  22.652  35.737  5.423 0.1000000015
83474  31.928  43.125  -6.218 0.1000000015
82764  32.169  41.029  -4.884 0.2000000030
80931  32.364  38.336  -3.555 0.3000000119
79814  31.337  36.965  -3.842 0.2000000030
114998  32.507  37.650  -3.754 0.3000000119
81455  32.360  38.605  11.212 0.1000000015
81453  34.548  39.236  11.140 0.1000000015
80877  25.346  37.973  5.280 0.1000000015
80309  24.657  37.483  5.481 0.1000000015
80310  23.850  37.134  5.218 0.1000000015
80881  25.385  38.364  4.469 0.1000000015
79772  23.202  36.726  4.951 0.1000000015
82165  33.043  39.828  -3.806 0.3000000119
80371  33.740  37.365  -4.000 0.3000000119
82116  29.082  39.845  3.928 0.1000000015
82130  24.883  40.210  0.049 0.2000000030
79881  29.233  36.455  -12.902 0.2000000030
79265  30.394  35.679  -13.504 0.2000000030
78664  31.004  35.070  -13.819 0.3000000119
82119  28.525  39.878  2.448 0.1000000015
85017  30.413  44.605  -2.404 0.2000000030
120069  26.351  41.530  -0.458 0.2000000030
81050  35.702  38.368  -15.693 0.6000000238
80460  37.234  38.267  -16.395 0.6000000238
82714  29.157  40.275  2.113 0.2000000030
85014  29.937  44.117  -1.968 0.2000000030
81003  34.867  38.916  -11.583 0.2000000030
83403  32.724  42.099  2.248 0.1000000015
83413  30.784  42.579  0.605 0.2000000030
84190  30.149  42.864  0.008 0.2000000030
102211  49.829  16.216  -10.829 0.1000000015
65966  49.107  17.728  -8.324 0.1000000015
65965  49.156  17.024  -8.991 0.1000000015
66854  49.947  18.245  -8.985 0.1000000015
65977  49.780  17.300  -10.017 0.1000000015
102085  49.646  17.630  -9.221 0.1000000015
106223  49.958  17.046  -11.056 0.1000000015
67673  49.388  18.904  -7.438 0.1000000015
104380  49.687  19.447  -6.979 0.1000000015
66842  49.618  18.551  -8.113 0.1000000015
65989  50.212  17.855  -11.146 0.1000000015
66866  50.256  18.020  -10.028 0.1000000015
68449  50.169  19.908  -6.469 0.1000000015
68461  50.558  19.834  -7.201 0.1000000015
67661  49.371  19.653  -6.065 0.1000000015
67672  50.118  19.270  -7.856 0.1000000015
66853  50.340  18.908  -8.674 0.1000000015
65988  50.142  18.310  -12.015 0.1000000015
66875  50.521  18.707  -11.103 0.1000000015
65099  49.569  17.075  -12.967 0.1000000015
117418  49.304  17.694  -12.684 0.1000000015
66000  48.646  17.868  -12.342 0.1000000015
114908  50.272  20.199  -5.724 0.1000000015
68448  51.098  20.387  -6.308 0.1000000015
68472  51.639  20.089  -8.512 0.1000000015
120837  50.600  19.318  -8.412 0.1000000015
67684  51.042  19.407  -9.055 0.1000000015
67700  51.583  20.093  -10.481 0.1000000015
66885  50.179  18.877  -11.942 0.1000000015
119295  51.140  19.428  -10.482 0.1000000015
65998  49.698  17.825  -12.457 0.1000000015
107430  47.931  17.887  -11.470 0.1000000015
65101  40.783  16.809  -13.795 0.1000000015
65102  40.133  16.216  -13.775 0.1000000015
64232  39.421  15.873  -13.631 0.1000000015
66009  40.833  17.317  -13.853 0.1000000015
68447  52.002  20.776  -6.760 0.1000000015
68460  51.445  20.263  -7.457 0.1000000015
68459  52.166  20.753  -7.854 0.1000000015
68484  52.104  20.505  -10.010 0.1000000015
69275  52.132  21.207  -10.351 0.1000000015
67709  49.782  19.078  -12.008 0.1000000015
114414  50.451  19.522  -11.584 0.1000000015
66876  49.053  18.972  -11.876 0.1000000015
67704  48.335  19.120  -10.970 0.1000000015
65978  47.273  17.474  -10.655 0.1000000015
65061  41.655  16.160  -7.744 0.1000000015
64202  41.187  15.212  -7.942 0.1000000015
62365  40.205  13.178  -9.001 0.1000000015
63330  40.037  13.791  -9.852 0.1000000015
65069  40.767  15.921  -9.333 0.1000000015
64210  40.547  15.234  -10.048 0.1000000015
63340  40.035  14.259  -10.998 0.1000000015
64217  40.471  15.096  -11.577 0.1000000015
63348  39.654  14.598  -12.664 0.1000000015
64225  39.119  14.981  -13.376 0.1000000015
66008  41.717  17.416  -13.659 0.1000000015
64224  39.891  15.472  -13.500 0.1000000015
69234  52.606  21.807  -7.179 0.1000000015
112545  52.396  21.210  -7.129 0.1000000015
69233  52.623  21.987  -8.154 0.1000000015
114790  52.495  21.369  -7.736 0.1000000015
69242  52.504  21.216  -8.531 0.1000000015
69276  51.420  21.321  -10.817 0.1000000015
67703  49.162  19.583  -11.441 0.1000000015
68498  49.401  20.396  -10.978 0.1000000015
67692  48.329  19.974  -10.263 0.1000000015
66868  46.905  18.762  -9.280 0.1000000015
65967  46.013  17.974  -8.642 0.1000000015
65968  45.322  17.755  -8.071 0.1000000015
65956  44.431  17.807  -7.622 0.1000000015
65957  43.646  17.749  -7.505 0.1000000015
65060  42.446  16.206  -7.495 0.1000000015
106251  42.157  16.796  -7.629 0.1000000015
68487  47.809  20.662  -9.325 0.1000000015
67686  46.964  19.585  -8.908 0.1000000015
120973  46.364  19.977  -8.378 0.1000000015
117360  45.491  19.190  -7.974 0.1000000015
66845  44.101  18.509  -7.572 0.1000000015
66846  43.371  18.406  -7.687 0.1000000015
65958  42.365  17.467  -7.763 0.1000000015
65959  41.562  17.008  -8.153 0.1000000015
65068  41.006  16.125  -8.406 0.1000000015
69244  46.435  21.374  -8.513 0.1000000015
67687  45.683  19.878  -8.062 0.1000000015
68462  45.097  20.487  -8.074 0.1000000015
67676  43.781  19.158  -7.810 0.1000000015
68476  43.637  19.739  -8.472 0.1000000015
66847  42.690  18.184  -7.924 0.1000000015
65076  41.138  16.680  -9.382 0.1000000015
65077  40.852  15.899  -10.484 0.1000000015
70071  46.056  22.055  -8.724 0.1000000015
69246  44.809  21.212  -8.639 0.1000000015
68475  44.314  20.497  -8.488 0.1000000015
67694  43.370  19.750  -9.479 0.1000000015
66869  42.496  18.543  -9.727 0.1000000015
65981  41.682  17.298  -10.050 0.1000000015
65085  41.430  16.507  -11.053 0.1000000015
65086  41.036  15.777  -12.186 0.1000000015
114119  40.389  15.324  -12.873 0.1000000015
70084  45.777  22.498  -9.435 0.1000000015
69261  45.259  21.926  -8.992 0.1000000015
69262  44.635  21.499  -9.489 0.1000000015
116110  44.300  20.967  -9.053 0.1000000015
68499  43.720  20.177  -10.115 0.1000000015
67695  42.985  19.084  -10.141 0.1000000015
66879  42.776  18.320  -11.004 0.1000000015
65990  42.650  17.535  -12.037 0.1000000015
111480  41.579  16.569  -13.034 0.1000000015
69278  45.145  22.195  -10.035 0.1000000015
69289  45.152  22.017  -11.256 0.1000000015
68506  44.097  20.474  -10.859 0.1000000015
116470  44.191  19.901  -11.943 0.1000000015
66878  43.379  18.804  -11.455 0.1000000015
65093  40.644  16.028  -13.421 0.1000000015
67717  44.039  18.922  -13.521 0.1000000015
66888  43.514  18.338  -12.715 0.1000000015
66001  42.639  17.656  -13.280 0.1000000015
67718  43.615  18.890  -13.717 0.1000000015
70052  52.621  22.402  -6.520 0.1000000015
70061  52.653  22.741  -8.222 0.1000000015
69256  52.640  21.763  -9.043 0.1000000015
70069  52.776  22.593  -9.098 0.1000000015
70078  52.573  22.010  -9.899 0.1000000015
70092  51.975  21.963  -10.540 0.1000000015
113394  52.802  22.875  -9.886 0.1000000015
70094  50.252  22.163  -10.453 0.1000000015
68485  49.328  21.131  -10.454 0.1000000015
69260  48.062  21.450  -9.281 0.1000000015
114741  48.244  22.216  -9.288 0.1000000015
69243  47.281  21.366  -8.781 0.1000000015
119792  47.562  21.976  -8.948 0.1000000015
70894  47.015  23.215  -9.426 0.1000000015
113520  46.258  23.155  -10.020 0.1000000015
70910  46.145  23.175  -11.078 0.1000000015
120249  45.677  22.669  -10.009 0.1000000015
70103  45.833  22.614  -11.852 0.1000000015
69290  44.803  21.169  -11.916 0.1000000015
69302  45.011  20.798  -13.036 0.1000000015
68505  44.585  20.281  -12.517 0.1000000015
67710  44.369  19.415  -13.029 0.1000000015
67723  44.233  19.347  -13.674 0.1000000015
67724  43.989  19.191  -13.944 0.1000000015
68518  43.734  19.830  -14.114 0.1000000015
70875  52.553  23.236  -7.819 0.1000000015
70876  52.497  23.153  -6.973 0.1000000015
70885  52.784  23.364  -8.699 0.1000000015
70899  52.804  23.520  -10.232 0.1000000015
70890  52.928  23.472  -9.599 0.1000000015
71727  52.722  24.154  -10.695 0.1000000015
70091  52.450  22.740  -10.344 0.1000000015
122544  51.499  23.332  -10.713 0.1000000015
70891  49.758  23.613  -10.019 0.1000000015
71720  49.139  24.268  -9.956 0.1000000015
70892  48.719  23.520  -9.611 0.1000000015
70893  47.796  23.419  -9.442 0.1000000015
71732  47.231  24.273  -10.835 0.1000000015
71738  47.125  24.137  -11.658 0.1000000015
71744  47.195  23.982  -12.634 0.1000000015
70909  46.540  23.446  -11.982 0.1000000015
70111  46.308  22.871  -12.661 0.1000000015
70112  45.898  22.245  -12.964 0.1000000015
69313  45.464  21.467  -13.467 0.1000000015
68510  44.556  19.951  -13.457 0.1000000015
68517  44.292  19.854  -14.044 0.1000000015
68523  44.429  20.601  -14.359 0.1000000015
68524  43.887  20.519  -14.466 0.1000000015
69315  43.010  20.833  -14.267 0.1000000015
69328  42.463  21.726  -14.760 0.1000000015
70849  52.075  22.789  -4.023 0.1000000015
71674  52.100  23.815  -6.769 0.1000000015
70864  51.689  23.899  -5.982 0.1000000015
121136  51.954  23.547  -5.503 0.1000000015
71687  52.365  23.692  -7.474 0.1000000015
71705  52.522  24.712  -8.756 0.1000000015
71704  52.590  23.938  -8.248 0.1000000015
71726  53.042  24.225  -10.090 0.1000000015
106863  52.920  24.131  -9.231 0.1000000015
71719  52.974  24.928  -9.788 0.1000000015
71728  51.913  23.965  -10.975 0.1000000015
108841  51.320  24.540  -11.018 0.1000000015
113870  49.557  24.846  -10.410 0.1000000015
71730  48.731  24.837  -10.281 0.1000000015
72566  48.141  25.317  -11.918 0.2000000030
72576  48.126  25.144  -12.924 0.2000000030
107919  47.671  24.492  -13.119 0.2000000030
72590  48.243  25.056  -15.244 0.2000000030
71749  47.388  23.969  -13.729 0.1000000015
70920  46.891  23.266  -13.976 0.1000000015
70122  46.408  22.731  -13.477 0.1000000015
70123  45.955  22.112  -13.885 0.1000000015
71756  47.219  23.963  -15.207 0.2000000030
70133  46.417  22.729  -14.317 0.2000000030
70134  45.861  22.271  -14.692 0.1000000015
69324  45.399  21.554  -14.292 0.1000000015
69314  44.901  20.665  -13.957 0.1000000015
69325  44.805  21.203  -14.610 0.1000000015
69326  44.129  21.146  -14.834 0.1000000015
70045  51.959  21.899  -2.881 0.1000000015
69203  51.636  21.422  -2.478 0.1000000015
122794  50.704  20.874  -1.414 0.1000000015
69204  51.313  20.987  -2.955 0.1000000015
70850  51.378  23.676  -4.313 0.1000000015
70844  51.395  23.438  -3.466 0.1000000015
70843  51.895  22.597  -3.219 0.1000000015
71656  50.462  24.403  -4.553 0.1000000015
71648  50.663  24.279  -3.726 0.1000000015
71666  50.265  24.570  -5.367 0.1000000015
71675  51.170  24.451  -6.697 0.2000000030
71676  50.207  24.762  -6.187 0.2000000030
110133  50.910  24.313  -5.878 0.1000000015
108040  51.119  24.956  -7.484 0.2000000030
72507  50.564  25.612  -7.823 0.2000000030
71688  52.011  24.419  -7.642 0.2000000030
73343  51.992  26.446  -9.562 0.2000000030
72537  52.786  25.792  -10.370 0.1000000015
72551  52.644  25.533  -11.204 0.1000000015
72552  51.899  25.317  -11.431 0.2000000030
105827  50.548  25.132  -10.925 0.1000000015
73383  51.020  26.865  -12.146 0.1000000015
73398  50.095  27.398  -12.854 0.2000000030
112818  48.932  25.938  -11.604 0.1000000015
73384  49.557  26.644  -12.253 0.2000000030
111816  48.678  25.943  -12.549 0.2000000030
72582  48.692  25.705  -14.765 0.2000000030
72589  48.718  25.857  -15.894 0.2000000030
115015  48.119  25.426  -16.252 0.2000000030
71755  47.683  24.333  -14.729 0.2000000030
70919  47.233  23.745  -14.488 0.2000000030
72597  47.770  25.921  -17.095 0.2000000030
71762  47.628  24.686  -15.705 0.2000000030
112246  46.689  23.638  -15.411 0.1000000015
70146  45.617  22.722  -15.471 0.1000000015
70135  45.220  21.906  -15.028 0.1000000015
69193  50.023  21.118  0.564 0.1000000015
104206  50.633  21.170  -0.179 0.1000000015
68400  49.834  20.713  -0.213 0.1000000015
72483  49.806  25.128  -4.748 0.1000000015
73319  49.602  26.116  -4.846 0.2000000030
71689  50.244  25.097  -7.011 0.2000000030
73325  49.400  26.090  -6.005 0.2000000030
73332  49.581  27.102  -7.587 0.2000000030
113098  49.437  27.073  -6.513 0.2000000030
72521  51.214  26.099  -8.642 0.2000000030
73331  50.071  26.458  -8.169 0.2000000030
73345  49.896  27.285  -8.328 0.2000000030
76126  49.883  31.459  -8.555 0.2000000030
73344  50.724  27.004  -9.015 0.2000000030
76132  50.245  31.044  -9.866 0.2000000030
73355  52.419  26.595  -10.430 0.2000000030
73370  52.533  26.306  -11.124 0.2000000030
74194  52.241  27.130  -10.908 0.2000000030
74206  52.157  26.898  -11.520 0.2000000030
104728  51.470  28.850  -11.640 0.2000000030
75534  51.347  29.469  -12.224 0.2000000030
76152  50.245  31.249  -11.335 0.2000000030
74219  51.759  27.386  -12.103 0.2000000030
122825  51.438  28.764  -12.606 0.2000000030
75545  50.993  30.492  -13.590 0.2000000030
107584  51.010  30.510  -12.744 0.2000000030
74233  50.785  28.000  -13.184 0.2000000030
74242  51.039  28.555  -13.439 0.2000000030
75557  51.062  30.036  -14.285 0.2000000030
75558  50.247  31.064  -14.981 0.2000000030
74243  50.524  28.237  -14.177 0.2000000030
74919  50.680  28.763  -14.929 0.2000000030
74942  50.633  29.997  -16.028 0.2000000030
73412  49.166  26.506  -14.212 0.2000000030
73425  49.801  27.446  -16.101 0.2000000030
73426  49.239  26.541  -15.395 0.2000000030
73438  49.087  26.859  -16.606 0.2000000030
73437  49.406  27.971  -17.264 0.2000000030
72596  48.350  26.339  -16.947 0.2000000030
71769  47.404  25.213  -16.674 0.2000000030
71763  46.852  24.379  -16.110 0.1000000015
70932  46.066  23.668  -15.985 0.2000000030
69192  50.796  21.690  0.613 0.1000000015
69188  50.189  21.623  1.495 0.1000000015
70040  51.447  22.259  -0.370 0.1000000015
114309  51.502  22.806  -0.623 0.1000000015
69196  51.419  21.793  -0.869 0.1000000015
69197  51.187  21.712  -0.219 0.1000000015
116978  51.545  22.656  -1.322 0.1000000015
70039  51.561  22.170  -1.125 0.1000000015
70043  51.717  22.098  -1.976 0.1000000015
70838  51.559  22.965  -1.893 0.1000000015
74157  49.805  28.151  -5.860 0.2000000030
74164  49.612  28.079  -6.972 0.2000000030
75494  50.347  29.965  -6.814 0.2000000030
74171  49.698  28.062  -7.966 0.2000000030
74863  49.952  29.037  -7.409 0.2000000030
75499  50.365  30.755  -7.347 0.2000000030
76119  50.182  31.255  -7.991 0.2000000030
74182  50.107  27.932  -8.819 0.2000000030
116618  50.319  30.517  -8.466 0.2000000030
73356  51.688  27.191  -9.941 0.2000000030
74181  50.786  27.719  -9.514 0.2000000030
118886  50.429  29.687  -9.352 0.2000000030
111360  50.360  30.633  -9.354 0.2000000030
76125  50.157  31.159  -8.958 0.2000000030
74195  51.266  28.028  -10.366 0.2000000030
121892  50.683  29.038  -10.088 0.2000000030
74887  51.168  28.938  -10.886 0.2000000030
76151  50.790  30.620  -11.786 0.2000000030
76143  50.489  30.836  -10.842 0.2000000030
72605  47.010  26.086  -17.672 0.2000000030
72389  50.432  25.939  4.526 0.1000000015
72379  49.726  26.369  5.845 0.1000000015
73205  49.040  27.233  5.804 0.1000000015
72380  48.075  26.876  6.084 0.1000000015
72367  46.405  25.882  6.652 0.1000000015
71534  45.473  25.431  7.190 0.1000000015
72356  44.960  25.619  7.932 0.1000000015
72344  44.573  25.911  8.606 0.1000000015
72390  50.018  26.514  5.010 0.1000000015
73204  49.436  26.927  5.419 0.1000000015
72381  47.404  26.125  5.532 0.1000000015
74937  33.547  28.767  -14.468 0.1000000015
74950  34.366  28.707  -15.792 0.1000000015
73221  48.409  26.821  5.447 0.1000000015
117768  33.186  29.168  -14.930 0.1000000015
74925  32.781  28.837  -13.542 0.1000000015
74951  33.568  29.056  -15.416 0.1000000015
74938  32.823  29.220  -14.480 0.1000000015
75563  32.094  29.430  -14.152 0.1000000015
119312  31.677  29.673  -14.520 0.1000000015
75564  31.262  29.658  -14.067 0.1000000015
103004  33.798  29.151  -16.205 0.1000000015
71547  46.386  25.420  5.722 0.1000000015
72366  47.298  26.420  6.307 0.1000000015
74952  32.829  29.430  -15.302 0.1000000015
75588  32.395  29.777  -15.669 0.1000000015
75575  32.099  29.656  -14.931 0.1000000015
76179  30.601  30.727  -14.529 0.1000000015
76172  29.532  30.727  -13.491 0.1000000015
77405  29.226  32.255  -12.672 0.1000000015
77406  28.765  32.687  -12.025 0.1000000015
75587  33.110  29.501  -16.106 0.1000000015
76778  30.675  31.758  -14.382 0.1000000015
75589  31.733  29.992  -15.338 0.1000000015
75576  31.384  29.888  -14.761 0.1000000015
75577  30.739  30.052  -14.424 0.1000000015
77410  30.242  32.229  -13.725 0.1000000015
77411  29.862  32.749  -13.096 0.1000000015
112120  28.330  32.942  -11.504 0.1000000015
75596  32.673  29.881  -16.200 0.1000000015
76184  32.177  30.121  -15.868 0.1000000015
76178  31.183  30.315  -14.964 0.1000000015
77415  30.852  32.784  -14.054 0.1000000015
76200  33.059  30.567  -17.057 0.1000000015
76193  32.183  30.685  -16.026 0.1000000015
76783  31.887  31.260  -15.692 0.1000000015
76777  31.228  31.247  -15.095 0.1000000015
77414  31.292  32.385  -14.752 0.1000000015
78034  31.438  33.390  -14.453 0.1000000015
76790  32.592  31.174  -16.529 0.2000000030
123189  32.234  31.253  -16.070 0.2000000030
78030  30.179  33.728  -13.025 0.1000000015
78029  30.424  33.080  -13.498 0.1000000015
77426  32.853  32.187  -16.696 0.2000000030
78650  30.419  34.699  -13.211 0.1000000015
78663  31.528  34.445  -14.354 0.2000000030
78035  30.887  33.875  -13.714 0.1000000015
79260  29.447  35.558  -12.519 0.1000000015
81034  28.302  38.483  -13.602 0.2000000030
80427  27.920  37.819  -12.848 0.2000000030
80417  27.499  37.268  -12.132 0.2000000030
104004  28.136  36.982  -12.413 0.2000000030
113103  27.235  38.159  -12.573 0.1000000015
81035  28.160  39.299  -13.602 0.1000000015
109747  28.538  39.591  -13.693 0.1000000015
81647  29.116  39.593  -13.920 0.2000000030
80986  38.633  39.043  -10.832 0.3000000119
81001  37.345  38.710  -11.350 0.3000000119
115584  39.418  39.213  -10.632 0.3000000119
112176  39.841  39.895  -10.229 0.2000000030
82211  40.139  40.563  -10.132 0.2000000030
82213  38.578  40.606  -10.469 0.2000000030
82808  39.146  41.344  -10.634 0.2000000030
115197  51.760  22.504  -2.527 0.1000000015
69200  51.489  21.588  -1.586 0.1000000015
70839  51.462  23.256  -2.634 0.1000000015
82212  39.448  40.580  -10.301 0.2000000030
70036  51.281  22.274  0.462 0.1000000015
121710  50.450  25.008  -3.267 0.1000000015
72476  50.125  25.048  -3.961 0.2000000030
76159  50.414  31.110  -13.342 0.2000000030
74943  50.305  29.499  -16.841 0.2000000030
73219  49.682  26.923  4.651 0.1000000015
76133  49.809  31.453  -9.523 0.2000000030
74930  50.841  29.576  -15.097 0.2000000030
69327  43.344  21.301  -14.905 0.1000000015
76797  33.155  31.462  -17.217 0.2000000030
110752  31.778  32.087  -15.404 0.1000000015
113998  49.417  16.538  -9.810 0.1000000015
110176  50.054  17.612  -12.105 0.1000000015
66865  50.638  18.737  -9.721 0.1000000015
67671  50.909  19.693  -8.085 0.1000000015
65091  49.909  17.235  -12.694 0.1000000015
66887  49.360  18.357  -12.331 0.1000000015
65999  48.786  17.244  -12.835 0.1000000015
65100  48.968  16.533  -13.270 0.1000000015
66877  48.478  18.460  -11.691 0.1000000015
102012  47.847  17.184  -11.840 0.1000000015
65092  48.108  16.520  -12.499 0.1000000015
68471  52.189  20.560  -9.004 0.1000000015
67683  51.712  19.951  -9.601 0.1000000015
66886  49.820  18.482  -12.150 0.1000000015
67701  51.035  20.147  -11.172 0.1000000015
68495  51.558  20.651  -10.757 0.1000000015
66867  47.564  18.399  -10.487 0.1000000015
65103  38.594  15.523  -13.340 0.1000000015
69222  52.482  21.482  -6.238 0.1000000015
69257  52.453  21.155  -9.502 0.1000000015
119983  49.904  19.787  -11.664 0.1000000015
67702  50.357  20.284  -11.471 0.1000000015
68496  50.887  20.811  -11.213 0.1000000015
67693  47.602  19.274  -9.841 0.1000000015
65979  46.662  17.882  -9.490 0.1000000015
64195  41.983  15.440  -7.530 0.1000000015
64203  40.671  15.317  -8.871 0.1000000015
107917  40.413  14.632  -9.597 0.1000000015
62379  39.524  12.893  -10.185 0.1000000015
63341  39.206  13.609  -11.979 0.1000000015
66002  42.264  17.153  -13.002 0.1000000015
70062  52.603  22.544  -7.444 0.1000000015
70901  51.728  22.703  -10.664 0.1000000015
69277  50.615  21.511  -10.877 0.1000000015
68497  50.086  20.987  -11.051 0.1000000015
69258  49.728  21.689  -10.375 0.1000000015
68486  48.623  20.864  -9.979 0.1000000015
67685  47.544  19.971  -9.343 0.1000000015
66855  46.317  18.448  -8.768 0.1000000015
110965  46.218  19.189  -8.447 0.1000000015
66856  45.700  18.544  -8.219 0.1000000015
65969  44.729  17.161  -7.803 0.1000000015
66844  44.927  18.666  -7.732 0.1000000015
116992  43.974  16.932  -7.496 0.1000000015
103581  42.975  17.035  -7.469 0.1000000015
122206  42.995  17.789  -7.589 0.1000000015
65970  42.029  17.821  -8.339 0.1000000015
68473  46.945  20.513  -8.650 0.1000000015
68474  46.006  20.631  -8.255 0.1000000015
67674  44.994  19.573  -7.789 0.1000000015
109943  44.430  19.166  -7.694 0.1000000015
65971  41.545  17.451  -8.954 0.1000000015
70070  46.888  22.047  -8.740 0.1000000015
69245  45.592  21.335  -8.437 0.1000000015
67675  44.331  19.840  -7.946 0.1000000015
66857  43.126  18.895  -8.163 0.1000000015
67688  42.927  19.179  -8.993 0.1000000015
66858  42.485  18.490  -8.626 0.1000000015
66859  41.951  18.005  -9.304 0.1000000015
70083  46.556  22.651  -9.140 0.1000000015
68488  44.148  20.866  -9.838 0.1000000015
66870  42.253  17.818  -10.548 0.1000000015
65991  42.092  17.032  -11.593 0.1000000015
69279  44.566  21.327  -10.692 0.1000000015
108689  43.756  19.662  -11.189 0.1000000015
66889  43.157  17.964  -12.409 0.1000000015
123084  44.426  20.654  -11.572 0.1000000015
67711  43.896  18.983  -12.498 0.1000000015
66896  43.142  18.087  -13.358 0.1000000015
70079  50.626  22.891  -10.449 0.1000000015
70093  51.137  22.073  -10.773 0.1000000015
69259  48.881  21.645  -9.785 0.1000000015
70080  49.309  22.582  -9.792 0.1000000015
70081  48.285  22.888  -9.362 0.1000000015
70082  47.470  22.632  -9.127 0.1000000015
70903  47.212  23.895  -10.004 0.1000000015
69301  45.359  21.719  -12.412 0.1000000015
67725  43.553  19.337  -13.927 0.1000000015
70902  50.859  23.796  -10.592 0.1000000015
71721  48.201  24.169  -9.787 0.1000000015
71731  47.822  24.602  -10.454 0.1000000015
71737  47.643  24.741  -11.335 0.1000000015
71743  47.606  24.639  -12.264 0.1000000015
70915  46.808  23.353  -13.074 0.1000000015
72506  51.662  25.246  -8.255 0.2000000030
72520  52.353  25.595  -9.215 0.2000000030
112528  52.411  24.733  -11.146 0.1000000015
71729  50.129  24.400  -10.403 0.1000000015
73371  51.012  25.938  -11.535 0.1000000015
72565  49.959  26.337  -11.588 0.1000000015
72554  48.352  25.283  -10.983 0.2000000030
72575  48.635  25.784  -13.607 0.2000000030
72583  48.130  24.836  -14.027 0.2000000030
70145  46.316  22.981  -15.116 0.1000000015
69201  51.113  20.972  -1.955 0.1000000015
72489  49.662  25.255  -5.604 0.2000000030
72508  49.613  25.999  -7.182 0.2000000030
72564  52.085  26.294  -11.620 0.2000000030
74220  51.152  27.621  -12.539 0.2000000030
110495  50.102  27.697  -13.669 0.2000000030
73399  49.211  26.618  -13.154 0.2000000030
110911  49.581  27.167  -13.685 0.2000000030
116663  51.052  21.242  -1.025 0.1000000015
74866  50.098  29.107  -8.478 0.2000000030
74207  51.796  27.857  -11.472 0.2000000030
75523  50.995  29.826  -11.285 0.2000000030
75512  50.614  30.079  -10.244 0.2000000030
74897  51.591  28.320  -12.182 0.2000000030
74908  51.271  29.378  -13.222 0.2000000030
74232  51.386  28.235  -12.726 0.2000000030
74918  51.000  29.059  -14.173 0.2000000030
73411  49.788  27.377  -14.656 0.2000000030
74253  50.325  28.152  -15.440 0.2000000030
117261  50.269  29.933  -7.716 0.2000000030
74196  50.482  28.567  -9.426 0.2000000030
76772  30.062  31.210  -13.971 0.1000000015
76767  29.041  31.218  -12.920 0.1000000015
76768  28.599  31.706  -12.306 0.1000000015
77400  28.182  32.159  -11.688 0.1000000015
115064  31.695  30.504  -15.492 0.1000000015
76192  32.617  30.296  -16.435 0.1000000015
77418  32.301  31.937  -16.027 0.2000000030
81022  27.677  38.738  -13.223 0.1000000015
121754  38.852  39.420  -10.607 0.2000000030
84179  34.210  43.890  1.979 0.1000000015
84178  34.926  44.190  2.274 0.1000000015
119433  33.482  43.606  1.662 0.1000000015
84982  33.818  44.359  1.402 0.1000000015
84981  34.495  44.626  1.699 0.1000000015
85736  33.548  45.443  0.245 0.1000000015
85735  34.177  45.586  0.691 0.1000000015
85744  33.251  45.618  -0.341 0.1000000015
85737  33.006  45.068  0.085 0.1000000015
84992  34.126  44.977  1.201 0.1000000015
85745  32.555  45.153  -0.628 0.1000000015
122437  32.054  44.942  -1.022 0.1000000015
79882  28.692  36.218  -12.252 0.1000000015
85038  47.745  44.963  -5.941 0.1000000015
82232  24.584  40.262  -11.437 0.1000000015
82233  23.791  40.563  -10.989 0.1000000015
116336  25.175  40.621  -11.631 0.1000000015
82833  24.520  41.106  -11.168 0.1000000015
82814  23.692  41.261  -10.812 0.1000000015
82218  22.141  40.181  -10.630 0.1000000015
81641  27.117  39.802  -12.844 0.1000000015
85032  45.670  44.582  -5.251 0.1000000015
85031  46.630  44.887  -5.018 0.1000000015
85039  47.061  45.361  -5.736 0.1000000015
85051  47.377  45.777  -6.551 0.1000000015
85787  47.046  46.299  -7.139 0.1000000015
108750  48.102  45.351  -7.039 0.1000000015
85786  47.565  46.146  -7.520 0.1000000015
120780  48.078  45.757  -7.628 0.1000000015
85067  48.483  44.987  -8.111 0.1000000015
120677  48.557  44.320  -7.577 0.1000000015
80987  37.816  39.056  -10.880 0.1000000015
107020  25.393  39.927  -11.934 0.1000000015
109308  23.164  41.891  -10.659 0.1000000015
82219  21.786  40.973  -10.642 0.1000000015
82220  20.980  40.986  -10.837 0.1000000015
81612  38.295  39.665  -10.548 0.1000000015
82239  26.782  40.438  -12.323 0.1000000015
83540  25.749  41.759  -11.049 0.1000000015
82813  24.066  41.851  -10.734 0.1000000015
82816  21.377  41.648  -10.825 0.1000000015
81640  27.989  39.890  -13.248 0.1000000015
82238  27.600  40.401  -12.536 0.1000000015
104623  26.628  40.988  -11.816 0.1000000015
81639  28.776  39.973  -13.207 0.1000000015
85041  45.168  44.645  -6.280 0.1000000015
85040  46.265  45.174  -5.859 0.1000000015
85053  45.744  45.321  -6.782 0.1000000015
85052  46.734  45.768  -6.476 0.1000000015
85799  47.132  46.614  -7.925 0.1000000015
85798  47.483  46.635  -8.554 0.1000000015
85797  48.077  46.009  -8.243 0.1000000015
104187  48.533  45.327  -9.061 0.1000000015
112504  48.875  44.115  -9.133 0.1000000015
84282  48.937  43.117  -9.160 0.1000000015
84275  48.767  42.900  -8.379 0.1000000015
83486  48.748  42.770  -9.828 0.1000000015
84288  25.762  43.298  -10.827 0.1000000015
84307  25.636  43.998  -10.988 0.1000000015
115220  25.069  43.736  -10.871 0.1000000015
85087  24.493  44.088  -11.005 0.1000000015
85088  23.820  43.957  -11.009 0.1000000015
83509  26.662  42.841  -10.900 0.1000000015
108884  25.058  42.910  -10.732 0.1000000015
84289  24.394  43.436  -10.793 0.1000000015
84308  23.139  43.756  -11.040 0.1000000015
83538  27.685  42.745  -11.117 0.1000000015
108088  27.270  42.094  -11.096 0.1000000015
115635  23.661  42.413  -10.670 0.1000000015
84291  22.763  43.185  -10.862 0.1000000015
81613  37.341  39.700  -10.659 0.1000000015
82828  29.033  41.787  -11.313 0.1000000015
121644  27.641  41.586  -11.342 0.1000000015
82831  26.153  41.331  -11.451 0.1000000015
82812  24.990  41.954  -10.859 0.1000000015
83514  21.682  42.339  -10.879 0.1000000015
81614  36.536  39.407  -10.875 0.2000000030
82227  30.167  40.544  -11.651 0.1000000015
82228  29.114  40.832  -11.612 0.1000000015
82229  28.223  40.781  -11.859 0.1000000015
82230  27.450  40.999  -11.772 0.1000000015
80988  37.100  39.092  -10.942 0.1000000015
81627  31.442  39.787  -11.858 0.1000000015
81628  30.439  39.945  -11.978 0.1000000015
81629  29.450  40.178  -12.134 0.1000000015
82237  28.487  40.345  -12.421 0.1000000015
86551  41.701  46.367  -9.962 0.1000000015
86563  41.173  46.981  -10.092 0.1000000015
87326  41.094  47.726  -10.043 0.1000000015
85054  44.708  44.716  -7.270 0.1000000015
85069  43.528  44.752  -8.428 0.1000000015
112080  42.995  45.606  -9.429 0.1000000015
85814  42.282  45.922  -9.747 0.1000000015
86562  42.064  47.066  -10.255 0.1000000015
87325  41.782  47.749  -10.254 0.1000000015
88094  41.531  48.508  -9.891 0.1000000015
88083  40.918  48.640  -9.224 0.1000000015
85068  44.307  44.978  -8.120 0.1000000015
85813  43.832  46.077  -9.600 0.1000000015
86561  42.908  47.049  -10.300 0.1000000015
88836  41.888  49.482  -9.202 0.1000000015
89504  42.839  50.827  -8.792 0.1000000015
85800  45.841  46.115  -8.065 0.1000000015
85801  44.857  45.659  -8.479 0.1000000015
85812  44.525  45.960  -9.122 0.1000000015
86549  43.029  46.325  -9.933 0.1000000015
87324  42.656  47.815  -10.407 0.1000000015
88841  43.212  49.661  -10.194 0.1000000015
88842  42.332  49.264  -9.905 0.1000000015
88835  43.036  50.388  -9.641 0.1000000015
86547  45.940  46.948  -9.426 0.1000000015
86548  44.805  46.545  -9.652 0.1000000015
86560  43.959  46.927  -10.214 0.1000000015
88092  43.514  48.842  -10.509 0.1000000015
89503  43.936  52.286  -9.455 0.1000000015
86534  47.113  46.911  -8.587 0.1000000015
113948  46.843  47.179  -9.171 0.1000000015
115354  44.486  47.737  -10.487 0.1000000015
86545  47.622  46.978  -9.599 0.1000000015
85810  48.072  46.315  -9.199 0.1000000015
89511  44.165  51.303  -10.220 0.1000000015
85078  48.811  44.605  -9.987 0.1000000015
83499  48.850  42.734  -10.693 0.1000000015
83522  48.521  42.402  -11.323 0.1000000015
83500  48.388  42.523  -10.407 0.1000000015
83530  36.997  42.145  -11.877 0.1000000015
114520  36.251  42.173  -11.956 0.1000000015
83560  36.525  42.448  -12.556 0.1000000015
82820  38.381  41.717  -11.110 0.1000000015
83561  35.696  42.466  -12.399 0.1000000015
84320  35.106  42.898  -12.906 0.1000000015
85824  27.920  44.978  -12.117 0.1000000015
85096  26.810  44.391  -11.389 0.1000000015
84306  26.352  43.796  -11.024 0.1000000015
85098  25.058  44.505  -11.211 0.1000000015
85099  24.129  44.607  -11.329 0.1000000015
85100  23.200  44.456  -11.402 0.1000000015
84309  22.362  43.883  -11.312 0.1000000015
85102  21.721  44.247  -11.860 0.1000000015
82809  37.844  41.082  -10.706 0.1000000015
83531  35.604  41.995  -11.745 0.1000000015
83562  34.799  42.453  -12.126 0.1000000015
84321  34.292  43.071  -12.702 0.1000000015
84322  33.497  43.243  -12.469 0.1000000015
84340  32.943  43.899  -12.889 0.1000000015
85107  32.009  43.989  -12.572 0.1000000015
84325  30.678  44.032  -12.140 0.1000000015
85093  30.005  43.973  -11.903 0.1000000015
119260  28.555  43.874  -11.535 0.1000000015
85095  27.797  44.277  -11.555 0.1000000015
82810  36.960  41.099  -10.850 0.1000000015
82811  36.239  41.032  -10.943 0.1000000015
82823  35.617  41.333  -11.246 0.1000000015
83533  34.049  42.091  -11.659 0.1000000015
83563  33.975  42.705  -12.152 0.1000000015
84299  33.208  42.557  -11.824 0.1000000015
84300  32.272  42.702  -11.734 0.1000000015
105768  31.947  43.354  -12.009 0.1000000015
84301  31.390  42.870  -11.650 0.1000000015
84302  30.633  43.400  -11.746 0.1000000015
84303  29.788  43.126  -11.505 0.1000000015
84304  28.931  43.248  -11.402 0.1000000015
103963  28.155  43.402  -11.304 0.1000000015
84305  27.266  43.599  -11.149 0.1000000015
83541  21.206  42.790  -11.295 0.1000000015
110001  37.859  40.293  -10.521 0.1000000015
82214  37.302  40.478  -10.629 0.1000000015
82215  36.542  40.264  -10.733 0.1000000015
82216  35.682  40.530  -10.947 0.1000000015
82222  34.884  40.822  -11.122 0.1000000015
82824  34.082  41.219  -11.268 0.1000000015
83534  32.577  41.925  -11.453 0.1000000015
113677  31.139  42.144  -11.412 0.1000000015
83537  29.864  42.159  -11.357 0.1000000015
112526  29.241  42.571  -11.338 0.1000000015
84327  20.465  43.440  -12.544 0.1000000015
81622  35.959  39.182  -11.097 0.2000000030
81616  35.010  39.984  -11.069 0.1000000015
82223  34.120  40.301  -11.166 0.1000000015
108464  33.311  40.765  -11.235 0.1000000015
82825  32.751  41.222  -11.298 0.1000000015
112158  31.637  40.744  -11.406 0.1000000015
82827  30.798  40.960  -11.423 0.1000000015
112687  31.340  41.475  -11.365 0.1000000015
112711  29.936  41.290  -11.407 0.1000000015
81004  34.065  39.016  -11.691 0.1000000015
122011  33.721  39.388  -11.562 0.1000000015
81625  33.205  39.889  -11.431 0.1000000015
82225  32.043  40.120  -11.537 0.1000000015
82226  31.109  40.319  -11.624 0.1000000015
81636  31.744  39.455  -12.279 0.1000000015
85815  41.521  45.657  -9.554 0.1000000015
112713  40.766  48.114  -9.736 0.1000000015
85803  42.928  44.947  -8.847 0.1000000015
85079  42.191  45.246  -9.222 0.1000000015
87312  40.384  47.391  -9.834 0.1000000015
88831  41.938  49.887  -8.337 0.1000000015
89499  43.533  52.322  -8.427 0.1000000015
86559  45.294  47.399  -10.210 0.1000000015
90092  43.944  53.562  -9.065 0.1000000015
86546  47.207  47.120  -9.252 0.1000000015
86558  46.490  47.564  -9.965 0.1000000015
87321  46.193  48.194  -10.598 0.1000000015
88091  44.651  48.693  -10.669 0.1000000015
88840  44.179  50.180  -10.541 0.1000000015
111648  44.410  52.824  -10.365 0.1000000015
86544  48.071  46.582  -10.174 0.1000000015
87320  47.024  48.167  -10.509 0.1000000015
107435  45.878  48.955  -10.934 0.1000000015
109486  45.679  49.968  -11.124 0.1000000015
120224  44.571  49.641  -10.723 0.1000000015
85809  48.470  45.708  -9.968 0.1000000015
88090  46.441  49.626  -11.435 0.1000000015
88839  45.141  50.728  -11.010 0.1000000015
111866  44.771  52.421  -11.000 0.1000000015
106248  44.137  53.575  -10.034 0.1000000015
85086  48.978  44.130  -10.970 0.1000000015
83549  48.889  42.480  -12.040 0.1000000015
123148  47.869  42.366  -10.827 0.1000000015
83559  37.494  42.433  -12.607 0.1000000015
83573  37.611  42.574  -13.430 0.1000000015
83574  36.800  42.669  -13.419 0.1000000015
83575  35.923  42.771  -13.149 0.1000000015
84336  36.091  43.027  -13.922 0.1000000015
84337  35.354  43.228  -13.659 0.1000000015
85122  33.229  44.383  -13.807 0.1000000015
85123  32.334  44.503  -13.338 0.1000000015
85124  31.701  45.034  -13.696 0.1000000015
85825  27.119  44.943  -11.862 0.1000000015
85827  25.514  44.990  -11.599 0.1000000015
85828  24.653  45.264  -11.759 0.1000000015
84338  34.586  43.428  -13.407 0.1000000015
85121  34.121  43.998  -13.926 0.1000000015
120200  31.633  44.618  -13.053 0.1000000015
85109  30.248  44.629  -12.532 0.1000000015
85110  29.376  44.531  -12.182 0.1000000015
116613  28.601  44.455  -11.888 0.1000000015
110549  21.879  44.864  -12.299 0.1000000015
85849  31.039  45.470  -14.059 0.1000000015
120162  30.107  45.207  -13.112 0.1000000015
85836  29.466  45.113  -12.774 0.1000000015
85837  28.692  45.039  -12.445 0.1000000015
116761  21.331  44.411  -12.409 0.1000000015
81626  32.374  39.588  -11.792 0.1000000015
88077  40.257  48.560  -8.668 0.1000000015
88832  41.078  49.127  -8.461 0.1000000015
108005  43.395  52.238  -7.546 0.1000000015
90086  43.672  53.450  -8.198 0.1000000015
90612  42.784  54.304  -8.566 0.1000000015
87319  47.322  47.523  -10.109 0.1000000015
90611  43.477  54.143  -8.843 0.1000000015
88089  46.680  48.895  -11.180 0.1000000015
87329  47.054  48.716  -11.353 0.1000000015
90624  43.619  54.180  -9.701 0.1000000015
120947  48.133  46.775  -10.976 0.1000000015
85820  48.445  46.027  -10.837 0.1000000015
88099  46.816  49.513  -11.799 0.1000000015
88847  46.423  50.362  -11.835 0.1000000015
88848  45.859  51.084  -11.743 0.1000000015
89509  45.240  51.824  -11.512 0.1000000015
90631  43.447  53.733  -10.715 0.1000000015
86565  48.391  46.347  -11.784 0.1000000015
85823  48.748  45.271  -11.417 0.1000000015
88846  46.456  50.176  -12.198 0.1000000015
118694  45.993  50.956  -12.161 0.1000000015
85092  48.984  44.476  -11.829 0.1000000015
83550  48.363  42.141  -12.205 0.1000000015
84298  48.974  42.691  -11.365 0.1000000015
122685  38.378  42.510  -13.087 0.1000000015
85136  33.784  44.487  -14.588 0.1000000015
85137  32.437  44.944  -14.156 0.1000000015
84347  36.268  43.212  -14.670 0.1000000015
84357  35.822  43.675  -15.274 0.1000000015
84349  34.835  43.721  -14.184 0.1000000015
119993  33.099  44.877  -14.717 0.1000000015
86586  27.991  46.078  -13.592 0.1000000015
85148  34.235  44.551  -15.250 0.1000000015
85883  33.897  44.998  -15.879 0.1000000015
85865  32.438  45.306  -14.975 0.1000000015
85885  32.424  45.597  -15.611 0.1000000015
85866  31.759  45.395  -14.499 0.1000000015
85887  31.096  45.807  -14.868 0.1000000015
86585  28.929  45.974  -13.917 0.1000000015
85852  28.773  45.553  -13.133 0.1000000015
87313  39.548  47.484  -9.421 0.1000000015
88084  39.524  48.090  -8.854 0.1000000015
104412  40.197  48.092  -9.332 0.1000000015
88079  38.804  48.212  -8.296 0.1000000015
88078  39.656  48.500  -8.234 0.1000000015
88833  40.342  48.885  -7.863 0.1000000015
106353  41.335  49.591  -7.552 0.1000000015
89500  42.582  50.843  -7.799 0.1000000015
90597  43.277  54.083  -7.849 0.1000000015
90625  42.843  54.214  -9.426 0.1000000015
90627  40.708  52.780  -8.765 0.1000000015
86557  47.731  47.248  -10.565 0.1000000015
87328  47.442  48.020  -11.134 0.1000000015
88098  47.200  48.765  -11.849 0.1000000015
90626  41.783  53.594  -9.139 0.1000000015
90093  40.815  52.666  -9.653 0.1000000015
86566  47.904  47.297  -11.493 0.1000000015
87332  47.153  48.454  -12.323 0.1000000015
88101  46.802  49.349  -12.227 0.1000000015
89518  45.517  51.809  -12.073 0.1000000015
90111  44.917  52.647  -11.787 0.1000000015
120850  44.347  53.015  -11.829 0.1000000015
90102  42.157  53.277  -10.765 0.1000000015
116701  42.861  54.001  -10.150 0.1000000015
88102  46.369  49.742  -12.581 0.1000000015
88858  45.983  50.576  -12.545 0.1000000015
89530  45.496  51.367  -12.434 0.1000000015
90122  44.546  52.634  -12.168 0.1000000015
90112  43.659  53.185  -11.664 0.1000000015
108250  42.506  52.926  -11.494 0.1000000015
90632  41.877  53.432  -9.983 0.1000000015
90103  40.954  52.537  -10.546 0.1000000015
85834  48.789  45.337  -12.312 0.1000000015
84319  49.182  42.977  -12.695 0.1000000015
83568  48.194  41.839  -13.011 0.1000000015
83551  47.297  42.164  -12.355 0.1000000015
83572  38.894  42.505  -13.890 0.1000000015
102538  38.072  42.562  -13.986 0.1000000015
83584  37.715  42.667  -14.783 0.1000000015
84346  36.945  42.896  -14.812 0.1000000015
115000  36.519  43.339  -15.450 0.1000000015
85135  35.000  44.068  -15.123 0.1000000015
85147  35.501  44.166  -15.960 0.1000000015
85156  35.313  44.619  -16.616 0.1000000015
85157  34.728  44.646  -16.023 0.1000000015
85903  33.415  45.553  -16.469 0.1000000015
85904  32.733  45.686  -16.084 0.1000000015
86618  32.053  45.991  -16.093 0.1000000015
112885  34.853  44.883  -16.602 0.1000000015
85902  34.354  45.193  -16.683 0.1000000015
85915  33.919  45.720  -17.262 0.1000000015
86653  32.595  46.431  -17.338 0.1000000015
88071  39.478  48.730  -7.409 0.1000000015
88828  40.454  49.168  -6.922 0.1000000015
104341  41.240  49.571  -6.583 0.1000000015
88827  42.038  50.231  -6.832 0.1000000015
88815  40.864  49.303  -5.809 0.1000000015
117602  42.839  51.181  -7.016 0.1000000015
122728  43.501  53.199  -7.402 0.1000000015
90094  39.848  52.136  -9.247 0.1000000015
86569  47.970  47.035  -12.356 0.1000000015
86570  47.486  47.485  -12.600 0.1000000015
106621  39.137  51.771  -9.664 0.1000000015
88108  45.941  48.911  -13.009 0.1000000015
88103  45.627  49.821  -12.977 0.1000000015
105520  44.820  51.467  -12.745 0.1000000015
89531  44.309  52.051  -12.535 0.1000000015
90124  42.770  52.298  -12.151 0.1000000015
90113  41.253  52.296  -11.317 0.1000000015
90104  39.903  51.948  -10.137 0.1000000015
85106  49.093  44.228  -12.566 0.1000000015
89532  43.178  51.482  -12.633 0.1000000015
89519  41.573  51.849  -11.972 0.1000000015
90114  39.938  51.653  -11.087 0.1000000015
90105  38.860  51.476  -10.461 0.1000000015
83567  48.892  42.089  -12.836 0.1000000015
83569  46.915  42.014  -13.295 0.1000000015
103509  45.569  42.311  -13.207 0.1000000015
102539  40.327  42.443  -14.228 0.1000000015
83582  39.438  42.471  -14.685 0.1000000015
84355  37.341  42.981  -15.656 0.1000000015
84363  37.477  43.307  -16.662 0.1000000015
84364  36.715  43.557  -16.276 0.1000000015
85155  36.089  44.178  -16.692 0.1000000015
85172  38.284  44.126  -18.697 0.1000000015
85165  36.447  44.456  -17.554 0.1000000015
85166  35.713  44.772  -17.297 0.1000000015
85184  38.000  44.696  -19.113 0.1000000015
85913  35.365  45.293  -17.706 0.1000000015
85924  34.973  45.751  -18.043 0.1000000015
86651  34.321  45.880  -17.808 0.1000000015
86652  33.573  46.322  -17.905 0.1000000015
85931  38.433  44.916  -19.584 0.1000000015
88800  41.288  49.622  -5.125 0.1000000015
106664  42.466  50.512  -5.308 0.1000000015
89470  43.057  51.405  -5.485 0.1000000015
107998  43.308  52.120  -6.575 0.1000000015
90079  43.351  53.531  -6.815 0.1000000015
90598  42.569  54.288  -7.625 0.1000000015
90067  43.281  52.647  -5.847 0.1000000015
117608  42.988  54.329  -7.032 0.1000000015
90613  41.712  53.740  -8.263 0.1000000015
90614  39.783  52.354  -8.373 0.1000000015
90087  38.949  51.962  -8.911 0.1000000015
85132  49.228  43.667  -14.391 0.1000000015
120312  49.015  44.598  -14.727 0.1000000015
85846  48.446  45.899  -13.647 0.1000000015
87335  46.948  47.921  -12.779 0.1000000015
90095  38.338  51.637  -9.549 0.1000000015
85120  48.897  44.984  -14.160 0.1000000015
85835  47.928  46.657  -13.121 0.1000000015
88109  44.877  48.704  -13.230 0.1000000015
88872  44.531  49.649  -13.166 0.1000000015
122797  43.967  51.239  -12.836 0.1000000015
115599  43.204  50.412  -12.983 0.1000000015
83578  49.134  42.305  -14.407 0.1000000015
84335  49.187  42.621  -13.553 0.1000000015
88860  42.202  50.315  -12.847 0.1000000015
89533  41.931  51.129  -12.461 0.1000000015
89520  40.437  51.367  -11.801 0.1000000015
90115  38.930  51.204  -11.281 0.1000000015
104834  48.002  41.693  -13.746 0.1000000015
102544  46.072  41.971  -14.001 0.1000000015
102532  40.170  42.389  -15.079 0.1000000015
83583  38.527  42.537  -14.686 0.1000000015
110587  38.894  42.527  -15.358 0.1000000015
102985  38.732  42.679  -16.229 0.1000000015
84354  37.961  42.881  -16.151 0.1000000015
84369  38.226  43.351  -17.538 0.1000000015
84370  37.559  43.632  -17.405 0.1000000015
85183  38.830  44.307  -19.302 0.1000000015
84378  37.878  43.878  -18.061 0.1000000015
85194  39.073  44.795  -19.843 0.1000000015
89458  40.711  50.307  -4.505 0.1000000015
89457  41.609  50.147  -4.746 0.1000000015
89471  42.550  50.919  -4.845 0.1000000015
90052  43.176  52.094  -5.000 0.1000000015
90564  43.157  53.063  -5.365 0.1000000015
105178  40.633  52.964  -8.026 0.1000000015
103428  47.725  46.150  -13.824 0.1000000015
90106  37.833  51.321  -10.256 0.1000000015
121932  46.450  47.375  -13.148 0.1000000015
88873  43.408  49.478  -13.201 0.1000000015
83579  48.401  41.666  -14.537 0.1000000015
86581  45.742  47.299  -13.283 0.1000000015
87337  45.290  47.857  -13.261 0.1000000015
88110  43.748  48.508  -13.340 0.1000000015
88861  41.191  50.150  -12.744 0.1000000015
89535  39.825  50.582  -12.263 0.1000000015
89521  39.371  51.037  -11.782 0.1000000015
89512  38.165  51.142  -11.096 0.1000000015
89513  37.344  50.978  -10.875 0.1000000015
83590  47.517  41.527  -15.107 0.1000000015
88112  41.581  48.602  -13.329 0.1000000015
88875  41.449  49.430  -13.066 0.1000000015
88862  40.234  49.987  -12.671 0.1000000015
88863  39.322  49.890  -12.684 0.1000000015
89522  38.495  50.857  -11.757 0.1000000015
89523  37.693  50.735  -11.615 0.1000000015
122384  45.486  41.917  -14.537 0.1000000015
102536  43.762  42.041  -14.720 0.1000000015
102533  40.887  42.278  -14.974 0.1000000015
83594  39.656  42.439  -15.782 0.1000000015
83604  38.813  42.914  -17.164 0.1000000015
84377  38.569  43.598  -18.254 0.1000000015
111394  39.273  45.216  -20.206 0.1000000015
86681  39.757  46.160  -20.771 0.1000000015
85942  39.914  45.356  -20.503 0.1000000015
85193  39.746  44.736  -20.133 0.1000000015
90037  40.785  51.638  -4.371 0.1000000015
90036  41.740  51.183  -4.517 0.1000000015
116394  42.556  52.094  -4.647 0.1000000015
90565  42.820  53.728  -5.333 0.1000000015
90577  42.987  53.921  -6.101 0.1000000015
90599  41.364  53.770  -7.401 0.1000000015
91087  42.309  54.404  -5.565 0.1000000015
90578  42.211  54.444  -6.562 0.1000000015
90615  38.872  52.281  -8.070 0.1000000015
91088  41.527  54.698  -5.624 0.1000000015
90579  40.938  54.099  -6.514 0.1000000015
90096  37.435  51.562  -9.396 0.1000000015
84345  49.263  43.050  -15.140 0.1000000015
116140  49.066  44.208  -15.193 0.1000000015
85861  47.342  45.558  -14.606 0.1000000015
83588  49.006  42.057  -15.186 0.1000000015
85143  49.045  43.637  -15.815 0.1000000015
85133  48.507  45.143  -14.979 0.1000000015
115904  46.005  46.672  -13.498 0.1000000015
89505  36.965  51.184  -10.065 0.1000000015
83589  48.399  41.616  -15.487 0.1000000015
85134  47.680  45.233  -15.485 0.1000000015
85862  46.034  45.536  -14.523 0.1000000015
85848  45.428  46.014  -13.985 0.1000000015
86582  44.911  46.793  -13.570 0.1000000015
87338  44.233  47.616  -13.438 0.1000000015
89514  36.541  50.812  -10.679 0.1000000015
104768  46.722  41.515  -15.667 0.1000000015
86595  44.340  46.063  -14.159 0.1000000015
86583  43.750  46.733  -13.824 0.1000000015
87339  43.157  47.470  -13.615 0.1000000015
88111  42.542  48.330  -13.399 0.1000000015
88876  40.597  49.346  -12.988 0.1000000015
89536  38.901  50.452  -12.267 0.1000000015
89537  38.059  50.376  -12.233 0.1000000015
89524  36.892  50.564  -11.407 0.1000000015
83581  46.390  41.738  -14.826 0.1000000015
83591  45.432  41.736  -15.346 0.1000000015
86584  42.783  46.681  -14.082 0.1000000015
87340  42.169  47.293  -13.827 0.1000000015
87341  40.781  47.973  -13.601 0.1000000015
88113  40.169  48.580  -13.310 0.1000000015
88877  39.736  49.225  -12.991 0.1000000015
88864  38.457  49.835  -12.713 0.1000000015
88849  37.223  50.258  -12.109 0.1000000015
102537  44.666  41.984  -14.615 0.1000000015
102530  41.671  41.902  -15.911 0.1000000015
116014  41.082  41.993  -16.258 0.1000000015
83602  40.341  42.258  -16.549 0.1000000015
83603  39.525  42.554  -16.834 0.1000000015
83613  39.431  42.829  -17.684 0.1000000015
84368  38.863  43.184  -17.829 0.1000000015
84376  39.315  43.254  -18.449 0.1000000015
85182  39.634  44.208  -19.706 0.1000000015
84386  38.891  43.780  -18.817 0.1000000015
86695  41.261  46.702  -21.511 0.1000000015
85951  41.043  45.881  -21.094 0.1000000015
87455  41.214  47.588  -21.761 0.1000000015
86696  40.405  46.455  -21.101 0.1000000015
90039  38.985  51.801  -4.232 0.1000000015
112864  39.966  52.075  -4.331 0.1000000015
90552  42.350  53.128  -4.656 0.1000000015
90554  40.656  53.038  -4.387 0.1000000015
90553  41.658  52.713  -4.468 0.1000000015
91070  42.400  53.915  -4.949 0.1000000015
91058  41.257  54.070  -4.619 0.1000000015
91057  41.953  53.840  -4.713 0.1000000015
90600  39.947  52.925  -7.407 0.1000000015
90088  38.008  51.989  -8.620 0.1000000015
83607  48.262  41.256  -17.305 0.1000000015
84360  48.961  42.778  -16.277 0.1000000015
85152  48.684  44.123  -16.541 0.1000000015
105588  48.053  45.041  -16.165 0.1000000015
90107  35.240  51.105  -9.915 0.1000000015
83600  47.291  41.273  -16.561 0.1000000015
116080  47.739  41.395  -15.836 0.1000000015
85878  46.567  45.242  -15.229 0.1000000015
112615  46.396  41.295  -17.035 0.1000000015
83601  45.958  41.517  -16.306 0.1000000015
111085  44.960  45.523  -14.657 0.1000000015
86596  43.358  46.128  -14.403 0.1000000015
118754  36.184  50.454  -11.199 0.1000000015
103826  44.619  41.655  -16.189 0.1000000015
85863  43.913  45.583  -14.895 0.1000000015
87347  41.248  47.235  -14.074 0.1000000015
88114  39.304  48.494  -13.457 0.1000000015
88878  38.868  49.181  -13.108 0.1000000015
88865  37.610  49.773  -12.681 0.1000000015
103163  43.483  41.666  -16.601 0.1000000015
102527  41.765  41.807  -16.661 0.1000000015
102526  41.014  41.995  -17.121 0.1000000015
103584  40.234  42.424  -17.538 0.1000000015
85181  40.293  44.194  -20.083 0.1000000015
84384  40.319  43.545  -19.648 0.1000000015
86694  42.236  46.388  -21.895 0.1000000015
108249  41.695  45.938  -21.474 0.1000000015
85941  40.833  45.098  -20.736 0.1000000015
107350  40.332  44.722  -20.380 0.1000000015
90555  39.687  53.139  -4.380 0.1000000015
91071  41.661  54.624  -5.005 0.1000000015
90601  38.622  52.812  -7.319 0.1000000015
84361  48.801  42.712  -17.223 0.1000000015
121280  38.209  52.326  -7.962 0.1000000015
90089  37.025  51.942  -8.652 0.1000000015
90097  36.569  51.519  -9.319 0.1000000015
90098  35.696  51.643  -9.253 0.1000000015
90099  34.940  51.725  -9.523 0.1000000015
83599  48.520  41.594  -16.351 0.1000000015
90108  34.345  51.442  -10.049 0.1000000015
85153  47.790  45.040  -16.728 0.1000000015
85145  47.062  45.132  -16.013 0.1000000015
89515  35.716  50.673  -10.604 0.1000000015
83608  47.214  41.060  -17.503 0.1000000015
85154  46.607  45.163  -16.662 0.1000000015
85146  45.966  45.154  -15.878 0.1000000015
89525  35.397  50.161  -11.396 0.1000000015
112387  34.796  50.608  -10.610 0.1000000015
106122  45.014  41.445  -17.856 0.1000000015
83610  43.406  41.589  -17.614 0.1000000015
85879  44.691  45.241  -15.713 0.1000000015
85864  42.968  45.738  -15.068 0.1000000015
86598  41.858  46.557  -14.518 0.1000000015
87342  39.799  47.860  -13.828 0.1000000015
87343  38.896  47.847  -14.048 0.1000000015
88104  38.005  49.144  -13.163 0.1000000015
88866  36.764  49.676  -12.584 0.1000000015
88850  36.309  50.086  -11.917 0.1000000015
88851  35.579  49.732  -12.131 0.1000000015
89526  34.330  50.097  -11.336 0.1000000015
102528  42.576  41.682  -17.093 0.1000000015
83612  41.766  41.831  -17.631 0.1000000015
85881  42.547  45.619  -15.774 0.1000000015
86615  41.405  46.244  -15.351 0.1000000015
86599  40.866  46.730  -14.823 0.1000000015
87348  40.328  47.284  -14.297 0.1000000015
88115  38.428  48.481  -13.619 0.1000000015
88116  37.545  48.533  -13.725 0.1000000015
88106  36.254  49.140  -13.086 0.1000000015
108403  36.049  49.565  -12.499 0.1000000015
83621  41.766  42.046  -18.689 0.1000000015
103027  41.009  42.182  -18.034 0.1000000015
83622  40.902  42.515  -18.842 0.1000000015
113546  40.426  42.554  -18.326 0.1000000015
120557  40.761  42.946  -19.407 0.1000000015
84375  40.125  42.986  -18.931 0.1000000015
84394  40.826  43.739  -20.140 0.1000000015
87469  43.979  47.500  -23.430 0.1000000015
90556  38.640  53.136  -4.264 0.1000000015
91059  40.397  54.255  -4.596 0.1000000015
91619  40.808  54.866  -4.869 0.1000000015
91072  40.864  54.983  -5.093 0.1000000015
91089  40.548  54.729  -5.656 0.1000000015
90580  39.684  53.659  -6.515 0.1000000015
90616  37.537  52.495  -7.869 0.1000000015
90617  36.520  52.600  -8.212 0.1000000015
90618  35.761  52.450  -8.713 0.1000000015
90628  35.132  52.438  -9.174 0.1000000015
90633  33.936  52.472  -10.229 0.1000000015
108096  47.403  45.081  -17.315 0.1000000015
90109  33.655  51.685  -10.445 0.1000000015
83609  46.165  41.197  -17.823 0.1000000015
122017  44.148  41.535  -17.998 0.1000000015
85163  46.310  45.207  -17.538 0.1000000015
85896  45.484  45.196  -16.615 0.1000000015
85880  43.455  45.403  -15.716 0.1000000015
89516  33.765  50.807  -10.751 0.1000000015
83620  43.523  41.626  -18.686 0.1000000015
85909  45.011  45.274  -17.325 0.1000000015
85897  44.570  45.229  -16.639 0.1000000015
85900  42.070  45.747  -16.361 0.1000000015
86600  40.022  46.977  -15.126 0.1000000015
87349  39.439  47.372  -14.571 0.1000000015
88105  37.131  49.145  -13.173 0.1000000015
89527  33.441  50.194  -11.520 0.1000000015
102856  42.631  41.840  -18.965 0.1000000015
118753  41.640  46.000  -16.838 0.1000000015
86631  41.267  46.132  -16.176 0.1000000015
86616  40.601  46.530  -15.637 0.1000000015
87363  39.182  47.193  -15.363 0.1000000015
87350  38.568  47.549  -14.806 0.1000000015
88122  37.148  48.176  -14.377 0.1000000015
88123  36.301  48.416  -14.381 0.1000000015
88118  35.681  48.760  -13.700 0.1000000015
88867  35.341  49.242  -12.810 0.1000000015
113186  34.794  49.642  -12.064 0.1000000015
84391  43.349  42.780  -20.978 0.1000000015
84382  41.917  42.840  -20.112 0.1000000015
87351  37.704  47.787  -14.944 0.1000000015
85203  43.097  43.996  -21.587 0.1000000015
84392  42.472  43.141  -20.686 0.1000000015
84383  41.121  43.193  -19.915 0.1000000015
85949  43.329  44.865  -22.198 0.1000000015
85191  41.594  44.438  -20.887 0.1000000015
84393  41.571  43.614  -20.488 0.1000000015
85958  43.154  45.955  -22.428 0.1000000015
85204  42.361  44.631  -21.439 0.1000000015
85192  40.907  44.288  -20.455 0.1000000015
90040  38.093  52.170  -4.077 0.1000000015
91090  39.463  54.558  -5.846 0.1000000015
90581  38.728  53.631  -6.558 0.1000000015
90603  36.984  53.074  -7.555 0.1000000015
91073  40.126  55.248  -5.147 0.1000000015
90602  37.776  53.389  -7.011 0.1000000015
90629  34.520  52.493  -9.693 0.1000000015
84367  48.598  41.882  -18.219 0.1000000015
91133  33.820  53.231  -10.726 0.1000000015
90634  33.389  52.401  -10.709 0.1000000015
91132  34.413  53.363  -10.202 0.1000000015
82849  47.894  41.031  -18.171 0.1000000015
85161  48.624  43.367  -18.267 0.1000000015
85162  47.817  44.797  -18.135 0.1000000015
90116  33.150  51.516  -10.881 0.1000000015
82853  46.508  41.060  -18.732 0.1000000015
115944  45.591  41.302  -18.491 0.1000000015
106814  33.074  50.806  -11.215 0.1000000015
83618  45.710  41.319  -19.446 0.1000000015
83619  44.683  41.468  -18.685 0.1000000015
85918  45.488  45.322  -18.168 0.1000000015
113837  44.545  45.395  -17.875 0.1000000015
85910  43.922  45.342  -17.198 0.1000000015
85899  42.972  45.435  -16.563 0.1000000015
86632  40.418  46.598  -16.424 0.1000000015
83629  45.318  41.628  -20.530 0.1000000015
102675  44.363  41.636  -19.632 0.1000000015
85912  42.263  45.727  -17.031 0.1000000015
86633  39.715  46.996  -16.384 0.1000000015
109766  39.104  47.174  -16.059 0.1000000015
88879  34.882  48.939  -13.417 0.1000000015
88868  34.276  49.231  -12.808 0.1000000015
89528  32.672  50.436  -11.773 0.1000000015
84390  44.195  42.555  -21.357 0.1000000015
83630  43.220  41.925  -19.653 0.1000000015
87377  39.264  47.289  -16.741 0.1000000015
87364  38.320  47.512  -15.608 0.1000000015
87365  37.511  47.825  -15.508 0.1000000015
107369  36.052  48.386  -14.889 0.1000000015
88124  35.537  48.583  -14.409 0.1000000015
88880  34.242  49.003  -13.782 0.1000000015
121063  33.622  49.449  -12.563 0.1000000015
88853  33.073  49.743  -12.307 0.1000000015
85201  44.705  43.549  -22.539 0.1000000015
87398  38.816  47.776  -17.271 0.1000000015
87378  38.528  47.551  -16.462 0.1000000015
88127  36.989  48.088  -15.856 0.1000000015
88128  36.245  48.416  -15.529 0.1000000015
88129  35.426  48.728  -15.163 0.1000000015
88883  34.159  49.233  -14.636 0.1000000015
88884  33.422  49.419  -14.128 0.1000000015
89549  32.527  49.814  -13.688 0.1000000015
88150  37.596  48.762  -17.425 0.1000000015
88137  37.261  48.355  -16.655 0.1000000015
88139  35.742  48.952  -16.029 0.1000000015
88886  35.026  49.342  -15.754 0.1000000015
88888  33.615  49.680  -14.872 0.1000000015
88901  38.511  49.523  -18.458 0.1000000015
88895  37.904  49.271  -18.004 0.1000000015
88896  36.522  49.857  -17.392 0.1000000015
88890  36.121  49.358  -16.744 0.1000000015
88891  35.430  49.698  -16.443 0.1000000015
89568  37.846  50.063  -18.279 0.1000000015
104569  37.268  49.564  -17.730 0.1000000015
88892  34.737  50.057  -16.211 0.1000000015
88897  35.833  50.105  -17.035 0.1000000015
89558  35.212  50.410  -16.760 0.1000000015
91060  39.448  54.360  -4.517 0.1000000015
91620  40.056  55.047  -4.831 0.1000000015
91091  38.428  54.402  -6.204 0.1000000015
110905  33.288  53.059  -11.114 0.1000000015
83616  48.194  41.338  -18.977 0.1000000015
84374  48.462  42.455  -19.262 0.1000000015
85170  48.160  44.082  -19.101 0.1000000015
90635  32.839  52.362  -11.180 0.1000000015
82856  46.990  41.032  -19.574 0.1000000015
83626  48.134  41.580  -19.722 0.1000000015
90117  32.482  51.382  -11.448 0.1000000015
85171  46.896  45.102  -18.693 0.1000000015
85919  44.753  45.491  -18.614 0.1000000015
85920  43.758  45.619  -18.133 0.1000000015
85911  42.977  45.601  -17.460 0.1000000015
85921  42.933  45.909  -18.099 0.1000000015
90125  31.969  50.856  -12.107 0.1000000015
86647  42.228  46.051  -17.704 0.1000000015
104083  41.050  46.287  -16.809 0.1000000015
89538  32.299  50.166  -12.490 0.1000000015
87412  42.066  46.948  -18.858 0.1000000015
86660  41.725  46.583  -18.181 0.1000000015
86649  40.657  46.654  -17.188 0.1000000015
107412  32.087  50.058  -13.097 0.1000000015
103983  41.708  47.555  -19.140 0.1000000015
87414  40.656  47.474  -18.351 0.1000000015
87397  39.569  47.468  -17.463 0.1000000015
118985  41.167  48.814  -19.471 0.1000000015
87429  41.044  47.965  -19.067 0.1000000015
88165  39.855  48.460  -18.649 0.1000000015
89548  32.900  49.976  -14.637 0.1000000015
88148  39.269  48.110  -18.031 0.1000000015
89553  34.034  50.465  -16.051 0.1000000015
89554  33.416  50.240  -15.407 0.1000000015
89559  34.575  50.750  -16.588 0.1000000015
89564  35.094  51.085  -17.048 0.1000000015
122680  33.986  51.036  -16.453 0.1000000015
91633  39.486  55.432  -5.021 0.1000000015
91652  39.135  55.381  -5.299 0.1000000015
91092  37.660  54.344  -6.619 0.1000000015
91712  33.987  54.619  -12.000 0.1000000015
91140  34.477  54.075  -10.903 0.1000000015
91141  33.758  53.871  -11.436 0.1000000015
91150  33.339  54.133  -12.005 0.1000000015
91142  32.857  53.307  -11.667 0.1000000015
90636  32.247  52.389  -11.681 0.1000000015
85928  45.957  45.295  -19.162 0.1000000015
85929  45.116  45.588  -19.488 0.1000000015
91143  32.115  53.152  -12.113 0.1000000015
90637  31.627  52.341  -12.206 0.1000000015
90118  31.875  51.638  -11.941 0.1000000015
85930  44.115  45.781  -19.002 0.1000000015
118256  43.658  46.221  -19.360 0.1000000015
86659  42.492  46.348  -18.490 0.1000000015
87427  42.999  47.313  -19.873 0.1000000015
86669  42.894  46.671  -19.283 0.1000000015
89543  31.692  50.453  -13.644 0.1000000015
87440  43.551  47.806  -20.477 0.1000000015
87428  42.347  47.465  -19.464 0.1000000015
89550  32.075  50.328  -14.351 0.1000000015
89555  32.440  50.647  -15.229 0.1000000015
89560  33.231  50.955  -16.047 0.1000000015
90154  34.406  51.403  -16.887 0.1000000015
90145  33.631  51.548  -16.658 0.1000000015
92252  34.609  55.591  -12.240 0.1000000015
85939  46.376  45.218  -20.167 0.1000000015
90639  31.043  52.268  -12.751 0.1000000015
85189  47.291  44.458  -20.888 0.1000000015
85940  45.520  45.754  -20.395 0.1000000015
86667  44.439  46.041  -19.784 0.1000000015
90130  31.160  51.054  -13.355 0.1000000015
86668  43.772  46.773  -20.057 0.1000000015
87439  44.540  47.379  -21.015 0.1000000015
90135  31.102  51.018  -14.128 0.1000000015
107380  31.606  50.812  -14.684 0.1000000015
120881  31.579  50.631  -14.182 0.1000000015
90139  32.353  51.240  -15.852 0.1000000015
90155  34.095  52.074  -17.146 0.1000000015
91711  34.592  54.778  -11.593 0.1000000015
85948  45.959  46.059  -21.354 0.1000000015
86679  44.883  46.450  -20.632 0.1000000015
86693  45.573  46.905  -21.622 0.1000000015
91107  37.071  53.931  -7.201 0.1000000015
86552  40.921  46.154  -9.757 0.1000000015
111257  48.776  43.708  -8.365 0.1000000015
119349  47.615  42.294  -11.522 0.1000000015
83552  46.059  42.409  -12.450 0.1000000015
120509  40.711  42.474  -13.703 0.1000000015
83529  37.867  42.133  -11.763 0.1000000015
83592  44.381  41.820  -15.290 0.1000000015
102531  42.519  41.800  -15.973 0.1000000015
81623  35.279  39.333  -11.219 0.2000000030
121544  38.480  41.229  -10.686 0.1000000015
82832  25.400  41.223  -11.392 0.1000000015
105538  22.844  40.946  -10.688 0.1000000015
82815  22.217  41.718  -10.665 0.1000000015
104895  46.671  46.432  -7.713 0.1000000015
82231  25.946  40.625  -11.935 0.1000000015
83513  22.479  42.481  -10.731 0.1000000015
83515  21.053  42.171  -11.094 0.1000000015
81630  26.284  39.925  -12.395 0.1000000015
83539  26.431  41.957  -10.997 0.1000000015
83511  24.306  42.613  -10.687 0.1000000015
85788  46.269  45.967  -7.260 0.1000000015
86535  46.511  46.701  -8.490 0.1000000015
84287  49.029  43.353  -10.102 0.1000000015
83510  25.777  42.436  -10.825 0.1000000015
85097  25.936  44.463  -11.319 0.1000000015
84290  23.601  43.156  -10.755 0.1000000015
83512  23.139  42.618  -10.690 0.1000000015
82830  26.928  41.478  -11.362 0.1000000015
84292  21.952  43.078  -11.010 0.1000000015
105173  28.102  42.006  -11.224 0.1000000015
82829  28.302  41.338  -11.477 0.1000000015
104636  28.544  42.604  -11.263 0.1000000015
86550  42.371  46.527  -10.077 0.1000000015
85789  45.273  45.442  -7.672 0.1000000015
85802  43.838  45.385  -8.889 0.1000000015
88093  42.434  48.583  -10.255 0.1000000015
87323  43.621  47.791  -10.480 0.1000000015
85811  45.411  46.294  -8.897 0.1000000015
87311  47.046  47.553  -9.746 0.1000000015
87322  45.278  48.147  -10.607 0.1000000015
122259  48.714  45.157  -10.643 0.1000000015
113022  49.083  43.117  -10.975 0.1000000015
82821  37.415  41.686  -11.254 0.1000000015
82822  36.444  41.658  -11.392 0.1000000015
84310  21.478  43.526  -11.543 0.1000000015
83532  34.839  41.691  -11.492 0.1000000015
84339  33.784  43.675  -13.183 0.1000000015
84323  32.665  43.329  -12.217 0.1000000015
84324  31.314  43.700  -12.078 0.1000000015
85108  31.140  44.353  -12.576 0.1000000015
85094  29.223  43.897  -11.678 0.1000000015
83535  31.802  42.077  -11.435 0.1000000015
112400  30.570  42.572  -11.474 0.1000000015
84311  20.761  43.151  -11.832 0.1000000015
84326  21.055  43.848  -12.132 0.1000000015
81615  35.826  39.730  -10.932 0.1000000015
113857  33.329  41.635  -11.410 0.1000000015
82826  32.091  41.317  -11.332 0.1000000015
83536  30.604  41.742  -11.372 0.1000000015
85113  20.786  44.145  -12.816 0.1000000015
81624  34.316  39.517  -11.364 0.1000000015
82224  32.487  40.613  -11.345 0.1000000015
89510  44.777  51.339  -10.785 0.1000000015
90101  44.405  53.330  -11.109 0.1000000015
110815  49.116  43.355  -11.774 0.1000000015
118858  36.674  42.880  -14.183 0.1000000015
84348  35.561  43.486  -14.459 0.1000000015
85826  26.278  44.974  -11.736 0.1000000015
85125  30.904  45.037  -13.203 0.1000000015
85850  30.291  45.514  -13.731 0.1000000015
85851  29.551  45.554  -13.460 0.1000000015
85853  27.999  45.504  -12.768 0.1000000015
85855  21.780  45.404  -13.480 0.1000000015
85112  21.292  44.858  -13.008 0.1000000015
116048  39.637  42.485  -13.826 0.1000000015
83585  37.300  42.699  -14.099 0.1000000015
122601  33.616  44.833  -15.210 0.1000000015
112115  34.395  44.187  -14.621 0.1000000015
85884  33.090  45.271  -15.566 0.1000000015
85886  31.811  45.706  -15.304 0.1000000015
87331  47.621  47.941  -12.014 0.1000000015
87333  46.659  48.858  -12.611 0.1000000015
90121  45.031  52.140  -12.333 0.1000000015
114665  45.244  50.699  -12.883 0.1000000015
90123  43.877  52.632  -12.249 0.1000000015
108082  48.449  46.159  -12.805 0.1000000015
85845  48.863  45.169  -13.206 0.1000000015
115357  48.736  41.869  -13.657 0.1000000015
83595  38.183  42.666  -15.467 0.1000000015
84356  36.107  43.766  -15.956 0.1000000015
86634  33.231  45.998  -17.131 0.1000000015
86635  32.691  45.997  -16.645 0.1000000015
111500  32.117  46.303  -16.747 0.1000000015
85901  35.041  45.050  -17.078 0.1000000015
85914  34.662  45.485  -17.445 0.1000000015
86654  31.782  46.681  -17.150 0.1000000015
88814  41.849  49.854  -5.701 0.1000000015
89484  42.687  50.761  -6.118 0.1000000015
87336  46.217  48.068  -13.014 0.1000000015
88859  44.216  50.536  -13.025 0.1000000015
85119  49.195  43.958  -13.445 0.1000000015
89534  40.839  50.816  -12.313 0.1000000015
83580  47.217  41.715  -14.254 0.1000000015
84362  38.158  43.039  -16.825 0.1000000015
84371  36.878  43.851  -17.105 0.1000000015
85173  37.552  44.443  -18.503 0.1000000015
85175  36.087  45.041  -17.979 0.1000000015
85923  35.706  45.561  -18.327 0.1000000015
86662  35.282  46.083  -18.620 0.1000000015
86663  34.501  46.205  -18.314 0.1000000015
85860  48.266  45.653  -14.317 0.1000000015
86580  47.112  46.906  -13.222 0.1000000015
88874  42.369  49.421  -13.156 0.1000000015
102529  40.547  42.237  -15.706 0.1000000015
85847  46.587  46.072  -13.900 0.1000000015
117966  41.639  47.840  -13.602 0.1000000015
118924  40.895  48.768  -13.235 0.1000000015
86680  40.388  45.791  -20.810 0.1000000015
84353  49.102  42.682  -15.675 0.1000000015
85144  48.579  44.656  -15.746 0.1000000015
83598  48.873  42.011  -15.803 0.1000000015
89506  36.117  51.096  -9.937 0.1000000015
119114  45.604  45.268  -15.146 0.1000000015
86597  42.606  46.187  -14.622 0.1000000015
83623  39.898  42.789  -18.202 0.1000000015
116351  45.389  41.490  -17.057 0.1000000015
115946  44.313  41.576  -17.203 0.1000000015
86614  42.188  46.004  -15.182 0.1000000015
86707  42.987  46.911  -22.593 0.1000000015
85950  41.636  45.236  -21.220 0.1000000015
90090  36.285  51.960  -8.782 0.1000000015
102469  48.453  44.339  -17.422 0.1000000015
82850  47.077  40.955  -18.207 0.1000000015
83611  42.580  41.695  -18.126 0.1000000015
85882  41.869  45.892  -15.776 0.1000000015
88121  38.019  47.975  -14.257 0.1000000015
88117  36.652  48.633  -13.749 0.1000000015
83632  41.431  42.599  -19.467 0.1000000015
108557  42.379  45.501  -21.740 0.1000000015
85898  43.885  45.281  -16.365 0.1000000015
86617  39.819  46.879  -15.847 0.1000000015
83631  42.270  42.249  -19.562 0.1000000015
121759  41.879  46.007  -17.243 0.1000000015
88852  33.896  49.643  -12.047 0.1000000015
84402  42.982  43.384  -21.190 0.1000000015
84401  43.830  43.255  -21.702 0.1000000015
83639  42.837  42.472  -20.287 0.1000000015
83638  44.007  42.092  -20.581 0.1000000015
87352  36.814  48.040  -15.055 0.1000000015
85202  43.852  44.000  -22.232 0.1000000015
85190  42.314  43.841  -21.050 0.1000000015
82852  47.439  40.965  -18.868 0.1000000015
86650  39.961  46.990  -16.955 0.1000000015
88119  35.011  48.725  -13.941 0.1000000015
88881  33.337  49.372  -13.160 0.1000000015
83637  45.086  42.131  -21.392 0.1000000015
84400  44.871  42.741  -22.054 0.1000000015
87379  37.744  47.811  -16.176 0.1000000015
88125  34.844  48.839  -14.478 0.1000000015
88149  38.442  48.594  -17.868 0.1000000015
88136  38.038  48.074  -16.989 0.1000000015
88138  36.500  48.639  -16.335 0.1000000015
88130  34.718  49.107  -15.098 0.1000000015
88151  36.829  49.027  -17.102 0.1000000015
88887  34.231  49.712  -15.461 0.1000000015
88166  39.172  48.961  -18.596 0.1000000015
83627  47.578  41.337  -20.195 0.1000000015
86648  41.425  46.311  -17.414 0.1000000015
87413  41.355  47.224  -18.582 0.1000000015
86661  40.995  46.876  -17.891 0.1000000015
87396  40.289  47.183  -17.648 0.1000000015
88164  40.388  48.031  -18.695 0.1000000015
87415  39.972  47.739  -18.162 0.1000000015
86658  43.277  46.048  -18.729 0.1000000015
90126  31.381  51.416  -12.583 0.1000000015
85947  46.680  45.235  -21.245 0.1000000015
69322  33.864  21.610  -13.276 0.1000000015
70129  34.180  22.517  -14.360 0.1000000015
69321  34.291  21.638  -14.066 0.1000000015
69332  34.890  21.432  -14.588 0.1000000015
109991  37.602  21.091  -16.005 0.1000000015
70153  34.714  22.822  -15.079 0.1000000015
69344  35.232  21.549  -15.185 0.1000000015
70152  35.196  22.167  -15.538 0.1000000015
118979  35.822  21.281  -15.310 0.1000000015
70943  35.420  23.111  -15.822 0.1000000015
71765  35.656  24.228  -15.614 0.1000000015
70162  36.403  22.071  -17.003 0.1000000015
70942  36.108  22.978  -16.614 0.1000000015
71775  36.007  23.821  -16.197 0.1000000015
71774  36.565  24.014  -16.889 0.1000000015
70141  34.665  21.967  -14.873 0.1000000015
70926  35.019  23.860  -15.097 0.1000000015
69352  35.737  21.623  -15.778 0.1000000015
69351  36.321  21.525  -16.445 0.1000000015
66895  43.562  18.544  -13.343 0.1000000015
67705  43.411  19.525  -10.439 0.1000000015
68489  43.848  20.420  -9.148 0.1000000015
69092  30.432  22.097  13.622 0.1000000015
69135  35.839  21.847  6.803 0.2000000030
69137  33.144  21.614  7.063 0.1000000015
69138  32.389  21.745  7.196 0.1000000015
69147  37.226  21.692  5.873 0.2000000030
69148  36.452  21.727  6.355 0.2000000030
69149  35.645  21.437  6.121 0.1000000015
69158  37.744  21.576  5.128 0.1000000015
69161  34.524  21.392  5.438 0.1000000015
69163  32.876  21.685  5.751 0.1000000015
69164  32.069  21.907  5.991 0.1000000015
69172  36.541  21.438  4.614 0.2000000030
69174  34.057  21.739  4.893 0.1000000015
69180  37.753  21.765  3.534 0.1000000015
69182  35.773  21.518  4.559 0.1000000015
69356  37.648  21.560  -17.930 0.2000000030
69877  32.954  23.043  13.741 0.1000000015
69879  31.517  22.551  13.085 0.1000000015
69880  30.743  22.346  12.952 0.1000000015
69889  31.181  22.551  12.293 0.1000000015
69891  29.416  22.195  12.168 0.1000000015
69892  28.435  22.148  12.163 0.1000000015
69901  31.531  22.785  10.987 0.1000000015
69904  27.493  22.888  11.261 0.1000000015
69905  27.083  22.882  11.804 0.1000000015
69914  29.406  22.580  10.129 0.1000000015
69916  27.927  22.895  10.612 0.1000000015
69928  31.120  22.449  9.414 0.1000000015
69930  29.414  22.677  9.254 0.1000000015
69931  28.272  23.032  9.919 0.1000000015
69936  37.155  22.891  7.774 0.2000000030
69938  34.958  22.786  8.344 0.2000000030
69940  33.212  22.418  8.512 0.1000000015
69959  33.653  22.059  7.697 0.1000000015
69972  39.325  22.544  6.365 0.2000000030
69974  37.784  22.181  6.529 0.2000000030
69976  31.394  22.267  6.347 0.1000000015
69977  30.630  22.683  6.635 0.1000000015
69978  29.995  22.927  7.065 0.1000000015
69988  33.286  22.004  5.133 0.1000000015
69998  39.807  22.134  4.697 0.2000000030
70000  34.539  22.329  4.380 0.1000000015
70011  38.816  22.205  2.771 0.2000000030
70013  36.448  22.410  3.473 0.1000000015
70014  35.794  22.053  3.887 0.1000000015
70015  35.229  22.563  3.966 0.1000000015
70024  39.414  22.625  2.158 0.1000000015
70033  40.100  22.724  1.749 0.1000000015
70095  45.663  22.678  -10.684 0.1000000015
70163  35.785  22.171  -16.244 0.1000000015
70177  39.553  22.075  -19.008 0.2000000030
70703  33.409  23.565  12.555 0.2000000030
70717  34.408  23.993  10.396 0.2000000030
70719  32.894  23.359  11.115 0.1000000015
70727  36.645  24.036  9.150 0.2000000030
70728  35.013  23.941  9.688 0.2000000030
70730  27.961  23.664  9.433 0.1000000015
70735  39.937  23.591  8.107 0.2000000030
70739  28.493  23.756  8.499 0.1000000015
70745  42.377  23.747  7.247 0.2000000030
70750  37.835  22.902  7.590 0.2000000030
70751  29.070  23.570  7.761 0.1000000015
70764  30.093  23.446  6.629 0.1000000015
70765  29.596  23.482  7.173 0.1000000015
70771  43.405  23.707  5.287 0.2000000030
70773  31.968  23.311  5.320 0.1000000015
70774  31.304  23.366  5.687 0.1000000015
70775  30.670  23.437  6.099 0.1000000015
70783  34.065  23.150  4.357 0.1000000015
70784  33.407  23.378  4.604 0.1000000015
70785  32.658  23.344  4.924 0.1000000015
70792  42.968  23.231  2.907 0.2000000030
70805  38.239  23.466  2.464 0.1000000015
70811  43.465  23.316  1.419 0.2000000030
70813  41.193  22.952  1.069 0.2000000030
70823  41.667  23.412  0.482 0.2000000030
70829  44.239  23.795  -0.736 0.2000000030
70831  42.235  23.696  -0.102 0.2000000030
70841  35.313  23.984  -3.127 0.2000000030
70847  35.660  23.808  -3.733 0.2000000030
70900  52.277  23.386  -10.688 0.1000000015
70904  46.678  23.751  -10.898 0.1000000015
70925  46.836  23.336  -14.754 0.2000000030
70951  37.247  22.750  -18.227 0.2000000030
70967  39.182  23.332  -20.084 0.3000000119
71482  36.078  25.175  12.504 0.1000000015
71493  26.993  24.783  11.139 0.1000000015
71494  26.758  24.085  11.654 0.1000000015
71500  36.809  25.202  10.263 0.1000000015
71503  27.457  23.927  10.153 0.1000000015
71504  27.069  24.054  10.867 0.1000000015
71512  39.234  24.702  9.475 0.2000000030
71517  27.640  24.488  9.615 0.1000000015
71529  28.409  24.521  8.375 0.1000000015
71561  32.298  24.266  5.136 0.1000000015
71571  36.081  24.700  3.915 0.1000000015
71575  32.991  24.047  4.758 0.1000000015
71581  37.219  24.282  3.161 0.1000000015
71582  36.391  24.121  3.452 0.1000000015
71583  35.701  24.063  3.742 0.1000000015
71599  40.595  24.176  0.899 0.1000000015
71600  39.962  24.246  1.491 0.1000000015
71608  33.740  25.040  -0.123 0.2000000030
71617  42.788  24.156  -0.635 0.2000000030
71629  43.793  24.892  -1.470 0.2000000030
71642  36.544  24.392  -2.309 0.2000000030
71654  33.238  24.664  -3.155 0.2000000030
71658  39.203  24.610  -4.758 0.3000000119
71662  34.597  24.344  -4.777 0.2000000030
71690  42.936  24.736  -7.434 0.3000000119
71691  40.657  24.398  -7.816 0.3000000119
71694  37.513  24.298  -7.625 0.2000000030
71713  36.229  24.999  -7.999 0.3000000119
71810  40.790  24.354  -21.290 0.3000000119
72310  26.776  24.917  12.105 0.1000000015
72336  28.007  25.639  9.326 0.1000000015
72348  28.281  25.197  8.671 0.1000000015
72349  27.848  25.019  9.229 0.1000000015
72357  29.717  25.497  7.147 0.1000000015
72358  29.134  25.064  7.537 0.1000000015
72359  28.633  24.951  8.077 0.1000000015
72369  30.240  25.356  6.597 0.1000000015
72370  29.684  24.758  6.899 0.1000000015
72382  34.061  25.888  5.339 0.1000000015
72383  33.355  25.670  5.383 0.1000000015
72384  32.422  25.393  5.508 0.1000000015
72385  31.591  25.649  5.937 0.1000000015
72386  30.882  25.095  5.996 0.1000000015
72393  37.109  25.751  4.318 0.1000000015
72394  36.183  25.483  4.423 0.1000000015
72395  35.329  25.537  4.744 0.1000000015
72396  34.628  25.683  5.058 0.1000000015
72397  33.896  25.215  4.946 0.1000000015
72402  38.969  25.678  3.538 0.1000000015
72403  38.327  25.479  3.649 0.1000000015
72428  41.692  24.908  0.147 0.2000000030
72435  31.921  25.741  0.136 0.2000000030
72443  42.398  24.925  -0.441 0.2000000030
72455  47.780  25.849  -1.361 0.2000000030
72496  49.713  25.371  -6.431 0.2000000030
72536  52.921  24.925  -10.618 0.1000000015
72545  38.010  25.805  -9.443 0.4000000060
72553  49.536  25.588  -10.889 0.1000000015
73125  28.074  26.722  12.967 0.1000000015
73139  27.489  26.201  12.533 0.1000000015
73152  27.497  26.149  11.705 0.1000000015
73160  38.719  26.418  10.958 0.1000000015
73161  28.161  26.458  10.278 0.1000000015
73162  27.725  26.107  10.593 0.1000000015
73171  28.900  26.662  9.239 0.1000000015
73172  28.300  26.270  9.571 0.1000000015
73173  27.790  25.910  9.993 0.1000000015
73181  29.889  26.727  8.045 0.1000000015
73182  29.163  26.381  8.454 0.1000000015
73189  31.101  26.747  6.941 0.1000000015
73194  33.245  26.954  6.151 0.2000000030
73195  32.426  26.731  6.308 0.1000000015
73207  36.286  26.881  5.301 0.1000000015
73208  35.481  26.770  5.433 0.1000000015
73220  49.143  27.022  5.063 0.1000000015
73223  38.364  26.631  4.621 0.1000000015
73234  39.615  26.175  3.757 0.1000000015
73242  40.916  26.287  2.846 0.1000000015
73284  44.474  26.429  -1.950 0.2000000030
73295  45.791  26.977  -2.801 0.3000000119
73300  31.938  26.048  -2.562 0.3000000119
73308  39.897  26.078  -3.189 0.3000000119
73309  32.250  26.636  -3.197 0.3000000119
73321  42.744  26.325  -5.309 0.3000000119
73358  45.657  26.534  -9.427 0.3000000119
73413  44.680  26.971  -13.347 0.4000000060
73416  42.328  26.326  -13.862 0.6000000238
73478  38.409  26.546  -20.044 0.4000000060
73495  40.205  27.069  -22.312 0.4000000060
73998  29.398  27.548  12.852 0.1000000015
74012  29.359  27.543  11.896 0.1000000015
74013  28.655  27.119  11.490 0.1000000015
74021  30.046  27.869  11.381 0.1000000015
74022  29.340  27.468  10.942 0.1000000015
74028  30.076  27.773  10.428 0.1000000015
74030  28.664  26.746  9.908 0.1000000015
74032  31.183  27.661  8.232 0.1000000015
74039  32.112  27.666  7.274 0.1000000015
74051  38.133  27.875  5.353 0.1000000015
74054  34.955  27.288  5.796 0.1000000015
74055  34.113  27.102  5.968 0.2000000030
74067  37.086  26.996  5.181 0.1000000015
74071  41.090  27.232  4.122 0.1000000015
74145  40.835  27.030  -3.156 0.3000000119
74173  45.670  27.260  -7.359 0.3000000119
74264  50.177  28.456  -16.681 0.2000000030
74285  37.105  27.291  -17.721 0.2000000030
74309  40.558  27.580  -21.859 0.5000000000
74317  39.749  28.657  -22.465 0.4000000060
74697  31.355  28.525  12.273 0.1000000015
74698  30.695  28.238  12.729 0.1000000015
74710  31.393  28.510  11.376 0.1000000015
74723  32.215  28.721  9.186 0.1000000015
74724  31.551  28.371  9.586 0.1000000015
74725  30.826  28.082  9.988 0.1000000015
74732  33.363  28.696  7.218 0.1000000015
74733  32.642  28.243  7.456 0.1000000015
74734  31.917  27.954  7.919 0.1000000015
74742  33.875  28.292  6.671 0.2000000030
74743  33.209  28.111  6.879 0.2000000030
74747  38.483  28.548  5.554 0.1000000015
74748  37.585  28.366  5.632 0.1000000015
74749  36.636  28.115  5.748 0.1000000015
74759  40.016  28.216  5.142 0.1000000015
74760  38.978  27.938  5.234 0.1000000015
74767  42.572  28.533  4.264 0.1000000015
74777  43.624  28.835  3.088 0.1000000015
74798  40.733  29.264  -0.081 0.3000000119
74858  46.464  28.995  -6.942 0.3000000119
74931  50.623  29.040  -15.906 0.2000000030
74944  49.726  29.787  -17.345 0.3000000119
74973  35.452  29.136  -18.652 0.3000000119
75336  33.242  29.589  11.883 0.1000000015
75338  31.978  28.831  12.743 0.1000000015
75344  33.231  29.639  10.958 0.1000000015
75356  32.048  28.842  10.945 0.1000000015
75363  33.277  29.653  9.206 0.1000000015
75364  32.719  29.206  9.634 0.1000000015
75365  33.381  29.572  8.372 0.1000000015
75366  32.827  29.114  8.787 0.1000000015
75374  39.224  30.151  6.033 0.1000000015
75375  38.231  29.923  6.119 0.1000000015
75376  37.293  29.726  6.202 0.1000000015
75377  36.410  29.535  6.326 0.2000000030
75378  35.588  29.380  6.482 0.2000000030
75380  34.074  28.980  6.927 0.2000000030
75383  40.933  29.864  5.697 0.1000000015
75384  39.872  29.567  5.739 0.1000000015
75389  42.393  29.848  5.017 0.1000000015
75390  41.516  29.376  5.321 0.1000000015
75421  38.468  29.608  2.603 0.2000000030
75423  36.778  29.280  2.938 0.2000000030
75428  41.451  30.313  1.288 0.3000000119
75434  44.596  31.309  0.737 0.3000000119
75569  50.635  30.482  -15.216 0.2000000030
75581  50.434  30.475  -15.894 0.3000000119
75584  48.346  29.760  -17.125 0.4000000060
75603  33.799  29.679  -17.382 0.2000000030
75621  40.315  29.789  -21.618 0.5000000000
75629  40.082  29.082  -22.475 0.5000000000
75957  33.907  29.909  13.285 0.1000000015
75965  34.416  30.540  10.927 0.1000000015
75966  33.831  30.043  11.405 0.1000000015
75972  34.354  30.584  10.031 0.1000000015
75973  33.794  30.107  10.493 0.1000000015
75991  33.929  30.044  7.941 0.1000000015
75994  40.688  31.313  6.176 0.1000000015
76003  42.490  31.547  5.044 0.1000000015
76004  42.125  31.169  5.541 0.1000000015
76008  42.617  31.023  4.478 0.1000000015
76048  28.928  30.165  1.930 0.2000000030
76096  49.934  32.076  -3.896 0.3000000119
76104  48.348  31.739  -5.735 0.3000000119
76108  35.305  29.680  -5.915 0.6000000238
76168  50.597  30.857  -14.281 0.2000000030
76174  50.281  30.778  -15.679 0.3000000119
76190  37.018  30.993  -16.059 0.6000000238
76206  34.350  30.170  -18.571 0.3000000119
76220  39.476  30.888  -20.671 0.5000000000
76236  38.704  30.435  -23.179 0.5000000000
76562  36.650  31.496  13.021 0.1000000015
76564  35.738  31.152  11.996 0.1000000015
76618  35.655  31.445  7.532 0.2000000030
76619  34.981  31.063  7.895 0.2000000030
76627  41.900  32.612  5.942 0.1000000015
76630  38.790  31.796  6.457 0.2000000030
76631  37.790  31.497  6.563 0.2000000030
76632  36.898  31.228  6.699 0.2000000030
76633  36.077  30.977  6.906 0.2000000030
76649  41.908  32.420  4.528 0.1000000015
76657  33.672  31.766  4.209 0.1000000015
76666  38.053  31.431  4.171 0.1000000015
76677  28.609  32.119  1.749 0.2000000030
76721  36.354  30.764  -3.001 0.5000000000
76723  50.419  31.852  -4.584 0.3000000119
76732  50.016  32.162  -5.166 0.3000000119
77191  37.191  32.041  11.481 0.1000000015
77203  37.187  32.412  10.538 0.1000000015
77228  36.190  32.230  8.609 0.2000000030
77229  29.913  32.999  8.318 0.1000000015
77241  37.623  33.060  7.165 0.2000000030
77246  28.619  32.580  7.644 0.1000000015
77252  41.853  33.518  5.866 0.1000000015
77253  41.378  33.112  6.239 0.1000000015
77261  26.973  32.421  6.045 0.2000000030
77266  42.229  32.990  5.390 0.1000000015
77273  22.783  32.826  5.273 0.1000000015
77278  42.329  32.799  4.914 0.1000000015
77281  39.048  33.202  4.425 0.1000000015
77347  38.406  32.934  -2.830 0.6000000238
77436  36.531  32.993  -18.508 0.6000000238
77469  37.950  32.775  -24.082 0.5000000000
77475  37.268  33.393  -24.266 0.5000000000
77837  39.919  34.786  11.151 0.1000000015
77887  41.611  34.265  5.705 0.1000000015
77888  41.076  34.142  6.254 0.1000000015
77893  30.438  33.778  6.489 0.2000000030
77900  29.507  34.225  5.146 0.2000000030
77908  42.087  33.608  5.112 0.1000000015
77912  37.486  34.181  4.422 0.1000000015
77916  33.755  34.175  3.452 0.1000000015
77964  37.034  33.033  -2.603 0.4000000060
77991  37.983  33.085  -5.178 0.8000000119
78033  35.065  33.556  -14.082 0.6999999881
78058  37.300  33.590  -20.291 0.8000000119
78442  36.692  35.815  10.896 0.1000000015
78449  39.605  35.701  9.645 0.1000000015
78484  40.306  35.614  6.212 0.1000000015
78485  39.830  35.630  6.736 0.2000000030
78487  32.481  34.898  6.654 0.2000000030
78494  41.274  34.820  5.517 0.1000000015
78500  41.689  34.256  5.302 0.1000000015
78502  40.851  34.991  4.915 0.1000000015
78505  36.957  35.075  4.320 0.1000000015
78549  38.977  34.549  -2.661 0.6999999881
78628  44.905  34.522  -12.994 0.6999999881
78692  36.758  34.433  -18.238 0.8999999762
78706  37.486  34.719  -20.034 0.8000000119
78714  38.326  35.126  -22.209 0.8000000119
78726  36.719  35.520  -23.424 0.6000000238
79077  38.842  36.393  11.022 0.1000000015
79082  39.493  36.182  10.733 0.1000000015
79083  38.757  36.404  10.351 0.1000000015
79089  39.137  36.326  9.520 0.1000000015
79096  38.835  36.396  8.761 0.2000000030
79099  35.050  35.785  8.051 0.2000000030
79117  40.518  35.653  5.769 0.1000000015
79120  36.605  36.484  6.767 0.2000000030
79123  33.705  35.772  5.789 0.2000000030
79134  40.780  35.338  5.365 0.1000000015
79137  36.851  36.197  4.733 0.1000000015
79141  32.492  35.803  4.910 0.2000000030
79147  39.486  35.841  4.852 0.1000000015
79148  38.420  35.929  4.709 0.1000000015
79152  33.742  36.052  3.907 0.2000000030
79168  22.230  35.518  0.201 0.2000000030
79270  45.409  35.148  -14.920 0.6999999881
79276  44.444  35.386  -16.829 0.6999999881
79310  41.165  35.794  -21.476 0.8000000119
79331  38.001  35.704  -23.804 0.6999999881
79752  38.326  36.600  6.400 0.2000000030
79754  36.357  36.428  5.256 0.2000000030
79766  23.512  36.572  5.637 0.1000000015
79767  22.995  36.286  5.363 0.1000000015
79782  22.171  36.633  0.974 0.2000000030
79786  22.310  36.660  0.210 0.2000000030
79880  46.428  36.359  -12.931 0.6000000238
79887  45.827  36.462  -14.915 0.6999999881
80394  40.813  37.078  -7.146 0.8000000119
80469  38.603  38.174  -17.444 0.6000000238
80476  42.544  36.752  -19.819 0.8000000119
80481  33.193  38.339  -17.885 0.5000000000
80489  34.345  38.050  -18.914 0.6000000238
80505  38.474  37.608  -22.078 0.6000000238
80883  23.935  37.785  3.995 0.1000000015
80899  22.943  37.836  1.005 0.3000000119
80906  23.152  38.224  -0.312 0.3000000119
80965  45.480  37.628  -6.146 0.6000000238
81086  35.891  38.397  -19.442 0.6000000238
81519  23.887  39.055  0.503 0.2000000030
81543  44.886  39.556  -2.990 0.6000000238
81611  39.061  39.860  -10.403 0.2000000030
82121  27.384  39.547  2.058 0.1000000015
82793  44.008  41.092  -9.071 0.2000000030
83524  43.907  42.623  -11.546 0.2000000030
83526  41.568  42.472  -11.782 0.2000000030
83617  47.736  41.118  -19.504 0.1000000015
84385  39.509  43.663  -19.181 0.1000000015
87471  41.791  48.125  -22.211 0.1000000015
88799  42.070  50.031  -5.000 0.1000000015
88869  32.600  49.725  -12.926 0.1000000015
89539  31.667  50.568  -12.849 0.1000000015
89563  35.620  50.711  -17.164 0.1000000015
90035  42.886  52.993  -4.879 0.1000000015
91632  40.336  55.152  -5.057 0.1000000015
102021  43.235  37.254  -16.109 0.6000000238
102034  39.895  36.122  5.970 0.1000000015
102367  22.227  34.942  0.671 0.2000000030
102852  36.873  26.167  -0.078 0.2000000030
102865  34.880  28.860  -17.429 0.1000000015
102869  36.045  33.787  4.288 0.1000000015
102978  30.917  22.594  10.638 0.1000000015
103172  30.643  22.539  9.988 0.1000000015
103281  36.584  23.629  -5.059 0.2000000030
103308  35.817  24.016  9.351 0.2000000030
103343  34.450  21.197  -13.291 0.1000000015
103409  37.276  25.916  12.013 0.1000000015
103587  31.655  22.334  8.787 0.1000000015
103730  27.311  24.663  10.344 0.1000000015
103782  28.859  22.771  9.784 0.1000000015
103978  31.160  22.096  7.018 0.1000000015
104822  39.641  33.999  4.466 0.1000000015
105593  30.192  27.608  9.469 0.1000000015
106352  34.510  30.356  12.768 0.1000000015
106376  36.646  28.601  -19.257 0.3000000119
106589  34.220  33.316  -11.243 0.6999999881
107032  39.134  24.879  2.547 0.1000000015
107696  31.339  28.523  13.152 0.1000000015
107777  42.978  44.413  -8.361 0.1000000015
108158  29.836  22.392  11.425 0.1000000015
109224  45.730  24.330  -0.862 0.2000000030
109630  37.788  23.739  -5.846 0.2000000030
109934  35.459  31.420  10.002 0.1000000015
109972  28.993  42.272  -5.080 0.2000000030
111254  22.227  36.648  1.676 0.2000000030
111650  31.573  22.741  11.709 0.1000000015
111702  37.016  21.422  5.056 0.2000000030
111831  34.316  23.868  4.315 0.1000000015
111858  38.873  35.343  4.570 0.1000000015
111998  34.164  25.389  0.378 0.2000000030
112171  38.442  34.556  -14.892 0.8999999762
112817  31.614  24.785  5.582 0.1000000015
113127  38.681  34.476  -10.337 0.8000000119
113945  41.098  23.462  7.365 0.2000000030
114081  36.847  32.853  8.128 0.2000000030
114121  35.768  22.701  3.656 0.1000000015
114298  51.520  25.168  0.456 0.2000000030
114576  38.097  22.069  3.005 0.1000000015
115126  42.657  30.948  3.554 0.1000000015
115143  29.879  22.579  8.392 0.1000000015
115286  34.832  34.150  -10.738 0.8000000119
115405  27.496  25.994  11.072 0.1000000015
115417  33.970  35.275  -18.270 0.5000000000
115512  48.393  39.838  -5.561 0.3000000119
115951  41.200  42.087  -15.591 0.1000000015
116223  31.759  21.902  7.350 0.1000000015
116301  33.370  23.392  13.281 0.2000000030
116337  50.359  20.786  -0.908 0.1000000015
116599  36.882  34.579  -9.620 0.8000000119
116941  50.186  31.231  -14.186 0.2000000030
117367  26.387  33.087  4.257 0.2000000030
117439  32.573  22.912  9.782 0.1000000015
117653  35.149  30.766  12.303 0.1000000015
117748  39.359  42.320  -11.819 0.2000000030
117952  40.098  33.875  6.614 0.1000000015
117963  29.405  22.473  10.811 0.1000000015
118016  30.995  26.888  -0.001 0.2000000030
118116  40.257  34.443  -16.172 0.8000000119
118150  29.886  28.650  1.764 0.3000000119
118175  38.452  27.574  5.158 0.1000000015
118291  50.590  31.459  -4.968 0.3000000119
118588  31.092  22.319  13.560 0.1000000015
119370  38.061  36.562  5.566 0.2000000030
119628  22.644  35.756  -0.561 0.2000000030
119836  34.968  21.668  6.740 0.1000000015
119957  40.944  35.236  5.705 0.1000000015
120046  37.283  25.784  13.543 0.1000000015
120121  37.841  43.322  -17.121 0.1000000015
120698  36.580  31.098  -5.303 0.6999999881
120926  25.642  32.424  -0.950 0.3000000119
121436  43.551  23.425  2.976 0.2000000030
121830  24.732  37.456  -2.342 0.2000000030
121948  33.861  23.678  4.451 0.1000000015
122232  26.001  38.202  -2.875 0.2000000030
122456  47.231  25.972  -2.262 0.3000000119
122592  35.117  24.176  -5.146 0.2000000030
122684  30.048  33.613  -4.078 0.4000000060
122703  41.988  33.762  5.452 0.1000000015
122843  34.429  23.668  9.761 0.2000000030
123104  43.958  26.248  -1.560 0.2000000030
123179  41.823  43.418  -6.744 0.3000000119
