
Sat Mar 14 00:38:44 CET 2026
cd /out/sourcedata/freesurfer/sub-v2s7x29660_ses-1
setenv SUBJECTS_DIR /out/sourcedata/freesurfer
/opt/freesurfer/bin/recon-all -autorecon-hemi rh -noparcstats -noparcstats2 -noparcstats3 -nohyporelabel -nobalabels -rh-only -openmp 16 -subjid sub-v2s7x29660_ses-1 -sd /out/sourcedata/freesurfer

subjid sub-v2s7x29660_ses-1
setenv SUBJECTS_DIR /out/sourcedata/freesurfer
FREESURFER_HOME /opt/freesurfer
Actual FREESURFER_HOME /opt/freesurfer
build-stamp.txt: freesurfer-linux-ubuntu22_x86_64-7.3.2-20220804-6354275
Linux dna020 5.14.0-427.37.1.el9_4.x86_64 #1 SMP PREEMPT_DYNAMIC Fri Sep 13 12:41:50 EDT 2024 x86_64 x86_64 x86_64 GNU/Linux
cputime      unlimited
filesize     unlimited
datasize     unlimited
stacksize    8192 kbytes
coredumpsize 0 kbytes
memoryuse    67108864 kbytes
vmemoryuse   unlimited
descriptors  1024 
memorylocked unlimited
maxproc      2061970 
maxlocks     unlimited
maxsignal    2061970 
maxmessage   819200 
maxnice      0 
maxrtprio    0 
maxrttime    unlimited

               total        used        free      shared  buff/cache   available
Mem:           503Gi        53Gi       311Gi        36Gi       139Gi       410Gi
Swap:             0B          0B          0B

########################################
program versions used
7.3.2 (freesurfer-linux-ubuntu22_x86_64-7.3.2-20220804-6354275)
7.3.2

ProgramName: lta_convert  ProgramArguments: lta_convert -all-info  ProgramVersion: 7.3.2  TimeStamp: 2026/03/13-23:38:44-GMT  BuildTime: Aug  4 2022 06:17:15  BuildStamp: freesurfer-linux-ubuntu22_x86_64-7.3.2-20220804-6354275  User: oesteban  Machine: dna020  Platform: Linux  PlatformVersion: 5.14.0-427.37.1.el9_4.x86_64  CompilerName: GCC  CompilerVersion: 8.4.0
ProgramName: mri_and  ProgramArguments: mri_and -all-info  ProgramVersion: 7.3.2  TimeStamp: 2026/03/13-23:38:44-GMT  BuildTime: Aug  4 2022 06:17:15  BuildStamp: freesurfer-linux-ubuntu22_x86_64-7.3.2-20220804-6354275  User: oesteban  Machine: dna020  Platform: Linux  PlatformVersion: 5.14.0-427.37.1.el9_4.x86_64  CompilerName: GCC  CompilerVersion: 8.4.0
ProgramName: mri_annotation2label  ProgramArguments: mri_annotation2label -all-info  ProgramVersion: 7.3.2  TimeStamp: 2026/03/13-23:38:44-GMT  BuildTime: Aug  4 2022 06:17:15  BuildStamp: freesurfer-linux-ubuntu22_x86_64-7.3.2-20220804-6354275  User: oesteban  Machine: dna020  Platform: Linux  PlatformVersion: 5.14.0-427.37.1.el9_4.x86_64  CompilerName: GCC  CompilerVersion: 8.4.0
ProgramName: mri_aparc2aseg  ProgramArguments: mri_aparc2aseg -all-info  ProgramVersion: 7.3.2  TimeStamp: 2026/03/13-23:38:44-GMT  BuildTime: Aug  4 2022 06:17:15  BuildStamp: freesurfer-linux-ubuntu22_x86_64-7.3.2-20220804-6354275  User: oesteban  Machine: dna020  Platform: Linux  PlatformVersion: 5.14.0-427.37.1.el9_4.x86_64  CompilerName: GCC  CompilerVersion: 8.4.0
ProgramName: mri_surf2volseg  ProgramArguments: mri_surf2volseg -all-info  ProgramVersion: 7.3.2  TimeStamp: 2026/03/13-23:38:44-GMT  BuildTime: Aug  4 2022 06:17:15  BuildStamp: freesurfer-linux-ubuntu22_x86_64-7.3.2-20220804-6354275  User: oesteban  Machine: dna020  Platform: Linux  PlatformVersion: 5.14.0-427.37.1.el9_4.x86_64  CompilerName: GCC  CompilerVersion: 8.4.0
ProgramName: mri_binarize  ProgramArguments: mri_binarize -all-info  ProgramVersion: 7.3.2  TimeStamp: 2026/03/13-23:38:44-GMT  BuildTime: Aug  4 2022 06:17:15  BuildStamp: freesurfer-linux-ubuntu22_x86_64-7.3.2-20220804-6354275  User: oesteban  Machine: dna020  Platform: Linux  PlatformVersion: 5.14.0-427.37.1.el9_4.x86_64  CompilerName: GCC  CompilerVersion: 8.4.0
ProgramName: mri_ca_label  ProgramArguments: mri_ca_label -all-info  ProgramVersion: 7.3.2  TimeStamp: 2026/03/13-23:38:44-GMT  BuildTime: Aug  4 2022 06:17:15  BuildStamp: freesurfer-linux-ubuntu22_x86_64-7.3.2-20220804-6354275  User: oesteban  Machine: dna020  Platform: Linux  PlatformVersion: 5.14.0-427.37.1.el9_4.x86_64  CompilerName: GCC  CompilerVersion: 8.4.0
ProgramName: mri_ca_normalize  ProgramArguments: mri_ca_normalize -all-info  ProgramVersion: 7.3.2  TimeStamp: 2026/03/13-23:38:44-GMT  BuildTime: Aug  4 2022 06:17:15  BuildStamp: freesurfer-linux-ubuntu22_x86_64-7.3.2-20220804-6354275  User: oesteban  Machine: dna020  Platform: Linux  PlatformVersion: 5.14.0-427.37.1.el9_4.x86_64  CompilerName: GCC  CompilerVersion: 8.4.0
ProgramName: mri_ca_register  ProgramArguments: mri_ca_register -all-info  ProgramVersion: 7.3.2  TimeStamp: 2026/03/13-23:38:44-GMT  BuildTime: Aug  4 2022 06:17:15  BuildStamp: freesurfer-linux-ubuntu22_x86_64-7.3.2-20220804-6354275  User: oesteban  Machine: dna020  Platform: Linux  PlatformVersion: 5.14.0-427.37.1.el9_4.x86_64  CompilerName: GCC  CompilerVersion: 8.4.0
ProgramName: mri_cc  ProgramArguments: mri_cc -all-info  ProgramVersion: 7.3.2  TimeStamp: 2026/03/13-23:38:44-GMT  BuildTime: Aug  4 2022 06:17:15  BuildStamp: freesurfer-linux-ubuntu22_x86_64-7.3.2-20220804-6354275  User: oesteban  Machine: dna020  Platform: Linux  PlatformVersion: 5.14.0-427.37.1.el9_4.x86_64  CompilerName: GCC  CompilerVersion: 8.4.0
ProgramName: mri_compute_overlap  ProgramArguments: mri_compute_overlap -all-info  ProgramVersion: 7.3.2  TimeStamp: 2026/03/13-23:38:44-GMT  BuildTime: Aug  4 2022 06:17:15  BuildStamp: freesurfer-linux-ubuntu22_x86_64-7.3.2-20220804-6354275  User: oesteban  Machine: dna020  Platform: Linux  PlatformVersion: 5.14.0-427.37.1.el9_4.x86_64  CompilerName: GCC  CompilerVersion: 8.4.0
ProgramName: mri_compute_seg_overlap  ProgramArguments: mri_compute_seg_overlap -all-info  ProgramVersion: 7.3.2  TimeStamp: 2026/03/13-23:38:44-GMT  BuildTime: Aug  4 2022 06:17:15  BuildStamp: freesurfer-linux-ubuntu22_x86_64-7.3.2-20220804-6354275  User: oesteban  Machine: dna020  Platform: Linux  PlatformVersion: 5.14.0-427.37.1.el9_4.x86_64  CompilerName: GCC  CompilerVersion: 8.4.0
ProgramName: mri_concat  ProgramArguments: mri_concat -all-info  ProgramVersion: 7.3.2  TimeStamp: 2026/03/13-23:38:44-GMT  BuildTime: Aug  4 2022 06:17:15  BuildStamp: freesurfer-linux-ubuntu22_x86_64-7.3.2-20220804-6354275  User: oesteban  Machine: dna020  Platform: Linux  PlatformVersion: 5.14.0-427.37.1.el9_4.x86_64  CompilerName: GCC  CompilerVersion: 8.4.0
ProgramName: mri_concatenate_lta  ProgramArguments: mri_concatenate_lta -all-info  ProgramVersion: 7.3.2  TimeStamp: 2026/03/13-23:38:44-GMT  BuildTime: Aug  4 2022 06:17:15  BuildStamp: freesurfer-linux-ubuntu22_x86_64-7.3.2-20220804-6354275  User: oesteban  Machine: dna020  Platform: Linux  PlatformVersion: 5.14.0-427.37.1.el9_4.x86_64  CompilerName: GCC  CompilerVersion: 8.4.0
mri_convert -all-info 
ProgramName: mri_convert  ProgramArguments: mri_convert -all-info  ProgramVersion: 7.3.2  TimeStamp: 2026/03/13-23:38:44-GMT  BuildTime: Aug  4 2022 06:17:15  BuildStamp: freesurfer-linux-ubuntu22_x86_64-7.3.2-20220804-6354275  User: oesteban  Machine: dna020  Platform: Linux  PlatformVersion: 5.14.0-427.37.1.el9_4.x86_64  CompilerName: GCC  CompilerVersion: 8.4.0
ProgramName: mri_diff  ProgramArguments: mri_diff -all-info  ProgramVersion: 7.3.2  TimeStamp: 2026/03/13-23:38:44-GMT  BuildTime: Aug  4 2022 06:17:15  BuildStamp: freesurfer-linux-ubuntu22_x86_64-7.3.2-20220804-6354275  User: oesteban  Machine: dna020  Platform: Linux  PlatformVersion: 5.14.0-427.37.1.el9_4.x86_64  CompilerName: GCC  CompilerVersion: 8.4.0
ProgramName: mri_edit_wm_with_aseg  ProgramArguments: mri_edit_wm_with_aseg -all-info  ProgramVersion: 7.3.2  TimeStamp: 2026/03/13-23:38:44-GMT  BuildTime: Aug  4 2022 06:17:15  BuildStamp: freesurfer-linux-ubuntu22_x86_64-7.3.2-20220804-6354275  User: oesteban  Machine: dna020  Platform: Linux  PlatformVersion: 5.14.0-427.37.1.el9_4.x86_64  CompilerName: GCC  CompilerVersion: 8.4.0
ProgramName: mri_em_register  ProgramArguments: mri_em_register -all-info  ProgramVersion: 7.3.2  TimeStamp: 2026/03/13-23:38:44-GMT  BuildTime: Aug  4 2022 06:17:15  BuildStamp: freesurfer-linux-ubuntu22_x86_64-7.3.2-20220804-6354275  User: oesteban  Machine: dna020  Platform: Linux  PlatformVersion: 5.14.0-427.37.1.el9_4.x86_64  CompilerName: GCC  CompilerVersion: 8.4.0
ProgramName: mri_fill  ProgramArguments: mri_fill -all-info  ProgramVersion: 7.3.2  TimeStamp: 2026/03/13-23:38:44-GMT  BuildTime: Aug  4 2022 06:17:15  BuildStamp: freesurfer-linux-ubuntu22_x86_64-7.3.2-20220804-6354275  User: oesteban  Machine: dna020  Platform: Linux  PlatformVersion: 5.14.0-427.37.1.el9_4.x86_64  CompilerName: GCC  CompilerVersion: 8.4.0
ProgramName: mri_fuse_segmentations  ProgramArguments: mri_fuse_segmentations -all-info  ProgramVersion: 7.3.2  TimeStamp: 2026/03/13-23:38:44-GMT  BuildTime: Aug  4 2022 06:17:15  BuildStamp: freesurfer-linux-ubuntu22_x86_64-7.3.2-20220804-6354275  User: oesteban  Machine: dna020  Platform: Linux  PlatformVersion: 5.14.0-427.37.1.el9_4.x86_64  CompilerName: GCC  CompilerVersion: 8.4.0
ProgramName: mri_fwhm  ProgramArguments: mri_fwhm -all-info  ProgramVersion: 7.3.2  TimeStamp: 2026/03/13-23:38:44-GMT  BuildTime: Aug  4 2022 06:17:15  BuildStamp: freesurfer-linux-ubuntu22_x86_64-7.3.2-20220804-6354275  User: oesteban  Machine: dna020  Platform: Linux  PlatformVersion: 5.14.0-427.37.1.el9_4.x86_64  CompilerName: GCC  CompilerVersion: 8.4.0
ProgramName: mri_gcut  ProgramArguments: mri_gcut -all-info  ProgramVersion: 7.3.2  TimeStamp: 2026/03/13-23:38:44-GMT  BuildTime: Aug  4 2022 06:17:15  BuildStamp: freesurfer-linux-ubuntu22_x86_64-7.3.2-20220804-6354275  User: oesteban  Machine: dna020  Platform: Linux  PlatformVersion: 5.14.0-427.37.1.el9_4.x86_64  CompilerName: GCC  CompilerVersion: 8.4.0
ProgramName: mri_info  ProgramArguments: mri_info -all-info  ProgramVersion: 7.3.2  TimeStamp: 2026/03/13-23:38:44-GMT  BuildTime: Aug  4 2022 06:17:15  BuildStamp: freesurfer-linux-ubuntu22_x86_64-7.3.2-20220804-6354275  User: oesteban  Machine: dna020  Platform: Linux  PlatformVersion: 5.14.0-427.37.1.el9_4.x86_64  CompilerName: GCC  CompilerVersion: 8.4.0
ProgramName: mri_label2label  ProgramArguments: mri_label2label -all-info  ProgramVersion: 7.3.2  TimeStamp: 2026/03/13-23:38:44-GMT  BuildTime: Aug  4 2022 06:17:15  BuildStamp: freesurfer-linux-ubuntu22_x86_64-7.3.2-20220804-6354275  User: oesteban  Machine: dna020  Platform: Linux  PlatformVersion: 5.14.0-427.37.1.el9_4.x86_64  CompilerName: GCC  CompilerVersion: 8.4.0
ProgramName: mri_label2vol  ProgramArguments: mri_label2vol -all-info  ProgramVersion: 7.3.2  TimeStamp: 2026/03/13-23:38:44-GMT  BuildTime: Aug  4 2022 06:17:15  BuildStamp: freesurfer-linux-ubuntu22_x86_64-7.3.2-20220804-6354275  User: oesteban  Machine: dna020  Platform: Linux  PlatformVersion: 5.14.0-427.37.1.el9_4.x86_64  CompilerName: GCC  CompilerVersion: 8.4.0
ProgramName: mri_log_likelihood  ProgramArguments: mri_log_likelihood -all-info  ProgramVersion: 7.3.2  TimeStamp: 2026/03/13-23:38:44-GMT  BuildTime: Aug  4 2022 06:17:15  BuildStamp: freesurfer-linux-ubuntu22_x86_64-7.3.2-20220804-6354275  User: oesteban  Machine: dna020  Platform: Linux  PlatformVersion: 5.14.0-427.37.1.el9_4.x86_64  CompilerName: GCC  CompilerVersion: 8.4.0
ProgramName: mri_mask  ProgramArguments: mri_mask -all-info  ProgramVersion: 7.3.2  TimeStamp: 2026/03/13-23:38:44-GMT  BuildTime: Aug  4 2022 06:17:15  BuildStamp: freesurfer-linux-ubuntu22_x86_64-7.3.2-20220804-6354275  User: oesteban  Machine: dna020  Platform: Linux  PlatformVersion: 5.14.0-427.37.1.el9_4.x86_64  CompilerName: GCC  CompilerVersion: 8.4.0
ProgramName: mri_matrix_multiply  ProgramArguments: mri_matrix_multiply -all-info  ProgramVersion: 7.3.2  TimeStamp: 2026/03/13-23:38:44-GMT  BuildTime: Aug  4 2022 06:17:15  BuildStamp: freesurfer-linux-ubuntu22_x86_64-7.3.2-20220804-6354275  User: oesteban  Machine: dna020  Platform: Linux  PlatformVersion: 5.14.0-427.37.1.el9_4.x86_64  CompilerName: GCC  CompilerVersion: 8.4.0
ProgramName: mri_normalize  ProgramArguments: mri_normalize -all-info  ProgramVersion: 7.3.2  TimeStamp: 2026/03/13-23:38:44-GMT  BuildTime: Aug  4 2022 06:17:15  BuildStamp: freesurfer-linux-ubuntu22_x86_64-7.3.2-20220804-6354275  User: oesteban  Machine: dna020  Platform: Linux  PlatformVersion: 5.14.0-427.37.1.el9_4.x86_64  CompilerName: GCC  CompilerVersion: 8.4.0
ProgramName: mri_normalize_tp2  ProgramArguments: mri_normalize_tp2 -all-info  ProgramVersion: 7.3.2  TimeStamp: 2026/03/13-23:38:44-GMT  BuildTime: Aug  4 2022 06:17:15  BuildStamp: freesurfer-linux-ubuntu22_x86_64-7.3.2-20220804-6354275  User: oesteban  Machine: dna020  Platform: Linux  PlatformVersion: 5.14.0-427.37.1.el9_4.x86_64  CompilerName: GCC  CompilerVersion: 8.4.0
ProgramName: mri_or  ProgramArguments: mri_or -all-info  ProgramVersion: 7.3.2  TimeStamp: 2026/03/13-23:38:44-GMT  BuildTime: Aug  4 2022 06:17:15  BuildStamp: freesurfer-linux-ubuntu22_x86_64-7.3.2-20220804-6354275  User: oesteban  Machine: dna020  Platform: Linux  PlatformVersion: 5.14.0-427.37.1.el9_4.x86_64  CompilerName: GCC  CompilerVersion: 8.4.0
ProgramName: mri_relabel_hypointensities  ProgramArguments: mri_relabel_hypointensities -all-info  ProgramVersion: 7.3.2  TimeStamp: 2026/03/13-23:38:44-GMT  BuildTime: Aug  4 2022 06:17:15  BuildStamp: freesurfer-linux-ubuntu22_x86_64-7.3.2-20220804-6354275  User: oesteban  Machine: dna020  Platform: Linux  PlatformVersion: 5.14.0-427.37.1.el9_4.x86_64  CompilerName: GCC  CompilerVersion: 8.4.0
ProgramName: mri_relabel_nonwm_hypos  ProgramArguments: mri_relabel_nonwm_hypos -all-info  ProgramVersion: 7.3.2  TimeStamp: 2026/03/13-23:38:44-GMT  BuildTime: Aug  4 2022 06:17:15  BuildStamp: freesurfer-linux-ubuntu22_x86_64-7.3.2-20220804-6354275  User: oesteban  Machine: dna020  Platform: Linux  PlatformVersion: 5.14.0-427.37.1.el9_4.x86_64  CompilerName: GCC  CompilerVersion: 8.4.0
ProgramName: mri_remove_neck  ProgramArguments: mri_remove_neck -all-info  ProgramVersion: 7.3.2  TimeStamp: 2026/03/13-23:38:44-GMT  BuildTime: Aug  4 2022 06:17:15  BuildStamp: freesurfer-linux-ubuntu22_x86_64-7.3.2-20220804-6354275  User: oesteban  Machine: dna020  Platform: Linux  PlatformVersion: 5.14.0-427.37.1.el9_4.x86_64  CompilerName: GCC  CompilerVersion: 8.4.0
7.3.2

ProgramName: mri_robust_register  ProgramArguments: mri_robust_register -all-info  ProgramVersion: 7.3.2  TimeStamp: 2026/03/13-23:38:44-GMT  BuildTime: Aug  4 2022 06:17:15  BuildStamp: freesurfer-linux-ubuntu22_x86_64-7.3.2-20220804-6354275  User: oesteban  Machine: dna020  Platform: Linux  PlatformVersion: 5.14.0-427.37.1.el9_4.x86_64  CompilerName: GCC  CompilerVersion: 8.4.0
7.3.2

ProgramName: mri_robust_template  ProgramArguments: mri_robust_template -all-info  ProgramVersion: 7.3.2  TimeStamp: 2026/03/13-23:38:44-GMT  BuildTime: Aug  4 2022 06:17:15  BuildStamp: freesurfer-linux-ubuntu22_x86_64-7.3.2-20220804-6354275  User: oesteban  Machine: dna020  Platform: Linux  PlatformVersion: 5.14.0-427.37.1.el9_4.x86_64  CompilerName: GCC  CompilerVersion: 8.4.0
ProgramName: mris_anatomical_stats  ProgramArguments: mris_anatomical_stats -all-info  ProgramVersion: 7.3.2  TimeStamp: 2026/03/13-23:38:44-GMT  BuildTime: Aug  4 2022 06:17:15  BuildStamp: freesurfer-linux-ubuntu22_x86_64-7.3.2-20220804-6354275  User: oesteban  Machine: dna020  Platform: Linux  PlatformVersion: 5.14.0-427.37.1.el9_4.x86_64  CompilerName: GCC  CompilerVersion: 8.4.0
ProgramName: mris_ca_label  ProgramArguments: mris_ca_label -all-info  ProgramVersion: 7.3.2  TimeStamp: 2026/03/13-23:38:44-GMT  BuildTime: Aug  4 2022 06:17:15  BuildStamp: freesurfer-linux-ubuntu22_x86_64-7.3.2-20220804-6354275  User: oesteban  Machine: dna020  Platform: Linux  PlatformVersion: 5.14.0-427.37.1.el9_4.x86_64  CompilerName: GCC  CompilerVersion: 8.4.0
ProgramName: mris_calc  ProgramArguments: mris_calc -all-info  ProgramVersion: 7.3.2  TimeStamp: 2026/03/13-23:38:44-GMT  BuildTime: Aug  4 2022 06:17:15  BuildStamp: freesurfer-linux-ubuntu22_x86_64-7.3.2-20220804-6354275  User: oesteban  Machine: dna020  Platform: Linux  PlatformVersion: 5.14.0-427.37.1.el9_4.x86_64  CompilerName: GCC  CompilerVersion: 8.4.0
ProgramName: mris_convert  ProgramArguments: mris_convert -all-info  ProgramVersion: 7.3.2  TimeStamp: 2026/03/13-23:38:44-GMT  BuildTime: Aug  4 2022 06:17:15  BuildStamp: freesurfer-linux-ubuntu22_x86_64-7.3.2-20220804-6354275  User: oesteban  Machine: dna020  Platform: Linux  PlatformVersion: 5.14.0-427.37.1.el9_4.x86_64  CompilerName: GCC  CompilerVersion: 8.4.0
ProgramName: mris_curvature  ProgramArguments: mris_curvature -all-info  ProgramVersion: 7.3.2  TimeStamp: 2026/03/13-23:38:44-GMT  BuildTime: Aug  4 2022 06:17:15  BuildStamp: freesurfer-linux-ubuntu22_x86_64-7.3.2-20220804-6354275  User: oesteban  Machine: dna020  Platform: Linux  PlatformVersion: 5.14.0-427.37.1.el9_4.x86_64  CompilerName: GCC  CompilerVersion: 8.4.0
ProgramName: mris_curvature_stats  ProgramArguments: mris_curvature_stats -all-info  ProgramVersion: 7.3.2  TimeStamp: 2026/03/13-23:38:44-GMT  BuildTime: Aug  4 2022 06:17:15  BuildStamp: freesurfer-linux-ubuntu22_x86_64-7.3.2-20220804-6354275  User: oesteban  Machine: dna020  Platform: Linux  PlatformVersion: 5.14.0-427.37.1.el9_4.x86_64  CompilerName: GCC  CompilerVersion: 8.4.0
ProgramName: mris_diff  ProgramArguments: mris_diff -all-info  ProgramVersion: 7.3.2  TimeStamp: 2026/03/13-23:38:44-GMT  BuildTime: Aug  4 2022 06:17:15  BuildStamp: freesurfer-linux-ubuntu22_x86_64-7.3.2-20220804-6354275  User: oesteban  Machine: dna020  Platform: Linux  PlatformVersion: 5.14.0-427.37.1.el9_4.x86_64  CompilerName: GCC  CompilerVersion: 8.4.0
ProgramName: mris_divide_parcellation  ProgramArguments: mris_divide_parcellation -all-info  ProgramVersion: 7.3.2  TimeStamp: 2026/03/13-23:38:44-GMT  BuildTime: Aug  4 2022 06:17:15  BuildStamp: freesurfer-linux-ubuntu22_x86_64-7.3.2-20220804-6354275  User: oesteban  Machine: dna020  Platform: Linux  PlatformVersion: 5.14.0-427.37.1.el9_4.x86_64  CompilerName: GCC  CompilerVersion: 8.4.0
ProgramName: mri_segment  ProgramArguments: mri_segment -all-info  ProgramVersion: 7.3.2  TimeStamp: 2026/03/13-23:38:44-GMT  BuildTime: Aug  4 2022 06:17:15  BuildStamp: freesurfer-linux-ubuntu22_x86_64-7.3.2-20220804-6354275  User: oesteban  Machine: dna020  Platform: Linux  PlatformVersion: 5.14.0-427.37.1.el9_4.x86_64  CompilerName: GCC  CompilerVersion: 8.4.0
ProgramName: mri_segstats  ProgramArguments: mri_segstats -all-info  ProgramVersion: 7.3.2  TimeStamp: 2026/03/13-23:38:44-GMT  BuildTime: Aug  4 2022 06:17:15  BuildStamp: freesurfer-linux-ubuntu22_x86_64-7.3.2-20220804-6354275  User: oesteban  Machine: dna020  Platform: Linux  PlatformVersion: 5.14.0-427.37.1.el9_4.x86_64  CompilerName: GCC  CompilerVersion: 8.4.0
ProgramName: mris_euler_number  ProgramArguments: mris_euler_number -all-info  ProgramVersion: 7.3.2  TimeStamp: 2026/03/13-23:38:44-GMT  BuildTime: Aug  4 2022 06:17:15  BuildStamp: freesurfer-linux-ubuntu22_x86_64-7.3.2-20220804-6354275  User: oesteban  Machine: dna020  Platform: Linux  PlatformVersion: 5.14.0-427.37.1.el9_4.x86_64  CompilerName: GCC  CompilerVersion: 8.4.0
ProgramName: mris_fix_topology  ProgramArguments: mris_fix_topology -all-info  ProgramVersion: 7.3.2  TimeStamp: 2026/03/13-23:38:44-GMT  BuildTime: Aug  4 2022 06:17:15  BuildStamp: freesurfer-linux-ubuntu22_x86_64-7.3.2-20220804-6354275  User: oesteban  Machine: dna020  Platform: Linux  PlatformVersion: 5.14.0-427.37.1.el9_4.x86_64  CompilerName: GCC  CompilerVersion: 8.4.0
ProgramName: mris_topo_fixer  ProgramArguments: mris_topo_fixer -all-info  ProgramVersion: 7.3.2  TimeStamp: 2026/03/13-23:38:44-GMT  BuildTime: Aug  4 2022 06:17:15  BuildStamp: freesurfer-linux-ubuntu22_x86_64-7.3.2-20220804-6354275  User: oesteban  Machine: dna020  Platform: Linux  PlatformVersion: 5.14.0-427.37.1.el9_4.x86_64  CompilerName: GCC  CompilerVersion: 8.4.0
ProgramName: mris_jacobian  ProgramArguments: mris_jacobian -all-info  ProgramVersion: 7.3.2  TimeStamp: 2026/03/13-23:38:44-GMT  BuildTime: Aug  4 2022 06:17:15  BuildStamp: freesurfer-linux-ubuntu22_x86_64-7.3.2-20220804-6354275  User: oesteban  Machine: dna020  Platform: Linux  PlatformVersion: 5.14.0-427.37.1.el9_4.x86_64  CompilerName: GCC  CompilerVersion: 8.4.0
ProgramName: mris_label2annot  ProgramArguments: mris_label2annot -all-info  ProgramVersion: 7.3.2  TimeStamp: 2026/03/13-23:38:44-GMT  BuildTime: Aug  4 2022 06:17:15  BuildStamp: freesurfer-linux-ubuntu22_x86_64-7.3.2-20220804-6354275  User: oesteban  Machine: dna020  Platform: Linux  PlatformVersion: 5.14.0-427.37.1.el9_4.x86_64  CompilerName: GCC  CompilerVersion: 8.4.0
ProgramName: mris_left_right_register  ProgramArguments: mris_left_right_register -all-info  ProgramVersion: 7.3.2  TimeStamp: 2026/03/13-23:38:44-GMT  BuildTime: Aug  4 2022 06:17:15  BuildStamp: freesurfer-linux-ubuntu22_x86_64-7.3.2-20220804-6354275  User: oesteban  Machine: dna020  Platform: Linux  PlatformVersion: 5.14.0-427.37.1.el9_4.x86_64  CompilerName: GCC  CompilerVersion: 8.4.0
ProgramName: mris_place_surface  ProgramArguments: mris_place_surface -all-info  ProgramVersion: 7.3.2  TimeStamp: 2026/03/13-23:38:44-GMT  BuildTime: Aug  4 2022 06:17:15  BuildStamp: freesurfer-linux-ubuntu22_x86_64-7.3.2-20220804-6354275  User: oesteban  Machine: dna020  Platform: Linux  PlatformVersion: 5.14.0-427.37.1.el9_4.x86_64  CompilerName: GCC  CompilerVersion: 8.4.0
ProgramName: mrisp_paint  ProgramArguments: mrisp_paint -all-info  ProgramVersion: 7.3.2  TimeStamp: 2026/03/13-23:38:44-GMT  BuildTime: Aug  4 2022 06:17:15  BuildStamp: freesurfer-linux-ubuntu22_x86_64-7.3.2-20220804-6354275  User: oesteban  Machine: dna020  Platform: Linux  PlatformVersion: 5.14.0-427.37.1.el9_4.x86_64  CompilerName: GCC  CompilerVersion: 8.4.0
ProgramName: mris_register  ProgramArguments: mris_register -all-info  ProgramVersion: 7.3.2  TimeStamp: 2026/03/13-23:38:44-GMT  BuildTime: Aug  4 2022 06:17:15  BuildStamp: freesurfer-linux-ubuntu22_x86_64-7.3.2-20220804-6354275  User: oesteban  Machine: dna020  Platform: Linux  PlatformVersion: 5.14.0-427.37.1.el9_4.x86_64  CompilerName: GCC  CompilerVersion: 8.4.0
ProgramName: mris_smooth  ProgramArguments: mris_smooth -all-info  ProgramVersion: 7.3.2  TimeStamp: 2026/03/13-23:38:44-GMT  BuildTime: Aug  4 2022 06:17:15  BuildStamp: freesurfer-linux-ubuntu22_x86_64-7.3.2-20220804-6354275  User: oesteban  Machine: dna020  Platform: Linux  PlatformVersion: 5.14.0-427.37.1.el9_4.x86_64  CompilerName: GCC  CompilerVersion: 8.4.0
ProgramName: mris_sphere  ProgramArguments: mris_sphere -all-info  ProgramVersion: 7.3.2  TimeStamp: 2026/03/13-23:38:44-GMT  BuildTime: Aug  4 2022 06:17:15  BuildStamp: freesurfer-linux-ubuntu22_x86_64-7.3.2-20220804-6354275  User: oesteban  Machine: dna020  Platform: Linux  PlatformVersion: 5.14.0-427.37.1.el9_4.x86_64  CompilerName: GCC  CompilerVersion: 8.4.0
ProgramName: mris_surface_stats  ProgramArguments: mris_surface_stats -all-info  ProgramVersion: 7.3.2  TimeStamp: 2026/03/13-23:38:44-GMT  BuildTime: Aug  4 2022 06:17:15  BuildStamp: freesurfer-linux-ubuntu22_x86_64-7.3.2-20220804-6354275  User: oesteban  Machine: dna020  Platform: Linux  PlatformVersion: 5.14.0-427.37.1.el9_4.x86_64  CompilerName: GCC  CompilerVersion: 8.4.0
ProgramName: mri_stats2seg  ProgramArguments: mri_stats2seg -all-info  ProgramVersion: 7.3.2  TimeStamp: 2026/03/13-23:38:44-GMT  BuildTime: Aug  4 2022 06:17:15  BuildStamp: freesurfer-linux-ubuntu22_x86_64-7.3.2-20220804-6354275  User: oesteban  Machine: dna020  Platform: Linux  PlatformVersion: 5.14.0-427.37.1.el9_4.x86_64  CompilerName: GCC  CompilerVersion: 8.4.0
ProgramName: mris_thickness  ProgramArguments: mris_thickness -all-info  ProgramVersion: 7.3.2  TimeStamp: 2026/03/13-23:38:44-GMT  BuildTime: Aug  4 2022 06:17:15  BuildStamp: freesurfer-linux-ubuntu22_x86_64-7.3.2-20220804-6354275  User: oesteban  Machine: dna020  Platform: Linux  PlatformVersion: 5.14.0-427.37.1.el9_4.x86_64  CompilerName: GCC  CompilerVersion: 8.4.0
ProgramName: mris_thickness_diff  ProgramArguments: mris_thickness_diff -all-info  ProgramVersion: 7.3.2  TimeStamp: 2026/03/13-23:38:44-GMT  BuildTime: Aug  4 2022 06:17:15  BuildStamp: freesurfer-linux-ubuntu22_x86_64-7.3.2-20220804-6354275  User: oesteban  Machine: dna020  Platform: Linux  PlatformVersion: 5.14.0-427.37.1.el9_4.x86_64  CompilerName: GCC  CompilerVersion: 8.4.0
ProgramName: mris_topo_fixer  ProgramArguments: mris_topo_fixer -all-info  ProgramVersion: 7.3.2  TimeStamp: 2026/03/13-23:38:44-GMT  BuildTime: Aug  4 2022 06:17:15  BuildStamp: freesurfer-linux-ubuntu22_x86_64-7.3.2-20220804-6354275  User: oesteban  Machine: dna020  Platform: Linux  PlatformVersion: 5.14.0-427.37.1.el9_4.x86_64  CompilerName: GCC  CompilerVersion: 8.4.0
ProgramName: mri_surf2surf  ProgramArguments: mri_surf2surf -all-info  ProgramVersion: 7.3.2  TimeStamp: 2026/03/13-23:38:44-GMT  BuildTime: Aug  4 2022 06:17:15  BuildStamp: freesurfer-linux-ubuntu22_x86_64-7.3.2-20220804-6354275  User: oesteban  Machine: dna020  Platform: Linux  PlatformVersion: 5.14.0-427.37.1.el9_4.x86_64  CompilerName: GCC  CompilerVersion: 8.4.0
ProgramName: mri_surf2vol  ProgramArguments: mri_surf2vol -all-info  ProgramVersion: 7.3.2  TimeStamp: 2026/03/13-23:38:44-GMT  BuildTime: Aug  4 2022 06:17:15  BuildStamp: freesurfer-linux-ubuntu22_x86_64-7.3.2-20220804-6354275  User: oesteban  Machine: dna020  Platform: Linux  PlatformVersion: 5.14.0-427.37.1.el9_4.x86_64  CompilerName: GCC  CompilerVersion: 8.4.0
ProgramName: mri_surfcluster  ProgramArguments: mri_surfcluster -all-info  ProgramVersion: 7.3.2  TimeStamp: 2026/03/13-23:38:44-GMT  BuildTime: Aug  4 2022 06:17:15  BuildStamp: freesurfer-linux-ubuntu22_x86_64-7.3.2-20220804-6354275  User: oesteban  Machine: dna020  Platform: Linux  PlatformVersion: 5.14.0-427.37.1.el9_4.x86_64  CompilerName: GCC  CompilerVersion: 8.4.0
ProgramName: mris_volmask  ProgramArguments: mris_volmask -all-info  ProgramVersion: 7.3.2  TimeStamp: 2026/03/13-23:38:44-GMT  BuildTime: Aug  4 2022 06:17:15  BuildStamp: freesurfer-linux-ubuntu22_x86_64-7.3.2-20220804-6354275  User: oesteban  Machine: dna020  Platform: Linux  PlatformVersion: 5.14.0-427.37.1.el9_4.x86_64  CompilerName: GCC  CompilerVersion: 8.4.0
ProgramName: mri_tessellate  ProgramArguments: mri_tessellate -all-info  ProgramVersion: 7.3.2  TimeStamp: 2026/03/13-23:38:44-GMT  BuildTime: Aug  4 2022 06:17:15  BuildStamp: freesurfer-linux-ubuntu22_x86_64-7.3.2-20220804-6354275  User: oesteban  Machine: dna020  Platform: Linux  PlatformVersion: 5.14.0-427.37.1.el9_4.x86_64  CompilerName: GCC  CompilerVersion: 8.4.0
ProgramName: mri_vol2surf  ProgramArguments: mri_vol2surf -all-info  ProgramVersion: 7.3.2  TimeStamp: 2026/03/13-23:38:44-GMT  BuildTime: Aug  4 2022 06:17:15  BuildStamp: freesurfer-linux-ubuntu22_x86_64-7.3.2-20220804-6354275  User: oesteban  Machine: dna020  Platform: Linux  PlatformVersion: 5.14.0-427.37.1.el9_4.x86_64  CompilerName: GCC  CompilerVersion: 8.4.0
ProgramName: mri_vol2vol  ProgramArguments: mri_vol2vol -all-info  ProgramVersion: 7.3.2  TimeStamp: 2026/03/13-23:38:44-GMT  BuildTime: Aug  4 2022 06:17:15  BuildStamp: freesurfer-linux-ubuntu22_x86_64-7.3.2-20220804-6354275  User: oesteban  Machine: dna020  Platform: Linux  PlatformVersion: 5.14.0-427.37.1.el9_4.x86_64  CompilerName: GCC  CompilerVersion: 8.4.0
ProgramName: mri_voldiff  ProgramArguments: mri_voldiff -all-info  ProgramVersion: 7.3.2  TimeStamp: 2026/03/13-23:38:44-GMT  BuildTime: Aug  4 2022 06:17:15  BuildStamp: freesurfer-linux-ubuntu22_x86_64-7.3.2-20220804-6354275  User: oesteban  Machine: dna020  Platform: Linux  PlatformVersion: 5.14.0-427.37.1.el9_4.x86_64  CompilerName: GCC  CompilerVersion: 8.4.0
ProgramName: mri_watershed  ProgramArguments: mri_watershed -all-info  ProgramVersion: 7.3.2  TimeStamp: 2026/03/13-23:38:44-GMT  BuildTime: Aug  4 2022 06:17:15  BuildStamp: freesurfer-linux-ubuntu22_x86_64-7.3.2-20220804-6354275  User: oesteban  Machine: dna020  Platform: Linux  PlatformVersion: 5.14.0-427.37.1.el9_4.x86_64  CompilerName: GCC  CompilerVersion: 8.4.0
ProgramName: tkregister2  ProgramArguments: tkregister2_cmdl -all-info  ProgramVersion: 7.3.2  TimeStamp: 2026/03/13-23:38:44-GMT  BuildTime: Aug  4 2022 06:17:15  BuildStamp: freesurfer-linux-ubuntu22_x86_64-7.3.2-20220804-6354275  User: oesteban  Machine: dna020  Platform: Linux  PlatformVersion: 5.14.0-427.37.1.el9_4.x86_64  CompilerName: GCC  CompilerVersion: 8.4.0
mri_motion_correct.fsl 7.3.2
mri_convert -all-info 
ProgramName: mri_convert  ProgramArguments: mri_convert -all-info  ProgramVersion: 7.3.2  TimeStamp: 2026/03/13-23:38:44-GMT  BuildTime: Aug  4 2022 06:17:15  BuildStamp: freesurfer-linux-ubuntu22_x86_64-7.3.2-20220804-6354275  User: oesteban  Machine: dna020  Platform: Linux  PlatformVersion: 5.14.0-427.37.1.el9_4.x86_64  CompilerName: GCC  CompilerVersion: 8.4.0
Program nu_correct, built from:
Package MNI N3, version 1.12.0, compiled by nicks@terrier (x86_64-unknown-linux-gnu) on 2015-06-19 at 01:25:34
#######################################
GCADIR /opt/freesurfer/average
GCA RB_all_2020-01-02.gca
GCASkull RB_all_withskull_2020_01_02.gca
AvgCurvTif folding.atlas.acfb40.noaparc.i12.2016-08-02.tif
GCSDIR /opt/freesurfer/average
GCS DKaparc.atlas.acfb40.noaparc.i12.2016-08-02.gcs
#######################################
#--------------------------------------------
#@# Tessellate rh Sat Mar 14 00:38:44 CET 2026
/out/sourcedata/freesurfer/sub-v2s7x29660_ses-1/scripts

 mri_pretess ../mri/filled.mgz 127 ../mri/norm.mgz ../mri/filled-pretess127.mgz 


Iteration Number : 1
pass   1 (xy+):   2 found -   2 modified     |    TOTAL:   2
pass   2 (xy+):   0 found -   2 modified     |    TOTAL:   2
pass   1 (xy-):   0 found -   0 modified     |    TOTAL:   2
pass   1 (yz+):  17 found -  17 modified     |    TOTAL:  19
pass   2 (yz+):   0 found -  17 modified     |    TOTAL:  19
pass   1 (yz-):   9 found -   9 modified     |    TOTAL:  28
pass   2 (yz-):   0 found -   9 modified     |    TOTAL:  28
pass   1 (xz+):   0 found -   0 modified     |    TOTAL:  28
pass   1 (xz-):   0 found -   0 modified     |    TOTAL:  28
Iteration Number : 1
pass   1 (+++):   0 found -   0 modified     |    TOTAL:   0
pass   1 (+++):   0 found -   0 modified     |    TOTAL:   0
pass   1 (+++):   0 found -   0 modified     |    TOTAL:   0
pass   1 (+++):   0 found -   0 modified     |    TOTAL:   0
Iteration Number : 1
pass   1 (++):   0 found -   0 modified     |    TOTAL:   0
pass   1 (+-):   0 found -   0 modified     |    TOTAL:   0
pass   1 (--):   0 found -   0 modified     |    TOTAL:   0
pass   1 (-+):   2 found -   2 modified     |    TOTAL:   2
pass   2 (-+):   0 found -   2 modified     |    TOTAL:   2
Iteration Number : 2
pass   1 (xy+):   0 found -   0 modified     |    TOTAL:   0
pass   1 (xy-):   0 found -   0 modified     |    TOTAL:   0
pass   1 (yz+):   0 found -   0 modified     |    TOTAL:   0
pass   1 (yz-):   0 found -   0 modified     |    TOTAL:   0
pass   1 (xz+):   0 found -   0 modified     |    TOTAL:   0
pass   1 (xz-):   0 found -   0 modified     |    TOTAL:   0
Iteration Number : 2
pass   1 (+++):   0 found -   0 modified     |    TOTAL:   0
pass   1 (+++):   0 found -   0 modified     |    TOTAL:   0
pass   1 (+++):   0 found -   0 modified     |    TOTAL:   0
pass   1 (+++):   0 found -   0 modified     |    TOTAL:   0
Iteration Number : 2
pass   1 (++):   0 found -   0 modified     |    TOTAL:   0
pass   1 (+-):   0 found -   0 modified     |    TOTAL:   0
pass   1 (--):   0 found -   0 modified     |    TOTAL:   0
pass   1 (-+):   0 found -   0 modified     |    TOTAL:   0

Total Number of Modified Voxels = 30 (out of 312619: 0.009596)
Ambiguous edge configurations... 

mri_pretess done


 mri_tessellate ../mri/filled-pretess127.mgz 127 ../surf/rh.orig.nofix 

7.3.2
  7.3.2
slice 40: 351 vertices, 418 faces
slice 50: 4987 vertices, 5219 faces
slice 60: 12919 vertices, 13208 faces
slice 70: 23516 vertices, 23894 faces
slice 80: 34872 vertices, 35230 faces
slice 90: 46266 vertices, 46612 faces
slice 100: 56493 vertices, 56873 faces
slice 110: 68252 vertices, 68676 faces
slice 120: 79683 vertices, 80089 faces
slice 130: 90671 vertices, 91068 faces
slice 140: 101563 vertices, 101963 faces
slice 150: 111839 vertices, 112197 faces
slice 160: 121217 vertices, 121571 faces
slice 170: 129148 vertices, 129474 faces
slice 180: 136048 vertices, 136281 faces
slice 190: 141747 vertices, 141976 faces
slice 200: 146960 vertices, 147169 faces
slice 210: 150214 vertices, 150295 faces
slice 220: 150666 vertices, 150684 faces
slice 230: 150666 vertices, 150684 faces
slice 240: 150666 vertices, 150684 faces
slice 250: 150666 vertices, 150684 faces
using the conformed surface RAS to save vertex points...
writing ../surf/rh.orig.nofix
using vox2ras matrix:
-1.00000   0.00000   0.00000   128.00000;
 0.00000   0.00000   1.00000  -128.00000;
 0.00000  -1.00000   0.00000   128.00000;
 0.00000   0.00000   0.00000   1.00000;

 rm -f ../mri/filled-pretess127.mgz 


 mris_extract_main_component ../surf/rh.orig.nofix ../surf/rh.orig.nofix 


counting number of connected components...
   150666 voxel in cpt #1: X=-18 [v=150666,e=452052,f=301368] located at (28.687315, -10.696793, 2.381367)
For the whole surface: X=-18 [v=150666,e=452052,f=301368]
One single component has been found
nothing to do
done

#--------------------------------------------
#@# Smooth1 rh Sat Mar 14 00:38:48 CET 2026
/out/sourcedata/freesurfer/sub-v2s7x29660_ses-1/scripts

 mris_smooth -nw -seed 1234 ../surf/rh.orig.nofix ../surf/rh.smoothwm.nofix 

setting seed for random number generator to 1234
smoothing surface tessellation for 10 iterations...
smoothing complete - recomputing first and second fundamental forms...
#--------------------------------------------
#@# Inflation1 rh Sat Mar 14 00:38:51 CET 2026
/out/sourcedata/freesurfer/sub-v2s7x29660_ses-1/scripts

 mris_inflate -no-save-sulc ../surf/rh.smoothwm.nofix ../surf/rh.inflated.nofix 

Not saving sulc
Reading ../surf/rh.smoothwm.nofix
avg radius = 50.0 mm, total surface area = 81934 mm^2
step 000: RMS=0.146 (target=0.015)   step 005: RMS=0.111 (target=0.015)   step 010: RMS=0.080 (target=0.015)   step 015: RMS=0.067 (target=0.015)   step 020: RMS=0.057 (target=0.015)   step 025: RMS=0.049 (target=0.015)   step 030: RMS=0.044 (target=0.015)   step 035: RMS=0.040 (target=0.015)   step 040: RMS=0.037 (target=0.015)   step 045: RMS=0.035 (target=0.015)   step 050: RMS=0.033 (target=0.015)   step 055: RMS=0.033 (target=0.015)   step 060: RMS=0.033 (target=0.015)   writing inflated surface to ../surf/rh.inflated.nofix
inflation took 0.3 minutes

inflation complete.
Not saving sulc
mris_inflate utimesec    75.100155
mris_inflate stimesec    1.601823
mris_inflate ru_maxrss   238260
mris_inflate ru_ixrss    0
mris_inflate ru_idrss    0
mris_inflate ru_isrss    0
mris_inflate ru_minflt   504644
mris_inflate ru_majflt   0
mris_inflate ru_nswap    0
mris_inflate ru_inblock  0
mris_inflate ru_oublock  10600
mris_inflate ru_msgsnd   0
mris_inflate ru_msgrcv   0
mris_inflate ru_nsignals 0
mris_inflate ru_nvcsw    6992
mris_inflate ru_nivcsw   470
#--------------------------------------------
#@# QSphere rh Sat Mar 14 00:39:07 CET 2026
/out/sourcedata/freesurfer/sub-v2s7x29660_ses-1/scripts

 mris_sphere -q -p 6 -a 128 -seed 1234 ../surf/rh.inflated.nofix ../surf/rh.qsphere.nofix 

doing quick spherical unfolding.
limitting unfolding to 6 passes
using n_averages = 128
setting seed for random number genererator to 1234
version: 7.3.2
available threads: 16
scaling brain by 0.289...
inflating...
projecting onto sphere...
surface projected - minimizing metric distortion...
vertex spacing 0.94 +- 0.58 (0.00-->7.45) (max @ vno 72900 --> 74071)
face area 0.02 +- 0.03 (-0.24-->0.92)
Entering MRISinflateToSphere()
inflating to sphere (rms error < 2.00)
000: dt: 0.0000, rms radial error=177.166, avgs=0
005/300: dt: 0.9000, rms radial error=176.907, avgs=0
010/300: dt: 0.9000, rms radial error=176.349, avgs=0
015/300: dt: 0.9000, rms radial error=175.616, avgs=0
020/300: dt: 0.9000, rms radial error=174.782, avgs=0
025/300: dt: 0.9000, rms radial error=173.889, avgs=0
030/300: dt: 0.9000, rms radial error=172.964, avgs=0
035/300: dt: 0.9000, rms radial error=172.021, avgs=0
040/300: dt: 0.9000, rms radial error=171.077, avgs=0
045/300: dt: 0.9000, rms radial error=170.129, avgs=0
050/300: dt: 0.9000, rms radial error=169.182, avgs=0
055/300: dt: 0.9000, rms radial error=168.238, avgs=0
060/300: dt: 0.9000, rms radial error=167.297, avgs=0
065/300: dt: 0.9000, rms radial error=166.360, avgs=0
070/300: dt: 0.9000, rms radial error=165.427, avgs=0
075/300: dt: 0.9000, rms radial error=164.500, avgs=0
080/300: dt: 0.9000, rms radial error=163.577, avgs=0
085/300: dt: 0.9000, rms radial error=162.659, avgs=0
090/300: dt: 0.9000, rms radial error=161.746, avgs=0
095/300: dt: 0.9000, rms radial error=160.838, avgs=0
100/300: dt: 0.9000, rms radial error=159.935, avgs=0
105/300: dt: 0.9000, rms radial error=159.037, avgs=0
110/300: dt: 0.9000, rms radial error=158.143, avgs=0
115/300: dt: 0.9000, rms radial error=157.255, avgs=0
120/300: dt: 0.9000, rms radial error=156.371, avgs=0
125/300: dt: 0.9000, rms radial error=155.492, avgs=0
130/300: dt: 0.9000, rms radial error=154.618, avgs=0
135/300: dt: 0.9000, rms radial error=153.749, avgs=0
140/300: dt: 0.9000, rms radial error=152.884, avgs=0
145/300: dt: 0.9000, rms radial error=152.025, avgs=0
150/300: dt: 0.9000, rms radial error=151.169, avgs=0
155/300: dt: 0.9000, rms radial error=150.319, avgs=0
160/300: dt: 0.9000, rms radial error=149.473, avgs=0
165/300: dt: 0.9000, rms radial error=148.632, avgs=0
170/300: dt: 0.9000, rms radial error=147.796, avgs=0
175/300: dt: 0.9000, rms radial error=146.964, avgs=0
180/300: dt: 0.9000, rms radial error=146.136, avgs=0
185/300: dt: 0.9000, rms radial error=145.315, avgs=0
190/300: dt: 0.9000, rms radial error=144.500, avgs=0
195/300: dt: 0.9000, rms radial error=143.688, avgs=0
200/300: dt: 0.9000, rms radial error=142.881, avgs=0
205/300: dt: 0.9000, rms radial error=142.079, avgs=0
210/300: dt: 0.9000, rms radial error=141.281, avgs=0
215/300: dt: 0.9000, rms radial error=140.487, avgs=0
220/300: dt: 0.9000, rms radial error=139.698, avgs=0
225/300: dt: 0.9000, rms radial error=138.913, avgs=0
230/300: dt: 0.9000, rms radial error=138.132, avgs=0
235/300: dt: 0.9000, rms radial error=137.356, avgs=0
240/300: dt: 0.9000, rms radial error=136.584, avgs=0
245/300: dt: 0.9000, rms radial error=135.816, avgs=0
250/300: dt: 0.9000, rms radial error=135.053, avgs=0
255/300: dt: 0.9000, rms radial error=134.294, avgs=0
260/300: dt: 0.9000, rms radial error=133.539, avgs=0
265/300: dt: 0.9000, rms radial error=132.788, avgs=0
270/300: dt: 0.9000, rms radial error=132.041, avgs=0
275/300: dt: 0.9000, rms radial error=131.299, avgs=0
280/300: dt: 0.9000, rms radial error=130.560, avgs=0
285/300: dt: 0.9000, rms radial error=129.826, avgs=0
290/300: dt: 0.9000, rms radial error=129.095, avgs=0
295/300: dt: 0.9000, rms radial error=128.369, avgs=0
300/300: dt: 0.9000, rms radial error=127.647, avgs=0

spherical inflation complete.
epoch 1 (K=10.0), pass 1, starting sse = 17961.87
taking momentum steps...
taking momentum steps...
taking momentum steps...
taking momentum steps...
pass 1 complete, delta sse/iter = 0.00/13 = 0.00024
epoch 2 (K=40.0), pass 1, starting sse = 3079.12
taking momentum steps...
taking momentum steps...
taking momentum steps...
taking momentum steps...
pass 1 complete, delta sse/iter = 0.00/13 = 0.00006
epoch 3 (K=160.0), pass 1, starting sse = 332.94
taking momentum steps...
taking momentum steps...
taking momentum steps...
taking momentum steps...
pass 1 complete, delta sse/iter = 0.06/14 = 0.00461
epoch 4 (K=640.0), pass 1, starting sse = 22.46
taking momentum steps...
taking momentum steps...
taking momentum steps...
taking momentum steps...
pass 1 complete, delta sse/iter = 0.18/20 = 0.00888
final distance error %100000.00
writing spherical brain to ../surf/rh.qsphere.nofix
spherical transformation took 0.0246 hours
FSRUNTIME@ mris_sphere  0.0246 hours 16 threads
#VMPC# mris_sphere VmPeak  1575636
mris_sphere done
#@# Fix Topology rh Sat Mar 14 00:40:36 CET 2026

 mris_fix_topology -mgz -sphere qsphere.nofix -inflated inflated.nofix -orig orig.nofix -out orig.premesh -ga -seed 1234 sub-v2s7x29660_ses-1 rh 

reading spherical homeomorphism from 'qsphere.nofix'
reading inflated coordinates from 'inflated.nofix'
reading original coordinates from 'orig.nofix'
using genetic algorithm with optimized parameters
setting seed for random number genererator to 1234

*************************************************************
Topology Correction Parameters
retessellation mode:           genetic search
number of patches/generation : 10
number of generations :        10
surface mri loglikelihood coefficient :         1.0
volume mri loglikelihood coefficient :          10.0
normal dot loglikelihood coefficient :          1.0
quadratic curvature loglikelihood coefficient : 1.0
volume resolution :                             2
eliminate vertices during search :              1
initial patch selection :                       1
select all defect vertices :                    0
ordering dependant retessellation:              0
use precomputed edge table :                    0
smooth retessellated patch :                    2
match retessellated patch :                     1
verbose mode :                                  0

*************************************************************
INFO: assuming .mgz format
writing corrected surface to 'orig.premesh'
7.3.2
  7.3.2
before topology correction, eno=-18 (nv=150666, nf=301368, ne=452052, g=10)
using quasi-homeomorphic spherical map to tessellate cortical surface...

Correction of the Topology
Finding true center and radius of Spherical Surface...done
Surface centered at (0,0,0) with radius 100.0 in 10 iterations
marking ambiguous vertices...
3858 ambiguous faces found in tessellation
segmenting defects...
14 defects found, arbitrating ambiguous regions...
analyzing neighboring defects...
      -merging segment 4 into 2
13 defects to be corrected 
0 vertices coincident
reading input surface /out/sourcedata/freesurfer/sub-v2s7x29660_ses-1/surf/rh.qsphere.nofix...
reading brain volume from brain...
reading wm segmentation from wm...
Reading original properties of orig.nofix
Reading vertex positions of inflated.nofix
Computing Initial Surface Statistics
      -face       loglikelihood: -9.2097  (-4.6048)
      -vertex     loglikelihood: -6.0248  (-3.0124)
      -normal dot loglikelihood: -3.6762  (-3.6762)
      -quad curv  loglikelihood: -6.2371  (-3.1186)
      Total Loglikelihood : -25.1478
CORRECTING DEFECT 0 (vertices=29, convex hull=69, v0=23159)
After retessellation of defect 0 (v0=23159), euler #=-10 (148493,444976,296473) : difference with theory (-10) = 0 
CORRECTING DEFECT 1 (vertices=104, convex hull=138, v0=57739)
After retessellation of defect 1 (v0=57739), euler #=-9 (148509,445085,296567) : difference with theory (-9) = 0 
CORRECTING DEFECT 2 (vertices=506, convex hull=255, v0=60869)
After retessellation of defect 2 (v0=60869), euler #=-7 (148544,445320,296769) : difference with theory (-8) = -1 
CORRECTING DEFECT 3 (vertices=610, convex hull=96, v0=61287)
After retessellation of defect 3 (v0=61287), euler #=-6 (148554,445394,296834) : difference with theory (-7) = -1 
CORRECTING DEFECT 4 (vertices=39, convex hull=30, v0=67805)
After retessellation of defect 4 (v0=67805), euler #=-5 (148557,445411,296849) : difference with theory (-6) = -1 
CORRECTING DEFECT 5 (vertices=43, convex hull=63, v0=71262)
After retessellation of defect 5 (v0=71262), euler #=-4 (148580,445502,296918) : difference with theory (-5) = -1 
CORRECTING DEFECT 6 (vertices=186, convex hull=209, v0=84263)
After retessellation of defect 6 (v0=84263), euler #=-3 (148686,445924,297235) : difference with theory (-4) = -1 
CORRECTING DEFECT 7 (vertices=270, convex hull=33, v0=88375)
After retessellation of defect 7 (v0=88375), euler #=-3 (148714,446022,297305) : difference with theory (-3) = 0 
CORRECTING DEFECT 8 (vertices=105, convex hull=133, v0=106251)
After retessellation of defect 8 (v0=106251), euler #=-2 (148761,446221,297458) : difference with theory (-2) = 0 
CORRECTING DEFECT 9 (vertices=32, convex hull=52, v0=107300)
After retessellation of defect 9 (v0=107300), euler #=-1 (148779,446294,297514) : difference with theory (-1) = 0 
CORRECTING DEFECT 10 (vertices=28, convex hull=32, v0=107431)
After retessellation of defect 10 (v0=107431), euler #=0 (148790,446340,297550) : difference with theory (0) = 0 
CORRECTING DEFECT 11 (vertices=226, convex hull=46, v0=111528)
After retessellation of defect 11 (v0=111528), euler #=1 (148801,446390,297590) : difference with theory (1) = 0 
CORRECTING DEFECT 12 (vertices=8, convex hull=23, v0=136028)
After retessellation of defect 12 (v0=136028), euler #=2 (148802,446400,297600) : difference with theory (2) = 0 
computing original vertex metric properties...
storing new metric properties...
computing tessellation statistics...
vertex spacing 0.89 +- 0.22 (0.02-->11.36) (max @ vno 62999 --> 65210)
face area -nan +- -nan (1000.00-->-1.00)
performing soap bubble on retessellated vertices for 0 iterations...
vertex spacing 0.89 +- 0.22 (0.02-->11.36) (max @ vno 62999 --> 65210)
face area -nan +- -nan (1000.00-->-1.00)
tessellation finished, orienting corrected surface...
53 mutations (32.5%), 110 crossovers (67.5%), 211 vertices were eliminated
building final representation...
1864 vertices and 0 faces have been removed from triangulation
after topology correction, eno=2 (nv=148802, nf=297600, ne=446400, g=0)
writing corrected surface to /out/sourcedata/freesurfer/sub-v2s7x29660_ses-1/surf/rh.orig.premesh...

0.000 % of the vertices (0 vertices) exhibit an orientation change
removing intersecting faces
000: 175 intersecting
001: 54 intersecting
002: 20 intersecting
terminating search with 0 intersecting
topology fixing took 1.7 minutes
FSRUNTIME@ mris_fix_topology rh  0.0288 hours 16 threads
#VMPC# mris_fix_topology VmPeak  1866460

 mris_euler_number ../surf/rh.orig.premesh 

euler # = v-e+f = 2g-2: 148802 - 446400 + 297600 = 2 --> 0 holes
      F =2V-4:          297600 = 297604-4 (0)
      2E=3F:            892800 = 892800 (0)

total defect index = 0
Sat Mar 14 00:42:20 CET 2026

setenv SUBJECTS_DIR /out/sourcedata/freesurfer
cd /out/sourcedata/freesurfer/sub-v2s7x29660_ses-1/scripts
/opt/freesurfer/bin/defect2seg --s sub-v2s7x29660_ses-1 --rh-only --cortex

freesurfer-linux-ubuntu22_x86_64-7.3.2-20220804-6354275
defect2seg 7.3.2
Linux dna020 5.14.0-427.37.1.el9_4.x86_64 #1 SMP PREEMPT_DYNAMIC Fri Sep 13 12:41:50 EDT 2024 x86_64 x86_64 x86_64 GNU/Linux
pid 1140730
mri_label2label --label-cortex /out/sourcedata/freesurfer/sub-v2s7x29660_ses-1/surf/rh.orig.nofix /out/sourcedata/freesurfer/sub-v2s7x29660_ses-1/mri/aseg.presurf.mgz 0 /out/sourcedata/freesurfer/sub-v2s7x29660_ses-1/label/rh.nofix.cortex.label

 Generating cortex label... RemoveHipAmgy=0
 NucAccIsMedialWall=0
 mris->useRealRAS=0
12 non-cortical segments detected
only using segment with 7943 vertices
erasing segment 1 (vno[0] = 69326)
erasing segment 2 (vno[0] = 73992)
erasing segment 3 (vno[0] = 75098)
erasing segment 4 (vno[0] = 78378)
erasing segment 5 (vno[0] = 89959)
erasing segment 6 (vno[0] = 91017)
erasing segment 7 (vno[0] = 110472)
erasing segment 8 (vno[0] = 111458)
erasing segment 9 (vno[0] = 112539)
erasing segment 10 (vno[0] = 112553)
erasing segment 11 (vno[0] = 127332)
mri_label2vol --defects /out/sourcedata/freesurfer/sub-v2s7x29660_ses-1/surf/rh.orig.nofix /out/sourcedata/freesurfer/sub-v2s7x29660_ses-1/surf/rh.defect_labels /out/sourcedata/freesurfer/sub-v2s7x29660_ses-1/mri/orig.mgz 2000 0 /out/sourcedata/freesurfer/sub-v2s7x29660_ses-1/mri/rh.surface.defects.mgz /out/sourcedata/freesurfer/sub-v2s7x29660_ses-1/label/rh.nofix.cortex.label
mri_label2vol supposed to be reproducible but seed not set
Contraining to label /out/sourcedata/freesurfer/sub-v2s7x29660_ses-1/label/rh.nofix.cortex.label
Changing input type 0 to MRI_INT
Converting defects to volume: offset=2000, merge=0
Writing to /out/sourcedata/freesurfer/sub-v2s7x29660_ses-1/mri/rh.surface.defects.mgz
mris_defects_pointset -s /out/sourcedata/freesurfer/sub-v2s7x29660_ses-1/surf/rh.orig.nofix -d /out/sourcedata/freesurfer/sub-v2s7x29660_ses-1/surf/rh.defect_labels -o /out/sourcedata/freesurfer/sub-v2s7x29660_ses-1/surf/rh.defects.pointset --label /out/sourcedata/freesurfer/sub-v2s7x29660_ses-1/label/rh.nofix.cortex.label
Reading in surface /out/sourcedata/freesurfer/sub-v2s7x29660_ses-1/surf/rh.orig.nofix
Reading in defect segmentation /out/sourcedata/freesurfer/sub-v2s7x29660_ses-1/surf/rh.defect_labels
Reading in label /out/sourcedata/freesurfer/sub-v2s7x29660_ses-1/label/rh.nofix.cortex.label
#VMPC# mris_defects_pointset 1312276
mris_defects_pointset done
 
Started at Sat Mar 14 00:42:20 CET 2026 
Ended   at Sat Mar 14 00:42:38 CET 2026
Defect2seg-Run-Time-Sec 18
Defect2seg-Run-Time-Min 0.36
Defect2seg-Run-Time-Hours 0.00
 
tkmeditfv sub-v2s7x29660_ses-1 brain.finalsurfs.mgz -defect
defect2seg Done

 mris_remesh --remesh --iters 3 --input /out/sourcedata/freesurfer/sub-v2s7x29660_ses-1/surf/rh.orig.premesh --output /out/sourcedata/freesurfer/sub-v2s7x29660_ses-1/surf/rh.orig 

iters = 3
standard remeshing without target
   adjusted l: 0.712314
remeshing to edge length 0.712314 with 3 iterations

avg qual before   : 0.892456  after: 0.971343

Removing intersections
Remeshed surface quality stats nv0 = 148802  nv = 155752  1.04671
Area    311500  0.30376  0.03371 0.021427   0.4901
Corner  934500 60.00000  8.77384 20.215578 138.6754
Edge    467250  0.84549  0.08234 0.236034   1.2859
Hinge   467250  9.38701  9.64728 0.000003 159.6117
mris_remesh done
/out/sourcedata/freesurfer/sub-v2s7x29660_ses-1/scripts

 mris_remove_intersection ../surf/rh.orig ../surf/rh.orig 

intersection removal took 0.00 hours
writing corrected surface to ../surf/rh.orig

 rm -f ../surf/rh.inflated 

#--------------------------------------------
#@# AutoDetGWStats rh Sat Mar 14 00:43:14 CET 2026
cd /out/sourcedata/freesurfer/sub-v2s7x29660_ses-1/mri
mris_autodet_gwstats --o ../surf/autodet.gw.stats.rh.dat --i brain.finalsurfs.mgz --wm wm.mgz --surf ../surf/rh.orig.premesh
7.3.2

cd /out/sourcedata/freesurfer/sub-v2s7x29660_ses-1/mri
setenv SUBJECTS_DIR /out/sourcedata/freesurfer
mris_autodet_gwstats --o ../surf/autodet.gw.stats.rh.dat --i brain.finalsurfs.mgz --wm wm.mgz --surf ../surf/rh.orig.premesh 

border white:    285944 voxels (1.70%)
border gray      310829 voxels (1.85%)
Reading in intensity volume brain.finalsurfs.mgz
Reading in wm volume wm.mgz
Reading in surf ../surf/rh.orig.premesh
Auto detecting stats
MRIclipBrightWM(): nthresh=13069, wmmin=5, clip=110 
Binarizing thresholding at 5
computing class statistics... low=30, hi=110.000000
CCS WM (97.0): 97.4 +- 7.8 [70.0 --> 110.0]
CCS GM (74.0) : 72.9 +- 9.7 [30.0 --> 110.0]
white_mean = 97.3747 +/- 7.77633, gray_mean = 72.9165 +/- 9.67801
using class modes intead of means, discounting robust sigmas....
MRIScomputeClassModes(): min=0 max=165 nbins=166
intensity peaks found at WM=101+-6.1,    GM=68+-7.0
white_mode = 101, gray_mode = 68
std_scale = 1
Applying sanity checks, max_scale_down = 0.2
setting MIN_GRAY_AT_WHITE_BORDER to 58.3 (was 70.000000)
setting MAX_BORDER_WHITE to 108.8 (was 105.000000)
setting MIN_BORDER_WHITE to 68.0 (was 85.000000)
setting MAX_CSF to 48.6 (was 40.000000)
setting MAX_GRAY to 93.2 (was 95.000000)
setting MAX_GRAY_AT_CSF_BORDER to 58.3 (was 75.000000)
setting MIN_GRAY_AT_CSF_BORDER to 39.0 (was 40.000000)
When placing the white surface
  white_border_hi   = 108.776;
  white_border_low  = 68;
  white_outside_low = 58.322;
  white_inside_hi   = 120;
  white_outside_hi  = 108.776;
When placing the pial surface
  pial_border_hi   = 58.322;
  pial_border_low  = 38.966;
  pial_outside_low = 10;
  pial_inside_hi   = 93.2237;
  pial_outside_hi  = 53.483;
#VMPC# mris_autodet_gwstats VmPeak  1353312
mris_autodet_gwstats done
#--------------------------------------------
#@# WhitePreAparc rh Sat Mar 14 00:43:17 CET 2026
cd /out/sourcedata/freesurfer/sub-v2s7x29660_ses-1/mri
mris_place_surface --adgws-in ../surf/autodet.gw.stats.rh.dat --wm wm.mgz --threads 16 --invol brain.finalsurfs.mgz --rh --i ../surf/rh.orig --o ../surf/rh.white.preaparc --white --seg aseg.presurf.mgz --nsmooth 5
7.3.2
7.3.2

cd /out/sourcedata/freesurfer/sub-v2s7x29660_ses-1/mri
setenv SUBJECTS_DIR /out/sourcedata/freesurfer
mris_place_surface --adgws-in ../surf/autodet.gw.stats.rh.dat --wm wm.mgz --threads 16 --invol brain.finalsurfs.mgz --rh --i ../surf/rh.orig --o ../surf/rh.white.preaparc --white --seg aseg.presurf.mgz --nsmooth 5 

Reading in input surface ../surf/rh.orig
Smoothing surface before ripping with 5 iterations
Area    311500  0.26930  0.06206 0.000097   0.5878
Corner  934500 60.00000  9.29772 1.556801 174.2803
Edge    467250  0.79240  0.11226 0.024241   1.3144
Hinge   467250  6.38417  6.27597 0.000128 159.9823
Not reading in aparc
Reading in input volume brain.finalsurfs.mgz
Reading in wm volume wm.mgz
MRIclipBrightWM(): nthresh=13069, wmmin=5, clip=110 
MRIfindBrightNonWM(): 22 bright non-wm voxels segmented.
Masking bright non-wm for white surface
MRImask(): AllowDiffGeom = 1
MRImask(): AllowDiffGeom = 1
Reading in seg volume aseg.presurf.mgz
Ripping frozen voxels
INFO: rip surface needed but not specified, so using input surface
Freezing midline and others
Entering: MRISripMidline(): inhibiting deformation at non-cortical midline structures...
  which=1, fix_mtl=0, using annot = 0
#FML0# MRISripMidline(): nripped=0
removing 2 vertices from ripped group in thread:0
#FML# MRISripMidline(): nmarked=6793, nmarked2=24, nripped=6793
Ripping segs (eg, WMSA, BG, frozen)
Starting MRISripSegs() d = (-2 2 0.5) segnos: 247 
MRISripSegs(): -2 2 0.5 ripped 0
vertex 77876: xyz = (7.42246,2.75628,28.0621) oxyz = (7.42246,2.75628,28.0621) wxzy = (7.42246,2.75628,28.0621) pxyz = (0,0,0) 
CBVO Creating mask 155752
n_averages 4
Iteration 0 =========================================
n_averages=4, current_sigma=2
Freezing midline and others
Ripping frozen voxels
INFO: rip surface needed but not specified, so using input surface
Freezing midline and others
Entering: MRISripMidline(): inhibiting deformation at non-cortical midline structures...
  which=1, fix_mtl=0, using annot = 0
#FML0# MRISripMidline(): nripped=6793
removing 2 vertices from ripped group in thread:0
#FML# MRISripMidline(): nmarked=6793, nmarked2=24, nripped=6793
Ripping segs (eg, WMSA, BG, frozen)
Starting MRISripSegs() d = (-2 2 0.5) segnos: 247 247 
MRISripSegs(): -2 2 0.5 ripped 0
Computing target border values 
Entering MRIScomputeBorderValues_new(): 
  inside_hi   = 120.0000000;
  border_hi   = 108.7763290;
  border_low  =  68.0000000;
  outside_low =  58.3219910;
  outside_hi  = 108.7763290;
  sigma = 2;
  max_thickness = 10;
  step_size=0.5;
  STEP_SIZE=0.1;
  which = 1
  thresh = 0
  flags = 0
  CBVfindFirstPeakD1=0
  CBVfindFirstPeakD2=0
  nvertices=155752
  Gdiag_no=-1
  vno start=0, stop=155752
Replacing 255s with 0s
#SI# sigma=2 had to be increased for 55 vertices, nripped=6793
mean border=81.0, 56 (56) missing vertices, mean dist 0.3 [0.6 (%40.8)->0.8 (%59.2))]
%70 local maxima, %26 large gradients and % 0 min vals, 0 gradients ignored
nFirstPeakD1 0
MRIScomputeBorderValues_new() finished in 0.0137 min


Finding expansion regions
mean absolute distance = 0.72 +- 0.89
5670 vertices more than 2 sigmas from mean.
Averaging target values for 5 iterations...
Positioning Surface: tspring = 0.3, nspring = 0.3, spring = 0, niters = 100 l_repulse = 5, l_surf_repulse = 0, checktol = 0
Positioning pial surface
Entering MRISpositionSurface()
  max_mm = 0.3
  MAX_REDUCTIONS = 2, REDUCTION_PCT = 0.5
  parms->check_tol = 0, niterations = 100
tol=1.0e-04, sigma=2.0, host=dna02, nav=4, nbrs=2, l_repulse=5.000, l_tspring=0.300, l_nspring=0.300, l_intensity=0.200, l_curv=1.000
mom=0.00, dt=0.50
complete_dist_mat 0
rms 0
smooth_averages 0
remove_neg 0
ico_order 0
which_surface 0
target_radius 0.000000
nfields 0
scale 0.000000
desired_rms_height 0.000000
momentum 0.000000
nbhd_size 0
max_nbrs 0
niterations 100
nsurfaces 0
SURFACES 3
flags 0 (0)
use curv 0
no sulc 0
no rigid align 0
mris->nsize 2
mris->hemisphere 1
randomSeed 0

000: dt: 0.0000, sse=2873898.8, rms=9.526
001: dt: 0.5000, sse=1558580.2, rms=6.832 (28.274%)
002: dt: 0.5000, sse=969048.8, rms=5.187 (24.079%)
003: dt: 0.5000, sse=688370.6, rms=4.179 (19.443%)
004: dt: 0.5000, sse=539878.1, rms=3.527 (15.590%)
005: dt: 0.5000, sse=467548.1, rms=3.151 (10.671%)
006: dt: 0.5000, sse=426247.7, rms=2.918 (7.397%)
007: dt: 0.5000, sse=412931.6, rms=2.819 (3.388%)
008: dt: 0.5000, sse=398293.2, rms=2.743 (2.692%)
rms = 2.7322/2.7430, sse=396429.3/398293.2, time step reduction 1 of 3 to 0.250  0 0 1
009: dt: 0.5000, sse=396429.3, rms=2.732 (0.395%)
010: dt: 0.2500, sse=231786.5, rms=1.351 (50.535%)
011: dt: 0.2500, sse=212912.3, rms=1.085 (19.690%)
012: dt: 0.2500, sse=209293.3, rms=1.014 (6.610%)
rms = 0.9881/1.0136, sse=208484.3/209293.3, time step reduction 2 of 3 to 0.125  0 0 1
013: dt: 0.2500, sse=208484.3, rms=0.988 (2.520%)
rms = 0.9642/0.9881, sse=207201.5/208484.3, time step reduction 3 of 3 to 0.062  0 0 1
014: dt: 0.1250, sse=207201.5, rms=0.964 (2.413%)
  maximum number of reductions reached, breaking from loop
positioning took 1.4 minutes
Iteration 1 =========================================
n_averages=2, current_sigma=1
Freezing midline and others
Ripping frozen voxels
INFO: rip surface needed but not specified, so using input surface
Freezing midline and others
Entering: MRISripMidline(): inhibiting deformation at non-cortical midline structures...
  which=1, fix_mtl=0, using annot = 0
#FML0# MRISripMidline(): nripped=6793
removing 1 vertices from ripped group in thread:0
removing 3 vertices from ripped group in thread:0
removing 2 vertices from ripped group in thread:0
removing 3 vertices from ripped group in thread:0
#FML# MRISripMidline(): nmarked=6922, nmarked2=26, nripped=6922
Ripping segs (eg, WMSA, BG, frozen)
Starting MRISripSegs() d = (-2 2 0.5) segnos: 247 247 247 
MRISripSegs(): -2 2 0.5 ripped 0
Computing target border values 
Entering MRIScomputeBorderValues_new(): 
  inside_hi   = 120.0000000;
  border_hi   = 108.7763290;
  border_low  =  68.0000000;
  outside_low =  58.3219910;
  outside_hi  = 108.7763290;
  sigma = 1;
  max_thickness = 10;
  step_size=0.5;
  STEP_SIZE=0.1;
  which = 1
  thresh = 0
  flags = 0
  CBVfindFirstPeakD1=0
  CBVfindFirstPeakD2=0
  nvertices=155752
  Gdiag_no=-1
  vno start=0, stop=155752
Replacing 255s with 0s
#SI# sigma=1 had to be increased for 45 vertices, nripped=6922
mean border=82.6, 60 (13) missing vertices, mean dist -0.2 [0.4 (%65.6)->0.3 (%34.4))]
%73 local maxima, %22 large gradients and % 0 min vals, 0 gradients ignored
nFirstPeakD1 0
MRIScomputeBorderValues_new() finished in 0.0102 min


Finding expansion regions
mean absolute distance = 0.34 +- 0.76
3223 vertices more than 2 sigmas from mean.
Averaging target values for 5 iterations...
Positioning Surface: tspring = 0.3, nspring = 0.3, spring = 0, niters = 100 l_repulse = 5, l_surf_repulse = 0, checktol = 0
Positioning pial surface
Entering MRISpositionSurface()
  max_mm = 0.3
  MAX_REDUCTIONS = 2, REDUCTION_PCT = 0.5
  parms->check_tol = 0, niterations = 100
tol=1.0e-04, sigma=1.0, host=dna02, nav=2, nbrs=2, l_repulse=5.000, l_tspring=0.300, l_nspring=0.300, l_intensity=0.200, l_curv=1.000
mom=0.00, dt=0.50
000: dt: 0.0000, sse=602614.8, rms=3.509
015: dt: 0.5000, sse=383909.0, rms=2.242 (36.116%)
016: dt: 0.5000, sse=364916.7, rms=2.082 (7.142%)
rms = 2.0534/2.0817, sse=359616.5/364916.7, time step reduction 1 of 3 to 0.250  0 0 1
017: dt: 0.5000, sse=359616.5, rms=2.053 (1.358%)
018: dt: 0.2500, sse=272592.5, rms=1.089 (46.990%)
019: dt: 0.2500, sse=262001.6, rms=0.932 (14.378%)
rms = 0.8854/0.9320, sse=260373.7/262001.6, time step reduction 2 of 3 to 0.125  0 0 1
020: dt: 0.2500, sse=260373.7, rms=0.885 (5.001%)
rms = 0.8529/0.8854, sse=257687.1/260373.7, time step reduction 3 of 3 to 0.062  0 0 1
021: dt: 0.1250, sse=257687.1, rms=0.853 (3.669%)
  maximum number of reductions reached, breaking from loop
positioning took 0.7 minutes
Iteration 2 =========================================
n_averages=1, current_sigma=0.5
Freezing midline and others
Ripping frozen voxels
INFO: rip surface needed but not specified, so using input surface
Freezing midline and others
Entering: MRISripMidline(): inhibiting deformation at non-cortical midline structures...
  which=1, fix_mtl=0, using annot = 0
#FML0# MRISripMidline(): nripped=6922
removing 1 vertices from ripped group in thread:0
removing 3 vertices from ripped group in thread:0
removing 3 vertices from ripped group in thread:0
removing 3 vertices from ripped group in thread:0
removing 2 vertices from ripped group in thread:0
removing 2 vertices from ripped group in thread:0
removing 3 vertices from ripped group in thread:0
#FML# MRISripMidline(): nmarked=6982, nmarked2=27, nripped=6982
Ripping segs (eg, WMSA, BG, frozen)
Starting MRISripSegs() d = (-2 2 0.5) segnos: 247 247 247 247 
MRISripSegs(): -2 2 0.5 ripped 0
Computing target border values 
Entering MRIScomputeBorderValues_new(): 
  inside_hi   = 120.0000000;
  border_hi   = 108.7763290;
  border_low  =  68.0000000;
  outside_low =  58.3219910;
  outside_hi  = 108.7763290;
  sigma = 0.5;
  max_thickness = 10;
  step_size=0.5;
  STEP_SIZE=0.1;
  which = 1
  thresh = 0
  flags = 0
  CBVfindFirstPeakD1=0
  CBVfindFirstPeakD2=0
  nvertices=155752
  Gdiag_no=-1
  vno start=0, stop=155752
Replacing 255s with 0s
#SI# sigma=0.5 had to be increased for 33 vertices, nripped=6982
mean border=83.9, 39 (6) missing vertices, mean dist -0.1 [0.3 (%62.4)->0.2 (%37.6))]
%78 local maxima, %18 large gradients and % 0 min vals, 0 gradients ignored
nFirstPeakD1 0
MRIScomputeBorderValues_new() finished in 0.0061 min


Finding expansion regions
mean absolute distance = 0.28 +- 0.59
3459 vertices more than 2 sigmas from mean.
Averaging target values for 5 iterations...
Positioning Surface: tspring = 0.3, nspring = 0.3, spring = 0, niters = 100 l_repulse = 5, l_surf_repulse = 0, checktol = 0
Positioning pial surface
Entering MRISpositionSurface()
  max_mm = 0.3
  MAX_REDUCTIONS = 2, REDUCTION_PCT = 0.5
  parms->check_tol = 0, niterations = 100
tol=1.0e-04, sigma=0.5, host=dna02, nav=1, nbrs=2, l_repulse=5.000, l_tspring=0.300, l_nspring=0.300, l_intensity=0.200, l_curv=1.000
mom=0.00, dt=0.50
000: dt: 0.0000, sse=392982.9, rms=2.304
022: dt: 0.5000, sse=319926.5, rms=1.695 (26.430%)
rms = 1.7874/1.6949, sse=331465.9/319926.5, time step reduction 1 of 3 to 0.250  0 1 1
   RMS increased, rejecting step
023: dt: 0.2500, sse=276776.6, rms=1.197 (29.372%)
024: dt: 0.2500, sse=261121.5, rms=0.919 (23.234%)
025: dt: 0.2500, sse=257714.0, rms=0.844 (8.103%)
rms = 0.8304/0.8445, sse=255322.4/257714.0, time step reduction 2 of 3 to 0.125  0 0 1
026: dt: 0.2500, sse=255322.4, rms=0.830 (1.671%)
rms = 0.8006/0.8304, sse=253841.4/255322.4, time step reduction 3 of 3 to 0.062  0 0 1
027: dt: 0.1250, sse=253841.4, rms=0.801 (3.582%)
  maximum number of reductions reached, breaking from loop
positioning took 0.6 minutes
Iteration 3 =========================================
n_averages=0, current_sigma=0.25
Freezing midline and others
Ripping frozen voxels
INFO: rip surface needed but not specified, so using input surface
Freezing midline and others
Entering: MRISripMidline(): inhibiting deformation at non-cortical midline structures...
  which=1, fix_mtl=0, using annot = 0
#FML0# MRISripMidline(): nripped=6982
removing 1 vertices from ripped group in thread:0
removing 3 vertices from ripped group in thread:0
removing 2 vertices from ripped group in thread:0
removing 2 vertices from ripped group in thread:0
removing 3 vertices from ripped group in thread:0
removing 3 vertices from ripped group in thread:0
removing 3 vertices from ripped group in thread:0
#FML# MRISripMidline(): nmarked=7009, nmarked2=27, nripped=7009
Ripping segs (eg, WMSA, BG, frozen)
Starting MRISripSegs() d = (-2 2 0.5) segnos: 247 247 247 247 247 
MRISripSegs(): -2 2 0.5 ripped 0
Computing target border values 
Entering MRIScomputeBorderValues_new(): 
  inside_hi   = 120.0000000;
  border_hi   = 108.7763290;
  border_low  =  68.0000000;
  outside_low =  58.3219910;
  outside_hi  = 108.7763290;
  sigma = 0.25;
  max_thickness = 10;
  step_size=0.5;
  STEP_SIZE=0.1;
  which = 1
  thresh = 0
  flags = 0
  CBVfindFirstPeakD1=0
  CBVfindFirstPeakD2=0
  nvertices=155752
  Gdiag_no=-1
  vno start=0, stop=155752
Replacing 255s with 0s
#SI# sigma=0.25 had to be increased for 26 vertices, nripped=7009
mean border=84.6, 37 (4) missing vertices, mean dist -0.1 [0.3 (%54.4)->0.2 (%45.6))]
%82 local maxima, %14 large gradients and % 0 min vals, 0 gradients ignored
nFirstPeakD1 0
MRIScomputeBorderValues_new() finished in 0.0041 min


Finding expansion regions
mean absolute distance = 0.27 +- 0.47
3852 vertices more than 2 sigmas from mean.
Averaging target values for 5 iterations...
Positioning Surface: tspring = 0.3, nspring = 0.3, spring = 0, niters = 100 l_repulse = 5, l_surf_repulse = 0, checktol = 0
Positioning pial surface
Entering MRISpositionSurface()
  max_mm = 0.3
  MAX_REDUCTIONS = 2, REDUCTION_PCT = 0.5
  parms->check_tol = 0, niterations = 100
tol=1.0e-04, sigma=0.2, host=dna02, nav=0, nbrs=2, l_repulse=5.000, l_tspring=0.300, l_nspring=0.300, l_intensity=0.200, l_curv=1.000
mom=0.00, dt=0.50
000: dt: 0.0000, sse=303061.0, rms=1.543
028: dt: 0.5000, sse=276368.2, rms=1.195 (22.544%)
rms = 1.3822/1.1953, sse=288588.6/276368.3, time step reduction 1 of 3 to 0.250  0 1 1
   RMS increased, rejecting step
029: dt: 0.2500, sse=254362.2, rms=0.852 (28.711%)
030: dt: 0.2500, sse=249025.1, rms=0.735 (13.753%)
031: dt: 0.2500, sse=245373.0, rms=0.671 (8.676%)
rms = 0.7012/0.6712, sse=245973.8/245373.0, time step reduction 2 of 3 to 0.125  0 1 1
   RMS increased, rejecting step
rms = 0.6619/0.6712, sse=244876.1/245373.0, time step reduction 3 of 3 to 0.062  0 0 1
032: dt: 0.1250, sse=244876.1, rms=0.662 (1.383%)
  maximum number of reductions reached, breaking from loop
positioning took 0.6 minutes


Writing output to ../surf/rh.white.preaparc
#ET# mris_place_surface  3.51 minutes
#VMPC# mris_place_surfaces VmPeak  3298868
mris_place_surface done
#--------------------------------------------
#@# CortexLabel rh Sat Mar 14 00:46:54 CET 2026
cd /out/sourcedata/freesurfer/sub-v2s7x29660_ses-1/mri
mri_label2label --label-cortex ../surf/rh.white.preaparc aseg.presurf.mgz 0 ../label/rh.cortex.label

 Generating cortex label... RemoveHipAmgy=0
 NucAccIsMedialWall=0
 mris->useRealRAS=0
6 non-cortical segments detected
only using segment with 8565 vertices
erasing segment 1 (vno[0] = 59008)
erasing segment 2 (vno[0] = 60911)
erasing segment 3 (vno[0] = 76196)
erasing segment 4 (vno[0] = 93887)
erasing segment 5 (vno[0] = 97204)
#--------------------------------------------
#@# CortexLabel+HipAmyg rh Sat Mar 14 00:47:12 CET 2026
cd /out/sourcedata/freesurfer/sub-v2s7x29660_ses-1/mri
mri_label2label --label-cortex ../surf/rh.white.preaparc aseg.presurf.mgz 1 ../label/rh.cortex+hipamyg.label

 Generating cortex label... RemoveHipAmgy=1
 NucAccIsMedialWall=0
 mris->useRealRAS=0
6 non-cortical segments detected
only using segment with 6212 vertices
erasing segment 1 (vno[0] = 65512)
erasing segment 2 (vno[0] = 76196)
erasing segment 3 (vno[0] = 93887)
erasing segment 4 (vno[0] = 97204)
erasing segment 5 (vno[0] = 128316)
#--------------------------------------------
#@# Smooth2 rh Sat Mar 14 00:47:29 CET 2026
/out/sourcedata/freesurfer/sub-v2s7x29660_ses-1/scripts

 mris_smooth -n 3 -nw -seed 1234 ../surf/rh.white.preaparc ../surf/rh.smoothwm 

smoothing for 3 iterations
setting seed for random number generator to 1234
smoothing surface tessellation for 3 iterations...
smoothing complete - recomputing first and second fundamental forms...
#--------------------------------------------
#@# Inflation2 rh Sat Mar 14 00:47:33 CET 2026
/out/sourcedata/freesurfer/sub-v2s7x29660_ses-1/scripts

 mris_inflate ../surf/rh.smoothwm ../surf/rh.inflated 

Reading ../surf/rh.smoothwm
avg radius = 50.0 mm, total surface area = 98308 mm^2
step 000: RMS=0.170 (target=0.015)   step 005: RMS=0.114 (target=0.015)   step 010: RMS=0.085 (target=0.015)   step 015: RMS=0.071 (target=0.015)   step 020: RMS=0.058 (target=0.015)   step 025: RMS=0.048 (target=0.015)   step 030: RMS=0.041 (target=0.015)   step 035: RMS=0.035 (target=0.015)   step 040: RMS=0.031 (target=0.015)   step 045: RMS=0.027 (target=0.015)   step 050: RMS=0.024 (target=0.015)   step 055: RMS=0.022 (target=0.015)   step 060: RMS=0.020 (target=0.015)   writing inflated surface to ../surf/rh.inflated
writing sulcal depths to ../surf/rh.sulc

inflation complete.
inflation took 0.3 minutes
mris_inflate utimesec    68.152170
mris_inflate stimesec    1.648436
mris_inflate ru_maxrss   240512
mris_inflate ru_ixrss    0
mris_inflate ru_idrss    0
mris_inflate ru_isrss    0
mris_inflate ru_minflt   547186
mris_inflate ru_majflt   0
mris_inflate ru_nswap    0
mris_inflate ru_inblock  0
mris_inflate ru_oublock  12184
mris_inflate ru_msgsnd   0
mris_inflate ru_msgrcv   0
mris_inflate ru_nsignals 0
mris_inflate ru_nvcsw    4731
mris_inflate ru_nivcsw   350
#--------------------------------------------
#@# Curv .H and .K rh Sat Mar 14 00:47:50 CET 2026
/out/sourcedata/freesurfer/sub-v2s7x29660_ses-1/surf

 mris_curvature -w -seed 1234 rh.white.preaparc 

setting seed for random number generator to 1234
total integrated curvature = 33.244*4pi (417.758) --> -32 handles
ICI = 165.0, FI = 1572.5, variation=24755.494
writing Gaussian curvature to ./rh.white.preaparc.K...done.
writing mean curvature to ./rh.white.preaparc.H...done.
rm -f rh.white.H
ln -s rh.white.preaparc.H rh.white.H
rm -f rh.white.K
ln -s rh.white.preaparc.K rh.white.K

 mris_curvature -seed 1234 -thresh .999 -n -a 5 -w -distances 10 10 rh.inflated 

setting seed for random number generator to 1234
normalizing curvature values.
averaging curvature patterns 5 times.
sampling 10 neighbors out to a distance of 10 mm
184 vertices thresholded to be in k1 ~ [-0.42 0.50], k2 ~ [-0.14 0.07]
total integrated curvature = 0.503*4pi (6.326) --> 0 handles
ICI = 1.8, FI = 12.7, variation=211.443
140 vertices thresholded to be in [-0.02 0.02]
writing Gaussian curvature to ./rh.inflated.K...thresholding curvature at 99.90% level
curvature mean = 0.000, std = 0.001
158 vertices thresholded to be in [-0.15 0.25]
done.
writing mean curvature to ./rh.inflated.H...curvature mean = -0.014, std = 0.026
done.
#--------------------------------------------
#@# Sphere rh Sat Mar 14 00:48:42 CET 2026
/out/sourcedata/freesurfer/sub-v2s7x29660_ses-1/scripts

 mris_sphere -seed 1234 ../surf/rh.inflated ../surf/rh.sphere 

setting seed for random number genererator to 1234
version: 7.3.2
available threads: 16
reading original vertex positions...
projecting onto sphere...
surface projected - minimizing metric distortion...
scaling brain by 0.263...
MRISunfold() max_passes = 1 -------
tol=5.0e-01, sigma=0.0, host=dna02, nav=1024, nbrs=2, l_area=1.000, l_dist=1.000
using quadratic fit line minimization
complete_dist_mat 0
rms 0
smooth_averages 0
remove_neg 0
ico_order 0
which_surface 0
target_radius 0.000000
nfields 0
scale 1.000000
desired_rms_height -1.000000
momentum 0.900000
nbhd_size 7
max_nbrs 8
niterations 25
nsurfaces 0
SURFACES 3
flags 0 (0)
use curv 0
no sulc 0
no rigid align 0
mris->nsize 2
mris->hemisphere 1
randomSeed 1234

singular matrix in quadratic form
singular matrix in quadratic form
--------------------
  mrisRemoveNegativeArea()
pass 1: epoch 1 of 3 starting distance error %21.87
pass 1: epoch 2 of 3 starting distance error %21.84
unfolding complete - removing small folds...
starting distance error %21.76
removing remaining folds...
final distance error %21.76
MRISunfold() return, current seed 1234
-01: dt=0.0000, 212 negative triangles  VmPeak 1629532
105: dt=0.9900, 212 negative triangles
106: dt=0.9900, 128 negative triangles
107: dt=0.9900, 109 negative triangles
108: dt=0.9900,  98 negative triangles
109: dt=0.9900,  98 negative triangles
110: dt=0.9900,  91 negative triangles
111: dt=0.9900,  84 negative triangles
112: dt=0.9900,  77 negative triangles
113: dt=0.9900,  82 negative triangles
114: dt=0.9900,  76 negative triangles
115: dt=0.9900,  80 negative triangles
116: dt=0.9900,  73 negative triangles
117: dt=0.9900,  80 negative triangles
118: dt=0.9900,  78 negative triangles
119: dt=0.9900,  79 negative triangles
120: dt=0.9900,  75 negative triangles
121: dt=0.9900,  87 negative triangles
122: dt=0.9900,  81 negative triangles
123: dt=0.9900,  80 negative triangles
124: dt=0.9900,  82 negative triangles
125: dt=0.9900,  78 negative triangles
126: dt=0.9405,  77 negative triangles
127: dt=0.9405,  82 negative triangles
128: dt=0.9405,  73 negative triangles
129: dt=0.9405,  80 negative triangles
130: dt=0.9405,  82 negative triangles
131: dt=0.9405,  77 negative triangles
132: dt=0.9405,  80 negative triangles
133: dt=0.9405,  82 negative triangles
134: dt=0.9405,  84 negative triangles
135: dt=0.9405,  78 negative triangles
136: dt=0.8935,  73 negative triangles
137: dt=0.8935,  77 negative triangles
138: dt=0.8935,  74 negative triangles
139: dt=0.8935,  79 negative triangles
140: dt=0.8935,  77 negative triangles
141: dt=0.8935,  70 negative triangles
142: dt=0.8935,  75 negative triangles
143: dt=0.8935,  67 negative triangles
144: dt=0.8935,  64 negative triangles
145: dt=0.8935,  69 negative triangles
146: dt=0.8935,  66 negative triangles
147: dt=0.8935,  70 negative triangles
148: dt=0.8935,  69 negative triangles
149: dt=0.8935,  62 negative triangles
150: dt=0.8935,  64 negative triangles
151: dt=0.8935,  61 negative triangles
152: dt=0.8935,  58 negative triangles
153: dt=0.8935,  65 negative triangles
154: dt=0.8935,  61 negative triangles
155: dt=0.8935,  66 negative triangles
156: dt=0.8935,  61 negative triangles
157: dt=0.8935,  56 negative triangles
158: dt=0.8935,  57 negative triangles
159: dt=0.8935,  55 negative triangles
160: dt=0.8935,  58 negative triangles
161: dt=0.8935,  58 negative triangles
162: dt=0.8935,  60 negative triangles
163: dt=0.8935,  60 negative triangles
164: dt=0.8935,  52 negative triangles
165: dt=0.8935,  57 negative triangles
166: dt=0.8935,  54 negative triangles
167: dt=0.8935,  54 negative triangles
168: dt=0.8935,  56 negative triangles
169: dt=0.8935,  54 negative triangles
170: dt=0.8935,  55 negative triangles
171: dt=0.8935,  55 negative triangles
172: dt=0.8935,  53 negative triangles
173: dt=0.8935,  54 negative triangles
174: dt=0.8488,  54 negative triangles
175: dt=0.8488,  51 negative triangles
176: dt=0.8488,  51 negative triangles
177: dt=0.8488,  57 negative triangles
178: dt=0.8488,  57 negative triangles
179: dt=0.8488,  57 negative triangles
180: dt=0.8488,  53 negative triangles
181: dt=0.8488,  51 negative triangles
182: dt=0.8488,  52 negative triangles
183: dt=0.8488,  53 negative triangles
184: dt=0.8488,  52 negative triangles
185: dt=0.8064,  55 negative triangles
186: dt=0.8064,  55 negative triangles
187: dt=0.8064,  54 negative triangles
188: dt=0.8064,  51 negative triangles
189: dt=0.8064,  54 negative triangles
190: dt=0.8064,  50 negative triangles
191: dt=0.8064,  52 negative triangles
192: dt=0.8064,  50 negative triangles
193: dt=0.8064,  57 negative triangles
194: dt=0.8064,  54 negative triangles
195: dt=0.8064,  55 negative triangles
196: dt=0.8064,  49 negative triangles
197: dt=0.8064,  51 negative triangles
198: dt=0.8064,  53 negative triangles
199: dt=0.8064,  50 negative triangles
200: dt=0.8064,  56 negative triangles
201: dt=0.8064,  50 negative triangles
202: dt=0.8064,  52 negative triangles
203: dt=0.8064,  49 negative triangles
204: dt=0.8064,  51 negative triangles
205: dt=0.8064,  50 negative triangles
206: dt=0.7660,  52 negative triangles
207: dt=0.7660,  48 negative triangles
208: dt=0.7660,  53 negative triangles
209: dt=0.7660,  51 negative triangles
210: dt=0.7660,  54 negative triangles
211: dt=0.7660,  53 negative triangles
212: dt=0.7660,  53 negative triangles
213: dt=0.7660,  52 negative triangles
214: dt=0.7660,  50 negative triangles
215: dt=0.7660,  54 negative triangles
216: dt=0.7660,  50 negative triangles
217: dt=0.7277,  53 negative triangles
218: dt=0.7277,  56 negative triangles
219: dt=0.7277,  54 negative triangles
220: dt=0.7277,  57 negative triangles
221: dt=0.7277,  52 negative triangles
222: dt=0.7277,  51 negative triangles
223: dt=0.7277,  52 negative triangles
224: dt=0.7277,  53 negative triangles
225: dt=0.7277,  53 negative triangles
226: dt=0.7277,  51 negative triangles
227: dt=0.6914,  52 negative triangles
228: dt=0.6914,  47 negative triangles
229: dt=0.6914,  46 negative triangles
230: dt=0.6914,  48 negative triangles
231: dt=0.6914,  51 negative triangles
232: dt=0.6914,  49 negative triangles
233: dt=0.6914,  51 negative triangles
234: dt=0.6914,  50 negative triangles
235: dt=0.6914,  52 negative triangles
236: dt=0.6914,  45 negative triangles
237: dt=0.6914,  49 negative triangles
238: dt=0.6914,  48 negative triangles
239: dt=0.6914,  47 negative triangles
240: dt=0.6914,  43 negative triangles
241: dt=0.6914,  50 negative triangles
242: dt=0.6914,  48 negative triangles
243: dt=0.6914,  45 negative triangles
244: dt=0.6914,  47 negative triangles
245: dt=0.6914,  42 negative triangles
246: dt=0.6914,  49 negative triangles
247: dt=0.6914,  45 negative triangles
248: dt=0.6914,  49 negative triangles
249: dt=0.6914,  45 negative triangles
250: dt=0.6914,  48 negative triangles
251: dt=0.6914,  43 negative triangles
252: dt=0.6914,  45 negative triangles
253: dt=0.6914,  48 negative triangles
254: dt=0.6914,  43 negative triangles
255: dt=0.6568,  43 negative triangles
256: dt=0.6568,  46 negative triangles
257: dt=0.6568,  41 negative triangles
258: dt=0.6568,  41 negative triangles
259: dt=0.6568,  43 negative triangles
260: dt=0.6568,  47 negative triangles
261: dt=0.6568,  44 negative triangles
262: dt=0.6568,  44 negative triangles
263: dt=0.6568,  42 negative triangles
264: dt=0.6568,  42 negative triangles
265: dt=0.6568,  45 negative triangles
266: dt=0.6568,  40 negative triangles
267: dt=0.6568,  42 negative triangles
268: dt=0.6568,  41 negative triangles
269: dt=0.6568,  42 negative triangles
270: dt=0.6568,  38 negative triangles
271: dt=0.6568,  44 negative triangles
272: dt=0.6568,  42 negative triangles
273: dt=0.6568,  43 negative triangles
274: dt=0.6568,  40 negative triangles
275: dt=0.6568,  40 negative triangles
276: dt=0.6568,  42 negative triangles
277: dt=0.6568,  40 negative triangles
278: dt=0.6568,  41 negative triangles
279: dt=0.6568,  42 negative triangles
280: dt=0.6239,  42 negative triangles
281: dt=0.6239,  40 negative triangles
282: dt=0.6239,  41 negative triangles
283: dt=0.6239,  43 negative triangles
284: dt=0.6239,  40 negative triangles
285: dt=0.6239,  36 negative triangles
286: dt=0.6239,  41 negative triangles
287: dt=0.6239,  43 negative triangles
288: dt=0.6239,  41 negative triangles
289: dt=0.6239,  38 negative triangles
290: dt=0.6239,  38 negative triangles
291: dt=0.6239,  39 negative triangles
292: dt=0.6239,  43 negative triangles
293: dt=0.6239,  41 negative triangles
294: dt=0.6239,  37 negative triangles
295: dt=0.5927,  37 negative triangles
296: dt=0.5927,  37 negative triangles
297: dt=0.5927,  40 negative triangles
298: dt=0.5927,  39 negative triangles
299: dt=0.5927,  37 negative triangles
300: dt=0.5927,  37 negative triangles
301: dt=0.5927,  41 negative triangles
302: dt=0.5927,  37 negative triangles
303: dt=0.5927,  34 negative triangles
304: dt=0.5927,  38 negative triangles
305: dt=0.5927,  36 negative triangles
306: dt=0.5927,  38 negative triangles
307: dt=0.5927,  35 negative triangles
308: dt=0.5927,  35 negative triangles
309: dt=0.5927,  34 negative triangles
310: dt=0.5927,  39 negative triangles
311: dt=0.5927,  35 negative triangles
312: dt=0.5927,  35 negative triangles
313: dt=0.5927,  33 negative triangles
314: dt=0.5927,  35 negative triangles
315: dt=0.5927,  35 negative triangles
316: dt=0.5927,  32 negative triangles
317: dt=0.5927,  35 negative triangles
318: dt=0.5927,  36 negative triangles
319: dt=0.5927,  34 negative triangles
320: dt=0.5927,  35 negative triangles
321: dt=0.5927,  32 negative triangles
322: dt=0.5927,  32 negative triangles
323: dt=0.5927,  34 negative triangles
324: dt=0.5927,  32 negative triangles
325: dt=0.5927,  36 negative triangles
326: dt=0.5631,  32 negative triangles
327: dt=0.5631,  33 negative triangles
328: dt=0.5631,  29 negative triangles
329: dt=0.5631,  33 negative triangles
330: dt=0.5631,  34 negative triangles
331: dt=0.5631,  35 negative triangles
332: dt=0.5631,  32 negative triangles
333: dt=0.5631,  29 negative triangles
334: dt=0.5631,  29 negative triangles
335: dt=0.5631,  30 negative triangles
336: dt=0.5631,  29 negative triangles
337: dt=0.5631,  24 negative triangles
338: dt=0.5631,  29 negative triangles
339: dt=0.5631,  29 negative triangles
340: dt=0.5631,  28 negative triangles
341: dt=0.5631,  28 negative triangles
342: dt=0.5631,  27 negative triangles
343: dt=0.5631,  23 negative triangles
344: dt=0.5631,  24 negative triangles
345: dt=0.5631,  25 negative triangles
346: dt=0.5631,  24 negative triangles
347: dt=0.5631,  24 negative triangles
348: dt=0.5631,  23 negative triangles
349: dt=0.5631,  23 negative triangles
350: dt=0.5631,  27 negative triangles
351: dt=0.5631,  25 negative triangles
352: dt=0.5631,  24 negative triangles
353: dt=0.5631,  20 negative triangles
354: dt=0.5631,  26 negative triangles
355: dt=0.5631,  21 negative triangles
356: dt=0.5631,  22 negative triangles
357: dt=0.5631,  22 negative triangles
358: dt=0.5631,  22 negative triangles
359: dt=0.5631,  19 negative triangles
360: dt=0.5631,  15 negative triangles
361: dt=0.5631,  19 negative triangles
362: dt=0.5631,  20 negative triangles
363: dt=0.5631,  17 negative triangles
364: dt=0.5631,  16 negative triangles
365: dt=0.5631,  13 negative triangles
366: dt=0.5631,  18 negative triangles
367: dt=0.5631,  14 negative triangles
368: dt=0.5631,  18 negative triangles
369: dt=0.5631,  15 negative triangles
370: dt=0.5631,  15 negative triangles
371: dt=0.5631,  14 negative triangles
372: dt=0.5631,  11 negative triangles
373: dt=0.5631,  13 negative triangles
374: dt=0.5631,  11 negative triangles
375: dt=0.5631,  11 negative triangles
376: dt=0.5631,   9 negative triangles
377: dt=0.5631,   8 negative triangles
378: dt=0.5631,   9 negative triangles
379: dt=0.5631,  10 negative triangles
380: dt=0.5631,   8 negative triangles
381: dt=0.5631,   6 negative triangles
382: dt=0.5631,   7 negative triangles
383: dt=0.5631,   8 negative triangles
384: dt=0.5631,   3 negative triangles
385: dt=0.5631,   4 negative triangles
386: dt=0.5631,   3 negative triangles
387: dt=0.5631,   1 negative triangles
388: dt=0.5631,   2 negative triangles
writing spherical brain to ../surf/rh.sphere
spherical transformation took 0.0584 hours
FSRUNTIME@ mris_sphere  0.0584 hours 16 threads
#VMPC# mris_sphere VmPeak  1629532
mris_sphere done
#--------------------------------------------
#@# Surf Reg rh Sat Mar 14 00:52:12 CET 2026
/out/sourcedata/freesurfer/sub-v2s7x29660_ses-1/scripts

 mris_register -curv ../surf/rh.sphere /opt/freesurfer/average/rh.folding.atlas.acfb40.noaparc.i12.2016-08-02.tif ../surf/rh.sphere.reg 

using smoothwm curvature for final alignment

cwd /out/sourcedata/freesurfer/sub-v2s7x29660_ses-1/scripts
cmdline mris_register -curv ../surf/rh.sphere /opt/freesurfer/average/rh.folding.atlas.acfb40.noaparc.i12.2016-08-02.tif ../surf/rh.sphere.reg 

0 inflated.H
1 sulc
2 smoothwm (computed)
7.3.2
  7.3.2
reading surface from ../surf/rh.sphere...
reading template parameterization from /opt/freesurfer/average/rh.folding.atlas.acfb40.noaparc.i12.2016-08-02.tif...
MRISregister() -------
max_passes = 4 
min_degrees = 0.500000 
max_degrees = 64.000000 
nangles = 8 
tol=5.0e-01, sigma=0.0, host=dna02, nav=1024, nbrs=1, l_extern=10000.000, l_parea=0.200, l_nlarea=1.000, l_corr=1.000, l_dist=5.000
using quadratic fit line minimization
complete_dist_mat 0
rms 0
smooth_averages 0
remove_neg 0
ico_order 0
which_surface 0
target_radius 0.000000
nfields 0
scale 0.000000
desired_rms_height -1.000000
momentum 0.950000
nbhd_size -10
max_nbrs 10
niterations 25
nsurfaces 0
SURFACES 3
flags 16 (10)
use curv 16
no sulc 0
no rigid align 0
mris->nsize 1
mris->hemisphere 1
randomSeed 0

tol=5.0e-01, sigma=0.0, host=dna02, nav=1024, nbrs=1, l_extern=10000.000, l_parea=0.200, l_nlarea=1.000, l_corr=1.000, l_dist=5.000
using quadratic fit line minimization
--------------------
1 Reading rh.sulc
tol=1.0e+00, sigma=0.5, host=dna02, nav=1024, nbrs=1, l_extern=10000.000, l_parea=0.200, l_nlarea=1.000, l_corr=0.050, l_spring=0.500, l_dist=5.000
using quadratic fit line minimization
curvature mean = 0.000, std = 5.721
curvature mean = 0.028, std = 0.811
curvature mean = 0.004, std = 0.851
Starting MRISrigidBodyAlignGlobal()
Starting new MRISrigidBodyAlignGlobal_findMinSSE()
  new MRISrigidBodyAlignGlobal_findMinSSE min @ (9.00, -6.00, 1.50) sse = 307945.3, elapsed since starting=0.1230 min
MRISrigidBodyAlignGlobal() done   0.12 min
curvature mean = 0.002, std = 0.822
curvature mean = 0.002, std = 0.942
curvature mean = -0.006, std = 0.826
curvature mean = 0.001, std = 0.977
curvature mean = -0.008, std = 0.825
curvature mean = 0.000, std = 0.991
2 Reading smoothwm
curvature mean = -0.015, std = 0.248
curvature mean = 0.037, std = 0.239
curvature mean = 0.034, std = 0.380
curvature mean = 0.036, std = 0.296
curvature mean = 0.023, std = 0.591
curvature mean = 0.036, std = 0.322
curvature mean = 0.012, std = 0.744
curvature mean = 0.036, std = 0.334
curvature mean = 0.004, std = 0.848
MRISregister() return, current seed 0
-01: dt=0.0000,  13 negative triangles  VmPeak 1626252
120: dt=0.9900,  13 negative triangles
expanding nbhd size to 1
121: dt=0.9900,  14 negative triangles
122: dt=0.9900,  10 negative triangles
123: dt=0.9900,  10 negative triangles
124: dt=0.9900,  15 negative triangles
125: dt=0.9900,  14 negative triangles
126: dt=0.9900,  13 negative triangles
127: dt=0.9900,  12 negative triangles
128: dt=0.9900,  13 negative triangles
129: dt=0.9900,  15 negative triangles
130: dt=0.9900,  13 negative triangles
131: dt=0.9900,  10 negative triangles
132: dt=0.9900,   9 negative triangles
133: dt=0.9900,  11 negative triangles
134: dt=0.9900,   8 negative triangles
135: dt=0.9900,   8 negative triangles
136: dt=0.9900,   7 negative triangles
137: dt=0.9900,   8 negative triangles
138: dt=0.9900,   6 negative triangles
139: dt=0.9900,   5 negative triangles
140: dt=0.9900,   4 negative triangles
141: dt=0.9900,   3 negative triangles
142: dt=0.9900,   6 negative triangles
143: dt=0.9900,   3 negative triangles
144: dt=0.9900,   4 negative triangles
145: dt=0.9900,   3 negative triangles
146: dt=0.9900,   2 negative triangles
147: dt=0.9900,   1 negative triangles
148: dt=0.9900,   1 negative triangles
writing registered surface to ../surf/rh.sphere.reg...
registration took 0.09 hours
#VMPC# mris_register VmPeak  1626252
FSRUNTIME@ mris_register  0.0888 hours 16 threads

 ln -sf rh.sphere.reg rh.fsaverage.sphere.reg 

#--------------------------------------------
#@# Jacobian white rh Sat Mar 14 00:57:31 CET 2026
/out/sourcedata/freesurfer/sub-v2s7x29660_ses-1/scripts

 mris_jacobian ../surf/rh.white.preaparc ../surf/rh.sphere.reg ../surf/rh.jacobian_white 

reading surface from ../surf/rh.white.preaparc...
writing curvature file ../surf/rh.jacobian_white
#--------------------------------------------
#@# AvgCurv rh Sat Mar 14 00:57:32 CET 2026
/out/sourcedata/freesurfer/sub-v2s7x29660_ses-1/scripts

 mrisp_paint -a 5 /opt/freesurfer/average/rh.folding.atlas.acfb40.noaparc.i12.2016-08-02.tif#6 ../surf/rh.sphere.reg ../surf/rh.avg_curv 

averaging curvature patterns 5 times...
reading surface from ../surf/rh.sphere.reg...
reading template parameterization from /opt/freesurfer/average/rh.folding.atlas.acfb40.noaparc.i12.2016-08-02.tif...
writing curvature file to ../surf/rh.avg_curv...
#-----------------------------------------
#@# Cortical Parc rh Sat Mar 14 00:57:33 CET 2026
/out/sourcedata/freesurfer/sub-v2s7x29660_ses-1/scripts

 mris_ca_label -l ../label/rh.cortex.label -aseg ../mri/aseg.presurf.mgz -seed 1234 sub-v2s7x29660_ses-1 rh ../surf/rh.sphere.reg /opt/freesurfer/average/rh.DKaparc.atlas.acfb40.noaparc.i12.2016-08-02.gcs ../label/rh.aparc.annot 

setting seed for random number generator to 1234
using ../mri/aseg.presurf.mgz aseg volume to correct midline
7.3.2
  7.3.2
reading atlas from /opt/freesurfer/average/rh.DKaparc.atlas.acfb40.noaparc.i12.2016-08-02.gcs...
reading color table from GCSA file....
average std = 0.7   using min determinant for regularization = 0.004
0 singular and 309 ill-conditioned covariance matrices regularized
input 0: MEAN CURVATURE, flags 0, avgs 5, name mean_curvature
labeling surface...
1172 labels changed using aseg
relabeling using gibbs priors...
000:   3191 changed, 155752 examined...
001:    785 changed, 13450 examined...
002:    208 changed, 4377 examined...
003:     58 changed, 1257 examined...
004:     30 changed, 369 examined...
005:      8 changed, 166 examined...
006:      7 changed, 51 examined...
007:      5 changed, 43 examined...
008:      3 changed, 28 examined...
009:      0 changed, 15 examined...
172 labels changed using aseg
000: 97 total segments, 60 labels (209 vertices) changed
001: 38 total segments, 1 labels (2 vertices) changed
002: 37 total segments, 0 labels (0 vertices) changed
10 filter iterations complete (10 requested, 3 changed)
rationalizing unknown annotations with cortex label
relabeling unknown label...
relabeling corpuscallosum label...
1788 vertices marked for relabeling...
1788 labels changed in reclassification.
writing output to ../label/rh.aparc.annot...
classification took 0 minutes and 11 seconds.
#--------------------------------------------
#@# WhiteSurfs rh Sat Mar 14 00:57:44 CET 2026
cd /out/sourcedata/freesurfer/sub-v2s7x29660_ses-1/mri
mris_place_surface --adgws-in ../surf/autodet.gw.stats.rh.dat --seg aseg.presurf.mgz --threads 16 --wm wm.mgz --invol brain.finalsurfs.mgz --rh --i ../surf/rh.white.preaparc --o ../surf/rh.white --white --nsmooth 0 --rip-label ../label/rh.cortex.label --rip-bg --rip-surf ../surf/rh.white.preaparc --aparc ../label/rh.aparc.annot
7.3.2
7.3.2

cd /out/sourcedata/freesurfer/sub-v2s7x29660_ses-1/mri
setenv SUBJECTS_DIR /out/sourcedata/freesurfer
mris_place_surface --adgws-in ../surf/autodet.gw.stats.rh.dat --seg aseg.presurf.mgz --threads 16 --wm wm.mgz --invol brain.finalsurfs.mgz --rh --i ../surf/rh.white.preaparc --o ../surf/rh.white --white --nsmooth 0 --rip-label ../label/rh.cortex.label --rip-bg --rip-surf ../surf/rh.white.preaparc --aparc ../label/rh.aparc.annot 

Reading in input surface ../surf/rh.white.preaparc
Not smoothing input surface
Area    311500  0.34621  0.11432 0.000097   2.0131
Corner  934500 60.00000 12.52028 0.174259 178.4688
Edge    467250  0.90348  0.18825 0.024241   2.6334
Hinge   467250  9.03520  9.67550 0.000014 178.7898
Reading in aparc ../label/rh.aparc.annot
Reading in input volume brain.finalsurfs.mgz
Reading in wm volume wm.mgz
MRIclipBrightWM(): nthresh=13069, wmmin=5, clip=110 
MRIfindBrightNonWM(): 22 bright non-wm voxels segmented.
Masking bright non-wm for white surface
MRImask(): AllowDiffGeom = 1
MRImask(): AllowDiffGeom = 1
Reading in seg volume aseg.presurf.mgz
Ripping frozen voxels
Ripping vertices not in label ../label/rh.cortex.label
MRISripNotLabel() ripped 8884/155752 vertices (146868 unripped)
Reading in ripping surface ../surf/rh.white.preaparc
Reading in aparc ../label/rh.aparc.annot for ripsurf
Ripping BG
MRISripBasalGanglia(): 1 -2 2 0.5 ripped 235
Ripping segs (eg, WMSA, BG, frozen)
Starting MRISripSegs() d = (-2 2 0.5) segnos: 247 
MRISripSegs(): -2 2 0.5 ripped 0
vertex 77876: xyz = (5.50657,0.96886,29.1833) oxyz = (5.50657,0.96886,29.1833) wxzy = (5.50657,0.96886,29.1833) pxyz = (0,0,0) 
CBVO Creating mask 155752
n_averages 4
Iteration 0 =========================================
n_averages=4, current_sigma=2
Computing target border values 
Entering MRIScomputeBorderValues_new(): 
  inside_hi   = 120.0000000;
  border_hi   = 108.7763290;
  border_low  =  68.0000000;
  outside_low =  58.3219910;
  outside_hi  = 108.7763290;
  sigma = 2;
  max_thickness = 10;
  step_size=0.5;
  STEP_SIZE=0.1;
  which = 1
  thresh = 0
  flags = 0
  CBVfindFirstPeakD1=0
  CBVfindFirstPeakD2=0
  nvertices=155752
  Gdiag_no=-1
  vno start=0, stop=155752
Replacing 255s with 0s
#SI# sigma=2 had to be increased for 119 vertices, nripped=9119
mean border=80.7, 79 (79) missing vertices, mean dist 0.2 [0.7 (%23.1)->0.5 (%76.9))]
%65 local maxima, %29 large gradients and % 0 min vals, 0 gradients ignored
nFirstPeakD1 0
MRIScomputeBorderValues_new() finished in 0.0134 min


Finding expansion regions
mean absolute distance = 0.51 +- 0.95
2945 vertices more than 2 sigmas from mean.
Averaging target values for 5 iterations...
Positioning Surface: tspring = 0.3, nspring = 0.3, spring = 0, niters = 100 l_repulse = 5, l_surf_repulse = 0, checktol = 0
Positioning pial surface
Entering MRISpositionSurface()
  max_mm = 0.3
  MAX_REDUCTIONS = 2, REDUCTION_PCT = 0.5
  parms->check_tol = 0, niterations = 100
tol=1.0e-04, sigma=2.0, host=dna02, nav=4, nbrs=2, l_repulse=5.000, l_tspring=0.300, l_nspring=0.300, l_intensity=0.200, l_curv=1.000
mom=0.00, dt=0.50
complete_dist_mat 0
rms 0
smooth_averages 0
remove_neg 0
ico_order 0
which_surface 0
target_radius 0.000000
nfields 0
scale 0.000000
desired_rms_height 0.000000
momentum 0.000000
nbhd_size 0
max_nbrs 0
niterations 100
nsurfaces 0
SURFACES 3
flags 0 (0)
use curv 0
no sulc 0
no rigid align 0
mris->nsize 2
mris->hemisphere 1
randomSeed 0

000: dt: 0.0000, sse=1226996.6, rms=5.844
001: dt: 0.5000, sse=616937.1, rms=3.655 (37.458%)
002: dt: 0.5000, sse=444635.3, rms=2.725 (25.427%)
003: dt: 0.5000, sse=404929.7, rms=2.478 (9.093%)
004: dt: 0.5000, sse=386689.0, rms=2.335 (5.743%)
rms = 2.3975/2.3354, sse=397556.1/386689.0, time step reduction 1 of 3 to 0.250  0 1 1
   RMS increased, rejecting step
005: dt: 0.2500, sse=306565.2, rms=1.633 (30.094%)
006: dt: 0.2500, sse=277777.9, rms=1.271 (22.120%)
007: dt: 0.2500, sse=270914.9, rms=1.163 (8.496%)
rms = 1.1180/1.1634, sse=269646.0/270914.9, time step reduction 2 of 3 to 0.125  0 0 1
008: dt: 0.2500, sse=269646.0, rms=1.118 (3.900%)
rms = 1.0853/1.1180, sse=266204.8/269646.0, time step reduction 3 of 3 to 0.062  0 0 1
009: dt: 0.1250, sse=266204.8, rms=1.085 (2.931%)
  maximum number of reductions reached, breaking from loop
positioning took 1.0 minutes
Iteration 1 =========================================
n_averages=2, current_sigma=1
Computing target border values 
Entering MRIScomputeBorderValues_new(): 
  inside_hi   = 120.0000000;
  border_hi   = 108.7763290;
  border_low  =  68.0000000;
  outside_low =  58.3219910;
  outside_hi  = 108.7763290;
  sigma = 1;
  max_thickness = 10;
  step_size=0.5;
  STEP_SIZE=0.1;
  which = 1
  thresh = 0
  flags = 0
  CBVfindFirstPeakD1=0
  CBVfindFirstPeakD2=0
  nvertices=155752
  Gdiag_no=-1
  vno start=0, stop=155752
Replacing 255s with 0s
#SI# sigma=1 had to be increased for 97 vertices, nripped=9119
mean border=82.4, 66 (7) missing vertices, mean dist -0.2 [0.4 (%63.0)->0.2 (%37.0))]
%71 local maxima, %23 large gradients and % 0 min vals, 0 gradients ignored
nFirstPeakD1 0
MRIScomputeBorderValues_new() finished in 0.0136 min


Finding expansion regions
mean absolute distance = 0.35 +- 0.80
3097 vertices more than 2 sigmas from mean.
Averaging target values for 5 iterations...
Positioning Surface: tspring = 0.3, nspring = 0.3, spring = 0, niters = 100 l_repulse = 5, l_surf_repulse = 0, checktol = 0
Positioning pial surface
Entering MRISpositionSurface()
  max_mm = 0.3
  MAX_REDUCTIONS = 2, REDUCTION_PCT = 0.5
  parms->check_tol = 0, niterations = 100
tol=1.0e-04, sigma=1.0, host=dna02, nav=2, nbrs=2, l_repulse=5.000, l_tspring=0.300, l_nspring=0.300, l_intensity=0.200, l_curv=1.000
mom=0.00, dt=0.50
000: dt: 0.0000, sse=566409.5, rms=3.316
010: dt: 0.5000, sse=379886.6, rms=2.127 (35.848%)
011: dt: 0.5000, sse=355080.6, rms=1.958 (7.960%)
rms = 1.9428/1.9578, sse=350701.7/355080.6, time step reduction 1 of 3 to 0.250  0 0 1
012: dt: 0.5000, sse=350701.7, rms=1.943 (0.768%)
013: dt: 0.2500, sse=272878.8, rms=1.049 (46.001%)
014: dt: 0.2500, sse=264729.4, rms=0.911 (13.192%)
rms = 0.8898/0.9107, sse=264197.5/264729.4, time step reduction 2 of 3 to 0.125  0 0 1
015: dt: 0.2500, sse=264197.5, rms=0.890 (2.300%)
rms = 0.8621/0.8898, sse=262389.1/264197.5, time step reduction 3 of 3 to 0.062  0 0 1
016: dt: 0.1250, sse=262389.1, rms=0.862 (3.112%)
  maximum number of reductions reached, breaking from loop
positioning took 0.7 minutes
Iteration 2 =========================================
n_averages=1, current_sigma=0.5
Computing target border values 
Entering MRIScomputeBorderValues_new(): 
  inside_hi   = 120.0000000;
  border_hi   = 108.7763290;
  border_low  =  68.0000000;
  outside_low =  58.3219910;
  outside_hi  = 108.7763290;
  sigma = 0.5;
  max_thickness = 10;
  step_size=0.5;
  STEP_SIZE=0.1;
  which = 1
  thresh = 0
  flags = 0
  CBVfindFirstPeakD1=0
  CBVfindFirstPeakD2=0
  nvertices=155752
  Gdiag_no=-1
  vno start=0, stop=155752
Replacing 255s with 0s
#SI# sigma=0.5 had to be increased for 75 vertices, nripped=9119
mean border=83.8, 78 (2) missing vertices, mean dist -0.1 [0.3 (%62.6)->0.2 (%37.4))]
%76 local maxima, %18 large gradients and % 0 min vals, 0 gradients ignored
nFirstPeakD1 0
MRIScomputeBorderValues_new() finished in 0.0063 min


Finding expansion regions
mean absolute distance = 0.30 +- 0.63
3629 vertices more than 2 sigmas from mean.
Averaging target values for 5 iterations...
Positioning Surface: tspring = 0.3, nspring = 0.3, spring = 0, niters = 100 l_repulse = 5, l_surf_repulse = 0, checktol = 0
Positioning pial surface
Entering MRISpositionSurface()
  max_mm = 0.3
  MAX_REDUCTIONS = 2, REDUCTION_PCT = 0.5
  parms->check_tol = 0, niterations = 100
tol=1.0e-04, sigma=0.5, host=dna02, nav=1, nbrs=2, l_repulse=5.000, l_tspring=0.300, l_nspring=0.300, l_intensity=0.200, l_curv=1.000
mom=0.00, dt=0.50
000: dt: 0.0000, sse=404385.1, rms=2.394
017: dt: 0.5000, sse=327012.7, rms=1.741 (27.273%)
rms = 1.7918/1.7410, sse=331035.6/327012.7, time step reduction 1 of 3 to 0.250  0 1 1
   RMS increased, rejecting step
018: dt: 0.2500, sse=283700.1, rms=1.252 (28.067%)
019: dt: 0.2500, sse=265276.3, rms=0.966 (22.904%)
020: dt: 0.2500, sse=260713.5, rms=0.882 (8.634%)
rms = 0.8707/0.8822, sse=260068.2/260713.6, time step reduction 2 of 3 to 0.125  0 0 1
021: dt: 0.2500, sse=260068.2, rms=0.871 (1.296%)
rms = 0.8376/0.8707, sse=258395.4/260068.2, time step reduction 3 of 3 to 0.062  0 0 1
022: dt: 0.1250, sse=258395.4, rms=0.838 (3.803%)
  maximum number of reductions reached, breaking from loop
positioning took 0.6 minutes
Iteration 3 =========================================
n_averages=0, current_sigma=0.25
Computing target border values 
Entering MRIScomputeBorderValues_new(): 
  inside_hi   = 120.0000000;
  border_hi   = 108.7763290;
  border_low  =  68.0000000;
  outside_low =  58.3219910;
  outside_hi  = 108.7763290;
  sigma = 0.25;
  max_thickness = 10;
  step_size=0.5;
  STEP_SIZE=0.1;
  which = 1
  thresh = 0
  flags = 0
  CBVfindFirstPeakD1=0
  CBVfindFirstPeakD2=0
  nvertices=155752
  Gdiag_no=-1
  vno start=0, stop=155752
Replacing 255s with 0s
#SI# sigma=0.25 had to be increased for 55 vertices, nripped=9119
mean border=84.5, 98 (2) missing vertices, mean dist -0.1 [0.3 (%54.5)->0.2 (%45.5))]
%80 local maxima, %14 large gradients and % 0 min vals, 0 gradients ignored
nFirstPeakD1 0
MRIScomputeBorderValues_new() finished in 0.0043 min


Finding expansion regions
mean absolute distance = 0.28 +- 0.50
3605 vertices more than 2 sigmas from mean.
Averaging target values for 5 iterations...
Positioning Surface: tspring = 0.3, nspring = 0.3, spring = 0, niters = 100 l_repulse = 5, l_surf_repulse = 0, checktol = 0
Positioning pial surface
Entering MRISpositionSurface()
  max_mm = 0.3
  MAX_REDUCTIONS = 2, REDUCTION_PCT = 0.5
  parms->check_tol = 0, niterations = 100
tol=1.0e-04, sigma=0.2, host=dna02, nav=0, nbrs=2, l_repulse=5.000, l_tspring=0.300, l_nspring=0.300, l_intensity=0.200, l_curv=1.000
mom=0.00, dt=0.50
000: dt: 0.0000, sse=306524.9, rms=1.568
023: dt: 0.5000, sse=280831.8, rms=1.222 (22.103%)
rms = 1.3635/1.2216, sse=287781.4/280831.8, time step reduction 1 of 3 to 0.250  0 1 1
   RMS increased, rejecting step
024: dt: 0.2500, sse=258086.9, rms=0.877 (28.214%)
025: dt: 0.2500, sse=250241.8, rms=0.734 (16.298%)
026: dt: 0.2500, sse=246547.3, rms=0.668 (8.936%)
rms = 0.6821/0.6684, sse=247572.4/246547.3, time step reduction 2 of 3 to 0.125  0 1 1
   RMS increased, rejecting step
rms = 0.6536/0.6684, sse=245869.5/246547.3, time step reduction 3 of 3 to 0.062  0 0 1
027: dt: 0.1250, sse=245869.5, rms=0.654 (2.223%)
  maximum number of reductions reached, breaking from loop
positioning took 0.6 minutes


Writing output to ../surf/rh.white
#ET# mris_place_surface  3.04 minutes
#VMPC# mris_place_surfaces VmPeak  3214188
mris_place_surface done
#--------------------------------------------
#@# T1PialSurf rh Sat Mar 14 01:00:53 CET 2026
cd /out/sourcedata/freesurfer/sub-v2s7x29660_ses-1/mri
mris_place_surface --adgws-in ../surf/autodet.gw.stats.rh.dat --seg aseg.presurf.mgz --threads 16 --wm wm.mgz --invol brain.finalsurfs.mgz --rh --i ../surf/rh.white --o ../surf/rh.pial.T1 --pial --nsmooth 0 --rip-label ../label/rh.cortex+hipamyg.label --pin-medial-wall ../label/rh.cortex.label --aparc ../label/rh.aparc.annot --repulse-surf ../surf/rh.white --white-surf ../surf/rh.white
7.3.2
7.3.2

cd /out/sourcedata/freesurfer/sub-v2s7x29660_ses-1/mri
setenv SUBJECTS_DIR /out/sourcedata/freesurfer
mris_place_surface --adgws-in ../surf/autodet.gw.stats.rh.dat --seg aseg.presurf.mgz --threads 16 --wm wm.mgz --invol brain.finalsurfs.mgz --rh --i ../surf/rh.white --o ../surf/rh.pial.T1 --pial --nsmooth 0 --rip-label ../label/rh.cortex+hipamyg.label --pin-medial-wall ../label/rh.cortex.label --aparc ../label/rh.aparc.annot --repulse-surf ../surf/rh.white --white-surf ../surf/rh.white 

Reading in input surface ../surf/rh.white
Not smoothing input surface
Area    311500  0.34841  0.12642 0.000097   2.0906
Corner  934500 60.00000 13.67556 0.651821 175.7118
Edge    467250  0.90736  0.20485 0.024241   3.0768
Hinge   467250  9.06589  9.73618 0.000033 179.8843
Reading white surface coordinates from ../surf/rh.white
Reading repulsion surface coordinates from ../surf/rh.white
Reading in aparc ../label/rh.aparc.annot
Reading in input volume brain.finalsurfs.mgz
Reading in wm volume wm.mgz
MRIclipBrightWM(): nthresh=13069, wmmin=5, clip=110 
MRIfindBrightNonWM(): 22 bright non-wm voxels segmented.
Masking bright non-wm for pial surface mid_gray = 66.0948
MRImask(): AllowDiffGeom = 1
MRImask(): AllowDiffGeom = 1
MRImask(): AllowDiffGeom = 1
Reading in seg volume aseg.presurf.mgz
Ripping frozen voxels
Ripping vertices not in label ../label/rh.cortex+hipamyg.label
MRISripNotLabel() ripped 6648/155752 vertices (149104 unripped)
INFO: rip surface needed but not specified, so using input surface
Ripping segs (eg, WMSA, BG, frozen)
Starting MRISripSegs() d = (-2 2 0.5) segnos: 247 
MRISripSegs(): -2 2 0.5 ripped 0
vertex 77876: xyz = (5.50368,1.02541,29.059) oxyz = (5.50368,1.02541,29.059) wxzy = (5.50368,1.02541,29.059) pxyz = (5.50368,1.02541,29.059) 
CBVO Creating mask 155752
n_averages 16
Iteration 0 =========================================
n_averages=16, current_sigma=2
Computing target border values 
Entering MRIScomputeBorderValues_new(): 
  inside_hi   =  93.2236710;
  border_hi   =  58.3219910;
  border_low  =  38.9659690;
  outside_low =  10.0000000;
  outside_hi  =  53.4829860;
  sigma = 2;
  max_thickness = 10;
  step_size=0.5;
  STEP_SIZE=0.1;
  which = 2
  thresh = 0
  flags = 0
  CBVfindFirstPeakD1=0
  CBVfindFirstPeakD2=0
  nvertices=155752
  Gdiag_no=-1
  vno start=0, stop=155752
Replacing 255s with 0s
#SI# sigma=2 had to be increased for 122 vertices, nripped=6648
mean border=56.9, 124 (124) missing vertices, mean dist 1.5 [4.0 (%0.0)->2.8 (%100.0))]
%15 local maxima, %39 large gradients and %42 min vals, 0 gradients ignored
nFirstPeakD1 0
MRIScomputeBorderValues_new() finished in 0.0141 min


Averaging target values for 5 iterations...
Positioning Surface: tspring = 0.3, nspring = 0.3, spring = 0, niters = 100 l_repulse = 0, l_surf_repulse = 5, checktol = 0
Positioning pial surface
Entering MRISpositionSurface()
  max_mm = 0.3
  MAX_REDUCTIONS = 2, REDUCTION_PCT = 0.5
  parms->check_tol = 0, niterations = 100
tol=1.0e-04, sigma=2.0, host=dna02, nav=16, nbrs=2, l_surf_repulse=5.000, l_tspring=0.300, l_nspring=0.300, l_intensity=0.200, l_curv=1.000
mom=0.00, dt=0.50
complete_dist_mat 0
rms 0
smooth_averages 0
remove_neg 0
ico_order 0
which_surface 0
target_radius 0.000000
nfields 0
scale 0.000000
desired_rms_height 0.000000
momentum 0.000000
nbhd_size 0
max_nbrs 0
niterations 100
nsurfaces 0
SURFACES 3
flags 0 (0)
use curv 0
no sulc 0
no rigid align 0
mris->nsize 2
mris->hemisphere 1
randomSeed 0

000: dt: 0.0000, sse=24047352.0, rms=28.273
001: dt: 0.5000, sse=16894980.0, rms=23.649 (16.354%)
002: dt: 0.5000, sse=11521638.0, rms=19.465 (17.694%)
003: dt: 0.5000, sse=7784415.5, rms=15.917 (18.228%)
004: dt: 0.5000, sse=5383564.5, rms=13.139 (17.450%)
005: dt: 0.5000, sse=3880324.0, rms=11.048 (15.916%)
006: dt: 0.5000, sse=2894130.0, rms=9.425 (14.691%)
007: dt: 0.5000, sse=2214528.0, rms=8.117 (13.873%)
008: dt: 0.5000, sse=1738193.5, rms=7.056 (13.078%)
009: dt: 0.5000, sse=1397098.4, rms=6.183 (12.367%)
010: dt: 0.5000, sse=1163289.5, rms=5.504 (10.991%)
011: dt: 0.5000, sse=997970.6, rms=4.966 (9.767%)
012: dt: 0.5000, sse=891311.4, rms=4.584 (7.695%)
013: dt: 0.5000, sse=819050.5, rms=4.305 (6.088%)
014: dt: 0.5000, sse=772783.8, rms=4.114 (4.430%)
015: dt: 0.5000, sse=731372.5, rms=3.936 (4.333%)
016: dt: 0.5000, sse=700434.2, rms=3.796 (3.554%)
017: dt: 0.5000, sse=670290.1, rms=3.655 (3.712%)
018: dt: 0.5000, sse=653017.9, rms=3.570 (2.333%)
019: dt: 0.5000, sse=633010.2, rms=3.470 (2.788%)
rms = 3.4469/3.4703, sse=629101.8/633010.3, time step reduction 1 of 3 to 0.250  0 0 1
020: dt: 0.5000, sse=629101.8, rms=3.447 (0.675%)
021: dt: 0.2500, sse=542379.1, rms=2.975 (13.686%)
022: dt: 0.2500, sse=528376.5, rms=2.892 (2.803%)
rms = 2.8718/2.8918, sse=525386.5/528376.5, time step reduction 2 of 3 to 0.125  0 0 1
023: dt: 0.2500, sse=525386.6, rms=2.872 (0.689%)
024: dt: 0.1250, sse=514194.9, rms=2.803 (2.413%)
rms = 2.7784/2.8026, sse=510399.7/514194.9, time step reduction 3 of 3 to 0.062  0 0 1
025: dt: 0.1250, sse=510399.7, rms=2.778 (0.861%)
  maximum number of reductions reached, breaking from loop
positioning took 2.2 minutes
Iteration 1 =========================================
n_averages=8, current_sigma=1
Computing target border values 
Entering MRIScomputeBorderValues_new(): 
  inside_hi   =  93.2236710;
  border_hi   =  58.3219910;
  border_low  =  38.9659690;
  outside_low =  10.0000000;
  outside_hi  =  53.4829860;
  sigma = 1;
  max_thickness = 10;
  step_size=0.5;
  STEP_SIZE=0.1;
  which = 2
  thresh = 0
  flags = 0
  CBVfindFirstPeakD1=0
  CBVfindFirstPeakD2=0
  nvertices=155752
  Gdiag_no=-1
  vno start=0, stop=155752
Replacing 255s with 0s
#SI# sigma=1 had to be increased for 11331 vertices, nripped=6648
mean border=55.7, 1705 (49) missing vertices, mean dist 0.2 [0.2 (%48.6)->0.7 (%51.4))]
%22 local maxima, %37 large gradients and %36 min vals, 0 gradients ignored
nFirstPeakD1 0
MRIScomputeBorderValues_new() finished in 0.0051 min


Averaging target values for 5 iterations...
Positioning Surface: tspring = 0.3, nspring = 0.3, spring = 0, niters = 100 l_repulse = 0, l_surf_repulse = 5, checktol = 0
Positioning pial surface
Entering MRISpositionSurface()
  max_mm = 0.3
  MAX_REDUCTIONS = 2, REDUCTION_PCT = 0.5
  parms->check_tol = 0, niterations = 100
tol=1.0e-04, sigma=1.0, host=dna02, nav=8, nbrs=2, l_surf_repulse=5.000, l_tspring=0.300, l_nspring=0.300, l_intensity=0.200, l_curv=1.000
mom=0.00, dt=0.50
000: dt: 0.0000, sse=707307.2, rms=3.594
026: dt: 0.5000, sse=647999.2, rms=3.303 (8.101%)
027: dt: 0.5000, sse=623901.1, rms=3.186 (3.523%)
rms = 3.2848/3.1863, sse=643064.9/623901.0, time step reduction 1 of 3 to 0.250  0 1 1
   RMS increased, rejecting step
028: dt: 0.2500, sse=568799.6, rms=2.872 (9.856%)
029: dt: 0.2500, sse=554139.0, rms=2.779 (3.245%)
rms = 2.7700/2.7790, sse=552936.1/554139.0, time step reduction 2 of 3 to 0.125  0 0 1
030: dt: 0.2500, sse=552936.1, rms=2.770 (0.324%)
031: dt: 0.1250, sse=538428.6, rms=2.678 (3.328%)
rms = 2.6519/2.6778, sse=534476.9/538428.6, time step reduction 3 of 3 to 0.062  0 0 1
032: dt: 0.1250, sse=534476.9, rms=2.652 (0.969%)
  maximum number of reductions reached, breaking from loop
positioning took 0.6 minutes
Iteration 2 =========================================
n_averages=4, current_sigma=0.5
Computing target border values 
Entering MRIScomputeBorderValues_new(): 
  inside_hi   =  93.2236710;
  border_hi   =  58.3219910;
  border_low  =  38.9659690;
  outside_low =  10.0000000;
  outside_hi  =  53.4829860;
  sigma = 0.5;
  max_thickness = 10;
  step_size=0.5;
  STEP_SIZE=0.1;
  which = 2
  thresh = 0
  flags = 0
  CBVfindFirstPeakD1=0
  CBVfindFirstPeakD2=0
  nvertices=155752
  Gdiag_no=-1
  vno start=0, stop=155752
Replacing 255s with 0s
#SI# sigma=0.5 had to be increased for 13831 vertices, nripped=6648
mean border=55.3, 2451 (35) missing vertices, mean dist 0.1 [0.2 (%50.4)->0.6 (%49.6))]
%28 local maxima, %30 large gradients and %36 min vals, 0 gradients ignored
nFirstPeakD1 0
MRIScomputeBorderValues_new() finished in 0.0033 min


Averaging target values for 5 iterations...
Positioning Surface: tspring = 0.3, nspring = 0.3, spring = 0, niters = 100 l_repulse = 0, l_surf_repulse = 5, checktol = 0
Positioning pial surface
Entering MRISpositionSurface()
  max_mm = 0.3
  MAX_REDUCTIONS = 2, REDUCTION_PCT = 0.5
  parms->check_tol = 0, niterations = 100
tol=1.0e-04, sigma=0.5, host=dna02, nav=4, nbrs=2, l_surf_repulse=5.000, l_tspring=0.300, l_nspring=0.300, l_intensity=0.200, l_curv=1.000
mom=0.00, dt=0.50
000: dt: 0.0000, sse=572731.9, rms=2.858
rms = 3.0365/2.8584, sse=603596.3/572731.9, time step reduction 1 of 3 to 0.250  0 1 1
   RMS increased, rejecting step
033: dt: 0.2500, sse=548841.2, rms=2.713 (5.097%)
rms = 2.6636/2.7127, sse=540995.4/548841.3, time step reduction 2 of 3 to 0.125  0 0 1
034: dt: 0.2500, sse=540995.4, rms=2.664 (1.812%)
rms = 2.6277/2.6636, sse=535639.5/540995.4, time step reduction 3 of 3 to 0.062  0 0 1
035: dt: 0.1250, sse=535639.5, rms=2.628 (1.348%)
  maximum number of reductions reached, breaking from loop
positioning took 0.3 minutes
Iteration 3 =========================================
n_averages=2, current_sigma=0.25
Computing target border values 
Entering MRIScomputeBorderValues_new(): 
  inside_hi   =  93.2236710;
  border_hi   =  58.3219910;
  border_low  =  38.9659690;
  outside_low =  10.0000000;
  outside_hi  =  53.4829860;
  sigma = 0.25;
  max_thickness = 10;
  step_size=0.5;
  STEP_SIZE=0.1;
  which = 2
  thresh = 0
  flags = 0
  CBVfindFirstPeakD1=0
  CBVfindFirstPeakD2=0
  nvertices=155752
  Gdiag_no=-1
  vno start=0, stop=155752
Replacing 255s with 0s
#SI# sigma=0.25 had to be increased for 11768 vertices, nripped=6648
mean border=54.8, 5898 (30) missing vertices, mean dist 0.1 [0.2 (%49.5)->0.5 (%50.5))]
%33 local maxima, %25 large gradients and %34 min vals, 0 gradients ignored
nFirstPeakD1 0
MRIScomputeBorderValues_new() finished in 0.0021 min


Averaging target values for 5 iterations...
Positioning Surface: tspring = 0.3, nspring = 0.3, spring = 0, niters = 100 l_repulse = 0, l_surf_repulse = 5, checktol = 0
Positioning pial surface
Entering MRISpositionSurface()
  max_mm = 0.3
  MAX_REDUCTIONS = 2, REDUCTION_PCT = 0.5
  parms->check_tol = 0, niterations = 100
tol=1.0e-04, sigma=0.2, host=dna02, nav=2, nbrs=2, l_surf_repulse=5.000, l_tspring=0.300, l_nspring=0.300, l_intensity=0.200, l_curv=1.000
mom=0.00, dt=0.50
000: dt: 0.0000, sse=558859.4, rms=2.771
rms = 2.8778/2.7705, sse=575337.7/558859.4, time step reduction 1 of 3 to 0.250  0 1 1
   RMS increased, rejecting step
036: dt: 0.2500, sse=539720.5, rms=2.652 (4.291%)
037: dt: 0.2500, sse=528506.6, rms=2.583 (2.587%)
rms = 2.6281/2.5830, sse=535039.4/528506.6, time step reduction 2 of 3 to 0.125  0 1 1
   RMS increased, rejecting step
rms = 2.5581/2.5830, sse=524740.5/528506.6, time step reduction 3 of 3 to 0.062  0 0 1
038: dt: 0.1250, sse=524740.5, rms=2.558 (0.966%)
  maximum number of reductions reached, breaking from loop
positioning took 0.3 minutes
Pinning medial wall to white surface
removing intersecting faces
000: 5 intersecting
001: 2 intersecting
terminating search with 0 intersecting


Writing output to ../surf/rh.pial.T1
#ET# mris_place_surface  3.64 minutes
#VMPC# mris_place_surfaces VmPeak  2503572
mris_place_surface done
#@# white curv rh Sat Mar 14 01:04:38 CET 2026
cd /out/sourcedata/freesurfer/sub-v2s7x29660_ses-1/mri
mris_place_surface --curv-map ../surf/rh.white 2 10 ../surf/rh.curv
insurf  ../surf/rh.white, nbrs 2, curvature_avgs 10
writing curvature file ../surf/rh.curv
#@# white area rh Sat Mar 14 01:04:40 CET 2026
cd /out/sourcedata/freesurfer/sub-v2s7x29660_ses-1/mri
mris_place_surface --area-map ../surf/rh.white ../surf/rh.area
writing curvature file ../surf/rh.area
#@# pial curv rh Sat Mar 14 01:04:41 CET 2026
cd /out/sourcedata/freesurfer/sub-v2s7x29660_ses-1/mri
mris_place_surface --curv-map ../surf/rh.pial 2 10 ../surf/rh.curv.pial
insurf  ../surf/rh.pial, nbrs 2, curvature_avgs 10
writing curvature file ../surf/rh.curv.pial
#@# pial area rh Sat Mar 14 01:04:43 CET 2026
cd /out/sourcedata/freesurfer/sub-v2s7x29660_ses-1/mri
mris_place_surface --area-map ../surf/rh.pial ../surf/rh.area.pial
writing curvature file ../surf/rh.area.pial
#@# thickness rh Sat Mar 14 01:04:44 CET 2026
cd /out/sourcedata/freesurfer/sub-v2s7x29660_ses-1/mri
mris_place_surface --thickness ../surf/rh.white ../surf/rh.pial 20 5 ../surf/rh.thickness
0 of 155752 vertices processed
25000 of 155752 vertices processed
50000 of 155752 vertices processed
75000 of 155752 vertices processed
100000 of 155752 vertices processed
125000 of 155752 vertices processed
150000 of 155752 vertices processed
0 of 155752 vertices processed
25000 of 155752 vertices processed
50000 of 155752 vertices processed
75000 of 155752 vertices processed
100000 of 155752 vertices processed
125000 of 155752 vertices processed
150000 of 155752 vertices processed
thickness calculation complete, 449:1671 truncations.
78697 vertices at 0 distance
127917 vertices at 1 distance
61947 vertices at 2 distance
24777 vertices at 3 distance
10339 vertices at 4 distance
4263 vertices at 5 distance
1812 vertices at 6 distance
780 vertices at 7 distance
348 vertices at 8 distance
179 vertices at 9 distance
106 vertices at 10 distance
82 vertices at 11 distance
44 vertices at 12 distance
27 vertices at 13 distance
36 vertices at 14 distance
25 vertices at 15 distance
26 vertices at 16 distance
34 vertices at 17 distance
21 vertices at 18 distance
11 vertices at 19 distance
33 vertices at 20 distance
writing curvature file ../surf/rh.thickness
#@# area and vertex vol rh Sat Mar 14 01:05:17 CET 2026
cd /out/sourcedata/freesurfer/sub-v2s7x29660_ses-1/mri
mris_place_surface --thickness ../surf/rh.white ../surf/rh.pial 20 5 ../surf/rh.thickness
/out/sourcedata/freesurfer/sub-v2s7x29660_ses-1/surf
mris_calc -o rh.area.mid rh.area add rh.area.pial
Saving result to 'rh.area.mid' (type = MRI_CURV_FILE)                       [ ok ]
mris_calc -o rh.area.mid rh.area.mid div 2
Saving result to 'rh.area.mid' (type = MRI_CURV_FILE)                       [ ok ]
mris_convert --volume sub-v2s7x29660_ses-1 rh /out/sourcedata/freesurfer/sub-v2s7x29660_ses-1/surf/rh.volume
masking with /out/sourcedata/freesurfer/sub-v2s7x29660_ses-1/label/rh.cortex.label
Total face volume 262936
Total vertex volume 262696 (mask=0)
#@# sub-v2s7x29660_ses-1 rh 262696
 
vertexvol Done

#-----------------------------------------
#@# Curvature Stats rh Sat Mar 14 01:05:18 CET 2026
/out/sourcedata/freesurfer/sub-v2s7x29660_ses-1/surf

 mris_curvature_stats -m --writeCurvatureFiles -G -o ../stats/rh.curv.stats -F smoothwm sub-v2s7x29660_ses-1 rh curv sulc 

             Toggling save flag on curvature files                       [ ok ]
                 Outputting results using filestem   [ ../stats/rh.curv.stats ]
             Toggling save flag on curvature files                       [ ok ]
                                   Setting surface [ sub-v2s7x29660_ses-1/rh.smoothwm ]
                                Reading surface...                       [ ok ]
                                   Setting texture                     [ curv ]
                                Reading texture...                       [ ok ]
                                   Setting texture                     [ sulc ]
                                Reading texture...Gb_filter = 0
                       [ ok ]
      Calculating Discrete Principal Curvatures...
      Determining geometric order for vno faces... [####################] [ ok ]
                      Determining KH curvatures... [####################] [ ok ]
                    Determining k1k2 curvatures... [####################] [ ok ]
                                   deltaViolations                      [ 251 ]
Gb_filter = 0
#-----------------------------------------
#@# Cortical Parc 2 rh Sat Mar 14 01:05:21 CET 2026
/out/sourcedata/freesurfer/sub-v2s7x29660_ses-1/scripts

 mris_ca_label -l ../label/rh.cortex.label -aseg ../mri/aseg.presurf.mgz -seed 1234 sub-v2s7x29660_ses-1 rh ../surf/rh.sphere.reg /opt/freesurfer/average/rh.CDaparc.atlas.acfb40.noaparc.i12.2016-08-02.gcs ../label/rh.aparc.a2009s.annot 

setting seed for random number generator to 1234
using ../mri/aseg.presurf.mgz aseg volume to correct midline
7.3.2
  7.3.2
reading atlas from /opt/freesurfer/average/rh.CDaparc.atlas.acfb40.noaparc.i12.2016-08-02.gcs...
reading color table from GCSA file....
average std = 1.4   using min determinant for regularization = 0.021
0 singular and 0 ill-conditioned covariance matrices regularized
input 0: MEAN CURVATURE, flags 0, avgs 5, name mean_curvature
labeling surface...
18 labels changed using aseg
relabeling using gibbs priors...
000:  10109 changed, 155752 examined...
001:   2338 changed, 39702 examined...
002:    700 changed, 12472 examined...
003:    299 changed, 4071 examined...
004:    139 changed, 1764 examined...
005:     66 changed, 797 examined...
006:     31 changed, 384 examined...
007:     16 changed, 194 examined...
008:      8 changed, 97 examined...
009:      4 changed, 54 examined...
010:      3 changed, 21 examined...
011:      1 changed, 17 examined...
012:      0 changed, 8 examined...
8 labels changed using aseg
000: 268 total segments, 178 labels (1955 vertices) changed
001: 97 total segments, 7 labels (19 vertices) changed
002: 90 total segments, 0 labels (0 vertices) changed
10 filter iterations complete (10 requested, 49 changed)
rationalizing unknown annotations with cortex label
relabeling Medial_wall label...
1212 vertices marked for relabeling...
1212 labels changed in reclassification.
writing output to ../label/rh.aparc.a2009s.annot...
classification took 0 minutes and 14 seconds.
#-----------------------------------------
#@# Cortical Parc 3 rh Sat Mar 14 01:05:36 CET 2026
/out/sourcedata/freesurfer/sub-v2s7x29660_ses-1/scripts

 mris_ca_label -l ../label/rh.cortex.label -aseg ../mri/aseg.presurf.mgz -seed 1234 sub-v2s7x29660_ses-1 rh ../surf/rh.sphere.reg /opt/freesurfer/average/rh.DKTaparc.atlas.acfb40.noaparc.i12.2016-08-02.gcs ../label/rh.aparc.DKTatlas.annot 

setting seed for random number generator to 1234
using ../mri/aseg.presurf.mgz aseg volume to correct midline
7.3.2
  7.3.2
reading atlas from /opt/freesurfer/average/rh.DKTaparc.atlas.acfb40.noaparc.i12.2016-08-02.gcs...
reading color table from GCSA file....
average std = 0.9   using min determinant for regularization = 0.009
0 singular and 325 ill-conditioned covariance matrices regularized
input 0: MEAN CURVATURE, flags 0, avgs 5, name mean_curvature
labeling surface...
1781 labels changed using aseg
relabeling using gibbs priors...
000:   2309 changed, 155752 examined...
001:    505 changed, 10531 examined...
002:    126 changed, 2913 examined...
003:     58 changed, 745 examined...
004:     23 changed, 315 examined...
005:     13 changed, 145 examined...
006:      8 changed, 80 examined...
007:      7 changed, 35 examined...
008:      4 changed, 33 examined...
009:      4 changed, 28 examined...
010:      3 changed, 23 examined...
011:      4 changed, 16 examined...
012:      5 changed, 21 examined...
013:      8 changed, 21 examined...
014:      6 changed, 36 examined...
015:      4 changed, 30 examined...
016:      3 changed, 26 examined...
017:      3 changed, 18 examined...
018:      3 changed, 18 examined...
019:      4 changed, 20 examined...
020:      1 changed, 19 examined...
021:      1 changed, 8 examined...
022:      1 changed, 7 examined...
023:      1 changed, 7 examined...
024:      0 changed, 8 examined...
275 labels changed using aseg
000: 60 total segments, 27 labels (103 vertices) changed
001: 33 total segments, 0 labels (0 vertices) changed
10 filter iterations complete (10 requested, 7 changed)
rationalizing unknown annotations with cortex label
relabeling unknown label...
relabeling corpuscallosum label...
982 vertices marked for relabeling...
982 labels changed in reclassification.
writing output to ../label/rh.aparc.DKTatlas.annot...
classification took 0 minutes and 11 seconds.
#-----------------------------------------
#@# WM/GM Contrast rh Sat Mar 14 01:05:47 CET 2026
/out/sourcedata/freesurfer/sub-v2s7x29660_ses-1/scripts

 pctsurfcon --s sub-v2s7x29660_ses-1 --rh-only 

Log file is /out/sourcedata/freesurfer/sub-v2s7x29660_ses-1/scripts/pctsurfcon.log
Sat Mar 14 01:05:47 CET 2026
setenv SUBJECTS_DIR /out/sourcedata/freesurfer
cd /out/sourcedata/freesurfer/sub-v2s7x29660_ses-1/scripts
/opt/freesurfer/bin/pctsurfcon
pctsurfcon 7.3.2
Linux dna020 5.14.0-427.37.1.el9_4.x86_64 #1 SMP PREEMPT_DYNAMIC Fri Sep 13 12:41:50 EDT 2024 x86_64 x86_64 x86_64 GNU/Linux
FREESURFER_HOME /opt/freesurfer
mri_vol2surf --mov /out/sourcedata/freesurfer/sub-v2s7x29660_ses-1/mri/rawavg.mgz --hemi rh --noreshape --interp trilinear --projdist -1 --o /out/sourcedata/freesurfer/sub-v2s7x29660_ses-1/surf/tmp.pctsurfcon.1224559/rh.wm.mgh --regheader sub-v2s7x29660_ses-1 --cortex
srcvol = /out/sourcedata/freesurfer/sub-v2s7x29660_ses-1/mri/rawavg.mgz
srcreg unspecified
srcregold = 0
srcwarp unspecified
surf = white
hemi = rh
ProjDist = -1
reshape = 0
interp = trilinear
float2int = round
GetProjMax = 0
INFO: float2int code = 0
Done loading volume
Computing registration from header.
  Using /out/sourcedata/freesurfer/sub-v2s7x29660_ses-1/mri/orig.mgz as target reference.
-------- original matrix -----------
-1.00000   0.00000   0.00000  -0.00003;
 0.00000   0.00000   1.00000  -0.00002;
 0.00000  -1.00000   0.00000  -0.00001;
 0.00000   0.00000   0.00000   1.00000;
-------- original matrix -----------
Loading label /out/sourcedata/freesurfer/sub-v2s7x29660_ses-1/label/rh.cortex.label
Reading surface /out/sourcedata/freesurfer/sub-v2s7x29660_ses-1/surf/rh.white
Done reading source surface
Mapping Source Volume onto Source Subject Surface
Projecting -1 -1 1
 1 -1 -1 -1
using old
Done mapping volume to surface
Number of source voxels hit = 89622
Masking with /out/sourcedata/freesurfer/sub-v2s7x29660_ses-1/label/rh.cortex.label
Writing to /out/sourcedata/freesurfer/sub-v2s7x29660_ses-1/surf/tmp.pctsurfcon.1224559/rh.wm.mgh
Dim: 155752 1 1
mri_vol2surf --mov /out/sourcedata/freesurfer/sub-v2s7x29660_ses-1/mri/rawavg.mgz --hemi rh --noreshape --interp trilinear --o /out/sourcedata/freesurfer/sub-v2s7x29660_ses-1/surf/tmp.pctsurfcon.1224559/rh.gm.mgh --projfrac 0.3 --regheader sub-v2s7x29660_ses-1 --cortex
srcvol = /out/sourcedata/freesurfer/sub-v2s7x29660_ses-1/mri/rawavg.mgz
srcreg unspecified
srcregold = 0
srcwarp unspecified
surf = white
hemi = rh
ProjFrac = 0.3
thickness = thickness
reshape = 0
interp = trilinear
float2int = round
GetProjMax = 0
INFO: float2int code = 0
Done loading volume
Computing registration from header.
  Using /out/sourcedata/freesurfer/sub-v2s7x29660_ses-1/mri/orig.mgz as target reference.
-------- original matrix -----------
-1.00000   0.00000   0.00000  -0.00003;
 0.00000   0.00000   1.00000  -0.00002;
 0.00000  -1.00000   0.00000  -0.00001;
 0.00000   0.00000   0.00000   1.00000;
-------- original matrix -----------
Loading label /out/sourcedata/freesurfer/sub-v2s7x29660_ses-1/label/rh.cortex.label
Reading surface /out/sourcedata/freesurfer/sub-v2s7x29660_ses-1/surf/rh.white
Done reading source surface
Reading thickness /out/sourcedata/freesurfer/sub-v2s7x29660_ses-1/surf/rh.thickness
Done
Mapping Source Volume onto Source Subject Surface
Projecting 0.3 0.3 1
 1 0.3 0.3 0.3
using old
Done mapping volume to surface
Number of source voxels hit = 98915
Masking with /out/sourcedata/freesurfer/sub-v2s7x29660_ses-1/label/rh.cortex.label
Writing to /out/sourcedata/freesurfer/sub-v2s7x29660_ses-1/surf/tmp.pctsurfcon.1224559/rh.gm.mgh
Dim: 155752 1 1
mri_concat /out/sourcedata/freesurfer/sub-v2s7x29660_ses-1/surf/tmp.pctsurfcon.1224559/rh.wm.mgh /out/sourcedata/freesurfer/sub-v2s7x29660_ses-1/surf/tmp.pctsurfcon.1224559/rh.gm.mgh --paired-diff-norm --mul 100 --o /out/sourcedata/freesurfer/sub-v2s7x29660_ses-1/surf/rh.w-g.pct.mgh
ninputs = 2
Checking inputs
nframestot = 2
Allocing output
Done allocing
Combining pairs
nframes = 1
Multiplying by 100.000000
Writing to /out/sourcedata/freesurfer/sub-v2s7x29660_ses-1/surf/rh.w-g.pct.mgh
mri_segstats --in /out/sourcedata/freesurfer/sub-v2s7x29660_ses-1/surf/rh.w-g.pct.mgh --annot sub-v2s7x29660_ses-1 rh aparc --sum /out/sourcedata/freesurfer/sub-v2s7x29660_ses-1/stats/rh.w-g.pct.stats --snr

7.3.2
cwd 
cmdline mri_segstats --in /out/sourcedata/freesurfer/sub-v2s7x29660_ses-1/surf/rh.w-g.pct.mgh --annot sub-v2s7x29660_ses-1 rh aparc --sum /out/sourcedata/freesurfer/sub-v2s7x29660_ses-1/stats/rh.w-g.pct.stats --snr 
sysname  Linux
hostname dna020
machine  x86_64
user     oesteban
whitesurfname  white
UseRobust  0
Constructing seg from annotation

Reading annotation /out/sourcedata/freesurfer/sub-v2s7x29660_ses-1/label/rh.aparc.annot
Seg base 2000
Loading /out/sourcedata/freesurfer/sub-v2s7x29660_ses-1/surf/rh.w-g.pct.mgh
Vertex Area is 0.69681 mm^3
Generating list of segmentation ids
Found  36 segmentations
Computing statistics for each segmentation

Reporting on  35 segmentations
Using PrintSegStat
mri_segstats done
Cleaning up

Started at Sat Mar 14 00:38:44 CET 2026 
Ended   at Sat Mar 14 01:05:50 CET 2026
#@#%# recon-all-run-time-hours 0.452
recon-all -s sub-v2s7x29660_ses-1 finished without error at Sat Mar 14 01:05:50 CET 2026



#New# invocation of recon-all 




Sat Mar 14 01:15:18 CET 2026
cd /out/sourcedata/freesurfer/sub-v2s7x29660_ses-1
setenv SUBJECTS_DIR /out/sourcedata/freesurfer
/opt/freesurfer/bin/recon-all -autorecon-hemi rh -nohyporelabel -rh-only -openmp 16 -subjid sub-v2s7x29660_ses-1 -sd /out/sourcedata/freesurfer -notessellate -nosmooth1 -noinflate1 -noqsphere -nofix -nowhite -nosmooth2 -noinflate2 -nocurvHK -nocurvstats -nosphere -nosurfreg -nojacobian_white -noavgcurv -nocortparc -nopial -nocortparc2 -nocortparc3 -nopctsurfcon

subjid sub-v2s7x29660_ses-1
setenv SUBJECTS_DIR /out/sourcedata/freesurfer
FREESURFER_HOME /opt/freesurfer
Actual FREESURFER_HOME /opt/freesurfer
build-stamp.txt: freesurfer-linux-ubuntu22_x86_64-7.3.2-20220804-6354275
Linux dna020 5.14.0-427.37.1.el9_4.x86_64 #1 SMP PREEMPT_DYNAMIC Fri Sep 13 12:41:50 EDT 2024 x86_64 x86_64 x86_64 GNU/Linux
cputime      unlimited
filesize     unlimited
datasize     unlimited
stacksize    8192 kbytes
coredumpsize 0 kbytes
memoryuse    67108864 kbytes
vmemoryuse   unlimited
descriptors  1024 
memorylocked unlimited
maxproc      2061970 
maxlocks     unlimited
maxsignal    2061970 
maxmessage   819200 
maxnice      0 
maxrtprio    0 
maxrttime    unlimited

               total        used        free      shared  buff/cache   available
Mem:           503Gi        54Gi       308Gi        36Gi       140Gi       408Gi
Swap:             0B          0B          0B

########################################
program versions used
7.3.2 (freesurfer-linux-ubuntu22_x86_64-7.3.2-20220804-6354275)
7.3.2

ProgramName: lta_convert  ProgramArguments: lta_convert -all-info  ProgramVersion: 7.3.2  TimeStamp: 2026/03/14-00:15:18-GMT  BuildTime: Aug  4 2022 06:17:15  BuildStamp: freesurfer-linux-ubuntu22_x86_64-7.3.2-20220804-6354275  User: oesteban  Machine: dna020  Platform: Linux  PlatformVersion: 5.14.0-427.37.1.el9_4.x86_64  CompilerName: GCC  CompilerVersion: 8.4.0
ProgramName: mri_and  ProgramArguments: mri_and -all-info  ProgramVersion: 7.3.2  TimeStamp: 2026/03/14-00:15:18-GMT  BuildTime: Aug  4 2022 06:17:15  BuildStamp: freesurfer-linux-ubuntu22_x86_64-7.3.2-20220804-6354275  User: oesteban  Machine: dna020  Platform: Linux  PlatformVersion: 5.14.0-427.37.1.el9_4.x86_64  CompilerName: GCC  CompilerVersion: 8.4.0
ProgramName: mri_annotation2label  ProgramArguments: mri_annotation2label -all-info  ProgramVersion: 7.3.2  TimeStamp: 2026/03/14-00:15:18-GMT  BuildTime: Aug  4 2022 06:17:15  BuildStamp: freesurfer-linux-ubuntu22_x86_64-7.3.2-20220804-6354275  User: oesteban  Machine: dna020  Platform: Linux  PlatformVersion: 5.14.0-427.37.1.el9_4.x86_64  CompilerName: GCC  CompilerVersion: 8.4.0
ProgramName: mri_aparc2aseg  ProgramArguments: mri_aparc2aseg -all-info  ProgramVersion: 7.3.2  TimeStamp: 2026/03/14-00:15:18-GMT  BuildTime: Aug  4 2022 06:17:15  BuildStamp: freesurfer-linux-ubuntu22_x86_64-7.3.2-20220804-6354275  User: oesteban  Machine: dna020  Platform: Linux  PlatformVersion: 5.14.0-427.37.1.el9_4.x86_64  CompilerName: GCC  CompilerVersion: 8.4.0
ProgramName: mri_surf2volseg  ProgramArguments: mri_surf2volseg -all-info  ProgramVersion: 7.3.2  TimeStamp: 2026/03/14-00:15:18-GMT  BuildTime: Aug  4 2022 06:17:15  BuildStamp: freesurfer-linux-ubuntu22_x86_64-7.3.2-20220804-6354275  User: oesteban  Machine: dna020  Platform: Linux  PlatformVersion: 5.14.0-427.37.1.el9_4.x86_64  CompilerName: GCC  CompilerVersion: 8.4.0
ProgramName: mri_binarize  ProgramArguments: mri_binarize -all-info  ProgramVersion: 7.3.2  TimeStamp: 2026/03/14-00:15:18-GMT  BuildTime: Aug  4 2022 06:17:15  BuildStamp: freesurfer-linux-ubuntu22_x86_64-7.3.2-20220804-6354275  User: oesteban  Machine: dna020  Platform: Linux  PlatformVersion: 5.14.0-427.37.1.el9_4.x86_64  CompilerName: GCC  CompilerVersion: 8.4.0
ProgramName: mri_ca_label  ProgramArguments: mri_ca_label -all-info  ProgramVersion: 7.3.2  TimeStamp: 2026/03/14-00:15:18-GMT  BuildTime: Aug  4 2022 06:17:15  BuildStamp: freesurfer-linux-ubuntu22_x86_64-7.3.2-20220804-6354275  User: oesteban  Machine: dna020  Platform: Linux  PlatformVersion: 5.14.0-427.37.1.el9_4.x86_64  CompilerName: GCC  CompilerVersion: 8.4.0
ProgramName: mri_ca_normalize  ProgramArguments: mri_ca_normalize -all-info  ProgramVersion: 7.3.2  TimeStamp: 2026/03/14-00:15:18-GMT  BuildTime: Aug  4 2022 06:17:15  BuildStamp: freesurfer-linux-ubuntu22_x86_64-7.3.2-20220804-6354275  User: oesteban  Machine: dna020  Platform: Linux  PlatformVersion: 5.14.0-427.37.1.el9_4.x86_64  CompilerName: GCC  CompilerVersion: 8.4.0
ProgramName: mri_ca_register  ProgramArguments: mri_ca_register -all-info  ProgramVersion: 7.3.2  TimeStamp: 2026/03/14-00:15:18-GMT  BuildTime: Aug  4 2022 06:17:15  BuildStamp: freesurfer-linux-ubuntu22_x86_64-7.3.2-20220804-6354275  User: oesteban  Machine: dna020  Platform: Linux  PlatformVersion: 5.14.0-427.37.1.el9_4.x86_64  CompilerName: GCC  CompilerVersion: 8.4.0
ProgramName: mri_cc  ProgramArguments: mri_cc -all-info  ProgramVersion: 7.3.2  TimeStamp: 2026/03/14-00:15:18-GMT  BuildTime: Aug  4 2022 06:17:15  BuildStamp: freesurfer-linux-ubuntu22_x86_64-7.3.2-20220804-6354275  User: oesteban  Machine: dna020  Platform: Linux  PlatformVersion: 5.14.0-427.37.1.el9_4.x86_64  CompilerName: GCC  CompilerVersion: 8.4.0
ProgramName: mri_compute_overlap  ProgramArguments: mri_compute_overlap -all-info  ProgramVersion: 7.3.2  TimeStamp: 2026/03/14-00:15:18-GMT  BuildTime: Aug  4 2022 06:17:15  BuildStamp: freesurfer-linux-ubuntu22_x86_64-7.3.2-20220804-6354275  User: oesteban  Machine: dna020  Platform: Linux  PlatformVersion: 5.14.0-427.37.1.el9_4.x86_64  CompilerName: GCC  CompilerVersion: 8.4.0
ProgramName: mri_compute_seg_overlap  ProgramArguments: mri_compute_seg_overlap -all-info  ProgramVersion: 7.3.2  TimeStamp: 2026/03/14-00:15:18-GMT  BuildTime: Aug  4 2022 06:17:15  BuildStamp: freesurfer-linux-ubuntu22_x86_64-7.3.2-20220804-6354275  User: oesteban  Machine: dna020  Platform: Linux  PlatformVersion: 5.14.0-427.37.1.el9_4.x86_64  CompilerName: GCC  CompilerVersion: 8.4.0
ProgramName: mri_concat  ProgramArguments: mri_concat -all-info  ProgramVersion: 7.3.2  TimeStamp: 2026/03/14-00:15:18-GMT  BuildTime: Aug  4 2022 06:17:15  BuildStamp: freesurfer-linux-ubuntu22_x86_64-7.3.2-20220804-6354275  User: oesteban  Machine: dna020  Platform: Linux  PlatformVersion: 5.14.0-427.37.1.el9_4.x86_64  CompilerName: GCC  CompilerVersion: 8.4.0
ProgramName: mri_concatenate_lta  ProgramArguments: mri_concatenate_lta -all-info  ProgramVersion: 7.3.2  TimeStamp: 2026/03/14-00:15:18-GMT  BuildTime: Aug  4 2022 06:17:15  BuildStamp: freesurfer-linux-ubuntu22_x86_64-7.3.2-20220804-6354275  User: oesteban  Machine: dna020  Platform: Linux  PlatformVersion: 5.14.0-427.37.1.el9_4.x86_64  CompilerName: GCC  CompilerVersion: 8.4.0
mri_convert -all-info 
ProgramName: mri_convert  ProgramArguments: mri_convert -all-info  ProgramVersion: 7.3.2  TimeStamp: 2026/03/14-00:15:18-GMT  BuildTime: Aug  4 2022 06:17:15  BuildStamp: freesurfer-linux-ubuntu22_x86_64-7.3.2-20220804-6354275  User: oesteban  Machine: dna020  Platform: Linux  PlatformVersion: 5.14.0-427.37.1.el9_4.x86_64  CompilerName: GCC  CompilerVersion: 8.4.0
ProgramName: mri_diff  ProgramArguments: mri_diff -all-info  ProgramVersion: 7.3.2  TimeStamp: 2026/03/14-00:15:18-GMT  BuildTime: Aug  4 2022 06:17:15  BuildStamp: freesurfer-linux-ubuntu22_x86_64-7.3.2-20220804-6354275  User: oesteban  Machine: dna020  Platform: Linux  PlatformVersion: 5.14.0-427.37.1.el9_4.x86_64  CompilerName: GCC  CompilerVersion: 8.4.0
ProgramName: mri_edit_wm_with_aseg  ProgramArguments: mri_edit_wm_with_aseg -all-info  ProgramVersion: 7.3.2  TimeStamp: 2026/03/14-00:15:18-GMT  BuildTime: Aug  4 2022 06:17:15  BuildStamp: freesurfer-linux-ubuntu22_x86_64-7.3.2-20220804-6354275  User: oesteban  Machine: dna020  Platform: Linux  PlatformVersion: 5.14.0-427.37.1.el9_4.x86_64  CompilerName: GCC  CompilerVersion: 8.4.0
ProgramName: mri_em_register  ProgramArguments: mri_em_register -all-info  ProgramVersion: 7.3.2  TimeStamp: 2026/03/14-00:15:18-GMT  BuildTime: Aug  4 2022 06:17:15  BuildStamp: freesurfer-linux-ubuntu22_x86_64-7.3.2-20220804-6354275  User: oesteban  Machine: dna020  Platform: Linux  PlatformVersion: 5.14.0-427.37.1.el9_4.x86_64  CompilerName: GCC  CompilerVersion: 8.4.0
ProgramName: mri_fill  ProgramArguments: mri_fill -all-info  ProgramVersion: 7.3.2  TimeStamp: 2026/03/14-00:15:18-GMT  BuildTime: Aug  4 2022 06:17:15  BuildStamp: freesurfer-linux-ubuntu22_x86_64-7.3.2-20220804-6354275  User: oesteban  Machine: dna020  Platform: Linux  PlatformVersion: 5.14.0-427.37.1.el9_4.x86_64  CompilerName: GCC  CompilerVersion: 8.4.0
ProgramName: mri_fuse_segmentations  ProgramArguments: mri_fuse_segmentations -all-info  ProgramVersion: 7.3.2  TimeStamp: 2026/03/14-00:15:18-GMT  BuildTime: Aug  4 2022 06:17:15  BuildStamp: freesurfer-linux-ubuntu22_x86_64-7.3.2-20220804-6354275  User: oesteban  Machine: dna020  Platform: Linux  PlatformVersion: 5.14.0-427.37.1.el9_4.x86_64  CompilerName: GCC  CompilerVersion: 8.4.0
ProgramName: mri_fwhm  ProgramArguments: mri_fwhm -all-info  ProgramVersion: 7.3.2  TimeStamp: 2026/03/14-00:15:18-GMT  BuildTime: Aug  4 2022 06:17:15  BuildStamp: freesurfer-linux-ubuntu22_x86_64-7.3.2-20220804-6354275  User: oesteban  Machine: dna020  Platform: Linux  PlatformVersion: 5.14.0-427.37.1.el9_4.x86_64  CompilerName: GCC  CompilerVersion: 8.4.0
ProgramName: mri_gcut  ProgramArguments: mri_gcut -all-info  ProgramVersion: 7.3.2  TimeStamp: 2026/03/14-00:15:18-GMT  BuildTime: Aug  4 2022 06:17:15  BuildStamp: freesurfer-linux-ubuntu22_x86_64-7.3.2-20220804-6354275  User: oesteban  Machine: dna020  Platform: Linux  PlatformVersion: 5.14.0-427.37.1.el9_4.x86_64  CompilerName: GCC  CompilerVersion: 8.4.0
ProgramName: mri_info  ProgramArguments: mri_info -all-info  ProgramVersion: 7.3.2  TimeStamp: 2026/03/14-00:15:18-GMT  BuildTime: Aug  4 2022 06:17:15  BuildStamp: freesurfer-linux-ubuntu22_x86_64-7.3.2-20220804-6354275  User: oesteban  Machine: dna020  Platform: Linux  PlatformVersion: 5.14.0-427.37.1.el9_4.x86_64  CompilerName: GCC  CompilerVersion: 8.4.0
ProgramName: mri_label2label  ProgramArguments: mri_label2label -all-info  ProgramVersion: 7.3.2  TimeStamp: 2026/03/14-00:15:18-GMT  BuildTime: Aug  4 2022 06:17:15  BuildStamp: freesurfer-linux-ubuntu22_x86_64-7.3.2-20220804-6354275  User: oesteban  Machine: dna020  Platform: Linux  PlatformVersion: 5.14.0-427.37.1.el9_4.x86_64  CompilerName: GCC  CompilerVersion: 8.4.0
ProgramName: mri_label2vol  ProgramArguments: mri_label2vol -all-info  ProgramVersion: 7.3.2  TimeStamp: 2026/03/14-00:15:18-GMT  BuildTime: Aug  4 2022 06:17:15  BuildStamp: freesurfer-linux-ubuntu22_x86_64-7.3.2-20220804-6354275  User: oesteban  Machine: dna020  Platform: Linux  PlatformVersion: 5.14.0-427.37.1.el9_4.x86_64  CompilerName: GCC  CompilerVersion: 8.4.0
ProgramName: mri_log_likelihood  ProgramArguments: mri_log_likelihood -all-info  ProgramVersion: 7.3.2  TimeStamp: 2026/03/14-00:15:18-GMT  BuildTime: Aug  4 2022 06:17:15  BuildStamp: freesurfer-linux-ubuntu22_x86_64-7.3.2-20220804-6354275  User: oesteban  Machine: dna020  Platform: Linux  PlatformVersion: 5.14.0-427.37.1.el9_4.x86_64  CompilerName: GCC  CompilerVersion: 8.4.0
ProgramName: mri_mask  ProgramArguments: mri_mask -all-info  ProgramVersion: 7.3.2  TimeStamp: 2026/03/14-00:15:18-GMT  BuildTime: Aug  4 2022 06:17:15  BuildStamp: freesurfer-linux-ubuntu22_x86_64-7.3.2-20220804-6354275  User: oesteban  Machine: dna020  Platform: Linux  PlatformVersion: 5.14.0-427.37.1.el9_4.x86_64  CompilerName: GCC  CompilerVersion: 8.4.0
ProgramName: mri_matrix_multiply  ProgramArguments: mri_matrix_multiply -all-info  ProgramVersion: 7.3.2  TimeStamp: 2026/03/14-00:15:18-GMT  BuildTime: Aug  4 2022 06:17:15  BuildStamp: freesurfer-linux-ubuntu22_x86_64-7.3.2-20220804-6354275  User: oesteban  Machine: dna020  Platform: Linux  PlatformVersion: 5.14.0-427.37.1.el9_4.x86_64  CompilerName: GCC  CompilerVersion: 8.4.0
ProgramName: mri_normalize  ProgramArguments: mri_normalize -all-info  ProgramVersion: 7.3.2  TimeStamp: 2026/03/14-00:15:18-GMT  BuildTime: Aug  4 2022 06:17:15  BuildStamp: freesurfer-linux-ubuntu22_x86_64-7.3.2-20220804-6354275  User: oesteban  Machine: dna020  Platform: Linux  PlatformVersion: 5.14.0-427.37.1.el9_4.x86_64  CompilerName: GCC  CompilerVersion: 8.4.0
ProgramName: mri_normalize_tp2  ProgramArguments: mri_normalize_tp2 -all-info  ProgramVersion: 7.3.2  TimeStamp: 2026/03/14-00:15:18-GMT  BuildTime: Aug  4 2022 06:17:15  BuildStamp: freesurfer-linux-ubuntu22_x86_64-7.3.2-20220804-6354275  User: oesteban  Machine: dna020  Platform: Linux  PlatformVersion: 5.14.0-427.37.1.el9_4.x86_64  CompilerName: GCC  CompilerVersion: 8.4.0
ProgramName: mri_or  ProgramArguments: mri_or -all-info  ProgramVersion: 7.3.2  TimeStamp: 2026/03/14-00:15:18-GMT  BuildTime: Aug  4 2022 06:17:15  BuildStamp: freesurfer-linux-ubuntu22_x86_64-7.3.2-20220804-6354275  User: oesteban  Machine: dna020  Platform: Linux  PlatformVersion: 5.14.0-427.37.1.el9_4.x86_64  CompilerName: GCC  CompilerVersion: 8.4.0
ProgramName: mri_relabel_hypointensities  ProgramArguments: mri_relabel_hypointensities -all-info  ProgramVersion: 7.3.2  TimeStamp: 2026/03/14-00:15:18-GMT  BuildTime: Aug  4 2022 06:17:15  BuildStamp: freesurfer-linux-ubuntu22_x86_64-7.3.2-20220804-6354275  User: oesteban  Machine: dna020  Platform: Linux  PlatformVersion: 5.14.0-427.37.1.el9_4.x86_64  CompilerName: GCC  CompilerVersion: 8.4.0
ProgramName: mri_relabel_nonwm_hypos  ProgramArguments: mri_relabel_nonwm_hypos -all-info  ProgramVersion: 7.3.2  TimeStamp: 2026/03/14-00:15:18-GMT  BuildTime: Aug  4 2022 06:17:15  BuildStamp: freesurfer-linux-ubuntu22_x86_64-7.3.2-20220804-6354275  User: oesteban  Machine: dna020  Platform: Linux  PlatformVersion: 5.14.0-427.37.1.el9_4.x86_64  CompilerName: GCC  CompilerVersion: 8.4.0
ProgramName: mri_remove_neck  ProgramArguments: mri_remove_neck -all-info  ProgramVersion: 7.3.2  TimeStamp: 2026/03/14-00:15:18-GMT  BuildTime: Aug  4 2022 06:17:15  BuildStamp: freesurfer-linux-ubuntu22_x86_64-7.3.2-20220804-6354275  User: oesteban  Machine: dna020  Platform: Linux  PlatformVersion: 5.14.0-427.37.1.el9_4.x86_64  CompilerName: GCC  CompilerVersion: 8.4.0
7.3.2

ProgramName: mri_robust_register  ProgramArguments: mri_robust_register -all-info  ProgramVersion: 7.3.2  TimeStamp: 2026/03/14-00:15:18-GMT  BuildTime: Aug  4 2022 06:17:15  BuildStamp: freesurfer-linux-ubuntu22_x86_64-7.3.2-20220804-6354275  User: oesteban  Machine: dna020  Platform: Linux  PlatformVersion: 5.14.0-427.37.1.el9_4.x86_64  CompilerName: GCC  CompilerVersion: 8.4.0
7.3.2

ProgramName: mri_robust_template  ProgramArguments: mri_robust_template -all-info  ProgramVersion: 7.3.2  TimeStamp: 2026/03/14-00:15:18-GMT  BuildTime: Aug  4 2022 06:17:15  BuildStamp: freesurfer-linux-ubuntu22_x86_64-7.3.2-20220804-6354275  User: oesteban  Machine: dna020  Platform: Linux  PlatformVersion: 5.14.0-427.37.1.el9_4.x86_64  CompilerName: GCC  CompilerVersion: 8.4.0
ProgramName: mris_anatomical_stats  ProgramArguments: mris_anatomical_stats -all-info  ProgramVersion: 7.3.2  TimeStamp: 2026/03/14-00:15:18-GMT  BuildTime: Aug  4 2022 06:17:15  BuildStamp: freesurfer-linux-ubuntu22_x86_64-7.3.2-20220804-6354275  User: oesteban  Machine: dna020  Platform: Linux  PlatformVersion: 5.14.0-427.37.1.el9_4.x86_64  CompilerName: GCC  CompilerVersion: 8.4.0
ProgramName: mris_ca_label  ProgramArguments: mris_ca_label -all-info  ProgramVersion: 7.3.2  TimeStamp: 2026/03/14-00:15:18-GMT  BuildTime: Aug  4 2022 06:17:15  BuildStamp: freesurfer-linux-ubuntu22_x86_64-7.3.2-20220804-6354275  User: oesteban  Machine: dna020  Platform: Linux  PlatformVersion: 5.14.0-427.37.1.el9_4.x86_64  CompilerName: GCC  CompilerVersion: 8.4.0
ProgramName: mris_calc  ProgramArguments: mris_calc -all-info  ProgramVersion: 7.3.2  TimeStamp: 2026/03/14-00:15:18-GMT  BuildTime: Aug  4 2022 06:17:15  BuildStamp: freesurfer-linux-ubuntu22_x86_64-7.3.2-20220804-6354275  User: oesteban  Machine: dna020  Platform: Linux  PlatformVersion: 5.14.0-427.37.1.el9_4.x86_64  CompilerName: GCC  CompilerVersion: 8.4.0
ProgramName: mris_convert  ProgramArguments: mris_convert -all-info  ProgramVersion: 7.3.2  TimeStamp: 2026/03/14-00:15:18-GMT  BuildTime: Aug  4 2022 06:17:15  BuildStamp: freesurfer-linux-ubuntu22_x86_64-7.3.2-20220804-6354275  User: oesteban  Machine: dna020  Platform: Linux  PlatformVersion: 5.14.0-427.37.1.el9_4.x86_64  CompilerName: GCC  CompilerVersion: 8.4.0
ProgramName: mris_curvature  ProgramArguments: mris_curvature -all-info  ProgramVersion: 7.3.2  TimeStamp: 2026/03/14-00:15:18-GMT  BuildTime: Aug  4 2022 06:17:15  BuildStamp: freesurfer-linux-ubuntu22_x86_64-7.3.2-20220804-6354275  User: oesteban  Machine: dna020  Platform: Linux  PlatformVersion: 5.14.0-427.37.1.el9_4.x86_64  CompilerName: GCC  CompilerVersion: 8.4.0
ProgramName: mris_curvature_stats  ProgramArguments: mris_curvature_stats -all-info  ProgramVersion: 7.3.2  TimeStamp: 2026/03/14-00:15:18-GMT  BuildTime: Aug  4 2022 06:17:15  BuildStamp: freesurfer-linux-ubuntu22_x86_64-7.3.2-20220804-6354275  User: oesteban  Machine: dna020  Platform: Linux  PlatformVersion: 5.14.0-427.37.1.el9_4.x86_64  CompilerName: GCC  CompilerVersion: 8.4.0
ProgramName: mris_diff  ProgramArguments: mris_diff -all-info  ProgramVersion: 7.3.2  TimeStamp: 2026/03/14-00:15:18-GMT  BuildTime: Aug  4 2022 06:17:15  BuildStamp: freesurfer-linux-ubuntu22_x86_64-7.3.2-20220804-6354275  User: oesteban  Machine: dna020  Platform: Linux  PlatformVersion: 5.14.0-427.37.1.el9_4.x86_64  CompilerName: GCC  CompilerVersion: 8.4.0
ProgramName: mris_divide_parcellation  ProgramArguments: mris_divide_parcellation -all-info  ProgramVersion: 7.3.2  TimeStamp: 2026/03/14-00:15:18-GMT  BuildTime: Aug  4 2022 06:17:15  BuildStamp: freesurfer-linux-ubuntu22_x86_64-7.3.2-20220804-6354275  User: oesteban  Machine: dna020  Platform: Linux  PlatformVersion: 5.14.0-427.37.1.el9_4.x86_64  CompilerName: GCC  CompilerVersion: 8.4.0
ProgramName: mri_segment  ProgramArguments: mri_segment -all-info  ProgramVersion: 7.3.2  TimeStamp: 2026/03/14-00:15:18-GMT  BuildTime: Aug  4 2022 06:17:15  BuildStamp: freesurfer-linux-ubuntu22_x86_64-7.3.2-20220804-6354275  User: oesteban  Machine: dna020  Platform: Linux  PlatformVersion: 5.14.0-427.37.1.el9_4.x86_64  CompilerName: GCC  CompilerVersion: 8.4.0
ProgramName: mri_segstats  ProgramArguments: mri_segstats -all-info  ProgramVersion: 7.3.2  TimeStamp: 2026/03/14-00:15:18-GMT  BuildTime: Aug  4 2022 06:17:15  BuildStamp: freesurfer-linux-ubuntu22_x86_64-7.3.2-20220804-6354275  User: oesteban  Machine: dna020  Platform: Linux  PlatformVersion: 5.14.0-427.37.1.el9_4.x86_64  CompilerName: GCC  CompilerVersion: 8.4.0
ProgramName: mris_euler_number  ProgramArguments: mris_euler_number -all-info  ProgramVersion: 7.3.2  TimeStamp: 2026/03/14-00:15:18-GMT  BuildTime: Aug  4 2022 06:17:15  BuildStamp: freesurfer-linux-ubuntu22_x86_64-7.3.2-20220804-6354275  User: oesteban  Machine: dna020  Platform: Linux  PlatformVersion: 5.14.0-427.37.1.el9_4.x86_64  CompilerName: GCC  CompilerVersion: 8.4.0
ProgramName: mris_fix_topology  ProgramArguments: mris_fix_topology -all-info  ProgramVersion: 7.3.2  TimeStamp: 2026/03/14-00:15:18-GMT  BuildTime: Aug  4 2022 06:17:15  BuildStamp: freesurfer-linux-ubuntu22_x86_64-7.3.2-20220804-6354275  User: oesteban  Machine: dna020  Platform: Linux  PlatformVersion: 5.14.0-427.37.1.el9_4.x86_64  CompilerName: GCC  CompilerVersion: 8.4.0
ProgramName: mris_topo_fixer  ProgramArguments: mris_topo_fixer -all-info  ProgramVersion: 7.3.2  TimeStamp: 2026/03/14-00:15:18-GMT  BuildTime: Aug  4 2022 06:17:15  BuildStamp: freesurfer-linux-ubuntu22_x86_64-7.3.2-20220804-6354275  User: oesteban  Machine: dna020  Platform: Linux  PlatformVersion: 5.14.0-427.37.1.el9_4.x86_64  CompilerName: GCC  CompilerVersion: 8.4.0
ProgramName: mris_jacobian  ProgramArguments: mris_jacobian -all-info  ProgramVersion: 7.3.2  TimeStamp: 2026/03/14-00:15:18-GMT  BuildTime: Aug  4 2022 06:17:15  BuildStamp: freesurfer-linux-ubuntu22_x86_64-7.3.2-20220804-6354275  User: oesteban  Machine: dna020  Platform: Linux  PlatformVersion: 5.14.0-427.37.1.el9_4.x86_64  CompilerName: GCC  CompilerVersion: 8.4.0
ProgramName: mris_label2annot  ProgramArguments: mris_label2annot -all-info  ProgramVersion: 7.3.2  TimeStamp: 2026/03/14-00:15:18-GMT  BuildTime: Aug  4 2022 06:17:15  BuildStamp: freesurfer-linux-ubuntu22_x86_64-7.3.2-20220804-6354275  User: oesteban  Machine: dna020  Platform: Linux  PlatformVersion: 5.14.0-427.37.1.el9_4.x86_64  CompilerName: GCC  CompilerVersion: 8.4.0
ProgramName: mris_left_right_register  ProgramArguments: mris_left_right_register -all-info  ProgramVersion: 7.3.2  TimeStamp: 2026/03/14-00:15:18-GMT  BuildTime: Aug  4 2022 06:17:15  BuildStamp: freesurfer-linux-ubuntu22_x86_64-7.3.2-20220804-6354275  User: oesteban  Machine: dna020  Platform: Linux  PlatformVersion: 5.14.0-427.37.1.el9_4.x86_64  CompilerName: GCC  CompilerVersion: 8.4.0
ProgramName: mris_place_surface  ProgramArguments: mris_place_surface -all-info  ProgramVersion: 7.3.2  TimeStamp: 2026/03/14-00:15:18-GMT  BuildTime: Aug  4 2022 06:17:15  BuildStamp: freesurfer-linux-ubuntu22_x86_64-7.3.2-20220804-6354275  User: oesteban  Machine: dna020  Platform: Linux  PlatformVersion: 5.14.0-427.37.1.el9_4.x86_64  CompilerName: GCC  CompilerVersion: 8.4.0
ProgramName: mrisp_paint  ProgramArguments: mrisp_paint -all-info  ProgramVersion: 7.3.2  TimeStamp: 2026/03/14-00:15:18-GMT  BuildTime: Aug  4 2022 06:17:15  BuildStamp: freesurfer-linux-ubuntu22_x86_64-7.3.2-20220804-6354275  User: oesteban  Machine: dna020  Platform: Linux  PlatformVersion: 5.14.0-427.37.1.el9_4.x86_64  CompilerName: GCC  CompilerVersion: 8.4.0
ProgramName: mris_register  ProgramArguments: mris_register -all-info  ProgramVersion: 7.3.2  TimeStamp: 2026/03/14-00:15:18-GMT  BuildTime: Aug  4 2022 06:17:15  BuildStamp: freesurfer-linux-ubuntu22_x86_64-7.3.2-20220804-6354275  User: oesteban  Machine: dna020  Platform: Linux  PlatformVersion: 5.14.0-427.37.1.el9_4.x86_64  CompilerName: GCC  CompilerVersion: 8.4.0
ProgramName: mris_smooth  ProgramArguments: mris_smooth -all-info  ProgramVersion: 7.3.2  TimeStamp: 2026/03/14-00:15:18-GMT  BuildTime: Aug  4 2022 06:17:15  BuildStamp: freesurfer-linux-ubuntu22_x86_64-7.3.2-20220804-6354275  User: oesteban  Machine: dna020  Platform: Linux  PlatformVersion: 5.14.0-427.37.1.el9_4.x86_64  CompilerName: GCC  CompilerVersion: 8.4.0
ProgramName: mris_sphere  ProgramArguments: mris_sphere -all-info  ProgramVersion: 7.3.2  TimeStamp: 2026/03/14-00:15:18-GMT  BuildTime: Aug  4 2022 06:17:15  BuildStamp: freesurfer-linux-ubuntu22_x86_64-7.3.2-20220804-6354275  User: oesteban  Machine: dna020  Platform: Linux  PlatformVersion: 5.14.0-427.37.1.el9_4.x86_64  CompilerName: GCC  CompilerVersion: 8.4.0
ProgramName: mris_surface_stats  ProgramArguments: mris_surface_stats -all-info  ProgramVersion: 7.3.2  TimeStamp: 2026/03/14-00:15:18-GMT  BuildTime: Aug  4 2022 06:17:15  BuildStamp: freesurfer-linux-ubuntu22_x86_64-7.3.2-20220804-6354275  User: oesteban  Machine: dna020  Platform: Linux  PlatformVersion: 5.14.0-427.37.1.el9_4.x86_64  CompilerName: GCC  CompilerVersion: 8.4.0
ProgramName: mri_stats2seg  ProgramArguments: mri_stats2seg -all-info  ProgramVersion: 7.3.2  TimeStamp: 2026/03/14-00:15:18-GMT  BuildTime: Aug  4 2022 06:17:15  BuildStamp: freesurfer-linux-ubuntu22_x86_64-7.3.2-20220804-6354275  User: oesteban  Machine: dna020  Platform: Linux  PlatformVersion: 5.14.0-427.37.1.el9_4.x86_64  CompilerName: GCC  CompilerVersion: 8.4.0
ProgramName: mris_thickness  ProgramArguments: mris_thickness -all-info  ProgramVersion: 7.3.2  TimeStamp: 2026/03/14-00:15:18-GMT  BuildTime: Aug  4 2022 06:17:15  BuildStamp: freesurfer-linux-ubuntu22_x86_64-7.3.2-20220804-6354275  User: oesteban  Machine: dna020  Platform: Linux  PlatformVersion: 5.14.0-427.37.1.el9_4.x86_64  CompilerName: GCC  CompilerVersion: 8.4.0
ProgramName: mris_thickness_diff  ProgramArguments: mris_thickness_diff -all-info  ProgramVersion: 7.3.2  TimeStamp: 2026/03/14-00:15:18-GMT  BuildTime: Aug  4 2022 06:17:15  BuildStamp: freesurfer-linux-ubuntu22_x86_64-7.3.2-20220804-6354275  User: oesteban  Machine: dna020  Platform: Linux  PlatformVersion: 5.14.0-427.37.1.el9_4.x86_64  CompilerName: GCC  CompilerVersion: 8.4.0
ProgramName: mris_topo_fixer  ProgramArguments: mris_topo_fixer -all-info  ProgramVersion: 7.3.2  TimeStamp: 2026/03/14-00:15:18-GMT  BuildTime: Aug  4 2022 06:17:15  BuildStamp: freesurfer-linux-ubuntu22_x86_64-7.3.2-20220804-6354275  User: oesteban  Machine: dna020  Platform: Linux  PlatformVersion: 5.14.0-427.37.1.el9_4.x86_64  CompilerName: GCC  CompilerVersion: 8.4.0
ProgramName: mri_surf2surf  ProgramArguments: mri_surf2surf -all-info  ProgramVersion: 7.3.2  TimeStamp: 2026/03/14-00:15:18-GMT  BuildTime: Aug  4 2022 06:17:15  BuildStamp: freesurfer-linux-ubuntu22_x86_64-7.3.2-20220804-6354275  User: oesteban  Machine: dna020  Platform: Linux  PlatformVersion: 5.14.0-427.37.1.el9_4.x86_64  CompilerName: GCC  CompilerVersion: 8.4.0
ProgramName: mri_surf2vol  ProgramArguments: mri_surf2vol -all-info  ProgramVersion: 7.3.2  TimeStamp: 2026/03/14-00:15:18-GMT  BuildTime: Aug  4 2022 06:17:15  BuildStamp: freesurfer-linux-ubuntu22_x86_64-7.3.2-20220804-6354275  User: oesteban  Machine: dna020  Platform: Linux  PlatformVersion: 5.14.0-427.37.1.el9_4.x86_64  CompilerName: GCC  CompilerVersion: 8.4.0
ProgramName: mri_surfcluster  ProgramArguments: mri_surfcluster -all-info  ProgramVersion: 7.3.2  TimeStamp: 2026/03/14-00:15:18-GMT  BuildTime: Aug  4 2022 06:17:15  BuildStamp: freesurfer-linux-ubuntu22_x86_64-7.3.2-20220804-6354275  User: oesteban  Machine: dna020  Platform: Linux  PlatformVersion: 5.14.0-427.37.1.el9_4.x86_64  CompilerName: GCC  CompilerVersion: 8.4.0
ProgramName: mris_volmask  ProgramArguments: mris_volmask -all-info  ProgramVersion: 7.3.2  TimeStamp: 2026/03/14-00:15:18-GMT  BuildTime: Aug  4 2022 06:17:15  BuildStamp: freesurfer-linux-ubuntu22_x86_64-7.3.2-20220804-6354275  User: oesteban  Machine: dna020  Platform: Linux  PlatformVersion: 5.14.0-427.37.1.el9_4.x86_64  CompilerName: GCC  CompilerVersion: 8.4.0
ProgramName: mri_tessellate  ProgramArguments: mri_tessellate -all-info  ProgramVersion: 7.3.2  TimeStamp: 2026/03/14-00:15:18-GMT  BuildTime: Aug  4 2022 06:17:15  BuildStamp: freesurfer-linux-ubuntu22_x86_64-7.3.2-20220804-6354275  User: oesteban  Machine: dna020  Platform: Linux  PlatformVersion: 5.14.0-427.37.1.el9_4.x86_64  CompilerName: GCC  CompilerVersion: 8.4.0
ProgramName: mri_vol2surf  ProgramArguments: mri_vol2surf -all-info  ProgramVersion: 7.3.2  TimeStamp: 2026/03/14-00:15:18-GMT  BuildTime: Aug  4 2022 06:17:15  BuildStamp: freesurfer-linux-ubuntu22_x86_64-7.3.2-20220804-6354275  User: oesteban  Machine: dna020  Platform: Linux  PlatformVersion: 5.14.0-427.37.1.el9_4.x86_64  CompilerName: GCC  CompilerVersion: 8.4.0
ProgramName: mri_vol2vol  ProgramArguments: mri_vol2vol -all-info  ProgramVersion: 7.3.2  TimeStamp: 2026/03/14-00:15:18-GMT  BuildTime: Aug  4 2022 06:17:15  BuildStamp: freesurfer-linux-ubuntu22_x86_64-7.3.2-20220804-6354275  User: oesteban  Machine: dna020  Platform: Linux  PlatformVersion: 5.14.0-427.37.1.el9_4.x86_64  CompilerName: GCC  CompilerVersion: 8.4.0
ProgramName: mri_voldiff  ProgramArguments: mri_voldiff -all-info  ProgramVersion: 7.3.2  TimeStamp: 2026/03/14-00:15:18-GMT  BuildTime: Aug  4 2022 06:17:15  BuildStamp: freesurfer-linux-ubuntu22_x86_64-7.3.2-20220804-6354275  User: oesteban  Machine: dna020  Platform: Linux  PlatformVersion: 5.14.0-427.37.1.el9_4.x86_64  CompilerName: GCC  CompilerVersion: 8.4.0
ProgramName: mri_watershed  ProgramArguments: mri_watershed -all-info  ProgramVersion: 7.3.2  TimeStamp: 2026/03/14-00:15:18-GMT  BuildTime: Aug  4 2022 06:17:15  BuildStamp: freesurfer-linux-ubuntu22_x86_64-7.3.2-20220804-6354275  User: oesteban  Machine: dna020  Platform: Linux  PlatformVersion: 5.14.0-427.37.1.el9_4.x86_64  CompilerName: GCC  CompilerVersion: 8.4.0
ProgramName: tkregister2  ProgramArguments: tkregister2_cmdl -all-info  ProgramVersion: 7.3.2  TimeStamp: 2026/03/14-00:15:18-GMT  BuildTime: Aug  4 2022 06:17:15  BuildStamp: freesurfer-linux-ubuntu22_x86_64-7.3.2-20220804-6354275  User: oesteban  Machine: dna020  Platform: Linux  PlatformVersion: 5.14.0-427.37.1.el9_4.x86_64  CompilerName: GCC  CompilerVersion: 8.4.0
mri_motion_correct.fsl 7.3.2
mri_convert -all-info 
ProgramName: mri_convert  ProgramArguments: mri_convert -all-info  ProgramVersion: 7.3.2  TimeStamp: 2026/03/14-00:15:18-GMT  BuildTime: Aug  4 2022 06:17:15  BuildStamp: freesurfer-linux-ubuntu22_x86_64-7.3.2-20220804-6354275  User: oesteban  Machine: dna020  Platform: Linux  PlatformVersion: 5.14.0-427.37.1.el9_4.x86_64  CompilerName: GCC  CompilerVersion: 8.4.0
Program nu_correct, built from:
Package MNI N3, version 1.12.0, compiled by nicks@terrier (x86_64-unknown-linux-gnu) on 2015-06-19 at 01:25:34
#######################################
GCADIR /opt/freesurfer/average
GCA RB_all_2020-01-02.gca
GCASkull RB_all_withskull_2020_01_02.gca
AvgCurvTif folding.atlas.acfb40.noaparc.i12.2016-08-02.tif
GCSDIR /opt/freesurfer/average
GCS DKaparc.atlas.acfb40.noaparc.i12.2016-08-02.gcs
#######################################
#--------------------------------------------
#@# AutoDetGWStats rh Sat Mar 14 01:15:18 CET 2026
cd /out/sourcedata/freesurfer/sub-v2s7x29660_ses-1/mri
mris_autodet_gwstats --o ../surf/autodet.gw.stats.rh.dat --i brain.finalsurfs.mgz --wm wm.mgz --surf ../surf/rh.orig.premesh
  Update not needed
#--------------------------------------------
#@# WhitePreAparc rh Sat Mar 14 01:15:18 CET 2026
cd /out/sourcedata/freesurfer/sub-v2s7x29660_ses-1/mri
mris_place_surface --adgws-in ../surf/autodet.gw.stats.rh.dat --wm wm.mgz --threads 16 --invol brain.finalsurfs.mgz --rh --i ../surf/rh.orig --o ../surf/rh.white.preaparc --white --seg aseg.presurf.mgz --nsmooth 5
   Update not needed
#--------------------------------------------
#@# CortexLabel rh Sat Mar 14 01:15:18 CET 2026
cd /out/sourcedata/freesurfer/sub-v2s7x29660_ses-1/mri
mri_label2label --label-cortex ../surf/rh.white.preaparc aseg.presurf.mgz 0 ../label/rh.cortex.label
   Update not needed
#--------------------------------------------
#@# CortexLabel+HipAmyg rh Sat Mar 14 01:15:18 CET 2026
cd /out/sourcedata/freesurfer/sub-v2s7x29660_ses-1/mri
mri_label2label --label-cortex ../surf/rh.white.preaparc aseg.presurf.mgz 1 ../label/rh.cortex+hipamyg.label
   Update not needed
#@# white curv rh Sat Mar 14 01:15:18 CET 2026
cd /out/sourcedata/freesurfer/sub-v2s7x29660_ses-1/mri
mris_place_surface --curv-map ../surf/rh.white 2 10 ../surf/rh.curv
   Update not needed
#@# white area rh Sat Mar 14 01:15:18 CET 2026
cd /out/sourcedata/freesurfer/sub-v2s7x29660_ses-1/mri
mris_place_surface --area-map ../surf/rh.white ../surf/rh.area
   Update not needed
#@# pial curv rh Sat Mar 14 01:15:18 CET 2026
cd /out/sourcedata/freesurfer/sub-v2s7x29660_ses-1/mri
mris_place_surface --curv-map ../surf/rh.pial 2 10 ../surf/rh.curv.pial
   Update not needed
#@# pial area rh Sat Mar 14 01:15:18 CET 2026
cd /out/sourcedata/freesurfer/sub-v2s7x29660_ses-1/mri
mris_place_surface --area-map ../surf/rh.pial ../surf/rh.area.pial
   Update not needed
#@# thickness rh Sat Mar 14 01:15:19 CET 2026
cd /out/sourcedata/freesurfer/sub-v2s7x29660_ses-1/mri
mris_place_surface --thickness ../surf/rh.white ../surf/rh.pial 20 5 ../surf/rh.thickness
   Update not needed
#@# area and vertex vol rh Sat Mar 14 01:15:19 CET 2026
cd /out/sourcedata/freesurfer/sub-v2s7x29660_ses-1/mri
mris_place_surface --thickness ../surf/rh.white ../surf/rh.pial 20 5 ../surf/rh.thickness
   Update not needed
#-----------------------------------------
#@# Parcellation Stats rh Sat Mar 14 01:15:19 CET 2026
/out/sourcedata/freesurfer/sub-v2s7x29660_ses-1/scripts

 mris_anatomical_stats -th3 -mgz -noglobal -cortex ../label/rh.cortex.label -f ../stats/rh.aparc.stats -b -a ../label/rh.aparc.annot -c ../label/aparc.annot.ctab sub-v2s7x29660_ses-1 rh white 

computing statistics for each annotation in ../label/rh.aparc.annot.
reading volume /out/sourcedata/freesurfer/sub-v2s7x29660_ses-1/mri/wm.mgz...
reading input surface /out/sourcedata/freesurfer/sub-v2s7x29660_ses-1/surf/rh.white...
reading input pial surface /out/sourcedata/freesurfer/sub-v2s7x29660_ses-1/surf/rh.pial...
reading input white surface /out/sourcedata/freesurfer/sub-v2s7x29660_ses-1/surf/rh.white...
INFO: using TH3 volume calc
INFO: assuming MGZ format for volumes.
INFO: not computing global stats
INFO: using ../label/rh.cortex.label as mask to calc cortex NumVert, SurfArea and MeanThickness.
Using TH3 vertex volume calc
Total face volume 262936
Total vertex volume 262696 (mask=0)
Saving annotation colortable ../label/aparc.annot.ctab

table columns are:
    number of vertices
    total surface area (mm^2)
    total gray matter volume (mm^3)
    average cortical thickness +- standard deviation (mm)
    integrated rectified mean curvature
    integrated rectified Gaussian curvature
    folding index
    intrinsic curvature index
    structure name

 1169    822   1802  2.594 0.633     0.115     0.025       12     1.1  bankssts
 1237    857   2292  2.527 0.682     0.130     0.015       19     0.8  caudalanteriorcingulate
 3334   2327   5471  2.374 0.573     0.121     0.022       28     3.2  caudalmiddlefrontal
 3247   2235   4378  1.862 0.577     0.137     0.029       37     4.1  cuneus
  713    462   2655  3.709 0.896     0.109     0.022        6     0.6  entorhinal
 4670   3196   9020  2.656 0.590     0.118     0.022       48     4.4  fusiform
 8240   6072  15272  2.263 0.637     0.130     0.025       91     9.6  inferiorparietal
 5090   3847  11613  2.586 0.678     0.125     0.028       69     6.5  inferiortemporal
 2079   1511   4145  2.582 0.890     0.126     0.027       25     2.7  isthmuscingulate
10151   7131  15928  2.142 0.504     0.139     0.028      119    12.4  lateraloccipital
 4552   3211   8402  2.532 0.841     0.133     0.034       53     7.1  lateralorbitofrontal
 6429   4486  10079  2.168 0.722     0.129     0.024       68     7.0  lingual
 2937   2060   5884  2.603 0.892     0.116     0.021       36     2.7  medialorbitofrontal
 5076   3887  11659  2.580 0.737     0.123     0.025       55     5.4  middletemporal
 1144    743   2498  2.923 0.884     0.087     0.019        8     0.7  parahippocampal
 2302   1447   3335  2.362 0.602     0.109     0.017       18     1.7  paracentral
 1752   1290   3165  2.462 0.589     0.126     0.021       17     1.6  parsopercularis
 1528   1158   3778  2.640 0.612     0.155     0.030       25     2.1  parsorbitalis
 2779   2010   5460  2.506 0.678     0.122     0.023       26     2.7  parstriangularis
 3324   2233   3205  1.590 0.456     0.128     0.025       35     3.8  pericalcarine
 7136   4718   9124  1.793 0.650     0.109     0.021       60     6.6  postcentral
 1787   1339   3760  2.570 0.927     0.139     0.032       26     2.5  posteriorcingulate
 7507   4987  10870  2.180 0.571     0.111     0.019       57     6.4  precentral
 8611   5989  13068  2.167 0.584     0.121     0.022       80     8.3  precuneus
  882    683   2190  2.901 0.571     0.145     0.027       15     1.1  rostralanteriorcingulate
 9492   7179  19980  2.505 0.643     0.136     0.029      114    12.5  rostralmiddlefrontal
12139   8398  25685  2.724 0.727     0.122     0.024      112    12.0  superiorfrontal
 9950   6571  12458  1.844 0.564     0.114     0.019       85     8.1  superiorparietal
 6151   4120  12210  2.698 0.719     0.092     0.014       45     3.9  superiortemporal
 5873   4257   9874  2.225 0.704     0.123     0.021       56     5.7  supramarginal
  569    432   1718  2.719 0.780     0.145     0.036        9     0.9  frontalpole
  946    716   3376  3.472 0.813     0.124     0.030       12     1.4  temporalpole
  625    400   1114  2.416 0.343     0.102     0.017        5     0.4  transversetemporal
 3447   2333   7229  3.142 0.884     0.107     0.022       26     3.1  insula

 mris_anatomical_stats -th3 -mgz -noglobal -cortex ../label/rh.cortex.label -f ../stats/rh.aparc.pial.stats -b -a ../label/rh.aparc.annot -c ../label/aparc.annot.ctab sub-v2s7x29660_ses-1 rh pial 

computing statistics for each annotation in ../label/rh.aparc.annot.
reading volume /out/sourcedata/freesurfer/sub-v2s7x29660_ses-1/mri/wm.mgz...
reading input surface /out/sourcedata/freesurfer/sub-v2s7x29660_ses-1/surf/rh.pial...
reading input pial surface /out/sourcedata/freesurfer/sub-v2s7x29660_ses-1/surf/rh.pial...
reading input white surface /out/sourcedata/freesurfer/sub-v2s7x29660_ses-1/surf/rh.white...
INFO: using TH3 volume calc
INFO: assuming MGZ format for volumes.
INFO: not computing global stats
INFO: using ../label/rh.cortex.label as mask to calc cortex NumVert, SurfArea and MeanThickness.
Using TH3 vertex volume calc
Total face volume 262936
Total vertex volume 262696 (mask=0)
Saving annotation colortable ../label/aparc.annot.ctab

table columns are:
    number of vertices
    total surface area (mm^2)
    total gray matter volume (mm^3)
    average cortical thickness +- standard deviation (mm)
    integrated rectified mean curvature
    integrated rectified Gaussian curvature
    folding index
    intrinsic curvature index
    structure name

 1169    642   1802  2.594 0.633     0.110     0.033       52     1.3  bankssts
 1237    977   2292  2.527 0.682     0.150     0.056      113     1.6  caudalanteriorcingulate
 3334   2410   5471  2.374 0.573     0.123     0.034      216     3.2  caudalmiddlefrontal
 3247   2645   4378  1.862 0.577     0.128     0.028       47     3.9  cuneus
  713    950   2655  3.709 0.896     0.276     0.078       19     2.7  entorhinal
 4670   3770   9020  2.656 0.590     0.134     0.034     2838     6.0  fusiform
 8240   7499  15272  2.263 0.637     0.147     0.030      134    10.5  inferiorparietal
 5090   5183  11613  2.586 0.678     0.171     0.037      125     8.7  inferiortemporal
 2079   1811   4145  2.582 0.890     0.159     0.052       77     4.4  isthmuscingulate
10151   8037  15928  2.142 0.504     0.445     0.288  6838670    13.1  lateraloccipital
 4552   3679   8402  2.532 0.841     0.151     0.039      243     7.1  lateralorbitofrontal
 6429   5179  10079  2.168 0.722     0.131     0.033      178     9.0  lingual
 2937   2659   5884  2.603 0.892     0.136     0.032       53     3.5  medialorbitofrontal
 5076   5091  11659  2.580 0.737     0.153     0.031      168     7.0  middletemporal
 1144   1003   2498  2.923 0.884     0.172     0.045       35     2.4  parahippocampal
 2302   1454   3335  2.362 0.602     0.100     0.021       34     1.8  paracentral
 1752   1435   3165  2.462 0.589     0.135     0.026       17     1.9  parsopercularis
 1528   1748   3778  2.640 0.612     0.198     0.049       64     2.9  parsorbitalis
 2779   2375   5460  2.506 0.678     0.142     0.034       32     3.5  parstriangularis
 3324   2034   3205  1.590 0.456     0.112     0.028       44     3.7  pericalcarine
 7136   5511   9124  1.793 0.650     0.116     0.024       89     7.3  postcentral
 1787   1617   3760  2.570 0.927     0.175     0.046      161     3.5  posteriorcingulate
 7507   5157  10870  2.180 0.571     0.099     0.021      110     6.3  precentral
 8611   6372  13068  2.167 0.584     0.129     0.027      163    10.0  precuneus
  882    862   2190  2.901 0.571     0.150     0.036       29     1.1  rostralanteriorcingulate
 9492   8801  19980  2.505 0.643     0.157     0.034      274    13.9  rostralmiddlefrontal
12139  10260  25685  2.724 0.727     0.137     0.032      319    14.9  superiorfrontal
 9950   7239  12458  1.844 0.564     0.119     0.021     3969     7.7  superiorparietal
 6151   4887  12210  2.698 0.719     0.116     0.021       94     5.6  superiortemporal
 5873   4729   9874  2.225 0.704     0.129     0.027       87     6.3  supramarginal
  569    808   1718  2.719 0.780     0.227     0.044        8     1.1  frontalpole
  946   1224   3376  3.472 0.813     0.179     0.035        9     1.6  temporalpole
  625    551   1114  2.416 0.343     0.119     0.029       14     0.6  transversetemporal
 3447   2286   7229  3.142 0.884     0.145     0.047      115     7.5  insula
#-----------------------------------------
#@# Parcellation Stats 2 rh Sat Mar 14 01:15:41 CET 2026
/out/sourcedata/freesurfer/sub-v2s7x29660_ses-1/scripts

 mris_anatomical_stats -th3 -mgz -noglobal -cortex ../label/rh.cortex.label -f ../stats/rh.aparc.a2009s.stats -b -a ../label/rh.aparc.a2009s.annot -c ../label/aparc.annot.a2009s.ctab sub-v2s7x29660_ses-1 rh white 

computing statistics for each annotation in ../label/rh.aparc.a2009s.annot.
reading volume /out/sourcedata/freesurfer/sub-v2s7x29660_ses-1/mri/wm.mgz...
reading input surface /out/sourcedata/freesurfer/sub-v2s7x29660_ses-1/surf/rh.white...
reading input pial surface /out/sourcedata/freesurfer/sub-v2s7x29660_ses-1/surf/rh.pial...
reading input white surface /out/sourcedata/freesurfer/sub-v2s7x29660_ses-1/surf/rh.white...
INFO: using TH3 volume calc
INFO: assuming MGZ format for volumes.
INFO: not computing global stats
INFO: using ../label/rh.cortex.label as mask to calc cortex NumVert, SurfArea and MeanThickness.
Using TH3 vertex volume calc
Total face volume 262936
Total vertex volume 262696 (mask=0)
Saving annotation colortable ../label/aparc.annot.a2009s.ctab

table columns are:
    number of vertices
    total surface area (mm^2)
    total gray matter volume (mm^3)
    average cortical thickness +- standard deviation (mm)
    integrated rectified mean curvature
    integrated rectified Gaussian curvature
    folding index
    intrinsic curvature index
    structure name

 1106    859   2491  2.457 0.668     0.151     0.039       15     2.0  G_and_S_frontomargin
 1576   1155   3365  2.569 0.495     0.138     0.025       18     1.8  G_and_S_occipital_inf
 1439    892   2131  2.086 0.622     0.114     0.019       12     1.2  G_and_S_paracentral
 1585   1162   2962  2.428 0.522     0.134     0.025       16     1.6  G_and_S_subcentral
 1369   1109   3495  2.515 0.598     0.153     0.035       23     2.2  G_and_S_transv_frontopol
 3303   2407   6490  2.675 0.578     0.122     0.023       37     3.2  G_and_S_cingul-Ant
 1696   1191   3030  2.473 0.621     0.125     0.018       18     1.5  G_and_S_cingul-Mid-Ant
 1500   1095   2943  2.663 0.751     0.138     0.036       17     2.2  G_and_S_cingul-Mid-Post
  667    492   1860  3.045 0.708     0.153     0.033       11     0.9  G_cingul-Post-dorsal
  505    378   1211  2.551 0.836     0.136     0.032        6     0.7  G_cingul-Post-ventral
 3109   2138   3952  1.767 0.498     0.139     0.030       36     4.1  G_cuneus
 1256    961   2806  2.385 0.580     0.140     0.022       16     1.3  G_front_inf-Opercular
  501    369   1355  2.749 0.453     0.156     0.028       10     0.6  G_front_inf-Orbital
  956    743   2467  2.664 0.694     0.138     0.031       11     1.2  G_front_inf-Triangul
 4504   3568  12184  2.658 0.663     0.154     0.034       67     7.0  G_front_middle
 8056   5563  19786  2.904 0.708     0.129     0.026       87     8.7  G_front_sup
  698    483   1512  3.013 1.231     0.144     0.038        9     1.2  G_Ins_lg_and_S_cent_ins
  795    542   2314  3.310 1.069     0.110     0.025        7     0.8  G_insular_short
 3146   2339   7035  2.367 0.593     0.145     0.029       44     4.0  G_occipital_middle
 2542   1662   3113  1.828 0.435     0.131     0.025       28     2.8  G_occipital_sup
 1769   1283   4004  2.570 0.592     0.136     0.029       27     2.3  G_oc-temp_lat-fusifor
 3953   2794   6319  2.033 0.686     0.141     0.027       48     4.8  G_oc-temp_med-Lingual
 1382    895   4124  3.292 0.986     0.105     0.023       13     1.2  G_oc-temp_med-Parahip
 3107   2364   7755  2.660 0.823     0.159     0.044       59     6.2  G_orbital
 2443   1952   5873  2.315 0.757     0.145     0.029       33     3.4  G_pariet_inf-Angular
 2890   2249   5779  2.167 0.627     0.141     0.024       35     3.4  G_pariet_inf-Supramar
 2934   1971   4424  1.833 0.579     0.121     0.019       30     2.4  G_parietal_sup
 2639   1703   3610  1.716 0.593     0.126     0.031       32     3.6  G_postcentral
 2707   1730   4859  2.339 0.602     0.107     0.020       20     2.1  G_precentral
 3706   2642   6296  2.070 0.617     0.132     0.026       42     4.5  G_precuneus
  919    613   2026  2.593 0.846     0.124     0.027       15     1.0  G_rectus
  563    404    969  2.676 1.120     0.140     0.045        6     1.2  G_subcallosal
  569    366   1145  2.502 0.370     0.116     0.018        6     0.5  G_temp_sup-G_T_transv
 1921   1360   5044  2.816 0.761     0.118     0.022       24     1.8  G_temp_sup-Lateral
 1119    702   2486  3.360 0.628     0.065     0.012        4     0.5  G_temp_sup-Plan_polar
 1025    706   1766  2.444 0.692     0.085     0.015        6     0.5  G_temp_sup-Plan_tempo
 2669   2142   6920  2.565 0.656     0.151     0.037       53     4.7  G_temporal_inf
 2704   2230   7637  2.645 0.744     0.142     0.033       40     3.8  G_temporal_middle
  593    414    788  2.214 0.493     0.124     0.016        6     0.5  Lat_Fis-ant-Horizont
  224    162    310  2.232 0.451     0.107     0.014        1     0.2  Lat_Fis-ant-Vertical
 1598   1049   2156  2.609 0.900     0.099     0.016        8     1.0  Lat_Fis-post
 4802   3263   6686  1.930 0.566     0.141     0.032       61     6.5  Pole_occipital
 2316   1737   7331  3.085 0.809     0.137     0.034       32     3.6  Pole_temporal
 3889   2597   4699  2.026 0.859     0.111     0.021       32     3.6  S_calcarine
 3365   2192   2985  1.634 0.485     0.095     0.015       19     2.2  S_central
 1358    950   1985  2.154 0.657     0.105     0.014        9     0.8  S_cingul-Marginalis
  749    492   1081  2.785 0.613     0.094     0.015        3     0.6  S_circular_insula_ant
 1159    764   1775  2.954 0.646     0.073     0.008        4     0.4  S_circular_insula_inf
 1758   1159   2674  2.874 0.503     0.092     0.014        7     1.1  S_circular_insula_sup
 1305    840   1983  2.668 0.594     0.074     0.009        4     0.5  S_collat_transv_ant
  556    387    746  2.345 0.339     0.119     0.022        4     0.5  S_collat_transv_post
 2259   1543   3263  2.360 0.742     0.106     0.018       15     1.6  S_front_inf
 2421   1659   3210  2.259 0.506     0.098     0.018       13     1.8  S_front_middle
 3068   2056   4572  2.330 0.679     0.101     0.018       18     2.2  S_front_sup
  453    298    513  2.238 0.654     0.102     0.016        3     0.3  S_interm_prim-Jensen
 4466   2982   5121  1.919 0.580     0.104     0.016       31     3.1  S_intrapariet_and_P_trans
 1365    966   1650  2.099 0.383     0.132     0.024       12     1.6  S_oc_middle_and_Lunatus
 2089   1398   2641  2.101 0.524     0.115     0.019       18     1.6  S_oc_sup_and_transversal
  941    656   1241  2.121 0.446     0.119     0.021        8     0.8  S_occipital_ant
 1109    740   1951  2.645 0.486     0.089     0.014        6     0.6  S_oc-temp_lat
 2342   1585   3733  2.618 0.613     0.100     0.014       15     1.4  S_oc-temp_med_and_Lingual
  586    405    765  2.239 0.423     0.126     0.031        4     0.6  S_orbital_lateral
  741    498    937  2.101 0.856     0.104     0.014        6     0.3  S_orbital_med-olfact
 1562   1071   2916  2.667 0.762     0.115     0.023       10     1.6  S_orbital-H_Shaped
 3314   2209   4220  2.209 0.548     0.113     0.016       27     2.6  S_parieto_occipital
 1630   1152   2086  2.163 0.890     0.129     0.022       27     1.7  S_pericallosal
 2699   1800   2706  1.727 0.499     0.103     0.017       18     2.0  S_postcentral
 1533   1058   1966  2.413 0.551     0.114     0.021       11     1.3  S_precentral-inf-part
 1530   1041   1800  2.153 0.465     0.118     0.017       12     1.2  S_precentral-sup-part
  203    144    452  3.293 1.190     0.100     0.009        1     0.1  S_suborbital
 1892   1349   2644  2.178 0.411     0.121     0.023       16     1.8  S_subparietal
 1220    888   2036  2.359 0.687     0.114     0.022       10     1.0  S_temporal_inf
 6090   4135   9093  2.391 0.583     0.102     0.018       41     4.8  S_temporal_sup
  355    251    437  2.248 0.619     0.122     0.011        4     0.2  S_temporal_transverse
#-----------------------------------------
#@# Parcellation Stats 3 rh Sat Mar 14 01:15:53 CET 2026
/out/sourcedata/freesurfer/sub-v2s7x29660_ses-1/scripts

 mris_anatomical_stats -th3 -mgz -noglobal -cortex ../label/rh.cortex.label -f ../stats/rh.aparc.DKTatlas.stats -b -a ../label/rh.aparc.DKTatlas.annot -c ../label/aparc.annot.DKTatlas.ctab sub-v2s7x29660_ses-1 rh white 

computing statistics for each annotation in ../label/rh.aparc.DKTatlas.annot.
reading volume /out/sourcedata/freesurfer/sub-v2s7x29660_ses-1/mri/wm.mgz...
reading input surface /out/sourcedata/freesurfer/sub-v2s7x29660_ses-1/surf/rh.white...
reading input pial surface /out/sourcedata/freesurfer/sub-v2s7x29660_ses-1/surf/rh.pial...
reading input white surface /out/sourcedata/freesurfer/sub-v2s7x29660_ses-1/surf/rh.white...
INFO: using TH3 volume calc
INFO: assuming MGZ format for volumes.
INFO: not computing global stats
INFO: using ../label/rh.cortex.label as mask to calc cortex NumVert, SurfArea and MeanThickness.
Using TH3 vertex volume calc
Total face volume 262936
Total vertex volume 262696 (mask=0)
Saving annotation colortable ../label/aparc.annot.DKTatlas.ctab

table columns are:
    number of vertices
    total surface area (mm^2)
    total gray matter volume (mm^3)
    average cortical thickness +- standard deviation (mm)
    integrated rectified mean curvature
    integrated rectified Gaussian curvature
    folding index
    intrinsic curvature index
    structure name

 1406    979   2587  2.493 0.704     0.132     0.015       21     1.0  caudalanteriorcingulate
 3441   2402   5649  2.365 0.579     0.121     0.022       29     3.2  caudalmiddlefrontal
 3954   2705   5263  1.903 0.591     0.133     0.027       43     4.7  cuneus
  663    429   2388  3.671 0.912     0.112     0.021        6     0.6  entorhinal
 4208   2889   7766  2.630 0.553     0.114     0.020       41     3.5  fusiform
 8240   6065  15363  2.279 0.643     0.131     0.025       91     9.7  inferiorparietal
 5651   4197  12928  2.630 0.690     0.124     0.029       74     7.3  inferiortemporal
 2054   1496   4108  2.585 0.889     0.127     0.028       25     2.7  isthmuscingulate
10345   7258  15840  2.103 0.494     0.141     0.028      124    12.9  lateraloccipital
 4615   3292   9220  2.534 0.825     0.134     0.035       59     7.3  lateralorbitofrontal
 6307   4407   9906  2.170 0.721     0.130     0.024       67     6.9  lingual
 2394   1702   4962  2.627 0.973     0.123     0.025       29     2.7  medialorbitofrontal
 5976   4531  13370  2.615 0.723     0.123     0.025       65     6.5  middletemporal
 1177    765   2563  2.915 0.872     0.085     0.018        8     0.7  parahippocampal
 2414   1521   3546  2.368 0.605     0.109     0.018       19     1.8  paracentral
 2030   1498   3606  2.392 0.580     0.128     0.021       20     1.8  parsopercularis
 1329    975   2825  2.529 0.561     0.144     0.026       18     1.5  parsorbitalis
 2805   2001   5383  2.558 0.678     0.124     0.023       26     2.9  parstriangularis
 3269   2183   3159  1.591 0.452     0.128     0.025       35     3.7  pericalcarine
 7822   5205   9905  1.784 0.634     0.111     0.021       66     7.3  postcentral
 1872   1407   3902  2.585 0.886     0.141     0.032       26     2.6  posteriorcingulate
 7227   4804  10680  2.208 0.583     0.112     0.019       55     6.2  precentral
 8763   6100  13413  2.158 0.587     0.121     0.022       81     8.4  precuneus
 1161    866   2625  2.827 0.671     0.135     0.026       18     1.4  rostralanteriorcingulate
 6817   5154  14703  2.576 0.657     0.134     0.028       79     8.6  rostralmiddlefrontal
15332  10826  32441  2.639 0.722     0.125     0.026      156    16.3  superiorfrontal
 8143   5374  10370  1.838 0.563     0.110     0.018       67     6.2  superiorparietal
 7883   5388  16864  2.764 0.790     0.099     0.018       66     6.3  superiortemporal
 5763   4145   9460  2.211 0.711     0.120     0.020       54     5.3  supramarginal
  632    401   1138  2.428 0.342     0.103     0.017        5     0.4  transversetemporal
 3175   2140   6763  3.231 0.819     0.103     0.019       22     2.5  insula
/out/sourcedata/freesurfer/sub-v2s7x29660_ses-1/label
#--------------------------------------------
#@# BA_exvivo Labels rh Sat Mar 14 01:16:03 CET 2026

 mri_label2label --srcsubject fsaverage --srclabel /out/sourcedata/freesurfer/fsaverage/label/rh.BA1_exvivo.label --trgsubject sub-v2s7x29660_ses-1 --trglabel ./rh.BA1_exvivo.label --hemi rh --regmethod surface 


srclabel = /out/sourcedata/freesurfer/fsaverage/label/rh.BA1_exvivo.label
srcsubject = fsaverage
trgsubject = sub-v2s7x29660_ses-1
trglabel = ./rh.BA1_exvivo.label
regmethod = surface

srchemi = rh
trghemi = rh
trgsurface = white
srcsurfreg = sphere.reg
trgsurfreg = sphere.reg
usehash = 1
Use ProjAbs  = 0, 0
Use ProjFrac = 0, 0
DoPaint 0

SUBJECTS_DIR    /out/sourcedata/freesurfer
FREESURFER_HOME /opt/freesurfer
Loading source label.
Found 3962 points in source label.
Starting surface-based mapping
Reading source registration 
 /out/sourcedata/freesurfer/fsaverage/surf/rh.sphere.reg
Rescaling ...  original radius = 100
Reading target surface 
 /out/sourcedata/freesurfer/sub-v2s7x29660_ses-1/surf/rh.white
Reading target registration 
 /out/sourcedata/freesurfer/sub-v2s7x29660_ses-1/surf/rh.sphere.reg
Rescaling ...  original radius = 100
Building target registration hash (res=16).
Building source registration hash (res=16).
INFO: found  3962 nlabel points
Performing mapping from target back to the source label 155752
Number of reverse mapping hits = 453
Checking for and removing duplicates
Writing label file ./rh.BA1_exvivo.label 4415
mri_label2label: Done


 mri_label2label --srcsubject fsaverage --srclabel /out/sourcedata/freesurfer/fsaverage/label/rh.BA2_exvivo.label --trgsubject sub-v2s7x29660_ses-1 --trglabel ./rh.BA2_exvivo.label --hemi rh --regmethod surface 


srclabel = /out/sourcedata/freesurfer/fsaverage/label/rh.BA2_exvivo.label
srcsubject = fsaverage
trgsubject = sub-v2s7x29660_ses-1
trglabel = ./rh.BA2_exvivo.label
regmethod = surface

srchemi = rh
trghemi = rh
trgsurface = white
srcsurfreg = sphere.reg
trgsurfreg = sphere.reg
usehash = 1
Use ProjAbs  = 0, 0
Use ProjFrac = 0, 0
DoPaint 0

SUBJECTS_DIR    /out/sourcedata/freesurfer
FREESURFER_HOME /opt/freesurfer
Loading source label.
Found 6687 points in source label.
Starting surface-based mapping
Reading source registration 
 /out/sourcedata/freesurfer/fsaverage/surf/rh.sphere.reg
Rescaling ...  original radius = 100
Reading target surface 
 /out/sourcedata/freesurfer/sub-v2s7x29660_ses-1/surf/rh.white
Reading target registration 
 /out/sourcedata/freesurfer/sub-v2s7x29660_ses-1/surf/rh.sphere.reg
Rescaling ...  original radius = 100
Building target registration hash (res=16).
Building source registration hash (res=16).
INFO: found  6687 nlabel points
Performing mapping from target back to the source label 155752
Number of reverse mapping hits = 525
Checking for and removing duplicates
Writing label file ./rh.BA2_exvivo.label 7212
mri_label2label: Done


 mri_label2label --srcsubject fsaverage --srclabel /out/sourcedata/freesurfer/fsaverage/label/rh.BA3a_exvivo.label --trgsubject sub-v2s7x29660_ses-1 --trglabel ./rh.BA3a_exvivo.label --hemi rh --regmethod surface 


srclabel = /out/sourcedata/freesurfer/fsaverage/label/rh.BA3a_exvivo.label
srcsubject = fsaverage
trgsubject = sub-v2s7x29660_ses-1
trglabel = ./rh.BA3a_exvivo.label
regmethod = surface

srchemi = rh
trghemi = rh
trgsurface = white
srcsurfreg = sphere.reg
trgsurfreg = sphere.reg
usehash = 1
Use ProjAbs  = 0, 0
Use ProjFrac = 0, 0
DoPaint 0

SUBJECTS_DIR    /out/sourcedata/freesurfer
FREESURFER_HOME /opt/freesurfer
Loading source label.
Found 3980 points in source label.
Starting surface-based mapping
Reading source registration 
 /out/sourcedata/freesurfer/fsaverage/surf/rh.sphere.reg
Rescaling ...  original radius = 100
Reading target surface 
 /out/sourcedata/freesurfer/sub-v2s7x29660_ses-1/surf/rh.white
Reading target registration 
 /out/sourcedata/freesurfer/sub-v2s7x29660_ses-1/surf/rh.sphere.reg
Rescaling ...  original radius = 100
Building target registration hash (res=16).
Building source registration hash (res=16).
INFO: found  3980 nlabel points
Performing mapping from target back to the source label 155752
Number of reverse mapping hits = 155
Checking for and removing duplicates
Writing label file ./rh.BA3a_exvivo.label 4135
mri_label2label: Done


 mri_label2label --srcsubject fsaverage --srclabel /out/sourcedata/freesurfer/fsaverage/label/rh.BA3b_exvivo.label --trgsubject sub-v2s7x29660_ses-1 --trglabel ./rh.BA3b_exvivo.label --hemi rh --regmethod surface 


srclabel = /out/sourcedata/freesurfer/fsaverage/label/rh.BA3b_exvivo.label
srcsubject = fsaverage
trgsubject = sub-v2s7x29660_ses-1
trglabel = ./rh.BA3b_exvivo.label
regmethod = surface

srchemi = rh
trghemi = rh
trgsurface = white
srcsurfreg = sphere.reg
trgsurfreg = sphere.reg
usehash = 1
Use ProjAbs  = 0, 0
Use ProjFrac = 0, 0
DoPaint 0

SUBJECTS_DIR    /out/sourcedata/freesurfer
FREESURFER_HOME /opt/freesurfer
Loading source label.
Found 4522 points in source label.
Starting surface-based mapping
Reading source registration 
 /out/sourcedata/freesurfer/fsaverage/surf/rh.sphere.reg
Rescaling ...  original radius = 100
Reading target surface 
 /out/sourcedata/freesurfer/sub-v2s7x29660_ses-1/surf/rh.white
Reading target registration 
 /out/sourcedata/freesurfer/sub-v2s7x29660_ses-1/surf/rh.sphere.reg
Rescaling ...  original radius = 100
Building target registration hash (res=16).
Building source registration hash (res=16).
INFO: found  4522 nlabel points
Performing mapping from target back to the source label 155752
Number of reverse mapping hits = 437
Checking for and removing duplicates
Writing label file ./rh.BA3b_exvivo.label 4959
mri_label2label: Done


 mri_label2label --srcsubject fsaverage --srclabel /out/sourcedata/freesurfer/fsaverage/label/rh.BA4a_exvivo.label --trgsubject sub-v2s7x29660_ses-1 --trglabel ./rh.BA4a_exvivo.label --hemi rh --regmethod surface 


srclabel = /out/sourcedata/freesurfer/fsaverage/label/rh.BA4a_exvivo.label
srcsubject = fsaverage
trgsubject = sub-v2s7x29660_ses-1
trglabel = ./rh.BA4a_exvivo.label
regmethod = surface

srchemi = rh
trghemi = rh
trgsurface = white
srcsurfreg = sphere.reg
trgsurfreg = sphere.reg
usehash = 1
Use ProjAbs  = 0, 0
Use ProjFrac = 0, 0
DoPaint 0

SUBJECTS_DIR    /out/sourcedata/freesurfer
FREESURFER_HOME /opt/freesurfer
Loading source label.
Found 5747 points in source label.
Starting surface-based mapping
Reading source registration 
 /out/sourcedata/freesurfer/fsaverage/surf/rh.sphere.reg
Rescaling ...  original radius = 100
Reading target surface 
 /out/sourcedata/freesurfer/sub-v2s7x29660_ses-1/surf/rh.white
Reading target registration 
 /out/sourcedata/freesurfer/sub-v2s7x29660_ses-1/surf/rh.sphere.reg
Rescaling ...  original radius = 100
Building target registration hash (res=16).
Building source registration hash (res=16).
INFO: found  5747 nlabel points
Performing mapping from target back to the source label 155752
Number of reverse mapping hits = 226
Checking for and removing duplicates
Writing label file ./rh.BA4a_exvivo.label 5973
mri_label2label: Done


 mri_label2label --srcsubject fsaverage --srclabel /out/sourcedata/freesurfer/fsaverage/label/rh.BA4p_exvivo.label --trgsubject sub-v2s7x29660_ses-1 --trglabel ./rh.BA4p_exvivo.label --hemi rh --regmethod surface 


srclabel = /out/sourcedata/freesurfer/fsaverage/label/rh.BA4p_exvivo.label
srcsubject = fsaverage
trgsubject = sub-v2s7x29660_ses-1
trglabel = ./rh.BA4p_exvivo.label
regmethod = surface

srchemi = rh
trghemi = rh
trgsurface = white
srcsurfreg = sphere.reg
trgsurfreg = sphere.reg
usehash = 1
Use ProjAbs  = 0, 0
Use ProjFrac = 0, 0
DoPaint 0

SUBJECTS_DIR    /out/sourcedata/freesurfer
FREESURFER_HOME /opt/freesurfer
Loading source label.
Found 4473 points in source label.
Starting surface-based mapping
Reading source registration 
 /out/sourcedata/freesurfer/fsaverage/surf/rh.sphere.reg
Rescaling ...  original radius = 100
Reading target surface 
 /out/sourcedata/freesurfer/sub-v2s7x29660_ses-1/surf/rh.white
Reading target registration 
 /out/sourcedata/freesurfer/sub-v2s7x29660_ses-1/surf/rh.sphere.reg
Rescaling ...  original radius = 100
Building target registration hash (res=16).
Building source registration hash (res=16).
INFO: found  4473 nlabel points
Performing mapping from target back to the source label 155752
Number of reverse mapping hits = 101
Checking for and removing duplicates
Writing label file ./rh.BA4p_exvivo.label 4574
mri_label2label: Done


 mri_label2label --srcsubject fsaverage --srclabel /out/sourcedata/freesurfer/fsaverage/label/rh.BA6_exvivo.label --trgsubject sub-v2s7x29660_ses-1 --trglabel ./rh.BA6_exvivo.label --hemi rh --regmethod surface 


srclabel = /out/sourcedata/freesurfer/fsaverage/label/rh.BA6_exvivo.label
srcsubject = fsaverage
trgsubject = sub-v2s7x29660_ses-1
trglabel = ./rh.BA6_exvivo.label
regmethod = surface

srchemi = rh
trghemi = rh
trgsurface = white
srcsurfreg = sphere.reg
trgsurfreg = sphere.reg
usehash = 1
Use ProjAbs  = 0, 0
Use ProjFrac = 0, 0
DoPaint 0

SUBJECTS_DIR    /out/sourcedata/freesurfer
FREESURFER_HOME /opt/freesurfer
Loading source label.
Found 12256 points in source label.
Starting surface-based mapping
Reading source registration 
 /out/sourcedata/freesurfer/fsaverage/surf/rh.sphere.reg
Rescaling ...  original radius = 100
Reading target surface 
 /out/sourcedata/freesurfer/sub-v2s7x29660_ses-1/surf/rh.white
Reading target registration 
 /out/sourcedata/freesurfer/sub-v2s7x29660_ses-1/surf/rh.sphere.reg
Rescaling ...  original radius = 100
Building target registration hash (res=16).
Building source registration hash (res=16).
INFO: found  12256 nlabel points
Performing mapping from target back to the source label 155752
Number of reverse mapping hits = 757
Checking for and removing duplicates
Writing label file ./rh.BA6_exvivo.label 13013
mri_label2label: Done


 mri_label2label --srcsubject fsaverage --srclabel /out/sourcedata/freesurfer/fsaverage/label/rh.BA44_exvivo.label --trgsubject sub-v2s7x29660_ses-1 --trglabel ./rh.BA44_exvivo.label --hemi rh --regmethod surface 


srclabel = /out/sourcedata/freesurfer/fsaverage/label/rh.BA44_exvivo.label
srcsubject = fsaverage
trgsubject = sub-v2s7x29660_ses-1
trglabel = ./rh.BA44_exvivo.label
regmethod = surface

srchemi = rh
trghemi = rh
trgsurface = white
srcsurfreg = sphere.reg
trgsurfreg = sphere.reg
usehash = 1
Use ProjAbs  = 0, 0
Use ProjFrac = 0, 0
DoPaint 0

SUBJECTS_DIR    /out/sourcedata/freesurfer
FREESURFER_HOME /opt/freesurfer
Loading source label.
Found 6912 points in source label.
Starting surface-based mapping
Reading source registration 
 /out/sourcedata/freesurfer/fsaverage/surf/rh.sphere.reg
Rescaling ...  original radius = 100
Reading target surface 
 /out/sourcedata/freesurfer/sub-v2s7x29660_ses-1/surf/rh.white
Reading target registration 
 /out/sourcedata/freesurfer/sub-v2s7x29660_ses-1/surf/rh.sphere.reg
Rescaling ...  original radius = 100
Building target registration hash (res=16).
Building source registration hash (res=16).
INFO: found  6912 nlabel points
Performing mapping from target back to the source label 155752
Number of reverse mapping hits = 402
Checking for and removing duplicates
Writing label file ./rh.BA44_exvivo.label 7314
mri_label2label: Done


 mri_label2label --srcsubject fsaverage --srclabel /out/sourcedata/freesurfer/fsaverage/label/rh.BA45_exvivo.label --trgsubject sub-v2s7x29660_ses-1 --trglabel ./rh.BA45_exvivo.label --hemi rh --regmethod surface 


srclabel = /out/sourcedata/freesurfer/fsaverage/label/rh.BA45_exvivo.label
srcsubject = fsaverage
trgsubject = sub-v2s7x29660_ses-1
trglabel = ./rh.BA45_exvivo.label
regmethod = surface

srchemi = rh
trghemi = rh
trgsurface = white
srcsurfreg = sphere.reg
trgsurfreg = sphere.reg
usehash = 1
Use ProjAbs  = 0, 0
Use ProjFrac = 0, 0
DoPaint 0

SUBJECTS_DIR    /out/sourcedata/freesurfer
FREESURFER_HOME /opt/freesurfer
Loading source label.
Found 5355 points in source label.
Starting surface-based mapping
Reading source registration 
 /out/sourcedata/freesurfer/fsaverage/surf/rh.sphere.reg
Rescaling ...  original radius = 100
Reading target surface 
 /out/sourcedata/freesurfer/sub-v2s7x29660_ses-1/surf/rh.white
Reading target registration 
 /out/sourcedata/freesurfer/sub-v2s7x29660_ses-1/surf/rh.sphere.reg
Rescaling ...  original radius = 100
Building target registration hash (res=16).
Building source registration hash (res=16).
INFO: found  5355 nlabel points
Performing mapping from target back to the source label 155752
Number of reverse mapping hits = 1001
Checking for and removing duplicates
Writing label file ./rh.BA45_exvivo.label 6356
mri_label2label: Done


 mri_label2label --srcsubject fsaverage --srclabel /out/sourcedata/freesurfer/fsaverage/label/rh.V1_exvivo.label --trgsubject sub-v2s7x29660_ses-1 --trglabel ./rh.V1_exvivo.label --hemi rh --regmethod surface 


srclabel = /out/sourcedata/freesurfer/fsaverage/label/rh.V1_exvivo.label
srcsubject = fsaverage
trgsubject = sub-v2s7x29660_ses-1
trglabel = ./rh.V1_exvivo.label
regmethod = surface

srchemi = rh
trghemi = rh
trgsurface = white
srcsurfreg = sphere.reg
trgsurfreg = sphere.reg
usehash = 1
Use ProjAbs  = 0, 0
Use ProjFrac = 0, 0
DoPaint 0

SUBJECTS_DIR    /out/sourcedata/freesurfer
FREESURFER_HOME /opt/freesurfer
Loading source label.
Found 4727 points in source label.
Starting surface-based mapping
Reading source registration 
 /out/sourcedata/freesurfer/fsaverage/surf/rh.sphere.reg
Rescaling ...  original radius = 100
Reading target surface 
 /out/sourcedata/freesurfer/sub-v2s7x29660_ses-1/surf/rh.white
Reading target registration 
 /out/sourcedata/freesurfer/sub-v2s7x29660_ses-1/surf/rh.sphere.reg
Rescaling ...  original radius = 100
Building target registration hash (res=16).
Building source registration hash (res=16).
INFO: found  4727 nlabel points
Performing mapping from target back to the source label 155752
Number of reverse mapping hits = 3430
Checking for and removing duplicates
Writing label file ./rh.V1_exvivo.label 8157
mri_label2label: Done


 mri_label2label --srcsubject fsaverage --srclabel /out/sourcedata/freesurfer/fsaverage/label/rh.V2_exvivo.label --trgsubject sub-v2s7x29660_ses-1 --trglabel ./rh.V2_exvivo.label --hemi rh --regmethod surface 


srclabel = /out/sourcedata/freesurfer/fsaverage/label/rh.V2_exvivo.label
srcsubject = fsaverage
trgsubject = sub-v2s7x29660_ses-1
trglabel = ./rh.V2_exvivo.label
regmethod = surface

srchemi = rh
trghemi = rh
trgsurface = white
srcsurfreg = sphere.reg
trgsurfreg = sphere.reg
usehash = 1
Use ProjAbs  = 0, 0
Use ProjFrac = 0, 0
DoPaint 0

SUBJECTS_DIR    /out/sourcedata/freesurfer
FREESURFER_HOME /opt/freesurfer
Loading source label.
Found 8016 points in source label.
Starting surface-based mapping
Reading source registration 
 /out/sourcedata/freesurfer/fsaverage/surf/rh.sphere.reg
Rescaling ...  original radius = 100
Reading target surface 
 /out/sourcedata/freesurfer/sub-v2s7x29660_ses-1/surf/rh.white
Reading target registration 
 /out/sourcedata/freesurfer/sub-v2s7x29660_ses-1/surf/rh.sphere.reg
Rescaling ...  original radius = 100
Building target registration hash (res=16).
Building source registration hash (res=16).
INFO: found  8016 nlabel points
Performing mapping from target back to the source label 155752
Number of reverse mapping hits = 5458
Checking for and removing duplicates
Writing label file ./rh.V2_exvivo.label 13474
mri_label2label: Done


 mri_label2label --srcsubject fsaverage --srclabel /out/sourcedata/freesurfer/fsaverage/label/rh.MT_exvivo.label --trgsubject sub-v2s7x29660_ses-1 --trglabel ./rh.MT_exvivo.label --hemi rh --regmethod surface 


srclabel = /out/sourcedata/freesurfer/fsaverage/label/rh.MT_exvivo.label
srcsubject = fsaverage
trgsubject = sub-v2s7x29660_ses-1
trglabel = ./rh.MT_exvivo.label
regmethod = surface

srchemi = rh
trghemi = rh
trgsurface = white
srcsurfreg = sphere.reg
trgsurfreg = sphere.reg
usehash = 1
Use ProjAbs  = 0, 0
Use ProjFrac = 0, 0
DoPaint 0

SUBJECTS_DIR    /out/sourcedata/freesurfer
FREESURFER_HOME /opt/freesurfer
Loading source label.
Found 1932 points in source label.
Starting surface-based mapping
Reading source registration 
 /out/sourcedata/freesurfer/fsaverage/surf/rh.sphere.reg
Rescaling ...  original radius = 100
Reading target surface 
 /out/sourcedata/freesurfer/sub-v2s7x29660_ses-1/surf/rh.white
Reading target registration 
 /out/sourcedata/freesurfer/sub-v2s7x29660_ses-1/surf/rh.sphere.reg
Rescaling ...  original radius = 100
Building target registration hash (res=16).
Building source registration hash (res=16).
INFO: found  1932 nlabel points
Performing mapping from target back to the source label 155752
Number of reverse mapping hits = 867
Checking for and removing duplicates
Writing label file ./rh.MT_exvivo.label 2799
mri_label2label: Done


 mri_label2label --srcsubject fsaverage --srclabel /out/sourcedata/freesurfer/fsaverage/label/rh.entorhinal_exvivo.label --trgsubject sub-v2s7x29660_ses-1 --trglabel ./rh.entorhinal_exvivo.label --hemi rh --regmethod surface 


srclabel = /out/sourcedata/freesurfer/fsaverage/label/rh.entorhinal_exvivo.label
srcsubject = fsaverage
trgsubject = sub-v2s7x29660_ses-1
trglabel = ./rh.entorhinal_exvivo.label
regmethod = surface

srchemi = rh
trghemi = rh
trgsurface = white
srcsurfreg = sphere.reg
trgsurfreg = sphere.reg
usehash = 1
Use ProjAbs  = 0, 0
Use ProjFrac = 0, 0
DoPaint 0

SUBJECTS_DIR    /out/sourcedata/freesurfer
FREESURFER_HOME /opt/freesurfer
Loading source label.
Found 1038 points in source label.
Starting surface-based mapping
Reading source registration 
 /out/sourcedata/freesurfer/fsaverage/surf/rh.sphere.reg
Rescaling ...  original radius = 100
Reading target surface 
 /out/sourcedata/freesurfer/sub-v2s7x29660_ses-1/surf/rh.white
Reading target registration 
 /out/sourcedata/freesurfer/sub-v2s7x29660_ses-1/surf/rh.sphere.reg
Rescaling ...  original radius = 100
Building target registration hash (res=16).
Building source registration hash (res=16).
INFO: found  1038 nlabel points
Performing mapping from target back to the source label 155752
Number of reverse mapping hits = 144
Checking for and removing duplicates
Writing label file ./rh.entorhinal_exvivo.label 1182
mri_label2label: Done


 mri_label2label --srcsubject fsaverage --srclabel /out/sourcedata/freesurfer/fsaverage/label/rh.perirhinal_exvivo.label --trgsubject sub-v2s7x29660_ses-1 --trglabel ./rh.perirhinal_exvivo.label --hemi rh --regmethod surface 


srclabel = /out/sourcedata/freesurfer/fsaverage/label/rh.perirhinal_exvivo.label
srcsubject = fsaverage
trgsubject = sub-v2s7x29660_ses-1
trglabel = ./rh.perirhinal_exvivo.label
regmethod = surface

srchemi = rh
trghemi = rh
trgsurface = white
srcsurfreg = sphere.reg
trgsurfreg = sphere.reg
usehash = 1
Use ProjAbs  = 0, 0
Use ProjFrac = 0, 0
DoPaint 0

SUBJECTS_DIR    /out/sourcedata/freesurfer
FREESURFER_HOME /opt/freesurfer
Loading source label.
Found 752 points in source label.
Starting surface-based mapping
Reading source registration 
 /out/sourcedata/freesurfer/fsaverage/surf/rh.sphere.reg
Rescaling ...  original radius = 100
Reading target surface 
 /out/sourcedata/freesurfer/sub-v2s7x29660_ses-1/surf/rh.white
Reading target registration 
 /out/sourcedata/freesurfer/sub-v2s7x29660_ses-1/surf/rh.sphere.reg
Rescaling ...  original radius = 100
Building target registration hash (res=16).
Building source registration hash (res=16).
INFO: found  752 nlabel points
Performing mapping from target back to the source label 155752
Number of reverse mapping hits = 119
Checking for and removing duplicates
Writing label file ./rh.perirhinal_exvivo.label 871
mri_label2label: Done


 mri_label2label --srcsubject fsaverage --srclabel /out/sourcedata/freesurfer/fsaverage/label/rh.FG1.mpm.vpnl.label --trgsubject sub-v2s7x29660_ses-1 --trglabel ./rh.FG1.mpm.vpnl.label --hemi rh --regmethod surface 


srclabel = /out/sourcedata/freesurfer/fsaverage/label/rh.FG1.mpm.vpnl.label
srcsubject = fsaverage
trgsubject = sub-v2s7x29660_ses-1
trglabel = ./rh.FG1.mpm.vpnl.label
regmethod = surface

srchemi = rh
trghemi = rh
trgsurface = white
srcsurfreg = sphere.reg
trgsurfreg = sphere.reg
usehash = 1
Use ProjAbs  = 0, 0
Use ProjFrac = 0, 0
DoPaint 0

SUBJECTS_DIR    /out/sourcedata/freesurfer
FREESURFER_HOME /opt/freesurfer
Loading source label.
Found 541 points in source label.
Starting surface-based mapping
Reading source registration 
 /out/sourcedata/freesurfer/fsaverage/surf/rh.sphere.reg
Rescaling ...  original radius = 100
Reading target surface 
 /out/sourcedata/freesurfer/sub-v2s7x29660_ses-1/surf/rh.white
Reading target registration 
 /out/sourcedata/freesurfer/sub-v2s7x29660_ses-1/surf/rh.sphere.reg
Rescaling ...  original radius = 100
Building target registration hash (res=16).
Building source registration hash (res=16).
INFO: found  541 nlabel points
Performing mapping from target back to the source label 155752
Number of reverse mapping hits = 277
Checking for and removing duplicates
Writing label file ./rh.FG1.mpm.vpnl.label 818
mri_label2label: Done


 mri_label2label --srcsubject fsaverage --srclabel /out/sourcedata/freesurfer/fsaverage/label/rh.FG2.mpm.vpnl.label --trgsubject sub-v2s7x29660_ses-1 --trglabel ./rh.FG2.mpm.vpnl.label --hemi rh --regmethod surface 


srclabel = /out/sourcedata/freesurfer/fsaverage/label/rh.FG2.mpm.vpnl.label
srcsubject = fsaverage
trgsubject = sub-v2s7x29660_ses-1
trglabel = ./rh.FG2.mpm.vpnl.label
regmethod = surface

srchemi = rh
trghemi = rh
trgsurface = white
srcsurfreg = sphere.reg
trgsurfreg = sphere.reg
usehash = 1
Use ProjAbs  = 0, 0
Use ProjFrac = 0, 0
DoPaint 0

SUBJECTS_DIR    /out/sourcedata/freesurfer
FREESURFER_HOME /opt/freesurfer
Loading source label.
Found 721 points in source label.
Starting surface-based mapping
Reading source registration 
 /out/sourcedata/freesurfer/fsaverage/surf/rh.sphere.reg
Rescaling ...  original radius = 100
Reading target surface 
 /out/sourcedata/freesurfer/sub-v2s7x29660_ses-1/surf/rh.white
Reading target registration 
 /out/sourcedata/freesurfer/sub-v2s7x29660_ses-1/surf/rh.sphere.reg
Rescaling ...  original radius = 100
Building target registration hash (res=16).
Building source registration hash (res=16).
INFO: found  721 nlabel points
Performing mapping from target back to the source label 155752
Number of reverse mapping hits = 289
Checking for and removing duplicates
Writing label file ./rh.FG2.mpm.vpnl.label 1010
mri_label2label: Done


 mri_label2label --srcsubject fsaverage --srclabel /out/sourcedata/freesurfer/fsaverage/label/rh.FG3.mpm.vpnl.label --trgsubject sub-v2s7x29660_ses-1 --trglabel ./rh.FG3.mpm.vpnl.label --hemi rh --regmethod surface 


srclabel = /out/sourcedata/freesurfer/fsaverage/label/rh.FG3.mpm.vpnl.label
srcsubject = fsaverage
trgsubject = sub-v2s7x29660_ses-1
trglabel = ./rh.FG3.mpm.vpnl.label
regmethod = surface

srchemi = rh
trghemi = rh
trgsurface = white
srcsurfreg = sphere.reg
trgsurfreg = sphere.reg
usehash = 1
Use ProjAbs  = 0, 0
Use ProjFrac = 0, 0
DoPaint 0

SUBJECTS_DIR    /out/sourcedata/freesurfer
FREESURFER_HOME /opt/freesurfer
Loading source label.
Found 1523 points in source label.
Starting surface-based mapping
Reading source registration 
 /out/sourcedata/freesurfer/fsaverage/surf/rh.sphere.reg
Rescaling ...  original radius = 100
Reading target surface 
 /out/sourcedata/freesurfer/sub-v2s7x29660_ses-1/surf/rh.white
Reading target registration 
 /out/sourcedata/freesurfer/sub-v2s7x29660_ses-1/surf/rh.sphere.reg
Rescaling ...  original radius = 100
Building target registration hash (res=16).
Building source registration hash (res=16).
INFO: found  1523 nlabel points
Performing mapping from target back to the source label 155752
Number of reverse mapping hits = 258
Checking for and removing duplicates
Writing label file ./rh.FG3.mpm.vpnl.label 1781
mri_label2label: Done


 mri_label2label --srcsubject fsaverage --srclabel /out/sourcedata/freesurfer/fsaverage/label/rh.FG4.mpm.vpnl.label --trgsubject sub-v2s7x29660_ses-1 --trglabel ./rh.FG4.mpm.vpnl.label --hemi rh --regmethod surface 


srclabel = /out/sourcedata/freesurfer/fsaverage/label/rh.FG4.mpm.vpnl.label
srcsubject = fsaverage
trgsubject = sub-v2s7x29660_ses-1
trglabel = ./rh.FG4.mpm.vpnl.label
regmethod = surface

srchemi = rh
trghemi = rh
trgsurface = white
srcsurfreg = sphere.reg
trgsurfreg = sphere.reg
usehash = 1
Use ProjAbs  = 0, 0
Use ProjFrac = 0, 0
DoPaint 0

SUBJECTS_DIR    /out/sourcedata/freesurfer
FREESURFER_HOME /opt/freesurfer
Loading source label.
Found 1586 points in source label.
Starting surface-based mapping
Reading source registration 
 /out/sourcedata/freesurfer/fsaverage/surf/rh.sphere.reg
Rescaling ...  original radius = 100
Reading target surface 
 /out/sourcedata/freesurfer/sub-v2s7x29660_ses-1/surf/rh.white
Reading target registration 
 /out/sourcedata/freesurfer/sub-v2s7x29660_ses-1/surf/rh.sphere.reg
Rescaling ...  original radius = 100
Building target registration hash (res=16).
Building source registration hash (res=16).
INFO: found  1586 nlabel points
Performing mapping from target back to the source label 155752
Number of reverse mapping hits = 258
Checking for and removing duplicates
Writing label file ./rh.FG4.mpm.vpnl.label 1844
mri_label2label: Done


 mri_label2label --srcsubject fsaverage --srclabel /out/sourcedata/freesurfer/fsaverage/label/rh.hOc1.mpm.vpnl.label --trgsubject sub-v2s7x29660_ses-1 --trglabel ./rh.hOc1.mpm.vpnl.label --hemi rh --regmethod surface 


srclabel = /out/sourcedata/freesurfer/fsaverage/label/rh.hOc1.mpm.vpnl.label
srcsubject = fsaverage
trgsubject = sub-v2s7x29660_ses-1
trglabel = ./rh.hOc1.mpm.vpnl.label
regmethod = surface

srchemi = rh
trghemi = rh
trgsurface = white
srcsurfreg = sphere.reg
trgsurfreg = sphere.reg
usehash = 1
Use ProjAbs  = 0, 0
Use ProjFrac = 0, 0
DoPaint 0

SUBJECTS_DIR    /out/sourcedata/freesurfer
FREESURFER_HOME /opt/freesurfer
Loading source label.
Found 3667 points in source label.
Starting surface-based mapping
Reading source registration 
 /out/sourcedata/freesurfer/fsaverage/surf/rh.sphere.reg
Rescaling ...  original radius = 100
Reading target surface 
 /out/sourcedata/freesurfer/sub-v2s7x29660_ses-1/surf/rh.white
Reading target registration 
 /out/sourcedata/freesurfer/sub-v2s7x29660_ses-1/surf/rh.sphere.reg
Rescaling ...  original radius = 100
Building target registration hash (res=16).
Building source registration hash (res=16).
INFO: found  3667 nlabel points
Performing mapping from target back to the source label 155752
Number of reverse mapping hits = 2661
Checking for and removing duplicates
Writing label file ./rh.hOc1.mpm.vpnl.label 6328
mri_label2label: Done


 mri_label2label --srcsubject fsaverage --srclabel /out/sourcedata/freesurfer/fsaverage/label/rh.hOc2.mpm.vpnl.label --trgsubject sub-v2s7x29660_ses-1 --trglabel ./rh.hOc2.mpm.vpnl.label --hemi rh --regmethod surface 


srclabel = /out/sourcedata/freesurfer/fsaverage/label/rh.hOc2.mpm.vpnl.label
srcsubject = fsaverage
trgsubject = sub-v2s7x29660_ses-1
trglabel = ./rh.hOc2.mpm.vpnl.label
regmethod = surface

srchemi = rh
trghemi = rh
trgsurface = white
srcsurfreg = sphere.reg
trgsurfreg = sphere.reg
usehash = 1
Use ProjAbs  = 0, 0
Use ProjFrac = 0, 0
DoPaint 0

SUBJECTS_DIR    /out/sourcedata/freesurfer
FREESURFER_HOME /opt/freesurfer
Loading source label.
Found 2719 points in source label.
Starting surface-based mapping
Reading source registration 
 /out/sourcedata/freesurfer/fsaverage/surf/rh.sphere.reg
Rescaling ...  original radius = 100
Reading target surface 
 /out/sourcedata/freesurfer/sub-v2s7x29660_ses-1/surf/rh.white
Reading target registration 
 /out/sourcedata/freesurfer/sub-v2s7x29660_ses-1/surf/rh.sphere.reg
Rescaling ...  original radius = 100
Building target registration hash (res=16).
Building source registration hash (res=16).
INFO: found  2719 nlabel points
Performing mapping from target back to the source label 155752
Number of reverse mapping hits = 1993
Checking for and removing duplicates
Writing label file ./rh.hOc2.mpm.vpnl.label 4712
mri_label2label: Done


 mri_label2label --srcsubject fsaverage --srclabel /out/sourcedata/freesurfer/fsaverage/label/rh.hOc3v.mpm.vpnl.label --trgsubject sub-v2s7x29660_ses-1 --trglabel ./rh.hOc3v.mpm.vpnl.label --hemi rh --regmethod surface 


srclabel = /out/sourcedata/freesurfer/fsaverage/label/rh.hOc3v.mpm.vpnl.label
srcsubject = fsaverage
trgsubject = sub-v2s7x29660_ses-1
trglabel = ./rh.hOc3v.mpm.vpnl.label
regmethod = surface

srchemi = rh
trghemi = rh
trgsurface = white
srcsurfreg = sphere.reg
trgsurfreg = sphere.reg
usehash = 1
Use ProjAbs  = 0, 0
Use ProjFrac = 0, 0
DoPaint 0

SUBJECTS_DIR    /out/sourcedata/freesurfer
FREESURFER_HOME /opt/freesurfer
Loading source label.
Found 1228 points in source label.
Starting surface-based mapping
Reading source registration 
 /out/sourcedata/freesurfer/fsaverage/surf/rh.sphere.reg
Rescaling ...  original radius = 100
Reading target surface 
 /out/sourcedata/freesurfer/sub-v2s7x29660_ses-1/surf/rh.white
Reading target registration 
 /out/sourcedata/freesurfer/sub-v2s7x29660_ses-1/surf/rh.sphere.reg
Rescaling ...  original radius = 100
Building target registration hash (res=16).
Building source registration hash (res=16).
INFO: found  1228 nlabel points
Performing mapping from target back to the source label 155752
Number of reverse mapping hits = 833
Checking for and removing duplicates
Writing label file ./rh.hOc3v.mpm.vpnl.label 2061
mri_label2label: Done


 mri_label2label --srcsubject fsaverage --srclabel /out/sourcedata/freesurfer/fsaverage/label/rh.hOc4v.mpm.vpnl.label --trgsubject sub-v2s7x29660_ses-1 --trglabel ./rh.hOc4v.mpm.vpnl.label --hemi rh --regmethod surface 


srclabel = /out/sourcedata/freesurfer/fsaverage/label/rh.hOc4v.mpm.vpnl.label
srcsubject = fsaverage
trgsubject = sub-v2s7x29660_ses-1
trglabel = ./rh.hOc4v.mpm.vpnl.label
regmethod = surface

srchemi = rh
trghemi = rh
trgsurface = white
srcsurfreg = sphere.reg
trgsurfreg = sphere.reg
usehash = 1
Use ProjAbs  = 0, 0
Use ProjFrac = 0, 0
DoPaint 0

SUBJECTS_DIR    /out/sourcedata/freesurfer
FREESURFER_HOME /opt/freesurfer
Loading source label.
Found 1025 points in source label.
Starting surface-based mapping
Reading source registration 
 /out/sourcedata/freesurfer/fsaverage/surf/rh.sphere.reg
Rescaling ...  original radius = 100
Reading target surface 
 /out/sourcedata/freesurfer/sub-v2s7x29660_ses-1/surf/rh.white
Reading target registration 
 /out/sourcedata/freesurfer/sub-v2s7x29660_ses-1/surf/rh.sphere.reg
Rescaling ...  original radius = 100
Building target registration hash (res=16).
Building source registration hash (res=16).
INFO: found  1025 nlabel points
Performing mapping from target back to the source label 155752
Number of reverse mapping hits = 564
Checking for and removing duplicates
Writing label file ./rh.hOc4v.mpm.vpnl.label 1589
mri_label2label: Done


 mris_label2annot --s sub-v2s7x29660_ses-1 --ctab /opt/freesurfer/average/colortable_vpnl.txt --hemi rh --a mpm.vpnl --maxstatwinner --noverbose --l rh.FG1.mpm.vpnl.label --l rh.FG2.mpm.vpnl.label --l rh.FG3.mpm.vpnl.label --l rh.FG4.mpm.vpnl.label --l rh.hOc1.mpm.vpnl.label --l rh.hOc2.mpm.vpnl.label --l rh.hOc3v.mpm.vpnl.label --l rh.hOc4v.mpm.vpnl.label 

Reading ctab /opt/freesurfer/average/colortable_vpnl.txt
Number of ctab entries 9

7.3.2
cwd /out/sourcedata/freesurfer/sub-v2s7x29660_ses-1/label
cmdline mris_label2annot --s sub-v2s7x29660_ses-1 --ctab /opt/freesurfer/average/colortable_vpnl.txt --hemi rh --a mpm.vpnl --maxstatwinner --noverbose --l rh.FG1.mpm.vpnl.label --l rh.FG2.mpm.vpnl.label --l rh.FG3.mpm.vpnl.label --l rh.FG4.mpm.vpnl.label --l rh.hOc1.mpm.vpnl.label --l rh.hOc2.mpm.vpnl.label --l rh.hOc3v.mpm.vpnl.label --l rh.hOc4v.mpm.vpnl.label 
sysname  Linux
hostname dna020
machine  x86_64
user     oesteban

subject sub-v2s7x29660_ses-1
hemi    rh
SUBJECTS_DIR /out/sourcedata/freesurfer
ColorTable /opt/freesurfer/average/colortable_vpnl.txt
AnnotName  mpm.vpnl
nlables 8
LabelThresh 0 0.000000
Loading /out/sourcedata/freesurfer/sub-v2s7x29660_ses-1/surf/rh.orig
 1 1376057 FG1
 2 16711935 FG2
 3 16711680 FG3
 4 1705837 FG4
 5 25600 hOc1
 6 255 hOc2
 7 16776960 hOc3v
 8 65535 hOc4v
Mapping unhit to unknown
Found 136289 unhit vertices
Writing annot to /out/sourcedata/freesurfer/sub-v2s7x29660_ses-1/label/rh.mpm.vpnl.annot

 mri_label2label --srcsubject fsaverage --srclabel /out/sourcedata/freesurfer/fsaverage/label/rh.BA1_exvivo.thresh.label --trgsubject sub-v2s7x29660_ses-1 --trglabel ./rh.BA1_exvivo.thresh.label --hemi rh --regmethod surface 


srclabel = /out/sourcedata/freesurfer/fsaverage/label/rh.BA1_exvivo.thresh.label
srcsubject = fsaverage
trgsubject = sub-v2s7x29660_ses-1
trglabel = ./rh.BA1_exvivo.thresh.label
regmethod = surface

srchemi = rh
trghemi = rh
trgsurface = white
srcsurfreg = sphere.reg
trgsurfreg = sphere.reg
usehash = 1
Use ProjAbs  = 0, 0
Use ProjFrac = 0, 0
DoPaint 0

SUBJECTS_DIR    /out/sourcedata/freesurfer
FREESURFER_HOME /opt/freesurfer
Loading source label.
Found 876 points in source label.
Starting surface-based mapping
Reading source registration 
 /out/sourcedata/freesurfer/fsaverage/surf/rh.sphere.reg
Rescaling ...  original radius = 100
Reading target surface 
 /out/sourcedata/freesurfer/sub-v2s7x29660_ses-1/surf/rh.white
Reading target registration 
 /out/sourcedata/freesurfer/sub-v2s7x29660_ses-1/surf/rh.sphere.reg
Rescaling ...  original radius = 100
Building target registration hash (res=16).
Building source registration hash (res=16).
INFO: found  876 nlabel points
Performing mapping from target back to the source label 155752
Number of reverse mapping hits = 172
Checking for and removing duplicates
Writing label file ./rh.BA1_exvivo.thresh.label 1048
mri_label2label: Done


 mri_label2label --srcsubject fsaverage --srclabel /out/sourcedata/freesurfer/fsaverage/label/rh.BA2_exvivo.thresh.label --trgsubject sub-v2s7x29660_ses-1 --trglabel ./rh.BA2_exvivo.thresh.label --hemi rh --regmethod surface 


srclabel = /out/sourcedata/freesurfer/fsaverage/label/rh.BA2_exvivo.thresh.label
srcsubject = fsaverage
trgsubject = sub-v2s7x29660_ses-1
trglabel = ./rh.BA2_exvivo.thresh.label
regmethod = surface

srchemi = rh
trghemi = rh
trgsurface = white
srcsurfreg = sphere.reg
trgsurfreg = sphere.reg
usehash = 1
Use ProjAbs  = 0, 0
Use ProjFrac = 0, 0
DoPaint 0

SUBJECTS_DIR    /out/sourcedata/freesurfer
FREESURFER_HOME /opt/freesurfer
Loading source label.
Found 2688 points in source label.
Starting surface-based mapping
Reading source registration 
 /out/sourcedata/freesurfer/fsaverage/surf/rh.sphere.reg
Rescaling ...  original radius = 100
Reading target surface 
 /out/sourcedata/freesurfer/sub-v2s7x29660_ses-1/surf/rh.white
Reading target registration 
 /out/sourcedata/freesurfer/sub-v2s7x29660_ses-1/surf/rh.sphere.reg
Rescaling ...  original radius = 100
Building target registration hash (res=16).
Building source registration hash (res=16).
INFO: found  2688 nlabel points
Performing mapping from target back to the source label 155752
Number of reverse mapping hits = 99
Checking for and removing duplicates
Writing label file ./rh.BA2_exvivo.thresh.label 2787
mri_label2label: Done


 mri_label2label --srcsubject fsaverage --srclabel /out/sourcedata/freesurfer/fsaverage/label/rh.BA3a_exvivo.thresh.label --trgsubject sub-v2s7x29660_ses-1 --trglabel ./rh.BA3a_exvivo.thresh.label --hemi rh --regmethod surface 


srclabel = /out/sourcedata/freesurfer/fsaverage/label/rh.BA3a_exvivo.thresh.label
srcsubject = fsaverage
trgsubject = sub-v2s7x29660_ses-1
trglabel = ./rh.BA3a_exvivo.thresh.label
regmethod = surface

srchemi = rh
trghemi = rh
trgsurface = white
srcsurfreg = sphere.reg
trgsurfreg = sphere.reg
usehash = 1
Use ProjAbs  = 0, 0
Use ProjFrac = 0, 0
DoPaint 0

SUBJECTS_DIR    /out/sourcedata/freesurfer
FREESURFER_HOME /opt/freesurfer
Loading source label.
Found 1698 points in source label.
Starting surface-based mapping
Reading source registration 
 /out/sourcedata/freesurfer/fsaverage/surf/rh.sphere.reg
Rescaling ...  original radius = 100
Reading target surface 
 /out/sourcedata/freesurfer/sub-v2s7x29660_ses-1/surf/rh.white
Reading target registration 
 /out/sourcedata/freesurfer/sub-v2s7x29660_ses-1/surf/rh.sphere.reg
Rescaling ...  original radius = 100
Building target registration hash (res=16).
Building source registration hash (res=16).
INFO: found  1698 nlabel points
Performing mapping from target back to the source label 155752
Number of reverse mapping hits = 46
Checking for and removing duplicates
Writing label file ./rh.BA3a_exvivo.thresh.label 1744
mri_label2label: Done


 mri_label2label --srcsubject fsaverage --srclabel /out/sourcedata/freesurfer/fsaverage/label/rh.BA3b_exvivo.thresh.label --trgsubject sub-v2s7x29660_ses-1 --trglabel ./rh.BA3b_exvivo.thresh.label --hemi rh --regmethod surface 


srclabel = /out/sourcedata/freesurfer/fsaverage/label/rh.BA3b_exvivo.thresh.label
srcsubject = fsaverage
trgsubject = sub-v2s7x29660_ses-1
trglabel = ./rh.BA3b_exvivo.thresh.label
regmethod = surface

srchemi = rh
trghemi = rh
trgsurface = white
srcsurfreg = sphere.reg
trgsurfreg = sphere.reg
usehash = 1
Use ProjAbs  = 0, 0
Use ProjFrac = 0, 0
DoPaint 0

SUBJECTS_DIR    /out/sourcedata/freesurfer
FREESURFER_HOME /opt/freesurfer
Loading source label.
Found 2183 points in source label.
Starting surface-based mapping
Reading source registration 
 /out/sourcedata/freesurfer/fsaverage/surf/rh.sphere.reg
Rescaling ...  original radius = 100
Reading target surface 
 /out/sourcedata/freesurfer/sub-v2s7x29660_ses-1/surf/rh.white
Reading target registration 
 /out/sourcedata/freesurfer/sub-v2s7x29660_ses-1/surf/rh.sphere.reg
Rescaling ...  original radius = 100
Building target registration hash (res=16).
Building source registration hash (res=16).
INFO: found  2183 nlabel points
Performing mapping from target back to the source label 155752
Number of reverse mapping hits = 216
Checking for and removing duplicates
Writing label file ./rh.BA3b_exvivo.thresh.label 2399
mri_label2label: Done


 mri_label2label --srcsubject fsaverage --srclabel /out/sourcedata/freesurfer/fsaverage/label/rh.BA4a_exvivo.thresh.label --trgsubject sub-v2s7x29660_ses-1 --trglabel ./rh.BA4a_exvivo.thresh.label --hemi rh --regmethod surface 


srclabel = /out/sourcedata/freesurfer/fsaverage/label/rh.BA4a_exvivo.thresh.label
srcsubject = fsaverage
trgsubject = sub-v2s7x29660_ses-1
trglabel = ./rh.BA4a_exvivo.thresh.label
regmethod = surface

srchemi = rh
trghemi = rh
trgsurface = white
srcsurfreg = sphere.reg
trgsurfreg = sphere.reg
usehash = 1
Use ProjAbs  = 0, 0
Use ProjFrac = 0, 0
DoPaint 0

SUBJECTS_DIR    /out/sourcedata/freesurfer
FREESURFER_HOME /opt/freesurfer
Loading source label.
Found 1388 points in source label.
Starting surface-based mapping
Reading source registration 
 /out/sourcedata/freesurfer/fsaverage/surf/rh.sphere.reg
Rescaling ...  original radius = 100
Reading target surface 
 /out/sourcedata/freesurfer/sub-v2s7x29660_ses-1/surf/rh.white
Reading target registration 
 /out/sourcedata/freesurfer/sub-v2s7x29660_ses-1/surf/rh.sphere.reg
Rescaling ...  original radius = 100
Building target registration hash (res=16).
Building source registration hash (res=16).
INFO: found  1388 nlabel points
Performing mapping from target back to the source label 155752
Number of reverse mapping hits = 19
Checking for and removing duplicates
Writing label file ./rh.BA4a_exvivo.thresh.label 1407
mri_label2label: Done


 mri_label2label --srcsubject fsaverage --srclabel /out/sourcedata/freesurfer/fsaverage/label/rh.BA4p_exvivo.thresh.label --trgsubject sub-v2s7x29660_ses-1 --trglabel ./rh.BA4p_exvivo.thresh.label --hemi rh --regmethod surface 


srclabel = /out/sourcedata/freesurfer/fsaverage/label/rh.BA4p_exvivo.thresh.label
srcsubject = fsaverage
trgsubject = sub-v2s7x29660_ses-1
trglabel = ./rh.BA4p_exvivo.thresh.label
regmethod = surface

srchemi = rh
trghemi = rh
trgsurface = white
srcsurfreg = sphere.reg
trgsurfreg = sphere.reg
usehash = 1
Use ProjAbs  = 0, 0
Use ProjFrac = 0, 0
DoPaint 0

SUBJECTS_DIR    /out/sourcedata/freesurfer
FREESURFER_HOME /opt/freesurfer
Loading source label.
Found 1489 points in source label.
Starting surface-based mapping
Reading source registration 
 /out/sourcedata/freesurfer/fsaverage/surf/rh.sphere.reg
Rescaling ...  original radius = 100
Reading target surface 
 /out/sourcedata/freesurfer/sub-v2s7x29660_ses-1/surf/rh.white
Reading target registration 
 /out/sourcedata/freesurfer/sub-v2s7x29660_ses-1/surf/rh.sphere.reg
Rescaling ...  original radius = 100
Building target registration hash (res=16).
Building source registration hash (res=16).
INFO: found  1489 nlabel points
Performing mapping from target back to the source label 155752
Number of reverse mapping hits = 34
Checking for and removing duplicates
Writing label file ./rh.BA4p_exvivo.thresh.label 1523
mri_label2label: Done


 mri_label2label --srcsubject fsaverage --srclabel /out/sourcedata/freesurfer/fsaverage/label/rh.BA6_exvivo.thresh.label --trgsubject sub-v2s7x29660_ses-1 --trglabel ./rh.BA6_exvivo.thresh.label --hemi rh --regmethod surface 


srclabel = /out/sourcedata/freesurfer/fsaverage/label/rh.BA6_exvivo.thresh.label
srcsubject = fsaverage
trgsubject = sub-v2s7x29660_ses-1
trglabel = ./rh.BA6_exvivo.thresh.label
regmethod = surface

srchemi = rh
trghemi = rh
trgsurface = white
srcsurfreg = sphere.reg
trgsurfreg = sphere.reg
usehash = 1
Use ProjAbs  = 0, 0
Use ProjFrac = 0, 0
DoPaint 0

SUBJECTS_DIR    /out/sourcedata/freesurfer
FREESURFER_HOME /opt/freesurfer
Loading source label.
Found 6959 points in source label.
Starting surface-based mapping
Reading source registration 
 /out/sourcedata/freesurfer/fsaverage/surf/rh.sphere.reg
Rescaling ...  original radius = 100
Reading target surface 
 /out/sourcedata/freesurfer/sub-v2s7x29660_ses-1/surf/rh.white
Reading target registration 
 /out/sourcedata/freesurfer/sub-v2s7x29660_ses-1/surf/rh.sphere.reg
Rescaling ...  original radius = 100
Building target registration hash (res=16).
Building source registration hash (res=16).
INFO: found  6959 nlabel points
Performing mapping from target back to the source label 155752
Number of reverse mapping hits = 419
Checking for and removing duplicates
Writing label file ./rh.BA6_exvivo.thresh.label 7378
mri_label2label: Done


 mri_label2label --srcsubject fsaverage --srclabel /out/sourcedata/freesurfer/fsaverage/label/rh.BA44_exvivo.thresh.label --trgsubject sub-v2s7x29660_ses-1 --trglabel ./rh.BA44_exvivo.thresh.label --hemi rh --regmethod surface 


srclabel = /out/sourcedata/freesurfer/fsaverage/label/rh.BA44_exvivo.thresh.label
srcsubject = fsaverage
trgsubject = sub-v2s7x29660_ses-1
trglabel = ./rh.BA44_exvivo.thresh.label
regmethod = surface

srchemi = rh
trghemi = rh
trgsurface = white
srcsurfreg = sphere.reg
trgsurfreg = sphere.reg
usehash = 1
Use ProjAbs  = 0, 0
Use ProjFrac = 0, 0
DoPaint 0

SUBJECTS_DIR    /out/sourcedata/freesurfer
FREESURFER_HOME /opt/freesurfer
Loading source label.
Found 1012 points in source label.
Starting surface-based mapping
Reading source registration 
 /out/sourcedata/freesurfer/fsaverage/surf/rh.sphere.reg
Rescaling ...  original radius = 100
Reading target surface 
 /out/sourcedata/freesurfer/sub-v2s7x29660_ses-1/surf/rh.white
Reading target registration 
 /out/sourcedata/freesurfer/sub-v2s7x29660_ses-1/surf/rh.sphere.reg
Rescaling ...  original radius = 100
Building target registration hash (res=16).
Building source registration hash (res=16).
INFO: found  1012 nlabel points
Performing mapping from target back to the source label 155752
Number of reverse mapping hits = 23
Checking for and removing duplicates
Writing label file ./rh.BA44_exvivo.thresh.label 1035
mri_label2label: Done


 mri_label2label --srcsubject fsaverage --srclabel /out/sourcedata/freesurfer/fsaverage/label/rh.BA45_exvivo.thresh.label --trgsubject sub-v2s7x29660_ses-1 --trglabel ./rh.BA45_exvivo.thresh.label --hemi rh --regmethod surface 


srclabel = /out/sourcedata/freesurfer/fsaverage/label/rh.BA45_exvivo.thresh.label
srcsubject = fsaverage
trgsubject = sub-v2s7x29660_ses-1
trglabel = ./rh.BA45_exvivo.thresh.label
regmethod = surface

srchemi = rh
trghemi = rh
trgsurface = white
srcsurfreg = sphere.reg
trgsurfreg = sphere.reg
usehash = 1
Use ProjAbs  = 0, 0
Use ProjFrac = 0, 0
DoPaint 0

SUBJECTS_DIR    /out/sourcedata/freesurfer
FREESURFER_HOME /opt/freesurfer
Loading source label.
Found 1178 points in source label.
Starting surface-based mapping
Reading source registration 
 /out/sourcedata/freesurfer/fsaverage/surf/rh.sphere.reg
Rescaling ...  original radius = 100
Reading target surface 
 /out/sourcedata/freesurfer/sub-v2s7x29660_ses-1/surf/rh.white
Reading target registration 
 /out/sourcedata/freesurfer/sub-v2s7x29660_ses-1/surf/rh.sphere.reg
Rescaling ...  original radius = 100
Building target registration hash (res=16).
Building source registration hash (res=16).
INFO: found  1178 nlabel points
Performing mapping from target back to the source label 155752
Number of reverse mapping hits = 125
Checking for and removing duplicates
Writing label file ./rh.BA45_exvivo.thresh.label 1303
mri_label2label: Done


 mri_label2label --srcsubject fsaverage --srclabel /out/sourcedata/freesurfer/fsaverage/label/rh.V1_exvivo.thresh.label --trgsubject sub-v2s7x29660_ses-1 --trglabel ./rh.V1_exvivo.thresh.label --hemi rh --regmethod surface 


srclabel = /out/sourcedata/freesurfer/fsaverage/label/rh.V1_exvivo.thresh.label
srcsubject = fsaverage
trgsubject = sub-v2s7x29660_ses-1
trglabel = ./rh.V1_exvivo.thresh.label
regmethod = surface

srchemi = rh
trghemi = rh
trgsurface = white
srcsurfreg = sphere.reg
trgsurfreg = sphere.reg
usehash = 1
Use ProjAbs  = 0, 0
Use ProjFrac = 0, 0
DoPaint 0

SUBJECTS_DIR    /out/sourcedata/freesurfer
FREESURFER_HOME /opt/freesurfer
Loading source label.
Found 3232 points in source label.
Starting surface-based mapping
Reading source registration 
 /out/sourcedata/freesurfer/fsaverage/surf/rh.sphere.reg
Rescaling ...  original radius = 100
Reading target surface 
 /out/sourcedata/freesurfer/sub-v2s7x29660_ses-1/surf/rh.white
Reading target registration 
 /out/sourcedata/freesurfer/sub-v2s7x29660_ses-1/surf/rh.sphere.reg
Rescaling ...  original radius = 100
Building target registration hash (res=16).
Building source registration hash (res=16).
INFO: found  3232 nlabel points
Performing mapping from target back to the source label 155752
Number of reverse mapping hits = 2383
Checking for and removing duplicates
Writing label file ./rh.V1_exvivo.thresh.label 5615
mri_label2label: Done


 mri_label2label --srcsubject fsaverage --srclabel /out/sourcedata/freesurfer/fsaverage/label/rh.V2_exvivo.thresh.label --trgsubject sub-v2s7x29660_ses-1 --trglabel ./rh.V2_exvivo.thresh.label --hemi rh --regmethod surface 


srclabel = /out/sourcedata/freesurfer/fsaverage/label/rh.V2_exvivo.thresh.label
srcsubject = fsaverage
trgsubject = sub-v2s7x29660_ses-1
trglabel = ./rh.V2_exvivo.thresh.label
regmethod = surface

srchemi = rh
trghemi = rh
trgsurface = white
srcsurfreg = sphere.reg
trgsurfreg = sphere.reg
usehash = 1
Use ProjAbs  = 0, 0
Use ProjFrac = 0, 0
DoPaint 0

SUBJECTS_DIR    /out/sourcedata/freesurfer
FREESURFER_HOME /opt/freesurfer
Loading source label.
Found 3437 points in source label.
Starting surface-based mapping
Reading source registration 
 /out/sourcedata/freesurfer/fsaverage/surf/rh.sphere.reg
Rescaling ...  original radius = 100
Reading target surface 
 /out/sourcedata/freesurfer/sub-v2s7x29660_ses-1/surf/rh.white
Reading target registration 
 /out/sourcedata/freesurfer/sub-v2s7x29660_ses-1/surf/rh.sphere.reg
Rescaling ...  original radius = 100
Building target registration hash (res=16).
Building source registration hash (res=16).
INFO: found  3437 nlabel points
Performing mapping from target back to the source label 155752
Number of reverse mapping hits = 2450
Checking for and removing duplicates
Writing label file ./rh.V2_exvivo.thresh.label 5887
mri_label2label: Done


 mri_label2label --srcsubject fsaverage --srclabel /out/sourcedata/freesurfer/fsaverage/label/rh.MT_exvivo.thresh.label --trgsubject sub-v2s7x29660_ses-1 --trglabel ./rh.MT_exvivo.thresh.label --hemi rh --regmethod surface 


srclabel = /out/sourcedata/freesurfer/fsaverage/label/rh.MT_exvivo.thresh.label
srcsubject = fsaverage
trgsubject = sub-v2s7x29660_ses-1
trglabel = ./rh.MT_exvivo.thresh.label
regmethod = surface

srchemi = rh
trghemi = rh
trgsurface = white
srcsurfreg = sphere.reg
trgsurfreg = sphere.reg
usehash = 1
Use ProjAbs  = 0, 0
Use ProjFrac = 0, 0
DoPaint 0

SUBJECTS_DIR    /out/sourcedata/freesurfer
FREESURFER_HOME /opt/freesurfer
Loading source label.
Found 268 points in source label.
Starting surface-based mapping
Reading source registration 
 /out/sourcedata/freesurfer/fsaverage/surf/rh.sphere.reg
Rescaling ...  original radius = 100
Reading target surface 
 /out/sourcedata/freesurfer/sub-v2s7x29660_ses-1/surf/rh.white
Reading target registration 
 /out/sourcedata/freesurfer/sub-v2s7x29660_ses-1/surf/rh.sphere.reg
Rescaling ...  original radius = 100
Building target registration hash (res=16).
Building source registration hash (res=16).
INFO: found  268 nlabel points
Performing mapping from target back to the source label 155752
Number of reverse mapping hits = 117
Checking for and removing duplicates
Writing label file ./rh.MT_exvivo.thresh.label 385
mri_label2label: Done


 mri_label2label --srcsubject fsaverage --srclabel /out/sourcedata/freesurfer/fsaverage/label/rh.entorhinal_exvivo.thresh.label --trgsubject sub-v2s7x29660_ses-1 --trglabel ./rh.entorhinal_exvivo.thresh.label --hemi rh --regmethod surface 


srclabel = /out/sourcedata/freesurfer/fsaverage/label/rh.entorhinal_exvivo.thresh.label
srcsubject = fsaverage
trgsubject = sub-v2s7x29660_ses-1
trglabel = ./rh.entorhinal_exvivo.thresh.label
regmethod = surface

srchemi = rh
trghemi = rh
trgsurface = white
srcsurfreg = sphere.reg
trgsurfreg = sphere.reg
usehash = 1
Use ProjAbs  = 0, 0
Use ProjFrac = 0, 0
DoPaint 0

SUBJECTS_DIR    /out/sourcedata/freesurfer
FREESURFER_HOME /opt/freesurfer
Loading source label.
Found 694 points in source label.
Starting surface-based mapping
Reading source registration 
 /out/sourcedata/freesurfer/fsaverage/surf/rh.sphere.reg
Rescaling ...  original radius = 100
Reading target surface 
 /out/sourcedata/freesurfer/sub-v2s7x29660_ses-1/surf/rh.white
Reading target registration 
 /out/sourcedata/freesurfer/sub-v2s7x29660_ses-1/surf/rh.sphere.reg
Rescaling ...  original radius = 100
Building target registration hash (res=16).
Building source registration hash (res=16).
INFO: found  694 nlabel points
Performing mapping from target back to the source label 155752
Number of reverse mapping hits = 93
Checking for and removing duplicates
Writing label file ./rh.entorhinal_exvivo.thresh.label 787
mri_label2label: Done


 mri_label2label --srcsubject fsaverage --srclabel /out/sourcedata/freesurfer/fsaverage/label/rh.perirhinal_exvivo.thresh.label --trgsubject sub-v2s7x29660_ses-1 --trglabel ./rh.perirhinal_exvivo.thresh.label --hemi rh --regmethod surface 


srclabel = /out/sourcedata/freesurfer/fsaverage/label/rh.perirhinal_exvivo.thresh.label
srcsubject = fsaverage
trgsubject = sub-v2s7x29660_ses-1
trglabel = ./rh.perirhinal_exvivo.thresh.label
regmethod = surface

srchemi = rh
trghemi = rh
trgsurface = white
srcsurfreg = sphere.reg
trgsurfreg = sphere.reg
usehash = 1
Use ProjAbs  = 0, 0
Use ProjFrac = 0, 0
DoPaint 0

SUBJECTS_DIR    /out/sourcedata/freesurfer
FREESURFER_HOME /opt/freesurfer
Loading source label.
Found 291 points in source label.
Starting surface-based mapping
Reading source registration 
 /out/sourcedata/freesurfer/fsaverage/surf/rh.sphere.reg
Rescaling ...  original radius = 100
Reading target surface 
 /out/sourcedata/freesurfer/sub-v2s7x29660_ses-1/surf/rh.white
Reading target registration 
 /out/sourcedata/freesurfer/sub-v2s7x29660_ses-1/surf/rh.sphere.reg
Rescaling ...  original radius = 100
Building target registration hash (res=16).
Building source registration hash (res=16).
INFO: found  291 nlabel points
Performing mapping from target back to the source label 155752
Number of reverse mapping hits = 55
Checking for and removing duplicates
Writing label file ./rh.perirhinal_exvivo.thresh.label 346
mri_label2label: Done


 mris_label2annot --s sub-v2s7x29660_ses-1 --hemi rh --ctab /opt/freesurfer/average/colortable_BA.txt --l rh.BA1_exvivo.label --l rh.BA2_exvivo.label --l rh.BA3a_exvivo.label --l rh.BA3b_exvivo.label --l rh.BA4a_exvivo.label --l rh.BA4p_exvivo.label --l rh.BA6_exvivo.label --l rh.BA44_exvivo.label --l rh.BA45_exvivo.label --l rh.V1_exvivo.label --l rh.V2_exvivo.label --l rh.MT_exvivo.label --l rh.perirhinal_exvivo.label --l rh.entorhinal_exvivo.label --a BA_exvivo --maxstatwinner --noverbose 

Reading ctab /opt/freesurfer/average/colortable_BA.txt
Number of ctab entries 15

7.3.2
cwd /out/sourcedata/freesurfer/sub-v2s7x29660_ses-1/label
cmdline mris_label2annot --s sub-v2s7x29660_ses-1 --hemi rh --ctab /opt/freesurfer/average/colortable_BA.txt --l rh.BA1_exvivo.label --l rh.BA2_exvivo.label --l rh.BA3a_exvivo.label --l rh.BA3b_exvivo.label --l rh.BA4a_exvivo.label --l rh.BA4p_exvivo.label --l rh.BA6_exvivo.label --l rh.BA44_exvivo.label --l rh.BA45_exvivo.label --l rh.V1_exvivo.label --l rh.V2_exvivo.label --l rh.MT_exvivo.label --l rh.perirhinal_exvivo.label --l rh.entorhinal_exvivo.label --a BA_exvivo --maxstatwinner --noverbose 
sysname  Linux
hostname dna020
machine  x86_64
user     oesteban

subject sub-v2s7x29660_ses-1
hemi    rh
SUBJECTS_DIR /out/sourcedata/freesurfer
ColorTable /opt/freesurfer/average/colortable_BA.txt
AnnotName  BA_exvivo
nlables 14
LabelThresh 0 0.000000
Loading /out/sourcedata/freesurfer/sub-v2s7x29660_ses-1/surf/rh.orig
 1 1530880 BA1_exvivo
 2 16749699 BA2_exvivo
 3 16711680 BA3a_exvivo
 4 3368703 BA3b_exvivo
 5 1376196 BA4a_exvivo
 6 13382655 BA4p_exvivo
 7 10036737 BA6_exvivo
 8 2490521 BA44_exvivo
 9 39283 BA45_exvivo
10 3993 V1_exvivo
11 8508928 V2_exvivo
12 10027163 MT_exvivo
13 16422433 perirhinal_exvivo
14 16392598 entorhinal_exvivo
Mapping unhit to unknown
Found 107439 unhit vertices
Writing annot to /out/sourcedata/freesurfer/sub-v2s7x29660_ses-1/label/rh.BA_exvivo.annot

 mris_label2annot --s sub-v2s7x29660_ses-1 --hemi rh --ctab /opt/freesurfer/average/colortable_BA.txt --l rh.BA1_exvivo.thresh.label --l rh.BA2_exvivo.thresh.label --l rh.BA3a_exvivo.thresh.label --l rh.BA3b_exvivo.thresh.label --l rh.BA4a_exvivo.thresh.label --l rh.BA4p_exvivo.thresh.label --l rh.BA6_exvivo.thresh.label --l rh.BA44_exvivo.thresh.label --l rh.BA45_exvivo.thresh.label --l rh.V1_exvivo.thresh.label --l rh.V2_exvivo.thresh.label --l rh.MT_exvivo.thresh.label --l rh.perirhinal_exvivo.thresh.label --l rh.entorhinal_exvivo.thresh.label --a BA_exvivo.thresh --maxstatwinner --noverbose 

Reading ctab /opt/freesurfer/average/colortable_BA.txt
Number of ctab entries 15

7.3.2
cwd /out/sourcedata/freesurfer/sub-v2s7x29660_ses-1/label
cmdline mris_label2annot --s sub-v2s7x29660_ses-1 --hemi rh --ctab /opt/freesurfer/average/colortable_BA.txt --l rh.BA1_exvivo.thresh.label --l rh.BA2_exvivo.thresh.label --l rh.BA3a_exvivo.thresh.label --l rh.BA3b_exvivo.thresh.label --l rh.BA4a_exvivo.thresh.label --l rh.BA4p_exvivo.thresh.label --l rh.BA6_exvivo.thresh.label --l rh.BA44_exvivo.thresh.label --l rh.BA45_exvivo.thresh.label --l rh.V1_exvivo.thresh.label --l rh.V2_exvivo.thresh.label --l rh.MT_exvivo.thresh.label --l rh.perirhinal_exvivo.thresh.label --l rh.entorhinal_exvivo.thresh.label --a BA_exvivo.thresh --maxstatwinner --noverbose 
sysname  Linux
hostname dna020
machine  x86_64
user     oesteban

subject sub-v2s7x29660_ses-1
hemi    rh
SUBJECTS_DIR /out/sourcedata/freesurfer
ColorTable /opt/freesurfer/average/colortable_BA.txt
AnnotName  BA_exvivo.thresh
nlables 14
LabelThresh 0 0.000000
Loading /out/sourcedata/freesurfer/sub-v2s7x29660_ses-1/surf/rh.orig
 1 1530880 BA1_exvivo
 2 16749699 BA2_exvivo
 3 16711680 BA3a_exvivo
 4 3368703 BA3b_exvivo
 5 1376196 BA4a_exvivo
 6 13382655 BA4p_exvivo
 7 10036737 BA6_exvivo
 8 2490521 BA44_exvivo
 9 39283 BA45_exvivo
10 3993 V1_exvivo
11 8508928 V2_exvivo
12 10027163 MT_exvivo
13 16422433 perirhinal_exvivo
14 16392598 entorhinal_exvivo
Mapping unhit to unknown
Found 128493 unhit vertices
Writing annot to /out/sourcedata/freesurfer/sub-v2s7x29660_ses-1/label/rh.BA_exvivo.thresh.annot

 mris_anatomical_stats -th3 -mgz -noglobal -f ../stats/rh.BA_exvivo.stats -b -a ./rh.BA_exvivo.annot -c ./BA_exvivo.ctab sub-v2s7x29660_ses-1 rh white 

computing statistics for each annotation in ./rh.BA_exvivo.annot.
reading volume /out/sourcedata/freesurfer/sub-v2s7x29660_ses-1/mri/wm.mgz...
reading input surface /out/sourcedata/freesurfer/sub-v2s7x29660_ses-1/surf/rh.white...
reading input pial surface /out/sourcedata/freesurfer/sub-v2s7x29660_ses-1/surf/rh.pial...
reading input white surface /out/sourcedata/freesurfer/sub-v2s7x29660_ses-1/surf/rh.white...
INFO: using TH3 volume calc
INFO: assuming MGZ format for volumes.
INFO: not computing global stats
Using TH3 vertex volume calc
Total face volume 262936
Total vertex volume 262696 (mask=0)
Saving annotation colortable ./BA_exvivo.ctab

table columns are:
    number of vertices
    total surface area (mm^2)
    total gray matter volume (mm^3)
    average cortical thickness +- standard deviation (mm)
    integrated rectified mean curvature
    integrated rectified Gaussian curvature
    folding index
    intrinsic curvature index
    structure name

 1222    770   2018  1.977 0.737     0.149     0.040       19     2.3  BA1_exvivo
 3483   2291   3639  1.678 0.463     0.102     0.018       25     2.8  BA2_exvivo
 1250    821   1095  1.755 0.398     0.121     0.021       11     1.1  BA3a_exvivo
 2334   1537   2543  1.514 0.449     0.095     0.015       14     1.6  BA3b_exvivo
 1480    949   2170  2.284 0.656     0.107     0.019       10     1.2  BA4a_exvivo
 1203    773   1278  1.796 0.504     0.088     0.016        6     0.8  BA4p_exvivo
 8437   5646  15044  2.466 0.639     0.117     0.021       72     7.3  BA6_exvivo
 3166   2301   5343  2.421 0.575     0.130     0.022       32     3.0  BA44_exvivo
 4871   3556   9636  2.501 0.649     0.131     0.025       52     5.2  BA45_exvivo
 5800   3846   6757  1.755 0.590     0.127     0.027       59     6.9  V1_exvivo
11237   7900  16088  1.995 0.614     0.140     0.028      135    14.2  V2_exvivo
 2691   1978   4803  2.272 0.505     0.136     0.028       30     3.5  MT_exvivo
  461    321   1237  3.005 0.893     0.144     0.038        6     0.8  perirhinal_exvivo
  678    455   2439  3.684 0.937     0.101     0.022        4     0.6  entorhinal_exvivo

 mris_anatomical_stats -th3 -mgz -f ../stats/rh.BA_exvivo.thresh.stats -noglobal -b -a ./rh.BA_exvivo.thresh.annot -c ./BA_exvivo.thresh.ctab sub-v2s7x29660_ses-1 rh white 

computing statistics for each annotation in ./rh.BA_exvivo.thresh.annot.
reading volume /out/sourcedata/freesurfer/sub-v2s7x29660_ses-1/mri/wm.mgz...
reading input surface /out/sourcedata/freesurfer/sub-v2s7x29660_ses-1/surf/rh.white...
reading input pial surface /out/sourcedata/freesurfer/sub-v2s7x29660_ses-1/surf/rh.pial...
reading input white surface /out/sourcedata/freesurfer/sub-v2s7x29660_ses-1/surf/rh.white...
INFO: using TH3 volume calc
INFO: assuming MGZ format for volumes.
INFO: not computing global stats
Using TH3 vertex volume calc
Total face volume 262936
Total vertex volume 262696 (mask=0)
Saving annotation colortable ./BA_exvivo.thresh.ctab

table columns are:
    number of vertices
    total surface area (mm^2)
    total gray matter volume (mm^3)
    average cortical thickness +- standard deviation (mm)
    integrated rectified mean curvature
    integrated rectified Gaussian curvature
    folding index
    intrinsic curvature index
    structure name

  810    511   1239  1.858 0.776     0.159     0.047       15     1.8  BA1_exvivo
 1893   1250   2201  1.675 0.495     0.098     0.019       13     1.4  BA2_exvivo
 1076    703    880  1.744 0.376     0.127     0.021       10     1.0  BA3a_exvivo
 1857   1203   1663  1.371 0.307     0.084     0.013        9     1.1  BA3b_exvivo
  878    516   1281  2.411 0.562     0.103     0.022        7     0.6  BA4a_exvivo
  985    655    982  1.700 0.470     0.085     0.017        4     0.7  BA4p_exvivo
 5350   3542   9230  2.389 0.584     0.116     0.021       44     4.8  BA6_exvivo
  756    554   1467  2.478 0.589     0.129     0.023        8     0.7  BA44_exvivo
 1136    887   2713  2.581 0.656     0.144     0.029       14     1.5  BA45_exvivo
 5583   3705   6359  1.744 0.596     0.126     0.026       57     6.4  V1_exvivo
 5855   4132   7918  1.884 0.583     0.150     0.032       79     8.4  V2_exvivo
  374    287    724  2.175 0.417     0.141     0.030        4     0.7  MT_exvivo
   36     29    100  3.130 0.603     0.088     0.022        0     0.0  perirhinal_exvivo
  670    452   2026  3.513 0.897     0.112     0.023        6     0.6  entorhinal_exvivo

Started at Sat Mar 14 01:15:18 CET 2026 
Ended   at Sat Mar 14 01:19:02 CET 2026
#@#%# recon-all-run-time-hours 0.062
recon-all -s sub-v2s7x29660_ses-1 finished without error at Sat Mar 14 01:19:02 CET 2026
