#!ascii label  , from subject sub-v2s7x29678_ses-1 vox2ras=TkReg
5278
56  -1.466  -78.826  -14.833 0.6999999881
57  -1.845  -78.892  -15.151 0.6000000238
61  -1.051  -78.625  -15.181 0.6000000238
62  -1.588  -78.688  -15.568 0.6999999881
65  -1.644  -78.497  -16.470 0.6000000238
66  -1.913  -78.513  -16.956 0.6000000238
192  -2.941  -77.790  -17.161 0.3000000119
346  -3.942  -77.355  -17.302 0.3000000119
348  -5.602  -77.549  -17.350 0.3000000119
201  -3.454  -78.372  -17.784 0.5000000000
347  -4.850  -77.408  -17.378 0.3000000119
349  -6.438  -77.803  -17.285 0.3000000119
202  -4.406  -78.236  -17.802 0.5000000000
366  -6.400  -77.476  -20.117 0.4000000060
565  -5.819  -76.101  -21.189 0.4000000060
566  -6.673  -75.982  -21.766 0.6000000238
55  -1.011  -78.776  -14.477 0.8000000119
60  -0.287  -78.462  -14.627 0.8000000119
122736  0.777  -77.709  -16.079 0.8000000119
121854  0.078  -78.062  -16.221 0.8000000119
135323  -0.656  -78.260  -16.353 0.6999999881
121912  -1.181  -78.279  -16.989 0.6999999881
77  -1.465  -78.203  -18.839 0.8000000119
68  -1.772  -78.428  -17.655 0.6000000238
200  -2.503  -78.468  -17.580 0.5000000000
71  -1.919  -78.533  -18.637 0.8000000119
126918  -2.345  -78.828  -18.526 0.6999999881
70  -2.999  -78.934  -18.360 0.6000000238
73  -3.555  -79.278  -18.951 0.5000000000
72  -2.471  -78.987  -19.185 0.6000000238
79  -3.121  -79.202  -19.475 0.6000000238
74  -4.399  -79.213  -19.026 0.5000000000
214  -5.018  -78.789  -18.411 0.3000000119
229  -2.008  -78.452  -20.166 0.8000000119
81  -4.650  -79.079  -19.674 0.4000000060
204  -6.655  -78.334  -18.167 0.3000000119
83  -2.622  -78.915  -19.929 0.8000000119
231  -3.633  -78.763  -20.612 0.6000000238
127863  -5.860  -78.406  -19.956 0.4000000060
234  -6.498  -78.076  -19.847 0.3000000119
236  -1.835  -78.345  -21.019 0.8999999762
237  -2.504  -78.470  -21.141 0.8000000119
87  -2.965  -78.741  -20.567 0.8000000119
232  -4.323  -78.637  -20.526 0.6000000238
238  -3.129  -78.453  -21.233 0.8000000119
239  -3.795  -78.203  -21.308 0.6999999881
370  -4.729  -77.330  -20.982 0.6000000238
365  -5.528  -76.868  -20.659 0.6000000238
244  -3.359  -78.080  -22.152 0.8999999762
240  -4.406  -78.086  -20.948 0.6000000238
574  -6.104  -76.521  -22.191 0.6999999881
245  -4.051  -77.837  -22.460 0.8000000119
373  -4.848  -77.070  -22.193 0.6999999881
250  -4.543  -78.027  -23.335 0.8999999762
126986  -5.635  -77.627  -23.023 0.8000000119
575  -7.268  -76.663  -22.896 0.6999999881
383  -6.203  -78.005  -23.712 0.8000000119
384  -6.892  -77.836  -23.915 0.6999999881
324  1.362  -77.057  -13.913 1.0000000000
169  1.160  -77.584  -13.804 0.8000000119
332  1.486  -76.926  -15.099 0.8999999762
325  1.213  -77.391  -14.785 0.8999999762
178  0.988  -77.760  -15.352 0.8000000119
339  1.443  -76.778  -16.564 0.8999999762
126666  1.151  -76.819  -17.200 0.8000000119
198  0.554  -77.115  -17.480 0.8999999762
199  -0.151  -77.604  -17.494 0.8999999762
212  -0.775  -77.780  -18.232 0.8999999762
1089  0.492  -75.049  -17.920 1.0000000000
221  -1.070  -77.716  -19.072 0.8999999762
222  -1.502  -78.106  -19.626 0.8000000119
228  -1.354  -78.043  -20.408 1.0000000000
224  -7.298  -77.980  -19.453 0.3000000119
125159  -2.034  -78.332  -21.745 0.8999999762
243  -2.617  -78.289  -21.966 0.8000000119
249  -3.713  -78.041  -23.272 0.8999999762
137980  -4.227  -78.051  -23.763 0.8999999762
251  -5.356  -78.028  -23.551 0.8000000119
133599  -4.354  -77.771  -24.779 0.8999999762
394  -5.695  -78.119  -24.310 0.8000000119
395  -6.508  -77.965  -24.479 0.8000000119
396  -7.188  -77.434  -24.695 0.8000000119
848  -8.160  -75.582  -25.507 0.6999999881
132072  -6.093  -77.634  -25.830 0.8999999762
406  -6.630  -77.612  -25.319 0.8000000119
413  -6.733  -77.175  -26.421 0.8000000119
414  -7.600  -76.480  -26.322 0.8000000119
412  -5.596  -77.337  -26.577 0.8999999762
312  2.181  -76.263  -11.624 1.0000000000
1053  1.743  -75.106  -12.130 1.0000000000
1336  2.760  -74.505  -12.677 1.0000000000
524  1.845  -76.047  -12.531 0.8999999762
320  1.512  -76.755  -12.807 1.0000000000
1043  1.632  -74.646  -11.839 1.0000000000
533  1.414  -76.617  -14.267 1.0000000000
532  1.498  -76.106  -13.011 1.0000000000
799  1.723  -75.826  -15.943 1.0000000000
1080  1.304  -75.188  -15.920 1.0000000000
542  1.744  -76.395  -16.282 0.8999999762
800  1.324  -75.343  -16.746 1.0000000000
1072  0.271  -74.094  -15.407 0.8999999762
803  1.669  -75.946  -16.996 1.0000000000
1081  0.678  -74.567  -16.339 1.0000000000
1357  -0.438  -73.476  -15.469 1.0000000000
140152  1.402  -76.068  -17.499 1.0000000000
126327  0.823  -74.914  -17.242 1.0000000000
345  0.859  -76.600  -17.782 0.8999999762
1082  -0.138  -73.821  -16.292 0.8999999762
220  -0.579  -77.187  -18.552 0.8999999762
210  0.125  -76.783  -18.172 0.8999999762
807  0.650  -75.791  -18.489 1.0000000000
1374  -0.733  -73.601  -16.923 1.0000000000
1096  0.009  -75.273  -18.607 1.0000000000
133692  -7.357  -78.276  -18.258 0.3000000119
555  -0.081  -76.334  -19.117 1.0000000000
217  -7.912  -78.115  -18.629 0.3000000119
123662  -0.932  -77.067  -19.794 1.0000000000
364  -0.944  -77.475  -20.540 1.0000000000
564  -0.694  -76.457  -20.958 1.0000000000
368  -0.726  -77.227  -21.260 1.0000000000
241  -0.876  -77.533  -21.809 1.0000000000
247  -1.890  -78.049  -22.644 1.0000000000
248  -2.812  -78.086  -22.942 0.8999999762
585  -1.272  -76.661  -23.594 1.0000000000
594  -2.157  -76.441  -24.568 0.8999999762
382  -3.060  -77.777  -23.801 0.8999999762
391  -2.513  -77.205  -24.292 0.8999999762
129188  -3.664  -77.389  -25.030 0.8999999762
404  -4.375  -77.447  -25.587 0.8999999762
402  -2.856  -76.778  -25.160 0.8999999762
405  -5.332  -77.634  -25.715 0.8999999762
602  -3.621  -76.440  -26.464 0.8999999762
604  -9.717  -75.969  -26.641 0.5000000000
616  -10.331  -76.749  -26.468 0.6000000238
121714  -10.852  -77.060  -25.626 0.4000000060
411  -4.787  -77.315  -26.277 0.8999999762
612  -4.676  -76.928  -27.015 0.8999999762
614  -8.485  -75.795  -27.372 0.8000000119
863  -9.110  -75.841  -27.361 0.8000000119
418  -6.135  -77.101  -27.186 0.8999999762
125570  -7.562  -76.323  -27.212 0.8999999762
627  -7.992  -75.849  -27.956 0.8000000119
121234  -8.955  -76.033  -27.997 0.6000000238
625  -6.139  -76.627  -27.965 1.0000000000
626  -7.072  -76.348  -28.016 1.0000000000
636  -7.612  -75.797  -28.634 1.0000000000
127080  -8.982  -75.810  -29.955 0.6999999881
123816  -6.106  -75.697  -28.995 1.0000000000
650  -7.023  -75.115  -29.648 1.0000000000
651  -8.116  -75.253  -29.987 0.8999999762
891  -8.328  -74.963  -30.814 0.6999999881
890  -7.497  -74.748  -30.347 0.6999999881
531  3.000  -75.721  -12.424 0.8999999762
782  3.397  -74.896  -12.600 1.0000000000
130668  2.652  -75.236  -12.496 1.0000000000
784  1.506  -75.931  -13.097 0.8999999762
1329  1.460  -73.653  -11.573 1.0000000000
1330  0.819  -73.784  -11.498 1.0000000000
785  1.516  -75.675  -13.560 1.0000000000
1055  0.995  -74.760  -12.278 1.0000000000
1337  0.528  -74.082  -12.013 1.0000000000
1063  0.967  -75.089  -13.298 0.8999999762
1071  0.908  -74.820  -15.265 0.8999999762
1349  0.322  -74.221  -13.236 1.0000000000
122229  -0.318  -73.470  -13.698 1.0000000000
132292  -0.061  -73.757  -14.505 1.0000000000
1350  -0.821  -73.055  -14.575 1.0000000000
129751  -0.356  -74.487  -18.070 1.0000000000
1366  -1.345  -73.103  -16.567 1.0000000000
810  0.350  -76.021  -18.682 0.8999999762
225  -8.015  -77.551  -19.417 0.3000000119
218  -8.824  -77.966  -18.603 0.3000000119
820  -0.636  -76.233  -20.549 1.0000000000
372  -1.076  -77.486  -22.496 1.0000000000
584  -1.109  -76.131  -23.423 1.0000000000
592  -1.470  -76.092  -23.979 1.0000000000
130360  -2.578  -75.941  -25.296 0.8999999762
125539  -3.172  -76.214  -26.006 0.8999999762
419  -10.406  -76.889  -27.232 0.6000000238
415  -10.917  -77.054  -26.466 0.5000000000
611  -4.024  -76.361  -27.073 0.8999999762
628  -9.676  -76.572  -27.654 0.6000000238
420  -11.090  -76.953  -27.330 0.6000000238
128914  -4.673  -76.225  -27.829 1.0000000000
637  -9.146  -76.243  -28.713 0.6000000238
629  -10.219  -76.928  -28.055 0.6999999881
640  -11.181  -76.542  -28.700 0.6999999881
124970  -12.086  -75.830  -27.940 0.5000000000
643  -5.714  -75.521  -28.901 1.0000000000
884  -5.857  -75.026  -29.157 1.0000000000
648  -10.185  -76.523  -29.495 0.6999999881
649  -10.960  -76.434  -29.421 0.6999999881
137775  -11.456  -75.985  -30.030 0.6999999881
885  -6.309  -75.193  -29.286 1.0000000000
124547  -9.019  -75.473  -30.578 0.6999999881
652  -9.722  -76.073  -30.294 0.6999999881
653  -10.664  -76.192  -30.226 0.6999999881
901  -11.719  -75.058  -31.156 0.5000000000
889  -6.944  -74.745  -30.031 0.8999999762
118144  -9.131  -75.093  -31.331 0.6000000238
899  -9.920  -75.255  -31.518 0.6000000238
893  -10.310  -75.753  -30.965 0.6000000238
135241  -11.304  -75.097  -31.519 0.6000000238
895  -6.702  -74.131  -30.216 0.8999999762
897  -7.823  -74.443  -31.016 0.8000000119
903  -8.956  -74.461  -31.789 0.6999999881
135700  -9.540  -74.802  -31.862 0.6000000238
900  -10.671  -75.243  -31.559 0.6000000238
1060  4.016  -74.254  -13.156 1.0000000000
1347  3.687  -73.784  -13.424 1.0000000000
1062  3.091  -74.511  -12.870 1.0000000000
1590  2.052  -73.379  -12.109 1.0000000000
1927  3.413  -72.188  -15.022 1.0000000000
1928  2.535  -72.032  -14.933 1.0000000000
1614  3.015  -72.815  -14.311 1.0000000000
1322  0.831  -73.197  -11.235 1.0000000000
122483  4.784  -70.418  -9.546 0.8999999762
116246  4.755  -71.138  -10.048 1.0000000000
116171  4.938  -70.966  -11.018 1.0000000000
125339  5.139  -71.245  -14.594 1.0000000000
1603  1.983  -72.639  -12.842 1.0000000000
1338  -0.178  -73.514  -12.589 1.0000000000
2233  5.049  -70.236  -10.456 0.8999999762
1888  5.287  -70.803  -12.148 1.0000000000
1331  0.208  -73.238  -11.486 1.0000000000
133156  4.800  -69.728  -9.030 0.8000000119
2242  5.415  -70.116  -11.403 1.0000000000
2265  5.512  -70.736  -14.003 1.0000000000
1616  -1.341  -72.532  -14.021 1.0000000000
116761  5.119  -69.501  -9.933 0.8999999762
134953  5.751  -69.928  -12.287 1.0000000000
2273  5.366  -70.374  -14.590 1.0000000000
1605  -1.434  -72.227  -12.863 1.0000000000
2618  5.585  -69.412  -10.852 1.0000000000
2640  6.131  -69.259  -12.835 1.0000000000
1358  -1.139  -72.983  -15.663 1.0000000000
1090  -0.736  -73.894  -17.613 1.0000000000
808  0.100  -75.898  -19.265 1.0000000000
1091  -1.222  -74.086  -18.182 1.0000000000
819  -0.222  -76.095  -19.468 1.0000000000
1104  -1.345  -75.087  -19.378 1.0000000000
812  -0.685  -75.662  -19.825 1.0000000000
831  -0.651  -75.968  -21.293 1.0000000000
822  -0.748  -75.779  -20.627 1.0000000000
1114  -1.528  -75.256  -20.344 1.0000000000
120729  1.953  -66.992  -16.546 1.0000000000
129198  2.299  -68.594  -16.570 1.0000000000
572  -0.713  -76.265  -21.833 1.0000000000
115736  -1.149  -75.577  -21.329 1.0000000000
3527  3.738  -67.763  -16.407 1.0000000000
2678  3.014  -69.374  -16.619 0.8999999762
122422  1.961  -69.341  -16.801 1.0000000000
2694  1.673  -70.064  -17.233 1.0000000000
371  -0.622  -76.870  -22.079 1.0000000000
114687  -1.045  -75.808  -22.616 1.0000000000
114690  -1.255  -75.662  -22.907 1.0000000000
2692  3.685  -70.007  -16.844 0.8000000119
2292  2.393  -70.730  -17.504 1.0000000000
2293  1.456  -70.848  -17.637 1.0000000000
114692  -1.566  -75.660  -23.599 1.0000000000
115539  -2.000  -75.504  -24.114 1.0000000000
135778  4.133  -70.327  -17.334 0.8999999762
1950  3.116  -71.321  -17.930 0.8999999762
1958  3.602  -71.674  -18.653 0.6999999881
1959  2.717  -71.943  -18.453 0.8999999762
1960  1.925  -72.007  -18.383 0.8999999762
135672  -2.234  -75.563  -24.640 0.8999999762
1967  4.134  -71.339  -19.643 0.6999999881
1980  3.874  -71.692  -20.337 0.6999999881
1646  1.637  -72.668  -19.491 0.8999999762
852  -2.740  -75.509  -25.382 1.0000000000
2322  4.091  -71.138  -20.918 0.6999999881
1658  1.834  -72.739  -20.438 0.8000000119
610  -3.651  -76.074  -26.844 0.8999999762
1991  3.668  -71.612  -21.331 0.6999999881
1981  3.186  -72.143  -20.872 0.8000000119
129727  1.092  -72.790  -20.853 1.0000000000
1660  0.271  -72.532  -20.745 1.0000000000
861  -3.552  -75.388  -26.757 1.0000000000
623  -4.122  -75.657  -27.570 1.0000000000
1997  3.486  -71.331  -22.198 0.8000000119
1992  2.842  -72.039  -21.870 0.8000000119
1672  1.549  -72.685  -21.364 1.0000000000
632  -4.848  -75.472  -28.293 1.0000000000
641  -5.162  -75.045  -28.657 1.0000000000
2338  3.882  -70.556  -22.393 0.6000000238
2339  3.351  -70.914  -22.835 0.6999999881
1682  1.988  -72.158  -22.518 0.8999999762
115679  0.465  -72.504  -22.363 1.0000000000
2346  2.902  -70.759  -23.435 0.6999999881
1689  1.259  -72.246  -23.025 0.8999999762
2003  2.052  -71.242  -23.584 1.0000000000
2005  1.164  -71.793  -23.763 1.0000000000
888  -6.508  -74.623  -29.640 1.0000000000
1198  -7.270  -73.232  -31.515 0.8000000119
1192  -8.251  -74.097  -31.590 0.6999999881
1206  -9.981  -73.744  -32.562 0.5000000000
1202  -10.778  -73.961  -32.463 0.6000000238
1194  -11.672  -74.604  -31.771 0.5000000000
1197  -6.585  -73.098  -31.097 0.8000000119
1466  -7.880  -72.652  -32.161 0.6999999881
1472  -8.597  -73.049  -32.358 0.6999999881
1205  -9.231  -73.389  -32.497 0.6000000238
118026  -8.994  -72.580  -32.645 0.5000000000
1473  -9.682  -72.850  -32.762 0.5000000000
1346  4.321  -73.281  -13.588 1.0000000000
1602  2.624  -73.447  -13.074 1.0000000000
133618  5.026  -71.646  -12.418 1.0000000000
1917  5.150  -71.611  -13.809 1.0000000000
2274  4.081  -70.382  -15.535 1.0000000000
1904  1.205  -71.829  -11.385 1.0000000000
2628  6.277  -68.581  -12.385 1.0000000000
1617  -1.920  -72.029  -14.080 1.0000000000
1375  -1.511  -73.435  -17.505 1.0000000000
1620  -1.700  -72.499  -14.989 1.0000000000
1367  -2.137  -72.859  -16.958 1.0000000000
1376  -2.475  -73.176  -17.782 1.0000000000
3529  0.157  -67.508  -16.566 1.0000000000
3121  -0.418  -68.372  -16.631 1.0000000000
1105  -2.295  -74.528  -19.627 1.0000000000
1384  -2.065  -73.778  -18.288 1.0000000000
3970  2.290  -66.066  -16.534 1.0000000000
120682  1.041  -67.155  -16.572 1.0000000000
3120  0.459  -68.467  -16.696 1.0000000000
3528  1.662  -67.823  -16.561 1.0000000000
2679  0.893  -69.347  -16.988 1.0000000000
1115  -2.442  -74.665  -20.641 1.0000000000
1123  -2.483  -74.760  -21.555 1.0000000000
120730  3.012  -66.935  -16.469 1.0000000000
3119  1.339  -68.587  -16.654 1.0000000000
2696  -0.542  -69.786  -17.192 1.0000000000
2305  -0.395  -71.197  -18.026 1.0000000000
114688  -1.819  -75.223  -21.932 1.0000000000
114694  -3.102  -74.406  -22.045 1.0000000000
3117  4.368  -68.568  -16.465 0.8999999762
2677  4.023  -69.342  -16.574 0.6999999881
2695  0.774  -70.223  -17.396 1.0000000000
1961  0.479  -71.675  -18.354 1.0000000000
114689  -2.884  -74.730  -22.813 1.0000000000
115697  -3.607  -74.152  -22.674 1.0000000000
131022  -3.339  -74.564  -23.400 1.0000000000
122721  4.208  -66.861  -16.272 0.8999999762
2303  4.369  -70.409  -18.425 0.6000000238
2313  4.289  -70.705  -19.335 0.5000000000
119601  4.289  -70.210  -19.911 0.4000000060
1962  -0.980  -71.487  -18.850 1.0000000000
114693  -2.251  -75.233  -23.785 1.0000000000
131613  -2.879  -74.933  -24.064 0.8999999762
131031  -3.747  -74.515  -24.072 1.0000000000
131280  -5.161  -73.708  -24.038 1.0000000000
1638  1.264  -72.274  -18.732 0.8999999762
123558  -0.993  -71.689  -19.716 1.0000000000
115894  -2.500  -75.340  -24.907 0.8999999762
114704  -3.271  -74.936  -24.991 1.0000000000
1146  -4.580  -74.563  -25.554 1.0000000000
116053  -5.411  -73.882  -25.067 1.0000000000
129164  5.120  -67.177  -16.220 0.8000000119
2331  4.278  -70.344  -20.953 0.5000000000
1659  1.015  -72.669  -20.113 1.0000000000
1144  -2.966  -75.289  -25.589 1.0000000000
1145  -3.838  -74.973  -25.919 1.0000000000
130305  -4.878  -74.582  -26.445 1.0000000000
1431  -6.465  -73.358  -26.995 1.0000000000
1982  -0.481  -72.049  -20.196 1.0000000000
115858  -1.445  -71.653  -20.615 1.0000000000
126804  -3.830  -75.180  -26.978 1.0000000000
1155  -4.693  -74.820  -27.818 1.0000000000
1430  -5.764  -74.133  -27.148 1.0000000000
2753  4.123  -69.577  -22.454 0.5000000000
115626  -1.084  -72.043  -21.574 1.0000000000
115683  -0.750  -72.091  -22.934 1.0000000000
877  -4.786  -75.119  -28.280 1.0000000000
137853  -4.821  -74.899  -28.224 1.0000000000
1434  -6.470  -73.151  -27.915 1.0000000000
115809  -0.162  -72.319  -22.495 1.0000000000
1163  -5.677  -73.823  -28.549 1.0000000000
1439  -6.229  -73.002  -28.775 1.0000000000
115711  0.744  -72.404  -22.869 1.0000000000
114698  0.119  -72.260  -23.149 1.0000000000
1171  -5.582  -74.586  -28.800 1.0000000000
1181  -6.464  -73.728  -29.452 1.0000000000
1188  -6.629  -72.859  -29.991 1.0000000000
114699  0.594  -72.158  -23.511 0.8999999762
1189  -6.731  -73.068  -30.064 0.8999999762
1455  -6.348  -72.311  -30.169 0.8999999762
1741  -10.093  -72.210  -32.843 0.5000000000
1465  -6.910  -72.499  -31.748 0.6999999881
2059  -8.063  -71.424  -32.677 0.6000000238
1739  -8.672  -71.825  -32.702 0.6000000238
1474  -10.575  -72.992  -32.767 0.5000000000
132162  -8.494  -72.361  -32.517 0.6000000238
1348  3.311  -73.609  -13.467 1.0000000000
1345  4.719  -72.708  -13.633 1.0000000000
1926  4.757  -71.854  -14.734 1.0000000000
116009  4.697  -70.652  -8.661 0.6000000238
1938  2.144  -71.148  -15.286 1.0000000000
124080  1.488  -71.976  -13.810 1.0000000000
3039  4.833  -69.018  -7.755 0.4000000060
2605  4.730  -69.944  -8.139 0.5000000000
3102  5.597  -68.760  -14.508 1.0000000000
2661  4.599  -69.506  -15.234 1.0000000000
1919  1.061  -71.304  -11.974 1.0000000000
139668  0.797  -71.850  -10.957 1.0000000000
1581  0.502  -72.468  -10.947 1.0000000000
3045  5.169  -68.248  -8.571 0.6999999881
1929  1.185  -71.331  -14.715 1.0000000000
1582  -0.783  -71.595  -10.818 1.0000000000
1593  -1.047  -72.193  -11.487 1.0000000000
2609  5.164  -68.816  -9.336 0.6999999881
3059  5.739  -68.538  -10.321 1.0000000000
2639  6.244  -68.434  -13.285 1.0000000000
1920  -2.288  -71.593  -13.159 1.0000000000
3972  -0.413  -66.718  -16.428 1.0000000000
1385  -2.866  -73.537  -18.503 1.0000000000
4993  2.117  -65.021  -16.505 0.8999999762
4458  1.495  -65.608  -16.542 1.0000000000
3971  0.437  -66.508  -16.539 1.0000000000
4460  -0.129  -65.764  -16.421 1.0000000000
3122  -1.303  -68.418  -16.539 1.0000000000
1391  -3.130  -73.814  -19.296 1.0000000000
1106  -3.108  -74.149  -20.157 1.0000000000
127595  0.422  -65.129  -16.426 1.0000000000
2680  -0.062  -69.132  -16.904 1.0000000000
140197  -3.228  -74.167  -21.110 1.0000000000
4457  3.009  -65.522  -16.469 0.8999999762
2681  -0.939  -69.137  -16.817 1.0000000000
2294  -0.958  -70.487  -17.573 1.0000000000
1392  -3.655  -73.571  -19.915 1.0000000000
2719  4.347  -69.855  -18.832 0.4000000060
2306  -1.359  -70.962  -18.173 1.0000000000
136074  -3.847  -73.610  -21.094 1.0000000000
114705  -3.842  -73.739  -21.874 1.0000000000
2691  4.895  -69.419  -17.265 0.6999999881
3176  3.762  -69.273  -19.819 0.3000000119
2307  -2.148  -70.683  -18.480 1.0000000000
114712  -4.596  -73.287  -22.161 1.0000000000
115197  -4.242  -74.006  -23.369 1.0000000000
3116  5.093  -68.431  -16.622 0.6999999881
2709  4.878  -69.559  -17.945 0.4000000060
1972  -1.630  -71.320  -19.594 1.0000000000
2315  -2.267  -70.846  -19.349 1.0000000000
115252  -5.152  -73.251  -22.966 1.0000000000
3135  5.517  -68.434  -17.343 0.5000000000
1983  -2.289  -71.055  -20.222 1.0000000000
114715  -6.190  -73.071  -24.715 1.0000000000
114703  -1.906  -71.525  -21.644 1.0000000000
114701  -1.406  -71.870  -22.325 1.0000000000
114722  -6.574  -72.966  -26.266 1.0000000000
1432  -6.768  -72.647  -26.898 1.0000000000
131386  -1.567  -71.835  -22.987 1.0000000000
131196  -0.456  -71.995  -23.653 1.0000000000
1438  -6.131  -72.419  -29.005 1.0000000000
115627  -0.030  -72.078  -24.104 0.8999999762
1444  -5.861  -72.300  -29.281 1.0000000000
2350  1.413  -70.946  -24.222 0.8999999762
1454  -5.802  -71.658  -29.973 1.0000000000
2067  -10.140  -71.676  -32.822 0.5000000000
135048  -5.489  -71.840  -30.955 0.8000000119
2057  -6.442  -71.427  -32.235 0.6000000238
2061  -9.138  -71.590  -32.789 0.5000000000
116798  -4.916  -71.166  -30.120 0.8999999762
2054  -5.710  -71.452  -32.021 0.8000000119
119570  -7.078  -70.963  -32.429 0.6000000238
2853  -8.409  -70.022  -32.218 0.6000000238
2849  -5.401  -70.484  -31.552 0.5000000000
2852  -7.630  -70.142  -32.096 0.6000000238
2851  -7.011  -69.952  -31.683 0.4000000060
1334  4.738  -72.967  -12.970 1.0000000000
116507  4.848  -72.515  -12.092 1.0000000000
1601  4.880  -72.380  -13.461 1.0000000000
117278  4.921  -69.223  -6.904 0.3000000119
2276  1.461  -70.326  -15.403 1.0000000000
2277  0.435  -70.588  -14.517 1.0000000000
2598  4.833  -70.116  -7.175 0.3000000119
138033  4.980  -68.815  -14.976 1.0000000000
2275  2.483  -70.065  -15.614 1.0000000000
1930  0.861  -71.407  -13.385 1.0000000000
1905  0.679  -71.099  -11.132 1.0000000000
133135  5.334  -67.489  -7.954 0.5000000000
3509  5.563  -67.882  -14.319 1.0000000000
2243  -0.059  -70.654  -10.863 1.0000000000
3459  5.751  -67.344  -8.898 0.6999999881
3058  6.278  -67.782  -11.100 1.0000000000
1891  -1.289  -71.116  -10.687 1.0000000000
1906  -1.757  -71.585  -11.658 1.0000000000
3458  6.126  -66.681  -9.167 0.6999999881
3470  6.291  -66.725  -10.394 0.8000000119
1939  -2.974  -71.796  -15.122 1.0000000000
1931  -2.662  -71.661  -14.277 1.0000000000
1626  -2.710  -72.425  -16.429 1.0000000000
3973  -1.250  -66.895  -16.191 1.0000000000
3530  -0.817  -67.594  -16.443 1.0000000000
1630  -3.003  -72.685  -17.261 1.0000000000
1940  -3.751  -71.552  -15.427 1.0000000000
116569  1.132  -65.003  -16.501 0.8999999762
120718  3.246  -64.675  -16.476 0.8999999762
4994  0.574  -64.342  -16.373 1.0000000000
4995  -0.205  -64.856  -16.226 1.0000000000
4440  -0.903  -65.416  -16.045 1.0000000000
2682  -1.904  -69.183  -16.739 1.0000000000
2698  -2.274  -69.877  -17.239 1.0000000000
4456  4.113  -65.698  -16.317 0.8999999762
3162  4.251  -69.071  -18.819 0.4000000060
2295  -1.837  -70.437  -17.684 1.0000000000
2296  -2.663  -70.206  -17.989 1.0000000000
1401  -4.179  -73.233  -20.535 1.0000000000
1407  -4.449  -73.207  -21.426 1.0000000000
2710  -3.427  -69.690  -18.364 1.0000000000
1675  -5.374  -72.578  -21.988 1.0000000000
138917  4.841  -69.176  -18.343 0.4000000060
2316  -2.969  -70.247  -19.071 1.0000000000
3550  5.886  -67.667  -17.094 0.4000000060
134641  -2.823  -70.557  -19.920 1.0000000000
2323  -3.046  -70.528  -20.852 1.0000000000
114718  -6.085  -72.779  -23.824 1.0000000000
3560  5.616  -68.004  -17.843 0.3000000119
114707  -2.722  -70.909  -21.761 1.0000000000
115427  -3.193  -70.653  -22.617 1.0000000000
114726  -6.763  -72.265  -25.540 1.0000000000
115413  -2.266  -71.380  -22.595 1.0000000000
131110  -2.074  -71.675  -23.489 1.0000000000
114708  -3.436  -70.935  -24.108 1.0000000000
115417  -1.209  -71.896  -23.624 1.0000000000
115499  -2.611  -71.519  -24.155 1.0000000000
1707  -5.502  -71.579  -28.207 1.0000000000
1440  -6.334  -72.081  -28.474 1.0000000000
1714  -5.736  -71.857  -28.905 1.0000000000
1713  -4.845  -71.673  -28.965 1.0000000000
2007  0.658  -71.454  -24.508 0.8999999762
122581  -3.150  -72.198  -28.547 1.0000000000
1719  -4.758  -71.472  -29.035 1.0000000000
2035  -2.322  -72.157  -29.144 1.0000000000
1712  -3.427  -71.945  -29.103 1.0000000000
1718  -3.466  -71.652  -29.478 1.0000000000
2034  -1.281  -71.746  -29.167 1.0000000000
2040  -1.750  -71.690  -29.761 0.8000000119
2041  -2.516  -71.827  -29.665 1.0000000000
125376  -4.111  -71.178  -30.651 0.8000000119
2393  -4.879  -70.758  -31.503 0.6000000238
3294  -9.339  -69.387  -31.884 0.3000000119
3292  -8.015  -69.490  -31.763 0.5000000000
2383  -3.346  -70.721  -30.554 0.6000000238
2841  -4.757  -70.211  -30.974 0.5000000000
3291  -7.494  -69.531  -31.556 0.4000000060
2842  -5.750  -70.018  -31.084 0.5000000000
3511  2.707  -67.566  -14.507 1.0000000000
2663  2.147  -69.139  -15.547 1.0000000000
2652  -0.291  -70.103  -13.866 1.0000000000
122186  4.956  -68.262  -7.141 0.4000000060
3103  4.960  -67.963  -14.720 1.0000000000
3104  3.938  -68.473  -14.755 1.0000000000
118253  3.069  -69.146  -15.253 1.0000000000
2266  0.339  -70.767  -12.580 1.0000000000
3494  6.216  -67.258  -12.606 1.0000000000
134873  0.162  -70.465  -11.433 1.0000000000
2245  -1.417  -70.415  -10.594 1.0000000000
136500  6.345  -67.070  -10.916 0.8999999762
3072  6.378  -67.856  -12.030 1.0000000000
138760  -2.369  -71.364  -12.382 1.0000000000
1907  -2.493  -71.094  -11.781 1.0000000000
1621  -2.474  -72.231  -15.566 1.0000000000
1921  -3.141  -71.231  -13.700 1.0000000000
3974  -2.096  -67.119  -15.794 1.0000000000
1932  -3.441  -71.382  -14.611 1.0000000000
3531  -1.700  -67.747  -16.260 1.0000000000
1622  -3.242  -71.974  -15.939 1.0000000000
126842  2.319  -64.084  -16.520 0.8999999762
5535  1.046  -63.712  -16.426 0.8999999762
3957  -1.635  -66.133  -15.736 1.0000000000
5536  0.441  -63.471  -16.222 1.0000000000
5537  -0.219  -63.999  -16.014 1.0000000000
4976  -1.646  -64.254  -15.277 1.0000000000
117205  -2.192  -64.812  -15.061 1.0000000000
1639  -4.116  -72.792  -18.284 1.0000000000
5506  -1.802  -63.273  -14.972 1.0000000000
4977  -2.396  -64.128  -14.762 1.0000000000
4962  -2.878  -64.900  -14.616 1.0000000000
2683  -2.651  -69.413  -16.917 1.0000000000
121312  -3.030  -69.663  -17.480 1.0000000000
1386  -3.587  -73.260  -18.740 1.0000000000
1393  -4.188  -73.064  -19.722 1.0000000000
2699  -3.761  -69.210  -17.732 1.0000000000
1387  -4.217  -72.935  -19.017 1.0000000000
119723  5.115  -66.395  -16.155 0.8000000119
118660  -4.892  -72.670  -20.958 1.0000000000
122711  5.662  -66.964  -16.546 0.4000000060
2324  -3.555  -70.027  -20.100 1.0000000000
2325  -4.009  -69.697  -21.078 1.0000000000
1663  -5.391  -72.194  -20.432 1.0000000000
131023  -6.197  -72.374  -23.025 1.0000000000
1676  -6.062  -71.885  -21.737 1.0000000000
120565  6.011  -67.233  -17.653 0.4000000060
2333  -3.619  -70.209  -21.836 1.0000000000
2340  -4.160  -70.052  -22.703 1.0000000000
2341  -5.204  -69.660  -22.872 1.0000000000
2000  -6.810  -70.844  -22.868 1.0000000000
1684  -6.803  -71.449  -23.348 1.0000000000
115568  -6.778  -72.049  -24.550 1.0000000000
114709  -3.738  -70.494  -23.399 1.0000000000
139700  -5.210  -70.090  -24.066 1.0000000000
114695  -6.754  -71.307  -25.079 1.0000000000
115647  -6.607  -71.400  -26.023 1.0000000000
114725  -6.861  -72.114  -26.496 1.0000000000
115581  -4.374  -70.440  -24.109 1.0000000000
114723  -6.159  -71.277  -26.677 1.0000000000
2030  -6.388  -71.604  -27.370 1.0000000000
135366  -1.387  -72.223  -24.940 1.0000000000
115600  -3.183  -71.409  -24.708 1.0000000000
2016  0.164  -71.857  -25.017 0.8999999762
1696  -0.177  -72.239  -25.272 1.0000000000
115861  -2.367  -71.953  -25.043 1.0000000000
1706  -4.462  -71.651  -27.575 1.0000000000
2357  0.290  -71.226  -25.272 0.8999999762
2017  -0.014  -71.801  -25.954 0.8999999762
129184  -3.294  -72.247  -27.670 1.0000000000
118965  -4.497  -71.771  -28.393 1.0000000000
2767  0.768  -70.621  -24.789 0.8000000119
1711  -1.950  -72.330  -28.574 1.0000000000
2818  -3.325  -69.476  -29.694 0.6000000238
3700  -8.827  -68.896  -31.328 0.3000000119
2376  -1.488  -70.746  -29.630 0.8999999762
2831  -2.831  -70.290  -30.148 0.6999999881
2833  -4.397  -69.705  -30.239 0.5000000000
3283  -5.322  -69.550  -30.309 0.5000000000
3284  -6.249  -69.189  -30.457 0.4000000060
3107  -0.219  -68.198  -14.606 1.0000000000
2666  -0.352  -69.165  -14.445 1.0000000000
121585  0.663  -68.464  -15.100 1.0000000000
2665  0.149  -69.597  -14.856 1.0000000000
2653  -0.785  -69.533  -13.447 1.0000000000
3884  5.683  -66.608  -7.654 0.5000000000
127587  4.126  -67.348  -14.307 1.0000000000
3512  1.785  -67.591  -14.754 1.0000000000
127931  -0.693  -69.575  -12.253 1.0000000000
3939  5.851  -66.707  -13.001 1.0000000000
2244  -0.732  -70.157  -10.781 1.0000000000
118475  6.242  -66.057  -8.968 0.6000000238
3481  6.328  -67.016  -11.705 1.0000000000
119803  5.289  -66.614  -13.653 1.0000000000
2256  -2.748  -70.696  -11.097 1.0000000000
4368  6.232  -65.490  -9.466 0.6999999881
2257  -3.222  -70.705  -12.090 1.0000000000
1627  -3.564  -72.281  -16.729 1.0000000000
5533  2.480  -63.261  -16.514 0.8999999762
125305  1.099  -63.034  -16.375 0.8999999762
4429  -3.448  -65.670  -14.548 1.0000000000
3532  -2.680  -68.053  -15.987 1.0000000000
1631  -3.867  -72.574  -17.514 1.0000000000
1945  -4.106  -71.814  -16.225 1.0000000000
1941  -4.690  -71.313  -15.634 1.0000000000
6073  -0.988  -62.757  -15.441 1.0000000000
1632  -4.655  -72.381  -17.790 1.0000000000
1628  -4.419  -72.166  -17.006 1.0000000000
4992  4.469  -64.744  -16.368 0.8999999762
5507  -3.119  -64.202  -14.329 1.0000000000
132338  -5.271  -72.073  -18.039 1.0000000000
4455  5.202  -65.493  -16.256 0.8000000119
119293  -2.851  -63.320  -14.391 1.0000000000
2711  -4.256  -69.035  -18.663 1.0000000000
1640  -4.904  -72.433  -18.665 1.0000000000
4454  5.749  -65.254  -16.598 0.5000000000
2720  -3.907  -69.511  -19.375 1.0000000000
2721  -4.923  -68.702  -19.706 1.0000000000
140135  -5.065  -72.425  -19.882 1.0000000000
129568  -6.016  -71.578  -20.248 1.0000000000
134623  4.533  -68.407  -18.725 0.4000000060
2733  -4.403  -69.248  -20.356 1.0000000000
1984  -6.238  -71.533  -21.101 1.0000000000
1993  -6.650  -71.117  -22.018 1.0000000000
3990  6.142  -66.605  -17.132 0.4000000060
2746  -5.563  -69.117  -21.684 1.0000000000
3561  5.096  -67.889  -18.547 0.3000000119
2334  -4.735  -69.523  -21.976 1.0000000000
2754  -5.749  -69.338  -22.300 1.0000000000
2347  -6.785  -70.643  -23.683 1.0000000000
2342  -6.131  -69.727  -22.944 1.0000000000
131342  -5.204  -70.397  -24.685 1.0000000000
115374  -6.054  -70.918  -25.863 1.0000000000
115501  -4.148  -70.944  -24.904 1.0000000000
114710  -3.399  -71.573  -25.438 1.0000000000
2029  -5.535  -71.376  -27.332 1.0000000000
2023  -5.348  -71.117  -26.348 1.0000000000
115599  -1.552  -72.610  -25.779 1.0000000000
1702  -3.469  -71.966  -26.850 1.0000000000
2772  0.678  -69.781  -25.164 0.8999999762
2358  0.088  -70.799  -26.166 0.8999999762
2802  -2.457  -69.224  -29.001 0.8999999762
138285  -6.147  -68.409  -29.999 0.4000000060
129895  -7.023  -69.146  -30.988 0.4000000060
115723  5.095  -67.141  -6.191 0.1000000015
3502  -0.265  -67.362  -14.462 1.0000000000
119632  5.495  -66.459  -6.881 0.3000000119
135976  -0.988  -68.767  -14.001 1.0000000000
135298  3.197  -67.136  -14.297 1.0000000000
3495  -1.707  -68.258  -12.474 1.0000000000
4905  6.173  -64.720  -9.199 0.6000000238
3501  4.352  -66.617  -14.049 1.0000000000
2641  -0.962  -69.397  -11.377 1.0000000000
3929  6.089  -66.696  -12.312 1.0000000000
3930  5.669  -66.378  -12.515 1.0000000000
3074  -1.569  -68.722  -11.125 1.0000000000
3060  -2.119  -69.133  -10.358 1.0000000000
2619  -1.894  -69.853  -10.418 1.0000000000
4380  6.186  -65.727  -10.165 0.8000000119
2234  -2.518  -69.777  -10.298 1.0000000000
127837  -2.869  -70.259  -10.624 1.0000000000
3958  -3.195  -66.447  -14.958 1.0000000000
2248  -4.105  -70.212  -12.359 1.0000000000
2269  -4.425  -70.380  -13.460 1.0000000000
132390  3.335  -63.161  -16.579 0.8999999762
6088  2.753  -62.336  -16.606 0.8999999762
6671  1.898  -61.844  -16.503 0.8999999762
3517  -3.090  -67.249  -15.428 1.0000000000
1922  -4.008  -70.852  -14.146 1.0000000000
6072  -0.281  -62.169  -15.749 1.0000000000
2283  -5.445  -70.794  -15.369 1.0000000000
6087  3.828  -62.444  -16.746 0.8000000119
5488  -3.546  -62.849  -13.905 1.0000000000
3125  -4.351  -68.155  -16.663 1.0000000000
1942  -5.600  -71.185  -16.158 1.0000000000
126843  3.842  -63.930  -16.508 0.8000000119
128362  4.846  -63.995  -16.496 0.6999999881
118162  -4.030  -68.734  -17.146 1.0000000000
2700  -4.502  -68.607  -17.976 1.0000000000
126920  -5.760  -71.430  -17.003 1.0000000000
3139  -5.340  -67.999  -18.061 1.0000000000
119824  -5.838  -71.606  -17.840 1.0000000000
3989  6.093  -65.796  -17.674 0.3000000119
3152  -5.168  -68.362  -18.842 1.0000000000
3168  -5.800  -68.137  -19.592 1.0000000000
1985  -6.750  -70.845  -20.642 1.0000000000
2722  -5.909  -68.341  -20.294 1.0000000000
2735  -5.965  -68.735  -21.086 1.0000000000
2736  -6.788  -68.980  -21.197 1.0000000000
1994  -6.847  -70.459  -21.538 1.0000000000
2734  -4.967  -69.057  -21.181 1.0000000000
2747  -6.229  -69.142  -21.747 1.0000000000
2755  -6.329  -69.495  -22.262 1.0000000000
2343  -6.722  -70.098  -22.427 1.0000000000
129824  -6.556  -70.252  -23.144 1.0000000000
114721  -5.938  -70.140  -24.334 1.0000000000
121432  -6.034  -70.482  -25.089 1.0000000000
114719  -5.241  -70.776  -25.479 1.0000000000
114711  -2.777  -72.161  -26.022 1.0000000000
114717  -4.371  -71.246  -25.838 1.0000000000
115518  -0.501  -72.480  -25.955 1.0000000000
1700  -1.071  -72.786  -26.699 1.0000000000
1701  -2.238  -72.628  -26.856 1.0000000000
2022  -4.470  -71.461  -26.711 1.0000000000
136273  -0.060  -71.484  -26.816 1.0000000000
2027  -0.301  -71.628  -27.685 1.0000000000
2021  -0.929  -72.505  -27.480 1.0000000000
1705  -1.986  -72.542  -27.803 1.0000000000
2779  -0.386  -69.825  -26.531 1.0000000000
2362  -0.170  -70.735  -27.172 0.8999999762
2788  -0.895  -69.966  -28.404 0.8999999762
2366  -0.595  -71.158  -28.575 0.8999999762
3226  -0.392  -68.973  -26.138 0.8000000119
2801  -1.598  -69.830  -29.081 0.8999999762
126315  -1.788  -69.151  -28.382 0.6999999881
125913  -3.085  -69.150  -29.258 0.6000000238
126786  -4.304  -68.335  -29.329 0.5000000000
3671  -4.924  -67.706  -29.658 0.5000000000
3683  -6.581  -68.342  -30.168 0.4000000060
3876  5.697  -65.780  -6.693 0.2000000030
4347  5.838  -65.005  -6.546 0.2000000030
4346  6.010  -65.240  -7.147 0.3000000119
4885  6.160  -64.375  -7.343 0.3000000119
3513  0.713  -67.500  -14.750 1.0000000000
3944  -0.483  -66.570  -14.203 1.0000000000
3945  -1.311  -66.546  -13.698 1.0000000000
4353  6.206  -65.110  -7.827 0.5000000000
127444  2.630  -67.077  -14.420 1.0000000000
3950  1.262  -66.164  -14.451 1.0000000000
3482  -2.109  -67.812  -11.715 1.0000000000
3947  3.714  -66.618  -14.182 1.0000000000
3940  5.396  -66.300  -13.122 1.0000000000
2620  -2.939  -69.131  -10.041 1.0000000000
133154  6.023  -64.475  -9.549 0.6999999881
4907  5.209  -64.694  -9.869 0.8000000119
4381  5.924  -65.477  -10.500 1.0000000000
4394  5.744  -65.902  -11.303 1.0000000000
4395  4.845  -66.164  -11.695 1.0000000000
3917  3.631  -67.044  -11.833 1.0000000000
4369  4.499  -65.755  -10.434 1.0000000000
2631  -4.215  -69.659  -11.261 1.0000000000
2642  -4.746  -69.663  -12.224 1.0000000000
6071  0.493  -61.775  -16.094 1.0000000000
2654  -4.905  -69.874  -13.030 1.0000000000
130033  -0.974  -62.030  -15.387 1.0000000000
3533  -3.815  -67.887  -15.818 1.0000000000
2278  -5.343  -70.405  -14.622 1.0000000000
6086  4.886  -62.570  -16.861 0.6999999881
138904  -3.006  -62.506  -14.248 1.0000000000
2279  -6.065  -70.262  -15.135 1.0000000000
4953  -4.617  -63.741  -13.501 1.0000000000
3138  -4.681  -68.250  -17.398 1.0000000000
2297  -7.141  -70.238  -17.260 1.0000000000
5007  6.031  -64.386  -17.870 0.5000000000
3153  -6.223  -67.765  -18.919 1.0000000000
1955  -6.517  -70.991  -17.585 1.0000000000
2723  -7.500  -69.246  -19.330 1.0000000000
2317  -7.179  -70.263  -19.430 1.0000000000
1964  -6.521  -71.089  -18.559 1.0000000000
3154  -7.146  -67.868  -19.076 1.0000000000
3169  -6.562  -68.084  -19.768 1.0000000000
119270  -7.271  -69.219  -20.333 1.0000000000
2326  -7.060  -69.790  -21.031 1.0000000000
2335  -6.749  -69.533  -21.775 1.0000000000
129341  -0.386  -72.161  -26.809 1.0000000000
122206  -0.918  -69.108  -26.860 0.8999999762
2787  -0.639  -69.891  -27.444 0.8999999762
4419  -0.721  -65.784  -13.790 1.0000000000
5979  6.126  -62.806  -7.628 0.4000000060
4427  1.786  -65.633  -14.408 1.0000000000
4418  0.188  -65.903  -14.242 1.0000000000
3504  -1.785  -67.398  -13.235 1.0000000000
5428  5.869  -63.215  -8.915 0.5000000000
5427  6.130  -63.486  -8.606 0.5000000000
4425  3.234  -66.409  -14.276 1.0000000000
3934  -1.979  -66.466  -13.101 1.0000000000
3496  -2.239  -67.136  -12.531 1.0000000000
5441  5.406  -63.591  -9.197 0.5000000000
115401  5.083  -66.029  -12.980 1.0000000000
115460  4.961  -65.781  -13.552 1.0000000000
123612  -2.529  -66.982  -11.679 1.0000000000
3932  3.445  -67.071  -12.374 1.0000000000
3471  -2.448  -67.589  -10.718 1.0000000000
4370  3.460  -66.636  -10.356 0.8999999762
3897  2.433  -67.163  -10.233 1.0000000000
3472  -3.044  -67.541  -9.882 1.0000000000
3062  -3.504  -68.397  -9.811 1.0000000000
2621  -3.833  -69.164  -10.212 1.0000000000
2622  -4.673  -68.891  -10.789 1.0000000000
2632  -5.051  -69.145  -11.759 1.0000000000
3951  -4.091  -66.312  -14.675 1.0000000000
127829  -3.841  -66.975  -15.094 1.0000000000
2655  -5.646  -69.569  -13.530 1.0000000000
4964  -4.468  -64.322  -13.738 1.0000000000
2667  -5.908  -69.892  -14.348 1.0000000000
6645  -2.049  -61.640  -14.732 1.0000000000
120920  -2.865  -61.734  -14.309 1.0000000000
5489  -4.330  -63.052  -13.494 1.0000000000
3534  -4.789  -67.486  -16.278 1.0000000000
5530  5.902  -63.637  -16.975 0.5000000000
6049  -4.037  -62.222  -13.579 1.0000000000
3562  -6.233  -67.408  -17.925 1.0000000000
2684  -7.384  -69.577  -16.518 1.0000000000
2288  -6.765  -70.321  -16.394 1.0000000000
5546  6.029  -63.624  -17.573 0.5000000000
3564  -7.467  -67.635  -18.240 1.0000000000
3155  -7.701  -68.324  -18.463 1.0000000000
120275  -7.703  -69.186  -17.620 1.0000000000
5030  5.715  -64.422  -18.746 0.4000000060
2724  -7.517  -68.498  -19.118 1.0000000000
2298  -7.470  -69.775  -17.920 1.0000000000
4952  -0.135  -65.022  -13.831 1.0000000000
139783  4.780  -61.900  -8.192 0.4000000060
6556  5.593  -61.732  -7.747 0.4000000060
4428  0.794  -65.341  -14.304 1.0000000000
4420  -1.444  -65.851  -13.356 1.0000000000
4414  -2.669  -65.691  -12.120 1.0000000000
5430  3.765  -63.860  -8.683 0.6000000238
5429  4.642  -63.221  -8.851 0.5000000000
115674  3.465  -65.810  -14.235 1.0000000000
4895  2.266  -65.777  -8.959 0.8000000119
4358  1.393  -65.805  -8.892 0.8999999762
4373  0.615  -66.159  -9.573 1.0000000000
115435  5.098  -65.359  -13.241 1.0000000000
3920  -2.859  -66.224  -11.609 1.0000000000
120840  2.871  -66.249  -9.505 0.8999999762
4371  1.900  -66.590  -9.466 0.8999999762
3898  1.570  -67.044  -10.093 1.0000000000
3908  1.262  -66.953  -10.531 1.0000000000
3919  1.796  -67.071  -11.386 1.0000000000
131238  3.989  -66.334  -12.819 1.0000000000
3909  -2.840  -66.789  -10.745 1.0000000000
5442  4.452  -64.208  -9.241 0.6999999881
3907  2.107  -67.424  -10.896 1.0000000000
4430  -4.459  -65.575  -14.292 1.0000000000
129105  -4.389  -67.164  -9.526 1.0000000000
3052  -4.253  -67.863  -9.685 1.0000000000
3063  -4.299  -68.553  -10.049 1.0000000000
4421  -6.067  -64.777  -13.795 1.0000000000
3076  -5.394  -68.441  -11.362 1.0000000000
4431  -5.633  -65.382  -14.264 1.0000000000
4442  -6.423  -65.610  -15.032 1.0000000000
4433  -7.775  -65.284  -14.337 1.0000000000
3089  -5.729  -68.660  -12.315 1.0000000000
6669  3.423  -61.620  -16.848 0.6999999881
6670  2.561  -61.350  -16.723 0.8999999762
3952  -5.169  -66.050  -14.711 1.0000000000
4443  -7.505  -65.453  -15.140 1.0000000000
2643  -5.365  -69.319  -12.681 1.0000000000
6668  4.394  -61.774  -16.991 0.6999999881
6644  -1.350  -61.495  -15.170 1.0000000000
3519  -5.244  -66.860  -15.874 1.0000000000
3960  -5.783  -66.237  -15.480 1.0000000000
3961  -7.043  -65.835  -15.966 1.0000000000
128507  -8.217  -66.265  -14.725 1.0000000000
136330  -2.452  -61.078  -14.542 1.0000000000
3975  -6.161  -66.398  -16.185 1.0000000000
3976  -6.869  -66.397  -16.739 1.0000000000
3520  -8.104  -66.638  -16.179 1.0000000000
3109  -7.883  -68.156  -15.394 1.0000000000
3108  -7.242  -68.756  -14.678 1.0000000000
2668  -6.706  -69.539  -14.986 1.0000000000
6632  -4.484  -61.508  -13.221 1.0000000000
138726  -5.990  -67.163  -17.340 1.0000000000
3536  -6.618  -66.894  -17.356 1.0000000000
3537  -7.998  -66.931  -16.844 1.0000000000
3112  -8.127  -67.449  -16.205 1.0000000000
2669  -7.406  -68.953  -15.356 1.0000000000
5031  5.428  -64.625  -19.359 0.3000000119
3553  -7.729  -67.336  -17.521 1.0000000000
2685  -7.856  -68.680  -16.992 1.0000000000
127537  3.086  -61.717  -7.220 0.4000000060
5981  2.595  -62.467  -7.369 0.4000000060
132623  0.544  -64.632  -14.041 1.0000000000
4412  -1.036  -65.029  -13.235 1.0000000000
5996  3.773  -63.042  -8.341 0.5000000000
114746  4.941  -65.068  -13.640 1.0000000000
125325  2.106  -65.121  -14.394 1.0000000000
134326  1.312  -64.827  -14.315 1.0000000000
4945  -2.587  -64.820  -12.062 1.0000000000
5417  2.022  -63.435  -7.525 0.5000000000
5431  2.766  -63.951  -8.168 0.6000000238
5432  1.624  -64.313  -7.845 0.8000000119
4917  0.314  -65.474  -10.098 1.0000000000
4927  1.728  -66.087  -11.514 1.0000000000
114743  5.303  -64.558  -13.122 1.0000000000
4960  2.886  -64.925  -14.374 1.0000000000
4942  3.065  -66.125  -12.654 1.0000000000
114744  4.156  -65.149  -12.690 1.0000000000
3921  -3.244  -66.030  -10.745 1.0000000000
4926  2.483  -65.630  -12.064 1.0000000000
4925  3.283  -65.089  -12.308 1.0000000000
3467  -4.976  -67.339  -9.749 1.0000000000
3064  -5.021  -68.082  -10.350 1.0000000000
4965  -4.915  -64.902  -13.879 1.0000000000
4422  -7.327  -64.705  -13.656 1.0000000000
4423  -8.030  -65.241  -13.505 1.0000000000
3497  -6.804  -67.411  -12.462 1.0000000000
3077  -6.075  -67.954  -11.959 1.0000000000
6679  4.910  -61.108  -17.286 0.6999999881
7273  3.161  -60.815  -17.014 0.6999999881
6672  1.195  -61.372  -16.373 1.0000000000
6654  0.464  -60.849  -16.184 1.0000000000
7261  -0.336  -60.762  -15.809 1.0000000000
4954  -5.387  -64.176  -13.441 1.0000000000
5491  -6.236  -63.695  -13.001 1.0000000000
125185  -6.446  -64.258  -13.389 1.0000000000
3953  -8.170  -65.728  -14.109 1.0000000000
3506  -8.078  -66.525  -13.754 1.0000000000
6677  6.055  -61.226  -17.982 0.5000000000
6099  5.822  -62.069  -17.630 0.5000000000
7233  -3.632  -60.551  -13.838 1.0000000000
6631  -3.672  -61.390  -13.781 1.0000000000
5490  -5.290  -63.253  -13.090 1.0000000000
3099  -7.931  -67.280  -14.259 1.0000000000
3505  -7.369  -67.445  -13.306 1.0000000000
3090  -6.492  -68.132  -12.849 1.0000000000
135781  6.025  -62.414  -17.772 0.5000000000
6051  -5.742  -62.429  -12.681 1.0000000000
3098  -7.088  -68.314  -13.816 1.0000000000
2656  -6.465  -69.230  -14.059 1.0000000000
5553  5.916  -63.699  -18.367 0.5000000000
5566  5.657  -63.507  -19.791 0.3000000119
6559  2.147  -61.929  -6.805 0.4000000060
7150  3.839  -60.817  -6.687 0.4000000060
6557  4.897  -61.488  -7.755 0.4000000060
5998  -0.955  -63.187  -8.323 0.6999999881
133522  -0.398  -64.220  -9.144 0.8000000119
5444  -0.116  -63.727  -9.431 0.8000000119
4951  0.925  -63.963  -13.990 1.0000000000
4943  -0.790  -64.095  -12.942 1.0000000000
5983  0.641  -63.849  -7.501 0.6000000238
5418  -0.336  -63.992  -7.784 0.8000000119
5419  -0.674  -63.922  -8.284 0.8000000119
128699  -0.136  -64.700  -9.478 1.0000000000
5504  2.503  -64.002  -14.359 1.0000000000
4944  -1.634  -64.520  -12.577 1.0000000000
4896  0.790  -64.981  -8.225 0.8000000119
4897  -0.019  -65.059  -8.526 0.8000000119
4916  1.146  -65.141  -10.717 1.0000000000
131420  4.606  -64.412  -14.042 1.0000000000
5505  1.710  -63.480  -14.180 1.0000000000
5486  0.378  -63.448  -13.499 1.0000000000
5476  -1.396  -63.774  -12.471 1.0000000000
5477  -2.077  -63.894  -12.096 1.0000000000
4397  -3.116  -65.451  -11.490 1.0000000000
4915  2.030  -64.809  -11.269 1.0000000000
5461  -1.650  -63.145  -12.201 1.0000000000
119541  -3.540  -63.940  -11.180 1.0000000000
4918  -3.825  -64.418  -10.581 1.0000000000
4386  -3.505  -65.237  -10.630 1.0000000000
4374  -3.690  -65.871  -9.900 1.0000000000
123884  -5.100  -64.027  -9.507 1.0000000000
4919  -4.463  -64.208  -9.885 1.0000000000
4375  -4.464  -65.812  -9.490 1.0000000000
4910  -5.800  -64.245  -9.384 1.0000000000
4377  -6.392  -64.818  -9.672 1.0000000000
126665  -5.738  -65.124  -9.401 1.0000000000
3902  -5.595  -66.612  -9.977 1.0000000000
4920  -7.069  -64.489  -10.157 1.0000000000
4388  -6.817  -65.128  -10.275 1.0000000000
3911  -6.312  -66.298  -10.550 1.0000000000
3474  -6.044  -66.959  -10.831 1.0000000000
121843  -6.402  -67.234  -11.654 1.0000000000
120493  3.975  -59.788  -17.493 0.6999999881
7274  2.304  -60.430  -16.903 0.8999999762
7275  1.278  -60.445  -16.588 1.0000000000
7276  0.019  -60.007  -16.180 1.0000000000
136524  -7.263  -63.888  -10.033 1.0000000000
4930  -7.900  -64.083  -11.502 1.0000000000
123089  -7.998  -64.717  -12.024 1.0000000000
3936  -7.046  -66.804  -12.148 1.0000000000
6678  5.612  -61.201  -17.657 0.6999999881
132833  -0.781  -60.111  -15.746 1.0000000000
137085  -1.395  -60.202  -15.380 1.0000000000
5479  -7.823  -63.397  -11.877 1.0000000000
4955  -7.226  -64.098  -12.962 1.0000000000
3498  -7.596  -66.723  -12.855 1.0000000000
7248  -2.543  -60.364  -14.626 1.0000000000
7234  -4.232  -60.670  -13.399 1.0000000000
6052  -6.176  -63.055  -12.712 1.0000000000
6041  -7.468  -62.718  -11.941 1.0000000000
6110  6.052  -62.247  -18.748 0.5000000000
7235  -4.923  -60.778  -12.815 1.0000000000
6633  -5.295  -61.590  -12.694 1.0000000000
6621  -7.214  -61.972  -11.808 1.0000000000
5982  1.431  -62.829  -6.992 0.4000000060
6005  -0.491  -62.726  -8.957 0.8000000119
5973  0.233  -62.898  -6.849 0.5000000000
136371  -0.298  -63.397  -7.361 0.6000000238
5984  -0.857  -63.369  -7.730 0.6999999881
5443  0.811  -63.385  -9.904 1.0000000000
135431  2.564  -63.862  -10.899 1.0000000000
6023  3.355  -63.416  -11.128 1.0000000000
5503  3.578  -64.048  -14.333 1.0000000000
127797  2.600  -63.210  -14.340 1.0000000000
5485  0.956  -63.037  -13.736 1.0000000000
5475  -0.928  -63.235  -12.613 1.0000000000
5459  3.960  -64.065  -12.051 1.0000000000
131624  4.645  -64.228  -12.481 1.0000000000
115542  5.135  -64.067  -13.533 1.0000000000
6039  -1.182  -62.445  -12.364 1.0000000000
6025  -2.942  -62.258  -11.531 1.0000000000
5454  -4.078  -63.461  -10.646 1.0000000000
5446  -4.772  -63.358  -9.856 1.0000000000
5447  -5.532  -63.338  -9.431 1.0000000000
7282  5.320  -60.423  -17.637 0.6999999881
7284  3.124  -60.040  -17.237 0.6999999881
7263  -2.001  -59.888  -15.117 1.0000000000
5449  -7.114  -63.338  -9.724 1.0000000000
7281  5.853  -60.443  -17.958 0.6000000238
7889  -3.505  -59.192  -14.322 1.0000000000
7250  -4.017  -59.778  -13.697 1.0000000000
129929  -7.856  -62.787  -10.732 1.0000000000
126047  -6.726  -61.899  -9.419 1.0000000000
6690  6.113  -61.362  -18.599 0.5000000000
136451  -5.409  -60.062  -12.555 1.0000000000
6027  -7.762  -62.306  -11.284 1.0000000000
6121  5.944  -62.634  -19.662 0.4000000060
6716  5.863  -61.945  -21.391 0.3000000119
7219  -5.738  -60.822  -12.332 1.0000000000
6606  -7.115  -61.159  -11.615 1.0000000000
5587  5.053  -63.713  -21.422 0.2000000030
5589  3.753  -63.673  -21.861 0.1000000015
7151  2.226  -60.857  -5.830 0.3000000119
7178  -0.260  -60.566  -9.487 0.8999999762
7177  0.711  -60.511  -9.945 0.8999999762
6590  2.194  -61.336  -10.249 1.0000000000
129597  3.097  -61.302  -10.594 1.0000000000
6602  4.483  -62.077  -11.282 1.0000000000
124694  1.760  -61.428  -6.198 0.4000000060
6561  -1.805  -60.960  -7.720 0.8000000119
6579  -0.703  -61.589  -8.850 0.8999999762
6578  0.187  -61.550  -9.431 0.8999999762
6577  1.213  -61.454  -9.882 0.8999999762
6012  3.510  -62.293  -10.841 1.0000000000
6021  5.436  -62.370  -12.282 1.0000000000
6543  -0.125  -62.038  -6.398 0.6000000238
125648  -1.258  -62.602  -7.800 0.6999999881
129633  -1.054  -62.394  -8.385 0.8000000119
6004  0.540  -62.535  -9.587 0.8999999762
6013  2.606  -62.966  -10.552 1.0000000000
132706  4.938  -62.535  -11.804 1.0000000000
6022  4.263  -62.970  -11.498 1.0000000000
6036  5.565  -62.970  -12.760 1.0000000000
6058  5.633  -62.323  -13.699 1.0000000000
118451  3.770  -62.278  -14.427 1.0000000000
6061  2.779  -62.336  -14.319 1.0000000000
115815  5.528  -63.571  -13.131 1.0000000000
139114  4.243  -62.824  -14.358 1.0000000000
6047  1.731  -62.460  -13.995 1.0000000000
6038  -0.402  -62.575  -12.749 1.0000000000
6619  -0.659  -61.641  -12.566 1.0000000000
116968  5.017  -63.413  -12.320 1.0000000000
5502  4.592  -63.463  -14.165 1.0000000000
6026  -3.651  -61.752  -11.223 1.0000000000
6016  -4.484  -62.578  -10.325 1.0000000000
6015  -3.866  -62.504  -11.067 1.0000000000
6006  -5.169  -62.569  -9.716 1.0000000000
6580  -5.302  -61.195  -9.789 1.0000000000
7907  1.715  -59.653  -17.025 1.0000000000
7908  0.779  -59.549  -16.674 1.0000000000
116036  -0.052  -59.109  -16.432 1.0000000000
8485  -1.591  -58.476  -15.799 1.0000000000
6017  -7.785  -61.922  -10.421 1.0000000000
6581  -6.104  -61.364  -9.388 1.0000000000
7297  6.057  -60.470  -18.449 0.5000000000
7890  -4.323  -58.746  -13.876 1.0000000000
7876  -4.648  -59.301  -13.349 1.0000000000
6593  -7.717  -61.136  -10.539 1.0000000000
6702  6.089  -61.696  -19.529 0.5000000000
121078  -5.086  -58.672  -13.247 1.0000000000
7864  -5.839  -59.365  -12.390 1.0000000000
7220  -6.264  -60.042  -11.984 1.0000000000
7208  -7.080  -60.368  -11.494 1.0000000000
6583  -7.583  -61.183  -9.972 1.0000000000
6142  5.446  -62.558  -21.883 0.2000000030
7855  -7.551  -59.929  -10.911 1.0000000000
7197  -7.618  -60.379  -10.278 1.0000000000
7183  -7.250  -60.518  -9.692 1.0000000000
5595  4.174  -63.177  -22.339 0.1000000015
5590  2.935  -63.100  -21.334 0.1000000015
7194  1.691  -60.472  -10.269 0.8999999762
7193  2.630  -60.479  -10.493 1.0000000000
6588  4.029  -61.351  -10.955 1.0000000000
6600  5.603  -61.520  -12.094 1.0000000000
7152  0.647  -61.448  -5.927 0.5000000000
6571  -1.393  -61.590  -8.187 0.8000000119
6544  -1.031  -61.648  -6.526 0.6000000238
6627  5.954  -61.669  -13.416 1.0000000000
6642  4.128  -61.527  -14.513 1.0000000000
6629  1.383  -61.558  -13.649 1.0000000000
6628  2.192  -61.579  -14.037 1.0000000000
6037  0.158  -61.973  -12.950 1.0000000000
6630  0.643  -61.394  -13.268 1.0000000000
6603  -1.552  -61.676  -12.209 1.0000000000
6024  -2.012  -62.374  -12.013 1.0000000000
6605  -3.079  -61.280  -11.481 1.0000000000
7916  4.952  -59.691  -17.653 0.6999999881
125821  3.232  -59.160  -17.575 0.6999999881
6591  -3.986  -60.965  -11.085 1.0000000000
121109  -4.276  -61.788  -10.727 1.0000000000
8490  1.335  -58.848  -17.187 1.0000000000
7207  -3.237  -60.394  -11.437 1.0000000000
7180  -5.084  -60.584  -10.041 1.0000000000
7181  -5.725  -60.429  -9.569 1.0000000000
7926  6.038  -59.454  -18.687 0.5000000000
8491  0.528  -58.604  -16.891 1.0000000000
8470  -3.026  -58.585  -14.928 1.0000000000
138649  -3.744  -58.466  -14.466 1.0000000000
7196  -4.573  -60.338  -10.554 1.0000000000
7845  -5.158  -59.875  -10.022 1.0000000000
7310  6.148  -60.748  -19.271 0.5000000000
7865  -6.489  -59.270  -11.967 1.0000000000
125165  -7.609  -59.087  -10.997 1.0000000000
7846  -7.615  -59.457  -10.336 1.0000000000
128551  -6.896  -60.023  -9.526 1.0000000000
7323  6.099  -61.096  -20.476 0.5000000000
6153  4.457  -62.459  -22.719 0.1000000015
136804  3.445  -63.077  -22.165 0.1000000015
6154  3.593  -62.469  -22.701 0.1000000015
7829  0.164  -59.570  -10.092 0.8999999762
129583  1.152  -59.621  -10.346 0.8999999762
7843  2.205  -59.619  -10.457 0.8999999762
7191  4.819  -60.503  -10.957 1.0000000000
6586  5.362  -61.067  -11.558 1.0000000000
7227  6.016  -60.783  -13.442 1.0000000000
7153  -0.438  -61.196  -5.864 0.6000000238
7179  -1.089  -60.679  -8.908 0.8999999762
7830  -0.890  -59.552  -9.489 0.8999999762
6626  6.012  -61.105  -12.915 1.0000000000
7242  5.530  -60.916  -14.293 1.0000000000
6545  -1.711  -61.045  -6.832 0.6999999881
7164  -2.135  -60.382  -7.360 0.6000000238
130743  -1.475  -60.018  -8.825 0.8999999762
7154  -1.364  -60.764  -6.040 0.6000000238
6641  5.017  -61.467  -14.430 1.0000000000
7244  3.506  -60.748  -14.546 1.0000000000
7245  2.476  -60.684  -14.230 1.0000000000
7230  1.118  -60.806  -13.526 1.0000000000
7231  0.336  -60.572  -13.219 1.0000000000
123376  -1.231  -60.212  -12.501 1.0000000000
126073  -1.274  -60.934  -12.359 1.0000000000
7206  -2.475  -60.762  -11.807 1.0000000000
8502  1.044  -58.052  -17.313 1.0000000000
9133  -0.289  -57.474  -16.736 1.0000000000
7910  -0.807  -58.766  -16.154 1.0000000000
7844  -4.503  -59.413  -10.647 1.0000000000
8497  5.761  -59.121  -18.398 0.6000000238
8486  -2.370  -58.159  -15.459 1.0000000000
8487  -3.009  -57.829  -15.239 1.0000000000
8471  -3.607  -57.864  -14.837 1.0000000000
9115  -4.711  -57.351  -14.219 1.0000000000
139259  -5.514  -57.502  -13.441 1.0000000000
8444  -7.295  -57.916  -11.583 1.0000000000
9065  -7.449  -57.757  -10.441 1.0000000000
8410  -6.869  -58.422  -9.565 1.0000000000
8420  -5.262  -59.009  -9.951 1.0000000000
8472  -4.265  -57.924  -14.314 1.0000000000
8457  -5.851  -57.991  -12.964 1.0000000000
126955  -6.755  -57.973  -12.209 1.0000000000
8432  -7.604  -58.238  -11.033 1.0000000000
7832  -6.696  -59.318  -9.485 1.0000000000
118621  6.155  -60.065  -19.833 0.5000000000
8526  6.144  -58.362  -19.617 0.5000000000
129180  -5.614  -58.802  -12.747 1.0000000000
8443  -7.074  -58.682  -11.683 1.0000000000
7833  -7.391  -58.957  -9.829 1.0000000000
7324  6.069  -60.083  -20.937 0.4000000060
126530  5.816  -60.999  -21.824 0.3000000119
6155  3.247  -61.642  -23.100 0.1000000015
7189  5.733  -59.703  -11.184 1.0000000000
7851  5.962  -59.593  -11.809 1.0000000000
7872  5.727  -59.356  -13.299 1.0000000000
8465  5.074  -58.363  -14.423 1.0000000000
7140  0.361  -60.733  -5.246 0.4000000060
7828  1.520  -58.912  -10.314 0.8999999762
132642  3.049  -59.945  -10.560 0.8999999762
7842  3.935  -59.872  -10.567 1.0000000000
7190  5.574  -60.345  -11.362 1.0000000000
122575  5.916  -60.408  -13.004 1.0000000000
8466  4.769  -58.937  -14.873 1.0000000000
7141  -0.897  -60.355  -5.250 0.4000000060
8408  -0.137  -58.542  -9.894 0.8999999762
120155  0.710  -58.936  -10.261 0.8999999762
7241  5.846  -60.325  -13.985 1.0000000000
125404  4.190  -58.607  -15.193 1.0000000000
7817  -2.038  -59.923  -8.240 0.8000000119
7816  -1.635  -59.294  -8.903 0.8999999762
124337  3.913  -60.099  -14.700 1.0000000000
7885  3.790  -59.306  -14.893 1.0000000000
7886  2.622  -59.148  -14.639 1.0000000000
8468  1.849  -58.643  -14.524 1.0000000000
126888  2.280  -59.863  -14.309 1.0000000000
7887  1.727  -59.362  -14.222 1.0000000000
8453  1.051  -58.780  -14.099 1.0000000000
7246  1.615  -60.195  -13.900 1.0000000000
7873  1.033  -59.566  -13.810 1.0000000000
119620  0.505  -59.160  -13.664 1.0000000000
120095  0.898  -60.180  -13.573 1.0000000000
7862  -0.795  -59.730  -12.812 1.0000000000
8500  2.773  -58.334  -17.769 0.8000000119
9142  2.457  -57.575  -17.861 0.8999999762
9143  1.576  -57.452  -17.594 1.0000000000
140218  0.216  -57.200  -17.058 1.0000000000
119739  -0.851  -56.980  -16.514 1.0000000000
7863  -1.695  -59.388  -12.408 1.0000000000
8441  -2.126  -58.521  -12.384 1.0000000000
8501  1.864  -58.219  -17.564 0.8999999762
9785  -2.018  -56.864  -15.893 1.0000000000
9786  -2.763  -56.590  -15.628 1.0000000000
7218  -1.854  -60.376  -12.173 1.0000000000
7852  -2.651  -58.955  -11.937 1.0000000000
9140  4.955  -58.062  -18.019 0.6999999881
8493  -1.002  -57.823  -16.276 1.0000000000
9129  -3.388  -57.105  -15.229 1.0000000000
9114  -4.155  -57.228  -14.698 1.0000000000
7853  -3.500  -59.399  -11.393 1.0000000000
8430  -3.399  -58.441  -11.600 1.0000000000
134530  5.625  -58.095  -18.516 0.6999999881
9128  -2.565  -57.369  -15.557 1.0000000000
9100  -5.320  -57.024  -13.832 1.0000000000
9087  -6.572  -57.222  -12.573 1.0000000000
9718  -7.439  -56.626  -11.412 1.0000000000
9053  -6.322  -57.823  -9.664 1.0000000000
123455  -5.411  -58.054  -9.954 1.0000000000
8419  -4.179  -58.605  -11.049 1.0000000000
8509  6.080  -58.682  -18.859 0.6000000238
135590  -5.182  -57.371  -10.350 1.0000000000
8431  -4.003  -57.820  -11.305 1.0000000000
7947  6.026  -59.202  -21.198 0.4000000060
129277  5.817  -59.901  -21.960 0.4000000060
6742  5.281  -61.433  -22.685 0.1000000015
7364  4.506  -60.431  -23.777 0.1000000015
6762  4.325  -61.096  -23.482 0.1000000015
8428  5.863  -58.219  -11.183 1.0000000000
9095  5.450  -57.935  -13.224 1.0000000000
9096  5.136  -57.378  -13.722 1.0000000000
7825  5.281  -58.934  -10.071 1.0000000000
8438  6.002  -58.803  -11.880 1.0000000000
132034  5.541  -58.617  -13.411 1.0000000000
9109  5.293  -58.172  -13.802 1.0000000000
115739  5.078  -56.877  -15.133 1.0000000000
9780  5.086  -56.158  -15.532 1.0000000000
124850  3.167  -59.384  -10.296 0.8999999762
7841  4.899  -59.615  -10.497 1.0000000000
8481  5.014  -57.505  -15.094 1.0000000000
118615  1.783  -58.420  -9.966 0.8999999762
8482  4.768  -58.154  -15.180 1.0000000000
117126  4.960  -56.843  -15.732 1.0000000000
7142  -1.831  -59.810  -5.628 0.4000000060
8397  -1.260  -58.520  -9.181 0.8999999762
9124  4.073  -57.266  -15.724 1.0000000000
9125  3.325  -56.945  -15.730 1.0000000000
7805  -2.458  -59.037  -6.313 0.6000000238
7809  -2.457  -59.497  -7.407 0.6999999881
8484  2.916  -57.702  -15.344 1.0000000000
9126  1.897  -57.269  -15.092 1.0000000000
134298  2.505  -58.402  -14.875 1.0000000000
9111  1.937  -57.979  -14.825 1.0000000000
126448  1.345  -58.208  -14.467 1.0000000000
9765  1.122  -56.887  -14.802 1.0000000000
131818  0.512  -57.310  -14.361 1.0000000000
9097  -0.043  -57.767  -13.884 1.0000000000
8455  -0.649  -58.306  -13.326 1.0000000000
9141  4.231  -57.406  -18.223 0.8000000119
8439  -0.956  -59.008  -12.910 1.0000000000
8440  -1.457  -58.444  -12.785 1.0000000000
9811  1.283  -56.679  -17.558 0.8999999762
9797  -0.723  -56.191  -16.623 1.0000000000
10381  -2.177  -55.986  -15.973 1.0000000000
8429  -2.768  -58.109  -12.124 1.0000000000
9157  5.154  -57.113  -18.513 0.6999999881
136689  -4.067  -56.396  -14.985 1.0000000000
9156  5.644  -57.243  -18.889 0.6999999881
129111  -3.645  -55.884  -15.307 1.0000000000
9768  -4.756  -56.683  -14.440 1.0000000000
9733  -6.472  -56.485  -12.895 1.0000000000
126692  -7.385  -56.165  -10.968 1.0000000000
9705  -6.212  -56.405  -10.223 1.0000000000
9064  -5.846  -57.199  -9.967 1.0000000000
9155  6.047  -57.853  -18.956 0.4000000060
7965  5.755  -59.109  -21.982 0.3000000119
7347  5.433  -60.512  -22.758 0.2000000030
7994  4.584  -59.794  -24.046 0.2000000030
7839  5.904  -59.015  -11.099 1.0000000000
9075  5.753  -57.412  -11.285 1.0000000000
9084  5.614  -57.597  -12.549 1.0000000000
9745  5.361  -57.161  -12.999 1.0000000000
7827  2.420  -58.853  -10.131 0.8999999762
118151  3.474  -58.692  -9.775 0.8999999762
9764  5.071  -56.531  -14.598 1.0000000000
10347  4.942  -55.891  -14.228 1.0000000000
8375  -1.892  -58.211  -5.141 0.5000000000
125602  -0.576  -57.821  -9.157 0.8999999762
8407  0.965  -58.338  -10.056 0.8999999762
9782  4.224  -56.373  -16.064 1.0000000000
8376  -2.275  -58.288  -5.821 0.6000000238
130633  -2.545  -58.525  -7.298 0.8999999762
9784  1.868  -56.373  -15.298 1.0000000000
9113  -0.221  -56.983  -14.025 1.0000000000
9098  -0.780  -57.427  -13.553 1.0000000000
119437  3.305  -56.851  -18.196 0.8000000119
128463  2.173  -56.804  -17.868 0.8000000119
9748  -1.562  -56.997  -13.241 1.0000000000
9099  -1.305  -57.777  -13.118 1.0000000000
9808  4.470  -56.510  -18.457 0.8000000119
9798  -1.433  -56.467  -16.278 1.0000000000
138723  -2.520  -55.485  -15.832 1.0000000000
10374  -3.518  -55.254  -15.384 1.0000000000
9731  -2.377  -56.840  -12.755 1.0000000000
9085  -2.081  -57.707  -12.676 1.0000000000
10363  -4.795  -55.067  -14.684 1.0000000000
10364  -5.417  -55.362  -14.192 1.0000000000
10338  -7.158  -54.911  -12.416 1.0000000000
10933  -7.195  -54.790  -11.236 1.0000000000
10931  -6.265  -54.837  -10.683 1.0000000000
9086  -2.964  -57.231  -12.252 1.0000000000
9826  5.302  -56.519  -18.983 0.6999999881
10375  -4.185  -55.554  -15.048 1.0000000000
10351  -5.965  -55.656  -13.669 1.0000000000
10326  -7.373  -55.573  -11.658 1.0000000000
10314  -7.218  -55.521  -10.832 1.0000000000
121602  -5.380  -56.662  -10.437 1.0000000000
9077  -4.579  -57.075  -10.953 1.0000000000
139025  5.542  -56.899  -19.150 0.6000000238
8544  5.920  -57.822  -20.358 0.3000000119
8568  5.784  -58.371  -21.375 0.3000000119
7981  5.434  -59.508  -22.852 0.2000000030
8586  5.434  -58.601  -22.405 0.2000000030
9062  5.690  -57.625  -10.573 1.0000000000
7824  5.428  -58.290  -9.969 1.0000000000
9730  5.208  -56.485  -12.690 1.0000000000
8395  3.801  -57.879  -9.139 1.0000000000
8405  4.640  -58.473  -9.565 1.0000000000
9009  -1.406  -57.470  -5.143 0.6999999881
9018  -1.394  -57.132  -6.158 0.6999999881
9042  -0.727  -57.410  -8.365 0.8999999762
8396  0.517  -57.825  -9.480 0.8999999762
9052  1.576  -57.910  -9.507 0.8999999762
8406  2.576  -58.194  -9.570 1.0000000000
10369  4.732  -55.491  -16.295 1.0000000000
9783  2.990  -56.310  -15.824 1.0000000000
10360  0.995  -56.169  -14.868 1.0000000000
9767  -0.501  -56.131  -14.197 1.0000000000
116917  -1.403  -56.089  -13.624 1.0000000000
9747  -0.897  -56.734  -13.734 1.0000000000
10379  -0.542  -55.347  -16.729 1.0000000000
10380  -1.361  -55.608  -16.367 1.0000000000
10997  -3.282  -54.393  -15.405 1.0000000000
10998  -4.086  -54.759  -15.055 1.0000000000
10989  -4.654  -54.257  -14.615 1.0000000000
133529  -2.051  -56.335  -13.129 1.0000000000
9810  2.777  -56.139  -18.095 0.8000000119
10387  0.924  -55.796  -17.473 0.8000000119
10388  0.040  -55.976  -16.987 1.0000000000
10979  -6.754  -54.364  -12.982 1.0000000000
10967  -7.202  -54.071  -12.183 1.0000000000
10324  -4.775  -55.629  -11.195 1.0000000000
10323  -4.092  -55.643  -11.825 1.0000000000
9809  3.848  -55.764  -18.344 0.8000000119
10312  -5.620  -55.720  -10.593 1.0000000000
9704  -4.907  -56.290  -10.914 1.0000000000
9732  -3.473  -56.385  -12.147 1.0000000000
9828  4.636  -55.878  -18.628 0.8000000119
9193  5.516  -57.073  -20.149 0.4000000060
9204  5.492  -57.504  -21.118 0.2000000030
9218  5.009  -57.967  -22.785 0.2000000030
9729  5.467  -56.840  -12.276 1.0000000000
116754  5.524  -56.596  -11.450 1.0000000000
132439  4.931  -56.105  -13.220 1.0000000000
8403  5.512  -57.649  -9.916 1.0000000000
135126  5.604  -57.113  -10.073 1.0000000000
122623  5.440  -56.106  -10.656 1.0000000000
10348  4.734  -55.616  -13.760 1.0000000000
121308  3.571  -57.170  -8.638 1.0000000000
9038  4.557  -57.256  -8.669 1.0000000000
120674  5.584  -56.130  -9.345 1.0000000000
10359  5.152  -55.373  -15.292 1.0000000000
9008  -0.483  -56.955  -5.353 0.6999999881
9026  -1.327  -57.191  -7.420 0.8000000119
9040  1.281  -57.390  -8.789 0.8999999762
9017  -0.396  -56.971  -6.577 0.8000000119
9025  -0.072  -57.187  -7.646 0.8999999762
9023  1.921  -56.730  -8.227 0.8999999762
10370  3.670  -55.536  -16.218 1.0000000000
10371  2.464  -55.534  -15.733 1.0000000000
10361  0.326  -55.625  -14.672 1.0000000000
10349  -0.990  -55.513  -14.011 1.0000000000
120955  -2.085  -55.046  -16.038 1.0000000000
11675  -6.763  -53.502  -12.621 1.0000000000
11652  -6.659  -53.507  -11.310 1.0000000000
10950  -5.001  -54.134  -11.197 1.0000000000
135251  -3.520  -54.632  -12.362 1.0000000000
10350  -1.573  -55.188  -13.672 1.0000000000
11674  -6.120  -53.776  -13.529 1.0000000000
10952  -6.842  -54.265  -10.960 1.0000000000
10325  -5.352  -54.832  -10.934 1.0000000000
10337  -3.467  -55.489  -12.371 1.0000000000
11010  1.074  -54.801  -17.563 1.0000000000
11005  -0.315  -54.590  -16.876 1.0000000000
11006  -1.164  -54.577  -16.479 1.0000000000
119088  2.799  -55.199  -18.067 0.8000000119
120531  1.718  -55.254  -17.770 0.8000000119
11700  -0.517  -53.737  -16.835 1.0000000000
10405  4.681  -55.395  -19.246 0.6000000238
9850  5.118  -56.488  -20.078 0.4000000060
9855  5.091  -56.761  -20.881 0.2000000030
9205  4.910  -57.163  -21.968 0.2000000030
10321  5.312  -55.791  -11.289 1.0000000000
10334  5.138  -55.922  -12.395 1.0000000000
10335  4.781  -55.642  -12.857 1.0000000000
10972  4.614  -55.102  -13.596 1.0000000000
9682  5.473  -56.719  -8.898 1.0000000000
9693  5.544  -56.467  -9.978 1.0000000000
10985  5.050  -54.962  -14.594 1.0000000000
9684  4.044  -56.602  -8.277 1.0000000000
9683  5.122  -56.572  -8.382 1.0000000000
11002  5.010  -54.838  -16.299 1.0000000000
9016  0.608  -56.832  -6.949 0.8000000119
9672  1.486  -56.328  -7.274 0.8999999762
11001  5.157  -54.592  -15.967 1.0000000000
10993  3.065  -54.756  -16.147 1.0000000000
10372  1.330  -55.409  -15.220 1.0000000000
10994  2.047  -54.747  -15.660 1.0000000000
122172  -0.957  -54.790  -14.051 1.0000000000
136211  0.050  -55.037  -14.611 1.0000000000
11692  -3.373  -53.574  -15.222 1.0000000000
11682  -4.475  -53.551  -14.553 1.0000000000
11683  -5.202  -53.611  -14.161 1.0000000000
120555  -6.352  -52.948  -12.946 1.0000000000
12387  -6.631  -52.719  -12.229 1.0000000000
120105  -4.586  -53.499  -11.304 1.0000000000
10966  -3.632  -53.647  -12.014 1.0000000000
11691  -2.646  -53.616  -15.661 1.0000000000
12397  -4.694  -52.742  -14.168 1.0000000000
121936  -1.973  -54.101  -16.102 1.0000000000
11681  -3.893  -53.145  -14.792 1.0000000000
11008  3.201  -54.173  -18.147 0.8000000119
125611  0.393  -54.128  -17.288 1.0000000000
10409  4.856  -55.922  -19.681 0.4000000060
11041  4.334  -54.887  -20.320 0.4000000060
9851  4.750  -56.082  -20.541 0.2000000030
9856  4.566  -56.310  -21.481 0.2000000030
10302  5.763  -55.482  -8.912 1.0000000000
126284  5.431  -54.889  -10.103 1.0000000000
10927  5.225  -54.648  -10.701 1.0000000000
10943  5.104  -54.914  -11.427 1.0000000000
123987  4.821  -54.674  -11.676 1.0000000000
10944  4.144  -54.796  -12.224 1.0000000000
10293  5.568  -55.979  -8.384 1.0000000000
133097  5.818  -55.443  -8.269 1.0000000000
9007  0.516  -56.567  -5.305 0.8000000119
9670  3.459  -55.984  -7.884 1.0000000000
10287  3.945  -55.466  -7.573 1.0000000000
135412  0.309  -56.747  -6.065 0.8000000119
9671  2.420  -56.019  -7.816 0.8999999762
9664  1.477  -55.787  -6.280 0.8000000119
136577  1.968  -55.588  -7.243 0.8999999762
11696  5.026  -54.100  -16.315 1.0000000000
10995  1.316  -54.582  -15.301 1.0000000000
12398  -5.670  -52.846  -13.529 1.0000000000
11650  -5.163  -52.705  -10.975 1.0000000000
10965  -2.878  -54.220  -12.754 1.0000000000
10975  -0.880  -53.923  -14.032 1.0000000000
10988  -0.221  -54.469  -14.456 1.0000000000
12386  -6.068  -52.127  -12.644 1.0000000000
12370  -6.058  -52.235  -11.373 1.0000000000
11664  -2.743  -53.359  -12.521 1.0000000000
11673  -2.169  -53.853  -13.146 1.0000000000
13109  -5.818  -51.674  -11.452 1.0000000000
139246  2.683  -53.798  -17.999 0.8999999762
11701  -1.339  -53.561  -16.418 1.0000000000
11702  -1.952  -53.316  -16.070 1.0000000000
12385  -5.287  -51.994  -13.399 1.0000000000
11019  4.469  -54.724  -18.892 0.8000000119
11707  3.228  -53.295  -18.201 0.8000000119
11709  1.012  -53.297  -17.584 0.8999999762
12396  -3.811  -52.263  -14.543 1.0000000000
135506  4.401  -54.514  -19.511 0.4000000060
12414  -2.274  -52.709  -15.762 1.0000000000
12408  -3.099  -52.732  -15.231 1.0000000000
10416  4.325  -55.458  -21.112 0.3000000119
11626  4.746  -53.490  -10.773 1.0000000000
10929  4.478  -54.226  -11.417 1.0000000000
10961  4.466  -55.223  -12.828 1.0000000000
9657  1.330  -55.795  -5.049 0.6999999881
11646  3.557  -54.360  -11.566 1.0000000000
9658  1.063  -56.166  -5.486 0.8000000119
10984  5.196  -54.320  -15.460 1.0000000000
10280  1.588  -55.168  -5.810 0.8000000119
11697  4.997  -53.416  -16.235 1.0000000000
10893  1.781  -54.349  -5.822 0.8000000119
10898  2.104  -54.558  -6.480 0.8000000119
130443  2.877  -54.548  -6.998 0.8000000119
10288  2.904  -55.263  -7.472 0.8000000119
11004  3.472  -53.863  -16.368 1.0000000000
129093  1.808  -53.998  -15.564 1.0000000000
128491  1.014  -53.965  -15.121 1.0000000000
12368  -4.858  -51.933  -10.854 1.0000000000
12376  -3.285  -52.709  -11.791 1.0000000000
137327  -2.552  -52.651  -12.316 1.0000000000
11672  -1.467  -53.453  -13.509 1.0000000000
11680  -0.143  -53.510  -14.395 1.0000000000
13130  -5.542  -51.346  -12.625 1.0000000000
12384  -2.026  -53.030  -12.896 1.0000000000
12395  0.114  -52.504  -14.300 1.0000000000
11690  0.698  -53.191  -14.803 1.0000000000
11727  3.477  -52.572  -18.444 0.8000000119
12430  1.738  -52.503  -17.741 0.8999999762
12367  -3.910  -51.892  -11.039 1.0000000000
12383  -1.322  -52.578  -13.222 1.0000000000
11671  -0.747  -53.001  -13.898 1.0000000000
12412  -0.621  -52.312  -16.793 1.0000000000
13107  -4.615  -51.117  -10.883 1.0000000000
127034  3.867  -53.003  -18.570 0.8000000119
11725  4.356  -53.762  -19.054 0.6000000238
139773  -5.013  -51.315  -13.237 1.0000000000
11062  4.087  -54.639  -21.161 0.2000000030
10431  4.084  -55.826  -22.061 0.2000000030
10914  5.777  -54.677  -9.287 1.0000000000
11624  5.460  -54.167  -9.961 1.0000000000
11625  5.113  -53.725  -10.453 1.0000000000
10904  6.084  -54.800  -8.345 1.0000000000
12346  4.945  -52.794  -10.168 1.0000000000
10900  6.045  -54.835  -7.671 1.0000000000
12347  4.497  -52.847  -10.350 1.0000000000
134045  3.880  -53.019  -10.477 1.0000000000
10945  2.998  -54.618  -12.081 1.0000000000
10886  1.224  -53.973  -4.541 0.6999999881
10880  0.993  -54.398  -3.612 0.6000000238
10286  4.957  -55.318  -7.423 1.0000000000
115732  3.244  -53.764  -10.885 1.0000000000
10962  3.656  -54.780  -12.897 1.0000000000
10973  4.000  -54.493  -13.663 1.0000000000
11581  1.772  -53.756  -5.364 0.6999999881
10273  1.466  -55.135  -4.972 0.6999999881
10282  3.894  -54.853  -7.207 0.8999999762
133898  2.282  -53.968  -10.601 1.0000000000
10974  3.138  -54.443  -13.162 1.0000000000
12390  5.198  -53.429  -15.570 1.0000000000
11698  4.463  -53.574  -16.444 1.0000000000
10946  2.088  -54.502  -11.708 1.0000000000
11679  4.548  -53.751  -14.375 1.0000000000
11687  5.130  -52.996  -15.988 1.0000000000
128169  5.087  -53.022  -15.053 1.0000000000
11699  3.801  -52.922  -16.418 1.0000000000
11688  2.619  -53.265  -15.942 1.0000000000
12401  4.868  -52.075  -15.762 1.0000000000
12403  3.148  -52.400  -16.123 1.0000000000
11689  1.552  -53.247  -15.362 1.0000000000
12394  0.822  -52.429  -14.737 1.0000000000
136759  -1.970  -52.230  -12.521 1.0000000000
12382  -0.558  -52.072  -13.606 1.0000000000
12432  -0.072  -52.601  -17.140 0.8999999762
12413  -1.474  -52.610  -16.299 1.0000000000
12406  -1.926  -51.915  -15.824 1.0000000000
13902  -5.520  -50.787  -11.932 1.0000000000
12366  -2.839  -51.870  -11.681 1.0000000000
12452  3.930  -52.380  -18.946 0.6000000238
13129  -4.477  -50.918  -13.424 1.0000000000
11742  4.251  -53.656  -19.661 0.3000000119
10417  3.896  -54.976  -21.904 0.2000000030
12321  5.792  -53.012  -9.052 0.8999999762
12331  5.253  -52.612  -9.600 1.0000000000
11593  6.121  -54.212  -7.096 1.0000000000
11592  6.267  -54.133  -7.747 1.0000000000
12314  6.208  -53.252  -8.077 1.0000000000
10874  0.480  -54.168  -2.444 0.2000000030
10895  5.619  -54.181  -6.635 1.0000000000
10901  5.683  -54.774  -7.196 1.0000000000
11573  0.677  -53.272  -3.274 0.4000000060
11590  4.816  -53.938  -6.381 0.8999999762
11582  1.435  -52.979  -4.394 0.6000000238
124566  3.755  -53.562  -6.321 0.8000000119
122621  3.845  -54.191  -6.768 0.8999999762
10892  2.655  -53.494  -6.011 0.8000000119
10930  1.720  -54.402  -11.009 1.0000000000
11670  2.519  -54.027  -13.022 1.0000000000
11669  3.565  -53.623  -13.691 1.0000000000
12392  4.533  -52.634  -14.452 1.0000000000
12402  4.084  -51.960  -16.208 1.0000000000
13139  4.428  -51.214  -15.662 1.0000000000
126281  3.011  -51.645  -15.904 1.0000000000
117762  0.736  -51.790  -14.545 1.0000000000
126061  1.510  -51.632  -17.641 0.8999999762
132617  0.179  -51.532  -14.000 1.0000000000
118614  2.449  -51.687  -17.997 0.8000000119
13177  0.609  -51.504  -17.346 1.0000000000
133254  -1.148  -51.491  -16.373 1.0000000000
13884  -5.017  -50.640  -11.365 1.0000000000
12453  3.230  -51.785  -18.535 0.4000000060
13144  -3.070  -51.768  -14.911 1.0000000000
138152  -3.741  -51.322  -14.201 1.0000000000
13106  -3.704  -51.009  -10.904 1.0000000000
12468  3.932  -52.533  -19.682 0.3000000119
12229  -0.532  -52.998  2.061 0.1000000015
11549  -0.440  -53.606  0.217 0.1000000015
12273  -0.053  -53.253  -1.671 0.3000000119
12281  0.714  -52.541  -2.938 0.5000000000
137661  1.756  -53.206  -4.986 0.6999999881
11580  2.631  -52.876  -5.402 0.8000000119
114749  0.967  -54.301  -10.684 1.0000000000
130592  2.052  -53.490  -12.759 1.0000000000
10947  1.349  -54.342  -11.352 1.0000000000
12381  2.686  -53.037  -13.270 1.0000000000
12391  5.020  -51.917  -15.099 1.0000000000
12380  3.745  -52.338  -13.710 1.0000000000
140091  2.053  -50.197  -17.835 0.8999999762
13946  0.542  -49.942  -17.041 0.8999999762
13928  2.065  -50.486  -15.126 1.0000000000
118293  2.936  -50.780  -15.636 1.0000000000
13947  -0.363  -50.488  -16.628 0.8999999762
13948  -1.300  -50.564  -15.988 1.0000000000
13128  -1.216  -51.609  -12.792 1.0000000000
13963  2.380  -50.255  -18.298 0.6999999881
136265  2.226  -50.863  -17.895 0.8000000119
13176  1.413  -50.774  -17.568 0.8999999762
13142  -1.765  -51.194  -15.774 1.0000000000
136978  -2.909  -50.761  -14.616 1.0000000000
13914  -3.103  -49.833  -13.968 1.0000000000
13121  -2.667  -50.931  -11.329 1.0000000000
12375  -2.044  -51.520  -12.093 1.0000000000
13196  3.126  -51.017  -18.941 0.5000000000
13143  -2.373  -51.392  -15.327 1.0000000000
13908  -4.587  -50.140  -12.713 1.0000000000
13209  3.548  -51.991  -19.658 0.4000000060
12481  3.483  -52.369  -20.445 0.2000000030
12980  -0.271  -52.005  1.651 0.1000000015
12266  -0.403  -52.850  0.324 0.1000000015
12315  6.123  -52.625  -7.506 1.0000000000
135131  5.820  -52.337  -8.385 1.0000000000
12265  0.296  -52.216  -1.307 0.1000000015
122814  -0.342  -53.184  -0.635 0.1000000015
118878  6.063  -52.839  -6.719 1.0000000000
12322  5.361  -52.075  -9.135 1.0000000000
13082  4.598  -51.502  -9.354 1.0000000000
132711  0.664  -51.955  -1.890 0.3000000119
12303  4.560  -52.476  -5.420 0.8000000119
134918  4.846  -53.170  -5.964 0.8999999762
12332  4.668  -52.235  -9.892 1.0000000000
11585  3.688  -52.982  -5.777 0.6999999881
12333  4.064  -52.195  -9.916 1.0000000000
115406  3.252  -52.095  -9.420 1.0000000000
12287  1.090  -52.687  -3.684 0.5000000000
115396  2.248  -52.779  -9.377 1.0000000000
12286  1.927  -52.061  -4.003 0.6000000238
115849  1.978  -53.501  -9.931 1.0000000000
10948  0.717  -54.266  -10.991 1.0000000000
11648  0.864  -54.151  -11.373 1.0000000000
12374  1.413  -53.363  -12.281 1.0000000000
12373  2.019  -52.621  -12.743 1.0000000000
13123  4.833  -51.037  -14.816 1.0000000000
13125  3.911  -51.452  -13.511 1.0000000000
13904  4.557  -50.555  -14.283 1.0000000000
13927  2.956  -49.905  -15.308 1.0000000000
13925  4.522  -50.650  -15.257 1.0000000000
14727  1.069  -49.314  -17.111 0.8999999762
132913  -2.519  -49.386  -14.207 1.0000000000
14674  -4.147  -48.996  -11.778 1.0000000000
119507  -3.947  -49.605  -10.895 1.0000000000
13126  0.461  -50.562  -13.796 1.0000000000
13134  0.768  -51.093  -14.346 1.0000000000
13175  2.773  -50.944  -18.406 0.6999999881
13929  -2.019  -50.610  -15.324 1.0000000000
14683  -4.607  -49.589  -12.026 1.0000000000
13883  -4.328  -50.308  -10.944 1.0000000000
13978  2.672  -50.378  -18.726 0.5000000000
13907  -3.801  -50.397  -13.657 1.0000000000
14660  -4.429  -49.749  -11.387 1.0000000000
13221  2.504  -51.471  -20.702 0.2000000030
13064  5.691  -51.154  -6.699 1.0000000000
13069  5.560  -51.140  -7.631 1.0000000000
114783  5.123  -50.439  -8.188 1.0000000000
13859  4.827  -50.735  -8.794 1.0000000000
131920  4.400  -50.855  -8.895 1.0000000000
12991  0.003  -51.959  0.717 0.1000000015
115519  3.991  -51.356  -9.250 1.0000000000
13001  1.082  -51.365  -0.675 0.2000000030
13002  0.102  -52.080  -0.253 0.1000000015
12302  5.329  -52.430  -5.646 1.0000000000
131623  3.363  -51.414  -8.935 1.0000000000
12297  4.263  -51.941  -4.880 0.8000000119
11584  5.707  -52.997  -6.166 1.0000000000
131183  2.559  -51.963  -8.831 1.0000000000
12298  3.279  -52.150  -4.842 0.6000000238
120607  1.653  -52.568  -8.666 1.0000000000
114761  0.788  -52.992  -8.385 1.0000000000
12280  1.518  -51.802  -3.161 0.5000000000
12285  2.954  -51.697  -4.218 0.6000000238
114748  1.394  -54.049  -10.246 1.0000000000
114750  0.592  -54.091  -9.959 1.0000000000
139828  -0.001  -53.837  -10.612 1.0000000000
11663  0.795  -53.622  -11.646 1.0000000000
130070  1.488  -52.380  -12.269 1.0000000000
13118  2.029  -51.690  -12.464 1.0000000000
13906  3.610  -50.967  -13.015 1.0000000000
14740  1.494  -48.948  -17.586 0.8999999762
124530  1.061  -48.634  -16.857 0.8999999762
14713  -0.574  -49.208  -15.831 0.8999999762
15480  -1.077  -48.908  -15.151 0.8999999762
14712  4.341  -50.095  -15.065 1.0000000000
14739  1.971  -49.569  -18.092 0.8000000119
14729  -0.758  -49.887  -16.125 0.8999999762
14692  -2.307  -49.943  -14.730 0.8999999762
14682  -3.958  -49.443  -12.866 1.0000000000
13913  1.284  -50.394  -14.479 1.0000000000
14753  1.637  -49.430  -18.543 0.6000000238
13881  -2.255  -50.080  -11.077 1.0000000000
13120  -1.657  -50.887  -11.977 1.0000000000
13119  -0.800  -50.698  -12.624 1.0000000000
13899  -0.116  -50.404  -13.095 1.0000000000
14776  1.868  -50.294  -19.742 0.4000000060
13222  1.807  -51.181  -21.095 0.2000000030
12965  0.023  -51.268  2.194 0.1000000015
12979  0.793  -51.126  1.252 0.1000000015
128976  5.754  -52.098  -6.173 1.0000000000
13049  4.663  -51.258  -4.356 0.8999999762
13048  5.108  -51.147  -4.559 0.8999999762
122584  1.183  -51.460  -1.604 0.4000000060
13050  3.915  -51.549  -4.335 0.6999999881
13033  2.761  -51.216  -3.309 0.6000000238
114754  -0.125  -53.928  -9.739 1.0000000000
114759  0.270  -53.042  -11.294 1.0000000000
128680  2.743  -51.163  -12.583 1.0000000000
13897  3.322  -50.553  -12.320 1.0000000000
15487  0.941  -47.885  -16.438 0.8999999762
15455  -0.547  -48.107  -14.904 0.8999999762
15444  -1.968  -48.105  -13.640 0.8999999762
15435  -3.560  -48.216  -11.557 1.0000000000
14657  -2.140  -49.202  -10.576 1.0000000000
14655  0.135  -49.063  -12.118 1.0000000000
14672  -0.341  -49.812  -12.354 1.0000000000
14678  2.782  -48.847  -14.463 1.0000000000
15454  3.724  -48.964  -14.363 1.0000000000
14687  4.296  -49.646  -14.444 1.0000000000
136428  1.250  -48.019  -17.378 0.8000000119
14681  -3.063  -49.066  -13.508 0.8999999762
15446  -3.542  -48.639  -12.562 1.0000000000
14658  -3.223  -49.215  -10.615 1.0000000000
14673  -1.256  -49.656  -11.342 1.0000000000
14679  1.174  -49.618  -13.955 1.0000000000
14690  2.100  -49.473  -14.735 1.0000000000
14688  3.784  -49.640  -15.001 1.0000000000
117163  1.526  -48.728  -18.017 0.6000000238
13900  -1.206  -50.281  -11.882 1.0000000000
124338  5.383  -51.192  -5.084 0.8999999762
126450  5.592  -51.195  -5.809 0.8999999762
13839  5.428  -50.281  -6.372 0.8999999762
13844  5.288  -50.297  -7.329 1.0000000000
137360  4.711  -49.597  -7.365 1.0000000000
115575  4.104  -50.115  -8.002 1.0000000000
13008  2.129  -51.058  -2.225 0.8000000119
13017  3.393  -50.606  -2.392 0.8000000119
131184  3.307  -50.525  -7.898 1.0000000000
115172  1.971  -51.753  -8.217 1.0000000000
114772  1.288  -52.315  -8.041 1.0000000000
114758  -0.170  -53.415  -10.702 1.0000000000
13105  1.339  -51.722  -11.850 1.0000000000
15478  0.280  -48.002  -15.626 0.8999999762
16281  -1.110  -47.746  -14.062 0.8999999762
134457  -1.595  -47.411  -13.189 1.0000000000
16246  -2.716  -47.235  -10.971 1.0000000000
15408  -2.201  -47.789  -10.209 1.0000000000
15420  -0.797  -48.491  -10.592 1.0000000000
15453  4.236  -49.031  -13.869 1.0000000000
13896  4.115  -50.213  -12.865 1.0000000000
15479  -0.368  -48.584  -15.532 0.8999999762
15456  -1.488  -48.494  -14.426 0.8999999762
16267  -2.464  -47.715  -12.779 0.8999999762
16229  -2.955  -47.670  -10.743 0.8999999762
123775  -1.281  -49.063  -10.778 1.0000000000
14671  0.431  -49.308  -12.704 1.0000000000
15441  3.976  -48.497  -13.552 1.0000000000
14670  1.052  -49.037  -13.266 1.0000000000
14680  0.428  -49.784  -13.231 1.0000000000
12978  1.780  -50.781  0.702 0.3000000119
12990  0.968  -51.308  0.279 0.3000000119
114781  4.310  -49.615  -7.412 0.8999999762
115412  3.117  -49.729  -6.680 0.8999999762
12989  2.018  -50.774  -0.072 0.4000000060
13000  2.125  -50.829  -1.068 0.5000000000
13030  5.015  -50.806  -4.047 0.8999999762
115288  2.714  -50.339  -7.194 1.0000000000
115344  1.711  -50.811  -7.083 1.0000000000
124804  3.802  -50.766  -3.101 0.8999999762
131380  2.312  -51.029  -7.724 1.0000000000
119707  1.383  -51.685  -7.509 1.0000000000
12999  3.129  -50.442  -1.451 0.8999999762
139761  0.808  -51.900  -7.221 1.0000000000
114766  0.592  -52.475  -7.596 1.0000000000
114753  0.302  -53.561  -8.768 1.0000000000
13065  0.306  -52.068  -6.925 1.0000000000
114765  0.343  -51.528  -10.836 1.0000000000
14669  4.050  -49.891  -11.823 1.0000000000
16299  0.921  -47.121  -15.795 0.8000000119
135102  0.279  -47.511  -15.107 0.8000000119
16266  -0.641  -47.038  -13.554 0.8999999762
17068  -2.211  -46.800  -11.380 1.0000000000
16227  -1.609  -47.021  -10.061 1.0000000000
15440  4.244  -48.834  -13.157 1.0000000000
136120  0.332  -48.332  -11.335 1.0000000000
15433  0.838  -48.693  -12.440 1.0000000000
15432  1.729  -48.332  -12.990 1.0000000000
16306  1.098  -47.165  -16.758 0.6999999881
15442  3.158  -48.377  -13.872 1.0000000000
15508  1.147  -48.653  -18.411 0.4000000060
13746  2.037  -50.512  1.374 0.2000000030
13819  5.329  -50.450  -4.476 0.8999999762
14579  5.236  -49.473  -5.957 0.8999999762
15354  4.892  -48.911  -6.264 0.8999999762
14598  4.511  -49.105  -6.728 0.8999999762
131225  3.671  -49.915  -7.346 0.8999999762
13763  2.783  -50.345  0.644 0.4000000060
13016  4.327  -50.295  -2.558 0.8999999762
115622  1.130  -50.693  -6.438 1.0000000000
114756  -0.829  -53.552  -9.523 1.0000000000
11594  -0.145  -53.345  -8.052 1.0000000000
114776  3.288  -49.638  -10.236 1.0000000000
139798  1.719  -50.574  -11.233 1.0000000000
114762  -0.789  -52.303  -9.974 1.0000000000
137612  -1.283  -53.284  -9.214 1.0000000000
16224  2.177  -47.077  -10.706 1.0000000000
16242  3.883  -47.606  -11.316 1.0000000000
114779  4.003  -49.422  -10.292 1.0000000000
114777  3.707  -49.845  -10.931 1.0000000000
17089  1.250  -45.981  -14.550 0.6000000238
138773  0.589  -46.074  -13.387 0.8000000119
17055  -1.362  -46.087  -11.107 0.8999999762
16226  -0.801  -46.952  -9.900 1.0000000000
16245  1.278  -47.533  -11.149 1.0000000000
16256  4.085  -47.898  -12.150 1.0000000000
120862  4.287  -49.171  -11.721 1.0000000000
114771  2.476  -50.137  -11.000 1.0000000000
17090  0.461  -46.528  -13.920 0.8000000119
17067  -1.529  -46.506  -11.833 1.0000000000
16213  -1.006  -46.411  -9.971 1.0000000000
136627  0.486  -47.555  -10.587 1.0000000000
16244  2.435  -47.499  -11.598 1.0000000000
15431  3.628  -47.902  -13.000 1.0000000000
15430  4.121  -48.283  -12.828 1.0000000000
16279  0.761  -46.804  -14.862 0.6000000238
17119  0.962  -46.553  -16.948 0.4000000060
133235  1.507  -48.017  -12.034 1.0000000000
119004  2.624  -47.795  -12.561 1.0000000000
134500  2.918  -50.169  1.417 0.3000000119
15345  4.482  -48.478  -5.744 0.8999999762
14580  3.928  -48.768  -6.204 0.8999999762
13773  3.103  -50.276  -0.395 0.6000000238
13790  4.981  -50.097  -2.790 0.8999999762
13803  5.202  -50.263  -3.601 0.8999999762
14558  5.354  -49.387  -4.061 0.8999999762
15344  5.067  -48.759  -5.486 0.8999999762
14581  3.185  -48.934  -5.741 0.8999999762
115656  2.645  -49.411  -6.137 0.8999999762
14599  1.859  -49.510  -6.005 0.8999999762
131185  2.001  -49.992  -6.570 0.8999999762
13830  1.253  -49.995  -5.986 0.8999999762
132186  0.640  -50.575  -5.899 1.0000000000
12316  -0.994  -53.433  -7.496 1.0000000000
12309  -0.325  -52.861  -7.186 1.0000000000
16222  3.875  -47.713  -10.726 1.0000000000
14639  4.064  -48.449  -10.350 1.0000000000
114778  2.903  -49.333  -9.594 1.0000000000
114775  1.951  -49.731  -10.088 1.0000000000
13860  -0.736  -51.346  -9.615 1.0000000000
11598  -1.202  -53.510  -8.809 1.0000000000
17924  0.865  -45.604  -12.885 0.8000000119
17066  -0.456  -45.910  -12.076 0.8000000119
17028  -0.607  -45.797  -10.129 0.8999999762
17038  1.784  -46.421  -10.109 0.8999999762
17037  2.942  -46.768  -10.112 1.0000000000
16241  4.170  -47.995  -11.380 1.0000000000
135294  0.807  -50.131  -10.082 1.0000000000
17076  -0.119  -46.305  -13.057 0.8000000119
17890  -0.767  -45.679  -10.587 0.8999999762
17027  -0.100  -46.215  -9.910 1.0000000000
125253  1.084  -47.018  -10.351 1.0000000000
13852  -1.616  -50.847  -8.437 1.0000000000
17109  1.103  -45.797  -15.716 0.3000000119
14546  5.195  -49.443  -2.451 0.8999999762
131720  3.780  -50.027  -0.959 0.6000000238
13780  4.005  -50.086  -1.715 0.8000000119
15347  2.800  -48.521  -5.148 0.8999999762
14582  2.253  -49.045  -5.609 0.8999999762
14583  1.375  -49.332  -5.522 0.8999999762
13831  -0.108  -50.842  -5.436 1.0000000000
13820  -0.109  -49.908  -4.863 1.0000000000
16223  3.595  -47.321  -10.513 1.0000000000
131413  4.016  -48.856  -9.915 1.0000000000
12323  -1.737  -53.017  -8.925 1.0000000000
17875  0.403  -45.424  -10.124 0.8999999762
17026  1.192  -45.724  -9.899 0.8999999762
115450  3.764  -48.602  -9.315 1.0000000000
120615  1.372  -50.372  -10.731 1.0000000000
12318  -2.317  -53.113  -7.297 1.0000000000
13060  -1.400  -52.351  -5.156 1.0000000000
13052  -1.412  -51.630  -4.570 1.0000000000
134324  1.208  -45.730  -13.757 0.6999999881
17900  0.101  -45.310  -11.292 0.8000000119
132190  3.036  -46.311  -9.433 0.8999999762
16211  3.444  -47.815  -9.576 1.0000000000
115605  3.803  -48.343  -9.752 1.0000000000
115613  3.150  -48.790  -8.968 1.0000000000
114769  -0.012  -50.629  -9.874 1.0000000000
13075  -2.557  -52.455  -7.957 1.0000000000
12311  -1.987  -53.360  -6.254 1.0000000000
138392  -2.044  -51.711  -3.795 1.0000000000
17923  1.610  -45.023  -14.355 0.6000000238
17914  0.856  -45.280  -12.106 0.6999999881
17036  3.323  -46.980  -9.882 1.0000000000
114784  2.049  -49.260  -9.185 1.0000000000
114773  0.297  -49.502  -9.005 1.0000000000
13853  -2.514  -51.485  -7.988 1.0000000000
12307  -2.696  -52.798  -5.393 1.0000000000
137660  -2.438  -52.203  -4.130 1.0000000000
13034  -2.868  -51.915  -3.460 1.0000000000
16198  3.112  -47.316  -8.650 1.0000000000
115740  3.384  -47.644  -8.391 1.0000000000
114787  2.842  -48.279  -8.240 1.0000000000
15398  1.087  -49.051  -8.836 1.0000000000
14625  -0.300  -49.321  -8.487 1.0000000000
13845  -2.097  -50.269  -7.602 1.0000000000
118115  -3.240  -51.863  -6.708 1.0000000000
13061  -3.148  -52.269  -4.806 1.0000000000
17088  1.422  -45.290  -15.128 0.5000000000
138899  1.995  -48.093  -7.264 1.0000000000
114786  1.997  -48.418  -7.697 1.0000000000
15371  -0.089  -48.528  -8.023 1.0000000000
14613  -1.362  -49.270  -7.501 1.0000000000
14600  -3.005  -50.030  -7.047 1.0000000000
13840  -3.429  -50.870  -6.515 1.0000000000
13062  -3.783  -51.473  -4.964 1.0000000000
13054  -3.636  -51.874  -4.184 1.0000000000
136650  -3.401  -51.930  -3.643 1.0000000000
13036  -4.888  -51.775  -2.916 1.0000000000
15370  0.972  -48.510  -8.103 1.0000000000
15372  -0.808  -48.553  -7.508 1.0000000000
13841  -3.772  -50.705  -5.774 1.0000000000
13833  -4.496  -51.354  -4.432 1.0000000000
119778  -5.129  -51.642  -3.581 1.0000000000
13037  -5.656  -51.884  -2.774 1.0000000000
14552  -7.810  -50.285  -2.226 1.0000000000
14601  -3.483  -49.700  -6.454 1.0000000000
14585  -3.930  -49.922  -5.985 1.0000000000
13823  -5.468  -51.323  -4.409 1.0000000000
123887  -6.352  -51.490  -4.333 1.0000000000
13824  -7.099  -51.744  -3.460 1.0000000000
13807  -7.965  -51.344  -2.729 1.0000000000
14560  -8.583  -50.370  -2.678 1.0000000000
15323  -8.992  -49.434  -2.994 1.0000000000
15339  -10.542  -49.636  -3.967 1.0000000000
15340  -10.719  -48.637  -4.074 1.0000000000
117551  -4.945  -50.621  -5.218 1.0000000000
13834  -5.947  -50.860  -5.167 1.0000000000
13825  -8.086  -51.586  -3.873 1.0000000000
13808  -8.658  -51.190  -3.264 1.0000000000
14561  -9.224  -50.585  -3.315 1.0000000000
136818  -10.236  -50.426  -4.159 1.0000000000
15350  -11.212  -49.574  -4.444 1.0000000000
124184  -12.201  -48.533  -4.766 1.0000000000
14588  -6.509  -50.298  -5.909 1.0000000000
13836  -8.307  -51.253  -4.882 1.0000000000
13837  -9.135  -51.147  -4.794 1.0000000000
13827  -9.665  -50.880  -4.088 1.0000000000
14576  -10.701  -50.334  -4.700 1.0000000000
15351  -11.888  -49.465  -4.975 1.0000000000
13762  3.579  -49.970  0.329 0.4000000060
13779  4.724  -49.734  -1.926 0.8999999762
15316  5.288  -48.662  -3.378 0.8999999762
15332  5.226  -48.512  -4.203 0.8999999762
15333  4.833  -48.190  -4.799 0.8999999762
15334  4.155  -47.932  -4.871 0.8999999762
15346  3.723  -48.354  -5.419 0.8999999762
15317  2.897  -47.738  -4.100 0.8999999762
123840  2.360  -48.136  -4.516 0.8999999762
15348  1.778  -48.682  -5.036 0.8999999762
115923  0.977  -47.832  -3.811 0.8999999762
14573  0.693  -49.021  -4.870 0.8999999762
15337  0.411  -48.355  -4.113 0.8999999762
13821  -0.808  -49.939  -4.253 1.0000000000
13051  -0.779  -50.752  -4.743 1.0000000000
17874  1.360  -45.052  -10.147 0.8999999762
13822  -1.387  -50.782  -4.080 1.0000000000
13805  -1.835  -50.699  -3.293 1.0000000000
18787  1.320  -44.717  -11.209 0.8999999762
17871  3.189  -45.947  -8.854 0.8999999762
17007  3.115  -46.621  -8.427 0.8999999762
13018  -2.509  -51.321  -2.917 1.0000000000
17913  1.732  -44.523  -12.760 0.6999999881
16994  3.360  -46.527  -7.877 1.0000000000
16177  2.692  -47.849  -7.511 1.0000000000
13019  -3.282  -51.614  -2.627 1.0000000000
13793  -3.769  -51.300  -1.822 1.0000000000
13783  -4.278  -50.793  -1.058 1.0000000000
16176  3.320  -47.194  -7.597 1.0000000000
16158  1.990  -47.700  -6.769 1.0000000000
16179  0.399  -47.934  -7.520 1.0000000000
13020  -4.221  -51.704  -2.528 1.0000000000
13021  -5.202  -51.666  -2.240 1.0000000000
13795  -5.663  -51.189  -1.643 1.0000000000
14550  -6.092  -50.088  -1.432 1.0000000000
15314  -7.370  -49.436  -2.143 1.0000000000
16178  1.332  -48.066  -7.346 1.0000000000
16181  -1.018  -48.042  -7.146 1.0000000000
122059  -2.868  -49.162  -6.769 1.0000000000
13022  -5.966  -51.738  -2.132 1.0000000000
13796  -6.608  -51.253  -1.878 1.0000000000
14551  -7.027  -50.233  -1.840 1.0000000000
137377  -8.503  -48.500  -3.144 0.8999999762
15338  -9.243  -48.417  -3.572 0.8999999762
16144  -9.839  -47.677  -4.230 1.0000000000
127658  -3.130  -48.766  -6.608 1.0000000000
14602  -3.740  -49.181  -6.346 1.0000000000
14586  -4.427  -49.699  -5.924 1.0000000000
13806  -7.158  -51.562  -2.499 1.0000000000
13797  -7.363  -51.020  -2.156 1.0000000000
129266  -10.075  -48.830  -3.774 1.0000000000
16146  -11.460  -48.575  -4.440 1.0000000000
16151  -11.587  -47.613  -4.741 1.0000000000
15349  -4.999  -49.003  -6.281 1.0000000000
14603  -5.997  -49.273  -6.414 1.0000000000
14587  -5.432  -49.919  -5.825 1.0000000000
14604  -7.079  -49.554  -6.667 1.0000000000
14589  -7.644  -50.610  -5.856 1.0000000000
14590  -8.723  -50.800  -5.673 1.0000000000
14591  -9.839  -50.806  -5.194 1.0000000000
121759  -10.531  -50.505  -5.554 1.0000000000
14605  -8.191  -50.043  -6.567 1.0000000000
14606  -9.212  -50.379  -6.379 1.0000000000
129355  -10.023  -50.474  -6.140 1.0000000000
14592  -11.301  -50.185  -5.420 1.0000000000
14593  -11.972  -49.816  -5.740 1.0000000000
134266  -12.710  -49.325  -5.490 1.0000000000
13761  3.949  -49.769  -0.295 0.8000000119
13772  4.313  -49.657  -1.063 0.6999999881
119806  4.702  -49.213  -1.231 0.8000000119
16116  5.019  -47.914  -3.050 0.8999999762
16127  4.425  -47.560  -3.546 0.8999999762
16142  3.752  -47.572  -4.044 0.8999999762
16129  2.926  -47.471  -3.472 0.8999999762
15318  1.959  -47.696  -3.800 0.8999999762
115872  0.208  -47.756  -2.544 0.8999999762
15320  -0.318  -48.530  -3.583 1.0000000000
14547  -0.958  -48.731  -2.930 1.0000000000
14548  -1.527  -49.706  -2.900 1.0000000000
17899  1.564  -44.549  -11.962 0.8999999762
17888  1.215  -44.830  -10.573 0.8999999762
17873  2.053  -44.848  -9.707 0.8999999762
15310  -1.356  -49.190  -2.068 1.0000000000
139020  -1.834  -49.928  -2.027 1.0000000000
13781  -2.466  -50.453  -1.403 1.0000000000
17854  3.038  -45.029  -8.609 0.8999999762
17852  3.539  -46.122  -7.993 0.8999999762
13774  -2.995  -50.468  -0.483 1.0000000000
14541  -4.715  -49.756  -0.669 1.0000000000
17855  2.511  -44.352  -9.095 0.8999999762
17836  3.851  -46.107  -7.397 0.8999999762
16157  2.939  -47.318  -6.939 1.0000000000
15296  -3.863  -49.051  0.190 1.0000000000
15297  -4.469  -48.769  -0.462 1.0000000000
137723  -5.708  -47.708  -1.971 1.0000000000
15313  -6.639  -49.091  -1.882 1.0000000000
15321  -7.148  -48.481  -2.519 1.0000000000
130853  2.659  -47.112  -6.131 1.0000000000
16978  1.466  -47.021  -6.020 1.0000000000
16161  -0.846  -47.421  -6.989 1.0000000000
15355  -1.612  -47.810  -6.838 1.0000000000
15356  -2.365  -48.448  -6.667 1.0000000000
16941  -5.681  -47.013  -2.155 1.0000000000
16143  -8.333  -47.598  -3.696 0.8999999762
129447  -8.924  -47.329  -4.122 0.8999999762
16145  -10.772  -47.572  -4.548 1.0000000000
130312  -1.510  -47.001  -6.729 1.0000000000
16162  -2.344  -47.474  -6.593 1.0000000000
119021  -2.871  -48.107  -6.614 1.0000000000
15358  -4.195  -48.878  -6.333 1.0000000000
128392  -12.270  -47.666  -4.861 0.8999999762
16163  -3.923  -47.470  -6.746 1.0000000000
15357  -3.555  -48.324  -6.552 1.0000000000
120678  -4.498  -48.224  -6.579 1.0000000000
15359  -5.576  -48.293  -6.802 1.0000000000
16165  -6.416  -48.062  -7.217 1.0000000000
129071  -6.433  -48.746  -6.889 1.0000000000
16152  -12.940  -48.309  -4.970 1.0000000000
15374  -7.051  -47.938  -7.435 1.0000000000
15360  -7.076  -48.622  -7.198 1.0000000000
15361  -7.870  -49.130  -7.176 1.0000000000
14615  -8.795  -49.556  -7.101 1.0000000000
14616  -9.833  -49.842  -6.955 1.0000000000
14607  -10.704  -50.292  -6.325 1.0000000000
14608  -11.515  -49.998  -6.374 1.0000000000
15352  -13.630  -48.798  -5.586 0.8999999762
15375  -7.683  -48.258  -7.482 1.0000000000
124586  -9.284  -49.086  -7.443 1.0000000000
15377  -10.076  -48.897  -7.624 1.0000000000
15378  -11.107  -48.936  -7.638 1.0000000000
14617  -10.842  -49.706  -7.087 1.0000000000
14594  -12.317  -49.688  -6.408 1.0000000000
15362  -13.240  -49.292  -6.509 1.0000000000
13745  3.568  -49.923  1.047 0.3000000119
14524  4.127  -49.515  0.528 0.5000000000
14537  5.232  -48.640  -2.464 0.8999999762
16128  3.710  -47.344  -3.125 0.8999999762
16119  2.912  -47.314  -2.657 0.8999999762
16120  1.988  -47.385  -2.325 0.8999999762
16111  1.869  -47.508  -1.387 0.8999999762
15319  1.180  -47.520  -3.035 0.8999999762
16102  1.941  -47.692  -0.236 0.8999999762
16121  1.029  -47.547  -1.995 0.8999999762
15309  -0.621  -48.356  -2.070 1.0000000000
16103  0.854  -48.023  0.253 0.8999999762
15303  -0.405  -48.466  -1.076 1.0000000000
19673  1.092  -42.365  -10.960 0.4000000060
18785  1.888  -42.923  -10.393 0.5000000000
15293  -0.064  -48.366  0.534 1.0000000000
15295  -1.373  -49.202  0.251 1.0000000000
14525  -2.233  -49.448  0.625 1.0000000000
14530  -1.902  -49.696  -0.262 1.0000000000
18799  1.836  -42.958  -11.393 0.5000000000
18771  2.118  -43.699  -9.667 0.8999999762
15270  -1.943  -48.184  1.371 1.0000000000
14526  -3.133  -49.363  0.653 1.0000000000
18800  1.987  -43.738  -11.749 0.6999999881
18746  3.931  -45.033  -7.517 0.8999999762
16962  3.285  -46.384  -5.500 1.0000000000
16105  -3.986  -48.036  -0.180 1.0000000000
127190  -4.597  -47.609  -1.012 1.0000000000
15311  -5.074  -48.610  -1.066 1.0000000000
19690  1.179  -42.545  -11.907 0.4000000060
16964  0.809  -46.346  -5.562 1.0000000000
16979  0.371  -46.754  -6.464 1.0000000000
16980  -0.613  -46.622  -6.647 1.0000000000
16937  -4.212  -46.496  -1.197 1.0000000000
16940  -4.980  -46.754  -1.587 1.0000000000
17773  -5.409  -46.072  -1.830 0.8999999762
138851  -6.659  -46.007  -2.776 0.6999999881
16946  -7.516  -47.037  -3.644 0.8999999762
16947  -8.300  -46.605  -4.155 0.8999999762
16955  -9.160  -46.592  -4.508 1.0000000000
16956  -10.066  -46.482  -4.850 1.0000000000
16965  -11.009  -46.694  -5.032 0.8000000119
16981  -2.066  -46.673  -6.521 1.0000000000
19700  0.710  -42.495  -12.811 0.3000000119
16164  -4.900  -47.436  -6.889 1.0000000000
16182  -5.812  -47.397  -7.186 1.0000000000
16183  -6.638  -47.321  -7.444 1.0000000000
16153  -14.448  -48.126  -5.535 0.8999999762
16184  -7.495  -47.380  -7.637 1.0000000000
16185  -8.145  -47.839  -7.700 1.0000000000
16186  -8.851  -47.706  -7.916 1.0000000000
129257  -9.277  -48.451  -7.747 1.0000000000
15379  -11.995  -48.916  -7.606 1.0000000000
15363  -14.199  -48.797  -6.365 0.8999999762
16189  -12.350  -48.325  -8.099 1.0000000000
16190  -13.271  -48.396  -8.010 1.0000000000
14493  3.921  -49.374  2.200 0.4000000060
14529  4.411  -49.303  -0.371 0.6999999881
14507  4.343  -48.975  1.718 0.3000000119
15268  4.497  -48.523  1.131 0.5000000000
16117  4.400  -47.540  -2.665 0.8999999762
15292  4.561  -48.677  -0.668 0.8999999762
123443  4.169  -47.839  -0.959 0.8999999762
16109  3.693  -47.571  -1.288 0.8999999762
16110  2.830  -47.396  -1.665 0.8999999762
16101  3.060  -47.592  -0.524 0.8999999762
16091  2.635  -47.519  0.599 0.8999999762
16078  1.140  -47.338  1.411 0.8999999762
134907  0.341  -47.382  1.483 0.8999999762
16093  0.428  -47.910  1.088 0.8999999762
16918  -0.129  -46.884  1.519 0.8999999762
16919  -0.990  -47.102  1.396 1.0000000000
16928  -2.330  -46.819  0.517 1.0000000000
16095  -2.684  -47.795  1.031 1.0000000000
18759  2.359  -43.386  -8.861 0.8999999762
18747  3.454  -44.067  -7.434 0.8999999762
18735  4.024  -44.546  -6.465 0.8999999762
16960  4.103  -45.831  -5.745 1.0000000000
16104  -3.259  -47.261  0.056 1.0000000000
16936  -3.399  -46.388  -0.904 0.8999999762
124139  -4.549  -45.806  -1.459 0.8000000119
17770  -4.985  -45.158  -1.597 0.6999999881
16963  1.650  -46.435  -5.292 1.0000000000
17822  -0.098  -46.072  -6.021 1.0000000000
135710  -0.827  -45.938  -6.241 1.0000000000
17774  -5.839  -45.415  -1.942 0.6999999881
17775  -6.550  -45.556  -2.397 0.6999999881
125349  -8.374  -45.926  -3.834 0.6999999881
16966  -11.811  -46.859  -5.125 0.8000000119
130696  -1.431  -46.263  -6.468 1.0000000000
125575  -2.129  -46.010  -6.318 1.0000000000
16982  -2.660  -46.670  -6.552 1.0000000000
16983  -3.431  -46.627  -6.725 1.0000000000
17783  -9.780  -45.460  -4.222 0.6999999881
17793  -10.699  -45.817  -5.076 0.8000000119
17810  -11.347  -46.127  -5.285 0.6999999881
17825  -2.943  -45.691  -6.313 1.0000000000
17794  -11.409  -45.449  -5.136 0.8000000119
17811  -12.056  -46.112  -5.327 0.6999999881
16967  -12.778  -47.129  -5.038 0.8000000119
17827  -4.912  -45.848  -6.969 1.0000000000
16985  -5.287  -46.638  -7.108 1.0000000000
16995  -6.126  -46.578  -7.351 1.0000000000
129576  -13.629  -48.005  -5.042 0.8000000119
124513  -6.976  -46.505  -7.587 1.0000000000
127740  -7.842  -46.500  -7.812 1.0000000000
16996  -8.750  -46.616  -8.075 1.0000000000
136393  -8.208  -47.219  -7.835 1.0000000000
130283  -9.725  -47.950  -8.060 1.0000000000
16187  -10.590  -48.155  -8.102 1.0000000000
16188  -11.463  -48.258  -8.108 1.0000000000
15381  -13.782  -48.839  -7.231 1.0000000000
16166  -14.846  -48.279  -6.381 0.8999999762
17842  -9.123  -45.622  -8.212 1.0000000000
16997  -9.634  -46.398  -8.316 1.0000000000
16998  -10.262  -47.181  -8.328 1.0000000000
16199  -11.041  -47.563  -8.334 1.0000000000
127676  -14.035  -48.313  -7.785 1.0000000000
15364  -14.591  -48.464  -7.138 1.0000000000
132075  4.401  -48.159  0.663 0.6999999881
16099  4.220  -48.087  -0.136 0.8000000119
16100  3.815  -47.721  -0.520 0.8999999762
16090  3.675  -47.176  1.360 0.8000000119
16076  3.120  -47.118  1.259 0.8999999762
138733  3.170  -45.927  2.132 0.6999999881
16915  2.584  -46.431  1.635 0.8000000119
127456  1.929  -45.725  1.867 0.8000000119
16077  2.149  -47.216  1.324 0.8999999762
16916  1.654  -46.629  1.636 0.8000000119
17749  0.299  -45.957  1.393 0.8999999762
16926  -0.524  -46.149  1.124 0.8999999762
17759  -0.744  -45.450  0.026 1.0000000000
16931  -1.648  -45.855  -0.306 1.0000000000
18748  2.769  -43.421  -7.908 0.8000000119
18720  3.813  -44.609  -5.348 0.8999999762
17788  3.922  -45.307  -5.207 0.8999999762
16932  -2.581  -46.226  -0.564 1.0000000000
138828  -3.182  -44.724  -1.973 0.6999999881
18683  -4.512  -44.211  -1.617 0.6999999881
18691  -6.292  -44.834  -1.882 0.6999999881
17805  2.443  -46.005  -4.915 1.0000000000
17806  0.404  -45.598  -5.094 1.0000000000
17807  -0.600  -45.337  -5.601 1.0000000000
121686  -5.953  -44.130  -1.543 0.6999999881
18692  -7.181  -45.081  -2.256 0.6999999881
17777  -8.650  -45.580  -3.213 0.6999999881
17778  -9.433  -45.444  -3.412 0.6999999881
18685  -7.538  -44.484  -1.678 0.6999999881
18693  -8.078  -45.158  -2.374 0.6999999881
18694  -8.943  -45.285  -2.470 0.6000000238
125217  -10.668  -45.097  -4.463 0.6000000238
17826  -3.973  -45.744  -6.687 1.0000000000
18699  -10.117  -45.228  -3.669 0.6000000238
117258  -10.785  -44.980  -3.280 0.6000000238
18700  -11.374  -44.709  -3.870 0.6000000238
128342  -5.659  -45.964  -7.208 1.0000000000
18710  -12.638  -44.604  -4.660 0.5000000000
18726  -13.254  -45.163  -5.177 0.6999999881
17812  -12.976  -46.101  -5.300 0.8000000119
16968  -13.800  -47.087  -5.031 0.8000000119
17838  -5.603  -45.137  -7.003 1.0000000000
17839  -6.430  -45.614  -7.370 1.0000000000
122012  -14.087  -45.179  -5.174 0.8000000119
17813  -13.923  -46.062  -5.160 0.8000000119
16969  -14.742  -47.037  -5.228 0.8999999762
126767  -6.989  -44.753  -7.395 1.0000000000
17840  -7.406  -45.602  -7.648 1.0000000000
17841  -8.278  -45.642  -7.960 1.0000000000
17856  -9.950  -45.561  -8.437 1.0000000000
17857  -10.779  -45.696  -8.662 1.0000000000
17858  -11.654  -45.899  -8.916 1.0000000000
17011  -12.151  -46.780  -8.751 1.0000000000
17012  -13.104  -46.901  -8.843 1.0000000000
17014  -14.974  -46.913  -8.488 1.0000000000
16204  -15.419  -47.356  -7.835 0.8999999762
16987  -15.868  -47.099  -6.407 0.8999999762
16970  -15.566  -46.753  -5.564 0.8000000119
17009  -10.344  -46.289  -8.478 1.0000000000
17010  -11.143  -46.694  -8.555 1.0000000000
16200  -11.799  -47.540  -8.429 1.0000000000
16202  -13.655  -47.708  -8.380 1.0000000000
16203  -14.672  -47.787  -8.010 0.8999999762
16167  -15.376  -47.839  -7.002 0.8999999762
16986  -15.262  -47.653  -5.952 0.8999999762
15251  4.406  -48.261  1.838 0.4000000060
122788  4.352  -47.853  1.268 0.4000000060
16075  3.977  -47.242  1.579 0.5000000000
16899  3.359  -45.966  2.425 0.5000000000
135862  -0.386  -43.504  1.718 0.1000000015
19536  0.189  -43.696  1.105 0.2000000030
138347  -0.633  -43.169  0.939 0.2000000030
120154  2.678  -45.632  2.072 0.6000000238
17756  1.736  -45.115  2.106 0.6000000238
18673  0.498  -44.381  1.018 0.6000000238
18675  0.348  -44.341  0.115 0.6999999881
17762  -0.168  -44.516  -0.593 0.6999999881
116791  1.770  -42.768  -8.597 0.5000000000
19627  2.442  -42.950  -7.257 0.5000000000
17763  -0.874  -44.988  -1.207 0.6999999881
17767  -1.481  -44.371  -1.975 0.6999999881
19585  3.329  -43.985  -4.706 0.6999999881
18706  2.089  -43.999  -3.909 0.6999999881
17791  1.194  -44.906  -4.393 0.8000000119
18681  -2.579  -44.114  -2.209 0.8000000119
19562  -3.040  -43.257  -2.085 0.6999999881
19564  -5.165  -43.601  -1.409 0.6000000238
19565  -6.158  -43.552  -1.289 0.6000000238
123112  1.461  -45.785  -4.806 0.8999999762
18722  -0.792  -44.626  -5.091 1.0000000000
17808  -1.396  -44.896  -5.624 1.0000000000
18737  -2.696  -44.705  -5.885 1.0000000000
18738  -3.694  -44.703  -6.213 0.8999999762
18695  -9.993  -45.245  -2.566 0.5000000000
128563  -4.675  -44.992  -6.650 0.8999999762
18740  -5.322  -44.338  -6.655 1.0000000000
18688  -10.263  -44.890  -1.461 0.5000000000
18696  -11.619  -44.665  -2.914 0.5000000000
18709  -11.716  -44.805  -4.617 0.6000000238
138932  -5.942  -44.397  -6.913 1.0000000000
18701  -12.235  -44.403  -3.683 0.5000000000
19631  -7.984  -43.752  -7.859 1.0000000000
18751  -7.915  -44.657  -7.750 1.0000000000
18760  -8.681  -44.212  -8.077 1.0000000000
18761  -9.469  -44.691  -8.335 1.0000000000
18762  -10.397  -44.840  -8.648 1.0000000000
18763  -11.239  -45.008  -8.968 1.0000000000
18764  -12.109  -45.177  -9.281 1.0000000000
17859  -12.578  -46.053  -9.138 1.0000000000
17860  -13.530  -46.173  -9.185 1.0000000000
17861  -14.463  -46.242  -9.093 1.0000000000
17015  -15.795  -46.747  -8.186 0.8999999762
17000  -16.465  -46.449  -7.664 0.8999999762
17828  -16.291  -46.363  -5.960 0.8999999762
17815  -15.742  -45.761  -5.328 0.8000000119
132221  -10.105  -44.033  -8.666 1.0000000000
19646  -10.865  -44.220  -9.027 1.0000000000
18774  -12.582  -44.447  -9.621 1.0000000000
18775  -13.541  -44.614  -9.717 1.0000000000
17878  -14.863  -45.557  -9.371 1.0000000000
17879  -16.118  -45.141  -9.212 0.8999999762
126541  -16.996  -45.805  -7.905 0.8999999762
17829  -16.903  -45.915  -6.447 0.8999999762
18728  -15.788  -44.601  -5.289 0.6999999881
19661  -11.251  -43.693  -9.426 1.0000000000
20459  -12.048  -43.519  -9.825 1.0000000000
19663  -14.085  -43.957  -10.010 1.0000000000
18777  -15.321  -44.937  -9.536 1.0000000000
18778  -16.686  -44.547  -9.245 0.8999999762
17863  -17.451  -45.075  -8.078 0.8999999762
17844  -17.421  -45.403  -7.098 0.8999999762
18730  -17.687  -44.547  -6.582 0.8000000119
17735  3.093  -45.461  2.872 0.1000000015
18652  2.105  -44.697  2.719 0.3000000119
19515  1.351  -44.417  2.493 0.1000000015
19535  0.601  -44.076  1.929 0.1000000015
18665  1.528  -44.713  2.379 0.4000000060
19534  0.934  -44.404  2.096 0.5000000000
18672  0.905  -44.604  1.847 0.6000000238
19548  0.346  -43.945  0.354 0.6000000238
19549  0.142  -43.696  -0.605 0.6999999881
18676  -0.534  -44.017  -1.434 0.6999999881
19551  -1.601  -42.846  -1.554 0.5000000000
20344  -3.231  -42.480  -1.194 0.4000000060
19615  2.643  -42.788  -6.166 0.6000000238
19586  2.620  -43.323  -3.961 0.6999999881
18707  0.820  -44.005  -4.205 0.8000000119
18721  0.021  -44.821  -4.660 0.8000000119
19561  -1.997  -43.387  -2.081 0.6999999881
19553  -3.571  -42.774  -1.595 0.5000000000
20357  -5.648  -42.865  -0.992 0.6000000238
20376  3.038  -43.281  -4.353 0.6999999881
20377  2.423  -42.715  -4.369 0.6999999881
19587  1.639  -43.030  -3.961 0.8000000119
19566  -7.098  -43.575  -1.206 0.6999999881
18723  -1.463  -44.122  -5.125 0.8999999762
18724  -2.302  -44.006  -5.470 0.8999999762
18739  -4.588  -44.119  -6.313 0.8999999762
18686  -8.367  -44.723  -1.705 0.6000000238
19616  -3.949  -43.664  -5.873 1.0000000000
18687  -9.262  -44.902  -1.621 0.5000000000
19619  -5.892  -43.650  -6.730 1.0000000000
18749  -6.530  -44.103  -7.098 1.0000000000
18697  -12.321  -44.304  -2.710 0.5000000000
19630  -6.662  -43.308  -7.091 1.0000000000
18750  -7.266  -43.907  -7.425 1.0000000000
18711  -13.496  -44.346  -4.737 0.5000000000
18727  -14.926  -45.004  -5.147 0.6999999881
19643  -8.031  -43.177  -8.135 1.0000000000
19644  -8.610  -43.503  -8.292 1.0000000000
20445  -9.138  -43.135  -8.792 1.0000000000
19659  -9.855  -43.336  -8.898 1.0000000000
19660  -10.579  -43.503  -9.181 1.0000000000
137101  -17.402  -44.408  -5.923 0.8000000119
18729  -16.792  -44.551  -5.567 0.6999999881
132648  -10.267  -42.852  -9.435 1.0000000000
20472  -10.564  -42.297  -10.009 1.0000000000
20458  -11.123  -42.951  -9.757 1.0000000000
19679  -12.765  -42.882  -10.249 1.0000000000
19681  -14.665  -43.297  -10.185 1.0000000000
19664  -14.995  -44.134  -9.862 1.0000000000
18779  -17.313  -43.931  -9.170 1.0000000000
18753  -17.861  -44.543  -7.465 0.8000000119
19620  -18.185  -43.767  -6.884 0.8000000119
20474  -11.904  -42.589  -10.208 1.0000000000
16914  3.821  -46.733  2.367 0.3000000119
17747  2.874  -45.485  2.463 0.3000000119
19544  0.069  -43.533  0.272 0.6000000238
118480  -1.514  -42.792  0.548 0.2000000030
140004  0.297  -43.837  0.638 0.6000000238
19545  -0.501  -43.019  -0.230 0.6999999881
20333  -2.420  -42.475  -0.934 0.4000000060
20429  1.930  -42.545  -6.576 0.4000000060
20413  2.120  -42.133  -5.566 0.6000000238
21170  1.713  -42.131  -4.445 0.6999999881
19550  -0.634  -43.149  -1.245 0.5000000000
20345  -4.162  -42.383  -0.831 0.4000000060
119328  1.668  -42.774  -7.551 0.5000000000
20394  2.228  -42.172  -4.861 0.6999999881
135758  0.495  -43.252  -4.153 0.8000000119
19588  -0.221  -42.877  -4.250 0.8000000119
19589  -1.287  -43.215  -4.520 0.8999999762
19599  -1.968  -43.530  -4.980 0.8999999762
19600  -2.668  -43.227  -5.159 0.8999999762
136219  -5.190  -43.683  -6.418 1.0000000000
19618  -5.403  -43.017  -6.372 1.0000000000
20418  -6.041  -42.778  -6.767 1.0000000000
20434  -6.602  -42.522  -7.280 1.0000000000
20435  -7.366  -43.062  -7.650 1.0000000000
20443  -7.716  -42.607  -8.385 1.0000000000
20444  -8.430  -42.866  -8.668 1.0000000000
20456  -8.963  -42.457  -9.362 1.0000000000
20419  -18.080  -43.108  -6.234 0.8000000119
20400  -17.551  -43.122  -5.732 0.6999999881
21281  -9.271  -41.887  -9.966 1.0000000000
20457  -9.790  -42.324  -9.723 1.0000000000
21295  -10.917  -41.697  -10.464 1.0000000000
20473  -11.258  -42.263  -10.225 1.0000000000
21296  -11.800  -41.742  -10.583 1.0000000000
125382  -12.496  -42.173  -10.485 1.0000000000
20476  -14.340  -42.458  -10.451 1.0000000000
20477  -15.245  -42.614  -10.302 1.0000000000
20460  -16.281  -42.749  -10.023 1.0000000000
20462  -17.625  -43.103  -9.289 1.0000000000
20447  -18.478  -42.601  -8.119 0.8000000119
20436  -18.585  -42.279  -7.201 0.8000000119
20414  1.483  -41.987  -6.110 0.5000000000
21189  1.688  -41.694  -5.095 0.6999999881
21171  0.922  -41.496  -4.663 0.6000000238
138037  0.084  -42.038  -4.289 0.8000000119
20430  1.047  -42.499  -6.961 0.4000000060
19590  -2.059  -42.987  -4.693 0.8999999762
19601  -3.415  -43.190  -5.497 1.0000000000
19602  -4.118  -42.663  -5.594 1.0000000000
19617  -4.721  -43.277  -6.054 1.0000000000
20416  -4.961  -42.476  -5.962 1.0000000000
20442  -7.050  -42.224  -7.948 1.0000000000
21259  -6.711  -41.494  -8.328 1.0000000000
20454  -7.368  -41.915  -8.780 1.0000000000
20455  -8.080  -42.247  -9.154 1.0000000000
21279  -7.692  -41.587  -9.605 1.0000000000
21280  -8.512  -41.773  -9.842 1.0000000000
20401  -17.871  -42.445  -5.832 0.6000000238
21292  -8.067  -41.158  -10.322 1.0000000000
21293  -9.052  -41.209  -10.491 1.0000000000
21294  -10.022  -41.630  -10.318 1.0000000000
22093  -10.576  -41.154  -10.712 1.0000000000
22095  -12.094  -40.933  -11.051 1.0000000000
21297  -12.678  -41.522  -10.779 1.0000000000
21298  -14.121  -41.631  -10.712 1.0000000000
21299  -15.709  -41.735  -10.406 1.0000000000
134130  -16.662  -41.845  -10.112 0.8999999762
21282  -17.431  -41.732  -9.805 0.8999999762
22108  -9.964  -40.037  -11.273 0.8999999762
22109  -10.693  -40.530  -11.057 1.0000000000
22111  -12.403  -40.031  -11.333 1.0000000000
22096  -12.949  -40.787  -11.072 1.0000000000
139117  -14.479  -40.508  -10.993 1.0000000000
22941  -15.921  -39.862  -10.755 1.0000000000
21300  -17.007  -41.103  -10.159 0.8999999762
135815  -17.624  -41.044  -9.847 0.8999999762
22070  -18.553  -40.027  -9.212 0.8999999762
22112  -13.315  -40.085  -11.255 1.0000000000
20415  0.748  -41.982  -6.635 0.4000000060
21172  -0.312  -41.345  -4.461 0.8000000119
20380  -1.714  -42.413  -4.440 0.8999999762
130098  0.332  -42.388  -7.299 0.2000000030
20381  -2.504  -42.410  -4.683 0.8999999762
20395  -3.289  -42.478  -5.075 1.0000000000
133708  -5.139  -41.872  -6.055 1.0000000000
20433  -5.986  -42.029  -6.919 1.0000000000
21238  -6.377  -41.774  -7.567 1.0000000000
21278  -7.024  -41.201  -9.155 1.0000000000
22090  -7.672  -40.469  -10.623 0.8999999762
22091  -8.441  -40.541  -10.822 0.8999999762
138122  -9.320  -39.945  -11.293 0.8999999762
23793  -16.945  -38.712  -10.591 0.8999999762
122096  -10.842  -39.773  -11.407 0.8999999762
22955  -11.626  -39.457  -11.492 0.8999999762
120522  -13.133  -38.786  -11.502 1.0000000000
22957  -13.637  -39.387  -11.363 1.0000000000
23792  -16.149  -38.974  -10.794 0.8999999762
22942  -16.741  -39.603  -10.510 0.8999999762
139855  1.484  -41.614  -5.603 0.5000000000
21211  1.128  -41.086  -6.018 0.3000000119
21173  -1.280  -41.742  -4.363 0.6000000238
21191  -2.965  -41.608  -4.758 0.8000000119
21192  -3.809  -41.714  -5.224 1.0000000000
21213  -4.175  -41.041  -5.656 0.8000000119
21193  -4.552  -41.824  -5.710 1.0000000000
21214  -4.841  -41.285  -6.161 0.8999999762
21215  -5.414  -41.610  -6.570 1.0000000000
22032  -5.471  -40.600  -7.545 0.8000000119
21237  -5.751  -41.325  -7.207 1.0000000000
22047  -5.783  -40.351  -8.274 0.6999999881
22048  -6.390  -40.772  -8.691 0.8000000119
22066  -6.052  -40.068  -9.056 0.8000000119
22067  -6.657  -40.510  -9.531 0.8000000119
22068  -7.310  -40.914  -9.996 0.8999999762
22106  -8.012  -40.021  -11.049 0.8000000119
22107  -8.701  -39.869  -11.279 0.8000000119
22953  -9.396  -39.434  -11.550 0.8999999762
23816  -9.784  -38.838  -11.824 0.8999999762
23818  -11.641  -38.510  -11.709 1.0000000000
22956  -12.387  -39.071  -11.515 1.0000000000
121187  -13.352  -37.975  -11.546 1.0000000000
23820  -13.891  -38.626  -11.413 1.0000000000
23822  -15.568  -38.323  -11.060 0.8999999762
24636  -17.176  -37.846  -10.675 0.8999999762
24654  -11.879  -37.449  -11.891 1.0000000000
24655  -12.841  -37.310  -11.699 0.8999999762
134537  -13.614  -37.190  -11.563 0.8999999762
21190  1.139  -41.127  -5.437 0.4000000060
21983  0.499  -40.690  -5.018 0.4000000060
21984  -0.410  -40.580  -4.760 0.5000000000
21174  -2.064  -41.647  -4.485 0.6999999881
21985  -1.287  -41.022  -4.558 0.6000000238
22000  -2.280  -40.710  -4.808 0.6999999881
22001  -3.342  -40.855  -5.186 0.6999999881
22018  -4.420  -40.571  -6.393 0.6999999881
21236  -5.126  -40.901  -6.832 0.6999999881
22031  -4.696  -40.122  -7.274 0.6999999881
22900  -5.408  -39.683  -8.618 0.6999999881
22915  -5.663  -39.389  -9.445 0.8000000119
22916  -6.318  -39.789  -9.879 0.8000000119
22939  -7.392  -39.753  -10.891 0.8000000119
22951  -7.937  -39.338  -11.431 0.8000000119
22952  -8.675  -39.232  -11.603 0.8000000119
23815  -9.105  -38.759  -11.854 0.8999999762
23834  -9.674  -38.217  -12.071 0.8999999762
24653  -11.046  -37.957  -11.977 0.8999999762
25523  -13.216  -36.543  -11.696 0.8000000119
138495  -13.860  -36.542  -11.559 0.6999999881
26462  -12.860  -35.883  -11.869 0.8000000119
21997  0.816  -40.362  -5.743 0.3000000119
21999  -1.149  -40.236  -4.925 0.5000000000
21998  0.034  -39.931  -5.258 0.3000000119
22017  -3.634  -40.294  -5.885 0.6999999881
22864  0.669  -39.370  -6.685 0.3000000119
22843  -0.946  -39.527  -5.409 0.4000000060
22867  -1.925  -39.141  -5.753 0.6999999881
22887  -4.036  -39.521  -7.433 0.6999999881
22046  -5.246  -39.984  -7.918 0.6999999881
22899  -4.628  -39.393  -8.104 0.6999999881
22914  -4.936  -39.037  -9.044 0.6000000238
23772  -5.264  -38.718  -9.841 0.6999999881
22937  -6.000  -39.046  -10.195 0.6999999881
22938  -6.693  -39.416  -10.579 0.8000000119
23791  -6.392  -38.675  -10.860 0.6999999881
23832  -8.037  -37.926  -12.084 0.6999999881
23814  -8.343  -38.654  -11.815 0.8000000119
24672  -8.587  -37.300  -12.331 0.6999999881
24673  -9.459  -37.450  -12.305 0.6999999881
25538  -10.077  -36.756  -12.404 0.6999999881
120536  -10.890  -36.276  -12.333 0.6999999881
25539  -11.644  -36.525  -12.146 0.8000000119
25540  -12.133  -35.866  -12.130 0.8000000119
26477  -11.763  -34.987  -12.307 0.6999999881
27369  -12.670  -34.708  -12.139 0.6999999881
22842  -0.059  -39.300  -5.661 0.3000000119
22866  -0.684  -38.851  -5.892 0.6000000238
22016  -3.018  -39.504  -6.214 0.6999999881
22885  -2.386  -38.705  -6.642 0.6999999881
22886  -3.294  -39.188  -7.097 0.6999999881
22898  -3.688  -38.913  -7.900 0.4000000060
23763  -4.150  -38.620  -8.690 0.6000000238
23771  -4.566  -38.341  -9.463 0.6000000238
23789  -4.916  -38.025  -10.160 0.6000000238
23790  -5.658  -38.328  -10.524 0.6000000238
24652  -7.279  -37.733  -11.826 0.6000000238
24671  -7.723  -37.143  -12.226 0.6999999881
26474  -9.438  -35.393  -12.560 0.5000000000
26476  -10.915  -35.501  -12.389 0.6999999881
27366  -10.282  -34.319  -12.535 0.5000000000
132245  -10.890  -34.852  -12.441 0.6000000238
27368  -12.221  -34.169  -12.325 0.5000000000
22865  0.213  -38.978  -6.181 0.6000000238
23719  -0.238  -38.305  -6.419 0.5000000000
23718  0.416  -38.706  -6.718 0.1000000015
23720  -1.289  -38.362  -6.400 0.6000000238
23738  0.291  -38.090  -7.080 0.3000000119
23740  -1.750  -37.937  -7.153 0.4000000060
23741  -2.772  -38.444  -7.561 0.4000000060
23760  -1.097  -37.231  -7.668 0.2000000030
23762  -3.246  -38.145  -8.398 0.3000000119
23770  -3.802  -37.810  -9.170 0.5000000000
24617  -0.370  -36.991  -8.451 0.1000000015
24619  -2.731  -37.294  -8.914 0.2000000030
137684  -4.337  -37.767  -9.771 0.4000000060
24635  -5.340  -37.503  -10.794 0.6000000238
24626  -1.740  -36.491  -9.277 0.1000000015
24628  -3.865  -37.259  -9.691 0.3000000119
135263  -7.004  -36.988  -11.933 0.5000000000
25521  -6.027  -36.152  -11.516 0.5000000000
24670  -6.728  -36.249  -11.910 0.5000000000
25535  -7.423  -36.352  -12.265 0.5000000000
25537  -9.522  -36.124  -12.520 0.6000000238
26472  -7.116  -35.560  -12.175 0.5000000000
27364  -7.517  -34.761  -12.349 0.5000000000
26475  -10.206  -35.114  -12.488 0.6000000238
28250  -8.647  -33.596  -12.660 0.5000000000
124889  -9.382  -34.034  -12.632 0.5000000000
28252  -10.759  -33.598  -12.599 0.4000000060
29123  -11.951  -32.835  -12.726 0.3000000119
28254  -12.499  -33.409  -12.450 0.5000000000
29125  -13.518  -32.274  -12.800 0.2000000030
29120  -8.765  -32.730  -12.783 0.3000000119
28251  -9.397  -33.214  -12.716 0.4000000060
29121  -10.238  -32.856  -12.745 0.3000000119
29136  -11.488  -32.147  -13.070 0.2000000030
25505  -0.856  -35.992  -9.976 0.1000000015
25512  -2.794  -35.766  -9.932 0.1000000015
25506  -1.923  -36.010  -9.686 0.2000000030
24633  -3.887  -36.616  -10.078 0.3000000119
25520  -5.257  -36.028  -11.184 0.4000000060
27363  -6.729  -34.796  -11.929 0.4000000060
28249  -7.833  -33.860  -12.470 0.3000000119
29119  -8.042  -32.944  -12.567 0.4000000060
29134  -10.094  -32.053  -13.048 0.2000000030
25511  -1.458  -35.529  -10.325 0.1000000015
25513  -3.940  -35.874  -10.403 0.2000000030
26451  -2.111  -34.951  -10.442 0.1000000015
26453  -4.152  -35.126  -10.622 0.3000000119
26460  -5.700  -35.409  -11.406 0.4000000060
27351  -5.429  -34.641  -11.260 0.4000000060
28238  -6.124  -34.057  -11.519 0.3000000119
28248  -7.047  -33.965  -12.000 0.3000000119
125405  -6.594  -33.171  -11.628 0.3000000119
29118  -7.543  -32.177  -12.242 0.3000000119
29979  -8.243  -32.108  -12.731 0.3000000119
29977  -7.239  -31.360  -11.976 0.2000000030
29978  -7.807  -31.380  -12.587 0.2000000030
29133  -8.899  -31.992  -13.011 0.2000000030
29990  -9.850  -31.408  -13.426 0.2000000030
30877  -7.999  -30.631  -13.029 0.2000000030
132414  -6.630  -31.603  -11.462 0.2000000030
30871  -7.390  -30.601  -12.381 0.2000000030
31812  -8.208  -29.976  -13.615 0.2000000030
30870  -6.712  -30.552  -11.630 0.2000000030
117823  -6.411  -29.547  -11.699 0.2000000030
31806  -6.995  -29.928  -12.189 0.2000000030
31811  -7.482  -29.788  -12.935 0.2000000030
135775  -7.187  -29.000  -13.144 0.2000000030
32732  -6.021  -28.513  -11.828 0.1000000015
31810  -6.782  -29.200  -12.461 0.2000000030
31799  -5.250  -29.320  -10.852 0.2000000030
31798  -4.175  -28.787  -10.880 0.1000000015
32720  -5.123  -28.294  -11.051 0.1000000015
32719  -3.797  -28.000  -11.126 0.1000000015
124862  -7.261  -78.210  -17.504 0.3000000119
203  -5.846  -78.298  -17.926 0.3000000119
358  -8.661  -77.298  -19.386 0.3000000119
15284  4.487  -48.789  0.331 0.6999999881
181  -2.216  -78.578  -15.477 0.5000000000
117297  -5.748  -77.951  -20.272 0.6000000238
357  -7.263  -77.719  -19.735 0.3000000119
80  -3.845  -79.251  -19.608 0.5000000000
75  -5.244  -78.961  -19.197 0.4000000060
82  -5.442  -78.728  -19.789 0.4000000060
76  -5.926  -78.643  -19.333 0.3000000119
223  -6.254  -78.317  -19.611 0.3000000119
233  -5.092  -78.423  -20.316 0.6000000238
369  -4.205  -77.507  -21.796 0.6000000238
374  -6.534  -77.412  -23.147 0.8000000119
603  -7.659  -76.565  -25.469 0.8000000119
613  -6.730  -76.812  -27.364 0.8999999762
792  1.623  -76.035  -14.659 1.0000000000
381  -2.253  -77.617  -23.511 0.8999999762
132563  -9.210  -75.568  -26.925 0.6000000238
123648  -5.368  -76.362  -28.148 0.8999999762
645  -7.329  -75.465  -29.229 1.0000000000
647  -9.424  -76.244  -29.435 0.6000000238
898  -8.514  -74.615  -31.324 0.6999999881
1625  -1.911  -72.668  -16.039 1.0000000000
1151  -3.235  -75.347  -26.200 1.0000000000
421  -10.854  -76.900  -28.093 0.6999999881
887  -6.132  -74.458  -29.343 1.0000000000
1182  -6.598  -74.051  -30.083 1.0000000000
1097  -1.777  -74.444  -18.815 1.0000000000
129466  -0.861  -75.816  -22.226 1.0000000000
1957  4.164  -71.231  -18.922 0.6999999881
1969  3.110  -72.258  -19.149 0.8000000119
132724  2.643  -72.437  -20.428 0.6999999881
2332  4.047  -70.917  -21.651 0.6000000238
132815  2.008  -72.434  -21.852 0.8999999762
1648  0.289  -72.323  -19.786 1.0000000000
1674  -0.155  -72.439  -21.714 1.0000000000
1464  -6.335  -72.578  -31.186 0.8000000119
132886  -7.484  -72.061  -32.275 0.6000000238
1740  -9.368  -72.060  -32.783 0.5000000000
139624  -3.593  -73.739  -20.553 1.0000000000
133262  -0.181  -71.697  -18.679 1.0000000000
114706  -4.271  -73.668  -22.597 1.0000000000
1970  0.386  -72.148  -18.991 1.0000000000
1152  -4.651  -74.721  -27.152 1.0000000000
1180  -6.349  -73.357  -29.154 1.0000000000
1730  -6.247  -72.143  -31.606 0.8000000119
2060  -8.537  -71.380  -32.756 0.6000000238
115425  -0.791  -72.052  -24.397 0.8999999762
2053  -5.204  -71.622  -31.397 0.8000000119
2400  -6.384  -71.082  -32.348 0.5000000000
117206  -8.642  -70.923  -32.793 0.5000000000
2860  -8.101  -70.700  -32.512 0.6000000238
2395  -6.966  -70.583  -32.168 0.5000000000
131871  -4.117  -71.167  -14.943 1.0000000000
123799  -5.541  -72.180  -21.235 1.0000000000
1999  -6.426  -71.758  -22.469 1.0000000000
2028  -1.035  -72.189  -28.310 1.0000000000
2388  -4.102  -70.706  -31.051 0.6999999881
2840  -3.926  -70.216  -30.674 0.6000000238
3270  -4.044  -69.254  -29.673 0.6000000238
1946  -4.982  -71.687  -16.544 1.0000000000
1954  -5.175  -71.939  -17.350 1.0000000000
1963  -5.734  -71.794  -18.679 1.0000000000
4990  5.836  -64.516  -16.782 0.6000000238
6655  -0.060  -61.396  -15.870 1.0000000000
2284  -6.178  -70.632  -15.888 1.0000000000
1947  -6.340  -70.855  -16.689 1.0000000000
1974  -6.433  -71.201  -19.605 1.0000000000
3181  -6.661  -68.541  -20.470 1.0000000000
127701  -7.094  -70.262  -20.245 1.0000000000
133297  5.729  -62.556  -8.459 0.4000000060
4894  3.205  -64.999  -8.821 0.8000000119
4908  0.101  -65.482  -9.359 0.8999999762
3901  -4.827  -66.601  -9.438 1.0000000000
3937  -7.640  -66.116  -12.334 1.0000000000
6133  5.686  -62.773  -21.133 0.2000000030
5453  0.436  -64.415  -10.050 1.0000000000
5463  -3.345  -63.208  -11.374 1.0000000000
4909  -4.960  -64.907  -9.386 1.0000000000
123616  -7.888  -63.459  -11.085 1.0000000000
4389  -7.547  -64.833  -10.991 1.0000000000
5974  -0.784  -62.635  -7.071 0.6000000238
7917  2.201  -58.989  -17.439 0.8000000119
6014  1.708  -62.480  -10.075 1.0000000000
124186  -2.544  -59.876  -11.832 1.0000000000
8398  -2.178  -58.667  -8.346 0.8999999762
130779  -4.800  -58.595  -10.425 1.0000000000
9695  -7.210  -57.132  -10.201 1.0000000000
8409  -6.019  -58.660  -9.516 1.0000000000
7882  5.740  -59.663  -13.786 1.0000000000
7884  4.711  -59.788  -14.730 1.0000000000
122118  -5.366  -56.176  -14.077 1.0000000000
9734  -7.095  -56.480  -12.178 1.0000000000
9751  -6.382  -55.917  -13.200 1.0000000000
10336  -2.751  -56.073  -12.722 1.0000000000
10978  -6.092  -54.819  -13.687 1.0000000000
10404  5.036  -56.029  -19.227 0.5000000000
8394  5.020  -57.854  -9.056 1.0000000000
9024  0.941  -56.995  -7.950 0.8999999762
9039  2.508  -57.418  -8.868 1.0000000000
9749  -2.159  -55.602  -13.240 1.0000000000
120379  -4.552  -54.926  -11.519 1.0000000000
10397  3.944  -54.766  -18.383 0.8000000119
9685  2.964  -56.613  -8.321 1.0000000000
11651  -6.008  -52.863  -11.077 1.0000000000
10951  -6.004  -53.917  -10.896 1.0000000000
128279  -2.862  -55.129  -12.846 1.0000000000
10977  -2.232  -54.724  -13.271 1.0000000000
125247  1.311  -54.016  -17.639 0.8999999762
11710  0.143  -53.208  -17.242 1.0000000000
9669  4.541  -56.014  -7.847 1.0000000000
11708  2.113  -53.402  -17.853 0.8999999762
12404  2.113  -52.361  -15.599 1.0000000000
13178  0.045  -52.062  -17.134 1.0000000000
13901  -5.042  -50.168  -11.909 1.0000000000
11777  3.678  -53.444  -21.188 0.3000000119
13141  2.093  -51.399  -15.384 1.0000000000
128790  0.525  -50.667  -17.207 1.0000000000
13154  -0.207  -51.425  -16.934 1.0000000000
14728  0.184  -49.430  -16.537 0.8999999762
14714  -1.442  -49.771  -15.430 0.8999999762
127502  4.487  -50.021  -14.190 1.0000000000
15457  -2.284  -48.788  -13.982 0.8999999762
14659  -3.765  -48.884  -11.012 1.0000000000
14766  1.393  -49.728  -19.318 0.4000000060
15488  0.255  -48.613  -16.140 0.8999999762
13031  4.567  -50.683  -3.529 0.8999999762
114760  -0.428  -53.695  -8.915 1.0000000000
116284  0.568  -52.037  -11.340 1.0000000000
114757  -0.692  -53.152  -10.161 1.0000000000
13898  2.163  -50.828  -11.854 1.0000000000
15434  -3.141  -48.033  -12.400 0.8999999762
16259  -2.876  -47.478  -11.739 0.8999999762
14642  -3.247  -48.504  -10.629 1.0000000000
14640  -1.808  -48.468  -10.278 0.8999999762
16280  -0.151  -47.321  -14.409 0.8999999762
17077  -1.127  -46.711  -12.657 0.8999999762
17041  -2.132  -46.695  -10.808 1.0000000000
15406  -0.333  -47.729  -10.287 1.0000000000
16323  1.110  -47.899  -18.079 0.4000000060
13058  0.277  -51.416  -6.232 1.0000000000
114763  -0.191  -51.468  -10.300 1.0000000000
114770  0.525  -50.817  -10.541 1.0000000000
126909  1.048  -46.446  -16.178 0.6999999881
14584  0.619  -49.937  -5.436 1.0000000000
13083  -1.362  -52.219  -9.321 1.0000000000
12317  -1.638  -53.439  -8.000 1.0000000000
16243  3.259  -47.313  -11.032 1.0000000000
12310  -1.164  -53.198  -6.679 1.0000000000
118126  -1.654  -53.408  -7.108 1.0000000000
13066  -0.492  -52.401  -6.435 1.0000000000
13861  -1.294  -51.321  -9.044 1.0000000000
17025  2.305  -45.862  -9.628 0.8999999762
114774  1.024  -49.533  -9.517 1.0000000000
138154  0.287  -49.992  -9.513 1.0000000000
13074  -2.038  -52.051  -8.660 1.0000000000
13846  -3.051  -51.115  -7.330 1.0000000000
14574  -0.209  -49.120  -4.273 1.0000000000
14559  -0.892  -49.286  -3.638 1.0000000000
12324  -2.238  -52.952  -8.240 1.0000000000
12305  -1.337  -52.869  -5.873 1.0000000000
139137  -0.859  -51.501  -5.127 1.0000000000
115633  3.504  -48.200  -8.691 1.0000000000
138857  -2.349  -53.158  -5.772 1.0000000000
115693  2.058  -48.817  -8.412 1.0000000000
13851  -0.556  -50.319  -9.021 1.0000000000
13070  -2.897  -52.234  -7.332 1.0000000000
12306  -1.992  -53.040  -5.271 1.0000000000
133943  -1.954  -52.416  -4.527 1.0000000000
15389  0.363  -48.943  -8.537 1.0000000000
14626  -1.049  -49.861  -8.117 1.0000000000
12300  -2.458  -52.561  -4.673 1.0000000000
12312  -2.731  -52.785  -6.344 1.0000000000
13053  -2.946  -52.227  -4.115 1.0000000000
13035  -3.565  -51.853  -3.112 1.0000000000
14612  -0.697  -49.084  -7.933 1.0000000000
13067  -3.383  -51.933  -5.780 1.0000000000
16180  -0.389  -47.920  -7.422 1.0000000000
14614  -2.171  -49.293  -6.993 1.0000000000
122417  -4.203  -51.788  -3.471 1.0000000000
15373  -1.535  -48.569  -7.059 1.0000000000
13832  -4.232  -50.636  -5.399 1.0000000000
13055  -6.059  -51.801  -3.526 1.0000000000
13038  -6.481  -51.838  -2.629 1.0000000000
15322  -8.081  -49.170  -2.581 0.8999999762
14575  -9.833  -49.779  -3.493 0.8999999762
13835  -7.140  -51.304  -4.883 1.0000000000
13826  -8.930  -51.319  -4.026 1.0000000000
131736  0.294  -47.918  -3.388 0.8999999762
13804  -1.334  -50.029  -3.673 1.0000000000
17872  2.658  -45.381  -9.144 0.8999999762
17853  3.543  -45.606  -8.171 0.8999999762
13791  -2.156  -50.544  -2.423 1.0000000000
13792  -2.904  -51.078  -2.033 1.0000000000
16976  3.599  -46.713  -6.585 1.0000000000
13782  -3.345  -50.871  -1.152 1.0000000000
13794  -4.723  -51.265  -1.683 1.0000000000
14549  -5.169  -50.466  -1.182 1.0000000000
16159  0.864  -47.480  -6.874 1.0000000000
16160  -0.040  -47.271  -7.096 1.0000000000
15312  -5.753  -48.616  -1.631 1.0000000000
128860  -5.380  -49.501  -1.128 1.0000000000
122773  -7.723  -48.000  -3.133 0.8999999762
15301  4.863  -48.482  -1.591 0.8999999762
15308  0.188  -47.944  -1.553 1.0000000000
18772  1.920  -44.201  -10.295 0.8999999762
15304  -1.158  -49.053  -0.973 1.0000000000
132986  -2.363  -50.126  -0.633 1.0000000000
14531  -2.672  -49.973  0.092 1.0000000000
18786  1.961  -43.924  -10.987 0.8999999762
18757  3.417  -44.770  -8.050 0.8999999762
17837  3.893  -45.714  -7.634 0.8999999762
14533  -4.155  -49.622  -0.195 1.0000000000
14540  -3.846  -50.374  -0.484 1.0000000000
18758  2.949  -44.112  -8.399 0.8999999762
16123  -6.232  -47.879  -2.338 1.0000000000
16122  -5.262  -47.672  -1.665 1.0000000000
16131  -6.316  -47.000  -2.684 1.0000000000
16132  -6.933  -47.453  -2.950 0.8999999762
127554  -3.067  -47.488  -6.644 1.0000000000
14618  -11.739  -49.575  -7.108 1.0000000000
15376  -8.541  -48.587  -7.550 1.0000000000
15380  -12.885  -48.958  -7.477 1.0000000000
133437  2.444  -47.545  -0.981 0.8999999762
16112  1.009  -47.820  -0.901 0.8999999762
16092  1.525  -47.649  0.860 0.8999999762
15302  0.183  -48.273  -0.467 1.0000000000
15294  -0.601  -48.720  -0.137 1.0000000000
15285  -0.864  -48.701  0.769 1.0000000000
15287  -2.600  -48.745  1.103 1.0000000000
18811  1.715  -43.256  -12.565 0.6000000238
16096  -3.355  -48.395  0.613 1.0000000000
17804  4.193  -45.348  -5.999 0.8999999762
16113  -3.912  -47.150  -0.697 1.0000000000
16942  -6.180  -46.227  -2.451 0.6999999881
16945  -6.885  -46.518  -3.054 0.8000000119
126899  -7.125  -45.796  -2.896 0.8000000119
17781  -7.656  -46.221  -3.529 0.8000000119
17782  -8.828  -46.072  -4.337 1.0000000000
16984  -4.375  -46.623  -6.906 1.0000000000
124755  -9.429  -47.182  -8.186 1.0000000000
16201  -12.715  -47.629  -8.483 1.0000000000
16917  0.730  -46.739  1.604 0.8000000119
16927  -1.418  -46.450  0.826 1.0000000000
18736  3.546  -43.745  -6.450 0.8999999762
16935  -2.759  -45.699  -1.322 0.8000000119
129664  -3.510  -45.555  -1.503 0.8999999762
17769  -4.022  -44.892  -1.617 0.8000000119
17771  -5.466  -44.550  -1.616 0.6999999881
17823  -1.429  -45.592  -6.066 1.0000000000
17776  -7.873  -45.659  -2.999 0.6999999881
124505  -9.072  -45.698  -4.022 0.8000000119
17792  -9.439  -45.913  -4.581 0.8000000119
116067  -10.040  -45.606  -4.822 0.6999999881
17795  -12.291  -45.296  -5.222 0.6999999881
135834  3.241  -46.424  1.793 0.6999999881
17757  1.121  -44.983  1.680 0.6999999881
17758  0.423  -45.042  0.947 0.8000000119
126789  0.062  -45.101  0.412 0.8000000119
17764  -1.875  -45.377  -1.392 0.8000000119
19614  3.177  -43.263  -5.837 0.6999999881
18705  3.149  -44.060  -4.021 0.6999999881
17790  2.493  -44.985  -4.308 0.8999999762
17768  -2.480  -45.012  -1.921 0.8000000119
18682  -3.539  -44.029  -2.007 0.6999999881
19563  -4.014  -43.338  -1.743 0.6000000238
18684  -6.696  -44.268  -1.612 0.6999999881
17824  -2.112  -45.252  -5.945 1.0000000000
140129  -13.721  -44.754  -5.068 0.6000000238
129155  -6.304  -44.789  -7.156 1.0000000000
17814  -14.860  -45.994  -5.143 0.8000000119
18752  -8.694  -44.940  -8.064 1.0000000000
17013  -14.072  -46.989  -8.746 1.0000000000
17862  -15.339  -46.210  -8.885 0.8999999762
130778  -15.588  -45.591  -9.185 1.0000000000
16999  -15.918  -47.038  -7.311 0.8999999762
16988  -16.473  -46.569  -6.805 0.8999999762
19560  -1.145  -43.521  -1.776 0.6999999881
19554  -4.544  -42.874  -1.261 0.6000000238
20358  -6.479  -43.061  -0.958 0.5000000000
19567  -7.984  -43.966  -1.184 0.6000000238
18725  -3.108  -43.917  -5.712 0.8999999762
19591  -13.100  -44.113  -3.959 0.5000000000
17876  -13.044  -45.317  -9.431 1.0000000000
18776  -14.461  -44.774  -9.683 1.0000000000
136680  -16.213  -45.947  -8.583 0.8999999762
17843  -16.938  -46.109  -7.170 0.8999999762
17816  -16.555  -45.462  -5.678 0.6999999881
19645  -9.327  -43.803  -8.442 1.0000000000
18773  -11.673  -44.332  -9.361 1.0000000000
17880  -16.835  -45.245  -8.679 0.8999999762
18741  -17.243  -45.127  -6.140 0.6999999881
123499  -16.265  -43.712  -5.410 0.6999999881
19662  -13.122  -43.764  -10.006 1.0000000000
124651  -15.873  -44.340  -9.613 1.0000000000
126535  -17.737  -44.319  -8.366 0.8999999762
19552  -2.617  -42.718  -1.744 0.4000000060
18708  -0.402  -43.908  -4.510 0.8999999762
19568  -8.712  -44.313  -1.129 0.5000000000
19606  -17.154  -43.789  -5.599 0.6999999881
20475  -13.371  -42.166  -10.565 1.0000000000
19680  -13.730  -43.091  -10.269 1.0000000000
19682  -15.588  -43.480  -9.966 1.0000000000
134119  -17.011  -43.233  -9.640 1.0000000000
19665  -16.480  -43.731  -9.650 1.0000000000
19647  -17.952  -43.582  -8.660 0.8999999762
19648  -18.297  -43.231  -8.203 0.8000000119
19633  -18.413  -43.141  -7.493 0.8000000119
19546  -1.422  -42.648  -0.614 0.4000000060
20379  -0.826  -42.282  -4.258 0.8000000119
20417  -5.530  -42.277  -6.400 1.0000000000
128297  -14.855  -41.905  -10.533 1.0000000000
20463  -18.405  -42.124  -8.821 0.8000000119
124125  -17.885  -42.331  -9.381 0.8999999762
21258  -6.086  -41.048  -7.917 0.8999999762
22092  -9.225  -40.418  -11.013 0.8999999762
123609  -9.934  -40.833  -10.820 1.0000000000
22094  -11.267  -41.064  -10.860 1.0000000000
125598  -13.886  -40.783  -10.998 1.0000000000
22097  -14.835  -41.067  -10.764 1.0000000000
121276  -16.330  -41.186  -10.369 1.0000000000
22098  -15.728  -40.746  -10.639 1.0000000000
22954  -10.244  -39.268  -11.627 0.8999999762
22110  -11.492  -40.310  -11.233 1.0000000000
22958  -14.458  -39.319  -11.238 1.0000000000
22940  -15.005  -40.121  -10.999 1.0000000000
22099  -16.523  -40.469  -10.446 0.8999999762
21283  -18.145  -41.465  -9.384 0.8999999762
22089  -6.978  -40.177  -10.297 0.8000000119
121696  -10.974  -39.004  -11.682 0.8999999762
23821  -14.728  -38.495  -11.264 0.8999999762
23823  -16.380  -38.094  -10.847 0.8999999762
22959  -15.320  -39.195  -11.032 0.8999999762
133244  -11.024  -38.488  -11.818 0.8999999762
23819  -12.541  -38.174  -11.639 1.0000000000
24656  -14.130  -37.817  -11.431 0.8000000119
24657  -14.957  -37.656  -11.285 0.8999999762
126500  -14.345  -37.026  -11.447 0.8000000119
116101  -2.741  -40.023  -5.441 0.6999999881
22030  -3.859  -39.881  -6.721 0.6999999881
22950  -7.118  -39.006  -11.174 0.8000000119
135114  -7.563  -38.507  -11.658 0.8000000119
23833  -8.881  -38.054  -12.121 0.8000000119
24674  -10.290  -37.670  -12.186 0.6999999881
24675  -10.979  -37.113  -12.202 0.8000000119
25522  -12.435  -36.592  -11.900 0.8000000119
123692  -13.710  -35.786  -11.667 0.6999999881
22844  -1.869  -39.889  -5.207 0.6999999881
23813  -6.829  -38.250  -11.388 0.6999999881
23812  -6.117  -37.955  -11.096 0.6000000238
127979  -10.182  -35.877  -12.479 0.6000000238
136660  -11.482  -35.836  -12.278 0.6999999881
117718  -13.008  -33.989  -12.171 0.6000000238
24650  -6.002  -37.336  -11.254 0.5000000000
24651  -6.590  -37.531  -11.530 0.5000000000
25536  -8.215  -36.492  -12.462 0.5000000000
132733  -9.548  -34.718  -12.570 0.5000000000
26473  -7.899  -35.627  -12.495 0.5000000000
132015  -8.770  -35.837  -12.563 0.5000000000
28253  -11.651  -33.636  -12.525 0.5000000000
23739  -0.673  -37.707  -6.931 0.4000000060
23759  -0.043  -37.427  -7.670 0.1000000015
23761  -2.193  -37.668  -8.070 0.3000000119
24616  0.490  -37.544  -8.646 0.1000000015
24618  -1.447  -36.925  -8.576 0.1000000015
137659  -3.394  -37.281  -9.335 0.4000000060
134521  0.337  -37.062  -9.195 0.1000000015
24625  -0.408  -36.559  -9.388 0.1000000015
24634  -4.521  -37.321  -10.241 0.4000000060
24627  -2.975  -36.695  -9.536 0.2000000030
125049  -5.604  -36.775  -11.225 0.5000000000
122591  -6.337  -36.851  -11.571 0.5000000000
25514  -4.739  -36.603  -10.723 0.4000000060
26461  -6.416  -35.515  -11.770 0.5000000000
27365  -8.583  -34.725  -12.600 0.5000000000
139471  -9.996  -33.600  -12.613 0.4000000060
29122  -11.147  -32.885  -12.746 0.4000000060
139148  -12.205  -32.270  -12.972 0.3000000119
121122  -12.725  -32.655  -12.709 0.2000000030
133683  -9.468  -32.455  -12.897 0.3000000119
140146  -4.614  -35.808  -10.824 0.3000000119
26459  -4.948  -35.250  -11.056 0.4000000060
27352  -6.094  -34.880  -11.573 0.4000000060
119517  -7.346  -33.094  -12.127 0.3000000119
134618  -6.966  -32.387  -11.694 0.3000000119
137525  -7.132  -31.879  -11.789 0.2000000030
29989  -8.456  -31.365  -13.040 0.2000000030
32731  -5.262  -27.648  -11.590 0.1000000015
33649  -4.191  -27.419  -11.537 0.1000000015
33663  -4.764  -26.860  -11.909 0.1000000015
25504  -0.002  -36.392  -10.385 0.1000000015
128288  0.650  -36.870  -9.933 0.1000000015
1129  -9.191  -73.706  -23.244 0.3000000119
833  -8.084  -75.018  -21.662 0.4000000060
839  -8.566  -74.711  -22.882 0.5000000000
832  -7.229  -75.551  -21.219 0.5000000000
838  -7.813  -75.734  -22.457 0.5000000000
1134  -8.929  -74.052  -24.292 0.4000000060
1135  -9.662  -73.475  -24.281 0.4000000060
845  -8.389  -75.223  -23.669 0.5000000000
142  1.268  -78.330  -11.952 0.6999999881
143  0.429  -78.859  -12.158 0.8000000119
125304  1.828  -77.037  -12.209 0.8000000119
149  1.575  -77.750  -12.514 0.8000000119
161  0.929  -78.123  -13.466 0.6999999881
40  -0.221  -78.955  -12.831 0.6999999881
170  0.778  -78.067  -14.471 0.6999999881
49  -0.726  -78.882  -13.670 0.6999999881
179  0.386  -78.102  -15.408 0.6999999881
824  -7.131  -75.877  -20.385 0.3000000119
121434  -9.809  -73.793  -25.032 0.4000000060
375  -7.313  -77.255  -23.801 0.6000000238
844  -7.971  -76.130  -23.388 0.6000000238
134009  -9.358  -73.684  -25.049 0.5000000000
595  -7.739  -76.647  -24.557 0.6000000238
120608  1.398  -78.306  -11.200 0.6999999881
25  0.246  -79.172  -10.461 0.6999999881
138719  -0.532  -79.278  -11.394 0.6000000238
854  -8.780  -74.862  -26.254 0.6999999881
129511  -8.575  -74.593  -24.737 0.5000000000
1139  -9.510  -73.968  -25.531 0.6000000238
1147  -9.124  -74.207  -26.012 0.6000000238
855  -9.279  -75.015  -26.484 0.6000000238
133  1.832  -77.937  -10.667 0.6999999881
141  1.876  -77.635  -11.678 0.6999999881
853  -8.201  -75.611  -26.361 0.6999999881
862  -8.790  -75.332  -26.887 0.6000000238
132889  2.234  -77.220  -11.006 0.4000000060
308  2.295  -76.769  -11.468 0.6999999881
518  2.792  -75.680  -11.837 0.6999999881
130417  3.629  -75.650  -11.132 0.6999999881
760  4.184  -75.571  -10.314 0.6000000238
768  4.305  -75.010  -11.396 0.8999999762
767  4.590  -74.501  -11.556 0.8999999762
136778  4.616  -75.135  -10.517 0.8000000119
134431  4.882  -72.813  -9.279 0.6999999881
120623  5.024  -73.489  -9.763 0.8999999762
124552  4.975  -74.098  -10.674 0.8999999762
1041  4.578  -74.214  -12.219 0.8999999762
1574  4.901  -72.769  -10.155 0.8999999762
118490  4.978  -73.533  -10.653 0.8999999762
1879  4.781  -71.894  -10.562 0.8999999762
124600  4.706  -71.308  -9.168 0.6999999881
2349  2.308  -70.438  -24.082 0.6000000238
2765  2.602  -69.578  -24.464 0.6000000238
2766  1.552  -69.956  -24.682 0.6999999881
3216  2.057  -69.090  -25.021 0.5000000000
2771  1.196  -69.237  -25.133 0.6999999881
3224  1.474  -68.575  -25.459 0.4000000060
3225  0.476  -68.898  -25.559 0.6000000238
2773  0.047  -69.741  -25.731 0.8000000119
123482  -1.250  -69.146  -27.650 0.8000000119
3247  -1.252  -68.635  -27.274 0.8000000119
17075  1.723  -44.750  -13.595 0.6000000238
137771  1.571  -44.430  -14.819 0.4000000060
18823  1.780  -43.605  -13.520 0.6000000238
19718  1.249  -43.145  -14.230 0.4000000060
18822  1.721  -44.001  -14.284 0.5000000000
18834  1.269  -43.712  -14.882 0.4000000060
19710  1.346  -42.880  -13.410 0.3000000119
20334  -3.355  -42.365  -0.265 0.2000000030
20335  -4.263  -42.221  0.340 0.1000000015
20336  -5.022  -42.128  -0.135 0.1000000015
138019  -5.638  -42.011  0.460 0.1000000015
20347  -5.859  -42.186  -0.346 0.1000000015
21144  -6.816  -42.159  -0.135 0.1000000015
20348  -7.202  -42.710  -0.654 0.2000000030
19639  1.928  -42.868  -9.510 0.5000000000
140051  1.528  -42.555  -9.812 0.4000000060
20324  -2.472  -42.536  0.231 0.2000000030
20349  -8.163  -42.611  -0.382 0.1000000015
19555  -7.799  -43.245  -0.819 0.4000000060
130123  -8.708  -43.471  -0.648 0.4000000060
18677  -9.542  -44.279  -0.863 0.4000000060
18678  -10.606  -44.244  -0.745 0.3000000119
133583  -11.130  -44.712  -1.347 0.4000000060
125178  -11.007  -45.018  -2.181 0.4000000060
18689  -11.938  -44.522  -1.870 0.3000000119
19573  -12.798  -43.944  -2.150 0.3000000119
19579  -12.927  -43.943  -3.066 0.4000000060
127097  -9.861  -42.337  0.156 0.1000000015
19556  -9.928  -43.298  -0.286 0.1000000015
20352  -11.689  -42.819  0.044 0.1000000015
19557  -11.122  -43.490  -0.295 0.4000000060
19558  -12.140  -43.458  -0.496 0.2000000030
19569  -11.642  -44.194  -0.882 0.3000000119
20359  -12.934  -43.127  -0.874 0.2000000030
19570  -12.539  -43.852  -1.270 0.2000000030
19571  -13.165  -43.286  -1.668 0.2000000030
132840  -13.418  -42.851  -1.974 0.3000000119
19580  -13.526  -43.438  -3.507 0.4000000060
19574  -13.390  -43.248  -2.532 0.3000000119
121746  -14.213  -44.337  -5.064 0.4000000060
21149  -13.650  -41.594  -2.057 0.1000000015
20360  -13.402  -42.402  -1.406 0.2000000030
20363  -13.585  -42.395  -2.347 0.2000000030
20369  -13.744  -42.574  -3.212 0.2000000030
19592  -13.671  -43.706  -4.227 0.4000000060
20382  -14.013  -42.827  -4.176 0.3000000119
120625  -14.908  -44.156  -5.223 0.5000000000
21963  -13.721  -40.854  -2.622 0.2000000030
125943  -13.754  -41.688  -2.940 0.2000000030
21158  -13.967  -41.817  -3.861 0.3000000119
21175  -14.247  -41.896  -4.741 0.3000000119
20396  -14.461  -42.697  -5.014 0.2000000030
20397  -14.909  -42.601  -5.597 0.4000000060
19605  -15.302  -43.544  -5.398 0.5000000000
21986  -13.912  -41.008  -4.590 0.2000000030
129594  -13.557  -39.993  -5.859 0.2000000030
132352  -14.193  -41.264  -5.257 0.2000000030
21194  -14.542  -41.839  -5.440 0.2000000030
22868  -13.628  -39.598  -6.353 0.1000000015
21217  -14.766  -40.892  -6.158 0.2000000030
140222  -15.381  -42.085  -5.736 0.2000000030
22003  -16.233  -40.907  -5.607 0.1000000015
21197  -16.415  -41.957  -5.502 0.4000000060
128766  -17.010  -41.192  -5.408 0.3000000119
21198  -17.472  -41.791  -5.555 0.4000000060
22005  -17.816  -40.921  -5.599 0.4000000060
22006  -18.426  -41.054  -6.014 0.4000000060
21239  -18.813  -41.318  -7.292 0.6000000238
132009  -18.570  -41.457  -8.713 0.6999999881
21260  -18.833  -41.011  -8.147 0.6999999881
22100  -17.386  -40.273  -10.137 0.8000000119
117698  -18.597  -40.800  -8.960 0.6000000238
22943  -17.511  -39.285  -10.273 0.8000000119
22869  -14.399  -39.631  -6.449 0.2000000030
22021  -15.382  -40.520  -6.048 0.2000000030
138478  -15.431  -38.812  -6.133 0.1000000015
124425  -16.183  -39.984  -5.659 0.1000000015
22004  -17.041  -40.385  -5.402 0.1000000015
22847  -17.104  -39.380  -5.417 0.1000000015
124154  -17.837  -39.972  -5.516 0.3000000119
22022  -18.797  -40.645  -6.530 0.4000000060
22015  0.711  -40.191  -6.413 0.2000000030
22033  -19.007  -40.452  -7.423 0.5000000000
137760  -18.786  -39.525  -8.820 0.5000000000
22901  -19.033  -39.246  -8.220 0.5000000000
22101  -18.069  -39.740  -9.837 0.6999999881
22917  -18.502  -39.274  -9.424 0.6999999881
23705  -17.735  -38.582  -5.422 0.2000000030
22023  -18.802  -39.748  -6.170 0.3000000119
23743  -19.222  -38.760  -7.527 0.4000000060
23764  -19.103  -38.476  -8.283 0.4000000060
23795  -18.289  -38.060  -10.089 0.6999999881
23773  -18.591  -38.496  -9.537 0.6999999881
24658  -15.793  -37.448  -11.100 0.8000000119
24659  -16.633  -37.207  -10.910 0.8000000119
140216  -18.062  -36.898  -10.556 0.6000000238
128132  -15.298  -35.923  -11.369 0.6000000238
25468  -19.038  -36.495  -5.944 0.3000000119
131872  -18.799  -37.308  -5.754 0.2000000030
25476  -19.269  -36.591  -6.669 0.4000000060
24603  -19.289  -37.308  -7.451 0.3000000119
131796  -19.131  -38.950  -6.516 0.4000000060
27323  -18.944  -34.948  -8.268 0.3000000119
129427  -19.065  -35.585  -7.865 0.3000000119
24620  -19.150  -37.688  -8.304 0.4000000060
26454  -18.307  -35.435  -10.613 0.5000000000
25507  -18.678  -36.583  -9.883 0.5000000000
25496  -19.070  -36.176  -8.496 0.4000000060
26464  -14.624  -35.293  -11.574 0.6000000238
26465  -15.466  -35.210  -11.462 0.6000000238
139691  -16.971  -35.579  -11.182 0.4000000060
26467  -17.590  -35.542  -11.065 0.5000000000
25516  -18.371  -36.368  -10.336 0.5000000000
25524  -14.477  -36.217  -11.481 0.6000000238
27353  -13.863  -34.882  -11.797 0.6000000238
27356  -16.086  -34.714  -11.509 0.5000000000
27358  -17.983  -34.705  -11.148 0.3000000119
26463  -13.157  -35.192  -11.914 0.6000000238
27354  -14.492  -34.527  -11.770 0.6000000238
27370  -13.949  -33.976  -12.052 0.5000000000
823  -6.471  -75.830  -20.912 0.5000000000
9006  0.841  -56.333  -4.561 0.6000000238
587  -8.194  -75.712  -24.413 0.6000000238
137933  3.510  -75.307  -11.837 0.8000000119
517  4.136  -74.953  -11.975 0.8999999762
2321  4.242  -70.941  -20.198 0.5000000000
1320  4.880  -73.792  -11.320 0.8999999762
128140  -6.390  -42.599  -0.646 0.3000000119
20420  -18.322  -42.367  -6.354 0.6999999881
119371  -17.268  -42.468  -5.526 0.5000000000
120769  -18.648  -41.816  -8.057 0.6000000238
21218  -18.562  -41.577  -6.504 0.5000000000
24637  -17.452  -37.020  -10.751 0.6000000238
22841  0.551  -39.637  -5.992 0.2000000030
28255  -13.461  -33.179  -12.399 0.5000000000
20399  -16.764  -42.980  -5.467 0.5000000000
20346  -5.048  -42.447  -0.782 0.2000000030
25525  -15.148  -36.804  -11.313 0.6999999881
137123  -14.100  -33.307  -12.275 0.5000000000
1415  -9.732  -73.006  -23.235 0.3000000119
1116  -7.828  -75.112  -20.707 0.5000000000
48  0.164  -78.482  -13.651 0.6999999881
748  4.674  -75.175  -9.856 0.6000000238
20337  -7.707  -42.095  0.048 0.1000000015
20350  -9.082  -42.529  -0.110 0.1000000015
19603  -14.135  -43.602  -4.708 0.4000000060
19604  -14.627  -43.468  -5.181 0.4000000060
21974  -13.781  -40.942  -3.573 0.2000000030
20398  -15.814  -42.814  -5.525 0.4000000060
22019  -14.109  -40.346  -6.190 0.2000000030
22002  -13.839  -40.585  -5.454 0.2000000030
22831  -13.405  -39.901  -5.205 0.2000000030
21216  -14.378  -41.081  -5.796 0.2000000030
21195  -14.837  -41.659  -5.909 0.2000000030
22020  -14.759  -40.231  -6.309 0.2000000030
21196  -15.419  -41.350  -5.880 0.2000000030
120475  -18.425  -40.331  -5.848 0.4000000060
22034  -19.127  -39.593  -7.460 0.4000000060
23724  -14.760  -38.921  -6.499 0.1000000015
22870  -15.271  -39.620  -6.204 0.2000000030
22846  -16.096  -39.073  -5.712 0.1000000015
23703  -15.178  -38.197  -6.346 0.1000000015
135522  -15.926  -38.249  -5.833 0.1000000015
22848  -17.956  -39.250  -5.476 0.2000000030
22849  -18.406  -39.534  -5.716 0.3000000119
139266  -19.039  -39.898  -6.774 0.3000000119
22918  -18.850  -38.872  -8.891 0.5000000000
23706  -18.357  -38.784  -5.594 0.3000000119
23707  -18.819  -38.325  -5.852 0.3000000119
129244  -19.299  -37.412  -6.658 0.3000000119
127529  -18.779  -37.039  -9.612 0.5000000000
24638  -18.426  -37.181  -10.128 0.6000000238
24630  -19.022  -37.235  -9.005 0.5000000000
25527  -16.980  -36.260  -11.010 0.6999999881
25526  -16.008  -36.537  -11.153 0.6000000238
25515  -17.869  -36.273  -10.795 0.5000000000
26466  -16.254  -35.592  -11.272 0.5000000000
25485  -19.201  -36.371  -7.608 0.4000000060
26428  -19.155  -35.706  -7.009 0.2000000030
26416  -19.081  -35.807  -6.272 0.4000000060
27333  -18.908  -35.082  -9.255 0.3000000119
26434  -18.993  -35.497  -8.588 0.4000000060
26444  -18.758  -35.822  -9.850 0.4000000060
27345  -18.481  -34.425  -10.600 0.2000000030
25508  -18.932  -36.478  -9.273 0.5000000000
27355  -15.222  -34.582  -11.644 0.6000000238
27357  -17.048  -34.895  -11.341 0.4000000060
119505  -17.566  -34.047  -11.472 0.4000000060
28256  -14.536  -33.409  -12.160 0.5000000000
41  -0.893  -79.166  -12.752 0.5000000000
50  -1.229  -79.009  -13.433 0.5000000000
139858  0.475  -78.992  -9.952 0.3000000119
162  -1.725  -78.785  -13.837 0.4000000060
116313  -2.288  -78.193  -14.025 0.4000000060
1023  4.962  -74.582  -10.296 0.6000000238
119271  4.338  -73.161  -7.095 0.4000000060
1278  4.636  -73.403  -7.670 0.4000000060
1003  4.789  -73.930  -8.239 0.3000000119
134984  5.077  -73.907  -9.451 0.6000000238
1530  4.562  -72.258  -5.549 0.3000000119
1521  4.409  -72.278  -4.799 0.3000000119
135767  4.879  -71.878  -5.743 0.2000000030
1539  4.589  -72.439  -6.419 0.4000000060
116539  4.799  -72.169  -7.118 0.4000000060
1557  4.837  -72.845  -8.450 0.5000000000
2572  5.314  -69.786  -4.610 0.1000000015
2186  5.176  -70.835  -4.403 0.1000000015
1847  4.917  -71.570  -6.463 0.2000000030
2760  3.161  -69.944  -23.822 0.5000000000
135951  5.164  -70.384  -5.864 0.1000000015
2219  4.735  -71.005  -7.756 0.3000000119
117690  4.776  -72.068  -7.862 0.6000000238
2758  4.142  -68.735  -22.795 0.5000000000
2759  3.798  -69.325  -23.321 0.5000000000
2764  3.405  -69.090  -24.084 0.4000000060
3223  2.429  -68.284  -25.335 0.4000000060
3215  2.953  -68.758  -24.755 0.4000000060
115994  5.079  -68.043  -5.678 0.2000000030
2578  5.215  -69.716  -5.573 0.1000000015
3200  4.166  -68.700  -22.102 0.2000000030
3208  4.197  -68.005  -22.775 0.4000000060
3606  4.177  -67.457  -23.502 0.4000000060
3605  4.135  -67.210  -22.916 0.3000000119
3209  3.996  -68.375  -23.535 0.5000000000
130855  4.148  -66.995  -24.335 0.4000000060
126173  3.956  -67.805  -24.103 0.4000000060
3189  4.068  -68.893  -21.104 0.2000000030
3586  3.933  -67.988  -22.008 0.2000000030
3190  3.750  -68.679  -20.760 0.2000000030
3597  3.928  -67.015  -22.400 0.2000000030
3177  3.434  -69.105  -19.727 0.2000000030
16312  1.064  -47.250  -17.473 0.3000000119
17148  0.268  -46.764  -18.338 0.3000000119
17127  0.643  -46.669  -17.655 0.3000000119
16074  4.192  -47.545  1.988 0.3000000119
2732  4.175  -69.627  -20.470 0.2000000030
2205  4.989  -70.688  -6.425 0.2000000030
3630  1.818  -67.843  -25.936 0.4000000060
119365  5.210  -70.275  -3.841 0.1000000015
4050  4.247  -66.706  -23.565 0.4000000060
126  1.678  -78.165  -9.509 0.2000000030
113  1.082  -78.198  -7.801 0.2000000030
1140  -10.184  -74.438  -25.178 0.4000000060
3248  -1.750  -68.522  -27.885 0.5000000000
479  2.065  -76.596  -7.736 0.2000000030
296  2.324  -77.466  -9.097 0.3000000119
605  -10.195  -76.126  -25.953 0.5000000000
3239  -0.706  -68.338  -26.809 0.4000000060
3648  -1.292  -68.053  -27.476 0.6000000238
134113  1.649  -75.952  -7.262 0.1000000015
725  3.158  -75.121  -8.205 0.1000000015
490  2.379  -76.850  -8.013 0.2000000030
488  3.926  -75.653  -8.886 0.3000000119
499  3.539  -76.098  -10.031 0.5000000000
596  -10.552  -76.041  -24.983 0.3000000119
3238  0.115  -68.218  -26.178 0.4000000060
134359  0.003  -67.681  -26.789 0.3000000119
734  4.486  -74.429  -8.256 0.2000000030
122712  4.905  -74.376  -8.865 0.3000000119
398  -11.170  -77.097  -24.658 0.3000000119
399  -12.047  -77.207  -24.158 0.3000000119
119119  -11.343  -77.090  -25.898 0.3000000119
654  -11.198  -75.632  -30.889 0.5000000000
123723  3.015  -66.663  -25.913 0.3000000119
3640  2.156  -66.900  -26.403 0.3000000119
3641  0.974  -67.486  -26.509 0.3000000119
3642  0.397  -66.973  -27.227 0.3000000119
3647  -0.525  -67.475  -27.378 0.4000000060
979  4.069  -73.892  -7.460 0.1000000015
991  4.428  -73.863  -7.714 0.1000000015
417  -11.976  -76.979  -25.828 0.3000000119
617  -12.333  -76.302  -26.412 0.3000000119
879  -12.049  -75.658  -28.875 0.5000000000
3628  3.565  -66.860  -25.262 0.3000000119
4075  2.831  -65.989  -26.301 0.3000000119
4566  2.573  -65.098  -26.631 0.3000000119
630  -11.766  -76.439  -27.232 0.3000000119
4060  4.129  -66.111  -24.888 0.3000000119
4071  3.543  -66.025  -25.656 0.3000000119
130260  3.481  -64.651  -25.511 0.3000000119
4553  4.188  -65.425  -24.448 0.3000000119
4059  4.355  -66.140  -24.093 0.3000000119
116190  4.412  -60.600  -6.226 0.2000000030
4482  5.805  -65.674  -18.449 0.2000000030
7138  3.323  -60.530  -5.908 0.2000000030
130617  2.380  -60.473  -5.105 0.2000000030
4000  5.607  -67.194  -18.281 0.2000000030
4005  5.373  -66.232  -18.754 0.2000000030
3999  6.013  -66.506  -18.017 0.2000000030
4495  5.438  -65.260  -19.147 0.2000000030
120879  4.170  -60.280  -5.522 0.2000000030
7797  3.353  -60.177  -4.786 0.2000000030
7139  1.465  -60.661  -5.159 0.2000000030
7785  4.979  -59.765  -4.167 0.1000000015
126991  2.847  -59.999  -3.821 0.1000000015
7798  2.223  -60.233  -4.189 0.1000000015
7787  1.985  -59.908  -3.276 0.1000000015
136605  1.338  -61.053  -5.663 0.3000000119
7775  1.960  -59.411  -2.480 0.1000000015
7799  0.708  -60.285  -4.445 0.2000000030
7788  1.163  -59.972  -3.721 0.2000000030
7789  0.079  -59.434  -3.747 0.3000000119
7777  0.625  -59.405  -3.351 0.2000000030
7800  -0.373  -59.913  -4.515 0.3000000119
7790  -0.752  -58.995  -4.149 0.2000000030
8360  1.905  -58.735  -1.885 0.1000000015
8361  1.252  -57.963  -2.304 0.1000000015
8365  0.734  -58.323  -2.744 0.1000000015
9641  1.971  -56.582  -1.985 0.1000000015
9003  -0.743  -57.447  -4.359 0.3000000119
8372  -0.454  -58.226  -3.757 0.2000000030
125480  -0.002  -56.894  -4.221 0.4000000060
8997  0.724  -57.429  -2.810 0.1000000015
9646  2.770  -55.403  -1.870 0.1000000015
8995  1.596  -55.972  -2.968 0.2000000030
9647  2.023  -56.155  -2.396 0.1000000015
9002  0.607  -56.734  -3.456 0.3000000119
10272  1.588  -55.265  -4.016 0.4000000060
9651  1.494  -55.585  -4.209 0.3000000119
13232  2.041  -51.705  -21.527 0.1000000015
14777  1.074  -50.056  -20.197 0.1000000015
12491  3.343  -52.833  -21.303 0.1000000015
11778  3.232  -53.371  -21.843 0.1000000015
15530  0.717  -49.534  -19.806 0.2000000030
17978  -0.196  -45.429  -17.628 0.1000000015
16325  -0.106  -46.935  -19.018 0.1000000015
16324  0.448  -47.455  -18.574 0.2000000030
15519  0.144  -48.373  -19.591 0.1000000015
15532  -0.360  -48.643  -20.198 0.1000000015
15531  0.220  -49.083  -20.062 0.1000000015
17961  0.183  -45.154  -16.688 0.2000000030
18863  0.483  -43.818  -15.475 0.2000000030
17979  -0.706  -45.203  -17.976 0.1000000015
19640  1.177  -42.583  -9.078 0.2000000030
19628  0.697  -42.711  -7.885 0.2000000030
19641  -0.007  -42.664  -8.611 0.2000000030
26410  -18.750  -35.786  -5.814 0.2000000030
27294  -18.552  -35.051  -5.790 0.1000000015
27306  -18.741  -34.392  -6.875 0.1000000015
28203  -18.421  -33.699  -6.303 0.1000000015
28212  -18.538  -33.639  -7.331 0.1000000015
28214  -18.608  -33.604  -8.345 0.1000000015
27332  -18.732  -34.291  -9.825 0.1000000015
29074  -18.274  -32.889  -7.855 0.1000000015
29971  -18.436  -31.608  -11.487 0.1000000015
29098  -18.579  -32.259  -10.548 0.1000000015
29087  -18.557  -32.861  -9.746 0.1000000015
29112  -18.260  -32.476  -11.536 0.1000000015
28243  -18.264  -33.805  -11.138 0.1000000015
28230  -18.595  -33.452  -10.408 0.1000000015
29078  -18.003  -32.203  -8.343 0.1000000015
28239  -14.889  -33.924  -11.905 0.3000000119
28240  -15.936  -33.875  -11.810 0.3000000119
29111  -17.439  -32.744  -11.893 0.2000000030
28257  -15.329  -33.189  -12.121 0.2000000030
29110  -16.400  -32.984  -12.035 0.3000000119
119674  -17.720  -31.971  -12.006 0.1000000015
29127  -15.854  -32.284  -12.404 0.2000000030
9001  1.207  -56.103  -3.805 0.3000000119
9650  1.663  -55.531  -3.318 0.2000000030
17962  -0.486  -44.802  -17.175 0.2000000030
15518  0.838  -48.968  -19.185 0.1000000015
17120  0.448  -45.948  -17.235 0.2000000030
139937  0.564  -45.240  -16.099 0.2000000030
18862  1.146  -44.440  -15.345 0.3000000119
118958  0.789  -42.325  -9.857 0.3000000119
144  -1.051  -79.169  -11.935 0.4000000060
303  2.314  -77.353  -10.119 0.3000000119
295  2.897  -76.759  -9.606 0.4000000060
302  2.855  -76.557  -10.695 0.4000000060
27318  -18.774  -34.321  -7.808 0.2000000030
133970  -16.729  -34.199  -11.595 0.3000000119
29126  -14.505  -32.655  -12.480 0.2000000030
135789  -18.640  -34.486  -6.146 0.1000000015
28219  -18.650  -33.563  -9.372 0.1000000015
28242  -17.963  -33.265  -11.569 0.3000000119
1256  3.795  -72.744  -6.029 0.2000000030
135557  1.892  -77.968  -8.609 0.2000000030
282  1.850  -77.279  -7.644 0.2000000030
489  3.385  -76.166  -9.074 0.3000000119
478  2.984  -76.009  -8.255 0.2000000030
386  -11.341  -77.095  -23.876 0.3000000119
118994  5.369  -60.504  -5.234 0.1000000015
18880  -0.127  -44.350  -16.285 0.2000000030
29068  -18.157  -32.928  -6.853 0.1000000015
29079  -18.431  -32.868  -8.849 0.1000000015
29958  -18.525  -31.146  -10.652 0.1000000015
29113  -18.464  -33.039  -11.120 0.1000000015
29945  -18.343  -32.177  -9.337 0.1000000015
28241  -17.026  -33.509  -11.749 0.3000000119
29944  -17.732  -31.566  -8.813 0.1000000015
136143  -16.887  -32.315  -12.179 0.2000000030
29983  -16.894  -31.613  -12.370 0.1000000015
872  -14.781  -75.445  -27.609 0.3000000119
1166  -14.923  -74.952  -28.497 0.3000000119
1157  -12.541  -74.886  -28.275 0.3000000119
894  -11.789  -75.395  -30.462 0.4000000060
1173  -12.417  -74.811  -29.190 0.3000000119
1158  -13.362  -74.525  -27.852 0.3000000119
870  -12.740  -75.062  -27.378 0.3000000119
1164  -13.168  -74.221  -28.686 0.3000000119
902  -12.117  -74.822  -30.756 0.3000000119
1195  -12.197  -74.439  -31.345 0.4000000060
124768  -15.393  -75.883  -27.294 0.3000000119
880  -15.627  -75.553  -27.962 0.3000000119
1165  -13.993  -74.368  -28.368 0.3000000119
1475  -11.203  -72.666  -32.704 0.4000000060
1476  -11.779  -72.699  -32.598 0.4000000060
1743  -12.037  -72.189  -32.584 0.3000000119
1175  -14.196  -74.086  -29.182 0.3000000119
1174  -12.946  -74.047  -29.585 0.3000000119
1467  -11.336  -73.286  -32.579 0.4000000060
1468  -12.011  -73.288  -32.392 0.4000000060
135179  -13.391  -73.463  -30.806 0.3000000119
1457  -12.691  -73.163  -32.037 0.3000000119
1744  -12.569  -71.909  -32.496 0.3000000119
2862  -9.521  -70.456  -32.523 0.4000000060
124833  -9.815  -69.860  -32.269 0.3000000119
2863  -10.196  -70.431  -32.516 0.3000000119
2404  -10.445  -70.982  -32.677 0.4000000060
128197  -11.521  -71.260  -32.553 0.3000000119
3256  -2.435  -68.596  -28.448 0.4000000060
873  -16.137  -75.863  -27.298 0.2000000030
4607  -6.789  -66.921  -30.044 0.2000000030
4129  -7.271  -67.625  -30.177 0.1000000015
127681  -7.671  -68.239  -30.592 0.3000000119
3285  -7.688  -68.884  -31.146 0.3000000119
115660  -7.932  -67.860  -30.474 0.1000000015
3686  -8.571  -68.235  -30.815 0.1000000015
1731  -12.480  -72.552  -32.440 0.3000000119
28237  -5.721  -33.134  -11.245 0.2000000030
28236  -4.804  -33.014  -10.890 0.2000000030
1746  -10.684  -71.826  -32.748 0.4000000060
2403  -9.853  -71.015  -32.713 0.4000000060
3656  -2.235  -68.049  -28.263 0.3000000119
3662  -2.843  -67.972  -28.658 0.4000000060
29108  -5.396  -32.354  -11.023 0.2000000030
145  -1.314  -78.488  -11.383 0.2000000030
309  -1.695  -77.446  -11.779 0.2000000030
310  -2.093  -76.277  -12.052 0.2000000030
769  -2.451  -75.204  -11.746 0.2000000030
42  -1.372  -78.914  -12.909 0.2000000030
314  -2.102  -77.309  -12.713 0.2000000030
132975  -2.594  -75.360  -12.435 0.2000000030
1046  -4.042  -74.027  -13.227 0.2000000030
534  -2.693  -76.986  -14.161 0.2000000030
774  -3.080  -74.997  -13.125 0.2000000030
527  -3.309  -75.757  -14.536 0.2000000030
326  -2.573  -77.936  -14.891 0.2000000030
786  -4.156  -75.073  -14.916 0.2000000030
787  -4.903  -74.925  -14.734 0.2000000030
191  -2.241  -78.432  -16.493 0.3000000119
538  -3.368  -76.490  -16.069 0.2000000030
136339  -4.451  -75.720  -16.026 0.2000000030
544  -4.609  -76.148  -16.432 0.2000000030
126248  -5.451  -76.034  -15.889 0.2000000030
329  -6.310  -77.379  -15.484 0.2000000030
173  -6.609  -78.387  -14.759 0.1000000015
341  -5.859  -77.066  -16.750 0.2000000030
137249  -4.301  -74.240  -13.785 0.2000000030
182  -7.121  -78.233  -15.873 0.2000000030
52  -7.460  -78.887  -13.658 0.1000000015
342  -6.488  -77.457  -16.398 0.2000000030
174  -7.414  -78.781  -14.975 0.1000000015
193  -7.061  -78.011  -16.779 0.2000000030
53  -8.212  -78.793  -13.124 0.1000000015
46  -8.136  -78.757  -12.376 0.1000000015
194  -7.842  -78.466  -16.746 0.2000000030
175  -8.390  -78.877  -14.896 0.1000000015
121765  -9.425  -78.621  -14.367 0.1000000015
205  -7.991  -78.359  -17.724 0.2000000030
32  -9.305  -78.206  -11.088 0.1000000015
39  -8.702  -78.526  -11.762 0.1000000015
195  -8.688  -78.726  -16.348 0.2000000030
184  -8.751  -78.805  -15.624 0.1000000015
54  -9.167  -78.585  -13.386 0.1000000015
119201  -10.072  -78.506  -15.187 0.1000000015
196  -10.153  -78.457  -16.622 0.1000000015
139  -9.613  -77.854  -10.617 0.1000000015
156  -9.828  -78.273  -12.763 0.1000000015
207  -9.434  -78.170  -18.001 0.2000000030
132837  -9.372  -78.631  -16.843 0.2000000030
219  -9.582  -77.796  -18.550 0.2000000030
208  -10.203  -78.031  -17.966 0.2000000030
561  -7.100  -76.983  -20.021 0.2000000030
350  -10.965  -77.704  -17.804 0.2000000030
176  -10.476  -78.178  -14.407 0.1000000015
197  -10.882  -78.083  -16.349 0.1000000015
134880  -7.861  -77.467  -19.680 0.2000000030
353  -10.359  -77.575  -18.466 0.2000000030
120236  -10.990  -78.002  -15.319 0.1000000015
168  -10.827  -77.470  -14.051 0.1000000015
557  -9.562  -76.945  -19.334 0.2000000030
360  -10.379  -77.078  -19.072 0.2000000030
825  -8.064  -75.446  -20.085 0.3000000119
556  -8.912  -76.163  -19.683 0.2000000030
317  -10.660  -77.386  -12.560 0.1000000015
343  -11.447  -77.265  -16.413 0.1000000015
132669  -11.999  -76.772  -18.018 0.1000000015
351  -11.603  -77.225  -17.574 0.2000000030
361  -11.098  -76.401  -19.238 0.2000000030
814  -9.552  -75.253  -19.751 0.3000000119
1408  -8.843  -73.753  -21.282 0.3000000119
330  -11.066  -77.423  -14.790 0.1000000015
323  -10.961  -77.291  -13.943 0.1000000015
344  -11.814  -76.987  -16.624 0.1000000015
4085  -0.191  -66.442  -27.932 0.3000000119
3654  -1.175  -67.205  -28.046 0.3000000119
125716  -1.895  -67.398  -28.392 0.3000000119
20354  -13.095  -42.493  -0.560 0.1000000015
22820  -13.428  -39.433  -3.781 0.1000000015
137535  -13.646  -40.423  -4.902 0.1000000015
23723  -13.946  -38.963  -6.700 0.1000000015
334  -2.757  -77.576  -16.044 0.2000000030
545  -5.298  -76.379  -16.445 0.2000000030
206  -8.709  -78.268  -17.935 0.2000000030
562  -7.937  -76.631  -19.892 0.2000000030
1124  -8.679  -74.154  -22.042 0.3000000119
125889  -8.336  -74.490  -21.093 0.3000000119
124686  -13.550  -40.199  -4.264 0.1000000015
22845  -13.145  -39.434  -5.883 0.1000000015
152  -1.962  -78.349  -13.202 0.2000000030
321  -2.334  -77.573  -13.477 0.2000000030
135042  -2.472  -76.771  -13.380 0.2000000030
1045  -3.254  -74.338  -12.297 0.2000000030
526  -2.886  -75.863  -13.700 0.2000000030
327  -3.138  -76.583  -15.213 0.2000000030
136821  -3.590  -75.688  -15.122 0.2000000030
801  -5.039  -75.703  -16.007 0.2000000030
183  -8.013  -78.765  -15.755 0.2000000030
186  -10.378  -78.378  -15.889 0.1000000015
129741  -10.073  -76.267  -19.525 0.2000000030
815  -10.683  -75.467  -19.625 0.2000000030
1117  -8.554  -74.369  -20.385 0.3000000119
131958  -13.304  -39.503  -4.588 0.1000000015
19  -0.156  -79.207  -10.103 0.2000000030
129519  -0.879  -79.143  -11.011 0.2000000030
130  -0.855  -78.462  -9.707 0.2000000030
129  -0.154  -78.902  -9.318 0.2000000030
297  -0.634  -78.234  -8.894 0.2000000030
120  0.547  -78.591  -8.488 0.2000000030
1532  3.994  -72.663  -5.216 0.1000000015
3655  -1.726  -67.908  -27.953 0.2000000030
4106  -2.875  -66.966  -29.139 0.2000000030
4095  -2.426  -67.506  -28.636 0.2000000030
122995  -4.189  -67.414  -29.510 0.2000000030
3672  -5.810  -67.661  -29.851 0.2000000030
4523  0.134  -66.591  -21.801 0.1000000015
4538  1.117  -66.502  -22.029 0.2000000030
120702  2.755  -65.533  -22.464 0.2000000030
4536  2.875  -64.731  -23.020 0.2000000030
127843  4.067  -64.967  -24.022 0.2000000030
5074  3.582  -64.501  -23.887 0.2000000030
5091  2.875  -64.277  -26.185 0.2000000030
5092  2.166  -64.170  -26.970 0.2000000030
4567  1.783  -65.073  -27.174 0.2000000030
4084  0.682  -66.112  -27.488 0.2000000030
4577  0.953  -65.223  -27.560 0.2000000030
4093  -0.982  -66.167  -28.486 0.2000000030
4586  -0.395  -65.414  -28.249 0.2000000030
122024  -1.639  -65.958  -28.992 0.1000000015
116590  -3.159  -65.971  -29.472 0.1000000015
4592  -3.413  -65.289  -29.334 0.1000000015
4107  -3.691  -66.709  -29.522 0.1000000015
4118  -4.943  -66.959  -29.884 0.2000000030
131538  -6.937  -66.633  -29.963 0.1000000015
114731  -7.447  -67.209  -30.146 0.1000000015
5081  3.149  -64.023  -24.541 0.2000000030
4534  4.041  -65.835  -23.187 0.2000000030
9876  3.562  -56.739  -23.779 0.1000000015
9864  3.152  -55.982  -23.310 0.1000000015
9219  4.315  -57.218  -23.108 0.1000000015
9233  4.554  -58.221  -23.743 0.1000000015
9234  3.901  -57.660  -24.271 0.1000000015
9863  3.850  -56.283  -22.860 0.1000000015
9862  4.339  -56.547  -22.305 0.1000000015
8606  4.652  -59.082  -24.101 0.1000000015
8607  4.063  -58.609  -24.603 0.1000000015
8624  4.082  -59.388  -24.574 0.1000000015
19674  0.035  -42.320  -10.507 0.1000000015
137041  0.424  -42.256  -11.334 0.1000000015
19701  -0.499  -42.680  -12.512 0.1000000015
131830  -0.384  -42.447  -11.087 0.1000000015
19675  -1.146  -42.867  -10.178 0.1000000015
19692  -1.422  -43.051  -11.317 0.1000000015
19702  -1.533  -43.323  -12.347 0.1000000015
19642  -1.156  -42.689  -8.599 0.1000000015
19676  -2.212  -43.364  -10.064 0.1000000015
18801  -2.399  -43.896  -11.769 0.1000000015
19655  -0.643  -42.702  -9.361 0.1000000015
19693  -2.746  -43.758  -10.772 0.1000000015
18813  -2.180  -43.973  -12.907 0.1000000015
19629  -0.399  -42.466  -7.800 0.1000000015
13724  3.415  -49.810  1.811 0.1000000015
14479  2.941  -49.182  3.525 0.1000000015
14478  3.773  -49.225  2.916 0.1000000015
15239  3.908  -48.720  3.455 0.1000000015
16042  4.077  -47.417  3.615 0.1000000015
14492  4.243  -48.720  2.572 0.1000000015
16056  4.150  -47.392  2.783 0.1000000015
16886  3.883  -46.734  3.229 0.1000000015
133732  -15.110  -31.825  -12.754 0.1000000015
27344  -3.566  -34.326  -10.614 0.1000000015
29981  -14.282  -31.737  -12.960 0.1000000015
27350  -4.571  -34.463  -10.853 0.1000000015
29124  -12.770  -31.954  -13.066 0.1000000015
29980  -13.439  -31.430  -13.255 0.1000000015
30881  -14.429  -30.449  -13.462 0.1000000015
127027  -5.140  -33.824  -11.068 0.1000000015
119661  -13.744  -30.147  -13.790 0.1000000015
31815  -14.499  -29.610  -13.681 0.1000000015
29992  -12.665  -31.365  -13.428 0.1000000015
115932  -12.999  -30.702  -13.754 0.1000000015
29993  -13.746  -30.786  -13.521 0.1000000015
129109  -4.128  -33.639  -10.742 0.1000000015
138025  -11.496  -31.469  -13.474 0.1000000015
28229  -3.796  -32.779  -10.717 0.1000000015
29107  -4.575  -32.308  -10.782 0.1000000015
29109  -6.225  -32.399  -11.327 0.1000000015
31813  -13.072  -29.848  -14.161 0.1000000015
31814  -13.770  -29.375  -14.056 0.1000000015
30880  -12.030  -30.983  -13.779 0.1000000015
30894  -12.317  -30.214  -14.224 0.1000000015
123391  -10.255  -30.872  -13.832 0.1000000015
30893  -11.504  -30.351  -14.279 0.1000000015
31823  -11.813  -29.767  -14.566 0.1000000015
139458  -4.395  -30.293  -10.713 0.1000000015
29969  -5.971  -30.948  -11.059 0.1000000015
30878  -8.666  -30.714  -13.530 0.1000000015
30890  -8.933  -30.140  -14.096 0.1000000015
117617  -12.850  -27.958  -14.859 0.1000000015
32753  -11.694  -29.006  -14.945 0.1000000015
31825  -13.155  -29.062  -14.391 0.1000000015
31790  -4.403  -29.690  -10.742 0.1000000015
30860  -5.974  -29.950  -11.080 0.1000000015
31822  -9.304  -29.535  -14.588 0.1000000015
122184  -11.088  -29.719  -14.704 0.1000000015
30891  -9.775  -30.241  -14.271 0.1000000015
31800  -5.838  -29.099  -11.207 0.1000000015
133926  -9.736  -28.979  -15.087 0.1000000015
32742  -7.287  -28.473  -13.687 0.1000000015
128980  -1.450  -43.622  -14.140 0.1000000015
3663  -3.598  -67.842  -29.069 0.3000000119
29135  -10.754  -32.286  -12.965 0.1000000015
123087  -12.109  -31.707  -13.305 0.1000000015
29991  -10.729  -31.582  -13.369 0.1000000015
134504  -9.100  -31.374  -13.377 0.1000000015
125591  -11.111  -30.936  -13.848 0.1000000015
127200  -5.891  -31.762  -11.097 0.1000000015
31821  -8.486  -29.363  -14.208 0.1000000015
4076  2.041  -65.930  -26.840 0.2000000030
5080  3.777  -64.625  -24.710 0.2000000030
5086  3.153  -64.064  -25.355 0.2000000030
125191  -5.355  -66.278  -29.940 0.1000000015
4578  0.281  -65.554  -27.893 0.1000000015
5614  2.602  -63.616  -25.943 0.2000000030
5097  0.304  -64.534  -28.009 0.1000000015
135435  -2.765  -65.384  -29.265 0.1000000015
127806  -4.626  -65.997  -30.018 0.1000000015
4600  -4.907  -65.926  -29.717 0.1000000015
29982  -15.959  -31.339  -12.707 0.1000000015
29968  -5.041  -31.500  -10.815 0.1000000015
139277  -13.778  -28.708  -14.262 0.1000000015
32756  -14.232  -27.945  -14.283 0.1000000015
30892  -10.649  -30.324  -14.318 0.1000000015
30879  -9.416  -30.792  -13.784 0.1000000015
30854  -5.150  -30.356  -10.765 0.1000000015
125744  -10.193  -29.671  -14.738 0.1000000015
1074  -10.893  -74.261  -16.199 0.1000000015
1084  -12.042  -73.859  -17.274 0.1000000015
123427  -13.181  -72.491  -16.872 0.1000000015
1378  -12.497  -73.068  -17.596 0.1000000015
1092  -12.392  -74.371  -17.891 0.1000000015
2864  -10.839  -70.525  -32.476 0.1000000015
116967  -11.612  -69.999  -32.110 0.1000000015
2845  -12.147  -69.992  -31.681 0.1000000015
2835  -11.851  -69.882  -30.966 0.1000000015
1379  -13.347  -72.104  -17.681 0.2000000030
124142  -12.416  -72.795  -16.874 0.1000000015
1641  -12.992  -71.742  -18.626 0.2000000030
1388  -12.506  -72.730  -18.329 0.2000000030
120135  -11.776  -70.355  -32.300 0.1000000015
2064  -12.553  -71.375  -32.474 0.2000000030
2397  -13.242  -71.028  -32.313 0.1000000015
2055  -13.458  -71.653  -32.312 0.2000000030
2398  -14.238  -71.205  -32.054 0.1000000015
2847  -14.394  -70.592  -31.499 0.1000000015
2822  -13.289  -70.275  -30.020 0.1000000015
1642  -14.022  -71.549  -18.468 0.2000000030
1976  -13.426  -71.040  -19.761 0.2000000030
1989  -13.580  -71.338  -20.447 0.2000000030
1988  -12.672  -70.850  -20.260 0.2000000030
1995  -12.672  -71.024  -20.861 0.2000000030
1458  -13.630  -72.969  -31.378 0.2000000030
1469  -13.322  -72.492  -32.086 0.2000000030
1733  -14.758  -72.131  -31.809 0.1000000015
2399  -15.259  -71.282  -31.756 0.1000000015
2823  -14.289  -70.289  -30.031 0.1000000015
133286  -14.993  -70.347  -30.483 0.1000000015
1405  -14.591  -73.199  -20.605 0.2000000030
120636  -11.271  -74.612  -19.527 0.2000000030
133877  -12.134  -74.702  -18.954 0.2000000030
1099  -12.397  -74.027  -18.340 0.2000000030
1119  -14.419  -74.222  -20.907 0.1000000015
1108  -10.136  -74.433  -19.787 0.2000000030
124033  -10.701  -73.531  -19.751 0.2000000030
1395  -11.183  -72.510  -19.678 0.2000000030
1109  -11.712  -73.620  -19.337 0.2000000030
1652  -12.454  -71.291  -19.384 0.2000000030
1680  -13.231  -71.764  -21.246 0.2000000030
1126  -13.798  -74.666  -21.315 0.2000000030
836  -14.581  -76.043  -21.135 0.1000000015
1412  -13.770  -73.145  -21.337 0.2000000030
569  -14.870  -76.101  -21.267 0.1000000015
116175  -15.113  -76.246  -21.801 0.1000000015
581  -15.374  -76.140  -22.613 0.1000000015
1185  -14.892  -73.916  -30.043 0.2000000030
1449  -14.341  -73.342  -30.662 0.2000000030
1470  -14.310  -72.425  -31.672 0.2000000030
1460  -15.766  -72.908  -31.114 0.1000000015
1734  -15.363  -72.035  -31.719 0.1000000015
2390  -15.663  -70.920  -31.501 0.1000000015
826  -14.671  -75.424  -20.846 0.1000000015
570  -15.497  -75.821  -21.159 0.1000000015
1118  -9.198  -73.693  -20.277 0.2000000030
1404  -10.292  -72.521  -20.096 0.2000000030
1666  -11.230  -71.206  -20.452 0.2000000030
1411  -12.693  -72.452  -21.813 0.2000000030
1987  -11.773  -70.936  -20.773 0.2000000030
599  -15.332  -76.200  -24.330 0.1000000015
600  -16.033  -75.810  -24.664 0.1000000015
857  -16.362  -75.827  -25.416 0.1000000015
631  -12.365  -75.800  -27.092 0.2000000030
1186  -15.836  -74.026  -30.060 0.1000000015
1450  -15.386  -73.467  -30.642 0.1000000015
563  -15.082  -75.816  -20.892 0.1000000015
1665  -10.371  -71.679  -20.740 0.2000000030
1650  -10.841  -71.736  -20.125 0.2000000030
1986  -10.919  -71.165  -21.000 0.2000000030
571  -15.739  -75.898  -21.909 0.1000000015
1664  -9.845  -71.975  -21.331 0.2000000030
1679  -12.152  -71.358  -21.408 0.2000000030
582  -15.773  -75.728  -22.736 0.1000000015
1409  -9.408  -72.766  -21.555 0.2000000030
1685  -9.935  -72.003  -22.109 0.2000000030
129251  -10.132  -72.503  -22.790 0.2000000030
1142  -17.069  -74.688  -24.855 0.1000000015
1419  -10.196  -73.153  -23.563 0.2000000030
1136  -10.353  -73.971  -24.308 0.2000000030
576  -11.135  -76.340  -23.153 0.2000000030
122143  -14.045  -76.354  -21.523 0.2000000030
378  -13.813  -76.884  -22.488 0.2000000030
385  -10.915  -76.933  -24.415 0.2000000030
409  -12.412  -77.027  -25.106 0.2000000030
868  -17.454  -75.372  -26.484 0.1000000015
618  -13.152  -76.019  -25.982 0.2000000030
134379  -13.699  -75.733  -26.441 0.2000000030
865  -14.668  -75.928  -26.726 0.2000000030
867  -16.559  -75.853  -26.357 0.1000000015
1176  -15.405  -74.534  -29.369 0.2000000030
1177  -16.329  -74.477  -29.376 0.1000000015
1451  -16.185  -73.351  -30.535 0.1000000015
1461  -16.495  -72.701  -30.870 0.1000000015
1726  -16.034  -72.244  -31.407 0.1000000015
1678  -11.158  -71.329  -21.487 0.2000000030
120186  -16.339  -75.031  -24.164 0.1000000015
1410  -11.627  -71.937  -22.059 0.2000000030
835  -13.867  -75.843  -21.327 0.2000000030
591  -15.701  -75.851  -23.639 0.1000000015
850  -16.809  -75.162  -24.917 0.1000000015
1686  -10.637  -71.920  -22.276 0.2000000030
1416  -11.298  -72.551  -22.566 0.2000000030
842  -12.235  -74.426  -22.223 0.2000000030
1130  -10.914  -73.760  -23.349 0.2000000030
841  -11.566  -74.806  -22.663 0.3000000119
136563  -11.551  -76.008  -22.507 0.2000000030
567  -12.116  -76.483  -22.076 0.2000000030
387  -12.500  -77.118  -23.252 0.2000000030
590  -15.000  -76.390  -23.376 0.1000000015
138868  -11.857  -77.125  -23.393 0.2000000030
400  -13.042  -76.988  -24.490 0.2000000030
607  -13.222  -76.539  -25.280 0.2000000030
597  -13.912  -76.604  -24.738 0.2000000030
609  -15.666  -76.157  -25.223 0.1000000015
876  -18.230  -75.014  -26.676 0.1000000015
619  -14.124  -76.172  -25.704 0.2000000030
620  -15.216  -76.256  -25.884 0.2000000030
621  -15.938  -76.143  -25.917 0.1000000015
874  -16.932  -75.543  -27.248 0.1000000015
1167  -15.969  -75.154  -28.754 0.1000000015
1132  -12.100  -73.104  -22.307 0.2000000030
1125  -12.970  -73.849  -21.830 0.2000000030
123457  -12.998  -75.214  -21.699 0.2000000030
858  -17.084  -75.364  -25.532 0.1000000015
1148  -17.620  -74.852  -25.273 0.1000000015
1149  -18.425  -74.484  -25.449 0.1000000015
568  -12.973  -76.329  -21.745 0.2000000030
389  -14.199  -76.834  -23.222 0.2000000030
130347  -18.714  -74.628  -26.097 0.1000000015
598  -14.535  -76.588  -24.083 0.2000000030
608  -14.854  -76.410  -25.003 0.2000000030
5042  5.240  -64.744  -19.917 0.1000000015
5057  4.708  -64.202  -21.079 0.1000000015
5578  5.437  -63.529  -20.754 0.1000000015
123450  5.330  -63.179  -21.531 0.1000000015
126856  -17.842  -37.188  -5.331 0.1000000015
24577  -18.304  -37.035  -5.439 0.1000000015
25466  -17.839  -36.387  -5.326 0.1000000015
1414  -9.249  -73.270  -22.329 0.2000000030
24576  -17.418  -37.747  -5.402 0.1000000015
25467  -18.502  -36.433  -5.571 0.1000000015
846  -10.726  -75.439  -24.193 0.2000000030
1184  -13.726  -73.647  -30.081 0.2000000030
1402  -9.100  -73.472  -20.744 0.2000000030
1110  -12.214  -73.581  -18.852 0.2000000030
1394  -9.742  -73.509  -20.022 0.2000000030
1651  -11.587  -71.493  -19.777 0.2000000030
840  -11.036  -75.039  -23.362 0.2000000030
859  -18.015  -75.036  -25.839 0.1000000015
875  -17.679  -75.162  -27.343 0.1000000015
1131  -11.492  -73.566  -22.724 0.2000000030
834  -12.156  -75.690  -22.013 0.2000000030
401  -13.679  -76.962  -23.900 0.2000000030
4025  3.553  -66.796  -22.165 0.1000000015
4535  3.500  -65.563  -22.823 0.1000000015
4040  3.757  -66.304  -22.685 0.1000000015
4026  2.870  -66.927  -21.759 0.1000000015
4042  2.212  -66.248  -22.118 0.1000000015
3587  3.519  -67.711  -21.558 0.1000000015
3581  2.956  -68.620  -20.396 0.1000000015
4027  1.636  -67.295  -21.787 0.1000000015
3588  2.311  -68.008  -21.267 0.1000000015
4537  1.771  -65.388  -22.341 0.1000000015
5076  2.118  -64.040  -23.400 0.1000000015
5068  1.799  -64.517  -22.741 0.1000000015
3589  1.074  -68.290  -21.378 0.1000000015
5602  2.399  -63.629  -24.207 0.1000000015
134400  2.056  -69.028  -20.009 0.1000000015
3163  3.860  -68.661  -19.171 0.1000000015
19735  0.762  -43.252  -14.897 0.1000000015
18864  -0.316  -43.740  -15.878 0.1000000015
19736  0.082  -43.262  -15.245 0.1000000015
19719  0.398  -42.957  -14.544 0.1000000015
18865  -1.016  -43.848  -16.016 0.1000000015
18881  -0.738  -44.226  -16.639 0.1000000015
18882  -1.429  -44.482  -16.585 0.1000000015
19712  -0.305  -42.896  -13.993 0.1000000015
19720  -0.494  -43.167  -14.857 0.1000000015
18835  -1.265  -43.662  -15.267 0.1000000015
121330  -0.049  -42.609  -13.283 0.1000000015
5615  2.213  -63.422  -26.642 0.1000000015
719  -0.968  -74.972  -6.256 0.1000000015
470  -0.628  -75.916  -6.605 0.1000000015
480  -0.269  -76.799  -6.959 0.1000000015
285  0.108  -77.584  -7.364 0.1000000015
114  0.405  -78.217  -7.854 0.1000000015
128636  -5.160  -74.319  -5.890 0.1000000015
997  -5.218  -73.701  -7.381 0.1000000015
118184  -5.280  -74.067  -8.170 0.1000000015
1005  -5.107  -73.671  -8.975 0.1000000015
986  -5.007  -73.405  -6.468 0.1000000015
1284  -4.815  -73.240  -8.186 0.1000000015
1293  -4.520  -73.282  -9.085 0.1000000015
1012  -4.791  -73.615  -9.811 0.1000000015
138530  -4.959  -73.762  -11.238 0.1000000015
770  -5.231  -74.534  -11.435 0.1000000015
124112  -4.754  -73.108  -7.306 0.1000000015
1301  -3.779  -73.277  -9.105 0.1000000015
1036  -5.029  -73.778  -12.106 0.1000000015
1302  -4.170  -73.311  -9.929 0.1000000015
1025  -3.766  -73.613  -10.824 0.1000000015
117560  -4.319  -73.660  -12.309 0.1000000015
1064  -5.029  -74.451  -14.002 0.1000000015
292  -1.035  -77.319  -8.644 0.1000000015
125144  -5.222  -74.520  -6.595 0.1000000015
139103  -5.265  -74.894  -8.128 0.1000000015
1026  -5.092  -74.010  -10.535 0.1000000015
771  -5.289  -74.492  -12.442 0.1000000015
739  -5.226  -74.852  -8.794 0.1000000015
775  -5.393  -75.202  -13.047 0.1000000015
1011  -3.203  -73.847  -9.872 0.1000000015
1024  -2.905  -74.257  -10.640 0.1000000015
1034  -3.018  -74.299  -11.355 0.1000000015
762  -2.266  -75.182  -10.881 0.1000000015
535  -5.538  -75.901  -14.682 0.1000000015
718  -0.123  -75.515  -5.884 0.1000000015
469  0.259  -76.337  -6.336 0.1000000015
284  0.858  -77.753  -7.227 0.1000000015
124462  -14.024  -71.284  -19.261 0.1000000015
506  -1.766  -76.302  -10.769 0.1000000015
328  -5.849  -77.074  -14.666 0.1000000015
139093  -6.169  -77.807  -14.822 0.1000000015
120711  -1.512  -76.906  -10.077 0.1000000015
761  -1.874  -75.740  -10.000 0.1000000015
126374  -1.294  -77.817  -10.089 0.1000000015
985  -2.573  -73.497  -6.679 0.1000000015
298  -1.212  -77.591  -9.427 0.1000000015
277  1.091  -77.170  -6.854 0.1000000015
816  -11.675  -75.603  -19.205 0.1000000015
4870  5.159  -64.261  -5.136 0.1000000015
4337  5.078  -65.296  -5.248 0.1000000015
5409  5.700  -63.732  -5.688 0.1000000015
119805  5.075  -66.702  -5.654 0.1000000015
5968  5.938  -62.010  -5.349 0.1000000015
5408  6.087  -63.138  -6.278 0.1000000015
116610  6.100  -62.526  -6.929 0.1000000015
121056  5.809  -60.944  -5.319 0.1000000015
6539  5.868  -61.685  -6.664 0.1000000015
7162  5.419  -61.272  -7.173 0.1000000015
7136  5.520  -60.835  -5.716 0.1000000015
133806  2.292  -54.949  -2.478 0.1000000015
10884  1.676  -55.093  -3.604 0.1000000015
123060  1.038  -54.596  -2.268 0.1000000015
139047  0.874  -54.450  -2.925 0.1000000015
984  -1.438  -73.943  -5.949 0.1000000015
119482  -1.584  -75.534  -7.929 0.1000000015
737  -1.406  -76.241  -8.441 0.1000000015
1004  -2.772  -74.020  -8.735 0.1000000015
4876  5.569  -64.705  -5.839 0.1000000015
5413  6.169  -63.394  -7.105 0.1000000015
10867  0.422  -54.360  -1.670 0.1000000015
304  -1.483  -77.457  -10.849 0.1000000015
511  -1.769  -76.668  -11.369 0.1000000015
512  -2.008  -75.921  -11.371 0.1000000015
1048  -5.109  -74.106  -13.356 0.1000000015
788  -5.224  -75.076  -14.408 0.1000000015
995  -1.854  -74.350  -6.902 0.1000000015
1291  -3.524  -73.274  -8.239 0.1000000015
500  -1.479  -76.585  -9.309 0.1000000015
118039  -2.458  -74.734  -10.184 0.1000000015
750  -2.300  -74.830  -9.459 0.1000000015
749  -1.764  -75.707  -9.194 0.1000000015
26  -0.348  -79.289  -10.732 0.2000000030
33  0.003  -79.319  -11.330 0.6000000238
47  -8.962  -78.561  -12.551 0.1000000015
51  -6.592  -78.862  -13.437 0.1000000015
58  -7.669  -78.889  -14.353 0.1000000015
59  -8.374  -78.825  -13.973 0.1000000015
63  -1.854  -78.759  -15.951 0.6000000238
64  -1.175  -78.481  -16.022 0.6999999881
67  -1.372  -78.209  -18.006 0.8000000119
69  -2.235  -78.600  -17.909 0.6999999881
78  -2.027  -78.557  -19.401 0.8000000119
84  -3.393  -79.107  -20.081 0.8000000119
85  -4.122  -79.068  -20.158 0.4000000060
86  -4.778  -78.861  -20.125 0.4000000060
118  2.165  -77.428  -8.261 0.3000000119
119  1.282  -78.357  -8.552 0.2000000030
121  -0.371  -77.957  -8.094 0.2000000030
127  0.687  -78.819  -9.357 0.3000000119
128  0.188  -79.119  -9.836 0.3000000119
134  1.030  -78.657  -10.328 0.6999999881
135  -0.578  -79.041  -10.224 0.2000000030
136  -1.130  -78.528  -10.512 0.1000000015
140  -9.940  -77.846  -11.262 0.1000000015
150  1.103  -78.231  -12.724 0.6999999881
151  0.488  -78.524  -12.949 0.6999999881
158  -10.779  -77.477  -13.416 0.1000000015
159  1.423  -77.353  -13.040 1.0000000000
160  1.312  -77.791  -13.104 0.8000000119
165  -6.942  -78.842  -14.183 0.1000000015
166  -10.106  -78.253  -13.564 0.1000000015
167  -10.675  -77.776  -13.759 0.1000000015
171  -2.102  -78.721  -14.643 0.4000000060
177  -10.851  -77.734  -14.430 0.1000000015
180  -0.478  -78.339  -15.626 0.8000000119
185  -9.528  -78.683  -15.961 0.1000000015
187  -11.195  -77.601  -16.144 0.1000000015
188  1.021  -77.237  -16.710 0.8000000119
189  0.391  -77.626  -16.828 0.8999999762
190  -0.351  -78.038  -16.926 0.8000000119
209  -11.299  -77.630  -16.933 0.1000000015
211  -0.146  -77.204  -17.964 0.8999999762
213  -3.983  -78.992  -18.393 0.5000000000
215  -5.935  -78.661  -18.726 0.3000000119
216  -6.781  -78.386  -18.973 0.3000000119
226  -8.814  -77.593  -19.024 0.3000000119
227  -1.125  -77.631  -19.817 1.0000000000
230  -2.428  -78.556  -20.540 0.8000000119
235  -1.048  -77.901  -21.202 1.0000000000
242  -1.397  -78.059  -21.873 0.8999999762
246  -4.829  -77.726  -22.797 0.6000000238
252  -4.751  -78.075  -24.144 0.8000000119
276  1.500  -77.007  -7.189 0.2000000030
278  0.594  -77.087  -6.790 0.1000000015
283  1.327  -77.612  -7.350 0.1000000015
290  2.746  -76.818  -8.638 0.3000000119
291  1.640  -77.890  -7.938 0.2000000030
313  -1.589  -78.382  -12.306 0.2000000030
318  -10.929  -77.282  -13.288 0.1000000015
319  1.788  -76.161  -12.094 1.0000000000
333  1.283  -77.196  -15.821 0.8999999762
335  -5.754  -76.329  -15.410 0.1000000015
336  -11.230  -77.367  -15.725 0.1000000015
337  -11.501  -77.094  -16.113 0.1000000015
338  1.594  -76.790  -15.925 0.8999999762
340  -3.463  -76.892  -16.709 0.2000000030
352  -11.726  -77.183  -16.957 0.1000000015
354  -11.248  -77.108  -18.424 0.2000000030
355  -0.203  -76.493  -18.668 1.0000000000
356  -0.596  -77.046  -18.790 0.8999999762
359  -9.586  -77.474  -18.957 0.2000000030
362  -0.569  -76.675  -19.505 1.0000000000
363  -0.748  -77.003  -20.614 1.0000000000
367  -0.638  -76.861  -21.341 1.0000000000
376  -12.114  -77.067  -22.768 0.2000000030
377  -12.919  -77.022  -22.569 0.2000000030
379  -0.881  -76.761  -22.985 1.0000000000
380  -1.457  -77.315  -23.268 1.0000000000
388  -13.335  -77.066  -23.157 0.2000000030
390  -1.762  -76.942  -23.969 1.0000000000
392  -3.854  -77.866  -24.196 0.8999999762
393  -5.088  -77.925  -24.956 0.8999999762
397  -10.744  -76.837  -25.069 0.4000000060
403  -3.505  -76.929  -25.868 0.8999999762
407  -7.203  -77.177  -25.609 0.8000000119
408  -11.561  -77.157  -25.189 0.3000000119
410  -4.053  -77.002  -26.459 0.8999999762
416  -11.548  -76.875  -26.519 0.3000000119
481  -1.068  -76.192  -7.463 0.1000000015
491  -0.722  -77.064  -7.809 0.1000000015
498  4.108  -75.648  -9.480 0.3000000119
505  3.615  -75.879  -10.816 0.6000000238
509  3.683  -75.418  -11.459 0.8000000119
510  3.020  -76.003  -11.306 0.6999999881
519  -2.477  -76.086  -12.905 0.2000000030
523  3.269  -75.209  -12.191 0.8999999762
525  1.421  -76.607  -13.266 1.0000000000
528  -5.446  -75.574  -13.862 0.1000000015
537  1.639  -76.592  -15.355 0.8999999762
539  -5.937  -76.633  -16.110 0.2000000030
543  -3.954  -76.167  -16.336 0.2000000030
547  1.387  -76.386  -17.232 0.8999999762
548  -4.096  -76.578  -16.771 0.2000000030
549  -4.692  -76.714  -16.903 0.2000000030
550  -5.273  -76.945  -16.975 0.2000000030
552  0.409  -76.351  -18.329 0.8999999762
553  -11.884  -76.349  -18.638 0.1000000015
558  -0.590  -76.411  -20.007 1.0000000000
559  -5.212  -76.558  -21.623 0.6000000238
560  -6.292  -76.432  -20.478 0.2000000030
573  -0.814  -76.204  -22.622 1.0000000000
577  -11.760  -76.734  -22.559 0.2000000030
578  -12.498  -76.869  -22.180 0.2000000030
579  -13.417  -76.787  -21.972 0.2000000030
580  -14.659  -76.561  -22.510 0.2000000030
583  -1.076  -75.916  -23.074 1.0000000000
586  -7.746  -76.607  -23.775 0.6000000238
588  -10.963  -76.668  -23.870 0.3000000119
589  -11.432  -76.990  -23.162 0.2000000030
593  -1.554  -76.277  -24.048 1.0000000000
601  -1.918  -76.187  -24.595 0.8999999762
606  -12.636  -76.540  -25.711 0.2000000030
615  -9.733  -76.356  -27.065 0.5000000000
622  -3.727  -75.670  -27.078 1.0000000000
624  -5.389  -76.856  -27.497 0.8999999762
633  -5.192  -75.809  -28.513 1.0000000000
634  -5.770  -76.088  -28.645 1.0000000000
635  -6.583  -76.020  -28.726 1.0000000000
638  -9.841  -76.686  -28.783 0.6000000238
639  -10.529  -76.771  -28.756 0.6999999881
642  -5.360  -75.279  -28.752 1.0000000000
644  -6.552  -75.490  -29.163 1.0000000000
646  -8.503  -75.736  -29.255 1.0000000000
716  1.679  -76.319  -7.355 0.1000000015
724  4.218  -74.443  -7.956 0.1000000015
726  -1.385  -75.309  -7.138 0.1000000015
727  -2.033  -74.673  -7.864 0.1000000015
728  -5.215  -75.001  -7.444 0.1000000015
735  4.546  -75.068  -8.931 0.3000000119
736  4.127  -75.061  -8.395 0.2000000030
747  4.955  -74.678  -9.495 0.3000000119
751  -5.187  -74.298  -9.682 0.1000000015
759  4.635  -74.805  -10.961 0.8000000119
777  4.123  -74.617  -12.569 0.8999999762
778  -3.729  -74.778  -13.992 0.2000000030
779  -5.289  -74.703  -13.649 0.1000000015
783  2.528  -75.412  -12.405 1.0000000000
791  1.734  -76.248  -15.444 1.0000000000
793  -3.876  -75.717  -15.690 0.2000000030
794  -4.673  -75.364  -15.488 0.2000000030
795  -5.233  -75.530  -15.295 0.1000000015
804  1.197  -75.648  -17.629 1.0000000000
806  0.996  -76.157  -17.989 0.8999999762
809  -12.416  -75.167  -18.288 0.2000000030
811  0.245  -75.889  -18.910 0.8999999762
813  -8.734  -75.045  -19.886 0.3000000119
821  -0.421  -76.063  -20.098 1.0000000000
830  -0.683  -76.178  -21.377 1.0000000000
847  -15.968  -75.413  -23.421 0.1000000015
849  -8.621  -74.593  -25.521 0.5000000000
851  -1.766  -75.691  -23.994 1.0000000000
856  -9.805  -74.698  -25.894 0.6000000238
860  -3.209  -75.631  -26.200 1.0000000000
864  -12.945  -75.460  -26.607 0.3000000119
866  -15.687  -76.106  -26.601 0.2000000030
869  -4.100  -75.276  -27.515 1.0000000000
871  -13.744  -75.140  -27.138 0.2000000030
878  -11.599  -76.117  -29.252 0.6999999881
881  -16.482  -75.440  -28.012 0.1000000015
883  -5.600  -75.096  -29.111 1.0000000000
886  -11.949  -75.573  -29.692 0.5000000000
892  -9.628  -75.577  -30.972 0.6000000238
896  -7.153  -74.274  -30.618 0.8000000119
1010  5.064  -74.266  -9.523 0.6000000238
1033  4.829  -74.280  -11.085 0.8999999762
1035  -4.475  -73.505  -11.480 0.1000000015
1037  -5.180  -73.994  -12.807 0.1000000015
1040  4.750  -73.915  -11.787 0.8999999762
1042  2.121  -74.965  -12.084 1.0000000000
1044  1.099  -74.288  -11.737 1.0000000000
1047  -4.869  -73.758  -12.940 0.1000000015
1051  4.697  -73.552  -12.519 0.8999999762
1052  4.569  -73.908  -12.935 0.8999999762
1054  1.400  -75.089  -12.354 1.0000000000
1056  -4.574  -74.498  -14.180 0.2000000030
1057  -4.750  -74.064  -13.607 0.2000000030
1061  3.301  -74.591  -12.817 1.0000000000
1070  1.395  -75.556  -15.012 1.0000000000
1083  -11.523  -74.010  -16.729 0.1000000015
1098  -2.463  -74.052  -18.895 1.0000000000
1103  -0.529  -75.409  -19.150 1.0000000000
1107  -9.198  -74.340  -19.967 0.2000000030
1138  -8.956  -73.971  -25.349 0.5000000000
1156  -5.777  -74.102  -27.900 1.0000000000
1159  -14.184  -74.802  -27.853 0.3000000119
1172  -5.922  -74.221  -28.995 1.0000000000
1183  -12.288  -74.829  -30.073 0.3000000119
1190  -6.685  -73.465  -30.399 0.8000000119
1191  -7.487  -73.882  -31.280 0.8000000119
1193  -11.050  -74.675  -32.029 0.6000000238
1196  -12.730  -74.096  -30.589 0.3000000119
1199  -8.053  -73.436  -31.860 0.6999999881
1200  -8.760  -73.778  -32.117 0.6999999881
1201  -9.443  -74.186  -32.216 0.6000000238
1203  -11.515  -74.013  -32.249 0.5000000000
1204  -12.161  -73.943  -31.956 0.4000000060
1255  4.305  -72.672  -6.200 0.3000000119
1268  3.995  -73.258  -6.866 0.2000000030
1273  -4.333  -72.840  -6.676 0.1000000015
1289  4.853  -73.468  -8.290 0.5000000000
1292  -4.197  -73.033  -8.488 0.1000000015
1300  4.973  -73.466  -9.003 0.6000000238
1311  5.087  -74.049  -10.067 0.8999999762
1312  -4.605  -73.544  -10.648 0.1000000015
1321  1.121  -72.588  -11.185 1.0000000000
1327  4.788  -73.287  -12.158 0.8999999762
1328  2.217  -74.213  -12.045 1.0000000000
1335  4.617  -73.253  -13.131 1.0000000000
1356  0.563  -74.525  -14.366 0.8999999762
1365  -0.757  -73.368  -16.198 0.8999999762
1369  -12.012  -72.980  -16.415 0.1000000015
1377  -3.325  -72.990  -18.036 1.0000000000
1396  -12.130  -72.388  -19.118 0.2000000030
1403  -9.596  -72.726  -20.613 0.2000000030
1426  -5.799  -73.976  -26.129 1.0000000000
1435  -6.704  -72.694  -27.411 1.0000000000
1448  -6.061  -71.870  -29.355 1.0000000000
1456  -6.509  -72.756  -30.597 0.8999999762
1459  -14.840  -72.899  -31.160 0.2000000030
1463  -5.992  -72.219  -30.898 0.8000000119
1471  -7.959  -72.160  -32.505 0.6000000238
1531  4.258  -72.501  -5.477 0.3000000119
1549  4.746  -72.872  -7.698 0.4000000060
1564  4.762  -72.016  -9.647 0.6999999881
1589  4.983  -72.031  -13.016 1.0000000000
1591  1.633  -72.645  -11.769 1.0000000000
1592  -0.652  -72.805  -12.007 1.0000000000
1604  -0.808  -72.913  -13.343 1.0000000000
1612  4.517  -72.424  -14.278 1.0000000000
1613  3.830  -72.855  -14.270 1.0000000000
1615  2.205  -72.480  -14.089 1.0000000000
1619  4.256  -72.095  -14.986 1.0000000000
1637  2.202  -72.470  -18.898 0.8999999762
1645  2.470  -72.544  -19.693 0.8999999762
1647  0.914  -72.501  -19.384 1.0000000000
1649  -4.746  -72.622  -19.478 1.0000000000
1653  -13.287  -71.248  -19.213 0.2000000030
1657  3.263  -72.243  -19.979 0.6999999881
1661  -0.615  -72.214  -20.962 1.0000000000
1662  -4.716  -72.702  -20.155 1.0000000000
1667  -14.063  -72.177  -20.865 0.2000000030
1671  2.364  -72.449  -21.155 0.8999999762
1673  0.754  -72.726  -21.567 1.0000000000
1677  -10.402  -71.549  -21.515 0.2000000030
1683  1.255  -72.560  -22.248 0.8999999762
1695  0.014  -72.151  -24.719 0.8999999762
1708  -6.643  -72.135  -27.833 1.0000000000
1722  -4.779  -71.220  -29.448 1.0000000000
1724  -5.695  -71.708  -30.465 0.8999999762
1725  -15.248  -72.412  -31.488 0.1000000015
1728  -4.973  -71.513  -30.762 0.8000000119
1729  -5.722  -71.909  -31.489 0.8000000119
1732  -13.031  -72.156  -32.379 0.2000000030
1735  -15.703  -71.697  -31.683 0.1000000015
1736  -6.122  -71.783  -31.979 0.8000000119
1737  -6.837  -71.789  -32.183 0.6000000238
1738  -7.619  -71.590  -32.493 0.6000000238
1742  -10.797  -72.207  -32.767 0.4000000060
1745  -9.766  -71.759  -32.842 0.5000000000
1830  4.779  -71.716  -4.256 0.1000000015
1856  4.811  -71.634  -7.174 0.3000000119
1863  4.754  -72.108  -8.779 0.6000000238
1889  0.111  -71.489  -10.812 1.0000000000
1890  -0.639  -70.863  -10.689 1.0000000000
1892  -2.009  -70.962  -10.876 1.0000000000
1903  5.297  -71.153  -13.142 1.0000000000
1908  -2.851  -71.115  -12.753 1.0000000000
1918  1.477  -71.887  -12.410 1.0000000000
1925  4.911  -72.049  -14.159 1.0000000000
1933  -4.719  -70.821  -14.831 1.0000000000
1936  4.616  -71.281  -15.175 1.0000000000
1937  3.756  -71.394  -15.352 1.0000000000
1951  2.143  -71.452  -17.944 0.8999999762
1952  1.292  -71.585  -18.094 1.0000000000
1953  0.568  -71.017  -17.797 1.0000000000
1968  3.805  -71.828  -19.439 0.6999999881
1971  -0.332  -71.894  -19.354 1.0000000000
1973  -5.467  -72.086  -19.544 1.0000000000
1975  -12.042  -70.914  -20.063 0.2000000030
1977  -14.152  -71.429  -19.763 0.1000000015
1998  2.680  -71.534  -22.845 0.6999999881
2004  1.825  -71.833  -23.146 0.8999999762
2008  0.390  -71.978  -24.271 0.8999999762
2024  -6.607  -71.670  -26.801 1.0000000000
2031  -6.833  -72.079  -27.196 1.0000000000
2044  -2.727  -71.362  -30.203 0.6000000238
2045  -3.696  -71.271  -29.985 0.8000000119
2049  -4.568  -71.252  -31.314 0.8000000119
2056  -14.734  -71.737  -31.967 0.1000000015
2058  -7.234  -71.227  -32.480 0.6000000238
2062  -11.167  -71.577  -32.641 0.3000000119
2063  -11.872  -71.662  -32.560 0.3000000119
2065  -8.959  -71.397  -32.789 0.5000000000
2066  -9.572  -71.493  -32.812 0.5000000000
2068  -10.578  -71.465  -32.726 0.4000000060
2175  4.918  -71.033  -3.613 0.1000000015
2194  5.082  -71.099  -5.778 0.1000000015
2213  4.844  -71.031  -6.977 0.3000000119
2235  -3.311  -69.794  -10.466 1.0000000000
2246  -2.236  -70.361  -10.531 1.0000000000
2247  -3.452  -70.285  -11.284 1.0000000000
2254  5.783  -70.121  -13.248 1.0000000000
2255  -0.321  -70.004  -11.319 1.0000000000
2267  -0.278  -70.075  -12.486 1.0000000000
2268  -3.613  -70.728  -13.118 1.0000000000
2270  -5.161  -70.107  -13.866 1.0000000000
2282  3.089  -70.741  -15.541 1.0000000000
2285  -6.723  -70.007  -15.748 1.0000000000
2290  4.545  -70.097  -17.629 0.6000000238
2291  3.393  -70.607  -17.405 0.8000000119
2304  4.085  -70.937  -17.995 0.6999999881
2314  -1.692  -71.092  -18.857 1.0000000000
2337  4.191  -70.168  -21.813 0.5000000000
2345  3.603  -70.211  -23.101 0.6999999881
2365  -0.343  -70.661  -27.958 0.8999999762
2368  -1.018  -70.629  -29.118 0.8999999762
2377  -2.031  -70.830  -30.127 0.8000000119
2384  -15.938  -70.602  -31.118 0.1000000015
2389  -14.800  -70.890  -31.694 0.1000000015
2394  -5.672  -70.852  -31.990 0.6000000238
2396  -12.324  -70.754  -32.375 0.1000000015
2401  -7.863  -71.117  -32.660 0.6000000238
2402  -9.171  -71.110  -32.733 0.5000000000
2405  -11.038  -71.084  -32.627 0.3000000119
2406  -11.957  -71.155  -32.508 0.2000000030
2407  -10.101  -71.390  -32.781 0.4000000060
2585  5.042  -69.835  -6.351 0.2000000030
2629  5.980  -69.361  -11.822 1.0000000000
2630  -1.394  -69.628  -10.663 1.0000000000
2644  -6.113  -68.896  -13.205 1.0000000000
2651  6.084  -69.103  -13.780 1.0000000000
2660  5.270  -69.617  -14.830 1.0000000000
2662  3.808  -69.440  -15.372 1.0000000000
2664  1.007  -69.373  -15.477 1.0000000000
2672  4.970  -70.423  -15.123 1.0000000000
2673  -7.222  -69.396  -15.722 1.0000000000
2674  -7.818  -68.614  -16.153 1.0000000000
2676  4.752  -69.120  -16.773 0.6999999881
2690  5.189  -68.998  -17.471 0.5000000000
2693  2.675  -70.031  -17.033 1.0000000000
2697  -1.415  -69.857  -17.147 1.0000000000
2712  -7.624  -69.217  -18.499 1.0000000000
2745  4.242  -69.483  -21.487 0.2000000030
2816  -2.031  -69.928  -29.570 0.8999999762
2817  -2.644  -69.695  -29.654 0.8999999762
2832  -3.590  -69.881  -30.193 0.6000000238
2843  -6.527  -69.809  -31.234 0.4000000060
2848  -15.166  -70.537  -31.175 0.1000000015
2850  -6.234  -70.406  -31.789 0.5000000000
2854  -9.118  -69.937  -32.255 0.3000000119
2856  -11.195  -70.178  -32.297 0.1000000015
2857  -12.275  -70.279  -32.079 0.1000000015
2861  -8.797  -70.579  -32.527 0.5000000000
2865  -11.533  -70.720  -32.450 0.1000000015
3023  5.036  -68.843  -6.169 0.2000000030
3050  6.124  -67.513  -10.315 0.8000000119
3051  5.681  -67.936  -9.506 0.6999999881
3061  -2.651  -68.377  -10.102 1.0000000000
3073  6.133  -68.623  -11.385 1.0000000000
3075  -2.108  -68.319  -10.674 1.0000000000
3087  6.349  -67.913  -12.829 1.0000000000
3088  -1.236  -68.993  -12.820 1.0000000000
3096  6.007  -68.304  -14.000 1.0000000000
3097  -1.358  -68.155  -13.540 1.0000000000
3105  2.866  -68.299  -14.747 1.0000000000
3106  1.911  -68.294  -15.126 1.0000000000
3115  5.510  -68.248  -16.918 0.4000000060
3118  3.357  -68.594  -16.484 0.8999999762
3123  -2.679  -68.850  -16.524 1.0000000000
3124  -3.496  -68.578  -16.417 1.0000000000
3126  -8.059  -67.790  -16.962 1.0000000000
3136  5.231  -68.807  -17.022 0.5000000000
3137  -3.297  -69.165  -16.960 1.0000000000
3140  -7.901  -68.104  -17.695 1.0000000000
3151  5.250  -68.795  -17.868 0.3000000119
3170  -7.215  -68.394  -19.804 1.0000000000
3214  3.558  -68.378  -24.276 0.4000000060
3237  0.907  -68.145  -25.836 0.4000000060
3261  -3.067  -68.607  -28.908 0.4000000060
3262  -3.671  -68.844  -29.182 0.6000000238
3271  -4.868  -68.958  -29.643 0.5000000000
3272  -5.634  -68.586  -29.855 0.4000000060
3293  -8.680  -69.464  -31.841 0.3000000119
3442  5.182  -67.268  -7.041 0.3000000119
3465  6.114  -67.072  -9.681 0.6999999881
3466  -3.749  -67.278  -9.615 1.0000000000
3473  -5.463  -67.359  -10.358 1.0000000000
3483  -5.723  -67.693  -11.081 1.0000000000
3500  5.091  -67.135  -14.323 1.0000000000
3503  -1.106  -67.331  -14.020 1.0000000000
3510  3.617  -66.958  -14.225 1.0000000000
3514  -8.194  -67.015  -15.363 1.0000000000
3518  -4.344  -67.271  -15.560 1.0000000000
3525  5.416  -67.733  -16.598 0.8000000119
3526  4.746  -67.794  -16.322 0.8000000119
3535  -5.833  -66.917  -16.744 1.0000000000
3551  -5.300  -67.631  -17.201 1.0000000000
3552  -7.109  -67.191  -17.843 1.0000000000
3563  -6.897  -67.496  -18.470 1.0000000000
3616  3.394  -67.818  -24.861 0.3000000119
3629  2.748  -67.425  -25.661 0.3000000119
3684  -7.153  -68.294  -30.422 0.3000000119
3685  -8.198  -68.478  -30.987 0.1000000015
3699  -8.294  -69.043  -31.424 0.3000000119
3868  5.362  -65.749  -5.945 0.1000000015
3875  5.966  -65.835  -7.458 0.3000000119
3887  6.093  -66.015  -8.182 0.6000000238
3888  5.913  -66.698  -8.471 0.6000000238
3896  6.293  -66.245  -9.796 0.8000000119
3899  0.929  -66.701  -9.937 1.0000000000
3900  -4.049  -66.569  -9.563 1.0000000000
3903  -6.178  -65.681  -9.926 1.0000000000
3905  6.269  -66.517  -11.015 0.8999999762
3906  3.027  -67.462  -11.075 1.0000000000
3910  -3.326  -66.647  -9.925 1.0000000000
3918  2.714  -67.327  -11.822 1.0000000000
3922  -6.847  -66.404  -11.426 1.0000000000
3931  4.346  -66.429  -12.387 1.0000000000
3933  2.978  -67.013  -12.567 1.0000000000
3935  -2.452  -66.348  -12.368 1.0000000000
3941  4.977  -66.182  -13.528 1.0000000000
3942  4.364  -66.250  -13.956 1.0000000000
3943  0.525  -66.712  -14.499 1.0000000000
3946  -8.097  -65.897  -13.222 1.0000000000
3948  3.228  -66.836  -14.289 1.0000000000
3949  2.431  -66.449  -14.403 1.0000000000
3959  -4.719  -66.668  -15.179 1.0000000000
3962  -8.020  -65.978  -15.653 1.0000000000
3969  6.107  -65.648  -16.949 0.3000000119
3977  -7.659  -66.347  -16.472 1.0000000000
3991  -7.398  -66.784  -17.170 1.0000000000
4039  4.120  -66.509  -23.053 0.4000000060
4041  3.197  -66.163  -22.312 0.1000000015
4077  1.310  -66.588  -27.031 0.2000000030
4083  1.361  -65.811  -27.242 0.2000000030
4094  -2.079  -66.771  -28.952 0.2000000030
4105  -2.412  -65.966  -29.232 0.1000000015
4117  -4.368  -66.633  -29.855 0.1000000015
4119  -5.789  -67.022  -29.932 0.2000000030
4120  -5.881  -66.679  -29.948 0.2000000030
4128  -6.509  -67.410  -29.980 0.1000000015
4357  6.254  -65.305  -8.602 0.6000000238
4359  0.580  -65.707  -8.993 0.8999999762
4372  1.105  -66.429  -9.498 1.0000000000
4376  -5.310  -65.827  -9.427 1.0000000000
4382  5.310  -65.589  -10.746 1.0000000000
4383  4.069  -66.576  -11.117 1.0000000000
4384  1.036  -66.262  -10.760 1.0000000000
4385  0.595  -66.262  -10.039 1.0000000000
4387  -4.084  -65.059  -9.826 1.0000000000
4393  6.046  -66.321  -11.708 1.0000000000
4396  2.360  -66.739  -12.128 1.0000000000
4398  -6.882  -65.671  -10.798 1.0000000000
4399  -7.594  -65.525  -11.700 1.0000000000
4413  -2.014  -65.532  -12.735 1.0000000000
4415  -8.011  -65.338  -12.637 1.0000000000
4426  2.667  -65.783  -14.349 1.0000000000
4432  -6.899  -65.079  -14.444 1.0000000000
4441  -2.464  -65.672  -15.090 1.0000000000
4444  -8.028  -65.673  -14.853 1.0000000000
4453  6.039  -64.976  -16.898 0.5000000000
4459  0.758  -65.710  -16.531 1.0000000000
4461  -0.877  -66.160  -16.242 1.0000000000
4475  6.110  -65.051  -17.411 0.3000000119
4481  5.967  -65.091  -18.169 0.4000000060
4494  5.662  -65.034  -18.803 0.2000000030
4545  4.232  -65.577  -23.768 0.3000000119
4546  3.813  -65.141  -23.428 0.2000000030
4556  3.873  -65.300  -25.246 0.3000000119
4557  3.299  -65.206  -25.994 0.3000000119
4599  -3.899  -65.863  -29.834 0.1000000015
4601  -5.563  -66.185  -29.636 0.1000000015
4602  -6.361  -66.562  -29.821 0.1000000015
4875  6.012  -64.077  -6.430 0.1000000015
4886  0.057  -64.550  -7.982 0.8000000119
4887  -0.350  -64.452  -8.249 0.8000000119
4893  6.245  -64.304  -8.428 0.5000000000
4898  -0.391  -64.549  -8.838 0.8000000119
4906  5.824  -64.099  -9.399 0.6999999881
4911  -6.667  -64.038  -9.634 1.0000000000
4913  6.065  -65.059  -9.854 0.8000000119
4914  5.821  -64.838  -10.006 0.8000000119
4921  -7.620  -64.046  -10.665 1.0000000000
4928  -2.924  -63.942  -11.691 1.0000000000
4929  -3.294  -64.655  -11.331 1.0000000000
4946  -7.804  -63.998  -12.352 1.0000000000
4947  -7.898  -64.647  -12.887 1.0000000000
4961  1.878  -64.376  -14.342 1.0000000000
4963  -3.822  -64.816  -14.107 1.0000000000
4975  -0.909  -64.553  -15.760 1.0000000000
4989  6.078  -64.358  -17.136 0.5000000000
4991  5.363  -64.693  -16.468 0.8000000119
5043  4.855  -64.773  -20.328 0.1000000015
5056  5.123  -64.197  -20.652 0.1000000015
5058  4.066  -64.217  -21.338 0.1000000015
5059  3.340  -63.859  -21.178 0.1000000015
5075  2.895  -64.138  -23.807 0.2000000030
5416  6.227  -63.476  -7.955 0.4000000060
5440  6.120  -63.977  -9.095 0.5000000000
5445  -0.560  -63.767  -8.806 0.8000000119
5448  -6.350  -63.346  -9.398 1.0000000000
5452  1.621  -63.831  -10.464 1.0000000000
5455  -7.608  -63.380  -10.334 1.0000000000
5460  2.965  -64.436  -11.565 1.0000000000
5462  -2.470  -63.133  -11.815 1.0000000000
5464  -7.852  -62.943  -11.398 1.0000000000
5478  -7.133  -63.312  -12.538 1.0000000000
5487  -0.231  -63.377  -13.067 1.0000000000
5508  -3.782  -63.784  -13.876 1.0000000000
5517  -0.965  -63.661  -15.548 1.0000000000
5531  5.293  -63.367  -16.748 0.6999999881
5532  4.331  -63.234  -16.629 0.8000000119
5534  1.705  -63.504  -16.479 0.8999999762
5567  5.365  -64.126  -20.006 0.3000000119
5588  4.511  -63.710  -21.757 0.1000000015
5972  6.075  -62.243  -6.103 0.1000000015
5980  5.758  -62.173  -8.142 0.4000000060
5993  6.023  -62.737  -8.295 0.4000000060
5994  5.442  -62.758  -8.731 0.5000000000
5995  4.700  -62.416  -8.463 0.4000000060
5997  2.997  -62.982  -7.840 0.5000000000
6007  -6.022  -62.438  -9.322 1.0000000000
6008  -6.920  -62.607  -9.495 1.0000000000
6009  -7.544  -62.673  -10.002 1.0000000000
6040  -6.675  -62.516  -12.355 1.0000000000
6045  5.776  -62.639  -13.191 1.0000000000
6046  5.392  -63.117  -13.638 1.0000000000
6048  0.849  -62.191  -13.463 1.0000000000
6050  -4.832  -62.358  -13.100 1.0000000000
6059  4.909  -62.387  -14.269 1.0000000000
6060  3.593  -63.045  -14.395 1.0000000000
6062  -1.578  -62.281  -15.034 1.0000000000
6063  -2.349  -62.464  -14.601 1.0000000000
6084  5.938  -62.879  -17.421 0.5000000000
6085  5.681  -62.753  -17.133 0.5000000000
6089  1.851  -62.698  -16.461 0.8999999762
6090  0.441  -62.632  -16.118 1.0000000000
6091  -0.250  -63.122  -15.830 1.0000000000
6098  6.046  -62.822  -18.061 0.5000000000
6132  5.764  -62.959  -20.407 0.2000000030
6143  4.918  -63.092  -22.129 0.1000000015
6152  5.113  -62.253  -22.544 0.2000000030
6160  4.003  -61.827  -23.214 0.1000000015
6529  5.957  -61.498  -5.749 0.1000000015
6540  5.644  -61.573  -7.194 0.1000000015
6541  2.900  -61.149  -6.631 0.4000000060
6542  1.000  -62.152  -6.414 0.5000000000
6555  5.867  -62.096  -7.606 0.1000000015
6558  3.880  -61.260  -7.284 0.4000000060
6560  -1.422  -61.841  -7.281 0.6999999881
6569  5.401  -62.072  -8.266 0.4000000060
6570  3.850  -62.084  -7.863 0.4000000060
6582  -7.025  -61.231  -9.494 1.0000000000
6587  4.809  -61.382  -11.286 1.0000000000
6589  2.645  -62.043  -10.417 1.0000000000
6592  -4.688  -61.114  -10.385 1.0000000000
6599  5.742  -61.070  -12.348 1.0000000000
6601  5.189  -61.839  -11.704 1.0000000000
6604  -2.319  -61.572  -11.864 1.0000000000
6607  -7.661  -61.533  -11.129 1.0000000000
6617  5.802  -61.937  -12.713 1.0000000000
6618  -0.002  -61.244  -12.925 1.0000000000
6620  -6.300  -61.619  -12.208 1.0000000000
6640  5.640  -61.678  -14.042 1.0000000000
6643  3.096  -61.522  -14.397 1.0000000000
6646  -3.068  -60.867  -14.224 1.0000000000
6656  -0.670  -61.440  -15.558 1.0000000000
6667  5.309  -61.923  -17.261 0.6999999881
6715  5.994  -62.198  -20.479 0.3000000119
6728  5.547  -61.881  -22.139 0.2000000030
6743  4.707  -61.710  -23.056 0.1000000015
6761  4.916  -60.929  -23.301 0.1000000015
6763  3.652  -61.077  -23.559 0.1000000015
7125  5.593  -60.469  -4.865 0.1000000015
7126  5.262  -60.168  -4.845 0.1000000015
7135  5.766  -61.192  -6.041 0.1000000015
7137  5.017  -60.423  -5.569 0.2000000030
7148  5.628  -61.248  -6.564 0.1000000015
7149  5.216  -60.856  -6.412 0.1000000015
7155  -2.113  -60.173  -6.534 0.6000000238
7163  4.674  -60.961  -7.003 0.2000000030
7171  -1.570  -60.635  -8.366 0.8000000119
7182  -6.577  -60.578  -9.451 1.0000000000
7192  3.568  -60.553  -10.700 1.0000000000
7195  -3.988  -60.097  -11.085 1.0000000000
7203  5.762  -60.337  -11.894 1.0000000000
7204  5.596  -60.845  -11.845 1.0000000000
7205  -1.899  -61.067  -12.095 1.0000000000
7209  -7.586  -60.752  -10.997 1.0000000000
7216  5.825  -60.596  -12.572 1.0000000000
7217  -0.531  -60.617  -12.754 1.0000000000
7228  5.943  -61.087  -13.866 1.0000000000
7229  1.772  -60.955  -13.798 1.0000000000
7232  -0.165  -59.979  -13.102 1.0000000000
7243  4.613  -60.695  -14.616 1.0000000000
7247  -1.809  -60.777  -14.954 1.0000000000
7249  -3.239  -60.045  -14.231 1.0000000000
7262  -1.049  -60.796  -15.422 1.0000000000
7272  3.981  -61.033  -17.152 0.6999999881
7283  4.478  -60.402  -17.380 0.6999999881
7363  5.042  -60.152  -23.514 0.2000000030
7776  1.104  -59.320  -2.932 0.1000000015
7796  4.532  -60.013  -4.858 0.1000000015
7801  -1.426  -59.227  -4.788 0.4000000060
7802  -2.111  -58.903  -5.434 0.5000000000
7826  4.289  -59.200  -10.080 0.8999999762
7831  -5.813  -59.527  -9.543 1.0000000000
7840  5.579  -59.019  -10.581 1.0000000000
7854  -7.089  -59.570  -11.523 1.0000000000
7861  5.869  -60.058  -12.516 1.0000000000
7874  0.399  -59.772  -13.437 1.0000000000
7875  -0.213  -59.210  -13.293 1.0000000000
7877  -5.177  -59.351  -12.860 1.0000000000
7883  5.390  -59.460  -14.273 1.0000000000
7888  -2.741  -59.517  -14.753 1.0000000000
7900  -1.344  -59.425  -15.665 1.0000000000
7901  -2.199  -59.024  -15.329 1.0000000000
7906  2.489  -59.657  -17.250 0.6999999881
7909  -0.596  -59.484  -16.044 1.0000000000
7914  5.886  -59.834  -18.270 0.6000000238
7915  5.644  -59.730  -17.979 0.6000000238
7935  6.175  -59.284  -19.313 0.5000000000
7946  6.156  -59.244  -20.223 0.4000000060
8366  0.298  -58.718  -3.219 0.1000000015
8373  -1.196  -58.208  -4.464 0.3000000119
8381  -2.431  -57.966  -6.583 0.6000000238
8386  -1.556  -57.730  -8.519 0.8999999762
8387  -2.250  -57.714  -7.592 0.8999999762
8404  5.261  -58.186  -9.595 1.0000000000
8411  -7.384  -58.278  -9.923 1.0000000000
8418  5.627  -58.357  -10.512 1.0000000000
8421  -7.597  -58.634  -10.399 1.0000000000
8442  -6.268  -58.684  -12.340 1.0000000000
8452  5.770  -58.524  -12.742 1.0000000000
8454  0.226  -58.536  -13.744 1.0000000000
8456  -5.003  -57.884  -13.705 1.0000000000
8464  5.496  -58.976  -13.820 1.0000000000
8467  3.323  -58.538  -15.088 1.0000000000
8469  0.705  -58.040  -14.223 1.0000000000
8483  4.047  -58.004  -15.452 1.0000000000
8492  -0.221  -58.266  -16.606 1.0000000000
8498  5.370  -58.922  -18.009 0.6999999881
8499  3.831  -58.279  -17.922 0.8000000119
8587  5.096  -58.804  -23.314 0.2000000030
8996  1.236  -56.811  -2.609 0.1000000015
8998  0.130  -57.620  -3.324 0.2000000030
9019  -2.039  -57.609  -5.882 0.6999999881
9027  -2.048  -57.344  -6.728 0.6999999881
9037  5.514  -56.850  -9.424 1.0000000000
9041  0.226  -57.436  -8.625 0.8999999762
9051  5.365  -57.528  -9.377 1.0000000000
9054  -7.092  -57.708  -9.803 1.0000000000
9063  -4.688  -57.917  -10.663 1.0000000000
9076  -3.777  -57.114  -11.666 1.0000000000
9078  -7.535  -57.426  -11.146 1.0000000000
9088  -7.195  -57.270  -11.855 1.0000000000
9101  -5.925  -57.108  -13.211 1.0000000000
9110  5.052  -57.460  -14.439 1.0000000000
9112  1.237  -57.618  -14.635 1.0000000000
9123  4.706  -57.544  -15.493 1.0000000000
9127  -1.825  -57.641  -15.861 1.0000000000
9132  0.326  -57.824  -17.033 1.0000000000
9144  0.800  -57.314  -17.327 1.0000000000
9175  5.835  -57.343  -19.427 0.6000000238
9217  5.345  -57.918  -21.947 0.2000000030
9665  0.969  -56.435  -6.226 0.8000000119
9668  5.323  -55.884  -7.934 1.0000000000
9681  5.607  -56.109  -8.839 1.0000000000
9694  -6.670  -57.085  -9.975 1.0000000000
9703  5.643  -56.880  -10.664 1.0000000000
9706  -7.082  -56.344  -10.371 1.0000000000
9707  -7.408  -56.892  -10.726 1.0000000000
9717  -4.267  -56.369  -11.467 1.0000000000
9746  5.033  -56.644  -13.551 1.0000000000
9750  -5.897  -56.401  -13.499 1.0000000000
9766  0.355  -56.529  -14.504 1.0000000000
9781  5.016  -56.068  -16.076 1.0000000000
9787  -4.794  -55.883  -14.618 1.0000000000
9812  -0.187  -56.745  -16.860 1.0000000000
9827  4.997  -56.308  -18.682 0.8000000119
9843  5.316  -56.611  -19.446 0.4000000060
10283  2.022  -55.048  -6.823 0.8000000119
10285  5.685  -55.373  -7.801 1.0000000000
10311  5.509  -55.599  -9.834 1.0000000000
10313  -6.590  -55.596  -10.491 1.0000000000
10322  5.193  -55.534  -11.774 1.0000000000
10333  5.337  -56.151  -11.965 1.0000000000
10339  -7.325  -54.638  -11.790 1.0000000000
10352  -6.599  -55.236  -13.148 1.0000000000
10362  -0.403  -55.275  -14.361 1.0000000000
10368  5.066  -55.417  -16.017 1.0000000000
10373  -2.834  -55.078  -15.698 1.0000000000
10386  1.905  -55.999  -17.809 0.8000000119
10395  4.878  -55.722  -18.908 0.8000000119
10396  4.470  -55.323  -18.634 0.8000000119
10410  4.545  -55.549  -20.206 0.2000000030
10873  1.580  -54.819  -2.883 0.1000000015
10879  1.585  -54.874  -3.620 0.1000000015
10885  1.403  -54.727  -4.668 0.6999999881
10896  4.895  -54.594  -6.840 1.0000000000
10897  2.781  -53.997  -6.541 0.8000000119
10928  4.994  -54.213  -11.118 1.0000000000
10932  -6.917  -54.955  -10.758 1.0000000000
10942  5.335  -55.368  -10.654 1.0000000000
10949  -4.211  -54.312  -11.794 1.0000000000
10960  4.927  -55.173  -12.169 1.0000000000
10963  2.520  -54.411  -12.425 1.0000000000
10964  1.788  -54.405  -11.956 1.0000000000
10976  -1.573  -54.324  -13.655 1.0000000000
10986  4.700  -54.519  -14.278 1.0000000000
10987  0.573  -54.736  -14.882 1.0000000000
10990  -5.410  -54.496  -14.197 1.0000000000
10996  -2.564  -54.452  -15.787 1.0000000000
11003  4.297  -54.587  -16.447 1.0000000000
11009  2.108  -54.378  -17.885 0.8999999762
11011  0.245  -55.118  -17.158 1.0000000000
11020  4.015  -53.791  -18.554 0.8000000119
11533  -0.470  -53.484  0.831 0.1000000015
11557  0.116  -53.881  -1.910 0.2000000030
11563  0.618  -53.953  -3.158 0.2000000030
11564  0.371  -53.398  -2.533 0.3000000119
11572  0.924  -53.592  -3.842 0.4000000060
11587  6.252  -53.484  -7.211 1.0000000000
11588  6.021  -53.589  -6.613 1.0000000000
11589  5.482  -53.612  -6.294 1.0000000000
11595  -0.906  -53.546  -8.226 1.0000000000
11597  6.105  -53.965  -8.638 1.0000000000
11605  5.747  -53.819  -9.356 1.0000000000
11606  5.368  -53.327  -9.799 1.0000000000
11627  4.158  -53.546  -10.976 1.0000000000
11647  2.570  -54.381  -11.348 1.0000000000
11649  -4.222  -52.740  -11.208 1.0000000000
11653  -7.125  -54.057  -11.535 1.0000000000
11661  1.861  -54.120  -12.423 1.0000000000
11662  1.292  -54.141  -11.868 1.0000000000
11665  -6.981  -53.360  -11.859 1.0000000000
11678  5.155  -53.998  -14.926 1.0000000000
11686  5.198  -53.777  -15.998 1.0000000000
11693  -3.931  -53.965  -14.910 1.0000000000
11726  4.151  -53.163  -18.863 0.6000000238
11743  4.186  -53.060  -19.335 0.6000000238
11760  3.952  -53.085  -20.305 0.3000000119
11776  4.118  -54.015  -20.542 0.2000000030
12241  -0.468  -52.838  1.192 0.1000000015
12296  5.040  -51.788  -5.039 0.8999999762
12299  2.255  -52.460  -4.724 0.8000000119
12304  3.694  -52.465  -5.300 0.6999999881
12334  -1.211  -52.984  -9.557 1.0000000000
12348  3.016  -53.006  -10.135 1.0000000000
12365  0.924  -52.682  -11.823 1.0000000000
12369  -5.576  -52.072  -11.084 1.0000000000
12377  -6.273  -52.074  -11.819 1.0000000000
12393  1.368  -51.976  -15.025 1.0000000000
12405  1.286  -52.649  -15.088 1.0000000000
12407  -2.540  -52.102  -15.418 1.0000000000
12411  4.665  -52.807  -16.233 1.0000000000
12429  2.766  -52.522  -18.062 0.8999999762
12431  0.671  -52.416  -17.430 0.8999999762
12482  2.755  -52.133  -21.356 0.1000000015
13009  1.005  -51.803  -2.383 0.3000000119
13032  3.746  -51.151  -3.749 0.6999999881
13057  5.463  -51.782  -5.505 1.0000000000
13059  -0.652  -51.904  -5.714 1.0000000000
13081  5.023  -51.420  -9.210 1.0000000000
13108  -5.301  -51.370  -11.123 1.0000000000
13117  2.872  -51.866  -13.138 1.0000000000
13122  -5.953  -51.408  -11.954 1.0000000000
13124  4.534  -51.434  -14.273 1.0000000000
13127  -0.341  -51.151  -13.339 1.0000000000
13133  1.357  -51.194  -14.812 1.0000000000
13135  -4.475  -51.775  -13.846 1.0000000000
13138  4.858  -51.161  -15.270 1.0000000000
13140  3.735  -51.150  -15.897 1.0000000000
13195  3.486  -51.637  -19.116 0.4000000060
13210  3.024  -51.294  -19.732 0.2000000030
13220  3.097  -51.831  -20.363 0.2000000030
13829  5.485  -50.375  -5.411 0.8999999762
13880  3.198  -50.227  -11.620 1.0000000000
13882  -3.495  -50.122  -10.796 1.0000000000
13885  -5.548  -51.155  -11.550 1.0000000000
13895  4.398  -50.016  -13.597 1.0000000000
13905  4.294  -50.717  -13.615 1.0000000000
13909  -5.103  -50.714  -12.631 1.0000000000
13912  4.644  -50.439  -14.791 1.0000000000
13926  3.880  -50.429  -15.489 1.0000000000
13964  1.433  -49.868  -17.504 0.8999999762
13989  2.585  -50.601  -19.354 0.4000000060
13998  2.242  -50.891  -20.194 0.4000000060
13999  1.465  -50.648  -20.633 0.2000000030
14494  3.177  -49.625  2.609 0.1000000015
14508  4.036  -49.503  1.412 0.5000000000
14532  -3.499  -49.944  0.099 1.0000000000
14538  5.069  -49.162  -1.875 0.8999999762
14539  -1.813  -49.778  -1.230 1.0000000000
14572  5.388  -49.508  -5.022 0.8999999762
14597  5.050  -49.428  -6.969 1.0000000000
14619  -12.482  -49.420  -7.080 1.0000000000
14641  -2.677  -48.503  -10.405 0.8999999762
14653  4.231  -48.625  -11.100 1.0000000000
14654  4.131  -49.381  -10.990 1.0000000000
14656  -0.517  -49.110  -11.465 1.0000000000
14668  4.280  -49.411  -12.719 1.0000000000
14677  4.329  -49.479  -13.684 1.0000000000
14689  3.077  -49.267  -14.884 1.0000000000
14691  -1.846  -49.239  -14.664 0.8999999762
14738  2.252  -49.907  -18.540 0.6000000238
14765  2.202  -49.985  -19.005 0.5000000000
15238  4.236  -48.089  3.177 0.1000000015
15269  -1.109  -48.350  1.343 1.0000000000
15286  -1.692  -48.904  1.091 1.0000000000
15307  4.950  -47.941  -2.274 0.8999999762
15335  3.338  -48.012  -4.667 0.8999999762
15336  1.328  -48.230  -4.398 0.8999999762
15397  3.880  -47.960  -10.214 1.0000000000
15405  4.104  -48.093  -10.752 1.0000000000
15407  -1.346  -47.715  -10.028 1.0000000000
15409  -2.884  -47.966  -10.502 0.8999999762
15410  -3.331  -48.139  -10.838 1.0000000000
15429  4.272  -48.533  -12.161 1.0000000000
15443  1.978  -48.658  -13.966 1.0000000000
15445  -2.784  -48.377  -13.200 0.8999999762
16079  -0.464  -47.741  1.442 0.8999999762
16080  -1.311  -47.782  1.442 1.0000000000
16094  -1.835  -47.384  1.231 1.0000000000
16108  4.390  -47.748  -1.711 0.8999999762
16118  3.681  -47.352  -2.211 0.8999999762
16126  4.949  -47.966  -3.918 0.8999999762
16130  2.187  -47.442  -3.067 0.8999999762
16141  4.458  -47.732  -4.273 0.8999999762
16156  3.647  -46.560  -7.302 1.0000000000
16175  3.228  -46.994  -7.889 1.0000000000
16212  3.450  -47.406  -10.011 1.0000000000
16225  0.145  -46.993  -9.972 1.0000000000
16228  -2.358  -47.236  -10.487 1.0000000000
16247  -3.187  -47.716  -11.089 0.8999999762
16257  3.489  -47.601  -11.989 1.0000000000
16258  -2.048  -47.067  -12.263 1.0000000000
16341  0.629  -48.153  -18.843 0.2000000030
16342  0.039  -47.680  -19.270 0.1000000015
16925  3.565  -46.530  1.942 0.6999999881
16954  3.839  -45.884  -5.338 1.0000000000
16961  3.956  -46.251  -5.885 1.0000000000
16977  2.294  -46.695  -5.479 1.0000000000
17008  3.178  -46.339  -8.652 0.8999999762
17023  3.150  -47.088  -9.186 1.0000000000
17024  3.158  -46.754  -9.354 0.8999999762
17039  0.785  -46.476  -9.938 1.0000000000
17040  -1.472  -46.372  -10.378 1.0000000000
17110  1.154  -46.224  -15.372 0.6999999881
17128  0.107  -46.076  -18.023 0.1000000015
17129  -0.409  -45.703  -18.228 0.1000000015
17147  0.779  -47.222  -18.002 0.3000000119
17734  3.548  -46.040  2.990 0.3000000119
17748  1.083  -45.826  1.683 0.8000000119
17789  3.350  -45.429  -4.779 0.8999999762
17803  4.087  -46.122  -6.546 0.8999999762
17809  -1.986  -44.583  -5.650 1.0000000000
17821  4.160  -45.529  -6.961 0.8999999762
17877  -13.979  -45.453  -9.459 1.0000000000
17889  0.148  -45.227  -10.572 0.8000000119
17955  0.969  -45.199  -15.713 0.2000000030
17960  0.782  -45.803  -16.343 0.3000000119
18664  2.292  -45.081  2.478 0.3000000119
18704  3.486  -44.642  -4.671 0.6999999881
18765  -17.241  -44.660  -8.745 0.8999999762
18810  1.759  -43.059  -11.954 0.5000000000
18879  0.494  -44.673  -15.886 0.2000000030
19517  0.257  -43.804  2.025 0.1000000015
19543  0.451  -44.135  1.180 0.6000000238
19598  3.173  -43.409  -5.017 0.6999999881
19613  3.582  -43.893  -5.573 0.6999999881
19621  -18.375  -42.960  -6.792 0.8000000119
19626  3.081  -43.285  -6.897 0.8000000119
19632  -18.190  -43.821  -7.848 0.8000000119
19691  0.043  -42.400  -11.874 0.1000000015
19711  0.636  -42.721  -13.734 0.1000000015
19737  -0.580  -43.437  -15.504 0.1000000015
20325  -3.506  -42.482  0.988 0.2000000030
20378  0.797  -42.413  -4.242 0.8000000119
20393  2.770  -42.722  -5.060 0.6000000238
20446  -18.165  -42.860  -8.801 0.8999999762
20461  -17.175  -42.518  -9.755 1.0000000000
21199  -18.158  -41.711  -5.901 0.4000000060
22049  -18.904  -40.113  -8.332 0.5000000000
22069  -18.100  -40.578  -9.613 0.8999999762
22113  -14.133  -40.039  -11.176 1.0000000000
22850  -18.777  -39.084  -5.912 0.3000000119
22944  -18.148  -38.894  -9.991 0.6999999881
23774  -18.966  -38.091  -8.980 0.6999999881
23794  -17.693  -38.411  -10.390 0.6999999881
23817  -10.441  -38.494  -11.905 0.8999999762
24587  -19.166  -37.886  -6.218 0.2000000030
24629  -18.709  -37.694  -9.599 0.5000000000
26445  -18.965  -35.796  -9.111 0.4000000060
26478  -12.526  -35.335  -12.087 0.6999999881
27307  -18.912  -35.099  -6.457 0.1000000015
27319  -18.972  -34.984  -7.354 0.1000000015
27322  -18.800  -34.303  -8.821 0.1000000015
27367  -11.193  -34.284  -12.473 0.5000000000
31824  -12.437  -29.434  -14.516 0.1000000015
32743  -14.435  -28.778  -13.940 0.1000000015
114691  -1.239  -75.953  -23.567 1.0000000000
114696  -6.413  -70.902  -25.342 1.0000000000
114697  -1.850  -75.090  -21.191 1.0000000000
114700  -0.317  -72.120  -24.760 0.8999999762
114702  -2.603  -74.975  -24.211 0.8999999762
114713  -4.431  -74.358  -24.606 1.0000000000
114714  -5.647  -69.872  -23.604 1.0000000000
114716  -3.672  -71.666  -26.178 1.0000000000
114720  -6.290  -70.173  -23.720 1.0000000000
114724  -6.501  -70.620  -24.527 1.0000000000
114727  -6.917  -71.228  -24.210 1.0000000000
114742  5.445  -66.107  -12.168 1.0000000000
114745  5.361  -63.792  -12.860 1.0000000000
114747  4.131  -65.905  -13.993 1.0000000000
114751  0.277  -54.084  -10.461 1.0000000000
114752  0.298  -53.895  -11.057 1.0000000000
114755  1.136  -53.517  -9.294 1.0000000000
114764  -0.164  -52.434  -10.701 1.0000000000
114767  0.934  -51.416  -6.896 1.0000000000
114768  3.853  -50.716  -8.637 1.0000000000
114780  3.414  -49.233  -6.289 0.8999999762
114782  3.539  -48.103  -9.085 1.0000000000
114785  4.773  -50.188  -8.278 1.0000000000
115217  -8.156  -67.511  -30.417 0.1000000015
115259  5.003  -65.224  -12.891 1.0000000000
115498  -2.195  -75.133  -22.938 1.0000000000
115536  3.701  -49.165  -9.653 1.0000000000
115578  -1.684  -75.479  -23.335 1.0000000000
115583  3.274  -47.778  -8.172 1.0000000000
115608  -0.707  -72.391  -25.153 1.0000000000
115614  4.029  -65.091  -14.163 1.0000000000
115657  -0.727  -75.978  -22.058 1.0000000000
115664  -6.721  -71.963  -23.798 1.0000000000
115686  4.577  -49.955  -7.893 1.0000000000
115940  2.623  -48.095  -13.360 1.0000000000
116102  4.578  -72.851  -7.160 0.4000000060
116120  4.464  -50.356  -8.455 1.0000000000
116330  4.863  -72.662  -11.081 0.8999999762
116530  1.092  -51.061  -11.240 1.0000000000
116722  3.375  -67.510  -14.355 1.0000000000
116729  5.014  -73.941  -8.877 0.6000000238
116867  5.722  -69.790  -14.244 1.0000000000
116881  -0.715  -72.186  -22.216 1.0000000000
117120  2.454  -75.596  -8.062 0.1000000015
117267  -19.313  -38.083  -6.991 0.4000000060
117296  -17.764  -43.826  -6.096 0.8000000119
117582  3.635  -47.585  0.398 0.8999999762
117594  0.056  -74.229  -17.253 1.0000000000
117911  6.120  -65.982  -10.863 1.0000000000
117930  -16.187  -75.442  -24.384 0.1000000015
118015  1.170  -62.224  -16.307 1.0000000000
118058  5.044  -71.393  -5.043 0.1000000015
118102  4.969  -52.018  -9.652 1.0000000000
118132  4.838  -69.124  -8.562 0.6999999881
118164  5.903  -63.124  -18.950 0.5000000000
118203  -12.773  -73.695  -31.430 0.3000000119
118211  -5.950  -77.953  -25.113 0.8999999762
118523  -1.343  -78.901  -14.119 0.6999999881
118611  1.294  -66.321  -16.569 1.0000000000
118629  -0.441  -79.240  -12.023 0.6999999881
118697  3.631  -54.087  -21.709 0.1000000015
118853  3.324  -66.204  -16.425 1.0000000000
119225  -5.077  -71.226  -31.812 0.6000000238
119307  1.853  -61.082  -16.595 1.0000000000
119642  6.140  -59.966  -18.985 0.5000000000
119688  5.935  -67.465  -13.603 1.0000000000
119800  -11.685  -76.179  -28.605 0.5000000000
119882  -2.644  -74.963  -23.449 1.0000000000
120089  4.933  -49.821  -7.796 1.0000000000
120396  -8.656  -78.562  -17.185 0.2000000030
120415  -10.737  -72.757  -22.986 0.2000000030
120430  5.263  -57.220  -8.839 1.0000000000
120485  5.010  -67.899  -6.420 0.4000000060
120524  -2.324  -71.182  -21.015 1.0000000000
120647  5.701  -63.795  -19.084 0.5000000000
120673  5.357  -60.236  -14.453 1.0000000000
120770  -19.178  -37.140  -6.146 0.3000000119
120914  5.033  -68.569  -18.385 0.4000000060
121055  4.876  -71.748  -11.556 0.8999999762
121094  -13.967  -72.089  -32.112 0.2000000030
121198  5.732  -66.072  -16.498 0.4000000060
121323  -18.257  -37.857  -5.462 0.1000000015
121374  2.000  -65.015  -8.394 0.8000000119
121512  -0.308  -53.740  -10.206 1.0000000000
121681  -2.452  -74.901  -22.312 1.0000000000
121778  0.262  -53.824  -9.319 1.0000000000
121817  -7.345  -59.765  -9.822 1.0000000000
121918  -0.894  -53.034  -16.675 1.0000000000
122028  6.087  -58.573  -20.549 0.3000000119
122033  -18.711  -34.994  -10.107 0.1000000015
122092  3.900  -49.290  -6.842 0.8999999762
122157  -0.423  -52.979  -16.964 1.0000000000
122205  -19.248  -38.078  -7.713 0.4000000060
122240  -7.244  -70.203  -18.363 1.0000000000
122350  4.837  -72.703  -12.804 1.0000000000
122755  1.489  -76.284  -14.473 1.0000000000
122766  -6.475  -60.796  -11.903 1.0000000000
122836  -6.442  -70.814  -32.232 0.5000000000
122881  -12.973  -39.477  -11.418 1.0000000000
123058  5.473  -59.653  -10.801 1.0000000000
123079  5.317  -49.534  -3.145 0.8999999762
123280  3.054  -59.974  -14.593 1.0000000000
123502  -11.421  -72.310  -32.666 0.4000000060
123668  -4.732  -70.501  -14.193 1.0000000000
123686  -2.987  -55.812  -15.620 1.0000000000
123742  1.632  -66.909  -14.562 1.0000000000
123789  -10.640  -78.130  -17.209 0.1000000015
123981  -9.864  -78.385  -17.374 0.2000000030
123994  5.852  -57.958  -11.942 1.0000000000
124119  -5.644  -77.005  -22.447 0.6999999881
124187  -6.905  -55.764  -12.608 1.0000000000
124319  6.121  -61.972  -18.049 0.5000000000
124578  0.717  -78.829  -11.238 0.6999999881
124606  4.427  -58.984  -17.787 0.6999999881
124895  -0.072  -70.404  -17.535 1.0000000000
125161  1.475  -64.273  -16.493 0.8999999762
125192  -5.954  -73.633  -28.730 1.0000000000
125314  -3.753  -73.342  -19.322 1.0000000000
125434  -6.323  -59.957  -9.450 1.0000000000
125604  5.348  -51.363  -8.525 1.0000000000
125841  5.498  -64.107  -19.415 0.3000000119
125974  4.152  -75.365  -10.968 0.8999999762
126060  4.492  -48.155  -1.027 0.8000000119
126146  5.905  -59.403  -12.566 1.0000000000
126148  4.320  -47.994  2.463 0.1000000015
126796  -19.147  -36.908  -8.274 0.4000000060
126922  -6.851  -73.723  -30.903 0.8999999762
126964  -5.414  -53.383  -11.046 1.0000000000
126992  -6.474  -52.763  -11.592 1.0000000000
127017  -3.774  -73.723  -11.671 0.1000000015
127094  -17.904  -37.585  -10.491 0.6999999881
127427  6.263  -66.211  -10.466 0.8999999762
127450  -5.475  -61.878  -9.605 1.0000000000
127494  -0.275  -72.339  -10.995 1.0000000000
127626  0.002  -64.135  -13.555 1.0000000000
127675  0.290  -62.764  -13.216 1.0000000000
127700  4.000  -65.411  -9.719 1.0000000000
127779  -0.907  -74.828  -18.685 1.0000000000
127816  -4.898  -61.848  -10.098 1.0000000000
127924  2.638  -67.775  -16.517 1.0000000000
127962  -2.341  -72.047  -14.821 1.0000000000
128002  -9.118  -36.674  -12.471 0.6999999881
128047  -11.430  -76.535  -28.008 0.6000000238
128086  -12.907  -77.107  -23.755 0.2000000030
128149  -2.057  -68.452  -16.432 1.0000000000
128208  4.795  -71.951  -5.034 0.2000000030
128356  -4.710  -59.990  -13.092 1.0000000000
128528  -7.348  -61.897  -9.712 1.0000000000
128549  5.893  -60.076  -13.428 1.0000000000
128643  0.408  -52.508  -2.162 0.5000000000
129036  -1.430  -57.156  -16.186 1.0000000000
129076  -9.233  -78.747  -15.205 0.1000000015
129319  1.054  -75.219  -14.309 0.8999999762
129337  5.266  -48.794  -4.744 0.8999999762
129694  -10.202  -74.641  -32.125 0.6000000238
129969  -12.754  -70.948  -19.738 0.2000000030
130004  -1.613  -65.135  -15.503 1.0000000000
130060  -9.688  -72.609  -22.476 0.2000000030
130112  -11.318  -71.962  -32.663 0.3000000119
130162  -1.560  -66.706  -28.593 0.3000000119
130282  2.960  -71.510  -15.293 1.0000000000
130297  -14.326  -76.505  -21.869 0.1000000015
130543  -6.262  -73.313  -25.510 1.0000000000
130745  4.435  -69.779  -16.994 0.6999999881
130848  -8.462  -75.910  -28.529 0.8000000119
130922  -7.525  -66.847  -30.016 0.1000000015
131127  5.032  -64.414  -12.766 1.0000000000
131281  2.905  -51.203  -8.392 1.0000000000
131385  -2.848  -71.062  -23.395 1.0000000000
131894  3.296  -57.697  -18.035 0.8999999762
131973  5.232  -55.252  -11.169 1.0000000000
132091  -2.462  -66.536  -15.372 1.0000000000
132184  4.241  -66.145  -23.539 0.4000000060
132606  4.116  -47.688  0.823 0.6999999881
132769  -2.899  -79.186  -18.926 0.6000000238
132929  -7.491  -70.805  -32.428 0.6000000238
133214  -14.176  -31.108  -13.285 0.1000000015
133257  3.288  -69.927  -15.606 1.0000000000
133451  0.365  -53.981  -14.731 1.0000000000
133550  0.493  -56.627  -17.235 0.8999999762
133591  -1.729  -71.901  -24.281 1.0000000000
133677  -3.183  -77.429  -24.499 0.8999999762
133721  -1.725  -78.872  -14.534 0.6999999881
133815  2.569  -54.132  -15.928 1.0000000000
133828  0.194  -69.750  -17.222 1.0000000000
133938  4.545  -55.277  -19.668 0.4000000060
133945  -0.886  -75.921  -22.426 1.0000000000
133949  5.944  -51.965  -7.039 1.0000000000
134025  -13.401  -41.372  -10.838 1.0000000000
134036  -3.760  -67.398  -15.423 1.0000000000
134244  -13.325  -34.550  -12.001 0.5000000000
134289  4.132  -48.966  -10.485 1.0000000000
134407  0.909  -67.896  -16.588 1.0000000000
134518  4.390  -49.123  1.046 0.3000000119
134520  -0.770  -78.046  -17.552 0.8999999762
134529  4.071  -69.679  -19.536 0.4000000060
134662  -8.198  -77.718  -19.108 0.3000000119
134831  -9.588  -76.592  -28.252 0.6000000238
134872  -3.372  -57.746  -11.792 1.0000000000
134966  3.782  -66.287  -14.152 1.0000000000
135209  -5.300  -74.402  -13.067 0.1000000015
135299  -10.286  -71.886  -32.829 0.5000000000
135302  1.353  -58.824  -2.410 0.1000000015
135340  -4.698  -70.044  -23.472 1.0000000000
135401  -0.302  -47.967  -19.741 0.1000000015
135535  3.713  -60.418  -17.245 0.6999999881
135554  -0.950  -77.236  -19.213 0.8999999762
135709  5.838  -59.910  -13.002 1.0000000000
135784  -12.532  -72.192  -32.484 0.3000000119
135838  5.228  -70.554  -5.201 0.1000000015
135912  -0.401  -48.303  1.109 1.0000000000
135979  -12.204  -75.657  -18.645 0.1000000015
135985  4.707  -71.452  -8.421 0.6000000238
136101  5.322  -66.354  -6.282 0.2000000030
136124  -8.146  -75.751  -26.884 0.8000000119
136165  0.334  -70.428  -25.360 0.8999999762
136216  -5.379  -74.610  -28.689 1.0000000000
136329  5.127  -52.666  -15.553 1.0000000000
136373  1.604  -60.398  -4.523 0.1000000015
136455  -3.384  -56.366  -15.376 1.0000000000
136718  -5.225  -68.739  -20.565 1.0000000000
136867  -11.717  -34.273  -12.410 0.5000000000
136889  -2.041  -67.680  -12.567 1.0000000000
137036  4.879  -73.235  -11.474 0.8999999762
137111  -0.853  -67.975  -14.209 1.0000000000
137246  1.829  -71.803  -14.691 1.0000000000
137252  4.894  -71.888  -6.459 0.4000000060
137283  -9.612  -42.815  -9.221 1.0000000000
137336  -1.361  -68.831  -11.916 1.0000000000
137696  -5.165  -78.095  -17.745 0.3000000119
137755  2.249  -43.026  -8.133 0.5000000000
137807  3.217  -44.717  -4.383 0.6999999881
137870  -18.895  -35.407  -6.068 0.4000000060
138083  4.992  -68.220  -7.866 0.5000000000
138084  -1.281  -75.757  -23.188 1.0000000000
138161  5.347  -49.078  -2.835 0.8999999762
138198  -0.491  -64.558  -13.377 1.0000000000
138245  5.016  -59.488  -23.653 0.2000000030
138413  -0.335  -57.492  -3.830 0.3000000119
138485  2.555  -56.937  -15.475 1.0000000000
138514  -19.061  -36.695  -8.771 0.4000000060
138537  2.348  -54.894  -2.380 0.1000000015
138653  5.080  -55.552  -12.237 1.0000000000
138698  3.008  -63.813  -16.531 0.8999999762
138716  -10.652  -76.967  -27.675 0.6999999881
138741  -2.887  -56.643  -12.478 1.0000000000
139002  1.429  -55.458  -5.095 0.6999999881
139019  -6.149  -71.622  -27.955 1.0000000000
139073  -9.226  -78.455  -17.472 0.2000000030
139271  -4.406  -74.169  -23.996 1.0000000000
139302  -3.626  -67.804  -9.658 1.0000000000
139438  -0.336  -48.166  -2.943 0.8999999762
139460  -4.004  -55.007  -12.057 1.0000000000
139519  -0.036  -78.519  -8.465 0.1000000015
139523  -1.516  -72.740  -27.225 1.0000000000
139586  -16.522  -75.499  -24.985 0.1000000015
139698  6.187  -65.570  -8.002 0.5000000000
139774  0.635  -60.210  -16.408 1.0000000000
139810  -3.418  -62.146  -13.967 1.0000000000
139892  -15.210  -75.822  -20.975 0.1000000015
139980  4.277  -51.111  -4.013 0.8999999762
140047  -7.770  -67.953  -14.675 1.0000000000
140113  -9.471  -31.855  -13.142 0.2000000030
140161  6.021  -59.908  -18.523 0.5000000000
140171  5.789  -51.872  -7.822 1.0000000000
140198  -2.396  -75.811  -25.101 0.8999999762
140224  5.533  -64.049  -16.667 0.6999999881
140275  5.666  -57.252  -11.919 1.0000000000
