
Fri Mar 13 23:26:05 CET 2026
cd /out/sourcedata/freesurfer/sub-v2s7x29797_ses-1
setenv SUBJECTS_DIR /out/sourcedata/freesurfer
/opt/freesurfer/bin/recon-all -autorecon1 -i /work/fmriprep_25_2_wf/sub_v2s7x29797_ses_1_wf/anat_fit_wf/anat_validate/sub-v2s7x29797_ses-1_run-1_T1w_noise_corrected_ras_valid.nii.gz -noskullstrip -noT2pial -noFLAIRpial -openmp 16 -subjid sub-v2s7x29797_ses-1 -sd /out/sourcedata/freesurfer

subjid sub-v2s7x29797_ses-1
setenv SUBJECTS_DIR /out/sourcedata/freesurfer
FREESURFER_HOME /opt/freesurfer
Actual FREESURFER_HOME /opt/freesurfer
build-stamp.txt: freesurfer-linux-ubuntu22_x86_64-7.3.2-20220804-6354275
Linux dna059 5.14.0-427.37.1.el9_4.x86_64 #1 SMP PREEMPT_DYNAMIC Fri Sep 13 12:41:50 EDT 2024 x86_64 x86_64 x86_64 GNU/Linux
cputime      unlimited
filesize     unlimited
datasize     unlimited
stacksize    8192 kbytes
coredumpsize 0 kbytes
memoryuse    67108864 kbytes
vmemoryuse   unlimited
descriptors  1024 
memorylocked unlimited
maxproc      2061970 
maxlocks     unlimited
maxsignal    2061970 
maxmessage   819200 
maxnice      0 
maxrtprio    0 
maxrttime    unlimited

               total        used        free      shared  buff/cache   available
Mem:           503Gi        51Gi       410Gi        12Gi        40Gi       435Gi
Swap:             0B          0B          0B

########################################
program versions used
7.3.2 (freesurfer-linux-ubuntu22_x86_64-7.3.2-20220804-6354275)
7.3.2

ProgramName: lta_convert  ProgramArguments: lta_convert -all-info  ProgramVersion: 7.3.2  TimeStamp: 2026/03/13-22:26:05-GMT  BuildTime: Aug  4 2022 06:17:15  BuildStamp: freesurfer-linux-ubuntu22_x86_64-7.3.2-20220804-6354275  User: oesteban  Machine: dna059  Platform: Linux  PlatformVersion: 5.14.0-427.37.1.el9_4.x86_64  CompilerName: GCC  CompilerVersion: 8.4.0
ProgramName: mri_and  ProgramArguments: mri_and -all-info  ProgramVersion: 7.3.2  TimeStamp: 2026/03/13-22:26:05-GMT  BuildTime: Aug  4 2022 06:17:15  BuildStamp: freesurfer-linux-ubuntu22_x86_64-7.3.2-20220804-6354275  User: oesteban  Machine: dna059  Platform: Linux  PlatformVersion: 5.14.0-427.37.1.el9_4.x86_64  CompilerName: GCC  CompilerVersion: 8.4.0
ProgramName: mri_annotation2label  ProgramArguments: mri_annotation2label -all-info  ProgramVersion: 7.3.2  TimeStamp: 2026/03/13-22:26:05-GMT  BuildTime: Aug  4 2022 06:17:15  BuildStamp: freesurfer-linux-ubuntu22_x86_64-7.3.2-20220804-6354275  User: oesteban  Machine: dna059  Platform: Linux  PlatformVersion: 5.14.0-427.37.1.el9_4.x86_64  CompilerName: GCC  CompilerVersion: 8.4.0
ProgramName: mri_aparc2aseg  ProgramArguments: mri_aparc2aseg -all-info  ProgramVersion: 7.3.2  TimeStamp: 2026/03/13-22:26:05-GMT  BuildTime: Aug  4 2022 06:17:15  BuildStamp: freesurfer-linux-ubuntu22_x86_64-7.3.2-20220804-6354275  User: oesteban  Machine: dna059  Platform: Linux  PlatformVersion: 5.14.0-427.37.1.el9_4.x86_64  CompilerName: GCC  CompilerVersion: 8.4.0
ProgramName: mri_surf2volseg  ProgramArguments: mri_surf2volseg -all-info  ProgramVersion: 7.3.2  TimeStamp: 2026/03/13-22:26:05-GMT  BuildTime: Aug  4 2022 06:17:15  BuildStamp: freesurfer-linux-ubuntu22_x86_64-7.3.2-20220804-6354275  User: oesteban  Machine: dna059  Platform: Linux  PlatformVersion: 5.14.0-427.37.1.el9_4.x86_64  CompilerName: GCC  CompilerVersion: 8.4.0
ProgramName: mri_binarize  ProgramArguments: mri_binarize -all-info  ProgramVersion: 7.3.2  TimeStamp: 2026/03/13-22:26:05-GMT  BuildTime: Aug  4 2022 06:17:15  BuildStamp: freesurfer-linux-ubuntu22_x86_64-7.3.2-20220804-6354275  User: oesteban  Machine: dna059  Platform: Linux  PlatformVersion: 5.14.0-427.37.1.el9_4.x86_64  CompilerName: GCC  CompilerVersion: 8.4.0
ProgramName: mri_ca_label  ProgramArguments: mri_ca_label -all-info  ProgramVersion: 7.3.2  TimeStamp: 2026/03/13-22:26:05-GMT  BuildTime: Aug  4 2022 06:17:15  BuildStamp: freesurfer-linux-ubuntu22_x86_64-7.3.2-20220804-6354275  User: oesteban  Machine: dna059  Platform: Linux  PlatformVersion: 5.14.0-427.37.1.el9_4.x86_64  CompilerName: GCC  CompilerVersion: 8.4.0
ProgramName: mri_ca_normalize  ProgramArguments: mri_ca_normalize -all-info  ProgramVersion: 7.3.2  TimeStamp: 2026/03/13-22:26:05-GMT  BuildTime: Aug  4 2022 06:17:15  BuildStamp: freesurfer-linux-ubuntu22_x86_64-7.3.2-20220804-6354275  User: oesteban  Machine: dna059  Platform: Linux  PlatformVersion: 5.14.0-427.37.1.el9_4.x86_64  CompilerName: GCC  CompilerVersion: 8.4.0
ProgramName: mri_ca_register  ProgramArguments: mri_ca_register -all-info  ProgramVersion: 7.3.2  TimeStamp: 2026/03/13-22:26:05-GMT  BuildTime: Aug  4 2022 06:17:15  BuildStamp: freesurfer-linux-ubuntu22_x86_64-7.3.2-20220804-6354275  User: oesteban  Machine: dna059  Platform: Linux  PlatformVersion: 5.14.0-427.37.1.el9_4.x86_64  CompilerName: GCC  CompilerVersion: 8.4.0
ProgramName: mri_cc  ProgramArguments: mri_cc -all-info  ProgramVersion: 7.3.2  TimeStamp: 2026/03/13-22:26:05-GMT  BuildTime: Aug  4 2022 06:17:15  BuildStamp: freesurfer-linux-ubuntu22_x86_64-7.3.2-20220804-6354275  User: oesteban  Machine: dna059  Platform: Linux  PlatformVersion: 5.14.0-427.37.1.el9_4.x86_64  CompilerName: GCC  CompilerVersion: 8.4.0
ProgramName: mri_compute_overlap  ProgramArguments: mri_compute_overlap -all-info  ProgramVersion: 7.3.2  TimeStamp: 2026/03/13-22:26:05-GMT  BuildTime: Aug  4 2022 06:17:15  BuildStamp: freesurfer-linux-ubuntu22_x86_64-7.3.2-20220804-6354275  User: oesteban  Machine: dna059  Platform: Linux  PlatformVersion: 5.14.0-427.37.1.el9_4.x86_64  CompilerName: GCC  CompilerVersion: 8.4.0
ProgramName: mri_compute_seg_overlap  ProgramArguments: mri_compute_seg_overlap -all-info  ProgramVersion: 7.3.2  TimeStamp: 2026/03/13-22:26:05-GMT  BuildTime: Aug  4 2022 06:17:15  BuildStamp: freesurfer-linux-ubuntu22_x86_64-7.3.2-20220804-6354275  User: oesteban  Machine: dna059  Platform: Linux  PlatformVersion: 5.14.0-427.37.1.el9_4.x86_64  CompilerName: GCC  CompilerVersion: 8.4.0
ProgramName: mri_concat  ProgramArguments: mri_concat -all-info  ProgramVersion: 7.3.2  TimeStamp: 2026/03/13-22:26:05-GMT  BuildTime: Aug  4 2022 06:17:15  BuildStamp: freesurfer-linux-ubuntu22_x86_64-7.3.2-20220804-6354275  User: oesteban  Machine: dna059  Platform: Linux  PlatformVersion: 5.14.0-427.37.1.el9_4.x86_64  CompilerName: GCC  CompilerVersion: 8.4.0
ProgramName: mri_concatenate_lta  ProgramArguments: mri_concatenate_lta -all-info  ProgramVersion: 7.3.2  TimeStamp: 2026/03/13-22:26:05-GMT  BuildTime: Aug  4 2022 06:17:15  BuildStamp: freesurfer-linux-ubuntu22_x86_64-7.3.2-20220804-6354275  User: oesteban  Machine: dna059  Platform: Linux  PlatformVersion: 5.14.0-427.37.1.el9_4.x86_64  CompilerName: GCC  CompilerVersion: 8.4.0
mri_convert -all-info 
ProgramName: mri_convert  ProgramArguments: mri_convert -all-info  ProgramVersion: 7.3.2  TimeStamp: 2026/03/13-22:26:05-GMT  BuildTime: Aug  4 2022 06:17:15  BuildStamp: freesurfer-linux-ubuntu22_x86_64-7.3.2-20220804-6354275  User: oesteban  Machine: dna059  Platform: Linux  PlatformVersion: 5.14.0-427.37.1.el9_4.x86_64  CompilerName: GCC  CompilerVersion: 8.4.0
ProgramName: mri_diff  ProgramArguments: mri_diff -all-info  ProgramVersion: 7.3.2  TimeStamp: 2026/03/13-22:26:05-GMT  BuildTime: Aug  4 2022 06:17:15  BuildStamp: freesurfer-linux-ubuntu22_x86_64-7.3.2-20220804-6354275  User: oesteban  Machine: dna059  Platform: Linux  PlatformVersion: 5.14.0-427.37.1.el9_4.x86_64  CompilerName: GCC  CompilerVersion: 8.4.0
ProgramName: mri_edit_wm_with_aseg  ProgramArguments: mri_edit_wm_with_aseg -all-info  ProgramVersion: 7.3.2  TimeStamp: 2026/03/13-22:26:05-GMT  BuildTime: Aug  4 2022 06:17:15  BuildStamp: freesurfer-linux-ubuntu22_x86_64-7.3.2-20220804-6354275  User: oesteban  Machine: dna059  Platform: Linux  PlatformVersion: 5.14.0-427.37.1.el9_4.x86_64  CompilerName: GCC  CompilerVersion: 8.4.0
ProgramName: mri_em_register  ProgramArguments: mri_em_register -all-info  ProgramVersion: 7.3.2  TimeStamp: 2026/03/13-22:26:05-GMT  BuildTime: Aug  4 2022 06:17:15  BuildStamp: freesurfer-linux-ubuntu22_x86_64-7.3.2-20220804-6354275  User: oesteban  Machine: dna059  Platform: Linux  PlatformVersion: 5.14.0-427.37.1.el9_4.x86_64  CompilerName: GCC  CompilerVersion: 8.4.0
ProgramName: mri_fill  ProgramArguments: mri_fill -all-info  ProgramVersion: 7.3.2  TimeStamp: 2026/03/13-22:26:05-GMT  BuildTime: Aug  4 2022 06:17:15  BuildStamp: freesurfer-linux-ubuntu22_x86_64-7.3.2-20220804-6354275  User: oesteban  Machine: dna059  Platform: Linux  PlatformVersion: 5.14.0-427.37.1.el9_4.x86_64  CompilerName: GCC  CompilerVersion: 8.4.0
ProgramName: mri_fuse_segmentations  ProgramArguments: mri_fuse_segmentations -all-info  ProgramVersion: 7.3.2  TimeStamp: 2026/03/13-22:26:05-GMT  BuildTime: Aug  4 2022 06:17:15  BuildStamp: freesurfer-linux-ubuntu22_x86_64-7.3.2-20220804-6354275  User: oesteban  Machine: dna059  Platform: Linux  PlatformVersion: 5.14.0-427.37.1.el9_4.x86_64  CompilerName: GCC  CompilerVersion: 8.4.0
ProgramName: mri_fwhm  ProgramArguments: mri_fwhm -all-info  ProgramVersion: 7.3.2  TimeStamp: 2026/03/13-22:26:05-GMT  BuildTime: Aug  4 2022 06:17:15  BuildStamp: freesurfer-linux-ubuntu22_x86_64-7.3.2-20220804-6354275  User: oesteban  Machine: dna059  Platform: Linux  PlatformVersion: 5.14.0-427.37.1.el9_4.x86_64  CompilerName: GCC  CompilerVersion: 8.4.0
ProgramName: mri_gcut  ProgramArguments: mri_gcut -all-info  ProgramVersion: 7.3.2  TimeStamp: 2026/03/13-22:26:05-GMT  BuildTime: Aug  4 2022 06:17:15  BuildStamp: freesurfer-linux-ubuntu22_x86_64-7.3.2-20220804-6354275  User: oesteban  Machine: dna059  Platform: Linux  PlatformVersion: 5.14.0-427.37.1.el9_4.x86_64  CompilerName: GCC  CompilerVersion: 8.4.0
ProgramName: mri_info  ProgramArguments: mri_info -all-info  ProgramVersion: 7.3.2  TimeStamp: 2026/03/13-22:26:05-GMT  BuildTime: Aug  4 2022 06:17:15  BuildStamp: freesurfer-linux-ubuntu22_x86_64-7.3.2-20220804-6354275  User: oesteban  Machine: dna059  Platform: Linux  PlatformVersion: 5.14.0-427.37.1.el9_4.x86_64  CompilerName: GCC  CompilerVersion: 8.4.0
ProgramName: mri_label2label  ProgramArguments: mri_label2label -all-info  ProgramVersion: 7.3.2  TimeStamp: 2026/03/13-22:26:05-GMT  BuildTime: Aug  4 2022 06:17:15  BuildStamp: freesurfer-linux-ubuntu22_x86_64-7.3.2-20220804-6354275  User: oesteban  Machine: dna059  Platform: Linux  PlatformVersion: 5.14.0-427.37.1.el9_4.x86_64  CompilerName: GCC  CompilerVersion: 8.4.0
ProgramName: mri_label2vol  ProgramArguments: mri_label2vol -all-info  ProgramVersion: 7.3.2  TimeStamp: 2026/03/13-22:26:05-GMT  BuildTime: Aug  4 2022 06:17:15  BuildStamp: freesurfer-linux-ubuntu22_x86_64-7.3.2-20220804-6354275  User: oesteban  Machine: dna059  Platform: Linux  PlatformVersion: 5.14.0-427.37.1.el9_4.x86_64  CompilerName: GCC  CompilerVersion: 8.4.0
ProgramName: mri_log_likelihood  ProgramArguments: mri_log_likelihood -all-info  ProgramVersion: 7.3.2  TimeStamp: 2026/03/13-22:26:05-GMT  BuildTime: Aug  4 2022 06:17:15  BuildStamp: freesurfer-linux-ubuntu22_x86_64-7.3.2-20220804-6354275  User: oesteban  Machine: dna059  Platform: Linux  PlatformVersion: 5.14.0-427.37.1.el9_4.x86_64  CompilerName: GCC  CompilerVersion: 8.4.0
ProgramName: mri_mask  ProgramArguments: mri_mask -all-info  ProgramVersion: 7.3.2  TimeStamp: 2026/03/13-22:26:05-GMT  BuildTime: Aug  4 2022 06:17:15  BuildStamp: freesurfer-linux-ubuntu22_x86_64-7.3.2-20220804-6354275  User: oesteban  Machine: dna059  Platform: Linux  PlatformVersion: 5.14.0-427.37.1.el9_4.x86_64  CompilerName: GCC  CompilerVersion: 8.4.0
ProgramName: mri_matrix_multiply  ProgramArguments: mri_matrix_multiply -all-info  ProgramVersion: 7.3.2  TimeStamp: 2026/03/13-22:26:05-GMT  BuildTime: Aug  4 2022 06:17:15  BuildStamp: freesurfer-linux-ubuntu22_x86_64-7.3.2-20220804-6354275  User: oesteban  Machine: dna059  Platform: Linux  PlatformVersion: 5.14.0-427.37.1.el9_4.x86_64  CompilerName: GCC  CompilerVersion: 8.4.0
ProgramName: mri_normalize  ProgramArguments: mri_normalize -all-info  ProgramVersion: 7.3.2  TimeStamp: 2026/03/13-22:26:05-GMT  BuildTime: Aug  4 2022 06:17:15  BuildStamp: freesurfer-linux-ubuntu22_x86_64-7.3.2-20220804-6354275  User: oesteban  Machine: dna059  Platform: Linux  PlatformVersion: 5.14.0-427.37.1.el9_4.x86_64  CompilerName: GCC  CompilerVersion: 8.4.0
ProgramName: mri_normalize_tp2  ProgramArguments: mri_normalize_tp2 -all-info  ProgramVersion: 7.3.2  TimeStamp: 2026/03/13-22:26:05-GMT  BuildTime: Aug  4 2022 06:17:15  BuildStamp: freesurfer-linux-ubuntu22_x86_64-7.3.2-20220804-6354275  User: oesteban  Machine: dna059  Platform: Linux  PlatformVersion: 5.14.0-427.37.1.el9_4.x86_64  CompilerName: GCC  CompilerVersion: 8.4.0
ProgramName: mri_or  ProgramArguments: mri_or -all-info  ProgramVersion: 7.3.2  TimeStamp: 2026/03/13-22:26:05-GMT  BuildTime: Aug  4 2022 06:17:15  BuildStamp: freesurfer-linux-ubuntu22_x86_64-7.3.2-20220804-6354275  User: oesteban  Machine: dna059  Platform: Linux  PlatformVersion: 5.14.0-427.37.1.el9_4.x86_64  CompilerName: GCC  CompilerVersion: 8.4.0
ProgramName: mri_relabel_hypointensities  ProgramArguments: mri_relabel_hypointensities -all-info  ProgramVersion: 7.3.2  TimeStamp: 2026/03/13-22:26:05-GMT  BuildTime: Aug  4 2022 06:17:15  BuildStamp: freesurfer-linux-ubuntu22_x86_64-7.3.2-20220804-6354275  User: oesteban  Machine: dna059  Platform: Linux  PlatformVersion: 5.14.0-427.37.1.el9_4.x86_64  CompilerName: GCC  CompilerVersion: 8.4.0
ProgramName: mri_relabel_nonwm_hypos  ProgramArguments: mri_relabel_nonwm_hypos -all-info  ProgramVersion: 7.3.2  TimeStamp: 2026/03/13-22:26:05-GMT  BuildTime: Aug  4 2022 06:17:15  BuildStamp: freesurfer-linux-ubuntu22_x86_64-7.3.2-20220804-6354275  User: oesteban  Machine: dna059  Platform: Linux  PlatformVersion: 5.14.0-427.37.1.el9_4.x86_64  CompilerName: GCC  CompilerVersion: 8.4.0
ProgramName: mri_remove_neck  ProgramArguments: mri_remove_neck -all-info  ProgramVersion: 7.3.2  TimeStamp: 2026/03/13-22:26:05-GMT  BuildTime: Aug  4 2022 06:17:15  BuildStamp: freesurfer-linux-ubuntu22_x86_64-7.3.2-20220804-6354275  User: oesteban  Machine: dna059  Platform: Linux  PlatformVersion: 5.14.0-427.37.1.el9_4.x86_64  CompilerName: GCC  CompilerVersion: 8.4.0
7.3.2

ProgramName: mri_robust_register  ProgramArguments: mri_robust_register -all-info  ProgramVersion: 7.3.2  TimeStamp: 2026/03/13-22:26:05-GMT  BuildTime: Aug  4 2022 06:17:15  BuildStamp: freesurfer-linux-ubuntu22_x86_64-7.3.2-20220804-6354275  User: oesteban  Machine: dna059  Platform: Linux  PlatformVersion: 5.14.0-427.37.1.el9_4.x86_64  CompilerName: GCC  CompilerVersion: 8.4.0
7.3.2

ProgramName: mri_robust_template  ProgramArguments: mri_robust_template -all-info  ProgramVersion: 7.3.2  TimeStamp: 2026/03/13-22:26:05-GMT  BuildTime: Aug  4 2022 06:17:15  BuildStamp: freesurfer-linux-ubuntu22_x86_64-7.3.2-20220804-6354275  User: oesteban  Machine: dna059  Platform: Linux  PlatformVersion: 5.14.0-427.37.1.el9_4.x86_64  CompilerName: GCC  CompilerVersion: 8.4.0
ProgramName: mris_anatomical_stats  ProgramArguments: mris_anatomical_stats -all-info  ProgramVersion: 7.3.2  TimeStamp: 2026/03/13-22:26:05-GMT  BuildTime: Aug  4 2022 06:17:15  BuildStamp: freesurfer-linux-ubuntu22_x86_64-7.3.2-20220804-6354275  User: oesteban  Machine: dna059  Platform: Linux  PlatformVersion: 5.14.0-427.37.1.el9_4.x86_64  CompilerName: GCC  CompilerVersion: 8.4.0
ProgramName: mris_ca_label  ProgramArguments: mris_ca_label -all-info  ProgramVersion: 7.3.2  TimeStamp: 2026/03/13-22:26:05-GMT  BuildTime: Aug  4 2022 06:17:15  BuildStamp: freesurfer-linux-ubuntu22_x86_64-7.3.2-20220804-6354275  User: oesteban  Machine: dna059  Platform: Linux  PlatformVersion: 5.14.0-427.37.1.el9_4.x86_64  CompilerName: GCC  CompilerVersion: 8.4.0
ProgramName: mris_calc  ProgramArguments: mris_calc -all-info  ProgramVersion: 7.3.2  TimeStamp: 2026/03/13-22:26:05-GMT  BuildTime: Aug  4 2022 06:17:15  BuildStamp: freesurfer-linux-ubuntu22_x86_64-7.3.2-20220804-6354275  User: oesteban  Machine: dna059  Platform: Linux  PlatformVersion: 5.14.0-427.37.1.el9_4.x86_64  CompilerName: GCC  CompilerVersion: 8.4.0
ProgramName: mris_convert  ProgramArguments: mris_convert -all-info  ProgramVersion: 7.3.2  TimeStamp: 2026/03/13-22:26:05-GMT  BuildTime: Aug  4 2022 06:17:15  BuildStamp: freesurfer-linux-ubuntu22_x86_64-7.3.2-20220804-6354275  User: oesteban  Machine: dna059  Platform: Linux  PlatformVersion: 5.14.0-427.37.1.el9_4.x86_64  CompilerName: GCC  CompilerVersion: 8.4.0
ProgramName: mris_curvature  ProgramArguments: mris_curvature -all-info  ProgramVersion: 7.3.2  TimeStamp: 2026/03/13-22:26:05-GMT  BuildTime: Aug  4 2022 06:17:15  BuildStamp: freesurfer-linux-ubuntu22_x86_64-7.3.2-20220804-6354275  User: oesteban  Machine: dna059  Platform: Linux  PlatformVersion: 5.14.0-427.37.1.el9_4.x86_64  CompilerName: GCC  CompilerVersion: 8.4.0
ProgramName: mris_curvature_stats  ProgramArguments: mris_curvature_stats -all-info  ProgramVersion: 7.3.2  TimeStamp: 2026/03/13-22:26:05-GMT  BuildTime: Aug  4 2022 06:17:15  BuildStamp: freesurfer-linux-ubuntu22_x86_64-7.3.2-20220804-6354275  User: oesteban  Machine: dna059  Platform: Linux  PlatformVersion: 5.14.0-427.37.1.el9_4.x86_64  CompilerName: GCC  CompilerVersion: 8.4.0
ProgramName: mris_diff  ProgramArguments: mris_diff -all-info  ProgramVersion: 7.3.2  TimeStamp: 2026/03/13-22:26:05-GMT  BuildTime: Aug  4 2022 06:17:15  BuildStamp: freesurfer-linux-ubuntu22_x86_64-7.3.2-20220804-6354275  User: oesteban  Machine: dna059  Platform: Linux  PlatformVersion: 5.14.0-427.37.1.el9_4.x86_64  CompilerName: GCC  CompilerVersion: 8.4.0
ProgramName: mris_divide_parcellation  ProgramArguments: mris_divide_parcellation -all-info  ProgramVersion: 7.3.2  TimeStamp: 2026/03/13-22:26:05-GMT  BuildTime: Aug  4 2022 06:17:15  BuildStamp: freesurfer-linux-ubuntu22_x86_64-7.3.2-20220804-6354275  User: oesteban  Machine: dna059  Platform: Linux  PlatformVersion: 5.14.0-427.37.1.el9_4.x86_64  CompilerName: GCC  CompilerVersion: 8.4.0
ProgramName: mri_segment  ProgramArguments: mri_segment -all-info  ProgramVersion: 7.3.2  TimeStamp: 2026/03/13-22:26:05-GMT  BuildTime: Aug  4 2022 06:17:15  BuildStamp: freesurfer-linux-ubuntu22_x86_64-7.3.2-20220804-6354275  User: oesteban  Machine: dna059  Platform: Linux  PlatformVersion: 5.14.0-427.37.1.el9_4.x86_64  CompilerName: GCC  CompilerVersion: 8.4.0
ProgramName: mri_segstats  ProgramArguments: mri_segstats -all-info  ProgramVersion: 7.3.2  TimeStamp: 2026/03/13-22:26:05-GMT  BuildTime: Aug  4 2022 06:17:15  BuildStamp: freesurfer-linux-ubuntu22_x86_64-7.3.2-20220804-6354275  User: oesteban  Machine: dna059  Platform: Linux  PlatformVersion: 5.14.0-427.37.1.el9_4.x86_64  CompilerName: GCC  CompilerVersion: 8.4.0
ProgramName: mris_euler_number  ProgramArguments: mris_euler_number -all-info  ProgramVersion: 7.3.2  TimeStamp: 2026/03/13-22:26:05-GMT  BuildTime: Aug  4 2022 06:17:15  BuildStamp: freesurfer-linux-ubuntu22_x86_64-7.3.2-20220804-6354275  User: oesteban  Machine: dna059  Platform: Linux  PlatformVersion: 5.14.0-427.37.1.el9_4.x86_64  CompilerName: GCC  CompilerVersion: 8.4.0
ProgramName: mris_fix_topology  ProgramArguments: mris_fix_topology -all-info  ProgramVersion: 7.3.2  TimeStamp: 2026/03/13-22:26:05-GMT  BuildTime: Aug  4 2022 06:17:15  BuildStamp: freesurfer-linux-ubuntu22_x86_64-7.3.2-20220804-6354275  User: oesteban  Machine: dna059  Platform: Linux  PlatformVersion: 5.14.0-427.37.1.el9_4.x86_64  CompilerName: GCC  CompilerVersion: 8.4.0
ProgramName: mris_topo_fixer  ProgramArguments: mris_topo_fixer -all-info  ProgramVersion: 7.3.2  TimeStamp: 2026/03/13-22:26:05-GMT  BuildTime: Aug  4 2022 06:17:15  BuildStamp: freesurfer-linux-ubuntu22_x86_64-7.3.2-20220804-6354275  User: oesteban  Machine: dna059  Platform: Linux  PlatformVersion: 5.14.0-427.37.1.el9_4.x86_64  CompilerName: GCC  CompilerVersion: 8.4.0
ProgramName: mris_jacobian  ProgramArguments: mris_jacobian -all-info  ProgramVersion: 7.3.2  TimeStamp: 2026/03/13-22:26:05-GMT  BuildTime: Aug  4 2022 06:17:15  BuildStamp: freesurfer-linux-ubuntu22_x86_64-7.3.2-20220804-6354275  User: oesteban  Machine: dna059  Platform: Linux  PlatformVersion: 5.14.0-427.37.1.el9_4.x86_64  CompilerName: GCC  CompilerVersion: 8.4.0
ProgramName: mris_label2annot  ProgramArguments: mris_label2annot -all-info  ProgramVersion: 7.3.2  TimeStamp: 2026/03/13-22:26:05-GMT  BuildTime: Aug  4 2022 06:17:15  BuildStamp: freesurfer-linux-ubuntu22_x86_64-7.3.2-20220804-6354275  User: oesteban  Machine: dna059  Platform: Linux  PlatformVersion: 5.14.0-427.37.1.el9_4.x86_64  CompilerName: GCC  CompilerVersion: 8.4.0
ProgramName: mris_left_right_register  ProgramArguments: mris_left_right_register -all-info  ProgramVersion: 7.3.2  TimeStamp: 2026/03/13-22:26:05-GMT  BuildTime: Aug  4 2022 06:17:15  BuildStamp: freesurfer-linux-ubuntu22_x86_64-7.3.2-20220804-6354275  User: oesteban  Machine: dna059  Platform: Linux  PlatformVersion: 5.14.0-427.37.1.el9_4.x86_64  CompilerName: GCC  CompilerVersion: 8.4.0
ProgramName: mris_place_surface  ProgramArguments: mris_place_surface -all-info  ProgramVersion: 7.3.2  TimeStamp: 2026/03/13-22:26:05-GMT  BuildTime: Aug  4 2022 06:17:15  BuildStamp: freesurfer-linux-ubuntu22_x86_64-7.3.2-20220804-6354275  User: oesteban  Machine: dna059  Platform: Linux  PlatformVersion: 5.14.0-427.37.1.el9_4.x86_64  CompilerName: GCC  CompilerVersion: 8.4.0
ProgramName: mrisp_paint  ProgramArguments: mrisp_paint -all-info  ProgramVersion: 7.3.2  TimeStamp: 2026/03/13-22:26:05-GMT  BuildTime: Aug  4 2022 06:17:15  BuildStamp: freesurfer-linux-ubuntu22_x86_64-7.3.2-20220804-6354275  User: oesteban  Machine: dna059  Platform: Linux  PlatformVersion: 5.14.0-427.37.1.el9_4.x86_64  CompilerName: GCC  CompilerVersion: 8.4.0
ProgramName: mris_register  ProgramArguments: mris_register -all-info  ProgramVersion: 7.3.2  TimeStamp: 2026/03/13-22:26:05-GMT  BuildTime: Aug  4 2022 06:17:15  BuildStamp: freesurfer-linux-ubuntu22_x86_64-7.3.2-20220804-6354275  User: oesteban  Machine: dna059  Platform: Linux  PlatformVersion: 5.14.0-427.37.1.el9_4.x86_64  CompilerName: GCC  CompilerVersion: 8.4.0
ProgramName: mris_smooth  ProgramArguments: mris_smooth -all-info  ProgramVersion: 7.3.2  TimeStamp: 2026/03/13-22:26:05-GMT  BuildTime: Aug  4 2022 06:17:15  BuildStamp: freesurfer-linux-ubuntu22_x86_64-7.3.2-20220804-6354275  User: oesteban  Machine: dna059  Platform: Linux  PlatformVersion: 5.14.0-427.37.1.el9_4.x86_64  CompilerName: GCC  CompilerVersion: 8.4.0
ProgramName: mris_sphere  ProgramArguments: mris_sphere -all-info  ProgramVersion: 7.3.2  TimeStamp: 2026/03/13-22:26:05-GMT  BuildTime: Aug  4 2022 06:17:15  BuildStamp: freesurfer-linux-ubuntu22_x86_64-7.3.2-20220804-6354275  User: oesteban  Machine: dna059  Platform: Linux  PlatformVersion: 5.14.0-427.37.1.el9_4.x86_64  CompilerName: GCC  CompilerVersion: 8.4.0
ProgramName: mris_surface_stats  ProgramArguments: mris_surface_stats -all-info  ProgramVersion: 7.3.2  TimeStamp: 2026/03/13-22:26:05-GMT  BuildTime: Aug  4 2022 06:17:15  BuildStamp: freesurfer-linux-ubuntu22_x86_64-7.3.2-20220804-6354275  User: oesteban  Machine: dna059  Platform: Linux  PlatformVersion: 5.14.0-427.37.1.el9_4.x86_64  CompilerName: GCC  CompilerVersion: 8.4.0
ProgramName: mri_stats2seg  ProgramArguments: mri_stats2seg -all-info  ProgramVersion: 7.3.2  TimeStamp: 2026/03/13-22:26:05-GMT  BuildTime: Aug  4 2022 06:17:15  BuildStamp: freesurfer-linux-ubuntu22_x86_64-7.3.2-20220804-6354275  User: oesteban  Machine: dna059  Platform: Linux  PlatformVersion: 5.14.0-427.37.1.el9_4.x86_64  CompilerName: GCC  CompilerVersion: 8.4.0
ProgramName: mris_thickness  ProgramArguments: mris_thickness -all-info  ProgramVersion: 7.3.2  TimeStamp: 2026/03/13-22:26:05-GMT  BuildTime: Aug  4 2022 06:17:15  BuildStamp: freesurfer-linux-ubuntu22_x86_64-7.3.2-20220804-6354275  User: oesteban  Machine: dna059  Platform: Linux  PlatformVersion: 5.14.0-427.37.1.el9_4.x86_64  CompilerName: GCC  CompilerVersion: 8.4.0
ProgramName: mris_thickness_diff  ProgramArguments: mris_thickness_diff -all-info  ProgramVersion: 7.3.2  TimeStamp: 2026/03/13-22:26:05-GMT  BuildTime: Aug  4 2022 06:17:15  BuildStamp: freesurfer-linux-ubuntu22_x86_64-7.3.2-20220804-6354275  User: oesteban  Machine: dna059  Platform: Linux  PlatformVersion: 5.14.0-427.37.1.el9_4.x86_64  CompilerName: GCC  CompilerVersion: 8.4.0
ProgramName: mris_topo_fixer  ProgramArguments: mris_topo_fixer -all-info  ProgramVersion: 7.3.2  TimeStamp: 2026/03/13-22:26:05-GMT  BuildTime: Aug  4 2022 06:17:15  BuildStamp: freesurfer-linux-ubuntu22_x86_64-7.3.2-20220804-6354275  User: oesteban  Machine: dna059  Platform: Linux  PlatformVersion: 5.14.0-427.37.1.el9_4.x86_64  CompilerName: GCC  CompilerVersion: 8.4.0
ProgramName: mri_surf2surf  ProgramArguments: mri_surf2surf -all-info  ProgramVersion: 7.3.2  TimeStamp: 2026/03/13-22:26:05-GMT  BuildTime: Aug  4 2022 06:17:15  BuildStamp: freesurfer-linux-ubuntu22_x86_64-7.3.2-20220804-6354275  User: oesteban  Machine: dna059  Platform: Linux  PlatformVersion: 5.14.0-427.37.1.el9_4.x86_64  CompilerName: GCC  CompilerVersion: 8.4.0
ProgramName: mri_surf2vol  ProgramArguments: mri_surf2vol -all-info  ProgramVersion: 7.3.2  TimeStamp: 2026/03/13-22:26:05-GMT  BuildTime: Aug  4 2022 06:17:15  BuildStamp: freesurfer-linux-ubuntu22_x86_64-7.3.2-20220804-6354275  User: oesteban  Machine: dna059  Platform: Linux  PlatformVersion: 5.14.0-427.37.1.el9_4.x86_64  CompilerName: GCC  CompilerVersion: 8.4.0
ProgramName: mri_surfcluster  ProgramArguments: mri_surfcluster -all-info  ProgramVersion: 7.3.2  TimeStamp: 2026/03/13-22:26:05-GMT  BuildTime: Aug  4 2022 06:17:15  BuildStamp: freesurfer-linux-ubuntu22_x86_64-7.3.2-20220804-6354275  User: oesteban  Machine: dna059  Platform: Linux  PlatformVersion: 5.14.0-427.37.1.el9_4.x86_64  CompilerName: GCC  CompilerVersion: 8.4.0
ProgramName: mris_volmask  ProgramArguments: mris_volmask -all-info  ProgramVersion: 7.3.2  TimeStamp: 2026/03/13-22:26:05-GMT  BuildTime: Aug  4 2022 06:17:15  BuildStamp: freesurfer-linux-ubuntu22_x86_64-7.3.2-20220804-6354275  User: oesteban  Machine: dna059  Platform: Linux  PlatformVersion: 5.14.0-427.37.1.el9_4.x86_64  CompilerName: GCC  CompilerVersion: 8.4.0
ProgramName: mri_tessellate  ProgramArguments: mri_tessellate -all-info  ProgramVersion: 7.3.2  TimeStamp: 2026/03/13-22:26:05-GMT  BuildTime: Aug  4 2022 06:17:15  BuildStamp: freesurfer-linux-ubuntu22_x86_64-7.3.2-20220804-6354275  User: oesteban  Machine: dna059  Platform: Linux  PlatformVersion: 5.14.0-427.37.1.el9_4.x86_64  CompilerName: GCC  CompilerVersion: 8.4.0
ProgramName: mri_vol2surf  ProgramArguments: mri_vol2surf -all-info  ProgramVersion: 7.3.2  TimeStamp: 2026/03/13-22:26:05-GMT  BuildTime: Aug  4 2022 06:17:15  BuildStamp: freesurfer-linux-ubuntu22_x86_64-7.3.2-20220804-6354275  User: oesteban  Machine: dna059  Platform: Linux  PlatformVersion: 5.14.0-427.37.1.el9_4.x86_64  CompilerName: GCC  CompilerVersion: 8.4.0
ProgramName: mri_vol2vol  ProgramArguments: mri_vol2vol -all-info  ProgramVersion: 7.3.2  TimeStamp: 2026/03/13-22:26:05-GMT  BuildTime: Aug  4 2022 06:17:15  BuildStamp: freesurfer-linux-ubuntu22_x86_64-7.3.2-20220804-6354275  User: oesteban  Machine: dna059  Platform: Linux  PlatformVersion: 5.14.0-427.37.1.el9_4.x86_64  CompilerName: GCC  CompilerVersion: 8.4.0
ProgramName: mri_voldiff  ProgramArguments: mri_voldiff -all-info  ProgramVersion: 7.3.2  TimeStamp: 2026/03/13-22:26:05-GMT  BuildTime: Aug  4 2022 06:17:15  BuildStamp: freesurfer-linux-ubuntu22_x86_64-7.3.2-20220804-6354275  User: oesteban  Machine: dna059  Platform: Linux  PlatformVersion: 5.14.0-427.37.1.el9_4.x86_64  CompilerName: GCC  CompilerVersion: 8.4.0
ProgramName: mri_watershed  ProgramArguments: mri_watershed -all-info  ProgramVersion: 7.3.2  TimeStamp: 2026/03/13-22:26:05-GMT  BuildTime: Aug  4 2022 06:17:15  BuildStamp: freesurfer-linux-ubuntu22_x86_64-7.3.2-20220804-6354275  User: oesteban  Machine: dna059  Platform: Linux  PlatformVersion: 5.14.0-427.37.1.el9_4.x86_64  CompilerName: GCC  CompilerVersion: 8.4.0
ProgramName: tkregister2  ProgramArguments: tkregister2_cmdl -all-info  ProgramVersion: 7.3.2  TimeStamp: 2026/03/13-22:26:05-GMT  BuildTime: Aug  4 2022 06:17:15  BuildStamp: freesurfer-linux-ubuntu22_x86_64-7.3.2-20220804-6354275  User: oesteban  Machine: dna059  Platform: Linux  PlatformVersion: 5.14.0-427.37.1.el9_4.x86_64  CompilerName: GCC  CompilerVersion: 8.4.0
mri_motion_correct.fsl 7.3.2
mri_convert -all-info 
ProgramName: mri_convert  ProgramArguments: mri_convert -all-info  ProgramVersion: 7.3.2  TimeStamp: 2026/03/13-22:26:05-GMT  BuildTime: Aug  4 2022 06:17:15  BuildStamp: freesurfer-linux-ubuntu22_x86_64-7.3.2-20220804-6354275  User: oesteban  Machine: dna059  Platform: Linux  PlatformVersion: 5.14.0-427.37.1.el9_4.x86_64  CompilerName: GCC  CompilerVersion: 8.4.0
Program nu_correct, built from:
Package MNI N3, version 1.12.0, compiled by nicks@terrier (x86_64-unknown-linux-gnu) on 2015-06-19 at 01:25:34
#######################################
GCADIR /opt/freesurfer/average
GCA RB_all_2020-01-02.gca
GCASkull RB_all_withskull_2020_01_02.gca
AvgCurvTif folding.atlas.acfb40.noaparc.i12.2016-08-02.tif
GCSDIR /opt/freesurfer/average
GCS DKaparc.atlas.acfb40.noaparc.i12.2016-08-02.gcs
#######################################
/out/sourcedata/freesurfer/sub-v2s7x29797_ses-1

 mri_convert /work/fmriprep_25_2_wf/sub_v2s7x29797_ses_1_wf/anat_fit_wf/anat_validate/sub-v2s7x29797_ses-1_run-1_T1w_noise_corrected_ras_valid.nii.gz /out/sourcedata/freesurfer/sub-v2s7x29797_ses-1/mri/orig/001.mgz 

mri_convert /work/fmriprep_25_2_wf/sub_v2s7x29797_ses_1_wf/anat_fit_wf/anat_validate/sub-v2s7x29797_ses-1_run-1_T1w_noise_corrected_ras_valid.nii.gz /out/sourcedata/freesurfer/sub-v2s7x29797_ses-1/mri/orig/001.mgz 
reading from /work/fmriprep_25_2_wf/sub_v2s7x29797_ses_1_wf/anat_fit_wf/anat_validate/sub-v2s7x29797_ses-1_run-1_T1w_noise_corrected_ras_valid.nii.gz...
TR=0.00, TE=0.00, TI=0.00, flip angle=0.00
i_ras = (1, 0, 0)
j_ras = (0, 1, 0)
k_ras = (0, 0, 1)
writing to /out/sourcedata/freesurfer/sub-v2s7x29797_ses-1/mri/orig/001.mgz...
#--------------------------------------------
#@# MotionCor Fri Mar 13 23:26:07 CET 2026
Found 1 runs
/out/sourcedata/freesurfer/sub-v2s7x29797_ses-1/mri/orig/001.mgz
Checking for (invalid) multi-frame inputs...
Only one run found so motion
correction will not be performed. I'll
copy the run to rawavg and continue.

 cp /out/sourcedata/freesurfer/sub-v2s7x29797_ses-1/mri/orig/001.mgz /out/sourcedata/freesurfer/sub-v2s7x29797_ses-1/mri/rawavg.mgz 


 mri_info /out/sourcedata/freesurfer/sub-v2s7x29797_ses-1/mri/rawavg.mgz 

rawavg.mgz ========================================
Volume information for /out/sourcedata/freesurfer/sub-v2s7x29797_ses-1/mri/rawavg.mgz
          type: MGH
    dimensions: 256 x 182 x 256
   voxel sizes: 0.976563, 1.200000, 0.976562
          type: FLOAT (3)
           fov: 250.000
           dof: 1
        xstart: -125.0, xend: 125.0
        ystart: -109.2, yend: 109.2
        zstart: -125.0, zend: 125.0
            TR: 0.00 msec, TE: 0.00 msec, TI: 0.00 msec, flip angle: 0.00 degrees
       nframes: 1
       PhEncDir: UNKNOWN
       FieldStrength: 0.000000
ras xform present
    xform info: x_r =   1.0000, y_r =   0.0000, z_r =   0.0000, c_r =    10.9386
              : x_a =   0.0000, y_a =   1.0000, z_a =   0.0000, c_a =     8.2029
              : x_s =   0.0000, y_s =   0.0000, z_s =   1.0000, c_s =    15.8419

talairach xfm : 
Orientation   : RAS
Primary Slice Direction: axial

voxel to ras transform:
                0.9766   0.0000   0.0000  -114.0614
                0.0000   1.2000   0.0000  -100.9971
                0.0000   0.0000   0.9766  -109.1581
                0.0000   0.0000   0.0000     1.0000

voxel-to-ras determinant 1.14441

ras to voxel transform:
                1.0240   0.0000   0.0000   116.7989
                0.0000   0.8333   0.0000    84.1643
                0.0000   0.0000   1.0240   111.7779
                0.0000   0.0000   0.0000     1.0000
/out/sourcedata/freesurfer/sub-v2s7x29797_ses-1

 mri_convert /out/sourcedata/freesurfer/sub-v2s7x29797_ses-1/mri/rawavg.mgz /out/sourcedata/freesurfer/sub-v2s7x29797_ses-1/mri/orig.mgz --conform 

mri_convert /out/sourcedata/freesurfer/sub-v2s7x29797_ses-1/mri/rawavg.mgz /out/sourcedata/freesurfer/sub-v2s7x29797_ses-1/mri/orig.mgz --conform 
reading from /out/sourcedata/freesurfer/sub-v2s7x29797_ses-1/mri/rawavg.mgz...
TR=0.00, TE=0.00, TI=0.00, flip angle=0.00
i_ras = (1, 0, 0)
j_ras = (0, 1, 0)
k_ras = (0, 0, 1)
changing data type from float to uchar (noscale = 0)...
MRIchangeType: Building histogram -0.000244868 1067.46 1000, flo=0, fhi=0.999, dest_type=0
Reslicing using trilinear interpolation 
writing to /out/sourcedata/freesurfer/sub-v2s7x29797_ses-1/mri/orig.mgz...

 mri_add_xform_to_header -c /out/sourcedata/freesurfer/sub-v2s7x29797_ses-1/mri/transforms/talairach.xfm /out/sourcedata/freesurfer/sub-v2s7x29797_ses-1/mri/orig.mgz /out/sourcedata/freesurfer/sub-v2s7x29797_ses-1/mri/orig.mgz 

INFO: extension is mgz

 mri_info /out/sourcedata/freesurfer/sub-v2s7x29797_ses-1/mri/orig.mgz 

orig.mgz ========================================
Volume information for /out/sourcedata/freesurfer/sub-v2s7x29797_ses-1/mri/orig.mgz
          type: MGH
    dimensions: 256 x 256 x 256
   voxel sizes: 1.000000, 1.000000, 1.000000
          type: UCHAR (0)
           fov: 256.000
           dof: 1
        xstart: -128.0, xend: 128.0
        ystart: -128.0, yend: 128.0
        zstart: -128.0, zend: 128.0
            TR: 0.00 msec, TE: 0.00 msec, TI: 0.00 msec, flip angle: 0.00 degrees
       nframes: 1
       PhEncDir: UNKNOWN
       FieldStrength: 0.000000
ras xform present
    xform info: x_r =  -1.0000, y_r =   0.0000, z_r =   0.0000, c_r =    10.9386
              : x_a =   0.0000, y_a =   0.0000, z_a =   1.0000, c_a =     8.2029
              : x_s =   0.0000, y_s =  -1.0000, z_s =   0.0000, c_s =    15.8419

talairach xfm : /out/sourcedata/freesurfer/sub-v2s7x29797_ses-1/mri/transforms/talairach.xfm
Orientation   : LIA
Primary Slice Direction: coronal

voxel to ras transform:
               -1.0000   0.0000   0.0000   138.9386
                0.0000   0.0000   1.0000  -119.7971
                0.0000  -1.0000   0.0000   143.8419
                0.0000   0.0000   0.0000     1.0000

voxel-to-ras determinant -1

ras to voxel transform:
               -1.0000  -0.0000  -0.0000   138.9386
               -0.0000  -0.0000  -1.0000   143.8419
               -0.0000   1.0000  -0.0000   119.7971
               -0.0000  -0.0000  -0.0000     1.0000
#--------------------------------------------
#@# Talairach Fri Mar 13 23:26:18 CET 2026
/out/sourcedata/freesurfer/sub-v2s7x29797_ses-1/mri

 mri_nu_correct.mni --no-rescale --i orig.mgz --o orig_nu.mgz --ants-n4 --n 1 --proto-iters 1000 --distance 50 

/usr/bin/bc
/out/sourcedata/freesurfer/sub-v2s7x29797_ses-1/mri
/opt/freesurfer/bin/mri_nu_correct.mni
--no-rescale --i orig.mgz --o orig_nu.mgz --ants-n4 --n 1 --proto-iters 1000 --distance 50
nIters 1
mri_nu_correct.mni 7.3.2
Linux dna059 5.14.0-427.37.1.el9_4.x86_64 #1 SMP PREEMPT_DYNAMIC Fri Sep 13 12:41:50 EDT 2024 x86_64 x86_64 x86_64 GNU/Linux
Fri Mar 13 23:26:18 CET 2026
tmpdir is ./tmp.mri_nu_correct.mni.290708
cd /out/sourcedata/freesurfer/sub-v2s7x29797_ses-1/mri
AntsN4BiasFieldCorrectionFs -i orig.mgz -o ./tmp.mri_nu_correct.mni.290708/nu0.mgz --dtype uchar
AntsN4BiasFieldCorrectionFs done
mri_convert ./tmp.mri_nu_correct.mni.290708/nu0.mgz orig_nu.mgz --like orig.mgz --conform
mri_convert ./tmp.mri_nu_correct.mni.290708/nu0.mgz orig_nu.mgz --like orig.mgz --conform 
reading from ./tmp.mri_nu_correct.mni.290708/nu0.mgz...
TR=0.00, TE=0.00, TI=0.00, flip angle=0.00
i_ras = (-1, 0, 0)
j_ras = (0, 0, -1)
k_ras = (0, 1, 0)
INFO: transform src into the like-volume: orig.mgz
writing to orig_nu.mgz...
 
 
Fri Mar 13 23:29:12 CET 2026
mri_nu_correct.mni done

 talairach_avi --i orig_nu.mgz --xfm transforms/talairach.auto.xfm 

talairach_avi log file is transforms/talairach_avi.log...
mv -f /out/sourcedata/freesurfer/sub-v2s7x29797_ses-1/mri/talsrcimg_to_711-2C_as_mni_average_305_t4_vox2vox.txt /out/sourcedata/freesurfer/sub-v2s7x29797_ses-1/mri/transforms/talsrcimg_to_711-2C_as_mni_average_305_t4_vox2vox.txt
Started at Fri Mar 13 23:29:12 CET 2026
Ended   at Fri Mar 13 23:30:40 CET 2026
talairach_avi done

 cp transforms/talairach.auto.xfm transforms/talairach.xfm 

lta_convert --src orig.mgz --trg /opt/freesurfer/average/mni305.cor.mgz --inxfm transforms/talairach.xfm --outlta transforms/talairach.xfm.lta --subject fsaverage --ltavox2vox
7.3.2

--src: orig.mgz src image (geometry).
--trg: /opt/freesurfer/average/mni305.cor.mgz trg image (geometry).
--inmni: transforms/talairach.xfm input MNI/XFM transform.
--outlta: transforms/talairach.xfm.lta output LTA.
--s: fsaverage subject name
--ltavox2vox: output LTA as VOX_TO_VOX transform.
 LTA read, type : 1
 1.16777  -0.02782  -0.00855  -9.99678;
 0.06469   1.01192   0.40525  -30.72937;
-0.03977  -0.29854   1.00779  -3.51488;
 0.00000   0.00000   0.00000   1.00000;
setting subject to fsaverage
Writing  LTA to file transforms/talairach.xfm.lta...
lta_convert successful.
#--------------------------------------------
#@# Talairach Failure Detection Fri Mar 13 23:30:42 CET 2026
/out/sourcedata/freesurfer/sub-v2s7x29797_ses-1/mri

 talairach_afd -T 0.005 -xfm transforms/talairach.xfm 

talairach_afd: Talairach Transform: transforms/talairach.xfm OK (p=0.6348, pval=0.3663 >= threshold=0.0050)

 awk -f /opt/freesurfer/bin/extract_talairach_avi_QA.awk /out/sourcedata/freesurfer/sub-v2s7x29797_ses-1/mri/transforms/talairach_avi.log 


 tal_QC_AZS /out/sourcedata/freesurfer/sub-v2s7x29797_ses-1/mri/transforms/talairach_avi.log 

TalAviQA: 0.97345
z-score: -1
#--------------------------------------------
#@# Nu Intensity Correction Fri Mar 13 23:30:42 CET 2026

 mri_nu_correct.mni --i orig.mgz --o nu.mgz --uchar transforms/talairach.xfm --n 2 --ants-n4 

/usr/bin/bc
/out/sourcedata/freesurfer/sub-v2s7x29797_ses-1/mri
/opt/freesurfer/bin/mri_nu_correct.mni
--i orig.mgz --o nu.mgz --uchar transforms/talairach.xfm --n 2 --ants-n4
nIters 2
mri_nu_correct.mni 7.3.2
Linux dna059 5.14.0-427.37.1.el9_4.x86_64 #1 SMP PREEMPT_DYNAMIC Fri Sep 13 12:41:50 EDT 2024 x86_64 x86_64 x86_64 GNU/Linux
Fri Mar 13 23:30:42 CET 2026
tmpdir is ./tmp.mri_nu_correct.mni.291517
cd /out/sourcedata/freesurfer/sub-v2s7x29797_ses-1/mri
AntsN4BiasFieldCorrectionFs -i orig.mgz -o ./tmp.mri_nu_correct.mni.291517/nu0.mgz --dtype uchar
AntsN4BiasFieldCorrectionFs done
mri_binarize --i ./tmp.mri_nu_correct.mni.291517/nu0.mgz --min -1 --o ./tmp.mri_nu_correct.mni.291517/ones.mgz

7.3.2
cwd /out/sourcedata/freesurfer/sub-v2s7x29797_ses-1/mri
cmdline mri_binarize --i ./tmp.mri_nu_correct.mni.291517/nu0.mgz --min -1 --o ./tmp.mri_nu_correct.mni.291517/ones.mgz 
sysname  Linux
hostname dna059
machine  x86_64
user     oesteban

input      ./tmp.mri_nu_correct.mni.291517/nu0.mgz
frame      0
nErode3d   0
nErode2d   0
output     ./tmp.mri_nu_correct.mni.291517/ones.mgz
Binarizing based on threshold
min        -1
max        +infinity
binval        1
binvalnot     0
fstart = 0, fend = 0, nframes = 1
Starting parallel 1
Found 16777216 values in range
Counting number of voxels in first frame
Found 16777215 voxels in final mask
Writing output to ./tmp.mri_nu_correct.mni.291517/ones.mgz
Count: 16777215 16777215.000000 16777216 99.999994
mri_binarize done
mri_segstats --id 1 --seg ./tmp.mri_nu_correct.mni.291517/ones.mgz --i orig.mgz --sum ./tmp.mri_nu_correct.mni.291517/sum.junk --avgwf ./tmp.mri_nu_correct.mni.291517/input.mean.dat

7.3.2
cwd 
cmdline mri_segstats --id 1 --seg ./tmp.mri_nu_correct.mni.291517/ones.mgz --i orig.mgz --sum ./tmp.mri_nu_correct.mni.291517/sum.junk --avgwf ./tmp.mri_nu_correct.mni.291517/input.mean.dat 
sysname  Linux
hostname dna059
machine  x86_64
user     oesteban
whitesurfname  white
UseRobust  0
Loading ./tmp.mri_nu_correct.mni.291517/ones.mgz
Loading orig.mgz
Voxel Volume is 1 mm^3
Generating list of segmentation ids
Found   1 segmentations
Computing statistics for each segmentation

Reporting on   1 segmentations
Using PrintSegStat
Computing spatial average of each frame

Writing to ./tmp.mri_nu_correct.mni.291517/input.mean.dat
mri_segstats done
mri_segstats --id 1 --seg ./tmp.mri_nu_correct.mni.291517/ones.mgz --i ./tmp.mri_nu_correct.mni.291517/nu0.mgz --sum ./tmp.mri_nu_correct.mni.291517/sum.junk --avgwf ./tmp.mri_nu_correct.mni.291517/output.mean.dat

7.3.2
cwd 
cmdline mri_segstats --id 1 --seg ./tmp.mri_nu_correct.mni.291517/ones.mgz --i ./tmp.mri_nu_correct.mni.291517/nu0.mgz --sum ./tmp.mri_nu_correct.mni.291517/sum.junk --avgwf ./tmp.mri_nu_correct.mni.291517/output.mean.dat 
sysname  Linux
hostname dna059
machine  x86_64
user     oesteban
whitesurfname  white
UseRobust  0
Loading ./tmp.mri_nu_correct.mni.291517/ones.mgz
Loading ./tmp.mri_nu_correct.mni.291517/nu0.mgz
Voxel Volume is 1 mm^3
Generating list of segmentation ids
Found   1 segmentations
Computing statistics for each segmentation

Reporting on   1 segmentations
Using PrintSegStat
Computing spatial average of each frame

Writing to ./tmp.mri_nu_correct.mni.291517/output.mean.dat
mri_segstats done
mris_calc -o ./tmp.mri_nu_correct.mni.291517/nu0.mgz ./tmp.mri_nu_correct.mni.291517/nu0.mgz mul 1.04971050889926730294
Saving result to './tmp.mri_nu_correct.mni.291517/nu0.mgz' (type = MGH )                       [ ok ]
mri_convert ./tmp.mri_nu_correct.mni.291517/nu0.mgz nu.mgz --like orig.mgz
mri_convert ./tmp.mri_nu_correct.mni.291517/nu0.mgz nu.mgz --like orig.mgz 
reading from ./tmp.mri_nu_correct.mni.291517/nu0.mgz...
TR=0.00, TE=0.00, TI=0.00, flip angle=0.00
i_ras = (-1, 0, 0)
j_ras = (0, 0, -1)
k_ras = (0, 1, 0)
INFO: transform src into the like-volume: orig.mgz
writing to nu.mgz...
mri_make_uchar nu.mgz transforms/talairach.xfm nu.mgz
type change took 0 minutes and 6 seconds.
FIRST_PERCENTILE 0.010000
WM_PERCENTILE    0.900000
MAX_R 50.000000
i1 = 2, i2 = 71
#mri_make_uchar# mapping  5 183 to  3 110  :  b -0.564493 m 0.604578 : thresh 0.933697 maxsat 422.715 : nzero 13037436 nsat 0
 
 
Fri Mar 13 23:33:57 CET 2026
mri_nu_correct.mni done

 mri_add_xform_to_header -c /out/sourcedata/freesurfer/sub-v2s7x29797_ses-1/mri/transforms/talairach.xfm nu.mgz nu.mgz 

INFO: extension is mgz
#--------------------------------------------
#@# Intensity Normalization Fri Mar 13 23:33:58 CET 2026
/out/sourcedata/freesurfer/sub-v2s7x29797_ses-1/mri

 mri_normalize -g 1 -seed 1234 -mprage nu.mgz T1.mgz 

using max gradient = 1.000
setting seed for random number genererator to 1234
assuming input volume is MGH (Van der Kouwe) MP-RAGE
reading mri_src from nu.mgz...
normalizing image...
NOT doing gentle normalization with control points/label
talairach transform
 1.16777  -0.02782  -0.00855  -9.99678;
 0.06469   1.01192   0.40525  -30.72937;
-0.03977  -0.29854   1.00779  -3.51488;
 0.00000   0.00000   0.00000   1.00000;
processing without aseg, no1d=0
MRInormInit(): 
INFO: Modifying talairach volume c_(r,a,s) based on average_305
MRInormalize(): 
MRIsplineNormalize(): npeaks = 19
Starting OpenSpline(): npoints = 19
building Voronoi diagram...
performing soap bubble smoothing, sigma = 8...

Iterating 2 times
---------------------------------
3d normalization pass 1 of 2
white matter peak found at 110
white matter peak found at 110
gm peak at 61 (61), valley at 34 (34)
csf peak at 31, setting threshold to 51
building Voronoi diagram...
performing soap bubble smoothing, sigma = 8...
---------------------------------
3d normalization pass 2 of 2
white matter peak found at 110
white matter peak found at 110
gm peak at 63 (63), valley at 17 (17)
csf peak at 32, setting threshold to 52
building Voronoi diagram...
performing soap bubble smoothing, sigma = 8...
Done iterating ---------------------------------
writing output to T1.mgz
3D bias adjustment took 1 minutes and 25 seconds.

Started at Fri Mar 13 23:26:05 CET 2026 
Ended   at Fri Mar 13 23:35:23 CET 2026
#@#%# recon-all-run-time-hours 0.155
recon-all -s sub-v2s7x29797_ses-1 finished without error at Fri Mar 13 23:35:23 CET 2026



#New# invocation of recon-all 




Fri Mar 13 23:48:55 CET 2026
cd /out/sourcedata/freesurfer/sub-v2s7x29797_ses-1
setenv SUBJECTS_DIR /out/sourcedata/freesurfer
/opt/freesurfer/bin/recon-all -openmp 16 -subjid sub-v2s7x29797_ses-1 -sd /out/sourcedata/freesurfer -gcareg

subjid sub-v2s7x29797_ses-1
setenv SUBJECTS_DIR /out/sourcedata/freesurfer
FREESURFER_HOME /opt/freesurfer
Actual FREESURFER_HOME /opt/freesurfer
build-stamp.txt: freesurfer-linux-ubuntu22_x86_64-7.3.2-20220804-6354275
Linux dna059 5.14.0-427.37.1.el9_4.x86_64 #1 SMP PREEMPT_DYNAMIC Fri Sep 13 12:41:50 EDT 2024 x86_64 x86_64 x86_64 GNU/Linux
cputime      unlimited
filesize     unlimited
datasize     unlimited
stacksize    8192 kbytes
coredumpsize 0 kbytes
memoryuse    67108864 kbytes
vmemoryuse   unlimited
descriptors  1024 
memorylocked unlimited
maxproc      2061970 
maxlocks     unlimited
maxsignal    2061970 
maxmessage   819200 
maxnice      0 
maxrtprio    0 
maxrttime    unlimited

               total        used        free      shared  buff/cache   available
Mem:           503Gi        51Gi       410Gi        12Gi        41Gi       436Gi
Swap:             0B          0B          0B

########################################
program versions used
7.3.2 (freesurfer-linux-ubuntu22_x86_64-7.3.2-20220804-6354275)
7.3.2

ProgramName: lta_convert  ProgramArguments: lta_convert -all-info  ProgramVersion: 7.3.2  TimeStamp: 2026/03/13-22:48:55-GMT  BuildTime: Aug  4 2022 06:17:15  BuildStamp: freesurfer-linux-ubuntu22_x86_64-7.3.2-20220804-6354275  User: oesteban  Machine: dna059  Platform: Linux  PlatformVersion: 5.14.0-427.37.1.el9_4.x86_64  CompilerName: GCC  CompilerVersion: 8.4.0
ProgramName: mri_and  ProgramArguments: mri_and -all-info  ProgramVersion: 7.3.2  TimeStamp: 2026/03/13-22:48:55-GMT  BuildTime: Aug  4 2022 06:17:15  BuildStamp: freesurfer-linux-ubuntu22_x86_64-7.3.2-20220804-6354275  User: oesteban  Machine: dna059  Platform: Linux  PlatformVersion: 5.14.0-427.37.1.el9_4.x86_64  CompilerName: GCC  CompilerVersion: 8.4.0
ProgramName: mri_annotation2label  ProgramArguments: mri_annotation2label -all-info  ProgramVersion: 7.3.2  TimeStamp: 2026/03/13-22:48:55-GMT  BuildTime: Aug  4 2022 06:17:15  BuildStamp: freesurfer-linux-ubuntu22_x86_64-7.3.2-20220804-6354275  User: oesteban  Machine: dna059  Platform: Linux  PlatformVersion: 5.14.0-427.37.1.el9_4.x86_64  CompilerName: GCC  CompilerVersion: 8.4.0
ProgramName: mri_aparc2aseg  ProgramArguments: mri_aparc2aseg -all-info  ProgramVersion: 7.3.2  TimeStamp: 2026/03/13-22:48:55-GMT  BuildTime: Aug  4 2022 06:17:15  BuildStamp: freesurfer-linux-ubuntu22_x86_64-7.3.2-20220804-6354275  User: oesteban  Machine: dna059  Platform: Linux  PlatformVersion: 5.14.0-427.37.1.el9_4.x86_64  CompilerName: GCC  CompilerVersion: 8.4.0
ProgramName: mri_surf2volseg  ProgramArguments: mri_surf2volseg -all-info  ProgramVersion: 7.3.2  TimeStamp: 2026/03/13-22:48:55-GMT  BuildTime: Aug  4 2022 06:17:15  BuildStamp: freesurfer-linux-ubuntu22_x86_64-7.3.2-20220804-6354275  User: oesteban  Machine: dna059  Platform: Linux  PlatformVersion: 5.14.0-427.37.1.el9_4.x86_64  CompilerName: GCC  CompilerVersion: 8.4.0
ProgramName: mri_binarize  ProgramArguments: mri_binarize -all-info  ProgramVersion: 7.3.2  TimeStamp: 2026/03/13-22:48:55-GMT  BuildTime: Aug  4 2022 06:17:15  BuildStamp: freesurfer-linux-ubuntu22_x86_64-7.3.2-20220804-6354275  User: oesteban  Machine: dna059  Platform: Linux  PlatformVersion: 5.14.0-427.37.1.el9_4.x86_64  CompilerName: GCC  CompilerVersion: 8.4.0
ProgramName: mri_ca_label  ProgramArguments: mri_ca_label -all-info  ProgramVersion: 7.3.2  TimeStamp: 2026/03/13-22:48:55-GMT  BuildTime: Aug  4 2022 06:17:15  BuildStamp: freesurfer-linux-ubuntu22_x86_64-7.3.2-20220804-6354275  User: oesteban  Machine: dna059  Platform: Linux  PlatformVersion: 5.14.0-427.37.1.el9_4.x86_64  CompilerName: GCC  CompilerVersion: 8.4.0
ProgramName: mri_ca_normalize  ProgramArguments: mri_ca_normalize -all-info  ProgramVersion: 7.3.2  TimeStamp: 2026/03/13-22:48:56-GMT  BuildTime: Aug  4 2022 06:17:15  BuildStamp: freesurfer-linux-ubuntu22_x86_64-7.3.2-20220804-6354275  User: oesteban  Machine: dna059  Platform: Linux  PlatformVersion: 5.14.0-427.37.1.el9_4.x86_64  CompilerName: GCC  CompilerVersion: 8.4.0
ProgramName: mri_ca_register  ProgramArguments: mri_ca_register -all-info  ProgramVersion: 7.3.2  TimeStamp: 2026/03/13-22:48:56-GMT  BuildTime: Aug  4 2022 06:17:15  BuildStamp: freesurfer-linux-ubuntu22_x86_64-7.3.2-20220804-6354275  User: oesteban  Machine: dna059  Platform: Linux  PlatformVersion: 5.14.0-427.37.1.el9_4.x86_64  CompilerName: GCC  CompilerVersion: 8.4.0
ProgramName: mri_cc  ProgramArguments: mri_cc -all-info  ProgramVersion: 7.3.2  TimeStamp: 2026/03/13-22:48:56-GMT  BuildTime: Aug  4 2022 06:17:15  BuildStamp: freesurfer-linux-ubuntu22_x86_64-7.3.2-20220804-6354275  User: oesteban  Machine: dna059  Platform: Linux  PlatformVersion: 5.14.0-427.37.1.el9_4.x86_64  CompilerName: GCC  CompilerVersion: 8.4.0
ProgramName: mri_compute_overlap  ProgramArguments: mri_compute_overlap -all-info  ProgramVersion: 7.3.2  TimeStamp: 2026/03/13-22:48:56-GMT  BuildTime: Aug  4 2022 06:17:15  BuildStamp: freesurfer-linux-ubuntu22_x86_64-7.3.2-20220804-6354275  User: oesteban  Machine: dna059  Platform: Linux  PlatformVersion: 5.14.0-427.37.1.el9_4.x86_64  CompilerName: GCC  CompilerVersion: 8.4.0
ProgramName: mri_compute_seg_overlap  ProgramArguments: mri_compute_seg_overlap -all-info  ProgramVersion: 7.3.2  TimeStamp: 2026/03/13-22:48:56-GMT  BuildTime: Aug  4 2022 06:17:15  BuildStamp: freesurfer-linux-ubuntu22_x86_64-7.3.2-20220804-6354275  User: oesteban  Machine: dna059  Platform: Linux  PlatformVersion: 5.14.0-427.37.1.el9_4.x86_64  CompilerName: GCC  CompilerVersion: 8.4.0
ProgramName: mri_concat  ProgramArguments: mri_concat -all-info  ProgramVersion: 7.3.2  TimeStamp: 2026/03/13-22:48:56-GMT  BuildTime: Aug  4 2022 06:17:15  BuildStamp: freesurfer-linux-ubuntu22_x86_64-7.3.2-20220804-6354275  User: oesteban  Machine: dna059  Platform: Linux  PlatformVersion: 5.14.0-427.37.1.el9_4.x86_64  CompilerName: GCC  CompilerVersion: 8.4.0
ProgramName: mri_concatenate_lta  ProgramArguments: mri_concatenate_lta -all-info  ProgramVersion: 7.3.2  TimeStamp: 2026/03/13-22:48:56-GMT  BuildTime: Aug  4 2022 06:17:15  BuildStamp: freesurfer-linux-ubuntu22_x86_64-7.3.2-20220804-6354275  User: oesteban  Machine: dna059  Platform: Linux  PlatformVersion: 5.14.0-427.37.1.el9_4.x86_64  CompilerName: GCC  CompilerVersion: 8.4.0
mri_convert -all-info 
ProgramName: mri_convert  ProgramArguments: mri_convert -all-info  ProgramVersion: 7.3.2  TimeStamp: 2026/03/13-22:48:56-GMT  BuildTime: Aug  4 2022 06:17:15  BuildStamp: freesurfer-linux-ubuntu22_x86_64-7.3.2-20220804-6354275  User: oesteban  Machine: dna059  Platform: Linux  PlatformVersion: 5.14.0-427.37.1.el9_4.x86_64  CompilerName: GCC  CompilerVersion: 8.4.0
ProgramName: mri_diff  ProgramArguments: mri_diff -all-info  ProgramVersion: 7.3.2  TimeStamp: 2026/03/13-22:48:56-GMT  BuildTime: Aug  4 2022 06:17:15  BuildStamp: freesurfer-linux-ubuntu22_x86_64-7.3.2-20220804-6354275  User: oesteban  Machine: dna059  Platform: Linux  PlatformVersion: 5.14.0-427.37.1.el9_4.x86_64  CompilerName: GCC  CompilerVersion: 8.4.0
ProgramName: mri_edit_wm_with_aseg  ProgramArguments: mri_edit_wm_with_aseg -all-info  ProgramVersion: 7.3.2  TimeStamp: 2026/03/13-22:48:56-GMT  BuildTime: Aug  4 2022 06:17:15  BuildStamp: freesurfer-linux-ubuntu22_x86_64-7.3.2-20220804-6354275  User: oesteban  Machine: dna059  Platform: Linux  PlatformVersion: 5.14.0-427.37.1.el9_4.x86_64  CompilerName: GCC  CompilerVersion: 8.4.0
ProgramName: mri_em_register  ProgramArguments: mri_em_register -all-info  ProgramVersion: 7.3.2  TimeStamp: 2026/03/13-22:48:56-GMT  BuildTime: Aug  4 2022 06:17:15  BuildStamp: freesurfer-linux-ubuntu22_x86_64-7.3.2-20220804-6354275  User: oesteban  Machine: dna059  Platform: Linux  PlatformVersion: 5.14.0-427.37.1.el9_4.x86_64  CompilerName: GCC  CompilerVersion: 8.4.0
ProgramName: mri_fill  ProgramArguments: mri_fill -all-info  ProgramVersion: 7.3.2  TimeStamp: 2026/03/13-22:48:56-GMT  BuildTime: Aug  4 2022 06:17:15  BuildStamp: freesurfer-linux-ubuntu22_x86_64-7.3.2-20220804-6354275  User: oesteban  Machine: dna059  Platform: Linux  PlatformVersion: 5.14.0-427.37.1.el9_4.x86_64  CompilerName: GCC  CompilerVersion: 8.4.0
ProgramName: mri_fuse_segmentations  ProgramArguments: mri_fuse_segmentations -all-info  ProgramVersion: 7.3.2  TimeStamp: 2026/03/13-22:48:56-GMT  BuildTime: Aug  4 2022 06:17:15  BuildStamp: freesurfer-linux-ubuntu22_x86_64-7.3.2-20220804-6354275  User: oesteban  Machine: dna059  Platform: Linux  PlatformVersion: 5.14.0-427.37.1.el9_4.x86_64  CompilerName: GCC  CompilerVersion: 8.4.0
ProgramName: mri_fwhm  ProgramArguments: mri_fwhm -all-info  ProgramVersion: 7.3.2  TimeStamp: 2026/03/13-22:48:56-GMT  BuildTime: Aug  4 2022 06:17:15  BuildStamp: freesurfer-linux-ubuntu22_x86_64-7.3.2-20220804-6354275  User: oesteban  Machine: dna059  Platform: Linux  PlatformVersion: 5.14.0-427.37.1.el9_4.x86_64  CompilerName: GCC  CompilerVersion: 8.4.0
ProgramName: mri_gcut  ProgramArguments: mri_gcut -all-info  ProgramVersion: 7.3.2  TimeStamp: 2026/03/13-22:48:56-GMT  BuildTime: Aug  4 2022 06:17:15  BuildStamp: freesurfer-linux-ubuntu22_x86_64-7.3.2-20220804-6354275  User: oesteban  Machine: dna059  Platform: Linux  PlatformVersion: 5.14.0-427.37.1.el9_4.x86_64  CompilerName: GCC  CompilerVersion: 8.4.0
ProgramName: mri_info  ProgramArguments: mri_info -all-info  ProgramVersion: 7.3.2  TimeStamp: 2026/03/13-22:48:56-GMT  BuildTime: Aug  4 2022 06:17:15  BuildStamp: freesurfer-linux-ubuntu22_x86_64-7.3.2-20220804-6354275  User: oesteban  Machine: dna059  Platform: Linux  PlatformVersion: 5.14.0-427.37.1.el9_4.x86_64  CompilerName: GCC  CompilerVersion: 8.4.0
ProgramName: mri_label2label  ProgramArguments: mri_label2label -all-info  ProgramVersion: 7.3.2  TimeStamp: 2026/03/13-22:48:56-GMT  BuildTime: Aug  4 2022 06:17:15  BuildStamp: freesurfer-linux-ubuntu22_x86_64-7.3.2-20220804-6354275  User: oesteban  Machine: dna059  Platform: Linux  PlatformVersion: 5.14.0-427.37.1.el9_4.x86_64  CompilerName: GCC  CompilerVersion: 8.4.0
ProgramName: mri_label2vol  ProgramArguments: mri_label2vol -all-info  ProgramVersion: 7.3.2  TimeStamp: 2026/03/13-22:48:56-GMT  BuildTime: Aug  4 2022 06:17:15  BuildStamp: freesurfer-linux-ubuntu22_x86_64-7.3.2-20220804-6354275  User: oesteban  Machine: dna059  Platform: Linux  PlatformVersion: 5.14.0-427.37.1.el9_4.x86_64  CompilerName: GCC  CompilerVersion: 8.4.0
ProgramName: mri_log_likelihood  ProgramArguments: mri_log_likelihood -all-info  ProgramVersion: 7.3.2  TimeStamp: 2026/03/13-22:48:56-GMT  BuildTime: Aug  4 2022 06:17:15  BuildStamp: freesurfer-linux-ubuntu22_x86_64-7.3.2-20220804-6354275  User: oesteban  Machine: dna059  Platform: Linux  PlatformVersion: 5.14.0-427.37.1.el9_4.x86_64  CompilerName: GCC  CompilerVersion: 8.4.0
ProgramName: mri_mask  ProgramArguments: mri_mask -all-info  ProgramVersion: 7.3.2  TimeStamp: 2026/03/13-22:48:56-GMT  BuildTime: Aug  4 2022 06:17:15  BuildStamp: freesurfer-linux-ubuntu22_x86_64-7.3.2-20220804-6354275  User: oesteban  Machine: dna059  Platform: Linux  PlatformVersion: 5.14.0-427.37.1.el9_4.x86_64  CompilerName: GCC  CompilerVersion: 8.4.0
ProgramName: mri_matrix_multiply  ProgramArguments: mri_matrix_multiply -all-info  ProgramVersion: 7.3.2  TimeStamp: 2026/03/13-22:48:56-GMT  BuildTime: Aug  4 2022 06:17:15  BuildStamp: freesurfer-linux-ubuntu22_x86_64-7.3.2-20220804-6354275  User: oesteban  Machine: dna059  Platform: Linux  PlatformVersion: 5.14.0-427.37.1.el9_4.x86_64  CompilerName: GCC  CompilerVersion: 8.4.0
ProgramName: mri_normalize  ProgramArguments: mri_normalize -all-info  ProgramVersion: 7.3.2  TimeStamp: 2026/03/13-22:48:56-GMT  BuildTime: Aug  4 2022 06:17:15  BuildStamp: freesurfer-linux-ubuntu22_x86_64-7.3.2-20220804-6354275  User: oesteban  Machine: dna059  Platform: Linux  PlatformVersion: 5.14.0-427.37.1.el9_4.x86_64  CompilerName: GCC  CompilerVersion: 8.4.0
ProgramName: mri_normalize_tp2  ProgramArguments: mri_normalize_tp2 -all-info  ProgramVersion: 7.3.2  TimeStamp: 2026/03/13-22:48:56-GMT  BuildTime: Aug  4 2022 06:17:15  BuildStamp: freesurfer-linux-ubuntu22_x86_64-7.3.2-20220804-6354275  User: oesteban  Machine: dna059  Platform: Linux  PlatformVersion: 5.14.0-427.37.1.el9_4.x86_64  CompilerName: GCC  CompilerVersion: 8.4.0
ProgramName: mri_or  ProgramArguments: mri_or -all-info  ProgramVersion: 7.3.2  TimeStamp: 2026/03/13-22:48:56-GMT  BuildTime: Aug  4 2022 06:17:15  BuildStamp: freesurfer-linux-ubuntu22_x86_64-7.3.2-20220804-6354275  User: oesteban  Machine: dna059  Platform: Linux  PlatformVersion: 5.14.0-427.37.1.el9_4.x86_64  CompilerName: GCC  CompilerVersion: 8.4.0
ProgramName: mri_relabel_hypointensities  ProgramArguments: mri_relabel_hypointensities -all-info  ProgramVersion: 7.3.2  TimeStamp: 2026/03/13-22:48:56-GMT  BuildTime: Aug  4 2022 06:17:15  BuildStamp: freesurfer-linux-ubuntu22_x86_64-7.3.2-20220804-6354275  User: oesteban  Machine: dna059  Platform: Linux  PlatformVersion: 5.14.0-427.37.1.el9_4.x86_64  CompilerName: GCC  CompilerVersion: 8.4.0
ProgramName: mri_relabel_nonwm_hypos  ProgramArguments: mri_relabel_nonwm_hypos -all-info  ProgramVersion: 7.3.2  TimeStamp: 2026/03/13-22:48:56-GMT  BuildTime: Aug  4 2022 06:17:15  BuildStamp: freesurfer-linux-ubuntu22_x86_64-7.3.2-20220804-6354275  User: oesteban  Machine: dna059  Platform: Linux  PlatformVersion: 5.14.0-427.37.1.el9_4.x86_64  CompilerName: GCC  CompilerVersion: 8.4.0
ProgramName: mri_remove_neck  ProgramArguments: mri_remove_neck -all-info  ProgramVersion: 7.3.2  TimeStamp: 2026/03/13-22:48:56-GMT  BuildTime: Aug  4 2022 06:17:15  BuildStamp: freesurfer-linux-ubuntu22_x86_64-7.3.2-20220804-6354275  User: oesteban  Machine: dna059  Platform: Linux  PlatformVersion: 5.14.0-427.37.1.el9_4.x86_64  CompilerName: GCC  CompilerVersion: 8.4.0
7.3.2

ProgramName: mri_robust_register  ProgramArguments: mri_robust_register -all-info  ProgramVersion: 7.3.2  TimeStamp: 2026/03/13-22:48:56-GMT  BuildTime: Aug  4 2022 06:17:15  BuildStamp: freesurfer-linux-ubuntu22_x86_64-7.3.2-20220804-6354275  User: oesteban  Machine: dna059  Platform: Linux  PlatformVersion: 5.14.0-427.37.1.el9_4.x86_64  CompilerName: GCC  CompilerVersion: 8.4.0
7.3.2

ProgramName: mri_robust_template  ProgramArguments: mri_robust_template -all-info  ProgramVersion: 7.3.2  TimeStamp: 2026/03/13-22:48:56-GMT  BuildTime: Aug  4 2022 06:17:15  BuildStamp: freesurfer-linux-ubuntu22_x86_64-7.3.2-20220804-6354275  User: oesteban  Machine: dna059  Platform: Linux  PlatformVersion: 5.14.0-427.37.1.el9_4.x86_64  CompilerName: GCC  CompilerVersion: 8.4.0
ProgramName: mris_anatomical_stats  ProgramArguments: mris_anatomical_stats -all-info  ProgramVersion: 7.3.2  TimeStamp: 2026/03/13-22:48:56-GMT  BuildTime: Aug  4 2022 06:17:15  BuildStamp: freesurfer-linux-ubuntu22_x86_64-7.3.2-20220804-6354275  User: oesteban  Machine: dna059  Platform: Linux  PlatformVersion: 5.14.0-427.37.1.el9_4.x86_64  CompilerName: GCC  CompilerVersion: 8.4.0
ProgramName: mris_ca_label  ProgramArguments: mris_ca_label -all-info  ProgramVersion: 7.3.2  TimeStamp: 2026/03/13-22:48:56-GMT  BuildTime: Aug  4 2022 06:17:15  BuildStamp: freesurfer-linux-ubuntu22_x86_64-7.3.2-20220804-6354275  User: oesteban  Machine: dna059  Platform: Linux  PlatformVersion: 5.14.0-427.37.1.el9_4.x86_64  CompilerName: GCC  CompilerVersion: 8.4.0
ProgramName: mris_calc  ProgramArguments: mris_calc -all-info  ProgramVersion: 7.3.2  TimeStamp: 2026/03/13-22:48:56-GMT  BuildTime: Aug  4 2022 06:17:15  BuildStamp: freesurfer-linux-ubuntu22_x86_64-7.3.2-20220804-6354275  User: oesteban  Machine: dna059  Platform: Linux  PlatformVersion: 5.14.0-427.37.1.el9_4.x86_64  CompilerName: GCC  CompilerVersion: 8.4.0
ProgramName: mris_convert  ProgramArguments: mris_convert -all-info  ProgramVersion: 7.3.2  TimeStamp: 2026/03/13-22:48:56-GMT  BuildTime: Aug  4 2022 06:17:15  BuildStamp: freesurfer-linux-ubuntu22_x86_64-7.3.2-20220804-6354275  User: oesteban  Machine: dna059  Platform: Linux  PlatformVersion: 5.14.0-427.37.1.el9_4.x86_64  CompilerName: GCC  CompilerVersion: 8.4.0
ProgramName: mris_curvature  ProgramArguments: mris_curvature -all-info  ProgramVersion: 7.3.2  TimeStamp: 2026/03/13-22:48:56-GMT  BuildTime: Aug  4 2022 06:17:15  BuildStamp: freesurfer-linux-ubuntu22_x86_64-7.3.2-20220804-6354275  User: oesteban  Machine: dna059  Platform: Linux  PlatformVersion: 5.14.0-427.37.1.el9_4.x86_64  CompilerName: GCC  CompilerVersion: 8.4.0
ProgramName: mris_curvature_stats  ProgramArguments: mris_curvature_stats -all-info  ProgramVersion: 7.3.2  TimeStamp: 2026/03/13-22:48:56-GMT  BuildTime: Aug  4 2022 06:17:15  BuildStamp: freesurfer-linux-ubuntu22_x86_64-7.3.2-20220804-6354275  User: oesteban  Machine: dna059  Platform: Linux  PlatformVersion: 5.14.0-427.37.1.el9_4.x86_64  CompilerName: GCC  CompilerVersion: 8.4.0
ProgramName: mris_diff  ProgramArguments: mris_diff -all-info  ProgramVersion: 7.3.2  TimeStamp: 2026/03/13-22:48:56-GMT  BuildTime: Aug  4 2022 06:17:15  BuildStamp: freesurfer-linux-ubuntu22_x86_64-7.3.2-20220804-6354275  User: oesteban  Machine: dna059  Platform: Linux  PlatformVersion: 5.14.0-427.37.1.el9_4.x86_64  CompilerName: GCC  CompilerVersion: 8.4.0
ProgramName: mris_divide_parcellation  ProgramArguments: mris_divide_parcellation -all-info  ProgramVersion: 7.3.2  TimeStamp: 2026/03/13-22:48:56-GMT  BuildTime: Aug  4 2022 06:17:15  BuildStamp: freesurfer-linux-ubuntu22_x86_64-7.3.2-20220804-6354275  User: oesteban  Machine: dna059  Platform: Linux  PlatformVersion: 5.14.0-427.37.1.el9_4.x86_64  CompilerName: GCC  CompilerVersion: 8.4.0
ProgramName: mri_segment  ProgramArguments: mri_segment -all-info  ProgramVersion: 7.3.2  TimeStamp: 2026/03/13-22:48:56-GMT  BuildTime: Aug  4 2022 06:17:15  BuildStamp: freesurfer-linux-ubuntu22_x86_64-7.3.2-20220804-6354275  User: oesteban  Machine: dna059  Platform: Linux  PlatformVersion: 5.14.0-427.37.1.el9_4.x86_64  CompilerName: GCC  CompilerVersion: 8.4.0
ProgramName: mri_segstats  ProgramArguments: mri_segstats -all-info  ProgramVersion: 7.3.2  TimeStamp: 2026/03/13-22:48:56-GMT  BuildTime: Aug  4 2022 06:17:15  BuildStamp: freesurfer-linux-ubuntu22_x86_64-7.3.2-20220804-6354275  User: oesteban  Machine: dna059  Platform: Linux  PlatformVersion: 5.14.0-427.37.1.el9_4.x86_64  CompilerName: GCC  CompilerVersion: 8.4.0
ProgramName: mris_euler_number  ProgramArguments: mris_euler_number -all-info  ProgramVersion: 7.3.2  TimeStamp: 2026/03/13-22:48:56-GMT  BuildTime: Aug  4 2022 06:17:15  BuildStamp: freesurfer-linux-ubuntu22_x86_64-7.3.2-20220804-6354275  User: oesteban  Machine: dna059  Platform: Linux  PlatformVersion: 5.14.0-427.37.1.el9_4.x86_64  CompilerName: GCC  CompilerVersion: 8.4.0
ProgramName: mris_fix_topology  ProgramArguments: mris_fix_topology -all-info  ProgramVersion: 7.3.2  TimeStamp: 2026/03/13-22:48:56-GMT  BuildTime: Aug  4 2022 06:17:15  BuildStamp: freesurfer-linux-ubuntu22_x86_64-7.3.2-20220804-6354275  User: oesteban  Machine: dna059  Platform: Linux  PlatformVersion: 5.14.0-427.37.1.el9_4.x86_64  CompilerName: GCC  CompilerVersion: 8.4.0
ProgramName: mris_topo_fixer  ProgramArguments: mris_topo_fixer -all-info  ProgramVersion: 7.3.2  TimeStamp: 2026/03/13-22:48:56-GMT  BuildTime: Aug  4 2022 06:17:15  BuildStamp: freesurfer-linux-ubuntu22_x86_64-7.3.2-20220804-6354275  User: oesteban  Machine: dna059  Platform: Linux  PlatformVersion: 5.14.0-427.37.1.el9_4.x86_64  CompilerName: GCC  CompilerVersion: 8.4.0
ProgramName: mris_jacobian  ProgramArguments: mris_jacobian -all-info  ProgramVersion: 7.3.2  TimeStamp: 2026/03/13-22:48:56-GMT  BuildTime: Aug  4 2022 06:17:15  BuildStamp: freesurfer-linux-ubuntu22_x86_64-7.3.2-20220804-6354275  User: oesteban  Machine: dna059  Platform: Linux  PlatformVersion: 5.14.0-427.37.1.el9_4.x86_64  CompilerName: GCC  CompilerVersion: 8.4.0
ProgramName: mris_label2annot  ProgramArguments: mris_label2annot -all-info  ProgramVersion: 7.3.2  TimeStamp: 2026/03/13-22:48:56-GMT  BuildTime: Aug  4 2022 06:17:15  BuildStamp: freesurfer-linux-ubuntu22_x86_64-7.3.2-20220804-6354275  User: oesteban  Machine: dna059  Platform: Linux  PlatformVersion: 5.14.0-427.37.1.el9_4.x86_64  CompilerName: GCC  CompilerVersion: 8.4.0
ProgramName: mris_left_right_register  ProgramArguments: mris_left_right_register -all-info  ProgramVersion: 7.3.2  TimeStamp: 2026/03/13-22:48:56-GMT  BuildTime: Aug  4 2022 06:17:15  BuildStamp: freesurfer-linux-ubuntu22_x86_64-7.3.2-20220804-6354275  User: oesteban  Machine: dna059  Platform: Linux  PlatformVersion: 5.14.0-427.37.1.el9_4.x86_64  CompilerName: GCC  CompilerVersion: 8.4.0
ProgramName: mris_place_surface  ProgramArguments: mris_place_surface -all-info  ProgramVersion: 7.3.2  TimeStamp: 2026/03/13-22:48:56-GMT  BuildTime: Aug  4 2022 06:17:15  BuildStamp: freesurfer-linux-ubuntu22_x86_64-7.3.2-20220804-6354275  User: oesteban  Machine: dna059  Platform: Linux  PlatformVersion: 5.14.0-427.37.1.el9_4.x86_64  CompilerName: GCC  CompilerVersion: 8.4.0
ProgramName: mrisp_paint  ProgramArguments: mrisp_paint -all-info  ProgramVersion: 7.3.2  TimeStamp: 2026/03/13-22:48:56-GMT  BuildTime: Aug  4 2022 06:17:15  BuildStamp: freesurfer-linux-ubuntu22_x86_64-7.3.2-20220804-6354275  User: oesteban  Machine: dna059  Platform: Linux  PlatformVersion: 5.14.0-427.37.1.el9_4.x86_64  CompilerName: GCC  CompilerVersion: 8.4.0
ProgramName: mris_register  ProgramArguments: mris_register -all-info  ProgramVersion: 7.3.2  TimeStamp: 2026/03/13-22:48:56-GMT  BuildTime: Aug  4 2022 06:17:15  BuildStamp: freesurfer-linux-ubuntu22_x86_64-7.3.2-20220804-6354275  User: oesteban  Machine: dna059  Platform: Linux  PlatformVersion: 5.14.0-427.37.1.el9_4.x86_64  CompilerName: GCC  CompilerVersion: 8.4.0
ProgramName: mris_smooth  ProgramArguments: mris_smooth -all-info  ProgramVersion: 7.3.2  TimeStamp: 2026/03/13-22:48:56-GMT  BuildTime: Aug  4 2022 06:17:15  BuildStamp: freesurfer-linux-ubuntu22_x86_64-7.3.2-20220804-6354275  User: oesteban  Machine: dna059  Platform: Linux  PlatformVersion: 5.14.0-427.37.1.el9_4.x86_64  CompilerName: GCC  CompilerVersion: 8.4.0
ProgramName: mris_sphere  ProgramArguments: mris_sphere -all-info  ProgramVersion: 7.3.2  TimeStamp: 2026/03/13-22:48:56-GMT  BuildTime: Aug  4 2022 06:17:15  BuildStamp: freesurfer-linux-ubuntu22_x86_64-7.3.2-20220804-6354275  User: oesteban  Machine: dna059  Platform: Linux  PlatformVersion: 5.14.0-427.37.1.el9_4.x86_64  CompilerName: GCC  CompilerVersion: 8.4.0
ProgramName: mris_surface_stats  ProgramArguments: mris_surface_stats -all-info  ProgramVersion: 7.3.2  TimeStamp: 2026/03/13-22:48:56-GMT  BuildTime: Aug  4 2022 06:17:15  BuildStamp: freesurfer-linux-ubuntu22_x86_64-7.3.2-20220804-6354275  User: oesteban  Machine: dna059  Platform: Linux  PlatformVersion: 5.14.0-427.37.1.el9_4.x86_64  CompilerName: GCC  CompilerVersion: 8.4.0
ProgramName: mri_stats2seg  ProgramArguments: mri_stats2seg -all-info  ProgramVersion: 7.3.2  TimeStamp: 2026/03/13-22:48:56-GMT  BuildTime: Aug  4 2022 06:17:15  BuildStamp: freesurfer-linux-ubuntu22_x86_64-7.3.2-20220804-6354275  User: oesteban  Machine: dna059  Platform: Linux  PlatformVersion: 5.14.0-427.37.1.el9_4.x86_64  CompilerName: GCC  CompilerVersion: 8.4.0
ProgramName: mris_thickness  ProgramArguments: mris_thickness -all-info  ProgramVersion: 7.3.2  TimeStamp: 2026/03/13-22:48:56-GMT  BuildTime: Aug  4 2022 06:17:15  BuildStamp: freesurfer-linux-ubuntu22_x86_64-7.3.2-20220804-6354275  User: oesteban  Machine: dna059  Platform: Linux  PlatformVersion: 5.14.0-427.37.1.el9_4.x86_64  CompilerName: GCC  CompilerVersion: 8.4.0
ProgramName: mris_thickness_diff  ProgramArguments: mris_thickness_diff -all-info  ProgramVersion: 7.3.2  TimeStamp: 2026/03/13-22:48:56-GMT  BuildTime: Aug  4 2022 06:17:15  BuildStamp: freesurfer-linux-ubuntu22_x86_64-7.3.2-20220804-6354275  User: oesteban  Machine: dna059  Platform: Linux  PlatformVersion: 5.14.0-427.37.1.el9_4.x86_64  CompilerName: GCC  CompilerVersion: 8.4.0
ProgramName: mris_topo_fixer  ProgramArguments: mris_topo_fixer -all-info  ProgramVersion: 7.3.2  TimeStamp: 2026/03/13-22:48:56-GMT  BuildTime: Aug  4 2022 06:17:15  BuildStamp: freesurfer-linux-ubuntu22_x86_64-7.3.2-20220804-6354275  User: oesteban  Machine: dna059  Platform: Linux  PlatformVersion: 5.14.0-427.37.1.el9_4.x86_64  CompilerName: GCC  CompilerVersion: 8.4.0
ProgramName: mri_surf2surf  ProgramArguments: mri_surf2surf -all-info  ProgramVersion: 7.3.2  TimeStamp: 2026/03/13-22:48:56-GMT  BuildTime: Aug  4 2022 06:17:15  BuildStamp: freesurfer-linux-ubuntu22_x86_64-7.3.2-20220804-6354275  User: oesteban  Machine: dna059  Platform: Linux  PlatformVersion: 5.14.0-427.37.1.el9_4.x86_64  CompilerName: GCC  CompilerVersion: 8.4.0
ProgramName: mri_surf2vol  ProgramArguments: mri_surf2vol -all-info  ProgramVersion: 7.3.2  TimeStamp: 2026/03/13-22:48:56-GMT  BuildTime: Aug  4 2022 06:17:15  BuildStamp: freesurfer-linux-ubuntu22_x86_64-7.3.2-20220804-6354275  User: oesteban  Machine: dna059  Platform: Linux  PlatformVersion: 5.14.0-427.37.1.el9_4.x86_64  CompilerName: GCC  CompilerVersion: 8.4.0
ProgramName: mri_surfcluster  ProgramArguments: mri_surfcluster -all-info  ProgramVersion: 7.3.2  TimeStamp: 2026/03/13-22:48:56-GMT  BuildTime: Aug  4 2022 06:17:15  BuildStamp: freesurfer-linux-ubuntu22_x86_64-7.3.2-20220804-6354275  User: oesteban  Machine: dna059  Platform: Linux  PlatformVersion: 5.14.0-427.37.1.el9_4.x86_64  CompilerName: GCC  CompilerVersion: 8.4.0
ProgramName: mris_volmask  ProgramArguments: mris_volmask -all-info  ProgramVersion: 7.3.2  TimeStamp: 2026/03/13-22:48:56-GMT  BuildTime: Aug  4 2022 06:17:15  BuildStamp: freesurfer-linux-ubuntu22_x86_64-7.3.2-20220804-6354275  User: oesteban  Machine: dna059  Platform: Linux  PlatformVersion: 5.14.0-427.37.1.el9_4.x86_64  CompilerName: GCC  CompilerVersion: 8.4.0
ProgramName: mri_tessellate  ProgramArguments: mri_tessellate -all-info  ProgramVersion: 7.3.2  TimeStamp: 2026/03/13-22:48:56-GMT  BuildTime: Aug  4 2022 06:17:15  BuildStamp: freesurfer-linux-ubuntu22_x86_64-7.3.2-20220804-6354275  User: oesteban  Machine: dna059  Platform: Linux  PlatformVersion: 5.14.0-427.37.1.el9_4.x86_64  CompilerName: GCC  CompilerVersion: 8.4.0
ProgramName: mri_vol2surf  ProgramArguments: mri_vol2surf -all-info  ProgramVersion: 7.3.2  TimeStamp: 2026/03/13-22:48:56-GMT  BuildTime: Aug  4 2022 06:17:15  BuildStamp: freesurfer-linux-ubuntu22_x86_64-7.3.2-20220804-6354275  User: oesteban  Machine: dna059  Platform: Linux  PlatformVersion: 5.14.0-427.37.1.el9_4.x86_64  CompilerName: GCC  CompilerVersion: 8.4.0
ProgramName: mri_vol2vol  ProgramArguments: mri_vol2vol -all-info  ProgramVersion: 7.3.2  TimeStamp: 2026/03/13-22:48:56-GMT  BuildTime: Aug  4 2022 06:17:15  BuildStamp: freesurfer-linux-ubuntu22_x86_64-7.3.2-20220804-6354275  User: oesteban  Machine: dna059  Platform: Linux  PlatformVersion: 5.14.0-427.37.1.el9_4.x86_64  CompilerName: GCC  CompilerVersion: 8.4.0
ProgramName: mri_voldiff  ProgramArguments: mri_voldiff -all-info  ProgramVersion: 7.3.2  TimeStamp: 2026/03/13-22:48:56-GMT  BuildTime: Aug  4 2022 06:17:15  BuildStamp: freesurfer-linux-ubuntu22_x86_64-7.3.2-20220804-6354275  User: oesteban  Machine: dna059  Platform: Linux  PlatformVersion: 5.14.0-427.37.1.el9_4.x86_64  CompilerName: GCC  CompilerVersion: 8.4.0
ProgramName: mri_watershed  ProgramArguments: mri_watershed -all-info  ProgramVersion: 7.3.2  TimeStamp: 2026/03/13-22:48:56-GMT  BuildTime: Aug  4 2022 06:17:15  BuildStamp: freesurfer-linux-ubuntu22_x86_64-7.3.2-20220804-6354275  User: oesteban  Machine: dna059  Platform: Linux  PlatformVersion: 5.14.0-427.37.1.el9_4.x86_64  CompilerName: GCC  CompilerVersion: 8.4.0
ProgramName: tkregister2  ProgramArguments: tkregister2_cmdl -all-info  ProgramVersion: 7.3.2  TimeStamp: 2026/03/13-22:48:56-GMT  BuildTime: Aug  4 2022 06:17:15  BuildStamp: freesurfer-linux-ubuntu22_x86_64-7.3.2-20220804-6354275  User: oesteban  Machine: dna059  Platform: Linux  PlatformVersion: 5.14.0-427.37.1.el9_4.x86_64  CompilerName: GCC  CompilerVersion: 8.4.0
mri_motion_correct.fsl 7.3.2
mri_convert -all-info 
ProgramName: mri_convert  ProgramArguments: mri_convert -all-info  ProgramVersion: 7.3.2  TimeStamp: 2026/03/13-22:48:56-GMT  BuildTime: Aug  4 2022 06:17:15  BuildStamp: freesurfer-linux-ubuntu22_x86_64-7.3.2-20220804-6354275  User: oesteban  Machine: dna059  Platform: Linux  PlatformVersion: 5.14.0-427.37.1.el9_4.x86_64  CompilerName: GCC  CompilerVersion: 8.4.0
Program nu_correct, built from:
Package MNI N3, version 1.12.0, compiled by nicks@terrier (x86_64-unknown-linux-gnu) on 2015-06-19 at 01:25:34
#######################################
GCADIR /opt/freesurfer/average
GCA RB_all_2020-01-02.gca
GCASkull RB_all_withskull_2020_01_02.gca
AvgCurvTif folding.atlas.acfb40.noaparc.i12.2016-08-02.tif
GCSDIR /opt/freesurfer/average
GCS DKaparc.atlas.acfb40.noaparc.i12.2016-08-02.gcs
#######################################
#-------------------------------------
#@# EM Registration Fri Mar 13 23:48:56 CET 2026
/out/sourcedata/freesurfer/sub-v2s7x29797_ses-1/mri

 mri_em_register -uns 3 -mask brainmask.mgz nu.mgz /opt/freesurfer/average/RB_all_2020-01-02.gca transforms/talairach.lta 

setting unknown_nbr_spacing = 3
using MR volume brainmask.mgz to mask input volume...

== Number of threads available to mri_em_register for OpenMP = 16 == 
reading 1 input volumes...
logging results to talairach.log
reading '/opt/freesurfer/average/RB_all_2020-01-02.gca'...
GCAread took 0 minutes and 1 seconds.
average std = 7.2   using min determinant for regularization = 5.2
0 singular and 884 ill-conditioned covariance matrices regularized
reading 'nu.mgz'...
MRImask(): AllowDiffGeom = 1
MRImask(): AllowDiffGeom = 1
MRImask(): AllowDiffGeom = 1
MRImask(): AllowDiffGeom = 1
MRImask(): AllowDiffGeom = 1
freeing gibbs priors...done.
accounting for voxel sizes in initial transform
bounding unknown intensity as < 5.9 or > 519.0 
total sample mean = 79.1 (1017 zeros)
************************************************
spacing=8, using 2841 sample points, tol=1.00e-05...
************************************************
register_mri: find_optimal_transform
find_optimal_transform: nsamples 2841, passno 0, spacing 8
resetting wm mean[0]: 98 --> 107
resetting gm mean[0]: 61 --> 61
input volume #1 is the most T1-like
using real data threshold=29.1
skull bounding box = (64, 65, 44) --> (195, 205, 214)
finding center of left hemi white matter
using (108, 112, 129) as brain centroid of Right_Cerebral_White_Matter...
MRImask(): AllowDiffGeom = 1
mean wm in atlas = 107, using box (92,95,108) --> (124, 129,149) to find MRI wm
before smoothing, mri peak at 109
robust fit to distribution - 108 +- 3.2
after smoothing, mri peak at 109, scaling input intensities by 0.982
scaling channel 0 by 0.981651
initial log_p = -4.224
************************************************
First Search limited to translation only.
************************************************
max log p =    -4.047783 @ (-10.526, -10.526, -10.526)
max log p =    -3.814567 @ (5.263, -5.263, -5.263)
max log p =    -3.769262 @ (2.632, 2.632, -2.632)
max log p =    -3.709026 @ (-1.316, 3.947, -3.947)
max log p =    -3.709026 @ (0.000, 0.000, 0.000)
max log p =    -3.706636 @ (-0.329, -0.987, 0.329)
max log p =    -3.706636 @ (0.000, 0.000, 0.000)
max log p =    -3.706636 @ (0.000, 0.000, 0.000)
Found translation: (-4.3, -10.2, -22.0): log p = -3.707
****************************************
Nine parameter search.  iteration 0 nscales = 0 ...
****************************************
Result so far: scale 1.000: max_log_p=-3.427, old_max_log_p =-3.707 (thresh=-3.7)
 1.14016  -0.02872   0.10717  -32.58973;
 0.00000   1.02750   0.27532  -48.85098;
-0.16136  -0.23447   0.87506   52.89745;
 0.00000   0.00000   0.00000   1.00000;
iteration took 0 minutes and 18 seconds.
****************************************
Nine parameter search.  iteration 1 nscales = 0 ...
****************************************
Result so far: scale 1.000: max_log_p=-3.384, old_max_log_p =-3.427 (thresh=-3.4)
 1.06511   0.00198  -0.00737  -13.03249;
 0.00000   1.10457   0.29597  -61.46158;
-0.01200  -0.25393   0.94768   27.07606;
 0.00000   0.00000   0.00000   1.00000;
iteration took 0 minutes and 13 seconds.
****************************************
Nine parameter search.  iteration 2 nscales = 0 ...
****************************************
Result so far: scale 1.000: max_log_p=-3.384, old_max_log_p =-3.384 (thresh=-3.4)
 1.06511   0.00198  -0.00737  -13.03249;
 0.00000   1.10457   0.29597  -61.46158;
-0.01200  -0.25393   0.94768   27.07606;
 0.00000   0.00000   0.00000   1.00000;
reducing scale to 0.2500
iteration took 0 minutes and 12 seconds.
****************************************
Nine parameter search.  iteration 3 nscales = 1 ...
****************************************
Result so far: scale 0.250: max_log_p=-3.238, old_max_log_p =-3.384 (thresh=-3.4)
 1.08348   0.02579   0.03590  -21.88877;
-0.03214   1.07545   0.31787  -56.01192;
-0.04915  -0.28756   0.93785   35.69994;
 0.00000   0.00000   0.00000   1.00000;
iteration took 0 minutes and 12 seconds.
****************************************
Nine parameter search.  iteration 4 nscales = 1 ...
****************************************
Result so far: scale 0.250: max_log_p=-3.238, old_max_log_p =-3.238 (thresh=-3.2)
 1.08348   0.02579   0.03590  -21.88877;
-0.03214   1.07545   0.31787  -56.01192;
-0.04915  -0.28756   0.93785   35.69994;
 0.00000   0.00000   0.00000   1.00000;
reducing scale to 0.0625
iteration took 0 minutes and 12 seconds.
****************************************
Nine parameter search.  iteration 5 nscales = 2 ...
****************************************
Result so far: scale 0.062: max_log_p=-3.209, old_max_log_p =-3.238 (thresh=-3.2)
 1.07843   0.02979   0.05359  -23.90294;
-0.04040   1.07630   0.30939  -54.48780;
-0.06721  -0.27948   0.94081   36.63304;
 0.00000   0.00000   0.00000   1.00000;
iteration took 0 minutes and 12 seconds.
****************************************
Nine parameter search.  iteration 6 nscales = 2 ...
****************************************
Result so far: scale 0.062: max_log_p=-3.209, old_max_log_p =-3.209 (thresh=-3.2)
 1.07843   0.02979   0.05359  -23.90294;
-0.04040   1.07630   0.30939  -54.48780;
-0.06721  -0.27948   0.94081   36.63304;
 0.00000   0.00000   0.00000   1.00000;
min search scale 0.025000 reached
***********************************************
Computing MAP estimate using 2841 samples...
***********************************************
dt = 5.00e-06, momentum=0.80, tol=1.00e-05
l_intensity = 1.0000
Aligning input volume to GCA...
Transform matrix
 1.07843   0.02979   0.05359  -23.90294;
-0.04040   1.07630   0.30939  -54.48780;
-0.06721  -0.27948   0.94081   36.63304;
 0.00000   0.00000   0.00000   1.00000;
nsamples 2841
Quasinewton: input matrix
 1.07843   0.02979   0.05359  -23.90294;
-0.04040   1.07630   0.30939  -54.48780;
-0.06721  -0.27948   0.94081   36.63304;
 0.00000   0.00000   0.00000   1.00000;
 IFLAG= -1  LINE SEARCH FAILED. SEE DOCUMENTATION OF ROUTINE MCSRCH ERROR RETURN OF LINE SEARCH: INFO= 3 POSSIBLE CAUSES: FUNCTION OR GRADIENT ARE INCORRECT OR INCORRECT TOLERANCESoutof QuasiNewtonEMA: 009: -log(p) =   -0.0  tol 0.000010
Resulting transform:
 1.07843   0.02979   0.05359  -23.90294;
-0.04040   1.07630   0.30939  -54.48780;
-0.06721  -0.27948   0.94081   36.63304;
 0.00000   0.00000   0.00000   1.00000;

pass 1, spacing 8: log(p) = -3.209 (old=-4.224)
transform before final EM align:
 1.07843   0.02979   0.05359  -23.90294;
-0.04040   1.07630   0.30939  -54.48780;
-0.06721  -0.27948   0.94081   36.63304;
 0.00000   0.00000   0.00000   1.00000;

**************************************************
 EM alignment process ...
 Computing final MAP estimate using 315638 samples. 
**************************************************
dt = 5.00e-06, momentum=0.80, tol=1.00e-07
l_intensity = 1.0000
Aligning input volume to GCA...
Transform matrix
 1.07843   0.02979   0.05359  -23.90294;
-0.04040   1.07630   0.30939  -54.48780;
-0.06721  -0.27948   0.94081   36.63304;
 0.00000   0.00000   0.00000   1.00000;
nsamples 315638
Quasinewton: input matrix
 1.07843   0.02979   0.05359  -23.90294;
-0.04040   1.07630   0.30939  -54.48780;
-0.06721  -0.27948   0.94081   36.63304;
 0.00000   0.00000   0.00000   1.00000;
dfp_em_step_func: 010: -log(p) = 3.7
after pass:transform: ( 1.08, 0.03, 0.05, -23.90)
                      ( -0.04, 1.08, 0.31, -54.49)
                      ( -0.07, -0.28, 0.94, 36.63)
 IFLAG= -1  LINE SEARCH FAILED. SEE DOCUMENTATION OF ROUTINE MCSRCH ERROR RETURN OF LINE SEARCH: INFO= 3 POSSIBLE CAUSES: FUNCTION OR GRADIENT ARE INCORRECT OR INCORRECT TOLERANCESpass 2 through quasi-newton minimization...
 IFLAG= -1  LINE SEARCH FAILED. SEE DOCUMENTATION OF ROUTINE MCSRCH ERROR RETURN OF LINE SEARCH: INFO= 6 POSSIBLE CAUSES: FUNCTION OR GRADIENT ARE INCORRECT OR INCORRECT TOLERANCESoutof QuasiNewtonEMA: 012: -log(p) =    3.7  tol 0.000000
final transform:
 1.07843   0.02979   0.05359  -23.90294;
-0.04040   1.07630   0.30939  -54.48780;
-0.06721  -0.27948   0.94081   36.63304;
 0.00000   0.00000   0.00000   1.00000;

writing output transformation to transforms/talairach.lta...
#VMPC# mri_em_register VmPeak  891284
FSRUNTIME@ mri_em_register  0.0419 hours 16 threads
registration took 2 minutes and 31 seconds.

Started at Fri Mar 13 23:48:55 CET 2026 
Ended   at Fri Mar 13 23:51:27 CET 2026
#@#%# recon-all-run-time-hours 0.042
recon-all -s sub-v2s7x29797_ses-1 finished without error at Fri Mar 13 23:51:27 CET 2026



#New# invocation of recon-all 




Fri Mar 13 23:51:30 CET 2026
cd /out/sourcedata/freesurfer/sub-v2s7x29797_ses-1
setenv SUBJECTS_DIR /out/sourcedata/freesurfer
/opt/freesurfer/bin/recon-all -autorecon2-volonly -openmp 16 -subjid sub-v2s7x29797_ses-1 -sd /out/sourcedata/freesurfer -nogcareg

subjid sub-v2s7x29797_ses-1
setenv SUBJECTS_DIR /out/sourcedata/freesurfer
FREESURFER_HOME /opt/freesurfer
Actual FREESURFER_HOME /opt/freesurfer
build-stamp.txt: freesurfer-linux-ubuntu22_x86_64-7.3.2-20220804-6354275
Linux dna059 5.14.0-427.37.1.el9_4.x86_64 #1 SMP PREEMPT_DYNAMIC Fri Sep 13 12:41:50 EDT 2024 x86_64 x86_64 x86_64 GNU/Linux
cputime      unlimited
filesize     unlimited
datasize     unlimited
stacksize    8192 kbytes
coredumpsize 0 kbytes
memoryuse    67108864 kbytes
vmemoryuse   unlimited
descriptors  1024 
memorylocked unlimited
maxproc      2061970 
maxlocks     unlimited
maxsignal    2061970 
maxmessage   819200 
maxnice      0 
maxrtprio    0 
maxrttime    unlimited

               total        used        free      shared  buff/cache   available
Mem:           503Gi        51Gi       409Gi        12Gi        42Gi       435Gi
Swap:             0B          0B          0B

########################################
program versions used
7.3.2 (freesurfer-linux-ubuntu22_x86_64-7.3.2-20220804-6354275)
7.3.2

ProgramName: lta_convert  ProgramArguments: lta_convert -all-info  ProgramVersion: 7.3.2  TimeStamp: 2026/03/13-22:51:30-GMT  BuildTime: Aug  4 2022 06:17:15  BuildStamp: freesurfer-linux-ubuntu22_x86_64-7.3.2-20220804-6354275  User: oesteban  Machine: dna059  Platform: Linux  PlatformVersion: 5.14.0-427.37.1.el9_4.x86_64  CompilerName: GCC  CompilerVersion: 8.4.0
ProgramName: mri_and  ProgramArguments: mri_and -all-info  ProgramVersion: 7.3.2  TimeStamp: 2026/03/13-22:51:30-GMT  BuildTime: Aug  4 2022 06:17:15  BuildStamp: freesurfer-linux-ubuntu22_x86_64-7.3.2-20220804-6354275  User: oesteban  Machine: dna059  Platform: Linux  PlatformVersion: 5.14.0-427.37.1.el9_4.x86_64  CompilerName: GCC  CompilerVersion: 8.4.0
ProgramName: mri_annotation2label  ProgramArguments: mri_annotation2label -all-info  ProgramVersion: 7.3.2  TimeStamp: 2026/03/13-22:51:30-GMT  BuildTime: Aug  4 2022 06:17:15  BuildStamp: freesurfer-linux-ubuntu22_x86_64-7.3.2-20220804-6354275  User: oesteban  Machine: dna059  Platform: Linux  PlatformVersion: 5.14.0-427.37.1.el9_4.x86_64  CompilerName: GCC  CompilerVersion: 8.4.0
ProgramName: mri_aparc2aseg  ProgramArguments: mri_aparc2aseg -all-info  ProgramVersion: 7.3.2  TimeStamp: 2026/03/13-22:51:30-GMT  BuildTime: Aug  4 2022 06:17:15  BuildStamp: freesurfer-linux-ubuntu22_x86_64-7.3.2-20220804-6354275  User: oesteban  Machine: dna059  Platform: Linux  PlatformVersion: 5.14.0-427.37.1.el9_4.x86_64  CompilerName: GCC  CompilerVersion: 8.4.0
ProgramName: mri_surf2volseg  ProgramArguments: mri_surf2volseg -all-info  ProgramVersion: 7.3.2  TimeStamp: 2026/03/13-22:51:30-GMT  BuildTime: Aug  4 2022 06:17:15  BuildStamp: freesurfer-linux-ubuntu22_x86_64-7.3.2-20220804-6354275  User: oesteban  Machine: dna059  Platform: Linux  PlatformVersion: 5.14.0-427.37.1.el9_4.x86_64  CompilerName: GCC  CompilerVersion: 8.4.0
ProgramName: mri_binarize  ProgramArguments: mri_binarize -all-info  ProgramVersion: 7.3.2  TimeStamp: 2026/03/13-22:51:30-GMT  BuildTime: Aug  4 2022 06:17:15  BuildStamp: freesurfer-linux-ubuntu22_x86_64-7.3.2-20220804-6354275  User: oesteban  Machine: dna059  Platform: Linux  PlatformVersion: 5.14.0-427.37.1.el9_4.x86_64  CompilerName: GCC  CompilerVersion: 8.4.0
ProgramName: mri_ca_label  ProgramArguments: mri_ca_label -all-info  ProgramVersion: 7.3.2  TimeStamp: 2026/03/13-22:51:30-GMT  BuildTime: Aug  4 2022 06:17:15  BuildStamp: freesurfer-linux-ubuntu22_x86_64-7.3.2-20220804-6354275  User: oesteban  Machine: dna059  Platform: Linux  PlatformVersion: 5.14.0-427.37.1.el9_4.x86_64  CompilerName: GCC  CompilerVersion: 8.4.0
ProgramName: mri_ca_normalize  ProgramArguments: mri_ca_normalize -all-info  ProgramVersion: 7.3.2  TimeStamp: 2026/03/13-22:51:30-GMT  BuildTime: Aug  4 2022 06:17:15  BuildStamp: freesurfer-linux-ubuntu22_x86_64-7.3.2-20220804-6354275  User: oesteban  Machine: dna059  Platform: Linux  PlatformVersion: 5.14.0-427.37.1.el9_4.x86_64  CompilerName: GCC  CompilerVersion: 8.4.0
ProgramName: mri_ca_register  ProgramArguments: mri_ca_register -all-info  ProgramVersion: 7.3.2  TimeStamp: 2026/03/13-22:51:30-GMT  BuildTime: Aug  4 2022 06:17:15  BuildStamp: freesurfer-linux-ubuntu22_x86_64-7.3.2-20220804-6354275  User: oesteban  Machine: dna059  Platform: Linux  PlatformVersion: 5.14.0-427.37.1.el9_4.x86_64  CompilerName: GCC  CompilerVersion: 8.4.0
ProgramName: mri_cc  ProgramArguments: mri_cc -all-info  ProgramVersion: 7.3.2  TimeStamp: 2026/03/13-22:51:30-GMT  BuildTime: Aug  4 2022 06:17:15  BuildStamp: freesurfer-linux-ubuntu22_x86_64-7.3.2-20220804-6354275  User: oesteban  Machine: dna059  Platform: Linux  PlatformVersion: 5.14.0-427.37.1.el9_4.x86_64  CompilerName: GCC  CompilerVersion: 8.4.0
ProgramName: mri_compute_overlap  ProgramArguments: mri_compute_overlap -all-info  ProgramVersion: 7.3.2  TimeStamp: 2026/03/13-22:51:30-GMT  BuildTime: Aug  4 2022 06:17:15  BuildStamp: freesurfer-linux-ubuntu22_x86_64-7.3.2-20220804-6354275  User: oesteban  Machine: dna059  Platform: Linux  PlatformVersion: 5.14.0-427.37.1.el9_4.x86_64  CompilerName: GCC  CompilerVersion: 8.4.0
ProgramName: mri_compute_seg_overlap  ProgramArguments: mri_compute_seg_overlap -all-info  ProgramVersion: 7.3.2  TimeStamp: 2026/03/13-22:51:30-GMT  BuildTime: Aug  4 2022 06:17:15  BuildStamp: freesurfer-linux-ubuntu22_x86_64-7.3.2-20220804-6354275  User: oesteban  Machine: dna059  Platform: Linux  PlatformVersion: 5.14.0-427.37.1.el9_4.x86_64  CompilerName: GCC  CompilerVersion: 8.4.0
ProgramName: mri_concat  ProgramArguments: mri_concat -all-info  ProgramVersion: 7.3.2  TimeStamp: 2026/03/13-22:51:30-GMT  BuildTime: Aug  4 2022 06:17:15  BuildStamp: freesurfer-linux-ubuntu22_x86_64-7.3.2-20220804-6354275  User: oesteban  Machine: dna059  Platform: Linux  PlatformVersion: 5.14.0-427.37.1.el9_4.x86_64  CompilerName: GCC  CompilerVersion: 8.4.0
ProgramName: mri_concatenate_lta  ProgramArguments: mri_concatenate_lta -all-info  ProgramVersion: 7.3.2  TimeStamp: 2026/03/13-22:51:30-GMT  BuildTime: Aug  4 2022 06:17:15  BuildStamp: freesurfer-linux-ubuntu22_x86_64-7.3.2-20220804-6354275  User: oesteban  Machine: dna059  Platform: Linux  PlatformVersion: 5.14.0-427.37.1.el9_4.x86_64  CompilerName: GCC  CompilerVersion: 8.4.0
mri_convert -all-info 
ProgramName: mri_convert  ProgramArguments: mri_convert -all-info  ProgramVersion: 7.3.2  TimeStamp: 2026/03/13-22:51:30-GMT  BuildTime: Aug  4 2022 06:17:15  BuildStamp: freesurfer-linux-ubuntu22_x86_64-7.3.2-20220804-6354275  User: oesteban  Machine: dna059  Platform: Linux  PlatformVersion: 5.14.0-427.37.1.el9_4.x86_64  CompilerName: GCC  CompilerVersion: 8.4.0
ProgramName: mri_diff  ProgramArguments: mri_diff -all-info  ProgramVersion: 7.3.2  TimeStamp: 2026/03/13-22:51:30-GMT  BuildTime: Aug  4 2022 06:17:15  BuildStamp: freesurfer-linux-ubuntu22_x86_64-7.3.2-20220804-6354275  User: oesteban  Machine: dna059  Platform: Linux  PlatformVersion: 5.14.0-427.37.1.el9_4.x86_64  CompilerName: GCC  CompilerVersion: 8.4.0
ProgramName: mri_edit_wm_with_aseg  ProgramArguments: mri_edit_wm_with_aseg -all-info  ProgramVersion: 7.3.2  TimeStamp: 2026/03/13-22:51:30-GMT  BuildTime: Aug  4 2022 06:17:15  BuildStamp: freesurfer-linux-ubuntu22_x86_64-7.3.2-20220804-6354275  User: oesteban  Machine: dna059  Platform: Linux  PlatformVersion: 5.14.0-427.37.1.el9_4.x86_64  CompilerName: GCC  CompilerVersion: 8.4.0
ProgramName: mri_em_register  ProgramArguments: mri_em_register -all-info  ProgramVersion: 7.3.2  TimeStamp: 2026/03/13-22:51:30-GMT  BuildTime: Aug  4 2022 06:17:15  BuildStamp: freesurfer-linux-ubuntu22_x86_64-7.3.2-20220804-6354275  User: oesteban  Machine: dna059  Platform: Linux  PlatformVersion: 5.14.0-427.37.1.el9_4.x86_64  CompilerName: GCC  CompilerVersion: 8.4.0
ProgramName: mri_fill  ProgramArguments: mri_fill -all-info  ProgramVersion: 7.3.2  TimeStamp: 2026/03/13-22:51:30-GMT  BuildTime: Aug  4 2022 06:17:15  BuildStamp: freesurfer-linux-ubuntu22_x86_64-7.3.2-20220804-6354275  User: oesteban  Machine: dna059  Platform: Linux  PlatformVersion: 5.14.0-427.37.1.el9_4.x86_64  CompilerName: GCC  CompilerVersion: 8.4.0
ProgramName: mri_fuse_segmentations  ProgramArguments: mri_fuse_segmentations -all-info  ProgramVersion: 7.3.2  TimeStamp: 2026/03/13-22:51:30-GMT  BuildTime: Aug  4 2022 06:17:15  BuildStamp: freesurfer-linux-ubuntu22_x86_64-7.3.2-20220804-6354275  User: oesteban  Machine: dna059  Platform: Linux  PlatformVersion: 5.14.0-427.37.1.el9_4.x86_64  CompilerName: GCC  CompilerVersion: 8.4.0
ProgramName: mri_fwhm  ProgramArguments: mri_fwhm -all-info  ProgramVersion: 7.3.2  TimeStamp: 2026/03/13-22:51:30-GMT  BuildTime: Aug  4 2022 06:17:15  BuildStamp: freesurfer-linux-ubuntu22_x86_64-7.3.2-20220804-6354275  User: oesteban  Machine: dna059  Platform: Linux  PlatformVersion: 5.14.0-427.37.1.el9_4.x86_64  CompilerName: GCC  CompilerVersion: 8.4.0
ProgramName: mri_gcut  ProgramArguments: mri_gcut -all-info  ProgramVersion: 7.3.2  TimeStamp: 2026/03/13-22:51:30-GMT  BuildTime: Aug  4 2022 06:17:15  BuildStamp: freesurfer-linux-ubuntu22_x86_64-7.3.2-20220804-6354275  User: oesteban  Machine: dna059  Platform: Linux  PlatformVersion: 5.14.0-427.37.1.el9_4.x86_64  CompilerName: GCC  CompilerVersion: 8.4.0
ProgramName: mri_info  ProgramArguments: mri_info -all-info  ProgramVersion: 7.3.2  TimeStamp: 2026/03/13-22:51:30-GMT  BuildTime: Aug  4 2022 06:17:15  BuildStamp: freesurfer-linux-ubuntu22_x86_64-7.3.2-20220804-6354275  User: oesteban  Machine: dna059  Platform: Linux  PlatformVersion: 5.14.0-427.37.1.el9_4.x86_64  CompilerName: GCC  CompilerVersion: 8.4.0
ProgramName: mri_label2label  ProgramArguments: mri_label2label -all-info  ProgramVersion: 7.3.2  TimeStamp: 2026/03/13-22:51:30-GMT  BuildTime: Aug  4 2022 06:17:15  BuildStamp: freesurfer-linux-ubuntu22_x86_64-7.3.2-20220804-6354275  User: oesteban  Machine: dna059  Platform: Linux  PlatformVersion: 5.14.0-427.37.1.el9_4.x86_64  CompilerName: GCC  CompilerVersion: 8.4.0
ProgramName: mri_label2vol  ProgramArguments: mri_label2vol -all-info  ProgramVersion: 7.3.2  TimeStamp: 2026/03/13-22:51:30-GMT  BuildTime: Aug  4 2022 06:17:15  BuildStamp: freesurfer-linux-ubuntu22_x86_64-7.3.2-20220804-6354275  User: oesteban  Machine: dna059  Platform: Linux  PlatformVersion: 5.14.0-427.37.1.el9_4.x86_64  CompilerName: GCC  CompilerVersion: 8.4.0
ProgramName: mri_log_likelihood  ProgramArguments: mri_log_likelihood -all-info  ProgramVersion: 7.3.2  TimeStamp: 2026/03/13-22:51:30-GMT  BuildTime: Aug  4 2022 06:17:15  BuildStamp: freesurfer-linux-ubuntu22_x86_64-7.3.2-20220804-6354275  User: oesteban  Machine: dna059  Platform: Linux  PlatformVersion: 5.14.0-427.37.1.el9_4.x86_64  CompilerName: GCC  CompilerVersion: 8.4.0
ProgramName: mri_mask  ProgramArguments: mri_mask -all-info  ProgramVersion: 7.3.2  TimeStamp: 2026/03/13-22:51:30-GMT  BuildTime: Aug  4 2022 06:17:15  BuildStamp: freesurfer-linux-ubuntu22_x86_64-7.3.2-20220804-6354275  User: oesteban  Machine: dna059  Platform: Linux  PlatformVersion: 5.14.0-427.37.1.el9_4.x86_64  CompilerName: GCC  CompilerVersion: 8.4.0
ProgramName: mri_matrix_multiply  ProgramArguments: mri_matrix_multiply -all-info  ProgramVersion: 7.3.2  TimeStamp: 2026/03/13-22:51:30-GMT  BuildTime: Aug  4 2022 06:17:15  BuildStamp: freesurfer-linux-ubuntu22_x86_64-7.3.2-20220804-6354275  User: oesteban  Machine: dna059  Platform: Linux  PlatformVersion: 5.14.0-427.37.1.el9_4.x86_64  CompilerName: GCC  CompilerVersion: 8.4.0
ProgramName: mri_normalize  ProgramArguments: mri_normalize -all-info  ProgramVersion: 7.3.2  TimeStamp: 2026/03/13-22:51:30-GMT  BuildTime: Aug  4 2022 06:17:15  BuildStamp: freesurfer-linux-ubuntu22_x86_64-7.3.2-20220804-6354275  User: oesteban  Machine: dna059  Platform: Linux  PlatformVersion: 5.14.0-427.37.1.el9_4.x86_64  CompilerName: GCC  CompilerVersion: 8.4.0
ProgramName: mri_normalize_tp2  ProgramArguments: mri_normalize_tp2 -all-info  ProgramVersion: 7.3.2  TimeStamp: 2026/03/13-22:51:30-GMT  BuildTime: Aug  4 2022 06:17:15  BuildStamp: freesurfer-linux-ubuntu22_x86_64-7.3.2-20220804-6354275  User: oesteban  Machine: dna059  Platform: Linux  PlatformVersion: 5.14.0-427.37.1.el9_4.x86_64  CompilerName: GCC  CompilerVersion: 8.4.0
ProgramName: mri_or  ProgramArguments: mri_or -all-info  ProgramVersion: 7.3.2  TimeStamp: 2026/03/13-22:51:30-GMT  BuildTime: Aug  4 2022 06:17:15  BuildStamp: freesurfer-linux-ubuntu22_x86_64-7.3.2-20220804-6354275  User: oesteban  Machine: dna059  Platform: Linux  PlatformVersion: 5.14.0-427.37.1.el9_4.x86_64  CompilerName: GCC  CompilerVersion: 8.4.0
ProgramName: mri_relabel_hypointensities  ProgramArguments: mri_relabel_hypointensities -all-info  ProgramVersion: 7.3.2  TimeStamp: 2026/03/13-22:51:30-GMT  BuildTime: Aug  4 2022 06:17:15  BuildStamp: freesurfer-linux-ubuntu22_x86_64-7.3.2-20220804-6354275  User: oesteban  Machine: dna059  Platform: Linux  PlatformVersion: 5.14.0-427.37.1.el9_4.x86_64  CompilerName: GCC  CompilerVersion: 8.4.0
ProgramName: mri_relabel_nonwm_hypos  ProgramArguments: mri_relabel_nonwm_hypos -all-info  ProgramVersion: 7.3.2  TimeStamp: 2026/03/13-22:51:30-GMT  BuildTime: Aug  4 2022 06:17:15  BuildStamp: freesurfer-linux-ubuntu22_x86_64-7.3.2-20220804-6354275  User: oesteban  Machine: dna059  Platform: Linux  PlatformVersion: 5.14.0-427.37.1.el9_4.x86_64  CompilerName: GCC  CompilerVersion: 8.4.0
ProgramName: mri_remove_neck  ProgramArguments: mri_remove_neck -all-info  ProgramVersion: 7.3.2  TimeStamp: 2026/03/13-22:51:30-GMT  BuildTime: Aug  4 2022 06:17:15  BuildStamp: freesurfer-linux-ubuntu22_x86_64-7.3.2-20220804-6354275  User: oesteban  Machine: dna059  Platform: Linux  PlatformVersion: 5.14.0-427.37.1.el9_4.x86_64  CompilerName: GCC  CompilerVersion: 8.4.0
7.3.2

ProgramName: mri_robust_register  ProgramArguments: mri_robust_register -all-info  ProgramVersion: 7.3.2  TimeStamp: 2026/03/13-22:51:30-GMT  BuildTime: Aug  4 2022 06:17:15  BuildStamp: freesurfer-linux-ubuntu22_x86_64-7.3.2-20220804-6354275  User: oesteban  Machine: dna059  Platform: Linux  PlatformVersion: 5.14.0-427.37.1.el9_4.x86_64  CompilerName: GCC  CompilerVersion: 8.4.0
7.3.2

ProgramName: mri_robust_template  ProgramArguments: mri_robust_template -all-info  ProgramVersion: 7.3.2  TimeStamp: 2026/03/13-22:51:30-GMT  BuildTime: Aug  4 2022 06:17:15  BuildStamp: freesurfer-linux-ubuntu22_x86_64-7.3.2-20220804-6354275  User: oesteban  Machine: dna059  Platform: Linux  PlatformVersion: 5.14.0-427.37.1.el9_4.x86_64  CompilerName: GCC  CompilerVersion: 8.4.0
ProgramName: mris_anatomical_stats  ProgramArguments: mris_anatomical_stats -all-info  ProgramVersion: 7.3.2  TimeStamp: 2026/03/13-22:51:30-GMT  BuildTime: Aug  4 2022 06:17:15  BuildStamp: freesurfer-linux-ubuntu22_x86_64-7.3.2-20220804-6354275  User: oesteban  Machine: dna059  Platform: Linux  PlatformVersion: 5.14.0-427.37.1.el9_4.x86_64  CompilerName: GCC  CompilerVersion: 8.4.0
ProgramName: mris_ca_label  ProgramArguments: mris_ca_label -all-info  ProgramVersion: 7.3.2  TimeStamp: 2026/03/13-22:51:30-GMT  BuildTime: Aug  4 2022 06:17:15  BuildStamp: freesurfer-linux-ubuntu22_x86_64-7.3.2-20220804-6354275  User: oesteban  Machine: dna059  Platform: Linux  PlatformVersion: 5.14.0-427.37.1.el9_4.x86_64  CompilerName: GCC  CompilerVersion: 8.4.0
ProgramName: mris_calc  ProgramArguments: mris_calc -all-info  ProgramVersion: 7.3.2  TimeStamp: 2026/03/13-22:51:30-GMT  BuildTime: Aug  4 2022 06:17:15  BuildStamp: freesurfer-linux-ubuntu22_x86_64-7.3.2-20220804-6354275  User: oesteban  Machine: dna059  Platform: Linux  PlatformVersion: 5.14.0-427.37.1.el9_4.x86_64  CompilerName: GCC  CompilerVersion: 8.4.0
ProgramName: mris_convert  ProgramArguments: mris_convert -all-info  ProgramVersion: 7.3.2  TimeStamp: 2026/03/13-22:51:30-GMT  BuildTime: Aug  4 2022 06:17:15  BuildStamp: freesurfer-linux-ubuntu22_x86_64-7.3.2-20220804-6354275  User: oesteban  Machine: dna059  Platform: Linux  PlatformVersion: 5.14.0-427.37.1.el9_4.x86_64  CompilerName: GCC  CompilerVersion: 8.4.0
ProgramName: mris_curvature  ProgramArguments: mris_curvature -all-info  ProgramVersion: 7.3.2  TimeStamp: 2026/03/13-22:51:30-GMT  BuildTime: Aug  4 2022 06:17:15  BuildStamp: freesurfer-linux-ubuntu22_x86_64-7.3.2-20220804-6354275  User: oesteban  Machine: dna059  Platform: Linux  PlatformVersion: 5.14.0-427.37.1.el9_4.x86_64  CompilerName: GCC  CompilerVersion: 8.4.0
ProgramName: mris_curvature_stats  ProgramArguments: mris_curvature_stats -all-info  ProgramVersion: 7.3.2  TimeStamp: 2026/03/13-22:51:30-GMT  BuildTime: Aug  4 2022 06:17:15  BuildStamp: freesurfer-linux-ubuntu22_x86_64-7.3.2-20220804-6354275  User: oesteban  Machine: dna059  Platform: Linux  PlatformVersion: 5.14.0-427.37.1.el9_4.x86_64  CompilerName: GCC  CompilerVersion: 8.4.0
ProgramName: mris_diff  ProgramArguments: mris_diff -all-info  ProgramVersion: 7.3.2  TimeStamp: 2026/03/13-22:51:30-GMT  BuildTime: Aug  4 2022 06:17:15  BuildStamp: freesurfer-linux-ubuntu22_x86_64-7.3.2-20220804-6354275  User: oesteban  Machine: dna059  Platform: Linux  PlatformVersion: 5.14.0-427.37.1.el9_4.x86_64  CompilerName: GCC  CompilerVersion: 8.4.0
ProgramName: mris_divide_parcellation  ProgramArguments: mris_divide_parcellation -all-info  ProgramVersion: 7.3.2  TimeStamp: 2026/03/13-22:51:30-GMT  BuildTime: Aug  4 2022 06:17:15  BuildStamp: freesurfer-linux-ubuntu22_x86_64-7.3.2-20220804-6354275  User: oesteban  Machine: dna059  Platform: Linux  PlatformVersion: 5.14.0-427.37.1.el9_4.x86_64  CompilerName: GCC  CompilerVersion: 8.4.0
ProgramName: mri_segment  ProgramArguments: mri_segment -all-info  ProgramVersion: 7.3.2  TimeStamp: 2026/03/13-22:51:30-GMT  BuildTime: Aug  4 2022 06:17:15  BuildStamp: freesurfer-linux-ubuntu22_x86_64-7.3.2-20220804-6354275  User: oesteban  Machine: dna059  Platform: Linux  PlatformVersion: 5.14.0-427.37.1.el9_4.x86_64  CompilerName: GCC  CompilerVersion: 8.4.0
ProgramName: mri_segstats  ProgramArguments: mri_segstats -all-info  ProgramVersion: 7.3.2  TimeStamp: 2026/03/13-22:51:30-GMT  BuildTime: Aug  4 2022 06:17:15  BuildStamp: freesurfer-linux-ubuntu22_x86_64-7.3.2-20220804-6354275  User: oesteban  Machine: dna059  Platform: Linux  PlatformVersion: 5.14.0-427.37.1.el9_4.x86_64  CompilerName: GCC  CompilerVersion: 8.4.0
ProgramName: mris_euler_number  ProgramArguments: mris_euler_number -all-info  ProgramVersion: 7.3.2  TimeStamp: 2026/03/13-22:51:30-GMT  BuildTime: Aug  4 2022 06:17:15  BuildStamp: freesurfer-linux-ubuntu22_x86_64-7.3.2-20220804-6354275  User: oesteban  Machine: dna059  Platform: Linux  PlatformVersion: 5.14.0-427.37.1.el9_4.x86_64  CompilerName: GCC  CompilerVersion: 8.4.0
ProgramName: mris_fix_topology  ProgramArguments: mris_fix_topology -all-info  ProgramVersion: 7.3.2  TimeStamp: 2026/03/13-22:51:30-GMT  BuildTime: Aug  4 2022 06:17:15  BuildStamp: freesurfer-linux-ubuntu22_x86_64-7.3.2-20220804-6354275  User: oesteban  Machine: dna059  Platform: Linux  PlatformVersion: 5.14.0-427.37.1.el9_4.x86_64  CompilerName: GCC  CompilerVersion: 8.4.0
ProgramName: mris_topo_fixer  ProgramArguments: mris_topo_fixer -all-info  ProgramVersion: 7.3.2  TimeStamp: 2026/03/13-22:51:30-GMT  BuildTime: Aug  4 2022 06:17:15  BuildStamp: freesurfer-linux-ubuntu22_x86_64-7.3.2-20220804-6354275  User: oesteban  Machine: dna059  Platform: Linux  PlatformVersion: 5.14.0-427.37.1.el9_4.x86_64  CompilerName: GCC  CompilerVersion: 8.4.0
ProgramName: mris_jacobian  ProgramArguments: mris_jacobian -all-info  ProgramVersion: 7.3.2  TimeStamp: 2026/03/13-22:51:30-GMT  BuildTime: Aug  4 2022 06:17:15  BuildStamp: freesurfer-linux-ubuntu22_x86_64-7.3.2-20220804-6354275  User: oesteban  Machine: dna059  Platform: Linux  PlatformVersion: 5.14.0-427.37.1.el9_4.x86_64  CompilerName: GCC  CompilerVersion: 8.4.0
ProgramName: mris_label2annot  ProgramArguments: mris_label2annot -all-info  ProgramVersion: 7.3.2  TimeStamp: 2026/03/13-22:51:30-GMT  BuildTime: Aug  4 2022 06:17:15  BuildStamp: freesurfer-linux-ubuntu22_x86_64-7.3.2-20220804-6354275  User: oesteban  Machine: dna059  Platform: Linux  PlatformVersion: 5.14.0-427.37.1.el9_4.x86_64  CompilerName: GCC  CompilerVersion: 8.4.0
ProgramName: mris_left_right_register  ProgramArguments: mris_left_right_register -all-info  ProgramVersion: 7.3.2  TimeStamp: 2026/03/13-22:51:30-GMT  BuildTime: Aug  4 2022 06:17:15  BuildStamp: freesurfer-linux-ubuntu22_x86_64-7.3.2-20220804-6354275  User: oesteban  Machine: dna059  Platform: Linux  PlatformVersion: 5.14.0-427.37.1.el9_4.x86_64  CompilerName: GCC  CompilerVersion: 8.4.0
ProgramName: mris_place_surface  ProgramArguments: mris_place_surface -all-info  ProgramVersion: 7.3.2  TimeStamp: 2026/03/13-22:51:30-GMT  BuildTime: Aug  4 2022 06:17:15  BuildStamp: freesurfer-linux-ubuntu22_x86_64-7.3.2-20220804-6354275  User: oesteban  Machine: dna059  Platform: Linux  PlatformVersion: 5.14.0-427.37.1.el9_4.x86_64  CompilerName: GCC  CompilerVersion: 8.4.0
ProgramName: mrisp_paint  ProgramArguments: mrisp_paint -all-info  ProgramVersion: 7.3.2  TimeStamp: 2026/03/13-22:51:30-GMT  BuildTime: Aug  4 2022 06:17:15  BuildStamp: freesurfer-linux-ubuntu22_x86_64-7.3.2-20220804-6354275  User: oesteban  Machine: dna059  Platform: Linux  PlatformVersion: 5.14.0-427.37.1.el9_4.x86_64  CompilerName: GCC  CompilerVersion: 8.4.0
ProgramName: mris_register  ProgramArguments: mris_register -all-info  ProgramVersion: 7.3.2  TimeStamp: 2026/03/13-22:51:30-GMT  BuildTime: Aug  4 2022 06:17:15  BuildStamp: freesurfer-linux-ubuntu22_x86_64-7.3.2-20220804-6354275  User: oesteban  Machine: dna059  Platform: Linux  PlatformVersion: 5.14.0-427.37.1.el9_4.x86_64  CompilerName: GCC  CompilerVersion: 8.4.0
ProgramName: mris_smooth  ProgramArguments: mris_smooth -all-info  ProgramVersion: 7.3.2  TimeStamp: 2026/03/13-22:51:30-GMT  BuildTime: Aug  4 2022 06:17:15  BuildStamp: freesurfer-linux-ubuntu22_x86_64-7.3.2-20220804-6354275  User: oesteban  Machine: dna059  Platform: Linux  PlatformVersion: 5.14.0-427.37.1.el9_4.x86_64  CompilerName: GCC  CompilerVersion: 8.4.0
ProgramName: mris_sphere  ProgramArguments: mris_sphere -all-info  ProgramVersion: 7.3.2  TimeStamp: 2026/03/13-22:51:30-GMT  BuildTime: Aug  4 2022 06:17:15  BuildStamp: freesurfer-linux-ubuntu22_x86_64-7.3.2-20220804-6354275  User: oesteban  Machine: dna059  Platform: Linux  PlatformVersion: 5.14.0-427.37.1.el9_4.x86_64  CompilerName: GCC  CompilerVersion: 8.4.0
ProgramName: mris_surface_stats  ProgramArguments: mris_surface_stats -all-info  ProgramVersion: 7.3.2  TimeStamp: 2026/03/13-22:51:30-GMT  BuildTime: Aug  4 2022 06:17:15  BuildStamp: freesurfer-linux-ubuntu22_x86_64-7.3.2-20220804-6354275  User: oesteban  Machine: dna059  Platform: Linux  PlatformVersion: 5.14.0-427.37.1.el9_4.x86_64  CompilerName: GCC  CompilerVersion: 8.4.0
ProgramName: mri_stats2seg  ProgramArguments: mri_stats2seg -all-info  ProgramVersion: 7.3.2  TimeStamp: 2026/03/13-22:51:30-GMT  BuildTime: Aug  4 2022 06:17:15  BuildStamp: freesurfer-linux-ubuntu22_x86_64-7.3.2-20220804-6354275  User: oesteban  Machine: dna059  Platform: Linux  PlatformVersion: 5.14.0-427.37.1.el9_4.x86_64  CompilerName: GCC  CompilerVersion: 8.4.0
ProgramName: mris_thickness  ProgramArguments: mris_thickness -all-info  ProgramVersion: 7.3.2  TimeStamp: 2026/03/13-22:51:30-GMT  BuildTime: Aug  4 2022 06:17:15  BuildStamp: freesurfer-linux-ubuntu22_x86_64-7.3.2-20220804-6354275  User: oesteban  Machine: dna059  Platform: Linux  PlatformVersion: 5.14.0-427.37.1.el9_4.x86_64  CompilerName: GCC  CompilerVersion: 8.4.0
ProgramName: mris_thickness_diff  ProgramArguments: mris_thickness_diff -all-info  ProgramVersion: 7.3.2  TimeStamp: 2026/03/13-22:51:30-GMT  BuildTime: Aug  4 2022 06:17:15  BuildStamp: freesurfer-linux-ubuntu22_x86_64-7.3.2-20220804-6354275  User: oesteban  Machine: dna059  Platform: Linux  PlatformVersion: 5.14.0-427.37.1.el9_4.x86_64  CompilerName: GCC  CompilerVersion: 8.4.0
ProgramName: mris_topo_fixer  ProgramArguments: mris_topo_fixer -all-info  ProgramVersion: 7.3.2  TimeStamp: 2026/03/13-22:51:30-GMT  BuildTime: Aug  4 2022 06:17:15  BuildStamp: freesurfer-linux-ubuntu22_x86_64-7.3.2-20220804-6354275  User: oesteban  Machine: dna059  Platform: Linux  PlatformVersion: 5.14.0-427.37.1.el9_4.x86_64  CompilerName: GCC  CompilerVersion: 8.4.0
ProgramName: mri_surf2surf  ProgramArguments: mri_surf2surf -all-info  ProgramVersion: 7.3.2  TimeStamp: 2026/03/13-22:51:30-GMT  BuildTime: Aug  4 2022 06:17:15  BuildStamp: freesurfer-linux-ubuntu22_x86_64-7.3.2-20220804-6354275  User: oesteban  Machine: dna059  Platform: Linux  PlatformVersion: 5.14.0-427.37.1.el9_4.x86_64  CompilerName: GCC  CompilerVersion: 8.4.0
ProgramName: mri_surf2vol  ProgramArguments: mri_surf2vol -all-info  ProgramVersion: 7.3.2  TimeStamp: 2026/03/13-22:51:30-GMT  BuildTime: Aug  4 2022 06:17:15  BuildStamp: freesurfer-linux-ubuntu22_x86_64-7.3.2-20220804-6354275  User: oesteban  Machine: dna059  Platform: Linux  PlatformVersion: 5.14.0-427.37.1.el9_4.x86_64  CompilerName: GCC  CompilerVersion: 8.4.0
ProgramName: mri_surfcluster  ProgramArguments: mri_surfcluster -all-info  ProgramVersion: 7.3.2  TimeStamp: 2026/03/13-22:51:30-GMT  BuildTime: Aug  4 2022 06:17:15  BuildStamp: freesurfer-linux-ubuntu22_x86_64-7.3.2-20220804-6354275  User: oesteban  Machine: dna059  Platform: Linux  PlatformVersion: 5.14.0-427.37.1.el9_4.x86_64  CompilerName: GCC  CompilerVersion: 8.4.0
ProgramName: mris_volmask  ProgramArguments: mris_volmask -all-info  ProgramVersion: 7.3.2  TimeStamp: 2026/03/13-22:51:30-GMT  BuildTime: Aug  4 2022 06:17:15  BuildStamp: freesurfer-linux-ubuntu22_x86_64-7.3.2-20220804-6354275  User: oesteban  Machine: dna059  Platform: Linux  PlatformVersion: 5.14.0-427.37.1.el9_4.x86_64  CompilerName: GCC  CompilerVersion: 8.4.0
ProgramName: mri_tessellate  ProgramArguments: mri_tessellate -all-info  ProgramVersion: 7.3.2  TimeStamp: 2026/03/13-22:51:30-GMT  BuildTime: Aug  4 2022 06:17:15  BuildStamp: freesurfer-linux-ubuntu22_x86_64-7.3.2-20220804-6354275  User: oesteban  Machine: dna059  Platform: Linux  PlatformVersion: 5.14.0-427.37.1.el9_4.x86_64  CompilerName: GCC  CompilerVersion: 8.4.0
ProgramName: mri_vol2surf  ProgramArguments: mri_vol2surf -all-info  ProgramVersion: 7.3.2  TimeStamp: 2026/03/13-22:51:30-GMT  BuildTime: Aug  4 2022 06:17:15  BuildStamp: freesurfer-linux-ubuntu22_x86_64-7.3.2-20220804-6354275  User: oesteban  Machine: dna059  Platform: Linux  PlatformVersion: 5.14.0-427.37.1.el9_4.x86_64  CompilerName: GCC  CompilerVersion: 8.4.0
ProgramName: mri_vol2vol  ProgramArguments: mri_vol2vol -all-info  ProgramVersion: 7.3.2  TimeStamp: 2026/03/13-22:51:30-GMT  BuildTime: Aug  4 2022 06:17:15  BuildStamp: freesurfer-linux-ubuntu22_x86_64-7.3.2-20220804-6354275  User: oesteban  Machine: dna059  Platform: Linux  PlatformVersion: 5.14.0-427.37.1.el9_4.x86_64  CompilerName: GCC  CompilerVersion: 8.4.0
ProgramName: mri_voldiff  ProgramArguments: mri_voldiff -all-info  ProgramVersion: 7.3.2  TimeStamp: 2026/03/13-22:51:30-GMT  BuildTime: Aug  4 2022 06:17:15  BuildStamp: freesurfer-linux-ubuntu22_x86_64-7.3.2-20220804-6354275  User: oesteban  Machine: dna059  Platform: Linux  PlatformVersion: 5.14.0-427.37.1.el9_4.x86_64  CompilerName: GCC  CompilerVersion: 8.4.0
ProgramName: mri_watershed  ProgramArguments: mri_watershed -all-info  ProgramVersion: 7.3.2  TimeStamp: 2026/03/13-22:51:30-GMT  BuildTime: Aug  4 2022 06:17:15  BuildStamp: freesurfer-linux-ubuntu22_x86_64-7.3.2-20220804-6354275  User: oesteban  Machine: dna059  Platform: Linux  PlatformVersion: 5.14.0-427.37.1.el9_4.x86_64  CompilerName: GCC  CompilerVersion: 8.4.0
ProgramName: tkregister2  ProgramArguments: tkregister2_cmdl -all-info  ProgramVersion: 7.3.2  TimeStamp: 2026/03/13-22:51:30-GMT  BuildTime: Aug  4 2022 06:17:15  BuildStamp: freesurfer-linux-ubuntu22_x86_64-7.3.2-20220804-6354275  User: oesteban  Machine: dna059  Platform: Linux  PlatformVersion: 5.14.0-427.37.1.el9_4.x86_64  CompilerName: GCC  CompilerVersion: 8.4.0
mri_motion_correct.fsl 7.3.2
mri_convert -all-info 
ProgramName: mri_convert  ProgramArguments: mri_convert -all-info  ProgramVersion: 7.3.2  TimeStamp: 2026/03/13-22:51:30-GMT  BuildTime: Aug  4 2022 06:17:15  BuildStamp: freesurfer-linux-ubuntu22_x86_64-7.3.2-20220804-6354275  User: oesteban  Machine: dna059  Platform: Linux  PlatformVersion: 5.14.0-427.37.1.el9_4.x86_64  CompilerName: GCC  CompilerVersion: 8.4.0
Program nu_correct, built from:
Package MNI N3, version 1.12.0, compiled by nicks@terrier (x86_64-unknown-linux-gnu) on 2015-06-19 at 01:25:34
#######################################
GCADIR /opt/freesurfer/average
GCA RB_all_2020-01-02.gca
GCASkull RB_all_withskull_2020_01_02.gca
AvgCurvTif folding.atlas.acfb40.noaparc.i12.2016-08-02.tif
GCSDIR /opt/freesurfer/average
GCS DKaparc.atlas.acfb40.noaparc.i12.2016-08-02.gcs
#######################################
#--------------------------------------
#@# CA Normalize Fri Mar 13 23:51:30 CET 2026
/out/sourcedata/freesurfer/sub-v2s7x29797_ses-1/mri

 mri_ca_normalize -c ctrl_pts.mgz -mask brainmask.mgz nu.mgz /opt/freesurfer/average/RB_all_2020-01-02.gca transforms/talairach.lta norm.mgz 

writing control point volume to ctrl_pts.mgz
using MR volume brainmask.mgz to mask input volume...
reading 1 input volume
reading atlas from '/opt/freesurfer/average/RB_all_2020-01-02.gca'...
reading transform from 'transforms/talairach.lta'...
reading input volume from nu.mgz...
resetting wm mean[0]: 98 --> 107
resetting gm mean[0]: 61 --> 61
input volume #1 is the most T1-like
using real data threshold=29.1
skull bounding box = (64, 65, 44) --> (195, 205, 214)
finding center of left hemi white matter
using (108, 112, 129) as brain centroid of Right_Cerebral_White_Matter...
mean wm in atlas = 107, using box (92,95,108) --> (124, 129,149) to find MRI wm
before smoothing, mri peak at 109
robust fit to distribution - 108 +- 3.2
after smoothing, mri peak at 109, scaling input intensities by 0.982
scaling channel 0 by 0.981651
using 246437 sample points...
INFO: compute sample coordinates transform
 1.07843   0.02979   0.05359  -23.90294;
-0.04040   1.07630   0.30939  -54.48780;
-0.06721  -0.27948   0.94081   36.63304;
 0.00000   0.00000   0.00000   1.00000;
INFO: transform used
finding control points in Left_Cerebral_White_Matter....
found 40230 control points for structure...
bounding box (129, 72, 46) --> (191, 180, 212)
Left_Cerebral_White_Matter: limiting intensities to 95.0 --> 132.0
23 of 9367 (0.2%) samples deleted
finding control points in Right_Cerebral_White_Matter....
found 39478 control points for structure...
bounding box (69, 71, 43) --> (131, 172, 212)
Right_Cerebral_White_Matter: limiting intensities to 95.0 --> 132.0
30 of 9482 (0.3%) samples deleted
finding control points in Left_Cerebellum_White_Matter....
found 3105 control points for structure...
bounding box (131, 152, 77) --> (175, 195, 131)
Left_Cerebellum_White_Matter: limiting intensities to 95.0 --> 132.0
1 of 757 (0.1%) samples deleted
finding control points in Right_Cerebellum_White_Matter....
found 2710 control points for structure...
bounding box (88, 152, 71) --> (130, 193, 129)
Right_Cerebellum_White_Matter: limiting intensities to 93.0 --> 132.0
1 of 629 (0.2%) samples deleted
finding control points in Brain_Stem....
found 3475 control points for structure...
bounding box (113, 141, 111) --> (145, 204, 141)
Brain_Stem: limiting intensities to 91.0 --> 132.0
3 of 1126 (0.3%) samples deleted
using 21361 total control points for intensity normalization...
bias field = 0.978 +- 0.073
85 of 21303 control points discarded
finding control points in Left_Cerebral_White_Matter....
found 40230 control points for structure...
bounding box (129, 72, 46) --> (191, 180, 212)
Left_Cerebral_White_Matter: limiting intensities to 93.0 --> 132.0
20 of 9385 (0.2%) samples deleted
finding control points in Right_Cerebral_White_Matter....
found 39478 control points for structure...
bounding box (69, 71, 43) --> (131, 172, 212)
Right_Cerebral_White_Matter: limiting intensities to 92.0 --> 132.0
37 of 9523 (0.4%) samples deleted
finding control points in Left_Cerebellum_White_Matter....
found 3105 control points for structure...
bounding box (131, 152, 77) --> (175, 195, 131)
Left_Cerebellum_White_Matter: limiting intensities to 88.0 --> 132.0
23 of 764 (3.0%) samples deleted
finding control points in Right_Cerebellum_White_Matter....
found 2710 control points for structure...
bounding box (88, 152, 71) --> (130, 193, 129)
Right_Cerebellum_White_Matter: limiting intensities to 88.0 --> 132.0
42 of 666 (6.3%) samples deleted
finding control points in Brain_Stem....
found 3475 control points for structure...
bounding box (113, 141, 111) --> (145, 204, 141)
Brain_Stem: limiting intensities to 88.0 --> 132.0
100 of 1194 (8.4%) samples deleted
using 21532 total control points for intensity normalization...
bias field = 1.008 +- 0.047
72 of 21248 control points discarded
finding control points in Left_Cerebral_White_Matter....
found 40230 control points for structure...
bounding box (129, 72, 46) --> (191, 180, 212)
Left_Cerebral_White_Matter: limiting intensities to 93.0 --> 132.0
17 of 9411 (0.2%) samples deleted
finding control points in Right_Cerebral_White_Matter....
found 39478 control points for structure...
bounding box (69, 71, 43) --> (131, 172, 212)
Right_Cerebral_White_Matter: limiting intensities to 92.0 --> 132.0
43 of 9540 (0.5%) samples deleted
finding control points in Left_Cerebellum_White_Matter....
found 3105 control points for structure...
bounding box (131, 152, 77) --> (175, 195, 131)
Left_Cerebellum_White_Matter: limiting intensities to 88.0 --> 132.0
289 of 786 (36.8%) samples deleted
finding control points in Right_Cerebellum_White_Matter....
found 2710 control points for structure...
bounding box (88, 152, 71) --> (130, 193, 129)
Right_Cerebellum_White_Matter: limiting intensities to 88.0 --> 132.0
264 of 670 (39.4%) samples deleted
finding control points in Brain_Stem....
found 3475 control points for structure...
bounding box (113, 141, 111) --> (145, 204, 141)
Brain_Stem: limiting intensities to 88.0 --> 132.0
533 of 1233 (43.2%) samples deleted
using 21640 total control points for intensity normalization...
bias field = 1.007 +- 0.035
36 of 20364 control points discarded
writing normalized volume to norm.mgz...
writing control points to ctrl_pts.mgz
freeing GCA...done.
normalization took 1 minutes and 18 seconds.
#--------------------------------------
#@# CA Reg Fri Mar 13 23:52:48 CET 2026
/out/sourcedata/freesurfer/sub-v2s7x29797_ses-1/mri

 mri_ca_register -nobigventricles -T transforms/talairach.lta -align-after -mask brainmask.mgz norm.mgz /opt/freesurfer/average/RB_all_2020-01-02.gca transforms/talairach.m3z 

not handling expanded ventricles...
using previously computed transform transforms/talairach.lta
renormalizing sequences with structure alignment, equivalent to:
	-renormalize
	-regularize_mean 0.500
	-regularize 0.500
using MR volume brainmask.mgz to mask input volume...

== Number of threads available to mri_ca_register for OpenMP = 16 == 
reading 1 input volumes...
logging results to talairach.log
reading input volume 'norm.mgz'...
reading GCA '/opt/freesurfer/average/RB_all_2020-01-02.gca'...
label assignment complete, 0 changed (0.00%)
freeing gibbs priors...done.
average std[0] = 5.0
Starting GCAMregister()
label assignment complete, 0 changed (0.00%)
npasses = 1, nlevels = 6
#pass# 1 of 1 ************************
enabling zero nodes
setting smoothness cost coefficient to 0.156

#GCAMreg# pass 0 level1 5 level2 0 tsec 0 sigma 2
l_jacobian=1.00 l_label=1.00 l_log_likelihood=0.20 l_smoothness=0.16 
tol=2.50e-01, dt=5.00e-02, exp_k=20.0, momentum=0.90, levels=6, niter=500, lbl_dist=10.00, avgs=256, sigma=2.0,type=2, relabel=0, neg=no

blurring input image with Gaussian with sigma=2.000...
GCAMRegisterLevel(): init RMS 0.758659
#FOTS# QuadFit found better minimum quadopt=(dt=221.952,rms=0.701995) vs oldopt=(dt=369.92,rms=0.717055)
#GCMRL#    0 dt 221.952000 rms  0.702  7.469% neg 0  invalid 762 tFOTS 4.6900 tGradient 2.6860 tsec 7.7240
#FOTS# QuadFit found better minimum quadopt=(dt=146.429,rms=0.686617) vs oldopt=(dt=92.48,rms=0.689051)
#GCMRL#    1 dt 146.429319 rms  0.687  2.191% neg 0  invalid 762 tFOTS 4.6270 tGradient 2.7530 tsec 7.7140
#FOTS# QuadFit found better minimum quadopt=(dt=272.866,rms=0.673065) vs oldopt=(dt=369.92,rms=0.674726)
#GCMRL#    2 dt 272.866275 rms  0.673  1.974% neg 0  invalid 762 tFOTS 4.4170 tGradient 2.9260 tsec 7.7570
#FOTS# QuadFit found better minimum quadopt=(dt=110.976,rms=0.667145) vs oldopt=(dt=92.48,rms=0.66738)
#GCMRL#    3 dt 110.976000 rms  0.667  0.880% neg 0  invalid 762 tFOTS 4.4830 tGradient 2.9790 tsec 7.8320
#FOTS# QuadFit found better minimum quadopt=(dt=517.888,rms=0.659239) vs oldopt=(dt=369.92,rms=0.660278)
#GCMRL#    4 dt 517.888000 rms  0.659  1.185% neg 0  invalid 762 tFOTS 4.6230 tGradient 2.7650 tsec 7.7800
#FOTS# QuadFit found better minimum quadopt=(dt=110.976,rms=0.656052) vs oldopt=(dt=92.48,rms=0.656089)
#GCMRL#    5 dt 110.976000 rms  0.656  0.483% neg 0  invalid 762 tFOTS 4.8600 tGradient 3.1760 tsec 8.3610
#GCMRL#    6 dt 369.920000 rms  0.654  0.389% neg 0  invalid 762 tFOTS 4.3460 tGradient 2.5990 tsec 7.2650
#FOTS# QuadFit found better minimum quadopt=(dt=110.976,rms=0.651822) vs oldopt=(dt=92.48,rms=0.651859)
#GCMRL#    7 dt 110.976000 rms  0.652  0.257% neg 0  invalid 762 tFOTS 4.9040 tGradient 2.7550 tsec 7.9850
#FOTS# QuadFit found better minimum quadopt=(dt=443.904,rms=0.650037) vs oldopt=(dt=369.92,rms=0.650098)
#GCMRL#    8 dt 443.904000 rms  0.650  0.274% neg 0  invalid 762 tFOTS 4.4230 tGradient 2.8180 tsec 7.5670
#GCMRL#    9 dt  92.480000 rms  0.649  0.000% neg 0  invalid 762 tFOTS 4.7070 tGradient 2.6520 tsec 7.7120
#GCMRL#   10 dt  92.480000 rms  0.648  0.066% neg 0  invalid 762 tFOTS 0.0000 tGradient 2.7480 tsec 3.0660
#GCMRL#   11 dt  92.480000 rms  0.647  0.115% neg 0  invalid 762 tFOTS 0.0000 tGradient 2.7720 tsec 3.0810
#GCMRL#   12 dt  92.480000 rms  0.646  0.158% neg 0  invalid 762 tFOTS 0.0000 tGradient 2.7540 tsec 3.0660
#GCMRL#   13 dt  92.480000 rms  0.645  0.184% neg 0  invalid 762 tFOTS 0.0000 tGradient 2.7640 tsec 3.0760
#GCMRL#   14 dt  92.480000 rms  0.644  0.194% neg 0  invalid 762 tFOTS 0.0000 tGradient 2.8870 tsec 3.2010
#GCMRL#   15 dt  92.480000 rms  0.643  0.197% neg 0  invalid 762 tFOTS 0.0000 tGradient 2.8100 tsec 3.1390
#GCMRL#   16 dt  92.480000 rms  0.642  0.190% neg 0  invalid 762 tFOTS 0.0000 tGradient 2.6780 tsec 2.9960
#GCMRL#   17 dt  92.480000 rms  0.640  0.178% neg 0  invalid 762 tFOTS 0.0000 tGradient 2.6160 tsec 2.9400
#GCMRL#   18 dt  92.480000 rms  0.639  0.161% neg 0  invalid 762 tFOTS 0.0000 tGradient 2.5960 tsec 2.9170
#GCMRL#   19 dt  92.480000 rms  0.638  0.153% neg 0  invalid 762 tFOTS 0.0000 tGradient 2.5430 tsec 2.8610
#GCMRL#   20 dt  92.480000 rms  0.637  0.141% neg 0  invalid 762 tFOTS 0.0000 tGradient 2.5880 tsec 2.9600
#GCMRL#   21 dt  92.480000 rms  0.637  0.127% neg 0  invalid 762 tFOTS 0.0000 tGradient 2.6390 tsec 2.9600
#GCMRL#   22 dt  92.480000 rms  0.636  0.113% neg 0  invalid 762 tFOTS 0.0000 tGradient 2.6700 tsec 2.9930
#GCMRL#   23 dt  92.480000 rms  0.635  0.106% neg 0  invalid 762 tFOTS 0.0000 tGradient 2.6280 tsec 2.9760
#GCMRL#   24 dt 1479.680000 rms  0.635  0.000% neg 0  invalid 762 tFOTS 4.6550 tGradient 2.6370 tsec 7.6410

#GCAMreg# pass 0 level1 5 level2 1 tsec 140.316 sigma 0.5
l_jacobian=1.00 l_label=1.00 l_log_likelihood=0.20 l_smoothness=0.16 
tol=2.50e-01, dt=5.00e-02, exp_k=20.0, momentum=0.90, levels=6, niter=500, lbl_dist=10.00, avgs=256, sigma=0.5,type=2, relabel=0, neg=no

blurring input image with Gaussian with sigma=0.500...
GCAMRegisterLevel(): init RMS 0.635189
#FOTS# QuadFit found better minimum quadopt=(dt=110.976,rms=0.634283) vs oldopt=(dt=92.48,rms=0.634291)
#GCMRL#   26 dt 110.976000 rms  0.634  0.143% neg 0  invalid 762 tFOTS 4.3980 tGradient 2.6990 tsec 7.4270
#FOTS# QuadFit found better minimum quadopt=(dt=221.952,rms=0.634085) vs oldopt=(dt=369.92,rms=0.634123)
#GCMRL#   27 dt 221.952000 rms  0.634  0.000% neg 0  invalid 762 tFOTS 4.6590 tGradient 2.5980 tsec 7.5990
#GCMRL#   28 dt 221.952000 rms  0.634  0.020% neg 0  invalid 762 tFOTS 0.0000 tGradient 2.5550 tsec 2.8660
#GCMRL#   29 dt 221.952000 rms  0.634  0.035% neg 0  invalid 762 tFOTS 0.0000 tGradient 2.6190 tsec 2.9300
#GCMRL#   30 dt 221.952000 rms  0.634  0.030% neg 0  invalid 762 tFOTS 0.0000 tGradient 2.6600 tsec 2.9760
#GCMRL#   31 dt 221.952000 rms  0.633  0.044% neg 0  invalid 762 tFOTS 0.0000 tGradient 2.8960 tsec 3.2050
setting smoothness cost coefficient to 0.615

#GCAMreg# pass 0 level1 4 level2 0 tsec 0 sigma 2
l_jacobian=1.00 l_label=1.00 l_log_likelihood=0.20 l_smoothness=0.62 
tol=2.50e-01, dt=5.00e-02, exp_k=20.0, momentum=0.90, levels=6, niter=500, lbl_dist=10.00, avgs=64, sigma=2.0,type=2, relabel=0, neg=no

blurring input image with Gaussian with sigma=2.000...
GCAMRegisterLevel(): init RMS 0.643357
#FOTS# QuadFit found better minimum quadopt=(dt=71.0378,rms=0.639939) vs oldopt=(dt=103.68,rms=0.640527)
#GCMRL#   33 dt  71.037801 rms  0.640  0.531% neg 0  invalid 762 tFOTS 4.3760 tGradient 2.0310 tsec 6.7340
#FOTS# QuadFit found better minimum quadopt=(dt=248.832,rms=0.633226) vs oldopt=(dt=414.72,rms=0.634765)
#GCMRL#   34 dt 248.832000 rms  0.633  1.049% neg 0  invalid 762 tFOTS 4.1310 tGradient 1.9900 tsec 6.4450
#FOTS# QuadFit found better minimum quadopt=(dt=71.2761,rms=0.630445) vs oldopt=(dt=103.68,rms=0.63089)
#GCMRL#   35 dt  71.276102 rms  0.630  0.439% neg 0  invalid 762 tFOTS 4.6620 tGradient 2.0480 tsec 7.0460
#FOTS# QuadFit found better minimum quadopt=(dt=97.0616,rms=0.628351) vs oldopt=(dt=103.68,rms=0.628368)
#GCMRL#   36 dt  97.061611 rms  0.628  0.332% neg 0  invalid 762 tFOTS 4.5530 tGradient 2.3300 tsec 7.2190
#FOTS# QuadFit found better minimum quadopt=(dt=36.288,rms=0.62729) vs oldopt=(dt=25.92,rms=0.627479)
#GCMRL#   37 dt  36.288000 rms  0.627  0.000% neg 0  invalid 762 tFOTS 4.2640 tGradient 2.2930 tsec 6.9150
#GCMRL#   38 dt  36.288000 rms  0.627  0.076% neg 0  invalid 762 tFOTS 0.0000 tGradient 2.3070 tsec 2.6270
#GCMRL#   39 dt  36.288000 rms  0.626  0.127% neg 0  invalid 762 tFOTS 0.0000 tGradient 2.2370 tsec 2.5610
#GCMRL#   40 dt  36.288000 rms  0.625  0.175% neg 0  invalid 762 tFOTS 0.0000 tGradient 2.2910 tsec 2.6180
#GCMRL#   41 dt  36.288000 rms  0.624  0.205% neg 0  invalid 762 tFOTS 0.0000 tGradient 2.2100 tsec 2.5360
#GCMRL#   42 dt  36.288000 rms  0.622  0.219% neg 0  invalid 762 tFOTS 0.0000 tGradient 2.2580 tsec 2.5870
#GCMRL#   43 dt  36.288000 rms  0.621  0.226% neg 0  invalid 762 tFOTS 0.0000 tGradient 2.2940 tsec 2.6200
#GCMRL#   44 dt  36.288000 rms  0.620  0.214% neg 0  invalid 762 tFOTS 0.0000 tGradient 2.3360 tsec 2.6620
#GCMRL#   45 dt  36.288000 rms  0.618  0.192% neg 0  invalid 762 tFOTS 0.0000 tGradient 2.2170 tsec 2.5430
#GCMRL#   46 dt  36.288000 rms  0.617  0.170% neg 0  invalid 762 tFOTS 0.0000 tGradient 2.1600 tsec 2.4890
#GCMRL#   47 dt  36.288000 rms  0.616  0.156% neg 0  invalid 762 tFOTS 0.0000 tGradient 2.2660 tsec 2.5950
#GCMRL#   48 dt  36.288000 rms  0.615  0.136% neg 0  invalid 762 tFOTS 0.0000 tGradient 2.1540 tsec 2.4780
#GCMRL#   49 dt  36.288000 rms  0.615  0.120% neg 0  invalid 762 tFOTS 0.0000 tGradient 2.1500 tsec 2.4760
#GCMRL#   50 dt  36.288000 rms  0.614  0.105% neg 0  invalid 762 tFOTS 0.0000 tGradient 2.2540 tsec 2.6040
#GCMRL#   51 dt   0.450000 rms  0.614  0.000% neg 0  invalid 762 tFOTS 4.8140 tGradient 2.1550 tsec 7.3310

#GCAMreg# pass 0 level1 4 level2 1 tsec 87.051 sigma 0.5
l_jacobian=1.00 l_label=1.00 l_log_likelihood=0.20 l_smoothness=0.62 
tol=2.50e-01, dt=5.00e-02, exp_k=20.0, momentum=0.90, levels=6, niter=500, lbl_dist=10.00, avgs=64, sigma=0.5,type=2, relabel=0, neg=no

blurring input image with Gaussian with sigma=0.500...
GCAMRegisterLevel(): init RMS 0.614671
#GCMRL#   53 dt   0.000000 rms  0.614  0.093% neg 0  invalid 762 tFOTS 4.4630 tGradient 2.0240 tsec 6.8140
setting smoothness cost coefficient to 2.353

#GCAMreg# pass 0 level1 3 level2 0 tsec 0 sigma 2
l_jacobian=1.00 l_label=1.00 l_log_likelihood=0.20 l_smoothness=2.35 
tol=2.50e-01, dt=5.00e-02, exp_k=20.0, momentum=0.90, levels=6, niter=500, lbl_dist=10.00, avgs=16, sigma=2.0,type=2, relabel=0, neg=no

blurring input image with Gaussian with sigma=2.000...
GCAMRegisterLevel(): init RMS 0.645418
#FOTS# QuadFit found better minimum quadopt=(dt=1.6,rms=0.644702) vs oldopt=(dt=2,rms=0.644718)
#GCMRL#   55 dt   1.600000 rms  0.645  0.111% neg 0  invalid 762 tFOTS 4.2580 tGradient 1.7080 tsec 6.2880
#FOTS# QuadFit found better minimum quadopt=(dt=0.075,rms=0.644708) vs oldopt=(dt=0.125,rms=0.644708)

#GCAMreg# pass 0 level1 3 level2 1 tsec 22.227 sigma 0.5
l_jacobian=1.00 l_label=1.00 l_log_likelihood=0.20 l_smoothness=2.35 
tol=2.50e-01, dt=5.00e-02, exp_k=20.0, momentum=0.90, levels=6, niter=500, lbl_dist=10.00, avgs=16, sigma=0.5,type=2, relabel=0, neg=no

blurring input image with Gaussian with sigma=0.500...
GCAMRegisterLevel(): init RMS 0.645242
#FOTS# QuadFit found better minimum quadopt=(dt=0.4,rms=0.6447) vs oldopt=(dt=0.5,rms=0.644702)
#GCMRL#   57 dt   0.400000 rms  0.645  0.084% neg 0  invalid 762 tFOTS 4.1670 tGradient 1.7240 tsec 6.2880
#FOTS# QuadFit found better minimum quadopt=(dt=4.6875e-05,rms=0.644704) vs oldopt=(dt=7.8125e-05,rms=0.644704)
setting smoothness cost coefficient to 8.000

#GCAMreg# pass 0 level1 2 level2 0 tsec 0 sigma 2
l_jacobian=1.00 l_label=1.00 l_log_likelihood=0.20 l_smoothness=8.00 
tol=2.50e-01, dt=5.00e-02, exp_k=20.0, momentum=0.90, levels=6, niter=500, lbl_dist=10.00, avgs=4, sigma=2.0,type=2, relabel=0, neg=no

blurring input image with Gaussian with sigma=2.000...
GCAMRegisterLevel(): init RMS 0.727955
#FOTS# QuadFit found better minimum quadopt=(dt=2.63055,rms=0.701997) vs oldopt=(dt=2.88,rms=0.702225)
#GCMRL#   59 dt   2.630547 rms  0.702  3.566% neg 0  invalid 762 tFOTS 4.3290 tGradient 1.6250 tsec 6.2910
#FOTS# QuadFit found better minimum quadopt=(dt=2.24766,rms=0.697675) vs oldopt=(dt=2.88,rms=0.698007)
#GCMRL#   60 dt   2.247664 rms  0.698  0.616% neg 0  invalid 762 tFOTS 4.2600 tGradient 1.7010 tsec 6.2990
#FOTS# QuadFit found better minimum quadopt=(dt=2.1118,rms=0.696301) vs oldopt=(dt=2.88,rms=0.696483)
#GCMRL#   61 dt   2.111801 rms  0.696  0.000% neg 0  invalid 762 tFOTS 4.2860 tGradient 1.7140 tsec 6.3650

#GCAMreg# pass 0 level1 2 level2 1 tsec 30.6 sigma 0.5
l_jacobian=1.00 l_label=1.00 l_log_likelihood=0.20 l_smoothness=8.00 
tol=2.50e-01, dt=5.00e-02, exp_k=20.0, momentum=0.90, levels=6, niter=500, lbl_dist=10.00, avgs=4, sigma=0.5,type=2, relabel=0, neg=no

blurring input image with Gaussian with sigma=0.500...
GCAMRegisterLevel(): init RMS 0.696735
#FOTS# QuadFit found better minimum quadopt=(dt=0.144,rms=0.696292) vs oldopt=(dt=0.18,rms=0.696292)
#GCMRL#   63 dt   0.144000 rms  0.696  0.064% neg 0  invalid 762 tFOTS 4.5270 tGradient 1.6800 tsec 6.5480
#FOTS# QuadFit found better minimum quadopt=(dt=0.063,rms=0.696295) vs oldopt=(dt=0.045,rms=0.696295)
setting smoothness cost coefficient to 20.000

#GCAMreg# pass 0 level1 1 level2 0 tsec 0 sigma 2
l_jacobian=1.00 l_label=1.00 l_log_likelihood=0.20 l_smoothness=20.00 
tol=2.50e-01, dt=5.00e-02, exp_k=20.0, momentum=0.90, levels=6, niter=500, lbl_dist=10.00, avgs=1, sigma=2.0,type=2, relabel=0, neg=no

blurring input image with Gaussian with sigma=2.000...
GCAMRegisterLevel(): init RMS 0.752171
#GCMRL#   65 dt   0.320000 rms  0.751  0.183% neg 0  invalid 762 tFOTS 4.3500 tGradient 1.4430 tsec 6.1130
#GCMRL#   66 dt   1.280000 rms  0.744  0.865% neg 0  invalid 762 tFOTS 4.1670 tGradient 1.3270 tsec 5.8190
#FOTS# QuadFit found better minimum quadopt=(dt=0.200833,rms=0.742522) vs oldopt=(dt=0.32,rms=0.742825)
#GCMRL#   67 dt   0.200833 rms  0.743  0.000% neg 0  invalid 762 tFOTS 4.2020 tGradient 1.3790 tsec 5.9270
#GCMRL#   68 dt   0.200833 rms  0.742  0.106% neg 0  invalid 762 tFOTS 0.0000 tGradient 1.3300 tsec 1.6460
#GCMRL#   69 dt   0.200833 rms  0.741  0.151% neg 0  invalid 762 tFOTS 0.0000 tGradient 1.3130 tsec 1.6360
#GCMRL#   70 dt   0.200833 rms  0.738  0.308% neg 0  invalid 762 tFOTS 0.0000 tGradient 1.3180 tsec 1.6450
#GCMRL#   71 dt   0.200833 rms  0.735  0.387% neg 0  invalid 762 tFOTS 0.0000 tGradient 1.4830 tsec 1.8400
#GCMRL#   72 dt   0.200833 rms  0.733  0.294% neg 0  invalid 762 tFOTS 0.0000 tGradient 1.4600 tsec 1.8010
#GCMRL#   73 dt   0.200833 rms  0.732  0.166% neg 0  invalid 762 tFOTS 0.0000 tGradient 1.4300 tsec 1.7430
#GCMRL#   74 dt   0.200833 rms  0.732  0.043% neg 0  invalid 762 tFOTS 0.0000 tGradient 1.4680 tsec 1.8050
#GCMRL#   75 dt   0.200833 rms  0.732  0.005% neg 0  invalid 762 tFOTS 0.0000 tGradient 1.3410 tsec 1.6690
#FOTS# QuadFit found better minimum quadopt=(dt=0.448,rms=0.730044) vs oldopt=(dt=0.32,rms=0.730388)
#GCMRL#   76 dt   0.448000 rms  0.730  0.233% neg 0  invalid 762 tFOTS 4.1580 tGradient 1.3250 tsec 5.8010
#FOTS# QuadFit found better minimum quadopt=(dt=0.028,rms=0.730027) vs oldopt=(dt=0.02,rms=0.730029)
#GCMRL#   77 dt   0.028000 rms  0.730  0.000% neg 0  invalid 762 tFOTS 4.2160 tGradient 1.3190 tsec 5.8790
#GCMRL#   78 dt   0.028000 rms  0.730  0.001% neg 0  invalid 762 tFOTS 0.0000 tGradient 1.3110 tsec 1.6210

#GCAMreg# pass 0 level1 1 level2 1 tsec 56.266 sigma 0.5
l_jacobian=1.00 l_label=1.00 l_log_likelihood=0.20 l_smoothness=20.00 
tol=2.50e-01, dt=5.00e-02, exp_k=20.0, momentum=0.90, levels=6, niter=500, lbl_dist=10.00, avgs=1, sigma=0.5,type=2, relabel=0, neg=no

blurring input image with Gaussian with sigma=0.500...
GCAMRegisterLevel(): init RMS 0.730412
#FOTS# QuadFit found better minimum quadopt=(dt=0.112,rms=0.729946) vs oldopt=(dt=0.08,rms=0.729953)
#GCMRL#   80 dt   0.112000 rms  0.730  0.064% neg 0  invalid 762 tFOTS 4.1330 tGradient 1.3130 tsec 5.7680
#FOTS# QuadFit found better minimum quadopt=(dt=0.256,rms=0.729867) vs oldopt=(dt=0.32,rms=0.729873)
#GCMRL#   81 dt   0.256000 rms  0.730  0.000% neg 0  invalid 762 tFOTS 4.1230 tGradient 1.3220 tsec 5.8260
#GCMRL#   82 dt   0.256000 rms  0.730  0.037% neg 0  invalid 762 tFOTS 0.0000 tGradient 1.3530 tsec 1.6590
#GCMRL#   83 dt   0.256000 rms  0.729  0.050% neg 0  invalid 762 tFOTS 0.0000 tGradient 1.3370 tsec 1.6440
#GCMRL#   84 dt   0.256000 rms  0.729  0.046% neg 0  invalid 762 tFOTS 0.0000 tGradient 1.4910 tsec 1.8190
#GCMRL#   85 dt   0.256000 rms  0.729  0.047% neg 0  invalid 762 tFOTS 0.0000 tGradient 1.3570 tsec 1.6650
#GCMRL#   86 dt   0.256000 rms  0.728  0.049% neg 0  invalid 762 tFOTS 0.0000 tGradient 1.3170 tsec 1.6260
resetting metric properties...
setting smoothness cost coefficient to 40.000

#GCAMreg# pass 0 level1 0 level2 0 tsec 0 sigma 2
l_jacobian=1.00 l_label=1.00 l_log_likelihood=0.20 l_smoothness=40.00 
tol=2.50e-01, dt=5.00e-02, exp_k=20.0, momentum=0.90, levels=6, niter=500, lbl_dist=10.00, avgs=0, sigma=2.0,type=2, relabel=0, neg=no

blurring input image with Gaussian with sigma=2.000...
GCAMRegisterLevel(): init RMS 0.706512
#FOTS# QuadFit found better minimum quadopt=(dt=0.141509,rms=0.70298) vs oldopt=(dt=0.08,rms=0.703922)
#GCMRL#   88 dt   0.141509 rms  0.703  0.500% neg 0  invalid 762 tFOTS 4.0560 tGradient 0.9150 tsec 5.2880
#GCMRL#   89 dt   0.005000 rms  0.703  0.000% neg 0  invalid 762 tFOTS 4.0470 tGradient 0.8940 tsec 5.2880

#GCAMreg# pass 0 level1 0 level2 1 tsec 21.334 sigma 0.5
l_jacobian=1.00 l_label=1.00 l_log_likelihood=0.20 l_smoothness=40.00 
tol=2.50e-01, dt=5.00e-02, exp_k=20.0, momentum=0.90, levels=6, niter=500, lbl_dist=10.00, avgs=0, sigma=0.5,type=2, relabel=0, neg=no

blurring input image with Gaussian with sigma=0.500...
GCAMRegisterLevel(): init RMS 0.703352
#FOTS# QuadFit found better minimum quadopt=(dt=0.006,rms=0.702937) vs oldopt=(dt=0.005,rms=0.702937)
#GCMRL#   91 dt   0.006000 rms  0.703  0.059% neg 0  invalid 762 tFOTS 4.0390 tGradient 0.8950 tsec 5.2580
#GCMRL#   92 dt   0.050000 rms  0.703  0.000% neg 0  invalid 762 tFOTS 3.7990 tGradient 0.8870 tsec 5.0310
GCAMregister done in 7.83595 min
Starting GCAmapRenormalizeWithAlignment() without scales
renormalizing by structure alignment....
renormalizing input #0
gca peak = 0.10253 (16)
mri peak = 0.11353 (22)
Left_Lateral_Ventricle (4): linear fit = 1.16 x + 0.0 (1227 voxels, overlap=0.674)
Left_Lateral_Ventricle (4): linear fit = 1.16 x + 0.0 (1227 voxels, peak = 19), gca=18.6
gca peak = 0.17690 (16)
mri peak = 0.12857 (23)
Right_Lateral_Ventricle (43): linear fit = 1.40 x + 0.0 (931 voxels, overlap=0.364)
Right_Lateral_Ventricle (43): linear fit = 1.40 x + 0.0 (931 voxels, peak = 22), gca=22.5
gca peak = 0.28275 (96)
mri peak = 0.12569 (94)
Right_Pallidum (52): linear fit = 0.96 x + 0.0 (992 voxels, overlap=1.000)
Right_Pallidum (52): linear fit = 0.96 x + 0.0 (992 voxels, peak = 93), gca=92.6
gca peak = 0.18948 (93)
mri peak = 0.12513 (93)
Left_Pallidum (13): linear fit = 1.01 x + 0.0 (971 voxels, overlap=0.999)
Left_Pallidum (13): linear fit = 1.01 x + 0.0 (971 voxels, peak = 94), gca=94.4
gca peak = 0.20755 (55)
mri peak = 0.11793 (64)
Right_Hippocampus (53): linear fit = 1.12 x + 0.0 (1060 voxels, overlap=0.228)
Right_Hippocampus (53): linear fit = 1.12 x + 0.0 (1060 voxels, peak = 61), gca=61.3
gca peak = 0.31831 (58)
mri peak = 0.09704 (64)
Left_Hippocampus (17): linear fit = 1.12 x + 0.0 (1084 voxels, overlap=0.624)
Left_Hippocampus (17): linear fit = 1.12 x + 0.0 (1084 voxels, peak = 65), gca=64.7
gca peak = 0.11957 (102)
mri peak = 0.21947 (108)
Right_Cerebral_White_Matter (41): linear fit = 1.04 x + 0.0 (66008 voxels, overlap=0.422)
Right_Cerebral_White_Matter (41): linear fit = 1.04 x + 0.0 (66008 voxels, peak = 107), gca=106.6
gca peak = 0.11429 (102)
mri peak = 0.19940 (108)
Left_Cerebral_White_Matter (2): linear fit = 1.05 x + 0.0 (70142 voxels, overlap=0.366)
Left_Cerebral_White_Matter (2): linear fit = 1.05 x + 0.0 (70142 voxels, peak = 108), gca=107.6
gca peak = 0.14521 (59)
mri peak = 0.03753 (56)
Left_Cerebral_Cortex (3): linear fit = 1.02 x + 0.0 (35742 voxels, overlap=0.973)
Left_Cerebral_Cortex (3): linear fit = 1.02 x + 0.0 (35742 voxels, peak = 60), gca=60.5
gca peak = 0.14336 (58)
mri peak = 0.03790 (55)
Right_Cerebral_Cortex (42): linear fit = 1.02 x + 0.0 (34512 voxels, overlap=0.987)
Right_Cerebral_Cortex (42): linear fit = 1.02 x + 0.0 (34512 voxels, peak = 59), gca=59.4
gca peak = 0.13305 (70)
mri peak = 0.13583 (68)
Right_Caudate (50): linear fit = 1.04 x + 0.0 (1026 voxels, overlap=0.829)
Right_Caudate (50): linear fit = 1.04 x + 0.0 (1026 voxels, peak = 73), gca=73.1
gca peak = 0.15761 (71)
mri peak = 0.09367 (74)
Left_Caudate (11): linear fit = 0.99 x + 0.0 (1055 voxels, overlap=0.987)
Left_Caudate (11): linear fit = 0.99 x + 0.0 (1055 voxels, peak = 70), gca=69.9
gca peak = 0.13537 (57)
mri peak = 0.04901 (61)
Left_Cerebellum_Cortex (8): linear fit = 1.12 x + 0.0 (32379 voxels, overlap=0.759)
Left_Cerebellum_Cortex (8): linear fit = 1.12 x + 0.0 (32379 voxels, peak = 64), gca=63.6
gca peak = 0.13487 (56)
mri peak = 0.04434 (62)
Right_Cerebellum_Cortex (47): linear fit = 1.09 x + 0.0 (32637 voxels, overlap=0.930)
Right_Cerebellum_Cortex (47): linear fit = 1.09 x + 0.0 (32637 voxels, peak = 61), gca=60.8
gca peak = 0.19040 (84)
mri peak = 0.10422 (87)
Left_Cerebellum_White_Matter (7): linear fit = 1.03 x + 0.0 (10746 voxels, overlap=0.746)
Left_Cerebellum_White_Matter (7): linear fit = 1.03 x + 0.0 (10746 voxels, peak = 87), gca=86.9
gca peak = 0.18871 (83)
mri peak = 0.10748 (88)
Right_Cerebellum_White_Matter (46): linear fit = 1.04 x + 0.0 (9056 voxels, overlap=0.696)
Right_Cerebellum_White_Matter (46): linear fit = 1.04 x + 0.0 (9056 voxels, peak = 87), gca=86.7
gca peak = 0.24248 (57)
mri peak = 0.13319 (68)
Left_Amygdala (18): linear fit = 1.13 x + 0.0 (458 voxels, overlap=0.285)
Left_Amygdala (18): linear fit = 1.13 x + 0.0 (458 voxels, peak = 65), gca=64.7
gca peak = 0.35833 (56)
mri peak = 0.12729 (64)
Right_Amygdala (54): linear fit = 1.13 x + 0.0 (572 voxels, overlap=0.163)
Right_Amygdala (54): linear fit = 1.13 x + 0.0 (572 voxels, peak = 64), gca=63.6
gca peak = 0.12897 (85)
mri peak = 0.07052 (93)
Left_Thalamus (10): linear fit = 1.07 x + 0.0 (5807 voxels, overlap=0.913)
Left_Thalamus (10): linear fit = 1.07 x + 0.0 (5807 voxels, peak = 91), gca=90.5
gca peak = 0.13127 (83)
mri peak = 0.08082 (93)
Right_Thalamus (49): linear fit = 1.11 x + 0.0 (4866 voxels, overlap=0.696)
Right_Thalamus (49): linear fit = 1.11 x + 0.0 (4866 voxels, peak = 92), gca=91.7
gca peak = 0.12974 (78)
mri peak = 0.08178 (80)
Left_Putamen (12): linear fit = 1.04 x + 0.0 (2489 voxels, overlap=0.924)
Left_Putamen (12): linear fit = 1.04 x + 0.0 (2489 voxels, peak = 82), gca=81.5
gca peak = 0.17796 (79)
mri peak = 0.09633 (79)
Right_Putamen (51): linear fit = 1.01 x + 0.0 (2529 voxels, overlap=0.996)
Right_Putamen (51): linear fit = 1.01 x + 0.0 (2529 voxels, peak = 80), gca=80.2
gca peak = 0.10999 (80)
mri peak = 0.08831 (85)
Brain_Stem (16): linear fit = 1.10 x + 0.0 (13925 voxels, overlap=0.416)
Brain_Stem (16): linear fit = 1.10 x + 0.0 (13925 voxels, peak = 88), gca=87.6
gca peak = 0.13215 (88)
mri peak = 0.09716 (97)
Right_VentralDC (60): linear fit = 1.12 x + 0.0 (1749 voxels, overlap=0.422)
Right_VentralDC (60): linear fit = 1.12 x + 0.0 (1749 voxels, peak = 98), gca=98.1
gca peak = 0.11941 (89)
mri peak = 0.10325 (97)
Left_VentralDC (28): linear fit = 1.07 x + 0.0 (1892 voxels, overlap=0.446)
Left_VentralDC (28): linear fit = 1.07 x + 0.0 (1892 voxels, peak = 95), gca=94.8
gca peak = 0.20775 (25)
mri peak = 0.08787 (32)
gca peak = 0.13297 (21)
mri peak = 0.15513 (21)
Fourth_Ventricle (15): linear fit = 1.20 x + 0.0 (451 voxels, overlap=0.427)
Fourth_Ventricle (15): linear fit = 1.20 x + 0.0 (451 voxels, peak = 25), gca=25.1
gca peak Unknown = 0.94777 ( 0)
gca peak Left_Inf_Lat_Vent = 0.19087 (28)
gca peak Third_Ventricle = 0.20775 (25)
gca peak CSF = 0.16821 (33)
gca peak Left_Accumbens_area = 0.32850 (63)
gca peak Left_undetermined = 0.98480 (28)
gca peak Left_vessel = 0.40887 (53)
gca peak Left_choroid_plexus = 0.10898 (46)
gca peak Right_Inf_Lat_Vent = 0.17798 (26)
gca peak Right_Accumbens_area = 0.30137 (64)
gca peak Right_vessel = 0.47828 (52)
gca peak Right_choroid_plexus = 0.11612 (45)
gca peak Fifth_Ventricle = 0.59466 (35)
gca peak WM_hypointensities = 0.10053 (78)
gca peak non_WM_hypointensities = 0.07253 (60)
gca peak Optic_Chiasm = 0.25330 (73)
not using caudate to estimate GM means
estimating mean gm scale to be 1.09 x + 0.0
estimating mean wm scale to be 1.05 x + 0.0
estimating mean csf scale to be 1.25 x + 0.0
saving intensity scales to talairach.label_intensities.txt
GCAmapRenormalizeWithAlignment() took 3.59557 min
noneg pre
Starting GCAMregister()
label assignment complete, 0 changed (0.00%)
npasses = 1, nlevels = 6
#pass# 1 of 1 ************************
enabling zero nodes
setting smoothness cost coefficient to 0.008

#GCAMreg# pass 0 level1 5 level2 0 tsec 0 sigma 2
l_jacobian=1.00 l_label=1.00 l_log_likelihood=0.20 l_smoothness=0.01 
tol=5.00e-02, dt=5.00e-02, exp_k=20.0, momentum=0.90, levels=6, niter=500, lbl_dist=10.00, avgs=256, sigma=2.0,type=2, relabel=0, neg=no

blurring input image with Gaussian with sigma=2.000...
GCAMRegisterLevel(): init RMS 0.726262
#FOTS# QuadFit found better minimum quadopt=(dt=243.934,rms=0.692276) vs oldopt=(dt=369.92,rms=0.698496)
#GCMRL#   94 dt 243.934426 rms  0.692  4.680% neg 0  invalid 762 tFOTS 5.0880 tGradient 2.8240 tsec 8.3340
#FOTS# QuadFit found better minimum quadopt=(dt=175.117,rms=0.682398) vs oldopt=(dt=92.48,rms=0.684958)
#GCMRL#   95 dt 175.116564 rms  0.682  1.427% neg 0  invalid 762 tFOTS 5.0350 tGradient 2.7460 tsec 8.1520
#FOTS# QuadFit found better minimum quadopt=(dt=140.59,rms=0.677131) vs oldopt=(dt=92.48,rms=0.677974)
#GCMRL#   96 dt 140.590164 rms  0.677  0.772% neg 0  invalid 762 tFOTS 4.9200 tGradient 2.6790 tsec 7.9670
#FOTS# QuadFit found better minimum quadopt=(dt=221.952,rms=0.672133) vs oldopt=(dt=369.92,rms=0.673729)
#GCMRL#   97 dt 221.952000 rms  0.672  0.738% neg 0  invalid 762 tFOTS 4.6490 tGradient 2.7320 tsec 7.7670
#FOTS# QuadFit found better minimum quadopt=(dt=129.472,rms=0.668876) vs oldopt=(dt=92.48,rms=0.669108)
#GCMRL#   98 dt 129.472000 rms  0.669  0.485% neg 0  invalid 762 tFOTS 5.3070 tGradient 2.8130 tsec 8.5330
#FOTS# QuadFit found better minimum quadopt=(dt=129.472,rms=0.666377) vs oldopt=(dt=92.48,rms=0.666909)
#GCMRL#   99 dt 129.472000 rms  0.666  0.374% neg 0  invalid 762 tFOTS 5.3280 tGradient 2.9060 tsec 8.5820
#FOTS# QuadFit found better minimum quadopt=(dt=517.888,rms=0.662645) vs oldopt=(dt=369.92,rms=0.662816)
#GCMRL#  100 dt 517.888000 rms  0.663  0.560% neg 0  invalid 762 tFOTS 5.0520 tGradient 2.6060 tsec 8.0070
#GCMRL#  101 dt  92.480000 rms  0.659  0.521% neg 0  invalid 762 tFOTS 5.1200 tGradient 2.4700 tsec 7.9290
#FOTS# QuadFit found better minimum quadopt=(dt=887.808,rms=0.655211) vs oldopt=(dt=1479.68,rms=0.656606)
#GCMRL#  102 dt 887.808000 rms  0.655  0.604% neg 0  invalid 762 tFOTS 4.6440 tGradient 2.6680 tsec 7.6520
#GCMRL#  103 dt  92.480000 rms  0.653  0.369% neg 0  invalid 762 tFOTS 5.0030 tGradient 2.4340 tsec 7.8690
#FOTS# QuadFit found better minimum quadopt=(dt=517.888,rms=0.651472) vs oldopt=(dt=369.92,rms=0.651605)
#GCMRL#  104 dt 517.888000 rms  0.651  0.203% neg 0  invalid 762 tFOTS 4.6460 tGradient 2.7770 tsec 7.7920
#FOTS# QuadFit found better minimum quadopt=(dt=110.976,rms=0.650421) vs oldopt=(dt=92.48,rms=0.650427)
#GCMRL#  105 dt 110.976000 rms  0.650  0.161% neg 0  invalid 762 tFOTS 4.5620 tGradient 2.6260 tsec 7.5540
#FOTS# QuadFit found better minimum quadopt=(dt=129.472,rms=0.649944) vs oldopt=(dt=92.48,rms=0.650042)
#GCMRL#  106 dt 129.472000 rms  0.650  0.073% neg 0  invalid 762 tFOTS 4.5460 tGradient 2.6490 tsec 7.5630
#FOTS# QuadFit found better minimum quadopt=(dt=517.888,rms=0.648942) vs oldopt=(dt=369.92,rms=0.64901)
#GCMRL#  107 dt 517.888000 rms  0.649  0.154% neg 0  invalid 762 tFOTS 4.5730 tGradient 2.6320 tsec 7.5660
#GCMRL#  108 dt  92.480000 rms  0.648  0.134% neg 0  invalid 762 tFOTS 4.4910 tGradient 2.6400 tsec 7.4980
#FOTS# QuadFit found better minimum quadopt=(dt=887.808,rms=0.646624) vs oldopt=(dt=1479.68,rms=0.646899)
#GCMRL#  109 dt 887.808000 rms  0.647  0.224% neg 0  invalid 762 tFOTS 4.4420 tGradient 2.6030 tsec 7.4090
#GCMRL#  110 dt  92.480000 rms  0.646  0.150% neg 0  invalid 762 tFOTS 4.2940 tGradient 2.4880 tsec 7.1440
#FOTS# QuadFit found better minimum quadopt=(dt=517.888,rms=0.644769) vs oldopt=(dt=369.92,rms=0.644939)
#GCMRL#  111 dt 517.888000 rms  0.645  0.137% neg 0  invalid 762 tFOTS 4.9460 tGradient 2.6350 tsec 7.9380
#FOTS# QuadFit found better minimum quadopt=(dt=110.976,rms=0.644321) vs oldopt=(dt=92.48,rms=0.644331)
#GCMRL#  112 dt 110.976000 rms  0.644  0.069% neg 0  invalid 762 tFOTS 4.9250 tGradient 2.6700 tsec 7.9640
#FOTS# QuadFit found better minimum quadopt=(dt=295.936,rms=0.643991) vs oldopt=(dt=369.92,rms=0.644036)
#GCMRL#  113 dt 295.936000 rms  0.644  0.051% neg 0  invalid 762 tFOTS 5.3180 tGradient 2.5650 tsec 8.2550
#FOTS# QuadFit found better minimum quadopt=(dt=110.976,rms=0.643588) vs oldopt=(dt=92.48,rms=0.643603)
#GCMRL#  114 dt 110.976000 rms  0.644  0.063% neg 0  invalid 762 tFOTS 4.8920 tGradient 2.6050 tsec 7.8660
#FOTS# QuadFit found better minimum quadopt=(dt=295.936,rms=0.643253) vs oldopt=(dt=369.92,rms=0.643269)
#GCMRL#  115 dt 295.936000 rms  0.643  0.052% neg 0  invalid 762 tFOTS 5.2100 tGradient 2.5910 tsec 8.1910
#FOTS# QuadFit found better minimum quadopt=(dt=110.976,rms=0.642898) vs oldopt=(dt=92.48,rms=0.642913)
#GCMRL#  116 dt 110.976000 rms  0.643  0.055% neg 0  invalid 762 tFOTS 4.9160 tGradient 2.6280 tsec 7.9160
#FOTS# QuadFit found better minimum quadopt=(dt=295.936,rms=0.642582) vs oldopt=(dt=369.92,rms=0.642587)
#GCMRL#  117 dt 295.936000 rms  0.643  0.000% neg 0  invalid 762 tFOTS 5.2360 tGradient 2.5830 tsec 8.2200

#GCAMreg# pass 0 level1 5 level2 1 tsec 202.307 sigma 0.5
l_jacobian=1.00 l_label=1.00 l_log_likelihood=0.20 l_smoothness=0.01 
tol=5.00e-02, dt=5.00e-02, exp_k=20.0, momentum=0.90, levels=6, niter=500, lbl_dist=10.00, avgs=256, sigma=0.5,type=2, relabel=0, neg=no

blurring input image with Gaussian with sigma=0.500...
GCAMRegisterLevel(): init RMS 0.643083
#FOTS# QuadFit found better minimum quadopt=(dt=129.472,rms=0.642099) vs oldopt=(dt=92.48,rms=0.64217)
#GCMRL#  119 dt 129.472000 rms  0.642  0.153% neg 0  invalid 762 tFOTS 4.7840 tGradient 2.6180 tsec 7.7580
#FOTS# QuadFit found better minimum quadopt=(dt=295.936,rms=0.641734) vs oldopt=(dt=369.92,rms=0.64175)
#GCMRL#  120 dt 295.936000 rms  0.642  0.057% neg 0  invalid 762 tFOTS 5.1460 tGradient 2.5830 tsec 8.0750
#FOTS# QuadFit found better minimum quadopt=(dt=129.472,rms=0.641469) vs oldopt=(dt=92.48,rms=0.641507)
#GCMRL#  121 dt 129.472000 rms  0.641  0.000% neg 0  invalid 762 tFOTS 4.6530 tGradient 2.7820 tsec 7.8140
#GCMRL#  122 dt 129.472000 rms  0.641  0.028% neg 0  invalid 762 tFOTS 0.0000 tGradient 2.6300 tsec 2.9730
#GCMRL#  123 dt 129.472000 rms  0.641  0.043% neg 0  invalid 762 tFOTS 0.0000 tGradient 2.7410 tsec 3.0850
#GCMRL#  124 dt 129.472000 rms  0.641  0.067% neg 0  invalid 762 tFOTS 0.0000 tGradient 2.7290 tsec 3.0620
#GCMRL#  125 dt 129.472000 rms  0.640  0.076% neg 0  invalid 762 tFOTS 0.0000 tGradient 2.7450 tsec 3.0840
#GCMRL#  126 dt 129.472000 rms  0.640  0.087% neg 0  invalid 762 tFOTS 0.0000 tGradient 2.8560 tsec 3.2050
#GCMRL#  127 dt 129.472000 rms  0.639  0.093% neg 0  invalid 762 tFOTS 0.0000 tGradient 2.7250 tsec 3.0970
#GCMRL#  128 dt 129.472000 rms  0.638  0.099% neg 0  invalid 762 tFOTS 0.0000 tGradient 2.7360 tsec 3.1490
#GCMRL#  129 dt 129.472000 rms  0.638  0.106% neg 0  invalid 762 tFOTS 0.0000 tGradient 2.8500 tsec 3.1920
#GCMRL#  130 dt 129.472000 rms  0.637  0.106% neg 0  invalid 762 tFOTS 0.0000 tGradient 2.7160 tsec 3.0650
#GCMRL#  131 dt 129.472000 rms  0.636  0.112% neg 0  invalid 762 tFOTS 0.0000 tGradient 2.8230 tsec 3.2240
#GCMRL#  132 dt 129.472000 rms  0.636  0.104% neg 0  invalid 762 tFOTS 0.0000 tGradient 2.7340 tsec 3.0910
#GCMRL#  133 dt 129.472000 rms  0.635  0.103% neg 0  invalid 762 tFOTS 0.0000 tGradient 2.5790 tsec 2.9310
#GCMRL#  134 dt 129.472000 rms  0.634  0.097% neg 0  invalid 762 tFOTS 0.0000 tGradient 2.6140 tsec 2.9620
#GCMRL#  135 dt 129.472000 rms  0.634  0.095% neg 0  invalid 762 tFOTS 0.0000 tGradient 2.5860 tsec 2.9410
#GCMRL#  136 dt 129.472000 rms  0.633  0.097% neg 0  invalid 762 tFOTS 0.0000 tGradient 2.6020 tsec 2.9520
#GCMRL#  137 dt 129.472000 rms  0.633  0.095% neg 0  invalid 762 tFOTS 0.0000 tGradient 2.7680 tsec 3.1070
#GCMRL#  138 dt 129.472000 rms  0.632  0.095% neg 0  invalid 762 tFOTS 0.0000 tGradient 2.7940 tsec 3.1380
#GCMRL#  139 dt 129.472000 rms  0.631  0.090% neg 0  invalid 762 tFOTS 0.0000 tGradient 2.8270 tsec 3.1650
#GCMRL#  140 dt 129.472000 rms  0.631  0.086% neg 0  invalid 762 tFOTS 0.0000 tGradient 2.7680 tsec 3.1750
#GCMRL#  141 dt 129.472000 rms  0.630  0.080% neg 0  invalid 762 tFOTS 0.0000 tGradient 2.7550 tsec 3.1030
#GCMRL#  142 dt 129.472000 rms  0.630  0.074% neg 0  invalid 762 tFOTS 0.0000 tGradient 2.8190 tsec 3.2360
#GCMRL#  143 dt 129.472000 rms  0.629  0.073% neg 0  invalid 762 tFOTS 0.0000 tGradient 2.9650 tsec 3.3300
#GCMRL#  144 dt 129.472000 rms  0.629  0.075% neg 0  invalid 762 tFOTS 0.0000 tGradient 2.6000 tsec 2.9570
#GCMRL#  145 dt 129.472000 rms  0.628  0.080% neg 0  invalid 762 tFOTS 0.0000 tGradient 2.7790 tsec 3.1340
#GCMRL#  146 dt 129.472000 rms  0.628  0.078% neg 0  invalid 762 tFOTS 0.0000 tGradient 2.7940 tsec 3.2010
#GCMRL#  147 dt 129.472000 rms  0.627  0.076% neg 0  invalid 762 tFOTS 0.0000 tGradient 2.6190 tsec 2.9470
#GCMRL#  148 dt 129.472000 rms  0.627  0.072% neg 0  invalid 762 tFOTS 0.0000 tGradient 2.8450 tsec 3.1850
#GCMRL#  149 dt 129.472000 rms  0.627  0.069% neg 0  invalid 762 tFOTS 0.0000 tGradient 2.6050 tsec 2.9260
#GCMRL#  150 dt 129.472000 rms  0.626  0.068% neg 0  invalid 762 tFOTS 0.0000 tGradient 3.0270 tsec 3.3960
#GCMRL#  151 dt 129.472000 rms  0.626  0.063% neg 0  invalid 762 tFOTS 0.0000 tGradient 3.5880 tsec 3.9570
#GCMRL#  152 dt 129.472000 rms  0.625  0.061% neg 0  invalid 762 tFOTS 0.0000 tGradient 3.1520 tsec 3.5340
#GCMRL#  153 dt 129.472000 rms  0.625  0.063% neg 0  invalid 762 tFOTS 0.0000 tGradient 3.0940 tsec 3.4810
#GCMRL#  154 dt 129.472000 rms  0.625  0.057% neg 0  invalid 762 tFOTS 0.0000 tGradient 2.6910 tsec 3.0550
#GCMRL#  155 dt 129.472000 rms  0.624  0.057% neg 0  invalid 762 tFOTS 0.0000 tGradient 2.6990 tsec 3.0460
#GCMRL#  156 dt 129.472000 rms  0.624  0.056% neg 0  invalid 762 tFOTS 0.0000 tGradient 2.5960 tsec 2.9380
#GCMRL#  157 dt 129.472000 rms  0.624  0.055% neg 0  invalid 762 tFOTS 0.0000 tGradient 2.5300 tsec 2.8690
#GCMRL#  158 dt 129.472000 rms  0.623  0.058% neg 0  invalid 762 tFOTS 0.0000 tGradient 2.6080 tsec 2.9750
#GCMRL#  159 dt 129.472000 rms  0.623  0.054% neg 0  invalid 762 tFOTS 0.0000 tGradient 2.5910 tsec 2.9180
#GCMRL#  160 dt 129.472000 rms  0.623  0.054% neg 0  invalid 762 tFOTS 0.0000 tGradient 2.5030 tsec 2.8330
#GCMRL#  161 dt 129.472000 rms  0.622  0.054% neg 0  invalid 762 tFOTS 0.0000 tGradient 2.4810 tsec 2.8160
#GCMRL#  162 dt 129.472000 rms  0.622  0.053% neg 0  invalid 762 tFOTS 0.0000 tGradient 2.5480 tsec 2.9950
#GCMRL#  163 dt 129.472000 rms  0.622  0.052% neg 0  invalid 762 tFOTS 0.0000 tGradient 2.6670 tsec 3.0420
#GCMRL#  164 dt 129.472000 rms  0.621  0.050% neg 0  invalid 762 tFOTS 0.0000 tGradient 2.6510 tsec 3.0440
#GCMRL#  165 dt 129.472000 rms  0.621  0.049% neg 0  invalid 762 tFOTS 0.0000 tGradient 2.7890 tsec 3.1400
#GCMRL#  166 dt 129.472000 rms  0.621  0.048% neg 0  invalid 762 tFOTS 0.0000 tGradient 2.6190 tsec 2.9710
#GCMRL#  167 dt 129.472000 rms  0.620  0.048% neg 0  invalid 762 tFOTS 0.0000 tGradient 2.6580 tsec 3.0140
#GCMRL#  168 dt 129.472000 rms  0.620  0.047% neg 0  invalid 762 tFOTS 0.0000 tGradient 2.8810 tsec 3.2260
#GCMRL#  169 dt 129.472000 rms  0.620  0.043% neg 0  invalid 762 tFOTS 0.0000 tGradient 2.6770 tsec 3.0270
#GCMRL#  170 dt 129.472000 rms  0.619  0.043% neg 0  invalid 762 tFOTS 0.0000 tGradient 2.7780 tsec 3.1320
#GCMRL#  171 dt 129.472000 rms  0.619  0.045% neg 0  invalid 762 tFOTS 0.0000 tGradient 2.8060 tsec 3.1900
#GCMRL#  172 dt 129.472000 rms  0.619  0.044% neg 0  invalid 762 tFOTS 0.0000 tGradient 2.5330 tsec 2.9010
#GCMRL#  173 dt 129.472000 rms  0.619  0.045% neg 0  invalid 762 tFOTS 0.0000 tGradient 2.5490 tsec 2.8890
#GCMRL#  174 dt 129.472000 rms  0.618  0.043% neg 0  invalid 762 tFOTS 0.0000 tGradient 2.8270 tsec 3.2080
#GCMRL#  175 dt 129.472000 rms  0.618  0.040% neg 0  invalid 762 tFOTS 0.0000 tGradient 2.6090 tsec 2.9580
#GCMRL#  176 dt 129.472000 rms  0.618  0.041% neg 0  invalid 762 tFOTS 0.0000 tGradient 2.6250 tsec 2.9660
#GCMRL#  177 dt 129.472000 rms  0.618  0.038% neg 0  invalid 762 tFOTS 0.0000 tGradient 2.5470 tsec 2.8900
#GCMRL#  178 dt 129.472000 rms  0.617  0.034% neg 0  invalid 762 tFOTS 0.0000 tGradient 2.6450 tsec 3.0090
#GCMRL#  179 dt 129.472000 rms  0.617  0.032% neg 0  invalid 762 tFOTS 0.0000 tGradient 2.5810 tsec 2.9260
#GCMRL#  180 dt 129.472000 rms  0.617  0.032% neg 0  invalid 762 tFOTS 0.0000 tGradient 2.7280 tsec 3.0920
#GCMRL#  181 dt 129.472000 rms  0.617  0.034% neg 0  invalid 762 tFOTS 0.0000 tGradient 2.6890 tsec 3.0260
#GCMRL#  182 dt 129.472000 rms  0.617  0.034% neg 0  invalid 762 tFOTS 0.0000 tGradient 2.7770 tsec 3.1650
#GCMRL#  183 dt 129.472000 rms  0.616  0.033% neg 0  invalid 762 tFOTS 0.0000 tGradient 2.5870 tsec 2.9300
#GCMRL#  184 dt 129.472000 rms  0.616  0.033% neg 0  invalid 762 tFOTS 0.0000 tGradient 2.4630 tsec 2.8030
#GCMRL#  185 dt 129.472000 rms  0.616  0.032% neg 0  invalid 762 tFOTS 0.0000 tGradient 2.5740 tsec 2.9600
#GCMRL#  186 dt 129.472000 rms  0.616  0.031% neg 0  invalid 762 tFOTS 0.0000 tGradient 2.8260 tsec 3.2220
#GCMRL#  187 dt 129.472000 rms  0.616  0.028% neg 0  invalid 762 tFOTS 0.0000 tGradient 2.8060 tsec 3.1640
#GCMRL#  188 dt 129.472000 rms  0.615  0.028% neg 0  invalid 762 tFOTS 0.0000 tGradient 2.5070 tsec 2.8480
#GCMRL#  189 dt 129.472000 rms  0.615  0.029% neg 0  invalid 762 tFOTS 0.0000 tGradient 2.4830 tsec 2.8170
#GCMRL#  190 dt 129.472000 rms  0.615  0.029% neg 0  invalid 762 tFOTS 0.0000 tGradient 2.6080 tsec 2.9890
#GCMRL#  191 dt 129.472000 rms  0.615  0.028% neg 0  invalid 762 tFOTS 0.0000 tGradient 2.9390 tsec 3.3330
#GCMRL#  192 dt 129.472000 rms  0.615  0.027% neg 0  invalid 762 tFOTS 0.0000 tGradient 2.6580 tsec 2.9900
#GCMRL#  193 dt 129.472000 rms  0.615  0.027% neg 0  invalid 762 tFOTS 0.0000 tGradient 2.5300 tsec 2.8430
#GCMRL#  194 dt 129.472000 rms  0.614  0.028% neg 0  invalid 762 tFOTS 0.0000 tGradient 2.5340 tsec 2.8560
#GCMRL#  195 dt 129.472000 rms  0.614  0.027% neg 0  invalid 762 tFOTS 0.0000 tGradient 2.6190 tsec 2.9550
#GCMRL#  196 dt 129.472000 rms  0.614  0.026% neg 0  invalid 762 tFOTS 0.0000 tGradient 2.6350 tsec 3.0030
#GCMRL#  197 dt 129.472000 rms  0.614  0.026% neg 0  invalid 762 tFOTS 0.0000 tGradient 2.5190 tsec 2.8540
#GCMRL#  198 dt 129.472000 rms  0.614  0.025% neg 0  invalid 762 tFOTS 0.0000 tGradient 2.6550 tsec 3.0420
#GCMRL#  199 dt 129.472000 rms  0.614  0.025% neg 0  invalid 762 tFOTS 0.0000 tGradient 2.9570 tsec 3.3670
#FOTS# QuadFit found better minimum quadopt=(dt=2071.55,rms=0.61351) vs oldopt=(dt=1479.68,rms=0.613535)
#GCMRL#  200 dt 2071.552000 rms  0.614  0.000% neg 0  invalid 762 tFOTS 5.1280 tGradient 2.8260 tsec 8.3860
setting smoothness cost coefficient to 0.031

#GCAMreg# pass 0 level1 4 level2 0 tsec 0 sigma 2
l_jacobian=1.00 l_label=1.00 l_log_likelihood=0.20 l_smoothness=0.03 
tol=5.00e-02, dt=5.00e-02, exp_k=20.0, momentum=0.90, levels=6, niter=500, lbl_dist=10.00, avgs=64, sigma=2.0,type=2, relabel=0, neg=no

blurring input image with Gaussian with sigma=2.000...
GCAMRegisterLevel(): init RMS 0.616041
#FOTS# QuadFit found better minimum quadopt=(dt=210.335,rms=0.608037) vs oldopt=(dt=103.68,rms=0.609861)
#GCMRL#  202 dt 210.335135 rms  0.608  1.299% neg 0  invalid 762 tFOTS 4.9930 tGradient 2.0940 tsec 7.4980
#FOTS# QuadFit found better minimum quadopt=(dt=87.4278,rms=0.602551) vs oldopt=(dt=103.68,rms=0.602738)
#GCMRL#  203 dt  87.427770 rms  0.603  0.902% neg 0  invalid 762 tFOTS 5.3440 tGradient 2.0420 tsec 7.8040
#FOTS# QuadFit found better minimum quadopt=(dt=86.146,rms=0.599931) vs oldopt=(dt=103.68,rms=0.600047)
#GCMRL#  204 dt  86.146032 rms  0.600  0.435% neg 0  invalid 762 tFOTS 5.1110 tGradient 2.0900 tsec 7.5770
#FOTS# QuadFit found better minimum quadopt=(dt=102.029,rms=0.596912) vs oldopt=(dt=103.68,rms=0.596914)
#GCMRL#  205 dt 102.028986 rms  0.597  0.503% neg 0  invalid 762 tFOTS 4.6540 tGradient 2.2690 tsec 7.2780
#FOTS# QuadFit found better minimum quadopt=(dt=36.288,rms=0.595375) vs oldopt=(dt=25.92,rms=0.595696)
#GCMRL#  206 dt  36.288000 rms  0.595  0.258% neg 0  invalid 762 tFOTS 4.7980 tGradient 2.0000 tsec 7.1680
#GCMRL#  207 dt 414.720000 rms  0.591  0.687% neg 0  invalid 762 tFOTS 4.7380 tGradient 2.0580 tsec 7.1410
#FOTS# QuadFit found better minimum quadopt=(dt=63.5351,rms=0.586132) vs oldopt=(dt=103.68,rms=0.587944)
#GCMRL#  208 dt  63.535109 rms  0.586  0.871% neg 0  invalid 762 tFOTS 4.9150 tGradient 1.9890 tsec 7.2770
#FOTS# QuadFit found better minimum quadopt=(dt=145.152,rms=0.584181) vs oldopt=(dt=103.68,rms=0.584279)
#GCMRL#  209 dt 145.152000 rms  0.584  0.333% neg 0  invalid 762 tFOTS 4.8210 tGradient 2.3700 tsec 7.5380
#FOTS# QuadFit found better minimum quadopt=(dt=77.3818,rms=0.582733) vs oldopt=(dt=103.68,rms=0.582882)
#GCMRL#  210 dt  77.381818 rms  0.583  0.248% neg 0  invalid 762 tFOTS 4.7200 tGradient 1.9190 tsec 7.0090
#GCMRL#  211 dt 103.680000 rms  0.582  0.202% neg 0  invalid 762 tFOTS 4.8320 tGradient 2.2500 tsec 7.4730
#FOTS# QuadFit found better minimum quadopt=(dt=71.3697,rms=0.580663) vs oldopt=(dt=103.68,rms=0.580834)
#GCMRL#  212 dt  71.369697 rms  0.581  0.153% neg 0  invalid 762 tFOTS 4.9690 tGradient 2.3810 tsec 7.7070
#FOTS# QuadFit found better minimum quadopt=(dt=82.944,rms=0.579722) vs oldopt=(dt=103.68,rms=0.579785)
#GCMRL#  213 dt  82.944000 rms  0.580  0.162% neg 0  invalid 762 tFOTS 4.8150 tGradient 2.1790 tsec 7.3450
#FOTS# QuadFit found better minimum quadopt=(dt=64.8205,rms=0.57897) vs oldopt=(dt=103.68,rms=0.57917)
#GCMRL#  214 dt  64.820513 rms  0.579  0.130% neg 0  invalid 762 tFOTS 4.6590 tGradient 2.0430 tsec 7.0920
#FOTS# QuadFit found better minimum quadopt=(dt=82.944,rms=0.578115) vs oldopt=(dt=103.68,rms=0.578123)
#GCMRL#  215 dt  82.944000 rms  0.578  0.148% neg 0  invalid 762 tFOTS 4.7510 tGradient 2.0700 tsec 7.1720
#FOTS# QuadFit found better minimum quadopt=(dt=82.944,rms=0.577413) vs oldopt=(dt=103.68,rms=0.577512)
#GCMRL#  216 dt  82.944000 rms  0.577  0.121% neg 0  invalid 762 tFOTS 4.5510 tGradient 2.2330 tsec 7.1380
#FOTS# QuadFit found better minimum quadopt=(dt=36.288,rms=0.576746) vs oldopt=(dt=25.92,rms=0.576868)
#GCMRL#  217 dt  36.288000 rms  0.577  0.115% neg 0  invalid 762 tFOTS 4.4860 tGradient 2.3750 tsec 7.2290
#FOTS# QuadFit found better minimum quadopt=(dt=1990.66,rms=0.567939) vs oldopt=(dt=1658.88,rms=0.568072)
#GCMRL#  218 dt 1990.656000 rms  0.568  1.527% neg 0  invalid 762 tFOTS 4.7050 tGradient 2.0350 tsec 7.0800
#FOTS# QuadFit found better minimum quadopt=(dt=67.58,rms=0.564285) vs oldopt=(dt=103.68,rms=0.565492)
#GCMRL#  219 dt  67.579980 rms  0.564  0.643% neg 0  invalid 762 tFOTS 4.7240 tGradient 2.3250 tsec 7.3950
#FOTS# QuadFit found better minimum quadopt=(dt=36.288,rms=0.563555) vs oldopt=(dt=25.92,rms=0.563651)
#GCMRL#  220 dt  36.288000 rms  0.564  0.129% neg 0  invalid 762 tFOTS 4.2560 tGradient 2.1050 tsec 6.7060
#FOTS# QuadFit found better minimum quadopt=(dt=145.152,rms=0.562924) vs oldopt=(dt=103.68,rms=0.562983)
#GCMRL#  221 dt 145.152000 rms  0.563  0.112% neg 0  invalid 762 tFOTS 5.0230 tGradient 2.0880 tsec 7.5290
#GCMRL#  222 dt 103.680000 rms  0.562  0.098% neg 0  invalid 762 tFOTS 4.4880 tGradient 2.1590 tsec 7.0520
#FOTS# QuadFit found better minimum quadopt=(dt=62.208,rms=0.561891) vs oldopt=(dt=103.68,rms=0.562034)
#GCMRL#  223 dt  62.208000 rms  0.562  0.085% neg 0  invalid 762 tFOTS 4.5000 tGradient 2.0890 tsec 6.9510
#FOTS# QuadFit found better minimum quadopt=(dt=36.288,rms=0.561729) vs oldopt=(dt=25.92,rms=0.561751)
#GCMRL#  224 dt  36.288000 rms  0.562  0.000% neg 0  invalid 762 tFOTS 5.0220 tGradient 2.0000 tsec 7.4110
#GCMRL#  225 dt  36.288000 rms  0.562  0.028% neg 0  invalid 762 tFOTS 0.0000 tGradient 2.0570 tsec 2.4200
#GCMRL#  226 dt  36.288000 rms  0.561  0.051% neg 0  invalid 762 tFOTS 0.0000 tGradient 2.1180 tsec 2.4740
#GCMRL#  227 dt  36.288000 rms  0.561  0.069% neg 0  invalid 762 tFOTS 0.0000 tGradient 2.1430 tsec 2.5400
#GCMRL#  228 dt  36.288000 rms  0.560  0.084% neg 0  invalid 762 tFOTS 0.0000 tGradient 2.4280 tsec 2.8190
#GCMRL#  229 dt  36.288000 rms  0.560  0.097% neg 0  invalid 762 tFOTS 0.0000 tGradient 2.2850 tsec 2.6460
#GCMRL#  230 dt  36.288000 rms  0.559  0.107% neg 0  invalid 762 tFOTS 0.0000 tGradient 2.3250 tsec 2.7310
#GCMRL#  231 dt  36.288000 rms  0.559  0.113% neg 0  invalid 762 tFOTS 0.0000 tGradient 2.2190 tsec 2.5730
#GCMRL#  232 dt  36.288000 rms  0.558  0.120% neg 0  invalid 762 tFOTS 0.0000 tGradient 2.5040 tsec 2.9090
#GCMRL#  233 dt  36.288000 rms  0.557  0.125% neg 0  invalid 762 tFOTS 0.0000 tGradient 2.1450 tsec 2.5030
#GCMRL#  234 dt  36.288000 rms  0.557  0.126% neg 0  invalid 762 tFOTS 0.0000 tGradient 2.0370 tsec 2.4650
#GCMRL#  235 dt  36.288000 rms  0.556  0.127% neg 0  invalid 762 tFOTS 0.0000 tGradient 2.0810 tsec 2.4380
#GCMRL#  236 dt  36.288000 rms  0.555  0.127% neg 0  invalid 762 tFOTS 0.0000 tGradient 2.2200 tsec 2.5710
#GCMRL#  237 dt  36.288000 rms  0.554  0.127% neg 0  invalid 762 tFOTS 0.0000 tGradient 1.9710 tsec 2.3180
#GCMRL#  238 dt  36.288000 rms  0.554  0.127% neg 0  invalid 762 tFOTS 0.0000 tGradient 2.0030 tsec 2.3480
#GCMRL#  239 dt  36.288000 rms  0.553  0.126% neg 0  invalid 762 tFOTS 0.0000 tGradient 2.0150 tsec 2.3600
#GCMRL#  240 dt  36.288000 rms  0.552  0.121% neg 0  invalid 762 tFOTS 0.0000 tGradient 2.0340 tsec 2.3780
#GCMRL#  241 dt  36.288000 rms  0.552  0.117% neg 0  invalid 762 tFOTS 0.0000 tGradient 2.0110 tsec 2.3540
#GCMRL#  242 dt  36.288000 rms  0.551  0.117% neg 0  invalid 762 tFOTS 0.0000 tGradient 2.1780 tsec 2.5210
#GCMRL#  243 dt  36.288000 rms  0.550  0.115% neg 0  invalid 762 tFOTS 0.0000 tGradient 2.0090 tsec 2.3590
#GCMRL#  244 dt  36.288000 rms  0.550  0.110% neg 0  invalid 762 tFOTS 0.0000 tGradient 1.9860 tsec 2.3860
#GCMRL#  245 dt  36.288000 rms  0.549  0.105% neg 0  invalid 762 tFOTS 0.0000 tGradient 2.1390 tsec 2.4890
#GCMRL#  246 dt  36.288000 rms  0.549  0.102% neg 0  invalid 762 tFOTS 0.0000 tGradient 1.9810 tsec 2.3380
#GCMRL#  247 dt  36.288000 rms  0.548  0.097% neg 0  invalid 762 tFOTS 0.0000 tGradient 2.0030 tsec 2.3530
#GCMRL#  248 dt  36.288000 rms  0.548  0.089% neg 0  invalid 762 tFOTS 0.0000 tGradient 2.0350 tsec 2.3930
#GCMRL#  249 dt  36.288000 rms  0.547  0.086% neg 0  invalid 762 tFOTS 0.0000 tGradient 2.1280 tsec 2.5150
#GCMRL#  250 dt  36.288000 rms  0.547  0.083% neg 0  invalid 762 tFOTS 0.0000 tGradient 2.3090 tsec 2.7070
#GCMRL#  251 dt  36.288000 rms  0.546  0.082% neg 0  invalid 762 tFOTS 0.0000 tGradient 2.0590 tsec 2.4580
#GCMRL#  252 dt  36.288000 rms  0.546  0.078% neg 0  invalid 762 tFOTS 0.0000 tGradient 1.9850 tsec 2.3300
#GCMRL#  253 dt  36.288000 rms  0.546  0.075% neg 0  invalid 762 tFOTS 0.0000 tGradient 1.9440 tsec 2.2950
#GCMRL#  254 dt  36.288000 rms  0.545  0.073% neg 0  invalid 762 tFOTS 0.0000 tGradient 2.1050 tsec 2.4630
#GCMRL#  255 dt  36.288000 rms  0.545  0.071% neg 0  invalid 762 tFOTS 0.0000 tGradient 2.0040 tsec 2.3530
#GCMRL#  256 dt  36.288000 rms  0.544  0.069% neg 0  invalid 762 tFOTS 0.0000 tGradient 2.0210 tsec 2.3770
#GCMRL#  257 dt  36.288000 rms  0.544  0.066% neg 0  invalid 762 tFOTS 0.0000 tGradient 2.0130 tsec 2.3660
#GCMRL#  258 dt  36.288000 rms  0.544  0.061% neg 0  invalid 762 tFOTS 0.0000 tGradient 2.0220 tsec 2.3730
#GCMRL#  259 dt  36.288000 rms  0.543  0.062% neg 0  invalid 762 tFOTS 0.0000 tGradient 1.9780 tsec 2.3310
#GCMRL#  260 dt  36.288000 rms  0.543  0.059% neg 0  invalid 762 tFOTS 0.0000 tGradient 1.9770 tsec 2.3320
#GCMRL#  261 dt  36.288000 rms  0.543  0.058% neg 0  invalid 762 tFOTS 0.0000 tGradient 1.9870 tsec 2.3390
#GCMRL#  262 dt  36.288000 rms  0.542  0.056% neg 0  invalid 762 tFOTS 0.0000 tGradient 2.0010 tsec 2.3550
#GCMRL#  263 dt  36.288000 rms  0.542  0.004% neg 0  invalid 762 tFOTS 0.0000 tGradient 2.0030 tsec 2.5540
#GCMRL#  264 dt  36.288000 rms  0.542  0.009% neg 0  invalid 762 tFOTS 0.0000 tGradient 2.0700 tsec 2.4260
#GCMRL#  265 dt  36.288000 rms  0.542  0.004% neg 0  invalid 762 tFOTS 0.0000 tGradient 2.0070 tsec 2.5650
#GCMRL#  266 dt 103.680000 rms  0.542  0.013% neg 0  invalid 762 tFOTS 4.3090 tGradient 2.0040 tsec 6.6510
#FOTS# QuadFit found better minimum quadopt=(dt=0.567,rms=0.542209) vs oldopt=(dt=0.405,rms=0.542209)
#GCMRL#  267 dt   0.567000 rms  0.542  0.000% neg 0  invalid 762 tFOTS 3.4750 tGradient 2.0890 tsec 6.0570
#GCMRL#  268 dt   0.567000 rms  0.542  0.000% neg 0  invalid 762 tFOTS 0.0000 tGradient 2.1130 tsec 2.4590
#GCMRL#  269 dt   0.141750 rms  0.542  0.000% neg 0  invalid 762 tFOTS 0.0000 tGradient 2.0210 tsec 2.9370

#GCAMreg# pass 0 level1 4 level2 1 tsec 299 sigma 0.5
l_jacobian=1.00 l_label=1.00 l_log_likelihood=0.20 l_smoothness=0.03 
tol=5.00e-02, dt=5.00e-02, exp_k=20.0, momentum=0.90, levels=6, niter=500, lbl_dist=10.00, avgs=64, sigma=0.5,type=2, relabel=0, neg=no

blurring input image with Gaussian with sigma=0.500...
GCAMRegisterLevel(): init RMS 0.542898
#GCMRL#  271 dt   0.001582 rms  0.542  0.127% neg 0  invalid 762 tFOTS 3.5530 tGradient 2.0650 tsec 5.9830
#GCMRL#  272 dt   0.450000 rms  0.542  0.000% neg 0  invalid 762 tFOTS 1.9900 tGradient 2.0750 tsec 4.7340
#GCMRL#  273 dt   0.000220 rms  0.542  0.000% neg 0  invalid 762 tFOTS 0.0000 tGradient 2.0740 tsec 4.5740
#GCMRL#  274 dt   0.000014 rms  0.542  0.000% neg 0  invalid 762 tFOTS 0.0000 tGradient 2.0110 tsec 3.2340
setting smoothness cost coefficient to 0.118

#GCAMreg# pass 0 level1 3 level2 0 tsec 0 sigma 2
l_jacobian=1.00 l_label=1.00 l_log_likelihood=0.20 l_smoothness=0.12 
tol=5.00e-02, dt=5.00e-02, exp_k=20.0, momentum=0.90, levels=6, niter=500, lbl_dist=10.00, avgs=16, sigma=2.0,type=2, relabel=0, neg=no

blurring input image with Gaussian with sigma=2.000...
GCAMRegisterLevel(): init RMS 0.554893
#FOTS# QuadFit found better minimum quadopt=(dt=97.9162,rms=0.544838) vs oldopt=(dt=128,rms=0.545748)
#GCMRL#  276 dt  97.916168 rms  0.545  1.812% neg 0  invalid 762 tFOTS 5.1130 tGradient 1.8070 tsec 7.2720
#FOTS# QuadFit found better minimum quadopt=(dt=38.4,rms=0.537318) vs oldopt=(dt=32,rms=0.538209)
#GCMRL#  277 dt  38.400000 rms  0.537  1.380% neg 0  invalid 762 tFOTS 4.6130 tGradient 1.7270 tsec 6.6980
#FOTS# QuadFit found better minimum quadopt=(dt=76.8,rms=0.533189) vs oldopt=(dt=128,rms=0.534361)
#GCMRL#  278 dt  76.800000 rms  0.533  0.768% neg 0  invalid 762 tFOTS 4.7040 tGradient 1.8210 tsec 6.8730
#FOTS# QuadFit found better minimum quadopt=(dt=30.9333,rms=0.529796) vs oldopt=(dt=32,rms=0.529813)
#GCMRL#  279 dt  30.933333 rms  0.530  0.636% neg 0  invalid 762 tFOTS 4.4350 tGradient 1.7070 tsec 6.4920
#FOTS# QuadFit found better minimum quadopt=(dt=44.8,rms=0.527413) vs oldopt=(dt=32,rms=0.527589)
#GCMRL#  280 dt  44.800000 rms  0.527  0.450% neg 0  invalid 762 tFOTS 4.5680 tGradient 1.8040 tsec 6.7190
#FOTS# QuadFit found better minimum quadopt=(dt=31.36,rms=0.526021) vs oldopt=(dt=32,rms=0.526028)
#GCMRL#  281 dt  31.360000 rms  0.526  0.264% neg 0  invalid 762 tFOTS 4.3340 tGradient 1.6800 tsec 6.3560
#FOTS# QuadFit found better minimum quadopt=(dt=38.4,rms=0.524338) vs oldopt=(dt=32,rms=0.524367)
#GCMRL#  282 dt  38.400000 rms  0.524  0.320% neg 0  invalid 762 tFOTS 4.6160 tGradient 1.6610 tsec 6.6180
#FOTS# QuadFit found better minimum quadopt=(dt=25.6,rms=0.523358) vs oldopt=(dt=32,rms=0.523418)
#GCMRL#  283 dt  25.600000 rms  0.523  0.187% neg 0  invalid 762 tFOTS 4.7180 tGradient 1.6930 tsec 6.7550
#FOTS# QuadFit found better minimum quadopt=(dt=71.5294,rms=0.521776) vs oldopt=(dt=32,rms=0.521988)
#GCMRL#  284 dt  71.529412 rms  0.522  0.302% neg 0  invalid 762 tFOTS 4.6750 tGradient 1.9280 tsec 7.0170
#FOTS# QuadFit found better minimum quadopt=(dt=25.6,rms=0.520358) vs oldopt=(dt=32,rms=0.520463)
#GCMRL#  285 dt  25.600000 rms  0.520  0.272% neg 0  invalid 762 tFOTS 4.6860 tGradient 1.8120 tsec 6.8360
#FOTS# QuadFit found better minimum quadopt=(dt=102.4,rms=0.518296) vs oldopt=(dt=128,rms=0.518313)
#GCMRL#  286 dt 102.400000 rms  0.518  0.396% neg 0  invalid 762 tFOTS 4.3700 tGradient 1.6020 tsec 6.3140
#FOTS# QuadFit found better minimum quadopt=(dt=25.6,rms=0.517128) vs oldopt=(dt=32,rms=0.517195)
#GCMRL#  287 dt  25.600000 rms  0.517  0.225% neg 0  invalid 762 tFOTS 4.5350 tGradient 1.6100 tsec 6.4930
#GCMRL#  288 dt 128.000000 rms  0.516  0.303% neg 0  invalid 762 tFOTS 4.4920 tGradient 1.7240 tsec 6.5680
#FOTS# QuadFit found better minimum quadopt=(dt=31.4459,rms=0.514294) vs oldopt=(dt=32,rms=0.514299)
#GCMRL#  289 dt  31.445887 rms  0.514  0.246% neg 0  invalid 762 tFOTS 4.6190 tGradient 1.9460 tsec 6.9160
#FOTS# QuadFit found better minimum quadopt=(dt=38.4,rms=0.513422) vs oldopt=(dt=32,rms=0.513423)
#GCMRL#  290 dt  38.400000 rms  0.513  0.170% neg 0  invalid 762 tFOTS 4.7210 tGradient 1.7340 tsec 6.8050
#GCMRL#  291 dt  32.000000 rms  0.513  0.091% neg 0  invalid 762 tFOTS 5.1990 tGradient 2.0130 tsec 7.5700
#GCMRL#  292 dt  32.000000 rms  0.512  0.103% neg 0  invalid 762 tFOTS 4.8520 tGradient 1.7900 tsec 7.0100
#FOTS# QuadFit found better minimum quadopt=(dt=19.2,rms=0.512138) vs oldopt=(dt=32,rms=0.512248)
#GCMRL#  293 dt  19.200000 rms  0.512  0.056% neg 0  invalid 762 tFOTS 4.8320 tGradient 1.7650 tsec 6.9670
#FOTS# QuadFit found better minimum quadopt=(dt=102.4,rms=0.511445) vs oldopt=(dt=128,rms=0.511479)
#GCMRL#  294 dt 102.400000 rms  0.511  0.135% neg 0  invalid 762 tFOTS 4.4560 tGradient 1.7800 tsec 6.6080
#FOTS# QuadFit found better minimum quadopt=(dt=24.8889,rms=0.510906) vs oldopt=(dt=32,rms=0.511026)
#GCMRL#  295 dt  24.888889 rms  0.511  0.105% neg 0  invalid 762 tFOTS 4.5090 tGradient 1.8510 tsec 6.7160
#FOTS# QuadFit found better minimum quadopt=(dt=38.4,rms=0.510215) vs oldopt=(dt=32,rms=0.510217)
#GCMRL#  296 dt  38.400000 rms  0.510  0.135% neg 0  invalid 762 tFOTS 4.2410 tGradient 1.6540 tsec 6.2410
#FOTS# QuadFit found better minimum quadopt=(dt=11.2,rms=0.510056) vs oldopt=(dt=8,rms=0.510092)
#GCMRL#  297 dt  11.200000 rms  0.510  0.000% neg 0  invalid 762 tFOTS 4.5580 tGradient 1.6470 tsec 6.6510
#GCMRL#  298 dt  11.200000 rms  0.510  0.024% neg 0  invalid 762 tFOTS 0.0000 tGradient 1.6870 tsec 2.0220
#GCMRL#  299 dt  11.200000 rms  0.510  0.025% neg 0  invalid 762 tFOTS 0.0000 tGradient 1.6860 tsec 2.0250
#GCMRL#  300 dt  11.200000 rms  0.510  0.055% neg 0  invalid 762 tFOTS 0.0000 tGradient 1.6890 tsec 2.0230
#GCMRL#  301 dt  11.200000 rms  0.509  0.091% neg 0  invalid 762 tFOTS 0.0000 tGradient 1.7310 tsec 2.0670
#GCMRL#  302 dt  11.200000 rms  0.509  0.093% neg 0  invalid 762 tFOTS 0.0000 tGradient 1.6580 tsec 1.9910
#GCMRL#  303 dt  11.200000 rms  0.508  0.090% neg 0  invalid 762 tFOTS 0.0000 tGradient 1.7150 tsec 2.0500
#GCMRL#  304 dt  11.200000 rms  0.508  0.093% neg 0  invalid 762 tFOTS 0.0000 tGradient 1.6910 tsec 2.0260
#GCMRL#  305 dt  11.200000 rms  0.508  0.020% neg 0  invalid 762 tFOTS 0.0000 tGradient 1.6690 tsec 2.1790
#GCMRL#  306 dt  11.200000 rms  0.507  0.029% neg 0  invalid 762 tFOTS 0.0000 tGradient 1.6880 tsec 2.0190
#GCMRL#  307 dt  11.200000 rms  0.507  0.042% neg 0  invalid 762 tFOTS 0.0000 tGradient 1.6890 tsec 2.0230
#GCMRL#  308 dt  11.200000 rms  0.507  0.015% neg 0  invalid 762 tFOTS 0.0000 tGradient 1.6960 tsec 2.2060
#GCMRL#  309 dt   2.800000 rms  0.507  0.005% neg 0  invalid 762 tFOTS 0.0000 tGradient 1.6810 tsec 2.5460
#GCMRL#  310 dt   2.000000 rms  0.507  0.000% neg 0  invalid 762 tFOTS 3.6740 tGradient 1.6550 tsec 5.6980
#GCMRL#  311 dt   0.250000 rms  0.507  0.000% neg 0  invalid 762 tFOTS 0.0000 tGradient 1.8330 tsec 2.9860
#GCMRL#  312 dt   0.031250 rms  0.507  0.000% neg 0  invalid 762 tFOTS 0.0000 tGradient 1.6420 tsec 2.6140

#GCAMreg# pass 0 level1 3 level2 1 tsec 196.648 sigma 0.5
l_jacobian=1.00 l_label=1.00 l_log_likelihood=0.20 l_smoothness=0.12 
tol=5.00e-02, dt=5.00e-02, exp_k=20.0, momentum=0.90, levels=6, niter=500, lbl_dist=10.00, avgs=16, sigma=0.5,type=2, relabel=0, neg=no

blurring input image with Gaussian with sigma=0.500...
GCAMRegisterLevel(): init RMS 0.50773
#GCMRL#  314 dt  32.000000 rms  0.506  0.315% neg 0  invalid 762 tFOTS 4.4400 tGradient 1.6500 tsec 6.4240
#FOTS# QuadFit found better minimum quadopt=(dt=44.8,rms=0.505383) vs oldopt=(dt=32,rms=0.50553)
#GCMRL#  315 dt  44.800000 rms  0.505  0.147% neg 0  invalid 762 tFOTS 4.6620 tGradient 1.6140 tsec 6.6690
#GCMRL#  316 dt  32.000000 rms  0.505  0.080% neg 0  invalid 762 tFOTS 4.5210 tGradient 1.6370 tsec 6.5530
#FOTS# QuadFit found better minimum quadopt=(dt=11.2,rms=0.504834) vs oldopt=(dt=8,rms=0.504875)
#GCMRL#  317 dt  11.200000 rms  0.505  0.000% neg 0  invalid 762 tFOTS 5.2050 tGradient 1.7710 tsec 7.4040
#GCMRL#  318 dt  11.200000 rms  0.505  0.032% neg 0  invalid 762 tFOTS 0.0000 tGradient 1.8040 tsec 2.1570
#GCMRL#  319 dt  11.200000 rms  0.504  0.047% neg 0  invalid 762 tFOTS 0.0000 tGradient 1.7790 tsec 2.1820
#GCMRL#  320 dt  11.200000 rms  0.504  0.065% neg 0  invalid 762 tFOTS 0.0000 tGradient 1.8690 tsec 2.2030
#GCMRL#  321 dt  11.200000 rms  0.504  0.076% neg 0  invalid 762 tFOTS 0.0000 tGradient 1.5940 tsec 1.9220
#GCMRL#  322 dt  11.200000 rms  0.503  0.075% neg 0  invalid 762 tFOTS 0.0000 tGradient 1.5920 tsec 1.9190
#GCMRL#  323 dt  11.200000 rms  0.503  0.073% neg 0  invalid 762 tFOTS 0.0000 tGradient 1.5980 tsec 1.9230
#GCMRL#  324 dt  11.200000 rms  0.503  0.075% neg 0  invalid 762 tFOTS 0.0000 tGradient 1.6090 tsec 1.9360
#GCMRL#  325 dt  11.200000 rms  0.502  0.081% neg 0  invalid 762 tFOTS 0.0000 tGradient 1.7980 tsec 2.1270
#GCMRL#  326 dt  11.200000 rms  0.502  0.081% neg 0  invalid 762 tFOTS 0.0000 tGradient 1.6490 tsec 1.9760
#GCMRL#  327 dt  11.200000 rms  0.501  0.087% neg 0  invalid 762 tFOTS 0.0000 tGradient 1.6280 tsec 1.9600
#GCMRL#  328 dt  11.200000 rms  0.501  0.086% neg 0  invalid 762 tFOTS 0.0000 tGradient 1.6330 tsec 1.9590
#GCMRL#  329 dt  11.200000 rms  0.500  0.084% neg 0  invalid 762 tFOTS 0.0000 tGradient 1.5940 tsec 1.9850
#GCMRL#  330 dt  11.200000 rms  0.500  0.092% neg 0  invalid 762 tFOTS 0.0000 tGradient 1.6980 tsec 2.0560
#GCMRL#  331 dt  11.200000 rms  0.500  0.092% neg 0  invalid 762 tFOTS 0.0000 tGradient 1.6770 tsec 2.0350
#GCMRL#  332 dt  11.200000 rms  0.499  0.090% neg 0  invalid 762 tFOTS 0.0000 tGradient 1.7080 tsec 2.0660
#GCMRL#  333 dt  11.200000 rms  0.499  0.087% neg 0  invalid 762 tFOTS 0.0000 tGradient 1.7240 tsec 2.0850
#GCMRL#  334 dt  11.200000 rms  0.498  0.081% neg 0  invalid 762 tFOTS 0.0000 tGradient 1.7120 tsec 2.0750
#GCMRL#  335 dt  11.200000 rms  0.498  0.079% neg 0  invalid 762 tFOTS 0.0000 tGradient 1.8110 tsec 2.1600
#GCMRL#  336 dt  11.200000 rms  0.497  0.080% neg 0  invalid 762 tFOTS 0.0000 tGradient 1.8630 tsec 2.2240
#GCMRL#  337 dt  11.200000 rms  0.497  0.076% neg 0  invalid 762 tFOTS 0.0000 tGradient 1.7210 tsec 2.0810
#GCMRL#  338 dt  11.200000 rms  0.497  0.076% neg 0  invalid 762 tFOTS 0.0000 tGradient 1.6820 tsec 2.0430
#GCMRL#  339 dt  11.200000 rms  0.496  0.067% neg 0  invalid 762 tFOTS 0.0000 tGradient 1.7250 tsec 2.0830
#GCMRL#  340 dt  11.200000 rms  0.496  0.066% neg 0  invalid 762 tFOTS 0.0000 tGradient 1.9680 tsec 2.3320
#GCMRL#  341 dt  11.200000 rms  0.496  0.064% neg 0  invalid 762 tFOTS 0.0000 tGradient 1.7740 tsec 2.1410
#GCMRL#  342 dt  11.200000 rms  0.495  0.062% neg 0  invalid 762 tFOTS 0.0000 tGradient 1.8070 tsec 2.1740
#GCMRL#  343 dt  11.200000 rms  0.495  0.056% neg 0  invalid 762 tFOTS 0.0000 tGradient 1.6650 tsec 2.0260
#GCMRL#  344 dt  11.200000 rms  0.495  0.050% neg 0  invalid 762 tFOTS 0.0000 tGradient 1.8690 tsec 2.2290
#GCMRL#  345 dt  11.200000 rms  0.495  0.051% neg 0  invalid 762 tFOTS 0.0000 tGradient 1.6640 tsec 2.0280
#GCMRL#  346 dt  11.200000 rms  0.494  0.052% neg 0  invalid 762 tFOTS 0.0000 tGradient 1.9620 tsec 2.4290
#GCMRL#  347 dt  11.200000 rms  0.494  0.052% neg 0  invalid 762 tFOTS 0.0000 tGradient 1.7160 tsec 2.1710
#GCMRL#  348 dt  11.200000 rms  0.494  0.049% neg 0  invalid 762 tFOTS 0.0000 tGradient 2.0030 tsec 2.3620
#GCMRL#  349 dt  11.200000 rms  0.494  0.043% neg 0  invalid 762 tFOTS 0.0000 tGradient 1.6300 tsec 1.9870
#GCMRL#  350 dt  11.200000 rms  0.494  0.042% neg 0  invalid 762 tFOTS 0.0000 tGradient 1.6260 tsec 1.9800
#GCMRL#  351 dt  11.200000 rms  0.493  0.041% neg 0  invalid 762 tFOTS 0.0000 tGradient 1.9200 tsec 2.3160
#GCMRL#  352 dt  11.200000 rms  0.493  0.039% neg 0  invalid 762 tFOTS 0.0000 tGradient 1.9340 tsec 2.3180
#GCMRL#  353 dt  11.200000 rms  0.493  0.037% neg 0  invalid 762 tFOTS 0.0000 tGradient 1.9140 tsec 2.2700
#GCMRL#  354 dt  11.200000 rms  0.493  0.033% neg 0  invalid 762 tFOTS 0.0000 tGradient 1.8050 tsec 2.1660
#GCMRL#  355 dt  11.200000 rms  0.493  0.033% neg 0  invalid 762 tFOTS 0.0000 tGradient 1.7040 tsec 2.0770
#GCMRL#  356 dt  11.200000 rms  0.492  0.031% neg 0  invalid 762 tFOTS 0.0000 tGradient 1.9330 tsec 2.3790
#GCMRL#  357 dt  11.200000 rms  0.492  0.031% neg 0  invalid 762 tFOTS 0.0000 tGradient 1.6850 tsec 2.0240
#GCMRL#  358 dt  11.200000 rms  0.492  0.029% neg 0  invalid 762 tFOTS 0.0000 tGradient 1.6510 tsec 2.0300
#GCMRL#  359 dt  11.200000 rms  0.492  0.027% neg 0  invalid 762 tFOTS 0.0000 tGradient 1.7180 tsec 2.1540
#GCMRL#  360 dt  11.200000 rms  0.492  0.028% neg 0  invalid 762 tFOTS 0.0000 tGradient 1.8820 tsec 2.2780
#GCMRL#  361 dt  11.200000 rms  0.492  0.028% neg 0  invalid 762 tFOTS 0.0000 tGradient 1.7770 tsec 2.2000
#GCMRL#  362 dt  11.200000 rms  0.492  0.028% neg 0  invalid 762 tFOTS 0.0000 tGradient 2.0240 tsec 2.4020
#GCMRL#  363 dt  11.200000 rms  0.491  0.026% neg 0  invalid 762 tFOTS 0.0000 tGradient 2.0540 tsec 2.4840
#GCMRL#  364 dt  11.200000 rms  0.491  0.024% neg 0  invalid 762 tFOTS 0.0000 tGradient 2.0370 tsec 2.4570
#GCMRL#  365 dt  11.200000 rms  0.491  0.025% neg 0  invalid 762 tFOTS 0.0000 tGradient 1.7990 tsec 2.1660
#GCMRL#  366 dt  11.200000 rms  0.491  0.027% neg 0  invalid 762 tFOTS 0.0000 tGradient 1.7500 tsec 2.1480
#GCMRL#  367 dt  11.200000 rms  0.491  0.025% neg 0  invalid 762 tFOTS 0.0000 tGradient 1.9680 tsec 2.3150
#GCMRL#  368 dt  11.200000 rms  0.491  0.023% neg 0  invalid 762 tFOTS 0.0000 tGradient 1.7690 tsec 2.1030
#FOTS# QuadFit found better minimum quadopt=(dt=153.6,rms=0.490828) vs oldopt=(dt=128,rms=0.490829)
#GCMRL#  369 dt 153.600000 rms  0.491  0.000% neg 0  invalid 762 tFOTS 4.9060 tGradient 1.8780 tsec 7.1470
setting smoothness cost coefficient to 0.400

#GCAMreg# pass 0 level1 2 level2 0 tsec 0 sigma 2
l_jacobian=1.00 l_label=1.00 l_log_likelihood=0.20 l_smoothness=0.40 
tol=5.00e-02, dt=5.00e-02, exp_k=20.0, momentum=0.90, levels=6, niter=500, lbl_dist=10.00, avgs=4, sigma=2.0,type=2, relabel=0, neg=no

blurring input image with Gaussian with sigma=2.000...
GCAMRegisterLevel(): init RMS 0.519946
#GCMRL#  371 dt   0.000000 rms  0.519  0.130% neg 0  invalid 762 tFOTS 4.2370 tGradient 1.3880 tsec 5.9450
#GCMRL#  372 dt   0.150000 rms  0.519  0.000% neg 0  invalid 762 tFOTS 4.3030 tGradient 1.4020 tsec 6.2690

#GCAMreg# pass 0 level1 2 level2 1 tsec 23.659 sigma 0.5
l_jacobian=1.00 l_label=1.00 l_log_likelihood=0.20 l_smoothness=0.40 
tol=5.00e-02, dt=5.00e-02, exp_k=20.0, momentum=0.90, levels=6, niter=500, lbl_dist=10.00, avgs=4, sigma=0.5,type=2, relabel=0, neg=no

blurring input image with Gaussian with sigma=0.500...
GCAMRegisterLevel(): init RMS 0.519946
#GCMRL#  374 dt   0.000000 rms  0.519  0.130% neg 0  invalid 762 tFOTS 4.2500 tGradient 1.3810 tsec 5.9830
#GCMRL#  375 dt   0.150000 rms  0.519  0.000% neg 0  invalid 762 tFOTS 4.2460 tGradient 1.3790 tsec 6.1910
setting smoothness cost coefficient to 1.000

#GCAMreg# pass 0 level1 1 level2 0 tsec 0 sigma 2
l_jacobian=1.00 l_label=1.00 l_log_likelihood=0.20 l_smoothness=1.00 
tol=5.00e-02, dt=5.00e-02, exp_k=20.0, momentum=0.90, levels=6, niter=500, lbl_dist=10.00, avgs=1, sigma=2.0,type=2, relabel=0, neg=no

blurring input image with Gaussian with sigma=2.000...
GCAMRegisterLevel(): init RMS 0.575734
#FOTS# QuadFit found better minimum quadopt=(dt=1.792,rms=0.569122) vs oldopt=(dt=1.28,rms=0.56964)
#GCMRL#  377 dt   1.792000 rms  0.569  1.148% neg 0  invalid 762 tFOTS 4.1260 tGradient 1.2380 tsec 5.6820
#FOTS# QuadFit found better minimum quadopt=(dt=0.448,rms=0.568977) vs oldopt=(dt=0.32,rms=0.568987)
#GCMRL#  378 dt   0.448000 rms  0.569  0.000% neg 0  invalid 762 tFOTS 4.2020 tGradient 1.2270 tsec 5.7700

#GCAMreg# pass 0 level1 1 level2 1 tsec 22.642 sigma 0.5
l_jacobian=1.00 l_label=1.00 l_log_likelihood=0.20 l_smoothness=1.00 
tol=5.00e-02, dt=5.00e-02, exp_k=20.0, momentum=0.90, levels=6, niter=500, lbl_dist=10.00, avgs=1, sigma=0.5,type=2, relabel=0, neg=no

blurring input image with Gaussian with sigma=0.500...
GCAMRegisterLevel(): init RMS 0.569529
#FOTS# QuadFit found better minimum quadopt=(dt=0.448,rms=0.568756) vs oldopt=(dt=0.32,rms=0.568788)
#GCMRL#  380 dt   0.448000 rms  0.569  0.136% neg 0  invalid 762 tFOTS 4.3730 tGradient 1.3360 tsec 6.0310
#FOTS# QuadFit found better minimum quadopt=(dt=0.112,rms=0.568737) vs oldopt=(dt=0.08,rms=0.568741)
#GCMRL#  381 dt   0.112000 rms  0.569  0.000% neg 0  invalid 762 tFOTS 4.1600 tGradient 1.2660 tsec 5.7720
#GCMRL#  382 dt   0.112000 rms  0.569  0.001% neg 0  invalid 762 tFOTS 0.0000 tGradient 1.2410 tsec 1.5600
resetting metric properties...
setting smoothness cost coefficient to 2.000

#GCAMreg# pass 0 level1 0 level2 0 tsec 0 sigma 2
l_jacobian=1.00 l_label=1.00 l_log_likelihood=0.20 l_smoothness=2.00 
tol=5.00e-02, dt=5.00e-02, exp_k=20.0, momentum=0.90, levels=6, niter=500, lbl_dist=10.00, avgs=0, sigma=2.0,type=2, relabel=0, neg=no

blurring input image with Gaussian with sigma=2.000...
GCAMRegisterLevel(): init RMS 0.505789
#FOTS# QuadFit found better minimum quadopt=(dt=0.448,rms=0.49369) vs oldopt=(dt=0.32,rms=0.496807)
#GCMRL#  384 dt   0.448000 rms  0.494  2.392% neg 0  invalid 762 tFOTS 4.2550 tGradient 0.8440 tsec 5.4580
#FOTS# QuadFit found better minimum quadopt=(dt=0.448,rms=0.490735) vs oldopt=(dt=0.32,rms=0.491559)
#GCMRL#  385 dt   0.448000 rms  0.491  0.599% neg 0  invalid 762 tFOTS 3.8630 tGradient 0.8380 tsec 5.0240
#FOTS# QuadFit found better minimum quadopt=(dt=0.448,rms=0.488898) vs oldopt=(dt=0.32,rms=0.489416)
#GCMRL#  386 dt   0.448000 rms  0.489  0.374% neg 0  invalid 762 tFOTS 3.7920 tGradient 0.7470 tsec 4.8590
#FOTS# QuadFit found better minimum quadopt=(dt=0.448,rms=0.487681) vs oldopt=(dt=0.32,rms=0.488025)
#GCMRL#  387 dt   0.448000 rms  0.488  0.249% neg 0  invalid 762 tFOTS 3.8270 tGradient 0.7530 tsec 4.9110
#FOTS# QuadFit found better minimum quadopt=(dt=0.384,rms=0.486885) vs oldopt=(dt=0.32,rms=0.487015)
#GCMRL#  388 dt   0.384000 rms  0.487  0.163% neg 0  invalid 762 tFOTS 3.8380 tGradient 0.7580 tsec 4.9230
#FOTS# QuadFit found better minimum quadopt=(dt=0.464286,rms=0.486126) vs oldopt=(dt=0.32,rms=0.486358)
#GCMRL#  389 dt   0.464286 rms  0.486  0.156% neg 0  invalid 762 tFOTS 3.8470 tGradient 0.7440 tsec 4.9160
#FOTS# QuadFit found better minimum quadopt=(dt=0.448,rms=0.485538) vs oldopt=(dt=0.32,rms=0.485702)
#GCMRL#  390 dt   0.448000 rms  0.486  0.121% neg 0  invalid 762 tFOTS 3.8080 tGradient 0.7330 tsec 4.8640
#FOTS# QuadFit found better minimum quadopt=(dt=0.448,rms=0.485083) vs oldopt=(dt=0.32,rms=0.485212)
#GCMRL#  391 dt   0.448000 rms  0.485  0.094% neg 0  invalid 762 tFOTS 3.8440 tGradient 0.7520 tsec 4.9210
#FOTS# QuadFit found better minimum quadopt=(dt=0.448,rms=0.484669) vs oldopt=(dt=0.32,rms=0.484779)
#GCMRL#  392 dt   0.448000 rms  0.485  0.085% neg 0  invalid 762 tFOTS 3.7920 tGradient 0.7260 tsec 4.8450
#FOTS# QuadFit found better minimum quadopt=(dt=0.448,rms=0.484357) vs oldopt=(dt=0.32,rms=0.484446)
#GCMRL#  393 dt   0.448000 rms  0.484  0.064% neg 0  invalid 762 tFOTS 3.9260 tGradient 0.7460 tsec 5.0000
#FOTS# QuadFit found better minimum quadopt=(dt=0.448,rms=0.484043) vs oldopt=(dt=0.32,rms=0.484123)
#GCMRL#  394 dt   0.448000 rms  0.484  0.065% neg 0  invalid 762 tFOTS 3.9790 tGradient 0.7800 tsec 5.0880
#FOTS# QuadFit found better minimum quadopt=(dt=0.448,rms=0.483815) vs oldopt=(dt=0.32,rms=0.483877)
#GCMRL#  395 dt   0.448000 rms  0.484  0.000% neg 0  invalid 762 tFOTS 4.0240 tGradient 0.7620 tsec 5.1480
#GCMRL#  396 dt   0.448000 rms  0.484  0.048% neg 0  invalid 762 tFOTS 0.0000 tGradient 0.7630 tsec 1.1160
#GCMRL#  397 dt   0.448000 rms  0.483  0.077% neg 0  invalid 762 tFOTS 0.0000 tGradient 0.9080 tsec 1.2400
#GCMRL#  398 dt   0.448000 rms  0.483  0.030% neg 0  invalid 762 tFOTS 0.0000 tGradient 0.7660 tsec 1.2690
#GCMRL#  399 dt   0.448000 rms  0.483  0.060% neg 0  invalid 762 tFOTS 0.0000 tGradient 0.7650 tsec 1.0970
#GCMRL#  400 dt   0.448000 rms  0.483  0.024% neg 0  invalid 762 tFOTS 0.0000 tGradient 0.7720 tsec 1.2740
#GCMRL#  401 dt   0.448000 rms  0.482  0.039% neg 0  invalid 762 tFOTS 0.0000 tGradient 0.7680 tsec 1.1010
#GCMRL#  402 dt   0.448000 rms  0.482  0.018% neg 0  invalid 762 tFOTS 0.0000 tGradient 0.7700 tsec 1.2750
#GCMRL#  403 dt   0.448000 rms  0.482  0.032% neg 0  invalid 762 tFOTS 0.0000 tGradient 0.7680 tsec 1.0950
#GCMRL#  404 dt   0.448000 rms  0.482  0.041% neg 0  invalid 762 tFOTS 0.0000 tGradient 0.7550 tsec 1.0790
#GCMRL#  405 dt   0.224000 rms  0.482  0.006% neg 0  invalid 762 tFOTS 0.0000 tGradient 0.7650 tsec 1.4270
#GCMRL#  406 dt   0.224000 rms  0.482  0.012% neg 0  invalid 762 tFOTS 0.0000 tGradient 0.7600 tsec 1.0870
#GCMRL#  407 dt   0.224000 rms  0.482  0.005% neg 0  invalid 762 tFOTS 0.0000 tGradient 0.7540 tsec 1.2820
#FOTS# QuadFit found better minimum quadopt=(dt=0.384,rms=0.48188) vs oldopt=(dt=0.32,rms=0.481887)
#GCMRL#  408 dt   0.384000 rms  0.482  0.009% neg 0  invalid 762 tFOTS 3.9740 tGradient 0.7620 tsec 5.0720
#FOTS# QuadFit found better minimum quadopt=(dt=0.448,rms=0.481849) vs oldopt=(dt=0.32,rms=0.481857)
#GCMRL#  409 dt   0.448000 rms  0.482  0.000% neg 0  invalid 762 tFOTS 3.8700 tGradient 0.7550 tsec 4.9820
#GCMRL#  410 dt   0.448000 rms  0.482  0.009% neg 0  invalid 762 tFOTS 0.0000 tGradient 0.7520 tsec 1.0700
#GCMRL#  411 dt   0.448000 rms  0.482  0.013% neg 0  invalid 762 tFOTS 0.0000 tGradient 0.7450 tsec 1.0630
#GCMRL#  412 dt   0.448000 rms  0.482  0.019% neg 0  invalid 762 tFOTS 0.0000 tGradient 0.7490 tsec 1.0670
#GCMRL#  413 dt   0.448000 rms  0.482  0.027% neg 0  invalid 762 tFOTS 0.0000 tGradient 0.7560 tsec 1.0740
#GCMRL#  414 dt   0.448000 rms  0.481  0.006% neg 0  invalid 762 tFOTS 0.0000 tGradient 0.7550 tsec 1.2460
#GCMRL#  415 dt   0.448000 rms  0.481  0.002% neg 0  invalid 762 tFOTS 0.0000 tGradient 0.7470 tsec 1.2650
#FOTS# QuadFit found better minimum quadopt=(dt=0.448,rms=0.481451) vs oldopt=(dt=0.32,rms=0.481454)
#GCMRL#  416 dt   0.448000 rms  0.481  0.007% neg 0  invalid 762 tFOTS 3.9100 tGradient 0.7550 tsec 4.9970
#GCMRL#  417 dt   0.320000 rms  0.481  0.000% neg 0  invalid 762 tFOTS 3.9210 tGradient 0.7620 tsec 5.0380
#GCMRL#  418 dt   0.320000 rms  0.481  0.006% neg 0  invalid 762 tFOTS 0.0000 tGradient 0.9200 tsec 1.2610
#GCMRL#  419 dt   0.320000 rms  0.481  0.005% neg 0  invalid 762 tFOTS 0.0000 tGradient 0.8670 tsec 1.2500
#GCMRL#  420 dt   0.320000 rms  0.481  0.006% neg 0  invalid 762 tFOTS 0.0000 tGradient 0.9150 tsec 1.2970
#GCMRL#  421 dt   0.320000 rms  0.481  0.010% neg 0  invalid 762 tFOTS 0.0000 tGradient 0.8600 tsec 1.1910

#GCAMreg# pass 0 level1 0 level2 1 tsec 116.729 sigma 0.5
l_jacobian=1.00 l_label=1.00 l_log_likelihood=0.20 l_smoothness=2.00 
tol=5.00e-02, dt=5.00e-02, exp_k=20.0, momentum=0.90, levels=6, niter=500, lbl_dist=10.00, avgs=0, sigma=0.5,type=2, relabel=0, neg=no

blurring input image with Gaussian with sigma=0.500...
GCAMRegisterLevel(): init RMS 0.481918
#FOTS# QuadFit found better minimum quadopt=(dt=0.448,rms=0.478904) vs oldopt=(dt=0.32,rms=0.479515)
#GCMRL#  423 dt   0.448000 rms  0.479  0.625% neg 0  invalid 762 tFOTS 4.0930 tGradient 0.7850 tsec 5.2230
#FOTS# QuadFit found better minimum quadopt=(dt=0.448,rms=0.478643) vs oldopt=(dt=0.32,rms=0.478707)
#GCMRL#  424 dt   0.448000 rms  0.479  0.055% neg 0  invalid 762 tFOTS 4.0900 tGradient 0.7800 tsec 5.2200
#FOTS# QuadFit found better minimum quadopt=(dt=0.448,rms=0.478576) vs oldopt=(dt=0.32,rms=0.478589)
#GCMRL#  425 dt   0.448000 rms  0.479  0.000% neg 0  invalid 762 tFOTS 4.5640 tGradient 0.8360 tsec 5.7670
#GCMRL#  426 dt   0.448000 rms  0.479  0.006% neg 0  invalid 762 tFOTS 0.0000 tGradient 0.7850 tsec 1.1190
#GCMRL#  427 dt   0.448000 rms  0.479  0.001% neg 0  invalid 762 tFOTS 0.0000 tGradient 0.7850 tsec 1.1250
GCAMregister done in 22.6676 min
********************* ALLOWING NEGATIVE NODES IN DEFORMATION********************************
noneg post
Starting GCAMregister()
label assignment complete, 0 changed (0.00%)
npasses = 1, nlevels = 6
#pass# 1 of 1 ************************
enabling zero nodes
setting smoothness cost coefficient to 0.008

#GCAMreg# pass 0 level1 5 level2 0 tsec 0 sigma 2
l_jacobian=1.00 l_label=1.00 l_log_likelihood=0.20 l_smoothness=0.01 
tol=2.50e-01, dt=5.00e-02, exp_k=20.0, momentum=0.90, levels=6, niter=500, lbl_dist=10.00, avgs=256, sigma=2.0,type=2, relabel=0, neg=yes

blurring input image with Gaussian with sigma=2.000...
GCAMRegisterLevel(): init RMS 0.476716
#FOTS# QuadFit found better minimum quadopt=(dt=129.472,rms=0.475538) vs oldopt=(dt=92.48,rms=0.475643)
#GCMRL#  429 dt 129.472000 rms  0.476  0.247% neg 0  invalid 762 tFOTS 4.8930 tGradient 2.3210 tsec 7.5540
#FOTS# QuadFit found better minimum quadopt=(dt=129.472,rms=0.47545) vs oldopt=(dt=92.48,rms=0.475462)
#GCMRL#  430 dt 129.472000 rms  0.475  0.000% neg 0  invalid 762 tFOTS 4.9300 tGradient 2.4460 tsec 7.7470
#GCMRL#  431 dt 129.472000 rms  0.475  0.026% neg 0  invalid 762 tFOTS 0.0000 tGradient 2.3530 tsec 2.6890
#GCMRL#  432 dt 129.472000 rms  0.475  0.041% neg 0  invalid 762 tFOTS 0.0000 tGradient 2.3420 tsec 2.6750
#GCMRL#  433 dt 129.472000 rms  0.475  0.018% neg 0  invalid 762 tFOTS 0.0000 tGradient 2.4540 tsec 2.8310

#GCAMreg# pass 0 level1 5 level2 1 tsec 35.485 sigma 0.5
l_jacobian=1.00 l_label=1.00 l_log_likelihood=0.20 l_smoothness=0.01 
tol=2.50e-01, dt=5.00e-02, exp_k=20.0, momentum=0.90, levels=6, niter=500, lbl_dist=10.00, avgs=256, sigma=0.5,type=2, relabel=0, neg=yes

blurring input image with Gaussian with sigma=0.500...
GCAMRegisterLevel(): init RMS 0.475643
#GCMRL#  435 dt  23.120000 rms  0.475  0.136% neg 0  invalid 762 tFOTS 4.9950 tGradient 2.2700 tsec 7.5920
#FOTS# QuadFit found better minimum quadopt=(dt=8.092,rms=0.474998) vs oldopt=(dt=5.78,rms=0.474999)
setting smoothness cost coefficient to 0.031

#GCAMreg# pass 0 level1 4 level2 0 tsec 0 sigma 2
l_jacobian=1.00 l_label=1.00 l_log_likelihood=0.20 l_smoothness=0.03 
tol=2.50e-01, dt=5.00e-02, exp_k=20.0, momentum=0.90, levels=6, niter=500, lbl_dist=10.00, avgs=64, sigma=2.0,type=2, relabel=0, neg=yes

blurring input image with Gaussian with sigma=2.000...
GCAMRegisterLevel(): init RMS 0.475668
#FOTS# QuadFit found better minimum quadopt=(dt=145.152,rms=0.473201) vs oldopt=(dt=103.68,rms=0.473451)
iter 0, gcam->neg = 1
after 0 iterations, nbhd size=0, neg = 0
#GCMRL#  437 dt 145.152000 rms  0.473  0.519% neg 0  invalid 762 tFOTS 4.6430 tGradient 1.7300 tsec 7.4370
#FOTS# QuadFit found better minimum quadopt=(dt=36.288,rms=0.47277) vs oldopt=(dt=25.92,rms=0.472848)
#GCMRL#  438 dt  36.288000 rms  0.473  0.000% neg 0  invalid 762 tFOTS 4.6380 tGradient 1.8760 tsec 6.8610
#GCMRL#  439 dt  36.288000 rms  0.473  0.041% neg 0  invalid 762 tFOTS 0.0000 tGradient 1.8880 tsec 2.2010
#GCMRL#  440 dt  36.288000 rms  0.472  0.077% neg 0  invalid 762 tFOTS 0.0000 tGradient 1.8840 tsec 2.1950
iter 0, gcam->neg = 1
after 0 iterations, nbhd size=0, neg = 0
#GCMRL#  441 dt  36.288000 rms  0.472  0.097% neg 0  invalid 762 tFOTS 0.0000 tGradient 1.8890 tsec 2.9320
iter 0, gcam->neg = 1
after 7 iterations, nbhd size=1, neg = 0
#GCMRL#  442 dt  36.288000 rms  0.471  0.068% neg 0  invalid 762 tFOTS 0.0000 tGradient 1.8740 tsec 5.3270
iter 0, gcam->neg = 2
after 1 iterations, nbhd size=0, neg = 0
#GCMRL#  443 dt  36.288000 rms  0.471  0.051% neg 0  invalid 762 tFOTS 0.0000 tGradient 1.8840 tsec 3.2820
#FOTS# QuadFit found better minimum quadopt=(dt=331.776,rms=0.47076) vs oldopt=(dt=414.72,rms=0.470772)
#GCMRL#  444 dt 331.776000 rms  0.471  0.092% neg 0  invalid 762 tFOTS 4.5790 tGradient 1.8860 tsec 6.7910
#FOTS# QuadFit found better minimum quadopt=(dt=36.288,rms=0.470494) vs oldopt=(dt=25.92,rms=0.470525)
iter 0, gcam->neg = 1
after 0 iterations, nbhd size=0, neg = 0

#GCAMreg# pass 0 level1 4 level2 1 tsec 53.867 sigma 0.5
l_jacobian=1.00 l_label=1.00 l_log_likelihood=0.20 l_smoothness=0.03 
tol=2.50e-01, dt=5.00e-02, exp_k=20.0, momentum=0.90, levels=6, niter=500, lbl_dist=10.00, avgs=64, sigma=0.5,type=2, relabel=0, neg=yes

blurring input image with Gaussian with sigma=0.500...
GCAMRegisterLevel(): init RMS 0.471233
#FOTS# QuadFit found better minimum quadopt=(dt=36.288,rms=0.470177) vs oldopt=(dt=25.92,rms=0.47022)
#GCMRL#  446 dt  36.288000 rms  0.470  0.224% neg 0  invalid 762 tFOTS 4.5880 tGradient 1.8540 tsec 6.7640
#FOTS# QuadFit found better minimum quadopt=(dt=82.944,rms=0.469775) vs oldopt=(dt=103.68,rms=0.469789)
iter 0, gcam->neg = 1
after 0 iterations, nbhd size=0, neg = 0
#GCMRL#  447 dt  82.944000 rms  0.470  0.000% neg 0  invalid 762 tFOTS 4.7600 tGradient 1.8300 tsec 7.6580
#GCMRL#  448 dt  82.944000 rms  0.470  0.025% neg 0  invalid 762 tFOTS 0.0000 tGradient 1.8190 tsec 2.1820
#GCMRL#  449 dt  82.944000 rms  0.468  0.249% neg 0  invalid 762 tFOTS 0.0000 tGradient 1.8050 tsec 2.1100
#GCMRL#  450 dt  82.944000 rms  0.468  0.118% neg 0  invalid 762 tFOTS 0.0000 tGradient 1.7380 tsec 2.0410
#GCMRL#  451 dt  82.944000 rms  0.468  0.011% neg 0  invalid 762 tFOTS 0.0000 tGradient 1.7400 tsec 2.0660
#FOTS# QuadFit found better minimum quadopt=(dt=36.288,rms=0.467413) vs oldopt=(dt=25.92,rms=0.467464)
#GCMRL#  452 dt  36.288000 rms  0.467  0.100% neg 0  invalid 762 tFOTS 5.3750 tGradient 1.7510 tsec 7.4970
#FOTS# QuadFit found better minimum quadopt=(dt=36.288,rms=0.467288) vs oldopt=(dt=25.92,rms=0.467293)
#GCMRL#  453 dt  36.288000 rms  0.467  0.000% neg 0  invalid 762 tFOTS 5.1020 tGradient 1.9840 tsec 7.4360
#GCMRL#  454 dt  36.288000 rms  0.467  0.017% neg 0  invalid 762 tFOTS 0.0000 tGradient 1.8570 tsec 2.1730
#GCMRL#  455 dt  36.288000 rms  0.467  0.025% neg 0  invalid 762 tFOTS 0.0000 tGradient 1.8250 tsec 2.1890
#GCMRL#  456 dt  36.288000 rms  0.467  0.021% neg 0  invalid 762 tFOTS 0.0000 tGradient 1.9480 tsec 2.2890
#GCMRL#  457 dt  36.288000 rms  0.467  0.025% neg 0  invalid 762 tFOTS 0.0000 tGradient 1.8860 tsec 2.2160
#GCMRL#  458 dt  36.288000 rms  0.467  0.035% neg 0  invalid 762 tFOTS 0.0000 tGradient 1.8670 tsec 2.1940
#GCMRL#  459 dt  36.288000 rms  0.467  0.041% neg 0  invalid 762 tFOTS 0.0000 tGradient 1.9140 tsec 2.2410
setting smoothness cost coefficient to 0.118

#GCAMreg# pass 0 level1 3 level2 0 tsec 0 sigma 2
l_jacobian=1.00 l_label=1.00 l_log_likelihood=0.20 l_smoothness=0.12 
tol=2.50e-01, dt=5.00e-02, exp_k=20.0, momentum=0.90, levels=6, niter=500, lbl_dist=10.00, avgs=16, sigma=2.0,type=2, relabel=0, neg=yes

blurring input image with Gaussian with sigma=2.000...
GCAMRegisterLevel(): init RMS 0.467602
#FOTS# QuadFit found better minimum quadopt=(dt=44.8,rms=0.463865) vs oldopt=(dt=32,rms=0.464144)
iter 0, gcam->neg = 3
after 2 iterations, nbhd size=0, neg = 0
#GCMRL#  461 dt  44.800000 rms  0.464  0.798% neg 0  invalid 762 tFOTS 5.2380 tGradient 1.5720 tsec 8.6260
#FOTS# QuadFit found better minimum quadopt=(dt=60.2718,rms=0.461479) vs oldopt=(dt=32,rms=0.461835)
iter 0, gcam->neg = 4
after 9 iterations, nbhd size=1, neg = 0
#GCMRL#  462 dt  60.271845 rms  0.462  0.506% neg 0  invalid 762 tFOTS 5.2760 tGradient 1.6390 tsec 11.2830
#FOTS# QuadFit found better minimum quadopt=(dt=11.2,rms=0.460601) vs oldopt=(dt=8,rms=0.460838)
#GCMRL#  463 dt  11.200000 rms  0.461  0.000% neg 0  invalid 762 tFOTS 5.4510 tGradient 1.6620 tsec 7.4820
#GCMRL#  464 dt  11.200000 rms  0.460  0.129% neg 0  invalid 762 tFOTS 0.0000 tGradient 1.5850 tsec 1.9170
#GCMRL#  465 dt  11.200000 rms  0.460  0.098% neg 0  invalid 762 tFOTS 0.0000 tGradient 1.8580 tsec 2.2000
iter 0, gcam->neg = 1
after 0 iterations, nbhd size=0, neg = 0
#GCMRL#  466 dt  11.200000 rms  0.459  0.164% neg 0  invalid 762 tFOTS 0.0000 tGradient 1.6370 tsec 2.7210
iter 0, gcam->neg = 5
after 0 iterations, nbhd size=0, neg = 0
#GCMRL#  467 dt  11.200000 rms  0.458  0.208% neg 0  invalid 762 tFOTS 0.0000 tGradient 1.6330 tsec 2.7100
iter 0, gcam->neg = 2
after 1 iterations, nbhd size=0, neg = 0
#GCMRL#  468 dt  11.200000 rms  0.457  0.215% neg 0  invalid 762 tFOTS 0.0000 tGradient 1.7080 tsec 3.1370
iter 0, gcam->neg = 2
after 0 iterations, nbhd size=0, neg = 0
#GCMRL#  469 dt  11.200000 rms  0.456  0.205% neg 0  invalid 762 tFOTS 0.0000 tGradient 1.5780 tsec 2.6300
iter 0, gcam->neg = 2
after 0 iterations, nbhd size=0, neg = 0
#GCMRL#  470 dt  11.200000 rms  0.455  0.163% neg 0  invalid 762 tFOTS 0.0000 tGradient 1.5340 tsec 2.5990
iter 0, gcam->neg = 8
after 2 iterations, nbhd size=0, neg = 0
#GCMRL#  471 dt  11.200000 rms  0.454  0.164% neg 0  invalid 762 tFOTS 0.0000 tGradient 1.5250 tsec 3.2740
iter 0, gcam->neg = 10
after 10 iterations, nbhd size=1, neg = 0
#GCMRL#  472 dt  11.200000 rms  0.454  0.155% neg 0  invalid 762 tFOTS 0.0000 tGradient 1.5320 tsec 6.0950
iter 0, gcam->neg = 8
after 12 iterations, nbhd size=1, neg = 0
#GCMRL#  473 dt  11.200000 rms  0.453  0.119% neg 0  invalid 762 tFOTS 0.0000 tGradient 1.5390 tsec 6.7680
iter 0, gcam->neg = 3
after 2 iterations, nbhd size=0, neg = 0
#GCMRL#  474 dt  11.200000 rms  0.453  0.110% neg 0  invalid 762 tFOTS 0.0000 tGradient 1.5440 tsec 3.3150
#FOTS# QuadFit found better minimum quadopt=(dt=44.8,rms=0.452369) vs oldopt=(dt=32,rms=0.452411)
iter 0, gcam->neg = 1
after 2 iterations, nbhd size=0, neg = 0
#GCMRL#  475 dt  44.800000 rms  0.452  0.000% neg 0  invalid 762 tFOTS 4.8630 tGradient 1.5350 tsec 8.1920
iter 0, gcam->neg = 1
after 1 iterations, nbhd size=0, neg = 0

#GCAMreg# pass 0 level1 3 level2 1 tsec 85.555 sigma 0.5
l_jacobian=1.00 l_label=1.00 l_log_likelihood=0.20 l_smoothness=0.12 
tol=2.50e-01, dt=5.00e-02, exp_k=20.0, momentum=0.90, levels=6, niter=500, lbl_dist=10.00, avgs=16, sigma=0.5,type=2, relabel=0, neg=yes

blurring input image with Gaussian with sigma=0.500...
GCAMRegisterLevel(): init RMS 0.453239
#FOTS# QuadFit found better minimum quadopt=(dt=31.6981,rms=0.450834) vs oldopt=(dt=32,rms=0.450837)
#GCMRL#  477 dt  31.698113 rms  0.451  0.530% neg 0  invalid 762 tFOTS 5.1280 tGradient 1.5390 tsec 7.0060
#FOTS# QuadFit found better minimum quadopt=(dt=23.7419,rms=0.450042) vs oldopt=(dt=32,rms=0.450203)
#GCMRL#  478 dt  23.741935 rms  0.450  0.000% neg 0  invalid 762 tFOTS 5.0980 tGradient 1.5500 tsec 7.0100
iter 0, gcam->neg = 1
after 0 iterations, nbhd size=0, neg = 0
#GCMRL#  479 dt  23.741935 rms  0.449  0.148% neg 0  invalid 762 tFOTS 0.0000 tGradient 1.5340 tsec 2.5900
iter 0, gcam->neg = 1
after 1 iterations, nbhd size=0, neg = 0
#GCMRL#  480 dt  23.741935 rms  0.449  0.173% neg 0  invalid 762 tFOTS 0.0000 tGradient 1.5360 tsec 2.9380
#GCMRL#  481 dt  23.741935 rms  0.448  0.124% neg 0  invalid 762 tFOTS 0.0000 tGradient 1.5840 tsec 1.9120
#GCMRL#  482 dt  23.741935 rms  0.447  0.172% neg 0  invalid 762 tFOTS 0.0000 tGradient 1.5380 tsec 1.8640
#GCMRL#  483 dt  23.741935 rms  0.447  0.068% neg 0  invalid 762 tFOTS 0.0000 tGradient 1.5290 tsec 1.8510
iter 0, gcam->neg = 3
after 2 iterations, nbhd size=0, neg = 0
#GCMRL#  484 dt  23.741935 rms  0.447  0.097% neg 0  invalid 762 tFOTS 0.0000 tGradient 1.5850 tsec 3.3370
iter 0, gcam->neg = 2
after 7 iterations, nbhd size=1, neg = 0
#GCMRL#  485 dt  23.741935 rms  0.447  0.004% neg 0  invalid 762 tFOTS 0.0000 tGradient 1.5820 tsec 5.1020
#FOTS# QuadFit found better minimum quadopt=(dt=11.2,rms=0.445984) vs oldopt=(dt=8,rms=0.446081)
#GCMRL#  486 dt  11.200000 rms  0.446  0.118% neg 0  invalid 762 tFOTS 5.0960 tGradient 1.5820 tsec 7.0160
#FOTS# QuadFit found better minimum quadopt=(dt=44.8,rms=0.445586) vs oldopt=(dt=32,rms=0.445614)
#GCMRL#  487 dt  44.800000 rms  0.446  0.000% neg 0  invalid 762 tFOTS 4.8230 tGradient 1.5870 tsec 6.7660
setting smoothness cost coefficient to 0.400

#GCAMreg# pass 0 level1 2 level2 0 tsec 0 sigma 2
l_jacobian=1.00 l_label=1.00 l_log_likelihood=0.20 l_smoothness=0.40 
tol=2.50e-01, dt=5.00e-02, exp_k=20.0, momentum=0.90, levels=6, niter=500, lbl_dist=10.00, avgs=4, sigma=2.0,type=2, relabel=0, neg=yes

blurring input image with Gaussian with sigma=2.000...
GCAMRegisterLevel(): init RMS 0.451585
#FOTS# QuadFit found better minimum quadopt=(dt=3.5,rms=0.450774) vs oldopt=(dt=2.88,rms=0.450783)
#GCMRL#  489 dt   3.500000 rms  0.451  0.179% neg 0  invalid 762 tFOTS 5.1810 tGradient 1.4440 tsec 7.0300
#FOTS# QuadFit found better minimum quadopt=(dt=2,rms=0.450707) vs oldopt=(dt=0.72,rms=0.450719)
#GCMRL#  490 dt   2.000000 rms  0.451  0.000% neg 0  invalid 762 tFOTS 5.1960 tGradient 1.4630 tsec 7.0280

#GCAMreg# pass 0 level1 2 level2 1 tsec 25.512 sigma 0.5
l_jacobian=1.00 l_label=1.00 l_log_likelihood=0.20 l_smoothness=0.40 
tol=2.50e-01, dt=5.00e-02, exp_k=20.0, momentum=0.90, levels=6, niter=500, lbl_dist=10.00, avgs=4, sigma=0.5,type=2, relabel=0, neg=yes

blurring input image with Gaussian with sigma=0.500...
GCAMRegisterLevel(): init RMS 0.451356
#FOTS# QuadFit found better minimum quadopt=(dt=2.304,rms=0.45066) vs oldopt=(dt=2.88,rms=0.450661)
#GCMRL#  492 dt   2.304000 rms  0.451  0.154% neg 0  invalid 762 tFOTS 5.4080 tGradient 1.4640 tsec 7.2210
#FOTS# QuadFit found better minimum quadopt=(dt=2.304,rms=0.450618) vs oldopt=(dt=2.88,rms=0.45062)
#GCMRL#  493 dt   2.304000 rms  0.451  0.000% neg 0  invalid 762 tFOTS 5.3090 tGradient 1.5310 tsec 7.2140
#GCMRL#  494 dt   2.304000 rms  0.451  0.009% neg 0  invalid 762 tFOTS 0.0000 tGradient 1.5030 tsec 1.8380
setting smoothness cost coefficient to 1.000

#GCAMreg# pass 0 level1 1 level2 0 tsec 0 sigma 2
l_jacobian=1.00 l_label=1.00 l_log_likelihood=0.20 l_smoothness=1.00 
tol=2.50e-01, dt=5.00e-02, exp_k=20.0, momentum=0.90, levels=6, niter=500, lbl_dist=10.00, avgs=1, sigma=2.0,type=2, relabel=0, neg=yes

blurring input image with Gaussian with sigma=2.000...
GCAMRegisterLevel(): init RMS 0.459406
#GCMRL#  496 dt   0.000000 rms  0.459  0.143% neg 0  invalid 762 tFOTS 4.9250 tGradient 1.3520 tsec 6.6320

#GCAMreg# pass 0 level1 1 level2 1 tsec 22.95 sigma 0.5
l_jacobian=1.00 l_label=1.00 l_log_likelihood=0.20 l_smoothness=1.00 
tol=2.50e-01, dt=5.00e-02, exp_k=20.0, momentum=0.90, levels=6, niter=500, lbl_dist=10.00, avgs=1, sigma=0.5,type=2, relabel=0, neg=yes

blurring input image with Gaussian with sigma=0.500...
GCAMRegisterLevel(): init RMS 0.459406
#FOTS# QuadFit found better minimum quadopt=(dt=0.448,rms=0.45861) vs oldopt=(dt=0.32,rms=0.458636)
#GCMRL#  498 dt   0.448000 rms  0.459  0.173% neg 0  invalid 762 tFOTS 5.2380 tGradient 1.3490 tsec 6.9360
#FOTS# QuadFit found better minimum quadopt=(dt=0.448,rms=0.458548) vs oldopt=(dt=0.32,rms=0.458551)
#GCMRL#  499 dt   0.448000 rms  0.459  0.000% neg 0  invalid 762 tFOTS 5.1820 tGradient 1.3720 tsec 6.9230
resetting metric properties...
setting smoothness cost coefficient to 2.000

#GCAMreg# pass 0 level1 0 level2 0 tsec 0 sigma 2
l_jacobian=1.00 l_label=1.00 l_log_likelihood=0.20 l_smoothness=2.00 
tol=2.50e-01, dt=5.00e-02, exp_k=20.0, momentum=0.90, levels=6, niter=500, lbl_dist=10.00, avgs=0, sigma=2.0,type=2, relabel=0, neg=yes

blurring input image with Gaussian with sigma=2.000...
GCAMRegisterLevel(): init RMS 0.447508
#FOTS# QuadFit found better minimum quadopt=(dt=1.85867,rms=0.424982) vs oldopt=(dt=1.28,rms=0.427293)
iter 0, gcam->neg = 597
after 17 iterations, nbhd size=1, neg = 0
#GCMRL#  501 dt   1.858670 rms  0.425  5.052% neg 0  invalid 762 tFOTS 5.1550 tGradient 0.8470 tsec 13.3380
#GCMRL#  502 dt   0.000013 rms  0.425  0.000% neg 0  invalid 762 tFOTS 6.5320 tGradient 0.7990 tsec 7.7030

#GCAMreg# pass 0 level1 0 level2 1 tsec 31.761 sigma 0.5
l_jacobian=1.00 l_label=1.00 l_log_likelihood=0.20 l_smoothness=2.00 
tol=2.50e-01, dt=5.00e-02, exp_k=20.0, momentum=0.90, levels=6, niter=500, lbl_dist=10.00, avgs=0, sigma=0.5,type=2, relabel=0, neg=yes

blurring input image with Gaussian with sigma=0.500...
GCAMRegisterLevel(): init RMS 0.425699
#FOTS# QuadFit found better minimum quadopt=(dt=0.048,rms=0.424785) vs oldopt=(dt=0.08,rms=0.424803)
#GCMRL#  504 dt   0.048000 rms  0.425  0.215% neg 0  invalid 762 tFOTS 5.1000 tGradient 0.7860 tsec 6.2280
#FOTS# QuadFit found better minimum quadopt=(dt=0.006,rms=0.424781) vs oldopt=(dt=0.005,rms=0.424781)
#GCMRL#  505 dt   0.006000 rms  0.425  0.000% neg 0  invalid 762 tFOTS 5.0950 tGradient 0.7720 tsec 6.2300
label assignment complete, 0 changed (0.00%)
GCAMregister done in 7.15058 min
Starting GCAMcomputeMaxPriorLabels()
Morphing with label term set to 0 *******************************
Starting GCAMregister()
label assignment complete, 0 changed (0.00%)
npasses = 1, nlevels = 6
#pass# 1 of 1 ************************
enabling zero nodes
setting smoothness cost coefficient to 0.008

#GCAMreg# pass 0 level1 5 level2 0 tsec 0 sigma 2
l_jacobian=1.00 l_log_likelihood=0.20 l_smoothness=0.01 
tol=2.50e-01, dt=5.00e-02, exp_k=20.0, momentum=0.90, levels=6, niter=500, lbl_dist=10.00, avgs=256, sigma=2.0,type=2, relabel=0, neg=yes

blurring input image with Gaussian with sigma=2.000...
GCAMRegisterLevel(): init RMS 0.413389
#FOTS# QuadFit found better minimum quadopt=(dt=2.023,rms=0.413388) vs oldopt=(dt=1.445,rms=0.413389)
#GCMRL#  507 dt   2.023000 rms  0.413  0.000% neg 0  invalid 762 tFOTS 4.6580 tGradient 1.9750 tsec 6.9540
#FOTS# QuadFit found better minimum quadopt=(dt=1.156,rms=0.413388) vs oldopt=(dt=1.445,rms=0.413388)
#GCMRL#  508 dt   1.156000 rms  0.413  0.000% neg 0  invalid 762 tFOTS 4.6680 tGradient 1.9390 tsec 6.9520

#GCAMreg# pass 0 level1 5 level2 1 tsec 25.658 sigma 0.5
l_jacobian=1.00 l_log_likelihood=0.20 l_smoothness=0.01 
tol=2.50e-01, dt=5.00e-02, exp_k=20.0, momentum=0.90, levels=6, niter=500, lbl_dist=10.00, avgs=256, sigma=0.5,type=2, relabel=0, neg=yes

blurring input image with Gaussian with sigma=0.500...
GCAMRegisterLevel(): init RMS 0.413388
setting smoothness cost coefficient to 0.031

#GCAMreg# pass 0 level1 4 level2 0 tsec 0 sigma 2
l_jacobian=1.00 l_log_likelihood=0.20 l_smoothness=0.03 
tol=2.50e-01, dt=5.00e-02, exp_k=20.0, momentum=0.90, levels=6, niter=500, lbl_dist=10.00, avgs=64, sigma=2.0,type=2, relabel=0, neg=yes

blurring input image with Gaussian with sigma=2.000...
GCAMRegisterLevel(): init RMS 0.413531
#FOTS# QuadFit found better minimum quadopt=(dt=9.072,rms=0.413518) vs oldopt=(dt=6.48,rms=0.41352)
#GCMRL#  511 dt   9.072000 rms  0.414  0.003% neg 0  invalid 762 tFOTS 4.8980 tGradient 1.4460 tsec 6.6650
#FOTS# QuadFit found better minimum quadopt=(dt=2.268,rms=0.413518) vs oldopt=(dt=1.62,rms=0.413518)
#GCMRL#  512 dt   2.268000 rms  0.414  0.000% neg 0  invalid 762 tFOTS 4.7640 tGradient 1.4170 tsec 6.5300

#GCAMreg# pass 0 level1 4 level2 1 tsec 24.407 sigma 0.5
l_jacobian=1.00 l_log_likelihood=0.20 l_smoothness=0.03 
tol=2.50e-01, dt=5.00e-02, exp_k=20.0, momentum=0.90, levels=6, niter=500, lbl_dist=10.00, avgs=64, sigma=0.5,type=2, relabel=0, neg=yes

blurring input image with Gaussian with sigma=0.500...
GCAMRegisterLevel(): init RMS 0.413518
#GCMRL#  514 dt  25.920000 rms  0.413  0.017% neg 0  invalid 762 tFOTS 4.5210 tGradient 1.4160 tsec 6.2570
#FOTS# QuadFit found better minimum quadopt=(dt=36.288,rms=0.413409) vs oldopt=(dt=25.92,rms=0.413412)
#GCMRL#  515 dt  36.288000 rms  0.413  0.000% neg 0  invalid 762 tFOTS 4.9190 tGradient 1.4180 tsec 6.6860
#GCMRL#  516 dt  36.288000 rms  0.413  0.016% neg 0  invalid 762 tFOTS 0.0000 tGradient 1.5030 tsec 1.8110
#GCMRL#  517 dt  36.288000 rms  0.413  0.023% neg 0  invalid 762 tFOTS 0.0000 tGradient 1.6760 tsec 1.9930
#GCMRL#  518 dt  36.288000 rms  0.413  0.022% neg 0  invalid 762 tFOTS 0.0000 tGradient 1.5410 tsec 1.8720
setting smoothness cost coefficient to 0.118

#GCAMreg# pass 0 level1 3 level2 0 tsec 0 sigma 2
l_jacobian=1.00 l_log_likelihood=0.20 l_smoothness=0.12 
tol=2.50e-01, dt=5.00e-02, exp_k=20.0, momentum=0.90, levels=6, niter=500, lbl_dist=10.00, avgs=16, sigma=2.0,type=2, relabel=0, neg=yes

blurring input image with Gaussian with sigma=2.000...
GCAMRegisterLevel(): init RMS 0.413627
#FOTS# QuadFit found better minimum quadopt=(dt=11.2,rms=0.413038) vs oldopt=(dt=8,rms=0.413151)
iter 0, gcam->neg = 1
after 0 iterations, nbhd size=0, neg = 0
#GCMRL#  520 dt  11.200000 rms  0.413  0.142% neg 0  invalid 762 tFOTS 5.0670 tGradient 1.2970 tsec 7.4550
#FOTS# QuadFit found better minimum quadopt=(dt=11.2,rms=0.412826) vs oldopt=(dt=8,rms=0.412865)
iter 0, gcam->neg = 4
after 1 iterations, nbhd size=0, neg = 0
#GCMRL#  521 dt  11.200000 rms  0.413  0.000% neg 0  invalid 762 tFOTS 4.9790 tGradient 1.2700 tsec 7.7400
iter 0, gcam->neg = 4
after 7 iterations, nbhd size=1, neg = 0
#GCMRL#  522 dt  11.200000 rms  0.413  0.023% neg 0  invalid 762 tFOTS 0.0000 tGradient 1.3110 tsec 5.1700
iter 0, gcam->neg = 11
after 14 iterations, nbhd size=1, neg = 0

#GCAMreg# pass 0 level1 3 level2 1 tsec 37.123 sigma 0.5
l_jacobian=1.00 l_log_likelihood=0.20 l_smoothness=0.12 
tol=2.50e-01, dt=5.00e-02, exp_k=20.0, momentum=0.90, levels=6, niter=500, lbl_dist=10.00, avgs=16, sigma=0.5,type=2, relabel=0, neg=yes

blurring input image with Gaussian with sigma=0.500...
GCAMRegisterLevel(): init RMS 0.412743
#FOTS# QuadFit found better minimum quadopt=(dt=38.4,rms=0.411329) vs oldopt=(dt=32,rms=0.411347)
iter 0, gcam->neg = 6
after 10 iterations, nbhd size=1, neg = 0
#GCMRL#  524 dt  38.400000 rms  0.411  0.338% neg 0  invalid 762 tFOTS 4.4690 tGradient 1.1310 tsec 10.0470
#FOTS# QuadFit found better minimum quadopt=(dt=44.8,rms=0.410024) vs oldopt=(dt=32,rms=0.410209)
iter 0, gcam->neg = 7
after 1 iterations, nbhd size=0, neg = 0
#GCMRL#  525 dt  44.800000 rms  0.410  0.322% neg 0  invalid 762 tFOTS 4.5100 tGradient 1.1450 tsec 7.0180
#FOTS# QuadFit found better minimum quadopt=(dt=19.2,rms=0.409711) vs oldopt=(dt=32,rms=0.409769)
iter 0, gcam->neg = 1
after 2 iterations, nbhd size=0, neg = 0
#GCMRL#  526 dt  19.200000 rms  0.410  0.000% neg 0  invalid 762 tFOTS 4.5350 tGradient 1.1570 tsec 7.4270
#GCMRL#  527 dt  19.200000 rms  0.409  0.061% neg 0  invalid 762 tFOTS 0.0000 tGradient 1.1340 tsec 1.4210
iter 0, gcam->neg = 9
after 12 iterations, nbhd size=1, neg = 0
#GCMRL#  528 dt  19.200000 rms  0.409  0.089% neg 0  invalid 762 tFOTS 0.0000 tGradient 1.1410 tsec 6.2800
iter 0, gcam->neg = 7
after 7 iterations, nbhd size=1, neg = 0
#GCMRL#  529 dt  19.200000 rms  0.409  0.130% neg 0  invalid 762 tFOTS 0.0000 tGradient 1.1600 tsec 4.8130
iter 0, gcam->neg = 11
after 13 iterations, nbhd size=1, neg = 0
#GCMRL#  530 dt  19.200000 rms  0.408  0.144% neg 0  invalid 762 tFOTS 0.0000 tGradient 1.1440 tsec 7.0020
iter 0, gcam->neg = 3
after 0 iterations, nbhd size=0, neg = 0
#GCMRL#  531 dt  19.200000 rms  0.407  0.148% neg 0  invalid 762 tFOTS 0.0000 tGradient 1.1340 tsec 2.2720
iter 0, gcam->neg = 13
after 12 iterations, nbhd size=1, neg = 0
#GCMRL#  532 dt  19.200000 rms  0.407  0.108% neg 0  invalid 762 tFOTS 0.0000 tGradient 1.5230 tsec 7.0110
iter 0, gcam->neg = 5
after 1 iterations, nbhd size=0, neg = 0
#GCMRL#  533 dt  19.200000 rms  0.406  0.129% neg 0  invalid 762 tFOTS 0.0000 tGradient 1.1220 tsec 2.5680
iter 0, gcam->neg = 7
after 9 iterations, nbhd size=1, neg = 0
#GCMRL#  534 dt  19.200000 rms  0.406  0.117% neg 0  invalid 762 tFOTS 0.0000 tGradient 1.1250 tsec 5.5440
iter 0, gcam->neg = 9
after 19 iterations, nbhd size=1, neg = 0
#GCMRL#  535 dt  19.200000 rms  0.406  0.063% neg 0  invalid 762 tFOTS 0.0000 tGradient 1.1200 tsec 9.8750
iter 0, gcam->neg = 22
after 13 iterations, nbhd size=1, neg = 0
#GCMRL#  536 dt 128.000000 rms  0.405  0.071% neg 0  invalid 762 tFOTS 4.3680 tGradient 1.1160 tsec 11.3910
#FOTS# QuadFit found better minimum quadopt=(dt=19.2,rms=0.405354) vs oldopt=(dt=32,rms=0.405374)
#GCMRL#  537 dt  19.200000 rms  0.405  0.000% neg 0  invalid 762 tFOTS 4.3830 tGradient 1.1070 tsec 5.8260
iter 0, gcam->neg = 1
after 0 iterations, nbhd size=0, neg = 0
#GCMRL#  538 dt  19.200000 rms  0.405  0.009% neg 0  invalid 762 tFOTS 0.0000 tGradient 1.1160 tsec 2.2160
#GCMRL#  539 dt  19.200000 rms  0.405  0.015% neg 0  invalid 762 tFOTS 0.0000 tGradient 1.1260 tsec 1.4210
iter 0, gcam->neg = 1
after 0 iterations, nbhd size=0, neg = 0
#GCMRL#  540 dt  19.200000 rms  0.405  0.022% neg 0  invalid 762 tFOTS 0.0000 tGradient 1.1140 tsec 2.1940
iter 0, gcam->neg = 1
after 0 iterations, nbhd size=0, neg = 0
#GCMRL#  541 dt  19.200000 rms  0.405  0.031% neg 0  invalid 762 tFOTS 0.0000 tGradient 1.1200 tsec 2.2110
iter 0, gcam->neg = 2
after 4 iterations, nbhd size=0, neg = 0
#GCMRL#  542 dt  19.200000 rms  0.405  0.034% neg 0  invalid 762 tFOTS 0.0000 tGradient 1.1160 tsec 4.2480
iter 0, gcam->neg = 2
after 1 iterations, nbhd size=0, neg = 0
#GCMRL#  543 dt  19.200000 rms  0.405  0.040% neg 0  invalid 762 tFOTS 0.0000 tGradient 1.2500 tsec 3.1500
iter 0, gcam->neg = 1
after 0 iterations, nbhd size=0, neg = 0
#GCMRL#  544 dt  19.200000 rms  0.405  0.040% neg 0  invalid 762 tFOTS 0.0000 tGradient 1.2420 tsec 2.5990
iter 0, gcam->neg = 5
after 6 iterations, nbhd size=0, neg = 0
setting smoothness cost coefficient to 0.400

#GCAMreg# pass 0 level1 2 level2 0 tsec 0 sigma 2
l_jacobian=1.00 l_log_likelihood=0.20 l_smoothness=0.40 
tol=2.50e-01, dt=5.00e-02, exp_k=20.0, momentum=0.90, levels=6, niter=500, lbl_dist=10.00, avgs=4, sigma=2.0,type=2, relabel=0, neg=yes

blurring input image with Gaussian with sigma=2.000...
GCAMRegisterLevel(): init RMS 0.408296
iter 0, gcam->neg = 2
after 11 iterations, nbhd size=1, neg = 0

#GCAMreg# pass 0 level1 2 level2 1 tsec 20.579 sigma 0.5
l_jacobian=1.00 l_log_likelihood=0.20 l_smoothness=0.40 
tol=2.50e-01, dt=5.00e-02, exp_k=20.0, momentum=0.90, levels=6, niter=500, lbl_dist=10.00, avgs=4, sigma=0.5,type=2, relabel=0, neg=yes

blurring input image with Gaussian with sigma=0.500...
GCAMRegisterLevel(): init RMS 0.408296
#FOTS# QuadFit found better minimum quadopt=(dt=8.09639,rms=0.407978) vs oldopt=(dt=11.52,rms=0.408039)
iter 0, gcam->neg = 4
after 11 iterations, nbhd size=1, neg = 0
#GCMRL#  547 dt   8.096386 rms  0.408  0.029% neg 0  invalid 762 tFOTS 4.9170 tGradient 1.0240 tsec 12.6200
#FOTS# QuadFit found better minimum quadopt=(dt=17.2973,rms=0.407581) vs oldopt=(dt=11.52,rms=0.407644)
iter 0, gcam->neg = 17
after 15 iterations, nbhd size=1, neg = 0
#GCMRL#  548 dt  17.297297 rms  0.408  0.092% neg 0  invalid 762 tFOTS 5.0540 tGradient 1.3130 tsec 13.1220
#FOTS# QuadFit found better minimum quadopt=(dt=34.7273,rms=0.406555) vs oldopt=(dt=46.08,rms=0.406725)
iter 0, gcam->neg = 92
after 19 iterations, nbhd size=1, neg = 0
#GCMRL#  549 dt  34.727273 rms  0.407  0.231% neg 0  invalid 762 tFOTS 4.8850 tGradient 1.0170 tsec 13.6360
#FOTS# QuadFit found better minimum quadopt=(dt=14.9091,rms=0.40633) vs oldopt=(dt=11.52,rms=0.406357)
iter 0, gcam->neg = 37
after 17 iterations, nbhd size=1, neg = 0
#GCMRL#  550 dt  14.909091 rms  0.407  0.000% neg 0  invalid 762 tFOTS 4.6840 tGradient 1.0310 tsec 14.2810
iter 0, gcam->neg = 43
after 16 iterations, nbhd size=1, neg = 0
#GCMRL#  551 dt  14.909091 rms  0.406  0.045% neg 0  invalid 762 tFOTS 0.0000 tGradient 1.3280 tsec 10.9640
iter 0, gcam->neg = 102
after 18 iterations, nbhd size=1, neg = 0
#GCMRL#  552 dt  14.909091 rms  0.406  0.111% neg 0  invalid 762 tFOTS 0.0000 tGradient 1.2310 tsec 11.6000
iter 0, gcam->neg = 107
after 17 iterations, nbhd size=1, neg = 0
#GCMRL#  553 dt  14.909091 rms  0.406  0.054% neg 0  invalid 762 tFOTS 0.0000 tGradient 1.1340 tsec 11.1030
iter 0, gcam->neg = 160
after 22 iterations, nbhd size=1, neg = 0
setting smoothness cost coefficient to 1.000

#GCAMreg# pass 0 level1 1 level2 0 tsec 0 sigma 2
l_jacobian=1.00 l_log_likelihood=0.20 l_smoothness=1.00 
tol=2.50e-01, dt=5.00e-02, exp_k=20.0, momentum=0.90, levels=6, niter=500, lbl_dist=10.00, avgs=1, sigma=2.0,type=2, relabel=0, neg=yes

blurring input image with Gaussian with sigma=2.000...
GCAMRegisterLevel(): init RMS 0.411821
#FOTS# QuadFit found better minimum quadopt=(dt=6e-05,rms=0.411821) vs oldopt=(dt=5e-05,rms=0.411821)
#GCMRL#  555 dt   0.000060 rms  0.412  0.000% neg 0  invalid 762 tFOTS 6.4100 tGradient 0.9020 tsec 7.7930

#GCAMreg# pass 0 level1 1 level2 1 tsec 23.292 sigma 0.5
l_jacobian=1.00 l_log_likelihood=0.20 l_smoothness=1.00 
tol=2.50e-01, dt=5.00e-02, exp_k=20.0, momentum=0.90, levels=6, niter=500, lbl_dist=10.00, avgs=1, sigma=0.5,type=2, relabel=0, neg=yes

blurring input image with Gaussian with sigma=0.500...
GCAMRegisterLevel(): init RMS 0.411821
resetting metric properties...
setting smoothness cost coefficient to 2.000

#GCAMreg# pass 0 level1 0 level2 0 tsec 0 sigma 2
l_jacobian=1.00 l_log_likelihood=0.20 l_smoothness=2.00 
tol=2.50e-01, dt=5.00e-02, exp_k=20.0, momentum=0.90, levels=6, niter=500, lbl_dist=10.00, avgs=0, sigma=2.0,type=2, relabel=0, neg=yes

blurring input image with Gaussian with sigma=2.000...
GCAMRegisterLevel(): init RMS 0.401523
#FOTS# QuadFit found better minimum quadopt=(dt=1.15157,rms=0.392597) vs oldopt=(dt=1.28,rms=0.392683)
iter 0, gcam->neg = 536
after 18 iterations, nbhd size=1, neg = 0
#GCMRL#  558 dt   1.151575 rms  0.394  1.948% neg 0  invalid 762 tFOTS 4.5490 tGradient 0.3730 tsec 14.4640
#FOTS# QuadFit found better minimum quadopt=(dt=2.73438e-05,rms=0.3937) vs oldopt=(dt=1.95313e-05,rms=0.3937)
#GCMRL#  559 dt   0.000027 rms  0.394  0.000% neg 0  invalid 762 tFOTS 5.9130 tGradient 0.3750 tsec 6.6290

#GCAMreg# pass 0 level1 0 level2 1 tsec 31.23 sigma 0.5
l_jacobian=1.00 l_log_likelihood=0.20 l_smoothness=2.00 
tol=2.50e-01, dt=5.00e-02, exp_k=20.0, momentum=0.90, levels=6, niter=500, lbl_dist=10.00, avgs=0, sigma=0.5,type=2, relabel=0, neg=yes

blurring input image with Gaussian with sigma=0.500...
GCAMRegisterLevel(): init RMS 0.3937
#FOTS# QuadFit found better minimum quadopt=(dt=0.064,rms=0.393628) vs oldopt=(dt=0.08,rms=0.393631)
#GCMRL#  561 dt   0.064000 rms  0.394  0.018% neg 0  invalid 762 tFOTS 4.6730 tGradient 0.3680 tsec 5.3550
#FOTS# QuadFit found better minimum quadopt=(dt=0.028,rms=0.393614) vs oldopt=(dt=0.02,rms=0.393616)
#GCMRL#  562 dt   0.028000 rms  0.394  0.000% neg 0  invalid 762 tFOTS 4.7090 tGradient 0.3750 tsec 5.4690
#GCMRL#  563 dt   0.028000 rms  0.394  0.001% neg 0  invalid 762 tFOTS 0.0000 tGradient 0.3710 tsec 0.6690
GCAMregister done in 7.10125 min
writing output transformation to transforms/talairach.m3z...
GCAMwrite
Calls to gcamLogLikelihoodEnergy 4331 tmin = 1.90225
Calls to gcamLabelEnergy         3730 tmin = 1.38403
Calls to gcamJacobianEnergy      4331 tmin = 0.900033
Calls to gcamSmoothnessEnergy    4331 tmin = 5.39893
Calls to gcamLogLikelihoodTerm 565 tmin = 0.82925
Calls to gcamLabelTerm         507 tmin = 4.4026
Calls to gcamJacobianTerm      565 tmin = 1.14327
Calls to gcamSmoothnessTerm    565 tmin = 0.4737
Calls to gcamComputeGradient    565 tmin = 17.5579
Calls to gcamComputeMetricProperties    6312 tmin = 2.25697
mri_ca_register took 0 hours, 48 minutes and 34 seconds.
#VMPC# mri_ca_register VmPeak  3581432
FSRUNTIME@ mri_ca_register  0.8095 hours 16 threads
#--------------------------------------
#@# SubCort Seg Sat Mar 14 00:41:22 CET 2026

 mri_ca_label -relabel_unlikely 9 .3 -prior 0.5 -align norm.mgz transforms/talairach.m3z /opt/freesurfer/average/RB_all_2020-01-02.gca aseg.auto_noCCseg.mgz 

sysname  Linux
hostname dna059
machine  x86_64

setenv SUBJECTS_DIR /out/sourcedata/freesurfer
cd /out/sourcedata/freesurfer/sub-v2s7x29797_ses-1/mri
mri_ca_label -relabel_unlikely 9 .3 -prior 0.5 -align norm.mgz transforms/talairach.m3z /opt/freesurfer/average/RB_all_2020-01-02.gca aseg.auto_noCCseg.mgz 

relabeling unlikely voxels with window_size = 9 and prior threshold 0.30
using Gibbs prior factor = 0.500
renormalizing sequences with structure alignment, equivalent to:
	-renormalize
	-renormalize_mean 0.500
	-regularize 0.500

== Number of threads available to for OpenMP = 16 == 
reading 1 input volumes
reading classifier array from /opt/freesurfer/average/RB_all_2020-01-02.gca
reading input volume from norm.mgz
average std[0] = 7.2
reading transform from transforms/talairach.m3z
setting orig areas to linear transform determinant scaled 6.72
Atlas used for the 3D morph was /opt/freesurfer/average/RB_all_2020-01-02.gca
average std = 7.2   using min determinant for regularization = 5.2
0 singular and 0 ill-conditioned covariance matrices regularized
labeling volume...
renormalizing by structure alignment....
renormalizing input #0
gca peak = 0.15521 (20)
mri peak = 0.14046 (22)
Left_Lateral_Ventricle (4): linear fit = 1.07 x + 0.0 (1081 voxels, overlap=0.817)
Left_Lateral_Ventricle (4): linear fit = 1.07 x + 0.0 (1081 voxels, peak = 21), gca=21.3
gca peak = 0.20380 (13)
mri peak = 0.12909 (21)
Right_Lateral_Ventricle (43): linear fit = 1.43 x + 0.0 (1066 voxels, overlap=0.413)
Right_Lateral_Ventricle (43): linear fit = 1.43 x + 0.0 (1066 voxels, peak = 19), gca=18.7
gca peak = 0.26283 (96)
mri peak = 0.16698 (93)
Right_Pallidum (52): linear fit = 0.98 x + 0.0 (790 voxels, overlap=1.002)
Right_Pallidum (52): linear fit = 0.98 x + 0.0 (790 voxels, peak = 94), gca=93.6
gca peak = 0.15814 (97)
mri peak = 0.14456 (98)
Left_Pallidum (13): linear fit = 1.00 x + 0.0 (837 voxels, overlap=1.000)
Left_Pallidum (13): linear fit = 1.00 x + 0.0 (837 voxels, peak = 97), gca=96.5
gca peak = 0.27624 (56)
mri peak = 0.13904 (65)
Right_Hippocampus (53): linear fit = 1.13 x + 0.0 (804 voxels, overlap=0.288)
Right_Hippocampus (53): linear fit = 1.13 x + 0.0 (804 voxels, peak = 64), gca=63.6
gca peak = 0.28723 (59)
mri peak = 0.13954 (64)
Left_Hippocampus (17): linear fit = 1.11 x + 0.0 (967 voxels, overlap=0.548)
Left_Hippocampus (17): linear fit = 1.11 x + 0.0 (967 voxels, peak = 65), gca=65.2
gca peak = 0.07623 (103)
mri peak = 0.28805 (108)
Right_Cerebral_White_Matter (41): linear fit = 1.02 x + 0.0 (48931 voxels, overlap=0.457)
Right_Cerebral_White_Matter (41): linear fit = 1.02 x + 0.0 (48931 voxels, peak = 106), gca=105.6
gca peak = 0.07837 (105)
mri peak = 0.24532 (108)
Left_Cerebral_White_Matter (2): linear fit = 1.02 x + 0.0 (49420 voxels, overlap=0.421)
Left_Cerebral_White_Matter (2): linear fit = 1.02 x + 0.0 (49420 voxels, peak = 108), gca=107.6
gca peak = 0.10165 (58)
mri peak = 0.04545 (60)
Left_Cerebral_Cortex (3): linear fit = 1.02 x + 0.0 (50483 voxels, overlap=0.982)
Left_Cerebral_Cortex (3): linear fit = 1.02 x + 0.0 (50483 voxels, peak = 59), gca=59.4
gca peak = 0.11113 (58)
mri peak = 0.04333 (60)
Right_Cerebral_Cortex (42): linear fit = 1.02 x + 0.0 (48370 voxels, overlap=0.968)
Right_Cerebral_Cortex (42): linear fit = 1.02 x + 0.0 (48370 voxels, peak = 59), gca=59.4
gca peak = 0.27796 (67)
mri peak = 0.11474 (69)
Right_Caudate (50): linear fit = 1.09 x + 0.0 (1069 voxels, overlap=0.700)
Right_Caudate (50): linear fit = 1.09 x + 0.0 (1069 voxels, peak = 73), gca=72.7
gca peak = 0.14473 (69)
mri peak = 0.12149 (71)
Left_Caudate (11): linear fit = 0.99 x + 0.0 (1127 voxels, overlap=0.894)
Left_Caudate (11): linear fit = 0.99 x + 0.0 (1127 voxels, peak = 68), gca=68.0
gca peak = 0.14301 (56)
mri peak = 0.06702 (64)
Left_Cerebellum_Cortex (8): linear fit = 1.13 x + 0.0 (27055 voxels, overlap=0.641)
Left_Cerebellum_Cortex (8): linear fit = 1.13 x + 0.0 (27055 voxels, peak = 64), gca=63.6
gca peak = 0.14610 (55)
mri peak = 0.06641 (62)
Right_Cerebellum_Cortex (47): linear fit = 1.09 x + 0.0 (26586 voxels, overlap=0.839)
Right_Cerebellum_Cortex (47): linear fit = 1.09 x + 0.0 (26586 voxels, peak = 60), gca=59.7
gca peak = 0.16309 (85)
mri peak = 0.14132 (87)
Left_Cerebellum_White_Matter (7): linear fit = 1.03 x + 0.0 (7720 voxels, overlap=0.744)
Left_Cerebellum_White_Matter (7): linear fit = 1.03 x + 0.0 (7720 voxels, peak = 88), gca=88.0
gca peak = 0.15172 (84)
mri peak = 0.15417 (88)
Right_Cerebellum_White_Matter (46): linear fit = 1.03 x + 0.0 (7148 voxels, overlap=0.588)
Right_Cerebellum_White_Matter (46): linear fit = 1.03 x + 0.0 (7148 voxels, peak = 87), gca=86.9
gca peak = 0.30461 (58)
mri peak = 0.11785 (68)
Left_Amygdala (18): linear fit = 1.16 x + 0.0 (701 voxels, overlap=0.206)
Left_Amygdala (18): linear fit = 1.16 x + 0.0 (701 voxels, peak = 68), gca=67.6
gca peak = 0.32293 (57)
mri peak = 0.12694 (64)
Right_Amygdala (54): linear fit = 1.13 x + 0.0 (761 voxels, overlap=0.056)
Right_Amygdala (54): linear fit = 1.13 x + 0.0 (761 voxels, peak = 65), gca=64.7
gca peak = 0.11083 (90)
mri peak = 0.07751 (93)
Left_Thalamus (10): linear fit = 1.04 x + 0.0 (5023 voxels, overlap=0.955)
Left_Thalamus (10): linear fit = 1.04 x + 0.0 (5023 voxels, peak = 94), gca=94.0
gca peak = 0.11393 (83)
mri peak = 0.08100 (93)
Right_Thalamus (49): linear fit = 1.11 x + 0.0 (4873 voxels, overlap=0.697)
Right_Thalamus (49): linear fit = 1.11 x + 0.0 (4873 voxels, peak = 92), gca=91.7
gca peak = 0.08575 (81)
mri peak = 0.09404 (81)
Left_Putamen (12): linear fit = 1.03 x + 0.0 (2148 voxels, overlap=0.817)
Left_Putamen (12): linear fit = 1.03 x + 0.0 (2148 voxels, peak = 84), gca=83.8
gca peak = 0.08618 (78)
mri peak = 0.10755 (79)
Right_Putamen (51): linear fit = 1.00 x + 0.0 (2185 voxels, overlap=0.890)
Right_Putamen (51): linear fit = 1.00 x + 0.0 (2185 voxels, peak = 78), gca=78.0
gca peak = 0.08005 (78)
mri peak = 0.08929 (90)
Brain_Stem (16): linear fit = 1.09 x + 0.0 (13479 voxels, overlap=0.492)
Brain_Stem (16): linear fit = 1.09 x + 0.0 (13479 voxels, peak = 85), gca=84.6
gca peak = 0.12854 (88)
mri peak = 0.10505 (97)
Right_VentralDC (60): linear fit = 1.11 x + 0.0 (2004 voxels, overlap=0.422)
Right_VentralDC (60): linear fit = 1.11 x + 0.0 (2004 voxels, peak = 97), gca=97.2
gca peak = 0.15703 (87)
mri peak = 0.10267 (97)
Left_VentralDC (28): linear fit = 1.08 x + 0.0 (1960 voxels, overlap=0.487)
Left_VentralDC (28): linear fit = 1.08 x + 0.0 (1960 voxels, peak = 94), gca=93.5
gca peak = 0.17522 (25)
mri peak = 0.11147 (28)
gca peak = 0.17113 (14)
mri peak = 0.24709 (21)
Fourth_Ventricle (15): linear fit = 1.40 x + 0.0 (245 voxels, overlap=0.239)
Fourth_Ventricle (15): linear fit = 1.40 x + 0.0 (245 voxels, peak = 20), gca=19.7
gca peak Unknown = 0.94777 ( 0)
gca peak Left_Inf_Lat_Vent = 0.16627 (28)
gca peak Third_Ventricle = 0.17522 (25)
gca peak CSF = 0.20346 (36)
gca peak Left_Accumbens_area = 0.70646 (62)
gca peak Left_undetermined = 1.00000 (28)
gca peak Left_vessel = 0.89917 (53)
gca peak Left_choroid_plexus = 0.11689 (35)
gca peak Right_Inf_Lat_Vent = 0.25504 (23)
gca peak Right_Accumbens_area = 0.31650 (65)
gca peak Right_vessel = 0.77268 (52)
gca peak Right_choroid_plexus = 0.13275 (38)
gca peak Fifth_Ventricle = 0.60973 (33)
gca peak WM_hypointensities = 0.11013 (77)
gca peak non_WM_hypointensities = 0.11354 (41)
gca peak Optic_Chiasm = 0.51646 (76)
not using caudate to estimate GM means
estimating mean gm scale to be 1.10 x + 0.0
estimating mean wm scale to be 1.02 x + 0.0
estimating mean csf scale to be 1.30 x + 0.0
saving intensity scales to aseg.auto_noCCseg.label_intensities.txt
renormalizing by structure alignment....
renormalizing input #0
gca peak = 0.15668 (20)
mri peak = 0.14046 (22)
Left_Lateral_Ventricle (4): linear fit = 0.96 x + 0.0 (1081 voxels, overlap=0.845)
Left_Lateral_Ventricle (4): linear fit = 0.96 x + 0.0 (1081 voxels, peak = 19), gca=19.3
gca peak = 0.15451 (18)
mri peak = 0.12909 (21)
Right_Lateral_Ventricle (43): linear fit = 1.09 x + 0.0 (1066 voxels, overlap=0.614)
Right_Lateral_Ventricle (43): linear fit = 1.09 x + 0.0 (1066 voxels, peak = 20), gca=19.5
gca peak = 0.24815 (91)
mri peak = 0.16698 (93)
Right_Pallidum (52): linear fit = 1.00 x + 0.0 (790 voxels, overlap=1.002)
Right_Pallidum (52): linear fit = 1.00 x + 0.0 (790 voxels, peak = 91), gca=90.5
gca peak = 0.16234 (96)
mri peak = 0.14456 (98)
Left_Pallidum (13): linear fit = 1.01 x + 0.0 (837 voxels, overlap=0.998)
Left_Pallidum (13): linear fit = 1.01 x + 0.0 (837 voxels, peak = 97), gca=97.4
gca peak = 0.24525 (63)
mri peak = 0.13904 (65)
Right_Hippocampus (53): linear fit = 1.00 x + 0.0 (804 voxels, overlap=0.998)
Right_Hippocampus (53): linear fit = 1.00 x + 0.0 (804 voxels, peak = 63), gca=63.0
gca peak = 0.24803 (62)
mri peak = 0.13954 (64)
Left_Hippocampus (17): linear fit = 1.00 x + 0.0 (967 voxels, overlap=1.003)
Left_Hippocampus (17): linear fit = 1.00 x + 0.0 (967 voxels, peak = 62), gca=62.0
gca peak = 0.07779 (106)
mri peak = 0.28805 (108)
Right_Cerebral_White_Matter (41): linear fit = 1.00 x + 0.0 (48931 voxels, overlap=0.505)
Right_Cerebral_White_Matter (41): linear fit = 1.00 x + 0.0 (48931 voxels, peak = 106), gca=106.0
gca peak = 0.07733 (107)
mri peak = 0.24532 (108)
Left_Cerebral_White_Matter (2): linear fit = 1.00 x + 0.0 (49420 voxels, overlap=0.534)
Left_Cerebral_White_Matter (2): linear fit = 1.00 x + 0.0 (49420 voxels, peak = 107), gca=107.0
gca peak = 0.09318 (59)
mri peak = 0.04545 (60)
Left_Cerebral_Cortex (3): linear fit = 1.02 x + 0.0 (50483 voxels, overlap=0.990)
Left_Cerebral_Cortex (3): linear fit = 1.02 x + 0.0 (50483 voxels, peak = 60), gca=60.5
gca peak = 0.11146 (60)
mri peak = 0.04333 (60)
Right_Cerebral_Cortex (42): linear fit = 0.96 x + 0.0 (48370 voxels, overlap=0.974)
Right_Cerebral_Cortex (42): linear fit = 0.96 x + 0.0 (48370 voxels, peak = 58), gca=57.9
gca peak = 0.22486 (72)
mri peak = 0.11474 (69)
Right_Caudate (50): linear fit = 1.00 x + 0.0 (1069 voxels, overlap=1.002)
Right_Caudate (50): linear fit = 1.00 x + 0.0 (1069 voxels, peak = 72), gca=72.0
gca peak = 0.15731 (68)
mri peak = 0.12149 (71)
Left_Caudate (11): linear fit = 1.00 x + 0.0 (1127 voxels, overlap=0.992)
Left_Caudate (11): linear fit = 1.00 x + 0.0 (1127 voxels, peak = 68), gca=68.0
gca peak = 0.12210 (63)
mri peak = 0.06702 (64)
Left_Cerebellum_Cortex (8): linear fit = 1.00 x + 0.0 (27055 voxels, overlap=0.987)
Left_Cerebellum_Cortex (8): linear fit = 1.00 x + 0.0 (27055 voxels, peak = 63), gca=63.0
gca peak = 0.14575 (60)
mri peak = 0.06641 (62)
Right_Cerebellum_Cortex (47): linear fit = 1.02 x + 0.0 (26586 voxels, overlap=0.990)
Right_Cerebellum_Cortex (47): linear fit = 1.02 x + 0.0 (26586 voxels, peak = 62), gca=61.5
gca peak = 0.16129 (88)
mri peak = 0.14132 (87)
Left_Cerebellum_White_Matter (7): linear fit = 1.00 x + 0.0 (7720 voxels, overlap=0.902)
Left_Cerebellum_White_Matter (7): linear fit = 1.00 x + 0.0 (7720 voxels, peak = 88), gca=88.0
gca peak = 0.14284 (86)
mri peak = 0.15417 (88)
Right_Cerebellum_White_Matter (46): linear fit = 1.01 x + 0.0 (7148 voxels, overlap=0.807)
Right_Cerebellum_White_Matter (46): linear fit = 1.01 x + 0.0 (7148 voxels, peak = 87), gca=87.3
gca peak = 0.22754 (67)
mri peak = 0.11785 (68)
Left_Amygdala (18): linear fit = 0.99 x + 0.0 (701 voxels, overlap=1.004)
Left_Amygdala (18): linear fit = 0.99 x + 0.0 (701 voxels, peak = 66), gca=66.0
gca peak = 0.27574 (65)
mri peak = 0.12694 (64)
Right_Amygdala (54): linear fit = 1.00 x + 0.0 (761 voxels, overlap=1.007)
Right_Amygdala (54): linear fit = 1.00 x + 0.0 (761 voxels, peak = 65), gca=65.0
gca peak = 0.10804 (94)
mri peak = 0.07751 (93)
Left_Thalamus (10): linear fit = 1.00 x + 0.0 (5023 voxels, overlap=0.994)
Left_Thalamus (10): linear fit = 1.00 x + 0.0 (5023 voxels, peak = 94), gca=93.5
gca peak = 0.10178 (89)
mri peak = 0.08100 (93)
Right_Thalamus (49): linear fit = 1.00 x + 0.0 (4873 voxels, overlap=0.936)
Right_Thalamus (49): linear fit = 1.00 x + 0.0 (4873 voxels, peak = 89), gca=88.6
gca peak = 0.08071 (86)
mri peak = 0.09404 (81)
Left_Putamen (12): linear fit = 1.00 x + 0.0 (2148 voxels, overlap=0.902)
Left_Putamen (12): linear fit = 1.00 x + 0.0 (2148 voxels, peak = 86), gca=86.0
gca peak = 0.08618 (78)
mri peak = 0.10755 (79)
Right_Putamen (51): linear fit = 1.00 x + 0.0 (2185 voxels, overlap=0.890)
Right_Putamen (51): linear fit = 1.00 x + 0.0 (2185 voxels, peak = 78), gca=78.0
gca peak = 0.07757 (85)
mri peak = 0.08929 (90)
Brain_Stem (16): linear fit = 1.02 x + 0.0 (13479 voxels, overlap=0.772)
Brain_Stem (16): linear fit = 1.02 x + 0.0 (13479 voxels, peak = 87), gca=87.1
gca peak = 0.11078 (93)
mri peak = 0.10505 (97)
Right_VentralDC (60): linear fit = 1.01 x + 0.0 (2004 voxels, overlap=0.825)
Right_VentralDC (60): linear fit = 1.01 x + 0.0 (2004 voxels, peak = 94), gca=94.4
gca peak = 0.14873 (93)
mri peak = 0.10267 (97)
Left_VentralDC (28): linear fit = 1.00 x + 0.0 (1960 voxels, overlap=0.878)
Left_VentralDC (28): linear fit = 1.00 x + 0.0 (1960 voxels, peak = 93), gca=92.5
gca peak = 0.17116 (33)
mri peak = 0.11147 (28)
gca peak = 0.15172 (20)
mri peak = 0.24709 (21)
Fourth_Ventricle (15): linear fit = 0.98 x + 0.0 (245 voxels, overlap=0.750)
Fourth_Ventricle (15): linear fit = 0.98 x + 0.0 (245 voxels, peak = 20), gca=19.5
gca peak Unknown = 0.94777 ( 0)
gca peak Left_Inf_Lat_Vent = 0.16240 (31)
gca peak Third_Ventricle = 0.17116 (33)
gca peak CSF = 0.15661 (40)
gca peak Left_Accumbens_area = 0.61913 (61)
gca peak Left_undetermined = 1.00000 (28)
gca peak Left_vessel = 0.89917 (53)
gca peak Left_choroid_plexus = 0.10623 (35)
gca peak Right_Inf_Lat_Vent = 0.23431 (26)
gca peak Right_Accumbens_area = 0.37622 (70)
gca peak Right_vessel = 0.77268 (52)
gca peak Right_choroid_plexus = 0.14030 (38)
gca peak Fifth_Ventricle = 0.59466 (42)
gca peak WM_hypointensities = 0.10619 (78)
gca peak non_WM_hypointensities = 0.11377 (42)
gca peak Optic_Chiasm = 0.51667 (76)
not using caudate to estimate GM means
estimating mean gm scale to be 1.00 x + 0.0
estimating mean wm scale to be 1.00 x + 0.0
estimating mean csf scale to be 1.01 x + 0.0
saving intensity scales to aseg.auto_noCCseg.label_intensities.txt
saving sequentially combined intensity scales to aseg.auto_noCCseg.label_intensities.txt
30904 voxels changed in iteration 0 of unlikely voxel relabeling
127 voxels changed in iteration 1 of unlikely voxel relabeling
2 voxels changed in iteration 2 of unlikely voxel relabeling
0 voxels changed in iteration 3 of unlikely voxel relabeling
33598 gm and wm labels changed (%26 to gray, %74 to white out of all changed labels)
341 hippocampal voxels changed.
1 amygdala voxels changed.
Reclassifying using Gibbs Priors
pass 1: 55499 changed. image ll: -2.096, PF=0.500
pass 2: 12395 changed. image ll: -2.095, PF=0.500
pass 3: 4259 changed.
20233 voxels changed in iteration 0 of unlikely voxel relabeling
119 voxels changed in iteration 1 of unlikely voxel relabeling
7 voxels changed in iteration 2 of unlikely voxel relabeling
0 voxels changed in iteration 3 of unlikely voxel relabeling
5943 voxels changed in iteration 0 of unlikely voxel relabeling
91 voxels changed in iteration 1 of unlikely voxel relabeling
3 voxels changed in iteration 2 of unlikely voxel relabeling
0 voxels changed in iteration 3 of unlikely voxel relabeling
5703 voxels changed in iteration 0 of unlikely voxel relabeling
64 voxels changed in iteration 1 of unlikely voxel relabeling
2 voxels changed in iteration 2 of unlikely voxel relabeling
0 voxels changed in iteration 3 of unlikely voxel relabeling
5150 voxels changed in iteration 0 of unlikely voxel relabeling
23 voxels changed in iteration 1 of unlikely voxel relabeling
1 voxels changed in iteration 2 of unlikely voxel relabeling
0 voxels changed in iteration 3 of unlikely voxel relabeling
 !!!!!!!!! ventricle segment 3 with volume 5261 above threshold 100 - not erasing !!!!!!!!!!
 !!!!!!!!! ventricle segment 1 with volume 5434 above threshold 100 - not erasing !!!!!!!!!!
writing labeled volume to aseg.auto_noCCseg.mgz
mri_ca_label utimesec    1801.705732
mri_ca_label stimesec    5.589194
mri_ca_label ru_maxrss   2152988
mri_ca_label ru_ixrss    0
mri_ca_label ru_idrss    0
mri_ca_label ru_isrss    0
mri_ca_label ru_minflt   6887870
mri_ca_label ru_majflt   8
mri_ca_label ru_nswap    0
mri_ca_label ru_inblock  1142
mri_ca_label ru_oublock  672
mri_ca_label ru_msgsnd   0
mri_ca_label ru_msgrcv   0
mri_ca_label ru_nsignals 0
mri_ca_label ru_nvcsw    2499
mri_ca_label ru_nivcsw   2395
auto-labeling took 29 minutes and 1 seconds.
#--------------------------------------
#@# CC Seg Sat Mar 14 01:10:23 CET 2026

 mri_cc -aseg aseg.auto_noCCseg.mgz -o aseg.auto.mgz -lta /out/sourcedata/freesurfer/sub-v2s7x29797_ses-1/mri/transforms/cc_up.lta sub-v2s7x29797_ses-1 

will read input aseg from aseg.auto_noCCseg.mgz
writing aseg with cc labels to aseg.auto.mgz
will write lta as /out/sourcedata/freesurfer/sub-v2s7x29797_ses-1/mri/transforms/cc_up.lta
reading aseg from /out/sourcedata/freesurfer/sub-v2s7x29797_ses-1/mri/aseg.auto_noCCseg.mgz
reading norm from /out/sourcedata/freesurfer/sub-v2s7x29797_ses-1/mri/norm.mgz
45053 voxels in left wm, 48522 in right wm, xrange [126, 134]
searching rotation angles z=[-7  7], y=[-5  9]
searching scale 1 Z rot -7.2  searching scale 1 Z rot -7.0  searching scale 1 Z rot -6.7  searching scale 1 Z rot -6.5  searching scale 1 Z rot -6.2  searching scale 1 Z rot -6.0  searching scale 1 Z rot -5.7  searching scale 1 Z rot -5.5  searching scale 1 Z rot -5.2  searching scale 1 Z rot -5.0  searching scale 1 Z rot -4.7  searching scale 1 Z rot -4.5  searching scale 1 Z rot -4.2  searching scale 1 Z rot -4.0  searching scale 1 Z rot -3.7  searching scale 1 Z rot -3.5  searching scale 1 Z rot -3.2  searching scale 1 Z rot -3.0  searching scale 1 Z rot -2.7  searching scale 1 Z rot -2.5  searching scale 1 Z rot -2.2  searching scale 1 Z rot -2.0  searching scale 1 Z rot -1.7  searching scale 1 Z rot -1.5  searching scale 1 Z rot -1.2  searching scale 1 Z rot -1.0  searching scale 1 Z rot -0.7  searching scale 1 Z rot -0.5  searching scale 1 Z rot -0.2  searching scale 1 Z rot 0.0  searching scale 1 Z rot 0.3  searching scale 1 Z rot 0.5  searching scale 1 Z rot 0.8  searching scale 1 Z rot 1.0  searching scale 1 Z rot 1.3  searching scale 1 Z rot 1.5  searching scale 1 Z rot 1.8  searching scale 1 Z rot 2.0  searching scale 1 Z rot 2.3  searching scale 1 Z rot 2.5  searching scale 1 Z rot 2.8  searching scale 1 Z rot 3.0  searching scale 1 Z rot 3.3  searching scale 1 Z rot 3.5  searching scale 1 Z rot 3.8  searching scale 1 Z rot 4.0  searching scale 1 Z rot 4.3  searching scale 1 Z rot 4.5  searching scale 1 Z rot 4.8  searching scale 1 Z rot 5.0  searching scale 1 Z rot 5.3  searching scale 1 Z rot 5.5  searching scale 1 Z rot 5.8  searching scale 1 Z rot 6.0  searching scale 1 Z rot 6.3  searching scale 1 Z rot 6.5  global minimum found at slice 130.0, rotations (1.93, -0.21)
final transformation (x=130.0, yr=1.932, zr=-0.208):
 0.99943   0.00363   0.03371  -6.28258;
-0.00362   0.99999  -0.00012   14.48610;
-0.03371   0.00000   0.99943   15.44878;
 0.00000   0.00000   0.00000   1.00000;
updating x range to be [126, 130] in xformed coordinates
best xformed slice 128
min_x_fornix = 149
min_x_fornix = 157
min_x_fornix = 157
min_x_fornix = 147
min_x_fornix = 144
cc center is found at 128 114 117
eigenvectors:
 0.00044   0.00244   1.00000;
-0.16729  -0.98590   0.00248;
 0.98591  -0.16729  -0.00003;
writing aseg with callosum to /out/sourcedata/freesurfer/sub-v2s7x29797_ses-1/mri/aseg.auto.mgz...
corpus callosum segmentation took 0.6 minutes
#VMPC# mri_cc VmPeak  554988
mri_cc done
#--------------------------------------
#@# Merge ASeg Sat Mar 14 01:10:58 CET 2026

 cp aseg.auto.mgz aseg.presurf.mgz 

#--------------------------------------------
#@# Intensity Normalization2 Sat Mar 14 01:10:58 CET 2026
/out/sourcedata/freesurfer/sub-v2s7x29797_ses-1/mri

 mri_normalize -seed 1234 -mprage -aseg aseg.presurf.mgz -mask brainmask.mgz norm.mgz brain.mgz 

setting seed for random number genererator to 1234
assuming input volume is MGH (Van der Kouwe) MP-RAGE
using segmentation for initial intensity normalization
using MR volume brainmask.mgz to mask input volume...
reading mri_src from norm.mgz...
Reading aseg aseg.presurf.mgz
normalizing image...
NOT doing gentle normalization with control points/label
processing with aseg
removing outliers in the aseg WM...
899 control points removed
Building bias image
building Voronoi diagram...
performing soap bubble smoothing, sigma = 0...
Smoothing with sigma 8
Applying bias correction
building Voronoi diagram...
performing soap bubble smoothing, sigma = 8...

Iterating 2 times
---------------------------------
3d normalization pass 1 of 2
white matter peak found at 110
white matter peak found at 110
gm peak at 64 (64), valley at  0 (-1)
csf peak at 32, setting threshold to 53
building Voronoi diagram...
performing soap bubble smoothing, sigma = 8...
---------------------------------
3d normalization pass 2 of 2
white matter peak found at 110
white matter peak found at 110
gm peak at 65 (65), valley at  0 (-1)
csf peak at 32, setting threshold to 54
building Voronoi diagram...
performing soap bubble smoothing, sigma = 8...
Done iterating ---------------------------------
writing output to brain.mgz
3D bias adjustment took 2 minutes and 6 seconds.
#--------------------------------------------
#@# Mask BFS Sat Mar 14 01:13:05 CET 2026
/out/sourcedata/freesurfer/sub-v2s7x29797_ses-1/mri

 mri_mask -T 5 brain.mgz brainmask.mgz brain.finalsurfs.mgz 

threshold mask volume at 5
DoAbs = 0
Found 1623344 voxels in mask (pct=  9.68)
Writing masked volume to brain.finalsurfs.mgz...done.
#--------------------------------------------
#@# WM Segmentation Sat Mar 14 01:13:06 CET 2026

 AntsDenoiseImageFs -i brain.mgz -o antsdn.brain.mgz 


 mri_segment -wsizemm 13 -mprage antsdn.brain.mgz wm.seg.mgz 

wsizemm = 13, voxres = 1, wsize = 13
Widening wm low from 89 to 79
assuming input volume is MGH (Van der Kouwe) MP-RAGE
wm mean:  110
wsize:    13
wm low:   79
wm hi:    125
gray low: 30
gray hi:  99
Doing initial trinary intensity segmentation 
Using local statistics to label ambiguous voxels
Autodetecting stats
Computing class statistics for intensity windows...
CCS WM (101.0): 101.2 +- 6.0 [79.0 --> 125.0]
CCS GM (75.0) : 74.1 +- 8.1 [30.0 --> 95.0]
 white_mean 101.205
 white_sigma 6.03463
 gray_mean 74.147
 gray_sigma 8.121
setting bottom of white matter range wm_low to 82.3
setting top of gray matter range gray_hi to 90.4
 wm_low 82.268
 wm_hi  125
 gray_low 30
 gray_hi  90.389
Redoing initial intensity segmentation...
Recomputing local statistics to label ambiguous voxels...
 wm_low 82.268
 wm_hi  125
 gray_low 30
 gray_hi  90.389
using local geometry to label remaining ambiguous voxels...
polvwsize = 5, polvlen = 3, gray_hi = 90.389, wm_low = 82.268
MRIcpolvMedianCurveSegment(): wsize=5, len=3, gmhi=90.389, wmlow=82.268
    138380 voxels processed (0.82%)
     65027 voxels white (0.39%)
     73353 voxels non-white (0.44%)

Reclassifying voxels using Gaussian border classifier niter=1
MRIreclassify(): wm_low=77.268, gray_hi=90.389, wsize=13
    252197 voxels tested (1.50%)
     49102 voxels changed (0.29%)
     64755 multi-scale searches  (0.39%)
Recovering bright white
MRIrecoverBrightWhite()
 wm_low 82.268
 wm_hi 125
 slack 6.03463
 pct_thresh 0.33
 intensity_thresh 131.035
 nvox_thresh 8.58
       91 voxels tested (0.00%)
       48 voxels changed (0.00%)

removing voxels with positive offset direction...
MRIremoveWrongDirection() wsize=3, lowthr=77.268, hithr=90.389
  smoothing input volume with sigma = 0.250
    83503 voxels tested (0.50%)
    17452 voxels changed (0.10%)
thicken = 1
removing 1-dimensional structures...
MRIremove1dStructures(): max_iter=10000, thresh=2, WM_MIN_VAL=5
 1210 sparsely connected voxels removed in 1 iterations
thickening thin strands....
thickness 4
nsegments 20
wm_hi 125
1052 diagonally connected voxels added...
MRIthickenThinWMStrands(): thickness=4, nsegments=20
  20 segments, 5212 filled
MRIfindBrightNonWM(): 163 bright non-wm voxels segmented.
MRIfilterMorphology() WM_MIN_VAL=5, DIAGONAL_FILL=230
white matter segmentation took 1.0 minutes
writing output to wm.seg.mgz...

 mri_edit_wm_with_aseg -keep-in wm.seg.mgz brain.mgz aseg.presurf.mgz wm.asegedit.mgz 

preserving editing changes in input volume...
auto filling took 0.41 minutes
reading wm segmentation from wm.seg.mgz...
0 voxels added to wm to prevent paths from MTL structures to cortex
2168 additional wm voxels added
0 additional wm voxels added
SEG EDIT: 35680 voxels turned on, 55091 voxels turned off.
propagating editing to output volume from wm.seg.mgz
writing edited volume to wm.asegedit.mgz....

 mri_pretess wm.asegedit.mgz wm norm.mgz wm.mgz 


Iteration Number : 1
pass   1 (xy+):   7 found -   7 modified     |    TOTAL:   7
pass   2 (xy+):   0 found -   7 modified     |    TOTAL:   7
pass   1 (xy-):   9 found -   9 modified     |    TOTAL:  16
pass   2 (xy-):   0 found -   9 modified     |    TOTAL:  16
pass   1 (yz+):  26 found -  26 modified     |    TOTAL:  42
pass   2 (yz+):   0 found -  26 modified     |    TOTAL:  42
pass   1 (yz-):  14 found -  14 modified     |    TOTAL:  56
pass   2 (yz-):   0 found -  14 modified     |    TOTAL:  56
pass   1 (xz+):   3 found -   3 modified     |    TOTAL:  59
pass   2 (xz+):   0 found -   3 modified     |    TOTAL:  59
pass   1 (xz-):   9 found -   9 modified     |    TOTAL:  68
pass   2 (xz-):   0 found -   9 modified     |    TOTAL:  68
Iteration Number : 1
pass   1 (+++):   2 found -   2 modified     |    TOTAL:   2
pass   2 (+++):   0 found -   2 modified     |    TOTAL:   2
pass   1 (+++):   4 found -   4 modified     |    TOTAL:   6
pass   2 (+++):   0 found -   4 modified     |    TOTAL:   6
pass   1 (+++):   2 found -   2 modified     |    TOTAL:   8
pass   2 (+++):   0 found -   2 modified     |    TOTAL:   8
pass   1 (+++):   2 found -   2 modified     |    TOTAL:  10
pass   2 (+++):   0 found -   2 modified     |    TOTAL:  10
Iteration Number : 1
pass   1 (++):  44 found -  44 modified     |    TOTAL:  44
pass   2 (++):   0 found -  44 modified     |    TOTAL:  44
pass   1 (+-):  52 found -  52 modified     |    TOTAL:  96
pass   2 (+-):   1 found -  53 modified     |    TOTAL:  97
pass   3 (+-):   0 found -  53 modified     |    TOTAL:  97
pass   1 (--):  31 found -  31 modified     |    TOTAL: 128
pass   2 (--):   0 found -  31 modified     |    TOTAL: 128
pass   1 (-+):  48 found -  48 modified     |    TOTAL: 176
pass   2 (-+):   0 found -  48 modified     |    TOTAL: 176
Iteration Number : 2
pass   1 (xy+):   0 found -   0 modified     |    TOTAL:   0
pass   1 (xy-):   1 found -   1 modified     |    TOTAL:   1
pass   2 (xy-):   0 found -   1 modified     |    TOTAL:   1
pass   1 (yz+):   1 found -   1 modified     |    TOTAL:   2
pass   2 (yz+):   0 found -   1 modified     |    TOTAL:   2
pass   1 (yz-):   0 found -   0 modified     |    TOTAL:   2
pass   1 (xz+):   0 found -   0 modified     |    TOTAL:   2
pass   1 (xz-):   0 found -   0 modified     |    TOTAL:   2
Iteration Number : 2
pass   1 (+++):   0 found -   0 modified     |    TOTAL:   0
pass   1 (+++):   0 found -   0 modified     |    TOTAL:   0
pass   1 (+++):   0 found -   0 modified     |    TOTAL:   0
pass   1 (+++):   0 found -   0 modified     |    TOTAL:   0
Iteration Number : 2
pass   1 (++):   0 found -   0 modified     |    TOTAL:   0
pass   1 (+-):   0 found -   0 modified     |    TOTAL:   0
pass   1 (--):   0 found -   0 modified     |    TOTAL:   0
pass   1 (-+):   0 found -   0 modified     |    TOTAL:   0
Iteration Number : 3
pass   1 (xy+):   0 found -   0 modified     |    TOTAL:   0
pass   1 (xy-):   0 found -   0 modified     |    TOTAL:   0
pass   1 (yz+):   0 found -   0 modified     |    TOTAL:   0
pass   1 (yz-):   0 found -   0 modified     |    TOTAL:   0
pass   1 (xz+):   0 found -   0 modified     |    TOTAL:   0
pass   1 (xz-):   0 found -   0 modified     |    TOTAL:   0
Iteration Number : 3
pass   1 (+++):   0 found -   0 modified     |    TOTAL:   0
pass   1 (+++):   0 found -   0 modified     |    TOTAL:   0
pass   1 (+++):   0 found -   0 modified     |    TOTAL:   0
pass   1 (+++):   0 found -   0 modified     |    TOTAL:   0
Iteration Number : 3
pass   1 (++):   0 found -   0 modified     |    TOTAL:   0
pass   1 (+-):   0 found -   0 modified     |    TOTAL:   0
pass   1 (--):   0 found -   0 modified     |    TOTAL:   0
pass   1 (-+):   0 found -   0 modified     |    TOTAL:   0

Total Number of Modified Voxels = 256 (out of 639951: 0.040003)
binarizing input wm segmentation...
Ambiguous edge configurations... 

mri_pretess done

#--------------------------------------------
#@# Fill Sat Mar 14 01:15:07 CET 2026
/out/sourcedata/freesurfer/sub-v2s7x29797_ses-1/mri

 mri_fill -a ../scripts/ponscc.cut.log -xform transforms/talairach.lta -segmentation aseg.presurf.mgz -ctab /opt/freesurfer/SubCorticalMassLUT.txt wm.mgz filled.mgz 

logging cutting plane coordinates to ../scripts/ponscc.cut.log...
INFO: Using transforms/talairach.lta and its offset for Talairach volume ...
using segmentation aseg.presurf.mgz...
reading input volume...done.
searching for cutting planes...voxel to talairach voxel transform
 1.07843   0.02979   0.05359  -23.90294;
-0.04040   1.07630   0.30939  -54.48779;
-0.06721  -0.27948   0.94081   36.63304;
 0.00000   0.00000   0.00000   1.00000;
voxel to talairach voxel transform
 1.07843   0.02979   0.05359  -23.90294;
-0.04040   1.07630   0.30939  -54.48779;
-0.06721  -0.27948   0.94081   36.63304;
 0.00000   0.00000   0.00000   1.00000;
reading segmented volume aseg.presurf.mgz
removing CC from segmentation
Looking for area (min, max) = (350, 1400)
area[0] = 1063 (min = 350, max = 1400), aspect = 0.52 (min = 0.10, max = 0.75)
no need to search
using seed (127, 121, 149), TAL = (1.0, 21.0, 7.0)
talairach voxel to voxel transform
 0.92338  -0.03613  -0.04072   21.59445;
 0.01446   0.85544  -0.28214   57.29256;
 0.07026   0.25154   0.97620  -20.37589;
 0.00000   0.00000   0.00000   1.00000;
segmentation indicates cc at (127,  121,  149) --> (1.0, 21.0, 7.0)
done.
filling took 1.0 minutes
talairach cc position changed to (1.00, 21.00, 7.00)
Erasing brainstem...done.
seed_search_size = 9, min_neighbors = 5
search rh wm seed point around talairach space:(19.00, 21.00, 7.00) SRC: (111.80, 120.34, 163.17)
search lh wm seed point around talairach space (-17.00, 21.00, 7.00), SRC: (145.05, 120.86, 165.70)
compute mri_fill using aseg
Erasing Brain Stem and Cerebellum ...
Define left and right masks using aseg:
Building Voronoi diagram ...
Using the Voronoi diagram for separating WM into two hemispheres ...
Find the largest connected component for each hemisphere ...
Embedding colortable
mri_fill done, writing output to filled.mgz...
 cp filled.mgz filled.auto.mgz

Started at Fri Mar 13 23:51:29 CET 2026 
Ended   at Sat Mar 14 01:16:08 CET 2026
#@#%# recon-all-run-time-hours 1.411
recon-all -s sub-v2s7x29797_ses-1 finished without error at Sat Mar 14 01:16:08 CET 2026



#New# invocation of recon-all 




Sat Mar 14 02:25:52 CET 2026
cd /out/sourcedata/freesurfer/sub-v2s7x29797_ses-1
setenv SUBJECTS_DIR /out/sourcedata/freesurfer
/opt/freesurfer/bin/recon-all -parallel -subjid sub-v2s7x29797_ses-1 -sd /out/sourcedata/freesurfer -cortribbon

subjid sub-v2s7x29797_ses-1
setenv SUBJECTS_DIR /out/sourcedata/freesurfer
FREESURFER_HOME /opt/freesurfer
Actual FREESURFER_HOME /opt/freesurfer
build-stamp.txt: freesurfer-linux-ubuntu22_x86_64-7.3.2-20220804-6354275
Linux dna059 5.14.0-427.37.1.el9_4.x86_64 #1 SMP PREEMPT_DYNAMIC Fri Sep 13 12:41:50 EDT 2024 x86_64 x86_64 x86_64 GNU/Linux
cputime      unlimited
filesize     unlimited
datasize     unlimited
stacksize    8192 kbytes
coredumpsize 0 kbytes
memoryuse    67108864 kbytes
vmemoryuse   unlimited
descriptors  1024 
memorylocked unlimited
maxproc      2061970 
maxlocks     unlimited
maxsignal    2061970 
maxmessage   819200 
maxnice      0 
maxrtprio    0 
maxrttime    unlimited

               total        used        free      shared  buff/cache   available
Mem:           503Gi        54Gi       405Gi        12Gi        44Gi       433Gi
Swap:             0B          0B          0B

########################################
program versions used
7.3.2 (freesurfer-linux-ubuntu22_x86_64-7.3.2-20220804-6354275)
7.3.2

ProgramName: lta_convert  ProgramArguments: lta_convert -all-info  ProgramVersion: 7.3.2  TimeStamp: 2026/03/14-01:25:52-GMT  BuildTime: Aug  4 2022 06:17:15  BuildStamp: freesurfer-linux-ubuntu22_x86_64-7.3.2-20220804-6354275  User: oesteban  Machine: dna059  Platform: Linux  PlatformVersion: 5.14.0-427.37.1.el9_4.x86_64  CompilerName: GCC  CompilerVersion: 8.4.0
ProgramName: mri_and  ProgramArguments: mri_and -all-info  ProgramVersion: 7.3.2  TimeStamp: 2026/03/14-01:25:52-GMT  BuildTime: Aug  4 2022 06:17:15  BuildStamp: freesurfer-linux-ubuntu22_x86_64-7.3.2-20220804-6354275  User: oesteban  Machine: dna059  Platform: Linux  PlatformVersion: 5.14.0-427.37.1.el9_4.x86_64  CompilerName: GCC  CompilerVersion: 8.4.0
ProgramName: mri_annotation2label  ProgramArguments: mri_annotation2label -all-info  ProgramVersion: 7.3.2  TimeStamp: 2026/03/14-01:25:52-GMT  BuildTime: Aug  4 2022 06:17:15  BuildStamp: freesurfer-linux-ubuntu22_x86_64-7.3.2-20220804-6354275  User: oesteban  Machine: dna059  Platform: Linux  PlatformVersion: 5.14.0-427.37.1.el9_4.x86_64  CompilerName: GCC  CompilerVersion: 8.4.0
ProgramName: mri_aparc2aseg  ProgramArguments: mri_aparc2aseg -all-info  ProgramVersion: 7.3.2  TimeStamp: 2026/03/14-01:25:52-GMT  BuildTime: Aug  4 2022 06:17:15  BuildStamp: freesurfer-linux-ubuntu22_x86_64-7.3.2-20220804-6354275  User: oesteban  Machine: dna059  Platform: Linux  PlatformVersion: 5.14.0-427.37.1.el9_4.x86_64  CompilerName: GCC  CompilerVersion: 8.4.0
ProgramName: mri_surf2volseg  ProgramArguments: mri_surf2volseg -all-info  ProgramVersion: 7.3.2  TimeStamp: 2026/03/14-01:25:52-GMT  BuildTime: Aug  4 2022 06:17:15  BuildStamp: freesurfer-linux-ubuntu22_x86_64-7.3.2-20220804-6354275  User: oesteban  Machine: dna059  Platform: Linux  PlatformVersion: 5.14.0-427.37.1.el9_4.x86_64  CompilerName: GCC  CompilerVersion: 8.4.0
ProgramName: mri_binarize  ProgramArguments: mri_binarize -all-info  ProgramVersion: 7.3.2  TimeStamp: 2026/03/14-01:25:52-GMT  BuildTime: Aug  4 2022 06:17:15  BuildStamp: freesurfer-linux-ubuntu22_x86_64-7.3.2-20220804-6354275  User: oesteban  Machine: dna059  Platform: Linux  PlatformVersion: 5.14.0-427.37.1.el9_4.x86_64  CompilerName: GCC  CompilerVersion: 8.4.0
ProgramName: mri_ca_label  ProgramArguments: mri_ca_label -all-info  ProgramVersion: 7.3.2  TimeStamp: 2026/03/14-01:25:52-GMT  BuildTime: Aug  4 2022 06:17:15  BuildStamp: freesurfer-linux-ubuntu22_x86_64-7.3.2-20220804-6354275  User: oesteban  Machine: dna059  Platform: Linux  PlatformVersion: 5.14.0-427.37.1.el9_4.x86_64  CompilerName: GCC  CompilerVersion: 8.4.0
ProgramName: mri_ca_normalize  ProgramArguments: mri_ca_normalize -all-info  ProgramVersion: 7.3.2  TimeStamp: 2026/03/14-01:25:52-GMT  BuildTime: Aug  4 2022 06:17:15  BuildStamp: freesurfer-linux-ubuntu22_x86_64-7.3.2-20220804-6354275  User: oesteban  Machine: dna059  Platform: Linux  PlatformVersion: 5.14.0-427.37.1.el9_4.x86_64  CompilerName: GCC  CompilerVersion: 8.4.0
ProgramName: mri_ca_register  ProgramArguments: mri_ca_register -all-info  ProgramVersion: 7.3.2  TimeStamp: 2026/03/14-01:25:52-GMT  BuildTime: Aug  4 2022 06:17:15  BuildStamp: freesurfer-linux-ubuntu22_x86_64-7.3.2-20220804-6354275  User: oesteban  Machine: dna059  Platform: Linux  PlatformVersion: 5.14.0-427.37.1.el9_4.x86_64  CompilerName: GCC  CompilerVersion: 8.4.0
ProgramName: mri_cc  ProgramArguments: mri_cc -all-info  ProgramVersion: 7.3.2  TimeStamp: 2026/03/14-01:25:52-GMT  BuildTime: Aug  4 2022 06:17:15  BuildStamp: freesurfer-linux-ubuntu22_x86_64-7.3.2-20220804-6354275  User: oesteban  Machine: dna059  Platform: Linux  PlatformVersion: 5.14.0-427.37.1.el9_4.x86_64  CompilerName: GCC  CompilerVersion: 8.4.0
ProgramName: mri_compute_overlap  ProgramArguments: mri_compute_overlap -all-info  ProgramVersion: 7.3.2  TimeStamp: 2026/03/14-01:25:52-GMT  BuildTime: Aug  4 2022 06:17:15  BuildStamp: freesurfer-linux-ubuntu22_x86_64-7.3.2-20220804-6354275  User: oesteban  Machine: dna059  Platform: Linux  PlatformVersion: 5.14.0-427.37.1.el9_4.x86_64  CompilerName: GCC  CompilerVersion: 8.4.0
ProgramName: mri_compute_seg_overlap  ProgramArguments: mri_compute_seg_overlap -all-info  ProgramVersion: 7.3.2  TimeStamp: 2026/03/14-01:25:52-GMT  BuildTime: Aug  4 2022 06:17:15  BuildStamp: freesurfer-linux-ubuntu22_x86_64-7.3.2-20220804-6354275  User: oesteban  Machine: dna059  Platform: Linux  PlatformVersion: 5.14.0-427.37.1.el9_4.x86_64  CompilerName: GCC  CompilerVersion: 8.4.0
ProgramName: mri_concat  ProgramArguments: mri_concat -all-info  ProgramVersion: 7.3.2  TimeStamp: 2026/03/14-01:25:52-GMT  BuildTime: Aug  4 2022 06:17:15  BuildStamp: freesurfer-linux-ubuntu22_x86_64-7.3.2-20220804-6354275  User: oesteban  Machine: dna059  Platform: Linux  PlatformVersion: 5.14.0-427.37.1.el9_4.x86_64  CompilerName: GCC  CompilerVersion: 8.4.0
ProgramName: mri_concatenate_lta  ProgramArguments: mri_concatenate_lta -all-info  ProgramVersion: 7.3.2  TimeStamp: 2026/03/14-01:25:52-GMT  BuildTime: Aug  4 2022 06:17:15  BuildStamp: freesurfer-linux-ubuntu22_x86_64-7.3.2-20220804-6354275  User: oesteban  Machine: dna059  Platform: Linux  PlatformVersion: 5.14.0-427.37.1.el9_4.x86_64  CompilerName: GCC  CompilerVersion: 8.4.0
mri_convert -all-info 
ProgramName: mri_convert  ProgramArguments: mri_convert -all-info  ProgramVersion: 7.3.2  TimeStamp: 2026/03/14-01:25:52-GMT  BuildTime: Aug  4 2022 06:17:15  BuildStamp: freesurfer-linux-ubuntu22_x86_64-7.3.2-20220804-6354275  User: oesteban  Machine: dna059  Platform: Linux  PlatformVersion: 5.14.0-427.37.1.el9_4.x86_64  CompilerName: GCC  CompilerVersion: 8.4.0
ProgramName: mri_diff  ProgramArguments: mri_diff -all-info  ProgramVersion: 7.3.2  TimeStamp: 2026/03/14-01:25:52-GMT  BuildTime: Aug  4 2022 06:17:15  BuildStamp: freesurfer-linux-ubuntu22_x86_64-7.3.2-20220804-6354275  User: oesteban  Machine: dna059  Platform: Linux  PlatformVersion: 5.14.0-427.37.1.el9_4.x86_64  CompilerName: GCC  CompilerVersion: 8.4.0
ProgramName: mri_edit_wm_with_aseg  ProgramArguments: mri_edit_wm_with_aseg -all-info  ProgramVersion: 7.3.2  TimeStamp: 2026/03/14-01:25:52-GMT  BuildTime: Aug  4 2022 06:17:15  BuildStamp: freesurfer-linux-ubuntu22_x86_64-7.3.2-20220804-6354275  User: oesteban  Machine: dna059  Platform: Linux  PlatformVersion: 5.14.0-427.37.1.el9_4.x86_64  CompilerName: GCC  CompilerVersion: 8.4.0
ProgramName: mri_em_register  ProgramArguments: mri_em_register -all-info  ProgramVersion: 7.3.2  TimeStamp: 2026/03/14-01:25:52-GMT  BuildTime: Aug  4 2022 06:17:15  BuildStamp: freesurfer-linux-ubuntu22_x86_64-7.3.2-20220804-6354275  User: oesteban  Machine: dna059  Platform: Linux  PlatformVersion: 5.14.0-427.37.1.el9_4.x86_64  CompilerName: GCC  CompilerVersion: 8.4.0
ProgramName: mri_fill  ProgramArguments: mri_fill -all-info  ProgramVersion: 7.3.2  TimeStamp: 2026/03/14-01:25:52-GMT  BuildTime: Aug  4 2022 06:17:15  BuildStamp: freesurfer-linux-ubuntu22_x86_64-7.3.2-20220804-6354275  User: oesteban  Machine: dna059  Platform: Linux  PlatformVersion: 5.14.0-427.37.1.el9_4.x86_64  CompilerName: GCC  CompilerVersion: 8.4.0
ProgramName: mri_fuse_segmentations  ProgramArguments: mri_fuse_segmentations -all-info  ProgramVersion: 7.3.2  TimeStamp: 2026/03/14-01:25:52-GMT  BuildTime: Aug  4 2022 06:17:15  BuildStamp: freesurfer-linux-ubuntu22_x86_64-7.3.2-20220804-6354275  User: oesteban  Machine: dna059  Platform: Linux  PlatformVersion: 5.14.0-427.37.1.el9_4.x86_64  CompilerName: GCC  CompilerVersion: 8.4.0
ProgramName: mri_fwhm  ProgramArguments: mri_fwhm -all-info  ProgramVersion: 7.3.2  TimeStamp: 2026/03/14-01:25:52-GMT  BuildTime: Aug  4 2022 06:17:15  BuildStamp: freesurfer-linux-ubuntu22_x86_64-7.3.2-20220804-6354275  User: oesteban  Machine: dna059  Platform: Linux  PlatformVersion: 5.14.0-427.37.1.el9_4.x86_64  CompilerName: GCC  CompilerVersion: 8.4.0
ProgramName: mri_gcut  ProgramArguments: mri_gcut -all-info  ProgramVersion: 7.3.2  TimeStamp: 2026/03/14-01:25:52-GMT  BuildTime: Aug  4 2022 06:17:15  BuildStamp: freesurfer-linux-ubuntu22_x86_64-7.3.2-20220804-6354275  User: oesteban  Machine: dna059  Platform: Linux  PlatformVersion: 5.14.0-427.37.1.el9_4.x86_64  CompilerName: GCC  CompilerVersion: 8.4.0
ProgramName: mri_info  ProgramArguments: mri_info -all-info  ProgramVersion: 7.3.2  TimeStamp: 2026/03/14-01:25:52-GMT  BuildTime: Aug  4 2022 06:17:15  BuildStamp: freesurfer-linux-ubuntu22_x86_64-7.3.2-20220804-6354275  User: oesteban  Machine: dna059  Platform: Linux  PlatformVersion: 5.14.0-427.37.1.el9_4.x86_64  CompilerName: GCC  CompilerVersion: 8.4.0
ProgramName: mri_label2label  ProgramArguments: mri_label2label -all-info  ProgramVersion: 7.3.2  TimeStamp: 2026/03/14-01:25:52-GMT  BuildTime: Aug  4 2022 06:17:15  BuildStamp: freesurfer-linux-ubuntu22_x86_64-7.3.2-20220804-6354275  User: oesteban  Machine: dna059  Platform: Linux  PlatformVersion: 5.14.0-427.37.1.el9_4.x86_64  CompilerName: GCC  CompilerVersion: 8.4.0
ProgramName: mri_label2vol  ProgramArguments: mri_label2vol -all-info  ProgramVersion: 7.3.2  TimeStamp: 2026/03/14-01:25:52-GMT  BuildTime: Aug  4 2022 06:17:15  BuildStamp: freesurfer-linux-ubuntu22_x86_64-7.3.2-20220804-6354275  User: oesteban  Machine: dna059  Platform: Linux  PlatformVersion: 5.14.0-427.37.1.el9_4.x86_64  CompilerName: GCC  CompilerVersion: 8.4.0
ProgramName: mri_log_likelihood  ProgramArguments: mri_log_likelihood -all-info  ProgramVersion: 7.3.2  TimeStamp: 2026/03/14-01:25:52-GMT  BuildTime: Aug  4 2022 06:17:15  BuildStamp: freesurfer-linux-ubuntu22_x86_64-7.3.2-20220804-6354275  User: oesteban  Machine: dna059  Platform: Linux  PlatformVersion: 5.14.0-427.37.1.el9_4.x86_64  CompilerName: GCC  CompilerVersion: 8.4.0
ProgramName: mri_mask  ProgramArguments: mri_mask -all-info  ProgramVersion: 7.3.2  TimeStamp: 2026/03/14-01:25:52-GMT  BuildTime: Aug  4 2022 06:17:15  BuildStamp: freesurfer-linux-ubuntu22_x86_64-7.3.2-20220804-6354275  User: oesteban  Machine: dna059  Platform: Linux  PlatformVersion: 5.14.0-427.37.1.el9_4.x86_64  CompilerName: GCC  CompilerVersion: 8.4.0
ProgramName: mri_matrix_multiply  ProgramArguments: mri_matrix_multiply -all-info  ProgramVersion: 7.3.2  TimeStamp: 2026/03/14-01:25:52-GMT  BuildTime: Aug  4 2022 06:17:15  BuildStamp: freesurfer-linux-ubuntu22_x86_64-7.3.2-20220804-6354275  User: oesteban  Machine: dna059  Platform: Linux  PlatformVersion: 5.14.0-427.37.1.el9_4.x86_64  CompilerName: GCC  CompilerVersion: 8.4.0
ProgramName: mri_normalize  ProgramArguments: mri_normalize -all-info  ProgramVersion: 7.3.2  TimeStamp: 2026/03/14-01:25:52-GMT  BuildTime: Aug  4 2022 06:17:15  BuildStamp: freesurfer-linux-ubuntu22_x86_64-7.3.2-20220804-6354275  User: oesteban  Machine: dna059  Platform: Linux  PlatformVersion: 5.14.0-427.37.1.el9_4.x86_64  CompilerName: GCC  CompilerVersion: 8.4.0
ProgramName: mri_normalize_tp2  ProgramArguments: mri_normalize_tp2 -all-info  ProgramVersion: 7.3.2  TimeStamp: 2026/03/14-01:25:52-GMT  BuildTime: Aug  4 2022 06:17:15  BuildStamp: freesurfer-linux-ubuntu22_x86_64-7.3.2-20220804-6354275  User: oesteban  Machine: dna059  Platform: Linux  PlatformVersion: 5.14.0-427.37.1.el9_4.x86_64  CompilerName: GCC  CompilerVersion: 8.4.0
ProgramName: mri_or  ProgramArguments: mri_or -all-info  ProgramVersion: 7.3.2  TimeStamp: 2026/03/14-01:25:52-GMT  BuildTime: Aug  4 2022 06:17:15  BuildStamp: freesurfer-linux-ubuntu22_x86_64-7.3.2-20220804-6354275  User: oesteban  Machine: dna059  Platform: Linux  PlatformVersion: 5.14.0-427.37.1.el9_4.x86_64  CompilerName: GCC  CompilerVersion: 8.4.0
ProgramName: mri_relabel_hypointensities  ProgramArguments: mri_relabel_hypointensities -all-info  ProgramVersion: 7.3.2  TimeStamp: 2026/03/14-01:25:52-GMT  BuildTime: Aug  4 2022 06:17:15  BuildStamp: freesurfer-linux-ubuntu22_x86_64-7.3.2-20220804-6354275  User: oesteban  Machine: dna059  Platform: Linux  PlatformVersion: 5.14.0-427.37.1.el9_4.x86_64  CompilerName: GCC  CompilerVersion: 8.4.0
ProgramName: mri_relabel_nonwm_hypos  ProgramArguments: mri_relabel_nonwm_hypos -all-info  ProgramVersion: 7.3.2  TimeStamp: 2026/03/14-01:25:52-GMT  BuildTime: Aug  4 2022 06:17:15  BuildStamp: freesurfer-linux-ubuntu22_x86_64-7.3.2-20220804-6354275  User: oesteban  Machine: dna059  Platform: Linux  PlatformVersion: 5.14.0-427.37.1.el9_4.x86_64  CompilerName: GCC  CompilerVersion: 8.4.0
ProgramName: mri_remove_neck  ProgramArguments: mri_remove_neck -all-info  ProgramVersion: 7.3.2  TimeStamp: 2026/03/14-01:25:52-GMT  BuildTime: Aug  4 2022 06:17:15  BuildStamp: freesurfer-linux-ubuntu22_x86_64-7.3.2-20220804-6354275  User: oesteban  Machine: dna059  Platform: Linux  PlatformVersion: 5.14.0-427.37.1.el9_4.x86_64  CompilerName: GCC  CompilerVersion: 8.4.0
7.3.2

ProgramName: mri_robust_register  ProgramArguments: mri_robust_register -all-info  ProgramVersion: 7.3.2  TimeStamp: 2026/03/14-01:25:52-GMT  BuildTime: Aug  4 2022 06:17:15  BuildStamp: freesurfer-linux-ubuntu22_x86_64-7.3.2-20220804-6354275  User: oesteban  Machine: dna059  Platform: Linux  PlatformVersion: 5.14.0-427.37.1.el9_4.x86_64  CompilerName: GCC  CompilerVersion: 8.4.0
7.3.2

ProgramName: mri_robust_template  ProgramArguments: mri_robust_template -all-info  ProgramVersion: 7.3.2  TimeStamp: 2026/03/14-01:25:52-GMT  BuildTime: Aug  4 2022 06:17:15  BuildStamp: freesurfer-linux-ubuntu22_x86_64-7.3.2-20220804-6354275  User: oesteban  Machine: dna059  Platform: Linux  PlatformVersion: 5.14.0-427.37.1.el9_4.x86_64  CompilerName: GCC  CompilerVersion: 8.4.0
ProgramName: mris_anatomical_stats  ProgramArguments: mris_anatomical_stats -all-info  ProgramVersion: 7.3.2  TimeStamp: 2026/03/14-01:25:52-GMT  BuildTime: Aug  4 2022 06:17:15  BuildStamp: freesurfer-linux-ubuntu22_x86_64-7.3.2-20220804-6354275  User: oesteban  Machine: dna059  Platform: Linux  PlatformVersion: 5.14.0-427.37.1.el9_4.x86_64  CompilerName: GCC  CompilerVersion: 8.4.0
ProgramName: mris_ca_label  ProgramArguments: mris_ca_label -all-info  ProgramVersion: 7.3.2  TimeStamp: 2026/03/14-01:25:52-GMT  BuildTime: Aug  4 2022 06:17:15  BuildStamp: freesurfer-linux-ubuntu22_x86_64-7.3.2-20220804-6354275  User: oesteban  Machine: dna059  Platform: Linux  PlatformVersion: 5.14.0-427.37.1.el9_4.x86_64  CompilerName: GCC  CompilerVersion: 8.4.0
ProgramName: mris_calc  ProgramArguments: mris_calc -all-info  ProgramVersion: 7.3.2  TimeStamp: 2026/03/14-01:25:52-GMT  BuildTime: Aug  4 2022 06:17:15  BuildStamp: freesurfer-linux-ubuntu22_x86_64-7.3.2-20220804-6354275  User: oesteban  Machine: dna059  Platform: Linux  PlatformVersion: 5.14.0-427.37.1.el9_4.x86_64  CompilerName: GCC  CompilerVersion: 8.4.0
ProgramName: mris_convert  ProgramArguments: mris_convert -all-info  ProgramVersion: 7.3.2  TimeStamp: 2026/03/14-01:25:52-GMT  BuildTime: Aug  4 2022 06:17:15  BuildStamp: freesurfer-linux-ubuntu22_x86_64-7.3.2-20220804-6354275  User: oesteban  Machine: dna059  Platform: Linux  PlatformVersion: 5.14.0-427.37.1.el9_4.x86_64  CompilerName: GCC  CompilerVersion: 8.4.0
ProgramName: mris_curvature  ProgramArguments: mris_curvature -all-info  ProgramVersion: 7.3.2  TimeStamp: 2026/03/14-01:25:52-GMT  BuildTime: Aug  4 2022 06:17:15  BuildStamp: freesurfer-linux-ubuntu22_x86_64-7.3.2-20220804-6354275  User: oesteban  Machine: dna059  Platform: Linux  PlatformVersion: 5.14.0-427.37.1.el9_4.x86_64  CompilerName: GCC  CompilerVersion: 8.4.0
ProgramName: mris_curvature_stats  ProgramArguments: mris_curvature_stats -all-info  ProgramVersion: 7.3.2  TimeStamp: 2026/03/14-01:25:52-GMT  BuildTime: Aug  4 2022 06:17:15  BuildStamp: freesurfer-linux-ubuntu22_x86_64-7.3.2-20220804-6354275  User: oesteban  Machine: dna059  Platform: Linux  PlatformVersion: 5.14.0-427.37.1.el9_4.x86_64  CompilerName: GCC  CompilerVersion: 8.4.0
ProgramName: mris_diff  ProgramArguments: mris_diff -all-info  ProgramVersion: 7.3.2  TimeStamp: 2026/03/14-01:25:52-GMT  BuildTime: Aug  4 2022 06:17:15  BuildStamp: freesurfer-linux-ubuntu22_x86_64-7.3.2-20220804-6354275  User: oesteban  Machine: dna059  Platform: Linux  PlatformVersion: 5.14.0-427.37.1.el9_4.x86_64  CompilerName: GCC  CompilerVersion: 8.4.0
ProgramName: mris_divide_parcellation  ProgramArguments: mris_divide_parcellation -all-info  ProgramVersion: 7.3.2  TimeStamp: 2026/03/14-01:25:52-GMT  BuildTime: Aug  4 2022 06:17:15  BuildStamp: freesurfer-linux-ubuntu22_x86_64-7.3.2-20220804-6354275  User: oesteban  Machine: dna059  Platform: Linux  PlatformVersion: 5.14.0-427.37.1.el9_4.x86_64  CompilerName: GCC  CompilerVersion: 8.4.0
ProgramName: mri_segment  ProgramArguments: mri_segment -all-info  ProgramVersion: 7.3.2  TimeStamp: 2026/03/14-01:25:52-GMT  BuildTime: Aug  4 2022 06:17:15  BuildStamp: freesurfer-linux-ubuntu22_x86_64-7.3.2-20220804-6354275  User: oesteban  Machine: dna059  Platform: Linux  PlatformVersion: 5.14.0-427.37.1.el9_4.x86_64  CompilerName: GCC  CompilerVersion: 8.4.0
ProgramName: mri_segstats  ProgramArguments: mri_segstats -all-info  ProgramVersion: 7.3.2  TimeStamp: 2026/03/14-01:25:52-GMT  BuildTime: Aug  4 2022 06:17:15  BuildStamp: freesurfer-linux-ubuntu22_x86_64-7.3.2-20220804-6354275  User: oesteban  Machine: dna059  Platform: Linux  PlatformVersion: 5.14.0-427.37.1.el9_4.x86_64  CompilerName: GCC  CompilerVersion: 8.4.0
ProgramName: mris_euler_number  ProgramArguments: mris_euler_number -all-info  ProgramVersion: 7.3.2  TimeStamp: 2026/03/14-01:25:52-GMT  BuildTime: Aug  4 2022 06:17:15  BuildStamp: freesurfer-linux-ubuntu22_x86_64-7.3.2-20220804-6354275  User: oesteban  Machine: dna059  Platform: Linux  PlatformVersion: 5.14.0-427.37.1.el9_4.x86_64  CompilerName: GCC  CompilerVersion: 8.4.0
ProgramName: mris_fix_topology  ProgramArguments: mris_fix_topology -all-info  ProgramVersion: 7.3.2  TimeStamp: 2026/03/14-01:25:52-GMT  BuildTime: Aug  4 2022 06:17:15  BuildStamp: freesurfer-linux-ubuntu22_x86_64-7.3.2-20220804-6354275  User: oesteban  Machine: dna059  Platform: Linux  PlatformVersion: 5.14.0-427.37.1.el9_4.x86_64  CompilerName: GCC  CompilerVersion: 8.4.0
ProgramName: mris_topo_fixer  ProgramArguments: mris_topo_fixer -all-info  ProgramVersion: 7.3.2  TimeStamp: 2026/03/14-01:25:52-GMT  BuildTime: Aug  4 2022 06:17:15  BuildStamp: freesurfer-linux-ubuntu22_x86_64-7.3.2-20220804-6354275  User: oesteban  Machine: dna059  Platform: Linux  PlatformVersion: 5.14.0-427.37.1.el9_4.x86_64  CompilerName: GCC  CompilerVersion: 8.4.0
ProgramName: mris_jacobian  ProgramArguments: mris_jacobian -all-info  ProgramVersion: 7.3.2  TimeStamp: 2026/03/14-01:25:52-GMT  BuildTime: Aug  4 2022 06:17:15  BuildStamp: freesurfer-linux-ubuntu22_x86_64-7.3.2-20220804-6354275  User: oesteban  Machine: dna059  Platform: Linux  PlatformVersion: 5.14.0-427.37.1.el9_4.x86_64  CompilerName: GCC  CompilerVersion: 8.4.0
ProgramName: mris_label2annot  ProgramArguments: mris_label2annot -all-info  ProgramVersion: 7.3.2  TimeStamp: 2026/03/14-01:25:52-GMT  BuildTime: Aug  4 2022 06:17:15  BuildStamp: freesurfer-linux-ubuntu22_x86_64-7.3.2-20220804-6354275  User: oesteban  Machine: dna059  Platform: Linux  PlatformVersion: 5.14.0-427.37.1.el9_4.x86_64  CompilerName: GCC  CompilerVersion: 8.4.0
ProgramName: mris_left_right_register  ProgramArguments: mris_left_right_register -all-info  ProgramVersion: 7.3.2  TimeStamp: 2026/03/14-01:25:52-GMT  BuildTime: Aug  4 2022 06:17:15  BuildStamp: freesurfer-linux-ubuntu22_x86_64-7.3.2-20220804-6354275  User: oesteban  Machine: dna059  Platform: Linux  PlatformVersion: 5.14.0-427.37.1.el9_4.x86_64  CompilerName: GCC  CompilerVersion: 8.4.0
ProgramName: mris_place_surface  ProgramArguments: mris_place_surface -all-info  ProgramVersion: 7.3.2  TimeStamp: 2026/03/14-01:25:52-GMT  BuildTime: Aug  4 2022 06:17:15  BuildStamp: freesurfer-linux-ubuntu22_x86_64-7.3.2-20220804-6354275  User: oesteban  Machine: dna059  Platform: Linux  PlatformVersion: 5.14.0-427.37.1.el9_4.x86_64  CompilerName: GCC  CompilerVersion: 8.4.0
ProgramName: mrisp_paint  ProgramArguments: mrisp_paint -all-info  ProgramVersion: 7.3.2  TimeStamp: 2026/03/14-01:25:52-GMT  BuildTime: Aug  4 2022 06:17:15  BuildStamp: freesurfer-linux-ubuntu22_x86_64-7.3.2-20220804-6354275  User: oesteban  Machine: dna059  Platform: Linux  PlatformVersion: 5.14.0-427.37.1.el9_4.x86_64  CompilerName: GCC  CompilerVersion: 8.4.0
ProgramName: mris_register  ProgramArguments: mris_register -all-info  ProgramVersion: 7.3.2  TimeStamp: 2026/03/14-01:25:52-GMT  BuildTime: Aug  4 2022 06:17:15  BuildStamp: freesurfer-linux-ubuntu22_x86_64-7.3.2-20220804-6354275  User: oesteban  Machine: dna059  Platform: Linux  PlatformVersion: 5.14.0-427.37.1.el9_4.x86_64  CompilerName: GCC  CompilerVersion: 8.4.0
ProgramName: mris_smooth  ProgramArguments: mris_smooth -all-info  ProgramVersion: 7.3.2  TimeStamp: 2026/03/14-01:25:52-GMT  BuildTime: Aug  4 2022 06:17:15  BuildStamp: freesurfer-linux-ubuntu22_x86_64-7.3.2-20220804-6354275  User: oesteban  Machine: dna059  Platform: Linux  PlatformVersion: 5.14.0-427.37.1.el9_4.x86_64  CompilerName: GCC  CompilerVersion: 8.4.0
ProgramName: mris_sphere  ProgramArguments: mris_sphere -all-info  ProgramVersion: 7.3.2  TimeStamp: 2026/03/14-01:25:52-GMT  BuildTime: Aug  4 2022 06:17:15  BuildStamp: freesurfer-linux-ubuntu22_x86_64-7.3.2-20220804-6354275  User: oesteban  Machine: dna059  Platform: Linux  PlatformVersion: 5.14.0-427.37.1.el9_4.x86_64  CompilerName: GCC  CompilerVersion: 8.4.0
ProgramName: mris_surface_stats  ProgramArguments: mris_surface_stats -all-info  ProgramVersion: 7.3.2  TimeStamp: 2026/03/14-01:25:52-GMT  BuildTime: Aug  4 2022 06:17:15  BuildStamp: freesurfer-linux-ubuntu22_x86_64-7.3.2-20220804-6354275  User: oesteban  Machine: dna059  Platform: Linux  PlatformVersion: 5.14.0-427.37.1.el9_4.x86_64  CompilerName: GCC  CompilerVersion: 8.4.0
ProgramName: mri_stats2seg  ProgramArguments: mri_stats2seg -all-info  ProgramVersion: 7.3.2  TimeStamp: 2026/03/14-01:25:52-GMT  BuildTime: Aug  4 2022 06:17:15  BuildStamp: freesurfer-linux-ubuntu22_x86_64-7.3.2-20220804-6354275  User: oesteban  Machine: dna059  Platform: Linux  PlatformVersion: 5.14.0-427.37.1.el9_4.x86_64  CompilerName: GCC  CompilerVersion: 8.4.0
ProgramName: mris_thickness  ProgramArguments: mris_thickness -all-info  ProgramVersion: 7.3.2  TimeStamp: 2026/03/14-01:25:52-GMT  BuildTime: Aug  4 2022 06:17:15  BuildStamp: freesurfer-linux-ubuntu22_x86_64-7.3.2-20220804-6354275  User: oesteban  Machine: dna059  Platform: Linux  PlatformVersion: 5.14.0-427.37.1.el9_4.x86_64  CompilerName: GCC  CompilerVersion: 8.4.0
ProgramName: mris_thickness_diff  ProgramArguments: mris_thickness_diff -all-info  ProgramVersion: 7.3.2  TimeStamp: 2026/03/14-01:25:52-GMT  BuildTime: Aug  4 2022 06:17:15  BuildStamp: freesurfer-linux-ubuntu22_x86_64-7.3.2-20220804-6354275  User: oesteban  Machine: dna059  Platform: Linux  PlatformVersion: 5.14.0-427.37.1.el9_4.x86_64  CompilerName: GCC  CompilerVersion: 8.4.0
ProgramName: mris_topo_fixer  ProgramArguments: mris_topo_fixer -all-info  ProgramVersion: 7.3.2  TimeStamp: 2026/03/14-01:25:52-GMT  BuildTime: Aug  4 2022 06:17:15  BuildStamp: freesurfer-linux-ubuntu22_x86_64-7.3.2-20220804-6354275  User: oesteban  Machine: dna059  Platform: Linux  PlatformVersion: 5.14.0-427.37.1.el9_4.x86_64  CompilerName: GCC  CompilerVersion: 8.4.0
ProgramName: mri_surf2surf  ProgramArguments: mri_surf2surf -all-info  ProgramVersion: 7.3.2  TimeStamp: 2026/03/14-01:25:52-GMT  BuildTime: Aug  4 2022 06:17:15  BuildStamp: freesurfer-linux-ubuntu22_x86_64-7.3.2-20220804-6354275  User: oesteban  Machine: dna059  Platform: Linux  PlatformVersion: 5.14.0-427.37.1.el9_4.x86_64  CompilerName: GCC  CompilerVersion: 8.4.0
ProgramName: mri_surf2vol  ProgramArguments: mri_surf2vol -all-info  ProgramVersion: 7.3.2  TimeStamp: 2026/03/14-01:25:52-GMT  BuildTime: Aug  4 2022 06:17:15  BuildStamp: freesurfer-linux-ubuntu22_x86_64-7.3.2-20220804-6354275  User: oesteban  Machine: dna059  Platform: Linux  PlatformVersion: 5.14.0-427.37.1.el9_4.x86_64  CompilerName: GCC  CompilerVersion: 8.4.0
ProgramName: mri_surfcluster  ProgramArguments: mri_surfcluster -all-info  ProgramVersion: 7.3.2  TimeStamp: 2026/03/14-01:25:52-GMT  BuildTime: Aug  4 2022 06:17:15  BuildStamp: freesurfer-linux-ubuntu22_x86_64-7.3.2-20220804-6354275  User: oesteban  Machine: dna059  Platform: Linux  PlatformVersion: 5.14.0-427.37.1.el9_4.x86_64  CompilerName: GCC  CompilerVersion: 8.4.0
ProgramName: mris_volmask  ProgramArguments: mris_volmask -all-info  ProgramVersion: 7.3.2  TimeStamp: 2026/03/14-01:25:52-GMT  BuildTime: Aug  4 2022 06:17:15  BuildStamp: freesurfer-linux-ubuntu22_x86_64-7.3.2-20220804-6354275  User: oesteban  Machine: dna059  Platform: Linux  PlatformVersion: 5.14.0-427.37.1.el9_4.x86_64  CompilerName: GCC  CompilerVersion: 8.4.0
ProgramName: mri_tessellate  ProgramArguments: mri_tessellate -all-info  ProgramVersion: 7.3.2  TimeStamp: 2026/03/14-01:25:52-GMT  BuildTime: Aug  4 2022 06:17:15  BuildStamp: freesurfer-linux-ubuntu22_x86_64-7.3.2-20220804-6354275  User: oesteban  Machine: dna059  Platform: Linux  PlatformVersion: 5.14.0-427.37.1.el9_4.x86_64  CompilerName: GCC  CompilerVersion: 8.4.0
ProgramName: mri_vol2surf  ProgramArguments: mri_vol2surf -all-info  ProgramVersion: 7.3.2  TimeStamp: 2026/03/14-01:25:52-GMT  BuildTime: Aug  4 2022 06:17:15  BuildStamp: freesurfer-linux-ubuntu22_x86_64-7.3.2-20220804-6354275  User: oesteban  Machine: dna059  Platform: Linux  PlatformVersion: 5.14.0-427.37.1.el9_4.x86_64  CompilerName: GCC  CompilerVersion: 8.4.0
ProgramName: mri_vol2vol  ProgramArguments: mri_vol2vol -all-info  ProgramVersion: 7.3.2  TimeStamp: 2026/03/14-01:25:52-GMT  BuildTime: Aug  4 2022 06:17:15  BuildStamp: freesurfer-linux-ubuntu22_x86_64-7.3.2-20220804-6354275  User: oesteban  Machine: dna059  Platform: Linux  PlatformVersion: 5.14.0-427.37.1.el9_4.x86_64  CompilerName: GCC  CompilerVersion: 8.4.0
ProgramName: mri_voldiff  ProgramArguments: mri_voldiff -all-info  ProgramVersion: 7.3.2  TimeStamp: 2026/03/14-01:25:52-GMT  BuildTime: Aug  4 2022 06:17:15  BuildStamp: freesurfer-linux-ubuntu22_x86_64-7.3.2-20220804-6354275  User: oesteban  Machine: dna059  Platform: Linux  PlatformVersion: 5.14.0-427.37.1.el9_4.x86_64  CompilerName: GCC  CompilerVersion: 8.4.0
ProgramName: mri_watershed  ProgramArguments: mri_watershed -all-info  ProgramVersion: 7.3.2  TimeStamp: 2026/03/14-01:25:52-GMT  BuildTime: Aug  4 2022 06:17:15  BuildStamp: freesurfer-linux-ubuntu22_x86_64-7.3.2-20220804-6354275  User: oesteban  Machine: dna059  Platform: Linux  PlatformVersion: 5.14.0-427.37.1.el9_4.x86_64  CompilerName: GCC  CompilerVersion: 8.4.0
ProgramName: tkregister2  ProgramArguments: tkregister2_cmdl -all-info  ProgramVersion: 7.3.2  TimeStamp: 2026/03/14-01:25:52-GMT  BuildTime: Aug  4 2022 06:17:15  BuildStamp: freesurfer-linux-ubuntu22_x86_64-7.3.2-20220804-6354275  User: oesteban  Machine: dna059  Platform: Linux  PlatformVersion: 5.14.0-427.37.1.el9_4.x86_64  CompilerName: GCC  CompilerVersion: 8.4.0
mri_motion_correct.fsl 7.3.2
mri_convert -all-info 
ProgramName: mri_convert  ProgramArguments: mri_convert -all-info  ProgramVersion: 7.3.2  TimeStamp: 2026/03/14-01:25:52-GMT  BuildTime: Aug  4 2022 06:17:15  BuildStamp: freesurfer-linux-ubuntu22_x86_64-7.3.2-20220804-6354275  User: oesteban  Machine: dna059  Platform: Linux  PlatformVersion: 5.14.0-427.37.1.el9_4.x86_64  CompilerName: GCC  CompilerVersion: 8.4.0
Program nu_correct, built from:
Package MNI N3, version 1.12.0, compiled by nicks@terrier (x86_64-unknown-linux-gnu) on 2015-06-19 at 01:25:34
#######################################
GCADIR /opt/freesurfer/average
GCA RB_all_2020-01-02.gca
GCASkull RB_all_withskull_2020_01_02.gca
AvgCurvTif folding.atlas.acfb40.noaparc.i12.2016-08-02.tif
GCSDIR /opt/freesurfer/average
GCS DKaparc.atlas.acfb40.noaparc.i12.2016-08-02.gcs
#######################################
#@# white curv lh Sat Mar 14 02:25:53 CET 2026
cd /out/sourcedata/freesurfer/sub-v2s7x29797_ses-1/mri
mris_place_surface --curv-map ../surf/lh.white 2 10 ../surf/lh.curv
   Update not needed
#@# white area lh Sat Mar 14 02:25:53 CET 2026
cd /out/sourcedata/freesurfer/sub-v2s7x29797_ses-1/mri
mris_place_surface --area-map ../surf/lh.white ../surf/lh.area
   Update not needed
#@# pial curv lh Sat Mar 14 02:25:53 CET 2026
cd /out/sourcedata/freesurfer/sub-v2s7x29797_ses-1/mri
mris_place_surface --curv-map ../surf/lh.pial 2 10 ../surf/lh.curv.pial
   Update not needed
#@# pial area lh Sat Mar 14 02:25:53 CET 2026
cd /out/sourcedata/freesurfer/sub-v2s7x29797_ses-1/mri
mris_place_surface --area-map ../surf/lh.pial ../surf/lh.area.pial
   Update not needed
#@# thickness lh Sat Mar 14 02:25:53 CET 2026
cd /out/sourcedata/freesurfer/sub-v2s7x29797_ses-1/mri
mris_place_surface --thickness ../surf/lh.white ../surf/lh.pial 20 5 ../surf/lh.thickness
   Update not needed
#@# area and vertex vol lh Sat Mar 14 02:25:53 CET 2026
cd /out/sourcedata/freesurfer/sub-v2s7x29797_ses-1/mri
mris_place_surface --thickness ../surf/lh.white ../surf/lh.pial 20 5 ../surf/lh.thickness
   Update not needed
#@# white curv rh Sat Mar 14 02:25:53 CET 2026
cd /out/sourcedata/freesurfer/sub-v2s7x29797_ses-1/mri
mris_place_surface --curv-map ../surf/rh.white 2 10 ../surf/rh.curv
   Update not needed
#@# white area rh Sat Mar 14 02:25:53 CET 2026
cd /out/sourcedata/freesurfer/sub-v2s7x29797_ses-1/mri
mris_place_surface --area-map ../surf/rh.white ../surf/rh.area
   Update not needed
#@# pial curv rh Sat Mar 14 02:25:53 CET 2026
cd /out/sourcedata/freesurfer/sub-v2s7x29797_ses-1/mri
mris_place_surface --curv-map ../surf/rh.pial 2 10 ../surf/rh.curv.pial
   Update not needed
#@# pial area rh Sat Mar 14 02:25:53 CET 2026
cd /out/sourcedata/freesurfer/sub-v2s7x29797_ses-1/mri
mris_place_surface --area-map ../surf/rh.pial ../surf/rh.area.pial
   Update not needed
#@# thickness rh Sat Mar 14 02:25:53 CET 2026
cd /out/sourcedata/freesurfer/sub-v2s7x29797_ses-1/mri
mris_place_surface --thickness ../surf/rh.white ../surf/rh.pial 20 5 ../surf/rh.thickness
   Update not needed
#@# area and vertex vol rh Sat Mar 14 02:25:53 CET 2026
cd /out/sourcedata/freesurfer/sub-v2s7x29797_ses-1/mri
mris_place_surface --thickness ../surf/rh.white ../surf/rh.pial 20 5 ../surf/rh.thickness
   Update not needed
#--------------------------------------------
#@# Cortical ribbon mask Sat Mar 14 02:25:53 CET 2026
/out/sourcedata/freesurfer/sub-v2s7x29797_ses-1/mri

 mris_volmask --aseg_name aseg.presurf --label_left_white 2 --label_left_ribbon 3 --label_right_white 41 --label_right_ribbon 42 --save_ribbon sub-v2s7x29797_ses-1 

SUBJECTS_DIR is /out/sourcedata/freesurfer
loading input data...
Running hemis serially
Processing left hemi
computing distance to left white surface 
computing distance to left pial surface 
Processing right hemi
computing distance to right white surface 
computing distance to right pial surface 
 hemi masks overlap voxels = 140
writing volume /out/sourcedata/freesurfer/sub-v2s7x29797_ses-1/mri/ribbon.mgz
mris_volmask took 8.01 minutes
 writing ribbon files

Started at Sat Mar 14 02:25:52 CET 2026 
Ended   at Sat Mar 14 02:33:53 CET 2026
#@#%# recon-all-run-time-hours 0.134
recon-all -s sub-v2s7x29797_ses-1 finished without error at Sat Mar 14 02:33:53 CET 2026



#New# invocation of recon-all 




Sat Mar 14 02:40:54 CET 2026
cd /out/sourcedata/freesurfer/sub-v2s7x29797_ses-1
setenv SUBJECTS_DIR /out/sourcedata/freesurfer
/opt/freesurfer/bin/recon-all -autorecon3 -openmp 16 -subjid sub-v2s7x29797_ses-1 -sd /out/sourcedata/freesurfer -nosphere -nosurfreg -nojacobian_white -noavgcurv -nocortparc -nopial -noparcstats -nocortparc2 -noparcstats2 -nocortparc3 -noparcstats3 -nopctsurfcon -nocortribbon -nobalabels

subjid sub-v2s7x29797_ses-1
setenv SUBJECTS_DIR /out/sourcedata/freesurfer
FREESURFER_HOME /opt/freesurfer
Actual FREESURFER_HOME /opt/freesurfer
build-stamp.txt: freesurfer-linux-ubuntu22_x86_64-7.3.2-20220804-6354275
Linux dna059 5.14.0-427.37.1.el9_4.x86_64 #1 SMP PREEMPT_DYNAMIC Fri Sep 13 12:41:50 EDT 2024 x86_64 x86_64 x86_64 GNU/Linux
cputime      unlimited
filesize     unlimited
datasize     unlimited
stacksize    8192 kbytes
coredumpsize 0 kbytes
memoryuse    67108864 kbytes
vmemoryuse   unlimited
descriptors  1024 
memorylocked unlimited
maxproc      2061970 
maxlocks     unlimited
maxsignal    2061970 
maxmessage   819200 
maxnice      0 
maxrtprio    0 
maxrttime    unlimited

               total        used        free      shared  buff/cache   available
Mem:           503Gi        50Gi       411Gi        12Gi        41Gi       436Gi
Swap:             0B          0B          0B

########################################
program versions used
7.3.2 (freesurfer-linux-ubuntu22_x86_64-7.3.2-20220804-6354275)
7.3.2

ProgramName: lta_convert  ProgramArguments: lta_convert -all-info  ProgramVersion: 7.3.2  TimeStamp: 2026/03/14-01:40:54-GMT  BuildTime: Aug  4 2022 06:17:15  BuildStamp: freesurfer-linux-ubuntu22_x86_64-7.3.2-20220804-6354275  User: oesteban  Machine: dna059  Platform: Linux  PlatformVersion: 5.14.0-427.37.1.el9_4.x86_64  CompilerName: GCC  CompilerVersion: 8.4.0
ProgramName: mri_and  ProgramArguments: mri_and -all-info  ProgramVersion: 7.3.2  TimeStamp: 2026/03/14-01:40:54-GMT  BuildTime: Aug  4 2022 06:17:15  BuildStamp: freesurfer-linux-ubuntu22_x86_64-7.3.2-20220804-6354275  User: oesteban  Machine: dna059  Platform: Linux  PlatformVersion: 5.14.0-427.37.1.el9_4.x86_64  CompilerName: GCC  CompilerVersion: 8.4.0
ProgramName: mri_annotation2label  ProgramArguments: mri_annotation2label -all-info  ProgramVersion: 7.3.2  TimeStamp: 2026/03/14-01:40:54-GMT  BuildTime: Aug  4 2022 06:17:15  BuildStamp: freesurfer-linux-ubuntu22_x86_64-7.3.2-20220804-6354275  User: oesteban  Machine: dna059  Platform: Linux  PlatformVersion: 5.14.0-427.37.1.el9_4.x86_64  CompilerName: GCC  CompilerVersion: 8.4.0
ProgramName: mri_aparc2aseg  ProgramArguments: mri_aparc2aseg -all-info  ProgramVersion: 7.3.2  TimeStamp: 2026/03/14-01:40:54-GMT  BuildTime: Aug  4 2022 06:17:15  BuildStamp: freesurfer-linux-ubuntu22_x86_64-7.3.2-20220804-6354275  User: oesteban  Machine: dna059  Platform: Linux  PlatformVersion: 5.14.0-427.37.1.el9_4.x86_64  CompilerName: GCC  CompilerVersion: 8.4.0
ProgramName: mri_surf2volseg  ProgramArguments: mri_surf2volseg -all-info  ProgramVersion: 7.3.2  TimeStamp: 2026/03/14-01:40:54-GMT  BuildTime: Aug  4 2022 06:17:15  BuildStamp: freesurfer-linux-ubuntu22_x86_64-7.3.2-20220804-6354275  User: oesteban  Machine: dna059  Platform: Linux  PlatformVersion: 5.14.0-427.37.1.el9_4.x86_64  CompilerName: GCC  CompilerVersion: 8.4.0
ProgramName: mri_binarize  ProgramArguments: mri_binarize -all-info  ProgramVersion: 7.3.2  TimeStamp: 2026/03/14-01:40:54-GMT  BuildTime: Aug  4 2022 06:17:15  BuildStamp: freesurfer-linux-ubuntu22_x86_64-7.3.2-20220804-6354275  User: oesteban  Machine: dna059  Platform: Linux  PlatformVersion: 5.14.0-427.37.1.el9_4.x86_64  CompilerName: GCC  CompilerVersion: 8.4.0
ProgramName: mri_ca_label  ProgramArguments: mri_ca_label -all-info  ProgramVersion: 7.3.2  TimeStamp: 2026/03/14-01:40:54-GMT  BuildTime: Aug  4 2022 06:17:15  BuildStamp: freesurfer-linux-ubuntu22_x86_64-7.3.2-20220804-6354275  User: oesteban  Machine: dna059  Platform: Linux  PlatformVersion: 5.14.0-427.37.1.el9_4.x86_64  CompilerName: GCC  CompilerVersion: 8.4.0
ProgramName: mri_ca_normalize  ProgramArguments: mri_ca_normalize -all-info  ProgramVersion: 7.3.2  TimeStamp: 2026/03/14-01:40:54-GMT  BuildTime: Aug  4 2022 06:17:15  BuildStamp: freesurfer-linux-ubuntu22_x86_64-7.3.2-20220804-6354275  User: oesteban  Machine: dna059  Platform: Linux  PlatformVersion: 5.14.0-427.37.1.el9_4.x86_64  CompilerName: GCC  CompilerVersion: 8.4.0
ProgramName: mri_ca_register  ProgramArguments: mri_ca_register -all-info  ProgramVersion: 7.3.2  TimeStamp: 2026/03/14-01:40:54-GMT  BuildTime: Aug  4 2022 06:17:15  BuildStamp: freesurfer-linux-ubuntu22_x86_64-7.3.2-20220804-6354275  User: oesteban  Machine: dna059  Platform: Linux  PlatformVersion: 5.14.0-427.37.1.el9_4.x86_64  CompilerName: GCC  CompilerVersion: 8.4.0
ProgramName: mri_cc  ProgramArguments: mri_cc -all-info  ProgramVersion: 7.3.2  TimeStamp: 2026/03/14-01:40:54-GMT  BuildTime: Aug  4 2022 06:17:15  BuildStamp: freesurfer-linux-ubuntu22_x86_64-7.3.2-20220804-6354275  User: oesteban  Machine: dna059  Platform: Linux  PlatformVersion: 5.14.0-427.37.1.el9_4.x86_64  CompilerName: GCC  CompilerVersion: 8.4.0
ProgramName: mri_compute_overlap  ProgramArguments: mri_compute_overlap -all-info  ProgramVersion: 7.3.2  TimeStamp: 2026/03/14-01:40:54-GMT  BuildTime: Aug  4 2022 06:17:15  BuildStamp: freesurfer-linux-ubuntu22_x86_64-7.3.2-20220804-6354275  User: oesteban  Machine: dna059  Platform: Linux  PlatformVersion: 5.14.0-427.37.1.el9_4.x86_64  CompilerName: GCC  CompilerVersion: 8.4.0
ProgramName: mri_compute_seg_overlap  ProgramArguments: mri_compute_seg_overlap -all-info  ProgramVersion: 7.3.2  TimeStamp: 2026/03/14-01:40:54-GMT  BuildTime: Aug  4 2022 06:17:15  BuildStamp: freesurfer-linux-ubuntu22_x86_64-7.3.2-20220804-6354275  User: oesteban  Machine: dna059  Platform: Linux  PlatformVersion: 5.14.0-427.37.1.el9_4.x86_64  CompilerName: GCC  CompilerVersion: 8.4.0
ProgramName: mri_concat  ProgramArguments: mri_concat -all-info  ProgramVersion: 7.3.2  TimeStamp: 2026/03/14-01:40:54-GMT  BuildTime: Aug  4 2022 06:17:15  BuildStamp: freesurfer-linux-ubuntu22_x86_64-7.3.2-20220804-6354275  User: oesteban  Machine: dna059  Platform: Linux  PlatformVersion: 5.14.0-427.37.1.el9_4.x86_64  CompilerName: GCC  CompilerVersion: 8.4.0
ProgramName: mri_concatenate_lta  ProgramArguments: mri_concatenate_lta -all-info  ProgramVersion: 7.3.2  TimeStamp: 2026/03/14-01:40:54-GMT  BuildTime: Aug  4 2022 06:17:15  BuildStamp: freesurfer-linux-ubuntu22_x86_64-7.3.2-20220804-6354275  User: oesteban  Machine: dna059  Platform: Linux  PlatformVersion: 5.14.0-427.37.1.el9_4.x86_64  CompilerName: GCC  CompilerVersion: 8.4.0
mri_convert -all-info 
ProgramName: mri_convert  ProgramArguments: mri_convert -all-info  ProgramVersion: 7.3.2  TimeStamp: 2026/03/14-01:40:54-GMT  BuildTime: Aug  4 2022 06:17:15  BuildStamp: freesurfer-linux-ubuntu22_x86_64-7.3.2-20220804-6354275  User: oesteban  Machine: dna059  Platform: Linux  PlatformVersion: 5.14.0-427.37.1.el9_4.x86_64  CompilerName: GCC  CompilerVersion: 8.4.0
ProgramName: mri_diff  ProgramArguments: mri_diff -all-info  ProgramVersion: 7.3.2  TimeStamp: 2026/03/14-01:40:54-GMT  BuildTime: Aug  4 2022 06:17:15  BuildStamp: freesurfer-linux-ubuntu22_x86_64-7.3.2-20220804-6354275  User: oesteban  Machine: dna059  Platform: Linux  PlatformVersion: 5.14.0-427.37.1.el9_4.x86_64  CompilerName: GCC  CompilerVersion: 8.4.0
ProgramName: mri_edit_wm_with_aseg  ProgramArguments: mri_edit_wm_with_aseg -all-info  ProgramVersion: 7.3.2  TimeStamp: 2026/03/14-01:40:54-GMT  BuildTime: Aug  4 2022 06:17:15  BuildStamp: freesurfer-linux-ubuntu22_x86_64-7.3.2-20220804-6354275  User: oesteban  Machine: dna059  Platform: Linux  PlatformVersion: 5.14.0-427.37.1.el9_4.x86_64  CompilerName: GCC  CompilerVersion: 8.4.0
ProgramName: mri_em_register  ProgramArguments: mri_em_register -all-info  ProgramVersion: 7.3.2  TimeStamp: 2026/03/14-01:40:54-GMT  BuildTime: Aug  4 2022 06:17:15  BuildStamp: freesurfer-linux-ubuntu22_x86_64-7.3.2-20220804-6354275  User: oesteban  Machine: dna059  Platform: Linux  PlatformVersion: 5.14.0-427.37.1.el9_4.x86_64  CompilerName: GCC  CompilerVersion: 8.4.0
ProgramName: mri_fill  ProgramArguments: mri_fill -all-info  ProgramVersion: 7.3.2  TimeStamp: 2026/03/14-01:40:54-GMT  BuildTime: Aug  4 2022 06:17:15  BuildStamp: freesurfer-linux-ubuntu22_x86_64-7.3.2-20220804-6354275  User: oesteban  Machine: dna059  Platform: Linux  PlatformVersion: 5.14.0-427.37.1.el9_4.x86_64  CompilerName: GCC  CompilerVersion: 8.4.0
ProgramName: mri_fuse_segmentations  ProgramArguments: mri_fuse_segmentations -all-info  ProgramVersion: 7.3.2  TimeStamp: 2026/03/14-01:40:54-GMT  BuildTime: Aug  4 2022 06:17:15  BuildStamp: freesurfer-linux-ubuntu22_x86_64-7.3.2-20220804-6354275  User: oesteban  Machine: dna059  Platform: Linux  PlatformVersion: 5.14.0-427.37.1.el9_4.x86_64  CompilerName: GCC  CompilerVersion: 8.4.0
ProgramName: mri_fwhm  ProgramArguments: mri_fwhm -all-info  ProgramVersion: 7.3.2  TimeStamp: 2026/03/14-01:40:54-GMT  BuildTime: Aug  4 2022 06:17:15  BuildStamp: freesurfer-linux-ubuntu22_x86_64-7.3.2-20220804-6354275  User: oesteban  Machine: dna059  Platform: Linux  PlatformVersion: 5.14.0-427.37.1.el9_4.x86_64  CompilerName: GCC  CompilerVersion: 8.4.0
ProgramName: mri_gcut  ProgramArguments: mri_gcut -all-info  ProgramVersion: 7.3.2  TimeStamp: 2026/03/14-01:40:54-GMT  BuildTime: Aug  4 2022 06:17:15  BuildStamp: freesurfer-linux-ubuntu22_x86_64-7.3.2-20220804-6354275  User: oesteban  Machine: dna059  Platform: Linux  PlatformVersion: 5.14.0-427.37.1.el9_4.x86_64  CompilerName: GCC  CompilerVersion: 8.4.0
ProgramName: mri_info  ProgramArguments: mri_info -all-info  ProgramVersion: 7.3.2  TimeStamp: 2026/03/14-01:40:54-GMT  BuildTime: Aug  4 2022 06:17:15  BuildStamp: freesurfer-linux-ubuntu22_x86_64-7.3.2-20220804-6354275  User: oesteban  Machine: dna059  Platform: Linux  PlatformVersion: 5.14.0-427.37.1.el9_4.x86_64  CompilerName: GCC  CompilerVersion: 8.4.0
ProgramName: mri_label2label  ProgramArguments: mri_label2label -all-info  ProgramVersion: 7.3.2  TimeStamp: 2026/03/14-01:40:54-GMT  BuildTime: Aug  4 2022 06:17:15  BuildStamp: freesurfer-linux-ubuntu22_x86_64-7.3.2-20220804-6354275  User: oesteban  Machine: dna059  Platform: Linux  PlatformVersion: 5.14.0-427.37.1.el9_4.x86_64  CompilerName: GCC  CompilerVersion: 8.4.0
ProgramName: mri_label2vol  ProgramArguments: mri_label2vol -all-info  ProgramVersion: 7.3.2  TimeStamp: 2026/03/14-01:40:54-GMT  BuildTime: Aug  4 2022 06:17:15  BuildStamp: freesurfer-linux-ubuntu22_x86_64-7.3.2-20220804-6354275  User: oesteban  Machine: dna059  Platform: Linux  PlatformVersion: 5.14.0-427.37.1.el9_4.x86_64  CompilerName: GCC  CompilerVersion: 8.4.0
ProgramName: mri_log_likelihood  ProgramArguments: mri_log_likelihood -all-info  ProgramVersion: 7.3.2  TimeStamp: 2026/03/14-01:40:54-GMT  BuildTime: Aug  4 2022 06:17:15  BuildStamp: freesurfer-linux-ubuntu22_x86_64-7.3.2-20220804-6354275  User: oesteban  Machine: dna059  Platform: Linux  PlatformVersion: 5.14.0-427.37.1.el9_4.x86_64  CompilerName: GCC  CompilerVersion: 8.4.0
ProgramName: mri_mask  ProgramArguments: mri_mask -all-info  ProgramVersion: 7.3.2  TimeStamp: 2026/03/14-01:40:54-GMT  BuildTime: Aug  4 2022 06:17:15  BuildStamp: freesurfer-linux-ubuntu22_x86_64-7.3.2-20220804-6354275  User: oesteban  Machine: dna059  Platform: Linux  PlatformVersion: 5.14.0-427.37.1.el9_4.x86_64  CompilerName: GCC  CompilerVersion: 8.4.0
ProgramName: mri_matrix_multiply  ProgramArguments: mri_matrix_multiply -all-info  ProgramVersion: 7.3.2  TimeStamp: 2026/03/14-01:40:54-GMT  BuildTime: Aug  4 2022 06:17:15  BuildStamp: freesurfer-linux-ubuntu22_x86_64-7.3.2-20220804-6354275  User: oesteban  Machine: dna059  Platform: Linux  PlatformVersion: 5.14.0-427.37.1.el9_4.x86_64  CompilerName: GCC  CompilerVersion: 8.4.0
ProgramName: mri_normalize  ProgramArguments: mri_normalize -all-info  ProgramVersion: 7.3.2  TimeStamp: 2026/03/14-01:40:54-GMT  BuildTime: Aug  4 2022 06:17:15  BuildStamp: freesurfer-linux-ubuntu22_x86_64-7.3.2-20220804-6354275  User: oesteban  Machine: dna059  Platform: Linux  PlatformVersion: 5.14.0-427.37.1.el9_4.x86_64  CompilerName: GCC  CompilerVersion: 8.4.0
ProgramName: mri_normalize_tp2  ProgramArguments: mri_normalize_tp2 -all-info  ProgramVersion: 7.3.2  TimeStamp: 2026/03/14-01:40:54-GMT  BuildTime: Aug  4 2022 06:17:15  BuildStamp: freesurfer-linux-ubuntu22_x86_64-7.3.2-20220804-6354275  User: oesteban  Machine: dna059  Platform: Linux  PlatformVersion: 5.14.0-427.37.1.el9_4.x86_64  CompilerName: GCC  CompilerVersion: 8.4.0
ProgramName: mri_or  ProgramArguments: mri_or -all-info  ProgramVersion: 7.3.2  TimeStamp: 2026/03/14-01:40:54-GMT  BuildTime: Aug  4 2022 06:17:15  BuildStamp: freesurfer-linux-ubuntu22_x86_64-7.3.2-20220804-6354275  User: oesteban  Machine: dna059  Platform: Linux  PlatformVersion: 5.14.0-427.37.1.el9_4.x86_64  CompilerName: GCC  CompilerVersion: 8.4.0
ProgramName: mri_relabel_hypointensities  ProgramArguments: mri_relabel_hypointensities -all-info  ProgramVersion: 7.3.2  TimeStamp: 2026/03/14-01:40:54-GMT  BuildTime: Aug  4 2022 06:17:15  BuildStamp: freesurfer-linux-ubuntu22_x86_64-7.3.2-20220804-6354275  User: oesteban  Machine: dna059  Platform: Linux  PlatformVersion: 5.14.0-427.37.1.el9_4.x86_64  CompilerName: GCC  CompilerVersion: 8.4.0
ProgramName: mri_relabel_nonwm_hypos  ProgramArguments: mri_relabel_nonwm_hypos -all-info  ProgramVersion: 7.3.2  TimeStamp: 2026/03/14-01:40:54-GMT  BuildTime: Aug  4 2022 06:17:15  BuildStamp: freesurfer-linux-ubuntu22_x86_64-7.3.2-20220804-6354275  User: oesteban  Machine: dna059  Platform: Linux  PlatformVersion: 5.14.0-427.37.1.el9_4.x86_64  CompilerName: GCC  CompilerVersion: 8.4.0
ProgramName: mri_remove_neck  ProgramArguments: mri_remove_neck -all-info  ProgramVersion: 7.3.2  TimeStamp: 2026/03/14-01:40:54-GMT  BuildTime: Aug  4 2022 06:17:15  BuildStamp: freesurfer-linux-ubuntu22_x86_64-7.3.2-20220804-6354275  User: oesteban  Machine: dna059  Platform: Linux  PlatformVersion: 5.14.0-427.37.1.el9_4.x86_64  CompilerName: GCC  CompilerVersion: 8.4.0
7.3.2

ProgramName: mri_robust_register  ProgramArguments: mri_robust_register -all-info  ProgramVersion: 7.3.2  TimeStamp: 2026/03/14-01:40:54-GMT  BuildTime: Aug  4 2022 06:17:15  BuildStamp: freesurfer-linux-ubuntu22_x86_64-7.3.2-20220804-6354275  User: oesteban  Machine: dna059  Platform: Linux  PlatformVersion: 5.14.0-427.37.1.el9_4.x86_64  CompilerName: GCC  CompilerVersion: 8.4.0
7.3.2

ProgramName: mri_robust_template  ProgramArguments: mri_robust_template -all-info  ProgramVersion: 7.3.2  TimeStamp: 2026/03/14-01:40:54-GMT  BuildTime: Aug  4 2022 06:17:15  BuildStamp: freesurfer-linux-ubuntu22_x86_64-7.3.2-20220804-6354275  User: oesteban  Machine: dna059  Platform: Linux  PlatformVersion: 5.14.0-427.37.1.el9_4.x86_64  CompilerName: GCC  CompilerVersion: 8.4.0
ProgramName: mris_anatomical_stats  ProgramArguments: mris_anatomical_stats -all-info  ProgramVersion: 7.3.2  TimeStamp: 2026/03/14-01:40:54-GMT  BuildTime: Aug  4 2022 06:17:15  BuildStamp: freesurfer-linux-ubuntu22_x86_64-7.3.2-20220804-6354275  User: oesteban  Machine: dna059  Platform: Linux  PlatformVersion: 5.14.0-427.37.1.el9_4.x86_64  CompilerName: GCC  CompilerVersion: 8.4.0
ProgramName: mris_ca_label  ProgramArguments: mris_ca_label -all-info  ProgramVersion: 7.3.2  TimeStamp: 2026/03/14-01:40:54-GMT  BuildTime: Aug  4 2022 06:17:15  BuildStamp: freesurfer-linux-ubuntu22_x86_64-7.3.2-20220804-6354275  User: oesteban  Machine: dna059  Platform: Linux  PlatformVersion: 5.14.0-427.37.1.el9_4.x86_64  CompilerName: GCC  CompilerVersion: 8.4.0
ProgramName: mris_calc  ProgramArguments: mris_calc -all-info  ProgramVersion: 7.3.2  TimeStamp: 2026/03/14-01:40:54-GMT  BuildTime: Aug  4 2022 06:17:15  BuildStamp: freesurfer-linux-ubuntu22_x86_64-7.3.2-20220804-6354275  User: oesteban  Machine: dna059  Platform: Linux  PlatformVersion: 5.14.0-427.37.1.el9_4.x86_64  CompilerName: GCC  CompilerVersion: 8.4.0
ProgramName: mris_convert  ProgramArguments: mris_convert -all-info  ProgramVersion: 7.3.2  TimeStamp: 2026/03/14-01:40:54-GMT  BuildTime: Aug  4 2022 06:17:15  BuildStamp: freesurfer-linux-ubuntu22_x86_64-7.3.2-20220804-6354275  User: oesteban  Machine: dna059  Platform: Linux  PlatformVersion: 5.14.0-427.37.1.el9_4.x86_64  CompilerName: GCC  CompilerVersion: 8.4.0
ProgramName: mris_curvature  ProgramArguments: mris_curvature -all-info  ProgramVersion: 7.3.2  TimeStamp: 2026/03/14-01:40:54-GMT  BuildTime: Aug  4 2022 06:17:15  BuildStamp: freesurfer-linux-ubuntu22_x86_64-7.3.2-20220804-6354275  User: oesteban  Machine: dna059  Platform: Linux  PlatformVersion: 5.14.0-427.37.1.el9_4.x86_64  CompilerName: GCC  CompilerVersion: 8.4.0
ProgramName: mris_curvature_stats  ProgramArguments: mris_curvature_stats -all-info  ProgramVersion: 7.3.2  TimeStamp: 2026/03/14-01:40:54-GMT  BuildTime: Aug  4 2022 06:17:15  BuildStamp: freesurfer-linux-ubuntu22_x86_64-7.3.2-20220804-6354275  User: oesteban  Machine: dna059  Platform: Linux  PlatformVersion: 5.14.0-427.37.1.el9_4.x86_64  CompilerName: GCC  CompilerVersion: 8.4.0
ProgramName: mris_diff  ProgramArguments: mris_diff -all-info  ProgramVersion: 7.3.2  TimeStamp: 2026/03/14-01:40:54-GMT  BuildTime: Aug  4 2022 06:17:15  BuildStamp: freesurfer-linux-ubuntu22_x86_64-7.3.2-20220804-6354275  User: oesteban  Machine: dna059  Platform: Linux  PlatformVersion: 5.14.0-427.37.1.el9_4.x86_64  CompilerName: GCC  CompilerVersion: 8.4.0
ProgramName: mris_divide_parcellation  ProgramArguments: mris_divide_parcellation -all-info  ProgramVersion: 7.3.2  TimeStamp: 2026/03/14-01:40:54-GMT  BuildTime: Aug  4 2022 06:17:15  BuildStamp: freesurfer-linux-ubuntu22_x86_64-7.3.2-20220804-6354275  User: oesteban  Machine: dna059  Platform: Linux  PlatformVersion: 5.14.0-427.37.1.el9_4.x86_64  CompilerName: GCC  CompilerVersion: 8.4.0
ProgramName: mri_segment  ProgramArguments: mri_segment -all-info  ProgramVersion: 7.3.2  TimeStamp: 2026/03/14-01:40:54-GMT  BuildTime: Aug  4 2022 06:17:15  BuildStamp: freesurfer-linux-ubuntu22_x86_64-7.3.2-20220804-6354275  User: oesteban  Machine: dna059  Platform: Linux  PlatformVersion: 5.14.0-427.37.1.el9_4.x86_64  CompilerName: GCC  CompilerVersion: 8.4.0
ProgramName: mri_segstats  ProgramArguments: mri_segstats -all-info  ProgramVersion: 7.3.2  TimeStamp: 2026/03/14-01:40:55-GMT  BuildTime: Aug  4 2022 06:17:15  BuildStamp: freesurfer-linux-ubuntu22_x86_64-7.3.2-20220804-6354275  User: oesteban  Machine: dna059  Platform: Linux  PlatformVersion: 5.14.0-427.37.1.el9_4.x86_64  CompilerName: GCC  CompilerVersion: 8.4.0
ProgramName: mris_euler_number  ProgramArguments: mris_euler_number -all-info  ProgramVersion: 7.3.2  TimeStamp: 2026/03/14-01:40:55-GMT  BuildTime: Aug  4 2022 06:17:15  BuildStamp: freesurfer-linux-ubuntu22_x86_64-7.3.2-20220804-6354275  User: oesteban  Machine: dna059  Platform: Linux  PlatformVersion: 5.14.0-427.37.1.el9_4.x86_64  CompilerName: GCC  CompilerVersion: 8.4.0
ProgramName: mris_fix_topology  ProgramArguments: mris_fix_topology -all-info  ProgramVersion: 7.3.2  TimeStamp: 2026/03/14-01:40:55-GMT  BuildTime: Aug  4 2022 06:17:15  BuildStamp: freesurfer-linux-ubuntu22_x86_64-7.3.2-20220804-6354275  User: oesteban  Machine: dna059  Platform: Linux  PlatformVersion: 5.14.0-427.37.1.el9_4.x86_64  CompilerName: GCC  CompilerVersion: 8.4.0
ProgramName: mris_topo_fixer  ProgramArguments: mris_topo_fixer -all-info  ProgramVersion: 7.3.2  TimeStamp: 2026/03/14-01:40:55-GMT  BuildTime: Aug  4 2022 06:17:15  BuildStamp: freesurfer-linux-ubuntu22_x86_64-7.3.2-20220804-6354275  User: oesteban  Machine: dna059  Platform: Linux  PlatformVersion: 5.14.0-427.37.1.el9_4.x86_64  CompilerName: GCC  CompilerVersion: 8.4.0
ProgramName: mris_jacobian  ProgramArguments: mris_jacobian -all-info  ProgramVersion: 7.3.2  TimeStamp: 2026/03/14-01:40:55-GMT  BuildTime: Aug  4 2022 06:17:15  BuildStamp: freesurfer-linux-ubuntu22_x86_64-7.3.2-20220804-6354275  User: oesteban  Machine: dna059  Platform: Linux  PlatformVersion: 5.14.0-427.37.1.el9_4.x86_64  CompilerName: GCC  CompilerVersion: 8.4.0
ProgramName: mris_label2annot  ProgramArguments: mris_label2annot -all-info  ProgramVersion: 7.3.2  TimeStamp: 2026/03/14-01:40:55-GMT  BuildTime: Aug  4 2022 06:17:15  BuildStamp: freesurfer-linux-ubuntu22_x86_64-7.3.2-20220804-6354275  User: oesteban  Machine: dna059  Platform: Linux  PlatformVersion: 5.14.0-427.37.1.el9_4.x86_64  CompilerName: GCC  CompilerVersion: 8.4.0
ProgramName: mris_left_right_register  ProgramArguments: mris_left_right_register -all-info  ProgramVersion: 7.3.2  TimeStamp: 2026/03/14-01:40:55-GMT  BuildTime: Aug  4 2022 06:17:15  BuildStamp: freesurfer-linux-ubuntu22_x86_64-7.3.2-20220804-6354275  User: oesteban  Machine: dna059  Platform: Linux  PlatformVersion: 5.14.0-427.37.1.el9_4.x86_64  CompilerName: GCC  CompilerVersion: 8.4.0
ProgramName: mris_place_surface  ProgramArguments: mris_place_surface -all-info  ProgramVersion: 7.3.2  TimeStamp: 2026/03/14-01:40:55-GMT  BuildTime: Aug  4 2022 06:17:15  BuildStamp: freesurfer-linux-ubuntu22_x86_64-7.3.2-20220804-6354275  User: oesteban  Machine: dna059  Platform: Linux  PlatformVersion: 5.14.0-427.37.1.el9_4.x86_64  CompilerName: GCC  CompilerVersion: 8.4.0
ProgramName: mrisp_paint  ProgramArguments: mrisp_paint -all-info  ProgramVersion: 7.3.2  TimeStamp: 2026/03/14-01:40:55-GMT  BuildTime: Aug  4 2022 06:17:15  BuildStamp: freesurfer-linux-ubuntu22_x86_64-7.3.2-20220804-6354275  User: oesteban  Machine: dna059  Platform: Linux  PlatformVersion: 5.14.0-427.37.1.el9_4.x86_64  CompilerName: GCC  CompilerVersion: 8.4.0
ProgramName: mris_register  ProgramArguments: mris_register -all-info  ProgramVersion: 7.3.2  TimeStamp: 2026/03/14-01:40:55-GMT  BuildTime: Aug  4 2022 06:17:15  BuildStamp: freesurfer-linux-ubuntu22_x86_64-7.3.2-20220804-6354275  User: oesteban  Machine: dna059  Platform: Linux  PlatformVersion: 5.14.0-427.37.1.el9_4.x86_64  CompilerName: GCC  CompilerVersion: 8.4.0
ProgramName: mris_smooth  ProgramArguments: mris_smooth -all-info  ProgramVersion: 7.3.2  TimeStamp: 2026/03/14-01:40:55-GMT  BuildTime: Aug  4 2022 06:17:15  BuildStamp: freesurfer-linux-ubuntu22_x86_64-7.3.2-20220804-6354275  User: oesteban  Machine: dna059  Platform: Linux  PlatformVersion: 5.14.0-427.37.1.el9_4.x86_64  CompilerName: GCC  CompilerVersion: 8.4.0
ProgramName: mris_sphere  ProgramArguments: mris_sphere -all-info  ProgramVersion: 7.3.2  TimeStamp: 2026/03/14-01:40:55-GMT  BuildTime: Aug  4 2022 06:17:15  BuildStamp: freesurfer-linux-ubuntu22_x86_64-7.3.2-20220804-6354275  User: oesteban  Machine: dna059  Platform: Linux  PlatformVersion: 5.14.0-427.37.1.el9_4.x86_64  CompilerName: GCC  CompilerVersion: 8.4.0
ProgramName: mris_surface_stats  ProgramArguments: mris_surface_stats -all-info  ProgramVersion: 7.3.2  TimeStamp: 2026/03/14-01:40:55-GMT  BuildTime: Aug  4 2022 06:17:15  BuildStamp: freesurfer-linux-ubuntu22_x86_64-7.3.2-20220804-6354275  User: oesteban  Machine: dna059  Platform: Linux  PlatformVersion: 5.14.0-427.37.1.el9_4.x86_64  CompilerName: GCC  CompilerVersion: 8.4.0
ProgramName: mri_stats2seg  ProgramArguments: mri_stats2seg -all-info  ProgramVersion: 7.3.2  TimeStamp: 2026/03/14-01:40:55-GMT  BuildTime: Aug  4 2022 06:17:15  BuildStamp: freesurfer-linux-ubuntu22_x86_64-7.3.2-20220804-6354275  User: oesteban  Machine: dna059  Platform: Linux  PlatformVersion: 5.14.0-427.37.1.el9_4.x86_64  CompilerName: GCC  CompilerVersion: 8.4.0
ProgramName: mris_thickness  ProgramArguments: mris_thickness -all-info  ProgramVersion: 7.3.2  TimeStamp: 2026/03/14-01:40:55-GMT  BuildTime: Aug  4 2022 06:17:15  BuildStamp: freesurfer-linux-ubuntu22_x86_64-7.3.2-20220804-6354275  User: oesteban  Machine: dna059  Platform: Linux  PlatformVersion: 5.14.0-427.37.1.el9_4.x86_64  CompilerName: GCC  CompilerVersion: 8.4.0
ProgramName: mris_thickness_diff  ProgramArguments: mris_thickness_diff -all-info  ProgramVersion: 7.3.2  TimeStamp: 2026/03/14-01:40:55-GMT  BuildTime: Aug  4 2022 06:17:15  BuildStamp: freesurfer-linux-ubuntu22_x86_64-7.3.2-20220804-6354275  User: oesteban  Machine: dna059  Platform: Linux  PlatformVersion: 5.14.0-427.37.1.el9_4.x86_64  CompilerName: GCC  CompilerVersion: 8.4.0
ProgramName: mris_topo_fixer  ProgramArguments: mris_topo_fixer -all-info  ProgramVersion: 7.3.2  TimeStamp: 2026/03/14-01:40:55-GMT  BuildTime: Aug  4 2022 06:17:15  BuildStamp: freesurfer-linux-ubuntu22_x86_64-7.3.2-20220804-6354275  User: oesteban  Machine: dna059  Platform: Linux  PlatformVersion: 5.14.0-427.37.1.el9_4.x86_64  CompilerName: GCC  CompilerVersion: 8.4.0
ProgramName: mri_surf2surf  ProgramArguments: mri_surf2surf -all-info  ProgramVersion: 7.3.2  TimeStamp: 2026/03/14-01:40:55-GMT  BuildTime: Aug  4 2022 06:17:15  BuildStamp: freesurfer-linux-ubuntu22_x86_64-7.3.2-20220804-6354275  User: oesteban  Machine: dna059  Platform: Linux  PlatformVersion: 5.14.0-427.37.1.el9_4.x86_64  CompilerName: GCC  CompilerVersion: 8.4.0
ProgramName: mri_surf2vol  ProgramArguments: mri_surf2vol -all-info  ProgramVersion: 7.3.2  TimeStamp: 2026/03/14-01:40:55-GMT  BuildTime: Aug  4 2022 06:17:15  BuildStamp: freesurfer-linux-ubuntu22_x86_64-7.3.2-20220804-6354275  User: oesteban  Machine: dna059  Platform: Linux  PlatformVersion: 5.14.0-427.37.1.el9_4.x86_64  CompilerName: GCC  CompilerVersion: 8.4.0
ProgramName: mri_surfcluster  ProgramArguments: mri_surfcluster -all-info  ProgramVersion: 7.3.2  TimeStamp: 2026/03/14-01:40:55-GMT  BuildTime: Aug  4 2022 06:17:15  BuildStamp: freesurfer-linux-ubuntu22_x86_64-7.3.2-20220804-6354275  User: oesteban  Machine: dna059  Platform: Linux  PlatformVersion: 5.14.0-427.37.1.el9_4.x86_64  CompilerName: GCC  CompilerVersion: 8.4.0
ProgramName: mris_volmask  ProgramArguments: mris_volmask -all-info  ProgramVersion: 7.3.2  TimeStamp: 2026/03/14-01:40:55-GMT  BuildTime: Aug  4 2022 06:17:15  BuildStamp: freesurfer-linux-ubuntu22_x86_64-7.3.2-20220804-6354275  User: oesteban  Machine: dna059  Platform: Linux  PlatformVersion: 5.14.0-427.37.1.el9_4.x86_64  CompilerName: GCC  CompilerVersion: 8.4.0
ProgramName: mri_tessellate  ProgramArguments: mri_tessellate -all-info  ProgramVersion: 7.3.2  TimeStamp: 2026/03/14-01:40:55-GMT  BuildTime: Aug  4 2022 06:17:15  BuildStamp: freesurfer-linux-ubuntu22_x86_64-7.3.2-20220804-6354275  User: oesteban  Machine: dna059  Platform: Linux  PlatformVersion: 5.14.0-427.37.1.el9_4.x86_64  CompilerName: GCC  CompilerVersion: 8.4.0
ProgramName: mri_vol2surf  ProgramArguments: mri_vol2surf -all-info  ProgramVersion: 7.3.2  TimeStamp: 2026/03/14-01:40:55-GMT  BuildTime: Aug  4 2022 06:17:15  BuildStamp: freesurfer-linux-ubuntu22_x86_64-7.3.2-20220804-6354275  User: oesteban  Machine: dna059  Platform: Linux  PlatformVersion: 5.14.0-427.37.1.el9_4.x86_64  CompilerName: GCC  CompilerVersion: 8.4.0
ProgramName: mri_vol2vol  ProgramArguments: mri_vol2vol -all-info  ProgramVersion: 7.3.2  TimeStamp: 2026/03/14-01:40:55-GMT  BuildTime: Aug  4 2022 06:17:15  BuildStamp: freesurfer-linux-ubuntu22_x86_64-7.3.2-20220804-6354275  User: oesteban  Machine: dna059  Platform: Linux  PlatformVersion: 5.14.0-427.37.1.el9_4.x86_64  CompilerName: GCC  CompilerVersion: 8.4.0
ProgramName: mri_voldiff  ProgramArguments: mri_voldiff -all-info  ProgramVersion: 7.3.2  TimeStamp: 2026/03/14-01:40:55-GMT  BuildTime: Aug  4 2022 06:17:15  BuildStamp: freesurfer-linux-ubuntu22_x86_64-7.3.2-20220804-6354275  User: oesteban  Machine: dna059  Platform: Linux  PlatformVersion: 5.14.0-427.37.1.el9_4.x86_64  CompilerName: GCC  CompilerVersion: 8.4.0
ProgramName: mri_watershed  ProgramArguments: mri_watershed -all-info  ProgramVersion: 7.3.2  TimeStamp: 2026/03/14-01:40:55-GMT  BuildTime: Aug  4 2022 06:17:15  BuildStamp: freesurfer-linux-ubuntu22_x86_64-7.3.2-20220804-6354275  User: oesteban  Machine: dna059  Platform: Linux  PlatformVersion: 5.14.0-427.37.1.el9_4.x86_64  CompilerName: GCC  CompilerVersion: 8.4.0
ProgramName: tkregister2  ProgramArguments: tkregister2_cmdl -all-info  ProgramVersion: 7.3.2  TimeStamp: 2026/03/14-01:40:55-GMT  BuildTime: Aug  4 2022 06:17:15  BuildStamp: freesurfer-linux-ubuntu22_x86_64-7.3.2-20220804-6354275  User: oesteban  Machine: dna059  Platform: Linux  PlatformVersion: 5.14.0-427.37.1.el9_4.x86_64  CompilerName: GCC  CompilerVersion: 8.4.0
mri_motion_correct.fsl 7.3.2
mri_convert -all-info 
ProgramName: mri_convert  ProgramArguments: mri_convert -all-info  ProgramVersion: 7.3.2  TimeStamp: 2026/03/14-01:40:55-GMT  BuildTime: Aug  4 2022 06:17:15  BuildStamp: freesurfer-linux-ubuntu22_x86_64-7.3.2-20220804-6354275  User: oesteban  Machine: dna059  Platform: Linux  PlatformVersion: 5.14.0-427.37.1.el9_4.x86_64  CompilerName: GCC  CompilerVersion: 8.4.0
Program nu_correct, built from:
Package MNI N3, version 1.12.0, compiled by nicks@terrier (x86_64-unknown-linux-gnu) on 2015-06-19 at 01:25:34
#######################################
GCADIR /opt/freesurfer/average
GCA RB_all_2020-01-02.gca
GCASkull RB_all_withskull_2020_01_02.gca
AvgCurvTif folding.atlas.acfb40.noaparc.i12.2016-08-02.tif
GCSDIR /opt/freesurfer/average
GCS DKaparc.atlas.acfb40.noaparc.i12.2016-08-02.gcs
#######################################
#--------------------------------------------
#@# WhiteSurfs lh Sat Mar 14 02:40:55 CET 2026
cd /out/sourcedata/freesurfer/sub-v2s7x29797_ses-1/mri
mris_place_surface --adgws-in ../surf/autodet.gw.stats.lh.dat --seg aseg.presurf.mgz --threads 16 --wm wm.mgz --invol brain.finalsurfs.mgz --lh --i ../surf/lh.white.preaparc --o ../surf/lh.white --white --nsmooth 0 --rip-label ../label/lh.cortex.label --rip-bg --rip-surf ../surf/lh.white.preaparc --aparc ../label/lh.aparc.annot
   Update not needed
#--------------------------------------------
#@# WhiteSurfs rh Sat Mar 14 02:40:55 CET 2026
cd /out/sourcedata/freesurfer/sub-v2s7x29797_ses-1/mri
mris_place_surface --adgws-in ../surf/autodet.gw.stats.rh.dat --seg aseg.presurf.mgz --threads 16 --wm wm.mgz --invol brain.finalsurfs.mgz --rh --i ../surf/rh.white.preaparc --o ../surf/rh.white --white --nsmooth 0 --rip-label ../label/rh.cortex.label --rip-bg --rip-surf ../surf/rh.white.preaparc --aparc ../label/rh.aparc.annot
   Update not needed
#@# white curv lh Sat Mar 14 02:40:55 CET 2026
cd /out/sourcedata/freesurfer/sub-v2s7x29797_ses-1/mri
mris_place_surface --curv-map ../surf/lh.white 2 10 ../surf/lh.curv
   Update not needed
#@# white area lh Sat Mar 14 02:40:55 CET 2026
cd /out/sourcedata/freesurfer/sub-v2s7x29797_ses-1/mri
mris_place_surface --area-map ../surf/lh.white ../surf/lh.area
   Update not needed
#@# pial curv lh Sat Mar 14 02:40:55 CET 2026
cd /out/sourcedata/freesurfer/sub-v2s7x29797_ses-1/mri
mris_place_surface --curv-map ../surf/lh.pial 2 10 ../surf/lh.curv.pial
   Update not needed
#@# pial area lh Sat Mar 14 02:40:55 CET 2026
cd /out/sourcedata/freesurfer/sub-v2s7x29797_ses-1/mri
mris_place_surface --area-map ../surf/lh.pial ../surf/lh.area.pial
   Update not needed
#@# thickness lh Sat Mar 14 02:40:55 CET 2026
cd /out/sourcedata/freesurfer/sub-v2s7x29797_ses-1/mri
mris_place_surface --thickness ../surf/lh.white ../surf/lh.pial 20 5 ../surf/lh.thickness
   Update not needed
#@# area and vertex vol lh Sat Mar 14 02:40:55 CET 2026
cd /out/sourcedata/freesurfer/sub-v2s7x29797_ses-1/mri
mris_place_surface --thickness ../surf/lh.white ../surf/lh.pial 20 5 ../surf/lh.thickness
   Update not needed
#@# white curv rh Sat Mar 14 02:40:55 CET 2026
cd /out/sourcedata/freesurfer/sub-v2s7x29797_ses-1/mri
mris_place_surface --curv-map ../surf/rh.white 2 10 ../surf/rh.curv
   Update not needed
#@# white area rh Sat Mar 14 02:40:55 CET 2026
cd /out/sourcedata/freesurfer/sub-v2s7x29797_ses-1/mri
mris_place_surface --area-map ../surf/rh.white ../surf/rh.area
   Update not needed
#@# pial curv rh Sat Mar 14 02:40:55 CET 2026
cd /out/sourcedata/freesurfer/sub-v2s7x29797_ses-1/mri
mris_place_surface --curv-map ../surf/rh.pial 2 10 ../surf/rh.curv.pial
   Update not needed
#@# pial area rh Sat Mar 14 02:40:55 CET 2026
cd /out/sourcedata/freesurfer/sub-v2s7x29797_ses-1/mri
mris_place_surface --area-map ../surf/rh.pial ../surf/rh.area.pial
   Update not needed
#@# thickness rh Sat Mar 14 02:40:55 CET 2026
cd /out/sourcedata/freesurfer/sub-v2s7x29797_ses-1/mri
mris_place_surface --thickness ../surf/rh.white ../surf/rh.pial 20 5 ../surf/rh.thickness
   Update not needed
#@# area and vertex vol rh Sat Mar 14 02:40:55 CET 2026
cd /out/sourcedata/freesurfer/sub-v2s7x29797_ses-1/mri
mris_place_surface --thickness ../surf/rh.white ../surf/rh.pial 20 5 ../surf/rh.thickness
   Update not needed

#-----------------------------------------
#@# Curvature Stats lh Sat Mar 14 02:40:55 CET 2026
/out/sourcedata/freesurfer/sub-v2s7x29797_ses-1/surf

 mris_curvature_stats -m --writeCurvatureFiles -G -o ../stats/lh.curv.stats -F smoothwm sub-v2s7x29797_ses-1 lh curv sulc 

             Toggling save flag on curvature files                       [ ok ]
                 Outputting results using filestem   [ ../stats/lh.curv.stats ]
             Toggling save flag on curvature files                       [ ok ]
                                   Setting surface [ sub-v2s7x29797_ses-1/lh.smoothwm ]
                                Reading surface...                       [ ok ]
                                   Setting texture                     [ curv ]
                                Reading texture...                       [ ok ]
                                   Setting texture                     [ sulc ]
                                Reading texture...Gb_filter = 0
                       [ ok ]
      Calculating Discrete Principal Curvatures...
      Determining geometric order for vno faces... [####################] [ ok ]
                      Determining KH curvatures... [####################] [ ok ]
                    Determining k1k2 curvatures... [####################] [ ok ]
                                   deltaViolations                      [ 256 ]
Gb_filter = 0

WARN:    S lookup   min:                          -0.012412
WARN:    S explicit min:                          0.000000	vertex = 356

#-----------------------------------------
#@# Curvature Stats rh Sat Mar 14 02:40:58 CET 2026
/out/sourcedata/freesurfer/sub-v2s7x29797_ses-1/surf

 mris_curvature_stats -m --writeCurvatureFiles -G -o ../stats/rh.curv.stats -F smoothwm sub-v2s7x29797_ses-1 rh curv sulc 

             Toggling save flag on curvature files                       [ ok ]
                 Outputting results using filestem   [ ../stats/rh.curv.stats ]
             Toggling save flag on curvature files                       [ ok ]
                                   Setting surface [ sub-v2s7x29797_ses-1/rh.smoothwm ]
                                Reading surface...                       [ ok ]
                                   Setting texture                     [ curv ]
                                Reading texture...                       [ ok ]
                                   Setting texture                     [ sulc ]
                                Reading texture...Gb_filter = 0
                       [ ok ]
      Calculating Discrete Principal Curvatures...
      Determining geometric order for vno faces... [####################] [ ok ]
                      Determining KH curvatures... [####################] [ ok ]
                    Determining k1k2 curvatures... [####################] [ ok ]
                                   deltaViolations                      [ 254 ]
Gb_filter = 0

WARN:    S lookup   min:                          -0.083910
WARN:    S explicit min:                          0.000000	vertex = 180
#-----------------------------------------
#@# Relabel Hypointensities Sat Mar 14 02:41:01 CET 2026
/out/sourcedata/freesurfer/sub-v2s7x29797_ses-1/mri

 mri_relabel_hypointensities aseg.presurf.mgz ../surf aseg.presurf.hypos.mgz 

reading input surface ../surf/lh.white...
relabeling lh hypointensities...
5898 voxels changed to hypointensity...
reading input surface ../surf/rh.white...
relabeling rh hypointensities...
5664 voxels changed to hypointensity...
11607 hypointense voxels neighboring cortex changed
#-----------------------------------------
#@# APas-to-ASeg Sat Mar 14 02:41:16 CET 2026
/out/sourcedata/freesurfer/sub-v2s7x29797_ses-1/mri

 mri_surf2volseg --o aseg.mgz --i aseg.presurf.hypos.mgz --fix-presurf-with-ribbon /out/sourcedata/freesurfer/sub-v2s7x29797_ses-1/mri/ribbon.mgz --threads 16 --lh-cortex-mask /out/sourcedata/freesurfer/sub-v2s7x29797_ses-1/label/lh.cortex.label --lh-white /out/sourcedata/freesurfer/sub-v2s7x29797_ses-1/surf/lh.white --lh-pial /out/sourcedata/freesurfer/sub-v2s7x29797_ses-1/surf/lh.pial --rh-cortex-mask /out/sourcedata/freesurfer/sub-v2s7x29797_ses-1/label/rh.cortex.label --rh-white /out/sourcedata/freesurfer/sub-v2s7x29797_ses-1/surf/rh.white --rh-pial /out/sourcedata/freesurfer/sub-v2s7x29797_ses-1/surf/rh.pial 

SUBJECTS_DIR /out/sourcedata/freesurfer
outvol aseg.mgz
16 avail.processors, using 16
Loading aseg.presurf.hypos.mgz
Loading /out/sourcedata/freesurfer/sub-v2s7x29797_ses-1/mri/ribbon.mgz
Loading /out/sourcedata/freesurfer/sub-v2s7x29797_ses-1/surf/lh.white
Loading /out/sourcedata/freesurfer/sub-v2s7x29797_ses-1/surf/lh.pial
Loading /out/sourcedata/freesurfer/sub-v2s7x29797_ses-1/label/lh.cortex.label
Loading /out/sourcedata/freesurfer/sub-v2s7x29797_ses-1/surf/rh.white
Loading /out/sourcedata/freesurfer/sub-v2s7x29797_ses-1/surf/rh.pial
Loading /out/sourcedata/freesurfer/sub-v2s7x29797_ses-1/label/rh.cortex.label
Done loading
 80  64 192 240  96   0  32 128 160 224  16 176  48 208 112 144   1  33  17  49 225 209 241  65 193  81  34   2 113 161  97 210 226 242  50 145  66 194  18   3  35  82 211 227 243  51 177  67   4  36 162  19 
146 195 212 228 244  52  83 114 129   5  37  20  68 229 245  53 196  98 163   6  38  84  21 213 147 178 230 246  54  69 197  39 
  7  22 214  85 231 247 164 115  55 198  40  23   8 179 
215 148 232 248  56  86  41  24  70 199 
  9 216 165  99 
233  57 249  42  25 180 200 116  87 217  10 130 149  58 234  43  26 201 218  11 166  71 250  59 
181  44 235  27 202 219 
150 117  12  88  45  60  28 236 100  72 220 182 167 203  13  46 251  61  29 237 151 131 221 118  14 204  89  47  62  30 183 238 168 252  15 222 101 205  63  31 152 119 
239 
 90 223 169 206 184  73 102 253 132 153 207 120  91 185 170 254  74 103 154 121 186  92 255 171 133  75 187 104 155  93 122 134 172 188  76 156 105  94 123 189 173 135 157  95 106  77 190 174 124 158 136  78 191 107 175 159 
125 137  79 
108 138 126 109 139 
110 127 140 111 141 142 143 
nrelabeled = 203747
ndotcheck = 0
Starting Surf2VolSeg free
free done
#VMPC# mri_surf2volseg VmPeak  1997272
mri_surf2volseg done

 mri_brainvol_stats sub-v2s7x29797_ses-1 

ComputeBrainVolumeStats2 VoxelVol=1, KeepCSF=1
  #CBVS2 MaskVol              1624404.0
  #CBVS2 BrainSegVol          1318665.0
  #CBVS2 BrainSegVolNotVent   1303273.0
  #CBVS2 SupraTentVol         1186858.0
  #CBVS2 SupraTentVolNotVent  1171466.0
  #CBVS2 lhCtxGM               274608.4
  #CBVS2 rhCtxGM               276190.1
  #CBVS2 lhCerebralWM          278314.0
  #CBVS2 rhCerebralWM          278022.0
  #CBVS2 SubCortGMVol           65313.0
  #CBVS2 CerebellumVol         131807.0
  #CBVS2 CerebellumGMVol       101126.0
  #CBVS2 VentChorVol            11928.0
  #CBVS2 3rd4th5thCSF            3464.0
  #CBVS2 AllCSF                 15392.0
  #CBVS2 CCVol                   4254.0
#-----------------------------------------
#@# AParc-to-ASeg aparc Sat Mar 14 02:41:24 CET 2026
/out/sourcedata/freesurfer/sub-v2s7x29797_ses-1/mri

 mri_surf2volseg --o aparc+aseg.mgz --label-cortex --i aseg.mgz --threads 16 --lh-annot /out/sourcedata/freesurfer/sub-v2s7x29797_ses-1/label/lh.aparc.annot 1000 --lh-cortex-mask /out/sourcedata/freesurfer/sub-v2s7x29797_ses-1/label/lh.cortex.label --lh-white /out/sourcedata/freesurfer/sub-v2s7x29797_ses-1/surf/lh.white --lh-pial /out/sourcedata/freesurfer/sub-v2s7x29797_ses-1/surf/lh.pial --rh-annot /out/sourcedata/freesurfer/sub-v2s7x29797_ses-1/label/rh.aparc.annot 2000 --rh-cortex-mask /out/sourcedata/freesurfer/sub-v2s7x29797_ses-1/label/rh.cortex.label --rh-white /out/sourcedata/freesurfer/sub-v2s7x29797_ses-1/surf/rh.white --rh-pial /out/sourcedata/freesurfer/sub-v2s7x29797_ses-1/surf/rh.pial 

SUBJECTS_DIR /out/sourcedata/freesurfer
outvol aparc+aseg.mgz
16 avail.processors, using 16
Loading aseg.mgz
Loading /out/sourcedata/freesurfer/sub-v2s7x29797_ses-1/surf/lh.white
Loading /out/sourcedata/freesurfer/sub-v2s7x29797_ses-1/surf/lh.pial
Loading /out/sourcedata/freesurfer/sub-v2s7x29797_ses-1/label/lh.cortex.label
Ripping lh vertices labeled not in lh.cortex.label
  ripped 8535 vertices from lh hemi
Loading /out/sourcedata/freesurfer/sub-v2s7x29797_ses-1/label/lh.aparc.annot
Loading /out/sourcedata/freesurfer/sub-v2s7x29797_ses-1/surf/rh.white
Loading /out/sourcedata/freesurfer/sub-v2s7x29797_ses-1/surf/rh.pial
Loading /out/sourcedata/freesurfer/sub-v2s7x29797_ses-1/label/rh.cortex.label
Ripping rh vertices labeled not in rh.cortex.label
  ripped 8481 vertices from rh hemi
Loading /out/sourcedata/freesurfer/sub-v2s7x29797_ses-1/label/rh.aparc.annot
Done loading
 32  64 144 160 176  80 192  48 128 240  96 208  16 112 224   0  65  49  33  17   1 241 225 209  50  34  18   2 242 226 210  51  35  19 
  3  66 243 227 211  52  36  20   4 244 228 212  53  37  21   5 245 229 213  54  38  22   6 230 246 214  55  39 
 23   7 247 231 215  56  40  24   8 248 232 216  57  41  25   9 249 233 217  58  42  26  10 250 234 218  59 
 43  27  11 251 235 219 
 60  44  12  28 252 236 220  61  45  29  13 253 237 221  67  62  46  30  14 254 238 222  63  47  31  15 255 239 
223  68 193 194  69 195 196 197 198 199 
200 201 202 203 204 205 206 207  70 113 145  81 129  71 161  97 177  72 114 146 130  82  73 162  98 131 115 178 147  74  83 132 163 116 148  99 
179 
 75  84 149 164 117 133  76 100 180 150  77  85 165 118 134 101 181  78 151 166  86 119 
135 102 182  79 
152  87 167 120 183 103 153 136 184  88 104 168 121 154 185 105 155 137  89 186 169 122 187 156 106 188 170  90 138 123 189 157 107 190 171 191  91 139 
108 124 158 172 109  92 159 
140 125 110 173  93 111 141 174 126  94 175 142 127 143  95 
nrelabeled = 549817
ndotcheck = 40195
Starting Surf2VolSeg free
free done
#VMPC# mri_surf2volseg VmPeak  1981592
mri_surf2volseg done
#-----------------------------------------
#@# AParc-to-ASeg aparc.a2009s Sat Mar 14 02:42:09 CET 2026
/out/sourcedata/freesurfer/sub-v2s7x29797_ses-1/mri

 mri_surf2volseg --o aparc.a2009s+aseg.mgz --label-cortex --i aseg.mgz --threads 16 --lh-annot /out/sourcedata/freesurfer/sub-v2s7x29797_ses-1/label/lh.aparc.a2009s.annot 11100 --lh-cortex-mask /out/sourcedata/freesurfer/sub-v2s7x29797_ses-1/label/lh.cortex.label --lh-white /out/sourcedata/freesurfer/sub-v2s7x29797_ses-1/surf/lh.white --lh-pial /out/sourcedata/freesurfer/sub-v2s7x29797_ses-1/surf/lh.pial --rh-annot /out/sourcedata/freesurfer/sub-v2s7x29797_ses-1/label/rh.aparc.a2009s.annot 12100 --rh-cortex-mask /out/sourcedata/freesurfer/sub-v2s7x29797_ses-1/label/rh.cortex.label --rh-white /out/sourcedata/freesurfer/sub-v2s7x29797_ses-1/surf/rh.white --rh-pial /out/sourcedata/freesurfer/sub-v2s7x29797_ses-1/surf/rh.pial 

SUBJECTS_DIR /out/sourcedata/freesurfer
outvol aparc.a2009s+aseg.mgz
16 avail.processors, using 16
Loading aseg.mgz
Loading /out/sourcedata/freesurfer/sub-v2s7x29797_ses-1/surf/lh.white
Loading /out/sourcedata/freesurfer/sub-v2s7x29797_ses-1/surf/lh.pial
Loading /out/sourcedata/freesurfer/sub-v2s7x29797_ses-1/label/lh.cortex.label
Ripping lh vertices labeled not in lh.cortex.label
  ripped 8535 vertices from lh hemi
Loading /out/sourcedata/freesurfer/sub-v2s7x29797_ses-1/label/lh.aparc.a2009s.annot
Loading /out/sourcedata/freesurfer/sub-v2s7x29797_ses-1/surf/rh.white
Loading /out/sourcedata/freesurfer/sub-v2s7x29797_ses-1/surf/rh.pial
Loading /out/sourcedata/freesurfer/sub-v2s7x29797_ses-1/label/rh.cortex.label
Ripping rh vertices labeled not in rh.cortex.label
  ripped 8481 vertices from rh hemi
Loading /out/sourcedata/freesurfer/sub-v2s7x29797_ses-1/label/rh.aparc.a2009s.annot
Done loading
  0 144 128  32 240 208  16  96  48 160 224  64  80 176 112 192   1 241  49  33  65 225 209  17 242   2  34  50 226 210  18 243   3  35  51  66   4 227 211 244  19 
 36  52   5  37  53 228 212 245  20   6  38  54 229 213 246  21   7  39 
 55   8 230 214 247  22  40  56   9  41 231 215 248  23  57  10  42 232 216 249  24  11  58  43 233 217 250  25  12  44  59 
 67 251 234 218  60  45  26  13 252  61  46 235 219 
 14  27 253  62  47  15 236 220  63  28 254 237 221  29 255 238 222  30 239 
223  31  68 193  69 194 195 196 197 198 199 
200 201 202 203 204 205 206 207  70 113  71  81 129 145 177 161  97  72 114 130  73  82 146 178 131 115 162  98  74 147  83  75 116 132 179 
163  99 
148  84  76 117 180 133 164  77 149  85 100 118 181  78 134 165 150 101  86  79 
182 119 
135 166 151  87 102 183 120 152 184 103 167  88 136 185 153 121 104 168 186  89 154 137 187 105 122 188 169 155  90 189 138 190 106 156 170 191 123  91 157 107 139 
171 158 108 124 172  92 140 159 
109 173 141  93 110 125 174 142 111 175  94 143 126  95 127 
nrelabeled = 549817
ndotcheck = 40195
Starting Surf2VolSeg free
free done
#VMPC# mri_surf2volseg VmPeak  1981684
mri_surf2volseg done
#-----------------------------------------
#@# AParc-to-ASeg aparc.DKTatlas Sat Mar 14 02:42:57 CET 2026
/out/sourcedata/freesurfer/sub-v2s7x29797_ses-1/mri

 mri_surf2volseg --o aparc.DKTatlas+aseg.mgz --label-cortex --i aseg.mgz --threads 16 --lh-annot /out/sourcedata/freesurfer/sub-v2s7x29797_ses-1/label/lh.aparc.DKTatlas.annot 1000 --lh-cortex-mask /out/sourcedata/freesurfer/sub-v2s7x29797_ses-1/label/lh.cortex.label --lh-white /out/sourcedata/freesurfer/sub-v2s7x29797_ses-1/surf/lh.white --lh-pial /out/sourcedata/freesurfer/sub-v2s7x29797_ses-1/surf/lh.pial --rh-annot /out/sourcedata/freesurfer/sub-v2s7x29797_ses-1/label/rh.aparc.DKTatlas.annot 2000 --rh-cortex-mask /out/sourcedata/freesurfer/sub-v2s7x29797_ses-1/label/rh.cortex.label --rh-white /out/sourcedata/freesurfer/sub-v2s7x29797_ses-1/surf/rh.white --rh-pial /out/sourcedata/freesurfer/sub-v2s7x29797_ses-1/surf/rh.pial 

SUBJECTS_DIR /out/sourcedata/freesurfer
outvol aparc.DKTatlas+aseg.mgz
16 avail.processors, using 16
Loading aseg.mgz
Loading /out/sourcedata/freesurfer/sub-v2s7x29797_ses-1/surf/lh.white
Loading /out/sourcedata/freesurfer/sub-v2s7x29797_ses-1/surf/lh.pial
Loading /out/sourcedata/freesurfer/sub-v2s7x29797_ses-1/label/lh.cortex.label
Ripping lh vertices labeled not in lh.cortex.label
  ripped 8535 vertices from lh hemi
Loading /out/sourcedata/freesurfer/sub-v2s7x29797_ses-1/label/lh.aparc.DKTatlas.annot
Loading /out/sourcedata/freesurfer/sub-v2s7x29797_ses-1/surf/rh.white
Loading /out/sourcedata/freesurfer/sub-v2s7x29797_ses-1/surf/rh.pial
Loading /out/sourcedata/freesurfer/sub-v2s7x29797_ses-1/label/rh.cortex.label
Ripping rh vertices labeled not in rh.cortex.label
  ripped 8481 vertices from rh hemi
Loading /out/sourcedata/freesurfer/sub-v2s7x29797_ses-1/label/rh.aparc.DKTatlas.annot
Done loading
  0  48  16 160 192 144  32 128 176  80  96 224 112  64 240 208 241  17   1  65  49  33 225 209   2  18 242 226  50  34   3  19 
 35  51 243 227  66   4  20 244  52  36 228 210  21   5 245 229  53  37 211  22   6 246 230  54  38  23   7 212 247 231  55  39 
 24   8 213 248 232  56  40  25   9 249  57  41 214 233  26  10 250  58  42 215 234  27  11 251  59 
 43  28  12 216 235  60 252  44  29  13  67 253 217 236  61  45  30  14 254  46  62 218 237  15  31 255  47  63 219 
238 220 239 
221 222 223  68 193  69 194 195 196 197 198 199 
200 201 202 203 204 205 206 207  70 113  71 145 129  81 161 177  97  72 114 146 130  73 162 178  82 131 147  98 115  74 179 
163 148 132  83  75 116 180 164 149  99 
133  76  84 117 150 181 165  77 134 100 151 182  85  78 118 166 135 152 101 183  79 
 86 167 153 184 119 
136 102 185 154 168  87 186 155 137 103 120 187 169 156 188  88 138 189 104 157 190 170 121 191 139 
158 171 105  89 122 159 
140 172 106  90 173 141 123 107 174 142  91 108 175 143 124 109  92 110 125  93 111 126  94  95 127 
nrelabeled = 549817
ndotcheck = 40195
Starting Surf2VolSeg free
free done
#VMPC# mri_surf2volseg VmPeak  1981612
mri_surf2volseg done
#-----------------------------------------
#@# WMParc Sat Mar 14 02:43:45 CET 2026
/out/sourcedata/freesurfer/sub-v2s7x29797_ses-1/mri

 mri_surf2volseg --o wmparc.mgz --label-wm --i aparc+aseg.mgz --threads 16 --lh-annot /out/sourcedata/freesurfer/sub-v2s7x29797_ses-1/label/lh.aparc.annot 3000 --lh-cortex-mask /out/sourcedata/freesurfer/sub-v2s7x29797_ses-1/label/lh.cortex.label --lh-white /out/sourcedata/freesurfer/sub-v2s7x29797_ses-1/surf/lh.white --lh-pial /out/sourcedata/freesurfer/sub-v2s7x29797_ses-1/surf/lh.pial --rh-annot /out/sourcedata/freesurfer/sub-v2s7x29797_ses-1/label/rh.aparc.annot 4000 --rh-cortex-mask /out/sourcedata/freesurfer/sub-v2s7x29797_ses-1/label/rh.cortex.label --rh-white /out/sourcedata/freesurfer/sub-v2s7x29797_ses-1/surf/rh.white --rh-pial /out/sourcedata/freesurfer/sub-v2s7x29797_ses-1/surf/rh.pial 

SUBJECTS_DIR /out/sourcedata/freesurfer
outvol wmparc.mgz
16 avail.processors, using 16
Loading aparc+aseg.mgz
Loading /out/sourcedata/freesurfer/sub-v2s7x29797_ses-1/surf/lh.white
Loading /out/sourcedata/freesurfer/sub-v2s7x29797_ses-1/surf/lh.pial
Loading /out/sourcedata/freesurfer/sub-v2s7x29797_ses-1/label/lh.cortex.label
Ripping lh vertices labeled not in lh.cortex.label
  ripped 8535 vertices from lh hemi
Loading /out/sourcedata/freesurfer/sub-v2s7x29797_ses-1/label/lh.aparc.annot
Loading /out/sourcedata/freesurfer/sub-v2s7x29797_ses-1/surf/rh.white
Loading /out/sourcedata/freesurfer/sub-v2s7x29797_ses-1/surf/rh.pial
Loading /out/sourcedata/freesurfer/sub-v2s7x29797_ses-1/label/rh.cortex.label
Ripping rh vertices labeled not in rh.cortex.label
  ripped 8481 vertices from rh hemi
Loading /out/sourcedata/freesurfer/sub-v2s7x29797_ses-1/label/rh.aparc.annot
Done loading
224 144  64 208   0  48 128  16  96  80 240 192 112  32 160 176  17  65  33 209  49 225   1 241  66  34  18 193 210  50 226 242  67   2  35  19 
194 211  68  51  36 227 243   3  20 195  37  52 212  21 228 196 244   4  38  69 213  53  22 229 197 245   5  39 
214  54  23 230 198 246   6  40  55  24 215 199 
 70 247 231   7  41  25  56 216 200 248 232   8  42  26  57 217 201  43 249 233   9  27  71  58  44 218 202 250 234  10  28  45  59 
219 
203 251  11  29 235  46 129  60 220 204 252  12  30  47 236  61 205 221  72 253 237  13  31  62 206 222 254 238  14  63 207 223 255 239 
 15 130  81  73 131 177 132  74 133  75 134 161  97  82 178  76 145  77 135 179 
113  83  78 162 180  79 
 98 136  84 181 163 146 182  85 137 114  99 
183  86 184 185 164 186  87 138 187 188 147 189 115 190 100 191  88 165 139 
 89 166 101  90 148 116 167 140  91 102 168 141 117 149  92 169 103  93 170 142 118 150 171 104  94 143 172 119 
151 105  95 173 174 120 152 106 175 153 121 107 154 122 108 155 123 109 156 124 125 157 110 126 158 127 111 159 

nrelabeled = 552082
ndotcheck = 3755
Starting Surf2VolSeg free
free done
#VMPC# mri_surf2volseg VmPeak  1981592
mri_surf2volseg done

 mri_segstats --seed 1234 --seg mri/wmparc.mgz --sum stats/wmparc.stats --pv mri/norm.mgz --excludeid 0 --brainmask mri/brainmask.mgz --in mri/norm.mgz --in-intensity-name norm --in-intensity-units MR --subject sub-v2s7x29797_ses-1 --surf-wm-vol --ctab /opt/freesurfer/WMParcStatsLUT.txt --etiv 

setting seed for random number genererator to 1234

7.3.2
cwd 
cmdline mri_segstats --seed 1234 --seg mri/wmparc.mgz --sum stats/wmparc.stats --pv mri/norm.mgz --excludeid 0 --brainmask mri/brainmask.mgz --in mri/norm.mgz --in-intensity-name norm --in-intensity-units MR --subject sub-v2s7x29797_ses-1 --surf-wm-vol --ctab /opt/freesurfer/WMParcStatsLUT.txt --etiv 
sysname  Linux
hostname dna059
machine  x86_64
user     oesteban
whitesurfname  white
UseRobust  0
atlas_icv (eTIV) = 1460067 mm^3    (det: 1.334258 )
Loading mri/wmparc.mgz
Getting Brain Volume Statistics
Loading mri/norm.mgz
Loading mri/norm.mgz
Voxel Volume is 1 mm^3
Generating list of segmentation ids
Found 390 segmentations
Computing statistics for each segmentation

Reporting on  70 segmentations
Using PrintSegStat
mri_segstats done
#--------------------------------------------
#@# ASeg Stats Sat Mar 14 02:47:16 CET 2026
/out/sourcedata/freesurfer/sub-v2s7x29797_ses-1

 mri_segstats --seed 1234 --seg mri/aseg.mgz --sum stats/aseg.stats --pv mri/norm.mgz --empty --brainmask mri/brainmask.mgz --brain-vol-from-seg --excludeid 0 --excl-ctxgmwm --supratent --subcortgray --in mri/norm.mgz --in-intensity-name norm --in-intensity-units MR --etiv --surf-wm-vol --surf-ctx-vol --totalgray --euler --ctab /opt/freesurfer/ASegStatsLUT.txt --subject sub-v2s7x29797_ses-1 

setting seed for random number genererator to 1234

7.3.2
cwd 
cmdline mri_segstats --seed 1234 --seg mri/aseg.mgz --sum stats/aseg.stats --pv mri/norm.mgz --empty --brainmask mri/brainmask.mgz --brain-vol-from-seg --excludeid 0 --excl-ctxgmwm --supratent --subcortgray --in mri/norm.mgz --in-intensity-name norm --in-intensity-units MR --etiv --surf-wm-vol --surf-ctx-vol --totalgray --euler --ctab /opt/freesurfer/ASegStatsLUT.txt --subject sub-v2s7x29797_ses-1 
sysname  Linux
hostname dna059
machine  x86_64
user     oesteban
whitesurfname  white
UseRobust  0
atlas_icv (eTIV) = 1460067 mm^3    (det: 1.334258 )
Computing euler number
orig.nofix lheno =  -28, rheno = -44
orig.nofix lhholes =   15, rhholes = 23
Loading mri/aseg.mgz
Getting Brain Volume Statistics
Loading mri/norm.mgz
Loading mri/norm.mgz
Voxel Volume is 1 mm^3
Generating list of segmentation ids
Found  50 segmentations
Computing statistics for each segmentation

Reporting on  45 segmentations
Using PrintSegStat
mri_segstats done

Started at Sat Mar 14 02:40:54 CET 2026 
Ended   at Sat Mar 14 02:47:56 CET 2026
#@#%# recon-all-run-time-hours 0.117
recon-all -s sub-v2s7x29797_ses-1 finished without error at Sat Mar 14 02:47:56 CET 2026
