#!ascii label  , from subject sub-v2s7x29799_ses-1 vox2ras=TkReg
3158
59242  61.608  -0.067  16.300 0.0000000000
36030  54.360  -26.554  29.389 0.0000000000
35946  37.004  -26.269  40.635 0.0000000000
35099  26.737  -27.867  42.212 0.0000000000
25399  48.597  -38.796  34.348 0.0000000000
38641  42.201  -23.420  37.198 0.0000000000
129993  55.551  -2.089  21.045 0.0000000000
66555  59.038  8.257  14.073 0.0000000000
53924  60.435  -6.082  22.852 0.0000000000
47378  52.107  -12.978  30.395 0.0000000000
42582  41.017  -17.966  26.110 0.0000000000
32429  40.391  -29.887  44.673 0.0000000000
36769  31.505  -25.243  41.687 0.0000000000
35019  34.743  -27.298  47.866 0.0000000000
114215  43.123  -34.980  39.863 0.0000000000
58266  61.567  -0.071  22.799 0.0000000000
34367  58.179  -28.605  25.855 0.0000000000
119608  58.620  -23.258  22.802 0.0000000000
137273  57.961  -16.368  25.496 0.0000000000
42506  53.996  -18.557  31.694 0.0000000000
139902  48.049  -16.981  27.984 0.0000000000
41738  48.443  -19.600  34.939 0.0000000000
115047  33.658  -27.228  30.310 0.0000000000
39600  33.863  -22.847  28.211 0.0000000000
63004  62.700  4.350  14.394 0.0000000000
122761  62.347  3.889  9.703 0.0000000000
114262  33.737  -27.583  33.996 0.0000000000
38686  29.710  -23.158  34.255 0.0000000000
29973  51.853  -33.850  30.684 0.0000000000
35999  50.458  -26.618  35.158 0.0000000000
31587  47.690  -32.429  36.049 0.0000000000
130641  41.093  -26.067  39.964 0.0000000000
55787  59.898  -3.893  19.239 0.0000000000
34193  27.837  -28.713  47.762 0.0000000000
133533  22.256  -30.255  45.115 0.0000000000
65671  58.911  7.269  17.660 0.0000000000
118252  59.487  1.886  19.099 0.0000000000
115193  59.011  -1.036  22.681 0.0000000000
59134  57.235  0.579  27.473 0.0000000000
53883  54.492  -5.640  25.589 0.0000000000
47489  64.360  -11.411  17.695 0.0000000000
49169  57.479  -10.426  27.421 0.0000000000
49222  48.083  -10.829  22.524 0.0000000000
46648  42.979  -13.584  22.721 0.0000000000
41063  42.769  -20.589  32.099 0.0000000000
35055  41.885  -27.231  45.023 0.0000000000
33323  37.540  -29.610  46.247 0.0000000000
35016  39.166  -27.520  47.141 0.0000000000
33355  44.502  -29.371  41.659 0.0000000000
123262  55.632  -29.579  25.965 0.0000000000
36908  56.246  -25.896  26.212 0.0000000000
40384  55.866  -21.449  27.437 0.0000000000
39583  54.574  -22.639  30.385 0.0000000000
121143  51.893  -18.842  34.164 0.0000000000
38703  52.669  -23.586  32.749 0.0000000000
130653  28.773  -22.711  32.027 0.0000000000
114296  29.622  -24.224  27.948 0.0000000000
61086  62.279  1.733  15.789 0.0000000000
61116  61.202  2.182  13.405 0.0000000000
60148  59.355  1.098  15.227 0.0000000000
115313  35.529  -25.981  37.539 0.0000000000
115443  32.906  -24.288  33.712 0.0000000000
38642  33.198  -23.802  36.879 0.0000000000
135877  29.446  -26.076  41.770 0.0000000000
36812  28.331  -25.205  38.803 0.0000000000
35120  26.207  -27.251  39.664 0.0000000000
34254  23.571  -28.957  40.372 0.0000000000
29970  53.228  -32.484  30.984 0.0000000000
26367  50.114  -38.634  31.434 0.0000000000
29952  49.410  -33.575  33.334 0.0000000000
115085  47.324  -38.096  34.174 0.0000000000
115116  41.389  -26.692  41.479 0.0000000000
131741  43.977  -29.903  40.566 0.0000000000
130791  39.067  -27.064  39.264 0.0000000000
132003  37.212  -27.237  35.318 0.0000000000
54901  58.018  -5.237  21.721 0.0000000000
54931  57.269  -4.693  19.122 0.0000000000
135428  56.154  -6.989  21.130 0.0000000000
32412  20.591  -30.647  46.501 0.0000000000
59205  59.787  0.506  20.884 0.0000000000
61032  60.195  2.433  21.581 0.0000000000
133543  61.667  -2.558  21.369 0.0000000000
130847  58.816  -2.238  23.977 0.0000000000
134319  59.269  -3.028  26.023 0.0000000000
56493  56.156  -2.363  26.738 0.0000000000
54830  58.537  -5.050  26.728 0.0000000000
45759  55.567  -14.632  30.500 0.0000000000
46617  57.984  -13.235  26.518 0.0000000000
48258  54.801  -10.901  30.037 0.0000000000
49185  53.622  -10.413  26.477 0.0000000000
47422  50.354  -12.302  26.745 0.0000000000
48334  44.846  -11.848  22.229 0.0000000000
46620  47.516  -13.761  26.311 0.0000000000
43394  43.961  -18.085  22.036 0.0000000000
37729  47.167  -24.200  38.259 0.0000000000
39524  46.310  -22.771  35.232 0.0000000000
133494  43.179  -22.622  34.470 0.0000000000
41116  33.101  -20.720  26.541 0.0000000000
67471  58.378  9.384  10.645 0.0000000000
65712  57.445  7.131  12.503 0.0000000000
114265  39.084  -26.736  43.359 0.0000000000
36749  35.149  -25.435  42.218 0.0000000000
35857  37.155  -25.844  45.611 0.0000000000
36708  33.779  -25.762  45.557 0.0000000000
35882  29.853  -26.884  44.313 0.0000000000
118321  47.714  -35.284  37.174 0.0000000000
114218  46.571  -38.675  37.210 0.0000000000
29039  46.014  -34.621  39.250 0.0000000000
32464  42.664  -29.599  42.336 0.0000000000
61022  61.421  2.997  23.217 0.0000000000
54911  63.286  -4.351  20.117 0.0000000000
41121  58.145  -20.114  24.871 0.0000000000
42519  55.760  -17.865  29.282 0.0000000000
45743  52.398  -14.722  33.401 0.0000000000
45761  49.762  -14.944  29.603 0.0000000000
44943  48.939  -15.283  34.115 0.0000000000
42513  47.636  -18.368  30.660 0.0000000000
41102  46.032  -20.353  28.451 0.0000000000
38684  37.562  -23.598  34.016 0.0000000000
119264  38.465  -21.633  33.314 0.0000000000
37813  34.471  -24.456  29.342 0.0000000000
64820  61.053  6.385  14.017 0.0000000000
63930  60.325  6.042  12.013 0.0000000000
120704  63.119  3.549  12.335 0.0000000000
37734  30.368  -24.064  37.791 0.0000000000
31660  55.519  -32.758  27.567 0.0000000000
32565  53.093  -30.177  30.153 0.0000000000
35177  52.247  -26.949  32.631 0.0000000000
32547  50.981  -30.473  32.577 0.0000000000
33425  49.384  -29.264  35.721 0.0000000000
35963  46.469  -26.674  39.015 0.0000000000
131846  46.208  -34.512  37.067 0.0000000000
137764  45.786  -29.765  39.332 0.0000000000
114286  41.685  -24.840  39.700 0.0000000000
131151  37.279  -25.817  33.933 0.0000000000
131395  33.439  -26.501  31.988 0.0000000000
57457  60.352  -1.788  17.466 0.0000000000
58358  57.703  -0.309  16.695 0.0000000000
56602  57.602  -2.341  17.903 0.0000000000
35042  30.395  -27.309  47.054 0.0000000000
34224  27.222  -28.362  44.833 0.0000000000
33327  25.331  -29.735  46.457 0.0000000000
121856  24.452  -29.399  43.578 0.0000000000
66541  60.586  8.218  15.740 0.0000000000
63892  60.151  5.147  16.119 0.0000000000
62016  59.655  3.726  16.794 0.0000000000
60123  61.354  1.238  17.580 0.0000000000
58326  61.232  -0.939  18.496 0.0000000000
115939  59.885  -3.145  20.881 0.0000000000
57410  57.528  -1.693  22.549 0.0000000000
131052  60.718  -0.384  22.170 0.0000000000
60055  57.759  0.554  24.628 0.0000000000
61014  55.699  2.094  24.583 0.0000000000
58256  54.118  -0.578  24.686 0.0000000000
55727  52.675  -3.395  23.554 0.0000000000
51089  62.425  -8.862  21.086 0.0000000000
46652  60.757  -14.073  21.188 0.0000000000
48331  60.858  -11.494  22.530 0.0000000000
51055  59.851  -8.779  24.980 0.0000000000
51936  55.461  -7.255  27.311 0.0000000000
51058  51.166  -8.712  24.137 0.0000000000
45023  45.171  -16.121  24.108 0.0000000000
39536  50.405  -22.818  35.155 0.0000000000
134334  46.790  -21.945  32.423 0.0000000000
41805  41.741  -18.820  28.956 0.0000000000
41081  38.410  -20.244  30.912 0.0000000000
42540  37.468  -18.564  28.561 0.0000000000
124550  40.828  -27.031  45.810 0.0000000000
35837  40.844  -26.087  46.091 0.0000000000
34360  54.880  -28.377  27.415 0.0000000000
35219  55.890  -27.565  26.190 0.0000000000
137452  55.018  -26.336  27.861 0.0000000000
37817  55.017  -24.060  28.188 0.0000000000
36883  54.530  -24.804  30.031 0.0000000000
135273  53.789  -23.046  31.415 0.0000000000
36875  53.781  -25.310  31.181 0.0000000000
128172  61.964  0.954  15.578 0.0000000000
60158  61.260  1.321  14.745 0.0000000000
59260  59.922  0.505  15.564 0.0000000000
115502  36.316  -26.066  39.316 0.0000000000
115676  34.655  -24.594  37.860 0.0000000000
127032  35.234  -25.270  40.152 0.0000000000
35922  28.072  -26.936  42.093 0.0000000000
35950  27.529  -26.638  40.436 0.0000000000
35114  26.357  -27.562  40.611 0.0000000000
35122  24.929  -28.098  39.296 0.0000000000
34245  25.449  -28.496  41.597 0.0000000000
138218  49.471  -35.596  34.933 0.0000000000
27190  50.134  -36.259  33.703 0.0000000000
26346  50.838  -37.159  32.349 0.0000000000
25406  49.524  -39.095  32.476 0.0000000000
27195  48.349  -37.886  32.789 0.0000000000
24547  47.498  -40.008  34.052 0.0000000000
117941  38.901  -26.440  41.087 0.0000000000
114274  40.007  -26.448  40.242 0.0000000000
114281  37.893  -26.493  39.957 0.0000000000
131076  36.848  -26.932  38.466 0.0000000000
55755  56.393  -3.887  21.478 0.0000000000
53938  56.884  -6.020  21.607 0.0000000000
54916  55.365  -4.990  21.100 0.0000000000
62920  61.563  4.431  21.618 0.0000000000
123814  60.204  2.961  21.364 0.0000000000
119694  61.067  3.403  21.473 0.0000000000
54889  60.346  -4.372  22.532 0.0000000000
120095  59.720  -3.841  23.821 0.0000000000
54863  59.852  -4.536  24.543 0.0000000000
54847  59.313  -4.301  26.406 0.0000000000
53898  59.924  -5.487  24.915 0.0000000000
46562  53.165  -12.442  32.002 0.0000000000
46578  55.216  -12.951  30.664 0.0000000000
48254  53.097  -11.585  30.472 0.0000000000
47405  52.556  -12.619  27.915 0.0000000000
46592  51.424  -13.506  28.301 0.0000000000
47424  48.754  -12.825  26.439 0.0000000000
46605  50.004  -13.950  27.833 0.0000000000
38625  45.213  -23.572  38.827 0.0000000000
38652  45.112  -23.464  36.502 0.0000000000
39526  42.283  -22.789  35.740 0.0000000000
67446  58.215  9.273  12.614 0.0000000000
65706  57.842  7.600  13.031 0.0000000000
114251  39.791  -29.138  44.067 0.0000000000
35876  38.444  -26.600  44.527 0.0000000000
34214  38.475  -28.007  45.401 0.0000000000
33325  35.851  -29.380  46.906 0.0000000000
136834  36.395  -25.973  46.984 0.0000000000
36684  34.465  -25.653  47.326 0.0000000000
35880  31.477  -26.416  44.783 0.0000000000
35859  31.421  -26.634  45.604 0.0000000000
29885  47.307  -33.360  38.140 0.0000000000
29053  46.818  -34.931  38.230 0.0000000000
29875  46.581  -32.860  39.115 0.0000000000
33347  42.786  -29.140  43.271 0.0000000000
32453  43.886  -30.048  42.123 0.0000000000
32439  40.841  -30.323  43.580 0.0000000000
115380  40.984  -28.882  43.037 0.0000000000
36955  58.596  -25.547  22.924 0.0000000000
37886  60.189  -24.319  21.529 0.0000000000
39661  60.107  -22.018  21.277 0.0000000000
41143  59.539  -20.257  22.789 0.0000000000
40409  58.254  -21.664  24.002 0.0000000000
124261  54.785  -20.016  30.228 0.0000000000
41814  56.092  -20.067  27.942 0.0000000000
42511  54.748  -18.374  30.651 0.0000000000
44127  54.655  -16.877  31.266 0.0000000000
44121  53.044  -16.208  33.079 0.0000000000
45738  50.474  -14.113  34.252 0.0000000000
44114  51.957  -16.433  34.170 0.0000000000
41737  50.335  -19.090  34.862 0.0000000000
43263  49.005  -17.548  34.865 0.0000000000
42494  47.915  -18.600  33.575 0.0000000000
119933  47.376  -19.638  29.593 0.0000000000
41755  47.582  -20.068  31.960 0.0000000000
128432  35.775  -25.207  31.201 0.0000000000
38716  36.280  -23.576  31.769 0.0000000000
36886  34.735  -25.783  29.956 0.0000000000
63912  62.685  5.161  13.794 0.0000000000
63920  62.744  5.483  12.910 0.0000000000
62036  63.069  3.425  13.221 0.0000000000
61131  60.793  2.630  12.616 0.0000000000
131396  31.539  -26.789  33.250 0.0000000000
131367  31.891  -28.453  34.893 0.0000000000
36767  33.217  -25.068  41.855 0.0000000000
37700  32.551  -24.257  39.617 0.0000000000
37683  31.188  -24.707  40.203 0.0000000000
36822  26.506  -25.510  37.244 0.0000000000
36829  27.035  -24.911  36.844 0.0000000000
28203  52.924  -34.866  30.208 0.0000000000
30807  54.249  -33.223  29.245 0.0000000000
30817  53.434  -33.794  29.234 0.0000000000
32585  53.904  -31.870  28.243 0.0000000000
31654  52.760  -32.241  30.036 0.0000000000
32556  52.118  -30.288  31.583 0.0000000000
31634  51.523  -31.946  31.726 0.0000000000
29940  48.164  -33.663  34.142 0.0000000000
31598  49.154  -31.581  34.593 0.0000000000
118624  48.624  -31.069  35.631 0.0000000000
35133  47.576  -27.615  37.956 0.0000000000
33405  47.599  -29.597  37.637 0.0000000000
115496  45.704  -36.092  38.415 0.0000000000
114201  45.113  -37.215  37.128 0.0000000000
130449  44.519  -35.838  38.132 0.0000000000
131740  41.860  -29.150  39.341 0.0000000000
130470  44.169  -28.948  40.735 0.0000000000
130700  42.019  -26.964  41.622 0.0000000000
114278  43.843  -27.075  41.296 0.0000000000
130963  40.935  -25.772  40.314 0.0000000000
114905  39.926  -25.033  37.229 0.0000000000
131457  39.170  -26.077  36.496 0.0000000000
132093  35.855  -27.762  34.154 0.0000000000
132007  35.750  -27.184  32.991 0.0000000000
131351  34.514  -27.247  32.987 0.0000000000
56600  59.979  -2.545  17.983 0.0000000000
57458  59.183  -1.795  17.429 0.0000000000
140450  59.207  -3.016  18.373 0.0000000000
55791  56.072  -3.792  18.504 0.0000000000
35025  29.099  -27.938  47.588 0.0000000000
35044  28.914  -27.911  46.457 0.0000000000
34205  27.634  -28.640  46.718 0.0000000000
32410  22.485  -30.447  46.658 0.0000000000
32420  23.822  -30.168  46.039 0.0000000000
33342  24.541  -29.628  44.918 0.0000000000
32441  23.197  -29.889  43.791 0.0000000000
33351  22.878  -29.780  43.014 0.0000000000
120182  21.692  -30.084  43.746 0.0000000000
67425  61.021  9.150  15.570 0.0000000000
65678  59.852  7.500  16.330 0.0000000000
64794  59.057  6.361  16.476 0.0000000000
62982  60.572  4.257  16.326 0.0000000000
63883  58.695  5.448  16.806 0.0000000000
61987  58.923  3.638  18.497 0.0000000000
61075  59.954  2.275  17.825 0.0000000000
60124  59.717  1.897  18.522 0.0000000000
59221  61.462  -0.260  17.991 0.0000000000
59214  60.746  0.094  18.914 0.0000000000
59196  59.603  -0.196  21.693 0.0000000000
58296  59.956  -0.462  20.704 0.0000000000
115382  59.386  -1.598  21.836 0.0000000000
115641  58.531  -2.572  22.204 0.0000000000
121395  57.997  -1.508  22.907 0.0000000000
60066  61.583  1.390  23.023 0.0000000000
60078  61.576  1.604  22.454 0.0000000000
58276  61.573  0.283  22.507 0.0000000000
58244  58.583  -0.790  25.490 0.0000000000
130829  58.470  -1.319  24.358 0.0000000000
60046  58.131  0.851  25.576 0.0000000000
60056  57.276  1.607  24.777 0.0000000000
60983  56.318  2.766  27.522 0.0000000000
60049  54.862  1.209  25.425 0.0000000000
59145  55.485  0.397  26.680 0.0000000000
54848  55.326  -3.840  26.092 0.0000000000
56505  54.828  -2.250  25.348 0.0000000000
54865  53.642  -4.230  24.499 0.0000000000
53900  52.702  -5.619  24.156 0.0000000000
49247  62.939  -9.640  19.332 0.0000000000
44192  59.304  -16.751  23.288 0.0000000000
45035  60.592  -15.835  21.564 0.0000000000
45820  58.999  -15.206  23.658 0.0000000000
127846  58.431  -11.930  26.279 0.0000000000
124361  59.814  -12.208  24.254 0.0000000000
48301  59.481  -11.071  25.193 0.0000000000
50153  60.345  -9.981  24.185 0.0000000000
49198  58.959  -9.926  25.884 0.0000000000
51021  58.654  -8.338  26.494 0.0000000000
51009  57.337  -8.839  27.386 0.0000000000
49201  50.831  -10.670  24.952 0.0000000000
50128  52.817  -9.339  25.172 0.0000000000
50146  49.975  -9.882  23.653 0.0000000000
51067  49.742  -8.821  23.075 0.0000000000
50167  47.908  -9.608  21.578 0.0000000000
49229  46.928  -10.816  21.681 0.0000000000
139305  44.431  -12.338  22.797 0.0000000000
48343  43.598  -11.794  21.264 0.0000000000
44981  48.877  -16.007  28.471 0.0000000000
45002  47.586  -15.660  26.912 0.0000000000
45003  46.754  -16.427  26.228 0.0000000000
44249  43.034  -17.118  20.192 0.0000000000
35998  50.918  -26.688  34.287 0.0000000000
36858  51.533  -25.390  33.815 0.0000000000
36831  50.532  -25.030  35.069 0.0000000000
39554  44.663  -22.480  33.607 0.0000000000
39552  46.467  -22.376  33.657 0.0000000000
40337  44.953  -21.684  32.241 0.0000000000
134066  44.451  -20.799  30.124 0.0000000000
41080  42.759  -19.945  30.729 0.0000000000
136491  35.874  -21.693  30.164 0.0000000000
40353  38.078  -20.849  31.560 0.0000000000
40371  36.100  -21.050  29.942 0.0000000000
41808  35.313  -19.276  27.868 0.0000000000
43308  37.273  -17.755  27.290 0.0000000000
63948  62.727  5.206  10.555 0.0000000000
63950  60.739  5.650  10.250 0.0000000000
59246  57.002  0.483  16.324 0.0000000000
33340  41.616  -28.912  44.977 0.0000000000
31478  38.902  -30.415  45.529 0.0000000000
125268  40.051  -28.864  46.223 0.0000000000
34186  39.071  -28.543  47.061 0.0000000000
33294  36.952  -29.230  47.694 0.0000000000
34229  43.384  -27.900  43.770 0.0000000000
32623  57.999  -31.303  24.713 0.0000000000
34382  58.740  -29.002  24.439 0.0000000000
136043  57.626  -28.898  24.034 0.0000000000
36062  57.240  -26.321  24.581 0.0000000000
37854  57.518  -24.418  24.343 0.0000000000
39618  57.441  -22.525  24.831 0.0000000000
38755  56.211  -23.951  26.427 0.0000000000
39598  55.251  -22.265  28.740 0.0000000000
41074  53.919  -20.667  31.289 0.0000000000
42492  52.516  -18.320  33.726 0.0000000000
41059  53.199  -21.055  32.352 0.0000000000
40319  52.177  -21.154  33.553 0.0000000000
138070  50.966  -20.818  34.647 0.0000000000
131955  32.386  -25.267  31.130 0.0000000000
115220  32.038  -26.381  29.475 0.0000000000
118669  28.728  -23.382  29.242 0.0000000000
62023  62.451  3.288  15.347 0.0000000000
61114  62.807  2.706  13.762 0.0000000000
61103  61.759  1.825  14.191 0.0000000000
61104  60.541  1.744  14.014 0.0000000000
115237  35.038  -26.809  35.421 0.0000000000
131280  33.861  -25.713  34.022 0.0000000000
114324  34.278  -25.106  35.618 0.0000000000
38657  33.364  -24.038  35.689 0.0000000000
117435  31.345  -23.373  35.583 0.0000000000
36770  30.676  -25.398  41.469 0.0000000000
36801  29.984  -25.040  40.031 0.0000000000
36788  28.804  -25.757  40.316 0.0000000000
35964  27.047  -26.192  38.968 0.0000000000
34267  23.345  -28.520  38.803 0.0000000000
27213  51.941  -36.638  30.773 0.0000000000
28176  50.913  -36.506  30.967 0.0000000000
29105  50.303  -34.175  32.418 0.0000000000
28161  49.500  -35.942  32.346 0.0000000000
28151  48.070  -36.205  33.550 0.0000000000
29087  47.458  -34.254  34.665 0.0000000000
115107  43.901  -31.129  40.397 0.0000000000
130450  44.924  -32.171  39.338 0.0000000000
130933  41.936  -28.497  40.312 0.0000000000
130536  41.264  -28.280  40.069 0.0000000000
130331  40.573  -26.733  39.082 0.0000000000
114692  38.868  -26.745  36.952 0.0000000000
137481  37.745  -27.472  37.928 0.0000000000
115369  35.941  -27.165  36.808 0.0000000000
54915  59.060  -5.472  21.061 0.0000000000
55777  58.456  -4.903  19.547 0.0000000000
53949  58.549  -6.079  20.930 0.0000000000
53964  57.295  -6.727  20.024 0.0000000000
32396  22.012  -30.647  47.596 0.0000000000
117495  21.014  -30.461  45.771 0.0000000000
32432  19.965  -30.292  44.217 0.0000000000
125044  19.646  -30.498  44.935 0.0000000000
61979  59.602  3.241  20.058 0.0000000000
60104  59.540  1.795  19.879 0.0000000000
61045  59.634  2.447  20.483 0.0000000000
60088  59.821  1.728  21.505 0.0000000000
120500  59.602  -0.264  22.374 0.0000000000
114883  62.044  -1.256  22.077 0.0000000000
131296  61.120  -1.250  22.078 0.0000000000
114510  60.189  -2.724  22.331 0.0000000000
57379  58.985  -2.211  25.172 0.0000000000
117315  58.317  -1.169  26.670 0.0000000000
57359  56.373  -0.877  27.092 0.0000000000
56491  57.806  -2.760  26.827 0.0000000000
55700  57.579  -3.689  26.887 0.0000000000
120535  56.545  -4.861  27.278 0.0000000000
44156  56.947  -16.056  27.741 0.0000000000
119690  57.902  -15.005  26.118 0.0000000000
45783  56.839  -14.135  28.195 0.0000000000
47391  56.764  -12.573  28.817 0.0000000000
117420  56.575  -10.903  28.573 0.0000000000
50082  55.678  -9.637  28.500 0.0000000000
49160  54.213  -11.026  28.273 0.0000000000
48289  51.593  -11.610  26.481 0.0000000000
48305  49.567  -11.504  25.252 0.0000000000
48332  46.862  -11.350  22.446 0.0000000000
48315  47.912  -11.862  24.500 0.0000000000
123999  45.884  -12.720  24.363 0.0000000000
47447  45.243  -13.366  24.456 0.0000000000
43305  46.757  -18.484  26.925 0.0000000000
43329  45.797  -17.778  25.102 0.0000000000
121738  44.066  -18.345  23.877 0.0000000000
132896  42.356  -18.061  22.165 0.0000000000
136307  40.377  -17.751  20.125 0.0000000000
36818  48.268  -24.803  37.344 0.0000000000
37742  49.247  -24.214  36.418 0.0000000000
39505  46.783  -22.954  37.225 0.0000000000
38668  44.676  -23.265  35.023 0.0000000000
40339  42.490  -21.086  32.848 0.0000000000
40385  33.859  -21.436  27.726 0.0000000000
39622  31.870  -22.540  25.880 0.0000000000
138717  59.342  9.937  11.666 0.0000000000
66571  57.176  8.421  11.564 0.0000000000
135423  56.901  6.487  10.981 0.0000000000
115360  38.628  -26.203  42.536 0.0000000000
35936  35.969  -25.786  41.361 0.0000000000
35916  37.635  -25.847  42.946 0.0000000000
36734  35.487  -25.588  43.435 0.0000000000
121868  34.065  -25.486  43.208 0.0000000000
35839  37.383  -27.307  46.298 0.0000000000
120518  34.812  -25.490  45.206 0.0000000000
36737  32.492  -25.699  43.325 0.0000000000
35919  31.041  -26.010  43.119 0.0000000000
35900  29.647  -26.657  43.434 0.0000000000
35097  28.180  -27.226  42.947 0.0000000000
27181  48.305  -36.567  36.166 0.0000000000
24535  47.694  -39.455  35.305 0.0000000000
26314  47.186  -37.452  37.160 0.0000000000
27167  46.008  -36.744  38.486 0.0000000000
27157  44.503  -36.057  40.067 0.0000000000
30668  45.804  -31.556  40.130 0.0000000000
29852  44.954  -32.972  40.319 0.0000000000
29864  43.998  -33.240  40.307 0.0000000000
137361  42.273  -28.297  42.098 0.0000000000
114259  39.870  -26.624  42.331 0.0000000000
58298  54.287  -0.625  20.896 0.0000000000
55767  54.812  -3.812  20.742 0.0000000000
56573  53.483  -2.716  20.037 0.0000000000
61940  61.541  3.780  22.382 0.0000000000
58254  61.504  -0.458  23.532 0.0000000000
57409  62.375  -2.419  21.651 0.0000000000
118514  62.239  -3.704  20.511 0.0000000000
127739  61.835  -5.003  20.752 0.0000000000
41841  59.279  -19.082  23.794 0.0000000000
42576  58.443  -18.267  25.079 0.0000000000
40391  57.049  -21.152  25.737 0.0000000000
41826  56.878  -19.425  26.705 0.0000000000
43303  56.850  -17.504  27.679 0.0000000000
44139  55.663  -16.175  29.868 0.0000000000
45753  54.148  -14.410  31.769 0.0000000000
46564  51.854  -12.608  32.976 0.0000000000
46580  50.973  -14.040  29.982 0.0000000000
47353  50.514  -13.060  33.284 0.0000000000
45750  49.325  -14.542  32.282 0.0000000000
126465  48.239  -16.037  30.302 0.0000000000
132511  50.719  -16.896  34.686 0.0000000000
44122  48.024  -17.003  31.805 0.0000000000
43293  47.800  -17.442  29.468 0.0000000000
42535  47.179  -18.938  28.137 0.0000000000
41816  45.887  -19.531  27.035 0.0000000000
42550  43.400  -19.099  26.887 0.0000000000
39513  40.576  -23.097  36.620 0.0000000000
123975  40.431  -21.958  34.892 0.0000000000
39557  38.203  -22.278  33.899 0.0000000000
39578  36.154  -22.809  31.262 0.0000000000
38744  33.995  -23.670  28.522 0.0000000000
36044  32.361  -27.480  28.057 0.0000000000
125071  32.559  -27.113  27.195 0.0000000000
64821  60.051  6.631  13.707 0.0000000000
64828  59.536  6.372  12.855 0.0000000000
63922  61.060  6.182  12.943 0.0000000000
63942  62.637  5.642  11.484 0.0000000000
63024  63.038  4.528  10.895 0.0000000000
62037  62.786  2.791  12.947 0.0000000000
62046  61.591  2.877  12.112 0.0000000000
37699  33.426  -24.287  39.615 0.0000000000
38629  32.334  -23.828  37.894 0.0000000000
38659  30.390  -23.563  36.102 0.0000000000
37723  28.876  -24.666  38.298 0.0000000000
37753  28.338  -24.041  35.964 0.0000000000
128873  57.067  -30.748  26.838 0.0000000000
32592  55.545  -32.134  26.284 0.0000000000
121803  54.585  -29.681  27.402 0.0000000000
34344  53.704  -28.579  29.396 0.0000000000
36020  53.630  -26.777  30.970 0.0000000000
34333  52.737  -28.813  31.474 0.0000000000
34326  51.659  -28.974  32.512 0.0000000000
34316  50.750  -28.644  33.923 0.0000000000
30764  50.338  -32.027  33.015 0.0000000000
33448  50.041  -29.842  34.326 0.0000000000
35148  49.736  -27.597  35.731 0.0000000000
35980  48.300  -26.475  37.450 0.0000000000
35962  47.184  -25.998  38.418 0.0000000000
37696  44.922  -24.753  40.076 0.0000000000
114222  46.172  -38.979  35.621 0.0000000000
114229  46.930  -36.209  35.346 0.0000000000
115390  47.102  -33.717  35.761 0.0000000000
130428  45.822  -32.318  38.598 0.0000000000
115195  46.506  -31.706  38.089 0.0000000000
31564  47.309  -30.942  37.495 0.0000000000
114264  46.310  -28.365  39.009 0.0000000000
115419  44.345  -25.518  40.642 0.0000000000
37716  42.476  -24.240  39.161 0.0000000000
114297  40.030  -24.184  37.051 0.0000000000
114319  37.646  -24.503  34.280 0.0000000000
115019  36.059  -26.161  32.323 0.0000000000
130718  37.185  -26.384  34.463 0.0000000000
130719  35.477  -26.993  32.429 0.0000000000
130474  33.616  -27.222  30.867 0.0000000000
114751  31.202  -24.039  33.051 0.0000000000
58355  61.288  -0.599  16.677 0.0000000000
59243  60.575  -0.155  16.000 0.0000000000
58339  59.574  -1.172  16.939 0.0000000000
55789  57.774  -3.830  18.785 0.0000000000
56603  56.640  -2.368  17.883 0.0000000000
123027  55.194  -6.198  20.937 0.0000000000
122552  39.391  -25.870  47.296 0.0000000000
34997  37.413  -27.388  48.625 0.0000000000
33296  35.038  -29.797  48.011 0.0000000000
34998  32.619  -27.438  48.602 0.0000000000
35831  32.078  -26.700  47.631 0.0000000000
35058  30.185  -27.238  46.090 0.0000000000
35079  28.529  -27.632  44.593 0.0000000000
34230  27.067  -28.195  43.981 0.0000000000
33315  26.585  -29.377  47.519 0.0000000000
33326  26.009  -29.302  45.854 0.0000000000
34226  25.791  -28.908  44.151 0.0000000000
34236  25.549  -28.681  42.521 0.0000000000
33370  24.119  -29.246  41.921 0.0000000000
124685  60.138  8.790  14.583 0.0000000000
65697  60.135  7.837  14.660 0.0000000000
64813  60.999  6.568  14.750 0.0000000000
64803  61.349  6.097  14.941 0.0000000000
66534  60.143  8.405  16.536 0.0000000000
64793  60.259  6.615  15.911 0.0000000000
62994  62.193  4.419  15.247 0.0000000000
62024  61.734  3.847  15.989 0.0000000000
62014  62.148  2.748  15.993 0.0000000000
60135  62.189  1.164  16.397 0.0000000000
62002  58.877  3.787  17.195 0.0000000000
61074  61.190  1.954  17.277 0.0000000000
60122  62.032  0.732  16.934 0.0000000000
58337  61.703  -0.443  17.355 0.0000000000
139887  61.167  -1.661  18.176 0.0000000000
56582  60.698  -2.611  18.915 0.0000000000
58312  60.292  -0.052  19.906 0.0000000000
56570  60.382  -2.636  19.833 0.0000000000
119439  60.212  -3.582  20.012 0.0000000000
55752  58.934  -4.065  21.665 0.0000000000
136842  57.660  -3.410  22.018 0.0000000000
57425  56.188  -1.133  21.760 0.0000000000
61023  61.391  2.917  21.981 0.0000000000
59184  59.898  1.098  21.740 0.0000000000
115304  59.086  -0.887  22.833 0.0000000000
115029  59.199  -1.608  22.813 0.0000000000
115024  58.304  -1.090  23.605 0.0000000000
114515  58.020  -0.899  23.739 0.0000000000
59173  57.053  0.200  23.569 0.0000000000
59174  56.419  0.455  23.044 0.0000000000
59198  55.198  0.177  21.940 0.0000000000
59175  54.151  0.752  23.236 0.0000000000
59176  53.607  0.255  23.455 0.0000000000
57380  55.140  -1.381  25.711 0.0000000000
127936  53.619  -1.949  24.211 0.0000000000
52008  62.923  -6.988  20.361 0.0000000000
52999  61.659  -6.810  21.579 0.0000000000
121378  61.649  -13.349  20.164 0.0000000000
46641  59.496  -13.784  23.728 0.0000000000
47470  60.640  -13.090  21.797 0.0000000000
48349  61.918  -11.617  19.993 0.0000000000
49225  61.518  -10.170  22.193 0.0000000000
51075  60.956  -8.915  22.998 0.0000000000
51977  60.549  -7.696  23.740 0.0000000000
52936  59.595  -6.495  25.952 0.0000000000
52919  57.212  -6.275  27.296 0.0000000000
52938  54.741  -6.382  25.991 0.0000000000
50109  54.733  -9.321  26.488 0.0000000000
51039  54.426  -8.079  25.793 0.0000000000
52940  53.602  -6.502  24.940 0.0000000000
51978  51.129  -7.205  23.726 0.0000000000
49241  45.139  -11.015  20.795 0.0000000000
49258  42.789  -10.778  19.502 0.0000000000
45785  49.748  -14.691  28.147 0.0000000000
45808  46.249  -14.907  25.629 0.0000000000
135805  43.408  -14.618  22.831 0.0000000000
44196  44.739  -17.073  22.832 0.0000000000
45041  43.561  -16.054  21.590 0.0000000000
36865  52.417  -25.302  32.774 0.0000000000
38693  51.583  -23.464  33.858 0.0000000000
120553  50.021  -21.046  35.468 0.0000000000
39509  49.024  -22.514  36.390 0.0000000000
40300  48.223  -21.130  35.557 0.0000000000
41041  47.360  -21.059  33.185 0.0000000000
41077  46.176  -21.257  29.926 0.0000000000
41786  44.274  -20.241  28.759 0.0000000000
42552  41.471  -18.419  27.509 0.0000000000
40311  40.482  -21.545  34.133 0.0000000000
41053  39.676  -20.608  32.345 0.0000000000
41765  39.851  -19.766  31.136 0.0000000000
41105  35.245  -20.185  28.491 0.0000000000
41791  38.449  -19.240  29.825 0.0000000000
41775  40.967  -19.150  30.526 0.0000000000
125792  39.239  -18.149  28.535 0.0000000000
43306  38.742  -17.568  27.374 0.0000000000
63931  59.007  6.077  12.037 0.0000000000
63945  58.540  5.807  11.246 0.0000000000
63957  58.975  5.449  9.550 0.0000000000
60137  58.381  0.787  15.892 0.0000000000
35198  54.547  -27.442  28.336 0.0000000000
35209  54.933  -27.220  27.815 0.0000000000
36035  54.692  -26.637  28.415 0.0000000000
139634  54.681  -25.138  29.246 0.0000000000
36889  54.466  -25.650  29.690 0.0000000000
126846  54.092  -24.836  30.752 0.0000000000
36884  54.168  -25.460  30.457 0.0000000000
59258  62.045  0.452  16.318 0.0000000000
59259  61.240  0.338  15.740 0.0000000000
132267  36.491  -26.048  40.047 0.0000000000
114304  35.852  -25.703  39.956 0.0000000000
35947  36.212  -25.924  40.740 0.0000000000
125690  27.360  -27.331  41.916 0.0000000000
35106  26.897  -27.475  41.366 0.0000000000
35108  25.727  -28.100  40.879 0.0000000000
35107  26.214  -27.990  41.461 0.0000000000
27186  49.210  -36.625  34.859 0.0000000000
27191  49.770  -35.939  34.337 0.0000000000
26338  49.225  -38.043  34.064 0.0000000000
129622  49.736  -37.016  33.871 0.0000000000
25407  49.013  -39.232  33.395 0.0000000000
25418  48.514  -39.372  33.227 0.0000000000
25408  48.219  -39.847  34.013 0.0000000000
35105  37.630  -26.434  41.138 0.0000000000
117013  38.601  -26.496  40.356 0.0000000000
114280  37.631  -26.409  40.503 0.0000000000
114295  36.902  -26.286  39.576 0.0000000000
137507  55.787  -3.354  21.190 0.0000000000
55766  55.609  -3.959  21.133 0.0000000000
61949  61.506  4.135  21.779 0.0000000000
120277  60.581  -5.138  22.287 0.0000000000
54878  59.941  -4.472  23.478 0.0000000000
138628  59.933  -5.135  23.971 0.0000000000
53912  60.101  -5.885  23.854 0.0000000000
48238  52.093  -11.583  31.838 0.0000000000
47367  53.231  -11.648  31.508 0.0000000000
48246  52.419  -11.974  31.101 0.0000000000
47386  52.409  -13.202  29.347 0.0000000000
46585  51.676  -13.716  28.932 0.0000000000
46604  50.766  -13.727  28.084 0.0000000000
46579  51.654  -13.678  29.671 0.0000000000
38640  43.267  -23.584  37.241 0.0000000000
38639  44.010  -23.613  37.661 0.0000000000
38655  42.714  -23.279  36.447 0.0000000000
67439  59.320  9.346  13.852 0.0000000000
67440  58.464  8.953  13.446 0.0000000000
65705  58.520  7.442  13.519 0.0000000000
115309  39.151  -30.118  44.415 0.0000000000
116732  39.105  -29.126  44.670 0.0000000000
137412  38.611  -30.015  44.805 0.0000000000
35018  35.597  -27.845  47.419 0.0000000000
125831  35.489  -26.827  47.558 0.0000000000
35829  34.011  -26.133  47.921 0.0000000000
35842  33.587  -25.965  47.182 0.0000000000
35843  32.635  -26.317  46.895 0.0000000000
31553  47.901  -31.530  38.098 0.0000000000
29874  46.981  -32.870  38.633 0.0000000000
122960  46.785  -31.715  39.238 0.0000000000
32428  41.161  -29.373  44.447 0.0000000000
33348  42.184  -29.774  43.164 0.0000000000
31504  40.604  -30.560  43.833 0.0000000000
119177  40.851  -30.096  43.915 0.0000000000
37870  58.665  -24.573  22.713 0.0000000000
37887  59.495  -24.591  22.069 0.0000000000
132362  59.190  -23.832  22.139 0.0000000000
39669  60.591  -22.907  20.783 0.0000000000
38808  59.519  -23.016  21.724 0.0000000000
133500  59.124  -22.243  22.387 0.0000000000
39647  58.426  -22.293  23.408 0.0000000000
42512  54.348  -18.857  31.181 0.0000000000
41783  55.016  -19.422  29.886 0.0000000000
135990  53.881  -18.038  31.993 0.0000000000
43283  53.988  -17.279  31.945 0.0000000000
43277  52.987  -17.094  33.190 0.0000000000
44113  52.492  -16.567  33.761 0.0000000000
123096  49.236  -18.970  34.956 0.0000000000
42493  48.562  -18.306  34.687 0.0000000000
41745  48.220  -18.926  34.544 0.0000000000
41754  47.682  -19.351  32.648 0.0000000000
41746  47.766  -19.450  33.764 0.0000000000
36885  35.269  -25.665  30.679 0.0000000000
36890  34.064  -26.855  29.742 0.0000000000
124612  63.035  4.148  13.650 0.0000000000
62029  62.949  3.432  14.034 0.0000000000
131371  34.150  -28.006  33.985 0.0000000000
136201  33.273  -27.944  34.608 0.0000000000
117867  32.326  -25.137  41.814 0.0000000000
36785  32.114  -24.842  41.066 0.0000000000
36786  31.309  -24.953  40.889 0.0000000000
138528  26.274  -25.185  36.374 0.0000000000
29123  51.916  -34.964  30.362 0.0000000000
29143  53.324  -34.399  29.589 0.0000000000
29983  52.608  -33.548  29.923 0.0000000000
30808  53.390  -32.926  29.146 0.0000000000
30797  52.373  -32.864  30.498 0.0000000000
31645  52.191  -31.972  30.958 0.0000000000
30798  51.703  -32.861  31.290 0.0000000000
30740  48.141  -32.576  35.151 0.0000000000
31599  48.648  -31.675  35.139 0.0000000000
31586  48.213  -31.709  35.841 0.0000000000
32502  48.296  -30.871  36.320 0.0000000000
32503  47.757  -30.383  37.055 0.0000000000
131290  44.184  -35.305  38.848 0.0000000000
131733  44.695  -35.767  37.992 0.0000000000
130498  44.028  -35.397  38.973 0.0000000000
114820  41.312  -26.867  40.011 0.0000000000
130748  42.563  -27.675  40.572 0.0000000000
131761  42.194  -26.565  40.479 0.0000000000
114984  42.077  -26.271  41.323 0.0000000000
131950  40.953  -25.737  39.567 0.0000000000
131770  40.613  -25.892  38.842 0.0000000000
130487  40.147  -25.957  38.005 0.0000000000
131683  34.772  -27.230  34.534 0.0000000000
132002  35.294  -27.594  33.557 0.0000000000
114701  32.969  -26.559  32.709 0.0000000000
56593  59.974  -3.281  18.693 0.0000000000
55788  59.095  -3.837  18.931 0.0000000000
34192  28.493  -28.301  48.346 0.0000000000
34204  28.373  -28.322  47.149 0.0000000000
34194  27.244  -29.001  47.310 0.0000000000
32422  21.951  -30.404  45.812 0.0000000000
32421  22.961  -30.267  45.726 0.0000000000
33336  23.789  -29.999  45.212 0.0000000000
32430  22.945  -30.091  44.605 0.0000000000
32442  22.453  -30.033  43.775 0.0000000000
132791  21.958  -30.180  44.405 0.0000000000
134657  61.395  10.649  15.884 0.0000000000
68386  61.205  10.819  16.521 0.0000000000
138657  59.046  7.678  17.417 0.0000000000
65679  58.898  7.234  16.935 0.0000000000
63893  59.152  5.340  16.414 0.0000000000
64788  58.634  6.410  17.074 0.0000000000
61062  59.166  2.568  18.566 0.0000000000
60112  60.116  1.192  18.891 0.0000000000
58285  59.278  -0.822  22.175 0.0000000000
122899  59.683  -1.048  21.338 0.0000000000
114514  58.520  -2.023  22.448 0.0000000000
131110  58.673  -1.473  22.722 0.0000000000
59171  61.600  0.664  22.957 0.0000000000
115152  61.661  -0.633  22.473 0.0000000000
128460  58.448  -0.547  26.289 0.0000000000
59144  58.411  0.129  25.978 0.0000000000
60037  58.055  0.987  26.425 0.0000000000
60038  57.652  1.759  26.876 0.0000000000
60027  57.137  1.480  27.551 0.0000000000
60029  55.821  2.014  27.607 0.0000000000
130091  56.187  1.050  27.810 0.0000000000
133540  54.924  -4.725  25.874 0.0000000000
54849  54.768  -3.856  25.531 0.0000000000
54850  54.218  -4.791  25.139 0.0000000000
125515  53.146  -4.934  24.227 0.0000000000
127310  53.678  -5.057  24.685 0.0000000000
49263  63.599  -10.258  17.887 0.0000000000
138508  58.260  -16.301  24.786 0.0000000000
44193  59.035  -15.847  23.483 0.0000000000
45022  58.593  -15.622  24.186 0.0000000000
48287  57.818  -11.365  26.919 0.0000000000
48302  58.921  -11.542  25.663 0.0000000000
48286  58.517  -11.066  26.286 0.0000000000
49197  59.514  -10.209  25.368 0.0000000000
133374  58.486  -9.784  26.519 0.0000000000
50107  58.201  -9.006  26.790 0.0000000000
50108  57.760  -9.697  27.058 0.0000000000
49212  49.705  -10.565  23.936 0.0000000000
49211  50.431  -10.240  24.264 0.0000000000
49220  49.361  -10.238  23.252 0.0000000000
116736  48.998  -9.851  22.658 0.0000000000
49227  48.378  -10.134  22.233 0.0000000000
49238  47.306  -10.136  21.358 0.0000000000
47464  43.190  -12.737  22.503 0.0000000000
47471  42.672  -12.260  21.466 0.0000000000
47472  41.978  -12.857  21.588 0.0000000000
44148  48.230  -16.812  28.327 0.0000000000
44993  48.048  -16.247  27.499 0.0000000000
44163  47.304  -16.782  26.903 0.0000000000
36845  50.693  -25.850  34.832 0.0000000000
36832  50.097  -25.761  35.550 0.0000000000
40352  43.443  -21.151  32.516 0.0000000000
39568  44.905  -22.080  32.917 0.0000000000
121053  43.615  -20.776  31.846 0.0000000000
41062  44.187  -20.857  31.083 0.0000000000
115767  43.201  -20.344  31.311 0.0000000000
40373  34.898  -22.142  29.218 0.0000000000
40372  35.478  -21.506  29.597 0.0000000000
40379  34.290  -21.922  28.434 0.0000000000
63028  62.560  4.834  9.936 0.0000000000
62059  62.508  4.332  9.784 0.0000000000
34212  41.721  -27.998  45.004 0.0000000000
33332  40.481  -28.905  45.793 0.0000000000
35038  40.727  -27.747  45.710 0.0000000000
35015  39.729  -27.366  46.562 0.0000000000
34201  39.725  -28.159  46.485 0.0000000000
126854  38.633  -27.925  47.566 0.0000000000
33293  37.853  -29.018  47.311 0.0000000000
34174  37.562  -28.463  47.673 0.0000000000
35074  42.420  -26.627  44.660 0.0000000000
35087  43.526  -27.077  43.798 0.0000000000
120531  42.303  -27.540  44.576 0.0000000000
126534  42.200  -28.460  44.485 0.0000000000
33511  56.833  -30.869  24.944 0.0000000000
34403  57.731  -29.876  24.104 0.0000000000
34383  56.874  -28.958  24.760 0.0000000000
36048  56.331  -26.798  25.826 0.0000000000
36063  56.873  -27.009  24.960 0.0000000000
36919  56.696  -26.120  25.393 0.0000000000
36935  57.543  -25.513  24.208 0.0000000000
37840  57.061  -24.830  25.052 0.0000000000
120214  56.617  -24.380  25.785 0.0000000000
37832  56.137  -24.913  26.497 0.0000000000
38742  54.929  -23.576  29.087 0.0000000000
39597  55.174  -23.073  28.332 0.0000000000
39590  54.892  -22.351  29.608 0.0000000000
40359  54.653  -21.668  30.290 0.0000000000
40360  54.086  -21.347  30.949 0.0000000000
125507  53.562  -20.665  31.903 0.0000000000
40347  53.649  -21.444  31.672 0.0000000000
39564  52.834  -22.535  32.626 0.0000000000
40334  52.745  -21.563  32.869 0.0000000000
39550  52.258  -22.126  33.352 0.0000000000
40320  51.720  -21.804  33.814 0.0000000000
130654  30.572  -23.394  31.801 0.0000000000
114220  29.819  -23.022  30.353 0.0000000000
131221  27.944  -23.083  31.052 0.0000000000
61094  62.471  2.308  15.165 0.0000000000
61102  62.496  2.145  14.357 0.0000000000
60157  62.211  1.606  14.953 0.0000000000
60147  60.596  0.868  15.177 0.0000000000
60159  59.942  1.364  14.650 0.0000000000
60160  58.818  1.560  14.764 0.0000000000
114329  35.453  -26.563  36.474 0.0000000000
131006  34.598  -25.862  35.364 0.0000000000
117694  34.728  -25.405  36.240 0.0000000000
114323  33.955  -24.158  37.420 0.0000000000
37732  33.873  -24.350  36.185 0.0000000000
38658  32.729  -23.677  35.903 0.0000000000
35937  30.085  -25.891  42.025 0.0000000000
36771  29.874  -25.653  41.263 0.0000000000
35948  29.023  -26.020  41.145 0.0000000000
35951  26.860  -26.955  40.113 0.0000000000
118551  27.336  -26.405  39.710 0.0000000000
35966  26.215  -26.744  38.742 0.0000000000
138152  26.152  -26.402  38.115 0.0000000000
138745  25.677  -27.107  38.517 0.0000000000
35126  25.244  -27.359  38.263 0.0000000000
35121  25.538  -27.509  39.023 0.0000000000
35116  24.701  -28.404  39.975 0.0000000000
34259  24.173  -28.406  39.285 0.0000000000
133277  22.708  -28.755  39.200 0.0000000000
34255  22.625  -29.017  40.038 0.0000000000
29094  51.374  -34.103  32.636 0.0000000000
26354  50.695  -38.130  31.678 0.0000000000
27200  51.351  -37.003  31.521 0.0000000000
26365  51.177  -37.260  31.051 0.0000000000
26385  51.099  -37.162  30.847 0.0000000000
27214  50.408  -37.575  31.326 0.0000000000
28177  50.282  -36.263  31.680 0.0000000000
124254  49.751  -37.159  31.722 0.0000000000
26349  47.815  -38.796  33.323 0.0000000000
27196  47.704  -37.268  33.680 0.0000000000
28144  47.765  -35.065  34.147 0.0000000000
28145  47.670  -36.020  34.173 0.0000000000
130934  42.560  -28.663  41.296 0.0000000000
114922  42.865  -30.001  41.105 0.0000000000
114966  42.224  -27.737  41.081 0.0000000000
115576  39.652  -26.779  39.405 0.0000000000
131132  41.030  -27.784  40.059 0.0000000000
131970  39.741  -26.968  39.319 0.0000000000
130462  41.248  -28.321  39.340 0.0000000000
131684  40.948  -28.111  38.989 0.0000000000
132009  38.925  -27.080  38.023 0.0000000000
131134  38.165  -27.238  39.118 0.0000000000
130655  36.411  -26.764  38.100 0.0000000000
114164  36.460  -27.155  37.629 0.0000000000
115192  35.935  -26.912  37.141 0.0000000000
114169  35.369  -26.796  36.154 0.0000000000
53962  59.085  -5.417  20.424 0.0000000000
53936  58.379  -5.901  21.377 0.0000000000
53951  56.998  -6.798  21.313 0.0000000000
53008  57.217  -6.934  20.753 0.0000000000
53017  56.587  -7.350  20.055 0.0000000000
53009  56.428  -7.280  20.698 0.0000000000
32411  21.518  -30.549  46.601 0.0000000000
32423  20.099  -30.585  45.708 0.0000000000
61968  60.021  3.238  20.997 0.0000000000
61038  59.849  2.411  21.298 0.0000000000
126861  59.759  0.785  21.704 0.0000000000
56536  62.148  -1.937  21.705 0.0000000000
114513  61.150  -1.930  21.950 0.0000000000
114511  60.823  -2.675  21.865 0.0000000000
123336  59.725  -3.758  25.026 0.0000000000
55724  59.464  -3.246  24.151 0.0000000000
55713  59.399  -2.960  25.326 0.0000000000
57367  58.772  -1.466  25.896 0.0000000000
56503  59.013  -2.388  25.897 0.0000000000
57368  58.554  -2.002  26.458 0.0000000000
56490  58.764  -2.801  26.377 0.0000000000
121641  59.466  -5.059  26.417 0.0000000000
118249  58.441  -4.084  26.693 0.0000000000
54831  57.537  -4.566  26.952 0.0000000000
54832  56.642  -4.092  27.091 0.0000000000
53866  57.417  -5.395  27.060 0.0000000000
44979  56.394  -15.005  28.909 0.0000000000
123136  56.741  -14.898  28.372 0.0000000000
45763  56.219  -13.776  29.408 0.0000000000
47374  55.073  -11.858  30.383 0.0000000000
47383  55.868  -12.545  30.069 0.0000000000
48257  55.755  -11.495  29.759 0.0000000000
47382  56.510  -11.588  29.095 0.0000000000
140560  55.336  -10.812  29.672 0.0000000000
49159  54.724  -10.276  29.002 0.0000000000
49148  54.544  -10.648  29.700 0.0000000000
47421  51.142  -12.428  27.093 0.0000000000
48277  52.086  -12.183  27.179 0.0000000000
48290  50.765  -11.737  26.279 0.0000000000
48304  50.388  -11.290  25.493 0.0000000000
48291  49.928  -11.845  26.115 0.0000000000
48306  48.692  -11.769  24.970 0.0000000000
47435  49.114  -12.090  25.883 0.0000000000
46626  47.897  -13.044  26.096 0.0000000000
47437  47.562  -12.483  25.263 0.0000000000
47438  46.588  -12.829  24.993 0.0000000000
46634  45.819  -13.550  24.927 0.0000000000
42564  46.013  -18.815  26.040 0.0000000000
124320  45.755  -18.485  25.449 0.0000000000
42579  45.260  -18.582  24.953 0.0000000000
129662  41.443  -17.558  22.342 0.0000000000
43412  41.210  -17.987  20.442 0.0000000000
43413  39.990  -17.223  20.957 0.0000000000
36828  48.323  -25.623  37.370 0.0000000000
37728  47.793  -24.043  37.611 0.0000000000
140090  47.272  -23.687  37.939 0.0000000000
38669  43.786  -23.297  35.412 0.0000000000
123056  45.161  -23.398  35.673 0.0000000000
39541  43.819  -23.000  34.661 0.0000000000
39555  43.758  -22.470  33.924 0.0000000000
39556  42.775  -22.181  34.018 0.0000000000
66562  57.358  7.943  12.423 0.0000000000
66570  57.632  8.733  12.249 0.0000000000
65721  56.945  7.475  11.832 0.0000000000
65729  56.721  7.787  11.150 0.0000000000
64841  57.196  6.656  11.796 0.0000000000
139371  38.118  -26.004  42.741 0.0000000000
35915  38.417  -26.285  43.485 0.0000000000
35877  37.822  -26.219  45.024 0.0000000000
139492  36.269  -25.549  43.593 0.0000000000
36733  35.907  -25.452  44.243 0.0000000000
36735  34.668  -25.606  43.672 0.0000000000
117330  35.156  -25.557  44.108 0.0000000000
32407  37.859  -30.244  45.945 0.0000000000
34215  37.768  -29.126  45.691 0.0000000000
34202  37.168  -28.482  46.291 0.0000000000
36693  34.966  -25.380  46.699 0.0000000000
36706  35.481  -25.391  45.879 0.0000000000
121811  34.248  -25.657  45.105 0.0000000000
36722  33.667  -25.824  44.574 0.0000000000
36723  32.782  -25.972  44.275 0.0000000000
138377  31.689  -25.906  43.408 0.0000000000
36724  31.966  -26.076  44.097 0.0000000000
35881  30.671  -26.652  44.646 0.0000000000
35899  30.439  -26.432  43.714 0.0000000000
35901  28.885  -26.944  43.202 0.0000000000
35088  29.104  -27.193  44.015 0.0000000000
29902  48.380  -33.621  36.875 0.0000000000
30725  48.631  -32.993  36.675 0.0000000000
29070  48.602  -34.277  36.416 0.0000000000
120707  48.527  -35.739  36.106 0.0000000000
27182  47.830  -36.029  36.824 0.0000000000
26323  47.686  -37.005  36.697 0.0000000000
136839  46.288  -35.046  38.739 0.0000000000
28125  46.251  -35.789  38.535 0.0000000000
28114  45.865  -35.479  39.083 0.0000000000
27156  45.391  -36.154  39.254 0.0000000000
28115  45.581  -34.973  39.546 0.0000000000
32462  45.182  -29.877  41.191 0.0000000000
31532  45.906  -30.770  40.157 0.0000000000
31519  45.320  -30.722  40.673 0.0000000000
32454  43.341  -30.077  42.170 0.0000000000
31521  44.936  -31.146  41.102 0.0000000000
31522  44.201  -31.226  41.059 0.0000000000
29853  44.449  -33.104  40.320 0.0000000000
31523  43.352  -31.337  41.020 0.0000000000
33357  42.050  -28.968  42.292 0.0000000000
115976  39.749  -27.548  43.704 0.0000000000
115688  40.247  -27.334  42.926 0.0000000000
115034  39.483  -26.732  42.835 0.0000000000
124150  53.675  -1.851  20.230 0.0000000000
119931  62.164  -1.744  22.071 0.0000000000
116304  61.856  -1.633  23.207 0.0000000000
55750  63.102  -3.882  21.216 0.0000000000
56552  63.040  -2.890  20.979 0.0000000000
55775  63.251  -3.898  20.079 0.0000000000
54913  62.527  -4.436  20.118 0.0000000000
53947  63.089  -4.987  19.584 0.0000000000
35254  59.230  -28.511  22.936 0.0000000000
41144  58.988  -20.723  23.424 0.0000000000
41127  59.165  -19.946  23.636 0.0000000000
41842  58.736  -19.588  24.363 0.0000000000
42592  58.828  -18.684  24.464 0.0000000000
41834  58.348  -19.205  25.065 0.0000000000
39619  56.740  -22.598  25.771 0.0000000000
40398  57.170  -21.841  25.424 0.0000000000
40383  56.249  -21.390  26.806 0.0000000000
42533  55.912  -18.608  28.821 0.0000000000
41813  56.515  -19.755  27.275 0.0000000000
42532  56.496  -18.187  28.221 0.0000000000
132671  57.086  -18.705  26.804 0.0000000000
43297  56.517  -17.534  28.392 0.0000000000
44146  56.646  -16.770  28.281 0.0000000000
117417  55.675  -17.102  29.591 0.0000000000
44948  53.648  -15.806  32.536 0.0000000000
44957  54.140  -15.401  31.928 0.0000000000
123083  53.599  -14.833  32.414 0.0000000000
46563  52.630  -13.164  32.596 0.0000000000
46555  52.130  -13.656  33.211 0.0000000000
47352  51.205  -12.687  33.168 0.0000000000
46557  50.725  -13.301  33.746 0.0000000000
45739  49.606  -14.473  34.539 0.0000000000
45745  49.360  -14.437  33.565 0.0000000000
44950  48.822  -15.339  32.883 0.0000000000
44958  48.762  -15.280  31.610 0.0000000000
41744  52.576  -19.292  33.525 0.0000000000
123585  51.927  -17.921  34.230 0.0000000000
43262  50.219  -17.558  34.824 0.0000000000
43278  47.885  -17.863  32.122 0.0000000000
44116  48.198  -17.152  32.954 0.0000000000
43284  47.762  -17.715  31.230 0.0000000000
129029  47.611  -18.141  29.944 0.0000000000
42521  47.573  -18.239  29.247 0.0000000000
41785  46.872  -20.147  28.931 0.0000000000
41800  46.507  -19.905  28.193 0.0000000000
41801  45.766  -19.980  27.761 0.0000000000
41817  45.123  -19.656  27.177 0.0000000000
41802  44.701  -20.033  27.951 0.0000000000
38672  38.570  -23.004  35.079 0.0000000000
39530  39.175  -22.699  35.372 0.0000000000
39545  38.041  -22.929  34.354 0.0000000000
38728  35.350  -23.844  30.447 0.0000000000
38717  35.791  -23.687  31.099 0.0000000000
38729  34.862  -23.954  29.788 0.0000000000
39586  35.212  -23.227  30.075 0.0000000000
38743  34.439  -23.729  29.144 0.0000000000
131269  30.917  -25.114  28.615 0.0000000000
35213  31.880  -27.303  28.237 0.0000000000
114341  30.971  -26.714  27.703 0.0000000000
35227  31.030  -27.447  26.911 0.0000000000
36054  31.764  -27.792  26.491 0.0000000000
36912  32.669  -25.933  26.542 0.0000000000
63921  62.024  6.007  13.553 0.0000000000
63011  63.177  4.524  12.806 0.0000000000
63928  63.082  5.325  12.081 0.0000000000
63016  63.274  4.482  11.755 0.0000000000
63941  63.134  5.123  11.296 0.0000000000
62045  62.861  3.745  11.420 0.0000000000
61115  62.291  2.296  13.588 0.0000000000
61130  61.970  2.581  12.818 0.0000000000
115012  33.380  -24.857  33.877 0.0000000000
130742  33.311  -25.988  34.016 0.0000000000
130703  32.956  -24.809  33.572 0.0000000000
36765  35.523  -25.527  41.617 0.0000000000
36783  34.698  -25.040  40.692 0.0000000000
37680  33.892  -24.604  40.377 0.0000000000
37701  31.588  -24.333  39.452 0.0000000000
37719  32.406  -24.056  38.796 0.0000000000
37733  31.363  -23.902  37.828 0.0000000000
38644  31.056  -23.652  36.796 0.0000000000
38645  29.969  -23.872  36.966 0.0000000000
36811  29.128  -24.937  39.083 0.0000000000
37703  29.925  -24.749  39.354 0.0000000000
37747  26.789  -24.616  35.950 0.0000000000
37746  27.628  -24.414  36.393 0.0000000000
37754  27.465  -24.082  35.393 0.0000000000
30785  53.072  -31.941  31.359 0.0000000000
31631  54.028  -31.228  30.593 0.0000000000
30806  54.872  -33.164  28.355 0.0000000000
31652  55.263  -31.923  28.710 0.0000000000
32583  55.709  -31.202  28.421 0.0000000000
31659  56.199  -32.682  26.871 0.0000000000
31677  57.160  -32.263  25.910 0.0000000000
31670  55.586  -32.709  26.847 0.0000000000
32574  53.467  -30.800  29.197 0.0000000000
128475  54.153  -30.962  27.939 0.0000000000
33485  53.807  -30.256  28.547 0.0000000000
34352  53.928  -29.115  28.657 0.0000000000
33468  53.353  -29.077  30.174 0.0000000000
34337  53.550  -28.208  30.270 0.0000000000
33469  52.913  -29.387  30.872 0.0000000000
32546  51.530  -30.380  32.031 0.0000000000
33462  51.811  -29.649  31.959 0.0000000000
33455  51.311  -29.804  32.525 0.0000000000
34327  50.985  -29.270  33.016 0.0000000000
33456  50.800  -29.949  32.991 0.0000000000
29106  49.590  -34.478  32.779 0.0000000000
29963  50.057  -33.522  32.779 0.0000000000
30777  49.897  -32.799  33.207 0.0000000000
32516  49.405  -29.994  35.254 0.0000000000
128713  49.530  -30.967  34.462 0.0000000000
33435  49.772  -29.531  34.897 0.0000000000
34306  49.881  -28.682  35.141 0.0000000000
34292  49.565  -28.287  35.798 0.0000000000
35149  49.303  -27.459  36.368 0.0000000000
128602  48.752  -27.951  36.785 0.0000000000
35972  47.180  -26.918  38.415 0.0000000000
36809  46.294  -25.527  39.274 0.0000000000
121248  45.707  -24.850  39.596 0.0000000000
36799  45.305  -25.541  40.106 0.0000000000
114197  46.664  -39.364  36.752 0.0000000000
115466  47.138  -40.247  35.321 0.0000000000
131201  46.145  -38.738  36.479 0.0000000000
131844  45.714  -36.154  36.877 0.0000000000
115917  46.348  -36.646  36.142 0.0000000000
115476  46.733  -35.369  35.926 0.0000000000
114237  47.121  -34.339  35.347 0.0000000000
130778  46.697  -34.406  36.228 0.0000000000
131669  44.939  -31.294  39.584 0.0000000000
131671  45.567  -33.019  38.626 0.0000000000
135187  45.408  -31.377  39.328 0.0000000000
130702  45.210  -29.863  39.757 0.0000000000
114256  46.190  -31.139  38.645 0.0000000000
118443  45.954  -30.447  38.873 0.0000000000
117295  46.674  -30.890  38.163 0.0000000000
114258  46.553  -29.942  38.635 0.0000000000
116742  46.781  -29.097  38.546 0.0000000000
114783  45.364  -28.476  39.893 0.0000000000
115072  41.919  -25.577  40.850 0.0000000000
115441  43.797  -26.255  41.125 0.0000000000
114284  43.231  -25.591  40.899 0.0000000000
114292  42.709  -24.766  40.280 0.0000000000
37730  41.680  -24.366  38.571 0.0000000000
116006  40.675  -23.763  37.343 0.0000000000
115287  40.516  -24.590  37.777 0.0000000000
131189  38.322  -25.602  35.124 0.0000000000
136211  38.847  -24.963  35.771 0.0000000000
130494  37.793  -25.381  34.418 0.0000000000
36866  36.987  -25.207  33.341 0.0000000000
130796  36.649  -25.947  33.149 0.0000000000
114679  37.859  -26.932  35.927 0.0000000000
131156  37.709  -26.524  35.244 0.0000000000
130460  36.993  -26.745  34.675 0.0000000000
132091  34.594  -27.149  32.271 0.0000000000
132090  35.874  -26.969  33.009 0.0000000000
132013  34.875  -27.116  31.991 0.0000000000
131964  35.152  -26.995  31.935 0.0000000000
131522  34.264  -27.181  31.546 0.0000000000
131220  32.947  -26.118  31.590 0.0000000000
58338  60.756  -1.212  16.991 0.0000000000
58356  60.018  -0.631  16.436 0.0000000000
56601  58.674  -2.400  17.908 0.0000000000
57459  58.013  -1.713  17.480 0.0000000000
56596  56.270  -3.096  18.247 0.0000000000
127228  55.649  -2.461  17.756 0.0000000000
54918  53.641  -4.631  20.121 0.0000000000
54917  54.497  -4.817  20.665 0.0000000000
127807  54.264  -5.630  20.512 0.0000000000
36681  39.854  -25.161  47.048 0.0000000000
34976  36.737  -27.804  49.091 0.0000000000
34159  36.301  -28.528  48.868 0.0000000000
33280  34.998  -29.331  48.627 0.0000000000
35022  31.480  -26.974  47.982 0.0000000000
35021  32.914  -27.156  48.435 0.0000000000
35041  31.147  -26.984  47.262 0.0000000000
35845  30.922  -26.989  46.329 0.0000000000
34216  28.169  -28.223  46.090 0.0000000000
35060  28.724  -27.801  45.477 0.0000000000
35061  27.970  -28.080  45.159 0.0000000000
35080  27.784  -27.898  44.299 0.0000000000
32408  24.399  -30.180  46.857 0.0000000000
33316  25.277  -30.086  47.567 0.0000000000
117552  25.850  -29.701  47.258 0.0000000000
134538  26.106  -29.440  46.665 0.0000000000
134601  24.644  -29.443  44.238 0.0000000000
33341  25.205  -29.287  44.588 0.0000000000
33349  25.137  -29.171  43.825 0.0000000000
34232  25.680  -28.788  43.345 0.0000000000
34233  25.010  -29.095  43.031 0.0000000000
34237  24.861  -28.999  42.180 0.0000000000
33358  24.296  -29.324  42.755 0.0000000000
136900  22.920  -29.571  42.246 0.0000000000
32444  20.231  -30.072  43.420 0.0000000000
122123  61.061  10.051  14.660 0.0000000000
67432  60.918  9.299  14.955 0.0000000000
65696  60.625  7.385  15.167 0.0000000000
64804  60.789  6.616  15.299 0.0000000000
135685  60.729  9.911  17.068 0.0000000000
67419  60.082  9.042  17.209 0.0000000000
120911  59.831  5.886  16.099 0.0000000000
63903  60.845  5.843  15.622 0.0000000000
62995  61.254  4.860  15.791 0.0000000000
62015  61.188  3.274  16.576 0.0000000000
61087  61.812  2.137  16.650 0.0000000000
62970  58.637  4.595  17.296 0.0000000000
61988  58.727  3.897  17.686 0.0000000000
60136  61.876  1.423  16.989 0.0000000000
59231  61.762  0.285  17.465 0.0000000000
58325  61.473  -1.001  17.792 0.0000000000
57455  60.892  -2.248  18.444 0.0000000000
57445  60.836  -1.718  19.073 0.0000000000
59215  59.886  0.917  19.832 0.0000000000
57423  59.842  -2.031  20.964 0.0000000000
57433  60.225  -1.470  20.281 0.0000000000
55765  59.880  -4.124  20.608 0.0000000000
55751  59.509  -3.876  21.265 0.0000000000
55743  58.308  -3.187  22.127 0.0000000000
56555  57.538  -2.552  22.196 0.0000000000
57424  56.887  -1.836  22.001 0.0000000000
57411  56.799  -0.922  22.405 0.0000000000
60067  61.610  2.369  22.411 0.0000000000
59183  60.986  0.822  22.069 0.0000000000
138307  59.945  0.002  21.725 0.0000000000
130968  59.564  -2.217  22.502 0.0000000000
114928  58.574  -1.996  23.283 0.0000000000
59153  58.272  -0.207  24.971 0.0000000000
114939  58.427  -1.445  23.472 0.0000000000
115947  57.957  -0.760  23.942 0.0000000000
118556  57.602  -0.145  23.935 0.0000000000
114516  57.690  -0.704  23.464 0.0000000000
61006  56.410  2.590  25.292 0.0000000000
60068  56.490  1.189  23.753 0.0000000000
61024  56.083  1.778  24.069 0.0000000000
59186  55.713  0.506  22.548 0.0000000000
60080  55.290  1.054  23.023 0.0000000000
59187  54.962  0.644  22.459 0.0000000000
60070  54.699  1.270  23.658 0.0000000000
59155  54.381  0.401  24.854 0.0000000000
59164  54.059  0.733  24.037 0.0000000000
59165  53.716  -0.011  24.197 0.0000000000
58267  53.294  -0.551  23.606 0.0000000000
58257  53.644  -0.748  24.207 0.0000000000
57370  56.628  -1.666  27.023 0.0000000000
57371  55.871  -1.352  26.567 0.0000000000
55725  53.896  -3.282  24.600 0.0000000000
56514  54.138  -2.285  24.689 0.0000000000
56515  53.529  -2.656  24.173 0.0000000000
56526  53.128  -2.089  23.705 0.0000000000
51088  62.879  -8.165  20.496 0.0000000000
137046  62.770  -7.541  20.619 0.0000000000
52000  62.314  -7.083  20.944 0.0000000000
52001  61.775  -7.697  21.712 0.0000000000
45824  60.462  -14.890  21.559 0.0000000000
45833  61.487  -15.011  20.510 0.0000000000
46657  62.161  -14.490  19.879 0.0000000000
46665  62.618  -13.741  19.308 0.0000000000
46658  61.357  -14.075  20.532 0.0000000000
45806  58.096  -14.149  26.157 0.0000000000
117318  58.638  -14.815  24.538 0.0000000000
46632  59.046  -13.772  24.617 0.0000000000
48321  60.193  -11.797  23.746 0.0000000000
47455  59.956  -12.871  23.488 0.0000000000
48341  60.897  -12.083  21.909 0.0000000000
119208  61.536  -12.235  20.442 0.0000000000
49237  61.321  -11.176  21.877 0.0000000000
49236  61.803  -10.427  21.240 0.0000000000
49226  60.953  -10.698  22.695 0.0000000000
50142  60.381  -9.111  24.325 0.0000000000
50152  60.702  -9.457  23.615 0.0000000000
51064  60.663  -8.584  23.699 0.0000000000
51990  60.896  -8.018  23.027 0.0000000000
51054  60.319  -8.238  24.409 0.0000000000
52959  59.869  -6.963  25.241 0.0000000000
119943  59.845  -7.860  25.099 0.0000000000
51934  57.486  -7.252  27.197 0.0000000000
51935  56.292  -6.946  27.825 0.0000000000
52920  55.977  -6.113  27.820 0.0000000000
51949  55.062  -6.926  26.473 0.0000000000
49184  54.421  -10.098  26.811 0.0000000000
50094  55.067  -9.561  27.411 0.0000000000
50110  54.048  -9.697  26.081 0.0000000000
133233  51.997  -8.761  24.478 0.0000000000
51040  53.262  -8.768  25.175 0.0000000000
51952  53.226  -8.102  24.999 0.0000000000
51951  53.892  -7.464  25.296 0.0000000000
51968  52.449  -7.869  24.550 0.0000000000
51969  51.954  -7.142  24.111 0.0000000000
51065  50.916  -8.058  23.885 0.0000000000
51083  48.313  -8.688  21.619 0.0000000000
115503  46.100  -11.707  22.739 0.0000000000
49230  46.181  -11.343  21.962 0.0000000000
48333  45.562  -11.678  22.294 0.0000000000
48356  41.958  -11.230  19.790 0.0000000000
49252  42.877  -11.268  20.086 0.0000000000
49259  41.294  -10.854  19.067 0.0000000000
45764  50.514  -14.534  29.385 0.0000000000
45773  50.592  -14.523  28.909 0.0000000000
45774  50.044  -14.868  28.689 0.0000000000
45013  46.154  -16.102  25.479 0.0000000000
45798  46.815  -15.309  26.192 0.0000000000
133439  45.786  -15.429  25.173 0.0000000000
45815  44.757  -15.038  24.117 0.0000000000
43373  44.463  -17.749  22.701 0.0000000000
43371  45.282  -17.424  23.881 0.0000000000
44213  44.294  -17.304  21.981 0.0000000000
45063  42.307  -16.372  19.864 0.0000000000
45051  43.349  -16.597  20.901 0.0000000000
45052  42.519  -15.784  20.681 0.0000000000
35176  52.780  -26.433  32.040 0.0000000000
36864  52.832  -25.622  32.182 0.0000000000
36012  52.400  -26.064  32.675 0.0000000000
38682  50.617  -23.609  34.882 0.0000000000
37775  51.441  -24.422  33.963 0.0000000000
38681  51.014  -22.928  34.424 0.0000000000
128130  50.678  -22.220  34.824 0.0000000000
39537  50.125  -21.955  35.483 0.0000000000
39511  47.532  -22.637  36.895 0.0000000000
38649  48.932  -23.271  36.585 0.0000000000
39522  47.744  -22.061  36.259 0.0000000000
40321  46.866  -22.097  33.145 0.0000000000
40308  47.215  -21.618  34.669 0.0000000000
120309  47.102  -21.743  33.537 0.0000000000
41031  47.413  -21.051  34.384 0.0000000000
118714  47.142  -21.658  32.678 0.0000000000
41061  47.043  -21.366  30.978 0.0000000000
40361  46.446  -21.557  30.701 0.0000000000
137793  42.777  -19.562  29.277 0.0000000000
41093  43.894  -20.324  29.575 0.0000000000
41804  42.676  -19.349  28.683 0.0000000000
41819  43.007  -19.295  27.733 0.0000000000
42537  42.074  -18.863  28.056 0.0000000000
40312  39.630  -21.745  34.416 0.0000000000
40326  39.269  -21.402  33.637 0.0000000000
41082  37.565  -20.561  30.776 0.0000000000
41054  38.896  -20.727  32.055 0.0000000000
41066  39.437  -20.273  31.631 0.0000000000
41052  40.653  -20.607  32.559 0.0000000000
132789  39.158  -20.012  31.006 0.0000000000
120199  33.439  -21.049  27.120 0.0000000000
127690  34.457  -20.872  28.134 0.0000000000
134138  33.974  -20.672  27.515 0.0000000000
41820  36.101  -18.729  27.899 0.0000000000
41792  37.216  -19.212  29.079 0.0000000000
42527  37.979  -18.863  29.189 0.0000000000
41790  39.416  -19.029  29.994 0.0000000000
42526  38.844  -18.591  29.282 0.0000000000
139765  40.407  -18.733  29.844 0.0000000000
42539  38.298  -18.299  28.597 0.0000000000
43318  37.674  -17.367  26.694 0.0000000000
43307  38.075  -17.574  27.357 0.0000000000
43316  39.342  -17.555  27.007 0.0000000000
119715  58.702  9.379  9.755 0.0000000000
64829  58.415  6.508  12.668 0.0000000000
63951  59.373  5.594  10.364 0.0000000000
63952  58.089  5.635  10.423 0.0000000000
58357  58.794  -0.411  16.573 0.0000000000
59244  59.199  0.194  16.035 0.0000000000
59245  58.086  0.355  16.274 0.0000000000
35855  41.602  -26.557  45.382 0.0000000000
124015  40.212  -26.764  46.357 0.0000000000
35825  39.564  -26.667  46.932 0.0000000000
123893  55.436  -28.464  26.498 0.0000000000
34369  56.067  -28.609  25.686 0.0000000000
35208  55.403  -27.419  27.041 0.0000000000
36049  55.820  -26.625  26.626 0.0000000000
36909  55.725  -25.739  26.933 0.0000000000
37833  55.601  -24.945  27.215 0.0000000000
37824  55.133  -24.923  27.813 0.0000000000
37818  54.810  -24.417  29.173 0.0000000000
38726  54.501  -23.435  30.479 0.0000000000
119809  54.173  -23.006  30.850 0.0000000000
38727  53.970  -23.677  30.988 0.0000000000
38714  53.642  -23.728  31.637 0.0000000000
37797  53.047  -24.101  32.158 0.0000000000
131271  36.050  -26.216  38.425 0.0000000000
114311  35.035  -25.291  37.156 0.0000000000
114305  35.633  -25.622  38.598 0.0000000000
36810  34.783  -24.791  38.916 0.0000000000
37717  33.928  -24.246  38.642 0.0000000000
35938  28.828  -26.429  41.917 0.0000000000
35949  28.247  -26.323  40.760 0.0000000000
35940  27.655  -26.920  41.244 0.0000000000
35113  27.061  -27.129  40.754 0.0000000000
35115  25.530  -27.951  40.015 0.0000000000
34252  25.071  -28.443  40.725 0.0000000000
34253  24.328  -28.757  40.579 0.0000000000
28142  50.638  -34.891  33.504 0.0000000000
29104  51.214  -35.076  32.661 0.0000000000
28150  50.677  -36.005  33.115 0.0000000000
26347  50.385  -38.074  32.395 0.0000000000
25431  49.907  -39.192  31.866 0.0000000000
26356  49.125  -38.824  32.019 0.0000000000
25432  49.337  -39.028  32.137 0.0000000000
25419  47.764  -39.681  33.538 0.0000000000
26339  47.415  -39.356  33.871 0.0000000000
115551  40.150  -26.283  41.500 0.0000000000
114267  40.697  -26.248  41.133 0.0000000000
114272  39.496  -26.238  41.057 0.0000000000
126968  38.869  -26.565  40.143 0.0000000000
114878  38.194  -26.858  39.234 0.0000000000
130774  37.461  -26.990  38.852 0.0000000000
130656  37.643  -26.716  39.126 0.0000000000
131130  36.584  -26.391  38.813 0.0000000000
54902  57.120  -5.138  21.731 0.0000000000
53937  57.626  -6.116  21.548 0.0000000000
54903  56.225  -5.028  21.440 0.0000000000
53952  56.160  -6.163  21.385 0.0000000000
32413  19.619  -30.850  46.491 0.0000000000
125989  60.686  4.015  21.053 0.0000000000
61956  60.705  3.546  21.280 0.0000000000
55742  60.914  -3.386  21.850 0.0000000000
54890  60.102  -3.678  22.683 0.0000000000
123087  59.580  -3.642  25.908 0.0000000000
54846  59.795  -4.593  25.738 0.0000000000
46570  54.582  -13.342  31.157 0.0000000000
133345  55.834  -13.644  30.178 0.0000000000
47366  53.859  -12.428  31.376 0.0000000000
47376  53.828  -11.616  31.067 0.0000000000
49140  53.677  -11.154  30.162 0.0000000000
48259  53.562  -11.718  29.514 0.0000000000
47385  53.064  -12.463  29.441 0.0000000000
47393  52.173  -13.219  28.461 0.0000000000
46603  51.107  -13.148  27.741 0.0000000000
47423  49.624  -12.574  26.667 0.0000000000
47407  50.353  -13.111  27.360 0.0000000000
46618  49.374  -13.404  27.163 0.0000000000
46619  48.366  -13.783  26.808 0.0000000000
38624  45.979  -23.644  38.849 0.0000000000
38637  46.655  -23.465  38.176 0.0000000000
38638  44.926  -23.395  37.705 0.0000000000
38654  43.614  -23.469  36.223 0.0000000000
39542  42.437  -22.426  34.799 0.0000000000
67455  58.923  9.834  12.197 0.0000000000
66561  57.855  8.465  12.921 0.0000000000
35075  39.356  -28.008  44.492 0.0000000000
114268  39.038  -27.045  44.112 0.0000000000
35076  38.843  -27.394  44.879 0.0000000000
35077  38.310  -27.009  45.355 0.0000000000
33324  36.760  -29.165  46.630 0.0000000000
35039  36.846  -27.543  46.657 0.0000000000
35040  36.287  -26.945  47.163 0.0000000000
36683  35.211  -25.600  47.297 0.0000000000
36694  34.095  -25.625  46.496 0.0000000000
35879  32.213  -26.222  44.886 0.0000000000
36695  33.217  -25.996  46.189 0.0000000000
140190  31.839  -26.408  45.251 0.0000000000
138809  31.067  -26.661  45.114 0.0000000000
30709  47.741  -32.914  37.711 0.0000000000
29903  47.819  -33.569  37.450 0.0000000000
139239  47.392  -34.956  37.588 0.0000000000
29066  47.382  -34.209  37.786 0.0000000000
29886  46.672  -33.570  38.682 0.0000000000
29876  46.155  -33.670  39.396 0.0000000000
33346  43.495  -29.176  42.825 0.0000000000
32452  44.268  -29.819  41.804 0.0000000000
32437  43.761  -29.597  42.320 0.0000000000
32438  43.014  -29.628  42.333 0.0000000000
115527  41.867  -30.179  42.853 0.0000000000
119752  41.616  -29.981  42.545 0.0000000000
114242  41.427  -30.028  43.338 0.0000000000
115485  40.280  -29.475  43.613 0.0000000000
36103  58.828  -26.378  22.800 0.0000000000
119492  59.521  -26.006  22.462 0.0000000000
36953  60.517  -25.337  22.017 0.0000000000
40449  61.413  -20.907  20.905 0.0000000000
41157  61.014  -20.184  21.138 0.0000000000
39646  59.609  -21.366  22.045 0.0000000000
40425  58.868  -21.495  23.140 0.0000000000
135351  58.537  -21.090  23.880 0.0000000000
40377  55.535  -21.391  28.393 0.0000000000
41110  55.859  -20.801  27.887 0.0000000000
41100  55.676  -20.462  28.590 0.0000000000
126424  55.509  -19.164  29.435 0.0000000000
122637  55.167  -17.869  29.988 0.0000000000
43292  55.152  -16.972  30.356 0.0000000000
43288  54.805  -17.611  30.741 0.0000000000
44128  54.141  -16.331  31.964 0.0000000000
44949  52.997  -15.280  32.912 0.0000000000
45744  51.512  -14.156  33.739 0.0000000000
44941  52.564  -15.669  33.552 0.0000000000
137893  52.149  -15.961  33.974 0.0000000000
44938  49.481  -15.549  34.877 0.0000000000
41736  51.213  -19.352  34.569 0.0000000000
42485  51.013  -18.359  34.684 0.0000000000
42486  49.717  -18.294  34.927 0.0000000000
43271  47.942  -18.004  32.968 0.0000000000
42507  47.700  -18.510  31.498 0.0000000000
42514  47.531  -18.954  29.948 0.0000000000
41761  47.600  -19.147  30.876 0.0000000000
41772  47.473  -19.810  30.291 0.0000000000
41090  46.640  -20.771  29.412 0.0000000000
37787  36.802  -24.391  32.920 0.0000000000
129855  37.142  -23.511  33.268 0.0000000000
37798  35.986  -24.446  31.494 0.0000000000
37807  35.107  -24.733  30.218 0.0000000000
36896  34.252  -25.524  29.262 0.0000000000
64819  61.499  6.178  14.339 0.0000000000
131260  32.505  -23.893  33.567 0.0000000000
36750  34.189  -25.261  42.270 0.0000000000
36784  34.016  -24.958  41.307 0.0000000000
37681  32.864  -24.495  40.486 0.0000000000
37721  30.745  -24.290  38.782 0.0000000000
119349  27.260  -25.215  37.686 0.0000000000
36821  28.050  -24.894  38.040 0.0000000000
29121  53.039  -34.558  30.271 0.0000000000
29981  53.675  -32.778  30.267 0.0000000000
29990  53.790  -33.457  29.746 0.0000000000
29998  53.865  -33.929  29.267 0.0000000000
126281  54.208  -33.833  28.079 0.0000000000
31671  54.779  -33.101  27.161 0.0000000000
31662  53.860  -33.459  28.313 0.0000000000
31653  53.484  -32.023  29.035 0.0000000000
31644  52.687  -31.149  30.552 0.0000000000
32555  52.660  -30.203  30.987 0.0000000000
138064  52.408  -31.063  31.082 0.0000000000
31633  51.846  -31.106  31.594 0.0000000000
31621  51.308  -30.990  32.123 0.0000000000
29953  48.690  -33.564  33.798 0.0000000000
30765  49.254  -32.871  33.768 0.0000000000
123576  48.686  -32.214  34.656 0.0000000000
32530  49.121  -30.884  35.053 0.0000000000
32517  48.813  -30.198  35.830 0.0000000000
34280  48.476  -28.651  36.937 0.0000000000
33412  48.058  -29.466  36.977 0.0000000000
34281  47.824  -28.662  37.618 0.0000000000
35134  46.757  -27.584  38.703 0.0000000000
115103  46.256  -36.823  37.741 0.0000000000
115134  45.674  -37.836  36.439 0.0000000000
115330  45.235  -36.290  37.341 0.0000000000
131707  45.053  -36.121  37.490 0.0000000000
130557  45.489  -35.483  37.327 0.0000000000
130482  42.283  -28.993  40.213 0.0000000000
131760  44.621  -29.930  40.206 0.0000000000
130640  43.112  -29.008  41.019 0.0000000000
130964  43.713  -28.710  41.121 0.0000000000
130705  43.313  -27.921  41.563 0.0000000000
130701  44.596  -27.880  40.688 0.0000000000
131753  42.809  -26.947  41.663 0.0000000000
115336  41.117  -25.401  39.894 0.0000000000
136613  41.080  -25.045  38.730 0.0000000000
130813  40.395  -25.414  38.213 0.0000000000
130493  39.778  -25.818  37.371 0.0000000000
114759  38.843  -25.882  35.812 0.0000000000
131312  36.290  -27.575  34.672 0.0000000000
132089  36.562  -26.861  34.204 0.0000000000
132088  35.362  -27.384  33.328 0.0000000000
131370  34.885  -27.261  32.884 0.0000000000
132297  33.561  -25.974  32.986 0.0000000000
131668  32.053  -25.048  33.730 0.0000000000
130425  32.894  -25.558  33.471 0.0000000000
131749  31.530  -25.067  34.294 0.0000000000
56594  58.224  -3.034  18.358 0.0000000000
54932  56.881  -5.615  19.260 0.0000000000
119878  56.399  -4.540  18.779 0.0000000000
35024  29.865  -27.564  47.876 0.0000000000
35043  29.646  -27.595  46.795 0.0000000000
34217  27.396  -28.517  45.747 0.0000000000
32395  23.040  -30.499  47.580 0.0000000000
33328  24.516  -29.886  45.798 0.0000000000
33343  23.905  -29.742  44.241 0.0000000000
33350  23.722  -29.612  43.320 0.0000000000
33352  21.961  -29.934  43.112 0.0000000000
68393  61.319  10.087  15.326 0.0000000000
65670  59.385  8.145  17.251 0.0000000000
62983  59.545  4.593  16.457 0.0000000000
61063  58.942  3.149  17.751 0.0000000000
137582  60.454  1.475  18.235 0.0000000000
60111  61.100  0.643  18.171 0.0000000000
114512  59.434  -2.413  21.524 0.0000000000
56554  59.130  -3.090  21.769 0.0000000000
115187  58.931  -2.355  22.034 0.0000000000
56537  58.014  -2.282  22.486 0.0000000000
118051  57.440  -1.018  22.917 0.0000000000
133832  61.541  2.083  22.958 0.0000000000
59182  61.637  0.949  22.579 0.0000000000
132443  58.734  -1.566  25.057 0.0000000000
60047  57.767  1.560  25.306 0.0000000000
61005  57.344  2.531  25.654 0.0000000000
61923  56.092  2.894  25.997 0.0000000000
60057  55.081  1.816  25.051 0.0000000000
60039  55.525  1.978  26.855 0.0000000000
127493  55.253  1.203  26.360 0.0000000000
59154  54.974  0.407  25.793 0.0000000000
55702  55.700  -3.110  26.380 0.0000000000
56504  55.493  -2.283  26.017 0.0000000000
55715  55.090  -3.093  25.729 0.0000000000
55716  54.502  -3.125  25.154 0.0000000000
55726  53.307  -3.443  24.054 0.0000000000
54879  52.212  -4.097  23.419 0.0000000000
54866  52.928  -4.169  23.901 0.0000000000
54867  52.465  -4.867  23.820 0.0000000000
50183  63.057  -9.408  19.494 0.0000000000
50173  62.902  -8.904  20.179 0.0000000000
44206  60.065  -16.741  22.333 0.0000000000
44205  60.787  -16.730  21.519 0.0000000000
126996  59.453  -16.079  22.853 0.0000000000
45029  59.403  -15.485  22.936 0.0000000000
123804  59.962  -14.563  22.342 0.0000000000
47419  58.376  -12.684  26.253 0.0000000000
47445  59.167  -12.938  25.022 0.0000000000
47434  58.818  -12.535  25.642 0.0000000000
48312  59.429  -12.089  24.999 0.0000000000
48311  59.849  -11.407  24.499 0.0000000000
49218  60.685  -10.340  23.475 0.0000000000
49209  59.873  -10.520  24.676 0.0000000000
50143  59.874  -9.657  24.829 0.0000000000
50125  59.478  -9.368  25.557 0.0000000000
51038  59.362  -8.392  25.787 0.0000000000
50126  58.860  -9.141  26.149 0.0000000000
116565  57.804  -8.157  27.010 0.0000000000
51022  56.642  -7.926  27.614 0.0000000000
49200  51.612  -10.388  25.220 0.0000000000
50111  53.246  -9.920  25.770 0.0000000000
49210  51.195  -9.948  24.550 0.0000000000
134644  51.411  -9.277  24.397 0.0000000000
50145  50.668  -9.426  24.019 0.0000000000
51066  50.406  -8.621  23.612 0.0000000000
136461  50.048  -9.267  23.520 0.0000000000
50162  48.616  -9.373  22.126 0.0000000000
50168  47.165  -9.436  20.857 0.0000000000
49249  45.188  -10.428  20.145 0.0000000000
48325  45.240  -12.123  22.981 0.0000000000
48335  43.908  -12.195  22.199 0.0000000000
48351  42.873  -11.722  20.745 0.0000000000
44969  49.492  -15.477  29.141 0.0000000000
44991  49.407  -15.312  28.379 0.0000000000
44992  48.762  -15.825  27.952 0.0000000000
117511  42.910  -18.091  20.795 0.0000000000
44232  43.413  -17.626  20.789 0.0000000000
43410  42.913  -17.986  20.143 0.0000000000
36005  51.824  -26.669  33.146 0.0000000000
36857  51.891  -25.761  33.205 0.0000000000
119706  51.141  -25.878  34.145 0.0000000000
36844  51.002  -25.052  34.389 0.0000000000
38665  49.981  -23.484  35.515 0.0000000000
116313  45.949  -22.803  34.256 0.0000000000
39539  46.459  -22.471  34.339 0.0000000000
39553  45.958  -22.511  33.469 0.0000000000
39567  45.755  -22.208  32.745 0.0000000000
40336  45.730  -21.931  31.936 0.0000000000
40349  45.951  -21.771  31.178 0.0000000000
41079  43.590  -20.325  30.451 0.0000000000
41788  42.228  -19.267  29.525 0.0000000000
39577  36.698  -21.914  31.298 0.0000000000
40342  38.351  -21.232  32.424 0.0000000000
40354  37.375  -21.344  31.541 0.0000000000
140507  37.505  -20.962  31.222 0.0000000000
41831  33.041  -20.038  26.027 0.0000000000
41111  34.475  -19.917  27.622 0.0000000000
42557  36.935  -18.324  27.902 0.0000000000
42556  37.766  -18.039  27.945 0.0000000000
136721  62.096  5.739  10.982 0.0000000000
63943  61.117  5.847  11.059 0.0000000000
33331  40.650  -29.229  45.176 0.0000000000
31484  39.512  -30.488  44.807 0.0000000000
129252  39.963  -29.905  45.293 0.0000000000
32404  39.507  -29.540  45.669 0.0000000000
32391  38.699  -29.579  46.412 0.0000000000
122407  40.259  -27.592  46.137 0.0000000000
126009  39.624  -28.836  46.578 0.0000000000
33309  37.994  -29.322  46.720 0.0000000000
121577  37.142  -29.276  46.891 0.0000000000
33310  36.233  -29.338  47.269 0.0000000000
33311  35.431  -29.310  47.578 0.0000000000
34234  44.695  -28.816  41.999 0.0000000000
123622  44.404  -28.160  42.640 0.0000000000
34228  43.921  -28.535  43.179 0.0000000000
34222  42.836  -28.712  44.018 0.0000000000
33339  42.056  -29.113  44.032 0.0000000000
33499  57.911  -30.673  25.428 0.0000000000
33509  58.690  -29.952  23.897 0.0000000000
33532  58.996  -29.603  23.413 0.0000000000
35271  58.824  -28.702  22.968 0.0000000000
35218  56.484  -27.771  25.318 0.0000000000
35256  57.193  -27.990  24.484 0.0000000000
36104  58.458  -27.653  23.237 0.0000000000
36956  58.254  -25.984  23.357 0.0000000000
37871  58.063  -24.997  23.482 0.0000000000
38790  58.015  -23.925  23.609 0.0000000000
39648  57.991  -22.921  23.918 0.0000000000
38776  57.502  -23.445  24.525 0.0000000000
38764  56.641  -23.498  25.804 0.0000000000
38749  55.840  -22.798  26.994 0.0000000000
133727  55.831  -24.299  26.927 0.0000000000
132825  55.429  -23.328  27.565 0.0000000000
117342  55.528  -22.330  27.705 0.0000000000
41088  54.919  -20.817  29.826 0.0000000000
41771  54.221  -19.817  31.016 0.0000000000
117612  53.899  -19.244  31.695 0.0000000000
42498  53.651  -18.722  32.369 0.0000000000
41752  53.597  -19.511  32.267 0.0000000000
41753  53.154  -19.366  32.772 0.0000000000
121444  52.816  -19.949  33.035 0.0000000000
40348  53.191  -21.796  32.278 0.0000000000
41048  52.766  -20.694  32.972 0.0000000000
122119  51.842  -19.746  34.020 0.0000000000
135213  50.642  -19.783  34.820 0.0000000000
116938  49.755  -19.722  35.210 0.0000000000
114827  32.999  -27.301  30.116 0.0000000000
36031  33.339  -27.372  29.596 0.0000000000
130648  27.497  -23.922  30.171 0.0000000000
115001  28.045  -24.173  28.637 0.0000000000
62022  62.651  3.661  14.748 0.0000000000
61093  62.692  2.837  14.544 0.0000000000
115480  34.912  -27.033  35.018 0.0000000000
114230  33.986  -27.232  33.882 0.0000000000
114849  34.302  -26.348  34.350 0.0000000000
131023  34.044  -25.541  34.573 0.0000000000
115282  33.674  -24.617  34.792 0.0000000000
114317  34.480  -24.721  36.756 0.0000000000
114331  33.055  -24.261  33.847 0.0000000000
114335  32.491  -23.664  33.910 0.0000000000
38673  31.681  -23.291  34.284 0.0000000000
38674  30.667  -23.270  35.087 0.0000000000
118477  30.459  -25.116  40.603 0.0000000000
36802  29.338  -25.244  39.823 0.0000000000
36803  28.579  -25.488  39.562 0.0000000000
35956  28.076  -26.105  39.992 0.0000000000
36804  27.816  -25.816  39.261 0.0000000000
36813  27.520  -25.519  38.497 0.0000000000
35965  26.674  -25.950  38.127 0.0000000000
35973  26.039  -26.139  37.564 0.0000000000
35128  24.101  -28.154  38.424 0.0000000000
28158  51.669  -35.712  31.605 0.0000000000
29114  52.244  -34.869  31.226 0.0000000000
27228  52.176  -35.997  30.594 0.0000000000
28190  51.966  -36.045  30.953 0.0000000000
29115  51.426  -34.704  31.056 0.0000000000
29116  50.788  -34.393  31.769 0.0000000000
120351  50.858  -35.433  31.390 0.0000000000
28160  50.231  -35.072  32.127 0.0000000000
29107  48.896  -35.143  32.984 0.0000000000
27202  49.114  -37.507  32.160 0.0000000000
28162  48.606  -36.266  32.843 0.0000000000
29097  48.293  -34.985  33.569 0.0000000000
29941  47.740  -33.519  34.666 0.0000000000
29929  47.429  -33.211  35.393 0.0000000000
114862  43.955  -33.080  40.119 0.0000000000
131291  44.657  -33.049  39.326 0.0000000000
130499  44.484  -32.006  39.654 0.0000000000
130735  44.277  -30.991  40.157 0.0000000000
114194  43.619  -30.165  40.703 0.0000000000
115378  41.646  -27.016  40.616 0.0000000000
115064  41.697  -27.838  40.170 0.0000000000
131762  42.769  -29.529  40.359 0.0000000000
130643  41.710  -29.101  39.280 0.0000000000
131946  42.023  -29.087  39.018 0.0000000000
131779  41.061  -26.320  38.877 0.0000000000
131948  40.030  -26.093  37.906 0.0000000000
131150  39.313  -26.604  37.688 0.0000000000
131311  38.459  -27.128  37.436 0.0000000000
132005  37.286  -27.497  36.862 0.0000000000
131826  36.901  -27.279  38.074 0.0000000000
130637  36.697  -27.512  36.914 0.0000000000
114673  36.239  -27.640  35.841 0.0000000000
131941  35.500  -27.173  35.885 0.0000000000
130919  34.992  -26.990  35.273 0.0000000000
54925  59.484  -4.569  19.739 0.0000000000
138597  58.503  -5.903  20.295 0.0000000000
54926  57.823  -5.861  19.790 0.0000000000
53950  57.869  -6.539  21.186 0.0000000000
53963  57.968  -6.498  20.619 0.0000000000
123301  21.435  -30.314  45.038 0.0000000000
122274  20.515  -30.385  44.968 0.0000000000
32424  19.218  -30.740  45.585 0.0000000000
61056  59.345  2.484  19.515 0.0000000000
125801  59.695  1.446  19.426 0.0000000000
129952  59.679  1.578  20.916 0.0000000000
115413  59.246  -2.823  23.284 0.0000000000
115201  59.692  -3.233  22.870 0.0000000000
58234  58.093  -0.486  26.901 0.0000000000
58226  57.509  -0.146  27.262 0.0000000000
57358  57.287  -0.935  27.167 0.0000000000
57369  57.607  -1.835  26.947 0.0000000000
56492  56.929  -2.396  27.004 0.0000000000
55699  58.362  -3.361  26.653 0.0000000000
55701  56.632  -3.196  26.956 0.0000000000
54833  55.913  -3.746  26.771 0.0000000000
130164  55.746  -4.424  26.746 0.0000000000
47475  64.198  -12.200  18.731 0.0000000000
44155  57.420  -16.237  27.088 0.0000000000
119942  57.962  -15.732  25.621 0.0000000000
44989  57.346  -15.464  27.324 0.0000000000
45795  57.600  -14.678  26.877 0.0000000000
129026  57.324  -13.970  27.502 0.0000000000
46584  56.413  -12.880  29.731 0.0000000000
46602  56.936  -13.327  28.055 0.0000000000
121340  57.502  -13.063  27.308 0.0000000000
47403  57.439  -12.066  27.516 0.0000000000
48273  57.199  -11.153  27.811 0.0000000000
49170  56.763  -10.258  28.109 0.0000000000
50092  56.227  -9.488  28.256 0.0000000000
49157  56.059  -10.082  28.703 0.0000000000
49171  54.671  -10.284  27.806 0.0000000000
49172  53.984  -10.827  27.277 0.0000000000
48266  53.754  -11.731  28.646 0.0000000000
48275  53.561  -11.537  27.746 0.0000000000
49187  52.009  -10.899  25.930 0.0000000000
48303  51.200  -11.108  25.706 0.0000000000
49202  50.045  -10.922  24.696 0.0000000000
48322  48.374  -11.136  23.225 0.0000000000
121357  47.961  -11.508  23.710 0.0000000000
48316  47.333  -11.761  23.852 0.0000000000
48324  46.747  -11.719  23.273 0.0000000000
47436  48.340  -12.354  25.635 0.0000000000
134817  47.181  -12.176  24.565 0.0000000000
47456  45.964  -12.135  23.567 0.0000000000
47457  45.232  -12.653  23.847 0.0000000000
126087  44.532  -12.723  23.431 0.0000000000
47458  44.112  -13.346  23.634 0.0000000000
43304  47.266  -18.018  27.456 0.0000000000
44164  46.625  -17.442  26.273 0.0000000000
42578  45.851  -18.207  25.373 0.0000000000
42593  45.544  -18.107  24.781 0.0000000000
43349  44.770  -18.116  23.543 0.0000000000
43374  43.001  -18.175  22.525 0.0000000000
43395  43.241  -18.138  21.479 0.0000000000
43411  42.221  -18.126  20.600 0.0000000000
36833  49.475  -25.952  36.300 0.0000000000
116859  49.590  -25.040  36.034 0.0000000000
36827  48.875  -25.137  36.718 0.0000000000
38650  48.150  -23.276  37.125 0.0000000000
39523  46.690  -22.734  36.316 0.0000000000
118745  45.938  -23.153  37.463 0.0000000000
38651  45.912  -23.165  36.122 0.0000000000
38667  45.560  -23.134  35.082 0.0000000000
38683  45.242  -23.028  34.465 0.0000000000
39569  44.129  -22.107  33.300 0.0000000000
39607  33.347  -22.841  27.613 0.0000000000
40380  33.729  -22.195  27.852 0.0000000000
40386  33.245  -21.966  27.271 0.0000000000
40387  32.724  -22.141  26.748 0.0000000000
40393  32.883  -21.438  26.655 0.0000000000
40401  31.894  -21.708  25.564 0.0000000000
41117  32.483  -20.971  25.955 0.0000000000
116303  58.974  9.686  11.265 0.0000000000
67456  58.049  9.286  11.620 0.0000000000
67457  57.577  8.982  10.878 0.0000000000
65730  56.507  7.548  10.490 0.0000000000
64851  56.988  6.003  10.316 0.0000000000
62060  62.412  4.069  9.071 0.0000000000
35934  37.129  -26.277  41.485 0.0000000000
35935  36.509  -26.059  41.447 0.0000000000
35096  37.709  -26.162  42.034 0.0000000000
35917  36.810  -26.030  42.289 0.0000000000
35897  36.158  -25.732  42.874 0.0000000000
35895  37.745  -26.004  43.976 0.0000000000
133608  35.538  -25.608  42.732 0.0000000000
117490  34.820  -25.520  42.926 0.0000000000
36751  33.315  -25.402  42.801 0.0000000000
134607  38.057  -29.943  45.253 0.0000000000
35057  37.864  -27.709  45.870 0.0000000000
35856  37.705  -26.673  45.878 0.0000000000
35840  36.995  -26.444  46.497 0.0000000000
36705  36.449  -25.643  46.281 0.0000000000
36719  36.251  -25.466  45.223 0.0000000000
36721  34.534  -25.637  44.465 0.0000000000
36736  33.384  -25.703  43.669 0.0000000000
36738  31.780  -25.546  42.590 0.0000000000
36753  30.883  -25.699  42.287 0.0000000000
35920  30.249  -26.185  42.840 0.0000000000
35898  31.209  -26.252  43.952 0.0000000000
35921  29.399  -26.407  42.528 0.0000000000
137073  28.667  -26.766  42.539 0.0000000000
35098  27.478  -27.515  42.632 0.0000000000
29076  49.247  -34.127  35.732 0.0000000000
27187  48.727  -36.273  35.602 0.0000000000
121510  48.592  -37.056  35.467 0.0000000000
25400  48.085  -39.256  34.865 0.0000000000
26322  48.118  -37.483  36.057 0.0000000000
25386  47.092  -38.255  36.900 0.0000000000
26315  46.302  -37.976  37.935 0.0000000000
28124  47.022  -35.892  37.762 0.0000000000
27173  46.508  -37.174  37.911 0.0000000000
25379  45.763  -37.401  38.390 0.0000000000
134377  44.596  -36.038  38.838 0.0000000000
115112  43.801  -35.621  40.189 0.0000000000
31545  46.364  -31.465  39.805 0.0000000000
30678  46.188  -32.107  39.931 0.0000000000
29863  45.720  -33.345  40.094 0.0000000000
133665  45.171  -31.030  41.063 0.0000000000
29851  45.390  -32.713  40.193 0.0000000000
29031  45.255  -34.090  40.182 0.0000000000
28102  44.833  -34.616  40.229 0.0000000000
28087  43.934  -34.558  40.253 0.0000000000
130730  43.385  -34.264  40.074 0.0000000000
114192  43.665  -32.471  40.017 0.0000000000
33367  42.826  -29.067  41.589 0.0000000000
35104  42.207  -27.872  42.016 0.0000000000
115473  41.596  -28.765  42.593 0.0000000000
114253  41.041  -27.952  42.833 0.0000000000
115270  41.422  -27.050  41.996 0.0000000000
114266  39.703  -26.252  41.588 0.0000000000
114279  38.328  -26.344  41.532 0.0000000000
57434  54.688  -1.618  20.688 0.0000000000
56571  55.252  -2.880  20.889 0.0000000000
56572  54.315  -2.731  20.435 0.0000000000
55768  53.980  -3.685  20.314 0.0000000000
61011  61.364  2.006  23.828 0.0000000000
59161  61.428  1.084  23.807 0.0000000000
125115  61.451  0.274  23.710 0.0000000000
57398  61.847  -0.863  22.562 0.0000000000
56553  62.331  -2.594  21.252 0.0000000000
57397  62.384  -2.534  22.117 0.0000000000
56569  62.820  -2.861  21.125 0.0000000000
55741  61.717  -3.272  21.061 0.0000000000
54898  61.704  -4.261  20.854 0.0000000000
53923  61.184  -5.043  21.468 0.0000000000
129519  60.924  -5.725  22.046 0.0000000000
43388  60.190  -17.628  22.412 0.0000000000
43345  59.098  -17.429  23.808 0.0000000000
43346  58.784  -17.774  24.412 0.0000000000
118058  57.980  -16.941  25.527 0.0000000000
39631  57.947  -22.208  24.178 0.0000000000
40410  57.684  -21.742  24.685 0.0000000000
41122  57.560  -20.624  25.333 0.0000000000
41109  56.271  -20.652  27.188 0.0000000000
41114  57.083  -20.400  25.967 0.0000000000
41835  57.629  -19.726  25.616 0.0000000000
42577  57.930  -18.755  25.668 0.0000000000
120170  57.601  -18.298  26.288 0.0000000000
43302  57.386  -17.053  26.984 0.0000000000
123380  57.020  -16.718  27.537 0.0000000000
130229  56.161  -15.820  28.994 0.0000000000
44968  55.873  -15.265  29.755 0.0000000000
44135  55.146  -16.124  30.733 0.0000000000
44963  55.002  -15.282  30.889 0.0000000000
45760  54.786  -14.366  31.132 0.0000000000
46571  53.930  -13.425  31.651 0.0000000000
47360  52.314  -12.032  32.340 0.0000000000
47368  51.716  -12.349  31.653 0.0000000000
46572  51.380  -13.369  30.669 0.0000000000
47369  51.060  -13.103  31.628 0.0000000000
46573  50.589  -13.652  31.027 0.0000000000
45754  49.987  -14.299  30.418 0.0000000000
46550  49.886  -13.478  34.043 0.0000000000
46566  49.850  -13.712  32.930 0.0000000000
45755  49.112  -14.873  30.526 0.0000000000
44964  48.893  -15.409  29.875 0.0000000000
44965  48.685  -16.010  29.392 0.0000000000
44140  48.400  -16.606  28.932 0.0000000000
43268  52.501  -17.472  33.786 0.0000000000
44107  51.404  -16.647  34.449 0.0000000000
126399  48.749  -16.040  34.548 0.0000000000
127683  49.510  -16.641  34.926 0.0000000000
44944  48.564  -16.176  33.489 0.0000000000
44951  48.408  -16.206  32.327 0.0000000000
44136  47.993  -16.711  29.846 0.0000000000
43298  47.850  -17.454  28.714 0.0000000000
134666  47.343  -18.331  27.898 0.0000000000
42547  46.978  -18.732  27.485 0.0000000000
42549  46.183  -19.143  26.688 0.0000000000
42522  47.378  -19.109  28.985 0.0000000000
41815  46.338  -19.472  27.375 0.0000000000
41827  45.574  -19.220  26.368 0.0000000000
42566  43.834  -18.868  26.030 0.0000000000
38656  41.349  -23.240  36.986 0.0000000000
39512  41.316  -22.719  36.200 0.0000000000
39528  40.381  -22.496  35.799 0.0000000000
39543  39.682  -22.277  35.206 0.0000000000
40327  37.840  -22.169  33.286 0.0000000000
38695  37.644  -22.804  33.629 0.0000000000
39571  36.735  -22.698  31.936 0.0000000000
116457  37.270  -21.942  32.041 0.0000000000
135739  36.013  -22.181  30.666 0.0000000000
39591  35.424  -22.383  29.979 0.0000000000
39599  34.378  -22.877  28.853 0.0000000000
36036  32.786  -27.447  28.974 0.0000000000
36891  33.579  -26.952  29.037 0.0000000000
36043  33.168  -26.998  28.341 0.0000000000
134861  33.025  -26.877  27.675 0.0000000000
36902  33.387  -25.655  27.901 0.0000000000
37820  33.656  -24.537  28.202 0.0000000000
37826  33.225  -24.573  27.575 0.0000000000
38751  33.015  -23.667  27.288 0.0000000000
65704  59.468  7.317  14.021 0.0000000000
64822  58.889  6.829  13.363 0.0000000000
119720  61.698  6.012  11.792 0.0000000000
63929  62.343  5.908  12.438 0.0000000000
63027  62.727  4.586  10.285 0.0000000000
133114  62.474  3.071  12.145 0.0000000000
131148  33.309  -27.148  33.301 0.0000000000
115086  32.824  -26.981  33.848 0.0000000000
36782  35.510  -25.461  40.867 0.0000000000
36800  34.696  -24.883  39.859 0.0000000000
133777  33.111  -24.090  38.978 0.0000000000
37718  33.202  -23.954  38.116 0.0000000000
38643  32.159  -23.604  36.926 0.0000000000
38675  29.929  -23.321  34.990 0.0000000000
37702  30.644  -24.680  39.755 0.0000000000
37722  29.739  -24.456  38.527 0.0000000000
37735  29.445  -24.252  37.695 0.0000000000
37737  27.814  -24.651  37.244 0.0000000000
37736  28.610  -24.447  37.521 0.0000000000
37744  29.142  -24.107  36.944 0.0000000000
38660  29.564  -23.785  36.294 0.0000000000
137247  29.217  -23.504  35.141 0.0000000000
116018  29.293  -23.350  34.710 0.0000000000
31643  54.560  -31.236  29.963 0.0000000000
33481  57.052  -29.682  27.328 0.0000000000
33491  57.466  -30.170  26.416 0.0000000000
32598  57.364  -31.380  26.030 0.0000000000
32609  56.608  -31.650  25.357 0.0000000000
33500  55.451  -30.798  26.185 0.0000000000
32593  54.975  -32.442  26.790 0.0000000000
33492  54.945  -31.014  26.752 0.0000000000
34359  55.080  -29.586  26.702 0.0000000000
34351  54.370  -28.768  28.074 0.0000000000
35199  54.178  -28.083  28.666 0.0000000000
35194  53.931  -27.563  29.569 0.0000000000
36026  53.907  -26.748  30.223 0.0000000000
35189  53.639  -27.456  30.568 0.0000000000
35185  53.363  -27.453  31.334 0.0000000000
35186  52.699  -27.467  31.911 0.0000000000
33461  52.486  -29.564  31.517 0.0000000000
34334  52.158  -28.929  31.913 0.0000000000
123979  52.049  -28.181  32.370 0.0000000000
34315  51.517  -27.949  33.160 0.0000000000
35170  50.867  -27.638  34.084 0.0000000000
35162  50.616  -27.255  34.754 0.0000000000
29962  50.654  -33.526  32.201 0.0000000000
31635  50.866  -31.951  32.309 0.0000000000
31622  50.691  -31.217  32.784 0.0000000000
122767  49.741  -32.105  33.603 0.0000000000
31610  50.181  -31.321  33.453 0.0000000000
32540  50.544  -30.545  33.279 0.0000000000
34317  50.318  -29.083  34.502 0.0000000000
123818  49.914  -27.983  35.342 0.0000000000
127580  49.761  -26.802  35.810 0.0000000000
35986  49.272  -26.736  36.487 0.0000000000
120475  47.796  -25.994  37.760 0.0000000000
119461  48.148  -27.179  37.544 0.0000000000
35971  47.682  -26.701  37.890 0.0000000000
36820  46.947  -25.029  38.556 0.0000000000
37712  46.356  -24.313  38.937 0.0000000000
38626  44.290  -23.572  38.563 0.0000000000
38627  43.364  -23.780  38.457 0.0000000000
24539  47.434  -40.165  34.666 0.0000000000
115296  46.752  -40.097  34.797 0.0000000000
119236  46.833  -39.168  34.619 0.0000000000
115338  45.814  -37.873  36.250 0.0000000000
115450  46.734  -37.572  35.231 0.0000000000
114952  47.325  -36.650  34.580 0.0000000000
115474  47.332  -35.321  34.879 0.0000000000
114740  45.192  -33.679  38.655 0.0000000000
130749  45.567  -33.826  38.233 0.0000000000
114788  46.048  -33.814  37.546 0.0000000000
130747  45.633  -30.772  39.267 0.0000000000
130556  46.330  -32.462  37.976 0.0000000000
131845  46.380  -33.181  37.541 0.0000000000
114881  46.766  -32.824  37.175 0.0000000000
114257  47.229  -32.304  36.864 0.0000000000
31573  47.674  -31.478  36.734 0.0000000000
33406  47.008  -29.725  37.979 0.0000000000
115813  45.767  -27.533  39.667 0.0000000000
115322  44.664  -26.330  40.666 0.0000000000
115478  45.611  -26.460  39.874 0.0000000000
37697  43.882  -24.726  40.329 0.0000000000
37715  43.451  -24.138  39.592 0.0000000000
38628  42.426  -23.842  38.080 0.0000000000
136353  41.529  -23.775  37.743 0.0000000000
131238  40.110  -23.574  36.783 0.0000000000
115291  39.548  -23.787  36.492 0.0000000000
114298  39.439  -24.559  36.569 0.0000000000
136735  39.034  -24.075  36.119 0.0000000000
115407  38.002  -23.724  34.760 0.0000000000
37776  37.206  -24.396  33.638 0.0000000000
36877  36.108  -25.266  31.835 0.0000000000
137385  35.127  -26.508  30.947 0.0000000000
131951  38.923  -26.555  36.697 0.0000000000
130642  38.877  -26.152  35.991 0.0000000000
115087  37.389  -26.179  34.338 0.0000000000
130305  36.476  -26.601  33.847 0.0000000000
131039  36.850  -26.253  33.761 0.0000000000
114855  36.128  -26.539  32.964 0.0000000000
115223  35.500  -26.752  31.981 0.0000000000
36027  34.835  -27.043  31.414 0.0000000000
131750  34.115  -27.241  30.910 0.0000000000
131747  29.039  -23.326  33.636 0.0000000000
130472  27.199  -24.169  32.301 0.0000000000
58340  58.413  -1.055  17.033 0.0000000000
56595  57.180  -3.025  18.285 0.0000000000
55790  56.759  -3.765  18.633 0.0000000000
53010  55.592  -7.388  20.638 0.0000000000
36692  40.404  -25.453  46.509 0.0000000000
35826  38.962  -26.569  47.510 0.0000000000
35818  38.356  -26.431  48.056 0.0000000000
35017  38.500  -27.211  47.755 0.0000000000
34175  37.085  -28.382  48.375 0.0000000000
33295  35.884  -29.316  47.980 0.0000000000
34190  34.109  -28.159  48.192 0.0000000000
33281  34.103  -29.212  48.916 0.0000000000
33297  34.400  -29.326  48.243 0.0000000000
130043  33.340  -28.071  48.482 0.0000000000
35020  33.764  -27.036  48.250 0.0000000000
35844  31.709  -26.671  46.578 0.0000000000
35860  30.708  -26.883  45.481 0.0000000000
35861  30.014  -27.073  45.194 0.0000000000
35059  29.458  -27.501  45.797 0.0000000000
35078  29.282  -27.361  44.886 0.0000000000
35089  28.342  -27.435  43.756 0.0000000000
35090  27.625  -27.719  43.463 0.0000000000
35091  26.940  -28.070  43.122 0.0000000000
34206  26.807  -29.043  46.421 0.0000000000
34218  26.633  -28.828  45.371 0.0000000000
33335  25.242  -29.487  45.419 0.0000000000
34219  25.892  -29.080  44.971 0.0000000000
34225  26.486  -28.633  44.495 0.0000000000
34231  26.362  -28.490  43.661 0.0000000000
34235  26.226  -28.377  42.834 0.0000000000
34246  24.627  -28.868  41.343 0.0000000000
34247  23.867  -29.137  41.128 0.0000000000
33359  23.559  -29.495  42.498 0.0000000000
33371  23.354  -29.380  41.723 0.0000000000
32431  20.975  -30.197  44.153 0.0000000000
32443  21.118  -30.002  43.271 0.0000000000
67433  60.320  9.725  14.211 0.0000000000
64814  60.435  6.982  14.503 0.0000000000
66547  60.667  8.423  15.176 0.0000000000
63913  61.951  5.740  14.407 0.0000000000
63005  62.274  5.087  14.636 0.0000000000
138231  61.029  10.394  16.764 0.0000000000
116596  60.742  9.111  16.325 0.0000000000
65687  60.450  7.278  15.593 0.0000000000
63902  61.701  5.406  15.154 0.0000000000
62984  58.922  4.542  16.740 0.0000000000
62001  59.382  3.137  17.315 0.0000000000
62000  60.512  2.756  17.113 0.0000000000
59241  61.946  0.027  16.854 0.0000000000
140067  61.445  -1.020  17.272 0.0000000000
57456  61.149  -1.532  17.590 0.0000000000
56599  60.863  -2.211  17.959 0.0000000000
56592  60.560  -2.756  18.469 0.0000000000
56583  60.309  -3.335  19.207 0.0000000000
127694  60.752  -0.699  19.232 0.0000000000
58311  60.430  -0.864  19.839 0.0000000000
55776  59.978  -4.101  19.838 0.0000000000
54914  59.514  -4.779  20.497 0.0000000000
54899  59.379  -4.667  21.161 0.0000000000
54900  58.723  -5.040  21.497 0.0000000000
55753  58.258  -4.223  21.840 0.0000000000
55754  57.390  -4.148  21.818 0.0000000000
56556  56.849  -2.939  21.760 0.0000000000
122439  56.187  -1.979  21.469 0.0000000000
57426  55.535  -1.300  21.223 0.0000000000
136021  61.579  4.055  21.944 0.0000000000
59172  61.074  1.963  21.872 0.0000000000
115160  58.476  -0.997  23.310 0.0000000000
59185  56.953  -0.343  22.999 0.0000000000
59163  57.189  0.801  24.148 0.0000000000
128491  56.316  -0.101  22.484 0.0000000000
59197  55.782  -0.041  22.077 0.0000000000
58287  55.522  -0.490  21.589 0.0000000000
58288  54.755  -0.197  21.385 0.0000000000
59199  54.354  0.275  21.979 0.0000000000
60058  54.605  1.259  24.554 0.0000000000
58235  55.892  -0.336  26.947 0.0000000000
58245  55.352  -0.466  26.158 0.0000000000
58246  54.720  -0.496  25.365 0.0000000000
57381  54.503  -1.389  25.013 0.0000000000
57389  53.894  -1.372  24.470 0.0000000000
57390  53.399  -1.333  23.963 0.0000000000
53961  63.073  -5.487  19.702 0.0000000000
53948  62.442  -5.522  20.380 0.0000000000
53935  61.556  -5.848  21.320 0.0000000000
52987  61.060  -6.516  22.202 0.0000000000
46670  63.984  -13.265  18.124 0.0000000000
47491  63.679  -12.417  17.772 0.0000000000
45012  58.293  -15.486  24.870 0.0000000000
45813  59.115  -14.500  23.914 0.0000000000
46647  59.845  -13.879  22.826 0.0000000000
47444  59.554  -12.959  24.401 0.0000000000
47463  60.268  -13.220  22.608 0.0000000000
47477  61.036  -13.464  20.959 0.0000000000
47469  61.103  -12.679  21.098 0.0000000000
47485  62.218  -12.512  19.330 0.0000000000
48348  62.408  -11.367  19.169 0.0000000000
49248  62.324  -10.637  20.022 0.0000000000
50174  62.431  -9.681  20.679 0.0000000000
50166  61.875  -9.517  21.579 0.0000000000
50160  60.977  -9.809  22.870 0.0000000000
50159  61.557  -9.244  22.399 0.0000000000
51082  61.855  -8.614  21.738 0.0000000000
51074  61.463  -8.328  22.448 0.0000000000
52988  60.720  -7.104  22.983 0.0000000000
52973  60.361  -6.774  23.754 0.0000000000
52958  60.012  -6.453  24.580 0.0000000000
120525  59.875  -6.189  25.393 0.0000000000
53882  59.042  -5.975  26.508 0.0000000000
51948  58.959  -7.735  26.213 0.0000000000
52918  58.252  -6.651  26.821 0.0000000000
53865  58.140  -5.885  26.856 0.0000000000
53867  56.403  -5.568  27.499 0.0000000000
53868  55.580  -5.274  26.827 0.0000000000
123422  54.963  -5.661  26.173 0.0000000000
50093  55.660  -9.008  28.145 0.0000000000
51011  55.821  -8.209  27.939 0.0000000000
51023  55.451  -7.956  27.258 0.0000000000
50127  53.596  -9.182  25.553 0.0000000000
51025  54.280  -8.912  25.886 0.0000000000
51937  54.970  -7.695  26.378 0.0000000000
51950  54.552  -7.207  25.829 0.0000000000
52939  54.217  -6.502  25.428 0.0000000000
53884  53.951  -5.686  25.028 0.0000000000
52960  52.914  -6.392  24.523 0.0000000000
52962  51.634  -6.362  23.749 0.0000000000
51980  49.972  -8.156  23.093 0.0000000000
135028  47.474  -11.012  22.252 0.0000000000
49240  46.036  -10.866  21.249 0.0000000000
49250  44.420  -10.799  20.090 0.0000000000
135162  44.295  -11.322  20.770 0.0000000000
49251  43.558  -10.847  19.769 0.0000000000
46586  51.112  -14.152  29.204 0.0000000000
46606  49.161  -14.292  27.531 0.0000000000
45786  49.011  -15.094  27.810 0.0000000000
45797  47.561  -14.564  26.619 0.0000000000
45807  46.862  -14.238  26.073 0.0000000000
46635  45.248  -14.309  24.710 0.0000000000
46642  44.231  -14.111  23.924 0.0000000000
46643  43.640  -13.922  23.360 0.0000000000
44170  46.192  -17.195  25.583 0.0000000000
44180  45.431  -16.935  24.217 0.0000000000
44231  43.915  -17.055  21.306 0.0000000000
45031  44.340  -16.309  22.561 0.0000000000
45030  44.717  -16.128  23.375 0.0000000000
45821  44.057  -15.103  23.285 0.0000000000
118092  53.821  -26.049  30.772 0.0000000000
36876  53.313  -25.098  31.842 0.0000000000
37774  51.933  -24.918  33.316 0.0000000000
38704  52.029  -23.994  33.333 0.0000000000
39565  52.209  -23.055  33.314 0.0000000000
39535  51.216  -22.013  34.335 0.0000000000
40307  50.692  -21.376  34.840 0.0000000000
132332  49.083  -20.105  35.375 0.0000000000
38666  49.479  -23.643  36.052 0.0000000000
39520  49.432  -22.214  35.976 0.0000000000
116399  46.956  -22.115  35.143 0.0000000000
39521  48.649  -21.846  36.235 0.0000000000
40299  49.343  -21.450  35.836 0.0000000000
41029  49.139  -20.702  35.618 0.0000000000
41030  48.209  -20.402  35.140 0.0000000000
41040  47.585  -20.251  34.067 0.0000000000
41049  47.574  -20.192  32.892 0.0000000000
41076  46.898  -21.091  30.157 0.0000000000
41091  45.822  -20.835  29.147 0.0000000000
117594  45.303  -21.140  29.899 0.0000000000
41092  44.824  -20.717  29.305 0.0000000000
41103  45.254  -20.434  28.539 0.0000000000
42551  42.386  -18.773  27.199 0.0000000000
42568  41.740  -18.336  26.641 0.0000000000
39527  41.395  -22.223  35.204 0.0000000000
40309  41.854  -21.945  34.300 0.0000000000
40341  39.068  -21.059  32.849 0.0000000000
40325  40.595  -21.161  33.401 0.0000000000
40324  41.274  -21.491  33.824 0.0000000000
40340  41.479  -21.041  33.104 0.0000000000
41051  41.750  -20.487  32.346 0.0000000000
41064  41.098  -20.031  31.742 0.0000000000
40378  35.002  -21.207  28.871 0.0000000000
41096  35.697  -20.701  29.266 0.0000000000
41094  37.234  -20.133  30.043 0.0000000000
41807  35.950  -19.431  28.500 0.0000000000
41793  36.536  -19.611  29.044 0.0000000000
41778  38.019  -19.895  30.283 0.0000000000
138315  39.487  -19.491  30.649 0.0000000000
41764  40.604  -19.613  31.143 0.0000000000
137765  41.329  -19.587  31.086 0.0000000000
41789  41.362  -18.897  29.795 0.0000000000
42524  40.250  -18.248  28.669 0.0000000000
42555  38.554  -17.880  27.936 0.0000000000
127015  39.860  -18.036  28.024 0.0000000000
42538  41.185  -18.438  28.371 0.0000000000
42570  40.005  -17.896  27.351 0.0000000000
43315  40.131  -17.733  26.559 0.0000000000
43331  40.264  -17.525  25.677 0.0000000000
65711  58.034  6.924  13.014 0.0000000000
64830  57.748  6.643  12.450 0.0000000000
63944  59.803  5.816  11.176 0.0000000000
64840  57.963  6.189  11.979 0.0000000000
64848  57.522  6.070  11.173 0.0000000000
63958  57.684  5.549  9.579 0.0000000000
60149  58.297  1.275  15.428 0.0000000000
23680  46.950  -39.462  36.768 0.0000000000
23685  47.026  -39.993  36.060 0.0000000000
24528  47.049  -38.922  36.626 0.0000000000
24529  46.755  -38.927  37.079 0.0000000000
24536  47.193  -39.592  36.097 0.0000000000
24540  47.043  -40.420  35.490 0.0000000000
24548  46.940  -40.404  34.672 0.0000000000
25378  46.290  -38.196  37.863 0.0000000000
25387  46.565  -38.699  37.232 0.0000000000
25392  47.850  -38.458  35.779 0.0000000000
25393  47.404  -38.735  36.286 0.0000000000
25409  47.147  -40.106  34.214 0.0000000000
25430  50.172  -39.004  32.037 0.0000000000
25445  50.145  -38.980  31.583 0.0000000000
26330  48.783  -37.676  34.795 0.0000000000
26331  48.377  -38.092  35.240 0.0000000000
26337  49.806  -38.348  33.029 0.0000000000
26348  48.469  -39.144  32.753 0.0000000000
26355  49.775  -39.057  31.680 0.0000000000
26366  50.569  -38.093  31.246 0.0000000000
27136  44.240  -34.868  40.294 0.0000000000
27143  45.203  -35.773  39.692 0.0000000000
27144  44.557  -35.473  40.255 0.0000000000
27155  45.625  -36.281  38.994 0.0000000000
27172  47.245  -36.739  37.324 0.0000000000
27201  49.722  -38.354  31.615 0.0000000000
27229  51.695  -36.572  30.820 0.0000000000
28086  44.354  -34.330  40.346 0.0000000000
28101  45.200  -34.923  40.047 0.0000000000
28129  48.284  -35.112  36.615 0.0000000000
28137  49.379  -34.930  35.306 0.0000000000
28138  48.869  -34.960  35.952 0.0000000000
28159  51.236  -36.240  32.271 0.0000000000
28173  52.882  -35.051  30.255 0.0000000000
28174  52.249  -35.930  30.642 0.0000000000
28175  51.539  -35.760  30.769 0.0000000000
28188  53.093  -34.875  30.040 0.0000000000
28189  52.606  -35.285  30.363 0.0000000000
28191  51.544  -36.544  30.645 0.0000000000
28202  53.254  -34.498  29.945 0.0000000000
29018  44.733  -33.776  40.249 0.0000000000
29019  44.070  -33.848  40.304 0.0000000000
29020  43.690  -35.114  40.255 0.0000000000
29040  45.658  -34.251  39.752 0.0000000000
29054  46.464  -34.284  38.741 0.0000000000
29065  47.987  -34.437  37.149 0.0000000000
29086  47.881  -34.207  34.144 0.0000000000
29096  48.831  -34.276  33.403 0.0000000000
29103  51.724  -34.492  32.055 0.0000000000
29113  52.638  -33.938  31.022 0.0000000000
29122  52.693  -34.532  29.841 0.0000000000
29130  53.343  -34.237  30.022 0.0000000000
29131  52.477  -35.355  30.350 0.0000000000
29142  53.459  -34.060  29.859 0.0000000000
29862  46.173  -32.774  39.706 0.0000000000
29974  51.314  -33.689  31.533 0.0000000000
29982  53.127  -33.656  30.572 0.0000000000
29991  52.935  -33.904  29.559 0.0000000000
29999  53.523  -33.986  29.511 0.0000000000
30669  45.122  -32.001  40.366 0.0000000000
30670  44.808  -32.001  40.261 0.0000000000
30679  46.132  -32.586  39.946 0.0000000000
30680  43.958  -32.733  40.129 0.0000000000
30689  46.943  -32.275  38.937 0.0000000000
30690  46.501  -32.180  39.401 0.0000000000
30698  48.058  -32.315  37.624 0.0000000000
30699  47.432  -32.413  38.267 0.0000000000
30753  49.171  -32.208  34.173 0.0000000000
30776  50.503  -32.763  32.622 0.0000000000
30784  53.564  -31.908  30.684 0.0000000000
30786  50.972  -32.772  31.904 0.0000000000
30795  54.742  -32.113  29.297 0.0000000000
30796  54.245  -32.099  30.024 0.0000000000
30809  52.895  -33.027  29.670 0.0000000000
30814  54.671  -33.381  27.674 0.0000000000
30815  54.257  -33.897  28.408 0.0000000000
30816  53.896  -34.025  28.559 0.0000000000
31494  40.072  -30.718  44.298 0.0000000000
31509  44.473  -30.431  41.394 0.0000000000
31510  44.111  -30.608  41.404 0.0000000000
31511  44.028  -31.048  41.237 0.0000000000
31520  44.873  -30.170  41.255 0.0000000000
31533  43.993  -31.448  40.196 0.0000000000
31534  43.402  -31.328  40.926 0.0000000000
31611  49.608  -31.445  34.012 0.0000000000
31632  53.419  -31.197  31.179 0.0000000000
31642  55.001  -31.259  29.440 0.0000000000
31661  54.401  -33.291  27.712 0.0000000000
31668  57.118  -32.077  26.129 0.0000000000
31669  56.642  -32.425  26.310 0.0000000000
31676  57.340  -31.741  25.751 0.0000000000
31678  56.356  -32.334  25.838 0.0000000000
31684  57.552  -31.556  25.318 0.0000000000
31685  57.190  -32.087  25.372 0.0000000000
32392  38.119  -29.836  46.334 0.0000000000
32405  39.134  -30.145  45.983 0.0000000000
32406  38.507  -30.252  46.009 0.0000000000
32417  39.381  -30.188  45.462 0.0000000000
32418  38.275  -30.268  45.725 0.0000000000
32419  37.627  -30.101  45.706 0.0000000000
32427  41.458  -29.948  43.658 0.0000000000
32440  40.497  -30.397  44.088 0.0000000000
32451  44.644  -29.675  41.343 0.0000000000
32463  43.127  -30.246  41.742 0.0000000000
32471  43.385  -30.790  41.127 0.0000000000
32493  47.128  -30.252  37.801 0.0000000000
32529  49.659  -30.308  34.659 0.0000000000
32541  49.978  -30.568  33.961 0.0000000000
32575  53.055  -31.365  29.758 0.0000000000
32582  56.196  -31.814  27.502 0.0000000000
32584  54.473  -32.278  27.423 0.0000000000
32591  56.711  -31.767  26.702 0.0000000000
32599  55.977  -31.812  25.790 0.0000000000
32607  57.713  -31.253  25.327 0.0000000000
32608  57.245  -31.538  24.820 0.0000000000
33279  35.651  -29.241  48.518 0.0000000000
33298  33.556  -29.070  48.695 0.0000000000
33307  39.196  -29.168  46.611 0.0000000000
33308  38.537  -29.073  47.115 0.0000000000
33312  34.826  -29.419  48.309 0.0000000000
33313  33.830  -28.881  48.334 0.0000000000
33314  33.041  -28.634  48.619 0.0000000000
33321  40.019  -29.203  45.649 0.0000000000
33322  39.618  -29.181  46.172 0.0000000000
33333  38.563  -28.985  45.174 0.0000000000
33334  37.261  -29.530  45.925 0.0000000000
33356  44.121  -29.118  42.372 0.0000000000
33368  42.916  -29.538  41.465 0.0000000000
33369  42.404  -29.259  41.956 0.0000000000
33411  48.759  -29.390  36.448 0.0000000000
33447  50.517  -29.699  33.762 0.0000000000
33476  53.525  -29.599  29.332 0.0000000000
33484  54.212  -29.855  28.040 0.0000000000
33493  54.497  -31.023  27.355 0.0000000000
33498  58.360  -29.890  24.927 0.0000000000
33510  58.219  -30.705  24.632 0.0000000000
33512  56.093  -30.699  25.630 0.0000000000
33533  58.352  -30.304  24.054 0.0000000000
33534  57.566  -30.796  24.516 0.0000000000
34176  36.417  -29.078  48.344 0.0000000000
34177  32.682  -28.217  48.768 0.0000000000
34187  38.180  -28.347  47.421 0.0000000000
34188  35.620  -28.884  47.222 0.0000000000
34189  34.995  -28.638  47.663 0.0000000000
34191  32.895  -27.995  48.640 0.0000000000
34200  40.340  -28.337  45.955 0.0000000000
34203  36.221  -28.643  46.829 0.0000000000
34213  40.994  -28.458  45.498 0.0000000000
34223  38.908  -28.191  44.942 0.0000000000
34242  42.428  -28.484  41.920 0.0000000000
34243  41.958  -27.964  42.302 0.0000000000
34244  26.049  -28.304  42.122 0.0000000000
34273  47.109  -28.386  38.280 0.0000000000
34293  49.007  -28.514  36.320 0.0000000000
34305  50.435  -28.035  34.765 0.0000000000
34338  53.202  -28.593  30.892 0.0000000000
34368  57.924  -29.623  25.928 0.0000000000
34384  56.386  -29.717  25.312 0.0000000000
34401  59.121  -29.279  23.274 0.0000000000
34402  58.544  -29.340  23.488 0.0000000000
34416  59.100  -29.077  22.951 0.0000000000
34996  38.010  -27.900  48.119 0.0000000000
35056  41.306  -27.498  45.413 0.0000000000
35073  42.925  -27.213  44.173 0.0000000000
35127  24.849  -27.859  38.634 0.0000000000
35142  48.344  -27.883  37.390 0.0000000000
35163  50.161  -27.309  35.316 0.0000000000
35190  53.390  -27.959  30.943 0.0000000000
35226  31.846  -27.637  27.285 0.0000000000
35255  57.998  -28.313  23.643 0.0000000000
35285  59.002  -27.315  22.764 0.0000000000
35827  35.746  -26.083  47.353 0.0000000000
35828  34.867  -26.198  47.714 0.0000000000
35830  33.112  -26.416  47.880 0.0000000000
35841  35.782  -25.541  46.845 0.0000000000
35858  32.280  -26.348  45.784 0.0000000000
35878  36.954  -25.565  44.417 0.0000000000
35896  36.918  -25.693  43.299 0.0000000000
35918  35.980  -25.781  42.090 0.0000000000
35933  40.644  -26.606  41.802 0.0000000000
35939  28.363  -26.503  41.435 0.0000000000
35957  26.721  -26.708  39.451 0.0000000000
35979  48.782  -26.178  36.825 0.0000000000
36006  51.503  -26.259  33.738 0.0000000000
36021  53.441  -25.989  31.600 0.0000000000
36029  54.374  -27.278  28.835 0.0000000000
36040  55.379  -26.487  27.351 0.0000000000
36070  32.251  -27.209  26.487 0.0000000000
36084  57.557  -27.282  24.090 0.0000000000
36115  59.209  -26.621  22.639 0.0000000000
36707  34.554  -25.492  45.832 0.0000000000
36709  32.984  -26.057  45.192 0.0000000000
36720  35.346  -25.458  44.837 0.0000000000
36752  32.616  -25.350  42.475 0.0000000000
36766  34.835  -25.231  41.515 0.0000000000
36768  32.769  -24.827  41.251 0.0000000000
36787  29.574  -25.459  40.544 0.0000000000
36819  47.645  -25.118  37.888 0.0000000000
36867  36.514  -25.257  32.611 0.0000000000
36878  35.573  -26.128  31.438 0.0000000000
36895  54.687  -25.810  28.833 0.0000000000
36897  33.774  -25.643  28.538 0.0000000000
36900  55.275  -25.677  27.569 0.0000000000
36901  54.895  -25.729  28.102 0.0000000000
36903  33.065  -25.802  27.225 0.0000000000
36967  60.406  -24.695  21.739 0.0000000000
36968  59.854  -25.251  22.040 0.0000000000
36969  59.130  -25.619  22.527 0.0000000000
37669  33.339  -24.752  41.057 0.0000000000
37682  31.935  -24.555  40.292 0.0000000000
37698  34.142  -24.487  39.494 0.0000000000
37713  45.488  -24.152  39.390 0.0000000000
37714  44.462  -24.036  39.509 0.0000000000
37720  31.674  -24.068  38.576 0.0000000000
37731  41.083  -24.316  37.999 0.0000000000
37743  48.544  -24.100  36.974 0.0000000000
37745  28.397  -24.264  36.762 0.0000000000
37751  50.351  -24.279  35.269 0.0000000000
37752  49.762  -24.261  35.766 0.0000000000
37761  50.837  -24.367  34.634 0.0000000000
37786  52.509  -24.506  32.821 0.0000000000
37788  36.414  -24.416  32.181 0.0000000000
37796  53.783  -24.446  31.364 0.0000000000
37799  35.571  -24.567  30.842 0.0000000000
37806  54.328  -24.195  30.640 0.0000000000
37808  34.692  -24.827  29.702 0.0000000000
37812  54.688  -23.925  29.906 0.0000000000
37819  34.103  -24.524  28.827 0.0000000000
37825  54.842  -25.016  28.484 0.0000000000
37841  56.618  -25.270  25.675 0.0000000000
37869  60.561  -24.866  22.450 0.0000000000
37898  60.947  -24.317  21.052 0.0000000000
38636  47.398  -23.298  37.564 0.0000000000
38653  44.466  -23.524  35.886 0.0000000000
38661  29.175  -23.677  35.656 0.0000000000
38670  43.101  -23.188  35.765 0.0000000000
38671  39.142  -23.314  35.849 0.0000000000
38694  51.110  -23.765  34.346 0.0000000000
38705  36.740  -23.508  32.480 0.0000000000
38715  53.231  -23.228  32.033 0.0000000000
38737  54.778  -23.130  29.777 0.0000000000
38750  33.489  -23.660  27.917 0.0000000000
38756  55.811  -23.594  26.967 0.0000000000
38757  32.503  -23.630  26.667 0.0000000000
38763  57.115  -23.931  25.175 0.0000000000
38807  59.992  -23.776  21.464 0.0000000000
38822  60.887  -23.767  20.783 0.0000000000
39510  48.412  -22.550  36.688 0.0000000000
39514  39.836  -23.122  36.289 0.0000000000
39519  49.867  -22.701  35.619 0.0000000000
39525  43.100  -22.919  35.117 0.0000000000
39529  39.606  -22.734  35.750 0.0000000000
39538  46.811  -22.140  33.947 0.0000000000
39540  44.578  -22.904  34.233 0.0000000000
39544  39.031  -22.308  34.820 0.0000000000
39551  51.655  -22.570  33.827 0.0000000000
39566  46.451  -22.239  32.951 0.0000000000
39570  37.264  -22.583  32.780 0.0000000000
39584  53.980  -22.202  30.990 0.0000000000
39585  35.623  -22.996  30.614 0.0000000000
39592  34.848  -23.036  29.525 0.0000000000
39606  56.007  -22.043  26.910 0.0000000000
39608  32.858  -22.809  27.022 0.0000000000
39612  56.260  -22.455  26.481 0.0000000000
40301  47.733  -21.637  35.703 0.0000000000
40306  51.426  -21.137  34.255 0.0000000000
40310  41.083  -21.782  34.480 0.0000000000
40313  38.808  -21.893  34.156 0.0000000000
40322  43.275  -21.771  33.281 0.0000000000
40323  42.206  -21.575  33.572 0.0000000000
40335  47.115  -21.529  31.844 0.0000000000
40338  44.177  -21.639  32.750 0.0000000000
40343  37.789  -21.771  32.675 0.0000000000
40350  45.135  -21.437  31.361 0.0000000000
40351  44.285  -21.209  31.998 0.0000000000
40362  45.681  -21.459  30.583 0.0000000000
40363  37.036  -21.144  30.977 0.0000000000
40364  36.411  -21.443  30.572 0.0000000000
40369  55.377  -20.869  29.153 0.0000000000
40370  55.152  -21.565  29.354 0.0000000000
40392  56.551  -21.772  26.204 0.0000000000
40394  32.337  -21.890  26.242 0.0000000000
40438  60.653  -21.034  21.103 0.0000000000
41027  51.231  -20.261  34.498 0.0000000000
41028  50.468  -20.471  34.999 0.0000000000
41038  52.394  -20.235  33.554 0.0000000000
41039  51.786  -20.499  33.937 0.0000000000
41042  39.852  -21.020  33.095 0.0000000000
41050  47.434  -20.948  32.259 0.0000000000
41058  53.326  -20.188  32.484 0.0000000000
41060  47.403  -20.811  31.401 0.0000000000
41065  40.223  -20.153  31.755 0.0000000000
41067  38.792  -20.407  31.445 0.0000000000
41073  54.481  -20.728  30.626 0.0000000000
41075  47.343  -20.635  30.556 0.0000000000
41078  44.938  -21.171  30.581 0.0000000000
41083  36.774  -20.754  30.345 0.0000000000
41089  47.200  -20.353  29.689 0.0000000000
41095  36.451  -20.281  29.617 0.0000000000
41101  46.440  -20.409  28.805 0.0000000000
41104  35.969  -20.041  28.992 0.0000000000
41115  56.610  -20.921  26.389 0.0000000000
41128  58.604  -20.439  24.157 0.0000000000
41129  58.037  -21.018  24.600 0.0000000000
41158  60.057  -20.563  21.851 0.0000000000
41760  53.750  -20.014  31.765 0.0000000000
41762  47.559  -19.962  31.111 0.0000000000
41763  42.099  -19.998  31.438 0.0000000000
41770  54.697  -19.201  30.510 0.0000000000
41773  42.927  -19.787  29.872 0.0000000000
41774  41.941  -19.433  30.469 0.0000000000
41776  40.133  -19.233  30.571 0.0000000000
41777  38.820  -19.629  30.461 0.0000000000
41782  55.366  -20.063  29.452 0.0000000000
41784  47.194  -19.813  29.114 0.0000000000
41787  43.342  -19.860  29.053 0.0000000000
41797  56.379  -19.112  27.983 0.0000000000
41798  55.810  -19.578  28.704 0.0000000000
41799  47.018  -19.583  28.485 0.0000000000
41803  43.647  -19.772  28.251 0.0000000000
41806  36.687  -18.951  28.513 0.0000000000
41818  44.074  -19.562  27.431 0.0000000000
41822  33.683  -20.166  26.890 0.0000000000
41828  44.514  -19.275  26.597 0.0000000000
41853  59.775  -19.428  22.797 0.0000000000
42499  52.983  -18.539  32.986 0.0000000000
42500  47.773  -18.607  32.377 0.0000000000
42520  55.022  -18.739  29.955 0.0000000000
42523  40.883  -18.513  29.187 0.0000000000
42525  39.736  -18.454  29.307 0.0000000000
42534  47.494  -18.276  28.493 0.0000000000
42536  46.772  -19.303  27.753 0.0000000000
42545  57.265  -17.901  26.937 0.0000000000
42546  56.799  -18.413  27.479 0.0000000000
42548  46.561  -19.008  27.072 0.0000000000
42553  40.601  -18.164  27.811 0.0000000000
42554  39.277  -17.789  27.740 0.0000000000
42562  57.372  -19.123  26.228 0.0000000000
42563  46.085  -18.463  25.880 0.0000000000
42569  40.815  -18.106  26.986 0.0000000000
42591  59.257  -18.210  23.868 0.0000000000
42594  45.200  -18.173  24.271 0.0000000000
42595  44.660  -18.459  24.310 0.0000000000
42607  59.712  -18.628  23.139 0.0000000000
43261  51.293  -17.422  34.547 0.0000000000
43269  51.989  -17.087  34.200 0.0000000000
43270  48.266  -17.744  33.927 0.0000000000
43276  53.518  -17.748  32.702 0.0000000000
43282  54.449  -17.951  31.418 0.0000000000
43289  47.717  -17.555  30.342 0.0000000000
43299  47.739  -17.563  28.052 0.0000000000
43312  57.691  -17.428  26.286 0.0000000000
43313  47.034  -17.729  26.905 0.0000000000
43314  46.476  -18.226  26.338 0.0000000000
43319  36.865  -17.480  26.576 0.0000000000
43326  58.354  -17.321  24.935 0.0000000000
43327  58.052  -17.837  25.667 0.0000000000
43328  46.154  -17.990  25.710 0.0000000000
43332  39.398  -17.363  26.185 0.0000000000
43335  36.571  -17.232  25.814 0.0000000000
43347  45.504  -17.582  24.450 0.0000000000
43348  45.260  -17.825  24.022 0.0000000000
43368  59.635  -17.809  23.213 0.0000000000
43372  44.968  -17.529  23.373 0.0000000000
43396  42.272  -18.113  21.431 0.0000000000
44108  50.598  -16.144  34.629 0.0000000000
44115  48.560  -16.879  34.232 0.0000000000
44120  53.622  -16.748  32.629 0.0000000000
44129  47.885  -16.847  30.822 0.0000000000
44134  55.553  -15.486  30.429 0.0000000000
44147  56.073  -16.478  28.961 0.0000000000
44149  47.695  -17.120  27.571 0.0000000000
44157  48.361  -16.523  27.967 0.0000000000
44171  45.731  -17.039  24.917 0.0000000000
44179  58.680  -16.910  24.169 0.0000000000
44181  45.113  -16.930  23.538 0.0000000000
44214  43.875  -17.706  21.419 0.0000000000
44937  50.511  -15.193  34.485 0.0000000000
44942  51.948  -15.234  33.880 0.0000000000
44956  54.687  -15.863  31.437 0.0000000000
44959  48.236  -16.135  31.281 0.0000000000
44970  49.110  -15.865  28.857 0.0000000000
44978  56.612  -15.787  28.491 0.0000000000
44980  49.575  -15.388  28.771 0.0000000000
44990  56.907  -15.394  27.890 0.0000000000
45000  57.667  -15.601  26.548 0.0000000000
45001  48.379  -15.524  27.505 0.0000000000
45014  45.581  -16.191  24.768 0.0000000000
45036  59.992  -15.952  22.290 0.0000000000
45737  51.248  -14.922  34.172 0.0000000000
45749  52.869  -14.274  32.780 0.0000000000
45765  50.138  -15.008  29.025 0.0000000000
45772  56.569  -14.311  28.823 0.0000000000
45782  57.109  -14.757  27.677 0.0000000000
45784  50.406  -14.320  28.460 0.0000000000
45796  48.344  -14.800  27.237 0.0000000000
45805  58.238  -14.881  25.439 0.0000000000
45809  45.752  -14.551  25.165 0.0000000000
45814  45.369  -15.306  24.679 0.0000000000
45819  59.463  -14.685  23.059 0.0000000000
45825  59.913  -15.216  22.297 0.0000000000
45828  43.740  -15.572  22.370 0.0000000000
46556  51.433  -13.195  33.397 0.0000000000
46565  50.478  -13.348  32.172 0.0000000000
46574  49.880  -13.967  31.636 0.0000000000
46591  56.642  -13.553  28.911 0.0000000000
46593  51.014  -14.030  28.668 0.0000000000
46625  58.492  -13.335  25.903 0.0000000000
46627  47.084  -13.324  25.755 0.0000000000
46628  46.352  -13.853  25.472 0.0000000000
46633  58.838  -13.327  25.325 0.0000000000
46636  44.758  -14.003  24.368 0.0000000000
46646  60.257  -13.962  22.017 0.0000000000
47359  52.703  -11.611  31.972 0.0000000000
47361  51.808  -12.034  32.449 0.0000000000
47362  51.100  -12.600  32.563 0.0000000000
47375  54.467  -12.259  30.869 0.0000000000
47377  52.672  -12.499  30.144 0.0000000000
47384  53.377  -12.312  28.855 0.0000000000
47392  52.910  -12.828  28.664 0.0000000000
47404  57.051  -12.586  27.937 0.0000000000
47406  51.760  -12.888  27.765 0.0000000000
47420  57.889  -12.388  26.764 0.0000000000
47446  46.599  -12.162  24.124 0.0000000000
47448  44.636  -13.292  24.035 0.0000000000
47454  60.530  -12.262  22.804 0.0000000000
47459  43.719  -12.907  23.076 0.0000000000
47465  42.614  -12.860  22.132 0.0000000000
47482  64.325  -11.969  17.952 0.0000000000
47483  64.156  -12.985  18.151 0.0000000000
47484  63.234  -13.090  18.445 0.0000000000
47490  64.208  -12.144  17.545 0.0000000000
48237  52.252  -11.529  32.077 0.0000000000
48245  52.716  -11.593  31.528 0.0000000000
48252  54.244  -11.340  30.558 0.0000000000
48253  53.528  -11.360  30.763 0.0000000000
48265  55.817  -10.673  29.255 0.0000000000
48267  53.220  -12.247  28.193 0.0000000000
48274  56.922  -11.818  28.274 0.0000000000
48276  52.853  -11.887  27.414 0.0000000000
48288  52.423  -11.404  26.674 0.0000000000
48313  49.285  -11.199  24.384 0.0000000000
48314  48.554  -11.401  24.046 0.0000000000
48320  60.629  -11.245  23.253 0.0000000000
48323  47.579  -11.363  22.998 0.0000000000
48340  61.649  -11.342  20.851 0.0000000000
48342  45.398  -11.403  21.642 0.0000000000
48350  43.637  -11.308  20.418 0.0000000000
48355  62.979  -11.839  18.278 0.0000000000
48360  64.454  -11.113  17.986 0.0000000000
48361  64.258  -10.948  17.554 0.0000000000
48362  63.683  -11.147  17.530 0.0000000000
48368  64.470  -10.879  17.882 0.0000000000
49139  54.094  -10.940  30.157 0.0000000000
49147  55.019  -10.364  29.549 0.0000000000
49149  54.128  -10.989  29.471 0.0000000000
49158  55.358  -9.993  28.975 0.0000000000
49173  53.223  -11.161  26.924 0.0000000000
49186  52.800  -10.642  26.208 0.0000000000
49199  52.425  -10.139  25.474 0.0000000000
49213  49.049  -10.910  23.556 0.0000000000
49219  60.269  -10.871  23.996 0.0000000000
49221  48.745  -10.548  22.861 0.0000000000
49228  47.712  -10.448  21.897 0.0000000000
49255  63.137  -10.319  18.301 0.0000000000
50083  55.226  -9.715  28.378 0.0000000000
50091  56.985  -9.544  27.755 0.0000000000
50144  51.992  -9.556  24.831 0.0000000000
50154  49.545  -9.540  23.121 0.0000000000
50161  49.187  -9.099  22.584 0.0000000000
51010  56.331  -8.758  27.915 0.0000000000
51012  55.332  -8.761  27.222 0.0000000000
51024  54.914  -8.514  26.357 0.0000000000
51056  52.696  -8.671  24.859 0.0000000000
51057  51.615  -7.984  24.159 0.0000000000
51076  48.868  -8.728  22.126 0.0000000000
51081  62.385  -8.040  21.076 0.0000000000
51933  58.394  -7.525  26.723 0.0000000000
51947  59.500  -7.401  25.815 0.0000000000
51966  60.204  -7.341  24.478 0.0000000000
51967  53.102  -7.234  24.819 0.0000000000
51979  50.468  -7.729  23.393 0.0000000000
51989  61.276  -7.418  22.361 0.0000000000
52921  55.334  -6.144  26.768 0.0000000000
52937  58.967  -6.977  26.353 0.0000000000
52961  52.299  -6.355  24.118 0.0000000000
52998  62.113  -6.325  20.889 0.0000000000
53007  62.726  -6.342  20.375 0.0000000000
53016  63.094  -6.407  20.111 0.0000000000
53881  59.757  -5.605  25.972 0.0000000000
53899  53.322  -5.675  24.582 0.0000000000
54864  54.270  -3.945  25.051 0.0000000000
54888  61.031  -4.222  21.724 0.0000000000
54912  63.142  -3.775  20.471 0.0000000000
54924  63.145  -4.621  19.717 0.0000000000
55714  59.033  -3.518  26.365 0.0000000000
55739  62.803  -3.651  21.790 0.0000000000
55763  63.216  -3.832  20.546 0.0000000000
55764  62.606  -3.053  20.611 0.0000000000
56551  63.099  -3.343  21.060 0.0000000000
56557  55.993  -2.826  21.287 0.0000000000
56567  63.264  -3.271  20.387 0.0000000000
56568  63.154  -3.187  20.650 0.0000000000
56581  63.254  -3.433  20.291 0.0000000000
57408  62.618  -2.769  21.529 0.0000000000
58227  56.486  -0.072  27.451 0.0000000000
58286  56.119  -0.508  22.047 0.0000000000
58297  54.995  -0.777  21.058 0.0000000000
59135  55.881  0.445  27.371 0.0000000000
59188  54.387  0.623  22.636 0.0000000000
59261  58.961  0.817  15.647 0.0000000000
60028  56.429  1.965  27.752 0.0000000000
60048  55.294  1.895  25.936 0.0000000000
60069  55.594  1.565  23.719 0.0000000000
60079  55.931  1.035  23.141 0.0000000000
60081  54.703  0.910  22.972 0.0000000000
60982  57.096  2.408  27.380 0.0000000000
60984  55.821  2.805  27.162 0.0000000000
60994  57.895  1.826  26.063 0.0000000000
60995  57.430  2.590  26.614 0.0000000000
60996  55.708  2.613  26.389 0.0000000000
61007  55.651  2.356  25.541 0.0000000000
61013  56.559  1.873  24.505 0.0000000000
61903  56.929  3.174  27.098 0.0000000000
61904  56.305  3.296  27.145 0.0000000000
61914  56.665  3.407  26.729 0.0000000000
61915  56.114  3.240  26.632 0.0000000000
61921  57.117  3.176  26.452 0.0000000000
61922  56.663  3.160  26.104 0.0000000000
64842  56.676  7.068  11.145 0.0000000000
66556  58.266  8.122  13.455 0.0000000000
114165  39.724  -26.431  40.190 0.0000000000
114171  38.030  -26.455  40.118 0.0000000000
114193  43.210  -35.134  40.115 0.0000000000
114198  46.757  -39.579  36.532 0.0000000000
114214  43.965  -32.008  40.108 0.0000000000
114219  47.024  -40.102  35.931 0.0000000000
114221  46.797  -39.673  35.744 0.0000000000
114227  44.619  -35.575  40.072 0.0000000000
114231  39.180  -26.158  41.956 0.0000000000
114232  39.704  -30.708  43.733 0.0000000000
114233  40.135  -30.890  43.902 0.0000000000
114240  35.072  -25.976  36.340 0.0000000000
114241  39.783  -30.937  44.032 0.0000000000
114247  47.165  -33.033  36.301 0.0000000000
114250  39.320  -30.534  44.364 0.0000000000
114252  40.456  -28.279  43.411 0.0000000000
114260  40.487  -26.822  42.213 0.0000000000
114271  38.148  -26.510  40.729 0.0000000000
114273  41.630  -27.047  41.648 0.0000000000
114285  37.384  -26.335  40.026 0.0000000000
114288  32.985  -26.763  33.919 0.0000000000
114291  40.719  -25.805  39.197 0.0000000000
114299  40.205  -26.979  40.207 0.0000000000
114300  38.875  -26.985  39.194 0.0000000000
114306  35.266  -25.200  38.170 0.0000000000
114313  38.536  -23.926  35.504 0.0000000000
114746  38.924  -26.764  37.033 0.0000000000
114749  43.007  -28.272  41.564 0.0000000000
114762  44.690  -33.913  38.970 0.0000000000
114777  39.181  -27.184  38.727 0.0000000000
114794  46.638  -33.639  36.779 0.0000000000
114828  36.999  -26.638  38.872 0.0000000000
114848  44.937  -29.083  39.992 0.0000000000
114864  45.086  -30.590  39.657 0.0000000000
114875  34.032  -26.735  33.805 0.0000000000
114892  38.000  -27.141  39.025 0.0000000000
114960  35.412  -27.010  36.038 0.0000000000
115234  45.712  -37.478  37.320 0.0000000000
115267  43.388  -30.053  40.670 0.0000000000
115273  42.537  -28.041  41.352 0.0000000000
115341  43.480  -35.445  39.754 0.0000000000
115345  33.171  -23.968  34.946 0.0000000000
115363  46.994  -31.574  37.452 0.0000000000
115424  47.018  -39.948  36.213 0.0000000000
115435  41.132  -26.785  41.095 0.0000000000
115648  38.978  -26.718  39.825 0.0000000000
115764  41.174  -17.647  21.486 0.0000000000
115766  43.804  -18.228  23.086 0.0000000000
116338  38.163  -24.694  34.983 0.0000000000
116359  35.374  -25.313  39.360 0.0000000000
116515  55.503  -6.636  27.386 0.0000000000
116727  59.216  -28.294  23.776 0.0000000000
116828  39.946  -21.334  33.756 0.0000000000
116953  39.505  -17.189  25.266 0.0000000000
117045  43.515  -34.469  40.214 0.0000000000
117086  61.192  -15.672  20.945 0.0000000000
117436  56.228  -23.129  26.414 0.0000000000
117555  32.286  -23.467  35.049 0.0000000000
117703  38.634  -30.324  44.781 0.0000000000
117777  54.551  -27.943  28.070 0.0000000000
117815  29.920  -23.494  35.642 0.0000000000
118247  50.241  -35.435  33.939 0.0000000000
118415  52.968  -28.073  31.451 0.0000000000
118460  56.084  -17.257  28.853 0.0000000000
118884  46.336  -18.737  26.463 0.0000000000
119109  52.897  -17.830  33.288 0.0000000000
119189  42.243  -11.646  20.414 0.0000000000
119515  55.225  -13.838  30.742 0.0000000000
119525  42.120  -10.667  19.201 0.0000000000
120066  58.571  -14.050  25.346 0.0000000000
120154  49.444  -22.965  36.025 0.0000000000
120225  44.543  -11.589  21.465 0.0000000000
120246  58.108  0.252  26.833 0.0000000000
120552  53.217  -26.867  31.658 0.0000000000
120563  51.403  -27.086  33.710 0.0000000000
120612  57.889  -26.586  23.729 0.0000000000
121035  36.995  -19.740  29.518 0.0000000000
121342  37.977  -27.058  48.227 0.0000000000
121586  57.696  -13.814  26.853 0.0000000000
121742  49.052  -35.660  35.469 0.0000000000
122044  53.439  -13.776  32.246 0.0000000000
122102  47.525  -37.870  36.541 0.0000000000
122116  57.083  -30.055  24.696 0.0000000000
122275  45.819  -23.322  38.324 0.0000000000
122463  50.298  -37.149  33.117 0.0000000000
122491  45.346  -22.418  33.335 0.0000000000
123008  58.112  -10.467  26.726 0.0000000000
123535  63.066  -5.750  19.769 0.0000000000
123721  34.313  -26.564  48.000 0.0000000000
123779  37.638  -19.501  29.677 0.0000000000
124211  50.066  -24.876  35.533 0.0000000000
124892  57.738  -16.489  26.230 0.0000000000
125077  47.657  -19.266  31.719 0.0000000000
125105  56.706  -20.149  26.601 0.0000000000
125270  55.002  -22.873  29.095 0.0000000000
125313  45.353  -21.962  32.452 0.0000000000
125497  47.273  -29.063  37.959 0.0000000000
125856  42.942  -15.586  21.330 0.0000000000
125882  48.301  -34.098  33.807 0.0000000000
126041  51.472  -15.812  34.298 0.0000000000
126056  48.662  -27.138  36.926 0.0000000000
126516  53.038  -33.102  31.017 0.0000000000
126894  55.943  -14.498  29.785 0.0000000000
127099  45.011  -29.235  41.395 0.0000000000
127175  41.961  -23.068  36.524 0.0000000000
127327  52.814  -24.952  32.364 0.0000000000
127546  59.354  -20.912  22.699 0.0000000000
127798  41.123  -30.026  44.188 0.0000000000
127860  54.615  -15.079  31.482 0.0000000000
128179  34.547  -26.855  30.536 0.0000000000
128241  58.968  -10.688  25.727 0.0000000000
128338  63.348  -9.827  18.587 0.0000000000
128339  52.537  -7.010  24.433 0.0000000000
128350  39.281  -29.524  46.124 0.0000000000
128628  55.043  1.731  24.286 0.0000000000
128660  42.439  -29.063  41.956 0.0000000000
128833  32.249  -26.885  48.250 0.0000000000
128924  47.284  -33.746  35.071 0.0000000000
129097  43.155  -12.354  21.940 0.0000000000
129190  44.257  -23.588  36.788 0.0000000000
129331  55.441  -24.179  27.429 0.0000000000
129501  55.629  1.174  27.295 0.0000000000
129816  43.315  -28.680  43.466 0.0000000000
130276  36.079  -27.202  33.741 0.0000000000
130297  38.988  -27.199  37.992 0.0000000000
130298  34.024  -27.908  34.524 0.0000000000
130304  35.045  -27.649  33.852 0.0000000000
130332  37.801  -26.288  34.952 0.0000000000
130357  33.862  -26.810  32.263 0.0000000000
130380  37.302  -27.445  36.088 0.0000000000
130434  37.423  -27.504  37.428 0.0000000000
130459  38.306  -26.524  35.811 0.0000000000
130461  38.227  -27.050  36.742 0.0000000000
130469  40.814  -26.199  40.269 0.0000000000
130492  39.781  -26.468  38.128 0.0000000000
130537  35.145  -27.260  35.086 0.0000000000
130550  46.285  -35.121  36.672 0.0000000000
130555  45.420  -32.131  39.023 0.0000000000
130616  42.002  -28.120  40.677 0.0000000000
130632  43.901  -30.866  40.283 0.0000000000
130704  34.702  -25.870  35.299 0.0000000000
130711  43.997  -34.024  39.479 0.0000000000
130712  38.153  -26.750  36.015 0.0000000000
130750  44.127  -30.171  40.472 0.0000000000
130762  43.715  -33.456  40.171 0.0000000000
130770  44.034  -34.939  39.160 0.0000000000
130771  39.867  -27.081  38.864 0.0000000000
130836  43.079  -29.800  41.280 0.0000000000
130857  33.374  -28.247  35.113 0.0000000000
130965  42.791  -26.419  41.500 0.0000000000
131053  45.958  -29.100  39.169 0.0000000000
131093  28.609  -23.953  28.010 0.0000000000
131133  42.674  -28.226  41.190 0.0000000000
131135  41.806  -29.294  39.294 0.0000000000
131172  46.291  -37.785  37.821 0.0000000000
131174  39.315  -25.442  36.530 0.0000000000
131181  44.018  -31.396  40.079 0.0000000000
131239  46.071  -38.106  36.999 0.0000000000
131248  35.905  -26.553  37.547 0.0000000000
131310  32.043  -27.895  34.432 0.0000000000
131313  35.184  -27.154  32.663 0.0000000000
131349  35.171  -27.334  34.889 0.0000000000
131350  37.048  -26.917  34.841 0.0000000000
131352  41.160  -28.287  39.277 0.0000000000
131368  36.785  -27.265  34.636 0.0000000000
131369  38.109  -27.325  37.634 0.0000000000
131372  36.008  -27.830  35.055 0.0000000000
131456  40.890  -25.884  38.780 0.0000000000
131519  33.049  -25.831  33.304 0.0000000000
131564  36.035  -27.539  36.195 0.0000000000
131565  37.233  -27.502  37.674 0.0000000000
131584  37.599  -27.193  36.041 0.0000000000
131585  36.100  -26.997  33.857 0.0000000000
131586  39.975  -27.050  38.864 0.0000000000
131587  34.101  -27.758  34.203 0.0000000000
131588  35.593  -27.483  33.603 0.0000000000
131589  36.826  -27.622  36.034 0.0000000000
131670  45.456  -34.707  37.789 0.0000000000
131672  45.998  -31.671  38.593 0.0000000000
131685  37.894  -27.464  38.060 0.0000000000
131686  36.742  -27.569  36.544 0.0000000000
131703  45.140  -33.012  38.952 0.0000000000
131704  44.741  -34.714  38.540 0.0000000000
131705  45.959  -33.054  38.079 0.0000000000
131706  45.647  -31.286  39.032 0.0000000000
131726  39.320  -26.863  38.090 0.0000000000
131727  38.482  -26.739  36.426 0.0000000000
131759  43.512  -28.796  40.563 0.0000000000
131767  39.226  -26.442  37.161 0.0000000000
131768  38.321  -26.181  35.375 0.0000000000
131769  40.830  -26.632  38.991 0.0000000000
131777  41.268  -27.491  39.985 0.0000000000
131778  39.223  -26.394  36.952 0.0000000000
131780  37.400  -25.128  33.892 0.0000000000
131820  40.648  -26.903  39.814 0.0000000000
131821  35.950  -27.326  36.525 0.0000000000
131822  37.658  -27.435  38.204 0.0000000000
131823  34.645  -27.109  34.639 0.0000000000
131824  32.661  -28.051  34.698 0.0000000000
131825  35.823  -27.605  35.290 0.0000000000
131942  36.562  -27.390  37.233 0.0000000000
131947  37.858  -25.984  34.635 0.0000000000
131949  43.281  -28.821  41.376 0.0000000000
131952  44.925  -27.108  40.456 0.0000000000
132000  40.700  -27.184  39.400 0.0000000000
132001  33.992  -26.798  32.823 0.0000000000
132004  36.638  -26.740  34.265 0.0000000000
132006  35.110  -27.669  34.166 0.0000000000
132008  36.456  -27.332  34.350 0.0000000000
132010  32.997  -27.975  34.639 0.0000000000
132011  38.128  -27.121  36.739 0.0000000000
132012  36.203  -27.702  35.265 0.0000000000
132092  37.011  -27.441  35.130 0.0000000000
132094  39.226  -26.946  37.990 0.0000000000
132095  37.791  -27.332  36.844 0.0000000000
132096  34.635  -27.554  33.701 0.0000000000
132098  37.397  -26.900  35.264 0.0000000000
132259  45.463  -36.947  38.874 0.0000000000
132410  60.171  -5.198  23.164 0.0000000000
132436  54.164  -26.098  30.120 0.0000000000
132495  40.796  -26.042  41.229 0.0000000000
132532  44.406  -28.541  40.731 0.0000000000
132625  35.880  -25.772  39.131 0.0000000000
132786  37.393  -26.452  39.457 0.0000000000
132841  46.536  -21.828  31.598 0.0000000000
132924  53.484  -22.371  31.851 0.0000000000
133135  34.282  -26.964  34.022 0.0000000000
133198  63.141  -4.299  19.802 0.0000000000
133229  46.995  -22.380  36.013 0.0000000000
133269  57.012  -25.588  25.000 0.0000000000
133359  34.751  -28.762  49.265 0.0000000000
133412  28.915  -23.993  36.341 0.0000000000
133499  43.822  -32.778  40.190 0.0000000000
133796  57.498  -21.281  25.167 0.0000000000
133870  45.402  -31.830  40.248 0.0000000000
133990  45.847  -10.341  20.537 0.0000000000
134030  24.050  -28.655  39.967 0.0000000000
134143  45.308  -22.765  33.886 0.0000000000
134243  48.404  -30.079  36.591 0.0000000000
134325  55.851  -7.570  27.922 0.0000000000
134371  53.804  -8.439  25.428 0.0000000000
134400  58.500  -26.838  23.150 0.0000000000
134922  59.191  -2.699  24.437 0.0000000000
135432  57.104  -23.165  25.248 0.0000000000
135598  37.551  -29.214  47.142 0.0000000000
136301  58.713  -16.223  23.957 0.0000000000
136619  31.964  -23.457  36.074 0.0000000000
136787  24.533  -28.146  38.912 0.0000000000
136909  56.477  -12.251  29.525 0.0000000000
136939  48.568  -15.511  30.708 0.0000000000
136955  44.215  -32.026  40.247 0.0000000000
137106  55.727  -5.725  27.401 0.0000000000
137149  48.502  -32.949  34.321 0.0000000000
137203  43.736  -32.002  39.966 0.0000000000
137379  54.398  -13.899  31.460 0.0000000000
137395  32.340  -27.388  28.595 0.0000000000
137486  48.121  -12.119  25.095 0.0000000000
137561  43.875  -23.759  39.101 0.0000000000
137635  52.519  -28.316  31.855 0.0000000000
137805  56.950  2.193  25.033 0.0000000000
137845  42.736  -27.907  44.206 0.0000000000
137869  56.153  -17.897  28.722 0.0000000000
137875  32.208  -25.355  33.965 0.0000000000
138097  45.372  -30.727  39.522 0.0000000000
138139  40.073  -26.965  39.225 0.0000000000
138235  40.592  -17.428  21.184 0.0000000000
138433  34.046  -25.697  43.905 0.0000000000
138463  45.218  -33.403  40.200 0.0000000000
138591  52.383  -9.086  24.809 0.0000000000
138765  56.736  -19.087  27.249 0.0000000000
138866  49.761  -20.391  35.379 0.0000000000
138918  58.642  -10.388  26.253 0.0000000000
139044  44.055  -16.491  21.872 0.0000000000
139114  46.315  -22.084  32.315 0.0000000000
139133  57.769  1.037  27.092 0.0000000000
139208  35.303  -25.234  38.803 0.0000000000
139277  46.971  -34.050  38.330 0.0000000000
139393  56.892  1.364  24.292 0.0000000000
139458  35.828  -26.512  32.150 0.0000000000
139502  51.998  -33.933  30.393 0.0000000000
139616  43.929  -30.600  40.427 0.0000000000
139667  38.515  -22.460  34.486 0.0000000000
139671  40.309  -18.444  29.277 0.0000000000
139677  45.337  -31.278  40.413 0.0000000000
139701  55.541  -18.469  29.540 0.0000000000
139786  51.800  -32.918  32.552 0.0000000000
139937  37.772  -21.413  32.045 0.0000000000
140123  46.758  -32.189  37.509 0.0000000000
140310  53.125  -32.131  29.527 0.0000000000
140319  54.516  -4.322  25.372 0.0000000000
140374  62.784  -3.126  21.568 0.0000000000
140379  49.327  -14.507  31.249 0.0000000000
140392  57.099  -19.764  26.214 0.0000000000
140570  61.263  -11.903  21.269 0.0000000000
