#!ascii label  , from subject sub-v2s7x29675_ses-1 vox2ras=TkReg
4756
36179  -5.613  -30.265  52.417 0.1250000000
36165  -5.805  -30.529  53.046 0.1250000000
35398  -5.602  -31.085  52.491 0.1250000000
119419  -6.190  -30.374  53.183 0.1250000000
36185  -5.508  -30.496  51.466 0.1250000000
35413  -5.710  -31.383  50.772 0.1250000000
117898  -9.034  -31.957  53.299 0.1250000000
35423  -5.897  -31.282  49.865 0.1250000000
37014  -6.043  -29.589  49.263 0.1250000000
34525  -9.730  -32.224  52.816 0.1250000000
35408  -9.831  -31.714  51.066 0.1250000000
34553  -10.537  -32.148  50.804 0.1250000000
36197  -6.281  -30.270  48.735 0.1250000000
37876  -6.927  -28.720  48.187 0.2500000000
34554  -10.976  -32.154  50.230 0.1250000000
36203  -6.712  -30.175  47.985 0.2500000000
37029  -7.018  -29.402  47.590 0.2500000000
37884  -7.520  -28.354  47.206 0.2500000000
121880  -11.671  -32.433  50.315 0.1250000000
34555  -12.406  -32.489  49.948 0.1250000000
126168  -6.907  -30.215  47.182 0.2500000000
37891  -7.380  -29.001  46.974 0.3750000000
37892  -7.658  -28.647  46.520 0.2500000000
34565  -12.926  -32.402  49.364 0.1250000000
34573  -13.847  -32.171  48.491 0.1250000000
37041  -7.444  -29.358  46.244 0.2500000000
127664  -8.055  -28.441  45.515 0.2500000000
37924  -8.172  -28.643  44.983 0.2500000000
39657  -8.894  -27.238  45.187 0.3750000000
39658  -9.609  -26.677  44.676 0.3750000000
113642  -10.188  -26.207  44.278 0.5000000000
38766  -9.995  -26.883  43.795 0.3750000000
39659  -10.486  -26.346  43.432 0.5000000000
38780  -10.230  -26.970  42.896 0.3750000000
36998  -5.572  -29.638  52.005 0.1250000000
36982  -6.215  -29.749  52.846 0.1250000000
123141  -6.518  -30.958  53.538 0.1250000000
36167  -7.147  -30.465  53.175 0.1250000000
112924  -8.137  -31.140  53.033 0.1250000000
37859  -5.704  -28.813  50.584 0.1250000000
35392  -8.301  -31.773  54.011 0.1250000000
35400  -9.008  -31.657  52.416 0.1250000000
35406  -8.907  -30.600  51.478 0.2500000000
128184  -5.902  -29.014  49.748 0.1250000000
112819  -9.147  -31.347  51.609 0.1250000000
34533  -9.732  -32.076  51.961 0.1250000000
37868  -6.415  -28.695  49.049 0.1250000000
38720  -7.260  -28.138  47.835 0.2500000000
35416  -10.338  -31.489  50.266 0.1250000000
38721  -7.563  -27.698  47.453 0.3750000000
38732  -7.779  -27.904  46.737 0.3750000000
34563  -11.559  -31.946  49.554 0.1250000000
39618  -8.347  -26.546  46.644 0.3750000000
39619  -8.885  -25.980  46.225 0.3750000000
34564  -12.329  -32.045  49.059 0.1250000000
35436  -13.290  -31.712  47.942 0.1250000000
37907  -8.335  -28.009  45.389 0.2500000000
39637  -9.208  -26.328  45.472 0.5000000000
40731  -9.795  -25.893  45.032 0.5000000000
127972  -10.631  -25.813  43.927 0.5000000000
40733  -10.959  -25.208  44.044 0.5000000000
40754  -11.388  -24.920  43.300 0.6250000000
116589  -9.086  -27.315  42.027 0.3750000000
40776  -10.674  -25.544  42.160 0.5000000000
41769  -11.428  -24.556  42.556 0.6250000000
40775  -9.904  -25.903  41.750 0.3750000000
40802  -8.560  -26.214  40.621 0.2500000000
37831  -10.965  -28.578  53.934 0.2500000000
37820  -11.810  -28.560  54.219 0.2500000000
109927  -10.832  -28.706  53.054 0.2500000000
37821  -12.599  -28.514  54.562 0.3750000000
37840  -6.314  -28.265  52.427 0.1250000000
36991  -6.357  -28.967  52.584 0.1250000000
36983  -6.730  -28.956  52.698 0.1250000000
36173  -7.153  -29.574  52.865 0.1250000000
37828  -8.252  -28.838  52.841 0.2500000000
36993  -8.768  -29.422  52.145 0.2500000000
36994  -9.655  -29.258  51.984 0.2500000000
110205  -11.702  -28.610  53.354 0.2500000000
37850  -5.662  -28.919  51.571 0.1250000000
36166  -6.550  -30.007  52.987 0.1250000000
36174  -7.826  -30.139  52.499 0.1250000000
36180  -8.575  -29.985  51.812 0.2500000000
36999  -9.274  -29.761  51.441 0.2500000000
37842  -10.730  -29.011  52.111 0.3750000000
38692  -5.821  -28.186  51.236 0.1250000000
35399  -8.529  -30.751  52.027 0.2500000000
36181  -9.136  -30.229  51.262 0.2500000000
37006  -9.646  -30.168  50.773 0.2500000000
37860  -6.053  -28.298  49.835 0.1250000000
38700  -6.244  -27.553  50.049 0.1250000000
37007  -10.354  -29.844  50.458 0.1250000000
38706  -6.529  -27.791  49.287 0.2500000000
38714  -7.264  -27.471  48.083 0.3750000000
39593  -7.819  -26.015  48.215 0.3750000000
36186  -10.186  -30.531  50.208 0.1250000000
36192  -11.159  -30.325  49.396 0.1250000000
39603  -7.591  -27.090  47.672 0.3750000000
35426  -11.228  -31.091  49.277 0.1250000000
35434  -11.858  -31.306  48.846 0.1250000000
36204  -12.699  -30.239  47.832 0.1250000000
40704  -9.309  -25.227  46.611 0.3750000000
40717  -10.090  -25.204  45.387 0.5000000000
35443  -12.849  -31.003  47.702 0.1250000000
41734  -10.819  -24.758  44.936 0.5000000000
42647  -11.536  -24.131  44.893 0.5000000000
41746  -11.472  -24.529  44.132 0.6250000000
42665  -12.548  -23.334  43.579 0.6250000000
41757  -11.916  -24.145  43.286 0.6250000000
42674  -12.219  -23.405  42.632 0.6250000000
43541  -12.198  -22.625  41.964 0.6250000000
39704  -8.677  -26.455  41.081 0.2500000000
40804  -9.349  -25.389  41.173 0.3750000000
41767  -10.071  -25.098  41.489 0.5000000000
41768  -10.827  -24.822  41.973 0.5000000000
42685  -11.573  -23.398  41.827 0.5000000000
40803  -8.882  -25.652  40.895 0.2500000000
41784  -9.123  -24.880  40.733 0.5000000000
40827  -8.648  -25.508  40.413 0.2500000000
37799  -10.695  -27.786  57.006 0.7500000000
38656  -11.952  -27.891  57.786 0.7500000000
38650  -12.501  -27.482  58.291 0.8750000000
37808  -9.226  -27.819  55.737 0.7500000000
37803  -10.284  -27.983  56.475 0.8750000000
37804  -11.131  -28.280  56.266 0.7500000000
37800  -11.556  -28.113  57.063 0.7500000000
115720  -12.741  -28.006  57.718 0.7500000000
38657  -13.322  -28.150  57.127 0.8750000000
37816  -7.815  -27.418  53.926 0.5000000000
37807  -8.774  -27.794  55.106 0.6250000000
128519  -9.504  -28.213  55.135 0.6250000000
37809  -10.254  -28.283  55.641 0.7500000000
37810  -11.241  -28.462  55.491 0.6250000000
37805  -12.102  -28.414  56.330 0.7500000000
37806  -12.996  -28.373  56.340 0.7500000000
37817  -8.341  -27.906  54.316 0.5000000000
37818  -9.245  -28.337  54.406 0.5000000000
37819  -10.197  -28.466  54.596 0.5000000000
112998  -11.074  -28.526  54.813 0.6250000000
127587  -11.872  -28.541  55.040 0.6250000000
37811  -12.615  -28.486  55.504 0.7500000000
37812  -13.411  -28.358  55.702 0.7500000000
37827  -7.324  -27.924  53.123 0.1250000000
124108  -7.878  -28.121  53.491 0.2500000000
37829  -8.884  -28.597  53.464 0.3750000000
37830  -10.021  -28.615  53.672 0.3750000000
38685  -6.623  -27.487  52.584 0.2500000000
37826  -6.860  -27.983  52.811 0.1250000000
36984  -7.397  -28.715  52.915 0.2500000000
109579  -9.899  -28.922  52.792 0.3750000000
37822  -13.462  -28.376  54.899 0.6250000000
128511  -14.333  -28.115  54.882 0.7500000000
38693  -6.184  -27.647  51.842 0.2500000000
124973  -6.095  -27.480  50.888 0.1250000000
39570  -6.438  -26.848  51.333 0.3750000000
40666  -7.409  -25.549  51.178 0.5000000000
133239  -5.917  -28.040  50.501 0.2500000000
39577  -6.515  -26.846  50.385 0.3750000000
39584  -7.061  -26.200  49.770 0.5000000000
40672  -7.852  -25.426  49.545 0.5000000000
39583  -6.686  -27.017  49.527 0.3750000000
40679  -7.527  -26.064  48.901 0.5000000000
40673  -8.478  -25.000  49.031 0.6250000000
39604  -7.953  -26.391  47.515 0.3750000000
40681  -8.735  -25.030  48.323 0.5000000000
132921  -9.912  -24.409  47.825 0.5000000000
40703  -8.594  -25.772  47.040 0.3750000000
41710  -9.753  -24.617  47.262 0.5000000000
41723  -10.425  -24.598  45.895 0.5000000000
41735  -11.085  -24.249  45.498 0.6250000000
42657  -12.699  -23.194  44.517 0.6250000000
43536  -13.105  -22.451  43.842 0.6250000000
44406  -13.153  -21.403  43.056 0.7500000000
132685  -12.664  -21.854  42.246 0.7500000000
41786  -10.262  -24.356  41.345 0.5000000000
42684  -10.610  -23.485  41.120 0.5000000000
43550  -11.356  -22.597  41.203 0.6250000000
44422  -12.003  -21.596  41.449 0.6250000000
45366  -12.001  -20.513  41.556 0.6250000000
42682  -9.251  -24.210  40.494 0.5000000000
41801  -8.792  -24.933  40.408 0.3750000000
112962  -8.929  -24.423  40.316 0.3750000000
41800  -8.529  -25.017  39.954 0.3750000000
127386  -10.786  -26.837  57.833 1.0000000000
38655  -11.114  -27.507  57.625 0.7500000000
38649  -11.587  -27.079  58.254 0.7500000000
38659  -8.954  -26.930  56.154 0.8750000000
38660  -9.420  -27.185  56.586 0.8750000000
38661  -9.959  -27.504  56.877 0.8750000000
38654  -10.378  -27.199  57.378 0.8750000000
39536  -13.112  -27.038  58.793 0.8750000000
38665  -8.678  -27.254  55.654 0.7500000000
38666  -9.098  -27.363  56.140 0.8750000000
37802  -9.624  -27.729  56.314 0.8750000000
38651  -13.463  -27.689  58.000 0.8750000000
39537  -13.997  -27.172  58.568 0.8750000000
38671  -8.190  -27.180  54.849 0.6250000000
38652  -14.268  -27.499  57.893 0.8750000000
39541  -14.765  -27.119  58.204 0.8750000000
124024  -7.472  -26.788  53.629 0.6250000000
38670  -7.818  -26.928  54.148 0.5000000000
40640  -8.713  -26.018  55.587 0.8750000000
40645  -8.789  -25.498  54.872 0.8750000000
110438  -14.124  -27.829  57.225 0.7500000000
38677  -7.429  -27.292  53.457 0.2500000000
130851  -8.323  -25.653  54.406 0.8750000000
38662  -13.924  -28.149  56.311 0.7500000000
38663  -14.731  -27.705  56.604 0.8750000000
127519  -7.173  -26.637  53.230 0.7500000000
38676  -7.037  -27.169  53.160 0.2500000000
37813  -13.975  -28.220  55.495 0.7500000000
38667  -14.667  -27.878  55.691 0.7500000000
39563  -7.150  -26.158  52.833 0.7500000000
39557  -6.828  -26.771  52.703 0.5000000000
39571  -6.849  -26.220  51.909 0.7500000000
40660  -8.091  -24.966  51.392 0.6250000000
41679  -8.752  -24.689  50.640 0.6250000000
115623  -9.514  -24.463  50.803 0.6250000000
40671  -7.415  -25.655  50.345 0.6250000000
41687  -8.607  -24.795  49.763 0.6250000000
41696  -9.433  -24.659  48.036 0.5000000000
42625  -10.523  -24.145  47.648 0.5000000000
41711  -11.265  -23.866  47.001 0.5000000000
41724  -11.108  -24.043  46.185 0.5000000000
126825  -11.726  -23.802  45.581 0.6250000000
42648  -12.659  -23.171  45.550 0.7500000000
44373  -13.508  -21.297  45.192 0.7500000000
43530  -13.268  -22.367  44.867 0.7500000000
44391  -13.388  -21.377  44.216 0.7500000000
45341  -13.102  -20.277  43.731 0.6250000000
46343  -12.427  -19.697  43.117 0.6250000000
46333  -12.361  -19.603  44.014 0.6250000000
42683  -9.790  -23.922  40.773 0.5000000000
43548  -9.994  -23.247  40.535 0.5000000000
44437  -11.137  -21.700  40.706 0.6250000000
44438  -11.501  -20.893  41.003 0.6250000000
44452  -10.408  -21.724  40.149 0.6250000000
45382  -11.334  -20.084  41.189 0.6250000000
42699  -8.875  -23.815  40.017 0.5000000000
42700  -9.346  -23.382  40.160 0.6250000000
42698  -8.620  -24.263  39.857 0.3750000000
42711  -8.601  -23.547  39.517 0.2500000000
39535  -12.258  -26.749  58.797 0.8750000000
38653  -9.839  -26.988  57.099 1.0000000000
130663  -10.335  -26.736  57.430 1.0000000000
120056  -11.737  -26.386  58.636 0.8750000000
39545  -9.493  -26.681  56.631 0.8750000000
40636  -9.686  -26.079  56.782 1.0000000000
117053  -11.235  -25.815  58.181 1.0000000000
121364  -9.332  -25.806  56.283 0.8750000000
117653  -9.830  -25.207  56.168 1.0000000000
38658  -14.846  -27.449  57.431 0.8750000000
39554  -8.117  -26.672  54.691 0.6250000000
39549  -8.523  -26.657  55.428 0.7500000000
40644  -8.231  -26.127  54.778 0.8750000000
41652  -10.831  -24.661  56.784 1.0000000000
38664  -15.432  -27.291  56.900 0.8750000000
39553  -7.828  -26.460  54.140 0.7500000000
40649  -8.588  -25.170  53.952 0.8750000000
41662  -10.553  -24.590  54.614 0.8750000000
130900  -11.396  -24.353  55.236 1.0000000000
41658  -11.593  -24.159  56.105 1.0000000000
109730  -15.326  -27.466  56.122 0.7500000000
39558  -7.467  -26.264  53.528 0.7500000000
40652  -7.662  -25.622  53.085 0.7500000000
41667  -9.401  -24.712  53.439 0.8750000000
41668  -10.323  -24.501  53.009 0.7500000000
118914  -15.313  -27.569  55.492 0.7500000000
120940  -8.176  -25.240  53.332 0.7500000000
40653  -8.275  -24.944  52.450 0.8750000000
114036  -9.455  -24.611  52.428 0.6250000000
41677  -11.435  -24.163  51.961 0.7500000000
42597  -10.962  -24.183  51.331 0.7500000000
40659  -7.479  -25.502  52.165 0.6250000000
41675  -8.988  -24.635  51.512 0.6250000000
42602  -11.368  -23.944  50.695 0.6250000000
41680  -9.474  -24.423  49.989 0.6250000000
41689  -10.419  -24.149  49.304 0.6250000000
42606  -11.345  -23.844  49.922 0.6250000000
42613  -11.650  -23.680  48.950 0.5000000000
121431  -12.454  -23.273  48.356 0.7500000000
42612  -10.822  -23.984  48.432 0.5000000000
42627  -12.675  -23.090  47.622 0.6250000000
42626  -11.607  -23.649  47.882 0.5000000000
121918  -13.535  -21.311  47.608 0.7500000000
42639  -12.890  -22.889  46.671 0.6250000000
44346  -13.471  -20.524  46.855 0.7500000000
120720  -12.831  -19.499  46.897 0.7500000000
121409  -13.524  -21.000  46.038 0.7500000000
120999  -13.410  -20.442  45.447 0.7500000000
45319  -13.207  -19.923  46.075 0.7500000000
46320  -12.181  -19.531  44.916 0.6250000000
46309  -12.511  -19.562  45.764 0.6250000000
46332  -11.542  -19.339  43.587 0.6250000000
116655  -10.240  -20.890  39.921 0.6250000000
46352  -10.708  -19.575  40.934 0.6250000000
46353  -11.111  -19.346  41.668 0.6250000000
131567  -11.737  -19.770  41.769 0.6250000000
43562  -9.199  -22.443  39.618 0.6250000000
45381  -10.874  -20.653  40.465 0.6250000000
43576  -8.812  -23.081  39.572 0.5000000000
43575  -8.454  -22.807  39.014 0.3750000000
39534  -11.664  -25.811  58.665 1.0000000000
40622  -11.706  -25.198  58.554 1.0000000000
39530  -12.098  -26.065  59.155 0.8750000000
39531  -12.777  -26.321  59.327 0.8750000000
39532  -13.734  -26.478  59.359 0.8750000000
40632  -10.325  -25.785  57.347 1.0000000000
41643  -11.472  -24.912  58.213 1.0000000000
129303  -14.503  -26.771  58.866 1.0000000000
41647  -10.104  -25.435  57.051 1.0000000000
41648  -10.877  -24.885  57.510 1.0000000000
128743  -11.657  -23.470  58.079 1.0000000000
39538  -15.211  -26.550  58.650 0.8750000000
41653  -11.619  -23.835  56.909 1.0000000000
42579  -11.723  -23.091  57.419 1.0000000000
125876  -10.128  -24.579  53.797 0.8750000000
41669  -11.071  -24.435  53.657 0.8750000000
41663  -11.729  -24.252  54.449 1.0000000000
42585  -12.234  -23.741  55.340 1.0000000000
43475  -11.879  -22.440  56.676 1.0000000000
39550  -15.982  -27.041  56.376 0.8750000000
41673  -11.333  -24.301  52.738 0.7500000000
42589  -12.827  -23.110  54.884 1.0000000000
42591  -13.013  -23.176  53.954 1.0000000000
43481  -13.058  -22.267  54.503 1.0000000000
38669  -16.186  -26.993  55.123 0.7500000000
42598  -12.037  -23.784  51.353 0.7500000000
44326  -13.010  -21.285  54.245 1.0000000000
42599  -12.953  -23.250  51.866 0.7500000000
42603  -12.193  -23.550  50.419 0.7500000000
44328  -13.206  -20.972  53.383 1.0000000000
42604  -13.028  -23.108  50.962 0.8750000000
42608  -13.096  -22.807  49.990 1.0000000000
43497  -13.455  -21.976  49.251 0.7500000000
43504  -13.288  -22.350  48.272 0.8750000000
44340  -13.564  -20.770  48.603 0.7500000000
45305  -13.423  -19.960  47.706 0.7500000000
46296  -12.055  -19.447  46.361 0.7500000000
46308  -11.510  -19.500  45.658 0.6250000000
46295  -10.928  -19.533  46.344 0.7500000000
114190  -11.012  -19.454  44.914 0.6250000000
47281  -9.095  -18.355  41.533 0.6250000000
46340  -9.809  -18.586  41.954 0.6250000000
46331  -10.626  -19.047  43.290 0.6250000000
46318  -9.880  -19.429  44.769 0.6250000000
46351  -9.968  -18.922  40.833 0.6250000000
123052  -10.470  -18.971  41.530 0.6250000000
46341  -10.591  -18.895  42.309 0.6250000000
46342  -11.559  -19.320  42.541 0.6250000000
46363  -9.650  -19.441  39.865 0.6250000000
45396  -9.738  -20.542  39.627 0.6250000000
45395  -9.079  -21.296  39.210 0.6250000000
122835  -8.539  -21.987  38.644 0.5000000000
40623  -12.190  -25.271  59.305 1.0000000000
124513  -12.562  -25.727  59.565 1.0000000000
40624  -13.173  -25.824  59.885 1.0000000000
130823  -11.832  -24.196  58.469 1.0000000000
42571  -12.276  -23.551  59.260 1.0000000000
40625  -14.029  -25.795  60.055 1.0000000000
39533  -14.669  -26.194  59.433 1.0000000000
42578  -11.499  -24.427  58.058 1.0000000000
42575  -12.011  -23.347  58.818 1.0000000000
117816  -11.397  -22.548  58.313 1.0000000000
39542  -15.539  -26.897  57.745 0.8750000000
125453  -12.257  -24.013  53.468 0.8750000000
43477  -12.361  -22.398  55.979 1.0000000000
43474  -11.335  -22.202  57.469 1.0000000000
39547  -16.561  -26.398  56.688 1.0000000000
42593  -12.240  -23.865  52.350 0.8750000000
44321  -12.763  -21.609  54.915 1.0000000000
44319  -11.489  -21.269  55.882 1.0000000000
39555  -16.583  -26.516  54.806 0.8750000000
131443  -13.290  -22.697  52.204 0.8750000000
45244  -12.575  -20.549  53.934 1.0000000000
44325  -12.321  -20.915  54.821 1.0000000000
39556  -16.959  -25.907  54.403 0.6250000000
119779  -13.436  -22.266  51.609 1.0000000000
43487  -13.444  -21.891  52.572 1.0000000000
44331  -13.278  -20.626  52.501 1.0000000000
45243  -12.036  -20.184  53.578 1.0000000000
39560  -16.715  -25.786  53.587 0.5000000000
43490  -13.485  -22.053  50.685 1.0000000000
123476  -13.547  -21.191  51.203 1.0000000000
44334  -13.277  -20.398  51.665 1.0000000000
45260  -12.479  -19.891  52.186 0.8750000000
44338  -13.570  -20.777  49.636 0.8750000000
124827  -13.361  -20.326  50.964 0.7500000000
45268  -12.754  -19.777  51.209 0.8750000000
45290  -13.149  -19.661  49.258 0.7500000000
116917  -13.109  -19.538  48.445 0.7500000000
45303  -10.956  -19.506  48.048 0.7500000000
46307  -10.348  -19.580  45.556 0.6250000000
47271  -8.810  -18.380  42.656 0.6250000000
46330  -9.698  -18.756  43.000 0.6250000000
46329  -8.744  -18.796  43.710 0.6250000000
110341  -9.662  -19.114  43.954 0.6250000000
47292  -9.110  -18.560  40.515 0.6250000000
120008  -9.261  -20.145  39.293 0.6250000000
46362  -8.931  -19.127  39.418 0.6250000000
45413  -8.680  -20.353  38.754 0.6250000000
41639  -12.555  -24.507  59.908 1.0000000000
40620  -14.330  -25.127  60.545 1.0000000000
40629  -15.585  -25.780  59.282 1.0000000000
39539  -15.958  -26.209  58.341 1.0000000000
43469  -11.555  -22.373  58.799 1.0000000000
40634  -16.843  -25.826  57.391 1.0000000000
44309  -10.638  -21.636  58.110 1.0000000000
39548  -17.012  -26.114  56.024 1.0000000000
40642  -17.485  -25.338  54.889 0.7500000000
110791  -10.532  -21.518  57.264 1.0000000000
124627  -17.600  -24.859  54.393 0.7500000000
130371  -11.901  -21.061  55.362 1.0000000000
40647  -17.359  -24.669  53.820 0.7500000000
45236  -11.731  -20.443  54.247 1.0000000000
45251  -11.774  -19.972  52.922 1.0000000000
45259  -11.716  -19.644  51.507 0.8750000000
45267  -11.979  -19.511  50.623 0.8750000000
45274  -10.916  -19.593  50.067 0.7500000000
45318  -10.274  -19.658  47.069 0.7500000000
46294  -9.674  -19.715  46.239 0.5000000000
112129  -7.265  -18.056  45.244 0.7500000000
47251  -7.469  -18.004  44.696 0.7500000000
47261  -7.807  -17.627  43.220 0.6250000000
112115  -7.767  -18.138  44.144 0.6250000000
47253  -8.027  -18.745  44.334 0.6250000000
46317  -8.682  -19.250  44.637 0.6250000000
46306  -9.125  -19.592  45.435 0.6250000000
114442  -8.078  -17.935  42.740 0.6250000000
47270  -8.398  -18.026  42.062 0.6250000000
47280  -8.411  -18.020  41.242 0.6250000000
45412  -8.391  -20.775  38.270 0.5000000000
45431  -8.273  -20.537  38.110 0.1250000000
41634  -13.843  -24.562  60.896 1.0000000000
41635  -14.623  -24.471  60.875 1.0000000000
40621  -15.106  -24.903  60.452 1.0000000000
126904  -13.049  -24.426  60.548 1.0000000000
42566  -12.887  -23.195  60.275 1.0000000000
126639  -12.788  -23.955  60.281 1.0000000000
40619  -13.502  -25.199  60.410 1.0000000000
129622  -15.529  -25.194  59.949 1.0000000000
40630  -16.403  -25.479  58.757 1.0000000000
40631  -17.095  -25.190  58.135 1.0000000000
43463  -12.439  -22.717  59.606 1.0000000000
41633  -12.547  -23.782  59.812 1.0000000000
40627  -16.145  -25.018  59.546 1.0000000000
121987  -12.435  -21.920  59.690 1.0000000000
43466  -11.896  -22.451  59.111 1.0000000000
40635  -17.362  -25.272  57.296 1.0000000000
40638  -17.485  -25.554  55.826 1.0000000000
40639  -17.991  -24.945  55.589 1.0000000000
129673  -10.570  -21.238  56.408 1.0000000000
44324  -11.302  -20.779  55.088 1.0000000000
46268  -38.941  -19.664  49.411 0.7500000000
46269  -39.796  -19.707  49.510 0.7500000000
45242  -11.166  -20.248  53.580 1.0000000000
45250  -10.562  -20.112  52.760 1.0000000000
45258  -10.613  -19.846  51.827 0.8750000000
45257  -9.643  -20.112  51.293 0.8750000000
110191  -10.785  -19.719  50.952 0.8750000000
45273  -9.783  -19.952  49.581 0.8750000000
45287  -9.681  -19.908  48.662 0.7500000000
45302  -9.450  -19.865  47.745 0.7500000000
117288  -7.281  -17.337  47.439 0.8750000000
48111  -7.203  -17.838  47.161 0.8750000000
45317  -9.030  -19.859  46.920 0.6250000000
48124  -7.305  -17.081  45.863 0.8750000000
48110  -7.276  -17.045  46.577 0.8750000000
48118  -7.188  -17.704  46.379 0.8750000000
47236  -7.160  -18.356  46.887 0.8750000000
45316  -8.455  -19.669  46.172 0.5000000000
48133  -7.406  -17.516  44.945 0.7500000000
48125  -7.230  -17.707  45.647 0.7500000000
47243  -7.206  -18.384  45.745 0.7500000000
127503  -7.311  -18.844  45.792 0.7500000000
46293  -7.801  -19.415  45.920 0.7500000000
46305  -8.119  -19.418  45.400 0.6250000000
126953  -7.609  -17.345  44.394 0.7500000000
47260  -7.732  -17.509  43.945 0.7500000000
47252  -7.653  -18.639  44.857 0.7500000000
46316  -7.909  -19.102  44.925 0.6250000000
47269  -7.889  -17.495  42.099 0.6250000000
47291  -8.397  -18.177  40.250 0.6250000000
47290  -7.802  -17.681  40.022 0.6250000000
47303  -8.227  -18.487  39.314 0.6250000000
46377  -8.421  -19.375  38.774 0.5000000000
46376  -8.220  -20.012  38.269 0.2500000000
45449  -8.226  -20.124  37.845 0.1250000000
41632  -14.905  -23.878  61.075 1.0000000000
41640  -15.785  -24.584  60.189 1.0000000000
41641  -16.490  -24.240  59.811 1.0000000000
42562  -13.282  -23.087  60.839 1.0000000000
41644  -16.872  -24.717  59.070 1.0000000000
43457  -13.186  -22.416  60.448 1.0000000000
43462  -11.712  -21.645  59.303 1.0000000000
41654  -17.844  -24.989  56.609 1.0000000000
44304  -10.843  -21.655  58.710 1.0000000000
40643  -17.909  -24.768  54.887 0.7500000000
44313  -9.665  -21.029  56.865 1.0000000000
44308  -9.724  -21.067  57.720 1.0000000000
41670  -17.650  -24.051  53.618 0.7500000000
47209  -37.605  -18.769  49.895 0.8750000000
46248  -38.271  -19.000  50.023 0.7500000000
46249  -39.009  -18.857  50.021 0.8750000000
46257  -39.700  -19.291  49.900 0.7500000000
44318  -9.772  -20.864  56.001 1.0000000000
46255  -38.260  -19.279  49.672 0.8750000000
46256  -39.028  -19.357  49.767 0.8750000000
46259  -41.582  -19.059  49.244 0.6250000000
47220  -41.542  -18.380  48.797 0.8750000000
47221  -42.318  -19.005  48.828 1.0000000000
44323  -10.118  -20.712  55.177 1.0000000000
47218  -35.941  -18.286  48.925 0.6250000000
46270  -41.359  -19.660  49.125 0.7500000000
132499  -42.057  -19.506  48.930 0.8750000000
46271  -42.562  -19.554  48.415 0.8750000000
47228  -43.701  -18.845  47.468 0.8750000000
46281  -44.046  -19.154  46.994 0.7500000000
45241  -9.957  -20.463  53.612 1.0000000000
132335  -35.548  -18.105  48.660 0.6250000000
46279  -42.092  -19.835  48.630 0.8750000000
46280  -43.247  -19.561  47.678 0.8750000000
47235  -45.247  -18.136  46.774 0.5000000000
45249  -9.384  -20.390  52.957 0.8750000000
50828  -7.461  -14.681  53.088 0.8750000000
49927  -7.476  -15.497  52.412 0.8750000000
111208  -9.495  -20.239  52.186 0.8750000000
49936  -7.396  -16.324  51.680 0.8750000000
124858  -7.627  -15.427  51.459 0.8750000000
49941  -7.539  -16.162  50.688 0.7500000000
48082  -6.941  -17.945  50.169 0.8750000000
45272  -8.539  -20.198  49.232 0.7500000000
49007  -7.337  -16.944  49.749 0.7500000000
116821  -7.095  -17.831  49.237 0.8750000000
117560  -6.920  -18.571  49.724 1.0000000000
45286  -8.558  -20.036  48.304 0.7500000000
133179  -7.514  -16.508  48.884 0.8750000000
49016  -7.321  -17.169  48.778 0.8750000000
47229  -7.222  -18.530  47.885 0.8750000000
48092  -7.116  -18.416  48.786 0.8750000000
116745  -7.221  -18.955  48.181 0.8750000000
49035  -7.312  -16.661  47.048 0.7500000000
46283  -7.452  -19.303  47.903 0.7500000000
49045  -7.332  -16.428  45.954 0.7500000000
46291  -7.205  -18.805  46.407 0.7500000000
46292  -7.441  -19.210  46.906 0.7500000000
123549  -7.580  -16.943  44.529 0.7500000000
130093  -8.222  -19.761  46.864 0.7500000000
48139  -7.776  -17.126  43.274 0.7500000000
48144  -7.724  -16.708  42.883 0.6250000000
48153  -7.534  -17.035  41.563 0.6250000000
48161  -7.442  -17.053  40.647 0.6250000000
41630  -13.465  -23.832  61.032 1.0000000000
41631  -14.207  -23.835  61.185 1.0000000000
41637  -15.999  -23.831  60.401 1.0000000000
43459  -14.174  -22.263  61.058 1.0000000000
42565  -15.410  -22.565  60.756 1.0000000000
41642  -17.152  -23.819  59.321 1.0000000000
119878  -13.879  -21.862  60.746 0.8750000000
41650  -17.721  -24.622  57.616 1.0000000000
41645  -17.494  -24.285  58.513 1.0000000000
44295  -12.086  -21.300  59.596 1.0000000000
41651  -18.274  -24.119  57.051 1.0000000000
44298  -10.365  -20.908  58.970 1.0000000000
42592  -18.245  -22.705  53.879 0.7500000000
41660  -18.493  -23.626  54.849 0.6250000000
42595  -17.742  -22.851  52.974 0.7500000000
41671  -17.811  -23.407  53.516 0.7500000000
113734  -37.011  -18.160  50.060 0.7500000000
127711  -6.549  -14.721  55.288 0.7500000000
47208  -37.121  -18.374  49.775 0.7500000000
47207  -36.579  -18.066  49.551 0.7500000000
125928  -40.176  -19.030  49.853 0.7500000000
132898  -6.819  -15.269  54.917 0.7500000000
113733  -36.154  -17.829  49.436 0.7500000000
50812  -6.889  -14.654  54.632 0.8750000000
49896  -7.084  -15.446  54.283 0.8750000000
48978  -7.082  -16.518  53.827 0.8750000000
112052  -44.165  -19.238  46.638 0.7500000000
47242  -45.519  -18.166  46.360 0.5000000000
50813  -7.230  -14.703  53.919 0.8750000000
49914  -7.317  -15.536  53.401 0.8750000000
48988  -7.278  -16.449  52.716 0.8750000000
45248  -8.447  -20.315  52.628 0.8750000000
45264  -7.268  -19.813  50.674 0.8750000000
110192  -8.720  -20.294  50.763 0.8750000000
50840  -7.639  -14.642  52.129 0.7500000000
48071  -6.819  -18.263  51.108 0.8750000000
119643  -6.793  -18.665  50.362 1.0000000000
45265  -7.901  -20.242  50.140 0.8750000000
127455  -6.989  -18.829  49.493 1.0000000000
112648  -7.866  -20.047  48.710 0.7500000000
123882  -7.777  -15.369  50.685 0.7500000000
50849  -7.831  -14.676  51.220 0.7500000000
47222  -7.114  -18.844  48.842 0.8750000000
46272  -7.234  -19.209  48.825 0.7500000000
45285  -7.807  -19.786  48.060 0.7500000000
45301  -8.409  -19.880  47.504 0.7500000000
45300  -7.787  -19.589  47.262 0.7500000000
49966  -7.426  -15.910  47.170 0.7500000000
49975  -7.338  -16.052  45.543 0.7500000000
49996  -7.366  -16.106  45.110 0.6250000000
49062  -7.622  -16.432  44.080 0.7500000000
113238  -7.580  -15.934  42.915 0.6250000000
121058  -7.552  -15.788  42.133 0.6250000000
41646  -18.087  -23.793  57.970 1.0000000000
42583  -18.679  -23.512  56.479 0.8750000000
44288  -12.505  -21.096  59.783 0.7500000000
45212  -9.915  -20.166  58.992 1.0000000000
45213  -10.481  -20.507  59.184 1.0000000000
42590  -18.553  -22.913  54.561 0.6250000000
45215  -8.776  -20.070  58.143 0.8750000000
45216  -9.534  -20.380  58.542 1.0000000000
119490  -18.247  -22.067  53.241 0.7500000000
49002  -34.057  -15.658  50.715 0.7500000000
48076  -35.106  -16.423  50.214 0.7500000000
48090  -36.132  -17.716  49.843 0.6250000000
49895  -6.536  -15.493  55.491 0.7500000000
45223  -8.301  -20.194  56.790 0.8750000000
42601  -17.846  -22.207  51.261 0.3750000000
49952  -31.860  -14.852  49.968 0.7500000000
49011  -33.263  -15.649  49.857 0.6250000000
49013  -34.725  -16.211  50.204 0.7500000000
48089  -35.826  -17.130  49.838 0.7500000000
50790  -6.344  -15.124  55.941 0.7500000000
48967  -6.694  -16.917  55.198 0.8750000000
45233  -8.443  -20.260  54.660 1.0000000000
123165  -31.172  -14.696  48.433 0.7500000000
49963  -32.605  -15.522  48.818 0.6250000000
49023  -33.855  -16.267  49.308 0.6250000000
48099  -34.945  -17.065  49.041 0.6250000000
117283  -6.291  -14.064  55.700 0.5000000000
50862  -30.021  -14.611  48.163 0.5000000000
49022  -33.141  -15.933  49.094 0.6250000000
122680  -6.565  -13.990  54.956 0.6250000000
111709  -7.010  -17.466  52.993 0.8750000000
45232  -7.738  -19.786  54.852 1.0000000000
123156  -6.991  -13.959  54.309 0.7500000000
48060  -6.786  -18.328  52.229 1.0000000000
45239  -7.267  -19.468  53.151 1.0000000000
45247  -7.778  -20.060  52.692 1.0000000000
113349  -7.769  -20.144  52.032 0.8750000000
123265  -7.324  -14.050  53.639 0.8750000000
119879  -7.121  -17.337  51.944 0.8750000000
47203  -6.753  -18.952  50.782 1.0000000000
46242  -7.057  -19.371  52.457 1.0000000000
112643  -7.819  -20.182  51.133 0.8750000000
48151  -45.937  -16.723  43.092 0.5000000000
50014  -46.269  -15.514  42.591 0.6250000000
51747  -7.570  -13.769  52.851 0.7500000000
46250  -6.844  -19.071  50.612 0.8750000000
45263  -7.011  -19.346  50.252 0.8750000000
45271  -7.562  -20.011  49.351 0.8750000000
113188  -45.315  -17.243  42.657 0.6250000000
49079  -45.999  -16.004  42.519 0.6250000000
50021  -46.307  -15.075  41.776 0.7500000000
47213  -6.858  -18.927  50.153 0.8750000000
46260  -7.001  -19.047  49.657 0.7500000000
45270  -7.208  -19.520  49.473 0.8750000000
50028  -45.967  -15.394  40.903 0.7500000000
49948  -7.773  -15.815  49.723 0.7500000000
45284  -7.472  -19.644  48.738 0.7500000000
50857  -8.036  -15.003  49.360 0.7500000000
115175  -7.393  -15.494  46.332 0.7500000000
49976  -7.340  -15.774  45.879 0.6250000000
120673  -7.417  -15.935  44.467 0.6250000000
120691  -7.433  -15.690  43.279 0.6250000000
50907  -7.218  -15.130  42.517 0.6250000000
111282  -7.409  -15.359  41.978 0.6250000000
50932  -7.489  -14.764  39.562 0.2500000000
43479  -18.943  -22.170  55.505 0.7500000000
50768  -7.023  -14.566  57.689 0.5000000000
49824  -7.517  -15.384  57.709 0.6250000000
119110  -7.535  -16.220  57.928 0.6250000000
45207  -10.792  -20.269  59.428 0.8750000000
45208  -11.660  -20.648  59.625 1.0000000000
123109  -18.630  -22.234  54.403 0.7500000000
51695  -6.836  -13.818  57.461 0.5000000000
50767  -6.681  -14.580  57.453 0.5000000000
49827  -6.847  -15.446  57.898 0.6250000000
48914  -6.941  -16.388  58.245 0.6250000000
48926  -6.953  -17.139  58.369 0.6250000000
48029  -7.093  -17.859  58.377 0.6250000000
46214  -9.080  -19.353  58.840 0.7500000000
46215  -9.733  -19.653  59.076 0.8750000000
42596  -17.969  -22.167  52.304 0.6250000000
129379  -18.649  -21.456  53.412 0.6250000000
52612  -6.892  -12.288  57.185 0.5000000000
52611  -6.732  -13.141  57.150 0.5000000000
51694  -6.628  -13.920  57.183 0.5000000000
49835  -6.166  -15.273  57.012 0.6250000000
48938  -6.188  -16.174  57.393 0.7500000000
48949  -6.079  -16.766  56.924 0.7500000000
48034  -6.253  -17.487  56.903 0.7500000000
46223  -6.909  -18.836  57.324 0.7500000000
46224  -7.417  -19.418  57.065 0.8750000000
110362  -7.503  -19.350  57.610 0.7500000000
46218  -8.049  -19.724  57.727 0.8750000000
43489  -18.358  -21.553  51.776 0.6250000000
49945  -32.610  -15.111  50.363 0.6250000000
52616  -6.660  -12.322  56.883 0.5000000000
51707  -6.308  -13.612  56.521 0.5000000000
50778  -6.313  -14.324  56.713 0.5000000000
122466  -6.176  -16.350  56.360 0.7500000000
127644  -6.393  -16.891  55.817 0.8750000000
48042  -6.612  -17.580  55.531 0.8750000000
46236  -7.185  -19.222  54.930 1.0000000000
46233  -7.165  -19.163  55.814 1.0000000000
46229  -7.501  -19.512  56.314 0.8750000000
115699  -7.866  -19.885  56.377 0.8750000000
43491  -18.324  -21.537  50.749 0.2500000000
44335  -18.755  -21.023  51.403 0.5000000000
111917  -31.085  -14.704  49.532 0.5000000000
51713  -6.198  -13.397  56.078 0.5000000000
111847  -6.220  -14.165  56.380 0.6250000000
49969  -28.890  -14.919  48.093 0.3750000000
49961  -30.203  -14.706  49.164 0.5000000000
51725  -6.342  -13.300  55.376 0.5000000000
48051  -6.738  -18.386  53.243 1.0000000000
48047  -6.725  -18.403  54.171 1.0000000000
47176  -6.850  -18.923  54.498 1.0000000000
51726  -6.698  -13.232  54.647 0.6250000000
47192  -6.705  -18.942  51.552 1.0000000000
117933  -6.899  -19.227  51.754 1.0000000000
47184  -6.774  -19.037  52.549 1.0000000000
50015  -46.615  -15.370  43.137 0.5000000000
119375  -6.818  -19.109  51.131 0.8750000000
50922  -46.707  -14.472  42.092 0.6250000000
120045  -7.802  -13.871  51.807 0.7500000000
50929  -46.378  -14.648  40.700 0.7500000000
50921  -46.686  -14.291  41.318 0.6250000000
50854  -8.004  -14.835  50.344 0.7500000000
51771  -8.043  -13.988  50.943 0.7500000000
50040  -46.053  -15.095  40.010 0.7500000000
50956  -46.348  -13.797  38.859 0.7500000000
50053  -45.372  -15.199  38.651 0.7500000000
50865  -7.518  -15.246  46.844 0.7500000000
50873  -7.363  -15.175  45.766 0.6250000000
50883  -7.337  -14.983  45.238 0.6250000000
129236  -7.247  -15.187  43.999 0.6250000000
50900  -7.244  -15.273  43.302 0.6250000000
51838  -7.273  -14.663  43.018 0.6250000000
129812  -7.271  -14.968  41.870 0.6250000000
50924  -7.505  -14.867  40.498 0.3750000000
51855  -7.660  -14.365  40.367 0.2500000000
43483  -18.975  -21.458  54.568 0.7500000000
44329  -18.960  -20.928  53.128 0.6250000000
113526  -7.747  -12.915  57.521 0.5000000000
51696  -7.288  -13.790  57.576 0.5000000000
44332  -18.812  -20.996  52.267 0.6250000000
111655  -7.137  -12.930  57.508 0.5000000000
45261  -19.189  -20.371  51.065 0.3750000000
44337  -18.601  -21.172  50.107 0.2500000000
45269  -19.502  -19.944  50.433 0.3750000000
49029  -26.520  -15.818  48.328 0.3750000000
125006  -28.870  -15.244  49.521 0.5000000000
49960  -29.321  -14.915  48.942 0.3750000000
113125  -6.490  -12.178  56.529 0.5000000000
44339  -18.693  -21.116  49.351 0.2500000000
45278  -19.485  -19.813  49.735 0.3750000000
49959  -28.085  -15.256  48.399 0.2500000000
53500  -6.150  -11.964  55.796 0.5000000000
126408  -6.301  -11.991  55.519 0.5000000000
45277  -19.102  -20.294  48.973 0.2500000000
127074  -19.563  -19.578  49.060 0.1250000000
49037  -25.015  -16.224  47.012 0.1250000000
49038  -25.523  -16.100  47.499 0.1250000000
49958  -27.304  -15.484  48.249 0.3750000000
46285  -20.046  -19.163  47.704 0.1250000000
46286  -20.696  -18.556  47.379 0.1250000000
49967  -27.140  -15.370  47.321 0.3750000000
51844  -46.897  -13.771  42.229 0.3750000000
51853  -46.754  -13.876  40.484 0.7500000000
51854  -46.972  -13.560  41.316 0.6250000000
51759  -8.021  -13.157  51.492 0.6250000000
109705  -46.423  -14.252  39.754 0.7500000000
127977  -7.990  -15.025  48.498 0.7500000000
51887  -46.100  -13.408  38.166 0.7500000000
51888  -46.500  -12.850  38.664 0.8750000000
50861  -8.111  -14.665  48.127 0.7500000000
50858  -8.253  -14.391  49.125 0.7500000000
52774  -45.656  -12.458  37.315 0.6250000000
50874  -7.513  -14.834  46.300 0.7500000000
50884  -7.466  -14.531  45.237 0.6250000000
51826  -7.257  -14.753  43.814 0.6250000000
51800  -7.772  -14.007  45.231 0.6250000000
51812  -7.504  -14.328  44.502 0.6250000000
50915  -7.510  -14.543  41.319 0.6250000000
51869  -7.784  -14.137  39.581 0.2500000000
51870  -8.073  -14.024  38.850 0.1250000000
52613  -7.297  -12.151  57.404 0.5000000000
46251  -20.100  -19.394  50.310 0.3750000000
46261  -19.945  -19.299  49.531 0.2500000000
53482  -7.617  -11.322  57.322 0.5000000000
53481  -7.045  -11.444  57.173 0.5000000000
46273  -20.140  -19.012  48.796 0.1250000000
49018  -26.128  -16.177  48.999 0.3750000000
53484  -6.698  -11.591  56.663 0.5000000000
49027  -24.882  -16.500  47.873 0.1250000000
52642  -6.430  -12.546  55.077 0.5000000000
47230  -21.338  -18.168  47.880 0.1250000000
48114  -23.989  -16.897  47.660 0.1250000000
48112  -22.252  -17.638  47.156 0.1250000000
48113  -23.113  -17.231  47.259 0.1250000000
52643  -6.891  -12.412  54.378 0.5000000000
122042  -7.541  -12.915  53.089 0.6250000000
51758  -7.763  -13.059  52.306 0.6250000000
52755  -46.937  -12.406  40.060 0.7500000000
52756  -47.039  -12.645  41.105 0.6250000000
53626  -46.993  -11.044  41.617 0.3750000000
51864  -46.706  -13.201  39.560 0.7500000000
122540  -46.797  -11.044  39.533 0.7500000000
115839  -46.993  -11.045  40.369 0.7500000000
51772  -8.283  -13.273  50.722 0.5000000000
52769  -46.218  -12.459  37.999 0.7500000000
53640  -46.481  -11.180  38.517 0.8750000000
54499  -46.566  -10.717  38.945 0.8750000000
50860  -7.735  -15.243  47.650 0.7500000000
51781  -8.269  -14.168  50.082 0.6250000000
52781  -45.461  -11.646  36.928 0.6250000000
53644  -45.956  -11.654  37.641 0.8750000000
116093  -46.195  -11.042  37.975 0.8750000000
50866  -7.762  -14.777  47.176 0.7500000000
53643  -45.085  -10.943  36.554 0.7500000000
51796  -8.066  -13.953  46.632 0.7500000000
111042  -7.689  -14.314  45.975 0.6250000000
114114  -8.210  -13.795  46.018 0.6250000000
129598  -8.128  -13.753  44.320 0.6250000000
51845  -7.364  -14.578  42.210 0.6250000000
112263  -8.577  -13.566  45.242 0.5000000000
51839  -7.708  -13.996  42.686 0.5000000000
51828  -8.630  -13.614  42.797 0.3750000000
51846  -7.985  -13.903  41.134 0.2500000000
110890  -8.688  -13.684  39.634 0.1250000000
51856  -8.060  -13.882  40.272 0.2500000000
50946  -9.688  -13.783  38.106 0.1250000000
54333  -6.961  -10.962  56.819 0.5000000000
130090  -6.561  -11.546  56.412 0.5000000000
54359  -6.472  -11.042  55.830 0.5000000000
53501  -6.480  -11.183  55.548 0.5000000000
53523  -7.079  -11.458  54.140 0.3750000000
53533  -7.561  -11.403  53.080 0.6250000000
52675  -7.889  -12.379  51.942 0.5000000000
55371  -46.755  -9.789  40.660 0.5000000000
55365  -46.755  -9.645  41.604 0.3750000000
52676  -8.156  -12.412  51.253 0.5000000000
54498  -46.277  -10.225  38.467 0.7500000000
55374  -46.484  -10.003  39.181 0.6250000000
51790  -8.210  -14.303  47.774 0.7500000000
117081  -45.999  -10.431  37.918 0.8750000000
51791  -8.359  -13.907  47.461 0.6250000000
54509  -45.116  -10.223  36.724 0.7500000000
55389  -44.973  -9.504  36.886 0.7500000000
51795  -7.859  -14.338  46.822 0.6250000000
55399  -44.433  -9.764  36.294 0.6250000000
51792  -8.869  -13.477  46.939 0.7500000000
125057  -8.102  -13.774  43.416 0.5000000000
52711  -9.847  -13.016  47.069 0.6250000000
51801  -8.950  -13.463  45.963 0.6250000000
51813  -9.202  -13.346  44.533 0.5000000000
51840  -8.231  -13.727  41.985 0.2500000000
122314  -8.720  -13.595  41.440 0.2500000000
51797  -9.718  -13.199  46.258 0.6250000000
115524  -9.532  -13.269  45.386 0.6250000000
110432  -8.925  -13.475  43.663 0.3750000000
51829  -9.774  -13.341  43.007 0.2500000000
51857  -8.870  -13.577  40.693 0.2500000000
109895  -9.736  -13.494  40.151 0.1250000000
51880  -9.780  -13.616  39.217 0.1250000000
52712  -10.722  -12.846  46.620 0.6250000000
51802  -10.464  -13.054  45.635 0.5000000000
51814  -10.299  -13.081  44.712 0.3750000000
111207  -10.239  -13.287  42.300 0.1250000000
51848  -10.223  -13.330  41.509 0.1250000000
51858  -10.540  -13.396  40.666 0.1250000000
51881  -10.783  -13.695  38.872 0.1250000000
123779  -10.728  -13.025  44.028 0.2500000000
51830  -10.582  -13.121  43.482 0.2500000000
116159  -10.822  -13.155  42.854 0.2500000000
123002  -7.050  -10.459  56.553 0.5000000000
54332  -6.776  -11.008  56.492 0.5000000000
54360  -6.733  -10.323  55.860 0.3750000000
54372  -6.711  -11.054  54.822 0.3750000000
55354  -46.344  -8.849  42.234 0.2500000000
122130  -7.807  -11.746  52.317 0.5000000000
56227  -46.374  -8.945  40.888 0.3750000000
57182  -45.972  -8.004  41.778 0.3750000000
53552  -8.144  -10.807  51.497 0.3750000000
55373  -46.138  -9.584  38.702 0.7500000000
118458  -46.296  -9.236  39.612 0.6250000000
57190  -45.818  -8.029  40.902 0.3750000000
51785  -8.386  -14.003  48.823 0.7500000000
52700  -8.617  -13.315  49.370 0.7500000000
52685  -8.407  -12.463  50.590 0.6250000000
55390  -45.518  -10.023  37.414 0.8750000000
56239  -45.292  -8.632  38.374 0.8750000000
57204  -45.197  -8.131  39.082 0.6250000000
51786  -8.590  -13.686  48.549 0.7500000000
52696  -8.585  -12.517  49.969 0.6250000000
56256  -44.116  -8.908  36.500 0.6250000000
124042  -44.667  -8.792  37.200 0.7500000000
57203  -44.587  -8.010  38.586 0.6250000000
52705  -8.966  -13.333  48.217 0.7500000000
52701  -8.860  -12.710  49.264 0.7500000000
52697  -8.724  -11.465  49.949 0.7500000000
57224  -43.624  -8.491  36.844 0.8750000000
57225  -44.142  -8.378  37.012 0.7500000000
52706  -9.602  -12.994  47.862 0.8750000000
58184  -42.920  -8.052  37.583 0.8750000000
51803  -11.031  -12.963  45.098 0.2500000000
130382  -11.705  -12.849  44.332 0.2500000000
51816  -11.563  -12.961  43.619 0.1250000000
51842  -12.032  -13.100  41.877 0.1250000000
51849  -11.243  -13.263  41.243 0.1250000000
51859  -11.416  -13.432  40.400 0.1250000000
51872  -11.583  -13.628  39.562 0.1250000000
116105  -6.851  -10.303  55.144 0.3750000000
119533  -7.276  -10.005  54.340 0.3750000000
54393  -7.824  -10.441  52.815 0.5000000000
115649  -45.709  -7.187  42.243 0.3750000000
129388  -45.339  -7.469  40.974 0.3750000000
58145  -45.608  -7.344  41.624 0.3750000000
58158  -44.675  -7.573  39.665 0.6250000000
57189  -44.907  -7.165  40.596 0.5000000000
115926  -44.836  -6.449  40.894 0.3750000000
53565  -8.490  -11.480  50.493 0.5000000000
57215  -44.283  -8.255  37.710 0.7500000000
58157  -43.931  -7.158  39.376 0.5000000000
52702  -9.483  -12.507  48.665 0.7500000000
57214  -43.698  -8.141  37.577 0.6250000000
58167  -43.784  -7.761  38.416 0.6250000000
130149  -9.959  -12.580  48.210 0.7500000000
128397  -43.037  -8.635  36.982 0.8750000000
116649  -10.432  -12.616  47.710 0.6250000000
59159  -42.436  -7.108  38.041 0.8750000000
52713  -11.748  -12.495  46.530 0.5000000000
52718  -11.333  -12.821  45.754 0.5000000000
52719  -11.745  -12.776  44.952 0.2500000000
51831  -11.606  -13.055  42.650 0.1250000000
51850  -12.094  -13.252  40.940 0.1250000000
109931  -12.813  -13.337  40.643 0.1250000000
51873  -12.466  -13.730  39.395 0.1250000000
110460  -13.024  -13.606  39.999 0.1250000000
51874  -13.349  -13.796  39.288 0.1250000000
111117  -13.803  -13.518  39.949 0.1250000000
59087  -45.528  -5.924  43.092 0.2500000000
59122  -45.340  -5.593  41.926 0.3750000000
58151  -44.431  -6.702  40.226 0.3750000000
60006  -44.970  -5.439  41.282 0.3750000000
59137  -43.972  -6.134  39.897 0.3750000000
60005  -44.633  -5.021  40.815 0.3750000000
53572  -9.261  -11.700  49.352 0.7500000000
59149  -43.341  -6.979  38.851 0.5000000000
59144  -43.517  -6.406  39.343 0.5000000000
59136  -43.509  -5.643  39.473 0.5000000000
52703  -10.261  -12.094  48.444 0.5000000000
53573  -10.047  -11.271  48.885 0.6250000000
58166  -43.131  -7.557  38.270 0.6250000000
60032  -42.618  -5.917  38.520 0.5000000000
59143  -43.080  -6.142  38.963 0.5000000000
53574  -10.888  -11.457  48.372 0.5000000000
52707  -10.965  -12.103  48.038 0.5000000000
52708  -11.313  -12.350  47.371 0.5000000000
60026  -42.273  -4.583  38.578 0.6250000000
118440  -12.172  -12.526  45.720 0.5000000000
117342  -12.479  -12.526  45.057 0.2500000000
52732  -12.519  -12.759  43.630 0.1250000000
51832  -12.473  -12.896  42.826 0.1250000000
51843  -12.877  -12.959  42.052 0.1250000000
125077  -12.796  -13.116  41.350 0.1250000000
52714  -12.550  -12.061  46.409 0.2500000000
52720  -13.024  -12.102  45.602 0.2500000000
52725  -13.096  -12.329  44.692 0.2500000000
128755  -13.015  -12.539  44.022 0.1250000000
52733  -13.225  -12.576  43.374 0.1250000000
51851  -13.599  -12.842  41.600 0.1250000000
130060  -13.321  -13.135  40.947 0.1250000000
51875  -14.363  -13.717  39.173 0.1250000000
59970  -45.454  -5.027  42.786 0.3750000000
59990  -45.064  -4.865  41.571 0.3750000000
116116  -8.518  -10.145  50.161 0.5000000000
59988  -44.071  -3.894  40.945 0.3750000000
132686  -8.919  -11.044  49.725 0.5000000000
60806  -43.387  -3.910  40.236 0.3750000000
60027  -42.852  -5.238  38.905 0.5000000000
60017  -43.450  -4.739  39.661 0.5000000000
60788  -42.697  -3.271  40.605 0.2500000000
54436  -10.705  -10.716  48.586 0.3750000000
60819  -42.210  -3.998  39.061 0.5000000000
53578  -11.539  -11.655  47.845 0.5000000000
60818  -41.709  -3.940  38.597 0.6250000000
60804  -41.576  -3.476  39.403 0.5000000000
53582  -12.089  -11.914  47.180 0.5000000000
53589  -13.539  -11.349  45.818 0.2500000000
53593  -13.730  -11.749  45.029 0.2500000000
60030  -41.691  -4.517  37.947 0.7500000000
53588  -13.076  -11.613  46.254 0.2500000000
52744  -13.417  -12.663  42.541 0.1250000000
51852  -14.023  -13.078  40.706 0.1250000000
60825  -41.170  -3.802  38.043 0.6250000000
124017  -41.128  -3.510  38.774 0.6250000000
52745  -14.263  -12.353  42.235 0.1250000000
52753  -14.543  -12.531  41.364 0.1250000000
51862  -14.602  -13.246  39.998 0.1250000000
60816  -39.782  -3.025  38.205 0.8750000000
60824  -40.487  -3.571  37.619 0.8750000000
52757  -14.895  -12.733  40.595 0.1250000000
51863  -15.241  -12.896  40.033 0.1250000000
60823  -39.736  -3.252  37.252 0.7500000000
60828  -39.591  -3.563  36.333 0.5000000000
60763  -44.610  -3.626  43.364 0.3750000000
54429  -8.763  -10.312  49.752 0.5000000000
60774  -43.887  -3.399  41.779 0.3750000000
60762  -44.048  -3.174  42.852 0.3750000000
54430  -9.316  -10.678  49.389 0.2500000000
60773  -42.922  -3.000  41.425 0.2500000000
60789  -43.424  -3.429  40.953 0.2500000000
55305  -10.012  -10.233  48.870 0.3750000000
54440  -10.793  -9.933  48.348 0.3750000000
54437  -11.492  -10.703  48.079 0.3750000000
61613  -41.223  -2.715  40.864 0.5000000000
60787  -41.834  -3.139  40.298 0.5000000000
55312  -11.522  -9.723  47.709 0.3750000000
114723  -12.089  -9.423  47.005 0.2500000000
54441  -12.334  -10.334  47.320 0.2500000000
53579  -12.100  -11.195  47.543 0.2500000000
60786  -40.967  -2.951  40.074 0.6250000000
55319  -12.770  -9.762  46.683 0.2500000000
53583  -12.723  -11.265  46.898 0.2500000000
53601  -13.756  -12.094  44.068 0.1250000000
52734  -14.017  -12.196  43.118 0.1250000000
61625  -40.166  -2.711  39.885 0.6250000000
61612  -40.443  -2.525  40.632 0.6250000000
65800  -42.544  3.111  44.620 0.5000000000
66607  -43.513  4.207  44.765 0.5000000000
67430  -43.666  5.091  45.080 0.2500000000
68239  -43.918  5.906  44.819 0.2500000000
54445  -13.043  -10.474  46.655 0.2500000000
54446  -13.553  -10.548  46.077 0.2500000000
54454  -14.094  -10.776  45.325 0.1250000000
53594  -14.327  -11.324  44.483 0.1250000000
53602  -14.505  -11.568  43.642 0.1250000000
60817  -40.518  -3.295  38.513 0.6250000000
65821  -41.296  2.469  43.091 0.5000000000
65811  -42.131  2.851  43.634 0.5000000000
66613  -43.061  3.507  44.272 0.5000000000
67441  -44.040  4.655  44.353 0.3750000000
68240  -44.390  5.830  44.225 0.3750000000
54455  -14.613  -10.475  44.613 0.1250000000
110697  -14.813  -10.917  44.038 0.1250000000
65822  -41.745  2.540  42.801 0.6250000000
66614  -43.795  3.895  44.036 0.5000000000
121429  -44.554  5.064  44.010 0.3750000000
54465  -15.164  -10.115  43.941 0.1250000000
60822  -38.921  -2.978  36.975 0.7500000000
62411  -38.074  -1.486  39.463 0.8750000000
125897  -40.512  1.924  41.738 0.6250000000
65812  -43.173  3.227  43.512 0.5000000000
66615  -44.556  4.235  43.668 0.3750000000
62423  -37.808  -1.499  38.864 0.8750000000
62410  -37.654  -1.042  39.204 0.8750000000
64979  -38.628  1.261  40.250 0.6250000000
64980  -39.539  1.583  40.484 0.5000000000
114509  -40.493  1.780  40.979 0.5000000000
63212  -37.510  -0.338  39.239 0.8750000000
64116  -38.101  0.793  39.914 0.8750000000
61592  -42.579  -2.487  42.839 0.2500000000
60761  -43.191  -2.854  42.325 0.3750000000
61591  -41.713  -2.299  42.487 0.2500000000
61600  -40.668  -2.345  41.404 0.3750000000
61601  -41.461  -2.484  41.656 0.2500000000
66598  -42.891  3.581  46.037 0.3750000000
66590  -42.482  3.503  46.698 0.2500000000
67419  -42.778  4.508  46.443 0.2500000000
65785  -42.086  2.179  45.607 0.3750000000
64904  -42.230  2.095  46.268 0.3750000000
131041  -42.952  6.005  45.970 0.2500000000
61599  -39.958  -2.116  41.141 0.5000000000
65786  -42.580  2.838  45.565 0.3750000000
67429  -43.237  4.374  45.584 0.2500000000
67420  -43.162  5.255  45.874 0.2500000000
69041  -43.559  6.722  44.954 0.2500000000
61624  -39.411  -2.415  39.703 0.6250000000
61611  -39.727  -2.286  40.430 0.6250000000
65798  -40.960  2.083  44.405 0.5000000000
65799  -41.805  2.550  44.648 0.5000000000
66606  -43.032  3.634  45.142 0.5000000000
69042  -44.100  6.458  44.424 0.2500000000
114806  -12.412  -9.181  46.384 0.2500000000
55320  -13.299  -9.945  46.306 0.1250000000
61610  -39.057  -1.953  40.323 0.6250000000
62402  -38.849  -1.530  40.982 0.6250000000
63191  -38.362  -0.199  41.510 0.5000000000
63182  -38.789  -0.513  42.226 0.5000000000
64074  -39.225  0.993  42.984 0.5000000000
64936  -40.385  1.893  43.793 0.5000000000
65810  -41.147  2.394  43.726 0.5000000000
55326  -13.755  -9.742  45.711 0.1250000000
54449  -14.314  -9.957  45.122 0.1250000000
61636  -38.300  -1.994  38.887 0.7500000000
61637  -39.046  -2.538  38.832 0.7500000000
62401  -38.384  -1.367  40.283 0.6250000000
109879  -38.412  -0.961  41.031 0.7500000000
64073  -38.717  0.349  42.380 0.5000000000
64963  -40.168  1.902  42.333 0.5000000000
64950  -40.597  2.191  43.032 0.6250000000
67442  -45.049  4.781  43.414 0.3750000000
55331  -14.641  -9.615  44.614 0.1250000000
63202  -38.067  -0.461  40.599 0.7500000000
64087  -38.535  0.666  41.571 0.5000000000
64962  -39.663  1.655  41.584 0.5000000000
65831  -41.039  2.248  42.347 0.6250000000
132441  -44.821  3.760  43.239 0.3750000000
62400  -37.834  -0.788  39.828 0.7500000000
64102  -38.224  0.556  40.741 0.6250000000
65825  -45.233  2.477  42.639 0.3750000000
61590  -40.884  -2.159  42.206 0.2500000000
64913  -41.871  1.487  46.097 0.3750000000
64903  -41.840  1.385  46.733 0.3750000000
65774  -42.464  2.759  46.437 0.2500000000
68212  -42.599  5.627  46.453 0.2500000000
61589  -40.140  -1.937  41.913 0.3750000000
63166  -40.470  -0.477  44.907 0.3750000000
64912  -41.141  1.007  45.640 0.3750000000
62392  -39.400  -1.618  41.585 0.5000000000
62383  -39.660  -1.437  42.398 0.5000000000
62373  -39.817  -1.129  43.270 0.3750000000
64050  -40.440  0.532  45.106 0.3750000000
69040  -42.831  7.209  45.187 0.1250000000
69056  -44.014  7.050  44.236 0.2500000000
62382  -39.138  -1.100  42.120 0.5000000000
64923  -39.929  0.708  44.420 0.5000000000
64924  -40.472  1.359  44.668 0.5000000000
64925  -41.365  1.834  45.221 0.3750000000
69057  -44.589  6.512  43.795 0.2500000000
55325  -13.018  -9.303  46.091 0.2500000000
62391  -38.756  -1.023  41.606 0.5000000000
122355  -39.108  0.256  43.134 0.5000000000
64935  -39.778  1.213  43.820 0.5000000000
68246  -44.874  5.630  43.633 0.3750000000
69058  -45.121  6.158  43.237 0.1250000000
66616  -45.177  4.018  43.128 0.2500000000
68247  -45.378  5.394  43.047 0.2500000000
66623  -45.175  3.243  42.973 0.2500000000
67452  -45.543  4.505  42.849 0.2500000000
65834  -44.563  1.912  42.170 0.6250000000
66624  -45.739  3.688  42.721 0.2500000000
64039  -41.601  0.657  46.621 0.3750000000
65773  -42.053  1.983  46.836 0.3750000000
65764  -42.156  2.656  47.003 0.2500000000
127969  -42.253  4.205  46.996 0.2500000000
64038  -41.058  0.253  45.879 0.3750000000
68226  -42.423  6.480  46.161 0.1250000000
114661  -42.428  7.024  45.758 0.1250000000
69966  -43.310  7.373  44.447 0.1250000000
69981  -44.335  7.207  43.540 0.1250000000
69073  -44.985  6.821  43.102 0.1250000000
69074  -45.569  6.163  42.566 0.1250000000
68253  -45.820  5.143  42.453 0.1250000000
64966  -44.115  1.379  41.260 0.6250000000
65835  -45.685  1.917  42.293 0.6250000000
65826  -45.957  2.815  42.563 0.5000000000
64967  -45.144  1.329  41.603 0.6250000000
68211  -41.744  6.150  46.644 0.1250000000
69024  -41.814  6.978  46.070 0.1250000000
69039  -42.047  7.325  45.327 0.1250000000
69965  -42.476  7.511  44.511 0.1250000000
67453  -46.055  4.251  42.425 0.2500000000
68254  -46.257  4.869  41.976 0.2500000000
65827  -46.516  2.877  42.209 0.2500000000
64985  -44.687  0.938  40.743 0.6250000000
116126  -45.543  0.904  41.089 0.6250000000
65836  -46.509  2.173  42.180 0.2500000000
65011  -43.387  0.696  38.630 0.6250000000
65001  -44.357  0.749  39.809 0.6250000000
66632  -46.668  3.258  41.953 0.2500000000
67464  -46.489  4.011  42.039 0.2500000000
65837  -46.903  2.550  41.845 0.2500000000
66633  -47.036  2.916  41.488 0.2500000000
64968  -46.246  1.339  41.677 0.5000000000
64969  -47.052  1.755  41.663 0.3750000000
64129  -43.879  0.417  38.142 0.6250000000
65012  -44.098  0.571  38.937 0.6250000000
65002  -45.432  0.626  40.222 0.6250000000
64986  -46.279  0.763  40.894 0.5000000000
64130  -44.719  0.253  38.400 0.6250000000
64131  -45.664  0.133  38.696 0.6250000000
64103  -46.273  0.487  40.208 0.6250000000
64153  -44.201  -0.075  36.789 0.6250000000
64142  -44.444  0.073  37.589 0.6250000000
64987  -47.035  1.044  41.243 0.3750000000
64988  -47.536  1.412  41.002 0.2500000000
64118  -45.959  0.323  39.540 0.5000000000
64164  -43.982  -0.212  35.983 0.5000000000
63239  -44.800  -0.410  36.195 0.6250000000
63264  -44.407  -0.517  34.517 0.7500000000
63285  -45.061  -0.531  33.875 0.6250000000
65838  -47.339  2.181  41.339 0.2500000000
64104  -47.023  0.593  40.515 0.5000000000
64143  -45.327  -0.076  37.839 0.6250000000
64119  -46.673  0.288  39.829 0.5000000000
64120  -47.403  0.238  39.742 0.3750000000
64154  -45.040  -0.258  37.013 0.6250000000
64144  -46.258  -0.166  38.127 0.6250000000
63249  -44.598  -0.483  35.362 0.6250000000
63284  -44.890  -0.434  33.067 0.7500000000
63308  -45.507  -0.394  32.358 0.8750000000
65843  -47.774  1.887  40.734 0.2500000000
64105  -47.757  0.781  40.391 0.3750000000
130743  -47.350  -0.032  39.118 0.3750000000
63230  -45.913  -0.354  37.254 0.6250000000
63240  -45.656  -0.489  36.411 0.5000000000
63231  -46.764  -0.378  37.493 0.6250000000
63222  -47.235  -0.204  38.412 0.6250000000
63250  -45.444  -0.551  35.564 0.6250000000
112934  -46.303  -0.568  35.795 0.5000000000
63265  -45.250  -0.553  34.713 0.6250000000
113273  -45.922  -0.464  34.065 0.5000000000
119084  -45.755  -0.439  33.233 0.7500000000
63286  -46.662  -0.529  33.404 0.8750000000
62468  -47.391  -0.824  31.990 0.6250000000
63328  -46.464  -0.525  31.727 0.7500000000
62501  -47.824  -1.115  30.449 0.7500000000
63241  -46.492  -0.505  36.660 0.5000000000
63266  -46.103  -0.523  34.916 0.5000000000
112302  -47.216  -0.603  36.109 0.5000000000
112935  -47.167  -0.493  36.927 0.5000000000
111316  -46.786  -0.568  34.251 0.5000000000
110966  -46.969  -0.573  35.139 0.5000000000
63310  -47.453  -0.802  32.762 0.6250000000
62485  -48.071  -1.146  31.547 0.7500000000
62469  -48.178  -1.218  32.269 0.6250000000
61702  -47.720  -1.489  29.342 0.7500000000
61684  -48.351  -1.339  30.131 0.6250000000
63267  -47.630  -0.811  34.484 0.5000000000
63251  -47.812  -0.749  35.380 0.5000000000
62452  -48.185  -1.253  33.009 0.5000000000
63287  -47.509  -0.820  33.596 0.5000000000
61677  -48.735  -1.507  31.954 0.5000000000
62470  -48.777  -1.654  32.568 0.3750000000
62502  -48.558  -1.358  31.206 0.6250000000
112963  -48.196  -1.767  29.149 0.7500000000
61685  -49.033  -1.545  30.811 0.7500000000
61718  -48.680  -1.921  28.944 0.7500000000
62486  -49.268  -1.836  32.212 0.5000000000
61678  -49.548  -1.726  31.533 0.6250000000
62487  -49.941  -1.866  32.036 0.1250000000
126116  -49.305  -1.505  30.107 0.6250000000
61686  -49.771  -1.596  30.748 0.5000000000
61679  -50.275  -1.641  31.294 0.2500000000
61719  -49.104  -1.668  28.656 0.6250000000
61704  -49.231  -1.521  29.404 0.5000000000
112249  -49.801  -1.304  29.964 0.3750000000
61705  -49.609  -1.097  29.200 0.3750000000
62520  -50.314  -0.876  29.836 0.3750000000
62528  -50.768  -0.433  29.607 0.3750000000
63351  -51.637  -0.317  29.976 0.3750000000
112333  -51.945  -1.256  32.218 0.1250000000
61687  -50.431  -1.300  30.575 0.2500000000
61680  -51.021  -1.289  31.055 0.1250000000
62504  -52.461  -0.879  31.051 0.1250000000
62503  -51.154  -0.860  30.392 0.3750000000
123327  -51.675  -0.981  30.869 0.2500000000
62521  -52.148  -0.640  30.544 0.1250000000
63343  -53.446  -0.570  30.747 0.1250000000
110298  -53.635  -0.127  30.199 0.1250000000
63352  -52.659  -0.225  30.139 0.2500000000
64223  -54.390  0.291  29.851 0.1250000000
64222  -53.163  0.329  29.691 0.2500000000
131248  -53.787  0.662  29.518 0.2500000000
64218  -54.588  -0.273  30.478 0.1250000000
65085  -55.489  0.714  29.554 0.1250000000
65092  -56.249  1.199  29.309 0.1250000000
64219  -55.657  -0.411  30.961 0.1250000000
65086  -56.644  0.679  29.910 0.1250000000
65093  -56.987  1.572  29.435 0.1250000000
121056  -57.301  1.372  30.123 0.1250000000
122099  -57.222  2.449  28.957 0.1250000000
67546  -57.066  4.814  29.771 0.1250000000
66695  -57.442  3.074  29.952 0.1250000000
65891  -57.394  2.217  30.398 0.1250000000
48968  -6.862  -16.116  54.862 0.8750000000
48977  -6.879  -16.973  54.521 0.8750000000
45226  -7.465  -19.477  55.397 1.0000000000
48046  -6.765  -17.673  54.745 0.8750000000
48050  -6.835  -17.593  53.921 1.0000000000
44312  -8.906  -20.582  56.373 1.0000000000
47175  -6.780  -18.333  55.060 1.0000000000
44307  -8.937  -20.610  57.275 1.0000000000
45228  -9.045  -20.574  55.408 1.0000000000
45231  -7.419  -19.475  54.593 1.0000000000
126036  -8.723  -20.384  53.612 1.0000000000
124830  -8.041  -20.142  53.173 1.0000000000
45240  -7.596  -19.794  53.182 1.0000000000
45227  -7.716  -19.731  55.763 0.8750000000
35405  -5.630  -31.457  51.615 0.1250000000
36990  -5.911  -29.747  52.739 0.1250000000
36981  -6.034  -30.246  53.129 0.1250000000
133127  -5.494  -30.089  50.785 0.1250000000
37005  -5.507  -29.607  51.104 0.1250000000
36190  -5.632  -30.564  50.418 0.1250000000
36191  -5.883  -30.433  49.540 0.1250000000
37023  -6.587  -29.466  48.492 0.1250000000
38713  -6.899  -27.999  48.532 0.2500000000
37883  -7.268  -28.701  47.559 0.2500000000
37034  -7.189  -29.697  46.740 0.3750000000
38733  -8.201  -27.363  46.118 0.3750000000
38751  -7.922  -28.192  45.983 0.2500000000
35435  -12.527  -31.517  48.345 0.1250000000
34572  -13.046  -32.153  48.675 0.1250000000
38765  -9.450  -27.451  44.200 0.3750000000
40732  -10.407  -25.510  44.624 0.5000000000
37851  -5.919  -28.388  51.943 0.1250000000
37839  -5.918  -28.972  52.313 0.1250000000
37013  -5.645  -29.724  50.185 0.1250000000
39591  -6.945  -27.241  48.773 0.2500000000
35425  -10.690  -30.810  49.730 0.1250000000
35417  -10.896  -31.547  49.745 0.1250000000
39617  -7.874  -27.148  47.019 0.3750000000
116074  -8.673  -26.674  45.927 0.3750000000
36198  -12.240  -30.758  48.305 0.1250000000
40716  -9.497  -25.596  45.796 0.5000000000
124444  -14.147  -31.841  47.774 0.1250000000
39677  -10.475  -26.271  42.521 0.5000000000
39694  -9.823  -26.764  42.142 0.3750000000
40753  -11.010  -25.717  43.121 0.5000000000
40777  -11.163  -25.154  42.592 0.6250000000
42673  -11.710  -23.965  42.410 0.6250000000
39693  -9.068  -26.363  41.410 0.3750000000
36992  -7.932  -29.416  52.517 0.1250000000
37841  -9.078  -29.036  52.591 0.2500000000
37000  -10.178  -29.435  51.181 0.2500000000
35415  -9.738  -30.997  50.549 0.1250000000
37015  -10.707  -30.077  49.897 0.1250000000
39592  -7.425  -26.694  48.298 0.3750000000
40680  -8.098  -25.490  48.632 0.5000000000
37024  -11.686  -30.542  48.908 0.1250000000
37025  -12.208  -29.945  48.603 0.1250000000
40705  -9.797  -25.027  46.028 0.5000000000
130025  -12.146  -23.642  44.958 0.7500000000
42656  -12.083  -23.862  44.245 0.6250000000
43542  -12.788  -22.574  42.851 0.7500000000
42672  -11.102  -24.121  41.837 0.5000000000
41785  -9.586  -24.651  40.984 0.5000000000
37801  -12.455  -28.264  57.088 0.7500000000
119145  -6.521  -26.974  52.113 0.6250000000
39578  -6.871  -26.165  50.814 0.3750000000
113204  -7.096  -26.625  49.039 0.5000000000
41688  -9.289  -24.586  48.966 0.6250000000
40692  -8.329  -25.602  47.852 0.3750000000
40693  -8.982  -25.099  47.502 0.5000000000
41697  -10.044  -24.308  48.367 0.5000000000
117117  -10.467  -24.318  46.753 0.5000000000
42638  -11.946  -23.568  46.361 0.6250000000
45355  -12.859  -20.418  42.821 0.6250000000
44423  -12.636  -20.946  42.156 0.6250000000
43549  -10.530  -22.607  40.593 0.6250000000
122875  -11.221  -26.333  58.227 1.0000000000
40641  -9.182  -25.541  55.643 0.8750000000
41656  -9.646  -25.033  55.234 0.8750000000
40648  -7.930  -25.769  53.951 0.7500000000
40667  -7.987  -25.095  50.465 0.6250000000
41676  -9.985  -24.422  51.436 0.6250000000
112785  -12.079  -23.448  47.117 0.5000000000
43522  -13.356  -22.146  45.854 0.7500000000
119374  -13.347  -20.413  44.705 0.6250000000
43563  -9.854  -22.581  40.088 0.6250000000
118309  -10.026  -26.420  57.176 1.0000000000
39540  -10.650  -26.209  57.737 1.0000000000
39544  -9.063  -26.384  56.161 0.8750000000
40628  -11.016  -25.528  57.885 1.0000000000
41657  -10.601  -24.685  55.689 1.0000000000
41649  -11.496  -24.070  57.577 1.0000000000
39543  -16.255  -26.369  57.542 1.0000000000
41661  -9.449  -24.868  54.327 0.8750000000
38668  -15.853  -27.228  55.655 0.7500000000
41666  -8.716  -24.882  53.130 0.7500000000
41672  -10.585  -24.388  52.131 0.7500000000
41681  -10.424  -24.208  50.492 0.6250000000
42607  -12.219  -23.455  49.669 0.5000000000
42614  -12.815  -23.042  49.074 0.7500000000
128037  -13.252  -22.343  47.392 0.7500000000
43515  -13.454  -21.754  46.748 0.7500000000
45304  -12.417  -19.361  47.837 0.7500000000
113386  -10.683  -19.302  44.163 0.6250000000
45397  -10.288  -19.934  40.139 0.6250000000
44451  -9.749  -21.619  39.714 0.6250000000
44471  -8.683  -22.235  39.102 0.5000000000
40633  -10.820  -25.237  57.661 1.0000000000
125248  -11.990  -24.363  58.752 1.0000000000
117269  -11.816  -23.333  58.447 1.0000000000
42588  -12.486  -23.736  54.415 1.0000000000
42582  -12.126  -23.220  56.351 1.0000000000
126194  -12.588  -22.982  55.626 1.0000000000
44314  -11.365  -21.781  56.673 1.0000000000
39551  -16.497  -26.656  55.710 0.7500000000
43478  -12.748  -22.315  55.288 1.0000000000
44320  -12.297  -21.585  55.540 1.0000000000
43484  -13.283  -22.127  53.589 1.0000000000
45252  -12.615  -20.259  53.104 1.0000000000
43492  -13.512  -21.738  49.991 0.8750000000
46284  -11.622  -19.385  47.105 0.7500000000
44470  -8.623  -21.390  38.628 0.5000000000
41638  -12.250  -24.470  59.269 1.0000000000
40618  -12.764  -25.187  60.011 1.0000000000
40626  -14.894  -25.549  60.032 1.0000000000
112966  -16.515  -25.840  58.020 1.0000000000
40637  -17.195  -25.719  56.644 1.0000000000
42594  -13.110  -23.132  52.848 0.8750000000
129642  -10.659  -20.944  55.703 1.0000000000
39552  -17.061  -26.057  55.269 0.8750000000
39559  -16.469  -26.403  53.964 0.5000000000
128457  -13.514  -21.256  51.900 1.0000000000
40646  -17.146  -25.264  54.051 0.6250000000
44336  -13.558  -20.907  50.457 0.8750000000
114779  -11.457  -19.784  52.245 0.8750000000
45276  -13.145  -19.784  50.290 0.7500000000
45275  -12.121  -19.406  49.693 0.7500000000
45289  -12.172  -19.354  48.743 0.7500000000
47262  -8.111  -18.236  43.522 0.6250000000
44487  -8.448  -21.320  38.198 0.1250000000
43586  -8.543  -22.106  38.401 0.1250000000
41664  -17.982  -24.285  54.398 0.7500000000
45288  -10.953  -19.516  49.135 0.7500000000
47244  -7.377  -18.571  45.304 0.7500000000
47279  -7.868  -17.488  40.993 0.6250000000
44299  -11.150  -21.629  59.034 1.0000000000
44303  -9.980  -20.991  58.429 1.0000000000
41655  -18.376  -24.289  56.106 0.8750000000
111924  -40.457  -19.538  49.536 0.7500000000
45235  -10.638  -20.532  54.362 1.0000000000
45256  -8.573  -20.327  51.669 0.8750000000
45266  -9.780  -19.999  50.434 0.8750000000
128923  -8.900  -20.272  50.012 0.8750000000
116787  -7.251  -17.636  48.299 0.8750000000
49026  -7.423  -16.744  47.942 0.8750000000
49046  -7.311  -16.200  46.459 0.7500000000
112895  -7.139  -18.200  46.209 0.7500000000
49055  -7.383  -16.531  45.425 0.7500000000
114938  -7.468  -19.154  46.142 0.7500000000
46304  -7.571  -19.065  45.469 0.7500000000
48138  -7.719  -16.884  43.777 0.7500000000
48145  -7.709  -17.084  42.518 0.6250000000
47302  -7.981  -18.921  38.453 0.3750000000
46394  -8.002  -19.704  37.988 0.2500000000
42564  -14.717  -23.008  61.180 1.0000000000
43458  -13.605  -22.368  60.869 1.0000000000
43464  -12.870  -21.757  59.984 1.0000000000
132870  -10.922  -21.079  59.221 1.0000000000
41659  -18.303  -24.283  55.224 0.6250000000
41665  -18.172  -23.516  54.140 0.7500000000
47188  -37.721  -18.016  50.197 0.7500000000
47210  -39.431  -18.519  49.840 0.8750000000
46258  -40.821  -19.086  49.601 0.7500000000
45234  -9.407  -20.567  54.467 1.0000000000
48999  -7.198  -17.153  50.886 0.8750000000
49957  -7.715  -15.766  48.415 0.7500000000
46282  -7.215  -18.898  47.353 0.7500000000
49061  -7.486  -16.498  44.802 0.6250000000
49075  -7.633  -16.252  42.436 0.6250000000
48152  -7.600  -16.635  41.981 0.6250000000
49069  -7.694  -16.358  43.287 0.6250000000
44294  -11.166  -20.920  59.375 1.0000000000
42580  -18.473  -23.255  57.322 0.8750000000
43485  -18.607  -21.830  53.946 0.7500000000
42587  -18.790  -22.966  55.248 0.6250000000
42586  -18.704  -23.638  55.632 0.7500000000
44302  -9.119  -20.551  58.003 1.0000000000
47196  -36.630  -17.764  49.992 0.5000000000
45255  -7.289  -19.776  51.550 0.8750000000
126648  -7.277  -19.809  49.958 0.8750000000
49986  -7.323  -15.576  45.258 0.6250000000
50002  -7.540  -15.995  43.644 0.6250000000
50009  -7.416  -15.558  42.694 0.6250000000
42584  -18.940  -22.914  55.987 0.8750000000
45200  -12.165  -20.394  59.841 0.7500000000
45206  -10.162  -19.930  59.282 1.0000000000
127457  -10.053  -19.428  59.371 0.7500000000
45211  -9.220  -19.911  58.702 1.0000000000
46219  -8.566  -19.570  58.356 0.8750000000
49012  -33.988  -15.973  50.091 0.7500000000
49946  -33.368  -15.411  50.627 0.7500000000
48087  -34.596  -16.547  49.518 0.7500000000
48088  -35.239  -16.852  49.723 0.7500000000
48077  -35.715  -16.859  50.200 0.7500000000
49004  -35.194  -16.026  50.881 0.7500000000
48078  -36.222  -17.036  50.319 0.6250000000
124188  -6.459  -16.241  55.649 0.8750000000
45219  -8.459  -20.152  57.548 0.8750000000
133202  -7.710  -19.582  57.395 0.8750000000
49962  -31.946  -14.984  49.064 0.6250000000
116569  -6.237  -14.789  56.692 0.7500000000
49873  -6.273  -15.710  56.067 0.8750000000
48097  -33.708  -16.489  48.539 0.5000000000
52631  -6.224  -12.626  55.786 0.5000000000
121498  -7.933  -20.023  53.883 1.0000000000
122946  -7.015  -19.236  53.105 1.0000000000
47180  -6.764  -18.985  53.566 1.0000000000
112957  -7.492  -19.594  53.918 1.0000000000
45246  -7.355  -19.705  52.421 1.0000000000
118815  -7.075  -19.469  51.868 0.8750000000
50913  -46.746  -14.653  42.787 0.5000000000
112984  -7.313  -15.347  44.560 0.6250000000
123324  -7.373  -15.593  43.863 0.6250000000
50923  -7.519  -15.268  40.678 0.3750000000
50914  -7.423  -15.084  41.288 0.5000000000
50933  -7.610  -14.473  38.968 0.1250000000
49828  -8.106  -15.334  57.585 0.6250000000
117043  -7.552  -16.956  58.384 0.6250000000
110485  -11.313  -19.900  59.780 0.8750000000
47143  -11.031  -19.097  60.011 0.7500000000
48924  -6.451  -15.328  57.439 0.6250000000
130562  -6.532  -16.013  57.822 0.6250000000
48925  -6.479  -16.742  57.940 0.6250000000
48028  -6.518  -17.548  57.964 0.6250000000
47157  -7.164  -18.713  58.063 0.7500000000
43488  -18.480  -21.497  52.690 0.6250000000
43486  -19.028  -21.083  53.906 0.7500000000
130089  -6.582  -13.510  56.999 0.5000000000
50766  -6.392  -14.584  57.042 0.5000000000
126330  -6.091  -16.004  56.883 0.7500000000
48939  -6.210  -17.148  57.434 0.7500000000
47165  -6.531  -18.044  56.551 0.8750000000
48038  -6.328  -17.345  56.315 0.7500000000
114154  -6.743  -18.531  56.759 0.8750000000
47161  -6.452  -18.012  57.250 0.6250000000
47166  -6.859  -18.645  56.179 1.0000000000
46228  -7.060  -19.073  56.574 1.0000000000
47158  -7.846  -19.185  58.165 0.8750000000
53485  -6.937  -11.728  57.215 0.5000000000
52624  -6.289  -12.776  56.332 0.5000000000
47170  -6.676  -18.162  55.883 0.8750000000
47171  -6.930  -18.795  55.412 0.8750000000
114909  -8.210  -20.134  55.764 1.0000000000
119858  -18.780  -20.949  50.679 0.3750000000
53511  -6.567  -11.758  54.902 0.5000000000
51737  -7.258  -13.219  53.850 0.5000000000
50939  -45.988  -14.746  39.135 0.7500000000
50955  -45.793  -14.312  38.352 0.7500000000
126711  -7.444  -14.755  45.686 0.6250000000
51811  -7.315  -14.817  44.588 0.6250000000
122210  -19.018  -20.511  50.036 0.2500000000
110926  -19.875  -19.748  51.087 0.3750000000
49028  -25.750  -16.153  48.205 0.3750000000
49039  -26.260  -15.745  47.545 0.2500000000
49950  -29.492  -15.113  49.742 0.5000000000
49968  -28.021  -15.179  47.666 0.3750000000
45292  -19.533  -19.683  48.325 0.1250000000
52770  -46.527  -12.141  38.516 0.8750000000
52764  -46.746  -12.166  39.128 0.8750000000
50970  -45.529  -13.924  37.684 0.6250000000
51896  -45.775  -13.138  37.640 0.7500000000
51827  -7.585  -14.193  43.625 0.6250000000
117880  -7.682  -14.121  41.872 0.3750000000
46262  -20.580  -18.861  49.733 0.2500000000
47237  -21.434  -18.078  47.000 0.1250000000
52657  -7.330  -12.278  53.563 0.5000000000
53625  -47.051  -11.806  40.811 0.6250000000
53629  -46.907  -11.630  39.757 0.7500000000
51782  -8.477  -13.460  49.854 0.6250000000
54510  -45.633  -10.822  37.321 0.8750000000
110721  -9.756  -13.421  40.877 0.1250000000
126388  -7.026  -10.684  54.451 0.3750000000
116973  -7.411  -10.620  53.714 0.5000000000
53542  -8.015  -11.653  51.704 0.5000000000
55381  -45.844  -9.843  38.059 0.7500000000
125332  -44.901  -8.545  37.828 0.8750000000
111904  -9.293  -13.452  42.050 0.2500000000
120815  -9.921  -13.189  43.900 0.2500000000
51847  -9.371  -13.462  41.319 0.2500000000
51871  -10.677  -13.539  39.813 0.1250000000
51891  -10.974  -13.838  37.792 0.1250000000
51815  -11.193  -12.932  44.453 0.2500000000
51841  -11.046  -13.174  42.071 0.1250000000
57166  -45.836  -7.709  43.100 0.2500000000
57175  -45.941  -7.831  42.529 0.2500000000
57195  -45.356  -7.977  40.061 0.6250000000
56267  -43.397  -8.831  36.401 0.7500000000
52724  -12.312  -12.719  44.326 0.1250000000
51860  -12.243  -13.515  40.162 0.1250000000
58133  -45.689  -6.937  42.779 0.2500000000
122136  -45.575  -6.575  42.468 0.3750000000
127316  -45.358  -6.195  41.874 0.3750000000
132629  -9.752  -11.897  48.862 0.6250000000
51861  -13.399  -13.356  40.452 0.1250000000
59105  -45.490  -5.590  42.666 0.3750000000
60018  -44.070  -5.303  40.137 0.2500000000
59989  -44.636  -4.102  41.657 0.3750000000
60031  -42.139  -5.300  38.106 0.6250000000
60805  -42.539  -3.740  39.747 0.5000000000
60772  -42.069  -2.819  41.111 0.2500000000
53584  -13.256  -11.069  46.392 0.2500000000
52746  -15.119  -11.912  41.930 0.1250000000
52758  -15.616  -12.409  40.351 0.1250000000
52754  -15.380  -12.154  41.081 0.1250000000
60839  -39.946  -4.268  35.989 0.6250000000
110466  -39.422  -4.513  35.405 0.5000000000
61642  -39.026  -2.758  37.875 0.8750000000
124256  -38.476  -2.353  38.294 0.8750000000
64101  -37.767  0.110  39.965 0.7500000000
64961  -38.829  1.256  41.127 0.5000000000
63221  -37.287  0.018  38.566 0.7500000000
64115  -37.736  0.563  39.163 0.8750000000
64995  -38.433  1.225  39.340 0.7500000000
62384  -40.347  -1.735  42.750 0.2500000000
129842  -39.393  -1.910  40.891 0.6250000000
64949  -39.853  1.696  43.049 0.5000000000
56178  -13.189  -8.863  45.407 0.1250000000
64948  -38.955  1.160  42.053 0.5000000000
117738  -41.709  1.337  47.183 0.3750000000
63173  -39.450  -0.313  43.544 0.5000000000
66625  -46.277  3.480  42.357 0.2500000000
64117  -45.031  0.444  39.255 0.6250000000
64132  -46.654  0.022  39.085 0.6250000000
63309  -46.557  -0.515  32.574 0.8750000000
62484  -47.227  -0.843  31.132 0.7500000000
63288  -48.324  -1.247  33.863 0.3750000000
126501  -49.042  -1.617  31.655 0.5000000000
61703  -48.759  -1.538  29.727 0.6250000000
62488  -50.894  -1.582  31.878 0.1250000000
65893  -57.405  2.247  29.664 0.1250000000
66696  -57.438  3.940  29.491 0.1250000000
38779  -9.758  -27.528  43.262 0.3750000000
37001  -11.145  -29.198  51.269 0.1250000000
37843  -11.509  -28.730  52.618 0.1250000000
37852  -11.759  -28.866  51.908 0.1250000000
37853  -12.666  -28.723  51.654 0.1250000000
37861  -11.987  -29.056  51.079 0.1250000000
37862  -12.093  -29.239  50.226 0.1250000000
112725  -13.828  -28.694  49.660 0.1250000000
37869  -12.914  -29.049  49.775 0.1250000000
37870  -13.330  -28.993  48.962 0.1250000000
37844  -12.455  -28.607  52.661 0.1250000000
37863  -12.809  -28.906  50.762 0.1250000000
129980  -13.614  -28.702  50.465 0.1250000000
38707  -14.819  -28.224  48.725 0.1250000000
37878  -14.214  -28.564  48.104 0.1250000000
37886  -14.305  -28.514  47.261 0.1250000000
38723  -15.418  -27.499  47.538 0.1250000000
38722  -14.852  -27.935  46.984 0.1250000000
37832  -12.556  -28.525  53.677 0.3750000000
122905  -13.506  -28.402  53.217 0.2500000000
37845  -13.452  -28.486  52.185 0.2500000000
37855  -14.353  -28.325  51.717 0.2500000000
37854  -13.525  -28.619  51.297 0.1250000000
116915  -14.185  -28.493  50.952 0.1250000000
128458  -15.034  -28.163  50.139 0.2500000000
38708  -15.403  -27.788  49.465 0.1250000000
38701  -14.633  -28.375  49.534 0.1250000000
38716  -15.452  -27.644  48.459 0.1250000000
38715  -14.870  -28.086  47.859 0.1250000000
39594  -16.002  -27.037  48.085 0.1250000000
39605  -15.916  -26.899  47.155 0.1250000000
39621  -16.362  -26.245  46.732 0.1250000000
40706  -16.775  -25.579  46.295 0.1250000000
39620  -15.811  -26.804  46.214 0.1250000000
39638  -15.759  -26.891  45.326 0.1250000000
40707  -17.137  -25.007  45.857 0.1250000000
115269  -8.477  -24.486  39.506 0.1250000000
37833  -13.228  -28.423  54.082 0.3750000000
37846  -14.181  -28.280  52.555 0.2500000000
127698  -15.114  -27.983  51.689 0.2500000000
38695  -15.570  -27.551  51.299 0.2500000000
38702  -15.527  -27.641  50.443 0.2500000000
39586  -16.370  -26.386  49.451 0.1250000000
38709  -15.985  -27.038  49.939 0.1250000000
39585  -15.972  -27.089  48.999 0.1250000000
40682  -16.781  -25.800  48.289 0.1250000000
40694  -16.899  -25.588  47.342 0.1250000000
40695  -17.281  -24.984  46.710 0.1250000000
40719  -16.980  -24.992  45.168 0.1250000000
41736  -17.453  -24.531  45.359 0.1250000000
42710  -8.427  -23.696  39.168 0.1250000000
37834  -14.000  -28.265  54.089 0.5000000000
38678  -14.613  -28.074  53.278 0.2500000000
38703  -16.044  -26.962  50.873 0.1250000000
39579  -16.362  -26.257  50.395 0.1250000000
39595  -16.396  -26.438  48.602 0.1250000000
40675  -17.034  -25.200  48.917 0.1250000000
40683  -17.129  -25.227  48.081 0.1250000000
118303  -17.350  -24.829  47.537 0.1250000000
119249  -17.620  -24.338  46.969 0.1250000000
110256  -8.513  -22.881  38.591 0.1250000000
38672  -14.804  -27.940  54.182 0.6250000000
118690  -15.692  -27.384  54.991 0.6250000000
38679  -15.283  -27.675  53.634 0.5000000000
38688  -15.982  -26.939  52.587 0.2500000000
38687  -15.419  -27.574  52.904 0.2500000000
39564  -16.268  -26.236  52.287 0.3750000000
118148  -15.544  -27.523  52.087 0.2500000000
38696  -16.040  -26.925  51.749 0.2500000000
39572  -16.338  -26.144  51.403 0.2500000000
40668  -16.906  -24.921  50.359 0.1250000000
39587  -16.721  -25.578  49.800 0.1250000000
129368  -17.055  -24.884  49.624 0.1250000000
118244  -17.270  -24.418  49.112 0.1250000000
46302  -44.546  -19.181  46.151 0.5000000000
41699  -17.535  -23.913  48.553 0.1250000000
47249  -45.651  -18.220  45.801 0.2500000000
48130  -46.017  -17.685  46.010 0.2500000000
41712  -17.572  -24.134  47.744 0.1250000000
45340  -43.982  -19.791  45.960 0.7500000000
47258  -45.583  -18.297  44.934 0.2500000000
38674  -16.100  -26.982  54.439 0.3750000000
38680  -15.913  -27.049  53.543 0.3750000000
119830  -16.354  -26.315  53.108 0.3750000000
39573  -16.498  -25.444  51.622 0.2500000000
39580  -16.582  -25.521  50.825 0.2500000000
41682  -16.985  -24.243  50.718 0.2500000000
41690  -17.121  -24.304  49.855 0.1250000000
41691  -17.425  -23.753  49.346 0.1250000000
42629  -17.765  -23.455  47.888 0.1250000000
48122  -45.721  -17.484  46.553 0.2500000000
48131  -46.239  -17.092  45.428 0.2500000000
113901  -43.024  -20.175  47.027 0.6250000000
45328  -43.926  -19.567  46.482 0.7500000000
113496  -42.791  -20.483  46.315 0.6250000000
47268  -45.744  -17.946  44.122 0.3750000000
47266  -44.797  -18.504  43.363 0.7500000000
39565  -16.525  -25.706  52.808 0.3750000000
127252  -16.409  -25.696  52.107 0.3750000000
40654  -16.649  -25.118  52.387 0.5000000000
40661  -16.746  -24.826  51.398 0.3750000000
47211  -40.113  -18.435  49.601 0.7500000000
47212  -40.722  -18.341  49.163 0.7500000000
48100  -41.471  -17.726  48.368 0.7500000000
48101  -42.309  -18.334  48.320 0.7500000000
49025  -42.271  -17.548  47.830 0.7500000000
42609  -17.587  -23.021  49.732 0.1250000000
47227  -42.963  -19.017  48.161 0.7500000000
48108  -43.131  -18.283  47.780 0.6250000000
49043  -44.642  -16.509  46.678 0.3750000000
119596  -45.578  -14.352  45.147 0.2500000000
50893  -46.056  -14.389  44.881 0.2500000000
42615  -17.772  -23.103  48.752 0.1250000000
124562  -18.124  -22.361  48.549 0.1250000000
45297  -41.468  -20.045  48.592 0.6250000000
47234  -44.528  -18.465  46.944 0.6250000000
49044  -45.482  -16.757  46.570 0.3750000000
49984  -45.628  -15.544  45.864 0.2500000000
49994  -46.338  -15.140  45.026 0.2500000000
49060  -46.512  -15.741  44.799 0.2500000000
45313  -41.715  -20.196  47.889 0.7500000000
45298  -42.619  -19.890  48.047 0.7500000000
46290  -43.585  -19.705  47.009 0.7500000000
132421  -45.894  -16.808  46.412 0.2500000000
48123  -46.133  -16.917  46.074 0.2500000000
49054  -46.287  -16.155  45.406 0.2500000000
49059  -46.414  -16.480  44.803 0.2500000000
45326  -42.455  -20.344  46.944 0.6250000000
48137  -46.204  -17.158  44.783 0.2500000000
49067  -46.388  -16.565  44.234 0.2500000000
117371  -41.165  -21.037  46.173 0.6250000000
48143  -46.064  -17.193  44.020 0.3750000000
48150  -45.622  -17.525  43.426 0.3750000000
47278  -45.091  -17.915  42.955 0.5000000000
46350  -44.169  -19.029  43.048 0.7500000000
48158  -45.015  -17.152  41.979 0.6250000000
42576  -17.665  -23.339  58.683 0.8750000000
42577  -18.123  -22.875  58.083 0.8750000000
46241  -21.742  -18.624  53.519 0.6250000000
47185  -22.566  -18.307  53.380 0.5000000000
116716  -21.061  -19.051  53.269 0.6250000000
46244  -21.859  -18.625  52.650 0.5000000000
40651  -17.054  -24.506  53.074 0.6250000000
47186  -23.539  -18.115  53.040 0.3750000000
40655  -16.880  -24.461  52.295 0.5000000000
40662  -17.000  -24.007  51.686 0.6250000000
42600  -17.421  -23.063  51.832 0.5000000000
111555  -17.172  -23.590  51.003 0.1250000000
41683  -17.249  -23.651  50.181 0.1250000000
43498  -18.004  -22.365  49.291 0.1250000000
45296  -38.357  -20.280  48.372 0.6250000000
45283  -40.618  -19.983  49.091 0.6250000000
49033  -42.722  -16.833  47.342 0.3750000000
49042  -43.507  -16.332  46.871 0.5000000000
44343  -38.755  -20.631  47.879 0.6250000000
128405  -40.871  -20.132  48.574 0.6250000000
50881  -43.733  -15.239  46.336 0.5000000000
50882  -44.570  -14.938  45.864 0.5000000000
50894  -46.434  -14.425  44.532 0.2500000000
43499  -18.396  -21.772  48.871 0.1250000000
44354  -37.679  -21.046  47.325 0.5000000000
44357  -40.443  -20.545  47.678 0.5000000000
44358  -41.216  -20.445  47.488 0.5000000000
49995  -46.619  -15.153  44.435 0.2500000000
51825  -46.510  -13.744  44.164 0.2500000000
127750  -39.295  -21.267  46.575 0.5000000000
130673  -41.413  -20.642  46.896 0.6250000000
49074  -46.557  -16.017  43.710 0.2500000000
50899  -46.700  -14.519  44.046 0.2500000000
50906  -46.777  -14.650  43.412 0.3750000000
49085  -45.895  -15.775  41.756 0.6250000000
49091  -45.451  -16.111  40.978 0.6250000000
49090  -44.829  -16.491  40.489 0.6250000000
43468  -17.234  -21.932  58.596 0.8750000000
42573  -17.065  -22.721  59.233 0.8750000000
42574  -17.609  -22.549  58.558 0.8750000000
43470  -17.928  -21.951  58.007 0.7500000000
43471  -18.322  -21.637  57.346 0.7500000000
43473  -18.664  -21.865  56.782 0.7500000000
43472  -18.434  -22.378  57.428 0.7500000000
42581  -18.759  -22.708  56.718 0.7500000000
44310  -18.944  -21.221  56.166 0.7500000000
43476  -18.890  -22.058  56.138 0.7500000000
43480  -19.079  -21.465  55.120 0.6250000000
43482  -18.836  -22.207  54.905 0.5000000000
131903  -19.321  -20.902  54.876 0.7500000000
44327  -19.450  -20.633  54.457 0.6250000000
45238  -20.597  -19.344  54.426 0.7500000000
46240  -21.143  -18.991  54.004 0.7500000000
45237  -20.025  -19.908  54.430 0.6250000000
44333  -19.374  -20.414  52.638 0.5000000000
45253  -20.169  -19.674  52.822 0.5000000000
46243  -20.992  -19.098  52.299 0.3750000000
47194  -23.649  -18.004  52.163 0.3750000000
46245  -20.370  -19.494  51.763 0.5000000000
125544  -21.536  -18.750  51.817 0.2500000000
47190  -38.753  -17.495  49.752 0.6250000000
125761  -20.461  -19.313  51.035 0.2500000000
46253  -36.991  -18.670  49.335 0.7500000000
43493  -17.871  -22.262  50.226 0.1250000000
46278  -36.390  -19.602  48.437 0.5000000000
46267  -38.069  -19.583  49.248 0.6250000000
45293  -36.024  -20.055  47.999 0.5000000000
45295  -37.525  -20.243  48.296 0.6250000000
51824  -46.268  -12.852  44.244 0.2500000000
45311  -37.185  -20.614  47.732 0.5000000000
52731  -46.600  -13.074  43.766 0.2500000000
110492  -46.741  -13.875  43.647 0.2500000000
130130  -45.645  -15.663  40.302 0.6250000000
130463  -45.279  -16.070  40.141 0.6250000000
49116  -44.436  -16.124  38.927 0.6250000000
43465  -15.872  -21.779  59.809 0.7500000000
44301  -17.524  -20.717  58.070 0.8750000000
44305  -18.008  -21.036  57.572 0.8750000000
44306  -18.597  -20.958  56.811 0.7500000000
45221  -19.375  -19.690  56.146 0.7500000000
46226  -19.534  -18.978  56.139 0.6250000000
43460  -14.846  -22.086  60.897 0.7500000000
44293  -15.392  -21.341  59.975 0.7500000000
131315  -16.101  -21.470  59.361 0.7500000000
121224  -16.989  -20.419  58.533 0.8750000000
45214  -17.620  -20.089  58.025 0.8750000000
44311  -19.152  -20.422  56.155 0.7500000000
45224  -19.682  -19.940  55.710 0.7500000000
46234  -20.805  -18.975  54.969 0.7500000000
46235  -21.454  -18.501  54.659 0.7500000000
47181  -22.474  -18.149  54.080 0.7500000000
115483  -13.483  -21.820  60.390 0.6250000000
44290  -13.903  -21.447  60.370 0.6250000000
44292  -14.883  -21.505  60.411 0.7500000000
45205  -15.057  -20.909  59.996 0.7500000000
44316  -19.065  -21.371  55.609 0.7500000000
45229  -19.798  -20.075  55.273 0.7500000000
45225  -20.185  -19.461  55.302 0.7500000000
46237  -20.988  -18.915  54.607 0.6250000000
46238  -21.688  -18.440  54.359 0.6250000000
44322  -19.376  -20.767  55.206 0.6250000000
114248  -19.751  -20.296  54.878 0.6250000000
45262  -19.687  -20.050  51.891 0.5000000000
48072  -23.796  -17.736  51.359 0.2500000000
48067  -37.058  -17.580  50.395 0.6250000000
48068  -37.666  -17.320  50.251 0.6250000000
48080  -37.140  -17.940  50.368 0.3750000000
47205  -23.228  -17.748  50.553 0.1250000000
43494  -18.290  -21.698  49.744 0.1250000000
47219  -36.404  -18.464  49.122 0.6250000000
46263  -35.705  -18.701  48.452 0.5000000000
46264  -36.109  -18.976  48.734 0.5000000000
46276  -35.342  -19.071  47.921 0.5000000000
52743  -46.735  -12.522  43.232 0.2500000000
53609  -46.627  -11.528  43.288 0.2500000000
52752  -46.876  -12.516  42.645 0.2500000000
50954  -45.148  -14.813  37.889 0.6250000000
46220  -18.064  -19.492  57.615 0.7500000000
45218  -18.452  -19.788  57.097 0.7500000000
46225  -18.979  -19.384  56.591 0.7500000000
47169  -22.248  -17.702  54.954 0.7500000000
47174  -23.618  -17.397  54.223 0.6250000000
45209  -15.637  -20.677  59.648 0.7500000000
46213  -16.096  -19.935  59.420 0.7500000000
45210  -16.263  -20.510  59.157 0.7500000000
46217  -17.427  -19.587  58.258 0.7500000000
47160  -18.448  -18.749  57.229 0.6250000000
46221  -18.609  -19.202  57.024 0.7500000000
126872  -19.690  -18.400  56.104 0.6250000000
47167  -20.741  -18.289  55.483 0.6250000000
46232  -21.187  -18.478  55.067 0.7500000000
47177  -22.199  -18.127  54.408 0.7500000000
47179  -23.902  -17.591  54.035 0.5000000000
47183  -24.173  -17.768  53.531 0.3750000000
44289  -13.115  -21.420  60.010 0.6250000000
111436  -13.483  -21.355  60.125 0.6250000000
45203  -14.062  -20.867  60.116 0.6250000000
46211  -14.881  -19.888  59.869 0.7500000000
46212  -15.400  -20.109  59.760 0.6250000000
113660  -16.522  -18.428  59.257 0.6250000000
48026  -16.944  -18.510  58.864 0.6250000000
47159  -17.831  -18.867  57.934 0.7500000000
116685  -18.682  -17.729  56.965 0.6250000000
46222  -19.110  -18.659  56.585 0.7500000000
47182  -23.331  -17.996  53.779 0.3750000000
46202  -12.610  -20.088  59.962 0.6250000000
46203  -13.641  -20.315  59.935 0.6250000000
46210  -14.460  -19.743  59.886 0.6250000000
48016  -15.361  -18.557  59.898 0.5000000000
47154  -16.013  -18.763  59.610 0.6250000000
118213  -16.875  -17.918  58.884 0.6250000000
48032  -18.045  -17.775  57.614 0.6250000000
122183  -18.229  -18.243  57.453 0.6250000000
47140  -13.077  -19.688  59.991 0.6250000000
47145  -13.381  -19.006  60.082 0.3750000000
47146  -14.119  -19.192  59.993 0.3750000000
48024  -15.198  -17.718  59.835 0.3750000000
133184  -16.416  -17.403  59.034 0.3750000000
47187  -24.284  -17.847  52.706 0.3750000000
46207  -10.486  -19.550  59.601 0.6250000000
131447  -12.399  -19.446  60.085 0.6250000000
48014  -13.804  -18.333  60.191 0.3750000000
48015  -14.605  -18.426  60.094 0.3750000000
132412  -24.002  -17.492  50.710 0.2500000000
48066  -36.489  -17.077  50.724 0.3750000000
48083  -23.840  -17.395  49.993 0.1250000000
48094  -23.643  -17.336  49.157 0.1250000000
48098  -34.488  -16.965  48.671 0.5000000000
47217  -35.102  -17.677  48.619 0.5000000000
126403  -46.999  -12.939  42.049 0.2500000000
53618  -46.827  -11.292  42.607 0.2500000000
54483  -46.811  -10.609  42.433 0.2500000000
113066  -46.979  -12.017  41.986 0.3750000000
48948  -21.058  -17.056  55.669 0.5000000000
47173  -22.751  -17.711  54.490 0.7500000000
47162  -19.541  -18.015  56.298 0.6250000000
47163  -20.201  -18.017  55.874 0.6250000000
47168  -21.526  -17.923  55.278 0.6250000000
114433  -24.333  -17.150  54.238 0.5000000000
121330  -18.910  -18.135  56.802 0.6250000000
48934  -16.334  -16.786  58.600 0.3750000000
48942  -16.676  -16.299  57.854 0.3750000000
48031  -17.430  -17.610  58.215 0.5000000000
48052  -24.941  -17.530  53.155 0.2500000000
47153  -10.066  -18.551  59.514 0.5000000000
48011  -10.539  -18.614  59.848 0.5000000000
48012  -12.069  -18.251  60.228 0.5000000000
48920  -12.882  -16.839  59.323 0.3750000000
48022  -13.391  -17.533  59.968 0.3750000000
48922  -14.833  -16.958  59.447 0.3750000000
48941  -15.790  -16.108  58.043 0.3750000000
48061  -24.913  -17.561  52.246 0.3750000000
47152  -9.740  -19.040  59.239 0.5000000000
47144  -12.620  -18.912  60.168 0.6250000000
48023  -14.294  -17.596  59.979 0.3750000000
47195  -24.264  -17.742  51.948 0.5000000000
48074  -25.522  -17.252  51.671 0.3750000000
49000  -26.984  -16.666  51.370 0.3750000000
120434  -27.688  -16.492  51.917 0.3750000000
125336  -28.682  -16.005  51.179 0.3750000000
49928  -30.012  -15.532  52.647 0.5000000000
48073  -24.624  -17.441  51.289 0.5000000000
48085  -25.335  -17.079  50.763 0.3750000000
115267  -26.568  -16.552  50.637 0.3750000000
49009  -27.236  -16.272  50.530 0.3750000000
49010  -28.038  -15.925  50.428 0.3750000000
130868  -29.148  -15.681  50.761 0.3750000000
110190  -30.931  -15.041  51.304 0.5000000000
48084  -24.576  -17.222  50.352 0.3750000000
49942  -29.554  -15.355  50.475 0.3750000000
49943  -30.203  -15.190  50.857 0.3750000000
49938  -32.601  -14.979  51.180 0.5000000000
49933  -33.999  -14.942  51.827 0.5000000000
48095  -24.468  -17.082  49.483 0.2500000000
131721  -35.216  -16.175  51.461 0.3750000000
49003  -34.673  -15.915  50.621 0.6250000000
48105  -24.277  -16.974  48.564 0.1250000000
124748  -7.278  -16.659  40.260 0.5000000000
48946  -19.755  -17.156  56.172 0.6250000000
48947  -20.415  -17.096  55.888 0.6250000000
48037  -21.339  -17.415  55.520 0.5000000000
48039  -22.129  -17.279  55.201 0.6250000000
48945  -19.090  -17.144  56.625 0.6250000000
48943  -17.534  -16.521  57.507 0.5000000000
48936  -17.881  -17.205  57.641 0.5000000000
48033  -19.324  -17.614  56.449 0.6250000000
48918  -10.978  -17.182  59.252 0.5000000000
48919  -11.882  -16.992  59.383 0.3750000000
48931  -13.446  -16.412  58.755 0.3750000000
48940  -14.800  -15.930  57.985 0.3750000000
129734  -15.384  -15.728  57.471 0.3750000000
49841  -16.106  -15.773  57.330 0.3750000000
48935  -17.195  -16.951  58.148 0.5000000000
48018  -9.732  -17.947  59.176 0.5000000000
48019  -10.577  -17.972  59.657 0.5000000000
48021  -12.424  -17.534  59.924 0.3750000000
48932  -14.362  -16.391  58.766 0.3750000000
48933  -15.332  -16.505  58.728 0.3750000000
126172  -9.510  -18.429  59.121 0.5000000000
48086  -26.118  -16.894  51.115 0.3750000000
125884  -8.294  -18.332  58.740 0.5000000000
48096  -25.215  -16.860  49.910 0.3750000000
49019  -26.572  -16.248  49.847 0.3750000000
49020  -27.450  -15.880  49.759 0.3750000000
109646  -28.858  -15.573  50.257 0.3750000000
47150  -7.736  -18.466  58.488 0.5000000000
47151  -8.372  -18.959  58.653 0.5000000000
129057  -25.791  -16.476  49.614 0.3750000000
49951  -30.242  -14.972  50.040 0.3750000000
49017  -25.199  -16.576  48.959 0.2500000000
49030  -26.952  -15.866  49.032 0.3750000000
50016  -7.525  -15.549  41.325 0.5000000000
49081  -7.509  -16.116  41.398 0.5000000000
56266  -42.778  -9.163  36.035 0.6250000000
124492  -18.158  -15.647  56.205 0.3750000000
49844  -19.048  -16.475  56.414 0.6250000000
49858  -17.230  -15.456  56.248 0.3750000000
130216  -18.494  -16.153  56.564 0.3750000000
49845  -19.652  -16.627  56.134 0.6250000000
49842  -16.966  -15.867  57.117 0.3750000000
48944  -18.403  -16.732  57.030 0.6250000000
48929  -11.316  -16.634  58.682 0.3750000000
49832  -12.808  -16.199  58.138 0.3750000000
48917  -10.123  -17.317  58.990 0.5000000000
49839  -13.230  -15.931  57.249 0.3750000000
48916  -9.419  -17.347  58.664 0.5000000000
48927  -9.574  -16.720  58.257 0.5000000000
119079  -8.736  -17.758  58.690 0.5000000000
48915  -8.130  -16.892  58.145 0.5000000000
48017  -7.787  -17.693  58.575 0.5000000000
49021  -28.227  -15.529  49.669 0.2500000000
49949  -27.734  -15.508  49.021 0.1250000000
50868  -29.571  -14.674  47.354 0.3750000000
59175  -41.368  -6.767  37.228 0.6250000000
118645  -42.571  -8.827  36.701 0.6250000000
123670  -17.094  -15.178  55.440 0.3750000000
49857  -16.279  -15.451  56.491 0.3750000000
49856  -15.442  -15.499  56.741 0.3750000000
121890  -14.117  -15.806  57.428 0.3750000000
114582  -9.690  -16.067  57.802 0.5000000000
49838  -11.025  -15.941  57.236 0.3750000000
49826  -8.838  -16.809  58.121 0.5000000000
60038  -41.673  -5.662  37.531 0.7500000000
59147  -42.228  -6.186  38.078 0.5000000000
59174  -40.731  -6.146  36.702 0.5000000000
59157  -41.226  -5.891  37.084 0.6250000000
59158  -41.789  -6.471  37.621 0.7500000000
50770  -8.437  -14.762  57.493 0.5000000000
110470  -41.591  -5.008  37.478 0.7500000000
60046  -40.670  -5.365  36.518 0.6250000000
60037  -41.206  -5.141  36.952 0.6250000000
60036  -40.607  -4.664  36.486 0.6250000000
60830  -41.084  -4.367  37.228 0.7500000000
60829  -40.350  -3.925  36.713 0.7500000000
60045  -40.090  -4.903  35.913 0.6250000000
60838  -39.283  -3.851  35.543 0.3750000000
60827  -38.781  -3.205  36.058 0.5000000000
60837  -38.509  -3.473  35.177 0.2500000000
61646  -38.127  -2.666  36.733 0.5000000000
61645  -37.410  -2.239  36.461 0.3750000000
61649  -36.612  -1.875  35.301 0.2500000000
62433  -36.485  -1.092  35.688 0.1250000000
61640  -37.610  -2.075  37.306 0.6250000000
62422  -37.348  -0.916  38.478 0.7500000000
128060  -37.294  -1.427  37.731 0.5000000000
62426  -36.978  -0.609  37.590 0.5000000000
65006  -37.995  1.090  37.930 0.7500000000
62434  -36.841  -1.731  36.095 0.3750000000
62430  -36.755  -0.622  36.806 0.3750000000
64139  -37.453  0.709  37.439 0.5000000000
65017  -37.961  1.166  37.057 0.6250000000
63238  -36.609  -0.287  36.083 0.2500000000
64159  -37.265  0.782  35.621 0.3750000000
65027  -37.993  1.200  36.044 0.6250000000
63247  -36.383  -0.428  35.322 0.2500000000
65037  -37.780  1.041  35.062 0.2500000000
65038  -38.574  1.220  35.284 0.5000000000
64994  -38.018  1.029  38.652 0.7500000000
65007  -38.597  1.337  38.457 0.7500000000
65018  -38.682  1.359  37.593 0.7500000000
113672  -38.743  1.344  36.696 0.7500000000
111833  -39.633  1.445  37.221 0.7500000000
65047  -38.363  1.083  34.506 0.2500000000
65058  -38.868  0.916  34.005 0.2500000000
63263  -43.556  -0.433  34.342 0.5000000000
112933  -44.212  -0.494  33.666 0.6250000000
63281  -41.614  -0.245  33.200 0.6250000000
63282  -42.469  -0.361  33.351 0.6250000000
63283  -43.337  -0.441  33.492 0.6250000000
64997  -40.244  1.562  39.098 0.6250000000
64981  -40.598  1.633  39.968 0.6250000000
65008  -39.369  1.496  38.120 0.7500000000
110401  -41.133  1.463  39.121 0.7500000000
64998  -41.641  1.487  39.794 0.6250000000
111468  -40.732  1.442  38.306 0.7500000000
65039  -39.388  1.219  35.465 0.6250000000
65030  -40.424  1.292  36.552 0.7500000000
65040  -40.215  1.131  35.705 0.7500000000
65049  -39.958  0.914  34.937 0.5000000000
65041  -41.061  0.961  35.954 0.7500000000
64163  -43.194  0.031  35.776 0.5000000000
63248  -43.769  -0.343  35.170 0.6250000000
64187  -39.349  0.551  33.495 0.3750000000
64172  -39.672  0.730  34.203 0.3750000000
64173  -40.486  0.472  34.420 0.5000000000
64174  -41.307  0.216  34.629 0.5000000000
64175  -42.133  -0.002  34.817 0.5000000000
64176  -42.955  -0.168  34.989 0.6250000000
64188  -40.190  0.290  33.676 0.3750000000
64189  -41.016  -0.019  33.869 0.3750000000
64190  -41.864  -0.210  34.031 0.5000000000
63262  -42.710  -0.342  34.184 0.5000000000
64201  -40.747  -0.087  33.066 0.3750000000
60891  -47.417  -2.947  28.074 0.5000000000
65021  -42.216  0.941  37.725 0.6250000000
65020  -41.403  1.219  37.663 0.7500000000
65031  -41.345  1.110  36.838 0.7500000000
65032  -42.126  0.831  36.914 0.7500000000
64160  -40.779  0.718  35.167 0.5000000000
65042  -41.870  0.704  36.170 0.7500000000
64161  -41.595  0.483  35.390 0.5000000000
64162  -42.402  0.258  35.585 0.6250000000
62454  -49.233  -1.837  33.615 0.2500000000
116180  -48.105  -2.368  28.478 0.6250000000
60907  -48.116  -3.155  27.195 0.6250000000
61729  -48.416  -2.733  26.708 0.7500000000
60892  -48.109  -2.983  27.864 0.5000000000
110534  -47.882  -2.535  25.958 0.6250000000
67573  -53.224  4.831  23.687 0.5000000000
68371  -54.002  5.181  24.008 0.6250000000
124849  -56.807  6.217  24.017 0.3750000000
68378  -54.618  5.509  23.501 0.6250000000
69274  -56.077  6.040  23.519 0.5000000000
69275  -56.866  6.525  23.358 0.3750000000
70212  -57.414  7.131  23.174 0.3750000000
70213  -57.553  7.713  23.652 0.1250000000
71146  -57.647  8.963  23.705 0.1250000000
69283  -56.101  6.318  22.670 0.6250000000
69284  -56.950  6.749  22.736 0.3750000000
123626  -48.658  -2.344  28.260 0.6250000000
62534  -48.640  -1.973  26.332 0.6250000000
61739  -47.633  -1.732  25.435 0.3750000000
128961  -48.218  -1.727  25.820 0.3750000000
65917  -51.626  3.017  25.225 0.5000000000
122279  -52.192  3.692  24.863 0.3750000000
116239  -52.887  4.305  25.101 0.5000000000
67568  -53.416  4.754  24.533 0.6250000000
68365  -55.342  5.157  25.012 0.6250000000
68374  -57.100  6.210  24.865 0.2500000000
69276  -57.367  6.910  24.079 0.1250000000
68379  -55.378  5.678  23.724 0.6250000000
68373  -56.031  5.715  24.380 0.5000000000
115027  -57.562  7.666  24.476 0.1250000000
40650  -16.852  -25.153  53.295 0.5000000000
45282  -39.640  -20.026  49.082 0.6250000000
45281  -38.700  -20.009  48.994 0.6250000000
47189  -38.215  -17.835  50.051 0.6250000000
46266  -37.418  -19.320  49.079 0.6250000000
48109  -43.961  -18.062  47.253 0.6250000000
47226  -35.215  -18.324  48.185 0.5000000000
47206  -35.597  -17.575  49.157 0.5000000000
45299  -43.051  -19.959  47.514 0.6250000000
48117  -44.893  -17.551  46.925 0.2500000000
48160  -7.442  -16.591  41.032 0.5000000000
124736  -7.390  -17.152  39.756 0.5000000000
42569  -15.968  -22.947  60.400 0.8750000000
127700  -15.792  -22.288  60.263 0.7500000000
43461  -15.367  -21.900  60.406 0.7500000000
42570  -16.306  -22.443  59.832 0.8750000000
41674  -17.298  -23.780  52.762 0.6250000000
48994  -34.718  -15.515  51.279 0.6250000000
48079  -36.530  -17.477  50.315 0.5000000000
42605  -17.468  -22.953  50.687 0.2500000000
48107  -34.088  -17.107  48.046 0.5000000000
49073  -46.264  -16.486  43.652 0.3750000000
47289  -44.740  -17.684  42.283 0.6250000000
50769  -7.672  -14.608  57.596 0.5000000000
49825  -8.161  -16.112  57.725 0.5000000000
129911  -8.018  -17.307  58.445 0.5000000000
49944  -31.804  -14.848  50.851 0.5000000000
110367  -31.018  -14.848  50.431 0.5000000000
50052  -44.567  -15.626  38.316 0.6250000000
44330  -19.613  -20.283  53.671 0.5000000000
114703  -46.855  -13.956  42.996 0.1250000000
58183  -42.065  -7.421  37.578 0.6250000000
61641  -38.294  -2.480  37.591 0.6250000000
61717  -47.515  -2.186  28.613 0.5000000000
125205  -48.806  -1.622  33.764 0.2500000000
46208  -11.875  -19.627  60.014 0.6250000000
47142  -10.257  -19.012  59.684 0.5000000000
48064  -35.674  -16.343  51.014 0.5000000000
119850  -35.031  -15.852  51.464 0.6250000000
48065  -36.252  -16.743  50.745 0.3750000000
64128  -37.590  0.627  38.274 0.7500000000
112639  -39.741  1.578  39.673 0.5000000000
64996  -39.324  1.517  39.004 0.6250000000
37871  -14.082  -28.627  48.895 0.1250000000
38694  -14.934  -28.158  50.941 0.2500000000
38735  -15.373  -27.388  46.635 0.1250000000
39606  -16.418  -26.349  47.710 0.1250000000
39639  -16.216  -26.160  45.660 0.1250000000
40674  -16.689  -25.911  49.008 0.1250000000
42658  -17.791  -23.999  44.662 0.1250000000
47259  -45.966  -17.673  44.675 0.2500000000
122771  -43.188  -17.633  47.382 0.3750000000
49034  -43.823  -17.233  46.944 0.3750000000
49974  -44.011  -15.859  46.590 0.5000000000
49983  -44.812  -15.595  46.184 0.5000000000
49992  -45.287  -14.921  45.658 0.5000000000
49985  -46.076  -15.562  45.568 0.2500000000
51823  -45.734  -13.134  44.601 0.1250000000
45312  -41.016  -20.260  48.121 0.6250000000
49068  -46.633  -15.926  44.303 0.2500000000
44371  -41.893  -20.364  47.235 0.6250000000
44389  -40.398  -21.388  45.445 0.5000000000
44342  -37.979  -20.673  47.873 0.6250000000
44344  -39.244  -20.271  48.410 0.6250000000
49973  -43.169  -15.562  46.894 0.3750000000
115329  -39.042  -20.988  47.334 0.5000000000
44356  -39.604  -20.595  47.817 0.6250000000
50891  -43.900  -14.582  45.689 0.3750000000
50892  -44.925  -14.389  45.410 0.5000000000
44369  -39.880  -20.983  47.170 0.5000000000
127877  -38.792  -21.471  46.053 0.3750000000
44300  -16.995  -21.221  58.551 0.8750000000
43467  -16.519  -21.817  59.181 0.8750000000
128597  -18.347  -20.408  57.134 0.7500000000
45245  -20.432  -19.511  53.888 0.6250000000
46265  -36.711  -19.130  48.881 0.5000000000
45280  -37.838  -19.909  48.879 0.6250000000
46277  -35.850  -19.367  48.241 0.5000000000
45294  -36.724  -20.155  48.158 0.5000000000
44297  -16.403  -21.103  59.006 0.7500000000
44296  -15.881  -21.158  59.499 0.7500000000
45217  -17.990  -20.243  57.586 0.7500000000
45220  -18.800  -20.098  56.626 0.7500000000
46230  -19.918  -19.274  55.713 0.6250000000
44291  -14.315  -21.646  60.629 0.7500000000
46216  -16.754  -19.750  58.859 0.6250000000
44317  -19.337  -20.606  55.672 0.7500000000
46231  -20.517  -18.869  55.368 0.7500000000
47172  -21.970  -18.049  54.880 0.7500000000
47178  -23.042  -17.830  54.183 0.5000000000
45204  -14.500  -21.088  60.211 0.7500000000
45230  -20.332  -19.556  54.858 0.7500000000
47149  -15.912  -19.451  59.596 0.6250000000
47155  -16.525  -19.115  59.206 0.6250000000
47156  -17.195  -18.987  58.581 0.6250000000
47164  -20.877  -17.858  55.593 0.6250000000
48036  -20.601  -17.530  55.778 0.6250000000
46227  -20.096  -18.605  55.760 0.6250000000
124357  -24.818  -17.246  53.975 0.5000000000
119889  -13.203  -20.421  59.932 0.6250000000
46204  -14.074  -20.059  59.929 0.6250000000
47147  -14.802  -19.169  59.942 0.3750000000
48025  -16.099  -17.973  59.524 0.6250000000
48027  -17.524  -18.266  58.265 0.5000000000
47141  -13.671  -19.655  59.935 0.6250000000
48030  -16.907  -17.339  58.619 0.3750000000
48923  -15.742  -17.171  59.279 0.3750000000
46209  -11.860  -18.943  60.201 0.6250000000
48013  -12.954  -18.244  60.226 0.3750000000
48035  -19.926  -17.576  56.058 0.6250000000
124504  -11.243  -18.411  60.068 0.5000000000
48020  -11.502  -17.680  59.847 0.5000000000
48921  -13.881  -16.882  59.435 0.3750000000
49001  -27.800  -16.291  51.166 0.3750000000
132343  -28.156  -16.275  51.619 0.3750000000
48992  -29.304  -15.818  51.967 0.3750000000
123101  -30.110  -15.406  51.691 0.3750000000
110023  -30.828  -15.173  52.148 0.5000000000
49937  -31.701  -14.884  51.711 0.5000000000
49939  -33.369  -15.128  51.281 0.5000000000
49931  -32.551  -14.788  52.046 0.5000000000
49934  -34.498  -15.292  51.628 0.5000000000
117818  -20.196  -15.986  55.730 0.6250000000
49846  -20.289  -16.587  55.849 0.6250000000
49860  -19.578  -15.966  55.970 0.6250000000
49843  -17.841  -16.031  56.862 0.5000000000
49833  -13.804  -16.035  58.069 0.3750000000
49859  -18.911  -15.818  56.112 0.5000000000
48928  -10.369  -16.695  58.488 0.5000000000
49829  -8.880  -15.822  57.722 0.5000000000
58200  -41.684  -7.628  37.232 0.5000000000
49877  -16.438  -15.255  55.618 0.3750000000
61651  -37.963  -2.843  35.858 0.5000000000
61650  -37.215  -2.427  35.638 0.2500000000
62431  -36.990  -1.439  36.943 0.3750000000
63228  -36.891  0.189  36.949 0.5000000000
64150  -37.362  0.795  36.542 0.5000000000
64158  -36.688  0.281  35.229 0.2500000000
65028  -38.830  1.319  35.951 0.6250000000
130461  -36.255  -0.131  34.705 0.2500000000
65048  -39.151  1.082  34.713 0.3750000000
111469  -39.951  1.546  38.493 0.7500000000
110400  -40.068  1.501  37.911 0.7500000000
65019  -40.615  1.380  37.411 0.7500000000
63307  -44.058  -0.364  32.736 0.7500000000
122850  -41.779  1.044  37.281 0.7500000000
61724  -48.630  -2.676  27.490 0.6250000000
61730  -48.971  -2.072  27.063 0.7500000000
69271  -57.557  7.040  25.012 0.1250000000
71135  -57.584  8.308  24.083 0.1250000000
50788  -33.916  -13.796  53.188 0.2500000000
52620  -31.208  -13.988  56.196 0.2500000000
116177  -32.603  -13.971  54.366 0.2500000000
52627  -31.423  -13.305  54.532 0.2500000000
54367  -32.374  -11.931  53.392 0.2500000000
123706  -36.235  -15.131  51.020 0.2500000000
48976  -36.823  -15.378  50.754 0.3750000000
115774  -34.853  -13.887  52.124 0.2500000000
49894  -35.859  -14.619  51.280 0.2500000000
130601  -37.120  -16.011  50.612 0.3750000000
124783  -29.320  -13.625  55.397 0.3750000000
51721  -30.629  -13.627  55.575 0.2500000000
122281  -32.865  -13.775  53.991 0.1250000000
51712  -33.840  -13.238  52.746 0.2500000000
52639  -34.807  -13.001  51.921 0.2500000000
48049  -36.385  -15.904  50.960 0.3750000000
48056  -37.087  -16.707  50.534 0.3750000000
52638  -30.754  -13.211  54.964 0.2500000000
52654  -31.170  -12.842  54.404 0.2500000000
52622  -32.506  -13.393  53.725 0.2500000000
53498  -33.805  -12.555  52.621 0.1250000000
54370  -34.583  -12.274  52.032 0.1250000000
53520  -31.406  -11.926  53.746 0.2500000000
129572  -32.096  -11.591  53.445 0.2500000000
54368  -32.916  -11.471  53.051 0.2500000000
128781  -34.395  -11.109  52.229 0.2500000000
55249  -35.014  -11.291  51.886 0.2500000000
55255  -32.030  -10.304  53.374 0.2500000000
55256  -32.862  -9.979  53.035 0.2500000000
56115  -34.110  -10.086  52.372 0.2500000000
56125  -34.165  -9.164  51.997 0.2500000000
109511  -32.954  -8.264  52.560 0.2500000000
58063  -33.027  -7.193  52.140 0.2500000000
58068  -32.621  -6.269  52.175 0.2500000000
58959  -32.793  -6.148  51.779 0.2500000000
44368  -37.439  -21.379  46.578 0.2500000000
123610  -35.898  -13.811  51.303 0.2500000000
49913  -36.478  -14.677  50.912 0.2500000000
48985  -37.457  -15.640  50.426 0.2500000000
48057  -37.678  -16.459  50.255 0.5000000000
52635  -28.898  -13.103  55.159 0.2500000000
52636  -29.641  -13.179  55.061 0.2500000000
52641  -35.783  -12.936  51.453 0.2500000000
124020  -36.618  -13.770  51.037 0.2500000000
53518  -29.732  -12.080  54.090 0.2500000000
53519  -30.526  -12.091  53.931 0.2500000000
54381  -35.748  -11.593  51.629 0.3750000000
54378  -30.260  -11.466  53.721 0.2500000000
54379  -31.181  -11.127  53.608 0.2500000000
109753  -34.702  -9.545  51.795 0.2500000000
122807  -35.711  -9.731  51.456 0.2500000000
54392  -31.190  -9.983  53.481 0.2500000000
55266  -31.766  -9.436  53.359 0.2500000000
56122  -32.098  -8.481  53.132 0.2500000000
57105  -33.506  -7.573  51.715 0.2500000000
117623  -34.054  -7.811  51.077 0.2500000000
57107  -34.669  -8.658  51.156 0.2500000000
113234  -31.363  -7.966  53.273 0.2500000000
57097  -31.818  -7.290  53.014 0.2500000000
58062  -32.286  -6.610  52.590 0.2500000000
58073  -33.249  -6.865  51.497 0.2500000000
58076  -33.285  -6.849  51.130 0.2500000000
58078  -33.535  -7.429  50.245 0.2500000000
44387  -38.056  -21.576  45.916 0.2500000000
114077  -38.372  -21.276  46.772 0.2500000000
131346  -31.001  -7.157  53.223 0.2500000000
59872  -32.029  -5.011  52.166 0.2500000000
59884  -32.048  -5.096  51.426 0.2500000000
58983  -32.071  -5.402  50.636 0.2500000000
58999  -32.121  -5.891  49.929 0.2500000000
44386  -37.196  -21.666  45.775 0.2500000000
59883  -31.608  -4.705  51.705 0.2500000000
58998  -31.552  -5.144  49.834 0.2500000000
118667  -30.656  -4.371  50.000 0.2500000000
59904  -30.610  -4.554  49.153 0.1250000000
50827  -36.955  -14.291  50.823 0.2500000000
48058  -38.248  -16.555  49.923 0.5000000000
122933  -26.857  -13.778  55.451 0.2500000000
132043  -36.052  -12.494  51.445 0.3750000000
51736  -36.978  -13.229  51.062 0.3750000000
48069  -38.127  -17.134  50.045 0.5000000000
52649  -27.752  -12.655  54.874 0.2500000000
52634  -28.141  -13.139  55.263 0.2500000000
54382  -36.543  -11.531  51.527 0.3750000000
52655  -36.508  -12.783  51.295 0.3750000000
53516  -28.217  -12.025  54.343 0.2500000000
53531  -29.560  -11.209  53.639 0.2500000000
56144  -35.696  -9.284  50.874 0.2500000000
122987  -29.141  -10.531  53.114 0.2500000000
125148  -30.513  -9.576  53.333 0.2500000000
57115  -34.575  -8.474  50.650 0.2500000000
55264  -29.952  -9.122  53.033 0.2500000000
56121  -30.738  -8.078  53.282 0.2500000000
59000  -32.789  -6.777  49.924 0.2500000000
57096  -30.123  -7.008  53.190 0.2500000000
58944  -31.354  -5.505  53.138 0.2500000000
59871  -31.318  -4.694  52.506 0.2500000000
113498  -31.566  -5.617  49.270 0.2500000000
58080  -32.038  -6.353  49.291 0.1250000000
119872  -32.540  -7.149  49.103 0.2500000000
58956  -31.191  -5.000  53.152 0.2500000000
59893  -30.646  -4.272  50.842 0.2500000000
59911  -30.880  -4.796  48.967 0.1250000000
127953  -31.206  -5.512  48.743 0.1250000000
59013  -31.509  -6.091  48.680 0.1250000000
59892  -29.949  -4.129  50.529 0.1250000000
59903  -29.816  -4.286  49.495 0.1250000000
59910  -30.509  -4.836  48.341 0.1250000000
124338  -7.708  -17.922  39.126 0.1250000000
48041  -23.680  -16.534  54.733 0.5000000000
49882  -25.806  -15.143  55.152 0.5000000000
50838  -38.323  -14.556  50.263 0.3750000000
48987  -38.360  -15.855  49.910 0.3750000000
51717  -26.161  -13.929  55.357 0.3750000000
51744  -37.836  -13.082  50.817 0.3750000000
121485  -37.377  -13.765  50.786 0.3750000000
51734  -27.343  -13.320  55.337 0.2500000000
131027  -37.312  -11.041  51.528 0.3750000000
52656  -37.372  -12.542  51.131 0.3750000000
52648  -26.947  -12.675  54.842 0.2500000000
56149  -36.025  -9.414  50.479 0.2500000000
56153  -34.742  -8.644  49.705 0.2500000000
57117  -33.327  -7.610  49.463 0.1250000000
115792  -38.740  -21.646  45.293 0.2500000000
56134  -29.416  -8.611  52.621 0.2500000000
58085  -31.001  -6.384  47.393 0.1250000000
113657  -31.917  -6.749  48.708 0.1250000000
58059  -29.863  -5.932  53.497 0.2500000000
112743  -30.428  -4.399  52.406 0.2500000000
59024  -30.634  -5.362  47.691 0.1250000000
59025  -31.042  -5.835  48.028 0.1250000000
59870  -29.941  -4.554  53.028 0.2500000000
110179  -29.209  -4.135  51.232 0.1250000000
59902  -28.659  -4.446  49.371 0.1250000000
111307  -30.096  -4.488  48.700 0.1250000000
59918  -30.210  -4.994  47.274 0.1250000000
111037  -29.279  -4.508  48.626 0.1250000000
48169  -7.363  -17.296  38.894 0.1250000000
115885  -7.594  -18.070  38.457 0.1250000000
48181  -7.441  -17.541  38.160 0.1250000000
48953  -24.210  -15.808  54.981 0.3750000000
50839  -38.797  -14.632  50.030 0.3750000000
48997  -38.941  -15.759  49.691 0.5000000000
48059  -38.779  -16.526  49.656 0.6250000000
50802  -25.357  -14.607  55.305 0.3750000000
51745  -38.253  -13.745  50.520 0.3750000000
51746  -38.834  -14.075  50.242 0.3750000000
53541  -38.786  -11.721  51.183 0.3750000000
52647  -26.109  -12.676  54.659 0.2500000000
54412  -37.553  -10.367  50.950 0.2500000000
53539  -27.648  -11.130  52.741 0.2500000000
56158  -35.362  -8.991  49.252 0.2500000000
118382  -40.162  -21.214  46.351 0.3750000000
54400  -28.727  -9.996  52.380 0.2500000000
56157  -34.614  -8.642  49.116 0.2500000000
119582  -38.640  -21.794  44.533 0.2500000000
44388  -39.503  -21.459  45.719 0.2500000000
58058  -28.913  -5.782  53.661 0.1250000000
57104  -29.389  -7.639  52.780 0.2500000000
58086  -31.261  -7.062  47.123 0.1250000000
56164  -32.862  -8.140  47.902 0.1250000000
58942  -29.498  -5.187  53.657 0.1250000000
58941  -28.543  -5.093  53.888 0.1250000000
59880  -28.579  -4.167  51.819 0.1250000000
110407  -28.979  -4.201  50.260 0.1250000000
59917  -29.629  -4.758  47.245 0.1250000000
59037  -30.452  -5.535  46.851 0.1250000000
59900  -27.087  -4.663  49.842 0.1250000000
59901  -27.698  -4.732  49.257 0.1250000000
59010  -28.260  -4.765  48.562 0.1250000000
110433  -28.880  -4.759  47.716 0.1250000000
132230  -29.280  -4.849  46.163 0.1250000000
59940  -30.090  -5.257  46.041 0.1250000000
131857  -26.944  -4.941  49.158 0.1250000000
58997  -27.324  -5.033  48.554 0.1250000000
59022  -27.790  -5.046  47.816 0.1250000000
59023  -29.088  -4.818  46.810 0.1250000000
127211  -26.451  -5.200  48.632 0.1250000000
59021  -26.861  -5.305  47.879 0.1250000000
131128  -26.489  -5.447  47.227 0.1250000000
112480  -27.285  -5.278  47.122 0.1250000000
59034  -26.709  -5.446  46.376 0.1250000000
59052  -27.385  -5.296  45.618 0.1250000000
49086  -7.335  -16.234  40.340 0.3750000000
50023  -7.456  -15.715  40.503 0.2500000000
50032  -7.283  -15.801  39.531 0.1250000000
48168  -7.204  -16.496  39.446 0.1250000000
49005  -39.673  -15.566  49.428 0.3750000000
49006  -39.931  -16.434  49.090 0.5000000000
48070  -39.692  -16.971  49.198 0.6250000000
47202  -40.382  -17.755  48.972 0.6250000000
48952  -22.756  -16.563  54.959 0.3750000000
49935  -39.144  -15.017  49.792 0.3750000000
48998  -39.340  -16.399  49.415 0.6250000000
50801  -24.594  -14.345  55.157 0.3750000000
50847  -39.358  -13.776  50.237 0.3750000000
52646  -25.224  -12.708  54.410 0.2500000000
52694  -39.603  -12.115  50.593 0.3750000000
52673  -26.382  -11.770  53.116 0.2500000000
52663  -26.599  -12.104  54.115 0.2500000000
53550  -38.651  -11.169  51.099 0.3750000000
54398  -27.196  -10.851  51.732 0.2500000000
54399  -28.027  -10.400  52.062 0.2500000000
55300  -36.735  -9.578  49.308 0.2500000000
44390  -41.307  -21.269  45.212 0.3750000000
57103  -27.903  -7.239  52.561 0.1250000000
133146  -28.228  -7.799  52.115 0.1250000000
55272  -28.200  -9.512  51.725 0.2500000000
128231  -35.018  -8.950  48.653 0.2500000000
130279  -40.191  -21.596  44.142 0.2500000000
44404  -40.601  -21.479  44.597 0.5000000000
46361  -43.086  -18.960  42.210 0.5000000000
58067  -28.387  -6.527  53.292 0.1250000000
126587  -28.663  -7.310  52.649 0.1250000000
56133  -28.774  -8.166  52.286 0.2500000000
57125  -33.684  -8.515  48.235 0.1250000000
47287  -43.240  -18.271  41.759 0.6250000000
59857  -27.965  -4.706  53.616 0.1250000000
56172  -32.540  -8.420  46.980 0.1250000000
46372  -41.847  -18.397  41.627 0.5000000000
47286  -42.533  -18.118  41.504 0.5000000000
47300  -43.802  -17.600  41.357 0.6250000000
48166  -44.295  -17.007  40.950 0.6250000000
59879  -27.662  -4.215  51.791 0.1250000000
59891  -27.339  -4.380  50.718 0.1250000000
113139  -30.733  -6.492  46.628 0.1250000000
47298  -42.217  -17.500  41.147 0.5000000000
113332  -43.595  -17.121  40.730 0.6250000000
59890  -26.446  -4.609  50.432 0.1250000000
59055  -30.255  -5.653  46.101 0.1250000000
47299  -43.056  -17.641  41.158 0.6250000000
48165  -42.948  -17.131  40.701 0.6250000000
58996  -26.202  -4.953  49.517 0.1250000000
59036  -28.595  -4.917  46.267 0.1250000000
48175  -43.364  -16.762  40.093 0.6250000000
116819  -25.851  -5.469  47.867 0.1250000000
111202  -25.787  -5.541  46.863 0.1250000000
48174  -42.493  -16.765  40.296 0.6250000000
109817  -27.254  -5.325  44.800 0.1250000000
48187  -42.113  -16.354  39.511 0.6250000000
110183  -25.827  -5.541  45.970 0.1250000000
59051  -26.537  -5.473  45.419 0.1250000000
110020  -26.282  -5.489  44.499 0.1250000000
50931  -7.450  -15.269  39.931 0.1250000000
48081  -40.248  -17.225  48.896 0.5000000000
50799  -22.773  -14.669  54.733 0.3750000000
50783  -23.433  -14.838  54.806 0.3750000000
48091  -40.805  -17.792  48.737 0.5000000000
51730  -23.556  -13.962  54.886 0.3750000000
51715  -24.297  -13.902  55.081 0.3750000000
49940  -39.792  -14.615  49.698 0.3750000000
52671  -24.621  -12.225  52.090 0.3750000000
52661  -24.890  -12.386  53.355 0.3750000000
52684  -39.830  -12.715  50.582 0.3750000000
45339  -43.405  -20.307  45.768 0.6250000000
120275  -26.325  -11.446  51.909 0.2500000000
53570  -38.951  -11.457  49.938 0.3750000000
45352  -42.808  -20.741  44.449 0.5000000000
45365  -43.118  -20.333  43.783 0.5000000000
127844  -26.550  -10.964  51.150 0.2500000000
54411  -27.551  -9.928  51.305 0.2500000000
54432  -37.947  -10.307  49.167 0.3750000000
44405  -42.111  -21.084  44.896 0.5000000000
45351  -42.050  -21.011  44.142 0.5000000000
45364  -42.340  -20.624  43.477 0.3750000000
46349  -43.410  -19.353  42.752 0.5000000000
56132  -27.596  -7.857  51.839 0.1250000000
55283  -27.642  -9.165  51.324 0.2500000000
55307  -36.584  -9.610  48.533 0.1250000000
57094  -27.573  -6.658  53.382 0.1250000000
56166  -34.948  -9.179  48.015 0.1250000000
58940  -27.702  -5.077  54.255 0.1250000000
56165  -34.190  -9.039  47.776 0.1250000000
59867  -26.707  -4.316  52.919 0.1250000000
59878  -26.698  -4.351  51.355 0.1250000000
48176  -44.133  -16.688  40.169 0.5000000000
49098  -43.052  -16.434  39.406 0.6250000000
49099  -43.920  -16.447  39.450 0.6250000000
59948  -29.509  -5.123  45.005 0.1250000000
109556  -28.188  -5.100  44.237 0.1250000000
48186  -41.051  -16.288  39.757 0.1250000000
110184  -25.228  -5.531  45.540 0.1250000000
110182  -25.197  -5.531  44.712 0.1250000000
59080  -26.402  -5.451  43.555 0.1250000000
110181  -24.813  -5.530  43.941 0.1250000000
113357  -25.814  -5.490  43.119 0.1250000000
49113  -41.700  -16.119  38.725 0.1250000000
49015  -40.588  -16.622  48.686 0.3750000000
49862  -21.739  -15.746  55.089 0.3750000000
48950  -21.127  -16.452  55.531 0.3750000000
49954  -41.008  -15.106  48.841 0.3750000000
49014  -40.405  -15.784  48.977 0.3750000000
127818  -22.202  -14.598  54.778 0.3750000000
50856  -41.008  -14.303  49.232 0.3750000000
50855  -40.465  -14.089  49.726 0.3750000000
52660  -23.970  -12.572  53.033 0.3750000000
109846  -22.906  -13.730  54.459 0.3750000000
51783  -40.614  -13.224  49.648 0.2500000000
52695  -40.118  -12.638  50.015 0.3750000000
126816  -24.097  -12.328  51.303 0.3750000000
53576  -39.551  -11.827  48.496 0.2500000000
54439  -38.488  -10.783  48.662 0.3750000000
45353  -43.568  -20.230  44.440 0.6250000000
53562  -26.133  -10.681  50.634 0.2500000000
46327  -44.238  -19.664  44.558 0.5000000000
46326  -43.747  -19.727  43.621 0.6250000000
45380  -42.952  -20.026  43.064 0.5000000000
55282  -26.920  -9.284  50.878 0.1250000000
46338  -44.544  -19.123  43.896 0.6250000000
57093  -26.694  -6.888  53.558 0.1250000000
57102  -27.020  -7.413  52.419 0.1250000000
47288  -44.123  -18.041  41.942 0.6250000000
58929  -26.999  -5.196  54.596 0.1250000000
58056  -27.117  -6.165  54.237 0.1250000000
48157  -44.465  -17.382  41.656 0.5000000000
112649  -27.201  -4.497  53.558 0.1250000000
49100  -44.760  -16.230  39.593 0.5000000000
49115  -43.747  -16.157  38.692 0.5000000000
118624  -27.058  -5.319  43.230 0.1250000000
59081  -27.912  -5.154  43.224 0.1250000000
59098  -26.499  -5.383  42.693 0.1250000000
49114  -42.715  -16.121  38.492 0.5000000000
50051  -43.675  -15.762  37.907 0.6250000000
49128  -42.070  -15.968  37.907 0.1250000000
128555  -43.680  -15.375  37.200 0.2500000000
49127  -41.332  -15.959  37.938 0.1250000000
49024  -41.397  -16.905  48.211 0.3750000000
50824  -22.126  -14.227  54.676 0.3750000000
50781  -21.742  -15.118  54.942 0.3750000000
121447  -41.265  -13.968  49.064 0.2500000000
51754  -22.330  -13.000  52.341 0.2500000000
51729  -22.016  -13.783  54.234 0.3750000000
51787  -40.745  -13.092  48.656 0.2500000000
52682  -23.439  -12.524  51.121 0.2500000000
52669  -22.925  -12.741  51.775 0.2500000000
114558  -24.101  -9.855  49.892 0.2500000000
53547  -24.718  -11.986  50.921 0.2500000000
46314  -44.473  -19.451  45.404 0.6250000000
56147  -26.058  -8.982  50.577 0.1250000000
46339  -45.203  -18.522  44.127 0.3750000000
56131  -26.302  -7.910  51.784 0.1250000000
112265  -44.843  -14.393  37.226 0.6250000000
50969  -44.097  -14.829  36.862 0.5000000000
50050  -42.845  -15.718  37.336 0.2500000000
50065  -41.873  -15.798  37.169 0.1250000000
50836  -20.713  -13.896  53.651 0.3750000000
111931  -21.174  -14.223  54.488 0.3750000000
49861  -20.799  -15.345  55.236 0.5000000000
50859  -41.523  -14.527  48.603 0.2500000000
49955  -41.108  -15.987  48.504 0.3750000000
132168  -42.018  -16.884  47.786 0.2500000000
51753  -21.617  -13.330  52.715 0.2500000000
49964  -42.045  -15.123  47.990 0.2500000000
49965  -42.656  -15.765  47.411 0.1250000000
52780  -45.130  -12.489  36.600 0.5000000000
51895  -45.233  -13.420  36.996 0.5000000000
124299  -44.391  -11.756  35.818 0.3750000000
50982  -43.780  -14.534  36.242 0.3750000000
50983  -44.469  -14.071  36.588 0.6250000000
51914  -43.994  -13.220  35.558 0.2500000000
50994  -43.555  -14.135  35.592 0.3750000000
50981  -43.055  -14.910  35.874 0.2500000000
49880  -19.392  -15.378  55.619 0.5000000000
49881  -20.081  -15.415  55.474 0.5000000000
50796  -19.922  -14.925  55.126 0.5000000000
50797  -20.670  -14.869  55.071 0.5000000000
50864  -41.949  -14.576  48.051 0.2500000000
49972  -42.508  -15.091  47.513 0.2500000000
50863  -41.517  -14.049  48.587 0.2500000000
55408  -43.569  -9.404  35.896 0.3750000000
53656  -44.528  -11.112  35.999 0.3750000000
52787  -44.527  -12.448  35.983 0.3750000000
53655  -43.866  -11.371  35.469 0.3750000000
118336  -42.382  -10.062  35.379 0.3750000000
53665  -43.246  -11.222  35.055 0.3750000000
52786  -43.956  -12.267  35.408 0.3750000000
52792  -43.267  -12.051  34.847 0.2500000000
51919  -43.524  -12.829  35.002 0.2500000000
51809  -45.313  -13.782  44.935 0.2500000000
51794  -41.463  -13.746  47.515 0.2500000000
53553  -8.241  -11.568  51.076 0.2500000000
55416  -41.973  -9.635  35.827 0.3750000000
54526  -43.532  -10.663  35.433 0.3750000000
56281  -41.848  -8.944  36.390 0.3750000000
50880  -42.851  -14.749  46.510 0.1250000000
50870  -42.073  -14.276  47.081 0.2500000000
50872  -42.866  -15.098  46.956 0.1250000000
50890  -43.000  -14.415  45.763 0.1250000000
51789  -41.806  -14.181  47.933 0.2500000000
50879  -42.252  -14.276  46.134 0.2500000000
51806  -42.482  -14.071  45.215 0.2500000000
116144  -7.918  -11.029  52.234 0.3750000000
114960  -8.319  -10.560  50.845 0.2500000000
54416  -8.281  -9.494  50.478 0.2500000000
55298  -8.252  -8.916  49.733 0.2500000000
58199  -40.974  -7.216  36.789 0.3750000000
57230  -41.720  -8.232  36.884 0.3750000000
124258  -43.176  -13.683  44.701 0.2500000000
51807  -43.578  -14.037  45.178 0.2500000000
51821  -44.168  -13.284  44.642 0.2500000000
59189  -40.198  -6.420  36.285 0.3750000000
59173  -40.094  -5.586  36.106 0.5000000000
55318  -11.259  -9.059  47.068 0.1250000000
56171  -11.713  -8.874  46.339 0.1250000000
64964  -41.281  1.966  41.528 0.5000000000
64982  -41.439  1.695  40.658 0.5000000000
64200  -39.881  0.140  32.943 0.2500000000
65832  -41.951  2.273  42.166 0.5000000000
65833  -42.894  2.316  42.204 0.5000000000
64965  -42.343  1.846  41.358 0.5000000000
116480  -43.161  1.520  40.832 0.5000000000
63305  -42.239  -0.198  32.486 0.5000000000
120639  -43.083  -0.280  32.652 0.5000000000
63306  -43.614  -0.107  31.913 0.5000000000
132404  -44.797  -0.055  31.002 0.5000000000
63325  -44.010  0.065  31.110 0.3750000000
63341  -45.351  -0.225  30.399 0.5000000000
63342  -46.303  -0.512  30.732 0.6250000000
62500  -46.953  -0.827  30.049 0.6250000000
60924  -47.678  -3.219  26.608 0.5000000000
64999  -42.456  1.226  39.583 0.5000000000
113846  -42.992  1.233  40.106 0.5000000000
112307  -41.890  1.266  39.128 0.5000000000
63327  -45.526  -0.284  31.369 0.6250000000
62519  -47.283  -1.241  29.451 0.6250000000
61725  -49.027  -1.907  27.862 0.5000000000
62531  -49.720  -0.552  28.234 0.2500000000
62536  -49.638  -0.456  27.467 0.5000000000
62535  -49.116  -1.110  26.785 0.3750000000
63362  -49.555  -0.116  26.780 0.3750000000
63365  -49.018  -0.365  26.190 0.3750000000
64984  -43.748  1.102  40.349 0.5000000000
65000  -43.348  0.898  39.443 0.5000000000
65022  -43.097  0.679  37.942 0.5000000000
64151  -42.644  0.441  36.359 0.6250000000
130174  -44.759  -0.355  32.512 0.5000000000
62527  -50.006  -0.642  29.023 0.2500000000
63359  -50.147  0.077  28.103 0.2500000000
110744  -49.883  0.612  26.594 0.2500000000
125750  -50.154  0.450  27.310 0.3750000000
64235  -49.386  0.409  26.141 0.5000000000
64141  -43.636  0.304  37.363 0.5000000000
64152  -43.413  0.180  36.569 0.3750000000
63355  -50.364  -0.136  28.843 0.2500000000
63356  -51.133  0.107  29.290 0.2500000000
63360  -50.717  0.328  28.634 0.2500000000
64228  -52.416  0.715  29.258 0.2500000000
64230  -50.704  0.685  28.053 0.2500000000
120438  -51.236  1.200  28.009 0.1250000000
124888  -52.378  1.188  28.820 0.2500000000
65098  -50.425  1.262  26.570 0.3750000000
64232  -50.815  1.197  27.371 0.2500000000
65088  -51.981  1.537  28.219 0.3750000000
64236  -49.808  1.092  25.996 0.2500000000
65096  -52.165  2.143  27.694 0.2500000000
132764  -52.450  1.943  28.117 0.2500000000
65101  -50.283  1.727  25.720 0.2500000000
65102  -50.837  1.928  26.056 0.2500000000
65907  -51.854  2.473  26.879 0.3750000000
65089  -52.939  1.728  28.504 0.2500000000
65895  -52.876  2.327  27.963 0.2500000000
65912  -51.379  2.462  26.030 0.3750000000
65911  -50.876  2.343  25.247 0.3750000000
65916  -50.610  2.451  24.324 0.2500000000
65896  -53.763  2.329  28.276 0.3750000000
65902  -53.481  2.902  27.676 0.3750000000
65908  -52.467  3.135  26.768 0.2500000000
66708  -53.182  3.389  27.054 0.3750000000
65913  -52.070  3.159  26.066 0.3750000000
127064  -51.183  2.795  24.572 0.2500000000
65922  -51.128  2.883  23.855 0.2500000000
66716  -54.857  3.896  26.930 0.3750000000
66714  -52.827  3.682  26.378 0.3750000000
67560  -53.260  4.219  25.876 0.5000000000
125001  -54.012  4.462  25.951 0.5000000000
130807  -52.099  3.404  25.454 0.3750000000
66724  -52.073  3.708  24.077 0.3750000000
66729  -52.245  3.899  23.567 0.2500000000
67562  -54.636  4.743  25.540 0.5000000000
67561  -53.725  4.629  25.322 0.5000000000
67572  -52.650  4.352  23.268 0.3750000000
113322  -52.664  4.290  22.433 0.5000000000
68376  -53.163  4.853  22.852 0.5000000000
68372  -54.930  5.374  24.228 0.5000000000
68377  -53.812  5.266  23.217 0.5000000000
68384  -53.175  4.816  22.008 0.3750000000
68385  -53.719  5.316  22.423 0.5000000000
119898  -54.437  5.629  22.740 0.5000000000
69282  -55.106  6.009  22.139 0.5000000000
112747  -53.517  5.387  20.873 0.3750000000
69286  -55.297  6.377  21.227 0.3750000000
68392  -53.750  5.795  20.415 0.3750000000
68396  -53.467  5.820  19.709 0.3750000000
126012  -55.860  6.413  21.888 0.5000000000
69285  -54.471  5.929  21.441 0.5000000000
69290  -54.463  6.201  20.728 0.5000000000
69289  -54.186  6.350  20.021 0.6250000000
120850  -55.112  6.669  20.329 0.6250000000
69291  -55.846  6.738  20.781 0.3750000000
69293  -53.852  6.458  19.273 0.2500000000
69297  -54.298  6.908  18.873 0.3750000000
69295  -53.096  6.466  17.564 0.1250000000
70236  -54.432  7.120  18.152 0.3750000000
70231  -55.125  7.213  18.900 0.3750000000
70244  -54.622  7.339  17.261 0.2500000000
71189  -55.830  7.874  16.097 0.1250000000
71195  -56.520  8.157  15.644 0.1250000000
71196  -57.272  8.465  15.321 0.1250000000
72006  -58.613  9.547  15.657 0.2500000000
71202  -57.336  8.518  14.638 0.1250000000
71203  -58.026  8.859  15.029 0.1250000000
126963  -57.902  8.729  14.063 0.1250000000
129183  -54.634  6.827  19.548 0.3750000000
70245  -55.452  7.600  17.322 0.3750000000
71185  -57.060  8.137  17.339 0.3750000000
70251  -55.192  7.617  16.611 0.2500000000
71190  -56.717  8.144  16.461 0.1250000000
71191  -57.749  8.637  16.797 0.2500000000
71197  -57.948  8.844  15.913 0.2500000000
72762  -58.924  10.456  15.841 0.2500000000
123804  -58.663  9.286  14.572 0.2500000000
71186  -57.962  8.751  17.822 0.2500000000
124421  -58.313  9.302  17.433 0.2500000000
71192  -58.397  9.422  16.674 0.2500000000
72003  -58.684  10.246  16.620 0.2500000000
53649  -44.885  -11.702  36.310 0.3750000000
54516  -43.984  -10.120  35.754 0.3750000000
56170  -10.825  -8.652  46.322 0.1250000000
65823  -42.515  2.704  42.851 0.5000000000
65824  -43.482  2.789  42.865 0.5000000000
120935  -44.443  2.675  42.776 0.5000000000
61720  -49.372  -1.146  28.397 0.2500000000
47191  -39.285  -17.146  49.440 0.6250000000
46315  -45.099  -18.815  45.567 0.5000000000
46328  -44.927  -19.044  44.764 0.5000000000
45338  -42.813  -20.760  45.408 0.6250000000
47276  -43.740  -18.664  42.387 0.6250000000
48040  -22.819  -17.190  54.797 0.5000000000
48043  -23.433  -17.179  54.481 0.5000000000
48958  -24.626  -16.278  54.768 0.5000000000
48951  -21.850  -16.672  55.339 0.3750000000
54525  -43.179  -10.032  35.489 0.3750000000
64983  -42.329  1.499  40.376 0.5000000000
65009  -41.663  1.228  38.440 0.6250000000
65010  -42.569  0.960  38.702 0.5000000000
64140  -42.854  0.571  37.145 0.3750000000
69273  -55.266  5.869  23.046 0.5000000000
62542  -48.601  -1.122  26.049 0.3750000000
115881  -52.514  3.780  25.646 0.3750000000
66723  -51.632  3.267  24.336 0.3750000000
67567  -52.612  4.285  24.172 0.5000000000
67569  -54.322  4.980  24.773 0.5000000000
44403  -39.612  -21.630  44.628 0.2500000000
117978  -20.910  -15.863  55.419 0.5000000000
62530  -49.272  -1.255  27.592 0.5000000000
122235  -33.967  -13.663  52.782 0.2500000000
52621  -31.891  -13.954  54.701 0.2500000000
52626  -31.019  -13.538  55.364 0.2500000000
53491  -32.436  -12.797  53.530 0.2500000000
114142  -32.706  -10.883  53.138 0.2500000000
50826  -36.396  -14.147  51.034 0.2500000000
49924  -37.213  -14.934  50.609 0.2500000000
51723  -34.979  -13.376  51.835 0.2500000000
50810  -35.444  -14.098  51.624 0.2500000000
52637  -30.263  -13.253  55.005 0.2500000000
121679  -33.474  -12.886  52.927 0.2500000000
52630  -34.348  -12.928  52.298 0.2500000000
52640  -35.212  -13.009  51.658 0.3750000000
53508  -34.669  -12.686  51.981 0.2500000000
52653  -30.705  -12.671  54.446 0.2500000000
54357  -33.872  -12.164  52.557 0.1250000000
54356  -33.236  -11.904  52.883 0.1250000000
55240  -34.134  -11.858  52.347 0.1250000000
54371  -35.094  -11.749  51.823 0.2500000000
54380  -31.887  -11.174  53.460 0.2500000000
54369  -33.419  -10.492  52.751 0.2500000000
55246  -33.424  -10.992  52.720 0.2500000000
55257  -35.124  -10.018  51.787 0.2500000000
56105  -34.084  -11.533  52.376 0.1250000000
55258  -35.427  -10.516  51.753 0.2500000000
119848  -32.319  -9.489  53.173 0.2500000000
56114  -33.490  -9.315  52.526 0.2500000000
56123  -32.757  -9.135  52.862 0.2500000000
56124  -33.615  -8.165  51.981 0.2500000000
57099  -34.612  -8.732  51.353 0.2500000000
127465  -33.883  -8.261  51.722 0.2500000000
57098  -32.473  -7.496  52.693 0.2500000000
58958  -32.305  -5.560  52.274 0.2500000000
116399  -32.931  -6.392  51.337 0.2500000000
114298  -32.551  -5.761  51.329 0.2500000000
51735  -36.190  -13.333  51.266 0.2500000000
48986  -37.920  -15.931  50.122 0.3750000000
49925  -37.922  -15.220  50.269 0.2500000000
52651  -29.278  -12.640  54.667 0.2500000000
52652  -30.009  -12.683  54.553 0.2500000000
53517  -28.972  -12.014  54.232 0.2500000000
55250  -35.626  -11.058  51.700 0.2500000000
54391  -30.434  -10.593  53.493 0.2500000000
56126  -35.236  -9.302  51.360 0.2500000000
56143  -35.083  -8.982  51.002 0.2500000000
115829  -36.189  -9.625  51.198 0.2500000000
55265  -31.156  -8.898  53.363 0.2500000000
58070  -33.581  -7.470  51.458 0.2500000000
57110  -34.112  -7.941  50.897 0.2500000000
58077  -33.669  -7.374  50.873 0.2500000000
58061  -31.577  -6.310  53.021 0.2500000000
57118  -34.093  -8.171  49.757 0.2500000000
130490  -30.467  -7.582  53.213 0.2500000000
58957  -31.756  -5.190  52.743 0.2500000000
110989  -31.355  -4.662  50.680 0.2500000000
59905  -31.060  -4.704  49.572 0.2500000000
50837  -37.664  -14.424  50.533 0.3750000000
50803  -26.790  -14.262  55.364 0.3750000000
53522  -36.759  -12.097  51.400 0.3750000000
52664  -27.415  -12.070  54.288 0.2500000000
52650  -28.525  -12.624  54.786 0.2500000000
116142  -36.938  -10.491  51.399 0.2500000000
55284  -36.423  -9.669  50.745 0.2500000000
110384  -35.197  -8.929  50.108 0.2500000000
53530  -28.700  -11.370  53.697 0.2500000000
54401  -29.366  -9.572  52.719 0.2500000000
116619  -29.861  -10.112  53.213 0.2500000000
112348  -30.469  -8.764  53.227 0.2500000000
56120  -30.066  -8.116  53.053 0.2500000000
58060  -30.776  -6.122  53.336 0.2500000000
59881  -30.121  -4.187  51.496 0.2500000000
58083  -32.277  -7.400  48.347 0.1250000000
58943  -30.508  -5.265  53.443 0.2500000000
48954  -24.793  -15.706  55.054 0.5000000000
113691  -26.108  -14.519  55.291 0.5000000000
49866  -25.116  -15.247  55.202 0.5000000000
48959  -25.369  -15.896  54.914 0.5000000000
49926  -38.554  -15.178  49.982 0.3750000000
130278  -25.750  -14.264  55.347 0.3750000000
52674  -39.050  -12.400  51.092 0.3750000000
51733  -26.527  -13.304  55.195 0.2500000000
54403  -38.147  -10.766  51.105 0.3750000000
53532  -37.751  -11.733  51.313 0.3750000000
56150  -36.700  -9.797  50.514 0.2500000000
56154  -36.062  -9.316  49.745 0.2500000000
53529  -27.923  -11.509  53.635 0.2500000000
57121  -33.875  -8.286  48.964 0.1250000000
54390  -28.383  -10.814  52.976 0.2500000000
59056  -30.484  -5.947  46.545 0.1250000000
57095  -29.244  -6.654  53.189 0.2500000000
59858  -29.130  -4.653  53.356 0.1250000000
110180  -28.273  -4.220  50.963 0.1250000000
49865  -24.564  -15.337  55.125 0.3750000000
49864  -23.974  -15.205  55.000 0.3750000000
123783  -23.433  -15.871  54.888 0.3750000000
51716  -25.243  -13.951  55.263 0.3750000000
51757  -39.062  -13.414  50.487 0.3750000000
51732  -25.675  -13.307  55.050 0.2500000000
53551  -39.129  -11.642  50.949 0.3750000000
55296  -37.275  -10.015  50.278 0.3750000000
53528  -27.140  -11.639  53.471 0.2500000000
55273  -28.812  -9.065  52.161 0.2500000000
57124  -31.963  -7.612  47.562 0.1250000000
59869  -28.397  -4.296  52.724 0.1250000000
59868  -27.494  -4.319  52.849 0.1250000000
110550  -27.988  -4.426  50.060 0.1250000000
115627  -28.213  -4.996  47.022 0.1250000000
59035  -27.721  -5.183  46.353 0.1250000000
121366  -23.218  -15.360  54.818 0.3750000000
49863  -22.493  -15.905  54.969 0.3750000000
128921  -24.114  -14.654  55.008 0.3750000000
51779  -40.256  -13.333  50.024 0.3750000000
52672  -25.564  -11.955  52.615 0.2500000000
52662  -25.764  -12.201  53.772 0.2500000000
51731  -24.779  -13.359  54.859 0.3750000000
53564  -39.643  -11.846  49.864 0.3750000000
53538  -26.958  -11.397  52.596 0.2500000000
54434  -38.397  -10.929  50.179 0.3750000000
54427  -38.082  -10.700  50.579 0.3750000000
55306  -35.721  -9.313  48.378 0.1250000000
55301  -37.370  -9.913  49.613 0.3750000000
110753  -41.388  -21.285  44.366 0.3750000000
58057  -27.923  -5.732  53.908 0.1250000000
126118  -33.463  -8.770  47.458 0.1250000000
126924  -26.941  -4.256  52.184 0.1250000000
59066  -28.717  -4.944  44.961 0.1250000000
50800  -23.708  -14.329  54.899 0.3750000000
118444  -23.895  -13.516  54.604 0.3750000000
50825  -22.901  -14.267  54.798 0.3750000000
52670  -23.681  -12.523  52.006 0.3750000000
51743  -24.341  -12.887  54.080 0.3750000000
53548  -25.466  -11.749  51.460 0.2500000000
53575  -39.051  -11.322  49.041 0.3750000000
54410  -26.824  -10.280  50.912 0.2500000000
54426  -26.222  -9.833  50.485 0.1250000000
56141  -27.302  -8.536  51.340 0.2500000000
57109  -26.934  -7.969  51.606 0.1250000000
58052  -27.237  -5.524  54.391 0.1250000000
50798  -21.452  -14.720  54.897 0.3750000000
51784  -41.040  -13.515  49.094 0.2500000000
51742  -23.421  -13.106  53.775 0.3750000000
51755  -23.102  -12.835  52.742 0.3750000000
54425  -25.550  -10.270  50.247 0.1250000000
53561  -25.370  -11.237  50.505 0.1250000000
56140  -26.535  -8.415  51.094 0.1250000000
59856  -26.511  -4.511  53.835 0.1250000000
49956  -41.907  -16.110  47.930 0.3750000000
51740  -21.481  -13.640  53.640 0.3750000000
51788  -41.271  -13.656  48.356 0.2500000000
128313  -22.304  -12.845  51.555 0.2500000000
51741  -22.395  -13.296  53.462 0.2500000000
52693  -23.949  -12.161  50.553 0.2500000000
54424  -24.756  -10.571  49.968 0.1250000000
53560  -24.434  -11.498  50.139 0.2500000000
55294  -25.612  -9.529  50.326 0.1250000000
56130  -25.592  -7.931  52.128 0.1250000000
50066  -43.343  -15.201  36.612 0.2500000000
123550  -20.411  -14.569  54.725 0.5000000000
118751  -20.991  -13.617  52.983 0.3750000000
50835  -19.982  -14.143  53.564 0.3750000000
51904  -44.591  -13.257  36.293 0.5000000000
51903  -44.122  -13.877  36.011 0.3750000000
54535  -42.704  -10.698  35.047 0.2500000000
54415  -8.210  -9.868  51.179 0.2500000000
129550  -43.770  2.318  42.355 0.5000000000
124716  -43.465  1.873  41.702 0.5000000000
64227  -51.512  0.778  28.780 0.2500000000
65099  -51.115  1.853  26.726 0.3750000000
65095  -51.470  1.729  27.496 0.2500000000
65901  -52.632  2.767  27.363 0.3750000000
66709  -54.129  3.445  27.301 0.3750000000
66715  -53.835  3.986  26.576 0.3750000000
67554  -54.776  4.366  26.260 0.3750000000
66728  -51.702  3.386  23.460 0.2500000000
68386  -54.269  5.696  22.065 0.5000000000
68389  -53.701  5.433  21.571 0.3750000000
124963  -53.954  5.777  20.995 0.5000000000
68395  -52.847  5.244  19.339 0.3750000000
68402  -53.195  5.959  18.913 0.3750000000
125868  -52.952  6.087  18.194 0.2500000000
69296  -53.635  6.600  18.369 0.3750000000
126445  -55.402  7.008  19.676 0.3750000000
126008  -53.945  7.117  16.835 0.2500000000
109606  -55.261  7.443  18.007 0.3750000000
71200  -55.677  7.949  14.398 0.1250000000
116778  -57.230  8.412  16.018 0.1250000000
71201  -56.524  8.210  14.762 0.1250000000
115403  -58.266  8.744  13.166 0.1250000000
71184  -56.043  7.863  16.936 0.1250000000
72761  -58.747  10.829  16.554 0.2500000000
48053  -25.529  -17.186  53.531 0.2500000000
48044  -24.200  -16.915  54.471 0.3750000000
48045  -25.027  -16.674  54.495 0.3750000000
125717  -25.754  -16.669  54.130 0.3750000000
48979  -26.679  -16.436  53.924 0.3750000000
48989  -26.948  -16.699  53.167 0.2500000000
55348  -46.414  -10.036  43.370 0.1250000000
49840  -14.731  -15.627  57.107 0.2500000000
54474  -46.456  -10.829  43.495 0.1250000000
48930  -12.261  -16.524  58.742 0.2500000000
52742  -46.462  -12.182  43.767 0.1250000000
129452  -12.176  -16.087  57.340 0.2500000000
48969  -25.708  -16.194  54.574 0.3750000000
48048  -26.354  -16.058  54.458 0.3750000000
48980  -27.504  -16.281  53.678 0.2500000000
48981  -28.302  -16.118  53.309 0.2500000000
50795  -19.116  -14.893  55.043 0.2500000000
48991  -28.430  -16.209  52.242 0.2500000000
49879  -18.625  -15.286  55.642 0.2500000000
50821  -18.728  -14.632  54.066 0.2500000000
50822  -19.706  -14.519  54.370 0.2500000000
56197  -45.730  -9.122  43.956 0.1250000000
49878  -17.803  -15.238  55.598 0.2500000000
50794  -18.250  -14.928  54.918 0.2500000000
119827  -19.328  -14.372  53.569 0.2500000000
50846  -19.463  -14.124  52.752 0.2500000000
109897  -19.944  -13.734  52.007 0.2500000000
56206  -46.090  -9.214  43.462 0.1250000000
129554  -45.461  -8.411  44.056 0.1250000000
56213  -46.135  -8.526  42.979 0.1250000000
50771  -9.148  -15.028  57.412 0.3750000000
50772  -9.449  -14.902  57.104 0.3750000000
50820  -17.800  -14.830  54.030 0.2500000000
121050  -18.151  -14.651  53.271 0.2500000000
50834  -18.781  -14.449  53.117 0.2500000000
51751  -19.264  -13.995  51.928 0.2500000000
49851  -10.103  -15.374  56.871 0.2500000000
49852  -10.729  -15.652  56.504 0.2500000000
128829  -15.486  -15.386  55.692 0.2500000000
49901  -16.624  -15.182  54.780 0.2500000000
50833  -17.384  -14.830  53.166 0.2500000000
50844  -17.859  -14.562  52.481 0.2500000000
125241  -18.361  -14.502  52.792 0.2500000000
51765  -19.514  -13.654  51.290 0.2500000000
55339  -46.017  -9.846  43.924 0.1250000000
54475  -46.677  -10.679  43.025 0.1250000000
55355  -46.664  -9.880  42.571 0.1250000000
115629  -46.401  -9.280  42.953 0.1250000000
121278  -12.122  -15.925  55.966 0.2500000000
49855  -14.649  -15.540  56.206 0.2500000000
121073  -15.936  -15.308  54.927 0.2500000000
50819  -16.934  -15.048  53.930 0.2500000000
50852  -18.052  -14.235  51.779 0.2500000000
53608  -46.348  -11.343  43.809 0.1250000000
54492  -46.893  -10.274  41.911 0.1250000000
49853  -11.600  -15.962  56.593 0.2500000000
49854  -13.070  -15.883  56.299 0.2500000000
114777  -13.946  -15.726  56.681 0.2500000000
49900  -15.175  -15.469  54.571 0.2500000000
50818  -15.928  -15.291  53.924 0.2500000000
50832  -16.448  -15.017  52.871 0.2500000000
50851  -17.257  -14.388  51.691 0.2500000000
51764  -18.687  -13.894  51.383 0.2500000000
49897  -12.252  -15.505  54.588 0.2500000000
49875  -12.725  -15.872  55.367 0.2500000000
49898  -13.350  -15.734  54.598 0.2500000000
49899  -14.253  -15.591  54.127 0.2500000000
49915  -14.897  -15.418  53.562 0.2500000000
50831  -15.396  -15.165  52.826 0.2500000000
50843  -16.589  -14.728  52.010 0.2500000000
118123  -17.802  -13.859  51.126 0.2500000000
50830  -14.468  -15.092  52.717 0.2500000000
50842  -15.728  -14.714  51.922 0.2500000000
51763  -16.961  -13.756  50.972 0.2500000000
48971  -28.097  -15.782  54.172 0.2500000000
49916  -28.909  -15.660  53.813 0.2500000000
52618  -9.177  -12.330  57.166 0.2500000000
52614  -8.887  -13.164  57.255 0.3750000000
113759  -9.091  -13.088  57.103 0.2500000000
51702  -9.198  -13.679  56.929 0.2500000000
48982  -29.100  -15.872  52.915 0.2500000000
117263  -8.413  -13.262  57.426 0.3750000000
51698  -8.704  -14.009  57.341 0.3750000000
51701  -9.033  -13.978  57.167 0.3750000000
51752  -20.309  -13.795  52.840 0.2500000000
51768  -21.685  -13.083  51.780 0.1250000000
50791  -9.740  -14.186  55.875 0.2500000000
121895  -20.846  -13.435  52.079 0.2500000000
51767  -21.115  -13.100  51.083 0.1250000000
50779  -9.511  -14.470  56.582 0.2500000000
50780  -10.061  -15.114  56.057 0.2500000000
51766  -20.300  -13.410  51.199 0.2500000000
51778  -21.366  -12.647  50.330 0.1250000000
56184  -44.901  -8.377  44.531 0.1250000000
49874  -11.046  -15.607  55.692 0.2500000000
51777  -20.547  -12.910  50.458 0.1250000000
128245  -11.862  -15.697  55.234 0.2500000000
51776  -19.739  -13.158  50.588 0.2500000000
55338  -45.554  -9.666  44.225 0.1250000000
52688  -18.964  -12.576  50.252 0.2500000000
52689  -19.911  -12.377  50.027 0.2500000000
53600  -46.070  -11.134  44.132 0.1250000000
50816  -13.385  -15.343  53.585 0.2500000000
50817  -14.094  -15.376  53.289 0.2500000000
53557  -19.338  -11.538  49.999 0.2500000000
50841  -14.162  -14.361  52.146 0.2500000000
109827  -14.896  -14.766  52.164 0.2500000000
51774  -17.491  -13.179  50.610 0.2500000000
51775  -18.337  -13.314  50.644 0.2500000000
53556  -18.474  -11.542  50.252 0.2500000000
48970  -27.235  -15.830  54.432 0.3750000000
53487  -9.753  -11.552  57.188 0.2500000000
53488  -10.372  -11.489  56.989 0.2500000000
49917  -29.615  -15.586  53.434 0.2500000000
52617  -8.542  -12.370  57.362 0.3750000000
52619  -9.464  -12.378  56.836 0.2500000000
49929  -30.813  -15.200  52.852 0.3750000000
130604  -45.578  -7.705  43.607 0.1250000000
120822  -44.448  -7.036  44.789 0.1250000000
52632  -9.863  -12.770  55.811 0.2500000000
57142  -44.658  -7.696  44.651 0.1250000000
51697  -8.023  -13.891  57.527 0.3750000000
51708  -9.523  -13.243  56.276 0.2500000000
52633  -10.341  -12.571  55.411 0.2500000000
51714  -9.958  -13.428  55.509 0.2500000000
51727  -10.577  -13.403  54.857 0.2500000000
50792  -10.392  -14.528  55.219 0.2500000000
52690  -20.755  -12.272  49.877 0.1250000000
56196  -45.228  -9.071  44.385 0.1250000000
50815  -11.817  -14.620  54.015 0.2500000000
54420  -20.747  -10.726  49.762 0.1250000000
51738  -12.034  -13.487  53.573 0.2500000000
115478  -12.646  -15.246  53.928 0.2500000000
49971  -31.642  -15.004  47.411 0.3750000000
53599  -45.654  -11.482  44.364 0.1250000000
132956  -13.015  -14.101  52.776 0.2500000000
54419  -19.733  -10.624  50.113 0.1250000000
128224  -15.654  -13.964  51.359 0.2500000000
51762  -16.123  -13.345  50.958 0.2500000000
51773  -16.798  -13.052  50.661 0.2500000000
54418  -18.942  -10.879  50.290 0.2500000000
52687  -17.970  -12.410  50.353 0.2500000000
48960  -26.088  -15.630  54.831 0.3750000000
48961  -26.711  -15.505  54.739 0.3750000000
54337  -11.413  -10.451  57.490 0.1250000000
54338  -12.302  -10.342  57.707 0.1250000000
111548  -10.451  -10.784  57.357 0.1250000000
117575  -11.092  -11.014  57.234 0.1250000000
53489  -11.863  -10.941  57.342 0.1250000000
49904  -28.695  -15.292  54.626 0.2500000000
49918  -30.375  -15.311  53.487 0.2500000000
53486  -9.120  -11.533  57.298 0.3750000000
53492  -11.194  -11.389  56.672 0.2500000000
53493  -12.246  -11.334  56.810 0.1250000000
49906  -30.760  -14.988  54.340 0.2500000000
52625  -10.079  -12.049  56.217 0.2500000000
53502  -10.953  -11.818  55.602 0.2500000000
49930  -31.563  -14.919  52.548 0.3750000000
49919  -31.395  -14.939  53.464 0.3750000000
113345  -7.876  -12.020  57.452 0.3750000000
52680  -21.909  -12.808  50.944 0.1250000000
52681  -22.688  -12.666  50.943 0.1250000000
131807  -32.897  -14.665  52.569 0.3750000000
49920  -32.234  -14.697  52.940 0.3750000000
110807  -32.255  -14.527  53.789 0.3750000000
130398  -44.133  -7.589  45.100 0.1250000000
58108  -45.376  -7.010  43.718 0.1250000000
52644  -11.012  -12.388  54.761 0.2500000000
52698  -21.524  -12.071  49.755 0.1250000000
52691  -22.276  -12.403  50.169 0.1250000000
125668  -33.064  -14.712  52.515 0.3750000000
49909  -32.979  -14.536  53.542 0.3750000000
52658  -12.437  -12.498  53.472 0.2500000000
52645  -11.772  -12.435  54.121 0.2500000000
53567  -22.211  -11.647  49.633 0.1250000000
49922  -33.752  -14.772  52.451 0.3750000000
54431  -21.496  -11.204  49.565 0.1250000000
56183  -44.144  -8.261  45.035 0.1250000000
50829  -12.658  -14.486  53.271 0.2500000000
55289  -21.069  -10.036  49.997 0.1250000000
49040  -32.418  -15.569  47.084 0.2500000000
49032  -33.099  -16.020  48.297 0.3750000000
56194  -43.719  -8.927  45.034 0.1250000000
51748  -13.400  -13.609  52.414 0.2500000000
51749  -14.152  -13.385  51.873 0.2500000000
52677  -14.992  -12.436  51.469 0.2500000000
120808  -20.445  -10.035  50.341 0.1250000000
49982  -31.931  -15.269  46.442 0.2500000000
49041  -33.052  -16.122  47.425 0.3750000000
54473  -43.832  -10.842  44.093 0.1250000000
51750  -14.891  -14.015  51.629 0.2500000000
52678  -15.658  -12.428  51.093 0.2500000000
49050  -32.670  -16.012  45.874 0.2500000000
48106  -33.645  -16.688  47.771 0.2500000000
48116  -34.017  -17.468  47.404 0.3750000000
53555  -17.530  -11.387  50.586 0.2500000000
54409  -19.794  -9.939  50.915 0.1250000000
49051  -32.987  -16.189  46.629 0.2500000000
122662  -33.686  -17.544  46.222 0.2500000000
47233  -34.309  -18.223  47.138 0.2500000000
46289  -35.511  -19.756  47.668 0.3750000000
51836  -43.222  -13.057  44.142 0.1250000000
53607  -43.285  -11.543  43.682 0.1250000000
48129  -33.517  -17.648  45.577 0.2500000000
46288  -34.990  -19.400  47.315 0.3750000000
130373  -42.423  -13.255  43.949 0.1250000000
54471  -41.996  -10.994  43.026 0.1250000000
44353  -36.851  -21.042  47.147 0.2500000000
51820  -42.383  -13.632  44.423 0.1250000000
53616  -40.160  -11.720  42.303 0.1250000000
51799  -41.577  -13.839  46.564 0.1250000000
51834  -40.754  -13.362  43.666 0.1250000000
54481  -39.561  -11.020  41.951 0.1250000000
57173  -37.915  -8.151  41.923 0.1250000000
124549  -37.295  -10.787  41.395 0.1250000000
52748  -38.620  -12.464  42.528 0.1250000000
123930  -38.752  -11.638  41.916 0.1250000000
55363  -38.501  -9.975  41.521 0.1250000000
56218  -37.359  -8.874  41.290 0.1250000000
59121  -35.718  -6.031  41.882 0.1250000000
56217  -36.680  -8.597  41.093 0.1250000000
57179  -35.852  -6.983  41.363 0.1250000000
59986  -34.611  -4.477  41.340 0.1250000000
57180  -36.342  -7.890  41.178 0.1250000000
54339  -13.193  -10.268  57.961 0.1250000000
53490  -12.755  -10.903  57.497 0.1250000000
49886  -29.273  -14.800  55.078 0.3750000000
123573  -9.649  -10.931  57.382 0.2500000000
120892  -13.086  -11.286  56.892 0.1250000000
49905  -29.698  -15.281  54.280 0.3750000000
54336  -9.761  -10.131  57.449 0.3750000000
113687  -12.698  -11.397  55.808 0.2500000000
117168  -31.092  -14.506  55.154 0.3750000000
53483  -8.372  -11.398  57.391 0.3750000000
53512  -11.800  -11.658  54.906 0.2500000000
49868  -33.512  -15.359  56.761 0.3750000000
49888  -31.994  -14.471  55.498 0.3750000000
49907  -31.691  -14.536  54.452 0.2500000000
49869  -33.788  -15.277  55.967 0.3750000000
49890  -33.008  -14.572  55.122 0.2500000000
58098  -43.533  -6.344  45.582 0.1250000000
58099  -44.180  -6.334  44.958 0.1250000000
58107  -45.246  -6.363  43.867 0.1250000000
53524  -12.363  -11.855  54.131 0.2500000000
53568  -22.895  -11.030  49.584 0.1250000000
54423  -23.195  -10.041  49.767 0.1250000000
49871  -33.800  -14.138  53.927 0.1250000000
48956  -33.274  -14.319  54.225 0.2500000000
49891  -32.869  -14.454  54.195 0.2500000000
57131  -43.136  -7.027  46.000 0.1250000000
59088  -45.591  -6.429  43.029 0.1250000000
53525  -13.072  -11.698  53.589 0.2500000000
49872  -34.248  -13.851  53.023 0.1250000000
49923  -34.148  -15.191  51.987 0.3750000000
57130  -42.355  -7.230  46.518 0.1250000000
58089  -42.561  -6.670  46.462 0.1250000000
51739  -12.690  -13.453  52.965 0.2500000000
52659  -13.046  -12.525  52.831 0.2500000000
52667  -13.714  -12.521  52.281 0.2500000000
54422  -22.317  -10.205  49.738 0.1250000000
55292  -23.445  -9.340  50.330 0.1250000000
50809  -35.092  -13.990  52.068 0.1250000000
48965  -35.161  -14.940  51.838 0.2500000000
48983  -35.085  -15.810  51.658 0.2500000000
58087  -40.238  -6.177  47.042 0.1250000000
52668  -14.362  -12.449  51.813 0.2500000000
53544  -15.320  -11.682  51.507 0.2500000000
53545  -16.089  -11.521  51.121 0.2500000000
54407  -18.376  -10.194  51.484 0.1250000000
54408  -19.011  -10.274  50.770 0.1250000000
55291  -22.544  -9.536  50.249 0.1250000000
48975  -35.685  -15.371  51.481 0.2500000000
48996  -35.329  -16.318  51.330 0.2500000000
57140  -41.860  -7.888  46.183 0.1250000000
53554  -16.764  -11.705  50.735 0.2500000000
54417  -18.273  -10.674  50.695 0.1250000000
54397  -20.162  -9.755  51.921 0.1250000000
55278  -21.879  -9.346  51.017 0.1250000000
131786  -22.442  -9.276  51.778 0.1250000000
48984  -36.060  -16.227  51.079 0.2500000000
131073  -20.467  -9.690  51.043 0.1250000000
55277  -21.073  -9.655  50.636 0.1250000000
124774  -40.456  -12.771  48.182 0.1250000000
54482  -40.465  -10.709  42.317 0.1250000000
54470  -41.321  -10.271  42.900 0.1250000000
52716  -39.555  -12.436  46.253 0.1250000000
56211  -38.749  -8.528  42.082 0.1250000000
56202  -39.078  -8.203  42.683 0.1250000000
55344  -40.224  -8.986  42.813 0.1250000000
52722  -38.752  -12.476  45.033 0.1250000000
52727  -38.463  -12.638  44.165 0.1250000000
57172  -36.648  -7.286  41.871 0.1250000000
125419  -37.309  -7.534  42.175 0.1250000000
58131  -36.595  -6.172  42.917 0.1250000000
53615  -37.964  -11.936  42.071 0.1250000000
51804  -40.373  -13.361  45.319 0.1250000000
59967  -34.980  -4.057  42.028 0.1250000000
129092  -36.312  -6.505  42.247 0.1250000000
114524  -34.329  -2.967  41.580 0.1250000000
57060  -14.466  -7.978  58.405 0.1250000000
120791  -15.406  -8.772  58.574 0.1250000000
55223  -15.691  -9.432  58.508 0.1250000000
54330  -16.070  -9.968  58.319 0.1250000000
54331  -16.967  -9.869  58.271 0.1250000000
56086  -13.861  -8.583  58.317 0.1250000000
55222  -14.850  -9.397  58.485 0.1250000000
54329  -15.218  -10.039  58.332 0.1250000000
125215  -17.051  -10.352  57.599 0.1250000000
54326  -11.807  -9.849  57.714 0.1250000000
54327  -12.631  -9.691  57.948 0.1250000000
54328  -14.175  -10.067  58.255 0.1250000000
126820  -16.405  -10.338  57.945 0.1250000000
54325  -10.877  -9.972  57.546 0.1250000000
55220  -12.277  -9.130  57.831 0.1250000000
54347  -13.775  -10.873  57.545 0.1250000000
54340  -14.800  -10.612  57.832 0.1250000000
54341  -15.687  -10.490  57.910 0.1250000000
54350  -16.265  -10.672  57.161 0.1250000000
128153  -17.016  -10.568  56.826 0.1250000000
49903  -27.882  -15.247  54.795 0.3750000000
56085  -11.673  -8.680  57.669 0.1250000000
55219  -11.414  -9.307  57.630 0.1250000000
54348  -14.561  -11.024  57.021 0.1250000000
54349  -15.350  -10.865  57.098 0.1250000000
54335  -8.967  -10.720  57.401 0.3750000000
56083  -9.669  -8.743  57.410 0.2500000000
53494  -13.863  -11.279  56.254 0.2500000000
53495  -14.904  -11.089  56.157 0.1250000000
54361  -16.557  -10.715  56.140 0.1250000000
49887  -30.204  -14.789  55.029 0.3750000000
54323  -8.114  -10.562  57.343 0.3750000000
54324  -8.708  -9.913  57.415 0.2500000000
55217  -9.271  -9.327  57.447 0.2500000000
53504  -13.477  -11.263  55.129 0.2500000000
53505  -14.421  -11.081  55.026 0.1250000000
53506  -15.375  -10.914  55.307 0.1250000000
128676  -16.081  -10.765  55.457 0.2500000000
110544  -16.785  -10.627  55.057 0.1250000000
49847  -32.578  -15.183  57.263 0.3750000000
50808  -31.030  -14.338  55.960 0.3750000000
55215  -7.877  -9.768  57.208 0.3750000000
55216  -8.378  -9.183  57.314 0.3750000000
53513  -12.818  -11.455  54.594 0.2500000000
53514  -13.696  -11.227  54.237 0.2500000000
53515  -15.138  -10.814  54.477 0.2500000000
54374  -15.899  -10.669  54.618 0.2500000000
110410  -17.723  -10.522  55.060 0.1250000000
53569  -23.859  -10.786  49.723 0.1250000000
49849  -33.549  -14.746  56.418 0.3750000000
58090  -42.932  -6.360  46.143 0.1250000000
59060  -44.577  -5.652  44.582 0.1250000000
59933  -43.308  -4.752  45.711 0.1250000000
54373  -14.550  -10.926  53.925 0.2500000000
54383  -15.495  -10.651  53.640 0.2500000000
54384  -16.554  -10.515  53.872 0.2500000000
54385  -17.318  -10.427  53.642 0.1250000000
50787  -33.591  -13.706  54.267 0.1250000000
59071  -45.092  -5.744  44.065 0.1250000000
121011  -44.863  -5.181  44.241 0.1250000000
59952  -44.857  -4.531  44.182 0.1250000000
53526  -13.934  -11.289  53.302 0.2500000000
53527  -14.743  -10.968  52.969 0.2500000000
54394  -15.539  -10.776  52.619 0.2500000000
113082  -16.968  -10.402  52.846 0.1250000000
55281  -24.332  -9.122  50.422 0.1250000000
59040  -39.795  -5.607  47.182 0.1250000000
58088  -41.131  -6.375  47.106 0.1250000000
125510  -45.465  -5.339  43.198 0.2500000000
60754  -44.684  -3.793  44.056 0.2500000000
53535  -14.221  -11.629  52.390 0.2500000000
54395  -16.257  -10.604  52.279 0.1250000000
110387  -18.632  -10.122  52.517 0.1250000000
110366  -19.480  -9.969  52.621 0.1250000000
55280  -23.744  -8.899  51.120 0.1250000000
53536  -14.975  -11.219  52.095 0.2500000000
54405  -16.919  -10.498  51.844 0.1250000000
54396  -19.214  -9.949  51.674 0.1250000000
55279  -22.862  -9.191  51.047 0.1250000000
59039  -38.976  -5.442  46.650 0.1250000000
54406  -17.571  -10.521  51.274 0.1250000000
58095  -39.523  -6.164  46.513 0.1250000000
126127  -40.212  -7.795  45.251 0.1250000000
59942  -38.144  -5.106  46.115 0.1250000000
59058  -38.552  -6.104  45.656 0.1250000000
59941  -37.539  -4.554  45.565 0.1250000000
59057  -37.716  -5.413  45.294 0.1250000000
53581  -39.425  -11.794  47.602 0.1250000000
60746  -37.096  -4.032  45.014 0.1250000000
59070  -37.725  -6.036  44.812 0.1250000000
53592  -38.330  -11.795  45.531 0.1250000000
61572  -36.079  -2.292  44.306 0.1250000000
60752  -36.316  -3.842  43.858 0.1250000000
59069  -37.136  -5.697  44.220 0.1250000000
52726  -37.668  -12.229  44.038 0.1250000000
61580  -35.758  -2.571  43.669 0.1250000000
61579  -35.315  -2.060  43.266 0.1250000000
59960  -36.391  -4.625  43.644 0.1250000000
123034  -37.525  -6.829  43.404 0.1250000000
56203  -39.682  -8.299  43.316 0.1250000000
52735  -37.010  -12.028  42.823 0.1250000000
53614  -37.196  -11.846  42.232 0.1250000000
62380  -34.212  -1.037  42.250 0.1250000000
63180  -34.025  -0.258  42.357 0.1250000000
61588  -35.351  -2.838  42.985 0.1250000000
59959  -35.963  -4.143  43.186 0.1250000000
110974  -35.848  -10.251  41.033 0.1250000000
55370  -35.553  -9.467  40.747 0.1250000000
60004  -34.252  -4.913  40.663 0.1250000000
61597  -33.932  -2.340  41.330 0.1250000000
120278  -35.157  -7.195  40.618 0.1250000000
58143  -35.129  -6.200  41.063 0.1250000000
57061  -15.241  -8.059  58.535 0.1250000000
56088  -16.199  -8.822  58.613 0.1250000000
55224  -16.407  -9.436  58.489 0.1250000000
56089  -17.115  -9.016  58.566 0.1250000000
55225  -17.838  -9.523  58.322 0.1250000000
57059  -13.664  -7.962  58.217 0.1250000000
132148  -13.234  -8.462  58.091 0.1250000000
49884  -27.292  -15.135  54.940 0.3750000000
123813  -12.844  -7.976  57.946 0.1250000000
124493  -12.549  -8.585  57.880 0.1250000000
54351  -17.810  -10.384  57.090 0.1250000000
54342  -17.794  -10.062  57.962 0.1250000000
57056  -9.990  -8.196  57.354 0.1250000000
54362  -17.380  -10.567  56.054 0.1250000000
56095  -8.189  -8.551  57.000 0.1250000000
56096  -9.042  -8.261  57.218 0.1250000000
54363  -18.371  -10.431  56.105 0.1250000000
49848  -33.397  -14.736  57.112 0.3750000000
50786  -30.803  -14.028  57.512 0.2500000000
56082  -8.861  -8.756  57.340 0.1250000000
112303  -18.589  -10.427  54.845 0.1250000000
110409  -17.924  -10.432  54.094 0.1250000000
51705  -32.611  -14.513  56.014 0.2500000000
59932  -42.497  -4.933  46.354 0.1250000000
116578  -42.746  -4.011  46.130 0.1250000000
125689  -42.250  -3.254  46.440 0.1250000000
55229  -7.494  -9.699  56.798 0.3750000000
55228  -7.238  -9.744  56.417 0.3750000000
110408  -18.736  -10.283  53.659 0.1250000000
54387  -19.572  -10.153  53.529 0.1250000000
51710  -33.590  -13.630  54.296 0.1250000000
59043  -42.208  -5.960  46.727 0.1250000000
59922  -41.084  -4.637  47.432 0.1250000000
60731  -43.378  -3.969  45.589 0.1250000000
60730  -42.890  -3.166  45.804 0.1250000000
54388  -20.274  -9.895  53.101 0.1250000000
59919  -39.044  -4.018  47.726 0.1250000000
59027  -40.590  -5.064  47.509 0.1250000000
60720  -39.676  -3.660  48.169 0.1250000000
61576  -43.807  -3.134  44.614 0.2500000000
61584  -43.515  -2.756  44.052 0.2500000000
55260  -21.016  -9.672  52.593 0.1250000000
60728  -38.287  -3.738  47.158 0.1250000000
60719  -38.628  -3.176  47.817 0.1250000000
61593  -43.421  -2.748  43.273 0.2500000000
55269  -21.772  -9.448  52.132 0.1250000000
55263  -23.289  -9.095  53.199 0.1250000000
132305  -23.662  -8.865  52.666 0.1250000000
56128  -24.104  -8.643  52.103 0.1250000000
60727  -37.777  -3.338  46.576 0.1250000000
61561  -37.698  -2.585  46.757 0.1250000000
60737  -37.422  -3.692  45.814 0.1250000000
54444  -38.366  -10.810  47.740 0.1250000000
61573  -36.559  -2.728  44.778 0.1250000000
60736  -36.997  -3.202  45.283 0.1250000000
54453  -37.188  -10.863  45.722 0.1250000000
118952  -35.681  -1.953  43.868 0.1250000000
53596  -36.899  -11.668  44.030 0.1250000000
121267  -34.666  -0.678  42.970 0.1250000000
58120  -38.162  -7.073  43.770 0.1250000000
53605  -36.611  -11.733  43.240 0.1250000000
62389  -33.771  -1.408  41.554 0.1250000000
59128  -34.421  -5.791  40.510 0.1250000000
61609  -33.422  -2.755  40.463 0.1250000000
58013  -15.191  -7.148  58.449 0.1250000000
122826  -15.929  -7.475  58.596 0.1250000000
57062  -15.888  -8.230  58.610 0.1250000000
121051  -16.693  -7.989  58.641 0.1250000000
58024  -14.817  -6.468  58.262 0.1250000000
56090  -17.636  -8.252  58.543 0.1250000000
126543  -17.959  -8.923  58.507 0.1250000000
55226  -18.539  -9.197  58.266 0.1250000000
49883  -26.623  -14.944  55.093 0.3750000000
58023  -13.902  -6.615  57.986 0.1250000000
55231  -18.462  -9.735  58.006 0.1250000000
54344  -18.923  -9.958  57.541 0.1250000000
57069  -11.287  -7.491  57.442 0.1250000000
54352  -18.541  -10.275  57.080 0.1250000000
54353  -19.167  -10.227  56.782 0.1250000000
50806  -29.744  -14.273  55.410 0.3750000000
57068  -10.332  -7.595  57.246 0.1250000000
50807  -30.552  -14.234  55.463 0.3750000000
113071  -8.532  -7.901  56.750 0.1250000000
58029  -8.640  -7.162  55.987 0.2500000000
54364  -19.303  -10.358  55.715 0.1250000000
54365  -20.167  -10.268  55.438 0.1250000000
50773  -31.566  -13.881  57.862 0.2500000000
122356  -30.769  -13.906  55.998 0.2500000000
57066  -7.898  -8.191  56.408 0.1250000000
56100  -7.534  -8.445  56.057 0.2500000000
119885  -8.407  -7.026  55.456 0.2500000000
54375  -19.466  -10.331  54.561 0.1250000000
51704  -31.901  -13.884  57.089 0.2500000000
130237  -7.567  -8.941  56.527 0.3750000000
55235  -7.044  -9.634  56.037 0.3750000000
54376  -20.411  -10.186  54.284 0.1250000000
61562  -42.152  -2.451  46.364 0.1250000000
128301  -42.538  -2.395  45.788 0.2500000000
60712  -38.982  -2.625  48.351 0.1250000000
61568  -43.107  -2.791  45.227 0.2500000000
62351  -41.958  -1.648  46.265 0.2500000000
60718  -38.110  -2.933  47.279 0.1250000000
61575  -43.066  -2.526  44.598 0.2500000000
62359  -42.416  -2.052  45.285 0.2500000000
61583  -42.857  -2.417  43.747 0.2500000000
61560  -37.257  -2.089  46.344 0.1250000000
55316  -37.116  -10.025  47.971 0.1250000000
61566  -36.874  -2.395  45.556 0.1250000000
54448  -36.683  -10.371  46.278 0.1250000000
62356  -36.148  -1.162  45.143 0.1250000000
54469  -35.392  -10.900  43.482 0.1250000000
55359  -34.208  -9.942  41.000 0.1250000000
62371  -35.314  -1.257  43.657 0.1250000000
63172  -35.615  -0.766  44.496 0.1250000000
55360  -35.029  -10.086  40.930 0.1250000000
55369  -34.710  -9.379  40.578 0.1250000000
58141  -33.967  -7.227  39.728 0.1250000000
60003  -33.691  -4.509  40.162 0.1250000000
63201  -33.269  -0.989  41.124 0.1250000000
63200  -32.767  -0.940  40.500 0.1250000000
56099  -7.417  -8.611  55.893 0.2500000000
57082  -7.798  -7.780  55.656 0.2500000000
121506  -8.235  -6.930  54.896 0.2500000000
58055  -8.159  -6.750  53.983 0.2500000000
55242  -7.026  -9.573  55.694 0.2500000000
57086  -7.630  -8.330  55.132 0.2500000000
58048  -7.987  -7.141  54.446 0.2500000000
58946  -8.298  -6.199  52.692 0.1250000000
55251  -7.238  -9.467  55.044 0.2500000000
129896  -7.690  -8.427  54.639 0.2500000000
58053  -7.914  -7.445  53.903 0.2500000000
58065  -7.825  -6.704  52.613 0.1250000000
115359  -8.019  -6.342  51.850 0.1250000000
126946  -9.256  -5.671  51.263 0.1250000000
117762  -41.678  -1.826  46.925 0.1250000000
55259  -7.587  -9.243  54.175 0.2500000000
116871  -7.914  -8.862  53.248 0.2500000000
58064  -7.775  -7.297  52.688 0.1250000000
118913  -41.675  -1.310  45.606 0.2500000000
55267  -7.760  -9.711  53.340 0.2500000000
62366  -41.800  -1.686  44.841 0.2500000000
63160  -41.422  -0.106  46.545 0.2500000000
113403  -41.583  -0.789  46.452 0.2500000000
62375  -41.464  -1.766  44.023 0.2500000000
62358  -41.066  -0.519  45.704 0.2500000000
62374  -40.591  -1.462  43.692 0.1250000000
64049  -39.926  0.009  44.543 0.2500000000
64086  -33.403  0.163  41.802 0.1250000000
64072  -33.753  0.507  42.444 0.1250000000
122372  -7.657  -6.858  51.758 0.1250000000
58960  -8.308  -5.952  51.058 0.1250000000
57100  -7.831  -7.854  52.233 0.1250000000
58071  -7.669  -7.341  51.686 0.1250000000
58072  -7.738  -6.426  51.026 0.1250000000
133015  -7.880  -6.130  50.616 0.1250000000
56127  -7.999  -8.428  52.458 0.2500000000
57108  -7.688  -7.643  51.146 0.1250000000
58075  -7.550  -7.014  50.791 0.1250000000
58971  -7.627  -6.355  50.135 0.1250000000
127358  -41.659  0.894  47.117 0.2500000000
130344  -41.449  1.961  47.592 0.1250000000
65763  -41.780  1.924  47.260 0.1250000000
66622  -44.225  3.437  43.321 0.3750000000
119489  -41.666  2.643  47.447 0.1250000000
60887  -43.331  -3.759  27.492 0.1250000000
60888  -44.158  -3.594  27.558 0.1250000000
60921  -44.169  -4.285  26.374 0.1250000000
67465  -46.832  3.691  41.579 0.1250000000
125841  -42.827  -0.073  31.927 0.3750000000
113579  -43.078  0.015  31.206 0.2500000000
63340  -44.437  -0.062  30.316 0.2500000000
62499  -45.932  -0.675  29.693 0.3750000000
63324  -42.095  -0.080  31.520 0.2500000000
63339  -43.473  -0.034  30.385 0.2500000000
63349  -43.925  -0.347  29.613 0.2500000000
62517  -45.330  -1.317  28.872 0.2500000000
61715  -45.316  -2.833  28.021 0.3750000000
129968  -42.262  -0.517  29.794 0.2500000000
62515  -43.333  -0.972  29.105 0.2500000000
131657  -43.705  -1.573  28.673 0.2500000000
61714  -44.463  -2.841  28.049 0.2500000000
60889  -45.911  -3.118  27.870 0.5000000000
60923  -46.353  -3.684  26.533 0.2500000000
60940  -46.992  -3.307  25.933 0.2500000000
63348  -42.934  -0.421  29.719 0.2500000000
62524  -43.614  -2.313  28.274 0.2500000000
61723  -45.066  -3.371  27.603 0.2500000000
60904  -45.825  -3.618  27.223 0.5000000000
61738  -47.072  -2.420  25.319 0.3750000000
129966  -47.432  -1.007  25.177 0.2500000000
63373  -47.746  -0.346  25.156 0.2500000000
64240  -48.277  0.447  25.119 0.2500000000
65106  -48.619  1.227  24.575 0.2500000000
60922  -45.520  -3.904  26.344 0.1250000000
60939  -46.047  -3.574  25.725 0.2500000000
61737  -46.331  -2.970  25.164 0.2500000000
62551  -46.968  -1.510  24.967 0.2500000000
122702  -48.967  1.715  23.876 0.2500000000
110483  -44.771  -4.199  25.994 0.2500000000
60938  -45.299  -3.859  25.477 0.2500000000
61750  -45.678  -2.681  24.381 0.1250000000
113506  -44.659  -4.084  25.216 0.1250000000
114749  -44.933  -2.756  23.910 0.1250000000
129811  -47.210  3.324  41.036 0.1250000000
64989  -48.046  1.285  40.412 0.1250000000
116771  -48.101  0.432  39.731 0.2500000000
62518  -46.461  -1.314  29.090 0.5000000000
61716  -46.729  -2.695  28.199 0.5000000000
60905  -46.621  -3.536  27.118 0.5000000000
110532  -49.128  0.974  25.416 0.2500000000
65107  -49.835  2.122  23.936 0.2500000000
65920  -49.944  2.383  23.159 0.1250000000
65932  -50.382  2.612  22.749 0.2500000000
65921  -50.506  2.558  23.500 0.2500000000
67475  -47.538  3.764  40.361 0.1250000000
114370  -48.192  3.311  39.783 0.1250000000
66640  -48.101  2.406  40.197 0.1250000000
63232  -47.586  -0.367  37.581 0.2500000000
63223  -48.047  -0.171  38.255 0.2500000000
64121  -48.384  0.846  39.909 0.2500000000
110558  -47.854  -0.540  36.817 0.2500000000
115034  -45.969  -2.248  28.391 0.5000000000
61701  -46.954  -1.881  28.737 0.3750000000
60890  -46.612  -3.276  27.651 0.5000000000
116038  -47.018  -3.506  26.707 0.5000000000
63364  -48.411  -0.349  25.666 0.2500000000
130318  -49.368  1.651  24.708 0.2500000000
66727  -51.072  2.865  23.033 0.2500000000
66735  -50.867  2.840  22.212 0.2500000000
66736  -51.599  3.254  22.508 0.2500000000
67571  -52.189  3.787  22.871 0.3750000000
62541  -48.009  -1.038  25.560 0.2500000000
64234  -48.842  0.236  25.732 0.2500000000
67579  -52.178  3.656  21.985 0.3750000000
63224  -48.750  0.039  38.515 0.2500000000
63233  -48.547  -0.342  37.584 0.2500000000
63225  -49.259  0.414  38.563 0.1250000000
131775  -48.028  -0.660  36.111 0.1250000000
63242  -48.655  -0.631  36.619 0.2500000000
111405  -49.301  -0.434  37.167 0.2500000000
63234  -49.525  -0.030  37.923 0.2500000000
63252  -48.647  -0.886  35.729 0.1250000000
63269  -49.459  -1.182  35.186 0.2500000000
67580  -52.671  4.246  21.559 0.3750000000
130973  -49.725  1.522  25.374 0.2500000000
68388  -53.146  4.848  21.156 0.2500000000
68391  -53.126  5.092  20.261 0.3750000000
70229  -57.411  7.843  21.001 0.2500000000
70227  -56.005  6.998  20.187 0.3750000000
70233  -56.878  7.444  20.164 0.3750000000
71174  -57.738  8.888  20.754 0.2500000000
71175  -57.705  9.326  21.321 0.2500000000
71992  -57.667  9.725  21.668 0.1250000000
126876  -57.729  9.970  20.975 0.1250000000
70234  -57.545  8.176  20.130 0.2500000000
71178  -57.849  9.528  20.280 0.2500000000
131201  -57.764  9.609  20.726 0.2500000000
72752  -57.780  10.612  20.463 0.1250000000
73537  -57.688  11.201  20.890 0.1250000000
71994  -57.900  10.083  20.130 0.2500000000
118994  -58.098  9.078  18.851 0.2500000000
71996  -58.168  10.291  19.281 0.2500000000
72754  -58.032  10.620  19.538 0.1250000000
71180  -57.418  8.177  18.309 0.2500000000
73549  -57.956  11.035  19.672 0.1250000000
133231  -58.267  9.840  18.934 0.2500000000
71187  -58.353  9.631  18.226 0.2500000000
71998  -58.380  10.351  18.531 0.2500000000
72756  -58.281  10.717  18.816 0.2500000000
73551  -58.186  11.071  19.028 0.1250000000
72000  -58.526  10.152  17.580 0.2500000000
72758  -58.448  10.769  18.071 0.2500000000
120650  -58.359  11.076  18.367 0.1250000000
119865  -58.590  10.802  17.258 0.1250000000
72008  -59.229  9.644  13.994 0.1250000000
74333  -58.031  11.547  19.217 0.1250000000
125045  -58.266  11.391  18.589 0.2500000000
129252  -58.503  11.181  17.651 0.2500000000
72765  -59.141  9.991  14.925 0.1250000000
72763  -58.952  11.129  16.088 0.1250000000
72009  -59.621  10.405  14.248 0.1250000000
72017  -59.839  9.991  13.377 0.1250000000
125916  -59.692  11.580  14.894 0.1250000000
73561  -59.289  11.572  15.627 0.2500000000
73563  -60.178  11.745  14.077 0.1250000000
73567  -60.636  12.027  13.090 0.1250000000
73578  -60.585  11.332  12.410 0.1250000000
111658  -60.553  11.701  11.177 0.1250000000
129582  -59.799  11.104  14.411 0.1250000000
74348  -60.637  12.641  13.703 0.1250000000
73579  -60.662  12.428  11.995 0.1250000000
74360  -60.253  13.425  11.721 0.1250000000
118858  -60.298  12.689  11.167 0.1250000000
74376  -59.706  13.196  10.856 0.1250000000
74386  -59.186  12.956  10.133 0.1250000000
126556  -60.245  11.716  10.188 0.1250000000
74387  -60.053  12.512  10.408 0.1250000000
74385  -58.162  12.990  10.340 0.1250000000
73609  -57.175  12.011  9.065 0.1250000000
73601  -59.657  12.312  9.611 0.1250000000
73610  -58.159  12.280  8.731 0.1250000000
114538  -57.617  12.644  9.957 0.1250000000
124442  -43.514  -7.755  45.591 0.1250000000
57141  -42.802  -7.661  46.155 0.1250000000
58097  -41.392  -7.155  46.636 0.1250000000
54462  -44.979  -9.813  44.481 0.1250000000
56182  -43.429  -8.417  45.424 0.1250000000
132090  -42.001  -8.469  45.660 0.1250000000
57152  -41.035  -8.240  45.359 0.1250000000
55336  -43.189  -9.462  44.691 0.1250000000
53597  -44.115  -11.579  44.088 0.1250000000
53606  -42.507  -11.545  43.296 0.1250000000
56204  -40.538  -8.739  43.737 0.1250000000
113410  -40.912  -8.629  44.550 0.1250000000
57150  -38.856  -7.316  44.284 0.1250000000
49031  -32.313  -15.354  48.051 0.3750000000
54322  -7.379  -10.507  57.079 0.3750000000
54346  -6.905  -10.371  56.253 0.3750000000
122491  -7.200  -9.079  55.912 0.2500000000
130931  -44.308  -3.487  44.353 0.2500000000
61582  -42.007  -2.162  43.394 0.2500000000
63174  -40.138  -0.745  44.153 0.1250000000
66639  -47.465  2.580  40.925 0.1250000000
63268  -48.458  -1.085  34.817 0.2500000000
51810  -46.172  -13.721  44.563 0.1250000000
121400  -46.145  -11.859  44.159 0.1250000000
45325  -36.067  -20.920  46.927 0.2500000000
46275  -34.843  -18.634  47.543 0.3750000000
47225  -34.592  -17.784  47.932 0.3750000000
49932  -33.270  -14.909  51.738 0.3750000000
48995  -35.018  -15.764  51.879 0.3750000000
49831  -11.717  -16.271  58.022 0.2500000000
114778  -12.477  -15.995  56.712 0.2500000000
49902  -17.411  -15.026  54.805 0.2500000000
49837  -10.162  -15.648  57.330 0.3750000000
49830  -10.570  -16.180  57.853 0.3750000000
49836  -9.776  -15.604  57.483 0.3750000000
60906  -47.372  -3.332  27.337 0.5000000000
61751  -46.419  -2.132  24.688 0.2500000000
50789  -34.138  -13.887  52.847 0.1250000000
51709  -30.970  -13.631  56.964 0.2500000000
48966  -35.827  -14.987  51.367 0.1250000000
49893  -35.320  -14.503  51.758 0.1250000000
50777  -33.840  -13.910  55.849 0.1250000000
54438  -37.844  -10.349  48.297 0.1250000000
53577  -40.120  -12.468  48.816 0.1250000000
53580  -39.003  -11.258  48.135 0.1250000000
51793  -40.922  -13.206  47.905 0.1250000000
52692  -23.166  -12.328  50.346 0.1250000000
51798  -40.957  -13.317  46.973 0.1250000000
113019  -40.949  -13.528  45.975 0.1250000000
51805  -41.628  -13.918  45.614 0.1250000000
51835  -41.650  -13.448  43.912 0.1250000000
124893  -8.047  -9.703  52.425 0.2500000000
63350  -44.921  -0.450  29.570 0.2500000000
50845  -18.650  -14.300  52.307 0.2500000000
119826  -17.109  -14.753  52.420 0.2500000000
49876  -14.471  -15.635  55.168 0.2500000000
119662  -13.735  -15.753  55.736 0.2500000000
50793  -11.327  -15.161  54.792 0.2500000000
56195  -44.519  -8.990  44.689 0.1250000000
51728  -11.305  -13.421  54.210 0.2500000000
122303  -45.101  -10.752  44.416 0.1250000000
124720  -13.445  -9.690  58.210 0.1250000000
49921  -32.827  -14.562  53.271 0.3750000000
110803  -32.821  -14.443  54.655 0.2500000000
49908  -32.249  -14.387  54.648 0.2500000000
58106  -44.802  -6.364  44.409 0.1250000000
49910  -33.397  -14.696  53.026 0.3750000000
130969  -32.530  -15.727  46.497 0.2500000000
55337  -44.104  -9.586  44.674 0.1250000000
128770  -44.540  -10.976  44.306 0.1250000000
54461  -44.403  -10.309  44.424 0.1250000000
54460  -43.548  -10.130  44.292 0.1250000000
55347  -42.647  -9.939  44.043 0.1250000000
54472  -42.886  -10.746  43.649 0.1250000000
48115  -33.625  -16.956  46.877 0.2500000000
48121  -33.332  -16.867  46.061 0.2500000000
47232  -33.907  -17.860  46.666 0.2500000000
47239  -33.756  -18.215  45.962 0.2500000000
46287  -34.487  -19.028  46.881 0.2500000000
52741  -42.491  -12.540  43.522 0.1250000000
47248  -33.562  -18.451  45.229 0.2500000000
46300  -34.152  -19.542  46.142 0.3750000000
45308  -35.092  -20.108  47.059 0.3750000000
52751  -41.713  -11.988  42.933 0.1250000000
52740  -41.285  -12.881  43.199 0.1250000000
55364  -39.301  -10.106  41.781 0.1250000000
52750  -40.717  -12.344  42.692 0.1250000000
55352  -39.788  -9.481  42.159 0.1250000000
119190  -41.031  -13.687  45.181 0.1250000000
51818  -40.711  -13.572  44.472 0.1250000000
52739  -40.261  -13.055  43.117 0.1250000000
52749  -39.705  -12.528  42.621 0.1250000000
55362  -37.538  -9.915  41.253 0.1250000000
56226  -36.010  -8.680  40.805 0.1250000000
54488  -36.654  -10.487  41.223 0.1250000000
52738  -39.145  -12.980  43.389 0.1250000000
52747  -37.630  -12.327  42.711 0.1250000000
59120  -34.816  -5.287  41.176 0.1250000000
121821  -33.479  -15.042  55.429 0.2500000000
59059  -43.897  -5.443  45.218 0.1250000000
48963  -33.611  -14.347  53.545 0.2500000000
48973  -34.055  -14.747  52.930 0.3750000000
49892  -35.019  -14.215  52.147 0.1250000000
48974  -34.873  -15.065  52.108 0.3750000000
59041  -40.509  -5.664  47.311 0.1250000000
58096  -40.274  -6.844  46.485 0.1250000000
57139  -40.722  -7.578  45.980 0.1250000000
52709  -39.808  -12.342  47.029 0.1250000000
55353  -40.497  -9.782  42.531 0.1250000000
52723  -39.570  -12.839  45.405 0.1250000000
129011  -37.899  -7.425  42.834 0.1250000000
57165  -38.821  -7.690  43.322 0.1250000000
127011  -37.432  -11.718  44.584 0.1250000000
52728  -39.269  -13.006  44.428 0.1250000000
59086  -36.569  -5.496  43.424 0.1250000000
59968  -35.546  -4.490  42.492 0.1250000000
51833  -39.963  -13.359  43.913 0.1250000000
124745  -14.009  -9.260  58.387 0.1250000000
56087  -14.628  -8.681  58.484 0.1250000000
58012  -14.235  -7.291  58.237 0.1250000000
55221  -13.156  -9.059  58.116 0.1250000000
133207  -12.064  -9.470  57.776 0.1250000000
55218  -10.290  -9.359  57.483 0.2500000000
56084  -10.684  -8.739  57.495 0.2500000000
118270  -41.743  -5.073  46.915 0.1250000000
59944  -44.455  -4.838  44.699 0.1250000000
124126  -16.167  -10.559  53.053 0.2500000000
59951  -44.350  -3.905  44.686 0.2500000000
54386  -17.882  -10.308  53.139 0.1250000000
126987  -17.707  -10.244  52.164 0.1250000000
121499  -39.414  -6.691  45.874 0.1250000000
58105  -39.014  -7.010  45.170 0.1250000000
57151  -39.544  -7.579  44.794 0.1250000000
59950  -37.174  -4.925  44.741 0.1250000000
53586  -38.581  -11.528  46.343 0.1250000000
53585  -37.903  -11.175  46.016 0.1250000000
56191  -40.151  -8.174  44.445 0.1250000000
53613  -36.514  -11.658  42.519 0.1250000000
64060  -34.099  0.852  43.050 0.1250000000
53621  -35.888  -11.277  42.091 0.1250000000
133174  -35.014  -7.978  40.388 0.1250000000
57071  -13.313  -7.307  58.011 0.1250000000
57058  -11.942  -8.054  57.725 0.1250000000
57057  -10.993  -8.150  57.502 0.1250000000
55230  -7.780  -9.153  57.033 0.2500000000
57067  -9.379  -7.711  57.048 0.1250000000
127577  -37.441  -10.622  46.523 0.1250000000
128601  -38.168  -10.922  46.831 0.1250000000
53590  -36.869  -11.205  44.918 0.1250000000
54452  -36.446  -10.616  45.508 0.1250000000
53604  -36.132  -11.277  43.738 0.1250000000
53595  -36.353  -11.151  44.389 0.1250000000
132259  -32.897  0.507  41.403 0.1250000000
58022  -12.951  -6.567  57.636 0.1250000000
57070  -12.265  -7.268  57.658 0.1250000000
58020  -10.707  -6.972  57.074 0.1250000000
57077  -8.963  -7.394  56.529 0.1250000000
58040  -9.125  -6.787  55.645 0.2500000000
57076  -8.238  -7.631  56.205 0.2500000000
57075  -7.765  -7.903  55.935 0.2500000000
125060  -7.600  -8.190  55.850 0.2500000000
56094  -7.302  -9.035  56.076 0.2500000000
58028  -8.090  -7.409  55.676 0.2500000000
58039  -8.014  -7.298  55.261 0.2500000000
61574  -42.316  -2.072  44.336 0.2500000000
54442  -36.915  -10.158  47.090 0.1250000000
54447  -35.924  -10.161  46.049 0.1250000000
54451  -35.725  -10.423  45.271 0.1250000000
54458  -35.653  -10.754  44.397 0.1250000000
54457  -34.797  -10.473  44.068 0.1250000000
54480  -35.250  -10.937  42.580 0.1250000000
54468  -34.640  -10.578  43.144 0.1250000000
55358  -33.425  -9.826  41.181 0.1250000000
56106  -7.356  -8.856  55.602 0.2500000000
57081  -7.584  -8.207  55.699 0.2500000000
58930  -8.533  -6.273  53.509 0.2500000000
58038  -7.833  -7.688  55.030 0.2500000000
56111  -7.550  -8.822  54.845 0.2500000000
57090  -7.787  -8.019  54.375 0.2500000000
58066  -8.049  -6.599  53.251 0.2500000000
56117  -7.811  -8.504  53.983 0.2500000000
120952  -7.875  -7.874  53.358 0.2500000000
127292  -7.939  -8.274  53.035 0.2500000000
118694  -8.062  -9.020  52.417 0.2500000000
57112  -7.612  -7.513  50.241 0.1250000000
64895  -41.440  0.814  47.493 0.1250000000
60903  -44.758  -3.950  26.969 0.1250000000
63338  -42.421  -0.148  30.475 0.2500000000
62516  -44.298  -1.001  29.036 0.2500000000
62525  -44.425  -1.863  28.497 0.2500000000
62526  -45.107  -2.201  28.301 0.3750000000
61736  -45.693  -3.374  25.037 0.2500000000
60957  -44.977  -3.496  24.575 0.1250000000
60956  -43.997  -3.922  24.574 0.1250000000
132296  -47.684  3.034  40.517 0.1250000000
64133  -48.012  0.016  39.076 0.2500000000
64134  -48.727  0.475  39.216 0.2500000000
64135  -49.440  0.926  38.818 0.1250000000
125086  -57.974  9.080  19.481 0.2500000000
71181  -58.048  9.642  19.606 0.2500000000
72766  -59.339  10.884  15.157 0.1250000000
73566  -60.197  10.969  13.525 0.1250000000
74346  -60.127  12.282  14.628 0.1250000000
72779  -60.257  10.457  12.743 0.1250000000
72798  -60.343  10.633  10.625 0.1250000000
74345  -59.648  12.034  15.275 0.2500000000
74361  -60.725  13.096  12.642 0.1250000000
75158  -59.357  13.784  11.506 0.1250000000
73600  -58.542  12.674  9.441 0.1250000000
113515  -57.647  12.425  9.395 0.1250000000
73599  -56.735  12.217  10.041 0.1250000000
55335  -42.233  -9.327  44.517 0.1250000000
116643  -44.869  -12.561  44.524 0.1250000000
55346  -41.768  -9.706  43.708 0.1250000000
56205  -41.341  -9.095  44.131 0.1250000000
53598  -44.916  -11.683  44.423 0.1250000000
132908  -10.783  -29.479  50.734 0.1250000000
46247  -22.200  -18.411  51.704 0.2500000000
47193  -21.589  -18.610  51.054 0.1250000000
46252  -20.897  -18.928  50.597 0.1250000000
47214  -21.522  -18.392  50.031 0.1250000000
48093  -22.728  -17.708  48.917 0.1250000000
131718  -21.369  -18.202  48.547 0.1250000000
110030  -22.834  -18.274  52.425 0.2500000000
117843  -37.842  -21.858  44.991 0.1250000000
44402  -38.062  -21.988  44.031 0.1250000000
49980  -27.947  -15.052  46.802 0.1250000000
45336  -34.333  -20.740  45.520 0.1250000000
45337  -34.996  -21.030  45.873 0.1250000000
44385  -36.354  -21.655  45.586 0.1250000000
49979  -27.244  -15.170  46.386 0.1250000000
50876  -28.612  -14.760  46.310 0.1250000000
44384  -35.499  -21.564  45.329 0.1250000000
125721  -40.691  -21.437  43.784 0.1250000000
44421  -41.511  -21.093  43.580 0.2500000000
44418  -37.406  -22.172  43.490 0.1250000000
110292  -38.954  -21.840  43.789 0.1250000000
44420  -39.246  -21.851  42.946 0.1250000000
131070  -40.393  -21.468  43.267 0.1250000000
46301  -34.659  -19.697  46.740 0.2500000000
45324  -35.355  -20.686  46.635 0.1250000000
45322  -34.057  -20.202  45.705 0.1250000000
45323  -34.635  -20.311  46.252 0.1250000000
46325  -33.382  -20.094  44.670 0.1250000000
44436  -40.876  -21.181  43.033 0.2500000000
50888  -29.231  -14.630  45.775 0.1250000000
44435  -40.105  -21.422  42.716 0.1250000000
45377  -40.810  -20.720  42.263 0.2500000000
110910  -41.518  -20.250  42.323 0.2500000000
50887  -28.535  -14.699  45.555 0.1250000000
45349  -33.563  -20.863  44.354 0.1250000000
44448  -39.896  -21.035  41.899 0.2500000000
45393  -41.125  -19.957  41.897 0.2500000000
55276  -8.128  -9.204  51.546 0.1250000000
55287  -8.149  -9.097  50.788 0.1250000000
55288  -8.044  -8.651  50.149 0.1250000000
50877  -29.391  -14.646  46.545 0.1250000000
46299  -33.782  -19.015  45.672 0.1250000000
47247  -33.307  -17.796  44.753 0.1250000000
46313  -33.727  -19.779  45.382 0.1250000000
50898  -29.766  -14.697  45.133 0.1250000000
46312  -33.470  -19.312  44.933 0.1250000000
45394  -41.891  -19.671  42.113 0.3750000000
46348  -42.656  -19.525  42.412 0.3750000000
50006  -30.176  -14.867  44.250 0.1250000000
46324  -33.061  -19.562  44.167 0.1250000000
45348  -32.987  -20.373  43.885 0.1250000000
45392  -40.319  -20.285  41.607 0.2500000000
46359  -41.447  -19.177  41.745 0.3750000000
50905  -29.342  -14.541  43.781 0.1250000000
45407  -40.599  -19.502  41.553 0.2500000000
54404  -8.105  -10.167  51.952 0.1250000000
56137  -7.943  -8.322  51.546 0.1250000000
56152  -7.868  -8.217  49.412 0.1250000000
55299  -8.476  -9.229  49.439 0.2500000000
55303  -8.058  -8.437  48.978 0.1250000000
54435  -9.069  -9.529  49.084 0.1250000000
55304  -8.368  -8.609  48.702 0.1250000000
55309  -8.270  -8.204  48.074 0.1250000000
55310  -8.925  -8.647  48.255 0.1250000000
49970  -30.821  -14.690  47.657 0.2500000000
50869  -30.319  -14.645  47.372 0.1250000000
50878  -30.238  -14.663  46.705 0.1250000000
49990  -30.991  -14.921  46.087 0.1250000000
50889  -30.089  -14.676  45.892 0.1250000000
58915  -8.670  -6.501  54.322 0.1250000000
113340  -30.782  -15.047  45.117 0.1250000000
49991  -31.814  -15.401  45.485 0.1250000000
49058  -32.468  -16.127  44.943 0.1250000000
48128  -33.158  -16.864  45.231 0.1250000000
50001  -31.716  -15.617  44.634 0.1250000000
48136  -32.903  -16.937  44.277 0.1250000000
46360  -42.389  -18.894  41.871 0.3750000000
50000  -31.077  -15.340  44.280 0.1250000000
49066  -32.263  -16.219  44.276 0.1250000000
120903  -32.391  -16.590  43.775 0.1250000000
47256  -33.016  -18.012  43.895 0.1250000000
47257  -33.216  -18.684  44.428 0.1250000000
50007  -30.876  -15.347  43.536 0.1250000000
49065  -31.753  -15.919  43.795 0.1250000000
118338  -32.677  -17.346  43.452 0.1250000000
47265  -32.647  -18.282  43.122 0.1250000000
46323  -32.821  -18.907  43.633 0.1250000000
48148  -31.968  -16.779  42.306 0.1250000000
48149  -32.399  -17.571  42.684 0.1250000000
46336  -32.417  -19.167  42.875 0.1250000000
46337  -32.641  -19.770  43.389 0.1250000000
46371  -40.933  -18.731  41.560 0.2500000000
130916  -41.930  -16.983  40.814 0.5000000000
57113  -7.494  -6.997  49.755 0.1250000000
121231  -7.451  -6.980  48.888 0.1250000000
57116  -7.586  -7.575  49.314 0.1250000000
120896  -7.601  -7.411  48.419 0.1250000000
56160  -7.834  -7.745  48.109 0.1250000000
58079  -7.526  -6.874  48.030 0.1250000000
113065  -9.876  -9.314  48.378 0.1250000000
56167  -8.279  -7.786  46.942 0.1250000000
56163  -9.613  -8.631  47.417 0.1250000000
56168  -8.915  -8.088  46.523 0.1250000000
58931  -9.264  -6.086  53.889 0.1250000000
55311  -10.646  -9.212  47.737 0.1250000000
55317  -10.462  -8.816  46.993 0.1250000000
56169  -9.914  -8.470  46.421 0.1250000000
51913  -43.305  -13.598  34.967 0.1250000000
50993  -42.845  -14.464  35.125 0.1250000000
53663  -41.977  -11.316  34.616 0.1250000000
54534  -41.766  -10.595  34.999 0.1250000000
126728  -41.620  -10.103  35.336 0.1250000000
55426  -40.798  -10.485  34.914 0.1250000000
56280  -40.930  -9.006  36.054 0.2500000000
57239  -40.012  -7.953  35.895 0.2500000000
58210  -39.667  -6.801  35.871 0.2500000000
58211  -40.363  -7.274  36.293 0.2500000000
58225  -38.855  -6.346  35.301 0.2500000000
59188  -39.486  -5.881  35.664 0.2500000000
122114  -38.378  -7.066  35.086 0.2500000000
60057  -38.805  -4.762  34.915 0.2500000000
116089  -37.554  -6.860  34.557 0.1250000000
60066  -38.218  -4.933  34.513 0.2500000000
65903  -54.471  2.864  27.911 0.2500000000
67555  -55.675  4.266  26.673 0.2500000000
67563  -55.711  4.839  25.940 0.2500000000
66710  -55.138  3.364  27.511 0.2500000000
60058  -39.430  -5.140  35.449 0.2500000000
44367  -36.582  -21.375  46.395 0.1250000000
124908  -39.887  -21.671  43.601 0.1250000000
47297  -41.340  -17.972  41.497 0.3750000000
45378  -41.565  -20.702  42.845 0.3750000000
57240  -40.976  -8.123  36.438 0.2500000000
68366  -56.382  5.492  25.354 0.1250000000
49981  -31.011  -14.827  46.928 0.1250000000
58916  -9.221  -6.350  54.567 0.1250000000
111443  -7.760  -7.957  50.683 0.1250000000
56145  -7.974  -8.490  50.736 0.1250000000
47204  -22.338  -18.180  50.776 0.1250000000
122773  -21.864  -18.108  49.125 0.1250000000
44383  -34.670  -21.317  45.121 0.1250000000
44414  -33.821  -21.390  43.839 0.1250000000
56151  -7.777  -8.030  50.036 0.1250000000
56155  -7.752  -7.927  48.700 0.1250000000
56156  -7.989  -8.093  48.318 0.1250000000
48142  -32.213  -16.648  43.141 0.1250000000
46387  -40.439  -18.152  41.405 0.2500000000
57122  -7.753  -7.324  47.528 0.1250000000
56162  -8.604  -8.174  47.462 0.1250000000
58224  -38.040  -6.100  34.707 0.2500000000
59187  -38.619  -5.434  34.955 0.2500000000
51720  -30.114  -13.786  55.317 0.1250000000
50804  -27.463  -14.518  55.272 0.2500000000
123956  -27.877  -13.617  55.533 0.1250000000
124777  -28.065  -14.109  55.590 0.2500000000
35442  -6.683  -31.589  47.041 0.1250000000
127151  -6.809  -30.862  46.734 0.2500000000
35449  -6.789  -31.512  46.161 0.2500000000
36210  -6.976  -30.303  46.515 0.2500000000
62350  -41.503  -0.978  47.175 0.1250000000
64028  -41.482  0.435  47.285 0.1250000000
63289  -49.009  -1.486  34.271 0.1250000000
62471  -49.234  -1.968  32.897 0.1250000000
110795  -49.558  -0.747  36.324 0.1250000000
116785  -56.625  6.745  22.095 0.2500000000
70222  -57.360  7.306  22.403 0.2500000000
69287  -56.220  6.717  21.380 0.2500000000
74335  -58.261  12.101  18.418 0.1250000000
74336  -58.598  12.293  17.543 0.1250000000
68401  -52.556  5.485  18.497 0.2500000000
73553  -58.422  11.557  17.970 0.1250000000
70246  -56.266  7.708  17.857 0.1250000000
73557  -58.703  11.235  16.882 0.1250000000
73554  -58.668  11.695  17.203 0.1250000000
73558  -58.952  11.693  16.401 0.1250000000
74341  -59.371  12.191  15.894 0.1250000000
70228  -56.624  7.068  20.826 0.2500000000
70237  -55.897  7.458  18.566 0.3750000000
70238  -56.808  7.684  18.788 0.1250000000
75123  -58.956  13.234  17.133 0.1250000000
116674  -59.541  12.857  15.970 0.1250000000
51719  -28.544  -13.578  55.514 0.2500000000
50805  -28.906  -14.210  55.546 0.2500000000
51718  -27.389  -13.951  55.548 0.2500000000
70224  -57.047  7.215  21.594 0.2500000000
70243  -53.832  6.926  17.504 0.1250000000
70232  -56.176  7.312  19.380 0.2500000000
49885  -28.283  -14.703  55.219 0.2500000000
133223  -27.736  -14.860  55.107 0.2500000000
126075  -57.097  7.714  19.542 0.2500000000
37040  -7.161  -30.056  45.992 0.1250000000
132023  -57.617  7.854  22.415 0.2500000000
74339  -59.044  12.439  16.655 0.1250000000
116412  -27.036  -16.780  52.326 0.1250000000
46370  -40.078  -19.056  41.254 0.1250000000
45405  -39.231  -20.233  40.609 0.1250000000
45424  -39.347  -19.427  40.724 0.1250000000
48054  -26.224  -16.943  53.411 0.1250000000
48062  -25.739  -17.286  52.691 0.2500000000
112782  -23.020  -18.065  51.490 0.1250000000
47215  -22.487  -17.962  49.841 0.1250000000
47216  -23.179  -17.612  49.695 0.1250000000
46386  -39.518  -18.571  40.972 0.1250000000
47307  -41.172  -17.270  41.107 0.1250000000
48173  -40.756  -16.733  40.642 0.2500000000
113890  -41.614  -16.632  40.393 0.2500000000
55415  -40.898  -9.747  35.501 0.1250000000
55425  -39.960  -9.940  35.082 0.1250000000
56279  -39.977  -9.057  35.571 0.1250000000
125253  -38.965  -8.217  35.341 0.1250000000
125047  -39.174  -7.240  35.529 0.1250000000
59196  -37.713  -5.357  34.328 0.1250000000
60847  -38.842  -4.160  34.925 0.1250000000
60065  -37.726  -4.748  34.147 0.1250000000
60858  -37.800  -4.142  34.117 0.1250000000
60836  -37.773  -3.004  35.081 0.1250000000
63372  -46.943  -0.541  24.516 0.1250000000
63383  -47.087  0.405  23.854 0.1250000000
64239  -47.551  0.207  24.635 0.1250000000
64246  -47.882  0.846  24.260 0.1250000000
65112  -48.278  1.382  23.841 0.1250000000
65124  -48.384  1.776  23.071 0.1250000000
65113  -49.294  2.100  23.137 0.1250000000
70259  -53.235  7.195  14.677 0.1250000000
70279  -53.430  7.275  12.829 0.1250000000
70280  -54.393  7.477  12.462 0.1250000000
70249  -53.625  7.074  16.200 0.1250000000
70256  -54.063  7.331  15.669 0.1250000000
125173  -53.804  7.333  15.078 0.1250000000
70260  -54.092  7.473  14.413 0.1250000000
70271  -54.153  7.525  13.437 0.1250000000
70281  -55.421  7.771  12.613 0.1250000000
70250  -54.387  7.356  16.380 0.1250000000
121541  -54.356  7.495  15.143 0.1250000000
70257  -54.917  7.625  15.711 0.1250000000
71199  -54.940  7.707  14.817 0.1250000000
71209  -54.905  7.746  13.969 0.1250000000
114884  -56.272  8.157  14.054 0.1250000000
71210  -55.721  7.963  13.514 0.1250000000
71218  -56.415  8.049  12.779 0.1250000000
71211  -56.519  8.193  13.528 0.1250000000
48075  -26.333  -17.028  51.978 0.2500000000
60056  -38.296  -4.470  34.492 0.1250000000
115169  -50.092  2.030  24.904 0.1250000000
48063  -26.487  -17.015  52.727 0.1250000000
48990  -27.666  -16.485  52.787 0.1250000000
45406  -39.859  -19.876  41.122 0.1250000000
56293  -38.271  -8.935  34.777 0.1250000000
70270  -53.294  7.283  13.777 0.1250000000
70272  -54.908  7.714  13.204 0.1250000000
109900  -6.684  -30.874  47.531 0.1250000000
36218  -7.125  -30.601  45.156 0.1250000000
37048  -7.831  -29.381  44.753 0.1250000000
132129  -7.893  -29.637  43.965 0.1250000000
37062  -8.142  -29.364  43.246 0.1250000000
37959  -8.044  -29.168  41.666 0.1250000000
129398  -8.226  -28.428  41.626 0.1250000000
122842  -8.363  -28.340  40.534 0.1250000000
38820  -8.357  -27.852  40.139 0.1250000000
37115  -8.471  -28.869  40.109 0.1250000000
127614  -8.387  -26.872  40.134 0.1250000000
38821  -8.420  -27.409  39.713 0.1250000000
37049  -8.318  -29.007  44.147 0.1250000000
37944  -8.780  -28.660  43.399 0.1250000000
38778  -9.264  -28.014  43.606 0.1250000000
37075  -8.319  -28.817  42.356 0.1250000000
37945  -9.164  -28.045  42.666 0.1250000000
38792  -8.456  -27.893  41.876 0.1250000000
38803  -8.323  -27.748  41.274 0.1250000000
39703  -8.425  -26.995  40.908 0.1250000000
38831  -8.531  -27.101  39.260 0.1250000000
40826  -8.467  -25.820  40.041 0.1250000000
129258  -8.455  -26.118  39.665 0.1250000000
63261  -35.970  -0.294  34.003 0.1250000000
63279  -35.847  -0.214  32.539 0.1250000000
64171  -37.088  0.752  34.690 0.1250000000
64185  -37.555  0.847  33.342 0.1250000000
64184  -36.680  0.627  33.180 0.1250000000
64198  -38.048  0.615  32.640 0.1250000000
64210  -36.913  0.331  31.870 0.1250000000
63321  -38.241  -0.267  31.501 0.1250000000
64186  -38.486  0.760  33.344 0.1250000000
63301  -38.611  0.138  32.125 0.1250000000
62482  -39.705  -0.835  30.980 0.1250000000
63336  -38.833  -0.959  31.019 0.1250000000
64199  -38.982  0.372  32.804 0.1250000000
63322  -39.201  -0.394  31.600 0.1250000000
63302  -39.546  -0.070  32.259 0.1250000000
123411  -40.083  -0.368  31.608 0.1250000000
62483  -40.381  -0.580  30.910 0.1250000000
114292  -41.303  -1.276  29.206 0.1250000000
63323  -41.014  -0.269  31.444 0.1250000000
112757  -41.600  -0.225  30.774 0.1250000000
122251  -40.839  -0.946  29.797 0.1250000000
62498  -41.610  -0.608  29.912 0.1250000000
61699  -41.840  -1.923  28.550 0.1250000000
61700  -42.887  -1.728  28.591 0.1250000000
61713  -42.670  -2.652  28.130 0.1250000000
63304  -41.368  -0.187  32.307 0.1250000000
63357  -52.056  0.238  29.582 0.1250000000
65090  -54.059  1.666  28.842 0.1250000000
125333  -53.280  1.060  29.174 0.1250000000
65091  -55.232  1.440  29.021 0.1250000000
65897  -54.876  2.199  28.500 0.1250000000
65904  -55.613  2.766  28.087 0.1250000000
65084  -54.374  0.976  29.326 0.1250000000
115077  -56.172  3.397  27.674 0.1250000000
66741  -51.411  3.154  21.480 0.1250000000
66718  -56.492  4.112  27.218 0.1250000000
67581  -52.131  3.691  21.079 0.1250000000
122677  -51.658  4.230  19.428 0.1250000000
67582  -52.610  4.333  20.665 0.1250000000
67587  -52.430  4.543  19.790 0.1250000000
68394  -52.146  4.783  18.921 0.1250000000
71177  -57.841  8.967  19.929 0.1250000000
70239  -57.657  8.371  19.301 0.1250000000
71161  -57.674  8.384  22.430 0.1250000000
71171  -57.691  8.580  21.604 0.1250000000
128821  -45.782  -13.867  44.789 0.1250000000
36219  -7.452  -29.784  45.395 0.1250000000
37906  -7.793  -28.933  45.656 0.1250000000
38764  -8.806  -28.182  44.446 0.1250000000
38793  -9.709  -27.371  42.572 0.1250000000
38804  -8.587  -27.102  41.414 0.1250000000
41815  -8.495  -25.224  39.461 0.1250000000
127103  -37.026  0.798  33.889 0.1250000000
63303  -40.459  -0.174  32.298 0.1250000000
62514  -42.279  -1.036  29.204 0.1250000000
70225  -57.554  7.852  21.915 0.1250000000
36225  -7.460  -30.220  44.318 0.1250000000
37061  -7.638  -30.070  43.285 0.1250000000
37074  -7.869  -29.706  42.399 0.1250000000
37966  -8.212  -28.536  41.090 0.1250000000
38812  -8.343  -27.719  40.648 0.1250000000
37993  -8.425  -28.139  39.891 0.1250000000
39715  -8.458  -26.692  39.480 0.1250000000
39723  -8.615  -26.529  38.982 0.1250000000
62450  -35.759  -0.620  33.200 0.1250000000
63280  -36.062  0.158  33.196 0.1250000000
63300  -36.319  0.280  32.294 0.1250000000
64197  -37.133  0.633  32.483 0.1250000000
63337  -40.888  -0.547  30.486 0.1250000000
34544  -10.487  -32.344  51.558 0.1250000000
35407  -9.290  -30.867  51.028 0.2500000000
37008  -11.377  -29.375  50.558 0.1250000000
37864  -14.393  -28.462  50.290 0.2500000000
38673  -15.500  -27.501  54.277 0.5000000000
38686  -14.917  -28.027  52.371 0.2500000000
39546  -15.986  -26.842  57.061 1.0000000000
41636  -15.317  -24.220  60.683 1.0000000000
41698  -17.323  -24.603  48.314 0.1250000000
41722  -9.917  -24.737  46.509 0.5000000000
42563  -13.856  -23.038  61.168 1.0000000000
42567  -13.045  -23.741  60.669 1.0000000000
42568  -15.431  -23.410  60.837 1.0000000000
42572  -16.578  -23.311  59.918 0.8750000000
44315  -11.978  -21.878  56.202 1.0000000000
44345  -40.238  -20.252  48.407 0.6250000000
44355  -38.353  -20.958  47.495 0.5000000000
44366  -35.762  -21.275  46.171 0.1250000000
44370  -40.712  -20.828  46.978 0.6250000000
44372  -42.071  -20.911  45.767 0.3750000000
45201  -12.980  -20.865  59.924 0.6250000000
45202  -13.598  -20.950  60.043 0.6250000000
45222  -7.842  -19.818  57.094 0.8750000000
45254  -6.961  -19.355  51.120 0.8750000000
45279  -37.082  -19.764  48.696 0.5000000000
45309  -35.720  -20.363  47.345 0.3750000000
45310  -36.394  -20.529  47.564 0.5000000000
45314  -42.432  -20.133  47.557 0.6250000000
45315  -7.793  -19.505  46.529 0.7500000000
45327  -43.488  -20.039  46.478 0.7500000000
45329  -13.080  -19.819  45.219 0.6250000000
45354  -43.898  -20.058  45.225 0.6250000000
45367  -12.327  -20.020  42.257 0.6250000000
45379  -42.182  -20.170  42.657 0.3750000000
46205  -14.445  -20.415  59.947 0.7500000000
46206  -14.827  -20.528  59.933 0.7500000000
46239  -7.131  -19.293  53.937 1.0000000000
46246  -21.009  -19.052  51.413 0.2500000000
46254  -37.615  -18.975  49.538 0.7500000000
46303  -45.172  -18.579  46.155 0.5000000000
46319  -11.541  -19.444  44.333 0.6250000000
47148  -15.397  -19.312  59.806 0.5000000000
47197  -37.465  -18.409  50.126 0.7500000000
47198  -38.234  -18.517  50.096 0.6250000000
47199  -38.730  -18.293  49.949 0.6250000000
47200  -39.483  -17.853  49.565 0.6250000000
47201  -39.952  -17.672  49.253 0.6250000000
47240  -34.053  -18.656  46.384 0.2500000000
47241  -44.818  -18.698  46.579 0.7500000000
47250  -46.023  -17.722  45.330 0.2500000000
47267  -45.344  -18.088  43.580 0.7500000000
47277  -44.440  -18.304  42.644 0.7500000000
48055  -36.525  -16.833  50.684 0.3750000000
48102  -7.220  -18.008  47.896 0.8750000000
48132  -7.407  -17.045  45.207 0.7500000000
48159  -45.517  -16.525  42.058 0.6250000000
48167  -44.945  -16.788  41.342 0.5000000000
48937  -18.438  -17.374  57.139 0.6250000000
48955  -33.051  -14.548  55.113 0.2500000000
48957  -33.891  -14.185  53.514 0.1250000000
48962  -33.069  -14.378  54.185 0.2500000000
48964  -34.391  -14.259  52.950 0.1250000000
48972  -33.262  -14.617  53.495 0.3750000000
48993  -33.957  -15.276  51.258 0.5000000000
49008  -25.924  -16.670  50.318 0.3750000000
49052  -45.379  -16.108  46.301 0.2500000000
49053  -45.909  -16.220  46.056 0.2500000000
49080  -46.312  -16.032  43.159 0.5000000000
49834  -32.215  -14.227  57.524 0.3750000000
49850  -6.185  -15.511  56.574 0.7500000000
49867  -32.355  -15.056  56.811 0.3750000000
49870  -33.537  -13.961  54.414 0.1250000000
49889  -32.970  -15.185  55.970 0.2500000000
49911  -34.133  -14.994  52.862 0.3750000000
49912  -34.585  -15.121  52.111 0.3750000000
49947  -40.404  -14.900  49.336 0.3750000000
49953  -32.582  -15.292  49.533 0.6250000000
49993  -45.892  -14.942  45.360 0.2500000000
50008  -46.736  -15.319  43.840 0.2500000000
50022  -46.524  -15.033  42.489 0.5000000000
50038  -44.987  -15.824  38.918 0.7500000000
50039  -45.476  -15.581  39.500 0.6250000000
50067  -44.370  -15.176  37.510 0.6250000000
50082  -42.488  -15.474  36.430 0.2500000000
50774  -31.390  -14.232  57.966 0.2500000000
50775  -32.903  -14.270  57.308 0.3750000000
50776  -33.945  -14.249  56.657 0.2500000000
50782  -22.570  -15.209  54.811 0.3750000000
50784  -24.652  -14.857  55.173 0.3750000000
50785  -31.158  -13.793  57.983 0.2500000000
50811  -36.131  -14.205  51.164 0.2500000000
50814  -11.050  -14.272  54.563 0.2500000000
50823  -20.398  -14.246  54.205 0.3750000000
50848  -39.279  -14.327  49.988 0.3750000000
50850  -16.381  -14.233  51.419 0.2500000000
50853  -39.839  -13.869  50.028 0.3750000000
50867  -28.725  -14.816  47.141 0.1250000000
50871  -42.332  -14.694  47.422 0.2500000000
51699  -32.103  -13.996  57.608 0.2500000000
51700  -6.451  -13.784  56.853 0.5000000000
51703  -31.489  -13.596  57.655 0.2500000000
51706  -33.571  -13.847  55.259 0.1250000000
51711  -33.496  -13.315  53.316 0.2500000000
51722  -34.432  -13.332  52.317 0.2500000000
51724  -35.519  -13.368  51.507 0.2500000000
51756  -38.709  -12.946  50.791 0.3750000000
51760  -14.716  -13.120  51.553 0.2500000000
51761  -15.320  -13.237  51.305 0.2500000000
51769  -39.307  -12.996  50.965 0.3750000000
51770  -39.677  -13.288  50.412 0.3750000000
51780  -40.899  -13.701  49.556 0.2500000000
51808  -44.556  -13.869  45.096 0.5000000000
51817  -39.943  -13.292  44.692 0.1250000000
51819  -41.600  -13.789  44.773 0.1250000000
51837  -46.776  -13.311  43.312 0.2500000000
51865  -46.919  -13.144  40.475 0.7500000000
52615  -6.492  -13.064  56.732 0.5000000000
52623  -32.960  -13.180  53.482 0.2500000000
52628  -33.417  -13.022  53.138 0.2500000000
52629  -33.957  -12.797  52.588 0.1250000000
52665  -38.309  -12.377  51.036 0.3750000000
52666  -7.652  -12.289  52.727 0.6250000000
52679  -16.391  -12.401  50.746 0.2500000000
52683  -39.381  -12.215  50.952 0.3750000000
52686  -17.130  -12.359  50.516 0.2500000000
52699  -40.442  -12.922  49.329 0.1250000000
52704  -40.022  -12.269  47.920 0.1250000000
52710  -40.412  -12.797  47.416 0.1250000000
52715  -39.022  -12.131  45.850 0.1250000000
52717  -40.226  -12.948  46.331 0.1250000000
52721  -38.044  -12.068  44.761 0.1250000000
52736  -37.299  -12.156  43.362 0.1250000000
52737  -38.071  -12.627  43.355 0.1250000000
53496  -15.769  -10.898  56.235 0.1250000000
53497  -31.990  -12.722  53.745 0.2500000000
53499  -34.248  -12.615  52.311 0.1250000000
53503  -11.736  -11.525  55.974 0.2500000000
53507  -31.759  -12.343  53.771 0.2500000000
53509  -35.146  -12.259  51.758 0.3750000000
53510  -35.462  -12.587  51.603 0.3750000000
53521  -35.915  -12.080  51.549 0.3750000000
53534  -13.548  -11.855  52.839 0.2500000000
53537  -15.704  -11.017  51.800 0.2500000000
53540  -38.179  -11.069  51.329 0.3750000000
53543  -14.724  -11.816  51.797 0.2500000000
53546  -16.818  -10.991  51.085 0.1250000000
53549  -26.028  -11.281  51.023 0.2500000000
53558  -20.205  -11.504  49.772 0.2500000000
53559  -22.865  -11.936  49.800 0.1250000000
53563  -39.137  -11.615  50.569 0.3750000000
53566  -20.932  -11.575  49.645 0.1250000000
53571  -39.570  -11.916  49.350 0.3750000000
53587  -39.223  -11.890  46.695 0.1250000000
53591  -37.636  -11.456  45.248 0.1250000000
53612  -35.932  -11.354  42.936 0.1250000000
53617  -41.090  -11.356  42.598 0.1250000000
53622  -36.694  -11.301  41.726 0.1250000000
53623  -37.553  -11.348  41.725 0.1250000000
53624  -38.205  -11.293  41.732 0.1250000000
53633  -46.697  -11.390  39.049 0.8750000000
53639  -46.376  -11.665  38.212 0.8750000000
54334  -7.329  -10.171  56.767 0.3750000000
54343  -18.340  -10.107  57.618 0.1250000000
54345  -32.832  -12.264  53.175 0.1250000000
54355  -32.858  -11.899  53.102 0.2500000000
54358  -34.103  -12.186  52.376 0.1250000000
54402  -37.600  -10.556  51.231 0.3750000000
54413  -38.293  -10.833  50.911 0.3750000000
54414  -38.843  -11.243  50.931 0.3750000000
54421  -21.553  -10.426  49.737 0.1250000000
54428  -38.642  -11.144  50.635 0.3750000000
54433  -38.468  -10.857  49.516 0.3750000000
54443  -37.658  -10.458  47.383 0.1250000000
54459  -36.217  -10.814  44.888 0.1250000000
54463  -45.691  -10.467  44.224 0.1250000000
54464  -46.207  -10.596  43.892 0.1250000000
54478  -33.790  -10.252  41.810 0.1250000000
54479  -34.530  -10.596  42.225 0.1250000000
54486  -34.541  -10.380  41.484 0.1250000000
54487  -35.275  -10.709  41.616 0.1250000000
54489  -37.987  -10.683  41.504 0.1250000000
54490  -38.739  -10.773  41.689 0.1250000000
54491  -46.940  -10.344  40.991 0.3750000000
54494  -46.767  -10.401  39.877 0.7500000000
54505  -46.336  -10.707  38.341 0.8750000000
54517  -44.573  -10.449  36.183 0.6250000000
54527  -44.154  -10.699  35.738 0.3750000000
55238  -33.326  -11.695  52.802 0.1250000000
55239  -33.721  -11.837  52.584 0.1250000000
55241  -34.591  -11.826  52.047 0.1250000000
55247  -33.789  -10.702  52.546 0.2500000000
55248  -34.504  -11.479  52.133 0.2500000000
55268  -21.038  -9.539  51.542 0.1250000000
55271  -23.219  -9.045  52.078 0.1250000000
55274  -36.137  -9.474  50.975 0.2500000000
55275  -36.860  -9.997  51.083 0.2500000000
55285  -37.162  -10.106  50.682 0.2500000000
55286  -37.743  -10.481  50.760 0.3750000000
55290  -21.707  -9.759  50.132 0.1250000000
55293  -24.940  -9.680  50.138 0.1250000000
55295  -36.653  -9.646  49.739 0.2500000000
55297  -37.619  -10.355  50.509 0.3750000000
55302  -37.922  -10.400  49.964 0.3750000000
55308  -37.325  -9.885  48.811 0.3750000000
55345  -40.980  -9.372  43.255 0.1250000000
55351  -39.042  -9.298  41.827 0.1250000000
55361  -36.537  -9.492  40.963 0.1250000000
55407  -42.815  -9.603  35.659 0.3750000000
56104  -33.734  -11.491  52.559 0.1250000000
56109  -34.051  -10.927  52.410 0.2500000000
56110  -34.842  -10.847  51.993 0.2500000000
56116  -34.568  -10.448  52.138 0.2500000000
56135  -35.377  -9.109  51.058 0.2500000000
56136  -35.779  -9.326  51.142 0.2500000000
56142  -28.113  -8.575  51.731 0.1250000000
56146  -25.201  -8.942  50.509 0.1250000000
56148  -35.207  -9.031  50.571 0.2500000000
56159  -36.116  -9.342  49.046 0.1250000000
56181  -42.770  -8.230  45.847 0.1250000000
56190  -39.414  -7.785  44.008 0.1250000000
56192  -41.683  -8.819  44.988 0.1250000000
56193  -42.732  -8.846  45.270 0.1250000000
56212  -39.464  -8.752  42.421 0.1250000000
56219  -38.214  -9.106  41.571 0.1250000000
56224  -34.377  -8.564  40.212 0.1250000000
56225  -35.229  -8.683  40.497 0.1250000000
56232  -45.789  -8.744  39.104 0.7500000000
56233  -46.027  -8.533  40.062 0.6250000000
56247  -45.329  -9.273  37.676 0.8750000000
56248  -45.702  -9.282  38.336 0.7500000000
57106  -34.055  -8.088  51.378 0.2500000000
57111  -34.656  -8.585  50.812 0.2500000000
57114  -34.077  -7.935  50.553 0.2500000000
57119  -34.514  -8.442  50.204 0.2500000000
57120  -33.102  -7.869  48.687 0.1250000000
57138  -39.819  -7.281  45.602 0.1250000000
57153  -44.996  -7.040  44.251 0.1250000000
57154  -45.220  -7.718  44.149 0.1250000000
57155  -45.819  -8.453  43.518 0.1250000000
57174  -38.521  -7.959  42.526 0.1250000000
57181  -37.053  -8.042  41.563 0.1250000000
57187  -34.527  -7.612  40.127 0.1250000000
57188  -35.630  -7.886  40.746 0.1250000000
57231  -42.356  -8.262  37.239 0.6250000000
57250  -38.073  -7.812  34.880 0.1250000000
58054  -7.863  -6.978  53.465 0.2500000000
58069  -33.160  -6.876  51.733 0.2500000000
58074  -33.637  -7.420  51.248 0.2500000000
58082  -31.502  -6.731  48.000 0.1250000000
58103  -37.615  -6.451  44.077 0.1250000000
58104  -38.294  -6.688  44.639 0.1250000000
58119  -37.033  -6.269  43.491 0.1250000000
58121  -45.469  -6.376  43.366 0.1250000000
58122  -45.592  -6.984  43.251 0.1250000000
58132  -37.002  -6.886  42.744 0.1250000000
58137  -45.523  -6.662  42.050 0.3750000000
58142  -34.562  -6.697  40.281 0.1250000000
58144  -45.225  -6.736  41.402 0.3750000000
58945  -32.028  -5.781  52.708 0.2500000000
58970  -32.416  -5.462  51.851 0.2500000000
58984  -32.719  -6.275  50.711 0.2500000000
59011  -30.892  -5.160  48.523 0.1250000000
59012  -31.178  -5.076  49.149 0.2500000000
59026  -40.051  -5.037  47.635 0.1250000000
59038  -30.701  -5.908  47.176 0.1250000000
59042  -41.209  -5.535  47.254 0.1250000000
59044  -43.093  -5.660  45.942 0.1250000000
59050  -25.809  -5.527  45.229 0.1250000000
59053  -28.228  -5.021  45.649 0.1250000000
59065  -25.583  -5.534  43.825 0.1250000000
59068  -36.755  -5.004  44.077 0.1250000000
59072  -45.374  -5.802  43.513 0.1250000000
59085  -36.051  -4.959  42.935 0.1250000000
59103  -35.651  -5.267  42.239 0.1250000000
59104  -36.137  -5.734  42.620 0.1250000000
59106  -45.558  -6.217  42.755 0.3750000000
59123  -45.487  -6.113  42.335 0.3750000000
59127  -33.803  -5.402  39.994 0.1250000000
59129  -44.595  -5.818  40.659 0.3750000000
59130  -45.073  -6.005  41.374 0.3750000000
59148  -42.772  -6.676  38.522 0.5000000000
59849  -27.220  -4.792  54.175 0.1250000000
59859  -29.967  -4.861  53.416 0.2500000000
59882  -30.972  -4.373  51.613 0.2500000000
59909  -29.840  -4.642  47.961 0.1250000000
59920  -39.687  -4.417  47.836 0.1250000000
59921  -40.286  -4.244  47.872 0.1250000000
59928  -30.236  -5.266  46.507 0.1250000000
59929  -37.896  -4.193  46.389 0.1250000000
59930  -38.585  -4.611  46.932 0.1250000000
59931  -39.383  -4.886  47.391 0.1250000000
59943  -43.918  -4.398  45.203 0.1250000000
59949  -36.725  -4.332  44.296 0.1250000000
59953  -45.208  -5.173  43.754 0.1250000000
59961  -45.123  -4.469  43.335 0.2500000000
59969  -45.149  -4.538  42.356 0.3750000000
59987  -35.168  -4.846  41.809 0.1250000000
60016  -42.788  -4.433  39.198 0.5000000000
60738  -43.649  -3.538  45.197 0.1250000000
60744  -36.227  -3.041  44.084 0.1250000000
60745  -36.666  -3.542  44.531 0.1250000000
60751  -35.852  -3.338  43.425 0.1250000000
60753  -44.127  -3.175  43.838 0.2500000000
60760  -35.437  -3.650  42.733 0.1250000000
60770  -33.937  -3.246  41.010 0.1250000000
60771  -34.439  -3.661  41.499 0.1250000000
60775  -44.667  -3.804  42.550 0.3750000000
60802  -39.903  -2.866  39.097 0.6250000000
60803  -40.683  -3.124  39.310 0.6250000000
60846  -38.276  -3.868  34.564 0.1250000000
61553  -37.950  -2.304  47.356 0.1250000000
61567  -37.326  -2.882  46.056 0.1250000000
61581  -41.138  -1.968  43.070 0.1250000000
61587  -34.858  -2.292  42.568 0.1250000000
61598  -34.466  -2.507  41.932 0.1250000000
61602  -42.311  -2.617  41.945 0.2500000000
61623  -38.694  -1.995  39.593 0.6250000000
61635  -37.829  -1.874  38.192 0.8750000000
62357  -36.696  -1.462  45.909 0.1250000000
62364  -36.359  -1.954  45.013 0.1250000000
62365  -40.950  -1.211  44.775 0.2500000000
62372  -35.853  -1.579  44.429 0.1250000000
62381  -34.816  -1.511  42.798 0.1250000000
62390  -34.357  -1.820  42.073 0.1250000000
62399  -33.254  -1.742  40.687 0.1250000000
62453  -48.763  -1.681  33.274 0.2500000000
62472  -50.317  -1.861  32.666 0.1250000000
63155  -41.558  -0.365  47.025 0.2500000000
63165  -35.506  0.034  44.733 0.1250000000
63181  -34.419  0.125  42.997 0.1250000000
63183  -39.255  -0.797  42.739 0.5000000000
63190  -33.612  -0.624  41.715 0.1250000000
63229  -37.134  0.168  37.852 0.5000000000
63326  -44.606  -0.208  31.858 0.5000000000
64062  -39.499  0.466  43.774 0.5000000000
64071  -33.104  0.982  41.873 0.1250000000
64122  -48.902  0.963  39.478 0.2500000000
64149  -36.934  0.412  36.096 0.5000000000
64170  -36.485  0.371  34.108 0.1250000000
64947  -33.401  1.281  42.547 0.1250000000
65029  -39.543  1.346  36.260 0.7500000000
65046  -37.633  0.974  34.209 0.1250000000
65057  -38.171  0.979  33.858 0.1250000000
65844  -48.223  1.709  40.200 0.1250000000
66717  -55.689  3.787  27.180 0.2500000000
67409  -42.077  5.120  46.989 0.1250000000
67431  -44.122  5.309  44.508 0.3750000000
68227  -43.448  5.957  45.469 0.2500000000
69025  -42.971  6.616  45.646 0.1250000000
109565  -44.094  -4.544  40.422 0.2500000000
109569  -27.188  -5.319  43.929 0.1250000000
111027  -12.812  -22.388  60.036 1.0000000000
111424  -29.415  -4.256  52.367 0.1250000000
111462  -15.059  -27.772  54.924 0.6250000000
112370  -17.263  -10.508  54.328 0.1250000000
112424  -42.107  -20.029  48.195 0.7500000000
112464  -41.448  1.349  47.578 0.1250000000
112941  -38.799  -11.354  47.217 0.1250000000
113459  -46.593  -11.682  38.667 0.8750000000
113634  -33.235  -6.901  50.640 0.2500000000
113638  -36.036  -10.890  41.485 0.1250000000
113673  -35.892  -0.455  45.203 0.1250000000
114853  -34.401  -8.785  48.493 0.2500000000
115292  -11.804  -28.487  55.719 0.6250000000
115563  -23.579  -11.711  49.895 0.1250000000
115620  -36.195  -10.265  51.486 0.2500000000
115651  -8.934  -18.666  58.907 0.7500000000
115730  -40.837  -17.278  48.546 0.5000000000
116434  -36.884  -10.018  51.054 0.2500000000
116695  -46.882  -13.163  42.788 0.2500000000
117871  -29.830  -4.947  46.508 0.1250000000
118323  -36.399  -10.953  51.567 0.3750000000
118752  -28.504  -15.188  48.950 0.3750000000
118762  -40.525  -0.032  45.269 0.3750000000
119910  -35.002  -12.749  51.763 0.3750000000
119983  -19.066  -13.411  50.770 0.2500000000
120204  -12.958  -19.817  44.493 0.6250000000
120687  -13.527  -14.718  52.766 0.2500000000
121889  -30.614  -4.749  53.122 0.2500000000
121982  -39.521  1.518  42.400 0.5000000000
122851  -39.087  1.518  39.766 0.7500000000
122972  -43.338  -20.492  45.064 0.6250000000
123155  -35.299  -13.701  51.670 0.2500000000
123187  -42.121  -10.333  43.443 0.1250000000
123464  -45.383  -5.119  42.273 0.3750000000
123473  -41.559  0.060  47.001 0.2500000000
123538  -43.844  -7.042  45.346 0.1250000000
123632  -33.127  -12.615  53.091 0.2500000000
124056  -46.815  -11.958  42.827 0.2500000000
124155  -39.366  -11.960  42.168 0.1250000000
124232  -39.961  -10.201  42.058 0.1250000000
124446  -41.972  -6.713  46.793 0.1250000000
124728  -32.729  -14.509  53.845 0.2500000000
124732  -12.865  -16.446  58.744 0.3750000000
125021  -38.985  -0.224  42.828 0.5000000000
125095  -34.038  -14.005  54.084 0.1250000000
125214  -7.329  -17.376  58.506 0.6250000000
125684  -32.491  -12.176  53.366 0.2500000000
125828  -19.139  -20.575  51.872 0.6250000000
126029  -42.000  -20.613  46.568 0.6250000000
126212  -34.068  -14.185  55.114 0.2500000000
126304  -43.533  -12.243  43.854 0.1250000000
126782  -24.418  -16.542  47.170 0.1250000000
126931  -29.493  -15.618  51.152 0.3750000000
128146  -17.528  -21.359  58.154 0.8750000000
128182  -27.951  -5.100  45.058 0.1250000000
128851  -39.176  -3.267  48.199 0.1250000000
129168  -39.996  -12.388  49.550 0.3750000000
129255  -21.940  -18.461  53.906 0.6250000000
129408  -31.482  -14.541  57.500 0.3750000000
129646  -41.569  -15.317  48.398 0.2500000000
129880  -26.791  -15.582  47.876 0.2500000000
130198  -43.072  -4.172  39.686 0.5000000000
130201  -22.090  -10.869  49.550 0.1250000000
130218  -16.329  -10.854  51.581 0.1250000000
130330  -14.190  -21.314  60.340 0.7500000000
130553  -43.705  -8.686  36.495 0.8750000000
130594  -47.430  0.948  40.860 0.2500000000
130810  -8.142  -7.173  55.363 0.2500000000
130914  -44.552  -4.481  41.035 0.3750000000
130994  -19.101  -10.136  53.062 0.1250000000
131090  -33.152  -10.953  52.905 0.2500000000
131642  -38.082  -3.428  34.784 0.2500000000
131665  -37.136  -0.320  38.142 0.7500000000
131848  -37.414  -5.541  44.771 0.1250000000
131928  -46.809  -14.229  42.545 0.5000000000
131967  -34.989  -8.968  51.184 0.2500000000
131983  -6.885  -19.002  50.212 0.8750000000
132017  -36.672  -1.053  36.349 0.3750000000
132076  -12.713  -19.558  46.300 0.7500000000
132134  -31.540  -11.398  53.582 0.2500000000
132146  -37.125  -11.567  51.469 0.3750000000
132201  -35.295  -5.525  41.642 0.1250000000
132299  -46.837  -14.057  41.703 0.6250000000
132325  -46.079  -15.560  42.194 0.6250000000
132513  -6.705  -18.217  57.851 0.6250000000
133112  -6.286  -14.718  56.860 0.7500000000
133140  -46.592  -9.663  40.001 0.3750000000
133208  -21.817  -16.151  55.218 0.3750000000
