global_signal	global_signal_derivative1	global_signal_power2	global_signal_derivative1_power2	csf	csf_derivative1	csf_derivative1_power2	csf_power2	white_matter	white_matter_derivative1	white_matter_power2	white_matter_derivative1_power2	csf_wm	tcompcor	std_dvars	dvars	framewise_displacement	rmsd	t_comp_cor_00	t_comp_cor_01	t_comp_cor_02	t_comp_cor_03	t_comp_cor_04	t_comp_cor_05	t_comp_cor_06	c_comp_cor_00	c_comp_cor_01	c_comp_cor_02	c_comp_cor_03	c_comp_cor_04	c_comp_cor_05	c_comp_cor_06	c_comp_cor_07	c_comp_cor_08	c_comp_cor_09	w_comp_cor_00	w_comp_cor_01	w_comp_cor_02	w_comp_cor_03	w_comp_cor_04	w_comp_cor_05	w_comp_cor_06	w_comp_cor_07	w_comp_cor_08	w_comp_cor_09	w_comp_cor_10	w_comp_cor_11	w_comp_cor_12	w_comp_cor_13	w_comp_cor_14	w_comp_cor_15	w_comp_cor_16	w_comp_cor_17	w_comp_cor_18	w_comp_cor_19	w_comp_cor_20	w_comp_cor_21	w_comp_cor_22	w_comp_cor_23	w_comp_cor_24	w_comp_cor_25	w_comp_cor_26	w_comp_cor_27	w_comp_cor_28	w_comp_cor_29	w_comp_cor_30	w_comp_cor_31	w_comp_cor_32	w_comp_cor_33	w_comp_cor_34	w_comp_cor_35	w_comp_cor_36	w_comp_cor_37	w_comp_cor_38	w_comp_cor_39	w_comp_cor_40	w_comp_cor_41	w_comp_cor_42	w_comp_cor_43	w_comp_cor_44	w_comp_cor_45	w_comp_cor_46	w_comp_cor_47	w_comp_cor_48	w_comp_cor_49	w_comp_cor_50	w_comp_cor_51	w_comp_cor_52	w_comp_cor_53	w_comp_cor_54	w_comp_cor_55	w_comp_cor_56	w_comp_cor_57	a_comp_cor_00	a_comp_cor_01	a_comp_cor_02	a_comp_cor_03	a_comp_cor_04	a_comp_cor_05	a_comp_cor_06	a_comp_cor_07	a_comp_cor_08	a_comp_cor_09	a_comp_cor_10	a_comp_cor_11	a_comp_cor_12	a_comp_cor_13	a_comp_cor_14	a_comp_cor_15	a_comp_cor_16	a_comp_cor_17	a_comp_cor_18	a_comp_cor_19	a_comp_cor_20	a_comp_cor_21	a_comp_cor_22	a_comp_cor_23	a_comp_cor_24	a_comp_cor_25	a_comp_cor_26	a_comp_cor_27	a_comp_cor_28	a_comp_cor_29	a_comp_cor_30	a_comp_cor_31	a_comp_cor_32	a_comp_cor_33	a_comp_cor_34	a_comp_cor_35	a_comp_cor_36	a_comp_cor_37	a_comp_cor_38	a_comp_cor_39	a_comp_cor_40	a_comp_cor_41	a_comp_cor_42	a_comp_cor_43	a_comp_cor_44	a_comp_cor_45	a_comp_cor_46	a_comp_cor_47	a_comp_cor_48	a_comp_cor_49	a_comp_cor_50	a_comp_cor_51	a_comp_cor_52	a_comp_cor_53	a_comp_cor_54	a_comp_cor_55	a_comp_cor_56	edge_comp_00	edge_comp_01	edge_comp_02	edge_comp_03	edge_comp_04	edge_comp_05	edge_comp_06	edge_comp_07	edge_comp_08	edge_comp_09	edge_comp_10	edge_comp_11	edge_comp_12	edge_comp_13	edge_comp_14	edge_comp_15	edge_comp_16	edge_comp_17	edge_comp_18	edge_comp_19	edge_comp_20	edge_comp_21	edge_comp_22	edge_comp_23	cosine00	cosine01	cosine02	cosine03	cosine04	trans_x	trans_x_derivative1	trans_x_derivative1_power2	trans_x_power2	trans_y	trans_y_derivative1	trans_y_derivative1_power2	trans_y_power2	trans_z	trans_z_derivative1	trans_z_derivative1_power2	trans_z_power2	rot_x	rot_x_derivative1	rot_x_power2	rot_x_derivative1_power2	rot_y	rot_y_derivative1	rot_y_derivative1_power2	rot_y_power2	rot_z	rot_z_derivative1	rot_z_power2	rot_z_derivative1_power2	motion_outlier00	motion_outlier01	motion_outlier02	motion_outlier03	motion_outlier04	motion_outlier05	motion_outlier06	motion_outlier07	motion_outlier08	motion_outlier09	motion_outlier10	motion_outlier11	motion_outlier12	motion_outlier13	motion_outlier14	motion_outlier15	motion_outlier16	motion_outlier17
1259.699813013665	n/a	1586843.6189066628	n/a	1505.893905574678	n/a	n/a	2267716.454846957	1189.366990986312	n/a	1414593.839247834	n/a	1208.0674104029015	1370.4748288715357	n/a	n/a	n/a	n/a	-0.0369639642	-0.0768207595	0.0244606385	-0.0104876398	0.0339493429	-0.0731594101	0.2171342361	-0.1195107434	0.0099404431	-0.0466115443	0.0082988477	-0.0020921828	0.0623269466	-0.1700291537	-0.0501207628	0.0294033787	-0.0079533605	0.0542579087	-0.1660040371	0.1241141034	0.1475895187	-0.1227010467	0.030289316	-0.1191073933	0.0003220793	-0.0929163645	0.1058934576	-0.2253732788	0.116965286	0.1036953906	-0.018096148	0.0022356226	-0.0744823113	0.0232445267	-0.0974870293	0.0309046142	-0.0466641212	0.0216231631	-0.0559624309	0.0193210315	-0.0361105625	0.1014065702	-0.0489026048	0.1360706655	-0.1162705918	0.0033843633	0.0190446475	-0.0916755417	-0.0051429576	-0.053530756	0.0495402334	0.0189302334	-0.0880191881	0.0877592063	0.0378796975	0.0432432909	-0.0393875716	-0.1174093582	0.1140278472	0.0008279237	0.1298721602	-0.0788213694	-0.0335263322	0.0729214501	-0.0553593262	-0.0558516587	0.0083078987	0.0351498234	0.0248967353	0.0234609898	0.009361809	-0.0957772355	-0.0056926101	0.0961715378	0.0694189886	0.159482217	-0.0400785733	0.0775747328	-0.1417340199	-0.1378258101	0.0429571055	-0.1295086821	0.0352720611	-0.0014107949	0.0770789481	-0.2632827186	0.1567918189	-0.0421073648	0.1229387845	-0.079721495	0.0335363016	-0.067916889	0.0394862514	-0.0524542008	0.0359097725	-0.0211750563	0.0433115777	-0.0350394327	0.085204861	-0.0121243093	0.0276787886	-0.0158229027	0.1303315996	-0.0285413285	-0.0537787858	0.0267163312	0.0042266824	-0.0634019314	0.0106352979	0.1250589162	-0.0298456204	-0.0036916952	-0.0941914629	0.0218641142	0.055162413	0.1392866435	-0.1392921115	-0.0840081265	0.0719508247	0.0649389723	-0.0156625215	-0.078911793	0.0303791292	0.1057726682	-0.1072569644	-0.0144958512	0.0468856382	0.0811259734	0.0476028764	-0.0889717751	-0.0625279641	-0.0998305379	-0.1419954373	0.0657305203	-0.2072572706	0.0461739703	-0.0243946128	0.0897995199	-0.1020738035	0.1943287794	0.0148398444	-0.0909160601	0.1875203663	-0.0524272143	0.0033752818	-0.138601751	0.1091973176	-0.0358770309	0.1243465441	-0.0648542384	0.0311701638	-0.1529360922	0.0871568994	-0.1041463245	0.1428576041	0.0491509525	0.1111058879	0.1110902189	0.1110641056	0.1110275503	0.1109805565	-0.0681894379158478	n/a	n/a	0.0046497994432792	-0.0705623168136355	n/a	n/a	0.0049790405541078	-0.1962333065845314	n/a	n/a	0.0385075106130986	0.0050329145702916	n/a	2.533022907185348e-05	n/a	-0.0010987960643151	n/a	n/a	1.2073527909543536e-06	-0.0011077423626859	n/a	1.22709314208894e-06	n/a	0.0	0.0	0.0	0.0	0.0	0.0	0.0	0.0	0.0	0.0	0.0	0.0	0.0	0.0	0.0	0.0	0.0	0.0
1260.0824681921124	0.382655178447294	1587807.826645126	0.1464249855925304	1540.667185799629	34.773280224950895	1209.181017602961	2373655.377399748	1188.9944274464935	-0.3725635398184295	1413707.748498815	0.1388035912020385	1208.3325074149989	1377.3573848844062	1.316819	26.884113	0.1431675549398377	0.1031462579541586	-0.0670033568	0.1252208369	-0.0421882795	-0.0072785772	0.0526856466	-0.062483303	-0.0111272519	0.1155182551	-0.0497667297	-0.0599145937	0.0333149789	0.0800241117	0.0218627297	-0.1917247713	0.0648363892	0.037748253	-0.0549019592	0.0075541716	-0.1230042333	0.0123228034	0.2212820976	-0.0690854756	0.0049166975	-0.0665373575	0.0677878735	-0.1055799162	0.1118699154	-0.1231910855	0.1418800821	0.1063689954	-0.0284324867	-0.1434675715	-0.0206419462	-0.0150585312	0.012699292	-0.0532853149	0.0774992369	-0.1163261074	0.006015752	-0.0541532709	-0.0135136166	-0.0760736342	-0.0827425108	0.012760074	-0.0187137005	-0.0337552672	0.0298106442	-0.0429624978	-0.0199027192	-0.003512564	0.0224891581	-0.0146581073	-0.114268486	-0.0311319246	-0.0440152866	-0.0067005479	0.0800043263	0.0861456215	0.1075547427	0.0565377095	-0.0402489186	-0.040543306	-0.1683873656	-0.0121335154	0.104031877	0.1151914645	0.0373659715	-0.0629808927	0.0059145997	0.0080238114	0.0004859107	0.0467500831	-0.0797887028	0.0127786242	0.0222021782	-0.0499256775	0.0558309502	0.1256956072	-0.1674316998	-0.1205367521	0.0791672962	-0.1310901183	-0.0237562585	-0.0371187368	0.0338158889	-0.1280926325	0.1268681536	-0.1216467652	0.1146509979	-0.1686605094	-0.0682135439	0.0012084784	-0.0421889289	0.0284053939	0.0282824589	-0.0118949527	-0.1366265249	0.0567438446	0.0097204108	-0.0937885245	0.0309917301	0.0328810084	-0.0259009434	-0.037374438	-0.0243404757	-0.0811276963	-0.0463136147	0.0307878138	-0.0364853525	0.072852208	0.0631315848	-0.0157940932	-0.0460658491	-0.0074648532	0.0517008735	0.1099247417	0.0756851279	-0.0705892859	-0.0953834138	0.0741199027	0.1456226721	0.1121746127	-0.0212359917	-0.0045613041	0.0867800655	0.051808087	-0.0263628793	-0.0360178365	0.1012540474	-0.0306211855	0.0705591183	-0.0311674016	-0.1318277412	0.0237076912	-0.2784718683	0.0068682935	-0.0804859559	0.012815171	-0.1783115316	0.0824052078	-0.0514007856	-0.1798269672	0.1186432382	0.0125794914	0.0311271081	-0.0557727669	0.0099752989	-0.1974660679	0.0911453839	0.0129547039	0.0165592308	0.0101656997	0.0255384507	-0.1277577435	0.1612311245	-0.0534684772	0.1110641056	0.1109231287	0.1106882998	0.1103598175	0.1099379598	-0.0724849882657849	-0.004295550349937	1.8451752808844643e-05	0.0052540735238909	-0.1713351752447494	-0.1007728584311138	0.0101551689963773	0.0293557422761489	-0.2010201133292781	-0.0047868067447467	2.2913518811552627e-05	0.0404090859629158	0.004841132115406	-0.0001917824548856	2.343656015881537e-05	3.6780510001947295e-08	-0.0014469967529535	-0.0003482006886383	1.212437195682559e-07	2.0937996030579723e-06	-0.0012340060074427	-0.0001262636447567	1.522770826404673e-06	1.5942507987271382e-08	0.0	0.0	0.0	0.0	0.0	0.0	0.0	0.0	0.0	0.0	0.0	0.0	0.0	0.0	0.0	0.0	0.0	0.0
1261.522219625014	1.4397514329016303	1591438.310607622	2.072884188542298	1536.485272187096	-4.1819136125329806	17.488401462688643	2360786.9916478544	1189.9106456836505	0.9162182371569544	1415887.344711282	0.8394558580989969	1209.5535723345793	1348.0667005708078	1.336111	27.27799	0.1118260131545502	0.0541216130096988	0.0834645489	0.0567707833	-0.0352536501	-0.1391113981	0.0058252973	0.0567436706	0.0506913627	0.0017804834	0.0743706523	-0.052794119	-0.0814418148	0.0817428059	-0.0162804507	0.0261714023	-0.0421220014	0.0607417491	-0.0562120141	0.0707349953	-0.0687974429	-0.0395132099	0.1700303169	0.0408129408	-0.0823109942	0.0116726848	-0.0147718248	-0.0070563335	-0.040370165	-0.081559958	-0.0715174286	0.0197453935	0.0038484209	0.0947729987	-0.1578891282	-0.0595364974	0.0026918122	-0.0178536187	-0.1088142999	-0.0347530909	-0.0065575523	0.003265282	-0.0238972231	-0.0740720841	0.1414733601	0.0197179359	-0.0330508585	-0.0134490209	-0.1069304082	0.0341880738	0.1524574912	0.0269130698	-0.04693539	0.1694352488	-0.0018253541	0.0411824074	-0.0236781253	0.0156969154	-0.0534264697	0.0250643985	0.0771677697	-0.03914175	-0.043563922	0.0459166478	-0.0145467343	-0.1072163072	0.1104370386	-0.134473839	-0.1415411016	0.043957236	-0.0755002527	-0.0771478631	-0.0223563532	0.0699758024	0.080293945	-0.0602963058	-0.0615429875	-0.0524020568	0.0904382008	0.018413574	-0.1568909431	-0.1024716063	0.0078094521	0.0054671893	0.0625985759	0.0426762749	-0.0083631452	-0.0775239616	0.0049644201	0.032412324	-0.0488712077	0.081585972	0.018720297	-0.172645953	-0.0226103608	-0.0057117296	0.0724089846	-0.0689904804	0.0398843547	0.0193901097	-0.0079794604	0.0219904559	-0.139255797	0.0030881569	-0.036060092	-0.0458619164	-0.0940940454	0.0890407677	0.0899303352	0.0560729983	-0.0282128676	0.0538186314	-0.1274942529	0.0354550485	0.1857004696	0.1267344493	-0.0407419376	0.045191222	0.0472639781	-0.0334327069	-0.0333415226	-0.0342731692	-0.0551214776	0.0795209082	0.0268919927	-0.1853802597	-0.0042247295	-0.1132843234	-0.0809903839	-0.0431208966	-0.1337063671	0.1514927296	-0.0639929057	0.0934516163	-0.1142181294	-0.0046465736	-0.2470877396	0.0114062209	0.0124365837	-0.0710624134	-0.0366669681	0.0522628108	-0.0996046535	-0.0714654254	0.0557324641	-0.0062865945	0.0144915863	-0.0422536663	0.0131760149	-0.1252394117	-0.0634899787	0.0107016017	0.1324802512	-0.05734481	0.1241808414	0.0918336726	0.0142519033	-0.1251299395	0.1109805565	0.1105891995	0.1099379598	0.1090283678	0.1078625611	-0.0830954994540036	-0.0106105111882187	0.0001125829476753	0.0069048620295103	-0.1361802456382861	0.0351549296064633	0.0012358690756353	0.0185450593021039	-0.1847192419190548	0.0163008714102232	0.0002657184087326	0.0341211983351502	0.0043209078921812	-0.0005202242232247	1.867024501271378e-05	2.70633242429846e-07	-0.0010978994014081	0.0003490973515454	1.218689608560126e-07	1.205383095612264e-06	-0.00110813356322	0.0001258724442227	1.2279599939346538e-06	1.5843872214596732e-08	0.0	0.0	0.0	0.0	0.0	0.0	0.0	0.0	0.0	0.0	0.0	0.0	0.0	0.0	0.0	0.0	0.0	0.0
1261.517541759233	-0.0046778657811046	1591426.508166258	2.188242826602962e-05	1527.511294473987	-8.97397771310898	80.53227599537666	2333290.754745595	1190.5120314121773	0.6013857285267932	1417318.896937149	0.3616647944757017	1209.378306951402	1352.2812852292236	1.323212	27.014647	0.1534031366039294	0.0847450654251338	0.0185529472	-0.1116428848	0.0040173858	-0.0162040165	0.0216196937	0.06033642	0.1286821743	-0.0995765933	-0.0495656932	0.0682966615	-0.0614832596	0.0697956326	0.0162348915	-0.0032273793	0.0811979093	0.1096250768	-0.1336801174	0.064582233	-0.1615213306	0.0269193906	0.0373082463	0.0533497186	-0.0429291953	0.0715176125	-0.0794076901	-0.162030654	-0.0085452301	-0.029744812	0.0134907916	-0.0760531422	-0.1028486712	0.0419720073	-0.0577577947	-0.0578994431	-0.0035521062	-0.0303841656	0.1232775043	0.1851173666	-0.1698564151	0.1085536271	-0.0550294285	-0.0385258897	0.0697562283	0.0639966674	0.0549739564	0.0012405291	-0.0686864886	-0.0100186577	0.0694669411	-0.1186241102	-0.0534888664	-0.0437784904	0.0798271774	0.0375357048	-0.0740054811	0.0056234245	-0.0079539697	-0.1254520178	-0.1467345956	0.0857251789	-0.0478566975	0.0404194953	-0.003326467	-0.00447743	-0.1004766863	-0.0171154693	-0.0349368893	0.0393169295	0.0734027667	-0.0210207128	0.1044347634	0.0217829867	0.0450640584	-0.0200325767	0.0883158074	0.1345562479	0.010571723	0.0609739341	-0.1105508502	-0.0235683616	-0.0685690539	0.0530023939	-0.0191724614	0.1399902487	-0.0408895387	-0.0811686921	-0.0378288674	0.0952634874	0.0653017293	-0.0548053776	-0.021822386	-0.0248966037	0.1423731213	0.1495933142	0.1212153963	0.1207543784	0.1098924223	-0.0321289416	-0.0064143012	-0.0465157495	-0.1134031364	0.0203897378	0.0712294554	0.0876959365	0.0139457081	-0.0409309232	0.095219498	-0.061611784	0.148185359	0.0135885084	-0.0023145782	0.0408400604	0.032021526	0.0477569449	-0.0278027762	-0.1390304737	0.0818174024	0.0987737221	0.1878724046	0.046624095	-0.0392622976	-0.0454225119	0.0410287486	-0.0349380694	-0.055057844	0.0094526993	-0.0485318954	-0.0321301971	-0.0531985956	-0.1000069362	0.0083008926	-0.039486025	-0.0912438531	0.0312110633	-0.1235887158	0.0310418896	0.0664834913	0.0508718451	0.0536943086	0.0907930256	0.0276086062	0.1255419736	0.0247505642	-0.0082008393	-0.0249328691	0.0441721168	0.0640090222	-0.025873286	0.0282146153	-0.0966013267	0.0307380532	-0.0591166618	0.1537882583	-0.0295190457	-0.1700778858	0.1489335428	0.1108552722	0.1100889337	0.1088156246	0.1070412087	0.1047738574	-0.0635372672168301	0.0195582322371734	0.0003825244482432	0.0040369843253828	-0.1940777595383451	-0.057897513900059	0.0033521221158075	0.0376661767474237	-0.1409782740484928	0.043740967870562	0.0019132722702535	0.0198748737536919	0.0037714567312373	-0.0005494511609439	1.422388587559514e-05	3.018965782625995e-07	-0.0010969208599018	9.78541506299873e-07	9.575434795516245e-13	1.2032353728877045e-06	-0.0010144348137475	9.369874947250004e-05	1.029077991342925e-06	8.779455652710326e-09	0.0	0.0	0.0	0.0	0.0	0.0	0.0	0.0	0.0	0.0	0.0	0.0	0.0	0.0	0.0	0.0	0.0	0.0
1264.0743939506956	2.556852191462667	1597884.0734418184	6.537493128987443	1516.606370466469	-10.904924007518048	118.91736760974348	2300094.882939476	1189.8661592140743	-0.6458721981030067	1415781.4768428528	0.4171508962824095	1209.0942871026148	1385.5156384196157	1.299951	26.539749	0.0407551727120701	0.0214851068951127	-0.1261617588	0.0153936675	0.0139712318	0.0220067087	-0.073440095	0.1044956175	0.1072779469	-0.1069676537	-0.0635377573	-0.0196693192	-0.0457028177	0.1170431309	-0.0295462662	0.0070074263	-0.0653657064	0.0043707704	-0.0034141421	-0.0154143474	-0.1227315157	0.0712601468	0.1329213724	-0.0648463796	0.0480221751	-0.0368429861	-0.0493961215	-0.1312204286	0.0233576429	0.0815722748	-0.0609959407	-0.0369551375	0.0322453393	0.0038217819	-0.0476455425	-0.1119223868	0.1323765922	-0.0224018557	0.0522605537	-0.2018348035	0.0147271647	-0.0174141026	0.1200999923	0.0552592549	-0.1443217179	0.0693222419	0.0824767883	0.0957242704	-0.0025925056	-0.0601221724	0.0291897384	-0.0074636807	0.0640598275	-0.0603181052	0.1190786722	0.0095156941	-0.1033832055	-0.0444134011	-0.0640357022	0.076892843	-0.0874779773	-0.0618476568	0.0373131639	-0.0380521081	0.0921300778	0.0042080446	-0.032767927	0.0545666951	-0.0446494821	0.037781054	-0.1275502994	-0.052674544	-0.1255556023	0.0490208262	-0.086049506	-0.1464977343	0.0071566327	0.0858579664	-0.0515638518	0.1135160269	-0.0803181809	-0.1236183978	0.0264529495	-0.1196618405	-0.0836655901	0.0137588397	0.0146163431	-0.0273935095	-0.0784320132	-0.0091402348	-0.0871187875	0.0346868147	-0.1218819233	-0.0613553659	0.052696861	0.048523071	-0.0806902858	0.1642464403	-0.2283316721	-0.0095841742	0.0225248549	0.0120026143	0.1025601351	0.093731651	0.053417934	0.0519939174	-0.042502074	0.1030049935	0.0795665922	-0.016846444	0.0138359049	0.0322203119	0.1221802041	-0.0185925575	0.0406855869	-0.0140612752	-0.0428538732	-0.0510828029	0.0651369528	0.0437751474	-0.0264790038	-0.1525556633	-0.0503535236	0.0011632821	0.0578366457	0.0684319432	0.0137979917	-0.015769716	-0.0380181031	0.0485157993	0.0073470671	0.0580113693	0.0828528096	0.2069079928	-0.1247021302	0.0416489011	-0.1003024966	0.0374849112	-0.0863673844	0.0643003871	-0.1352397612	0.0158067917	0.0208335693	0.126708607	0.0147633337	0.0136234609	-0.0280312231	-0.0458763663	0.0437279745	0.0333111636	0.0310274148	-0.0269067234	-0.1078064692	0.0589853268	-0.0902958848	-0.0686318383	-0.1223962536	0.1010287774	0.1106882998	0.1094230837	0.1073250918	0.1044102912	0.1007008652	-0.0595149820437512	0.0040222851730789	1.6178778013570404e-05	0.003542033087668	-0.1906817129476508	0.0033960465906943	1.1533132446166464e-05	0.0363595156526503	-0.1557947397377148	-0.0148164656892219	0.0002195276555198	0.0242720009299422	0.0039628559116387	0.0001913991804013	1.5704226976409792e-05	3.663364625832752e-08	-0.0011822009002782	-8.52800403764e-05	7.272685286600414e-09	1.3975989686185867e-06	-0.0011081630981512	-9.372828440369998e-05	1.228025452104066e-06	8.784991297260869e-09	0.0	0.0	0.0	0.0	0.0	0.0	0.0	0.0	0.0	0.0	0.0	0.0	0.0	0.0	0.0	0.0	0.0	0.0
1267.3917275435388	3.3173335928431698	1606281.7910457957	11.004702166205773	1557.8962594099578	41.2898889434889	1704.854928965647	2427040.7550835386	1190.4643012386437	0.5981420245693698	1417205.252523612	0.3577738815559446	1210.0753258041188	1365.2056916750794	1.513762	30.904894	0.0769635421527943	0.0449289901231856	0.0033925324	0.0905601742	-0.1146503798	-0.1056218141	0.1805951389	0.0033452536	-0.0506358109	0.13156632	-0.0912978141	-0.0628007322	-0.1077674993	-0.0639576317	-0.05814801	-0.0195110243	0.0832951426	0.0023972089	-0.0458600565	0.0497529523	-0.0658753758	0.0026632666	0.0450580222	-0.0424844382	-0.060229986	0.0208157947	-0.0093671382	0.0847731203	0.1164456695	0.1072630541	0.1199137539	-0.1739378116	-0.0700306779	0.0287507607	-0.0591935588	0.0020844331	0.1470629666	-0.0524262671	-0.0030089867	-0.0922443574	-0.0604532999	-0.1190215762	0.0381690263	0.0291073366	0.0906977589	0.0206737387	-0.1728408274	0.0279019025	-0.0023934209	0.1816502143	-0.0606798912	0.0417017676	0.1115287494	-0.1030750393	-0.067626311	0.0629964534	0.0336573318	0.1970856797	0.0046750026	0.0314496536	-0.0750073644	-0.0783387189	0.0797642994	0.0571982377	0.0789321477	-0.1657931405	-0.0956040346	-0.0679155432	-0.0607572703	0.1420480587	-0.0076293091	-0.0057183796	-0.1782998927	-0.0405967134	0.0913505663	0.0901760151	-0.0952387543	-0.0052445866	0.089853458	0.0552153455	-0.0666211937	-0.0099120626	0.032667465	-0.0642073764	0.0060716855	0.0634530433	0.1358243762	0.2118571488	0.0706681461	0.1211370836	0.0729069387	-0.0887985225	-0.069069671	-0.044950897	-0.0873576342	0.127232882	-0.034274719	-0.0446148351	-0.09372002	0.0398317422	0.0728132729	-0.0038971667	-0.0055856427	-0.1795274154	-0.0338780593	-0.0674515001	0.1284229045	0.1193540767	-0.0596971946	-0.0250593223	-0.0012075298	0.130907696	-0.0866839436	0.1084473397	-0.1201526645	-0.0100358897	-0.0734716818	-0.068369504	0.0065575699	0.0282382566	0.0249487997	-0.1870614276	0.1195514029	-0.0716080198	0.0472824272	0.0144774265	0.001433096	-0.1235192119	0.1091203737	0.1080962512	-0.0366538867	0.1930369099	0.0160284638	-0.0932096801	-0.0933655744	-0.0107030331	-0.1236337978	0.0414125274	-0.0958742977	-0.0131333906	-0.0131375486	-0.0786236072	0.0569596033	-0.0118768736	-0.0796301041	-0.0385418446	-0.1245607781	-0.0187273306	0.0152854158	-0.0646823319	0.066441246	0.0675171252	0.0499341129	0.0128516509	-0.1093242917	-0.0629491038	-0.0378293379	-0.0328355669	0.110479702	0.1085926509	0.1054714048	0.1011514379	0.095681848	-0.0650574363485958	-0.0055424543048446	3.071879972129047e-05	0.0042324700242515	-0.1540660016451198	0.0366157113025309	0.0013407103141902	0.023736332862914	-0.154505892344801	0.0012888473929137	1.661127602220685e-06	0.0238720707692632	0.0037105836211961	-0.0002522722904425	1.3768430809888764e-05	6.364130852515537e-08	-0.0007660625213921	0.0004161383788861	1.7317115038195137e-07	5.868517866816218e-07	-0.0011100830118726	-1.9199137213999403e-06	1.2322842932481429e-06	3.686068697619768e-12	1.0	0.0	0.0	0.0	0.0	0.0	0.0	0.0	0.0	0.0	0.0	0.0	0.0	0.0	0.0	0.0	0.0	0.0
1264.4894193606235	-2.902308182915249	1598933.4916749669	8.423392788616814	1548.8245316851169	-9.071727724840912	82.29624391364726	2398857.4299496217	1190.0263083646155	-0.4379928740281684	1416162.614599915	0.191837757699455	1210.2905432051646	1375.730633605291	1.450621	29.615824	0.0886950761773006	0.0494609535811667	0.0495312034	0.0032639097	-0.1053472191	0.0552295896	-0.0326041377	0.0926716054	-0.0535199331	0.0537144816	0.0203645997	0.1075784744	-0.0661237571	0.0036681863	-0.14114978	0.0888204553	-0.0550946763	0.1047042017	-0.0466847064	0.0905639302	-0.0221824096	0.0512171534	0.0425920543	0.0131091634	-0.0834256612	0.0145291138	0.0367904882	-0.0112049039	-0.1325517969	0.0199930221	-0.041150811	-0.04399725	0.195218067	0.1273449928	0.0972528243	-0.0280846805	0.0221050939	-0.00409219	0.0176766326	-0.0007846955	0.0619401004	0.0185421171	0.1174737981	0.0310998547	0.0319979227	0.0029178692	-0.1095532065	0.0177555768	-0.1276401686	-0.0138050314	-0.0729183084	-0.0274182874	-0.0534291123	-0.1694620362	-0.0476137088	-0.0444659251	0.0700746613	-0.1442712547	0.0146754555	0.1225677893	-0.0596036299	0.0183250853	0.0398986851	-0.0620311244	-0.0133818132	0.1218074981	0.0472218011	-0.0019621418	0.0317174371	-0.1174228246	-0.0332065351	0.0582391343	0.0980386681	0.0252316402	-0.0550797756	0.0349083688	0.1571928792	0.0154762691	0.0853761843	-0.0691154572	-0.1209966047	0.0093208053	0.0220665325	-0.015988394	0.0020452794	0.0489569643	-0.0724440244	0.0485095294	0.0068456806	-0.0121212379	-0.0445716804	0.2580771398	0.0516912241	0.082339003	-0.0301457672	-0.0608164562	-0.0206744494	0.1081052418	0.0276759504	-0.035444445	-0.0231979059	-0.0447767898	0.0723234653	-0.045975969	0.0566019895	-0.0517926329	0.0128368636	0.0245218963	0.1552154633	0.0148421818	0.0622841328	-0.0701012837	0.0528561531	0.0775270236	-0.0771974122	-0.0762275865	0.1277452621	-0.1211380761	-0.0499791235	-0.1163377674	-0.1495788015	-0.0205286589	-0.0368876838	0.0397926383	-0.1466145484	0.02393408	0.054826707	-0.0033743914	-0.0262065482	-0.1054734817	-0.0688597687	-0.0864927003	0.0553054199	-0.0164703007	-0.0654835101	-0.0661128016	-0.102599908	0.0113066947	0.0162180933	0.0040562853	0.1059072143	-0.0661076167	-0.0294824634	0.0222585101	-0.0631769397	0.0395038708	-0.1325335681	0.053822472	-0.1851732937	0.0253309507	-0.0093314406	0.0178082395	0.04015424	0.1521168827	0.0214463848	0.064761772	-0.1924890432	-0.0464850102	0.1102295573	0.1075988845	0.103260836	0.0972842479	0.0897639565	-0.0623989248636291	0.0026585114849667	7.067683315699854e-06	0.0038936258241368	-0.1258943454666052	0.0281716561785146	0.0007936422118404	0.0158493862204649	-0.1403715248192867	0.0141343675255143	0.0001997803453463	0.0197041649800916	0.003078019861673	-0.0006325637595231	9.474206268853471e-06	4.001369098619986e-07	-0.0009325939106021	-0.0001665313892099	2.77327035922125e-08	8.697314020921177e-07	-0.0010345673408396	7.551567103299996e-05	1.070329582731921e-06	5.7026165715642686e-09	0.0	0.0	0.0	0.0	0.0	0.0	0.0	0.0	0.0	0.0	0.0	0.0	0.0	0.0	0.0	0.0	0.0	0.0
1263.0005956974817	-1.4888236631418297	1595170.5047321937	2.216595899931056	1522.8934032876416	-25.93112839747528	672.4234199663488	2319204.3177770157	1189.3756144564627	-0.6506939081527889	1414614.352263688	0.4234025621071501	1208.402373599282	1362.3378586273402	1.398089	28.543325	0.0930874699043207	0.0488561036492115	-0.089402832	-0.0735152662	0.0591135341	-0.0636792837	-0.1266550606	0.0856095205	0.0279738877	-0.1061519921	-0.0371687301	-0.0010910538	-0.0458219442	0.0224515344	-0.0984711988	0.0955192014	-0.1047019006	-0.0318081484	-0.0359149104	0.0056389974	0.0176463	-0.0075007802	-0.0651981198	-0.1154510145	-0.0309364048	-0.0064632715	0.0427834033	-0.0862243683	-0.0040259788	0.0649596392	-0.0955242433	-0.0756530556	0.0632124633	0.0932337662	0.1208204851	0.0063501521	-0.0137351287	0.1120519529	0.018114166	0.0192267184	0.0661342574	-0.0021437222	-0.112903609	-0.0682745558	-0.0663257617	-0.0951930302	0.0158874238	0.1302496083	0.0491742218	0.0095005439	0.1308275029	-0.0326557777	-0.2130302145	-0.0323520806	-0.0942300333	0.1090770502	0.0855594859	0.0050239332	-0.0825022489	-0.077372375	0.0272059022	0.0413573262	-0.0255790673	0.0148001822	0.0118137222	0.066090955	0.0340039678	0.0320125593	-0.1025320027	0.0069049982	0.0956154921	-0.0158176085	-0.0317784775	0.1284916694	-0.1306396433	0.0545334436	0.0115345336	0.0650370699	-0.0261945533	0.0439811712	0.0994057929	0.0094551732	0.0714020601	-0.0308587439	-0.0772965158	0.0331074235	-0.0458105538	-0.0282562936	-0.0997832063	0.1058465175	0.0187009373	0.1394862607	0.0267911	0.0773098307	0.0648224272	0.0064883748	-0.0432890186	-0.0316440666	-0.0129118641	-0.0455931698	-0.070096541	0.003785295	0.0802098049	0.0870247655	0.0338808683	-0.0944877892	0.0541352439	-0.0438681	-0.0289472112	0.1717980991	0.1452469556	-0.1026953469	-0.095341698	0.0562436238	-0.0270396769	0.141484978	0.0712387277	0.055465845	-0.0221368736	-0.0637255685	0.0482251634	0.0008979714	-0.0317325846	-0.0261234049	0.1033076947	-0.0826169751	0.0149230115	0.0450184546	-0.1163407092	0.0776234919	0.1322701043	-0.0056393193	0.064923081	-0.0570033243	-0.0477653966	0.0126155651	-0.0002629609	-0.0509102529	0.0748637674	0.0574657419	0.0051574791	-0.0202361205	0.0589965565	0.2545633839	0.0230302842	-0.0575529159	-0.0004027811	-0.0158419597	-0.0971065993	0.0727855578	-0.0931381004	-0.0618797709	0.0060491761	0.1380214385	-0.0405055208	-0.054878125	-0.2168360342	-0.017764123	0.1099379598	0.1064432791	0.1007008652	0.092831979	0.0830027857	-0.0519446534113399	0.0104542714522892	0.0001092917915981	0.0026982470180242	-0.0995087191610792	0.0263856263055259	0.0006962012755348	0.0099019851890785	-0.1136701074940162	0.0267014173252704	0.0007129656871782	0.0129208933377011	0.0026340257378371	-0.0004439941238358	6.938091587588279e-06	1.971307820008085e-07	-0.0008619646179437	7.062929265840001e-05	4.988496981425918e-09	7.429830025868288e-07	-0.00111086702077	-7.629967993040012e-05	1.2340255378344155e-06	5.8216411574815034e-09	0.0	0.0	0.0	0.0	0.0	0.0	0.0	0.0	0.0	0.0	0.0	0.0	0.0	0.0	0.0	0.0	0.0	0.0
1268.4708624066227	5.470266709141015	1609018.3287746012	29.923817869136467	1536.8465743981428	13.953171110501216	194.69098403892573	2361897.3932393063	1190.3745131823823	0.9988987259196164	1416991.4816341938	0.997798664643833	1209.813090590465	1381.7503680108189	1.214503	24.795237	0.0924229720490905	0.0464341688157718	-0.0888068313	-0.0216212349	-0.0415457084	-0.0741033425	0.071605455	0.0742777679	-0.0188404422	-0.0047174062	-0.1336310384	0.0165601712	-0.1766457875	0.0650397607	-0.1270340261	0.0683822351	0.0492787287	-0.099501995	-0.0599229451	0.0719339718	-0.0108825047	0.0455840355	0.0572400704	-0.1335395743	-0.0834915983	-0.0520594728	-0.0279357107	-0.0744447006	0.0213722188	0.0820746515	-0.0881349284	-0.0527662403	0.0158640144	-0.0795402748	0.0481917635	0.0316894814	0.0084541067	0.0687928914	-0.0606167138	0.0750554624	0.1404311544	-0.0200899471	-0.1900454429	0.0304339937	-0.0989874626	-0.0569578109	0.0976793295	0.0635907352	0.0734857308	0.1008111116	-0.1199090354	-0.0773882022	-0.0148297185	-0.0077579127	-0.0652534265	-0.0916423346	0.0104537377	0.0698450612	0.0411973457	0.143578879	-0.1479249246	-0.0089300833	0.000393867	-0.0732445791	0.0421194537	0.0004854928	0.0712407624	0.0769880631	0.1926566863	0.026957835	0.0700937178	-0.0058286489	0.0698765216	-0.0783540773	0.0789312193	-0.0673577911	-0.0958243274	0.1031354565	0.0417644464	0.0366731687	0.0164202006	-0.0887838425	0.1205679514	-0.0946665123	-0.041168133	0.0808078018	-0.0303917182	0.0075508998	-0.1398970657	0.0430220564	-0.0006792838	-0.0099152791	-0.0865906086	0.0429718055	-0.0374222174	-0.0446218175	-0.0945405244	-0.1227162825	0.0155508514	-0.1029163951	-0.1356400763	0.113949419	0.0639000649	0.0175306233	0.0213920118	0.0568402977	0.1250194352	-0.0900977443	-0.1236762382	-0.0554992691	0.0322017915	-0.0051388699	-0.0121625767	-0.0293977163	-0.0380302884	0.0124354972	0.0102317776	-0.0744135059	0.0296316816	-0.0442583125	-0.0430775861	-0.0593605594	0.0567187796	0.0985336231	-0.0469303646	0.0545864883	0.003206397	0.2153719298	0.111624311	-0.100757089	-0.0127601888	-0.0507587982	-0.1065241001	0.1072699681	-0.0833804139	0.0037579734	0.0447063395	0.0657515272	-0.0280234773	0.0174759921	-0.0567137133	-0.103542199	0.0571672331	0.1343291306	-0.1505764155	-0.0936961839	-0.1523610434	0.0122590698	-0.0108328456	0.204590426	-0.0393096266	0.0180016718	-0.0853148436	0.0038941633	-0.1389421952	-0.0653658954	-0.0437526691	-0.0095862374	0.1096050192	0.105127573	0.0978001546	0.0878214077	0.0754618528	-0.0468449934917316	0.0050996599196082	2.600653129565932e-05	0.0021944534152403	-0.1327064616957471	-0.0331977425346678	0.001102090109398	0.0176110049758047	-0.1388995652092006	-0.0252294577151844	0.0006365255366022	0.0192930892153049	0.0025762410164594	-5.778472137769972e-05	6.637017774887764e-06	3.3390740246983874e-09	-0.0006520325473937	0.00020993207055	4.4071474245410184e-08	4.2514644286071764e-07	-0.0008006615751051	0.0003102054456649	6.410589578497796e-07	9.622741852015929e-08	0.0	0.0	0.0	0.0	0.0	0.0	0.0	0.0	0.0	0.0	0.0	0.0	0.0	0.0	0.0	0.0	0.0	0.0
1266.7095074241502	-1.7613549824725396	1604552.976198733	3.1023713742808403	1563.2013799105828	26.354805512439956	694.5757735985353	2443598.55415435	1190.9975879421045	0.623074759722158	1418475.254483911	0.3882221562028249	1210.9035193527802	1382.5095390580036	1.289125	26.318714	0.1119327384228463	0.0690349056048982	-0.0378169042	0.0895292279	-0.1120034216	-0.0042307965	0.1402787634	-0.0315404315	-0.0629144136	0.1760140841	-0.171061723	0.0398603567	-0.0276684252	-0.0606474076	-0.0921720451	0.044033593	0.1494395133	0.0019142329	-0.0402627204	0.1490880612	0.0208914354	-0.0399741115	-0.0071693598	-0.1168420651	0.0227046672	-0.0049566644	0.007597677	0.0872214531	-0.0816595129	0.0932180665	0.0139290641	0.0776430795	-0.0423306536	-0.0272493866	0.0656981817	0.0020159413	-0.0219189726	0.0669234795	-0.0684439322	0.0515426604	0.0222096278	-0.0037255476	0.0677361185	-0.0599999921	0.0786473382	-0.102203377	0.07318551	-0.0898191915	0.0923853141	0.1697996003	0.0695446424	0.0200525588	-0.0313412065	0.0173216622	0.0621693879	-0.0808782976	-0.0935321249	-0.0332973337	0.1250196183	-0.0613581017	0.0045539311	-0.1725026964	-0.0275598413	-0.121766702	-0.0056612797	0.0837236313	-0.0440100508	-0.1062826328	0.0314126329	0.0056865165	-0.1256226437	-0.0077722111	0.122144825	-0.0907377309	0.0243936646	-0.0377892427	-0.0014816994	0.0070133858	0.1811376423	0.0051638399	0.0334565466	0.0052788389	0.0857857691	-0.013611127	0.005239593	-0.0260509012	0.0080194957	0.1294182861	0.0475956354	-0.0485269902	-0.1378075294	-0.0441520832	0.031747625	0.0333715746	-0.041745057	-0.0118840299	-0.0653444485	-0.0646210562	0.1232563832	-0.0160554598	0.0273253973	-0.0526261828	0.0135784077	-0.0779476132	-0.1482681147	0.0594670234	-0.0171469209	-0.0620478267	-0.0578576644	0.0864518983	0.1175336768	-0.1012586712	-0.0216553095	-0.1506986585	0.0198997048	-0.0378094928	-0.0984783089	0.037591289	0.025387553	0.0556682892	-0.0029607832	-0.0121131448	-0.0755622145	0.1544626271	-0.1024205204	0.0281464387	0.0402204406	-0.108236204	0.1568874107	0.0107738624	-0.1248526085	-0.0335087456	0.0456724055	-0.0513469547	0.0034661903	-0.0796682858	0.0837604409	-0.0190188632	-0.0155940415	-0.0403468671	-0.0295966232	-0.1894298054	0.1021312183	-0.0087124515	-0.1326777705	-0.0305311007	-0.130012255	0.0712233718	-0.0418826074	0.0120692008	-0.1675949387	0.1364273648	0.0071489119	0.0906114568	-0.2048651186	0.047146792	-0.0396500647	-0.0382728237	0.1092308605	0.103653745	0.0945685192	0.0822826681	0.0672120005	-0.0453428682801728	0.0015021252115587	2.2563801512005645e-06	0.0020559757038731	-0.1186882898067693	0.0140181718889777	0.0001965091431089	0.0140869101372556	-0.1170085917540859	0.0218909734551147	0.0004792147188125	0.0136910105442743	0.0014900708395246	-0.0010861701769348	2.2203111068015464e-06	1.179765653262575e-06	-0.000961168701546	-0.0003091361541523	9.556516180407457e-08	9.238452728316236e-07	-0.0008957846013619	-9.512302625680004e-05	8.024300520370981e-07	9.048390124251868e-09	0.0	0.0	0.0	0.0	0.0	0.0	0.0	0.0	0.0	0.0	0.0	0.0	0.0	0.0	0.0	0.0	0.0	0.0
1261.4104517402063	-5.299055683943834	1591156.3277594314	28.07999114153745	1558.574522069481	-4.62685784110181	21.4078134817653	2429154.540844111	1188.3290366285296	-2.6685513135748806	1412125.8992944893	7.121166113182221	1208.4784957306294	1371.991400701775	1.356656	27.697426	0.1189159762933406	0.0699285349409948	0.0892709025	0.0216536719	-0.1522213075	0.0224154629	0.0510376304	0.0131769921	-0.0650763925	0.1336030136	0.0219624795	0.1080469153	0.0199257675	0.0186562171	-0.1611738748	0.1146043192	-0.188527537	0.1103641731	0.0203645266	-0.0217165144	0.0621237041	0.0231132567	-0.0181147681	0.0355767215	0.0266189304	0.1457775444	-0.0398837149	-0.0188234842	0.02119045	0.0339161243	-0.0273430228	-0.044410655	-0.1274938988	0.0192480193	0.0954292361	-0.0812246995	-0.0628413615	-0.0757586848	-0.1151160593	-0.1557302967	0.0860709225	0.0740103022	-0.0131365723	0.108261137	0.144318398	-0.0265729239	0.0364154727	-0.1308804425	-0.033141989	-0.0803745444	-0.0355655923	-0.0018118995	0.1086154519	0.1424035842	0.1216661805	-0.1996744833	0.0232814837	-0.0106017507	0.0835195727	-0.1145731353	0.1731210303	0.0276431116	0.0492690114	0.0427148653	-0.0300915835	0.0067671503	-0.0658312204	0.0470797081	-0.0202733602	0.0329642962	0.0389831487	-0.031405925	0.156955292	-0.1038008105	-0.1415413459	0.0697918179	-0.0952986834	-0.0597926086	0.0190787587	-0.0842193921	-0.0515430691	0.0566504267	0.0041479209	0.0757755554	-0.1267747944	0.0198475266	0.0599891833	0.028184765	0.0185484396	0.0456730427	-0.2130441752	-0.0622480681	0.0040975807	0.1388836522	0.0092025162	-0.0957982506	0.0189561835	-0.0350804994	-0.0902870384	0.024892277	-0.0410044918	0.0669679447	-0.1447957919	0.0009712629	0.0076922699	0.0006933576	-0.1046095184	-0.0024311931	0.0505228408	-0.1312627536	-0.1207987447	-0.0356783119	-0.0807674391	-0.0340528827	0.071240986	-0.2474267349	-0.0773888031	0.1512971585	-0.0061753287	-0.0435949868	0.0656851645	0.1626367194	-0.0847282766	-0.0935606162	0.0109703807	-0.0371597461	-0.0049572527	-0.0491782757	0.0704787869	-0.0195387399	-0.0190242544	-0.170206109	0.0274604279	-0.0616088713	-0.0529416992	-0.0745669135	-0.0706044125	0.0275543582	0.0415559712	-0.0164129844	0.1066610679	-0.1271778397	-0.0910999704	-0.1276569036	-0.0736125442	0.1165457535	-0.030735819	0.1395549556	-0.125773289	0.1232609856	-0.009011303	0.0100682728	0.0971896743	-0.0428038504	-0.0275877091	0.2479539956	0.0608068236	-0.1505055119	0.1088156246	0.1020240119	0.0910168938	0.0762490709	0.0583307311	-0.0274826889813937	0.0178601792987791	0.0003189860045845	0.000755298193648	-0.1191212774278369	-0.0004329876210675	1.8747827999777605e-07	0.0141898787360396	-0.1352222440930148	-0.0182136523389289	0.0003317371315233	0.0182850552975508	0.0025762923150235	0.0010862214754988	6.637282092449144e-06	1.1798770938350071e-06	-0.000651829897863	0.0003093388036829	9.56904954640296e-08	4.24882215748089e-07	-0.0006431617398525	0.0002526228615094	4.136570236100948e-07	6.381831015719753e-08	0.0	0.0	0.0	0.0	0.0	0.0	0.0	0.0	0.0	0.0	0.0	0.0	0.0	0.0	0.0	0.0	0.0	0.0
1254.9977263865126	-6.412725353693759	1575019.293235316	41.123046461906746	1534.499383689713	-24.07513837976785	579.612288004971	2354688.3585441094	1184.9646052704363	-3.3644313580932703	1404141.115743721	11.319398363321328	1204.8144278359714	1379.5195353946451	1.4508	29.619474	0.0932158564680432	0.0699006509915739	0.0296760603	0.0727786019	0.0460808341	0.0125306253	-0.0244013826	-0.1354307111	0.0038049914	0.0446553793	0.0966556554	-0.0239754239	0.1313023737	0.0298214338	0.0182385491	0.0236959962	0.1067646617	0.1057675545	-0.0341672955	-0.198015743	0.0628185875	-0.0144240493	-0.0166344221	-0.06068192	-0.0455613717	-0.0541044231	0.0574151467	0.1146610626	0.0234144739	0.0131364418	-0.0838169437	-0.0549020807	-0.0310439551	-0.0014346443	0.0813361988	-0.0589940622	-0.0120244246	0.0532449569	-0.0485282474	-0.1297105853	0.0371601101	0.2375190838	-0.084215222	0.0579413782	0.03160233	-0.0611948245	0.164741465	-0.027257506	0.0682242189	-0.0821546038	-0.1129797044	-0.0391935678	-0.026995832	0.0088314533	0.0287153004	0.0417932384	0.1108633431	-0.0483456842	-0.0716450111	-0.101148678	0.0885985983	0.0109545487	-0.0213036397	0.0890535464	0.0929828427	-0.0966559251	0.0895235479	-0.0389470913	-0.0358680366	-0.0518786926	-0.106267395	-0.017091903	-0.0727439655	-0.0038205276	-0.1698861334	-0.0131922599	-0.0116556458	-0.1566334588	-0.1360950334	-0.0243155975	0.0078764658	0.0761052845	0.1155816279	-0.0510177824	0.0545406809	-0.0829697639	0.0143770801	0.0388845317	-0.0109554476	0.1092330856	-0.1194298001	0.027307255	-0.0012637392	0.0774743459	0.0502657747	-0.0836654481	-0.0724223288	-0.0155520144	-0.0911200926	-0.1656662193	-0.0394203032	-0.0152886514	-0.1587565552	0.1060627693	-0.0180987562	0.0975141081	-0.053990705	-0.0510282899	-0.0733007948	-0.0807252296	-0.0417142823	-0.1341604516	-0.0459051663	-0.0248896272	-0.0506910143	0.0499838786	0.0824509146	0.0885722287	-0.1060131958	0.0828586109	-0.0196881396	-0.00666953	-0.0052241745	-0.1330540531	-0.0371320256	-0.1916539713	0.0222495625	-0.0385676728	0.0140892769	0.0739268081	0.0814537754	0.0311529582	0.1159229897	0.0537597249	0.0100055285	0.014025291	0.0110141006	-0.1024093948	0.0419834851	-0.0523702231	0.0760247619	-0.0509633753	-0.0677055376	-0.0650214594	0.0007240399	0.091261044	0.1639404874	0.059478514	0.0547051289	0.0573604303	-0.1961124187	-0.1121229953	0.0326100544	0.093375225	0.0885157708	0.1324076606	0.0671452	-0.0708129678	0.1083594676	0.100240825	0.0871572961	0.0697569027	0.0489014791	-0.0275786318367607	-9.594285536700108e-05	9.20503149597329e-09	0.0007605809339875	-0.1225944826316407	-0.0034732052038038	1.2063154387729798e-05	0.0150294071717196	-0.0751670829911574	0.0600551611018574	0.00360662237497	0.0056500903653995	0.002139816639189	-0.0004364756758344	4.578815249350107e-06	1.9051101559518346e-07	-0.0005402356251611	0.0001115942727019	1.2453281699866033e-08	2.9185453069320454e-07	-0.0006869227374564	-4.376099760389999e-05	4.718628472345942e-07	1.9150249112885406e-09	0.0	0.0	0.0	0.0	0.0	0.0	0.0	0.0	0.0	0.0	0.0	0.0	0.0	0.0	0.0	0.0	0.0	0.0
1256.7161916225284	1.7184652360158452	1579335.5862862316	2.9531227673949947	1520.6936967019035	-13.805686987809622	190.59699320537592	2312509.3191889008	1186.6190797244303	1.6544744539939984	1408064.840366054	2.737285718918739	1206.200119899798	1330.715583718002	1.440871	29.416765	0.1128291423218512	0.0560065638109046	0.0029281425	-0.0793560028	0.078204197	-0.1249485237	-0.0764951231	-0.0100654035	0.0577191363	-0.1029572656	0.0046477638	-0.068068206	0.0046397268	-0.0182313461	0.0186584219	0.0049447322	-0.0427157131	0.0173305579	-0.1646953589	-0.1396085449	0.0079046767	0.0541837792	-0.0275015998	-0.0315848928	0.0669980862	-0.0246388192	0.0254305195	0.0627943	-0.178201267	-0.1178016133	0.0297717458	-0.0334076736	-0.013446256	0.0205276894	-0.0633993674	-0.0549115659	-0.0519489798	0.0182576103	-0.0002296087	0.1646101129	4.63909e-05	-0.0079096885	0.0512877954	-0.0040802981	0.1266290882	-0.1154631771	0.0670655298	0.0385338323	0.0018513306	0.0078378144	0.0159159775	0.1952073636	-0.0047172655	-0.029799338	0.0765565725	-0.0391357837	0.0526574301	0.0275276228	-0.0810705311	0.0211177432	0.0036418888	0.0801202576	-0.1257552684	0.0606817478	-0.0852334557	0.0255378117	-0.0330871526	0.0822468961	-0.0215055472	-0.1098235283	0.1107182277	0.130780012	-0.0963349249	-0.0836802205	0.0979745139	0.0694827121	0.0859241342	0.0247738788	-0.1863757393	0.0031384358	0.0283900912	-0.0317158643	0.0065644665	0.0371551892	0.0586386926	-0.0272804428	-0.0968308706	-0.0022621286	0.1429009306	0.012512484	-0.0625160981	0.068595622	-0.0050352849	0.0285169876	0.1004521926	-0.0235860581	0.1032158756	0.0206496992	0.1745724603	0.1267313141	-0.0286044062	0.1071207313	-0.1051491175	-0.0258376134	-0.1228332377	0.0452093965	0.0316749827	0.0370753107	-0.0375135359	0.1090423829	-0.0758647351	-0.0187304963	0.037452511	0.1415189385	0.0730956482	-0.034677072	-0.039648212	-0.0785682332	-0.0647565375	0.1027865337	-0.0732369147	0.1317559743	0.0045114155	-0.0538109829	-0.0835387109	0.0887509252	0.0883146941	0.0871351576	-0.0114650342	0.1022522598	0.0570291881	-0.0016883712	-0.1849803244	-0.063664197	-0.0375751759	0.0494718416	0.0521330931	0.0464883601	0.0210631161	-0.0046226144	0.0383195274	0.1114186798	-0.0406423768	-0.0561102302	-0.0518012967	0.004610298	0.1861891738	0.087314897	0.0590734347	0.134314488	-0.1077673182	-0.0456080784	-0.0342970572	-0.1476288523	0.0726111973	0.2242605078	0.1169493067	0.184881428	0.1078625611	0.0983068664	0.0830027857	0.0628452084	0.0390128266	-0.0200560672191727	0.007522564617588	5.65889784257869e-05	0.0004022458322999	-0.1581602778867648	-0.035565795255124	0.0012649257921294	0.0250146735012186	-0.1083221079530716	-0.0331550249619141	0.0010992556802251	0.0117336790713968	0.002319945200051	0.0001801285608619	5.382145731239674e-06	3.244629843821522e-08	-0.0003069273422295	0.0002333082829315	5.44327548844915e-08	9.420439340806464e-08	-0.0003686444315055	0.0003182783059508	1.3589871688001328e-07	1.0130108003897469e-07	0.0	0.0	0.0	0.0	0.0	0.0	0.0	0.0	0.0	0.0	0.0	0.0	0.0	0.0	0.0	0.0	0.0	0.0
1257.838064192072	1.121872569543484	1582156.5957304589	1.2585980622940995	1524.7089629161676	4.015266214264102	16.122362771410774	2324737.4215968954	1188.3356053942225	1.7165256697921905	1412141.5110476534	2.946460375055528	1207.28478143523	1359.392660532349	1.446855	29.538939	0.1550218062501885	0.0902867119062688	0.0713093335	0.0751458758	0.0300870911	0.0182177651	-0.0229610655	0.0011166698	0.0595227762	-0.0456079655	0.0747443653	-0.0600795365	0.0240062024	-0.0395174303	0.0399000721	-0.1092880362	0.0299996499	0.0546163276	0.1200349191	-0.0724945874	0.0823776633	-0.0050659343	0.0199363871	0.1030198241	0.0571841734	-0.0260333778	-0.0539728098	0.0317547164	-0.1161924267	0.0038570026	-0.156433595	-0.1016666163	0.1341957634	-0.0197264699	0.0082376443	0.1301862143	0.0012713729	0.1030629963	-0.036940117	-8.22673e-05	-0.0600408477	-0.033276237	0.0143744609	0.0026822614	-0.1495569125	-0.0493391027	-0.0052674962	0.0167040988	0.0194920958	0.0315491615	-0.0316379339	0.1172943731	0.049388552	0.0760374729	0.1332212303	-0.1182423565	-0.0500821952	-0.1522987274	-0.0228855961	-0.0830629293	-0.0514862253	-0.1381918634	-0.08120428	-0.0167722469	-0.0203530582	-0.0835102028	-0.0289096827	0.0003757509	-0.0358631088	0.0100517579	0.1084492314	0.0786150325	0.0366173376	0.0428928045	0.1043000049	0.0158360499	-0.0796901362	-0.0553395532	-0.0769565269	-0.0461571409	0.072444278	-0.0887472622	-0.1332096264	0.0335039319	0.076643018	0.0192695599	-0.0663470268	0.0543524798	-0.0926083514	0.0677961496	-0.0056570275	0.1487260413	-0.0706397973	-0.0560949588	-0.0712011274	-0.0874166607	-0.0674957418	-0.0670296676	-0.0145146497	-0.0279109006	0.1149182204	-0.0288579009	0.0809752478	0.0210802122	-0.0190968002	-0.0144120936	0.0282923845	-0.0855900738	-0.1057150937	0.0862271216	-0.1023003229	-0.0307075144	0.1296097272	-0.1153810901	0.1264920353	-0.1122028233	-0.0310729962	-0.0338232364	-0.0531989762	0.2349494685	0.0661672038	-0.0152528035	-0.0750525093	0.058840807	0.0704888033	0.0753860287	0.0230674308	0.0074822612	-0.060038781	-0.0295495556	-0.0586593711	-0.0033854061	-0.0404284973	-0.1110058041	0.0452968141	-0.0353866663	0.0981554653	-0.0819323078	-0.1045568458	-0.1171843681	0.0249536026	0.0178954319	-0.1322556287	0.0154574956	-0.0359664823	0.058897095	0.1307315372	0.0157105636	0.0112701701	-0.0477361744	-0.1207306962	0.072663367	-0.1258881495	-0.0273033304	-0.2036574137	-0.0237407688	0.0017518993	-0.0278673054	0.1073250918	0.0962250449	0.0785674201	0.0555555556	0.0287576717	-0.0170984282717938	0.0029576389473788	8.747628143052564e-06	0.0002923562493656	-0.1070349707949702	0.0511253070917945	0.0026137970252303	0.0114564849730801	-0.0756364567349265	0.032685651218145	0.0010683517955542	0.0057208735874144	0.0011998973994364	-0.0011200478006145	1.4397537691742358e-06	1.2545070756616026e-06	-0.0003868200720227	-7.989272979319997e-05	6.382848273809261e-09	1.4962976811964682e-07	-0.0005337680809551	-0.0001651236494496	2.8490836424649026e-07	2.72658196075544e-08	0.0	0.0	0.0	0.0	0.0	0.0	0.0	0.0	0.0	0.0	0.0	0.0	0.0	0.0	0.0	0.0	0.0	0.0
1266.4483697652115	8.610305573139613	1603891.473280962	74.13736206283907	1534.2007821447369	9.491819228569284	90.0946322678376	2353772.039933522	1191.7101682013165	3.37456280709398	1420173.12499441	11.387674139022003	1210.8728678710552	1324.4185149553202	1.545407	31.550955	0.0698050756014276	0.0353665561984289	0.0819437078	-0.0391579305	-0.0263059036	-0.073945361	-0.0721705626	0.1655082833	-0.0535999231	-0.0572861092	0.0234886328	0.0323238077	-0.1826109337	-0.2166901695	-0.0012806432	-0.0607947501	0.0015357137	-0.0720591733	0.2990434779	0.1458773931	0.124329386	-0.0847480072	-0.0850321773	0.0277891061	0.0869203891	0.0271221062	-0.0200453483	0.1060320124	-0.0436596701	0.0131675121	-0.008430587	-0.0360897935	-0.056455924	0.0737638856	-0.0191749637	0.088560438	0.1610974083	-0.0925243845	0.0641450523	0.07451338	-0.0493596623	0.0100023686	0.0567472024	-0.1036533863	-0.0340243447	0.1304332663	-0.0111040119	0.0107003453	-0.049405453	-0.183995167	0.0022199798	0.0242151609	-0.0325566777	0.0988587236	-0.0502657414	0.1061187395	0.0420238561	0.0461828881	0.0289366632	-0.1165181476	-0.1397618696	-0.0948008037	-0.056660269	0.0853330889	0.0578092713	0.0745484141	-0.019091585	0.0221230731	-0.0156488488	-0.2082847762	-0.0011029786	-0.0651005321	-0.0762533274	0.068745097	0.176148797	0.0171023474	-0.1148131289	0.0533891159	0.1101677447	-0.0859778881	0.2016422305	-0.0512401287	-0.1370161274	0.1282987551	0.0527694992	0.0065119322	0.0273489425	0.0894310255	0.0363942185	0.0949475195	0.0542415318	0.0133413287	0.1276083431	-0.0308295723	-0.0703572497	0.1619320304	-0.044809091	0.1144140298	0.0991567043	0.1323833081	-0.0705175118	-0.0777700738	-0.0081445086	0.1620193162	0.1124452623	-0.0273592043	-0.0789276363	-0.0024392221	0.0445117574	-0.0191542251	-0.1597456131	-0.0035224892	-0.0005063529	-0.0121779878	-0.0638128691	0.1321567425	-0.0061947162	-0.0694540932	-0.05559275	0.0652278212	0.056978879	0.0423408784	-0.0689644837	-0.0608465212	-0.04766397	0.1383702401	0.156206486	-0.1207913291	-0.0180041582	0.0061385823	0.0878156507	0.0758488437	-0.0388859231	0.0103289165	0.0911709895	-0.0544696685	0.1013240962	-0.0517015218	0.1054682975	-0.0438282564	0.1430909009	-0.0400562597	0.1192449561	0.1909726946	-0.1217661499	-0.0310106129	0.1076555156	-0.064030415	-0.0924432753	-0.2092247472	-0.1001927925	0.0552298474	0.1032505581	-0.0241296082	-0.0612815136	0.0675265527	0.0521037818	0.1447203311	0.106747262	0.0939984918	0.0738662073	0.0479317851	0.0182323554	-0.0051752600928267	0.0119231681789671	0.0001421619394239	2.6783317028404628e-05	-0.106325722392782	0.0007092484021881	5.030332960065077e-07	0.0113051592423469	-0.0673855039808017	0.0082509527541247	6.807822135079955e-05	0.0045408061467466	0.0008399913463015	-0.0003599060531349	7.055854618614064e-07	1.2953236708314158e-07	-7.909365011204983e-05	0.0003077264219106	9.469555074193148e-08	6.255805488047361e-09	-0.0002229664306777	0.0003108016502774	4.97140292091536e-08	9.659766581515529e-08	0.0	1.0	0.0	0.0	0.0	0.0	0.0	0.0	0.0	0.0	0.0	0.0	0.0	0.0	0.0	0.0	0.0	0.0
1260.7738459534291	-5.674523811782365	1589550.690640201	32.20022049048506	1566.5553085624156	32.3545264176787	1046.8153797122689	2454095.534785085	1188.9325863250428	-2.7775818762736435	1413560.6948255554	7.714961079403814	1209.8798469253734	1395.5891205141031	1.859552	37.964523	0.0851820597715401	0.0504549012632699	-0.0726375379	6.86447e-05	-0.0873922322	0.1436743048	0.0070692328	-0.0863952084	-0.1066651743	0.255419604	-0.0396467809	0.0740005668	-0.0356761917	0.0849543537	0.0259519269	-0.0013061104	-0.0311561511	-0.1024800403	-0.0823733143	0.0802884682	0.0308866274	-0.141625221	-0.0903871968	0.0330353568	0.0339510101	0.1142388491	0.1697730523	-6.42605e-05	0.1418137692	-0.0872756945	0.0265694185	0.0174573655	-0.1042104964	0.0060037654	0.090380819	-0.016885223	0.0089469395	-0.0772255348	0.0041050887	0.0802489316	0.022473124	-0.0758852245	-0.067935397	0.1168665981	0.0886172109	-0.1393114341	0.0769583465	-0.1069362827	0.0490835726	-0.0758233914	-0.0218596159	0.1209714188	0.1311155983	0.0129073482	0.072737354	0.0145100183	-0.0581768931	-0.062010945	-0.0459154447	0.0978039876	-0.0389760527	0.0300935133	-0.1038271219	0.0131041921	-0.0339628961	-0.045896545	-0.0900919711	0.0841087661	0.111517253	0.0170759814	-0.0354845401	0.0025757366	0.0378300628	0.0287097192	0.0336158584	-0.0161640222	0.0742485457	-0.0951277471	0.1732258776	0.0146711264	0.0156133176	0.1298381693	0.0538552087	0.1188968689	-0.1383183664	-0.149331947	0.0120693738	-0.0945052308	0.0918772811	0.0143758253	0.0244096286	-0.0438462216	0.0602760815	0.1632336908	0.0230069607	0.038267033	0.0185251926	-0.0161356132	-0.0319002806	0.079115628	-0.0661027888	0.234447789	-0.1197599675	-0.1074460479	-0.1224787237	-0.01195372	-0.0756731133	-0.0018656731	-0.0776730773	-0.0132320133	-0.1373200686	0.0041706472	0.0986803706	-0.1090573531	0.0209966229	-0.0511228375	-0.0398968085	-0.1016204801	0.0386139015	0.0818425925	-0.0374998857	0.0512908773	0.061013598	0.0065488136	0.0540047643	0.1454155856	-0.1029237627	0.0384708598	-0.0750488869	-0.0870173554	-0.0057232888	-0.0268174091	0.0779267318	0.0115251379	0.0009494262	0.0030702121	0.1068906668	0.1179734093	-0.0247571646	-0.011954745	0.0656913937	-0.1465347762	0.0387518	-0.1029829054	-0.0924982526	0.1223035133	-0.0001014213	0.1296538999	0.1966655851	0.2059763081	-0.0067348372	0.0097229554	-0.0902237286	-0.1337076734	0.0866846759	0.0295017247	0.225598094	0.2016808047	0.1061292888	0.091630556	0.0689150546	0.0400197472	0.007535757	0.0006511275037723	0.005826387596599	3.394679242580267e-05	4.239670261687465e-07	-0.1447771211186079	-0.0384513987258259	0.0014785100639724	0.020960414799392	-0.0755144933941096	-0.0081289894133078	6.608046888167177e-05	0.005702438712569	0.0013870037176043	0.0005470123713028	1.9237793126481484e-06	2.992225343583123e-07	2.9345364253696715e-05	0.0001084390143657	1.1759019836614585e-08	8.611504031821411e-10	-0.0002230207257253	-5.429504759999578e-08	4.973824410303949e-08	2.947952193885807e-15	0.0	0.0	1.0	0.0	0.0	0.0	0.0	0.0	0.0	0.0	0.0	0.0	0.0	0.0	0.0	0.0	0.0	0.0
1256.404533288072	-4.369312665357256	1578552.3512668177	19.09089316765133	1504.7191518519046	-61.83615671051098	3823.710276726872	2264179.725949915	1186.806303812887	-2.12628251215574	1408509.2027700068	4.521077321499324	1205.2397376811352	1374.765284880967	1.673258	34.161156	0.1701383857381724	0.1061283083051101	0.0403477441	-0.0760513999	0.0570644742	0.1647710679	-0.004441376	0.0114956261	-0.1247162591	-0.1386142921	0.110714944	0.0711225233	0.1529434996	-0.0695387666	0.0928957956	0.0087307423	0.053412979	0.1317272754	0.1639103025	-0.109190119	0.0346260056	-0.0032501223	-0.1147015075	0.1147841902	0.0097926613	0.0077512725	0.0458139189	0.132987079	-0.0047076096	0.1525845237	-0.0322874248	-0.0099044113	-0.1004167693	-0.0812903178	-0.0376109188	0.0249820241	-0.0729487441	-0.0047640216	0.1373058948	0.0432172583	-0.0222042085	0.0331853282	-0.0449945013	0.0599496334	-0.1322017036	0.046598293	-0.10668926	-0.0414151444	0.0104107411	-0.1539322616	0.1249592512	0.1226876549	0.0104412718	-0.0007610999	-0.0481224727	-0.0717527655	-0.0905457989	0.1300866445	-0.0195082667	0.1912889968	-0.0142034082	-0.0644277618	-0.0034553385	0.0437915412	-0.0038987877	-0.1899062851	-0.0201734766	-0.102096772	0.0893016946	-0.0103291935	-0.0143455109	0.0644060391	-0.046775959	-0.1368406523	-0.0432278357	-0.033465622	0.0202454663	-0.0295433813	-0.1190337416	-0.0398468119	0.065950962	0.0974585245	-0.0968502176	0.0671685006	0.0615468561	-0.1218361882	-0.0625907718	0.1343551264	-0.1713579376	0.0361457507	0.0534261681	-0.1386421986	0.0424117691	-0.0272500391	0.030579046	0.021099221	0.1051523698	0.0540854697	0.0002366289	-0.0767117375	-0.034302841	-0.0421933471	0.0557553292	-0.0049811386	0.0549839588	-0.0435069302	-0.1142205514	-0.0323344425	-0.0825731478	0.0577811282	-0.1357863027	0.1310318692	-0.0874520847	0.0587517467	0.0748122429	-0.0850629563	0.0221222716	-0.020840589	0.0988213317	0.1142246708	-0.1117557963	-0.1334936518	0.2050661809	0.0148655134	-0.0863614597	-0.0207792296	-0.1316321929	-0.0551541765	0.0829867391	0.0430605786	-0.0063180915	-0.0336196745	-0.0652270138	0.0681666156	0.103251907	-0.028408259	0.1652066373	-0.013876501	-0.0307479672	-0.0338673196	0.1750698953	0.0385810171	0.0967509814	-0.0888116868	-0.0103166611	0.1732827385	0.0603720579	-0.116388354	0.0064200853	-0.1628176592	0.0087388907	-0.1740005928	-0.1409670729	-0.0082003174	-0.0388714926	-0.1448466763	-0.0687356439	-0.1027525826	0.1054714048	0.0891247992	0.0637307152	0.0318670259	-0.0032316354	-0.008199716819206	-0.0088508443229782	7.833744522959717e-05	6.723535591516975e-05	-0.0495600079315465	0.0952171131870614	0.0090662986436776	0.0024561943861749	-0.0344329321174967	0.0410815612766128	0.0016876946769241	0.0011856268142081	0.0014399541155056	5.2950397901299975e-05	2.0734678547615146e-06	2.8037446379059924e-09	-0.0004171602402096	-0.0004465056044632	1.99367254817134e-07	1.7402266601173117e-07	-0.0002226993890595	3.213366657999872e-07	4.959501788747455e-08	1.0325725278745265e-13	0.0	0.0	0.0	1.0	0.0	0.0	0.0	0.0	0.0	0.0	0.0	0.0	0.0	0.0	0.0	0.0	0.0	0.0
1256.8292358883227	0.4247026002508391	1579619.7281836253	0.1803722986598241	1534.8790814940369	30.159929642132283	909.6213560183696	2355853.7948079784	1185.3747323150803	-1.4315714978067715	1405113.2560110483	2.049396953332724	1205.0370360463785	1385.4167822927602	1.505937	30.745153	0.1755973685080889	0.1084624368507513	-0.1498048381	0.0271800851	0.0387867553	0.1105442951	-0.1615831096	-0.1324356861	0.0388322135	0.0612317734	-0.087127961	-0.0833201084	0.1569004945	0.0168594554	0.2643616413	-0.025834822	0.0666273882	-0.1663716888	0.0068703468	-0.2085566435	0.0027053076	-0.0976644837	-0.1639809554	0.1015700114	-0.016685519	-0.091075933	-0.0949477041	0.0365868605	-0.0638712541	0.104826275	0.1722700246	0.0703945732	0.0712063289	-0.0681767012	-0.1579207519	-0.1166440674	-0.1394028383	0.0169987495	-0.0651380415	-0.0504061948	0.0813509096	-0.0395904641	-0.0909740662	-0.1377697363	0.014101903	-0.0689266198	-0.0470712924	-0.0933083992	0.0874851226	0.0476525321	-0.1477677346	-0.0005532085	0.0609533329	0.0090888108	-0.1368018759	0.0331701131	-0.0649331718	-0.1054024055	-0.0881954843	0.0686294838	-0.0715475981	-0.0146667706	-0.0519068806	0.0071481389	-0.0822070504	0.165502492	-0.0174352008	-0.0123593322	0.010361403	0.090654237	0.0527853595	-0.0257131162	0.010671806	-0.0338196831	-0.0539944812	-0.0860569786	0.0363666662	-0.1371785003	-0.1194026417	0.1133329723	0.1194286868	0.2123713612	-0.0707634584	-0.064947499	0.0142940248	0.0408306893	0.0048746365	0.1356880488	0.0043784306	-0.2339414675	-0.0106050492	-0.0544918583	-0.0584192792	-0.1024613216	0.0848508104	-0.0771904229	0.1317713016	-0.1425668071	-0.0167129459	-0.0455220676	-0.0591751002	0.0346099676	-0.0109340815	0.01236956	-0.1875747946	-0.0820579498	-0.0221492174	-0.0425042509	-0.0576486566	-0.09093199	0.0313713305	0.096100637	0.0893281822	0.0600873601	-0.0478247906	0.0467068427	0.1015794886	-0.0924363427	-0.0176692368	-0.1205936021	0.0110915672	0.0418755282	-0.1830335487	0.116487854	-0.0006635139	0.0703267582	-0.0255082926	0.0653047217	0.0571128361	-0.0865667615	0.0310964102	-0.0168229799	-0.0240117818	0.0194523141	0.1602542588	-0.0314650025	0.1854256327	-0.1762813944	0.0572825187	0.1123850432	-0.0738969199	-0.114025674	-0.0505119099	0.0414597608	0.0878536821	0.057413575	0.0625981052	-0.0426628511	0.0596099306	-0.1319489311	0.054985776	0.009236115	-0.0110961907	-0.0245602193	-0.0568006002	-0.0023779235	-0.033356683	0.0891684714	0.1047738574	0.0864849902	0.0583307311	0.0235226525	-0.0139686685	-0.0129506874470592	-0.0047509706278532	2.257172190672383e-05	0.0001677203053514	-0.0948614705729653	-0.0453014626414188	0.0020522225174518	0.0089986985992655	0.0028222916970293	0.037255223814526	0.0013879517014704	7.965330423120527e-06	-0.0001320060582333	-0.0015719601737388	1.7425599410293387e-08	2.4710587878212324e-06	-0.0004169980502024	1.621900072000266e-07	2.6305598435544682e-14	1.738873738726033e-07	-2.902752431978227e-05	0.0001936718647397	8.425971681355511e-10	3.750879119175952e-08	0.0	0.0	0.0	0.0	1.0	0.0	0.0	0.0	0.0	0.0	0.0	0.0	0.0	0.0	0.0	0.0	0.0	0.0
1260.3694904202969	3.540254531974142	1588531.2523823187	12.533402151163452	1524.302187513551	-10.57689398048592	111.8706862744393	2323497.158858597	1187.7426084793915	2.367876164311156	1410732.503997429	5.606837529512911	1206.813479320671	1339.2256595101558	1.712018	34.952484	0.0882703122910752	0.0424245909334783	0.0573446007	0.0570142758	0.1106382271	-0.0857887497	0.1737467956	0.0249918986	-0.0651312697	-0.0397162135	0.154906772	-0.0868148351	-0.0035983848	-0.061485747	0.125154046	0.0696201202	-0.0568195244	0.0158231281	0.0834867908	-0.1281822888	0.0201849583	-0.0602909307	-0.1221486526	0.102447868	0.1925986325	0.0488562924	0.0051412737	-0.0409569628	0.014515972	0.0645342396	0.0217047329	-0.0320472823	0.0148243455	-0.0162305552	0.07670197	0.1006649945	-0.0431197841	-0.0054350535	-0.1075940308	0.1563497606	-0.0844302052	-0.1637698238	0.062141843	0.059732522	-0.0181881783	-0.0062930446	0.0454485806	0.0500354719	0.0284425669	0.0911148219	-0.0248109178	0.1273702737	0.1203943442	-0.0016177613	-0.0614371456	0.1429690177	0.0787022061	-0.0551210088	-0.0961020781	-0.0683199771	-0.02925787	0.0971046768	0.0580377281	-0.099867974	0.1378536632	-0.0939301099	0.0667274806	0.0259512416	0.0304785996	-0.0825612326	0.015923186	0.0407310024	-0.0598501415	-0.065676	4.49722e-05	-0.0911284293	0.0443254397	-0.0755293515	-0.1087917876	0.0267479545	0.106336563	0.0204892158	-0.2156709584	0.1028933359	-0.114744266	-0.0335100251	-0.0386335302	0.0376936836	0.011245944	0.0331703496	0.0199617293	-0.0184691171	0.0189288276	0.0838817015	-0.0621081964	0.0221280199	0.0041186333	-0.0693170181	0.1143880188	0.0233611593	0.1797045098	0.1099032576	0.0965964192	-0.0765507922	-0.0370798218	0.0738619946	0.0730844469	0.0521387413	-0.0516015958	0.0778378422	-0.0522040587	0.0562425272	0.1032150337	-0.0952295644	-0.0873551194	0.0862048924	0.0184179096	-0.065071199	-0.1944215853	-0.0011652745	-0.0338816861	-0.1006611997	0.0454627472	-0.0948116432	0.0464236629	-0.1192554877	0.0658289779	0.0389332106	-0.0381810682	0.0851965426	0.032157368	-0.0221315853	-0.0651784706	0.0857171916	0.1236032682	0.086671362	0.2064144911	-0.0184925032	0.0296357192	-0.0874945524	-0.0217828523	-0.1145884718	0.0970711248	-0.0010225938	-0.0971634642	-0.0938617911	0.059866541	-0.0970480337	0.2928950805	-0.0098521042	0.0803405763	-0.0311148636	0.012357148	-0.0695458866	-0.024091048	-0.0526735279	-0.0654152773	-0.0158164862	0.1040369087	0.0837150996	0.0527333744	0.0150368111	-0.0245744743	-0.0070387380672514	0.0059119493798077	3.4951145469409825e-05	4.954383357937397e-05	-0.1224347700754293	-0.0275732995024639	0.0007602868454525	0.0149902729234232	-0.0194670861983183	-0.0222893778953476	0.0004968163669616	0.0003789674450527	0.0001519726863978	0.0002839787446311	2.3095697410964067e-08	8.06439274022555e-08	-0.0002450169460264	0.000171981104176	2.9577500193596164e-08	6.00333038401038e-08	-0.0002229813857818	-0.000193953861462	4.9720698405171926e-08	3.761810037602757e-08	0.0	0.0	0.0	0.0	0.0	1.0	0.0	0.0	0.0	0.0	0.0	0.0	0.0	0.0	0.0	0.0	0.0	0.0
1259.825688826504	-0.5438015937929777	1587160.766227175	0.2957201734117827	1532.6086119120428	8.3064243984918	68.99668628785984	2348889.1573069585	1189.124313859193	1.3817053798015877	1414016.633811097	1.9091097565726496	1208.6193007051493	1392.7590151121965	1.679629	34.291233	0.0785372234313061	0.0418519100635622	0.032984744	-0.0748222406	-0.0213077571	0.2545815825	-0.0069040875	-0.0514311763	-0.0570278974	-0.0017965269	0.041022759	0.144595187	0.1446515748	-0.0029676492	0.067316609	0.1475725907	0.043796783	0.0631359308	0.0048641018	0.0589991827	-0.0504049172	0.069748976	-0.0685511197	0.2519287792	-0.0482953749	-0.0396259992	-0.0083976753	0.1748205365	-0.0096412746	0.0484570655	0.0214093425	0.0964048597	0.0875317756	-0.0088530512	0.1329615707	0.1202081664	-0.1821465917	0.0265194465	0.0145550646	0.0258774844	-0.0015703572	0.0035067845	0.1038074089	-0.0996535096	0.0351488248	0.2048156197	0.0979798393	0.0507197151	0.0585307375	-0.0717016291	-0.0743820201	0.025627598	-0.0547131008	-0.1426300685	0.0482038141	0.0614713681	-0.0679731595	0.0757726133	0.0121289615	0.0481168547	0.042361654	0.0383035745	0.0520981079	0.0317034097	-0.0046084022	0.1686727089	-0.0607731902	0.050314277	-0.1211595379	0.0543850287	-0.0407961957	-0.0777811316	0.1194206227	0.1682505391	0.0346394903	0.0384885858	-0.0504701006	0.0411873437	0.0317339276	-0.0876468457	-0.095946168	0.142217759	-0.1520235949	0.0326910168	0.1527892964	-0.0869838599	-0.001375433	0.0570584115	-0.1284034778	-0.1476817606	0.0597067696	0.0334388966	0.1358541309	0.1026616796	0.0266889608	-0.154853496	0.0686769858	-0.0249820435	0.0725339382	0.0958266731	0.0576055969	-0.0943940444	0.117325994	0.117134635	0.0637738842	0.1092688184	-0.0142931554	0.0973000385	-0.0353322246	-0.0927493136	0.0885483963	-0.0990643341	0.1035432709	0.1867206504	-0.1355143106	0.0337725147	-0.0998510766	0.0152958698	0.0951598516	-0.0821687878	0.0122736699	-0.007832102	-0.0861535971	-0.0217027227	0.0370704362	0.0892186911	-0.0254268615	-0.0221860061	-0.0973304062	-0.0520019026	-0.0984845763	0.08560481	0.0735373148	-0.0880791127	0.1183959078	-0.0201431557	0.1718078174	0.0697089404	-0.0230234028	0.062709248	0.139529396	-0.0037134149	-0.0697646225	-0.0924964432	0.0655480566	0.1810619988	-0.0803247363	0.0314160026	0.0569901268	-0.0064642823	0.1412506731	0.0239290434	-0.1060029731	-0.0308570927	0.1213224804	-0.027000061	0.0060406851	0.0644891914	0.103260836	0.0808192935	0.0469575846	0.0064605365	-0.0349494174	0.0074687900974907	0.0145075281647421	0.0002104683734507	5.578282552037514e-05	-0.0888040636140772	0.0336307064613521	0.0011310244170896	0.007886161714373	-0.0160710428682477	0.0033960433300706	1.1533110299717017e-05	0.000258278418873	0.0004699951954553	0.0003180225090575	2.208954837510657e-07	1.0113831626722767e-07	-0.0002040098707407	4.100707528569998e-05	1.681580223487066e-09	4.1620027359637123e-08	-4.195206062217288e-05	0.0001810293251596	1.759975390446468e-09	3.2771616567750005e-08	0.0	0.0	0.0	0.0	0.0	0.0	1.0	0.0	0.0	0.0	0.0	0.0	0.0	0.0	0.0	0.0	0.0	0.0
1255.191827187995	-4.633861638508961	1575506.5230395372	21.472673684844956	1534.210598502426	1.6019865903831487	2.5663610357674265	2353802.160557172	1187.4385033032331	-1.6858105559599608	1410010.1991270224	2.841957230586032	1207.192945292992	1376.7835031168522	1.423339	29.058826	0.1269321229704837	0.0895433931049515	-0.1085658007	0.0472476661	0.0503840369	0.0685505456	-0.0718636134	-0.1974255775	-0.0592531684	0.0726565897	-0.0884521303	-0.0615268432	0.2674015034	-0.0056073081	0.1098566001	-0.0292713157	0.0165779672	-0.0846415262	0.0451110505	0.0114121798	0.0859626648	-0.1427912732	-0.0292261432	0.038389152	-0.0339975203	-0.0752956011	0.1456472139	0.1648160015	0.1185841153	0.1107869241	-0.1167055571	0.1550059097	0.0261633827	-0.0814108457	-0.1233179571	-0.0863344286	0.0365708954	0.0367524975	-0.1060210844	0.0038516014	-0.0796192571	-0.1082145756	0.1235000698	0.0030693345	-0.0006635197	-0.0736442649	-0.0953180091	0.1252805665	-0.0308258299	0.0620797589	0.0221749418	-0.0718362695	-0.2148520217	0.0213593956	0.0038245922	-0.0034615687	0.0734002043	-0.0485397115	0.1317051648	-0.0138251738	0.0684137886	0.0223233315	0.0595985378	0.0287324852	0.0694839157	0.1125124686	0.0249311621	-0.0223061235	-0.0305403957	-0.0845219832	0.0138739296	0.0140356123	-0.05355367	0.0585508336	-0.0724488911	0.1116247144	-0.0233675713	-0.1286328096	0.0957189296	0.0173013969	0.1039133754	0.1122189476	0.0684505477	-0.0703907304	0.0585092956	-0.2254220761	0.0444035913	0.0218692072	-0.0965694489	-0.0928925519	-0.0469123018	0.0365615252	-0.0204115331	-0.162572243	-0.0140005051	0.1455180701	-0.056376609	-0.0639844475	0.0677561174	0.0603804129	0.154650806	0.0539411257	0.0693312167	0.003316986	0.1151924439	-0.1426581267	0.1327833684	-0.0064660379	0.0676791482	0.0763239365	0.0185015753	-0.2369674238	-0.0923299307	-0.0400740036	-0.0025608113	0.0311196318	0.0242286884	0.0821799993	0.0555594339	-0.1156627689	-0.02142323	0.0156367139	-0.0614190328	-0.0368807696	-0.061418058	-0.024547502	-0.0125968351	-0.0074147083	-0.0723494857	0.0607683362	0.1431462202	-0.0038152847	0.0350198294	-0.0613937058	0.1335436827	-0.0045924345	0.1537499136	-0.1432606156	-0.0649277398	0.1119807496	-0.0193331093	0.0096921398	-0.0477478591	-0.1466250468	0.2009487193	-0.0004492219	-0.0288211109	-0.0805316126	-0.0766958957	-0.0136216565	0.0734556431	0.018246962	-0.1006371286	0.0258435978	-0.0575005125	-0.0200998957	0.0515397696	-0.0381256697	0.1024459312	0.0778019275	0.0410229053	-0.0021545924	-0.0449960313	0.0016321030676067	-0.005836687029884	3.406691548481611e-05	2.6637604232912e-06	-0.0026310785712553	0.0861729850428218	0.0074257833511904	6.9225744481188295e-06	-0.0015472139445762	0.0145238289236715	0.000210941606604	2.3938709902910444e-06	0.0001710040958525	-0.0002989910996028	2.9242400798331008e-08	8.93956776416915e-08	-0.0001819961538898	2.2013716850900015e-05	4.846037295915994e-10	3.312260003067976e-08	4.501556240625494e-05	8.696762302842781e-05	2.026400858751433e-09	7.563367455214727e-09	0.0	0.0	0.0	0.0	0.0	0.0	0.0	0.0	0.0	0.0	0.0	0.0	0.0	0.0	0.0	0.0	0.0	0.0
1255.6040017709092	0.4121745829143037	1576541.4092631214	0.1698878868005802	1525.6730121649675	-8.537586337458379	72.89038046955598	2327678.1400485253	1185.775094853478	-1.6634084497550248	1406062.575574775	2.7669276707164148	1205.1523595351207	1329.9963570973396	1.422089	29.033314	0.0948139810129284	0.0559818260149923	0.0462694951	0.092274575	0.1253162247	-0.1195440918	-0.0098242511	-0.0593891283	-0.090556895	0.0195136336	0.1394872556	-0.1317618891	0.0782363668	0.0446284415	0.0290564724	0.0221379183	-0.0633732541	-0.0273249419	0.1195497613	-0.153623678	0.0989169208	-0.0857528146	-0.1018479092	0.096046456	-0.0255978937	-0.0310078198	-0.0640531481	-0.1185964179	0.0142703106	-0.1040938419	-0.0864308188	-0.0020635059	0.0752389681	0.0264351265	0.040723018	0.0838595359	-0.0068334505	0.1102121081	0.024683654	0.0278533401	-0.0924344975	0.02893819	0.0417260837	-0.0622503798	-0.0542465457	-0.0133465347	-0.1339544738	-0.1330149136	-0.140162421	-0.0254316699	-0.0273877142	-0.1346231744	-0.0702002154	0.0760802416	0.1552860072	-0.1113940901	-0.0387271332	0.0793438119	0.0415019649	0.0618031721	0.0590721699	-0.015079815	0.070256351	0.0499229133	-0.0237247303	0.090833812	0.1745785971	0.0295719978	0.1715806386	0.1414322077	0.0513263656	-0.0518190706	0.0670005261	-0.0354504175	0.0602693035	0.0685865804	-0.0247784723	-0.1388588187	-0.1009829502	-0.0357459258	0.0929818168	0.0910113364	-0.090423713	0.0658908661	0.0107016981	0.0878484631	-0.0306162165	-0.1350243432	-0.0786315647	0.0454384689	0.0696700088	0.0739589682	-0.0492846458	0.0018455058	-0.014652895	-0.0566387864	-0.097183374	0.0237930113	0.0696101878	0.006287417	0.0629850887	-0.1612787834	0.0394709141	-0.0716837857	-0.0524240184	-0.0804077998	-0.0038982466	-0.1796673681	0.1653215008	-0.1426174403	0.0436408621	0.0256453644	-0.0079037804	-0.027356894	0.1231208466	-0.0683025364	-0.0730797287	0.1595763797	0.0261665473	-0.0056566952	-0.0223222184	-0.0093914436	0.061544872	-0.0334468204	-0.0562002394	0.0364606497	0.0098967017	0.1738668017	0.1276628687	-0.1954169561	-0.0014025996	0.017094271	-0.0250269798	-0.1222948277	0.1463090672	0.0716463023	0.1062612198	-0.1605822223	0.0333532023	-0.0604953712	0.0025238586	0.017744934	-0.0746748126	0.0022260558	0.0579929834	-0.1043340259	0.0267013745	-0.0004911464	-0.0016540932	0.0230016255	0.1632260538	-0.01361818	0.1565817318	-0.0362387319	-0.0797501594	-0.0877614599	0.0502982695	-0.1226883552	0.1015925006	0.0746675401	0.0349494174	-0.0107567634	-0.0546199342	0.0074419161066572	0.0058098130390505	3.375392754872121e-05	5.538211533852386e-05	-0.0548880975357803	-0.052257018964525	0.0027307960310587	0.0030127032510973	0.0024493548486361	0.0039965687932123	1.5972562118878424e-05	5.999339174537173e-06	2.004013989830348e-06	-0.0001690000818626	4.016072071435751e-12	2.8561027669589043e-08	3.59997782581889e-05	0.0002179959321479	4.7522226433070575e-08	1.29598403463877e-09	-0.0002230000279059	-0.0002680155903121	4.972901244603218e-08	7.183235665037287e-08	0.0	0.0	0.0	0.0	0.0	0.0	0.0	0.0	0.0	0.0	0.0	0.0	0.0	0.0	0.0	0.0	0.0	0.0
1256.2229055526077	0.6189037816984637	1578095.988435036	0.3830418910006596	1512.518348536062	-13.15466362890561	173.0451751896521	2287711.754658256	1185.800890156032	0.0257953025538881	1406123.751094838	0.0006653976338466	1205.292583439501	1327.4475834168643	1.185553	24.204191	0.0782486248978086	0.0392338873568354	0.1039600422	0.0002599825	0.1260591188	0.0327713405	-0.0345087566	0.0789653114	-0.0348406666	-0.110769412	0.1334619632	-0.06886021	0.0233664076	0.0372786805	-0.0058817954	-0.0207196997	0.0437239192	-0.0640260009	0.0111924399	-0.1029832211	0.0560854252	0.0522186978	0.0539660207	0.0279053233	-0.0109801772	-0.0520736571	0.0207176647	0.2006521127	-0.0106419147	-0.0942870064	0.0692791075	0.0755185257	-0.0053540787	-0.0472782513	0.0277432912	0.1243338646	0.0582903116	-0.0655058652	-0.013212643	0.0550175278	-0.0012281712	0.0345274817	-0.2032193492	-0.062375378	-0.0611112235	0.0586712144	-0.104912914	-0.0401665422	0.0478471497	0.043012738	0.0196208733	0.0250784884	0.0999436584	0.09158153	0.0646010051	0.1054555177	0.0595330924	-0.1339097279	-0.0794075719	-0.0117241119	0.0325913517	0.07393096	0.1554570351	-0.0826549005	0.0377754459	0.0603005739	-0.088970034	-0.0232851498	0.1539076228	-0.0083375009	-0.0259497179	-0.0991430859	0.1182941996	0.0433329127	0.0469818883	-0.0709878994	-0.096257089	-0.0402792993	-0.1232113209	-0.1032096007	-0.0305862192	-0.0446948544	-0.0112630609	0.0265013399	0.1803433304	-0.1068682433	0.0250015984	0.0173880001	0.0518425477	-0.0617581269	0.1229196008	-0.0525605834	0.096423311	0.0034623459	-0.1154961991	0.0379200828	-0.0436652194	-0.0915166537	0.0315809077	-0.118601175	-0.0659989508	-0.0001657599	-0.0370743782	-0.0080326546	-0.0215054581	-0.0608505574	-0.0689537267	-0.0136242867	-0.0142241588	-0.0002673295	0.0777249853	0.0669379666	0.1292706832	-0.1251774024	0.0704055436	0.077559034	-0.0009669999	0.0148130278	-0.1438072111	-0.1011953084	0.0085330782	-0.0532493395	-0.048961168	-0.093305317	0.1066292794	0.0588630992	-0.1453402048	-0.0428296629	-0.0016292816	-0.200250437	-0.0418757097	0.0090181182	-0.041343645	0.1209891802	0.0840127236	0.088331564	0.0957092707	-0.0236648574	-0.0215927435	-0.0651527192	0.0946866649	0.1747582152	0.0242456546	0.0759586563	0.0949515043	-0.0324110239	0.0921146124	0.0546489255	-0.0343929226	0.0510597287	0.1480458164	0.1253711273	0.0466493191	-0.0393676837	-0.0119214613	-0.1378674166	0.0311422953	-0.0185612944	0.1007008652	0.0714208455	0.0287576717	-0.019294242	-0.0637307152	0.0041343790882706	-0.0033075370183866	1.0939801127997725e-05	1.7093090445529234e-05	-0.0789866472736804	-0.0240985497379001	0.00058074009947	0.0062388904475368	-0.0110925494423668	-0.0135419042910029	0.0001833831718266	0.0001230446531313	0.000416999787492	0.0004149957735021	1.7388882276837317e-07	1.722214920246641e-07	-7.700104294849908e-05	-0.0001130008212066	1.2769185593385862e-08	5.9291606151565995e-09	-4.983945604376231e-06	0.0002180160823015	2.483971378738116e-11	4.753101214210479e-08	0.0	0.0	0.0	0.0	0.0	0.0	0.0	0.0	0.0	0.0	0.0	0.0	0.0	0.0	0.0	0.0	0.0	0.0
1257.2436536449914	1.0207480923836556	1580661.604630607	1.041926668104872	1506.159682893405	-6.358665642656888	40.432628755105135	2268516.9903735626	1188.1813936328151	2.380503476783133	1411775.0241752188	5.6667968029765845	1207.104440593478	1355.0477823775266	1.18056	24.102264	0.0549348264119433	0.0265088376036808	0.0778714422	-0.0905209521	0.069945662	0.0606443353	0.0056099443	-0.0204209855	0.0101056309	-0.1185981792	0.0891657343	0.046285081	0.1065179643	0.0629993565	-0.0236029963	-0.1397203128	0.0592794057	-0.0670850982	0.0153592087	0.0509959303	0.0661852506	0.015844231	-0.111140048	0.0122629369	0.0072842928	0.0891444878	0.0412458494	0.0743820297	-0.0795787887	-0.1071045245	-0.0469250603	0.1253726663	-0.0412407844	0.0065614181	0.1077496755	0.0971807343	-0.0515043328	-0.0142976812	0.0451695587	0.0216584381	-0.038620876	0.0217857885	-0.0670625025	0.1235429096	-0.0927741882	0.0385109891	-0.1582438477	-0.0133546921	0.083259933	0.1528631995	-0.0466815952	0.0080687856	-0.0720525735	0.0218882955	-0.0164514408	-0.0824005196	0.0749222048	0.1242212059	0.0356222545	-0.0883440865	0.0627643244	0.1615482623	0.1793967909	-0.0393910159	0.0353659222	-0.0062459037	-0.0369190203	0.0157154191	-0.0792060735	0.0718457448	0.0115570672	0.1682030855	-0.0201776373	0.0648061552	-0.1120658575	-0.154653296	0.1964964684	0.0856007587	-0.0198422674	-0.1046706923	0.0648365398	0.0430554135	0.026991373	0.1624106059	0.1032530029	-0.0561836301	-0.0794213229	-0.0954040284	0.0279867786	-0.0594834674	0.0130522056	-0.0190698392	0.1113323034	0.0511375931	-0.0684952579	0.0119105384	-0.0117777723	-0.0649397187	-0.029898475	-0.0988794614	0.0454178615	-0.049059135	0.1134312286	-0.1168366527	0.0921899059	-0.0518164097	0.0644316171	-0.0347269498	-0.1149738816	-0.0325225412	0.1054850202	-0.0177290316	-0.0614016354	0.0653931454	0.0481736039	-0.1162090594	-0.0834800599	-0.009475163	-0.0438674584	-0.180427509	0.10600781	0.0107906602	0.0600557794	-0.0890348328	0.0428011744	-0.1230300759	-0.14781746	0.0418811247	-0.1297286382	0.1047864488	-0.03696336	-0.119782093	-0.0202379276	0.1143183551	0.0907241563	-0.0028473997	0.0939253526	0.0113143059	-0.0029738623	0.0397254916	0.0775832803	0.1982624149	-0.0609965116	-0.0633087525	-0.0498233604	-0.0684844326	-0.0319022847	0.1188689151	-0.0823749881	0.0058913307	0.2596996456	0.1646716967	-0.072059831	0.0126714819	0.0678039534	0.0286509816	0.0038431888	0.0113123395	0.0997713604	0.0680667272	0.0224686191	-0.0277156827	-0.0722427837	-0.0055659150004885	-0.009700294088759	9.409570540841472e-05	3.09794097926629e-05	-0.0958375159698761	-0.0168508686961956	0.0002839517758164	0.0091848294672762	-0.0101608537426045	0.0009316956997622	8.680568769555617e-07	0.0001032429487785	0.0002529727871811	-0.0001640270003108	6.399523105417411e-08	2.6904856830991985e-08	-0.0002440282072124	-0.0001670271642639	2.7898073602040138e-08	5.9549765915298034e-08	-0.0002229691395741	-0.0002179851939697	4.9715237202414496e-08	4.75175447900181e-08	0.0	0.0	0.0	0.0	0.0	0.0	0.0	0.0	0.0	0.0	0.0	0.0	0.0	0.0	0.0	0.0	0.0	0.0
1256.9860606664492	-0.2575929785421067	1580013.9567097584	0.0663541425941942	1519.5099259536632	13.350243060258208	178.22898976797245	2308910.415071707	1187.4703357280157	-0.7110579047994179	1410085.7982340064	0.505603343977738	1206.631942720051	1339.0320538290523	1.356934	27.70311	0.1236035114333849	0.0644834307863338	-0.0245742938	-0.1260737693	0.1073544399	-0.1569280361	-0.2043080148	-0.1554399274	0.0422815646	-0.0301059851	0.0047522403	0.0294418333	0.115672773	-0.0451965378	0.0479131295	-0.0540258449	-0.1887269022	-0.0742689515	-0.0664249773	-0.0041276478	0.0148611197	-0.0415909865	-0.1512426334	0.0096033701	-0.059769818	-0.0206064168	-0.0270985143	0.0246474867	-0.019460117	-0.0731056394	0.0822955187	-0.0223747475	-0.063010801	0.0653191338	0.0565647764	-0.076738134	-0.0538229073	-0.1470474557	0.1251881194	0.0250723468	-0.1503060083	0.0679703276	0.0870529709	-0.1528441341	-0.1041711903	0.063443637	0.1511288735	-0.0535144033	-0.010132034	0.0253131534	-0.071973109	-0.0538905953	-0.0154107616	0.0291558102	0.0315853179	-0.0201892158	0.0213527518	-0.0288586191	0.040900809	0.0526737441	-0.0099148555	-0.005627956	-0.0330137327	-0.1605247444	-0.0050141133	-0.0577474655	0.0104982826	-0.0024029324	0.0123984317	-0.0050927554	0.0887472286	0.0403671975	-0.0714006457	-0.0470486316	0.1603180373	0.0182030561	-0.1527558023	0.0248899196	-0.0224206223	-0.0105425179	0.0777430968	0.1463256568	0.0202385983	0.0306643039	0.0707368334	0.0561005447	-0.0029033219	-0.01924905	0.0774581527	0.0451039544	0.0148680755	-0.015469492	0.0905611321	0.055950361	0.0914988399	0.114273166	0.1459371886	0.0928518066	-0.0221294499	0.0012547835	0.0166253632	-0.1289550056	0.0427352638	0.1410874352	-0.0644568068	0.1635889114	0.0936174429	-0.0141620729	0.0605002474	-0.0859855363	-0.0135624552	-0.0640797524	0.0494715268	-0.0724002268	0.078894161	-0.0133828966	-0.0234764063	-0.0067763865	-0.0470604604	-0.0068679784	0.022368466	-0.0320892426	0.0843839419	0.1693221055	0.1179227418	0.0152806516	0.012770118	0.0631476264	0.0089286704	0.0846417711	-0.0280559671	0.1344723485	-0.1861550439	0.0153483035	0.13661224	-0.0329548223	0.0864574946	-0.0861526716	0.0762854378	0.121540417	-0.0384532851	0.1722928179	-0.0660300967	0.0998629009	0.1038567949	-0.1506607734	-0.0186439052	0.0710727704	-0.045358994	-0.0630163275	-0.0780179268	0.0560202852	0.0693246966	0.2205799471	0.0155686229	-0.0222666646	0.0389005749	0.1178313755	0.0988043356	0.0646102301	0.0161035399	-0.035970438	-0.080076174	-0.0126185424734188	-0.0070526274729303	4.973955427193124e-05	0.0001592276141534	-0.0722916491321683	0.0235458668377077	0.000554407845139	0.0052260825342485	0.0078909010684924	0.0180517548110969	0.0003258658517599	6.22663196727345e-05	-0.0006509641966725	-0.0009039369838536	4.237543853494733e-07	8.171020707783434e-07	0.0001811279154662	0.0004251561226786	1.807577286511008e-07	3.280732176113089e-08	-0.0003929412792749	-0.0001699721397007	1.5440284895819494e-07	2.8890528274468264e-08	0.0	0.0	0.0	0.0	0.0	0.0	0.0	0.0	0.0	0.0	0.0	0.0	0.0	0.0	0.0	0.0	0.0	0.0
1259.7151975535555	2.7291368871062787	1586882.3789473935	7.448188148564149	1524.2195061129084	4.709580159245206	22.180145276356104	2323245.1028150786	1188.8764119342777	1.4060762062620142	1413427.1228537224	1.9770502978161784	1208.727188102867	1358.903650524769	1.369998	27.969824	0.1233391716785242	0.0631019562315739	-0.0790872977	-0.075925041	0.1334623287	-4.20514e-05	-0.0058328508	0.0700906808	-0.0467401019	-0.1023332292	-0.0402920873	-0.0658096464	-0.0463465726	0.0058254386	0.0146956785	0.0743069938	-0.1512215592	-0.0517319921	-0.0188091379	0.0397326334	-0.0383200768	-0.0159485957	-0.1187731446	-0.0091798314	0.0545291088	0.0194887478	0.008862798	-0.0172729586	0.0600835217	0.1078435709	-0.0073394384	0.0158276116	0.1588105855	0.1390973344	0.0527216633	-0.004616734	0.0022898852	-0.0011798522	-0.0436254719	0.0210999772	0.092843871	-0.0051111643	0.1511034038	0.1337238712	0.0104519772	0.0283349084	0.0957446608	0.0007040929	0.0408654577	0.0599657198	0.0534860502	-0.1327675086	0.0644540552	0.0861707809	-0.0137836223	0.0382130197	-0.0112788062	0.0538079521	0.0241077279	0.0615367964	0.0196876165	0.1415163677	-0.0311556489	-0.0278440347	-0.0411739609	0.0020302851	0.0425914894	0.0567215619	0.0091033991	0.0127661143	-0.0738151953	-0.0086065739	0.0116922903	0.0338186896	-0.0430946987	-0.0597221729	-0.1503587801	0.079872576	0.0067272756	0.0504371904	0.0724740602	0.0677563058	-0.0120572814	0.0217511428	-0.0992307633	-0.0266527884	0.0461590934	0.0040188654	-0.0689727263	-0.0414322287	-0.0203859204	0.1410751989	0.0859153426	0.0510074293	0.0316739766	-0.1082188611	-0.0611674478	0.1326770427	-0.0049888814	-0.0178481824	0.0252093572	0.0946526424	0.1063814142	-0.0535816221	0.0070149434	0.0973199432	0.0081614547	0.1647388806	0.0204972973	-0.0872331438	0.0068675867	0.0558816462	-0.0631480143	-0.0350831255	0.0341201859	0.0750150146	-0.0701680017	-0.0087971698	0.0723545069	-0.1185600176	-0.0265557396	0.1128410412	0.0263273833	0.0430319813	0.0241332354	-0.1001700399	0.0649231592	0.0282736491	-0.0246751227	0.0135912284	0.0052781703	0.0221285896	0.0135125828	0.0939239486	0.0200784168	0.0919790536	0.0895232467	0.0262997252	0.0639310493	0.0283849019	-0.088508531	0.0568528819	0.026441444	0.0428530761	-0.0347724333	-0.0816796485	0.080444044	0.0649076119	0.0183543125	0.1762002762	0.0613626356	-0.0548612416	-0.0300384751	0.0093941147	0.0916101654	-0.0529149821	0.0157511837	-0.0294971129	0.0978001546	0.0610565531	0.0096839714	-0.0440088629	-0.0871572961	-0.0050539110962262	0.0075646313771926	5.722364787280682e-05	2.5542017368558317e-05	-0.0974401217605418	-0.0251484726283734	0.00063244567554	0.0094945773287092	-0.0227334465932216	-0.030624347661714	0.0009378506697055	0.0005168095940068	5.100070305562407e-05	0.0007019648997281	2.601071712167942e-09	4.927547204503153e-07	3.1998877906280754e-05	-0.0001491290375599	2.223946984354781e-08	1.0239281872610623e-09	-4.400081633805973e-05	0.0003489404629368	1.936071838415664e-09	1.2175944667457638e-07	0.0	0.0	0.0	0.0	0.0	0.0	0.0	0.0	0.0	0.0	0.0	0.0	0.0	0.0	0.0	0.0	0.0	0.0
1259.67573869708	-0.0394588564754485	1586782.9666620344	0.00155700135435	1529.7924792064655	5.572973093557039	31.058029101510712	2340265.029436664	1188.656047556077	-0.2203643782006565	1412903.199391635	0.048560459179762	1207.70362089809	1383.026738133242	1.369474	27.959126	0.0555917319604625	0.0271694319454604	-0.0472006865	0.0857554594	-0.0068800108	-0.0006130188	0.0905121298	-0.1218062861	0.0404886568	0.0040963616	-0.0976976396	-0.0824914515	0.0839919622	-0.1193570036	0.0123588939	-0.0930485942	0.095619145	-0.0142069216	0.0017912737	0.0089125876	0.0436890292	-0.0267773092	-0.0815185672	-0.1851134414	0.0976638346	0.0494482677	-0.1231792255	-0.0153356606	0.054103755	-0.0525140638	0.005268231	0.0257700731	-0.0357050307	0.0351781517	-0.131846034	0.0644392795	0.0676420638	-0.0336880753	0.0386231478	-0.1579982964	0.1562069593	0.0332456908	0.1110655996	0.1125580843	-0.0687780092	0.0682476797	0.007561715	-0.133787237	-0.1074629882	0.0588332514	0.0237801577	-0.0699688369	0.0486376555	-0.0705363303	0.0082015765	0.1000287542	-0.0888017323	-0.0027621465	0.0481805258	0.0215695675	0.079353588	0.020559975	-0.1260381844	0.0444287444	-0.0434015332	-0.0139114919	-0.0094905184	-0.1165174476	-0.0364375702	-0.0947057694	0.0627922736	0.0402063746	-0.0681373312	0.011913372	0.0997937652	-0.0483124801	-0.0611145789	0.0284245377	-0.0028666091	0.0332564865	0.142326129	0.0016644369	0.0863640697	0.0367001449	-0.0326122495	0.0428233261	0.1329863369	-0.0384791071	0.1027678722	0.0087400946	-0.0928884784	-0.1243599549	-0.0517323869	-0.1658760819	-0.1295714996	-0.1040210841	-0.0846832296	0.115076691	-0.1309478896	-0.0591586223	-0.0709496174	-0.0596723534	0.1024928207	-0.1459495664	0.0070705315	0.0834226716	-0.0790318323	0.079283059	0.1237848726	-0.0275569757	-0.0472672736	0.02220717	0.0090590374	-0.0273061421	-0.0550441289	0.0626967731	0.0049069648	-0.0264697698	0.1101473453	0.0987232044	0.0005376486	0.1076258012	-0.0083879301	0.0629255994	0.0567010364	-0.0305428042	-0.0787481859	-0.0666691779	-0.0257445804	0.0297688674	0.0668716778	0.0593544394	-0.1553850886	1.81629e-05	0.0460657902	-0.0248267487	0.0673417158	-0.0392148542	-0.1064484685	0.0147824983	-0.1484057937	-0.0125762797	-0.0250814556	-0.1518880515	-0.0573034509	-0.1168645478	0.0448441925	0.0153968247	-0.0159038924	0.0057532628	-0.0393918236	-0.0084707325	-0.1439328602	0.0806996837	-0.054288887	0.0050936633	-0.0130722251	-0.0589587518	0.0967591949	0.0574110412	0.0032316354	-0.0517826133	-0.0934196269	0.0032827183286343	0.0083366294248604	6.94993901674499e-05	1.0776239625151573e-05	-0.076000643606406	0.0214394781541358	0.0004596512235216	0.0057760978285879	-0.0128178456366754	0.0099156009565462	9.831914232945996e-05	0.0001642971667656	-8.500425416826486e-05	-0.0001360049572238	7.225723226702974e-09	1.8497348389471856e-08	-6.699460326609064e-05	-9.89934811723714e-05	9.799709314624651e-09	4.488276866780882e-09	-0.0001270028464402	-8.300203010214027e-05	1.612972300391302e-08	6.889337001076599e-09	0.0	0.0	0.0	0.0	0.0	0.0	0.0	0.0	0.0	0.0	0.0	0.0	0.0	0.0	0.0	0.0	0.0	0.0
1263.0104398104268	3.334701113346682	1595195.3710701277	11.120231515355602	1545.821281683706	16.02880247724056	256.9225088543932	2389563.4349062555	1189.4643350620122	0.8082875059351409	1414825.4043845148	0.6533286922508504	1209.2977242143847	1336.464436536011	1.496125	30.544813	0.0878131248264758	0.0481028988344579	0.0711308573	0.0556598947	0.0115083119	-0.1453012192	0.0165241924	0.0967363548	-0.0754054589	0.0599676034	0.0557198102	-0.0976448839	-0.1144379904	-0.0890250885	-0.0092734117	0.1306528835	-0.0058551568	-0.0406119944	0.0635053973	0.0372321615	0.1129530844	-0.0385193183	-0.0538336176	0.0317158342	0.0515793017	0.0948232245	-0.1541770945	-0.0915062983	0.041025404	0.0329868272	0.0504137247	0.0677756135	0.0093868772	0.0391745442	-0.0438035578	0.1039162947	0.0018724161	-0.0082743141	0.0242277049	-0.0142738042	0.0694733043	0.010789533	0.0209277076	-0.1512061923	-0.0895912527	0.0044360974	0.0472427696	-0.010557346	-0.1416933184	-0.0590991653	0.0448776015	0.0283774306	0.033135076	-0.0195026613	-0.0323835501	0.0047107251	0.045149651	-0.0021705942	-0.0382911155	0.0674548078	0.0616744319	-0.0195965571	-0.163550292	-0.0577880773	-0.0217337917	-0.185330649	0.0422847225	0.0058175839	0.0415909539	0.0309207949	0.0530772312	0.0214474555	-0.110172131	-0.0489236186	-0.0824058951	0.1250751993	0.0467006334	-0.051995189	0.0527685502	-0.0828228624	0.0702206657	-0.0140965994	-0.0710868387	0.0864220291	-0.1173307412	0.1263803568	0.0771150209	-0.0116894186	-0.0258260435	-0.0398639748	0.0153458325	-0.0775369096	0.0649528903	-0.0548056242	-0.0515814522	-0.0699719956	-0.0217153921	0.0273816947	0.0111583903	0.0280781372	-0.0498760954	-0.0600324061	0.0019125123	0.055299324	-0.1377419629	0.0483814047	0.0294730957	0.0160563283	0.1112131753	0.0608163837	-0.0947703406	0.0750558227	0.0333162698	0.0516963907	0.0640708305	0.0142045483	0.109480558	0.0485616587	-0.0271206291	0.1002761007	-0.111374634	-0.0018814142	0.1009776192	0.1245570645	0.0438969051	-0.0714405474	-0.0656094819	0.0750322742	0.0508824408	0.1173724072	0.0881418366	-0.0402878331	0.0851233083	-0.0661145855	0.05154109	0.0199631558	-0.00130844	-0.0202141927	0.0854390921	-0.0856567542	0.005442255	-0.0898781177	0.0420494301	0.0717080026	-0.0157886168	-0.0902522704	0.0447897137	-0.0906444259	-0.043270245	0.0538743028	-0.0634781118	-0.0635079076	0.1541332729	-0.0160561469	0.0443417984	0.0807621693	0.0069049041	-0.1528987869	0.095681848	0.0536791777	-0.0032316354	-0.059244937	-0.0988043356	0.0074984335257255	0.0042157151970912	1.7772254622985696e-05	5.622650533972416e-05	-0.0336129940496192	0.0423876495567868	0.0017967128349489	0.0011298333689797	-0.0212805284614319	-0.0084626828247565	7.161700059242866e-05	0.0004528608915978	-0.0002679655563475	-0.0001829613021792	7.180553938862521e-08	3.3474838095121405e-08	0.0003090298822234	0.0003760244854894	1.4139441368763616e-07	9.549946810700848e-08	-0.0002229586037283	-9.59557572881e-05	4.9710538976473113e-08	9.20750735673276e-09	0.0	0.0	0.0	0.0	0.0	0.0	0.0	0.0	0.0	0.0	0.0	0.0	0.0	0.0	0.0	0.0	0.0	0.0
1261.268643456517	-1.741796353909649	1590798.5909666428	3.0338545384929474	1525.8903631502694	-19.930918533436625	397.24151358648754	2328341.4003548613	1189.240155885606	-0.2241791764060963	1414292.1483708208	0.0502563031341156	1208.152386779785	1389.0165368104858	1.623204	33.139267	0.0862092111431232	0.044253747278405	0.0568254993	-0.0631220088	-0.0397956445	0.2312844854	0.0604546301	-0.0316787017	-0.0281892924	-0.055511798	0.0643889621	0.1556131996	0.0645638029	-0.0568442131	-0.0413081788	0.1168291499	0.0952680571	0.1080766903	-0.0303907217	0.1151470578	0.0679754527	0.1139148914	0.0394434269	0.0762669202	0.1222249632	0.0300134464	0.1178055839	0.0940292586	-0.0202890727	0.0064067227	-0.0127353415	0.0973930584	-0.0386130563	-0.0912847622	0.0525173219	0.0307351946	-0.0555099571	-0.0759036544	0.0926195501	-0.1189978774	0.0739921157	0.0326814619	-0.0325817879	-0.0028770193	-0.0139856802	-0.1036542591	0.0659995408	0.1557122386	-0.0782333275	-0.0246444856	0.0047661084	-0.0128180852	-0.0524108374	-0.0766775639	-0.0984999706	0.0654288608	0.0336856382	0.0427873303	0.1032575486	-0.0875584461	-0.1734434793	-0.0844759688	0.0249047748	0.0409433705	-0.037862543	-0.0882132403	0.1038805088	0.0266416209	-0.0546246176	0.0922429533	0.0177033299	-0.0915659664	0.0033700581	0.0532666544	-0.0927834051	-0.0066859709	0.1297345423	0.0880546401	0.0507271393	-0.1369260491	-0.0337839315	-0.050538108	-0.0406279165	0.0260561424	0.0050992451	-0.2217505308	-0.0668603712	0.0111554575	0.0020201165	-0.0973497495	-0.019897379	-0.095921202	0.0291109044	0.0132192923	-0.0599841281	-0.061566818	0.0239573182	0.0201605483	-0.1279293312	0.0035609253	-0.0881572821	-0.0219452835	-0.0280422056	0.0772847785	0.0512492079	-0.0238964197	0.143182351	-0.0020769001	0.0184681682	0.1135952189	0.002886873	-0.0378118191	-0.0709274197	0.019907989	-0.1304978731	0.0827527974	0.0302670609	-0.0121143211	0.0580173501	0.039216739	0.1704808558	-0.1334237934	0.0833897249	0.0820844721	-0.0580488611	-0.1307600328	0.0784938456	0.0514551159	0.009316813	-0.0880959379	-0.0242412871	-0.0466070851	0.1607750566	-0.0143347812	0.0303692251	-0.0048081094	0.0261121411	0.1140916012	-0.0420488855	0.027294974	0.1177381868	-0.0180665419	0.0905054104	-0.1360875467	0.0682968507	0.0304082658	-0.0725434466	-8.1563e-06	-0.0372030348	0.0378530155	-0.0235536482	-0.066237419	-0.0760229971	0.0142888697	0.1589826963	-0.0651892675	-0.0693717836	-0.00373049	0.0945685192	0.0498665756	-0.0096839714	-0.0663509546	-0.103260836	2.548428659565616e-05	-0.0074729492391298	5.5844970330611314e-05	6.494488632895403e-10	-0.0563958546779304	-0.0227828606283112	0.000519058738409	0.0031804924248542	-0.0132208024008946	0.0080597260605372	6.495918417090409e-05	0.0001747896161235	0.0004279939681865	0.000695959524534	1.8317883680402682e-07	4.843596597895914e-07	0.0003090083316215	-2.1550601900016328e-08	4.644284422529875e-16	9.548614901150293e-08	3.893382543869792e-05	0.0002618924291669	1.515842763291001e-09	6.858764445499105e-08	0.0	0.0	0.0	0.0	0.0	0.0	0.0	1.0	0.0	0.0	0.0	0.0	0.0	0.0	0.0	0.0	0.0	0.0
1256.654849425858	-4.6137940306591645	1579181.4105855257	21.28709535734614	1545.5069360477792	19.61657289750974	384.8099322433137	2388591.689371794	1186.922528057666	-2.3176278279399867	1408785.0876108012	5.371398748841821	1207.1257147255426	1388.8207038723267	1.455832	29.722204	0.1069243729752659	0.0561648874596465	-0.0990311015	0.059869154	0.0094921615	0.0656479027	-0.1386367968	-0.2039797863	-0.0254773455	0.1305961275	0.0073693127	-0.0695578728	0.1823604967	-0.0851362492	0.0137152691	0.0095977508	-0.0830378547	-0.0376996434	0.0059801729	-0.034201418	0.0513295804	-0.0776651657	-0.0452912132	0.0082620119	-0.1166519079	-0.086748977	-0.0097283536	-0.1068419135	0.0216814352	-0.058417566	-0.0774189161	0.1049664458	-0.0256079557	-0.0488200574	-0.0484685509	-0.0691585596	-0.0089398986	-0.0665069555	-0.0238819126	-0.0836201617	0.1667777069	-0.1364527757	0.0032065108	0.0303055574	0.0875187562	0.0299340497	-0.0131685164	-0.0234941264	-0.0054188613	-0.0056139196	-0.0272037789	-0.0563064844	-0.0591763384	0.0470172217	-0.0315673483	-0.0507809147	-0.0428989023	-0.2007133231	0.1138313719	-0.0921352648	-0.1334036497	-0.0255337724	0.0780627605	0.0964989246	-0.0496732867	-0.0390033827	-0.056513971	0.0603251105	-0.044936385	-0.0012890498	-0.1177972294	-0.0807163641	-0.0572528269	0.0417455869	0.1366859567	0.0116606421	0.090829447	-0.1411763971	0.0396475332	0.0114196003	0.0463670479	0.1275950688	0.0793176309	-0.1018661243	0.0206008425	0.0766693556	-0.0222287711	-0.14264158	-0.0022084171	-0.0988562687	-0.109739277	-0.0041065938	-0.059253392	-0.0514116527	-0.074018122	-0.0114674337	-0.0019290171	-0.0342107508	-0.051142614	0.1134443873	-0.1017096011	0.0595742024	0.0312195885	-0.0373218068	0.0920565204	-0.0673654964	-0.005450243	0.0232537009	0.0110880179	-0.0154502748	-0.0236297405	-0.0901871101	0.0455007528	-0.0607394458	0.0534631388	-0.0255584145	0.1311217976	-0.0495916642	0.1105400346	-0.024703486	0.1891832613	0.0343259405	0.0001306856	0.0095843248	0.001230265	0.0159059958	0.1285106465	-0.0934303858	-0.0003727805	0.0089552367	-0.0543349985	0.1491387622	0.0535976028	0.0670534661	0.0803770063	-0.0388650759	-0.0063588599	-0.1087149526	-0.0039684503	0.0851129453	-0.0689841873	-0.0316425491	-0.1127880655	-0.0811618408	0.1980985039	0.0449052577	-0.0629729695	0.0787673297	-0.1731358572	-0.0109380756	0.0028538751	-0.0108384544	0.07678705	0.0518305098	0.0124088109	0.0270037867	0.0303889645	-0.0234543194	0.0934196269	0.0459789694	-0.0161035399	-0.0730579298	-0.106747262	0.0075034413432462	0.0074779570566505	5.591984174110967e-05	5.630163199153634e-05	-0.0224951508103714	0.033900703867559	0.0011492577227159	0.0005060318099813	0.0105809702780419	0.0238017726789365	0.0005665243826597	0.0001119569320248	-0.0001449655505532	-0.0005729595187397	2.1015010847192384e-08	3.2828261011442866e-07	0.0003090161677117	7.836090200005232e-09	6.140430962261801e-17	9.54909919072255e-08	-0.0002229776071738	-0.0002619114326124	4.971901330095346e-08	6.859759853313102e-08	0.0	0.0	0.0	0.0	0.0	0.0	0.0	0.0	0.0	0.0	0.0	0.0	0.0	0.0	0.0	0.0	0.0	0.0
1257.459152113281	0.80430268742316	1581203.519233452	0.6469028129961174	1513.8951174975025	-31.611818550276663	999.307072055616	2291878.426782777	1187.2685850831087	0.3460570254426329	1409606.693125247	0.1197554648582031	1206.5420956932744	1324.1234705686895	1.754586	35.821548	0.0924187238647306	0.0399104543327607	0.1413178911	0.0157523835	0.1187646884	-0.1101009904	0.0564512671	0.0895052386	-0.0396732967	-0.1292437375	0.1004715418	-0.0831362933	-0.0306486095	-0.0166590637	-0.0612651945	0.0518257862	0.0193670389	-0.019783042	-0.0584339059	-0.101777313	0.0291167248	0.0088624462	0.0471536824	0.0859338628	0.029119827	0.0522332171	-0.0932301064	-0.0804221614	-0.0901775632	-0.042666435	0.0250566948	-0.070051132	0.0320730611	-0.0864896508	-0.0739081735	0.0294962125	0.0025500585	0.0178038309	0.1431931324	0.0049318467	0.0556767215	0.1145046067	0.0225580998	0.0450505914	0.07973596	0.0865589841	-0.0835293391	-0.0340849709	0.064149737	-4.0014e-05	0.000257107	0.0903274501	0.0268347797	-0.1192410975	-0.0099017617	0.0728812867	0.0506168028	-0.0223141147	-0.0295892594	0.0582747951	0.0837428259	0.0844263828	-0.0270970952	0.2643815882	0.0370720931	0.0191243437	-0.0691484268	-0.0122406747	-0.030349372	0.0390799475	-0.0663648122	0.0520400648	0.0102882469	-0.1143929974	0.0612027556	-0.096329681	0.0096761615	-0.0377318699	-0.1236051019	-0.0466857888	-0.0064963034	-0.0818794937	-0.0703388131	0.0872431302	0.0213158433	0.0634692427	-0.0671558406	-0.0124262231	-0.0168557765	-0.0538766593	0.0385106675	-0.0262277929	-0.1179457457	-0.0172703748	0.0184898298	-0.0695188176	0.0960338311	0.148997583	-0.0088701496	-0.0349560868	-0.0523666336	-0.0700337922	-0.0630630902	-0.0969513326	-0.0406492783	-0.0404732628	-0.0696020357	0.1467098418	-0.0855644431	0.0083314064	-0.0340672033	-0.0381584253	0.0352686844	0.1526690954	-0.0499807229	-0.0243022781	0.0810211402	-0.0168628317	0.08336635	0.0097164879	-0.0338289933	0.0829932393	-0.0058781557	-0.2256558003	0.0330621563	-0.0506405795	-0.0573292572	0.0271452124	0.0876520243	-0.0134361834	-0.10569502	0.0878670068	-0.0149705579	0.0783442638	0.0147522943	0.0977786072	-0.0087982823	0.0209684714	0.0011805085	-0.1683150624	0.0155511805	0.1215836684	-0.012912587	-0.0467573002	0.0054563216	-0.074626446	0.0855930553	-0.1355605435	-0.0125901048	0.1454423902	-0.0480303325	-0.0820478457	-0.0161159707	-0.0548155431	0.1308593153	0.067957633	0.0581518952	-0.2860302123	0.0922356034	0.0420222065	-0.0224686191	-0.0793255261	-0.1092308605	-0.0116807359992208	-0.019184177342467	0.0003680326603072	0.0001364395934834	-0.000678597742393	0.0218165530679784	0.0004759619877679	4.604948959808764e-07	-0.0090890433898778	-0.0196700136679197	0.0003869094376961	8.261070974308133e-05	-8.501413804378878e-05	5.9951412509411215e-05	7.227403667328374e-09	3.5941718618735875e-09	0.000147991880609	-0.0001610242871027	2.592882103693276e-08	2.1901596726188517e-08	0.0001910062889414	0.0004139838961152	3.648340241516558e-08	1.713826662427207e-07	0.0	0.0	0.0	0.0	0.0	0.0	0.0	0.0	1.0	0.0	0.0	0.0	0.0	0.0	0.0	0.0	0.0	0.0
1261.552182683398	4.09303057011698	1591513.9096332458	16.75289924791213	1513.1226611729087	-0.7724563245938043	0.5966887734049687	2289540.187754985	1188.434248708706	1.16566362559729	1412375.9635038266	1.3587716880406189	1207.48390330544	1362.1897976103778	1.557578	31.79945	0.0739994621198153	0.051670753234065	0.0191111569	-0.0907930062	0.0052351365	0.1046448129	-0.0552387305	0.1368466052	0.0144525263	-0.1299550845	0.0255329733	0.0735630424	-0.0853013427	-0.0099725543	-0.0352949672	-0.072435657	0.0897902722	-0.1189688002	0.1422123152	0.0675927977	0.0086747044	0.0314202921	-0.0455500051	0.0120127509	-0.0557743844	-0.0026228458	-0.0128767809	-0.1270943522	0.0050178679	-0.1180916495	0.0338981704	0.0244690419	0.0625739332	-0.1312953233	-0.0640078402	-0.0342252809	0.0466072827	-0.1036500604	-0.0007982215	0.0181741263	-0.0726020168	-0.0407820641	0.0211108073	0.1000294115	-0.0260366116	-0.0779308925	-0.0177444618	0.0772559303	0.0267137343	-0.0739471437	0.0870468571	-0.0127218735	-0.0384704981	0.1071104573	0.0129610967	-0.0672780144	0.0192538955	0.0805812051	0.0150779029	0.0468710771	0.1647492116	-0.0946066356	-0.0540832608	-0.0009368361	0.0949544099	0.0095134391	0.0201336131	0.0249358462	-0.0198160175	-0.1332435613	-0.0267387408	-0.0356532017	0.0842695113	0.0646561769	-0.0587103134	0.0521194724	-0.0911891144	0.1023254651	0.0098212297	-0.0379371589	0.0322514276	-0.0104954766	-0.0083219759	0.0356717938	0.0319587692	0.0663910406	-0.0514350754	-0.1302903949	0.0166178267	-0.0978591968	0.1115113386	0.0089143779	-0.1093679557	0.0044624874	-0.0255792029	0.0764900433	0.0448349196	0.0938458611	-0.0536764703	0.0398071623	0.0549492223	0.132559669	-0.0357862223	0.0409607008	0.086031496	-0.0337109251	0.0068647068	-0.0741020467	-0.0094710478	0.0468934623	-0.0941495485	-0.0003065125	-0.1361449725	-0.0541928789	0.0624773714	-0.0110509337	-0.0781183544	0.1639251006	0.037834296	0.0256080139	-0.1642814877	-0.0080169641	-0.07914809	-0.0085965467	-0.0173647873	-0.0280247193	0.082930341	-0.0428377431	-0.0127512505	0.0031917801	-0.0336205754	-0.0458682153	0.0264380388	0.0329880897	-0.0030883469	-0.0460162152	-0.017893379	0.0725193488	-0.0020773051	0.0363151284	0.0413102104	0.1628041543	0.1088362487	0.028231699	-0.0348716641	-0.005045065	0.0025082973	-0.0086036447	-0.2124142088	-0.0806869066	0.0940582556	0.0392162919	-0.0666122573	0.0259129777	0.1347152558	0.026517596	-0.0385152863	0.082921632	0.0910168938	0.0380022381	-0.0287576717	-0.0851160492	-0.1106882998	-0.0071332812335356	0.0045474547656851	2.0679344845953032e-05	5.088370115671117e-05	-0.0506477108874179	-0.0499691131450249	0.0024969122685003	0.0025651906181354	-0.0204712563634075	-0.0113822129735296	0.0001295547721747	0.0004190723370963	-8.500501679144213e-05	9.121252346656764e-09	7.225852879713358e-09	8.319724437139152e-17	0.0001759975770583	2.8005696449299975e-05	7.843190336103332e-10	3.097514713039224e-08	5.700748193153613e-05	-0.0001339988070098	3.2498529961744183e-09	1.7955680280066742e-08	0.0	0.0	0.0	0.0	0.0	0.0	0.0	0.0	0.0	1.0	0.0	0.0	0.0	0.0	0.0	0.0	0.0	0.0
1262.1769714380555	0.624788754657402	1593090.7072285418	0.3903609879463472	1544.163838481671	31.04117730876237	963.554688714024	2384441.9600744485	1187.6386625380342	-0.7955861706718679	1410485.5927551305	0.6329573549643265	1207.4165362751637	1364.0809434362518	1.32349	27.020306	0.0722094420171967	0.0402868247450361	-0.0630246291	0.0072053711	-0.0460109123	-0.0707470994	-0.1280347689	0.0075793603	0.0752272819	0.0642080634	-0.157668395	-0.0462997419	-0.0452075539	-0.0330591567	0.1051728764	-0.0711975234	0.0332104077	-0.1104357635	0.0257920205	0.025990047	0.0581754732	-0.1103018044	-0.0858561359	-0.1321706965	-0.1336668131	0.0039959256	0.0479337703	-0.0674148409	0.0084757449	0.0691332853	0.0613487637	-0.1375663153	0.0797201538	-0.0102526071	-0.1011746491	-0.0109491779	0.0284911543	-0.013669388	0.0096453047	0.1528978097	0.0041715218	0.0182464969	-0.0387706598	0.0186974047	0.1070984659	-0.0294251769	0.0270645083	0.0888968475	-0.0676980357	0.0117317327	0.0638123415	0.003537302	-0.023868412	-0.1709371535	-0.0170175648	-0.0532141258	-0.0294683193	0.0777057848	0.0529625047	0.0497776757	0.0973296834	0.0083073168	0.0081719474	0.0572001018	-0.0101766078	0.0403505674	0.0239726744	-0.027647831	0.0028380512	0.0806147522	-0.0002893493	0.0851365832	-0.0119390648	0.1952930231	-0.1096227295	0.0275303315	0.1034152284	-0.0054146699	0.05585925	0.0668813774	0.1445587684	0.042577995	0.1410188987	-0.0180070635	-0.0622021155	0.1263050435	-0.0226486057	0.0785235185	0.0147286169	0.0600039873	0.1384483718	0.0894782782	-0.06829552	-0.051227172	0.0026362811	0.0583420708	0.0634366847	0.0310130855	0.1221591172	-0.0363250346	-0.0199459886	0.1074536162	-0.0860332462	-0.0638529664	0.0439414366	0.0268304117	0.082079869	0.0568781807	0.0401893272	0.0778837798	0.080889782	-0.013146235	-0.0353784856	0.1034401367	-0.0752291797	-0.0963249673	0.0080887539	0.0769779008	0.1376863822	-0.0161475756	-0.0390660834	-0.0064364877	-0.0035180317	0.0274824645	-0.0527629294	0.0192507227	-0.1177308113	0.0843467382	-0.1825933626	0.024826594	0.0228910403	-0.0161534127	0.1046127526	-0.0297846906	0.0218168131	-0.0701383981	-0.0366404073	-0.0596788744	0.0279964189	0.0284430471	-0.1200624527	-0.0107001859	-0.0527289838	0.1008430618	0.0334449485	-0.0861076475	-0.0468779506	-0.0145990702	-0.131859626	-0.0553193768	-0.0167279283	0.0414854609	0.0164955444	0.0691206221	-0.0048947011	0.0317046579	0.0772600466	-0.0725190343	0.0897639565	0.0339251109	-0.0349494174	-0.0903946745	-0.1111058879	-0.0130377831795982	-0.0059045019460626	3.4863143231057035e-05	0.0001699837902382	-0.028115044496161	0.0225326663912569	0.0005077210546996	0.0007904557270211	-0.0041512865564072	0.0163199698070002	0.0002663414145014	1.7233180073407153e-05	-0.000561007288626	-0.0004760022718345	3.147291778914961e-07	2.2657816279166038e-07	0.000240981262356	6.49836852977e-05	4.222879354870511e-09	5.80719688066913e-08	6.50676022568165e-05	8.060120325280366e-06	4.233792863451271e-09	6.496553965799767e-11	0.0	0.0	0.0	0.0	0.0	0.0	0.0	0.0	0.0	0.0	0.0	0.0	0.0	0.0	0.0	0.0	0.0	0.0
1263.7820818780824	1.6051104400269196	1597145.1504761002	2.576379524683412	1533.8232538079403	-10.340584673730746	106.9276913945952	2352613.7739219773	1187.159620552105	-0.4790419859291432	1409347.964669418	0.2294812242829375	1206.5825147797789	1347.4491208501922	1.330746	27.168457	0.0667257226493178	0.0343875920771131	0.0942363363	-0.0086017421	0.0137885977	-0.005948637	0.0993120607	0.1512835758	-0.0111422001	-0.0231873596	0.0519167837	-0.0019374193	-0.1602766025	-0.1584775372	0.0206621257	-0.029158553	-0.1083607403	-0.0461579767	0.0751115228	-0.1015789363	0.1508618932	0.1233257624	0.1326844521	-0.0610943941	-0.0820404445	-0.030338201	-0.2306785735	-0.0172990192	0.0076318313	0.0921659855	-0.0417659823	0.1698881064	0.0329607398	0.0943914151	-0.0815336426	0.1659184348	0.0946439688	0.0880370079	0.0382407823	0.039076968	-0.1078543896	0.005526152	0.0530849298	0.0381106294	0.1811927917	-0.050969181	0.1414566083	-0.0005400206	0.0767164665	0.0441580427	0.0163201486	-0.02936509	-0.0635566331	0.0014585906	-0.0488713236	0.0353124485	0.0354550219	-0.001070257	0.0665124483	-0.0381450377	0.0032379979	-0.0155806278	-0.0340081594	0.0211425989	-0.0051468276	-0.0318738897	0.0366204551	0.0128077431	0.0682032021	-0.0341652419	-0.0506398526	-0.0062939957	0.0917716537	0.0217187432	-0.0778213652	-0.0503157442	0.0937800392	-0.0265729335	-0.1249767217	-0.1251860451	0.0225275087	-0.1596138265	0.0203219404	-0.0965299161	0.0188521935	0.1987276236	0.1040827658	0.0365643466	-0.1416829592	-0.0585296249	-0.024780427	-0.0006590482	0.1542907068	-0.1339869885	-0.04143241	-0.0238542091	-0.1080547693	0.0460129339	0.0603014168	0.1582778787	0.1048351382	0.0083291268	-0.1656886119	-0.127253731	-0.0638841884	0.1169334619	0.0087439682	-0.0467984157	-0.0858237155	0.0486887217	0.0554574747	-0.1122080791	-0.0501072825	-0.088643564	-0.067440001	0.0888619134	0.0306362427	0.021051822	0.0054924707	0.0429314491	-0.0129282088	0.0612307684	0.0407579004	-0.0309154895	-0.0706416167	0.0133338696	0.0413064757	0.0123871534	-0.0115830983	-0.0971417613	-0.0082818308	-0.1136000143	0.0961299645	0.0168243792	-0.012932285	0.0363544825	-0.0650581203	0.0461001865	0.1381577518	-0.1370416972	-0.049513573	-0.027505082	0.0569434508	0.0818629488	-0.0577490572	-0.0330695899	0.0508431276	-0.0732976468	-0.0296719445	-0.0153176781	-0.01255222	0.073682692	0.1253338191	0.0573190327	0.1692769257	0.0213555052	0.1434420716	-0.1437837094	0.0884772626	0.029796957	-0.0410229053	-0.0951296555	-0.110479702	-0.0223274787674228	-0.0092896955878246	8.629844411444785e-05	0.0004985163081097	-0.05574098495849	-0.027625940462329	0.0007631925864281	0.0031070574041426	-0.0165089632287589	-0.0123576766723516	0.0001527121727383	0.0002725458668885	-0.0004320002278397	0.0001290070607863	1.866241968535527e-07	1.6642821732720112e-08	6.0994600582731096e-05	-0.0001799866617732	3.239519841628509e-08	3.7203413002469006e-09	2.5013126280134216e-05	-4.005447597668228e-05	6.25656486305941e-10	1.604361045766618e-09	0.0	0.0	0.0	0.0	0.0	0.0	0.0	0.0	0.0	0.0	0.0	0.0	0.0	0.0	0.0	0.0	0.0	0.0
1266.7199487656435	2.9378668875610856	1604579.4286008344	8.63106184902786	1515.6602353608812	-18.16301844705913	329.89523910821026	2297225.9490542016	1190.2950470828694	3.1354265307643345	1416802.2991100105	9.83089952982087	1208.7876743326308	1345.6302164340573	1.228261	25.076124	0.1132042083860891	0.0590596665287629	0.1034106093	-0.1353051862	-0.0393798216	-0.0027229697	0.1353406173	0.1868046798	0.0250527177	-0.1014568106	0.0124624064	0.158777566	-0.1958517626	-0.0282694284	-0.0598092656	-0.1853778	0.0111432313	-0.1445355308	0.0959412403	0.0504375878	-0.0541877905	0.1422591011	0.023393965	-0.0105627107	0.1181802746	0.0994421986	-0.157222688	0.0198788361	-0.194720282	-0.0381831911	0.1447980106	0.0122722667	-0.1328418938	-0.0594309332	0.1028670355	-0.0727373446	0.0450350454	-0.0177841105	0.0219299895	-0.0395314261	-0.0462130467	-0.1853880278	-0.0328712567	-0.1149905037	0.0555518957	-0.1422497229	-0.0280338546	-0.0269998345	-0.1032733663	-0.0040442498	-0.0174961281	-0.0867139637	0.0221987131	-0.1409026272	-0.1146153771	0.0164387882	0.0150625218	-0.0044919107	0.1513996728	0.0781447796	0.0331185895	0.020503999	-0.0976519232	-0.0939625093	0.1005513797	0.0419640207	0.0704972957	-0.0193322188	-0.0677427702	-0.0575006902	-0.1490096866	-0.0599006032	-0.000185187	-0.0226886553	-0.1793094218	0.1061968958	-0.0274027276	0.1757935559	-0.0519992912	-0.0448445487	-0.0328117766	-0.1313815348	-0.1226920479	0.1103800327	0.0339802577	0.1037905389	0.0041174534	0.1075650713	0.1761548323	-0.0875483693	-0.0810430405	-0.1069304703	-0.0375155541	0.1074251676	0.062534546	0.1069001186	0.0210119359	-0.1009730405	-0.0432567186	0.1473177474	-0.0284497748	-0.0225891844	0.0037195426	0.0151154903	-0.056223446	-0.077689608	0.0416491367	-0.1147279636	0.180050369	0.019080571	0.0547717733	-0.0655083329	-0.0201867532	-0.0622109963	-0.2239925533	-0.0371590548	0.0383567028	-0.0547497764	0.083292105	-0.0931037684	-0.1888396344	0.0351566272	-0.0176400719	0.0567134178	-0.0589872967	-0.1036232383	0.0557565851	-0.0274974988	0.0923730605	0.1038503295	0.0423679798	-0.0680548389	0.1565424088	-0.0248509218	-0.0755259536	-0.0121903737	-0.0164527443	0.2431338083	0.0588379458	-0.0620434672	-0.0173263123	0.0645459846	0.1408645814	0.0640803636	-0.1753313062	-0.1006260577	-0.0004402935	-0.0562635852	0.0382672457	0.0642844257	0.0972009163	0.085409439	-0.0397602974	0.090742912	0.0826984978	-0.0642595319	0.0325677273	0.0426022261	0.0871572961	0.0256239856	-0.0469575846	-0.0992925156	-0.1088156246	-0.0121909723271187	0.0101365064403041	0.0001027487628143	0.0001486198062805	-0.0933527090932813	-0.0376117241347913	0.0014146417923916	0.0087147282950548	-0.0492671397161359	-0.032758176487377	0.0010730981267781	0.0024272510558092	-0.0004560475042181	-2.404727637840001e-05	2.07979326103558e-07	5.782715012191548e-10	0.0001758768797222	0.0001148822791394	1.3197938060278852e-08	3.0932676820817204e-08	0.0005400395972346	0.0005150264709544	2.9164276658130893e-07	2.652522657838112e-07	0.0	0.0	0.0	0.0	0.0	0.0	0.0	0.0	0.0	0.0	0.0	0.0	0.0	0.0	0.0	0.0	0.0	0.0
1268.1892017180337	1.4692529523902067	1608303.8513542237	2.158704238107339	1526.7989310382927	11.138695677411532	124.07054139398636	2331114.9758196734	1189.8919254626828	-0.4031216201865391	1415842.7942812908	0.1625070406618202	1208.5710371785224	1391.1322893298502	1.388912	28.35597	0.1226866269062391	0.0645027895905315	-0.0273198522	-0.146793623	-0.1868633532	0.0914400791	0.0333877695	-0.0494254708	0.2456837481	-0.0298414551	-0.0857050767	0.2361221782	-0.1291603426	0.0341375138	0.005980191	-0.0475795819	-0.0154593713	-0.0917403437	-0.0311275203	0.169212686	0.0385382423	0.0681377119	-0.0075684719	-0.1226484984	-0.041605442	0.0786360251	0.0467454898	0.0582359649	0.0156534279	-0.0243469099	0.0946969577	0.0603648917	-0.0157819003	0.0394766254	-0.0020607964	-0.0069710656	0.1157991538	0.0310372848	0.0106685566	-0.0529708898	-0.0240408816	-0.0944206626	-0.0909040281	-0.0592277719	-1.64621e-05	0.0363711669	-0.0110757833	0.155259321	0.1136544647	-0.0298382081	-0.0903305925	-0.1582327012	0.1677020385	0.0588628935	0.1491793235	-0.0120334909	0.1299594638	0.0517706388	0.126796737	-0.0266565355	-0.0455003838	0.0568623147	0.0565109883	0.043127507	-0.0107096226	0.0153818748	-0.0669325631	-0.0916749586	0.0240392673	-0.0039052253	0.1928569868	0.0631264476	0.0210291046	-0.1418444514	0.0113765396	0.0247087942	0.0780433228	0.1916609908	0.087704383	-0.0539598044	0.0207848471	-0.0465949253	0.1141298979	0.0162859263	-0.0370462356	0.020228277	0.0568345253	0.0648318459	0.069381804	-0.0040189227	0.1282706154	0.0043644066	0.0874484698	-0.0766914141	0.0468335101	0.0895299814	-0.0726100016	-0.1066726951	-0.1010667928	0.0826687036	-0.047469162	0.0076585794	-0.048195086	0.1298165982	0.0452307574	-0.0400816306	0.1282902195	0.1310521739	-0.0255400637	-0.1575066638	0.0332633909	-0.0196612897	0.0415885581	-0.1341895542	-0.0092971218	-0.0864231368	-0.0552160201	-0.0257635009	-0.0687742371	-0.0081073349	0.0722675759	0.0489654041	0.0826462953	-0.1151093308	-0.1191757206	0.0169464907	-0.0668011494	-0.0240133124	0.0957021136	-0.0225951898	0.0141234892	-0.1139520794	-0.150452734	-0.0822501667	-0.0914571815	-0.1103360046	-0.0599069552	0.1935874278	0.0056151852	0.0781037145	-0.0156703247	-0.057090443	-0.0323561176	0.0801688566	0.0496112642	-7.54949e-05	-0.1136813854	0.0490718919	-0.0105593079	0.0627262065	-0.0346350812	0.1720592604	-0.1138945532	0.0071012927	-0.002387508	-0.1272670771	0.1525517504	0.110145525	0.0858045533	0.0214124734	-0.0527333744	-0.1028582188	-0.1061292888	-0.002900431562594	0.0092905407645247	8.63141476972952e-05	8.41250324929147e-06	-0.0373527624043816	0.0559999466888997	0.0031359940291596	0.0013952288592381	-0.0306803988918034	0.0185867408243325	0.0003454669344709	0.0009412868761601	5.496244585564462e-05	0.0005110099500737	3.020870454434666e-09	2.6113116907437094e-07	0.0002290090134953	5.31321337731e-05	2.823023639282593e-09	5.2445128262090495e-08	0.0003279937085118	-0.0002120458887227	1.0757987282332365e-07	4.4963458924242056e-08	0.0	0.0	0.0	0.0	0.0	0.0	0.0	0.0	0.0	0.0	0.0	0.0	0.0	0.0	0.0	0.0	0.0	0.0
1264.1050528086464	-4.084148909387295	1597961.5845363508	16.680272314049432	1556.0420581232893	29.24312708499656	855.1604817092593	2421266.886648562	1188.2997635039103	-1.5921619587725218	1412056.3279434491	2.534979702962353	1208.1032888562163	1385.1551839737415	1.416134	28.911722	0.1172480493566375	0.0774599525169221	-0.1017726196	0.0549855616	-0.127075003	0.0535092445	0.0453111507	-0.0498757178	-0.0794977492	0.1928317232	-0.148949088	0.0496978573	-0.0099152605	-0.0629072542	0.0464519594	-0.0211635419	0.0045616487	-0.0298811733	0.0355570751	0.0590577956	0.0298613361	-0.0557259519	-0.029298716	-0.0479805388	0.0077915643	-0.0133190626	0.0676651887	-0.0139424381	0.0019596265	0.1536894397	0.0528868776	-0.0477854493	0.1199599132	-0.0307601789	0.0378707057	-0.1422301237	0.0990655955	0.0229726475	-0.0181352147	-0.0865658045	-0.0123119285	0.1281369018	0.0279544961	-0.0589572333	0.0550605807	-0.0311469898	-0.0314845643	-0.0622696809	-0.0227758727	-0.1563315702	0.009546174	-0.0455554728	-0.0269166047	-0.0815439077	0.0532614828	-0.1760429575	-0.067298121	-0.003946515	-0.0435748406	-0.1520288128	0.063347906	0.0267420175	0.1195759165	-0.0499021995	-0.027220473	-0.0377304032	-0.0707749402	-0.0115279904	0.0064946307	0.0125127454	-0.0085197029	-0.009205289	0.0166783813	-0.0697334624	0.1616139444	-0.0642640506	0.153189314	-0.0511287378	0.1367054201	0.0446525754	0.0558987295	0.058282727	0.0581870075	-0.0998644423	-0.1153326256	-0.0216502843	0.0317252335	0.1635858927	0.0191827566	-0.0541078494	-0.0500049425	0.0944291982	-0.0965118775	0.0282475283	0.0456138881	0.0164038503	-0.0764444343	0.0703026103	-0.0227116981	-0.040251722	0.0232068873	-0.0758191784	-0.0836985172	0.0880768258	0.0379750013	-0.0006536764	-0.1011436243	-0.108163443	0.0606424072	0.0016619333	0.0833941995	0.0256322983	-0.0082217544	0.0091461279	-0.031181793	-0.1891350758	0.0222428893	0.1049528163	-0.0483474059	0.075326836	0.0766876057	0.0017454979	0.0560228096	-0.0257628494	0.0212765618	0.0198138739	-0.035309728	-0.0994108474	-0.0139994877	-0.0292636136	-0.0724530677	0.0309501145	-0.0830157152	0.0264191109	0.018602486	-0.0840075557	-0.0378506469	0.0259684524	-0.0209140113	0.0338307843	-0.1362729804	-0.1681690952	0.0982996815	-0.0338487882	0.0057312511	0.054467514	-0.1140115481	-0.0446367542	-0.0215539729	-0.08975639	-0.0756231847	0.0742922369	-0.057153864	0.0614032636	0.0481570773	-0.0166440882	0.0381393735	-0.0328086079	0.0844195428	0.0171687548	-0.0583307311	-0.1058053206	-0.1024459312	-0.0053499309330788	-0.0024494993704848	6.000047166005433e-06	2.86217609887134e-05	-0.0306714531803038	0.0066813092240778	4.463989294774712e-05	0.0009407380401915	0.0171966019055531	0.0478770007973565	0.00229220720535	0.000295723117098	-0.0008770118868991	-0.0009319743327547	7.691498497623198e-07	8.685761569136514e-07	0.000262961095123	3.3952081627700004e-05	1.152743846854004e-09	6.914853754828745e-08	8.911532359987575e-05	-0.0002388783849119	7.941540900310572e-09	5.7062882778129446e-08	0.0	0.0	0.0	0.0	0.0	0.0	0.0	0.0	0.0	0.0	0.0	0.0	0.0	0.0	0.0	0.0	0.0	0.0
1261.855506259492	-2.249546549154502	1592279.3186773986	5.060459676812928	1541.4741015004995	-14.56795662278978	212.2253601634846	2376142.405596772	1187.0849427682697	-1.2148207356406149	1409170.661347146	1.4757894197424042	1206.7260643681393	1355.250483339708	1.363674	27.840712	0.0901578748838079	0.0525204068061204	0.0488284346	0.0669769628	0.0256559384	-0.0754454852	0.0778279699	0.0030098864	-0.0363510838	0.0894438596	0.1093001869	0.0201042367	-0.0739848759	0.0824597063	-0.0127481803	0.0767910559	-0.1334675226	0.1245960382	0.0359995774	-0.042748889	0.0165340941	0.0203142721	0.0892059	0.0211820426	0.090979027	0.020386869	0.1598150336	-0.0669499374	-0.0655498405	0.0471881763	0.0109598252	-0.0341776269	-0.0357565642	0.0050550651	-0.0743953855	0.1329252178	-0.1121745194	-0.0988922828	-0.1092624909	0.0889198908	-0.0757468167	0.0227312416	-0.0886342375	-0.050613354	0.0485646874	-0.0500993975	0.0319240521	0.0103174656	-0.0879317728	-0.0164449144	-0.036523124	-0.1092879919	0.0029340235	0.0240698398	0.0632472209	-0.1216074525	0.0026802376	0.0198730892	-0.1112287717	0.0021460461	-0.0817335891	0.1639259197	0.0317379698	0.1067292409	0.0214826056	0.0593687618	0.0408154087	-0.1189827905	0.1187793456	0.0100742994	-0.241992968	-0.0662854627	-0.0914987198	0.0155359422	0.1573165464	0.0716515582	-0.1092746976	-0.0827431263	-0.0048979303	-0.0085177	-0.0638798203	-0.0553400637	-0.0445001619	-0.0471350624	-0.1563806221	-0.0654246658	-0.1200804121	0.042758665	0.0509291874	0.0876338558	0.0093723097	-0.0494615722	0.0692633735	-0.0410181459	-0.1179822306	-0.0763234262	0.1087680167	-0.0655928212	0.131185042	-0.0151985422	0.0128570557	0.0442710577	-0.0944526746	0.0548486568	0.04795975	0.0418600918	0.085364124	-0.1656963261	0.083370114	-0.0897382134	0.0912984162	0.0545568915	-0.001942154	-0.0511933224	0.1039116487	-0.0386432154	-0.0122341648	-0.0748825571	-0.0731585828	-0.0198033127	-0.0610861597	0.0343355929	0.0468629647	-0.1428831673	-0.1237664024	0.0031254078	0.0173833849	-0.0139664509	0.0489925364	-0.0481467128	0.0366254363	0.322903123	0.1307983469	-0.0325183431	0.0292648147	0.0514708034	-0.0277344969	0.0595274467	0.0517930097	-0.0690583882	-0.1192497553	-0.1249296637	-0.1027158537	0.0197902289	-0.104203937	-0.0184686005	-0.0381001502	-0.0281263011	0.1644122978	0.0379374263	0.0453780697	-0.0222430857	0.1402287702	-0.0687006863	-0.0532378918	0.021184309	-0.1253294091	0.0203811709	0.0830027857	0.0128992127	-0.0637307152	-0.1081160967	-0.0978001546	0.0050428957094226	0.0103928266425014	0.000108010845621	2.5430797136112867e-05	-0.0757767829697542	-0.0451053297894503	0.002034490775415	0.0057421208372452	0.0222227244107955	0.0050261225052424	2.526190743770415e-05	0.0004938494802381	-0.0012660215166096	-0.0003890096297104	1.6028104805184714e-06	1.513284920075003e-07	0.0004659437246952	0.0002029826295721	4.1201947908044956e-08	2.171035545828363e-07	8.979498324944977e-05	6.796596495740165e-07	8.063139016768965e-09	4.61937239259075e-13	0.0	0.0	0.0	0.0	0.0	0.0	0.0	0.0	0.0	0.0	0.0	0.0	0.0	0.0	0.0	0.0	0.0	0.0
1260.9625381801422	-0.8929680793496573	1590026.522693707	0.7973919907374158	1535.071089231765	-6.403012268734528	40.99856611356489	2356443.248995197	1187.8661221101502	0.7811793418804882	1411025.924057006	0.6102411641808326	1207.0194282386876	1361.3838853562838	1.16727	23.830933	0.1118566944313421	0.0598701918474733	0.0940588348	0.0393741765	-0.0466793821	0.0747624563	-0.0347545627	0.0205050695	-0.0333443201	0.020876103	0.0837840858	0.0544262595	0.0017370604	0.0563272675	0.0046400328	0.0904323694	0.1089578635	0.0830095284	0.0191403404	-0.0232926281	-0.0207578063	-0.0133743833	0.1005786621	0.0770485738	-0.0029101423	-0.0188397998	-0.0101321538	-0.0080143661	0.0460962012	0.011380618	-0.0370863105	-0.0195542173	-0.2389621139	-0.1227245528	-0.0447738853	-0.0072011866	-0.0194100901	0.0752699022	-0.0335287833	-0.001976847	0.0188835604	0.0177375303	0.0219626936	0.0731563341	-0.0122995131	0.0567090916	0.0544964773	-0.0390548323	0.131880456	-0.0224856557	0.1010556508	0.0731411248	-0.0487269702	-0.0415282288	-0.0522854815	0.0326116921	-0.0910012432	0.0053243539	0.0004152611	-0.132028013	-0.0363417843	0.0757308378	-0.0565982423	-0.1244275977	-0.1148368646	0.0086756184	-0.0317071585	0.0978021554	0.0257581774	0.0971138637	-0.0505090157	-0.0189907719	0.0602400999	0.0253633	0.090770414	0.0711207073	-0.0395951877	-0.074692688	0.0041975043	-0.0324896975	-0.1015125557	-0.0316293647	-0.0349962001	-0.0052980664	0.0462485043	-0.0699149655	-0.0458424386	-0.0418918765	-0.0876008007	0.0880085025	-0.0551783314	-0.2395482665	-0.0966186482	-0.0109561686	0.086728253	0.0130034868	-0.0336168331	-0.0038962461	0.0279317884	0.0253351273	0.0290922991	0.0435225126	0.0240661746	0.0344009391	0.0222136118	0.0619088944	-0.1675668568	0.0010820052	-0.1101125301	0.0860736167	0.1128047874	0.0171015467	0.0071626024	0.0370253961	-0.0302805543	0.0345219358	-0.052005926	-0.0229813156	-0.0568955566	-0.04191422	0.0663874805	0.1292204085	0.0153239842	0.0948104591	0.058708739	0.0271226922	-0.0128953869	0.0458383724	-0.0439779381	0.009925543	-0.0958725937	-0.0096715257	0.0795267412	-0.052063351	0.0537973763	-0.0333144326	-0.025550207	0.1202878031	-0.1316115206	-0.1001135298	-0.0211549182	-0.0409250841	-0.0525809545	0.0370502193	-0.0144987335	0.1687542649	-0.0786040659	-0.089179518	0.0941444685	-0.1047497176	-0.1257158427	-0.0761518514	-0.0340296811	-0.0976160144	-0.0360079705	-0.0004586453	-0.0434630015	-0.060935205	0.0815548146	0.008610269	-0.0689150546	-0.1097766499	-0.0922356034	0.0206175100935581	0.0155746143841355	0.0002425686132145	0.0004250817224579	-0.0248063051114542	0.0509704778582999	0.0025979896131034	0.0006153527732825	0.0320735101155946	0.0098507857047991	9.703797900187432e-05	0.0010287100511351	-0.0009316074592193	0.0003344140573902	8.678924580730398e-07	1.1183276178024277e-07	0.0005088038038403	4.286007914510007e-05	1.8369863843242414e-09	2.588813108023585e-07	0.0004217371763962	0.0003319421931467	1.778622459546395e-07	1.1018561959107445e-07	0.0	0.0	0.0	0.0	0.0	0.0	0.0	0.0	0.0	0.0	0.0	0.0	0.0	0.0	0.0	0.0	0.0	0.0
1260.882300506374	-0.0802376737683516	1589824.1757302457	0.0064380842917564	1530.2313588738732	-4.839730357891767	23.42298993709917	2341608.0116809807	1187.0843076022484	-0.7818145079017995	1409169.1533555095	0.6112339247657329	1206.6075029744982	1340.1404982405502	1.163364	23.751188	0.11967282576099	0.0769217270471055	0.1054478072	-0.0486645628	-0.0543010961	-0.0206712488	-0.0848182106	0.0219773586	-0.0851649542	0.0117340267	0.0333109159	0.1006514795	0.0060568211	-0.0191095577	0.000238111	0.0482829549	0.0892587441	-0.0026834834	0.0246213423	-0.0577023434	-0.0057340912	0.0841331617	-0.084679799	0.0822476169	-0.1976553482	-0.0879404865	-0.0429634651	-0.0797218803	0.0050828844	0.095550536	0.1441435549	-0.1161041962	-0.0460077024	-0.076854058	0.2042233438	0.0249826336	0.0261479027	0.13042067	0.0670518897	0.018836086	0.1874628572	0.0873566507	0.0511540088	0.0180957418	-0.1019024825	0.0942441637	-0.0942129006	0.0368800318	0.1267167809	0.0223021819	0.0642561553	-0.0389867067	-0.0387475693	0.171578315	-0.2062187814	0.0199421923	-0.095490349	0.0665577784	-0.1572624889	-0.0203938551	-0.0259033849	-0.1448943648	-0.0091079201	-0.0526952207	-0.126928454	-0.0508384502	0.0469517385	-0.1872604917	-0.0624441886	-0.1369280647	-0.0178236988	-0.1027392272	-0.0156587182	-0.0506133287	0.0484498431	0.1180013955	0.0154949143	-0.0078556978	-0.0470100334	-0.0668936523	-0.0556601046	0.1375517003	-0.0177826817	-0.1139319291	0.0372360759	0.1686522811	-0.0686022005	0.0992719576	-0.0735006319	0.0153503493	0.1231363042	-0.0981942465	-0.065384147	0.213694505	0.1153340818	-0.0862730753	-0.1402750681	0.0522259985	0.0448376565	-0.0578225821	-0.1236721713	-0.1165169099	0.1192304405	0.0054796488	0.0790171456	-0.034478209	-0.0559604435	0.0576525827	-0.2108827292	0.0170079101	-0.0051414869	0.1818658154	-0.152562376	-0.0288576185	0.0592113363	0.1259792028	0.0896522436	0.0328611973	-0.0704657528	-0.0099421229	-0.0404578953	-0.0303565406	-0.0738422121	0.1397034469	-0.0525915227	-0.0113070447	0.0612154903	-0.2306106556	0.0141694655	0.0005743355	0.0754453739	0.0048075455	-0.0748652033	-0.0086010885	0.1034668917	-0.0781440308	-0.0936169076	0.03265768	0.0210043173	0.0148767146	0.0640458768	0.0079977246	0.1276627278	-0.0443037182	-0.0166500502	0.0144403016	-0.0929399493	-0.2007125128	0.002260373	-0.182512936	-0.1025601514	-0.185449453	0.0539414652	-0.1159232455	-0.0276209439	0.0422072232	-0.0726211322	0.0542051165	0.080076174	0.0043083746	-0.0738662073	-0.1107769935	-0.0858045533	0.0211472408753792	0.0005297307818211	2.8061470120879386e-07	0.0004472057966413	0.0419512245871374	0.0667575296985916	0.0044565677714583	0.0017599052443604	0.0481695999687019	0.0160960898531072	0.0002590841085593	0.0023203103611447	-0.0015205760104309	-0.0005889685512115	2.312151403497952e-06	3.4688395431629093e-07	0.0005147791631547	5.975359314399926e-06	3.570491893618595e-11	2.649975868182532e-07	0.0002908915783728	-0.0001308455980234	8.461791036821884e-08	1.7120570522101176e-08	0.0	0.0	0.0	0.0	0.0	0.0	0.0	0.0	0.0	0.0	0.0	0.0	0.0	0.0	0.0	0.0	0.0	0.0
1258.865079052373	-2.0172214540009463	1584741.2872575372	4.069182394481692	1527.5249509045675	-2.706407969305701	7.324644096321409	2333332.475636001	1187.4507572211926	0.3664496189442161	1410039.3008251835	0.1342853232243612	1206.7813627016092	1374.8745602333204	1.45445	29.693998	0.1441171053975101	0.1008712673761415	-0.0528231228	-0.0938319771	0.0396960352	0.1155446525	-0.0475901156	-0.0952614664	0.0174557451	-0.0113007581	-0.0078766534	0.0987166248	0.0902192573	-0.0007605229	0.021542421	0.1081890482	-0.0803554875	0.0731716339	-0.0935158675	0.036195691	-0.0050842438	0.0068861731	-0.0606023439	9.2954e-05	-0.038852646	0.0425247657	0.0485340999	-0.0988083756	0.1760815223	-0.0978999687	-0.0152581624	-0.0564516285	0.0001023661	-0.0860787036	-0.1386338996	0.0354427002	-0.024327687	0.2314469932	-0.0827752304	-0.0464842672	-0.0595473837	0.0280079946	-0.120070529	-0.0326287392	0.0458003936	0.0167546801	-0.0595797425	0.0527383947	-0.0033723934	0.0535449362	0.0838338446	-0.0133382154	-0.0137663529	-0.0477187252	0.0327449494	-0.0427396384	0.047692211	-0.1196289418	-0.05270411	-0.0699112131	-0.0878576844	-0.0750696648	0.0489945051	0.0206875126	0.0568637791	0.1148818989	-0.0970239593	0.1411189096	-0.1633964991	0.1056170267	0.0859370185	0.0205897241	-0.086116148	-0.0270834715	0.0006564028	-0.065472463	-0.001084598	0.0511866764	0.0115321572	-0.0151618148	-0.0059922374	0.0887320404	0.0490201951	0.0005545537	-0.0782710795	-0.0226165176	0.0442838553	-0.136554246	-0.0334554848	0.0887673615	0.1530087049	-0.0400741509	-0.1374176503	-0.1405981493	0.0999147655	-0.079657428	-0.0701752747	-0.1303674861	0.0231091828	-0.035825783	0.0557759358	0.0130370162	-0.0927939741	0.0409645215	0.0288973167	-0.071409448	-0.0122837442	0.0165398677	0.0048031782	0.0923998281	0.0542933313	-0.0602612202	0.0050037455	0.0651841769	0.078236394	-0.0340614496	0.0579688959	-0.0868236865	0.0101321681	-0.0101813265	0.1376237655	-0.0173627822	-0.1157176536	-0.085913018	0.1610170984	0.1427143094	0.1192042623	0.0319693091	0.050937635	0.0499216238	-0.07944148	0.0217953649	-0.034927393	0.0054112743	0.0357886125	0.0557589497	-0.0440656482	0.0609136041	0.0821135619	0.1123003932	-0.001821014	-0.0717842071	0.0114908044	-0.0067997351	0.0314619509	0.1115609209	-0.0828186528	0.0883349523	0.0813244796	0.0061891057	0.0090847954	-0.0907514796	0.1561333597	-0.1363700925	0.0048203228	0.0864256627	-0.0464406632	0.1745472046	0.0785674201	0.0	-0.0785674201	-0.1111111111	-0.0785674201	0.019412304975475	-0.0017349358999041	3.0100025767763955e-06	0.0003768375844608	-0.0545998609166815	-0.0965510855038189	0.0093221121119657	0.0029811448121209	0.0408669776920049	-0.007302622276697	5.332829211611128e-05	0.0016701098656788	-0.0011361415419143	0.0003844344685166	1.290817603263403e-06	1.4778986058364074e-07	0.0008648144095559	0.0003500352464012	1.2252467372314885e-07	7.4790396297552e-07	0.0003269910977968	3.609951942400001e-05	1.0692317803835645e-07	1.3031753026437536e-09	0.0	0.0	0.0	0.0	0.0	0.0	0.0	0.0	0.0	0.0	0.0	0.0	0.0	0.0	0.0	0.0	0.0	0.0
1256.3481037963425	-2.5169752560304914	1578410.5579126652	6.335164439469758	1523.9222103592251	-3.6027405453423853	12.979739437053947	2322338.9032261465	1185.864591142177	-1.5861660790155838	1406274.8285248026	2.5159228302196714	1205.2055846791327	1372.0234112868368	1.261567	25.756098	0.0963008318397969	0.0461313016000192	-0.1116981439	0.019590151	0.1045475844	0.1269564354	0.1091353827	-0.0545546671	-0.0058265218	-0.0145268157	-0.1403165242	-0.0745953027	0.1522195717	0.0949864746	-0.0672026215	0.0031073398	0.1147612719	-0.0258373035	-0.0460386261	-0.1184834852	-0.0952238958	0.0567258021	-0.0643412636	-0.0187527943	0.0122715705	0.02661404	0.0578847828	0.0503278181	0.0184194995	-0.098109377	-0.019696603	-0.0460197148	0.0398944356	-0.0399201739	-0.0469901778	-0.1956819502	0.0187137904	0.0392417423	0.03943469	-0.0390004751	-0.1271506861	-0.1198065717	0.0910771177	-0.0107986093	0.1925699773	-0.0156339316	-0.011550387	0.1028842146	-0.0345916696	0.0529189547	-0.0443159394	-0.1026479919	0.0191762283	-0.0261101134	0.024745982	0.0597339741	-0.0292288793	-0.0670700257	-0.1086340025	0.0015870106	0.0634533908	-0.117282521	-0.0536616227	-0.0579720351	-0.0612357083	-0.1638816905	-0.1246142284	0.0322115676	-0.0960135273	-0.0075099888	-0.0263250017	0.1074779208	0.0995873972	-0.0761728231	0.0138894468	0.0453736223	0.0467516431	0.0029863465	-0.1110138737	0.0921709988	-0.0353671699	0.1078633699	0.0435985131	-0.0411345511	0.0052869901	-0.0886443868	0.0527162267	0.0069854033	0.079507511	-0.048372733	-0.0411961624	0.1130571754	-0.1802944691	-0.0138415483	0.0922488051	0.0738247537	0.054590904	-0.0280388022	-0.0474517802	0.1610663346	0.0791065673	-0.0316734859	-0.129351645	-0.0730380317	-0.012602085	-0.0022019837	0.0977924675	0.1032993866	0.0469206289	-0.0568494314	0.0449210452	0.0427967746	0.0041475906	0.0037760327	0.0291739806	0.034472935	0.069038745	-0.0504884359	-0.0090887685	0.086300202	-0.0242150092	-0.0420582975	-0.0325351563	0.0433857849	0.1338955821	-0.0313335625	-0.01527616	-0.1388988206	-0.0109697678	0.1062461418	-0.1676916312	-0.1631503844	-0.0383175497	-0.0570374113	-0.0176416148	0.0976130635	-0.009172111	0.0281952924	-0.0607690957	0.0664707277	-0.1249871823	0.0211819499	0.1338538812	-0.0674017951	0.0955331104	0.0580415396	0.026204355	-0.0076871007	0.0537625231	0.0108537793	-0.1242102939	0.0617798972	0.0466580798	-0.0425846689	-0.0696080253	0.0324101113	-0.033257222	0.0462908045	0.0770291202	-0.0043083746	-0.0830027857	-0.1107769935	-0.0705921926	0.0267870248865875	0.0073747199111125	5.438649376735916e-05	0.0007175447022746	-0.0210290875352399	0.0335707733814416	0.0011269968254281	0.0004422225225647	0.032075476993981	-0.0087915006980238	7.729048452335465e-05	0.0010288362243914	-0.0008700191910222	0.000266122350892	7.569333927469233e-07	7.082110564433797e-08	0.0004369610533154	-0.0004278533562405	1.8305849444626025e-07	1.9093496211450385e-07	8.969004794502064e-05	-0.0002373010498517	8.044304700380101e-09	5.6311788260756684e-08	0.0	0.0	0.0	0.0	0.0	0.0	0.0	0.0	0.0	0.0	0.0	0.0	0.0	0.0	0.0	0.0	0.0	0.0
1262.8924785936788	6.544374797336332	1594897.4124884857	42.82884148801095	1522.1902867894971	-1.7319235697279964	2.9995592513793663	2317063.2691962915	1189.59558642134	3.7309952791629257	1415137.6592331317	13.92032577313604	1208.6377893500992	1346.488142683594	1.385843	28.29331	0.0681748308707989	0.0350313737160065	-0.0525957281	0.0319606383	-0.0106936365	-0.1012363383	0.0598182306	0.1092049415	0.02531743	-0.0917232648	-0.1721024969	-0.1037728087	-0.0494350977	0.0102209099	-0.0186591803	-0.0186753629	0.0027350807	-0.0721517045	0.0137159525	0.0795448542	-0.0319661666	0.0021751585	0.0614410279	-0.0346889902	0.0897683327	-0.1237295729	-0.0366429443	0.0718077378	0.0294965352	-0.0450428311	-0.0487145181	-0.204088194	0.0075213351	-0.1149379625	0.1615188503	-0.0966595938	0.0099337301	0.0691270528	-0.1199852591	-0.0042318013	-0.0065334693	0.0473536747	-0.0442289952	-0.032249321	-0.146634691	-0.0223461921	-0.0189578023	0.0595235073	0.0561444078	-0.0405783183	-0.0269355227	0.0223029279	0.0679515656	0.0493933266	0.0072147298	0.0063380639	-0.0212052313	0.1544707303	-0.0394012865	0.0200348277	0.0727942271	-0.0262247257	-0.0143132305	0.1855537905	0.0320783038	0.0318138872	0.0066984485	0.0570113947	0.1126918826	-0.0433897224	-0.068733239	-0.0579829407	0.0149040826	0.1154837316	-0.0607449981	0.0514509575	0.0665613761	0.0917967259	0.0472129231	0.0575622045	0.0540396472	-0.1207394934	-0.0526137686	-0.0652852265	0.0988177845	-0.0475361069	0.0480539234	0.0200538032	-0.0030629309	0.1061305395	-0.0156285453	0.0300543576	-0.1691745446	0.1928959732	0.0288651653	0.0045960437	-0.0476499511	-0.1036512175	-0.0041509479	-0.1077916018	0.0176121202	6.9168e-06	0.0523805683	0.158846403	-0.0466769962	-0.0325056502	0.0539698	0.0080623528	-0.0810925435	-0.0484781471	-0.0651378142	0.0916750198	-0.0649098468	0.0667073425	0.0123413102	0.0083730471	-0.0779522511	0.107063189	0.0320010176	0.0628703704	-0.0651299124	0.0707717401	0.0374568174	-0.1664464418	-0.1139745436	0.0850227696	0.0435663294	-0.0089677518	-0.0685117266	-0.1047371579	0.0446738757	0.0303379574	0.1467053039	-0.0143585578	-0.0355150226	0.0130809796	-0.0153752644	0.0556493061	-0.1257107746	0.0140871129	-0.1225188261	0.0143683655	0.0382588024	0.057314235	-0.0428304211	-0.0513258183	0.0267952405	-0.057088049	0.0149055721	-0.0508271612	-0.0525498062	0.0914665834	-0.0065977874	-0.0927076261	-0.1250587916	0.1460471633	-0.0551013663	0.099657977	0.0754618528	-0.008610269	-0.0871572961	-0.1097766499	-0.0619537931	0.0256019103754141	-0.0011851145111733	1.4044964045937662e-06	0.0006554578148707	-0.0471882038731195	-0.0261591163378796	0.0006842993675787	0.002226726584771	0.0147299139435119	-0.0173455630504691	0.0003008685575377	0.0002169703647832	-0.0010365334022159	-0.0001665142111937	1.0744014939092687e-06	2.7726982529460124e-08	0.0007399539385171	0.0003029928852017	9.180468848285056e-08	5.475318311269682e-07	8.988369097515737e-05	1.936430301367363e-07	8.079077903317587e-09	3.749762312053695e-14	0.0	0.0	0.0	0.0	0.0	0.0	0.0	0.0	0.0	0.0	0.0	0.0	0.0	0.0	0.0	0.0	0.0	0.0
1263.0547546030907	0.1622760094119257	1595307.3131254737	0.0263335032306594	1562.080148200339	39.88986141084183	1591.2010433761682	2440094.389401593	1189.6330016492614	0.0374152279214285	1415226.6786130315	0.0013998992804124	1209.8949284227588	1368.295972804841	1.302329	26.588287	0.0987067658570168	0.0530862800036205	0.0660506575	0.0498257029	-0.1839778129	-0.0195486516	-0.0346488202	-0.0153537108	-0.0435736805	0.1835550256	0.0134039618	0.0581303793	-0.1186328127	0.0120221208	-0.0881916862	0.0049633879	0.020845939	-0.0112930214	0.0303462085	0.1383642903	0.0465593921	-0.0177697278	0.1060375365	0.0208300201	0.0057593018	0.103405227	0.0949379353	-0.1006947838	-0.0174312415	-0.0562108774	0.0114833219	0.0007391573	0.1405101078	0.0871787934	-0.010061532	-0.0258601833	-0.1120377078	0.0083473415	0.0333853809	-0.1385667422	-0.0082638362	0.0008103604	0.0015605301	-0.0752616371	0.0345579205	-0.0037035578	-0.0152371812	-0.0256953794	0.0320037955	0.1045800729	0.1585623289	0.1648582988	-0.016767443	0.0695470419	-0.0981324783	0.0155828608	-0.0286247134	-0.0269064173	-0.1423165908	-0.0358383677	-0.1345794741	-0.0623845413	0.1033425888	-0.0316788364	-0.0619884704	-0.02924667	0.110122016	-0.0593287147	0.090333815	-0.0626912057	0.1132081259	0.1441324497	0.034177045	-0.0409446651	-0.1290905437	-0.1330653705	-0.1035159683	-0.0523202317	0.1843558918	-0.0697860661	-0.0897576449	-0.0533101732	0.0134484813	0.0270095189	-0.1362331268	-0.0063485075	-0.0389447569	-0.0424287192	0.0523293058	0.0089782805	0.0042355214	0.1219314499	-0.0030173557	-0.020565394	-0.0471225004	-0.0820186781	0.1055836337	-0.0523441257	-0.080744891	0.0137554072	0.0703687298	-0.1364344859	0.0102964637	-0.0479998526	-0.1191887046	0.0069493464	-0.1020001724	-0.0048460747	-0.0681602958	0.20044643	0.0243972617	0.1354940008	-0.07715042	0.0016281708	0.090798315	0.0766494886	0.0848338942	-0.0573345275	-0.0859265805	-0.0087028354	0.0837479598	-0.1237304554	-0.0739719908	0.0480707053	-0.1614312804	0.008616569	0.0199864204	0.0798634671	-0.0514702985	0.0311115933	0.1138346947	-0.1360455288	-0.0714647648	0.0454598183	0.010272633	-0.1365277233	-0.1009817404	0.0407900402	-0.0175965561	-0.0625247497	0.0259603816	-0.0627658195	-0.0889551947	0.0082343885	-0.0703715605	0.0723189917	-0.0867392213	-0.0084806818	-0.0868374588	-0.0534476443	-0.0138492132	-0.0282903673	0.0233454033	-0.0933313749	0.012265414	0.0859307212	0.0451133107	0.0331403247	0.0738662073	-0.0128992127	-0.0910168938	-0.1081160967	-0.0527333744	0.0205667535935987	-0.0050351567818154	2.535280381746161e-05	0.0004229913533798	-0.0011897998822973	0.0459984039908221	0.0021158531697028	1.415623759914669e-06	0.021537365022084	0.0068074510785721	4.634139018715246e-05	0.0004638580920944	-0.0013746136847457	-0.0003380802825298	1.8895627822901509e-06	1.1429827743542944e-07	0.0005687265986529	-0.0001712273398641	2.9318801916970243e-08	3.234499440152968e-07	0.0003978911486973	0.0003080074577221	1.5831736621165694e-07	9.486859401245748e-08	0.0	0.0	0.0	0.0	0.0	0.0	0.0	0.0	0.0	0.0	0.0	0.0	0.0	0.0	0.0	0.0	0.0	0.0
1256.3104813205598	-6.744273282530912	1578316.025475897	45.48522210946029	1527.7693339623963	-34.31081423794262	1177.2319736706063	2334079.137795904	1186.93736863478	-2.695633014481473	1408820.3170616557	7.266437348762472	1206.4133277023896	1332.6975419779592	1.547539	31.59449	0.0526172128724561	0.0270039280578027	0.0270179298	-0.1575222761	0.0712330365	-0.0661978881	0.01629543	-0.1400793854	0.0354112462	-0.0120331005	0.0203826072	0.1556744181	0.0908368747	0.0041519124	0.0123991659	0.0257386301	-0.0491399131	-0.0172816767	-0.1540934428	-0.0058820091	-0.0227390496	0.1669097899	-0.0350637366	0.0665436987	-0.0130384807	-0.0888892702	0.1249113472	-0.0277568629	0.2217490241	-0.0142961704	0.018352455	-0.0229220684	0.0066397553	0.1048783797	0.0850192064	0.013070659	-0.096423506	0.0547383415	0.1591514793	-0.029003055	0.0151818283	-0.0622429473	-0.0149736445	0.0564986972	0.0571963365	-0.0611783071	0.0568955022	-0.0756451482	-0.2737620352	-0.0137689573	0.0554855737	0.031642107	0.0272321597	-0.0714436296	0.035427396	0.004356984	0.1115026328	-0.0803431538	-0.0469809413	-0.0271874989	0.0038309482	-0.0118093355	0.0028048124	-0.0449916289	0.1083762374	-0.0317161247	0.0547412636	0.1122835434	0.0296446847	0.0709164918	0.0572756275	-0.002746101	-0.1408636178	-0.0365301298	-0.0178318663	-0.0002747903	0.0496076517	0.0780143652	-0.0517885704	-0.0722499888	-0.0935450001	0.0957911881	-0.016898835	-0.151758521	-0.0867732866	-0.0945919175	0.0494688424	-0.0801631304	-0.0264551209	0.1157266261	0.111021823	0.0183757084	0.0936801961	0.094586191	0.081138489	-0.0532578707	0.0019902195	-0.0325647905	-0.0536782575	0.0395968587	-0.0551912061	-0.0200828552	-0.0409740945	-0.1710090461	-0.0151334642	0.0313916771	0.0595124924	0.0184287628	0.2474534421	0.0929459236	-0.12555092	-0.0515261214	-0.003964542	0.0417878554	-0.0223905512	-0.0379834781	0.0547875333	0.0132506424	-0.0380088344	0.0900414631	0.0290956988	-0.1051972372	0.0319201325	-0.0038596592	0.1197306404	0.0188355661	0.0227060748	0.1694491351	-0.039040323	0.0542193249	0.1018046493	0.0058053838	-0.0429472965	0.0696143104	0.0064578662	0.008497286	-0.0827844444	0.0306063267	0.2096820268	0.0729577806	0.0379959984	0.0475738281	-0.001914805	-0.026342228	0.0766350884	-0.0009425943	-0.1199341369	0.1014616188	0.0673625112	0.0286843046	-0.1281650886	-0.1000114892	0.1679847707	0.0590490871	0.0015317045	-0.0714628435	0.0059633518	0.1181317876	0.0722427837	-0.0171687548	-0.0945685192	-0.1058053206	-0.0430175569	0.002517027159115	-0.0180497264344837	0.0003257926243596	6.335425719722528e-06	-0.0148762657179446	-0.0136864658356473	0.0001873193470703	0.0002213032817108	0.0321975069376492	0.0106601419155652	0.0001136386256599	0.0010366794529999	-0.001452081860192	-7.746817544629987e-05	2.1085417286986586e-06	6.0013182069786994e-09	0.0005357795229408	-3.294707571209997e-05	1.0855097979788475e-09	2.870596972026713e-07	0.0003038888261205	-9.40023225768e-05	9.23484186408955e-08	8.836436649832764e-09	0.0	0.0	0.0	0.0	0.0	0.0	0.0	0.0	0.0	0.0	1.0	0.0	0.0	0.0	0.0	0.0	0.0	0.0
1257.2597969894905	0.9493156689306944	1580702.197126055	0.9012002392773316	1516.6830048015809	-11.086329160815469	122.90669426194738	2300327.3370539523	1187.7532534951542	0.8158848603743536	1410757.791188324	0.6656681053880784	1207.1880484549606	1335.8755306197058	1.216283	24.831587	0.0709706740920688	0.037122575861419	-0.0167885098	-0.1475781736	0.1136419211	-0.0490237494	-0.0643967034	-0.0081909407	0.0626095373	-0.0581905686	-0.0098058225	0.0563403444	0.0107139461	0.0576872319	-0.0675937269	0.0193946993	-0.1240870587	-0.0726147243	-0.1721359508	-0.0467791379	-0.018697939	0.1599016385	0.0813921968	-0.0781413639	0.1326028758	0.0640657287	-0.0547685726	0.0503641513	0.0128049509	0.0637415212	-0.1180203995	-0.0113390917	-0.0407539268	0.020206888	-0.0359842128	0.0072189317	0.1211812142	-0.0222464834	0.0370360845	0.0387717384	-0.1058828276	0.1163906109	0.1118186202	0.0620356779	0.0802642346	0.0241275051	-0.1418036187	-0.0321956412	0.1531605178	-0.1233486306	-0.1642761946	-0.0039383154	-0.0139836002	0.0390559431	0.0444368743	0.0153252621	-0.0082647969	0.0429354385	0.0355292088	0.0007889728	-0.0673601142	-0.0607459992	-0.0090699037	-0.0955591386	-0.1024351229	0.1097529901	0.1577412735	-0.0624612986	0.0028239118	0.0944084857	0.1016494568	0.1003885629	-0.0927900931	0.0014800882	0.0080850655	-0.0566686888	-0.1638151444	0.1150460376	-0.1228680536	-0.0362965769	-0.0562249874	-0.1058883753	0.028430739	0.0063211368	-0.0376024151	-0.0679734679	0.0950571983	0.0088300876	-0.0308492185	0.0398611086	-0.1481390595	0.0129442104	-0.0159902037	-0.0442256528	-0.0111283132	0.0988164091	-0.060155348	0.1911445916	0.0480339447	0.0256398176	0.1154368705	-0.0682398292	-0.0984600847	-0.047905951	0.0500493291	-0.1070904692	-0.0309672072	-0.0016127217	-0.1402402439	-0.1900564227	0.0148360643	0.0030832388	0.070427729	-0.0082110606	-0.0620335972	-0.0222833694	-0.0562709806	0.0477065922	-0.1078518423	-0.0117393564	0.0900715772	-0.0267113571	0.0291080818	0.1593029851	-0.1125682711	0.0344127173	-0.0032791882	0.12597295	-0.047887904	0.0269316888	0.0946792467	0.1704295364	-0.1149893448	-0.0603359181	-0.0814789382	0.0995940067	0.004946199	0.116345798	0.0689902721	0.0397440539	-0.040704942	0.1516060689	-0.0121706402	0.0763604914	0.0180771702	-0.0242608179	0.0545434159	0.0230016528	0.0735219841	0.1228542145	-0.0440191034	-0.1142509819	-0.0092564194	0.0900770911	-0.0512643594	0.0217591513	0.0100253163	0.0592840218	0.0705921926	-0.0214124734	-0.0978001546	-0.1028582188	-0.0328976148	0.0110450444444296	0.0085280172853145	7.272707881862458e-05	0.0001219930067794	-0.0321610174520685	-0.0172847517341239	0.0002987626425102	0.0010343310435522	0.0131339062883739	-0.0190636006492753	0.000363420869715	0.0001724994943917	-0.0010831204939524	0.0003689613662395	1.1731500044196908e-06	1.3613248977739222e-07	0.000532754121699	-3.025401241800018e-06	9.153052673885089e-12	2.8382695418727293e-07	0.0004537881471062	0.0001498993209856	2.059236824540782e-07	2.2469806431973915e-08	0.0	0.0	0.0	0.0	0.0	0.0	0.0	0.0	0.0	0.0	0.0	0.0	0.0	0.0	0.0	0.0	0.0	0.0
1260.7668452980456	3.507048308555113	1589533.038202786	12.29938783853928	1518.21922796022	1.5362231586391315	2.359981593139191	2304989.624148126	1189.030791681157	1.2775381860028574	1413794.223565919	1.6321038166954716	1208.237390746105	1367.836606435529	1.183002	24.152113	0.0579750187903578	0.0320961921066527	-0.1053661986	-0.0751449227	-0.0237600079	0.0314546671	-0.0672376099	0.037589395	-0.0029629202	-0.0842278349	-0.0518641791	0.0767094735	0.0109543926	0.0530360261	-0.0935562836	-0.0181997365	0.0059057007	-0.0614949445	-0.0963133527	0.053059932	-0.0626857385	0.1108335747	-0.0441758625	-0.2048765818	0.1186195209	0.0265917551	0.0397730809	-0.0363542327	-0.0834302538	-0.0974813081	-0.1231624249	0.0113392086	0.0266968675	-0.0737639828	0.030016529	-0.0262489679	0.0488210802	-0.0483579554	-0.0480874499	0.078372203	-0.0656299163	-0.030621412	0.0010344334	0.0688011297	-0.0926096572	0.0195447751	0.1094750372	-0.0287278526	0.0659279508	0.1471811957	0.0833707834	0.1055486825	-0.0638553857	-0.0353047379	-0.033736022	-0.0349384433	-0.0124574144	0.037755211	-0.0731215475	0.0059406987	-0.0159771839	0.1437769416	0.034619008	-0.035466038	0.0969540091	0.0717237354	-0.0082969509	-0.0737929698	-0.1289733371	0.012586164	0.0760551237	-0.1018831571	-0.1548762515	-0.036533048	0.0394558228	0.0806237239	-0.067002614	0.1693948338	-0.0326089773	0.0394600554	0.0216404679	-0.0644349969	0.0852899942	0.0237354014	-0.0362728727	-0.0658331659	-0.0667029754	-0.1014564956	0.0608945629	0.0014721957	-0.1079634309	0.0369831258	-0.0856994464	0.0385098498	-0.1013729815	0.0662534155	-0.0243477458	-0.0114058429	0.0297180792	-0.0577044336	0.0488448627	0.0423246509	0.101385244	-0.0105504882	0.0061834905	0.2045112298	-0.0455705632	-0.0913745374	-0.0595592699	0.1521835546	0.0734049469	0.0029557392	-0.0076160454	-0.0256223479	0.0376296084	-0.0087456505	-0.0803506958	-0.114951221	-0.0016026168	-0.0943402707	-0.0544491313	-0.0136474537	-0.0210149764	-0.0758289548	0.0945913471	-0.0260624008	-0.0473119773	-0.0113942192	0.0639641917	0.0816787153	0.0728133001	0.1228764775	-0.1011201796	-0.0291832908	-0.1126555199	-0.0455174468	-0.0073631401	0.1040779087	-0.0364434446	0.0781492597	-0.0986958834	0.1002330474	0.0158580007	0.0352690608	-0.1266812414	0.0360050991	0.085158854	0.1470720715	-0.0562296536	0.0404489896	0.0145268712	-0.0273815911	-0.138526799	0.0486697786	-0.0281712777	-0.1087427428	0.0078816179	0.0076561149	0.0689150546	-0.0256239856	-0.1007008652	-0.0992925156	-0.0224686191	0.0124719576495238	0.0014269132050942	2.036081294872204e-06	0.0001555497276115	-0.0572981830777763	-0.0251371656257078	0.0006318770956942	0.0032830817840143	0.0028158268315081	-0.0103180794568658	0.0001064627636781	7.928880745040944e-06	-0.0008081096139979	0.0002750108799544	6.530411482358351e-07	7.563098409334837e-08	0.0004362960741801	-9.64580475189e-05	9.304154931158372e-09	1.9035426434496734e-07	0.0005041764296866	5.038828258039995e-05	2.5419387225152706e-07	2.538979021402237e-09	0.0	0.0	0.0	0.0	0.0	0.0	0.0	0.0	0.0	0.0	0.0	0.0	0.0	0.0	0.0	0.0	0.0	0.0
1259.2154597791352	-1.5513855189103651	1585623.574146779	2.406797028284783	1557.4918967662356	39.272668806015645	1542.3425151469944	2425781.0084924866	1186.723364454646	-2.307427226511209	1408312.3437425543	5.3242204056452085	1207.097813660827	1368.048247005572	1.409277	28.771729	0.1551165711821857	0.0886371400882302	-0.0194106361	0.1238969372	-0.0997390835	-0.0465452353	0.0290009035	-0.1088940435	-0.0812548604	0.1925847841	0.0322862685	-0.0704005495	0.0051196288	0.0300593095	0.0299529997	-0.0749545159	-0.0717506705	-0.0490514928	0.0921360836	-0.0421779221	-0.1201131886	0.0475167268	0.0541874222	0.1355225623	0.0048741167	-0.0508977513	0.0307428334	-0.0314436285	-0.1128518016	-0.0224275896	-0.0783296301	0.025645219	0.0730528872	0.0525075881	-0.0777784486	-0.0508327682	0.0704458493	-0.0720323297	-0.0539919372	0.0805181339	-0.0205505662	-0.0073935349	-0.0053320453	0.1345466041	-0.0641780658	0.1755545742	-0.0450331932	0.0773162337	-0.1324178594	0.0953356247	0.0079111955	0.0089667166	0.0172131706	-0.0035107968	-0.1467550668	-0.0146457923	-0.1579055201	0.0156318546	0.0839002835	-0.0796802206	0.0990764446	-0.0537918718	0.120255783	0.006687787	-0.0284893992	-0.0554482	0.0010430444	0.2176157534	0.089216853	-0.0553517933	0.022138222	-0.0629424649	0.0268741264	-0.0038069735	0.0641210062	0.0051016047	-0.0553046679	-0.0894984228	0.0177085688	0.0427449886	-0.1687110279	0.0376316912	-0.129718462	-0.0754360086	0.0091411612	0.0269592598	-0.0821959625	-0.00849411	0.0580069805	-0.0386375651	-0.1349132439	0.1318520313	-0.024008086	-0.0830365684	-0.1066928493	0.0566989955	-0.0130333587	0.0048472489	0.0715076162	-0.021643839	0.0443768271	-0.0137754534	0.0526139188	-0.0813621807	0.2020042451	0.0970178516	0.0461068325	-0.0284666654	-0.0289139878	0.0670571793	-0.0230643935	0.186660822	0.0564297153	-0.0357503567	-0.0676191889	-0.0007004636	-0.0040182253	0.0971797085	0.1192904291	-0.0194444566	0.0377909137	0.0359766107	0.0729113947	-0.0714926083	0.1275620932	0.1231528565	0.1240819419	-0.0212638033	-0.0277595084	-0.0921880793	0.0168291198	-0.0919045472	-0.024211495	-0.0128728216	-0.0151034881	-0.0956225755	-0.0660362365	-0.0375274743	-0.1034163153	-0.0371718635	-0.0684227652	-0.002120763	-0.0490470518	-0.064436411	-0.0125796425	0.0235449177	-0.1041339646	0.0224739444	0.0133486734	-0.0367139679	0.0115267935	-0.0059668043	-0.0396291028	0.0760144207	-0.1696143731	-0.1117594014	0.0437341898	0.0207103424	0.0672120005	-0.029796957	-0.103260836	-0.0951296555	-0.0118285441	0.0008288362983392	-0.0116431213511846	0.0001355622747984	6.869696094446274e-07	0.0143100843291108	0.0716082674068871	0.0051277439610162	0.0002047785135062	0.0322645562013121	0.029448729369804	0.0008672276614959	0.0010410015868676	-0.0014520657678134	-0.0006439561538155	2.1084949940555197e-06	4.1467952803685206e-07	0.0004362823841248	-1.3690055299998316e-08	1.87417614117012e-16	1.9034231869761958e-07	0.0002998172124712	-0.0002043592172153	8.98903608940007e-08	4.1762689660891017e-08	0.0	0.0	0.0	0.0	0.0	0.0	0.0	0.0	0.0	0.0	0.0	0.0	0.0	0.0	0.0	0.0	0.0	0.0
1258.15520597729	-1.0602538018451924	1582954.5223277572	1.1241381243271844	1529.2723893399946	-28.21950742624108	796.3405993796755	2338674.040797656	1187.1499773717374	0.426612917091461	1409325.0687737165	0.1819985810292857	1206.924806871052	1325.8953881687878	1.330405	27.161499	0.0406935599994995	0.0233397173605799	0.1019155717	0.0536089468	-0.0290549833	-0.0962218958	-0.1210002933	0.10249081	0.0166236951	-0.0525945133	0.1060984787	-0.0389549794	-0.0900109542	0.1225521211	0.0321649782	0.043664994	0.0456480195	0.0912635427	-0.0628249261	-0.0805919441	-0.0133640234	0.0041926522	0.2505180754	-0.0358735988	-0.0058298422	0.0844996069	0.0554965811	0.1015798335	-0.0236157405	0.0411320994	-0.0884543702	-0.0996101683	0.048443142	0.3054602506	-0.0353442565	-0.1460146635	-0.0428649362	-0.0777385507	-0.0708150421	0.0679372407	0.0806767738	-0.0381275641	0.1114941459	-0.1181399685	-0.1704757619	-0.0589112569	-0.0081444269	-0.0214751493	-0.0401699799	-0.0363685666	-0.0011511507	-0.0210695845	0.0748474666	-0.0354665677	-0.0252214163	-0.0131566684	0.0471071739	0.0677978557	-0.0266099444	0.1155942306	0.0196981245	-0.0240839496	-0.0364133133	0.0799140847	-0.1509048245	-0.0803551617	-0.1469190114	0.0736185765	-0.0098527588	-0.0025504973	-0.017516112	0.0029490304	0.1466281606	0.0410983624	-0.0238482364	-0.112388765	-0.0266273213	-0.0828187952	-0.0759742624	-0.0079085051	-0.1345802266	-0.1747309909	0.076953964	0.0180383705	-0.0057567621	-0.0566696033	0.064873265	0.0656328886	0.0016073266	0.1305458459	-0.1152454775	0.2132360766	0.1030476659	-0.0817552569	0.0507519164	0.0726893351	0.1306610913	0.0460085369	0.0043935417	-0.0282339367	-0.0779344643	0.0587072906	0.2201450452	0.1099657062	-0.1781372863	-0.0612955874	0.0531702555	0.0805178152	0.0700741194	-0.0906992572	-0.0745211607	0.0975591596	-0.0368778025	0.1307144021	0.0389661137	-0.0057199339	0.0460208748	0.0077576273	0.0536100964	0.022778986	-0.0365162645	0.0354318072	0.0906180957	0.0592840396	0.0513154782	0.0214554868	0.0239189202	-0.0852215052	-0.037654029	-0.1107600161	-0.1258920373	-0.1123916803	0.0595688963	0.0645635094	-0.0556690764	-0.0308792081	-0.1150401136	-0.0858109235	0.0064223719	-0.1482510174	0.0994958756	0.0331463976	-0.1075569825	0.1308614634	0.100081661	0.065723333	0.0265343115	-0.003679359	-0.0263048104	-0.0237200244	-0.0010990265	0.0584947034	0.0297955374	-0.0378717601	-0.1164306713	-0.046375064	-0.025133838	-0.0136045021	0.0654836707	-0.0339251109	-0.1054714048	-0.0903946745	-0.0010773469	-0.0016226991510137	-0.0024515354493529	6.010026059433925e-06	2.633152534700583e-06	0.0092142199039244	-0.0050958644251864	2.596783423988032e-05	8.490184843787657e-05	0.0321432516279429	-0.0001213045733692	1.4714799520284103e-08	0.0010331886252172	-0.0010930130966362	0.0003590526711772	1.1946776294182552e-06	1.2891882067948258e-07	0.000358958957866	-7.732342625880003e-05	5.9789122484000866e-09	1.2885153343224477e-07	7.56961988753797e-05	-0.0002241210135958	5.729914524181033e-09	5.0230228735217875e-08	0.0	0.0	0.0	0.0	0.0	0.0	0.0	0.0	0.0	0.0	0.0	0.0	0.0	0.0	0.0	0.0	0.0	0.0
1259.008202840893	0.852996863603039	1585101.6548206557	0.7276036493166215	1535.109943232107	5.83755389211251	34.07703544331791	2356562.537810083	1188.292612305024	1.142634933286672	1412039.3324586982	1.3056145907670376	1207.69628849947	1336.3297364025454	1.049249	21.421431	0.0137430913017823	0.0086673221632548	0.0652498792	0.1087407234	-0.046091915	-0.0124482908	-0.0608668016	0.0691132203	0.1212771067	0.023862015	0.0818060518	-0.079038372	-0.1201838695	0.1182322946	0.0331902221	0.0212964191	0.0553005852	-0.0144793395	-0.0426370641	0.0215960317	-0.0043072565	-0.0845281251	0.198873228	0.1178317472	-0.0157966261	0.0895783273	0.0035215187	-0.0325086734	0.0202876571	0.0338411473	-0.0520481226	-0.0514849529	-0.0414970244	-0.0047457384	-0.0241046781	-0.0293885183	-0.0401942314	0.1371785015	-0.0571710912	0.0604431692	0.1583450994	-0.0146695724	-0.1097232028	-0.0076609	0.1050812403	-0.0092882558	0.0673917657	-0.0085683318	-0.045910735	0.0939037416	-0.0244788367	-0.0561130687	0.1719353397	0.0321088075	-0.0033270414	-0.028163287	0.0358666724	-0.0480431809	-0.0719157947	0.150654645	0.0249281143	-0.0632274765	0.0425351641	-0.0741743497	-0.0151759222	0.10637102	-0.0706050245	-0.1210139386	-0.0766176298	-0.0591065836	0.0985066981	-0.0746691543	0.0164620197	-0.0628293029	-0.0183918694	-0.0039833658	-0.0501451969	-0.0822349808	0.0685633506	0.0108123421	-0.102812163	-0.1441087877	-0.0282712555	0.0821797592	-0.0563830675	-0.0128878716	-0.0240291084	-0.0017602718	-0.1180021249	0.0304187932	0.0255502985	-0.0078368066	-0.0636541519	-0.0390062872	0.0973040631	-0.0334335116	-0.0243705058	-0.1745233257	0.0503713994	-0.0666212915	-0.1556293096	0.0838447682	-0.0474856363	-0.0770099734	-0.0650990795	0.0257853083	0.0412779726	0.1047460752	0.027729631	-0.0949935994	-0.0093189915	0.0221050782	-0.019235041	0.0104286985	0.0123335417	-0.0307169666	0.0094314363	0.0070843632	0.0050373465	-0.0895486368	-0.0340676309	-0.1021702629	-0.1472792595	0.0835748684	0.0360837232	0.057763271	-0.0201489885	-0.0721171194	0.0563250123	-0.0110456542	0.0798242567	0.0066069716	-0.0776623414	-0.0480079373	-0.0645100285	-0.0295867226	-0.1060091545	-0.1011663283	0.0043355952	-0.1211124806	0.0554120043	-0.0007614868	-0.124907894	0.083570595	0.0469414771	0.0406158752	0.0251250331	0.06853361	-0.0459155451	0.0410731652	-0.0002987583	0.0550737746	0.0249486598	0.0111821255	-0.111731776	-0.0993773158	-0.021510315	-0.0587353098	0.0637307152	-0.0380022381	-0.1073250918	-0.0851160492	0.0096839714	-0.0016786661699796	-5.59670189658999e-05	3.132307211929399e-09	2.817920110233979e-06	0.010250594443022	0.0010363745390975	1.074072185289762e-06	0.0001050746864353	0.0321673304398757	2.4078811932802532e-05	5.797891840952737e-10	0.0010347371476281	-0.0011130260829511	-2.0012986314900004e-05	1.238827061329469e-06	4.0051962124037485e-10	0.0002568853474635	-0.0001020736104024	1.041902194060135e-08	6.599008174144313e-08	0.0002061430207937	0.0001304468219183	4.249494502195184e-08	1.7016373348589972e-08	0.0	0.0	0.0	0.0	0.0	0.0	0.0	0.0	0.0	0.0	0.0	0.0	0.0	0.0	0.0	0.0	0.0	0.0
1256.576289361592	-2.4319134793011017	1578983.9709857474	5.91420317080639	1525.9458931878826	-9.164050044224496	83.97981321305097	2328510.868936965	1187.0116657395872	-1.2809465654368068	1408996.6946018694	1.6408241035043516	1206.822206631431	1334.9929203884335	1.015564	20.733713	0.0500470638448167	0.0247543732334232	0.0893073586	0.0719705735	0.0416754497	0.018503257	-0.061310228	0.0632877716	0.0559618102	-0.003966494	0.1121980069	-0.0506856665	-0.0160873881	0.1284174358	0.0677947218	0.0102448565	0.0709238531	0.1364674947	-0.0695673819	0.0353710329	-0.0189382055	-0.1771591982	0.1228917848	0.0061284655	-0.0243911387	0.0736771795	0.0050920027	0.032886266	-0.0650815339	-0.0729479463	-0.0598963244	0.0328678308	-0.0019677711	0.0847795137	0.0120236259	-0.0119199359	0.1057158902	0.0046344619	0.1021472458	-0.0264453868	0.0641559317	0.0009783097	-0.007753057	0.1436663853	0.0734048152	-0.0425683633	-0.003568572	-0.0114818479	-0.0724468579	-0.0619554075	0.0983890054	0.0476305863	-0.0046708031	-0.0094196342	0.0935616751	0.1487217119	0.0509896211	-0.0699426904	-0.0167594841	-0.1005449833	-0.0710461205	0.0062987963	-0.0385324221	-0.0016678489	-0.0468964443	0.0806497426	0.0470832565	-0.1835859855	0.1502156771	-0.039020478	0.0435941531	-0.1510502013	-0.0127000348	-0.0368134566	-0.0805446871	0.0725041707	-0.0188704204	-0.0901740726	0.0834243557	0.0293571558	-0.0434625684	-0.0920838	0.0461422517	0.1514145805	0.0687710494	-0.0415255331	-0.0303647677	-0.0697987424	-0.0313090313	0.020621208	-0.0007785168	0.0652194582	0.0483758519	-0.0438189911	0.0702278446	0.0420466399	-0.0456897858	0.106615624	-0.0823286171	-0.0084898659	-0.1033722447	0.062319674	-0.0586329838	-0.0919903089	0.0502474322	-0.0291831757	-0.1151201423	0.0648898666	0.139692584	0.0963081961	0.0596468453	-0.0490342209	-0.0019894346	-0.0255364118	-0.0626700657	0.1158611927	-0.064896994	-0.0500951863	-0.1033467227	0.0959191472	0.0913905118	0.0010750445	-0.0900683845	0.020645091	-0.0671111864	-0.0949850427	-0.1242659037	-0.0724878351	0.1238694873	-0.1396930926	0.1843785024	0.0219564115	0.0199982998	-0.0483229048	-0.0862411515	0.116461744	-0.0769142281	-0.0547341372	0.0003228032	-0.1398149534	0.1520515998	-0.022746405	-0.0744486396	0.1194367997	0.1113457193	0.0489410161	0.0752093749	-0.0216539625	0.0825904149	0.0969790182	0.0442173152	-0.0060182354	-0.0311367558	-0.0845444681	-0.1049268231	-0.0142940188	-0.0770898013	-0.0049396816	0.0619537931	-0.0420222065	-0.1088156246	-0.0793255261	0.0203543145	-0.0015885941745921	9.007199538750002e-05	8.112964353085824e-09	2.523631451547955e-06	0.0158348664515699	0.0055842720085479	3.11840938654516e-05	0.000250742995539	0.040417388225137	0.0082500577852612	6.806345346015056e-05	0.0016335652709414	-0.0008010394783524	0.0003119866045987	6.416642458790851e-07	9.733564144902557e-08	0.0005939469474194	0.0003370615999559	1.1361052216483117e-07	3.527729763488235e-07	0.0001327379842359	-7.340503655780002e-05	1.7619372459010033e-08	5.3882993920519585e-09	0.0	0.0	0.0	0.0	0.0	0.0	0.0	0.0	0.0	0.0	0.0	0.0	0.0	0.0	0.0	0.0	0.0	0.0
1256.6610057332025	0.0847163716105114	1579196.883330384	0.0071768636188502	1527.9580930723762	2.0121998844936115	4.048948375156104	2334655.934185372	1185.9454504305368	-1.066215309050449	1406466.6113968887	1.1368150852535444	1205.6684192435348	1350.3524150192657	1.030045	21.029356	0.0842507577777078	0.0546504984873083	0.0544040669	0.1029566768	-0.0352748099	0.0474326695	-0.0629525115	-0.0151105495	0.120041314	0.0210351994	0.1048224076	-0.0434954332	0.0189352221	0.1743500357	0.0341884827	0.0011137192	0.089236202	0.0563398539	-0.0384690805	-0.0734314073	-0.0041794131	-0.0627924516	0.1880254149	-0.0119198273	-0.0717311529	-0.0104312807	0.0838376927	-0.0267645471	-0.0591255005	-0.0649582067	-0.1047972126	-0.001019452	0.0839528673	0.0178087855	-0.0912125382	0.0345158751	-0.0359887036	-0.0398550201	-0.0803804153	0.0213134537	0.0232564145	0.0736482767	-0.0047731823	-0.0932877429	-0.0875690726	-0.1208121069	0.0141616493	-0.019352473	0.1105203019	-0.09689764	-0.1176051258	0.089117159	-0.0047873114	-0.1327431863	0.0749176435	0.0185814704	-0.0508074974	0.1513143135	0.1725541908	-0.0032609776	0.0165333936	0.01346981	-0.1071460856	-0.1113998025	0.0089162655	-0.0457881116	0.0716599637	0.0721801071	-0.0154675734	-0.0010162746	-0.0439651027	0.0427690654	-0.0268174407	0.1058901389	-0.0480476526	0.0736822481	-0.0056613085	-0.114632622	-0.0296820507	0.033527866	-0.0997363907	-0.1186015347	0.0964544179	0.0096388931	0.0314366388	-0.0304845538	-0.1094870054	-0.0767704517	-0.0390170354	-0.0004980976	0.0226014057	0.1035441393	-0.0171607011	-0.108027556	-0.0644624526	-0.0194976853	0.0510376984	0.0356902482	0.0229477296	-0.0818501672	-0.0218978178	0.0716774564	0.0393885151	0.1575334793	-0.1136723636	-0.0797478325	0.0179250002	-0.0772953988	-0.0550342997	-0.074647836	0.0099595079	-0.0827235829	0.0666398568	0.0595299935	-0.1697636869	-0.0679791166	-0.1829475854	0.0081390718	0.0244880493	0.0573252345	-0.0507158463	0.0126140765	0.1039237048	0.1200538082	-0.0180480226	-0.0460946795	-0.02582973	0.030275695	-0.0682128965	0.1032967606	0.0364989243	-0.0304148582	0.073651394	-0.0149312068	-0.0926039276	-0.0148412385	-0.030350655	-0.0097839261	-0.1069901389	-0.1070758831	0.0346681248	0.0239009805	-0.1554271755	0.0207992595	-0.0063026447	0.0814742608	0.0650160672	0.077798961	0.0593618674	0.0292714933	0.0439175254	-0.0283809328	-0.1000109132	-0.002263283	-0.0255335479	-0.0359646405	-0.1817193069	0.0194471749	0.0601535728	-0.0459789694	-0.1099379598	-0.0730579298	0.0308334408	-0.0017486866746594	-0.0001600925000672	2.5629608577798445e-08	3.05790508613135e-06	-0.0351883975811517	-0.0510232640327216	0.0026033734725528	0.0012382233243292	0.0321594746136781	-0.0082579136114588	6.81931372143181e-05	0.0010342318074278	-0.001104052419286	-0.0003030129409335	1.2189317445312693e-06	9.18168423732293e-08	0.0007869272159155	0.000192980268496	3.724138402882683e-08	6.192544431485199e-07	0.0001329345274754	1.9654323950001078e-07	1.7671588595107877e-08	3.862924499315858e-14	0.0	0.0	0.0	0.0	0.0	0.0	0.0	0.0	0.0	0.0	0.0	0.0	0.0	0.0	0.0	0.0	0.0	0.0
1255.6986784226158	-0.9623273105867156	1576779.170992304	0.926073852701061	1528.7852729927304	0.8271799203541832	0.6842266206371529	2337184.410919457	1184.5567341797143	-1.3887162508224264	1403174.6564905103	1.9285328252982965	1204.2210774192326	1332.8549503435704	1.037606	21.183729	0.1593596540312351	0.0874624847134534	0.0516282649	0.1026813978	-0.0591224257	-0.0714771246	-0.1265984237	-0.0276997339	0.023558228	0.0294774669	0.0762554089	-0.076446362	0.0210161582	0.0563898493	0.0673571265	0.0354280568	-0.0334680434	0.0165674526	0.0292202674	-0.1502492556	0.0110047905	-0.0501998031	0.0877630288	-0.0095787464	-0.1391257929	-0.0079304643	0.0131684128	-0.0809180667	0.0311502757	0.0425509826	-0.0162803494	0.0929398472	-0.1297799428	0.0244493788	0.0961673044	-0.0581642756	-0.0867914325	-0.1188785813	0.0016391344	-0.0406279223	-0.0967623381	-0.0340438431	-0.164254782	-0.0221904174	-0.0855919389	0.2258496802	0.1174358986	-0.053943029	0.0012943214	0.0392472538	-0.0778330706	0.041660814	-0.0313836684	0.0307272188	0.0594790437	0.0302775072	-0.1343908827	-0.0027894335	0.0696470725	0.1598069219	-0.0765973027	0.0271465573	0.1056192226	0.0575044187	0.093610762	0.0879134867	0.113524922	0.0484309726	-0.1122730539	-0.01533493	0.0475576528	0.0266555443	-0.0489255144	0.0724073788	0.0299678587	-0.0370846956	-0.1082372547	-0.1532910569	-0.0836086007	0.0350346742	-0.067008315	-0.0041540741	0.0796365807	-0.0359580984	-0.0194910375	0.0904896969	-0.0450133644	-0.0782856233	-0.0801961761	-0.0053917376	-0.0122599196	-0.0957470998	0.144018479	0.09113653	-0.0125885982	0.1310020092	0.1057920224	-0.1424654005	-0.0981090611	-0.0540723292	0.0153914339	-0.0424275213	0.0615229553	0.0766050913	0.1292265169	0.0943634748	-0.0674617555	-0.0432784884	-0.0204962634	-0.1144772992	-0.0103877783	-0.0303872611	0.1487366027	-0.0045511425	0.0276434278	0.052373682	-0.0885623069	-0.0465707708	0.1950429041	-0.1004129834	-0.0001184089	-0.1341739506	-0.051818533	-0.0678046221	-0.0645382757	0.0382211969	0.0748839869	0.0793532444	-0.0376864816	0.0112204802	0.010859331	0.0493135587	-0.1062198999	0.0118675765	0.0222502091	-0.0807348201	-0.0835626921	-0.1363130226	-0.0136355544	-0.0583131918	-0.0223393784	-0.0221979081	-0.1352684356	-0.0645943026	-0.0242423889	0.0362144131	0.023602973	0.0398374254	0.0072096502	-0.0391234287	0.0629525898	-0.0539015984	-0.0985824189	0.0282818956	0.1046038759	0.090560124	-0.1364533172	0.0367412264	0.0583307311	-0.0498665756	-0.1106882998	-0.0663509546	0.0410229053	-0.0138807799553575	-0.0121320932806981	0.0001471876873715	0.000192676052169	-0.0009701730736111	0.0342182245075406	0.0011708868884484	9.412357927600088e-07	0.0722131628133695	0.0400536881996913	0.001604297938398	0.0052147408835102	-0.0022210315294723	-0.0011169791101863	4.932981054910063e-06	1.2476423325925785e-06	0.0004448527232543	-0.0003420744926611	1.1701495852941738e-07	1.9789394538676686e-07	0.000132993885494	5.9358018599989634e-08	1.768737357879118e-08	3.5233743721167145e-15	0.0	0.0	0.0	0.0	0.0	0.0	0.0	0.0	0.0	0.0	0.0	0.0	0.0	0.0	0.0	0.0	0.0	0.0
1255.9644011050052	0.2657226823894234	1577446.5768430545	0.0706085439362304	1543.1242301922357	14.33895719950533	205.60569356924572	2381232.38980638	1186.196766879619	1.6400326999046229	1407062.769755661	2.6897072567564466	1206.163765693375	1346.9504830282135	1.183737	24.167114	0.0634215344376805	0.0334423437872778	7.8057e-06	0.1309274938	0.1095672576	-0.0226462302	0.0613850881	-0.0057599337	0.0554419448	0.0553544602	0.0753177763	-0.1394881644	-0.05230577	-0.0205766783	-0.0026336133	0.1231922105	-0.0170985748	0.0226381436	-0.1088011703	-0.0773336409	0.0037590311	-0.1123000117	0.1119601458	-0.0494484695	0.0376772487	-0.0425065881	0.0291911139	-0.1009433354	0.0590748368	0.1747693227	-0.0198383546	0.1191002028	-0.0224020179	0.0534014387	0.1871414743	0.0328750798	0.0907531013	-0.0700746885	-0.0061413752	0.032690408	0.0619319265	-0.0749850323	-0.058190795	-0.0604693844	-0.0432764834	-0.041078304	-0.0456342713	-0.0264980408	-0.1092765914	-0.0484782265	0.0644518153	0.1220552389	-0.0038809862	0.0380380103	-0.0587299159	0.0765826372	0.0559798555	-0.0904496477	-0.0519256789	-0.0005293264	0.0784204577	-0.0521968918	-0.0781048262	-0.1403514469	0.2261540385	0.1528747581	-0.1356184996	0.0389525283	-0.1689550846	-0.0194119999	-0.161981185	0.0467763615	0.0069239683	-0.1175760239	0.1051618677	0.004701259	0.0386056545	-0.1299366496	-0.0118860097	0.0751646089	0.0041702148	-0.1015996745	0.0120107315	-0.0472296883	-0.1440479546	0.0128500662	-0.0081161749	-0.0005551568	-0.0953319505	-0.036733751	-0.0037542936	-0.0330693152	0.1833187849	0.1522205927	-0.080932288	0.1240487749	-0.0885907132	-0.0249441403	0.0148021298	-0.020807073	-0.0802455853	0.0143949828	0.0461981671	0.029378646	0.011690469	-0.0802527268	-0.0681498048	-0.0368624397	0.1202028693	0.1296411452	-0.1068919835	-0.0280509279	0.0374661079	-0.0171436171	-0.0723511561	0.0356466638	0.0110229299	0.0116594776	-0.0905788464	-0.077547881	-0.1162839801	-0.0152283512	-0.2009179529	-0.0203414466	0.1158569229	0.0660184946	0.0183832457	-0.0407256011	0.1476287072	0.2177458883	-0.1735150903	0.0508580909	-0.0176701833	-0.0258544681	-0.0276644217	0.128617358	-0.049012261	-0.1287401356	0.0712041912	-0.0410272444	-0.0546756383	-0.0538445403	-0.0153457639	-0.0843462683	-0.0443254937	-0.0214677701	0.0231578258	0.091865468	0.0427192627	0.0412183713	0.0943632369	-0.0513768673	0.0407695957	0.1509617916	0.0413391425	0.0064397372	-0.0450473175	-0.0281579037	0.0564859537	-0.0536791777	-0.1110641056	-0.059244937	0.0508269837	-0.0016542269685402	0.0122265529868173	0.0001494885979394	2.7364668634457e-06	-0.0238845875738746	-0.0229144145002635	0.0005250703918898	0.000570473523574	0.0687515713417497	-0.0034615914716197	1.1982615516390925e-05	0.0047267785619596	-0.0021225584305539	9.847309891839992e-05	4.505254291115435e-06	9.696951210592974e-09	0.000841859342781	0.0003970066195267	1.5761425594801793e-07	7.087271530276572e-07	0.0001338936766285	8.997911345000125e-07	1.7927516641097332e-08	8.096240857248196e-13	0.0	0.0	0.0	0.0	0.0	0.0	0.0	0.0	0.0	0.0	0.0	0.0	0.0	0.0	0.0	0.0	0.0	0.0
1257.028426336709	1.0640252317036811	1580120.4646185427	1.1321496937020723	1522.477414690375	-20.6468155018606	426.2909903678713	2317937.4782422883	1186.8913904797807	0.6946236001617763	1408711.1727950273	0.4825019459017072	1206.318781800089	1355.3866315053235	1.151517	23.509323	0.1560273473736778	0.0947957620160596	-0.0488852455	0.094782657	0.0328894094	-0.0186005634	0.0672530235	0.0007739332	0.0467017952	-0.0681527804	-0.0795976336	-0.120314421	-0.0107016244	-0.0421632165	0.0633724056	0.0139920132	0.1104808791	0.1763128681	-0.0908327578	0.0292916095	-0.095898081	-0.0504291449	0.0201491948	-0.0341472026	-0.0600575567	-0.0606314336	-0.0444835495	0.1484446971	-0.0553713692	-0.0234478204	0.0577127161	-0.0100041918	0.0627933036	0.0096220894	0.0210025889	-0.060736958	0.0588341271	0.0111813812	0.0401542547	0.1420212895	0.1874758095	0.1090697096	-0.028926839	0.0087582368	-0.1549319379	0.0089323511	-0.0304683337	-0.0634487073	0.0740969162	-0.0065744199	-0.0324964845	0.0072159192	0.0331527016	-0.0385251609	0.0129348626	-0.0887324356	-0.0475683008	-0.0910280865	0.0470823837	0.0047714993	-0.012926674	0.0896359523	-0.1362026528	0.0650929753	-0.0152361068	-0.0045758961	-0.0306359178	-0.0363117157	0.0301904496	0.2097997994	0.057571328	-0.0409460013	-0.0726747405	0.0120858226	-0.125058597	0.0136167023	0.0859527577	0.0117507103	0.0321460682	0.1038624306	-0.0125403868	-0.0197064704	0.0324302346	-0.0036948069	0.1668478812	-0.0043662192	0.0425261938	0.0576441239	0.0343286966	-0.0709848643	0.0251298035	0.0534279286	0.0115456888	0.0146382751	0.0476523697	0.014363833	-0.0385461077	0.0804497326	0.0733747776	-0.1604828761	-0.2032517709	0.0221730196	0.130644123	0.0158836535	-0.0497064837	0.0095016342	-0.0420536571	-0.0019179727	-0.0833355639	-0.0238456591	-0.0512017958	0.0218712828	0.0466115593	0.0004440655	0.0302856396	-0.1063437105	0.0488502163	-0.068451341	0.0762743731	0.0695370377	0.026262692	0.1081641121	-0.0290372693	0.0178238196	0.0307560143	-0.0741066508	-0.1572006251	0.0943488874	0.0788997905	-0.0345191614	0.0864804024	0.014532942	0.0933885674	-0.0553442518	-0.0771252211	0.0742782133	0.0271896959	-0.0534279752	-0.1715465107	0.0133050863	0.0237702686	-0.0174721683	0.0767683732	-0.1262283069	-0.0252751943	-0.1193381004	-0.0353549633	-0.1174075792	-0.0205043924	0.0289340125	0.1160084522	-0.1808301686	-0.072266028	-0.0592306542	-0.0498609398	0.0563401599	-0.1102543114	-0.0559769401	0.0546199342	-0.0574110412	-0.1110641056	-0.0517826133	0.0601535728	0.0093685643370946	0.0110227913056348	0.0001215019281675	8.776999773828078e-05	0.0333946921034282	0.0572792796773028	0.0032809158803506	0.0011152054606827	0.0481201630203145	-0.0206314083214351	0.0004256550093257	0.0023155500891016	-0.0008460786589308	0.0012764797716231	7.15849097098141e-07	1.6294006073629612e-06	0.0008319202731446	-9.939069636399988e-06	9.878510523720815e-11	6.92091340868986e-07	0.0001893521967551	5.54585201266e-05	3.58542544159821e-08	3.075647454632497e-09	0.0	0.0	0.0	0.0	0.0	0.0	0.0	0.0	0.0	0.0	0.0	0.0	0.0	0.0	0.0	0.0	0.0	0.0
1257.9047145649577	0.8762882282487681	1582324.2709247477	0.767881058967365	1533.0731495024224	10.59573481204734	112.26959620723188	2350313.2817252767	1186.025454755655	-0.8659357241258476	1406656.379328358	0.7498446783173561	1206.1705166973643	1359.1429381210514	1.069704	21.839033	0.1113008590984633	0.0772754739792744	-0.0751820416	0.1178477822	-0.0898711299	-0.0666831576	0.0402704429	-0.0497396086	-0.0075607791	0.0185230127	-0.0710316312	-0.0997827829	0.0506251419	-0.1238234819	0.0201501019	0.0280098383	0.1029348429	0.1039329302	0.0291355449	-0.0061132373	-0.0451138972	-0.0624235995	-0.0717994766	-0.0191160567	-0.1523891435	-0.0956300459	-0.1175734793	0.0423925241	0.1214422273	-0.0129360536	0.0306935722	0.1070932401	-0.05693269	0.0530526636	-0.1089133192	-0.0113967092	-0.0047343932	-0.0197512348	-0.0066889065	0.0104608052	-0.0583025544	0.0265847489	0.0483761344	-0.0372121409	-0.0911510584	-0.0791358895	0.0532337091	-0.0004690613	0.0511300379	-0.0330374407	-0.0006516468	-0.1195889503	-0.0313514138	0.0669791953	-0.0603971262	-0.0535490092	0.026587385	0.0927320264	-0.0058841914	-0.0104577856	-0.1169113424	-0.0993746435	0.1118388835	0.0455351436	0.0005852285	0.0608029981	-0.0497344132	-0.0134494502	-0.0255172297	-0.0042590279	-0.0119737523	0.1401696395	0.1102928353	-0.0930492462	-0.0922824493	0.0695094805	-0.0880188418	-0.0317186016	0.0325373911	0.0718630734	0.0221709688	0.1139724746	0.0518739926	-0.0559014688	0.1411505936	0.0877630552	0.1070029224	-0.0515564864	-0.053572023	-0.0236196468	0.0304331807	-0.0768421395	0.0899755169	-0.0910581557	0.0352492337	0.0528885552	-0.0280638039	0.0667743861	-0.0016081836	0.0008924176	0.0377461468	0.050416085	0.0420415109	0.0626987456	-0.090920986	0.0297967862	0.0689718205	-0.0859465464	-0.022793892	-0.0745745944	-0.0130655454	0.0272371082	-0.1583288273	0.0237195814	0.068820166	0.0053776211	0.0844690152	0.0033967394	-0.0144035457	-0.0572041453	0.1170776413	-0.040445862	-0.002680846	-0.0372919361	-0.1471283652	0.1165224186	0.023010748	0.0090066065	0.0724019121	0.0748812565	-0.0869014027	-0.1142657965	-0.0086536602	-0.0680879592	-0.0100981985	-0.0816413953	-0.0395544315	-0.1606625213	-0.0959018952	0.0700310081	0.0149623451	-0.0626789578	0.0798097886	-0.1051305676	-0.0188296605	-0.0788933487	0.0293293738	-0.0674774293	-0.0218882579	-0.0507400043	-0.0321552744	-0.0004436659	-0.0974420031	-0.0202509678	0.0729639365	0.1133449614	-0.0575004062	0.0090042521	0.0527333744	-0.0610565531	-0.1106882998	-0.0440088629	0.0689150546	0.0082307070260299	-0.0011378573110646	1.2947192603433874e-06	6.774453814833798e-05	0.0225175133585224	-0.0108771787449058	0.0001183130174486	0.0005070384078512	0.0721385830927374	0.0240184200724228	0.0005768845027753	0.0052039751706277	-0.0021226411086592	-0.0012765624497283	4.505605276169957e-06	1.6296116880565734e-06	0.0007801113830019	-5.180889014269998e-05	2.684161097818355e-09	6.085737698891372e-07	0.0003663289162854	0.0001769767195303	1.341968749068356e-07	3.1320759255706474e-08	0.0	0.0	0.0	0.0	0.0	0.0	0.0	0.0	0.0	0.0	0.0	0.0	0.0	0.0	0.0	0.0	0.0	0.0
1256.9481199847803	-0.9565945801773524	1579918.5763332737	0.915073190824685	1532.3137367229972	-0.7594127794252472	0.5767077695543792	2347985.387749994	1187.9897798750603	1.96432511940543	1411319.7170875943	3.858573174727157	1207.5316296589526	1344.6260957444674	1.364455	27.856655	0.055478344101181	0.029643680786508	-0.1033044493	0.0082540682	0.119937197	0.0542773109	0.0516079979	0.1000348753	-0.0639924212	-0.0191729864	-0.1047342945	-0.1405942187	0.0278691793	-0.0514817194	-0.1358159907	0.1342635813	0.0079182985	0.0579714215	0.0619987597	0.0503024962	-0.0714926381	-0.0487336803	0.0806835425	0.0471946727	0.0275204579	-0.0634137691	0.0253054207	-0.0070872082	0.1701008429	0.1025565566	-0.0217051907	0.0373114855	0.0604630271	-0.1068296608	-0.0610472307	0.042610572	-0.0341983664	-0.0637713346	0.0526716804	0.027243496	-0.0931029233	-0.0186509819	0.0357049188	-0.0482001095	0.136894494	-0.025205435	-0.001973846	-0.1866787511	0.0733446099	0.0053567377	-0.1769729591	0.0876195586	-0.0834837998	0.0597538505	0.1076340322	0.078722694	0.0684854294	0.1998307311	0.0026764648	0.0168298892	-0.1027402132	-0.0207534501	-0.0899450667	0.0949924616	0.0551557241	-0.1386048596	-0.0032486373	-0.0100990298	-0.0994754275	0.0404279542	0.066421057	-0.0101556724	0.1477132105	0.0277410673	-0.0337801066	-0.0423834775	0.0703156817	0.007012226	0.0589768008	0.0997145954	-0.0125659263	-0.0407800244	-0.05358804	-0.077034664	-0.0294963488	-0.0877601812	0.075866868	-0.0104949403	-0.1480311956	-0.0562905631	0.1340308434	-0.0403772658	0.0023251906	0.0132595309	-0.0715834072	0.0532133824	0.1025964969	0.013382336	0.0379310352	0.0357551726	0.0641926007	-0.0263669011	-0.0968816316	-0.0888226114	-0.1046223822	-0.0213822126	-0.0392966365	-0.0206998513	-0.0559588442	-0.1691168864	-0.1292317266	-0.1736743435	-0.0441304096	0.1764358185	0.0080196059	0.0604615872	-0.1549561219	-0.0773123766	-0.0201092055	0.0695932974	0.0804596371	-0.0313037811	-0.0025511478	0.0137614367	-0.044270936	-0.1283750955	-0.0383406491	0.0098850386	-0.0336149297	0.0039955532	-0.1310371425	-0.0637954703	-0.0396041282	0.0302664504	-0.0659349975	0.1603535803	0.0154797875	-0.0579511324	0.0161070016	0.0602442556	0.0593848402	-0.0782234009	0.1277136701	0.04640504	0.1423985045	0.0830042394	-0.0049213656	-0.035978798	-0.0079297189	0.0296117864	0.0238622385	0.0962627473	0.0730161597	-0.0322667704	0.0145926807	0.1111210334	-0.0979819222	-0.0635106167	0.0508269837	-0.0646102301	-0.1099379598	-0.035970438	0.0770291202	0.0086569471028212	0.0004262400767912	1.8168060306305214e-07	7.494273314104436e-05	0.0078119635333138	-0.0147055498252085	0.0002162531956616	6.102677424582464e-05	0.0667253404319012	-0.0054132426608361	2.9303196105096877e-05	0.0044522710557531	-0.0017096322398328	0.0004130088688263	2.922842395475717e-06	1.705763257292623e-07	0.0009702699599509	0.0001901585769489	3.616028438726872e-08	9.41423795183121e-07	0.0002708301312939	-9.549878499149998e-05	7.334896001667112e-08	9.120017934852745e-09	0.0	0.0	0.0	0.0	0.0	0.0	0.0	0.0	0.0	0.0	0.0	0.0	0.0	0.0	0.0	0.0	0.0	0.0
1259.3238028006026	2.3756828158223016	1585896.440300171	5.643868841393379	1519.0873386540843	-13.226398068912886	174.93760587734252	2307626.3424591487	1188.5984423804573	0.6086625053969783	1412766.2572292492	0.3704700454761266	1207.612517276233	1368.7742271822765	1.26083	25.741049	0.1213536021422236	0.0636749755479531	-0.1255667577	-0.0065464982	-0.0781949668	0.0648279109	-0.0089588304	0.0941612953	-0.0687115194	-0.0787578966	-0.0882034638	0.0228842028	0.0243192214	-0.0052012358	-0.1744395732	-0.00818112	0.0528562548	0.1758505845	0.0490537318	0.1350247062	-0.0104471624	-0.0995946826	-0.08111893	-0.1273216026	0.0469157446	0.0939416055	-0.0405078979	0.0813180022	-0.0545871132	-0.0013605224	0.0301680309	-0.1365946428	0.0131969425	-0.0707728037	-0.1149024185	0.0972727046	-0.2161184854	-0.0823128481	-0.0449943922	-0.1015063364	-0.0782910799	-0.0686448343	-0.0370483318	0.0323287933	0.0084783137	0.1226067385	0.0824614892	-0.0053476466	0.0288075785	-0.0673496949	0.0137198932	0.1742097976	-0.0192285052	0.0883681857	0.0858147704	0.103428915	-0.0297503425	-0.0033773425	-0.0053514033	0.1193550011	0.1629279084	-0.0641984922	0.1111321757	-0.1112578087	-0.034640307	0.0108027077	-0.1414816882	0.0347967966	-0.0696698313	0.1121193343	0.0076629968	-0.0911300731	0.0359126494	0.1061328618	-0.0119417131	-0.0529456887	0.166925977	0.1093445202	0.0939157903	0.050039594	0.1126281929	-0.0113921106	0.0578573104	0.1480337575	0.0509130919	-0.0102054741	0.0288571465	0.054303732	0.014604768	0.0715427456	0.0115156375	-0.049383759	-0.0240763479	-0.0241473996	-0.0555947519	-0.1491561643	0.2502877458	-0.0318649186	-0.0676335318	0.0121006517	0.1120121114	0.0588358332	0.0001540049	0.0445425734	0.0385739112	0.0758081466	-0.1498470856	0.0162121615	-0.0610837739	-0.0062570459	-0.0552121182	-0.0442766491	0.1586399747	0.0601732223	0.0584252413	0.066476708	-0.107696274	0.1499127808	-0.0065334863	-0.1254930887	-0.0881103036	-0.138697376	0.0243831538	0.0066129405	0.1162289377	0.0934837391	-0.0068092904	-0.1620424726	-0.0573144906	-0.0195301105	-0.0260892919	-0.0258884651	0.1121579348	-0.143876253	-0.1146156204	-0.0305814462	0.0396982709	-0.0152702922	-0.0948622088	0.0814573498	0.0779385885	0.0126986567	0.0459092497	0.0236113026	-0.0198801355	0.1115900959	0.0797847129	0.0800498808	-0.1381625383	-0.0207177932	0.0847908348	-0.0390832527	-0.0668187442	-0.0395667256	0.0411849494	0.0103417282	0.0378257489	-0.0822220336	0.0489014791	-0.0680667272	-0.1088156246	-0.0277156827	0.0844195428	0.021642503058743	0.0129855559559218	0.0001686246634843	0.0004683979386477	-0.0280948337081525	-0.0359067972414663	0.0012892980881397	0.0007893196810887	0.0294934774207007	-0.0372318630112005	0.0013862116232848	0.0008698652103653	-0.0012457463640584	0.0004638858757744	1.5518840035647237e-06	2.1519010574298214e-07	0.0009821896752568	1.1919715305900008e-05	1.4207961297370692e-10	9.646965581810582e-07	0.0004996122588863	0.0002287821275923	2.496124092294712e-07	5.234126190570517e-08	0.0	0.0	0.0	0.0	0.0	0.0	0.0	0.0	0.0	0.0	0.0	0.0	0.0	0.0	0.0	0.0	0.0	0.0
1255.5972706925702	-3.726532108032416	1576524.5061706314	13.88704155219652	1547.5764736537517	28.489134999667385	811.6308130292732	2394992.9418065813	1185.8965218910969	-2.7019204893604183	1406350.560633401	7.300374330825642	1206.2139736436288	1363.7595546394546	1.330861	27.170805	0.1976521596679634	0.107565893108591	-0.1000248343	0.1143262238	-0.0459341319	-0.0491656667	0.0858342099	-0.1247828855	-0.1174840907	0.1548979893	-0.0829178988	-0.1104876955	0.0523347924	-0.1117400958	-0.0745026287	-0.1132746797	-0.0642811664	0.0308274844	0.0367329892	0.0158629635	-0.0327070988	-0.0622114754	-0.029484537	-0.0036394034	-0.1284438736	-0.0775223958	0.1010486308	-0.0344933447	0.0527740687	-0.0595787746	0.1451909587	-0.1008134936	0.0690478788	0.0240981573	0.1257005542	-0.0693113713	-0.0789914506	-0.0146061535	-0.0044603539	-0.0079060016	-0.0373500389	-0.0681241081	0.1085489623	-0.0284857399	-0.0320669151	-0.0173500737	-0.135448166	0.0643568822	0.0736939664	-0.0190982494	-0.03964679	-0.0589821129	0.0023428193	0.1177328031	0.1313845589	0.1387362103	-0.0125223467	-0.093425866	0.1176117556	0.0691057551	0.015495843	0.0497474275	-0.0070889305	-0.0512262722	0.018103012	-0.1063547378	0.1390837552	-0.1268734681	0.1546885488	0.0146483904	-0.0581233145	0.1352707167	-0.0471356981	0.0298877592	0.0545458678	0.0180701977	0.0575849828	-0.0887305139	0.0967233905	0.0604034775	-0.029675695	0.1119526095	0.0548602083	-0.1038415074	0.0152358939	0.0531709727	0.0129954126	0.0138032227	0.1294757132	0.0120909696	0.1252705057	0.0833105974	-0.0439891371	0.1496917713	0.0482857017	-3.34083e-05	0.0756656532	0.0302174025	0.0101643678	0.0427531506	0.1045246615	-0.04837632	0.0991163998	-0.0279774359	-0.0215863447	-0.1837582653	0.0465528894	0.0822223633	-0.0156530521	-0.0463749462	-0.0190686269	-0.0252037393	0.0739009173	-0.2095849388	0.0699900955	0.13610847	-0.0300714221	0.0603567402	-0.0432548182	0.0524937687	-0.0971640183	-0.0221660789	0.1106748371	0.0015401638	-0.1524757096	-0.0887038449	-0.0876196881	0.0914728751	-0.0067727547	0.0109497517	-0.0437790953	0.0342395431	0.0119194156	0.019549688	-0.0005081203	-0.0514808846	-0.0339438346	-0.1985167302	-0.0198598001	0.0509337253	-0.0045658937	-0.0255994495	0.102584353	-0.1075129016	-0.0083694405	-0.0235800476	-0.0495706722	0.1298172092	-0.0049465209	-0.0403662861	-0.0071277475	0.0712570373	-0.0128270042	0.0212656004	0.0690169379	-0.0482997326	0.0612950463	-0.0091197532	0.0469575846	-0.0714208455	-0.1073250918	-0.019294242	0.0910168938	0.0155665167178682	-0.0060759863408748	3.691761001449715e-05	0.0002423164427276	0.0204957007052257	0.0485905344133782	0.0023610400345776	0.0004200737473981	0.0764656633718061	0.0469721859511054	0.0022063862530252	0.0058469976748903	-0.0025990555483428	-0.0013533091842843	6.755089743371492e-06	1.831445748268508e-06	0.0007808272765879	-0.0002013623986688	4.054681559769299e-08	6.09691235863677e-07	0.0001340147825875	-0.0003655974762987	1.795996195197489e-08	1.3366151467605157e-07	0.0	0.0	0.0	0.0	0.0	0.0	0.0	0.0	0.0	0.0	0.0	0.0	0.0	0.0	0.0	0.0	0.0	0.0
1255.366930421574	-0.2303402709962938	1575946.1299960848	0.053056640442646	1525.104766028931	-22.471707624820738	504.9776435754265	2325944.5473641604	1186.6459089823832	0.7493870912862803	1408128.5133046263	0.5615810125865118	1206.079629803428	1339.4446871550274	1.204993	24.601086	0.1066276512499704	0.0619494615113865	-0.0512368991	0.1180097579	0.1103354174	-0.1219024671	0.1012133139	0.0852897237	0.052137965	-0.0614984034	-0.0044850566	-0.1801811637	-0.0642222838	-0.0839613204	-0.0340894286	-0.1150655163	-0.0615164113	0.1238083744	-0.0784071274	0.0108980878	-0.0891488222	-0.0794846828	-0.0116098204	-0.0281359709	0.0990654421	-0.0997437034	-0.0548031073	0.0099498569	-0.1469957948	-0.0588595993	0.1595670421	0.1176226765	0.0792462253	0.1317322395	0.1214241671	0.0779615051	0.1059690131	0.0766935893	-0.1409810423	-0.0446011033	-0.1565601352	0.0203963382	-0.0925926959	0.010837978	0.0319262538	0.1201646815	-0.0736941644	-0.0308815758	-0.0487557606	-0.092174671	0.009936585	0.0158554242	-0.0284033501	-0.0755333232	0.0178435929	-0.0406293001	-0.0399415338	-0.0342065175	-0.01342389	-0.0945949922	-0.1034081359	-0.083022605	-0.1573013964	-0.0075094816	0.0728458956	-0.0987544399	-0.0290485509	0.0788961635	0.0691552823	-0.0305057924	-0.1402220284	0.1526599492	0.0121772838	0.0263132971	-0.0830788166	-0.0818349512	-0.0504975636	-0.0097070664	0.0048804197	0.1389106268	0.0642117602	-0.06974497	-0.1088627124	-0.010665697	0.060705775	0.090692833	-0.0063203473	0.0032825572	0.2163802694	-0.0853118378	0.0119608057	0.0905156825	0.1950004328	0.0313482022	0.0048165724	-0.0369588875	-0.1482162176	-0.0803915952	0.0310508091	-0.0338059836	0.1723610751	-0.0745919321	-0.0809988843	0.0510027909	0.1001279738	-0.0421372525	-0.1400511734	-0.0347664753	0.0638056741	0.0065875522	0.0281355258	0.03293367	0.0460616628	0.0234764375	0.0012482252	-0.0249669053	0.0542415093	-0.1052377686	-0.012892427	0.1654924381	0.0005826975	0.0288869319	0.0355085263	0.0527120621	0.0178838675	-0.014813148	0.0274770348	0.0656116919	-0.0321086069	0.0959542461	-0.1491250435	-0.0236838588	0.1012833032	0.1766266064	-0.1005018408	0.1139596482	0.025921154	-0.1847685723	0.0322164607	-0.0280020156	-0.0036146297	-0.0056861171	0.1103699789	-0.0474785791	-0.0717134417	-0.1356730044	0.1204817343	0.0498371508	0.0083509101	-0.0210993524	0.0345917099	0.0199088378	0.0550807265	0.0746766152	-0.0190561648	0.0363403705	0.0512667968	-0.0567652748	0.0449960313	-0.0746675401	-0.1054714048	-0.0107567634	0.0967591949	0.0188321496829217	0.0032656329650535	1.0664358662444123e-05	0.0003546498616799	-0.0157834311246745	-0.0362791318299001	0.0013161754063312	0.0002491166980673	0.0473235042349244	-0.0291421591368817	0.0008492654391593	0.0022395140530729	-0.0019350473123768	0.0006640082359659	3.744408101136677e-06	4.4090693743067883e-07	0.0006868714085015	-9.395586808640002e-05	8.827705147869002e-09	4.7179233181683453e-07	0.0001331643402772	-8.504423103000063e-07	1.7732741521461905e-08	7.232521231484121e-13	0.0	0.0	0.0	0.0	0.0	0.0	0.0	0.0	0.0	0.0	0.0	0.0	0.0	0.0	0.0	0.0	0.0	0.0
1258.845533632169	3.478603210595111	1584692.0775456603	12.100680296762611	1526.9826918553265	1.87792582639554	3.526605409443371	2331676.141225739	1186.7743097492455	0.1284007668623417	1408433.262280798	0.0164867569308374	1206.0986539594433	1352.339426877489	1.139769	23.269464	0.0623278155138521	0.0401125309393771	-0.0989023909	0.0978099193	0.0170424362	-0.022676433	0.1914604625	0.1051747139	0.0903192801	-0.0241335716	-0.1184298315	-0.1478322414	-0.1520901154	-0.0137951094	0.0340045785	-0.1149299601	0.063237925	0.040823245	0.024381565	-0.0337818395	-0.1437671263	-0.0697485782	0.0006813626	-0.0625185228	0.051400241	-0.0474607189	-0.0051838481	0.0111454012	-0.0246906157	0.08699393	-0.0237386801	-0.0469719891	0.0591726057	-0.0812356268	0.1859745745	0.0566702535	0.0213262753	-0.0962841126	-0.0419120766	-0.0774201858	-0.0790428711	-0.0044980663	-0.0674105327	0.0148125619	0.031783204	0.0155846552	0.0098860036	-0.0227128539	-0.000859278	0.0676425962	-0.045150641	-0.0780410725	-0.2286429782	0.0452183339	-0.0301907775	-0.0141611498	0.0388235709	-0.1905142332	0.0257802838	-0.015152986	0.0244726431	0.0229235714	-0.0679237638	0.0287984401	0.0438396695	-0.2018602396	-0.0484940041	0.0036288105	0.0054628643	-0.1050519267	0.1190395713	-0.0343584107	0.0697901395	-0.0379451413	0.0629955043	-0.1363201655	-0.0051123217	0.0045033206	-0.0065979597	0.202579665	0.0183410423	-0.062494813	-0.0401903763	-0.0178724992	0.0001286886	0.0365223669	-0.0055231177	0.1085805776	0.0102015458	0.0192687936	-0.0065004323	0.008205383	-0.0086343007	0.2034310689	-0.1460916923	0.0032314345	-0.0096067259	-0.0438545163	-0.0724179245	-0.025319776	0.0957077337	-0.0509095651	-0.0596063225	3.40113e-05	0.0883153901	-0.0099378571	0.008649495	-0.0861177195	-0.0324302274	0.007985556	0.0031799316	-0.1785228047	-0.0209070012	-0.0628980887	0.0735217374	0.1006993729	0.16883888	-0.0473832196	0.0483699609	0.0856508735	-0.0389568175	0.0457149327	0.0443829222	0.0171747335	0.1195635348	-0.0908978595	0.0072021494	-0.0296965425	-0.0286679359	-0.0885294686	-0.011598475	-0.1033096094	-0.144791195	0.029498919	-0.1655673502	0.1143265992	0.0610587848	-0.0922123836	-0.0365211669	-0.006746659	0.0357317128	-0.0539570929	0.1708272609	0.0130264438	0.0332256727	-0.0752322549	0.1160776704	-0.0094783828	0.0789975948	-0.0199415745	-0.02235752	0.1928025537	0.011358489	0.0325635362	-0.0381312194	0.0030697854	0.1430015546	0.0418955706	0.0430175569	-0.0778019275	-0.103260836	-0.0021545924	0.1015925006	0.0200366911103913	0.0012045414274695	1.4509200504904965e-06	0.0004014689906532	-0.0053169755352797	0.0104664555893948	0.0001095466926047	2.827022884276285e-05	0.0316757019484867	-0.0156478022864377	0.0002448537163954	0.0010033500939293	-0.0013290525071311	0.0006059948052457	1.7663805667114623e-06	3.67229703984774e-07	0.0007809117395807	9.404033107919996e-05	8.843583869485541e-09	6.09823145014955e-07	0.0001330191523911	-1.45187886099995e-07	1.7694094902846684e-08	2.1079522270185123e-14	0.0	0.0	0.0	0.0	0.0	0.0	0.0	0.0	0.0	0.0	0.0	0.0	0.0	0.0	0.0	0.0	0.0	0.0
1260.411062248889	1.5655286167200302	1588636.0458393728	2.450879849769332	1517.2719856689157	-9.710706186410787	94.29781463879677	2302114.2784956945	1187.3939067920487	0.6195970428032069	1409904.2898868844	0.383900495450479	1206.4834125180787	1359.896394656495	1.194285	24.382469	0.0479437391816734	0.0294662418976749	-0.1253183963	0.0129065946	-0.0585157345	0.0091704331	0.0607099018	0.2360932467	0.0215634466	-0.0798253087	-0.1503797545	-0.0129403342	-0.1351798	0.1519409277	-0.0456479455	-0.0665479685	-0.0706038382	0.1284627765	0.2421742805	0.0082874695	-0.1724427191	-0.0346600832	-0.0182822863	-0.0099688615	0.0486316702	-0.0274974258	-0.144912812	0.0674542782	-0.0984293092	0.0570954204	0.059049592	0.0500521718	-0.0934654099	-0.0103240952	0.0583662068	0.0283443613	0.0828543055	-0.0157020079	-0.0205264598	0.0315829252	0.1126959156	-0.1341702852	0.1682538194	0.0552400756	-0.0248399837	-0.0225060798	-0.0722918326	-0.0028970344	0.1414442706	0.0286785464	0.0510569529	-0.062364442	-0.0424314841	0.0211627889	-0.0171283348	-0.1137280968	0.0666020986	0.0338038991	-0.2605840761	-0.0305011465	0.0886098627	0.099014025	-0.084537568	0.075189689	0.0188783158	0.07540733	0.019334719	0.0860580927	0.0858618119	0.055263153	0.0005795233	0.0148778596	-0.0041364518	0.062323319	-0.0236701632	0.054352819	0.0248382089	0.0813856514	-0.0023784195	0.164086841	-0.0202884371	-0.0415127618	-0.0811612182	0.0588024373	0.0961517498	0.0381253067	0.0211905718	0.0976190654	-0.0002424044	-0.0698886569	-0.085847943	-0.0797043676	0.0212737032	0.0688885306	-0.0066916205	0.0232187164	-0.1071011283	0.0909056418	-0.0042610203	0.1410198888	-0.0201522123	0.093228355	0.1598497632	-0.0663267737	-0.0321258533	-0.0144153576	-0.0377791061	0.0502641076	-0.0694967485	-0.0259571811	0.1039916059	0.0597201231	-0.1421925885	0.0501706885	0.1234630352	-0.0674272263	0.0424073344	0.0431491613	-0.1365733331	0.0069124745	-0.1106648959	0.1191133441	-0.1133488	-0.085901015	0.0531907392	-0.0541373117	-0.0095330992	0.1296353508	-0.0433431705	-0.0378184341	0.0671374989	0.053718843	0.1002859853	0.0166889532	-0.1956467934	0.0486842213	0.0929173085	-0.0049158932	-0.0783330152	0.017547264	0.0928604128	-0.04420301	0.0990281924	0.1204429672	-0.027311491	0.0516353368	0.0836082021	-0.0027966575	0.0346713685	-0.0123161743	0.1464848551	0.1272010716	-0.0342121948	0.0260233386	0.0056656624	0.0746379666	0.0458205488	-0.03579267	0.0410229053	-0.0808192935	-0.1007008652	0.0064605365	0.1054714048	0.0185983338724327	-0.0014383572379585	2.068871543987888e-06	0.0003458980228304	-0.030711636112656	-0.0253946605773763	0.0006448887858401	0.0009432045927161	0.0299388636097432	-0.0017368383387434	3.016607414929279e-06	0.0008963355542428	-0.0011781445336197	0.0001509079735114	1.3880245420979805e-06	2.2773216469317405e-08	0.0007802832972574	-6.284423232999709e-07	3.949397537146651e-13	6.088420239788801e-07	0.0003689603971083	0.0002359412447172	1.3613177463431446e-07	5.5668270958701674e-08	0.0	0.0	0.0	0.0	0.0	0.0	0.0	0.0	0.0	0.0	0.0	0.0	0.0	0.0	0.0	0.0	0.0	0.0
1261.1971974399648	0.7861351910758003	1590618.3708304216	0.618008538647785	1525.8935722852275	8.621586616311788	74.33175578256655	2328351.193941373	1189.3763139129603	1.9824071209116028	1414616.0160971808	3.92993799304103	1208.5570374645763	1356.2562701393117	1.245611	25.430347	0.0864115722864203	0.0550993201867669	-0.0538969789	-0.1050224166	-0.1513648159	-0.099468366	-0.0547692938	0.0634347577	-0.0344484304	-0.0364300408	-0.0470102929	0.1141616978	-0.0386617719	-0.0561172162	-0.0098393134	-0.161864444	-0.0446099809	0.1774523673	0.0388836409	0.1646892797	-0.14224898	0.0385017708	-0.0832627651	0.0688290318	0.0885764622	-0.0539122942	-0.03812893	0.053496748	-0.0329692365	-0.037344143	0.0198664496	-0.0742832902	-0.1250718363	-0.0451998608	-0.073574218	0.067952921	0.1607436451	0.0818645325	0.1185697656	-0.0664224812	0.0664500161	-0.0011889164	-0.1849063988	0.0870879097	0.059174702	-0.0007405948	0.1912805802	0.0044214759	0.038109671	0.017292428	-0.1110741632	0.0688022926	-0.0459799626	0.0281692887	-0.0584928167	-0.0954449377	0.0255176785	-0.1197223306	0.0757334127	-0.0225818803	0.0741261075	-0.1176940593	0.0549119768	0.0710317039	0.0370203175	0.022936577	0.0827155632	0.050987962	0.0466552835	-0.0497256284	0.0645672878	0.0796743549	0.0092952488	0.0521145291	0.1945697632	-0.0200188216	-0.0071305785	0.165433575	0.1079666747	0.0546326087	-0.0356730912	0.0313487235	-0.1644089038	0.0129963291	0.0929787536	-0.0092770552	-0.025007154	0.0367854375	0.0655595521	0.1166172363	-0.0057269675	-0.0876461938	-0.0204063448	-0.0581948372	0.0335126148	-0.0135035952	-0.1223837296	-0.0594750838	-0.1210131779	0.0181095686	-0.1430110322	0.035031324	-0.1541687864	-0.0538105525	0.061340029	0.1433277922	-0.0029741131	-0.086784348	-0.1410541248	0.0745782825	-0.0846819491	-0.1301091568	0.1181859215	-0.0430071764	-0.0389601617	-0.0713867911	0.1134324988	0.0958649229	0.0498176603	-0.0212244505	0.0274647672	-0.004581798	-0.0490392082	0.0104324019	-0.0343862038	0.0109859318	0.0961658449	0.0664378255	-0.082381412	-0.040787014	-0.0978403893	0.079729409	-0.0902066179	0.0014789224	-0.1302365631	-0.1001109296	0.0701178875	-0.0009259746	-0.080653472	0.0828737815	0.1994699789	-0.0333522895	-0.0287041059	0.1083359029	-0.0521045874	-0.0229356328	-0.0167475831	-0.0638998612	-0.0184364634	-0.0895197545	0.0763427947	-0.0797155713	-0.094741035	0.0988913364	-0.0243003612	-0.0398364174	0.1086973948	0.0898374905	0.0390128266	-0.0837150996	-0.0978001546	0.0150368111	0.1083594676	0.0268173623513945	0.0082190284789618	6.755242913798512e-05	0.0007191709234859	0.0208047214597826	0.0515163575724385	0.0026539350975313	0.0004328364350191	0.0313872376769381	0.0014483740671949	2.0977874385227e-06	0.0009851586889886	-0.0014537274873505	-0.0002755829537308	2.1133236074783978e-06	7.594596438699224e-08	0.0008381074895429	5.782419228549996e-05	3.343637213470473e-09	7.024241640279021e-07	0.0005401094944485	0.0001711490973402	2.917182659934143e-07	2.9292013520365264e-08	0.0	0.0	0.0	0.0	0.0	0.0	0.0	0.0	0.0	0.0	0.0	0.0	0.0	0.0	0.0	0.0	0.0	0.0
1260.7419579076634	-0.455239532301448	1589470.2844288484	0.2072430317700411	1539.8917328029363	13.998160517708811	195.9484978795418	2371266.54875483	1189.499521366948	0.1232074539877885	1414909.1113321986	0.015180076718153	1209.3012316006043	1351.7542041814993	1.221323	24.934475	0.1543043868918353	0.0787192363248919	0.0195689896	-0.0935549091	-0.1554037337	-0.098216478	0.0697247693	-0.1389287878	0.027879357	0.0920077189	-0.0108146305	0.0922379081	-0.0147296752	-0.0328016477	-0.0239619548	-0.1294080366	0.0101298991	0.0082485533	0.032596432	0.1788075731	-0.074784392	-0.0535354814	-0.1002071708	0.0984006697	0.0168678	-0.0231847185	0.0096636895	0.0209116547	0.0315283144	-0.0840004171	-0.0080401128	-0.0928558888	-0.2046249296	0.0840309413	-0.0034823027	0.1136865841	-0.1042678523	0.0111831509	-0.0393390703	-0.1272961062	-0.0050808932	0.0311061017	0.0645216923	0.0966702861	-0.0213068531	-0.0864747544	-0.0639424197	-0.0380715712	0.0035519504	-0.075188007	0.044701273	0.0175328999	0.0481887236	-0.0301161682	0.0032851683	-0.0137684328	0.0411146319	0.020851206	-0.0549310752	0.0046656133	-0.1282079342	0.1045757241	-0.0179001046	-0.0407507795	-0.0922573492	0.1017416106	-0.0108431684	0.0182432238	0.1158188873	-0.1648172308	-0.0504304919	0.0290279468	0.0188532202	0.0669029723	-0.1010214112	0.0751590797	0.038890227	0.057052993	0.1769487704	-0.0175302186	-0.0327997087	0.1121709453	-0.112702281	0.0537465693	0.0626342229	-0.023254407	-0.0151292813	-0.0626513391	0.0751552676	0.1981545876	-0.0324701866	-0.1184140906	0.0503702785	0.0070238733	0.0171060244	-0.1217524596	0.0017559568	0.0426945627	-0.0546413632	0.0228055969	0.0690182944	0.0633170208	0.0268854104	-0.0058343907	-0.0308348293	-0.1168094319	-0.0535877162	0.0326043395	0.0506791839	0.0094971075	0.0007942887	-0.0032099593	-0.0520593533	-0.0121616143	-0.0069946416	-0.0382967899	-0.0155832385	-0.1307516276	-0.1181264877	-0.0396589585	-0.0055137838	0.0694041099	0.0525078783	0.0156931055	-0.0939773844	0.1275757073	-0.0548975597	0.060704629	-0.0870404052	-0.0171322893	0.0915801186	-0.0570599375	0.0814552398	0.0957475935	-0.0385707699	-0.0976712416	0.0046286131	-0.0893891889	0.0329767846	0.0880846496	0.2299652755	-0.076297805	-0.0075509353	-0.0286397054	0.0464567043	-0.164184667	-0.1108609315	-0.0796092214	0.1078849094	-0.0323806348	-0.0522170976	0.0088416327	-0.0065494026	-0.0014626075	0.0216727015	-0.0136387305	0.0775824287	0.0250765078	0.0369880768	-0.0864849902	-0.0945685192	0.0235226525	0.1102295573	0.0182059253008759	-0.0086114370505186	7.415684807504453e-05	0.000331455716061	0.0646239705933737	0.0438192491335911	0.0019201265946317	0.0041762575752532	0.0662757812040837	0.0348885435271456	0.0012172104694455	0.0043924791742115	-0.0022837322412067	-0.0008300047538562	5.215432949526977e-06	6.889078914238915e-07	0.0011920588849672	0.0003539513954243	1.2528159032280917e-07	1.421004385229244e-06	0.0003843625001174	-0.0001557469943311	1.477345314964983e-07	2.425712624317171e-08	0.0	0.0	0.0	0.0	0.0	0.0	0.0	0.0	0.0	0.0	0.0	0.0	0.0	0.0	0.0	0.0	0.0	0.0
1255.7669272303494	-4.975030677313953	1576950.5755255537	24.750930240214927	1531.2424875059846	-8.649245296951676	74.8094442068407	2344703.555543516	1184.598409103848	-4.901112263100004	1403273.390851368	24.02090141550924	1204.024832516441	1340.3075223238377	1.149554	23.469246	0.093077554498713	0.0563835439085674	0.0336031649	-0.0886131393	0.0181300198	0.0294632653	0.1047708769	-0.1008595032	0.0037479312	0.0460811013	-0.0031104601	0.1041464558	0.1016286696	-0.0324341302	-0.029701853	-0.0143773636	-0.0140608801	0.0780435746	-0.0442149099	-0.0679814823	0.0242789528	0.046937625	-0.1142202315	0.0926024009	-0.0569086843	0.0586203489	0.0151954575	0.0652234068	0.073046186	0.0030677279	0.0083683345	-0.0813668784	0.0733887363	0.0479330751	-0.115223561	0.0720055358	-0.0301317335	-0.0370964412	0.0054383549	-0.1643224718	0.0375716377	0.1387396872	-0.0237528983	0.0618697225	0.002371904	-0.0624620434	-0.0017912472	0.0689204982	-0.0707106047	0.0968960214	-0.0349664615	0.0040414457	-0.0141456392	0.0723435441	0.1052379421	-0.0433794261	0.056106665	-0.0323122986	-0.042330693	0.0569475719	-0.1864700615	-0.0443687464	-0.0864623627	-0.1192064088	0.0914802906	-0.0104080481	-0.0818488532	-0.0678307195	0.0077181953	-0.0768407244	0.0515443816	-0.1102227725	0.0909313204	0.0007131776	-0.0519605027	0.0985138702	0.0785726629	-0.0130914202	-0.0575216706	-0.0643373275	-0.0230351071	0.1682837035	-0.043747994	-0.0001226931	-0.0209201883	0.0014795401	0.0629618677	0.0922127827	0.0095737384	0.0771376961	0.0611221839	0.0331697032	-0.0102945334	-0.1142938506	-0.0557912018	-0.128242559	0.0107706629	0.0219899365	-0.1453287305	-0.1043135608	-0.0312343408	0.0027402048	-0.0922607153	0.0157690077	0.0616352537	-0.0188560499	0.1028084666	-0.0038844456	0.0276690679	-0.0067208557	-0.0409622803	-0.1274586123	-0.0883983984	-0.0583464581	0.0498145006	0.0137800507	-0.1147440518	-0.2040144388	-0.0736657725	0.0591573248	-0.0415285104	-0.1075660848	-0.0985665397	0.0176147879	0.037731803	0.047072919	-0.0350034804	-0.0545193048	0.0273007493	-0.0746871932	0.1134070528	-0.1300003097	0.0105295096	-0.0691548631	-0.0266034427	0.0592129482	0.0299474974	-0.0254430487	0.1515355778	0.0619692623	0.1753308422	-0.05897097	-0.0293091189	-0.0561457804	0.04885789	-0.0241869196	-0.1154712183	0.0080955392	0.0650036727	0.0040887694	-0.0111955353	0.002200438	0.133379239	0.019380576	0.0237503853	-0.0645327747	0.0379298685	0.0491330492	0.0349494174	-0.0891247992	-0.0910168938	0.0318670259	0.1110641056	0.0210768883361254	0.0028709630352495	8.242428749769032e-06	0.0004442352219334	0.0151476826921168	-0.0494762879012568	0.002447903064488	0.000229452290941	0.0664982612614153	0.0002224800573315	4.9497375910269774e-08	0.0044220187507914	-0.0025630100363232	-0.0002792777951165	6.569020446293452e-06	7.79960868451338e-08	0.0013645504498138	0.0001724915648466	2.9753339943228865e-08	1.861997930087044e-06	0.0007427496102518	0.0003583871101343	5.516769835292008e-07	1.2844132071048653e-07	0.0	0.0	0.0	0.0	0.0	0.0	0.0	0.0	0.0	0.0	0.0	0.0	0.0	0.0	0.0	0.0	0.0	0.0
1255.070422137339	-0.6965050930105008	1575201.764523998	0.4851193445895663	1524.9970960129783	-6.245391493006309	39.00491490091558	2325616.142848017	1184.9724633785695	0.3740542747214022	1404159.7389654752	0.1399166004373542	1204.9235586142238	1340.5835272618565	1.198711	24.47283	0.0434453070866874	0.0194236457383836	0.0639760949	-0.1044188591	0.0149762148	0.0084364966	0.1693650983	-0.085357904	0.0898613599	0.0014771123	0.0243154873	0.084833037	0.0763721562	0.1023499384	-0.0056658695	-0.089777858	-0.0237856708	-0.0555378165	-0.0969735355	-0.0790314738	-0.0136030639	0.110962137	-0.0433371192	-0.1148249325	-0.0883057297	-0.013229698	0.0585659902	0.0578026201	-0.2066740425	-0.0537191335	0.032228349	0.1181447082	0.0469786573	-0.1445922054	-0.0700174601	0.0506711517	-0.061806475	-0.0846268636	0.0181340605	0.0106617446	0.085388824	0.0796506005	0.0484155835	0.151526809	0.0893641773	0.0647788449	0.0309467701	0.1463981088	-0.0098833525	-0.1046096629	-0.1014641273	-0.0247529097	0.0494230594	-0.0643652371	0.046228167	-0.0798008696	0.1156720693	-0.0151141339	-0.0128473507	0.1070611804	0.0261838917	-0.0030603503	0.0813017586	-0.0366932255	-0.0955604887	-0.0447342603	0.0293859706	-0.1519410857	-0.0647100608	-0.1262692776	-0.025251008	0.0799495385	-0.0729968273	-0.0078923131	0.0394764741	-0.0327871308	-0.0638671333	0.0520387958	-0.122250993	-0.044559904	-0.0469960726	0.0453136041	0.1787048553	0.0075221666	0.1126771052	-0.0307455853	-0.1412845159	0.0196452611	0.0946429767	-0.1708102181	-0.071089489	-0.0091377461	-0.0057353845	-0.0302904726	-0.067600187	-0.1504500002	0.0433690965	0.0979529893	0.04262727	-0.0024084565	-0.0309903513	0.0730389891	-0.1175503234	-0.0265685434	0.1840048768	0.0586701509	0.0614054798	0.1187478168	-0.0029472802	-0.0534016956	0.0018128765	-0.0389986559	0.0752997236	0.0181357575	0.0199213313	-0.1037166944	0.1032508797	0.0262978301	-0.1455715788	-0.0175110969	-0.1067643914	-0.0429427574	0.0832546071	0.0501476341	-0.1612948698	0.016180063	0.0072027946	-0.0781361976	-0.0097765994	0.0753555098	-0.029295673	0.0623970466	-0.1448067582	0.089546491	-0.0553490415	0.0227472743	0.1240661174	0.0780101159	0.012155366	0.0214006613	0.0615987911	0.1026587545	-0.120188424	-0.1677812587	0.0136325416	-0.1120712268	-0.0580658698	-0.0277187204	0.0828919462	0.0339097248	-0.1726331608	0.0997397128	0.0345852073	0.0674429695	0.0677295627	-0.0415862455	-0.1183776088	-0.0728226331	0.0328976148	-0.091630556	-0.0871572961	0.0400197472	0.1108552722	0.017589753247563	-0.0034871350885623	1.2160111125883091e-05	0.0003093994193101	0.0131203684945688	-0.002027314197548	4.110002855579695e-06	0.0001721440694332	0.0562388469620032	-0.010259414299412	0.0001052555817669	0.0031628079076156	-0.002678748094969	-0.0001157380586457	7.175691356300046e-06	1.3395298219098594e-08	0.0016397920265014	0.0002752415766875	7.575792553747593e-08	2.688917890177568e-06	0.0009051988449417	0.0001624492346899	8.193849488837879e-07	2.6389753851334228e-08	0.0	0.0	0.0	0.0	0.0	0.0	0.0	0.0	0.0	0.0	0.0	0.0	0.0	0.0	0.0	0.0	0.0	0.0
1255.7364742176433	0.6660520803043255	1576874.092680558	0.4436253736777196	1520.8213363795965	-4.175759633381858	17.43696851578139	2312897.5371874217	1185.8290193972014	0.8565560186318635	1406190.4632445285	0.7336882130544693	1205.04211417669	1351.1901157595123	1.01896	20.803038	0.1467310275749836	0.0724798531290415	0.0422733698	-0.0943669262	-0.0661739692	-0.0016732173	0.0425747854	-0.111056573	0.0838319707	-0.0251998974	0.0422521974	0.0974341188	0.0596909478	0.0153129864	0.0291127293	-0.1953739389	0.0081065364	-0.0543865423	0.0225509119	-0.0477147724	0.0041486111	0.0631900596	-0.0956488744	-0.0757984731	-0.0415138652	-0.0468611366	-0.1276755816	0.0338007837	-0.0005935224	-0.0238100142	0.0139692987	-0.0222335349	-0.0915230239	-0.0370573475	-0.1052127982	-0.0084482378	-0.0908891814	0.0961778302	0.000480569	-0.1359997155	0.0819366929	0.0164651257	0.0078772604	-0.2243080232	-0.071060404	0.0462316821	-0.0116526212	0.0944320729	-0.1319401298	0.0997811447	0.0287158761	0.0193417963	-0.0725244933	-0.065550189	0.0639396804	0.0603474311	0.0799092665	0.1275727806	-0.0659528136	-0.161361338	0.0547531089	-0.0335376703	0.0203829565	-0.0862382551	-0.0554403837	-0.0087799905	-0.0647925507	-0.0274902819	0.1070855854	-0.0454072827	-0.0745481619	-0.088939466	-0.0038223569	-0.0223409315	-0.0204228715	-0.0840360895	0.0177457701	0.0406240485	-0.0767953184	-0.0291379133	0.0397159463	0.0932926291	0.0411833662	-0.0485611327	0.0910352521	0.0950392928	0.0676998771	0.0010588038	0.0410635231	0.0496444423	-0.0927367368	-0.1414586894	-0.0683842553	-0.1272795682	0.0025843449	-0.1064817038	-0.0042364127	-0.1294664612	0.0004485106	0.0091802697	-0.0455011996	-0.1754669395	0.0472439845	0.0870231295	-0.0161350626	0.0017939014	0.0860315031	0.0259341554	0.1016357123	0.1392481627	0.1117325441	0.008316644	0.0078425532	0.1273931729	0.0162717732	0.08137342	-0.0561816978	0.1082410588	-0.1583189133	0.0581486107	0.0056069637	0.0487788032	0.0213488316	0.0041886077	0.0020829893	0.0472417655	-0.0354601398	-0.1096552175	0.0251029663	-0.0372687387	0.025902632	-0.0535140348	0.062237105	0.1285653377	0.0475395537	-0.1048270421	0.0498749753	0.0127017891	-0.0335658525	0.0809195873	0.0494834129	0.1019757667	-0.0860071633	-0.0621463366	-0.0210952706	-0.0765799445	0.0003655117	-0.0216239083	0.1026644323	-0.0677845748	-0.0721401338	0.0791872633	0.0157500339	-0.0564931508	0.0715203301	0.0648343366	-0.0257428878	-0.0580974986	0.0308334408	-0.0939984918	-0.0830027857	0.0479317851	0.1096050192	0.0375159536693843	0.0199262004218213	0.0003970534632505	0.0014074467797233	0.0306815208649453	0.0175611523703765	0.0003083940725755	0.000941355722586	0.087475678736979	0.0312368317749758	0.0009757396593381	0.0076519943704951	-0.0034891071484986	-0.0008103590535296	1.2173868693704032e-05	6.566817956373892e-07	0.0014768977440364	-0.0001628942824649	2.65345472597872e-08	2.181226946339808e-06	0.0014920823691033	0.0005868835241616	2.2263097961889164e-06	3.444322709323394e-07	0.0	0.0	0.0	0.0	0.0	0.0	0.0	0.0	0.0	0.0	0.0	0.0	0.0	0.0	0.0	0.0	0.0	0.0
1255.5825637962655	-0.1539104213777591	1576487.5745092032	0.0236884178086793	1519.712119443573	-1.1092169360233584	1.230362211161047	2309524.925983677	1186.967289269562	1.1382698723605245	1408891.3457959318	1.2956583023236443	1206.246001069274	1337.3959303820768	1.221564	24.939392	0.0667338413564205	0.0423303446782354	-0.0307711502	-0.0864453337	0.033742067	-0.1212691714	-0.1266546781	-0.0664105983	-0.0451211749	-0.0312010493	0.033578179	0.0550195079	0.0542018309	-0.06308354	0.1061534595	-0.0276176176	-0.1574878418	0.0433304125	-0.0378596496	0.0075519346	0.0314118234	0.0486480118	-0.0909486415	-0.0176528955	0.0162698714	-0.058925388	-0.0961175054	0.0111266079	0.0829305198	0.2074438206	-0.0448883356	-0.0122513839	-0.1082693209	0.0969126157	-0.0790327774	-0.1528635972	0.0266246274	-0.0449807966	-0.0403264091	0.1157244913	0.0643888113	-0.087157809	-0.1519773237	-0.0058806091	-0.1513673569	-0.1318913402	-0.001003693	0.0009884397	-0.2097025997	0.1470127597	0.1152892498	0.0195216662	0.01223198	-0.0373716571	0.0486944105	-0.0890722181	-0.0016438077	0.0627715454	0.0452847461	-0.1008623529	0.03692894	0.1247350518	0.0927094354	0.0255913717	-0.2315582351	-0.0661112883	0.0569336499	0.037928517	-0.0728219193	0.0090983614	0.0043455763	-0.0207589089	0.0566782284	-0.1055365514	0.1037996756	-0.0822088415	-0.0221628803	0.0410276262	-0.0250031675	-0.0219717762	0.069656947	0.0829500085	-0.0363640683	-0.1149367708	-0.0473278607	0.0364141583	0.0879373508	0.0630167434	-0.0988243074	0.0787522549	-0.1513895755	-0.0893680618	0.0606900347	-0.0694468235	0.0372105761	0.1337160384	0.0324121832	-0.0807144809	0.0363168433	-0.1273861819	-0.1201595459	0.1360219598	0.0874609035	-0.0494838145	-0.0432146025	-0.0054507125	0.1234741418	-0.0561882549	0.1772540589	0.1999429486	0.0438025473	0.1178928876	0.0565589185	0.0871533364	0.1238642192	-0.0693402329	-0.0679973463	0.0432748124	0.0348297254	-0.0676885202	0.101024513	0.1573621092	0.168650324	-0.0103137994	0.0331716136	-0.1012393374	0.1382601956	-0.0492650337	0.030492184	-0.0558445689	-0.0969976576	-0.0215414969	-0.1148536881	0.0153022663	0.093662835	-0.0728854089	-0.0378081148	-0.0862762593	0.1373736111	0.124882264	-0.0005963066	-0.0009909394	-0.0350289669	0.0201119335	-0.0855799078	-0.0096648622	0.01114597	-0.0126623636	0.0659935913	-0.0604362682	-0.0821929939	-0.1045752281	-0.0492622225	-0.0022666764	0.1169599538	-0.0666417559	0.0439114991	0.0742347943	0.0287576717	-0.0962250449	-0.0785674201	0.0555555556	0.1073250918	0.0354636112140269	-0.0020523424553574	4.212109554062455e-06	0.0012576677203396	0.0419083813199421	0.0112268604549968	0.0001260423956759	0.0017563124248576	0.1089220344088204	0.0214463556718413	0.0004599461716031	0.0118640095797562	-0.0040671062085259	-0.0005779990600272	1.654135291142992e-05	3.340829133924419e-07	0.0015020441533915	2.5146409355099927e-05	6.32341903454257e-10	2.256136638737588e-06	0.0014550621830012	-3.702018610210012e-05	2.1172059564002174e-06	1.3704941790341263e-09	0.0	0.0	0.0	0.0	0.0	0.0	0.0	0.0	0.0	0.0	0.0	0.0	0.0	0.0	0.0	0.0	0.0	0.0
1254.8265081916963	-0.7560556045691555	1574589.5656605654	0.5716200772004313	1520.118323166005	0.4062037224318828	0.1650014641175181	2310759.7164250268	1185.4942025517944	-1.4730867177675009	1405396.5042839148	2.1699844780630286	1205.1829971236216	1343.771810051266	1.323917	27.029022	0.1666142119575078	0.0877773994512864	-0.0913493592	-0.0903145989	0.0962476217	0.0499011464	-0.0645826702	0.0956788516	-0.020814085	-0.0647340854	-0.0309312234	0.0614444487	0.0140542502	0.0894464903	0.0147966631	0.0155850081	-0.1148833732	-0.0667991003	-0.1173457738	-0.0768602511	-0.000366834	0.0251584266	-0.1034439795	-0.08565143	-0.0410723504	0.0357479732	-0.0369176094	0.0741885851	-0.1328020919	-0.0193962343	-0.1779832605	0.0922741316	-0.0659270361	0.0464063328	0.0111617742	0.0662369954	-0.0491926349	-0.0208327583	0.0695224969	0.0778957318	-0.0381195925	0.0868243927	-0.060722333	-0.0996580354	0.0476376022	-0.1089872206	-0.0227354217	0.0726166085	-0.0406090242	-0.1348482703	0.0350011978	-0.0666177616	0.1707006823	0.0820579194	-0.0593758056	0.0721206436	-0.0247986689	0.0616758473	-0.0248318934	0.0567276916	0.1023543613	-0.0350583573	0.020751729	0.0520925004	-0.0546024214	-0.0581687687	-0.018821096	0.0871125749	-0.1044569625	-0.0198508346	-0.0513110657	-0.0726248122	0.0157408501	-0.0947805136	0.0403899182	-0.0960783318	0.1248860483	0.0737008254	-0.1232124268	0.0161296137	0.0718773461	0.0381863733	0.1070952692	0.1200830327	0.1013591775	-0.0179334949	-0.0972927665	-0.0439259966	-0.1106109114	-0.0075383154	-0.1402848748	0.0261153663	0.1093788135	-0.0044109578	-0.0063927401	-0.0357125649	0.0346271368	0.0512067571	0.0667831603	0.0560747846	-0.0868676875	-0.002899521	-0.1628929154	0.0656516395	-0.0901489134	-0.0629090034	0.0572250453	-0.0375510854	0.0066223656	-0.0565581266	-0.0771449933	0.1640566115	-0.0104726705	-0.0448075276	-0.0388314701	0.0327955882	0.0177165522	0.0754950136	0.0600073468	-0.0325960408	-0.0248800174	-0.0362901045	0.0664235738	-0.0350901734	0.0941134718	-0.0055431621	0.0477152072	-0.1078237406	0.0580472055	0.0144090383	0.0194955609	-0.0677204528	0.0429588889	-0.01167229	-0.0488681343	0.0514351626	0.1378533435	0.0990320916	0.0713951106	0.0251405749	-0.1298268115	0.081634559	-0.0831957562	-0.0132510472	-0.0691744981	0.1230653533	0.1019425747	0.0062190139	-0.0710312689	0.0356468259	-0.0316567474	-0.0456299045	0.0669647907	-0.0371613514	0.0310456586	-0.0219680896	0.0135751319	-0.0450547026	0.0266710879	-0.0983068664	-0.0738662073	0.0628452084	0.1040369087	0.0376848746952163	0.0022212634811894	4.93401145286566e-06	0.0014201497807941	-0.0011798152702908	-0.0430881965902329	0.0018565926853985	1.3919640720113535e-06	0.0528322476025948	-0.0560897868062255	0.0031460641839678	0.0027912463867418	-0.003453164278004	0.0006139419305218	1.1924343530882888e-05	3.769246940529573e-07	0.0016630830373054	0.0001610388839139	2.5933522132234574e-08	2.7658451889729544e-06	0.0019843806701626	0.0005293184871614	3.937766644114969e-06	2.801780608508331e-07	0.0	0.0	0.0	0.0	0.0	0.0	0.0	0.0	0.0	0.0	0.0	0.0	0.0	0.0	0.0	0.0	0.0	0.0
1257.5085751931404	2.682067001444011	1581327.816684282	7.193483400234869	1523.004344819526	2.886021653521084	8.32912098459257	2319542.234339154	1186.9290566407597	1.4348540889652668	1408800.5854981237	2.0588062566203456	1206.531711369768	1356.9319470154476	1.142173	23.318563	0.1266637788358009	0.0665759279323284	-0.1041457651	-0.055647382	-0.0436111899	0.0808274246	-0.1182085117	0.0913528368	-0.0602909512	-0.0448434988	-0.0726785112	0.0242235822	-0.0185860473	0.058077157	0.0541239893	0.0535776343	-0.0535634142	-0.1104069784	0.0455488862	0.0153786628	-0.0182172119	-0.0016588179	-0.077178476	0.0323536502	-0.0324789925	0.1005586681	-0.09050357	-0.0930529125	-0.0397336363	-0.022655959	-0.0474936699	0.0204645182	0.0045769967	-0.1373339091	0.0123314718	0.0430178789	-0.1191591208	0.0986127609	-0.023677298	-0.0317610209	-0.0422416082	0.0607995845	0.110489959	-0.01987378	-0.0606927078	-0.1590436031	-0.1290370562	0.0193398723	-0.0806040616	-0.0313067402	-0.0012951494	0.0207046301	0.0751058984	0.0082742241	-0.0754867417	-0.0818712507	-0.0071839984	-0.1477801288	0.1283618862	-0.0057524798	-0.0301355392	0.0330600233	0.101078828	0.1158576342	0.1482014757	-0.1112752781	0.0165889619	-0.0904230375	-0.0201950498	0.0561962115	-0.0112932934	-0.0468207062	-0.0479335909	0.0894083262	0.0578112617	-0.1588894013	-0.0081647949	0.0622805416	-0.0161977129	0.0130224124	0.0262596707	0.0467187331	-0.0026785746	0.1103037017	-0.0208552389	0.0822055264	-0.0529624979	-0.0596485408	-0.0896978189	-0.0695124043	-0.036882958	-0.0668000373	-0.1202852583	-0.0348129831	0.0509608428	-0.1521147113	-0.013169954	0.0291008421	0.0556986999	-0.0162851948	0.0893553671	-0.0443715918	0.0340494577	0.0502892989	-0.0150444491	-0.1391210258	0.0838685438	-0.0731550371	0.0685319565	0.0627740584	-0.1264946121	-0.054282979	-0.0447422795	-0.1840895823	-0.0594299019	-0.1462222437	0.0700722781	-0.0898031724	0.1075454712	-0.0213594679	0.0521225276	-0.0961053707	-0.0077925436	-0.0965833587	0.0420348367	-0.0950298545	-0.0836602802	-0.0610911466	-0.100184242	-0.1044352203	-0.0263152985	0.1060498383	-0.0704827914	0.1343009119	0.0119038033	-0.1468185221	0.0750692256	0.0731119144	0.0442205017	0.0264305635	-0.1950953865	0.0473503349	-0.0272561043	0.041805429	-0.106042108	0.1568829276	0.0946051944	-0.1083423016	-0.1051773578	0.0074184147	0.0065300128	-0.0467970571	-0.0048444091	-0.0782238423	0.0253279669	-0.02000812	0.0203201465	-0.0603611098	0.0245744743	-0.100240825	-0.0689150546	0.0697569027	0.0997713604	0.0343754481115752	-0.003309426583641	1.095230431251039e-05	0.0011816714328715	0.0398966356081871	0.0410764508784778	0.001687274816772	0.0015917415328524	0.0394807157426129	-0.0133515318599818	0.0001782634030081	0.001558726915549	-0.0044544109542086	-0.0010012466762046	1.984177694897357e-05	1.0024949066107591e-06	0.0013509433036822	-0.0003121397336232	9.74312133063623e-08	1.8250478097637768e-06	0.0020495216506088	6.514098044619991e-05	4.200538996314219e-06	4.243347333492199e-09	0.0	0.0	0.0	0.0	0.0	0.0	0.0	0.0	0.0	0.0	0.0	0.0	0.0	0.0	0.0	0.0	0.0	0.0
1257.4278778960702	-0.0806972970701735	1581124.8681102144	0.0065120537544318	1535.900204994963	12.895860175436836	166.3032096644178	2358989.4397035693	1186.394972509954	-0.5340841308056952	1407533.0307968943	0.2852458587784749	1206.50396493453	1350.5174794143738	1.111696	22.696344	0.0850706465720605	0.0409790991905982	-0.0949209051	-0.0633536498	-0.0608052435	-0.0225559185	-0.1109855596	0.0407326303	-0.1888300302	0.0493645316	-0.0571829621	0.0418008051	0.0373798936	0.0030605751	0.0133666889	0.1285656223	-0.1169596764	-0.0986037212	0.0578881344	0.0574363938	0.0230560466	-0.0853561867	-0.1406420102	-0.02202873	-0.0411242608	-0.0216520586	0.0866420628	-0.1045324085	-0.0018158135	-0.0645034626	0.0130036734	0.0446393045	0.0707591361	0.0824327375	-0.0165286265	0.0094004392	-0.0522610478	-0.0192048563	-0.0392256523	-0.0634053137	-0.0341280413	0.1151301896	0.007004145	-0.0239786941	0.1370396611	-0.1496587593	0.0726309807	-0.0174597061	0.121930062	0.0036069316	0.023436565	-0.032427955	-0.0127906802	0.0054057306	-0.1264812712	0.1954987171	-0.0116966621	0.0655849142	-0.0163561047	-0.0467895026	0.0674659528	0.0609883494	0.0184664002	-0.0785911203	-0.0439307815	0.1455226933	-0.0852201338	0.1154853918	0.1358758909	0.1817849103	-0.1191897523	0.0589316342	-0.0518449813	0.0062267588	0.1468196323	0.0318036532	-0.1660593861	0.0030895768	0.0915045507	0.0157827853	0.0810495185	0.1443458318	0.0340517123	0.0126414964	-0.087091714	0.0188910128	-0.061511655	-0.0855878273	0.0292735116	-0.0047321742	0.010671089	0.0897394952	0.0507856142	-0.0030758026	0.0053131143	-0.0784044852	0.0373309903	0.0780628254	-0.01137876	0.034335638	0.0573694307	0.0162821622	-0.1246225992	0.0583177773	-0.1528052544	-0.0026962279	-0.0387417531	-0.0539662255	-0.100137018	0.0397645189	0.1081678448	0.0519599517	-0.0861257048	-0.0503144481	-0.1439529882	0.1966615469	-0.075823378	0.0834609954	-0.0904267024	-0.135577766	0.0222580151	0.1033169868	0.0387317249	-0.0067239548	0.0998533616	0.1400279378	0.0163902435	0.1273422269	0.0408988986	-0.0263137203	-0.1271439108	0.1447901015	0.0536517633	0.0230254859	0.0518836992	-0.1257915816	0.0056439754	-0.0070022685	0.1429163011	0.0683923527	-0.0562990174	-0.0571666671	-0.0054752389	0.0697435079	-0.0665073401	0.1037183949	0.1114382369	0.0031016771	-0.0856246255	0.0122555153	-0.032675083	-0.1151502171	-0.0351809462	-0.1369973245	0.0292301485	-0.1139111419	0.1319757199	-0.0600925926	0.0224686191	-0.1020240119	-0.0637307152	0.0762490709	0.0945685192	0.0526381889526987	0.0182627408411234	0.00033352770303	0.00277077893622	0.0603299051250019	0.0204332695168148	0.0004175185031467	0.0036396974523917	0.0699228447306552	0.0304421289880423	0.0009267232173246	0.0048892042152273	-0.0042318406467922	0.0002225703074163	1.7908475259842628e-05	4.9537541743430666e-08	0.0013518732615589	9.29957876700041e-07	8.648216524364489e-13	1.8275613153178977e-06	0.0019543717713803	-9.51498792285e-05	3.8195690207681705e-06	9.053499517198136e-09	0.0	0.0	0.0	0.0	0.0	0.0	0.0	0.0	0.0	0.0	0.0	0.0	0.0	0.0	0.0	0.0	0.0	0.0
1254.536450301331	-2.891427594739298	1573861.7051346635	8.360353535619883	1525.6492020173084	-10.25100297765448	105.083062047881	2327605.48761605	1186.2457710274523	-0.1492014825016667	1407179.0292805147	0.0222610823806951	1205.6760443598107	1336.3085481505764	1.091617	22.286396	0.1128428993322095	0.0639713208357679	-0.0692698208	-0.0918633848	0.1243738064	-0.0460440383	-0.0452477061	-0.0012194183	-0.1183260817	-0.0495750316	-0.023964611	0.0351262898	0.0605674481	-0.1156841083	-0.0039294268	0.146107831	-0.1033651564	0.0081952542	-0.0628387345	-0.0086367828	0.0229163938	0.0679884875	-0.1020985432	-0.0493707815	0.0329152307	-0.0067583571	-0.0260724512	-0.0983248242	0.0738620487	0.0772695003	0.1743036535	0.0855430654	0.050152335	0.0915515931	0.0135878707	0.0007070764	-0.1507500633	0.1684089055	0.0513198011	0.1517034626	-0.1176239331	0.0152466101	-0.0804916548	0.0773320821	0.0322669664	0.0372055499	0.0792766274	0.0824093984	-0.0448715875	-0.0307619381	-0.0618260923	-0.0215267425	0.0423768083	-0.0641385468	-0.0699529315	-0.0260301772	-0.1719218736	-0.0175612063	0.0490503566	-0.0577074995	0.0214524192	0.0160447122	-0.1151037293	-0.0199136771	0.1307881908	-0.0112872952	0.0917244885	-0.0251882487	-0.0301889187	-0.0118465341	0.0817435034	-0.0789456468	0.1921312155	0.1065144348	-0.0547618359	-0.0054188158	-0.1163308553	0.0794479074	-0.0497411622	-0.0084229284	0.0769222303	0.056876775	-0.0113704369	-0.0611160089	-0.1383253941	0.0541743996	0.0415669107	-0.0138952396	-0.0131020951	-0.0559552463	0.1066632268	-0.0228241927	0.1363469372	0.005764608	0.2335627203	-0.0977610362	0.0377174025	-0.0336106235	0.09603882	-0.0604246145	0.058557945	-0.0123199828	-0.0222655812	-0.0477586395	0.1091304996	0.1127385776	0.0444631462	-0.1349903339	-0.0099649485	0.0178144901	0.0154397968	0.0837026995	0.0451093988	-0.0807936848	-0.1482646944	0.016377127	-0.0298726918	-0.023582717	0.1130365319	0.0787899664	-0.0421760721	-0.0215548747	-0.1044788702	0.0521850462	0.0249713339	-0.122340798	-0.02181962	0.0077681292	-0.0942460782	-0.0715871531	0.0198720003	-0.0381995204	0.1152154392	-0.1498219339	0.0538992953	0.0656305648	0.0410038706	0.0470035447	0.1449303632	0.0756465232	-0.1119747448	-0.0286354184	-0.0626534268	0.0063492475	-0.1196991608	0.104201966	0.0450262133	0.0310150792	-0.055728604	-0.0439150515	0.0149432655	-0.1238411916	0.0081532995	-0.0260973524	-0.0614141315	-0.0505539109	0.0308175376	-0.0426752864	0.0203543145	-0.103653745	-0.0583307311	0.0822826681	0.0884772626	0.049076649437751	-0.0035615395149476	1.2684563716533884e-05	0.0024085175200359	0.0057911615213015	-0.0545387436037004	0.0029744745538701	3.35375517658031e-05	0.0810139430867167	0.0110910983560614	0.0001230124627438	0.0065632589744577	-0.0045511945696334	-0.0003193539228411	2.071337201066055e-05	1.01986928034063e-07	0.0018042959160069	0.000452422654448	2.046862582577744e-07	3.255483752519178e-06	0.0018531179915195	-0.0001012537798607	3.434046290493266e-06	1.0252327936099303e-08	0.0	0.0	0.0	0.0	0.0	0.0	0.0	0.0	0.0	0.0	0.0	0.0	0.0	0.0	0.0	0.0	0.0	0.0
1254.7335513049468	0.1971010036158986	1574356.2847703234	0.0388488056263945	1519.912881169006	-5.736320848302512	32.90537687467005	2310135.1663434687	1186.0178459949766	-0.2279250324756958	1406638.331018564	0.051949820429047	1205.5035808823984	1338.9145162730715	1.061896	21.679621	0.0612929638598726	0.0296221813810043	-0.011658804	-0.1307501946	0.1148211657	-0.0515351824	0.0306131627	-0.1247905495	-0.0192436084	-0.0429397689	-0.018258336	0.0486502111	0.1040492363	-0.0571278477	-0.0268200889	0.005650737	-0.1163778944	-0.0870735985	-0.0517219114	-0.0348419215	0.0929846451	0.1032113951	-0.0337048448	-0.087505837	0.0308794258	-0.0230061134	0.1282223892	0.0359745416	0.0493214993	0.0110714174	0.0441989045	-0.0222085349	-0.1447741643	0.0895379513	-0.0682146663	-0.0246292281	-0.0908547805	0.0945665215	-0.0283419838	0.0678402669	0.0395640565	-0.0230954306	0.1257131815	-0.1154773474	0.0634513224	0.1091234364	-0.0013601011	0.039376821	0.0088931669	0.028020005	-0.0642626448	0.0646242597	0.0855145183	0.0983575596	0.0353479787	-0.0172645197	0.0089751008	-0.0439701354	0.0668507301	-0.0532836089	0.124675657	-0.0269913299	0.026220263	0.2372076308	-0.0455021143	0.1002768517	0.2435936455	0.0931136998	0.0011102174	-0.0867436863	-0.0107797804	-0.1000129667	-0.0599212745	-0.1141428614	-0.0411481866	0.0740515331	0.0915831519	0.0420758844	-0.0695619845	-0.0855742257	0.0375708658	0.0319524115	0.103541305	-0.0611495551	-0.0448066675	-0.0905560298	-0.0024059511	0.0028780598	0.0891508737	0.10702062	-0.0363431628	-0.0655029053	0.0540248788	-0.0671025618	0.0619378609	-0.0201969427	0.0375573043	-0.0541787918	0.1298529481	0.1107573612	0.0254108949	-0.087236645	0.0478348129	-0.0402341984	-0.0569029035	-0.0393261573	0.0274483915	0.1337496506	-0.0751687977	-0.0514299963	-0.102044489	0.0416878211	0.0917272496	0.0212019443	0.0028966378	-0.0358152537	-0.0296947812	0.2107409702	0.1049652129	-0.0050038388	0.0471190253	0.0025853667	-0.1348379527	-0.1096793699	-0.1007741833	-0.1572681265	0.1832672492	0.0685224364	0.0888869111	-0.1317574143	0.1589191282	-0.0078596961	0.0480248745	-0.0381184439	0.0541295344	0.0789899184	0.0836732508	0.1265107436	0.0437271172	0.0710961101	-0.0810653195	0.0616419723	-0.1029938162	-0.0562530015	-0.071305143	-0.0209033436	-0.0242581595	-0.0048186076	0.0016378773	-0.0250103667	-0.0979793137	-0.0910815449	0.0123870088	0.0324917639	-0.0392504882	-0.0017222058	0.0415128326	0.0126076162	0.0182323554	-0.105127573	-0.0527333744	0.0878214077	0.0815548146	0.0575698030299776	0.0084931535922265	7.213365794115156e-05	0.0033142822209104	0.0276752088104785	0.021884047289177	0.0004789115257549	0.0007659171827035	0.0855609156467807	0.004546972560064	2.067495946197501e-05	0.0073206702863155	-0.0044451008292244	0.000106093740409	1.9758921381971445e-05	1.1255881753972369e-08	0.0019648148700865	0.0001605189540795	2.5766334618808715e-08	3.860497473713029e-06	0.002113881105399	0.0002607631138795	4.4684933277628986e-06	6.79974015601331e-08	0.0	0.0	0.0	0.0	0.0	0.0	0.0	0.0	0.0	0.0	0.0	0.0	0.0	0.0	0.0	0.0	0.0	0.0
1256.2376086186337	1.5040573136868716	1578132.929307863	2.2621884028549686	1519.3705191925494	-0.5423619764565046	0.294156513505806	2308486.774591437	1187.8938259137374	1.8759799187607769	1411091.741643977	3.5193006555936908	1207.2965799548958	1343.2599010597637	1.051431	21.465965	0.061289700784714	0.0326072516543338	0.0298990849	-0.0921282023	0.0169969953	-0.0306688364	0.0415679746	-0.1839937955	0.0289660235	-0.0166969709	0.0007497375	0.0497968549	0.1452690747	-0.0665663122	0.0153173693	-0.044927355	0.0339753529	-0.0783781454	0.0353227311	0.0207152206	0.0222664135	0.1356820726	0.0421794881	0.0364094763	0.0525901137	0.0391521042	0.0636671691	-0.0372110252	0.0237902062	0.0906141262	-0.113159476	0.016160588	-0.0383075615	-0.0883718212	-0.0414485266	-0.0451120062	0.0139395266	-0.0879255569	0.0032988408	0.0328061895	-0.0377791624	-0.0430958686	0.0443588935	-0.0756136871	0.0745953969	0.0770150239	-0.1138607726	-0.1231779087	0.0977396157	0.0181013963	0.0365275806	0.1498678093	0.0215146289	0.0576217128	-0.0167055462	0.0119754634	0.0028884839	-0.0657430259	0.0982644376	0.0090246229	-0.0745754561	0.102841079	0.0739159105	0.0737790191	0.025969733	-0.0018802456	0.0320534325	0.0130670868	-0.0224805482	0.0162348192	0.0144507026	0.0227551943	-0.0846893996	-0.0387915045	-0.0866799984	0.0758165002	-0.0423436331	0.0504858349	-0.0177486826	-0.0861872957	-0.0726035169	-0.0031507184	-0.0392581013	-0.0547184141	-0.0962026724	-0.0748033125	-0.0170922795	0.0019544657	-0.0468518061	-0.0307076877	-0.0770747915	-0.036425329	-0.0662666523	-0.0222784605	-0.1316281573	0.1323038937	0.0896315949	-0.0280277881	0.0604337072	0.0518893439	0.0585568976	-0.0698386183	0.0035301526	-0.0501437117	-0.0521547393	-0.0868510906	-0.1385213462	0.0614016561	-0.0677529489	0.04217952	-0.050918408	-0.0337971353	0.0778824118	-0.0288295077	0.0087067407	-0.0760107983	0.002385223	-0.0948689625	0.0692138936	-0.1034080628	0.085126774	-0.0157576743	0.017354429	-0.0951669664	-0.0435511013	-0.0562623773	0.0071770709	0.0288781411	0.0512937584	0.0584313323	0.0673727591	0.000483547	-0.0185110219	0.0239419849	0.0868159242	-0.0210817323	0.055531201	0.1072061833	-0.0354433	0.0903579833	-0.0348713926	0.0638124442	-0.1038179049	-0.0638464015	0.0087540902	-0.1158606378	-0.0514987099	-0.0364628867	0.0162138367	0.061853137	-0.0487402363	0.0106633218	0.1209544693	0.0096420825	-0.1102976225	-0.0035039281	0.0406859968	0.0006927797	0.0161035399	-0.1064432791	-0.0469575846	0.092831979	0.0738662073	0.071188592557803	0.0136187895278253	0.0001854714282032	0.0050678157103608	0.0539437583955049	0.0262685495850264	0.0006900366973009	0.0029099290698326	0.0823047903586484	-0.0032561252881322	1.0602351892014618e-05	0.006774078515981	-0.0044890302648453	-4.392943562090031e-05	2.0151392718697064e-05	1.9297953139708248e-09	0.0017839568838806	-0.0001808579862058	3.270961117445348e-08	3.1825021635449805e-06	0.0022520184112468	0.0001381373058477	5.071586924594561e-06	1.9081915266888572e-08	0.0	0.0	0.0	0.0	0.0	0.0	0.0	0.0	0.0	0.0	0.0	0.0	0.0	0.0	0.0	0.0	0.0	0.0
1257.2167554532043	0.9791468345706562	1580593.9701922822	0.958728523649736	1533.9733467194865	14.602827526937062	213.2425717814708	2353074.228445782	1187.3138073686728	-0.580018545064604	1409714.0771682938	0.3364215126188601	1206.9323827004737	1342.1667040847008	0.9904170000000002	20.220316	0.1231116571419077	0.0629773517965727	0.0708516886	-0.0672632032	-0.0249177329	0.0138928981	0.0834099113	-0.1618995094	-0.0118046654	0.0676478853	0.0174011768	0.0526212657	0.1326308125	-0.0843012271	-0.0269292599	-0.0126777781	0.035257233	-0.1049357422	-0.0043929877	0.0344966375	0.0381002997	0.0839026665	-0.1124645448	0.1021918559	0.0154997402	0.0014742363	0.009940762	-0.0771394826	-0.0107290706	-0.1920050965	-0.0693952887	-0.1132047077	0.140986552	0.0580746108	-0.0004562291	-0.0676849304	0.1286836989	-0.0255947766	-0.0999508114	0.0944578035	0.0483186548	-0.0299371487	0.029387758	-0.1228921637	0.0024623117	0.0584812207	-0.0388978589	-0.1141201663	0.0902410432	0.0381329527	-0.090223529	-0.0386694701	0.0804570752	-0.1782612205	0.0943664157	0.032194107	-0.0364281528	-0.0248184096	0.0151355492	-0.0252272129	0.0581443926	0.0341667601	-0.0188352926	0.0500348538	0.0486737673	-0.0670830955	0.0692619998	-0.0797846441	-0.0287405818	0.0294283671	-0.0492585821	-0.1238374014	0.0686300396	-0.0617322107	0.038532288	0.1123321306	0.0707144216	0.0153320196	0.017711332	-0.101584916	-0.0069850962	0.1195936999	-0.1191179636	-0.0197372446	-0.0201699292	0.0499150546	0.0154525721	-0.1067179398	0.1239424613	0.0233623707	0.0119406645	0.2204189988	-0.164321986	-0.0073492484	-0.1067429337	0.0771867035	-0.03005175	-0.0425054966	0.0680339294	-0.0229383464	-0.035477265	-0.008203104	0.0631650085	3.57655e-05	-0.1239109538	0.0208874689	-0.0240679859	0.0364612432	-0.0114701647	-0.1343287923	0.0929978357	0.0065755262	0.0923011785	0.0104405734	-0.1078703037	-0.0542178464	0.0118882512	-0.0238457404	0.0425706894	0.1288450061	-0.036081079	0.017017253	0.0076653274	-0.049633048	0.0051332541	-0.1499399893	-0.0524801298	-0.0470928219	0.0864173802	-0.0331501141	-0.0444450548	0.0762182797	0.0101206769	-0.0970753168	0.1691595878	-0.0737915959	-0.0575765105	0.0627974228	0.0508918346	0.0786975744	-0.0245128854	0.0224090267	-0.0591925741	-0.0541010452	0.0224094116	-0.0444925718	0.0085316277	0.0380050575	0.0290099097	0.0925352719	-0.0085213373	0.1563049923	0.045529215	-0.1224762585	-0.1433715746	0.021386653	-0.0152514421	-0.0628217761	0.0139686685	-0.1075988845	-0.0410229053	0.0972842479	0.0654836707	0.0887210268997904	0.0175324343419874	0.000307386253956	0.0078714206141533	0.0739823343683099	0.0200385759728049	0.0004015445270178	0.0054733857985844	0.1186988111457338	0.0363940207870853	0.0013245247490508	0.0140894077674105	-0.0051722056967967	-0.0006831754319514	2.675171176997624e-05	4.667286708219824e-07	0.0020038965799895	0.0002199396961088	4.8373469924475224e-08	4.015601503293614e-06	0.0021722010185065	-7.981739274029974e-05	4.718457264800676e-06	6.370816183859253e-09	0.0	0.0	0.0	0.0	0.0	0.0	0.0	0.0	0.0	0.0	0.0	0.0	0.0	0.0	0.0	0.0	0.0	0.0
1255.7117962351035	-1.5049592181007938	1576812.11520399	2.264902248146553	1523.3505043902246	-10.622842329261855	112.84477915235748	2320596.759225952	1187.2131933950404	-0.1006139736323348	1409475.1665712495	0.0101231716900881	1206.6779556776603	1334.9279385419693	1.118637	22.838051	0.0832256994571033	0.0474584921012202	0.1054016256	-0.017440702	0.1110817895	0.1244940521	0.0918983536	-0.0204136661	-0.1061981162	-0.0196802191	0.0873550084	0.033239693	0.051471765	-0.1056854254	-0.072628188	0.0731767193	0.0039595401	-0.056152362	0.0365536366	-0.0136630275	0.0286108751	0.0243955584	-0.0931176662	0.063537903	0.1226086214	0.119641368	-0.1432088481	-0.0537431402	0.2264765395	0.075991649	0.0453445864	-0.082893131	-0.0513034645	0.0261496505	0.0105015248	-0.0093971044	0.0683283087	-0.1049603201	-0.1550617708	0.0873403514	0.0140951104	0.0554365466	0.0345834583	0.0515146282	-0.0732778771	0.0743759121	-0.0154523001	0.0134541931	0.035814821	0.0037092091	0.0889830117	-0.0241019038	-0.023648458	-0.0821429673	0.0926289432	-0.0942683925	-0.0161893382	-0.0901915296	0.0031554358	0.1281996637	-0.0719751484	-0.0291685633	0.0431970539	0.0312887928	-0.0207349323	0.1601318101	-0.039666797	0.0799688138	-0.0591980459	0.0198014053	0.0077745682	0.0256678035	-0.1434410113	0.0737559983	-0.1489155043	0.0805105263	-0.0017685477	0.0048868094	-0.0292296335	-0.0750213876	0.0288645298	0.0809733955	-0.1336301782	0.0655147594	-0.1491846566	0.0241082672	0.2400054532	-0.01989895	0.0035182985	0.0503069511	-0.0197108093	-0.0914527058	-0.0415082006	0.0525615439	-0.034470366	0.0952609755	-0.0292916524	0.0914040674	0.0405124468	-0.1399819587	0.0603907722	0.1586745658	0.0942772745	0.0625311151	0.0305472863	0.0031882737	-0.0274644348	0.0967231494	0.0262110139	-0.038315912	0.0903598758	-0.0405576425	0.0467975616	0.0677982679	0.0943325183	-0.1158554701	0.0383882544	-0.0275107199	0.1146096047	-0.0391305619	0.0010782222	-0.0766100773	-0.0783899871	0.0192807871	-0.0005783758	0.114860316	0.0371660382	0.0541282917	0.0096116699	0.0875125741	0.1207675761	0.050560356	0.1069214782	-0.0043499824	0.1649897208	0.1036002391	-0.0878788489	0.0887726613	0.1087632184	0.0182965735	-0.0114558646	-0.0312135578	-0.0251425302	-0.1196326254	-0.0914165704	0.076665257	0.0308748389	0.0548733051	-0.1224232717	0.0094006226	0.1477384506	0.1715592193	0.011903233	-0.0357734673	-0.1398479323	-0.0185991077	-0.0285403623	0.0697420279	0.0118285441	-0.1085926509	-0.0349494174	0.1011514379	0.0564859537	0.0890474574343898	0.0003264305345993	1.0655689391884689e-07	0.0079294496755294	0.0389881788248516	-0.0349941555434582	0.0012245909221997	0.0015200780880786	0.1368129701472895	0.0181141590015556	0.0003281227563336	0.0187177888005231	-0.0055489547508153	-0.0003767490540185	3.079089882659569e-05	1.419398497039096e-07	0.0022209851770227	0.0002170885970332	4.712745896184311e-08	4.932775156554553e-06	0.0021741824550045	1.981436497999929e-06	4.727069347649395e-06	3.926090595606223e-12	0.0	0.0	0.0	0.0	0.0	0.0	0.0	0.0	0.0	0.0	0.0	0.0	0.0	0.0	0.0	0.0	0.0	0.0
1256.50056266489	0.7887664297863921	1578793.663977185	0.6221524807579715	1525.7531118462557	2.402607456031092	5.772522587776194	2327922.558308533	1186.5170683771405	-0.6961250178999308	1407822.7535502838	0.4845900405461789	1206.757181983658	1350.9942209909916	1.077827	22.004879	0.1079316205918713	0.0698340856574367	0.1044435987	0.0107678085	0.1215271035	0.1556189472	0.009162554	-0.0285418829	-0.0216001199	0.0022596921	0.1071416008	0.0063334556	0.017019667	-0.0219660998	-0.0499999499	0.0302240091	0.0710759864	-0.1939782775	-0.0201427782	0.068566981	0.1333440631	0.0486347449	0.0709436502	-0.0250220246	-0.0279618599	0.0075858403	0.1258379937	0.1266408721	-0.0574642713	-0.1053574049	0.0044616613	0.1608556765	-0.0110313548	-0.0142510966	0.122328776	-0.0313437329	0.0686440286	0.1517063792	-0.0066414777	0.0439567219	-0.0359442499	0.1467167011	0.1392913387	0.0790824239	0.0007809884	0.0920287904	-0.0024798469	-0.1569795615	-0.1167316228	0.1054336097	0.1496513128	-0.0083627435	-0.0578314968	0.0138059634	-0.0978266307	0.053875094	0.0161091352	0.0272881425	0.1056109261	0.0638851548	-0.0434886908	0.0119297387	-0.0973716384	0.0103289803	-0.1026900841	-0.0291489798	-0.1158273193	0.0479333606	-0.0196280821	0.0428400902	0.1554874409	-0.016018018	-0.1617203132	0.0248528171	0.0637156712	-0.06411828	-0.0252267917	-0.0038101016	0.0410828958	-0.1566549351	-0.0021889094	-0.0752569585	0.1236444191	0.0331903659	0.0833209685	-0.1330694464	-0.05365239	-0.0333844494	0.0869510501	-0.1005224393	-0.0148110253	0.0351759738	0.0624588074	0.0274786479	0.0702759955	0.0318800352	-0.1808775399	0.0080514056	0.1387680641	-0.0487906286	0.0640871679	-0.156734005	0.0242180322	-0.096377973	-0.008997366	0.0808782788	-0.0810537668	0.0693426337	0.0486306836	0.0353537982	-0.0830610728	-0.0519375373	-0.1592768926	0.0191590378	0.0336071283	0.0617073074	-0.02847292	-0.0654340821	0.1391377806	-0.0115825346	0.0655258239	0.0392619179	0.1254133445	0.1075891544	0.1417046995	0.0988626539	0.0043163667	0.0087323952	-0.0173443514	0.0324923428	0.0934786163	0.0635636649	-0.0557136469	-0.0288870333	0.1012884996	0.118246171	0.0387703954	0.1544424158	-0.0591795698	-0.0922267373	-0.0340684269	0.0559042001	0.0666392788	-0.089760429	-0.0068027535	0.0146570737	-0.002211295	-0.0048351616	-0.1332413519	-0.0425523488	-0.0527028594	0.0457538161	0.0509356803	0.0873485343	-0.0324766244	-0.0536482557	0.0360978141	-0.0224611995	0.0096839714	-0.1094230837	-0.0287576717	0.1044102912	0.0469575846	0.0884914068990951	-0.0005560505352946	3.0919219780152224e-07	0.0078307290949812	0.0520836489747438	0.0130954701498922	0.0001714913384467	0.0027127064905243	0.10777758406185	-0.0290353860854395	0.0008430536451305	0.0116160076262091	-0.0045016587544512	0.0010472959963641	2.0264931541527128e-05	1.0968289040002728e-06	0.0019666272211458	-0.0002543579558768	6.469796971787499e-08	3.8676226269516506e-06	0.0021709421308206	-3.2403241839000507e-06	4.712989735371887e-06	1.0499700816767529e-11	0.0	0.0	0.0	0.0	0.0	0.0	0.0	0.0	0.0	0.0	0.0	0.0	0.0	0.0	0.0	0.0	0.0	0.0
1257.717479377398	1.2169167125080094	1581853.2579314357	1.4808862851813012	1533.4308807298794	7.677768883623685	58.94813503034008	2351410.2659760136	1188.1224201374832	1.605351760342728	1411634.8852333503	2.577154274435496	1208.07212855665	1349.0930841641082	1.092043	22.295101	0.0800313362711187	0.0457650318583228	0.0908987345	0.0727494745	-0.0107761445	0.0844466758	-0.0996691689	-0.0705562504	-0.0150049975	0.0526630229	0.0443615358	-0.0068861905	0.0488694616	-0.0439385644	0.065886344	0.0603947519	0.1398349965	-0.082408345	0.0850939883	0.0577546704	0.1018275682	0.0214104257	0.0773421555	0.1376201538	0.1021581576	-0.010108517	-0.0125111682	0.0714053034	-0.0600940881	-0.0014342817	-0.039043039	-0.0061342116	0.0131600833	-0.1177587168	-0.0485960067	0.0275132434	0.0495777854	-0.0601542944	-0.050044319	-0.0174344891	0.0259139415	-0.0041239078	0.0983845131	-0.0914388062	-0.0290230725	-0.0074291893	0.1069341953	-0.031991532	0.0956444774	0.0430640092	-0.0032028766	-0.0967307177	-0.0787197199	-0.0437111808	-0.0764124833	0.0106944984	-0.0479117639	0.0025602533	-0.0165300639	-0.0144398303	-0.1227688449	0.0732367856	-0.0401767914	-0.09819137	-0.032335349	-0.0259689347	0.0752201203	-0.070073227	0.045934727	0.0431993491	-0.0793703399	-0.0634471176	-0.0170092782	-0.1322721656	-0.0311933649	-0.159493736	0.0476664011	-0.0543003364	0.0743199839	-0.1105929159	0.0141728585	-0.0623078736	-0.1056939489	-0.0115034111	0.0288176483	-0.1094523177	-0.0287239855	0.0728850357	-0.0071782024	-0.0675596223	-0.0430056448	-0.0413484146	-0.1345981284	-0.056296844	-0.0737338758	-0.003147509	-0.0278745519	0.0521798262	0.0160470516	0.0767584997	0.0064138621	-0.0131943645	0.079424366	0.1152041008	-0.0674285949	0.1188739891	0.0011627703	-0.0338928125	-0.0555796204	-0.0633002144	0.1232964347	-0.0333920358	-0.0341055203	-0.0225573196	-0.020805534	0.0780387648	0.0307202732	-0.1306591281	0.0151133829	-0.0030767256	0.0429782726	0.0402907317	0.0476555241	0.1129010849	0.0110222264	-0.0708157161	-0.0276388125	0.0143626218	0.1092300291	-0.0150498971	0.092282221	0.0196356575	-0.0627909133	0.0590376662	0.1681423493	-0.0259109471	-0.0307603652	0.0932636742	-0.1610207656	-0.0607748536	-0.0539763241	0.0113895391	0.0375110402	0.0289800583	0.0697752887	-0.0187104883	0.0105839683	-0.023761061	-0.0118931153	0.0484601235	-0.0145447524	-0.0034957312	0.067970659	0.0432399355	-0.0692980216	-0.0099340535	0.0540871847	0.0188047741	0.007535757	-0.1100889337	-0.0224686191	0.1070412087	0.0369880768	0.0889951477086157	0.0005037408095206	2.537548031764753e-07	0.0079201363156783	0.0834513025759378	0.031367653601194	0.0009839296924444	0.0069641199016207	0.1203061637431091	0.0125285796812591	0.0001569653088296	0.0144735730345837	-0.0050288691905428	-0.0005272104360916	2.52895253355906e-05	2.779508439238956e-07	0.0021500580850846	0.0001834308639387	3.364688184533452e-08	4.6227497692376565e-06	0.0021729280743731	1.985943552499942e-06	4.721616416398788e-06	3.94397179371609e-12	0.0	0.0	0.0	0.0	0.0	0.0	0.0	0.0	0.0	0.0	0.0	0.0	0.0	0.0	0.0	0.0	0.0	0.0
1256.5266096865166	-1.1908696908813	1578859.1208502918	1.4181706206597229	1537.9132730711406	4.482392341261175	20.091841100996835	2365177.2354883887	1186.9105229572267	-1.2118971802565284	1408756.5895065975	1.4686947755137243	1206.972688838138	1335.5353448823562	0.975774	19.92135	0.2046488483796699	0.1129032895956241	0.1033802614	0.0620039496	0.0071335683	0.0382702559	-0.098600297	-0.057782231	-0.1077782647	0.0451516284	0.0504079509	-0.0111246073	0.0139116017	-0.1316138563	0.0415316432	0.1310494025	0.0691650488	-0.0560490145	0.0973761781	-0.0080981651	0.128422628	0.0352594236	-0.0525569712	0.1406356252	0.0593548409	-0.0141981812	0.0576308435	-0.1669911456	0.065668509	0.0445268292	-0.015579137	-0.0061779856	-0.0856426226	-0.0158034743	-0.0431807851	-0.0471156377	0.1884254226	0.0191506763	0.1008011053	0.0586911019	-0.0693045366	0.1242904428	0.1798745814	-0.0386909057	0.0312327068	-0.0476367109	-0.0166954956	0.1172812725	0.0233885073	-0.0127480916	-0.0789872837	0.1247508614	-0.0765174504	0.1146531555	-0.0216793265	0.0678089411	0.0284282759	-0.0105300464	0.0429525432	0.0762977105	0.119066159	0.0436050779	0.0002090048	-0.212579862	-0.0104314	0.0686361475	-0.1483254241	-0.1332093154	-0.0050594164	0.1286052442	-0.0395411107	0.0297483811	0.0417955742	-0.0566481215	-0.1137120741	0.0188290664	-0.034848211	-0.0778728782	0.0179959436	-0.1219177899	0.0538779582	0.0639602899	-0.1201814906	-0.0748944261	-0.1305347667	-0.0157428344	-0.055497792	-0.0411293489	-0.0054680819	0.0233502645	-0.0043100386	-0.0460813954	-0.0944129633	-0.0400553052	0.0469821262	0.150393051	-0.1086935296	0.2599228649	0.0590882732	0.0724089876	0.0477114688	-0.0852033955	-0.0614958671	0.0202462452	-0.0393948117	-0.0182623959	0.0807105944	0.0241431593	-0.0785905316	0.035924304	-0.0725909633	-0.0533846388	0.0378289459	0.0363649296	0.011100214	0.0441924903	-0.0906209594	0.0892380177	-0.0632060572	-0.1773399453	-0.0686561422	-0.0288954362	-0.0599451478	0.0879433029	0.0246151792	0.0088017577	-0.2617286208	-0.0320286553	0.1044984418	0.0776324038	-0.081930756	-0.0740308356	0.0029791528	-0.0159369166	0.257812645	-0.0466082329	-0.2021249999	0.0251543513	-0.0432621952	0.0002392196	-0.0523581777	-0.0133290014	0.1743991079	0.0116786469	0.0619662028	0.0340476008	0.0902447494	-0.0931111135	0.0698428039	0.1457632929	-0.0109630595	-0.0063092393	-0.0345686418	0.1061812251	-0.0208755084	-0.0093492548	-0.0658958307	0.0298969183	0.0053847087	-0.1105891995	-0.0161035399	0.1090283678	0.0266710879	0.0896214371042702	0.0006262893956544	3.922384071092756e-07	0.0080320019886346	0.1506318877577541	0.0671805851818163	0.0045132310253712	0.0226899656094646	0.1744690933189332	0.0541629295758241	0.0029336229402356	0.0304394645235306	-0.0062089268537752	-0.0011800576632323	3.8550772675530805e-05	1.392536088553511e-06	0.0023098072556853	0.0001597491706007	2.5519797507611573e-08	5.335209558416456e-06	0.0024867021250675	0.0003137740506944	6.183687458815221e-06	9.845415488917205e-08	0.0	0.0	0.0	0.0	0.0	0.0	0.0	0.0	0.0	0.0	0.0	0.0	0.0	0.0	0.0	0.0	0.0	0.0
1255.217598183674	-1.3090115028426226	1575571.2187899912	1.7135111145743014	1523.1377634062385	-14.775509664902074	218.3156858576146	2319948.6463141586	1185.0446117279157	-1.865911229310996	1404330.7317853663	3.481624715668871	1205.0083435019965	1334.8409063258568	1.147032	23.417765	0.2488100544989958	0.141355287714874	0.1121055296	0.0251888893	0.1650907413	0.1119677699	-0.0004978146	0.0523664122	0.0088195333	-0.0574013592	0.1097439181	-0.0408625883	0.021127598	-0.0896810446	0.0067496994	0.1118676528	0.0144645754	-0.1264671882	0.0115423924	-0.1036801738	0.2165344124	0.0369586455	-0.0090994873	-0.0238845633	0.1316184281	-0.0158883232	0.0261405054	0.0655050601	0.0328017783	-0.1070332551	0.1181706975	-0.0879494304	0.0483327822	-0.0677469485	0.0697395977	-0.1006440086	0.0676731774	0.0812173472	0.0995771058	-0.0768706142	-0.005127598	-0.058645544	-0.025399415	-0.0220149225	0.0032894671	0.0276520176	-0.0358098754	-0.0543877827	-0.0417815273	-0.0528078013	-0.0074847999	-0.1071739136	0.0958465685	0.0075346447	-0.1338398538	0.0122363648	-0.0445925431	-0.0119760707	0.0142460261	0.1161070379	-0.004626042	0.0294305491	0.0874386199	0.0078944912	0.0643361928	-0.0142011123	-0.0347574982	-0.0569247528	-0.0965534527	-0.006438397	-0.052462997	0.066857216	0.1345726441	0.1063816428	0.036589934	0.0121890555	0.0068667514	-0.062431045	-0.1251379356	-0.1321035152	0.157164408	-0.0773348398	-0.0124025456	-0.0132121859	-0.0105025256	-0.0865874589	0.0583582205	0.0130020581	0.1294921263	-0.0315562773	0.1049119413	0.0386549034	-0.1158830119	0.0795477432	0.0892923438	0.0196476337	-0.0416018424	-0.0611191613	-0.0797500113	0.0054285965	-0.072652531	-0.0862303927	-0.0117116642	-0.0420691832	-0.0075520851	-0.0090475654	-0.0197844217	0.0013291955	0.0698037885	-0.0746265503	-0.0594663672	0.0613529846	-0.0283297192	-0.0509732611	-0.0572096948	0.0071216919	0.1048210046	-0.0370545047	0.0682918641	-0.1317584228	-0.0609710241	-0.0499036985	0.0440019109	-0.0445215618	-0.0534129606	0.0204482163	-0.0189476217	-0.0656495787	-0.1314094579	0.0069811385	-0.1600105254	0.017025585	0.0030781252	-0.0299885046	0.1186968257	0.1786387181	-0.0230320512	0.0945818432	0.0041426517	-0.0836665675	-0.0309489133	-0.0387700074	0.0529557167	-0.0080048563	0.0855693491	0.0137865331	-0.0035550542	0.009837447	-0.0474337273	-0.1257237031	-0.0272295554	-0.0048238709	0.0016221236	0.015142459	-0.0374871658	0.0455465952	0.004013761	0.0570148322	0.0032316354	-0.1109231287	-0.0096839714	0.1103598175	0.0161035399	0.0888308815531644	-0.0007905555511057	6.249780793841924e-07	0.0078909255175123	0.0435701707572064	-0.1070617170005477	0.0114622112471053	0.0018983597798121	0.1236230732381358	-0.0508460200807974	0.0025853177580568	0.0152826642368414	-0.0049223224913187	0.0012866043624565	2.4229258708541933e-05	1.6553507854920969e-06	0.0021086715158431	-0.0002011357398421	4.045558584186914e-08	4.446495561728037e-06	0.0021722069900353	-0.0003144951350321	4.718483207558219e-06	9.89071899589217e-08	0.0	0.0	0.0	0.0	0.0	0.0	0.0	0.0	0.0	0.0	0.0	0.0	0.0	0.0	0.0	0.0	0.0	0.0
1257.4875695537664	2.269971370092435	1581274.9875822386	5.152770021039326	1526.4594005389806	3.3216371327421257	11.03327324161133	2330078.301493824	1186.0755144348482	1.0309027069324657	1406775.1259418898	1.062760391160685	1206.1816263222995	1345.948852205992	1.060894	21.659163	0.1181661974223855	0.0615703077289919	0.0932939666	0.0383327126	0.0166473651	0.0657485333	-0.0620438526	0.0214419383	0.0290151195	-0.0348552586	0.0568045304	-0.0156348741	-0.0478086781	-0.0348986461	-0.0135128154	0.0592816511	0.1444099342	-0.0735620814	0.0817143039	-0.0272848	0.2069881174	-0.0080570246	0.0394964395	-0.0081348356	-0.0507368347	-0.0715379959	-0.0405633136	0.0442483005	-0.0443204063	0.003728542	-0.0381986637	-0.0241548227	0.0149209378	-0.0306569396	0.0692971443	0.0016000268	0.0836332959	-0.0084093125	-0.0139541473	-0.056659194	-0.0310379363	-0.1128144063	-0.0608551759	-0.0888809145	0.0640119576	0.0797353683	-0.0432635511	-0.0737908541	-0.0143929244	-0.0127856097	0.1100834236	-0.054103669	-0.0001884616	-0.0816707696	-0.0141859219	0.0013574478	-0.0930374752	0.0449139107	-0.0206548466	-0.0380593446	-0.0574368609	0.0616504388	0.1638143549	-0.0376617428	0.0617324898	-0.0805007084	-0.0976669406	0.0782993146	0.0499740695	-0.1241237456	0.0448376785	0.0846251585	0.0685020079	-0.0309728398	0.002388888	0.1559241366	0.0219298247	-0.0763203664	-0.0076971835	-0.1233385283	0.1247061675	-0.0827900854	0.0435938731	-0.0561754181	0.0673008137	0.0329057009	-0.0217182858	0.0629053513	-0.0552853465	-0.0116857787	0.0190889786	0.0401260857	-0.0303913434	0.0740293067	-0.064608633	0.0600827856	-0.0379207149	-0.1087538744	-0.0393730732	0.101682894	-0.0120959175	-0.0412869663	-0.015263972	0.0057605003	-0.0263556479	-0.0110208691	-0.115108126	0.0063303006	0.065308058	0.0085437706	0.1179749997	0.0875611441	-0.0091855988	0.0012047737	0.0040967524	-0.0184439105	0.0534652987	-0.0489791391	0.0596515737	0.0036882746	0.0607490839	-0.0318144555	0.0798338603	-0.1204514002	0.0098241447	0.114974477	-0.0329647137	0.0415722332	-0.0389579101	0.0778362342	-0.0386345161	-0.1707464714	-0.0640671144	0.0027769869	0.1191339259	0.0096416346	0.001184047	0.0906014136	-0.1557183433	-0.0846213611	-0.0261690835	0.0500326223	0.0762543363	0.0566570071	0.0943819394	-0.0334786543	-0.0058834627	-0.0199708911	-0.0616424239	0.0238264716	-0.0819851545	-0.033240255	0.0009743372	-0.0186029077	0.0111223954	0.0217865811	0.0702138218	-0.0041311156	0.0010773469	-0.1110902189	-0.0032316354	0.1110275503	0.0053847087	0.1003540049836431	0.0115231234304786	0.000132782373594	0.010070926316257	0.0919611018698844	0.048390931112678	0.0023416822139519	0.0084568442571232	0.1066571855782569	-0.0169658876598789	0.0002878413440876	0.0113757552354747	-0.0045793474673527	0.0003429750239659	2.097042322674959e-05	1.176318670644782e-07	0.0021846114619068	7.593994606370016e-05	5.76687540815769e-09	4.772527239494566e-06	0.0025790171243926	0.0004068101343572	6.6513293279102745e-06	1.654944854158042e-07	0.0	0.0	0.0	0.0	0.0	0.0	0.0	0.0	0.0	0.0	0.0	0.0	0.0	0.0	0.0	0.0	0.0	0.0
1259.4867293466114	1.999159792844921	1586306.8214002242	3.9966398773277474	1535.831378760419	9.37197822143844	87.83397578311641	2358778.02398513	1188.3551380405615	2.2796236057133683	1412187.934107402	5.196683783725619	1208.4473324951944	1338.3949593839343	1.097604	22.408644	0.1341200347425536	0.0663715650978152	0.06965501	0.0876496294	-0.0563536796	-0.0292695508	-0.1025757242	0.0574430844	0.0662840729	0.0310302118	0.0348457197	-0.0381479208	-0.1205492515	0.0341256502	0.0857360635	0.0803321315	0.0341890378	-0.0139694393	0.0464933584	0.078883427	0.0821867517	-0.0540276708	0.1088827361	0.1151696159	0.0047332824	0.0136674136	0.0016290299	-0.0798894524	0.008133541	0.0488942914	-0.0928752684	-0.0181078102	0.0919100219	-0.0775255154	-0.0279539923	-0.014113595	-0.0414904368	-0.0812305596	0.0287899704	0.0489363093	-0.0136010109	-0.099856401	-0.0241494705	0.0402918342	0.0310055641	0.0120861315	0.0166482674	-0.0289266434	0.1716542621	0.0084806367	-0.0329252151	-0.1974676762	-0.0439801376	-0.0191105363	0.0234649999	-0.0136747566	0.019786196	-0.1754985523	-0.0942536203	0.0302989531	0.1627457331	0.0033100436	-0.0127832787	0.0261001803	0.0478058991	0.0736112426	0.0364787931	-0.0387809505	-0.0264765731	-0.1784207894	0.0113330472	-0.0403728518	-0.1664415675	-0.0213507819	-0.0118074468	-0.0587849981	0.0324815486	-0.0433350261	0.0967702342	-0.04892045	0.0106097017	-0.1082491094	-0.0716545505	0.0028063544	-0.057493775	-0.013689023	-0.0588899931	-0.0397029678	-0.1641331277	-0.0442984628	0.05921295	0.0604303316	-0.0656350086	0.0150017047	-0.0230852985	0.0578688133	0.1265234043	-0.0143303129	-0.0345199053	0.0432175828	-0.0130165855	0.0810188755	-0.0122204611	-0.0335209976	0.0337394775	0.0087072097	0.0139959975	0.0199066184	-0.0185351342	-0.1583936362	0.1293894426	-0.1111311808	0.017033344	-0.0873252909	0.0393620808	-0.0049474619	0.1607780439	0.0604287912	-0.0099973208	-0.0158679149	-0.1229032621	0.1029188147	-0.1551719343	-0.0598860148	0.0137732767	-0.0329255541	0.0516263304	-0.1030332835	-0.066392695	0.0364902776	0.1943304081	0.0259926109	-0.0832358286	0.0892264863	0.1281498036	-0.0293243673	-0.0606424567	-0.0276419253	-0.0489202838	-0.0832957211	-0.0456238735	-0.0462355408	-0.0675350892	0.1648040675	0.1057872292	-0.0623358051	0.0254284677	-0.0104022706	0.0256553152	0.0923718042	0.0487067055	0.093760283	-0.0351041159	-0.0416204929	0.0623828379	0.0255458083	-0.0512657208	0.0400059698	-0.0010773469	-0.1110902189	0.0032316354	0.1110275503	-0.0053847087	0.0734062879077583	-0.0269477170758847	0.0007261794556019	0.0053884831043967	0.0822698828316532	-0.0096912190382312	9.391972644697508e-05	0.0067683336211339	0.1240539180396496	0.0173967324613927	0.0003026463003332	0.0153893745809881	-0.0054260288922956	-0.0008466814249428	2.944178954002661e-05	7.168694353433389e-07	0.0018366245699259	-0.0003479868919809	1.210948769905267e-07	3.3731898108554968e-06	0.0021719981179755	-0.000407019006417	4.717575824489115e-06	1.6566447158476305e-07	0.0	0.0	0.0	0.0	0.0	0.0	0.0	0.0	0.0	0.0	0.0	0.0	0.0	0.0	0.0	0.0	0.0	0.0
1257.6869227431248	-1.7998066034865587	1581776.3956390708	3.2393038099538227	1540.9082014357666	5.076822675347557	25.77412847692313	2374398.0852520093	1186.6038080991432	-1.751329941418362	1408028.5973953882	3.067156563708444	1206.6019158703768	1348.7955660665182	1.102131	22.50106	0.0923429534459944	0.0642655320927045	0.0819330199	0.0664425198	0.0233585711	0.0793633006	0.0011999834	0.0106639553	0.0263115155	0.043220935	0.0685103898	-0.0133942848	-0.0765981879	-0.0282332834	0.0317169749	0.0931472777	0.0586196871	-0.0466542304	0.000571523	0.020534798	0.1391387065	-0.1206501252	0.1139870034	-0.009309253	0.0493192567	0.0609900687	-0.0884134792	-0.0033717762	-0.0066180657	-0.0255663081	0.0108642321	0.1019074426	0.0383329162	-0.0649880431	-0.0350672701	0.0086894597	-0.1718217898	0.0160899023	0.2071740627	-0.0468206568	-0.0596165024	-0.1138577025	-0.0239153942	0.1815822529	-0.025297647	-0.0449058996	0.1443659612	0.0114987868	0.0120410012	-0.0419135777	0.0331700295	-0.044264126	-0.0468614111	0.002786861	-0.0458962849	-0.0276417807	-0.0388929825	0.1295096468	-0.0036459051	0.0792670611	0.044866667	0.0671469437	0.0207010529	0.0801210881	-0.0127135289	-0.0883916069	0.0321191143	-0.0491169806	0.1143172938	-0.0122662641	0.0034439629	-0.0933439475	-0.1158739253	-0.0207466312	0.0499137062	0.0776894903	0.0874343745	-0.1089982747	0.0621953161	-0.0593252916	0.0816562525	-0.1390508833	0.0439561853	0.0921904702	0.0121590358	-0.0111324423	0.0195266123	-0.0639441176	-0.0951728187	-0.1185548364	0.0132082446	-0.0696202429	0.0160316638	-0.0019028107	0.1036277427	-0.0943825939	0.1567941823	0.0250128695	-0.1530586541	0.0840192657	0.0284309889	0.0208790825	0.0008422168	-0.135085569	0.0597415249	0.1645126238	0.0573249499	-0.0950300151	-0.0222402939	0.0307462216	-0.0146826813	0.0339573821	-0.057602468	0.0107490869	0.0453728733	0.0405165149	0.0331605047	0.0312634166	0.0398563274	0.0511455048	-0.0499939035	0.030976596	0.2087431492	-0.0549187879	-0.0888495797	0.041788289	-0.0270791544	0.0069839722	0.0258762854	-0.0386665243	0.0323073257	0.0928087162	-0.0402051134	0.0090763698	0.0766299421	0.1042103902	-0.0035300031	0.064803558	-0.0491973135	-0.0896009424	0.022598772	-0.1093366748	-0.0733478029	0.0578525092	0.0695571887	0.0179379116	-0.0436666872	0.0929991084	-0.0092348041	0.0021337875	-0.0429187363	0.020009764	-0.0590387613	-0.0078822559	0.1307989634	0.0083613829	-0.0435771753	-0.0322718118	-0.0032316354	-0.1109231287	0.0096839714	0.1103598175	-0.0161035399	0.0768117373271906	0.0034054494194322	1.1597085748311784e-05	0.0059000429912213	0.0460218150759601	-0.036248067755693	0.0013139224160213	0.0021180074628858	0.1230682031462606	-0.000985714893389	9.716338510488882e-07	0.0151457826256492	-0.0043960148227653	0.0010300140695303	1.932494632197223e-05	1.0609289834303697e-06	0.0018387429520723	2.1183821464001995e-06	4.487542918187117e-12	3.380975643795557e-06	0.0021700561421026	-1.9419758728999453e-06	4.70914365987722e-06	3.771270290925505e-12	0.0	0.0	0.0	0.0	0.0	0.0	0.0	0.0	0.0	0.0	0.0	0.0	0.0	0.0	0.0	0.0	0.0	0.0
1255.4332783872785	-2.25364435584629	1576112.71648223	5.078912882637843	1528.2136253486874	-12.694576087079213	161.1522620306434	2335436.884701378	1184.8362897727825	-1.7675183263606868	1403837.033562533	3.124121034020884	1204.7999621678605	1345.1619230652896	0.980119	20.010057	0.1089379401535116	0.0717028534599102	0.0719333641	0.075132001	0.0085665768	0.0435303455	-0.0925164408	-0.0342643273	0.0354895051	-0.0135226177	0.0671663756	-0.0079158949	0.0259487107	0.0549343808	0.0071455394	0.0175254915	0.1721822217	0.0335238025	0.0543480212	-0.08155601	0.1107662678	-0.1150707739	0.0838816801	0.0215304427	0.0112712357	-0.0650310187	0.1346746501	-0.0294860084	-0.0036589489	-0.0175856483	0.1833889293	-0.0210185327	0.0754393229	0.1099991774	0.0661086636	0.0503440704	0.068709805	-0.0137273682	0.0778132997	-0.055013788	-0.057273575	-0.0315214613	0.037809955	0.1123867785	-0.1373969978	-0.094216691	0.1502864079	-0.0369455445	0.1163801876	0.0506078003	0.0701441677	-0.0610615437	0.0374836555	-0.0796746166	0.0956388716	0.1219616591	0.0668189605	0.0989382263	-0.0532579435	-0.1660687498	0.024311385	-0.1677017063	0.0551677848	0.1545859794	-0.0958982817	0.0365828394	-0.0181113222	-0.0305538043	-0.102064789	-0.0280059752	0.110226193	-0.1466837326	0.0067019682	0.0084482662	-0.0404901807	-0.0481105674	-0.0686079001	-0.1259512339	-0.0281016412	-0.0194506408	0.0753902687	-0.0850383225	0.025897245	-0.0116805138	-0.0023186974	-0.06497183	-0.0962052149	0.0196202628	0.0625786787	0.0186900055	0.2178078462	0.034513867	0.1043692473	0.042076709	0.0988966479	0.0227530976	-0.0312064603	0.0810249425	-0.2049864571	-0.06977471	0.0595885514	0.0994327659	0.1154485779	-0.0114026728	-0.1183902433	0.1030306593	0.0251111014	0.047933464	0.0143935088	-0.0004706343	0.1112616683	-0.0317500124	-0.0574393015	0.0450433209	-0.0624703558	0.0422000743	-0.0510231862	0.1249736794	-0.009978789	0.1359393271	0.1870703172	0.0804828737	-0.0852620414	-0.0747587409	-0.0214081659	0.0175757982	0.1129213967	-0.1683345945	-0.0099540403	-0.0572388145	0.0381635272	0.0008356822	-0.064166351	0.0379896989	0.0834040792	0.0248696699	-0.0063092826	-0.0032887305	-0.1479917584	-0.0960490119	0.0284633865	-0.0102733688	-0.0253282416	0.0770035883	0.1425787358	-0.0115598152	-0.0819368171	0.0036461535	0.0012534757	0.1006348997	-0.0241527841	-0.0991506312	-0.0570046574	-0.0486129082	0.014820205	-0.0179503442	-0.0138464764	0.0322678667	-0.0053847087	-0.1105891995	0.0161035399	0.1090283678	-0.0266710879	0.0883340814003332	0.0115223440731426	0.0001327644129398	0.0078029099368406	0.1142087477868187	0.0681869327108586	0.0046494577925151	0.0130436380710331	0.1143406903768351	-0.0087275127694255	7.61694791404852e-05	0.0130737934758512	-0.0042008953950541	0.0001951194277111	1.7647522120186745e-05	3.807159107034599e-08	0.001681830234383	-0.0001569127176893	2.4621600972641983e-08	2.828552937284777e-06	0.0022280470087038	5.799086660120004e-05	4.964193472993952e-06	3.3629406091581783e-09	0.0	0.0	0.0	0.0	0.0	0.0	0.0	0.0	0.0	0.0	0.0	0.0	0.0	0.0	0.0	0.0	0.0	0.0
1255.2311175944224	-0.2021607928561479	1575605.1585773423	0.0408689861682263	1528.059883303306	-0.1537420453814775	0.0236366165180802	2334967.006960913	1185.54847716444	0.7121873916576078	1405525.1917069228	0.5072108808360668	1205.2549400812463	1329.0715955321818	1.035873	21.148335	0.0376296090751922	0.0188059811954786	0.0904544502	0.0468772861	0.0018076719	0.0052459297	-0.0831017882	-0.0047900898	-0.0698448037	-0.0044195489	0.0965575699	-0.0228191199	0.0351969214	0.0318879171	0.0522189464	0.0026151133	0.0845778855	-0.0567360514	0.0132002971	-0.0574890616	0.1377332413	-0.0090669741	-0.0108847077	0.0275043334	-0.004477205	-0.0341777429	-0.0305904074	0.0577511324	0.0166907159	0.02952743	-0.0151095691	0.0556729152	-0.0464828557	-0.0646524177	-0.1192192595	-0.1440614947	-0.0097894656	-0.0842975364	0.0690488112	0.0024879796	0.0977631034	-0.0805038092	-0.0148005141	0.0224045976	-0.0250741545	0.0262459434	-0.0460127194	0.0309978367	-0.0083545537	0.0411301578	-0.0266772947	-0.0779278627	-0.0041391315	-0.0071664829	0.0283772605	0.0885651082	-0.0051277465	-0.0232081125	-0.035044894	-0.1225282829	0.0682903229	-0.0950167014	-0.0678173523	-0.1722978757	-0.0498074061	0.0106347115	0.0294741756	0.0912682933	0.0450384709	-0.0171680679	0.0627521416	0.2388944173	0.0401094375	0.1248642876	0.0939542874	-0.0003260695	0.065760997	-0.0834077303	-0.0351445657	-0.1036632311	0.0772379094	0.0121270418	-0.0084273623	-0.0383257905	0.0520079676	-0.0359219702	0.0324548233	0.0109264682	-0.0332511644	-0.0792668873	-0.0471328748	-0.0768170837	-0.0604644037	-0.0805107835	-0.0178118305	0.1292647548	0.0761467493	-0.0199320332	-0.0310797486	0.0141858976	-0.1125074991	0.0127259719	0.027839013	-0.0607373978	0.099822448	-0.0298923442	0.0383850619	0.0346236285	0.0361276137	-0.023971524	0.0461596997	0.0446738124	0.0123029812	-0.0826229312	-0.0309297743	0.0834343373	0.0035855179	0.1046200089	-0.1493125149	0.0603268261	-0.0386549981	0.0467758945	-0.0326611707	0.1430183675	-0.0061621389	0.0359998327	0.1005507643	0.1220329599	-0.1873792025	0.1136967228	-0.0858322047	-0.0506826797	0.0019462126	-0.0543162464	0.1020443367	-0.0247702428	-0.075890508	-0.0543107356	-0.0418413537	-0.0636839002	0.0773944915	0.0316411972	0.1755846188	0.0091217843	0.057894286	-0.0640851422	-0.1004844429	-0.0078325253	-0.1158704948	0.1148240584	0.1204181988	-0.1741466815	0.0410809119	-0.0427197575	-0.0483677123	0.0008085012	-0.0360045475	0.1072127216	-0.007535757	-0.1100889337	0.0224686191	0.1070412087	-0.0369880768	0.0884934233388037	0.0001593419384704	2.5389853355533156e-08	0.0078310859742207	0.1246747460343016	0.0104659982474829	0.0001095371193163	0.0155437922987176	0.1008016828140512	-0.0135390075627838	0.0001833047257851	0.0101609792581445	-0.004255016088277	-5.4120693222899606e-05	1.8105161911496102e-05	2.9290494349272114e-09	0.0018388941177489	0.0001570638833659	2.466906345797704e-08	3.381531576291505e-06	0.0021699263587635	-5.812064994030041e-05	4.708580402456621e-06	3.378009949482942e-09	0.0	0.0	0.0	0.0	0.0	0.0	0.0	0.0	0.0	0.0	0.0	0.0	0.0	0.0	0.0	0.0	0.0	0.0
1256.0155289209654	0.7844113265430224	1577575.0088906123	0.615301129208984	1519.8946068199882	-8.165276483317712	66.67174004902125	2310079.6158404867	1185.8838739363598	0.3353967719197044	1406320.5624623082	0.1124909946141582	1205.7328156830993	1331.4658178079665	1.114657	22.756784	0.1586257269194506	0.1030530391179638	0.1002979287	-0.0217666812	0.1249055785	0.0509154035	0.0097546363	0.1064182461	-0.0118182046	-0.1291152533	0.0815964025	-0.0141260509	-0.0213933114	-0.0839768797	-0.0505042556	-0.0041435641	-0.0232122222	-0.0609596039	0.0125896056	-0.0447199809	0.1129527142	0.0911459787	-0.0175793849	-0.0380031395	-0.0017289027	-0.044443885	-0.0089887071	-0.0536834971	0.0290049898	-0.1103332456	0.0910318619	0.0225772593	0.1076194612	0.0614604555	-0.0354251348	0.0887520239	0.1191925793	0.0076090755	-0.0559243005	-0.0196494564	0.0319527835	-0.0330132924	-0.1215427287	0.0562467829	0.0872312071	-0.05558074	-0.0871002592	0.0656002793	-0.0455037579	0.0346923286	-0.0386969926	0.149838367	-0.117317817	-0.0055419943	-0.0271143312	-0.1034403271	0.0199131265	0.1253572785	0.0330973659	0.1991541361	-0.1596368137	-0.1166854243	-0.1696868432	0.0225925399	0.0170847096	0.0755036261	0.0167744516	0.1059708639	-0.0557928504	0.0495737587	-0.0429827622	-0.0272214099	0.0303786675	-0.0055092482	0.0377886355	0.0758503307	0.0336984203	0.0319195198	-0.1073902816	-0.1030467205	0.0830827689	-0.0574861253	-0.0095578116	-0.0699989494	-0.013972249	0.0804454528	0.0324377093	-0.0510457379	0.1085428361	-0.0320646839	0.1436412268	0.1025835493	0.0477587347	-0.0364339664	-0.0506441424	-0.0279758198	-0.1145734447	-0.0151610253	-0.0566382962	0.0039810265	-0.0248396589	0.1174812766	-0.0767721236	-0.0256218629	0.0520409114	-0.1016528889	0.0329556927	-0.0635467116	-0.0845346395	0.0517297478	-0.0762341754	-0.0456432813	-0.0632369548	0.2232128291	0.028884355	-0.0155566698	-0.1173826882	-0.1494044297	0.0967658152	-0.0110389376	-0.1136385646	-0.0742534692	-0.0582481486	0.1428969848	-0.0246132345	0.0422616951	0.1129519353	0.0765035606	0.1222092068	-0.0309197906	-0.1113398834	0.0244756984	0.0825787777	-0.0174409419	0.0764264232	0.074465517	-0.0581139453	-0.0191628299	0.1187014908	-0.0591001872	0.0016740135	0.0670547339	0.1082572341	0.0374717721	-0.0724557865	-0.0454833969	-0.019742415	0.1301465427	-0.1008675027	-0.1264439448	0.059366164	0.0606857343	-0.0923190529	-0.0259109212	0.1334417858	0.0685926283	-0.1067950352	0.0228476837	-0.0096839714	-0.1094230837	0.0287576717	0.1044102912	-0.0469575846	0.0707319876919996	-0.017761435646804	0.0003154685962355	0.0050030140828611	0.030141240532302	-0.0945335055019996	0.0089365836624965	0.000908494380826	0.1015371360276731	0.0007354532136218	5.408914294267727e-07	0.0103097899927021	-0.0048532303396595	-0.0005982142513825	2.3553844729791463e-05	3.578602905571255e-07	0.0017653309400844	-7.35631776645001e-05	5.4115411080988055e-09	3.116393328019271e-06	0.00192979713667	-0.0002401292220934	3.724116988699731e-06	5.766204330322935e-08	0.0	0.0	0.0	0.0	0.0	0.0	0.0	0.0	0.0	0.0	0.0	0.0	0.0	0.0	0.0	0.0	0.0	0.0
1259.402500174129	3.386971253163665	1586094.657444847	11.471574269757047	1528.4706276014194	8.576020781431225	73.54813244354024	2336222.459440277	1185.957413384249	0.0735394478892885	1406494.986361059	0.0054080503958613	1205.857051321102	1344.3944582526713	1.154567	23.571583	0.0964425750213928	0.0585280799904922	0.1004255443	0.0287117017	0.0472467081	0.0576161857	-0.0432067065	0.0741012156	0.098574846	-0.0436328064	0.0741628896	-0.0450258307	-0.1247318288	0.0619728995	-0.0149024312	0.0153355247	0.0705663	-0.1945826943	0.0137362718	-0.0399691256	0.1593301543	-0.0448946406	0.1513014277	-0.1154860139	0.020108717	0.0531153709	0.0320927945	0.0420331381	0.0151314539	0.0121242051	0.033888246	-0.1084650041	0.0067531698	-0.0994248653	0.0798982273	0.054541448	-0.1437010711	-0.0691135953	-0.0674946667	-0.0543821284	-0.0740930708	-0.0514493592	-0.004165889	0.0564554067	-0.0195099925	0.0719066715	-0.0762456288	0.0960256042	-0.1100049871	0.0627005537	0.0232993335	-0.1281585673	0.0084408936	0.0818200945	-0.0538685623	-0.1263780174	0.0144064194	-0.045686968	-0.1084163853	-0.0246419463	-0.0360129734	-0.0138583894	-0.2250376636	0.0773851076	-0.0103045843	0.0639949937	0.0782650825	0.0177064778	-0.0817528008	0.1027223065	0.0280303358	0.0394001879	0.088814464	-0.0023258245	0.0099789653	-0.0474808854	-0.0205737544	-0.0654335463	-0.0398431993	-0.0696139144	0.0723008024	-0.1884507452	0.1444925736	0.0391597818	-0.0059522014	-0.0457633225	0.0295892236	0.062985751	-0.0145015538	0.0439382617	0.0730673554	-0.0490106212	-0.0447867824	0.1052694199	-0.0445147333	-0.0893501854	0.1062272789	-0.0705909577	-0.0380470007	-0.0002907812	0.102711502	0.0011877623	0.0191377824	0.0459803379	0.1391108046	-0.0417228792	0.0939046993	0.0557153255	0.0805919438	-0.0580990247	-0.0402628077	0.0819505516	-0.1073260654	0.0088152472	0.1351602387	-0.0305560886	0.0652247983	-0.0869780882	0.029155751	0.0173597245	-0.0049183892	0.1223528773	-0.1673930341	0.0895782651	0.0851198505	-0.102108066	0.0446773639	0.1336877359	0.0148942835	-0.0361341165	-0.0665327841	0.0122315469	0.0146049589	-0.0593543896	-0.000838437	0.0701562484	0.0511187527	0.0721426802	-0.0488452818	-0.1753833129	-0.020563045	0.0664969511	0.0636706885	0.132157847	0.0295269682	-0.0714424994	-0.0584589539	0.112213059	-0.0111975063	-0.1191674666	-0.129160383	0.0374679045	-0.0282302524	0.0073868412	0.0873127744	-0.0206068539	0.1066163156	-0.0477200991	-0.0118285441	-0.1085926509	0.0349494174	0.1011514379	-0.0564859537	0.0702396517512937	-0.0004923359407059	2.4239467851077576e-07	0.004933608678143	0.029394596839964	-0.000746643692338	5.574768033081237e-07	0.000864042323384	0.0625228252204692	-0.0390143108072039	0.0015221164477611	0.0039091036735493	-0.0042640151506529	0.0005892151890066	1.8181825204997475e-05	3.471745389560834e-07	0.0014169969397359	-0.0003483340003484	1.2133657579878877e-07	2.007880327220906e-06	0.0021160336389378	0.0001862365022678	4.477598361116348e-06	3.468403477694429e-08	0.0	0.0	0.0	0.0	0.0	0.0	0.0	0.0	0.0	0.0	0.0	0.0	0.0	0.0	0.0	0.0	0.0	0.0
1258.9225890416687	-0.4799111324603018	1584886.0851993784	0.2303146950593293	1531.9718531216438	3.5012255202243523	12.258580143470288	2346937.7587569635	1187.2531202288949	1.2957068446457924	1409569.9714932467	1.6788562272619558	1207.0488849900644	1352.9062220033486	1.015382	20.729992	0.0574319466194468	0.02948055555776	0.0563170349	0.053718405	-0.0619879778	0.0388215277	-0.0577200047	0.0346898332	0.0804534713	0.0194859652	0.0306092557	0.0088429093	-0.0785588337	0.0994914956	-0.0263402321	-0.0841902413	0.1214032914	-0.0029785886	0.1034819197	0.0118071582	0.0159237695	-0.092124217	0.0585808327	0.00469262	0.0388577897	-0.0161323943	0.0612982632	0.1566353736	-0.0578721981	-0.0798942179	-0.0218708642	-0.0828968517	-0.0987197936	0.0529322576	0.0799265592	-0.0209144827	0.0396246866	0.0404861766	0.1040399798	0.0793067044	0.0508028036	-0.0388676626	-0.1179301258	-0.0629892941	-0.0001790295	-0.0644057795	0.0293947883	-0.0044370871	-0.0237270101	-0.1314636258	-0.058181181	-0.032391576	-0.014097992	-0.0792704536	-0.1113622309	-0.0771531766	-0.0575052693	0.0339956089	-0.0135495307	-0.0847348456	-0.002913671	-0.0447660747	0.127906362	-0.0554965581	0.1001042174	-0.022687333	-0.0410640428	-0.0580693732	0.0058954424	0.1639948093	0.0510239408	0.0518390366	-0.0562419943	0.055617798	-0.0462292896	-0.0076155379	-0.1020788056	-0.0421391453	0.0454659884	0.0017758932	0.0251289629	-0.0706396191	0.0017488972	0.0726139548	0.116375538	-0.1118135939	-0.0225409547	0.0404761816	0.0437563004	0.1288109612	0.0065524384	0.0305034076	0.0225892861	0.0466739988	0.0865862131	0.0663011368	-0.0221149822	-0.0712854101	0.0093755806	0.057138575	-0.1678061869	0.0019598954	0.0070360915	0.0372497142	0.022101269	0.037860329	0.0355786353	-0.1536694775	-0.0064300153	0.0045306375	0.0783983149	0.0768964311	-0.0212023296	0.0103192651	-0.1366061445	-0.0844383531	0.0834700743	0.0780158565	-0.0360729764	0.0044791119	0.0984950743	-0.1362531105	0.0042425029	0.0103250469	0.03092594	0.0130728407	-0.1587013139	0.0400065261	-0.0408868475	0.0343903023	-0.0787691801	0.0693339431	0.0031429851	0.0460835094	0.0157208186	-0.0380712936	0.0239859112	0.0109130823	-0.0774168294	-0.1099730215	-0.006978999	0.0035643899	-0.0556361994	0.1109584116	-0.0285844238	-0.0480270527	-0.0555059022	0.0899524291	0.0340045464	-0.0273872125	0.0327923066	0.0260702324	-0.0023172599	-0.0358266186	0.1256930415	-0.0314145253	-0.0247371625	0.0145658653	-0.0139686685	-0.1075988845	0.0410229053	0.0972842479	-0.0654836707	0.0753153806259092	0.0050757288746155	2.57630236086056e-05	0.0056724065588255	0.0408834723424007	0.0114888755024367	0.0001319942603104	0.0016714583107718	0.0780689046453488	0.0155460794248795	0.0002416805854846	0.0060947538725245	-0.0043612265795493	-9.72114288964e-05	1.902029727816729e-05	9.450061908079833e-09	0.0014182796810455	1.282741309600096e-06	1.6454252673545694e-12	2.011517253666525e-06	0.0017081025527935	-0.0004079310861443	2.9176143308596714e-06	1.6640777104286837e-07	0.0	0.0	0.0	0.0	0.0	0.0	0.0	0.0	0.0	0.0	0.0	0.0	0.0	0.0	0.0	0.0	0.0	0.0
1260.4221923525406	1.499603310871862	1588664.1029747848	2.2488100899778507	1546.0093346291794	14.037481507535633	197.0508870744048	2390144.8627605583	1187.0990533586898	-0.1540668702050425	1409204.1624850975	0.0237366004947774	1207.0324927182742	1342.0069321865274	1.115545	22.774914	0.1297706029228787	0.0666014329611951	0.018000616	0.1093646623	-0.0878029058	-0.1189148217	-0.046300047	0.0585867786	0.1393031231	0.0565447374	-0.0364778792	-0.0154665179	-0.1545479313	0.0751778684	0.042766203	0.0083661895	-0.0336473823	0.0114630185	-0.0709060256	0.0078641755	-0.0131823692	-0.1016268346	0.040679089	0.0008566908	-0.0749720356	-0.1193831149	-0.0361041656	-0.0314825753	-0.1170539562	0.0174462085	-0.0370032611	-0.0736366258	0.0960295379	-0.0511525783	0.0801284006	0.0599271311	-0.0266013774	0.0319426077	0.1276647875	0.0123961607	0.1611199135	0.0384734477	0.0094492309	0.0035522896	0.1541221714	0.1123225191	0.070022741	0.0043387418	-0.0883990355	0.0003488165	0.2339961343	0.1047333778	0.190373923	-0.0941597927	0.0829353725	-0.1015909242	-0.0194201988	0.0681627499	0.1162030972	-0.0388378508	-0.0191416553	0.0145174284	0.0098689447	0.0216133628	0.0929611732	0.0728790918	-0.0872024899	-0.1000489919	0.0410845113	0.0686767774	-0.0253565052	0.1070169256	-0.002342499	0.0146189043	-0.0079208419	0.0831323593	-0.0972036755	-0.0497507525	0.0495681394	0.0719546997	0.0369984464	-0.0607145633	-0.0168073468	-0.0386019149	0.074442939	0.0968817793	-0.1128166441	0.033605172	-0.0789913017	0.0152430821	0.0463908513	0.0645449818	-0.0129639928	0.0601822058	-0.0324186439	-0.1275696027	0.0166631773	-0.0171763983	0.0578238332	0.0092117217	-0.1783051855	-0.0839821122	-0.0750447899	-0.0518643672	0.0237368734	0.1106145787	-0.0939876778	0.2096635977	0.1347181953	0.1541766124	0.0016277279	0.0207401249	-0.0528962732	-0.10201473	-0.0995095008	-0.1871221403	-0.1373560212	-0.0006046413	0.0477663214	0.0305575796	0.0360613499	-0.034186882	-0.0350380742	-0.0452705678	-0.0972499484	0.1063496755	-0.1377700561	0.0068229456	-0.00418757	0.1317529936	0.0474189607	0.0589611799	0.0470767474	-0.0980771072	-0.0423060543	-0.0854082188	0.0260961425	-0.0676784105	-0.0638582217	-0.1156204444	-0.0425416461	-0.0500188805	-0.135280146	0.0592054664	-0.0637557755	-0.0706705793	-0.0733908698	-0.0960435187	-0.0087404582	0.0957525842	0.1457118548	-0.031012099	-0.0301980834	0.0095316131	0.0573013311	0.0748507045	0.0096912778	0.1153087458	-0.0161035399	-0.1064432791	0.0469575846	0.092831979	-0.0738662073	0.0653620061344781	-0.0099533744914311	9.90696637666714e-05	0.0042721918459235	0.0878005960413474	0.0469171236989467	0.0022012164961822	0.0077089446652158	0.0455975628617579	-0.0324713417835908	0.0010543880372267	0.0020791377389319	-0.0039689258547746	0.0003923007247747	1.5752372440698288e-05	1.5389985865875513e-07	0.0012531142099445	-0.000165165471101	2.72796328440153e-08	1.5702952231648283e-06	0.001456993489691	-0.0002511090631025	2.122830029001958e-06	6.305576157221533e-08	0.0	0.0	0.0	0.0	0.0	0.0	0.0	0.0	0.0	0.0	0.0	0.0	0.0	0.0	0.0	0.0	0.0	0.0
1260.0865876345897	-0.3356047179509005	1587818.2083365845	0.1126305267109035	1547.756098429362	1.7467638001826344	3.0511837736284786	2395548.9402252813	1185.0362359817657	-2.0628173769241585	1404310.8805898312	4.255215530540266	1205.2571050291424	1358.9694224025836	1.052037	21.478344	0.0907502082706729	0.0505256045841637	-0.0163354595	0.0997648734	-0.1103232786	-0.0640936309	0.0115993257	0.0255709758	0.0735447853	0.0766427956	-0.021915164	-0.0004971553	-0.1317735254	0.0320059106	0.0628318838	-0.0191658807	-0.0370773295	0.1048994448	-0.1239379947	-0.0771820167	-0.0738534898	0.0024661324	0.0791825322	0.1248638725	-0.0097861036	-0.0403526548	-0.0027616575	-0.0877933426	-0.0647809809	0.0368304124	-0.0417140267	0.1331369833	0.0275605358	0.0006371783	0.0005638501	-0.0499094479	-0.0370671444	-0.030415558	-0.0913251968	0.0426471519	-0.0922116261	0.0214432862	-0.0714860506	0.0630964485	0.0453014625	0.0395962506	0.0139715234	0.1445474881	-0.0063470695	0.0805280854	-0.0090351823	-0.0564120164	0.1154647614	0.0644006885	0.1038409328	0.015813101	-0.0240001788	0.1343668947	-0.1629197848	-0.0967783498	-0.0166098382	-0.1008349866	-0.0044475132	0.052408714	-0.0401659502	-0.1218242811	0.002878703	0.0912714599	0.0645904155	-0.0578139197	0.0195480222	0.1420159956	-0.1277905971	-0.001004257	-0.0389596537	0.094796083	0.0113693071	-0.0684404615	-0.0312438307	0.0699157726	-0.1092015946	-0.0236370007	-0.0798850645	-0.0470859843	-0.035371569	0.0548536728	-0.1051798007	-0.0284613511	-0.0463683176	-0.112743769	-0.0602998903	0.0138678759	0.0592809891	-0.0216670068	-0.0094548622	0.0402540051	-0.0011762756	-0.0819743809	0.0128378265	-0.0478977303	0.086298819	0.0368909911	-0.1074161958	0.0091902257	0.048135708	0.0601629224	0.1363282067	0.0624495566	-0.0310105803	-0.0777989509	0.0067299217	0.1763893406	-0.0658264996	0.0001004892	0.0978531466	0.0332435854	-0.0749292711	0.0167758693	-0.086046095	0.1925583632	0.0695794529	-0.0569836574	0.0161570063	-0.0823296898	-0.0354794493	0.0418203986	0.0825709596	0.0204238409	-0.035481451	0.1515519579	0.1364088381	-0.0651990908	0.0664004	-0.0663844673	-0.0190099665	-0.0931319566	-0.0087756368	-0.0927103646	0.0348889093	-0.0548806468	-0.0831920636	-0.1004830133	-0.0063719225	-0.0298196792	-0.0625566001	-0.0917679389	-0.1087281926	-0.1010847159	0.0531959316	0.0189257589	0.1166828525	-0.0145631104	-0.1317115277	-0.0065049093	0.1962207838	0.0893656296	-0.0178520362	0.0125829969	-0.0182323554	-0.105127573	0.0527333744	0.0878214077	-0.0815548146	0.0290343926113934	-0.0363276135230846	0.0013196955042826	0.0008429959543125	0.0863490024888449	-0.0014515935525025	2.1071238416668374e-06	0.0074561502308185	0.0622623732841987	0.0166648104224408	0.0002777159064158	0.0038766031269809	-0.0043862396366566	-0.000417313781882	1.923909815017742e-05	1.741507925486575e-07	0.0011512657468264	-0.000101848463118	1.0373109439518964e-08	1.3254128198157487e-06	0.0012500319192382	-0.0002069615704527	1.562579799114338e-06	4.2833091644289255e-08	0.0	0.0	0.0	0.0	0.0	0.0	0.0	0.0	0.0	0.0	0.0	0.0	0.0	0.0	0.0	0.0	0.0	0.0
1257.929260007449	-2.157327627140603	1582386.0231828885	4.654062490824105	1545.5108686201183	-2.2452298092437104	5.041056896316548	2388603.8450229126	1185.344616899417	0.3083809176512204	1405041.8608124254	0.0950987903714088	1205.590955858834	1360.4036798193542	1.12371	22.941614	0.1631623161373825	0.0856884876294857	-0.0708473383	0.0980306862	0.0232736614	-0.0169687501	0.1135705533	-0.0570569282	0.0654121352	0.0606022441	0.007233533	-0.0529120224	-0.0603210565	0.0268709161	-0.0226081172	0.0213851232	-0.0318229768	0.0616132782	-0.1579761146	-0.1142210867	-0.1277915381	-0.1261016298	0.0063167811	-0.027018433	-0.0293652443	0.0331304392	-0.1198890279	-0.1599950161	0.0667149467	0.0244599466	0.0226901441	0.103058296	0.0191742866	-0.0961216557	0.118334787	0.0477396785	0.0774070662	-0.1991717879	0.1086006647	0.1150025253	0.0907134404	0.0331216448	0.0379743168	0.0599170369	-0.0163774174	-0.0826559087	-0.0417422247	0.0727666632	-0.0958590065	0.0790889547	-0.0425177982	0.050714403	0.0063991248	0.1232180359	0.0404491761	0.0583186144	-0.0067888956	0.0569533142	0.0969393484	-0.1024371177	-0.1242592311	0.0940286664	0.0815925858	-0.0156958833	-0.024664024	-0.0611980513	0.0126954599	-0.0504199051	0.063545382	0.0510036763	-0.0731747748	0.0337233751	-0.0028923901	0.0148810629	-0.0817752196	0.0211639578	0.070307928	-0.1081712146	-0.0384428165	0.1718050383	-0.0465309761	0.0142519129	0.0001630221	0.0539322811	-0.0670008201	0.1530551204	0.0224404551	-0.0838476382	-0.0529089755	-0.1236568435	0.0249106432	-0.1070883563	0.0204570156	0.1439355131	-0.1579586109	0.0686142039	-0.020697626	0.159399171	0.0339485782	-0.0281994329	-0.0994351982	0.0007485324	0.0019242511	-0.0665057396	0.0239119921	0.0055133394	0.1474095768	-0.0179736917	0.0152382093	0.0859535086	-0.0186931605	0.0398440517	0.0276339391	-0.0614666086	0.0228087	0.0234955312	-0.1395918424	-0.0465644243	-0.0799024933	-0.0596929916	0.1577409393	-0.022004379	0.1156197836	-0.0353114733	-0.0830128861	-0.0798419766	-0.0572964696	-0.0386296041	-0.0264446811	-0.0505625038	0.0153133172	-0.0319720869	0.1029013297	-0.0351282808	-0.1127578727	0.066345489	0.0752840394	-0.0605052883	0.0351776908	-0.0294246903	-0.0645388348	-0.1195415536	0.044068916	-0.1133314239	0.0088840853	-0.0819067033	-0.0765929357	0.039328427	0.0450511987	0.0257584707	-0.0552275755	-0.0002687436	-0.0157563284	0.0413004736	0.1373985731	-0.0584813272	-0.1145426868	0.0172517282	-0.0203543145	-0.103653745	0.0583307311	0.0822826681	-0.0884772626	0.0430962349182806	0.0140618423068872	0.0001977354090637	0.0018572854641316	0.0262903184183471	-0.0600586840704978	0.0036070455322798	0.000691180842538	0.0469227586015961	-0.0153396146826026	0.0002353037786107	0.0022017452747836	-0.0033990522681771	0.0009871873684795	1.1553556321799887e-05	9.7453890048548e-07	0.0014861228742453	0.0003348571274188	1.1212929578323737e-07	2.2085611973551114e-06	0.0014020309248877	0.0001519990056494	1.96569071434146e-06	2.3103697718436692e-08	0.0	0.0	0.0	0.0	0.0	0.0	0.0	0.0	0.0	0.0	0.0	0.0	0.0	0.0	0.0	0.0	0.0	0.0
1257.9433372838914	0.0140772764423218	1582421.4398169343	0.0001981697120335	1518.3728408349402	-27.13802778517811	736.4725520690992	2305456.083785167	1186.5333163041655	1.188699404748604	1407861.310699761	1.413006274849686	1206.0611071313783	1372.9963393332364	1.29701	26.479692	0.0756432706471744	0.0375768549811431	-0.1376037686	-0.0166822634	-0.0170100668	0.0893365165	-0.024686747	0.0544302657	0.0065590113	-0.1069642284	-0.1129167336	0.0347058115	0.054454367	0.1553045466	-0.1203050005	0.0844862266	0.0673476334	0.0432572619	0.0438684946	-0.0679692957	-0.1158394167	0.0739596817	0.0235082736	-0.0110149485	-0.0303250749	-0.0240192168	-0.0107764364	-0.0443509818	0.0361377322	0.0131956766	-0.1572431998	-0.0773360233	0.1065720326	-0.2096129641	0.0285283172	0.1666438261	0.052886063	0.0828810211	0.0679316796	-0.1205224636	-0.0246406774	-0.056295248	0.0530744651	-0.1137544822	0.0235699947	-0.1172299044	-0.030039416	-0.0770554804	-0.0265713393	-0.087729354	-0.0536680416	0.0031810623	-0.009564003	-0.0541389666	0.1004851297	-0.0120958683	0.0912691635	0.0275397003	-0.0231016054	-0.0069920572	-0.0326270281	-0.0858547143	0.1963499538	0.0310701726	-0.1843326746	0.0235011803	-0.0133654749	0.1049962536	-0.0970521293	-0.0538957154	-0.0962692163	0.0349996605	0.0328161451	0.0933438208	-0.0065569279	0.0164959707	-0.1974495506	0.0525899145	-0.0936888462	0.0674949079	-0.0887101397	0.0103790283	0.028045462	-0.0039416792	0.0453650018	-0.049967987	-0.0339079372	-0.0241780171	-0.1906647024	-0.0079674426	0.0749514023	0.0196961905	-0.1881693158	0.0668873352	-0.1437135106	-0.1018542352	-0.1022782385	0.0497334332	-0.0629768327	0.0981070025	0.0373566385	-0.0638080432	-0.0391514459	0.0021647261	-0.1272523787	-0.0956944514	-0.013075958	-0.0764636947	0.0929249326	-0.0171153286	0.0333296434	-0.0962172161	0.1266316878	0.1401318975	0.0291928525	-0.0895316955	0.0490137633	0.0709909869	-0.0991903789	-0.0547074134	0.1157927819	-0.0641068052	0.0844464835	-0.0216416876	-0.0660337152	0.0921940988	0.1668692832	-0.110590759	-0.0536229424	0.0107357312	-0.052923396	0.0105373042	0.0815618125	0.0052315499	-0.1284543562	-0.054561115	0.1131218968	0.0143066852	-0.064643186	0.0261008168	-0.050207303	0.0476022804	0.0476007105	0.027396528	0.0413798761	0.123180013	-0.0568110245	0.0219981783	-0.0791087254	-0.0011297997	0.0224659431	0.0414958082	0.0446364863	-0.0531586952	0.094649803	0.098724368	-0.1075498067	-0.0986025906	-0.0224686191	-0.1020240119	0.0637307152	0.0762490709	-0.0945685192	0.053741466675973	0.0106452317576924	0.0001133209591749	0.0028881452404847	0.0331679769464159	0.0068776585280687	4.730218682871748e-05	0.0011001146947179	0.0182084314533028	-0.0287143271482933	0.0008245125835792	0.0003315469759896	-0.0032922310274522	0.0001068212407249	1.0838785138118969e-05	1.1410777470007052e-08	0.0011579432688215	-0.0003281796054237	1.07701853416121e-07	1.3408326138090206e-06	0.001248910706774	-0.0001531202181136	1.5597779534947323e-06	2.3445801195187043e-08	0.0	0.0	0.0	0.0	0.0	0.0	0.0	0.0	0.0	0.0	0.0	0.0	0.0	0.0	0.0	0.0	0.0	0.0
1259.471016349187	1.5276790652956151	1586267.241023654	2.333803326542484	1534.3039532589507	15.931112424010507	253.80034306646195	2354088.6209860444	1189.0688486740637	2.535532369898192	1413884.7268870634	6.428924398801541	1208.8221191657344	1343.8810700420468	1.451338	29.630451	0.1075838109224211	0.0610074484093761	-0.0717677491	-0.0841925305	-0.0855605302	-0.1771380178	-0.0808001631	-0.0082916438	-0.1149396224	-0.0238473034	-0.0415610731	0.0494518868	0.0282290266	-0.0927954855	0.0129877018	-0.0673601606	-0.0718482816	0.1027627263	-0.0473735396	0.1480287197	-0.0930111679	0.0246854114	4.39507e-05	-0.0047762287	-0.1702126425	0.0745467253	-0.0332754574	-0.0469700447	-0.0360482043	0.0472545962	-0.0217568995	0.0836824457	0.0836369208	-0.042745431	-0.0877064523	0.0142526094	-0.031563373	0.0212784357	0.054424552	0.0296214332	-0.0748332296	-0.0594509855	-0.0561485844	-0.0278247734	-0.104128327	-0.019531188	0.0183133854	-0.1267446952	0.1368369887	-0.0914971796	0.1323806551	-6.72286e-05	-0.006855422	-0.0804168875	-0.1029774598	-0.1024552769	-0.0050513029	-0.0251802008	-0.0357388408	-0.0619417769	0.0783321971	-0.0164738109	-0.0509490958	-0.0365933934	-0.0232130546	-0.0202813315	-0.0251131648	0.0316633307	-0.0560648366	0.0023558595	-0.101633627	-0.0183432704	0.0353110447	-0.2212181289	0.0076288006	0.1494270791	-0.0098637062	0.1111818703	0.1105214536	0.026080568	-0.1000379648	0.0322638014	0.050656201	0.0275199539	0.0180626706	0.1005270749	-0.0397380485	-0.0151104976	-0.1324096178	-0.0852619959	0.0778475662	0.0359538037	0.0229229073	-0.1017212518	0.0275464378	0.0483261016	0.0982017573	-0.012860071	0.0016024249	0.0055665239	0.0406339498	-0.0063019199	0.0436416118	0.0411060631	-0.0433626878	0.0330476246	-0.1564726632	-0.1189725979	-0.0688770795	0.11119368	0.0125810141	-0.0010724233	-0.0320801328	-0.0463180093	-0.0243500048	-0.1155125076	0.136301145	0.0272607543	-0.0123879142	0.0263807616	-0.0550047046	0.1308715978	0.0640209785	-0.0082525594	0.0648761182	0.0082702966	0.0607272545	-0.0720182385	0.1641391506	0.1136331629	-0.0173727519	0.0095979214	-0.0004654646	-0.1191095791	-0.0544406068	-0.1801766964	0.0195921166	-0.0649534051	0.053378498	0.0733752367	-0.0189915675	0.0959096375	-0.0219716925	0.0763731331	-0.0580604748	-0.0068070988	0.0182824881	-0.0300894709	0.0054228827	-0.0342599177	-0.0290368209	-0.0576599381	0.0023709164	0.0853839588	0.0553173004	-0.0261596478	-0.025128305	-0.0272787898	-0.0245744743	-0.100240825	0.0689150546	0.0697569027	-0.0997713604	0.050297044855057	-0.0034444218209159	1.186404168040228e-05	0.0025297927211516	0.0523580966371781	0.0191901196907622	0.0003682606937457	0.002741370283468	0.0332856257766707	0.0150771943233679	0.0002273217886645	0.0011079328833445	-0.004270771870475	-0.0009785408430228	1.8239492369640528e-05	9.57542181463772e-07	0.0010002800686086	-0.0001576632002129	2.4857684701373e-08	1.0005602156556255e-06	0.0015101481652858	0.0002612374585118	2.280547481116068e-06	6.824500972970445e-08	0.0	0.0	0.0	0.0	0.0	0.0	0.0	0.0	0.0	0.0	0.0	0.0	0.0	0.0	0.0	0.0	0.0	0.0
1259.26788340886	-0.2031329403271229	1585755.60218503	0.0412629914459424	1541.4768993813916	7.172946122440862	51.4511560754394	2376151.031326469	1187.7924288546762	-1.2764198193874563	1410850.8540444912	1.6292475553251065	1207.7119198878806	1359.422167552412	1.209842	24.700073	0.067096469880459	0.039411008992215	-0.1199966189	-0.0989861624	0.0063640352	-0.0292309893	0.0065145466	0.0549129834	-0.0813955907	0.0153419774	-0.085546376	0.0386575916	-0.0577277222	0.0216514606	0.0704250661	0.0363823648	-0.1495915612	0.0334902066	0.0578123615	0.0859190998	-0.0234657467	0.0608824873	0.0069646156	0.0024443494	-0.0110161122	0.102582745	0.0310504326	0.0382271913	0.0261074059	0.1818912845	-0.074773199	0.1686583573	0.0900916474	0.1050041783	-0.077755698	-0.0412296396	-0.0326465274	0.0400049841	-0.019876398	-0.0665969836	0.0419157033	0.0436036266	-0.1627708778	0.0100464225	0.0185061117	0.0802465907	-0.1080534618	0.0057831037	-0.0602916581	-0.157970734	-0.1694280154	-0.0405158036	-0.0374847225	-0.0097188046	-0.0689085553	0.0066550611	-0.0021800684	0.0270063254	0.0132336692	-0.0411597417	0.0761914463	0.183298238	-0.0292620313	-0.083500277	0.0123681506	-0.023248473	0.0026245758	-0.0148181544	-0.0128625371	0.0509487259	0.0662748451	-0.116798355	-0.0440124456	-0.0193121615	-0.0264313508	-0.0982743272	-0.0652721304	0.0803944425	0.0627832101	0.012681662	-0.0371118843	0.0270257454	0.0160832318	-0.0159235371	-0.1525625271	-0.0201085691	0.0731625315	0.0840093427	-0.1404407091	-0.0786066464	-0.0780984235	0.096585283	0.1524904746	-0.1456593865	0.0181982574	-0.0285825294	0.0089258604	-0.0767032107	-0.0211289438	-0.0201739042	-0.0526655957	-0.0544068365	-0.0573740686	0.0407684992	0.1750880491	-0.0969846038	-0.0641203853	-0.1100121686	-0.0072967447	-0.0948343647	-0.0441473574	0.0336910395	0.0345261596	0.0647823423	-0.1211515782	0.0238697796	0.0032125389	-0.0022196141	-0.0299422389	-0.0605982651	-0.0374330864	0.0884892917	0.0956483603	0.0024840819	0.1401265114	-0.0974665871	-0.0984590308	0.0509724883	0.0041942209	-0.0642755009	0.0465609721	-0.0138024603	-0.0880541015	0.0807959746	-0.0821929394	-0.0064178895	0.0260262211	-0.0515766775	0.1745869742	0.0704989203	-0.0194418724	-0.0241538299	0.0213909263	0.0804902053	0.0222734197	0.0775751141	-0.0456748471	0.0475090871	0.0812257115	-0.07629275	0.0806972551	-0.0300722535	0.0313679297	0.0696543015	-0.0111532004	-0.0399168495	0.1440039678	-0.039642699	-0.0266710879	-0.0983068664	0.0738662073	0.0628452084	-0.1040369087	0.053251472425785	0.0029544275707279	8.728642270677723e-06	0.0028357193155141	0.0239954502734036	-0.0283626463637745	0.0008044397087565	0.0005757816338233	0.0365986032802823	0.0033129775036115	1.097581993943654e-05	0.0013394577620674	-0.003751833117835	0.0005189387526399	1.4076251744083498e-05	2.6929742899155895e-07	0.0010009325543558	6.52485747199916e-07	4.257376502990328e-13	1.0018659783692265e-06	0.0016398852957455	0.0001297371304596	2.6892237832023058e-06	1.683172301991719e-08	0.0	0.0	0.0	0.0	0.0	0.0	0.0	0.0	0.0	0.0	0.0	0.0	0.0	0.0	0.0	0.0	0.0	0.0
1257.739363165996	-1.5285202428638058	1581908.3056572054	2.336374132844428	1535.6866347598334	-5.790264621558208	33.52716438766862	2358333.4401799818	1185.6923919728204	-2.100036881855885	1405866.4483822284	4.41015490515499	1205.8394520897202	1356.3713215519592	1.198166	24.461704	0.0836952290484602	0.0549074681085385	-0.1456969581	-0.0175554998	-0.008701664	0.0941103158	0.054954327	0.1164258542	-0.0382698685	0.0403584038	-0.1388160762	-0.0062450181	-0.0010379672	0.1487695104	0.0396235473	-0.0133861801	-0.1174056199	0.0728477848	0.0739048535	-0.1170897378	-0.1818394475	0.0209469185	-0.0238340686	0.0026143772	0.0260316286	0.06907955	0.0222220651	0.0277157741	0.1009196697	0.0734284657	-0.0155137439	0.0486456879	0.0390818631	-0.0377904818	0.0134991	0.0205461431	0.1164036631	0.1363787394	-0.1085052832	-0.0949150614	0.0870037979	-0.1749306222	0.0482803666	0.1715250087	-0.018201322	0.0720398859	0.075835132	0.0556235862	-0.0935700435	-0.1244684444	-0.0172201429	0.1370637548	-0.0321973334	0.0056467309	0.0680718173	0.1029371819	0.0510264625	0.0641327326	-0.0375759015	0.0178974374	0.0318655493	0.0895548421	-0.0244112843	-0.092337482	-0.0184461582	-0.0333417811	0.1005028076	-0.0374571071	0.1100103557	0.112312392	0.0048110686	-0.0332736185	0.194090313	-0.0525128808	0.1204056757	0.0078337055	0.068522139	0.0067181049	-0.0865929657	0.1586130604	-0.1130177413	0.0679919724	0.0055344829	0.0279958637	-0.0943113627	-0.0696722058	0.0748968512	0.0730811554	-0.0741336402	-0.0375616735	-0.0167966054	-0.0001074295	-0.0584771244	-0.0125230398	-0.0044983715	-0.0471524564	-0.2139555935	-0.0411022951	-0.0650145855	0.1072527634	0.0521675948	0.1338952518	0.0641291422	-0.0553591618	0.1165535885	0.0476032483	-0.102583135	0.0461849563	0.0576660149	0.0844884922	-0.1024903097	0.0087207213	0.0862248123	0.0675745054	-0.0191555169	0.1209859124	-0.0894778782	0.0513804812	-0.1228786802	0.0366068012	-0.0665502196	-0.0099993742	0.0843625564	0.0148697363	-0.026681255	-0.0709878541	-0.1119460655	0.1035212554	0.0348970955	-0.1774142534	-0.1419215979	-0.0479467067	-0.0187766562	-0.1032103752	-0.1382857139	0.0393620371	0.0915274075	-0.0256256527	0.0184053416	0.0513500173	0.0096225688	-0.0113187287	-0.0154307927	0.0589450113	0.1174383155	0.2085685117	-0.0240345219	-0.0813177627	0.0452578519	0.0131745865	0.1263942173	0.0135199868	0.073633165	0.0845622981	-0.0501879629	0.0217519704	0.0182011791	-0.0993360814	-0.0287576717	-0.0962250449	0.0785674201	0.0555555556	-0.1073250918	0.0597717113249558	0.0065202388991707	4.251351530226002e-05	0.0035726574747138	0.0504072755022235	0.0264118252288199	0.0006975845119177	0.002540893423557	0.0406499240164919	0.0040513207362096	1.641319970764193e-05	0.0016524163225465	-0.0028278236671082	0.0009240094507268	7.996586692257267e-06	8.537934650324426e-07	0.0010021964704864	1.2639161306000294e-06	1.5974839851909506e-12	1.0043977654553976e-06	0.0016309217789177	-8.96351682779981e-06	2.6599058489480757e-06	8.034463392225039e-11	0.0	0.0	0.0	0.0	0.0	0.0	0.0	0.0	0.0	0.0	0.0	0.0	0.0	0.0	0.0	0.0	0.0	0.0
1257.4300514207728	-0.30931174522334	1581130.3342160473	0.0956737557331084	1524.5020897115814	-11.184545048251948	125.09404793637718	2324106.6215349785	1186.1285396689486	0.4361476961282733	1406900.9126171926	0.1902248128380006	1205.82640161635	1350.850464354303	1.087907	22.210672	0.0661755479103371	0.0303125016703163	-0.1330908588	-0.0852981826	-0.0186389535	-0.0390487641	-0.0203540926	0.1460770885	-0.0773097708	-0.026815297	-0.1136116656	0.0058301322	0.0319387429	0.1083755762	0.1233373212	-0.1205837933	-0.1171035784	0.1191487571	0.0713157613	-0.0635396802	-0.1549809752	0.0014855441	-0.0686198258	-0.0651983312	-0.0525085163	0.0966123228	0.1228456904	0.0201565883	-0.0856750004	0.052172279	-0.0857514597	-0.0694719224	-0.1196601055	0.0330173614	-0.0527507876	0.0301779908	-0.1232608429	0.0508338826	0.0169151762	0.0389017413	0.0756326141	0.0016217918	-0.0157467686	0.0523992093	0.0148566185	0.0414271856	-0.0220700626	0.0559079993	0.1020181764	0.0210996308	0.1462325233	-0.1852565505	-0.1162761437	-0.1085792675	0.0552813023	-0.0213743996	0.0635002608	-0.0470482111	0.016377494	0.1540188476	-0.0659921811	-0.1034469722	-0.0495085373	-0.1070112907	0.0165149438	-0.0048103906	0.011658037	0.0729253617	0.0709658483	-0.0327652996	0.0192537986	0.0466666173	-0.0257315554	0.0549560299	0.0863293807	-0.0282090393	0.0523654571	0.0695539894	-0.0725284758	0.1217976335	-0.0842319852	0.0940424964	0.0747486644	0.0868544261	-0.0268642581	-0.0393763666	-0.1061414049	0.0665612114	-0.0323340961	0.1588681897	-0.033433373	-0.0144457034	0.0100608033	-0.0564151315	0.0459084574	-0.0434881917	0.0506934308	0.0008997354	0.057767308	0.0004826715	-0.0629759795	0.0278230869	0.0535007776	-0.0349091744	0.0968308811	-0.0529056355	-0.0293686656	0.0619730654	-0.0228291988	-0.0145039342	0.2031134199	-0.1234463076	-0.0865557909	-0.0939061233	0.0691468217	0.0289149085	0.0968025586	-0.0220385058	0.0141136623	0.0820274424	-0.1751639286	-0.0426916758	0.0717772749	0.0898189029	-0.0141699752	0.1740944028	0.0958980794	0.079432413	0.0318939342	-0.0214849406	-0.0496245003	-0.0580853487	0.0193868852	-0.0281011132	-0.1414058203	-0.0189434806	0.082351016	-0.0053234452	0.0373316893	0.0457009064	-0.0179338545	0.048781335	0.0211424793	0.0672335332	0.0837189122	0.1112062362	0.0499543181	-0.1394134934	0.0637076525	-0.0274021678	0.0830603236	-0.0802327037	-0.0170884351	0.0318357807	-0.0312399667	0.074734159	-0.0258740365	-0.1206630105	-0.0308334408	-0.0939984918	0.0830027857	0.0479317851	-0.1096050192	0.0529265375518264	-0.0068451737731293	4.685640398433854e-05	0.0028012183772248	0.0665182294007422	0.0161109538985187	0.0002595628355201	0.0044246748426097	0.0224666978066778	-0.0181832262098141	0.0003306297153972	0.0005047525103365	-0.0032493685635948	-0.0004215448964866	1.0558396062078134e-05	1.7770009975389836e-07	0.0010012274361284	-9.69034357999922e-07	9.390275869843209e-13	1.0024563788562494e-06	0.0017091317286506	7.820994973289984e-05	2.921131265880188e-06	6.1167962372227204e-09	0.0	0.0	0.0	0.0	0.0	0.0	0.0	0.0	0.0	0.0	0.0	0.0	0.0	0.0	0.0	0.0	0.0	0.0
1260.1691154512623	2.739064030489544	1588026.199537217	7.502471763121626	1536.6753656429096	12.173275931328137	148.18864690025288	2361371.17937377	1186.249302116487	0.1207624475382544	1407187.4067718522	0.0145835687354296	1206.084807041989	1351.4044299491268	1.163908	23.762289	0.0723980154278838	0.0365647365557715	-0.047884914	-0.1414277668	-0.1109095506	-0.1364296652	0.0124442321	-0.0021031723	0.0592308105	-0.015847872	-0.0309508227	0.0856628039	-0.0096510857	-0.1312901263	0.1520915458	-0.1241542724	-0.116719894	0.1318262965	-0.0105264386	-0.0347644737	-0.1249596782	0.0622028047	-0.0741344328	0.0328224412	-0.1187476109	0.1030969379	0.1964654349	-0.0192327223	-0.1016449616	0.0813010602	-0.0023014514	0.0738012957	-0.1858545601	0.1510286715	-0.0792387699	-0.0205942561	0.1986245529	0.0578707074	0.0036938418	-0.0369052931	-0.073585316	-0.111072938	-0.0514645356	-0.0595110891	-0.1154345322	-0.0186222412	0.02610058	0.0589038385	0.0581386894	-0.0146775068	0.0026667159	-0.0376564218	-0.0476887913	0.0983040252	0.0061414998	0.0510500179	-0.0291409051	-0.038533301	0.0397993155	0.0905022985	0.0019080159	-0.1420242502	-0.0068294155	0.2171777807	0.0961747389	0.0476213985	-0.0501219624	-0.2328045933	0.1284219642	0.0950062911	-0.023572746	0.0060300964	0.0316811975	0.1121974232	0.0435618514	-0.1093777628	0.0912670979	0.0948040816	-0.0575725854	0.0425632709	-0.1201255567	0.100025466	0.0381177751	0.0604463237	-0.0432771334	0.0362973707	-0.1908180516	0.0957754295	0.0484313719	0.0921886234	0.0086171629	-0.0184127226	0.1513121206	-0.1601028539	0.0592294658	0.256473487	-0.1249179476	-0.0562659159	-0.07547039	0.0350216224	0.0242719543	0.0114373825	0.0433787424	0.0122763553	-0.0066172027	-0.0680659968	0.0517153155	0.0211369928	-0.0763673069	-0.0222476546	-0.0837098707	-0.0354189168	-0.0350399018	-0.0556153943	0.1046385566	0.1431278447	0.1150233139	0.0711233337	0.1357698603	0.0863263414	-0.0020726751	-0.0078481239	-0.0625214533	-0.0527997952	-0.1800972782	0.0609193602	-0.1792888539	-0.0216559496	-0.007221417	-0.1048564331	-0.1016350705	0.1671914347	0.0314951764	0.0553850415	-0.1296256523	-0.1141797206	0.0732556628	0.0512962712	0.0166870391	0.0406177346	0.0219648585	0.0589633965	-0.0673082532	0.0192766532	0.0243664012	-0.052007882	0.0643443722	-0.1333199843	0.1399872689	-0.0875383103	0.0067913112	-0.0582127985	0.0101651337	0.1497096722	-0.0710155312	-0.0248322697	0.0146096164	0.0409317801	-0.0328976148	-0.091630556	0.0871572961	0.0400197472	-0.1108552722	0.0596442784245141	0.0067177408726877	4.51280424325789e-05	0.0035574399487809	0.0386475898185239	-0.0278706395822183	0.0007767725507219	0.0014936361987808	0.00248447795623	-0.0199822198504478	0.0003992891101516	6.1726307149927965e-06	-0.003532901720407	-0.0002835331568121	1.248139456605474e-05	8.039105101189149e-08	0.0010008557567626	-3.716793658000393e-07	1.3814555096151946e-13	1.0017122458448367e-06	0.0017817751949232	7.264346627260001e-05	3.174722845243607e-06	5.2770731920983754e-09	0.0	0.0	0.0	0.0	0.0	0.0	0.0	0.0	0.0	0.0	0.0	0.0	0.0	0.0	0.0	0.0	0.0	0.0
1261.6490066301878	1.4798911789255271	1591758.2159309397	2.1900779014615868	1548.13457948448	11.459213841570318	131.31358186683676	2396720.6761955875	1188.5223422318595	2.2730401153726234	1412585.3579843054	5.166711366093189	1208.3919068580335	1352.4569277160977	1.183232	24.15682	0.1696049406067475	0.0903129272149996	0.0484872417	-0.1226249524	-0.1435330024	-0.0318035992	0.1574106658	-0.0314822832	0.0206114976	0.0703789827	-0.0149585078	0.1242830011	-0.0679045526	0.0071698664	0.0483016816	-0.0915354315	-0.0358092735	-0.0637368928	0.015135769	0.1149070435	-0.1037108863	0.0742926451	-0.0455564174	0.0838513015	-0.0062391625	0.1985087746	-0.0873386613	-0.0005944117	-0.0045075162	0.0780402399	0.0129685786	0.0116043435	0.04709213	0.0435655675	-0.0249031187	-0.0090924222	-0.0479785081	-0.0125352411	-0.1032609154	-0.0036643365	-0.0242762033	0.0564121468	0.0114535978	-0.1080658126	-0.0494114094	0.1503099766	0.014123507	0.0644144984	0.040063865	0.123779858	0.0294530123	0.1073934365	0.0754852803	0.0198106178	-0.0392777435	0.064332172	-0.0252917369	-0.1318222586	0.0031148999	-0.1253454846	0.0991458287	-0.033412473	-0.0176248828	0.1711546987	0.0285044047	-0.0256978493	0.0132011812	-0.09122111	0.069193551	-0.1237374121	-0.1147562651	0.1340826696	0.029670946	0.105133364	-0.1207471081	0.0611275014	0.0294306168	0.1127041542	0.0724064448	-0.0309613724	-0.1399919981	0.069923685	-0.0852638633	0.1318812859	-0.0748572225	0.0983988403	0.083094853	0.0658895662	0.004952016	-0.0358294393	-0.0610608532	0.0266542591	0.0166982464	-0.058423124	-0.0657221314	0.0003127304	0.0715359422	-0.0980657019	0.0518863286	-0.1076673026	0.1054496629	-0.0939086402	0.0416139264	0.0448854503	-0.038526945	0.0472023654	0.0182412992	0.1571493227	-0.0736648188	0.0886330065	-0.0379352028	0.044489884	0.0768774402	-0.0355799233	0.0227775487	0.0413891927	0.1032168556	0.0483348578	0.0236503895	0.0295154988	0.0100215818	0.0612302597	-0.1630544358	-0.1015602602	-0.1078696395	-0.0587752267	-0.0776918811	-0.061928073	-0.0965227322	0.0460206204	-0.0420571218	-0.0604275396	0.1006931776	0.1149104081	-0.0645070982	-0.1523300062	-0.0145456226	0.0277094461	0.1088123543	0.0112824643	0.073037071	0.0364554246	-0.0161141681	-0.1050046706	0.0667265115	-0.072041781	-0.0775067926	-0.1185000661	0.0819797443	0.0397809173	-0.0190547642	0.1238880257	-0.0336371345	-0.0413397972	-0.0979576504	-0.0165852466	0.0478926981	-0.0788795977	-0.0349494174	-0.0891247992	0.0910168938	0.0318670259	-0.1110641056	0.0711754801980077	0.0115312017734936	0.000132968614341	0.0050659489814169	0.1178500918603191	0.0792025020417952	0.0062730363296805	0.0138886441514856	0.0155947909495637	0.0131103129933336	0.0001718803067831	0.0002431975047605	-0.0038909057490911	-0.0003580040286841	1.5139147548310174e-05	1.28166884554046e-07	0.0014270773519382	0.0004262215951756	1.816648481940331e-07	2.0365497684149454e-06	0.0012507823428204	-0.0005309928521027	1.5644564691112889e-06	2.819534089842659e-07	0.0	0.0	0.0	0.0	0.0	0.0	0.0	0.0	0.0	0.0	0.0	0.0	0.0	0.0	0.0	0.0	0.0	0.0
1259.6265759274502	-2.0224307027376653	1586659.1107827125	4.090225947375967	1539.8470304911443	-8.287548993335577	68.68346831693754	2371128.8773123957	1187.3098033497065	-1.2125388821530123	1409704.5691303187	1.4702505407328768	1206.7704893551595	1348.4954178179107	1.123656	22.940504	0.0860099700862917	0.0614510282935431	0.0747561561	-0.0587986127	-0.0992342382	0.0613767133	0.0854736814	0.0552012971	-0.0379870114	0.0496923623	0.0171219665	0.0985379203	-0.0310749741	0.0308536236	0.049738577	-0.0491177625	-0.0024353578	0.0569559836	0.0092215318	0.0215745021	-0.0911453006	0.0467155847	-0.0660832518	0.13046541	0.0440204538	0.1647876499	0.00747953	-0.0116172786	-0.0104388861	-0.0290526226	0.0674508215	0.0310276331	0.0099082652	0.0052583942	0.0524391413	-0.0791413888	0.0020433152	-0.0236347306	-0.104373199	0.0114393062	0.1202899557	0.0104761846	-0.0870593583	0.0046259821	-0.0085800102	-0.0553192626	-0.1810358768	-0.2131061838	-0.0496568513	-0.0137310045	-0.1267272608	0.0224927733	-0.1486095435	-0.0693193321	-0.0618747861	0.0742852456	0.1284890178	0.1339441951	-0.0939839994	0.1217373714	0.1097512213	-0.0597005332	0.0209670251	-0.0558512892	-0.042137899	-0.0185936245	-0.0370155285	0.0671903461	0.0292163786	-0.1596685446	0.16250272	-0.1010635286	-0.0499695238	0.060742587	-0.0006471573	-0.0430709267	-0.1376809931	0.0433382907	0.0047374672	-0.0131304798	-0.1035315157	0.0862641957	-0.114850083	0.1307205484	-0.091193512	0.0167731567	0.0322490932	0.0156396021	0.1007146532	-0.0968809068	-0.0349123537	0.0134608799	-0.016396678	0.0513261164	-0.0229362691	0.0506053402	-0.0121233765	-0.1023847706	0.0132434884	-0.0849850022	-0.0856765912	0.0331736839	0.0472752336	-0.07823012	-0.0208656812	-0.1699259103	-0.081939328	-0.0997936494	-0.0116031527	-0.0841496139	-0.0314414018	-0.0633612773	-0.0908326212	0.2425213051	-0.0803474635	0.0424758354	0.0043275515	0.0884706954	-0.0929561372	0.0234935038	-0.0948020787	-0.0152004584	0.1068482144	0.0412050431	0.1305101793	0.0963322878	0.055287629	-0.064226993	-0.0812144217	-0.0712955545	0.2373384274	-0.0294578637	-0.1611493702	0.0087908816	-0.0458098551	-0.0953863337	-0.0584855842	0.0035445575	0.2100401032	-0.0431189982	0.0788632749	-0.0381813657	0.01350752	-0.1101755331	-0.0607100112	0.0792068327	0.0211404286	-0.019407455	0.0052559369	-0.0340240345	0.1272319567	0.0844842499	0.0571471853	-0.0960063609	-0.0975331324	0.0008813668	-0.037077804	0.0247696786	-0.0369880768	-0.0864849902	0.0945685192	0.0235226525	-0.1102295573	0.0713188248427201	0.0001433446447123	2.0547687167723657e-08	0.0050863747769465	0.0603903584389797	-0.0574597334213394	0.0033016209648513	0.0036469953923884	0.0244552172499936	0.0088604263004299	7.85071542253499e-05	0.0005980576507443	-0.0041919717614468	-0.0003010660123556	1.7572627248767385e-05	9.06407437957624e-08	0.0014347136922105	7.636340272300021e-06	5.831369275435116e-11	2.0584033786162857e-06	0.0013330093045886	8.222696176819993e-05	1.776913806119783e-06	6.7612732416290145e-09	0.0	0.0	0.0	0.0	0.0	0.0	0.0	0.0	0.0	0.0	0.0	0.0	0.0	0.0	0.0	0.0	0.0	0.0
1256.9383217042846	-2.688254223165586	1579893.9445687835	7.226710768367609	1536.3057222203906	-3.5413082707536887	12.54086426850848	2360235.272127116	1186.5657509800617	-0.7440523696448054	1407938.2813988775	0.5536139287740501	1206.8130004728291	1355.7118944165488	1.076615	21.980118	0.0866667463224616	0.0471409946992222	0.0813266397	-0.0723956605	0.0347630728	0.1435817671	0.0912025103	0.0153433674	-0.0280124705	0.0325706168	0.0854972446	0.0799748345	0.0181891056	0.0935267402	-0.0203367412	-0.0730345358	-0.0167790776	-0.01081782	-0.0727519821	0.0020799729	-0.0829624936	0.0998835615	0.011670558	0.0224127918	-0.0458156267	0.2008842076	0.0304832404	0.0676975429	0.0138982941	-0.0455525264	0.0621351203	0.0513399202	0.0619516585	0.0639890071	0.0353887901	0.0731476094	-0.08339799	-0.0591526674	-0.1074575063	-0.0383323852	0.0309480887	0.012226463	0.0106423217	0.0614537695	-0.0430963051	-0.1291272695	0.0158790758	-0.0204811925	-0.009637453	-0.0665863606	0.0257071763	0.0579490227	-0.0073153888	0.139516185	0.085242044	-0.0283792721	-0.0596892977	-0.0085760886	0.0559420475	-0.1069225561	-0.110919303	-0.0275238085	-0.0492068811	-0.0361234344	-0.0954656539	0.0727915637	-0.0065903587	-0.0401410734	-0.1754428999	-0.0166771835	0.0341972051	-0.0495130444	0.0222729162	0.0397912899	0.1209162443	0.1816691675	0.063453021	0.0661178193	-0.0402608814	-0.0539809885	-0.1815460186	0.0402538177	0.0611032656	0.1504595436	-0.0336248946	-0.0164682077	0.0659089574	0.0343035757	0.0677946455	-0.0649199274	0.002312216	0.0616981864	0.0664647774	0.0195726258	-0.0310212723	-0.1220497932	0.0007421397	0.03256198	-0.022089419	-0.0307712306	0.02191528	0.1295089197	0.0358629843	0.0548451859	0.0100904633	-0.0885094713	0.0157698618	-0.0917923645	0.0301047171	0.0189526452	-0.0648034738	-0.0287211622	-0.028850169	-0.0425053214	0.095402233	-0.0052185571	-0.1223504444	-0.0326437593	-0.0087643708	0.009286588	0.1805618568	0.0246719916	-0.0645271396	0.1235410367	-0.0217457278	0.0194581427	0.0341306342	-0.0859489976	-0.038332638	0.0753105409	0.0044746515	0.0509290561	-0.0055996314	-0.1686305709	-0.0924190523	0.0351102083	0.039572794	0.0982875663	0.1379096951	-0.0830471738	0.067166193	0.0607552874	0.0633693841	-0.2178423621	-0.076961643	0.1116231311	0.0009516765	0.0112800764	0.0103568554	-0.0297882369	0.0682246503	0.0721751531	0.03207945	0.0711873649	-0.0856893008	-0.0057556326	-0.1218871399	-0.0095309627	-0.0390128266	-0.0837150996	0.0978001546	0.0150368111	-0.1083594676	0.0709293505766481	-0.0003894742660719	1.516902039323219e-07	0.005030972773225	0.0254904711095917	-0.0348998873293879	0.0012180021356039	0.0006497641173889	0.0172895036918419	-0.0071657135581516	5.1347450797479086e-05	0.0002989269379102	-0.0037132040782321	0.0004787676832146	1.37878845265995e-05	2.2921849449077118e-07	0.0011131857726931	-0.0003215279195174	1.0338020302918764e-07	1.2391825645263342e-06	0.0012490714839437	-8.393782064489998e-05	1.5601795720013168e-06	7.045557734615398e-09	0.0	0.0	0.0	0.0	0.0	0.0	0.0	0.0	0.0	0.0	0.0	0.0	0.0	0.0	0.0	0.0	0.0	0.0
1258.5698632202298	1.6315415159451732	1583998.100606188	2.6619277182526737	1533.307139672792	-2.998582547598744	8.991497294763773	2351030.7845715587	1185.8238007567552	-0.7419502233065032	1406178.0864411967	0.5504901338645699	1205.792613592993	1352.2996348986037	1.147966	23.436825	0.0776728387783287	0.0392707966720315	0.0735108086	0.0128246056	-0.0654762163	0.0610575002	-0.0679481164	0.0019382245	0.0394598965	0.0127375425	0.0853050799	0.0183991428	0.0485616158	0.0376758771	0.0600484996	-0.0517503095	0.093910995	0.0347577901	-0.0208520533	-0.073143024	0.0178569217	0.0644581295	0.0363767186	0.0029745822	-0.116351426	0.1002396128	0.0828047687	-0.025290618	-0.0268355933	-0.1114111112	0.0752269651	-0.1801334296	0.079834967	-0.0807108635	-0.0249168046	-0.0743819306	-0.0475241566	-0.0183145325	-0.1061680255	-0.0930290909	-0.0621600661	0.0172418697	0.1018300591	-0.0259279708	-0.1395162363	-0.0424585658	0.061670661	0.0388851799	0.1100772346	0.0115059083	0.005956285	-0.0223940427	0.1105331541	0.08662136	-0.1236132211	0.0399928789	0.0759143137	0.0330549197	0.1247348201	-0.0965931358	-0.0945393566	0.1167761687	-0.1487172497	-0.0244253537	0.1539146692	0.0094164463	-0.1337414443	0.1265206887	-0.0143380122	0.0407424248	-0.0234685825	-0.0605060291	-0.0178965744	-0.1412274008	0.0583806345	-0.1082563529	0.075324403	-0.0317379916	-0.0697538319	-0.0560268432	-0.0897412391	0.0107740053	0.1000815682	0.0161835507	-0.0260566995	0.0362198336	-0.0490476617	0.0529181791	0.0953485837	0.0303807235	0.1050950494	0.0577427205	-0.1950478523	-0.0181331802	0.0415386222	-0.0302801768	0.0826794952	-0.0065127417	-0.0656136557	-0.0086958711	0.0838158456	0.021726881	0.0972808866	0.2088231279	-0.0274546802	0.0335780105	0.0276872364	0.0473276255	-0.0380419993	-0.0076872972	-0.1433520251	-0.0256406691	-0.1172856777	-0.1563993282	-0.1207892387	0.0281637287	-0.100196594	-0.1360581261	-0.034165155	-0.0518094432	0.0532397694	0.1269708032	0.0237575122	-0.0435764468	0.1723991821	-0.0240855812	0.0116290845	0.0409317795	0.1329463288	0.037397198	-0.0224183611	-0.0071141637	0.0255507849	0.0753465202	-0.0626385456	-0.0760269729	0.0088657117	0.0478110758	-0.0483173951	-0.0903732992	0.0621765777	0.04911717	-0.0062966342	-0.0513708422	0.0056983583	0.0865451645	0.1107902727	-0.0699904576	-0.0169653894	-0.0428944137	-0.0564925548	-0.011932734	0.0859568084	0.0664283305	-0.1455864628	-0.0899378357	-0.0376182893	0.1028137667	-0.0410229053	-0.0808192935	0.1007008652	0.0064605365	-0.1054714048	0.0829001411798344	0.0119707906031862	0.0001432998276653	0.0068724334076364	0.0499382727324473	0.0244478016228556	0.0005976950041905	0.0024938310835002	0.014789768675655	-0.0024997350161869	6.248675151150923e-06	0.0002187372574793	-0.0036271719416159	8.60321366161999e-05	1.315637629404566e-05	7.401528530748483e-09	0.0016098891737563	0.0004967034010631	2.467142686277499e-07	2.591743151777742e-06	0.0014414261769863	0.0001923546930425	2.0777094237013403e-06	3.7000327935512846e-08	0.0	0.0	0.0	0.0	0.0	0.0	0.0	0.0	0.0	0.0	0.0	0.0	0.0	0.0	0.0	0.0	0.0	0.0
1259.9320074175623	1.3621441973325543	1587428.6633152482	1.8554368143267488	1543.8310228890746	10.523883216282684	110.75211794995636	2383414.2272347263	1187.2838232972	1.4600225404446974	1409642.8770632166	2.131665818606588	1207.5997442549694	1352.44106518588	1.131233	23.095201	0.0713927608424618	0.0381266598792967	0.0171063859	0.0633028662	-0.0921296892	-0.0673576769	-0.0879061925	-0.0205246132	0.1322371072	0.0601966604	0.0100078724	-0.055820817	-0.0396843278	0.0080189888	0.1731283639	0.0216803653	-0.0447770817	-0.033560823	-0.0470436882	-0.0373111963	-0.0088297375	-0.0880441894	0.0483358838	-0.0840334899	-0.0603725953	0.0035836918	-0.0911773908	-0.0671912887	-0.016848509	-0.0847636014	0.0429073046	0.0123916236	-0.136816233	0.0312083061	0.0510857986	0.0311277376	-0.0445737584	0.0943880672	-0.1563768452	0.0196817672	0.0749700532	-0.0482287734	0.0290902805	-0.1560274404	0.009657106	0.0077217835	0.1160885187	-0.0291228247	0.0310340967	-0.1335081801	-0.0329308549	0.1153815917	-0.0584495347	0.0235181302	0.0093474721	-0.0862461727	0.1750478259	0.0463111899	-0.0334920823	-0.0175501916	-0.0247045936	0.011235201	0.031492468	-0.025767387	0.0878141388	0.0946450166	0.1072009859	-0.0511279777	-0.0007749407	0.0038203555	-0.0027678612	0.0290228984	-0.0616705752	-0.051172445	0.09651446	-0.1238716766	0.0427695966	-0.0602079232	-0.0080300943	0.0708837692	0.0152355279	-0.060838849	0.069610684	0.0141646054	-0.0111748606	0.1480556317	0.0090560051	-0.0746571368	0.0446602411	0.0586499362	-0.0251158274	-0.083354534	0.0491086348	-0.0067577225	0.0634521051	-0.0614062478	-0.0637233595	-0.1384614706	0.1010038543	0.1188532278	-0.038122514	0.045282901	0.0749772878	0.2009892663	-0.0527641782	0.0317749938	-0.0839481782	0.0042881292	-0.004115366	-0.0074454518	-0.0520609077	-0.1244690914	-0.0371747933	0.052553796	-0.0089481331	-0.0657504367	-0.0299029787	-0.0045782222	-0.1432659486	-0.0452118733	0.0142836183	-0.0696098336	-0.0532424354	0.0123262836	-0.0727034478	-0.0431197812	-0.0119337797	0.0700453711	0.0006426283	-0.0422632434	-0.0447768421	0.1196149667	-0.1306729334	0.1017231142	-0.049306152	-0.1045074014	-0.0287287055	-0.0377449494	0.0109758188	-0.0702616177	-0.0771823081	-0.0254156926	-0.1562684649	-0.0235325749	-0.0118400157	-0.0449409702	0.0968518303	-0.0150550021	0.0787038451	-0.0248378647	-0.0469838194	0.1004797723	-0.0917956909	0.0522128106	0.0390564188	0.0391553895	-0.0099986386	0.0669071788	-0.0430175569	-0.0778019275	0.103260836	-0.0021545924	-0.1015925006	0.0789391686856788	-0.0039609724941555	1.5689303099457224e-05	0.006231392352786	0.0350446791442067	-0.0148935935882406	0.0002218191299716	0.0012281295363203	0.0244492575960606	0.0096594889204055	9.33057262034385e-05	0.0005977661969985	-0.0041819570232088	-0.0005547850815929	1.7488764543965412e-05	3.0778648675804106e-07	0.0014968899659271	-0.0001129992078291	1.2768820970026721e-08	2.2406795700932344e-06	0.0012516363496152	-0.000189789827371	1.5665935516780634e-06	3.60201785735519e-08	0.0	0.0	0.0	0.0	0.0	0.0	0.0	0.0	0.0	0.0	0.0	0.0	0.0	0.0	0.0	0.0	0.0	0.0
1259.8355944517623	-0.0964129658000274	1587185.7250476254	0.0092954599743572	1544.804111814847	0.9730889257723448	0.9469020574607758	2386419.743880058	1187.9466603036226	0.6628370064227056	1411217.2677265306	0.4393528970834138	1207.92832156797	1357.4070580850682	1.135467	23.181637	0.0916859419444241	0.056063102367596	-0.0582294595	0.0782930139	-0.0676946056	-0.0344966411	0.064182173	-0.0248323933	0.048322177	0.0697559318	-0.0253423369	-0.0482339439	-0.0078083913	-0.0685205354	0.0817997105	-0.0223822232	0.0417683399	0.0602244717	-0.1448514983	0.0576894124	-0.0927426893	-0.0792263015	0.0070620619	-0.0856341588	0.0629953334	0.0386318855	0.0216603267	-0.0473602911	-0.1295735292	-0.0059798304	0.1179845379	0.0017578444	-0.0041717229	-0.0153263425	-0.0255254949	-0.067340809	0.0797222371	-0.0343667312	0.0660472535	-0.0401302822	0.032275998	0.240559623	0.0394497008	-0.106654397	0.048192232	0.0493751583	0.187940413	0.0661264599	-0.1737345868	0.217511407	-0.1909316083	0.1199728545	-0.0402573121	0.0274300467	-0.0345987752	-0.0334193657	-0.0191368266	-0.0696139423	-0.0911190726	0.1449753875	0.004339191	-0.031429151	0.1746515062	-0.0303198272	0.0055537999	0.0308826535	0.1068627305	0.09259529	0.0161630861	0.0481853545	-0.0241216491	-0.0194000149	-0.0085068855	-0.0887668398	-0.0064857334	0.0903029456	-0.0026672003	-0.0127207163	0.0880248795	0.1106452915	-0.0309202007	-0.0228005785	0.0416602103	0.0377259929	-0.0500422138	0.0582195487	-0.0565467665	0.0549200569	0.2019475116	-0.0384167564	-0.0904764924	-0.0203992697	-0.0193322057	-0.0094077219	-0.003862579	-0.000940208	-0.0262693959	0.0897402611	0.0063473146	-0.1154285909	-0.0891249767	-0.185591493	-0.1193456695	0.0015952861	-0.0730671822	0.2197527299	0.1641983326	-0.0093728323	-0.020600966	0.0481698488	-0.0374067456	-0.0509530479	0.1108447495	0.1496596908	0.0565867491	0.017981186	0.0077923427	0.0304890415	0.0108299139	-0.1667363619	-0.0578643584	-0.2207363706	-0.107994667	-0.0242798052	0.0213943899	0.0060430974	0.0745959985	0.101741946	0.0308376742	-0.0625580631	0.0797908995	-0.0229804989	-0.0261315196	-0.0382526112	-0.1064506226	-0.0369961688	-0.0153407776	-0.0751487687	0.0468708342	-0.0097055489	-0.0437534849	-0.1183922455	0.0637781507	-0.1395993566	-0.0033622466	-0.0590859426	0.0301812017	-0.047579594	-0.004387454	0.0544465998	-0.0235568415	-0.0344367067	0.0249554169	0.1334805745	-0.0696027601	0.052971092	0.1352512541	0.0518841445	-0.0449960313	-0.0746675401	0.1054714048	-0.0107567634	-0.0967591949	0.0710567133358637	-0.007882455349815	6.213310234182853e-05	0.0050490565100951	0.0578223284703369	0.0227776493261302	0.0005188213088241	0.0033434216697315	0.0083605808579818	-0.0160886767380788	0.0002588455191823	6.989931228285168e-05	-0.0033379116946485	0.0008440453285603	1.1141654481271222e-05	7.124125166644654e-07	0.0014439185649355	-5.297140099159992e-05	2.805969323012872e-09	2.0849008221653937e-06	0.0012499098685591	-1.7264810560999738e-06	1.562274679521427e-06	2.980736837072081e-12	0.0	0.0	0.0	0.0	0.0	0.0	0.0	0.0	0.0	0.0	0.0	0.0	0.0	0.0	0.0	0.0	0.0	0.0
1259.5078215273609	-0.3277729244014153	1586359.9524885984	0.1074350899706559	1547.1754156980492	2.371303883202245	5.623082106490045	2393751.766940431	1187.2527981540466	-0.6938621495760344	1409569.2067246132	0.4814446826142751	1207.545791616319	1370.9832871649146	1.274659	26.023388	0.0821775729344441	0.0425163915869265	-0.1338969809	-0.0036454218	0.0446406529	0.0942554204	0.0969124417	0.0161644244	0.0270775388	0.0332246332	-0.0958822218	-0.0490345896	0.0081656819	0.0027118303	0.0225405177	0.0759763731	0.065104377	0.0649757988	-0.0888620694	0.0371703943	-0.078713581	0.0148786411	0.0380627651	-0.2356199709	-0.097906814	0.0045110644	-0.0438904066	0.190915178	0.1178256223	0.0689046104	0.0830338837	-0.0348438843	0.0435975527	-0.0693924056	0.0084799563	0.0004135436	0.0345022418	0.0080564049	-0.0312563767	0.1453339834	-0.0838981117	0.0214909192	0.1292645571	-0.0864616423	0.125129249	-0.0687536807	0.0833800481	-0.0117273922	0.042158235	0.0079227544	0.0892156609	0.0208790451	-0.0316034089	0.0492455699	0.0645991824	-0.023883018	-0.0379516309	-0.1197063306	-0.1040121688	0.0724762566	0.022617501	0.1465551377	0.0880168363	-0.0467911088	-0.0216042053	-0.1538959297	-0.0584763834	0.053405529	0.1173445757	-0.0120765864	0.0890998162	-0.0699179847	0.0464774817	0.1463501314	-0.0121169007	-0.0129928751	-0.0583681516	0.0474113975	0.0317648018	0.0940216718	-0.0284320142	-0.014679106	0.2039899059	-0.0583750496	0.0489636145	-0.0195140792	0.2223052849	0.1441589051	-0.017793293	7.2556e-05	0.0437445385	0.0064620265	-0.0008428468	0.0679198144	0.0247768205	0.0228373105	0.0128161794	0.0690821715	0.2040686966	0.0765691492	0.0617758384	0.0335732089	-0.0761920881	0.0287476437	-0.1426439527	0.0972601651	-0.0523440704	-0.0072521019	-0.0296276434	0.0644467037	0.0800018707	-0.0347939184	0.0564926164	-0.0905888657	0.1519965758	-0.0142101129	0.0045769699	-0.0804973009	-0.0157564919	-0.0391431416	-0.0840559819	-0.0452766368	0.0984123623	-0.0590964002	0.0852432278	-0.0122102542	-0.0459131531	-0.0390690466	-0.210118282	-0.1115945505	0.0285937497	-0.0228828228	-0.0078824403	-0.0057162853	-0.1016871325	0.0878781205	0.0412832553	0.0408610195	0.0037733863	0.0568599456	-0.020389447	-0.0988626122	0.0878457849	-0.0437580991	0.1776243022	0.0549462729	0.0067393915	-0.014878219	0.0235825118	0.0199891537	-0.140627639	0.0983114685	0.0206424762	-0.0708375929	0.0094308498	0.0422661123	-0.0867471833	0.0519942566	-0.0469575846	-0.0714208455	0.1073250918	-0.019294242	-0.0910168938	0.085226451819949	0.0141697384840853	0.0002007814887073	0.007263548089818	0.036288434237818	-0.0215338942325188	0.0004637086008173	0.0013168504594324	0.0241036453326017	0.0157430644746199	0.000247844079052	0.0005809857183198	-0.0033187858943866	1.9125800261900194e-05	1.1014339812779464e-05	3.657962356581015e-10	0.002037429658096	0.0005935110931604	3.522554177045716e-07	4.151119611689183e-06	0.0012518904900011	1.9806214420000235e-06	1.5672297989551945e-06	3.922861296510253e-12	0.0	0.0	0.0	0.0	0.0	0.0	0.0	0.0	0.0	0.0	0.0	0.0	0.0	0.0	0.0	0.0	0.0	0.0
1258.9853032867063	-0.5225182406545628	1585043.99389192	0.2730253118167395	1535.7285071973963	-11.446908500652851	131.03171422231856	2358462.047818743	1187.4502186549144	0.1974205008677927	1410038.0217836038	0.0389748541628901	1206.914935806854	1371.7259403837654	1.211791	24.739882	0.1073877734106849	0.049451674296054	-0.1192905799	0.0180549514	-0.0586469125	0.0119645465	0.0510222136	-0.0378738647	-0.0571280508	-0.0204796439	-0.1279557112	0.0215027306	0.0797889124	0.0461423991	-0.1238478752	0.0879234588	0.0364590865	0.0963269463	0.124371426	0.0032433885	-0.1443392831	-0.0133591527	-0.0181177258	-0.073358596	0.048529892	-0.0360033851	-0.0060824934	0.043657437	0.1226978292	-0.0762647611	0.0027155664	-0.1252871602	-0.0383515305	0.0053671399	-0.0888599826	0.0453159345	0.0857365432	0.1293965667	0.1894057702	0.0312057612	-0.0776399982	0.084418118	0.023389524	-0.0688627988	-0.0507693002	-0.0411013067	-0.0199911707	-0.0680561085	-0.0824479235	-0.0710183149	0.0439805419	-0.0711976646	-0.0013664458	0.1470101722	0.0080570774	-0.023676393	-0.0662664409	0.0202084868	0.0060130019	0.0340458543	0.0347889658	0.1456151873	-0.0562627223	0.0074933474	0.0876730614	0.0210839982	-0.0631290379	0.0398808428	-0.0581683074	-0.2459543828	-0.0431625631	0.0376581381	0.0588534852	-0.0285940472	-0.0825245023	-0.1183844397	-0.1168003432	0.0486739554	-0.0032981204	0.1103166109	-0.0384424203	0.0489802488	-0.0171666767	0.0165147781	0.0526492938	-0.0792145302	0.1129636514	-0.0357743994	-0.0039301036	0.1639751098	0.1129098175	-0.0488444777	-0.0625155778	-0.0483157983	0.0960623431	-0.0084657238	-0.0706868993	0.1555621567	0.026958789	0.0345434966	-0.0647946199	-0.1491907135	-0.0393501271	0.0241139125	-0.0413375856	0.0136833612	-0.0767963246	-0.1613087655	0.0925991534	-0.0468270792	-0.0530253343	0.0531371037	0.0335059795	-0.0619011458	0.0542765774	0.0450988573	-0.0529802117	-0.0570077331	0.0395591085	-0.0940534587	-0.1362995539	0.0713171154	0.0008628781	-0.1190527421	-0.029132459	-0.0572451955	0.0914888894	-0.0937617527	0.0016726462	0.1033716713	0.0133142374	-0.1340285209	0.0062219103	0.0763503028	-0.0677455894	-0.0058276134	0.0107575752	-0.036069616	-0.1199133528	0.1047492172	0.0582519244	-0.0313505869	0.051245211	-0.0098677287	0.0003892857	0.0677696119	0.0124534924	0.1827062022	7.14668e-05	-0.0230021622	-0.0154152221	-0.0584425537	0.0171607915	0.0268805252	-0.0241707815	0.0843145296	0.0392396096	-0.0181397319	-0.0489014791	-0.0680667272	0.1088156246	-0.0277156827	-0.0844195428	0.0948491464576477	0.0096226946376987	9.259625209039532e-05	0.0089963605837443	0.0038079907918273	-0.0324804434459907	0.0010549792064482	1.4500793870641508e-05	0.0503134097699273	0.0262097644373256	0.00068695175186	0.0025314392026766	-0.0029421027904933	0.0003766831038932	8.655968829828462e-06	1.4189016075869054e-07	0.0019856473208583	-5.178233723769979e-05	2.68141044979887e-09	3.942795282831745e-06	0.0016049224666635	0.0003530319766624	2.575776124001254e-06	1.2463157654616136e-07	0.0	0.0	0.0	0.0	0.0	0.0	0.0	0.0	0.0	0.0	0.0	0.0	0.0	0.0	0.0	0.0	0.0	0.0
1254.705241695446	-4.280061591260392	1574285.2435380274	18.318927224982435	1560.047906211983	24.31939901458668	591.4331684306795	2433749.469676392	1187.985543020768	0.5353243658537394	1411309.6504263491	0.2865721766767082	1208.6033489372155	1357.9425652159186	1.267088	25.86882	0.259233086313905	0.1373694616929869	-0.0772371548	0.0899989696	0.1062011373	-0.0784818369	0.0316056857	-0.1574817585	-0.1165799843	0.1433985987	0.0765457678	-0.1434560213	0.0866867519	-0.0198092912	-0.2297624565	-0.0178828248	-0.1777707383	0.0544469777	0.04727952	0.0787657242	-0.0568822858	0.0290784892	0.0810671933	0.094688846	0.0317095462	-0.2212560625	0.029228982	0.0750013295	0.1883829998	-0.1288419934	0.0260482927	-0.0215236273	0.0721972299	0.1324729326	0.1274208072	0.0109985248	-0.0649181162	-0.0526440893	0.0296006003	0.1188349802	0.135094542	0.0442974111	0.047170844	-0.0360398167	0.1169787608	-0.0113501509	-0.0549163615	0.062860828	-0.0439146523	0.0321749207	-0.0844038968	0.0003663933	0.0454332536	0.0359818412	-0.0793714917	-0.0244550437	0.0168242969	-0.0148768721	-0.0472250655	-0.0216940743	0.008126357	0.0815023785	-0.0148355736	0.033818753	-0.0423397442	0.044658747	0.0569563351	-0.031090927	-0.0858752011	-0.0306246277	-0.0801491901	0.0676490108	-0.021497307	-0.0300939797	0.1943183973	-0.0710823085	0.0397483863	-0.0887947747	0.1279991927	0.0057277562	-0.1051594424	0.0288932676	-0.1067942786	-0.2199581538	0.0730385895	-0.1009488436	0.1574537004	-0.1372371687	0.086647314	0.052622847	0.0177277947	0.1030135429	0.0974808045	0.1480195149	-0.0275233413	-0.1178394972	0.0068247548	0.0363266281	0.1485196718	0.0363800711	-0.1330111021	-0.0401707139	-0.0154943615	-0.0346380204	0.0161725088	-0.0313863776	0.1096756242	0.0290575304	-0.0329752169	0.0004444118	-0.0473025306	0.0761886765	0.0133237497	-0.0228946689	-0.0528136288	-0.0074196388	0.0217373833	-0.0369118579	-0.0411778237	-0.04041592	-0.0210968209	0.0895236589	-0.0149642644	-0.0464830535	-0.0080535063	-0.0323230326	0.1236469208	-0.0484109568	0.0050787532	-0.0003297194	-0.0641303974	0.132042613	-0.1261697738	-0.0194778536	0.0477564138	0.0859525833	-0.1242583572	-0.14928829	0.0337116469	0.0628692954	-0.0174174444	0.0075682666	0.0498935998	-0.0165334882	-0.0007419163	0.0200221239	-0.1969650948	0.0685569759	0.001867815	0.1171396709	0.025486907	-0.0891505636	-0.086221304	-0.0133376261	-0.068301474	-0.1050312689	-0.0159361871	-0.0587240819	-0.0508269837	-0.0646102301	0.1099379598	-0.035970438	-0.0770291202	0.0714275735119116	-0.0234215729457361	0.0005485700792524	0.0051018982577995	0.1023752597273386	0.0985672689355113	0.0097155065054054	0.01048069380424	0.0851582793760599	0.0348448696061325	0.0012141649378683	0.007251932546291	-0.0043901037641029	-0.0014480009736096	1.927301105959045e-05	2.09670681957435e-06	0.0017377600622552	-0.0002478872586031	6.144809297776024e-08	3.0198100339691964e-06	0.0012528232023457	-0.0003520992643178	1.5695659763357349e-06	1.239738919331361e-07	0.0	0.0	0.0	0.0	0.0	0.0	0.0	0.0	0.0	0.0	0.0	0.0	0.0	0.0	0.0	0.0	0.0	0.0
1255.8056510311403	1.100409335694394	1577047.8331617462	1.2109007060833776	1513.3046071129124	-46.74329909907056	2184.93601066517	2290090.833909166	1187.360086148734	-0.6254568720341922	1409823.9741791289	0.3911962987747959	1206.6339927895465	1339.7284516754776	1.259051	25.704737	0.1979917143121422	0.1047504520929574	-0.046504487	0.0617353493	0.1535419916	-0.0546501152	0.0493199051	0.0093854714	0.0558505944	-0.2131487309	-0.0760799015	-0.11739753	0.0964165241	0.042846507	-0.1815051822	0.0303313205	0.0870335744	-0.0254797789	-0.0780080802	0.0073381269	-0.0250822483	-0.0642164715	-0.0292663362	-0.1162620939	0.0815832608	-0.1219772603	-0.0661443462	0.14117935	-0.0165758419	0.0160861385	-0.0720419948	-0.0807098793	0.0796879533	0.0464781506	-0.0387573389	0.0150890182	0.0425489424	-0.0738832764	0.0195032061	0.0001465754	-0.1133937663	0.2258777228	-0.0703064066	-0.0196957777	0.0874608874	-0.0563346767	-0.1660642381	0.0111887455	0.0381406089	0.0177434933	0.07996048	0.0140519025	0.0041780007	0.0650992299	-0.0664867485	0.0048424335	-0.092048996	-0.0761839229	-0.0324062334	-0.0187788818	-0.0853019654	0.0434984491	0.0210215842	-0.0101601741	-0.0705984831	0.0058805946	0.0980268255	0.0921911177	0.0226693941	-0.0150026949	0.121952898	-0.1572929943	-0.0529768822	0.0183648737	-0.0493824725	0.0132352049	0.126415534	0.0454197098	-0.0279973442	0.0831791482	0.1388802679	-0.0570601748	-0.0002370512	-0.0278578668	0.1639443729	-0.0796741101	0.0943331499	0.026580565	0.0100053893	0.0826889481	-0.0543014488	0.1068003494	0.0171364516	0.012477824	-0.0640982318	0.0017206306	0.0446299934	0.1542153302	0.0356116641	-0.1428316737	0.0448032725	-0.0536759443	-0.2026889751	0.0256118825	-0.0056835827	-0.1425346042	-0.0317978172	-0.0369466522	-0.0582631451	0.0557785196	0.0641597101	0.0996651237	-0.0147383358	0.0042228063	0.0640308128	-0.0169971596	0.0398720202	-0.1007877939	0.0637378325	-0.078143783	0.1005104643	0.027789979	-0.0288831635	0.0420896493	0.0544981167	-0.0485917261	0.0553052645	0.0820752945	-0.0337673064	-0.0666840857	0.120017839	-0.0202667935	-0.0137129796	0.0562363086	-0.0412337511	0.1338788004	-0.0027761187	-0.09073361	-0.1161582717	0.0148621095	-0.0053035505	0.0880852787	0.0766434321	-0.0193139803	-0.0660292181	-0.0874456818	-0.012715569	0.1107834031	-0.0677782674	-0.0471236104	-0.0851588905	-0.0528660066	0.0050867635	-0.0798211247	-0.1033027698	0.036507272	-0.0082529827	-0.0613311625	-0.0527333744	-0.0610565531	0.1106882998	-0.0440088629	-0.0689150546	0.0942239024001025	0.0227963288881909	0.0005196726107785	0.008878143783504	0.0287575175182723	-0.0736177422090663	0.0054195719679605	0.0008269948138137	0.0502491582010549	-0.034909121175005	0.0012186467412111	0.0025249778999146	-0.0033547845985371	0.0010353191655658	1.1254579702581732e-05	1.0718857745878645e-06	0.002034906986863	0.0002971469246078	8.829629480387367e-08	4.140846445183855e-06	0.0012519188517217	-9.043506240000252e-07	1.5673008112961798e-06	8.178500511292349e-13	0.0	0.0	0.0	0.0	0.0	0.0	0.0	0.0	0.0	0.0	0.0	0.0	0.0	0.0	0.0	0.0	0.0	0.0
1256.188871240154	0.3832202090136434	1578010.4802276122	0.1468577285964605	1540.012087095683	26.707479982770565	713.2894870300904	2371637.2284008013	1186.3807685120237	-0.9793176367102204	1407499.32789518	0.9590630335716916	1206.4022257860402	1342.151843062397	1.433684	29.270029	0.0755509517459814	0.052610870914304	0.0609376378	-0.0115370797	-0.0410928888	-0.0898974403	-0.1314427639	-0.0234435578	-0.074280181	0.0568315061	0.1106170685	-0.010879706	0.0159339576	0.1151009452	-0.2466791817	-0.1385092404	-0.015989013	-0.0662281464	0.0056240137	-0.0411981815	-0.0185516144	-0.0307483498	0.0624101053	0.0022596597	-0.0383358872	0.1141487718	-0.0537903266	0.0559063646	0.0029185389	-0.0272588308	-0.1039582708	-0.1991723332	-0.032409106	0.0773283013	0.0077763006	-0.0055319452	-0.0629596898	0.0401749798	0.0693562146	0.081447716	-0.1177792652	-0.052154669	-0.0700036084	0.1685710281	-0.0869604819	0.0059178017	0.0076188213	-0.2058812171	-0.0800828258	0.0404259247	-0.173941963	-0.0347970082	-0.0212799741	-0.0182079138	-0.0132278911	0.0402330145	-0.2082982094	-0.1059768676	0.0701706599	-0.1595441657	0.0575138571	-0.0832284551	-0.0557570287	-0.0854613042	-0.0230880729	0.0567480375	0.0529579548	-0.0803948403	-0.0273586959	0.0896541058	-0.0723213191	0.0571664076	-0.0826180263	-0.0780937355	-0.1132988047	0.0098156134	-0.0123546932	-0.0739389661	0.0013514856	-0.0314280434	-0.0864728585	-0.0008190936	0.0242897209	0.130386595	0.0840481163	0.0167152216	0.0761116654	-0.0084825851	-0.0226257675	0.20698993	-0.0804966842	0.0414232517	-0.0756520537	0.0454457134	0.0375329066	0.0167145338	0.0838021814	-0.0338303179	0.0020158199	-0.0852271746	0.0803078562	-0.0137841732	0.0701581055	-0.252329548	0.0499983614	0.0629823871	-0.0264305379	-0.2548465349	0.0413561349	-0.09872772	-0.0224332334	0.0792609925	0.1757879792	-0.0739520637	-0.0839012965	0.0505150663	0.0216831812	0.0715216806	0.0503005391	0.0741634477	0.0902224878	0.0622985724	-0.1156945755	0.1219136444	-0.0273583789	-0.0269097497	-0.0421426741	0.0159633008	0.1184703272	0.1205776795	-0.0652431649	0.04335346	0.0493095026	0.0721626204	-0.0293392856	-0.021816284	-0.0570296044	-0.0805812957	-0.0337097119	-0.0335500454	0.189964631	0.0982467718	0.018752186	0.1018842931	0.0444016547	-0.011360602	-0.0413864145	0.1524002017	-0.0578695241	0.0348561953	-0.120146067	-0.0668115916	-0.0787371419	-0.1383664436	-0.0411997361	0.0403874619	0.1747914224	-0.014499113	-0.0546199342	-0.0574110412	0.1110641056	-0.0517826133	-0.0601535728	0.0997775151461581	0.0055536127460555	3.084261453315113e-05	0.0099555525287418	0.0791486454185133	0.050391127900241	0.0025392657710584	0.0062645080715855	0.0508799453117347	0.0006307871106798	3.978923789997782e-07	0.0025887688349251	-0.0031751617902462	0.0001796228082908	1.0081652394239456e-05	3.2264353258309375e-08	0.0018360202464688	-0.0001988867403942	3.9555935504629926e-08	3.370970345443353e-06	0.0012509199206267	-9.989310950000302e-07	1.5648006478207092e-06	9.978633325579594e-13	0.0	0.0	0.0	0.0	0.0	0.0	0.0	0.0	0.0	0.0	0.0	0.0	0.0	0.0	0.0	0.0	0.0	0.0
1250.7138589471742	-5.475012292979727	1564285.156962532	29.97575960827913	1516.6908197518974	-23.32126734378562	543.8815105203216	2300351.0427196827	1185.6649835622295	-0.7157849497941697	1405801.453245622	0.512348094351842	1205.15120513916	1343.6439557761155	1.515797	30.946444	0.1605620762128877	0.0859176563963351	-0.1032018157	-0.0477088197	0.2447066498	0.0041908983	-0.0946525187	-0.1019325576	0.0013497628	-0.091407062	-0.048620904	-0.0374948043	0.2282112754	0.1776479947	-0.1084563173	0.0660232078	-0.1349055139	-0.1379740052	0.0373197726	-0.0573137971	0.0070674427	0.043829213	-0.0441106296	-0.0895980189	0.0281498013	-0.1726119761	0.0117439435	0.0232068243	0.1246749922	-0.0345362043	-0.0337235445	0.163938082	-0.104855868	0.1300981613	0.1181105462	-0.0858690776	-0.0654644054	0.0120458793	-0.0447699917	-0.0004555422	-0.0020444455	0.0101342206	-0.0298984127	-0.0061154176	0.105467911	0.1115179497	-0.091482056	0.1371086784	0.0865650434	-0.0341821264	-0.0224266424	0.0411197163	-0.0438591803	-0.0825501866	0.204308838	-0.0528179803	-0.0560858602	-0.1026911	-0.0815011745	0.0028572689	-0.0355426362	-0.0541979454	-0.0501543418	-0.0285027589	-0.015486138	-0.0907681869	-0.0586221713	-0.1007297221	-0.019522846	0.0303174007	-0.0503912476	-0.1029868454	-0.137174366	-0.1238971562	-0.1535722085	-0.0016865872	-0.0747966029	0.0095225317	-0.0757442906	0.0379864365	0.0685479356	0.0687198582	0.0523533881	-0.1881693165	0.0166348211	-0.1246121714	0.0957860398	-0.1762739047	-0.0134769745	-0.0385981335	-0.1218752931	-0.0128594542	0.166205118	0.0831185047	0.0873676673	0.0092430308	-0.0248965684	-0.0488263273	-0.0003747818	0.04810549	0.0307119345	0.0186614731	-0.0327151002	0.0421112027	0.0888071368	-0.068145204	-0.039625489	0.0836609891	-0.0724394582	-0.0351316108	0.1673827806	0.0057674082	0.0989688253	0.0498244881	0.0724330381	-0.0854772157	-0.0029660968	-0.0336576294	-0.0240236196	0.1243990993	-0.0302467624	-0.1345672312	-0.0903353656	0.0310048768	0.0379288277	-0.1279357045	-0.1244948454	-0.082705163	0.1946166908	0.0757230508	0.0939953013	0.0052084308	0.1238901269	0.0658770168	0.0154260654	0.1843626551	-0.0423811453	-0.0969648183	0.0360557725	0.151937289	-0.0031559475	0.0872202884	0.0455195852	-0.0017147089	-0.0413660354	0.0097599568	-0.0730689852	0.1791835245	0.0255860643	-0.021600729	-0.0217846914	-0.0876058245	-0.0396792483	-0.0764484952	-0.0379264973	0.0381169809	-0.10763309	-0.0042992554	-0.0564859537	-0.0536791777	0.1110641056	-0.059244937	-0.0508269837	0.0853178619369146	-0.0144596532092435	0.0002090815709315	0.0072791375654864	0.0160061959213635	-0.0631424494971498	0.0039869689285001	0.000256198307873	0.0859382576533391	0.0350583123416043	0.0012290852642414	0.0073853841284916	-0.0037968787118501	-0.0006217169216039	1.4416287952500476e-05	3.8653193060862993e-07	0.0021701307796098	0.000334110533141	1.1162984835576325e-07	4.709467600609839e-06	0.0012531256891796	2.205768552900056e-06	1.5703239928818475e-06	4.865414908962807e-12	0.0	0.0	0.0	0.0	0.0	0.0	0.0	0.0	0.0	0.0	0.0	1.0	0.0	0.0	0.0	0.0	0.0	0.0
1255.8538312592686	5.139972312094415	1577168.8454885837	26.4193153690972	1522.2350934532146	5.544273701317252	30.7389708751181	2317199.679740517	1185.0552785804016	-0.6097049818279174	1404356.0132912733	0.3717401648657811	1204.653064248773	1347.0983141463255	1.508671	30.800957	0.112968556992499	0.0788586303095351	-0.0373037075	0.0876475807	0.0240019536	-0.0616863629	0.0169118943	-0.0372132142	0.0912662264	-0.1108861365	0.0203430921	-0.1782574403	0.0730376403	-0.0863568887	-0.1170577777	-0.1897906412	0.0343366002	-0.0451100875	-0.1478538128	-0.1204662255	-0.0796361619	-0.1106803044	-0.0446486016	-0.0126720102	-0.0330796918	-0.0677328514	-0.0704454902	0.0954853904	-0.0451126183	-0.0691607141	0.032901004	-0.1011024044	-0.0613719829	-0.0324001623	-0.0452064234	-0.1462047646	-0.0449608249	0.0013143208	0.0337999667	0.0139375036	-0.0245710831	0.0177856761	-0.1253466343	0.0713772191	0.0579853112	0.0527219568	-0.1064207535	-0.0889121745	0.1141506132	0.0672981218	0.1349438021	0.1052663558	-0.0007238935	-0.1018073278	0.0628412936	0.0594369467	0.0931592143	0.1142035163	0.0913862059	-0.0114015296	-0.0021598091	-0.0924711447	0.0517162131	-0.0504638256	0.1845664186	-0.0437406003	0.1895150641	0.0425413361	-0.0822561457	-0.0069434498	-0.0028635035	-0.0596610548	0.0381987951	0.0008005209	-0.0541298323	0.0439870791	0.025463206	-0.0456455766	-0.0990141231	0.1364179779	0.0748692711	0.0149138351	-0.0391475698	0.0221601443	0.1899876334	0.0477822188	0.0285422238	-0.0035959186	0.0797098243	0.0443906661	0.0153998037	-0.0236357259	-0.0700493204	-0.0060049486	0.0597089773	0.1283097127	0.1624314492	-0.1038437217	-0.026161151	-0.1059360011	-0.0010096094	0.002753662	-0.0303932774	-0.1267489511	0.0426315211	-0.0866835054	-0.1563583053	0.080017269	-0.0803016985	0.0794105834	0.0357002118	-0.0949147795	-0.1129211474	-0.0302946587	-0.1438848972	-0.052632168	-0.1441307724	0.0533143039	0.0290768232	0.0336873788	0.0085972246	-0.1570457094	0.0336665267	-0.0689648565	0.0140239881	-0.0670701428	0.0908953837	0.1096943692	0.0150786096	0.0323725331	0.0353954899	-0.0209718524	0.006250386	-0.0434294859	-0.0666700501	-0.0023421706	-0.0042525014	-0.1067758027	-0.1206619059	0.0032346802	-0.0212915443	0.0918746136	0.0089965741	-0.0395631825	-0.1248127409	-0.0849626567	0.1174575789	0.1268215857	-0.0841334617	-0.0554937529	-0.0956971942	-0.1003542126	0.0392093322	-0.1273164016	-0.1037056786	-0.030549544	0.1033903655	0.005216539	-0.0583307311	-0.0498665756	0.1106882998	-0.0663509546	-0.0410229053	0.101861793289828	0.0165439313529134	0.0002737016646099	0.0103758249322196	0.0134482218866907	-0.0025579740346728	6.543231162060245e-06	0.0001808546719136	0.0190360090947763	-0.0669022485585627	0.0044759108621917	0.0003623696422564	-0.0032938923432134	0.0005029863686367	1.0849726768679864e-05	2.529952870343344e-07	0.0022059447527618	3.5813973151999946e-05	1.282640672932173e-09	4.866192252237319e-06	0.0012526379700413	-4.877191383000946e-07	1.5691018839891889e-06	2.378699578641868e-13	0.0	0.0	0.0	0.0	0.0	0.0	0.0	0.0	0.0	0.0	0.0	0.0	1.0	0.0	0.0	0.0	0.0	0.0
1258.5510413085524	2.69721004928374	1583950.7235788414	7.274942049957194	1532.6827451422846	10.447651689069971	109.15342581612664	2349116.3972568894	1189.660631089384	4.605352508982378	1415292.4171639914	21.209271731990285	1208.827450799097	1341.42958149305	1.169486	23.876177	0.1841650716884367	0.1123811375826959	-0.0167581318	0.0772065112	0.0599929157	-0.1621153393	0.0075488102	-0.0337439824	0.0173469793	-0.0492970022	-0.019244245	-0.1016729409	-0.0428838848	-0.0940392381	-0.0548420532	-0.0299494423	-0.0650442177	-0.0553667656	-0.0356421479	0.1771170757	0.1062529125	-0.115572933	-0.089738943	0.0290938928	0.0212059318	-0.1122504847	-0.1183052641	-0.0769385695	-0.067162063	-0.0656592397	0.0086645927	0.0325573838	0.0247337102	0.0198351527	-0.1234700957	-0.0227614578	0.0038821623	-0.0799610765	-0.0905328609	0.0448686355	0.0199245959	-0.0475834138	-0.0114337244	0.026740962	0.0446738219	0.1353107763	-0.0861382854	0.1094036249	-0.047973657	-0.1589905564	0.0098813472	0.0126892479	0.0581167778	0.1279855878	-0.0491769642	-0.042514863	0.0951398352	-0.0615458878	0.0982367013	0.0431394596	0.0180346651	-0.1345176491	-0.1232132705	0.0131254182	-0.0793291565	-0.0618169586	-0.0303938204	0.1359528878	0.067551839	0.145547623	0.0287323353	-0.0367617733	-0.0355742648	0.0232612566	-0.0619967317	-0.1195098995	-0.0802395847	0.0315143168	0.151342226	-0.0115164963	0.2066933074	-0.0294959917	-0.0943419708	-0.0084734969	0.0887913771	0.1332382444	-0.020484458	-0.1228081959	0.0563781796	-0.0758699688	-0.0127238716	0.0177572084	0.0028848771	-0.1137350655	-0.0398499684	0.0080704319	0.0526886593	0.0063571881	0.0556827465	0.0202937449	0.0167006808	0.0856144021	-0.0654915629	0.063255787	0.1351587186	-0.0817143021	-0.0280965702	0.1496516875	-0.0124045511	-0.0524359319	-0.1589774498	0.0786000447	0.0328307525	-0.0037056653	0.0859101001	-0.0417704578	0.0919470546	0.1020062074	0.0217132349	0.0150488258	0.0331474849	-0.0321492665	0.0279052834	0.1659934887	0.0853192386	-0.0047925058	0.0165290731	0.0647419894	0.0765995958	-0.0635692941	0.0038073309	0.0180182182	0.0931142145	0.0664551849	0.0648899949	0.0118772399	-0.1096079305	-0.1042202729	0.0279877465	0.0424280609	-0.1211325477	0.0191952489	-0.0191787594	-0.0110211611	-0.2079682394	-0.0804319352	0.0032091997	0.0246801826	-0.0463764657	0.0418683352	-0.0149990397	-0.0357706801	-0.0347441414	-0.0628888157	-0.0032287122	0.0418134685	0.0648074437	0.032132913	-0.0601535728	-0.0459789694	0.1099379598	-0.0730579298	-0.0308334408	0.0903893033764404	-0.0114724899133876	0.0001316180248127	0.0081702261648781	0.0386829690261407	0.02523474713945	0.0006367924631919	0.0014963720926773	0.0644242463871904	0.045388237292414	0.0020600920845124	0.0041504835225574	-0.0049901294817439	-0.0016962371385305	2.4901392244569647e-05	2.8772204301301398e-06	0.002545879950756	0.0003399351979942	1.1555593883535597e-07	6.481504723661373e-06	0.0012578575803803	5.219610339000144e-06	1.582205692520183e-06	2.7244332090997197e-11	0.0	0.0	0.0	0.0	0.0	0.0	0.0	0.0	0.0	0.0	0.0	0.0	0.0	0.0	0.0	0.0	0.0	0.0
1258.7140679312151	0.1630266226627554	1584361.1048079478	0.0265776796968244	1536.5436487313896	3.860903589104964	14.906576524363595	2360966.384456772	1188.8081493356656	-0.8524817537183935	1413264.81592689	0.7267251404227878	1208.5844841891903	1350.8193456725242	1.103913	22.537432	0.1415259391834862	0.093620398052285	-0.0211113485	0.0872173067	0.0171419394	-0.0254010208	0.0424860639	-0.00469892	0.0396419174	0.0097876256	0.0236016927	-0.0863287383	-0.0697308576	0.0129451906	-0.1250533929	-0.0746241498	-0.0066544008	0.0460618867	-0.0460623503	0.0956190232	-0.0505446664	-0.0699020604	0.0489852675	0.1165029417	0.0579808584	-0.1169740507	-0.0819805159	0.1285907642	0.0824917655	-0.034673411	-0.1714648127	0.0882679813	-0.0693036724	0.0073950602	0.1739627915	0.0149658311	-0.0302843428	0.0757862799	-0.0047956299	-0.1579588469	-0.0005959765	-0.0636496268	0.0590283069	-0.0756461232	-0.0638486097	-0.060724081	0.0403882363	0.1850366082	0.0250663725	-0.0104619946	0.0118501162	0.0705399072	0.0658981018	-0.0616489077	0.0149903452	-0.0600147911	-0.0475358952	-0.0670551304	0.1374461011	0.093500277	0.0900654889	0.0337258907	-0.0176564317	0.0584309477	-0.0058008694	-0.0619691402	-0.1067667542	0.0728493393	-0.0309461268	0.0346706976	0.0371453755	0.035517196	-0.0024961773	-0.0823196852	-0.0084376053	0.0127379965	-0.059579808	-0.0022293935	0.0991842679	0.0395880704	-0.0196969214	-0.0465743437	-0.1040205833	0.0059246286	0.1561726764	-0.0923938064	0.0581007535	-0.1124923166	-0.1321378004	0.0021312314	-0.1315750533	-0.0149462253	0.0678928732	0.1038236659	0.0385042923	-0.0617785888	-0.113856061	-0.0809464984	-0.1354103101	0.1089658063	0.0486390513	-0.0329972422	0.0296241227	0.134097848	-0.0707255743	-0.0560695974	0.143132312	0.1218531007	-0.0262093287	0.096302532	-0.0838272237	-0.0259467929	0.0788161166	-0.0520855122	-0.0189525833	-0.0913350776	0.0196816487	0.0301761716	0.146944576	0.0271076494	-0.0468359614	-0.0148691044	0.0764091849	-0.0245002448	0.0671617658	0.0379686461	-0.0599873956	0.0386449325	0.0352973424	0.0626595251	0.0116235329	-0.030872804	-0.008880607	-0.0719890175	-0.0559342119	0.077020877	0.0006356431	-0.0360014283	-0.080779985	-0.0131637634	0.0111292618	-0.0033379687	0.0004759844	0.0046947442	-0.0576972756	-0.0580413747	-0.0149307204	-0.0002646067	-0.002507215	0.0365423378	-0.0574057657	-0.0458219422	0.0120808484	-0.1621713915	-0.0585987265	-0.0637988279	0.0596842731	0.0782738498	-0.0619537931	-0.0420222065	0.1088156246	-0.0793255261	-0.0203543145	0.097840303410976	0.0074510000345356	5.551740151464966e-05	0.0095727249715518	0.0431778534279487	0.004494884401808	2.0203985785616876e-05	0.0018643270266454	0.0246997395986028	-0.0397245067885875	0.0015780364395965	0.0006100771362387	-0.0035591186991041	0.0014310107826398	1.2667325914312462e-05	2.047791860031373e-06	0.0023100398025772	-0.0002358401481788	5.5620575492998413e-08	5.3362838894909085e-06	0.0013881176087328	0.0001302600283524	1.9268704956740662e-06	1.6967674986394082e-08	0.0	0.0	0.0	0.0	0.0	0.0	0.0	0.0	0.0	0.0	0.0	0.0	0.0	0.0	0.0	0.0	0.0	0.0
1257.860273310121	-0.853794621094039	1582212.467171813	0.7289652550091137	1539.4270630625333	2.88341433114374	8.314078205045103	2369835.682489337	1186.0881681894389	-2.7199811462267007	1406805.1427189787	7.398297435828717	1206.4408792500556	1338.1825824690711	1.233106	25.175047	0.145608178181208	0.0771086492941741	0.0919029867	0.0544899405	-0.0551527034	-0.0834632702	-0.1182455575	-0.0381215632	-0.0422155918	0.0017226034	0.080546725	-0.0098170822	-0.0108509549	0.0546500216	0.0117196854	-0.0183862634	0.0689901705	0.1557566261	0.1110810515	-0.0222200605	0.0607899647	-0.1540185626	-0.078932095	0.0295849531	-0.1103892213	-0.0346360183	-0.01340676	-0.05638658	0.0515163639	-0.09077458	-0.1347533199	0.0164606289	-0.1857181568	0.0687571259	0.0652623609	0.0708441665	0.1720399077	0.0142842698	-0.0308669997	-0.0452789592	-0.1897692832	-0.0302654478	0.0929814288	0.0248411705	0.0080284332	0.0701936671	0.1311287816	0.0334896	-0.0006195397	0.0804343293	-0.0617598844	-0.0345489507	0.1454889642	-0.1523415495	-0.1058170904	0.0159706142	-0.047568862	0.0355982945	-0.052675445	0.1964699196	-0.0547059482	0.089635747	0.0097577977	0.0266659705	-0.1806147973	0.0714019724	0.059920751	-0.000440237	-0.1353716399	-0.100087748	0.0099363772	-0.0743468534	0.1049918848	0.0301204995	-0.0285682871	-0.0956345262	0.1605990276	-0.1046766348	0.0313780298	-0.0329997654	0.0476962878	0.0877723385	0.039229778	0.0831917566	0.0975237544	0.050438548	-0.0940657621	-0.1719255234	-0.0686578442	0.1726906767	0.0010753381	-0.07836352	0.0766246903	0.0228389432	0.0146373582	0.1009866066	-0.1790177333	0.0336139764	-0.090409547	0.0583696829	0.1538920785	0.0469203681	-0.0445985977	0.0212493673	-0.0490998985	0.1515953112	0.0335831993	0.1175914721	0.0579844555	-0.0895054076	0.0632949329	0.0865868918	0.0575087449	0.1184057147	-0.0970476371	0.0107561405	0.0120683415	-0.1763600315	0.1247696912	-0.1258620961	-0.137706406	0.0135899692	-0.0052865588	0.0392235158	-0.0559456079	-0.0288194916	0.1139010751	-0.1139413971	-0.041992498	-0.1305936743	0.0264561006	-0.1005491395	-0.0485988149	0.0144925738	0.0484447485	-0.041803781	-0.0765705031	-0.0268902646	-0.1022340315	-0.0409347445	0.0688096697	0.0387480704	-0.218799484	0.0817965538	-0.047711417	0.0968986502	0.0711001529	0.0701036914	0.0645929328	-0.0094926602	-0.0057832609	0.0576022366	0.0835633306	0.0421065832	0.0236908466	-0.0358708409	-0.0308140464	0.0973680602	-0.0637307152	-0.0380022381	0.1073250918	-0.0851160492	-0.0096839714	0.0818184114963145	-0.0160218919146615	0.000256701020525	0.0066942524597802	0.0093552632757223	-0.0338225901522264	0.0011439676046054	8.752095095807834e-05	0.0653685966503729	0.04066885705177	0.0016539559338973	0.0042730534280391	-0.0043920587333327	-0.0008329400342285	1.929017991704404e-05	6.937891006207412e-07	0.0024467563830441	0.0001367165804669	1.8691423374562364e-08	5.986616797967046e-06	0.0012558774421773	-0.0001322401665554	1.5772281497697976e-06	1.7487461650626356e-08	0.0	0.0	0.0	0.0	0.0	0.0	0.0	0.0	0.0	0.0	0.0	0.0	0.0	0.0	0.0	0.0	0.0	0.0
1257.0732544427103	-0.7870188674107794	1580233.1670351871	0.619398697660546	1541.136360298398	1.7092972358645966	2.9216970405343505	2375101.281033793	1187.4747234037457	1.3865552143067816	1410096.2187228024	1.922535362321325	1207.1188426150552	1342.0329899162095	1.159779	23.677998	0.1295999534485117	0.0851283342305382	0.0381729495	0.077419007	0.0780794902	-0.014776865	-0.0178668697	0.0109973521	0.0648795373	0.008142296	0.058500206	-0.0817709089	-0.0313097784	-0.0045820111	0.0556500559	0.0582539714	-0.0385326736	0.0698262494	-0.032373613	-0.0434049357	0.0165081089	-0.0675006034	0.0810973466	0.0362509269	0.1809359718	-0.0764915542	-0.0995058455	-0.0616639743	-0.0032689719	-0.006619887	-0.0415189715	-0.0707170796	-0.0616005672	0.0595890419	-0.1298374992	0.0639938083	-0.1271138973	-0.0318440745	-0.045452866	-0.029970154	0.0597345119	0.1137351799	0.0757148725	0.0229777729	-0.0439322687	-0.0394478712	0.0421485589	0.0689762927	0.0753459314	0.1144627461	-0.1068741633	-0.0431735175	-0.0458538911	-0.0910699379	-0.019307189	0.0229712051	0.0048194467	0.0051706372	0.0546612426	-0.0264630652	0.0521252177	0.0247128781	0.0287295579	-0.0796485212	-0.0124313628	-0.0575089664	-0.0659753581	-0.1764714582	-0.0577593594	0.0494226583	0.0392058548	0.103313121	0.0868678404	0.0914580706	0.0586772111	0.0924372674	0.0052661327	-0.0869897138	-0.0194712297	0.0342757042	0.0505911424	-0.1011901913	-0.1403984192	-0.056905339	-0.0291502429	0.0025020599	0.0100008567	-0.0658233929	0.0285518474	0.1147871276	-0.1285913225	-0.0891257681	-0.0269488554	-0.1151601787	-0.019043036	-0.1539420611	0.0747735228	0.0766204781	-0.0062271143	-0.0918969131	0.0164934076	0.0211498731	0.0578604998	0.0035845017	-0.0477444598	0.0431418332	0.1553258838	0.0396062355	-0.0679642768	-0.0532063212	0.0863929841	-0.1114652295	-0.0307005608	0.0288516912	-0.082853278	0.0217754015	0.007899863	-0.00150301	-0.0387979921	-0.0169774874	-0.0098527179	0.0391866804	-0.0196148779	0.0669098327	-0.0457196153	-0.050697966	-0.1349353309	-0.0670711616	-0.1030411419	0.0702327693	-0.1043373668	-0.046492133	-0.0788834141	-0.1070470039	0.0196430514	0.1089217565	-0.0723667528	-0.0718613135	0.0413474751	-0.0164401245	-0.0123599019	-0.0589176459	-0.0953917278	-0.0208265892	-0.0152977703	0.0490128061	0.0370576509	-0.1471486983	0.0130315008	0.0844095597	-0.0232564162	0.0076162054	-0.0493165481	-0.0259946499	0.000296971	-0.0766767424	-0.0191913972	0.0451293557	-0.0654836707	-0.0339251109	0.1054714048	-0.0903946745	0.0010773469	0.0717513198044201	-0.0100670916918944	0.000101346335133	0.0051482518936761	0.0895810215153432	0.0802257582396209	0.0064361722851221	0.0080247594157323	0.0570655594691515	-0.0083030371812213	6.894042643274498e-05	0.0032564780775272	-0.0042530631822334	0.0001389955510993	1.808854643206929e-05	1.9319763225398155e-08	0.0023231024921759	-0.0001236538908682	1.5290284726844714e-08	5.396805189153877e-06	0.0008984455574293	-0.000357431884748	8.072044196644456e-07	1.2775755223450762e-07	0.0	0.0	0.0	0.0	0.0	0.0	0.0	0.0	0.0	0.0	0.0	0.0	0.0	0.0	0.0	0.0	0.0	0.0
1258.9020284264802	1.8287739837699064	1584834.3171763064	3.344414283713654	1539.313793108121	-1.8225671902769136	3.321751163073884	2369486.953652911	1187.3302942379044	-0.1444291658413021	1409753.2276150684	0.0208597839456143	1207.1783811004252	1363.3602283212367	1.189961	24.294188	0.1737352635942336	0.1073643428960406	-0.0542609632	0.0523764053	0.0066442609	0.0016933713	0.0852980862	-0.0564195513	0.0760346307	-0.0424371431	-0.1138596213	-0.0202764656	0.0178877241	-0.0418363899	0.0974877822	0.0446851501	0.1682703165	0.0648017379	-0.0674045205	-0.0221948428	-0.0546610603	-0.0250706038	0.0261759307	-0.0344190953	0.1268642067	-0.1604247322	0.0527640517	-0.0770156005	0.012309108	0.0603758495	0.0024105807	0.0338765317	-0.1161183292	-0.1790138176	-0.0256931876	0.012321865	-0.0871303058	-0.0997825478	-0.1318333163	0.0357948249	-0.0056103901	0.0929271104	0.015801923	-0.0412319823	0.0514748269	-0.1591232244	-0.0410441106	-0.0531761219	-0.0668176106	-0.0644983202	0.0693985281	-0.0204726237	0.1316376202	-0.1225469749	-0.1223317283	0.0868377506	-0.1026870537	-0.1203849035	0.067144076	-0.0198790479	-0.1012370251	-0.1483653346	0.0105443857	-0.0052719359	-0.0897331324	0.0817581344	0.0091176313	-0.150920108	0.0505594248	-0.1016532788	0.1356815512	0.0553683579	0.0275293428	0.0413753679	-0.0347989804	-0.0096145445	0.0312069822	0.0103618413	-0.0152706207	0.0953313068	0.0338620608	-0.0435510667	-0.0264268193	-0.0978712832	-0.0061120371	-0.1142701563	-0.110445386	-0.0419967547	0.0121144765	-0.033377892	-0.0593309859	-0.223170267	-0.0617137166	0.056856841	-0.0884420208	-0.0129056881	0.0610150809	0.0432991433	0.1157685982	-0.1016676392	0.0671096676	0.0921030122	-0.0868790072	0.0653176063	-0.1383842808	-0.1018084473	-0.0188372709	0.0026529974	0.1167020519	0.0311816595	0.012626512	0.0917313766	-0.0231266021	-0.0596803492	-0.1490892262	0.0296668616	0.1284488246	-0.053468484	0.0694490492	0.0708663135	0.0702543673	-0.0297377428	-0.111730523	0.1581430459	-0.167735813	0.0852830317	-0.0070515981	-0.0442520661	-0.0907019062	-0.0529781733	0.0027869915	-0.07502818	-0.061521267	0.0090496467	-0.0170280931	0.025811858	0.0008171756	-0.0177716643	-0.0863157277	0.0970320993	-0.0132000416	-0.0307696914	-0.0052012878	-0.1211645091	-0.09904328	-0.0370729677	0.1600285534	-0.0016277514	0.0258429389	-0.0845666809	-0.0657154187	0.0403701066	0.0643054704	0.0435624235	0.0542347561	-0.1294003908	-0.0546186826	0.1035748289	-0.0672120005	-0.029796957	0.103260836	-0.0951296555	0.0118285441	0.0845383922969915	0.0127870724925714	0.0001635092229302	0.00714673977216	-0.0095315696949285	-0.0991125912102716	0.0098233057364144	9.08508208492794e-05	0.0399505988784909	-0.0171149605906605	0.0002929218760198	0.00159605035075	-0.0037359404228643	0.000517122759369	1.3957250843191486e-05	2.674159482575119e-07	0.0024208105397758	9.770804759989989e-05	9.5468625657843e-09	5.860323669489599e-06	0.0011780275364749	0.0002795819790456	1.387748876693122e-06	7.816608300705434e-08	0.0	0.0	0.0	0.0	0.0	0.0	0.0	0.0	0.0	0.0	0.0	0.0	0.0	0.0	0.0	0.0	0.0	0.0
1258.891679908954	-0.0103485175261539	1584808.2617439884	0.0001070918149891	1545.2891849786986	5.975391870577596	35.70530800696482	2387918.66521213	1187.444207163078	0.1139129251737358	1410023.745125151	0.0129761545216371	1207.346981790277	1355.607819908735	1.103009	22.51899	0.1315159005650556	0.074068343854763	-0.0888577519	0.0207492289	-0.0021857725	0.0039414348	0.0051960894	0.0436074955	-0.0648010041	0.0253939224	-0.1355470074	-0.0308596481	0.0461801579	-0.0947217313	0.0616234976	0.1373021845	-0.0024525695	-0.0385583477	0.1526168347	0.0773411491	0.0059473707	-0.0109738173	-0.0056207731	-0.0115788146	0.051780217	-0.1094466621	0.1508025448	-0.0205397213	-0.0604696026	0.1704239236	0.0210662161	0.0885688737	0.0648801189	-0.1144200244	0.0089165207	-0.0742878847	-0.0787067529	-0.0059396051	0.0675428199	-0.1066686461	-0.0206173781	-0.001297688	-0.0023251897	-0.0467268091	-0.0137890889	0.1755657793	0.0279644859	-0.2129075036	-0.0783325706	0.130748739	0.0528447485	0.0479200627	0.0149654054	0.077941928	0.1354119732	-0.073481162	0.0436895237	0.1667040464	-0.0030058691	0.0369886496	-0.0081337354	0.0213826593	-0.1136976041	0.0442493383	-0.011294818	0.1924374088	-0.1132154509	-0.0308915759	0.0524756145	-0.1072717863	0.0231911042	0.1571386657	0.0319799653	-0.0874217858	-0.0925678786	-0.1125600434	0.1078126745	0.0427240206	0.0760031998	0.0379389139	0.0684454938	-0.0040926922	-0.0066329749	-0.1185505048	-0.0624243378	-0.0980166194	-0.1235142045	0.0983113713	-0.0442110774	-0.1021221451	0.0294117834	-0.0214658797	0.0318548416	0.0257356145	-0.0353341108	0.0364926321	0.0910182579	-0.1021884463	-0.0436428347	-0.075502111	0.0183846711	-0.2060904691	0.0204243352	-0.0699025155	-0.0025826039	0.0978554389	-0.1124106603	0.0605915186	0.1110037087	-0.0346799921	-0.0667213687	-0.0673137283	-0.0570681437	0.1152395187	0.1586067218	-0.0266373	-0.1852563687	-0.0107961163	-0.0011903871	-0.0287642432	-0.0514259527	0.1774502614	-0.0768144311	0.0038072911	-0.135637822	0.1280926802	-0.0354295092	0.0795458324	0.0341581973	0.0564077941	-0.0496546222	-0.1240762159	-0.0202257556	0.1995030543	0.0488703601	0.0031656142	-0.0194037986	0.0128263694	-0.0694960088	0.1359239086	-0.0797728158	-0.0217431272	-0.0182666736	0.0492094114	0.0369119577	0.1136042778	0.1295058145	-0.0833228021	0.0759662382	-0.0445378888	-0.047937221	0.1405147098	0.1010265414	0.0923861782	0.0545186109	0.1457795998	-0.0941955602	0.0316429916	-0.0689150546	-0.0256239856	0.1007008652	-0.0992925156	0.0224686191	0.0818934327798928	-0.0026449595170986	6.995810847090986e-06	0.0067065343324748	0.0119857520568444	0.0215173217517729	0.0004629951353693	0.0001436582523681	0.0616816139228149	0.0217310150443239	0.0004722370148566	0.0038046214961231	-0.0048729253298801	-0.0011369849070157	2.374540127058708e-05	1.292734678781727e-06	0.0028101050502149	0.0003892945104391	1.5155021585801882e-07	7.896690393243287e-06	0.0009918548688926	-0.0001861726675823	9.837760809459565e-07	3.46602621547096e-08	0.0	0.0	0.0	0.0	0.0	0.0	0.0	0.0	0.0	0.0	0.0	0.0	0.0	0.0	0.0	0.0	0.0	0.0
1260.2045612329316	1.3128813239775354	1588115.5361522858	1.7236573708490064	1543.321299142211	-1.96788583648754	3.8725746654482633	2381840.632386002	1187.8391292197705	0.3949220566923941	1410961.7969055823	0.1559634308621505	1207.464745823341	1351.7372430163873	1.240242	25.320726	0.0461616133643278	0.0257350436417963	-0.0714759422	-0.0978480054	0.0872381794	-0.0553044106	0.0060208364	0.0747472467	-0.1282915482	-0.0539625515	-0.0756646067	-0.0011085062	-0.034361897	-0.1686901413	-0.0343330479	0.1158479357	-0.1321992786	0.0276962274	0.0411496282	0.0235039934	0.058529586	-0.0163783053	-0.0937431832	-0.1679367988	0.2497659267	0.0053492216	0.0129548654	-0.0886974007	0.0788098166	-0.0418666083	-0.0302832039	0.035061941	0.0806754475	0.139998647	-0.0510330568	-0.0006223889	-0.1802857891	-0.0510705276	0.0487577357	-0.095050127	0.0602624665	0.031842854	-0.0159031049	-0.0149629936	-0.2117809102	-0.0033459037	-0.0098775842	0.0134386617	0.0490976896	0.0125380369	-0.0337102168	-0.0425386382	-0.0481287756	-0.0573908379	0.0182688277	0.1081052092	-0.0636527773	0.0477095142	0.054088995	-0.0403515339	-0.0377428396	-0.0443655906	0.0771471683	0.0325375352	0.0816987859	-0.0133174342	0.0045053816	0.0184159057	0.019541289	-0.1261936125	-0.0769673938	0.0164840537	0.0275187876	-0.0502126231	0.1212935566	0.048623664	0.0381036714	0.0775026527	-0.0144284666	0.0235445369	0.1851712	-0.0143281798	-0.0262794718	-0.0112915046	-0.1854137402	-0.0711318931	0.098279258	-0.131801818	0.0801729905	0.044372871	-0.0572495334	0.0290333212	0.0751671469	-0.0745390814	-0.0616585471	-0.1235105446	0.1196643736	0.0341252206	-0.1191517536	-0.1124756072	-0.0348452496	-0.0842153101	0.1887656552	0.0323969875	0.0169261673	-0.0162636324	0.0141191083	-0.0882074297	-0.0131409424	0.0054937638	0.0256143326	-0.0322473563	0.0128194402	-0.0873531668	-0.0861217562	0.1164652531	-0.0240150831	0.0166367226	-0.0101061352	0.0742416429	-0.0479399858	-0.0094423031	0.0432338835	-0.0987773686	-0.1321799647	0.1053008344	0.0735783348	-0.0600444675	-0.0039312571	0.0076027934	-0.0819603847	-0.006503878	-0.0299391175	0.0248260525	0.0452038954	0.1127625188	-0.0437658424	0.0385024205	0.0775588233	0.136985987	-0.0112967247	-0.0453854717	-0.0472728423	0.1066943149	-0.0813037385	0.1099749413	0.0554389519	-0.0318166459	-0.0121991006	-0.0432564855	0.0621215298	-0.0515597603	-0.0270109894	-0.0511587131	-0.0306283525	-0.0900582136	-0.0290978916	-0.0995901834	-0.0705921926	-0.0214124734	0.0978001546	-0.1028582188	0.0328976148	0.0989294764238764	0.0170360436439835	0.0002902267830397	0.0097870413055023	0.0121182211267409	0.0001324690698964	1.754805447924372e-08	0.0001468512832765	0.0647872761799277	0.0031056622571128	9.645138055255004e-06	0.0041973911548142	-0.0047821490823159	9.077624756419992e-05	2.2868949845494804e-05	8.240327121836913e-09	0.0026260660244628	-0.0001840390257521	3.3870362999782165e-08	6.896222764837856e-06	0.001234788363443	0.0002429334945504	1.5247023024942423e-06	5.9016682774469265e-08	0.0	0.0	0.0	0.0	0.0	0.0	0.0	0.0	0.0	0.0	0.0	0.0	0.0	0.0	0.0	0.0	0.0	0.0
1259.9798921531835	-0.2246690797480823	1587549.328630348	0.0504761953948501	1529.759954911949	-13.561344230261966	183.91005733165952	2340165.5196522083	1188.121979012116	0.282849792345587	1411633.8370116672	0.0800040050299417	1207.5228608433204	1343.7654182194688	1.280534	26.143322	0.0889858674529014	0.0542122825153816	0.0594995225	-0.1503026875	0.0098449795	-0.0675204336	0.1405225846	-0.1098239648	0.0238828349	-0.0649525857	-0.028098884	0.0787655778	0.0552278287	-0.1214644122	-0.1072561918	-0.0818706634	0.0733291867	0.0602818939	0.0104051887	0.1183736997	0.0672402614	0.1177179629	-0.0130617934	0.0145926343	-0.0749855456	-0.0947238262	0.1252984414	-0.0026140523	-0.0340125476	0.1370310996	0.0680940014	-0.0255152808	0.0390589406	-0.0956987971	-0.1211627176	0.0959805885	0.0720502788	-0.1406519895	0.0465967464	0.1102511379	0.001040194	0.0608686466	-0.1111151499	-0.0521209273	-0.0923696986	-0.000619579	0.0198896309	-0.0991778773	-0.0286631705	0.0869118273	-0.0071433985	-0.0001483461	0.096002338	-0.064088332	0.0930630384	0.1722515148	0.2219131192	-0.0841551967	-0.0036851441	0.0112345356	-0.0128672238	-0.0467979133	-0.0719881903	0.022194992	0.0162282278	-0.0658004311	0.0763651355	0.0898784499	0.0260055335	0.0303293949	-0.1010576687	-0.0716418013	0.1305628844	-0.0059377269	-0.0701806949	0.0257606465	-0.0968592996	0.1306705239	0.0569985539	-0.1057420224	0.0054495382	0.005965112	0.0232130337	-0.1228231276	0.0254120975	-0.0288723771	-0.1359186603	0.1259624257	-0.0210282086	-0.0276303297	0.1744883858	-0.0653324407	0.0268422746	-0.0763137737	-0.1617184646	0.1115728764	0.0821452211	0.0280433355	0.0437362399	-0.2058088925	-0.054927766	0.0073932085	-0.0481300836	-0.0509590791	-0.1030985445	-0.0050195608	0.0184886339	0.0702715213	0.0607318308	-0.0088988661	-0.0462770911	-0.1029749838	0.1366012839	-0.0359017682	-0.0406693566	0.0721201383	0.0191635558	0.0302525392	-0.0938109594	0.0680812952	-0.0126532324	0.0054491681	0.0407345891	-0.052476506	0.1247677236	-0.0706515651	0.1134493938	0.0345847396	0.1319624324	-0.0881815092	-0.0029472984	-0.0236816918	0.1081626417	-0.0201718356	0.0254051697	0.0827409113	0.0174594342	0.093568192	-0.0981988622	0.1425802422	0.143109942	0.0550648695	-0.1208545472	0.0388001633	0.0087603605	-0.0838341372	-0.0471373838	-0.0334799347	0.0762180798	-0.0013038306	-0.1404130896	0.0390841483	0.0298815498	-0.0023189287	0.0132921888	-0.0472380399	0.0018605086	-0.0994560485	-0.0722427837	-0.0171687548	0.0945685192	-0.1058053206	0.0430175569	0.1060712721865115	0.0071417957626351	5.100524671519267e-05	0.011251114783265	0.0267811667618786	0.0146629456351377	0.000215001974699	0.0007172308931275	0.0641120659591791	-0.0006752102207486	4.559088422033858e-07	0.0041103570015541	-0.0038400055873247	0.0009421434949912	1.4745642910684912e-05	8.876343651542338e-07	0.0028558368999485	0.0002297708754856	5.2794655221464966e-08	8.155804399107457e-06	0.0013929923096537	0.0001582039462107	1.9404275747543497e-06	2.502848859663808e-08	0.0	0.0	0.0	0.0	0.0	0.0	0.0	0.0	0.0	0.0	0.0	0.0	0.0	0.0	0.0	0.0	0.0	0.0
1260.4697794231515	0.4898872699679941	1588784.0648390483	0.2399895372766943	1537.673060489107	7.913105577157921	62.6172398752478	2364438.440953937	1187.497396206251	-0.6245828058649749	1410150.0659966262	0.390103681382165	1207.4049936299384	1353.1299291259434	1.186986	24.233452	0.1064058991050371	0.0534765037673685	0.0839250738	-0.0682874124	-0.0496042311	0.0578350679	0.0858719338	0.0015248485	-0.0929855622	0.0009475243	0.0410649695	0.1120264242	0.0114527578	-0.0474850424	-0.1780010156	-0.0755676993	0.0411449373	0.0359939095	0.041292858	0.0933931301	0.0983184274	0.1618559565	0.0182486734	-0.0439195897	-0.2010237623	-0.0735879985	-0.0735853508	0.0759576112	-0.065568045	0.0297490289	0.0114506894	0.0214293881	-0.09062972	0.1099944989	-0.0632770121	0.1160423455	-0.0421010168	-0.0812856542	-0.1072676626	0.0337245928	0.0342885949	-0.0446028486	0.0966344402	0.1508879415	-0.0052457733	-0.1620884731	-0.0622365044	-0.0624306689	0.0052317456	0.0876207021	-0.0457392794	0.0803912508	0.0700950562	0.0487536569	-0.0765979773	-0.0631704298	0.0005236386	0.0362474248	-0.0093554437	-0.0256846413	-0.011175579	-0.0284121789	0.0817691729	-0.0089522514	0.1576414452	-0.0583579219	-0.0166810564	0.0515539069	-0.0671618532	-0.0231798982	-0.1605426209	0.053478473	-0.0537792585	0.0733106256	0.0353263639	-0.0825406399	-0.0156717273	0.0731939551	0.0543175675	-0.1802396815	-0.0495332102	0.0068901209	0.0982025469	-0.1125426744	0.1274195179	0.1230761395	-0.0118402016	0.0847642102	0.0059257508	0.0213339492	-0.0801002345	-0.0419502311	0.0995160379	-0.0512019334	-0.1021130498	-0.0574124894	-0.0060153274	0.037632045	0.0208201437	0.020506505	0.0520584283	0.1907416533	0.1064336414	-0.139589625	-0.0753293638	-0.0500275928	0.0396408083	-0.0901142115	-0.0603210625	0.0009113911	-0.0712804534	0.0220115801	-0.1217578111	-0.0408242656	-0.0548235816	-0.0792939959	-0.0723330806	-0.0586624183	-0.0482940799	-0.0597599308	-0.0131108075	-0.092776281	-0.0313519566	-0.0836915295	0.0736427523	-0.0176549962	0.0531017787	-0.0349532487	-0.050651362	0.0756299708	-0.1008771615	0.0357758772	0.0505607928	0.1390834834	0.0536861468	-0.038461502	-0.0386217514	0.0787101907	-0.0262308371	0.0734616893	0.1342700409	0.0595810626	-0.0527710607	-0.0975186042	-0.1433118727	-0.025027378	0.0189345346	-0.08216888	-0.1019957669	0.0735628965	0.1282672546	0.1407126358	0.0661544503	-0.0754052975	-0.000789143	-0.0091063869	-0.000941798	-0.0667585348	-0.0738662073	-0.0128992127	0.0910168938	-0.1081160967	0.0527333744	0.0964566126990575	-0.0096146594874539	9.244167705968904e-05	0.0093038781333759	0.0588016296180882	0.0320204628562096	0.0010253100415258	0.0034576316457428	0.0414592299626406	-0.0226528359965384	0.000513150978686	0.0017188677490951	-0.0046355817823132	-0.0007955761949885	2.1488618460514025e-05	6.329414820323802e-07	0.0028541875098224	-1.6493901261000962e-06	2.7204877880764918e-12	8.146386341226192e-06	0.0014381255398358	4.513323018209988e-05	2.068205068328011e-06	2.0370084666704113e-09	0.0	0.0	0.0	0.0	0.0	0.0	0.0	0.0	0.0	0.0	0.0	0.0	0.0	0.0	0.0	0.0	0.0	0.0
1261.6964249878235	1.226645564672026	1591877.8688270547	1.5046593413295537	1544.9411090006213	7.26804851151428	52.82452916572494	2386843.030280069	1186.448495051038	-1.048901155213116	1407660.031408873	1.1001936334074092	1206.8238546115538	1352.6388581873125	1.102211	22.502699	0.1326426249889281	0.0825568800526234	0.133906623	-0.0380517535	-0.0466430114	0.0468214141	-0.0736599485	0.0421344861	-0.0796194228	0.0118395538	0.0567507501	0.0278127764	-0.0599801092	-0.1145247144	0.02598719	0.0308309671	0.037795853	-0.0184882209	0.0425786711	-0.0325496639	0.1366259731	0.1837470028	0.0034994519	0.0530436491	-0.0016746557	-0.0737987451	-0.0755935254	-0.0064209662	-0.1018926749	-0.0234979514	0.1495477357	-0.1293599961	-0.0251182296	0.0605523899	-0.0389995068	-0.0398566885	0.0033173118	-0.1281634245	0.100505993	-0.0115490145	0.0465392833	-0.1930214708	-0.0205975306	0.0209078449	0.0213755249	-0.0249053456	0.0183454851	0.1177628932	0.0053344584	-0.0176307712	-0.0089238934	-0.000904273	-0.2073464825	-0.1238654211	0.1359432392	-0.0340610827	-0.0466549397	-0.0097658664	-0.0167459009	-0.0830372144	0.0166251092	0.172148879	0.0022954673	0.0212740389	-0.035215405	0.0738446641	-0.1082436922	-0.0639701266	0.008715057	0.0126964612	0.0513898624	0.051882826	0.0411346672	0.0249327121	-0.0291488058	-0.1628980816	-0.112062375	-0.0059401429	-0.0647913802	-0.1784143866	0.0255158366	-0.0111183156	-0.071733943	-0.1505900608	0.0223905356	0.1003171736	-0.0025888354	0.1113382946	0.137656657	0.0077233785	-0.0173109924	0.0205886701	-0.0381401678	0.0266299061	0.0398468331	0.0013416957	0.1124270896	0.0591987849	-0.0878379584	0.2090328639	-0.0921894814	0.1063573897	0.0555058607	-0.0227982438	0.1075123941	0.0158478311	0.054045378	-0.0761306757	0.0313565362	0.0762515184	0.1887165544	-0.0523499312	0.1130411636	0.0963255678	0.0576833972	0.0007418328	-0.037875622	-0.0033542226	0.0037396548	0.0194034045	0.0215670723	0.0992567059	0.0308764521	-0.0581118557	-0.0043627343	0.0039386182	-0.1510210747	0.0383745371	-0.0740894555	0.0017884557	0.0006841749	0.0033273739	-0.0215807667	0.0184677016	0.1448214847	-0.0481741535	-0.14241346	0.0568497449	0.0057196973	0.0232354192	0.0622122032	-0.0075636961	0.145871131	0.043264775	-0.0505384725	0.0007111887	0.1039317509	-0.1159505882	-0.0183538352	-0.0083355896	-0.0193663598	0.1012201019	-0.0442895445	-0.0079324832	0.0810648372	0.0217232711	-0.0052311999	-0.0518407148	-0.0754618528	-0.008610269	0.0871572961	-0.1097766499	0.0619537931	0.0969639109220423	0.0005072982229848	2.573514870435364e-07	0.0094020000212977	0.0693249873050234	0.0105233576869352	0.0001107410570071	0.0048059538648416	0.0735766756366587	0.0321174456740181	0.0010315303166235	0.005413527197742	-0.0058950895786864	-0.0012595077963732	3.4752081140737e-05	1.5863598891248743e-06	0.0032830016539113	0.0004288141440889	1.83881570170696e-07	1.077809985958433e-05	0.0015396940674735	0.0001015685276377	2.3706578214130906e-06	1.0316165806490236e-08	0.0	0.0	0.0	0.0	0.0	0.0	0.0	0.0	0.0	0.0	0.0	0.0	0.0	0.0	0.0	0.0	0.0	0.0
1261.9227104689814	0.2262854811579018	1592448.9271973807	0.0512051189828631	1544.21470624455	-0.7264027560713657	0.527660964028076	2384599.058981941	1187.9170862132685	1.4685911622304957	1411147.003717422	2.1567600017815183	1207.8700332100784	1358.8044157291013	1.163837	23.760845	0.0979599249990184	0.0556954376580861	0.0942965419	0.0304700991	0.041846169	0.059949969	-0.0061598607	0.0403821286	0.0956252804	-0.0150035416	0.0647263836	-0.022541489	-0.1326879298	-0.02233794	0.08477349	0.0822514752	0.02543408	0.0120439108	-0.0046905881	-0.0120088159	0.1232948346	0.094389519	0.1307509391	0.0536504532	0.1143698207	-0.1252450728	-0.0828567769	-0.0615399834	-0.0380708961	0.0896997007	0.0238898065	-0.0919603935	-0.0095126104	0.0143675751	-0.0336920759	0.1698969641	0.030764701	0.1118484717	0.0020292806	0.0178239498	-0.1291878124	-0.0199322916	0.0337944165	0.0031616249	-0.0604171308	0.0315035465	0.0356440576	-0.0025333489	0.0041417922	0.0025722052	0.070534598	-0.1075116458	0.0141443145	0.1116666035	0.028577454	-0.009091447	0.1638670559	-0.0565136738	-0.0453631666	0.0699540542	0.1495229878	-0.0509460589	0.0621333386	-0.1013050613	-0.0048815239	-0.0028468747	-0.0503043037	0.0800106496	0.1584362941	0.1300128514	0.0272477015	-0.135326262	-0.1116478476	-0.0156565332	-0.0119246179	0.0809385676	0.1191339888	-0.0081879805	-0.0407444031	-0.0839191974	0.0507474287	-0.2139133572	-0.1301722488	-0.1341645562	-0.0248463828	0.018839728	-0.0436086079	0.074368563	-0.0578055239	0.0689662792	0.0640191836	-0.0245503809	-0.015260487	-0.0590113373	0.0521550747	-0.0663302196	-0.0860428068	0.0301442189	0.0303968541	0.0142775835	0.1382439486	0.0192392315	-0.0001702968	-0.0212602793	-0.0581584029	0.0356825707	0.0148350486	0.0352105259	0.0581543095	-0.0352260894	0.0125756708	-0.030643231	0.0440606925	-0.1327573643	0.1351714065	-0.0233441117	0.0728627549	0.1490246695	-0.0744498661	-0.0957970697	-0.0129311868	-0.0395846967	0.0656860393	0.0059092693	0.2038097484	0.1102462067	-0.0900772387	0.0272836283	0.0872772253	-0.0679763913	0.1121716637	0.0142294403	0.0851524503	-0.0134291945	0.0622380756	0.1102937979	-0.0478004505	0.0572750981	0.0046180047	-0.0501805981	0.0262552118	-0.1377038901	-0.0932623201	0.0838069528	-0.0309650439	-0.0381836169	0.0331454546	-0.0558049049	0.0309338161	-0.0512943558	-0.0448189066	0.040020025	-0.0200221811	0.0055619752	0.0822185734	-0.1883727648	0.0151602369	-0.0998436057	-0.0770291202	-0.0043083746	0.0830027857	-0.1107769935	0.0705921926	0.0838995737869368	-0.0130643371351055	0.0001706769047796	0.0070391384816296	0.0411057265799001	-0.0282192607251232	0.0007963266758724	0.0016896807576615	0.064976803566239	-0.0085998720704197	7.395779962758493e-05	0.0042219850016856	-0.0050523745827917	0.0008427149958946	2.552648892483961e-05	7.101685643058037e-07	0.0032849346805623	1.9330266509999527e-06	3.7365920334760926e-12	1.079079585556094e-05	0.0014228129886518	-0.0001168810788216	2.024396800676267e-06	1.3661186586524431e-08	0.0	0.0	0.0	0.0	0.0	0.0	0.0	0.0	0.0	0.0	0.0	0.0	0.0	0.0	0.0	0.0	0.0	0.0
1262.200614245122	0.2779037761406471	1593150.3906007635	0.0772305087932309	1545.902741703674	1.688035459124194	2.8494637112606283	2389815.2868069364	1188.1994860816292	0.2823998683606987	1411818.0187246476	0.0797496856501399	1207.992203676248	1375.9179200613482	1.253008	25.581362	0.1002205243053013	0.0567006734870011	-0.0627758076	0.0614850792	-0.0425474574	0.0788909194	0.0125381941	0.0062142759	0.0814368345	0.018425354	-0.1011927606	0.0076338961	-0.0159593123	-0.0718276687	0.022377331	0.0255725358	0.1534466228	-0.0206703868	-0.0353167551	0.0744929166	-0.0370028986	-0.0423537272	-0.0091014039	0.039028979	-0.0025043709	-0.1444469433	0.0017111263	-0.095005935	-0.1754244469	0.0247170421	0.0822169933	-0.0039011273	0.0395806047	0.0053923238	0.0464760854	-0.0867217608	-0.0083948349	0.0643838846	-0.1025866701	-0.0544681283	-0.0898836307	-0.0757440808	0.0948997539	0.1604987022	-0.0340135851	-0.1056783608	-0.0773437238	-0.0723017521	-0.1133403547	0.0428607003	-0.0585770092	-0.0347619281	0.0297704987	0.1103882123	0.0800590139	-0.095542756	-0.0071776045	0.0564114639	0.0945687917	0.0588233368	-0.0049622718	0.0498186151	0.1271234777	-0.0204462252	0.0807737396	-0.0086710074	0.0072113195	-0.0988260033	-0.0177811835	-0.0322876953	0.1361458132	-0.1276876239	0.0581691717	0.0326506774	0.0181100431	0.0687779782	0.0128765499	0.0233013494	0.0855956408	0.0719889227	0.0479322898	-0.0119278999	-0.0582516749	-0.0886326568	0.0491075483	0.064859753	-0.1673582696	0.0389821554	0.0741691633	-0.0882787085	-0.049691073	0.0303700944	-0.050178333	0.029952856	0.1017145764	-0.0361288989	-0.0461008437	-0.0150125944	-0.030906812	-0.0179190852	0.1381139248	0.064196781	0.0958871252	-0.1085976854	0.0313947294	-0.0359514129	0.0431393299	-0.0972575688	0.1640262782	-0.0830641386	-0.0686941948	-0.0116214814	-0.0807451655	-0.0543990629	0.0154614873	-0.0895759955	-0.138207442	0.0021174442	0.0271841211	-0.0765404668	0.019351523	-0.10150208	-0.0420114582	-0.0282251423	-0.0227529387	-0.0400440564	-0.0732671069	-0.1055687267	-0.0117471622	-0.1502962156	0.068737854	-0.0448009968	-0.1601379776	-0.0725580058	0.0027324031	0.0353632539	0.0417509598	0.0379709165	-0.1429742949	0.0915010258	0.0137625168	-0.1317408092	-0.0173864729	-0.040344984	-0.0629498159	-0.0287123645	0.0285041785	-0.1083200897	-0.0728440103	0.0567906298	0.0210668397	-0.0129750122	0.0408433092	-0.012839474	0.0787058881	0.0060767879	-0.0256545224	0.0305388948	-0.0785674201	-0.0	0.0785674201	-0.1111111111	0.0785674201	0.0996254811666403	0.0157259073797035	0.000247304162915	0.0099252364976846	0.0401441982557031	-0.000961528324197	9.245367182331022e-07	0.0016115566535931	0.0469524352483432	-0.0180243683178958	0.0003248778532591	0.0022045311757498	-0.00419194322164	0.0008604313611517	1.7572387973453542e-05	7.403421272533683e-07	0.0029597923278508	-0.0003251423527114	1.0571754952676937e-07	8.760370624004457e-06	0.0012982122968449	-0.0001246006918069	1.6853551676793108e-06	1.5525332398758093e-08	0.0	0.0	0.0	0.0	0.0	0.0	0.0	0.0	0.0	0.0	0.0	0.0	0.0	0.0	0.0	0.0	0.0	0.0
1261.4089119647074	-0.7917022804147109	1591152.443183987	0.6267925008138535	1534.2210841306514	-11.681657573022676	136.46112365335804	2353834.334991032	1187.706402619855	-0.4930834617741766	1410646.498824197	0.2431313002752058	1207.732449056891	1360.997603611211	1.232521	25.163094	0.065821911235894	0.0363980461190158	-0.0587075205	-0.0686190814	-0.0760635113	-0.0114687505	-0.0453604674	0.0047269093	-0.1265546005	-0.0357855695	0.0024656636	0.1468185473	0.019977302	-0.0523942852	-0.0161038763	0.1013226545	-0.0469466893	0.0743688216	0.0544305728	0.0720016678	0.0418399615	0.0140423381	-0.0165367983	-0.0064988647	-0.1047510908	-0.0641557244	-0.048955948	-0.0800410427	-0.0351630203	-0.0433613588	-0.0226380512	0.1011778454	-0.009800376	-0.1075566235	-0.0231960461	-0.1535339552	-0.0007745768	-0.0127266461	0.0753889459	0.1384714401	0.0521508068	-0.1451519666	0.0611261061	0.0321906906	-0.0023379796	-0.0819576685	-0.0055913739	-0.0835599127	0.0403835666	-0.1149011679	-0.0096332685	0.0314874261	0.0308663481	-0.0606691958	0.1436816898	0.079782727	-0.0800533065	-0.005755293	-0.1598166541	-0.0481460635	0.0063614534	-0.0670727131	-0.0859443423	-0.0035817032	0.0735204999	0.0795631737	0.0035014526	-0.0071817492	-0.0508971523	-0.0159824714	0.1051325493	-0.1609629982	-0.0496110874	0.0789259723	0.0480591129	-0.0920474423	0.0113203443	0.0615347206	0.0535507069	-0.0457380281	0.031170295	0.027521055	0.0504090234	-0.0658907481	0.0395746155	0.0469898027	-0.0765786348	-0.1009510021	-0.1106286918	-0.1562669563	0.0147765657	-0.0186240903	-0.0684710419	0.0275560713	0.1139329346	0.118463934	0.0764807158	0.0594399629	0.0105855241	0.1051320743	-0.1136972394	0.1124231472	0.0760668912	-0.0279547679	-0.0570094162	0.0101125579	-0.1280233684	-0.0564206701	0.0511428117	-0.0246204996	0.0264221865	0.0039763987	0.0593245704	0.0150479671	-0.0346923681	0.0421047867	-0.1091698507	-0.032895258	-0.1013670049	0.193887871	-0.0613523772	-0.01327167	-0.1082956195	-0.0241197809	0.082033465	0.017289385	0.0556383402	-0.0593614183	-0.0526586975	-0.1015630629	0.006823955	0.0666868238	-0.017485115	0.0070648998	0.048287623	-0.0862201828	0.0030787881	0.0599666454	-0.0662409591	0.1518920757	0.0548303045	-0.0508997821	0.0045017779	0.0661004699	0.0589648172	-0.0100448127	0.0586108832	0.0254314107	-0.0615310851	0.0098106821	-0.0305225678	0.0424262878	0.022985059	0.0074973998	0.0954281	-0.062901004	0.0169304696	-0.0225584355	-0.080076174	0.0043083746	0.0738662073	-0.1107769935	0.0858045533	0.0964467726662405	-0.0031787085003998	1.010418773051399e-05	0.0093019799577334	0.0201966222809204	-0.0199475759747826	0.0003979057872697	0.0004079035515581	0.0498521830121347	0.0028997477637914	8.408537093613784e-06	0.0024852401510753	-0.0047078258722041	-0.0005158826505641	2.21636244429943e-05	2.661349091530418e-07	0.0030139334581069	5.414113025609992e-05	2.931261985407977e-09	9.083794889896216e-06	0.0015241060959631	0.0002258937991182	2.322899391751882e-06	5.10280084800537e-08	0.0	0.0	0.0	0.0	0.0	0.0	0.0	0.0	0.0	0.0	0.0	0.0	0.0	0.0	0.0	0.0	0.0	0.0
1260.8110444435822	-0.5978675211251812	1589644.489790917	0.3574455728163689	1549.9246681751706	15.703584044519175	246.6025518432772	2402266.4770179125	1188.7680919525249	1.061689332669857	1413169.5764444466	1.127184239104967	1208.544303581141	1343.6019118117763	1.284683	26.228039	0.0816436167416616	0.0439983222115556	0.1171960515	-0.1086445914	-0.0282931189	-0.0823226185	0.0884659395	-0.0748899604	-0.0685541833	0.0515754977	0.0237194751	0.062885414	0.0047716898	-0.124684483	0.0052527247	0.0229461759	0.0290605082	-0.034362056	-0.01981861	0.0777773874	0.087896911	0.0673567157	-0.026267302	0.1035237663	0.0150924853	0.0042080033	0.0116967686	-0.1460675583	0.140726426	-0.096134772	-0.0474980639	-0.0645813253	-0.0478225137	-0.0015171343	0.0648108453	-0.0961311956	0.1054516957	-0.0645572132	-0.1069169328	-0.0503713394	0.0638263499	0.1485972947	-0.150302861	0.0404372242	0.0559977334	0.0271537848	0.055543668	-0.0505814074	0.0813048358	-0.0878520293	0.031929489	-0.0390991795	-0.1467217609	-0.071549643	-0.0013644553	-0.0952530303	0.1292782426	0.1017826048	-0.0096742413	-0.0113717497	0.0194355197	-0.0105397256	-0.0243294027	0.0765089768	-0.0417610777	-0.0910864478	0.0010537016	-0.086651767	0.103742975	0.0176811031	-0.0977671945	0.1316008389	-0.0065199208	-0.0065433591	0.0298569873	-0.1080187412	0.0521634017	0.0003511814	0.0720021997	-0.1309856274	-0.0143006139	0.0479116617	-0.0866571947	-0.0703472392	-0.1286071749	0.0412940556	0.0259109032	-0.1251562148	0.0331857602	0.0853004698	0.0125355602	0.004347942	-0.079507219	0.0682314994	-0.0543610012	0.0692685709	-0.0704841232	-0.055495378	-0.042337845	-0.0973281106	-0.0624704576	0.0496256446	-0.1265283206	0.087546975	0.0337354651	0.0500761964	-0.1133915365	0.0287959598	-0.0653022345	-0.0557873027	0.0517060354	-0.0835600049	-0.1821445776	0.1254085131	0.0285300465	-0.0567175976	0.0751758056	0.0602547542	-0.0300764165	0.0885424248	0.0084743791	0.0553813922	0.1507399379	0.0233005827	-0.0827057784	-0.0599560512	-0.0772324058	0.038156947	0.0141997735	-0.0137739413	-0.055763539	0.0232617092	0.0105085453	0.0603879982	0.1139936188	-0.0060893441	-0.0843905737	0.0489512634	0.0452745734	0.06437569	0.1119977355	-0.0740675912	0.0035623631	0.0553717488	0.0230007958	-0.1032057317	-0.0378899802	0.0283131748	0.1177613199	-0.0637148867	0.0324623938	-0.0103761121	-0.1250759905	-0.0150789716	-0.0200630437	-0.0168542825	0.0513868471	-0.188414168	-0.0815548146	0.008610269	0.0689150546	-0.1097766499	0.0922356034	0.0937428863589246	-0.0027038863073158	7.3110011628904e-06	0.0087877287429022	0.0409832748597125	0.0207866525787921	0.0004320849254314	0.0016796288182267	0.0792628604668834	0.0294106774547487	0.0008649879483472	0.0062826010493926	-0.005072387419331	-0.0003645615471268	2.57291141317874e-05	1.3290512164355861e-07	0.002900912876516	-0.0001130205815909	1.2773651863145316e-08	8.415295517136332e-06	0.0016213719752614	9.72658792983e-05	2.628847082163054e-06	9.460651275671464e-09	0.0	0.0	0.0	0.0	0.0	0.0	0.0	0.0	0.0	0.0	0.0	0.0	0.0	0.0	0.0	0.0	0.0	0.0
1260.1603262488936	-0.6507181946885794	1588004.047851718	0.4234341688987639	1548.7427433877097	-1.1819247874609573	1.3969462032146291	2398604.085196089	1187.4336233422932	-1.3344686102316246	1409998.609843807	1.7808064716935237	1207.6236036991168	1363.1459949191562	1.402897	28.641485	0.1173996822865778	0.0636405100982611	0.0598201586	0.0788616354	0.0325467022	0.1451829487	-0.023944469	0.0346925047	0.0299342162	0.0535163688	0.1040082715	-0.0157784381	-0.0592197417	0.0289755062	0.0459891077	0.0573508353	0.005179521	-0.0481187987	-0.0011302306	-0.0209960743	0.0263279094	-0.0858517762	0.0840567892	0.0828495939	0.1187212276	0.0875244935	0.0049883488	-0.014645763	-0.0574115804	-0.0051284694	0.0239343952	-0.0294377678	0.0208266178	0.1790003038	0.0273299297	-0.0342481306	-0.0006383732	-0.00873322	0.1294886845	-0.0983328781	0.0165700891	-0.0389350412	-0.123286765	-0.004532391	0.1318591152	0.0038024047	-0.0933916236	0.0556214511	0.213535731	0.068756499	0.1031265074	0.0390358065	-0.1563948089	0.1547993318	-0.1054579251	-0.0341665562	-0.0701407217	-0.060135811	-0.023127631	0.1243839371	0.0399031167	-0.0039644372	0.020031437	0.0048796043	-0.0485447319	-0.0396054013	0.0223662742	0.0204974352	-0.0791341504	0.062222659	-0.0372362686	0.0406513808	0.1037729204	0.0171688396	0.0204767996	0.090520063	-0.0423924649	-0.1019971347	0.0207906911	0.0059885148	0.0064195811	-0.09976336	-0.1034088145	0.0751051009	-0.0799441667	-0.0220373855	-0.004645663	0.0226780532	0.0469559268	0.0355003355	-0.0448730623	0.108935967	0.0707216961	0.0074736184	0.0877908981	-0.0016460156	0.0586012999	0.0101953924	-0.1752452322	0.059267196	-0.03928865	-0.046581396	-0.0581112345	-0.0846409977	0.0074760111	-0.134311609	-0.0352285551	-0.010533438	-0.2482492211	0.0736560255	0.1126600868	0.0156191856	-0.0492063605	0.0021870699	0.1604232977	0.0630772261	0.0632611125	-0.004277873	0.0855344203	-0.1283253596	-0.0030720917	-0.0353461294	-0.0093314075	0.0505459459	0.0326895905	-0.0344543498	0.0020909237	-0.032749125	0.0292509132	0.0202797212	-0.0915165065	0.0051730545	-0.0320105371	-0.1825713871	0.0588288484	0.1307866363	-0.0250362477	0.0342766522	-0.0026750262	-0.077453573	0.0324336769	-0.1634065296	0.0018085209	0.045189512	0.0466341707	-0.0103188161	0.0109905923	0.0851494448	-0.0103928347	-0.1749558149	0.0804280931	0.0517865679	-0.0230330917	0.0452561603	0.1403470606	-0.1185079026	0.0730475247	0.031322848	-0.0830027857	0.0128992127	0.0637307152	-0.1081160967	0.0978001546	0.0731530937397479	-0.0205897926191766	0.0004239395601007	0.0053513751236963	-0.0085214530369768	-0.0495047278966893	0.0024507180841252	7.261516186140114e-05	0.0793913330840752	0.0001284726171918	1.6505213368111333e-08	0.0063029837688665	-0.0049786967111309	9.36907082000997e-05	2.478742094142564e-05	8.777948803036229e-09	0.0034003634871575	0.0004994506106415	2.494509124701676e-07	1.1562471844793914e-05	0.0012709795110326	-0.0003503924642288	1.6153889174646668e-06	1.2277487898833098e-07	0.0	0.0	0.0	0.0	0.0	0.0	0.0	0.0	0.0	0.0	0.0	0.0	0.0	0.0	0.0	0.0	0.0	0.0
1260.4527243351931	0.2923980862994995	1588741.0702840104	0.0854966408716095	1541.058534181321	-7.684209206388687	59.04707112754865	2374861.405773082	1185.4954110748056	-1.9382122674876427	1405399.3696794224	3.7566667938395897	1205.5924352370637	1368.5425894077607	1.398645	28.554674	0.0445544404822365	0.0278802871382515	-0.0732171873	-0.0083236725	0.0611626076	0.0190824774	0.0323584489	-0.0010884716	0.0827968687	-0.0408205606	-0.1399068156	0.016968997	0.0029864903	0.0687673247	0.0930922743	0.1252091996	0.1088339456	-0.0956828641	-0.062457369	-0.0620666689	0.0140166517	0.0451603457	-0.0234426279	-0.1009611375	0.0437497908	-0.0285508269	0.2191502555	0.0493015739	-0.0249905233	0.0642885857	0.0949479385	-0.0160487406	0.0368434063	-0.0824467997	-0.0942314346	0.0851111473	0.0754029299	0.1205768508	0.0169989404	0.0133974697	-0.0031012138	-0.1086449855	-0.1050520632	0.0346199135	-0.0784915563	-0.0064041907	0.0047645954	-0.09552748	-0.1000142167	-0.0483296475	-0.1101559264	-0.0187381605	-0.0466395644	0.1080370538	-0.0845322318	0.0310144662	-0.1387044837	-0.1084947369	-0.0573448688	0.0010431769	-0.0572071572	0.1186104286	-0.0238034908	0.1202734925	-0.1929432484	0.0209861955	-0.1253206059	-0.0023776709	-0.0174128661	0.1018872376	-0.1932288485	0.0958225676	-0.1083594335	0.0597356769	-0.0655508253	0.1970562736	0.0428794432	0.0418052822	-0.0699360785	0.0276670496	0.0388194789	-0.0015306769	0.1182266092	-0.0398133986	-0.0480825309	-0.1693155645	-0.1106801388	0.1312155305	0.0626109537	-0.0065822386	0.1354708036	-0.0160536566	-0.0384087895	-0.0334193162	0.002510117	-0.0199110697	-0.1117338838	-0.0608686093	-0.0020321047	0.0117937249	-0.0185522345	0.063230557	0.0162211364	-0.0877798518	0.0040624279	0.0230127675	-0.0071629774	-0.1590221071	0.0313765055	-0.0603556142	-0.1238349629	0.08964009	0.1256607093	0.1110099162	0.1145210131	0.0893753559	0.1419933326	-0.0908420752	0.0693068622	-0.1409013051	0.0969770211	0.1614436214	-0.0127744691	0.0103347957	-0.0672560922	0.0304069142	-0.1215775453	-0.0601083609	-0.046100693	0.1587366926	0.0934054524	0.0846050238	0.1857949584	-0.086750161	0.0070812919	0.0863066768	0.0759440518	0.094284776	-0.0910725131	0.0864526044	-0.0586260339	-0.0764186616	-0.0587034889	0.0140471265	-0.0215614366	-0.0563406745	-0.0368556921	0.0363328107	0.0077218549	-0.0183582333	0.0836016286	-0.0703561984	0.0749977482	0.111299342	0.0621339596	0.0462195381	-0.1154464059	-0.0607067218	-0.0844195428	0.0171687548	0.0583307311	-0.1058053206	0.1024459312	0.0822903628633469	0.0091372691235989	8.348968703707556e-05	0.0067717038201813	-0.008757575439759	-0.0002361224027822	5.57537890956395e-08	7.669512758307004e-05	0.0558236774317748	-0.0235676556523004	0.0005554343929454	0.0031162829620068	-0.0048788395855924	9.98571255384998e-05	2.3803075701943424e-05	9.97144552081171e-09	0.003364191198111	-3.617228904649996e-05	1.3084344948635407e-09	1.1317782417447526e-05	0.0013672179625187	9.623845148610003e-05	1.8692849570337848e-06	9.261839544442431e-09	0.0	0.0	0.0	0.0	0.0	0.0	0.0	0.0	0.0	0.0	0.0	0.0	0.0	0.0	0.0	0.0	0.0	0.0
1260.0006094644411	-0.4521148707519842	1587601.535850763	0.2044078563550833	1544.7358891099618	3.677354928640853	13.522939271199167	2386208.967104344	1186.3689059895744	0.8734949147687985	1407471.1810988996	0.7629933661269506	1206.515794314614	1365.3361569996582	1.328807	27.128862	0.1234953602911156	0.083648308442495	0.0458590372	-0.127339121	-0.0859418321	0.003811495	-0.0616488051	-0.0538394536	-0.0425666673	0.0291772093	0.0223843732	0.1187807448	0.0355078765	-0.1094931841	-0.0456836807	-0.1046046308	0.0874471186	0.0092017073	-0.0674846249	-0.0334787979	0.0655433735	0.1205555142	-0.083708235	-0.01081159	-0.1182051395	0.0030091648	-0.0084189042	-0.0163809774	-0.0792557171	-0.0154149707	-0.1373918478	0.1173382908	-0.1052990578	0.0049664246	0.0773676393	-0.0735079465	0.0733389599	-0.0370682877	-0.0503289926	-0.0904711975	0.0135039041	0.09301749	0.0906200053	0.019673705	0.0114232624	0.0234089109	0.1118657636	-0.2487857487	-0.0408354301	0.0099583708	-0.0020808111	-0.0746025001	-0.0258141746	0.0472728435	-0.1111177535	0.0613365514	0.0700555395	-0.0579649762	-0.1517913208	-0.0592419985	0.0198466346	0.031045085	-0.0236125915	0.0378399375	0.1010410074	-0.1034001174	0.0900664675	0.0644505877	-0.0826608998	0.1103978735	0.0835598411	0.1194834045	0.1255449263	0.0766247617	0.0030031921	0.1770068281	0.0645715616	0.0226258249	-0.0470149005	-0.1308222684	-0.0402312587	0.1148010235	0.0856082374	-0.0131501841	0.0394204131	0.0741426194	-0.0806354905	-0.0383197454	-0.0108740935	-0.0312981948	-0.1750247052	-0.0279634381	0.0301763335	0.048395565	-0.0803101941	0.0986156214	-0.1008391946	-0.0211368872	-0.0488539914	-0.0298254146	0.0072029161	-0.089444729	-0.0032779606	-0.0372012749	-0.1227829681	0.1177889515	-0.1430604312	-0.0400950402	0.0338072801	-0.1326647807	-0.0958467814	-0.0613504944	-0.166147014	-0.0117027565	-0.0218651024	0.0792742222	0.1237076184	0.0003537412	-0.0454334191	0.0267404737	0.0282095481	-0.0316409261	-0.0362792516	-0.0812139906	0.0929030852	-0.1207830087	0.0611722477	0.1145037927	-0.1783685231	0.0218459761	-0.04600744	-0.029869526	0.0421301512	-0.2429886124	0.0269723399	-0.0749464527	0.0446857928	0.122491722	-0.0509184527	0.0160380756	0.1134164416	0.0440897526	-0.0168059918	0.0129192467	0.0804970601	-0.0389380237	-0.013798986	-0.0700824526	-0.08493826	0.0977792106	0.0543681233	-0.115218976	0.0546971207	0.0550505423	-0.0016028051	0.1645140802	-0.0013788391	0.0400655358	-0.0858045533	0.0214124734	0.0527333744	-0.1028582188	0.1061292888	0.08428341743722	0.001993054573873	3.972266534436468e-06	0.0071036944548966	0.0713920697599519	0.0801496451997108	0.0064239656256395	0.0050968276246098	0.0315891771626581	-0.0242345002691167	0.0005873110032938	0.0009978761138138	-0.0051412838183641	-0.0002624442327717	2.6432799300972544e-05	6.887697531512629e-08	0.003285012731703	-7.917846640799996e-05	6.269229542722778e-09	1.0791308647450809e-05	0.0013679584683073	7.405057885999638e-07	1.871310371013654e-06	5.483488229500543e-13	0.0	0.0	0.0	0.0	0.0	0.0	0.0	0.0	0.0	0.0	0.0	0.0	0.0	0.0	0.0	0.0	0.0	0.0
1259.991391444962	-0.009218019479249	1587578.3065154112	8.497188311981494e-05	1554.9822740021125	10.246384892150672	104.98840335809356	2417969.8724607807	1187.5959358677974	1.227029878222993	1410384.1068897096	1.5056023220519328	1208.202969793006	1345.5613695881052	1.370841	27.987032	0.0557265089552447	0.030265166061008	0.0844253386	0.0374453598	-0.1017894562	-0.0020827473	0.0069563576	-0.0099641629	-0.051980133	0.110834767	0.071651538	0.0370426478	-0.0263215684	0.0614536182	-0.0208953603	-0.0235986953	-0.0385501511	-0.0379319582	0.0355875385	0.0132473064	0.0341067056	0.0677902174	-0.0052947557	0.041427121	-0.1309250537	0.0802271368	0.0682058959	-0.1161348934	-0.1590704543	-6.84238e-05	-0.0246646436	-0.0804214657	-0.0332603977	-0.0455470247	0.0967376035	0.0047124906	-0.0578398905	-0.0396794923	0.0473963304	0.0563105296	0.0094847001	0.0589587794	0.1119597258	0.0875941675	-0.0506710765	0.0188089115	0.0686133962	0.17047773	-0.0665439048	-0.1281946209	-0.1335010559	0.0413309823	-0.0829625579	0.0426765794	-0.0245186634	-0.0105022162	-0.0792645504	0.0260289729	-0.1183690406	-0.0074599065	-0.074569231	-0.0831395311	0.064787121	0.014324145	0.0096469848	0.012676725	-0.1613714207	0.1350189506	0.020604828	0.0065865187	0.0578972027	-0.0262906425	-0.0344854325	-0.1407189849	-0.1051021102	0.0171414182	-0.0340412596	-0.0289390818	0.02759273	-0.0977635283	-0.0824784607	0.0392918745	0.077618691	0.0294927599	-0.0411054272	0.0841852278	-0.1834343012	0.0288231145	0.0216831389	0.001845426	-0.0782357464	0.027002954	-0.0763919697	0.1199652197	0.0433075336	-0.0557175621	0.0268716346	0.1642588678	0.0410823047	0.0866324217	0.0117925958	0.0180586475	0.0434660605	0.0755661279	0.1604056978	0.0361617276	0.0952377369	-0.0869321163	-0.0812186831	-0.0306920393	-0.1136452743	0.0331635581	0.0120638443	0.1095830539	0.0405317857	0.0386065424	0.0660328328	0.007385825	-0.0124521945	0.072153386	0.0826168734	-0.1345566304	-0.0057687208	-0.0482603171	0.0703709637	0.0936901851	-0.0326849245	0.0459643269	0.1123675057	0.0701040317	0.0503358044	-0.1013864173	0.079661505	0.0557954611	-0.0081610476	-0.1047367081	0.0100117384	0.0083902904	0.0519799016	-0.0959582126	0.0901647185	-0.0207168436	0.0186247683	-0.1003712453	0.0244327056	-0.1042995992	0.0906969619	-0.0808098755	-0.171897153	0.1761514571	0.0648399854	-0.0723975571	0.128662727	0.1162084793	-0.0223709846	-0.0737468393	0.0012993971	0.1564082379	-0.0871572961	0.0256239856	0.0469575846	-0.0992925156	0.1088156246	0.0864737289372215	0.0021903115000014	4.797464467038816e-06	0.007477705796308	0.0803303085275359	0.008938238767584	7.989211226634174e-05	0.0064529584681291	0.0052209081239738	-0.0263682690386843	0.0006952856120964	2.725788163897562e-05	-0.0051608968814601	-1.96130630959997e-05	2.6634856621064585e-05	3.846722440076654e-10	0.0031129419928828	-0.0001720707388202	2.9608339158129552e-08	9.69040785105314e-06	0.001195048477244	-0.0001729099910632	1.428140862963203e-06	2.9897865009510473e-08	0.0	0.0	0.0	0.0	0.0	0.0	0.0	0.0	0.0	0.0	0.0	0.0	0.0	0.0	0.0	0.0	0.0	0.0
1259.8588104892926	-0.1325809556692547	1587244.2223674953	0.0175777098061728	1553.7267727631431	-1.255501238969373	1.5762833610536304	2414066.884400972	1186.8071359089745	-0.7887999588228922	1408511.1778444631	0.6222053750389964	1206.8778291610524	1368.9609047758304	1.355065	27.664955	0.0989209035685781	0.0512272355299629	-0.008894411	0.0812284986	0.0073823038	0.065768203	-0.0778618146	0.0650899426	0.1163978345	0.0284262276	0.0191096313	-0.0382340405	-0.0704046551	-0.0848622304	0.1114123763	0.0573258664	-0.0721197033	-0.0097498522	-0.1684662248	-0.0456177121	0.067769738	-0.1059316901	0.0047832746	-0.1066001996	-0.000468198	0.0430092028	-0.1168206511	-0.0207047201	-0.0230047669	0.1243271133	0.0735211723	-0.0478496027	0.0447052774	0.0319143702	0.0777643263	-0.1288856781	-0.103044013	0.0791841527	0.0105111559	0.0155622341	0.0342206614	-0.0707545944	0.0072174806	-0.024500039	0.0930442787	0.1080992563	0.053552096	0.0343974203	0.034381472	-0.1234049703	-0.0358133719	0.1224447631	-0.007143862	0.043971235	-0.1245408747	0.1105722312	0.2076484738	0.0052862081	0.1341688677	-0.0464596274	-0.1100117027	0.0450557797	0.0848832542	0.0736763926	-0.1001190544	-0.0898785682	-0.0359337159	-0.0411680614	-0.0362455247	0.0160009988	-0.0100085848	-0.1336759099	-0.0085025188	0.0240016542	0.0104106512	0.101201728	-0.1128843945	-0.0516949621	-0.022895729	0.0627652232	0.1351581533	-0.0555285938	0.0640743378	0.0028436662	-0.0977829661	0.1306165833	0.0743149991	0.0923992027	-0.0357310554	-0.0306928505	-0.0529326304	0.0356071004	0.0276166518	0.0734918094	0.1348990557	-0.03590201	0.1053186326	-0.0830453574	0.0269917317	0.0565753338	-0.0253049293	-0.005122113	0.0021955577	0.0528678026	0.0391264436	0.0033834922	-0.07164915	0.1593220585	-0.0508381417	0.0811632283	-0.1235382517	-0.0589695745	0.0516209586	0.0412255933	-0.1099985661	0.0635765542	0.0447313101	-0.0519562223	-0.0774881194	-0.11843602	0.2066550013	-0.026908953	0.1568363184	-0.0153271898	-0.0151174229	-0.0238408848	0.0079224131	-0.1095670602	0.0758836432	-0.1146981932	0.0345153424	0.0435392743	0.0200271345	-0.064369971	-0.0081699152	-0.0016985991	0.0237432931	-0.0004467819	0.0643725543	-0.0969346759	-0.0910987248	-0.1208887005	-0.0380772509	0.0146682795	0.1153773162	-0.0378792661	0.0350147418	-0.0399295332	-0.1206684186	0.0666799145	0.072408452	-0.0758251568	0.0566724928	0.0610808356	-0.0017140414	0.1282031914	0.0788766301	0.1931374683	-0.0884772626	0.029796957	0.0410229053	-0.0951296555	0.110479702	0.0729275495977077	-0.0135461793395137	0.0001834989746982	0.0053184274903261	0.0405341098135494	-0.0397961987139865	0.0015837374320831	0.0016430140583768	0.0092251527314317	0.0040042446074579	1.6033974876355674e-05	8.510344291824176e-05	-0.0055631470338686	-0.0004022501524084	3.0948604920441e-05	1.6180518511266125e-07	0.0033113511723292	0.0001984091794464	3.93662024885938e-08	1.0965046586485968e-05	0.0009642221909465	-0.0002308262862974	9.297244335136686e-07	5.3280774445895435e-08	0.0	0.0	0.0	0.0	0.0	0.0	0.0	0.0	0.0	0.0	0.0	0.0	0.0	0.0	0.0	0.0	0.0	0.0
1258.871289145724	-0.9875213435686874	1584756.922635417	0.9751984040037056	1532.025151069437	-21.7016216937061	470.9603841367353	2347101.063509331	1186.367822270672	-0.4393136383025648	1407468.6097192566	0.1929964727986368	1205.8650006219405	1356.7215979239138	1.408329	28.752382	0.0995308281798811	0.0499523220442826	-0.0894163601	-0.0866363624	0.0070147829	0.0457640234	0.038928428	0.1253765009	-0.0443518696	-0.0601133148	-0.0468984146	0.0920699566	-0.047825595	0.0395406896	0.0774285483	0.0815464036	-0.0397790016	-0.0241547083	0.0830092962	-0.0571826909	-0.0137922271	0.0663198575	-0.1032337768	-0.0666278782	0.1541788495	0.0675008574	0.021324149	0.0515408993	0.0208179099	0.1152155954	-0.0820539082	0.072501605	0.1450071019	-0.1103448682	0.0345276691	-0.069015022	0.0706130115	0.0330082435	-0.049473528	-0.0334014374	0.1147017672	0.1437090023	0.0010213854	0.0987534683	0.0734328889	-0.0080822137	-0.0029470757	0.0862516021	0.0919981434	0.0151306841	0.1625324002	-0.1341922228	0.1022601243	0.0041522694	0.0483498394	0.1178046393	-0.1742599663	0.1341167697	0.0591633234	0.0939949719	0.0231417305	-0.0233927294	-0.0557382764	0.0542408697	0.1276477267	0.0783573116	0.0469899631	0.0595009485	-0.0081743682	0.0513650465	-0.0490956493	-0.0068548896	0.0205802815	-0.0668170772	0.1497427833	0.0068679639	-0.0360525423	0.1006129452	-0.1024633312	0.0347470327	0.0697738409	0.0247266562	0.0080941287	0.0547062954	-0.1093414968	-0.1336225393	0.052286996	0.0680435968	-0.0972263656	-0.1450301933	-0.0879213908	0.0535810561	-0.0836878041	0.0337503922	-0.0412433996	-0.0555965785	-0.1163408041	0.07314966	-0.007499177	-0.1272530313	-0.0494230796	0.0165002782	-0.090374271	0.0185139938	0.0345700466	0.005541692	-0.0236871725	0.1318650058	-0.0280403582	0.0005533454	0.0979396161	0.1082424569	-0.1127949092	-0.1225812414	-0.0578515493	0.0943694675	-0.1413823424	0.0576147815	0.1564469194	0.0380498249	-0.1055977828	0.0550739489	-0.0008216219	-0.098905418	-0.063777654	0.1241112059	0.0824696687	0.0742446426	0.0565401012	0.0533286437	-0.0933783566	0.1080112528	-0.058772018	-0.0695314301	-0.0557288228	-0.0423658558	0.0769237588	0.0654889846	0.1637838282	-0.0216760266	-0.0828232865	-0.0483055256	0.0660698244	-0.0299240018	0.2130541962	-0.0158438021	0.0814044552	-0.0368752973	-0.1985435935	0.1289343102	-0.0459889477	-0.0635848383	-0.0636770931	0.0009303479	-0.0536000604	-0.0946110778	-0.0098567648	-0.0111656107	-0.0897639565	0.0339251109	0.0349494174	-0.0903946745	0.1111058879	0.0731087439947941	0.0001811943970864	3.2831409535504386e-08	0.0053448884484963	0.0815647489409912	0.0410306391274417	0.0016835133472063	0.0066528082698069	-0.0141231554260912	-0.0233483081575229	0.0005451434938186	0.0001994635191895	-0.0059104691022003	-0.0003473220683317	3.493364500806442e-05	1.206326191502103e-07	0.0031939907994174	-0.0001173603729117	1.3773457129996738e-08	1.0201577226763005e-05	0.0011989534796596	0.0002347312887131	1.437489446387863e-06	5.5098777900912734e-08	0.0	0.0	0.0	0.0	0.0	0.0	0.0	0.0	0.0	0.0	0.0	0.0	0.0	0.0	0.0	0.0	0.0	0.0
1259.7884430305653	0.9171538848413548	1587066.921193376	0.841171248479589	1545.6698566353234	13.644705565886396	186.1779899797312	2389095.305711061	1186.252896974473	-0.1149252961988622	1407195.9355803295	0.0132078237063962	1206.0595180579078	1340.921366467027	1.399954	28.581402	0.0944433220204295	0.0668758535275352	0.1181933764	-0.1010538897	0.0189064597	-0.0530000168	0.1768627594	0.0331692308	-0.0124337431	-0.0014794454	0.0369443616	0.0997388961	-0.053491093	0.0169347484	0.0795765316	-0.1112774634	0.021165871	-0.0402867295	-0.0783425226	-0.0698585943	0.0298472729	0.1008884047	0.0056868138	-0.047472711	-0.0416018644	0.1757953936	-0.0901236604	-0.0599834518	-0.0595556388	-0.0623667668	0.0520953994	0.1044305486	0.0019628252	-0.0232584995	0.1038221626	0.1797625501	0.0644040769	0.098794478	-0.0687138053	-0.0747151816	0.074962479	-0.0350551203	-0.0888244207	-0.1566174841	0.0475440079	-0.0148879782	-0.0433656495	0.0181643457	0.0361000804	0.0401103476	0.0187812407	-0.0826980344	0.1442191765	0.005024362	0.1513937428	0.1264911655	-0.152645748	0.0230447658	0.0541719012	-0.0435349406	-0.0436886435	0.0583249337	-0.0293297285	0.0125941181	-0.0496928861	0.051927307	-0.0102677631	0.0249890543	0.0342071059	0.0130894368	0.1473650058	0.0729361403	-0.0294217415	-0.0088084572	-0.0593740425	-0.0342973386	-0.0587881057	0.0593469783	-0.1260240557	-0.0832201703	-0.0638563796	-0.0296143535	0.0803135522	0.1501902593	-0.056018637	0.131333972	0.0142833423	-0.00091702	0.0087702984	-0.0963358183	0.0521151538	-0.0356496486	0.0342904574	0.0102305324	-0.0646706385	-0.1150887668	-0.1485678313	-0.1128595802	-0.0228954867	0.0455353295	-0.0508478163	-0.0572266937	-0.0441078062	0.0593435921	-0.115132023	-0.1114139321	0.0172647348	0.0558093005	0.0196580084	-0.0627077098	0.1564771265	0.0622685408	0.1263983057	-0.0767578899	0.0048066023	0.0462526091	-0.1090532326	-0.010546014	0.0970720299	0.0633795192	0.1002045016	0.0843915162	-0.0405074559	-0.0016168003	-0.0082426059	0.0189442676	-0.0644475517	0.0787191061	-0.0025930751	0.0759612579	-0.0042640103	-0.0478856933	-0.0599916599	0.0268869993	-0.0617516112	0.030675813	0.1029278166	0.1454781868	0.1251636441	-0.1532724266	0.0195020165	0.0005751803	-0.0694784588	-0.0393093665	0.0703973095	-0.1306340078	-0.0614750665	-0.0061412674	0.0017985945	-0.0590039879	-0.007930144	-0.0046656809	-0.1028078229	0.0619196048	-0.0253813484	0.0919589831	0.0099802302	-0.1220086592	-0.0910168938	0.0380022381	0.0287576717	-0.0851160492	0.1106882998	0.0695182017644526	-0.0035905422303414	1.28919935078657e-05	0.0048327803765631	0.0170998756157558	-0.0644648733252354	0.0041557198928386	0.0002924057460743	-0.0079525580779886	0.0061705973481026	3.8076271632410845e-05	6.324317998378173e-05	-0.0058939257136757	1.6543388524600453e-05	3.47383603183276e-05	2.73683703875882e-10	0.0031219314039747	-7.205939544270004e-05	5.192556471567419e-09	9.746455691123442e-06	0.0008832100812919	-0.0003157433983677	7.800600476956446e-07	9.96938936127841e-08	0.0	0.0	0.0	0.0	0.0	0.0	0.0	0.0	0.0	0.0	0.0	0.0	0.0	0.0	0.0	0.0	0.0	0.0
1260.8625473396496	1.074104309084305	1589774.3632838302	1.1537000667934725	1557.6658431746953	11.99598653937187	143.90369305279108	2426322.8789931345	1186.6840065868844	0.4311096124113192	1408218.931489101	0.1858554979134378	1206.924185520607	1378.8131438334674	1.567488	32.001766	0.0686643370820991	0.0349688857988433	-0.0038615973	0.0860256314	-0.1030841527	0.1428724881	-0.1005572965	0.0228403948	0.1044783565	0.1190523653	0.0117585613	0.0017281839	-0.0359207344	0.0129801677	0.0833718923	-0.0179856778	-0.0242619778	-0.061300565	-0.0490125445	-0.0377125746	0.0058932838	-0.068400339	0.0329367774	0.042243124	0.0493707459	0.0809915173	0.1839364702	0.0245684924	-0.0223056528	-0.0348734296	0.0214684785	-0.0193163282	-0.1396763325	-0.034696063	-0.097461876	0.1967391213	0.0287875507	0.047350193	-0.0253255689	-0.0407641483	0.186049156	-0.06785246	0.0759056559	-0.0693714237	0.0779395508	0.1079511386	-0.0378276025	0.0400748217	-0.1111885306	0.0126465572	0.0081503734	-0.0707644174	-0.0764564855	-0.0420839154	0.0856848068	-0.0071638928	-0.1563131802	0.0635264274	-0.0718700692	-0.0828098281	0.0837979396	0.0345364021	-0.0318366275	-0.0486598542	0.08616966	-0.1294086506	0.0588949435	0.0365528016	0.0181527883	-0.0134157576	0.0101787275	-0.0772966524	0.0546944768	0.1123689936	0.0068683312	0.0366957869	-0.0244529572	-0.100811401	0.0166605522	0.0370011903	-0.0182903937	0.0066491615	0.0173868751	0.0744488835	-0.0824755208	-0.1005467438	-0.0712226078	0.0621435409	0.0934442267	0.0804281748	0.0329690657	-0.1180153924	0.0083830023	-0.1238518304	-0.1099885507	-0.1202554174	-0.0832986047	-0.0513591467	0.0945623114	0.1848284044	-0.1273395236	-0.0831151897	0.0219256828	-0.0025104581	0.1060232497	-0.0352274647	-0.0056686076	0.0284918281	0.0381478886	-0.0306546691	0.073936684	0.0292929189	0.0245965177	0.0410979518	0.0404619765	0.0376977112	-0.0737924442	0.0424989897	0.07833404	0.1687718772	-0.0646075276	-0.0292550743	0.0207932309	-0.0425941196	0.1236066666	-0.0428950938	0.0318306152	-0.0226620828	-0.1873033297	-0.0038790537	-0.0073936624	0.0256718121	0.0310773721	-0.035412264	-0.0159178517	-0.1131078504	0.0804828944	0.0582063521	-0.0310437048	-0.1478979592	-0.1261129585	-0.0678916314	0.0359151662	-0.019229691	0.1043713242	-0.0014036911	-0.0037298392	0.1262927298	0.0196748884	-0.1069015421	0.0214190781	0.0213667942	-0.059307452	-0.0011672005	0.0895763383	0.070786235	0.0016559992	0.1201957279	-0.0922356034	0.0420222065	0.0224686191	-0.0793255261	0.1092308605	0.0672828022832874	-0.0022353994811652	4.997010840393663e-06	0.0045269754830919	0.0064934504036529	-0.0106064252121029	0.0001124962557799	4.216489814470001e-05	0.0090991936566524	0.0170517517346409	0.0002907622372198	8.279532520126327e-05	-0.0062008274102932	-0.0003069016966175	3.845026057224348e-05	9.418865138670045e-08	0.002709118484075	-0.0004128129198997	1.704145068361162e-07	7.339322960756826e-06	0.0009389106778585	5.570059656659994e-05	8.815532609967079e-07	3.1025564578751252e-09	0.0	0.0	0.0	0.0	0.0	0.0	0.0	0.0	0.0	0.0	0.0	0.0	0.0	1.0	0.0	0.0	0.0	0.0
1258.4613144407274	-2.401232898922217	1583724.8799438833	5.765919434866394	1536.5835819105162	-21.082261264179124	444.4617400111076	2361089.104196952	1187.5379694273086	0.8539628404241739	1410246.4288315352	0.7292525328253231	1207.3090102685856	1354.032505299775	1.365538	27.878763	0.1701706943177257	0.0903177431830719	-0.0754447868	-0.0334269908	-0.0497447874	-0.0360666598	-0.0184563745	-0.0214164363	-0.0663650372	-0.0361821957	-0.0446652031	0.1513467427	0.0291109498	0.0944736891	0.1296600315	0.1157288752	-0.0790656557	0.0602125413	0.0848720642	0.0843536506	-0.0437162744	-0.0151039727	-0.0852002764	0.1245991211	-0.0477191367	0.0149913256	0.1304691186	-0.083308094	0.0379130856	0.0839002147	0.0104446536	0.0322225322	0.0674546751	-0.0570013681	0.0244874927	0.1243259782	-0.0087128944	-0.083962162	0.0105812107	-0.0083351048	-0.139017073	0.0240268957	-0.064955622	-0.1081633365	-0.0033344111	-0.087173754	-0.0352414506	0.1289191469	0.0123371002	-0.0665061004	0.1263793831	0.0124117375	0.0289316999	-0.1716109176	-0.0645288231	-0.077106345	-0.0485375154	0.0106991627	-0.065121866	-0.0053366434	0.0937224498	0.1406992123	-0.0142678998	0.0539492504	-0.0596536025	-0.1096598943	0.0782866573	-0.1277007004	-0.105468295	0.034234688	0.0852973431	-0.0120494214	0.0260895008	-0.12157828	0.0554463982	0.0099431114	-0.0762938305	0.0481611017	0.0814587444	0.0023456473	-0.0350930194	0.1209390011	-0.0478734202	0.0278697196	-0.0673480865	-0.0644233524	-0.1205398732	-0.0069624683	-0.1338310424	-0.04484562	0.1632403162	-0.011931538	0.065162126	0.0321866339	-0.0694740382	-0.0066077661	0.0531212958	0.0530661647	-0.024951911	0.008756987	0.0831685146	0.0119775454	-0.0955150913	0.1502470234	-0.026033424	-0.0516679433	0.0689071718	-0.0359349055	0.0440525229	0.1269671077	0.128696924	0.1703571343	0.001125918	0.0829028762	-0.0196737889	-0.0916504756	0.1074098614	0.0028692986	0.059279401	0.035639238	-0.0462179266	0.0320769859	0.046875496	-0.052033715	-0.0028509362	-0.1624390906	-0.046749526	-0.0364518053	0.0378579471	0.0345978728	-0.036353154	0.0847380429	-0.1467971588	-0.1062245158	0.0553138127	-0.139033935	0.0076217811	-0.0019644442	0.0235069546	0.0403693179	-0.1248448594	0.0401225072	0.0750096941	-0.0209814456	0.083487877	0.0287481814	-0.0379995255	0.1134981201	0.1090377854	0.1033711315	0.0625920219	0.0109969151	-0.0596454748	0.0295657721	-0.008263256	-0.0169226727	-0.1044488592	-0.048450404	-0.0934196269	0.0459789694	0.0161035399	-0.0730579298	0.106747262	0.0723996215958919	0.0051168193126045	2.6181839877842453e-05	0.0052417052072283	0.0641454680221045	0.0576520176184515	0.0033237551354782	0.0041146410677748	0.045473599573512	0.0363744059168596	0.0013230974058044	0.0020678482581721	-0.0071670357731066	-0.0009662083628133	5.136640177298972e-05	9.3355860037055e-07	0.0023846333915142	-0.0003244850925607	1.0529057529419093e-07	5.686476411924517e-06	0.0008090551038365	-0.0001298555740219	6.545701610438898e-07	1.6862470104583115e-08	0.0	0.0	0.0	0.0	0.0	0.0	0.0	0.0	0.0	0.0	0.0	0.0	0.0	0.0	0.0	0.0	0.0	0.0
1255.523565989026	-2.9377484517012817	1576339.4247538005	8.630365965473278	1549.6556255405546	13.07204363003848	170.87832466562958	2401432.557769488	1186.0130148217854	-1.5249546055231349	1406626.8713266605	2.32548654890622	1206.0164574770383	1342.7303174194503	1.357468	27.71401	0.0863701001313789	0.05180032746921	0.0934095955	-0.0908232042	0.0096890178	-0.0424538853	0.0363982099	-0.0925122684	-0.061588469	0.056424415	0.0515123931	0.0607413608	0.0982401367	-0.0491151303	0.0405905029	-0.0143387625	0.0058046137	-0.0267836216	0.0308951145	-0.0700598951	0.0175709497	0.0514649414	-0.0569790814	0.0994694383	-0.0430233014	0.0987093673	-0.0678995343	0.0713867336	0.1115306461	-0.1594155234	-0.052403796	0.0851811038	0.156600368	0.0115795016	-0.0837288725	-0.14706974	-0.0260429916	0.1187747532	-0.0891548607	0.0587598687	-0.0059947758	-0.1074265744	-0.0164068501	0.0175015932	0.014412192	0.0377557359	0.1188850464	-0.0875991229	0.043037901	0.0275669664	0.0762862192	-0.0292902734	0.047199524	-0.0522960736	-0.0903462068	-0.0292593059	-0.0036844084	-0.0286587476	0.0120337302	0.0827172952	-0.1904474432	0.0348545821	0.1390614831	-0.0124526982	-0.0220624317	-0.096717703	-0.1077296028	-0.029545935	0.1815883932	-0.0916692835	-0.0528251774	-0.0236239094	-0.0916424306	0.0508355718	-0.0484913873	0.0270035408	-0.0794215952	-0.0486365554	-0.0581289506	-0.0784577887	-0.0744724	0.115966744	-0.0421749033	0.0583265042	0.0087618167	0.0009877699	0.1640381479	-0.1054402913	-0.0054410323	-0.1232529214	0.0189888246	0.1555663656	-0.085536731	-0.1035204067	0.0669008809	0.0349939133	-0.0090737276	-0.1785456948	0.0590798725	0.0113131489	0.0188802581	0.06551828	0.0365642743	-0.0580193949	-0.0729085917	0.1599750241	-0.055863929	0.0257709602	-0.0217900769	-0.0038014941	0.020545196	0.0325663531	-0.0594612049	-0.093001929	-0.0074823212	0.010991494	0.1164077094	-0.1361898443	0.0206961453	-0.0193998693	-0.0013338954	-0.094844745	0.1888065924	-0.0228170277	-0.1020656449	0.1275734695	-9.74252e-05	-0.0328265777	-0.0053058986	-0.0050149082	0.1257814885	0.0046389249	0.0968282201	0.0561188995	0.0723349366	-0.0712542683	-0.0772318723	0.00518396	0.2078183589	-0.0791401066	-0.0508098055	0.0719652322	0.0464051837	-0.0289460189	0.0807624643	0.0272744991	0.0304724673	0.1015958734	0.1717008299	-0.0033943343	-0.0226150544	0.0148053915	-0.2955084582	-0.0016198936	-0.0952289696	0.1054574613	-0.0236658936	-0.1119084417	-0.0945685192	0.0498665756	0.0096839714	-0.0663509546	0.103260836	0.0730727363885819	0.0006731147926899	4.530835241381009e-07	0.0053396248033151	0.0720974256579438	0.0079519576358393	6.323363024218306e-05	0.0051980387865027	0.0518513864490017	0.0063777868754897	4.067616542916873e-05	0.0026885662766837	-0.0080226555280652	-0.0008556197549585	6.43630017219951e-05	7.320851650754135e-07	0.0025491624211937	0.0001645290296794	2.7069801607277733e-08	6.498229049626127e-06	0.0012162511357456	0.0004071960319091	1.479266825202462e-06	1.658086084025169e-07	0.0	0.0	0.0	0.0	0.0	0.0	0.0	0.0	0.0	0.0	0.0	0.0	0.0	0.0	0.0	0.0	0.0	0.0
1255.3100449266217	-0.2135210624044248	1575803.3088936768	0.0455912440903142	1544.5004450387328	-5.15518050182186	26.57588600636429	2385481.6247248435	1186.0243482453031	0.0113334235177262	1406653.754630696	0.0001284464886321	1206.2833326334894	1350.2588160901246	1.516453	30.959835	0.1620068825717563	0.0988773798899733	0.0443634546	0.1072520291	0.1405470505	0.1305704459	-0.015517112	-0.0215048078	0.0439743074	0.0346727998	0.1297589556	-0.1170465962	-0.0203859371	0.1193893398	0.0451521296	0.0322957984	-0.0380833934	-0.1556410047	-0.0037741246	-0.048421445	0.0493384451	-0.1308762779	0.0962748309	0.0263944199	0.1318286989	0.2399688413	-0.0012842294	-0.0203785713	0.0395937517	0.0501526524	0.1334052018	0.1159013761	-0.0422394411	-0.0647552907	-0.0039174374	-0.1268837436	0.0172975444	0.1967888145	0.0977533109	0.1993578373	-0.0518907941	0.1432813452	0.0124168588	0.0101985158	-0.0210732809	0.0298531784	-0.0190234062	0.0233076298	0.0225446394	0.0446753749	-0.0336949077	-0.0607631968	0.0015935094	-0.0005207669	0.065959086	-0.2238863852	0.1674844176	0.0591303923	0.0431549984	-0.092574414	-0.0593460863	-0.0396193967	0.0450695309	-0.0619388884	-0.0333986684	-0.0313738663	-0.0641439196	0.0722744041	-0.0437202486	-0.1541282485	-0.223957011	-0.0251172418	0.0159947794	0.1487758546	0.0709978285	-0.0144648357	0.0291008347	-0.1211448901	-0.0014654406	0.0099992627	0.0143587897	-0.1196558202	-0.016224953	0.1939230331	-0.1667847726	-0.0531497944	0.0667922072	0.0076187701	0.0133217966	-0.1157322579	0.0381476573	-0.0609900621	0.000613397	-0.0497528988	0.2583433156	0.0915683008	-0.0528038742	0.0227635702	0.1573028786	-0.1096293931	-0.0163883363	-0.1053202595	-0.0186644876	-0.0347127852	0.0961960574	0.0534676409	0.0899315205	-0.0372303366	-0.0773112021	-0.0259179167	0.0297425469	-0.1020504788	-0.0423523001	-0.0234493239	0.051476082	-0.2153678219	-0.0373844561	-0.0150144518	-0.1331046447	-0.0300191991	0.0120849279	0.0201467732	0.0825672137	0.0180559229	-0.0296288887	0.0013226483	0.1877261975	-0.1181813892	-0.0563624632	0.0113699682	-0.123179505	0.0034667262	0.1629178635	0.1523114198	0.0158243081	0.1649956092	0.0536843137	0.0087628572	0.0044479537	-0.1623791322	-0.0843519886	0.0203092507	-0.0478561841	-0.0182766834	0.0501721527	0.0941849882	-0.1124638563	0.096138165	0.0116075087	-0.2024589409	0.0820527101	0.0127215567	-0.0440681465	0.1092768433	-0.062455834	0.0123578158	0.0909844329	0.1208458199	-0.095681848	0.0536791777	0.0032316354	-0.059244937	0.0988043356	0.0725779059715563	-0.0004948304170255	2.448571416137255e-07	0.005267552435216	0.0034483852135736	-0.0686490404443702	0.0047126907539327	1.1891360581193044e-05	0.0658239277666723	0.0139725413176705	0.000195231910874	0.004332789466632	-0.0065824417444091	0.001440213783656	4.332853931853952e-05	2.074215742633017e-06	0.0025389474221135	-1.021499908019979e-05	1.0434620620848255e-10	6.446254012256788e-06	0.0010888705106281	-0.0001273806251175	1.1856389889154992e-06	1.622582365532511e-08	0.0	0.0	0.0	0.0	0.0	0.0	0.0	0.0	0.0	0.0	0.0	0.0	0.0	0.0	1.0	0.0	0.0	0.0
1257.996955609808	2.6869106831863974	1582556.3403235455	7.219489019421193	1519.7256249012448	-24.77482013748795	613.7917128448785	2309565.974981479	1185.6614421520633	-0.3629060932398715	1405793.0554061106	0.1317008325106263	1205.2123979650569	1365.1115854312743	1.537589	31.391342	0.0823205076802188	0.0466998978144841	-0.11584983	-0.0340646295	0.0232179416	0.0166273407	-0.0538760007	0.0666877928	0.0791193104	-0.1513002262	-0.0719469214	-0.0052207403	0.0417736381	0.1433791317	0.1761181059	0.0235320958	-0.023350081	-0.0847881893	0.0530110404	-0.0744951892	-0.0738603075	-0.0223604838	-0.1049083987	-0.0429787425	0.0794712961	0.1117118639	0.1335334083	0.0047965399	-0.0627389028	0.032917286	-0.0401822813	-0.0637171077	0.0610809572	0.0228638727	0.0101400723	-0.0512039431	-0.0066573974	0.0361382081	0.1051237069	-0.0128611403	0.0130329581	-0.162427086	0.1484613694	-0.0947579522	0.0695278749	-0.0016528205	-0.0276049989	-0.0509690018	-0.0098106439	-0.086967696	0.066443135	-0.0366397326	0.0249789964	-0.0020500077	-0.0289062413	-0.0582199821	0.0948457366	0.0125660996	0.054249417	-0.0967521642	-0.0445797433	-0.1110338867	0.0708891379	-0.10517712	-0.0386883766	0.0606930233	0.1832650545	0.036615079	0.0179045316	0.0588109249	-0.0264597816	0.0375709297	-0.1135291573	-0.0318405674	-0.0549321566	-0.0972776843	-0.0543798868	0.055162165	-0.0896506703	0.098676628	0.0497763445	0.0656325127	0.021818021	0.1231462125	-0.0810517267	-0.1223883058	-0.0559011594	0.0643510661	-0.0081797606	0.042957824	0.0230317359	0.1127148611	-0.0609634454	-0.0105030751	0.0241305612	0.0496266608	0.0366652421	0.0320842178	0.0050230027	0.2102467059	-0.0135301446	-0.0853607973	0.0994564587	-0.0300516906	-0.0146362581	-0.025620945	-0.0842632355	0.0403251113	0.1257195984	0.0579525605	0.0383049191	0.0137686761	-0.0523855129	-0.0485245835	-0.0573265852	-0.0880797381	0.0222090199	0.0936099973	-0.0968053697	-0.0551158931	0.1494569621	-0.0806943755	-0.0365880346	0.1266444252	-0.0549238726	-0.0657911461	0.087847906	0.0817415768	0.0829371207	0.0062441853	0.0459041172	0.0440385715	0.0118043531	0.1137265114	-0.0154633694	-0.0691695121	0.1181765386	0.0267899627	-0.0395928867	0.0316837439	-0.1511100855	0.0810603191	0.0374445117	0.0696627511	0.0193201248	-0.0185564495	-0.0647452783	0.0246417277	-0.04752218	-0.0339277847	0.11408809	-0.0814539027	0.0734577578	-0.0591168909	-0.0634855576	0.0790064546	-0.0433718606	-0.0886244601	-0.0967591949	0.0574110412	-0.0032316354	-0.0517826133	0.0934196269	0.0728604533381513	0.0002825473665949	7.983301436976847e-08	0.0053086456606409	0.0306693553844326	0.0272209701708589	0.0007409812170427	0.0009406093596966	0.0298209405177374	-0.0360029872489349	0.0012962150908469	0.0008892884933624	-0.0065972983876485	-1.4856643239399836e-05	4.35243460156695e-05	2.2071984834280482e-10	0.0027062983649293	0.0001673509428157	2.8006338061337148e-08	7.3240508400190035e-06	0.0012829429824495	0.0001940724718214	1.645942696216418e-06	3.766412431886813e-08	0.0	0.0	0.0	0.0	0.0	0.0	0.0	0.0	0.0	0.0	0.0	0.0	0.0	0.0	0.0	1.0	0.0	0.0
1258.8618226383303	0.8648670285222124	1584733.088496299	0.7479949770248414	1542.4463380734703	22.720713172225487	516.2308070545407	2379140.7058362584	1187.02487862281	1.3634364707468194	1409028.062469497	1.8589590097625424	1206.7737266212173	1344.4303234891383	1.425059	29.093952	0.1140154883747268	0.0643371430482888	0.0637479153	-0.076798103	-0.0404503606	-0.1078932502	-0.0508075955	-0.0179119474	-0.0452821402	-0.0036261059	0.0479765742	0.0584349654	0.0146560257	-0.0579152456	0.1130498941	-0.2103815963	-0.0397480896	0.0137729267	0.027576607	0.0007394775	0.0464932289	0.0235465306	0.0409586387	-0.0398663219	-0.1445223687	0.048832392	0.0071515733	-0.0021531426	0.0723425222	0.0749937639	-0.0513318876	-0.0229438725	0.0109080077	0.1003331612	-0.0125415792	0.0157017819	0.0016590741	-0.0314053757	0.1589893298	-0.0855161575	-0.0415536772	-0.0237732397	0.0263420524	-0.1396554794	-0.0699297622	0.095654122	-0.1174906054	0.0020242734	0.1203832414	-0.0066671047	0.0175663946	0.1116580051	0.1118108422	0.0060772982	0.0166844916	-0.206450674	-0.0254021039	0.0127336364	0.0003520885	-0.001905196	0.0150245387	0.0496700623	-0.0793207712	-0.1744600294	0.0410537065	0.0415997283	0.1660671184	0.0172637876	0.0238339618	-0.0175995997	0.047098401	0.0208806282	-0.0318371982	0.0726016182	0.1581918411	0.0976703124	0.1160879133	-0.0108012243	-0.0058541614	-0.0737801611	-0.0407697154	0.023888247	0.0799845801	-0.0307903659	-0.0020727604	0.0917661389	0.061167345	0.0295092392	-0.1112245469	0.0963392094	0.0767512114	0.0303467002	0.0791418161	-0.0849113836	-0.0448050275	0.0875378476	0.065122666	-0.0026373357	-0.0960405169	0.0502736322	-0.0015022145	-0.2166835512	0.0827178066	0.037484357	0.0059030824	-0.0628951955	-0.0505037464	0.0139014047	-0.0807481488	0.0213989807	0.0074421582	0.0718024195	0.0350250997	-0.0771536603	0.0042039352	-0.2528972236	-0.0865080624	-0.0247606442	-0.0633569344	-0.0181900297	-0.1083424658	-0.0018900961	-0.0371095424	0.1311773047	-0.0474029662	-0.0162018004	0.0437324899	0.0733962968	-0.146457611	-0.0213267784	0.0605638758	0.07176051	-0.0625685274	-0.1535001421	0.0617548266	-0.0719222456	-0.0028172632	0.0562695665	0.0185264579	-0.0398353032	-0.025122403	0.063511995	0.0317115482	0.1142313879	-0.0303619161	-0.0517585738	-0.0984882006	0.015180808	0.1891487699	-0.1004353677	0.2079690731	-0.1675296605	0.0224379476	0.0407664152	-0.1703422936	0.3071298389	0.1793857935	-0.0338834092	-0.0978001546	0.0610565531	-0.0096839714	-0.0440088629	0.0871572961	0.0809575882269797	0.0080971348888283	6.556359340788198e-05	0.0065541310915292	0.0534034888221697	0.0227341334377371	0.0005168408231648	0.0028519326183796	0.0608458207581037	0.0310248802403663	0.000962543193929	0.0037022139037272	-0.0074440818377155	-0.000846783450067	5.5414354406605776e-05	7.170422113073722e-07	0.0027040446623549	-2.253702574399937e-06	5.079175293856904e-12	7.311857536010026e-06	0.001477092625964	0.0001941496435144	2.181802625677225e-06	3.769408407680741e-08	0.0	0.0	0.0	0.0	0.0	0.0	0.0	0.0	0.0	0.0	0.0	0.0	0.0	0.0	0.0	0.0	0.0	0.0
1260.7647663468458	1.9029437085155223	1589527.7960616166	3.621194757778809	1543.2302987314488	0.7839606579784686	0.6145943132580334	2381559.7549227565	1187.2595715254645	0.2346929026543875	1409585.2901788296	0.0550807585563418	1207.2833247433432	1368.984341005999	1.461963	29.847366	0.2201648311904171	0.1179247026537335	0.0145817632	0.0035246212	-0.2129488461	0.0796094448	-0.1423420746	0.0547980921	0.0682733728	0.0575370883	0.0827209214	0.0196723605	-0.0275282367	0.2306467491	0.0303390563	-0.1059526703	-0.0412448	0.0159316472	0.128693048	0.0090342468	-0.0549823176	-0.0914877455	-0.0079679038	0.1830302422	-0.0715040162	0.0230566101	-0.0832363992	0.0572438801	-0.0649887111	-0.0161175917	-0.0888278851	-0.046807768	0.011037608	-0.0633436875	-0.0038234108	-0.0799446387	0.1064952189	0.0648016138	0.128306177	-0.0541933622	0.0046173157	-0.028921946	-0.1633976911	0.0087914789	-0.0017659618	-0.1513749108	-0.0086312729	0.1631728372	-0.0260945912	0.1050436907	-0.0170645887	0.039970588	0.1021584263	0.1207815909	0.0513973747	0.1718686177	0.0599589802	0.0247756366	0.0703846049	-0.0480996065	0.0233124144	0.1774193791	-0.0664278348	-0.011764195	-0.0598461571	0.1210327487	0.1004461856	0.1028138647	-0.0117234535	-0.0687852843	0.0071047226	0.0887615977	-0.0853409229	0.0214727323	-0.0115450067	-0.0160472172	-0.0096178854	-0.045369727	0.0277856242	0.0163976534	-0.0649005453	0.0130385746	-0.1092154949	0.122110114	0.1300387128	0.0629205316	-0.0531794736	0.0064333405	-0.1091203698	0.0120225506	-0.0056049579	0.0726425775	-0.0964246469	-0.0109841698	0.1087871241	0.0649121741	-0.0694162634	-0.0559238724	-0.1268767254	-0.0386975699	-0.1193737509	0.0272031308	-0.1443573178	-0.0173507284	-0.022665209	-0.1074414879	0.1794030149	0.0734385307	-0.0031382569	0.097110541	-0.059456849	0.0213161283	0.1484474974	-0.0747080042	0.0366216253	0.1210057251	-0.1490667234	-0.0325832618	-0.0658601478	-0.1284842408	-0.0068257348	0.1760964773	0.0342208351	-0.0129275906	-0.0411504882	-0.0407277901	0.0742057904	0.1305929998	-0.0732169242	0.1039913647	0.0496986063	0.0188144797	-0.0268776005	0.0863043045	-0.071251868	-0.2890447268	0.0994200958	-0.0228548078	0.0569647467	-0.1739897564	-0.076406823	0.0024712036	0.2140976023	-0.0498560443	0.1025055748	-0.1261274768	0.0851088787	0.1394563929	0.0483798106	-0.0487556507	0.042026256	0.0029511299	0.1498283046	-0.3454302364	-0.0177534776	-0.2350588269	-0.1373025728	0.0227628237	-0.0988043356	0.0646102301	-0.0161035399	-0.035970438	0.080076174	0.0684277437686518	-0.0125298444583279	0.0001569970021498	0.0046823561172682	0.0311960467153795	-0.0222074421067902	0.0004931704849264	0.0009731933306681	-0.0351487279111353	-0.095994548669239	0.0092149533742108	0.001235433073771	-0.0069459327278804	0.0004981491098351	4.8245981460240055e-05	2.4815253562950254e-07	0.0020340503093352	-0.0006699943530197	4.488924330782864e-07	4.137360660906624e-06	0.0008565761696976	-0.0006205164562664	7.337227344938117e-07	3.8504067249741117e-07	0.0	0.0	0.0	0.0	0.0	0.0	0.0	0.0	0.0	0.0	0.0	0.0	0.0	0.0	0.0	0.0	0.0	0.0
1261.4096033044602	0.644836957614416	1591154.1873087157	0.4158147019054161	1541.3340250279782	-1.8962737034705697	3.59585395847399	2375710.576708948	1188.405071725393	1.1455001999286196	1412306.6145026367	1.3121707080365077	1207.9538175481482	1363.8132411993215	1.456826	29.742491	0.1896672410486335	0.1036212136546691	0.0285475253	-0.089239556	-0.022212445	0.048519584	0.0196406616	0.0239187085	0.1279353037	-0.0993555283	0.0284269975	0.0597410548	-0.1018188898	-0.003584362	-0.0491484049	0.0462641183	0.171544017	0.0049533874	-0.1365220975	0.1078714041	-0.021952495	0.0043441475	0.0489302035	0.0137889516	-0.0124742439	0.1043606954	-0.115309378	0.0609579848	0.0887281396	-0.0672357316	0.1007093408	0.0419904733	0.0056755502	-0.0998275446	0.1118401044	0.0697559424	-0.0900119963	0.1172438513	0.0084263476	0.1621169442	0.0031032408	0.0356448726	0.0122328788	0.0382418903	-0.0785434625	-0.0853917951	-0.0316117075	-0.033970326	-0.0484771897	0.0328607244	0.0327977342	-0.0855152953	-0.070964079	-0.0290888363	0.1205468163	0.1455415309	0.0594161059	-0.1060207021	0.0400584743	0.1630602751	0.0984186567	-0.1659713823	-0.0023205594	0.0731783662	-0.0862908782	-0.0808430361	0.0829320038	-0.0040455167	-0.1149966467	0.1063399424	-0.0808716142	0.1289437674	-0.0369336778	-0.0735984502	0.0906998033	-0.0780707548	-0.0014216483	0.1106640377	0.0326172881	-0.057803141	-0.053356829	-0.0735765797	0.0118612134	0.1624049769	0.0718975096	0.0024138639	0.1175240388	-0.0841500697	-0.0355216162	-0.092070261	0.1339150633	-0.092126194	-0.0152723611	0.0981336027	0.1218083801	-0.0669963746	-0.0273748084	0.0054522218	0.1394223823	-0.1323942346	0.0212931087	0.0626027138	0.0478251378	-0.0916006318	-0.0581168737	-0.0870515889	0.0748074633	0.0626194587	0.0901916492	-0.0163547191	0.0301918504	-0.1486159346	0.0541446195	-0.0020313957	0.0819850646	0.0935399976	0.1166632913	0.1399865983	0.054700569	0.0634449288	-0.0298268311	-0.0742988036	0.0476777022	0.0595632615	-0.0139639294	-0.0561143075	0.0379036946	-0.0054907754	0.0350171809	0.0579446803	-0.0936981235	0.0689229501	-0.09888171	0.0022635168	-0.0610126536	-0.0749788797	0.0873241544	-0.013388776	0.1195005065	-0.1184203957	-0.015599403	0.0616830184	-0.0292388291	-0.0510174795	0.0863760362	0.0491034717	-0.0477833982	0.0100924729	-0.0610705751	0.0730819724	-0.1886295176	-0.0095063854	-0.1563937586	0.0183065366	0.0567636299	-0.0372006736	-0.1037910454	-0.0649836783	-0.0997713604	0.0680667272	-0.0224686191	-0.0277156827	0.0722427837	0.0557817324212805	-0.0126460113473712	0.0001599216029978	0.0031116016719193	0.1032319626285414	0.0720359159131619	0.0051891731814481	0.0106568381081405	0.0301219997814001	0.0652707276925353	0.0042602678935131	0.0009073348708306	-0.007013993865974	-6.806113809359939e-05	4.9196109951920894e-05	4.6323185185960065e-09	0.002280706919693	0.0002466566103577	6.083948343319954e-08	5.2016240535355326e-06	0.0003770021962377	-0.0004795739734599	1.421306559680493e-07	2.2999119602011685e-07	0.0	0.0	0.0	0.0	0.0	0.0	0.0	0.0	0.0	0.0	0.0	0.0	0.0	0.0	0.0	0.0	0.0	0.0
1256.5301238222037	-4.879479482256556	1578867.9520726425	23.809320017762712	1568.1307512826293	26.79672625465105	718.0645379667048	2459034.053118224	1186.9281998437716	-1.4768718816214914	1408798.5515843765	2.1811505547242045	1207.97307862487	1357.587173651348	1.520181	31.03595	0.0979567609381697	0.0527991246913605	0.082956313	0.0567080377	0.062079696	0.0803086907	-0.0720468401	-0.0743413332	-0.1903643047	0.1527556037	0.0854175988	-0.0002141773	0.0364809973	0.0049186673	-0.1834864201	0.0402284032	0.0242678019	-0.1643969753	0.0524706523	0.0303104183	0.0940645597	-0.0324056156	0.1138189885	-0.032452715	-0.1455449351	0.1430072762	0.0352231245	0.12007187	0.0977702985	-0.0528021369	-0.0644839812	0.0248736454	-0.0560099611	-0.0749542655	0.0593830671	-0.075044268	-0.0543190157	-0.0410990104	0.0542529373	0.0897425544	-0.0427685644	0.1017172076	-0.0007929264	0.0453945221	-0.0107869178	0.012164646	-0.165678813	0.1440873186	-0.0893792396	0.0461048863	-0.0737023008	0.0304241905	-0.0550678251	-0.0859764553	0.0010323896	0.1191173699	-0.0786883502	0.0053120783	-0.024576072	-0.0006789152	0.0206144179	-0.086965631	-0.0091785265	-0.0538129342	0.0826482268	0.1124064928	-0.0486229508	0.0404104139	0.1571597512	-0.0648742579	-0.0834864434	-0.0954642984	0.1065360754	-0.1406242307	0.0022242836	-0.0045050666	0.012285734	-0.1296299836	0.0969420578	-0.1237154357	-0.081442186	0.0013688272	0.1668297999	0.0811660526	0.0522295716	-0.0565936942	0.1179283912	-0.0206447416	-0.0398716719	0.0117250239	-0.0532761991	-0.0205283568	-0.0476203988	0.067727167	0.0154134722	0.0914686261	0.0542497182	0.0440844478	0.1248566957	-0.0354558465	0.0065753744	-0.109662141	-0.0318656755	-0.0085574121	0.1673206978	-0.1283442868	0.111409051	-0.0656993758	-0.0149043641	0.0810198909	0.0208912354	0.0281150162	0.0315757584	-0.0012962422	-0.1024819503	0.0930380571	-0.0570857057	-0.0298404817	-0.0133222933	0.0881773342	-0.1141137868	5.04397e-05	-0.082092628	-0.0693068905	0.0458074215	0.1730241562	-0.0526049876	0.0023627071	0.1320660789	-0.110496564	-0.0184026074	-0.1209218645	-0.0011739014	0.0933967374	0.0305588187	0.0365682239	0.0058225864	-0.0125159204	-0.0038160235	-0.1370150474	0.0437727711	0.1307834507	0.16286088	-0.0587656957	-0.0405984832	0.1625554639	-0.2314243466	-0.0414647366	0.0240065079	-0.0456190802	-0.095082665	-0.0265163016	-0.003610845	0.1121481952	0.0305024436	0.0253737493	0.1621391126	0.0042326772	-0.1007008652	0.0714208455	-0.0287576717	-0.019294242	0.0637307152	0.0722062261066014	0.0164244936853209	0.0002697639928191	0.0052137390885576	0.0927420841561286	-0.0104898784724127	0.0001100375503659	0.0086010941736224	0.0698826476741061	0.0397606478927059	0.0015809091208477	0.0048835844459432	-0.0073781810551993	-0.0003641871892253	5.443755568330186e-05	1.3263230879582488e-07	0.0024237092114414	0.0001430022917483	2.0449655445294482e-08	5.874366341625893e-06	0.0004954475330186	0.0001184453367808	2.454682579742167e-07	1.4029297805140808e-08	0.0	0.0	0.0	0.0	0.0	0.0	0.0	0.0	0.0	0.0	0.0	0.0	0.0	0.0	0.0	0.0	1.0	0.0
1252.040465671726	-4.4896581504776805	1567605.3276794725	20.157030308150667	1541.1595055239045	-26.971245758724763	727.4480977775285	2375172.621466686	1184.1652064086848	-2.7629934350868552	1402247.236068923	7.63413272233306	1204.4926890390132	1331.3360078278213	1.221324	24.934507	0.1048878403432943	0.0615757686003805	0.082157718	0.0614294517	0.0153324365	-0.0327575632	-0.1835839831	-0.047633974	-0.0257420001	0.0302470035	0.1365009376	-0.0331644634	0.0916692885	0.1437876104	-0.0105341189	-0.0158776058	0.0038338526	0.0492362835	0.0170833176	-0.1704133497	-0.0078186657	-0.0060293305	0.0618335906	0.0038685839	-0.0054900351	0.0508118299	0.0933006195	0.0856162088	0.0816384331	-0.0320886259	0.1215679606	0.0329752634	0.0274500261	-0.0225803534	-0.0737345793	-0.0541908329	0.0911623495	-0.0688724757	-0.1322218866	-0.0035822263	-0.0822309228	0.0479019636	0.011320533	0.0187291999	-0.0930458077	-0.0489621147	0.176859639	0.0959362625	-0.0222056264	-0.1198183904	0.0813092327	0.1388479652	0.0135758023	-0.0691326648	-0.1422337796	-0.1051369655	0.064889372	-0.0866050307	0.0778472689	-0.0214277299	0.1655900738	-0.0243908751	-0.0220388651	0.0493848396	0.0746207955	0.0657833331	0.0680893109	-0.041849144	0.1052402363	-0.0492892759	0.1934629199	0.1245790356	0.0638735805	-0.0379932063	0.0165664166	0.0562056122	-0.0773138711	-0.12879743	-0.1281318315	-0.0247608396	-0.095776241	0.0230437309	0.0613563965	0.0206236602	-0.014591371	-0.0997149958	0.0573429863	0.0379085914	0.0917630819	-0.0137725097	0.0626234407	0.0057540485	0.0246411077	-0.0669228277	0.0261901357	0.0730324535	-0.0041868397	0.0440565269	-0.0156413009	-0.0369408088	0.1137289129	0.1445016294	-0.035306218	0.2216801951	-0.0012509834	0.1472338218	-0.0060393862	0.0124915805	0.0201141871	0.2007229791	-0.1322607858	-0.0022032541	-0.0224817669	-0.0094958576	-0.1118928313	-0.1054547891	0.1060000906	0.143801333	-0.0017452111	-0.0022197628	-0.0770560671	0.0636647543	-0.1005573793	-0.0178228116	-0.051032506	-0.033168861	-0.0646709954	0.1081445194	-0.0294736444	-0.0617438007	-0.0047498007	-0.0935968425	-0.1672120967	-0.0013141804	0.0513687567	-0.0960685965	-0.0160387287	-0.1325493835	0.0019173204	-0.1178308493	-0.0226717029	0.1842512413	0.024671787	0.0013882443	-0.0693142797	0.1296933537	0.0030872329	0.0765888123	0.1472911455	0.0947736085	-0.0487517438	-0.0089549456	0.1206692583	0.1345603353	0.047924995	-0.0091272948	-0.076404452	0.0623336514	-0.1015925006	0.0746675401	-0.0349494174	-0.0107567634	0.0546199342	0.0670065175800402	-0.0051997085265612	2.7036968761193332e-05	0.0044898733982042	0.056031134812116	-0.0367109493440125	0.0013476938017386	0.0031394880683335	0.0808699585548566	0.0109873108807505	0.0001207210003902	0.0065399501966642	-0.008216090822416	-0.0008379097672167	6.750414840218843e-05	7.020927779971448e-07	0.0025119756129643	8.826640152290004e-05	7.790957637801811e-09	6.310021480127371e-06	0.0003818262699188	-0.0001136212630997	1.4579130040010437e-07	1.2909791428393956e-08	0.0	0.0	0.0	0.0	0.0	0.0	0.0	0.0	0.0	0.0	0.0	0.0	0.0	0.0	0.0	0.0	0.0	0.0
1253.4881372438913	1.4476715721652909	1571232.5102111604	2.095752980855525	1530.3921272110765	-10.767378312827988	115.93643573155846	2342100.063029644	1184.8477700221893	0.6825636135044988	1403864.2381265548	0.4658930864803188	1204.2231608832635	1336.843292370597	1.273865	26.007168	0.0982462748140314	0.0633200299407863	-0.0108893697	0.0972906319	0.1762229315	0.0234787521	-0.0281878825	0.0421263393	0.1250747166	-0.0923127406	0.0464568207	-0.1928365267	-0.0247350408	-0.0588446118	0.0258795529	-0.0545537334	-0.1340802672	-0.0691315823	-0.1115080308	-0.1857748568	-0.0642368467	-0.0519319162	0.0054526066	-0.0496225731	0.0067609375	0.0446220511	0.0073716328	-0.1192598491	0.0779426234	-0.1343501829	0.0084299098	0.1005255171	0.0671645783	-0.0217495107	-0.0428429779	0.0898757266	0.0731468944	0.0169069723	0.0442806931	0.0038676387	0.082988161	0.0039655496	0.0746530672	-0.1200589988	-0.019441974	-0.0387371672	-0.0865221564	-0.0156949846	0.0117343921	0.0742958686	-0.0322246061	0.1622336066	-0.0748201245	0.0301044373	-0.09501204	-0.1263027716	-0.0743880543	0.0443441691	-0.0166576371	-0.0701443302	0.052568014	0.013674481	-0.0248563823	0.0698696378	0.0443423022	-0.0027201955	-0.1114014306	-0.0449571585	0.0163691442	-0.0116700437	0.0704832421	-0.119629368	-0.0391179848	0.1232168191	-0.0283790404	-0.1732450133	0.0925375569	-0.0775515475	-0.1619876822	0.1376163212	0.0177410637	-0.028618569	-0.0044546693	0.0322674504	-0.0665152571	0.0704004652	0.0378731785	-0.1421649492	0.0562175035	-0.0630989731	0.1162274962	-0.0013305069	-0.0089898988	-0.0754571387	-0.1238055903	0.0204585661	-0.0745581286	0.0096850342	0.042534226	0.089946248	-0.0665922217	-0.1239348891	0.0721042834	0.0198105522	-0.038082249	-0.0320620296	0.0194087851	-0.1131404342	-0.1395361409	0.1110835507	-0.0797457032	-0.022904996	-0.0917197584	0.0788245461	-0.0241651643	-0.0726236079	-0.0567784704	-0.0310187918	0.0563724416	0.0202024682	-0.0160640926	0.0309579795	-0.0927536419	0.0033612597	0.0309909211	-0.020222386	-0.0625228004	-0.113768133	-0.1360255628	-0.0745455909	0.0909174629	0.0390699127	0.0480030348	0.080417494	-0.0262571571	0.1292961124	0.0393371874	-0.122274222	0.0567502705	-0.0723685309	-0.103757064	0.1197295682	-0.0847918475	-0.029910478	-0.0060910673	0.1002254232	-0.0679071175	-0.1686876538	-0.1051995031	0.0721754708	-0.0654549284	0.0993287753	-0.1067630156	-0.0403314322	-0.0205343178	0.0560596847	-0.00621669	0.1590561551	-0.1024459312	0.0778019275	-0.0410229053	-0.0021545924	0.0449960313	0.0689072346600028	0.0019007170799626	3.612725418061561e-06	0.0047482069884886	0.1128439217310841	0.056812786918968	0.0032276927575	0.012733750671651	0.0721480889685608	-0.0087218695862957	7.607100908035161e-05	0.0052053467418153	-0.0077982664784916	0.0004178243439244	6.0812960069565785e-05	1.7457718237585535e-07	0.002475918448072	-3.605716489229983e-05	1.3001191400704995e-09	6.1301721615032616e-06	0.0005441627856782	0.0001623365157593	2.961131373170586e-07	2.6353144348901904e-08	0.0	0.0	0.0	0.0	0.0	0.0	0.0	0.0	0.0	0.0	0.0	0.0	0.0	0.0	0.0	0.0	0.0	0.0
1257.758525849696	4.270388605804783	1581956.5093476006	18.23621884458732	1519.7626073238623	-10.6295198872142	112.9866930326822	2309678.3826198243	1186.9187650165327	2.0709949943434367	1408776.154748371	4.289020266595571	1205.8474035026454	1356.3633667908132	1.252907	25.579287	0.122851478608433	0.0738393906877341	-0.1210625785	0.0239061047	0.0197410514	0.0323504711	0.0085160807	0.0736936296	0.0134480391	-0.1087281112	-0.1018426196	-0.0825748253	0.01329264	0.124885195	0.0158141833	0.0233064119	-0.008612979	-0.0372394264	0.1995499613	0.0116189538	-0.0978186692	-0.0408397674	-0.0415506751	0.0663683292	0.1196375492	-0.0217765167	-0.0651165785	0.2005593739	0.0288316867	-0.0438902706	0.0262804526	0.0904553754	0.1030062184	-0.0110620796	-0.0382655512	0.028862026	0.058764747	-0.0122846914	-0.0071266069	-0.0166558893	-0.1187526182	-0.1005709938	-0.0200839778	0.0210615243	-0.03488881	-0.0023253333	0.0711545358	0.0260970458	0.0239384234	0.016266928	-0.0953526988	0.0238115496	-0.0304077887	-0.0574788359	-0.0013052288	-0.1534783381	-0.0057608134	0.0833990166	-0.1153044681	-0.0612621797	-0.1261036064	-0.0777572323	-0.057849857	-0.0209636638	-0.0737252551	0.0527569467	0.0817275043	-0.0742601132	-0.069948518	0.0127011241	-0.0564815171	-0.0756809958	0.0040024712	-0.1575512648	0.0032268232	0.0321966633	0.0571661451	0.0539608443	-0.0013055267	0.110869793	0.0278011072	-0.0085084948	-0.1277771165	0.058048428	0.1200255628	-0.1328390089	0.110526464	0.0547822465	-0.0070673138	-0.0889309876	0.0444631315	0.0402216282	0.0384724255	-0.051583516	-0.0234344456	0.0231508597	-0.0372299339	-0.0470189772	-0.0779261989	0.0833711133	0.0845185372	0.0492343913	-0.0042504818	0.0421276215	0.0379730008	0.148404828	0.0584263861	-0.1106064112	-0.0321218014	-0.0107525849	0.0346232076	0.0631462045	-0.0082806162	0.0950982552	-0.0006170722	-0.0773365015	-0.0316611435	-0.0999780513	-0.0913635861	0.0800434879	0.012422304	0.016371027	-0.0494181235	0.0529861665	-0.0727193981	-0.0282915563	0.0910396182	-0.0568108284	0.1917273902	-0.0368351993	0.0483292906	-0.0100777212	-0.0585169514	-0.0371482863	-0.0175275828	-0.0172467531	0.0940342343	-0.1016014245	-0.0879654199	0.0472053177	-0.0569116455	0.0889359932	0.0944254927	0.038393752	-0.0079222176	0.0818148721	-0.0465604192	-0.0015509013	-0.0176467571	-0.0715060101	-0.1000215185	0.111258846	0.1333149682	-0.0852114687	0.1404935296	0.0579182358	-0.0754735618	0.021879517	-0.103260836	0.0808192935	-0.0469575846	0.0064605365	0.0349494174	0.0725037700975548	0.003596535437552	1.2935067153567404e-05	0.005256796678359	0.0452397010073895	-0.0676042207236946	0.004570330659658	0.0020466305472379	0.0801285943443872	0.0079805053758263	6.368846605359401e-05	0.0064205916316073	-0.0072279102506766	0.000570356227815	5.224268659183587e-05	3.253062266073568e-07	0.0027103239355741	0.000234405487502	5.494593257109713e-08	7.345855835745879e-06	0.0006128054117883	6.864262611010002e-05	3.755304727170279e-07	4.711810119290984e-09	0.0	0.0	0.0	0.0	0.0	0.0	0.0	0.0	0.0	0.0	0.0	0.0	0.0	0.0	0.0	0.0	0.0	0.0
1257.5463310073494	-0.2121948423466619	1581422.774630046	0.0450266511185247	1534.694629437152	14.932022113289577	222.9652843917689	2355287.605623237	1187.8529276148618	0.9341625983290668	1410994.577643198	0.8726597601169136	1207.1979370175131	1351.330058619563	0.986655	20.143509	0.2038023901516336	0.1193877960365614	-0.1146805817	0.0513929179	0.0297913391	-0.0234561769	0.0111097117	0.0173709508	-0.0814770336	-0.0210210408	-0.1511863458	-0.0849704012	0.0763152984	0.041979489	-0.0680279923	-0.0215705852	-0.0264876724	-0.0258781831	0.1824576787	0.0830075438	-0.0272496709	0.0092927613	-0.0205224864	0.0406324174	-0.0421288135	-0.0665076872	0.0451381971	0.1154875519	0.1380916615	-0.1064560924	-0.135270432	-0.0043362556	0.1518544762	-0.0182967683	-0.0582695245	0.0924742871	0.0075935676	0.0117212824	0.0309217437	0.1238374	0.1533446356	-0.0396421514	-0.0227692595	-0.0553508185	-0.0008365051	0.0887403095	0.1899791176	-0.0188078471	-0.0650565879	0.1073450222	-0.06840132	-0.0460345229	0.0580682887	0.1411959421	-0.0744228793	-0.0569511807	0.0047552283	0.1018859987	-0.01329605	-0.0345664435	0.0858348485	-0.0835915821	-0.044169064	-0.0960751202	0.1103091131	-0.0355582813	-0.0400368997	-0.1655469521	-0.0613089727	0.0190470742	0.0204303676	0.0677710843	-0.0963863451	0.0548832378	-0.1369292378	0.0098660952	-0.0053684519	0.03511468	0.0769240479	0.0317313096	-0.0042756003	0.0436206417	-0.0289400031	-0.0385455122	0.0989475037	-0.1000635591	0.0831230375	-0.0575994112	-0.0941736693	0.0288910479	0.1313458455	0.127402559	-0.0286101194	-0.0737850186	-0.1518114104	-0.045295157	-0.023109364	-0.1048235149	0.0899898716	0.0408644817	-0.1691517018	-0.0229240571	0.0396528339	-0.031625291	0.0007439305	0.2375931859	0.1200008605	-0.0082305902	-0.0482370418	-0.0665662293	-0.0995660433	-0.0090177732	-0.0962523053	-0.0439755966	0.0219377264	0.0196530139	-0.0340979035	0.1043674954	-0.012913201	-0.0117590172	-0.0298771044	-0.0360270789	-0.0703296708	0.074638291	0.0198155161	-0.0704163471	-0.0826201929	-0.0208789137	-0.0174271934	0.1408998735	-0.0202458174	-0.060334473	0.0284542944	0.0763243943	0.0390572848	0.0044706117	-0.0156437713	-0.102385948	-0.0791413779	0.0899466729	-0.0495831798	0.0776235237	0.0677389654	0.0956409942	-0.0101211637	0.1526291289	-0.0764052719	-0.1166775562	0.0752274333	0.1511049202	0.0337412456	0.1817072045	0.0492133903	0.0195439289	-0.0177660724	0.088069042	0.1018106305	-0.0610822825	-0.1040369087	0.0837150996	-0.0527333744	0.0150368111	0.0245744743	0.0835529206235179	0.0110491505259631	0.0001220837273453	0.0069810905447198	0.137874219053188	0.0926345180457985	0.0085811539335773	0.0190093002795264	0.1123811368934042	0.032252542549017	0.0010402265008761	0.012629519929454	-0.0084431396751386	-0.001215229424462	7.128660757389955e-05	1.4767825540782445e-06	0.0027083741681259	-1.949767448200263e-06	3.801593102061366e-12	7.33529063457166e-06	0.0007529498004952	0.0001401443887069	5.669334020657615e-07	1.9640449686030688e-08	0.0	0.0	0.0	0.0	0.0	0.0	0.0	0.0	0.0	0.0	0.0	0.0	0.0	0.0	0.0	0.0	0.0	0.0
1256.811157428246	-0.7351735791035026	1579574.285436127	0.5404801914118539	1545.537633594225	10.84300415707321	117.57073915030692	2388686.576856037	1185.553378348051	-2.2995492668108	1405536.812912477	5.287926830490088	1205.4913705714746	1357.0593703109928	0.992685	20.266613	0.080934926099065	0.0439430825488296	-0.1018624098	0.0454474267	0.0429205442	-0.0030204877	0.0323458362	0.0489912218	-0.0726713078	0.0228987283	-0.1195130943	-0.1331059173	0.0662229703	0.0057002453	-0.0376001441	-0.0063143315	0.0017299469	0.0421393986	0.0058668793	-0.0431545766	-0.0905471643	-0.0958121633	-0.0227570531	0.0252551197	-0.0495697315	0.0274786536	-0.0981531998	0.0899732234	0.0576834563	0.0679243049	0.094882148	0.074833303	0.1026996443	0.0909927112	-0.0485851	0.0490698436	0.0372829142	-0.2241794067	0.1790608374	-0.1235430949	0.0303398961	0.0670972332	0.0104743095	0.0597124337	-0.0051241348	-0.0601164089	-0.0008272895	-0.0405815649	0.0299741404	-0.0745657347	-0.0416615947	-0.1212466331	0.1563442219	-0.0384182134	-0.0328950337	-0.0829911698	0.053415019	-0.0861041347	-0.0876511164	-0.0514815801	0.0364468678	-0.0632856937	0.0829372324	0.0504076789	0.095392486	0.1014985469	-0.079185898	0.0874556237	-0.0088337396	0.0523433404	0.0271345618	-0.0184409845	-0.0811951223	0.0598650546	0.0152198866	0.0176251528	0.0130486942	-0.0554311148	0.0080171959	0.1165375078	-0.0085432646	0.0550868819	-0.0203892516	0.0323135705	0.0678662819	0.0424057036	0.1396225137	0.0983719212	-0.0108554052	-0.0989693802	0.0525280783	0.0156580437	0.1206332632	-0.0326980874	-0.0781512071	0.0229199394	0.0718558252	0.187536788	-0.2277264527	-0.0385844353	-0.0682921941	0.0113724993	-0.042233607	-0.0567695869	-0.0537144059	0.0165473685	0.0639024121	-0.0069022482	0.0214859479	-0.1099232677	-0.0174806705	0.0184686096	-0.0509776136	-0.0535865	-0.0695447885	-0.1172403981	0.1600720603	0.0480257154	-0.0702635294	-0.0152056686	0.0661926353	-0.0099941066	-0.1051977105	-0.0808954324	0.0842603993	0.1717858677	-0.0213540789	0.0940089938	-0.0679582165	0.0187946503	-0.0060031444	0.0549053891	0.0726305027	0.0401127924	0.0045713602	0.0724008591	0.0072978651	-0.1287682907	0.0120590619	0.0503085332	-0.0040806111	-0.0220800834	0.0336921286	0.0465675545	-0.0198573326	0.0964579397	-0.0596987401	-0.1525047543	-0.0405063399	0.0551846454	-0.0593588323	0.0887460152	-0.0314180001	-0.1495839373	0.0332290272	-0.0302420715	0.0563700239	0.0150885373	-0.1047738574	0.0864849902	-0.0583307311	0.0235226525	0.0139686685	0.0800962257380319	-0.003456694885486	1.1948739531345072e-05	0.0064154053774777	0.1091905854585775	-0.0286836335946105	0.0008227508361898	0.0119225839527869	0.1126436909840578	0.0002625540906535	6.893465051893561e-08	0.0126886011185119	-0.0079091260731811	0.0005340136019574	6.25542752414731e-05	2.8517052707562253e-07	0.0027750323324686	6.66581643427003e-05	4.443310873538441e-09	7.70080444624612e-06	0.0003829806962291	-0.0003699691042661	1.4667421368412618e-07	1.368771381114604e-07	0.0	0.0	0.0	0.0	0.0	0.0	0.0	0.0	0.0	0.0	0.0	0.0	0.0	0.0	0.0	0.0	0.0	0.0
1255.2848658547348	-1.5262915735111164	1575740.0944439396	2.32956596737104	1549.333087689105	3.795454094879915	14.405471786340714	2400433.016608256	1184.663277320063	-0.8901010279880666	1403427.0806307122	0.7922798400254129	1204.7918170204646	1353.9625985513767	1.219305	24.893286	0.0548431075001315	0.0298542646131305	-0.0171066354	0.1472874127	0.0939135958	-0.0791893061	0.097632492	-0.0665021024	-0.0169987852	0.0699866739	0.0510899339	-0.1222421083	0.031009413	-0.0078267149	-0.0701873342	-0.0825198865	-0.1519164162	0.0833860719	0.0348035536	-0.1608361396	-0.0886152442	-0.1559685882	-0.0442730394	0.0034157751	-0.0063716026	0.0084107791	0.0829825852	7.90404e-05	-0.0486888208	-0.0817247759	0.0220218346	-0.0634801868	-0.0688047309	-0.0013362684	0.0173022122	0.2083758498	0.0503251766	-0.2394473556	-0.1611518835	0.0815681792	0.0690177307	-0.0324139596	-0.0451695511	-0.0854138167	0.05785326	0.0978607057	0.0231628567	-0.0226069946	-0.015681124	-0.002277535	0.119702473	-0.2290403519	-0.0698546295	0.0429037045	0.0005257355	-0.0192564082	0.048201409	0.0585339303	0.16473184	0.0474664671	0.0200668659	0.0033607923	0.0166067104	-0.100131467	-0.0243999173	-0.0502871469	-0.0656907898	0.0221634266	-0.1041139103	-0.014188978	0.014108076	-0.0409489447	-0.0492950189	-0.122544945	-0.122481304	0.0304367772	0.0209166555	-0.1437461718	-0.0745094765	0.1368047223	-0.0119264149	0.0649672012	-0.0296618535	0.0971852696	0.0104336922	0.0390863357	-0.0775553191	0.0124968014	0.1297765601	0.1086903407	0.0872147534	-0.0597174724	0.0676735888	0.0293856272	-0.2746839921	0.0174490508	0.0245175946	-0.027265329	0.1019211805	0.0538959067	-0.0722281147	0.1038340173	-0.0011300573	0.1107124234	0.0633694526	0.0194360479	-0.0443327836	0.0627851761	0.0776222997	-0.1134484127	0.146088735	-0.0864971179	-0.085955267	-0.0944736966	0.044541387	0.0158508301	-0.0155157011	0.0725145959	0.1091869161	-0.0970855358	0.0184120461	-0.0091974061	0.1205146307	0.0584749312	0.1046958767	0.0103994344	0.0170607764	-0.0490504208	0.1326205529	0.0582159102	0.0362340255	-0.1138578757	-0.0061731829	0.0025206248	-0.0122276988	0.1131748317	0.0109460459	-0.1142296561	-0.0297137259	-0.0201338381	-0.0559852135	0.0227031355	-0.0897362921	-0.0827588797	-0.1960059028	-0.0145627324	-0.1333529752	-0.0994440188	-0.0317666014	0.0139010567	0.0239469795	-0.0161824273	-0.0231840431	-0.0414298315	0.0528358259	-0.0644712253	0.0396567577	0.037248024	-0.1054714048	0.0891247992	-0.0637307152	0.0318670259	0.0032316354	0.0730260496553398	-0.0070701760826921	4.998738984027142e-05	0.0053328039282641	0.0882938783456808	-0.0208967071128967	0.0004366723681621	0.0077958089533218	0.110925425667645	-0.0017182653164127	2.952435697587164e-06	0.0123044500595482	-0.0080642103134965	-0.0001550842403153	6.503148798030332e-05	2.405112159420452e-08	0.0031200006647131	0.0003449683322444	1.1900315025155167e-07	9.734404147810186e-06	0.0003860873034318	3.10660720270002e-06	1.490634058712388e-07	9.651008311867643e-12	0.0	0.0	0.0	0.0	0.0	0.0	0.0	0.0	0.0	0.0	0.0	0.0	0.0	0.0	0.0	0.0	0.0	0.0
1258.0129719804995	2.728106125764725	1582596.6376712092	7.442563033435019	1541.109299931213	-8.223787757892069	67.63068508685546	2375017.874334473	1186.553590566347	1.8903132462842225	1407909.4232858906	3.5732841690775947	1206.363735888517	1342.9428169968671	1.045251	21.33979	0.0473584691693686	0.0277378907955328	0.0302087081	0.1038051874	0.0372883809	-0.0875931381	-0.0312876908	0.0464684863	-0.016649659	-0.0094453295	0.0914485792	-0.1112447136	-0.0061193284	0.0135980425	0.0028891272	0.0374669342	-0.023028793	0.0597217756	0.0304786023	-0.0776328567	-0.1254503242	-0.0003661123	0.1022366952	0.0966829134	0.0062821225	-0.0704465017	-0.0360255447	0.0201803399	-0.0366666303	0.0813234536	-0.0514942227	-0.0324888159	-0.0325407262	0.0672443384	-0.0897987684	0.0323408211	-0.0785891742	0.1142900807	-0.0317570936	-0.0674135502	-0.1147824171	0.0645727774	0.0367235515	0.0828896617	0.045701092	0.0897904653	-0.090106326	-0.0377882466	-0.0585419709	0.0124220191	0.0198596123	-0.0930406792	0.0234440381	-0.1291282905	-0.1429984502	0.0578715218	0.2347512235	-0.0099869619	0.0811670134	0.0122352383	-0.033762373	0.0770513277	-0.0699219613	0.0371507815	0.0802209002	0.1083620658	-0.0807904884	-0.0897658384	0.0501748519	0.04781789	0.0641160915	-0.0345819227	0.0280739629	-0.0437435063	0.0975349217	0.0330034709	0.065619257	-0.0668232945	-0.0520746749	0.0860729669	-0.1123025169	-0.0561066736	-0.1173370414	-0.0506346221	0.0611910128	0.0218398549	-0.0387045111	0.0394947778	-0.0501735283	0.0851068724	-0.0372485652	-0.0203814881	0.034087872	-0.1169660952	0.0660263911	-0.0608367309	0.0105650166	-0.0215463273	0.0526435847	-0.0745675146	0.1350626863	-0.073267534	-0.0192609279	-0.0776301072	0.0873775737	-0.022914469	-0.0103309376	0.0881671451	0.1231339617	-0.0423230296	-0.0208858381	-0.0955390924	-0.1547089283	0.0262660917	-0.1679364777	-0.0014102636	0.0938544578	-0.0991857645	-0.0345279748	-0.1111412091	-0.0493677725	0.1064170869	0.0331281133	-0.0517655782	0.0146767033	0.0599304559	-0.0652212851	0.019993374	0.0877623631	-0.0468530175	-0.0291417404	0.0942263108	0.0197505936	-0.0953764528	-0.0028605281	0.022333745	0.0248011367	-0.10388935	-0.0523685761	-0.0688883573	0.0054221348	0.0467604032	-0.0773057092	0.0569024312	-0.1415652869	0.0348988969	-0.0734820543	-0.1066669622	-0.0023213959	0.0086477272	0.0324362878	-0.0023960008	0.1164721434	0.0218810708	0.0508911852	-0.1125918298	0.0065039538	0.0686446014	-0.1061292888	0.091630556	-0.0689150546	0.0400197472	-0.007535757	0.0725004031215803	-0.0005256465337594	2.763042784533767e-07	0.0052563084527916	0.0713637614102395	-0.0169301169354412	0.0002866288594477	0.0050927864426175	0.1028857161152672	-0.0080397095523778	6.463692968659488e-05	0.0105854705805513	-0.0080381234801238	2.6086833372700527e-05	6.461142908171754e-05	6.805228754150418e-10	0.0027120082344782	-0.0004079924302349	1.664578231289798e-07	7.354988663877563e-06	0.0003829066440836	-3.1806593481999872e-06	1.4661749808336477e-07	1.0116593889291967e-11	0.0	0.0	0.0	0.0	0.0	0.0	0.0	0.0	0.0	0.0	0.0	0.0	0.0	0.0	0.0	0.0	0.0	0.0
1256.3276742811868	-1.685297699312741	1578359.2251647755	2.840228335308819	1539.4016155976158	-1.7076843335971716	2.916185783213216	2369757.3341045496	1186.9535167235656	0.3999261572184878	1408858.6508624398	0.1599409312275466	1206.7808006190046	1340.4868125925937	1.047477	21.385241	0.0958610773313091	0.0600566323094685	0.0925373351	0.0216007347	0.0266633268	0.0246060429	-0.0084562779	0.0060528311	-0.0619963919	-0.0132440615	0.0656043202	1.91409e-05	0.0309592535	-0.0018195641	-0.0279904815	-0.0036987636	0.0641548431	0.0568545868	0.0228534207	0.0150128149	0.0387021059	0.0445879455	0.0490133084	-0.0100202379	-0.0457711335	0.0783081026	-0.1497408669	0.1183555481	0.0664559523	-0.0394210348	0.0028330767	-0.0429946159	0.0394169191	-0.0975262913	0.0497814082	-0.0544087806	-0.000331096	-0.1442384148	-0.1041884037	-0.0231948409	-0.0627157058	0.0135666519	0.0376111809	0.002241798	-0.0630740533	0.0784228073	0.0495125588	0.0062775612	-0.1738118482	-0.123288048	0.1661070149	0.0270518146	-0.0753179439	-0.0089055914	0.0123382359	0.0883362557	0.0141039593	-0.0075061199	-0.1755501246	0.0245289962	-0.0986118831	0.0025566517	0.1010333294	0.0318489048	-0.0086232477	0.1125546952	0.1783996949	-0.0808399015	0.0306167718	0.1551232238	-0.0540579104	0.111111839	0.0763295698	0.0584789368	0.0335182391	-0.074781827	0.0537992849	-0.0136398826	0.0003855865	-0.0973856205	-0.0496660786	-0.0185760124	0.021053845	0.0551420573	0.0891782672	0.0223480712	0.1840601351	0.0233857642	-0.0285131222	-0.0378783792	-0.0162208665	-0.0307217228	-0.0748141976	0.0846153404	-0.095200092	0.0318452968	0.0638210153	0.0422877044	-0.0043268925	-0.0535283309	0.0614849712	0.0482580452	0.0422619008	0.1257895116	0.0634586621	0.0756240784	-0.1148619313	0.0058555092	0.1964682571	0.0587618342	0.0043913889	0.0738771475	-0.0382871207	0.0854198826	0.0793106656	0.1279018497	0.047144433	-0.0072491829	-0.0546436	-0.0216216722	0.0436334962	-0.1448010824	-0.0355642658	-0.0329797978	-0.1198417165	-0.050441805	-0.0106139644	0.1753706923	-0.0207909656	-0.0554882122	-0.0853825132	0.1186032167	0.0397548334	-0.0784658146	0.0214779658	0.0259052033	-0.0055667239	-0.0324555262	-0.0392860409	-0.0346141004	0.1118734163	0.0949525998	0.0455670836	-0.01284343	-0.0708988302	0.0770872017	-0.1142893185	-0.1125324462	0.0180394112	0.0735457239	-0.0266811809	0.0077206816	0.0116972387	0.0579375141	0.0027938803	-0.0714055228	0.0085386545	0.0573534948	-0.106747262	0.0939984918	-0.0738662073	0.0479317851	-0.0182323554	0.0728907678370376	0.0003903647154572	1.5238461107405473e-07	0.0053130640358729	0.1264817322250735	0.0551179708148339	0.0030379907067448	0.0159976285866551	0.1193730003650301	0.0164872842497628	0.0002718305419324	0.0142499132161494	-0.0082380011989156	-0.0001998777187917	6.786466375333485e-05	3.995110246941377e-08	0.0027093436457765	-2.6645887017001137e-06	7.100032949227898e-12	7.340542990909496e-06	0.0006576734876152	0.0002747668435315	4.325344163119406e-07	7.549681830431873e-08	0.0	0.0	0.0	0.0	0.0	0.0	0.0	0.0	0.0	0.0	0.0	0.0	0.0	0.0	0.0	0.0	0.0	0.0
1257.896525197095	1.568850915908115	1582303.6681029256	2.461293196345731	1530.4020128273326	-8.999602770283218	80.99285002288937	2342130.320865951	1186.2002196474928	-0.7532970760728404	1407070.96109176	0.5674564848198906	1206.0430795944794	1338.8034245500137	1.157758	23.63673	0.1343112372247625	0.0630003373381126	0.0490376173	-0.0964368757	0.022067768	-0.0755421079	-3.75607e-05	-0.0700084168	0.1509093647	-0.0538622364	0.0306314786	0.0180851601	0.0568681548	0.020482474	-0.048030387	-0.1549571053	0.0232917785	-0.0774730431	-0.0769766925	-0.019199339	0.0503024432	-0.0266456621	-0.1425271744	-0.1568218068	-0.0662289958	-0.0134416171	-0.0253681753	-0.0068478227	0.0156565205	-0.0916773106	-0.1685396979	-0.0820682082	0.1065076977	-0.0190926911	0.0365151071	0.0416262685	0.0747349264	-0.0447858194	-0.0117831371	-0.0064572324	-0.0707945444	-0.0718516984	-0.0675331929	0.0994751494	-0.0243114544	0.0858938036	-0.0160799499	-0.0182296272	-0.0158241377	0.0627147841	-0.0416897707	0.1722916412	-0.0955993134	-0.0551341643	-0.0282763834	-0.0005143902	0.0128261916	-0.0670551113	0.0913574566	-0.040157384	0.1226672318	-0.0552879383	-0.0134737856	0.0246408161	-0.1833148642	0.0818774814	-0.0451140816	-0.092239278	0.092315572	-0.0611528852	-0.1367414098	-0.0921833509	0.0852347741	-0.1250263056	-0.0079150449	-0.0369431417	-0.0413033634	0.0524320102	-0.0544449095	-0.0238038494	0.1205655306	0.0551459622	0.1211614905	0.0614869353	0.0799178517	0.060385246	0.005579199	-0.1291680501	-0.0149098273	0.1078341882	-0.0041460909	0.1380227972	-0.0622202025	0.0732698865	-0.1573983081	0.060298343	-0.0074321524	-0.056663346	-0.0282958657	-0.0501273847	0.1001025491	0.0253835736	-0.0258516958	-0.1107608032	0.0782715878	0.0588190639	-0.0152568474	-0.00298474	-0.0420340625	0.1470922725	-0.0160062207	-0.0338675455	0.1328544755	0.1013534747	-0.0211754578	-0.0056889993	0.0397008512	0.1006173302	-0.0165640196	-0.0313775959	-0.0160617703	0.1507060457	-0.0228688765	0.0831752845	-0.1141151019	0.030690484	-0.0714590961	-0.1302572212	0.1059175413	-0.0874994678	0.0141239526	-0.0133272057	0.0398116639	0.0165223359	-0.0086331808	-0.0448825995	0.0198115072	-0.0555167263	0.0536631295	0.033434481	0.029063831	0.169875446	-0.0518106839	0.0197664714	-0.029735674	-0.0914769671	-0.1060943504	-0.0174894069	0.0917319082	0.043679098	-0.0305626412	0.192625819	0.0553513172	-0.0804258018	-0.0098938914	0.048219713	-0.0660463524	-0.0239707894	-0.1073250918	0.0962250449	-0.0785674201	0.0555555556	-0.0287576717	0.065138311459691	-0.0077524563773466	6.010057988266202e-05	0.0042429996198197	0.0863592300120927	-0.0401225022129808	0.0016098151838306	0.0074579166082815	0.085554978244545	-0.0338180221204851	0.0011436586201416	0.0073196543024245	-0.0089832644165044	-0.0007452632175888	8.069903957683414e-05	5.55417263490812e-07	0.0025708582724708	-0.0001384853733056	1.917819861961908e-08	6.609312257131545e-06	0.0004890569482307	-0.0001686165393844	2.391766986127256e-07	2.8431537354004633e-08	0.0	0.0	0.0	0.0	0.0	0.0	0.0	0.0	0.0	0.0	0.0	0.0	0.0	0.0	0.0	0.0	0.0	0.0
1261.742740107042	3.8462149099470935	1591994.7422128264	14.79336913349933	1529.8668413371065	-0.5351714902260483	0.2864085239507692	2340492.5522227758	1187.8442004875678	1.6439808400750735	1410973.8446319492	2.7026730025339445	1207.46776668114	1352.578282706767	1.310941	26.764116	0.0362908136701374	0.0211492672821276	-0.066616517	-0.1050903235	0.0631516867	-0.0771810632	-0.0757472781	0.0373202695	0.0702042323	-0.0986744751	-0.0571043002	-0.0324120719	-0.0944857566	-0.0748513237	0.029172059	-0.0049627363	-0.0881095223	0.0110390077	-0.0421385433	-0.0046002165	-0.0262664057	0.0624547099	0.0151899544	-0.1029588634	-0.024451012	-0.0122402065	-0.0549282439	-0.0695578266	0.0796161573	0.1751014443	-0.1161675054	-0.0872452559	-0.0282722224	0.0432888187	0.1025104365	0.1177597654	-0.0919592519	-0.0125063606	-0.0134782618	0.063029794	0.0028144757	-0.0792394147	0.0184876869	-0.0254464018	0.1160100137	-0.0264024903	-0.0106241942	-0.0641929832	0.0085221187	-0.0427947432	-0.160869682	0.0393271795	-0.0434521788	-0.0744081502	-0.0968596086	0.0753245159	-0.0515631051	0.0546716839	0.0788002582	-0.0132589658	0.0209217823	-0.1002298023	-0.0466375134	0.106428805	0.0109324089	0.0011833597	-0.170218367	0.0139180088	0.1597921769	-0.1329117288	0.1373141393	0.0996057822	-0.079308372	0.0280711043	0.055775848	0.080380177	0.0670326297	0.0900893823	-0.0494846791	0.0501461801	0.0306966808	-0.0600639907	0.0398297534	-0.0702689007	-0.091042511	0.0840779849	0.0332740415	0.0345643551	-0.1574969675	0.1436440534	-0.045424628	-0.0137501086	0.0619754408	0.1306167471	-0.0598432073	-0.0250628749	0.0661048145	-0.0254792537	0.1108377613	0.0971769077	0.0501821588	0.0127226019	-0.0084575801	-0.0641332167	-0.0455734702	-0.0603843698	0.0653811618	-0.0092650692	-0.0723608421	-0.0521932513	-0.1203753484	-0.0851853121	0.0011108958	0.0745269759	-0.1586894759	0.0573446865	0.0708430147	0.0015150316	0.0927216766	0.1199968791	0.0480839446	0.0631091239	0.0042141787	0.0541424558	-0.0175529634	0.1613359669	-0.0873804512	-0.039125783	-0.0556012347	0.0843824872	0.0732139584	0.0055129853	-0.0966794679	0.0829956236	-0.0600396721	0.0322715821	0.0527362003	-0.02414765	0.1270603018	0.0544922479	-0.0304918706	-0.0077212972	-0.0063864482	0.112868309	-0.0590986391	-0.0082340977	-0.0715101042	-0.0881207004	-0.0500166451	-0.038508104	-0.0999757235	-0.0366403603	-0.1214815688	-0.0289724809	0.0155185427	-0.0928632549	0.0510236345	-0.0309633514	-0.1078625611	0.0983068664	-0.0830027857	0.0628452084	-0.0390128266	0.0606358009131611	-0.0045025105465298	2.027260122161297e-05	0.0036767003523805	0.0951579417512533	0.0087987117391606	7.74173282688427e-05	0.0090550338783349	0.086239664755837	0.0006846865112919	4.687956187452082e-07	0.0074372797771991	-0.0086461210528823	0.000337143363622	7.475540926109455e-05	1.1366564763442306e-07	0.0025738902560892	3.031983618399965e-06	9.192924662245746e-12	6.624911050390927e-06	0.0003831341980081	-0.0001059227502225	1.4679181368331e-07	1.1219629014719302e-08	0.0	0.0	0.0	0.0	0.0	0.0	0.0	0.0	0.0	0.0	0.0	0.0	0.0	0.0	0.0	0.0	0.0	0.0
1262.5294612725231	0.7867211654811399	1593980.6405810874	0.6189301922160031	1547.9530580246826	18.086216687576098	327.1112340699561	2396158.669847966	1188.2519061121156	0.4077056245478161	1411942.5923790762	0.1662238762879248	1207.7863744962667	1370.3243918446203	1.222848	24.965607	0.1261645949380266	0.0748539369995997	-0.0866228196	-0.0216629017	-0.0399981679	0.0587705695	-0.0138327397	0.0415602827	-0.0648888341	0.0681810527	-0.1333989285	0.0389337738	-0.015003283	0.1356950513	-0.0788324273	0.0845157931	0.0094406177	-0.0252368074	0.0381397127	0.0770740383	-0.0228663168	-0.0550621187	-0.007082081	-0.0859701812	-0.0507619915	0.0345196237	-0.0320884313	-0.0099145233	0.0253011326	-0.0119587664	0.0084140431	-0.1123925232	-0.0351275444	0.020561157	-0.052499406	0.0730463429	-0.1010748501	0.0181159431	0.0897649597	-0.0405764271	0.0428441655	-0.1097222726	0.073915843	0.0515798203	0.1490967221	0.0175337048	-0.0116415371	-0.0131341792	0.0349961765	0.035471259	-0.0706417405	-0.0910143867	-0.0400355585	0.0754039465	-0.0660835575	-0.0158911686	-0.0339504046	0.0416826221	-0.0774740661	0.0016982202	-0.0700225815	0.0765485076	-0.0444475411	0.1130350034	0.055207586	0.0062340859	0.1109177068	0.1118963192	0.0242577064	-0.0042119024	-0.0312882371	0.0492211361	0.0914710703	-0.1813573596	-0.0981145643	-0.0813939175	-0.1033970926	0.0369937082	0.0907139967	0.063130215	0.0241345773	0.002444838	0.0848821485	0.0341690977	-0.0132028273	0.0316710884	0.0367778069	0.0249187211	-0.0353086093	0.0963936005	0.0288850683	-0.038711286	-0.0483749323	-0.0005958137	-0.0137664506	-0.1404455677	0.0694889506	0.0180531355	-0.021962513	0.2066597423	-0.0124109741	-0.007542765	0.0196437462	-0.1200085122	0.0253368529	0.0145748318	-0.0031218383	-0.0336286084	-0.0510150956	-0.0915718754	0.0315758268	0.0837615176	-0.0791253121	0.040157826	0.0078512082	0.0528046869	0.0165865656	-0.063363815	0.0103058875	-0.0361097558	0.0057423167	-0.0046645731	-0.0712025951	-0.0833166165	-0.0198815899	-0.1593288441	0.091521101	0.1191942194	0.1489606992	-0.0012228923	-0.0118373942	-0.0522931488	-0.003702025	0.0844120848	-0.0580843643	-0.0094684286	0.0728132684	0.0416340883	-0.0180821412	-0.000555804	-0.0194301666	-0.0537629558	-0.0678178113	0.0434256475	-0.0549259141	0.0197050672	-0.1016494762	0.0877526698	-0.0351461794	-0.0471370689	0.0299587832	-0.0735742	0.1515578657	-0.1015540816	0.0435485038	-0.0706779964	-0.0832522702	-0.0941307407	-0.1083594676	0.100240825	-0.0871572961	0.0697569027	-0.0489014791	0.0730880039301524	0.0124522030169913	0.0001550573599763	0.0053418563184939	0.0283203690147644	-0.0668375727364889	0.0044672611293054	0.0008020433011324	0.0797740093045007	-0.0064656554513363	4.180470041539485e-05	0.0063638925605145	-0.0084502817839051	0.0001958392689772	7.140726222739834e-05	3.835301927352462e-08	0.0027074108724911	0.0001335206164019	1.7827755004343397e-08	7.33007363248302e-06	0.0008619575872932	0.000478823389285	7.429708822923144e-07	2.2927183812647042e-07	0.0	0.0	0.0	0.0	0.0	0.0	0.0	0.0	0.0	0.0	0.0	0.0	0.0	0.0	0.0	0.0	0.0	0.0
1259.7467210053255	-2.782740267197596	1586961.8010836695	7.743643394682948	1556.0556308904124	8.102572865729826	65.65168704446124	2421309.1264257594	1187.419946361403	-0.8319597507127128	1409966.129016917	0.6921570268059591	1207.9572122385532	1362.3717535133414	1.399913	28.580566	0.2310586741214023	0.1277023262757627	0.0643758487	0.0547979158	-0.0552578597	0.0146621066	0.0300055604	-0.0445513174	-0.1790173296	0.0976140085	0.0212731483	-0.0003006216	0.028842427	-0.071369932	-0.111601851	0.0078522957	0.0725820239	0.0943577072	0.0316957094	-0.0089059046	0.0294007918	0.0606796574	0.0064901513	0.0401060685	-0.0978308493	-0.0080974887	0.0208703888	-0.0075231618	0.0498751202	0.0938094769	0.1413880945	-0.1126858091	-0.0280673986	-0.106485158	0.0789447033	-0.0041042348	0.0367598887	-0.0263224621	-0.0397894264	-0.0166697484	0.0225282056	0.0446929489	0.0052121952	0.1047965436	-0.0044396057	0.1400711424	-0.0079479167	0.0457148382	0.0380862786	0.0335585263	-0.0100565372	0.022101681	0.0372495639	0.0062666314	0.0003988516	-0.0465801751	0.0545701087	-0.0596910953	0.1621591739	-0.1192202074	-0.0126378909	0.0572863986	-0.1289794066	-0.0686547046	-0.1796075515	-0.0319656919	0.0319759901	0.0450635711	-0.122956292	-0.0548919697	0.0236547379	-0.0475821467	-0.0394905312	0.1104712828	0.0374363197	-0.068564022	-0.0372867083	-0.0643940914	0.0264785525	-0.0872177635	-0.0726455278	0.0621971847	0.0168382156	-0.0860246046	-0.0012265984	0.0565660711	0.0103603993	0.1284903195	0.0401634884	0.0182110585	0.0795334117	-0.1070610363	-0.0599710273	0.106768214	-0.0111918319	-0.0002322744	-0.0270694915	0.0295817569	0.0098044524	-0.0712511232	0.0447921292	-0.0024693134	0.0029992701	0.0102612523	0.1577485161	0.0071950326	-0.0339896906	0.1207793778	-0.0797908746	0.0104407795	-0.0462316899	-0.0263427912	0.0937348091	-0.0514561978	-0.0165056627	-0.0690396592	-0.0344831779	-0.0559787133	0.0154681892	0.0036773779	0.0909951658	0.1861839446	0.0599202559	0.1657579727	0.0367107115	-0.0693385871	0.1235194998	-0.0594391309	-0.0805119752	-0.0337494578	0.0277910331	-0.0109565404	0.0012722313	-0.0403089395	0.0684775539	-0.0520602735	-0.0931981375	0.0203770483	-0.0958958848	-0.030952771	0.023498893	0.0287565077	0.1306786901	-0.0734880868	-0.1075668514	0.0809204501	0.1160324874	0.1190579552	0.1142910688	-0.0192949952	-0.0007369403	-0.0208544401	0.1041859716	0.2142830167	0.0028733441	-0.0451520913	-0.0211163893	-0.0952515706	-0.1088156246	0.1020240119	-0.0910168938	0.0762490709	-0.0583307311	0.0990639152780517	0.0259759113478992	0.0006747479703539	0.009813659310217	0.0626280384402377	0.0343076694254733	0.0011770161814075	0.0039222711988718	0.1408440027984454	0.0610699934939446	0.0037295441053504	0.0198370331242884	-0.0102032934165892	-0.0017530116326841	0.000104107196545	3.073049784325774e-06	0.0029210215238015	0.0002136106513104	4.562951035325333e-08	8.532366742511638e-06	0.0010894373003804	0.0002274797130872	1.186873631460134e-06	5.174701986623484e-08	0.0	0.0	0.0	0.0	0.0	0.0	0.0	0.0	0.0	0.0	0.0	0.0	0.0	0.0	0.0	0.0	0.0	0.0
1262.269307178021	2.5225861726955827	1593323.8038436817	6.363440998674948	1529.697554409649	-26.35807648076343	694.7481957657743	2339974.607966861	1188.305479569104	0.8855332077009734	1412069.912773958	0.7841690619411753	1207.7127425838423	1325.4832101590312	1.385088	28.277887	0.0551840020426204	0.0332421312615362	0.0939829099	-0.0860276408	0.0568056188	-0.0386871528	0.0723028038	0.1465919504	0.0240519109	-0.1131847076	0.0137529363	-0.0191103097	-0.1349803187	-0.1348271399	-0.0654370425	-0.01736359	-0.0292917539	-0.0448982948	0.0111733309	-0.0007006677	-0.0227201448	0.1609561461	0.0475612297	0.0104969909	0.1189207799	-0.0572606626	-0.1097184785	-0.0302283453	-0.042270428	0.0179084555	0.0105158086	-0.0593044082	0.0825552822	0.0797530481	0.0017821216	-0.0561134873	0.0139432545	-0.0259232144	-0.0490512372	0.1145812038	0.0277601962	-0.0274573425	-0.1143005903	-0.0249005698	0.013524066	-0.0729707185	0.0546549745	-0.0012388353	-0.01936188	-0.1532852818	0.0840669526	-0.0049697663	-0.0751768862	0.2084823333	0.0496867162	0.0952481507	-0.0470454891	0.0612053293	0.0485965951	0.0860160268	-0.0142736827	-0.008593336	0.1513412305	-0.0152082933	-0.0219991633	0.0649813862	-0.0529835666	-0.0629345451	-0.1299988953	-0.0551281937	0.0630115202	0.0982721227	0.0138604906	-0.0294798026	0.0097412486	0.0028861705	0.1710232036	0.1083126372	-0.0879629866	-0.0411282042	-0.0050826921	-0.1101144982	-0.1573603532	-0.091347278	-0.0289533091	0.0534230995	0.0646080096	0.0213037877	0.0351978088	-0.0058622193	-0.0395479294	0.1182039837	0.0047280013	0.0390786909	0.0259952571	-0.0001201434	0.0326853278	0.0190324412	0.0639519884	-0.0144315644	-0.1131442245	0.1325338912	-0.0393575956	0.0718987964	0.0153419875	-0.0364462966	-0.1002922345	-0.0983872942	0.0621342461	-0.0199787701	-0.0400550775	-0.0227059778	0.0002989939	-0.0550389035	0.1165364853	0.1197154529	-0.0508893646	0.0722359827	0.0472662909	-0.1354115549	0.1065878284	-0.1114723218	0.0069549311	-0.0132206472	-0.1271169688	0.015421583	-0.059518404	-0.1208546978	-0.0370054284	0.0777267972	-0.0025528351	-0.1092086284	-0.0754737681	-0.083745395	-0.010211873	0.1016880892	-0.0920580963	0.0529665237	0.1200451774	0.0347322656	0.0872045708	-0.0220928075	-0.0189768861	-0.0072847995	-0.0692929389	-0.0813195691	0.0891688938	-0.0737293375	-0.1193880495	-0.1307495299	0.0390419769	0.0970544916	-0.1835956166	-0.0865272976	-0.0730532629	0.1331942354	-0.1004930145	0.025811985	-0.1092308605	0.103653745	-0.0945685192	0.0822826681	-0.0672120005	0.0977596191320913	-0.0013042961459603	1.7011884363671349e-06	0.0095569431328515	0.0929295765036357	0.0303015380633979	0.0009181832090075	0.008635906189145	0.1360033499316983	-0.004840652866747	2.3431920176346835e-05	0.0184969111926439	-0.0100554717921013	0.0001478216244879	0.0001011125129617	2.1851232666241715e-08	0.0030903144630078	0.0001692929392062	2.866009926510788e-08	9.550043480275189e-06	0.0011470730360165	5.76357356361001e-05	1.3157765499561108e-06	3.3218780223144195e-09	0.0	0.0	0.0	0.0	0.0	0.0	0.0	0.0	0.0	0.0	0.0	0.0	0.0	0.0	0.0	0.0	0.0	0.0
1265.317245847608	3.0479386695869835	1601027.7326393763	9.28993013356367	1544.9894435724782	15.291889162829191	233.84187416825293	2386992.380750396	1188.3024843125518	-0.0029952565521398	1412062.7942233824	8.971561813136615e-06	1207.8767556337766	1398.8301679103795	1.5559	31.765194	0.1719072028773401	0.0902189753887558	-0.0238834105	-0.0597767562	-0.1117600832	0.1313548934	0.0872470452	-0.1401746847	0.2054124333	0.0453778302	-0.0778245773	0.1442505026	-0.0392474619	0.0263640377	-0.0803626753	0.0051231002	0.039310856	-0.1143377474	-0.1184133011	0.0757066356	0.0674692117	-0.0471958237	-0.059148385	-0.1175224266	-0.0097782234	-0.0028644777	-0.0275075808	-0.0792932098	-0.0657648281	0.0321572726	-0.1081049888	0.0076900811	-0.0379009218	-0.0368159794	0.0947287099	-0.1167910047	-0.0097588401	0.0185951956	-0.0858055278	-0.1225078706	-0.1988348769	0.0038530065	-0.1464532389	-0.0215223791	0.0324323627	-0.0225878495	-0.042999144	0.0335451537	-0.0599725759	0.041927274	-0.1065108078	-0.0130257477	0.1919484413	-0.001356276	-0.0255408406	-0.0223424739	0.0486247308	0.1020906058	-0.1994281144	0.0326962654	0.0570858783	0.0344678147	-0.1370315453	-0.1248316687	-0.0805985612	-0.0145973202	-0.0371669193	-0.137042734	-0.0134871488	0.0024639173	-0.0780102858	-0.0121257284	-0.1088680814	0.2349977132	0.0520219846	0.0230532276	-0.055356849	0.0741225511	0.0597055806	-0.0182049443	0.1128121783	-0.0045077947	0.09615514	0.0289216671	-0.0192970242	0.0664054153	-0.0677795136	-0.0334491171	-0.0381257372	0.0246069519	-0.1085606218	-0.0007000484	-0.0428152224	0.0692373747	0.0241674634	0.0790117613	-0.0123040334	-0.1848014982	-0.1172316836	-0.091999574	0.1368182337	-0.0478581398	-0.1660947771	0.0294781416	-0.0391392904	-0.0049241283	0.0885422407	-0.0014052343	0.0864981647	-0.0923564971	0.000669718	0.1736264264	-0.0194771335	0.0538600431	-0.0188487835	0.004446487	-0.0746698225	-0.0430103705	-0.1920353692	-0.0084889754	-0.1445430979	0.0035384579	0.0090971935	0.114918995	0.0625663793	-0.0076366025	-0.0664485197	-0.1198088356	-0.1159722898	0.0114313757	0.0425823255	0.1765047149	0.0765008513	-0.0017915847	-0.0301494922	-0.0320245271	0.0379549567	0.1478785332	-0.0802909275	0.0875566981	-0.0038588317	-0.0820487486	-0.058212681	-0.0042755085	0.0236101381	-0.0792660414	-0.08809077	0.1492135252	0.0293987344	-0.0443970337	0.0402034585	-0.0305048294	0.1373399772	-0.048943937	-0.0805802922	-0.0039428512	0.0302249026	-0.1248286283	-0.1096050192	0.105127573	-0.0978001546	0.0878214077	-0.0754618528	0.1058945097898771	0.0081348906577858	6.617644601413075e-05	0.0112136472036383	0.0300639272830096	-0.0628656492206261	0.0039520898519308	0.000903839723678	0.09752779126228	-0.0384755586694182	0.0014803686149238	0.0095116700684988	-0.0092452652842155	0.0008102065078857	8.547493017552032e-05	6.564345854205004e-07	0.0029389408636861	-0.0001513735993216	2.291396657160648e-08	8.637373400244e-06	0.0014341150153992	0.0002870419793826	2.056685877393448e-06	8.239309792793835e-08	0.0	0.0	0.0	0.0	0.0	0.0	0.0	0.0	0.0	0.0	0.0	0.0	0.0	0.0	0.0	0.0	0.0	1.0
1261.276642306928	-4.040603540680195	1590818.768429038	16.326476972957327	1566.0456909216814	21.056247349203204	443.3655524308269	2452499.1060543666	1187.5308996787276	-0.7715846338242045	1410229.637691768	0.5953428471536317	1208.3053231618374	1384.1401348743725	1.298449	26.509083	0.2382266129131949	0.1440507580210144	-0.0804490432	0.092641457	-0.0849802646	0.0393389019	0.0050802247	-0.0817019836	-0.106928197	0.155568104	-0.0426001551	-0.0291103068	0.0357527281	-0.1125284324	-0.070365751	-0.0072830061	-0.0050817214	-0.0300678813	-0.0458896766	0.0490647114	0.012209172	-0.0394072792	0.0372795846	0.0625060702	-0.0710267984	-0.0629586286	-0.1086542102	0.0786871228	-0.0448732224	-0.0213166355	0.0554875975	0.0211530854	-0.047112872	-0.0528963078	-0.0740321695	-0.1283841118	-0.0551958735	0.0499033005	-0.0501231323	-0.1127187991	-0.0024293778	0.0896434651	0.0281421175	-0.0794740801	-0.0599643614	-0.0834180814	0.0056224124	0.0106248042	-0.0831091447	0.0149570321	-0.0218139694	0.0067859748	-0.2480308518	0.0453571401	0.1442153576	0.0681780857	-0.0964015486	-0.0256525477	0.0182542753	0.0588551748	-0.0198216515	0.1502154111	-0.1049675439	0.1063979404	0.1150755195	-0.0185583492	-0.0710651871	0.0234020671	-0.0012730758	-0.0386096853	0.0027264076	0.0285261454	-0.1355979005	-0.0720430126	0.0452189959	0.1523472489	-0.0959975934	-0.0982521383	0.1150488321	-0.0017069194	-0.0150785491	0.0467900366	-0.0018960014	-0.0803920586	0.1141528115	0.0552343007	0.0696342511	0.0399567801	0.0624236762	-0.0946926614	-0.1403556346	-0.0500821188	-0.0744817342	-0.0583735172	0.1126471653	-0.041048984	0.028909942	0.0017224097	-0.0021921342	-0.0040792802	-0.0023518944	-0.0501078926	-0.0128561379	0.1136175791	-0.0065557582	-0.0838689287	0.0246289103	-0.1345164562	0.0490384112	0.0418841012	-0.0394683273	-0.162927794	0.0134677746	0.0489730611	0.1331086812	0.1498734378	-0.0730064966	-0.0677384917	0.117483341	0.0958448215	-0.071336903	0.0502435444	0.0233682742	-0.1586688414	0.0029625086	0.0212441055	-0.0391961106	0.0405098131	0.0367785204	0.1156111469	0.1121064004	0.0961228693	-0.0264864762	-0.0582632756	0.0404945602	-0.0588351104	-0.0977175734	-0.0580748364	-0.0904171249	0.0699778258	0.0239363111	-0.1280017771	0.0582877599	-0.0001938137	-0.0124719498	0.0945237035	0.0924770058	0.1003738239	0.0507902753	0.1825664454	0.0114607981	0.0081005944	-0.0360982919	0.0548370299	0.0714566019	-0.1314251799	0.1161203626	-0.1271180069	-0.1099379598	0.1064432791	-0.1007008652	0.092831979	-0.0830027857	0.1199453214521781	0.0140508116623009	0.0001974253083694	0.0143868801382663	0.1496698002419094	0.1196058729588998	0.0143055648462604	0.022401049104453	0.1694525535209692	0.0719247622586891	0.0051731714259689	0.0287141678947769	-0.0096662555625726	-0.000420990278357	9.343649660096572e-05	1.772328144711878e-07	0.0027698390136841	-0.000169101850002	2.8595435674099e-08	7.672008161726507e-06	0.0014969262077062	6.281119230700004e-05	2.2407880713176656e-06	3.945245879026941e-09	0.0	0.0	0.0	0.0	0.0	0.0	0.0	0.0	0.0	0.0	0.0	0.0	0.0	0.0	0.0	0.0	0.0	0.0
1256.9158776933466	-4.360764613581296	1579837.5235976358	19.016268015062828	1536.3698402646105	-29.675850657070896	880.6561122207752	2360432.286074705	1186.973440757003	-0.5574589217246739	1408905.9490625183	0.3107604494104361	1206.6515763449368	1333.9286623279525	1.466992	29.950043	0.1089410146027849	0.0545699455485292	0.0910551893	-0.0123138942	0.0660627824	-0.0511720452	0.0672448828	0.0307720428	-0.0825633039	-0.026481634	0.0926178544	0.0797150145	0.0128369344	-0.0067597423	-0.0871832088	0.052413243	-0.0711313103	-3.08914e-05	-0.0401856057	-0.0204603759	-0.0286036218	0.1650671464	0.0281256487	0.1374136539	-0.0030409262	-0.0183700637	0.017010835	0.0178923499	0.0041070707	0.0514037418	0.1619760395	-0.0305061244	-0.0180870609	0.0746826326	0.1090219667	-0.0279201079	-0.0159656282	-0.0592117065	-0.0220279766	-0.1100861188	-0.0920933923	0.0433975953	0.0003409555	-0.0626354	0.1615812174	-0.1210294717	0.1180175321	-0.0727986028	0.0308969543	0.1114123294	0.0586942166	0.0007961238	-0.0221853656	-0.0087679656	0.0226709452	-0.0309130428	-0.1884436978	0.0851950543	0.1036731941	-0.0212264631	0.1300110484	-0.1371076324	0.0473484351	-0.0400446189	-0.0314702866	0.0170507348	0.0195203756	0.0638659263	0.1503369114	0.0126254452	-0.0570316783	-0.142816258	-0.1620891339	0.0448976356	0.0136888996	-0.1238423468	0.1250486859	0.0309370639	-0.0522475344	-0.0682519944	-0.1431975368	0.0265724132	-0.1001722182	-0.0840453823	-0.0300901403	-0.0049533151	0.0100799445	0.1026458049	0.0733590376	-0.0315168387	-0.0049960583	0.0030780929	0.0654394548	0.098954508	0.0531430186	-0.0207446683	0.0453471741	-0.0048753646	-0.0821221648	0.0446398094	0.0829528234	-0.0073147192	-0.1273689026	-0.0187624798	-0.1497515169	0.0494980779	0.0014228787	-0.032858831	-0.0051343306	0.0433721976	0.126298759	-0.0043178158	-0.0653389879	-0.0328001917	-0.0228618499	-0.0169426336	-0.1466876119	0.2052609958	0.2181360376	0.0059555736	0.0537609576	-0.0674427528	-0.0215541141	0.1308867646	0.0917724846	0.0352245418	-0.0096120239	-0.0165632216	0.0141734771	-0.0853921068	0.0713328916	0.0837433118	0.0002115993	0.2696138797	-0.0159287609	0.1028823207	-0.0423911663	0.0548198298	0.0113190665	-0.0111513285	0.1184167597	-0.006903122	-0.0170174812	-0.1011233314	0.023106591	0.0048870698	0.0095041142	-0.0417063969	-0.0874807027	-0.0114786728	-0.0525500184	-0.0972415719	-0.0452123029	0.0851669499	-0.117459822	-0.0136549897	0.0120190557	0.0981866833	-0.1102295573	0.1075988845	-0.103260836	0.0972842479	-0.0897639565	0.1013797842865784	-0.0185655371655996	0.0003446791702472	0.0102778606619931	0.130718396901301	-0.0189514033406084	0.0003591556885784	0.017087299288446	0.1335140250964173	-0.0359385284245518	0.0012915778253223	0.0178259948974467	-0.0093332219908837	0.0003330335716888	8.710903273111511e-05	1.1091135987186525e-07	0.0027482316999856	-2.160731369849978e-05	4.668760052653761e-10	7.552777476805742e-06	0.0011418561796531	-0.0003550700280531	1.3038355350119726e-06	1.2607472482162926e-07	0.0	0.0	0.0	0.0	0.0	0.0	0.0	0.0	0.0	0.0	0.0	0.0	0.0	0.0	0.0	0.0	0.0	0.0
1258.918805283468	2.002927590121317	1584876.5582963545	4.011718931269185	1521.143729216861	-15.226111047749557	231.83445763840103	2313878.244935779	1185.9336086554986	-1.0398321015043166	1406438.5241386532	1.0812507993188831	1205.3374849034562	1360.3100339756818	1.357502	27.714695	0.0993647969068005	0.049752363607172	-0.0538867567	-0.1194401186	0.0380678589	-0.0962976723	-0.1338717852	-0.0666756146	0.1445154897	-0.1318867297	0.0002469456	0.0890970987	0.0751286438	-0.0658031519	0.0943959246	-0.0453020276	-0.0425570244	0.0822362351	-0.0587903596	-0.0671669077	-0.134848766	0.0797206394	-0.0986155422	0.0404688118	0.0513954396	-0.2075696667	0.1102133083	-0.0642752127	-0.1086378675	-0.0201709637	-0.0695404879	0.0369794864	-0.0481563573	0.1069888605	-0.0141220588	-0.0491437664	-0.1347769873	0.0639147839	0.0905739658	0.0213627354	-0.0375186077	0.0034970919	0.0076937129	0.0567277252	-0.097658701	-0.0127189642	0.0416705637	-0.0561992765	0.0153804838	-0.013233958	0.1084909226	0.0278319698	0.028912581	0.0690301706	0.04004734	0.0188938682	0.1039331801	-0.0167153285	0.0845240706	0.0474726072	-0.0436183021	0.0159463456	-0.0673361614	-0.0331153096	-0.0724454883	-0.017015759	-0.0095613795	-0.0072732993	-0.0540448309	0.050771276	-0.096041068	-0.0168527686	0.0500205334	0.0900341418	-0.0695698974	-0.0681746943	-0.0918349229	0.1006370847	-0.1213917241	0.0954184415	-0.010896303	0.0702194114	-0.0938519031	-0.1442511545	0.0588326944	-0.0728823323	-0.2080359508	-0.0942991375	0.0102083508	0.0504392796	-0.0354446638	0.0258235035	0.1020041383	-0.0136361331	0.1254259024	-0.0130169758	0.0669553312	0.0105773038	-0.0428771228	-0.0526330281	-0.0005655714	-0.0105273195	0.0735858037	-0.0488880921	-0.0450604006	-0.0010767666	-0.049714372	0.0295447048	0.0263975818	0.0307058651	-0.0832363132	-0.0449853459	-0.0168315234	-0.0769665834	0.0838245403	0.0081346026	-0.0290231048	-0.0390024981	-0.0340784528	-0.0260977193	0.0205021028	0.0593031899	0.0869089739	0.0931265379	-0.0088070587	-0.0015426243	0.0126094988	-0.0158695107	0.0085807785	0.0142610656	-0.0366952074	0.0132554971	0.1409151136	-0.0368832621	-0.0024002176	0.0056386502	-0.0258106155	0.0338403569	-0.0322859929	0.1574398326	-0.0018333069	0.0132944104	-0.0756484332	0.0576375704	0.0562723174	-0.1557106384	0.095070648	0.0104920865	0.0426346716	-0.0186085206	-0.0329316172	-0.0971865922	-0.0933606026	-5.6117e-06	0.0291659099	0.0938692333	-0.0275496608	0.0146295027	-0.110479702	0.1085926509	-0.1054714048	0.1011514379	-0.095681848	0.1049902118078307	0.0036104275212523	1.303518688621606e-05	0.0110229445754531	0.104726565771088	-0.0259918311302129	0.0006755752855015	0.010967653578206	0.1405028574337876	0.0069888323373702	4.88437774398728e-05	0.0197410529470592	-0.0099268904761053	-0.0005936684852215	9.854315452459013e-05	3.524422703453083e-07	0.003159676677521	0.0004114449775353	1.6928696953910565e-07	9.983556706470146e-06	0.0013922168352554	0.0002503606556022	1.9382677163685613e-06	6.268045787361343e-08	0.0	0.0	0.0	0.0	0.0	0.0	0.0	0.0	0.0	0.0	0.0	0.0	0.0	0.0	0.0	0.0	0.0	0.0
1262.366647170758	3.4478418872899965	1593569.5518891409	11.887613679751444	1538.792803836275	17.649074619414023	311.4898349216442	2367883.2931383047	1189.4137077457715	3.4800990902729154	1414704.9681735437	12.111089678118374	1209.1257874269124	1362.216906001363	1.257754	25.678251	0.0404337883751813	0.0175161404195692	-0.0986134696	-0.0252306137	-0.0180766119	0.0051258929	-0.0132555403	0.0722643547	-0.0813004409	-0.0277961574	-0.0642216328	0.0254935029	-0.0502371222	-0.0181914498	0.0675114384	0.1162390905	-0.034987482	-0.007058029	0.0134309788	0.109764996	0.0356915896	-0.0043406973	-0.0123500939	0.0231157203	0.0938423695	-0.0770711793	0.0374786066	-0.0506140777	-0.0406215599	-0.0035828053	-0.0744151263	-0.0424736964	-0.0246513715	-0.0607931794	-0.1053554092	-0.0996224094	0.0429807925	0.0691718136	-0.0349274038	0.0840342594	0.106695186	-0.0086421107	-0.0039107518	-0.0307712623	0.0289070033	0.1026983112	0.0619993576	0.0096046446	0.0204031773	-0.1905077803	-0.0566504982	-0.0492351973	0.0618938153	0.0899044755	-0.0231443823	0.0287104648	-0.0878324658	-0.0230533978	-0.014512618	-0.0276584162	-0.1342952897	0.0483956665	0.0263948196	-0.0936981349	0.1232116623	-0.0902551809	0.0534371958	0.0461331545	-0.0202255448	-0.0366590194	0.0229676193	-0.0335389498	0.0873454266	0.015299207	-0.0600550962	-0.0267880244	0.1199485051	0.0726147685	0.0901153884	0.0134381273	0.0841212238	-0.0358943581	-0.0628288437	-0.0724369022	-0.0485960132	-0.0569311415	-0.0775253794	-0.0314389863	-0.0348842954	0.0038943141	-0.0501702467	0.023440902	-0.120426777	-0.0922142302	0.0548843778	0.0133121146	-0.0357970675	-0.0164242779	0.0857306903	0.0493587439	-0.1284065405	0.0414611534	-0.0085710502	0.1009996179	0.0840042136	0.0407788774	-0.1380859056	-0.0129915638	-0.0237235195	-0.1268166211	-0.046139704	0.0842579123	0.0510753441	-0.1067427616	-0.050019269	0.043802642	-0.0140596728	-0.0800836829	-0.0205976627	-0.0172256755	0.0253298781	-0.1202778789	0.0142256445	-0.0140043079	-0.0055484152	-0.0690329376	0.0097437626	0.0639123982	-0.0859910832	-0.0568291167	-0.075950228	-0.1303599827	0.0449637598	0.0061699027	-0.010953848	0.0162425619	-0.0573154713	0.0088679733	0.0154122667	0.1097362348	-0.0003898055	-0.0982493167	0.034147932	0.0941872809	0.0578542691	0.0272410419	0.119445435	0.0278844423	-0.0128909822	0.0286526302	0.0223243702	-0.0189830405	-0.0295239638	0.0399706333	-0.057701264	0.0116911655	0.0824036438	-0.0064502746	-0.1106882998	0.1094230837	-0.1073250918	0.1044102912	-0.1007008652	0.1085582129340281	0.0035680011261974	1.2730632036545922e-05	0.0117848855954297	0.0966751962077268	-0.0080513695633612	6.482455184581925e-05	0.0093460935618024	0.1322459359156198	-0.0082569215181677	6.817675295718223e-05	0.0174889875661982	-0.0100179651711527	-9.107469504739986e-05	0.0001003596261704	8.294600077976881e-09	0.003084839019412	-7.483765810899993e-05	5.600675071239563e-09	9.51623177568679e-06	0.0011469792650627	-0.0002452375701926	1.3155614344837717e-06	6.01414658340194e-08	0.0	0.0	0.0	0.0	0.0	0.0	0.0	0.0	0.0	0.0	0.0	0.0	0.0	0.0	0.0	0.0	0.0	0.0
1261.1143039013564	-1.2523432694015355	1590409.2875046027	1.568363664415327	1561.219109379752	22.42630554347693	502.939180329384	2437405.1074925056	1189.592372974198	0.1786652284265528	1415130.0138383836	0.0319212638487123	1209.96551534532	1378.253728824423	1.13793	23.23193	0.0901906131554165	0.0631469514485206	-0.1160134913	0.0678391161	-0.0631971135	0.0667843856	0.1055511245	-0.018692961	0.0411024104	0.1332681336	-0.144071625	-0.0495141705	-0.0220683036	0.0638299276	0.0840252694	-0.0793306486	0.1030980576	0.0178345071	-0.0736310167	0.1488126872	0.0112373907	-0.234993204	0.0021863233	-0.0247452652	0.0322640386	0.0020543075	0.0795188907	-0.0595528123	-0.1188942683	0.0481863617	0.0682019004	0.0411655451	-0.0140135304	0.0026203286	0.0061727044	-0.0176294248	0.0649448679	0.114376008	-0.1182716527	0.0570318376	0.0252781404	0.0213447003	0.1107463587	-0.0202057786	-0.0996212027	0.0064040846	-0.0649344791	-0.0102694652	0.0187104533	0.0460446735	-0.1237583825	-0.0099999118	-0.0010088637	-0.086813356	0.0451196617	0.0831905047	-0.0239670038	0.0292559203	-0.0720032622	-0.0558479701	0.0075998274	-0.0527585714	0.1239703856	0.0916879364	-0.0256052939	-0.0486713351	0.0257211135	0.0888131063	-0.0592139251	0.1203562143	0.0867758359	0.0765706431	0.0407559628	-0.0894479592	-0.0218341337	0.0233843159	-0.0038943332	-0.0419026597	0.2160433115	0.1076248038	0.1052281512	-0.0355359382	0.0729642972	0.0787108161	-0.0325329076	-0.0047363898	-0.1357775545	0.0329681015	0.0796757302	-0.0683931697	-0.0523534828	0.002780027	-0.0226591925	-0.0291600517	0.0627579453	-0.0007635701	-0.124439674	0.0135573626	0.0749635766	-0.0744333117	0.0867051279	0.0006525224	0.1362044305	-0.0314992081	-0.0891331435	-0.0663301304	0.0699111139	0.0483348536	-0.036301215	-0.0855518254	0.0271285241	0.0296538091	0.0800766916	0.1616410074	-0.0120431702	0.0037695232	0.0550798733	0.0836408088	-0.0154109766	0.0759948485	0.1241987003	-0.0276863298	0.011627028	-0.0978698943	0.0492537636	0.0090977766	0.0327752978	0.0970115438	-0.0011039692	0.0335080168	-0.0833020335	-0.076232975	-0.0662410774	-0.0577283603	-0.0795641006	0.0078113595	0.0456092666	0.0187893082	-0.011980113	0.0018496537	-0.0776275315	-0.1331331986	-0.0638536637	-0.0459567257	0.1209391863	-0.0282175045	0.038688973	-0.0172365705	-0.1038842259	0.0294992453	0.01401346	0.0453861048	0.0415532955	-0.1134543527	0.0496233007	-0.0064883555	0.0970994602	0.0284259674	-0.1108552722	0.1100889337	-0.1088156246	0.1070412087	-0.1047738574	0.0986478113012481	-0.00991040163278	9.821606052300864e-05	0.0097313906745266	0.0955766936532285	-0.0010985025544982	1.206707862239281e-06	0.009134904369683	0.0863297473619866	-0.0459161885536332	0.0021082963712927	0.0074528252795844	-0.009372433149864	0.0006455320212887	8.784250314866961e-05	4.167115905090756e-07	0.0031027033437589	1.7864324346899847e-05	3.1913408437123863e-10	9.626768039372658e-06	0.0011450652024082	-1.9140626545000733e-06	1.311174317766132e-06	3.663635845351867e-12	0.0	0.0	0.0	0.0	0.0	0.0	0.0	0.0	0.0	0.0	0.0	0.0	0.0	0.0	0.0	0.0	0.0	0.0
1259.656094619969	-1.458209281387326	1586733.4767132325	2.126374308324141	1548.73394678863	-12.485162591121934	155.8792849267506	2398576.837935487	1187.480459051332	-2.1119139228660515	1410109.8406287625	4.460180417595475	1207.7381558188908	1351.376896448903	1.383018	28.235636	0.1167478435560733	0.0526147793984229	0.0696902578	0.1034351268	-0.0653208787	-0.0734859759	0.0152192579	0.0027388921	-0.0984300107	0.0499630642	0.1056048375	-0.0116390443	-0.0177870444	0.0004095018	0.0172404819	0.0457394256	0.0541061676	0.2033097297	0.0831678356	0.0437184724	0.1035433405	-0.0446771771	0.0714454883	-0.0140016987	-0.0841189376	-0.0579705502	0.0334229535	-0.0431052767	-0.0383672911	0.0655215921	0.1287725563	0.0313959365	-0.0187071132	0.1461542788	-0.1142208398	0.1263532515	0.0762464588	0.146724486	-0.0405534323	-0.0635399094	0.0552078192	0.0920004973	-0.0419781198	0.1068355793	-0.0609608261	-0.0412152327	-0.0297361424	-0.0575315485	0.099368742	-0.065373494	0.0211472247	0.1096238986	0.0222458542	-0.1152814432	0.1433450867	0.0665752067	-0.0592056463	-0.1403201165	-0.0365386859	0.1130559769	-0.0102434051	0.1095194494	0.135863917	-0.1069233225	0.0040711411	-0.1428463853	0.059346587	0.0602350176	-0.1141381504	-0.1445409295	-0.0526591148	0.0522523244	-0.0202037374	-0.0719631473	-0.008638111	-0.0158711083	0.0312287739	-0.0969485365	0.0814336248	-0.0805002907	-0.00039102	-0.0329289925	0.0567712493	-0.0553606011	0.0058071817	0.0496901847	-0.061366161	0.046138755	0.0188223697	0.0367548744	0.0597602872	-0.0139533652	0.1238078738	-0.1394695317	0.0869536453	-0.1352476998	-0.1385189656	0.1119017884	-0.0722154352	-0.1317707149	0.0268510107	0.0994187716	0.0162426585	-0.0385570343	-0.061470363	-0.0914279606	-0.2001161058	-0.0085653708	-0.0343452342	0.0098711054	0.0886523791	-0.0078206981	0.2293383138	0.0038655274	-0.0296907202	-0.0259433933	0.0031336404	-0.0248643009	-0.0007720847	-0.0129669343	-0.120554649	-0.1201635425	0.0763801271	-0.1025207811	-0.0464349182	-0.1081695981	0.1098560624	-0.0257525773	-0.0057519611	0.1726160724	0.0506461535	-0.0904640212	-0.0548412511	0.0163377637	-0.0072384668	-0.0143674954	0.004638607	0.0338705673	-0.1039138366	-0.0852124996	0.046545753	-0.1174774324	-0.095428755	-0.0437459113	-0.0159951166	-0.0452399312	0.1177724091	0.0091782758	0.0039468363	-0.0631441639	0.0278492868	-0.130640543	0.07646191	0.0521049585	0.0772933464	-0.0446475705	-0.0003832764	0.021984872	-0.1109805565	0.1105891995	-0.1099379598	0.1090283678	-0.1078625611	0.1090573835339654	0.0104095722327172	0.0001083591940681	0.0118935129032744	0.0626465258328465	-0.032930167820382	0.0010843959526785	0.0039245871989255	0.1213898845955157	0.035060137233529	0.0012292132228338	0.0147355040821126	-0.0090112255846008	0.0003612075652631	8.120218653656403e-05	1.3047090520336864e-07	0.0029567365274554	-0.0001459668163035	2.1306311461779723e-08	8.742290892789017e-06	0.0014048501462304	0.0002597849438221	1.9736039333635764e-06	6.74882170367036e-08	0.0	0.0	0.0	0.0	0.0	0.0	0.0	0.0	0.0	0.0	0.0	0.0	0.0	0.0	0.0	0.0	0.0	0.0
1258.639182296068	-1.0169123239011242	1584172.5912109143	1.0341106745019848	1534.1197072606888	-14.614239527941209	213.5759969800393	2353523.276205621	1186.7956982815542	-0.6847607697777676	1408484.029459602	0.4688973118266408	1206.6624650554415	1349.68326890641	1.171185	23.910862	0.2020095120112159	0.1231339375740221	0.0550030681	-0.0216960408	-0.0357665784	0.0321626367	-0.0147993238	0.0036139561	-0.0303874108	-0.0235888237	0.0230843818	0.02737203	0.0248405324	-0.023836421	0.0601010023	-0.0016105491	0.1241567255	0.0519894549	0.0206711811	0.0084740452	0.106200868	0.0663631313	0.0048611099	-0.0272368094	0.0814897018	-0.0579051253	0.0679427588	-0.0020540373	0.026744989	-0.0358398408	0.0105350449	0.0257781422	-0.145979915	-0.0073901022	-0.0530303128	0.0016350089	-0.0269931549	-0.0449456863	-0.0171838219	0.0317577297	0.0589181243	0.0113313263	0.0766553456	0.0802227442	-0.0049179428	-0.1131239916	-0.1340017231	0.0404567056	0.0304467849	0.0498846209	0.0530352002	0.0578994669	0.0711347662	-0.0130326536	-0.0512941966	-0.0717586748	-0.0666419081	0.005906066	-0.0927380262	0.0019085075	0.0094554728	-0.0246351246	0.0259006169	0.0359807556	0.1066989664	0.0244137007	0.0132290198	-0.0138761662	-0.0010327869	0.0346386513	0.0374262537	-0.0353746715	0.1548953575	0.0107573552	-0.0405668824	-0.0510760394	-0.1808947054	0.0038704718	-0.0077449111	-0.1114636931	0.0296554789	-0.0069745383	0.0155148256	-0.0624432705	-0.0378940981	-0.1111485971	-0.0192020277	-0.0548418218	0.0537723621	0.0184094056	-0.0546883854	-0.123967304	0.0100998568	-0.0267152828	-0.012572807	-0.0176105481	0.0035148411	0.0499359807	0.0396575811	0.0124009471	-0.0199193247	0.0685522521	0.044221755	-0.0538988871	-0.0328423262	-0.0841969691	0.0081541924	-0.0089046802	-0.0512052808	0.0723682108	0.0173597534	0.1266342328	-0.0892566919	-0.0262136941	-0.011680918	-0.100942153	-0.0416607696	-0.052298237	-0.0092326727	0.0071950505	-0.0570735823	-0.0401483325	-0.1301120069	-0.0927803389	0.0528774539	0.0096940976	-0.0173870999	0.0098669422	-0.0353957171	-0.0855490692	-0.0821147993	-0.0101803726	-0.0460937901	-0.0234392745	0.0259293695	-0.0272412595	-0.1242205311	0.0464815221	-0.0116890662	0.0431053067	0.0671826051	0.0122702465	0.1079152153	-0.0632393413	0.033937874	-0.0295103448	0.2171862983	0.0184064771	0.060572807	-0.0073023067	0.0438567911	-0.0064960868	-0.0244500946	0.0790134463	-0.038964159	0.0436052599	-0.1072309903	0.0174339683	-0.1110641056	0.1109231287	-0.1106882998	0.1103598175	-0.1099379598	0.1173363416151289	0.0082789580811635	6.854114690966258e-05	0.0137678170636222	0.1173594411850302	0.0547129153521837	0.0029935031063352	0.0137732384352625	0.1484906180126444	0.0271007334171287	0.0007344497517462	0.022049463637777	-0.0109904494023243	-0.0019792238177235	0.000120789978065	3.917326920643988e-06	0.0031850486323157	0.0002283121048603	5.21264172257407e-08	1.014453479021611e-05	0.0013740479655994	-3.080218063100009e-05	1.8880078117678496e-06	9.48774331624757e-10	0.0	0.0	0.0	0.0	0.0	0.0	0.0	0.0	0.0	0.0	0.0	0.0	0.0	0.0	0.0	0.0	0.0	0.0
1259.5879438119107	0.9487615158427616	1586561.7881963172	0.9001484139442547	1535.8389352673162	1.719228006627418	2.955744938772085	2358801.235083044	1187.35483909363	0.5591408120758388	1409811.51391906	0.3126384477288284	1207.1291289742385	1346.5385778211148	1.045153	21.337795	0.111518117623814	0.0630727776910981	0.0370097793	-0.0796137775	0.0191326582	-0.0487226773	0.0732751001	-0.0259921959	0.1450022104	-0.0785244504	-0.0014159301	0.0302886943	-0.005032117	-0.0687046334	0.0421059594	0.0614364694	-0.0212910649	-0.0272203787	-0.0933916127	-0.0005519989	-0.0273441472	0.1036899378	0.0079114115	-0.0986029939	0.1363881231	0.0299719446	0.0179071252	-0.0962245267	-0.013045946	-0.1005078854	-0.1190625834	0.1136420577	-0.0619948233	-0.001039158	0.0884844068	-0.0576393628	-0.0555978401	-0.1070921999	0.2045089122	0.0052558071	0.0489038419	-0.0309362128	-0.0095195757	-0.1005730349	-0.063673932	0.019430154	-0.0352002531	0.0089019036	0.0908982139	0.1393223353	0.0124609944	-0.0084370394	0.0323965653	-0.0185427196	0.0676396029	-0.0626831796	0.1689614693	-0.153822872	-0.0269116031	0.0369989166	-0.0639658706	-0.0356924917	-0.0259485783	0.0858905516	-0.0168923207	-0.0686130444	-0.082702128	0.0051539501	0.090599328	0.0986277479	0.0310031317	-0.0905388984	0.1429574877	0.0789765228	0.0389338906	0.1662556994	-0.0124499389	0.1145002191	-0.0723550028	-0.0002768487	0.0075572836	-0.0644539188	0.0135302263	-0.0119648031	-0.0889096301	-0.053877746	-0.0382486549	-0.180015189	0.0285731904	-0.0339138268	-0.080629154	-0.0358495093	0.0506874204	0.0755160301	-0.0469727841	0.1018054567	0.093761764	0.0003872826	-0.0887818335	0.0054214639	-0.1292130113	-0.15500358	0.0565895957	-0.0517603303	-0.0793616451	0.018205567	0.1061443389	0.088397282	-0.0591969415	0.0305277329	0.037002805	-0.1273630108	0.025965294	-0.061065375	0.1222565204	-0.0660256142	0.1082504665	-0.1402852085	-0.0861602885	0.055813446	-0.0314504436	0.0110968012	0.0130871911	-0.0472536845	0.0606359873	0.0730626244	-0.0278538656	-0.0463176246	0.0372801153	-0.1772752763	-0.0587979225	-0.0227822553	0.059472563	-0.1348900241	-0.0195433204	0.060142525	-0.0524513581	0.0459958253	0.0657997688	0.0738428474	0.0766658085	-0.0671538696	-0.1121255965	-0.0278158194	0.066576507	-0.1270763645	0.0702560726	0.0709205917	-0.0367792498	-0.0965383086	-0.0264173295	0.0363092703	-0.0774768229	-0.0585640177	-0.0780181434	0.0220474324	-0.0959167919	0.0582684971	-0.1111058879	0.1110902189	-0.1110641056	0.1110275503	-0.1109805565	0.106764819444848	-0.0105715221702809	0.0001117570809967	0.0113987266710909	0.0796665953009068	-0.0376928458841233	0.0014207506308442	0.0063467664068384	0.1396849691386847	-0.0088056488739597	7.75394520914679e-05	0.0195118906032752	-0.0100624715569794	0.0009279778453449	0.000101253333835	8.61142881450963e-07	0.0031132245166525	-7.182411566320022e-05	5.158703590800763e-09	9.692166891086193e-06	0.0014632080185003	8.916005290090004e-05	2.140977705403574e-06	7.949515033291294e-09	0.0	0.0	0.0	0.0	0.0	0.0	0.0	0.0	0.0	0.0	0.0	0.0	0.0	0.0	0.0	0.0	0.0	0.0
