global_signal	global_signal_derivative1	global_signal_derivative1_power2	global_signal_power2	csf	csf_derivative1	csf_derivative1_power2	csf_power2	white_matter	white_matter_derivative1	white_matter_derivative1_power2	white_matter_power2	csf_wm	tcompcor	std_dvars	dvars	framewise_displacement	rmsd	t_comp_cor_00	t_comp_cor_01	t_comp_cor_02	t_comp_cor_03	t_comp_cor_04	t_comp_cor_05	c_comp_cor_00	c_comp_cor_01	c_comp_cor_02	c_comp_cor_03	c_comp_cor_04	c_comp_cor_05	c_comp_cor_06	c_comp_cor_07	w_comp_cor_00	w_comp_cor_01	w_comp_cor_02	w_comp_cor_03	w_comp_cor_04	w_comp_cor_05	w_comp_cor_06	w_comp_cor_07	w_comp_cor_08	w_comp_cor_09	w_comp_cor_10	w_comp_cor_11	w_comp_cor_12	w_comp_cor_13	w_comp_cor_14	w_comp_cor_15	w_comp_cor_16	w_comp_cor_17	w_comp_cor_18	w_comp_cor_19	w_comp_cor_20	w_comp_cor_21	w_comp_cor_22	w_comp_cor_23	w_comp_cor_24	w_comp_cor_25	w_comp_cor_26	w_comp_cor_27	w_comp_cor_28	w_comp_cor_29	w_comp_cor_30	w_comp_cor_31	w_comp_cor_32	w_comp_cor_33	w_comp_cor_34	w_comp_cor_35	w_comp_cor_36	w_comp_cor_37	w_comp_cor_38	w_comp_cor_39	w_comp_cor_40	w_comp_cor_41	w_comp_cor_42	w_comp_cor_43	w_comp_cor_44	w_comp_cor_45	w_comp_cor_46	w_comp_cor_47	w_comp_cor_48	w_comp_cor_49	w_comp_cor_50	w_comp_cor_51	w_comp_cor_52	w_comp_cor_53	w_comp_cor_54	w_comp_cor_55	w_comp_cor_56	w_comp_cor_57	a_comp_cor_00	a_comp_cor_01	a_comp_cor_02	a_comp_cor_03	a_comp_cor_04	a_comp_cor_05	a_comp_cor_06	a_comp_cor_07	a_comp_cor_08	a_comp_cor_09	a_comp_cor_10	a_comp_cor_11	a_comp_cor_12	a_comp_cor_13	a_comp_cor_14	a_comp_cor_15	a_comp_cor_16	a_comp_cor_17	a_comp_cor_18	a_comp_cor_19	a_comp_cor_20	a_comp_cor_21	a_comp_cor_22	a_comp_cor_23	a_comp_cor_24	a_comp_cor_25	a_comp_cor_26	a_comp_cor_27	a_comp_cor_28	a_comp_cor_29	a_comp_cor_30	a_comp_cor_31	a_comp_cor_32	a_comp_cor_33	a_comp_cor_34	a_comp_cor_35	a_comp_cor_36	a_comp_cor_37	a_comp_cor_38	a_comp_cor_39	a_comp_cor_40	a_comp_cor_41	a_comp_cor_42	a_comp_cor_43	a_comp_cor_44	a_comp_cor_45	a_comp_cor_46	a_comp_cor_47	a_comp_cor_48	a_comp_cor_49	a_comp_cor_50	a_comp_cor_51	a_comp_cor_52	a_comp_cor_53	a_comp_cor_54	a_comp_cor_55	edge_comp_00	edge_comp_01	edge_comp_02	edge_comp_03	edge_comp_04	edge_comp_05	edge_comp_06	edge_comp_07	edge_comp_08	edge_comp_09	edge_comp_10	edge_comp_11	edge_comp_12	edge_comp_13	edge_comp_14	edge_comp_15	edge_comp_16	edge_comp_17	edge_comp_18	edge_comp_19	edge_comp_20	edge_comp_21	edge_comp_22	edge_comp_23	cosine00	cosine01	cosine02	cosine03	cosine04	trans_x	trans_x_derivative1	trans_x_derivative1_power2	trans_x_power2	trans_y	trans_y_derivative1	trans_y_derivative1_power2	trans_y_power2	trans_z	trans_z_derivative1	trans_z_power2	trans_z_derivative1_power2	rot_x	rot_x_derivative1	rot_x_derivative1_power2	rot_x_power2	rot_y	rot_y_derivative1	rot_y_derivative1_power2	rot_y_power2	rot_z	rot_z_derivative1	rot_z_power2	rot_z_derivative1_power2	motion_outlier00	motion_outlier01	motion_outlier02	motion_outlier03
1168.1362928681333	n/a	n/a	1364542.3987157054	1531.7550620847237	n/a	n/a	2346273.570222176	1102.2677201661977	n/a	n/a	1214994.1269203871	1130.4498287202466	1218.84999314463	n/a	n/a	n/a	n/a	-0.016267368	0.1375364417	0.0039994617	-0.1498962279	0.1041976663	-0.056149208	-0.0978765109	0.0083910853	-0.0042586663	0.286405704	-0.0816831781	0.0798230195	-0.0778386444	0.0909545045	0.0300284188	-0.0560556694	0.1577840129	-0.1011436883	0.0535984273	-0.0298989623	0.0472346286	-0.0223812283	0.1220858135	-0.2444987235	0.0272727187	0.1227511123	-0.1158763823	0.1622695219	-0.0670896557	0.0189276208	-0.0167665149	0.1074248786	-0.0816661364	0.0532246069	-0.1645924246	0.0062024195	-0.0436865089	0.0061826126	-0.1529224709	0.0292598563	-0.0679618016	0.0468036445	-0.0432250126	-0.0179273337	0.0235010898	0.1275489799	-0.022556991	-0.0631691639	0.0622303292	0.0858435971	-0.016003752	-0.0731877433	0.0495903073	0.0340101618	-0.1192987799	-0.0251825724	0.0767974721	0.0654078496	0.0288831175	-0.0247350964	-0.0528050125	-0.072069021	0.0590607654	0.108530497	-0.0346087382	-0.0037883762	-0.0446427994	0.0342914188	0.0112807543	0.1195603428	-0.0367302947	-0.0914438541	-0.0106862266	0.0455620099	-0.1215338755	0.1771155146	-0.0643524129	-0.0563446873	0.1651324675	-0.1605937873	0.0864445873	-0.0960549504	0.1494483674	-0.0173759173	0.1717693659	-0.1105088821	0.1899338401	-0.0262036243	0.1097724894	-0.0993981244	0.1385868821	-0.0754408378	0.0979461907	-0.1188038169	0.1924300779	-0.0267957116	0.1071050163	-0.065317701	0.0427481087	-0.1412373844	0.1185666156	-0.0662818141	0.0164548655	0.1369798936	-0.119772251	0.0469102539	0.0432056233	-0.0154972644	-0.0111031591	-0.0426387063	0.02579162	0.0706762849	-0.0442214695	-0.0343476904	0.0594960905	0.0812014632	0.0669888997	-0.0729870279	-0.0419915619	0.0712399888	0.0484473201	-0.0257527093	-0.0114708111	-0.0956601116	0.0744420112	0.0130632295	0.0222875128	0.0431530712	-0.0695380685	0.1151089457	-0.0682605157	0.179112674	-0.0947857984	0.0982966421	-0.0903734777	0.0443397262	-0.1032936125	0.0332979367	-0.0151823135	0.1321480071	-0.0943014419	0.0117900883	-0.0740890585	0.0556194772	-0.1510270298	0.0075329749	-0.1434071831	0.0280569982	-0.1365379518	0.1249116418	-0.0336079308	0.0253305836	0.1111058879	0.1110902189	0.1110641056	0.1110275503	0.1109805565	-0.0069545129412063	n/a	n/a	4.83652502494059e-05	-0.1407936789379391	n/a	n/a	0.0198228600288794	-0.0915189347553564	n/a	0.0083757154187551	n/a	-0.0009547594738492	n/a	n/a	9.115656529048012e-07	0.0010762704416813	n/a	n/a	1.1583580636368608e-06	0.0004810139954884	n/a	2.313744638557145e-07	n/a	0.0	0.0	0.0	0.0
1173.3844266188555	5.248133750722218	27.54290786546965	1376831.0126316603	1522.282609095643	-9.472452989080692	89.72736563034377	2317344.3419550383	1105.7804296580257	3.512709491827991	12.339127973978462	1222750.3586146878	1133.3787398793822	1239.700785219698	1.159807	25.086569	0.1627759079257213	0.1265695474154902	-0.0227651108	0.1097421886	0.0985547474	0.0273019947	0.0033653409	0.0141159909	-0.0440047831	0.1210426543	0.0027211919	0.0070164317	0.000830407	0.0148316438	0.077963565	0.0508922105	-0.1898397136	0.0105683001	0.1581683293	-0.1480857523	0.066441444	-0.0717474651	-0.0432231406	-0.0349213508	0.1674616553	-0.0871838894	-0.1719023195	0.1026853651	0.0888151804	-0.0003855345	-0.1372444316	-0.0907823891	-0.0218250497	-0.0254335495	0.0878335244	-0.029783437	-0.0468497664	-0.193065358	-0.034349574	-0.0495160878	-0.0309293097	0.0647777314	0.0401119159	0.0381705085	0.0474461505	-0.0980506951	-0.02725243	-0.0870606613	0.0363203385	-0.1177172269	0.0042964547	0.0174840554	-0.0387432093	-0.0909224234	-0.02163607	0.0770449538	-0.0194936601	0.0080477366	-0.0010218732	0.0393176059	-0.0451400563	-0.0823564151	0.0605147585	-0.0278387947	0.0067517769	0.0073099504	0.038697908	-0.0278762203	-0.0023712352	-0.0195929691	-0.0845400175	0.0865535649	-0.013098603	0.1083372722	-0.0721789	-0.1930670857	-0.0410886648	0.127429365	-0.0991590323	0.0256268262	0.0680458986	-0.0728656055	0.0429412394	-0.1989506521	0.1995326051	-0.0814349538	-0.0774774399	0.1305218665	-0.1008490986	-0.0873915283	0.0667688536	0.1119610577	0.042805386	0.082356433	0.1718041618	0.1530122619	-0.0103452479	-0.0503296899	-0.0528550167	0.0925842022	0.0002738092	-0.0428648048	0.061006962	0.0337378936	-0.026982883	-0.0305119613	-0.099998917	-0.0725015634	0.0777736068	-0.0116754411	-0.01471573	0.043792197	0.0556879207	-0.0009641708	0.0743172915	0.0137009241	0.0295971824	0.0420723357	-0.0710150066	-0.043621822	-0.0692685544	-0.0181884389	0.0747790308	0.0889899167	-0.0173554113	-0.0731510591	0.009634945	0.0548175877	0.0173807311	-0.0121381038	-0.0396900612	-0.0461956187	0.0330256698	0.1382660944	-0.0967601619	0.1076691949	-0.0085338673	-0.0882331337	-0.1049852983	-0.2045707105	-0.0468824692	0.0937569797	2.49168e-05	0.0222712471	-0.0722098555	-0.0058209148	-0.2292348747	-0.0134627961	-0.0162277534	-0.0089590166	-0.0317806961	-0.0087321259	-0.2713911021	-0.0725538666	0.1110641056	0.1109231287	0.1106882998	0.1103598175	0.1099379598	-0.0026677545315152	0.0042867584096911	1.837629766305737e-05	7.116914240419884e-06	-0.0161884426435676	0.1246052362943715	0.0155264649119761	0.000262065675224	-0.0895685952633726	0.0019503394919837	0.0080225332574538	3.8038241339916127e-06	-0.0007320869487631	0.000222672525086	4.9583053428219824e-08	5.359513005492659e-07	0.000959933958728	-0.0001163364829533	1.3534177265943473e-08	9.214732051192096e-07	0.0001813515289343	-0.0002996624665541	3.288837704680825e-08	8.979759386128712e-08	0.0	0.0	0.0	0.0
1167.5933922419144	-5.79103437694107	33.536079154913246	1363274.329606981	1521.710466406527	-0.5721426891159354	0.3273472567088138	2315602.74357117	1102.199582158127	-3.580847499898709	12.822468817530838	1214843.9189095497	1130.4515239926222	1256.6864540162394	1.429801	30.926537	0.1226806656424147	0.0811983539376302	0.0962634058	-0.0445180675	-0.0816264527	0.1033122033	0.0092314464	0.0412856247	0.0138941743	-0.1240791894	0.0883148909	-0.0280477341	0.1901841566	0.0051347404	0.0100563179	-0.0528427983	-0.0392971747	0.1108203789	0.1190961533	-0.007125537	-0.058776396	0.0690871889	0.0156153882	-0.0290746855	0.0829122221	-0.0519157709	-0.090815864	0.0092207581	-0.0296213419	0.0461347155	-0.1921638727	0.0013947522	-0.0566443837	-0.0633368708	0.0476960018	0.1109411658	-0.0394442357	-0.044809079	0.1404354692	0.0096601866	0.1130464411	-0.1101063142	-0.031441682	-0.0089273459	-0.0182402056	-0.1021431013	-0.0597021785	0.0411474772	0.0498168558	-0.088924061	-0.0250982184	-0.0132904693	-0.0645182646	0.0249481131	-0.1151781346	-0.0302512781	-0.0643889738	0.1318901744	0.1066992654	-0.0459539329	0.0961879081	-0.0637986015	0.1177223588	-0.0621382527	0.009964081	-0.0472203498	0.0101202419	0.0612686403	-0.0448007479	0.048281628	0.1230606886	-0.058027234	0.0020461796	0.0655462308	-0.0645521453	-0.0197343968	0.0699432804	-0.1135874432	-0.136063647	-0.0325902258	0.0155495305	-0.0897400861	-0.0263314254	-0.1338096743	0.0639933715	-0.059220182	-0.0396005412	0.089578525	-0.0510854321	-0.1508350279	0.080781219	-0.0664197714	-0.0509180352	0.1225937737	0.1017951639	-0.0199090315	0.0765116207	0.1119871063	0.0235730411	0.0108326797	-0.0559870479	0.0049331161	-0.1574091612	-0.0472279332	-0.0370542776	-0.019161758	-0.0040451563	-0.0771355856	0.1100269094	-0.0276081226	-0.0398662849	0.0171737769	-0.0583120601	0.0548201077	-0.1875715345	-0.0456009747	0.1469450587	-0.0049931048	0.0540374513	-0.0230267456	-0.0371171542	-0.0507992461	0.1374585116	-0.0708579705	-0.0163228892	0.1175820907	-0.0206487009	-0.1206199922	-0.0330983593	-0.0289135897	0.1091155277	0.0360579182	0.1091811993	-0.0053968254	0.0969492665	-0.0003239124	-0.0959706222	0.0534064014	-0.0146787787	-0.1720129905	0.0412483383	0.0892103878	0.022412373	0.0786363393	-0.0277268054	0.0374406232	-0.1322720311	-0.0137583453	0.0983734063	-0.2268258019	-0.1886900585	0.0149618851	0.0382080508	0.0477706303	0.1109805565	0.1105891995	0.1099379598	0.1090283678	0.1078625611	-0.0026319226049906	3.5831926524600155e-05	1.283926958464344e-09	6.927016598660505e-06	0.0100359648269403	0.0262244074705079	0.0006877195471792	0.0001007205900075	-0.0108150010615304	0.0787535942018422	0.0001169642479609	0.0062021285997084	-0.0004601259355301	0.000271961013233	7.396279271872004e-08	2.117158765474497e-07	0.0009599402095568	6.250828799990622e-09	3.907286068679221e-17	9.214852059239532e-07	0.0002627209057433	8.136937680899999e-05	6.902227431457992e-08	6.620975482285025e-09	0.0	0.0	0.0	0.0
1165.2119693886311	-2.3814228532833117	5.671174806140027	1357718.9336065322	1506.0258352072544	-15.684631199272644	246.0076558571968	2268113.816311708	1099.7256293948342	-2.4739527632928	6.120442275004082	1209396.4599478643	1128.3683243843395	1242.1967312806391	1.237985	26.777561	0.2547129943710895	0.1673943433676953	0.1393991672	-0.0255107953	-0.054570436	-0.1067939974	-0.1086026623	-0.0484568542	0.0869571209	-0.0345163508	-0.0881376247	-0.0153369965	0.0771828468	0.0832032833	0.0421746121	0.0997784309	0.1187444875	-0.0508253545	-0.0126338091	-0.0331771021	-0.0161592255	-0.053767171	-0.0912673665	-0.0845154308	-0.0786863911	-0.0264814982	0.0906724912	-0.0919223296	-0.0261913181	-0.0085658858	-0.1300652952	0.005653635	-0.1179743111	-0.1604316421	0.1075471355	-0.1051312226	-0.0556316846	-0.0851991459	0.0197544007	0.0265327056	-0.0719966561	-0.0475225424	-0.056774717	-0.0274573639	-0.1700895073	0.0760865205	0.0377583259	-0.1494715458	-0.0628334317	0.0278170544	0.0434236128	0.0314139744	-0.0431121377	0.1768208673	0.1497175622	-0.0488670401	0.0680084896	0.0456654386	0.000948786	-0.0641598518	0.1558980429	0.0224551337	0.1302327938	0.0015575003	-0.1218690304	0.1035818473	-0.0190493179	-0.0865355356	0.0437831113	-0.0007869147	-0.0343548991	-0.0065261033	-0.1107314255	-0.0353502995	0.1075973638	0.10204345	0.024515697	-0.0121906243	-0.0627187434	0.0388961234	-0.0109326365	0.0897391536	0.0878683006	0.0397536776	-0.1706223459	-0.0630535453	-0.0274101325	-0.0244210197	0.064557361	-0.1132630692	0.0082758037	0.0831745182	-0.0790840623	0.0302767834	0.1585974061	0.0533099317	0.0356819418	0.0199100037	0.0700418393	0.1196238829	0.041566312	-0.0515413021	0.0225540979	-0.181773895	-0.0890841553	-0.0373257781	0.0443809464	-0.0138508702	-0.0701693147	0.0213787967	0.2114997935	-0.0478043068	-0.0992900737	0.056013456	0.0245823817	0.0394406783	-0.0514234469	-0.0067408294	0.0655946484	0.0977774182	-0.0307494186	-0.1361001971	0.0150825232	-0.1709374055	0.0937254959	-0.0536520363	-0.0156410533	0.0603246651	0.0472860168	0.0283434248	-0.0701092117	0.1224680017	-0.0043152352	0.0655220688	0.0894008223	0.1159691788	0.0535102667	-0.0110225295	0.0091296301	-0.0636785793	-0.0983129227	0.0345071964	-0.0089704533	0.0947747742	-0.1436382335	-0.028974857	-0.0764155295	-0.0977401748	-0.1871164174	-0.0074637815	-0.0613891252	-0.0359547884	0.0410984908	0.099800525	0.1108552722	0.1100889337	0.1088156246	0.1070412087	0.1047738574	-0.002713471360721	-8.15487557304e-05	6.6501995611764474e-09	7.362926825453074e-06	-0.1464316659614581	-0.1564676307883984	0.0244821194845345	0.021442232796248	-0.0690787264618961	-0.0582637254003657	0.0047718704495974	0.0033946616975292	-0.0008100673246331	-0.0003499413891029	1.2245897580733724e-07	6.562090704382281e-07	0.0005118936984103	-0.0004480465111465	2.0074567615055082e-07	2.620351584721752e-07	0.0002627070174609	-1.3888282399988905e-08	6.901497702320163e-08	1.9288438802184159e-16	0.0	0.0	0.0	0.0
1172.630220951565	7.418251562933847	55.03045625097046	1375061.6350889162	1522.1833470992176	16.157511891963168	261.0651905389312	2317042.142186177	1101.6469761718145	1.921346776980272	3.691573437412479	1213626.0601085024	1129.3549032814797	1224.1149094155726	1.542963	33.374218	0.166486327072611	0.1080533242129978	-0.0545162588	-0.0133421351	0.0714363525	-0.040879314	0.1286347586	-0.019769212	-0.0829230802	-0.0278068912	-0.0642846576	-0.009994879	-0.1127514061	-0.0850969937	-0.0081940213	-0.0181289047	0.0442509107	-0.0502141619	-0.0962625094	0.0830565779	0.0924390037	-0.0314933528	-0.116762151	0.0156541337	-0.0912060394	0.0180839165	0.0030449611	0.0382203426	0.036888654	0.0267436668	-0.113445833	-0.125887986	0.0934956831	-0.0595524278	0.0102521965	-0.0648541461	0.0544725886	0.0520170315	-0.1540850949	0.0522047086	-0.1121793752	-0.1068168456	-0.0477451301	-0.0119532932	0.1160944963	0.0836041902	-0.0527798033	0.0482862403	0.0142844038	0.0188458636	0.0808075336	0.0471755416	0.162399092	-0.0077225609	-0.0190331376	-0.0040158417	0.093296418	-0.0262689363	0.0281375477	0.0048082376	-0.010370393	0.0014001935	0.0087127809	-0.0053907868	0.0804373415	-0.0749261121	-0.0009765203	0.0542490392	-0.1208942061	0.0234019776	-0.0688775564	0.0112609491	-0.0707488046	0.0518739815	-0.0299088573	0.0461439853	-0.0989061216	0.0310701793	0.1504243749	-0.0165548821	-0.0099338006	0.1309061724	0.0553132187	0.0664293919	-0.013211702	0.0366981891	-0.0580320498	-0.0306746603	0.035035134	-0.0241133224	0.1122675561	0.1772467535	0.0966038959	0.0629931457	0.0047865613	0.0024128221	-0.0988279194	-0.0454507585	0.1673862381	-0.004442471	0.0201852383	-0.0817984156	-0.0136516874	0.1062010508	0.112662598	-0.0389790331	-0.0142190559	0.0991946034	0.0016818525	-0.1195205344	-0.0054694746	-0.1130968314	0.0056304525	-0.0025179651	0.0271312865	-0.0338793853	-0.0701945969	-0.0970603542	0.0194891473	0.0587996406	-0.0029420788	0.0293491703	0.0750760357	0.0400473303	-0.0287665566	-0.0445589307	0.0886642456	0.017818672	0.0126301263	-0.0325314737	-0.0137194903	-0.0363331542	0.0019796069	-0.0130208036	-0.1239478913	0.0357940043	0.1277491035	-0.1008333845	-0.0681657293	-0.0341843308	-0.0995343212	0.084541726	-0.0541995807	-0.0943459437	-0.0209788973	-0.0040073934	-0.0756065761	0.0383053405	-0.0101836887	0.0810892175	-0.0885991113	0.0617691718	-0.017758608	0.0483186579	0.1106882998	0.1094230837	0.1073250918	0.1044102912	0.1007008652	-0.0007189334542232	0.0019945379064978	3.978181460456626e-06	5.16865311601302e-07	-0.0462288361203064	0.1002028298411517	0.0100406071081748	0.0021371052890381	-0.0579337779584108	0.0111449485034852	0.0033563226285344	0.0001242098771453	6.89797355466782e-05	0.0008790470601797	7.727237340107105e-07	4.7582039160896605e-09	0.0005120021846984	1.0848628810003133e-07	1.1769274705723e-14	2.6214623713593456e-07	7.898234749925371e-05	-0.0001837246699616	6.2382112164928685e-09	3.3754754352515864e-08	1.0	0.0	0.0	0.0
1172.3035885445363	-0.3266324070286828	0.1066887293213511	1374295.7037143975	1527.8771682318838	5.693821132666244	32.41959909079671	2334408.6412042803	1101.944336595162	0.2973604233475271	0.0884232213734205	1214281.3209541517	1129.7089924887273	1248.237319438762	1.241384	26.851078	0.1495088889687359	0.0874928786685019	0.0511182834	-0.0549295263	0.0200532263	0.1381011481	0.1055067657	0.0948856225	-0.150430282	-0.073291635	0.0690941916	-0.0748898599	-0.0114629598	0.0169874558	0.0165325489	0.0699729904	0.0306255824	0.0532954413	0.0562303505	0.1782737621	-0.0271867088	-0.0885485592	0.0651785379	-0.1045118937	0.0146414448	-0.0128185769	0.0227457904	0.0035556753	-0.0234809305	-0.0743781377	-0.0080364669	-0.0636017357	0.013252982	-0.0005143586	0.117693972	-0.0730989029	-0.0223670277	-0.0734916412	8.15322e-05	-0.0299283107	-0.0223377653	0.0217197265	0.0642448567	-0.1337293741	0.0084050238	-0.0618970446	0.044590661	0.0603662144	0.0879269302	0.2306627154	-0.0158704051	-0.1391062648	0.1023941762	0.0055356987	0.0713817511	-0.0154476517	-0.183228502	-0.0455083117	0.0920357531	-0.0616909218	0.029468874	0.0032534848	-0.0982702158	-0.0976337181	0.0558927589	0.1277893451	-0.0716698353	0.0545217691	0.0410539706	-0.052667326	-0.1259527729	-0.0299122306	-0.00739403	0.0212797373	-0.1252245758	0.0531494188	-0.0931350745	-0.0901239291	0.0207477471	0.1205471628	-0.0758896197	-0.0738746166	0.0599804441	0.0091583125	-0.0456346242	-0.0452170216	-0.0227542734	-0.0327750849	0.005906041	-0.0296183341	-0.0464710095	0.0563462695	0.0288946121	0.062206553	0.0149308506	0.0483350145	0.0436750126	-0.0122024014	-0.0786835206	0.0305896949	0.0225537885	0.1580174555	0.1203632733	-0.0059696107	0.0614482649	0.1422126942	0.0256284805	0.0412590461	-0.2010021995	-0.0774639994	-0.0004977373	0.0628422798	0.0040326936	-0.0313695683	-0.1182864899	-0.0462606566	0.1832802038	0.0993091049	0.1237281479	0.0326747246	0.081805613	0.0628939095	0.0014525961	-0.025263174	-0.0171175542	-0.0512421132	0.0331741249	0.1384624609	-0.105523561	-0.0092851161	0.1200330238	-0.0305186346	0.1599031425	-0.0474893175	-0.0046535323	-0.0406943165	-0.049428128	-0.0593155351	-0.0354900643	-0.0583080157	0.0727279665	0.0961751555	-0.0178395798	-0.0564860552	0.0970477558	0.0623207212	-0.1194898236	0.081364844	0.0325308066	-0.0504296183	-0.0667818627	0.0154349136	0.0974017859	-0.0701874532	0.110479702	0.1085926509	0.1054714048	0.1011514379	0.095681848	0.0099166976360152	0.0106356310902384	0.0001131166486876	9.834089200414944e-05	0.0265394060033941	0.0727682421237005	0.0052952170617735	0.0007043400710129	-0.017908628438505	0.0400251495199058	0.0003207189725484	0.0016020125940908	-0.0001660516191348	-0.0002350313546814	5.5239737683410814e-08	2.757314021728868e-08	0.0007389890582516	0.0002269868735531	5.152304076545637e-08	5.461048282155866e-07	0.0001385614439624	5.95790964631463e-05	1.919927375294532e-08	3.549668735364892e-09	0.0	0.0	0.0	0.0
1170.925715443616	-1.3778731009203966	1.898534282239989	1371067.0310871438	1515.1581262993466	-12.719041932537266	161.77402768164131	2295704.1476909467	1102.519153235581	0.5748166404189305	0.3304141701025061	1215548.4832513025	1131.6433457078977	1255.1502546983538	1.250776	27.054228	0.2783145679576453	0.175219843034447	-0.0198802094	-0.0308516941	0.0661881691	-0.0100652644	-0.0929146428	0.1092822132	0.0185413805	0.1133761371	-0.0711063927	-0.0911663412	0.0240243772	0.0712423321	-0.0177600968	0.0796961814	-0.0102868842	-0.0908832595	-0.0410550151	0.0106787686	0.0076783295	0.0222941112	-0.0038078785	0.0123285286	0.0036297737	-0.031995317	0.0652273021	-0.0165670219	0.019737141	-0.0411708631	-0.0821429211	0.1678175365	0.0669718125	0.0223786272	0.067501739	-0.0104603707	-0.050094661	0.013113523	-0.1405224221	-0.0691912921	-0.0487766077	0.1892553227	-0.1687785179	-0.0501152592	0.0668719385	-0.0274669314	0.0396949849	-0.0759568942	-0.0280365125	0.0981738723	-0.0371911094	-0.090646351	-0.0785335281	0.0677423799	-0.064043163	-0.1039018418	0.0628156119	-0.0768335969	0.0786464012	-0.1452387021	-0.0058130462	0.1412308609	-0.1492414117	0.0615781469	0.0633235043	-0.0856661985	-0.1254147088	-0.0181405353	-0.0469087643	-0.0800651894	-0.0287339629	-0.1162544717	0.0837860593	0.0495822114	0.1139639242	-0.04696886	0.0152839663	-0.003198812	0.0094714708	0.0108757181	-0.1257228427	0.0461020019	-0.0186648631	-0.0411245504	-0.0881545269	-0.0850194901	-0.0015531688	-0.1387919468	-0.019610724	-0.056258831	0.0831479773	-0.0613694727	-0.0149527707	-0.0074340019	-0.0622677197	0.0532868539	-0.104630464	-0.1772041241	-0.0332264823	0.024635839	0.1427296884	-0.0305637561	-0.0166138445	0.0383634048	0.0562881106	0.1643700862	-0.0277589366	-0.1019663426	-0.095114104	0.0830930043	0.0023728669	-0.0019198503	-0.0877333777	-0.0540376474	-0.0387515078	0.1245855769	-0.0480374741	0.0038442968	0.0807094919	0.1644122326	0.0327635158	0.0007802079	-0.0701322744	0.1395310061	-0.0335867274	0.0283474126	-0.0041616008	-0.0333339805	-0.1310154039	-0.0608402576	-0.0923873039	0.050244673	-0.0110794018	0.0071510117	-0.0124570656	0.0799529599	-0.0854759186	-0.0360481219	0.2018233339	0.0626738363	0.0765755328	-0.0617151563	-0.1232580964	0.0120176401	0.067931866	-0.0503230885	-0.0797078554	0.0168658635	-0.0534590913	-0.0230175607	0.0057863921	-0.0009442609	0.035161212	-0.0009007023	0.1102295573	0.1075988845	0.103260836	0.0972842479	0.0897639565	-0.0027179188678729	-0.0126346165038881	0.0001596335342003	7.387082972339506e-06	-0.1313047902052773	-0.1578441962086714	0.0249147902767615	0.0172409479308518	-0.0951487078872901	-0.0772400794487851	0.0090532766126208	0.0059660298732546	-0.0004940210179986	-0.0003279693988637	1.0756392659108233e-07	2.4405676622437304e-07	0.0005119799593884	-0.0002270090988631	5.1533130966682106e-08	2.621234788153477e-07	8.162642576338555e-05	-5.693501819901446e-05	6.662873382905492e-09	3.241596297322108e-09	0.0	0.0	0.0	0.0
1173.1286413702992	2.2029259266832923	4.852882638453442	1376230.809203324	1520.6891005282655	5.530974228918922	30.59167592096526	2312495.340465465	1104.2428862502743	1.72373301469338	2.9712555059439283	1219352.3518343363	1132.1186729701765	1251.5527339622909	1.206998	26.107319	0.1686991860724752	0.0902997648349383	-0.0550365746	0.0798886743	0.0788159111	0.0486425744	-0.0339435109	-0.1067695384	-0.0314033534	0.1142126005	-0.023044087	-0.0532656696	-0.0075469329	-0.0839914127	0.0176632096	-0.0309100237	-0.1150042806	0.0244378518	0.0141293264	-0.044849032	0.0585685169	-0.0907621791	-0.0213015646	0.0109318085	0.0069017809	-0.0923247752	-0.0249052603	-0.0832438538	-0.0143640953	-0.0093489898	0.0660276761	-0.0752844623	0.0037203169	0.0549307546	-0.0032297067	0.0036754862	0.0931776437	-0.0279166964	-0.0370074172	-0.0671347088	0.0093695447	-0.0183822221	-0.0566161092	-0.0954444391	-0.0134650974	0.0169579854	-0.0211872226	-0.0347379309	0.0181025886	0.017758018	-0.0423159654	0.0657868507	0.0290524502	-0.0278793116	-0.051513218	0.1000646446	0.1072893441	-0.02662752	-0.1295505537	0.0119683476	0.0288326207	-0.0795166709	-0.1763142507	-0.0052148053	0.1243735857	0.0375145958	-0.070132244	0.0883742862	-0.0656524813	-0.0228126293	0.0680798986	-0.0839395482	0.0035411043	-0.0815879572	-0.0597677586	-0.1115452583	-0.0002815477	0.0971182068	0.0217023069	0.0492900724	0.0217030506	0.0424692805	-0.0054923153	-0.0164005502	0.0160238318	-0.0736625105	-0.0600085218	0.0656488636	0.1359464428	0.0465945098	-0.0396373779	0.0195452509	0.0282919495	-0.027700577	-0.0094654094	0.0770852938	-0.096876856	-0.0124313431	-0.0392484784	-0.0016997605	-0.001899989	0.0337242385	-0.0495402442	-0.0308677566	0.0023159755	-0.0077617995	-0.0300929019	-0.0523940031	-0.0794318046	0.020031951	-0.0327242126	0.0085460201	0.0139848878	0.0174234553	-0.0499535701	-0.0334793153	-0.1597615984	-0.0663783605	0.0141510404	-0.1111205838	0.020918333	0.1308723753	-0.0084368886	-0.0280523762	-0.1816728434	-0.0154692008	0.0516206396	-0.052586958	-0.0765083948	0.055639956	-0.0183657099	-0.0950418432	-0.0222093949	0.0154458675	-0.1097480203	0.0677575626	0.0258965495	0.1259263572	-0.0517041046	-0.013860494	0.0855592352	0.0873318214	-0.0953825522	-0.0298688987	-0.0760845373	-0.0018460572	0.0525622208	-0.051875511	0.0365167945	0.0268482321	-0.0237207694	-0.0487918571	-0.0525477469	0.0296997994	0.1099379598	0.1064432791	0.1007008652	0.092831979	0.0830027857	-0.0027923448144804	-7.442594660750021e-05	5.539221528422472e-09	7.79718956295558e-06	-0.0528774166710093	0.078427373534268	0.0061508529194836	0.0027960211937995	-0.0725894156719846	0.0225592922153055	0.0052692232676001	0.0005089216652555	0.0002390553685359	0.0007330763865345	5.374009884944796e-07	5.714746922583497e-08	0.000319958634102	-0.0001920213252863	3.687218936474544e-08	1.023735275364175e-07	-0.0003460377499416	-0.0004276641757049	1.197421243846453e-07	1.828966471814248e-07	0.0	0.0	0.0	0.0
1166.3269744226589	-6.801666947640342	46.26267326662309	1360318.6112659136	1521.663589230233	0.9744887019674024	0.949628230262113	2315460.078789035	1101.1726560303202	-3.0702302199540554	9.426313603519128	1212581.21838887	1129.9485402105315	1244.6022869526023	1.382504	29.903492	0.1996541268096516	0.1230104863154398	-0.0052171737	-0.0670759871	-0.0904371328	0.1061121487	0.0206778534	0.1368249509	-0.0049936696	-0.0542598316	0.0766909529	-0.0696025024	0.1172059937	-0.1211567673	-0.0762429599	-0.0153996628	0.0384802439	0.097825252	0.0647815688	0.0007892183	-0.0823558534	0.0291060112	0.0925401708	-0.00622854	0.0455467939	0.0791734614	0.02448891	-0.0110171922	-0.0213181687	-0.0037878276	-0.1127084745	-0.0646851343	0.001267776	0.0287857652	0.1470494455	-0.0332198676	-0.0789223884	0.0078109408	-0.0112017409	0.0229401552	0.2258883437	-0.034487052	0.1177908981	-0.0192370495	0.0568839076	0.0453969972	0.0132012451	-0.176732764	0.0987358469	-0.0501788719	-0.0250255491	0.0838630608	0.1260510447	-0.0673756557	0.0676017701	0.0857066827	0.051473901	0.0758771269	0.0772424298	-0.0277566936	0.0133985783	0.0721789808	-0.0775684799	0.0005703139	-0.0545197049	-0.0145201783	-0.0012014606	-0.0784349102	0.0839599007	0.0250904596	0.0754850954	-0.0436524889	-0.0652926375	-0.1409282564	-0.0637180358	0.0509413137	0.0881235921	-0.0669654134	-0.0690020603	0.0415672894	-0.0844411867	-0.0816250491	-0.0486129079	0.005987413	0.0148839392	-0.0078242359	0.0095373449	0.0387809761	-0.0202466019	-0.0369154724	0.0461271123	0.0591090821	0.0528544515	0.1667608543	0.0819151141	0.0379396756	0.1302570243	-0.0280787035	-0.1103819043	-0.0745811666	-0.1023035737	0.1160444969	-0.0253788021	-0.0024799466	0.1129448297	-0.1305716476	0.0781778089	-0.016535009	-0.0945438023	-0.0009618694	0.0702432903	-0.0278348667	0.2442135899	0.0372928908	-0.0429952175	-0.0146963527	-0.0672528062	-0.0992108953	0.0974883651	0.0302975064	-0.054531169	-0.0331134902	-0.0442332048	0.0233858466	0.1012159174	-0.0188945474	-0.0195491024	0.0262618914	0.1331379305	0.0349392461	0.1410752036	-0.0101342343	0.0722554218	-0.0776391153	0.0618362581	-0.1660024249	-0.0868587155	-0.1566118788	0.0175600324	-0.0707974807	0.0018094577	0.1009348632	-0.010845665	0.0162798332	0.0807215359	0.0730335341	-0.0344101911	0.0044296084	0.0710213432	0.0807148751	-0.0152872035	-0.0261349961	0.0614630627	-0.0979159851	0.1096050192	0.105127573	0.0978001546	0.0878214077	0.0754618528	0.0045103791517959	0.0073027239662763	5.3329777327626255e-05	2.03435200929551e-05	0.0467323894899465	0.0996098061609558	0.0099221134834231	0.00218391622744	-0.0039252289817	0.0686641866902846	1.540742255877762e-05	0.0047147705338382	0.0001245437865386	-0.0001145115819972	1.3112902411524361e-08	1.5511154765372362e-08	0.0005119892665292	0.0001920306324272	3.68757637903904e-08	2.621330090411082e-07	-0.0001710317645234	0.0001750059854182	2.9251864475987752e-08	3.0627094932195245e-08	0.0	0.0	0.0	0.0
1167.8506667298327	1.5236923071738602	2.321638246940801	1363875.1797813147	1505.3001948253068	-16.36339440492611	267.7606764511672	2265928.676541107	1101.5706514988851	0.3979954685648863	0.1584003929981834	1213457.900243678	1130.2923338020198	1232.0721495185874	1.270064	27.471428	0.3095413831304748	0.2098035356033329	-0.0595777918	-0.0180679478	-0.0114231276	-0.0990384436	-0.0544767616	-0.007477485	0.0846550451	0.0305985003	-0.0932688002	-0.0132252059	-0.0371443642	-0.0233647387	0.0102568729	0.0206150718	0.0441191724	-0.0480766148	-0.1148906502	0.0293907697	0.0507144502	-0.0029590288	-0.1445392121	0.0495558796	-0.0113961325	0.0438740281	-0.0580505277	-0.0961424788	-0.0468371167	0.149640186	0.034618131	0.0648057856	0.0630928179	-0.0342041209	-0.0608997446	0.0772201017	0.0484736768	0.0327266842	0.0259158448	-0.0688200234	0.0021248051	-0.1150067441	0.0889316298	-0.1232212331	-0.0037066522	0.0049258412	0.1788944426	0.0117190497	0.0109792687	-0.059405446	0.1750417125	-0.0240641305	0.0467515945	-0.0063836235	-0.0316868373	-0.0404275856	-0.055843906	-0.0789483978	-0.0902540602	0.0238888619	-0.0400442305	0.0252397855	0.0143335631	-0.0345996918	-0.087729201	0.0223966536	0.0480243082	-0.0037905603	-0.0553216736	-0.0117465811	0.1331315376	0.0645977484	0.0306064708	0.0599487649	0.0891054101	0.0277735048	0.0209472093	0.0039596141	0.1092451304	-0.0305085672	0.0176631274	0.1674524748	-0.018389735	-0.0314570706	-0.0613522603	0.0204832295	0.0162946503	0.0833811886	0.0498949035	-0.057363561	0.0908504911	-0.0276577275	-0.0285848848	-0.0389062833	-0.1997889646	0.0414466294	-0.0136636629	0.0659680688	0.0025824466	-0.0107597581	-0.0289545469	0.0155760939	-0.0323370386	-0.0656825476	-0.0919275841	-0.0126991817	0.0499459364	0.0206200708	-0.0160081582	-0.1887660374	-0.0355999342	-0.1359899807	0.0396684259	0.0338221407	0.0536635043	0.1065685315	-0.0075886836	0.0398321089	-0.0388350251	-0.1415353843	0.0999563408	-0.001598419	-0.01781083	-0.0163540521	0.069348813	0.0270510012	-0.0726612787	-0.1190846625	-0.0489240299	0.0666599933	-0.0823995957	0.0750303924	-0.099593341	-0.0096316847	-0.0250890203	0.0713509174	0.0780728503	-0.0183373422	0.16030752	0.1046183237	0.015859946	-0.107489796	-0.0668198622	0.0321407347	0.026883527	-0.0843971298	-0.0227732971	-0.0292194006	-0.069705505	0.0474450477	-0.0017361163	0.0503571456	0.0353235941	0.0242232352	0.1092308605	0.103653745	0.0945685192	0.0822826681	0.0672120005	-0.0028541704508029	-0.0073645496025988	5.423659084913814e-05	8.146288962236429e-06	-0.149921923931771	-0.1966543134217175	0.0386729189873671	0.0224765832754037	-0.0798169779422011	-0.0758917489605011	0.0063707499678258	0.0057595575602837	-0.0002389982360959	-0.0003635420226344	1.321628022211833e-07	5.7120156856951565e-08	0.0004460009318971	-6.598833463209998e-05	4.3544603075180055e-09	1.9891683125308167e-07	-7.946698876851378e-06	0.0001630850656465	6.315002303935095e-11	2.6596738636939076e-08	0.0	0.0	0.0	0.0
1170.593545153419	2.742878423586262	7.523382046575059	1370289.2479548496	1518.855877645978	13.555682820671109	183.75653673463785	2306923.177059734	1101.4774612759031	-0.0931902229820025	0.0086844176594353	1213252.5976988086	1130.381220631905	1242.8414938154413	1.105285	23.907263	0.2051084870993533	0.1239333630377271	-0.0405689352	0.003719999	0.0143548932	0.0341392975	0.0318101547	-0.1030182202	-0.0169893622	0.0313762867	0.0032184175	-0.036678482	-0.0804984303	-0.0280796532	0.0068483501	-0.070586193	-0.0296891889	-0.0132419495	-0.1120734056	0.035650647	0.1142549031	0.0251003761	-0.0650782147	-0.0015009663	-0.0709736634	0.1571942752	-0.0580664445	-0.1627612301	0.1136467541	0.0136837952	0.0320569864	-0.1011403322	-0.0465599745	-0.079488083	0.0590581004	-0.0017377741	-0.003083926	0.1842792058	0.0195661428	0.0104249727	-0.0090375769	-0.0618643224	0.0728737932	0.1637502293	0.196453638	0.0959841363	0.0172730582	0.0850990572	0.0484862161	0.0042754242	-0.1717318341	0.0083619261	0.0020067853	0.0439685362	-0.0301093588	0.0865813916	-0.0153867027	0.0350954737	-0.0722172999	0.0574595477	-0.0831628778	-0.019428088	0.0410892308	-0.0602624398	0.0145038231	-0.05765413	0.1511947987	-0.0438231666	0.0581158053	0.1040155633	0.0359997963	0.028528078	-0.0750087975	0.0904479033	0.007596549	-0.0353368107	0.0151826363	0.0093161059	0.082737415	-0.0854859672	-0.0894356387	0.1048265951	-0.0023829732	0.0239591412	-0.1762930121	0.0925739834	-0.0514718925	0.1695300964	-0.0381585922	0.0891538311	-0.0556076835	0.0944236354	-0.024384999	0.0134729855	0.015472356	-0.1444727214	0.0641450875	0.1377560769	0.026959717	0.0079108514	-0.0623638401	-0.1556570308	0.0268569831	0.2316822811	0.1154202067	-0.0557590276	0.1175977594	-0.0628306472	0.0310638361	0.0255624956	-0.0364564275	0.1480964854	0.0398692699	0.0545612685	0.0652672482	-0.0432791322	0.0144304617	-0.0443254332	-0.1085034547	-0.0600556291	0.1016758716	0.0324333388	0.0217237344	0.0026396131	-0.0498539274	-0.0097145462	-0.0916192972	-0.0349447885	0.146993206	-0.0279555331	0.0383701888	-0.0728315924	-0.0254753361	-0.0655004327	-0.0391060876	-0.0305067135	0.0709234368	0.0920118186	-0.071899886	0.0135844035	-0.0622061783	0.0452565206	-0.0577476615	-0.0169107318	0.0019694028	-0.0197399847	0.1271840839	0.0073797269	0.1356912963	-0.1127006274	0.0531044418	-0.1030097423	0.0042381903	0.0237700713	0.1088156246	0.1020240119	0.0910168938	0.0762490709	0.0583307311	-0.0028555743003551	-1.403849552200371e-06	1.970793565213182e-12	8.15430458484852e-06	-0.0341848440275498	0.1157370799042212	0.013395071664756	0.0011686035611879	-0.0477119546526836	0.0321050232895175	0.0022764306167797	0.0010307325204204	0.0004360762145415	0.0006750744506374	4.557255139033874e-07	1.9016246488884437e-07	0.0003759110492871	-7.008988261000002e-05	4.912591644283583e-09	1.4130911697612853e-07	-0.0004080819667507	-0.0004001352678738	1.6653089158711946e-07	1.6010823259647665e-07	0.0	0.0	0.0	0.0
1165.6706063374	-4.922938816019041	24.23532658626696	1358787.9624790016	1513.4457667210113	-5.410110924966602	29.269300220442982	2290518.088805749	1099.9326674659244	-1.544793809978728	2.3863879153485943	1209851.872958704	1128.968901756837	1254.4113238153266	1.272819	27.531021	0.1050676429097859	0.0546517874759938	0.1130275916	-0.0674158409	-0.0681768537	-0.0068987654	-0.0615325588	0.0388829232	0.0350427955	-0.0156719122	-0.0581684454	-0.057655728	0.0871348851	0.0694610465	-0.0914166362	0.003061174	0.0907004975	0.0003544379	0.0069662402	-0.0031390088	-0.1044154781	0.0474838605	-0.1426778025	-0.0133281792	0.0901909603	-0.1135410851	0.0865399144	-0.0568314627	0.1139819264	0.0375778471	0.1170976253	0.0198955628	0.0989002141	-0.0253512344	-0.0507435068	-0.0656529688	0.0046062568	0.0138249096	0.018323073	0.0730647809	0.138712549	-0.1030835096	-0.0426317046	0.1050410941	-0.1775020544	-0.0819257489	0.0168303781	0.0511985752	0.1173329978	0.0210061699	-0.0849378492	0.1208301263	-0.0491621042	0.0766641529	0.0514968483	-0.0291103964	0.0143078341	0.1148770226	-0.0261943412	-0.0076961338	-0.0234847721	0.0412925861	0.0573057359	-0.0530711362	0.0428421872	-0.0671919167	0.0256116613	-0.0354236721	-0.0348792767	-0.0998740859	-0.0512531477	-0.1436882901	0.0619746428	0.0251609287	0.0838654486	0.0871731345	0.0294126445	-0.0987198947	-0.0890315931	-0.001020449	0.0785651902	0.104536601	0.0730159624	-0.1152422574	-0.0914084996	-0.0620299025	0.123699715	-0.0128432982	-0.0089408499	0.1707853333	-0.0584479449	0.0195213554	0.0740840469	0.0548932948	-0.0098438477	-0.025765051	-0.0183104036	-0.0220692586	0.038968601	-0.0948332074	-0.11205814	0.0539871331	-0.0405179806	-0.1456877801	-0.086582575	-0.0262654882	0.115010528	-0.0898554453	-0.0095649425	0.0316641927	-0.0390060624	0.1061795292	-0.1397129308	0.0866716557	0.0125986024	-0.0574946448	-0.0032560673	-0.1343008158	-0.0945410948	-0.0087866847	0.0394432958	-0.1057773715	0.0178530998	0.0612446687	-0.0441008696	-0.0806768181	-0.003615906	-0.0306766762	-0.0923993722	-0.0298660507	-0.0010508202	0.0480919306	0.0462543571	-0.0073775177	0.1568058365	-0.002699404	-0.0920541089	-0.008960066	0.0337222333	0.0534723674	-0.0417865253	-0.0746211092	0.1122127163	0.0828415833	-0.0001284388	-0.0913272492	0.1071727089	-0.0290357193	-0.089910644	-0.0944444565	-0.0227603985	0.0451518438	-0.1042291528	0.0167073658	0.1083594676	0.100240825	0.0871572961	0.0697569027	0.0489014791	-0.0029035372326546	-4.796293229949967e-05	2.300442874766389e-09	8.430528461411532e-06	-0.0665781140402685	-0.0323932700127187	0.0010493239421169	0.0044326452691589	-0.0563585580425751	-0.0086466033898914	0.0031762870646383	7.476375018208312e-05	-0.0003749918399879	-0.0008110680545294	6.578313890781057e-07	1.406188800575108e-07	0.0002510119996534	-0.0001248990496337	1.559977259940146e-08	6.300702396999847e-08	-6.445293941627535e-05	0.0003436290273344	4.15418139939806e-09	1.1808090842680278e-07	0.0	0.0	0.0	0.0
1169.0168125494952	3.34620621209524	11.19709601386477	1366600.3080233815	1513.8077673888863	0.3620006678750087	0.1310444835419524	2291613.9566069245	1101.0138471264015	1.0811796604771189	1.168949458229418	1212231.491564079	1129.151430401385	1227.9220211521922	1.449529	31.353243	0.2004709571750508	0.1184715902769326	-0.0683042432	-0.0370060976	0.0729927732	-0.1483649327	-0.054860257	0.0128869752	0.0263692995	0.0435178662	-0.168018522	-0.0145455641	-0.0165536967	-0.0572037208	-0.0609171867	0.0306724147	0.0601976363	-0.1378910995	-0.1023957897	-0.0111503402	0.0087492737	-0.006227127	-0.0143806393	-0.0641469896	-0.0791502633	0.1358654338	-0.005926655	0.1491660495	-0.0249065917	0.130002515	-0.0148840417	0.0959102563	-0.0103031641	0.0898205684	-0.0683259366	0.024092663	0.0802425493	0.1124545449	0.0185484645	-0.0962470716	-0.0026133681	-0.162471569	-0.0379327332	0.1349251672	-0.0268316685	-0.0572078253	0.0672663917	-0.0538442388	-0.0245807369	0.0824628008	-0.0377325228	-0.0088633708	-0.0753716632	0.0249683352	-0.0129162391	0.0087222239	-0.0744686825	-0.0904682072	-0.0283450246	0.1302883233	-0.0713057149	-0.0401279802	0.1120456074	0.0765541053	0.0217987993	0.0950302984	-0.0066142696	-0.0128084816	0.0561973501	0.04787743	-0.0572922009	-0.0854163019	-0.0107719373	0.0328777304	0.111563884	0.0320150315	-0.0590897738	0.0642561562	0.1160783647	0.0412548115	-0.038141628	0.0378522992	0.0717284503	0.0968687595	0.0381188259	0.1593893528	-0.0369660302	-0.0565941339	-0.0569157462	-0.0122221906	0.2243822246	-0.0368105695	-0.0265287568	-0.1288715648	-0.0228423483	-0.0251183075	-0.0777002705	-0.0324866777	-0.0019840586	-0.0645142092	-0.1496590147	-0.0731216544	-0.0381039536	-0.0230854804	-0.1471196988	-0.0294470668	0.0853011988	0.0366145796	0.0228032322	0.0224676064	-0.0587514825	0.0814209935	0.0365023573	0.0678748502	0.107632061	0.0247369802	0.1066517696	0.098667097	-0.044885607	-0.0224069855	0.0062403105	-0.0294307213	-0.1221205865	-0.0921988798	-0.0465228114	-0.0194268974	-0.0373757612	0.0887526806	-0.0260583583	-0.072645347	-0.1733384452	-0.0151387742	-0.1422726772	0.0176256455	-0.0156884097	0.1005363875	0.0460393171	-0.0811370915	0.1654785521	0.1040459473	-0.0989175705	-0.159559806	-0.0689535763	-0.038370526	0.0258809793	-0.0894881658	-0.0183315432	-0.0047032687	-0.0818965862	0.075129367	0.1341763904	0.0523072188	-0.0392235017	0.0580115124	0.1078625611	0.0983068664	0.0830027857	0.0628452084	0.0390128266	-0.0090577938828744	-0.0061542566502198	3.787487491677464e-05	8.20436300246369e-05	-0.1529367841304747	-0.0863586700902062	0.007457819899749	0.0233896599401714	-0.1258940983805416	-0.0695355403379665	0.0158493240070494	0.0048351913700929	8.39981469470882e-05	0.0004589899869349	2.1067180810658066e-07	7.055688690544622e-09	6.400243575188647e-05	-0.0001870095639015	3.497257699063426e-08	4.0963117821743555e-09	5.799731168038966e-05	0.0001224502510966	3.363688162152263e-09	1.4994063993636313e-08	0.0	0.0	0.0	0.0
1172.726314192058	3.7095016425628273	13.760402436176314	1375287.0079984895	1525.375855110453	11.5680877215666	133.8206535338599	2326771.4993539453	1103.776421683913	2.76257455751147	7.631818185809697	1218322.3890653432	1132.192743134566	1244.7086409981953	1.269201	27.452755	0.2388938828207788	0.1434518448215465	-0.0392153436	0.0079136783	0.0668679732	0.0450335076	0.0738940449	-0.1453682757	-0.0710414868	-0.0110028185	0.045688181	0.0661913558	-0.1468628749	0.0079004934	-0.0004734151	-0.1170949817	-0.1366164141	0.0232613494	-0.0513368025	0.0621462511	0.0878178534	0.1004511417	0.0525526393	0.0979518745	-0.0234497923	0.0671056354	-0.0068963613	-0.1133363472	-0.0434268069	-0.0302685693	0.0071420834	0.0579749126	-0.0642789033	0.0820657984	-0.142503878	-0.0102163591	0.1279945107	-0.0448908701	0.0947370872	-0.0552452388	-0.0774739972	-0.0073863501	-0.0065869461	0.0845954521	0.0981653409	0.1563162435	-0.0647620952	0.1244600763	0.0482064821	-0.0693377748	-0.0214953518	0.0448871365	-0.0679582051	-0.0101527568	-0.1189903901	-0.0361611916	0.0375075562	-0.0569545954	0.0003228918	0.0031702709	0.1528495179	-0.020578552	-0.018522156	-0.0174007939	-0.0033532728	-0.1595761733	0.0349479599	-0.0383112215	0.0041714309	-0.0613337075	-0.0396125883	-0.0227727418	0.0038303347	-0.0146806201	-0.0458555876	-0.1175228227	-0.020692069	-0.0386119857	0.0767255608	-0.1572114624	0.0104281814	0.0013663599	-0.1252385583	0.0312077399	-0.0172671721	0.0801275155	0.0671515854	0.0446933595	0.0267705734	-0.0315794283	-0.1141071533	-0.1247667422	-0.0298297852	-0.1199878146	-0.0208834599	-0.070316713	-0.0958040493	0.055693363	0.0353295182	0.06060902	-0.1100370943	-0.0931057088	-0.0135017155	0.1423989821	0.1040687844	-0.0104181618	0.0568163862	0.0352749906	-0.0159931856	0.0686866835	-0.0858212267	-0.0959395702	-0.0664426393	0.0482473931	-0.0687361306	0.0567358936	-0.0471787798	-0.0304308513	0.0193376634	-0.0288876462	-0.0338199037	-0.0472798102	0.1259726453	0.1111813985	-0.0510061659	0.0947696652	-0.0423974794	-0.0078910169	0.010887839	-0.0180921362	0.0129387525	-0.1263128739	-0.004840667	-0.041615899	-0.0536823441	0.0457582492	0.0527616446	0.092388173	-0.0543878281	0.0373245124	-0.0259414652	-0.0352032313	-0.0510848848	-0.0212920964	0.0949626773	-0.050124758	0.1203515593	-0.0569001053	0.0782748149	-0.0957680904	0.0295871504	-0.037379702	-0.0921846525	0.033389459	0.1073250918	0.0962250449	0.0785674201	0.0555555556	0.0287576717	-0.0030323098677627	0.0060254840151116	3.630645761636661e-05	9.194903134131044e-06	-0.0240107411278955	0.1289260430025792	0.0166219245643029	0.0005765156895108	-0.0644032018133344	0.0614908965672072	0.004147772403809	0.0037811303606389	0.0004380313608367	0.0003540332138896	1.2533951653700764e-07	1.918714730764513e-07	0.0002529456882895	0.0001889432525376	3.5699552679492416e-08	6.398152122424892e-08	-0.00024805540661	-0.0003060527182903	6.153148474845244e-08	9.366826637293664e-08	0.0	0.0	0.0	0.0
1166.8381043655847	-5.888209826473258	34.67101496057623	1361511.1617994711	1512.3787617984815	-12.997093311971412	168.924434560092	2287289.519139108	1101.9274427381015	-1.848978945811496	3.4187231420541897	1214244.089059332	1130.123038329217	1257.3491698378673	1.291548	27.936125	0.1523113256860714	0.0865009229150162	0.0471747251	-0.0825563575	-0.0574145227	0.1206206882	0.0246760069	0.1397565815	0.0174929562	-0.0977184838	0.1528903066	-0.0266997614	0.0636987627	0.0498103346	0.0418212086	0.0117048769	-0.0197730593	0.0911348653	0.118260271	0.0799624713	-0.193014916	-0.0355553572	0.0965607142	-0.1392008203	-0.060450942	0.031675157	0.0166746688	-0.052754751	-0.0195148856	-0.0972187954	0.1513421713	-0.0909155502	0.1314047236	0.0782981224	-0.1040297842	-0.0407450425	-0.0342027085	-0.0569779085	0.0730520154	0.000300209	-0.0093881404	0.0340587561	0.0544805401	-0.0784813258	-0.0845273383	-0.0922186007	-0.0241776412	0.0204512149	-0.0527241507	-0.0105558592	0.165603536	-0.0799071851	-0.005747404	0.0762223579	0.1047122044	-0.017947341	0.0449903127	-0.0235492283	-0.1854422021	-0.0140908828	-0.0842468761	-0.0072201212	-0.0382722001	0.08375369	-0.0519992833	-0.0116734968	-0.1451249711	0.1300642921	0.0486450941	-0.0255890504	-0.042881419	-0.0216261785	-0.1309134612	0.0005014782	-0.1011158244	0.013090639	0.0054940981	-0.1339706961	-0.1105321279	0.1025334472	0.0686718694	-0.1687930155	0.0511148701	0.1233691432	-0.0428527559	0.0122431895	-0.0160301323	0.0444286199	-0.0137914633	0.0345467455	-0.1685423584	0.0050708763	0.0640000593	0.0222197645	-0.1539518861	-0.0176216916	0.0594370434	-0.0813739651	-0.1148804997	-0.0097741105	-0.0086803467	0.1374040493	0.0281495558	-0.0415856676	-0.1404811909	0.0030772696	-0.0926363759	0.0398790716	0.0064189949	-0.0745740792	0.067818214	-0.0908632349	-0.1541699093	-0.0777145037	0.0300731297	-0.0137600996	-0.0619625568	0.0441077439	-0.0375664413	-0.0491855643	0.018816629	0.0243881591	-0.1802755014	-0.0406463089	0.0145589807	0.0261326793	0.1109211681	0.10944104	0.0188646926	0.0112277237	0.1045731264	-0.0277552304	0.1010053796	-0.0529077005	0.1429049589	-0.1240371407	-0.1056328205	-0.111932205	-0.0066232952	-0.0558469172	0.0812775873	-0.0290577078	0.103001737	-0.000560381	0.0664188505	0.0520491952	0.0589907332	-0.0724919565	0.0049320249	-0.0980508358	0.0620938801	-0.0071983358	0.0216875774	-0.0570949889	0.106747262	0.0939984918	0.0738662073	0.0479317851	0.0182323554	0.0042531462030268	0.0072854560707895	5.3077870159403584e-05	1.808925262432129e-05	0.0392559191747778	0.0632666603026732	0.0040026703058538	0.0015410271902566	-0.0133501537121958	0.0510530481011385	0.0001782266041392	0.0026064137204171	0.0001559955420293	-0.0002820358188074	7.954420309036057e-08	2.4334609133015103e-08	0.000308001759897	5.505607160749998e-05	3.031171020850165e-09	9.486508409964925e-08	2.89759272045018e-05	0.0002770313338145	8.396043573605874e-10	7.674635991504196e-08	0.0	0.0	0.0	0.0
1165.4551927092266	-1.3829116563581465	1.9124446492912324	1358285.8062129004	1501.8046358006509	-10.574125997830606	111.81214061799712	2255417.1641123258	1100.898358191484	-1.0290845466174687	1.059015004086881	1211977.1950687051	1129.8379243914517	1248.023840596078	1.308891	28.311258	0.2841229534198541	0.1869171486095381	-0.0471037661	-0.0727706744	-0.0234985933	-0.0613454719	-0.1596265341	0.0498590287	0.1755514062	0.0539540644	0.0036754093	0.0603402756	-0.0055816605	0.1160071802	0.0013225877	-0.0645362072	-0.0014705085	-0.0347171968	-0.0783782378	-0.0986827544	-0.0189929838	0.1931759187	0.0391029352	0.0596278106	-0.1132356443	0.0550752731	-0.0447734843	-0.037494771	-0.0350123203	-0.1105439516	-0.0219324207	0.0069798135	0.028851132	0.1065193298	-0.1022882598	0.0337347884	0.0633840659	0.0672015593	0.0490679442	0.0398050792	0.0903140099	0.0908879414	-0.0467103459	-0.1012138892	-0.0697884773	-0.0187041124	0.0756365902	-0.0476013692	-0.1266106891	-0.0523399934	0.0593587647	-0.015125113	0.0813347387	-0.1029096404	-0.1237723213	0.023077818	0.0703440701	0.0535088802	-0.0546987901	-0.0042061505	0.0226106551	0.0089945031	0.1556758592	-0.0158873339	-0.1139416998	0.0535967169	-0.1290940738	0.0564075215	0.0676143936	0.1104552295	-0.0092195096	0.1613052004	0.0160245189	-0.1814487683	0.1250232155	-0.0249778355	0.1153840687	-0.0032035281	-0.0166328382	-0.148105474	-0.0322878291	0.0060889222	-0.0570612932	0.0994619104	0.0330993851	0.0155704281	-0.0783509755	-0.0236931296	-0.0042051198	-0.0802218887	-0.0764112922	-0.0791165554	0.030349491	-0.0672442702	-0.1271088517	-0.0495044713	-0.1325059658	-0.0491481262	-0.1002664869	-0.0666853467	0.1073367243	0.0537720735	-0.097784007	-0.0877412578	-0.0592972378	0.0259535691	-0.0584352185	0.0967756774	0.0917993581	-0.0226182582	-0.0177834446	-0.0397539172	0.1543689539	-0.0536573484	0.013697988	0.0168718564	-0.0450485535	-0.0382647101	-0.0006094158	-0.0167166816	-0.0179403085	-0.0555275189	0.0339264601	-0.128512308	0.0609953564	0.1097405934	0.1897043022	0.0316789264	0.1760228904	-0.0023986709	-0.079445618	0.0716618774	-0.1101760466	-0.0559089345	0.0124634362	0.0449602379	-0.0160686619	0.0389230501	0.1307647129	0.0433596763	0.0657125217	-0.1095876681	-0.099599481	0.0019504302	0.1024036496	-0.104925284	0.1645507103	0.0093559917	-0.0026029479	-0.0361483929	0.050413334	-0.0576139706	0.0614884213	-0.0370268798	0.1061292888	0.091630556	0.0689150546	0.0400197472	0.007535757	-0.0031146842306526	-0.0073678304336794	5.428492529945238e-05	9.701257856675976e-06	-0.135934103287397	-0.1751900224621748	0.0306915439702973	0.0184780804365487	-0.0802131669812382	-0.0668630132690424	0.00643415215716	0.0044706625434161	-0.0002390026848147	-0.000394998226844	1.560235992099041e-07	5.712228334863484e-08	6.398996173628824e-05	-0.0002440117981607	5.9541757641623934e-08	4.094715203011633e-09	8.400764729893998e-05	5.5031720094438175e-05	7.057284804703097e-09	3.0284902165525903e-09	0.0	0.0	0.0	0.0
1168.1998512236753	2.7446585144487017	7.533150360935754	1364690.892399017	1498.5541412625553	-3.2504945380956087	10.565714742189384	2245664.5142951543	1102.06870111816	1.170342926676085	1.369702566020744	1214555.4219842686	1130.6347034704968	1242.9649520392147	1.07234	23.194666	0.1529064109642038	0.0888684563804414	-0.0749572502	0.0045911515	0.0150622804	-0.0245023632	-0.0814601457	-0.0484512242	0.1490273581	0.062476722	0.0111032719	0.0021098592	-0.0706975647	-0.0177389313	0.1366275271	-0.0783543705	-0.0537947113	-0.0122491131	-0.104937301	-0.1446259201	0.0305021143	0.0300662599	0.0655623635	0.1434391944	-0.0360366609	-0.0341076678	-0.0174822914	-0.0348076158	0.071018416	-0.101421046	0.0941921543	0.0907486639	0.0974287067	0.0808077669	-0.0658399335	-0.1271151385	-0.0736920117	0.0215397496	-0.0310929419	0.118356132	-0.010195147	-0.0010135986	-0.0152932705	0.0006978722	-0.0222222823	-0.0960060752	-0.0045041366	-0.0675707789	-0.0608339531	-0.0953707285	-0.1298694137	-0.0105456791	0.0137988832	0.0083613811	-0.0121477602	0.0328062305	0.0451856574	-0.0847608979	-0.0111989417	0.0800473599	0.0099424504	0.0074674968	-0.027182398	0.1849050694	0.1771987091	-0.1295581599	0.1335422391	0.0304755823	0.1740560412	-0.0515238216	0.0142959962	0.2203998161	0.1465358322	0.048056941	0.0719177367	-0.0736624227	0.1103015004	0.0626354513	0.0318025943	-0.0576181938	0.0291981891	0.0061770681	-0.1240058924	0.0346635276	-0.0055717204	-0.0330989303	-0.0314938474	-0.0244331589	5.40144e-05	0.1085396691	-0.1207338464	-0.0269541655	0.0924446344	-0.0918026757	-0.0004224555	4.26002e-05	-0.0475626778	-0.1490008947	0.0957316097	0.0437798819	0.0301789048	0.0696026919	-0.0322462283	0.0611292824	-0.0846659895	0.0457173733	0.0407327676	-0.0403319985	0.1268070902	-0.0285470407	0.0545274723	0.1226810367	0.0896784721	-0.0328144908	0.1291189146	0.0372195053	-0.1256013782	0.0396540451	-0.0946191427	0.0941413346	-0.0650310886	0.0188536434	-0.0252121652	0.2246500659	-0.0933332292	0.1581316594	-0.1762269239	0.0754752843	-0.0383040013	0.0786159765	-0.045579503	-0.0715567167	-0.1151961711	-0.0284940846	0.0048606965	-0.0316028608	0.0889674061	0.0281872188	-0.0265764894	-0.0404991725	0.0005740343	-0.0589929335	0.0165645081	-0.0725127886	-0.0130261548	-0.0062463115	0.1877964349	-0.0537767285	0.0708660803	-0.1275746476	0.0742676608	-0.1256696369	-0.0613807773	0.1155746706	0.1054714048	0.0891247992	0.0637307152	0.0318670259	-0.0032316354	-0.0031668516401452	-5.216740949260008e-05	2.721438613168621e-09	1.0028949310690342e-05	-0.0580019553589465	0.0779321479284504	0.0060734196807418	0.0033642268254612	-0.0568435545497862	0.023369612431452	0.0032311896938545	0.0005461387851962	0.0006200022492219	0.0008590049340366	7.378894766992236e-07	3.84402789040215e-07	6.397266884294872e-05	-1.7292893339515558e-08	2.9904416005186155e-16	4.092502358889582e-09	-8.801978966729645e-05	-0.0001720274369662	7.747483373075107e-09	2.9593439069172446e-08	0.0	0.0	0.0	0.0
1163.0219253512337	-5.17792587244162	26.810916340500302	1352619.9988476906	1512.125861515682	13.571720253126614	184.19159062912712	2286524.6210645437	1098.771549225284	-3.2971518928761725	10.871210604696929	1207298.917386931	1126.9624158989177	1227.2895806740387	1.290272	27.908514	0.1703538129235693	0.1047117041188621	-0.0188046609	-0.0928651407	-0.1531722516	0.0451203254	0.0776495736	0.1139098297	0.0571438664	-0.125534367	0.1004113414	-0.0582860297	0.0032628023	-0.1249023578	-0.0318954873	-0.0718077135	0.1143671811	0.0691023135	-0.0198664948	0.0923441183	-0.0173304553	0.1465485303	0.1669803168	0.1161552525	0.0477675256	-0.0382047909	-0.0093588561	-0.0223893636	0.0685253189	0.0201039064	-0.0262977696	0.0589716056	0.0363026186	0.0108336463	0.0413218209	0.0630907935	0.0337695459	-0.0229791056	0.1276786022	0.0736280742	0.0113482579	0.1461425228	0.0591617005	0.0271333079	0.1034751646	0.1482101287	-0.0389063105	0.2512412566	-0.0254584897	-0.0059376416	-0.0695803577	0.0174734731	-0.0265172446	-0.0524769219	0.118109591	-0.1096631692	0.0820274503	-0.1897748623	0.0585926773	0.0641577162	-0.0853500192	0.0643033871	-0.0377640546	-0.0045555693	-0.0764092213	-0.0083365088	-0.0383676659	0.0222101721	-0.0042330769	-0.0827911904	-0.0419741711	-0.0771437667	-0.0744487634	0.0414528213	-0.0382611496	0.1359927269	0.045800463	-0.1068764674	0.0198992223	-0.1076464294	-0.0558494037	-0.1261362138	-0.1398959355	0.0012445932	0.0327204509	-0.0648178858	0.0214869562	-0.0121291467	-0.0313125667	0.0693851271	0.0208423803	-0.1321739748	0.0950103421	0.0502053493	-0.0414280925	-0.0838397762	0.0289524642	0.1466855327	0.035847229	0.0971742226	-0.0021844467	0.0621670603	0.0149247767	0.083932448	0.185155458	0.0619303843	-0.0041632562	0.0969260269	0.035676737	0.1851313141	-0.1350813109	-0.0571726266	-0.0466457778	-0.0184469601	0.1976288257	-0.0209794054	-0.0104555463	0.076111925	0.0758992646	0.0531227364	0.0423927511	-0.0076207613	-0.0988043618	0.0850748073	0.0707178701	-0.0608520273	0.0806491284	0.0460275678	-0.0700908749	0.061147913	0.1281564768	0.0243183614	0.0169743109	-0.1078266039	0.0999612416	-0.1579068188	-0.0331594987	-0.0964832072	-0.065812549	-0.012255093	0.0057466908	0.0941792173	0.0387203115	0.0135978659	0.1068931944	0.0242015457	0.1289717742	-0.0110637472	0.0044255075	0.0839803565	0.0631550057	-0.0060655988	0.0416090314	-0.0306896013	0.1047738574	0.0864849902	0.0583307311	0.0235226525	-0.0139686685	0.0045050419874286	0.0076718936275738	5.885795183280748e-05	2.029540330849463e-05	0.0227631319836234	0.0807650873425699	0.0065229993334529	0.0005181601777038	-0.0036282419989959	0.0532153125507903	1.3164140003277764e-05	0.0028318694898783	0.0001170059401105	-0.0005029963091114	2.530052869796911e-07	1.3690390021141912e-08	0.0001349948532323	7.102218438935127e-05	5.044150675435011e-09	1.822361039921021e-08	-8.800789511534167e-05	1.1894551954779006e-08	7.745389602632981e-09	1.4148036620493708e-16	0.0	0.0	0.0	0.0
1164.3553069851566	1.3333816339229545	1.7779065816830473	1355723.2809044984	1495.7004049662833	-16.425456549398632	269.79562285618243	2237119.701416304	1098.6981929076198	-0.0733563176640927	0.0053811493412352	1207137.7190984697	1126.7881983795842	1222.228533428295	1.329559	28.758305	0.1729939134118495	0.1030780186849279	-0.0749663909	0.0145762068	-0.0135929488	-0.1499839624	-0.0203905236	-0.0237687569	0.1340989823	0.0027198598	-0.0218461012	0.0584028406	-0.0670761152	-0.0348111145	0.0554415803	0.1195838108	0.1431095882	-0.1002456965	-0.0425942644	0.0027357423	-0.0174785996	-0.0209707029	0.0834644852	-0.1037727771	-0.0371527243	0.0448680078	-0.0027422898	-0.0501927541	0.1357311028	0.0812457947	0.1222936364	0.0524157505	0.0383898248	0.0472634136	-0.0242308983	0.0429699248	0.0107837428	0.0459520163	-0.0308042868	-0.0828902219	-0.0347145278	0.0283661	-0.0028054572	0.0097310155	-0.0467620434	-0.0663266308	-0.1919174126	-0.1049357525	0.0040613947	0.0529426131	0.0203299546	0.006347865	-0.1356336608	0.0055025917	-0.0343517619	-0.1466222784	0.0697231997	-0.0220492997	-0.0603561948	0.0520492212	-0.0112996837	-0.0670278476	0.0656323838	0.0050729034	-0.1453636446	-0.0890662004	0.1787216689	-0.0768728302	-0.1183077146	0.0599211059	-0.0236079374	-0.0614204089	-0.0216194578	-0.1526458445	0.079230143	0.1218669248	-0.0388250428	0.0585707512	0.0905333242	0.0502013735	-0.0309620034	-0.1061400209	0.0477883018	0.1016876196	-0.0450025839	-0.0177449488	-0.0534333002	0.0767739343	-0.0351170749	0.1511520535	0.0846312413	-0.0270717582	-0.0077415817	-0.1025946272	-0.118478225	0.0712405962	-0.0330139866	-0.0722700927	-0.0387993555	-0.0092020023	-0.0062045043	-0.013262914	-0.0056506684	-0.0138628856	-0.0866410184	-0.1261513549	-0.1193870531	-0.0158979963	0.0448090785	0.1434629827	-0.0163327404	0.0276618604	-0.1693467149	-0.0219578486	0.1267684891	0.0865771804	0.0797844762	-0.0374095966	-0.0572282627	0.0215474758	-0.0291225795	-0.0064134925	0.088055167	-0.0301481644	0.0821760874	-0.040155511	-0.0863727288	-0.177440933	0.1543798122	-0.09055638	-0.0709203347	0.0603859023	-0.0937075191	0.0401082007	-0.0236576771	-0.0156070697	0.0772276872	-0.0908852508	-0.0374779633	0.0031631685	-0.1452782201	-0.168580437	0.136860531	-0.0089502481	-0.0119924704	0.0627778038	0.077278909	0.0002798752	0.0024977681	0.0857659899	0.2092902394	0.0545160258	-0.058695585	0.0248834218	0.1040369087	0.0837150996	0.0527333744	0.0150368111	-0.0245744743	-0.0031578410793713	-0.0076628830667999	5.8719776895448647e-05	9.971960282564898e-06	-0.0613740721819908	-0.0841372041656142	0.0070790691248062	0.0037667767362002	-0.0649219007926262	-0.0612936587936303	0.0042148532025275	0.0037569126083099	-0.0002099971796756	-0.000327003119786	1.0693104034984245e-07	4.4098815471706223e-08	6.400923976301875e-05	-7.098561346928123e-05	5.038957319610201e-09	4.097182775039621e-09	-8.79932806546205e-05	1.4614460721172509e-08	7.74281744036281e-09	2.1358246217069412e-16	0.0	0.0	0.0	0.0
1171.3568660937665	7.001559108609854	49.02182995135761	1372076.90774501	1539.2976733413277	43.59726837504445	1900.721809765651	2369437.327154025	1102.4908980143928	3.792705106772928	14.384612026941449	1215486.1802045822	1130.663637086683	1238.3943930996024	1.267421	27.414263	0.107706126025629	0.0551996403826352	0.0187304659	0.1501446179	0.0705919169	0.0165327856	0.1187049958	0.0127612209	-0.1417668373	-0.0156708497	0.0189495561	0.2187750076	-0.0417814141	0.0176456693	0.0275987512	-0.0964552464	-0.098244612	0.0300480261	0.0794237369	-0.0486525598	0.0713062046	-0.0183550377	-0.118059991	-0.07846937	-0.0713027802	-0.0214710081	0.0409555271	0.0540390415	0.0303403071	-0.0389798808	0.1527413113	0.1203759028	0.009997455	0.0305836189	-0.1292521694	0.04497531	0.0552486985	0.1682537768	0.0856054576	0.1672494114	0.0064794331	-0.0457944998	0.0301370735	-0.046340689	0.0762490251	-0.0422033738	0.0384201262	0.178451095	0.0610012515	0.0211624037	0.0498630461	-0.1063733007	0.0322662253	0.0905319267	-0.0741743445	-0.0852241961	0.0446753102	-0.0491001554	-0.0188342448	-0.0004641484	0.0596844699	-0.0380975626	-0.0025399532	0.0691424926	-0.0757462266	-0.0022878256	0.0121001416	-0.0625194785	0.0707049514	-0.0525111885	0.042529943	0.0555492155	0.094734297	0.0701793905	-0.0887731857	-0.0717605121	-0.0901795387	0.0746399486	-0.0597953744	-0.0935145389	0.1192104899	0.0299673897	0.0946833365	-0.0145809324	-0.1085384787	0.073623816	0.0612971423	-0.0694252997	-0.0816088988	0.0656387328	-0.1028965732	-0.1021011054	-0.0118190054	-0.0859916179	-0.069199749	-0.1213889875	-0.0183969652	0.0649657176	0.0623288988	-0.0922558132	0.0353102555	0.1175841527	-0.124713219	0.0966796724	-0.006992102	0.0202173693	0.0569018515	0.0277198361	0.0703167719	-0.1467249905	-0.106245025	-0.0046198127	-0.0817328128	0.0096857197	0.0718919682	0.0002677754	0.0233980794	-2.9831e-05	0.0038509506	-0.0088630902	-0.0012758599	0.012211485	-0.0232689726	-0.0693213123	0.1200021642	0.1108886116	-0.1345897542	0.0590139554	0.0070730726	-0.0257663181	0.0155485147	-0.0416975979	0.0242721935	0.1209738017	-0.0573206766	-0.0906575089	-0.0303282623	0.043134079	-0.1550752804	0.0813527108	0.0052504522	-0.0458524946	0.0070504032	-0.115746414	0.0008389608	-0.0381815765	0.2012416031	0.065279516	0.0653754426	0.0421530603	0.1304090125	0.071653124	-0.0138220369	0.0002149057	0.103260836	0.0808192935	0.0469575846	0.0064605365	-0.0349494174	-0.0070788619460415	-0.0039210208666702	1.5374404636863125e-05	5.0110286451114456e-05	-0.0163036761920665	0.0450703959899242	0.0020313405946885	0.0002658098573757	-0.0416609353968056	0.0232609653958206	0.0017356335381368	0.0005410725111455	0.0002790098491954	0.000489007028871	2.391278742852431e-07	7.784649594803987e-08	6.395703381611995e-05	-5.2205946898808975e-08	2.7254608916012624e-15	4.09050217455631e-09	-0.000308008921301	-0.0002200156406463	9.48694956010056e-08	4.8406882129036794e-08	0.0	0.0	0.0	0.0
1166.0578417370757	-5.299024356690779	28.079659132802128	1359690.890276527	1516.846492550941	-22.451180790386616	504.055518882625	2300823.281964092	1101.184246632661	-1.3066513817318537	1.7073378333817624	1212606.745031941	1129.5944157038807	1250.3217782571153	1.201525	25.988924	0.0937056155054536	0.0544078052726893	-0.0579754769	0.1159482744	-0.0576566589	0.1225015315	-0.0465685332	0.0020405507	0.0245834328	0.0905330863	0.1825097125	0.0318639121	0.0481880578	0.0692343329	0.0388709109	0.0642052677	-0.042861228	0.0860812327	0.0323708114	-0.1474434246	-0.0857997229	-0.0533735233	0.0606527789	0.0528565204	0.0327678745	0.0534092473	0.0029507255	0.0625597234	-0.0185122931	-0.1868151517	0.1105696166	0.0491816924	-0.0894012365	0.0999550812	0.0786834091	0.2260489768	-0.0536937786	-0.1397041552	0.0021698073	0.026080329	-0.086308532	0.033285782	0.017079251	0.0483768493	0.0773640185	0.0789387318	-0.0867807164	-0.0344511293	0.0608235201	0.0824936977	-0.0384335678	0.0055820288	-0.0638379101	-0.0263224756	0.0299882082	0.0582910933	-0.0409986547	-0.0861419444	0.0524417385	-0.2086107091	-0.1437133999	0.0778100004	0.0296282069	0.055184038	-0.0582944074	-0.0688228805	0.0513716252	0.1403330362	0.0848442418	-0.1057517868	-0.0242939243	0.0734368919	0.0904238837	0.0152065026	-0.0671312667	-0.0460698711	0.1091152328	0.0808671885	-0.0979323981	0.1198207625	-0.0140177076	-0.0429994154	-0.0187106985	0.069280017	0.1860583584	-0.0412128045	-0.043458111	0.0144349071	-0.1059013851	0.0973323133	-0.1267373413	-0.189196502	-0.0765770431	0.0086466316	0.0260945286	0.0697602947	0.0862652287	0.0085505258	-0.0151723504	0.0387259209	0.070712942	-0.1036652785	0.0052797628	0.085828411	0.0460049303	-0.045792666	-0.0664895098	0.013140481	-0.118246905	0.0370373991	-0.0257599051	-0.0003892982	-0.0319698615	-0.0769194972	-0.0100067797	-0.0642981318	-0.0480898435	0.1721257584	-0.1255943998	0.1639827199	0.08757525	-0.0420296196	0.0532421001	0.1001722923	0.0941981668	0.1372846387	0.0220480463	0.0775218197	-0.0216349049	0.0783257591	0.1109961596	0.0273752832	0.0217964776	0.0328738297	-0.0703324157	-0.1254730146	-0.1114752976	0.0510441118	-0.1573380734	-0.0567613427	0.0876762858	-0.189356238	0.073286112	0.0220076674	-0.1509667832	0.0755833497	0.1326911255	0.0414003613	0.0042061833	0.0788717775	0.015261758	0.0324521285	0.0138740294	-0.0492380057	0.1024459312	0.0778019275	0.0410229053	-0.0021545924	-0.0449960313	-0.0031555999973562	0.0039232619486852	1.5391984318001973e-05	9.957811343314447e-06	0.0004763548521822	0.0167800310442487	0.0002815694418459	2.269139451975256e-07	0.0024884363614603	0.0441493717582659	6.192315525037778e-06	0.0019491670266495	-2.399480809486689e-05	-0.0003030046572902	9.181182233959212e-08	5.757508155094894e-10	0.0001180010553822	5.404402156608006e-05	2.9207562670349263e-09	1.3924249071313032e-08	-8.799858507227217e-05	0.0002200103362287	7.743750974721923e-09	4.840454804747786e-08	0.0	0.0	0.0	0.0
1164.2421403656022	-1.8157013714735517	3.296771470370935	1355459.7614030784	1518.4276070247013	1.5811144737601808	2.499922979133933	2305622.3977747606	1100.188811519003	-0.9954351136580044	0.9908910655033242	1210415.420991596	1129.8704270805288	1243.130894732407	1.284793	27.790001	0.1515052605212866	0.0969337373152225	0.0532894905	0.1058978824	-0.0665589066	-0.0695493272	-0.1287257747	0.0933147011	0.0820514655	0.014508613	-0.072578076	0.0528080125	0.2090345395	-0.028281641	-0.0185294197	-0.114286657	-0.0059177175	0.0004421483	0.0013095024	-0.1440887488	-0.0677511136	0.0502126193	-0.0306145787	0.0857454525	-0.0877646056	0.1266096264	0.182077135	-0.0410943474	-0.0437530537	-0.0480167461	0.0995096569	0.0504741055	-0.0362143057	-0.1194809534	0.0533731572	0.045015462	-0.0403703252	-0.0414302328	-0.0252892026	-0.0965476374	0.0931514352	0.0704806435	-0.0325103538	0.0417788001	-0.1056478039	0.0076607764	0.0105867687	-0.0701071797	0.0337678507	-0.0324743848	-0.023157317	-0.1067818081	0.034445953	-0.1097084568	-0.0016103159	0.0608140154	0.0163396698	-0.0576844907	0.1017967357	0.0668469516	-0.0781767978	0.064387779	-0.047956022	0.0724363141	-0.1669801226	0.1225151257	-0.0093009527	0.1694022856	-0.0121149146	0.1452430819	0.1205923405	0.0466651453	0.1247046312	0.0578570489	0.0946283045	-0.0187342644	0.1188754328	0.0297467216	-0.1378164263	-0.0443649975	0.0421306718	0.0977143347	-0.0846269644	0.1274689694	-0.0282893451	0.0555431228	0.0570192303	-0.0610456361	-0.0392028339	0.022348112	-0.0642122747	-0.0014679055	-0.186899982	0.0726777577	-0.0571073265	0.1045393572	0.0420384158	-0.0970780828	-0.0878395139	0.0410979479	-0.0058475057	-0.0902254687	0.0027792517	-0.1517195432	0.0485116552	-0.021886199	0.0323294944	-0.0466875636	0.0169829896	0.0327803051	-0.0298440921	0.090326052	0.1234764409	-0.1031443736	0.0048955599	-0.0665525108	0.0387538494	0.0355707516	0.0670725232	-0.007962347	0.0746458868	0.1213274287	-0.0653823945	-0.0359093649	0.0869494595	0.1559626601	0.0465007119	-0.0284177697	-0.0869440401	-0.0037705988	-0.0452085593	0.0597878597	-0.0500341976	0.0947560881	0.0814096589	-0.1194694899	0.0477461426	-0.0131890524	0.0159996681	-0.014704097	0.0315307233	-0.099477072	0.0639344402	0.0106712656	-0.0136324168	-0.0703125236	0.094253766	-0.0030729884	0.2007427084	-0.0509723488	0.0644758581	-0.0622824524	0.0897344825	0.0158852842	0.1015925006	0.0746675401	0.0349494174	-0.0107567634	-0.0546199342	-0.003181934186216	-2.633418885980001e-05	6.934895029036152e-10	1.0124705165410078e-05	-0.0804256047626807	-0.0809019596148628	0.0065451270695249	0.0064682779014429	-0.0423398828219632	-0.0448283191834235	0.0017926656773775	0.0020095782008108	0.0002789972438795	0.0003029920519743	9.180418355963747e-08	7.78394620923572e-08	6.40097647257587e-05	-5.39912906564413e-05	2.915059466748326e-09	4.097249980246983e-09	6.99910229797292e-05	0.000157989608052	4.8987432977489824e-09	2.4960716252425013e-08	0.0	0.0	0.0	0.0
1164.2971286920251	0.054988326422972	0.0030237160427993	1355587.803880494	1509.3208799934075	-9.106727031293758	82.93247722249643	2278049.518784074	1098.1266483383067	-2.0621631806961886	4.252516983819022	1205882.1357907231	1125.8476452610273	1229.415261836606	1.266166	27.3871	0.1373488011792168	0.0763606966637194	0.1589997032	0.0514335173	-0.1327546729	0.0104899954	-0.0178973611	-0.1496201898	0.0390917047	-0.102336854	-0.012569701	-0.0236362834	0.0749053555	-0.0118060496	0.1089242513	-0.0579959435	0.1147130654	0.0470087339	-0.033728524	0.0102217973	-0.087710238	-0.0081816452	0.0219265547	0.0869474162	0.132261968	0.102469633	0.0599284692	-0.0452804648	-0.0327004411	-0.2377261925	0.0759826255	-0.0441636949	-0.1154805566	-0.0080251717	-0.0573301655	-0.147570157	0.137174572	-0.0761090871	-0.0822908186	0.054676039	-0.0582186685	0.0259107161	-0.0804100969	0.0098597114	-0.1308112425	0.1193730892	-0.0807084842	-0.0530420592	-0.1953445592	-0.04602325	-0.0553551908	-0.04163267	-0.0572934512	0.0002087766	0.0012612891	-0.0354190994	-0.0781471131	-0.0053211612	-0.0079373079	0.1349098653	0.0952170644	-0.0537343554	0.0632514804	0.0191032506	-0.0176169875	0.0182788886	-0.0220714294	-0.0969065936	-0.0755835112	-0.0162559547	-0.0254310597	-0.132885471	0.0271116588	-0.0263034727	-0.0199531471	0.122003999	0.0408008927	-0.052408471	-0.0304432316	0.0877037693	-0.0367240092	0.0609739979	-0.0563269325	0.1327245933	0.1165460685	-0.0556477678	0.0937814846	0.0768806513	0.0368052853	0.0418795055	-0.2143499395	0.0560300478	-0.090455604	-0.1106406447	0.1053089336	0.0116351506	-0.1990263128	-0.0537113195	0.0776846911	0.0798037633	0.0632818833	0.0164319163	0.0642349597	-0.0502337076	0.033060542	-0.0250423772	0.101721875	0.0733362876	0.1466592758	0.128063597	0.129200877	0.0058326815	0.0022459881	-0.054091547	-0.0496995369	0.0813997933	0.0385966695	0.0056976029	0.0115257109	-0.0155590625	-0.1403736498	-0.0803941751	-0.059636873	-0.0634407691	-0.0458258671	-0.0502382283	-0.044808046	-0.0447445882	-0.0246764582	-0.0427487786	0.0744576562	-0.0209026586	-0.0071711911	0.0057857316	0.1449203666	-0.0790530159	0.1573174749	0.1712153169	-0.0544962204	0.0009556031	0.023532423	0.0341817019	-0.0024946885	0.0511277782	-0.0121261918	0.0799886643	0.0724243832	-0.0557582362	0.0845972839	0.223111647	-0.1137060272	-0.0348540471	0.0312457592	-0.0580541794	0.1007008652	0.0714208455	0.0287576717	-0.019294242	-0.0637307152	0.0036691461121876	0.0068510802984035	4.693730125517395e-05	1.3462633192581378e-05	-0.0127453263578729	0.0676802784048078	0.0045806200849522	0.0001624433439686	-0.0101755516334804	0.0321643311884828	0.0001035418510456	0.0010345442008024	0.0007340029357724	0.0004550056918929	2.0703017965493666e-07	5.387603097225019e-07	6.396773615713336e-05	-4.2028568625340774e-08	1.7664005806949785e-15	4.091871269068626e-09	-8.802348230919883e-05	-0.0001580145052889	7.748133437837839e-09	2.4968583881704672e-08	0.0	0.0	0.0	0.0
1162.7523978796455	-1.544730812379612	2.386193282714976	1351993.1387748655	1506.582422760356	-2.7384572330515766	7.499148017252497	2269790.596570464	1098.6696824206465	0.5430340823397728	0.2948860145825991	1207075.071070284	1126.5239379034076	1225.79885799855	1.124551	24.323975	0.0828972881988663	0.0488283546871791	0.1093879899	-0.0516598694	-0.1248860303	-0.0255655272	0.0081215702	-0.0578728044	0.044126752	-0.1130975073	0.0510973794	-0.0424883178	0.0017307576	0.0230812696	0.0120592676	0.0542302341	0.1359797957	0.010578315	-0.0027272717	0.1402939896	0.0002641335	0.0588572597	0.0492093388	-0.1271293966	-0.0679172643	-0.0897949595	0.1492328463	0.133282768	-0.0613419991	0.0647718437	0.0167733132	0.0512534738	-0.1198319023	0.023170034	0.070119106	0.0428107704	-0.0879435372	0.014707509	-0.1332600406	0.1365213459	0.0299956742	0.1193033274	0.0838258795	-0.0758993202	-0.0021206098	0.0596049295	0.1002273237	-0.0514314776	-0.0163864599	-0.0787859536	-0.0850030611	0.1137913664	-0.0811375425	0.0174532573	0.0824362387	-0.0286652272	0.0536959326	-0.0295873223	0.0288396596	0.1406971637	-0.0917749298	-0.0246555135	-0.0470718005	-0.0474314114	0.1013159727	-0.0549349449	-0.1187145952	-0.0459529706	-0.0186571846	0.1143011011	0.0799914756	-0.0207050866	0.0380746096	0.0992212377	-0.0070976504	0.1461625254	-0.0267556038	-0.1079094578	0.0169809475	-0.0192155827	-0.0691710221	-0.0592070631	0.1069552602	0.0712207288	-0.0115320838	0.0030112439	0.0083836716	-0.1806406702	0.0614496774	-0.0042607652	0.0516699477	-0.0497335097	-0.0632957207	-0.0463452074	0.0896896275	0.0923851056	0.1023795181	0.0913452998	-0.0467467714	-0.0904422302	0.2331028323	0.0524799711	0.0684772402	-0.0187589961	0.0678067084	-0.0398868571	-0.0058578188	-0.0985907706	0.0380836688	0.0534670463	0.0269761364	-0.0045887158	0.0512030141	0.1040030167	0.1240195138	-5.44374e-05	-0.030969862	-0.0614261074	0.0576717003	-0.0752503341	-0.0106096702	-0.0424745768	-0.1010446284	0.0969502629	-0.1733008118	-0.0030858633	0.0235940429	-0.0267628416	-0.0449576817	-0.058039069	0.0484429206	0.0958817443	0.0222673027	-0.0547816514	0.1077723749	-0.0290990901	0.0736360867	0.0049801103	-0.011220959	0.0337237701	0.0432439807	-0.0831398826	0.064645886	0.0454896263	-0.0481547986	0.0907119073	0.0454740137	-0.0232601341	-0.0106445367	0.0799713865	-0.051171117	0.1030219619	0.1388383798	-0.1748048027	0.0997713604	0.0680667272	0.0224686191	-0.0277156827	-0.0722427837	0.0105120517072663	0.0068429055950787	4.68253569831594e-05	0.0001105032310962	-0.0407994028383598	-0.0280540764804868	0.000787031207173	0.0016645912719667	-0.0099778739843117	0.0001976776491686	9.955796924680425e-05	3.9076452980863634e-08	-2.998873714351507e-05	-0.0007639916729159	5.836832762848585e-07	8.993243554628403e-10	0.0002560013137602	0.000192033577603	3.6876894927033025e-08	6.553667264694837e-08	-8.799616334553896e-05	2.7318963659864933e-08	7.743324763534775e-09	7.463257754490206e-16	0.0	0.0	0.0	0.0
1166.863688778266	4.111290898620382	16.90271285307879	1361570.8681892217	1511.6666797038222	5.084256943466244	25.849668667184712	2285136.1505267783	1101.277377118594	2.6076946979474087	6.800071637703027	1212811.8613532097	1129.4484049932748	1219.7113735804069	1.247228	26.977472	0.2055484789559542	0.1260321127559634	-0.0890552995	-0.0666449911	0.0084225579	-0.0876019551	0.0343165994	0.022119893	0.0189888026	0.0111840045	-0.0264522794	0.0359594496	-0.1099494332	-0.0172954276	-0.055738652	0.0971312507	0.0097310786	-0.0744535602	-0.1226117148	0.0448148473	0.0819717457	-0.0542237124	-0.0084554465	-0.0049014986	0.0250581078	-0.0593880449	0.0806707215	-0.0565679769	-0.186300209	0.014340907	0.099674499	-0.0264891348	0.0226733539	-0.0579505524	0.0026964893	0.0473783278	-0.0229475343	-0.0476440858	0.0350066585	-0.0796425635	0.0397849806	-0.0689737934	0.0549707606	-0.0981335973	0.0955363979	0.0030094679	-0.1095309563	0.0451383934	-0.1084128034	-0.0034849895	0.1283995345	-0.0198972413	0.0361244257	-0.0019490056	-0.1483929784	0.0264935035	-0.1398188874	0.1231067595	0.0302104865	-0.0840834275	-0.0800394654	-0.0729258645	0.0882492229	0.0452907417	0.0260559718	0.0559741208	0.0309347626	0.0146095299	-0.0233095324	0.1488027544	-0.0783483083	0.0534345565	0.0564429334	-0.0281549379	0.0373516163	-0.0024911997	-0.0496029653	0.0501805304	0.1765743373	0.0216607344	-0.0010268141	0.0310365632	0.068950403	0.0311124306	0.0619243185	-0.0249906746	0.0428058214	-0.0496040044	0.1599067383	-0.0215589294	-0.0358466694	0.0181405746	-0.0976590346	0.0558453302	-0.1385391617	0.1073236483	0.1029385202	0.0444592955	-0.0234369563	0.0458771535	-0.0284224804	-0.0019501225	-0.0756447949	0.0594236334	-0.0297976109	-0.0150889542	-0.0511015946	0.1311063517	0.1025925996	-0.0883744283	0.0091289901	-0.044391797	0.0039547191	-0.0153186725	-0.1545776336	-0.0552913311	0.1175113265	0.0683408223	-0.1677720846	0.0719191114	-0.0357305783	0.1200793457	0.0443231475	-0.1012797892	-0.0430022941	-0.0090378167	0.0214784544	-0.0127965823	0.0681473215	-0.0923853538	-0.0635748943	0.048973554	-0.0974423037	-0.0599689584	-0.0422625947	-0.0288905497	0.0963083794	-0.0348077801	0.0625560893	0.1725808965	-0.0300253131	-0.0449557759	-0.0198977262	0.1032979146	0.0092785222	0.0109365669	0.0533340339	0.0532620436	-0.1476877711	0.0641611547	0.0595678158	-0.0015081854	0.1471042186	-0.079762186	0.0988043356	0.0646102301	0.0161035399	-0.035970438	-0.080076174	-0.0032134510183539	-0.0137255027256202	0.000188389425071	1.0326267447359715e-05	-0.155643780366006	-0.1148443775276462	0.0131892310497125	0.0242249863666215	-0.0402603789435715	-0.0302825049592598	0.0016208981126799	0.0009170301066075	0.0004049929695534	0.0004349817066969	1.8920908516096106e-07	1.6401930538768119e-07	6.40443472625929e-05	-0.0001919569664976	3.684747698696346e-08	4.1016784162915895e-09	0.0002189870383285	0.000306983201674	4.7955322955887936e-08	9.423868611004366e-08	0.0	0.0	0.0	0.0
1169.2216150490638	2.357926270797861	5.55981629851871	1367079.185097941	1528.4525098259678	16.785830122145626	281.7640928895314	2336167.0747933	1101.7373477316437	0.4599706130497907	0.2115729648694002	1213825.1833867568	1130.0932683917797	1229.526587751711	1.260744	27.269825	0.2574116816906291	0.1775916890744801	-0.0916294602	0.0046171716	-0.0063721358	0.0637725701	0.1511550641	-0.2224784383	-0.0900520274	-0.0445064477	0.0988463724	0.0100179874	-0.1723747744	-0.0159797081	-0.0560434558	-0.0950881825	-0.1082635958	0.0868853862	-0.0315210254	0.0466611277	0.17181737	0.0730239475	0.0263641048	-0.1253530434	-0.0755533191	0.0837162443	-0.1637437036	0.0728693264	-0.1150401764	-0.0363462464	-0.0177880615	-0.0197116117	0.1041737887	0.0539270707	-0.0153111428	-0.1386349785	0.0642565122	0.0264831169	0.1307247847	-0.0523977152	0.0721756732	0.0988349711	-0.1937625757	0.1506937534	-0.0659788012	0.0622447112	-0.0210828867	-0.040925399	-0.0501352115	0.0403719782	0.0693612839	-0.132161408	0.136899346	0.0290237598	0.0885862525	0.0712216194	-0.0452390392	0.0606694747	-0.0374334958	0.0453336459	-0.0892532858	0.004356952	-0.0847332485	0.0452108183	0.1225328439	0.0252158523	0.1072033871	-0.0635448831	-0.0331910901	0.0109778048	0.0250849846	0.0464500033	0.016787286	-0.058615704	-0.1161667544	-0.0879758811	0.0001509285	0.0014400139	0.1107116973	-0.1337417203	-0.0321564124	-0.0930711766	0.0848513413	-0.0718859721	-0.0086383799	0.2247912271	-0.0437804173	-0.0247381422	-0.0081323006	-0.1353322805	-0.0806639018	0.0456978816	0.0219605918	0.0029617537	-0.0031796726	-0.1337131812	-0.133787972	-0.1016303755	-0.1291879509	0.0758290684	-0.0635396563	-0.0165895059	-0.0941056973	-0.0726674604	0.0211103469	0.0081029397	0.0518834217	0.1095640347	-0.0888735347	0.0426560161	0.1594594652	0.0416777166	0.0206036454	-0.1390304319	0.0388031155	-0.0663205325	-0.009035435	0.0404810178	-0.0483666394	-0.0295360296	-0.0357478399	0.1249847773	-0.0643829797	-0.0057131852	-0.0340985226	-0.0963111858	-0.056093216	-0.0986249282	0.0290539189	0.0257770143	0.1156220292	-0.0613770439	-0.0344374557	-0.0954714204	-0.1470395307	0.0473723184	0.1206377905	0.2200835874	-0.1689098717	0.0751498562	0.0393667802	0.0253017002	0.0636303069	0.0499142448	0.0931148993	0.0208943623	0.003872902	0.0391626309	0.0538576595	-0.0077416882	-0.0215725319	-0.0332687664	0.0861127947	-0.0066931519	0.0978001546	0.0610565531	0.0096839714	-0.0440088629	-0.0871572961	0.0159690154797118	0.0191824664980657	0.0003679670209494	0.0002550094553912	0.0139162617528256	0.1695600421188316	0.0287506078833399	0.0001936623411731	0.0064044343291129	0.0466648132726843	4.10167790759198e-05	0.0021776047977745	0.0005140035537284	0.000109010584175	1.1883307462174766e-08	2.641996532454242e-07	6.397121940704409e-05	-7.312785554880463e-08	5.3476832571668356e-15	4.092316912424174e-09	-0.0001120164456619	-0.0003310034839904	1.2547684098725394e-08	1.09563306413783e-07	0.0	0.0	0.0	0.0
1166.8088775456436	-2.412737503420203	5.821302260410355	1361442.9567193247	1517.5783134472815	-10.874196378686293	118.24814688223408	2303043.9374454957	1100.8100544859456	-0.927293245698138	0.8598727635173873	1211782.7760573504	1129.5062267444923	1240.2067485386997	1.206172	26.089441	0.1421562057946141	0.080945127426743	-0.0759276958	0.0279781516	0.0085027576	0.0041242964	-0.0278779486	-0.0636681064	-0.0220393401	0.0793975879	0.0319099987	0.0565591755	-0.0309123389	-0.0331035817	-0.0524881414	0.0978887298	-0.0120935318	0.005540926	-0.0987488768	-0.0223644357	-0.0366486791	-0.2044647297	0.0081382019	-0.002408069	-0.0394117528	-0.0744209855	-0.0285554848	0.1383414235	-0.0001803889	0.0421487851	-0.0603756703	0.0354646632	0.0770848026	-0.0277151158	-0.0613664087	0.0644396619	0.0671106866	0.0500664036	-0.0635864805	0.0406494713	-0.1661938005	-0.113834104	0.1954523308	0.0943008167	-0.0910137696	0.0192843565	0.049823183	-0.0117375538	-0.0537789615	0.1901864536	-0.0095923171	0.0350949972	-0.0282755969	-0.1134360085	0.0279563249	0.1112375257	0.0242817388	0.1771598909	0.0220683988	-0.1413699614	0.0386318698	0.0546619637	0.0484984971	0.0561664717	0.0172497393	-0.0165030822	0.190683889	-0.0030431924	0.0543972951	-0.0190658741	-0.0404404029	0.0511960291	0.0444509951	-0.0507375138	0.0010852307	-0.0175394547	0.0038115847	0.0608836947	0.0855535665	0.1665783057	0.1090623069	-0.0074061651	0.0291169457	-0.0422208936	-0.0117492231	-0.0034293498	-0.0401921949	-0.1183040331	-0.0752993092	-0.0143118927	0.0364398564	-0.0735605094	0.0639676691	0.0335549981	-0.0128699812	-0.0587312014	0.0003090613	0.1308634095	0.1321180993	-0.054219218	-0.0156814129	-0.0331140196	0.2555964245	0.050096224	-0.1428451894	-0.1102037788	0.0439442915	0.0033493022	-0.1055664097	-0.041876426	-0.0406046712	0.0737546989	0.0316713555	-0.130270691	-0.1316911552	-0.0705904846	-0.105692817	-0.0939307378	-0.1135942956	0.0576100056	-0.024368611	-0.0905848151	0.0547372218	-0.0626835573	0.069435554	0.0436791551	-0.1524634887	-0.0083949444	0.0003879899	0.0286731433	0.0003450009	0.0484367791	-0.0129073908	-0.0376365492	-0.0763986333	-0.0788981622	-0.0705684124	0.0425275593	0.056361388	-0.0043481625	-0.0476590506	-0.1047660319	0.2124343128	-0.0898245783	-0.0288347527	0.1572517698	-0.0169511885	0.0803806118	-0.0669770335	-0.0097722331	-0.0387983343	0.0087068456	-0.0778086786	0.0139872765	0.0967591949	0.0574110412	0.0032316354	-0.0517826133	-0.0934196269	0.0159929917638095	2.3976284097698697e-05	5.748621991335593e-10	0.0002557757855572	-0.0581407964988613	-0.0720570582516869	0.0051922196438869	0.003380352217522	-0.0228679795750963	-0.0292724139042092	0.000522944489847	0.0008568742157793	2.99382399413714e-06	-0.0005110097297342	2.611309438830844e-07	8.96298210787126e-12	6.400028925068746e-05	2.9069843643370064e-08	8.450558094499828e-16	4.096037024171661e-09	0.0001929999018526	0.0003050163475145	3.724896211511323e-08	9.303497225108624e-08	0.0	0.0	0.0	0.0
1170.3245852760017	3.5157077303581445	12.360200845300016	1369659.6349014454	1531.538244547295	13.959931100013591	194.87967631712667	2345609.3945110105	1100.7399588559829	-0.0700956299626796	0.0049133973398649	1211628.457022271	1129.37553692825	1239.0209259386822	1.198728	25.928432	0.0832827306523005	0.050089620370868	0.0932749469	0.0986092214	0.0790525303	-0.0607396074	0.0250061306	-0.0269865959	-0.0880050763	-0.0633627049	-0.1058506728	0.0515926538	0.0479486115	0.0389749338	-0.0158469245	-0.0883270011	0.0148481461	-0.0604270498	0.1025334117	0.0082003131	-0.096951667	-0.0034001373	0.0252609077	0.1006569148	-0.0671099976	0.1475179577	0.0096295582	0.2125388368	0.0207336748	-0.0039988888	0.0675844821	-0.1025991539	-0.152714825	0.1154613747	-0.0633008203	0.012236074	0.049623764	-0.0820119635	-0.0617572665	-0.1024271941	-0.0397083296	0.0750941338	-0.0220175515	-0.0394585107	0.1172984051	-0.0599224125	0.003143458	0.032742329	-0.0217719328	-0.0842635288	0.0673734604	-0.018105713	-0.0054135431	0.1404631653	0.024541781	-0.0454839269	-0.0130692001	0.02937253	-0.0860148259	-0.0267195124	0.020430128	0.0591466643	0.0447023347	-0.0985910491	0.107956682	0.0113613558	0.0452183753	-0.1057346073	0.0658132907	-0.0584509287	0.1021488764	-0.0417419582	0.0892334251	-0.0645853117	0.0270956274	0.0185071735	-0.1036053903	-0.0225985082	-0.0922783849	0.0542251272	0.0491658199	-0.0139292608	-0.1227835835	0.0918676008	0.1399230773	0.1641247712	-0.0030534504	-0.0086162377	-0.1175599332	0.060146604	0.0021450371	-0.0088745067	-0.0827412401	-0.0859550674	0.1039664651	0.022252685	-0.0515604587	0.0142653161	-0.1603857663	-0.075403157	0.0090876541	0.003360655	0.026029319	0.1091240506	0.0311866857	0.1021773968	-0.1023908371	-0.0710995339	0.0074756611	-0.0239952795	0.0884218295	-0.1121706681	-0.0920240356	0.0290555353	-0.0765213103	0.0377517342	0.0018940821	-0.0535548328	0.0366105286	-0.0324353791	0.1117920853	-0.0912846307	-0.0667354897	-0.0443823131	-0.0885803479	-0.0631489154	-0.1518905812	-0.0713766603	0.0158912279	0.0613762789	-0.0618919555	-0.0584494637	0.0454835442	0.0876687449	0.0366666516	-0.0288071194	0.1138691369	0.0823704605	0.0256942256	0.0288126068	-0.0144744446	0.0321132328	0.0046375431	-0.0612714726	0.006368821	0.0709410866	-0.0331029738	0.1076456092	0.0193200677	0.0983228917	0.029009846	-0.0873500138	0.0149345592	0.0703153951	0.095681848	0.0536791777	-0.0032316354	-0.059244937	-0.0988043356	0.0160020138721961	9.022108386599198e-06	8.139843973954359e-11	0.0002560644479659	-0.0818536277150911	-0.0237128312162297	0.0005622983642894	0.0067000163701207	-0.0512766823265025	-0.0284087027514062	0.002629298150413	0.0008070543920177	0.0005239970438867	0.0005210032198925	2.714443551384183e-07	2.7457290200200026e-07	6.402384174952758e-05	2.3552498840118122e-08	5.547202016137653e-16	4.0990523123685514e-09	9.09831827184448e-05	-0.0001020167191341	8.277939537577914e-09	1.0407410982897105e-08	0.0	0.0	0.0	0.0
1168.27906825456	-2.0455170214418104	4.184139885008175	1364875.9813217423	1533.4997969678386	1.961552420543512	3.847687898540112	2351621.627300402	1099.799135976191	-0.9408228797917672	0.8851476911396742	1209558.1394939765	1127.7452428357249	1243.712280834557	1.218278	26.351292	0.1772953505051547	0.1178157454379285	0.094774468	0.0915674762	-0.0235934878	0.1279501394	-0.0167927732	-0.0337759444	-0.1494333062	0.0089714009	0.0791948323	-0.0483181667	0.0932635216	-0.0205506723	0.0447636017	-0.0166938458	0.0088830309	0.0844699249	0.0938732101	0.0305822113	0.0427959222	-0.0212121919	-0.0844198516	0.0636281311	0.0644601353	0.096589889	0.0671714693	0.0588065596	0.0469910938	-0.085685851	0.0557432693	-0.0800741094	0.0884696309	-0.079707442	-0.038595854	0.0790350375	0.0165727067	0.0238405489	0.0170209864	0.093524442	0.0270213015	0.1445236781	0.144636325	0.1005910755	-0.1597000662	0.0705144942	-0.0222052172	0.0258310768	0.0622895645	0.1629746264	0.0116898894	-0.079024071	-0.1141278201	-0.0532848229	-0.0617828162	-0.1049970298	-0.045189809	0.1328820401	0.0374203155	0.0731086388	0.1342316146	-0.1456742527	-0.1855078688	-0.0796613802	-0.078871141	0.0619548117	0.0039449592	0.0267027044	0.0760805253	-0.0150732464	0.1209845616	-0.0475431892	-0.037764624	-0.0511260326	-0.1378869387	0.0254571952	-0.0265776475	0.0251377221	-0.0665609811	0.0162482186	-0.0583265801	0.1101001992	-0.0502245896	0.0125929914	0.0244156836	0.0197316086	0.1095979324	-0.0333336457	-0.1315607343	0.0256425595	-0.0852140528	0.0424706759	-0.0204259903	0.118703832	-0.0730033283	-0.0852243793	-0.0129443001	0.0216106929	-0.0453577564	-0.0582758786	0.1521886041	0.0325653959	0.1679115894	-0.0221329491	-0.0800250266	-0.0974863386	0.0650490039	0.0950862492	-0.088519056	0.1299614457	-0.0805770622	0.0777927854	-0.1151773066	-0.0153419656	-0.0635522676	0.0204709617	0.1170517555	-0.073382554	0.0989434169	-0.1677053733	-0.1409624973	0.1510841016	0.0774123192	-0.0181529362	0.1336651184	0.0257339104	-0.0012180257	-0.0042980689	-0.0296238529	0.1155090644	0.1096218192	-0.0026683343	0.1177970979	-0.0039250669	-0.0098051627	-0.1085488926	0.0226209265	0.0967315527	0.0734018799	-0.0515020468	0.0264950971	-0.008560012	0.0494351861	-0.0521651219	0.0915542376	-0.0314582462	-0.062902433	0.0270836864	-0.0265109767	0.1394872681	0.0222240223	0.0121603429	0.1020018009	-0.0359376068	0.0945685192	0.0498665756	-0.0096839714	-0.0663509546	-0.103260836	0.0160005971555108	-1.4167166852985249e-06	2.007086166403239e-12	0.0002560191093329	0.0156848526560793	0.0975384803711704	0.0095137551531171	0.0002460146028429	0.0075790812652201	0.0588557635917226	5.744247282481031e-05	0.0034640009079647	0.0002079919582171	-0.0003160050856696	9.985921416905129e-08	4.3260654682983876e-08	0.0001490112304041	8.498738865457241e-05	7.2228562303233445e-09	2.2204346786543773e-08	0.0001079845049058	1.70013221873552e-05	1.1660653299750744e-08	2.8904495611825623e-10	0.0	0.0	0.0	0.0
1165.4173947160884	-2.8616735384714502	8.18917544078771	1358197.703906835	1515.0310059088365	-18.468791059002115	341.09624318107643	2295318.948865141	1099.0748693773282	-0.7242665988628687	0.5245621062283876	1207965.5684967912	1128.0555683060643	1235.2063213196311	1.305313	28.233868	0.2226450123007433	0.1451824463912456	0.0946164251	-0.0127070895	0.0147449748	-0.06012832	-0.0943611314	0.0121896205	0.016180249	-0.0076928581	-0.0989642266	-0.0871379142	0.0925856309	0.1299258191	-0.1083973474	0.0376827441	0.0694755124	-0.051660291	0.0182756823	0.0808095057	-0.1232871679	-0.0706552107	-0.0911543758	0.1153623703	-0.0163144504	-0.0044853741	-0.0947563254	0.0391499574	-0.0573059438	-0.0080306594	0.0683796902	0.0586241686	-0.0793204731	-0.0871821702	-0.0889362649	-0.1439193636	-0.0890639169	0.0692411278	-0.0315837969	0.0179699896	0.0131969279	0.0775078266	0.049550193	0.0045052557	-0.0150371361	0.1528970009	0.0609484044	-0.0034023604	-0.055872954	-0.0773688637	-0.1426990949	-0.0793871367	0.0794476364	0.0144560193	-0.0963703479	0.0845531079	-0.0581013189	0.1608485918	0.0158087717	-0.0106039439	-0.0406026058	0.1163709016	0.1157452821	-0.0564847569	-0.0240182252	0.0206342425	-0.0865328433	-0.0161324385	-0.0532602962	0.0741626047	-0.1203333395	-0.0285166533	-0.0299075589	-0.0101236913	0.0858943659	0.0529522815	-0.0109492857	-0.0857287106	-0.0428140895	0.117299256	0.0453456955	0.1318352936	-0.0744758477	-0.103480171	-0.0106481903	0.0979764734	-0.0188631534	-0.0554091259	-0.0045959405	-0.0544661823	-0.0739639374	0.0875678235	-0.0506160732	-0.153326685	-0.0383488754	-0.0100610003	0.1062187065	0.0338167217	0.0248226054	0.0302739173	0.0973190559	0.0065119145	0.02257632	0.0680055402	0.078297088	0.0273700188	0.1471691556	-0.0505123067	0.099400579	0.0326741433	0.0677257957	0.0253391309	0.0808461436	-0.0149201809	-0.0762205495	-0.0541160195	0.0601335539	-0.0412212426	-0.0612734387	0.0658973876	0.0398395174	-0.0535304001	0.0277929597	-0.0289513996	0.0561482035	-0.0509090909	0.2430528619	-0.0282352533	0.115464681	-0.0831120021	-0.0889257334	0.0032579631	0.0126370954	-0.0002619637	0.082832037	0.061200223	-9.25789e-05	0.0663021387	0.1019369084	0.0069519488	0.055635244	-0.0178460756	0.0149051112	-0.0256866708	-0.0579506083	0.0447028063	-0.047943168	0.1447925785	-0.0847159653	-0.0063737651	-0.0086670209	-0.0299594485	0.0767156585	-0.0958731596	0.0934196269	0.0459789694	-0.0161035399	-0.0730579298	-0.106747262	0.0159371613146532	-6.34358408575994e-05	4.024105905310677e-09	0.0002539931107692	-0.1071469859221565	-0.1228318385782358	0.0150876605685097	0.0114804765922028	-0.0632739100987009	-0.070852991363921	0.0040035876991784	0.0050201463852158	0.0002789830332108	7.099107499370001e-05	5.039732728761138e-09	7.783153281949834e-08	6.407388385332169e-05	-8.49373465507783e-05	7.21435283908701e-09	4.1054625920489576e-09	0.0005299910137159	0.0004220065088101	2.808904746196073e-07	1.7808949347808902e-07	0.0	0.0	0.0	0.0
1168.9650836252797	3.5476889091912653	12.58609659639871	1366479.3667350572	1516.949586469505	1.918580560668488	3.68095136777501	2301136.0478900024	1100.827642568842	1.7527731915138247	3.072213860889559	1211821.4986436742	1128.7426855786102	1226.7455205021856	1.344615	29.083956	0.2110312973658591	0.1425064578460986	-0.0379757576	-0.1652038329	0.034738494	0.0363119924	0.1369423627	0.151879044	-0.0522978429	-0.0581129648	-0.0288716073	-0.120874762	-0.0933123756	-0.0650836865	0.00242546	-0.0089145831	-0.0144105967	0.0259817778	-0.0594481469	0.1797621991	-0.1044345355	-0.1421732441	0.0778037821	-0.0307384326	-0.0266810271	-0.0119396882	0.0544585828	0.0193687924	-0.0351639084	-0.0086063491	-0.0875906905	-0.0530365391	-0.0615630486	-0.0921002493	0.0053471195	0.0329386962	0.0254491337	0.027327884	0.087118935	0.0479077555	-0.0718348245	0.0724255957	-0.137533064	0.0500151661	0.0447017076	-0.0564131627	-0.0318606802	0.0581602966	-0.1241819506	-0.1024892279	-0.1017795024	-0.0399076039	0.021530072	0.0378005519	-0.068859751	0.1815949398	-0.081885705	0.1873945038	-0.0429699461	-0.0699742222	0.0222375686	0.0365283543	-0.0117202384	-0.0494249528	-0.0641201018	-0.0467712428	0.0396819205	-0.0244860705	-0.1370179221	-0.1031482762	0.0389108425	0.0847207523	0.0145483105	0.028735314	-0.0361527203	-0.0014742684	-0.0277708584	-0.1344098831	0.1168749223	0.1563615116	0.0225932455	-0.0548186113	-0.035697734	0.0071463184	-0.093601674	-0.033379873	-0.0067794952	-0.0338492407	0.0190950115	-0.0541382851	0.0355920145	0.0052608743	-0.1390456165	0.0784593646	0.0847644106	-0.1293653097	-0.0251505745	0.0389080678	0.0213801475	0.0483107399	0.0711874603	-0.0626470567	-0.0670430607	0.0907054809	-0.0062220704	0.1127924182	-0.0403810663	-0.0644054332	0.088544778	0.0474697599	0.0766475979	0.0567024654	0.0065491198	-0.0497691629	-0.2012352139	-0.0776325874	-0.0368888544	-0.0560112619	-0.1401533259	-0.0373606387	0.0101016242	-0.0447747856	-0.0069278498	0.0125181772	0.1212731804	-0.1190266573	0.0664643334	-0.0127537117	-0.0239228511	-0.0497985597	0.0417117536	-0.1062956278	0.0689345516	-0.1059947448	0.0250384582	-0.0176119689	-0.0215728742	-0.2146550051	-0.0345116989	0.1206022498	0.0281580084	0.1007242957	0.0234849013	0.0069260625	0.0892649414	0.0697607192	-0.0834025118	0.0449433672	-0.0103336851	0.059166727	0.0800023164	0.0244477422	-0.0557598301	0.0137267304	0.0922356034	0.0420222065	-0.0224686191	-0.0793255261	-0.1092308605	0.0158899651259361	-4.719618871710032e-05	2.227480229420148e-09	0.0002524909917034	0.0285376968658681	0.1356846827880246	0.0184103331432868	0.0008144001424081	-0.0219257082194701	0.0413482018792308	0.0004807366809253	0.0017096737986456	0.0006489928614914	0.0003700098282805	1.369072730242391e-07	4.211917342667954e-07	6.407166676258846e-05	-2.217090733225291e-09	4.915491319353458e-18	4.105178481736183e-09	0.0002209787288895	-0.0003090122848264	4.883159862161914e-08	9.548859217363216e-08	0.0	0.0	0.0	0.0
1167.2041757215502	-1.7609079037295032	3.100796645417033	1362365.5878218235	1509.2982737944617	-7.6513126750433	58.542585651278266	2277981.279278942	1101.7823922795258	0.9547497106837	0.9115470100506088	1213924.4399371948	1130.0812127245188	1240.0163549419551	1.161807	25.129822	0.1161276620047941	0.0895817799334648	-0.0862812408	-0.0872485521	0.0020855104	0.0461468122	-0.0232433003	-0.0242051364	0.0303510461	0.0136068028	0.0778490206	-0.03098118	-0.0966677386	0.0286437726	0.0683057116	0.0362772746	-0.101488597	0.0343147994	-0.1127870316	0.0563442358	-0.0236028104	-0.037071145	0.0921265792	0.0657318482	-0.0191382302	-0.0841656622	0.0323714797	-0.0428778678	0.0857467344	0.0875694298	-0.0982137392	-0.0224399936	-0.0859714252	-0.061641605	0.0225920938	0.0813559973	-0.0538107922	0.0170817398	-0.0468658343	-0.0717366481	0.0202529088	0.0924667544	-0.012525106	-0.1152232165	-0.0533141603	-0.0655064007	0.000598234	0.0873806184	-0.1430496327	0.034435272	0.0293118212	0.0842290853	0.1283488333	-0.1216504288	-0.0359937961	0.0010775502	0.013351391	0.0854381488	0.1654461811	0.0455108554	-0.1413441099	0.0391759343	-0.1073740091	0.0438982372	-0.137601655	-0.1051146145	-0.0228284209	-0.0666690745	-0.0250512082	-0.058984341	0.1217379375	-0.0342400261	-0.0760538463	0.1650469061	-0.030226599	-0.0960629787	0.0421482827	-0.0564154437	0.1267442741	0.0142865613	0.0382193148	-0.0056066531	-0.097836846	0.0301100711	-0.0440822261	-0.1512804418	-0.0305714302	-0.0263488675	0.0200249529	-0.0402304084	0.1207832064	0.0563218311	-0.0187606727	-0.0472815042	-0.0331551563	0.0571811285	0.0443173694	0.039777793	0.0066482799	-0.0353470866	0.0743896189	-0.0188313459	0.0023814462	-0.103803169	0.0458088511	0.1001016541	-0.1345476283	0.1255594161	0.0218711421	0.0297895194	-0.0650806117	-0.0117735004	0.1220060602	-0.0044571883	-0.0855284045	-0.148354466	0.0116683587	-0.1335775678	0.0164583291	0.0215190529	-0.039107493	-0.0159123902	-0.1304026654	0.1586839106	0.1101541079	-0.0275392776	0.0052427359	-0.1397345899	-0.0501261603	-0.015884168	0.014809376	0.0077915549	-0.0165664702	-0.1247988871	-0.084605318	0.0198021006	0.0023059282	-0.0028973772	0.1790257215	0.0574350343	0.128577073	-0.0162974927	-0.056247117	0.0327575947	0.1005527216	-0.0372704338	-0.1254301612	0.0058166055	0.0361049156	0.0894518612	-0.075562607	0.0993573408	0.0680483066	-0.105484325	0.0910168938	0.0380022381	-0.0287576717	-0.0851160492	-0.1106882998	0.0158672178769023	-2.274724903380057e-05	5.17437338605741e-10	0.000251768603153	-0.0597776548030282	-0.0883153516688963	0.0077996013404008	0.00357336801375	-0.0224666871142886	-0.0005409788948184	0.0005047520298913	2.926581646390436e-07	0.0002789736213335	-0.0003700192401578	1.3691423808702964e-07	7.782628139992705e-08	0.0002180332546004	0.0001539615878378	2.370417052954016e-08	4.7538500111642846e-08	0.0002419695847347	2.0990855845199995e-05	5.854927993668316e-08	4.4061602911396675e-10	0.0	0.0	0.0	0.0
1169.3838461589594	2.179670437409186	4.750963215715552	1367458.5796575209	1516.7471359846463	7.448862190184627	55.48554792836213	2300521.874517627	1100.7335168751774	-1.0488754043483368	1.100139613846887	1211614.2751723966	1129.1118276212446	1241.44057257953	1.245094	26.93132	0.1245309617414652	0.0883293533962826	-0.0861065111	0.0375973654	0.1361616744	-0.0714563969	-0.0117924326	0.001620442	0.0457254235	0.1291583727	-0.1076552659	0.0551217981	-0.0349543271	0.0036921094	0.0886248435	0.0271733873	-0.0566222508	-0.0667953142	-0.0460227619	-0.1061841547	0.1533686589	-0.0161020428	-0.0258598531	0.024566875	0.134328818	-0.125995996	-0.0515762372	-0.0088304264	-0.0194737727	-0.0351494093	0.120590624	0.0027085736	-0.002266565	-0.152046213	-0.0458458626	0.0703004293	-0.0031485641	0.0394387429	-0.0552789081	-0.142970848	-0.012651516	0.0796586798	0.1109952532	-0.1236543429	-0.060998112	-0.0727558501	0.0680315219	0.0853793184	0.0312594135	0.0077114289	0.0554450602	0.0278670056	-0.0043392166	-0.0687722484	0.0591458401	-0.0301741935	-0.0318071962	0.0688903424	-0.0905393436	0.0542417862	-0.0436272664	0.0134229851	-0.011950338	0.0951813827	0.1342132353	0.0993363199	-0.0030217633	-0.1990792319	-0.0133302473	0.0335673837	0.1323118777	0.0798245547	-0.1232222078	-0.0286272008	0.0559370367	-0.075262152	-0.0537242717	0.1558670835	0.0489866817	-0.1037050224	0.0615111615	0.0240424888	0.0315151591	-0.1306113085	0.0549047012	-0.1416696746	0.0342616281	0.0073504553	0.0042562702	0.0290172926	-0.0800002233	0.0856329789	-0.1061732839	-0.0428577728	-0.1601106895	0.0128161796	0.0346348683	0.082620024	0.059503757	-0.0143499859	-0.0574171895	0.1080311292	0.1551091925	-0.0859156246	0.0483106908	0.0977272448	-0.0776816507	-0.0388969774	-0.0006632282	-0.0408221882	-0.0268103801	-0.0076486535	0.0514496083	-0.0241887915	0.0210354316	0.0640864615	0.0149239274	-0.0195606624	-0.0362644243	-0.008728835	-0.0615874281	0.0539406328	-0.1023399501	-0.0655484382	-0.0655261413	-0.1119189729	-0.0652420697	-0.1247636844	0.0788780243	0.1398544057	-0.1416724297	-0.0729825842	-0.0684966719	0.0561580261	-0.0497124868	0.0827564779	-0.1751277004	0.0534859989	0.0305043908	0.1939248046	0.0521834591	0.1577509509	-0.0628680343	0.0220192695	-0.0746780444	0.0781505251	-0.0367399111	-0.0769242895	0.0223744858	0.0041138676	0.0623430363	0.00756167	-0.1005650127	0.0114985492	0.0897639565	0.0339251109	-0.0349494174	-0.0903946745	-0.1111058879	0.0158447584761773	-2.245940072500077e-05	5.044246809261651e-10	0.0002510563711683	-0.085678702982193	-0.0259010481791648	0.0006708642967794	0.0073408401447108	-0.1048987066542963	-0.0824320195400077	0.0110037386577441	0.0067950378454442	0.0003734898457879	9.45162244544e-05	8.93331668511452e-09	1.3949466490666933e-07	6.405922208374548e-05	-0.0001539740325166	2.370800268943978e-08	4.103583933974625e-09	0.000316988020195	7.50184354603e-05	1.0048140494714572e-07	5.6277656589111975e-09	0.0	0.0	0.0	0.0
1170.2087719317117	0.8249257727522945	0.6805025305509702	1369388.5699059248	1523.0377727737302	6.290636789083919	39.57211121217604	2319644.057295565	1101.8247071861963	1.0911903110188632	1.1906962948614437	1214017.6853659472	1129.9011647948234	1241.0846601856315	1.143068	24.724508	0.259084566474493	0.1582582564692104	-0.0691476248	0.0364517806	0.0769922943	0.0947450738	0.0154096389	-0.0852036857	-0.0330798862	0.062389611	0.0704693614	0.006476768	-0.0964592035	0.0059608185	-0.0426107833	-0.0522407011	-0.1190519705	0.0483049416	-0.0157422267	-0.0704151438	-0.093044512	-0.1351629704	0.0929400273	0.0529090062	-0.0163971652	0.1583439598	0.0612823728	0.0681529698	0.1293720918	0.1011214785	0.0877641787	-0.0198162609	-0.0180716075	0.0718956677	0.0735304145	-0.0212301906	0.0102185005	0.0556489381	0.0206207585	-0.0186444174	0.0308924197	-0.0753650162	0.0469208293	-0.0324883746	0.114279399	-0.1310260039	-0.1491486686	-0.1444562876	0.0436024441	-0.0220849853	0.1032095036	0.0594703624	-0.0230821183	-0.1684282337	0.0411823313	0.079548376	0.0843701546	-0.0225946942	0.0703432586	-0.0651809686	0.0006197984	-0.080581695	0.1228354562	0.0331349945	0.0799123028	0.0729925814	-0.0705731108	-0.0750621928	-0.238923744	3.2672e-06	-0.0355723863	-0.1169777467	0.018267186	0.0535942762	-0.0744155686	-0.1159744908	0.0507282629	0.0427487688	0.0042407314	0.1732539374	0.0087589665	-0.0446892675	-0.062881272	0.1161446229	0.0347251525	0.0863107774	0.0362694889	0.047677343	-0.1096641363	0.1685370848	0.0966145371	-0.0169287165	0.0463427102	-0.0269155768	0.0443429467	0.0629918327	0.0557350621	0.0090066502	-0.0492559652	-0.009856812	-0.1194173108	0.0228120127	-0.0646907971	0.0369786103	-0.0013998941	-0.1678386475	-0.240144171	-0.0037959159	0.0074873951	-0.1199575674	-0.0173249423	0.0694156323	0.1189013811	-0.0632784279	0.0096758882	0.009904795	-0.0163572331	-0.0098582394	0.0147160597	0.0724283312	-0.1057416394	-0.0330332328	0.0800540182	-0.1330586487	-0.1321979188	-0.1004065905	0.0414757902	-0.1197399394	-0.1034792314	-0.1190425917	0.03045788	-0.1700819798	0.0034229278	-0.0124913279	-0.0435866965	0.035575163	-0.0370331387	0.0119752291	0.0203600407	-0.0004724513	0.0561190314	0.0515833003	0.1314711606	-0.010835774	-0.1019594764	0.0413556899	-0.1103136934	-0.1477760539	0.0432562072	0.0633798643	0.0146831856	-0.0558226621	-0.186611248	-0.026045404	0.0884772626	0.029796957	-0.0410229053	-0.0951296555	-0.110479702	0.0159040480994576	5.928962328029946e-05	3.5152594287198283e-09	0.0002529387459498	0.0538761189877021	0.1395548219698951	0.0194755483350491	0.002902636197177	-0.0311524222336316	0.0737462844206647	0.0009704734110224	0.0054385144658535	0.0008310036843022	0.0004575138385142	2.093189124320889e-07	6.905671233238304e-07	0.0001509780540458	8.691883196205452e-05	7.554883349647871e-09	2.2794372803456505e-08	-5.306271854170448e-05	-0.0003700507387367	2.815652099036148e-09	1.369375492395807e-07	0.0	0.0	0.0	0.0
1164.0695993880818	-6.139172543629911	37.68943952045935	1355058.0322195292	1516.1830393514524	-6.854733422277832	46.98737029049276	2298811.008817008	1099.35735758941	-2.4673495967863346	6.087814032761688	1208586.5996859698	1128.0371011667123	1242.771486235226	1.116053	24.140181	0.1175282179624525	0.0608938753378274	-0.1074868111	-0.035726011	-0.0483088016	0.0434534851	-0.0766589875	-0.0745029758	0.0618857096	0.0227855609	0.0659820026	-0.0012350394	0.0544906544	-0.0615517904	-0.2394306345	-0.0969288086	-0.0088831158	0.103143686	-0.1264395172	-0.0173455859	0.0202801967	0.0688289562	-0.0171439283	0.0620579593	0.091752014	0.0878797777	-0.1054202071	0.0514119853	0.0974335157	0.0575898196	0.0163641037	-0.0448365792	-0.0294463142	-0.0774831225	-0.023753086	0.0146033243	0.0314426948	-0.1912891664	-0.0671330016	0.0366630851	-0.0146540982	-0.0975566107	0.0033349221	0.0279117221	0.0905442972	-0.0009009586	0.0671406174	-0.0924115838	0.0928684646	-0.0413956734	-0.0386526104	0.0436833502	-0.0819018896	-0.0153594589	0.0700120768	0.0130921128	-0.0457157363	0.0316127698	-0.0525404863	-0.0255954758	0.0841150854	-0.1262556617	-0.1447746543	0.0592696455	-0.0328173597	0.2338509672	-0.0249193959	-0.0398591824	0.1204084796	-0.1043217116	-0.1004668361	-0.1086812378	0.0542231627	0.0129713534	-0.0428565243	-0.0070889536	0.1475045843	-0.0068937205	0.0853166742	-0.0290187142	-0.0223702607	0.0541849258	-0.0248660193	-0.0567455241	0.1446504218	0.1112474808	0.0241029638	0.1236309895	-0.1081719438	0.0743271622	-0.0070080581	0.0728563411	0.0363653227	0.0436541348	0.061102638	0.1802060904	-0.0153438487	0.0782601283	0.082982584	-0.0052603405	-0.0249844562	-0.0717145639	0.0138231575	0.0335400864	-0.0250358042	-0.0376523926	0.0100307069	-0.1135492073	-0.097910281	0.0059436178	-0.0442578849	-0.0485426715	0.0423638332	0.072262699	-0.0245302661	0.0192550274	-0.0108620072	0.044656022	0.1120375769	-0.0796698211	-0.1062734942	0.1161788083	-0.0913450252	-0.0988382426	0.0877050814	-0.0617061316	-0.0288921251	0.2043356974	-0.0952865451	0.0505191776	0.0423170616	-0.0221311921	-0.0622658183	-0.1106928816	-0.0326188535	-0.030084527	-0.0615025868	0.0127325129	0.082225263	-0.0408679226	-0.0540454952	-0.1054572538	0.1613417128	0.077446846	0.0463429873	0.057013996	-0.220464124	-0.0953561951	0.0855478714	-0.0977528806	0.0693699411	-0.0172429498	0.0017445713	-0.0082985623	0.0871572961	0.0256239856	-0.0469575846	-0.0992925156	-0.1088156246	0.0234626643824924	0.0075586162830348	5.713268011415883e-05	0.0005504966199254	0.0086233959538759	-0.0452527230338262	0.0020478089419761	7.436295777732326e-05	-0.0132427958057803	0.0179096264278513	0.0001753716407535	0.0003207547187851	0.0003359659690719	-0.0004950377152302	2.450623395004356e-07	1.1287313237442089e-07	0.0002020566161615	5.107856211569999e-05	2.609019507807422e-09	4.082687613463574e-08	0.0003369660484671	0.0003900287670088	1.1354611781953199e-07	1.521224390944083e-07	0.0	0.0	0.0	0.0
1167.413417235763	3.3438178476812936	11.18111779847196	1362854.086742082	1515.5694267977772	-0.6136125536752388	0.3765203660278478	2296950.687444143	1097.7863461463137	-1.5710114430962676	2.468076954339417	1205134.861785274	1126.7919579128832	1231.0704083557202	1.311967	28.377773	0.2019893541804323	0.1376929993361855	0.0497116403	0.0315455104	0.0597195254	-0.1392986674	0.0076560951	0.0360543482	0.0342998632	-0.0537413931	-0.1974331586	-0.0085861075	0.0206305745	-0.0588479093	0.0442224333	-0.0686383204	0.1098522629	-0.1046225139	0.1300411341	-0.0180372032	0.0266514117	0.0804429379	0.0333893406	0.0499864949	-0.1109279738	-0.0682223676	-0.0368021175	-0.0477196047	-0.0520172429	0.1447920113	0.027742914	-0.1703548033	0.0079789932	-0.0100377272	-0.1131104141	0.0078559168	0.1185987342	0.0482584101	-0.0906952357	0.0276870077	0.0337170641	0.1211249102	0.0915578668	0.0164567981	0.056162964	-0.2003205823	0.0843875902	-0.1016242543	0.1815659359	-0.0314729161	-0.0976691807	-0.0315011013	0.0771900121	0.0005343391	0.0844409398	0.0836469561	0.0155136037	-0.0797735789	-0.0177736882	-0.1892511999	0.1504366613	0.0331223332	0.0339635546	-0.0816076521	-0.1012038917	-0.0697234337	0.0257871461	-0.061955602	0.0916545344	-0.0351132277	-0.1059177919	0.1034912031	-0.1076158264	0.124381892	0.1281911252	0.096994701	-0.0840062296	-0.0073230263	-0.0783968818	-0.1163445469	0.0763077291	-0.0595283111	-0.1047327445	-0.0485723679	-0.0402109648	0.062311248	-0.0657456386	0.0385412822	0.1391569896	0.0333623542	0.0611416475	0.0948903748	-0.0275569596	0.0418367915	-0.01174727	-0.0160737805	-0.1046306407	0.0472329864	-0.06945986	-0.2087708168	-0.0665696307	0.1170255127	0.0849493805	0.0847255029	-0.0042440729	0.0091468045	-0.0728916291	-0.2427160555	-0.1384248283	-0.0735567086	0.0221175772	0.0738225234	0.078132304	-0.0192905796	0.0294445997	-0.0022345271	-0.0958601817	0.0957136051	0.0601105198	0.0021263144	0.0582217535	-0.0852738163	0.167832629	0.0664986842	0.1303349949	-0.0153574683	0.0444351211	0.1019527846	0.0819755192	-0.017494555	-0.130438473	-0.0076899116	-0.0129534343	0.0760027114	0.079265722	0.0200501579	0.0159793936	-0.0384008291	0.0912050798	0.1415962372	-0.0796152809	0.0528106903	0.0016091711	0.0218433293	-0.0903714549	-0.0015647035	-0.1610593621	0.1111796335	0.0893026255	-0.0184065375	0.0459612293	-0.0249096773	-0.045014596	0.0120235081	0.0858045533	0.0214124734	-0.0527333744	-0.1028582188	-0.1061292888	0.0159410612781556	-0.0075216031043368	5.657451325916901e-05	0.0002541174346739	-0.112874014251048	-0.1214974102049239	0.0147616206865035	0.0127405430931457	-0.077962619805092	-0.0647198239993117	0.0060781700868733	0.0041886556185018	0.0002789640127655	-5.70019563064e-05	3.2492230227567344e-09	7.782092041823007e-08	0.0001730580305991	-2.89985855624e-05	8.409179646198334e-10	2.9949081954839034e-08	0.0004159758440355	7.90097955684e-05	1.7303590282104664e-07	6.242547795760361e-09	0.0	0.0	0.0	0.0
1171.7582366577708	4.344819422007731	18.877455809855597	1373017.3651753285	1516.0348566880682	0.4654298902910341	0.216624982776324	2298361.686693212	1102.3093957394196	4.523049593105952	20.45797762169592	1215086.0039354044	1130.4323467160848	1247.4217491117838	1.457856	31.533361	0.2442964455426683	0.1494062165364743	0.0640018534	-0.1917871584	0.0757384506	0.1136135349	0.1148721562	0.0071503673	-0.0566867982	-0.1004574969	0.0073161612	-0.157913728	-0.1324593889	0.0700900305	0.080048649	-0.0881583582	-0.1287745283	0.05282049	-0.0063746237	0.0989440852	-0.0752561014	0.0143912716	-0.0574031284	-0.115463411	0.0288280183	-0.1114141834	-0.0670792777	-0.0303110911	0.102208456	0.0831996685	0.1324933981	-0.0751824357	0.0393212726	-0.136155553	0.0483232796	0.0016091611	0.0040710645	0.0212772537	0.0512883338	0.1467038835	0.2002766955	-0.0102018009	0.0371353859	0.0186033608	0.1383225578	0.0968804721	-0.0122781264	-0.0586961225	-0.0839525856	-0.099338248	-0.026384624	-0.0238781946	0.0027273016	0.1225052024	0.0685225619	-0.0903438466	-0.1337087979	-0.0213537302	-0.0306753917	-0.0201769316	-0.1367457447	-0.0251772206	-0.00632243	-0.0769366452	0.0120114004	-0.0102677215	0.09988548	0.0633914358	-0.0420791772	-0.0328939269	-0.1304409661	0.0056977996	0.0551355104	-0.1012362973	-0.0557595169	-0.1091213034	-0.005183874	-0.169874701	0.001583359	0.0029086622	0.0580374971	-0.0309295646	0.1117415699	-0.1189995385	-0.1016846126	-0.0254101133	-0.0037480346	0.0475715499	0.0077609962	0.1542086004	-0.040787212	0.13771147	0.0013574073	0.0740262329	-0.0208946603	0.0167868516	0.0571306731	0.1584191877	0.0069100456	-0.0451365718	0.053098252	0.0413998049	-0.1439024063	0.0911655134	-0.0153536123	-0.0612388357	0.0783073767	0.0086004645	0.0981142285	0.0590095019	0.1423043345	-0.0827133902	0.0291583855	0.0223414869	0.1191349149	-0.0028387481	0.0686424517	0.1201334695	-0.0613824093	-0.0596914727	0.0720335186	0.1130577259	0.0742689447	0.074629413	0.0023477715	-0.0786790889	0.0061717808	0.0080864311	-0.0350245582	0.0359222728	0.0365526119	-0.1713261501	0.0880718056	-0.1050332852	0.1295335384	0.065374365	-0.0077726846	0.0297305805	-0.0148692329	0.1752249252	-0.0379045757	0.0982971779	0.1044904016	0.0126828557	-0.0745672308	-0.0419667131	-0.0701443119	-0.0278896696	-0.0292422283	-0.2003513994	-0.0343909024	0.0132961348	-0.0314240565	-0.0330944144	0.0844195428	0.0171687548	-0.0583307311	-0.1058053206	-0.1024459312	0.0182760197913154	0.0023349585131598	5.452031258177428e-06	0.0003340128994125	0.0244848462092335	0.1373588604602815	0.018867456546947	0.0005995076938898	-0.021688620930135	0.056273998874957	0.000470396277851	0.0031667629493786	0.0009569889868965	0.000678024974131	4.597178655453432e-07	9.158279210411896e-07	0.0001650651793936	-7.99285120549998e-06	6.388567039326248e-11	2.7246513448241358e-08	0.0001354211154866	-0.0002805547285488	1.8338878519635056e-08	7.871095571114695e-08	0.0	0.0	0.0	0.0
1167.2143392206465	-4.543897437124315	20.64700391910492	1362389.3136822905	1509.3576533659157	-6.677203322152536	44.58504420536487	2278160.525774264	1099.902860124776	-2.4065356146436443	5.791413664548263	1209786.301710663	1129.455475787586	1253.3676984903334	1.23421	26.695908	0.1498623982539916	0.0807513909501293	-0.0035716007	-0.1211455661	0.027711399	0.0677192483	-0.0837675278	0.0760974761	0.0431448595	0.052360293	0.0408417217	-0.0854633737	-0.0742599879	0.0970751318	-0.0366171619	0.042260501	-0.0013117961	-0.0040253114	-0.0031822872	0.0356582362	-0.0320486187	0.100775494	-0.0509473441	0.0430982376	0.226064418	-0.0487665666	-0.0840557515	-0.0254451638	0.0936501625	0.0278348652	-0.0282802916	-0.1033190725	-0.1094875203	0.0122946314	0.1264852695	-0.0894203734	0.0805285335	0.1131729182	0.0405873758	-0.0155930581	-0.0261896208	-0.0270318086	-0.0328765451	0.0826570083	0.0108665671	-0.0740646708	-0.0250765549	0.0899858888	-0.0534720851	-0.0365181026	0.0705653179	0.0432470212	-0.1466821916	0.002859505	0.0458868548	-0.0463792434	0.1131005456	0.0410793381	-0.0763694985	-0.0628950469	0.0472058933	0.0631473398	-0.1119943205	-0.1101291533	0.0880865551	0.0720501293	-0.0547518692	0.116520195	0.0536327471	0.2691990922	0.0507720897	0.0400951652	-0.0220529814	-0.0717838227	0.0709154882	-0.0233049942	0.0795135892	-0.0836024995	-0.0252433024	-0.0492786304	-0.0948425788	0.0480564584	-0.007876258	-0.179432779	-0.0041342601	-0.0828914588	0.1234951117	0.0867906744	-0.0037573613	0.0570395891	0.0055827449	0.0764900257	0.0707359177	-0.0396235978	0.1340197793	-0.2137230757	-0.0092638012	0.1149695738	-0.111691629	0.0067677643	-0.0277172834	-0.0709740245	0.0356496782	-0.0359530715	-0.0427183522	0.0285228106	-0.1200515733	-0.0346303166	0.0608354263	-0.0124049372	-0.010168326	-0.068423711	-0.1544996099	-0.0611838669	-0.0655889454	0.0796610553	-0.0387428291	-0.070234174	0.0892033189	-0.0410801036	0.0835851289	0.1139179344	0.0187853196	-0.0556708771	-0.1444422987	0.0452841265	0.0707550889	0.1379327338	0.1292964507	-0.0848801214	-0.0221624628	-0.00607998	0.0223935146	-0.0975386899	0.0375124967	0.0356522751	-0.1199900706	0.0325742852	0.0989596559	0.0776905084	0.0455000852	0.0639674383	0.0580566489	-0.0241353156	-0.0597621706	-0.0637731896	-0.0328892884	0.0228413998	0.0942307932	-0.0668256495	-0.0653995696	-0.0970252132	-0.0443170227	0.1351335082	0.0830027857	0.0128992127	-0.0637307152	-0.1081160967	-0.0978001546	0.0229221878139753	0.0046461680226599	2.1586877294787414e-05	0.0005254266941791	-0.0472124706292333	-0.0716973168384667	0.0051405052418354	0.0022290173829162	-0.0340794952791299	-0.0123908743489949	0.0011614119984802	0.0001535337671325	0.0003430357240064	-0.0006139532628901	3.7693860901340045e-07	1.1767350794459505e-07	-0.0001829320805721	-0.0003479972599657	1.21102092943635e-07	3.3464146102437294e-08	0.0003960313735082	0.0002606102580215	1.568408488027914e-07	6.79177065860849e-08	0.0	0.0	0.0	0.0
1168.9174957365344	1.7031565158879405	2.900742117611548	1366368.111838971	1517.2510949355856	7.893441569669903	62.30641981379287	2302050.885083233	1099.594430790251	-0.3084293345250444	0.0951286543955617	1209107.912224936	1127.8012856172486	1246.3331179605093	1.182646	25.58058	0.1315470992034912	0.0726310879159563	-0.0855485137	0.0173605042	0.096046266	-0.0042158206	-0.0499032689	0.0002404146	0.023178336	0.0833965576	-0.0934278917	-0.0188745888	0.0097059309	-0.0821512659	0.044912097	-0.0870679996	0.0011609608	-0.0751044234	-0.0348392368	-0.0784479236	0.091893043	0.0031866366	0.037205719	0.0964989357	0.0307832332	-0.0234826825	-0.0431442996	0.0161386877	-0.0401036311	0.1265450325	0.0415536482	0.1058992624	-0.1293633737	-0.0977857518	0.0952376406	-0.1702923057	-0.0279410614	0.0268395312	0.0932808187	-0.0517653174	0.0885553712	-0.1057238241	-0.0273630265	-0.1282817568	-0.0584716198	-0.0992200189	0.0485901865	0.0238977984	0.1103701419	-0.0894233362	-0.0544112634	-0.023056164	0.0449059362	0.0312087396	-0.0708995477	-0.1727654545	0.0714489776	-0.1407449364	0.0674619812	0.0089102358	0.1583204068	-0.0077610963	0.0060929804	0.1262336389	-0.0220554796	0.0640732941	-0.0309354789	0.1025891402	-0.0751714306	-0.0931052381	-0.1784373449	-0.0453026952	-0.0056036447	-0.1605765173	0.0572009901	-0.0172111224	-0.0094482222	0.1120039484	0.0224112111	-0.0428599239	-0.0410426675	0.0311230641	-0.0709697875	-0.0325412935	-0.0163006024	0.0064017618	-0.0106913655	-0.0344914216	0.0705818684	0.0555919627	0.0972821599	0.0751202643	-0.086401915	-0.1030222567	0.0682568483	0.0274260562	0.0495761732	0.0368453561	0.037644979	0.1447951431	-0.1550930654	0.1938893962	-0.0928650555	-0.1720428624	-0.0124675153	0.0736711655	0.0767146911	-0.0681717598	0.0980812806	-0.0563405008	-0.107973838	-0.0333792414	-0.0099017446	0.0687902361	0.1225508239	0.1800864365	0.0006715525	-0.0016636091	0.1423121825	0.1586071647	-0.0665434349	0.0644686868	0.0885603135	0.0204498279	0.0530885575	0.0272648839	0.0152188932	0.0563718548	-0.0777705201	-0.0047287279	-0.1022805108	-0.1028306425	-0.0854224879	-0.0202238406	-0.0094626278	-0.0104967435	-0.0902471797	0.0755210991	0.0937060275	0.131158078	0.0567091675	0.1433946136	-0.0128713559	-0.1538925664	-0.1638522943	0.0262608505	0.0517068666	-0.1204876603	-0.0553037358	-0.0973690116	-0.0375260935	0.0251073986	0.050010158	0.1258636527	0.0815548146	0.008610269	-0.0689150546	-0.1097766499	-0.0922356034	0.0158209325678058	-0.0071012552461694	5.042782607124983e-05	0.000250301907315	-0.0938733238613451	-0.0466608532321118	0.0021772352243486	0.0088122009327769	-0.0591117439590647	-0.0250322486799347	0.003494198273882	0.000626613473974	0.0011370065770731	0.0007939708530666	6.303897155194632e-07	1.2927839563074871e-06	-5.284934656679674e-05	0.0001300827340053	1.6921517686294482e-08	2.7930534325373903e-09	0.0002650301196747	-0.0001310012538335	7.024096433478579e-08	1.71613285059491e-08	0.0	0.0	0.0	0.0
1166.4074166018356	-2.510079134698799	6.300497262450271	1360506.2615037682	1521.144979677865	3.893884742279397	15.162338386156286	2313882.0491991723	1098.1844446784175	-1.4099861118334047	1.9880608355630824	1206009.0745336444	1126.774090820337	1234.4151209257293	1.537188	33.249298	0.2577881079475745	0.1450663302816457	0.1013366	0.0801315675	-0.0485726196	0.0648199035	-0.0006115518	0.0370176028	-0.0398742479	0.0008219054	0.0370325089	-0.036255092	0.0103430601	-0.104223784	0.0211968095	-0.0214987525	0.0593439161	-0.0210842102	0.1246182241	-0.0364778739	-0.0383523469	-0.0914920432	0.0647216751	0.1792219691	-0.0373054386	0.0770394819	-0.0456848449	-0.0982781369	-0.1496760718	0.1059088222	-0.1634787209	0.0137305018	-0.0549504148	-0.0868314463	0.0148321863	-0.0487674236	0.0032330554	0.0476947945	0.0565892469	0.0120711498	0.0389922131	-0.0761737271	-0.1458806763	0.0429848724	0.0550798118	-0.064022822	-0.1096252259	0.0401480899	0.0998539358	0.0128597283	0.1882361899	-0.0132534547	0.1547815626	0.1582949817	0.1572527457	-0.0124101295	-0.008301243	-0.0788443453	-0.0600140598	0.0704026805	-0.0638458621	-0.0363756289	-0.1767476965	0.0905757614	-0.0258080231	-0.0952337776	-0.0678430379	0.0307159995	0.0637192169	0.0140750509	0.1126876368	-0.013094823	0.0159811404	-0.0597040003	0.0089654866	0.053066821	-0.011681433	0.021726487	-0.0827768557	0.0999011016	-0.012099614	-0.0050198825	-0.2385301488	-0.0259340124	-0.0459155613	0.0841883172	-0.0017112338	0.0547447265	0.1325609605	-0.1264240046	0.1037589042	0.0428833542	-0.0939429141	0.0568504324	0.0702145323	-0.0852096812	0.0321484137	-0.0533238352	0.0935390334	-0.0189386228	-0.1672893473	0.0203734648	-0.1496313581	-0.032856823	0.0781402012	0.0230610771	-0.0831789702	0.1153379284	-0.1210831004	-0.1339100865	0.135504081	-0.0510741689	-0.1587403487	0.0172462426	0.1399014326	-0.1007186161	-0.0554727547	0.046687476	0.0473578547	-0.0890606973	0.016871054	0.155705305	-0.1364562498	0.091836437	0.0136467482	0.1220912671	-0.0042270173	-0.0622192213	0.0141723314	0.0137421817	0.0890220355	-0.0348196562	0.085577761	0.0891605836	0.0604606502	-0.1118377323	0.0438230945	0.0771225381	0.0030072208	-0.0450333572	-0.174100493	0.1429013879	-0.0486136742	0.0198139221	0.1112414668	-0.3694089157	-0.0898495641	0.1701227195	-0.1759756327	0.1016504685	0.0160387576	-0.2854987891	-0.0085472767	0.0363609828	0.080076174	0.0043083746	-0.0738662073	-0.1107769935	-0.0858045533	0.024473846736484	0.0086529141686781	7.487292361051191e-05	0.0005989691740809	0.0156356231539263	0.1095089470152714	0.0119922094763935	0.0002444727114115	0.0073188041624518	0.0664305481215165	5.35648943683218e-05	0.0044130177237251	0.000279003871907	-0.000858002705166	7.361686420723453e-07	7.784316053909767e-08	0.0002579958093127	0.0003108451558794	9.662471093374863e-08	6.656183762291507e-08	-3.0035992121871507e-05	-0.0002950661117965	9.021608227451271e-10	8.706401033074683e-08	0.0	1.0	0.0	0.0
1166.191956931335	-0.2154596705006497	0.0464228696122485	1360003.6804113367	1521.268708017309	0.1237283394441419	0.0153087019816048	2314258.481992653	1098.8127885138654	0.6283438354478221	0.3948159755452797	1207389.544201617	1126.9313639033855	1233.021515923206	1.500184	32.448902	0.1391284868783822	0.084407145390132	0.045988654	-0.140007449	-0.0093818275	-0.0134685722	0.0424402025	-0.0677596934	-0.0621309455	-0.1355618791	0.0877427217	-0.0879375963	0.0129726443	-0.0384917456	-0.2057854555	0.1753296856	0.0527712898	-0.0331514493	0.0131315336	0.1254175247	0.0050174565	0.1271790483	0.0626752764	-0.052946101	-0.0013192282	-0.0329286761	-0.1111530862	0.0043143883	-0.0326575367	-0.2271512594	-0.0780452075	0.0897852106	0.0745091046	0.0444262433	0.1154466498	0.0115588734	-0.0420810208	0.0387019202	0.0501317998	-0.1061306212	-0.0846459418	-0.1747440897	0.0331490559	-0.0190006692	-0.0123981848	0.012240797	-0.0542938251	0.0544782558	0.0859301149	-0.0374833991	0.0603683743	0.0133216856	-0.1016573709	-0.1214160533	0.1670599744	0.0163456133	-0.1053852792	-0.0482933395	-0.0974408264	-0.0012461541	0.0398122721	0.0183773315	0.0929324708	0.031306605	-0.05226423	-0.0037462061	-0.0689280181	0.0096465456	0.0146600809	0.0540803925	-0.0310469636	-0.0233431572	0.0179214278	0.0172110163	-0.0152980231	0.0671775968	-0.055409847	-0.1250182128	0.0186744064	-0.038909965	-0.2038521826	-0.0618052442	0.0572266196	-0.0313524548	0.0719983892	-0.0432674546	-0.1276899336	-0.03212754	-0.0460093981	-0.0548241231	-0.0912974335	-0.112486468	0.1328509971	0.0138300251	0.0111593137	-0.1196390419	0.0848616717	-0.0477459604	0.1034232009	0.0886206257	-0.2075670259	-0.0547159841	0.0374188646	-0.0943149119	0.0585125934	-0.0460463438	-0.0362245103	0.0016969079	-0.0208033744	-0.0873420508	-0.014133098	-0.0713773688	-0.0174526364	-0.0735486138	-0.0141190966	0.1340007243	0.0360367385	0.0568859794	-0.0528551826	-0.0580698039	0.0377479739	-0.0841047242	-0.0742006653	-0.0568794853	-0.0151963469	0.0475900594	-0.0261421008	0.0179254831	-0.0309520825	-0.0309312055	0.0360710803	0.1982984248	0.1357888641	-0.092019634	-0.1019216141	0.2631412848	-0.0367000003	-0.0073355002	-0.0858439398	-0.220353272	0.0860899405	-0.0388871881	0.056296118	-0.085165028	-0.0244049012	-0.1523556246	0.0818896079	0.0269959027	-0.047915488	0.2187540185	-0.1158601583	-0.1416879181	0.0858682103	0.2054434016	0.0785674201	0.0	-0.0785674201	-0.1111111111	-0.0785674201	0.0157932647320393	-0.0086805820044447	7.535250393588917e-05	0.0002494272108962	-0.0276112171198406	-0.0432468402737669	0.0018702891936647	0.0007623793108389	0.0169565945637089	0.0096377904012571	0.000287526099198	9.28870038185635e-05	-0.0010990166465682	-0.0013780205184752	1.8989405493386592e-06	1.2078375894340118e-06	0.0002509247581758	-7.071051136899986e-06	4.999976418065458e-11	6.296323426558372e-08	0.0001361379222443	0.0001661739143661	1.8533533872995075e-08	2.7613769815775705e-08	0.0	0.0	1.0	0.0
1169.480258598028	3.288301666693087	10.812927851176534	1367684.0752505106	1530.2322697322604	8.963561714951311	80.34543861774088	2341610.7993299454	1100.8518568364111	2.039068322545745	4.157799624009519	1211874.8107001742	1128.9296589981689	1241.7230931093325	1.402922	30.345139	0.1858023898354078	0.1120519898205088	-0.0669395843	0.0426953636	0.126844192	-0.0584557893	0.0301440407	0.0271076139	-0.0833056284	0.1209091989	-0.1156006233	0.0511558056	-0.0307002813	-0.0677527774	0.0399378296	0.1388571132	-0.0408752661	-0.1510094127	0.0293666007	0.0217066853	0.1982213008	0.0013361404	-0.0007186821	-0.1116829239	0.0086841796	0.041181938	0.0931543533	0.0814344611	-0.0857588273	-0.0979755149	-0.070349435	0.0671546997	0.1478221306	-0.063315305	-0.0686768796	0.1524848697	0.01408329	0.0330213087	-0.0017893854	-0.0694662305	0.0963104617	-0.0264636452	-0.0369287952	0.113582843	0.0193880007	0.1413070934	-0.070333669	-0.0026971666	0.1039666372	0.079955699	-0.0687100982	0.2370035049	-0.0056771116	-0.0629437469	0.0485118395	-0.0951070792	0.0567504035	0.0762817962	-0.0176004048	0.0191183571	-0.0087668135	0.0322202496	-0.0408088193	-0.0402532583	0.2285500736	-0.0161533765	-0.2187274759	0.1386613431	0.0573296448	-0.0025130032	-0.0328031778	-0.0113514059	0.0243469228	-0.0713220819	0.0333741501	-0.0548720688	-0.1686517038	0.139979037	0.0415151513	-0.0818138028	-0.1209563248	-0.029239594	0.1007068266	0.0347242856	0.0038126098	-0.0109581269	0.0368815603	-0.1378199167	-0.064972754	-0.1092433558	-0.0061481899	-0.0437916268	-0.0183088028	0.1451029814	-0.1178634496	-0.0503924277	-0.0046758752	-0.0322146694	0.1091728874	-0.1252123967	-0.1238747878	-0.0088328605	-0.0282804385	0.006765995	0.0835231531	-0.0452053638	0.0330122494	0.019535184	-0.1229251988	0.2172235796	-0.0544304104	-0.0948695345	0.001334566	0.098335047	-0.0225092577	-0.0005781683	-0.0043275929	-0.1017156588	-0.0323710138	0.0364415888	-0.0435752155	-0.0361044132	-0.0213194333	0.0281080465	-0.2267850386	0.0316170321	0.1762580698	0.1318159903	-0.0450316011	0.0958158316	-0.105282044	0.0219570013	0.025855375	0.0371770812	-0.1347752217	0.0664916393	-0.0909419968	-0.0211354046	0.0090184709	-0.0787410177	0.0212480013	0.0766666261	-0.0028907202	-0.1945062153	-0.0099883528	-0.0007490497	0.0901203557	0.092139469	-0.1210248994	-0.0790046209	-0.0557432471	0.1217197552	-0.0054429234	0.0619622191	0.0770291202	-0.0043083746	-0.0830027857	-0.1107769935	-0.0705921926	0.0192321583955958	0.0034388936635565	1.1825989629249043e-05	0.0003698759165532	-0.0790171902055618	-0.0514059730857212	0.0026425740688898	0.0062437163479819	-0.0648958682660634	-0.0818524628297723	0.0042114737180062	0.0066998256712992	-0.0003580006695068	0.0007410159770613	5.491046782602611e-07	1.2816447936731705e-07	9.975660800742858e-06	-0.000240949097375	5.8056467525854776e-08	9.951380841147764e-11	0.0001360017915536	-1.3613069070001556e-07	1.8496487305788865e-08	1.8531564950463303e-14	0.0	0.0	0.0	0.0
1168.7841913582647	-0.6960672397633516	0.4845096022717712	1366056.4859689928	1536.1175306620048	5.885260929744391	34.63629621117581	2359657.0680071358	1100.823437241067	-0.0284195953440757	0.000807673399521	1211812.2399792376	1129.0388213391748	1239.9053770875153	1.058132	22.887354	0.1988745397784405	0.1052733050771589	0.0169570073	0.0608533958	0.073022241	0.0555776169	0.024227785	0.0517369329	-0.1606456499	0.0910076045	-0.0182192309	-0.0043249715	0.0529918283	-0.0320515693	0.0341161607	0.0357789727	-0.0790384999	-0.0303263635	0.0920031644	-0.0776730875	-0.0526136461	-0.0761375661	0.0624325402	0.0180542589	-0.0322091894	-0.0283469323	0.1207291265	0.0891869116	-0.0331615882	-0.1557037128	-0.0590529827	0.0075157924	0.0224872322	-0.1692411374	0.0529778751	0.0234321417	0.1076790868	0.0762402447	0.1303964602	0.109561793	-0.0234125984	-0.0318849809	-0.0992773275	-0.0674153217	-0.0275454463	0.0480921185	0.0086699092	-0.0151493392	0.0118304235	0.1430596027	-0.0029241959	0.0284580011	-0.0374677932	-0.0240912882	-0.1392535347	-0.0363439395	0.1052433102	-0.1339743263	0.0939813034	0.043358542	0.1045201765	0.0026473435	0.0616302901	-0.0279605381	0.1778320735	-0.0010479768	-0.0014229039	-0.110594968	-0.0717432971	-0.0283793	0.0873151807	0.1466755108	-0.0276783512	0.1192076378	-0.0281027389	-0.0846397679	-0.0597918907	0.0524367589	-0.1003936047	0.0951171341	0.0156686332	-0.0395512464	-0.0446419013	0.0543422989	-0.004893199	-0.0749254728	-0.0208704931	-0.1905881201	-0.0514494619	-0.0262265326	-0.0024411761	0.0384679801	-0.0761361082	0.1071416366	0.0286965846	-0.1340035004	-0.1327131324	0.0059724561	0.1394705799	0.0769185072	0.0516099869	0.0463270934	-0.1066598553	-0.0516405314	0.0043417161	-0.0258227854	0.0240155795	0.1105311079	-0.0781695143	0.0068217934	-0.1284636974	0.0779027083	0.0088702977	0.0628484808	-0.0252604662	0.094043215	-0.0316937456	0.0118831106	0.0923806704	0.0829427108	-0.0310506085	-0.0532386228	0.0883670015	-0.0547784643	-0.1546356736	-0.0437933484	-0.0735014502	-0.0465004889	-0.0484950553	0.0973842209	-0.002848616	-0.0250643016	0.0741619658	0.0873955289	-0.0644058656	0.0106249177	-0.0504060521	-0.0862824346	-0.0313618441	-0.1222912204	0.0102430852	-0.0915419335	-0.0440529494	-0.0972276601	-0.0562032739	-0.0983309047	0.0044207054	0.0629419861	-0.0096593536	-0.046123339	0.0138387209	0.0281375151	0.0302727404	0.0490681676	0.0754618528	-0.008610269	-0.0871572961	-0.1097766499	-0.0619537931	0.0156893514310212	-0.0035428069645746	1.255148118823829e-05	0.000246155748326	0.0084860542326907	0.0875032444382525	0.0076568177872205	7.201311644016775e-05	-0.0115189002931828	0.0533769679728806	0.0001326850639642	0.0028491007099779	0.0002480148898063	0.0006060155593131	3.672548581295695e-07	6.151138556563114e-08	0.0001329722246119	0.0001229965638111	1.5128154709352047e-08	1.7681612518237582e-08	-0.0002240164933768	-0.0003600182849304	5.018338930483788e-08	1.296131654842267e-07	0.0	0.0	0.0	0.0
1163.6788636913614	-5.105327666903349	26.0643705864488	1354148.497802018	1530.606105810626	-5.511424851378706	30.375803892394792	2342755.0511447694	1097.8908581876276	-2.93257905343944	8.600019904671763	1205364.3364919657	1125.8965201141468	1223.1371302656207	1.143944	24.743446	0.1585367831590831	0.0913963898502029	-0.0591732133	0.0777250641	-0.0824027573	0.0554911191	0.0864972877	0.050942049	-0.0990922838	0.0457091928	0.0957302528	0.0190445516	0.0677200132	-0.0360868764	-0.1126947765	0.1799634797	0.0129434043	0.1216117929	0.0920994488	0.0027981494	0.0531728107	0.0032555527	0.0037858705	-0.1103335179	0.0149214475	0.1234977156	-0.1474058715	-0.0067725882	0.0526463267	0.0509326517	-0.0321656696	0.0746181293	-0.021451983	0.1132305637	-0.0274811711	0.1592483793	-0.3011805021	0.0468414352	-0.0507714995	0.1186010653	0.0229902287	-0.118462444	-0.0426152921	0.0181263892	-0.1025409193	0.0875694441	0.0821170038	-0.0085895685	-0.0675246096	0.1468435538	0.0168216238	0.0344499685	-0.001012448	0.0498028952	0.0646566679	0.0595623061	0.0727702726	-0.0756609435	-0.0571511233	0.037833242	0.0796422191	-0.0166832995	0.0404174261	0.0545958773	0.0070422634	-0.0955628309	0.0401002092	0.1381073809	0.0346824352	-0.1166878393	0.0079296508	-0.007143417	-0.1773161036	0.0859909279	-0.1241930415	0.0302999705	0.0156992165	0.0450529195	-0.027382455	0.0060569826	-0.0751153214	-0.0798007775	0.0749122682	-0.0784839997	-0.004575577	0.0774478806	-0.0523838612	0.1386070773	-0.0676884584	-0.0060474878	0.0840816635	-0.109996609	0.0304255799	-0.0397425412	0.0234818052	-0.045508694	0.2190961522	-0.1213436438	0.0696790778	-0.1324708695	0.1701066984	-0.099650259	-0.0430484625	-0.0991237588	-0.0920499586	0.0045853188	0.1307598031	0.112022719	-0.0623344106	-0.0069993938	0.0119867788	0.0799262826	-0.0156703586	0.0468379483	0.0749148805	0.0444863672	-0.1596106035	-0.0547943678	-0.0544494439	-0.0384708703	0.0469966296	-0.1022093821	0.0175984389	0.0079738712	-0.0187180822	0.0768707166	-0.0249577351	0.039946149	-0.0819860478	0.053922003	0.1419483069	0.0484903163	0.0097971725	0.0704155421	-0.1088167254	-0.0114489142	-0.0971539961	-0.0685275462	-0.1513553714	-0.0644912766	-0.0177175092	0.0280319296	-0.0193540603	0.0001377713	-0.1029584152	0.0351326321	-0.0785058848	0.0484239102	-0.0757884663	0.0479685939	0.0046918535	0.1666817975	0.1112801629	0.0386267276	0.0738662073	-0.0128992127	-0.0910168938	-0.1081160967	-0.0527333744	0.0272830472102612	0.01159369577924	0.0001344137818215	0.0007443646650773	0.0703621464516288	0.0618760922189381	0.0038286507882865	0.0049508316532804	0.0477956221619564	0.0593145224551392	0.0022844214978484	0.0035182125740812	-5.79775440845173e-05	-0.0003059924338908	9.36313695984262e-08	3.3613956180721463e-09	0.0002790046616183	0.0001460324370064	2.132547265802818e-08	7.784360120474209e-08	-0.0001609919101587	6.302458321809999e-05	2.5918395136546937e-08	3.972098089815211e-09	0.0	0.0	0.0	0.0
1165.1087091043855	1.429845413024168	2.044457905146253	1357478.3040308875	1524.7727577543335	-5.833348056292607	34.027949545852735	2324931.962789756	1096.9033595277429	-0.98749865988475	0.975153603274177	1203196.9801432488	1124.798268045643	1226.962975136256	1.290784	27.91959	0.1851995265056341	0.1085355871025598	0.0632486762	0.0092462889	0.000933285	-0.0914126596	0.095228833	0.0293226288	-0.0075351772	-0.1352069148	-0.0798526489	0.0688695672	0.0819656949	-0.0176018308	-0.0137111241	-0.00866124	0.1209557279	-0.0145573494	0.1304258123	0.0805219313	0.0604141725	0.1685640094	0.1056041685	-0.0400870792	0.0600822147	0.0224159469	-0.0644594512	0.1082149095	0.0353043478	0.0893729622	-0.0450560786	-0.0386163934	0.0666278051	-0.0250334343	0.0286104471	0.002806143	-0.0315088712	-0.0513760419	-0.050258734	-0.1170969652	-0.1012945913	0.0268212155	0.0544626228	0.0005473492	-0.0834985876	0.0193432926	-0.069561361	-0.2008533517	-0.0866517922	-3.49511e-05	-0.0023740054	0.0821299793	-0.0225930525	0.1084902489	-0.2157793414	-0.020985386	0.1153525175	-0.0637251543	-0.1192738294	-0.049859745	-0.0744819532	0.1138015168	-0.0267582017	-0.1127897366	-0.0095197576	-0.0745597219	0.0543058903	-0.0583181742	-0.0064382916	-0.0566259235	-0.0496263787	0.0277843383	-0.0480945267	0.1755713332	-0.0099666127	0.1345680675	-0.1013650648	-0.0356735306	-0.046084523	-0.1367350542	-0.0715794706	-0.121215139	-0.0225419783	-0.0439648882	0.1182771412	0.0242977058	-0.0169484776	0.012557089	-0.0607506113	-0.0260784106	0.1741804676	0.113205647	-0.0100790238	-0.0167767488	-0.0828905413	0.0726359839	-0.0446227078	-0.0877059799	-0.0733607317	0.0781244212	0.0856023849	-0.0175428188	0.1095554264	-0.0187184994	-0.1551277572	-0.1278241113	-0.0143961743	-0.0868072378	0.0331867289	0.121873058	0.016009591	-0.0734095929	-0.0015493997	0.0810125589	-0.076575959	-0.0019380074	-0.0699337523	-0.0360495547	-0.0179070243	0.0754202033	0.1853445898	-0.0362775047	-0.0132141493	0.0833072544	-0.1116063091	-0.0202216736	-0.0129354465	-0.0332603659	0.0757155125	-0.01446814	-0.0138758475	0.1306895663	0.077565227	0.0449859658	-0.0188257957	0.0490115816	0.0348784682	-0.118387844	-0.025323881	-0.0438774605	-0.0953806786	-0.0886519712	-0.0318359785	-0.0183654104	0.080788826	0.027001969	-0.1196853936	0.0962202162	0.1533969467	-0.0674187324	0.041078968	0.0884820166	0.0421332654	0.1149650338	0.0722427837	-0.0171687548	-0.0945685192	-0.1058053206	-0.0430175569	0.0347975503516693	0.0075145031414081	5.6467757462232246e-05	0.0012108695104769	-0.0225781549807777	-0.0929403014324065	0.0086378996303465	0.000509773082336	-0.0088452358886996	-0.056640858050656	7.82381979267394e-05	0.0032081868007145	-0.0004709976605129	-0.0004130201164283	1.705856165745148e-07	2.21838796208625e-07	0.0002740039875288	-5.000674089499998e-06	2.500674134939664e-11	7.507818518168277e-08	-1.6935423053311363e-05	0.0001440564871053	2.8680855399462994e-10	2.0752271477145005e-08	0.0	0.0	0.0	0.0
1170.5031886681977	5.394479563812183	29.100409764387283	1370077.7146824184	1514.5626173467651	-10.21014040756836	104.2469671422602	2293899.921864284	1101.2422200835315	4.338860555788642	18.825710922578526	1212734.4272945053	1129.0720472416538	1244.5031992081376	1.223537	26.465046	0.1115576537473477	0.0544324618572943	0.1418147584	-0.0946722687	0.105844834	0.0046109974	-0.006820387	-0.0883009071	-0.0085699739	-0.0880425216	-0.0732513655	-0.04628048	-0.0405905042	0.2045808798	0.1189269172	-0.0251114199	-0.1006375859	-0.0480100175	0.0378114408	0.1201469501	-0.0231144174	0.146377726	-0.0770653433	-0.066873604	-0.0422570268	-0.1113371099	0.0060404505	-0.0782506904	-0.1624105164	0.2011229348	-0.1069418829	0.0506602263	-0.00279637	0.1207017223	-0.050885006	0.0300322535	0.1733362346	-0.0393102812	-0.061950636	-0.0662791891	0.0594881365	0.0459068836	-0.0035752493	0.0308413064	-0.0439995191	0.0723830303	0.0142075127	0.0001567752	0.0068036101	0.025822736	-0.0123144065	-0.0074890082	0.0247260811	-0.0751501114	0.0950806741	-0.0503496792	-0.0884672727	-0.0313781145	0.0918283537	-0.1446885	-0.0298926933	-0.0832795023	0.017651231	-0.0541946925	-0.0232692974	0.0467628626	-0.0242250048	-0.0969437573	-0.088902777	0.0122405868	-0.0651439271	0.003051824	0.1392778341	-0.0412590905	0.0296398366	-0.0884301518	-0.0811982369	-0.1549253344	-0.0261215841	-0.1190566685	0.034473784	0.0055235928	0.099423719	-0.0511788574	-0.0100623168	0.0134858575	-0.002560334	0.0138434355	0.2035209784	-0.1287687336	0.1342046962	-0.1226664873	0.0370180723	-0.0402405965	-0.0776813754	0.1110039546	-0.1023804969	0.1006938499	-0.0842353362	-0.0875455907	-0.0594314656	-0.0261879837	0.0688187446	-0.0064677379	0.0564414675	-0.0226461239	0.0224508665	0.0080051891	-0.0611506356	0.075724543	0.0089864964	-0.0381667733	-0.0276472466	-0.0690676797	0.0017217622	-0.1010889961	0.0515023489	0.1163459066	-0.0339399797	0.0128401445	-0.0570347693	-0.0462371638	0.0629817259	-0.0123168526	0.041730396	-0.1098539408	-0.0308285337	0.018677993	-0.1020606518	-0.1720669117	-0.0594041383	-0.0224250971	0.1215979628	-0.0088281377	0.0733420216	0.1192738381	0.0838673514	0.0457624815	-0.0157550509	-0.0567432172	-0.0779947301	-0.0172579721	-0.0915339368	-0.0360938426	-0.0019633675	0.0116627892	0.0606720317	-0.0079830566	0.0144463112	-0.0923546051	-0.0391386914	0.0606054829	0.0485288856	-0.0270251739	0.0705921926	-0.0214124734	-0.0978001546	-0.1028582188	-0.0328976148	0.0196794626119611	-0.0151180877397082	0.0002285565769055	0.0003872812486955	-0.0509467673363417	-0.028368612355564	0.0008047781669802	0.0025955731020233	-0.0340125300627391	-0.0251672941740394	0.0011568522012687	0.0006333926960426	3.6003504803429025e-05	0.0005070011653163	2.570501816321156e-07	1.296252358130537e-09	4.899742618169611e-05	-0.0002250065613471	5.062795264924803e-08	2.4007477724307598e-09	-0.0001430008859506	-0.0001260654628972	2.0449253382656512e-08	1.5892500935507658e-08	0.0	0.0	0.0	0.0
1165.147223655843	-5.355965012354773	28.68636121356846	1357568.0527929189	1529.0267850606908	14.46416771392569	209.21214765657032	2337922.909433032	1098.6526358138624	-2.5895842696691034	6.705946689717663	1207037.6141807474	1127.2843538873958	1246.8754374568675	1.450507	31.374405	0.2002766931192369	0.118960748009988	0.0070949312	0.0803748002	-0.0426610302	0.1435714395	-0.1075129426	0.0951859991	0.0274536214	0.1261915278	0.1480797685	0.0438465856	0.0746341242	0.1350452856	0.0696040716	-0.0812336178	-0.0334186548	0.0841298292	0.0563126822	-0.0817077145	-0.0548674625	-0.1295515422	-0.1116660273	-0.0790452377	0.0146170271	0.0343222735	0.0442504046	-0.1361246189	-0.0634956755	0.0208764741	-0.0549848752	0.0368837658	0.0154039733	0.0528827655	0.055267082	-0.0417190699	-0.0593320142	-0.0094456696	0.0310973194	-0.0790149866	-0.0115744034	0.0410230712	0.1571729519	-0.0048177148	0.0126642185	0.0035123215	0.0157214663	0.0619423015	-0.1519358106	-0.076131366	0.051104739	-0.0265344692	-0.037141625	-0.0421238276	-0.035458015	-0.058672243	0.1089171066	-0.0905477157	0.0113591279	-0.0448686738	-0.0300567192	0.0859887769	0.0024502677	-0.1753496821	-0.0568490561	-0.0542118425	0.0493664379	0.1448800423	0.09135209	-0.015658469	-0.010837724	0.0291978825	0.054812551	-0.1381770779	-0.0717714953	-0.0407033966	0.0944014212	0.0896274398	-0.1082160258	0.1145531788	0.0064944651	0.0751787829	0.0880967935	0.0364305794	-0.1279378626	-0.0443102555	0.0515128729	0.0588067253	0.0619212206	-0.1266645173	0.018964418	-0.0431358904	0.0235988098	-0.0161662432	-0.0623816892	0.0149870549	0.0947405111	-0.0053337515	-0.1365720533	0.0866351027	0.0008564597	-0.0152501521	0.0825474194	0.0609731316	-0.0531748547	0.0005222055	-0.0476485298	0.0407989068	0.1380565947	0.0216527944	-0.0554505387	-0.1114713765	-0.0261338518	-0.0526837624	0.0271717572	0.0230841717	-0.0160021552	0.024504539	0.1141797104	-0.0124640763	0.1447497506	-0.0661676594	0.1028273469	0.1127267519	0.0361854105	0.0226761565	0.0510390646	0.0311816667	0.0587731955	0.0450741903	0.1055899621	-0.0056272646	0.018027731	0.0467447375	-0.0262529708	-0.0764216997	-0.0527839407	0.000999059	-0.0641563279	-0.1306150454	-0.047042	-0.0798783501	-0.1507330878	0.0749450711	-0.0090679618	-0.1258258202	0.0117220702	0.1121478492	-0.0563674375	-0.0283006304	0.0892292832	0.0159764992	0.049829477	-0.0335156547	0.0689150546	-0.0256239856	-0.1007008652	-0.0992925156	-0.0224686191	0.0357843795187875	0.0161049169068263	0.0002593683485757	0.0012805218175446	0.0553056730779957	0.1062524404143374	0.0112895810940023	0.0030587174746101	0.0180079565161577	0.0520204865788967	0.0003242864978878	0.0027061310239051	0.0002940170785278	0.0002580135737243	6.657100422602142e-08	8.644604246602253e-08	9.59476201054521e-05	4.695019392375599e-05	2.204320709478294e-09	9.205945803900156e-09	-0.000356014102686	-0.0002130132167354	1.2674604131131778e-07	4.53746305039625e-08	0.0	0.0	0.0	0.0
1161.879480975863	-3.267742679979847	10.678142222561872	1349963.928312741	1514.3316862579295	-14.695098802761322	215.94592882291724	2293200.4560047844	1096.8131304946105	-1.8395053192518844	3.3837798195559774	1202999.0432253876	1125.4376287625616	1224.6335091045794	1.317952	28.507235	0.2508308401469747	0.1404485326447329	0.0041981634	0.0143444831	-0.0782791033	-0.1130833134	-0.0489801014	0.0731244925	0.1273832627	-0.0290178432	-0.0458996104	0.0829754189	0.1887980783	0.0124745767	-0.0521044601	-0.0292047056	0.1055649189	-0.051875505	0.0380980299	-0.0363382877	0.0288464701	0.0533852251	-0.0050692783	0.0335799057	-0.0537088356	-0.0038631184	-0.0310333865	0.102405408	0.0853802085	-0.1396057904	-0.0108733421	0.0045511807	-0.022989123	0.101099406	-0.0744302143	-0.0785403795	-0.0808697253	0.0629912418	-0.0576511515	-0.0135367431	0.0197450125	-0.080359699	-0.0715808349	-0.0761575034	-0.0185275559	-0.1280476681	0.1272515996	0.0723946357	-0.0126167303	0.0403332309	0.0657027118	0.0871556098	-0.1231173567	-0.0086279297	0.0217871792	-0.0087218017	-0.1126459469	-0.00116921	0.1204451908	-0.0032280032	-0.0785920589	-0.0019107914	0.1227525167	-0.1358778245	0.0030338005	-0.0026276641	-0.0052254269	0.1249321677	-0.1741890237	-0.101558047	0.1126101148	-0.0045081149	-0.0224965752	-0.050917602	0.0887178634	0.0911848799	0.0349964864	0.0350992205	-0.0659674942	-0.0435930765	-0.0746009278	0.0345089768	-0.0175395252	0.0360140796	0.0410623796	-0.0041167908	-0.0705301813	-0.079413547	-0.0841353868	-0.0496264416	-0.0856851153	0.069325679	0.1568587756	-0.1525494334	0.0470179056	-0.0014334485	0.0295348797	-0.0454799964	-0.0080691109	-0.1140785924	0.0460130396	-0.0333851858	-0.056858183	-0.0842779846	-0.0526720251	0.1367311917	-0.0865861966	-0.0250747694	0.0679763612	-0.0863712631	-0.0673135729	0.0154950776	0.0023698499	0.0694243148	-0.0212388305	0.0035277432	0.1139306322	0.0876150927	-0.0354745464	-0.0495329899	0.0085411959	-0.1782046379	0.0717054803	-0.0352189108	0.0240313646	-0.0212530437	0.0608712769	-0.0758203509	-0.1295952938	0.1283058863	-0.0581174585	0.1484694567	-0.044408302	0.0472450393	0.0159178244	0.0546184827	-0.0358557594	-0.0670799328	-0.0430824285	-0.083200882	0.0514301256	-0.0141843844	-0.0460806996	0.0212222577	-0.0452886885	-0.1156929385	0.097946718	-0.1086818328	0.0497132623	-0.0419351307	0.0413674004	0.0958334019	-0.0130587399	0.0208040669	0.0672120005	-0.029796957	-0.103260836	-0.0951296555	-0.0118285441	0.0235902987703298	-0.0121940807484576	0.0001486956052999	0.0005565021960734	-0.0735657339100868	-0.1288714069880825	0.016607839539088	0.0054119172057296	-0.029511113832001	-0.0475190703481587	0.0008709058396053	0.0022580620467532	-0.0005340058951669	-0.0008280229736947	6.85622044966214e-07	2.8516229607300213e-07	-9.296577527906358e-05	-0.0001889133953845	3.5688270955706356e-08	8.642635373237348e-09	-0.0001280248305197	0.0002279892721663	1.639035722959791e-08	5.197910822291921e-08	0.0	0.0	0.0	0.0
1169.737099785911	7.857618810047825	61.7421733640174	1368284.882615554	1519.112954336009	4.781268078079393	22.86052443446101	2307704.168031477	1100.815916918557	4.002786423946418	16.02229915572975	1211795.6829412433	1128.5240042354733	1232.6796435444087	1.356148	29.333418	0.1077095857162337	0.0614114555838	0.1682563623	-0.0654457813	0.078505055	-0.1231245584	-0.025695987	-0.1317973721	-0.0511410505	-0.1034726588	-0.1880057908	-0.107814828	-0.0151036095	0.010269773	0.0277006503	0.0136917264	-0.0531434534	-0.1395105923	0.0367717183	0.1255333086	-0.0950666773	-0.000680387	-0.0821020812	-0.0650101294	-0.0741994969	-0.0332579531	-0.1406923853	-0.0421434768	0.0120574315	0.0503869828	-0.0189831247	0.1093311506	-0.0723980079	0.131006324	0.030779432	-0.1084052002	-0.0460366551	-0.1034300146	-0.0383236763	0.0411928777	-0.0436640103	-0.1275035204	-0.086280027	0.0431377741	0.0505277649	0.016792644	-0.1211031788	0.0582934785	0.0771273816	0.0482315651	0.0909963478	-0.0789735899	0.045937237	-0.1827921644	-0.0992519851	-0.068600244	0.0108517666	0.0346918079	-0.0409847709	-0.0109270124	0.0935856839	0.1000934841	0.0081067026	-0.029492945	-0.0748809663	-0.0123536478	-0.0657867464	-0.0509265064	0.1220396618	0.0348027116	0.070107022	0.0226266763	-0.0010693814	0.0810615584	0.0882685751	-0.0457594944	-0.1460622084	-0.141383046	0.0081533583	0.0506936341	0.0264262675	0.0239590583	0.0601012594	-0.0689706944	-0.0343355458	0.077408973	-0.1149348373	0.0670179296	0.0619167599	0.0014954843	0.0650938871	-0.070113383	0.0770552756	-0.0931767195	0.1294430131	0.0619868493	-0.0052023344	-0.1648023479	0.0488166094	0.0393887158	-0.0483660116	0.0108226049	-0.0560698708	0.009337566	0.052732912	-0.0290305175	0.046182413	0.1110557241	-0.0403269904	-0.0378942109	-0.1420082705	-0.1300306559	0.0072817143	-0.1749728591	-0.0603139332	0.0239119137	0.0966952798	-0.1165580549	-0.0002863367	-0.0312919267	0.080770034	-0.0513559998	0.0321456479	-0.0065665922	0.0473070247	0.0990390021	-0.0489273192	0.1019990489	0.0648487469	0.0060355342	-0.1368224532	-0.0051412767	0.0499803478	0.0467631306	0.117641586	0.1813790455	0.0830787255	0.0119524885	0.0172471478	-0.0719634429	-0.1211273033	-0.0365861122	-0.08437103	-0.0853566162	0.0623479014	0.0034309877	0.1132111242	-0.0269960235	0.0098373109	0.0259845642	-0.0702800684	0.0506845602	-0.0175017551	-0.1283786034	0.0654836707	-0.0339251109	-0.1054714048	-0.0903946745	-0.0010773469	0.0139799838923124	-0.0096103148780173	9.235815205464256e-05	0.0001954399496293	-0.0557526279785065	0.0178131059315803	0.0003173067429297	0.0031083555265097	-0.0756499602047	-0.0461388463726989	0.0057229164789726	0.0021287931446035	-6.001105484260973e-06	0.0005280047896826	2.787890579278079e-07	3.6013267033227134e-11	-1.0999396629962632e-05	8.196637864910095e-05	6.7184872288477915e-09	1.2098672622323332e-10	-0.0002010000328667	-7.297520234700002e-05	4.040101321241448e-08	5.325380157585597e-09	0.0	0.0	0.0	0.0
1168.8718184633642	-0.8652813225467071	0.7487117671481786	1366261.327997852	1528.4659013732712	9.352947037262313	87.47761828183384	2336208.0116608064	1100.47290343102	-0.3430134875368367	0.1176582526321836	1211040.6111858992	1128.1231727646225	1245.0082849966118	1.270764	27.486559	0.153205503598821	0.0949925328198483	0.1028396134	0.0128732578	0.0092736327	0.1017055578	-0.0633362036	-0.0281150428	-0.1150762325	0.0576189519	-0.0074435212	-0.145678454	0.067853847	0.0743899117	0.1400650966	-0.0085705284	-0.1052264612	0.0654780515	0.0139209155	-0.0032345276	-0.0325022368	0.0634448095	-0.1754887822	-0.1139063773	-0.1654763098	-0.0888815377	0.0433192023	-0.0440286122	0.0608120888	-0.1230318177	0.0059831804	-0.052074617	-0.049003846	0.0296367231	0.1595296113	0.0070392566	0.0646635974	-0.0026396491	0.0123359872	0.0659461522	-0.1585317425	-0.1354741425	0.0732696022	0.0766068421	-0.001595773	-0.1106889796	-0.0544927121	-0.1834447775	-0.0046075538	-0.0622804274	-0.00589954	0.0361492044	0.0455697933	0.1681357177	-0.1990120606	-0.0751878662	0.0522811545	-0.0339712227	0.1337432056	0.0296293823	-0.0010633098	-0.0798146034	-0.0421952507	-0.0189896941	0.0678809814	-0.0051166654	-0.0447001819	-0.0569570818	-0.0061521607	0.0759737324	-0.0056337381	-0.1034905922	-0.0671182969	-0.0829568742	-0.0947074305	-0.0907814755	0.0129097375	-0.0214880305	-0.0910904811	-0.0294801608	-0.0110527486	0.1420864554	0.1719120101	0.0811058855	-0.0856309287	-0.0527618628	-0.1877115459	-0.0383543125	0.0455169171	0.1301824427	0.0192438858	-0.0564105202	-0.0349922967	0.084644252	0.1472389407	-0.0333071428	-0.13668061	-0.0921609184	0.0051550844	0.056528896	0.0367034749	-0.0156228285	0.0102044794	0.0822893662	-0.16394641	-0.1476691319	0.0239487183	-0.0316042091	0.046547664	-0.0966838392	-0.0154616776	-0.0626097776	0.0088998113	0.1836324823	-0.0697419698	-0.0403742237	0.1058553571	0.0280745399	0.2082762991	0.1314588091	-0.0645054316	0.044443438	-0.0204769662	0.0308227212	-0.1015624013	-0.0250564445	0.0278587944	-0.0972734221	0.1364806983	-0.0029578015	0.0213090869	-0.0387030626	0.0856911976	0.0469693782	0.0431857835	0.0124735148	0.0319902844	0.0045192354	0.0168024183	-0.1130810432	-0.0221092298	-0.0042806583	-0.0775504699	-0.0102295739	-0.0426507495	0.0026672397	0.0575745105	-0.0174682687	0.0445763013	-0.0711252767	-0.000314675	0.0661497576	-0.0308104774	-0.0648546281	0.0637307152	-0.0380022381	-0.1073250918	-0.0851160492	0.0096839714	0.0178725254299791	0.0038925415376667	1.515187962246064e-05	0.0003194271652452	0.0153684835911747	0.0711211115696811	0.005058212510907	0.0002361902878922	-0.0119081030275935	0.0637418571771065	0.0001418029177157	0.0040630243563866	0.0001280108724287	0.0001340119779129	1.7959210224143936e-08	1.6386783459956903e-08	8.298323086330939e-05	9.398262749327202e-05	8.83273427053913e-09	6.886216604513303e-09	-0.0002620052937478	-6.10052608811e-05	6.864677395187097e-08	3.7216418551710693e-09	0.0	0.0	0.0	0.0
1162.3498082915098	-6.52201017185439	42.53661668177213	1351057.0768353096	1523.866389541997	-4.599511831274185	21.15550908603121	2322168.7731757616	1096.084127352763	-4.388776078257024	19.261355465081103	1201400.414234668	1124.3923465309006	1234.020042833288	1.242714	26.879848	0.0798252000260853	0.0416484411753207	-0.0328697964	0.0695106149	-0.0794784143	0.0590690403	-0.0347753377	0.1693376931	0.0254683427	0.1041251738	0.0683923315	0.0044852757	0.1051466174	-0.0279941832	-0.0318157181	0.0770526023	0.0795035946	0.1203583677	0.0508891352	-0.0949347176	0.081900707	0.1107765138	-0.0327651667	-0.0405512861	-0.0316938552	-0.0711560925	0.0208009527	-0.0894029748	0.0190655589	-0.0236909928	-0.0517298473	0.0292206841	0.1657635998	-0.0310126131	0.0564488033	0.0082791259	-0.1595818094	0.0213318517	-0.1233983411	-0.1330814043	0.0109542005	0.034054446	0.0165717725	-0.0170865209	0.0939476235	0.0964091321	0.0330249938	-0.0710915564	-0.1284252746	0.1315371995	-0.0143067356	-0.0739645597	0.0679332032	0.0697905241	-0.0003546389	0.0471384288	-0.0200625572	-0.1628058116	0.1482051511	-0.0330083117	-0.103178767	-0.0073728377	0.0150035439	0.0276186977	-0.034428662	0.033087155	0.1444321694	-0.0997541663	0.0057703788	0.0629985271	-0.0914586239	-0.0609457622	-0.0086043737	-0.1747561758	-0.0659472416	0.0743481293	0.1029590304	0.0919333756	-0.0833827989	-0.1128858017	-0.0792339594	0.0110277946	0.0817835114	-0.0601380751	-0.054298628	-0.11341078	-0.0648704143	-0.0528443418	0.0396822582	-0.0109654712	0.0646961232	0.0537273476	0.0606679505	0.0467083633	-0.165818998	0.113096726	0.084900247	-0.1396389709	-0.0030902324	0.0162522317	0.0453409068	-0.1017839502	0.036114967	0.1227211127	0.0078706062	0.0598531327	0.0713223826	0.1091741072	-0.0472138378	0.0418147904	0.1204221718	0.0488677246	0.0653385593	0.0036428122	0.0588643794	-0.0264089081	-0.0413285983	0.1530233201	0.0876734274	0.1239609935	0.0015348112	0.0465452059	0.0212997982	0.0069092964	0.0724697345	-0.074455194	-0.1001531346	-0.0297225572	0.1149388946	-0.0669713308	0.0684551197	0.0502685918	-0.0053347573	0.0756423208	-0.0492844666	-0.093419115	-0.0604110752	-0.0841265827	-0.0358666673	-0.0704494761	-0.0466273854	0.0527513141	-0.1325138061	0.1531756444	-0.0573761858	-0.0464374201	-0.024587065	-0.030792514	0.0201960691	-0.0723426383	0.0680641463	0.0484722246	0.0439957747	-0.0469696133	0.0619537931	-0.0420222065	-0.1088156246	-0.0793255261	0.0203543145	0.0309993554905645	0.0131268300605854	0.0001723136674394	0.0009609600408303	0.0186871525125269	0.0033186689213522	1.1013563409548985e-05	0.0003492096690264	0.0087210200369867	0.0206291230645802	7.605619048552349e-05	0.0004255607184135	-5.795591120486014e-05	-0.0001859667836335	3.458364461501137e-08	3.3588876435856323e-09	0.0006300039716353	0.0005470207407719	2.992316908347373e-07	3.9690500427625197e-07	-0.000139981258562	0.0001220240351858	1.95947527486015e-08	1.4889865163025356e-08	0.0	0.0	0.0	0.0
1161.9822363621274	-0.3675719293823931	0.135109123269895	1350202.7176211309	1514.2672315996315	-9.599157942365537	92.14383320247936	2293005.248696412	1096.2234297120435	0.1393023592804638	0.0194051473011034	1201705.8078496356	1125.4609290864475	1229.4911159159012	1.172342	25.357698	0.1967528287368665	0.1091987504100417	0.0109189401	0.030410109	-0.0548467258	-0.0882677965	-0.1029626126	0.0572647737	0.1122247719	0.0306548455	-0.0312296963	0.0604837052	0.1054358349	0.0277469855	0.0066589188	-0.0117043363	0.0848240915	0.0290192673	-0.0474483845	-0.1863203896	-0.0705627271	0.0602024681	-0.1159639628	0.0473978077	0.0665366244	-0.0629779489	0.1328207065	0.0882348372	0.0621853487	0.0563008014	-0.0996725591	0.0369187069	0.0825440697	0.0234799558	0.0443969322	0.0581242998	0.2059033879	-0.1566787684	-0.028915341	-0.0645805677	-0.1001876996	-0.0109376987	-0.0369509022	0.1349464174	-0.0600883329	-0.0657438936	0.0852640059	0.0929189166	-0.1978391074	0.0554887566	-0.0514105784	-0.1583045216	0.1327460884	0.0015428717	0.0351478853	0.0336099026	-0.1294736199	-0.0460114389	-0.1047689767	-0.0189512712	0.0027888087	-0.0720573738	0.027587485	0.0292202035	0.0009815014	-0.0477371919	-0.016799928	0.0919077292	0.0444657663	0.0912301147	-0.0302279045	-0.1647735353	-0.0620138092	0.0702074453	0.100165333	0.0684669439	0.1282060699	0.0408785453	-0.0814627754	-0.0448313482	0.1185042763	0.1093681216	0.0292902651	-0.0201949509	0.0638080122	-0.0893361701	0.095131789	-0.0778185216	-0.0528670056	0.0351514044	0.1263570624	-0.0803359911	0.0318662956	0.1287504027	0.0673470122	0.0484558363	-0.2181958518	0.0253281313	0.0077422134	0.032312229	-0.0623509964	-0.1136372379	0.1116412578	0.0220798548	-0.1158488945	0.1920691172	0.0959994844	0.0702708329	0.0495622151	-0.0040331419	0.0601674897	-0.0003297678	0.0025908675	-0.1648006736	0.010685824	-0.1580373796	0.0370529129	0.0943988094	-0.0792325115	-0.0998785247	0.026343564	0.0208200894	-0.0273716398	-0.0574459728	-0.0740299661	0.0476315481	-0.0072634027	0.0110792321	-0.0326113335	-0.0341991535	-0.0811887287	0.0975694251	-0.0490922192	0.0610762309	0.0360723596	0.0351436378	-0.0253112893	-0.0417300569	-0.0131363498	-0.0645618516	0.0448634367	0.0629586705	-0.094009193	0.1469073564	-0.0341672132	-0.0467164077	0.0674399537	-0.1341859748	0.0614144528	-0.0003418873	-0.0656355645	-0.0356785567	-0.0902429698	-0.0647560162	0.0601535728	-0.0459789694	-0.1099379598	-0.0730579298	0.0308334408	0.0308985119667539	-0.0001008435238106	1.0169416294539511e-08	0.0009547180417596	-0.0725435185825205	-0.0912306710950474	0.0083230353484527	0.0052625620883324	-0.0466014572103148	-0.0553224772473015	0.0021716958141248	0.0030605764887781	-0.0004879880103395	-0.0004300320991346	1.8492760628614472e-07	2.3813229823510397e-07	0.0001190490400577	-0.0005109549315776	2.610749421034699e-07	1.4172673938659862e-08	-0.0002009709652639	-6.09897067019e-05	4.03893288791037e-08	3.7197443235837844e-09	0.0	0.0	0.0	0.0
1166.218785811736	4.236549449608674	17.94835123897956	1360066.2563802	1515.869240221367	1.602008621735422	2.5664316241146263	2297859.5534493043	1099.165644579731	2.942214867687426	8.656628327640936	1208165.1142243757	1127.2521292118718	1230.6639040796715	1.097037	23.728867	0.1024207974147698	0.0594943200747611	0.1051419093	0.0302150682	0.0146870119	-0.1207723531	-0.0726637484	0.0342066187	0.0330428717	-0.0457252368	-0.157728996	-0.0151641785	0.0636792431	-0.048805524	0.0564463964	0.0056041721	-0.0146102206	-0.1123511129	0.0316166083	-0.0118059754	-0.1210795507	-0.0504436271	-0.0693964529	0.021658281	-0.0449496833	-0.015525882	0.0976867641	-0.1171568453	0.0072864303	0.0957637853	-0.0283905936	-0.0657826463	-0.0151226319	0.178641312	0.0414638183	-0.0962246402	-0.0374693092	-0.04104794	0.0182991396	-0.0235270139	-0.0517639499	0.0996344222	-0.0311519336	0.0083955397	-0.0587231445	0.0631385873	0.0358550526	-0.0509858975	0.0788390313	-0.0499836607	-0.0698897001	0.043747702	0.0236482616	0.1316374067	-0.0650270606	0.0379129779	-0.1122400468	0.0058746752	-0.1314623854	0.1079060782	-0.0499333201	-0.0263396646	-0.0035613621	0.1783507168	0.1001132386	-0.0408619911	0.0326097247	0.0152640962	0.0683504525	-0.0438727898	0.0389030475	-0.0055650206	0.025933645	0.0452544428	0.0904483736	-0.0120299007	-0.0701785592	-0.0446626502	-0.0496904855	0.062738555	0.1081033997	0.0672214566	-0.0212016959	0.0998890209	-0.0538450961	-0.0208037493	0.0150775012	0.1060366357	0.1438821192	0.0197601251	0.067497142	-0.0257684873	0.0853712557	-0.0127839934	0.0984196967	0.0081339384	-0.0014971457	-0.1134952136	-0.1119553778	0.0674962705	0.0059574779	0.0096329504	0.035244752	0.0186345604	0.0503963189	0.0099417359	0.0860665867	-0.0684363445	-0.0332152466	0.04134331	0.0839927619	0.0442477676	-0.0047089715	0.1556674929	0.0341819439	-0.0009503149	0.0017251105	0.03349423	-0.2045907928	0.0132417274	-0.0784949947	0.0565807975	-0.1373286247	0.0325032159	-0.0802391165	0.0736849502	-0.0690660856	0.0047597158	0.0072467437	0.0638318702	-0.1015662505	-0.0092968881	-0.023597404	0.1054779421	0.1274572972	0.0085079071	0.1290192423	-0.0303859327	0.1359171065	-0.145113234	-0.0078414224	0.0720323964	-0.0170255479	0.0185014396	0.1484268552	0.0583501749	0.0367095687	-0.1286519974	0.0415026337	0.0199915989	-0.0758800913	-0.0724074365	-0.1269678303	-0.104015525	0.0583307311	-0.0498665756	-0.1106882998	-0.0663509546	0.0410229053	0.0244194308294964	-0.0064790811372574	4.197849238316592e-05	0.0005963086020365	-0.0207427248238474	0.0518007937586731	0.0026833222340285	0.0004302606331178	-0.0483472185254072	-0.0017457613150924	0.0023374535391434	3.047682569273153e-06	0.0001030122837736	0.0005910002941131	3.492813476417708e-07	1.0611530608252697e-08	0.0002669947567119	0.0001479457166542	2.1887935076324835e-08	7.128620011164669e-08	-9.20137519562631e-05	0.0001089572133076	8.466530549068711e-09	1.1871674331765889e-08	0.0	0.0	0.0	0.0
1165.8513705858338	-0.3674152259022776	0.1349939482248217	1359209.4182968673	1521.3401816320188	5.470941410651903	29.93119991878584	2314475.948248144	1099.470515725791	0.3048711460601225	0.0929464157000125	1208835.414950337	1127.215052149941	1224.2666357014757	1.359593	29.407923	0.1501598134894358	0.0846632229264213	-0.0423126387	0.0485589868	-0.0699501984	0.0616575494	0.0569483936	0.0546472099	0.0003380735	0.0479791951	0.0926632678	-0.0073333537	-0.0711117044	0.003542482	0.0594372646	0.0755019657	-0.0514541616	0.0565391576	-0.0012650667	-0.0223789924	0.1380736743	0.0306692229	-0.0321548923	0.0060029263	0.0768712346	-0.0552659489	0.1104804805	-0.1349472188	0.0228250445	0.0958000144	-0.0402707036	-0.0822685188	-0.0449233295	0.0284947683	0.0352960898	0.0102224031	-0.0434567877	-0.0097708316	0.0360293249	0.1269978752	-0.0520415403	0.082530304	0.0263929074	0.0495040203	0.0867281545	-0.0101224937	0.1191879066	-0.071108814	0.0207056761	0.1544099121	-0.0369512763	-0.0574289535	-0.0508340559	0.0128964076	0.1261889485	0.1190462734	0.0262368233	0.1451798624	-0.0597489743	0.0057540285	0.1166156694	0.0060596284	0.0027332043	0.0786035616	-0.0624640701	-0.1089701429	-0.0147204937	0.0480860797	-0.0706617888	0.0457292711	-0.1407427758	0.084895911	0.2024062468	0.0965853206	-0.068115714	-0.0394305134	0.03651217	0.0524322983	0.0250214446	-0.1074513561	-0.0333042917	0.022681066	0.0079522979	-0.0205144355	-0.0851587985	-0.0969274079	0.1247536881	0.0626312081	0.1122869492	0.0294148622	0.0058685283	-0.0312913749	0.0093697652	0.0676583998	0.1192184552	-0.0083843905	0.0279143441	0.0731151986	-0.0361561651	-0.0107681351	0.1232722905	-0.0642677311	0.0355121131	0.0753137746	-0.0444019103	0.0211875977	-0.0321150951	0.016237605	-0.1905926483	-0.0520341974	0.0661078797	0.1736230423	-0.0082230308	-0.0329580083	0.0525426787	0.0659255126	-0.0802893219	-0.0854253912	-0.0869234085	-0.0138709467	0.0073457745	-0.0258909613	-0.0036427578	-0.0256001758	0.0519284385	0.1473125599	0.0137909857	-0.0179548868	-0.0804522878	-0.1859871968	0.0804856966	0.0007115943	-0.0480784177	0.0410639666	-0.0342474736	-0.0669525529	0.0248578307	0.0019696927	-0.0562673277	0.0454682958	0.0379392009	0.0314117492	-0.0341972827	0.1617690219	0.0046591739	0.0284316594	-0.0293381968	-0.065913317	-0.0113030395	-0.0344021473	-0.1210295128	0.0843238317	-0.0369183004	0.009251521	0.0564859537	-0.0536791777	-0.1110641056	-0.059244937	0.0508269837	0.0482365484774049	0.0238171176479084	0.0005672550930543	0.002326764609013	0.0286637755282157	0.0494065003520631	0.0024410022770384	0.0008216120275319	0.0173382867678952	0.0656855052933024	0.0003006161880457	0.0043145856056364	0.0002160271397942	0.0001130148560205	1.2772357681356944e-08	4.6667725127662834e-08	0.0002699782894701	2.983532758199991e-06	8.901467719252447e-12	7.288827678520111e-08	-0.0002010291671007	-0.0001090154151444	4.0412726025201174e-08	1.1884360739113923e-08	0.0	0.0	0.0	0.0
1162.3429256546654	-3.5084449311684693	12.309185835041726	1351041.0768194469	1511.5549305772086	-9.78525105481026	95.75113820566531	2284798.3081522696	1098.2215609950215	-1.248954730769583	1.5598879195117217	1206090.5970343417	1125.9849563023583	1222.2260676141432	1.063554	23.004616	0.0674048547150993	0.0321142384394993	-0.0756295703	-0.0255769757	-0.0963187675	-0.0305658219	0.0059360543	-0.0756686396	0.0662742454	-0.0216956016	0.098006039	0.0216987809	-0.0015053224	-0.0482092473	-0.1168283517	0.0916140311	0.00209233	0.0178128355	-0.1329769369	0.0319128747	0.0421398028	-0.0974353892	-0.1476281688	0.0033579741	0.1387728277	0.1347138277	0.0112403324	0.0289412414	-0.0694625543	-0.1581887071	-0.1090667828	-0.0478598811	0.0407496596	0.0648723831	-0.1481234558	-0.0306894136	-0.0976670141	-0.1406766813	-0.0880501298	0.1275194696	0.0971755782	-0.1226709185	-0.0627448167	-0.0519567162	0.109535912	-0.0884185747	0.0666643757	0.1013052024	0.1069067266	-0.0058122248	-0.0608694307	-0.1077685466	-0.0588864723	0.063881125	0.0314816468	0.0894632261	0.0436602356	-0.0571031591	0.0246534137	0.1263122519	-0.1914643516	0.0593693217	0.0072837096	-0.0685151865	-0.0923895836	-0.0737867698	-0.0828526616	-0.0135105527	-0.0998595499	0.0031844321	-0.0864702994	0.1042625004	-0.0396253554	-0.0543492933	-0.0293957585	0.0057093698	0.0357342005	0.0166917895	0.1371545352	0.1062252956	-0.0406976408	0.1377311713	0.0874110389	0.064623895	0.1746081344	0.0463655067	0.0968434632	0.1082975282	-0.0538199449	-0.184237823	-0.1596086142	-0.0044533823	0.0728316996	0.0684482959	0.0719404974	0.1401518743	0.0142394593	-0.0815888954	0.0909925112	-0.1057360724	0.0299383741	0.0140446793	-0.1340249731	0.0761083308	0.0329508082	0.0933368149	0.0415184618	-0.0516429651	0.0206117406	-0.1141792939	-0.0919917798	0.1272497052	-0.1004940659	0.0299799973	0.1080972493	0.0256277008	0.0012986297	0.0289026343	0.0202505328	-0.0402315496	0.0822179208	-0.0420527844	-0.0867265566	0.1254853458	0.0659688578	-0.0956605008	0.1860783151	-0.0298607845	0.0752462932	-0.1009289874	0.0421687931	0.0711107624	-0.0859096989	-0.0543815248	-0.0376665041	0.009696276	0.0247510097	-0.006323472	-0.0500695708	-0.0421257918	0.0517455594	-0.0647238615	0.0220461548	0.2150115342	0.0832216512	0.1598002971	-0.1100548786	-0.0836321964	-0.0607062794	0.0226997469	0.0382476673	-0.0684797989	-0.0094752433	-0.0191810447	0.0546199342	-0.0574110412	-0.1110641056	-0.0517826133	0.0601535728	0.0464521450555395	-0.0017844034218654	3.184095571964951e-06	0.0021578017802608	0.0064894640571679	-0.0221743114710478	0.000491700089215	4.211314374927406e-05	0.0114946540328304	-0.0058436327350648	0.0001321270713344	3.414804354232092e-05	-0.0001700018612119	-0.0003860290010061	1.4901838961776757e-07	2.8900632815510114e-08	0.0001329976205883	-0.0001369806688818	1.876370364730533e-08	1.76883670821494e-08	2.8011304753825813e-05	0.0002290404718545	7.846331940117044e-10	5.245953774734384e-08	0.0	0.0	0.0	0.0
1165.885234181016	3.5423085263505527	12.547949695855824	1359288.3792813222	1528.2774316549687	16.72250107776017	279.6420422956901	2335631.9081059075	1098.1680443535724	-0.0535166414490504	0.0028640309119862	1205973.0536393498	1126.8430227189715	1226.7771457082142	1.20026	25.961559	0.1668364419094944	0.1105498196498559	-0.0031181326	0.0740970693	0.0013246743	-0.1189155595	0.0616050698	0.0973775269	-0.0179952612	-0.0424160979	-0.1091178647	0.1486657552	0.0218856517	-0.0425979904	-0.0018136442	-0.0696670443	0.0249887824	-0.0641869672	0.0479799391	-0.0523757324	0.0551061642	-0.0557309753	-0.1595240076	0.002605988	0.1513910964	-0.067728974	0.0984059985	-0.0235907072	0.0669554589	-0.086437914	-0.0687679919	0.0254457333	0.1339107681	0.0150227675	-0.1577197654	-0.1120614177	-0.0546392043	-0.0286667452	0.0409291653	0.0633106363	0.0638436181	0.1597739819	0.0081205029	0.0770420212	0.1298480307	-0.088390728	0.0608450833	0.0814607119	0.0502281402	-0.1569199309	0.0740927953	0.1032517165	0.0158470949	0.0082079312	-0.122172787	-0.010538305	0.0079511458	-0.0518137977	-0.024291939	-0.1535238339	0.0256847149	-0.0011546098	0.0246925396	0.0844912287	-0.1122737257	0.1408496269	-0.0329650568	-0.0239299055	-0.058315615	-0.0361229283	0.1239713699	-0.0616615261	-0.0350807101	0.099768391	0.0730062746	0.0279484419	-0.0758793895	0.0455361655	-0.0374072841	-0.0499515515	0.1337275809	0.072504402	0.0103894557	-0.110102275	-0.0602992206	-0.0661889173	0.2200157159	0.0004269431	-0.0788084808	-0.1075192524	-0.1232413994	0.0086261249	0.0961351329	0.1164045514	0.025226882	-0.006724158	-0.0438836658	-0.1451324487	-0.0515524137	-0.0314404586	-0.0038359128	0.0584755083	-0.0459383044	0.1173225955	0.0241886774	0.0477093357	-0.0521624024	-0.0972327991	0.1178894614	-0.0193901098	-0.1401675919	-0.1101019372	0.0394209296	0.1236072828	2.47651e-05	0.038984716	-0.089202601	0.0538359472	-0.0529828565	0.0550364456	-0.0222375102	0.0085900415	-0.0369393348	-0.0972574663	0.1506470351	-0.0577083022	0.0102225656	-0.0756753274	-0.11545287	0.0146620622	-0.0777404099	0.0859611014	-0.0375311985	0.0958900561	0.0145552671	-0.0992401154	0.0408515333	-0.0929568326	-0.0005787544	0.1003139065	-0.0146970866	0.0824409146	-0.0604200728	0.0872314748	0.0044978034	-0.0048922249	0.0320313534	-0.0939055834	0.1628251387	-0.0810239268	-0.0880848625	-0.0556694817	-0.0097124431	-0.0525529572	0.0527333744	-0.0610565531	-0.1106882998	-0.0440088629	0.0689150546	0.0359089483413299	-0.0105431967142095	0.0001111589969545	0.0012894525709802	-0.0925317752215733	-0.0990212392787412	0.0098052058282977	0.0085621294256557	-0.0343764903744272	-0.0458711444072576	0.001181743090463	0.0021041618892314	-5.799527332482334e-05	0.000112006587887	1.2545475730105429e-08	3.363451728020966e-09	0.0001630016848082	3.0004064219899997e-05	9.00243869711883e-10	2.6569549250311776e-08	-5.799527332491863e-05	-8.600657807874445e-05	3.3634517280320183e-09	7.397131472815164e-09	0.0	0.0	0.0	0.0
1168.0838599446738	2.198625763657901	4.833955248620289	1364419.9038632484	1521.869302845465	-6.408128809503751	41.06411483919196	2316086.1749433414	1099.4506148181542	1.282570464581795	1.6449869966175614	1208791.6544240173	1127.3261252852612	1229.2006029377294	1.127544	24.388721	0.1765424764064288	0.0991772960572127	-0.0120938191	0.0592090907	0.008240416	0.0391170121	0.0532141375	0.0105163357	-0.0270088721	0.047713407	0.0807583418	0.0506810386	-0.0983472654	0.0035689533	0.0661500916	0.0074603855	-0.086870075	0.0518798972	-0.0207809759	-0.0141541656	0.1340968952	-0.0001386603	0.0915544123	-0.0600983464	-0.1205968253	-0.0817367988	0.0371206144	-0.1899183292	0.0347761735	-0.0200069826	0.0396321169	0.1032111108	-0.14193728	0.0705192465	-0.0261326673	0.0041570828	0.1012361695	-0.1929766092	-0.0161969517	0.0071093452	0.0494344744	-0.0703003426	0.0141364094	-0.1420924086	-0.075789107	0.0338742008	0.111809097	-0.0821868593	-0.0058327631	0.0314298078	0.0655181053	0.0881381893	-0.0392394949	0.0707240051	0.0006624546	0.1553683885	-0.0430353666	0.1418363988	0.0196928095	0.0093522834	-0.0145853298	0.0337736778	0.100735875	0.0032693507	0.0056669332	0.0142270226	0.0818438132	0.0495116641	0.1044645462	-0.099430991	0.095919587	-0.0050028045	-0.0769116139	0.0487340756	-0.0768719731	-0.0770755177	0.0016831041	0.0527445459	0.0432573777	-0.0919890489	0.0081511476	-0.0851585725	-0.0059264404	0.0269516903	-0.1363391929	-0.0616492605	-0.0734941324	0.0391710617	0.0886887658	0.0014703904	-0.1157065027	-0.1307372546	-0.028643352	-0.1035851177	0.060818731	0.2615989201	-0.0462013248	0.1056339334	-0.0087052355	0.015269465	0.0053850156	-0.0217827884	-0.0375800253	-0.0749731441	-0.0324308036	-0.0164648	0.0640597642	0.0795549784	-0.04215926	-0.1097163914	0.1106022264	0.083867565	0.0157046924	0.1342954724	-0.0952413374	-0.0094208188	-0.0252915489	-0.0372442451	-0.1384521096	-0.0255633899	-0.0340556536	-0.0945660252	0.0238734782	-0.0318015195	0.0325217152	-0.0333788776	-0.0294605833	0.0933146079	0.029395439	0.2057106284	0.0133099136	-0.0552911775	-0.0341636702	0.0347821665	-0.0184942864	-0.0669347148	0.160556027	0.0101887263	0.0171541033	0.042098487	0.0364894221	0.0250848263	-0.03106944	0.0773319195	0.0271210794	0.0188413096	-0.0053351235	-0.1057003469	-0.148586482	-0.0556698806	-0.023528615	-0.0279250553	-0.0613444518	-0.065110654	0.0508269837	-0.0646102301	-0.1099379598	-0.035970438	0.0770291202	0.0479399217111193	0.0120309733697894	0.0001447443202245	0.0022982360936682	-0.0021699974381874	0.0903617777833859	0.008165250884174	4.708888881739879e-06	0.0012226164827211	0.0355991068571483	1.4947910638213138e-06	0.0012672964090266	0.0005470181564493	0.0006050134297741	3.660412502070481e-07	2.992288634851909e-07	0.00018594502925	2.2943344441799996e-05	5.263970541750747e-10	3.457555390278335e-08	-0.0002010508670311	-0.0001430555937061	4.042145113395705e-08	2.046490289062804e-08	0.0	0.0	0.0	0.0
1163.863800824801	-4.220059119872758	17.808898975221236	1354578.946870352	1514.8327872401503	-7.036515605314662	49.51255186383676	2294718.3732977626	1097.8196229914247	-1.6309918267295416	2.6601343388585668	1205207.9246250335	1126.70616494163	1232.0386499502015	1.20673	26.101507	0.0517733976348442	0.0343488445002117	-0.109216757	-0.0896010032	-0.0898798655	0.045618567	-0.0125694882	-0.1116445002	0.0641506731	-0.0542120617	0.1237939248	-0.0001651358	-0.0820779155	0.0487866315	-0.1393198453	0.0301630059	0.0180043533	0.0842260166	-0.1128002011	-0.0083388843	0.024414749	0.06536569	0.1583692233	0.0730650496	-0.0825194663	-0.0536866759	-0.0223209321	-0.010552072	0.0542719129	-0.0122040253	-0.0475989523	0.0054147663	-0.0171868891	0.078640342	0.0083213566	-0.0810938855	0.1144031502	-0.0256841627	-0.0704845442	0.0116864481	0.0973614595	0.1059153891	-0.0433041247	-0.0563439549	0.0161321113	0.0651873705	-0.0487066319	0.0531458301	0.0506642633	-0.0572632291	0.060730912	0.0150034282	0.0810983286	0.0954044765	-0.0255856635	0.0581583868	0.0698722332	0.1128036778	0.0595129331	0.0593897336	0.0297756921	0.023886648	0.0179216139	0.08472057	0.0275732524	-0.0350259802	0.0692010031	-0.028803031	-0.0159189054	0.0049912497	0.0612820819	-0.023587051	0.0499776075	0.0904526771	-0.0024942878	0.0164089268	0.1386654694	-0.0519539405	0.1012141394	-0.0716918221	0.0098975818	-0.113471243	-0.1166221046	-0.0187749123	-0.014632682	0.0254100028	-0.0313846451	-0.088989242	0.0020182846	-0.0335742915	-0.0535492119	0.0011911847	0.0891403968	-0.0524663555	0.0390021475	0.063227005	-0.1068107218	0.0387166364	-0.0861342066	-0.0088189238	0.0049781493	-0.0435586	-0.0414492489	-0.0216183797	0.1923558587	-0.0218332671	-0.0145468799	0.0648519325	0.0543913517	-0.0625174218	0.1063851371	0.0344628027	-0.0184839961	0.0612060932	-0.0251390095	-0.0632795664	-0.0433474177	-0.1098318211	0.0043714097	0.0680153913	-0.0106786197	0.0618557813	0.0350148081	0.0174573055	0.0118177838	0.0509447825	-0.0422117815	-0.0639583465	0.0027066742	0.0194394359	0.0811188106	0.0268911408	-0.0761552923	-0.1653689509	-0.0652977745	-0.0113860476	0.0651233732	0.0173231418	-0.0065841094	-0.0449883496	-0.0989542184	-0.0228966824	-0.0871609411	0.1038093592	0.0028460576	0.0198865843	0.0189491507	-0.0502824224	0.0094218501	-0.0621170391	-0.0679817792	0.0291225468	-0.0247480492	0.0405492559	0.0489014791	-0.0680667272	-0.1088156246	-0.0277156827	0.0844195428	0.0467288445201177	-0.0012110771910016	1.466707962564329e-06	0.0021835849101853	0.0065742976225209	0.0087442950607083	7.646269610872757e-05	4.322138922948396e-05	0.0231869210542754	0.0219643045715543	0.0005376333079771	0.000482430675312	0.0001550191986482	-0.0003919989578011	1.5366318291714866e-07	2.403095194953009e-08	0.0001909844193448	5.039390094799999e-06	2.5395452527568343e-11	3.6475048432470415e-08	-0.0002010147986954	3.606833569999774e-08	4.0406949294552186e-08	1.3009248401677317e-15	0.0	0.0	0.0	0.0
1164.0544561296083	0.190655304807251	0.0363494452511457	1355022.7768351985	1509.7823721516268	-5.05041508852355	25.50669256638634	2279442.811259793	1095.5576630516705	-2.261959939754206	5.116462769052852	1200246.5930712377	1123.479231668739	1217.4726164439455	1.104357	23.887199	0.1356494468126313	0.0668294181573952	-0.0575396644	-0.0384190371	-0.0354530161	-0.1155362384	0.0195822	-0.0521450704	0.0705724261	-0.0265015496	-0.0122343919	0.0388868536	-0.0300121824	-0.0985682294	-0.0365588268	0.0717334893	0.1597129865	-0.0610478755	-0.1381801834	0.0211360328	0.0753625403	-0.0540343867	0.0165708241	-0.030062099	-0.083532263	-0.1665220527	-0.0614552937	0.0231340667	0.0572404548	-0.1220751611	-0.0083533918	0.0140412754	0.0523853868	-0.0046552877	0.0712509436	0.0775436523	-0.0408391192	-0.1005116704	0.1161505997	0.1302263264	0.023603858	0.0812614563	-0.0755752439	-0.1036406429	0.0214251211	0.116305126	-0.0138612261	0.0408718794	0.0450611651	-0.0508623143	-0.0167103701	0.0580933507	-0.035729696	-0.0132293194	-0.0790935666	0.1065233465	0.0337753138	-0.0657789453	0.0479154249	0.0988558333	0.1678475374	-0.1469316895	-0.0064284983	-0.1008169614	-0.0819289741	-0.0740051786	0.0744027861	-0.0093054704	0.0929848345	0.0357614043	0.0023048041	-0.0369900894	-0.0743380951	-0.0497535623	0.0473321794	0.1426604067	-0.0286127064	0.0545462247	0.1467117021	0.013434025	0.0097600366	-0.0266118256	0.0549970006	-0.0018460563	0.0204202658	-0.0895476869	-0.1696662055	-0.0450713926	-0.0336044156	0.0277226585	-0.1173783403	-0.0852615097	0.0839478533	0.0825516209	0.0397457969	0.0289099448	0.0125258799	0.0773009016	0.0535981443	0.145834422	0.1369068028	0.0221955089	-0.1096729003	-0.0170920058	0.105388914	-0.0470341027	-0.0208661668	-0.0134873319	0.0298979898	0.1004908397	-0.0034353044	0.0368652857	0.0298959645	0.1494961012	-5.63943e-05	0.0015944954	-0.0630991198	0.0401416443	0.0990545137	-0.205447665	-0.0714360676	0.0107086283	0.1741080051	0.0018584119	0.0741860815	0.0636892761	-0.0840599839	0.0001026703	0.1171544673	0.038131841	-0.0358292495	0.0919628599	-0.0369126896	-0.0349264112	-0.0440302756	-0.0053053594	0.1407458033	-0.0693786812	-0.039578434	-0.1049477346	-0.0406888104	-0.007558364	0.1090484365	0.0121179572	-0.0350205138	0.1829861307	0.031979212	0.0968525258	-0.0856246082	-0.0555738205	-0.0332380751	-0.065201165	-0.065788135	0.0405010937	0.0469575846	-0.0714208455	-0.1073250918	-0.019294242	0.0910168938	0.0401725251594626	-0.006556319360655	4.298532355890082e-05	0.0016138317776876	-0.0491179940221115	-0.0556922916446324	0.0031016313486307	0.0024125773367561	0.0024887280605128	-0.0206981929937626	6.193767359183803e-06	0.000428415193207	-0.0004780016977247	-0.0006330208963728	4.0071545524474973e-07	2.284856230276955e-07	5.398016305901976e-05	-0.0001370042562857	1.8770166240419756e-08	2.913858003878361e-09	8.301290491754553e-05	0.0002840277036129	6.891142382849455e-09	8.067173641964323e-08	0.0	0.0	0.0	0.0
1171.498557644947	7.444101515338616	55.41464737066668	1372408.870564191	1548.626460392239	38.84408824061234	1508.8631912444775	2398243.913826995	1099.0914018784422	3.533738826771696	12.487310095833802	1208001.9096831193	1126.975204087995	1235.8935264556255	1.245219	26.934036	0.1521241766955178	0.0989334036082136	0.0160616836	0.0954709424	0.080720522	-0.0036146045	0.1703161125	0.0343035385	-0.1790787754	-0.0935393189	-0.0128494179	0.2402729403	-0.0440943278	0.0468363881	-0.0161150026	-0.1233730785	-0.0078004434	-0.0250250984	0.0754431065	0.0402557356	0.029679298	-0.2292603964	-0.0752114061	-0.0735367867	0.0121181624	0.08763307	0.0508729094	-0.0236012446	-0.0402358889	0.0722818652	0.1598126642	-0.0377186815	0.1189741135	-0.026914104	-0.1013454285	-0.0792589942	-0.1244997696	-0.0069302933	0.1098204762	-0.0432445167	-0.0140591344	0.0585090729	-0.1744044128	-0.0309827719	-0.0767111108	0.0241260161	-0.0866756025	0.0078231535	0.015567727	0.0498005548	-0.0759481764	0.0853780947	0.0272224925	-0.0371407732	0.1001817785	-0.0632460366	0.0221351093	0.0183251517	0.082434333	0.0245480759	0.101685725	0.0373674248	0.1588267795	0.0452965051	-0.0553529351	0.0971074668	0.0737926106	0.0069853934	-0.0086057494	0.1003070784	0.0593872717	-0.023418838	0.0082002788	-0.0038488182	-0.0764099871	0.0190320257	-0.1631750765	0.071262776	-0.0008257884	0.1061889369	0.150848333	-0.0129577045	0.0617107771	0.0590397197	-0.1045988335	0.1348512628	0.1763241863	0.0368040457	0.0103186852	-0.0071642094	-0.0967407329	0.0655750176	0.0410365186	-0.008718384	-0.1101692103	-0.0268392286	0.1106003511	-0.0716022924	0.0347247325	0.081788567	-0.0200249492	0.0349669496	-0.0981571214	-0.1122774182	-0.017445681	0.0589418272	-0.0634096074	-0.0101043672	-0.0134543638	0.1583032747	0.0628986475	0.0385941109	0.0380534574	0.0179986978	-0.0053101316	-0.0195182647	0.0446812492	-0.0626894781	0.0413775675	0.0970059115	0.0128589008	-0.075968781	0.1179783916	-0.1745872758	0.0795077171	0.0575533908	-0.0510671972	0.0111702174	-0.0148613289	-0.0857331194	0.010609717	-0.0581786138	0.0147100969	0.1221194785	-0.0639753608	-0.068906749	0.041823627	-0.1016573195	-0.0929415345	0.1014059308	-0.024513749	-0.0116408222	-0.0359057515	-0.0467947672	0.0321234015	0.1462664149	-0.0001120031	-0.0177591551	-0.0173109295	0.0446004026	0.105131437	0.0963910671	-0.0066111775	0.0710427657	0.0449960313	-0.0746675401	-0.1054714048	-0.0107567634	0.0967591949	0.0396783739871011	-0.0004941511723615	2.441853811462501e-07	0.0015743733622602	0.0408316198520708	0.0899496138741823	0.0080909330361144	0.001667221179744	-0.006040599806937	-0.0085293278674498	3.648884602756732e-05	7.274943387045573e-05	0.0002870068293406	0.0007650085270653	5.852380464826199e-07	8.237292008814432e-08	6.797115769185957e-05	1.3990994632839817e-05	1.9574793081615246e-10	4.620078277971641e-09	-0.0002010092490148	-0.0002840221539323	4.040471818949388e-08	8.066858392436899e-08	0.0	0.0	0.0	0.0
1168.276429476298	-3.222128168648851	10.3821099352004	1364869.8156698877	1515.370138159061	-33.256322233178025	1105.982968476971	2296346.655624212	1099.8288110859787	0.7374092075365297	0.5437723393596527	1209623.4136947975	1127.3914699131612	1239.733316483747	1.270867	27.488796	0.1285477568517223	0.068254326837359	-0.0809997433	-0.0252144304	0.0019370763	0.1226814255	0.0117797615	-0.0884859147	-0.0053084569	0.0573241299	0.1243243904	-0.0799096038	-0.0602265095	0.0318003989	0.094575938	0.0596113295	-0.1032390509	0.1063255207	-0.0827862408	0.0560928035	-0.004191735	-0.0832561129	-0.0127910985	0.0275510502	0.0895058379	0.0774284184	-0.0287028191	-0.0459575416	-0.1742373552	0.0273446723	0.0157451593	-0.1529276317	-0.086469138	-0.1060115833	0.0568177519	0.0077631429	-0.1487663087	0.1259862282	-0.0048920805	-0.1061354445	0.004464682	0.0022892077	0.0020930158	0.0023201944	-0.1169210654	0.0148834425	0.1236861743	0.0506872764	-0.0117365312	-0.0484256102	-0.077205217	-0.065985903	-0.0406622867	-0.0612738023	-0.0786823616	-0.0756621354	0.0352930361	-0.1077091188	0.0303148303	0.0943451957	0.1065881126	-0.0770166647	0.078530291	0.0798305381	0.1504180777	0.0140544601	0.059434981	0.0720995287	-0.0185810387	-0.2789040359	-0.1048532404	-0.0720816579	-0.0770475843	0.1495205004	-0.1163514238	-0.0931445583	0.0596654458	-0.0093398873	0.1008276433	0.09351262	-0.0182983407	0.0780140779	-0.0034375701	0.0114208508	0.0901621331	-0.0045193087	0.0069957747	0.0947290174	0.1196818399	-0.0817862088	0.0218183963	0.1532817585	-0.1517808607	0.0057597489	-0.0600897345	-0.0910107765	0.142818822	0.0180886303	-0.0704649077	0.0419475749	0.0385417887	-0.0541396778	0.0542033627	-0.093739016	-0.0152782143	0.0664999281	0.1262015501	-0.0451675259	0.0857598944	2.50152e-05	-0.1453872772	0.0653428078	0.0431027173	-0.0051399266	0.1004836767	0.0755250193	0.0266963055	-0.0366718771	-0.0335860391	0.0695091286	-0.1101052808	-0.0909235769	0.0534775891	0.055443472	-0.0935465475	-0.0648318796	-0.0881219418	0.0992340405	-0.2446395119	0.0372478677	0.1099444146	-0.0326152784	-0.0243901076	-0.0682706214	-0.0851319257	0.0920184303	-0.0563267526	0.0792540028	0.0639531848	-0.0296320223	0.0524381751	-0.0233114136	-0.0860853954	0.0257018901	0.1396638007	0.1092852719	-0.0155622999	-0.0829316437	-0.1242471043	0.0174148369	0.0713185682	0.0146039028	0.0139391531	0.036859899	0.0430175569	-0.0778019275	-0.103260836	-0.0021545924	0.1015925006	0.0543076234218773	0.0146292494347762	0.0002140149390248	0.0029493179617324	0.0897203037250164	0.0488886838729455	0.0023901034108288	0.0080497329005091	0.0326373572361688	0.0386779570431057	0.0010651970873612	0.0014959843610283	6.700101940188796e-05	-0.0002200058099387	4.8402556406788695e-08	4.4891366008921675e-09	0.0001849996265359	0.000117028468844	1.3695662519980538e-08	3.422486181842247e-08	-1.1006197779657483e-05	0.0001900030512351	1.2113638956493728e-10	3.6101159478664196e-08	0.0	0.0	0.0	0.0
1166.6833839592002	-1.5930455170978348	2.537794019545508	1361150.118406491	1513.0726576299685	-2.297480529092581	5.278416781559528	2289388.867267416	1098.3806250648709	-1.4481860211078583	2.0972427517322103	1206439.9975178964	1126.963941601004	1239.069462857031	1.100627	23.806513	0.1999712685250841	0.1177216921485915	-0.060961023	0.0338970755	-0.0075138076	-0.024828411	-0.05686951	-0.0034738855	0.0883844544	0.1053710509	-0.0015511104	0.0092203798	0.034212865	-0.002128036	0.0339295779	0.033401859	0.0141274177	-0.0180100741	-0.0208680951	-0.1042614103	-0.0075670682	-0.0479487904	-0.0465942232	-0.0355295416	0.0660342123	0.0410871405	-0.1109314624	0.0129377189	-0.087309858	-0.0626449685	-0.016815109	0.1362144279	0.0739346205	0.0636759526	0.0815009147	-0.0033326712	0.0265366278	0.0823962214	0.0420464518	0.0220431585	-0.1926094799	0.114343016	0.1306308465	-0.1247228548	-0.0367440748	0.0644428098	-0.0941459442	-0.1038510151	-0.0062361211	-0.0656917556	-0.0846905171	-0.0784749383	0.0810892052	-0.0622957498	0.0559477863	0.0701733368	0.0188183077	0.0467980181	-0.0305738285	0.0418595161	-0.0310217386	-0.011025594	-0.0509849921	0.0235251212	0.0268609241	-0.0053833073	0.0307637615	-0.0909426168	-0.0346574234	0.0178257503	0.072380951	-0.1104431072	0.0307028462	-0.0190374114	0.0694366139	-0.010746529	0.0504838533	0.0838434634	-0.0312826789	0.045852134	-0.006260598	0.0154274781	0.0481340185	-0.0718885013	0.0393221049	-0.0211537847	-0.037135969	0.03957609	-0.0358627346	-0.0893089958	0.0124376254	-0.1256357578	-0.0211602617	-0.054276644	-0.0962846247	-0.121495527	-0.0233992932	-0.0558486969	0.0105552935	0.1850428562	0.0964971914	0.1783317289	0.1179083766	0.0494281431	0.085902668	-0.0884275909	0.0280670043	-0.0876906814	-0.028189297	-0.0282495006	0.139372869	0.0180751718	0.0923643714	-0.1095119465	-0.0197732577	-0.0582897981	-0.0276752847	-0.0756371492	0.0018757659	-0.0166899315	-0.0198569724	0.0394186108	-0.0648180925	0.0054677649	-0.0338963166	-0.0226813848	-0.1073454704	-0.0556875157	0.0207232106	-0.0608361453	-0.026110968	0.0347752866	-0.0337198407	0.0045946226	-0.0353994794	-0.0133391033	-0.1161562292	0.0679564148	0.0030985505	0.0383865853	0.0315903905	0.0153300274	0.0144361698	-0.0151019031	0.042466023	0.1065115657	0.0709901757	0.0618410967	0.0207160062	-0.0107322335	-0.0454099194	-0.0020482758	-0.0385831331	-0.0165814695	0.0410229053	-0.0808192935	-0.1007008652	0.0064605365	0.1054714048	0.0418549421640648	-0.0124526812578125	0.0001550692705086	0.0017518361835572	-0.0158469359002566	-0.105567239625273	0.0111444420820998	0.0002511253774268	-0.012914058133461	-0.0455514153696298	0.0001667728974744	0.0020749314421765	-5.798539879243677e-05	-0.0001249864181943	1.562160473304663e-08	3.3623064731179282e-09	-9.30091044621939e-05	-0.000278008730998	7.728885451117055e-08	8.650693512859298e-09	0.0003139972984753	0.0003250034962549	9.859430344978665e-08	1.0562727257794621e-07	0.0	0.0	0.0	0.0
1168.207149695628	1.5237657364277766	2.3218620195112845	1364707.9445999835	1520.167543148492	7.094885518523597	50.33740052095585	2310909.3592421226	1097.3210128272856	-1.05961223758527	1.122778094040463	1204113.4051922995	1125.2928289715585	1236.0619280807796	1.013793	21.928299	0.1079517149492944	0.056132742203397	-0.0027668598	0.0853378578	0.0070137698	0.0249605931	0.0091279773	0.0617542512	0.0428222926	0.0240972152	0.0089301685	0.0523493265	0.0050825797	-0.0670309591	0.0662919547	-0.1015102961	0.0506151358	0.0042443913	-0.0228056963	-0.0846879594	-0.0065341774	-0.0733590966	-0.0187153635	-0.0931620998	0.0996946802	0.0356561713	0.1231372779	-0.1388045452	0.1164040943	-0.0617912711	-0.0027020974	-0.0470964289	-0.055131526	-0.0710776309	0.0393013343	-0.0212615691	0.2310685506	-0.0509785109	-0.0783904138	-0.0088013242	0.0471827867	-0.0442144613	0.0246549313	-0.1128345361	0.0174231885	-0.1447521363	-0.0058854247	0.0595016652	0.0089910451	-0.0119090603	-0.053188518	-0.027419681	0.0515924469	-0.0765805846	0.0617927213	0.0202176257	0.0261319484	0.0172559866	-0.096485538	0.1109106308	-0.0718003677	0.0849052378	-0.2018045599	-0.091781263	-0.0313578192	-0.0233764144	-0.0758018639	0.0712388762	-0.0803255587	-0.02590288	-0.0293822649	0.064891008	-0.0161939234	-0.0278318798	-0.0040055097	0.0400588771	0.0214819847	0.0662149005	-0.0207352902	0.0613048091	-0.0182781685	0.005968953	0.0614977911	0.0889446182	-0.0735384492	-0.1745291862	0.0920572404	0.1383499783	-0.035176522	0.0395618267	-0.0507919616	0.0354702793	-0.0481415204	0.0246311256	0.0303240725	0.1267871076	-0.1922078508	0.0952698022	0.0212737498	-0.0155385261	-0.104474198	0.1024518558	0.0391846976	-0.0384957234	0.0576882794	0.0585972181	-0.0879325015	-0.0350027384	0.0182961959	-0.0878087355	-0.0348333286	0.0504267487	0.0378714623	-0.095496337	0.003007465	0.02696191	-0.0147152841	-0.1285775882	0.0481643041	-0.1454860141	0.048546518	0.108587373	-0.0921702584	0.0907331912	-0.0024362307	-0.0372131673	0.1627227116	0.0743481861	0.0065288449	-0.0108279759	0.0044258253	-0.0958974257	-0.0275093844	0.0802542112	0.0181780942	-0.1048208488	0.0725656505	-0.0764390185	0.0109049697	0.0759282045	0.0583672864	-0.070439485	0.0362532503	0.0173639115	-0.0316872267	0.0333184235	-0.0171841276	-0.0439122348	-0.0470367139	-0.0179867164	0.0146658018	-0.0096438284	-0.1147660301	-0.0327898488	0.0390128266	-0.0837150996	-0.0978001546	0.0150368111	0.1083594676	0.0484522941479212	0.0065973519838564	4.352505319889398e-05	0.0023476248081966	0.0292387339469826	0.0450856698472392	0.0020327176255742	0.0008549035628224	-0.0070937484568105	0.0058203096766505	5.032126716850136e-05	3.3876004732111444e-05	0.0005009986617225	0.0005589840605149	3.1246317990976656e-07	2.50999659047736e-07	-2.401678340779867e-05	6.899232105439523e-05	4.7599403644727475e-09	5.768058852571133e-10	-6.69939887863355e-05	-0.0003809912872616	4.488194533503646e-09	1.4515436096927805e-07	0.0	0.0	0.0	0.0
1163.5974387056046	-4.609710990023359	21.249435411542137	1353958.999362243	1512.8796038264393	-7.287939322052807	53.11405956192353	2288804.695674044	1096.414572542628	-0.9064402846574922	0.8216339896499554	1202124.9148838338	1125.5656077282315	1237.145773273838	1.27352	27.546179	0.0861943705265074	0.0477045366637379	-0.1114313882	-0.072060381	-0.1163413352	0.0383023969	-0.0576009207	-0.1466739172	0.130351562	-0.0513902647	0.1417088638	0.0323626824	-0.0283595304	0.0238505418	-0.1764768832	-0.1154883622	0.0741533799	0.0746116987	-0.1699465518	0.025519316	-0.0408896281	0.0428035512	0.0850780445	0.0606391191	-0.0473154644	0.0732180164	-0.1061728777	0.0557226417	-0.0673964875	0.1039634227	-0.0028534936	-0.1342543552	0.0012728961	0.0165765627	-0.1043017041	-0.107272322	-0.0802721862	0.0739359299	-0.049885136	-0.0578959708	-0.0530776235	-0.0467264555	-0.0070489814	0.0729422448	-0.0796300711	0.0037166239	0.110539719	0.0209514924	0.0252512972	-0.0126806088	-0.0156503622	0.0108438303	-0.1489557456	-0.0402053232	-0.0101949826	0.0506619659	-0.0083631661	0.0144638253	0.1769805321	0.0208441599	-0.1125822441	-0.0791877587	-0.0115997205	-0.0371237277	-0.0895105867	0.035748917	0.0005573897	0.0785452485	0.1882425983	0.0455727807	0.053843577	0.0351393422	-0.0397992222	-0.0785341269	0.0110316469	0.067486933	0.1751291693	-0.0459476577	0.1282152536	0.0011388754	0.0178750816	-0.0122219782	-0.0488799648	0.061667574	0.0785400563	0.1938500251	-0.0080777914	-0.027969909	0.0405822376	-0.0678074776	-0.0025982263	0.1792334973	0.1327900036	-0.1432566149	-0.0592197394	-0.0678389878	0.0984623807	0.0462792925	-0.0420316665	-0.0159913931	0.0327725081	-0.1507441402	0.0570501599	-0.0527424287	-0.0471909547	-0.0361508414	0.0226140024	-0.0693176977	-0.019514831	0.0074044132	-0.0957926906	0.0742022908	-0.0153120424	0.0222659766	-0.0586200362	-0.1346978551	0.0583363239	0.0462984673	0.1318681907	-0.0310248409	-0.0790868236	-0.0292662384	-0.0543585084	0.0052634504	0.0589632094	0.1189256297	-0.0018820767	0.0205663302	0.0829454045	0.1001164232	0.0972585802	-0.0045867397	-0.1150559818	-0.1767275647	-0.03774943	0.0323956501	0.0160086692	0.1096068131	-0.0029579869	-0.0746014682	-0.042973303	-0.0641782962	-0.0663105666	0.0440296967	0.1176859259	-0.0241314164	0.0422663876	-0.0211452191	-0.0147192731	-0.0994837484	0.0147083318	0.0465119823	0.0225090047	0.0225523929	0.0369880768	-0.0864849902	-0.0945685192	0.0235226525	0.1102295573	0.054148366957591	0.0056960728096698	3.244524545305961e-05	0.0029320456441739	0.0469240066328353	0.0176852726858527	0.0003127688699729	0.0022018623984783	0.0280684163697202	0.0351621648265307	0.0007878359975039	0.0012363778352881	0.0001639988701624	-0.0003369997915601	1.1356885951155089e-07	2.6895629414543733e-08	2.200844618704956e-05	4.602522959484823e-05	2.118321759258493e-09	4.843717035682562e-10	0.0001029981941478	0.0001699921829341	1.0608627997707902e-08	2.8897342258712592e-08	0.0	0.0	0.0	0.0
1164.484376147194	0.8869374415894526	0.7866580252932437	1356023.8622909198	1506.4055087740262	-6.474095052413077	41.91390674767948	2269257.556864733	1097.4570468858255	1.0424743431974548	1.0867527562249648	1204411.9697593572	1125.193632935382	1218.7145275364232	1.164981	25.198477	0.1574935573815503	0.0793449823762272	-0.0581512536	-0.0174710958	-0.0538583586	-0.1370415056	0.0007181768	-0.0265734488	0.1296017738	-0.0315785411	-0.0392819302	0.0341592116	-0.0499704337	-0.0640034384	0.0351185061	0.0038036374	0.1000468302	-0.0871097135	-0.0200804551	0.0001947531	-0.0097214419	-0.0173777459	0.2046001075	-0.0658112482	-0.0372415941	0.0086400645	-0.0609716788	0.0026390201	0.0381910952	0.0133690728	0.0530662749	0.0234711889	0.0312346693	0.0332185792	0.0713339009	0.0390948712	-0.0182394104	-0.018804379	-0.0710427396	-0.0794377024	-0.1106943042	-0.1440159734	0.0097688991	-0.0646952403	0.0213941617	0.0245839415	-0.072541841	0.0172079529	0.0352073162	-0.116750753	-0.0093077295	-0.0779216946	0.0541712217	-0.030779492	0.0603707801	-0.047494222	0.0521365648	-0.0559977304	0.0493051952	0.002857974	0.1052873888	0.102217149	0.0674949878	-0.0324294911	-0.0394081691	0.0851515104	0.0293955929	0.0045557589	0.042658299	0.1439416716	0.0863519277	0.0385245402	0.0581268283	0.06518837	0.0727744587	0.0866446127	-0.0140772754	0.0407889013	0.0691101879	0.0414911203	-0.0499561866	-0.1856789862	-0.0258584666	0.1050462379	0.0358893571	-0.0199291093	-0.1039835621	0.0529956494	-0.002830323	0.0860400494	0.0398973194	-0.0478415196	0.0393173849	-0.050249961	-0.0325795475	0.0352827483	0.034603132	-0.0150125265	0.0642668126	0.0689161668	-0.0612919821	-0.0346902771	0.0326552189	-0.0290062577	0.0341039733	0.0020544984	0.0177475521	-0.083743322	0.0689149431	-0.0960934223	0.0469005283	-0.0793213385	0.0198709606	-0.1023002609	-0.0016446991	0.0265079923	0.0421680554	-0.0331853961	0.1489651256	0.0131670493	0.1636462472	-0.0034852894	0.0797620167	-0.1256545771	0.0149478079	0.0880229253	-0.0490837787	0.025648734	0.0132358358	-0.0596435425	-0.0338302409	0.0809918847	-0.0641696085	-0.0165226724	-0.006074168	-0.0354021015	0.0411526456	-0.0509654321	-0.0749076172	-0.0383284639	-0.0372605829	-0.055325132	0.1271841424	-0.0872443089	-0.0191792623	0.1573709233	0.035950733	0.1255979217	0.0203541034	0.007437309	0.0290007637	-0.0281841997	-0.0356338036	0.0291942033	0.0349494174	-0.0891247992	-0.0910168938	0.0318670259	0.1110641056	0.0443958753285897	-0.0097524916290013	9.511109297374051e-05	0.0019709937461916	-0.0223409236289313	-0.0692649302617666	0.0047976305641673	0.0004991168685937	0.0006420179303603	-0.0274263984393599	4.1218702290412316e-07	0.0007522073313545	-0.0002509508789706	-0.0004149497491329	1.721832943055396e-07	6.297634365611673e-08	-0.0002030602403557	-0.0002250686865427	5.0655913662078455e-08	4.1233461213314654e-08	0.0004839744995005	0.0003809763053527	2.342313161667595e-07	1.4514294524019377e-07	0.0	0.0	0.0	0.0
1171.065588468001	6.581212320806799	43.31235561153921	1371394.6124939052	1534.5228897416223	28.11738096759609	790.5871124769349	2354760.4991409797	1101.7612519546676	4.304205068842066	18.526181274645733	1213877.8563087166	1129.4134346847811	1233.8382486861904	1.173467	25.382036	0.1109236252876891	0.0640227798279261	-0.052405288	0.0813452805	0.0713365176	-0.0326002921	0.0923103748	-0.0313905484	-0.0658314374	0.0223880315	-0.0476040163	0.1107031887	-0.1094368426	-0.0899460044	0.0368821503	-0.0612839462	-0.101635312	-0.0693038041	0.0272992244	-0.0100924678	0.1014160298	0.0075082805	0.0199516563	0.0798268203	0.0765402118	0.0255890828	0.0749265157	0.0181078436	0.1051330479	0.0330941717	0.140066461	-0.0211223213	0.0809404041	-0.0272858972	0.0507309583	0.0936632244	-0.1028760545	0.0405020739	0.0044727382	-0.0204096755	-0.0207188804	-0.0263366399	-0.0672818597	-0.0567843966	-0.0187785684	0.0555547296	-0.1675738041	0.1101349355	0.0502499279	-0.1890089153	-0.0033881955	-0.0637009541	-0.153969685	0.1308537299	0.0581277156	0.004809234	-0.1818500976	0.0289945161	-0.0012731313	0.0779794471	0.0202499057	0.0276230536	0.0583962352	-0.0904459051	0.0291163668	0.0572602781	-0.0365670618	-0.1256578308	0.0775471704	-0.0071054725	-0.0782660181	0.0407103617	0.0386860056	-0.0099983043	-0.0242822112	-0.09230465	-0.1120116409	0.0911895218	0.0293292395	-0.0911485123	0.020058496	-0.0134632994	-0.0597669018	0.0449416277	0.0396572167	-0.0247210687	0.0810928072	0.05750952	-0.0794660821	0.1827122036	-0.0061795594	0.0078538178	-0.0037826115	0.0720382217	-0.0628189833	-0.0430726055	0.149997445	-0.0008676733	0.0624142689	0.0507440215	-0.0334711969	-0.0102575484	-0.0681679218	-0.0383712595	0.1521937663	-0.0030957282	-0.0065727195	-0.0931924958	0.1384095008	0.0234212434	0.1318005261	0.0324026671	-0.1713745153	0.0401120035	-0.0770930934	0.0455125839	0.1751272143	0.0559691735	0.0093472197	-0.0752031872	0.0595876257	-0.0857176031	-0.1003232101	0.0044451155	-0.0206903154	-0.0440140455	-0.0915586634	0.0963996763	0.0399485284	-0.082686034	-0.0201661194	-0.0626801265	-0.0442179144	0.0605431773	-0.0582679012	-0.0217324941	-0.0645123287	-0.017223351	-0.1896486445	0.0988109967	-0.0076919035	-0.0696885073	-0.0772996546	-0.0299493593	0.0817629806	-0.0369686808	-0.0199067862	-0.0716323936	0.0663676331	0.0853834924	0.0824035867	-0.0366271027	0.0441353461	-0.1091609793	0.0328976148	-0.091630556	-0.0871572961	0.0400197472	0.1108552722	0.0453639297507493	0.0009680544221596	9.371293642627606e-07	0.0020578861224309	0.0281765891076446	0.0505175127365759	0.0025520190930901	0.000793920173741	-0.0239931531378374	-0.0246351710681977	0.0005756713974957	0.0006068916535593	0.0002940205899403	0.0005449714689108	2.96993901926904e-07	8.644810730884204e-08	-9.293482645578166e-05	0.0001101254138999	1.2127606786628326e-08	8.636881968366255e-09	0.0004430136410962	-4.09608584043e-05	1.9626108619731279e-07	1.6777919212171135e-09	0.0	0.0	0.0	0.0
1168.10580596951	-2.959782498490995	8.760312438373596	1364471.1739396784	1516.116417722532	-18.406472019090188	338.79821218955004	2298608.992087804	1098.9364677669366	-2.824784187730984	7.979405707254994	1207661.3601880714	1127.8286866845742	1238.6663794348035	1.309069	28.315102	0.1507718210729548	0.0970594435551341	-0.0728841842	-0.0757746034	-0.042265939	0.1174553569	-0.0058833897	-0.0524503426	0.0080259068	-0.0088489732	0.1060629198	-0.0527895064	-0.1032163207	0.0587052573	-0.003410491	-0.0380429134	-0.0357974114	0.1307974394	-0.0171986998	0.0573912861	-0.0805420115	-0.164080719	0.2474294289	0.0398947661	0.0972539711	0.0944233056	0.0813930508	-0.0446066585	0.0716843108	0.0445544441	-0.0521416942	0.1326630755	0.1441388626	0.0894314754	-0.076038126	-0.0696262303	0.0864584911	0.09834738	0.1655960098	-0.0713738526	-0.0342337863	-0.0069897652	0.0581503087	0.0714040563	-0.0056195843	0.0314162346	0.1687945451	-0.0932733514	0.1226398044	-0.0500587059	0.0763277152	0.0102847186	-0.0061488915	-0.0704653178	0.0089445858	-0.0472574303	-0.0163232238	0.1204111192	0.0232899035	0.03632575	-0.0663728807	-0.0323241648	-0.1277153053	-0.0550855759	-0.0265683697	-0.0455267987	-0.0626911461	-0.1053679165	0.0245721902	-0.0119486792	-0.024691031	-0.053870217	0.0600549143	-0.0580635234	-0.0519897495	-0.0355540563	0.1168947418	-0.0675776589	0.0583426362	0.1636614694	-0.0040687345	-0.1781878025	-0.1868766201	-0.00566552	-0.1220294841	-0.0048474016	0.2137491699	-0.0303916162	-0.111083561	-0.0906837948	0.0164549716	-0.0807285055	0.078082059	-0.0731981542	-0.0965583348	-0.0735045306	-0.0680931188	-0.0050627553	-0.0716702728	0.0756353203	-0.090118041	-0.0456847593	0.0175611838	0.0066001545	-0.0767816926	-0.0698691268	0.0777734005	-0.1232053686	-0.1478896289	-0.0826896319	-0.0105493966	-0.0568433462	0.060782095	0.0489953625	0.0257360297	-0.0152724004	0.108583576	-0.060562882	-0.0533039833	-0.080519906	-0.0900632686	-0.0068140652	-0.0620340076	0.1194849776	-0.0149586967	-0.0889870131	0.0109903164	-0.0307317373	0.0159256468	-0.0332821581	0.1112587034	-0.0951476958	-0.0394586589	-0.0936855504	0.0033578228	-0.0124560406	0.0023704988	-0.0527531174	0.0995105335	0.0345988239	-0.0616048583	-0.1182833132	0.0562313132	-0.0663886936	0.1439776928	-0.112802789	-0.0011360043	-0.0384313999	-0.0513964684	0.0393879526	-0.1856271301	0.0087975725	-0.1226381916	-0.0252280065	0.0308334408	-0.0939984918	-0.0830027857	0.0479317851	0.1096050192	0.0465135619662646	0.0011496322155152	1.321654230950612e-06	0.0021635114467895	0.1141435556287859	0.0859669665211413	0.007390319332847	0.0130287512915817	0.0230326240154283	0.0470257771532656	0.000530501769036	0.0022114237168686	0.0006260206097092	0.0003320000197689	1.1022401312655003e-07	3.919018037806786e-07	-9.236129200163036e-05	5.735344541513008e-07	3.289417700986305e-13	8.530608260210428e-09	0.0004430289905338	1.5349437599968853e-08	1.9627468645339787e-07	2.3560523463533758e-16	0.0	0.0	0.0	0.0
1164.333354268895	-3.772451700614965	14.231391833472744	1355672.159863056	1504.582038780472	-11.53437894206013	133.04189757904015	2263767.111420802	1098.1662670343385	-0.7702007325981413	0.5932091684947135	1205969.150052134	1126.9348033634417	1238.161110720648	1.094652	23.677267	0.1919814944700514	0.1326480999424494	-0.0686639408	-0.1086097205	-0.067047624	-0.0021377315	-0.0312954116	0.1384434965	0.154421727	-0.0196646528	0.0253172407	-0.0317650424	-0.0124551745	-0.0345532771	-0.0172862963	-0.0281757257	0.0090301908	0.0129005915	-0.0334177435	0.0215829041	-0.0941466745	0.0249727646	0.0943629712	-0.081002203	-0.1150377468	-0.0238191315	-0.121341035	-0.1081610998	0.0448069206	-0.03899646	-0.048765795	0.1066936854	0.0354346814	-0.0638764387	-0.16163303	0.0447178279	-0.0618815514	-0.0377703575	0.0315355894	-0.0105956983	0.0670939722	0.032364393	-0.0206106812	-0.1296955191	0.0581897841	-0.072690146	-0.1505784469	-0.015655947	-0.1124400769	0.1121218361	-0.0780184501	-0.0526665533	-0.112342985	0.0706744176	-0.1024920917	0.0138639949	-0.1016994015	-0.0750805564	-0.0465480739	-0.1184202269	0.0458092939	-0.1261382764	-0.0724941138	0.0097402809	0.0889593131	0.1124538759	-0.1283166702	0.0090663262	-0.0259799438	0.024019461	0.1712313022	0.1076815928	0.1131655028	-0.0079261359	0.0589767616	0.0101063332	0.0861443737	-0.0876966514	0.0055035592	-0.0046599826	0.0154529328	-0.1150293482	-0.0282626165	-0.0096001843	-0.1398161146	-0.0185067113	-0.1659182884	0.0496840218	-0.0605565903	-0.0651375318	-0.025364886	-0.0528729126	0.0029404047	-0.0496047596	-0.1224058376	0.0672150386	0.0305754595	-0.0638705079	0.0905726989	-0.0381611869	0.0411794412	0.128842979	-0.101041118	0.0979514304	-0.074357355	0.0454064376	-0.0732710158	-6.16707e-05	0.0199445978	0.1554155492	-0.03605908	0.0372660413	-0.1099576886	-0.0270830951	-0.1978587566	0.0763569578	-0.0002275653	0.1828806141	0.0822665553	-0.049837809	-0.0436259311	0.116182956	-0.0658385722	-0.1395330305	-0.1034804149	0.0746225203	0.0620571132	-0.1032384083	-0.0839465509	0.0442339659	0.0132393976	0.0563710954	-0.0330279768	-0.1077848037	0.0374128826	-0.0052925534	-0.0790049356	-0.098138627	0.0370431739	0.0694299006	0.2276631114	-0.0268179789	-0.0062397598	-0.0345279575	0.0144246439	-0.032504282	0.0296347181	0.0027628988	0.08059177	0.0732742161	-0.1343998585	-0.0497757823	0.0075243488	0.0682317332	0.0287576717	-0.0962250449	-0.0785674201	0.0555555556	0.1073250918	0.0476003042939936	0.001086742327729	1.1810088868778567e-06	0.0022657889688807	-0.0145546890793184	-0.1286982447081043	0.0165632381909471	0.0002118389741956	0.0038169259001534	-0.0192156981152749	1.4568923327261842e-05	0.0003692430540573	-5.797126285925572e-05	-0.0006839918725684	4.678448817397026e-07	3.360667317496922e-09	-9.301787317483878e-05	-6.565811732084235e-07	4.310988370117498e-13	8.652324729970393e-09	0.000617996723171	0.0001749677326371	3.819199498500936e-07	3.0613707464202697e-08	0.0	0.0	0.0	0.0
1168.377743456286	4.044389187391062	16.35708389908573	1365106.5514040028	1518.7212430314075	14.139204250935563	199.9170968496743	2306514.214034864	1096.6914650986887	-1.4748019356497934	2.175040749396377	1202732.1696203083	1124.2964552818216	1234.4535329188438	1.259271	27.237978	0.0829737037049803	0.0499538096062118	-0.0320220561	0.056173108	0.0451540843	-0.122522221	0.0160172574	-0.016492165	0.0111686771	0.0149822256	-0.1239815948	0.0976528506	-0.0489529266	-0.1341204961	0.1178930355	-0.0413326942	0.0847693931	-0.0550322156	-0.0388390836	-0.0749814203	-0.052236483	-0.0111745609	-0.0242695681	0.0349068457	-0.0511232093	-0.0072549226	-0.0080963187	0.0093591617	0.1118626303	0.0663017422	0.0161742059	-0.0428105226	-0.0170838198	0.1425019529	0.0464239513	0.1972882918	0.0072920934	0.0836005062	-0.0547551552	-0.0166362551	-0.0363513457	0.0383378112	0.0333085968	0.060052994	-0.1008348901	0.0383333988	-0.0873147539	0.0773321347	0.0288575426	0.0577682918	0.0681766916	-0.0544782895	0.1286793808	0.017123474	-0.0384277407	-0.0476949644	-0.0170744423	0.0401864326	-0.0363005903	0.0390478491	-0.0188524085	0.0282146362	-0.2139469738	0.0193057594	0.091785513	0.0634026988	0.0228474851	-0.1266032804	-0.0319695463	0.0018817644	-0.0136421542	0.0734716308	-0.2275428009	-0.046832991	0.0516085484	0.0799297019	-0.0545075872	0.097230625	0.0330823472	-0.0023518522	0.1189787597	0.0349165855	-0.0095471653	0.0749203758	0.0233440686	-0.0634040225	-0.0535672823	0.0548936276	-0.0207774375	0.1652501139	0.1423121431	-0.1189165036	0.0184904654	0.007411172	-0.0276798078	-0.132699867	-0.003665974	-0.0589402515	-0.0581215852	-0.1183720246	0.0220456647	-0.023311343	0.1065776792	-0.0580461377	0.0918244404	-0.013859641	0.0500007929	0.1122617312	-0.066436257	0.0150291302	-0.0085939617	-0.0410626471	-0.0302443963	-0.0466548457	-0.0475661617	-0.0541451598	0.0336104527	-0.0765310221	0.0610922304	-0.0002804878	-0.0308864197	0.2312919374	-0.0747097285	0.0222177165	0.0044535598	-0.148657241	-0.0308516201	-0.0464537308	0.0954127588	0.1150839059	-0.0936747457	-0.0160287474	-0.0569512092	0.0670667996	-0.0235887722	-0.0140765654	-0.0328852168	0.0982819589	-0.0114479725	0.0142439543	0.0799902834	0.1023970436	0.0937070396	-0.1919641261	0.1214740851	-0.0039385316	0.1452388488	-0.0483147668	-0.0519673903	0.0395733465	-0.1032965691	-0.0329568604	0.0803420245	-0.0098481832	0.0266710879	-0.0983068664	-0.0738662073	0.0628452084	0.1040369087	0.0328239022893228	-0.0147764020046708	0.0002183420562036	0.001077408561499	-0.020131768802031	-0.0055770797227125	3.110381823349203e-05	0.0004052881150984	-0.0377513019962094	-0.0415682278963628	0.001425160802409	0.0017279175704439	0.0001880205962383	0.0002459918590975	6.051199474227171e-08	3.5351744609805835e-08	-9.295835647971096e-05	5.9516695127825876e-08	3.5422369989385718e-15	8.64125603940902e-09	0.000443008217339	-0.0001749885058319	1.9625628062987865e-07	3.0620977173315894e-08	0.0	0.0	0.0	0.0
1171.7249312509882	3.347187794702222	11.203666133003525	1372939.3145151332	1527.9880121314543	9.266769100046758	85.87300955358141	2334747.3652174333	1098.599317462641	1.9078523639523155	3.6399006426384384	1206920.4603293806	1125.9750448747395	1237.7157357387196	1.213921	26.257059	0.1482206002497535	0.0699089671011135	0.0309399481	0.1140760351	0.0562693773	0.0987807714	0.1036242952	0.0450335701	-0.0864084964	0.0394963524	0.0491072229	0.0106136221	-0.0275781781	-0.0403282918	0.1465412475	-0.0102217892	0.0227935447	-0.0107384451	0.1202219043	-0.0195022939	0.0010840973	-0.0102654131	0.0818973296	0.0134455604	0.0049770865	-0.057232676	0.1813325419	0.0717983975	-0.1157825615	-0.0062714033	0.0475786789	-0.0033730099	-0.0163985162	-0.0213111261	-0.0582102401	0.0534334876	-0.03407007	0.1401980004	-0.0996042638	0.0393120635	-0.0421815289	-0.0003883048	0.0769735665	0.0513231708	-0.027661712	0.0559300568	-0.0569569775	0.057614593	0.0031897195	-0.1909030172	-0.198709126	-0.0279099657	0.0729719931	0.1016225613	-0.0181564147	-0.0023429078	0.1191288535	0.0453093725	-0.0099997492	-0.1311995746	-0.0808279228	-0.0762048527	0.0266069767	0.0259466172	-0.1402490042	-0.0320311204	-0.0801733875	0.0528204731	-0.0439969596	-0.0399187655	-0.038849261	0.0089092185	-0.0452067978	-0.0884442882	-0.0615399331	0.0218770495	-0.074861269	0.0492538216	-0.0765602173	0.0140289073	-0.0062746443	-0.0646096407	-0.0463950127	0.0989607557	0.0509546707	-0.0735916317	0.0443669211	-0.1293601585	0.0784006475	0.038595094	0.0367413128	0.0091383312	-0.1404593352	-0.0050537452	-0.0500371448	-0.0581061141	0.0426733657	-0.0279786194	0.0327824174	-0.0794258846	-0.0045060471	0.0271845256	0.0152904437	0.08987623	0.0507626324	-0.0460722881	0.1310003795	-0.1817515666	0.1706562703	0.0049493251	0.0233496212	-0.0454166998	-0.0688592259	-0.016272686	0.0903943354	-0.1715482046	-0.1246909055	-0.0401527511	0.012166391	0.0272073685	-0.0667942573	-0.0318717621	0.0198274524	0.0178240488	0.1165465788	0.0693239812	0.1486626351	-0.0318341504	-0.0100953678	0.0184491218	0.0520165557	-0.0783893335	0.0403829154	0.0831910115	-0.039165441	-0.1172307138	-0.0111512242	0.0183438634	-0.0538530985	0.2029977209	-0.0378438473	-0.0222959274	-0.0014747072	-0.0780420297	-0.0187684567	-0.1038650541	0.0099879323	0.0052669124	-0.0278152633	0.1190061963	-0.0778806906	-0.0026806297	-0.0366942915	-0.0075092103	0.0245744743	-0.100240825	-0.0689150546	0.0697569027	0.0997713604	0.0520153089044157	0.0191914066150929	0.0003683100878658	0.0027055923604217	0.0330611869214294	0.0531929557234603	0.002829490538598	0.0010930420806536	0.0033380541781014	0.0410893561743108	1.1142605695940212e-05	0.0016883351908193	0.0004810334399164	0.0002930128436781	8.585652656032665e-08	2.313931703178048e-07	-0.00028594321551	-0.0001929848590302	3.724315581494054e-08	8.176352249619832e-08	0.0002340682853096	-0.0002089399320293	5.478796218777632e-08	4.365589519645028e-08	0.0	0.0	0.0	0.0
1167.259856033911	-4.465075217077128	19.936896694156367	1362495.5715083068	1528.9502662769978	0.9622541455435112	0.9259330406156728	2337688.9167485023	1097.9735728103203	-0.6257446523206909	0.3915563699079423	1205545.9665898597	1126.9171200498176	1256.8240906370015	1.208476	26.139278	0.0960909204523518	0.0510162593011481	-0.0244345264	0.0855432493	-0.0033891256	0.086927131	-0.1234732238	0.0576220361	-0.0146547794	0.1124841624	0.0707123522	0.0327009198	0.0868878776	0.0991715969	-0.0821966778	0.1187130095	0.0437983453	-0.009585036	0.0883455525	-0.1200957251	0.0507405417	-0.0296592181	0.078240276	-0.0115354328	-0.0102403565	-0.0583333501	-0.0167892178	0.1250825224	0.081545769	-0.0816171861	-0.0544289789	-0.0145022626	-0.1176717976	-0.018236548	0.0621101881	0.0465917928	0.0821530305	-0.0424445596	0.1545430423	0.0121444319	0.0838911893	-0.120345448	0.0863316809	0.0159208544	0.0662620545	0.0891648518	-0.0400003598	-0.0597319005	0.100408588	0.1131964532	-0.0327265067	-0.0791664736	-0.0025361752	0.0313418978	0.1547906975	-0.1327270347	0.0754540872	0.0533565522	-0.0921474949	0.0397721245	-0.1742877182	-0.0143896098	0.1045335851	0.0937574793	-0.1126358711	-0.0013669717	0.026121654	-0.051995271	-0.1207291636	0.0642878578	-0.0359838935	0.0566587197	0.0405019195	-0.0224772968	0.0052204722	0.0175461037	0.0346101836	0.1070371245	-0.098901154	0.0340648098	-0.0819535004	-0.0816829732	0.0006448365	-0.0259981201	0.0641820532	-0.086370557	-0.0777857721	-0.0942900725	-0.1188075956	-0.0175155818	-0.0338530264	0.0074895127	0.0229269997	-0.010844914	0.1212629082	0.0363586132	0.0158083618	0.1843497091	-0.0121532543	0.0034490971	-0.0826026099	0.0068682108	-0.0981741653	-0.0028400732	-0.0636740429	-0.1238580289	0.0381975586	0.0637098204	-0.1385540152	0.0134690209	0.0190603283	-0.012995015	-0.096315778	-0.0529815294	0.2257183464	-0.0296459037	0.0886069646	-0.0709974413	-0.1175575393	0.0864356584	0.0889334755	0.0494254138	-0.0486640395	-0.0283119301	0.0462681069	-0.01591768	0.0923003043	-0.0978964161	0.0391038648	-0.171353097	0.0229078423	0.0258569664	0.012593804	0.0351951312	-0.0270473271	-0.0585215432	-0.1269103697	0.0589601689	0.0546295844	-0.0329880074	0.1611242716	-0.046475094	0.0482771281	-0.0841068989	-0.1632437986	0.0100698241	0.0245574776	-0.0387725966	-0.0560828947	0.0980873637	-0.0366079209	-0.0425064816	-0.073641548	-0.0396361668	0.0224686191	-0.1020240119	-0.0637307152	0.0762490709	0.0945685192	0.0540033887444764	0.0019880798400606	3.952461450455772e-06	0.002916365995887	0.0074016702950387	-0.0256595166263906	0.0006584107935	5.478472315645828e-05	0.0148904942831222	0.0115524401050208	0.0002217268199956	0.00013345887238	-0.000262979267281	-0.0007440127071974	5.53554908471204e-07	6.915809501965164e-08	-9.305720445240696e-05	0.0001928860110575	3.720501326170992e-08	8.659643300497071e-09	0.0004349872446722	0.0002009189593625	1.892139030275124e-07	4.03684282313501e-08	0.0	0.0	0.0	0.0
1167.7010741521672	0.4412181182560744	0.1946734278774312	1363525.798576125	1518.4880672807246	-10.462198996273171	109.4576078376194	2305806.0104739503	1098.9481611263668	0.9745883160464928	0.9498223857743384	1207687.060843023	1128.3188092378973	1241.47646632364	1.325275	28.665644	0.1831100118011547	0.1017901200424587	0.1238856991	-0.0146161942	0.0194859173	-0.0892276969	-0.1420554808	0.0159852302	0.0598650126	-0.033201807	-0.1348497399	-0.0572099373	0.1269344608	0.0268340189	-0.1162070348	-0.0668563921	-0.0164061779	-0.0785462261	0.0275048564	-0.1102781131	-0.1270892503	0.0880212561	-0.0267773169	0.0743158836	-0.0707896691	0.0831491417	-0.0318501876	0.0522224519	-0.0876478437	-0.0214599859	0.0227339249	-0.0564201225	-0.0807204427	-0.0623496205	0.0345957177	0.096295197	0.1197800424	-0.018540197	-0.0999098889	0.0741420054	0.001086131	0.1467904762	-0.0954702107	0.0524528083	0.0449189935	-0.0199761927	0.1304723417	-0.0245127535	0.2219516329	0.0776894006	-0.0459700588	-0.0028108002	0.0105550984	-0.1175237608	-0.103815529	-0.0957835849	-0.132342315	0.0574378696	-0.0140465855	-0.0877420657	0.0190581903	-0.2013100723	0.0911524935	-0.0031953388	0.0063687501	-0.031349446	0.1045578847	0.0573035479	0.0504346172	0.0568944059	0.068629535	-0.0514122089	-0.0468339636	-0.0318479482	0.1675982721	-0.030780807	0.0487420494	-0.077063202	-0.1264953555	-0.0087278892	0.0522873686	0.0253504107	-0.0570959571	0.0067022052	0.0837591109	0.1568421581	-0.0482202411	-0.0180991582	-0.0040660678	0.0306024714	-0.0160834988	0.0076176678	-0.1371570549	0.111989431	0.0618495456	-0.0103036055	-0.1365007874	0.0379230722	-0.0058059716	-0.1110347316	0.0901844181	-0.0229817531	0.0274021838	-0.020323115	0.1184582667	0.0575866547	-0.0091283355	-0.1285585496	-0.17042422	0.0096369106	-0.1532833975	-0.0152961279	0.038159334	0.0023230199	0.0227106628	0.0075352439	0.1632547173	0.0800891213	-0.1524271707	-0.0311852416	-0.1656030129	0.0252293362	0.150100093	-0.0688021766	-0.0026971187	0.1075703085	-0.0863713539	-0.0331143879	0.0669609801	0.0104825868	-0.1226378375	-0.0227858804	-0.0107601442	0.0001580026	0.192986639	-0.0449804369	-0.019528212	0.0496734436	0.0616565479	0.0053227018	-0.07522263	-0.0310590757	0.0400515474	-0.0636302488	-0.0013385617	0.034563105	0.0117453568	0.0972265129	-0.0146768223	0.0016109798	-0.0097516208	-0.0811910396	0.1104871033	-0.1569383	0.0203543145	-0.103653745	-0.0583307311	0.0822826681	0.0884772626	0.0538506874107298	-0.0001527013337465	2.331769732798989e-08	0.0028998965346081	-0.0582726804205293	-0.065674350715568	0.0043131203419114	0.0033957052833931	-0.0415880823803433	-0.0564785766634654	0.0017295685960742	0.0031898296219309	0.0003666551360686	0.0006296344033496	3.964394818814069e-07	1.3443598880548358e-07	-0.0005503967300508	-0.0004573395255983	2.091594416745632e-07	3.029365604506132e-07	0.0005641009774917	0.0001291137328195	3.182099128070914e-07	1.667035600258523e-08	0.0	0.0	0.0	0.0
1169.0668036921563	1.365729539989161	1.865217176399005	1366717.1914949948	1517.849452632366	-0.6386146483587254	0.4078286690983385	2303866.960856373	1100.852108600405	1.9039474740382047	3.62501598389646	1211875.365009958	1128.4650228393505	1239.4775550230322	1.290527	27.914028	0.2187661477707406	0.1433764284741711	0.0969177527	-0.1178992952	-0.0281424714	0.0397867386	0.0605326942	-0.0079725792	-0.0192086256	-0.1316163655	-0.0282827651	-0.1571225497	0.0091379969	0.0326258968	0.072977366	-0.1209971879	-0.0996097092	0.0588394599	0.0268912547	0.0752266968	-0.1047381811	0.1653775472	0.0023404665	0.0791515822	-0.033103819	-0.0158903471	-0.0238218359	0.0823641074	0.0369186143	0.0831933417	0.1070911643	0.0370477759	0.0654492392	-0.0582264607	-0.0368372543	0.0965079907	-0.0038511974	0.006401186	-0.0147698428	0.0644775119	-0.0710386757	0.0035823142	-0.0779634285	-0.0211462672	0.0280152702	-0.0072104762	0.0766643448	0.0175039537	-0.009895666	0.0983217229	0.0380228478	-0.0248262426	0.209708454	-0.0749416558	-0.0457911023	-0.1381447131	0.0062909217	0.0567513714	-0.0463583798	-0.0158595513	0.0331039451	0.1226623246	0.0265940013	0.0908731528	0.0371317391	0.0152019948	-0.0178807682	0.0675956447	-0.0063033161	0.0150670572	-0.221299879	0.0716077833	-0.0050545297	-0.0832534511	-0.0525996558	-0.0739664487	0.0131474941	-0.1722050149	-0.0505816077	-0.078758294	0.0583955711	-0.0009568213	-0.0351029623	-0.0032917842	0.0725638079	0.0417572429	-0.0066362637	-0.0418139231	-0.0012008685	0.1731333561	0.0929204435	-0.030395058	-0.0339121659	-0.0015995653	-0.1097386787	-0.0386403508	-0.0352964822	-0.002969898	0.1103221109	-0.0486090469	0.0688251677	-0.0016637782	-0.0110145129	-0.0167576682	-0.0574392661	0.1404440632	0.0110906186	0.0826399417	-0.08112528	-0.0489501039	-0.0078861791	-0.0986548685	0.1099624707	-0.0348083713	0.0959384678	0.0191825119	0.0261631298	-0.0799298581	-0.1087634926	0.1462267998	0.0343522576	0.0955649435	0.0894326144	-0.0016130879	0.0122631935	0.0087872795	0.067153632	0.123918134	0.0488398863	0.0289320691	0.0469735155	-0.1208897739	-0.007036757	-0.0282750341	0.1754518484	0.0709635002	0.0373790074	0.0221253998	-0.0788255905	0.114222523	0.0242300564	0.0123295927	0.0622363907	-0.0154334661	-0.1290608336	-0.0557832193	-0.0194528816	-0.0007889215	-0.0051833632	-0.0130926573	-0.0021343859	0.0739623591	0.01530249	0.0119112804	0.0182323554	-0.105127573	-0.0527333744	0.0878214077	0.0815548146	0.0634305254564395	0.0095798380457097	9.177329698202704e-05	0.00402343155968	0.0764870337781218	0.1347597141986511	0.0181601805709021	0.0058502663361755	0.0081428553032765	0.0497309376836197	6.630609249009822e-05	0.002473166162892	0.0007181164833178	0.0003514613472492	1.235250786102228e-07	5.156912836127242e-07	-0.0005503482020396	4.852801119997231e-08	2.354967871024638e-15	3.028831434882204e-07	0.0004216976958969	-0.0001424032815947	1.7782894672475438e-07	2.02786946089679e-08	0.0	0.0	0.0	0.0
1164.9574663855776	-4.109337306578709	16.88665309923956	1357125.898487504	1523.5720677429892	5.722615110623337	32.74832370433455	2321271.845606648	1097.6086994090656	-3.243409191339424	10.519703182465056	1204744.8570184603	1125.4813026403622	1248.5105831584142	1.383121	29.916843	0.1418374293993821	0.0738497357571072	0.1623665301	0.0497398279	-0.1311932576	0.0516705291	-0.1439714692	-0.1264353844	-0.0033796692	0.0012933968	0.039699642	-0.0708052806	0.1129287857	0.043869362	0.0091817661	-0.0613253556	0.0545166888	0.0753482858	0.0943767591	-0.035237733	-0.123222736	0.079236234	0.0203677022	0.1627696275	-0.0740945661	0.00867912	-0.0820427697	-0.0251712239	-0.1359763679	0.0294072523	0.094278672	-0.0283719463	0.0712712023	-0.0782699585	0.0166830913	0.0673258234	-0.0891207538	-0.0325879983	0.064035437	0.1385337293	-0.0543111881	-0.1038542569	-0.032922865	0.0868950678	-0.0458709357	0.0014834837	0.0418962786	0.1067786182	-0.06961631	0.0179483935	0.0141041364	0.0820795972	-0.1006107678	-0.0058687033	-0.00153133	-0.007125891	0.0806300425	0.086743987	-0.0932287707	-0.049698333	-0.0294119107	0.0343738251	-0.086333899	0.0271957904	0.0046857068	-0.0286677964	0.0074790223	-0.1259776885	-0.1662881666	0.1272465374	0.0358154616	0.0412668328	-0.0326559452	0.0214537149	-0.0519490031	0.062843267	0.0553543052	-0.0265931528	-0.1427459145	0.0156310533	0.0066121675	0.0394910962	-0.1022691568	0.0161185867	0.0980871106	0.1318745564	-0.0898985285	-0.0124759518	0.1355049292	0.1024015811	-0.0172401394	-0.0449116524	-0.0113063923	0.0801658669	-0.0796261971	-0.0819974699	0.0995552656	0.0619999904	0.1341746408	0.0439826965	0.0525306047	-0.0285043249	-0.0045100988	0.0005967598	-0.1478731307	0.0288332499	0.0216637771	0.0682423057	0.0198280294	0.0290485258	-0.0847260162	-0.0308025932	-0.0822475569	-0.0092506121	-0.022105729	0.0774345607	-0.1464416881	-0.0471997993	-0.0798795095	-0.0330161437	-0.0241827994	0.0154321078	-0.0180540794	0.0193790178	0.0195471686	-0.166905448	0.0741343356	-0.0473753295	0.0995255615	-0.093516657	0.0765868651	0.0612105232	0.0211103944	-0.0084783692	0.1670221016	-0.0442597995	0.0226850135	0.1237851193	0.1228193623	-0.083111561	-0.0430938738	-0.0293607523	-0.0310918251	-0.0591276683	-0.0682972764	0.0250883677	-0.1686152012	-0.0703101135	0.1115533873	0.17321275	0.1403661719	0.0049561486	-0.0043253045	0.1558482268	0.0161035399	-0.1064432791	-0.0469575846	0.092831979	0.0738662073	0.0704587468956248	0.0070282214391853	4.93958965982239e-05	0.0049644350141017	0.0424121039100811	-0.0340749298680407	0.0011611008455118	0.0017987865580795	0.0302753917257376	0.0221325364224611	0.0009165993441468	0.0004898491684915	-0.0003444199084004	-0.0010625363917182	1.1289835837255322e-06	1.1862507330253992e-07	-0.000252108868624	0.0002982393334156	8.894669999618142e-08	6.355888163887329e-08	0.000632956804157	0.0002112591082601	4.006343159286429e-07	4.4630410822852666e-08	0.0	0.0	0.0	0.0
1164.737661385043	-0.2198050005345067	0.0483142382599744	1356613.8198486993	1506.809695548331	-16.762372194658155	280.97712159224886	2270475.458598454	1097.5710038576035	-0.0376955514620931	0.0014209546000313	1204662.1085089876	1126.2095978531995	1230.0842465181745	1.414382	30.593018	0.1711362713902901	0.0945941001886732	0.087219549	-0.1134036894	-0.0425581762	-0.0882324535	-0.0414784339	0.0438731652	0.0824111221	-0.0553012384	-0.0534260986	-0.0441354095	-0.0030442981	0.083051732	-0.0888902002	0.0244437742	0.0328594174	-0.0442786573	-0.0435161201	0.0211709768	-0.1957862534	0.0436429602	-0.0428876444	-0.1128429776	0.0148242922	-0.0382770558	-0.082397864	0.0170546225	0.1089799335	-0.0658578727	0.0524583085	0.0525510645	-0.1478058072	-0.1215584638	-0.110006076	0.0094238183	-0.0562760613	-0.0208468358	-0.0454438692	-0.0609047985	0.0399480221	0.0536847483	-0.022888414	0.098243518	-0.0321653492	-0.018834727	-0.0448291987	-0.0267359902	-0.0945499323	-0.0898538061	0.0336329335	0.0639184793	0.0289108345	-0.2397460647	-0.0181204817	-0.0590893001	-0.0076062308	-0.0628247701	0.0131557755	-0.0206066584	-0.138967518	0.0313572998	-0.0517489687	-0.0774240227	0.2360026483	-0.0578327027	0.0589763448	-0.0316620197	0.1021919658	-0.0576505841	-0.0563615967	0.11895672	0.0397882236	0.1110201308	0.1125627359	0.0270261469	0.0300429443	-0.1277535098	-0.0425380339	0.0640783974	0.0634231957	-0.0130061456	0.1375158216	-0.0573344907	-0.0042423615	-0.0192525442	-0.0479572877	0.0244672163	-0.1081324093	0.0346784228	-0.0806964374	0.0708545923	-0.0869425669	-0.1383610266	0.018412641	0.0348705744	0.0388640879	-0.0514610343	0.0565149926	-0.0783192845	0.005156452	-0.0967170546	0.0264833896	-0.0398458372	-0.0011414779	-0.026020105	-0.1168372162	0.0632785308	0.064230847	0.1308984061	-0.1056139379	-0.06149194	0.1222285472	-0.1306826459	0.0178945066	-0.0524712156	0.0381389632	0.0363470545	-0.0296303131	-0.00052596	0.0213108376	-0.0073842434	-0.0021854973	0.2172071717	-0.1857257427	-0.1008269953	-0.0608022349	0.0469727757	-0.0026534515	0.0941201917	-0.0608444021	0.0376415138	-0.0079524144	-0.0495792686	0.1694834709	0.0295540858	-0.0622176704	-0.0150681068	-0.1001668164	0.0436249651	-0.0203803813	-0.0110833114	0.1070901366	0.0178069163	-0.0106744519	-0.1006432418	0.0247130325	0.0114258892	-0.0532142732	0.0451758127	0.1032496988	0.0098458118	0.0638608809	0.0322149636	0.0139686685	-0.1075988845	-0.0410229053	0.0972842479	0.0654836707	0.0538113512352396	-0.0166473956603852	0.0002771357822734	0.0028956615217623	-0.0286427503009178	-0.0710548542109989	0.0050487923069463	0.0008204071448007	-0.0250290754550235	-0.0553044671807611	0.0006264546181332	0.0030585840901478	-0.0002098072044711	0.0001346127039293	1.8120580059157376e-08	4.4019063047977967e-08	-0.0004440909363223	-0.0001919820676982	3.685711431771464e-08	1.972167597236171e-07	0.0008689531192923	0.0002359963151352	7.550795235278181e-07	5.56942607574398e-08	0.0	0.0	0.0	0.0
1167.998862051324	3.2612006662809563	10.635429785751354	1364221.341753188	1515.851920599296	9.042225050964817	81.76183387229568	2297807.045184574	1099.6799588526774	2.108954995073873	4.44769117124704	1209296.011902226	1127.472480060496	1235.5357809616442	1.037861	22.448877	0.1344253529922442	0.0709238262585066	0.0332575872	-0.1156914112	0.000808922	-0.0221541986	0.0781764805	0.1051076518	-0.0142346471	-0.1101928899	-0.0600261831	-0.0591925571	-0.0977210285	-0.0147093219	0.0073546381	-0.0149664146	-0.0261381022	-0.0171125911	-0.0551732803	0.0790326903	-0.0197559198	0.066832323	-0.0543803132	-0.1144251967	-0.0439450647	0.09409294	0.054682133	-0.0282897212	-0.0921895214	-0.1072950945	0.0440012319	-0.0404761125	-0.051807849	-0.1470344781	0.0686949967	-0.039988957	0.0136520954	-0.1034110344	0.0216823157	0.0413671402	0.0152777371	0.0968472662	0.0079766057	0.0451292728	0.0742471433	-0.1159675623	-0.1334349373	0.0261971001	-0.0283237671	-0.0024974787	0.143842747	0.0552075622	-0.0019100795	-0.0360260387	-0.0139854182	0.046021463	0.0622699822	0.0968384381	-0.0133283977	-0.0384920376	-0.0064815454	0.0309913722	0.1490215558	0.1309872313	-0.0025677839	-0.0940782764	-0.0582524092	-0.0496821845	0.1606104905	-0.0661999768	-0.0241724037	0.035818046	-0.1099631986	-0.1122794383	0.0151457972	-0.0103792399	-0.0415678245	-0.1133218974	0.02871192	-0.0456543869	-0.0183718487	0.0003149318	0.1268074338	0.0386533959	-0.049181724	0.059960231	-0.0014916717	0.0225783405	0.0077378165	0.0055348166	-0.103976957	0.0415212367	-0.197829693	0.1629105514	0.0609304872	0.0122672096	-0.0154795818	-0.0495667486	-0.0105313925	0.0530221957	-0.0437989129	0.0404872337	0.0151743697	0.0597653288	0.0409776538	-0.0126879557	-0.1846115924	0.13705894	0.0685372559	-0.0488875441	-0.0162498702	-0.0116962539	-0.0022575103	-0.053348759	-0.0034710821	0.0606448441	-0.0524887692	-0.044758809	-0.1079832168	0.1143839417	-0.0819109565	-0.1173921756	-0.0259692426	0.008501747	0.048645562	0.0070073201	0.0128624168	0.0997729726	0.1865098341	0.1436356421	-0.0104510712	-0.0698609063	0.0035870749	-0.0603799842	0.1280880474	-0.0045157171	-0.021250072	-0.0996302172	-0.0533180374	0.0439494121	0.039069437	0.0323237693	0.0878370795	-0.0683778324	-0.0037570635	-0.0645989111	-7.00415e-05	0.1052680697	-0.0988522864	-0.0546906745	0.1296210217	-0.0319469891	0.0342429834	0.0748933231	0.0118285441	-0.1085926509	-0.0349494174	0.1011514379	0.0564859537	0.059365125976484	0.0055537747412444	3.0844413876484345e-05	0.0035242181822038	0.0324307719577632	0.061073522258681	0.0037299751210816	0.0010517549697764	-0.0068785961394297	0.0181504793155937	4.7315084849377175e-05	0.0003294398993857	0.0003450956586754	0.0005549028631464	3.079171875281833e-07	1.1909101363660819e-07	-0.0004269222056405	1.7168730681799973e-05	2.947653132241798e-10	1.8226256966894937e-07	0.0004480731795861	-0.0004208799397062	2.0076957426439745e-07	1.7713992364709457e-07	0.0	0.0	0.0	0.0
1165.4981217202635	-2.5007403310605696	6.253702203392927	1358385.8717334622	1514.3813185854128	-1.4706020138830809	2.1626702832369733	2293350.7780804937	1097.4772194284867	-2.202739424190668	4.8520609708838345	1204456.2471644827	1124.965363079288	1235.3941931912352	1.126413	24.364252	0.121314450109071	0.0680559549394465	0.1315737905	-0.076929119	-0.080132521	0.0279055189	0.0667643148	-0.0598019557	-0.0280933577	-0.1174207704	0.0224465543	-0.0493444432	-0.0026416428	0.0710272203	0.0240639162	0.0908484947	0.0857035318	0.0494503667	0.0498541815	0.0414122111	-0.0895378922	0.1114124477	0.0012301967	-0.0028154818	0.0557795723	0.0831016551	0.0023723316	0.0089718687	-0.1633601183	0.0853351388	0.0631681152	-0.0056954936	0.0590742789	-0.0867866208	0.0511627926	-0.0284402976	0.0321533712	-0.0261075575	0.0097975332	-0.0071338559	0.0334292825	-0.0905229179	0.0869081041	0.0565234695	-0.0252317313	0.0033768142	-0.0012557751	0.0678654334	0.0894490839	0.0801757981	0.0465072892	-0.0922206286	0.0179908794	0.1261079382	0.032783756	0.0634651136	-0.0008258126	-0.0503479851	0.0622475456	0.0210081892	0.0140843324	-0.0365403207	-0.0224277637	-0.0174521792	0.0627679528	0.0286684681	0.0941680711	0.0185353882	-0.0469712868	-0.0367337277	0.0782002455	0.1164230294	0.1998703703	0.1061472012	-0.0524613618	0.1024625736	-0.0095965072	-0.1066665165	-0.0609920675	-0.0002530361	-0.0359999979	-0.0134120405	0.0424004266	0.0090400087	0.0977256878	0.0983476342	0.0498940232	-0.004454161	0.0807566159	0.0213337999	0.0514897623	0.0414472877	-0.1085873534	0.0627058944	-0.078838925	-0.0148778499	-0.0123045914	0.0141508298	0.0123593026	0.0326565241	-0.1232871613	0.0333767989	0.0652870859	-0.0067456837	-0.0017844566	-0.0046842323	0.0935734001	0.1038499778	-0.0508147702	-0.1124361288	-0.0182517865	0.1133546257	-0.0927403641	0.0152870204	0.0558447766	0.0149318361	-0.0268465864	0.0644346834	0.0399005919	-0.0095082387	0.0200281858	0.0416758319	0.062900015	0.0423390673	-0.0134211452	0.0413347005	-0.0414248954	-0.038378228	-0.1088021259	-0.0258352064	0.1022483382	0.0427494537	0.0505960983	-0.0269498433	0.1205915379	0.0893443325	-0.0199533379	0.1203517792	-0.0624328626	0.0798906629	-0.0755863064	0.0040891599	-0.0368869842	-0.0003227933	-0.0907562122	-0.1220681421	-0.0465175169	0.1468497163	-0.0419886362	-0.0333805457	0.057582713	0.1037092042	0.1445155962	-0.015410482	0.0096839714	-0.1094230837	-0.0287576717	0.1044102912	0.0469575846	0.066739207395571	0.0073740814190869	5.4377076775324126e-05	0.004454121803789	0.0533735136046686	0.0209427416469053	0.000438598427689	0.0028487319545077	0.041753745706174	0.0486323418456037	0.0017433752804958	0.0023651046733876	-0.0002309465667468	-0.0005760422254222	3.318246454693608e-07	5.3336316692134156e-08	-0.0002015616733619	0.0002253605322786	5.0787369508893926e-08	4.062710816844926e-08	0.0005339761258348	8.590294624869995e-05	2.8513050296154215e-07	7.379316174207033e-09	0.0	0.0	0.0	0.0
1167.7792965125232	2.2811747922596624	5.203758432840914	1363708.4853632834	1513.5177059575456	-0.8636126278672691	0.7458267710118103	2290735.846246992	1099.227598696251	1.7503792677644014	3.063827581019442	1208301.3137355263	1127.3262388682183	1236.5726030974522	1.269661	27.462698	0.1981536468629731	0.1157987241447535	-0.0100956946	-0.1197653586	0.0224616261	-0.0431056778	0.0435092565	0.1200678208	0.041929288	-0.0467160883	-0.0278142764	-0.0130277785	-0.055042712	0.0797566314	0.0315603076	0.111205748	-0.0087948679	-0.0412718942	-0.081665104	0.0763359733	0.0402559651	0.0287436834	-0.0297009289	0.0203697228	-0.0553104657	0.0788309306	0.0957137109	0.1520463715	0.0778753602	-0.0158052058	-0.0720057936	0.0023830728	-0.119823588	-0.0211462449	-0.0818028041	0.0609558501	-0.0248725831	0.0529933887	0.1041756971	0.080613425	0.0751183862	0.0744469503	0.0690539525	-0.0317915285	-0.0130529462	-0.099693531	-0.0512961937	-0.1127376793	0.043342685	-0.1198505134	0.1076162183	0.1296698454	0.0350129604	0.032993244	0.1209392761	-0.0341985816	-0.0801257327	-0.1172598233	-0.01979987	0.0762714959	0.0775849814	-0.0051990761	-0.0806714927	-0.0597529884	-0.0115207782	0.0089106584	0.1749296762	0.1116453406	-0.0264440089	0.068623266	-0.1277088385	-0.025682807	0.0590945502	0.0487170392	0.0456719423	-0.0073931363	-0.036418807	-0.0725046704	0.0681053322	-0.0729160564	0.005335542	0.0371067328	-0.0070698475	0.0830113266	-0.032494193	0.0071719784	0.0438063189	-0.0530149707	-0.1835247639	-0.0516837254	0.005053223	-0.0521808334	-0.100795053	-0.0172828428	0.1312571443	-0.0652786144	0.0846591514	0.0679035862	-0.0312651294	-0.1077093001	-0.0011945229	0.066097369	-0.003836552	-0.0385206798	-0.0720357098	-0.1104845849	-0.1899545996	-0.0012187354	0.0521664668	-0.0054691217	0.1291773194	-0.0260529802	0.0576498145	0.1307744679	0.1108021223	0.0209566594	-0.0075907021	0.0558546328	0.0092959519	-0.0587959637	0.0523700765	0.1063309279	0.0971707539	0.0897098721	-0.0077094508	-0.0196907565	-0.1387086318	0.0632668326	-0.1071169233	-0.1197638372	-0.0479484365	0.095718668	0.0486814649	-0.0968054688	0.0031134741	0.0351959923	-0.0297251353	-0.0611613185	-0.0027163599	0.0228034568	0.0205232166	0.0849912648	0.0677565651	-0.0729505357	-0.0687801248	0.0067731419	0.0228503355	0.1623868276	0.0787680398	-0.0742552934	0.0052080214	-0.0734757859	0.0089109036	0.1414845299	0.007535757	-0.1100889337	-0.0224686191	0.1070412087	0.0369880768	0.0642472043113855	-0.0024920030841854	6.210079371590036e-06	0.0041277032618289	-0.0515678790114293	-0.1049413926160978	0.011012695884206	0.0026592461457374	-0.0056427837809707	-0.0473965294871447	3.184100879878599e-05	0.0022464310074257	-0.0007133541630614	-0.0004824075963146	2.327170889820301e-07	5.088741619570305e-07	-0.000412751943049	-0.0002111902696871	4.4601330010510034e-08	1.7036416649072493e-07	0.000706852693344	0.0001728765675092	4.99640730087667e-07	2.9886307593763024e-08	0.0	0.0	0.0	0.0
1172.1590331263412	4.379736613818068	19.18209280641856	1373956.798939679	1521.7400499217129	8.222343964167294	67.60694026507834	2315692.7795357374	1102.0605545913368	2.832955895085661	8.025639103500598	1214537.4659861648	1129.6830305293988	1239.7160953742512	1.145408	24.775126	0.0690189840408294	0.0433732350332281	-0.1061670016	-0.0298090069	0.1203613123	-0.0230378935	0.0327997787	-0.1456656008	-0.0110380726	0.0438041704	-0.013359381	0.047013532	-0.0909894572	0.0212427631	0.0363139389	0.0007885151	-0.1305735719	-0.0222380878	-0.087657328	0.0393237474	0.10268153	-0.0667084149	0.0544319098	-0.0427502254	-0.0171145862	-0.058551151	-0.0210516207	0.0484636906	-0.0075736334	-0.070354374	0.077841455	-0.1176079747	-0.014644612	-0.0003051824	-0.0625259884	-0.082547535	0.0487231591	-0.0244446032	-0.1006297685	-0.1479939001	0.012509333	0.0491903954	0.0503404097	0.1089791944	-0.0010027513	0.1717258224	-0.0554741979	-0.0597672781	0.0120051435	0.0825993575	0.0627867503	-0.03321944	0.056260897	-0.0375082186	-0.0622024789	-0.1223831753	-0.1038369586	-0.0771070432	-0.0214073254	0.0252288788	0.0496025854	0.1004608211	0.0388921037	0.0378358129	-0.1368569836	0.0924419429	-0.134243806	0.0528133491	-0.0209488187	0.0215860517	-0.0331238358	-0.0974980112	0.0309492722	0.1838897908	-0.0377640758	-0.1257617086	-0.0591372016	0.0601283684	0.1488395408	-0.0183015322	0.0585464493	-0.0310334445	0.0197455429	0.0385280048	0.0432184112	-0.0228219245	-0.0465164936	-0.0400845347	0.0083941479	0.0095615872	-0.0971774955	0.1579632871	-0.047783645	-0.0494322079	-0.0096471907	0.0355874543	-0.0745339724	-0.071713253	-0.1006880085	-0.0351368569	-0.058200584	-0.0176498271	0.1336976446	-0.0131940589	0.0275247391	-0.0989751223	0.0813793835	0.070117017	-0.0289799004	0.10509691	0.0190514615	-0.140391939	0.0296921592	0.0030786965	-0.0249276831	0.1017025722	0.1118311442	0.0321406029	-0.0248484671	0.0603789955	0.0912622639	0.0347573598	-0.0343381103	-0.0873622406	0.054557069	0.1303066511	0.0531418741	0.0705999773	-0.1656156757	-0.1314169242	-0.0603894912	-0.065695578	-0.0369154249	-0.0912956763	-0.1154838738	0.0495277402	0.0845883117	0.0571600573	0.0001612427	-0.0396582808	-0.0314675796	0.024214661	0.0431912745	-0.0329298638	-0.0082542283	0.0219544392	-0.0884331035	0.0714877509	0.0586236096	-0.0172908623	0.1294835096	-0.1222618448	-0.007996074	-0.03787773	0.0053847087	-0.1105891995	-0.0161035399	0.1090283678	0.0266710879	0.064736466754752	0.0004892624433665	2.393777384889581e-07	0.0041908101278891	-0.0254854019697177	0.0260824770417116	0.0006802956086314	0.000649505713558	-0.0139225695818083	-0.0082797858008376	0.0001938379437602	6.855485290775195e-05	-6.786742676042582e-05	0.0006454867363009	4.166531267404834e-07	4.6059876150817635e-09	-0.0003750242136817	3.77277293673e-05	1.4233815632122302e-09	1.4064316084757737e-07	0.000706987402774	1.3470942999993e-07	4.998311876811261e-07	1.8146630530906035e-14	0.0	0.0	0.0	0.0
1170.2206339614345	-1.9383991649067407	3.7573913225111513	1369416.3321491017	1527.424797478526	5.684747556813136	32.31635478469292	2333026.511952316	1100.0002726989906	-2.060281892346211	4.244761475929684	1210000.5999378536	1127.8756420069385	1244.9865279426722	1.049564	22.702013	0.1376381821712495	0.0847549195485132	-0.1088991619	0.0033722601	0.008860751	0.0939290594	0.0647578434	-0.1314448549	-0.0649532353	0.0213967568	0.1322481819	0.013863643	-0.0651274751	0.013466567	-0.0105014694	0.0145725944	-0.0291289448	0.1018093352	-0.0652269472	0.0559959124	0.0382485606	-0.0648281061	-0.1107834591	0.0031564747	0.0343161392	-0.026386536	-0.048660278	0.2195253624	-0.1525711945	-0.0276875095	-0.0175814181	-0.0468926952	0.0295642589	0.1348062545	0.1323590513	0.0158257798	0.0820011094	0.2583239187	-0.0011762916	-0.0926370655	0.092379248	-0.0384158752	-0.1410313866	0.0492163922	-0.0240199671	0.0049247833	0.0611527791	-0.0125036708	-0.0804226731	-0.1248353169	0.0138155861	-0.0427082022	-0.0489097174	0.0512689376	-0.0935339843	0.1058307908	0.0286715668	-0.0058234083	0.0436142021	-0.052297162	-0.0113972342	0.0522920875	-0.0534383528	0.0157593861	-0.1514018318	-0.0630344662	-0.1175939197	-0.0134497655	0.0414634382	0.0572626649	-0.0061218831	-0.0742623314	0.0468631809	0.1308846785	-0.1215603414	-0.021222596	0.0198652795	0.0274270431	0.1030907584	0.0769650088	-0.0148879225	0.1198574022	0.0784976065	-0.0639322777	0.137163018	0.0602380833	-0.0243114121	-0.1709081622	0.0158879797	-0.0649191523	0.0970073194	0.0185229321	0.0009297705	-0.005284248	-0.0302382817	-0.2164650464	-0.1009098439	0.0118272536	-0.2111001588	-0.0328776894	0.001396407	-0.052560479	-0.1504542195	-0.0633328503	0.0466813838	-0.0072912434	0.0770879901	-0.0948683871	0.1345703589	-0.0448718	0.0250413841	-0.0005182703	0.0195991209	-0.0104248302	-0.1237484814	-0.0110463023	-0.0815308277	0.0660222065	0.029716913	-0.0082400212	0.017451784	-0.0656272756	-0.1086771567	0.0338259709	0.0383577923	0.0782364991	0.0176369773	-0.0063940358	0.0461289837	-0.081113533	0.0843565782	-0.0159963139	-0.0172120972	-0.087636859	-0.1295564812	0.0781434887	-0.0394696936	0.1805230758	0.0363227676	0.0800801853	0.056275131	-0.0357030217	0.0058562811	0.0528303898	0.0845633962	-0.0288484302	-0.1350124161	0.0348457865	0.0088287323	-0.066712515	0.1441640797	-0.0020994543	0.0048979118	0.0419101497	0.0032316354	-0.1109231287	-0.0096839714	0.1103598175	0.0161035399	0.0729410227000499	0.0082045559452978	6.731473825952308e-05	0.0053203927925291	0.0403439489332697	0.0658293509029874	0.0043335034403086	0.0016276342155302	0.0355806397819122	0.0495032093637205	0.0012659819272901	0.0024505677373083	-0.0001899240944993	-0.0001220566677388	1.4897830139517928e-08	3.607116167137904e-08	-0.0002150672706551	0.0001599569430266	2.5586223622414963e-08	4.6253930907034044e-08	0.0007069796943546	-7.708419399966512e-09	4.998202882297237e-07	5.941972964578009e-17	0.0	0.0	0.0	0.0
1168.1797346652806	-2.040899296153839	4.165269937041234	1364643.8924826456	1521.0547088672508	-6.370088611275151	40.57802891549738	2313607.4273672374	1099.7702441520566	-0.2300285469339087	0.0529131324045254	1209494.5899222742	1128.7860279982726	1255.2766083878582	1.210325	26.179268	0.184884825257339	0.116705730198278	-0.0615885492	0.0666479673	0.0381579915	-0.0240003568	-0.12295881	0.0090502493	0.0310048145	0.1454052433	-0.0245086962	0.0659483309	0.0582032311	0.0314712866	0.0008690668	0.0856089301	-0.0186876022	-0.0403584418	-0.0107413681	-0.1012390539	0.0465160558	0.0438921664	-0.0261169271	0.1530437499	-0.0216330217	-0.0393944989	-0.0302539801	0.0970488904	-0.0212117985	0.0631466979	0.044560789	-0.0530238528	-0.0235090369	-0.1654802053	-0.0050661724	0.0346147451	0.0649000605	0.0317723546	-0.0300883697	-0.0006428014	0.0908182793	-0.102460164	0.0765440224	-0.0571130295	-0.0165946639	-0.014250063	-0.1196396187	-0.0414226699	-0.0962154697	0.0403991864	-0.1013557292	0.0303247449	-0.1578155744	-0.0740516131	0.0879199731	0.1996502695	0.128581728	-0.04875751	-0.0681249181	-0.0496397207	0.1019392439	0.1865861459	-0.0583866624	0.0451371476	-0.0114120865	-0.0474318174	-0.0938265875	-0.0873862574	0.0815214382	-0.0558912685	-0.1082912996	-0.0641796887	0.0579128337	0.0140320342	0.0576351655	-0.0357825478	0.02406096	0.0877305647	-0.0442772442	-0.0699845021	0.0171316454	0.0674735863	-0.0821823602	-0.0608575137	0.062042108	0.0036016909	-0.0535096366	-0.082108061	-0.0281039204	0.059128048	0.0301673185	0.0689084029	-0.0213450505	0.0435690438	-0.0458020783	0.0189691751	0.058557057	0.1879966726	0.0869713971	-0.0424669258	-0.0866727361	0.0653348183	0.0194800565	0.0012171048	-0.0092072598	-0.1105060052	-0.0686001745	0.014663992	0.0124211104	0.0705333614	0.0003367493	0.1574006992	0.031018162	-0.1334075536	-0.1626497287	0.0780388521	-0.2709844171	-0.0481099511	0.0970485219	0.0629099196	0.0892768186	-0.138245359	-0.1600782922	0.0190679555	-0.0224581068	0.0012423817	-0.0482637274	0.1193112472	0.0195078167	-0.112846692	-0.0815197333	0.0504750226	-0.0184932423	0.0175875404	-0.0575483657	0.0019724193	-0.107911233	0.1035135259	0.1101101616	-0.057855878	0.1205662961	0.091628518	0.0418203815	-0.0262586072	-0.0844212273	0.0664515212	0.0238877625	0.0686291633	-0.0630366644	-0.0492800196	0.0866820451	-0.1055974282	0.0015441836	-0.1020729021	0.0010773469	-0.1110902189	-0.0032316354	0.1110275503	0.0053847087	0.0643899053028604	-0.0085511173971895	7.312160874051693e-05	0.0041460599049113	-0.0665095382813802	-0.1068534872146499	0.0114176677299313	0.0044235186824023	-0.0128917645064774	-0.0484724042883896	0.0001661975920904	0.002349573977497	-0.0005418997021599	-0.0003519756076606	1.238868283880486e-07	2.936552872009883e-07	-0.0002831917341716	-6.81244635165e-05	4.64094252941094e-09	8.019755830311816e-08	0.0007069234383895	-5.62559651000414e-08	4.997407477444332e-07	3.164733609337076e-15	0.0	0.0	0.0	0.0
1170.717280933971	2.5375462686904484	6.439141065744818	1370578.9518774303	1524.620591780355	3.565882913104133	12.715520949968017	2324467.94888068	1100.55803761939	0.7877934673333584	0.6206185471731153	1211227.994168643	1129.206928991205	1243.4861289298271	1.190762	25.756121	0.1076426326150956	0.069108641562281	0.1143940651	0.072094417	0.0626641561	-0.0773623501	-0.0768844434	-0.0644744733	-0.0222644818	-0.0541610249	-0.136643293	0.0017783471	0.102189252	-0.0317064066	-0.0164333505	-0.1144344855	-0.035253911	-0.1016448044	0.0380165166	-0.0399125161	-0.0719539009	0.0557030108	0.0385453085	0.0368409068	-0.1067515322	-0.0856518302	-0.0483346322	0.051972599	-0.007710538	0.1309838439	0.1239578262	-0.0741431773	-0.0677773651	0.1358199104	-0.0038974208	-0.203180915	-0.0188763376	-0.0437475332	0.1604688385	-0.0324543511	0.1306645571	-0.0062317053	0.0983566408	0.0079532157	0.0411692556	0.0183666933	0.0752087593	0.1285088929	-0.1059218807	0.0634683971	-0.0827575037	0.1335634091	-0.0151199511	-0.006353796	-0.02341866	0.1052349233	-0.0154770662	0.0429234087	0.0383156005	0.0573465274	-0.0461647018	0.06170091	-0.0336381481	0.0374385821	0.0215542327	0.0219847891	-0.0578808798	0.0891343379	-0.0848568957	-0.0502933235	-0.0145701611	-0.1435066683	0.0238567787	-0.0959432971	0.0989705501	-0.0436729163	-0.058802357	-0.0507793513	-0.0592347943	-0.0324565469	0.0917251368	-0.0309516829	-0.0569421913	-0.0110124732	0.0011353534	0.1139486242	-0.0513693779	-0.0474565628	0.1011783892	0.0987042864	-0.0069951462	0.058356153	0.1184220737	-0.1224096922	0.1040629832	0.0104332905	0.0555186403	0.093971477	-0.1896624399	0.0902637066	-0.1021468673	0.0817412786	-0.0319367244	0.0729763523	-0.0476643762	0.0866897429	0.0583719046	0.0912173125	0.0514665511	0.0467871318	-0.0865420405	0.0423894763	0.0774630272	0.0966557123	-0.0758188176	0.0089657127	-0.1059563888	-0.077578435	-0.0695291449	-0.0175373884	0.0084043749	-0.0128514851	-0.0628756473	0.058379366	0.038802339	-0.0471300673	0.1226035941	-0.0523051971	-0.1469031266	0.043659186	-0.0873832874	-0.0828065219	0.0359233617	0.0533069956	0.097611505	-0.0089035444	0.0673659645	0.0566955293	0.0749967013	-0.0645548649	-0.0114619575	0.0255748191	0.0350424525	-0.0387943542	-0.0144178708	0.1286112723	-0.0848581343	0.0743992538	0.0797155522	0.1178481002	0.0666484234	-0.048770132	0.0128644481	-0.062064733	-0.0010773469	-0.1110902189	0.0032316354	0.1110275503	-0.0053847087	0.0650792922290435	0.0006893869261831	4.752543339921866e-07	0.0042353142770332	-0.0062988768768974	0.0602106614044828	0.0036253237467652	3.967584991031275e-05	-0.0199888279317121	-0.0070970634252347	0.0003995532420835	5.03683092618041e-05	0.0001251446606276	0.0006670443627875	4.44948181926582e-07	1.5661186083597182e-08	-0.000408955502291	-0.0001257637681194	1.581652537159021e-08	1.672446028540841e-07	0.0007070257246665	1.0228627700002367e-07	4.998853753401895e-07	1.0462482462525568e-14	0.0	0.0	0.0	0.0
1168.615291972288	-2.1019889616829914	4.418357595037141	1365661.7006314762	1526.2976765315768	1.6770847512218552	2.812613262780872	2329584.59738569	1098.9729970669243	-1.5850405524656708	2.512353552960678	1207741.648282258	1126.2243620623797	1245.7042077455694	1.327902	28.722456	0.1504139193714302	0.0884430632201819	0.1271259902	-0.032577535	-0.0402914471	0.08561425	0.0556523065	-0.0776729592	-0.0792626896	-0.0997195038	0.0758619261	-0.0424055985	0.051364181	0.0650071131	0.0542925689	-0.0488164782	0.0058277922	0.0450010331	0.1038100949	0.0579848626	-0.0244578099	0.0313456561	0.0257236235	-0.1192202365	0.0789617228	-0.0208209801	-0.0081495061	0.0011032628	0.0309001216	0.1061374523	-0.1243878979	-0.113798975	0.0592457588	-0.0137792298	-0.071365237	-0.0695868816	0.1531380804	0.0648401152	0.083652701	-0.0144062181	0.0613075716	-0.1050109427	0.0827886773	-0.1603639464	0.1521879526	-0.020840858	-0.0299393319	-0.138073859	-0.0943809222	0.1104924755	-0.1488079756	-0.1068151766	-0.0268487752	-0.0130742589	-0.0138832201	-0.051853922	-0.0592027689	0.0083417904	0.1407139477	0.1469054617	0.0907875526	0.0799169769	0.0379835321	0.087732642	0.0959053372	0.0443139528	-0.0198883986	-0.0076906033	0.00810327	-0.0814550095	0.1672086884	0.1644578435	-0.048455672	-0.0665713939	-0.1164398602	0.0310474938	-0.0402430823	-0.0637355321	-0.0622118598	0.0100103428	-0.0413218375	-0.0850970784	0.0934060483	0.0377057428	0.0204764753	-0.0351501822	0.0561228646	0.0622962614	0.0702793223	-0.0830664144	0.1179646273	0.1392567677	0.1458986717	-0.0603656897	-0.0292298563	0.026566724	-0.1099253306	0.1855235312	0.066037198	-0.0378819472	-0.0414714756	0.0924774679	-0.0983806605	0.1376246439	-0.0866897691	0.0094646932	0.0243962209	0.0576166609	-0.0088996491	0.0240646647	0.1086986701	0.1499609226	0.1520833264	-0.0466183977	-0.0257452901	0.1730486799	0.1605680285	-0.0559280112	0.1171383264	0.111561041	0.0108045925	0.0364340612	-0.0210198328	-0.0410782663	0.0090919107	0.037896601	0.0112672779	-0.1011538055	-0.0513716054	0.1989252897	0.085301755	-0.0063677485	0.0844842139	-0.0249167118	0.0859035643	0.0879472895	-0.0014614381	0.0826905597	0.0295374172	0.0917865314	0.0290475854	-0.0011483759	-0.1649996371	0.0483726701	-0.0374791962	0.0926792275	-0.1065259335	0.0257632302	0.0687896173	0.0760401479	0.1357722874	0.1282717327	-0.0016610003	0.0677468808	-0.0032316354	-0.1109231287	0.0096839714	0.1103598175	-0.0161035399	0.0775805083708007	0.0125012161417571	0.0001562804050229	0.0060187352790718	0.0612554582564683	0.0675543351333657	0.004563588195311	0.0037522311662099	0.0258213636663953	0.0458101915981074	0.0006667428215922	0.0020985736542553	-0.0002823759474182	-0.0004075206080458	1.6607304598201856e-07	7.973617568032607e-08	-0.0003805921078576	2.8363394433400003e-05	8.044821437846263e-10	1.44850352563491e-07	0.0006519461971817	-5.507952748479996e-05	4.2503384401968013e-07	3.033754347948834e-09	0.0	0.0	0.0	0.0
1169.0545513528832	0.4392593805951037	0.1929488034407941	1366688.544038891	1515.8614978141104	-10.43617871746642	108.91382622289902	2297836.0805552383	1099.6380671600475	0.6650700931231768	0.442318228766871	1209203.878747485	1128.946925059868	1243.2515524874275	1.325649	28.673729	0.1844756167448615	0.1144826942375403	-0.0287294757	-0.1131275715	0.0542446989	-0.0287960718	-0.0234503286	0.1526244958	0.0242572883	0.0330174258	-0.0250841072	-0.0536678309	-0.0614268694	0.0845666771	-0.0776286244	0.0915511626	-0.0240290147	-0.0495176094	-0.0456620846	0.0167785496	-0.0025100045	0.1266711746	-0.1140078188	-0.0435915633	0.0840972408	-0.0124154391	-0.0326709921	0.0947971701	0.0224509203	-0.1005302201	-0.0035822058	0.1536653341	-0.090676306	-0.0941210592	-0.1166044937	0.000266647	-0.0269118208	-0.0238499357	0.0092201462	0.000344435	-0.0695299016	-0.0752942101	0.0625637678	0.0351551984	0.1406449797	-0.006238695	0.0815831536	0.0424007966	-0.0910963168	0.0375695	-0.0242958955	0.0150522909	0.1072647183	-0.0674422994	0.0279338384	-0.024578164	0.0333742427	0.0588925847	-0.0507433258	-0.0982199337	0.1150071606	-0.0580319502	-0.0581430775	-0.062945434	0.0017185584	-0.0389339881	0.0658141649	0.0622336992	-0.0669833679	-0.0210331979	0.0451650609	-0.1408209428	0.0609063802	-0.1123224198	0.0946750491	-0.0429437625	0.0212345232	-0.0554268552	-0.0104845835	-0.0855380661	-0.0795850738	0.0650758612	0.1118727394	-0.1182854495	0.0227877206	0.0124564345	0.0535267657	-0.0543823698	-0.1537497992	-0.0344069871	-0.0749891683	-0.0551462718	-0.0764181157	-0.0756474889	0.0425414741	-0.0111359866	0.0643444778	0.0374664795	0.1488900984	-0.0345650544	-0.0351321007	-0.0110189729	0.0335255009	0.1616100919	-0.0588066187	0.095428002	-0.0135356793	0.0083105986	-0.0247436197	-0.0244800457	-0.0372828132	-0.1356128125	0.0415576185	-0.0508375481	-0.0295759465	-0.0492807697	-0.0475101041	-0.0630698057	0.0580583709	-0.0751224377	-0.003077571	0.0546798879	0.0836804983	-0.0948732235	-0.0389177238	0.0050100743	0.0278507591	-0.0991948494	-0.0406087021	-0.0587092795	-0.084066142	0.0322797605	0.0512850123	-0.0743570905	-0.0114243243	0.012811358	-0.0502156057	-0.102817073	0.054923987	-0.0138946879	-0.0079597452	0.0878004238	0.076485939	-0.0406316068	-0.0034966857	0.0197989842	0.0598999723	0.0815119286	0.1193495255	-0.0869317614	-0.043472305	-0.0343833195	0.0308162777	0.0471551645	-0.0053847087	-0.1105891995	0.0161035399	0.1090283678	-0.0266710879	0.0595149808236783	-0.0180655275471224	0.0003263632855558	0.0035420329424427	-0.0423793006136605	-0.1036347588701288	0.0107401632460697	0.001796005120503	-0.020979977478305	-0.0468013411447003	0.0004401594549901	0.0021903655329426	-0.0004653364338152	-0.000182960486397	3.3474539582626824e-08	2.1653799663584806e-07	-0.0004621645750126	-8.157246715500004e-05	6.654067397753561e-09	2.135960943965772e-07	0.0007068930272879	5.494683010619998e-05	4.996977520282518e-07	3.019154138719604e-09	0.0	0.0	0.0	0.0
1171.7142674048064	2.6597160519231693	7.074089476857771	1372914.3244399822	1518.2832825720986	2.4217847579882346	5.865041414024132	2305184.126137907	1100.9180858034886	1.2800186434410534	1.638447727556675	1212020.631649217	1129.2189998019371	1237.871564273303	1.154081	24.962715	0.1369957317154558	0.0789569056548546	-0.1285821475	-0.0524065408	0.0748718195	0.0347322893	0.0216629026	-0.0929816958	-0.0049617178	0.0374878562	-0.0051757634	-0.0590679204	-0.1199627437	-0.0697152179	-0.0167212681	-0.0671821266	-0.0977042282	0.0188964134	-0.1106534775	0.0672945443	0.0454863163	-0.0803634945	0.0712090409	-0.0436290784	0.0728196295	0.0882573336	0.0147375171	-0.0497695879	0.0344764304	0.0347369604	-0.063841874	-0.0561376141	-0.0196114063	-0.050407683	-0.187996138	-0.0195565354	0.0050453066	-0.0190471249	-0.0843297839	0.0013170922	-0.0090408936	0.0832817965	-0.1236846495	-0.1354425951	-0.0727445981	-0.0067861372	-0.1122803126	-0.0361640782	0.0435169002	0.0088926146	0.049410068	0.0934802026	-0.0500947121	0.0940177617	0.0229208476	-0.0152830012	0.0661188764	0.0204241524	-0.1777304952	-0.0829054607	-0.044601031	0.0261397968	0.0096851465	-0.1688685011	0.0200523649	-0.0352376343	0.102782949	0.022161817	-0.0249448035	0.1451480944	-0.0385091046	-0.0755676804	0.0041997149	0.0108493694	-0.0139469032	-0.0927699436	0.0283754396	-0.0205707918	0.1515888671	0.0112292456	-0.0053108561	-0.0446759361	-0.0419546739	0.0467084028	-0.082974036	-0.0123272803	0.1106141313	0.0979381745	-0.0286535996	-0.0962669136	0.0034224392	0.0963221652	-0.0404778481	-0.0617365627	-0.0103156667	0.0111279669	-0.0575358536	-0.0869476712	0.0753650163	-0.0890156434	0.0755717022	0.0345302554	-0.0242101974	-0.0676403103	0.0150779755	-0.0296903246	-0.1287510391	-0.0696488783	-0.0567470578	0.0978406808	0.0634381905	-0.0478525916	-0.1752538386	0.0319378822	-0.0628045884	-0.013910094	-0.0986251326	-0.0472923449	-0.0643561793	-0.0875720768	0.1205535649	0.021544471	0.1027365423	-0.0156304757	-0.1073429435	-0.0782302932	-0.0223736995	-0.010739394	0.0804270035	0.0282838017	-0.0040427503	-0.0988056756	0.0030178845	-0.0968712008	-0.1438087353	0.0381424512	0.0998302825	-0.0902095402	0.0017508109	-0.0430391792	-0.0169527022	0.0468122093	-0.0200635765	-0.0091085443	-0.093445491	-0.0917261259	0.0311379941	0.0135628008	0.0981314541	0.1388196557	-0.0554180409	0.0741435965	0.0068764691	-0.0558875367	-0.007535757	-0.1100889337	0.0224686191	0.1070412087	-0.0369880768	0.0655633053533648	0.0060483245296864	3.658222961640738e-05	0.0042985470088585	0.0298112008174626	0.0721905014311231	0.0052114684968769	0.000888707694179	0.0033376880016362	0.0243176654799412	1.114016119626625e-05	0.0005913488543943	0.0001051216622638	0.000570458096079	3.254224393820777e-07	1.1050563877104434e-08	-0.0003439630431743	0.0001182015318383	1.3971602128920656e-08	1.1831057506972537e-07	0.0007070182048647	1.2517757679996085e-07	4.998747420101029e-07	1.5669425733510095e-14	0.0	0.0	0.0	0.0
1166.948443018558	-4.765824386248369	22.71308208055964	1361768.6686634368	1520.277518855115	1.9942362830163347	3.9769783524988074	2311243.7343362644	1100.0921483212558	-0.8259374822328027	0.6821727245570613	1210202.734798076	1128.762093924938	1246.329621503722	1.106073	23.924297	0.1113158470764215	0.0654072928934437	-0.0924507696	-0.0783412364	-0.0367090384	0.0921228914	-0.0076320346	0.0702304308	-0.0209984044	0.0117142494	0.09074303	-0.0862535032	-0.0522206185	-0.0919929601	-0.0939561438	-0.0050435335	-0.0675425221	0.0912037917	-0.0867927077	0.0551067381	0.1415300383	0.0525620243	-0.0389519457	-0.0510911336	-0.1048146139	0.0202347137	0.1040907315	0.0259066533	-0.0507719267	0.038237601	-0.0469576276	0.1868148048	0.0315792638	0.0384609473	0.0214170307	-0.0576178343	-0.0696001965	-0.1017905117	0.0636348502	-0.0676727459	0.062004993	0.0975070939	0.2008608892	0.0489552875	-0.1395135236	-0.1003221635	-0.0735246249	0.0671583789	-0.0486203776	-0.0557656224	0.0243967556	-0.0149896075	-0.0132440096	-0.0840368615	0.0472945352	-0.0888874741	0.055972161	0.1037148179	-0.0535752727	-0.1381988374	-0.0255230473	-0.0567381497	0.0313738058	0.0843220238	0.0128309168	-0.07447201	0.0244221364	-0.1225258571	-0.0652749575	-0.1507825779	-0.0576466756	-0.0392763858	-0.0389059466	-0.0962799527	-0.0668942419	-0.0541513814	0.0561245925	-0.030002375	0.0949639748	-0.1373353337	-0.0572028361	0.0270202981	0.033451635	-0.0107395806	-0.1354338265	0.0673262155	0.0473891378	-0.107551667	-0.0543819906	-0.0855104282	0.0015628781	-0.1531133735	0.0047514896	0.076576346	0.0135885679	0.125338485	0.1318170859	-0.0287486433	-0.0952809083	0.0388366029	-0.1195504035	0.1613747933	0.1292314021	-0.0294859748	-0.0547067615	-0.0112533732	-0.0320373515	-0.0171474828	0.0513246966	0.0495651094	-0.0427787184	-0.0771737552	-0.058292905	-0.1280022623	0.0022517023	-0.1134923403	-0.0450785846	-0.024152298	-0.0610726058	0.0528678518	-0.1496925532	-0.069368437	-0.0005346229	0.0391570199	0.0344915595	-0.059439076	-0.0429300134	-0.1767223468	-0.009507471	0.0974383359	0.0838417351	0.0046975091	0.01409957	-0.0997394883	-0.056737876	-0.0441480509	-0.0386373193	-0.1449139031	0.151713731	-0.0640275663	-0.0272126549	0.0705312045	-0.0558951502	-0.0872997066	-0.0025432634	-0.060751107	-0.0057828393	-0.029704137	-0.0065504974	0.0947022702	-0.0050409021	0.0613756578	-0.0395391967	-0.0194559842	-0.0096839714	-0.1094230837	0.0287576717	0.1044102912	-0.0469575846	0.0693626792489681	0.0037993738956033	1.443524199859186e-05	0.0048111812725952	0.0781478772699131	0.0483366764524504	0.0023364342904688	0.0061070907217934	0.0397671653489339	0.0364294773472977	0.0015814274398894	0.0013271068197972	-0.0001549474018371	-0.0002600690641009	6.763591810231805e-08	2.4008697336067743e-08	-0.0001490548663445	0.0001949081768298	3.7989197395116594e-08	2.2217353180976755e-08	0.000706989058174	-2.9146690699974505e-08	4.998335283777596e-07	8.495295787599804e-16	0.0	0.0	0.0	0.0
1166.4132977931215	-0.5351452254365086	0.2863804123074915	1360519.9812686252	1514.5948850424595	-5.682633812655467	32.29232704873522	2293997.665796781	1098.7586819806809	-1.333466340574887	1.7781324814461803	1207270.641227923	1127.4135597218242	1243.2759448646011	1.128655	24.412748	0.2454442314243675	0.1698785875453459	-0.1388502863	0.0016404439	0.0092012089	-0.0405000611	-0.0918669323	-0.0721949716	0.0397630736	0.1213691691	-0.0352922052	-0.0291812499	-0.0096659417	-0.0631211688	-0.1378049534	0.0644367491	-0.0019105641	-0.0358687954	-0.1502330301	-0.0516137741	0.019864727	-0.020018188	-0.089991076	0.0355735252	0.010632603	-0.0266539831	-0.0519968124	-0.0646372427	0.0084455483	0.0149746909	0.0922203872	-0.074185493	-0.0794229638	0.1330924715	0.1623937559	0.1274340575	0.0831547396	-0.042290998	-0.1275055421	0.0382190315	-0.0496288972	0.0294871768	-0.085968424	-0.0418987729	-0.0276659093	0.0185300354	0.1323428202	-0.0287096359	-0.0410872256	0.0702571014	0.1016518063	0.0725713883	-0.0369746967	0.1064970907	0.0949370592	0.0307322113	-0.0188346534	-0.0906955549	0.0160388184	-0.0219028251	-0.0934177423	-0.1552611474	0.0795584272	-0.0772044305	0.0538215341	-0.0153665954	-0.1046350182	0.0191875316	-0.0833143169	-0.0658315239	0.0777525111	-0.0153795898	0.0550456009	0.0078976094	0.0610743058	-0.028090145	0.0545783048	0.0855288311	0.1114403488	0.0528477714	-0.0348272257	0.1362047344	0.0437457242	-0.0277447565	0.0633259248	-0.0178810582	-0.0742645531	0.0590990386	0.0674556875	0.1478349457	0.009408732	-0.0628246251	0.0193519142	0.0297748456	0.0144288872	0.063492612	-0.0888836998	0.0577685798	-0.104896883	-0.0435323415	0.147273912	-0.0504587075	-0.0107936159	-0.0935387031	0.0620797445	0.0377111586	-0.047605092	0.0266219836	-0.1065533269	-0.0732846387	0.0249222357	-0.0614687109	-0.0957049606	0.0952043449	0.0319776084	-0.0900483579	-0.0009027502	0.1443912567	0.0522757624	-0.0513522709	-0.047305455	-0.1573480344	-0.0820247153	-0.0980933118	-0.1135938969	-0.0233023861	0.0535913855	-0.0577483236	-0.0730411797	0.0009314918	-0.0637971669	0.0780958105	-0.0611499247	-0.0543909212	-0.1108372107	-0.0031431991	0.0170198666	-0.0297245004	-0.058265409	-0.0047498954	-0.0888683909	-0.0927253171	0.0426167357	0.150672468	-0.1674091626	-0.0751962672	-0.0300531306	-0.0004897163	0.0466212976	0.0490289617	-0.0068689613	-0.1977333736	0.0400020998	-0.0305760674	-0.0118285441	-0.1085926509	0.0349494174	0.1011514379	-0.0564859537	0.059568673107293	-0.0097940061416751	9.592255630316963e-05	0.0035484268157635	-0.0860215793255747	-0.1641694565954878	0.0269516104788577	0.0073997121096661	8.816799605426695e-05	-0.0396789973528796	7.773595528225233e-09	0.0015744228309298	-0.0003888049569453	-0.0002338575551082	5.46893560811848e-08	1.511692945452366e-07	-0.0005511367208506	-0.0004020818545061	1.6166981772306466e-07	3.0375168506995224e-07	0.0007068930411018	-9.601707219998416e-08	4.996977715581511e-07	9.219278153856971e-15	0.0	0.0	0.0	0.0
1168.29288645639	1.8795886632685777	3.5328535430877595	1364908.2685446036	1531.56791375406	16.97302871160059	288.083703644818	2345700.274440964	1098.2249321974684	-0.5337497832124427	0.2848888310793296	1206098.0017001342	1126.7546582604457	1234.746709378377	1.145927	24.786341	0.1498875585745019	0.1362387257305112	-0.0366617961	0.1326045251	0.0516052872	-0.0843380712	0.0557956974	0.0799665325	-0.0729100395	0.0672159135	-0.1148626086	0.0508809231	0.0018821067	-0.1807977103	0.0236271318	-0.057329381	0.040139106	-0.0292566467	0.1082281696	-0.087170364	0.1399562249	-0.0194273623	0.0293692157	0.0604587093	-0.0255273725	0.0264428439	-0.0320626383	-0.0157209653	0.0428681062	-0.0490558195	-0.0277440505	-0.0935370457	0.0846006155	-0.022904079	0.007534325	-0.1525112853	-0.1353810842	-0.0169195229	0.0978025063	0.1149314028	-0.0341271112	0.0910195553	0.013310758	0.1109551664	-0.0544259353	0.0010841329	0.0865377339	-0.0958679604	-0.0199889584	0.0576894608	0.0424375151	0.0268535405	-0.0110546999	0.0306775566	0.0357804138	-0.0545922242	-0.0426604198	-0.0053829824	-0.0407195019	-0.2059905621	0.1107464615	0.0835619176	-0.0624798055	-0.026107534	-0.003871881	0.0500053811	-0.1241094802	-0.0341187141	0.1006902727	0.0207401003	0.1721081109	-0.0420197876	0.0207426939	0.0261161323	0.020866513	0.0309817636	-0.0478102961	0.1283429545	-0.0493313278	-0.0875953356	0.0027398201	-0.0228813336	-0.1216866984	-0.0697246985	-0.1064400039	0.0486553101	0.0185187674	0.0125090715	-0.0252253826	-0.014288774	-0.0857625126	0.1215150291	0.0742467829	0.1237090739	0.106935718	-0.1462071915	0.0327927076	-0.1273607522	-0.0215694544	0.0248906306	0.0559904092	0.0760130924	0.0467764036	0.0055397851	-0.1084376547	0.0301486515	0.0385544668	-0.0197141678	-0.1599405049	0.0240228138	0.0667219312	-0.0806832282	0.0189330796	-0.0187432785	-0.0450040131	0.064425571	-0.0615655599	0.0672963873	0.0094463116	0.0164554747	0.0124076082	-0.0632808688	-0.0155578111	-0.0532536597	0.0165994935	0.0333619678	0.0419742778	0.0190211588	-0.0464501291	0.0850062176	-0.049987354	-0.0488655378	-0.0159913421	0.1770515013	-0.0526795635	-0.0037003301	-0.0296122254	-0.0537581525	-0.1117528015	-0.0655702624	0.0439311814	0.0834578746	0.0754367531	0.0313148842	0.0348749094	-0.0971110455	0.0047417017	-0.0401918919	0.0588083438	-0.0064524573	0.0946883187	0.0024339951	0.0889059159	-0.0755312382	-0.0139686685	-0.1075988845	0.0410229053	0.0972842479	-0.0654836707	0.0595646588982674	-4.014209025605953e-06	1.611387410125629e-11	0.0035479485896669	0.0501597137721603	0.136181293097735	0.0185453445897712	0.002515996885705	-0.008285781568972	-0.0083739495650262	6.86541762087161e-05	7.012303131760361e-05	-0.0002823049026538	0.0001065000542915	1.1342261564092446e-08	7.96960580623715e-08	-0.0005510999148776	3.68059730000616e-08	1.3546796484812633e-15	3.03711116178098e-07	0.0007069222148916	2.917378979995673e-08	4.997390179072455e-07	8.511100112920594e-16	0.0	0.0	0.0	0.0
1168.7763800453256	0.4834935889355165	0.2337660505417462	1366038.2265518554	1534.6508283692394	3.082914615179334	9.50436252448634	2355153.1650143927	1099.0331431056045	0.8082109081360613	0.653204872030117	1207873.849644584	1126.8518006410488	1236.624939874545	1.140939	24.678459	0.1463116089568499	0.0677983638325799	-0.0085815262	0.1504289092	-0.0153688341	0.0772002005	0.103353534	0.0633305936	-0.1526628225	0.0360506422	0.0443621862	0.0290908204	0.0203388138	-0.0879321084	0.034812601	0.0305092911	-0.022573785	0.1004524752	0.1301857187	-0.0243638857	0.1561485967	0.0198696757	0.0600951112	-0.0815097948	-0.0683406196	0.0163564543	0.1390773555	0.0297178682	0.0299523882	0.0201575909	0.0275251894	-0.0008350922	-0.0476989854	-0.0090073311	0.061998188	-0.1241427613	-0.0518169513	0.0251346507	-0.153236729	0.1243428316	0.0011697965	-0.0227049175	-0.0426345055	0.0977646036	0.0182013456	-0.0776182054	-0.0009619815	-0.0216050188	-0.1697933507	-0.0088824623	0.0939047302	-0.1391172109	-0.0561374261	0.0075172633	-0.0283623894	0.0446212201	-0.0461944621	-0.0420082373	-0.0855104301	0.0490602987	-0.0720595011	0.0384235441	0.0007973225	-0.0166361514	0.1208840149	0.0801984048	-0.0378431746	0.0793939301	-0.0608759891	-0.0521571941	-0.0021059219	-0.0501275955	-0.0205215309	0.0678856317	-0.1305269748	-0.0018349218	-0.0267088088	0.0729436378	-0.0539651896	-0.0988618369	-0.0598144973	-0.0642633266	-0.0039721618	-0.0087548295	-0.1407481329	0.0711086571	0.0417085854	-0.1121433788	0.0393680925	0.0522648488	0.0354961487	0.0924708292	-0.0353268557	0.0209780391	0.1494992888	0.0544802214	-0.0093368664	-0.1176777098	-0.0225225921	-0.050901533	0.1066277986	-0.0489529198	0.0149553583	0.0362678573	-0.0496300516	-0.0002949394	0.0311864358	0.0251737859	0.1363436453	-0.0862401411	0.0448364371	0.0453049583	-0.0455963583	-0.1429833792	0.0031530141	0.051688013	0.0160290371	0.050952139	-0.0402918203	-0.0586452615	0.0296614799	-0.0023646499	-0.1128924399	-0.0311498723	-0.1423342569	-0.0622960204	0.0269322029	0.0644781452	-0.0890810307	0.0239311232	0.0929749544	-0.0116261679	0.0034934233	0.1169941958	-0.0976446359	-0.1103972346	-0.0536323195	-0.0004935427	0.0921839219	0.1001872921	-0.1395605577	0.0026282493	0.1208039555	-0.0916924053	0.0101668023	-0.1476581405	-0.0136085289	0.0014440516	0.0063594453	-0.0921371953	-0.1424923418	0.1951639262	-0.0210237074	0.0731959106	-0.0161035399	-0.1064432791	0.0469575846	0.092831979	-0.0738662073	0.0686721772240872	0.0091075183258197	8.294689005514343e-05	0.0047158679246964	0.092874554360705	0.0427148405885447	0.0018245576065047	0.0086256828476995	0.0383590087216134	0.0466447902905854	0.0014714135501048	0.0021757364612526	0.000110539398211	0.0003928443008648	1.5432664472195353e-07	1.2218958556850032e-08	-0.0001429694160763	0.0004081304988013	1.6657050405179793e-07	2.0440253933198185e-08	0.0005510078195197	-0.0001559143953718	3.036096171718543e-07	2.4309298684185148e-08	0.0	0.0	0.0	0.0
1166.7310519472032	-2.0453280981223543	4.183367028968807	1361261.3475778275	1524.463315867914	-10.1875125013255	103.78541096466334	2323988.401426995	1096.7458619327883	-2.287281172816165	5.231655163519291	1202851.4856666948	1125.0157989100649	1240.4507364177796	1.059856	22.924625	0.2004016418845424	0.1468748932481247	0.0140808507	0.1033592839	-0.0237559813	0.0089445793	0.0172290016	0.0771228834	-0.0583953318	0.0216369419	0.0464517466	0.0656972557	0.0980674158	0.0054175592	-0.0004023217	0.1222233217	0.1195285015	0.0156616362	0.1020431192	0.0506824206	0.0586587327	-0.0774986311	0.0610136717	0.0869828606	0.0238410797	0.0115181576	0.0168176852	-0.0634525072	0.0063271308	-0.0497624053	0.0071307767	0.0367540292	0.0389419437	0.1025132132	0.0768083328	0.1259493127	0.0287822083	0.0749507219	-0.0604870986	0.0713879363	0.1009003442	0.0983301619	0.0661823604	0.0730901684	0.0544718846	0.0541934157	-0.0237453011	0.0500074245	-0.0585887053	-0.0090263599	0.0898574358	0.00123032	-0.0409862464	0.0074042673	-0.0613632493	0.1623966952	0.0662593571	-0.0738864121	-0.0971187624	-0.0246369813	0.1060257863	-0.0830281265	0.1419027006	-0.0652333188	0.1115771734	0.296368115	0.0885892454	0.074240017	-0.0348019218	0.0405517936	-0.0594656149	-0.002350111	0.1159152244	-0.0582441116	-0.0288316424	0.1138009156	-0.0184874659	0.0554487634	-0.0385315635	0.0691705087	-0.1036168183	-0.0066901945	-0.1402318884	-0.0514824764	-0.0323500192	-0.0283840527	0.0240264571	-0.0161507642	0.0142406959	-0.0006424321	-0.0457563322	-0.101771884	0.0160838102	0.0620339661	-0.0244062356	-0.0007937422	-0.0169545811	0.0004774194	-0.1490283998	-0.0683901113	0.104090389	-0.1022030072	0.0110989773	0.0526131168	0.0913576482	-0.0985218643	0.0053009663	0.0649194155	0.1629012633	-0.0464669252	-0.0207752087	0.0765115115	0.0192556412	0.0154192994	0.0290131745	0.0101425696	-0.1101480718	0.1067218011	-0.0178214566	-0.0557607779	0.1185779646	0.0683344491	0.158831076	-0.2638675448	-0.0971268531	-0.0412119457	-0.0595571927	0.0540621025	-0.0943309334	0.047211935	-0.0120373747	0.0952938982	0.0536820158	0.0997265026	-0.0779488018	-0.0558265214	0.0650180377	-0.013825069	0.0070126678	0.0373858113	0.072535281	-0.0468724613	0.0569438508	0.0892719366	-0.0903289786	-0.1552736758	-0.0483432539	-0.1025425841	0.1401763031	-0.069367478	-0.0768203939	-0.1055279251	0.1235076415	0.0516058364	-0.0182323554	-0.105127573	0.0527333744	0.0878214077	-0.0815548146	0.0654768288503646	-0.0031953483737225	1.0210251229451634e-05	0.0042872151162999	-0.0519985424332816	-0.1448730967939866	0.0209882141746798	0.0027038484151857	0.0265383155131502	-0.0118206932084632	0.0007042821902755	0.0001397287879286	-0.0005139597628549	-0.0006244991610659	3.89999202172013e-07	2.641546378338651e-07	-0.0001131817539146	2.9787662161699988e-05	8.873048170595731e-10	1.2810109419185072e-08	0.0007069710664595	0.0001559632469398	4.998080888108828e-07	2.4324534396005053e-08	0.0	0.0	0.0	0.0
1170.6941621754222	3.963110228218966	15.706242681013784	1370524.8213516138	1522.7910924382882	-1.672223429625774	2.7963311985893853	2318892.711209395	1100.7753442959902	4.029482363201851	16.236728115354772	1211706.3586099558	1129.1808670425262	1238.8104482775807	1.273945	27.55537	0.1117156356262235	0.0592273832509169	0.1101397433	-0.0840892595	0.0754687339	-0.0941844215	0.0427028058	-0.0672699868	-0.0404201234	-0.0629891182	-0.0925110653	-0.0449513222	-0.0237931485	0.0161547823	-0.0952252457	0.0872156988	-0.042337225	-0.0516420726	0.0253766106	0.0670420653	-0.0926714999	-0.0292670915	-0.1047342759	0.1241830694	0.1109461501	0.0418368088	-0.0889426926	0.0489989136	0.157388991	0.019807943	-0.0610895944	0.0494235968	-0.0475427377	-0.0317217316	-0.0196392249	-0.0394979308	-0.1296321402	-0.0781717635	-0.0407339759	-0.1447378468	-0.0700971096	0.1220614049	-0.0295523958	-0.003153817	0.0845757866	0.0431778485	0.0353649092	0.0080012466	0.0232172862	0.0041127572	0.0783927882	0.0184836975	-0.0326781717	0.172799406	0.0289624133	0.0276713001	-0.0135516151	0.0080594274	0.1991708517	-0.0640267221	0.0046058042	0.0877068663	0.0250425126	0.068545654	0.0469683209	-0.0421910846	0.0789333582	-0.0546523022	-0.0345637869	0.0369649324	0.0137951146	0.0495808186	-0.0511494965	-0.1199438736	0.0528334677	-0.0346352271	-0.0799040318	-0.0950900176	0.0016875015	0.0547737018	0.0814680821	0.1012713305	-0.0713894567	-0.1621747754	0.0369541638	0.0007898782	0.0606509422	0.0736416732	-0.1668169392	-0.0179838923	0.0540341448	0.0398069805	0.0111304388	-0.0792732451	0.0202889203	0.0414141776	0.091556055	-0.0681832867	-0.0124332583	0.0435891494	0.0125308147	-0.1337717769	0.0677118233	0.0616193572	0.0845828213	0.1221442754	-0.0480309859	0.0379404131	-0.0380275076	-0.0078347665	0.1251011514	-0.0024012109	-0.0830457545	0.100510407	-0.0214805213	0.0710666637	-0.0120182964	0.0358464435	0.0385436693	0.2156038476	0.0009665728	-0.0259875973	0.0340211138	0.0318260615	0.0733791627	-0.074025652	-0.0631901832	-0.0736084123	0.0698757818	0.0486081651	-0.095599915	0.014232728	0.1018347069	-0.0207848707	0.0329480914	0.0946468588	-0.0069590333	0.0438329073	-0.1020736308	0.0037379057	-0.0817476271	0.0619682973	0.056971816	0.1010894592	0.0521893594	-0.0516607357	0.0388358828	-0.0999811222	-0.0007913948	0.0077486987	-0.0686048356	-0.0438584926	0.0757582495	-0.0541576171	-0.0203543145	-0.103653745	0.0583307311	0.0822826681	-0.0884772626	0.0596481750617812	-0.0058286537885833	3.3973204987167575e-05	0.0035579047882008	-0.0321509181498242	0.0198476242834573	0.0003939281896972	0.0010336815378766	-0.0229632481448476	-0.0495015636579978	0.0005273107653618	0.0024504048045868	-0.0005672437709799	-5.328400812499993e-05	2.839185521865058e-09	3.217654957154972e-07	-0.0005302748775706	-0.000417093123656	1.7396667380111933e-07	2.811914457825149e-07	0.0009673498126022	0.0002603787461426	9.357656599415116e-07	6.779709144284458e-08	0.0	0.0	0.0	0.0
1171.3622377738614	0.6680755984391453	0.4463250052298221	1372089.492082588	1530.7515382689442	7.960445830655999	63.36869782280848	2343200.2719127387	1099.724384427084	-1.0509598689061477	1.104516646051227	1209393.721703529	1127.4305827929963	1251.570716630714	1.303991	28.205273	0.2283860447370373	0.1218778697493337	0.073151588	0.0329048412	0.0335184599	0.1047820134	0.035197984	-0.0369816717	-0.1174627417	-0.0147282661	0.0056950113	-0.0218396126	0.0086899821	0.0356398654	0.0553817137	-0.0686684413	-0.0339521445	0.0428385015	0.1076292257	0.0905644177	-0.0136620884	-0.0660877811	-0.0317097745	0.0730434615	0.023918387	-0.0224407293	-0.0043822392	-0.0461427169	-0.0654256756	0.0383373949	-0.0044501095	0.1329800792	-0.1089695292	0.017771194	-0.0427360382	0.0377262276	-0.0159556444	0.0416883732	0.0527122166	0.05454891	-0.0051713649	0.0753561892	0.0594888843	0.0376864657	0.0830531627	-0.0128397648	-0.0754543381	-0.0442663182	-0.0521705349	0.1215669491	0.1174565063	-0.0735709871	0.0343612014	-0.0356845608	0.0319895545	0.0998728106	-0.1085033325	-0.0244291241	0.1011955662	0.1708414715	0.1190606496	0.0214698008	0.0865985673	-0.0327789091	0.0611579436	-0.1829063386	-0.0331457426	-0.0123725872	-0.0837093051	0.1008879776	0.053314063	-0.0366228363	-0.0987928836	0.0132376675	-0.0957532593	-0.0205024513	-0.0596579802	-0.0350084467	-0.0498841826	0.0733290524	0.0005437699	0.0355543614	-0.0635100871	-0.0786306944	-0.0185265696	0.0061229003	0.0612894992	-0.0160348159	0.0928926715	-0.058388617	0.0262621907	-0.1177279525	-0.0834289668	-0.1004025433	0.0397682008	-0.0214479817	0.0135334001	0.0028792932	0.0357789843	-0.0381343216	0.0533637365	0.008611749	-0.0024217782	0.087789011	0.047718501	-0.0024458877	-0.0611019357	0.248435502	-0.0265347631	-0.0328213091	0.0843441181	0.1535126726	0.1052041243	-0.0140372861	0.0415315585	0.1127223678	0.13253498	0.0458923921	0.0437958619	-0.0743847426	-0.0269940852	-0.0892016484	0.0731475512	0.0752609377	-0.0177287359	0.0391941169	0.0395759345	-0.1100143168	0.0664452612	-0.0127260042	0.056649599	-0.0936431718	0.0712108866	0.0658198256	0.0156813737	0.0252595567	0.0835002397	0.0166578547	0.0023422906	0.0223671483	0.0422300732	-0.0156512452	-0.0131074599	0.0953736141	-0.0323652672	-0.0482700083	0.0191387498	0.0419403066	-0.0826841886	-0.0794947093	-0.0336343342	0.0923882127	-0.0285186755	-0.0905998682	-0.0224686191	-0.1020240119	0.0637307152	0.0762490709	-0.0945685192	0.0660530430193233	0.006404867957542	4.102233355354946e-05	0.0043630044921125	0.0723040842728011	0.1044550024226253	0.0109108475311106	0.0052278806025283	0.0345391100243119	0.0575023581691594	0.0011929501212715	0.0033065211950143	5.960157632260769e-05	0.0006268453473025	3.929350894348014e-07	3.552347900139629e-09	-0.0003609836021896	0.000169291275381	2.8659535920125588e-08	1.303091610497794e-07	0.0005630101115315	-0.0004043397010706	3.169803856867121e-07	1.63490593861943e-07	0.0	0.0	0.0	0.0
1165.1291810766822	-6.233056697179109	38.850995790249335	1357526.0085964203	1531.4608673145165	0.7093290455723036	0.5031476948925151	2345372.388115731	1098.4995637773377	-1.2248206497463343	1.5001856240450326	1206701.2916190012	1126.2697758534318	1246.0168769004597	1.382134	29.895496	0.098845336712124	0.0503955723773624	0.0008382882	0.1445852838	-0.0760654974	0.0730163737	-0.0555176224	0.0962281098	-0.0190276735	0.0847195891	0.1359127542	0.0796080144	0.1660477249	0.0046098507	0.0238431909	-0.0295825272	0.0335387905	0.0969964966	0.0598459989	0.0068661817	0.044331731	-0.0366331033	-0.1272533729	0.1465539281	-0.0002251399	0.0027218117	0.0340884025	-0.0603594872	0.1022357526	0.0038755831	-0.0332337159	0.0566644978	0.0964939067	0.1072314982	0.0129768911	0.011615112	0.1369225943	0.1050200857	0.0833829316	-0.1116264865	0.0491829538	0.05003152	-0.0807076401	-0.058522375	-0.1333126443	-0.0452415562	-0.0437720814	-0.1079061852	-0.0042731956	0.0548260562	-0.0473696017	-0.0073596659	-0.1416108816	-0.1335964687	-0.0169606405	-0.128003769	-0.033949859	0.0154157499	0.1119261503	-0.0146576833	-0.0510464189	-0.0745044142	0.0067805952	-0.1155557926	-0.108550948	-0.0774573038	0.0930801572	0.1102825205	0.0666266467	-0.0553241389	-0.0450565818	0.0359285219	-0.1902835264	0.0508570692	-0.112331943	0.043229692	0.0426194889	0.0877729233	-0.0590361039	0.0001672426	-0.0323409933	0.1869648077	-0.0868293779	-0.0039735638	-0.0565705266	-0.0885274739	0.0236198789	-0.0028221859	-0.0328732297	-0.0332987018	0.06393816	-0.065806509	0.1448894845	-0.0548451379	-0.1237910305	-0.0284636493	-0.0940059958	0.0162898288	-0.0924971927	0.0219567925	-0.0295083366	-0.0092398185	-0.0719964687	-0.1224313846	-0.1039226495	-0.0916668175	-0.1065225224	-0.052631267	-0.0213925901	0.1667906398	-0.031147461	0.0671983092	-0.0274826348	-0.0625689546	0.00699184	0.0033762027	0.1536875622	-0.0279467608	-0.0171625074	-0.0060219438	-0.0761892987	-0.0273257	0.1491415985	0.0978733867	0.1048914791	-0.036546732	-0.0116645579	0.1327919875	0.025530199	0.039676772	0.0732291689	0.0667264916	0.0122508063	0.0973214746	-0.0896409215	-0.1414336092	0.0078510464	0.0599999953	0.1410939148	-0.1013841813	-0.0581519599	-0.018919315	-0.029312893	-0.0599947971	0.0366675173	-0.0786053691	0.0196460445	-0.0976794584	-0.1031658979	-0.1009843043	0.0520966876	0.0396348511	-0.0028785057	0.1108175562	-0.0245744743	-0.100240825	0.0689150546	0.0697569027	-0.0997713604	0.0717723059218116	0.0057192629024882	3.270996814777884e-05	0.0051512638973341	0.0385588686676925	-0.0337452156051086	0.0011387395762352	0.0014867863529323	0.051245774795106	0.0167066647707941	0.0026261294343507	0.0002791126477636	-0.0004040076381481	-0.0004636092144707	2.149335037421467e-07	1.6322217168200614e-07	2.88862240469534e-05	0.0003898698262365	1.5199848140972033e-07	8.344139396907888e-10	0.0005630052835641	-4.8279673999993e-09	3.169749493210927e-07	2.3309269215456006e-17	0.0	0.0	0.0	0.0
1168.184690095359	3.05550901867673	9.336135363214837	1364655.47017319	1515.229102247538	-16.23176506697837	263.47019718957927	2295919.23229788	1099.3781796816602	0.878615904322487	0.7719659073284217	1208632.3819601608	1127.400090270252	1226.150112794753	1.541289	33.338013	0.2355650248017335	0.126606983645102	0.0497912321	0.0435744597	0.0570365531	-0.1598777656	0.0123330934	0.0311031749	0.0544361569	-0.0396517599	-0.1676589353	0.0191005478	0.0839652926	-0.0348426124	-0.0147914152	0.046596504	0.0405955546	-0.1186416136	0.0516076403	0.0541330435	0.056744295	0.0147265076	0.0048022711	0.1128788066	0.0034553718	-0.176643309	-0.0038570674	-0.0073737452	-0.1794161363	0.0591113815	0.0057571871	0.0857001535	-0.0618892068	-0.077835521	-0.0126646566	0.0755603113	-0.031776191	-0.1120250353	0.0645260096	0.0447663921	-0.0056058041	0.0128369982	-0.1307484072	0.0211911735	0.0927253947	-0.0453863824	-0.0600885184	-0.1772525809	0.0096482563	-0.0056603512	-0.0187268815	0.0389405509	-0.0260534913	0.0008354427	-0.0754926396	-0.0582406802	0.0266334655	-0.0507172666	-0.0401184255	0.1281935148	-0.0773732693	-0.0391045028	-0.1704994696	-0.0116785093	-0.1020791646	-0.0132835873	0.0920599148	0.1336310082	-0.0049327126	0.0235211802	-0.0114167761	0.0201455961	-0.0433071263	-0.05331435	0.1066723374	0.0351450499	-0.1032935761	-0.0125682716	-0.0013869187	-0.0306139111	0.002172719	0.0119643648	-0.0797786695	-0.1211410395	0.0980180719	-0.0295882477	-0.0169790013	-0.0865131568	0.1763334616	-0.0572937183	0.0051568636	-0.0815727871	-0.1317769556	0.009925265	0.0366628726	0.1268632	0.0302141238	-0.024630765	0.0623837229	0.0684689646	0.0795814347	-0.012904154	-0.1560354597	0.0209152003	-0.1163486191	-0.090425569	-0.1219954373	-0.0804651801	-0.0719799678	0.1319172224	-0.0354972882	-0.044995422	0.0217827759	0.0625857809	0.0236598879	-0.0148542516	0.0270927048	-0.0159310789	0.0336693419	-0.0734027021	0.0307564986	0.1726359602	-0.0450623475	0.0918974368	0.0732920097	0.0855578106	0.0044330483	0.0125886539	0.0024489997	-0.0404804806	-0.1399876839	0.0163824415	0.01777753	0.0798569576	0.0157616021	0.0341647192	-0.0015711934	-0.0282256928	-0.0126177503	-0.0727752706	-0.0283484688	0.0221196221	0.0399474301	0.0932677491	0.0520750293	0.107231485	-0.0065630777	0.1433421314	-0.0648519201	-0.0571140289	-0.0324425824	0.0971912083	0.0402297286	-0.1652950522	-0.0266710879	-0.0983068664	0.0738662073	0.0628452084	-0.1040369087	0.0593313747117463	-0.0124409312100652	0.0001547767693735	0.0035202120251856	-0.0469355408491054	-0.0854944095167979	0.0073092940586259	0.002202944994798	-0.0391604695354317	-0.0904062443305377	0.0015335423742354	0.0081732890139528	-0.0006668715589929	-0.0002628639208448	6.909744088190129e-08	4.44717676193621e-07	-0.0002728147540533	-0.0003017009781002	9.102348018664961e-08	7.442789002916258e-08	0.0009429091795057	0.0003799038959416	8.890777207961125e-07	1.4432697015160605e-07	0.0	0.0	0.0	1.0
1173.947782358129	5.763092262769987	33.213232429199294	1378153.3957035688	1538.16134334422	22.93224109668199	525.8876817163505	2365940.318158496	1100.3241718080906	0.945992126430383	0.8949011032682778	1210713.2830651605	1128.1265319561296	1246.4650171868052	1.252273	27.086613	0.2066330674535615	0.1236159468716675	0.1032545752	-0.0202267376	0.1171974279	0.01013117	0.1092989674	-0.1018718909	-0.1727013165	-0.1127643416	-0.0423172451	0.0279809932	-0.0371012871	0.0877510106	-0.0134780248	-0.0930382629	-0.0323038716	-0.0940761337	0.0923737496	0.1482255167	0.0500734119	-0.083263494	0.1004940768	-0.0084288755	0.1627878741	0.0382665867	-0.0890857014	-0.0937166231	-0.0404333604	-0.0259667222	0.0008790718	0.1091049986	-0.0004540688	-0.1620210573	0.0083003688	0.0118696013	0.0547473315	-0.0216393548	-0.0316004472	-0.0662824453	-0.0642852646	-0.0785359986	0.0083458778	-0.0193703796	-0.1274023923	-0.0682515933	0.1564810486	-0.0137944203	-0.0669865149	-0.0542951701	-0.1737819208	0.040127739	0.0869447572	-0.0992670346	-0.0181018957	0.1839313174	0.0562021816	-0.1122496251	-0.0064361741	0.0583175542	0.0007902309	-0.0784943272	-0.0026458589	0.0880421538	-0.0053147577	-0.0720462681	-0.0145572007	-0.0718440819	0.1064532246	0.1025701888	0.0321457688	-0.1013771889	-0.0497625849	-0.1245394046	-0.0329999908	-0.0244036538	-0.1730936473	-0.0323440167	0.0213356311	0.0889630644	-0.1179787634	-0.0912088214	-0.0437095862	-0.0932181951	0.0126495559	-0.0154219892	0.0682350335	0.1119594888	0.0409813231	-0.0571883427	-0.0422959481	-0.005575289	-0.050407888	-0.0356206217	-0.0649142852	0.0361023434	-0.0344678306	0.0445640546	0.1802715881	0.0949323532	-0.0499107938	-0.0490685792	0.116121549	-0.1571801763	-0.0498079227	0.0537298456	0.0702777323	-0.0885423016	0.0739619179	0.0169746676	-0.0782473014	0.1104194383	0.2540982385	0.0139302231	0.0020544124	-0.0931575074	-0.1170179086	0.0921813991	0.1134513223	-0.0498246839	-0.0791532032	0.0267123188	-0.0772153224	-0.0793830942	-0.0736633342	0.0912062022	-0.022013556	-0.0706958442	0.2077624239	-0.0253982476	-0.0096249643	-0.075307249	0.103779733	0.0503226555	-0.0092128269	0.1060520284	0.0632360994	0.036574881	-0.0353797172	0.0504846695	-0.1017181385	-0.0095129167	-0.0531835607	-0.0033209169	0.1322082129	0.0946359957	0.0199930008	-0.160860622	0.0515993621	0.0002517824	-0.0170592165	0.1142156798	0.0708586699	0.0078518165	-0.0287576717	-0.0962250449	0.0785674201	0.0555555556	-0.1073250918	0.0591738257927971	-0.0001575489189492	2.4821661862062184e-08	0.0035015416589562	0.0668037625568729	0.1137393034059782	0.0129366291392771	0.004462742691755	0.0069152397835523	0.046075709318984	4.782054126402447e-05	0.0021229709892475	-0.0001088227539681	0.0005580488050248	3.114184687896072e-07	1.1842391781201624e-08	-0.0004660416747108	-0.0001932269206575	3.733664286677981e-08	2.1719484256724718e-07	0.000760974788995	-0.0001819343905107	5.790826294859847e-07	3.3100122450499924e-08	0.0	0.0	0.0	0.0
1171.2803298468748	-2.6674525112541687	7.115302899796171	1371897.6110862035	1532.9633291729845	-5.198014171235627	27.019351324366404	2349976.56858912	1099.6576546625213	-0.6665171455692871	0.4442451053378302	1209246.957457877	1127.0018697890098	1250.06592310288	1.396389	30.203833	0.125354380860676	0.0633759992139427	0.0015891646	0.162172385	0.0438740541	0.1194057599	0.0034567818	0.0933877372	-0.1105907276	0.1167230731	0.0860103173	-0.009659668	0.0954469096	-0.0062340802	0.1417627349	0.0031767206	-0.0403441975	0.0522849242	0.0873602603	0.0344593122	0.0559458698	-0.1788598073	-0.0495453701	0.0226353954	-0.1895962978	-0.002398039	0.048196738	-0.0988911665	-0.0604967591	-0.105774549	0.0457831488	0.0869611506	-0.052913583	-0.0394302124	0.1121403338	0.0048007346	0.0594838831	0.0646919922	-0.0150119695	-0.004960257	-0.0062713338	-0.046749574	0.0437200358	0.0728143024	0.0146551853	-0.0163572533	0.0924009783	0.0354876355	0.0979065503	-0.0506084784	0.0952690447	-0.0460650253	-0.0998395656	0.0095562208	-0.0726721612	0.0456686989	-0.0699488155	-0.1079623527	-0.0167403512	-0.0491237849	-0.1278332063	0.0169610539	-0.0151455006	-0.1489079315	-0.0121119426	-0.0596452638	0.0013491208	-0.0609634211	-0.0346328159	0.013544293	-0.0760378453	0.0589341401	-0.1652953585	-0.0241834081	-0.1342048751	-0.0345911594	-0.0512579579	0.0997965474	-0.0538285136	0.102257111	-0.042291305	0.1206485312	-0.0470258362	0.0375378774	-0.1876067363	-0.0175067571	-0.1342336351	-0.1027114764	0.0586939721	-0.0211871664	-0.0460578317	-0.0494466417	-0.0882769427	-0.0007368277	-0.0440028642	-0.0062012838	-0.022575497	0.0130912768	-0.0571625248	0.0311924933	-0.0170239669	-0.0781242078	0.03107516	-0.0313269658	0.0146797693	-0.0782497668	-0.0118713188	-0.0342495535	0.0294426051	-0.1138050969	-0.1380718184	-0.0132537116	-0.0318211174	0.0374292392	0.0490672883	0.0373614274	0.0667357348	0.173847818	-0.0162803099	-0.0657185757	0.0617970213	-0.0215049034	0.019151994	0.1157485648	0.0330991546	-0.1695235595	0.1180946506	0.064978675	0.1326135008	0.0070695299	0.0591710847	0.005286425	0.0935227911	0.1093968757	-0.16216617	-0.0974952717	0.0402779867	0.0476672516	0.1069310623	0.0046948254	0.0689517732	-0.0676348361	0.0189702349	-0.0189376015	0.0435522449	-0.0538695193	0.0037199207	0.0690379725	-0.1676495043	-0.1161128662	-0.0423515381	0.1015351306	-0.0864062783	-0.0120716236	-0.0308334408	-0.0939984918	0.0830027857	0.0479317851	-0.1096050192	0.0734629734623979	0.0142891476696008	0.0002041797411236	0.0053968084699369	0.0250527709225707	-0.0417509916343021	0.0017431453024475	0.0006276413308988	0.0438294353703554	0.036914195586803	0.0019210194048841	0.0013626578358207	-0.0004829081303177	-0.0003740853763496	1.3993986879862188e-07	2.332002623269367e-07	-0.0002671652988999	0.0001988763758109	3.9551812855678356e-08	7.13772969362729e-08	0.0006859356217561	-7.503916723889997e-05	4.705076771939275e-07	5.630876619907599e-09	0.0	0.0	0.0	0.0
1169.6010451003192	-1.6792847465555951	2.819997260014289	1367966.6046997588	1523.1852712461202	-9.77805792686422	95.61041682111224	2320093.3705411167	1097.7999851967536	-1.857669465767685	3.4509358440455973	1205164.8074979924	1125.7649999139578	1246.6508253415425	1.327991	28.724388	0.1042659858473833	0.0571482694044471	0.063843755	0.0493479311	0.0918826562	-0.0522038919	-0.061398176	0.0110036051	-0.003967964	0.0456424981	-0.0762416349	-0.0232902896	0.1564761519	0.0531094499	-0.0109197142	0.0829813789	0.0681033487	-0.0794947057	0.0985589257	-0.0096186039	0.0441651207	-0.0340828948	0.0738383851	-0.0548656617	-0.0294559652	-0.0425750447	-0.1307718021	-0.0833693221	0.0555301423	-0.0798312886	-0.0951988895	0.0706572438	0.0581253212	-0.0954220996	0.1062381923	-0.1179391689	0.1696383513	0.0272198774	-0.1346890547	-0.0291326614	-0.1760252549	0.0120434781	0.09676918	-0.0087920634	0.012595554	0.0389686044	0.010753963	0.1770221629	0.0689909669	-0.0299478654	0.0079272315	0.1304215701	-0.0097469016	0.0438750487	0.0029689892	-0.0999315651	0.0188417486	0.0535415634	-0.0361523343	0.0054983179	-0.1483483506	-0.0151990364	0.0273820541	0.142329042	-0.1301150574	0.1540098963	0.0422679744	0.0470047017	-0.015894601	-0.1235187158	-0.0319098409	0.1190093049	-0.008682071	0.1002122353	0.0385135686	0.0494917167	-0.0740941928	0.0621610111	-0.0681119832	0.0522781498	-0.1325896017	-0.0523328412	-0.0112256951	-0.0783194378	-0.0596343136	-0.0602364054	-0.159966898	0.0389864384	0.0028121919	-0.0709643681	-0.0194409241	0.0478045018	0.0958572967	-0.043729482	-0.0481087435	0.0492933496	-0.1379372354	0.0612619404	0.1034802584	0.1568478595	-0.0211875158	-0.0122384112	0.2171590439	0.0298601467	0.0862055778	-0.0285381349	-0.0295521792	-0.0398397892	0.0844607275	-0.0521888009	-0.0773092995	-0.0915930715	-0.1137006006	0.0817336884	0.0953776856	-0.117239849	0.0245469737	-0.1037928633	-0.1575253416	0.0714658411	0.030721331	0.0487022901	-0.0998848714	-0.0876349817	0.1787150162	-0.0337739971	-0.0302877898	0.0932671454	-0.1068528731	0.0106650315	-0.0970003416	0.0170515762	0.0790187106	0.0567466677	-0.0382539955	0.0184118397	0.0262104048	-0.0021948392	0.0506645004	-0.1853520655	-0.0482979031	-0.0483071869	-0.0225604836	-0.0016092275	0.1163716941	0.1656319579	0.0028197129	-0.0295874771	0.0611614191	-0.0479625836	0.1265737521	0.0324401277	0.0690061734	0.0830699239	-0.0328976148	-0.091630556	0.0871572961	0.0400197472	-0.1108552722	0.0686058310976847	-0.0048571423647131	2.359183195109173e-05	0.004706760060604	-0.0025449093079146	-0.0275976802304853	0.0007616319541041	6.476563385510369e-06	-0.0045869944286494	-0.0484164297990048	2.104051788846064e-05	0.0023441506744819	-0.0005948004887387	-0.000111892358421	1.2519899873013544e-08	3.537876214037965e-07	-0.0004822462423872	-0.0002150809434873	4.625981225138716e-08	2.325614382965741e-07	0.0008268569889114	0.0001409213671553	6.83692480111627e-07	1.9858831720918865e-08	0.0	0.0	0.0	0.0
1173.5531076731666	3.952062572847353	15.618798579700842	1377226.896529347	1515.9558609725975	-7.229410273522717	52.26437290291581	2298122.172417169	1099.2606761768388	1.4606909800852463	2.1336181393023974	1208374.034188761	1127.2145490680955	1251.7342436384629	1.083579	23.437752	0.0703215087799025	0.0380012788716406	0.1158835039	-0.0403222842	0.1182316437	0.0036600923	0.0130596014	-0.0855136094	-0.0129863173	-0.0279586192	-0.077287027	-0.1026490381	0.0022657655	0.0511854967	0.038024375	0.0105465797	0.0095541671	-0.0814120842	-0.0056419216	0.0273447661	-0.0415819151	0.0169241771	-0.0762438957	0.0465680926	0.0926005856	0.098508468	0.0308049062	-0.0812276033	-0.0045572744	0.023493375	0.0854257406	0.093325582	0.1111101897	-0.0645861764	-0.0247347013	-0.0142232751	0.0480864793	-0.0063664146	0.0417141375	-0.0318629284	-0.0988519585	-0.0597847645	-0.1045614535	-0.0946490604	0.0673518505	0.0614920162	0.064033718	-0.0247383843	0.0013508621	-0.0543446587	0.0102182208	-0.0106048836	0.1196812413	0.1053433134	0.1210795161	-0.0094690525	0.072833534	0.0633812336	0.078765152	-0.0815072668	-0.0307428834	-0.0459945856	0.047497583	-0.081266986	0.1208215949	-0.0521840427	-0.0110159337	0.0984004501	0.1781213675	-0.0734752019	0.0816624111	0.0146548173	0.0024054866	0.1142193582	0.0665179315	-0.0089534875	-0.0513543895	-0.0641605293	-0.0163721626	0.0458806227	-0.0534350523	0.0821205498	0.0123517876	-0.0181754538	0.0090296431	0.0030389578	0.098857673	0.075104502	-0.0185267111	0.0170639762	-0.0054040522	8.0878e-06	-0.031546422	-0.0102368171	-0.1695001847	0.0336749236	-0.0609880397	0.0021212685	0.1030243597	0.1243631164	-0.0240729296	-0.0493806909	-0.1167522621	0.04347632	0.0139428728	0.0703616264	0.0285984069	-0.0458737417	-0.0726098983	-0.1046568094	0.1509600353	-0.0448507237	-0.018506721	0.0088157937	0.0756082649	-0.1551754659	-0.0020746379	-0.0146740213	0.013012101	0.017471893	0.0117060973	-0.1146766463	0.0888972515	0.0364371529	-0.0784756121	0.0235546886	-0.0211029918	0.1186543278	-0.040286113	0.1390829016	-0.0661997302	-0.0699608287	0.1275399065	0.0229910726	0.008675345	0.0546694316	-0.048375866	0.0704421705	-0.1011547221	0.0837029093	-0.0900909299	-0.0488085719	-0.1472132315	0.1152383522	0.0725656472	0.0661769203	0.0617205476	0.012870665	0.022875551	0.0059354192	-0.0815554191	0.0605545329	0.0260844719	-0.0611590895	-0.0349494174	-0.0891247992	0.0910168938	0.0318670259	-0.1110641056	0.0614338187652094	-0.0071720123324753	5.143776089717784e-05	0.0037741140880765	-0.018774255923958	-0.0162293466160434	0.0002633916915836	0.0003524726854982	-0.0210231354457732	-0.0164361410171238	0.0004419722239713	0.0002701467315347	-0.0001158041895713	0.0004789962991674	2.294374546160654e-07	1.3410610322265588e-08	-0.0005280427348328	-4.57964924456e-05	2.0973187203198973e-09	2.788291298097028e-07	0.0007419696042392	-8.488738467219998e-05	5.505188936148751e-07	7.205868076486052e-09	0.0	0.0	0.0	0.0
1170.8230882101886	-2.730019462977907	7.45300626823818	1370826.7038860433	1529.000510786109	13.044649813511567	170.1628887571474	2337842.5619841823	1098.4969960001486	-0.7636801766902863	0.583207412269707	1206695.6502213504	1125.889997682183	1257.1930831603197	1.150552	24.886391	0.2791575094206302	0.1866108936691716	0.1252978509	0.0028481686	0.0097083152	0.1399750744	-0.0109791593	-0.1495903441	-0.0615898106	-0.0530188745	0.0898362496	-0.0557615848	0.1092664276	0.0597763321	0.0694392156	-0.0719116918	0.0246733742	0.0704111184	0.0530656111	0.0192366448	-0.0344524476	0.0048106939	-0.1747488257	-0.0181643443	-0.0028871205	0.0230649971	0.1058713717	0.1190474354	0.0453470867	0.0198966265	-0.1038227296	-0.0347690608	-0.0357294802	0.1993106769	0.0098654422	-0.0925373959	0.0414942913	-0.0865726528	-0.0958607813	-0.1190988263	-0.028018124	-0.1036735739	-0.0458028184	-0.1448937359	0.0254100461	0.0798631508	-0.0724977431	0.1631678057	-0.0392380633	0.0324645377	0.051447816	0.1062390984	-0.1056755108	0.0726068838	0.009438257	0.0301095254	0.101536062	0.075690285	0.0740277552	0.0499535332	0.0965601566	-0.1247280976	-0.0835623912	0.1259601793	-0.1554622055	-0.076453498	0.0328043094	-0.091274585	0.1001437861	-0.0144826384	-0.0693128531	0.162973983	0.1113521874	-0.0517874031	-0.1266093852	0.0451177695	-0.0078243071	-0.0185589663	-0.0749844645	0.0372731037	-0.015720169	0.1567159833	0.1165254213	0.1348146181	0.090738155	-0.0123944316	0.0324721085	-0.0186734875	-0.0194161416	-0.0344546729	0.0992717199	-0.0008511477	0.1914941788	-0.1384365576	0.0797538196	0.1340341343	-0.0604712503	0.0487349954	-0.0386252282	0.0057579662	-0.0596886655	-0.0104295363	-0.0180629814	0.0196432481	0.0669733695	0.1044002187	-0.0447472908	0.0799920358	0.01508242	-0.0029318731	0.0051409166	-0.0732677538	-0.1691102182	0.086100361	-0.0894093339	-0.0243153804	-0.1526620438	-0.0882433386	0.0435853598	-0.008646568	-0.1546338576	-0.0140450182	-0.0397341433	0.0347602606	0.1261401838	0.1383228646	-0.1376355035	0.0003871211	0.0602730924	-0.059933288	0.1074130994	-0.0583552329	0.1008419847	0.0477864143	0.0192328043	0.1405988543	0.116182424	0.0077907067	0.0649574517	-0.0546598714	0.0518192367	-0.1377980483	-0.0717196974	-0.0304481836	-0.1002898384	0.1576163902	0.0266252995	-0.1216351425	0.0173399701	0.0024888074	-0.0109136403	0.0634261918	-0.0188583716	0.0510891192	-0.0369880768	-0.0864849902	0.0945685192	0.0235226525	-0.1102295573	0.071978142872723	0.0105443241075136	0.0001111827708842	0.0051808530514061	0.1437659386686931	0.1625401945926511	0.0264193148582168	0.0206686451212904	0.0668470446329223	0.0878701800786955	0.0044685273761559	0.0077211685470623	-0.0002478691189808	-0.0001320649294094	1.7441145579936212e-08	6.143910014431798e-08	-0.0004320748420412	9.59678927916e-05	9.209836446860032e-09	1.8668866912492796e-07	0.0006059462136049	-0.0001360233906342	3.6717081378211513e-07	1.8502362799651362e-08	0.0	0.0	0.0	0.0
1167.9975268048663	-2.825561405322333	7.983797255247115	1364218.2226222844	1516.6861929623003	-12.314317823808778	151.64242346577456	2300337.007922476	1098.2284158807597	-0.2685801193888437	0.0721352805309255	1206105.6534479628	1127.1672012362928	1248.2461784098953	1.254945	27.144409	0.2540484188898008	0.1596547311898235	0.0532597512	-0.0982013832	0.0074976578	0.0030969086	-0.0498282875	0.0621025089	0.0364326511	0.025005506	0.0061576383	-0.0689200505	0.0101413064	0.0749742393	-0.1040507796	0.0855547411	0.0614917171	-0.0553804232	-0.0038347844	0.0378290402	-0.0824751836	0.0457798886	-0.0727951258	-0.037789183	-0.0524714138	0.0858772798	-0.1064594836	-0.0239624566	-0.0830678179	-0.0682778025	0.0500282041	-0.041937547	0.0705499954	-0.0283542124	0.086275973	0.0064834524	-0.0372395427	0.0327955527	-0.0668699182	0.0487807295	-0.0168374542	-0.0035339857	0.0320176607	-0.0757338539	-0.0321790417	-0.0558151637	-0.0194623162	-0.026771265	0.1859424889	0.1063828725	-0.0138556998	0.1367437597	0.102585653	0.0234921735	-0.0115823198	-0.0212156248	-0.0412341087	0.1004849313	0.0999184559	0.0715784442	-0.0704118423	0.0492707243	0.0299597437	-0.0565064018	0.0089152986	0.0776202382	-0.1032120579	-0.036318149	0.0591328669	-0.0136775675	-0.1078521249	-0.0201261528	0.099650318	0.0570660836	0.0736224659	0.0452869499	0.0248584974	-0.0564550825	-0.0432020213	0.0580221728	-0.1116145126	0.0796915451	0.0910636418	0.0072703764	0.037969255	0.1007091185	-0.1156236269	0.0326722677	0.0094909346	0.012491232	-0.0471391572	0.0446014827	0.0261875123	0.052392408	-0.0914860442	-0.0283259411	0.0672341795	-0.0547224341	0.0301041421	-0.0477653885	0.0037072039	0.0849962989	0.0571198065	-0.0797410298	0.0681279356	-0.0309759035	-0.0451189206	0.0031740849	-0.10517519	-0.0825730175	-0.0048053592	0.0474221433	0.026903223	0.1619417524	-0.0192965443	-0.148845396	0.1437955292	-0.0680143063	-0.0106640474	0.062335973	0.0535031992	0.0118489216	0.0014176071	0.0085831874	-0.0438818732	0.043730266	0.0178423246	0.0982505507	-0.0309036576	-0.0211519908	-0.0139603908	0.0938339492	0.0988978954	-0.0423838335	0.0305640253	0.0063340345	-0.1392341892	-0.0329912629	-0.0084861813	0.0613716811	-0.1134683145	-0.0373322409	-0.0467736866	0.1099018063	0.1478882489	0.0465523063	0.0685610343	-0.104667583	-0.0504453258	-0.0462884806	0.0596538691	-0.0108623031	0.0063981188	0.0576979565	-0.0390128266	-0.0837150996	0.0978001546	0.0150368111	-0.1083594676	0.0668182091115596	-0.0051599337611634	2.6624916419593888e-05	0.0044646730688761	-0.0048506671526098	-0.1486166058213029	0.0220868955258445	2.3528971825407663e-05	0.0101232255390328	-0.0567238190938895	0.0001024796953141	0.0032175916525963	-0.0006832414335833	-0.0004353723146025	1.8954905232233826e-07	4.66818856564963e-07	-0.0005778067100155	-0.0001457318679742	2.12377773432788e-08	3.338605941389361e-07	0.000895803235297	0.000289857021692	8.024634363685724e-07	8.401709302421451e-08	0.0	0.0	0.0	0.0
1171.4246554406354	3.4271286357691224	11.745210686108726	1372235.7233742117	1511.1462856026872	-5.539907359613153	30.690573553095977	2283563.096490798	1099.7415406981293	1.513124817369544	2.289546712939616	1209431.456337095	1128.6758709753392	1247.4513035766445	1.208814	26.146595	0.1390797626515348	0.0857185021384369	-0.095264433	-0.1131240834	0.1206512695	-0.0075548992	-0.0644811218	0.1132963001	0.0592012056	0.0646783835	-0.0852157307	-0.0867308037	-0.0813606933	-0.0083709433	0.0407622533	0.0036173616	-0.0146160644	-0.1425425535	-0.087909761	0.0303532487	-0.0883255234	-0.0249278723	0.1525477959	-0.0125929574	0.0368679071	0.0728699634	0.067708868	-0.1645851073	0.1315557508	-0.1061668611	-0.0675268141	-0.174024168	0.044662994	0.0277438258	0.0196861065	0.1099241043	-0.1141983277	0.0684518082	-0.0305285934	0.0146293498	-0.0178372704	-0.108854004	0.0613266815	0.0864878401	0.070648063	0.0541332941	0.1954182703	-0.0313891407	0.000838213	-0.0985867234	0.0620151417	-0.0602826991	-0.0639293579	0.0033386963	-0.0570635743	-0.0529897838	-0.1751973534	-0.0853208143	0.0508278893	-0.1175650715	0.0580120718	0.017636891	-0.0623150395	0.1500194001	0.0112685795	-0.0421326471	-0.0595858569	-0.1599950591	-0.005248376	-0.0455724382	0.040446317	-0.0480110136	0.0880868943	-0.166381398	0.143683859	-0.0515137915	0.0103018854	-0.0376397957	0.053105777	0.0733682826	-0.1176096915	-0.0838458713	-0.0756195776	0.1768529952	-0.0922600955	-0.1538884209	0.0174250667	0.1149893725	-0.0503100237	0.0492862071	-0.0431339784	0.0501536452	0.0725060436	0.0977863437	-0.0302694796	-0.0899297069	0.0724642685	0.0093999344	-0.0071493892	-0.1023578769	0.0316968607	-0.1620442438	0.0389317816	0.1007489991	-0.0072509637	0.0290456704	0.124516508	-0.0419726045	-0.0740481338	-0.1299656387	-0.0451315817	-0.1387816964	0.075526484	0.0346823521	-0.1045783167	0.1331233673	0.0097046482	0.2145246037	0.051303725	0.069300004	-0.1016782148	-0.0028012776	-0.1129814651	0.0471447103	0.0559105968	-0.0394662562	-0.0447082861	-0.1266924735	-0.0321144638	-0.0307437345	-0.1348037315	-0.0244684825	0.0305400132	-0.1137278554	-0.07763077	-0.0194240985	0.049926365	-0.1878028707	0.0520713235	-0.014307438	0.1581013083	-0.0117945657	-0.0703207001	0.0343916737	-0.0400782403	0.0067175015	0.0883691422	0.06539217	0.0284606497	0.0159644107	-0.1593682832	-0.0086072612	-0.0443071636	-0.1084579361	-0.0410229053	-0.0808192935	0.1007008652	0.0064605365	-0.1054714048	0.070852541613732	0.0040343325021724	1.6275838738084637e-05	0.0050200826531256	-0.0742685703590382	-0.0694179032064283	0.004818845285577	0.0055158205431754	-0.0293156696919112	-0.039438895230944	0.0008594084894852	0.0015554264570373	-0.0002821894972195	0.0004010519363638	1.608426556611535e-07	7.963091234099421e-08	-0.0006966259897334	-0.0001188192797179	1.411802123268057e-08	4.852877695720392e-07	0.0008919018171389	-3.9014181581e-06	7.954888514156718e-07	1.5221063644352394e-11	0.0	0.0	0.0	0.0
1169.819581605417	-1.6050738352184908	2.576262016502995	1368477.853507473	1517.3909969979013	6.2447113952141535	38.9964204095175	2302475.437770285	1100.4355003772707	0.6939596791414715	0.4815800362741341	1210958.2904905742	1128.8645929185095	1255.6817340658447	1.081902	23.401499	0.2683383474218324	0.1638056943658898	-0.0843215026	-0.0770150743	0.0205837252	0.0875508112	-0.0479234447	0.0712552204	0.0480982887	0.0440250273	0.0450922697	-0.0849707025	-0.066322565	-0.0559158721	-0.0184736763	-0.0653271034	-0.0959959847	0.0276989414	-0.0061113971	0.0017420023	0.079398421	0.1143113208	0.0215767798	-0.0730870113	0.1651577115	0.154457691	-0.0202149451	0.046372212	0.1181108936	0.0177905924	-0.0878374272	0.0594587048	-0.0714388496	0.0657371165	-0.0415569248	0.0016774501	-0.0105550757	-0.0336303332	-0.0967662218	0.1374844881	0.0682005728	-0.0322321724	0.0561242962	-0.0106759223	-0.134989929	-0.0002439651	0.0972220068	0.0009989383	0.0068555059	0.0208795251	-0.0588660761	-0.0721744803	0.1862657406	0.0432029662	-0.0501272112	-0.0517592298	0.1284379637	-0.0310827656	-0.1434287085	0.0309492503	-0.0234894003	-0.0983134558	0.1197202524	-0.0208329674	0.0029644252	-0.0676255842	-0.1132577811	-0.0531139773	-0.0279640831	0.0780664152	0.1188453968	0.0350354701	-0.0253009004	-0.0356361404	-0.0335563377	-0.0870991828	0.0594611718	-0.0156068036	0.0254982098	-0.1181643413	-0.1177388721	-0.0472308319	0.0239469157	0.0007131621	0.0275578929	-0.0171431765	0.1037766048	0.1587010961	-0.1370112449	-0.0145609402	0.0978172821	-0.0314539418	0.009111018	-0.0077404313	0.1014000219	0.0423062659	-0.0281168331	-0.0812003203	0.0283595525	-0.1355056189	0.0665935231	0.1678164123	0.0307095042	-0.0635623744	-0.0154815641	0.0172968238	0.2034684419	0.0224165065	0.0478675759	-0.025004803	-0.0459986246	-0.0398920615	-0.0094032861	-0.0238509948	0.152577385	-0.0480319963	-0.0764888872	-0.0250992084	-0.0011719744	-0.0356338883	-0.0541770876	-0.0619183817	-0.0291788403	-0.1333330478	-0.0710980905	0.0492197169	0.0975878974	-0.087500741	0.1869712946	0.0240548238	0.0231925599	-0.1138492693	-0.0270880527	-0.0645380769	0.0028804246	-0.0471539043	-0.0033763706	-0.1423317865	0.0328769313	-0.0534317589	0.02530816	0.0557545419	-0.1334359338	-0.0369596862	-0.0378771931	0.0590104815	0.1313619582	-0.0918613787	0.0070532083	0.0134869637	0.0072772637	-0.0950836772	-0.0069635425	0.0571524552	-0.0430175569	-0.0778019275	0.103260836	-0.0021545924	-0.1015925006	0.0706587865786474	-0.0001937550350846	3.7541013620636776e-08	0.0049926641207668	0.0775786938551874	0.1518472642142256	0.0230575916493448	0.0060184537402768	0.022241644519056	0.0515573142109672	0.000494690750912	0.0026581566486484	0.0005631543252178	0.0008453438224373	7.146061781329055e-07	3.171427940115157e-07	-0.0006958753962904	7.505934430000272e-07	5.633905166746351e-13	4.842425671623213e-07	0.0004431959537881	-0.0004487058633508	1.964226534541437e-07	2.013369518053868e-07	0.0	0.0	0.0	0.0
1164.903000871487	-4.9165807339300045	24.1727661132517	1356999.0014393956	1508.694373132344	-8.696623865557285	75.63126665898054	2276158.7115211966	1097.9365568026508	-2.4989435746199438	6.2447189891343005	1205464.6827636603	1126.2157737735008	1238.542580160238	1.088535	23.54496	0.1446435227957178	0.0817380821360103	-0.0577730262	-0.1032210367	-0.1175362081	0.0751237125	0.052106283	0.1138140734	0.0767064665	-0.0478262454	0.0803696644	-0.0762803901	-0.0431049052	-0.0934894505	-0.0371549755	-0.0167733134	0.0246748981	0.094901708	-0.0585554466	-0.0182770935	-0.0069731851	0.0537015818	0.0279897428	-0.0839870107	0.049766114	-0.0514884433	-0.0257230326	-0.1007054474	0.109647143	0.0200319696	0.002792356	-0.0552503437	-0.0728387116	0.0089556456	0.2309175355	0.1212756296	-0.0288899138	-0.0622070339	0.2118840833	-0.0261415825	-0.067803338	-0.0150579661	-0.2438362108	0.0219577358	-0.1110503473	-0.0067393991	0.0436173221	0.0777721286	-0.0059905109	-0.0407628531	-0.1519482492	-0.0721197487	0.0050188486	-0.0727085631	0.0367174927	-0.1012586923	0.0354191813	0.08332781	0.0427260457	0.0105484812	-0.0586812777	0.0586452101	0.0231739049	-0.0200188103	0.03559694	0.0665912193	0.0563929247	0.0082502558	0.0078889753	0.0572625138	0.0313254036	-0.0608260511	0.2027279587	0.0161954262	-0.0274639327	0.0349398664	0.1061556998	-0.0538423937	0.0306682382	-0.0480441038	0.0005337408	-0.0647785377	0.0475968539	-0.0309560271	-0.0461612628	-0.1189581379	-0.03796836	0.1197086306	0.0148170141	0.1141399843	0.0266604765	-0.069284118	-0.0273047724	0.0950689158	0.1047858007	-0.0954570177	0.0096363531	0.074303745	-0.0622066855	0.2056646533	0.0558681495	-0.1132226443	-0.1605268869	-0.1782492496	-0.0072942889	0.1740331388	0.0613798157	-0.0801797438	-0.036265727	0.0944494033	-0.0680543599	-0.0171669528	0.0173396393	-0.1158138534	0.0201484851	-0.0731692781	0.1126361402	-0.1087126419	0.0480058407	0.0494272732	0.0295768201	0.011430488	-0.0125328758	-0.0024522817	-0.0682200244	0.022813377	-0.0707741078	-0.0117244228	-0.0484375596	-0.0563138281	0.1371287691	0.0125510701	-0.0379509369	-0.0365788354	0.0626819887	-0.0122802045	-0.0644276177	-0.1093579559	0.0397512758	0.0631187542	-0.0404668697	0.0515515744	-0.0197805484	0.0883531668	0.075023333	0.0338516524	0.1132221599	-0.0246234348	-0.1496649121	-0.0132532793	-0.0275307165	-0.1076047479	-0.1570944131	0.15768616	-0.0449960313	-0.0746675401	0.1054714048	-0.0107567634	-0.0967591949	0.074759359852436	0.0041005732737885	1.681470117370935e-05	0.005588961885546	0.1189094508467576	0.0413307569915702	0.0017082314734962	0.0141394575006774	0.0793682579067507	0.0571266133876947	0.0062993203631524	0.0032634499571471	3.3139754266612014e-05	-0.0005300145709511	2.809154454205719e-07	1.098243312851429e-09	-0.0004999904880349	0.0001958849082555	3.837089728226565e-08	2.499904881253775e-07	0.0005590080574347	0.0001158121036465	3.124900082769168e-07	1.3412443351050812e-08	0.0	0.0	0.0	0.0
1167.235033363794	2.3320324923070075	5.438375545175633	1362437.6231117772	1508.1161284114398	-0.5782447209041948	0.3343669572535701	2274414.2567747105	1099.6149252291443	1.6783684264935346	2.816920575050383	1209152.9837866966	1127.3219483785697	1230.7518641190616	1.281558	27.720039	0.3145384518842949	0.2072862691224524	-0.1154729686	0.0183475809	-0.0236155955	-0.0789494133	-0.0085450838	-0.0744850683	0.1093761685	0.0556605875	-0.0022416404	0.0540510014	-0.0273339143	-0.1099431201	0.0388035905	0.1371847841	-0.0147889392	-0.0808059151	-0.1014249011	-0.0335456884	0.0679924771	-0.0330895038	-0.0332988761	0.0811373959	-0.1274395969	-0.0262036423	-0.0808933409	0.0120472432	0.0051203112	-0.0309572361	-0.1763766385	-0.1637565335	0.0837243351	0.0200332439	-0.0932130645	0.1306397944	-0.0461203817	0.0758838803	0.0824719816	-0.0318848933	0.024376093	0.0236939322	-0.0621883389	-0.1157295489	-0.0455566807	-0.0929001496	-0.0055681303	-0.062326145	-0.089261468	-0.0193177107	-0.0507102608	-0.0293229625	-0.0262328286	-0.0340551923	0.1618466266	-0.1136010181	-0.0369869541	0.0087387908	-0.0975566663	0.0194679042	-0.0006488524	0.1538778274	0.0411478474	0.0030748305	-0.0850855116	0.0706293421	0.0849702056	0.006025537	-0.1630864892	-0.2262221962	0.0559920284	-0.0017372305	0.0618894087	0.0294668412	0.0383259549	-0.0171813648	-0.0300438763	0.0900100074	0.1312903929	-0.0389405666	0.0659212481	0.0638085569	-0.0414690467	0.117809157	0.0831070218	-0.074171019	-0.1850177318	0.1021819709	0.0173759072	-0.1180936113	0.0119042902	-0.0078273418	0.0914569798	0.0835297719	-0.0059304984	-0.1005981954	0.0459893873	0.0679437718	0.0395412566	-0.1187031262	-0.0182622171	0.0086256581	-0.0628273382	-0.070424716	-0.1161319257	0.0901523075	-0.1118439521	-0.0784479493	0.0022144361	0.0874659201	0.1447689381	0.0354439899	0.0334964268	-0.1015101397	0.1176492157	0.1116783808	0.0390203966	-0.0884801169	-0.091428671	-0.0101873971	0.0789075443	-0.0502309738	0.0015574068	-0.0075336196	0.1282835847	-0.0799173497	-0.012599722	-0.0915481312	-0.1534743095	0.0865055346	-0.0384265995	0.1614112178	-0.0555381261	-0.0484973221	-0.1272171343	-0.1064303246	0.0237007933	-0.0099444363	-0.0250616752	0.0639396092	-0.1735896627	-0.028696999	-0.0023099807	0.0830118226	-0.1050774853	0.1337440147	0.0129626684	0.0102790146	-0.0219255643	0.0414103625	-0.0310969428	-0.1102020753	-0.0551338051	-0.0075337555	-0.0469575846	-0.0714208455	0.1073250918	-0.019294242	-0.0910168938	0.0734065025711174	-0.0013528572813185	1.830222823616733e-06	0.0053885146197234	-0.0805111042688224	-0.19942055511558	0.039768557802606	0.0064820379105851	0.027898129348145	-0.0514701285586057	0.0007783056211258	0.0026491741338393	-0.0006831895384542	-0.0007163292927208	5.131276556098988e-07	4.667479454532628e-07	-0.0006968048649829	-0.0001968143769479	3.8735898973429425e-08	4.855370198638374e-07	0.0008917626063417	0.000332754548907	7.952405460693418e-07	1.1072558981830109e-07	0.0	0.0	0.0	0.0
1171.701352962208	4.466319598413975	19.948010755176767	1372884.0605334686	1522.947925314138	14.831796902698215	219.9821993628884	2319370.383218637	1101.4223221446705	1.807396915526169	3.266683610253511	1213131.1317185585	1130.2360757168913	1253.1415620681532	1.270572	27.482412	0.1473479387197545	0.0821359600809171	0.033535272	0.116493911	0.0984193275	-0.0350100677	-0.0695271414	0.0620990878	0.0014183905	0.0450156092	-0.128048834	0.0581403299	0.0218916707	-0.0200612172	0.0865168752	-0.0606363187	-0.0929264825	-0.1196629836	0.0822799376	-0.073348177	-0.0498203645	-0.0376706162	-0.0218641858	-0.0417314239	-0.093779661	-0.0097546539	-0.0922690001	-0.0563216548	-0.0592713899	-0.0098418314	-0.0832222704	-0.092163699	0.163771665	0.1312308116	-0.0282517738	0.0520256447	-0.0396088831	-0.0880412624	0.0448045918	0.1973009434	0.0108503171	-0.0594406478	0.0052587901	-0.0135317446	0.0765964413	0.0396706365	-0.05951057	-0.0605393033	-0.116928792	-0.05576697	-0.1694199271	0.0018821723	0.1435589871	-0.0756690621	-0.0110410531	-0.0253837791	-0.0837991742	0.0237697075	-0.0267599521	0.1118752494	0.0019289698	-0.0403384632	-0.0069258757	-0.2089548223	-0.1488944862	-0.0085075504	-0.068110926	-0.1536814459	0.0404191641	-0.0653897146	-0.0637775473	-0.0404359554	0.0711123807	0.0560241325	0.1009972507	-0.103095123	-0.0641431273	0.0442351413	-0.101484712	0.0261293739	0.0842708933	-0.0453124639	-0.0113593942	0.053831471	0.0045069985	0.0590390722	-0.1135412879	0.0990991549	0.0717970435	-0.0751836278	-0.0366079228	-0.0564456703	0.1419547978	0.1649067768	0.0137496458	-0.0167588599	-0.0255962152	-0.0487876964	0.031591172	-0.0408880127	0.1177393676	0.1218496483	-0.102518042	0.1350234044	-0.0599082333	-0.0322029152	0.1191335402	0.0028598971	0.0157091309	0.0993602784	0.0405356876	-0.0645339935	0.1360955902	-0.0306222846	-0.0389319155	-0.1275846023	0.1190261186	-0.0800849624	0.0461451128	-0.1828626679	0.0951966859	-0.1318949993	-0.0761265759	0.0672155035	0.0215587766	-0.0301270605	-0.0436646776	0.0435096464	-0.0268042594	-0.1662523869	-0.0963183527	-0.0507825844	0.0181033803	0.1023344936	0.0058116941	-0.1039340763	0.0809582342	0.0837566562	-0.0478927004	-0.0652221579	0.1232376597	0.0231047426	-0.0275573541	0.143324149	0.0783956624	-0.0299370469	0.0180531711	0.1523554076	-0.0132832342	0.0176670384	-0.0713857334	-0.148440317	-0.1021416641	0.0335687764	-0.0489014791	-0.0680667272	0.1088156246	-0.0277156827	-0.0844195428	0.0720376300042744	-0.0013688725668429	1.8738121042553332e-06	0.0051894201366327	-0.0234233230797116	0.0570877811891107	0.0032590147610957	0.0005486520640965	-0.0131105259345361	-0.0410086552826811	0.0001718858902801	0.0016817098080937	2.639632950219336e-05	0.0007095858679563	5.035121040034282e-07	6.967662111883635e-10	-0.000695984941309	8.199236738999464e-07	6.722748310215859e-13	4.843950385288922e-07	0.0011390094083338	0.0002472468019921	1.2973424322729132e-06	6.113098109532071e-08	0.0	0.0	0.0	0.0
1167.23695959959	-4.464393362618012	19.93080809618776	1362442.1198552947	1531.242877694351	8.294952380212862	68.80623498999903	2344704.750489677	1098.297188780478	-3.1251333641923797	9.766458543988378	1206256.7148831012	1127.3087901953777	1247.743921101265	1.18064	25.53718	0.2817058316151268	0.1876322644885126	-0.0034566567	0.1195062635	-0.0372419951	0.0931009446	-0.0836362065	0.0230826933	-0.0441782	0.0944846783	0.0760852269	0.0568067562	0.0481626745	0.0312161429	0.0422467145	-0.0830095145	0.0058432124	0.0836876578	0.1112600705	-0.1107935996	-0.0074462348	-0.1111327589	0.1250804587	-0.0846711195	0.0179576317	-0.0338967283	0.0620317894	-0.0197999755	-0.0142172682	0.0648459056	0.026213832	0.0738134743	-0.1258992587	0.0459275961	-0.1089131477	-0.0917010115	-0.0074549205	-0.0152856277	-0.0703448969	0.0643318833	0.1487642183	-0.1365963563	-0.0206712152	0.0244974133	0.0633895591	-0.0275796053	0.0098304889	0.0520036066	-0.0509128513	-0.0114238734	0.0755389263	0.0308772611	0.0415162219	-0.0752593794	-0.059223599	-0.1216083682	-0.034501542	0.0152331072	0.0144430525	-0.0301783095	-0.0129460181	-0.0731233116	-0.0997949305	0.077902145	-0.0334540586	0.0642323177	0.1988934848	0.0672282922	0.1572434124	0.0999816575	-0.0547576081	-0.0331805276	-0.0179854496	0.1657397061	-0.0482585743	-0.0049682408	0.0817201763	0.0971380406	-0.1207914198	0.0813317481	0.0122161066	-0.1507490821	-0.0075006293	-0.028494569	-0.1040000179	0.0189700475	0.1110277455	-0.0514577755	0.0614674535	-0.0130114077	-0.0193184061	0.0349179101	0.0002946531	-0.1330988164	0.0878408217	0.1351063128	0.0344899617	0.0071588083	0.0086792469	-0.1458228393	-0.0417418341	-0.0064205826	-0.0982989079	-0.0136959759	-0.0619935353	-0.036113166	0.0283047824	0.021239306	0.0744113353	-0.029991657	-0.1229377427	-0.134270743	0.0197231014	-0.0279274601	-0.0100021941	-0.0553520623	0.0126603107	0.0030009623	-0.0403694483	0.0143983223	-0.0393974147	0.2089176528	0.0282165682	0.0058103592	0.0270679795	0.07501441	-0.1355027222	0.1033587775	0.0069418067	-0.0039919771	0.0593420942	-0.1060289012	-0.0900423615	0.1051544809	0.0528590443	-0.036724915	-0.0181156271	-0.0038475329	0.0750947355	-0.1258902686	0.0288412897	-0.0682443544	0.0525903322	-0.0108322697	-0.0562311707	-0.0088291463	0.016575326	-0.1533557206	-0.0075252181	0.0798683746	-0.0382489052	-0.0172161442	-0.056624212	0.089908437	-0.0508269837	-0.0646102301	0.1099379598	-0.035970438	-0.0770291202	0.0855839106737903	0.0135462806695158	0.0001835017199773	0.0073246057662193	0.1558415686693735	0.179264891749085	0.0321359014138111	0.024286594525331	0.0426865633947244	0.0557970893292605	0.0018221426944518	0.0031133151776174	0.0004418107183872	0.000415414388885	1.725691144927035e-07	1.9519671088181374e-07	-0.0006958028897821	1.8205152689998105e-07	3.3142758446614517e-14	4.841416614291213e-07	0.0008926544514004	-0.0002463549569334	7.968319696049491e-07	6.069076480565736e-08	0.0	0.0	0.0	0.0
1161.0745002169958	-6.162459382594079	37.9759056421218	1348093.9950541467	1525.399570285791	-5.843307408559895	34.14424147093095	2326843.849028076	1095.054308073846	-3.2428807066321497	10.516275277447033	1199143.9376310897	1124.1457888931095	1222.996073598248	1.251573	27.071474	0.058603312980259	0.0327858492715325	-0.1249388705	0.0603254946	-0.1698933121	0.007913185	0.0077052991	-0.0017085351	0.052377797	0.0554381241	0.1244563015	0.0694545731	0.0025879081	-0.0230940271	-0.283483021	-0.0606772721	0.1197498532	0.1378315068	-0.0989104307	-0.1770304507	-0.0145019656	0.0412958998	-0.0670295972	-0.0928746689	0.179378345	-0.0959689208	-0.0364601613	0.0403854408	-0.0818978545	-0.0499637038	0.1357030135	0.0327101257	0.0956723147	0.0276073068	-0.0453657822	-0.0327187973	-0.0275058738	0.0936282305	-0.0464832387	0.0718128314	-0.0429227972	-0.019008235	4.76191e-05	-0.0543497123	0.017260501	-0.0743194488	-0.1948108623	-0.0344802131	0.0919213595	-0.0961563705	-0.0527700446	-0.0092262546	0.104795692	0.0557641593	0.0807954828	-0.0296713033	-0.0073600837	0.1300038589	0.1484381879	-0.0746036273	-0.0639444472	0.0044717747	0.0370661593	0.1167133396	0.0329759877	-0.1114211573	0.0300281481	0.1095989314	-0.0574432521	0.0329507567	0.0882511828	-0.0371476692	-0.0183574436	-0.0046327236	-0.0187878406	0.1058787707	0.1942048623	0.1000261684	0.0065252939	0.0249752814	0.0193384315	-0.024348265	0.2096658796	-0.1250497234	0.1576547661	0.0166234641	0.0980726445	-0.0242345278	0.044089456	0.1089997262	-0.0725457673	-0.0159061988	0.0279804275	0.0008976119	-0.0685285637	-0.0576629729	0.0020774024	-0.1012427091	0.1020810839	-0.0012578553	-0.0088725177	0.0949765642	-0.0789729248	0.0497290113	0.0600628878	-0.0795756638	-0.062172226	-0.1192839634	0.0654705474	-0.0965773796	0.1326363861	0.04613189	-0.0493623933	-0.0212605689	-0.0271320097	-0.1391712302	0.073736097	-0.0702908194	-0.0376951473	0.1572991238	-0.0624661557	0.0449327762	0.0427947804	0.0765754971	-0.0130530774	0.0907842775	0.068798598	-0.1575057452	-0.0585732113	0.0234339232	0.122642315	0.0185389633	-0.2121894516	0.0587492542	0.029614463	0.0321910146	-0.1859475049	0.0327223237	-0.0579434005	0.0655323799	0.0223193756	0.0009439842	0.0131673753	0.1279897115	0.0193532278	0.0656168218	0.022821823	0.0346705367	-0.0628814215	0.1181204883	-0.0391759207	-0.0149698015	-0.1386257436	0.0823142951	-0.0527333744	-0.0610565531	0.1106882998	-0.0440088629	-0.0689150546	0.0926500459638219	0.0070661352900315	4.993026793702992e-05	0.0085840310170983	0.1395581388670592	-0.0162834298023142	0.0002651500861268	0.0194764741240373	0.0648048677786476	0.0221183043839232	0.0041996708878079	0.0004892193888198	0.0001798106384654	-0.0002620000799218	6.864404187902958e-08	3.2331865705334785e-08	-0.0006959199629883	-1.1707320619999857e-07	1.3706135609947384e-14	4.843045948856369e-07	0.0008920627344486	-5.917169517999929e-07	7.957759221919135e-07	3.501289510474752e-13	0.0	0.0	0.0	0.0
1161.3124077053435	0.2379074883476732	0.0565999730118983	1348646.508290382	1513.7366475456151	-11.662922740175873	136.02376684331148	2291398.6381226378	1093.570082008442	-1.4842260654040729	2.2029270132248557	1195895.5242639503	1121.8996374982828	1211.03105047411	1.211105	26.196135	0.2211643826384884	0.1219896223406764	-0.0399325102	0.0702694997	-0.1437744959	-0.1663936874	0.0556774606	-0.0650619896	0.0864322452	-0.0522892916	-0.0217172042	0.1580689589	-0.02126146	-0.1467900053	0.0207349034	0.0159430671	0.230204819	0.0001239542	-0.0867939778	-0.106861372	-0.023100449	-0.0351230982	-0.0334779888	-0.0509518507	-0.0695952468	0.0012089876	-0.0340033163	0.0271126036	0.0575868481	-0.0534876623	0.0411388175	-0.0309801374	-0.1657248056	0.0892858812	-0.045820574	-0.137452947	-0.1388948793	0.0480282757	0.1830102745	-0.1083997444	-0.019519847	-0.0060537832	-0.0563140785	0.0524401847	0.0485178471	0.0602500592	0.0077402006	-0.0901367803	0.1390844105	0.0225239677	0.0321207934	0.0666100778	0.1018017835	-0.0881507599	-0.123920654	0.0568921762	0.1362146177	0.0461942886	-0.0727931797	-0.0182265135	0.0053687648	-0.0436926492	-0.1536219569	-0.1209205718	0.0237392451	0.0711279455	-0.0104050643	-0.0008010614	-0.0656217253	-0.0824174813	-0.012393584	0.0369059791	0.0067136303	0.0432834678	0.0611629489	0.2183575975	0.0312837591	0.0895988588	0.02879273	0.0037501443	0.1012590506	0.0017562217	0.0543802973	0.0456016492	-0.0270445695	-0.0079567511	-0.0649739656	-0.0021752975	-0.0910072215	0.0065605378	-0.0615238505	0.0571585831	-0.0531231839	-0.1762759174	0.1216855746	-0.1114320952	0.0863680639	-0.1256086834	-0.1275710947	0.1179377698	-0.0784472438	-0.0172318162	-0.1268982431	0.0469548077	-0.0050062759	-0.0683054511	0.0195961323	0.0097500514	-0.1715058841	-0.0024801167	-0.1219802941	-0.0332936479	0.0924677706	0.0694966423	-0.0371498383	0.0052178615	-0.0885898329	-0.148034306	0.0199503022	-0.0649713976	-0.0262691047	0.0926095933	0.0961372108	0.0285659366	-0.0391417359	-0.1260899731	0.0534724389	0.0257092518	0.0002913149	0.0281708608	0.0024912311	0.1443636151	-0.1240473809	0.0341878688	0.0170595008	-0.0070518283	-0.019786444	0.0732379389	-0.0830653233	-0.023452824	0.1139768667	0.0233610307	0.1190533363	-0.0744498242	0.098089043	-0.0334988984	0.0377564304	-0.1393345184	0.0373525752	0.0845616479	-0.0153542604	0.0656025634	-0.0282308338	0.046343599	-0.0546199342	-0.0574110412	0.1110641056	-0.0517826133	-0.0601535728	0.08371964463295	-0.0089304013308719	7.975206793043868e-05	0.0070089788974674	0.0274340702385273	-0.1121240686285319	0.0125718067658157	0.0007526282098524	0.041778519364513	-0.0230263484141346	0.0017454446802909	0.0005302127212891	-0.0006003117866272	-0.0007801224250926	6.085909981323592e-07	3.603742411635409e-07	-0.0011258684510178	-0.0004299484880295	1.8485570235885319e-07	1.2675797689972204e-06	0.0012236631066255	0.0003316003721768	1.4973513985163696e-06	1.0995880682785853e-07	0.0	0.0	0.0	0.0
1170.091232395836	8.778824690492456	77.06776294639997	1369113.4921296062	1529.4040728156338	15.667425270018612	245.46821459161777	2339076.817945048	1099.5954286251867	6.025346616744855	36.30480185191867	1209110.106653408	1127.8074303196113	1227.4360677140132	1.389179	30.04788	0.1133665469173784	0.0701733446292274	0.1031992332	-0.0799729643	0.0549665243	-0.1507749992	0.1159896763	-0.0181338217	-0.0663047004	-0.1667984507	-0.1278123471	0.1194350948	-0.102100918	0.0808071646	-0.1617250336	0.0553302226	0.0091379858	-0.1495801348	-0.036558325	0.0779874169	-0.0892256125	-0.0181111935	-0.0532368209	-0.0732724438	0.0684998497	-0.0209710458	0.1209600331	-0.0857518921	0.0406134814	0.1661517508	0.1345513612	0.0810882115	0.0368883701	0.0567921145	-0.0017952579	0.0768564965	-0.0042639612	-0.036817472	0.0027261905	0.0200782326	0.0938011976	-0.0198930624	-0.0655126781	0.1210957731	-0.1022312987	0.0956906176	-0.0697256786	-0.0028453131	0.0975617057	-0.0286509201	-0.0302814881	-0.0851626708	-0.010120766	0.0038046229	0.0580331837	0.1976505981	0.1284381579	-0.1390303225	0.042746163	-0.0321052214	0.0273050117	0.0489469356	-0.0239109919	0.0387794529	0.0048982681	0.0470866981	-0.1036111314	-0.0236867613	-0.0410532572	-0.0633332489	0.0193291375	0.1255301877	-0.1181656985	-0.0146029382	0.0978643017	0.0166949707	-0.1537400215	-0.0862668669	0.0446176422	0.0517370934	0.1151978838	-0.0402392648	0.0996365897	-0.0168320568	-0.0403536715	0.0330821223	0.1863395441	0.0343793515	0.0369814567	0.1609685319	0.0421146059	-0.129169157	0.0237406478	0.032539607	-0.0498781861	0.0580552561	0.0390012815	-0.0464255963	-0.0520094437	-0.0008282084	-0.0852106509	-0.1189306407	-0.0692508921	-0.1206869448	0.1269740942	-0.1308164445	0.0814473165	0.0198735909	-0.0105152333	0.028183024	-0.024415953	0.1604302028	-0.0165606113	-0.0645666766	0.0382131614	-0.0185459525	-0.1739907421	0.0915830447	0.1243835143	0.0294599527	0.0231210332	-0.0440967749	-0.0350299946	0.0263282766	0.0234928313	-0.0122245443	0.1262513539	0.0087037162	-0.0233288823	0.0723212958	-0.1031628498	0.0128578115	0.0343149734	-0.0194871381	0.1002756825	0.0255372267	-0.0385339971	0.0150903008	-0.1787835694	0.0337444293	-0.0720223745	0.0167420833	0.0810515274	-0.0109765491	0.1067709889	-0.0677536522	0.0073469352	-0.0306627095	-0.0651760887	0.0400851018	-0.0022010884	0.0574917508	-0.0278963741	0.0339551571	-0.0564859537	-0.0536791777	0.1110641056	-0.059244937	-0.0508269837	0.0879995852319552	0.0042799405990052	1.8317891531013013e-05	0.0077439270009961	-0.0073142175325102	-0.0347482877710375	0.0012074435030188	5.349777811287959e-05	-0.0117851175784977	-0.0535636369430107	0.000138888996339	0.0028690632025626	-0.0002423437091247	0.0003579680775025	1.2814114451083586e-07	5.87304733523172e-08	-0.001125141881928	7.265690897999624e-07	5.27902642252746e-13	1.2659442544684817e-06	0.0011668641211313	-5.6798985494199965e-05	1.361571877183521e-06	3.226124753170338e-09	0.0	0.0	0.0	0.0
1171.914650721571	1.82341832573502	3.324854390626302	1373383.9485758618	1526.055716231731	-3.348356583902841	11.211491812965509	2328846.0490435413	1101.6133900465604	2.017961421373684	4.0721682981525	1213552.0611298752	1129.131594316943	1245.3245835922637	1.343509	29.060038	0.2885644566179017	0.168529209858631	0.0890721401	-0.0430263946	-0.0099228686	0.1209108353	0.0733733945	-0.126855621	-0.1031134473	-0.0975737758	0.0528026485	-0.1034996539	-0.0118650521	0.0523316472	0.0819167266	-0.0271456327	-0.1681781167	0.0682836878	0.0629384553	0.0526134232	-0.0373886109	0.1384407494	0.0312695295	-0.0972298734	-0.1173701138	-0.101110679	-0.0118166835	-0.0108273781	-0.0428812423	-0.1364331946	0.0341158539	-0.1672892384	0.0071629638	0.000702922	-0.080528749	-0.0545556195	-0.0334778403	0.0193567169	-0.1682134264	-0.0312083966	-0.0370924523	-0.0248325335	-0.1078328262	0.1163048843	-0.0764526738	-0.09991644	-0.0574194705	0.0879477654	0.0339703599	-0.0432256723	-0.055407978	-0.022761414	-0.1386293539	-0.0370383334	0.0645220004	-0.0733232029	-0.0267843023	-0.0748289908	0.0529134354	0.0254077127	0.1288313431	0.0526233107	-0.064231245	0.1739116282	-0.0749736172	-0.0880244599	0.0391574812	-0.0387878589	-0.0052523714	0.1579440966	0.0089894574	-0.0602716578	-0.0264960894	0.0399081303	-0.1290685135	-0.1255844248	-0.0276481089	-0.1313708044	-0.0529957945	-0.1092984639	0.0266735769	-0.0778192193	0.0970307618	0.0719016042	0.0348492492	0.0131707483	-0.142295846	-0.0320083757	0.1259504797	0.0633104591	-0.1403876131	0.0971530108	0.0401787241	0.0091747259	0.073352396	-0.0924039891	-0.0566296263	-0.1248842529	0.0685178813	-0.1335529873	-0.084570146	-0.1130956902	0.0948858616	-0.0839596577	0.012591602	0.0737968658	-0.0398438089	-0.0886255212	0.0597729015	0.069493923	-0.0200778618	0.0342169514	-0.1075258772	-0.0757227961	-0.0414206257	0.125674136	-0.022719514	0.0041025394	0.0374442914	0.0508821124	-0.0792554217	0.0148858687	-0.0485675132	0.0711978724	0.1109625999	0.099920022	-0.1112372116	-0.0136882249	0.0161117384	-0.1384000495	0.1281055037	-0.0573321996	0.0204169275	0.0032385623	0.0674748812	0.1358774582	0.0806206106	0.0385197346	-0.0870180747	0.0671853891	0.0223627937	-0.0482046955	-0.0619880173	-0.1069031714	-0.1669729815	0.0355750566	0.0401834974	0.0231573645	-0.0697153991	-0.0120152568	-0.0711116955	-0.0245202519	0.0075822751	-0.0374321353	-0.0583307311	-0.0498665756	0.1106882998	-0.0663509546	-0.0410229053	0.0947875541300646	0.0067879688981093	4.607652176170051e-05	0.0089846804179599	0.1294561717804185	0.1367703893129286	0.01870613939281	0.0167589004120412	0.0869080493374809	0.0986931669159786	0.007553009039646	0.0097403411959052	0.0002149153152171	0.0004572590243417	2.0908581534201482e-07	4.618859271486545e-08	-0.0009399052562613	0.0001852366256667	3.431260748838516e-08	8.834218907476201e-07	0.0008831011413221	-0.0002837629798091	7.798676258043957e-07	8.05214287101964e-08	0.0	0.0	0.0	0.0
1167.1100278098331	-4.804622911737852	23.08440132399631	1362145.8170142695	1516.4233570933536	-9.632359138377296	92.7823425706806	2299539.7979382765	1099.683369325459	-1.930020721101528	3.7249799838812607	1209303.5127709936	1127.528443652841	1251.4703798779608	1.155757	24.99897	0.1466400181844599	0.0949196293890166	0.1160909126	-0.0114329818	-0.1314499485	0.0838020832	-0.0823114187	-0.0513773777	0.0498757963	-0.022842439	0.0930337436	-0.0501277721	0.1060006821	0.1161911644	0.1635264662	0.0585112959	-0.0740556555	0.0884144298	0.0016372273	-0.0768434481	-0.1710855516	0.0972073793	0.0283998232	-0.0099504754	0.0994722822	-0.0748728143	0.1782681843	0.0468984796	-0.1542878738	-0.0438145871	0.0563057415	0.023608521	-0.0198781979	0.0884926432	-0.0386490765	0.0440222367	0.0168726497	-0.0051906665	0.003948628	-0.0895048628	-0.0605589194	-0.1468584771	0.0401839456	-0.0802079597	-0.0834452656	0.1641442281	-0.0139818853	-0.071282143	0.0528791286	-0.0705070918	-0.0568573085	0.0894535705	0.0359117717	0.0302590884	-0.0755010608	0.0164233176	-0.1617959985	-0.0263799433	-0.1698416241	0.0846716978	0.0410745192	0.059886795	-0.0310523391	-0.0590265994	0.0173701247	0.0988725975	0.0534688927	-0.0704306201	-0.1135639525	-0.0262229928	0.0042954283	0.0975003518	-0.0910180634	-0.0062541627	-0.0610015989	-0.0608308299	0.0808106925	-0.069247292	-0.1191111295	0.0051673221	0.0537916715	-0.0084491062	0.0659523678	0.1626826161	0.1986314762	-0.135609388	0.0725186389	-0.0774605672	0.1057068845	0.0511787454	0.0100458061	-0.1068285607	-0.0911909665	-0.0972534653	-0.0316356035	-0.0221232843	-0.0029528151	-0.0331508354	0.0483381991	0.0408867116	-0.0863131856	0.0445859221	0.0521280283	-0.0402869648	0.0029121432	-0.0765484547	0.1670577253	-0.0573274216	-0.0117048078	0.0433634639	0.0723677118	-0.0806751691	0.0620942686	0.1168712274	-0.1130037965	0.1333791558	0.0207857588	-0.0275149912	-0.1186823928	-0.1428155114	0.1123073305	0.016535641	0.0068764917	-0.0324578028	0.0078709776	-0.1454304996	-0.0096285256	-0.0318299552	0.0078954308	-0.0448184626	0.099060833	0.1543703942	0.0381893446	-0.0378883319	0.0968264291	0.0162118738	-0.0221747893	0.0793473677	0.0576842057	0.0592662085	0.014713077	-0.1153334266	-0.1211821696	-0.1089188709	-0.1384507852	0.0872804944	-0.0177825031	0.0667871413	0.0049633428	-0.0004701121	-0.0261696009	-0.04956847	-0.0383144498	-0.1229627382	-0.0601535728	-0.0459789694	0.1099379598	-0.0730579298	-0.0308334408	0.0969802779605828	0.0021927238305182	4.808037796922423e-06	0.0094051743133119	0.0413394881641835	-0.0881166836162349	0.0077645499315236	0.0017089532816766	0.0840195065445641	-0.0028885427929168	0.007059277479992	8.343679466511643e-06	-0.0005009100104093	-0.0007158253256264	5.124058968081416e-07	2.50910838528245e-07	-0.0010447834434452	-0.0001048781871838	1.0999434146981142e-08	1.0915724436972093e-06	0.0011312389874076	0.0002481378460855	1.2797016466309725e-06	6.157239065995128e-08	0.0	0.0	0.0	0.0
1168.0156176917667	0.9055898819335652	0.8200930342604487	1364260.4831718793	1509.210570225646	-7.212786867707564	52.02429439897469	2277716.54528082	1099.824960021043	0.141590695584	0.0200479250759609	1209614.9426852886	1129.1761931996343	1229.9548457674289	1.471056	31.818878	0.2205631510212493	0.1373112973206507	-0.0724219118	-0.1277866049	-0.0017926892	-0.0662860969	-0.0363328772	0.1583020101	0.1463298735	0.031451902	-0.0434132939	-0.0196835915	-0.0610432741	0.1024053851	-0.0356141807	-0.0599111475	-0.0785387161	-0.0503013801	-0.1138921972	-0.066733642	0.0356281962	0.1876444383	0.1017430283	0.0247942643	-0.0489312415	-0.0508521734	0.1540351316	-0.0803841899	0.0752487934	-0.0113547211	-0.1229279558	0.0271099166	0.0959407641	-0.0022951951	0.0123725816	-0.0911330253	-0.0523262289	-0.000594878	-0.057358869	-0.1172145922	0.0903345661	-0.034273643	0.0035524946	0.097148509	-0.1107357242	-0.0132188172	-0.1414732375	0.1260519587	0.0915547226	0.1028376146	0.028648333	-0.01727233	0.1369468789	0.0573785464	0.032111811	0.1819956194	-0.0663856552	0.0550590859	0.0411210496	-0.0174787562	0.0826242328	-0.0362404927	0.0439577443	-0.169687451	0.0703822982	0.0378477716	0.0153043432	0.1399712946	0.031692986	-0.0476634197	-0.013493089	-0.0220164347	0.0033964313	0.0059846847	0.1357795614	-0.1016473255	0.1010430661	-0.0356719309	0.0470205155	-0.2013253263	-0.0187164665	-0.0499260674	-0.0343882294	0.0856705625	-0.050677821	-0.0915752705	0.0288704514	-0.093090248	-0.0182256451	-0.0277172961	0.0122281547	0.0245456945	0.0852716875	0.0478278555	0.0240486969	0.0503658341	0.0557805377	-0.1383493786	0.0039302286	-0.0174267489	-0.1815263443	-0.0758647033	0.0619798665	-0.0360855165	0.099774819	-0.0015788959	0.0234782106	0.105965196	0.009409084	-0.0522927825	0.0819010675	0.167989202	-0.0513367757	0.0374576522	-0.1294323253	-0.1670810603	0.0395416417	-0.0062096703	0.0161146336	-0.0870463722	0.0650293603	0.0263182933	0.2244321903	-0.0251012664	-0.0534875283	-0.001646705	0.0867437433	0.0777744859	-0.0535419922	0.0147418357	-0.078603163	0.0280578625	-0.0597652862	-0.1410360207	0.0134765136	-0.0704871804	0.0108242065	-0.0661648063	-0.0516184719	0.0366847805	0.1311892396	0.1228510079	-0.0836350935	0.048110522	-0.0349188752	-0.0035129338	-0.0079040504	0.1343465569	0.1054344563	-0.1281951021	-0.0349947299	0.0376935887	0.0313353733	-0.0196962675	-0.0619537931	-0.0420222065	0.1088156246	-0.0793255261	-0.0203543145	0.0880370047392062	-0.0089432732213766	7.998213591219177e-05	0.007750514203451	-0.0651949117582972	-0.1065343999224807	0.011349578366843	0.0042503765191721	0.006263218826902	-0.077756287717662	3.9227910073659664e-05	0.0060460402796318	-0.0001273116436286	0.0003735983667806	1.395757396612064e-07	1.6208254603415647e-08	-0.0011250783990193	-8.029495557410017e-05	6.447279890646719e-09	1.2658014039398317e-06	0.0012239294682474	9.269048083979992e-05	1.4980033432443631e-06	8.591525238313316e-09	0.0	0.0	0.0	0.0
1166.6404265889694	-1.3751911027973165	1.8911505692129	1361049.8849516923	1509.7789918476024	0.5684216219563041	0.3231031403074355	2279432.6042243624	1097.8969265820413	-1.9280334390016376	3.717312941908482	1205377.661398292	1125.8588865573058	1232.904833946173	1.120918	24.245407	0.2135252657515978	0.1434714342093209	-0.0514087409	-0.0935123142	-0.061941403	0.026189022	-0.0046986221	0.0884544972	0.0710766161	-0.0295228061	0.0185985945	-0.0868221152	-0.0454833135	-0.0723374518	0.0591013779	-0.0169527621	0.0354459617	0.0794380875	-0.0661514003	0.0598110764	-0.0633100667	0.0567722274	0.0610829153	0.018321959	0.0125504655	0.0444872799	-0.0045840484	0.0453285628	-0.0763223863	0.0233295262	-0.0448866773	0.043969144	0.0043237224	0.0784235554	0.2144883987	0.0161577217	-0.075657422	0.0390944392	0.0186543083	-0.0407522512	0.0456916564	0.1968243715	0.0754875708	-0.1417393289	0.1235257651	-0.2183672014	0.062911365	0.1155797569	0.0960657125	0.0597275197	-0.1034621507	-0.0121002696	0.0001379564	0.0452039233	-0.1388011169	-0.0431175344	-0.0294274434	-0.0318631079	-0.1823501304	0.0602878082	0.080326905	-0.0410198521	0.1430310357	0.0877088781	0.0482782865	0.0004700183	0.0132218992	0.0005034511	-0.0217692632	0.0247165524	0.008982837	0.0018848767	-0.0555392894	-0.037143504	-0.0323041739	0.0441866667	0.0735465401	-0.0797590916	0.0586542419	0.0130143324	-0.0489555922	-0.0244754177	-0.0239402035	0.0087166122	0.0247822467	-0.0201961705	-0.0654480448	-0.0324413213	0.0184814151	0.0143269636	0.1538218638	-0.0847243187	-0.0458715213	0.0932841859	-0.0017333571	-0.0414035743	0.0649103904	-0.0479160156	-0.1546417673	0.0431455002	0.0121451735	0.2358891878	0.0573868456	0.0834027696	0.1059152821	0.2284123321	-0.0495910427	-0.037270973	0.064600209	-0.0466333508	-0.1351269455	0.1018225829	0.0246343608	0.1158602795	0.0604553004	0.161837871	0.0470603941	0.0040057684	-0.1163180501	0.0538463451	-0.0162215383	0.0381011562	0.0251957223	-0.1381246556	-0.0481757789	0.0243546992	-0.019566173	-0.0092595415	0.1041940913	0.0106285286	0.0428261075	-0.0341952921	-0.0503427794	-0.07359401	0.0664930101	-0.0498345922	0.0065481042	-0.1378815036	0.0228948155	-0.028777696	-0.0111985049	0.1935958743	-0.1338809356	0.0306505695	-0.0152424678	0.0176399235	-0.0560792267	0.02224254	-0.0824403889	0.1105233784	0.1438146033	-0.0594545856	-0.1356421499	0.0082304125	-0.0637307152	-0.0380022381	0.1073250918	-0.0851160492	-0.0096839714	0.1060747859520319	0.0180377812128257	0.0003253615510817	0.0112518602147693	0.0738908467999408	0.139085758558238	0.0193448482337204	0.0054598572408123	0.0369226980091355	0.0306594791822335	0.0013632856282738	0.0009400036637258	8.351949376531249e-05	0.0002108311373939	4.44497684948108e-08	6.9755058388140725e-09	-0.0009419548289197	0.0001831235700996	3.3534241926023165e-08	8.872788997251413e-07	0.0011030392397749	-0.0001208902284725	1.216695564483189e-06	1.461444734013326e-08	0.0	0.0	0.0	0.0
1165.3344529274725	-1.3059736614968642	1.7055672045235262	1358004.3871797717	1505.9650476910113	-3.8139441565911056	14.54617002959544	2267930.72486699	1098.1591710036082	0.2622444215669475	0.0687721366429828	1205953.564859332	1126.7649543320929	1242.7577361666615	1.034266	22.371117	0.1245780672849716	0.06310343696501	-0.1134278627	-0.0756605437	-0.0699130124	-0.0577871102	-0.0962720606	0.0477109818	0.1537915808	0.0179964551	-0.0178443067	0.0203215508	-0.0736943358	0.0129119046	0.0046942814	-0.0167974851	0.0267927025	-0.0242398397	-0.1307726514	-0.0821891615	0.0410714554	0.0206537003	0.0441162782	0.0217849088	0.0955734642	-0.0481074661	0.1299620373	-0.0311960305	0.0712160283	0.090251366	0.019327664	-0.1278590815	0.0567896633	-0.0163209589	-0.0003168111	0.0334750194	-0.098100542	-0.0097017161	-0.015639235	0.0275148039	0.0130904394	0.0006332496	0.0343544813	0.0153894365	0.0284662601	0.0088519496	0.0220543469	-0.0033742663	-0.0270786763	0.0696304226	-0.007656346	-0.0076522853	0.0117468655	-0.0285159311	-0.0743079029	0.0652897713	-0.0312970833	-0.0377885849	-0.0527064015	-0.0128503935	0.0265187453	0.0607006067	0.0807592881	0.0324982811	-0.1155789934	0.0217688331	0.0234064965	-0.0456104454	0.0044820735	0.116962137	0.0714864772	0.0767417321	-0.074940806	0.0291767437	0.0851336792	0.0148480407	0.0908940588	0.0434440345	0.0961738799	-0.0714639144	0.0487976126	-0.0097739435	-0.0080358263	0.0783258798	0.0128555063	-0.1080608758	0.1081078954	0.0133636544	0.0309623044	0.0733505251	0.0641259178	0.1254856234	0.0446343908	0.0702893689	-0.0188364585	0.0451506471	0.0651518862	-0.0191995732	-0.017327822	-0.027494876	0.0540793424	-0.0145526822	0.0157103817	0.0357154095	-0.0411410731	-0.0233634166	0.0147385373	0.0285667275	0.0027314688	0.0301919028	-0.031278394	0.067573672	0.049476237	0.0092642003	0.0010006813	0.0208847209	-0.0133357911	0.0390287011	-0.0529808759	-0.0086569638	0.0833551301	-0.012918799	-0.0030985438	-0.1077659323	0.0903018636	0.0417037398	-0.010586551	-0.0117341282	0.0928379621	-0.0729246218	-0.0310563032	0.0459317662	-0.1089865277	-0.1074549592	0.0022288465	-0.0065713142	-0.0132569084	-0.0398298369	0.011576943	-0.0526621357	0.0889571571	-0.0314040865	-0.0174940787	0.0021726846	0.0638506944	-0.1320237585	-0.0639078894	0.066476337	0.0070118045	0.0302715787	0.0757151755	0.1049251752	0.0158374133	-0.0810135283	-0.0654836707	-0.0339251109	0.1054714048	-0.0903946745	0.0010773469	0.1063347289126284	0.0002599429605965	6.757034276367577e-08	0.0113070745729221	0.021282175749576	-0.0526086710503648	0.0027676722696854	0.0004529310046358	0.0157260489241508	-0.0211966490849847	0.0002473086147647	0.0004492979324319	-0.0003616645871556	-0.0004451840809209	1.981888659053976e-07	1.308012736024306e-07	-0.0011252688905327	-0.0001833140616129	3.3604045185054734e-08	1.2662300760006934e-06	0.0014847971810215	0.0003817579412466	2.204622668769393e-06	1.457391257048426e-07	0.0	0.0	0.0	0.0
1166.2893509940586	0.9548980665861108	0.9118303175698926	1360230.8502421426	1507.427358766429	1.4623110754178017	2.138353681289567	2272337.241957532	1097.2350329993394	-0.924138004268798	0.8540310509339167	1203924.7176410614	1125.743492140303	1230.5898165148571	1.008692	21.817957	0.1779235134554721	0.1092159866079	-0.1114601611	-0.0295879984	-0.069154895	-0.0347141077	-0.0036389327	-0.1264322332	0.111962996	0.0096822576	0.0391653212	-0.0024976733	-0.1368865014	-0.0793779052	0.0392920586	-0.1226750373	0.0340657042	0.0898575352	-0.1179935428	-0.042781403	0.0644675457	-0.0547153694	-0.006123912	-0.0306449432	0.0068389586	-0.1013385576	0.032753784	0.0811781704	-0.0520016624	0.0254485356	-0.0161787816	-0.0436737624	-0.0643821787	-0.0731596027	-0.0726232299	-0.051069422	0.0534462327	0.0303408948	0.0231376361	0.062071978	0.0405595425	0.0846098575	-0.0897357893	-0.0008435225	0.0463024507	0.0683818899	-0.082585975	-0.0735768617	-0.0125434835	0.0754618892	-0.0497364001	-0.0095490408	-0.0020513643	0.0273546503	-0.0135329527	-0.0558398139	0.0091699838	-0.0975653112	0.163787534	-0.0298422046	-0.0922610887	-0.1383053749	0.0410481244	-0.0313768545	0.000969308	0.117404453	-0.0678823208	-0.0934050826	0.1232878856	-0.0178782236	-0.0923397562	0.1276749307	-0.0294191094	-0.0522268708	-0.000235368	0.0358198073	0.1088575776	0.0334907727	0.1231181095	-0.02754664	0.1130727177	-0.0218839865	0.0182170982	-0.035036078	-0.0289748316	-0.012909838	0.0197134255	-0.0852113645	0.0340632242	-0.0459203567	-0.0070770837	0.0938837227	-0.0824177899	-0.0226009388	0.0621816157	-0.0051797555	-0.0800784272	0.0260324885	0.0432224651	-0.0127909461	0.060500494	0.0836206075	-0.0730833353	0.0815922994	0.0071154696	-0.0592563339	-0.0033804083	0.0233972064	-0.026166071	0.1527224935	0.0062381531	0.0220655785	-0.0420046893	0.0220559582	0.0728029869	-0.087589449	0.0578409986	0.0937345487	0.0813276849	0.0898137459	-0.0984437606	-0.0595934552	0.0014352446	-0.0532180843	0.02166242	-0.0491223186	-0.0630629221	0.1870707799	0.0220700448	-0.0898069676	0.0344529837	-0.078589533	-0.1646296939	-0.0705391915	0.0084083506	0.0383379293	0.0742324377	-0.0088291865	-0.0050152507	-0.1162542615	-0.0723164031	0.035309466	0.0473975528	-0.0939285964	-0.0266196997	-0.0160910954	-0.0464352706	-0.0128846581	0.0573073295	-0.0050514139	-0.0088718279	0.0132323374	-0.0268792965	0.0341397687	-0.0672120005	-0.029796957	0.103260836	-0.0951296555	0.0118285441	0.1059788264426941	-0.0003559024699343	1.2666656810533884e-07	0.0112315116541706	0.1224099243035823	0.1011277485540063	0.0102268215276023	0.0149841895680087	0.0369706952351123	0.0212446463109615	0.0013668323061675	0.0004513349968778	0.0004361635730615	0.0007978281602171	6.365297732354026e-07	1.9023866246577445e-07	-0.0011242434311622	1.0254593704999565e-06	1.0515669205461673e-12	1.2639232925113562e-06	0.0011797464781977	-0.0003050507028238	1.3918017528198762e-06	9.30559312932944e-08	0.0	0.0	0.0	0.0
1162.6844954333922	-3.604855560666465	12.994983613267934	1351835.2359212018	1505.5407717564117	-1.8865870100173647	3.5592105463662618	2266653.015420892	1096.839168782295	-0.3958642170443909	0.1567084783361686	1203056.1621750358	1125.3514589250497	1223.9300835549432	0.942167	20.379034	0.1087013604662216	0.0698668346986427	-0.1158170137	-0.0511199081	-0.153155706	-0.0327279834	0.0113557751	-0.0062810418	0.1371525898	-0.0502082544	0.0794750929	0.0525176267	-0.0998352377	-0.051282105	0.0029296205	-0.0475640696	0.0522556744	0.1092796679	-0.1540454262	-0.0240492377	0.0705039875	0.0415942748	0.054183986	-0.0664127252	0.0247483133	0.009248426	0.0560797778	-0.0381262092	-0.1215431451	0.1220625946	-0.0694715475	-0.0002771519	-0.0519311711	-0.0893318618	-0.0790413044	-0.0047142087	0.0121321056	-0.0702933569	0.0185147544	0.0597512484	-0.0697822389	0.0556851717	0.1404271949	-0.048378726	0.0117158113	0.0474150058	-0.0409615449	0.0237927408	0.1707758226	-0.0125055387	0.0945817286	-0.093563609	-0.1199340664	-0.0395337155	-0.0455680082	-0.0789328759	0.0557452657	-0.07402225	0.0485893192	0.0305627457	0.021650985	0.1056672617	0.1247260098	-0.105130834	0.0714998487	-0.127294872	-0.03993423	-0.0038997908	0.0185522635	0.0516758069	0.0406647038	-0.1096677544	0.0897760063	0.0010445509	-0.0104425781	0.0626107353	0.1199248439	-0.0110618917	0.1354346865	-0.1169262166	0.08956363	-0.0734730794	0.0155284608	0.0201396261	-0.0418840969	0.0261779979	0.1052658416	0.0002085301	0.0438491172	-0.1275259815	0.0321526235	0.0011612051	-0.1227735669	0.0329647426	-0.0139778787	0.0572494906	0.0113477392	0.0678854251	0.0244042714	0.0558936351	0.0349311394	0.0871270879	0.0907300765	0.0481090415	0.073680281	-0.1221892781	-0.0113430099	0.0031536146	-0.0633553204	-0.0792018191	-0.1114992123	-0.0152155758	-0.1114440617	-0.0249848545	0.0136398707	0.137222548	0.0874554423	-0.008858234	0.0761654137	0.0266676668	0.0732381499	-0.2020286503	0.0347282915	0.1097284197	-0.0855008203	0.074312941	-0.0361664282	-0.0514824025	-0.005785677	-0.0197793551	0.073876301	0.0380233747	-0.1492891196	-0.1090328527	0.0075468864	-0.0316138617	0.0434789179	-0.0741088811	0.0266977225	0.001272879	0.0011717325	0.0369273577	-0.042708336	-0.089792345	-0.0645010022	-0.1083805278	-0.0674266944	0.0028398529	0.0069601431	0.057121344	-0.1056589373	0.099589929	0.0094479115	-0.0593411477	-0.0689150546	-0.0256239856	0.1007008652	-0.0992925156	0.0224686191	0.1059648067551251	-1.4019687569005734e-05	1.9655163953253392e-10	0.011228540270651	0.0624845118552315	-0.0599254124483508	0.0035910550571049	0.0039043142217865	0.0686143983012641	0.0316437030661518	0.0047079356542445	0.0010013239437387	0.0001521312171804	-0.0002840323558811	8.067437918736785e-08	2.3143907240790032e-08	-0.0011249154028225	-6.719716603000112e-07	4.515459122463537e-13	1.2654346635073074e-06	0.0011220863004561	-5.766017774159983e-05	1.2590776656712574e-06	3.324696097192884e-09	0.0	0.0	0.0	0.0
1164.983010230876	2.298514797483904	5.283170274252471	1357185.4141265934	1515.190945939075	9.65017418266325	93.12586175574032	2295803.602655749	1099.0429270900454	2.203758307750377	4.856550678978804	1207895.3555866547	1127.364026791912	1218.8306546014278	1.041696	22.531834	0.0506465483151293	0.0374121227215259	-0.1082631157	0.0043594481	-0.1164701337	-0.0712327523	0.0804023686	-0.1778745578	0.0648058561	-0.0450416444	0.0451188387	0.1003786088	-0.1044309964	-0.0901754094	-0.0165552056	-0.0143783728	-0.0465005446	0.1714854223	-0.1283441028	-0.0675377903	-0.0182988507	-0.1453360338	0.0155760683	0.1766151889	-0.1922005801	-0.1090148995	-0.1228355127	0.0350868342	-0.086075567	-0.0218960554	0.1071004752	-0.0498606493	0.0394184783	-0.0223340102	-0.0860526819	-0.0251694951	-0.0759991669	-0.2224045808	-0.0702279148	-0.0667272779	-0.0133316024	-0.0021434344	0.0878748752	0.0644257872	0.0665455821	0.0638398958	0.0479827455	-0.0421520094	0.003848425	0.023959898	0.0355600094	-0.0195965109	0.0152628292	0.0344277761	0.2188299953	-0.0994897343	0.0976593685	0.0034052937	-0.0254351671	0.1059311321	0.1059128061	-0.1006013144	-0.0293231571	-0.0076773858	0.0741384791	-0.0497932054	-0.0952432631	-0.0323995683	-0.1226609844	0.1183912499	0.0353728132	0.0148073735	-0.0786463001	-0.0009704855	-0.0877660292	-0.0156116094	0.1039867873	0.043336556	0.1382633716	0.0475822393	0.2906162472	0.0224852464	-0.1208575312	-0.0490481036	0.0752816099	0.1379612471	-0.1491561042	-0.0696625346	0.0747705135	0.0317502603	-0.18674941	-0.0185394387	0.0108710378	0.0415803063	-0.0006050381	0.1229620366	0.1162579082	-0.0127076634	0.0361134562	-0.0033065433	-0.0640053672	-0.0299781945	0.1251921231	0.049680022	-0.0097931813	0.0495038902	0.0214615601	0.0581487588	-0.0887052964	0.0108157311	0.1346901862	-0.1097874906	-0.0453089438	-0.0242370507	0.1588058381	0.1043908641	-0.0073424111	-0.0851934114	0.1513254837	-0.0553342354	-0.0775674237	0.0159665357	0.0103402847	-0.0805510117	-0.1040584409	-0.0554089116	0.0812341668	-0.061125628	0.0074283694	-0.0651601828	0.0696797422	0.0038235745	-0.1785810817	-0.0584280998	-0.0453284248	0.0890276318	0.1334810338	0.112783	-0.1024495667	-0.0461085633	-0.0702981115	0.0853429365	0.1831467288	-0.1163261964	0.0334458706	-0.0416153711	-0.1118610319	-0.0268040386	-0.0490162091	-0.1253525638	-0.056255559	-0.127996541	0.117008716	-0.0933929375	-0.0705921926	-0.0214124734	0.0978001546	-0.1028582188	0.0328976148	0.1062516280332772	0.0002868212781521	8.226644560080726e-08	0.0112894084597218	0.0985961256833718	0.0361116138281402	0.0013040486532727	0.0097211959997712	0.0710793071598061	0.0024649088585419	0.005052267906318	6.075775680918773e-06	0.0001652566917087	1.312547452829999e-05	1.722780815930518e-10	2.7309774154504317e-08	-0.0011248891419501	2.6260872400046476e-08	6.896334192115226e-16	1.265375581677232e-06	0.0013445986520613	0.0002225123516051	1.8079455351250648e-06	4.951174661687608e-08	0.0	0.0	0.0	0.0
1165.3072335650286	0.3242233341525207	0.105120770408977	1357940.94859898	1516.0692951319863	0.8783491929114007	0.771497304688109	2298466.1076419977	1098.318296552794	-0.7246305372514144	0.5250894155172734	1206303.0805426312	1126.7636275439434	1230.5768027548372	0.974944	21.087997	0.1223197044355672	0.0656649290514424	-0.117625012	-0.0096202187	-0.0860817277	-0.011561845	0.0140696121	-0.0854258079	0.0343561332	-0.0227215019	0.1029087832	0.0840345955	-0.0580106893	-0.0244708585	0.0194953625	0.0831049467	0.010606661	0.0961740488	-0.0754322172	0.0571106579	-0.0544018179	-0.1536170052	0.0541401546	0.0859762208	0.0255518486	-0.1830943673	-0.0107948453	0.0322453962	-0.0314895319	-0.0231400472	-0.1403184319	0.0606309131	0.0466063998	0.0560004223	0.0234904602	0.092357065	0.0648422997	0.0039944459	0.0123513381	0.0062764348	0.0005282329	-0.066799357	-0.0233561197	0.0476331865	0.1309624449	0.01556768	0.0315994732	0.0151654928	0.0492262606	-0.0850161406	0.0448560284	-0.1360940159	-0.1006910325	0.0801453018	-0.0659594945	-0.0358162923	0.1445871035	0.1479575123	-0.0923734333	-0.0691608576	0.0100690643	0.1643041512	0.0714342146	0.0720811471	0.0918341252	0.1345745134	-0.0564235695	0.093850922	0.1106880542	0.0317197587	-0.0626683447	-0.0411707618	-0.09809473	0.0778559107	-0.0472821334	0.0212067144	0.0640486346	-0.0245654433	0.1137583504	0.1170549336	0.1329418961	-0.0217387579	-0.0823483269	-0.1149044041	0.0358046858	-0.1068840213	-0.0128466885	-0.1268789547	0.0207909488	-0.1098340012	0.0178439592	-0.109757558	0.0490991884	0.083805487	0.0127795751	-0.0239706675	-0.0305635856	0.0368251957	-0.0394097248	-0.0075518694	-0.0069718547	-0.1171137742	-0.059205823	0.0643621259	0.0316033904	-0.0614242021	0.0565846373	-0.113846525	0.0793695434	-0.0968578033	-0.0440849633	-0.0473671251	-0.0794042755	-0.0657038979	-0.0161856883	0.1208257943	0.0228816041	-0.1134046274	-0.0437334884	0.1222666106	0.1354075571	0.0568803708	-0.0868350542	-0.1452298575	-0.0878505451	0.0469570939	0.0153453434	0.1394485642	0.0530093776	0.1132688371	0.0448673271	0.0906573058	-0.1014576709	-0.0830334371	-0.0555827198	0.0510693656	0.0193243701	0.0638318221	-0.0032535154	0.0055275436	0.0873875618	-0.033428015	0.0451452741	0.0166150679	0.0213107713	-0.0922023112	-0.1422788403	-0.0831706884	0.0158051958	-0.0689344874	0.0793447106	-0.0469032775	0.0287996156	-0.1127526464	-0.0722427837	-0.0171687548	0.0945685192	-0.1058053206	0.0430175569	0.0984420410566571	-0.00780958697662	6.098964874539424e-05	0.0096908354474005	0.0438698201841276	-0.0547263054992442	0.0029949685135966	0.0019245611229876	0.0554937780614182	-0.0155855290983878	0.0030795594035299	0.0002429087172766	-0.0005818202363083	-0.000747076928017	5.581239363753178e-07	3.385147873778461e-07	-0.0011258530120097	-9.638700596001969e-07	9.290454917936867e-13	1.2675450046513138e-06	0.0012086737929116	-0.0001359248591496	1.4608923376713135e-06	1.8475567334865758e-08	0.0	0.0	0.0	0.0
1167.2751479332871	1.9679143682585616	3.8726869607984944	1362531.2709826771	1527.2886943971705	11.219399265184164	125.874919871615	2332610.7560334136	1098.3427635863443	0.0244670335503087	0.0005986357307519	1206356.8263224885	1127.6053272802376	1238.308324065378	1.197559	25.903143	0.1701953022426616	0.1135600184459899	-0.0480421257	0.0780970732	0.0266958069	-0.1633372804	-0.0387712053	0.0158948453	0.0296346	0.1083594937	-0.0765471549	0.1706495276	-0.0147353361	-0.0042474769	-0.0147412968	0.0666045143	0.0015596997	-0.0999422062	-0.0018197572	-0.1309207739	-0.0345625636	-0.1360173538	-0.0981935196	-0.0517307332	-0.0350612581	-0.0179276513	-0.1477466402	0.060467446	0.0762841714	0.005853156	-0.0201340338	0.0536587967	0.0010743496	-0.0113735173	0.0324047866	0.0065505908	0.0433499352	0.0114062376	0.0467908977	0.0140872511	0.004720789	0.1427866819	0.0855440193	-0.0219664595	-0.1095801034	0.065913542	0.0754079794	-0.0225578424	0.0952668895	-0.0856283766	0.0705314807	-0.1577371368	0.0222691012	-0.0028267897	0.0099033521	-0.0375892193	-0.0407477878	0.0184680002	0.0585433218	0.0730492819	0.0420345859	0.0262628177	-0.0442199134	0.0013133744	0.0771099743	-0.1430662044	-0.0984213697	0.0323587695	-0.0072044337	0.104101793	-0.1171459569	-0.0392728788	0.0363201861	0.0598470125	0.1183118303	-0.019694364	-0.0532709749	0.1234619752	-0.0217661431	0.0658021497	0.1866321446	-0.0026477906	0.0503652584	-0.1104540201	-0.0604882124	0.0243536337	-0.0504444154	0.02734014	-0.1635333519	-0.0443305839	-0.0066157839	-0.049496578	0.002236769	0.0041252479	-0.0182248415	-0.073787941	-0.0158711788	0.0497744292	-0.0691660067	0.0339227332	0.0529695244	0.086981501	0.0953935497	-0.0808293698	0.0932641323	-0.0072167853	0.0590547681	0.0221856939	-0.0619923207	-0.0935559811	0.0804537375	-0.0141167906	0.017025716	-0.0286472719	0.0068428352	0.0838714709	0.0699653841	0.0172159998	0.0489632424	0.0071215541	-0.1035531063	0.0020247712	-0.0211277609	0.162534349	-0.0634738884	0.0921076845	0.0431882759	0.0269748839	0.0502534249	-0.0997057876	-0.1383732848	0.0742079813	-0.0821337843	0.027868506	0.0046845973	-0.0427679476	-0.1199620202	0.0835593589	-0.0768148637	-0.0469999183	0.1120097701	0.1418921075	0.0039053317	-0.0590276087	0.0128717665	0.0557617494	-0.0729476339	-0.0476807032	-0.0354633338	-0.0193930225	0.0420856005	-0.0245128948	0.1373655161	-0.0481815783	-0.0738662073	-0.0128992127	0.0910168938	-0.1081160967	0.0527333744	0.0945951338032244	-0.0038469072534327	1.4798695416513137e-05	0.0089482393392499	-0.0461974948534447	-0.0900673150375723	0.0081121212380772	0.002134208530734	-0.0119568491140285	-0.0674506271754467	0.0001429662407356	0.0045495871063611	-0.0005402441838876	4.1576052420700033e-05	1.728568134888797e-09	2.9186377822437894e-07	-0.0011258635598072	-1.0547797499793274e-08	1.1125603209664524e-16	1.2675687553017405e-06	0.0013436962482176	0.0001350224553059	1.8055196074740545e-06	1.8231063436860763e-08	0.0	0.0	0.0	0.0
1170.9546006157602	3.679452682473084	13.538372042558372	1371134.6767032146	1539.1151145551737	11.826420158003202	139.86421375362448	2368875.3358521853	1099.3530745542332	1.0103109678889268	1.02072825183666	1208577.1825318455	1127.51941974583	1242.9367871852476	1.054105	22.800232	0.1490615645847472	0.0814671891956645	0.0424065621	0.112171187	0.0963971028	-0.0930013993	-0.0094124527	0.0300714697	-0.0849985839	-0.0052993663	-0.1413676875	0.1199897553	0.0484543363	0.0541598799	-0.0402775604	0.0270230613	-0.0240525012	-0.1529805671	0.0893827686	0.0134724246	-0.0003304329	-0.0479041391	-0.0480171458	0.0357546881	-0.0612783133	0.1488467911	-0.1171624959	0.0044061735	0.034672926	0.1556383844	0.0388210755	0.1015804382	0.0988622493	0.0028863592	0.0616898232	-0.022410896	-0.0205946863	-0.2259593458	-0.0682858035	0.0085448865	0.0551151907	0.1180184564	0.0862318042	-0.0289961323	0.0358459613	0.0537472101	-0.0703836267	0.0749011574	-0.0688278947	-0.0688613097	-0.1548837002	-0.0461623034	-0.1482684209	0.0011633334	-0.0436948263	-0.012789459	-0.0512373646	0.128490572	-0.011370981	0.1114960668	-0.0495519214	-0.039452484	-0.0005242912	0.0189122739	-0.0002147737	0.0628144499	-0.0476992214	0.113318302	0.0369140254	-0.0161145756	0.0536362635	-0.099324321	-0.0769100087	0.0475565621	0.0722886318	-0.0359394216	-0.148987681	0.0318568252	-0.0529972324	0.0355507158	0.0182425847	0.0040562523	-0.0557927891	-0.0181931074	-0.0262031268	0.2323876031	-0.0265377	0.1041401624	-0.0753988216	0.0157834398	0.0782244126	-0.0716786389	0.0756276482	0.0692073309	-0.0477031731	0.18768378	0.0398922834	0.0419646644	-0.0192318897	0.1343458645	0.0716485183	0.0447541524	0.0765344204	0.0685725357	0.0634232134	0.0331176055	0.0650844492	-0.0089979604	0.1842666371	0.1638934907	0.0154979	0.0846890085	-0.0637067231	-0.0028085152	-0.0456110903	0.0479207002	0.0802020314	-0.0582550418	-0.0086210857	-0.0814307775	-0.06827481	0.0686295602	-0.054025579	-0.0048281845	-0.0198382845	0.0866042056	0.0681803232	0.0404794234	-0.0520348541	0.0950126861	-0.1418389108	-0.0929021124	-0.0326579917	0.0547328882	0.0649592906	-0.1107465938	-0.0127920132	0.0206261071	0.0008613561	-0.0912242976	-0.0469364086	0.0523929038	0.0271909684	-0.1437854616	0.1211843297	0.0018585588	-0.1479115256	0.0015836096	0.0284003584	0.0421359269	0.0198862526	-0.0081380711	0.0436782046	0.0061027832	-0.0754618528	-0.008610269	0.0871572961	-0.1097766499	0.0619537931	0.1010884031707206	0.0064932693674961	4.216254707886445e-05	0.0102188652556061	0.0137304734239194	0.0599279682773641	0.0035913613818527	0.0001885259004449	-0.0289855817331954	-0.0170287326191669	0.0008401639484117	0.000289977734615	0.0003900135165767	0.0009302577004642	8.653793892731271e-07	1.521105431125239e-07	-0.0015067388831206	-0.0003808753233134	1.4506601190908705e-07	2.270262061907513e-06	0.0013447951108543	1.0988626367000771e-06	1.8084738901776288e-06	1.2074990943354457e-12	0.0	0.0	0.0	0.0
1168.4290315180472	-2.52556909771306	6.378499267323159	1365226.4016942016	1535.3964118401082	-3.7187027150655463	13.828749883035869	2357442.1414914792	1096.8484491182344	-2.5046254359988325	6.273148574652342	1203076.520333076	1124.6190303554945	1228.7777385455158	1.257196	27.193087	0.291151781071294	0.2050207269043512	-0.049738041	0.1163826921	-0.0097512337	0.0407929709	0.0855233852	0.0450444855	-0.0966172818	0.1031555839	0.0636497748	0.0337383496	-0.0152868395	0.0152989975	0.0259538496	0.0436297529	0.0904679465	0.0336220153	0.0839626483	-0.0290547395	0.0858383014	-0.0725687005	0.0990345863	-0.0695790648	-0.0647882856	0.0845119243	0.0183865926	0.1313436602	0.1220833957	0.0298414239	0.1496579262	-0.0717699463	-0.029757906	-0.05126563	0.0118306706	0.0013901522	0.0513134994	-0.0772263073	0.0358374728	-0.1543427916	-0.0870052669	-0.0369231042	0.073198374	-0.0238709085	0.0510071968	-0.0244613307	0.0252113811	0.1374077175	-0.0866639182	0.0681003365	-0.0966109873	0.0515362487	0.0470036275	0.0806316492	-0.0740767129	0.0269271505	-0.1103808237	-0.0712749764	0.0328331347	0.0168622019	0.1236039867	0.0577566066	-0.1078489245	-0.0777350083	-0.0114385903	-0.2226018642	0.0135043793	0.0660819178	0.0197577423	-0.0111607848	-0.0475257589	0.082211184	0.0702933036	-0.1018117813	-0.1010391926	0.0778665426	-0.0321909467	0.1341766215	-0.0224162564	0.0523656631	-0.083641003	-0.0806591214	0.0231855019	0.0744511695	-0.026459342	0.024969019	-0.0369783382	-0.0237907915	-0.1089535268	0.1382130536	0.0246068281	0.1102124246	-0.0601483383	-0.0848092917	-0.0040963081	0.0392725972	-0.0531209118	0.1330315629	-0.0134453134	0.0397797083	-0.0641156195	-0.019887256	0.0997641164	0.0958882846	-0.0940641551	0.2638722694	0.0201687662	0.0794123769	-0.0256413407	0.0173743743	0.0582987339	0.0052583498	-0.0081127452	0.0857914991	-0.0791506631	-0.0388218427	-0.0181247541	0.0409104378	-0.0089426015	-0.0854145562	0.1168292535	-0.0159862848	0.1138964641	0.2068274461	-0.0221924142	0.1685879734	0.0137486076	-0.0295590331	-0.0065883298	-0.0101427296	0.0683900968	-0.1022605876	-0.1070541636	0.1539898032	0.0069796693	0.061448729	-0.1306762522	-0.099009083	-0.0573197447	0.050729696	-0.0383559578	-0.0075930096	-0.0110902442	-0.1024649893	-0.0145805289	-0.0148902409	-0.0466395263	-0.0671401677	0.1110603976	0.023081219	0.0554722972	-0.0584210022	0.1418149092	-0.1239297506	-0.0770291202	-0.0043083746	0.0830027857	-0.1107769935	0.0705921926	0.096720520356925	-0.0043678828137956	1.9078400275051e-05	0.0093548590581143	0.202635884346094	0.1889054109221746	0.0356852542756756	0.0410613016247235	0.0472337235788984	0.0762193053120938	0.0022310246431277	0.0058093825022581	0.0004352429960461	4.522947946939999e-05	2.0457058130728748e-09	1.8943646560718545e-07	-0.0014102721516415	9.646673147909986e-05	9.305830282260756e-09	1.988867541695546e-06	0.0010533076813382	-0.0002914874295161	1.109457071566055e-06	8.496492156590349e-08	0.0	0.0	0.0	0.0
1169.4861181906238	1.0570866725765882	1.117432233339043	1367697.7806405737	1540.0670018373858	4.670589997277602	21.814410922669595	2371806.3701483943	1098.625678207809	1.7772290895745757	3.1585432368300745	1206978.3808175682	1126.3033813559591	1234.3252203182803	1.07738	23.303675	0.1941675719275869	0.1178390574226116	0.0408688513	0.0862547651	-0.0224329404	-0.033897557	0.1251195481	-0.0004059843	-0.0937405629	-0.1032491486	0.0280610303	0.1626230415	0.0947528234	0.0091921463	-0.0244297221	-0.0140636999	0.0147941271	0.0063626829	0.0896894416	0.0297536887	0.1534200446	0.0694884859	-0.0872121386	0.0809338678	-0.0912264501	0.0699822736	-0.0146337223	0.0387807232	0.0821799643	0.0814605428	0.0396345953	-0.0710737805	0.1263775941	-0.146603169	-0.0054581808	0.0586063111	0.0472763439	0.0273083842	0.129372605	0.0174160012	-0.1005819123	0.0020381753	-0.0524010904	-0.1785696743	-0.0468230156	-0.0813047523	-0.0665932848	-0.0080187812	-0.039753506	-0.0517994452	0.1446913323	-0.0847245982	-0.1310958774	-0.0426064023	-0.0466880707	0.1992347043	-0.0187217851	-0.0054850355	0.0066817625	-0.0344118984	-0.1201749854	-0.0614739613	-0.1033309663	0.0387351887	0.0389599331	-0.0336262846	-0.0719008096	0.0201851225	0.0799182073	0.0947032489	-0.0571961992	-0.0698012029	0.0741365191	-0.0503956201	-0.0729874396	0.0365321667	-0.1130413385	0.0401461627	-0.0215606216	-0.1635338154	0.0355716559	0.0685325164	-0.0598094574	0.0226742839	-0.0022190951	0.0995762419	0.0043482455	0.001274934	-0.1067046197	-0.0241003879	0.0594735809	0.0880058929	0.0242225735	0.069798472	-0.1520867132	0.0104991503	-0.0343505956	0.1006903247	0.0191481801	0.1514932664	0.1159139834	-0.0360606718	-0.1285284908	-0.0742425059	-0.0716529135	-0.0246555971	-0.1993149252	-0.0147840168	0.0021861571	-0.1571879681	0.0028353155	0.0799341803	-0.0529665179	-0.0653917312	-0.148137199	-0.0168466031	-0.0440728128	0.1217351242	-0.0092227978	-0.0305800299	-0.0398488325	0.0910766036	-0.0960878628	0.0885333366	-0.0745975717	-0.00444126	0.0119832119	0.0207742269	0.0493827205	-0.0544100459	0.0426787473	0.0779634512	0.0271114873	0.0958328338	-0.0232076248	0.0399863375	-0.0442897651	-0.0395987578	0.0323418236	0.1213990268	-0.0581262831	-0.0501626694	0.016868527	-0.1250149192	0.0816052259	-0.005213604	-0.1454620558	-0.0647299573	0.1816951839	0.0721637535	0.0189896788	0.0086562525	-0.0181178668	-0.0062384743	-0.0785674201	-0.0	0.0785674201	-0.1111111111	0.0785674201	0.1009929204378039	0.0042724000808789	1.825340245109412e-05	0.0101995699785565	0.1003143322309085	-0.1023215521151855	0.0104697000272606	0.010062965250933	0.0474795148951159	0.0002457913162174	0.0022543043346755	6.041337112793048e-08	-0.0006912184598232	-0.0011264614558693	1.268915411559183e-06	4.777829592003568e-07	-0.0011259805789611	0.0002842915726804	8.082169829709525e-08	1.2678322641975735e-06	0.0013891112210946	0.0003358035397564	1.9296299845709307e-06	1.1276401731292821e-07	0.0	0.0	0.0	0.0
1172.5706910492231	3.0845728585993584	9.514589720007818	1374922.025507653	1514.6062942702729	-25.46070756711288	648.247629818039	2294032.2266431283	1099.1974642870994	0.5717860792904048	0.3269393204702931	1208235.065495189	1126.8387946675066	1249.978837613299	1.2829	27.749075	0.0976650667428071	0.0549619139274897	0.127637946	-0.113240785	0.1150022025	0.0107103506	0.0384781406	-0.0442909092	-0.012276077	-0.0924016567	-0.0187910608	-0.0301160898	-0.0451363082	0.1203404867	0.0619213645	0.1398086874	-0.0633309249	-0.0499162551	0.0695895329	0.0098353328	-0.1205815472	0.0054792252	-0.0882865364	-0.2015828071	-0.00989042	-0.09635614	-0.0437527898	0.0918287391	0.0374073101	-0.0415883502	-0.0473021232	0.0449245877	0.0761360066	-0.0623790403	-0.0516957733	0.0067403562	0.0112634423	0.0246162964	0.1864491511	-0.1291508718	0.0166158926	0.0456972547	0.017570588	0.0391990937	-0.0091863553	0.0112647424	0.1223957411	-0.0637201948	0.023592582	0.0185414044	0.0673222969	0.0693195039	-0.0396274697	0.0972665582	-0.0516944375	0.1604700163	0.1038654396	-0.1371946921	-0.1279575091	0.1046374592	-0.0258602617	-0.0785963994	0.0633856519	0.1200570142	-0.0607731076	-0.0017146428	0.044307532	-0.0076598668	0.0438618005	-0.0048188161	-0.0496271423	-0.0875148607	0.1199676357	0.0216718863	0.008763232	-0.0554448561	-0.0866804646	-0.1012490944	-0.0785187572	0.043387869	0.1133510209	-0.0528783816	0.1884283588	-0.0589527272	-0.0013231897	-0.0755418158	-0.0714584157	-0.0419129641	-0.1300893415	-0.1222259178	0.0160130541	0.0365648718	-0.008088904	-0.0174173811	-0.0772707705	-0.0317654007	-0.0415331043	-0.0077440031	-0.0855456284	0.1072223145	-0.069128416	-0.0416805675	-0.0621164613	0.0231567628	-0.1136330769	-0.0064692339	0.0277766193	0.0114055187	-0.0318245178	-0.0154373811	-0.0401883371	0.0864607282	0.0216251586	0.1644652478	0.140444376	0.0070498442	-0.1784491258	0.0775853373	-0.0536763595	-0.0864564521	-0.0128252501	0.0010444898	-0.0856473635	-0.0779072918	-0.0416546235	0.0996162105	-0.0699699904	-0.0081625279	0.0190557178	-0.0193564455	-0.0447389387	-0.0420047141	0.1458365917	-0.0212669963	0.0753507574	0.1350130112	-0.0592588136	0.0378086439	-0.1061744344	-0.0440480681	0.0483242187	-0.0699040961	0.0074115343	-0.0259643216	0.1387931778	-0.0350069726	-0.0390730842	-0.043874497	-0.0228704414	-0.0237002343	0.122444751	-0.0217579026	-0.1212385549	0.0907644162	-0.080076174	0.0043083746	0.0738662073	-0.1107769935	0.0858045533	0.0984466247058151	-0.0025462957319888	6.483621954744414e-06	0.0096917379159676	0.0681973641037672	-0.0321169681271413	0.0010314996416798	0.0046508804707017	0.0076863859656839	-0.039793128929432	5.908052921346242e-05	0.0015834931099943	-0.000534010799257	0.0001572076605661	2.4714248540697544e-08	2.851675337231e-07	-0.0013089052241825	-0.0001829246452214	3.346142582937508e-08	1.7132328858922405e-06	0.0015131523943919	0.0001240411732972	2.28963016865394e-06	1.5386212672970808e-08	0.0	0.0	0.0	0.0
1169.5178324159756	-3.0528586332475243	9.31994583459394	1367771.960338962	1515.297766142958	0.6914718726850424	0.4781333507145595	2296127.3200778384	1099.8302932045442	0.63282891744484	0.4004724387544082	1209626.6738503936	1128.7459362173022	1266.9715153018976	1.164024	25.177786	0.164256171487889	0.083309481816173	0.0622686689	-0.0955031533	0.0166795284	0.1346869802	-0.103944078	0.0354355843	0.0665688066	-0.0431330211	0.0905878183	-0.0179460395	-0.039991865	0.2048314006	0.0492527493	-0.0799607618	-0.1319015556	0.0837611349	0.0580029375	-0.0507335404	-0.1425061621	0.0690585689	0.0179573832	-0.1118635393	-0.1879141159	0.0617766614	-0.0642526864	0.0250062276	0.0599298	0.1233084011	0.0284654826	-0.0148449365	-0.0051574826	-0.1594251662	-0.0473382047	0.1095572382	0.1113277779	0.0789044307	-0.0200904782	0.0948550246	-0.0789296658	0.0532562156	-0.0772416717	-0.0463829532	-0.041764483	0.0503304955	0.0760519545	0.0572430745	0.013869095	-0.0340823989	0.0204309114	0.069845897	-0.0936481751	0.0603644535	0.0830103346	-0.0087505625	0.0484321959	0.074197957	0.0354169005	-0.0122836741	-0.0969281584	0.0826439402	0.0653440104	0.0084226591	-0.0150206133	0.07880303	-0.0144323201	0.0587944386	-0.017578699	-0.0837541052	0.0793735798	-0.0401219333	-0.1022761743	-0.0663991189	-0.0163699003	-0.1198614156	0.1040537091	-0.1139729161	-0.1344421913	-0.0207828123	0.1139239097	-0.0865484877	0.0816291697	0.0579889594	-0.1140029516	0.1459183423	-0.0898973906	0.0106368359	-0.0547852445	0.0269341015	0.0807698412	0.0283152297	-0.0386636041	-0.0120687855	-0.1027133013	-0.0459504652	-0.0479957744	0.1913271396	0.0919599327	-0.0425636751	0.1403933992	-0.1012939039	-0.0091950659	-0.1352151707	0.0511957451	-0.0102830774	-0.0812309653	-0.0813389862	-0.0121005893	-0.0298241356	0.0159788471	-0.0102947032	-0.0815219221	0.0329040068	0.0767168395	-0.0628836811	0.0018506729	-0.0428119519	-0.0257465354	0.0722504567	0.0343639194	-0.0144553026	-0.0769158112	-0.0796652771	0.0382610544	-0.0628180709	0.1094340787	-0.0723526893	-0.04561631	0.1732307545	0.0462887126	-0.1060783622	0.0283932648	-0.0117572156	0.1511853417	0.0494225017	-0.1140808794	-0.0545919528	0.0057035588	-0.0067155052	-0.0383236205	-0.1531855628	-0.0430652008	-0.080333121	-0.1029243628	-0.0285499727	0.0305881354	0.0288942214	-0.0589556627	-0.1177984661	0.0147742274	-0.0821079381	-0.0577997746	-0.0632680601	-0.0815548146	0.008610269	0.0689150546	-0.1097766499	0.0922356034	0.1009270351623001	0.002480410456485	6.15243603264015e-06	0.0101862664266521	0.1386380707184429	0.0704407066146756	0.0049618931483748	0.0192205146525319	0.0398985735188972	0.0322121875532133	0.0015918961688428	0.0010376250269633	0.0002170086288355	0.0007510194280925	5.640301813723859e-07	4.709274498906381e-08	-0.0015383588957058	-0.0002294536715232	5.264898737552245e-08	2.3665480919971685e-06	0.0013111681567374	-0.0002019842376545	1.719161935242151e-06	4.079763226086959e-08	0.0	0.0	0.0	0.0
1163.1152242671408	-6.402608148834815	40.99339110752598	1352837.0249220012	1512.6451380156234	-2.6526281273345376	7.036435981926336	2288095.313562304	1096.6395444270654	-3.1907487774788024	10.180877760982472	1202618.2904012017	1125.317255682063	1253.2949039063467	1.326879	28.700319	0.141831397842252	0.0893206493594424	0.176659042	-0.0206098492	-0.1931733275	0.0252370535	-0.1747381977	-0.1360497986	0.1462426141	-0.0754413801	0.068155103	-0.0209107461	0.1868762516	0.092221563	-0.0243053185	-0.1883198348	0.0248033162	0.0703857971	-0.01492992	-0.0504825986	-0.1200183128	0.1804239824	-0.0524245065	-0.0694573152	-0.0430291111	0.12975133	0.0933193339	-0.1298961625	-0.0480562079	-0.0617587702	-0.0963546953	0.0835164192	0.0385953654	-0.0245967034	-0.1483042728	-0.0126921903	0.0272526724	0.0618006947	-0.0096390738	-0.0642171402	-0.0746718224	0.0072519437	0.0574191638	-0.0609470339	0.1132337809	-0.0152762818	0.0332243197	-0.1090332085	-0.0302226787	-0.1381133498	-0.0565391548	0.0034499062	-0.0514790389	0.0292596887	0.0733727855	0.0366954422	-0.0161343988	-0.0184030188	0.0707168537	-0.0448247408	0.1123120611	0.0870930562	-0.1430675459	-0.0683380121	0.0620672435	0.1208737954	0.1047822445	0.0186900151	-0.095072576	0.0814487544	-0.0435499118	-0.0464766788	-0.1208157993	0.140376974	0.0194016669	0.036608443	0.1501766104	-0.0952908627	-0.1402789345	-0.0960484347	-0.0094360862	0.04746358	0.0892247854	0.1626938149	-0.0280933951	0.0343038461	0.0450611635	0.0604495239	0.0345097733	-0.1292612566	-0.0187062742	-0.1000863085	-0.0303678072	-0.0817898887	-0.0893888973	-0.0330901332	-0.039270102	-0.0420025772	0.0833801987	-0.0115690774	-0.0624944967	-0.0842839408	0.0330398921	0.1036444271	-0.0169784267	-0.0175968401	-0.0453207793	-0.1488457422	0.0429250667	-0.0125289615	0.1340451345	0.0197343503	0.1213022707	0.0222235427	-0.0410526563	0.1383995753	-0.0526697585	-0.0040247639	0.125758194	0.0377620554	0.0588735145	0.1279901539	0.0754556091	0.010880875	0.0100404399	-0.1516349814	0.0010746173	0.0439131295	-0.0726986163	0.0435478679	0.0681250598	0.087880183	-0.0183094977	-0.0173354127	0.2022267641	0.0316265956	-0.0101968241	0.1848647865	0.0184801688	-0.0444199472	-0.0172785707	-0.1016571447	-0.1328529308	-0.0172486586	-0.1124438106	0.0386842359	0.0240854839	0.077843421	0.1069752891	-0.0254859965	-0.0891998044	0.0479332547	-0.1031767441	0.0406140474	-0.0830027857	0.0128992127	0.0637307152	-0.1081160967	0.0978001546	0.1008095676452853	-0.0001174675170148	1.3798617553622814e-08	0.0101625689288293	0.0583898519206655	-0.0802482187977773	0.0064397766202159	0.0034093748073172	0.065581532652672	0.0256829591337747	0.0043009374250734	0.0006596143898671	-0.0003091158123192	-0.0005261244411547	2.768069275803454e-07	9.555258542575889e-08	-0.0013492038094888	0.000189155086217	3.57796466417607e-08	1.82035091953909e-06	0.0013107926362354	-3.755205019999493e-07	1.7181773352089494e-06	1.410156474222939e-13	0.0	0.0	0.0	0.0
1162.6135804000426	-0.5016438670982097	0.2516465693972463	1351670.3373306063	1496.9969295767562	-15.648208438867186	244.86642734623425	2240999.8071622355	1094.5795617674405	-2.059982659624893	4.243528557955249	1198104.417039002	1123.3938575692353	1224.87964303166	1.457541	31.526539	0.1820580114685064	0.112185815571955	0.0415687471	-0.1201877215	-0.0981366205	-0.1387409411	-0.0522004385	0.1132926983	0.1778088744	-0.0791829119	-0.0795903395	-0.0533615618	0.0088235282	0.0215774122	-0.0179336953	0.0488338603	0.1861316936	-0.0699062102	-0.0959822235	-0.0245309945	-0.1513600905	-0.0579902718	-0.0278963686	-0.0168523738	-0.02716778	0.0168752377	-0.0641399524	0.0490906472	0.0558466763	-0.0465434027	-0.1836422656	-0.0177920256	-0.0849370838	-0.1023169567	0.0377695952	-0.1032897505	-0.0314092517	0.1405721614	-0.0164281289	0.053647636	0.1298360762	0.0599974514	0.0880663655	0.0270686487	-0.1155562036	0.0918933441	-0.1169442527	0.0606898506	-0.0665426358	0.0451571767	0.0402214786	-0.0218235099	-0.040383399	-0.0389541818	0.0040540077	0.0524685149	-0.1270357179	0.0095524537	-0.1181291857	-0.0954038606	0.0401915579	-0.0853482697	-0.0299539292	0.0914546626	0.0571097709	-0.0882997264	-0.0731789068	0.1289385727	-0.0555885399	-0.0549297696	-0.070747508	0.1432307483	0.0411340187	-0.0617620603	0.1508985713	0.1582118167	0.0568793935	-0.0614412412	-0.0058694432	0.1314990415	0.0002535635	0.0592508876	0.0448649752	0.016082961	-0.0635230397	-0.067104017	-0.0887078318	-0.0109858858	-0.0934658298	-0.0830096789	0.0664738307	0.1193842431	0.0024725657	-0.0216361116	0.0967501022	-0.1133089643	0.0592958952	0.0340529804	0.0471950568	-0.0494927137	-0.020706647	0.0734234675	0.0830606021	-0.0496221792	0.0753582996	-0.0698554025	0.0005167279	0.1667048215	0.1081671769	0.0426093186	0.0437146575	0.0472303176	-0.0374949383	-0.1058421606	-0.0133239738	0.0780144869	-0.0904657632	0.1202040561	-0.1860860935	-0.0368515558	-0.1449509761	0.087086893	0.0773530272	0.0719853874	-0.0206692764	0.0441197272	0.1436657323	0.0309215867	-0.0709270836	-0.0003077445	-0.0850011925	0.1036732124	-0.0251705172	-0.0785258572	0.1475505086	-0.0464641158	0.0116480583	-0.1131311491	-0.1403437601	0.0066150671	-0.005169864	-0.0066983563	0.0424844587	0.1077254948	-0.0699563352	-0.0400915038	0.0087729259	-0.0026685522	-0.10067921	-0.0388157312	0.0566322542	0.10161205	0.0001552145	0.048963977	-0.0844195428	0.0171687548	0.0583307311	-0.1058053206	0.1024459312	0.1008316041222485	2.2036476963194215e-05	4.856063169493893e-10	0.0101670123898658	-0.0421836149718046	-0.1005734668924701	0.0101150222427707	0.0017794573720894	0.0181112236808189	-0.0474703089718531	0.0003280164232166	0.0022534302338831	-0.0006388756478419	-0.0003297598355227	1.0874154912395816e-07	4.081620934054075e-07	-0.0013850210764978	-3.581726700900003e-05	1.282876615994002e-09	1.918283382343125e-06	0.0016250595162481	0.0003142668800127	2.640818431348509e-06	9.876367187291677e-08	0.0	0.0	0.0	0.0
1168.515718801077	5.902138401034335	34.83523770496414	1365428.9850851975	1512.6022274320285	15.605297855272283	243.52532115176567	2287965.498432334	1098.01073936403	3.4311775965895777	11.772979699338231	1205627.583758744	1125.6504348960916	1214.7290671998555	1.266205	27.38796	0.2770698200398462	0.1618865017407217	-0.0536874258	-0.0862888964	-0.0513794289	-0.0766403166	0.0971290651	-0.0381487175	0.0027628701	-0.1054329507	-0.0435100012	-0.0472346068	-0.1707584065	-0.1252877872	0.0761768591	-0.0905139129	0.0539996626	0.0077599591	-0.0670404013	0.1048591133	0.003651192	-0.0051693453	0.112662104	0.0227735582	0.0564859036	0.1068036784	0.0876396563	0.1336053537	0.0510446056	0.0643008379	0.0479933584	0.0438777315	0.0922340323	0.0658623109	-0.0470623184	-0.0677797906	0.0585711007	-0.1061323208	0.0301075361	0.2807436043	-0.1370913684	-0.067614486	-0.0750730612	-0.0429557153	-0.0202701139	-0.1433467185	0.0229079418	0.0555309372	-0.0502689064	0.1130868634	0.033271511	0.0546779338	0.0126784832	-0.1527751035	-0.117835779	0.0590408054	0.0527762052	-0.0474456512	0.1179158998	-0.0360736256	-0.0607444532	-0.0195021535	0.0038755106	-0.0115067953	-0.0134976136	0.1055825088	-0.0649396271	-0.1128313615	-0.0314626524	-0.0145367449	-0.0831563252	-0.0627693719	-0.0114100962	0.0410108229	-0.0181833712	0.0664699807	-0.0356789606	-0.0576611797	0.1394456963	0.0093626241	-0.0263299377	-0.0875393537	-0.0567495031	0.1105388162	0.0299651572	0.0960474281	0.1298855025	-0.0309695875	-0.0602155909	0.0850696981	0.0666972183	-0.0488123023	0.0606208268	0.011516675	0.0715134354	0.0253864784	-0.1250432223	-0.0771214758	0.147515288	0.0592664444	0.1578344507	0.1545643028	-0.0344970171	0.0388734165	-0.1362312864	0.0359172329	-0.02567428	0.0710587721	-0.0239766462	-0.1036768788	-0.2099016469	0.0371283274	0.0406010168	-0.0334351254	-0.0849382822	-0.1082446573	-0.0277945364	-0.0038612816	-0.0058771007	0.0412335652	0.0013414462	-0.0867674608	-0.0008490007	0.0050579574	0.0338685722	-0.1993794198	-0.0406985902	0.1448467668	-0.0445451977	-0.1292204403	0.0300581567	-0.0499264728	-0.0923268964	-0.0503516495	0.0042045104	0.0601066082	0.2158046982	-0.1004479877	-0.0260698343	-0.0445447282	0.0408510284	0.0975584483	-0.0084621233	-0.1287344433	0.0199911221	0.0041110014	0.1188391376	0.0892928384	-0.0824308541	0.0747383902	0.0346569674	0.1907666537	0.040061602	-0.026123148	-0.0858045533	0.0214124734	0.0527333744	-0.1028582188	0.1061292888	0.09476472763086	-0.0060668764913884	3.680699036176241e-05	0.008980353602951	0.1086697125049482	0.1508533274767527	0.0227567264108084	0.011809106415908	0.0612528764037989	0.04314165272298	0.003751914867739	0.0018612021996702	0.0002672053525248	0.0009060810003667	8.209827792255198e-07	7.139870041790264e-08	-0.0011908424351503	0.0001941786413475	3.770534475556104e-08	1.4181057053546966e-06	0.0011851598909878	-0.0004398996252603	1.4046039672062135e-06	1.935116803041524e-07	0.0	0.0	0.0	0.0
1169.9041513850443	1.3884325839674148	1.9277450402224323	1368675.7234279606	1519.8957497273698	7.29352229534129	53.19546747264049	2310083.0900393235	1098.6839294709057	0.6731901068756088	0.4531849199951935	1207106.37687763	1126.6468227990738	1235.5977255411726	1.176735	25.452711	0.0916010303160297	0.0574906507303462	-0.0872610055	0.0219492618	0.0088818963	0.008760646	0.0534542018	-0.0947469791	-0.0223363328	0.041157678	0.0401984154	-0.0152005843	-0.0778755829	-0.044223704	0.0084923411	0.0827582029	0.0073198812	-0.0484736507	0.0083680218	0.0716812262	0.1930949105	0.0039142606	0.1248969246	-0.0823756194	0.1069334258	0.0833036753	-0.1245981601	0.1102551305	-0.1511734942	-0.0837170214	0.0308877826	-0.1078433396	-0.0656473379	0.1031687228	-0.0266533351	0.1007702129	0.0522883643	-0.1169804733	0.0752066452	0.0299362583	0.082968245	0.0087775238	-0.0040879685	-0.010497028	-0.1532278896	-0.0386344168	0.0433971128	0.046388168	0.0365191034	-0.0719557281	-0.014390189	0.0732147857	0.1076323046	0.1768916191	-0.0262357113	0.0042244078	-0.0422093587	-0.0014062411	0.0886033914	-0.2272305081	-0.0764963649	0.0178021534	-0.0984513527	0.0290568791	0.0576871004	-0.0020805529	0.1443460731	-0.0589999225	-0.0310273284	0.0215482575	-0.0217462118	-0.0568751149	-0.0956478532	-0.0517703876	-0.0389994158	0.00769304	-0.0877556099	0.0800445031	0.1180899772	-0.0435370118	-0.133890245	-0.1455738282	0.024515994	-0.0108394642	0.183816373	0.062382966	-0.0154393623	0.0981591812	0.0150277263	-0.065064445	-0.116128482	-0.0459856343	-0.0962980906	0.0381856296	0.0668217999	-0.0489476887	-0.0361917607	0.0804780365	-0.1039288066	-0.0917377537	-0.0135335647	0.0969492476	-0.0019501351	-0.1115430725	-0.0836493292	0.0698703858	0.1173347624	-0.0497255727	0.0020819789	0.0070739798	0.0355223422	-0.0737921267	-0.0783838859	0.0907363406	-0.081759616	-0.1640575716	-0.0875798681	0.1292940608	-0.0609467613	0.1502219996	0.0759411489	0.0809840644	0.1086608111	0.1077150635	0.0823485643	-0.1615545639	-0.0686008914	-0.0572042846	0.0546528521	0.1106158416	0.0433841008	0.0792058847	-0.0168128643	-0.0243276786	-0.1102770144	0.0044276131	-0.0318445622	0.0422705956	-0.0619205045	0.0890422509	-0.1703289998	-0.106800559	0.0368716416	-0.058069923	0.0095337763	0.1335195496	0.0067654875	0.1033470694	0.0776137947	-0.1101601602	0.015999599	-0.0138167013	-0.0909408116	-0.0507770729	-0.0871572961	0.0256239856	0.0469575846	-0.0992925156	0.1088156246	0.0956492424892729	0.0008845148584128	7.823665347531912e-07	0.0091487775887717	0.0665675224055633	-0.0421021900993849	0.0017725944111647	0.0044312350392151	0.0613476316433008	9.47552395018994e-05	0.0037635319082421	8.978555413062316e-09	-0.0005281871315711	-0.0007953924840959	6.326492037562465e-07	2.789816459573065e-07	-0.001294337460699	-0.0001034950255486	1.071122031332606e-08	1.6753094621687354e-06	0.0012566637837178	7.150389273000005e-05	1.5792038653079376e-06	5.112806675543354e-09	0.0	0.0	0.0	0.0
1171.0814242710794	1.177272886035098	1.385971448193409	1371431.70227278	1529.3351684953636	9.439418767993857	89.10262667755467	2338866.057596742	1098.3738259220047	-0.3101035489009973	0.0961642110409932	1206425.0614705423	1127.0790710141705	1250.8096437321387	1.270564	27.482244	0.1508674235718788	0.1013723082099895	0.0474537097	0.1205073514	0.0948161289	-0.0283863016	-0.0469975226	0.0645009153	-0.0749582277	0.0694840909	-0.0797191627	0.0464464781	0.0662859569	-0.0050696022	0.1011887118	0.0387400188	-0.0071524134	-0.1354046174	0.1193802058	-0.1036437242	0.031267208	0.0481306937	0.0270495839	0.0779765725	0.0331633641	-0.0310045286	0.0087344612	-0.094657077	0.0626553497	-0.0919163997	-0.0255928735	-0.05597501	0.020312731	-0.0874024546	-0.0799141928	0.072403914	-0.0655640537	0.0713296743	-0.039519502	0.0016137619	0.0116880028	-0.1097281372	-0.0044583699	0.0968138568	0.0680603003	0.0113728003	-0.0197831362	0.0149379345	-0.0171531652	0.0133904443	0.1594871464	-0.0237972368	0.0837458654	0.027704034	-0.1492726682	-0.0091411329	0.0011110886	0.145552094	0.1579867257	0.1834606065	-0.0533727961	0.0099790154	-0.03883293	0.0703182887	-0.0133183068	-0.0006121502	0.0382828359	-0.0225098045	-0.0595235285	-0.1527195463	-0.034046959	-0.1659876644	0.0063803675	-0.076232968	0.0801796539	-0.0268653458	-0.0913473964	0.0833604404	-0.1231062312	-0.0606731701	-0.033551432	-0.0326856447	-0.0956614229	-0.0172581744	0.0134124348	-0.097865505	-0.0091756891	0.0203339172	-0.0251297352	0.0121304007	-0.0390660223	0.0900340369	-0.0396653968	0.0829485575	-0.048309205	-0.0410208962	0.0016349843	-0.0917680982	0.0533451905	-0.0638210398	0.0030172337	-0.1528750387	-0.095223965	0.0725831128	-0.0124889205	-0.1001135185	0.0392881176	0.1452246341	0.0700670727	-0.1141270599	-0.0966403293	0.0132185296	0.003984961	0.0889694599	-0.0787179597	-0.0201990605	0.1258011214	-0.1681922211	0.0549294316	0.0443626892	-0.0463603041	0.0178576758	-0.1223525166	0.0615535844	0.1143362968	-0.0480261625	-0.0701299364	-0.1359346086	-0.0665549491	0.0487846462	-0.1083207655	0.0008256723	0.0645584794	0.11056993	-0.0182110465	-0.1265700218	0.0493888188	-0.02058326	0.0202157866	-0.0029385051	0.1419217007	-0.0843763877	0.0421589786	0.0965450775	-0.0019951263	-0.0778456737	-0.0495153847	0.0388975306	0.0676584655	-0.0352649577	0.0206503925	0.0566377322	-0.0292364445	0.051846136	-0.0884772626	0.029796957	0.0410229053	-0.0951296555	0.110479702	0.1008538667246625	0.0052046242353896	2.70881134316048e-05	0.0101715024333159	-0.0176643201134396	-0.0842318425190029	0.0070950032941461	0.00031202820507	0.0083774660755295	-0.0529701655677713	7.018193784664763e-05	0.0028058384402771	-0.0003591868680029	0.0001690002635681	2.8561089086121058e-08	1.2901520614573273e-07	-0.0012942262374284	1.1122327060004641e-07	1.2370615922971151e-14	1.6750215536480732e-06	0.0012567681218733	1.0433815550003197e-07	1.5794661121569418e-06	1.0886450693148847e-14	0.0	0.0	0.0	0.0
1170.575970788287	-0.5054534827925181	0.2554832232670864	1370248.1033869402	1530.0020516023064	0.6668831069428052	0.4447330783256889	2340906.2779072667	1098.3986483374526	0.024822415447943	0.0006161523086702	1206479.590669543	1126.8594764946258	1247.6418801801462	1.055569	22.831907	0.1643809926749768	0.0806820472618451	0.0278141965	0.1170416882	0.0330729261	0.0907866409	-0.0091388343	0.0783107085	-0.0699299389	0.0389650141	0.0395546258	0.0122396579	0.048738714	0.0373333271	0.072960516	-0.0223750791	-0.0141268665	0.0069250776	0.1144596242	-0.0367021399	0.007410554	-0.0469667667	0.0791059893	0.0834962276	0.0255997613	0.0566688394	0.054931198	-0.0256321611	-0.0406035389	-0.0655968132	0.0476649901	-0.0292541631	0.0402265398	-0.0431697416	0.0339122548	-0.0395218014	0.0966917404	0.0033820825	0.1122753711	-0.1582953612	-0.0108711011	0.0414441881	-0.0543350663	0.035103617	0.0705746398	0.0084862949	0.1460946831	-0.0233262893	-0.1252002368	0.1159117868	-0.0589690444	0.310713485	0.0659674839	0.0475000257	0.0256954616	-0.0240825099	-0.0325669758	-0.0126438118	-0.0021374572	-0.0729690291	-0.0141349893	-0.0065366383	0.1198151548	0.0060977527	-0.0318636863	-0.1278673811	-0.0766026688	0.0730580585	-0.1180895427	0.1444938215	-0.0002642839	0.0592056708	0.0544578255	0.0811771051	-0.0367885378	-0.0209267231	-0.019298407	0.0547828449	-0.0992916581	0.0539749701	-0.0605119621	-0.0159850749	-0.1093374327	0.0230902166	-0.0049055961	-0.0119689224	0.0583220419	-0.0575133953	0.0204991272	-0.0057108413	-0.0848792211	0.0543828864	-0.0232728204	0.0228654627	-0.068635182	-0.0231120936	-0.0626205832	0.0791268421	-0.0483026824	0.0618367059	-0.0933464289	-0.0617422044	0.0124683074	-0.0061181148	-0.0766268573	0.1415467193	-0.1177921064	0.0710407292	-0.1038724136	0.1113456966	0.033440756	-0.0736370535	0.1122374117	0.171122009	0.0306182091	-0.0445815456	-0.0651913233	-0.0035658828	-0.1187619444	0.0719943445	-0.0005920822	-0.102608396	0.026746953	-0.1113338812	-0.1085956092	0.0826247617	0.1194398937	-0.0867480348	0.0263521153	-0.1649545138	0.0112021017	-0.0680083427	0.0278556452	0.0761394316	-0.0251435253	-0.1451740847	0.0772168773	0.0491303392	0.1001323318	-0.0236501675	-0.004344331	0.0166828905	-0.0338504541	0.0052347212	-0.0755593849	-0.0050088066	0.0526365682	0.0306515497	-0.0999720626	-0.1340063316	0.0016276476	0.0255192425	0.0655423713	0.1296710967	-0.0897639565	0.0339251109	0.0349494174	-0.0903946745	0.1111058879	0.0943873602434735	-0.006466506481189	4.1815706071259374e-05	0.0089089737737312	0.0444931299207809	0.0621574500342205	0.0038635485947566	0.0019796386101474	0.0537959933036518	0.0454185272281223	0.0028940088955265	0.0020628426155716	0.0002285593026155	0.0005877461706184	3.454455610765935e-07	5.22393548120837e-08	-0.0009348636366628	0.0003593626007655	1.2914147882901597e-07	8.739700191543958e-07	0.0011971067146284	-5.966140724490005e-05	1.4330644862084017e-06	3.5594835144418113e-09	0.0	0.0	0.0	0.0
1165.22471307369	-5.351257714596841	28.6359591280322	1357748.6319576632	1527.6620727613254	-2.339978840981076	5.475500976239137	2333751.408553429	1094.7461642988726	-3.6524840385800417	13.340639652081972	1198469.1642470942	1123.7212145742703	1238.4226520741706	0.989713	21.407442	0.0812358425333893	0.0482182361580005	0.0375275703	0.1193688331	-0.0736507697	0.0451005339	-0.0038960676	0.1083479329	-0.0018238302	0.0299879152	0.0877368945	0.0621666106	0.1324038084	0.0392656293	-0.0244004743	0.0042173066	0.1513617096	0.0168830771	0.1313942434	-0.0296740005	0.0352411659	0.0488547922	-0.007929319	-0.0453373739	0.0484541548	0.0712531272	0.0690481457	-0.1115798912	-0.1306096483	-0.0164626932	0.0042372237	-0.0398434911	-0.0184364938	0.0227401628	0.0345828742	0.034027345	-0.0089630765	0.1012120536	-0.0691298985	-0.0389108247	0.1341035147	0.0830349282	-0.1173348107	-0.0634872074	0.2024677379	0.137002362	0.0682960952	0.0306294008	-0.1600199956	-0.0244314135	0.1220964006	0.0639127163	-0.0649822183	-0.1955585629	0.1254823337	-0.0534480073	0.0555078078	0.1123276947	-0.0828823207	0.0364293201	-0.0065605547	-0.1352197184	-0.0006497201	0.0536811119	0.0649548325	0.0099515243	0.1026903018	-0.1632082895	0.1115471966	-0.0497265532	-0.1057674281	-0.0673220081	0.0095832353	0.0698890125	-0.0185477923	0.1372237827	0.0291988573	0.0668516451	-0.1342171679	-0.0028826577	-0.1625486892	-0.0129681876	0.033688986	0.006331079	-0.0053245026	0.0089610644	0.0700536456	0.0154604384	0.1169627073	-0.0920950103	-0.0524517634	0.0580528579	0.0019534595	0.0143300757	-0.1220610374	0.0125513464	0.0500514572	0.0770924146	-0.1063701659	-0.0797495119	0.0389663554	-0.1131618308	-0.1212844403	0.0776469691	0.1731464866	0.0267010047	-0.0837361985	0.0552854538	-0.0053413359	0.0870589223	-0.0209304921	-0.1299791107	0.0905497913	-0.0886337755	0.0797020198	0.0067001871	-0.0502118592	-0.0781746639	-0.096152051	-0.0819031879	-0.1729145529	-0.0351465177	-0.0767950091	-0.0654640389	-0.0743750926	-0.1129643227	-0.2683533832	0.128438827	-0.0222856516	-0.0511235917	0.0608973901	0.0392757411	0.004299859	0.1219030179	-0.0136914743	-0.1178625198	0.02209148	0.0156591713	0.0376564206	0.022637329	-0.050575196	0.0818575152	-0.0921604876	0.0797306926	-0.0938207219	-0.0435390486	0.0953382688	0.0492709395	0.0546198666	-0.0947397946	0.0764079751	0.0146709774	0.0466518461	0.0088741921	-0.0910168938	0.0380022381	0.0287576717	-0.0851160492	0.1106882998	0.0925712061477099	-0.0018161540957635	3.29841569955887e-06	0.0085694282076418	0.0732421727591372	0.0287490428383563	0.0008265074641216	0.0053644158704793	0.0793908880362863	0.0255948947326345	0.0063029131031901	0.0006550986363746	-0.0002099037276426	-0.0004384630302581	1.922498289031155e-07	4.4059574878258806e-08	-0.0009901261868787	-5.526255021590001e-05	3.0539494563648703e-09	9.803498659429545e-07	0.0012048961514871	7.789436858700056e-06	1.4517747358684247e-06	6.0675326575675e-11	0.0	0.0	0.0	0.0
1167.6853055441284	2.460592470438314	6.054515305577726	1363488.9727836845	1522.4461543424782	-5.215918418847195	27.20580495206943	2317842.2928722007	1097.2383972291923	2.4922329303196875	6.211224978969857	1203932.1003540868	1125.3857880837973	1222.3947580096587	1.102464	23.846243	0.0488492571860709	0.0217678834633006	0.0269008408	0.1028579433	-0.0226636727	-0.0590950387	0.0881420163	0.0759290123	-0.0256640209	-0.0597288973	-0.0736721363	0.0456810033	0.0757311718	-0.0923203315	-0.0228147747	0.011989262	0.0488143226	-0.0391411924	0.1188428412	0.0129596327	0.10090572	0.0683936976	0.0181731628	0.0307618462	0.0670804653	0.1216026667	0.0218153421	-0.108018427	-0.1280861592	0.0136793234	3.33689e-05	-0.0051188382	-0.1144363435	-0.0124655554	0.0043093878	0.0486507661	-0.0436045654	-0.0696961571	-0.072824328	-0.0256167783	-0.1160481062	0.0473948028	-0.020943717	0.1226317196	-0.1304724054	-0.1082426075	0.0151110844	-0.0757991469	0.0507362551	-0.0184777419	0.1089581919	-0.1197416813	-0.0197066537	-0.037835301	-0.0697096408	-0.0521368597	0.079519336	0.1132545963	-0.006646414	0.123265268	0.0030838192	0.0429335504	0.020436143	-0.0678380881	-0.0839501467	-0.0539781629	-0.0208373014	-0.0360486844	-0.1107049481	-0.1387508093	-0.0837012675	0.1694681663	0.2599695242	-0.0300392194	0.0206224562	0.0559018777	-0.0699377088	0.0209612068	-0.0635859584	-0.0930020387	-0.0921111601	-0.0087607743	-0.0884269565	-0.0013582657	0.0342269916	0.0520598205	0.0791135412	0.1402758527	0.0875783836	-0.0533835437	-0.0103116213	-0.0507090317	-0.2092092132	0.0270340331	0.0460465737	0.0282886129	-0.002678477	-0.1294306342	-0.0543883146	0.0179962305	0.0483524117	-0.0960029023	0.1110053611	-0.0958729674	-0.0780831706	-0.032147623	-0.067928828	0.0243027158	0.0012401106	-0.0914558099	-0.0342584341	-0.0037153458	-0.0692382061	-0.069447683	0.0518300257	0.0536661013	0.0750878416	-0.1657368635	0.0061876793	-0.0742431355	-0.0572851447	-0.0775718936	0.0201432421	0.0537133306	0.0610958154	0.039074659	0.0323973285	-0.0400205661	-0.0072506722	-0.0514294731	0.0248448826	0.0391165363	0.0193953724	0.085593364	-0.0483543908	-0.0853827643	0.1281407897	0.0377077237	0.0940283558	0.0687185802	-0.043499199	0.0451617677	0.1084416634	0.0290814278	0.1354324151	0.0186222609	0.0231539189	0.0716858563	-0.0042931858	-0.0737918516	-0.1127572524	0.0788741605	-0.0363807522	0.0831493834	-0.0922356034	0.0420222065	0.0224686191	-0.0793255261	0.1092308605	0.093992542120489	0.0014213359727791	2.0201959475159197e-06	0.0088345979742719	0.0656404116407145	-0.0076017611184227	5.778677210156315e-05	0.0043086636403624	0.0639084188571672	-0.015482469179119	0.0040842860008231	0.0002397068518823	-0.0003374224475163	-0.0001275187198736	1.6261023918227165e-08	1.1385390808789024e-07	-0.0008252367937136	0.0001648893931651	2.7188511978354953e-08	6.810157656987028e-07	0.0013993618567633	0.0001944657052762	1.9582136061640302e-06	3.781691052856991e-08	0.0	0.0	0.0	0.0
1169.36481194881	1.6795064046816606	2.820741763366718	1367414.063424076	1535.4128026359472	12.966648293469008	168.1339679665227	2357492.474498374	1098.5886836998295	1.3502864706372293	1.8232735527859447	1206897.095953324	1125.957868825904	1238.847159295902	1.095432	23.694136	0.0537140796856662	0.0300747493082952	0.1171414034	0.1010050213	0.0135504509	0.02184488	0.0660095229	-0.0189623953	-0.1345815729	-0.0467234914	0.0236517077	0.05954083	0.0623151726	-0.0548941599	0.0036079744	0.0334567519	0.0053117969	0.0215190416	0.096430883	0.0797229852	0.1041823196	-0.0327905682	-0.1076713331	0.1742880947	-0.10130722	-0.0547755548	0.076490269	0.0852206511	0.0020848651	0.0258885723	-0.0965418011	-0.0459039628	-0.0047265832	0.0848118137	0.0130251809	-0.1157167659	0.0243957571	0.0092021222	-0.0738217876	0.0501567753	-0.0097105669	-0.0668231959	0.0836973797	0.0626485922	-0.0030164065	0.0232635215	-0.0255587056	-0.0419219752	-0.0056696557	-0.0094445508	-0.0774754806	-0.0944276771	0.0081274312	-0.0808161031	-0.0019786005	-0.0941500448	0.0593585078	-0.0504752651	-0.0659378357	0.0212628184	-0.1124959698	0.2057612036	0.1141370057	-0.0840406847	0.1387905661	0.0281189392	0.1750833216	0.0442575793	0.068380776	-0.0083338296	0.2283065857	-0.131813171	0.0907253496	-0.1742741983	-0.1120335598	0.0310814391	-0.1149412129	0.0183672175	-0.0242236156	-0.0422185857	0.0027565862	0.1682834473	-0.1084952572	0.036739778	-0.0018097876	0.0364148412	-0.0070023005	-0.1192789381	0.0411494889	-0.0554786439	0.0223720562	0.025690876	0.1439399523	7.5926e-05	0.1156356496	0.0505558041	-0.0149141764	0.0266120191	-0.0113177739	-0.0416141438	0.0309505417	0.0083538093	0.0580264047	0.0717553775	-0.0218159449	-0.0762182298	0.0732591748	-0.0654022321	0.0366548634	0.0099101297	-0.0085960286	0.0118519873	0.0114484329	-0.1799693195	0.1212975968	-0.012112428	0.0871399337	-0.0404449998	0.0214554299	0.0331031649	0.2023539281	-0.01886219	0.0593110775	-0.0252758707	-0.1253869763	0.002123782	-0.0677859612	-0.1729722995	0.0373442648	0.1802353935	0.0222258422	0.0564274871	0.1154854472	0.0834159417	-0.0456791499	-0.0443659908	0.1603795998	0.0982885122	0.1130940938	0.0274596089	0.0715585974	0.0221865119	0.0248512521	0.0216739349	0.1046960788	-0.0070673436	-0.0197564149	-0.1190474724	-0.0406834916	0.0827015084	0.0228155489	-0.0382619148	0.0929128254	0.0285522897	-0.0934196269	0.0459789694	0.0161035399	-0.0730579298	0.106747262	0.1006703587149075	0.0066778165944184	4.459323446869096e-05	0.0101345211237881	0.0376687158183131	-0.0279716958224014	0.0007824157671809	0.0014189321514008	0.0715191911952786	0.0076107723381113	0.0051149947092268	5.7923855582561485e-05	-0.0003909607580708	-5.353831055450003e-05	2.866350697030089e-09	1.5285031435129466e-07	-0.0008582453986463	-3.300860493270002e-05	1.0895679996030683e-09	7.365851642975464e-07	0.0012568328736358	-0.0001425289831275	1.579628872251623e-06	2.031451103135919e-08	0.0	0.0	0.0	0.0
1171.9143519880272	2.549540039217163	6.500154411571455	1373383.2483955177	1518.837113440713	-16.57568919523419	274.7534722970035	2306866.1771649173	1099.13305003646	0.5443663366304463	0.2963347084564524	1208093.4616824512	1126.9084007681402	1239.967824741697	1.22695	26.538864	0.1897260768347136	0.1035388406368912	0.0967436324	-0.0532802891	0.1391371545	-0.0529931111	0.0417104954	-0.0345359939	-0.0765013613	-0.045620817	-0.1290985746	-0.0938477125	0.020973932	0.0646839006	-0.0210988458	0.1683642234	0.0172546516	-0.1267192049	0.0595336316	0.1656872357	-0.0494164825	-0.004384123	0.0166744227	-0.0417765388	0.1498335882	-0.1270986316	-0.0163972748	0.0938048511	0.000805695	-0.0836803062	0.1009950077	-0.0784923151	-0.1548837283	-0.0350896713	-0.1061406559	-0.0579272399	0.1250478105	0.009325296	-0.0454313286	-0.0365103392	0.0430099535	-0.0072155984	-0.0134139374	-0.0397040517	-0.0131399073	0.0930900046	0.0600229561	-0.0666188327	-0.0016002536	0.0550907479	0.0583259717	-0.2629561857	-0.0475752696	-0.0518696815	0.0716800826	0.0500764256	0.1002420784	-0.0106879922	0.009912973	-0.0483980734	-0.0297882907	-0.0507409097	0.0140532663	-0.0309406818	-0.0602377831	0.0052616388	0.0877947043	0.0364222027	0.0473455245	-0.1043034983	0.1435193826	0.0434663571	-0.0309244089	-0.0631364505	0.064713708	0.0130960614	-0.1645888973	-0.1148276463	0.0168907974	0.069733204	-0.0390295237	-0.0341303168	0.027961284	-0.1168792736	0.1179075756	-0.1144589133	0.055819919	-0.0666569112	-0.013544362	0.0019058928	-0.0977025597	0.1319685325	-0.0944218758	-0.1770696313	0.0187436551	0.0505815521	-0.086392649	0.0723235462	-0.1087179957	-0.0388890647	0.0684481081	-0.0214253375	-0.0483554911	0.0338636772	-0.0239846861	-0.0916568712	0.0854913932	-0.0335592287	-0.092177455	-0.0427723176	0.003273834	0.0077999258	-0.0767472416	-0.2331840371	0.0118845559	0.0133943811	-0.0434530824	0.0613712275	0.094272257	-0.0498903533	-0.026306142	-0.0194349113	0.0168921655	-0.0629837373	0.1158528369	0.018530506	-0.0033846677	-0.0018740892	0.0112770744	0.1494122861	-0.1227489672	0.0116292029	0.1545829542	-0.0394604214	-0.0344483315	0.0495289662	-0.0300782404	0.056697958	-0.0389347792	0.0828278666	-0.0575690417	0.0128557769	0.0584244541	0.067050712	0.1113750497	0.000892185	0.026877722	-0.061632673	-0.1109038885	0.0972613091	-0.1731283419	0.0266145742	0.0664248056	-0.0703490386	-0.0945685192	0.0498665756	0.0096839714	-0.0663509546	0.103260836	0.1008716195420333	0.0002012608271258	4.0505920535364e-08	0.0101750836290327	-0.0220520648693138	-0.0597207806876269	0.0035665716459396	0.0004862935650004	-0.0078301156374323	-0.0793493068327109	6.131071089556184e-05	0.0062963124948317	-0.0006059759786428	-0.0002150152205719	4.6231545077625796e-08	3.6720688669209913e-07	-0.0011980196621361	-0.0003397742634897	1.1544655013003597e-07	1.435251110864695e-06	0.001711137959319	0.0004543050856832	2.927993115822392e-06	2.063931108776197e-07	0.0	0.0	0.0	0.0
1175.7341982928692	3.819846304842031	14.591225792615315	1382350.905035376	1539.4520063724858	20.61489293177283	424.97381058845735	2369912.4799242723	1100.3289946252978	1.1959445888378468	1.4302834595705265	1210723.8964131186	1128.047850743747	1254.040119900369	1.224864	26.493759	0.2206715725463003	0.1288064446521765	0.0525054372	-0.1243923461	0.1812249743	0.1027596417	0.1532323868	0.1251130401	-0.2001775253	-0.0870093658	-0.0268186053	-0.0914735716	-0.0140114403	0.0851329586	-0.018772794	-0.0315750577	-0.0845132799	0.0357502966	-0.0049253457	0.2382352067	0.0020422677	0.0277395552	-0.0556301895	0.03642149	0.0504503093	-0.118314273	0.0161343766	0.0302255768	0.0933387552	-0.1059414792	0.072963799	0.1881858324	-0.0496724391	0.0159555815	0.0458155433	-0.0149846624	-0.0382566956	0.0962600167	-0.0542099495	0.052414387	-0.0504257106	0.0957559672	-0.0999754769	0.0341770363	0.0494448081	-0.0675852823	0.0015154173	-0.0663415997	0.1687476595	0.125756317	-0.0065442315	0.0896135212	0.0105119473	-0.0818954823	0.1206953558	0.1817440313	-0.1380166688	-0.0028743696	-0.0900368663	0.1025824478	0.0165407044	0.1357254988	-0.039896245	0.0593677257	-0.1309703664	0.0334595492	0.1472615594	-0.0005097566	-0.0640421284	0.0161412049	0.0509642213	-0.0354196872	0.0184414654	-0.0430772165	-0.1227988776	-0.0589493327	-0.1212185256	-0.1508739426	0.0595749781	0.0145330095	-0.0942444545	0.0860518036	0.0327158968	-0.1121266104	-0.014464867	-0.0646364767	0.0276979599	-0.1326273532	-0.048615848	0.1056063434	-0.0680179683	-0.0938499939	0.0307824967	-0.1200872196	0.0470975107	-0.0161232954	-0.0179133677	-0.1311297044	0.0726595897	-0.0143481074	0.0452806697	-0.0175740714	0.0284125527	-0.0893132976	0.1425210408	-0.0111849792	-0.165947889	-0.053021473	-0.1192499144	0.0089727315	-0.0116645989	0.1912299097	0.1440367311	0.048406781	0.0392005511	0.0708367079	0.0127998432	0.0004242446	-0.0934369598	-0.1067915448	0.1694285974	0.0794051439	-0.0707565253	-0.0454120229	0.1773035801	0.0151070454	-0.0220245939	-0.0933630474	-0.0126399629	-0.0410141627	-0.0052450786	-0.1140142096	0.234361076	0.01799645	-0.0190472799	0.1059474808	0.0682804059	-0.1541781559	-0.003643014	0.0655357995	0.2415709489	-0.0982199759	0.1320824903	0.0872190019	0.0637089792	0.0475663561	0.0063387898	0.0175104	-0.2044985678	-0.0545333813	0.0731079019	-0.0972255197	0.0401356071	0.0419995658	-0.095681848	0.0536791777	0.0032316354	-0.059244937	0.0988043356	0.0923872032500838	-0.0084844162919495	7.198531981509812e-05	0.0085353953243722	0.0896538522462435	0.1117059171155573	0.0124782119186277	0.0080378132225912	0.0534355119702212	0.0612656276076535	0.0028553539395196	0.0037534771261596	-0.0002982731076932	0.0003077028709495	9.468105679062617e-08	8.896684677295928e-08	-0.0010597052898664	0.0001383143722696	1.9130865576361135e-08	1.1229753013708308e-06	0.0013728429719155	-0.0003382949874034	1.8846978255377829e-06	1.144434985023342e-07	0.0	0.0	0.0	0.0
1172.488474123047	-3.2457241698223243	10.534725386568816	1374729.2219513908	1522.6927429026105	-16.75926346987535	280.8729120526984	2318593.189288276	1101.28148129728	0.9524866719821148	0.9072308603035648	1212820.901048331	1129.660543983764	1259.356450407008	1.257361	27.196659	0.1570193820565837	0.0957255784103539	-0.0260713474	-0.1090575235	0.1567198689	0.0845231959	-0.0566565069	0.104446989	-0.0651816827	0.095717736	-0.02994822	-0.1506412033	-0.0011915136	0.051984663	-0.0046075654	0.1045190164	-0.108852984	-0.0497314536	-0.0557715067	0.0869134497	0.0671826551	0.1433147437	-0.0518906318	0.0299376815	-0.0643720229	0.0426560422	0.0478386828	0.1742405443	0.0747711811	-0.0038302307	0.0488976788	0.117919803	0.0027648896	-0.0540106204	0.1571714024	-0.0546882391	-0.0209364605	0.0098698214	0.0589986035	-0.053580666	0.0663493202	-0.0433727194	0.1163979566	0.1214646918	0.0348042103	0.0172563547	0.0152892318	-0.0466986721	-0.0744602916	-0.1418550165	0.0079005496	-0.036064475	-0.0211618759	-0.0004492	0.1317282259	-0.0056081065	-0.0069912614	-0.0070728141	0.0713270919	-0.0660868126	0.0165618764	-0.2329112095	-0.087534147	-0.0002897666	-0.1086833849	0.0263707496	-0.0896237931	-0.0651903513	-0.1053626117	-0.0624566169	0.2050874296	0.1763048526	-0.0407809649	0.1427023674	0.0156938578	-0.118745492	-0.035367756	-0.0592480277	0.0467367322	-0.1053469873	-0.1679587907	0.1035667569	0.0122743904	-0.0351533953	-0.012815647	0.0565392899	-0.0425630347	-0.1507873417	-0.1674785244	0.096555667	0.0591649388	-0.0452317612	-0.0368407593	0.0230471699	0.0408637493	0.0128496564	0.0819431787	0.0550348962	-0.0761943146	0.0908432124	-0.0957350527	-0.0016550085	0.0369265128	0.0405648547	-0.0699212048	-0.0542140668	0.0339733485	-0.022937827	0.0681364529	0.0252686849	0.1078613468	-0.0607828456	0.0188246816	-0.0267362711	0.064596832	-0.027850025	-0.0213586712	0.0594814618	0.1057794048	-0.1129144579	-0.1842166788	-0.0062409963	-0.0339734479	-0.0132322791	0.1378194914	-0.0861954517	0.0732574183	-0.0486515869	-0.1153704835	-0.0575497949	-0.0633802668	0.0199790937	0.1779255063	-0.1487910295	-0.125400672	-0.0355754568	-0.1394777289	-0.0558783548	0.1211645401	0.0096685087	-0.1261980093	0.0731686771	-0.1781776573	-0.0790185108	0.0910806629	0.1074725341	0.0623695259	0.0017390626	0.032672661	-0.0072958569	0.0206753442	-0.1305175669	0.0884484501	0.0060279456	-0.0967591949	0.0574110412	-0.0032316354	-0.0517826133	0.0934196269	0.1005768901574128	0.0081896869073289	6.70709716400759e-05	0.0101157108337362	0.0016666642179643	-0.0879871880282792	0.0077417452571237	2.777769615442552e-06	0.0150157720517256	-0.0384197399184956	0.0002254734103093	0.0014760764154048	-0.0006938093039354	-0.0003955361962422	1.564488825377482e-07	4.813713502273244e-07	-0.0010069771508294	5.2728139036999945e-05	2.780256646305197e-09	1.0140029822924963e-06	0.0013726519631451	-1.9100877040006785e-07	1.884173411926097e-06	3.648435036974583e-14	0.0	0.0	0.0	0.0
1175.2001417290492	2.711667606002265	7.353141205442058	1381095.3731199773	1524.1570337378998	1.4642908352893755	2.144147650312457	2323054.6634927136	1101.0897081063722	-0.1917731909077247	0.0367769567509306	1212398.545297776	1129.4385331756212	1262.632739827452	1.179763	25.518223	0.1113580032827105	0.0675237504089101	-0.0510745567	-0.0133745322	0.2146472476	0.039528191	-0.0741824169	-0.0844763086	-0.0707751115	0.1836145024	-0.1115869216	-0.128132514	-0.012447277	-0.0200509705	-0.0517929217	-0.0099139265	-0.1358101116	-0.1492679118	-0.0370583485	-0.0063240442	0.0391857132	0.020364739	0.066149402	0.0193360425	0.1200875098	-0.0341010837	-0.1369264879	-0.1251246847	-0.0737787502	-0.0080353131	0.0672910534	-0.0984131838	-0.0373766122	0.1964318194	0.0337125172	0.0188058096	0.0740949351	0.1557707247	-0.0322181317	0.1079075863	-0.0524556217	-0.0266224101	0.0366659677	-0.0516336394	0.0092298479	0.0806210446	-0.1159513917	-0.0901122746	-0.042546767	0.0084583708	-0.0238667206	0.0156692797	-0.0478679396	-0.0651810066	0.0376814814	-0.0308825657	0.019327296	-0.047371079	0.0068560077	-0.1180119293	0.0389369122	-0.0748217965	-0.0150057992	0.0182445268	-0.0448572869	-0.1067924322	-0.0497050976	0.22571985	-0.054506911	-0.0823394272	0.0311618589	-0.030703948	-0.0457968696	-0.0424275133	0.057009984	-0.1652848543	-0.0735501028	0.0765343635	0.0471479167	0.0386349015	-0.1649770066	-0.0042563095	-0.0028945233	-0.0167966886	0.0944006361	-0.0690859257	-0.0485955694	0.1381034784	0.1870889213	0.1027195733	0.0122693374	-0.0406923591	0.0935616354	-0.102271423	-0.0312852591	-0.1476233766	-0.0551739893	0.0403801532	-0.0061647364	-0.0357803141	0.0862216924	0.0758769716	-0.0491829661	0.0493705703	0.0393562367	-0.1612648862	-0.0281965845	-0.0114563259	-0.0272974818	0.0229200663	0.0170261174	-0.0620633763	-0.0257905409	-0.0684368321	-0.0239368903	0.0224970102	-0.063970508	0.0632039471	0.001287802	0.0036174425	-0.1169508009	-0.051051839	0.1109954776	0.0479128684	-0.0173141224	0.0996724629	0.1905951273	-0.0188316316	-0.1302550292	0.0536719048	-0.1349432858	-0.1440260552	0.08769795	-0.046841061	-0.1187401375	-0.0494448943	-0.0280941744	0.0547708352	-0.0587527824	0.0148961004	-0.0027107465	-0.0974978058	0.0021188983	0.0935330823	-0.0387997799	0.1373197984	-0.0411805769	0.0683248703	0.0535489292	0.0641501407	-0.1464950514	-0.1029090169	0.0692922272	0.1138025028	-0.0978001546	0.0610565531	-0.0096839714	-0.0440088629	0.0871572961	0.0921630228042573	-0.0084138673531554	7.079316383649588e-05	0.008494022772418	-0.0158762897928852	-0.0175429540108495	0.0003077552354267	0.0002520565775876	-0.0018093748152949	-0.0168251468670205	3.2738372222234537e-06	0.0002830855670968	0.0004008776809363	0.0010946869848717	1.1983395948474938e-06	1.6070291507286597e-07	-0.0012297151296796	-0.0002227379788502	4.961220722227218e-08	1.5121993001629157e-06	0.0014267477004569	5.409573731180004e-05	2.035609000759052e-06	2.926348795307274e-09	0.0	0.0	0.0	0.0
1172.665320302273	-2.534821426776261	6.425319665644042	1375143.9534396322	1536.16482510559	12.00779136769006	144.18705352997193	2359802.369891688	1100.5640434429552	-0.5256646634170465	0.2763233383653568	1211241.213719507	1128.4382984018384	1248.8044118135738	1.287006	27.837881	0.3194909385674621	0.2214435307176414	-0.0422664588	0.1232954982	0.1180883051	0.1571651874	0.0667328567	0.0465492727	-0.1432866915	0.1229087581	0.0283856737	-0.0777208694	0.0498349212	-0.1683669903	-0.0096549727	-0.068686208	-0.1129264466	0.0669084118	0.0425063301	0.0645438998	0.0593721511	-0.0979623368	-0.0491203772	0.004220106	-0.0344252398	0.1174795225	0.1241866931	0.0231804128	0.128488395	0.0900575318	-0.0019863201	0.0819641664	-0.1299915915	-0.0185041813	-0.0009789005	0.0572907717	-0.0971837064	0.0803879042	-0.0718013167	-0.0341659039	-0.1606467547	-0.0071783433	-0.069704389	-0.0377225462	0.1242618364	0.0522673787	-0.0144911187	-0.0554876251	-0.0477173883	-0.0880642779	-0.0770701452	0.0883006558	0.1500174147	-0.025061213	0.111516588	-0.1139651826	-0.0278254982	0.0238481211	-0.0245589627	-0.0688180103	0.0871369673	-0.0641912228	0.0630659171	-0.0024831076	-0.0457211563	0.0605546078	-0.1320747917	0.0945910862	0.0710204271	-0.0053566876	0.0169423265	0.0743674372	0.0014721083	-0.1059449749	-0.1528632066	-0.0945475754	-0.03687042	0.0502514632	-0.0069264955	0.0396049658	-0.0631599819	0.1067938419	-0.0268540193	0.0675280177	-0.1242520591	-0.0129698111	0.0470764633	0.0256156093	-0.0918830805	0.0791886434	0.1571566605	-0.0238643939	-0.0847039043	-0.1123180063	0.0616504639	0.0123285559	0.1032439877	-0.0317646901	0.1131022903	-0.0400861908	0.0207612631	-0.0239907842	-0.0279732612	0.0614140166	0.0763728065	0.0448944409	-0.0753728588	-0.1457978198	-0.0567380763	0.0609290927	0.1001434274	-0.2268332307	0.1049821584	-0.0191666615	0.0147193093	-0.0931116784	0.0062060723	-0.0022672096	0.0357858093	0.0302973759	-0.0542888852	-0.0652701281	-0.0254605612	-0.1397294166	0.0212547454	0.1136847821	0.0913061396	0.0612292648	-0.0249103914	0.0423324648	0.0887744169	-0.1216638625	0.0645040965	0.1502008399	-0.1329402189	0.0532605723	-0.0854375221	-0.1068994063	0.0352216185	0.1354504827	0.0311534301	-0.0804385726	-0.0281540793	-0.0172515072	-0.1211355905	0.0559013147	0.0251391425	-0.0328603919	-0.004262639	0.0647575626	0.0308187529	-0.143834461	0.1330466691	-0.1147160218	-0.0988043356	0.0646102301	-0.0161035399	-0.035970438	0.080076174	0.1022087084054419	0.0100456856011846	0.0001009157991978	0.0104466200739086	0.1848493839884071	0.2007256737812923	0.0402907961149537	0.0341692947608935	0.0874767291773253	0.0892861039926202	0.0076521781475631	0.0079720083661809	0.0003291837473824	-7.169393355390004e-05	5.140020108431035e-09	1.0836193954071973e-07	-0.0011248007491042	0.0001049143805754	1.1007027251519911e-08	1.2651767251853693e-06	0.0012146865107389	-0.000212061189718	1.4754633193710438e-06	4.496994818461365e-08	0.0	0.0	0.0	0.0
1169.2717579842513	-3.3935623180216226	11.516265206296287	1367196.4440195814	1530.3432415632992	-5.821583542290682	33.89083493986973	2341950.4369984665	1097.7466037891847	-2.817439653770407	7.93796620263791	1205047.6061306894	1126.7264455297886	1255.5691565331304	1.210766	26.18882	0.122404540906163	0.0721301326754454	0.0760600409	0.0648992713	0.0166058894	0.111238289	-0.0131076357	0.0309772475	-0.0967688836	-0.0069936028	0.0575002719	-0.0393416643	0.1883244329	-0.0510262292	-0.062786811	-0.0857076872	-0.0197362945	0.1103957486	0.122734436	0.0349397127	0.0284118945	0.0090972489	-0.1211770447	0.0714733661	0.0030194871	0.0055818797	-0.0761503251	-0.1344939241	0.0594870388	0.0185646766	0.0901009252	-0.0602628848	0.0328224337	0.0634403146	0.0732631069	-0.1707355075	-0.0744082691	-0.0038202203	-0.037797395	-0.0382281711	0.0818369941	-0.065697921	0.0199215391	-0.0832445341	-0.0841572789	0.0955654585	-0.0770147918	0.0378277335	0.1112626379	0.0397056605	-0.0516686902	0.0555075589	-0.00239388	-0.1783661309	-0.0807231288	0.0039783447	0.0044402109	-0.0752315713	-0.0180405443	-0.1834095417	-0.1308186472	-0.025365491	0.0653744883	-0.0060922033	0.0963963771	-0.0634910683	-0.0167728984	-0.1254654379	-0.0680121145	0.0793635911	0.0217697098	0.077840683	0.0593015679	0.0688584623	-0.1036874404	0.0031466841	0.0272382754	-0.0238362628	-0.1197528802	-0.033748188	-0.0484585217	0.1420718587	-0.0440398899	-0.0945099773	-0.0706510576	0.0413675081	-0.0160470592	0.0944549502	0.0425991525	0.0623401064	-0.0658396808	0.1059166525	0.1939982607	-0.0443737793	-0.0583667671	0.0872229042	0.0954416933	-0.0584231604	-0.0603111373	0.0267380311	-0.0326167764	0.0754637172	-0.0055611288	-0.0973495395	0.0956469977	-0.0985675593	0.0178223607	-0.0557497651	-0.0570711685	0.0265909439	-0.1652866403	-0.0688541749	0.0045114267	-0.0862120071	-0.096973176	-0.0787910653	-0.010800945	0.0841999012	-0.102024546	0.1021892521	0.0549129161	-0.0356143473	0.0822393066	0.0083582388	-0.1633513122	-0.0091586282	-0.0235415604	-0.1448884828	0.016118408	-0.1381322459	0.0785061203	0.0132542121	0.1328387134	0.12547346	-0.0499357945	0.0708510645	-0.0079649079	-0.0154243593	0.0896426278	0.0637895667	0.0127177265	-0.0896586316	0.0244851239	0.0326340482	-0.0304660564	-0.092904895	0.0207158707	0.0138044775	0.1817464607	0.0324920787	-0.0499484441	-0.089965511	-0.0179476587	0.0797194042	-0.0997713604	0.0680667272	-0.0224686191	-0.0277156827	0.0722427837	0.1003280062705442	-0.0018807021348977	3.5370405202087744e-06	0.0100657088422223	0.1241486817082346	-0.0607007022801725	0.0036845752573061	0.0154128951698925	0.0835784245846724	-0.0038983045926528	0.0069853530560557	1.5196778697098617e-05	-0.0004412444116797	-0.0007704281590621	5.935595482758164e-07	1.946966308385646e-07	-0.0010298238339654	9.49769151387999e-05	9.020614409282798e-09	1.0605371290031958e-06	0.0014677780745068	0.0002530915637679	2.154372476002889e-06	6.405533965048099e-08	0.0	0.0	0.0	0.0
1169.3832663291623	0.1115083449110443	0.0124341109848004	1367457.2235706607	1513.8978207555738	-16.44542080772544	270.4518655431689	2291886.611688476	1100.1521699964146	2.405566207229868	5.786748777366289	1210334.79714782	1129.0113158004988	1255.2188796539012	1.158846	25.065777	0.1821398641099963	0.1006282206493647	0.0677249357	-0.0905526093	0.0806966187	0.049020565	-0.0683283999	-0.0121402822	-0.0053391669	0.0060876713	0.0099498476	-0.1188345962	-0.0232951977	0.0564332647	-0.0960585796	0.0384260561	-0.0802075744	-0.0368831015	-0.1033667599	0.0943828235	-0.019940097	0.0600367244	-0.1547741677	0.1268609686	-0.0150757852	0.0133906553	0.1213718278	0.0638728715	-0.1182662317	-0.1097596346	0.071850361	-0.0778705784	0.0362130525	0.0200769222	0.2048917519	0.0090708414	-0.106147051	-0.0505037235	0.0687203795	-0.0212583581	0.0575926979	-0.0933521095	0.0075817765	-0.1275688651	-0.0023676199	-0.0687048679	0.0257455977	0.0282335914	-0.0884416295	0.0905112992	-0.0047285923	0.0503260972	0.0789802098	-0.0475216654	-0.021886886	-0.0940688866	0.0631918189	0.0451378409	-0.110737282	0.0248269434	0.0494899722	0.1014450851	-0.1078081141	-0.0677487298	-0.0275271172	0.0789142947	0.077767627	-0.0174969644	0.1466935687	-0.0501178416	0.0193506327	0.0485117199	-0.0938626332	-0.0217417464	0.0277377592	-0.082712811	0.0117170913	-0.1012162378	0.0399448003	0.0149829023	-0.1161715692	0.2614185122	0.0255846468	0.076044681	0.1032112973	-0.0135127923	0.0085159144	-0.0995659992	0.07453307	0.069108063	-0.0769391778	0.0027346378	0.0455428589	0.1230170576	0.0224428557	0.008927736	0.1460832478	0.0369087485	-0.0617685951	0.0528956057	-0.0195100084	0.104813306	-0.0407599867	-0.0646981569	-0.0814754423	0.1159337278	-0.0310156873	0.0494467772	-0.0298592276	0.0129745796	0.0050844946	-0.0595774936	0.0595698761	-0.0291081576	-0.0263786058	-0.0201431895	-0.0418830866	-0.1237545168	0.0337721055	-0.05066823	0.1122792394	0.0636473361	0.0006615929	-0.0098959307	0.0055642929	0.0222398226	-0.1087783137	0.0886362609	0.09221956	0.1747593255	-0.0332970673	0.0693673065	0.1968554882	-0.1007745152	-0.0563401048	0.0421327447	-0.0763879103	0.0141391364	0.0207724223	-0.0093354981	-0.0530765761	-0.0384947776	0.018518791	-0.0238949253	-0.055269624	-0.0052542849	0.0570900699	-0.1092206701	0.0011060062	0.0325267035	0.0668653756	-0.0588237598	-0.094331128	0.0648355847	-0.1007008652	0.0714208455	-0.0287576717	-0.019294242	0.0637307152	0.1029332702300394	0.0026052639594952	6.787400298644618e-06	0.0105952581202503	0.0364788499792183	-0.0876698317290163	0.007685999395394	0.0013307064958063	0.0365307034462176	-0.0470477211384548	0.0013344922942754	0.0022134880643218	-0.0009359758800093	-0.0004947314683296	2.4475922575556204e-07	8.760508479591837e-07	-0.0012267837693762	-0.0001969599354108	3.879321615702653e-08	1.5049984168048776e-06	0.001672427616427	0.0002046495419202	2.797014132187696e-06	4.18814350081477e-08	0.0	0.0	0.0	0.0
1169.667713027888	0.2844466987257874	0.0809099244159988	1368122.55889989	1522.8319284324707	8.934107676896929	79.81827998238863	2319017.0822533574	1100.3457294108164	0.1935594144017614	0.0374652469035527	1210760.7242326215	1130.5448475568248	1258.1439487089	1.139835	24.654587	0.1430140829901376	0.0948315097678478	-0.0814925359	-0.0509420224	0.1157297568	0.057272246	-0.1678720564	-0.0456753415	-0.0097183388	0.1799643206	-0.0476052816	-0.0482362349	-0.0677014011	0.1152546644	-0.0854835404	-0.1398857453	-0.1241191862	-0.0604941893	-0.0729054102	-0.1339237797	-0.0302177826	0.005076137	0.1017617163	0.077877846	0.0950048742	0.0749479517	-0.0558887259	0.0342487761	-0.014578525	0.0467908679	-0.0628327203	0.1587714863	0.0125573191	-0.0195422949	0.0948959862	-0.1573241216	-0.0096406903	0.0008494439	0.0462206834	0.1664719158	0.0200401244	-0.0232317568	-0.1173133494	0.0004512535	-0.0478703078	0.0023287065	0.0168094569	-0.0737355734	-0.1035826796	-0.011611348	0.0747591472	-0.0415197388	-0.0052708891	-0.0012194333	0.0634922843	-0.0840120357	-0.181175805	-0.099798104	-0.0580868663	-0.0682724482	-0.0511263385	0.0552185088	0.0115813146	-0.0379979223	-0.01280323	-0.0177320584	0.0657570745	-0.070772413	0.042348713	0.0875526355	-0.1580312532	0.1007025307	-0.1370806673	-0.030865936	0.1141390614	-0.1686013128	0.1259268559	0.0680063023	-0.0035974419	0.0572785563	-0.0861156538	-0.0282368616	-0.0785093296	-0.0613269013	0.0151687943	0.0982000195	0.1149838352	-0.0372673982	0.0302823109	0.006239604	0.0856698639	-0.008018212	0.0952404083	-0.0446036038	0.1122806509	-0.0534029746	0.0085329448	-0.0365506934	0.1280869044	0.0926755523	0.0384663657	0.0465681192	-0.0593696104	-0.1128035901	-0.0465701308	0.0021853719	0.0236171234	0.0760232672	0.0205252379	0.0270332431	0.1043893898	-0.0805846516	0.0654030663	-0.0879351132	0.0293782541	0.0882868791	0.0617643141	0.2045350482	-0.0798584239	0.0350660808	0.0352756076	0.0295836554	-0.0035068447	0.0558396309	0.0713112627	-0.129462849	-0.0204488856	0.1015278164	0.1651883007	0.0230689024	-0.0834992234	-0.120696021	0.0110146946	-0.1347969927	-0.0659587733	-0.1199437828	-0.0424586566	0.0542376072	0.047493654	-0.0826326749	-0.1205792863	-0.0329079385	-0.0281221236	0.1016222722	-0.0948665207	-0.0789225784	0.0386347497	0.043678516	0.0900783926	0.0496326234	-0.1077920645	0.0230568078	0.0044653701	-0.0311977693	-0.1015925006	0.0746675401	-0.0349494174	-0.0107567634	0.0546199342	0.0936969909104448	-0.0092362793195946	8.53088556695709e-05	0.0087791261056719	0.0112409632262711	-0.0252378867529472	0.0006369509277545	0.0001263592542543	0.0122775871863467	-0.0242531162598709	0.0001507391471183	0.0005882136483148	0.0006340349906677	0.001570010870677	2.464934134043952e-06	4.020003693909905e-07	-0.0012829899178421	-5.62061484659e-05	3.1591311253707924e-09	1.6460631292844787e-06	0.0016129086224154	-5.951899401159997e-05	2.6014742242619438e-06	3.5425106481528732e-09	0.0	0.0	0.0	0.0
1163.3595087071014	-6.308204320786672	39.79344175279164	1353405.3464992284	1505.6884043614714	-17.14352407099932	293.90041757293307	2267097.571028594	1098.0454774133698	-2.300251997446594	5.291159251757046	1205703.8704679552	1126.7534310272845	1228.7622035314096	1.197457	25.900934	0.3052708138887522	0.2004670633131407	-0.0937014757	-0.0508597793	-0.0625524163	0.050482924	-0.0087355253	-0.0099777348	0.0732357693	0.0105157291	0.0612818309	-0.1293588847	0.0515431654	-0.1821773429	0.0095580311	-0.1250700504	-0.0332140219	0.1472785909	-0.0727486473	0.0195842243	-0.0561118921	-0.0663023798	0.0454846414	0.106857961	0.0684944906	-0.0961843338	-0.0300254898	-0.0066980104	0.0365267727	0.1153818923	-0.0449480154	0.045297321	-0.0012149237	-0.1789657872	0.0193300529	0.0221430052	0.0002596655	0.0219735391	-0.0943670804	0.0342603048	0.0655284263	-0.0626275784	0.0190363662	0.0769515918	-0.1231542685	0.0752871822	-0.1615581752	-0.0162871549	-0.0211459456	0.0545168176	0.1004251758	0.1725089644	0.0767958363	0.1300748692	-0.1678990855	-0.0460345226	-0.1361615594	-0.0873532272	-0.1445529898	-0.0026987272	-0.0109375608	-0.0142684844	0.0414377466	-0.0551593067	-0.1379948442	-0.0473472809	-0.0787544355	-0.0271178917	0.0872342699	-0.0905451997	0.1227128194	-0.047012439	0.1165867027	-0.0056716038	-0.074198741	-0.01533287	0.1360135385	-0.0658496493	0.076206895	0.0487578678	0.0726095852	0.0237070362	-0.1516448724	-0.1119132238	-0.0420135784	-0.0998711603	0.0051041992	-0.0172301744	0.0269108142	0.0597149369	0.1453058357	0.1339621583	-0.0761891479	0.0403554754	0.0156604379	0.0215003847	-0.0199643551	-0.0714992207	0.1439760346	-0.0440040562	-0.0315998961	0.0743881379	0.0382833761	-0.0707180461	0.0030425699	-0.1418130787	0.0544106987	0.1486340469	0.0608387367	0.1248725972	-0.0309453589	-0.1283554523	-0.0562936556	0.1701877307	-0.1013613257	-0.0186957998	-0.007652923	0.0891527763	-0.0836600134	-0.1302464994	0.1103636185	-0.0821394757	-0.0578146165	0.005107924	0.0644899758	0.1249604519	-0.0216014471	-0.0633049644	0.0125991231	0.0694773016	0.0832144437	-0.0654921011	-0.0779893973	-0.023697483	-0.0321195577	0.1220669313	0.0471653732	-0.078720533	0.1568822193	-0.0714213648	0.0951277097	0.0069979637	0.0974890049	0.0721768591	-0.0897355659	-0.0265298956	0.1119843676	0.0116558539	0.0511235236	0.0373746226	-0.0437801457	0.119715651	0.1020634371	-0.0627476022	-0.1024459312	0.0778019275	-0.0410229053	-0.0021545924	0.0449960313	0.0992055056780145	0.0055085147675697	3.034373494453356e-05	0.0098417323568305	0.1872982681898634	0.1760573049635923	0.0309961746310433	0.0350806412669219	0.0954634928869069	0.0831859057005602	0.0091132784741685	0.0069198949072224	0.0002527604550353	-0.0003812745356324	1.453702715217023e-07	6.388784762965193e-08	-0.0012838506908887	-8.607730465999205e-07	7.409302377529089e-13	1.6482725964953924e-06	0.0011846621619538	-0.0004282464604616	1.4034244379650511e-06	1.8339503089788876e-07	0.0	0.0	0.0	0.0
1162.384447815983	-0.9750608911183464	0.9507437413885036	1351137.6045244678	1509.1667301542757	3.4783257928042985	12.098750320887651	2277584.2194045484	1095.5914461828174	-2.4540312305523457	6.0222692805262605	1200320.616948957	1123.5490465744615	1223.1932160499346	1.178259	25.485695	0.1857965801150101	0.1257601044721201	-0.0022823182	0.0599490304	-0.1141361896	-0.0169479802	0.078336844	-0.0709730098	0.0178556058	-0.0233692173	0.0471222229	0.0079294101	0.0427060784	-0.1594843451	0.1044368991	0.0970715752	0.1217919221	0.0676843749	0.0059695004	0.0136615623	0.0518372292	-0.0954308967	-0.1427440489	-0.0433628395	-0.05125223	-0.0189256976	-0.0164768211	-0.1528978728	-0.0030999979	0.0089546106	-0.046734766	-0.0336191577	-0.1781265166	0.0283263798	-0.1487875313	0.0779526245	-0.0109346372	0.0339918431	0.0265491973	-0.0271663842	0.0126732074	-0.0440664131	0.0166545328	0.0005763188	-0.0177047161	-0.1710811449	-0.0390957477	0.1218356621	0.0186283975	0.0730842239	-0.1911347239	0.0008415255	-0.0035249432	-0.0418559129	0.0327472678	-0.0634908204	-0.1276298821	-0.1151884968	-0.0791359089	-0.0899486252	-0.0378159368	-0.0231453527	-0.0433567618	0.0907781896	0.0167809948	-0.011450647	-0.0573653756	-0.1017681253	-0.0095008704	0.1126120034	-0.0020757925	-0.0747708539	0.0113446438	0.0117008196	-0.0863544933	0.1395825315	-0.0136084572	0.070702108	0.0278063759	-0.003526087	0.0682923708	0.1130030185	0.0649641082	0.0321159147	-0.1105075538	-0.06863153	-0.0644817434	0.1721804511	0.0742267836	-0.0417944324	-0.0308464386	-0.0606657941	-0.0535919843	-0.0886823242	0.0920134399	-0.0459768803	0.0663855119	0.0577744126	0.0873509609	-0.1772251892	-0.1340104743	0.1033504159	0.0152616113	0.0513350557	-0.030399617	0.1261409448	0.0018028713	-0.0732976878	-0.0532160045	0.0973527816	-0.1153341867	0.0606611996	-0.024331979	-0.082869979	-0.0601093481	-0.053730731	0.0296015045	0.1531305457	-0.0112251052	0.0276171167	-0.0227345676	0.0708041263	-0.074756173	-0.0269459096	-0.0281780375	0.025647635	-0.0103919735	-0.0204137316	0.0680906844	-0.0794760742	0.0848766988	0.1138523749	-0.0478282512	0.0542763128	-0.0070905164	0.0171866099	0.0195779578	0.1358313296	0.0624981883	0.0793553815	0.0785922482	0.1717353619	-0.0161861429	0.045636618	-0.0150410061	0.0985620015	0.10333149	0.082237893	-0.108685445	0.045996229	0.0899310905	-0.0686691455	-0.0144690289	0.0790197537	-0.103260836	0.0808192935	-0.0469575846	0.0064605365	0.0349494174	0.0936512906193343	-0.0055542150586802	3.084930491806991e-05	0.008770564234667	0.066730615236537	-0.1205676529533263	0.0145365589386737	0.0044529750098467	0.1174990467041254	0.0220355538172185	0.0138060259763782	0.0004855656320315	-0.0001490145352881	-0.0004017749903234	1.614231428493682e-07	2.22053317271284e-08	-0.00128461560536	-7.649144713000027e-07	5.850941484041628e-13	1.6502372535344393e-06	0.0015349054228748	0.000350243260921	2.3559346571704688e-06	1.226703418205758e-07	0.0	0.0	0.0	0.0
1166.1616959994851	3.777248183502024	14.267603839769343	1359933.1012163956	1500.1247970853092	-9.0419330689665	81.75655362366996	2250374.40683024	1099.2250687604455	3.633622577628103	13.203213036648696	1208295.7517914062	1127.2930176952875	1226.8060132923547	1.174703	25.40877	0.1682913762493987	0.0924187389626488	0.080297523	-0.059470834	0.0251083231	-0.0498778878	0.0256598773	-0.030486682	0.0228447497	-0.0742862971	-0.0469586833	-0.0859165526	-0.0353533356	-0.0138222291	-0.0079082634	0.168463879	-0.0120871953	-0.0856531194	0.0130839826	0.1444173409	-0.0718341998	-0.0197007615	-0.0400556078	0.128168271	0.0343026951	0.010047971	0.0145909637	-0.0646243121	0.0532897721	0.0042370038	-0.0252140789	-0.0023286156	-0.0713171175	0.1098362142	-0.0558097797	0.1869484593	0.0088911067	-0.0479323208	-0.0058404592	-0.048510362	0.1605622575	-0.0058452572	0.043874056	0.0517967964	-0.0014948535	-0.0719627454	-0.0679005165	-0.157132428	-0.0229569971	0.1282074172	-0.0214869616	-0.0213749409	-0.0457182581	0.1203387102	-0.0795423823	-0.0299189546	0.1241741656	0.0548398377	0.1055006887	-0.0393792351	-0.0612414988	0.0038997657	-0.0238004436	0.1953177288	0.0641892094	0.0850159262	-0.0330451906	-0.0158103031	0.014429286	0.0782473051	-0.0598802604	-0.0062416166	-0.0137774137	0.0191561676	0.0532531922	-0.0010489819	-0.09873273	-0.1232854243	0.0479952932	0.0504396775	0.0145355129	0.0642377355	-0.1180270889	-0.0390178632	0.0458882253	-0.0766763621	-0.011030554	0.0933350719	-0.0237559654	0.0143495382	0.0299787549	-0.1305900774	-0.0436053345	0.0326680202	-0.0017230253	0.0964093431	0.0352251348	-0.0054254686	-0.1316902303	-0.1881341685	-0.0382099134	-0.0415059191	-0.0854066654	0.0468507359	-0.1236707602	-0.0805990444	0.0096873209	0.0621458179	-0.036442107	0.0634955682	0.0158762666	0.1037861399	-0.0501125672	0.0361847432	-0.0425348673	0.0119187349	-0.0247914063	-0.048991847	0.0320051403	0.2819263429	-0.0820461247	0.1112319555	-0.0704697644	-0.038568412	-0.0570603417	0.0008075948	-0.009785547	0.0656347702	0.0459924989	-0.0065807094	-0.0357668035	0.0966161151	0.1378130899	-0.0823273994	-0.0257349909	-0.0384064114	0.0182264901	0.0161828243	-0.0298977111	0.0116099757	-0.1185441749	0.1329536124	0.0365576057	0.0257628664	-0.088474541	-0.1072892197	0.0617920659	-0.0548733548	-0.0387182943	0.1883108059	0.099494336	-0.0094658056	-0.072436459	-0.0924366186	-0.1040369087	0.0837150996	-0.0527333744	0.0150368111	0.0245744743	0.098836334603078	0.0051850439837436	2.688468111335672e-05	0.0097686210377715	0.0048614998647735	-0.0618691153717635	0.0038277874368845	2.363418093519276e-05	0.0479644139022639	-0.0695346328018615	0.0023005850009876	0.0048350651588897	-0.0007269785825489	-0.0005779640472608	3.3404243992608425e-07	5.284978594848078e-07	-0.0012855792155925	-9.636102325000402e-07	9.285446801787816e-13	1.6527139195634275e-06	0.0015900294472221	5.512402434729993e-05	2.528193643033417e-06	3.0386580602417154e-09	0.0	0.0	0.0	0.0
1169.2709017438203	3.109205744335213	9.667160360607088	1367194.4416648068	1526.1210447030091	25.996247617699964	675.8048902007711	2329045.443085404	1100.511951703486	1.286882943040382	1.6560677090882754	1211126.5558422157	1131.3385940953062	1249.8839699560124	1.276911	27.619528	0.2059222924022204	0.1088833165947644	-0.0923414666	-0.0431029846	0.1428815703	0.0027292956	-0.1413679012	-0.0399659593	-0.0586973549	0.1596889819	-0.0952825122	0.003928018	-0.1163225125	0.1688235517	-0.0981326394	-0.1264236474	-0.1309925583	-0.1428980944	-0.0851930317	-0.0638684871	-0.0587056087	-0.1603134606	0.049647374	-0.1219064356	-0.0659287331	0.0765525628	-0.0787204772	-0.0297404318	-0.1206698914	-0.0683259674	-0.0307320343	0.0649573108	-0.0094552102	-0.0397335607	0.0725138478	0.0522944246	0.0210758283	-0.0157053963	-0.1254627388	0.0830106617	0.124978704	0.0311809943	0.121561834	0.0760787993	-0.0617719054	-0.1244971694	0.0217541093	0.1249712837	-0.1088086824	-0.0220046717	-0.0061269005	0.1116180376	0.0159687204	0.0283618935	0.0353830115	0.0108760082	0.1460586411	-0.0945426981	0.1596388465	0.0401381816	0.0225097709	0.0990048099	-0.0937039366	-0.0753539208	-0.0626439849	0.1201711244	0.1390505169	0.0299288948	-0.007413394	0.0807358872	0.049797428	-0.0486651325	0.1557961432	0.0157020677	0.1749732939	-0.1898807193	0.0447184378	0.0621525256	0.0342866687	0.2142969501	-0.0688617032	-0.0671977356	0.0686392656	-0.0092498158	-0.100721248	0.1357218914	-0.0328209233	-0.0094416928	0.039366272	-0.087841369	-0.1173310573	-0.053230552	-0.029871125	0.1024335998	0.0259576728	0.0143635278	-0.0163026467	0.0624967523	-0.0020949053	-0.1213691455	0.0322238719	-0.0372506222	0.1201173472	-0.1163795548	-0.0300625201	0.0300025355	-0.0490414348	0.0740725218	0.1887757925	-0.0016445934	-0.0724019688	0.0170389806	0.0409279957	0.0533293967	0.0635181557	-0.0952265722	-0.0864154815	-0.0682343476	0.1942793088	0.0742271594	0.1952808767	0.0884540885	0.0316675721	0.0420620592	0.01105494	0.0249460736	-0.1291084567	-0.0645827813	-0.087830956	-0.094132925	-0.155041496	-0.086903401	-0.0167271284	-0.1197695296	-0.0607124622	-0.0686820503	-0.0784709108	0.061428808	-0.0333397124	0.0478881036	-0.0450334692	-0.1383143206	0.0297897445	0.1528096249	-0.0398643015	-0.1415211298	-0.0821816325	0.078910969	0.0758378913	0.1019281848	-0.0277466337	0.1016291715	-0.0455087738	0.0081741323	-0.1047738574	0.0864849902	-0.0583307311	0.0235226525	0.0139686685	0.0940921122672335	-0.0047442223358444	2.250764557192582e-05	0.0088533255909096	-0.0295421028720994	-0.0344036027368729	0.0011836078812765	0.0008727358421057	-0.0183282159800342	-0.0662926298822981	0.0003359235010107	0.0043947127767113	0.0003448095050242	0.0010717880875731	1.148729704663603e-06	1.188935947550338e-07	-0.0017726496061631	-0.0004870703905706	2.3723756537059685e-07	3.142286626230193e-06	0.0020408077180225	0.0004507782708003	4.164896141940203e-06	2.0320104942579866e-07	0.0	0.0	0.0	0.0
1164.3572183435158	-4.913683400304535	24.14428455842834	1355727.7319086497	1507.491588252483	-18.62945645052605	347.05664764204664	2272530.888651994	1097.0724508067522	-3.4395008967337617	11.83016641863235	1203567.9623191336	1126.4044545922054	1241.9401337378995	1.145666	24.780703	0.3148859848132394	0.2346574042774336	-0.0906367864	0.0103951685	0.0311902546	0.0418844267	-0.097727692	-0.0719749405	0.0282300988	0.1073789814	0.0110690119	-0.1261687884	-0.0038995942	-0.1342026902	-0.101228388	-0.0759207792	0.0027318766	0.1147996869	-0.0550773665	-0.0795895081	-0.0684768653	-0.0176654069	-0.0305672284	0.0209158811	0.1348199858	-0.0341458943	-0.0981481197	-0.0053343372	-0.0699671137	-0.0064246207	0.1565926812	0.0417691266	0.0722417708	0.0765746222	0.0219033129	-0.0138975351	0.1236090681	0.0422764532	0.0447248399	-0.0628543882	0.0089936702	0.1223755486	0.0652571126	0.1181220511	0.0746793673	-0.1530508094	-0.0756771432	-0.0121205752	-0.0063067409	0.0480702933	0.0369812848	0.0747078577	0.0348540907	0.1161148812	0.0567052203	0.0234173323	-0.0390344966	-0.1131502903	0.0448872517	0.0711330118	0.0757374377	0.1172276347	0.069088353	-0.1547610711	-0.0450410055	0.0282180805	-0.0206564712	-0.115521703	0.1294499545	-0.1551477124	0.0295159974	0.0051004869	-0.0241646705	-0.0222102768	-0.0291440076	-0.0048149634	0.1526574705	0.0303626684	0.0058834825	0.0768763524	0.0136591182	0.0074971018	0.0150279543	-0.1728890889	0.055798483	0.0281497086	0.0443608436	0.0247396361	0.050496646	0.129089534	-0.0211348972	-0.0415742852	-0.0433550227	0.0066901724	-0.0761293169	-0.1047909414	-0.1490845507	-0.1063728094	-0.099476548	-0.0052518885	-0.1431680659	0.1299597304	0.0639637284	0.0931101972	-0.0085837837	-0.0190283149	-0.1362195733	0.0788516732	0.0058800652	0.0799700046	0.0208029947	0.0283474665	0.025641525	0.1235324158	0.0390845557	-0.042890476	0.0658548019	0.0663125894	0.1222904403	-0.0622840617	0.1472988072	-0.1674891003	-0.0602238954	-0.008617445	0.0837442429	-0.0262469121	-0.0863428952	0.0472396124	-0.0263408552	0.0889443315	-0.0063286801	-0.208423475	-0.1120615424	0.0305652395	-0.0070570793	0.1539550279	-0.065488966	0.0247801147	0.090337725	-0.2018631754	0.0775263201	-0.0436079634	0.1519297483	0.1648572155	0.015820855	-0.0395573287	0.0291012848	0.0315595769	0.0203876362	-0.0416214391	0.1335897733	0.0789636714	0.0683336539	-0.0076645026	-0.1054714048	0.0891247992	-0.0637307152	0.0318670259	0.0032316354	0.0937663374646575	-0.000325774802576	1.0612922199343605e-07	0.008792126041536	0.1958971476671962	0.2254392505392956	0.0508228556837193	0.0383756924641432	0.0433128909810136	0.0616411069610478	0.0018760065251331	0.0037996260673833	0.0004779432447948	0.0001331337397706	1.7724592665305837e-08	2.284297452449821e-07	-0.0016770915127835	9.55580933796e-05	9.131349210344351e-09	2.8126359422504487e-06	0.0017199025009663	-0.0003209052170561	2.958064612830134e-06	1.0298015833388677e-07	0.0	0.0	0.0	0.0
1159.914343420895	-4.442874922620831	19.73913757805305	1345401.2840735258	1513.866077416913	6.3744891644298605	40.6341121074337	2291790.5003536707	1094.3086931017092	-2.7637577050429627	7.638356652184344	1197511.5157979708	1122.635871224517	1217.933898938607	1.294496	27.999893	0.1313754201584876	0.0767681552964919	0.0024276428	0.045302602	-0.1184999119	-0.034631858	0.0809462028	-0.0367604593	-0.0280049772	0.0016470362	0.025014663	0.0114242039	0.0584693786	-0.174016266	-0.0270671402	0.027566916	0.1949853464	0.0612410462	0.0087147192	-0.030661667	0.0409798726	-0.1146509441	-0.0662524217	-0.0499574454	-0.0507115531	0.0248280401	-0.0232754536	0.0197799994	-0.0104682007	0.0082606354	-0.0130565258	0.0807818076	-0.0552274528	0.0566561589	-0.0109133534	0.1592776355	0.0594131901	0.0425569631	-0.0103691795	-0.0149066068	0.0979463662	-0.0447544047	-0.0720850717	0.0232284687	-0.0335310509	-0.0468807973	-0.0452078629	0.0303887113	-0.0792474763	-0.0744251923	-0.0201194411	0.0088452205	0.0831616622	0.030072526	0.1010498284	-0.0352835356	-0.0814652787	0.0431796242	0.0133661107	-0.02799845	0.0956147564	0.0526558783	0.0252946439	0.0246521923	0.0811414567	-0.0787178621	-0.0797158793	-0.1585039469	0.1288393411	-0.0726272506	0.0534639979	-0.0320791369	0.0972097288	0.0535296542	-0.045057791	0.1964851596	-0.0032436026	0.1008116565	0.0080798136	0.0596259805	0.0279144254	0.0419659623	0.0272019071	-0.0424904093	-0.0794025762	0.0146797441	-0.041441579	0.016275103	-0.0440709088	-0.0071685774	0.0408098002	-0.125420531	-0.0906049701	0.0123051075	0.0189185363	-0.0545055184	-0.0431275053	0.0393601166	0.0115044875	-0.1523376416	-0.1047812549	0.0329151037	-0.0798895133	-0.0385828582	0.0527397788	0.0781425182	0.0315269397	0.0100684901	0.0514273093	0.0210970568	0.1155912686	-0.0649072203	0.0513988279	-0.0414264683	-0.088886348	-0.0521585652	0.0312462902	0.0036032027	0.0343149887	0.0077755963	-0.022443575	-0.1286573755	-0.0877672574	0.0463756765	-0.0633609269	0.0340717478	-0.0974570613	0.0058462047	-0.0232794482	0.0498765767	0.0860042116	0.0871907857	-0.0496383234	0.0838034974	0.0255462892	0.1177288075	-0.1781570741	0.0703601877	0.0805814649	0.0493115068	-0.0544833527	0.1146143366	0.0340522293	-0.0128160265	0.1291219341	-0.0087182536	0.0966166139	0.0592568911	0.1167495099	0.1064988073	0.0097091744	0.0710391478	-0.0623552266	-0.044027284	-0.1061292888	0.091630556	-0.0689150546	0.0400197472	-0.007535757	0.1006979276931332	0.0069315902284756	4.804694309549978e-05	0.0101400726416914	0.1732658928338537	-0.0226312548333424	0.0005121736953316	0.0300210696195124	0.090475958121118	0.0471630671401043	0.0081858989979342	0.0022243549020619	-0.0004375942507719	-0.0009155374955667	8.382089057885452e-07	1.9148872830862053e-07	-0.0015703948343455	0.000106696678438	1.1384181189701996e-08	2.46613993573903e-06	0.0017906584860929	7.07559851265999e-05	3.2064578138165164e-06	5.006409431235627e-09	0.0	0.0	0.0	0.0
1166.076815363176	6.162471942280945	37.97606043939988	1359735.1393275263	1509.4663688622572	-4.399708554655717	19.3574353659107	2278488.718726208	1097.1074762061369	2.7987831044276845	7.833186865629867	1203644.8143473992	1125.7269746410611	1226.21016252831	1.320869	28.570335	0.257900774250407	0.1871439845275711	0.0717173354	-0.0735050672	0.0822596575	-0.1081379197	0.0554176361	-0.0306477529	-0.0151588142	-0.1044736555	-0.1321162331	-0.0219787328	-0.049393402	0.0286785152	-0.1006222229	0.0812271978	0.1026168813	-0.1517241941	0.0009152808	0.0976863063	0.0165420895	0.0189599179	0.1160387187	0.0505330836	-0.0141663734	-0.1219502952	0.0541470998	-0.0786074698	0.0422322661	-0.0658961456	0.0821033673	-0.0845530141	0.0435118886	0.0361770977	0.0254983367	0.0059513971	-0.0253985839	-0.0162627222	0.0737045754	-0.0394921797	-0.0457118127	-0.0620074387	0.0807781476	0.140497439	-0.0162129551	-0.2151547321	-0.0305526909	-0.0309029745	-0.1081565262	-0.101353617	0.0793102416	-0.0426292542	0.0798540682	-0.0058903413	0.1168991598	-0.010743666	0.0152798778	0.1042265722	0.0844891947	0.0780394282	0.0562295417	-0.1440477743	0.145213975	-0.0504190335	0.0856809356	-0.0810812467	-0.0257400817	0.0836457021	0.0305800436	0.0114860995	-0.0768194925	0.0010195862	-0.0992624472	0.0977236099	0.1109666646	0.095905709	-0.1390911132	-0.0707596645	0.0569474467	-0.0276008802	-0.0269068357	-0.0846587276	-0.0828104186	-0.0018609933	-0.0276789348	-0.109235825	-0.0113414708	-0.0141908644	0.0758052882	0.1194317083	-0.0972518475	-0.0091503039	0.0323058844	0.0776245553	0.0060978782	-0.0489746525	0.0359901209	-0.0119335967	-0.0641462808	0.0125067927	-0.1217389477	-0.0590898025	0.0336320092	0.0557758552	-0.1707742137	0.0004104917	-0.1000578941	0.0176675372	0.132094173	-0.1220917067	0.1019776665	0.0343230064	0.0436669901	-0.0321855438	0.0566110975	-0.1036338358	0.1098944515	-0.0442278616	0.0189099826	-0.0312306151	-0.1841939112	-0.1475205634	0.0454341837	0.0110831849	-0.0681270111	0.0262331257	0.014936224	0.0453702825	0.0196745223	0.0382578074	-0.1167050726	0.0032121676	0.1104838974	-0.0802955476	0.0225667356	-0.0270448147	0.0336606454	-0.0181437392	-0.0118233267	-0.0111511431	0.0152848616	0.0136273784	0.2163245863	0.0048897234	-0.0712030327	-0.0643238392	-0.0536432008	-0.1191545151	0.0521240004	0.0926294598	0.0346172939	0.1851857853	-0.086222136	0.0724524543	-0.106747262	0.0939984918	-0.0738662073	0.0479317851	-0.0182323554	0.1011309201661134	0.0004329924729802	1.8748248165751246e-07	0.0102274630136448	0.0005573599279955	-0.1727085329058582	0.0298282373384939	3.1065008933514896e-07	0.0219263609279494	-0.0685495971931686	0.0004807653035427	0.0046990472753456	-0.0003468920536732	9.07021970987e-05	8.226888558531423e-09	1.203340969016103e-07	-0.0016828335113494	-0.0001124386770039	1.2642456086387366e-08	2.8319286269205514e-06	0.0019117106455583	0.0001210521594654	3.654637592340932e-06	1.4653625311236645e-08	0.0	0.0	0.0	0.0
1166.4154853516638	0.3386699884879363	0.1146973611024188	1360525.0844681575	1510.9666908301256	1.5003219678683308	2.2509660072683007	2283020.3407981405	1098.6843380786545	1.5768618725176111	2.4864933649997467	1207107.274739331	1127.1961320587243	1236.5155899920908	1.402985	30.346495	0.284633268582403	0.1663462866733707	-0.1086613782	-0.0348132115	0.0748805658	0.1105031184	0.0059931198	-0.0921159463	-0.0288056874	0.0627457529	0.0589033969	-0.0499720109	-0.1127458527	-0.0216186416	0.0954621077	-0.0735598793	-0.0606355247	0.0699076544	-0.0341337339	-0.0158254662	0.0264706781	0.0025597973	0.102904383	-0.0196777096	-0.0120215148	-0.0459629836	-0.0629435736	-0.0335311547	0.0843599571	-0.0557010167	-0.0214691561	0.0107164612	-0.0427031771	-0.021185764	-0.0911108096	-0.0069145499	-0.0841438614	0.0634453438	0.0176207068	-0.1665681183	-0.0430098742	0.0863092847	-0.0861439274	0.1579213376	0.0687996314	-0.1182456936	-0.0173511343	0.0540217176	0.0029027198	0.098866692	-0.1953496273	-0.1093449874	0.0419029762	0.0978587442	-0.0131767665	-0.0250689533	0.1924769801	0.0510443677	-0.0532155007	0.1081688939	-0.1117192246	-0.1035421697	0.0631999034	-0.1434049203	-0.052757621	0.1336902595	-0.0945428274	-0.0615900858	0.056963093	0.0299238159	-0.0392586887	0.082734709	-0.0128289483	-0.0310680393	-0.0651939904	-0.0655909887	0.0427980583	0.0252548684	0.0725239094	-0.0152318748	-0.0023987272	-0.0838579588	-0.033227509	-0.0525031581	-0.0246339511	-0.0714642969	-0.101900539	0.0029611584	-0.0349129437	-0.019835701	-0.0040849534	0.0733294703	-0.0728986789	-0.0928636842	-0.013042968	-0.051521357	-0.0481653911	-0.148582555	-0.0474371777	0.0104398413	-0.0506174976	-0.1188245106	-0.0224681981	0.119500127	-0.0558749238	0.1509180353	0.0023459623	-0.0379569391	0.0141930989	0.1411124197	-0.0978111737	0.1688099529	-0.0713885113	0.0022328727	0.1745176376	-0.1375185143	0.0831810229	-0.1055835679	0.0972524038	-0.0149714611	0.0069588212	-0.0077168891	-0.0341296556	-0.0854256899	-0.0053539034	-0.055039214	0.125261719	0.0399267241	0.1060987459	0.0209661185	0.0527034358	-0.1677993293	-0.0502620162	-0.0611437383	-0.0994950174	0.0814255421	0.0221792392	0.0277359194	0.0431909998	-0.096683087	-0.1048469654	0.0956479446	-0.108633231	0.0707703236	-0.0681571878	-0.0279008442	0.0942720172	0.1213457964	0.0560806076	-0.0234068997	0.1429298467	0.0447266462	-0.0199062142	-0.012132519	-0.1073250918	0.0962250449	-0.0785674201	0.0555555556	-0.0287576717	0.0999787575259176	-0.0011521626401957	1.3274787494629504e-06	0.0099957519564262	0.1529959608720474	0.1524386009440519	0.0232375270577799	0.023407764043161	0.0776371290682647	0.0557107681403152	0.0060275238099623	0.0031036896867839	0.0006581965136228	0.001005088567296	1.010203028109126e-06	4.3322265054520873e-07	-0.0015349900465349	0.0001478434648144	2.1857690088356293e-08	2.356194442961214e-06	0.001558007940512	-0.0003537027050463	2.427388742698444e-06	1.251056035570699e-07	0.0	0.0	0.0	0.0
1159.5457461296648	-6.869739221998998	47.1933169782714	1344546.3373674012	1510.3993533364765	-0.56733749364912	0.3218718317000653	2281306.2065592464	1096.9277985986114	-1.7565394800431022	3.085430944950092	1203250.5953383958	1127.1223906748048	1241.0562044999326	1.385861	29.976114	0.0971361453331315	0.0431933888686869	-0.0389018598	0.0572205446	-0.0337901311	0.0072309136	-0.1507869345	0.0240210697	0.0454947091	0.140661111	0.009081957	0.0695643979	0.0473010997	0.0996468706	-0.0188187478	0.0723620193	-0.0117425349	0.0889726939	0.0145839323	-0.1539770193	0.0523624628	0.0887383553	2.64017e-05	-0.0898891779	-0.0164708056	-0.0859666977	-0.1407403863	-0.0981588129	0.077396324	0.0218642616	0.1060094662	0.1278233929	-0.0767387659	0.0220508752	-0.024302417	0.0173874428	0.032716889	0.036188641	-0.0505595535	0.0051032607	0.0977408075	-0.0058268541	-0.0482525083	-0.0226195456	0.0059099795	0.0489493231	0.1984345978	0.0085710701	-0.0255433072	-0.0075927694	0.0962215003	0.0206619328	-0.1130225547	0.0246535424	-0.0540137092	0.027813053	0.0092858303	0.1225412894	0.0695078499	0.030522353	0.1405826355	0.1635574352	-0.0164421137	-0.0995536105	-0.0110917992	0.0060874204	-0.1424018678	-0.0602122875	-0.0594936168	0.008757424	-0.1083447663	0.0417904478	-0.0181729586	-0.0853009912	0.0288181072	-0.028186941	0.1298508349	0.0886293106	-0.0726239312	-0.1014409291	0.0200168854	-0.090633523	0.078328926	-0.2126942467	-0.1011907704	0.025419787	-0.060668384	0.0195690841	-0.0007678498	0.0711336847	-0.0545434124	-0.0981682747	-0.0125904826	-0.1042780511	-0.0577212859	0.0717221824	-0.0105080226	0.0793249512	-0.0486396981	-0.0679034161	0.0603084286	-0.069853228	-0.0204410798	-0.0452103999	0.0411344304	0.052230382	0.0755383799	0.0637675162	-0.0301535815	-0.0812329369	-0.010693621	0.0017645645	-0.0018518316	0.0926535805	-0.1337157174	0.1843846948	-0.0020501529	-0.1017954376	0.0575657685	-0.0042446814	-0.050435217	-0.1351404876	-0.0596326204	0.0160724185	0.0512379108	-0.141619326	0.0789278675	0.0847157705	0.0443449496	-0.0750194093	0.0016637659	-0.0433386742	-0.0804051633	0.0558657563	0.0282264279	-0.0228715927	-0.2223568261	0.1105067982	0.1046734314	-0.0924307693	-0.136667321	0.1014123254	0.1322437036	0.0819538298	0.087993632	0.0079984486	0.0912484846	0.0218915807	-0.0221578299	-0.0724509335	-0.0203044165	0.0794657669	-0.0516368539	-0.1544879183	-0.1078625611	0.0983068664	-0.0830027857	0.0628452084	-0.0390128266	0.0935423873337839	-0.0064363701921337	4.142686125018731e-05	0.0087501782281036	0.1476492786897552	-0.0053466821822922	2.8587010358440887e-05	0.0218003094976049	0.0499558314370318	-0.0276812976312329	0.0024955850945651	0.0007662542385489	7.386737033944469e-05	-0.0005843291432833	3.4144054769026e-07	5.4563884008646725e-09	-0.0013839287706307	0.0001510612759041	2.281950907780482e-08	1.915258842179401e-06	0.0019760534278739	0.0004180454873619	3.904787149812191e-06	1.7476202950364858e-07	0.0	0.0	0.0	0.0
1160.9739756489157	1.4282295192508627	2.0398395596595504	1347860.5721340491	1505.9609702433331	-4.4383830931433295	19.69924448150055	2267918.443896241	1097.3913181963023	0.4635195976909472	0.2148504174435775	1204267.705252618	1125.40247626345	1217.6117647823294	1.291993	27.945744	0.1944359570607809	0.10896374664204	0.1181926074	0.0479016993	-0.1153545879	-0.0080044684	0.006017889	-0.0145476921	0.0127139012	-0.1415277699	-0.0025760243	-0.0174806056	0.1659444125	-0.0822861797	0.008124302	-0.0435957848	-0.0092026561	0.0618254061	0.0528813765	0.0198466158	-0.033711185	-0.0085889665	-0.0218659413	0.1580900907	-0.1247895743	0.0001775146	-0.0221585735	-0.1072487911	-0.0462922808	-0.0351316202	-0.1422277589	0.072329506	-0.0256640679	-0.0003686082	-0.0499210056	-0.0624850723	0.0695999146	-0.0601474171	0.0642510737	0.0663437463	-0.1722353685	-0.0324284847	-0.0183517306	0.0314336318	-0.0866814901	0.0192600705	-0.049992112	0.0702563948	0.0527581945	-0.0528656685	-0.1170439103	0.01389693	-0.024427823	0.0239551658	0.0641702331	0.1119600987	0.0498939204	-0.0734332019	0.0412076846	-0.0702553322	-0.0059415957	-0.1152049816	-0.0332308648	-0.0028195145	0.1109745188	0.148024932	0.0692922909	-0.0255313367	-0.0940766317	-0.0841002602	-0.0670393784	0.0312415917	-0.0117010026	-0.0636400658	-0.0727570965	0.0264977336	0.0022478583	-0.060851117	-0.0570991906	-0.018462467	0.0747616051	0.0633057288	-0.1532749784	0.0550049398	-0.0346413534	0.0436626926	-0.085529931	0.0498901835	0.0734487582	-0.1066765505	-0.0358664463	-0.1429468573	0.0486227895	-0.018593781	0.1048749645	-0.0373887934	-0.0712953452	-0.0288272528	0.1683975994	0.1282694557	-0.0623301479	-0.0126684129	0.0721966053	-0.0060051322	0.013366587	-0.0317557169	-0.0097940399	-0.0770089715	-0.0022182811	0.0053298768	-0.0232122833	0.0957599512	-0.0754937506	0.0251789779	0.0129564919	-0.085747684	-0.1225886533	0.0859177196	0.0390652027	0.0470494549	-0.0559202947	0.0558939959	0.0566871663	-0.0659518866	-0.021967956	-0.1642659341	0.0056210522	0.0058169035	-0.0955223415	6.5392e-05	0.0533569928	0.0310470429	0.010901473	0.0645340475	0.1185939467	-0.0671953897	0.1801935064	0.0346376281	0.1157265968	-0.0134680767	0.0387033324	0.0972930636	0.0006931946	0.07431299	-0.0836007312	0.0743841805	-0.05825751	0.0819099889	-0.0139743071	0.0721771652	0.0852672914	0.0105907564	0.0001311473	0.1270615262	-0.1083594676	0.100240825	-0.0871572961	0.0697569027	-0.0489014791	0.1023988345500583	0.0088564472162744	7.843665729465465e-05	0.0104855213172102	0.0642964925778386	-0.0833527861119166	0.0069476869526189	0.004134038957812	0.118697475162449	0.0687416437254171	0.0140890906099401	0.0047254135820721	0.0002980554181136	0.0002241880477741	5.0260280764786946e-08	8.88370322668729e-08	-0.0013412668852561	4.266188537460007e-05	1.820036463715515e-09	1.7989968574846002e-06	0.0015732017608792	-0.0004028516669947	2.4749637804334152e-06	1.6228946560040885e-07	0.0	0.0	0.0	0.0
1158.8823710307086	-2.091604618207157	4.3748098789055065	1343008.3498857568	1499.6643185855116	-6.296651657821485	39.647822099946055	2248993.0684385467	1096.8695278811183	-0.5217903151840346	0.2722651330198542	1203122.7611941474	1126.0537336873028	1226.3787096309386	1.236133	26.737505	0.160906697953752	0.0815734019559481	0.0475641059	-0.0673882558	-0.0722434618	-0.0084929344	-0.0262874584	-0.0386389687	0.0478090964	-0.0251131427	0.0838774655	-0.007341671	-0.0585639781	0.049117722	-0.0472907007	0.1260911675	0.0599328465	0.0258752654	-0.0067491255	0.0595314106	0.0152617568	0.0860579558	0.0145585322	0.1304417693	0.0430834292	-0.0486232882	-0.0300858082	-0.0078452723	-0.0818037511	-0.0878474318	-0.0393395886	0.0965956772	0.0263716025	0.0042982652	-0.1000229726	-0.0564863698	-0.0607322555	0.0656055595	-0.059394565	0.0265857649	-0.0683147013	-0.0761578322	0.154543163	-0.0976482817	0.0167929602	-0.0466298778	0.0275893795	-0.133224565	-0.0101839106	0.0540555395	-0.0337844133	0.08219294	-0.1355044287	0.1048228613	-0.0078661077	-0.0560654053	-0.1096287475	0.0828235388	-0.011821942	0.0999496336	-0.1430491102	-0.0694096321	-0.0282893482	0.0168510429	0.0104885275	-0.0177474849	-0.0965320601	0.0601267813	0.0880263671	0.0378940965	-0.0319219175	-0.0144439038	0.0588971639	0.1014843114	0.0191880423	0.0622054423	0.0535531853	-0.0708717521	0.0036042381	-0.0385554985	-0.0934121505	0.0511277992	-0.0781590341	-0.0790070727	0.0789849902	-0.0082798206	0.019022354	-0.0764119611	0.0380233848	-0.1043725228	-0.091538654	-0.0127263031	0.0673387525	-0.0916788503	-0.0753243621	0.033987288	0.1069959727	0.0123189447	0.1021073189	-0.0660412476	0.0544618022	0.0419265486	0.0867136679	0.0707085762	-0.1351418407	-0.0788512217	-0.0210502779	-0.0626722691	-0.0053929273	-0.0749133873	0.0866708533	0.0749911017	-0.0633302041	0.1514401145	0.0033669732	-0.005031874	0.1471597617	-0.0393472963	-0.0645400477	0.0180953629	-0.0481413998	0.0583375042	-0.1595744197	0.0367382766	-0.1422526087	0.0848495914	0.0080175935	0.1156820741	-0.0090526847	-0.0361771227	0.0297067275	0.1561523933	0.0606751173	-0.0859522589	-0.033641443	0.0302839785	0.0207645279	0.0382927292	-0.0272089596	0.0023861204	-0.0786066631	0.1818865714	-0.0079608185	0.0069620871	-0.1127781712	0.0329168546	0.0613278448	-0.2140355981	-0.0394776718	-0.0252291064	0.1202587784	0.0160405971	-0.002824468	-0.0736020775	-0.1088156246	0.1020240119	-0.0910168938	0.0762490709	-0.0583307311	0.1020578048505598	-0.0003410296994984	1.1630125594003277e-07	0.0104157955309149	0.0242663880318474	-0.0400301045459911	0.0016024092699629	0.0005888575881121	0.1002591236014467	-0.0184383515610022	0.0100518918653301	0.0003399728082871	-0.0010349238612368	-0.0013329792793504	1.7768337591775117e-06	1.0710673985572874e-06	-0.0010710474308814	0.0002702194543746	7.301855352256053e-08	1.1471425991976476e-06	0.0020119472700993	0.0004387455092201	4.047931817660026e-06	1.924976218608051e-07	0.0	0.0	0.0	0.0
1163.1035241576983	4.221153126989748	17.818133721495325	1352809.8079080577	1507.493696537358	7.829377951846254	61.299159112856245	2272537.245099868	1097.6462298839474	0.7767020028290972	0.6032660011987309	1204827.2459784434	1126.749554819755	1226.3683399416643	1.257909	27.208513	0.2396338313440798	0.1393172781182313	-0.0224614173	0.0168586278	0.0344470675	-0.085754666	-0.0296740676	0.0859573342	0.0230674724	0.0436324853	-0.0833357425	0.0283378925	0.0276062656	0.041943714	0.0273160444	-0.0570277904	0.0419203218	-0.1341301788	0.0366024439	-0.0169347509	0.0966188997	0.0150339432	0.0423403878	0.0129893113	0.0283862844	0.0454198965	-0.011146654	0.0094775768	0.0406497997	-0.0207254515	0.1158631412	0.0630825579	-0.0701020566	0.0036069725	0.0544212547	-0.1093487415	0.0179440608	0.0549201181	0.0513325224	0.0841107193	0.0208409996	0.0102494222	0.0150528886	-0.1457470237	-0.0241614934	0.1367331952	-0.0025819998	0.0667955536	-0.0542552059	0.1189155561	-0.0385052557	-0.139558485	0.0285669634	0.1615316615	-0.0246025162	-0.047933813	0.0187646036	0.0838248531	0.0268805053	-0.0947143313	0.046507111	0.029202694	-0.0818363826	0.0054220029	-0.0398243041	0.0179933482	0.1105600988	-0.0357033333	-0.1042663157	0.074522149	-0.0197608083	-0.0876422875	-0.0390540389	0.1758696292	0.1165042112	0.0215175467	-0.0619980139	0.069492046	-0.0288946195	-0.0357747393	-0.1061482295	-0.0006250772	-0.0330286064	0.0117028868	-0.0475033319	0.0385578718	0.0556792656	-0.0293274324	-0.0179918329	0.045999378	-0.0641983497	0.0257801062	-0.0185290564	-0.119307578	0.0118301572	-0.0055994273	-0.0002679056	0.0745969062	-0.027702874	0.0727589015	0.1403439732	0.122966179	-0.0589029413	-0.0359525486	0.0438657612	0.0552412483	0.1728277623	0.0784992152	-0.0340443645	-0.0364089068	0.0733977603	0.0384789792	-0.1028717159	-0.0258324012	-0.0517396755	-0.0140125111	0.0217708744	-0.0607967036	0.0085120796	0.1023192069	0.0706402021	0.1288662179	0.0527156528	-0.0545311415	0.0183052065	-0.0836972454	-0.0501510528	-0.0733656738	-0.051670731	-0.131965453	-0.1102021828	-0.0312160385	-0.0346665466	-0.0325024348	0.0429115458	-0.1550527748	-0.0085908164	0.0624833716	-0.0490709387	-0.0017992271	0.1119201883	0.085120493	-0.0279569463	-0.0192121917	-0.0166346216	0.0611844215	0.008843573	-0.0802980049	0.0382156166	0.0048620115	0.0002988279	0.1873359119	0.1945461017	0.2157609069	-0.1092308605	0.103653745	-0.0945685192	0.0822826681	-0.0672120005	0.0937024966024893	-0.0083553082480705	6.981117592027493e-05	0.0087801578695395	-0.0190550764380219	-0.0433214644698693	0.0018767492838141	0.0003630959380588	0.0421234457823516	-0.0581356778190951	0.0017743846845787	0.0033797570354856	0.0009027207423928	0.0019376446036296	3.7544666099749096e-06	8.149047387462079e-07	-0.0016210441936497	-0.0005499967627683	3.024964390556097e-07	2.627784277765406e-06	0.0021207335198423	0.0001087862497429	4.497510662182711e-06	1.1834448133146314e-08	0.0	0.0	0.0	0.0
1162.9053570803392	-0.1981670773591304	0.0392701905490595	1352348.869526151	1514.1044161161303	6.610719578772432	43.70161334916517	2292512.182902368	1097.7986960313692	0.1524661474218192	0.0232459261096519	1205161.9770081746	1126.3853138604984	1218.1969355968874	1.300265	28.12467	0.2955374286266827	0.2107450647894376	0.0157104221	-0.0951863285	-0.0347656595	0.0349243843	0.1656276081	-0.0148186973	-0.0670687688	-0.104252234	0.0144580831	-0.0930381234	-0.0935142726	-0.0451431379	-0.0617592609	-0.0310038472	0.0148467159	0.086175819	0.0188968853	0.1192108796	-0.1162321286	-0.0693469209	0.036079417	-0.0187755236	-0.0199243974	-0.1160239473	-0.0479184985	0.0444491085	0.0653266803	0.0532351629	0.0112285662	-0.0839170626	0.2586834494	-0.0332653744	0.0829604975	-0.0477654825	0.0260734269	0.0672999862	-0.2184061618	0.0564537476	0.0121829261	0.0644138309	-0.0698212688	-0.0895696036	-0.0417884062	-0.0130042602	0.0894125782	-0.0128975295	0.0261487491	-0.0950647173	0.0707492598	0.0113708298	0.0760035774	-0.0328541001	-0.0098710903	-0.0678173228	0.1156728319	-0.0205963897	-0.0351661861	0.0476549832	0.1282922954	-0.1657656074	-0.024460395	-0.0031145725	0.0035542765	-0.0438479902	0.1051940349	0.0312682189	-0.065315231	0.0234812498	-0.0115528973	0.0309647988	0.1442814108	-0.0968378011	-0.0829322596	0.0301319275	-0.0067835503	-0.1320968136	0.0417042101	0.1159311399	0.0516174601	-0.0698972477	-0.0046323729	-0.0767406703	-0.0509621894	-0.0246884426	-0.0367505688	-0.0743272827	0.0230307123	0.0920721498	0.0748210479	0.1203619901	0.1488899976	0.1109643704	-0.1237875142	-0.0020300077	-0.1029718788	-0.083505135	0.0136738	-0.0679951331	0.1242726897	0.0292286057	0.0496131377	-0.0616796159	0.0479000421	0.0553502272	-0.0248333943	-0.0654947008	0.0682786317	-0.1055021319	0.0509263551	-0.1110385135	0.0072855639	0.0275561679	0.1107550338	0.0574809279	-0.0939100616	-0.084690255	0.0426776194	-0.1103265498	-0.1434742608	0.0661492685	0.1939175052	0.0225535866	-0.0100006396	0.0235401274	-0.0744056409	-0.0012643497	-0.0047680239	-0.1082456951	0.0821144559	-0.0635296343	-0.0027353097	0.0050297226	0.0495854857	0.1130694475	0.1054616566	-0.1288307462	-0.0444772039	0.0824560884	-0.0968606978	0.0462307599	0.1101020945	0.0253990402	-0.0278042599	-0.0212585179	0.0431455411	-0.1187769739	0.0278672809	-0.0589243327	-0.0804271011	-0.088376577	0.0023368747	0.0012901375	-0.1096050192	0.105127573	-0.0978001546	0.0878214077	-0.0754618528	0.0995725580470576	0.0058700614445682	3.4457621363007216e-05	0.0099146943160346	0.1767561389233662	0.1958112153613881	0.0383420320613039	0.0312427326470963	0.108916922959878	0.0667934771775264	0.0118628961070479	0.0044613685934647	0.0005521495410308	-0.000350571201362	1.2290016722439596e-07	3.048691156605231e-07	-0.0016679569913271	-4.691279767739991e-05	2.2008105859206582e-09	2.782080524916952e-06	0.0019769640260177	-0.0001437694938245	3.908386760168113e-06	2.0669667354581666e-08	0.0	0.0	0.0	0.0
1161.9558202672824	-0.9495368130567384	0.9016201593499475	1350141.328253013	1515.1299091506044	1.0254930344740387	1.051635963754772	2295618.6416027187	1097.3425135646382	-0.4561824667309793	0.208102442952761	1204160.5920763582	1125.7241394476562	1221.9833549051532	1.271565	27.503881	0.1084050252369848	0.064023936364028	-0.0640694047	0.0366256923	-0.0169881358	0.0248878723	0.0252065834	-0.0542019279	-0.0759026089	0.0263172265	0.0294742633	0.0265635572	-0.0251615155	-0.0649500251	-0.037169707	0.130092077	0.0122136283	0.0590321695	0.0090592782	0.0263232942	0.0608364978	-0.0864230746	-0.0070315069	-0.0627115099	-0.0350694846	0.1611395639	-0.0178606318	0.062744348	0.0110130691	-0.0030026899	-0.0402503921	0.0573795499	0.1347218602	0.0310171356	0.0133049656	0.0779535734	0.0238896107	-0.0925720171	-0.1043913307	-0.0774227567	0.1131911572	-0.0263276573	-0.028918144	0.0209574893	-0.0348124122	0.0174824925	0.0155831865	-0.0589296851	0.0672450738	-0.0889835978	-0.0969322304	-0.0181414485	-0.0638669246	0.0042659455	-0.1240969339	-0.0011393997	-0.1010689575	0.1417577699	-0.0016066304	0.0232876132	0.1438838495	0.0585673799	-0.0943175125	0.0451839667	0.0184011964	-0.0122687347	0.0434213875	0.1502498214	-0.1167505828	0.0826401546	-0.0553535713	0.1730724615	-0.056660127	0.0021614968	-0.0869489352	0.0168180425	-0.0233650002	0.0717122213	0.0656333081	0.0613681962	-0.0349968977	-0.010956822	0.0273462583	0.0106630613	-0.0076754365	0.087106438	-0.022471561	0.0294461529	-0.1238401905	-0.0526849416	0.0705122289	-0.1028134352	-0.0205657722	0.1135692982	-0.0674291514	0.0648671134	-0.0628874664	-0.0404082892	-0.032689082	-0.0798282587	-0.0539301866	-0.0672760397	0.0183691488	-0.0606948176	-0.0260502823	0.0760218347	0.1180204756	-0.0881705904	0.066266621	0.0304899314	0.10051212	0.0219356931	0.0229935337	0.0298104367	-0.1244888326	0.191423719	-0.0025511086	-0.1025149274	-0.1230023623	0.0046296688	-0.0487232165	0.1440657016	0.1616256442	0.0987014138	0.0432883815	0.0605545542	0.1179270489	0.1093274048	0.0158130845	-0.0364877892	0.0617078484	0.0656171934	-0.0088163811	0.0198052906	-0.085187444	0.0101157944	-0.0137154962	-0.0301671633	0.0409559434	-0.03751836	-0.0949624474	-0.054970583	0.1247611159	-0.0919226276	-0.0143719164	0.0726217997	0.0252233543	0.0947775595	-0.0869936919	0.0187656693	-0.0446889552	-0.0237152963	-0.0942770584	-0.1602351262	-0.1099379598	0.1064432791	-0.1007008652	0.092831979	-0.0830027857	0.0934727707233094	-0.0060997873237482	3.720740539495928e-05	0.0087371588666923	0.1257843273179162	-0.05097181160545	0.0025981255783414	0.0158216969988206	0.1084888030630963	-0.0004281198967816	0.0117698203900632	1.832866460203693e-07	-0.0002140995482591	-0.0007662490892899	5.871376668376011e-07	4.5838616564750695e-08	-0.0014172133347098	0.0002507436566172	6.287238133381443e-08	2.008493636079272e-06	0.0019758506437048	-1.1133823129001567e-06	3.903985766228672e-06	1.2396201746789025e-12	0.0	0.0	0.0	0.0
1162.6780868210712	0.7222665537888133	0.5216689747219688	1351820.3335739064	1509.069770272006	-6.060138878598309	36.72528322789877	2277291.571548805	1098.63881009074	1.2962965261017416	1.6803846835834433	1207007.2350375971	1127.8384012086217	1250.847388655949	1.305064	28.228479	0.2482453391879901	0.1734882342109274	0.0767965197	0.0086922844	0.0182034633	0.0314618346	-0.126279804	-0.0207531266	0.0002054035	-0.0022134302	-0.0143981	-0.0157362359	-0.0226579498	0.1341131231	-0.0078766768	-0.0390750509	-0.0259870746	-0.1099367301	0.0156969445	-0.0563389854	-0.1103192009	-0.0313691522	0.0925241555	0.0376728319	-0.0633329884	-0.0854422853	0.148026063	0.0955846081	0.0244686788	-0.0556573329	-0.0354395882	0.0155799508	0.1588505087	-0.0868068649	-0.0334607161	0.0153255302	-0.0525848885	-0.1597944864	-0.0275525677	-0.1155498641	0.1947004765	-0.1101511863	-0.1260779539	-0.0638079844	0.0400375931	0.0694773176	0.1258857534	0.0399403951	0.1184278362	-0.0033822439	-0.0289769575	-0.1419500538	-0.0718764037	-0.0542313315	0.021681408	-0.0159926385	0.0456755042	-0.03555546	-0.0718538129	-0.0839275364	-0.0453490134	-0.0517799572	0.0587420238	-0.1142094675	0.0497979932	-0.1930516236	0.0517066671	-0.0707483867	-0.0057733542	-0.0045034878	0.0140742245	-0.0781772901	-0.0376516157	0.0093932991	0.0774195452	-0.041084082	-0.032188468	-0.0318422307	-0.0674942901	0.0879837298	0.045730912	-0.0697980185	-0.0307322836	0.1175622183	0.0550790006	-0.0689094287	-0.000392784	-0.213697195	-0.0654290872	-0.0207815459	-0.0474146307	0.0695011929	0.082921596	0.1192606255	-0.085915144	0.2109268792	0.0446772505	0.0207574358	0.0545986081	-0.0325158604	-0.103551814	-0.0492149975	-0.1629400456	-0.0360682492	0.0589819414	0.1115224153	0.1268308769	-0.0866368084	-0.094881893	0.0255092342	-0.0452317062	0.0012727447	-0.0936859396	-0.1056597898	0.0523562263	0.095161122	-0.005655783	0.0520194403	0.015427876	-0.1068292845	-0.0141613808	-0.0939357692	0.0783158129	0.0920460381	-0.0722415335	-0.0627610173	-0.0533404531	-0.0994348421	0.1371767906	-0.0024628409	-0.0643451205	0.0641851432	0.0710762462	-0.0709444798	0.038529217	-0.1338641275	0.0429755941	0.0364827711	-0.0114378443	0.0043591965	0.0239772129	-0.1178154281	-0.0779260077	-0.1146073665	-0.1306789543	0.0014545364	-0.1492567403	-0.1395753494	-0.187219535	-0.1164522352	0.0062978601	-0.0326522108	0.0497131655	-0.1721237638	-0.1102295573	0.1075988845	-0.103260836	0.0972842479	-0.0897639565	0.0938054989004513	0.0003327281771419	1.107080398641734e-07	0.0087994716239625	-0.0340412001223171	-0.1598255274402333	0.0255441992215487	0.0011588033057676	0.0629343360309064	-0.0455544670321899	0.003960730651651	0.0020752094665868	-0.0001210638274782	9.30357207809e-05	8.655645341221587e-09	1.4656450323671377e-08	-0.0014171679677268	4.536698300014464e-08	2.0581631465354118e-15	2.008365048750908e-06	0.0027334218867094	0.0007575712430046	7.471595210741976e-06	5.739141882275351e-07	0.0	0.0	0.0	0.0
1162.2467114824224	-0.431375338648877	0.1860846827944333	1350817.4183517052	1531.162769657673	22.09299938566687	488.1006218550768	2344459.427185756	1098.5785008313949	-0.0603092593451037	0.0036372067627549	1206874.7224889551	1129.7403086854872	1251.7563943150635	1.27227	27.51914	0.2170200809393856	0.1251341454049885	-0.0947162237	-0.010914952	0.0694593692	-0.0189823971	-0.1548310819	-0.02503218	-0.0344107886	0.1418482366	-0.0463861681	0.1190497658	-0.078802626	0.1800886942	-0.1881289142	-0.2483351027	-0.0608379833	-0.1572655894	-0.1379630095	-0.1391714644	-0.002566903	-0.019161148	0.086186599	-0.215635584	-0.0121691221	-0.0132367777	0.1694137114	0.0231476105	-0.1398522127	0.1470428439	-0.0056281023	-0.0339566527	0.0057517591	0.0212031211	0.1182188623	-0.1503937322	-0.015551972	0.0505155562	0.0476789644	0.0849300963	-0.1457920083	0.060064363	-0.0378174872	0.0632637167	0.10194217	-0.0286842317	0.0291894512	-0.0145863964	0.0742452225	0.0743456414	-0.0381496497	0.0305086419	-0.214955277	-0.0150509645	-0.0175555356	-0.0329879531	-0.0617106883	0.0937908674	-0.0609819952	0.0119142455	-0.0561417573	0.0177858997	-0.0810361075	0.031374456	0.0355174564	-0.0796985679	0.013421747	-0.0153739289	0.0581897937	-0.0397073746	0.0878912431	0.0233300873	-0.041937728	-0.0929050109	0.172125709	-0.1137882379	0.0769463683	0.1115693258	0.0190922762	0.065264107	-0.0787896643	-0.1217139112	0.2179892211	0.1252056563	-0.0868915383	0.1385110527	0.1603200351	-0.1387097137	0.1784146103	0.0277418565	0.0569521796	0.0272894295	0.076912128	0.0418925252	0.1328221965	-0.052580066	0.0563137772	0.0750407699	-0.019249777	0.1425046575	0.0297407058	-0.0360593812	0.0519166444	0.0997558014	0.0011071477	-0.0430498148	-0.1079659105	-0.1467864708	-0.1098679452	0.0468334012	-0.0600626665	0.0635606933	-0.078932198	0.0122057842	-0.044558815	0.0731072629	0.039177426	-0.0065122947	-0.0818222774	-0.0419215981	-0.0295900238	0.0391810638	-0.0918126848	0.0082415808	0.0285316468	0.0683593471	0.0065628358	-0.0635482951	0.0896760325	0.1513500969	-0.1098011071	-0.1459993969	-0.1447868042	-0.1211059196	0.038748664	-0.183519575	-0.0657240681	-0.0125679054	-0.1667651139	-0.0580819823	-0.0786686409	-0.1563037676	-0.1839953171	-0.1218938781	0.0380125947	0.0479562652	-0.1337453849	-0.1249261657	-0.1657224913	-0.0206865479	-0.1370889667	-0.0380583843	0.1275727793	0.2198064659	-0.110479702	0.1085926509	-0.1054714048	0.1011514379	-0.095681848	0.0897630867901995	-0.0040424121102518	1.6341095669110436e-05	0.0080574117501048	0.0138241905797542	0.0478653907020713	0.0022910956270619	0.0001911082451853	0.0272002532932589	-0.0357340827376475	0.0007398537792174	0.001276924669101	0.0018612470333868	0.001982310860865	3.929556349103338e-06	3.464240519291164e-06	-0.0017911770865273	-0.0003740091188005	1.3988282094592658e-07	3.2083153553004267e-06	0.0025021779585866	-0.0002312439281228	6.260894536436604e-06	5.3473754293662836e-08	0.0	0.0	0.0	0.0
1153.6987387179545	-8.547972764467886	73.06783838208476	1331020.779719399	1495.891337464269	-35.271432193403825	1244.0739289738838	2237690.89350064	1093.383396331605	-5.195104499789977	26.98911076373807	1195487.2513736354	1122.1457371463798	1201.37706987086	1.463178	31.648462	0.4377540434709998	0.3115694275285534	-0.0439974196	0.0774805434	-0.1193966929	-0.0346344839	0.0385464228	0.0080636009	0.0761275963	0.0480655514	0.0076406808	-0.0722087786	0.0880488809	-0.208217055	-0.0386806573	-0.0219336461	0.1488190397	0.1077187287	-0.0296787653	-0.1027594996	0.0293675738	0.0520485555	-0.0136992565	-0.1254655988	-0.0019860764	0.0571146152	-0.1003558124	0.0325590623	-0.0878665441	0.0938192993	0.0732203001	0.0146204664	0.0311168509	-0.0998005687	0.034161606	0.0182441216	-0.0572961815	-0.0588032797	-0.0468702197	-0.0741626287	-0.0657472474	-0.0547792415	-0.1264953936	0.023048661	0.1958205987	0.0002165174	-0.0913449063	-0.0511673729	0.0350579745	0.0016677796	0.0306177222	-0.0880676005	0.0379004727	-0.1002153784	-0.085715214	0.1429299548	-0.0103771058	-0.0088332238	-0.0798413269	-0.0497313438	0.0214137328	-0.0293884156	-0.0115170961	0.0273041802	-0.0972146527	0.0019164346	-0.025003247	0.0615100877	-0.1096629169	-0.1434039816	0.1032092022	-0.1519622764	-0.0729468576	-0.0237239714	-0.0232148864	0.1451405024	0.1074945018	0.0660779519	0.0126280355	-0.0261834766	-0.0207844752	-0.055159017	0.1210880389	-0.100042338	0.0500266547	0.1063189083	-0.1026791931	0.0601168994	0.021450631	0.0596923218	0.1318246856	0.0828606875	-0.1821370967	0.065178166	-0.0269549227	0.0757332597	-0.0072567959	-0.1622738535	0.0370552374	0.1072756762	-0.0534138614	-0.0410438018	-0.109807285	0.1293496983	0.032991915	-0.0084376351	-0.0068985622	-0.021847177	-0.0514412849	-0.0421638641	-0.0491508335	-0.0046585321	0.0320172781	-0.1091433113	-0.075539674	0.0515417044	-0.0714603253	-0.0108708436	-0.0941446026	-0.1188117288	0.0386087619	-0.019887137	0.0011118665	-0.0562622272	0.0954608059	-0.0190226624	0.0102509321	-0.0839246613	-0.1700902323	0.0560501162	0.0817223516	-0.083065925	-0.2182515327	0.1994405403	0.1071127971	0.1681434436	-0.1280636439	-0.1460758418	-0.0430597942	-0.0692958517	0.0026353719	-0.0774012403	-0.0672939024	0.1193969845	0.0669846691	0.0495155753	-0.0184682358	0.1062226772	-0.0508751496	0.0577748218	-0.1116300545	-0.1610113682	0.2029205498	0.0956576304	-0.1106882998	0.1094230837	-0.1073250918	0.1044102912	-0.1007008652	0.0933031224238334	0.0035400356336339	1.2531852287397811e-05	0.0087054726540368	0.3047860896291183	0.2909618990493641	0.0846588266984123	0.0928945604314089	0.1039745106754708	0.0767742573822119	0.0108106988702035	0.0058942865965901	0.0009008622029062	-0.0009603848304806	9.223390226172508e-07	8.115527086250114e-07	-0.0016029570155056	0.0001882200710217	3.54267951354138e-08	2.56947119355862e-06	0.0023212258319731	-0.0001809521266134	5.38808936301921e-06	3.27436721259481e-08	0.0	0.0	0.0	0.0
1153.0399623870087	-0.6587763309457841	0.4339862542143893	1329501.1548614344	1514.0645111182907	18.17317365402164	330.26424065922623	2292391.343827869	1094.0548044088716	0.671408077266733	0.4507888062190113	1196955.9150501343	1122.0930507310884	1189.7047703836424	1.29744	28.06357	0.2654627633852695	0.1621452729725586	0.0084341117	0.0352439997	-0.1930327474	-0.0936182697	0.2450063111	0.0768890844	-0.0311699324	-0.2720523695	0.0977530046	0.2734885598	0.0171579533	-0.046577201	-0.0153924518	0.0355141034	0.180160638	0.1236951983	0.0340052991	0.076134064	0.1450295147	0.0285761223	-0.0290602551	-0.0204393158	-0.0668939219	-0.010071516	0.0321100801	0.0219751248	0.1080083655	-0.0160887483	-0.0026814411	-0.0972926976	-0.0115494247	-0.0237375968	-0.0216734516	0.0089571344	0.1510597488	-0.1343883161	0.061592293	0.0807763626	0.0147916592	0.0519629091	-0.0273811233	0.0529168082	-0.039763316	0.0959297004	0.03645755	-0.0388401156	0.0747948841	-0.2062175901	0.0114700887	0.0872058288	0.0900723632	-0.1303944918	-0.0428500702	0.0267214558	-0.1286937107	-0.1186556985	0.0479750144	0.0788317258	-0.0515008549	0.1874737932	0.087910742	0.205586489	0.0375785992	0.0358580196	-0.0724559131	0.0809757712	0.0095489549	-0.0207427367	0.0425523834	0.0531498579	-0.0426256291	-0.073148903	-0.1388986529	0.2384905314	-0.0667480231	0.0108272594	0.0499096612	-0.171487521	0.1460482105	-0.0212660807	0.0108255078	0.0508329722	-0.0202791824	0.080158761	0.0546147853	0.0265661037	-0.0726281138	0.0101038044	-0.1113899268	-0.0033364152	0.0674274399	0.0822057879	0.1236554184	0.0345094322	-0.132601801	0.0988620778	0.0272773206	0.0295024015	0.0249490205	-0.0947212009	0.0164638967	-0.1725265202	0.1016088361	-0.0975047993	-0.0345871328	-0.0132439964	0.0587499773	0.0014439837	-0.024585009	-0.1000788278	0.2395414195	0.0445408173	0.0286918501	0.0452078256	0.0664866881	0.0889598508	-0.0804496279	0.1366045179	0.0825710966	0.0206925693	-0.097299761	0.0548436037	-0.0036144677	0.0958324563	0.1045915671	-0.0588886077	-0.0179949491	0.0072624831	0.1337241923	0.1899734108	-0.0939974434	0.0979231016	0.0261293733	0.0789288425	0.1253160227	-0.1925660933	0.0408880111	0.1367453382	-0.069568006	0.0310041485	0.0157417139	-0.1424938268	0.0814692065	0.0455916024	-0.074095273	-0.0300037845	0.0869905337	-0.1487514923	-0.0797483981	-0.0982047757	0.1180929504	0.0213620509	-0.1108552722	0.1100889337	-0.1088156246	0.1070412087	-0.1047738574	0.0959514188443648	0.0026482964205313	7.013473930999404e-06	0.0092066747782467	0.1713383186004478	-0.1334477710286705	0.0178083075925204	0.0293568194208285	0.1757409462194203	0.0717664355439495	0.0308848801780971	0.0051504212706838	-9.209505916386277e-05	-0.00099295726207	9.859641242976752e-07	8.481499922395383e-09	-0.0015621148536775	4.084216182809989e-05	1.6680821827926991e-09	2.4402028160798773e-06	0.0024394316159173	0.0001182057839442	5.950826608736889e-06	1.3972607357862904e-08	0.0	0.0	0.0	0.0
1158.9188020379834	5.878839650974669	34.56075564187197	1343092.7897171546	1484.432117678551	-29.632393439739644	878.078740967525	2203538.711995628	1097.392300175044	3.337495766172424	11.138877989218855	1204269.860483474	1124.8736495664166	1188.0262871058828	1.312334	28.385721	0.2533365890679049	0.1522573737616094	-0.0120406569	-0.0912292921	-0.04201644	-0.1003638128	0.2016893437	0.1101057627	0.1225618928	-0.1397917061	0.0601262218	0.1036590929	-0.0970075793	0.0329238416	0.1262256752	0.1568009556	0.0106087263	0.0150172784	-0.0930670499	0.0901240253	-0.0265560762	0.0138706981	-0.0882506647	-0.053780939	0.0387434246	-0.0614062304	0.0459773267	-0.0419044267	0.0158870642	0.0526093851	0.0074016652	-0.1330688564	0.0101589478	0.046616016	-0.0968757746	0.0752345485	-0.1122083341	-0.1214858061	0.2338615448	0.0146458437	-0.1778981478	0.0144147732	0.1412321864	-0.0079222912	-0.0298262526	0.0979654342	0.0838299316	-0.0079304462	-0.0366418448	-0.0297851884	0.0971334693	-0.0323315414	0.0390387205	-0.0129128018	-0.0429423166	-0.0512750128	0.0659955074	-0.0495151379	0.0307005882	-0.0346506044	-0.0505792805	0.0038299876	-0.03564342	0.0400925337	0.01665771	0.0229424974	0.0244195592	0.0886853143	-0.0194846771	0.0609994184	0.0046610783	0.0414444782	0.0789611889	0.0777600425	-0.0198300812	0.0355554228	-0.0591663314	-0.0951374106	0.1097735446	-0.089831877	0.1982191595	0.0250947004	0.0718168926	0.095698312	0.0373159218	-0.132477203	0.0576834118	0.1107437984	-0.0169360117	-0.0563091093	-0.0329522427	-0.0434181898	-0.0005777577	-0.0157412341	-0.0471094497	-0.0576596613	0.1125785493	0.039703616	-0.0893530822	0.1802360641	0.1237490269	-0.0532871716	0.0321101204	0.0868690361	-0.1820214303	-0.0182348678	0.0458093274	0.0430126963	-0.0648695769	-0.0599475199	-0.0572897615	-0.1310585008	0.0155769262	-0.0221103066	0.0462327338	-0.0486485215	-0.0506242411	0.0459117903	0.0420584859	0.0095344672	0.0399254563	0.0285473861	0.039154913	0.0426219426	-0.0262228355	0.102340762	0.0193429382	-0.0133626422	-0.0695363554	-0.0176034586	0.0091822567	0.1268980345	-0.0008812102	-0.018392563	-0.0222147022	0.086485876	0.1385887806	-0.0295009939	-0.1887320086	0.1216102191	0.2324476302	0.0277383854	-0.0693374325	0.0113848682	0.1453372489	-0.0434821126	-0.0456741889	0.1635454724	0.0784169488	-0.0928778796	0.033256602	0.0390178433	-0.22123399	0.0571400964	-0.1109805565	0.1105891995	-0.1099379598	0.1090283678	-0.1078625611	0.0936524973483585	-0.0022989214960063	5.285040044799848e-06	0.0087707902595842	0.0427769300887916	-0.1285613885116562	0.016528030616045	0.0018298657478213	0.0944686212461647	-0.0812723249732556	0.0089243204001513	0.0066051908065584	-0.0004530624367953	-0.0003609673776314	1.3029744771411664e-07	2.0526557163489525e-07	-0.0019060840265225	-0.000343969172845	1.1831479186767349e-07	3.6331563161642263e-06	0.0025585741471806	0.0001191425312632	6.546301666620934e-06	1.4194942755826389e-08	0.0	0.0	0.0	0.0
1160.6093736809792	1.690571642995792	2.858032480101492	1347014.1182761546	1488.981039037967	4.548921359415999	20.692685534151103	2217064.534614584	1100.4259344783363	3.033634303292274	9.202937086111602	1210937.23727252	1127.9101669468355	1228.837085371173	1.441273	31.174656	0.0418680071744826	0.0201936759753564	-0.0180926884	0.0797311822	0.0309303484	0.0035550315	-0.039148012	0.047957281	0.1135992863	0.0049896468	0.0137205339	0.052273095	0.0329374625	-0.0052231443	0.3393744572	0.074020111	-0.1686555035	-0.0054380204	0.0992357999	-0.11084461	-0.0229682713	0.0639357378	0.0488891819	0.0195866847	-0.0744347426	-0.0266823202	0.0894113409	0.0864650883	0.0575045181	-0.022715955	-0.0898677279	-0.0769157925	-0.1576851801	0.0045310975	-0.0690321273	0.0238873777	-0.1202738854	0.1535979696	0.0381076221	-0.0401497066	-0.0794465905	0.0424165602	0.0569925945	-0.2487710238	-0.098493459	0.0644997742	-0.0559347467	0.0800612021	0.1223752592	-0.0235274832	0.0332985025	-0.0808753748	0.0952759078	-0.0207815628	0.0220487021	0.1661437457	-0.0080743651	0.0091022707	0.0030978906	0.0108592646	-0.0592719522	-0.056450389	0.0229211341	-0.0314454322	-0.0294085232	0.0251874587	-0.0324931932	-0.0092564546	0.1417109409	0.0456713907	-0.0836744965	-0.1552097199	0.041470928	0.0346572433	-0.0396046587	-0.1539357335	-0.0441458539	0.0331551628	-0.1043462263	-0.1392440584	0.1593158962	-0.0336903599	-0.0502359659	0.1892883007	0.078493262	-0.182301107	-0.1204230318	-0.0158588975	-0.099069355	-0.1157427536	0.0974471173	0.099228297	-0.0881022855	-0.1563763707	-0.0159268407	-0.0521516307	0.1436374744	-0.0310482605	-0.0459807812	0.0252212874	0.0702696065	0.1229378192	-0.0056078487	-0.0332107004	0.1682557347	-0.037619574	0.0329636203	-0.0388237612	-0.0141563439	-0.1530287621	-0.0155105122	0.0972929169	-0.0207558114	-0.0401491479	-0.0156779671	-0.145150874	-0.0054979742	0.0042710487	-0.0337928554	-0.057132533	-0.0030637837	-0.0293492945	-0.0128684629	-0.0446826967	-0.0059202449	-0.0152888733	-0.0678890133	0.1250179518	0.0161513082	-0.0251860648	-0.0158223762	0.0832994691	0.0114035985	0.0153178299	-0.0389095008	-0.0689337179	0.0304749124	0.0315179633	-0.1313848031	-0.0576941123	0.1900360174	-0.0640666069	-0.156985823	-0.2005529075	0.0424679568	-0.1192664291	-0.0543255655	-0.1100975808	-0.0157700929	-0.1152239361	0.1433407169	-0.0894279854	-0.1471980479	-0.2226850543	-0.1110641056	0.1109231287	-0.1106882998	0.1103598175	-0.1099379598	0.0960706318929425	0.002418134544584	5.847374675710495e-06	0.0092295663123092	0.0462711107181235	0.0034941806293319	1.2209298270398312e-05	0.0021410156870888	0.0982974700334864	0.0038288487873217	0.0096623926149841	1.466008303617488e-05	-0.0003079897756633	0.000145072661132	2.1046077007920106e-08	9.485770191312988e-08	-0.0021169404344456	-0.000210856407923	4.446042476223273e-08	4.481436802990726e-06	0.0028451819423904	0.0002866077952098	8.09506028530441e-06	8.214402827502283e-08	0.0	0.0	0.0	0.0
1157.9847194453168	-2.6246542356623195	6.888809856780155	1340928.610468849	1498.2320831645056	9.251044126538543	85.58181743116332	2244699.375023454	1098.5657382445586	-1.8601962337777425	3.4603300281608966	1206846.681244812	1127.7039388804992	1231.6808363903497	1.240463	26.831161	0.1580022618646734	0.0821514903353296	0.0744692147	0.0052098756	-0.0771982347	-0.0255187566	-0.1265687251	0.0041403436	0.1513896818	-0.015344617	-0.0058918331	0.1076847209	-0.0007822519	0.205114476	0.1332961841	-0.0851093662	-0.0766452103	-0.0650391739	0.0197300175	-0.1229948805	-0.1265584588	0.084600203	-0.0967652934	-0.051515144	0.1403179729	0.1652268728	-0.0057760102	0.0102315221	-0.0401959825	0.00867575	-0.1659332554	-0.1269523119	0.0354330356	0.0199421404	-0.0281713072	0.0124623612	0.0716155287	-0.0431318755	0.040897822	0.0128879741	-0.005187295	0.0735284436	0.0409765981	0.0264323721	0.0088001975	0.0852143857	-0.0939458904	0.1242424401	-0.0129196515	0.0758186949	0.0849638721	0.0890919403	-0.035636027	0.0033039044	0.0408378912	0.0205389312	0.0679855881	-0.0948608203	0.0518656626	0.115851965	0.0161149382	0.0478352104	0.0843022143	0.0503576321	-0.0024392814	0.0027127011	0.0185354565	0.0039793235	-0.0524332965	0.0523927324	-0.0241693786	0.0102832208	-0.1165321971	0.0304836604	0.0831601156	-0.0865266299	0.0515157741	-0.0221700052	-0.1414070113	-0.005845704	0.0474719707	0.0095626047	0.0967461114	0.145033374	0.1595070838	0.0065053705	0.104426629	0.1614305182	-0.0578498304	-0.1411660017	0.0566729984	0.0386995947	0.0598421747	0.0550078642	-0.0074712118	-0.0779533085	-0.0790546414	0.0604777795	0.0033128549	0.0375653505	0.0006475805	0.0038703515	0.0439674606	0.0171866786	0.1140965875	-0.0492672434	-0.0552697755	0.2097524044	0.0344229694	0.075623787	-0.029543765	0.0305222252	-0.0580915135	0.08136968	0.0783274041	0.0347313736	-0.028953437	-0.0065486718	0.0564632531	0.0394426861	0.0426952304	-0.0156999477	0.0202558034	-0.0535468717	0.0059547301	-0.0126697194	0.0307870907	-0.0062263625	0.0142936161	-0.013065072	-0.0236450503	0.0014250519	-0.0592155319	0.006971248	0.1718203903	-0.0643652782	-0.0260889015	0.0553978	-0.060682241	-0.0553041062	0.0533359189	-0.1216292332	-0.1343772118	-0.0914952713	0.1279445755	0.0273141339	-0.0445576516	0.1223849754	0.0593549841	0.071977187	-0.1710770377	0.0253340238	-0.227423365	-0.0306086781	-0.1111058879	0.1110902189	-0.1110641056	0.1110275503	-0.1109805565	0.0843224452216304	-0.011748186671312	0.0001380198900639	0.0071102747681548	0.0815893935159124	0.0353182827977889	0.0012473810997845	0.0066568291342944	0.059286647170424	-0.0390108228630624	0.0035149065327103	0.0015218443004532	0.0007610102527629	0.0010690000284262	1.1427610607752165e-06	5.79136604810253e-07	-0.0017884374632166	0.000328502971229	1.0791420210628125e-07	3.1985085598366278e-06	0.0028041855513954	-4.0996390995000007e-05	7.863456606654724e-06	1.6807040746149175e-09	0.0	0.0	0.0	0.0
