#!ascii label  , from subject sub-v2s7x29657_ses-1 vox2ras=TkReg
3512
135453  -7.341  -27.696  38.662 0.3333329856
42701  -7.923  -27.491  39.740 0.3333329856
42712  -9.492  -27.267  39.393 0.3333329856
42726  -9.204  -27.320  37.574 0.4444440007
42719  -10.157  -27.129  38.798 0.3333329856
43637  -10.833  -26.929  39.155 0.4444440007
43645  -10.977  -26.874  37.422 0.5555559993
43638  -11.567  -26.644  38.717 0.4444440007
43632  -12.651  -25.988  39.588 0.5555559993
44545  -13.421  -25.642  39.643 0.6666669846
44546  -14.317  -25.267  39.599 0.7777780294
42762  -6.664  -28.109  34.552 0.3333329856
42733  -6.991  -27.981  36.274 0.4444440007
42734  -7.616  -27.743  36.823 0.4444440007
118393  -7.808  -27.642  38.144 0.3333329856
42735  -8.265  -27.537  36.471 0.4444440007
42736  -9.049  -27.283  36.531 0.4444440007
42727  -10.126  -27.118  37.775 0.4444440007
124428  -10.475  -26.962  36.834 0.6666669846
129206  -11.466  -26.721  37.874 0.6666669846
43640  -12.891  -26.069  38.010 0.7777780294
43647  -12.665  -26.181  37.062 0.6666669846
44553  -13.596  -25.625  38.143 0.6666669846
125022  -13.766  -25.502  38.927 0.7777780294
44566  -14.082  -25.380  37.343 0.7777780294
44555  -15.095  -24.784  39.134 0.5555559993
45485  -15.642  -24.420  39.686 0.5555559993
131914  -6.791  -27.766  33.755 0.2222220004
42747  -7.212  -27.927  35.318 0.4444440007
125099  -7.762  -27.707  35.954 0.4444440007
42749  -8.526  -27.352  35.601 0.5555559993
43656  -9.986  -26.980  36.032 0.6666669846
138082  -11.111  -26.741  36.703 0.6666669846
43646  -11.759  -26.600  37.031 0.6666669846
43673  -11.846  -26.075  35.248 0.6666669846
43658  -12.262  -26.226  36.166 0.6666669846
139925  -13.154  -25.854  36.773 0.6666669846
44580  -13.655  -25.531  36.465 0.7777780294
44554  -14.421  -25.161  38.383 0.7777780294
121377  -15.275  -24.603  38.169 0.6666669846
45530  -14.513  -24.966  36.376 0.7777780294
45513  -14.849  -24.894  37.357 0.7777780294
45502  -15.795  -24.223  38.925 0.6666669846
46528  -17.184  -23.127  39.532 0.5555559993
46516  -18.041  -23.479  40.827 0.5555559993
45463  -19.846  -25.065  41.869 0.3333329856
45514  -15.496  -24.312  37.248 0.6666669846
46544  -15.919  -23.920  38.000 0.7777780294
131697  -17.039  -22.923  38.725 0.7777780294
46529  -18.132  -22.982  40.048 0.5555559993
46530  -18.900  -23.136  39.986 0.5555559993
45475  -20.085  -24.794  40.835 0.3333329856
47670  -18.546  -22.739  39.197 0.6666669846
142360  -19.434  -23.491  39.808 0.5555559993
45476  -20.435  -25.079  39.953 0.4444440007
47671  -19.101  -23.034  39.254 0.7777780294
45488  -20.238  -24.452  39.269 0.5555559993
42777  -6.361  -27.379  32.930 0.1111110002
43703  -6.860  -26.620  32.770 0.2222220004
42763  -7.482  -27.597  34.330 0.2222220004
42748  -7.874  -27.583  35.164 0.3333329856
43686  -7.954  -26.910  33.669 0.2222220004
42764  -8.288  -27.203  34.569 0.3333329856
43670  -9.038  -26.914  34.767 0.5555559993
42797  -5.593  -27.066  32.452 0.1111110002
43672  -10.582  -26.590  35.254 0.6666669846
141826  -11.191  -26.433  35.479 0.6666669846
44595  -13.391  -25.408  35.552 0.6666669846
45529  -14.015  -25.122  35.702 0.7777780294
142436  -15.131  -24.548  36.647 0.7777780294
45531  -15.547  -24.034  36.445 0.7777780294
46557  -16.080  -23.460  36.924 0.7777780294
46545  -16.539  -23.161  37.955 0.7777780294
43643  -20.420  -26.938  38.852 0.5555559993
47682  -18.809  -22.489  38.372 0.7777780294
46531  -19.715  -23.621  39.257 0.6666669846
46547  -20.030  -23.855  38.550 0.6666669846
44556  -21.084  -25.890  38.857 0.6666669846
43650  -20.493  -27.232  37.924 0.5555559993
46546  -19.385  -23.102  38.559 0.7777780294
46559  -19.681  -23.282  37.845 0.7777780294
45504  -20.537  -24.846  38.591 0.6666669846
44638  -5.601  -25.692  32.562 0.1111110002
43723  -6.116  -26.309  32.482 0.2222220004
44623  -6.926  -25.028  32.752 0.2222220004
44624  -7.662  -25.454  32.800 0.2222220004
43705  -8.259  -26.143  33.178 0.3333329856
43706  -8.900  -26.010  33.429 0.6666669846
43689  -10.385  -26.182  34.360 0.7777780294
42796  -4.810  -27.333  32.323 0.1111110002
43671  -9.831  -26.754  34.962 0.5555559993
44610  -10.939  -25.317  33.934 0.6666669846
45558  -10.953  -24.060  33.694 0.7777780294
124645  -11.623  -25.594  34.467 0.6666669846
44611  -12.297  -25.363  34.596 0.6666669846
132818  -14.455  -24.491  35.373 0.7777780294
45545  -14.868  -23.608  35.047 0.7777780294
135020  -15.642  -23.272  35.728 0.7777780294
47679  -17.271  -22.390  38.066 0.7777780294
47680  -17.945  -22.053  38.170 0.7777780294
47681  -18.351  -22.266  38.305 0.8888890147
48686  -18.736  -22.069  37.584 0.8888890147
47695  -19.153  -22.528  37.866 0.7777780294
43644  -21.064  -26.642  38.520 0.6666669846
47708  -19.419  -22.752  37.172 0.7777780294
46560  -20.253  -24.241  37.670 0.6666669846
44567  -21.327  -26.231  38.019 0.6666669846
46571  -19.887  -23.456  37.141 0.7777780294
46572  -20.201  -24.038  36.670 0.6666669846
44581  -21.404  -25.775  37.330 0.5555559993
132791  -5.273  -25.342  32.867 0.2222220004
44625  -8.551  -25.238  32.989 0.4444440007
45574  -9.521  -24.599  33.294 0.6666669846
44637  -4.631  -25.924  32.530 0.1111110002
45575  -10.304  -24.629  33.534 0.6666669846
45559  -11.741  -24.750  34.029 0.6666669846
45560  -12.531  -24.444  34.254 0.7777780294
47731  -12.907  -22.743  34.583 0.7777780294
122860  -12.932  -21.999  35.885 0.4444440007
47705  -12.992  -22.032  36.751 0.4444440007
45544  -13.782  -24.761  34.997 0.7777780294
46601  -13.557  -23.344  34.485 0.8888890147
47718  -14.324  -22.228  34.875 0.7777780294
48704  -14.535  -21.287  36.120 0.6666669846
47719  -14.923  -21.716  35.287 0.7777780294
46570  -16.257  -22.460  36.288 0.8888890147
47693  -16.722  -21.699  36.875 0.7777780294
48695  -17.064  -20.870  37.037 0.7777780294
47694  -17.527  -21.618  37.504 0.8888890147
48685  -18.523  -21.870  37.546 0.8888890147
48698  -18.730  -21.341  37.067 0.7777780294
48707  -19.187  -22.140  37.085 0.7777780294
46585  -19.731  -23.172  36.282 0.7777780294
133842  -20.539  -24.593  36.216 0.6666669846
45546  -20.657  -24.622  35.491 0.6666669846
48682  -13.789  -21.577  38.018 0.2222220004
48683  -14.424  -20.964  38.453 0.1111110002
48705  -15.492  -21.278  35.966 0.7777780294
48694  -15.326  -20.781  36.788 0.5555559993
140432  -15.532  -19.791  38.113 0.2222220004
49702  -15.990  -20.127  37.327 0.5555559993
49695  -16.481  -19.364  37.217 0.6666669846
49704  -17.415  -20.115  36.865 0.8888890147
50669  -17.069  -19.300  36.868 0.6666669846
48697  -18.231  -20.942  37.026 0.8888890147
49705  -18.589  -20.487  36.766 0.8888890147
137240  -19.072  -21.482  36.687 0.7777780294
47720  -19.524  -22.455  35.390 0.8888890147
46586  -20.189  -23.939  35.792 0.6666669846
46604  -20.230  -23.914  34.942 0.6666669846
44582  -22.013  -26.123  36.865 0.6666669846
44583  -22.574  -26.576  36.355 0.6666669846
46614  -20.322  -23.848  34.095 0.7777780294
44597  -22.168  -25.800  36.073 0.7777780294
43677  -23.052  -26.811  35.763 0.6666669846
51571  -15.829  -18.271  37.626 0.1111110002
51577  -16.729  -18.532  37.027 0.4444440007
48716  -19.320  -21.419  35.835 0.8888890147
121001  -19.442  -21.666  34.962 0.8888890147
123907  -19.632  -22.620  33.882 0.8888890147
45562  -20.776  -24.564  34.632 0.7777780294
44598  -22.922  -26.072  35.602 0.6666669846
45563  -21.632  -24.990  34.465 0.7777780294
42757  -23.398  -27.102  35.238 0.6666669846
42799  -21.323  -27.637  32.797 0.6666669846
52456  -15.201  -17.993  38.269 0.1111110002
129642  -16.651  -17.397  35.901 0.4444440007
52487  -16.478  -17.579  36.668 0.4444440007
51587  -17.698  -18.213  35.780 0.5555559993
51580  -17.304  -18.433  36.519 0.5555559993
51595  -18.578  -18.695  34.291 0.6666669846
51588  -18.447  -18.757  35.376 0.7777780294
50690  -19.059  -19.534  33.923 0.6666669846
49730  -19.402  -20.905  34.970 0.8888890147
50698  -18.855  -19.532  32.894 0.6666669846
48736  -19.299  -21.157  33.494 0.7777780294
47745  -19.600  -22.559  33.206 0.7777780294
124356  -20.430  -23.814  33.261 0.7777780294
44612  -22.616  -25.513  34.772 0.7777780294
42782  -22.758  -28.002  34.186 0.6666669846
43728  -20.952  -27.161  32.023 0.6666669846
42846  -19.748  -26.786  29.766 0.7777780294
40939  -20.363  -29.181  29.324 0.6666669846
42847  -19.901  -27.135  29.218 0.7777780294
40940  -21.096  -29.667  28.995 0.6666669846
131095  -14.147  -17.079  38.330 0.1111110002
118897  -12.849  -16.685  37.194 0.1111110002
118827  -15.180  -16.987  37.018 0.1111110002
122002  -14.796  -16.810  36.149 0.1111110002
53405  -15.369  -16.859  35.499 0.4444440007
53404  -14.312  -16.807  35.168 0.4444440007
52493  -16.586  -17.192  34.882 0.4444440007
52498  -16.626  -17.251  33.722 0.4444440007
51601  -18.034  -18.067  33.770 0.5555559993
48749  -19.173  -20.981  32.705 0.7777780294
46620  -20.012  -23.167  32.686 0.7777780294
45586  -21.033  -24.279  32.968 0.8888890147
44628  -23.185  -25.391  34.183 0.7777780294
44629  -24.041  -25.958  34.168 0.8888890147
127309  -23.322  -27.903  33.718 0.7777780294
42813  -21.768  -27.639  32.132 0.7777780294
45579  -23.581  -25.217  33.425 0.8888890147
43711  -24.191  -26.898  34.122 0.8888890147
136670  -22.039  -27.572  31.510 0.8888890147
43766  -20.279  -26.617  29.235 0.7777780294
40952  -20.694  -28.848  28.587 0.7777780294
48866  -39.177  -20.996  24.737 0.2222220004
43756  -20.938  -26.506  30.265 0.7777780294
43767  -20.914  -26.344  29.289 0.7777780294
41869  -21.035  -28.546  27.925 0.7777780294
40953  -21.379  -29.413  28.273 0.7777780294
48849  -39.032  -21.645  25.181 0.3333329856
42892  -20.624  -26.967  28.069 0.7777780294
41878  -20.839  -27.647  27.749 0.7777780294
49862  -38.400  -20.776  24.055 0.3333329856
141355  -37.728  -20.783  23.639 0.3333329856
121528  -37.974  -20.304  23.335 0.3333329856
49871  -36.642  -20.540  22.701 0.5555559993
49883  -36.038  -19.754  22.023 0.4444440007
53369  -12.285  -16.634  37.826 0.1111110002
53386  -12.617  -16.535  36.102 0.1111110002
53418  -15.082  -16.874  34.635 0.3333329856
126326  -13.398  -16.615  34.545 0.1111110002
122180  -15.723  -17.054  34.054 0.3333329856
53429  -13.473  -16.486  33.651 0.3333329856
52503  -16.596  -17.281  32.690 0.4444440007
52510  -17.289  -17.619  32.304 0.5555559993
133725  -18.557  -19.308  31.738 0.7777780294
48763  -19.096  -20.827  31.895 0.7777780294
47764  -19.633  -22.219  31.653 0.7777780294
125252  -21.817  -24.509  32.701 0.8888890147
45587  -21.987  -24.181  31.827 0.8888890147
49843  -41.036  -20.246  25.395 0.1111110002
42801  -23.504  -27.991  32.992 0.8888890147
43741  -21.839  -27.142  30.733 0.8888890147
49842  -40.248  -20.614  25.193 0.1111110002
42814  -23.666  -28.105  32.084 0.8888890147
42848  -22.607  -27.315  30.367 0.8888890147
120293  -21.701  -26.610  29.846 0.7777780294
40963  -21.665  -29.126  27.563 0.7777780294
139302  -39.738  -20.819  24.991 0.2222220004
43768  -21.752  -26.296  28.992 0.8888890147
41879  -21.297  -28.080  27.309 0.7777780294
121369  -39.089  -20.438  24.165 0.3333329856
50811  -40.042  -19.774  24.066 0.3333329856
42893  -21.093  -26.851  27.446 0.8888890147
41889  -21.635  -27.470  26.715 0.7777780294
49872  -37.343  -20.361  23.018 0.3333329856
49873  -38.652  -19.953  23.432 0.3333329856
125261  -38.535  -19.160  22.663 0.3333329856
50827  -37.611  -19.460  22.459 0.3333329856
50838  -37.987  -18.431  21.918 0.3333329856
51729  -36.137  -18.089  21.811 0.4444440007
52650  -36.509  -17.337  22.090 0.4444440007
51703  -35.171  -18.146  23.057 0.5555559993
51717  -35.263  -18.296  22.012 0.5555559993
49870  -33.038  -19.602  22.981 0.8888890147
50824  -33.522  -19.300  23.283 0.8888890147
50825  -33.985  -18.902  22.982 0.8888890147
53415  -12.701  -16.283  34.604 0.1111110002
54323  -13.053  -15.908  33.271 0.1111110002
53444  -14.199  -16.566  32.479 0.4444440007
52516  -17.220  -17.637  31.396 0.3333329856
51632  -18.252  -18.667  30.630 0.3333329856
49761  -19.085  -20.714  31.058 0.7777780294
48764  -19.336  -21.509  31.338 0.7777780294
46639  -20.615  -23.142  31.038 0.7777780294
127917  -21.257  -23.630  31.258 0.7777780294
45588  -22.885  -24.632  32.491 0.8888890147
44640  -24.355  -25.665  33.303 0.8888890147
136877  -24.607  -25.415  32.649 0.7777780294
49864  -40.521  -20.039  24.709 0.1111110002
137965  -22.414  -26.776  29.573 0.8888890147
40977  -22.826  -29.181  26.583 0.6666669846
50828  -39.430  -19.332  23.274 0.3333329856
50829  -40.345  -19.177  23.609 0.2222220004
43769  -22.698  -26.556  28.893 0.8888890147
43791  -21.966  -26.019  28.173 0.8888890147
41890  -22.365  -28.185  26.204 0.8888890147
41891  -23.224  -28.710  25.916 0.8888890147
41899  -24.518  -28.492  25.120 0.6666669846
41911  -25.879  -28.155  24.360 0.7777780294
50839  -38.966  -18.491  22.315 0.2222220004
42913  -24.041  -27.718  24.724 0.8888890147
41910  -24.916  -27.994  24.471 0.8888890147
42941  -27.257  -27.175  23.553 0.6666669846
51731  -38.441  -17.619  21.690 0.2222220004
43860  -26.229  -26.175  22.899 0.8888890147
43861  -27.205  -26.405  22.995 0.8888890147
44765  -28.634  -25.657  22.757 0.8888890147
128957  -37.014  -18.290  21.677 0.3333329856
45736  -27.330  -23.881  22.046 0.8888890147
46776  -27.658  -23.028  22.117 0.8888890147
47888  -28.775  -22.034  22.462 0.7777780294
51718  -35.799  -17.745  22.455 0.5555559993
48870  -30.226  -21.142  23.091 0.8888890147
48860  -31.250  -20.686  24.068 0.8888890147
48872  -31.825  -20.314  23.256 0.8888890147
49859  -32.552  -19.966  23.621 0.8888890147
50810  -34.662  -18.797  23.923 0.8888890147
48861  -32.155  -20.563  24.490 0.8888890147
48862  -32.878  -20.255  24.558 0.8888890147
49861  -33.928  -19.836  24.848 0.8888890147
50809  -33.981  -19.336  24.043 0.8888890147
133216  -13.201  -15.190  32.654 0.1111110002
49776  -19.216  -20.637  30.214 0.6666669846
50731  -18.602  -19.270  30.057 0.3333329856
132382  -19.691  -21.707  30.227 0.5555559993
48786  -19.668  -21.284  29.729 0.4444440007
47775  -20.408  -22.626  30.400 0.6666669846
125432  -21.656  -23.456  30.555 0.7777780294
45596  -22.864  -24.244  31.496 0.7777780294
124300  -23.668  -24.404  31.113 0.7777780294
43729  -24.976  -26.986  32.976 0.7777780294
42803  -25.063  -27.543  32.437 0.7777780294
42828  -23.569  -28.047  30.998 0.7777780294
42849  -23.393  -27.442  29.811 0.8888890147
51720  -40.794  -18.600  23.206 0.2222220004
135975  -41.302  -18.133  22.984 0.1111110002
43813  -22.230  -25.837  27.260 0.8888890147
41897  -22.815  -27.773  25.550 0.8888890147
41898  -23.648  -28.230  25.308 0.8888890147
41900  -25.431  -28.672  24.976 0.6666669846
42925  -26.424  -27.530  23.791 0.7777780294
51733  -40.498  -17.728  22.406 0.2222220004
132647  -41.394  -17.470  22.577 0.2222220004
44706  -22.841  -25.599  26.601 0.8888890147
44722  -22.740  -25.668  25.864 0.8888890147
42922  -23.643  -26.829  24.566 0.8888890147
42923  -24.420  -27.118  24.150 0.8888890147
42939  -25.787  -26.774  23.353 0.8888890147
51732  -39.419  -17.683  21.959 0.2222220004
44763  -26.697  -25.538  22.547 0.8888890147
44774  -27.026  -24.762  22.206 0.8888890147
47821  -31.653  -22.778  27.166 0.6666669846
46678  -32.949  -23.210  28.932 0.3333329856
47808  -34.293  -22.334  28.629 0.3333329856
48800  -35.853  -21.764  28.729 0.4444440007
51730  -37.544  -17.560  21.644 0.3333329856
52653  -38.839  -16.844  21.599 0.2222220004
53572  -39.117  -16.074  21.774 0.2222220004
44773  -26.298  -24.740  22.421 0.8888890147
46775  -26.944  -23.228  22.366 0.8888890147
47868  -28.141  -22.170  22.983 0.7777780294
47858  -29.154  -21.831  24.065 0.7777780294
129777  -32.082  -22.042  26.640 0.7777780294
47823  -33.745  -22.226  27.986 0.3333329856
139402  -34.669  -21.329  27.214 0.6666669846
48816  -35.375  -20.935  27.132 0.6666669846
49823  -36.328  -19.910  26.721 0.8888890147
51685  -36.817  -18.602  25.813 0.8888890147
52651  -37.317  -16.908  21.822 0.4444440007
53571  -38.229  -16.312  21.943 0.2222220004
47856  -27.663  -22.567  23.604 0.8888890147
48846  -30.945  -21.338  24.907 0.7777780294
47847  -32.216  -21.284  25.666 0.8888890147
48829  -33.037  -21.479  26.499 0.7777780294
48830  -34.519  -20.882  26.615 0.8888890147
49841  -35.104  -19.898  25.863 0.8888890147
50795  -35.292  -19.210  25.178 0.8888890147
51696  -37.139  -18.008  25.393 0.8888890147
52627  -36.406  -17.266  23.117 0.5555559993
53541  -37.708  -16.493  23.412 0.4444440007
49839  -33.513  -20.300  25.162 0.8888890147
49840  -34.343  -20.290  25.739 0.8888890147
50794  -34.541  -19.556  24.993 0.8888890147
52610  -37.596  -17.420  25.017 0.5555559993
52628  -37.203  -17.021  23.910 0.5555559993
47801  -20.993  -21.993  28.630 0.5555559993
47802  -21.828  -22.209  28.297 0.4444440007
46654  -22.171  -23.047  29.323 0.5555559993
46671  -22.681  -22.914  28.772 0.5555559993
45603  -23.008  -23.952  30.629 0.6666669846
45604  -23.826  -24.135  30.158 0.6666669846
42771  -32.252  -27.143  33.820 0.1111110002
44648  -25.180  -25.588  32.253 0.7777780294
43730  -25.446  -27.146  32.389 0.7777780294
42808  -32.759  -27.475  33.068 0.1111110002
44642  -25.459  -26.462  32.461 0.7777780294
42815  -24.677  -28.075  31.842 0.7777780294
43798  -31.000  -26.315  28.884 0.4444440007
43757  -31.911  -26.988  30.260 0.3333329856
43772  -31.965  -25.939  29.730 0.2222220004
43747  -32.551  -27.135  31.422 0.2222220004
43733  -33.329  -26.964  32.641 0.1111110002
136828  -41.427  -16.775  22.291 0.1111110002
142453  -42.087  -17.149  22.659 0.1111110002
42829  -24.426  -28.209  30.613 0.8888890147
42875  -23.736  -27.045  28.873 0.8888890147
45623  -31.453  -25.718  29.061 0.3333329856
43758  -32.425  -26.067  30.400 0.2222220004
44654  -33.324  -25.496  31.299 0.2222220004
53573  -41.027  -16.043  22.001 0.2222220004
44723  -23.381  -25.293  26.080 0.8888890147
44736  -23.900  -24.910  24.890 0.8888890147
43858  -24.630  -25.419  23.572 0.8888890147
44761  -25.183  -24.833  23.108 0.8888890147
45636  -31.535  -24.737  28.616 0.4444440007
45610  -32.866  -24.317  29.860 0.4444440007
49757  -38.957  -20.389  32.840 0.2222220004
55406  -40.241  -14.893  22.554 0.2222220004
121323  -40.117  -15.937  21.782 0.2222220004
44762  -25.853  -25.256  22.681 0.8888890147
46688  -31.991  -23.180  27.870 0.5555559993
46660  -32.575  -23.849  29.225 0.4444440007
49771  -39.103  -20.218  32.006 0.5555559993
49803  -37.116  -20.828  28.931 0.5555559993
54451  -38.934  -15.663  23.625 0.2222220004
54464  -39.063  -15.569  22.458 0.2222220004
46736  -25.855  -23.550  23.408 0.8888890147
46722  -27.570  -23.262  24.554 0.7777780294
47857  -28.451  -22.161  23.732 0.7777780294
46724  -30.010  -22.678  25.774 0.7777780294
135581  -30.649  -22.695  26.287 0.7777780294
49804  -37.646  -20.191  28.600 0.6666669846
49813  -37.413  -19.849  27.807 0.7777780294
50789  -37.339  -18.870  26.543 0.8888890147
137500  -37.466  -18.356  26.072 0.8888890147
53559  -38.256  -16.018  22.838 0.4444440007
46738  -28.171  -22.677  24.302 0.7777780294
51676  -38.964  -18.752  28.227 0.7777780294
52592  -37.951  -17.860  25.905 0.8888890147
52629  -38.069  -16.851  24.572 0.5555559993
48795  -20.671  -21.208  28.226 0.4444440007
47803  -22.781  -22.409  28.119 0.4444440007
45619  -24.765  -24.233  29.649 0.5555559993
42806  -31.281  -27.776  32.230 0.1111110002
42786  -31.777  -27.413  33.029 0.1111110002
45605  -24.535  -24.587  30.683 0.6666669846
45606  -25.456  -24.710  30.184 0.6666669846
42832  -31.450  -27.925  30.926 0.2222220004
42807  -32.031  -27.747  32.452 0.2222220004
44649  -25.919  -25.864  31.819 0.7777780294
43770  -30.733  -27.051  29.175 0.3333329856
42833  -32.118  -27.469  31.004 0.2222220004
54466  -41.812  -14.985  23.126 0.1111110002
120722  -25.418  -28.264  31.219 0.7777780294
42850  -24.423  -27.825  29.547 0.8888890147
43797  -30.416  -26.514  28.564 0.4444440007
54479  -40.530  -15.314  22.171 0.2222220004
54480  -41.385  -15.453  22.459 0.1111110002
43793  -24.113  -26.736  28.281 0.8888890147
44707  -23.701  -25.542  26.813 0.8888890147
132067  -23.827  -25.002  25.599 0.8888890147
142270  -30.815  -25.625  28.380 0.4444440007
45635  -30.881  -24.868  27.963 0.6666669846
45657  -31.134  -24.190  27.817 0.4444440007
44737  -24.688  -24.737  25.489 0.8888890147
45690  -25.308  -24.248  24.841 0.8888890147
45707  -25.200  -23.874  24.018 0.8888890147
45656  -30.495  -24.497  27.432 0.6666669846
49758  -39.119  -19.786  32.289 0.4444440007
54465  -39.415  -15.147  23.318 0.2222220004
55405  -39.789  -14.932  22.811 0.2222220004
55391  -40.502  -14.533  23.294 0.1111110002
142683  -25.634  -23.920  24.470 0.8888890147
45709  -26.742  -23.591  24.496 0.7777780294
131164  -28.473  -23.194  25.018 0.7777780294
46723  -29.237  -22.998  25.387 0.7777780294
46704  -30.369  -23.314  26.517 0.7777780294
50739  -39.241  -19.488  30.294 0.6666669846
50772  -38.972  -19.213  28.985 0.7777780294
53528  -38.833  -16.616  25.132 0.5555559993
53543  -39.193  -15.981  24.728 0.4444440007
54452  -39.538  -15.260  24.272 0.2222220004
51652  -39.622  -18.334  29.896 0.7777780294
51664  -39.537  -18.526  29.016 0.7777780294
51687  -38.991  -18.233  27.396 0.8888890147
52594  -39.275  -17.038  26.344 0.7777780294
141353  -39.094  -16.842  25.751 0.5555559993
53529  -39.420  -16.320  25.826 0.5555559993
51677  -39.641  -18.033  28.221 0.8888890147
52579  -39.511  -17.391  27.365 0.8888890147
53504  -39.624  -16.735  28.448 0.8888890147
48812  -23.814  -21.087  27.501 0.3333329856
47804  -23.844  -22.343  27.853 0.5555559993
131860  -24.738  -22.078  27.731 0.3333329856
46655  -23.969  -23.685  29.113 0.5555559993
46656  -25.205  -23.724  28.738 0.4444440007
44643  -30.170  -25.757  32.539 0.2222220004
42785  -31.117  -27.260  32.646 0.1111110002
44632  -30.651  -25.731  33.706 0.1111110002
125805  -26.246  -24.682  29.817 0.3333329856
42819  -30.564  -28.019  31.655 0.2222220004
42805  -30.575  -27.440  32.222 0.2222220004
44661  -26.250  -25.280  30.704 0.5555559993
123641  -26.609  -26.009  31.471 0.5555559993
142333  -29.369  -27.601  28.876 0.3333329856
42856  -30.200  -27.845  29.591 0.3333329856
41825  -30.815  -28.152  31.219 0.3333329856
133023  -25.675  -27.743  31.977 0.7777780294
127383  -26.388  -27.628  31.739 0.6666669846
121616  -25.259  -28.007  29.300 0.6666669846
43796  -29.709  -26.815  28.292 0.5555559993
42881  -30.128  -27.228  28.832 0.3333329856
42876  -24.662  -27.382  28.763 0.7777780294
42877  -25.531  -27.542  28.601 0.8888890147
43816  -25.084  -26.409  27.540 0.8888890147
44727  -28.482  -25.151  26.485 0.7777780294
44688  -30.036  -26.031  27.973 0.5555559993
44712  -30.291  -25.251  27.696 0.6666669846
49770  -36.442  -19.877  32.071 0.4444440007
132197  -25.448  -25.380  26.423 0.8888890147
44738  -25.854  -24.733  25.662 0.7777780294
44725  -26.527  -25.353  26.311 0.7777780294
44726  -27.492  -25.308  26.361 0.7777780294
44728  -29.222  -25.203  26.891 0.7777780294
45655  -29.824  -24.853  27.116 0.6666669846
46703  -29.650  -23.562  26.131 0.7777780294
50724  -36.830  -19.051  31.777 0.4444440007
50711  -37.481  -19.657  32.471 0.4444440007
45691  -26.237  -24.096  24.961 0.7777780294
45693  -28.124  -23.946  25.393 0.7777780294
45694  -28.908  -23.809  25.718 0.7777780294
50738  -36.059  -18.925  31.156 0.5555559993
51627  -38.962  -18.581  31.647 0.5555559993
54440  -39.708  -15.428  25.341 0.3333329856
55373  -40.104  -14.745  24.850 0.2222220004
55374  -40.621  -14.281  24.436 0.1111110002
51651  -35.200  -17.839  29.927 0.6666669846
51638  -35.565  -18.544  30.559 0.6666669846
133774  -38.146  -17.445  30.869 0.7777780294
52533  -39.482  -17.952  30.477 0.7777780294
53512  -39.717  -16.710  27.671 0.7777780294
52544  -34.842  -17.374  29.153 0.7777780294
52530  -36.105  -17.587  30.347 0.7777780294
52548  -39.007  -16.922  29.913 0.8888890147
53493  -39.388  -16.816  29.231 0.8888890147
131997  -39.717  -16.034  27.162 0.7777780294
54429  -39.806  -15.569  26.409 0.5555559993
52546  -36.673  -16.722  29.895 0.8888890147
53492  -38.575  -16.411  29.403 0.8888890147
53503  -39.061  -16.113  28.662 0.8888890147
54418  -39.728  -15.199  27.194 0.6666669846
125861  -25.398  -22.416  27.990 0.2222220004
46675  -26.616  -22.902  28.616 0.2222220004
46658  -27.062  -23.514  29.018 0.2222220004
46657  -26.240  -23.658  28.738 0.2222220004
45607  -27.066  -24.886  30.004 0.2222220004
44653  -29.607  -25.445  31.855 0.1111110002
45621  -26.678  -24.231  29.267 0.2222220004
44650  -27.243  -26.468  31.426 0.3333329856
43744  -27.792  -27.297  31.483 0.4444440007
42817  -27.997  -27.963  31.316 0.2222220004
41836  -28.252  -28.391  30.995 0.2222220004
41837  -29.225  -28.373  31.030 0.2222220004
42804  -29.999  -27.600  31.870 0.1111110002
42816  -27.055  -27.882  31.414 0.4444440007
41821  -27.508  -28.226  31.143 0.4444440007
41856  -28.880  -28.378  30.319 0.2222220004
42855  -29.399  -28.148  29.686 0.1111110002
41824  -30.104  -28.285  31.088 0.1111110002
121012  -26.242  -28.095  31.439 0.6666669846
41820  -26.853  -28.326  31.086 0.4444440007
41854  -27.194  -28.442  29.939 0.4444440007
41855  -28.012  -28.389  30.138 0.4444440007
42880  -28.395  -27.597  28.616 0.3333329856
49781  -32.479  -20.506  30.545 0.2222220004
48769  -33.614  -21.222  31.814 0.2222220004
42851  -26.028  -28.132  29.153 0.5555559993
124622  -25.909  -26.946  27.875 0.6666669846
126527  -27.048  -27.163  28.003 0.6666669846
43795  -28.018  -27.127  27.937 0.6666669846
43819  -28.439  -26.463  27.523 0.5555559993
49782  -33.312  -20.429  30.452 0.2222220004
49783  -34.236  -20.269  30.720 0.3333329856
43828  -25.699  -26.169  27.172 0.7777780294
43817  -26.611  -26.469  27.349 0.7777780294
43829  -26.294  -25.895  26.818 0.7777780294
49795  -33.185  -19.893  29.861 0.3333329856
50722  -35.091  -20.035  31.155 0.3333329856
136553  -33.484  -19.318  29.526 0.5555559993
137096  -35.464  -19.303  30.922 0.5555559993
50753  -33.802  -18.576  29.186 0.6666669846
51637  -34.825  -18.566  30.052 0.5555559993
55340  -40.086  -14.681  26.791 0.2222220004
51663  -34.132  -17.796  28.782 0.7777780294
52545  -35.639  -17.078  29.634 0.7777780294
54417  -39.105  -14.847  27.719 0.6666669846
141284  -33.711  -17.729  28.187 0.7777780294
141649  -34.489  -17.307  28.639 0.7777780294
53501  -36.641  -16.117  29.215 0.8888890147
54390  -38.096  -15.695  28.816 0.8888890147
54404  -38.653  -15.231  28.193 0.7777780294
52578  -33.657  -17.364  27.493 0.7777780294
52563  -34.199  -17.271  28.182 0.8888890147
126282  -35.400  -16.265  28.554 0.8888890147
50735  -30.265  -19.588  30.578 0.2222220004
127472  -30.259  -19.495  29.520 0.2222220004
49792  -31.132  -19.946  30.106 0.2222220004
49780  -31.738  -20.365  30.727 0.2222220004
50750  -31.293  -19.807  29.345 0.4444440007
50751  -32.058  -19.820  29.279 0.4444440007
50768  -31.580  -19.560  28.575 0.5555559993
50752  -32.778  -19.612  29.367 0.5555559993
51674  -30.733  -19.041  27.163 0.7777780294
50780  -31.167  -19.334  27.829 0.5555559993
50781  -31.986  -19.161  27.987 0.6666669846
119029  -31.575  -18.831  27.311 0.6666669846
51661  -32.725  -18.721  28.272 0.6666669846
51683  -31.157  -18.589  26.580 0.7777780294
51684  -32.054  -18.239  26.804 0.6666669846
51675  -33.120  -18.032  27.883 0.6666669846
52577  -32.868  -17.828  27.112 0.7777780294
53502  -37.072  -15.553  28.843 0.8888890147
52607  -31.281  -17.877  25.204 0.7777780294
52590  -32.534  -17.627  26.322 0.8888890147
53510  -34.374  -16.645  27.558 1.0000000000
139547  -35.396  -15.668  27.996 0.8888890147
54416  -35.925  -15.035  28.002 0.8888890147
52608  -32.216  -17.484  25.515 0.8888890147
53517  -33.880  -16.814  26.911 1.0000000000
53518  -34.290  -16.241  26.671 1.0000000000
54428  -35.066  -15.150  26.587 0.8888890147
123853  -35.260  -14.689  26.066 1.0000000000
55338  -35.503  -14.547  26.728 0.8888890147
52626  -31.920  -17.416  24.659 1.0000000000
53525  -32.733  -16.933  25.022 1.0000000000
53526  -33.482  -16.475  25.358 1.0000000000
53527  -34.201  -15.931  25.752 1.0000000000
54439  -34.826  -15.189  25.718 1.0000000000
53539  -31.663  -17.307  23.807 1.0000000000
53540  -32.493  -16.909  24.185 1.0000000000
121720  -33.233  -16.417  24.511 1.0000000000
54438  -33.912  -15.922  24.854 0.8888890147
54450  -34.284  -15.365  24.398 1.0000000000
53557  -32.971  -16.427  23.595 1.0000000000
136518  -32.988  -16.271  22.891 1.0000000000
54462  -33.500  -15.831  23.191 1.0000000000
50734  -29.436  -19.094  30.210 0.2222220004
141655  -28.852  -18.678  30.039 0.3333329856
50749  -29.810  -19.253  28.716 0.5555559993
51649  -29.112  -18.899  29.372 0.3333329856
51648  -28.233  -18.144  29.893 0.3333329856
51660  -29.108  -18.814  28.392 0.5555559993
50779  -30.477  -19.248  27.709 0.6666669846
51673  -29.929  -19.032  27.181 0.8888890147
51682  -30.209  -18.751  26.469 0.8888890147
51692  -29.662  -18.486  25.688 0.8888890147
52606  -30.203  -18.187  24.978 0.7777780294
55339  -35.904  -13.878  26.878 0.8888890147
56270  -35.633  -14.016  25.995 1.0000000000
52625  -30.802  -17.734  24.250 1.0000000000
55356  -35.261  -14.514  25.352 0.8888890147
56283  -35.614  -13.924  25.138 0.8888890147
52643  -30.843  -17.546  23.405 1.0000000000
54463  -34.127  -15.302  23.566 1.0000000000
55388  -34.686  -14.778  23.999 1.0000000000
55389  -35.097  -14.234  23.560 0.8888890147
130178  -35.544  -13.771  23.848 0.7777780294
53570  -30.918  -17.367  22.013 1.0000000000
137973  -32.243  -16.935  23.466 1.0000000000
53556  -32.411  -16.719  22.858 1.0000000000
54477  -33.241  -15.971  22.394 1.0000000000
54478  -33.939  -15.286  22.602 1.0000000000
55403  -34.472  -14.654  22.432 1.0000000000
55404  -34.948  -14.159  22.756 0.8888890147
56301  -35.477  -13.664  23.154 0.7777780294
54476  -32.739  -16.365  21.616 1.0000000000
54486  -33.458  -15.643  21.664 1.0000000000
55418  -33.677  -15.278  21.052 1.0000000000
54487  -34.112  -14.951  21.769 1.0000000000
51672  -29.160  -18.746  27.500 0.7777780294
51671  -28.395  -18.232  28.003 0.5555559993
51680  -28.407  -18.215  27.128 0.5555559993
51681  -29.168  -18.624  26.525 0.7777780294
51691  -28.712  -18.178  25.679 0.7777780294
52605  -29.151  -18.153  24.915 0.8888890147
52623  -28.840  -17.728  24.335 1.0000000000
52624  -29.620  -17.910  24.243 1.0000000000
52642  -29.952  -17.732  23.506 1.0000000000
53554  -30.237  -17.566  22.644 1.0000000000
124720  -31.907  -16.949  21.943 1.0000000000
138738  -32.698  -16.477  22.348 1.0000000000
56310  -34.773  -14.179  21.830 1.0000000000
56311  -35.415  -13.558  22.344 1.0000000000
53583  -30.169  -16.912  20.892 1.0000000000
53584  -31.020  -17.218  21.218 1.0000000000
53585  -31.982  -16.849  20.853 1.0000000000
142391  -33.103  -15.600  19.929 1.0000000000
55428  -33.597  -15.117  20.269 1.0000000000
55419  -34.222  -14.637  21.022 1.0000000000
56319  -35.383  -13.371  21.493 0.8888890147
57246  -35.881  -12.823  21.999 0.6666669846
54493  -30.333  -16.179  20.280 1.0000000000
53594  -31.107  -16.834  20.431 1.0000000000
54495  -31.911  -16.428  20.021 1.0000000000
54508  -32.529  -15.731  19.564 1.0000000000
54509  -33.178  -15.202  19.535 1.0000000000
55444  -33.764  -14.574  19.617 1.0000000000
140940  -34.301  -13.945  19.669 1.0000000000
56326  -34.850  -13.438  20.127 1.0000000000
56337  -33.963  -13.964  19.033 1.0000000000
56338  -34.638  -13.257  19.302 1.0000000000
53509  -27.760  -16.549  27.423 0.3333329856
52576  -27.925  -17.401  26.820 0.5555559993
52588  -28.097  -17.411  25.931 0.7777780294
133837  -27.855  -16.358  26.491 0.4444440007
52604  -28.385  -17.489  24.966 0.7777780294
53537  -28.208  -16.641  24.679 0.6666669846
53524  -28.020  -16.535  25.481 0.5555559993
53538  -28.493  -17.124  24.120 0.8888890147
54436  -28.211  -15.806  24.972 0.5555559993
52641  -29.023  -17.574  23.691 1.0000000000
141456  -28.460  -16.217  23.314 0.8888890147
53553  -28.658  -16.901  23.267 0.8888890147
118210  -29.180  -17.233  22.399 1.0000000000
54475  -28.996  -15.798  21.959 0.8888890147
53569  -30.027  -17.392  21.647 1.0000000000
137193  -29.671  -16.947  21.324 0.8888890147
142084  -29.821  -16.276  20.734 1.0000000000
55427  -30.057  -15.118  20.147 0.7777780294
123665  -35.819  -12.587  21.155 0.5555559993
54507  -31.617  -15.788  19.455 1.0000000000
55456  -31.907  -14.520  18.477 1.0000000000
55457  -32.601  -14.642  18.634 1.0000000000
55443  -33.274  -14.654  18.996 1.0000000000
139972  -35.304  -12.907  20.198 0.7777780294
57253  -35.683  -12.360  20.248 0.6666669846
57254  -36.182  -11.872  20.762 0.4444440007
55455  -31.207  -14.073  18.538 0.8888890147
56348  -31.723  -13.767  18.028 1.0000000000
56350  -33.332  -13.875  18.401 1.0000000000
140679  -33.598  -13.160  18.131 1.0000000000
57272  -35.396  -11.634  18.572 0.7777780294
58218  -35.899  -11.202  19.030 0.5555559993
59171  -36.300  -10.530  18.652 0.4444440007
59172  -36.998  -10.209  19.189 0.3333329856
56362  -32.221  -13.253  17.659 1.0000000000
56363  -33.063  -13.155  17.807 1.0000000000
141246  -33.327  -12.500  17.533 1.0000000000
57271  -34.680  -12.042  18.195 0.7777780294
58228  -35.160  -11.483  17.942 0.7777780294
59186  -35.980  -10.654  18.100 0.6666669846
59187  -36.451  -10.217  18.038 0.4444440007
59188  -37.166  -9.886  17.925 0.3333329856
57285  -34.427  -11.778  17.574 0.8888890147
58240  -34.898  -11.440  17.427 0.7777780294
124693  -35.327  -11.160  17.324 0.7777780294
59200  -35.991  -10.682  17.513 0.5555559993
123337  -36.781  -10.205  17.347 0.4444440007
54437  -28.630  -15.041  25.345 0.3333329856
130831  -28.533  -15.495  23.463 0.5555559993
54448  -28.539  -15.188  24.417 0.5555559993
54461  -28.675  -16.198  22.641 0.8888890147
55416  -29.256  -15.121  21.604 0.6666669846
55417  -29.686  -14.363  21.023 0.6666669846
53582  -29.432  -16.217  21.233 0.7777780294
129784  -29.654  -15.544  20.786 0.6666669846
133589  -30.031  -14.172  20.175 0.7777780294
130114  -30.500  -14.673  19.514 0.8888890147
141337  -30.735  -14.220  19.046 0.8888890147
56336  -30.464  -13.404  18.883 0.7777780294
136399  -30.903  -13.254  17.985 0.8888890147
57269  -30.150  -12.628  18.347 0.8888890147
57281  -30.365  -12.452  17.544 1.0000000000
57282  -31.059  -12.708  17.280 1.0000000000
57283  -31.827  -12.690  17.183 1.0000000000
57284  -32.752  -12.490  17.266 1.0000000000
140554  -37.418  -9.948  17.287 0.3333329856
124125  -30.934  -11.831  16.295 1.0000000000
58251  -31.746  -11.710  15.996 1.0000000000
57298  -33.193  -11.811  16.809 1.0000000000
58253  -33.706  -11.520  16.350 1.0000000000
127075  -35.593  -11.061  16.688 0.6666669846
59201  -36.466  -10.683  16.638 0.6666669846
58252  -32.762  -11.636  16.109 1.0000000000
58266  -33.334  -11.426  15.431 1.0000000000
58282  -34.827  -11.372  14.782 1.0000000000
58268  -35.184  -11.296  15.746 0.7777780294
55352  -29.286  -14.643  25.618 0.2222220004
55386  -29.105  -14.452  23.878 0.4444440007
55370  -29.925  -14.009  24.644 0.4444440007
142191  -29.965  -13.813  23.918 0.4444440007
55387  -29.626  -13.965  23.102 0.4444440007
56292  -30.531  -13.400  23.467 0.4444440007
55401  -28.919  -14.939  22.653 0.5555559993
55402  -29.480  -14.150  22.088 0.5555559993
56308  -29.941  -13.531  21.690 0.5555559993
56317  -30.065  -13.181  20.909 0.5555559993
57251  -30.225  -12.433  20.624 0.5555559993
56325  -30.213  -13.597  19.715 0.6666669846
57260  -29.998  -12.518  19.282 0.6666669846
58216  -29.629  -10.912  19.173 0.5555559993
57259  -29.690  -11.864  18.797 0.6666669846
58227  -29.540  -11.192  18.274 0.6666669846
59185  -29.538  -10.537  17.832 0.5555559993
57280  -29.756  -11.937  17.891 0.8888890147
58249  -29.749  -11.212  16.918 0.8888890147
58250  -30.256  -11.430  16.448 1.0000000000
132323  -31.125  -10.031  14.809 1.0000000000
58264  -31.629  -11.178  15.273 1.0000000000
58281  -33.926  -11.295  14.694 1.0000000000
58292  -34.485  -11.216  13.989 1.0000000000
58294  -36.049  -11.268  13.929 1.0000000000
59254  -34.936  -11.000  13.295 1.0000000000
59255  -35.776  -11.077  13.267 1.0000000000
56299  -30.238  -13.432  22.543 0.4444440007
57237  -31.774  -12.094  22.956 0.2222220004
134476  -31.302  -12.204  22.331 0.3333329856
56300  -31.136  -12.759  22.950 0.3333329856
57238  -31.852  -11.516  23.003 0.2222220004
56309  -30.588  -12.790  22.007 0.5555559993
120316  -31.207  -11.750  22.060 0.3333329856
58193  -31.412  -11.265  22.495 0.3333329856
58200  -30.924  -10.664  22.076 0.3333329856
122594  -30.574  -9.941  21.512 0.3333329856
58208  -30.250  -11.635  20.689 0.5555559993
58217  -29.866  -11.572  19.831 0.5555559993
59140  -30.267  -10.128  20.933 0.3333329856
142660  -29.812  -10.876  19.837 0.5555559993
60189  -30.137  -9.527  19.433 0.3333329856
60188  -29.755  -10.073  18.984 0.5555559993
60199  -29.693  -9.886  18.232 0.5555559993
60227  -29.746  -10.024  16.604 0.7777780294
59232  -30.581  -9.805  15.291 1.0000000000
60255  -30.998  -9.170  14.727 1.0000000000
60256  -31.676  -9.831  14.261 1.0000000000
140247  -33.671  -10.641  13.569 1.0000000000
121730  -34.172  -10.778  13.436 1.0000000000
60289  -32.588  -8.935  12.968 1.0000000000
59252  -32.826  -9.738  13.297 1.0000000000
60291  -34.898  -9.974  12.078 1.0000000000
59274  -35.371  -10.591  12.620 1.0000000000
60292  -35.838  -10.105  11.986 1.0000000000
118896  -34.549  -7.334  23.812 0.1111110002
62332  -35.295  -7.218  23.532 0.1111110002
62333  -36.036  -7.109  23.759 0.1111110002
134354  -31.739  -10.963  22.990 0.3333329856
59103  -31.710  -10.167  23.312 0.2222220004
131893  -32.454  -7.956  23.059 0.1111110002
62341  -33.301  -7.568  22.798 0.1111110002
137843  -34.010  -7.413  22.661 0.1111110002
118739  -34.720  -7.269  22.943 0.1111110002
59121  -31.334  -10.424  22.702 0.3333329856
61216  -31.910  -8.304  22.559 0.2222220004
62351  -32.730  -7.735  22.239 0.1111110002
122266  -33.686  -7.482  22.004 0.1111110002
62352  -34.480  -7.257  21.603 0.2222220004
134971  -30.943  -9.648  22.175 0.3333329856
60170  -30.912  -8.933  21.379 0.2222220004
61223  -31.745  -8.222  21.078 0.2222220004
62360  -32.961  -7.645  21.323 0.1111110002
61230  -31.167  -8.596  20.477 0.2222220004
61237  -31.920  -8.095  20.163 0.2222220004
60190  -30.618  -8.990  19.914 0.2222220004
61236  -31.329  -8.418  19.569 0.2222220004
62394  -32.228  -7.378  17.857 0.2222220004
61246  -30.639  -8.860  18.913 0.3333329856
60215  -30.145  -9.099  17.952 0.4444440007
62393  -31.427  -7.940  17.787 0.3333329856
120284  -30.056  -9.056  16.860 0.4444440007
128956  -30.644  -8.307  16.581 0.5555559993
62421  -31.347  -7.390  15.725 0.7777780294
61302  -30.857  -8.377  15.066 0.8888890147
61303  -31.279  -8.247  14.420 1.0000000000
62447  -31.674  -7.777  13.822 0.8888890147
61318  -31.693  -8.530  13.840 1.0000000000
61319  -32.058  -8.340  13.318 1.0000000000
60290  -33.259  -9.400  12.655 1.0000000000
135310  -32.944  -8.709  12.396 1.0000000000
61344  -33.852  -8.442  11.324 0.8888890147
61345  -34.754  -8.717  10.985 0.8888890147
61347  -36.703  -8.885  10.923 1.0000000000
61361  -36.189  -8.238  10.447 0.8888890147
61362  -37.117  -8.224  10.496 0.8888890147
61364  -38.873  -7.935  10.820 0.7777780294
118418  -35.769  -7.010  22.854 0.1111110002
62354  -35.862  -6.871  21.916 0.2222220004
63529  -35.874  -6.743  21.220 0.2222220004
128945  -33.841  -7.420  21.171 0.2222220004
62362  -34.557  -7.103  20.673 0.2222220004
63543  -35.061  -6.675  19.984 0.2222220004
137319  -32.628  -7.728  19.924 0.2222220004
62361  -33.458  -7.432  20.263 0.2222220004
62372  -34.284  -6.946  19.726 0.2222220004
62370  -32.986  -7.432  19.357 0.2222220004
62371  -33.644  -7.125  19.393 0.2222220004
62407  -31.751  -7.391  17.029 0.3333329856
63588  -31.891  -6.800  15.805 0.5555559993
63604  -31.591  -6.975  15.110 0.7777780294
62438  -31.518  -7.344  14.465 0.7777780294
62448  -32.060  -7.434  13.206 0.8888890147
62455  -32.533  -7.107  12.502 0.8888890147
61331  -32.483  -8.094  12.673 1.0000000000
62456  -32.975  -7.120  11.782 0.8888890147
61360  -35.221  -8.121  10.471 0.8888890147
62476  -35.719  -7.554  10.062 0.8888890147
62478  -37.511  -7.552  10.107 0.8888890147
62480  -39.241  -7.210  10.472 0.8888890147
62493  -37.888  -6.871  9.784 0.8888890147
62494  -38.731  -6.693  9.973 0.8888890147
63675  -39.635  -6.423  10.111 0.8888890147
123666  -33.332  -6.987  18.755 0.2222220004
63554  -34.040  -6.619  18.955 0.2222220004
64657  -34.518  -5.918  18.413 0.2222220004
63567  -33.689  -6.422  18.220 0.2222220004
64667  -34.030  -5.979  17.728 0.3333329856
64682  -33.977  -5.820  17.030 0.3333329856
64683  -34.683  -5.584  16.787 0.3333329856
134618  -33.321  -6.340  17.377 0.3333329856
63578  -32.532  -6.862  17.279 0.3333329856
63590  -33.311  -6.142  16.507 0.3333329856
63606  -33.192  -6.097  15.612 0.4444440007
64701  -34.783  -5.890  15.911 0.3333329856
120702  -32.586  -6.403  16.062 0.3333329856
63605  -32.312  -6.418  15.116 0.4444440007
63629  -33.093  -6.060  14.567 0.4444440007
63628  -32.352  -6.419  14.157 0.5555559993
63646  -32.877  -6.049  13.505 0.4444440007
63655  -32.844  -6.400  12.146 0.7777780294
140628  -33.736  -7.165  10.941 0.8888890147
63664  -34.030  -6.716  10.664 0.7777780294
63673  -34.705  -6.236  10.105 0.8888890147
63684  -36.469  -6.277  9.522 0.8888890147
64791  -40.483  -5.309  9.736 0.8888890147
64787  -36.831  -5.551  9.371 0.8888890147
64788  -37.731  -5.494  9.365 0.8888890147
64790  -39.603  -5.565  9.664 0.8888890147
65816  -37.654  -4.215  9.163 0.8888890147
65806  -38.071  -4.785  9.246 0.8888890147
123401  -33.987  -6.043  15.243 0.4444440007
134123  -34.979  -6.287  14.740 0.3333329856
64723  -33.940  -6.078  14.447 0.3333329856
64741  -33.524  -5.715  13.179 0.6666669846
131244  -33.014  -5.831  12.667 0.6666669846
137018  -33.141  -5.867  11.980 0.7777780294
64754  -33.584  -5.630  11.502 0.7777780294
140551  -33.676  -6.156  11.020 0.7777780294
135537  -33.996  -5.801  10.756 0.8888890147
64773  -34.465  -5.252  10.438 0.8888890147
65809  -40.862  -4.574  9.406 0.8888890147
64786  -35.933  -5.519  9.498 0.8888890147
132250  -36.313  -4.934  9.371 0.8888890147
65817  -38.423  -4.067  9.153 0.8888890147
65819  -40.171  -4.108  9.175 0.8888890147
66680  -37.688  -3.557  9.028 0.8888890147
140246  -38.342  -3.346  8.993 0.8888890147
120461  -38.109  -2.012  8.722 0.8888890147
69205  -37.867  0.009  8.687 0.8888890147
70112  -37.476  0.926  9.050 0.8888890147
70113  -38.424  0.768  8.468 0.8888890147
71059  -38.733  1.743  8.255 0.8888890147
71960  -40.183  2.625  7.007 0.8888890147
71971  -41.609  3.292  5.684 0.8888890147
64742  -34.369  -5.441  12.937 0.5555559993
64755  -33.979  -4.989  12.027 0.7777780294
64765  -34.045  -5.025  11.180 0.6666669846
135188  -34.828  -4.722  10.168 0.8888890147
65792  -34.553  -4.499  10.812 0.7777780294
65793  -34.986  -4.005  10.314 0.8888890147
65803  -35.495  -4.603  9.680 0.8888890147
66670  -35.642  -3.536  9.769 0.8888890147
65804  -36.299  -4.204  9.339 0.8888890147
66672  -36.986  -3.872  9.101 0.8888890147
67540  -37.827  -2.796  8.870 0.8888890147
136266  -35.913  -2.078  9.758 0.8888890147
67531  -36.449  -2.053  9.285 0.8888890147
67532  -37.230  -2.074  8.869 0.8888890147
68382  -37.522  -1.395  8.789 0.8888890147
68376  -36.778  -1.251  9.123 0.8888890147
69204  -37.284  -0.599  8.909 0.8888890147
127571  -37.121  0.230  9.151 0.8888890147
71052  -37.425  1.532  9.486 0.8888890147
71058  -37.885  1.722  8.913 0.8888890147
71935  -38.268  2.539  8.819 0.8888890147
71936  -38.904  2.642  8.187 0.8888890147
72811  -39.232  3.370  8.129 0.8888890147
72822  -39.866  3.565  7.393 0.8888890147
73768  -40.437  4.204  6.916 0.8888890147
72836  -40.972  3.862  6.183 0.8888890147
123317  -42.407  2.833  5.419 0.8888890147
72845  -42.743  3.444  4.908 0.7777780294
71972  -43.240  2.772  5.174 0.7777780294
129071  -43.814  2.553  5.843 0.6666669846
64756  -34.736  -4.796  12.294 0.5555559993
65767  -34.980  -4.181  11.868 0.5555559993
65784  -34.957  -3.806  11.185 0.5555559993
123060  -35.470  -2.997  11.285 0.6666669846
66666  -35.303  -3.227  10.555 0.6666669846
67525  -35.485  -2.505  10.772 0.6666669846
68370  -35.706  -1.761  10.467 0.8888890147
141431  -35.861  -1.085  10.412 0.8888890147
69195  -36.085  -0.530  10.330 0.8888890147
135463  -36.578  -0.278  9.592 0.8888890147
70097  -36.844  0.999  10.472 0.8888890147
71045  -37.257  1.641  10.008 0.7777780294
71914  -37.838  2.268  9.554 0.8888890147
72810  -38.703  3.201  8.742 0.8888890147
139427  -39.113  3.683  8.739 0.8888890147
73748  -40.425  4.765  8.295 0.8888890147
73757  -40.139  4.377  7.659 0.8888890147
73769  -41.087  4.876  6.564 0.8888890147
138814  -42.099  3.615  5.263 0.8888890147
72853  -43.545  3.397  4.575 0.7777780294
71981  -44.101  2.852  5.014 0.6666669846
133338  -35.552  -4.571  12.226 0.5555559993
65768  -35.625  -3.673  11.848 0.5555559993
66652  -35.925  -2.855  11.786 0.5555559993
68363  -35.882  -2.094  11.409 0.5555559993
68365  -37.137  -1.108  12.359 0.5555559993
136166  -35.948  -0.936  11.184 0.7777780294
69177  -36.508  -0.236  11.481 0.5555559993
70086  -37.260  0.846  11.314 0.4444440007
70096  -36.435  0.265  10.300 0.7777780294
71033  -37.498  1.566  10.791 0.6666669846
71903  -38.535  2.526  10.622 0.6666669846
71046  -37.839  2.211  10.294 0.7777780294
72792  -39.779  3.650  10.260 0.7777780294
73730  -40.758  3.989  10.522 0.4444440007
73731  -41.674  4.400  10.393 0.5555559993
135670  -38.845  3.481  9.148 0.8888890147
72802  -40.209  4.170  9.807 0.7777780294
73749  -41.045  4.957  8.946 0.5555559993
74726  -41.773  5.409  8.679 0.5555559993
74740  -42.382  5.867  8.275 0.5555559993
74747  -41.317  5.460  7.399 0.7777780294
131441  -41.679  5.686  8.010 0.5555559993
74759  -42.180  5.888  6.420 0.8888890147
74758  -41.717  5.277  6.006 0.8888890147
73776  -42.331  4.300  5.060 0.8888890147
65771  -39.197  -4.352  12.331 0.3333329856
118481  -37.264  -3.816  12.074 0.5555559993
66654  -37.871  -3.186  12.117 0.4444440007
66653  -36.478  -3.330  12.021 0.5555559993
67515  -36.550  -2.368  12.069 0.5555559993
68353  -37.035  -1.761  12.323 0.5555559993
69178  -37.162  -0.371  12.104 0.5555559993
119003  -38.306  1.166  11.691 0.4444440007
71035  -39.095  1.674  11.732 0.4444440007
71917  -39.972  3.122  11.011 0.3333329856
72785  -41.714  3.444  11.722 0.1111110002
72794  -42.511  3.769  11.620 0.1111110002
140601  -40.340  3.538  10.763 0.4444440007
72793  -41.637  3.883  11.112 0.2222220004
73732  -42.572  4.634  10.391 0.4444440007
73733  -43.539  4.707  10.492 0.4444440007
135947  -41.941  4.956  9.568 0.5555559993
132004  -43.418  5.588  9.300 0.5555559993
74741  -43.332  5.997  8.606 0.5555559993
75666  -43.812  6.439  8.009 0.5555559993
74748  -42.092  5.953  7.372 0.5555559993
75672  -42.827  6.324  6.859 0.5555559993
74773  -43.398  5.089  4.279 0.8888890147
120613  -42.333  5.610  5.625 0.8888890147
72854  -44.409  3.354  4.333 0.7777780294
73784  -43.858  4.195  3.997 0.7777780294
71982  -44.942  2.964  4.862 0.6666669846
72846  -45.803  3.072  4.726 0.6666669846
71975  -45.879  3.152  5.715 0.6666669846
66633  -43.026  -3.426  14.588 0.1111110002
67509  -41.221  -2.727  13.758 0.1111110002
128093  -38.771  -3.429  12.197 0.4444440007
66656  -40.127  -3.365  12.667 0.3333329856
67519  -40.144  -2.580  13.004 0.1111110002
67520  -40.614  -2.458  13.455 0.1111110002
67518  -39.410  -2.721  12.540 0.2222220004
141159  -39.071  -2.121  12.731 0.1111110002
68357  -40.085  -1.713  13.454 0.1111110002
67517  -38.469  -2.365  12.462 0.4444440007
68355  -38.789  -1.572  12.882 0.3333329856
68356  -39.455  -1.364  13.207 0.2222220004
69168  -39.739  -0.721  13.367 0.2222220004
67516  -37.451  -2.353  12.308 0.4444440007
68354  -37.813  -1.625  12.573 0.4444440007
69167  -38.687  -0.062  12.591 0.4444440007
70075  -39.534  0.267  12.803 0.2222220004
70088  -39.976  1.094  12.581 0.3333329856
69166  -38.051  -0.735  12.645 0.4444440007
69179  -37.877  0.269  12.106 0.4444440007
70087  -39.359  1.071  12.227 0.4444440007
71024  -40.487  1.511  12.669 0.2222220004
71898  -41.540  2.719  12.591 0.2222220004
71899  -42.333  3.166  12.700 0.2222220004
72781  -44.625  3.526  12.370 0.1111110002
72782  -45.383  3.768  12.662 0.1111110002
73719  -46.726  4.496  12.451 0.1111110002
71036  -40.017  1.743  12.106 0.3333329856
71037  -40.853  2.214  12.350 0.2222220004
71907  -42.096  3.302  12.221 0.1111110002
71908  -43.000  3.512  12.208 0.1111110002
72787  -44.411  3.720  11.736 0.1111110002
73723  -44.979  4.137  11.218 0.2222220004
73736  -46.408  4.751  10.864 0.1111110002
74709  -47.207  4.959  11.005 0.1111110002
72786  -43.534  3.756  11.687 0.1111110002
73722  -44.040  4.117  11.119 0.1111110002
73734  -44.551  4.711  10.602 0.3333329856
73735  -45.521  4.683  10.731 0.2222220004
74720  -46.038  5.267  10.273 0.2222220004
74718  -44.066  5.355  9.878 0.4444440007
75652  -44.100  6.237  8.583 0.5555559993
75706  -43.817  6.255  4.699 0.8888890147
119254  -44.210  6.776  5.855 0.7777780294
75685  -44.260  6.826  6.703 0.5555559993
75673  -43.607  6.585  7.216 0.6666669846
74774  -43.915  5.837  4.084 0.8888890147
74769  -43.292  5.842  4.708 0.8888890147
75683  -42.819  6.195  5.970 0.8888890147
73789  -43.981  5.066  3.825 0.7777780294
73790  -44.406  4.622  3.606 0.7777780294
72863  -44.735  3.897  3.718 0.6666669846
72855  -45.273  3.293  4.143 0.6666669846
67491  -44.067  -2.556  14.988 0.1111110002
67510  -41.848  -2.593  14.124 0.1111110002
68333  -42.750  -2.190  14.553 0.1111110002
68334  -43.260  -1.910  14.887 0.1111110002
68347  -42.099  -2.049  14.387 0.1111110002
68358  -40.721  -1.796  13.905 0.1111110002
69160  -41.501  -0.378  14.511 0.1111110002
132097  -40.295  -0.819  13.745 0.1111110002
133164  -40.930  -0.831  14.160 0.1111110002
70066  -41.029  0.434  13.875 0.1111110002
69170  -40.499  0.154  13.594 0.1111110002
70078  -41.273  1.527  13.445 0.1111110002
71019  -41.898  2.033  13.662 0.1111110002
71891  -43.490  2.561  14.224 0.1111110002
70077  -40.708  1.122  13.221 0.1111110002
71025  -41.049  1.987  12.843 0.2222220004
71027  -42.481  2.845  13.229 0.1111110002
71896  -44.114  3.051  13.720 0.1111110002
72778  -45.471  3.774  13.479 0.1111110002
71900  -43.211  3.306  12.735 0.1111110002
71901  -44.032  3.297  12.879 0.2222220004
73715  -46.222  4.297  13.246 0.1111110002
73716  -47.124  4.851  13.092 0.1111110002
74699  -47.935  5.154  12.853 0.1111110002
74704  -48.102  5.056  11.962 0.1111110002
75656  -47.214  6.468  9.574 0.1111110002
75645  -47.940  5.951  9.945 0.1111110002
74721  -46.860  5.295  10.416 0.1111110002
75675  -45.114  6.900  7.808 0.4444440007
75668  -45.273  6.704  8.523 0.3333329856
75655  -46.262  6.478  9.379 0.3333329856
74730  -45.698  5.886  9.727 0.3333329856
76605  -44.909  7.069  6.202 0.5555559993
75674  -44.386  6.738  7.512 0.5555559993
75667  -44.566  6.556  8.235 0.5555559993
75697  -44.929  6.843  4.592 0.8888890147
75707  -44.285  6.417  4.424 0.8888890147
74783  -44.587  5.436  3.465 0.7777780294
122527  -46.002  3.236  3.960 0.6666669846
72856  -46.588  3.190  4.229 0.5555559993
131591  -42.279  -1.301  14.804 0.1111110002
69138  -43.511  -0.099  16.023 0.1111110002
69147  -42.100  -0.010  14.983 0.1111110002
70050  -43.633  0.856  15.986 0.1111110002
70043  -44.183  0.348  16.548 0.1111110002
70067  -41.651  0.905  14.221 0.1111110002
70049  -42.808  0.579  15.436 0.1111110002
71004  -44.045  1.702  15.698 0.1111110002
71013  -42.191  1.619  14.248 0.1111110002
71015  -43.731  2.114  14.977 0.1111110002
71893  -44.865  2.918  14.778 0.1111110002
71892  -44.241  2.684  14.484 0.1111110002
72764  -45.493  3.325  15.139 0.1111110002
73703  -46.554  4.496  15.182 0.1111110002
72773  -44.652  3.079  14.089 0.1111110002
72775  -45.878  4.017  14.794 0.1111110002
73713  -46.347  4.540  14.346 0.1111110002
74686  -47.847  5.466  14.918 0.1111110002
74695  -48.533  5.657  14.322 0.1111110002
127011  -46.830  4.909  13.910 0.1111110002
74694  -47.655  5.322  13.903 0.1111110002
135878  -49.164  5.761  13.785 0.1111110002
74723  -48.442  5.565  10.527 0.1111110002
74711  -48.862  5.386  11.439 0.1111110002
75715  -44.657  6.328  3.858 0.8888890147
73802  -45.676  4.528  2.859 0.7777780294
74784  -45.309  5.303  2.930 0.7777780294
72877  -46.172  3.968  2.895 0.7777780294
118057  -7.099  -27.880  38.105 0.2222220004
42724  -7.537  -27.760  37.547 0.4444440007
42717  -8.561  -27.459  38.274 0.3333329856
42711  -8.697  -27.419  39.160 0.3333329856
42718  -9.382  -27.309  38.501 0.3333329856
134054  -12.379  -26.230  38.767 0.5555559993
43639  -12.135  -26.448  37.909 0.6666669846
41774  -6.203  -28.308  36.631 0.2222220004
44565  -13.342  -25.794  37.306 0.6666669846
42778  -7.221  -27.174  33.340 0.2222220004
45486  -16.369  -23.821  39.797 0.6666669846
45503  -16.442  -23.539  38.825 0.7777780294
46515  -17.283  -23.460  40.386 0.5555559993
46517  -18.732  -23.562  40.703 0.4444440007
46518  -19.460  -23.813  40.473 0.4444440007
45487  -20.006  -24.127  39.974 0.4444440007
44544  -20.424  -25.734  40.497 0.4444440007
47669  -17.841  -22.507  39.007 0.7777780294
43628  -20.471  -26.231  40.110 0.4444440007
131563  -20.640  -25.287  39.286 0.6666669846
42761  -5.969  -28.189  33.721 0.1111110002
43724  -6.889  -25.809  32.634 0.2222220004
44639  -6.305  -25.495  32.609 0.2222220004
43704  -7.521  -26.368  32.935 0.2222220004
43687  -8.701  -26.648  33.890 0.4444440007
43688  -9.514  -26.310  33.979 0.6666669846
43722  -5.156  -26.465  32.364 0.1111110002
46558  -16.653  -22.560  37.234 0.7777780294
45515  -20.905  -25.341  37.931 0.6666669846
44622  -6.079  -24.949  32.848 0.2222220004
45571  -6.882  -24.427  33.183 0.2222220004
140972  -9.032  -24.882  33.101 0.7777780294
46602  -14.335  -23.038  34.664 0.8888890147
46584  -15.056  -22.638  34.991 0.8888890147
142320  -17.048  -22.045  37.429 0.8888890147
48684  -17.911  -21.567  37.644 0.8888890147
45532  -20.725  -24.906  37.014 0.6666669846
123243  -19.301  -22.206  36.447 0.7777780294
44568  -21.692  -26.513  37.430 0.5555559993
45572  -7.796  -24.497  32.987 0.3333329856
46600  -12.723  -23.566  34.296 0.7777780294
47732  -13.749  -22.644  34.669 0.7777780294
48715  -14.188  -21.727  35.388 0.6666669846
48692  -13.734  -21.545  36.943 0.4444440007
48693  -14.490  -21.033  37.306 0.3333329856
47706  -15.682  -22.126  35.586 0.7777780294
47707  -16.145  -21.639  36.161 0.7777780294
139025  -16.609  -20.385  37.048 0.7777780294
48706  -16.237  -20.885  36.673 0.6666669846
48696  -17.688  -20.902  37.074 0.8888890147
49703  -16.803  -20.047  37.051 0.8888890147
49686  -14.950  -20.060  38.964 0.1111110002
49693  -15.169  -20.438  37.852 0.2222220004
49694  -15.925  -19.430  37.656 0.2222220004
50660  -14.987  -18.616  38.853 0.1111110002
49687  -15.319  -19.233  38.569 0.1111110002
50665  -16.330  -18.792  37.291 0.4444440007
50676  -17.687  -19.205  36.634 0.6666669846
50670  -17.968  -19.990  36.815 0.7777780294
136615  -19.267  -20.590  35.720 0.8888890147
49712  -18.977  -19.999  36.154 0.8888890147
130239  -19.873  -23.320  35.357 0.7777780294
46603  -19.811  -23.096  34.511 0.7777780294
45547  -21.379  -25.152  35.346 0.7777780294
126265  -22.126  -25.528  35.261 0.6666669846
46613  -19.935  -23.194  33.598 0.8888890147
51576  -16.226  -18.062  37.327 0.3333329856
52469  -15.670  -17.834  37.699 0.1111110002
139246  -15.229  -18.293  38.297 0.1111110002
52480  -16.730  -17.979  36.934 0.4444440007
124750  -18.361  -19.827  36.607 0.7777780294
50677  -18.458  -19.306  36.193 0.8888890147
49721  -19.261  -19.977  35.023 0.7777780294
48723  -19.411  -21.398  34.266 0.8888890147
47733  -19.516  -22.216  34.438 0.8888890147
48737  -19.366  -21.812  32.950 0.7777780294
45576  -20.899  -24.454  33.776 0.7777780294
42781  -21.750  -27.998  33.772 0.6666669846
44613  -23.451  -25.985  34.884 0.6666669846
44627  -22.303  -25.075  34.076 0.6666669846
43739  -20.278  -26.731  31.555 0.6666669846
53354  -14.877  -17.322  38.171 0.1111110002
53389  -15.677  -17.008  36.324 0.3333329856
52488  -17.042  -17.841  36.237 0.4444440007
52479  -16.126  -17.718  37.261 0.3333329856
51581  -17.965  -18.759  36.191 0.5555559993
51594  -17.975  -18.073  34.800 0.5555559993
52499  -17.334  -17.583  34.288 0.5555559993
50682  -18.985  -19.213  34.802 0.7777780294
140747  -18.935  -19.405  35.529 0.7777780294
49729  -19.316  -20.525  34.126 0.6666669846
51602  -18.568  -18.760  33.310 0.6666669846
49736  -19.149  -20.302  33.248 0.7777780294
47756  -19.606  -22.388  32.442 0.7777780294
46621  -20.587  -23.754  32.568 0.7777780294
45577  -21.644  -24.729  33.537 0.8888890147
42783  -23.591  -27.442  34.471 0.6666669846
43694  -23.815  -26.632  34.805 0.6666669846
43755  -20.227  -26.534  30.728 0.6666669846
124538  -20.248  -26.489  29.933 0.7777780294
43740  -21.116  -26.977  31.251 0.7777780294
43754  -19.636  -26.658  30.459 0.6666669846
41852  -19.568  -27.560  29.689 0.4444440007
41853  -20.058  -28.051  29.014 0.7777780294
53370  -13.803  -16.803  37.517 0.1111110002
118982  -11.790  -16.353  36.850 0.1111110002
53387  -13.458  -16.740  36.723 0.1111110002
53388  -14.291  -16.830  36.854 0.1111110002
53355  -15.347  -17.301  37.706 0.1111110002
119868  -13.720  -16.705  35.924 0.1111110002
129310  -15.867  -16.918  34.966 0.4444440007
142394  -13.590  -16.716  35.209 0.1111110002
53432  -15.821  -17.137  32.978 0.4444440007
52504  -17.361  -17.567  33.268 0.5555559993
50706  -18.718  -19.584  32.203 0.6666669846
51610  -18.457  -18.867  32.329 0.5555559993
49748  -18.969  -20.192  32.429 0.7777780294
45578  -22.552  -24.894  33.407 0.8888890147
42784  -23.930  -27.522  33.645 0.8888890147
42874  -20.249  -27.115  28.674 0.7777780294
43789  -20.662  -26.482  28.598 0.7777780294
40954  -22.062  -29.892  27.995 0.6666669846
43811  -20.922  -26.378  28.003 0.7777780294
49884  -36.840  -19.862  22.362 0.4444440007
126432  -35.590  -18.902  21.854 0.4444440007
137961  -36.493  -19.032  21.865 0.4444440007
53402  -12.174  -16.125  35.130 0.1111110002
53416  -12.845  -16.114  33.938 0.1111110002
53430  -14.141  -16.777  33.333 0.3333329856
53446  -15.771  -17.064  31.956 0.4444440007
52509  -16.530  -17.261  31.717 0.5555559993
51621  -18.292  -18.731  31.466 0.5555559993
49760  -18.789  -19.999  31.590 0.7777780294
47774  -19.744  -22.072  30.744 0.6666669846
46630  -20.469  -23.368  31.832 0.7777780294
46622  -21.168  -23.969  32.183 0.7777780294
44630  -24.500  -26.462  33.536 0.8888890147
43712  -24.424  -27.137  33.462 0.8888890147
42802  -24.399  -27.654  32.826 0.7777780294
49863  -39.754  -20.389  24.559 0.3333329856
43812  -21.441  -26.157  27.677 0.8888890147
41880  -21.995  -28.685  26.883 0.7777780294
42902  -21.662  -26.365  26.870 0.8888890147
135412  -36.852  -17.590  21.739 0.4444440007
50826  -34.617  -18.582  22.520 0.6666669846
49860  -33.292  -19.718  24.074 0.8888890147
53443  -13.555  -16.189  32.854 0.1111110002
54322  -12.606  -15.226  33.540 0.1111110002
51631  -17.829  -18.118  31.035 0.3333329856
50717  -18.533  -19.338  31.043 0.5555559993
49775  -18.832  -19.995  30.661 0.6666669846
46640  -21.030  -23.162  30.502 0.6666669846
46631  -22.175  -23.828  30.978 0.7777780294
45589  -23.929  -25.012  32.635 0.7777780294
45597  -24.400  -24.909  31.811 0.7777780294
40978  -23.713  -29.433  26.411 0.6666669846
43827  -22.222  -25.973  26.361 0.8888890147
40989  -24.111  -28.979  25.748 0.6666669846
40990  -25.021  -29.140  25.620 0.6666669846
40992  -26.870  -29.258  25.503 0.6666669846
51719  -39.935  -18.550  22.778 0.2222220004
42912  -23.301  -27.368  25.050 0.8888890147
52652  -38.090  -16.891  21.629 0.3333329856
44764  -27.616  -25.632  22.529 0.7777780294
44775  -27.960  -24.781  22.132 0.8888890147
44776  -28.854  -24.641  22.253 0.8888890147
46757  -26.418  -23.232  22.860 0.8888890147
47887  -28.031  -22.442  22.418 0.8888890147
46777  -28.575  -22.872  21.987 0.8888890147
48858  -29.676  -21.433  23.521 0.7777780294
47869  -28.921  -21.748  23.196 0.7777780294
48859  -30.409  -21.082  23.940 0.8888890147
47859  -29.826  -21.610  24.437 0.7777780294
120521  -31.609  -21.103  25.000 0.8888890147
51694  -35.547  -18.489  24.430 0.8888890147
51704  -35.912  -17.817  23.702 0.6666669846
48847  -32.928  -20.798  25.438 0.8888890147
49788  -19.006  -19.972  29.891 0.4444440007
50745  -18.661  -18.657  29.179 0.3333329856
48787  -20.272  -21.659  29.110 0.4444440007
46653  -21.582  -23.100  29.930 0.6666669846
47776  -20.981  -22.779  29.898 0.4444440007
46641  -22.371  -23.501  30.086 0.5555559993
46642  -23.196  -23.743  29.848 0.5555559993
43814  -23.111  -25.711  27.254 0.8888890147
42911  -22.698  -26.856  25.372 0.8888890147
42924  -25.365  -27.401  23.892 0.8888890147
126577  -40.728  -16.770  21.992 0.2222220004
52654  -39.774  -16.779  21.723 0.2222220004
43848  -23.344  -26.069  24.730 0.8888890147
43849  -23.989  -26.029  24.106 0.8888890147
43850  -24.868  -26.469  23.603 0.8888890147
43859  -25.368  -25.853  23.101 0.8888890147
125521  -32.355  -22.572  27.491 0.5555559993
47832  -31.236  -22.392  26.433 0.7777780294
47806  -32.654  -22.928  28.193 0.4444440007
46687  -31.372  -23.462  27.528 0.5555559993
47790  -33.690  -22.904  29.260 0.3333329856
126647  -35.264  -22.416  30.010 0.1111110002
47791  -34.497  -22.634  29.599 0.2222220004
47809  -35.185  -22.211  29.118 0.3333329856
48815  -34.367  -21.834  27.704 0.3333329856
118341  -36.740  -21.685  30.206 0.4444440007
138345  -35.065  -21.526  27.640 0.5555559993
48790  -36.569  -21.444  29.270 0.4444440007
133079  -35.713  -21.446  27.929 0.6666669846
45725  -25.848  -23.680  22.874 0.8888890147
46737  -26.708  -23.112  23.621 0.7777780294
137147  -30.056  -22.000  25.174 0.7777780294
47844  -29.503  -22.229  24.940 0.7777780294
47846  -31.446  -21.703  25.764 0.8888890147
48814  -33.511  -21.888  27.365 0.7777780294
47833  -32.793  -22.054  27.189 0.7777780294
132203  -33.965  -21.355  26.956 0.8888890147
48801  -36.418  -21.201  28.407 0.6666669846
49811  -36.078  -20.478  27.065 0.6666669846
49821  -35.010  -20.483  26.392 0.8888890147
49822  -35.636  -20.245  26.543 0.8888890147
50796  -36.058  -18.880  25.500 0.8888890147
50787  -35.835  -19.569  26.050 0.8888890147
50782  -37.065  -19.542  27.018 0.8888890147
50788  -36.571  -19.233  26.293 0.8888890147
52644  -37.031  -16.824  22.696 0.5555559993
53558  -37.643  -16.460  22.406 0.3333329856
48845  -30.357  -21.573  24.855 0.8888890147
48848  -33.726  -20.867  26.096 0.8888890147
51705  -36.727  -17.585  24.393 0.6666669846
51695  -36.353  -18.219  24.924 0.8888890147
47786  -21.448  -22.604  29.174 0.5555559993
47818  -22.357  -21.702  27.681 0.3333329856
121724  -22.946  -23.348  29.263 0.5555559993
42787  -32.395  -27.424  33.230 0.1111110002
45598  -25.296  -25.124  31.242 0.7777780294
43748  -33.116  -26.604  31.772 0.2222220004
42821  -32.625  -27.472  32.242 0.1111110002
141953  -31.965  -25.201  29.328 0.4444440007
43759  -32.832  -26.255  31.023 0.2222220004
125067  -34.040  -26.359  32.974 0.1111110002
45624  -32.258  -24.537  29.310 0.4444440007
44665  -32.850  -25.511  30.650 0.2222220004
44724  -24.265  -25.214  26.258 0.8888890147
44735  -23.289  -25.432  25.250 0.8888890147
45689  -24.564  -24.455  24.502 0.8888890147
46676  -31.712  -23.837  28.218 0.5555559993
45637  -32.090  -24.095  28.776 0.4444440007
48773  -38.619  -20.965  32.301 0.2222220004
49784  -38.241  -20.590  30.413 0.3333329856
126071  -39.753  -15.321  22.121 0.2222220004
49797  -38.673  -20.025  29.951 0.5555559993
49796  -37.890  -20.451  29.447 0.5555559993
48791  -37.377  -21.075  29.844 0.3333329856
125229  -36.927  -20.561  28.106 0.6666669846
46739  -28.819  -22.473  24.592 0.7777780294
47845  -30.663  -22.047  25.643 0.7777780294
46686  -30.740  -23.757  27.177 0.6666669846
50771  -38.233  -19.501  28.337 0.7777780294
50755  -38.394  -19.845  29.124 0.6666669846
49812  -36.671  -20.213  27.396 0.7777780294
50783  -38.014  -19.017  27.427 0.8888890147
51686  -38.122  -18.369  26.643 0.8888890147
53542  -38.463  -16.242  24.098 0.5555559993
52593  -38.819  -17.717  26.549 0.8888890147
52611  -38.575  -17.218  25.635 0.5555559993
47819  -23.311  -21.711  27.592 0.5555559993
46672  -23.455  -22.999  28.488 0.5555559993
46673  -24.649  -22.974  28.156 0.4444440007
43713  -31.182  -26.577  33.276 0.1111110002
54481  -42.126  -15.742  22.757 0.1111110002
43742  -26.248  -26.890  32.003 0.5555559993
42830  -25.216  -28.350  30.189 0.6666669846
43794  -24.917  -26.868  28.118 0.8888890147
44708  -24.716  -25.778  26.983 0.8888890147
49786  -39.361  -19.406  30.956 0.5555559993
50712  -38.442  -19.639  32.676 0.4444440007
49756  -38.032  -20.182  33.153 0.3333329856
55390  -39.936  -14.703  23.788 0.2222220004
45692  -27.262  -24.062  25.191 0.7777780294
45677  -28.545  -24.447  25.967 0.7777780294
51628  -39.250  -18.685  31.364 0.6666669846
50757  -39.438  -19.010  29.722 0.7777780294
50726  -39.398  -19.037  31.238 0.5555559993
52521  -39.195  -18.138  31.088 0.6666669846
123993  -39.830  -17.866  29.003 0.8888890147
53520  -39.619  -16.548  26.832 0.5555559993
134975  -39.763  -17.295  28.953 0.8888890147
52549  -39.567  -17.502  29.752 0.8888890147
52566  -39.751  -17.374  28.300 0.8888890147
45620  -25.765  -24.286  29.278 0.2222220004
43732  -30.603  -26.609  32.644 0.1111110002
44644  -30.597  -25.931  33.057 0.1111110002
44662  -27.016  -25.594  30.858 0.4444440007
138891  -25.794  -28.382  29.797 0.6666669846
130176  -28.885  -27.020  28.111 0.6666669846
43820  -29.270  -26.311  27.702 0.6666669846
45676  -27.832  -24.650  25.846 0.7777780294
44709  -28.000  -25.891  26.946 0.6666669846
44711  -29.587  -25.582  27.413 0.6666669846
49754  -35.971  -20.547  32.260 0.3333329856
50725  -37.950  -18.979  32.205 0.4444440007
48771  -35.177  -20.692  31.734 0.3333329856
50723  -35.905  -19.563  31.444 0.4444440007
43830  -27.094  -25.942  26.853 0.7777780294
44739  -26.892  -24.716  25.740 0.7777780294
45678  -29.267  -24.476  26.429 0.7777780294
137270  -37.502  -18.503  31.640 0.5555559993
52520  -38.653  -17.953  31.263 0.6666669846
51639  -36.675  -18.239  31.087 0.6666669846
55357  -40.168  -14.776  25.866 0.2222220004
51650  -34.494  -18.172  29.490 0.7777780294
52532  -38.961  -17.468  30.587 0.7777780294
52547  -38.028  -16.841  30.188 0.8888890147
52531  -37.192  -17.402  30.664 0.7777780294
54405  -39.486  -15.839  27.817 0.7777780294
53491  -37.514  -16.206  29.419 0.8888890147
45622  -27.456  -24.075  29.542 0.3333329856
119171  -29.342  -27.329  31.677 0.2222220004
41823  -29.602  -28.001  31.440 0.1111110002
44663  -27.676  -25.462  30.716 0.4444440007
44651  -28.174  -26.204  31.257 0.3333329856
43745  -28.727  -26.842  31.523 0.2222220004
41822  -28.803  -28.041  31.297 0.2222220004
42854  -28.639  -28.092  29.432 0.4444440007
42852  -26.812  -28.103  29.199 0.4444440007
128900  -27.127  -27.696  28.659 0.4444440007
42879  -27.667  -27.539  28.444 0.5555559993
49767  -33.859  -20.833  31.198 0.2222220004
48780  -33.078  -20.887  31.141 0.2222220004
50736  -33.854  -19.740  30.113 0.3333329856
49794  -32.588  -20.075  29.927 0.3333329856
50737  -34.746  -19.372  30.448 0.5555559993
50770  -33.096  -18.992  28.930 0.6666669846
54403  -37.545  -14.832  28.274 0.7777780294
52564  -34.774  -16.819  28.449 0.8888890147
52565  -35.310  -16.776  29.010 0.8888890147
126555  -35.935  -16.412  29.201 0.8888890147
53511  -34.930  -16.221  27.975 0.8888890147
54401  -36.104  -15.697  28.642 0.8888890147
50721  -30.203  -19.696  31.534 0.2222220004
141613  -31.440  -19.913  29.781 0.2222220004
50767  -30.645  -19.501  28.480 0.6666669846
50769  -32.361  -19.375  28.712 0.5555559993
131540  -32.396  -18.482  27.550 0.6666669846
51693  -30.706  -18.369  25.804 0.7777780294
52589  -31.673  -18.019  26.035 0.7777780294
54402  -36.622  -15.030  28.306 0.8888890147
52591  -33.305  -17.226  26.638 1.0000000000
53519  -34.839  -15.785  27.239 1.0000000000
140452  -36.873  -14.579  28.176 0.8888890147
54415  -35.412  -15.103  27.353 0.8888890147
52609  -33.024  -17.075  25.828 1.0000000000
118151  -33.704  -16.613  26.195 1.0000000000
54427  -34.639  -15.645  26.396 1.0000000000
122670  -36.265  -13.871  27.414 0.7777780294
137958  -34.415  -15.455  25.108 0.8888890147
55355  -34.807  -14.921  24.832 0.8888890147
54449  -33.676  -15.857  24.026 1.0000000000
50766  -29.876  -19.167  27.961 0.7777780294
55372  -35.300  -14.250  24.449 0.8888890147
125499  -34.535  -14.713  23.162 1.0000000000
54496  -32.913  -15.985  20.559 1.0000000000
133611  -27.910  -17.468  27.665 0.3333329856
140111  -28.380  -18.069  26.380 0.6666669846
126207  -29.349  -17.523  23.051 1.0000000000
56318  -34.809  -13.854  20.924 1.0000000000
55429  -34.266  -14.296  20.275 1.0000000000
56327  -35.349  -13.102  20.698 0.8888890147
54494  -31.130  -16.288  19.875 1.0000000000
55441  -32.095  -15.247  18.918 1.0000000000
55442  -32.720  -15.159  19.083 1.0000000000
56351  -34.199  -13.036  18.506 1.0000000000
53552  -28.308  -16.207  23.993 0.6666669846
55369  -29.163  -14.542  24.890 0.3333329856
54506  -30.807  -15.590  19.651 1.0000000000
55440  -31.308  -14.966  19.007 1.0000000000
56349  -32.462  -13.952  18.123 1.0000000000
122063  -34.970  -12.380  18.929 0.7777780294
57262  -35.565  -11.919  19.372 0.6666669846
58210  -36.039  -11.526  19.876 0.5555559993
56361  -31.546  -13.164  17.635 1.0000000000
58229  -35.748  -11.066  18.307 0.6666669846
139270  -36.884  -10.023  18.513 0.3333329856
57270  -33.833  -12.455  17.859 0.8888890147
137267  -33.606  -12.023  17.324 1.0000000000
58241  -35.543  -11.088  17.822 0.7777780294
58239  -34.086  -11.585  17.065 1.0000000000
58254  -34.670  -11.352  16.695 0.7777780294
59202  -37.388  -10.297  16.562 0.5555559993
57295  -30.610  -12.133  16.850 1.0000000000
57297  -32.256  -12.081  16.674 1.0000000000
57296  -31.371  -12.229  16.685 1.0000000000
58263  -30.890  -11.331  15.748 1.0000000000
58267  -34.246  -11.384  15.640 0.8888890147
58269  -36.100  -11.091  15.805 0.7777780294
58265  -32.434  -11.363  15.341 1.0000000000
58283  -35.817  -11.296  14.793 1.0000000000
57245  -30.787  -12.257  21.574 0.5555559993
138245  -30.065  -12.229  20.075 0.5555559993
59170  -29.584  -10.514  18.501 0.5555559993
60214  -29.672  -9.834  17.425 0.7777780294
59199  -29.813  -10.790  16.561 1.0000000000
60241  -30.123  -9.466  16.008 1.0000000000
123632  -30.218  -10.540  15.889 1.0000000000
59217  -30.958  -10.629  15.222 1.0000000000
59233  -31.635  -10.589  14.751 1.0000000000
58279  -32.199  -11.043  14.806 1.0000000000
58280  -32.986  -11.130  14.553 1.0000000000
121547  -33.074  -10.523  13.769 1.0000000000
58291  -33.723  -11.006  13.974 1.0000000000
58293  -35.319  -11.309  13.974 1.0000000000
59273  -34.512  -10.407  12.778 1.0000000000
55371  -30.875  -13.479  24.389 0.2222220004
133887  -31.288  -12.980  23.786 0.2222220004
140553  -31.572  -11.758  22.554 0.3333329856
58185  -32.006  -11.015  23.492 0.2222220004
142073  -30.985  -11.328  21.909 0.3333329856
57252  -30.731  -11.725  21.414 0.5555559993
58209  -30.518  -10.942  21.337 0.3333329856
60180  -30.534  -9.303  20.770 0.2222220004
59139  -30.017  -10.746  20.456 0.4444440007
60179  -30.152  -9.762  20.250 0.2222220004
60200  -30.053  -9.471  18.707 0.4444440007
61271  -30.370  -8.733  16.136 0.7777780294
61282  -30.531  -8.906  15.473 0.8888890147
129123  -32.365  -10.014  13.809 1.0000000000
59234  -32.309  -10.571  14.287 1.0000000000
60272  -31.507  -9.014  14.139 1.0000000000
59253  -33.651  -10.198  13.096 1.0000000000
59272  -34.041  -9.724  12.343 1.0000000000
60310  -34.386  -9.256  11.639 1.0000000000
59275  -36.272  -10.683  12.613 1.0000000000
60311  -35.308  -9.446  11.450 1.0000000000
60312  -36.288  -9.513  11.429 1.0000000000
60293  -36.892  -10.188  12.016 1.0000000000
121473  -33.869  -7.436  23.321 0.1111110002
60151  -31.901  -8.971  23.351 0.2222220004
59122  -31.441  -9.346  22.757 0.2222220004
62342  -34.407  -7.317  22.271 0.2222220004
121235  -32.150  -7.968  21.726 0.1111110002
61224  -31.393  -8.627  21.992 0.3333329856
62353  -35.218  -6.969  21.371 0.2222220004
125621  -32.508  -7.811  20.655 0.1111110002
62369  -32.135  -7.851  19.234 0.2222220004
61247  -31.403  -8.216  18.675 0.2222220004
63566  -32.950  -6.876  18.028 0.2222220004
62382  -32.622  -7.394  18.602 0.2222220004
61260  -30.845  -8.498  18.138 0.2222220004
61259  -30.658  -8.443  17.386 0.3333329856
62392  -31.096  -7.930  17.030 0.3333329856
62406  -31.173  -7.696  16.391 0.3333329856
63627  -31.846  -6.949  13.883 0.6666669846
60309  -33.545  -8.976  11.977 1.0000000000
61332  -33.019  -8.029  11.902 0.8888890147
62464  -33.486  -7.537  11.285 0.8888890147
61346  -35.736  -8.862  10.896 0.8888890147
62477  -36.612  -7.618  10.032 0.8888890147
61363  -38.012  -8.101  10.634 0.8888890147
61349  -38.512  -8.652  11.202 0.7777780294
62479  -38.380  -7.399  10.278 0.8888890147
63555  -34.775  -6.338  19.251 0.2222220004
63589  -32.185  -6.825  16.543 0.3333329856
137686  -31.865  -6.748  14.534 0.6666669846
63645  -32.298  -6.603  13.325 0.7777780294
130318  -32.633  -6.296  12.816 0.7777780294
63663  -33.378  -6.554  11.375 0.7777780294
61359  -34.220  -7.761  10.731 0.8888890147
62475  -34.842  -7.250  10.228 0.8888890147
62491  -36.113  -6.977  9.696 0.8888890147
62492  -36.999  -6.971  9.690 0.8888890147
63685  -37.376  -6.242  9.515 0.8888890147
63686  -38.246  -6.152  9.586 0.8888890147
126389  -38.985  -6.065  9.717 0.8888890147
62481  -40.111  -7.057  10.677 0.7777780294
64700  -33.987  -5.885  16.182 0.3333329856
64684  -35.465  -5.518  16.599 0.3333329856
140989  -32.785  -6.491  16.762 0.3333329856
120662  -33.498  -5.967  13.888 0.4444440007
63683  -35.583  -6.245  9.664 0.8888890147
65808  -39.952  -4.806  9.418 0.8888890147
65805  -37.123  -4.742  9.212 0.8888890147
64789  -38.670  -5.402  9.450 0.8888890147
65807  -38.755  -4.701  9.299 0.8888890147
118954  -33.523  -5.457  12.400 0.7777780294
64774  -35.094  -5.426  9.832 0.8888890147
66681  -39.036  -3.499  9.032 0.8888890147
65818  -39.333  -4.263  9.216 0.8888890147
67541  -38.685  -2.759  8.834 0.8888890147
68383  -38.307  -1.063  8.598 0.8888890147
72835  -40.521  3.273  6.641 0.8888890147
65766  -34.510  -4.545  11.565 0.6666669846
67530  -35.601  -2.624  10.071 0.8888890147
66671  -36.371  -3.470  9.314 0.8888890147
66679  -36.899  -2.948  9.015 0.8888890147
70105  -36.895  0.842  9.713 0.7777780294
73747  -39.665  4.152  8.353 0.8888890147
72844  -41.614  4.345  5.660 0.8888890147
65769  -36.519  -4.357  12.202 0.5555559993
69187  -36.215  -0.162  10.863 0.8888890147
71915  -38.326  2.798  9.966 0.8888890147
72791  -38.918  3.354  9.720 0.8888890147
73738  -40.242  4.509  9.111 0.6666669846
74739  -41.092  5.288  8.158 0.6666669846
130274  -41.625  5.550  6.741 0.8888890147
74767  -42.068  4.970  5.395 0.8888890147
73783  -43.036  4.250  4.536 0.7777780294
68364  -36.418  -1.467  11.982 0.6666669846
127616  -37.017  0.234  11.649 0.5555559993
71034  -38.358  1.988  11.105 0.6666669846
71916  -39.104  3.018  10.493 0.7777780294
71904  -39.365  2.384  11.297 0.4444440007
73739  -40.955  4.537  9.737 0.5555559993
141208  -42.292  4.185  10.929 0.3333329856
74727  -42.635  5.503  9.044 0.5555559993
74768  -42.665  5.185  4.892 0.8888890147
141090  -37.102  -2.980  12.136 0.5555559993
70074  -38.792  0.552  12.290 0.4444440007
71905  -40.445  2.583  11.716 0.2222220004
72784  -40.895  3.351  11.312 0.3333329856
71906  -41.289  2.916  12.058 0.2222220004
72795  -43.092  4.180  11.055 0.2222220004
74717  -43.019  5.131  9.774 0.5555559993
74728  -44.078  5.892  9.134 0.4444440007
75665  -42.983  6.253  7.748 0.5555559993
75694  -42.850  5.922  5.263 0.8888890147
66645  -40.752  -3.249  13.117 0.2222220004
68346  -41.375  -1.939  14.216 0.1111110002
127838  -39.054  -0.715  12.986 0.4444440007
73718  -46.065  4.130  12.141 0.1111110002
73724  -45.862  4.278  11.370 0.1111110002
73720  -47.387  4.788  12.250 0.1111110002
73726  -47.499  4.877  11.591 0.1111110002
74710  -47.975  5.172  11.159 0.1111110002
74719  -45.108  5.330  10.139 0.3333329856
74731  -46.550  5.852  9.887 0.1111110002
74729  -44.847  5.873  9.503 0.4444440007
75653  -44.716  6.290  8.886 0.4444440007
126283  -44.257  6.631  5.053 0.8888890147
75695  -43.501  6.377  5.393 0.8888890147
75684  -43.516  6.569  6.342 0.8888890147
76598  -44.987  7.030  7.033 0.5555559993
73791  -45.017  4.554  3.256 0.7777780294
132241  -42.977  -0.797  15.411 0.1111110002
131759  -41.613  -1.344  14.478 0.1111110002
71026  -41.687  2.483  13.068 0.2222220004
74700  -48.569  5.485  13.403 0.1111110002
74732  -47.246  5.761  10.042 0.1111110002
76593  -45.776  7.155  8.131 0.4444440007
70057  -42.247  0.954  14.746 0.1111110002
70997  -44.411  1.248  16.358 0.1111110002
71014  -42.826  1.720  14.772 0.1111110002
71882  -44.473  2.378  15.233 0.1111110002
73714  -46.997  5.123  14.694 0.1111110002
74688  -49.589  5.770  15.313 0.1111110002
74697  -50.308  6.106  14.744 0.1111110002
74702  -50.025  5.954  13.667 0.1111110002
119454  -46.786  3.901  2.615 0.5555559993
45557  -7.527  -23.901  33.634 0.2222220004
45556  -6.723  -24.110  34.088 0.1111110002
46610  -8.350  -23.840  33.414 0.3333329856
46595  -8.146  -23.532  34.195 0.4444440007
46611  -9.146  -23.881  33.448 0.5555559993
44608  -5.345  -24.890  33.693 0.1111110002
46597  -9.507  -23.426  33.927 0.6666669846
44621  -4.530  -25.427  33.267 0.1111110002
46599  -11.883  -23.802  34.009 0.6666669846
124112  -3.579  -25.489  33.782 0.1111110002
130424  -3.855  -25.783  32.924 0.1111110002
45541  -6.560  -24.159  35.205 0.1111110002
46580  -8.062  -23.495  35.293 0.3333329856
45555  -5.939  -24.483  34.534 0.1111110002
46596  -8.809  -23.531  33.862 0.3333329856
46582  -9.788  -23.131  34.701 0.6666669846
130985  -8.910  -23.324  34.739 0.5555559993
46583  -10.595  -22.923  34.759 0.5555559993
126864  -2.643  -25.186  34.125 0.1111110002
45528  -7.257  -23.861  35.945 0.2222220004
45527  -6.380  -24.336  36.248 0.1111110002
133567  -7.554  -23.828  36.799 0.2222220004
45542  -7.351  -23.750  34.700 0.1111110002
131800  -8.073  -23.562  36.320 0.2222220004
45540  -5.725  -24.573  35.632 0.1111110002
140528  -9.371  -23.191  35.449 0.4444440007
46569  -10.022  -23.006  35.618 0.4444440007
44593  -5.044  -24.864  34.979 0.1111110002
47715  -11.413  -22.740  34.806 0.6666669846
44592  -4.057  -25.125  35.453 0.1111110002
44579  -4.763  -24.884  36.073 0.1111110002
121817  -9.422  -23.324  37.039 0.4444440007
120436  -10.230  -23.063  36.706 0.2222220004
44578  -3.772  -24.926  36.349 0.1111110002
47704  -11.689  -22.514  35.650 0.4444440007
47716  -12.512  -22.263  35.371 0.4444440007
40041  -21.763  -30.079  28.693 0.5555559993
40964  -22.450  -29.596  27.305 0.6666669846
45729  -32.040  -24.261  23.540 0.5555559993
46740  -32.858  -24.100  23.671 0.6666669846
46759  -32.347  -23.580  22.902 0.7777780294
126320  -33.220  -23.455  22.963 0.7777780294
47893  -33.766  -21.548  21.987 0.7777780294
119914  -33.641  -20.600  21.943 0.7777780294
46758  -31.679  -23.790  22.891 0.6666669846
46780  -31.578  -22.871  22.352 0.7777780294
47891  -31.798  -21.760  22.169 0.7777780294
49880  -33.255  -19.987  22.203 0.7777780294
45726  -29.533  -25.233  22.866 0.7777780294
45738  -29.663  -24.325  22.398 0.7777780294
45728  -31.181  -24.399  23.233 0.6666669846
141547  -29.102  -22.488  22.066 0.7777780294
46779  -30.516  -22.791  22.232 0.7777780294
49879  -32.516  -20.078  22.623 0.7777780294
48882  -29.645  -21.540  22.757 0.6666669846
48871  -30.966  -20.733  22.957 0.7777780294
55304  -36.461  -14.359  27.865 0.7777780294
49742  -37.528  -20.823  33.480 0.2222220004
49755  -36.989  -20.354  32.736 0.2222220004
128446  -38.364  -14.580  27.988 0.6666669846
132660  -33.260  -21.430  32.470 0.1111110002
55305  -37.100  -14.064  28.037 0.6666669846
49765  -31.596  -20.493  31.603 0.1111110002
49764  -30.871  -20.164  31.994 0.1111110002
49741  -31.353  -20.721  33.304 0.1111110002
49779  -30.974  -20.072  31.079 0.1111110002
49753  -32.167  -20.860  32.110 0.1111110002
48755  -32.639  -21.205  32.527 0.1111110002
56257  -36.374  -13.256  27.096 0.4444440007
49766  -32.326  -20.768  31.284 0.1111110002
48768  -32.859  -21.070  31.874 0.1111110002
56243  -36.777  -13.401  27.689 0.5555559993
55320  -35.869  -14.450  27.429 0.7777780294
50709  -29.474  -19.271  32.033 0.1111110002
49751  -30.804  -20.245  32.844 0.1111110002
49740  -30.663  -20.315  33.658 0.1111110002
121517  -37.255  -11.039  13.972 0.7777780294
59257  -37.535  -10.808  13.306 0.6666669846
59276  -37.819  -10.400  12.512 0.6666669846
132764  -28.140  -16.326  30.467 0.2222220004
52562  -27.850  -17.391  28.500 0.2222220004
133017  -27.913  -16.285  29.740 0.2222220004
51636  -28.677  -18.509  30.693 0.2222220004
51625  -28.796  -18.619  31.624 0.2222220004
59235  -36.642  -11.193  14.326 0.8888890147
59256  -36.667  -11.058  13.413 0.8888890147
136695  -37.683  -9.935  11.890 0.6666669846
59277  -38.821  -10.153  12.606 0.6666669846
125370  -39.409  -9.630  12.226 0.6666669846
61333  -40.572  -8.791  12.154 0.5555559993
60313  -37.231  -9.481  11.459 0.8888890147
61348  -37.626  -8.794  11.054 0.7777780294
60315  -39.021  -9.189  11.684 0.6666669846
61351  -40.174  -8.304  11.566 0.6666669846
61350  -39.358  -8.489  11.361 0.5555559993
54369  -30.557  -15.607  30.551 0.1111110002
54386  -29.188  -15.505  29.440 0.1111110002
53490  -28.532  -15.806  30.074 0.1111110002
53478  -28.728  -16.049  31.094 0.1111110002
54411  -28.041  -15.750  27.203 0.2222220004
54397  -28.056  -15.853  28.167 0.2222220004
54385  -28.319  -15.788  29.171 0.2222220004
124362  -36.598  -11.134  15.106 0.6666669846
61352  -40.966  -8.068  11.836 0.6666669846
63676  -40.530  -6.389  10.437 0.6666669846
64775  -40.928  -5.763  10.213 0.7777780294
54398  -28.939  -15.448  28.526 0.1111110002
54400  -30.847  -15.220  28.801 0.1111110002
131193  -28.491  -15.336  26.768 0.1111110002
54425  -28.916  -14.940  26.174 0.1111110002
64776  -41.743  -5.634  10.371 0.7777780294
63687  -40.235  -5.904  10.010 0.7777780294
64792  -41.321  -5.167  9.848 0.6666669846
64793  -42.175  -5.019  9.942 0.5555559993
128072  -42.584  -4.240  9.310 0.5555559993
65794  -42.996  -4.864  10.156 0.3333329856
65820  -40.838  -3.894  9.091 0.7777780294
65821  -41.562  -4.039  9.105 0.7777780294
64705  -38.326  -6.218  15.359 0.2222220004
64706  -39.678  -5.933  15.502 0.2222220004
64726  -40.065  -5.947  14.571 0.2222220004
64708  -41.349  -5.241  15.281 0.1111110002
63607  -36.188  -6.472  14.932 0.2222220004
63609  -37.850  -6.427  14.914 0.2222220004
128029  -38.806  -6.214  13.723 0.2222220004
141202  -35.867  -6.433  14.190 0.2222220004
63648  -37.501  -6.356  13.683 0.2222220004
64743  -37.394  -5.926  12.949 0.3333329856
123708  -35.543  -5.469  12.841 0.4444440007
63647  -36.579  -5.730  12.916 0.4444440007
123866  -37.431  -4.663  12.213 0.3333329856
130679  -42.855  -3.464  8.723 0.5555559993
66682  -40.353  -3.420  8.987 0.7777780294
67544  -41.538  -2.644  8.550 0.7777780294
64688  -39.145  -5.487  16.353 0.1111110002
64689  -40.133  -5.504  16.198 0.1111110002
133256  -38.888  -6.011  15.679 0.1111110002
64707  -40.556  -5.662  15.361 0.1111110002
63608  -37.091  -6.503  14.973 0.2222220004
64745  -39.540  -5.986  13.695 0.3333329856
64746  -40.323  -5.474  13.724 0.2222220004
124086  -39.670  -5.200  12.881 0.3333329856
65770  -38.208  -4.318  12.127 0.3333329856
65772  -40.099  -4.213  12.683 0.3333329856
67542  -39.654  -2.855  8.859 0.7777780294
128705  -40.971  -1.894  8.495 0.7777780294
131073  -45.355  2.865  6.503 0.5555559993
71965  -46.075  3.219  6.615 0.3333329856
64685  -36.412  -5.500  16.523 0.2222220004
64686  -37.225  -5.742  16.172 0.2222220004
125742  -38.871  -4.859  17.068 0.1111110002
64702  -35.730  -6.054  15.785 0.3333329856
140148  -41.280  -3.529  13.562 0.1111110002
140109  -40.504  -3.757  12.863 0.3333329856
70118  -43.523  0.109  8.523 0.6666669846
138558  -39.445  -1.145  8.486 0.7777780294
68385  -41.320  -1.073  8.418 0.7777780294
71073  -43.776  2.021  7.327 0.5555559993
124749  -42.922  2.290  6.000 0.5555559993
71963  -43.618  2.269  6.559 0.5555559993
71964  -44.427  2.450  6.807 0.5555559993
71973  -44.646  2.754  5.721 0.5555559993
71974  -45.308  2.959  5.448 0.5555559993
72864  -45.638  3.754  3.424 0.5555559993
64669  -35.321  -5.255  17.363 0.2222220004
65677  -37.411  -4.612  17.553 0.1111110002
65698  -38.102  -4.958  17.023 0.1111110002
69207  -39.828  -0.372  8.325 0.7777780294
69208  -41.633  -0.267  8.302 0.7777780294
70117  -42.768  0.336  8.334 0.6666669846
70133  -42.494  0.999  7.942 0.6666669846
124382  -39.295  0.270  8.241 0.7777780294
123270  -40.078  0.457  8.051 0.7777780294
70115  -41.114  0.433  8.044 0.7777780294
71072  -43.050  1.545  7.546 0.6666669846
70131  -40.555  1.107  7.644 0.7777780294
70132  -41.569  1.110  7.648 0.7777780294
71088  -42.472  1.858  6.758 0.7777780294
71089  -43.157  2.013  6.833 0.5555559993
71086  -40.868  1.646  7.129 0.7777780294
71962  -41.866  2.317  6.089 0.7777780294
74793  -46.419  5.481  2.172 0.6666669846
75721  -45.792  5.889  2.645 0.6666669846
74798  -47.070  5.310  1.784 0.5555559993
74801  -48.817  5.333  0.985 0.5555559993
73820  -49.568  5.355  0.529 0.6666669846
127304  -50.348  4.749  0.904 0.4444440007
73828  -50.838  5.361  -0.561 0.4444440007
73830  -52.338  5.034  -0.158 0.4444440007
70114  -39.210  0.895  8.104 0.7777780294
70130  -39.618  1.340  7.808 0.7777780294
71069  -39.340  2.064  7.797 0.7777780294
71070  -40.034  1.898  7.327 0.7777780294
140651  -40.496  2.076  6.960 0.7777780294
71961  -40.927  2.302  6.597 0.7777780294
75717  -45.890  6.627  3.058 0.7777780294
75723  -46.952  6.897  2.333 0.7777780294
75729  -47.908  6.451  1.354 0.7777780294
74809  -48.528  6.211  0.838 0.7777780294
125818  -50.268  5.369  0.004 0.5555559993
73829  -51.552  5.131  -0.385 0.4444440007
142197  -45.299  7.134  5.065 0.4444440007
136864  -46.580  7.520  4.217 0.5555559993
76630  -45.420  6.797  3.802 0.6666669846
76631  -46.192  7.181  3.681 0.6666669846
76640  -47.392  7.467  2.800 0.6666669846
76639  -46.574  7.097  2.920 0.6666669846
76647  -48.255  7.275  1.609 0.6666669846
76654  -48.498  6.858  1.073 0.7777780294
74810  -49.124  6.011  0.343 0.7777780294
74817  -50.369  5.794  -0.734 0.6666669846
132667  -50.769  5.650  -1.135 0.4444440007
126242  -51.625  5.448  -1.643 0.4444440007
75740  -49.614  6.528  -0.149 0.7777780294
74825  -50.541  6.101  -1.398 0.4444440007
75696  -44.863  6.975  5.402 0.4444440007
76617  -46.237  7.587  5.403 0.4444440007
76625  -46.695  7.705  4.900 0.5555559993
122951  -46.933  7.521  3.577 0.5555559993
76632  -47.710  7.857  3.643 0.5555559993
132508  -48.118  7.630  2.353 0.6666669846
76648  -49.636  7.609  0.795 0.7777780294
134818  -49.637  7.166  0.055 0.7777780294
75741  -50.165  6.369  -0.807 0.7777780294
75747  -50.332  6.878  -1.593 0.4444440007
74838  -51.497  5.728  -2.270 0.4444440007
75759  -50.485  7.140  -2.332 0.4444440007
137757  -46.210  7.489  7.713 0.3333329856
76601  -46.886  7.914  7.637 0.3333329856
76600  -46.248  7.612  7.010 0.4444440007
77558  -47.459  8.354  6.030 0.4444440007
77559  -48.147  8.804  6.382 0.3333329856
76659  -50.119  7.145  -0.674 0.7777780294
76665  -50.512  7.506  -2.025 0.5555559993
76676  -50.484  7.848  -2.715 0.4444440007
77582  -50.403  7.765  0.191 0.7777780294
77586  -50.654  7.783  -0.612 0.7777780294
118371  -50.579  7.679  -1.366 0.6666669846
77591  -50.703  8.071  -2.088 0.6666669846
137715  -50.461  8.508  -3.241 0.5555559993
135597  -50.956  8.247  -1.558 0.6666669846
77601  -51.133  8.664  -2.046 0.5555559993
78552  -50.636  8.664  -2.672 0.5555559993
78553  -51.146  9.476  -2.600 0.5555559993
78565  -50.819  10.209  -3.319 0.5555559993
79469  -51.253  10.935  -3.459 0.4444440007
80347  -51.087  11.511  -4.089 0.5555559993
81364  -51.936  13.171  -5.346 0.2222220004
82383  -52.273  13.714  -5.730 0.3333329856
127650  -51.254  8.181  -0.172 0.7777780294
77587  -51.131  8.193  -0.951 0.5555559993
78543  -51.865  9.082  -1.925 0.3333329856
78554  -52.144  9.752  -2.312 0.3333329856
79470  -52.016  10.959  -3.080 0.3333329856
119748  -51.902  11.574  -3.542 0.3333329856
119160  -53.638  11.942  -3.256 0.3333329856
81348  -53.937  12.593  -3.625 0.2222220004
80360  -51.717  12.076  -4.108 0.3333329856
81358  -53.200  13.055  -4.174 0.2222220004
82373  -53.670  13.671  -4.566 0.2222220004
122020  -54.095  14.661  -5.192 0.1111110002
80359  -51.218  12.032  -4.735 0.3333329856
81357  -52.027  12.743  -4.579 0.2222220004
83340  -52.568  14.343  -6.167 0.1111110002
83341  -53.234  14.876  -5.867 0.1111110002
84291  -54.747  15.734  -5.596 0.1111110002
82389  -52.206  13.704  -6.577 0.3333329856
83348  -52.743  14.921  -6.669 0.1111110002
83349  -53.298  15.478  -6.440 0.1111110002
85217  -53.831  16.536  -7.080 0.1111110002
84331  -53.838  15.954  -8.761 0.1111110002
85262  -54.376  16.871  -9.177 0.1111110002
85263  -55.036  16.892  -9.908 0.1111110002
77592  -51.602  8.600  -1.386 0.6666669846
78544  -52.581  9.380  -1.822 0.3333329856
78555  -53.148  9.854  -2.082 0.3333329856
80348  -52.908  11.331  -3.047 0.3333329856
80349  -54.548  12.074  -3.195 0.2222220004
81359  -54.288  13.267  -4.014 0.2222220004
82376  -56.049  14.264  -3.899 0.1111110002
83333  -56.353  15.178  -4.098 0.1111110002
83331  -54.885  14.362  -4.666 0.1111110002
83342  -55.021  15.091  -5.053 0.1111110002
137579  -55.801  15.289  -4.683 0.1111110002
127906  -56.543  16.007  -4.319 0.1111110002
84290  -54.028  15.371  -5.684 0.1111110002
85201  -55.068  16.287  -5.853 0.1111110002
86090  -56.217  17.247  -5.610 0.1111110002
86091  -56.848  17.735  -5.138 0.1111110002
85235  -54.249  17.081  -7.532 0.1111110002
86101  -55.867  17.699  -6.367 0.1111110002
86102  -56.630  18.222  -5.923 0.1111110002
124711  -54.024  16.915  -8.419 0.1111110002
86124  -54.462  17.461  -8.179 0.1111110002
86991  -56.284  18.538  -6.711 0.1111110002
86992  -57.077  19.391  -6.207 0.1111110002
87002  -55.800  18.612  -7.616 0.1111110002
87003  -56.850  19.567  -7.094 0.1111110002
86136  -54.965  17.739  -9.475 0.1111110002
82363  -56.338  13.807  -3.386 0.1111110002
83320  -56.596  14.499  -3.462 0.1111110002
86078  -56.990  17.239  -4.556 0.1111110002
87883  -56.381  19.605  -8.750 0.1111110002
71074  -45.311  2.322  7.579 0.4444440007
121212  -44.572  1.869  7.802 0.4444440007
70134  -43.310  0.886  8.204 0.6666669846
70135  -43.903  1.412  8.005 0.5555559993
137688  -11.231  -23.251  34.117 0.6666669846
46598  -10.356  -23.332  33.972 0.6666669846
142727  -12.112  -22.567  34.838 0.5555559993
40027  -20.816  -29.974  29.725 0.3333329856
40042  -22.374  -30.335  28.496 0.3333329856
50835  -33.630  -19.397  22.469 0.7777780294
129941  -29.610  -22.213  22.220 0.7777780294
48883  -30.504  -21.288  22.550 0.7777780294
48884  -31.940  -20.792  22.358 0.7777780294
49743  -38.220  -20.848  33.594 0.2222220004
50703  -38.616  -20.318  33.068 0.2222220004
48770  -34.489  -21.170  31.898 0.2222220004
52529  -27.862  -17.118  30.217 0.2222220004
52543  -27.803  -17.256  29.371 0.2222220004
51659  -28.312  -18.196  28.916 0.2222220004
54424  -28.187  -15.567  25.986 0.1111110002
62465  -39.717  -7.757  11.022 0.5555559993
120820  -34.246  -5.990  13.794 0.3333329856
64724  -35.203  -6.095  13.646 0.4444440007
65810  -41.726  -4.620  9.485 0.6666669846
129245  -39.709  -3.635  9.066 0.7777780294
127092  -39.061  -1.975  8.645 0.7777780294
69206  -38.870  -0.276  8.409 0.7777780294
71948  -39.548  2.700  7.586 0.7777780294
138941  -41.118  2.982  6.149 0.7777780294
64757  -36.260  -5.111  12.499 0.4444440007
65752  -38.826  -5.070  12.440 0.3333329856
76599  -45.654  7.269  7.385 0.4444440007
76606  -45.598  7.338  6.569 0.4444440007
75716  -45.211  6.127  3.212 0.7777780294
136421  -45.850  5.177  2.550 0.6666669846
40058  -22.929  -30.304  27.931 0.5555559993
131159  -28.983  -23.769  21.983 0.7777780294
48757  -35.391  -21.123  32.418 0.2222220004
50720  -29.452  -19.173  31.104 0.2222220004
133348  -37.050  -10.692  12.719 0.7777780294
62466  -40.542  -7.563  11.265 0.5555559993
45570  -6.203  -24.521  33.607 0.1111110002
44607  -4.327  -25.209  34.361 0.1111110002
44620  -2.959  -25.702  33.118 0.1111110002
46581  -8.754  -23.336  35.822 0.3333329856
47703  -10.839  -22.759  35.711 0.4444440007
44606  -3.367  -25.241  34.818 0.1111110002
45526  -5.520  -24.661  36.641 0.1111110002
45712  -33.249  -24.439  24.498 0.6666669846
47870  -32.544  -22.670  22.357 0.7777780294
47892  -32.732  -21.659  22.037 0.7777780294
48885  -32.934  -20.681  22.086 0.7777780294
45740  -31.103  -23.586  22.611 0.7777780294
47890  -30.958  -21.902  22.241 0.7777780294
45727  -30.332  -24.845  23.063 0.6666669846
45739  -30.444  -23.919  22.528 0.7777780294
46778  -29.580  -23.201  22.074 0.7777780294
47889  -30.225  -21.858  22.309 0.7777780294
48756  -34.872  -21.494  32.617 0.2222220004
50710  -30.189  -19.782  32.436 0.1111110002
49752  -31.478  -20.589  32.467 0.1111110002
48754  -32.063  -21.058  32.908 0.1111110002
50702  -30.247  -19.883  33.176 0.1111110002
56244  -37.452  -13.270  27.987 0.4444440007
59236  -37.948  -10.783  14.058 0.5555559993
53500  -27.795  -16.404  28.880 0.2222220004
51635  -28.289  -17.869  31.315 0.2222220004
60314  -38.162  -9.407  11.609 0.6666669846
60295  -40.186  -9.469  12.465 0.5555559993
60316  -39.818  -9.043  11.856 0.6666669846
54368  -29.456  -15.612  30.359 0.1111110002
136395  -29.939  -15.324  28.775 0.1111110002
54387  -30.395  -15.443  29.624 0.1111110002
54412  -28.717  -15.369  27.605 0.1111110002
130747  -42.048  -3.424  8.750 0.6666669846
65811  -43.459  -4.368  9.749 0.4444440007
66683  -41.167  -3.350  8.859 0.7777780294
64725  -39.046  -6.306  14.690 0.2222220004
64704  -37.559  -6.165  15.586 0.2222220004
63631  -36.749  -6.506  14.150 0.2222220004
63633  -38.202  -6.419  14.199 0.2222220004
64744  -38.167  -6.137  13.247 0.2222220004
63630  -36.152  -6.192  13.486 0.2222220004
130789  -38.884  -5.777  12.964 0.3333329856
65751  -38.022  -5.392  12.497 0.3333329856
64758  -37.060  -5.246  12.489 0.4444440007
67545  -42.500  -2.636  8.412 0.6666669846
128706  -40.039  -1.950  8.630 0.7777780294
67543  -40.634  -2.686  8.727 0.7777780294
129679  -41.872  -1.831  8.415 0.7777780294
64687  -38.142  -5.647  16.228 0.1111110002
64703  -36.699  -6.147  15.676 0.2222220004
68384  -40.395  -1.128  8.450 0.7777780294
71949  -46.145  2.803  7.380 0.3333329856
64670  -35.936  -5.130  17.114 0.2222220004
65697  -37.309  -5.202  16.813 0.1111110002
131318  -42.599  -1.781  8.357 0.7777780294
133541  -40.738  -0.321  8.284 0.7777780294
65662  -35.998  -4.934  17.769 0.1111110002
69209  -42.327  -0.163  8.373 0.7777780294
70116  -41.991  0.425  8.132 0.7777780294
71071  -42.243  1.438  7.382 0.7777780294
71087  -41.652  1.713  6.886 0.7777780294
75722  -46.403  6.404  2.431 0.7777780294
75728  -47.064  6.214  1.831 0.6666669846
74800  -48.168  5.697  1.131 0.6666669846
73821  -50.978  4.976  0.242 0.4444440007
73822  -51.783  4.806  0.458 0.3333329856
74819  -52.142  5.254  -1.072 0.4444440007
76646  -47.551  7.056  1.963 0.6666669846
75734  -49.029  6.827  0.504 0.7777780294
74816  -49.781  5.905  -0.198 0.6666669846
76616  -45.562  7.324  5.632 0.4444440007
76624  -45.851  7.302  4.648 0.6666669846
76633  -48.096  7.869  3.042 0.5555559993
133050  -48.929  7.432  1.238 0.6666669846
74826  -50.992  5.735  -1.679 0.4444440007
76618  -46.824  7.897  5.699 0.4444440007
76607  -46.228  7.636  6.151 0.4444440007
76626  -47.227  7.819  4.320 0.5555559993
128165  -47.392  8.105  5.131 0.5555559993
77570  -48.683  8.083  2.778 0.5555559993
75760  -50.743  6.390  -2.218 0.5555559993
76608  -46.856  8.004  6.594 0.3333329856
77550  -47.780  8.371  8.073 0.2222220004
123069  -48.106  8.594  5.396 0.4444440007
79457  -51.592  10.322  -2.870 0.3333329856
82372  -52.648  13.464  -4.933 0.2222220004
82384  -53.175  14.169  -5.278 0.2222220004
79458  -52.554  10.470  -2.638 0.3333329856
81347  -52.721  12.257  -3.686 0.3333329856
82375  -55.389  13.992  -4.205 0.1111110002
83332  -55.654  14.671  -4.431 0.1111110002
84292  -55.516  15.765  -5.196 0.1111110002
84311  -54.050  16.095  -6.289 0.1111110002
85218  -54.594  16.752  -6.615 0.1111110002
86135  -54.487  17.404  -8.773 0.1111110002
137977  -55.709  13.570  -3.703 0.1111110002
84293  -56.152  15.870  -4.719 0.1111110002
85202  -55.880  16.434  -5.375 0.1111110002
85219  -55.479  16.943  -6.116 0.1111110002
85203  -56.537  16.676  -4.839 0.1111110002
130154  -57.391  18.299  -4.477 0.1111110002
86100  -55.088  17.380  -6.874 0.1111110002
86113  -55.564  17.989  -7.032 0.1111110002
86112  -54.975  17.755  -7.638 0.1111110002
87001  -55.027  18.081  -8.485 0.1111110002
86147  -55.608  17.633  -10.408 0.1111110002
87871  -56.543  19.607  -7.938 0.1111110002
87014  -55.818  18.856  -8.407 0.1111110002
82364  -56.799  14.047  -3.061 0.1111110002
85187  -56.887  16.557  -4.208 0.1111110002
86079  -57.276  17.284  -4.056 0.1111110002
71075  -46.116  1.930  7.934 0.3333329856
132871  -44.111  0.639  8.414 0.3333329856
43615  -11.690  -26.392  41.058 0.1111110002
42713  -10.190  -27.066  39.644 0.2222220004
42704  -10.191  -26.994  40.465 0.1111110002
43629  -10.807  -26.803  39.960 0.1111110002
43622  -11.465  -26.517  40.191 0.3333329856
42709  -6.527  -27.700  39.571 0.1111110002
43616  -12.470  -26.041  41.176 0.1111110002
43623  -12.192  -26.196  40.320 0.3333329856
42716  -6.621  -27.857  38.838 0.1111110002
42710  -7.217  -27.624  39.320 0.2222220004
43617  -13.315  -25.758  41.370 0.1111110002
44533  -14.943  -25.509  43.391 0.1111110002
44540  -13.792  -25.550  40.472 0.3333329856
123680  -14.176  -25.505  41.288 0.3333329856
44534  -15.589  -25.167  42.886 0.1111110002
44528  -16.139  -25.478  44.680 0.1111110002
127215  -14.808  -25.231  41.326 0.2222220004
44541  -14.575  -25.231  40.595 0.3333329856
42723  -6.839  -28.042  37.287 0.3333329856
45444  -16.600  -25.006  43.806 0.1111110002
44538  -15.411  -25.013  41.825 0.2222220004
45451  -17.375  -24.678  43.101 0.2222220004
44542  -15.280  -24.887  40.932 0.3333329856
132146  -16.524  -24.166  41.152 0.3333329856
45472  -16.651  -23.889  40.625 0.3333329856
44531  -18.174  -25.722  43.778 0.1111110002
45452  -18.227  -24.872  43.467 0.2222220004
45453  -18.928  -25.158  43.122 0.2222220004
45473  -17.429  -23.833  41.325 0.2222220004
45462  -19.230  -24.606  42.281 0.3333329856
42729  -16.589  -27.816  37.260 0.1111110002
41770  -16.001  -28.212  36.615 0.1111110002
39952  -15.625  -30.409  34.824 0.1111110002
40883  -15.981  -29.811  34.128 0.1111110002
43642  -19.483  -27.034  39.083 0.4444440007
40874  -15.234  -29.685  35.359 0.1111110002
41776  -15.437  -28.845  36.009 0.1111110002
41784  -15.706  -28.816  35.120 0.1111110002
39963  -16.640  -30.136  33.677 0.2222220004
42738  -16.730  -27.737  36.412 0.1111110002
41793  -15.978  -28.881  34.305 0.2222220004
42730  -17.783  -27.362  37.853 0.2222220004
42739  -17.434  -27.454  37.106 0.2222220004
42752  -16.956  -27.564  35.539 0.2222220004
42751  -16.329  -28.128  34.857 0.2222220004
40891  -17.057  -29.749  33.071 0.1111110002
43659  -18.155  -27.324  36.699 0.3333329856
43674  -17.881  -27.285  35.842 0.3333329856
42765  -16.539  -28.118  33.990 0.2222220004
43649  -19.174  -27.328  37.264 0.4444440007
42779  -17.226  -27.452  33.819 0.2222220004
43660  -18.813  -27.303  36.279 0.3333329856
43675  -18.480  -27.175  35.204 0.2222220004
43676  -19.580  -27.406  35.883 0.3333329856
43692  -18.541  -26.951  34.190 0.2222220004
42740  -20.677  -27.545  36.525 0.3333329856
43693  -19.435  -27.275  34.818 0.2222220004
120685  -19.267  -26.985  33.947 0.2222220004
43662  -22.107  -26.810  36.968 0.5555559993
42753  -20.466  -27.613  35.598 0.3333329856
42767  -20.059  -27.290  33.867 0.2222220004
41817  -17.839  -28.007  31.984 0.2222220004
42755  -22.318  -27.667  35.766 0.4444440007
42754  -21.338  -27.850  35.278 0.4444440007
43709  -19.393  -26.876  33.314 0.3333329856
140917  -18.244  -27.553  31.580 0.3333329856
42768  -21.071  -27.825  34.322 0.5555559993
43710  -19.930  -27.048  33.091 0.4444440007
45512  -7.437  -24.022  37.531 0.1111110002
46555  -8.885  -23.507  37.599 0.1111110002
46567  -8.770  -23.423  36.727 0.1111110002
41818  -18.295  -28.398  31.380 0.2222220004
119677  -19.041  -26.665  31.673 0.3333329856
40011  -19.778  -29.993  30.885 0.2222220004
39078  -20.923  -30.847  31.166 0.2222220004
42780  -20.730  -27.510  33.372 0.5555559993
40921  -19.245  -29.110  30.537 0.2222220004
38092  -25.186  -31.828  31.938 0.1111110002
40012  -20.646  -30.359  30.558 0.2222220004
39064  -24.621  -31.674  31.210 0.1111110002
39065  -25.662  -31.852  31.088 0.1111110002
43737  -19.038  -26.752  30.976 0.4444440007
39080  -22.137  -31.205  30.827 0.2222220004
39081  -22.773  -31.203  30.358 0.2222220004
40938  -19.659  -28.615  29.761 0.2222220004
38079  -28.423  -32.511  33.118 0.1111110002
38057  -27.748  -32.193  33.768 0.1111110002
38078  -27.473  -32.358  32.870 0.1111110002
132042  -27.953  -32.448  32.203 0.1111110002
128101  -26.053  -32.058  31.973 0.1111110002
38093  -26.656  -32.118  31.450 0.1111110002
40013  -21.292  -30.468  30.073 0.2222220004
39097  -22.029  -30.814  30.003 0.2222220004
39083  -24.892  -31.603  30.377 0.1111110002
129577  -23.460  -31.269  30.032 0.2222220004
39098  -22.828  -30.959  29.591 0.3333329856
39111  -23.581  -31.046  29.278 0.2222220004
129719  -30.174  -32.655  34.216 0.1111110002
126036  -29.924  -32.764  33.118 0.1111110002
38059  -29.286  -32.538  33.704 0.1111110002
136191  -29.198  -32.643  32.872 0.1111110002
132040  -27.140  -32.307  32.107 0.1111110002
39112  -24.394  -31.110  29.016 0.3333329856
39099  -24.228  -31.353  29.793 0.2222220004
40043  -23.716  -30.736  28.490 0.3333329856
38094  -27.531  -32.271  31.483 0.1111110002
38105  -27.881  -32.092  30.820 0.1111110002
40034  -33.707  -30.160  29.826 0.1111110002
40942  -33.944  -29.635  29.199 0.1111110002
48865  -38.405  -21.539  24.704 0.2222220004
38104  -27.176  -32.068  30.903 0.1111110002
47848  -37.208  -22.954  25.034 0.2222220004
139703  -37.829  -22.635  25.168 0.2222220004
39100  -25.078  -31.417  29.553 0.2222220004
121268  -25.762  -31.682  30.127 0.1111110002
40957  -34.251  -29.099  28.631 0.1111110002
41871  -34.482  -28.556  28.190 0.1111110002
42895  -34.855  -27.284  27.518 0.2222220004
43833  -34.773  -26.027  26.841 0.2222220004
45681  -35.534  -24.765  26.236 0.2222220004
45698  -35.916  -24.113  25.701 0.3333329856
46726  -36.580  -23.566  25.302 0.2222220004
47861  -36.775  -22.487  24.318 0.3333329856
41882  -33.934  -28.292  27.724 0.1111110002
42894  -34.096  -27.631  27.329 0.2222220004
42906  -34.325  -26.803  26.997 0.2222220004
44731  -35.134  -25.365  26.587 0.2222220004
45697  -35.162  -24.479  25.676 0.2222220004
46743  -36.284  -23.090  24.564 0.3333329856
44730  -34.295  -25.568  26.337 0.2222220004
45680  -34.749  -24.949  26.035 0.2222220004
46725  -35.148  -24.007  25.022 0.3333329856
38080  -29.602  -32.593  32.258 0.1111110002
38098  -30.952  -32.373  31.646 0.1111110002
132041  -28.787  -32.530  32.221 0.1111110002
38096  -29.196  -32.369  31.493 0.1111110002
38108  -30.526  -32.037  30.887 0.1111110002
39067  -32.204  -31.762  31.230 0.1111110002
40014  -32.789  -30.837  30.207 0.1111110002
38095  -28.351  -32.339  31.482 0.1111110002
38097  -30.062  -32.388  31.555 0.1111110002
39066  -31.452  -31.860  30.992 0.1111110002
122050  -31.731  -31.419  30.382 0.1111110002
38106  -28.731  -32.093  30.768 0.1111110002
39088  -30.099  -31.733  30.158 0.1111110002
39106  -32.126  -30.990  29.992 0.1111110002
40033  -32.504  -30.533  29.620 0.1111110002
47862  -37.629  -22.149  24.677 0.2222220004
48864  -37.732  -21.357  24.109 0.2222220004
49807  -20.846  -20.459  27.716 0.1111110002
39113  -25.228  -31.142  28.791 0.3333329856
123285  -26.007  -31.427  29.296 0.2222220004
39085  -27.270  -31.828  30.204 0.1111110002
40941  -32.998  -29.962  29.219 0.1111110002
40971  -32.576  -29.065  27.833 0.1111110002
48796  -21.484  -21.559  27.916 0.4444440007
40044  -24.585  -30.774  28.272 0.3333329856
135337  -25.924  -31.104  28.587 0.3333329856
136533  -26.677  -31.212  28.727 0.3333329856
40972  -33.250  -28.669  27.742 0.1111110002
42905  -33.521  -27.273  26.827 0.2222220004
135295  -35.874  -23.625  25.004 0.3333329856
48863  -37.004  -21.772  23.904 0.2222220004
40045  -25.434  -30.805  28.110 0.4444440007
44729  -33.594  -26.024  26.212 0.2222220004
44742  -34.016  -25.081  25.835 0.2222220004
142280  -34.573  -24.166  24.800 0.2222220004
40966  -24.251  -30.000  26.959 0.5555559993
40060  -24.846  -30.431  27.546 0.5555559993
39089  -30.968  -31.615  30.254 0.1111110002
39087  -29.135  -31.725  29.968 0.1111110002
136262  -29.802  -31.458  29.520 0.1111110002
40052  -32.122  -30.268  28.994 0.1111110002
48809  -21.286  -20.956  27.669 0.2222220004
39103  -28.344  -31.509  29.379 0.2222220004
39104  -30.541  -31.338  29.580 0.1111110002
138051  -31.922  -30.727  29.436 0.1111110002
40955  -32.393  -29.655  28.429 0.1111110002
41881  -32.477  -28.480  27.180 0.1111110002
40032  -31.437  -30.654  28.975 0.1111110002
118862  -31.877  -29.363  27.759 0.1111110002
135005  -32.131  -28.947  27.458 0.1111110002
128175  -33.333  -28.024  27.218 0.2222220004
43831  -32.994  -26.767  26.274 0.2222220004
47860  -35.779  -22.830  23.838 0.3333329856
127320  -36.273  -22.673  24.075 0.3333329856
40046  -26.301  -30.845  28.047 0.4444440007
40985  -30.688  -29.187  26.795 0.2222220004
135784  -31.588  -28.903  27.053 0.2222220004
42904  -32.705  -27.652  26.636 0.2222220004
43841  -32.379  -26.442  25.733 0.2222220004
123629  -33.788  -25.498  26.060 0.2222220004
45696  -34.468  -24.531  25.342 0.2222220004
46742  -34.602  -23.780  24.174 0.4444440007
47874  -36.205  -22.174  23.565 0.4444440007
48875  -36.450  -21.322  23.119 0.2222220004
40061  -25.753  -30.481  27.434 0.4444440007
120592  -31.021  -28.617  26.416 0.2222220004
42916  -31.365  -27.366  25.621 0.4444440007
42917  -32.155  -27.183  26.032 0.2222220004
44740  -32.572  -25.723  25.415 0.3333329856
44754  -32.866  -25.013  25.047 0.4444440007
45713  -34.039  -24.271  24.662 0.4444440007
46761  -35.016  -23.110  23.471 0.4444440007
40979  -24.630  -29.570  26.285 0.5555559993
127361  -31.775  -26.748  25.522 0.3333329856
43853  -31.874  -26.088  25.192 0.4444440007
45711  -32.449  -24.650  24.327 0.4444440007
46741  -33.707  -23.942  23.840 0.5555559993
47872  -34.484  -22.515  22.601 0.4444440007
48874  -35.634  -21.527  22.653 0.4444440007
48888  -35.820  -20.628  22.303 0.4444440007
48873  -34.766  -21.641  22.262 0.5555559993
49882  -35.065  -19.697  21.861 0.4444440007
47871  -33.513  -22.594  22.392 0.5555559993
48887  -34.935  -20.741  21.991 0.5555559993
50837  -34.943  -18.911  21.884 0.5555559993
48811  -22.884  -21.032  27.401 0.2222220004
39115  -28.337  -31.124  28.572 0.2222220004
39116  -29.163  -31.326  29.062 0.1111110002
39117  -30.076  -31.035  28.872 0.1111110002
40047  -27.355  -30.876  28.100 0.2222220004
129839  -30.090  -30.600  28.223 0.2222220004
40071  -26.105  -30.130  26.745 0.4444440007
40065  -29.743  -30.314  27.657 0.2222220004
40967  -25.180  -30.072  26.844 0.5555559993
41893  -30.299  -28.793  26.155 0.2222220004
41905  -30.728  -28.103  25.761 0.3333329856
42915  -30.583  -27.377  25.145 0.4444440007
44752  -31.371  -25.718  24.545 0.4444440007
45710  -31.660  -24.921  24.096 0.4444440007
50836  -34.310  -19.160  22.062 0.6666669846
55407  -40.923  -14.776  22.703 0.1111110002
40049  -29.257  -30.817  28.221 0.2222220004
40048  -28.335  -30.665  27.791 0.2222220004
124220  -29.012  -30.434  27.528 0.2222220004
40063  -27.618  -30.458  27.244 0.2222220004
40064  -28.444  -30.284  27.095 0.2222220004
40983  -29.015  -29.512  26.258 0.3333329856
40981  -26.471  -29.724  26.094 0.4444440007
40993  -27.779  -29.204  25.530 0.3333329856
41904  -29.196  -28.403  25.231 0.4444440007
42914  -29.987  -27.926  25.182 0.4444440007
42927  -28.086  -27.456  23.960 0.5555559993
138890  -28.893  -27.391  24.227 0.4444440007
43852  -30.278  -26.837  24.559 0.4444440007
44767  -30.891  -25.294  23.799 0.4444440007
132700  -28.064  -26.302  22.999 0.5555559993
55358  -40.608  -14.280  25.482 0.1111110002
55323  -40.062  -14.168  27.355 0.1111110002
55322  -39.502  -14.446  27.479 0.1111110002
119083  -39.901  -13.704  27.995 0.1111110002
56258  -39.199  -13.825  27.901 0.1111110002
55321  -38.679  -14.163  27.861 0.3333329856
55306  -37.856  -14.026  27.953 0.4444440007
56234  -38.773  -12.578  28.926 0.1111110002
56247  -40.017  -13.299  28.865 0.1111110002
56246  -39.138  -13.257  28.575 0.1111110002
56245  -38.267  -13.265  28.305 0.1111110002
128215  -37.682  -12.554  28.221 0.1111110002
57200  -37.227  -12.551  27.844 0.2222220004
56271  -36.120  -13.280  26.329 0.5555559993
139864  -36.862  -12.608  27.341 0.4444440007
56284  -35.967  -13.325  25.451 0.5555559993
121777  -40.066  -12.959  29.903 0.1111110002
56235  -39.419  -12.734  29.390 0.1111110002
57193  -38.725  -12.144  29.087 0.1111110002
57201  -38.207  -12.173  28.710 0.1111110002
57217  -36.450  -12.662  25.776 0.4444440007
57210  -37.018  -11.923  26.921 0.3333329856
129670  -40.137  -9.310  17.140 0.2222220004
60243  -41.203  -9.255  15.575 0.2222220004
61283  -41.816  -8.961  15.644 0.2222220004
125565  -38.278  -10.113  16.326 0.3333329856
59204  -39.110  -9.926  16.228 0.2222220004
60242  -40.462  -9.579  15.458 0.2222220004
61284  -42.509  -8.721  15.298 0.2222220004
59218  -36.987  -10.835  15.774 0.4444440007
59219  -37.850  -10.517  15.636 0.3333329856
59221  -39.592  -10.015  15.285 0.2222220004
60257  -40.379  -9.892  14.498 0.3333329856
122106  -37.391  -10.928  14.820 0.3333329856
61263  -43.471  -7.948  16.358 0.2222220004
62439  -43.774  -8.002  14.491 0.1111110002
60258  -41.183  -9.611  14.212 0.2222220004
61304  -42.491  -8.872  14.341 0.2222220004
61322  -43.085  -8.370  13.906 0.1111110002
133485  -38.985  -10.377  14.807 0.3333329856
119063  -40.677  -9.827  13.775 0.2222220004
60277  -41.840  -9.258  13.900 0.2222220004
61321  -42.356  -8.652  13.520 0.2222220004
59258  -38.374  -10.567  13.326 0.3333329856
60275  -40.481  -9.744  13.138 0.3333329856
61320  -41.657  -8.961  13.130 0.2222220004
61335  -42.093  -8.270  12.781 0.3333329856
60274  -39.744  -10.017  12.867 0.3333329856
60296  -40.939  -9.238  12.761 0.3333329856
61334  -41.336  -8.527  12.462 0.3333329856
62440  -44.595  -7.503  14.744 0.1111110002
62450  -43.552  -7.677  13.520 0.1111110002
63634  -44.963  -6.906  14.228 0.1111110002
62459  -43.209  -7.275  12.763 0.1111110002
63656  -42.825  -6.854  12.147 0.1111110002
63657  -43.532  -6.586  12.408 0.1111110002
62457  -41.712  -7.784  12.173 0.4444440007
62468  -42.106  -7.112  11.853 0.1111110002
63651  -45.338  -6.283  13.810 0.1111110002
63649  -43.918  -6.927  13.104 0.1111110002
63650  -44.644  -6.588  13.452 0.1111110002
64759  -44.713  -5.534  12.447 0.1111110002
63667  -43.187  -6.260  11.810 0.1111110002
63658  -44.279  -6.185  12.617 0.1111110002
63666  -42.481  -6.473  11.548 0.1111110002
63665  -41.725  -6.684  11.281 0.4444440007
64766  -42.872  -5.862  11.235 0.1111110002
62482  -40.939  -6.892  10.967 0.4444440007
63677  -41.336  -6.250  10.698 0.4444440007
64760  -45.295  -5.122  12.736 0.1111110002
65785  -44.773  -4.883  11.849 0.1111110002
63668  -43.750  -6.048  12.069 0.1111110002
64768  -44.196  -5.573  11.960 0.1111110002
64779  -44.039  -5.076  11.258 0.1111110002
64767  -43.569  -5.688  11.536 0.2222220004
63678  -42.123  -6.070  10.946 0.3333329856
64778  -43.316  -5.286  10.877 0.2222220004
120800  -43.780  -4.700  10.456 0.2222220004
65812  -44.158  -4.122  9.862 0.1111110002
66674  -44.468  -3.454  9.281 0.2222220004
66675  -45.186  -3.101  9.760 0.2222220004
66673  -43.604  -3.765  9.122 0.3333329856
140358  -43.997  -3.329  8.823 0.3333329856
67533  -44.901  -2.840  9.010 0.2222220004
67534  -45.467  -2.307  9.179 0.2222220004
66685  -44.283  -2.859  8.685 0.3333329856
65753  -40.438  -4.799  13.187 0.1111110002
67547  -44.769  -2.107  8.580 0.2222220004
68388  -45.473  -1.540  8.722 0.2222220004
140741  -43.126  -2.173  8.337 0.3333329856
130887  -44.886  -1.243  8.508 0.2222220004
68387  -44.135  -1.322  8.468 0.3333329856
69211  -44.390  -0.379  8.522 0.3333329856
135068  -42.279  -0.976  8.422 0.5555559993
68386  -43.223  -1.334  8.438 0.4444440007
72857  -47.216  3.423  4.678 0.4444440007
72865  -46.588  3.453  3.397 0.4444440007
72867  -48.191  3.442  3.289 0.4444440007
72879  -48.031  3.594  2.590 0.4444440007
133234  -46.263  4.589  2.464 0.4444440007
72878  -47.499  3.935  2.283 0.4444440007
72888  -48.295  4.000  1.942 0.4444440007
73810  -49.501  4.603  1.236 0.4444440007
119293  -48.203  4.890  1.398 0.4444440007
74799  -47.622  5.546  1.460 0.5555559993
78511  -48.803  9.138  5.753 0.3333329856
76641  -48.811  7.820  2.012 0.5555559993
77563  -48.865  8.810  4.660 0.3333329856
77562  -47.985  8.245  4.465 0.4444440007
77565  -48.556  8.300  3.649 0.4444440007
77566  -49.350  8.768  3.802 0.4444440007
132314  -49.391  8.270  2.496 0.5555559993
77575  -49.574  7.994  1.673 0.5555559993
77567  -49.929  8.753  3.115 0.2222220004
78528  -50.770  8.894  2.716 0.3333329856
77571  -50.197  8.438  2.234 0.4444440007
77577  -51.573  8.461  1.549 0.3333329856
77576  -50.539  8.174  1.315 0.5555559993
77583  -51.384  8.250  0.708 0.4444440007
77588  -51.941  8.494  -0.639 0.4444440007
142583  -17.656  -27.269  39.372 0.2222220004
43641  -18.469  -27.115  39.251 0.2222220004
43635  -20.233  -26.652  39.682 0.2222220004
44543  -20.110  -25.665  41.345 0.2222220004
42720  -16.172  -27.936  38.975 0.1111110002
134122  -17.168  -27.562  37.778 0.2222220004
42721  -16.913  -27.536  39.076 0.1111110002
124643  -16.558  -27.811  38.201 0.1111110002
118421  -6.949  -27.575  40.219 0.2222220004
119840  -7.867  -27.478  40.708 0.2222220004
42703  -9.476  -27.200  40.816 0.1111110002
42702  -8.834  -27.358  40.153 0.1111110002
43624  -12.960  -25.834  40.421 0.4444440007
41767  -5.938  -28.332  37.465 0.2222220004
45471  -15.908  -24.367  40.512 0.2222220004
45461  -18.219  -24.342  42.541 0.2222220004
45454  -19.459  -25.305  42.523 0.2222220004
43620  -19.821  -26.122  41.515 0.1111110002
43613  -19.446  -25.900  42.351 0.2222220004
124405  -19.457  -27.224  38.208 0.4444440007
43648  -18.496  -27.226  38.399 0.3333329856
43651  -21.340  -26.910  37.837 0.4444440007
42741  -21.536  -27.634  36.279 0.5555559993
142555  -22.611  -27.726  35.309 0.5555559993
43738  -19.638  -26.655  31.836 0.4444440007
40028  -21.534  -30.289  29.427 0.2222220004
48876  -37.164  -21.043  23.457 0.2222220004
40965  -23.315  -29.897  27.099 0.5555559993
40991  -25.944  -29.251  25.520 0.5555559993
41912  -26.831  -28.215  24.404 0.4444440007
41902  -27.302  -28.718  24.983 0.4444440007
124369  -27.906  -26.847  23.388 0.5555559993
139803  -29.404  -25.966  23.321 0.4444440007
49801  -20.282  -20.528  28.215 0.3333329856
57247  -36.325  -12.150  21.642 0.4444440007
121370  -47.347  3.299  3.765 0.4444440007
43627  -20.040  -26.425  40.539 0.2222220004
43634  -19.407  -26.821  39.979 0.2222220004
43661  -19.943  -27.421  36.900 0.3333329856
135895  -21.416  -27.401  36.909 0.4444440007
42826  -19.252  -27.100  30.328 0.3333329856
40982  -27.370  -29.693  26.064 0.4444440007
72866  -47.421  3.495  2.968 0.4444440007
49881  -34.122  -20.044  21.928 0.6666669846
48886  -34.223  -20.900  21.903 0.6666669846
59259  -39.237  -10.339  13.458 0.3333329856
64777  -42.554  -5.465  10.585 0.2222220004
69210  -42.958  -0.428  8.508 0.5555559993
130008  -43.639  -0.657  8.536 0.4444440007
73803  -46.894  4.600  2.090 0.4444440007
73808  -47.579  4.650  1.755 0.4444440007
77584  -52.141  8.421  0.221 0.3333329856
40059  -23.926  -30.381  27.699 0.5555559993
62467  -41.344  -7.346  11.560 0.4444440007
136304  -30.116  -25.671  23.538 0.4444440007
131622  -38.282  -10.590  14.831 0.3333329856
140721  -49.179  8.447  3.165 0.4444440007
43621  -10.899  -26.720  40.836 0.1111110002
42708  -5.861  -27.887  39.368 0.1111110002
42692  -6.128  -27.574  40.894 0.1111110002
141768  -5.887  -28.091  38.717 0.2222220004
44537  -13.909  -25.685  41.987 0.2222220004
126771  -14.694  -25.447  42.177 0.1111110002
45450  -16.301  -24.765  42.488 0.2222220004
44536  -19.220  -25.640  42.761 0.2222220004
40882  -15.630  -29.518  34.699 0.1111110002
41785  -16.161  -28.169  35.747 0.1111110002
118794  -16.466  -29.117  33.516 0.2222220004
139744  -17.408  -27.438  36.303 0.3333329856
141924  -17.585  -27.274  35.112 0.2222220004
43691  -17.754  -27.121  34.420 0.2222220004
131872  -20.350  -27.565  34.708 0.3333329856
43707  -18.006  -26.991  32.838 0.2222220004
42825  -18.660  -27.478  30.939 0.2222220004
39082  -24.029  -31.512  30.561 0.2222220004
38081  -30.459  -32.662  32.377 0.1111110002
39086  -28.178  -31.788  30.136 0.1111110002
141615  -26.487  -31.698  29.926 0.2222220004
40015  -33.456  -30.635  30.346 0.1111110002
40956  -33.325  -29.279  28.444 0.1111110002
124078  -35.460  -23.422  24.343 0.4444440007
38107  -29.625  -32.089  30.790 0.1111110002
39068  -32.907  -31.551  31.302 0.1111110002
39105  -31.385  -31.120  29.653 0.1111110002
39101  -26.949  -31.529  29.450 0.2222220004
39114  -27.557  -31.345  28.960 0.2222220004
43842  -32.954  -26.074  25.894 0.2222220004
45695  -33.642  -24.765  25.222 0.2222220004
40051  -31.470  -30.045  28.291 0.1111110002
40050  -30.765  -30.603  28.535 0.1111110002
136319  -31.729  -28.053  26.377 0.2222220004
40970  -31.082  -29.586  27.488 0.2222220004
40066  -30.574  -30.172  27.885 0.2222220004
40062  -26.689  -30.520  27.354 0.3333329856
40969  -30.205  -29.766  27.219 0.2222220004
44741  -33.325  -25.426  25.709 0.3333329856
124507  -29.956  -28.455  25.620 0.4444440007
43840  -31.119  -26.607  24.990 0.4444440007
44753  -32.107  -25.319  24.819 0.4444440007
46760  -34.141  -23.330  23.153 0.5555559993
47873  -35.365  -22.368  23.008 0.4444440007
40072  -27.019  -30.137  26.661 0.4444440007
40984  -29.837  -29.376  26.532 0.2222220004
40968  -29.260  -29.950  26.974 0.2222220004
41892  -29.509  -28.971  25.874 0.3333329856
120636  -29.533  -27.080  24.293 0.4444440007
44766  -30.602  -26.101  24.237 0.4444440007
40073  -27.873  -30.065  26.590 0.3333329856
124194  -28.215  -29.615  26.086 0.3333329856
128443  -28.219  -28.610  25.068 0.3333329856
41913  -27.727  -28.139  24.502 0.4444440007
41914  -28.593  -27.964  24.612 0.4444440007
43851  -28.816  -26.681  23.578 0.4444440007
43862  -29.806  -26.408  23.921 0.4444440007
133007  -36.612  -12.609  26.614 0.4444440007
57205  -37.220  -12.033  27.557 0.2222220004
126469  -36.332  -12.720  24.940 0.4444440007
60228  -39.900  -9.591  16.210 0.2222220004
60229  -40.680  -9.243  16.295 0.2222220004
61272  -41.412  -8.902  16.296 0.2222220004
130862  -41.013  -9.531  14.902 0.2222220004
59220  -38.697  -10.285  15.519 0.3333329856
60216  -38.672  -9.758  17.100 0.1111110002
59238  -39.522  -10.270  14.293 0.3333329856
59239  -40.042  -10.096  13.642 0.3333329856
61285  -43.320  -8.276  15.386 0.1111110002
60276  -41.154  -9.489  13.478 0.3333329856
62458  -42.469  -7.538  12.463 0.1111110002
64747  -44.990  -5.887  13.091 0.1111110002
67546  -43.857  -2.155  8.399 0.3333329856
72858  -47.988  3.576  4.260 0.4444440007
121971  -48.729  3.586  2.568 0.4444440007
73809  -48.819  4.470  1.473 0.4444440007
78515  -49.591  9.520  5.172 0.2222220004
78518  -49.594  9.187  4.365 0.3333329856
138447  -51.269  9.300  3.030 0.2222220004
120130  -50.963  8.546  2.051 0.3333329856
43633  -18.277  -27.007  40.183 0.1111110002
42722  -17.549  -27.383  38.545 0.2222220004
43626  -19.280  -26.554  40.935 0.2222220004
42714  -16.518  -27.650  39.605 0.1111110002
41792  -5.944  -28.427  34.691 0.1111110002
43611  -18.324  -26.348  42.831 0.1111110002
46709  -39.369  -23.283  26.629 0.1111110002
47834  -38.920  -22.833  25.967 0.1111110002
47835  -39.667  -22.476  26.384 0.1111110002
47850  -39.324  -22.057  25.731 0.1111110002
46661  -33.205  -23.569  29.670 0.2222220004
46645  -33.468  -23.992  30.404 0.1111110002
46646  -34.199  -23.654  30.946 0.1111110002
46662  -33.917  -23.224  30.087 0.1111110002
56293  -35.846  -13.406  24.505 0.4444440007
138383  -36.658  -12.189  24.548 0.3333329856
58173  -37.179  -11.589  25.505 0.3333329856
57231  -36.353  -12.500  23.328 0.2222220004
137051  -36.732  -12.013  23.878 0.3333329856
127637  -37.119  -11.615  24.598 0.3333329856
130320  -36.315  -12.654  24.127 0.3333329856
57239  -35.894  -12.994  22.823 0.4444440007
58186  -36.787  -11.884  23.074 0.2222220004
58187  -37.201  -11.505  23.635 0.2222220004
57240  -36.367  -12.340  22.507 0.3333329856
58194  -36.905  -11.730  22.195 0.2222220004
58195  -37.600  -11.285  22.351 0.2222220004
132796  -37.228  -11.480  22.901 0.2222220004
58201  -36.760  -11.596  21.211 0.2222220004
58212  -37.278  -11.042  20.803 0.2222220004
59203  -37.935  -9.943  16.971 0.2222220004
59105  -38.347  -10.998  22.384 0.2222220004
72847  -46.503  3.261  5.132 0.3333329856
72848  -47.798  4.115  5.284 0.3333329856
72890  -50.201  4.000  1.695 0.3333329856
73831  -53.133  5.074  0.094 0.2222220004
127548  -52.867  5.227  -0.639 0.3333329856
72889  -49.264  3.835  1.931 0.3333329856
134424  -52.348  5.775  -2.840 0.2222220004
130931  -54.875  6.436  -3.455 0.2222220004
75773  -51.964  6.370  -3.633 0.2222220004
75774  -52.970  6.167  -3.589 0.2222220004
75787  -53.536  6.621  -4.236 0.2222220004
75786  -52.548  6.703  -4.273 0.2222220004
74839  -51.320  6.260  -2.985 0.3333329856
75771  -50.630  7.082  -3.056 0.2222220004
75772  -51.202  6.776  -3.590 0.2222220004
76685  -50.846  7.400  -3.901 0.2222220004
75788  -54.480  6.670  -4.151 0.2222220004
75785  -51.592  6.970  -4.198 0.2222220004
76695  -52.157  7.315  -4.818 0.2222220004
76696  -53.142  7.136  -4.893 0.2222220004
76697  -54.109  7.057  -4.856 0.2222220004
77614  -50.983  8.370  -5.009 0.2222220004
76707  -51.770  7.960  -5.261 0.3333329856
76708  -52.711  7.724  -5.443 0.2222220004
77622  -53.170  8.172  -6.090 0.2222220004
125623  -54.722  7.684  -6.070 0.3333329856
77621  -52.262  8.395  -5.828 0.3333329856
77607  -50.397  8.753  -3.867 0.3333329856
77613  -50.523  8.965  -4.627 0.4444440007
77620  -51.499  8.602  -5.533 0.3333329856
76719  -54.048  8.065  -6.388 0.3333329856
78576  -51.748  9.231  -6.059 0.4444440007
77627  -52.708  8.870  -6.401 0.4444440007
77628  -53.562  8.671  -6.700 0.4444440007
78564  -50.509  9.345  -3.379 0.4444440007
78570  -50.379  9.575  -4.193 0.4444440007
78575  -50.467  9.798  -4.961 0.3333329856
78582  -52.421  9.547  -6.582 0.4444440007
78583  -53.147  9.397  -6.937 0.4444440007
77635  -54.089  9.182  -7.375 0.3333329856
78588  -53.528  10.064  -7.473 0.3333329856
79497  -54.051  10.802  -7.969 0.4444440007
120271  -50.473  10.119  -3.833 0.4444440007
79482  -50.533  10.562  -5.114 0.4444440007
79483  -50.847  11.093  -5.544 0.4444440007
79490  -52.139  10.911  -6.789 0.4444440007
135194  -52.656  10.156  -6.992 0.4444440007
80373  -51.673  11.647  -6.538 0.4444440007
80379  -52.277  11.622  -7.078 0.4444440007
79496  -53.013  11.045  -7.436 0.4444440007
81370  -51.989  12.360  -6.875 0.3333329856
45611  -33.121  -24.805  30.557 0.2222220004
57230  -35.893  -13.149  23.622 0.4444440007
59156  -36.452  -10.842  19.513 0.2222220004
59157  -37.149  -10.646  20.000 0.1111110002
58211  -36.613  -11.260  20.344 0.2222220004
73811  -51.221  4.504  1.125 0.3333329856
74827  -52.279  5.399  -1.959 0.2222220004
76684  -50.492  7.957  -3.513 0.3333329856
79476  -50.456  10.384  -4.459 0.4444440007
80358  -50.694  11.234  -4.742 0.4444440007
138765  -51.905  12.982  -6.534 0.3333329856
73823  -52.583  4.778  0.686 0.2222220004
73812  -52.057  4.429  1.255 0.2222220004
47849  -38.453  -22.289  25.301 0.1111110002
72859  -48.653  3.717  3.888 0.3333329856
72868  -49.153  3.536  3.247 0.3333329856
140967  -50.708  4.287  1.390 0.3333329856
59104  -38.001  -11.098  21.830 0.2222220004
58202  -37.409  -11.316  21.597 0.2222220004
59141  -38.001  -10.958  21.198 0.2222220004
75775  -53.956  6.209  -3.521 0.2222220004
76694  -51.261  7.656  -4.614 0.3333329856
76709  -53.778  7.580  -5.600 0.2222220004
138777  -50.957  10.123  -5.754 0.4444440007
78581  -51.857  10.140  -6.431 0.4444440007
77629  -54.297  8.489  -6.959 0.4444440007
79489  -51.378  10.927  -6.211 0.4444440007
80380  -53.785  11.722  -8.038 0.4444440007
80372  -51.199  11.610  -5.972 0.3333329856
124896  -52.804  12.194  -7.569 0.3333329856
42693  -8.680  -27.350  41.184 0.1111110002
46543  -10.903  -23.017  37.660 0.1111110002
42896  -35.637  -27.071  27.789 0.1111110002
44714  -36.455  -25.686  27.287 0.1111110002
43822  -36.067  -26.365  27.579 0.1111110002
45682  -36.380  -24.581  26.412 0.1111110002
46659  -27.607  -23.404  29.500 0.1111110002
47778  -27.818  -23.074  30.013 0.1111110002
49749  -23.314  -20.611  32.563 0.1111110002
49750  -24.034  -21.073  32.114 0.1111110002
48753  -25.259  -21.760  32.206 0.1111110002
48765  -24.741  -21.331  31.838 0.1111110002
47766  -26.099  -22.033  31.732 0.1111110002
48767  -26.455  -21.904  30.607 0.1111110002
47767  -26.948  -22.445  31.240 0.1111110002
46632  -28.352  -23.500  30.659 0.1111110002
46633  -28.955  -23.924  31.285 0.1111110002
46644  -28.645  -24.191  30.563 0.1111110002
44652  -28.990  -25.746  31.336 0.1111110002
45599  -29.140  -24.724  31.191 0.1111110002
47758  -26.632  -22.697  32.333 0.1111110002
46624  -28.239  -23.345  31.647 0.1111110002
43746  -29.347  -26.381  31.729 0.1111110002
139729  -36.328  -22.342  31.201 0.1111110002
48745  -37.039  -21.354  33.875 0.1111110002
48744  -34.802  -21.787  33.241 0.1111110002
47792  -35.960  -22.014  29.618 0.1111110002
48772  -37.649  -21.725  31.951 0.2222220004
48760  -38.631  -21.046  33.174 0.1111110002
58166  -37.978  -10.909  27.030 0.1111110002
58158  -37.543  -11.461  27.307 0.1111110002
58159  -37.985  -11.039  27.851 0.1111110002
58164  -36.870  -11.961  26.078 0.2222220004
47769  -35.794  -22.737  31.378 0.1111110002
59039  -38.233  -10.829  26.101 0.1111110002
58165  -37.474  -11.351  26.339 0.1111110002
58172  -36.758  -12.076  25.239 0.1111110002
59053  -37.817  -11.171  25.213 0.1111110002
59054  -38.660  -10.726  25.256 0.1111110002
59041  -39.509  -10.449  26.486 0.1111110002
136968  -39.319  -10.550  25.247 0.1111110002
59069  -38.459  -10.892  24.467 0.1111110002
59055  -39.933  -10.544  24.838 0.1111110002
121714  -39.202  -10.639  24.600 0.1111110002
58180  -38.365  -10.957  23.744 0.1111110002
58179  -37.768  -11.209  24.145 0.1111110002
59071  -40.753  -10.564  24.259 0.1111110002
59086  -38.733  -10.842  23.088 0.1111110002
58188  -37.855  -11.153  23.182 0.1111110002
59072  -41.573  -10.489  24.068 0.1111110002
59088  -40.453  -10.623  23.324 0.1111110002
59070  -39.833  -10.606  23.997 0.1111110002
118453  -39.031  -10.743  23.838 0.1111110002
66667  -44.750  -3.755  10.050 0.1111110002
127593  -45.666  -2.533  9.897 0.1111110002
128726  -41.585  -10.441  22.866 0.1111110002
59087  -39.594  -10.691  23.154 0.1111110002
59107  -40.211  -10.704  22.464 0.1111110002
59106  -39.264  -10.788  22.245 0.1111110002
68377  -46.002  -1.620  9.125 0.1111110002
70122  -48.141  0.762  8.423 0.1111110002
129024  -48.116  1.296  8.011 0.1111110002
138950  -47.565  0.425  8.464 0.1111110002
69196  -46.556  -0.860  9.157 0.1111110002
69214  -47.163  -0.142  8.730 0.1111110002
70139  -48.757  1.213  8.256 0.1111110002
71077  -48.461  1.918  7.800 0.1111110002
69213  -46.372  -0.319  8.452 0.1111110002
70138  -47.549  1.007  8.115 0.1111110002
135210  -48.949  2.686  7.591 0.1111110002
70121  -46.921  0.486  8.237 0.1111110002
68389  -46.027  -1.071  8.705 0.1111110002
72826  -50.312  3.468  7.450 0.1111110002
73759  -50.461  4.522  7.096 0.1111110002
71951  -47.979  2.866  7.571 0.1111110002
71952  -49.440  3.473  7.390 0.1111110002
73772  -50.043  5.292  6.420 0.1111110002
73758  -49.686  4.723  6.858 0.1111110002
70137  -46.325  1.117  8.127 0.1111110002
71076  -47.535  1.963  7.850 0.1111110002
141962  -49.802  4.119  7.202 0.1111110002
72824  -48.445  3.764  7.248 0.1111110002
73773  -50.933  5.421  6.629 0.1111110002
69212  -45.455  -0.626  8.459 0.1111110002
74761  -51.454  6.146  6.214 0.1111110002
70120  -45.727  0.187  8.298 0.1111110002
133738  -51.464  6.251  5.599 0.1111110002
70119  -44.960  0.391  8.405 0.2222220004
70136  -45.478  1.226  8.176 0.2222220004
123158  -46.720  2.273  7.816 0.1111110002
71950  -47.049  2.935  7.533 0.1111110002
141669  -47.945  4.198  6.928 0.1111110002
73771  -49.128  5.042  6.308 0.1111110002
74770  -52.077  6.498  5.189 0.1111110002
73778  -49.059  5.048  5.451 0.1111110002
73785  -50.297  5.584  5.085 0.1111110002
123569  -51.907  5.853  4.511 0.1111110002
74776  -52.713  6.073  4.470 0.1111110002
71966  -46.664  3.466  6.998 0.1111110002
72838  -47.045  3.845  6.510 0.2222220004
72840  -48.390  4.507  6.649 0.1111110002
73786  -51.446  5.252  4.136 0.1111110002
74785  -53.427  5.243  3.878 0.1111110002
74786  -54.356  5.284  3.923 0.1111110002
137791  -44.606  1.151  8.246 0.2222220004
121895  -49.608  5.009  4.726 0.1111110002
123557  -50.570  5.160  4.417 0.1111110002
73797  -54.913  4.931  3.362 0.1111110002
75724  -57.771  6.575  2.284 0.1111110002
75730  -58.510  7.319  1.849 0.1111110002
72839  -47.660  4.306  6.357 0.2222220004
74795  -57.116  5.807  2.802 0.1111110002
73777  -48.640  4.439  4.797 0.2222220004
73794  -51.079  4.448  3.698 0.1111110002
73796  -53.249  4.444  3.292 0.1111110002
74787  -55.713  5.197  3.494 0.1111110002
75725  -58.504  7.102  2.755 0.1111110002
74805  -57.057  6.245  1.689 0.1111110002
73795  -52.418  5.099  3.840 0.1111110002
128881  -54.110  4.677  3.338 0.1111110002
74803  -55.811  5.358  1.982 0.1111110002
73792  -49.298  4.080  3.984 0.2222220004
73793  -50.138  4.216  3.770 0.1111110002
72870  -51.687  3.960  3.170 0.1111110002
73815  -54.307  4.691  1.859 0.1111110002
74813  -55.803  5.894  0.468 0.1111110002
74822  -55.423  5.881  -0.351 0.1111110002
75742  -55.926  6.288  -0.967 0.1111110002
72882  -51.488  3.750  2.423 0.1111110002
72883  -52.191  3.884  2.695 0.1111110002
73814  -53.571  4.463  1.752 0.1111110002
73825  -53.979  4.881  1.205 0.1111110002
74812  -54.979  5.505  0.373 0.1111110002
73824  -53.351  4.840  0.942 0.1111110002
74811  -54.032  5.213  0.379 0.1111110002
74821  -54.543  5.544  -0.470 0.1111110002
74830  -55.064  5.854  -1.263 0.1111110002
75748  -55.702  6.257  -1.626 0.1111110002
134972  -54.521  5.744  -1.919 0.1111110002
140265  -49.651  3.762  3.501 0.2222220004
122302  -50.013  3.519  3.058 0.2222220004
72880  -49.425  3.529  2.612 0.2222220004
138580  -49.913  3.599  2.336 0.2222220004
72881  -50.606  3.639  2.429 0.1111110002
72891  -51.617  4.063  1.696 0.1111110002
73813  -52.816  4.374  1.511 0.1111110002
74820  -53.634  5.331  -0.574 0.2222220004
74829  -54.116  5.532  -1.313 0.1111110002
74828  -53.115  5.373  -1.435 0.1111110002
122010  -53.778  5.575  -2.112 0.1111110002
74840  -52.996  5.494  -2.272 0.1111110002
76710  -54.609  7.355  -5.401 0.2222220004
76583  -47.605  7.336  9.184 0.1111110002
76594  -46.468  7.430  8.348 0.1111110002
76595  -47.220  7.734  8.565 0.1111110002
76720  -54.883  8.063  -6.803 0.2222220004
76596  -47.869  7.994  8.845 0.1111110002
77540  -48.449  8.404  8.684 0.1111110002
78503  -49.656  9.577  8.092 0.1111110002
78509  -49.954  9.992  7.451 0.1111110002
79416  -50.591  10.381  7.254 0.1111110002
79418  -52.114  11.138  7.805 0.1111110002
80285  -52.964  11.486  8.168 0.1111110002
77556  -48.906  9.233  7.698 0.1111110002
78508  -49.420  9.672  7.171 0.1111110002
79417  -51.382  10.761  7.521 0.1111110002
78507  -48.806  9.249  6.763 0.1111110002
80290  -52.667  11.591  7.230 0.1111110002
80295  -52.530  11.538  6.343 0.1111110002
78512  -49.420  9.649  6.220 0.1111110002
78545  -53.775  9.617  -1.428 0.2222220004
130526  -52.514  8.927  -1.228 0.2222220004
79459  -53.540  10.646  -2.508 0.2222220004
81363  -51.479  12.575  -5.396 0.2222220004
81369  -51.458  12.367  -6.108 0.2222220004
120157  -51.066  11.848  -5.413 0.3333329856
139569  -53.581  12.466  -8.094 0.1111110002
81381  -54.485  12.464  -8.497 0.1111110002
79448  -54.059  10.159  -1.979 0.2222220004
81375  -53.060  13.036  -7.903 0.1111110002
81380  -53.789  13.007  -8.328 0.1111110002
81349  -55.461  12.230  -3.023 0.1111110002
80336  -55.708  11.701  -2.475 0.1111110002
82362  -55.066  12.881  -3.549 0.1111110002
134023  -54.921  11.499  -2.726 0.1111110002
82392  -52.533  14.083  -7.291 0.1111110002
82393  -52.786  13.716  -7.745 0.1111110002
82396  -53.407  13.684  -8.262 0.1111110002
82397  -54.417  13.472  -8.733 0.1111110002
82398  -55.338  12.899  -9.038 0.1111110002
81350  -56.060  13.018  -3.187 0.1111110002
74779  -55.861  5.715  4.311 0.1111110002
74778  -54.742  5.962  4.402 0.1111110002
124678  -59.479  7.796  2.346 0.1111110002
133381  -53.081  6.899  5.155 0.1111110002
74788  -56.614  5.495  3.631 0.1111110002
120674  -56.805  6.757  -0.823 0.1111110002
122175  -57.111  6.804  -0.019 0.1111110002
75669  -45.991  6.924  8.807 0.1111110002
48781  -36.885  -22.005  31.076 0.2222220004
48782  -37.735  -21.243  31.008 0.2222220004
48759  -38.240  -21.586  32.939 0.1111110002
45608  -27.956  -24.571  30.159 0.1111110002
48758  -36.416  -20.969  33.001 0.1111110002
77555  -48.270  8.827  7.347 0.1111110002
82382  -51.761  13.128  -5.975 0.2222220004
124892  -52.373  13.185  -7.235 0.2222220004
136052  -53.108  9.365  -1.501 0.2222220004
48746  -37.908  -21.293  34.103 0.1111110002
119321  -35.754  -21.534  33.282 0.1111110002
44713  -35.607  -25.843  27.079 0.1111110002
44732  -35.982  -25.205  26.782 0.1111110002
78539  -52.803  8.746  -0.310 0.2222220004
127142  -47.093  3.784  5.694 0.2222220004
125994  -7.757  -27.409  41.795 0.1111110002
78516  -50.057  10.067  5.823 0.1111110002
59123  -38.617  -10.885  21.654 0.1111110002
73770  -48.364  4.760  5.821 0.2222220004
59142  -38.731  -10.708  20.905 0.1111110002
47777  -27.276  -22.449  30.168 0.1111110002
46643  -28.118  -23.757  29.965 0.1111110002
47768  -27.804  -22.886  30.827 0.1111110002
48752  -24.520  -21.554  32.655 0.1111110002
47757  -25.721  -22.319  32.722 0.1111110002
48740  -24.989  -22.044  33.069 0.1111110002
47759  -27.412  -22.877  31.686 0.1111110002
48730  -36.516  -21.845  34.324 0.1111110002
47751  -35.502  -21.905  33.876 0.1111110002
59089  -41.248  -10.551  23.437 0.1111110002
128787  -46.871  1.454  8.020 0.1111110002
132793  -46.201  0.487  8.220 0.1111110002
72823  -47.494  3.745  7.129 0.1111110002
74760  -50.667  5.850  5.768 0.1111110002
73779  -49.749  5.425  5.613 0.1111110002
74775  -51.139  5.915  4.945 0.1111110002
126780  -51.816  4.541  3.606 0.1111110002
73805  -54.632  4.686  2.640 0.1111110002
120352  -56.497  5.671  2.103 0.1111110002
74794  -56.231  5.309  2.794 0.1111110002
72871  -52.430  4.192  3.229 0.1111110002
73798  -55.407  5.012  2.703 0.1111110002
74804  -56.266  5.876  1.279 0.1111110002
140462  -56.776  6.313  1.087 0.1111110002
73804  -53.842  4.388  2.587 0.1111110002
122174  -55.419  5.456  1.175 0.1111110002
73816  -55.049  5.004  1.904 0.1111110002
72869  -50.871  3.755  3.131 0.2222220004
72893  -52.953  4.086  2.473 0.1111110002
75735  -56.567  6.328  0.573 0.1111110002
74802  -54.624  5.142  1.138 0.1111110002
74850  -53.426  5.765  -2.874 0.1111110002
78513  -49.970  10.085  6.704 0.1111110002
79405  -51.612  10.630  8.292 0.1111110002
80289  -51.925  11.203  6.930 0.1111110002
78541  -54.200  9.511  -0.616 0.2222220004
80335  -54.431  10.820  -2.373 0.2222220004
80386  -54.888  11.491  -8.475 0.1111110002
122136  -37.577  -5.528  20.027 0.1111110002
63545  -36.222  -5.929  19.881 0.1111110002
64649  -38.060  -4.957  19.686 0.1111110002
65638  -38.966  -5.080  19.988 0.1111110002
136743  -35.697  -6.420  20.146 0.1111110002
64635  -36.886  -5.530  19.819 0.1111110002
64648  -37.253  -4.999  19.454 0.1111110002
63556  -35.468  -6.121  19.578 0.1111110002
64646  -35.263  -5.706  18.928 0.1111110002
65650  -36.948  -4.628  18.769 0.1111110002
64658  -35.342  -5.253  18.200 0.1111110002
127489  -38.792  -5.855  20.583 0.1111110002
120298  -39.999  -5.944  20.982 0.1111110002
64638  -40.329  -5.337  20.694 0.1111110002
64636  -38.272  -5.497  20.183 0.1111110002
63546  -37.026  -6.065  20.453 0.1111110002
63547  -37.951  -6.006  20.607 0.1111110002
63544  -35.446  -6.741  20.676 0.1111110002
131328  -36.249  -6.456  20.676 0.1111110002
63532  -38.506  -6.381  21.290 0.1111110002
63530  -36.594  -6.627  21.472 0.1111110002
63517  -37.239  -6.627  21.939 0.1111110002
63531  -37.446  -6.426  21.217 0.1111110002
141927  -36.836  -6.430  20.945 0.1111110002
62343  -36.639  -6.783  22.366 0.1111110002
122069  -37.899  -6.567  21.889 0.1111110002
64668  -34.628  -5.553  17.592 0.1111110002
64647  -36.409  -5.193  19.238 0.1111110002
118139  -35.780  -5.273  18.825 0.1111110002
57222  -31.932  -12.695  24.489 0.1111110002
127754  -32.443  -12.376  25.269 0.1111110002
120216  -32.419  -11.741  24.747 0.1111110002
57229  -32.109  -11.804  23.731 0.1111110002
59038  -33.053  -10.386  26.719 0.1111110002
60132  -32.604  -9.519  25.490 0.1111110002
58178  -32.248  -10.989  24.273 0.1111110002
59068  -32.238  -10.007  24.651 0.1111110002
139631  -31.902  -9.688  23.677 0.1111110002
76722  -57.128  7.664  -6.628 0.1111110002
76721  -55.772  7.727  -6.549 0.2222220004
76731  -56.597  7.999  -7.368 0.2222220004
77572  -51.654  8.895  2.392 0.2222220004
78532  -53.186  8.949  1.912 0.1111110002
127521  -53.664  9.051  0.064 0.1111110002
79445  -54.983  10.025  -0.496 0.1111110002
79450  -55.303  10.589  -1.274 0.1111110002
77573  -52.407  8.692  1.780 0.1111110002
78536  -52.997  8.603  0.595 0.1111110002
79449  -54.720  10.460  -1.837 0.1111110002
139918  -54.905  9.341  -7.907 0.2222220004
77637  -56.164  8.499  -7.835 0.2222220004
80326  -55.921  11.306  -1.769 0.1111110002
59085  -32.018  -10.248  23.923 0.1111110002
77578  -52.304  8.409  1.038 0.1111110002
77636  -55.056  8.618  -7.514 0.2222220004
123624  -54.530  10.011  -1.292 0.1111110002
78540  -53.380  9.161  -0.858 0.1111110002
78537  -54.638  9.532  0.429 0.1111110002
56281  -31.494  -13.359  25.127 0.1111110002
56282  -32.169  -13.039  25.512 0.1111110002
59052  -32.522  -10.787  25.262 0.1111110002
58171  -32.899  -11.064  26.139 0.1111110002
76730  -55.650  8.126  -7.230 0.2222220004
76723  -58.370  7.714  -6.934 0.1111110002
137680  -52.991  8.618  1.296 0.1111110002
47689  -11.228  -22.703  36.622 0.1111110002
125937  -12.174  -22.344  36.471 0.1111110002
47692  -13.087  -22.030  37.721 0.1111110002
47676  -11.739  -22.741  38.084 0.1111110002
40899  -16.990  -28.992  32.885 0.1111110002
42798  -17.582  -27.641  32.608 0.1111110002
40900  -17.495  -29.360  32.544 0.1111110002
39027  -19.619  -31.280  33.457 0.1111110002
40907  -17.878  -28.907  31.999 0.1111110002
117958  -20.174  -31.338  32.860 0.1111110002
40908  -18.436  -29.344  31.607 0.1111110002
40909  -19.059  -29.686  31.258 0.1111110002
39059  -20.010  -30.926  32.157 0.1111110002
40920  -18.705  -29.042  31.068 0.1111110002
39993  -19.502  -30.347  31.634 0.1111110002
54334  -13.763  -15.732  32.105 0.1111110002
53460  -15.146  -16.461  31.363 0.2222220004
52515  -16.563  -17.072  30.798 0.2222220004
51644  -17.878  -18.018  30.127 0.2222220004
129971  -18.301  -18.524  29.857 0.2222220004
52525  -16.824  -16.720  29.931 0.1111110002
50761  -19.147  -18.691  28.506 0.2222220004
50762  -19.717  -19.140  28.053 0.2222220004
128587  -23.355  -20.281  27.545 0.1111110002
49790  -23.939  -20.060  29.396 0.1111110002
48788  -25.406  -20.953  29.037 0.1111110002
49810  -24.293  -20.612  27.863 0.1111110002
48813  -24.629  -21.279  27.739 0.1111110002
47805  -26.101  -22.257  28.370 0.1111110002
47788  -26.663  -22.242  28.885 0.1111110002
47789  -27.217  -22.738  29.299 0.1111110002
47770  -36.749  -22.368  31.870 0.1111110002
136791  -28.121  -17.763  30.636 0.1111110002
59189  -37.931  -9.757  17.662 0.1111110002
60218  -40.969  -8.901  17.052 0.1111110002
118906  -41.679  -8.514  16.968 0.1111110002
61273  -42.110  -8.567  16.203 0.1111110002
75843  -58.570  6.973  -10.085 0.1111110002
74926  -57.769  6.020  -10.091 0.1111110002
139494  -58.761  6.153  -10.125 0.1111110002
75853  -56.972  7.385  -10.301 0.1111110002
76778  -56.733  8.154  -10.480 0.1111110002
75854  -58.127  7.727  -10.231 0.1111110002
76764  -58.634  7.827  -9.875 0.1111110002
77652  -58.685  8.068  -9.420 0.1111110002
140013  -50.269  9.993  5.095 0.1111110002
135126  -50.839  10.216  4.688 0.1111110002
78522  -50.632  9.352  3.519 0.1111110002
139584  -49.945  9.149  3.833 0.1111110002
76732  -57.738  7.995  -7.604 0.1111110002
78590  -55.786  9.163  -8.162 0.1111110002
77649  -56.869  9.069  -8.495 0.1111110002
77650  -57.823  8.943  -8.879 0.1111110002
77639  -58.162  8.363  -8.444 0.1111110002
77651  -58.382  8.607  -9.231 0.1111110002
77676  -57.952  9.196  -10.445 0.1111110002
77662  -58.404  8.655  -10.021 0.1111110002
77675  -57.186  8.931  -10.623 0.1111110002
79424  -51.463  10.740  5.146 0.1111110002
78520  -50.918  9.902  4.040 0.1111110002
78523  -51.390  9.740  3.558 0.1111110002
78589  -54.441  9.987  -7.913 0.1111110002
78598  -55.470  10.031  -8.370 0.1111110002
78599  -56.525  9.784  -8.727 0.1111110002
78600  -57.507  9.580  -9.216 0.1111110002
78601  -58.124  9.207  -9.681 0.1111110002
78625  -57.921  9.811  -10.553 0.1111110002
137914  -56.263  10.422  -8.862 0.1111110002
79505  -57.154  10.334  -9.431 0.1111110002
78610  -57.948  9.905  -10.055 0.1111110002
118542  -58.168  9.385  -10.206 0.1111110002
80387  -55.917  11.653  -9.026 0.1111110002
53461  -15.851  -16.747  31.089 0.2222220004
52526  -17.265  -17.525  30.460 0.2222220004
50746  -19.120  -19.495  29.065 0.2222220004
48794  -19.952  -20.912  28.841 0.2222220004
48797  -24.944  -20.913  28.229 0.1111110002
122825  -17.912  -26.991  33.607 0.1111110002
39060  -20.750  -31.111  31.793 0.1111110002
79503  -54.869  10.633  -8.292 0.1111110002
79504  -55.651  10.886  -8.693 0.1111110002
39978  -18.477  -30.363  32.551 0.1111110002
39043  -19.596  -31.007  32.755 0.1111110002
39992  -18.773  -30.062  31.908 0.1111110002
53474  -15.475  -16.052  30.781 0.2222220004
49802  -23.873  -20.015  28.304 0.1111110002
49778  -24.630  -20.520  29.802 0.1111110002
129231  -57.648  6.863  -10.223 0.1111110002
126719  -57.682  8.365  -10.436 0.1111110002
77638  -57.261  8.476  -8.113 0.1111110002
76748  -58.659  8.086  -8.686 0.1111110002
53475  -16.110  -16.196  30.298 0.1111110002
51645  -18.207  -17.922  29.223 0.1111110002
52540  -18.417  -17.025  28.552 0.1111110002
52539  -17.579  -17.145  29.368 0.1111110002
51655  -18.875  -17.874  28.402 0.1111110002
39042  -18.969  -30.826  32.997 0.1111110002
39084  -26.494  -31.900  30.606 0.1111110002
39090  -32.413  -31.322  30.662 0.1111110002
39102  -27.668  -31.608  29.624 0.2222220004
39979  -19.213  -30.604  32.326 0.1111110002
39994  -20.265  -30.615  31.360 0.1111110002
40029  -22.234  -30.561  29.152 0.5555559993
40030  -22.923  -30.712  28.795 0.3333329856
40031  -30.859  -30.976  29.095 0.1111110002
40901  -18.111  -29.731  32.211 0.1111110002
40922  -20.063  -29.586  30.105 0.2222220004
40980  -25.551  -29.675  26.172 0.6666669846
41761  -6.340  -28.122  38.111 0.2222220004
41803  -17.010  -28.118  33.171 0.2222220004
41812  -17.421  -28.509  32.499 0.1111110002
41819  -26.109  -28.428  30.645 0.6666669846
41831  -18.745  -28.431  30.792 0.1111110002
41832  -19.104  -28.039  30.274 0.3333329856
41833  -26.445  -28.441  29.846 0.4444440007
41834  -26.799  -28.494  30.493 0.4444440007
41835  -27.430  -28.456  30.734 0.4444440007
41868  -20.509  -27.869  28.276 0.7777780294
41870  -33.839  -28.783  28.148 0.1111110002
41901  -26.371  -28.746  24.939 0.6666669846
41903  -28.665  -29.086  25.646 0.3333329856
42725  -8.301  -27.537  37.350 0.4444440007
42731  -21.020  -27.354  37.321 0.5555559993
42732  -21.660  -27.084  37.302 0.4444440007
42737  -9.781  -27.174  36.956 0.6666669846
42742  -22.340  -27.259  36.533 0.6666669846
42743  -22.766  -27.165  36.123 0.4444440007
42750  -9.282  -27.062  35.599 0.5555559993
42756  -22.912  -27.394  35.589 0.5555559993
42766  -17.001  -27.533  34.604 0.2222220004
42769  -22.171  -28.028  34.857 0.5555559993
42770  -22.974  -27.691  35.010 0.6666669846
42800  -22.468  -28.066  33.113 0.7777780294
42818  -28.627  -27.614  31.451 0.2222220004
42820  -31.371  -27.995  31.702 0.3333329856
42827  -22.744  -27.802  31.308 0.8888890147
42831  -29.751  -28.333  30.407 0.1111110002
42853  -27.697  -28.023  29.177 0.4444440007
42857  -31.100  -27.586  29.946 0.3333329856
42878  -26.406  -27.630  28.553 0.6666669846
42903  -22.095  -26.921  26.011 0.8888890147
42926  -27.275  -27.743  24.019 0.4444440007
42928  -29.374  -27.704  24.711 0.4444440007
42929  -29.966  -27.397  24.766 0.4444440007
42940  -26.582  -26.848  23.295 0.6666669846
43612  -19.015  -25.943  42.957 0.2222220004
43630  -11.319  -26.667  39.505 0.4444440007
43631  -11.928  -26.382  39.514 0.5555559993
43636  -20.770  -26.389  39.323 0.6666669846
43657  -11.511  -26.505  36.113 0.6666669846
43690  -11.134  -26.120  34.743 0.6666669846
43696  -31.825  -26.620  34.493 0.1111110002
43708  -18.660  -26.790  33.228 0.2222220004
43725  -18.576  -26.816  32.312 0.3333329856
43726  -19.288  -26.711  32.526 0.4444440007
43727  -20.286  -27.017  32.439 0.4444440007
43731  -29.923  -26.651  32.139 0.1111110002
43743  -26.902  -27.312  31.634 0.4444440007
43771  -31.380  -26.605  29.483 0.3333329856
43790  -21.220  -26.226  28.400 0.8888890147
43792  -23.094  -26.160  28.051 0.8888890147
43815  -24.100  -26.169  27.573 0.8888890147
43818  -27.546  -26.526  27.425 0.6666669846
43821  -35.221  -26.548  27.309 0.1111110002
43832  -34.132  -26.206  26.597 0.2222220004
43838  -22.447  -26.279  25.736 0.8888890147
43839  -22.841  -26.129  25.255 0.8888890147
44525  -16.410  -25.815  45.086 0.1111110002
44539  -19.677  -25.664  42.133 0.3333329856
44547  -15.137  -24.864  40.064 0.3333329856
44548  -20.779  -25.876  39.716 0.2222220004
44594  -12.677  -25.746  35.382 0.6666669846
44596  -21.223  -25.330  36.329 0.6666669846
44599  -23.372  -26.527  35.273 0.6666669846
44609  -10.045  -25.480  33.641 0.7777780294
44626  -9.301  -25.462  33.336 0.7777780294
44641  -24.926  -26.079  32.949 0.7777780294
44664  -32.508  -25.168  29.976 0.4444440007
44710  -28.844  -25.786  27.147 0.7777780294
44750  -23.673  -25.459  24.601 0.8888890147
44751  -24.143  -25.051  24.181 0.8888890147
44772  -25.737  -24.315  22.726 0.8888890147
45446  -18.259  -25.394  43.696 0.1111110002
45459  -16.016  -24.588  41.440 0.2222220004
45460  -16.929  -24.277  42.022 0.2222220004
45474  -19.408  -24.214  41.344 0.4444440007
45543  -13.060  -25.060  34.761 0.7777780294
45561  -14.118  -23.922  34.700 0.7777780294
45573  -8.726  -24.415  33.139 0.4444440007
45609  -28.494  -25.117  30.782 0.1111110002
45679  -30.083  -24.094  26.788 0.7777780294
45706  -24.735  -24.494  23.739 0.8888890147
45708  -25.976  -23.610  24.119 0.8888890147
45724  -25.331  -24.005  23.271 0.8888890147
45735  -26.426  -23.882  22.417 0.8888890147
45737  -28.211  -23.806  21.925 0.8888890147
46506  -18.556  -23.888  41.558 0.5555559993
46566  -8.128  -23.659  37.203 0.2222220004
46568  -9.419  -23.223  36.256 0.4444440007
46612  -9.970  -23.907  33.560 0.6666669846
46629  -19.957  -22.777  31.981 0.7777780294
46674  -25.746  -23.032  28.311 0.2222220004
46677  -32.302  -23.505  28.557 0.4444440007
46705  -30.995  -23.058  26.880 0.7777780294
47691  -12.348  -22.377  37.480 0.1111110002
47717  -13.474  -22.065  35.095 0.4444440007
47730  -12.067  -23.086  34.342 0.6666669846
47765  -20.118  -22.720  31.270 0.7777780294
47781  -36.039  -22.289  30.572 0.1111110002
47784  -20.006  -21.999  29.925 0.6666669846
47785  -20.633  -22.310  29.502 0.4444440007
47787  -22.156  -22.665  28.714 0.4444440007
47807  -33.383  -22.649  28.480 0.3333329856
47820  -24.096  -21.693  27.616 0.3333329856
47822  -33.075  -22.375  27.794 0.7777780294
48703  -13.637  -21.672  35.936 0.6666669846
48731  -37.593  -21.794  34.540 0.1111110002
48750  -19.333  -21.647  32.166 0.7777780294
48776  -19.418  -21.354  30.544 0.6666669846
48783  -38.641  -20.598  31.380 0.3333329856
48789  -26.150  -21.662  28.926 0.1111110002
48798  -25.468  -21.548  28.168 0.1111110002
48799  -35.118  -21.916  28.253 0.3333329856
48817  -36.219  -20.856  27.652 0.6666669846
49713  -19.053  -20.815  36.501 0.7777780294
49737  -22.890  -20.308  33.210 0.1111110002
49744  -38.512  -20.922  33.431 0.1111110002
49768  -34.551  -20.660  31.309 0.3333329856
49769  -35.691  -20.175  31.698 0.4444440007
49772  -39.250  -19.588  31.620 0.5555559993
49785  -39.098  -20.037  30.967 0.5555559993
49789  -19.412  -20.425  29.370 0.2222220004
49791  -24.579  -20.469  28.683 0.1111110002
49793  -31.833  -20.067  29.947 0.2222220004
49800  -19.739  -20.095  28.530 0.3333329856
49874  -39.410  -20.001  23.921 0.3333329856
50661  -15.712  -18.789  37.907 0.1111110002
50713  -38.945  -19.728  32.556 0.4444440007
50740  -39.499  -18.946  30.505 0.6666669846
50754  -34.197  -18.960  29.798 0.5555559993
50756  -38.982  -19.536  29.594 0.6666669846
50765  -23.180  -19.544  28.008 0.1111110002
51609  -18.047  -18.065  32.795 0.6666669846
51615  -38.770  -19.074  32.222 0.4444440007
51616  -39.195  -19.161  31.965 0.5555559993
51620  -17.912  -18.138  31.896 0.5555559993
51626  -38.332  -18.484  31.736 0.5555559993
51640  -37.757  -17.922  31.292 0.6666669846
51641  -39.450  -18.510  30.773 0.6666669846
51656  -19.564  -18.219  27.958 0.2222220004
51662  -33.439  -18.299  28.541 0.6666669846
52468  -15.163  -17.636  38.151 0.1111110002
52478  -15.642  -17.553  37.622 0.1111110002
52486  -15.899  -17.319  37.079 0.3333329856
52494  -17.252  -17.651  35.338 0.5555559993
52660  -38.539  -16.510  21.697 0.2222220004
53371  -14.671  -17.002  37.669 0.1111110002
53390  -16.140  -17.066  35.676 0.4444440007
53403  -12.983  -16.569  35.227 0.1111110002
53417  -14.192  -16.830  34.197 0.3333329856
53431  -14.912  -17.011  33.132 0.3333329856
53445  -14.943  -16.911  32.175 0.4444440007
53459  -14.426  -16.115  31.680 0.2222220004
53555  -31.488  -17.244  22.867 1.0000000000
53560  -42.687  -16.525  22.810 0.1111110002
53568  -29.215  -16.684  21.800 0.8888890147
53574  -41.817  -16.291  22.450 0.1111110002
55354  -30.753  -13.829  25.249 0.1111110002
57228  -31.721  -12.443  23.575 0.2222220004
57261  -35.211  -12.704  19.693 0.7777780294
58237  -29.616  -11.240  17.502 0.8888890147
58238  -29.980  -11.790  17.148 1.0000000000
59040  -38.703  -10.589  26.754 0.1111110002
59198  -29.594  -10.613  17.121 0.7777780294
59237  -38.751  -10.549  14.126 0.3333329856
60259  -41.758  -9.230  14.831 0.2222220004
60273  -32.085  -9.222  13.637 1.0000000000
60294  -38.259  -9.967  12.085 0.6666669846
61305  -43.076  -8.503  14.659 0.1111110002
62381  -31.978  -7.757  18.424 0.2222220004
62420  -30.783  -8.108  15.760 0.8888890147
62437  -31.146  -7.682  15.075 0.8888890147
62449  -42.810  -7.973  13.144 0.1111110002
63632  -37.490  -6.495  14.397 0.2222220004
63674  -35.367  -6.892  9.848 0.8888890147
64626  -39.371  -6.188  21.045 0.1111110002
64637  -39.569  -5.589  20.555 0.1111110002
65676  -36.612  -4.933  17.328 0.1111110002
65733  -40.972  -4.815  13.809 0.2222220004
65754  -40.868  -4.104  13.218 0.1111110002
66655  -39.549  -3.626  12.376 0.3333329856
66684  -43.475  -2.973  8.509 0.3333329856
67501  -43.314  -2.725  14.602 0.1111110002
69169  -40.067  -0.041  13.334 0.1111110002
70076  -40.212  0.757  13.023 0.1111110002
70085  -36.587  0.400  11.020 0.5555559993
71003  -43.348  1.411  15.421 0.1111110002
71020  -42.659  2.392  13.911 0.1111110002
71895  -43.341  2.995  13.409 0.1111110002
72774  -45.264  3.478  14.229 0.1111110002
72777  -44.786  3.379  13.292 0.1111110002
72780  -43.870  3.475  12.212 0.1111110002
72788  -45.242  3.826  11.859 0.1111110002
72790  -38.407  2.996  9.317 0.8888890147
72801  -39.460  3.954  9.331 0.8888890147
72825  -49.122  4.353  7.032 0.1111110002
72837  -46.488  3.538  6.141 0.2222220004
72892  -52.223  3.974  1.997 0.1111110002
73712  -45.795  4.066  14.056 0.1111110002
73725  -46.757  4.552  11.630 0.1111110002
74696  -49.364  5.896  14.526 0.1111110002
74722  -47.621  5.426  10.506 0.1111110002
74738  -40.656  4.925  7.480 0.8888890147
74818  -51.295  5.396  -1.109 0.4444440007
75654  -45.460  6.379  9.158 0.4444440007
76693  -50.623  8.160  -4.274 0.3333329856
77554  -47.535  8.444  7.022 0.3333329856
77619  -50.907  9.159  -5.379 0.3333329856
78519  -50.239  9.643  4.372 0.1111110002
79468  -50.646  10.799  -3.960 0.4444440007
80325  -55.200  10.997  -2.136 0.2222220004
80334  -54.014  11.389  -2.846 0.3333329856
82374  -54.617  13.804  -4.370 0.1111110002
84309  -52.895  15.381  -7.124 0.1111110002
118188  -41.897  -8.259  17.718 0.1111110002
118229  -10.812  -26.709  36.077 0.6666669846
118257  -19.440  -21.981  33.697 0.8888890147
118755  -7.927  -27.529  38.886 0.3333329856
119397  -39.799  -10.481  25.659 0.1111110002
119564  -36.099  -2.779  9.487 0.8888890147
119990  -39.018  -10.528  25.911 0.1111110002
119999  -35.078  -7.111  22.163 0.2222220004
120936  -36.555  -0.788  11.912 0.5555559993
121265  -38.749  -9.705  12.010 0.6666669846
121285  -30.145  -12.893  19.701 0.5555559993
121320  -19.557  -26.613  31.139 0.4444440007
122254  -18.385  -27.302  37.569 0.4444440007
122775  -52.498  14.383  -6.856 0.1111110002
123366  -35.810  -5.607  19.296 0.1111110002
123746  -40.681  -19.555  24.225 0.1111110002
124053  -55.140  5.315  3.939 0.1111110002
124351  -30.590  -28.146  30.555 0.3333329856
124599  -33.709  -26.627  26.576 0.2222220004
124945  -17.519  -27.356  33.211 0.1111110002
125230  -36.107  -1.259  9.786 0.8888890147
125562  -10.871  -26.955  38.294 0.4444440007
126451  -23.539  -24.599  31.916 0.7777780294
126858  -13.329  -24.191  34.473 0.7777780294
128260  -57.829  6.359  3.116 0.1111110002
128992  -13.106  -25.824  38.852 0.6666669846
131473  -39.509  -2.012  13.002 0.1111110002
132657  -14.824  -16.929  33.878 0.3333329856
132866  -22.726  -28.001  32.197 0.8888890147
133281  -23.350  -31.420  30.670 0.2222220004
133701  -50.991  3.939  1.764 0.2222220004
133884  -39.262  -4.953  9.396 0.8888890147
133885  -27.749  -16.684  28.141 0.2222220004
134045  -12.972  -25.852  36.232 0.6666669846
134636  -29.857  -10.285  19.732 0.5555559993
135025  -18.085  -27.222  32.130 0.2222220004
135256  -18.574  -26.958  31.585 0.3333329856
136362  -31.645  -7.192  16.297 0.3333329856
136373  -54.114  14.141  -4.771 0.1111110002
136375  -27.293  -22.698  22.801 0.8888890147
137020  -32.341  -7.882  21.191 0.1111110002
137049  -9.640  -27.186  40.091 0.3333329856
137118  -32.033  -27.897  31.693 0.2222220004
137626  -28.560  -29.903  26.588 0.2222220004
138072  -20.227  -26.108  40.823 0.2222220004
138368  -23.118  -26.652  24.961 0.8888890147
138678  -31.203  -21.233  22.387 0.7777780294
138760  -34.623  -27.952  27.821 0.2222220004
138816  -32.392  -26.775  30.804 0.2222220004
138968  -36.897  -6.202  13.400 0.2222220004
139847  -38.375  -6.386  14.803 0.2222220004
139953  -29.087  -27.791  31.474 0.2222220004
140373  -26.599  -32.203  32.039 0.1111110002
140696  -15.124  -24.244  35.849 0.7777780294
140864  -19.759  -27.274  34.333 0.3333329856
140884  -31.961  -31.587  30.804 0.1111110002
141228  -21.892  -27.288  36.884 0.5555559993
141234  -33.090  -30.425  29.846 0.1111110002
141624  -28.071  -15.683  26.624 0.3333329856
141928  -16.240  -17.270  36.367 0.4444440007
142001  -38.562  -5.226  16.673 0.1111110002
142163  -42.770  -8.305  16.045 0.2222220004
142178  -30.427  -15.182  28.369 0.1111110002
142614  -55.070  13.497  -3.971 0.1111110002
