#!ascii label  , from subject sub-v2s7x29666_ses-1 vox2ras=TkReg
3634
38258  -15.907  -33.727  48.645 0.4444440007
37339  -16.391  -34.384  47.785 0.4444440007
38263  -15.661  -32.778  48.409 0.5555559993
38264  -16.049  -33.508  47.473 0.4444440007
37344  -16.374  -34.204  46.543 0.4444440007
35369  -18.155  -36.787  45.709 0.4444440007
36371  -17.127  -35.583  46.103 0.4444440007
38273  -16.170  -33.353  46.307 0.4444440007
34480  -18.613  -37.117  44.083 0.4444440007
35373  -17.524  -36.108  45.432 0.4444440007
37351  -16.426  -34.026  45.509 0.4444440007
33603  -19.862  -38.279  43.784 0.3333329856
35374  -17.976  -36.528  44.623 0.4444440007
36379  -17.075  -35.400  45.114 0.4444440007
33604  -20.577  -38.964  44.252 0.3333329856
33614  -19.888  -37.937  42.943 0.4444440007
34484  -19.247  -37.547  43.512 0.4444440007
32700  -21.779  -39.280  43.091 0.3333329856
144437  -20.698  -38.704  43.157 0.3333329856
31716  -23.569  -40.589  42.061 0.3333329856
31712  -23.366  -40.644  42.767 0.3333329856
137202  -15.009  -31.488  49.236 0.4444440007
39154  -15.497  -31.705  48.438 0.4444440007
38272  -15.885  -32.591  47.259 0.5555559993
128376  -16.144  -32.481  46.188 0.5555559993
144196  -16.312  -31.668  46.076 0.4444440007
37361  -16.808  -34.583  44.727 0.4444440007
38280  -16.421  -33.135  45.288 0.5555559993
39164  -16.465  -32.283  45.469 0.4444440007
35381  -17.678  -35.935  43.901 0.4444440007
143274  -17.268  -35.308  44.249 0.4444440007
137746  -16.603  -33.840  44.783 0.4444440007
39174  -16.878  -32.433  44.742 0.5555559993
34483  -18.769  -36.903  43.283 0.5555559993
36389  -17.683  -35.350  43.454 0.5555559993
38291  -16.856  -33.293  44.419 0.5555559993
39186  -17.541  -32.720  44.180 0.6666669846
35385  -18.046  -35.906  43.259 0.5555559993
38292  -17.480  -33.570  43.782 0.5555559993
38305  -18.472  -33.555  43.513 0.5555559993
32701  -22.985  -39.548  42.705 0.3333329856
146355  -23.678  -39.256  42.105 0.3333329856
34491  -20.823  -37.655  42.273 0.4444440007
36400  -19.039  -35.673  42.498 0.5555559993
37373  -18.689  -34.151  43.075 0.4444440007
131845  -23.751  -39.728  41.618 0.3333329856
33617  -23.689  -38.624  41.780 0.3333329856
36392  -21.943  -35.260  43.351 0.3333329856
41035  -15.293  -30.100  48.382 0.3333329856
39163  -15.910  -31.711  47.127 0.4444440007
41048  -15.860  -30.198  47.791 0.3333329856
40110  -16.148  -30.917  46.951 0.4444440007
40111  -16.682  -30.956  45.972 0.4444440007
149192  -17.190  -31.077  45.539 0.4444440007
40119  -16.927  -31.587  45.251 0.5555559993
40120  -17.811  -31.313  45.305 0.6666669846
39199  -18.248  -33.004  43.855 0.6666669846
39187  -18.598  -32.638  44.540 0.6666669846
125336  -18.388  -31.939  45.005 0.6666669846
42026  -31.164  -29.208  46.635 0.7777780294
140525  -31.558  -29.320  45.910 0.7777780294
37374  -19.646  -34.458  43.162 0.4444440007
38293  -19.138  -33.353  44.194 0.5555559993
130898  -32.056  -29.372  45.272 0.8888890147
36391  -20.959  -35.369  42.859 0.4444440007
37375  -21.306  -34.850  43.839 0.3333329856
41049  -16.554  -30.089  46.840 0.3333329856
41063  -17.455  -30.578  45.944 0.4444440007
41064  -18.315  -30.987  45.862 0.6666669846
41996  -28.376  -29.508  48.798 0.6666669846
40121  -18.733  -31.790  45.749 0.6666669846
41030  -28.845  -30.621  48.158 0.7777780294
39188  -19.807  -33.590  45.359 0.6666669846
142026  -29.390  -31.410  47.386 0.7777780294
42025  -30.290  -29.787  46.909 0.7777780294
39175  -19.248  -32.727  45.589 0.6666669846
42950  -31.749  -28.600  47.057 0.7777780294
143878  -31.944  -28.907  46.479 0.7777780294
42027  -32.459  -29.012  45.963 0.7777780294
42963  -35.652  -28.144  45.534 0.8888890147
42052  -35.542  -29.133  44.310 0.8888890147
37376  -21.842  -34.622  43.939 0.3333329856
37363  -21.384  -34.552  44.480 0.4444440007
42960  -33.399  -28.702  45.987 0.8888890147
38296  -21.667  -34.185  44.721 0.4444440007
42050  -32.651  -29.522  44.342 0.7777780294
126747  -33.392  -29.524  43.871 0.6666669846
42004  -16.783  -29.211  47.336 0.3333329856
141947  -17.535  -29.367  47.116 0.4444440007
41036  -15.884  -29.501  47.804 0.3333329856
41050  -17.518  -29.822  46.667 0.4444440007
41051  -18.271  -30.418  46.435 0.5555559993
40112  -19.053  -31.555  46.752 0.6666669846
41029  -28.281  -30.455  48.657 0.6666669846
40093  -28.007  -32.016  48.456 0.7777780294
39176  -20.239  -33.514  46.392 0.6666669846
40122  -19.601  -32.715  46.668 0.6666669846
39157  -28.132  -33.300  47.801 0.4444440007
40094  -28.799  -31.586  47.972 0.6666669846
149484  -29.720  -30.057  47.395 0.7777780294
38281  -20.852  -34.107  45.863 0.5555559993
42939  -30.459  -28.531  47.832 0.7777780294
42014  -30.856  -28.939  47.304 0.7777780294
39178  -21.433  -33.885  45.949 0.4444440007
39190  -21.722  -33.526  45.133 0.3333329856
37352  -28.999  -34.802  45.951 0.3333329856
42927  -30.702  -27.831  48.030 0.6666669846
43827  -31.719  -27.239  47.695 0.6666669846
42941  -32.260  -27.878  47.275 0.6666669846
42951  -32.716  -28.419  46.631 0.6666669846
148200  -34.186  -28.427  46.021 0.8888890147
42972  -36.073  -28.574  44.985 0.8888890147
38320  -22.172  -33.791  43.003 0.2222220004
39201  -21.846  -33.543  44.312 0.3333329856
137796  -31.351  -25.928  47.669 0.6666669846
44660  -31.908  -26.400  47.645 0.6666669846
43828  -32.556  -27.019  47.401 0.6666669846
43829  -33.238  -26.761  47.106 0.6666669846
42051  -34.399  -29.266  44.305 0.7777780294
42067  -34.920  -29.410  43.467 0.7777780294
42982  -36.456  -28.891  44.210 0.8888890147
38338  -21.926  -33.268  41.191 0.2222220004
39210  -21.012  -32.139  43.017 0.2222220004
144440  -32.470  -25.554  47.072 0.6666669846
41101  -32.982  -30.041  42.318 0.5555559993
42079  -33.657  -29.729  42.698 0.6666669846
42081  -35.213  -29.460  42.659 0.6666669846
42986  -36.035  -29.330  42.522 0.6666669846
39240  -21.421  -32.506  39.540 0.1111110002
42095  -35.308  -29.387  41.751 0.6666669846
42006  -18.536  -29.544  47.790 0.5555559993
42019  -18.128  -29.655  46.993 0.6666669846
41037  -19.414  -30.682  48.565 0.6666669846
41017  -27.611  -30.167  49.193 0.6666669846
41987  -27.790  -29.082  49.245 0.6666669846
125632  -18.858  -30.578  47.346 0.6666669846
41038  -19.740  -31.795  48.027 0.5555559993
142143  -19.825  -32.525  47.435 0.5555559993
39149  -27.718  -32.717  48.252 0.4444440007
41997  -28.933  -29.737  48.351 0.7777780294
128186  -20.471  -33.083  47.174 0.4444440007
140827  -21.059  -33.102  47.130 0.4444440007
39166  -26.917  -32.722  47.467 0.3333329856
39167  -27.388  -33.213  46.908 0.3333329856
41998  -29.636  -28.947  48.182 0.7777780294
40124  -21.561  -33.073  45.843 0.3333329856
39180  -27.369  -33.007  45.824 0.3333329856
38283  -27.868  -33.752  46.328 0.3333329856
43844  -36.248  -27.183  45.452 0.8888890147
43850  -36.782  -27.465  45.062 0.8888890147
42974  -37.218  -27.759  44.626 0.8888890147
39200  -21.455  -32.637  43.987 0.3333329856
40123  -21.340  -32.721  46.584 0.3333329856
39192  -28.001  -33.053  44.245 0.3333329856
37377  -28.891  -34.384  44.235 0.3333329856
44650  -31.057  -26.532  48.012 0.6666669846
45606  -33.071  -25.650  47.012 0.6666669846
44662  -33.558  -26.202  46.959 0.7777780294
42953  -34.539  -27.825  46.242 0.8888890147
43843  -35.845  -27.484  45.634 0.8888890147
42973  -36.736  -28.169  44.761 0.8888890147
42983  -37.303  -28.437  44.043 0.8888890147
42988  -37.475  -28.717  42.954 0.8888890147
38322  -28.670  -33.237  42.803 0.3333329856
45604  -31.210  -25.608  47.311 0.6666669846
45605  -31.934  -25.742  47.362 0.6666669846
42987  -36.725  -29.079  43.285 0.7777780294
42995  -37.427  -28.665  41.871 0.7777780294
39223  -20.884  -32.169  42.058 0.2222220004
39232  -20.658  -31.717  41.015 0.2222220004
42994  -36.117  -29.197  41.751 0.6666669846
39239  -20.906  -32.115  40.265 0.2222220004
129366  -18.518  -28.384  49.121 0.6666669846
41980  -19.218  -29.311  49.883 0.6666669846
42911  -19.427  -28.914  50.486 0.6666669846
42935  -18.147  -28.537  48.219 0.4444440007
41991  -18.936  -29.527  48.895 0.6666669846
41981  -19.879  -29.692  50.309 0.6666669846
41976  -25.924  -29.627  50.118 0.6666669846
42907  -26.373  -28.804  50.060 0.5555559993
41024  -19.986  -31.195  48.876 0.5555559993
41011  -20.069  -30.500  49.533 0.6666669846
41015  -26.102  -30.869  49.541 0.6666669846
41986  -26.173  -30.269  49.799 0.7777780294
42915  -27.229  -28.477  49.625 0.5555559993
40082  -26.649  -31.533  49.121 0.6666669846
41052  -21.017  -31.634  47.409 0.4444440007
39165  -20.749  -32.797  47.365 0.4444440007
40102  -26.509  -32.233  47.982 0.4444440007
145948  -26.927  -32.667  48.168 0.4444440007
42925  -29.278  -28.102  48.661 0.5555559993
40113  -21.074  -32.525  47.202 0.3333329856
40136  -26.532  -31.454  44.781 0.3333329856
39179  -26.918  -32.498  46.359 0.4444440007
42926  -30.069  -27.954  48.304 0.6666669846
41074  -21.290  -31.458  45.367 0.3333329856
39191  -27.474  -32.625  44.752 0.3333329856
44649  -29.965  -26.222  48.395 0.4444440007
43851  -37.352  -27.106  44.744 0.8888890147
43856  -37.750  -27.666  44.248 0.8888890147
43852  -37.946  -27.066  44.279 0.8888890147
40153  -20.696  -31.413  42.494 0.2222220004
41084  -20.952  -30.963  44.001 0.2222220004
40145  -27.159  -31.667  43.326 0.3333329856
39203  -28.142  -32.727  43.276 0.3333329856
45637  -29.991  -25.578  46.181 0.4444440007
45622  -33.735  -25.479  46.609 0.6666669846
43837  -35.624  -26.914  45.836 0.7777780294
43873  -38.141  -28.280  42.511 0.8888890147
40166  -20.584  -31.222  41.590 0.2222220004
39212  -27.738  -32.033  42.832 0.3333329856
39213  -28.306  -32.497  42.353 0.3333329856
45638  -30.667  -25.560  45.771 0.5555559993
45658  -31.646  -25.618  44.780 0.5555559993
45640  -32.400  -25.191  45.568 0.6666669846
40176  -20.603  -31.239  40.256 0.1111110002
136023  -20.552  -30.973  40.878 0.2222220004
40168  -28.218  -31.896  41.066 0.3333329856
39225  -28.495  -32.394  41.478 0.3333329856
40190  -21.060  -31.476  38.505 0.1111110002
41131  -20.724  -30.702  39.714 0.1111110002
39241  -28.706  -32.225  39.801 0.3333329856
41137  -20.872  -30.647  38.993 0.1111110002
42910  -18.842  -28.199  50.004 0.6666669846
42905  -25.179  -28.689  50.598 0.6666669846
42906  -25.692  -28.981  50.380 0.6666669846
41971  -19.821  -28.852  50.873 0.6666669846
41974  -24.723  -29.205  50.495 0.6666669846
129626  -25.283  -29.497  50.320 0.7777780294
41012  -20.353  -30.394  49.540 0.5555559993
41013  -25.181  -30.247  49.562 0.5555559993
41008  -25.616  -30.142  49.895 0.5555559993
41025  -20.142  -31.119  48.835 0.4444440007
41992  -21.112  -29.807  49.281 0.4444440007
41054  -25.654  -30.599  46.830 0.4444440007
41014  -25.693  -30.651  49.518 0.4444440007
41039  -20.499  -31.541  48.125 0.4444440007
42020  -21.593  -29.486  46.909 0.4444440007
41055  -26.081  -31.197  46.322 0.4444440007
40114  -26.065  -31.460  47.441 0.4444440007
41065  -21.249  -31.481  46.512 0.2222220004
41066  -21.277  -30.177  45.492 0.2222220004
41068  -26.074  -31.001  45.334 0.3333329856
40125  -26.519  -31.704  45.796 0.3333329856
44688  -37.190  -26.384  45.026 0.8888890147
45661  -37.609  -25.804  44.811 1.0000000000
41075  -21.199  -30.216  44.409 0.2222220004
41087  -26.337  -30.853  43.043 0.3333329856
40144  -26.543  -31.190  43.757 0.3333329856
45624  -35.477  -25.629  46.020 0.7777780294
143386  -36.183  -26.681  45.548 0.7777780294
44687  -36.540  -26.131  45.460 0.8888890147
43857  -38.306  -27.381  43.809 0.8888890147
41095  -20.797  -30.712  42.945 0.2222220004
41085  -21.153  -30.066  43.365 0.2222220004
41111  -27.192  -31.130  41.593 0.3333329856
40155  -27.238  -31.437  42.472 0.3333329856
46552  -35.128  -24.954  46.111 0.7777780294
43865  -38.627  -27.700  43.100 0.8888890147
43858  -38.800  -27.085  43.432 0.8888890147
128791  -20.759  -30.527  42.019 0.2222220004
42073  -21.712  -29.551  42.821 0.2222220004
41123  -27.034  -30.814  40.606 0.3333329856
43866  -39.178  -27.198  42.778 0.8888890147
41107  -20.781  -30.412  41.211 0.2222220004
41108  -21.193  -29.900  41.565 0.2222220004
41139  -27.136  -30.698  38.852 0.3333329856
40177  -27.689  -31.221  40.077 0.3333329856
43884  -38.750  -27.469  41.017 0.6666669846
43874  -38.813  -27.781  42.161 0.7777780294
41132  -21.427  -29.733  40.302 0.2222220004
43894  -38.291  -27.150  39.902 0.5555559993
42899  -19.270  -28.090  50.689 0.6666669846
42900  -20.227  -28.630  51.171 0.6666669846
42912  -21.351  -29.084  50.637 0.4444440007
42895  -22.631  -28.191  50.983 0.6666669846
42936  -21.854  -29.132  48.796 0.4444440007
42913  -22.314  -28.839  50.258 0.4444440007
41993  -23.968  -29.198  49.347 0.4444440007
149393  -24.554  -29.398  50.368 0.5555559993
42007  -21.526  -29.474  48.079 0.4444440007
42938  -23.308  -28.772  47.695 0.4444440007
42009  -23.953  -29.031  48.165 0.4444440007
41994  -24.563  -29.593  48.899 0.4444440007
42008  -22.178  -29.039  47.171 0.4444440007
42937  -22.482  -28.880  47.993 0.4444440007
42024  -25.206  -29.866  46.313 0.4444440007
42021  -22.378  -29.038  46.237 0.3333329856
137067  -25.515  -30.268  44.297 0.3333329856
41076  -25.582  -30.377  44.994 0.3333329856
45643  -36.637  -25.155  45.490 0.8888890147
125290  -37.081  -25.732  45.212 1.0000000000
42060  -22.296  -29.309  43.248 0.2222220004
42032  -22.206  -29.208  45.191 0.2222220004
41097  -25.869  -30.460  42.653 0.3333329856
41086  -25.804  -30.496  43.571 0.3333329856
44676  -36.077  -25.652  45.726 0.8888890147
134947  -38.261  -25.883  44.353 0.8888890147
42059  -21.671  -29.576  43.759 0.2222220004
136651  -25.986  -30.439  41.931 0.3333329856
42089  -22.343  -29.410  41.326 0.2222220004
41122  -26.196  -30.302  40.558 0.3333329856
44730  -39.755  -26.631  42.457 0.8888890147
42102  -22.186  -29.413  40.344 0.2222220004
125842  -23.012  -29.312  40.739 0.2222220004
41134  -27.125  -30.757  39.672 0.3333329856
44774  -37.897  -26.832  38.916 0.2222220004
44794  -38.344  -26.272  38.284 0.4444440007
43801  -19.959  -27.302  51.165 0.6666669846
43791  -20.623  -27.435  51.298 0.6666669846
144293  -20.227  -28.009  51.329 0.6666669846
43792  -21.355  -27.548  51.277 0.6666669846
42949  -23.197  -28.827  46.294 0.3333329856
42022  -23.816  -28.908  47.025 0.4444440007
42023  -24.604  -29.347  46.669 0.4444440007
131494  -22.925  -29.030  44.766 0.3333329856
42034  -23.668  -29.078  44.966 0.3333329856
42035  -24.478  -29.381  45.211 0.3333329856
42036  -25.149  -29.838  45.476 0.3333329856
45644  -37.371  -25.075  45.089 0.8888890147
42061  -22.884  -29.186  43.523 0.2222220004
42062  -24.259  -29.416  43.603 0.3333329856
144953  -24.736  -29.673  43.312 0.3333329856
46561  -37.755  -24.343  44.894 0.8888890147
45645  -38.017  -25.121  44.674 1.0000000000
143674  -22.890  -29.244  42.945 0.2222220004
42075  -23.433  -29.321  42.445 0.2222220004
42092  -25.191  -29.966  42.083 0.3333329856
131702  -39.275  -25.154  43.654 0.8888890147
42074  -22.471  -29.342  42.322 0.2222220004
125664  -24.829  -29.706  41.141 0.2222220004
41109  -25.700  -30.153  41.254 0.3333329856
147195  -39.448  -25.740  43.338 0.8888890147
42090  -23.210  -29.338  41.601 0.2222220004
42119  -24.207  -29.304  39.541 0.2222220004
44742  -40.018  -26.622  41.639 0.7777780294
42103  -23.647  -29.322  40.170 0.2222220004
44775  -38.668  -26.465  39.302 0.5555559993
46570  -38.122  -23.718  44.763 0.8888890147
46580  -39.044  -24.416  44.058 0.8888890147
44743  -40.435  -26.000  42.109 0.7777780294
45708  -40.112  -25.704  39.919 0.7777780294
45734  -39.698  -25.448  38.130 0.5555559993
45748  -40.981  -25.304  37.173 0.3333329856
45769  -41.524  -25.723  36.696 0.2222220004
47469  -38.782  -23.506  44.429 1.0000000000
47475  -39.424  -23.787  43.884 0.8888890147
48294  -39.521  -22.904  43.941 1.0000000000
146013  -40.362  -25.437  42.532 0.8888890147
47482  -40.808  -23.555  42.668 0.8888890147
45685  -41.220  -24.613  42.055 0.8888890147
46592  -41.114  -24.139  42.320 0.8888890147
45721  -41.408  -24.837  40.034 0.7777780294
46646  -41.331  -24.737  39.062 0.6666669846
45770  -42.747  -25.720  36.875 0.2222220004
45749  -42.112  -25.188  37.357 0.5555559993
44838  -43.459  -26.403  36.593 0.2222220004
43928  -45.140  -27.330  35.834 0.1111110002
44839  -44.533  -25.966  36.413 0.2222220004
140958  -45.376  -27.929  35.508 0.1111110002
44855  -45.253  -26.602  35.541 0.3333329856
47468  -38.095  -22.940  44.749 0.8888890147
139863  -38.772  -22.538  44.483 1.0000000000
48293  -39.253  -21.992  44.269 1.0000000000
48300  -40.422  -22.866  43.149 1.0000000000
139577  -41.241  -22.835  42.356 0.8888890147
45710  -41.589  -24.956  40.930 0.7777780294
47490  -42.188  -23.310  41.324 0.8888890147
46634  -41.964  -24.443  39.577 0.7777780294
46648  -42.568  -23.973  39.547 0.7777780294
138944  -42.979  -24.061  38.551 0.7777780294
45750  -43.288  -25.056  37.414 0.4444440007
46661  -43.492  -24.360  37.739 0.6666669846
45771  -44.449  -25.152  36.554 0.5555559993
44854  -45.044  -26.053  35.895 0.5555559993
44867  -45.444  -27.062  33.961 0.2222220004
44862  -45.371  -26.656  34.719 0.3333329856
144513  -38.308  -22.168  44.555 0.8888890147
49247  -39.986  -22.070  43.614 1.0000000000
138181  -40.411  -21.330  43.227 1.0000000000
50262  -39.999  -20.571  43.564 1.0000000000
138672  -40.799  -22.116  42.742 1.0000000000
49262  -41.281  -21.387  42.341 1.0000000000
47491  -42.585  -23.210  40.749 0.8888890147
50280  -41.715  -20.602  41.903 1.0000000000
48318  -42.782  -22.693  40.442 0.8888890147
135095  -42.750  -22.179  40.635 0.8888890147
46649  -43.419  -23.809  38.108 0.8888890147
48319  -42.951  -22.150  40.170 0.8888890147
47529  -43.657  -23.520  37.671 0.6666669846
47520  -43.319  -23.230  38.427 0.8888890147
44861  -45.114  -25.904  35.242 0.4444440007
46672  -44.278  -24.399  36.612 0.5555559993
148246  -45.143  -26.173  34.681 0.3333329856
45807  -44.556  -25.132  35.311 0.5555559993
49246  -39.528  -21.238  44.003 1.0000000000
131010  -40.419  -19.784  43.057 1.0000000000
50279  -40.826  -20.602  42.709 1.0000000000
50296  -42.467  -20.585  41.313 1.0000000000
49286  -42.852  -21.458  40.565 1.0000000000
50312  -43.008  -20.661  40.410 1.0000000000
49287  -43.079  -21.397  39.925 0.8888890147
48350  -43.456  -22.823  37.867 0.7777780294
47553  -43.998  -23.743  36.132 0.6666669846
49335  -43.286  -22.364  37.175 0.7777780294
46701  -43.883  -24.548  34.905 0.5555559993
135314  -41.311  -19.860  42.300 1.0000000000
52136  -41.439  -18.105  42.123 1.0000000000
135492  -42.780  -19.878  41.085 1.0000000000
51232  -43.118  -19.915  40.440 1.0000000000
127058  -43.216  -22.058  38.096 0.7777780294
47567  -43.573  -23.882  35.282 0.5555559993
48360  -43.497  -23.011  36.445 0.6666669846
46700  -43.037  -24.119  34.454 0.6666669846
53891  -40.759  -16.316  42.215 1.0000000000
54778  -39.709  -15.204  42.085 1.0000000000
51260  -43.051  -20.231  39.424 1.0000000000
52143  -42.962  -18.406  40.853 1.0000000000
50348  -42.564  -20.778  37.756 0.7777780294
49334  -42.729  -21.726  36.815 0.6666669846
47578  -42.095  -23.625  33.865 0.6666669846
142856  -42.657  -23.271  34.881 0.6666669846
55651  -40.345  -14.547  41.896 0.8888890147
52989  -42.810  -17.727  41.093 1.0000000000
53893  -42.376  -16.657  41.475 1.0000000000
51244  -42.996  -19.246  39.560 0.8888890147
52998  -43.022  -18.024  40.386 1.0000000000
53910  -42.808  -16.261  40.888 1.0000000000
50362  -42.294  -21.063  36.964 0.7777780294
52162  -42.349  -18.685  38.844 0.8888890147
52997  -42.908  -17.437  40.053 0.8888890147
49333  -42.018  -21.466  36.167 0.7777780294
50347  -41.869  -20.315  37.217 0.7777780294
53006  -42.389  -17.730  39.290 0.8888890147
47566  -41.729  -22.795  34.317 0.5555559993
48369  -42.027  -22.448  35.045 0.6666669846
46713  -41.889  -24.163  33.041 0.5555559993
48397  -41.002  -22.255  33.969 0.5555559993
47577  -41.301  -22.961  33.563 0.4444440007
51358  -39.892  -19.333  31.608 0.2222220004
52243  -40.837  -18.885  30.920 0.3333329856
147651  -40.276  -19.174  31.095 0.2222220004
51370  -40.478  -19.415  30.530 0.3333329856
56632  -40.097  -13.913  41.720 1.0000000000
55652  -41.078  -14.526  41.863 1.0000000000
55670  -42.212  -14.204  41.321 1.0000000000
134268  -42.580  -15.979  41.220 1.0000000000
125866  -42.451  -14.642  41.133 1.0000000000
53917  -42.730  -16.477  40.290 1.0000000000
54817  -42.485  -15.503  40.057 1.0000000000
53005  -41.768  -16.993  38.886 1.0000000000
53916  -42.103  -16.243  39.444 1.0000000000
49345  -41.448  -21.636  35.245 0.6666669846
51287  -41.256  -19.947  36.748 0.6666669846
52161  -41.608  -17.808  38.377 0.7777780294
49355  -41.386  -22.135  34.592 0.6666669846
51286  -40.649  -19.266  36.561 0.6666669846
53011  -40.802  -17.815  37.436 0.7777780294
54849  -42.205  -15.142  35.669 0.8888890147
55749  -42.999  -14.841  35.893 0.8888890147
49354  -40.757  -21.502  34.426 0.5555559993
131540  -40.121  -20.144  34.937 0.6666669846
53970  -41.224  -16.802  34.033 0.5555559993
53956  -41.723  -16.293  34.532 0.6666669846
54861  -42.314  -15.843  34.980 0.7777780294
127681  -40.579  -23.289  31.986 0.1111110002
48396  -40.639  -22.392  33.218 0.4444440007
150229  -40.334  -21.150  34.047 0.4444440007
53033  -40.555  -17.043  34.280 0.3333329856
53971  -42.029  -16.828  33.955 0.4444440007
48416  -40.304  -22.538  32.438 0.2222220004
49367  -39.780  -20.966  33.087 0.2222220004
52230  -39.929  -18.936  32.159 0.3333329856
52200  -40.175  -18.143  33.218 0.3333329856
53043  -40.745  -17.439  33.440 0.3333329856
53957  -42.585  -16.485  34.413 0.6666669846
54862  -43.080  -16.131  34.855 0.8888890147
49382  -39.623  -21.030  32.247 0.2222220004
50415  -39.626  -20.168  31.660 0.2222220004
52231  -40.430  -18.713  31.654 0.3333329856
52213  -40.892  -18.206  32.183 0.3333329856
53058  -42.298  -17.778  32.908 0.3333329856
53045  -42.399  -17.287  33.540 0.5555559993
52214  -41.741  -18.205  32.178 0.3333329856
52233  -42.124  -18.606  31.511 0.3333329856
52244  -41.636  -18.886  30.867 0.2222220004
56644  -40.596  -13.170  41.617 1.0000000000
56646  -42.029  -13.488  41.358 1.0000000000
53012  -41.098  -16.949  37.985 0.7777780294
55732  -41.870  -14.745  36.315 0.7777780294
55733  -42.710  -14.352  36.463 0.8888890147
50372  -40.557  -20.301  35.513 0.6666669846
53018  -40.341  -17.390  36.552 0.6666669846
133262  -40.277  -17.037  35.747 0.6666669846
54859  -41.047  -15.860  35.405 0.5555559993
51312  -39.864  -19.422  34.829 0.5555559993
51298  -39.881  -18.629  35.177 0.6666669846
53945  -40.636  -16.340  35.516 0.5555559993
53955  -40.953  -16.316  34.775 0.5555559993
54860  -41.581  -15.784  35.177 0.6666669846
54850  -43.016  -15.463  35.359 0.8888890147
49383  -40.022  -21.767  32.790 0.2222220004
50393  -39.988  -20.766  33.757 0.3333329856
147845  -39.676  -19.135  33.620 0.4444440007
142485  -40.133  -17.495  34.685 0.3333329856
53946  -43.958  -16.046  35.283 0.8888890147
50392  -39.715  -20.304  33.340 0.3333329856
51328  -39.645  -19.628  33.129 0.3333329856
52211  -39.812  -18.855  32.921 0.3333329856
53972  -42.776  -17.051  33.982 0.7777780294
53958  -43.627  -16.936  34.449 0.8888890147
53959  -44.516  -16.794  35.075 0.8888890147
53046  -43.190  -17.612  33.537 0.5555559993
124702  -42.661  -18.373  32.221 0.3333329856
141613  -42.408  -19.014  30.949 0.3333329856
133060  -42.214  -19.462  30.280 0.2222220004
51372  -43.070  -19.432  30.731 0.2222220004
51384  -43.160  -19.915  30.054 0.2222220004
57643  -40.180  -12.518  41.314 1.0000000000
57645  -41.829  -12.676  41.250 1.0000000000
56664  -42.200  -12.997  41.035 1.0000000000
55706  -42.266  -14.560  39.660 1.0000000000
53925  -41.395  -16.153  38.516 0.8888890147
54837  -41.237  -15.254  36.491 0.8888890147
53932  -40.881  -16.091  37.559 0.7777780294
144385  -40.629  -16.306  36.972 0.6666669846
55723  -42.230  -14.118  37.052 0.8888890147
56714  -43.723  -13.630  37.049 1.0000000000
55734  -43.642  -14.390  36.398 0.8888890147
55750  -43.827  -15.150  35.903 0.8888890147
54851  -44.794  -15.551  36.053 0.8888890147
138489  -44.213  -17.848  33.956 0.7777780294
53947  -44.980  -16.369  35.680 0.8888890147
52215  -43.120  -18.120  32.832 0.5555559993
53047  -45.205  -18.188  34.373 0.7777780294
52189  -46.192  -18.538  34.938 0.8888890147
135026  -43.538  -18.618  32.387 0.4444440007
124212  -44.750  -18.525  33.532 0.6666669846
52202  -45.661  -18.882  34.016 0.7777780294
51329  -46.131  -19.532  33.589 0.7777780294
51359  -43.811  -19.498  31.118 0.2222220004
52235  -44.050  -19.170  31.896 0.3333329856
51346  -44.887  -19.417  32.229 0.4444440007
51347  -45.733  -19.732  32.603 0.6666669846
51348  -46.620  -20.136  33.069 0.7777780294
50441  -44.024  -20.278  29.925 0.2222220004
51373  -43.686  -19.823  30.497 0.2222220004
50427  -44.893  -20.425  30.212 0.3333329856
57644  -41.138  -12.452  41.411 1.0000000000
57657  -41.649  -11.896  41.001 1.0000000000
58578  -42.098  -11.461  40.281 1.0000000000
57671  -42.663  -11.930  39.918 1.0000000000
56682  -42.368  -12.868  40.503 1.0000000000
55715  -42.303  -13.758  39.109 1.0000000000
57686  -43.235  -12.127  39.045 1.0000000000
57694  -43.260  -12.703  38.348 1.0000000000
55714  -41.759  -14.602  38.574 0.8888890147
55722  -41.943  -14.001  37.977 0.8888890147
56692  -42.680  -13.117  38.679 1.0000000000
57695  -44.008  -12.092  38.299 1.0000000000
147204  -41.492  -14.770  37.804 0.8888890147
130932  -41.579  -14.647  37.101 0.8888890147
56701  -42.670  -13.428  37.765 0.8888890147
56713  -42.890  -13.695  37.143 0.8888890147
56702  -43.499  -13.039  37.732 1.0000000000
54832  -41.150  -15.329  37.309 0.7777780294
149766  -44.264  -14.016  36.806 1.0000000000
56715  -45.049  -13.523  37.208 1.0000000000
55735  -44.751  -14.559  36.599 0.8888890147
53948  -45.908  -16.612  36.091 0.8888890147
53937  -46.474  -15.983  36.579 1.0000000000
53960  -45.341  -17.097  35.436 0.8888890147
53035  -46.809  -18.102  35.866 1.0000000000
53026  -47.340  -17.460  36.385 1.0000000000
52190  -47.215  -18.827  35.553 1.0000000000
52191  -48.106  -18.932  35.781 1.0000000000
51360  -44.589  -19.676  31.415 0.3333329856
51361  -45.389  -19.919  31.712 0.5555559993
50416  -46.232  -20.267  32.045 0.6666669846
51330  -47.058  -19.959  34.189 0.8888890147
51313  -47.605  -19.588  35.188 1.0000000000
51374  -45.097  -20.133  30.933 0.4444440007
126355  -46.734  -20.737  31.408 0.6666669846
50417  -47.211  -20.690  32.439 0.6666669846
51349  -47.549  -20.551  33.632 1.0000000000
51331  -47.991  -20.317  34.731 1.0000000000
130967  -44.740  -20.739  29.463 0.2222220004
50442  -45.674  -20.892  29.805 0.2222220004
131962  -48.085  -21.022  33.042 0.8888890147
50460  -45.347  -21.127  28.951 0.2222220004
50461  -46.277  -21.320  29.099 0.2222220004
49441  -45.937  -21.365  28.298 0.2222220004
58587  -41.753  -10.874  39.655 1.0000000000
58588  -42.616  -11.026  39.487 1.0000000000
58601  -42.204  -10.597  38.835 1.0000000000
58603  -43.723  -11.078  38.559 1.0000000000
57687  -43.701  -11.567  38.615 1.0000000000
57696  -44.861  -11.850  37.993 1.0000000000
58610  -45.318  -11.647  37.455 1.0000000000
56704  -45.560  -12.462  37.453 1.0000000000
135521  -45.753  -14.198  36.983 1.0000000000
56716  -46.074  -13.439  37.086 1.0000000000
55736  -46.538  -14.339  36.875 1.0000000000
54839  -46.939  -15.266  36.774 1.0000000000
53938  -47.279  -16.133  36.637 1.0000000000
53019  -47.552  -16.832  36.543 1.0000000000
52181  -47.751  -18.176  36.177 1.0000000000
51314  -48.476  -19.694  35.373 1.0000000000
50428  -45.871  -20.381  31.172 0.6666669846
50429  -46.292  -20.825  30.560 0.3333329856
50394  -48.484  -20.845  34.076 1.0000000000
50443  -46.692  -21.230  29.867 0.3333329856
50430  -47.312  -21.246  30.688 0.5555559993
50431  -48.285  -21.536  31.214 0.5555559993
50418  -48.463  -21.372  32.251 0.8888890147
50409  -49.079  -21.305  33.287 1.0000000000
49420  -47.206  -21.564  29.205 0.4444440007
50444  -47.485  -21.531  29.883 0.4444440007
49406  -48.959  -22.007  30.798 0.5555559993
49407  -49.761  -22.195  31.117 0.6666669846
49459  -46.629  -21.591  27.574 0.2222220004
129255  -48.598  -22.361  27.902 0.4444440007
49444  -48.786  -22.334  28.817 0.4444440007
139254  -50.267  -22.389  30.359 0.5555559993
49461  -49.316  -22.472  27.345 0.3333329856
144488  -49.396  -22.513  28.212 0.2222220004
49445  -50.086  -22.517  28.025 0.3333329856
49494  -49.256  -21.916  25.683 0.2222220004
58600  -41.219  -10.768  38.871 1.0000000000
58602  -43.195  -10.724  38.617 1.0000000000
129012  -43.411  -10.582  37.736 1.0000000000
57688  -44.203  -11.394  38.296 1.0000000000
58609  -44.621  -11.212  37.810 1.0000000000
134849  -44.182  -10.799  37.492 1.0000000000
57697  -46.072  -12.034  37.107 1.0000000000
56705  -46.276  -12.741  37.038 1.0000000000
55737  -47.307  -14.492  36.574 1.0000000000
55751  -47.458  -13.817  36.266 1.0000000000
54840  -47.669  -15.422  36.526 1.0000000000
55738  -47.939  -14.645  36.112 0.8888890147
53950  -48.328  -16.503  36.057 1.0000000000
52182  -48.285  -18.191  35.977 1.0000000000
52192  -48.713  -18.938  35.563 1.0000000000
51315  -49.219  -19.630  35.227 1.0000000000
51333  -49.684  -20.170  34.651 1.0000000000
50396  -50.168  -20.598  33.955 1.0000000000
49394  -49.897  -21.905  32.030 0.8888890147
50411  -50.549  -21.126  33.083 1.0000000000
49408  -50.957  -22.082  30.483 0.6666669846
49395  -50.575  -22.022  31.425 0.6666669846
49385  -50.378  -21.662  32.337 1.0000000000
51334  -50.940  -20.141  33.545 1.0000000000
49462  -49.843  -22.254  26.975 0.3333329856
49463  -50.526  -21.815  27.535 0.3333329856
125407  -50.454  -22.384  28.838 0.3333329856
49396  -51.284  -21.620  31.215 0.6666669846
50419  -51.009  -21.446  32.124 0.8888890147
50412  -51.455  -20.499  32.600 1.0000000000
49481  -49.638  -21.955  26.276 0.2222220004
50481  -50.267  -21.327  26.588 0.2222220004
49446  -50.734  -22.005  28.385 0.4444440007
50463  -51.305  -21.345  28.883 0.5555559993
49409  -51.444  -21.552  30.458 0.5555559993
51362  -52.003  -20.269  31.727 0.7777780294
50480  -49.771  -21.420  25.919 0.2222220004
50493  -50.052  -20.586  25.862 0.2222220004
50472  -50.911  -20.752  27.418 0.3333329856
50473  -51.434  -20.529  28.216 0.5555559993
50445  -51.758  -20.900  29.840 0.6666669846
51418  -49.667  -20.064  25.238 0.2222220004
58618  -44.903  -11.075  37.193 1.0000000000
57704  -46.594  -12.564  36.614 1.0000000000
56732  -47.066  -12.813  35.364 0.8888890147
56725  -47.613  -13.596  35.518 0.8888890147
55763  -48.019  -14.469  35.142 0.8888890147
54863  -48.256  -15.404  35.698 0.8888890147
53036  -48.691  -18.187  35.527 1.0000000000
52204  -49.253  -18.846  35.138 1.0000000000
52205  -49.806  -19.332  34.704 1.0000000000
52219  -50.062  -18.724  33.959 1.0000000000
52220  -50.709  -18.769  33.687 1.0000000000
51350  -51.602  -19.302  33.069 1.0000000000
135838  -51.989  -19.671  32.354 1.0000000000
51385  -52.288  -20.147  30.297 0.6666669846
51375  -52.311  -20.048  31.040 0.7777780294
51419  -50.157  -19.669  25.741 0.2222220004
51401  -51.476  -19.638  27.618 0.5555559993
51394  -52.570  -19.333  28.903 0.6666669846
51376  -52.626  -19.436  30.664 0.7777780294
141053  -52.959  -18.697  28.283 0.5555559993
53961  -48.357  -16.106  35.225 1.0000000000
53962  -48.569  -17.175  35.154 0.8888890147
53049  -48.902  -18.148  34.504 0.8888890147
52218  -49.469  -18.507  34.146 0.8888890147
131457  -50.982  -18.135  33.230 0.8888890147
52221  -51.300  -18.506  33.253 1.0000000000
129136  -52.919  -18.943  30.175 0.7777780294
52245  -52.838  -18.533  31.069 0.8888890147
52274  -52.823  -18.485  27.747 0.5555559993
52262  -53.268  -18.530  28.641 0.6666669846
52283  -52.500  -18.215  27.232 0.5555559993
52222  -51.947  -18.292  32.910 1.0000000000
53063  -51.604  -17.554  32.897 1.0000000000
52253  -53.048  -18.821  29.403 0.8888890147
53077  -52.742  -17.587  31.874 0.8888890147
53118  -54.002  -17.640  27.411 0.7777780294
52254  -53.555  -18.245  29.105 0.8888890147
53090  -53.559  -17.694  29.720 0.8888890147
53124  -53.578  -17.450  26.893 0.7777780294
53993  -52.452  -16.689  32.400 1.0000000000
53064  -52.209  -17.445  32.674 1.0000000000
54004  -52.947  -16.887  31.497 0.8888890147
145784  -54.320  -17.182  26.933 0.7777780294
139374  -54.403  -17.272  28.065 0.7777780294
54018  -53.797  -17.011  29.399 1.0000000000
54052  -55.100  -16.277  27.108 0.7777780294
54905  -53.089  -15.424  30.922 0.7777780294
54033  -54.257  -17.016  28.593 0.7777780294
54917  -53.459  -15.242  29.674 0.8888890147
54034  -54.658  -16.547  27.957 0.8888890147
54928  -54.273  -15.531  28.427 0.8888890147
55806  -52.396  -14.788  32.392 0.7777780294
56792  -53.004  -13.447  30.917 0.6666669846
55836  -53.272  -14.220  29.915 0.6666669846
55853  -53.717  -14.458  28.887 0.8888890147
56819  -53.995  -13.630  28.419 0.6666669846
55854  -54.640  -14.685  27.948 0.7777780294
57778  -55.242  -12.815  27.507 0.4444440007
138310  -55.453  -12.107  27.466 0.2222220004
58671  -55.176  -11.296  27.824 0.2222220004
59578  -55.589  -10.688  27.624 0.3333329856
60507  -55.709  -9.934  27.442 0.3333329856
133995  -56.252  -10.268  26.821 0.3333329856
135920  -52.589  -13.044  32.034 0.6666669846
55822  -53.047  -14.517  30.878 0.7777780294
57761  -53.188  -12.558  30.347 0.5555559993
133695  -53.100  -11.665  31.269 0.5555559993
57769  -53.534  -12.641  29.067 0.5555559993
133491  -53.433  -11.731  30.003 0.5555559993
58665  -53.873  -11.804  28.812 0.4444440007
58659  -53.824  -10.880  29.803 0.4444440007
57770  -54.294  -12.750  28.154 0.4444440007
59568  -54.357  -10.135  29.453 0.3333329856
59573  -54.953  -10.388  28.365 0.3333329856
60506  -55.325  -9.905  28.093 0.3333329856
60523  -56.637  -10.131  26.266 0.3333329856
57750  -51.825  -12.379  32.333 0.6666669846
57757  -52.828  -12.395  31.615 0.6666669846
58646  -52.134  -11.638  32.131 0.6666669846
58652  -52.917  -11.090  31.681 0.5555559993
58658  -53.342  -10.874  31.074 0.5555559993
59567  -53.706  -9.932  30.809 0.5555559993
60481  -54.348  -9.273  30.124 0.4444440007
134820  -55.251  -9.072  28.344 0.4444440007
61436  -54.825  -8.623  29.568 0.4444440007
61463  -55.380  -9.100  27.534 0.4444440007
59553  -52.087  -11.051  31.909 0.6666669846
58651  -52.600  -11.637  31.911 0.6666669846
145397  -52.513  -10.599  31.563 0.5555559993
59560  -53.015  -10.371  31.550 0.5555559993
150294  -53.273  -9.549  31.302 0.5555559993
59559  -52.806  -9.725  31.363 0.5555559993
61400  -53.384  -8.229  30.902 0.4444440007
62371  -53.787  -7.704  30.793 0.5555559993
146921  -54.597  -8.194  30.206 0.4444440007
61419  -54.862  -7.876  29.875 0.4444440007
61437  -55.231  -8.104  28.980 0.3333329856
144988  -55.100  -8.382  27.401 0.4444440007
61462  -54.990  -8.712  26.762 0.4444440007
62385  -53.706  -7.105  30.562 0.4444440007
63311  -54.311  -6.577  30.349 0.4444440007
62419  -54.545  -7.896  26.771 0.3333329856
64183  -53.256  -5.294  24.895 0.2222220004
65918  -53.037  -4.230  22.719 0.2222220004
66834  -54.159  -3.123  21.442 0.2222220004
149896  -53.903  -3.315  20.986 0.2222220004
64142  -54.762  -5.138  29.891 0.3333329856
139751  -55.161  -5.879  29.586 0.3333329856
64149  -55.324  -5.127  29.362 0.3333329856
63320  -55.411  -6.677  29.035 0.2222220004
64155  -55.499  -5.906  28.573 0.3333329856
64154  -55.502  -5.448  27.801 0.3333329856
61450  -55.151  -7.663  27.709 0.3333329856
63342  -54.733  -6.906  27.185 0.3333329856
63341  -54.178  -6.552  26.448 0.2222220004
64162  -54.786  -5.870  26.968 0.2222220004
145188  -53.459  -5.888  25.455 0.2222220004
64171  -54.572  -5.131  26.361 0.2222220004
65906  -54.290  -3.312  24.777 0.2222220004
66793  -53.936  -3.103  24.022 0.2222220004
66807  -54.358  -2.473  23.678 0.2222220004
66806  -53.940  -3.072  23.154 0.2222220004
66821  -54.433  -2.509  22.803 0.2222220004
66820  -54.096  -3.085  22.292 0.2222220004
149918  -55.147  -2.185  21.741 0.2222220004
138540  -54.461  -5.905  30.132 0.3333329856
133472  -55.599  -5.097  28.609 0.2222220004
64986  -55.824  -4.506  28.158 0.2222220004
64992  -55.074  -4.492  26.571 0.2222220004
65883  -55.282  -3.849  26.396 0.2222220004
66780  -54.991  -2.833  25.327 0.2222220004
66794  -54.562  -2.601  24.499 0.2222220004
67679  -54.817  -1.892  23.300 0.2222220004
140996  -55.601  -1.637  21.993 0.2222220004
67691  -54.988  -2.044  22.430 0.2222220004
67703  -55.527  -1.869  21.252 0.2222220004
66843  -54.830  -2.540  21.096 0.2222220004
64966  -54.028  -4.468  29.770 0.3333329856
64976  -53.844  -3.887  29.395 0.2222220004
64967  -54.602  -4.535  29.760 0.1111110002
65859  -55.111  -3.975  29.569 0.2222220004
65866  -54.085  -3.160  29.097 0.2222220004
65867  -55.148  -3.145  29.341 0.2222220004
65868  -55.668  -3.679  29.020 0.2222220004
136428  -55.908  -2.906  28.808 0.2222220004
65876  -56.066  -3.532  28.102 0.2222220004
64993  -55.715  -4.128  27.246 0.2222220004
65884  -56.052  -3.325  27.151 0.2222220004
65894  -55.591  -3.109  26.185 0.2222220004
66781  -55.821  -2.358  25.935 0.2222220004
67655  -56.702  -1.043  26.379 0.2222220004
140179  -56.027  -1.616  25.649 0.2222220004
67668  -55.567  -1.425  24.719 0.3333329856
67680  -55.301  -1.290  23.800 0.2222220004
139067  -55.393  -1.380  22.848 0.2222220004
66756  -55.931  -2.191  28.588 0.2222220004
66757  -56.219  -1.859  28.134 0.3333329856
66764  -56.281  -2.624  27.929 0.2222220004
67639  -56.339  -1.098  28.030 0.3333329856
67647  -56.712  -1.129  27.266 0.2222220004
66771  -56.317  -2.553  26.915 0.2222220004
67646  -56.480  -1.798  26.625 0.2222220004
68559  -56.296  -0.857  25.348 0.2222220004
68572  -55.904  -0.709  24.362 0.3333329856
68588  -55.848  -0.727  23.330 0.2222220004
67692  -56.168  -0.861  22.317 0.2222220004
67704  -56.179  -1.240  21.464 0.2222220004
67724  -56.619  -1.040  20.204 0.2222220004
68665  -57.823  -0.570  18.170 0.2222220004
67638  -55.303  -1.175  28.328 0.2222220004
68549  -54.780  0.056  27.267 0.2222220004
136658  -55.839  -0.847  28.258 0.3333329856
69522  -55.128  0.984  27.019 0.2222220004
69514  -56.545  0.371  27.569 0.3333329856
71461  -55.644  2.552  26.256 0.2222220004
69524  -56.876  1.138  27.161 0.3333329856
131407  -57.112  0.386  26.899 0.3333329856
70427  -56.743  1.877  26.888 0.3333329856
69534  -57.263  0.527  26.129 0.3333329856
69535  -57.446  1.406  26.128 0.3333329856
139532  -57.280  0.774  25.364 0.3333329856
68589  -56.360  -0.090  23.862 0.3333329856
67705  -56.891  -0.599  21.600 0.2222220004
68604  -56.973  -0.143  22.306 0.2222220004
69575  -57.819  0.531  22.425 0.3333329856
68605  -57.668  -0.051  21.661 0.3333329856
68629  -58.271  -0.283  20.642 0.2222220004
68620  -58.194  -0.057  21.178 0.3333329856
68637  -57.275  -0.750  19.658 0.2222220004
140534  -57.992  -0.601  19.104 0.2222220004
68649  -58.667  -0.556  18.667 0.2222220004
68651  -59.957  -0.285  18.528 0.2222220004
68652  -60.130  -0.393  17.692 0.2222220004
69614  -60.311  0.095  18.402 0.2222220004
69622  -60.439  -0.019  17.502 0.2222220004
71552  -60.954  2.245  16.616 0.2222220004
70435  -56.616  2.720  26.414 0.3333329856
70436  -57.242  2.206  26.454 0.3333329856
69559  -57.679  1.147  23.649 0.3333329856
69558  -56.977  0.326  23.207 0.3333329856
70470  -58.261  1.182  22.833 0.3333329856
69591  -58.381  0.355  21.575 0.3333329856
68621  -58.771  0.100  20.939 0.3333329856
68639  -59.071  -0.197  20.152 0.3333329856
68630  -59.264  0.366  20.654 0.3333329856
68640  -59.596  -0.194  19.298 0.2222220004
144285  -59.635  0.791  20.402 0.3333329856
69613  -60.039  0.032  19.177 0.2222220004
142362  -59.978  0.599  19.685 0.3333329856
70510  -60.433  1.076  18.630 0.2222220004
70519  -60.514  0.798  17.868 0.2222220004
71542  -60.586  1.920  18.039 0.2222220004
72555  -61.685  4.226  16.101 0.2222220004
71565  -61.313  2.886  15.836 0.2222220004
129509  -58.065  1.993  24.559 0.3333329856
70471  -58.704  1.632  22.736 0.3333329856
69592  -58.950  0.651  21.389 0.3333329856
69593  -59.339  1.056  21.169 0.3333329856
70493  -59.913  1.434  20.092 0.3333329856
71533  -60.476  2.342  18.880 0.2222220004
72540  -60.918  4.104  17.924 0.2222220004
137382  -61.304  4.363  17.222 0.2222220004
125624  -60.931  2.951  17.406 0.2222220004
148747  -61.586  4.620  16.681 0.2222220004
72549  -61.324  3.538  16.648 0.2222220004
71480  -58.161  2.965  25.026 0.3333329856
70453  -58.343  1.774  23.553 0.3333329856
135342  -59.057  2.444  22.641 0.3333329856
70485  -59.385  1.978  21.695 0.3333329856
73400  -56.478  4.906  19.733 0.2222220004
73401  -57.432  5.595  20.133 0.2222220004
74299  -58.259  6.097  19.656 0.2222220004
71514  -59.857  2.413  20.452 0.3333329856
74293  -59.119  6.282  20.084 0.2222220004
74300  -59.017  6.326  19.190 0.2222220004
71524  -60.149  2.283  19.719 0.2222220004
72529  -60.598  3.763  18.693 0.2222220004
74301  -60.331  6.037  18.602 0.2222220004
74308  -60.308  6.183  17.918 0.2222220004
73373  -58.061  4.753  23.997 0.2222220004
71481  -58.474  3.254  24.274 0.3333329856
72479  -58.372  4.191  24.124 0.2222220004
71496  -58.800  3.401  23.516 0.3333329856
146459  -58.384  2.476  24.193 0.3333329856
72493  -58.818  4.343  23.330 0.3333329856
71497  -59.101  3.565  22.865 0.3333329856
70454  -58.673  2.468  23.494 0.3333329856
72494  -59.203  4.452  22.471 0.3333329856
72501  -59.587  4.024  21.545 0.4444440007
71513  -59.633  2.743  21.246 0.3333329856
74292  -58.423  6.106  20.632 0.3333329856
144963  -59.805  4.937  20.828 0.2222220004
72518  -60.123  4.202  20.047 0.2222220004
72509  -59.853  3.567  20.703 0.2222220004
73402  -60.092  5.352  19.889 0.2222220004
73412  -60.300  5.578  19.135 0.2222220004
73403  -60.405  4.625  19.293 0.2222220004
73389  -59.370  5.099  21.709 0.3333329856
74281  -59.378  5.607  21.148 0.2222220004
136760  -28.986  -28.976  48.578 0.6666669846
60541  -57.170  -9.934  25.568 0.3333329856
60540  -56.004  -9.465  25.868 0.3333329856
60522  -55.731  -9.486  26.735 0.4444440007
62400  -55.354  -7.488  28.566 0.4444440007
61451  -55.307  -8.329  28.156 0.3333329856
63312  -54.907  -6.577  29.880 0.4444440007
62387  -55.164  -7.327  29.446 0.5555559993
36365  -16.754  -34.991  46.849 0.4444440007
36370  -16.689  -34.821  45.750 0.4444440007
34474  -18.642  -37.281  45.071 0.4444440007
32688  -22.542  -40.143  43.439 0.3333329856
33615  -21.558  -38.542  42.554 0.4444440007
32702  -23.783  -39.917  42.113 0.3333329856
37362  -17.323  -34.538  43.771 0.5555559993
34490  -19.420  -37.112  42.730 0.5555559993
36390  -18.310  -35.492  42.878 0.5555559993
40135  -17.695  -31.972  44.687 0.6666669846
134470  -20.098  -37.574  42.522 0.4444440007
35390  -20.195  -37.030  42.253 0.5555559993
35389  -19.540  -36.382  42.407 0.5555559993
37387  -18.816  -34.886  42.680 0.4444440007
33616  -22.978  -38.632  42.279 0.3333329856
32703  -23.807  -39.217  41.666 0.3333329856
34492  -22.101  -37.724  42.106 0.3333329856
36401  -20.582  -36.296  42.214 0.5555559993
37388  -19.781  -35.100  42.671 0.4444440007
36402  -21.941  -36.050  42.538 0.4444440007
32712  -23.523  -39.470  40.878 0.3333329856
33629  -23.910  -38.481  41.316 0.3333329856
138204  -20.536  -34.801  43.332 0.4444440007
40099  -15.615  -30.836  48.087 0.4444440007
38294  -20.267  -34.114  44.862 0.5555559993
38307  -20.638  -34.472  44.184 0.3333329856
42039  -32.947  -29.171  45.204 0.8888890147
137375  -28.312  -31.237  48.473 0.7777780294
42012  -29.407  -29.892  47.863 0.7777780294
41043  -29.732  -30.703  47.066 0.6666669846
40104  -29.204  -32.260  47.470 0.6666669846
42013  -30.068  -29.351  47.585 0.7777780294
42940  -31.300  -28.101  47.630 0.6666669846
43842  -35.269  -27.596  45.948 0.8888890147
42962  -34.878  -28.333  45.763 0.8888890147
42971  -35.172  -28.802  45.111 0.8888890147
38321  -22.555  -34.462  42.827 0.3333329856
38295  -21.127  -34.432  45.108 0.4444440007
42952  -33.737  -28.090  46.424 0.8888890147
38308  -22.144  -33.985  43.940 0.4444440007
38282  -21.382  -34.138  45.486 0.4444440007
136254  -33.512  -29.282  44.609 0.8888890147
42078  -33.070  -29.782  43.081 0.5555559993
42066  -33.993  -29.563  43.354 0.6666669846
42005  -17.529  -28.834  47.538 0.5555559993
40092  -27.243  -32.152  48.657 0.6666669846
39177  -21.125  -33.629  46.629 0.4444440007
38265  -27.930  -33.706  47.242 0.3333329856
40103  -28.455  -32.581  47.979 0.5555559993
39158  -28.896  -33.158  47.497 0.3333329856
38274  -28.573  -34.204  46.633 0.3333329856
37364  -28.858  -34.689  45.185 0.3333329856
43822  -31.083  -27.373  47.969 0.6666669846
43821  -30.471  -27.133  48.303 0.6666669846
43834  -33.247  -27.504  46.892 0.6666669846
42961  -34.099  -28.882  45.319 0.8888890147
138777  -34.088  -27.425  46.557 0.7777780294
39224  -21.607  -33.097  42.104 0.2222220004
39211  -21.586  -33.048  43.228 0.2222220004
42068  -35.858  -29.314  43.418 0.6666669846
39233  -21.151  -32.534  41.147 0.2222220004
39189  -21.392  -32.168  44.668 0.3333329856
147660  -32.123  -25.238  46.227 0.6666669846
45621  -32.718  -25.250  46.550 0.6666669846
144274  -34.901  -29.348  40.913 0.5555559993
41016  -26.770  -30.723  49.466 0.6666669846
39155  -20.287  -32.468  47.635 0.4444440007
39148  -27.171  -32.613  48.343 0.4444440007
39156  -27.432  -33.091  47.841 0.3333329856
38297  -27.881  -33.465  45.283 0.3333329856
38284  -28.399  -34.231  45.739 0.3333329856
40143  -20.951  -31.614  43.475 0.3333329856
38310  -28.501  -33.531  43.743 0.3333329856
45603  -30.356  -25.545  47.244 0.3333329856
44673  -34.372  -26.247  46.612 0.8888890147
39214  -28.856  -33.068  41.906 0.3333329856
45619  -30.953  -25.426  46.605 0.5555559993
45620  -31.870  -25.368  46.798 0.6666669846
127400  -36.631  -28.888  41.332 0.7777780294
40182  -20.847  -31.582  39.416 0.1111110002
41023  -19.698  -30.322  49.494 0.6666669846
41982  -20.266  -29.842  50.210 0.6666669846
40090  -26.104  -31.408  49.152 0.4444440007
40091  -26.667  -32.106  48.612 0.5555559993
40089  -20.181  -31.818  48.189 0.5555559993
40100  -20.596  -32.295  47.632 0.4444440007
40101  -26.085  -31.656  48.518 0.4444440007
40115  -26.497  -31.990  46.896 0.4444440007
40126  -26.967  -32.180  45.268 0.3333329856
43820  -29.679  -27.159  48.636 0.6666669846
39202  -27.595  -32.301  43.760 0.3333329856
44658  -29.603  -25.662  47.854 0.4444440007
44700  -37.803  -26.503  44.531 1.0000000000
40156  -27.868  -31.792  41.827 0.3333329856
45639  -31.500  -25.393  45.852 0.6666669846
40178  -28.206  -31.768  40.358 0.3333329856
41972  -20.231  -29.246  50.811 0.6666669846
147089  -25.403  -30.228  49.837 0.5555559993
41975  -25.014  -29.883  50.181 0.6666669846
41026  -20.649  -30.636  48.722 0.4444440007
41983  -20.760  -29.725  50.170 0.4444440007
41985  -24.594  -29.677  49.958 0.4444440007
41995  -25.140  -30.150  48.466 0.4444440007
41041  -25.615  -30.838  47.970 0.4444440007
41040  -21.053  -30.541  47.716 0.4444440007
42011  -25.189  -29.928  47.300 0.4444440007
41067  -25.639  -30.472  45.846 0.4444440007
137612  -21.645  -29.523  45.905 0.2222220004
41053  -21.237  -30.373  46.630 0.4444440007
41077  -26.021  -30.810  44.440 0.3333329856
42044  -21.649  -29.581  44.685 0.2222220004
41110  -26.485  -30.610  41.377 0.3333329856
41098  -26.584  -30.875  42.292 0.3333329856
41096  -21.191  -29.945  42.411 0.2222220004
136066  -26.567  -30.429  39.958 0.3333329856
44702  -38.885  -25.870  43.786 0.8888890147
44718  -39.254  -26.478  43.287 0.8888890147
42101  -21.653  -29.630  41.053 0.2222220004
40183  -27.676  -31.142  39.260 0.3333329856
41146  -27.167  -30.698  38.030 0.2222220004
139203  -20.542  -28.917  51.105 0.6666669846
42902  -21.987  -28.552  50.847 0.5555559993
42921  -21.645  -29.185  49.753 0.4444440007
41973  -20.614  -29.302  50.769 0.6666669846
42901  -21.087  -28.793  51.099 0.6666669846
42894  -21.646  -28.230  51.165 0.6666669846
42903  -23.191  -28.576  50.557 0.6666669846
42922  -22.451  -28.888  49.159 0.4444440007
42923  -23.269  -28.822  48.649 0.4444440007
42914  -23.246  -28.901  49.870 0.4444440007
41984  -24.044  -29.187  50.292 0.6666669846
42948  -22.860  -28.766  47.002 0.4444440007
42010  -24.586  -29.379  47.717 0.4444440007
42045  -22.401  -29.237  44.163 0.2222220004
42063  -25.028  -29.814  43.837 0.3333329856
42077  -25.197  -29.990  43.030 0.3333329856
44731  -39.858  -25.913  42.814 0.8888890147
43885  -39.465  -26.922  41.105 0.7777780294
141858  -22.915  -29.277  40.030 0.2222220004
44756  -39.097  -26.762  40.289 0.6666669846
44795  -39.112  -25.844  38.669 0.5555559993
134488  -23.930  -29.038  45.916 0.3333329856
127543  -23.536  -29.269  43.223 0.2222220004
42047  -24.335  -29.377  44.391 0.3333329856
42076  -24.386  -29.531  42.782 0.2222220004
45662  -38.661  -25.163  44.204 0.8888890147
125025  -23.903  -29.426  40.960 0.2222220004
45675  -39.941  -25.127  43.038 0.8888890147
124205  -23.821  -29.093  38.775 0.2222220004
44757  -39.961  -26.302  40.694 0.5555559993
44758  -40.502  -26.070  41.368 0.6666669846
46581  -39.700  -24.429  43.501 0.8888890147
137057  -40.895  -25.225  42.084 0.8888890147
45720  -40.649  -25.208  39.528 0.7777780294
45696  -40.963  -25.477  41.477 0.7777780294
45719  -39.888  -25.513  39.056 0.5555559993
135968  -40.375  -25.275  37.670 0.6666669846
45735  -40.533  -25.117  38.539 0.6666669846
46659  -41.407  -24.888  38.056 0.6666669846
47476  -40.077  -23.658  43.387 0.8888890147
46605  -41.756  -24.045  41.612 0.8888890147
47483  -41.556  -23.448  41.974 1.0000000000
46620  -42.094  -24.331  41.016 0.7777780294
46647  -42.187  -24.431  38.822 0.6666669846
137845  -44.313  -26.715  36.403 0.1111110002
43921  -43.688  -27.337  36.414 0.1111110002
130412  -43.881  -25.539  36.904 0.5555559993
43932  -45.590  -27.471  34.349 0.2222220004
48306  -41.926  -22.774  41.616 1.0000000000
46606  -42.340  -23.736  41.051 0.7777780294
46635  -42.782  -23.471  39.772 0.8888890147
46660  -42.647  -24.617  38.020 0.6666669846
148644  -42.938  -23.148  39.619 0.8888890147
45751  -44.043  -24.804  37.184 0.6666669846
46662  -43.918  -24.120  37.412 0.6666669846
45790  -44.793  -25.462  35.906 0.5555559993
44866  -45.064  -26.483  34.049 0.2222220004
50261  -39.331  -20.545  44.028 1.0000000000
138307  -42.229  -22.195  41.395 1.0000000000
48307  -42.530  -22.627  41.038 0.8888890147
49274  -42.134  -21.444  41.525 1.0000000000
47508  -43.095  -22.929  39.196 0.8888890147
48330  -43.086  -22.272  39.508 0.8888890147
47540  -43.994  -23.659  36.957 0.7777780294
48340  -43.219  -22.538  38.689 0.8888890147
46686  -44.260  -24.397  35.756 0.5555559993
45824  -44.724  -25.744  34.559 0.3333329856
51220  -42.189  -19.664  41.599 1.0000000000
51214  -41.568  -19.018  42.065 1.0000000000
51221  -42.716  -19.005  41.206 1.0000000000
49307  -43.125  -21.672  39.047 0.8888890147
137604  -43.072  -20.973  39.555 1.0000000000
46715  -43.477  -24.834  34.154 0.5555559993
52981  -41.077  -17.186  42.224 1.0000000000
52137  -42.229  -18.007  41.648 1.0000000000
51215  -42.283  -18.703  41.580 1.0000000000
51245  -43.234  -19.676  40.086 1.0000000000
50335  -43.022  -20.959  39.027 0.8888890147
47552  -43.359  -23.318  35.669 0.6666669846
48370  -42.780  -22.715  35.635 0.6666669846
134521  -41.401  -15.767  41.889 1.0000000000
53892  -41.699  -16.487  41.858 1.0000000000
53890  -39.724  -16.162  42.358 1.0000000000
50334  -42.793  -20.506  38.572 0.8888890147
52155  -43.182  -18.867  40.215 1.0000000000
52142  -42.643  -18.181  41.289 1.0000000000
133385  -42.944  -17.799  40.832 1.0000000000
51259  -42.636  -19.670  38.776 0.8888890147
124249  -42.215  -22.099  35.660 0.6666669846
54780  -41.599  -15.040  41.740 1.0000000000
53902  -42.759  -16.978  41.076 1.0000000000
52154  -42.943  -18.336  39.784 1.0000000000
54812  -42.652  -15.389  41.061 1.0000000000
51258  -42.049  -19.295  38.167 0.7777780294
149826  -42.484  -16.995  39.622 1.0000000000
50361  -41.563  -20.621  36.488 0.7777780294
52170  -41.500  -18.626  37.879 0.7777780294
51275  -41.456  -19.450  37.381 0.7777780294
49344  -40.679  -20.868  35.053 0.6666669846
54799  -42.284  -14.990  41.380 1.0000000000
55669  -41.730  -14.155  41.643 1.0000000000
56645  -41.420  -13.269  41.566 1.0000000000
55690  -42.380  -13.800  40.996 1.0000000000
54824  -41.777  -15.360  39.072 1.0000000000
50360  -40.833  -20.099  36.139 0.6666669846
52169  -40.863  -18.705  37.201 0.7777780294
52174  -40.386  -18.298  36.610 0.6666669846
130095  -40.580  -16.828  37.178 0.6666669846
127096  -40.129  -18.705  35.973 0.6666669846
53057  -41.311  -17.759  32.783 0.3333329856
48415  -39.762  -21.889  31.953 0.2222220004
49392  -39.586  -21.156  31.357 0.2222220004
55707  -42.443  -13.701  40.210 1.0000000000
52179  -39.928  -17.905  35.110 0.4444440007
54847  -40.837  -15.787  36.018 0.5555559993
51311  -39.732  -18.947  34.328 0.4444440007
129179  -44.765  -17.458  34.712 0.7777780294
52201  -43.860  -18.268  33.156 0.5555559993
52234  -43.100  -18.950  31.538 0.3333329856
57656  -40.714  -11.796  40.998 1.0000000000
124394  -41.328  -15.368  38.136 0.8888890147
56703  -44.551  -12.671  37.707 1.0000000000
54852  -45.582  -15.953  36.249 0.8888890147
53034  -45.758  -17.816  35.207 0.8888890147
52203  -46.611  -19.267  34.607 1.0000000000
52216  -44.380  -18.865  32.713 0.5555559993
52217  -45.249  -19.145  33.092 0.6666669846
144303  -44.341  -19.976  30.678 0.2222220004
126343  -42.616  -12.816  39.679 1.0000000000
57672  -43.216  -11.357  39.031 1.0000000000
54838  -45.878  -15.139  36.760 1.0000000000
53025  -46.325  -17.349  35.958 1.0000000000
53949  -46.884  -16.771  36.516 1.0000000000
53027  -48.024  -17.316  36.373 1.0000000000
139568  -47.606  -21.116  31.707 0.6666669846
58607  -41.513  -10.724  38.008 1.0000000000
56717  -46.850  -13.468  36.704 1.0000000000
53939  -47.900  -16.327  36.469 1.0000000000
51332  -48.907  -20.387  34.921 1.0000000000
49405  -48.247  -21.783  30.272 0.4444440007
144169  -49.327  -21.597  32.438 1.0000000000
49384  -49.883  -21.545  32.849 1.0000000000
50395  -49.385  -20.852  34.200 1.0000000000
49442  -46.916  -21.612  28.416 0.2222220004
49443  -47.860  -21.941  28.571 0.4444440007
49421  -48.058  -21.879  29.404 0.4444440007
141912  -48.874  -22.263  29.699 0.4444440007
49422  -49.475  -22.339  30.240 0.4444440007
49460  -47.641  -21.995  27.703 0.3333329856
129914  -49.809  -22.551  29.207 0.3333329856
49480  -49.070  -22.371  26.340 0.2222220004
50492  -49.484  -21.079  25.357 0.2222220004
56724  -47.247  -12.993  36.171 1.0000000000
52206  -50.400  -19.667  34.129 1.0000000000
49424  -51.213  -21.814  29.720 0.5555559993
50420  -51.587  -21.027  31.741 0.7777780294
50462  -51.031  -21.342  28.056 0.5555559993
50432  -51.909  -20.880  30.920 0.7777780294
51409  -50.678  -19.800  26.559 0.3333329856
127601  -51.898  -19.756  28.402 0.5555559993
140916  -52.229  -20.018  29.570 0.6666669846
57714  -46.707  -12.378  35.965 0.8888890147
51386  -52.635  -19.464  29.801 0.6666669846
51363  -52.409  -19.332  31.672 0.8888890147
129911  -50.416  -19.035  25.891 0.3333329856
53048  -48.355  -17.397  33.577 0.8888890147
51351  -52.149  -18.957  32.521 1.0000000000
52246  -53.242  -18.357  30.028 0.8888890147
52237  -52.466  -18.339  32.228 1.0000000000
52275  -53.575  -18.205  27.954 0.6666669846
53117  -53.244  -17.969  27.344 0.6666669846
53123  -52.623  -17.704  26.837 0.5555559993
53089  -53.145  -17.685  30.775 0.8888890147
53099  -54.010  -17.650  28.713 0.8888890147
54005  -53.350  -16.969  30.431 0.8888890147
139647  -52.742  -16.185  32.041 0.8888890147
139510  -53.065  -16.205  31.159 0.8888890147
54061  -54.796  -16.538  26.738 0.7777780294
54051  -54.558  -17.042  27.388 0.7777780294
126189  -53.946  -16.282  28.972 0.7777780294
134541  -53.431  -16.210  30.071 0.8888890147
54894  -52.237  -15.701  32.602 0.8888890147
55821  -52.834  -14.834  31.764 0.7777780294
55787  -52.006  -14.769  32.724 0.7777780294
56807  -53.364  -13.483  29.495 0.6666669846
56820  -55.113  -13.802  27.570 0.4444440007
135297  -54.655  -11.937  27.986 0.2222220004
58666  -54.428  -11.027  28.640 0.3333329856
57779  -56.043  -12.793  27.008 0.3333329856
57756  -52.290  -12.327  32.259 0.6666669846
60495  -54.852  -9.524  28.946 0.3333329856
59554  -52.517  -11.083  31.790 0.5555559993
144265  -54.303  -8.528  30.527 0.4444440007
60480  -53.794  -9.143  30.951 0.4444440007
60464  -52.872  -8.789  31.018 0.4444440007
60465  -53.287  -8.929  31.142 0.4444440007
60466  -53.772  -8.343  30.931 0.4444440007
62370  -53.413  -7.661  30.680 0.4444440007
63302  -54.060  -7.085  30.641 0.5555559993
62386  -54.602  -7.187  30.230 0.5555559993
60539  -55.020  -8.976  26.078 0.3333329856
63310  -53.995  -6.289  30.379 0.4444440007
62384  -53.036  -7.276  30.181 0.4444440007
132768  -54.079  -7.206  26.389 0.3333329856
61461  -54.327  -8.393  26.057 0.3333329856
65001  -54.454  -4.412  25.808 0.2222220004
65000  -53.765  -4.653  25.207 0.2222220004
65919  -53.433  -3.777  23.483 0.2222220004
64968  -55.070  -4.578  29.684 0.2222220004
63331  -55.362  -6.816  28.096 0.2222220004
63357  -53.490  -6.794  25.671 0.2222220004
64985  -55.301  -4.935  27.167 0.2222220004
65011  -52.954  -4.927  24.142 0.2222220004
65905  -53.670  -3.787  24.329 0.2222220004
65893  -54.728  -3.578  25.578 0.2222220004
66795  -55.262  -2.119  25.033 0.2222220004
65858  -54.549  -3.858  29.577 0.2222220004
68560  -56.973  -0.262  26.187 0.3333329856
68550  -56.939  -0.382  27.082 0.2222220004
68540  -56.091  -0.279  28.015 0.2222220004
68573  -56.676  0.002  25.067 0.3333329856
128144  -56.425  -0.294  22.962 0.3333329856
67713  -56.043  -1.445  20.730 0.2222220004
67714  -56.792  -0.899  20.933 0.2222220004
129427  -57.210  -0.554  17.328 0.2222220004
68650  -59.414  -0.453  18.630 0.2222220004
68666  -58.976  -0.641  17.994 0.2222220004
68539  -55.466  -0.435  27.974 0.2222220004
69513  -55.759  0.380  27.631 0.2222220004
69533  -54.476  1.382  26.111 0.1111110002
70425  -55.362  1.813  26.621 0.1111110002
69523  -56.138  1.316  27.241 0.2222220004
69544  -57.571  1.378  24.976 0.3333329856
69543  -57.024  0.595  24.341 0.3333329856
69576  -58.600  0.906  22.125 0.3333329856
68628  -57.463  -0.633  20.426 0.2222220004
126888  -58.918  -0.438  19.337 0.2222220004
68638  -58.208  -0.508  19.920 0.2222220004
68667  -59.744  -0.556  17.840 0.2222220004
132348  -60.698  1.567  17.302 0.2222220004
143242  -59.639  0.157  19.897 0.3333329856
134022  -59.612  1.657  20.854 0.3333329856
70501  -60.246  1.300  19.367 0.2222220004
126481  -60.684  2.994  18.169 0.2222220004
70484  -59.062  1.367  21.961 0.3333329856
72519  -60.324  3.373  19.451 0.2222220004
73421  -61.127  5.324  17.656 0.2222220004
71504  -59.382  3.161  22.114 0.3333329856
72510  -60.049  3.139  20.067 0.2222220004
74288  -59.556  5.838  20.393 0.2222220004
74294  -59.781  6.135  19.423 0.2222220004
73413  -60.704  5.157  18.477 0.2222220004
74302  -60.734  5.886  17.948 0.2222220004
42122  -33.700  -29.831  39.032 0.1111110002
42107  -35.715  -29.085  40.875 0.2222220004
43002  -36.383  -28.607  40.397 0.3333329856
43883  -37.237  -28.420  40.860 0.5555559993
42131  -33.980  -29.824  38.272 0.1111110002
43022  -34.930  -28.794  38.147 0.1111110002
43011  -35.294  -28.627  39.058 0.2222220004
43892  -36.892  -28.040  39.799 0.5555559993
135784  -37.808  -27.810  40.407 0.5555559993
146397  -34.534  -30.862  37.723 0.1111110002
42140  -34.562  -29.505  37.658 0.1111110002
43023  -35.515  -28.334  38.154 0.2222220004
43024  -35.869  -28.212  38.807 0.2222220004
42093  -33.828  -29.765  41.999 0.4444440007
41113  -33.175  -30.113  41.605 0.4444440007
42094  -34.416  -29.569  41.407 0.4444440007
40186  -33.097  -31.283  39.523 0.2222220004
42105  -33.456  -29.965  40.055 0.1111110002
39246  -34.490  -32.649  39.418 0.1111110002
128720  -33.331  -30.505  39.294 0.1111110002
39247  -35.524  -32.901  39.516 0.1111110002
40193  -34.628  -31.465  38.112 0.1111110002
40207  -35.146  -31.139  37.536 0.1111110002
41162  -35.416  -29.942  36.791 0.1111110002
38355  -35.725  -33.626  40.418 0.1111110002
38356  -36.367  -33.351  40.061 0.1111110002
40208  -36.127  -31.465  37.717 0.1111110002
145601  -37.097  -36.727  39.410 0.1111110002
36428  -37.062  -35.427  40.650 0.1111110002
146801  -37.572  -32.886  39.684 0.1111110002
40179  -32.600  -31.863  40.710 0.2222220004
39236  -32.852  -32.506  40.677 0.2222220004
39237  -33.353  -32.778  40.368 0.2222220004
38335  -34.210  -34.363  41.595 0.2222220004
38354  -34.888  -33.328  40.142 0.1111110002
36426  -35.848  -36.232  41.101 0.1111110002
36427  -36.499  -35.922  40.896 0.1111110002
36471  -35.619  -35.758  37.671 0.1111110002
35423  -36.182  -36.504  40.499 0.1111110002
35438  -36.989  -36.402  40.213 0.1111110002
35450  -36.442  -36.725  39.666 0.1111110002
35355  -17.620  -36.446  48.934 0.3333329856
148301  -32.372  -29.438  44.852 0.7777780294
42064  -31.923  -30.027  43.831 0.6666669846
41088  -32.369  -30.128  43.152 0.4444440007
39216  -32.295  -32.857  42.535 0.2222220004
38342  -33.048  -33.195  41.171 0.2222220004
38334  -33.463  -34.041  41.856 0.2222220004
46569  -35.134  -24.033  44.672 0.5555559993
47465  -35.883  -23.542  44.565 0.5555559993
47460  -36.924  -23.630  45.168 0.7777780294
48285  -37.209  -22.532  44.433 0.5555559993
36415  -34.876  -35.863  41.597 0.1111110002
37393  -33.795  -35.110  42.268 0.2222220004
46589  -34.752  -24.360  42.961 0.3333329856
47473  -35.813  -23.523  43.400 0.5555559993
47474  -36.448  -23.001  44.095 0.5555559993
36456  -34.026  -35.615  38.921 0.1111110002
35436  -34.917  -36.541  40.314 0.1111110002
36441  -34.910  -36.213  39.328 0.1111110002
36337  -14.753  -35.361  49.620 0.2222220004
35347  -16.358  -36.153  49.553 0.3333329856
37320  -12.987  -34.654  49.667 0.1111110002
37328  -12.541  -34.248  49.494 0.1111110002
136085  -31.102  -30.955  44.567 0.3333329856
39204  -31.622  -32.577  43.876 0.2222220004
41099  -31.873  -30.685  43.241 0.2222220004
38312  -31.902  -33.600  43.833 0.2222220004
39215  -31.914  -32.220  43.010 0.2222220004
50245  -38.956  -20.849  44.319 0.8888890147
37380  -32.525  -35.044  43.361 0.2222220004
38313  -32.434  -33.857  43.111 0.2222220004
46551  -34.268  -24.929  46.135 0.5555559993
45623  -34.718  -25.555  46.380 0.6666669846
49245  -38.162  -20.956  44.032 0.6666669846
36407  -32.593  -35.889  43.049 0.2222220004
38324  -33.032  -34.547  42.619 0.2222220004
46577  -33.763  -24.789  44.419 0.4444440007
46568  -34.509  -24.418  44.940 0.4444440007
48298  -36.891  -22.572  43.438 0.5555559993
49229  -37.822  -21.803  44.320 0.5555559993
35396  -33.084  -36.395  42.124 0.2222220004
37392  -33.131  -35.470  42.711 0.2222220004
126852  -33.580  -25.447  42.285 0.3333329856
45674  -34.206  -24.850  42.692 0.4444440007
46603  -34.740  -24.587  42.088 0.3333329856
47480  -35.767  -23.842  41.939 0.3333329856
47481  -36.348  -23.132  42.936 0.4444440007
48305  -37.536  -22.231  41.916 0.5555559993
48317  -37.721  -22.330  41.024 0.5555559993
35420  -34.007  -36.494  41.302 0.1111110002
45694  -33.609  -25.738  41.346 0.2222220004
46618  -34.774  -24.880  41.130 0.2222220004
46604  -35.341  -24.293  41.553 0.3333329856
47487  -36.068  -23.855  41.097 0.3333329856
47489  -37.301  -22.725  41.398 0.3333329856
37449  -33.545  -34.493  37.569 0.1111110002
46633  -35.511  -24.680  39.590 0.1111110002
47496  -36.758  -23.532  40.385 0.1111110002
47507  -37.309  -23.146  39.783 0.1111110002
36360  -17.329  -35.832  48.269 0.3333329856
36366  -17.253  -35.714  47.222 0.3333329856
36338  -15.045  -34.877  49.560 0.2222220004
36346  -16.330  -35.551  49.346 0.3333329856
35361  -17.787  -36.322  47.805 0.3333329856
34467  -18.487  -37.073  46.696 0.3333329856
35368  -17.740  -36.360  46.581 0.3333329856
36345  -15.603  -35.565  49.547 0.2222220004
37321  -13.629  -34.620  49.663 0.2222220004
38248  -13.032  -33.501  49.542 0.1111110002
38262  -12.248  -33.236  47.952 0.1111110002
41069  -30.862  -30.532  45.157 0.5555559993
39193  -31.156  -32.550  44.753 0.2222220004
38299  -31.438  -33.384  44.498 0.2222220004
145900  -38.762  -19.965  43.792 0.8888890147
139605  -39.499  -19.950  43.703 0.8888890147
36406  -31.282  -36.183  43.114 0.1111110002
36397  -32.028  -35.684  43.661 0.2222220004
45660  -33.127  -24.968  44.996 0.4444440007
50244  -38.614  -20.573  44.080 0.7777780294
51207  -39.703  -19.173  43.366 0.8888890147
36412  -30.972  -35.927  42.292 0.1111110002
35387  -32.011  -36.183  43.204 0.2222220004
45683  -32.835  -25.722  42.860 0.3333329856
50278  -38.062  -20.697  42.100 0.5555559993
51213  -40.593  -18.853  42.699 0.8888890147
37408  -31.273  -35.161  40.443 0.1111110002
35404  -32.433  -36.420  41.887 0.2222220004
44729  -32.954  -26.014  41.796 0.1111110002
49261  -37.738  -21.512  42.558 0.5555559993
132292  -38.143  -21.053  41.103 0.5555559993
37434  -32.591  -34.718  38.623 0.1111110002
36439  -32.822  -35.729  39.983 0.1111110002
44741  -33.054  -26.266  40.935 0.1111110002
125267  -37.661  -22.562  39.243 0.1111110002
49285  -38.021  -21.708  40.597 0.2222220004
49297  -37.969  -21.686  39.609 0.1111110002
147346  -32.186  -34.256  38.226 0.1111110002
45706  -33.606  -25.957  40.510 0.1111110002
46632  -34.759  -25.190  40.082 0.1111110002
47505  -36.090  -24.174  39.180 0.1111110002
47518  -37.158  -23.282  38.853 0.1111110002
49306  -37.807  -21.920  38.726 0.1111110002
45718  -34.225  -25.688  39.371 0.1111110002
46644  -34.908  -25.191  39.023 0.1111110002
46645  -35.570  -24.640  38.689 0.1111110002
141054  -36.554  -23.796  38.845 0.1111110002
48339  -37.519  -22.589  38.428 0.1111110002
45732  -34.262  -25.669  38.470 0.1111110002
47516  -36.108  -24.093  38.461 0.1111110002
47528  -36.602  -23.522  37.529 0.1111110002
41238  -32.253  -30.576  30.963 0.1111110002
126321  -15.642  -34.785  49.384 0.2222220004
37332  -16.280  -34.750  48.917 0.3333329856
36359  -16.873  -35.181  48.071 0.3333329856
37322  -14.378  -34.663  49.633 0.2222220004
38249  -13.641  -33.202  49.644 0.1111110002
38256  -13.218  -32.791  49.421 0.1111110002
37329  -13.317  -33.982  49.664 0.1111110002
39145  -12.789  -32.558  48.709 0.1111110002
35392  -22.286  -36.863  42.024 0.3333329856
36411  -23.695  -36.255  41.396 0.3333329856
41056  -30.147  -30.612  46.493 0.4444440007
40127  -30.403  -31.961  45.902 0.3333329856
42037  -30.662  -29.928  45.942 0.6666669846
37406  -23.560  -35.350  40.147 0.2222220004
38276  -29.911  -33.568  46.475 0.1111110002
37405  -23.326  -34.703  40.566 0.2222220004
38339  -22.748  -34.016  41.127 0.2222220004
37346  -30.111  -34.278  46.066 0.1111110002
133532  -30.752  -34.103  45.436 0.2222220004
145974  -38.719  -19.433  43.342 0.8888890147
127888  -22.259  -33.439  40.448 0.1111110002
36381  -30.527  -35.507  44.668 0.1111110002
142290  -31.467  -34.959  44.545 0.2222220004
51211  -38.391  -19.371  42.840 0.7777780294
52127  -38.882  -18.748  43.211 0.8888890147
38362  -22.741  -33.680  38.881 0.1111110002
128360  -21.602  -32.847  40.356 0.1111110002
37399  -30.374  -35.113  41.598 0.1111110002
45659  -32.397  -25.419  44.447 0.4444440007
50260  -38.429  -20.146  43.548 0.6666669846
136980  -38.188  -20.090  42.868 0.5555559993
52129  -39.832  -18.462  43.113 0.8888890147
52135  -40.401  -17.932  42.641 0.8888890147
37407  -30.583  -34.803  40.724 0.1111110002
42117  -22.492  -29.287  39.437 0.1111110002
38352  -31.006  -34.151  39.039 0.1111110002
50311  -38.141  -20.933  40.325 0.1111110002
42126  -22.079  -29.288  38.554 0.1111110002
42118  -23.330  -29.194  39.450 0.1111110002
39257  -30.098  -33.090  38.212 0.1111110002
38363  -30.759  -33.356  38.002 0.1111110002
146113  -37.897  -21.260  38.914 0.1111110002
43020  -22.690  -28.961  37.909 0.1111110002
43034  -23.209  -28.615  36.447 0.1111110002
39272  -30.982  -33.000  37.147 0.1111110002
38387  -31.912  -33.190  36.788 0.1111110002
44755  -33.038  -26.425  40.140 0.1111110002
133711  -37.739  -21.260  38.171 0.1111110002
128911  -23.027  -28.489  35.448 0.1111110002
43035  -24.155  -28.777  36.749 0.1111110002
40231  -30.171  -32.035  35.336 0.1111110002
126929  -33.603  -26.103  39.715 0.1111110002
46658  -35.686  -24.417  37.912 0.1111110002
48338  -37.125  -23.115  37.991 0.1111110002
49318  -37.516  -21.687  37.498 0.1111110002
125123  -23.474  -28.505  33.983 0.1111110002
43050  -24.026  -28.603  34.956 0.1111110002
40256  -31.051  -31.521  33.851 0.1111110002
125685  -34.938  -25.052  37.985 0.1111110002
47527  -36.187  -23.936  37.868 0.1111110002
47539  -36.477  -23.375  36.716 0.1111110002
48349  -37.392  -22.442  37.694 0.1111110002
43067  -24.103  -28.651  33.252 0.1111110002
41202  -30.446  -31.151  33.432 0.1111110002
47538  -35.928  -24.038  37.147 0.1111110002
124195  -24.908  -29.028  32.781 0.1111110002
135042  -29.956  -30.101  31.453 0.1111110002
41217  -31.114  -30.561  32.132 0.1111110002
43105  -25.262  -28.709  30.833 0.1111110002
43106  -26.129  -28.763  30.189 0.1111110002
146542  -29.443  -29.677  30.151 0.1111110002
42215  -30.125  -29.962  30.776 0.1111110002
43119  -25.820  -28.574  29.183 0.1111110002
41253  -31.638  -30.442  30.319 0.1111110002
144038  -26.890  -28.840  28.810 0.1111110002
42246  -29.339  -29.709  29.226 0.1111110002
41267  -30.028  -29.979  29.373 0.1111110002
42261  -27.057  -29.060  28.443 0.1111110002
41276  -29.565  -30.094  28.751 0.1111110002
40327  -28.581  -30.787  27.828 0.1111110002
41275  -29.035  -30.351  28.192 0.1111110002
37330  -14.049  -33.895  49.695 0.2222220004
38250  -14.430  -33.009  49.628 0.1111110002
39140  -13.881  -32.343  49.605 0.2222220004
39146  -13.465  -31.964  49.260 0.2222220004
39153  -13.107  -31.740  48.380 0.1111110002
39152  -12.597  -32.495  47.601 0.1111110002
124944  -22.777  -36.321  42.251 0.3333329856
36410  -23.333  -35.645  41.945 0.2222220004
36393  -22.359  -35.062  43.289 0.2222220004
39168  -29.581  -32.908  46.932 0.3333329856
40105  -29.872  -31.719  46.677 0.4444440007
37397  -23.625  -35.500  41.091 0.2222220004
37353  -29.806  -34.938  45.734 0.1111110002
37396  -23.245  -34.894  41.601 0.2222220004
140548  -29.363  -35.032  45.376 0.1111110002
38323  -29.206  -33.836  42.351 0.2222220004
37390  -29.566  -34.702  42.846 0.2222220004
51219  -38.203  -18.998  42.112 0.6666669846
52134  -38.673  -18.196  42.699 0.8888890147
52128  -39.252  -18.623  43.250 0.8888890147
38332  -29.951  -34.319  41.044 0.1111110002
44717  -32.010  -26.180  42.983 0.3333329856
135747  -38.054  -19.220  41.418 0.4444440007
52979  -39.286  -17.144  42.610 0.8888890147
39235  -29.177  -32.878  40.129 0.1111110002
38341  -30.169  -34.116  40.185 0.1111110002
44716  -31.214  -26.400  43.129 0.2222220004
144618  -37.946  -19.437  40.690 0.4444440007
132912  -37.655  -19.064  39.984 0.3333329856
150504  -25.367  -29.648  39.246 0.1111110002
39243  -29.705  -33.040  38.718 0.1111110002
44727  -31.489  -26.623  42.312 0.1111110002
44728  -32.225  -26.365  42.118 0.1111110002
51243  -37.754  -19.880  39.255 0.1111110002
127052  -37.411  -19.043  38.959 0.1111110002
42128  -24.228  -28.990  37.887 0.1111110002
42129  -24.806  -29.359  38.842 0.1111110002
42138  -25.558  -29.458  37.168 0.1111110002
142098  -29.482  -32.408  37.453 0.1111110002
39256  -29.606  -32.680  38.050 0.1111110002
44739  -31.603  -26.813  41.480 0.1111110002
44740  -32.396  -26.556  41.238 0.1111110002
51257  -37.573  -19.819  38.420 0.1111110002
52168  -37.262  -19.071  38.044 0.1111110002
43036  -25.096  -29.148  36.418 0.1111110002
42162  -25.477  -29.388  35.693 0.1111110002
127152  -29.036  -32.015  37.025 0.1111110002
39271  -30.136  -32.780  37.480 0.1111110002
127270  -31.879  -26.898  40.547 0.1111110002
129804  -32.555  -26.624  40.536 0.1111110002
50346  -37.487  -20.781  37.350 0.1111110002
43051  -24.956  -29.038  35.281 0.1111110002
42170  -25.590  -29.520  34.914 0.1111110002
41177  -28.788  -31.431  34.976 0.1111110002
127741  -29.212  -31.932  36.266 0.1111110002
39287  -30.643  -32.377  35.889 0.1111110002
45717  -33.610  -26.149  38.886 0.1111110002
43062  -24.980  -29.072  34.458 0.1111110002
42179  -25.790  -29.673  34.028 0.1111110002
42180  -26.454  -30.030  33.353 0.1111110002
41187  -30.083  -31.433  34.024 0.1111110002
48358  -37.255  -22.192  36.953 0.1111110002
49332  -37.302  -21.389  36.774 0.1111110002
42193  -25.710  -29.536  33.107 0.1111110002
42194  -26.437  -29.772  32.584 0.1111110002
42195  -27.130  -30.110  32.782 0.1111110002
42182  -27.905  -30.364  33.007 0.1111110002
41200  -28.734  -30.739  33.384 0.1111110002
41201  -29.705  -30.985  33.417 0.1111110002
40241  -30.532  -31.851  34.617 0.1111110002
125684  -34.652  -25.124  36.933 0.1111110002
48348  -37.028  -22.931  37.207 0.1111110002
43076  -25.721  -29.346  32.276 0.1111110002
42211  -26.581  -29.533  31.798 0.1111110002
42212  -27.384  -29.606  31.465 0.1111110002
134449  -27.854  -29.956  32.102 0.1111110002
42197  -29.398  -30.172  31.905 0.1111110002
45731  -33.570  -26.113  38.022 0.1111110002
131978  -35.307  -24.644  37.294 0.1111110002
47550  -35.832  -23.800  36.191 0.1111110002
43090  -25.897  -29.110  31.311 0.1111110002
43091  -26.870  -29.248  30.894 0.1111110002
140975  -28.164  -29.640  31.176 0.1111110002
42214  -29.428  -29.862  31.131 0.1111110002
45745  -34.173  -25.630  37.573 0.1111110002
43107  -27.173  -29.032  29.945 0.1111110002
42226  -27.688  -29.379  30.601 0.1111110002
146273  -28.858  -29.663  30.883 0.1111110002
43121  -27.416  -28.993  29.076 0.1111110002
126102  -28.137  -29.276  29.076 0.1111110002
41289  -28.171  -29.993  27.936 0.1111110002
42263  -28.719  -29.686  28.680 0.1111110002
42262  -27.808  -29.376  28.514 0.1111110002
37335  -15.556  -33.905  49.226 0.2222220004
37331  -14.901  -34.034  49.565 0.2222220004
38251  -15.075  -33.283  49.456 0.2222220004
39142  -14.966  -32.657  49.475 0.2222220004
38257  -15.418  -33.063  49.159 0.4444440007
39141  -14.563  -31.993  49.498 0.2222220004
40081  -14.036  -31.639  49.473 0.2222220004
40086  -13.774  -31.209  49.034 0.2222220004
40098  -13.439  -30.851  47.928 0.1111110002
40097  -12.881  -31.772  47.251 0.1111110002
52141  -38.027  -18.386  41.540 0.4444440007
52977  -38.247  -17.785  42.018 0.7777780294
51231  -37.855  -18.802  40.844 0.3333329856
52148  -37.568  -18.047  40.581 0.7777780294
52986  -38.019  -16.849  41.582 0.7777780294
136013  -39.023  -16.465  42.395 0.8888890147
44697  -29.469  -26.070  44.559 0.1111110002
44698  -30.200  -26.111  44.287 0.2222220004
45657  -30.835  -25.799  44.968 0.2222220004
142696  -37.841  -17.612  41.326 0.7777780294
54777  -39.141  -14.991  41.907 0.8888890147
42121  -25.841  -29.983  39.696 0.1111110002
39255  -28.683  -32.086  38.858 0.2222220004
39242  -29.223  -32.730  39.245 0.1111110002
149713  -29.638  -26.285  43.833 0.1111110002
44715  -30.269  -26.480  43.303 0.1111110002
44699  -30.978  -26.062  44.032 0.1111110002
52160  -36.971  -18.239  38.567 0.1111110002
53004  -36.763  -17.443  39.064 0.3333329856
53915  -36.603  -16.528  39.348 0.4444440007
42130  -25.766  -29.767  38.754 0.1111110002
41138  -26.540  -30.231  38.388 0.1111110002
140491  -27.750  -31.201  37.664 0.2222220004
133932  -28.263  -31.656  38.168 0.1111110002
40206  -28.957  -32.178  37.903 0.1111110002
44725  -29.811  -26.758  42.401 0.1111110002
146313  -37.639  -20.475  38.035 0.1111110002
148106  -36.418  -16.955  38.828 0.3333329856
42147  -26.155  -29.890  37.137 0.1111110002
41145  -26.612  -30.266  37.562 0.1111110002
134174  -27.205  -30.749  37.195 0.1111110002
40204  -27.801  -31.232  36.823 0.1111110002
40221  -28.451  -31.591  36.402 0.1111110002
44726  -30.717  -26.811  42.295 0.1111110002
142400  -31.211  -27.025  40.863 0.1111110002
51274  -37.419  -19.891  37.624 0.1111110002
52167  -36.771  -18.353  37.638 0.1111110002
53003  -36.340  -17.337  38.194 0.2222220004
42171  -26.150  -29.996  34.683 0.1111110002
139390  -26.683  -30.350  35.870 0.1111110002
135038  -27.257  -30.804  36.351 0.1111110002
41176  -28.184  -31.345  35.591 0.1111110002
40229  -28.801  -31.632  35.749 0.1111110002
43882  -31.203  -27.035  40.155 0.1111110002
44754  -32.395  -26.777  39.873 0.1111110002
41174  -26.720  -30.383  34.985 0.1111110002
41175  -27.427  -30.875  35.449 0.1111110002
127606  -28.007  -31.116  34.923 0.1111110002
44753  -31.781  -26.964  39.769 0.1111110002
44793  -32.909  -26.548  38.469 0.1111110002
42181  -27.209  -30.419  33.556 0.1111110002
41199  -27.902  -30.693  33.711 0.1111110002
41185  -28.328  -31.023  34.244 0.1111110002
49331  -37.029  -21.877  36.200 0.1111110002
46671  -35.281  -24.478  36.520 0.1111110002
39147  -15.219  -32.215  49.175 0.3333329856
40088  -15.110  -30.870  48.899 0.3333329856
40087  -14.498  -31.142  49.190 0.2222220004
41021  -14.076  -30.587  48.886 0.1111110002
42934  -17.177  -27.890  47.868 0.1111110002
53901  -37.890  -15.770  41.270 0.7777780294
54798  -38.577  -15.340  41.710 0.8888890147
44672  -28.951  -25.785  45.971 0.1111110002
44685  -29.407  -25.862  45.338 0.2222220004
127394  -37.534  -16.356  40.901 0.7777780294
55668  -39.342  -14.088  41.596 0.7777780294
56663  -39.177  -12.824  41.018 0.8888890147
44684  -28.639  -26.010  44.886 0.1111110002
53909  -37.111  -16.421  40.203 0.6666669846
54811  -37.262  -15.685  40.479 0.7777780294
143689  -28.941  -26.227  43.946 0.1111110002
128028  -36.267  -15.640  38.916 0.4444440007
54823  -36.086  -15.015  38.430 0.4444440007
41022  -14.713  -30.418  48.789 0.1111110002
42003  -15.396  -29.278  47.967 0.1111110002
41033  -14.109  -30.049  48.389 0.1111110002
42933  -15.767  -28.585  47.568 0.1111110002
43802  -23.570  -28.279  50.851 0.5555559993
43815  -29.050  -27.339  48.877 0.4444440007
43814  -28.454  -27.242  49.157 0.4444440007
45589  -28.984  -25.907  48.492 0.4444440007
43813  -27.522  -27.372  49.537 0.4444440007
45617  -28.828  -25.601  47.164 0.2222220004
128983  -26.822  -25.688  47.847 0.3333329856
45587  -27.354  -25.741  48.679 0.3333329856
44671  -28.341  -25.750  46.413 0.2222220004
150205  -28.878  -25.673  46.583 0.2222220004
55667  -38.708  -14.498  41.524 0.7777780294
56662  -38.286  -13.307  40.628 0.7777780294
44656  -27.184  -25.765  47.075 0.2222220004
44657  -28.026  -25.679  47.136 0.2222220004
55689  -38.071  -14.060  40.935 0.7777780294
57654  -38.718  -12.564  40.288 0.8888890147
44670  -27.466  -25.869  46.243 0.1111110002
55705  -37.150  -14.310  39.924 0.7777780294
56680  -37.156  -13.946  39.552 0.7777780294
42920  -17.753  -27.569  48.526 0.5555559993
43819  -18.149  -26.623  49.165 0.5555559993
43800  -19.355  -27.252  50.760 0.5555559993
44635  -18.534  -26.411  49.584 0.5555559993
44636  -19.036  -26.487  50.173 0.5555559993
44623  -19.688  -26.542  50.715 0.5555559993
44629  -25.025  -26.673  50.537 0.5555559993
45572  -25.321  -25.774  49.696 0.3333329856
43812  -26.626  -27.133  49.942 0.4444440007
43806  -26.736  -27.931  49.923 0.4444440007
58586  -40.786  -11.017  39.599 0.8888890147
45585  -25.613  -25.598  48.433 0.3333329856
45574  -26.919  -25.945  49.307 0.4444440007
44640  -27.250  -26.513  49.505 0.4444440007
58599  -39.913  -11.435  39.303 0.8888890147
45616  -25.445  -25.780  46.792 0.2222220004
45600  -25.921  -25.677  47.717 0.3333329856
57669  -38.495  -12.492  39.387 0.7777780294
58577  -41.253  -11.299  40.394 0.8888890147
44681  -25.993  -25.956  45.443 0.1111110002
44668  -26.106  -25.893  46.218 0.1111110002
45567  -19.466  -25.909  50.124 0.6666669846
44624  -20.519  -26.543  51.029 0.5555559993
45579  -19.438  -25.444  49.236 0.6666669846
45558  -20.110  -25.975  50.609 0.6666669846
44625  -21.425  -26.317  50.986 0.6666669846
44628  -24.128  -26.590  50.759 0.5555559993
44637  -24.766  -26.030  50.304 0.4444440007
58606  -40.608  -11.171  38.098 0.8888890147
57685  -39.176  -11.948  38.872 0.7777780294
56691  -37.780  -13.040  38.826 0.6666669846
130512  -42.500  -10.510  37.914 0.8888890147
58605  -39.883  -11.599  38.379 0.7777780294
58614  -40.805  -11.300  37.229 0.7777780294
57684  -38.582  -12.586  38.365 0.6666669846
56712  -39.093  -13.111  36.506 0.5555559993
57701  -39.740  -12.528  36.152 0.6666669846
56722  -38.608  -13.739  36.000 0.5555559993
58622  -40.953  -11.479  36.303 0.6666669846
58617  -43.481  -10.746  36.831 0.8888890147
144506  -44.231  -10.905  36.761 0.7777780294
57708  -39.972  -12.440  35.336 0.6666669846
56729  -38.793  -13.898  35.020 0.5555559993
52282  -51.708  -18.175  26.750 0.4444440007
58624  -42.798  -11.062  36.199 0.6666669846
131890  -44.763  -11.306  36.199 0.8888890147
58623  -41.895  -11.286  35.994 0.6666669846
56730  -39.547  -13.042  34.748 0.5555559993
53122  -51.852  -17.307  26.331 0.4444440007
54068  -50.930  -16.339  25.410 0.4444440007
53130  -51.231  -16.997  25.800 0.4444440007
58625  -43.546  -11.240  35.917 0.6666669846
57710  -42.576  -11.469  35.431 0.6666669846
57718  -40.291  -12.391  34.499 0.6666669846
57731  -39.759  -12.868  33.868 0.4444440007
145369  -38.664  -14.336  33.281 0.3333329856
136794  -38.356  -14.737  32.806 0.3333329856
54879  -37.257  -15.017  32.594 0.2222220004
51410  -51.319  -18.973  26.954 0.4444440007
54069  -51.908  -16.378  25.941 0.5555559993
55918  -51.362  -14.096  24.943 0.4444440007
55897  -51.105  -14.851  25.087 0.6666669846
57712  -45.062  -11.833  35.341 0.6666669846
148135  -41.836  -12.030  34.232 0.6666669846
57719  -41.132  -12.048  34.313 0.6666669846
56742  -39.192  -13.560  33.351 0.3333329856
56752  -38.875  -13.958  32.611 0.3333329856
54888  -37.237  -15.032  31.812 0.1111110002
55797  -36.470  -14.626  31.775 0.1111110002
52273  -51.966  -18.721  27.449 0.4444440007
51402  -52.295  -19.089  28.111 0.4444440007
56868  -50.902  -13.383  24.388 0.4444440007
57820  -51.518  -12.548  24.322 0.3333329856
55887  -56.016  -14.606  26.082 0.5555559993
58703  -52.168  -11.857  24.163 0.4444440007
57804  -54.414  -12.668  25.120 0.4444440007
56854  -54.517  -13.523  25.396 0.4444440007
58704  -53.156  -11.674  24.273 0.4444440007
57713  -45.991  -12.020  35.638 0.6666669846
57711  -44.015  -11.720  35.176 0.6666669846
130376  -42.397  -12.256  33.822 0.6666669846
57733  -41.526  -12.314  33.491 0.6666669846
56743  -39.942  -12.794  32.894 0.3333329856
144636  -39.409  -13.316  32.529 0.3333329856
55784  -38.529  -14.491  31.884 0.3333329856
54889  -37.992  -14.984  31.617 0.1111110002
125039  -36.811  -14.805  31.013 0.1111110002
54060  -52.834  -17.006  26.465 0.6666669846
54961  -52.366  -15.488  25.759 0.6666669846
56852  -52.212  -13.975  25.262 0.6666669846
55898  -51.815  -14.749  25.388 0.6666669846
55899  -52.779  -14.716  25.607 0.6666669846
56853  -53.346  -13.920  25.440 0.4444440007
54963  -54.740  -15.384  25.913 0.6666669846
54949  -55.526  -15.318  26.279 0.6666669846
54929  -55.102  -15.680  27.472 0.7777780294
142060  -52.535  -13.279  25.110 0.4444440007
131117  -54.637  -14.472  25.626 0.4444440007
55901  -55.589  -14.783  25.874 0.7777780294
54939  -55.826  -14.806  26.549 0.7777780294
55872  -55.540  -14.859  27.200 0.7777780294
57821  -52.310  -12.586  24.722 0.4444440007
57803  -53.334  -12.813  25.096 0.4444440007
139133  -52.883  -12.128  24.631 0.4444440007
57822  -53.758  -12.084  24.779 0.4444440007
58718  -52.695  -11.472  23.559 0.4444440007
142174  -46.398  -12.453  35.208 0.6666669846
57723  -45.509  -12.432  34.620 0.6666669846
133882  -47.159  -13.176  34.660 0.6666669846
57735  -43.103  -12.600  33.270 0.6666669846
57734  -42.263  -12.482  33.137 0.6666669846
57744  -40.883  -12.511  32.800 0.4444440007
56753  -39.818  -12.960  31.989 0.3333329856
56765  -39.195  -13.559  31.848 0.3333329856
55799  -38.311  -14.583  31.133 0.1111110002
55798  -37.674  -14.884  30.976 0.1111110002
129507  -53.969  -16.850  26.530 0.6666669846
54070  -53.126  -16.217  26.165 0.6666669846
54962  -53.499  -15.475  25.882 0.6666669846
54947  -54.329  -16.151  26.239 0.6666669846
56774  -51.694  -13.366  32.367 0.5555559993
56791  -52.674  -13.977  32.057 0.5555559993
55900  -53.770  -14.805  25.692 0.6666669846
54948  -55.042  -15.926  26.341 0.6666669846
54062  -55.241  -15.915  26.641 0.6666669846
56790  -51.303  -12.857  31.904 0.5555559993
56775  -52.164  -13.262  32.502 0.5555559993
125615  -50.565  -12.214  29.550 0.4444440007
57754  -51.003  -12.592  31.160 0.4444440007
57755  -51.405  -12.088  31.773 0.5555559993
132913  -49.474  -12.508  27.559 0.3333329856
56817  -49.858  -12.810  28.202 0.3333329856
58645  -51.835  -11.648  32.078 0.5555559993
57802  -48.127  -12.334  25.939 0.3333329856
57789  -48.538  -12.703  26.487 0.3333329856
57790  -49.057  -12.184  26.912 0.3333329856
57777  -49.948  -11.989  28.081 0.3333329856
58664  -50.506  -11.539  28.851 0.4444440007
58650  -51.552  -11.303  31.346 0.5555559993
145403  -48.292  -11.732  25.774 0.3333329856
58677  -49.269  -11.259  26.550 0.3333329856
58670  -50.214  -11.154  27.924 0.3333329856
138487  -50.707  -10.783  28.515 0.4444440007
58657  -51.438  -10.803  30.460 0.5555559993
58686  -48.169  -11.249  25.379 0.2222220004
58687  -48.706  -11.259  25.900 0.3333329856
59595  -49.099  -10.705  26.025 0.3333329856
59565  -51.049  -10.820  29.410 0.5555559993
60537  -48.622  -9.827  25.097 0.3333329856
59584  -49.643  -10.334  26.407 0.3333329856
147134  -48.331  -9.353  24.585 0.2222220004
60538  -49.213  -10.021  25.775 0.3333329856
57736  -44.691  -12.717  33.713 0.6666669846
55762  -47.449  -13.805  34.355 0.6666669846
129913  -43.872  -12.553  33.730 0.6666669846
56745  -45.661  -12.950  33.681 0.6666669846
57745  -41.758  -12.542  32.639 0.6666669846
56755  -41.223  -12.649  31.996 0.2222220004
56754  -40.459  -12.708  32.202 0.2222220004
56766  -39.677  -13.194  31.189 0.2222220004
55800  -38.935  -13.824  30.962 0.2222220004
55820  -50.754  -14.219  30.765 0.5555559993
56773  -51.173  -13.746  31.834 0.6666669846
139012  -52.169  -14.120  32.549 0.6666669846
55852  -50.164  -14.218  28.938 0.4444440007
56806  -50.538  -13.735  29.880 0.4444440007
133466  -49.807  -13.705  28.257 0.3333329856
57760  -50.688  -12.829  30.177 0.4444440007
56831  -48.962  -13.222  27.136 0.3333329856
56842  -48.409  -13.522  26.582 0.3333329856
60479  -52.369  -8.692  30.001 0.3333329856
60505  -51.290  -9.414  28.260 0.4444440007
60494  -51.776  -9.442  29.419 0.4444440007
59576  -49.949  -10.741  27.132 0.3333329856
138792  -50.824  -9.269  27.368 0.4444440007
59572  -51.201  -10.161  28.834 0.4444440007
60520  -49.875  -9.384  26.189 0.3333329856
60521  -50.273  -9.845  26.898 0.3333329856
128464  -49.306  -9.204  25.487 0.2222220004
56744  -44.018  -12.863  33.030 0.6666669846
56746  -46.607  -13.359  33.655 0.6666669846
55777  -47.609  -14.600  33.997 0.7777780294
56757  -43.388  -12.943  32.445 0.6666669846
124395  -44.923  -13.080  32.921 0.6666669846
55776  -47.053  -14.063  33.279 0.6666669846
53973  -48.053  -16.280  33.952 0.7777780294
57746  -42.579  -12.714  32.555 0.5555559993
56758  -44.251  -13.203  32.270 0.6666669846
55786  -47.261  -14.859  33.019 0.6666669846
135558  -47.675  -15.342  33.671 0.7777780294
56756  -42.118  -12.766  31.928 0.3333329856
56767  -40.530  -12.850  31.355 0.3333329856
54883  -51.910  -15.736  32.745 0.7777780294
55804  -51.017  -14.827  31.681 0.6666669846
54893  -51.574  -15.187  32.474 0.6666669846
54050  -48.801  -15.988  27.778 0.3333329856
55871  -49.084  -15.098  27.614 0.3333329856
55835  -50.432  -14.709  29.713 0.5555559993
55851  -49.665  -14.692  28.219 0.3333329856
131680  -49.299  -14.078  27.620 0.3333329856
61448  -50.797  -8.382  27.023 0.4444440007
61460  -50.261  -8.522  26.329 0.3333329856
132094  -50.451  -9.090  26.723 0.4444440007
61472  -49.363  -8.313  25.234 0.2222220004
56759  -45.174  -13.424  32.171 0.6666669846
131756  -45.800  -13.376  32.843 0.6666669846
56770  -43.562  -13.267  31.634 0.6666669846
54882  -47.493  -15.774  32.898 0.6666669846
56769  -42.656  -13.148  31.346 0.5555559993
145650  -42.859  -12.962  31.981 0.5555559993
53980  -47.727  -16.753  32.757 0.7777780294
53060  -48.774  -18.031  33.103 0.7777780294
52236  -49.337  -18.212  32.939 0.7777780294
53061  -50.077  -18.267  33.006 0.7777780294
53087  -48.004  -17.437  29.920 0.5555559993
53062  -50.926  -17.570  32.825 0.7777780294
53981  -51.634  -16.645  32.734 0.7777780294
53982  -52.002  -16.554  32.828 0.7777780294
53088  -48.716  -17.489  30.202 0.5555559993
54002  -49.511  -17.357  30.574 0.5555559993
54017  -49.955  -16.606  30.063 0.5555559993
54892  -50.973  -15.884  31.992 0.6666669846
54031  -48.037  -17.036  28.638 0.3333329856
146909  -49.051  -16.312  28.357 0.4444440007
54915  -49.588  -16.263  29.031 0.5555559993
54903  -50.570  -15.872  30.819 0.5555559993
143867  -48.448  -16.573  28.150 0.3333329856
54926  -49.404  -15.653  28.265 0.3333329856
54916  -50.264  -15.665  29.746 0.4444440007
61449  -51.318  -8.602  27.816 0.3333329856
61435  -52.353  -7.820  29.301 0.3333329856
147945  -50.873  -7.740  27.034 0.3333329856
62417  -50.526  -7.651  26.506 0.4444440007
130531  -50.931  -7.143  27.077 0.3333329856
143049  -45.874  -13.677  32.160 0.6666669846
56760  -46.408  -13.805  32.645 0.6666669846
142491  -46.762  -14.401  32.343 0.6666669846
55785  -46.206  -14.065  31.814 0.6666669846
55803  -46.495  -14.798  31.392 0.6666669846
54881  -47.047  -15.250  32.148 0.6666669846
139485  -47.573  -17.020  31.973 0.7777780294
53074  -48.653  -17.896  31.844 0.7777780294
56772  -45.537  -13.775  31.540 0.6666669846
55802  -45.900  -14.221  31.056 0.6666669846
54890  -46.918  -15.798  31.357 0.6666669846
53073  -47.867  -17.481  31.420 0.6666669846
53075  -49.320  -18.056  32.035 0.6666669846
141515  -48.301  -17.606  30.796 0.6666669846
128385  -49.024  -17.809  31.129 0.6666669846
53076  -49.929  -17.717  31.800 0.7777780294
53991  -50.905  -16.805  32.334 0.7777780294
54003  -50.350  -16.872  31.164 0.5555559993
63329  -51.447  -6.742  27.720 0.3333329856
62398  -51.895  -7.236  28.410 0.3333329856
62399  -52.575  -6.811  29.275 0.3333329856
124592  -16.510  -28.479  47.602 0.1111110002
141043  -16.021  -28.923  47.752 0.1111110002
43818  -17.644  -26.945  48.594 0.2222220004
43803  -23.884  -27.527  50.948 0.6666669846
44616  -21.141  -26.871  51.188 0.5555559993
139400  -24.533  -27.345  50.798 0.5555559993
43794  -23.114  -27.600  51.080 0.5555559993
44617  -21.849  -26.842  51.133 0.6666669846
36403  -22.668  -35.696  42.608 0.3333329856
42038  -31.309  -29.787  45.181 0.6666669846
38309  -22.288  -34.444  43.514 0.2222220004
42065  -32.643  -29.755  43.614 0.5555559993
38275  -29.274  -33.811  46.931 0.2222220004
41112  -32.598  -30.658  41.677 0.3333329856
148862  -32.640  -30.084  42.751 0.4444440007
131931  -34.640  -29.557  42.118 0.5555559993
41977  -26.820  -29.643  49.707 0.6666669846
42924  -28.557  -28.591  48.895 0.4444440007
42916  -28.081  -28.082  49.263 0.4444440007
38311  -29.032  -34.058  43.272 0.2222220004
37378  -29.443  -34.906  43.788 0.2222220004
43836  -34.764  -27.011  46.356 0.6666669846
44674  -35.176  -26.284  46.210 0.7777780294
43805  -25.955  -28.018  50.402 0.4444440007
45618  -29.474  -25.565  46.915 0.2222220004
44686  -30.080  -25.838  45.166 0.3333329856
45641  -33.346  -24.896  46.015 0.5555559993
45672  -31.771  -25.862  43.818 0.3333329856
125155  -38.079  -28.155  41.445 0.5555559993
39226  -29.044  -32.964  41.026 0.2222220004
40192  -28.103  -31.537  38.863 0.2222220004
43811  -18.737  -27.120  50.030 0.5555559993
43804  -25.166  -27.667  50.654 0.5555559993
139213  -24.422  -28.325  50.755 0.5555559993
46557  -34.778  -24.583  45.704 0.4444440007
46558  -35.513  -24.489  45.686 0.5555559993
129898  -19.775  -28.063  51.129 0.5555559993
43793  -22.229  -27.567  51.169 0.6666669846
47459  -35.698  -23.924  45.263 0.6666669846
46559  -36.337  -24.293  45.479 0.7777780294
46560  -37.104  -24.300  45.253 0.7777780294
41133  -26.514  -30.300  39.228 0.1111110002
47461  -37.548  -23.607  44.936 0.6666669846
42120  -25.027  -29.577  39.681 0.1111110002
48286  -37.794  -22.378  44.589 0.5555559993
48287  -38.728  -21.891  44.479 0.8888890147
49231  -38.968  -21.443  44.417 0.7777780294
49230  -38.402  -21.416  44.348 0.6666669846
53889  -39.098  -15.712  42.171 0.8888890147
56643  -39.687  -13.310  41.469 0.7777780294
57655  -39.678  -12.080  40.695 0.8888890147
58616  -42.644  -10.720  36.948 0.7777780294
58626  -45.612  -11.617  36.134 0.7777780294
54872  -48.082  -15.311  34.658 0.7777780294
59558  -52.038  -10.368  31.326 0.5555559993
60463  -52.322  -9.498  30.747 0.4444440007
61417  -52.877  -7.943  30.394 0.3333329856
38330  -22.767  -34.435  42.053 0.2222220004
43001  -34.853  -29.109  39.974 0.2222220004
42106  -34.189  -29.534  40.514 0.4444440007
44642  -28.993  -26.558  48.872 0.4444440007
124448  -18.227  -27.356  49.281 0.5555559993
43021  -23.396  -28.914  38.149 0.1111110002
52980  -40.077  -17.078  42.591 0.8888890147
58576  -40.229  -11.458  40.214 0.8888890147
58615  -41.709  -10.905  37.034 0.7777780294
54938  -55.484  -15.512  26.824 0.7777780294
56761  -51.958  -13.942  32.606 0.6666669846
55805  -51.611  -14.262  32.400 0.6666669846
42132  -34.393  -29.228  38.802 0.1111110002
130395  -35.655  -28.739  39.974 0.3333329856
43012  -36.073  -28.350  39.528 0.3333329856
41141  -34.050  -31.040  38.204 0.1111110002
42141  -35.094  -29.549  36.981 0.1111110002
127318  -34.852  -30.313  37.214 0.1111110002
43909  -35.802  -28.141  37.529 0.2222220004
133202  -33.652  -29.873  41.080 0.4444440007
41135  -32.905  -30.688  40.074 0.2222220004
41124  -32.588  -31.038  40.803 0.3333329856
40185  -32.750  -31.386  40.146 0.2222220004
147749  -33.477  -31.769  39.304 0.2222220004
131913  -33.563  -31.191  38.831 0.1111110002
38353  -34.065  -33.084  40.157 0.2222220004
39259  -34.962  -32.194  38.687 0.1111110002
39260  -36.023  -32.292  38.683 0.1111110002
41148  -35.672  -30.616  37.056 0.1111110002
37413  -37.291  -34.410  40.544 0.1111110002
37412  -36.574  -34.895  40.960 0.1111110002
37411  -35.822  -34.490  41.114 0.1111110002
39248  -37.030  -33.100  39.880 0.1111110002
39249  -37.737  -33.547  40.086 0.1111110002
39261  -36.962  -32.568  39.257 0.1111110002
36442  -37.698  -35.553  40.230 0.1111110002
38357  -38.581  -33.718  39.799 0.1111110002
37423  -38.184  -34.525  40.107 0.1111110002
40169  -32.382  -31.510  41.500 0.2222220004
129752  -32.530  -32.523  41.519 0.2222220004
38343  -33.736  -33.511  40.966 0.2222220004
38333  -32.773  -33.522  42.123 0.2222220004
37402  -35.350  -35.279  41.497 0.2222220004
38344  -34.499  -33.744  40.848 0.2222220004
37410  -34.986  -34.508  41.347 0.1111110002
35407  -35.166  -36.289  41.222 0.1111110002
35437  -35.624  -36.637  39.928 0.1111110002
36458  -35.777  -36.409  38.818 0.1111110002
36352  -16.914  -35.693  48.949 0.3333329856
42049  -31.875  -29.698  44.618 0.5555559993
40157  -31.951  -31.327  42.738 0.2222220004
41100  -32.327  -30.560  42.551 0.2222220004
39205  -32.023  -33.042  43.273 0.2222220004
126093  -32.163  -31.943  42.216 0.2222220004
137074  -35.129  -24.239  45.317 0.4444440007
46578  -34.438  -24.470  43.831 0.3333329856
46579  -35.187  -23.945  43.676 0.3333329856
47466  -36.728  -23.201  44.843 0.5555559993
35421  -34.724  -36.548  41.009 0.1111110002
36414  -34.100  -35.904  42.074 0.1111110002
46590  -35.311  -23.997  42.574 0.4444440007
146692  -35.886  -23.590  42.547 0.4444440007
35435  -34.202  -36.464  40.557 0.1111110002
130603  -31.471  -30.823  43.942 0.3333329856
41078  -31.383  -30.254  44.515 0.5555559993
40138  -31.297  -31.681  44.286 0.2222220004
40128  -30.815  -31.625  45.136 0.4444440007
40146  -31.628  -31.538  43.481 0.2222220004
37379  -32.127  -34.379  43.786 0.2222220004
46567  -33.949  -24.700  45.426 0.4444440007
135978  -38.003  -20.755  43.274 0.5555559993
128808  -33.642  -25.097  43.334 0.4444440007
124549  -33.030  -25.279  43.943 0.3333329856
48299  -37.331  -22.112  42.949 0.5555559993
48304  -36.945  -22.786  42.236 0.4444440007
48292  -37.338  -22.025  43.949 0.5555559993
49244  -37.676  -21.461  43.677 0.5555559993
36424  -32.617  -36.170  40.911 0.1111110002
136668  -36.294  -23.407  41.985 0.3333329856
49273  -37.921  -21.627  41.517 0.5555559993
48328  -37.754  -22.453  40.138 0.2222220004
37422  -33.101  -35.324  39.138 0.1111110002
36440  -33.624  -35.982  39.806 0.1111110002
45695  -34.172  -25.158  41.715 0.2222220004
46619  -35.444  -24.531  40.575 0.1111110002
47488  -36.820  -23.238  41.283 0.3333329856
47497  -37.343  -22.951  40.659 0.2222220004
37448  -32.831  -34.359  37.920 0.1111110002
45707  -34.191  -25.464  40.817 0.1111110002
147526  -34.096  -25.700  40.100 0.1111110002
47495  -36.093  -24.085  40.042 0.1111110002
47506  -36.685  -23.693  39.503 0.1111110002
136133  -30.417  -31.062  45.877 0.4444440007
39181  -30.678  -32.617  45.511 0.3333329856
38286  -30.969  -33.354  45.169 0.3333329856
140129  -31.203  -33.967  44.918 0.2222220004
37366  -31.631  -34.278  44.395 0.2222220004
36405  -30.638  -35.902  43.083 0.1111110002
133870  -31.062  -35.697  44.340 0.1111110002
36413  -31.624  -36.162  41.851 0.1111110002
134217  -31.493  -35.453  44.211 0.2222220004
45673  -32.407  -25.683  43.600 0.2222220004
50295  -38.109  -20.161  41.131 0.5555559993
130229  -38.167  -19.722  42.115 0.5555559993
52973  -39.548  -17.875  42.905 0.8888890147
37409  -32.027  -35.466  40.197 0.1111110002
37420  -31.516  -34.796  39.610 0.1111110002
37433  -31.824  -34.485  38.838 0.1111110002
50322  -37.986  -20.744  39.465 0.1111110002
38364  -31.472  -33.894  38.247 0.1111110002
135442  -37.652  -21.992  38.095 0.1111110002
40303  -31.745  -30.855  29.566 0.1111110002
39169  -30.184  -32.716  46.248 0.3333329856
38285  -30.467  -33.446  45.844 0.3333329856
38350  -22.837  -33.917  39.995 0.1111110002
36373  -30.356  -35.186  45.207 0.1111110002
36382  -30.976  -35.244  44.848 0.1111110002
51212  -38.611  -18.853  42.955 0.7777780294
36380  -29.976  -35.499  44.308 0.1111110002
37391  -30.184  -35.331  42.502 0.1111110002
37398  -29.751  -34.503  41.933 0.1111110002
52972  -39.000  -17.964  42.948 0.8888890147
37419  -30.798  -34.506  39.891 0.1111110002
137048  -30.348  -33.567  38.781 0.1111110002
42136  -22.031  -29.167  37.566 0.1111110002
50333  -37.796  -20.582  38.692 0.1111110002
43027  -22.569  -28.838  37.020 0.1111110002
43033  -22.443  -28.749  36.124 0.1111110002
43061  -23.168  -28.468  34.649 0.1111110002
44773  -32.965  -26.546  39.333 0.1111110002
131267  -24.503  -28.840  35.860 0.1111110002
39288  -30.930  -32.249  35.216 0.1111110002
40222  -29.921  -32.168  36.082 0.1111110002
40240  -29.685  -31.653  34.758 0.1111110002
130826  -24.326  -28.723  34.044 0.1111110002
48357  -36.835  -22.660  36.420 0.1111110002
43075  -24.092  -28.621  32.458 0.1111110002
41235  -30.165  -30.362  32.069 0.1111110002
43089  -24.847  -28.821  31.816 0.1111110002
43068  -24.984  -29.110  33.603 0.1111110002
41236  -30.632  -30.207  31.366 0.1111110002
42228  -30.323  -29.953  30.043 0.1111110002
41252  -30.881  -30.146  30.535 0.1111110002
42245  -28.700  -29.461  29.526 0.1111110002
38340  -29.581  -33.583  40.544 0.2222220004
38351  -29.780  -33.449  39.558 0.1111110002
52978  -38.693  -17.224  42.369 0.7777780294
52987  -38.572  -16.223  41.970 0.7777780294
126275  -37.951  -20.041  40.124 0.2222220004
148661  -31.165  -26.862  41.876 0.1111110002
43029  -24.847  -29.112  37.249 0.1111110002
39270  -29.689  -32.325  36.824 0.1111110002
137688  -25.975  -29.757  36.345 0.1111110002
50359  -37.239  -20.029  36.842 0.1111110002
41186  -29.206  -31.233  34.129 0.1111110002
42172  -26.598  -30.271  34.152 0.1111110002
143066  -27.070  -29.827  32.149 0.1111110002
42196  -28.668  -30.297  32.452 0.1111110002
42227  -28.476  -29.480  30.354 0.1111110002
52993  -37.500  -17.091  40.781 0.7777780294
52153  -37.254  -18.189  39.503 0.2222220004
135998  -37.139  -17.287  39.903 0.5555559993
53908  -36.738  -15.647  39.699 0.7777780294
129784  -36.634  -18.559  36.703 0.1111110002
145172  -37.485  -15.127  40.691 0.7777780294
55688  -37.487  -14.495  40.496 0.7777780294
56642  -38.835  -13.651  41.254 0.7777780294
54810  -37.004  -14.907  39.973 0.7777780294
54822  -35.800  -15.039  37.936 0.3333329856
54816  -36.497  -14.964  39.162 0.7777780294
55704  -36.835  -14.450  39.329 0.7777780294
44648  -28.442  -26.096  48.910 0.4444440007
44641  -28.108  -26.566  49.213 0.4444440007
45602  -28.635  -25.594  48.026 0.3333329856
45601  -27.754  -25.612  47.985 0.2222220004
45588  -28.210  -25.805  48.619 0.4444440007
44655  -26.359  -25.795  46.974 0.2222220004
127168  -28.045  -25.901  45.608 0.1111110002
56661  -37.562  -13.852  40.258 0.7777780294
56681  -37.778  -13.223  39.754 0.7777780294
44669  -26.755  -25.882  46.431 0.1111110002
57670  -39.298  -11.895  39.851 0.7777780294
44694  -26.741  -26.009  44.871 0.1111110002
56679  -36.821  -14.127  38.969 0.7777780294
148735  -17.279  -27.244  48.097 0.1111110002
44646  -18.214  -26.163  48.985 0.4444440007
45566  -18.746  -25.974  49.542 0.5555559993
44638  -25.608  -26.180  50.100 0.4444440007
44630  -25.821  -26.920  50.308 0.4444440007
127193  -24.354  -25.630  49.562 0.3333329856
150511  -25.732  -25.636  49.134 0.3333329856
45573  -26.104  -25.879  49.553 0.3333329856
44639  -26.402  -26.347  49.817 0.4444440007
45586  -26.390  -25.651  48.748 0.3333329856
44667  -25.381  -25.850  45.976 0.1111110002
45568  -20.321  -25.469  49.858 0.5555559993
43795  -23.448  -26.940  51.013 0.5555559993
57693  -40.024  -11.757  37.495 0.7777780294
57692  -39.326  -12.206  37.883 0.6666669846
131455  -39.536  -12.430  36.990 0.7777780294
57702  -40.192  -11.886  36.640 0.7777780294
56700  -38.829  -12.852  37.386 0.5555559993
56711  -38.323  -13.469  36.901 0.5555559993
56723  -39.322  -13.190  35.635 0.6666669846
135749  -40.889  -11.827  35.279 0.6666669846
57709  -41.780  -11.716  34.949 0.6666669846
144844  -39.196  -13.560  34.211 0.4444440007
57720  -42.477  -11.869  34.613 0.6666669846
57732  -40.562  -12.443  33.628 0.6666669846
54880  -37.902  -15.050  32.314 0.2222220004
57722  -44.372  -12.275  34.464 0.6666669846
56855  -55.623  -14.103  25.628 0.3333329856
57721  -43.310  -12.175  34.305 0.6666669846
56731  -46.469  -12.800  34.500 0.6666669846
57768  -50.201  -12.329  28.714 0.3333329856
56818  -50.280  -13.125  29.046 0.3333329856
58649  -50.954  -12.037  30.721 0.4444440007
58656  -50.972  -11.445  30.037 0.4444440007
59577  -50.661  -10.208  27.791 0.4444440007
59566  -51.651  -10.185  30.019 0.4444440007
59609  -48.048  -10.586  24.970 0.2222220004
132202  -50.882  -13.309  30.976 0.5555559993
143021  -50.625  -15.069  30.492 0.5555559993
61434  -51.808  -8.678  28.785 0.3333329856
136448  -49.775  -8.668  25.810 0.3333329856
54927  -49.988  -15.241  28.911 0.4444440007
54891  -47.307  -16.211  32.065 0.6666669846
53059  -48.082  -17.540  32.367 0.7777780294
54016  -49.201  -17.072  29.603 0.5555559993
129040  -51.747  -8.029  28.308 0.3333329856
53990  -47.290  -16.732  31.337 0.6666669846
43825  -16.424  -27.996  47.463 0.1111110002
44618  -22.713  -26.876  51.083 0.6666669846
44834  -37.541  -26.742  36.862 0.3333329856
45733  -38.919  -25.787  37.729 0.4444440007
44835  -38.317  -26.419  36.603 0.3333329856
44776  -39.438  -26.069  39.663 0.4444440007
144252  -40.201  -25.477  37.070 0.3333329856
44851  -38.690  -26.806  35.974 0.2222220004
44852  -39.509  -26.744  35.886 0.3333329856
45768  -40.542  -25.749  36.612 0.2222220004
43041  -40.625  -28.524  36.167 0.2222220004
43927  -41.400  -27.120  35.961 0.2222220004
136403  -40.963  -26.300  36.225 0.2222220004
46714  -42.667  -24.494  33.622 0.5555559993
53924  -36.156  -16.393  38.604 0.2222220004
53931  -35.858  -16.456  38.002 0.2222220004
53016  -35.602  -17.037  36.806 0.2222220004
53923  -35.820  -15.610  38.112 0.2222220004
55713  -36.470  -14.497  38.536 0.5555559993
55712  -35.920  -14.700  37.859 0.2222220004
55719  -35.620  -14.468  37.160 0.4444440007
56690  -37.158  -13.645  38.995 0.6666669846
56697  -36.708  -14.018  38.409 0.5555559993
56698  -37.158  -13.524  38.275 0.5555559993
55721  -36.546  -13.868  37.735 0.5555559993
56710  -37.393  -13.576  37.383 0.5555559993
55720  -35.987  -13.982  37.111 0.4444440007
55731  -37.677  -13.935  36.358 0.4444440007
55747  -37.465  -14.320  35.506 0.3333329856
55748  -38.160  -14.245  35.541 0.3333329856
56771  -44.567  -13.520  31.450 0.5555559993
56789  -44.303  -13.718  30.679 0.5555559993
55801  -45.168  -13.918  30.819 0.4444440007
55817  -44.805  -14.112  30.076 0.3333329856
55818  -45.546  -14.414  30.356 0.4444440007
55819  -46.084  -14.746  30.642 0.5555559993
54901  -45.926  -15.040  29.965 0.3333329856
55834  -45.243  -14.681  29.625 0.3333329856
54000  -46.974  -16.412  30.736 0.3333329856
54914  -46.263  -15.949  29.604 0.3333329856
54015  -47.417  -17.104  29.565 0.3333329856
53096  -47.378  -16.981  28.751 0.3333329856
53098  -48.397  -17.252  29.388 0.3333329856
53097  -47.836  -17.233  29.243 0.3333329856
63355  -50.094  -7.051  25.907 0.3333329856
135360  -50.228  -6.276  25.983 0.3333329856
65009  -49.485  -4.753  24.568 0.2222220004
65025  -48.981  -4.624  23.897 0.1111110002
66819  -48.719  -1.871  22.977 0.1111110002
66790  -49.579  -2.827  24.207 0.2222220004
66805  -49.829  -2.000  23.972 0.2222220004
67678  -50.170  -1.266  23.586 0.2222220004
66804  -49.170  -2.361  23.549 0.1111110002
67690  -49.072  -1.074  22.635 0.1111110002
68584  -49.754  -0.750  22.949 0.1111110002
137659  -50.101  -0.057  22.606 0.2222220004
68585  -50.437  -0.469  23.228 0.2222220004
68603  -50.742  0.257  22.827 0.2222220004
69572  -51.100  0.727  22.412 0.2222220004
68602  -50.467  0.446  22.130 0.1111110002
67665  -50.572  -1.701  24.293 0.1111110002
68570  -51.481  -0.567  24.185 0.1111110002
68586  -51.092  -0.136  23.505 0.2222220004
69588  -52.331  0.802  21.591 0.1111110002
69573  -51.797  1.035  22.356 0.2222220004
68571  -52.054  -0.065  24.371 0.1111110002
69555  -51.485  0.667  23.073 0.2222220004
69557  -52.704  1.281  23.819 0.1111110002
129789  -52.249  1.206  23.077 0.2222220004
138615  -53.425  1.840  24.043 0.1111110002
134054  -53.031  1.564  23.207 0.2222220004
141880  -53.706  1.880  23.317 0.2222220004
70442  -54.190  2.249  24.795 0.2222220004
70452  -54.155  2.273  23.807 0.2222220004
70468  -53.724  1.486  22.560 0.2222220004
70483  -54.435  1.463  21.867 0.2222220004
71467  -55.624  3.308  25.011 0.2222220004
71479  -55.354  3.148  23.862 0.2222220004
70469  -55.031  2.085  21.959 0.2222220004
71495  -55.218  2.632  22.841 0.1111110002
72464  -56.238  3.784  24.468 0.1111110002
71503  -55.554  2.850  22.051 0.1111110002
73386  -57.394  5.114  22.579 0.1111110002
70492  -54.772  1.771  21.044 0.1111110002
134019  -55.227  2.478  21.353 0.2222220004
72499  -55.640  3.388  21.171 0.1111110002
72500  -56.497  4.434  21.636 0.1111110002
72507  -55.298  3.615  20.089 0.1111110002
72508  -55.995  4.272  20.459 0.1111110002
73381  -58.183  5.296  23.147 0.2222220004
130297  -57.297  5.281  21.687 0.1111110002
74286  -58.551  5.930  21.565 0.2222220004
73395  -57.765  5.755  21.196 0.2222220004
72517  -55.721  4.283  19.471 0.1111110002
73409  -56.229  4.715  18.789 0.1111110002
44817  -38.209  -26.252  37.340 0.3333329856
45747  -39.582  -25.575  37.364 0.4444440007
73394  -56.839  5.033  20.773 0.1111110002
73380  -57.550  4.855  23.588 0.2222220004
73388  -59.050  5.276  22.294 0.3333329856
74287  -59.108  6.064  20.987 0.2222220004
56699  -37.996  -13.129  37.854 0.5555559993
55761  -38.089  -14.592  34.855 0.3333329856
54001  -47.504  -17.198  30.505 0.4444440007
54902  -46.472  -15.588  30.526 0.4444440007
137465  -36.188  -14.286  37.779 0.4444440007
44836  -39.128  -26.245  36.354 0.3333329856
44837  -40.022  -26.233  36.183 0.2222220004
43054  -40.010  -28.041  35.781 0.2222220004
44853  -40.377  -26.830  35.858 0.2222220004
43926  -40.584  -27.636  35.812 0.2222220004
55730  -36.557  -13.931  36.275 0.3333329856
128422  -46.883  -16.574  29.994 0.3333329856
64998  -49.854  -4.854  25.218 0.2222220004
69574  -52.801  1.206  22.314 0.2222220004
71494  -54.770  2.558  23.519 0.1111110002
71478  -54.796  2.763  24.397 0.2222220004
72491  -55.920  3.561  23.121 0.1111110002
72478  -56.855  4.342  23.963 0.2222220004
140654  -56.005  3.689  22.131 0.1111110002
72492  -56.671  4.383  22.857 0.1111110002
71512  -55.030  2.716  20.574 0.2222220004
74275  -58.639  5.538  22.339 0.3333329856
73387  -58.010  5.681  22.172 0.2222220004
43910  -36.261  -27.709  37.366 0.1111110002
44816  -37.499  -26.764  37.830 0.1111110002
43916  -37.097  -27.460  36.395 0.1111110002
44627  -23.208  -26.392  50.789 0.4444440007
35393  -23.140  -37.135  41.903 0.3333329856
35394  -23.702  -36.994  41.459 0.2222220004
45559  -20.906  -25.855  50.636 0.5555559993
45561  -22.796  -25.927  50.493 0.3333329856
45562  -23.807  -25.952  50.413 0.3333329856
35391  -21.206  -37.000  42.012 0.3333329856
35402  -24.004  -36.870  41.031 0.2222220004
44645  -17.792  -26.517  48.455 0.1111110002
49479  -48.154  -22.273  26.047 0.1111110002
49506  -48.219  -21.794  24.876 0.1111110002
54101  -44.088  -16.338  19.879 0.1111110002
54992  -44.942  -16.376  20.299 0.1111110002
54993  -46.172  -15.311  20.735 0.1111110002
54987  -47.027  -15.426  21.523 0.1111110002
54999  -43.670  -15.830  19.357 0.1111110002
55000  -44.527  -15.613  19.685 0.1111110002
55958  -46.665  -14.659  21.062 0.1111110002
56883  -49.634  -13.434  23.428 0.1111110002
56894  -49.209  -12.957  22.829 0.1111110002
57831  -49.906  -12.527  23.168 0.1111110002
56884  -50.330  -12.977  23.759 0.1111110002
49493  -48.563  -22.094  25.525 0.1111110002
50523  -47.850  -20.237  23.664 0.1111110002
50505  -48.291  -21.098  24.301 0.1111110002
125550  -46.340  -19.324  22.572 0.1111110002
51455  -46.986  -19.182  22.791 0.1111110002
52295  -47.590  -19.314  23.215 0.1111110002
51426  -48.609  -19.935  24.136 0.1111110002
52320  -45.730  -18.216  21.796 0.1111110002
52304  -46.451  -18.627  22.334 0.1111110002
147652  -47.423  -18.805  22.920 0.1111110002
52306  -47.847  -18.540  23.102 0.1111110002
53147  -44.457  -17.723  21.050 0.1111110002
53148  -46.060  -17.355  21.434 0.1111110002
144017  -47.376  -16.063  21.999 0.1111110002
54973  -49.856  -15.980  24.433 0.1111110002
54074  -50.225  -16.511  24.850 0.1111110002
54091  -45.533  -16.870  20.903 0.1111110002
126943  -45.810  -16.155  20.715 0.1111110002
54092  -46.440  -15.983  21.150 0.1111110002
54985  -48.186  -15.310  22.590 0.1111110002
134204  -49.245  -16.059  23.811 0.1111110002
55916  -49.819  -15.097  24.154 0.1111110002
54960  -51.405  -15.531  25.425 0.3333329856
135319  -47.717  -14.863  22.059 0.1111110002
55948  -48.329  -14.399  22.546 0.1111110002
55935  -49.410  -14.416  23.551 0.1111110002
55936  -50.100  -13.952  24.017 0.1111110002
56908  -47.467  -13.401  21.430 0.1111110002
55917  -50.616  -14.472  24.602 0.1111110002
56909  -48.116  -12.958  21.840 0.1111110002
141554  -48.529  -13.427  22.436 0.1111110002
52291  -48.842  -18.880  24.067 0.1111110002
52292  -49.397  -18.483  24.526 0.1111110002
53140  -47.308  -17.394  22.287 0.1111110002
129651  -47.778  -16.976  22.539 0.1111110002
52297  -49.025  -18.130  24.027 0.1111110002
53128  -49.926  -17.949  24.958 0.1111110002
53129  -50.514  -17.276  25.352 0.1111110002
54080  -46.262  -16.626  21.237 0.1111110002
54079  -47.362  -16.673  22.112 0.1111110002
131970  -48.201  -16.952  22.892 0.1111110002
54076  -48.617  -16.556  23.254 0.1111110002
131026  -47.981  -16.243  22.582 0.1111110002
54980  -48.652  -15.732  23.148 0.1111110002
54059  -47.602  -15.891  26.775 0.1111110002
56830  -48.609  -14.401  26.973 0.2222220004
55816  -43.888  -13.909  29.957 0.3333329856
54913  -45.639  -15.414  29.252 0.2222220004
54014  -46.748  -16.711  29.154 0.2222220004
54029  -46.669  -16.686  28.348 0.1111110002
54030  -47.264  -16.770  28.050 0.1111110002
54047  -46.643  -16.600  27.565 0.1111110002
54048  -47.372  -16.473  27.410 0.1111110002
55870  -48.403  -15.520  27.166 0.2222220004
63309  -53.353  -6.487  30.029 0.2222220004
64139  -53.658  -5.747  30.000 0.2222220004
64140  -53.434  -5.058  29.661 0.2222220004
64168  -49.618  -5.535  24.907 0.2222220004
64991  -51.182  -4.423  27.056 0.2222220004
65880  -50.732  -4.020  26.330 0.1111110002
65891  -50.971  -3.224  26.072 0.1111110002
65903  -49.390  -3.802  24.302 0.1111110002
65904  -49.996  -3.272  24.886 0.1111110002
124355  -47.827  -16.716  27.995 0.1111110002
63319  -51.998  -6.293  28.510 0.2222220004
64148  -52.786  -5.811  29.297 0.2222220004
64160  -50.600  -5.808  26.490 0.2222220004
64153  -51.532  -5.811  27.817 0.2222220004
64147  -52.095  -5.520  28.484 0.2222220004
64999  -50.232  -4.475  25.762 0.2222220004
64983  -51.788  -4.868  27.903 0.2222220004
64974  -52.605  -4.956  28.845 0.2222220004
125117  -53.152  0.812  21.478 0.1111110002
69589  -53.731  1.086  21.713 0.1111110002
64169  -50.117  -5.448  25.737 0.2222220004
64990  -50.628  -4.893  26.443 0.2222220004
63340  -50.575  -6.702  26.503 0.2222220004
43893  -37.495  -27.430  39.434 0.2222220004
136777  -36.760  -27.326  37.968 0.1111110002
128349  -48.433  -22.377  26.956 0.1111110002
50491  -48.841  -21.573  25.015 0.1111110002
52287  -49.873  -18.963  25.245 0.1111110002
51427  -49.269  -19.493  24.624 0.1111110002
52281  -50.896  -18.631  26.325 0.2222220004
52288  -50.441  -18.248  25.633 0.2222220004
124379  -36.805  -27.602  38.862 0.1111110002
44626  -22.287  -26.317  50.891 0.5555559993
53121  -51.063  -17.751  26.046 0.2222220004
136318  -50.548  -15.529  24.867 0.1111110002
43917  -37.863  -27.062  36.137 0.2222220004
43911  -36.851  -27.221  37.124 0.1111110002
63354  -49.764  -6.398  25.281 0.2222220004
65010  -49.879  -4.121  25.068 0.1111110002
43039  -37.636  -27.986  35.881 0.2222220004
54090  -44.300  -16.801  20.299 0.1111110002
55001  -45.369  -15.587  20.204 0.1111110002
55959  -47.257  -14.371  21.517 0.1111110002
51437  -48.221  -19.174  23.601 0.1111110002
53139  -46.610  -17.803  22.008 0.1111110002
52305  -47.245  -18.273  22.589 0.1111110002
52296  -48.499  -18.171  23.520 0.1111110002
53141  -47.963  -17.655  22.852 0.1111110002
132903  -45.238  -17.570  21.218 0.1111110002
130315  -49.172  -15.253  23.551 0.1111110002
54984  -47.643  -15.600  22.163 0.1111110002
54073  -49.614  -16.725  24.320 0.1111110002
55947  -47.877  -13.902  22.004 0.1111110002
55934  -48.766  -14.853  23.086 0.1111110002
56882  -48.953  -13.906  23.021 0.1111110002
56907  -46.812  -13.799  20.991 0.1111110002
53131  -49.415  -17.581  24.295 0.1111110002
53135  -48.554  -17.316  23.338 0.1111110002
53136  -48.919  -17.623  23.785 0.1111110002
53132  -49.934  -17.210  24.744 0.1111110002
54077  -49.076  -16.983  23.778 0.1111110002
64161  -51.067  -5.315  27.168 0.2222220004
44865  -43.869  -25.916  33.195 0.1111110002
45822  -43.238  -25.225  33.377 0.1111110002
149552  -36.749  -13.773  37.003 0.2222220004
55746  -36.434  -14.066  35.451 0.2222220004
55759  -36.247  -14.135  34.680 0.2222220004
55745  -35.282  -13.911  35.383 0.1111110002
55758  -35.074  -13.837  34.676 0.1111110002
140503  -34.782  -13.868  34.131 0.1111110002
55760  -37.288  -14.568  34.747 0.2222220004
55774  -37.023  -14.748  33.982 0.2222220004
55773  -35.905  -14.066  33.872 0.1111110002
55775  -38.264  -14.787  33.513 0.2222220004
54871  -37.669  -14.995  33.222 0.2222220004
141852  -43.938  -13.492  31.133 0.3333329856
56805  -42.948  -13.710  29.898 0.2222220004
57832  -50.611  -12.177  23.428 0.1111110002
58717  -51.800  -11.560  23.362 0.2222220004
58719  -53.679  -11.420  23.632 0.3333329856
58705  -54.221  -11.647  24.373 0.3333329856
56869  -51.758  -13.279  24.814 0.3333329856
58706  -55.471  -11.703  24.374 0.2222220004
56833  -56.299  -13.623  26.444 0.2222220004
56843  -56.560  -13.324  25.898 0.2222220004
58672  -56.052  -11.753  27.102 0.2222220004
59585  -56.857  -10.913  26.410 0.2222220004
140535  -55.735  -13.157  25.342 0.2222220004
57792  -56.979  -12.381  25.696 0.2222220004
58679  -57.275  -11.563  25.891 0.2222220004
59586  -57.386  -10.846  25.781 0.2222220004
60559  -55.279  -8.999  25.301 0.2222220004
58688  -56.387  -12.395  24.953 0.2222220004
58689  -57.170  -12.114  25.107 0.2222220004
58708  -57.825  -11.376  24.490 0.2222220004
59596  -57.883  -10.672  25.092 0.2222220004
60561  -57.644  -9.533  24.685 0.2222220004
58707  -56.904  -11.737  24.389 0.2222220004
58723  -58.225  -11.049  23.141 0.2222220004
45823  -43.992  -25.475  33.949 0.2222220004
56832  -55.961  -14.199  26.880 0.3333329856
59579  -56.269  -10.884  26.994 0.2222220004
58678  -56.801  -11.737  26.395 0.2222220004
64141  -54.143  -5.268  30.039 0.2222220004
62418  -53.829  -7.698  25.898 0.2222220004
60560  -56.429  -9.249  25.033 0.2222220004
131301  -44.620  -26.492  33.153 0.1111110002
45838  -43.148  -25.636  32.508 0.1111110002
57791  -56.598  -12.690  26.357 0.2222220004
148150  -54.483  -8.669  25.518 0.2222220004
56741  -38.598  -14.371  34.073 0.2222220004
57833  -51.305  -11.962  23.737 0.2222220004
57819  -50.915  -12.572  23.942 0.2222220004
146601  -56.154  -14.282  26.324 0.3333329856
143811  -56.280  -13.751  25.775 0.3333329856
58735  -52.453  -11.388  22.702 0.3333329856
125813  -37.872  -14.884  34.095 0.2222220004
55902  -56.365  -14.067  26.004 0.2222220004
54870  -36.774  -14.769  33.190 0.1111110002
58720  -54.760  -11.410  23.655 0.2222220004
57823  -54.953  -12.137  24.864 0.2222220004
57805  -56.622  -12.948  25.546 0.2222220004
58690  -57.512  -11.564  25.272 0.2222220004
59610  -58.238  -10.381  24.385 0.2222220004
45560  -21.837  -25.860  50.597 0.4444440007
49404  -39.620  -21.353  30.516 0.1111110002
50436  -39.783  -20.789  30.086 0.1111110002
51383  -41.504  -19.800  29.740 0.1111110002
50426  -40.140  -20.076  30.142 0.1111110002
50439  -42.487  -20.183  29.458 0.1111110002
50457  -42.252  -20.723  28.699 0.1111110002
49456  -42.497  -21.544  27.437 0.1111110002
50456  -41.499  -20.874  28.616 0.1111110002
50438  -41.565  -20.383  29.128 0.1111110002
49438  -42.833  -21.127  28.126 0.1111110002
49475  -43.501  -21.559  26.144 0.1111110002
50458  -43.144  -20.697  28.861 0.1111110002
49488  -43.665  -21.996  25.243 0.1111110002
49489  -44.184  -22.097  24.206 0.1111110002
49491  -46.877  -21.575  25.019 0.1111110002
127044  -47.404  -21.949  26.801 0.1111110002
49501  -44.055  -22.263  23.501 0.1111110002
49490  -44.729  -21.461  24.568 0.1111110002
50459  -43.959  -20.705  29.133 0.1111110002
143771  -43.418  -21.351  27.163 0.1111110002
49439  -43.886  -21.104  28.244 0.1111110002
49457  -44.470  -21.241  27.274 0.1111110002
49476  -44.223  -21.246  26.248 0.1111110002
126236  -44.194  -21.456  25.328 0.1111110002
49477  -45.206  -21.209  26.440 0.1111110002
49478  -46.320  -21.452  26.660 0.1111110002
125056  -45.039  -21.206  25.351 0.1111110002
126105  -45.967  -21.293  24.900 0.1111110002
149567  -44.574  -21.000  28.797 0.1111110002
49440  -44.947  -21.241  28.193 0.1111110002
49458  -45.563  -21.329  27.436 0.1111110002
125523  -46.035  -21.298  25.703 0.1111110002
50437  -40.794  -20.156  29.510 0.1111110002
55729  -35.481  -14.069  36.293 0.2222220004
45571  -23.293  -25.595  49.732 0.2222220004
45583  -23.631  -25.453  48.759 0.2222220004
45584  -24.374  -25.514  48.528 0.2222220004
138044  -25.069  -25.580  48.888 0.2222220004
45581  -21.837  -25.197  49.016 0.2222220004
45582  -22.749  -25.364  48.903 0.2222220004
126260  -23.856  -25.499  47.655 0.2222220004
127607  -24.955  -25.630  47.780 0.1111110002
45569  -21.362  -25.428  49.919 0.2222220004
45598  -21.573  -25.049  47.338 0.1111110002
45580  -20.299  -25.052  48.708 0.1111110002
145678  -42.072  -26.375  36.406 0.1111110002
42152  -39.337  -29.357  36.523 0.1111110002
43040  -39.692  -28.640  36.088 0.1111110002
43042  -41.487  -28.650  36.409 0.1111110002
43920  -42.581  -27.184  36.267 0.1111110002
56804  -42.077  -13.505  29.795 0.1111110002
56787  -42.397  -13.347  30.561 0.1111110002
55832  -43.418  -14.150  29.216 0.1111110002
64975  -53.254  -4.366  29.192 0.1111110002
55833  -44.379  -14.456  29.271 0.1111110002
61473  -49.954  -7.930  25.837 0.1111110002
64984  -52.493  -4.212  28.369 0.1111110002
61493  -48.411  -8.727  24.388 0.1111110002
61494  -48.847  -8.335  24.680 0.1111110002
62450  -49.084  -7.686  24.708 0.1111110002
128957  -47.879  -14.193  26.270 0.1111110002
58685  -47.786  -11.917  25.407 0.1111110002
60557  -47.936  -9.935  24.517 0.1111110002
63371  -49.265  -6.908  24.669 0.1111110002
135624  -49.338  -6.194  24.581 0.1111110002
65873  -51.842  -3.950  27.553 0.1111110002
65874  -52.566  -3.462  27.935 0.1111110002
68684  -60.265  -0.516  16.864 0.1111110002
126492  -60.158  -0.934  16.148 0.1111110002
69643  -60.791  -0.298  14.998 0.1111110002
65882  -52.040  -3.174  27.177 0.1111110002
65875  -53.241  -3.064  28.334 0.1111110002
66755  -55.441  -2.518  28.903 0.1111110002
69644  -60.917  -0.616  14.153 0.1111110002
65881  -51.370  -3.604  26.781 0.1111110002
66769  -51.655  -2.839  26.456 0.1111110002
66763  -53.786  -2.431  28.321 0.1111110002
67630  -55.353  -1.893  28.672 0.1111110002
66754  -54.779  -2.435  28.922 0.1111110002
70526  -60.581  0.613  17.228 0.1111110002
70550  -60.927  0.654  14.290 0.1111110002
66762  -52.821  -2.646  27.531 0.1111110002
67636  -53.468  -1.766  27.400 0.1111110002
67637  -54.520  -1.722  28.308 0.1111110002
135356  -52.661  -2.101  26.857 0.1111110002
66770  -52.239  -2.563  26.813 0.1111110002
71580  -61.108  2.031  15.249 0.1111110002
69641  -60.704  0.164  15.916 0.1111110002
70548  -61.131  1.856  14.512 0.1111110002
67645  -53.480  -1.082  26.798 0.1111110002
67644  -52.831  -1.510  26.470 0.1111110002
68538  -54.392  -0.910  27.572 0.1111110002
69521  -54.154  0.521  26.385 0.1111110002
71581  -61.499  2.899  14.967 0.1111110002
125357  -61.528  2.832  14.117 0.1111110002
70551  -61.165  1.664  13.535 0.1111110002
147290  -61.886  3.681  13.881 0.1111110002
70433  -54.089  1.717  25.380 0.1111110002
142039  -61.748  3.824  15.446 0.1111110002
72569  -61.991  4.049  14.764 0.1111110002
136616  -62.075  4.064  13.158 0.1111110002
73523  -62.733  4.553  6.734 0.1111110002
73441  -62.289  5.304  15.000 0.1111110002
72585  -62.270  4.730  14.213 0.1111110002
73467  -62.426  5.344  13.665 0.1111110002
148728  -62.358  4.827  12.756 0.1111110002
73472  -62.421  4.927  11.906 0.1111110002
125753  -62.733  4.161  9.702 0.1111110002
73497  -63.096  4.481  8.724 0.1111110002
74401  -63.213  5.191  8.241 0.1111110002
140363  -62.513  3.916  6.770 0.1111110002
74416  -63.161  4.822  7.157 0.1111110002
127351  -61.865  4.739  6.800 0.1111110002
74415  -62.560  5.270  6.734 0.1111110002
70443  -57.742  2.344  25.639 0.2222220004
73433  -62.083  5.082  15.645 0.1111110002
74328  -62.061  6.140  15.401 0.1111110002
125546  -62.371  5.979  14.627 0.1111110002
75192  -62.206  6.823  13.330 0.1111110002
74336  -62.332  6.445  14.004 0.1111110002
74350  -62.519  5.880  12.921 0.1111110002
74355  -62.593  5.777  11.801 0.1111110002
149659  -62.582  6.296  11.698 0.1111110002
73477  -62.599  5.015  10.816 0.1111110002
74361  -62.739  5.971  10.794 0.1111110002
130594  -62.884  5.121  9.623 0.1111110002
75223  -62.720  6.687  10.321 0.1111110002
74375  -62.924  5.907  9.424 0.1111110002
136333  -63.107  5.983  8.374 0.1111110002
128519  -63.079  5.779  7.340 0.1111110002
135756  -62.424  6.099  6.753 0.1111110002
74414  -61.664  5.673  6.859 0.1111110002
75259  -62.302  6.752  6.741 0.1111110002
72465  -57.237  4.174  24.890 0.1111110002
71462  -57.348  3.004  25.950 0.2222220004
71470  -58.141  3.752  24.769 0.2222220004
73374  -58.392  4.787  23.552 0.1111110002
73382  -58.768  5.066  22.934 0.2222220004
74314  -60.101  6.137  17.178 0.1111110002
74315  -61.424  6.066  16.419 0.1111110002
74335  -62.053  6.594  14.664 0.1111110002
74334  -61.464  6.690  14.185 0.1111110002
75191  -62.014  6.887  13.911 0.1111110002
75206  -61.952  7.101  13.159 0.1111110002
133930  -62.453  6.515  12.403 0.1111110002
75207  -62.096  7.140  12.585 0.1111110002
75217  -62.467  6.883  11.577 0.1111110002
75225  -62.896  6.551  9.144 0.1111110002
75244  -63.012  6.523  7.999 0.1111110002
75260  -62.747  6.581  7.125 0.1111110002
75258  -61.774  6.583  6.719 0.1111110002
126709  -59.646  6.260  18.579 0.1111110002
147207  -61.162  6.383  16.165 0.1111110002
145124  -61.441  6.498  15.101 0.1111110002
76052  -61.648  7.227  12.595 0.1111110002
76054  -62.055  7.510  11.731 0.1111110002
76069  -62.404  7.464  10.863 0.1111110002
130991  -62.698  7.256  9.797 0.1111110002
76076  -62.672  7.724  9.120 0.1111110002
132736  -62.847  7.059  8.779 0.1111110002
76092  -62.750  7.300  7.831 0.1111110002
139490  -62.491  7.876  7.293 0.1111110002
76104  -61.976  7.287  6.628 0.1111110002
76105  -62.422  7.259  6.909 0.1111110002
131989  -62.109  8.078  6.786 0.1111110002
73411  -58.711  6.077  18.370 0.1111110002
76053  -61.864  7.314  12.327 0.1111110002
76067  -61.436  7.596  11.770 0.1111110002
76068  -61.715  7.810  11.404 0.1111110002
143193  -60.982  8.388  11.033 0.1111110002
76073  -62.383  7.962  10.174 0.1111110002
76963  -62.393  8.489  9.480 0.1111110002
130450  -62.602  8.210  8.311 0.1111110002
131134  -60.565  8.206  7.193 0.1111110002
77855  -62.003  9.130  6.695 0.1111110002
76959  -61.578  8.502  10.681 0.1111110002
76960  -62.007  8.592  10.284 0.1111110002
76972  -62.406  9.146  8.774 0.1111110002
76986  -62.411  8.764  7.458 0.1111110002
77856  -62.357  9.801  7.459 0.1111110002
144239  -62.437  9.425  8.080 0.1111110002
145845  -61.486  9.181  6.526 0.1111110002
77830  -61.624  9.217  10.111 0.1111110002
77880  -62.091  9.964  6.707 0.1111110002
68699  -60.497  -0.803  15.573 0.1111110002
135660  -60.713  1.009  16.621 0.1111110002
70539  -60.903  1.547  15.888 0.1111110002
69631  -60.567  0.012  16.745 0.1111110002
73428  -61.478  5.441  16.985 0.1111110002
124626  -61.005  6.134  17.301 0.1111110002
124321  -60.661  6.186  16.481 0.1111110002
74320  -61.876  5.936  15.977 0.1111110002
71460  -55.110  2.763  25.389 0.1111110002
70434  -54.743  2.145  25.779 0.1111110002
133398  -55.930  3.115  25.878 0.1111110002
72550  -61.778  5.370  16.341 0.1111110002
73364  -57.632  4.516  24.301 0.1111110002
43052  -38.494  -27.568  35.781 0.1111110002
45570  -22.313  -25.501  49.851 0.2222220004
125057  -23.105  -25.390  48.074 0.1111110002
125218  -21.254  -25.029  48.227 0.2222220004
142076  -22.282  -25.231  47.912 0.2222220004
70547  -60.846  0.991  15.129 0.1111110002
68548  -53.819  -0.365  26.636 0.1111110002
73522  -61.524  3.874  7.173 0.1111110002
71468  -56.719  3.569  25.635 0.2222220004
74319  -61.559  6.375  15.897 0.1111110002
71469  -57.638  3.601  25.262 0.2222220004
75205  -61.641  6.981  13.347 0.1111110002
131179  -60.701  6.160  15.635 0.1111110002
76072  -62.010  8.015  10.951 0.1111110002
135142  -61.535  8.044  6.734 0.1111110002
76985  -61.710  8.626  6.635 0.1111110002
77831  -62.080  9.109  9.724 0.1111110002
76984  -61.027  8.816  6.656 0.1111110002
35339  -13.615  -35.947  49.842 0.1111110002
34457  -18.901  -37.741  48.673 0.2222220004
31720  -23.189  -40.268  41.229 0.2222220004
36335  -13.050  -35.346  49.771 0.1111110002
35340  -14.412  -35.902  49.719 0.2222220004
35341  -15.830  -36.214  49.650 0.2222220004
35349  -17.463  -36.886  49.464 0.2222220004
34462  -18.823  -37.388  47.718 0.2222220004
33588  -19.922  -38.507  46.564 0.2222220004
33593  -20.051  -38.631  45.738 0.2222220004
32667  -21.101  -39.772  45.885 0.2222220004
35356  -18.336  -36.979  48.413 0.2222220004
34463  -19.437  -38.019  47.968 0.2222220004
32710  -23.947  -39.096  41.150 0.2222220004
32717  -22.839  -39.022  40.132 0.2222220004
127154  -21.937  -39.157  39.742 0.2222220004
33640  -22.190  -38.576  39.458 0.2222220004
34530  -21.661  -37.761  38.387 0.2222220004
34535  -20.935  -37.728  37.865 0.2222220004
34534  -20.151  -37.710  37.345 0.2222220004
34541  -20.271  -37.262  36.546 0.2222220004
34549  -20.315  -36.940  35.794 0.2222220004
34548  -19.545  -37.109  35.309 0.1111110002
36336  -13.973  -35.273  49.698 0.1111110002
33597  -20.553  -39.102  45.316 0.2222220004
32687  -21.449  -39.532  43.805 0.2222220004
32676  -21.252  -39.700  44.843 0.2222220004
32718  -23.691  -38.703  40.630 0.2222220004
33649  -22.437  -37.855  39.088 0.2222220004
33648  -21.675  -38.252  38.913 0.2222220004
34542  -21.106  -37.200  37.112 0.2222220004
35465  -20.979  -36.796  36.249 0.2222220004
35472  -20.427  -36.679  35.068 0.2222220004
35480  -20.642  -36.395  34.326 0.1111110002
36495  -21.127  -35.958  34.236 0.1111110002
35497  -20.314  -36.298  32.944 0.1111110002
34494  -23.695  -37.836  41.524 0.2222220004
33636  -24.078  -38.254  40.968 0.2222220004
34505  -23.994  -37.671  41.156 0.2222220004
34523  -22.981  -37.188  39.144 0.2222220004
34531  -22.314  -37.175  38.284 0.2222220004
35459  -22.470  -36.535  37.915 0.2222220004
34536  -21.605  -37.343  37.794 0.2222220004
35458  -21.934  -36.845  37.494 0.2222220004
35466  -21.674  -36.494  36.768 0.2222220004
35474  -21.487  -36.098  35.876 0.2222220004
35448  -22.888  -36.525  38.596 0.2222220004
45614  -23.457  -25.508  46.604 0.1111110002
58734  -51.567  -11.433  22.551 0.1111110002
58774  -51.286  -11.483  20.602 0.1111110002
58805  -51.183  -12.161  18.867 0.1111110002
56940  -51.573  -13.290  17.774 0.1111110002
55030  -52.058  -15.269  15.589 0.1111110002
58754  -52.342  -11.440  21.802 0.1111110002
147825  -53.001  -12.107  20.538 0.1111110002
140001  -52.393  -13.492  18.163 0.1111110002
56952  -52.979  -14.132  17.446 0.1111110002
57896  -51.810  -12.885  18.464 0.1111110002
55052  -52.428  -15.760  14.922 0.1111110002
54149  -52.833  -16.239  14.235 0.1111110002
58736  -53.334  -11.374  22.802 0.1111110002
126673  -53.214  -11.505  21.944 0.1111110002
57887  -52.985  -12.919  19.472 0.1111110002
55990  -53.223  -14.465  16.793 0.1111110002
132900  -53.266  -16.725  13.533 0.1111110002
128487  -53.127  -11.760  21.158 0.1111110002
57875  -53.391  -12.631  20.037 0.1111110002
56932  -53.148  -13.650  18.426 0.1111110002
55053  -53.342  -15.705  14.822 0.1111110002
131502  -18.776  -37.369  45.983 0.2222220004
34475  -19.400  -37.974  45.655 0.2222220004
35362  -18.245  -36.804  47.434 0.2222220004
34468  -19.259  -37.814  46.874 0.2222220004
31705  -22.749  -41.081  43.738 0.2222220004
33641  -23.043  -38.322  39.879 0.2222220004
147017  -19.666  -37.282  36.085 0.1111110002
35485  -19.225  -36.774  33.854 0.1111110002
35479  -19.854  -36.757  34.469 0.1111110002
33642  -23.689  -37.975  40.333 0.2222220004
35473  -20.873  -36.568  35.583 0.2222220004
36489  -21.040  -36.224  35.011 0.1111110002
35487  -20.813  -36.156  33.568 0.1111110002
34524  -23.603  -37.273  39.937 0.2222220004
58753  -51.430  -11.398  21.631 0.1111110002
58794  -51.380  -11.817  19.654 0.1111110002
126913  -52.280  -11.612  20.913 0.1111110002
58773  -50.174  -11.377  20.725 0.1111110002
58795  -52.376  -12.125  20.019 0.1111110002
57886  -52.082  -12.536  19.209 0.1111110002
149971  -51.758  -14.079  17.083 0.1111110002
57897  -52.671  -13.230  18.828 0.1111110002
54148  -51.916  -16.269  14.341 0.1111110002
56007  -52.626  -14.867  16.228 0.1111110002
56951  -52.173  -13.882  17.518 0.1111110002
56941  -52.852  -13.851  17.936 0.1111110002
55989  -52.248  -14.377  16.882 0.1111110002
55031  -52.970  -15.303  15.539 0.1111110002
58755  -54.114  -11.903  21.309 0.1111110002
57898  -53.594  -13.404  19.024 0.1111110002
26904  -19.124  -45.215  44.239 0.1111110002
26912  -18.667  -46.109  42.966 0.1111110002
141215  -19.882  -44.768  44.312 0.1111110002
33563  -13.849  -38.468  49.515 0.1111110002
33564  -14.726  -38.319  49.547 0.1111110002
32623  -15.895  -38.985  49.317 0.1111110002
26913  -19.287  -45.559  43.353 0.1111110002
27863  -19.173  -45.525  42.648 0.1111110002
32637  -15.385  -39.420  48.759 0.1111110002
27851  -18.402  -44.577  44.863 0.1111110002
27864  -19.878  -45.042  43.082 0.1111110002
27873  -19.532  -44.718  42.310 0.1111110002
33565  -15.568  -38.257  49.624 0.1111110002
33566  -16.424  -38.270  49.647 0.1111110002
27852  -19.305  -44.541  44.895 0.1111110002
32624  -16.700  -39.116  49.341 0.1111110002
27865  -20.531  -44.434  43.536 0.1111110002
133299  -16.212  -39.506  49.005 0.1111110002
27848  -18.834  -44.119  45.366 0.1111110002
28808  -18.420  -43.686  45.330 0.1111110002
27858  -20.526  -44.435  44.082 0.1111110002
28818  -21.152  -43.672  43.225 0.1111110002
28803  -19.000  -43.511  45.763 0.1111110002
34445  -14.212  -37.438  49.811 0.1111110002
34446  -15.164  -37.455  49.775 0.1111110002
27853  -20.181  -44.244  44.745 0.1111110002
27857  -19.937  -44.986  43.740 0.1111110002
32625  -17.537  -39.270  49.317 0.1111110002
32640  -18.864  -39.688  48.937 0.1111110002
32639  -17.866  -40.022  49.047 0.1111110002
27849  -19.562  -43.967  45.407 0.1111110002
28805  -20.536  -43.515  45.299 0.1111110002
28810  -21.662  -43.163  44.222 0.1111110002
31659  -18.296  -40.754  48.510 0.1111110002
30677  -19.451  -42.131  47.223 0.1111110002
29750  -21.713  -42.442  45.220 0.1111110002
29756  -22.285  -42.482  44.001 0.1111110002
30709  -22.871  -41.749  42.755 0.1111110002
33647  -20.939  -38.236  38.536 0.1111110002
139998  -20.203  -38.741  38.710 0.1111110002
33654  -20.115  -38.206  38.086 0.1111110002
34447  -16.040  -37.437  49.802 0.1111110002
33567  -17.301  -38.361  49.546 0.1111110002
33575  -18.779  -38.745  49.154 0.1111110002
32641  -19.729  -39.521  48.461 0.1111110002
142945  -20.230  -39.443  47.933 0.1111110002
31671  -19.761  -40.885  48.130 0.1111110002
130798  -21.033  -40.509  47.011 0.1111110002
30679  -21.424  -41.451  46.352 0.1111110002
30689  -21.834  -41.770  45.547 0.1111110002
31685  -21.715  -41.109  45.932 0.1111110002
30699  -22.614  -41.787  43.981 0.1111110002
30707  -23.049  -41.414  43.200 0.1111110002
30720  -22.030  -41.317  41.362 0.1111110002
31719  -21.959  -40.671  40.815 0.1111110002
32716  -21.192  -39.534  39.744 0.1111110002
33639  -21.153  -38.822  39.201 0.1111110002
36469  -22.321  -36.173  37.350 0.1111110002
36490  -21.483  -35.466  35.020 0.1111110002
34435  -14.793  -36.625  49.784 0.1111110002
34436  -15.580  -36.707  49.757 0.1111110002
129708  -16.958  -37.360  49.709 0.1111110002
34448  -17.845  -37.662  49.459 0.1111110002
34449  -18.576  -37.989  49.200 0.1111110002
34458  -19.361  -38.325  48.549 0.1111110002
33581  -19.867  -38.752  48.120 0.1111110002
32660  -20.900  -39.807  46.777 0.1111110002
31684  -21.364  -40.475  46.347 0.1111110002
32668  -21.703  -40.539  45.464 0.1111110002
32711  -22.293  -39.785  40.349 0.1111110002
128793  -22.809  -35.930  38.054 0.1111110002
36481  -22.158  -35.724  36.669 0.1111110002
130702  -22.015  -35.182  35.956 0.1111110002
37474  -21.829  -34.527  35.343 0.1111110002
35348  -16.863  -36.636  49.601 0.1111110002
138890  -19.810  -38.429  47.403 0.1111110002
35418  -23.825  -36.691  40.357 0.1111110002
36470  -22.625  -35.407  37.458 0.1111110002
36482  -22.453  -34.866  36.813 0.1111110002
37461  -22.227  -34.273  36.179 0.1111110002
36422  -23.813  -36.116  40.683 0.1111110002
36438  -23.607  -35.932  39.819 0.1111110002
36437  -23.336  -35.202  39.207 0.1111110002
37432  -23.050  -34.482  38.562 0.1111110002
38386  -22.511  -34.017  37.032 0.1111110002
38385  -22.167  -33.419  36.396 0.1111110002
53930  -35.403  -16.113  37.376 0.1111110002
53935  -34.985  -16.293  36.520 0.1111110002
127656  -36.215  -17.699  37.172 0.1111110002
54830  -35.393  -15.091  37.435 0.1111110002
54836  -34.858  -14.731  36.611 0.1111110002
55728  -34.632  -14.293  35.939 0.1111110002
56784  -39.557  -13.428  30.514 0.1111110002
56786  -41.672  -13.237  30.374 0.1111110002
56768  -41.651  -12.965  31.147 0.1111110002
56785  -40.971  -13.038  30.527 0.1111110002
67723  -55.828  -1.513  19.926 0.1111110002
136814  -53.958  -3.076  20.183 0.1111110002
66857  -54.525  -2.573  20.107 0.1111110002
66868  -54.273  -2.384  19.084 0.1111110002
67737  -55.569  -1.442  19.061 0.1111110002
127273  -52.399  -4.011  19.902 0.1111110002
65956  -53.323  -3.391  19.871 0.1111110002
65955  -52.659  -3.458  19.162 0.1111110002
64237  -51.412  -4.887  19.923 0.1111110002
63426  -50.483  -6.134  19.100 0.1111110002
62519  -51.893  -7.551  19.652 0.1111110002
61572  -53.851  -7.755  19.533 0.1111110002
61574  -55.764  -7.607  19.536 0.1111110002
59654  -58.130  -8.720  19.497 0.1111110002
124305  -55.871  -12.140  20.834 0.1111110002
125076  -56.896  -11.659  20.989 0.1111110002
58777  -57.563  -10.985  20.366 0.1111110002
65942  -53.660  -3.390  20.593 0.1111110002
65056  -51.639  -5.132  20.825 0.1111110002
137356  -53.748  -3.496  21.884 0.1111110002
61560  -52.911  -7.750  20.110 0.1111110002
64218  -51.501  -5.771  21.384 0.1111110002
64209  -51.936  -5.462  22.208 0.1111110002
62485  -51.797  -6.841  22.119 0.1111110002
63390  -52.098  -5.768  22.919 0.1111110002
127544  -54.250  -11.390  22.786 0.1111110002
148204  -55.367  -11.424  22.663 0.1111110002
144930  -56.423  -11.698  21.403 0.1111110002
61562  -55.085  -7.785  20.296 0.1111110002
61528  -53.010  -7.852  22.129 0.1111110002
144957  -53.905  -11.530  22.123 0.1111110002
58737  -54.691  -11.614  21.911 0.1111110002
127210  -56.355  -11.499  22.155 0.1111110002
58758  -57.311  -11.392  21.775 0.1111110002
131882  -58.360  -10.319  20.986 0.1111110002
61564  -57.219  -7.703  20.803 0.1111110002
58757  -55.617  -11.722  21.638 0.1111110002
58778  -57.744  -11.134  21.171 0.1111110002
64210  -52.461  -4.984  22.738 0.1111110002
145164  -52.758  -7.639  22.855 0.1111110002
146240  -52.063  -6.360  23.006 0.1111110002
128022  -52.284  -2.987  17.811 0.1111110002
66867  -53.666  -2.448  18.334 0.1111110002
58721  -55.975  -11.460  23.627 0.1111110002
147225  -56.363  -11.378  22.935 0.1111110002
58739  -58.091  -11.086  22.378 0.1111110002
61530  -55.143  -8.012  22.161 0.1111110002
61529  -53.963  -8.036  22.529 0.1111110002
65966  -50.648  -3.686  16.959 0.1111110002
58759  -58.285  -10.739  21.750 0.1111110002
141101  -58.649  -8.842  21.543 0.1111110002
61549  -57.308  -7.916  21.691 0.1111110002
124569  -49.723  -5.975  15.864 0.1111110002
59624  -58.648  -10.159  22.624 0.1111110002
59635  -58.686  -9.733  21.673 0.1111110002
61533  -58.174  -8.539  22.648 0.1111110002
61610  -49.937  -7.902  15.056 0.1111110002
60643  -49.604  -9.192  14.146 0.1111110002
59686  -49.751  -9.975  13.728 0.1111110002
58845  -50.318  -11.319  12.899 0.1111110002
58854  -50.339  -11.413  12.089 0.1111110002
59698  -49.922  -10.153  12.133 0.1111110002
129173  -50.489  -10.242  11.354 0.1111110002
59700  -50.565  -10.908  10.805 0.1111110002
65027  -53.243  -4.277  24.019 0.1111110002
146393  -54.297  -2.008  18.263 0.1111110002
67736  -54.875  -1.773  18.663 0.1111110002
58709  -58.257  -11.037  23.899 0.1111110002
61511  -53.844  -8.145  23.351 0.1111110002
62451  -52.634  -7.210  24.000 0.1111110002
66874  -53.080  -2.465  17.693 0.1111110002
58738  -57.243  -11.347  22.662 0.1111110002
60574  -58.381  -9.139  23.252 0.1111110002
61514  -57.821  -8.518  23.153 0.1111110002
141727  -54.664  -8.177  22.972 0.1111110002
65967  -51.553  -3.148  17.198 0.1111110002
60594  -58.640  -9.011  22.307 0.1111110002
64255  -49.540  -5.259  15.673 0.1111110002
137130  -49.367  -6.684  14.787 0.1111110002
63448  -49.030  -6.075  14.192 0.1111110002
65091  -49.263  -4.642  13.689 0.1111110002
134267  -49.179  -7.876  13.143 0.1111110002
64260  -49.119  -5.444  13.551 0.1111110002
62569  -49.587  -8.101  12.455 0.1111110002
63454  -49.530  -6.281  12.570 0.1111110002
65984  -49.594  -4.198  13.113 0.1111110002
62570  -50.175  -7.940  11.921 0.1111110002
65094  -50.193  -4.563  12.420 0.1111110002
147002  -50.892  -7.868  11.496 0.1111110002
63455  -50.178  -6.338  12.044 0.1111110002
134286  -50.735  -8.665  11.414 0.1111110002
58722  -57.330  -11.430  23.590 0.1111110002
61495  -52.997  -7.796  23.623 0.1111110002
67751  -54.762  -1.489  17.777 0.1111110002
68648  -57.009  -0.738  18.803 0.1111110002
59615  -58.500  -10.192  23.624 0.1111110002
60562  -58.175  -9.535  24.010 0.1111110002
60572  -56.766  -8.814  24.219 0.1111110002
61513  -56.914  -8.366  23.305 0.1111110002
67749  -53.914  -1.941  17.546 0.1111110002
68647  -56.062  -1.006  18.519 0.1111110002
67758  -52.697  -2.094  16.407 0.1111110002
67748  -53.243  -2.044  16.976 0.1111110002
67750  -54.389  -1.460  17.108 0.1111110002
66878  -50.838  -2.873  15.626 0.1111110002
144133  -52.273  -2.095  15.854 0.1111110002
67759  -53.387  -1.693  16.319 0.1111110002
65978  -50.188  -3.352  15.283 0.1111110002
134903  -50.540  -2.848  14.914 0.1111110002
66879  -51.558  -2.366  15.539 0.1111110002
67765  -52.906  -1.691  15.766 0.1111110002
65982  -50.055  -3.164  14.347 0.1111110002
66883  -51.433  -2.129  14.688 0.1111110002
67764  -52.283  -1.741  15.109 0.1111110002
134365  -49.437  -4.056  13.768 0.1111110002
66887  -51.048  -2.258  13.367 0.1111110002
67772  -53.155  -1.251  15.079 0.1111110002
66891  -51.024  -2.652  12.695 0.1111110002
67774  -51.625  -1.725  13.317 0.1111110002
68702  -53.437  -0.871  14.348 0.1111110002
65095  -50.864  -3.630  12.310 0.1111110002
67780  -51.494  -2.011  12.816 0.1111110002
68701  -53.067  -0.858  13.767 0.1111110002
64266  -50.788  -5.514  11.880 0.1111110002
65990  -51.681  -3.001  12.031 0.1111110002
60571  -55.575  -8.813  24.464 0.1111110002
61474  -53.771  -8.161  25.229 0.1111110002
129191  -55.932  -8.560  23.739 0.1111110002
68663  -55.663  -0.978  17.639 0.1111110002
125082  -53.886  -1.622  16.778 0.1111110002
68664  -56.655  -0.709  17.948 0.1111110002
142079  -53.929  -1.397  16.225 0.1111110002
67761  -54.987  -1.087  16.976 0.1111110002
68678  -55.087  -0.819  16.065 0.1111110002
68679  -55.759  -0.739  16.759 0.1111110002
142383  -54.702  -0.777  15.301 0.1111110002
68704  -55.521  -0.531  15.088 0.1111110002
68718  -53.047  -0.806  13.012 0.1111110002
65097  -51.230  -4.567  11.881 0.1111110002
62433  -53.355  -7.489  25.230 0.1111110002
125892  -58.311  -0.595  17.320 0.1111110002
30715  -23.194  -41.257  42.214 0.1111110002
31715  -22.924  -41.026  41.612 0.1111110002
62432  -52.908  -7.041  24.787 0.1111110002
63356  -52.963  -6.252  24.896 0.1111110002
65931  -53.574  -3.591  22.572 0.1111110002
65042  -52.640  -4.550  22.088 0.1111110002
65937  -53.516  -3.625  21.244 0.1111110002
66842  -54.204  -3.029  20.727 0.1111110002
67712  -55.310  -2.018  20.456 0.1111110002
65026  -52.918  -4.572  23.451 0.1111110002
64182  -52.659  -5.752  24.245 0.1111110002
128362  -52.301  -6.102  23.583 0.1111110002
148174  -56.339  -0.674  17.254 0.1111110002
37418  -23.231  -34.564  39.525 0.1111110002
38374  -22.712  -33.817  37.887 0.1111110002
53010  -35.851  -16.944  37.533 0.1111110002
61497  -54.491  -8.650  24.763 0.1111110002
33594  -20.507  -39.143  46.292 0.1111110002
35434  -23.398  -36.549  39.458 0.1111110002
134425  -15.176  -38.895  49.258 0.1111110002
28813  -21.163  -43.817  43.897 0.1111110002
31658  -17.336  -40.540  48.420 0.1111110002
28809  -20.969  -43.748  44.453 0.1111110002
32626  -18.268  -39.285  49.254 0.1111110002
31661  -20.125  -40.160  48.102 0.1111110002
28806  -21.398  -43.075  44.867 0.1111110002
29749  -21.128  -42.846  45.528 0.1111110002
28814  -21.806  -43.118  43.656 0.1111110002
28819  -21.818  -43.022  43.049 0.1111110002
29743  -20.335  -42.339  46.782 0.1111110002
30678  -20.378  -41.679  47.297 0.1111110002
127974  -22.225  -42.119  44.716 0.1111110002
29744  -21.248  -42.244  46.133 0.1111110002
31693  -22.208  -41.367  44.868 0.1111110002
30706  -22.733  -41.983  43.454 0.1111110002
32723  -19.618  -39.181  38.808 0.1111110002
33576  -19.373  -38.854  48.802 0.1111110002
32651  -20.636  -39.928  47.518 0.1111110002
30670  -20.485  -40.843  47.650 0.1111110002
31678  -21.382  -40.924  46.570 0.1111110002
146269  -20.975  -41.778  46.779 0.1111110002
35449  -23.223  -35.846  38.901 0.1111110002
36455  -23.012  -35.208  38.301 0.1111110002
37447  -22.777  -34.603  37.674 0.1111110002
131794  -34.920  -15.511  36.873 0.1111110002
66856  -53.932  -2.885  19.659 0.1111110002
65057  -52.201  -4.493  20.693 0.1111110002
64227  -51.259  -5.607  20.523 0.1111110002
65954  -51.798  -4.048  19.183 0.1111110002
65067  -50.713  -5.322  19.172 0.1111110002
64226  -50.841  -5.803  19.886 0.1111110002
62517  -50.751  -6.765  19.241 0.1111110002
62520  -52.903  -7.721  19.123 0.1111110002
62507  -51.598  -7.311  20.302 0.1111110002
62518  -51.152  -7.107  19.747 0.1111110002
62531  -52.043  -7.574  18.633 0.1111110002
128308  -54.655  -7.745  19.820 0.1111110002
61573  -54.749  -7.664  19.173 0.1111110002
61586  -54.097  -7.602  18.363 0.1111110002
130275  -56.768  -7.611  18.738 0.1111110002
60612  -58.405  -8.532  20.235 0.1111110002
61576  -57.999  -7.784  20.418 0.1111110002
58756  -55.051  -12.022  21.209 0.1111110002
58776  -56.438  -11.951  20.306 0.1111110002
63418  -51.159  -6.205  20.577 0.1111110002
65041  -52.080  -4.920  21.552 0.1111110002
65936  -52.790  -4.223  21.351 0.1111110002
125668  -51.711  -7.242  21.006 0.1111110002
63407  -51.517  -6.623  21.389 0.1111110002
146906  -52.253  -4.986  22.160 0.1111110002
61545  -53.012  -7.806  21.087 0.1111110002
62495  -52.296  -7.525  21.480 0.1111110002
62486  -52.230  -7.336  22.344 0.1111110002
61561  -54.032  -7.854  20.515 0.1111110002
61546  -54.001  -7.947  21.596 0.1111110002
60602  -58.648  -9.226  20.903 0.1111110002
150439  -57.931  -7.850  21.147 0.1111110002
61548  -56.221  -7.866  21.433 0.1111110002
61563  -56.105  -7.717  20.483 0.1111110002
63391  -52.303  -6.747  23.458 0.1111110002
61510  -53.291  -7.883  22.909 0.1111110002
65079  -50.305  -4.508  17.453 0.1111110002
65083  -50.043  -4.261  16.615 0.1111110002
65974  -51.082  -3.054  16.391 0.1111110002
61565  -58.453  -8.271  21.000 0.1111110002
61550  -58.207  -8.223  21.863 0.1111110002
61531  -56.483  -8.060  22.374 0.1111110002
64252  -49.742  -5.531  16.487 0.1111110002
62555  -49.792  -7.104  15.262 0.1111110002
125178  -49.390  -5.773  15.090 0.1111110002
65082  -49.698  -4.784  16.174 0.1111110002
61532  -57.553  -8.196  22.535 0.1111110002
62560  -49.412  -7.560  14.561 0.1111110002
61622  -50.064  -8.775  14.830 0.1111110002
140382  -49.126  -7.979  13.937 0.1111110002
60648  -49.456  -9.369  13.325 0.1111110002
59694  -49.963  -10.669  13.297 0.1111110002
61624  -49.282  -8.621  13.652 0.1111110002
59696  -49.640  -10.103  12.916 0.1111110002
59697  -49.967  -10.765  12.500 0.1111110002
140035  -50.544  -11.502  11.283 0.1111110002
57959  -50.734  -12.015  11.685 0.1111110002
60650  -49.647  -9.430  12.502 0.1111110002
60652  -50.185  -9.450  11.731 0.1111110002
61628  -49.857  -8.705  12.089 0.1111110002
58858  -50.661  -11.548  10.413 0.1111110002
66873  -52.457  -2.524  17.086 0.1111110002
60573  -57.715  -8.875  23.825 0.1111110002
124742  -55.657  -8.251  23.052 0.1111110002
126010  -49.342  -5.000  15.007 0.1111110002
65973  -50.406  -3.525  16.123 0.1111110002
64257  -49.161  -5.172  14.387 0.1111110002
62564  -49.033  -7.084  13.861 0.1111110002
65981  -49.577  -3.747  14.171 0.1111110002
138621  -49.140  -6.945  13.004 0.1111110002
64262  -49.382  -5.645  12.830 0.1111110002
62567  -49.676  -7.235  12.355 0.1111110002
64263  -49.859  -5.519  12.394 0.1111110002
65985  -49.845  -3.516  13.478 0.1111110002
65987  -50.076  -3.774  12.778 0.1111110002
133951  -50.526  -7.175  11.775 0.1111110002
61512  -54.785  -8.472  23.777 0.1111110002
61496  -53.712  -8.241  24.240 0.1111110002
65977  -49.679  -3.833  14.883 0.1111110002
67766  -53.612  -1.337  15.707 0.1111110002
66882  -50.770  -2.497  14.249 0.1111110002
67770  -51.904  -1.592  14.167 0.1111110002
68694  -53.981  -0.921  15.000 0.1111110002
124338  -51.826  -3.860  11.759 0.1111110002
130814  -56.072  -0.545  15.976 0.1111110002
30669  -19.642  -41.500  47.766 0.1111110002
30710  -23.293  -41.132  42.559 0.1111110002
30714  -22.561  -41.658  41.975 0.1111110002
31660  -19.339  -40.418  48.483 0.1111110002
32638  -16.910  -39.925  48.978 0.1111110002
32677  -22.058  -40.444  44.394 0.2222220004
32724  -20.286  -39.326  39.258 0.1111110002
33568  -18.115  -38.537  49.393 0.1111110002
33582  -20.351  -39.108  47.284 0.1111110002
33596  -19.909  -38.473  44.857 0.2222220004
34437  -16.318  -36.713  49.710 0.1111110002
34456  -18.183  -37.261  49.123 0.2222220004
34481  -19.248  -37.794  44.488 0.4444440007
34493  -23.151  -37.902  41.959 0.3333329856
34515  -23.989  -37.468  40.732 0.2222220004
35354  -16.954  -36.243  49.397 0.3333329856
35382  -18.216  -36.462  43.626 0.5555559993
35386  -18.673  -36.270  42.819 0.5555559993
35395  -32.567  -36.257  42.583 0.2222220004
35403  -31.862  -36.339  42.570 0.1111110002
35405  -33.723  -36.317  41.895 0.1111110002
35406  -34.427  -36.257  41.503 0.1111110002
35419  -33.267  -36.459  41.580 0.2222220004
35422  -35.445  -36.518  40.733 0.1111110002
36372  -29.887  -35.346  45.087 0.1111110002
36383  -31.927  -34.927  44.075 0.2222220004
36394  -30.064  -35.482  43.420 0.1111110002
36395  -30.727  -35.908  43.897 0.1111110002
36396  -31.456  -35.924  43.773 0.2222220004
36399  -17.969  -34.749  43.017 0.4444440007
36404  -23.265  -36.314  41.976 0.3333329856
36408  -33.262  -36.052  42.419 0.2222220004
36416  -35.999  -35.474  41.287 0.1111110002
36423  -31.810  -35.889  41.081 0.1111110002
36425  -33.435  -36.347  40.728 0.1111110002
37345  -29.397  -34.421  46.358 0.3333329856
37354  -30.522  -34.775  45.427 0.1111110002
37355  -31.118  -34.605  44.979 0.2222220004
37365  -29.369  -35.052  44.693 0.1111110002
37372  -17.869  -34.065  43.295 0.5555559993
37389  -22.916  -35.096  42.504 0.2222220004
37400  -31.070  -35.546  41.306 0.1111110002
37401  -34.612  -35.255  41.823 0.2222220004
37421  -32.291  -35.074  39.369 0.1111110002
37424  -38.918  -34.595  39.597 0.1111110002
37435  -33.366  -34.902  38.335 0.1111110002
38255  -12.470  -33.465  49.043 0.1111110002
38266  -28.553  -33.711  47.304 0.3333329856
38298  -28.380  -33.928  44.745 0.3333329856
38306  -19.482  -33.925  43.734 0.5555559993
38329  -22.300  -33.809  42.050 0.2222220004
38331  -29.392  -33.702  41.448 0.2222220004
38345  -35.203  -33.903  40.813 0.2222220004
38346  -36.519  -34.008  40.681 0.1111110002
38365  -32.259  -33.813  37.548 0.1111110002
39234  -28.645  -32.336  40.651 0.3333329856
39244  -32.975  -32.064  39.930 0.2222220004
39245  -33.680  -32.380  39.601 0.2222220004
39258  -34.052  -31.849  38.783 0.1111110002
40137  -27.041  -31.887  44.249 0.3333329856
40154  -26.776  -31.214  42.967 0.3333329856
40158  -32.219  -31.168  42.122 0.2222220004
40167  -27.722  -31.414  40.933 0.3333329856
40184  -28.182  -31.653  39.544 0.2222220004
40191  -27.690  -31.146  38.478 0.2222220004
40194  -37.022  -31.993  38.524 0.1111110002
40203  -21.275  -31.499  37.559 0.1111110002
40205  -28.381  -31.660  37.318 0.1111110002
40230  -29.424  -31.810  35.523 0.1111110002
41027  -25.628  -30.968  49.019 0.4444440007
41028  -27.522  -31.281  48.920 0.6666669846
41042  -29.309  -30.719  47.651 0.7777780294
41119  -20.834  -30.341  40.394 0.2222220004
41120  -21.152  -29.911  40.897 0.2222220004
41121  -25.371  -29.853  40.439 0.1111110002
41125  -33.004  -30.356  40.893 0.2222220004
41140  -33.735  -30.443  38.501 0.1111110002
41147  -34.205  -30.339  37.838 0.1111110002
41160  -26.641  -30.307  36.742 0.1111110002
41161  -27.800  -31.220  36.103 0.1111110002
41184  -27.430  -30.729  34.418 0.1111110002
41215  -29.491  -30.560  32.678 0.1111110002
41216  -30.337  -30.775  32.796 0.1111110002
41237  -31.466  -30.346  31.187 0.1111110002
42033  -23.027  -28.906  45.527 0.3333329856
42046  -23.425  -29.153  44.079 0.2222220004
42048  -25.052  -29.803  44.693 0.3333329856
42080  -34.391  -29.588  42.729 0.6666669846
42088  -21.714  -29.572  41.908 0.2222220004
42091  -24.174  -29.488  41.828 0.2222220004
42104  -24.512  -29.508  40.318 0.1111110002
42123  -34.050  -29.493  39.652 0.1111110002
42127  -22.934  -29.060  38.725 0.1111110002
42137  -25.207  -29.357  37.968 0.1111110002
42139  -25.991  -29.771  37.841 0.1111110002
42151  -38.582  -28.565  35.910 0.2222220004
42163  -26.093  -29.926  35.404 0.1111110002
42213  -28.724  -29.912  31.611 0.1111110002
42244  -27.942  -29.246  29.757 0.1111110002
42278  -27.308  -29.496  27.970 0.1111110002
42893  -20.772  -28.306  51.305 0.6666669846
42904  -24.120  -28.919  50.596 0.5555559993
42917  -28.713  -27.850  48.973 0.4444440007
42964  -36.283  -27.835  45.302 0.8888890147
43028  -23.372  -28.767  37.373 0.1111110002
43049  -23.777  -28.602  35.899 0.1111110002
43053  -39.282  -27.906  35.707 0.1111110002
43120  -26.669  -28.763  29.240 0.1111110002
43136  -26.318  -28.806  28.530 0.1111110002
43835  -33.930  -26.859  46.780 0.7777780294
43845  -36.725  -26.846  45.248 0.8888890147
43864  -38.031  -28.109  43.530 0.8888890147
43875  -39.415  -27.196  41.894 0.8888890147
43903  -36.163  -27.861  38.236 0.1111110002
43918  -41.232  -28.007  35.971 0.1111110002
43922  -44.557  -27.404  36.259 0.1111110002
43925  -39.812  -27.370  35.721 0.2222220004
43929  -45.504  -27.310  35.159 0.2222220004
44647  -27.768  -26.033  49.110 0.4444440007
44659  -30.603  -25.821  47.792 0.3333329856
44661  -32.717  -26.142  47.343 0.6666669846
44675  -35.843  -26.243  45.790 0.7777780294
44682  -26.723  -25.963  45.770 0.1111110002
44701  -38.475  -26.628  43.942 0.8888890147
45642  -35.861  -25.004  45.806 0.8888890147
45684  -40.661  -24.814  42.511 0.8888890147
45697  -41.435  -24.796  41.514 0.8888890147
45709  -40.797  -25.549  40.653 0.7777780294
45746  -38.881  -25.872  36.975 0.4444440007
45767  -39.672  -25.782  36.723 0.2222220004
45806  -44.162  -25.119  34.576 0.5555559993
45837  -42.453  -24.899  32.767 0.1111110002
46571  -38.406  -24.374  44.544 0.8888890147
46591  -40.408  -24.307  42.927 0.8888890147
46621  -42.512  -23.731  40.418 0.7777780294
46687  -44.540  -24.879  36.061 0.5555559993
47467  -37.370  -23.001  44.850 0.5555559993
47498  -42.798  -23.160  40.164 0.8888890147
47517  -36.645  -23.639  38.258 0.1111110002
47519  -42.973  -23.503  39.012 0.8888890147
48329  -42.977  -22.745  39.873 0.8888890147
48359  -42.785  -22.218  36.288 0.6666669846
49275  -42.604  -21.875  41.032 1.0000000000
49319  -42.902  -21.557  37.529 0.7777780294
49320  -42.990  -21.266  38.339 0.8888890147
49368  -40.342  -21.565  33.625 0.4444440007
49393  -49.139  -21.808  31.658 0.8888890147
49423  -50.636  -22.329  29.610 0.3333329856
49447  -50.911  -22.055  29.065 0.3333329856
50297  -42.833  -20.649  40.844 1.0000000000
50298  -42.970  -20.078  40.711 1.0000000000
50323  -43.186  -20.485  40.023 1.0000000000
50373  -41.172  -20.827  35.759 0.6666669846
50383  -39.758  -19.895  34.058 0.4444440007
50408  -39.617  -20.245  32.623 0.2222220004
50410  -49.835  -21.156  33.543 1.0000000000
50425  -39.693  -20.502  30.751 0.1111110002
50440  -43.373  -20.357  29.485 0.1111110002
50506  -49.077  -20.614  24.708 0.1111110002
51206  -38.993  -20.203  44.058 1.0000000000
51222  -42.997  -19.306  40.801 1.0000000000
51276  -42.278  -19.990  37.961 0.7777780294
51299  -40.213  -19.524  35.617 0.6666669846
51335  -51.015  -19.269  33.609 1.0000000000
51345  -39.714  -19.479  32.316 0.3333329856
51369  -39.899  -19.726  30.924 0.2222220004
51371  -41.217  -19.271  30.330 0.1111110002
51382  -40.774  -19.666  29.988 0.3333329856
51393  -51.855  -20.300  28.988 0.6666669846
52133  -38.380  -18.577  42.390 0.7777780294
52149  -43.058  -18.611  40.641 1.0000000000
52180  -40.043  -17.891  35.794 0.6666669846
52188  -39.865  -18.171  34.502 0.4444440007
52199  -39.849  -18.478  33.750 0.4444440007
52212  -40.252  -18.471  32.475 0.3333329856
52232  -41.249  -18.513  31.501 0.3333329856
52263  -53.763  -18.093  28.422 0.6666669846
52982  -42.018  -17.299  41.785 1.0000000000
52988  -42.531  -17.442  41.368 1.0000000000
52994  -42.895  -17.149  40.623 1.0000000000
53024  -40.128  -17.428  35.277 0.4444440007
53028  -48.417  -17.503  35.991 1.0000000000
53042  -40.130  -17.733  33.956 0.3333329856
53044  -41.645  -17.276  33.416 0.3333329856
53056  -40.653  -17.967  32.793 0.3333329856
53105  -54.138  -17.700  27.962 0.7777780294
53149  -46.784  -17.039  21.727 0.1111110002
53162  -44.758  -17.126  20.682 0.1111110002
53936  -40.511  -16.477  36.383 0.6666669846
53992  -51.482  -15.987  32.564 0.6666669846
54032  -48.812  -16.817  28.815 0.3333329856
54049  -48.105  -16.282  27.496 0.3333329856
54081  -46.885  -16.313  21.607 0.1111110002
54779  -40.636  -15.326  42.047 1.0000000000
54781  -42.104  -15.798  41.603 1.0000000000
54797  -37.998  -14.868  41.144 0.7777780294
54831  -40.790  -15.853  36.777 0.6666669846
54848  -41.438  -15.377  35.779 0.7777780294
54853  -48.083  -15.655  36.242 0.8888890147
54904  -52.779  -15.508  31.956 0.7777780294
55650  -39.627  -14.574  41.828 0.7777780294
55886  -48.022  -15.082  26.619 0.2222220004
55965  -46.127  -14.234  20.480 0.1111110002
56633  -40.930  -13.879  41.829 1.0000000000
56788  -43.377  -13.501  30.749 0.3333329856
57658  -42.184  -12.262  40.749 1.0000000000
57703  -46.203  -11.934  36.479 0.7777780294
58608  -43.961  -10.852  38.150 1.0000000000
58619  -45.600  -11.529  36.879 1.0000000000
58629  -43.153  -11.698  35.068 0.6666669846
58669  -49.646  -11.640  27.339 0.3333329856
58676  -48.659  -11.902  26.268 0.3333329856
59594  -48.658  -10.626  25.504 0.2222220004
59699  -50.234  -10.847  11.705 0.1111110002
60558  -48.820  -8.972  24.907 0.1111110002
60570  -47.828  -9.197  24.071 0.2222220004
61418  -54.269  -7.804  30.630 0.5555559993
61547  -55.070  -7.899  21.088 0.1111110002
61621  -49.502  -8.369  14.383 0.1111110002
61626  -49.378  -8.706  12.834 0.1111110002
62409  -51.306  -7.718  27.575 0.3333329856
62431  -49.614  -7.381  25.255 0.1111110002
62449  -48.534  -7.944  24.172 0.1111110002
62452  -53.149  -7.654  24.546 0.1111110002
62470  -52.032  -6.810  22.753 0.1111110002
62471  -52.434  -7.272  23.192 0.1111110002
62494  -51.827  -7.150  21.698 0.1111110002
62505  -50.871  -6.474  19.835 0.1111110002
62506  -51.278  -6.836  20.477 0.1111110002
62530  -51.126  -7.252  18.858 0.1111110002
63328  -50.985  -6.243  27.143 0.2222220004
63330  -55.266  -6.205  27.695 0.3333329856
63372  -52.561  -6.552  24.182 0.1111110002
63399  -51.749  -6.262  22.289 0.1111110002
63451  -49.091  -6.245  13.315 0.1111110002
64170  -54.013  -5.902  26.091 0.2222220004
64199  -52.522  -5.346  23.531 0.1111110002
64977  -55.479  -4.440  29.194 0.2222220004
65012  -53.456  -4.473  24.602 0.2222220004
65086  -49.538  -4.541  15.322 0.1111110002
65089  -49.362  -4.390  14.457 0.1111110002
65093  -49.469  -4.947  12.902 0.1111110002
65865  -53.201  -3.682  28.745 0.1111110002
65890  -50.386  -3.650  25.597 0.1111110002
65892  -54.023  -4.020  25.043 0.2222220004
65930  -53.267  -3.985  21.959 0.1111110002
65941  -52.992  -3.852  20.598 0.1111110002
65972  -49.854  -4.031  15.751 0.1111110002
66772  -56.488  -1.865  27.504 0.3333329856
66791  -50.268  -2.460  24.625 0.1111110002
66835  -54.648  -2.634  21.964 0.2222220004
66876  -51.843  -2.542  16.370 0.1111110002
66886  -50.440  -2.816  13.474 0.1111110002
66890  -50.357  -3.208  12.892 0.1111110002
67631  -55.855  -1.485  28.417 0.2222220004
67667  -54.871  -1.908  24.197 0.2222220004
67677  -49.451  -1.568  23.271 0.1111110002
67722  -55.064  -1.977  19.552 0.1111110002
67738  -56.376  -1.060  19.383 0.1111110002
67760  -54.426  -1.239  16.494 0.1111110002
67767  -54.297  -1.091  15.800 0.1111110002
67771  -52.733  -1.184  14.383 0.1111110002
67775  -52.396  -1.185  13.534 0.1111110002
68541  -56.552  -0.476  27.669 0.2222220004
68587  -51.629  0.143  23.772 0.1111110002
68619  -57.574  -0.415  21.079 0.2222220004
69525  -57.167  1.537  26.764 0.3333329856
69586  -50.557  0.434  21.396 0.1111110002
69606  -60.245  0.493  19.080 0.2222220004
70426  -56.181  2.130  26.812 0.2222220004
72466  -57.885  4.235  24.616 0.2222220004
74280  -59.059  5.670  21.717 0.3333329856
126196  -54.459  2.008  22.824 0.2222220004
126319  -42.901  -21.671  26.740 0.1111110002
126482  -42.583  -14.760  40.685 1.0000000000
127340  -44.877  -26.631  36.104 0.2222220004
127498  -43.662  -23.098  37.228 0.7777780294
127547  -21.007  -25.178  49.151 0.2222220004
128966  -30.420  -32.562  36.636 0.1111110002
130255  -34.317  -36.215  39.757 0.1111110002
130588  -23.180  -37.742  39.640 0.2222220004
131141  -36.351  -27.989  39.055 0.2222220004
131908  -36.773  -29.071  42.277 0.6666669846
133729  -42.100  -24.367  40.325 0.7777780294
134315  -43.145  -19.281  40.482 1.0000000000
134566  -57.215  0.991  26.683 0.3333329856
134608  -19.053  -38.312  48.938 0.1111110002
135543  -53.877  -5.195  25.642 0.2222220004
135793  -55.358  -1.333  18.316 0.1111110002
135936  -40.337  -12.003  35.908 0.6666669846
136433  -21.048  -41.173  46.994 0.1111110002
136464  -51.277  -2.022  13.928 0.1111110002
137379  -31.474  -33.447  37.551 0.1111110002
138247  -39.050  -19.446  43.620 0.8888890147
138361  -37.032  -33.634  40.336 0.1111110002
138411  -21.919  -42.642  44.583 0.1111110002
138671  -41.624  -22.142  41.948 1.0000000000
138988  -15.171  -36.024  49.672 0.2222220004
139228  -30.393  -33.980  39.471 0.1111110002
139257  -42.657  -21.216  41.054 0.8888890147
139611  -55.876  -13.500  27.099 0.4444440007
140394  -40.398  -16.876  35.008 0.5555559993
140460  -24.697  -29.436  45.899 0.3333329856
140973  -52.185  -7.570  20.611 0.1111110002
141412  -40.243  -20.728  34.383 0.4444440007
141676  -39.138  -27.237  35.730 0.2222220004
142115  -58.053  -7.961  19.731 0.1111110002
142364  -60.448  -0.530  16.252 0.1111110002
142623  -42.724  -15.693  40.719 1.0000000000
142830  -44.476  -26.020  33.798 0.1111110002
143304  -19.918  -35.743  42.353 0.5555559993
143958  -37.282  -27.173  38.611 0.1111110002
144243  -16.896  -33.988  44.228 0.5555559993
144256  -36.368  -32.836  39.473 0.1111110002
144716  -21.640  -29.545  45.275 0.2222220004
144829  -35.354  -31.729  38.099 0.1111110002
145444  -57.762  3.044  25.552 0.2222220004
145573  -35.491  -35.887  41.377 0.1111110002
145602  -25.016  -29.088  35.815 0.1111110002
145881  -40.435  -11.133  38.828 0.8888890147
146328  -39.198  -14.571  41.735 0.7777780294
146846  -50.994  -2.515  15.023 0.1111110002
146943  -38.098  -21.928  44.505 0.5555559993
147735  -41.815  -18.462  41.892 1.0000000000
148162  -47.811  -21.068  32.351 0.8888890147
148537  -45.553  -20.527  30.523 0.4444440007
148664  -51.317  -2.694  15.990 0.1111110002
148885  -40.968  -19.406  42.501 1.0000000000
148972  -20.511  -38.086  42.625 0.4444440007
149005  -49.666  -6.435  15.411 0.1111110002
149036  -33.583  -35.667  42.382 0.2222220004
149239  -29.671  -34.064  46.498 0.1111110002
149258  -29.245  -32.562  38.540 0.1111110002
149455  -17.454  -35.867  44.643 0.4444440007
149690  -36.322  -23.654  45.198 0.5555559993
149701  -30.883  -33.740  38.524 0.1111110002
149762  -47.640  -16.882  28.356 0.1111110002
149778  -56.093  -14.307  25.884 0.3333329856
149831  -49.474  -13.258  27.740 0.3333329856
150126  -48.881  -22.145  30.262 0.4444440007
