global_signal	global_signal_derivative1	global_signal_power2	global_signal_derivative1_power2	csf	csf_derivative1	csf_power2	csf_derivative1_power2	white_matter	white_matter_derivative1	white_matter_derivative1_power2	white_matter_power2	csf_wm	tcompcor	std_dvars	dvars	framewise_displacement	rmsd	t_comp_cor_00	t_comp_cor_01	t_comp_cor_02	t_comp_cor_03	c_comp_cor_00	c_comp_cor_01	c_comp_cor_02	c_comp_cor_03	c_comp_cor_04	c_comp_cor_05	c_comp_cor_06	c_comp_cor_07	c_comp_cor_08	c_comp_cor_09	c_comp_cor_10	c_comp_cor_11	w_comp_cor_00	w_comp_cor_01	w_comp_cor_02	w_comp_cor_03	w_comp_cor_04	w_comp_cor_05	w_comp_cor_06	w_comp_cor_07	w_comp_cor_08	w_comp_cor_09	w_comp_cor_10	w_comp_cor_11	w_comp_cor_12	w_comp_cor_13	w_comp_cor_14	w_comp_cor_15	w_comp_cor_16	w_comp_cor_17	w_comp_cor_18	w_comp_cor_19	w_comp_cor_20	w_comp_cor_21	w_comp_cor_22	w_comp_cor_23	w_comp_cor_24	w_comp_cor_25	w_comp_cor_26	w_comp_cor_27	w_comp_cor_28	w_comp_cor_29	w_comp_cor_30	w_comp_cor_31	w_comp_cor_32	w_comp_cor_33	w_comp_cor_34	w_comp_cor_35	w_comp_cor_36	w_comp_cor_37	w_comp_cor_38	w_comp_cor_39	w_comp_cor_40	w_comp_cor_41	w_comp_cor_42	w_comp_cor_43	w_comp_cor_44	w_comp_cor_45	w_comp_cor_46	w_comp_cor_47	w_comp_cor_48	w_comp_cor_49	w_comp_cor_50	w_comp_cor_51	w_comp_cor_52	w_comp_cor_53	w_comp_cor_54	w_comp_cor_55	a_comp_cor_00	a_comp_cor_01	a_comp_cor_02	a_comp_cor_03	a_comp_cor_04	a_comp_cor_05	a_comp_cor_06	a_comp_cor_07	a_comp_cor_08	a_comp_cor_09	a_comp_cor_10	a_comp_cor_11	a_comp_cor_12	a_comp_cor_13	a_comp_cor_14	a_comp_cor_15	a_comp_cor_16	a_comp_cor_17	a_comp_cor_18	a_comp_cor_19	a_comp_cor_20	a_comp_cor_21	a_comp_cor_22	a_comp_cor_23	a_comp_cor_24	a_comp_cor_25	a_comp_cor_26	a_comp_cor_27	a_comp_cor_28	a_comp_cor_29	a_comp_cor_30	a_comp_cor_31	a_comp_cor_32	a_comp_cor_33	a_comp_cor_34	a_comp_cor_35	a_comp_cor_36	a_comp_cor_37	a_comp_cor_38	a_comp_cor_39	a_comp_cor_40	a_comp_cor_41	a_comp_cor_42	a_comp_cor_43	a_comp_cor_44	a_comp_cor_45	a_comp_cor_46	a_comp_cor_47	a_comp_cor_48	a_comp_cor_49	a_comp_cor_50	a_comp_cor_51	edge_comp_00	edge_comp_01	edge_comp_02	edge_comp_03	edge_comp_04	edge_comp_05	edge_comp_06	edge_comp_07	edge_comp_08	edge_comp_09	edge_comp_10	edge_comp_11	edge_comp_12	edge_comp_13	edge_comp_14	edge_comp_15	edge_comp_16	edge_comp_17	edge_comp_18	edge_comp_19	edge_comp_20	edge_comp_21	edge_comp_22	edge_comp_23	cosine00	cosine01	cosine02	cosine03	cosine04	trans_x	trans_x_derivative1	trans_x_derivative1_power2	trans_x_power2	trans_y	trans_y_derivative1	trans_y_power2	trans_y_derivative1_power2	trans_z	trans_z_derivative1	trans_z_derivative1_power2	trans_z_power2	rot_x	rot_x_derivative1	rot_x_power2	rot_x_derivative1_power2	rot_y	rot_y_derivative1	rot_y_power2	rot_y_derivative1_power2	rot_z	rot_z_derivative1	rot_z_derivative1_power2	rot_z_power2	motion_outlier00	motion_outlier01
192.8523721429061	n/a	37192.03744114595	n/a	286.16336107590166	n/a	81889.46922225687	n/a	180.29471182657213	n/a	n/a	32506.183112626688	195.9124653519145	201.4680605143488	n/a	n/a	n/a	n/a	-0.0921927633	0.0713238036	-0.0601023294	0.044179707	-0.0174829055	0.0412210448	0.0268987029	-0.0368335712	0.1299512241	-0.0068466672	0.0920984319	-0.1605621879	0.0526152444	-0.1121956897	0.0532535094	-0.0916755874	0.1880567048	-0.1290588947	0.0461963584	-0.1077319129	0.2516176849	0.0327812945	-0.1189026973	0.032361509	-0.0752857316	0.0762265561	-0.0646470487	0.0421034963	-0.0774106025	0.100226599	-0.0250755916	0.0246890698	-0.0046544972	0.0033861827	-0.0585082086	0.0359562009	-0.0684626221	0.0397964145	-0.089820513	0.0403744567	-0.1076673261	0.0114692597	-0.1299047629	0.033716632	-0.107933375	-0.0745010411	0.0473741896	-0.0978938255	0.015459061	0.0682165396	-0.0094262315	-0.0030097031	-0.0189550688	0.0109589537	0.0023939667	-0.1501498604	0.0922731992	0.0815760718	-0.1131651902	-0.0416025506	-0.1357118647	0.0671100162	-0.0420040078	-0.0560884151	-0.1111325305	0.020170927	0.0355015366	0.1210570728	-0.0703610861	-0.0620464457	-0.0420612438	0.0719727228	-0.0052004236	-0.119658256	0.0840425287	-0.0632004702	0.2098200054	-0.0672031168	0.15624608	-0.2220153414	0.0188486715	-0.0286103709	0.0976694514	-0.0862350343	0.0137399385	-0.0786987267	0.0388399976	-0.1035895615	0.0502412243	-0.0283899726	0.0737338996	-0.0071796537	0.0613598492	-0.0676924622	0.0213198268	-0.0638872777	0.1434597725	-0.054827041	0.1366886876	-0.0774360867	0.00294994	-0.001686574	-0.084279124	0.0671371933	-0.0679044793	0.1314028164	-0.001037243	-0.1241409019	0.0157718033	0.0548469222	-0.0778577194	0.1231403311	-0.1293064572	-0.0923731965	0.0359983943	0.0194272835	0.0507997238	0.1074348248	-0.0724656068	-0.0284594012	-0.010047651	0.1295286152	0.0098864223	-0.0780191086	-0.0752294886	-0.0064321203	0.1225263353	-0.1499959422	0.106797127	-0.0291999762	0.1192875165	-0.2488316611	0.2398347562	0.1426455919	-0.3284746192	0.200725174	-0.0107090152	0.1550743128	-0.2079939426	0.1242938322	-0.0410602551	0.1328941295	-0.0880867049	0.0441764548	-0.1619512113	0.0383016082	0.1538291517	-0.1799160523	0.1111058879	0.1110902189	0.1110641056	0.1110275503	0.1109805565	-0.0832226193053742	n/a	n/a	0.0069260043640472	0.0714150220929212	n/a	0.0051001053805324	n/a	0.1305054229372473	n/a	n/a	0.0170316654160297	0.0036560373333762	n/a	1.3366608983040555e-05	n/a	0.0030989948966901	n/a	9.603769369711284e-06	n/a	-1.1165052089925952e-05	n/a	n/a	1.2465838817075987e-10	0.0	0.0
192.9455174894561	0.0931453465499885	37227.97271927401	0.0086760555839174	286.6167518293029	0.4533907534012655	82149.16242918023	0.2055631752697672	180.4034886523427	0.1087768257705761	0.0118323978247222	32545.418717935943	196.24680984007995	205.23737274921848	1.273132	26.163746	0.3444173811078806	0.1699574853720006	-0.0793390564	-0.0140361269	0.0233935487	0.0487000653	-0.0579622602	-0.0439468545	0.0567530882	0.0739681126	0.0168066789	-0.1709675774	0.145667526	-0.026506519	-0.0448718804	0.0464472842	-0.0798728768	0.0135960934	0.1666930083	-0.1112979032	0.0498881822	-0.1042171002	0.053711152	-0.0473568121	-0.0222803309	0.0188816595	0.0333025141	0.000903024	-0.0226010159	0.0282582671	0.0165773326	0.1413905558	-0.017575372	-0.0943192526	0.1003624166	-0.1014770707	0.0069449043	0.0445849199	-0.033905553	-0.0903590028	-0.0847276163	-0.0882962588	0.0800817745	0.0295037875	-0.0463147345	-0.0048160082	-0.1306937332	-0.1154579858	-0.0600574803	-0.0105841082	0.0065360446	0.0907490245	0.165394443	-0.023613786	0.0312421502	-0.1681313789	0.000236888	0.0076489147	-0.2119725902	-0.0039626131	0.0181372894	-0.1108592145	-0.0402206407	-0.0093236313	0.1168884899	-0.0824873906	0.0771646203	0.0529338441	-0.0417804659	0.0436812462	0.0132589776	-0.0115582727	-0.0109855519	-0.1071374721	0.0944709759	-0.0749224978	0.0156074567	-0.0711273826	0.0913557974	-0.1723392449	0.1128220733	-0.0636682376	0.0773330561	-0.0209208451	-0.0056102853	0.09832589	-0.0450916929	0.0286177466	0.066942639	-0.099251497	-0.0088003894	-0.1524410027	-0.027475512	0.0113842814	0.0484445682	0.1055372475	0.0921353967	0.0143320317	0.0176334899	0.0036473864	-0.0837005476	0.1382939411	-0.00090762	0.1531674212	-0.0132552453	0.1136356559	-0.0730105086	-0.0447246097	0.0943975617	-0.0762508718	0.1110185906	0.0231030421	0.0427719459	-0.0952442909	-0.0794099447	0.1223726899	0.1176173793	-0.026814674	0.0963658147	0.0387520396	-0.0388517146	-0.1318464156	0.1453363931	0.076843854	0.0008404548	0.043441783	-0.0538894863	-0.0743591121	0.0926383509	-0.1243390863	-0.0201653647	-0.0900020907	0.0201610699	-0.0313210171	0.1364793217	0.0439402078	-0.0577942191	-0.0442860078	-0.1111017367	0.0431068538	0.0318886051	0.0380146403	0.0503478981	0.0587025363	0.1950481582	0.0853801975	0.0667267201	-0.0281523217	-0.1904816397	0.0806602815	0.1110641056	0.1109231287	0.1106882998	0.1103598175	0.1099379598	-0.0996192868365426	-0.0163966675311684	0.0002688507061276	0.0099240023098213	0.0715174643782887	0.0001024422853675	0.0051147477110997	1.0494421831316644e-08	0.0242443518846613	-0.1062610710525859	0.0112914152212427	0.0005877885983072	0.0021439231024539	-0.0015121142309223	4.596406269235555e-06	2.2864894473577397e-06	0.0020429952403844	-0.0010559996563057	4.173829552233312e-06	1.1151352741177566e-06	-0.0018761951696371	-0.0018650301175471	3.4783373393580254e-06	3.5201083145695863e-06	0.0	0.0
192.6203130595932	-0.3252044298629073	37102.58500317569	0.1057579212024586	285.9043877477732	-0.7123640815296994	81741.31893342907	0.5074625846536522	179.83464738228287	-0.5688412700598349	0.3235803905232859	32340.500399110017	195.61582958786656	203.8805819241056	1.163076	23.902018	0.1243125554879197	0.0689155491535357	-0.0430220554	-0.055101381	0.0680606871	0.0492791338	-0.0162911987	-0.0858827845	0.070249484	0.0066666402	0.0536543945	0.0314625239	-0.0542692983	0.0554408425	0.161932773	0.0615793828	0.0050963054	-0.1254813773	0.10645422	0.069813893	-0.0437905931	-0.1374473722	0.0795647361	0.2822616928	0.0195597937	0.2173854599	0.1617866462	0.0178364334	-0.2264366344	0.0331954432	-0.1970555951	0.1266620853	-0.0620875959	-0.0970652206	0.014074208	0.1546580547	-0.0326384086	-0.1949509049	0.1319707594	0.0770539408	-0.0094720556	0.0560656437	0.0487622366	-0.0733327223	0.1640629982	-0.0326830362	0.0832632347	-0.0890506582	-0.0141714287	-0.0465548236	-0.0809444993	-0.1492403586	-0.0567519248	0.0580583496	0.0322968257	0.0380315235	0.0404787683	0.0305790268	-0.0605012864	-0.0600923092	0.0357229292	-0.1157845867	-0.0431044913	-0.0428744293	-0.0402675756	0.0343336198	0.0951235035	-0.0521082894	0.1164985715	-0.0832852338	-0.0069179688	0.0433907019	0.1354672164	-0.031418632	0.0669296714	0.0120472368	-0.0501739067	0.0750033675	0.1162250691	-0.0348508946	0.0365994679	-0.1711421781	-0.3715720305	-0.0156680721	0.0707495812	0.076326736	-0.2675274837	-0.1455081259	0.0254055599	-0.1697841973	0.1984508115	0.0700244862	-0.0004706186	-0.1406437295	0.0631953148	-0.0561107666	-0.007696249	-0.0126135763	-0.1419140948	0.023463158	-0.0869689319	-0.0739391077	-0.1105823966	0.0063175347	-0.0666245719	-0.1033901528	0.1340683697	-0.1164017523	-0.1178005252	-0.0682051478	-0.0727569516	-0.0913805492	0.0613669619	0.005177114	0.0782647146	-0.0025405264	0.1627246309	-0.1199150131	-0.0607533988	-0.0793254862	-0.0210965582	0.0478018671	0.0830053251	-0.1954733433	0.0077553663	0.0479775004	-0.0552172737	-0.1102353844	0.0505597464	-0.1086172048	0.1227768232	-0.058458627	-0.0152377797	-0.1359509902	0.1451703234	0.0632275177	-0.1102964907	0.0738348365	0.0064278559	0.0165802079	0.0015584643	-0.10123	0.1113391448	-0.0324979697	0.1031453274	-0.1323608819	0.0117517378	0.0146138811	-0.0582961543	0.0812427961	0.1109805565	0.1105891995	0.1099379598	0.1090283678	0.1078625611	-0.0976524320286671	0.0019668548078755	3.868517835262996e-06	0.0095359974811134	0.1182841960164893	0.0467667316382006	0.0139911510272672	0.0021871271881194	0.068977653418905	0.0447333015342436	0.0020010682661535	0.0047579166711785	0.0021470602635578	3.1371611039000304e-06	4.609867775348889e-06	9.841779791823257e-12	0.0024522137548708	0.0004092185144863	6.013352299577548e-06	1.674597925984559e-07	-0.0016716374950754	0.0002045576745616	4.1843842222090315e-08	2.794371914941958e-06	0.0	0.0
192.91241030850267	0.2920972489094708	37215.19805103609	0.0853208028204813	285.5346090618337	-0.3697786859395364	81530.0129720942	0.1367362765751703	180.06739494105872	0.2327475587758556	0.0541714261161203	32424.26672085922	195.9592885108444	207.63293758930243	1.173257	24.111235	0.0770810420604855	0.0387546403132134	-0.0046843159	-0.1150549145	0.0655738479	-0.0583497787	0.0818096247	-0.1325386368	0.0025677708	-0.0398461635	0.0985662342	-0.0715160883	-0.0588307349	0.0093017006	0.0177693453	0.0674828279	-0.1043666162	-0.1482162141	0.1170634783	0.0684512931	0.0831027431	-0.1111223845	0.1073725991	0.0723246706	-0.0210912869	0.1482982796	-0.0505511798	-0.0737083683	-0.0222826247	0.0095343762	0.1610260421	0.0183689822	-0.101813734	-0.0550167077	0.0789487356	0.1092516841	0.0403484689	0.0736031248	0.0149147963	-0.0869501118	0.013503208	0.0069689813	-0.0216934763	-0.0599812704	-0.0322935042	0.1510844083	-0.0034813339	0.1935607476	0.1671460389	0.0159581215	0.0798686817	-0.1912843374	0.0740119877	-0.0572959359	-0.1739899991	0.0315995288	0.0378229278	0.0143632419	0.0712454618	0.0425016832	-0.1160076081	0.0634063031	0.1292764391	0.0925767717	0.0711738145	0.0548122075	-0.0342194913	0.0135389048	0.0174010293	-0.0957704927	-0.1289834207	0.068787873	-0.0737493785	-0.1255209493	0.0985160745	0.1134605076	0.0388142175	-0.01487464	0.1141980152	-0.0411775435	0.0528841054	-0.0730934293	-0.055065791	0.0292099731	0.2431055495	0.0753815366	-0.0300573588	0.0825560499	-0.0387111831	-0.0248758832	-0.1060758002	-0.0251452767	-0.0168140164	-0.1105465868	0.0331118043	-0.0446593415	-0.0391443516	0.0672552466	-0.0501535535	0.1184930816	0.0834310763	0.1230129223	0.0139085763	-0.1126827476	0.0302919066	0.1619458943	-0.0574680713	-0.036514885	0.0405971049	0.1068846762	-0.1878889304	-0.1203104278	0.1738676255	0.148596054	0.0798642804	-0.1140579822	-0.1010168739	-0.0243498772	-0.000455282	0.0110402383	0.0492506572	0.0667279344	-0.0876306317	0.1537284786	-0.0480878714	-0.0131264984	-0.0358370814	-0.1279600602	-0.0343584646	-0.1203135593	0.0240153145	-0.016029761	0.1191931882	0.106867802	0.1397833016	0.0443479684	-0.1273232643	-0.0509854935	-0.0456076938	0.0838767606	-0.0688052426	-0.1218047925	0.0915707005	-0.0469116561	-0.0533448012	-0.002630102	0.0683701794	0.0126745386	-0.06791917	0.1012975235	0.1108552722	0.1100889337	0.1088156246	0.1070412087	0.1047738574	-0.0830354619534432	0.0146169700752238	0.0002136558141799	0.0068948879418217	0.1038735610919303	-0.014410634924559	0.0107897166939189	0.0002076663989289	0.0707057807922026	0.0017281273732976	2.9864242183405008e-06	0.004999307437435	0.0019707620006837	-0.000176298262874	3.88390286333882e-06	3.108107749242517e-08	0.002260908299372	-0.0001913054554987	5.111706338169189e-06	3.659777730360328e-08	-0.0011127350197002	0.0005589024753752	3.123719769805262e-07	1.2381792240672043e-06	0.0	0.0
192.89260476968977	-0.0198055388129034	37207.55697483575	0.0003922593676694	286.38682240757936	0.8522133457456675	82017.4120487104	0.7262675866670247	180.24132587049712	0.1739309294383986	0.0302519682153051	32486.935551554736	196.0428332510133	205.8550137648768	1.327864	27.288521	0.2532129591617825	0.179185096259619	0.0703612895	-0.0691682725	-0.075128792	-0.0991537341	0.0266900877	-0.0536310773	-0.0174421348	-0.0458793941	0.0214864872	0.03929159	-0.0129280821	0.0692418609	-0.1494882286	0.0008762269	0.0635513386	-0.0336095057	0.063609692	0.0258811639	0.0442057437	0.0180432025	-0.0684849229	-0.1035161235	-0.0155297142	0.0316472929	-0.0560299662	0.0350603732	0.1850993876	-0.001390844	-0.0732533767	0.0416614761	-0.1617101216	0.0058124579	0.1225033623	-0.0644103555	-0.097526415	0.1196230436	0.0209190703	0.0349900943	0.0376450404	0.0101631965	0.0037332875	-0.0258548506	-0.0811720261	-0.0450525869	0.0229639392	-0.0995708679	-0.0070315394	-0.1921124029	0.0226402609	-0.0065143704	-0.0439509512	-0.0450009337	-0.1137957783	-0.0404969932	0.0829703203	-0.064274212	0.0588299048	0.005441403	0.0613097952	0.0758675362	0.0569614041	-0.0682143015	0.0995093914	0.0185268499	-0.1688232546	-0.0028990886	-0.0187509454	0.0189910488	0.0647365146	0.0639264351	0.0917878471	0.0826055888	0.0481896052	0.0518913799	0.0622966951	-0.0220334963	0.0463952932	0.0073150988	0.0347029257	0.1314015232	0.0734195771	0.0503672011	0.0207892067	-0.0239574034	0.1325948996	0.0100582341	0.0424585418	-0.1041743444	0.0245146594	0.0380803228	-0.036614767	0.0295951548	-0.0543107122	0.023019297	0.1567150898	-0.0936385372	0.0718805863	0.093934365	-0.0399014124	0.0528613975	-0.0080923754	-0.0565590207	-0.1706460246	0.0462862364	0.1351680731	-0.0498222847	0.0785081925	-0.064605818	0.0518071074	0.0511474295	-0.1012504839	0.0510376292	-0.000609519	-0.0184261027	-0.0136107159	0.103457197	0.1920624347	-0.0582066564	0.0062937302	0.1666585123	0.0137622067	0.0474285167	0.0576930643	0.0065235043	-0.0075475162	-0.0213698159	-0.1189979113	0.0465548981	-0.0808133238	-0.0036385752	0.0818258099	-0.1071356195	0.0073168229	0.0493412578	0.0037852302	0.0483696728	-0.1848335552	0.0398250138	0.0664976243	-0.0311188915	-0.1079228999	-0.0427115591	-0.0124029957	-0.0888709639	-0.0184105115	-0.0032385633	-0.0123235488	0.014211079	0.1106882998	0.1094230837	0.1073250918	0.1044102912	0.1007008652	-0.0732435628292336	0.0097918991242096	9.588128845869688e-05	0.0053646194959198	-0.0671997990180415	-0.1710733601099718	0.0045158129880651	0.029266094539316	0.0642689179558715	-0.0064368628363311	4.1433203173740494e-05	0.0041304938152185	0.0016186769573259	-0.0003520850433578	2.620115092177833e-06	1.239638777562639e-07	0.0015177821580614	-0.0007431261413106	2.3036626793295207e-06	5.52236461899182e-07	-0.0008897294625432	0.0002230055571569	4.9731478522903935e-08	7.916185165174117e-07	0.0	0.0
192.89282796663275	0.0002231969429828	37207.643080964976	4.9816875356909705e-08	285.8168948193691	-0.5699275882102484	81691.2973641863	0.3248174558031504	179.98789543176784	-0.253430438729282	0.0642269872745163	32395.642501956994	195.6719646625729	200.373061046616	1.216424	24.998339	0.224191754748271	0.1598936035928105	0.1176900136	0.0143280215	-0.1195456678	0.0918312835	0.0422446611	-0.0451062676	-0.1101735963	-0.0313184612	-0.0765763636	0.0096620693	0.0422714847	0.0106643362	-0.0221464401	-0.018169639	-0.0150059343	-0.0581962757	0.075619985	0.0350541317	0.1100402712	0.0696949267	0.0800380954	0.0347070828	-0.0156764262	-0.057159335	0.1250695913	0.0778388152	-0.0188487438	-0.1242728751	-0.1241694312	-0.0701470966	0.1646233176	0.0105468219	0.0502133862	0.0018617483	-0.0128681434	-0.086778644	-0.1329311235	0.0331881783	-0.0778561746	0.0393148634	0.032094287	-0.0127374374	0.0540098898	0.0142705377	0.1528905229	-0.025300999	-0.012160176	-0.1229697956	-0.0512333134	0.0255613031	-0.0405541661	0.0317488334	-0.1503937762	0.0779349657	-0.1115949513	0.1398026138	-0.0013480626	0.0201174602	-0.0265846084	-0.0944603764	-0.0310024408	0.0757506629	0.0607581967	0.0275892854	0.0986789205	0.0443612886	0.033184497	0.0130880472	0.1049355032	-0.031181901	-0.0863417079	0.0273726969	0.0108995413	0.0659931501	0.09938638	-0.1041640127	0.0149673199	0.0667922232	0.0459054243	-0.1081659759	-0.0192159917	-0.018400185	-0.1259723578	0.0215371934	0.0556070667	-0.0335938394	-0.0053797581	-0.0228498397	0.0856272079	-0.0648583339	0.0865500626	0.2163326573	0.0413544495	-0.1038743188	-0.0044247611	0.033853496	-0.1402794959	-0.0632785347	-0.00382659	0.0350655251	-0.0417236472	-0.0608186226	-0.0112816953	-0.042305077	0.0813673965	-0.0807145634	-0.0379707115	-0.1437724832	-0.0351420482	-0.0088278859	-0.0334805488	0.0095013455	0.062189662	-0.0826122748	-0.0841989267	-0.0220341888	-0.0751255934	0.1518558368	0.0119079072	-0.1337988932	-0.0256471312	-0.1251936218	0.0782646191	0.0361771378	-0.0261888945	0.0381944835	-0.1033139734	-0.0698172038	0.111862715	-0.0292139344	-0.0065412939	-0.0324974975	0.0244863701	-0.007636476	-0.1222167847	0.0836728653	0.0881290117	-0.0946399022	0.0417461526	0.0756321056	0.0364683101	0.0221486975	-0.0491553997	-0.003571439	0.0646989163	-0.053884747	0.0051431283	0.0777117657	0.110479702	0.1085926509	0.1054714048	0.1011514379	0.095681848	-0.0561096864864083	0.0171338763428252	0.0002935697185312	0.003148296917603	0.0883803078404952	0.1555801068585367	0.0078110788139806	0.0242051696501137	0.0530181702442575	-0.011250747711614	0.0001265793240703	0.002810926376049	0.0018631317596476	0.0002444548023217	3.471259953807563e-06	5.975815037814143e-08	0.001862874731469	0.0003450925734076	3.4703022651456987e-06	1.190888842210798e-07	-0.0006747363615666	0.0002149931009766	4.622203346753454e-08	4.5526915762013366e-07	0.0	0.0
192.8505075842425	-0.042320382390244	37191.31827549998	0.0017910147656564	285.7916281124856	-0.0252667068834853	81676.85469918528	0.0006384064767359	179.99882790215534	0.0109324703875017	0.0001195189087736	32399.578046149734	195.70961897406104	202.42409085783729	1.192611	24.508982	0.1584012088913239	0.0979336682532	0.1040379239	0.0757656614	0.0919151923	0.0644046558	0.0298560825	0.0858436486	-0.0426020301	-0.0174388078	-0.0429623352	0.0401448196	0.0409725155	0.0266510984	-0.0194541518	-0.0667206963	0.0854580164	-0.0228144951	0.0055381792	-0.0110903371	-0.0172984188	0.1121715509	-0.0249523977	-0.0801270263	0.0035993237	0.0758893532	-0.0162034252	-0.1566242714	0.176736273	-0.1608895552	-0.2150313856	-0.0680939835	-0.0324892278	-0.0219592492	-0.0537067295	-0.0360468511	0.1000151384	-0.0116681289	-0.0582572521	0.1260771496	0.0806626068	-0.1064557114	0.0094228937	0.036064713	0.0834583552	0.0616320922	-0.076787882	-0.0936355742	-0.0885972286	0.0759737205	-0.0108809521	0.1511860212	0.0298729302	-0.0442865865	0.041830979	-0.0381942592	0.0770515834	-0.0724126467	-0.0429093396	-0.0738477297	0.0275182553	0.0403604334	0.0192875712	0.1438277466	-0.042924084	0.0779930915	0.0665168338	-0.0545576289	-0.0750631548	0.0698982154	-0.0402148477	-0.0311180345	-0.0517193329	-0.0421079429	-0.0180891212	0.0028848898	0.067130543	0.019897009	-0.0319352353	0.0296912018	-0.0279431597	0.0419485622	0.0192259471	0.1429947441	0.0279721841	-0.0219961614	0.1552912547	0.1052030564	0.0544278278	0.0405140174	0.2625002379	0.0331900273	-0.035101422	0.0528177057	-0.0607280696	0.0573680911	-0.011060192	0.1363378353	0.0591450641	-0.0321044889	-0.1806046828	0.0122250013	-0.1485380657	0.0226186576	0.0663626213	-0.1158007956	-0.0705609879	-0.0154729383	0.0415958338	-0.0179181141	0.0667891838	0.1342433267	0.0164545353	-0.0763920068	-0.0050262292	0.0988739027	0.0043112109	-0.0321938312	0.0040461251	-0.086338535	-0.084858163	-0.0031654541	-0.0636087245	0.1128218107	-0.0777662626	-0.0377973011	-0.0025963553	0.1039436273	-0.0495601582	0.00298415	-0.0525084564	0.0397969612	0.0545011257	0.0642555452	0.0342623558	0.0361923567	0.0260686404	-0.1583668229	0.0364568509	0.0667372961	0.1066194097	-0.0406196596	-0.0377581352	0.0686200371	0.0666987467	-0.0094334335	-0.0757284754	-0.044369089	-0.0095558768	-0.0693251804	0.1102295573	0.1075988845	0.103260836	0.0972842479	0.0897639565	-0.0646639496677323	-0.0085542631813239	7.317541857535534e-05	0.004181426386631	0.0024375078058227	-0.0859428000346725	5.941444303446594e-06	0.0073861648777997	0.0387247229468101	-0.0142934472974474	0.0002043026356449	0.0014996041673072	0.0012170122863226	-0.000646119473325	1.481118905060162e-06	4.174703738097757e-07	0.001518592372053	-0.000344282359416	2.306122792457557e-06	1.185303430050478e-07	-0.00067292422675	1.8121348165999569e-06	3.28383259353376e-12	4.5282701494708557e-07	0.0	0.0
192.9788790484608	0.1283714642183042	37240.84775880047	0.0164792328255513	285.3180172892376	-0.4736108232480092	81406.3709898617	0.2243072118976569	180.2201724273946	0.2213445252392603	0.0489933988533935	32479.31054975984	195.86651265929848	201.37439440043167	1.221522	25.103111	0.0333307307356948	0.0182347318431381	0.0301588451	0.1137744048	0.0908308221	-0.1295964716	0.0510049419	0.0528004903	-0.057178774	-0.0400305041	-0.0431408755	0.0219328756	0.0971050298	-0.0176499587	0.0637763285	0.0768398473	0.0183742098	-0.033209	-0.0221170728	-0.0443737915	-0.0427587191	0.0996259349	0.0152408029	0.0324761861	-0.1254484609	-0.002609914	-0.0665518783	-0.0695734944	-0.002598683	-0.1623979418	0.0887684437	-0.0201296794	-0.1708955925	0.0081790341	-0.1969947369	-0.0517899108	-0.0188594829	0.0290743381	0.0879103906	-0.1674524084	-0.0848460983	-0.0557804773	-0.0289102781	0.0046184936	-0.1104197331	0.0451860856	0.0350955749	-0.0096542737	0.0230608156	0.0631016546	0.0345814603	0.1737052949	-0.0512461945	-0.1782759481	0.0205456514	0.0154240153	-0.0365893761	0.0274314194	0.0528874014	0.0238154236	0.1734533773	-0.0877026347	-0.0246302285	-0.0843569511	-0.1352566523	0.1061023013	0.1268063278	-0.0201293301	-0.0059974441	0.0306652421	-0.0464639572	0.0609664379	-0.1288309054	0.108221298	-0.0281474798	-0.0202303328	0.0724346172	0.0308844872	-0.0851081295	-0.0284566861	-0.0391748874	-0.0378630549	0.0040064373	0.0763130442	0.1006375057	0.0711091298	0.1421542224	-0.0730475184	-0.0426510373	0.0285391413	-0.0081980234	-0.0120742074	0.1622125365	-0.0480596864	-0.1365183329	0.2728629359	-0.0616482501	-0.0306251131	-0.0214092656	-0.0146299614	0.0283700031	-0.0370038217	0.019212026	0.0388443809	-0.0405365929	-0.0041908757	-0.0975593456	0.1882305655	0.0081712679	0.0416968633	-0.1139701609	0.132541396	-0.0601170741	0.0255741668	0.1451619205	0.0354345663	-0.032080782	0.0205922713	0.0933442592	-0.01760154	-0.0162410304	-0.1356657681	-0.0842931378	-0.0695462544	-0.0862208427	-0.1144422633	-0.0081212988	0.1001219219	0.0146949598	-0.0250190593	-0.0218784692	-0.0658703393	0.0148573841	0.0638822317	0.0170210375	-0.057129405	0.1328108409	0.0557410862	-0.0510708847	-0.0370441852	-0.0116186917	0.0657616621	0.1755356452	0.0161979989	-0.0650573799	0.0351084636	-0.0182809969	-0.0958910317	0.0599256838	-0.1107248997	0.1099379598	0.1064432791	0.1007008652	0.092831979	0.0830027857	-0.0595670162642534	0.0050969334034789	2.5978730119499013e-05	0.0035482294266258	0.0024430113372773	5.503531454599964e-06	5.968304394065421e-06	3.02888584717712e-11	0.0238513307380188	-0.0148733922087913	0.0002212177957965	0.0005688859779743	0.0011578801540707	-5.9132132251899904e-05	1.340686451190788e-06	3.496609064656181e-09	0.001466201082509	-5.239128954400005e-05	2.1497456143505632e-06	2.744847220083248e-09	-0.0005173496167065	0.0001555746100435	2.4203459290187124e-08	2.676506259063624e-07	0.0	0.0
192.9966784585724	0.0177994101115928	37247.717896041584	0.0003168190003206	287.6994892823372	2.3814719930995807	82770.99613331766	5.671408853917689	180.04610514867744	-0.1740672787171604	0.0302994175199976	32416.59997920861	195.77824493491747	201.97991694331364	1.24165	25.516756	0.103565808539874	0.053178671657688	-0.0656452475	0.1027932942	-0.0851931975	-0.0650164494	-0.0664057616	0.0908533861	0.0091758828	-0.0535224527	0.0752307872	0.0821900285	0.0578081738	0.0152114764	-0.088903717	-0.0226307344	0.1706223978	0.143339832	-0.0366608766	-0.1188686863	-0.1140229372	0.0445967149	0.0508011615	-0.0169643187	-0.0027907629	-0.184858851	0.0844397854	-0.1008236672	0.0029455897	-0.160852112	-0.1551125963	0.0206123425	-0.1874966937	0.0187008436	-0.0694525362	0.0353477085	-0.0191015072	0.1061231482	-0.1868000931	0.0121170551	0.0430999279	-0.0030371528	0.1049133577	-0.0795164185	-0.0660937963	0.0801744001	0.0646927026	0.1609935895	-0.018782797	0.0524539304	0.0234180131	-0.1991126687	0.0612854447	0.0959213893	0.093823366	-0.0445170049	-0.0448751863	-0.0115750334	0.1476218253	0.044804078	0.1276968849	0.0820684593	0.0016468319	-0.0965645639	0.0802415532	-0.1912375827	0.0270632599	0.0031743269	0.0485736171	-0.0777239829	0.0221677039	-0.0788576801	0.1223871386	-0.0768005254	-0.0511030158	-0.1137472767	0.0016404004	0.0628245247	0.0024157288	0.0788303049	0.0405016575	0.0526778868	0.133047724	0.1683238511	0.0048177088	0.0116058037	-0.0152763188	-0.1637625917	-0.1363098365	-0.0416834956	0.105636411	-0.0134708555	0.1244029302	0.0602064095	-0.0467352594	0.031781224	-0.0273497409	0.0429401571	0.1358756555	-0.0107577294	-0.1187937464	0.1511094423	0.0034338948	-0.095890722	0.1511486587	-0.0190186767	0.0019974708	0.0842228673	-0.0825945865	0.0749779246	-0.059509556	-0.1911289532	-0.0635818401	0.143981257	-0.0357890956	0.0572010943	0.0312676665	0.1547106279	-0.0402885497	-0.0626567071	0.0805937073	0.0371046798	0.1061735506	-0.1342987783	-0.0319540043	0.0288207629	0.0090802435	0.0950159302	0.0623323088	0.0936619823	-0.0812713027	0.0459741155	0.0184208963	-0.047214288	-0.0801450722	0.0989150901	0.016542779	-0.0503713514	-0.0402469449	-0.0860906458	0.0745306599	-0.1851815197	-0.0087337689	-0.0068415479	-0.0542320249	-0.0034253478	-0.1472979501	-0.084951896	0.022720116	-0.0197823727	0.1096050192	0.105127573	0.0978001546	0.0878214077	0.0754618528	-0.0583728056857353	0.001194210578518	1.4261389058445249e-06	0.0034073844436246	-0.0387783129975787	-0.041221324334856	0.0015037575589381	0.0016991975799193	0.0449945570644487	0.0211432263264299	0.0004470360194906	0.0020245101654259	0.0008920076634705	-0.0002658724906002	7.956776716901008e-07	7.068818125795344e-08	0.0012356344968151	-0.0002305665856939	1.526792609719505e-06	5.316095043854255e-08	-0.0008210514864138	-0.0003037018697073	9.223482566370986e-08	6.741255433423104e-07	0.0	0.0
192.8841813457917	-0.1124971127807157	37204.307413436254	0.012655600383997	286.8643910541515	-0.8350982281857	82291.17885486915	0.6973890507188955	180.03171158758207	-0.0143935610953747	0.0002071746010062	32411.41717715433	195.71358667606228	201.97181363528583	1.130993	23.242693	0.176913468514337	0.1454429496229226	-0.0930029925	0.0495832235	-0.035778025	0.0494538371	-0.0522821222	0.0847440218	0.0207226097	-0.013995919	0.085949379	0.0062991617	0.0695140287	-0.0420774389	-0.0298668141	-0.0298589967	0.0688647158	-0.0124476914	0.0164838538	-0.0685940223	-0.033434434	0.0263984947	0.1458974793	-0.0817017435	0.0127520189	-0.1116885941	0.0394567746	0.0123077309	-0.0285721036	0.0184668008	-0.0444506791	0.0016717143	0.0830098331	0.0686753607	0.0074297445	-0.0123960902	0.1297989851	-0.0792719308	-0.0151848405	-0.0323821705	0.0362855084	0.0240282	0.0465600111	0.0501241174	0.0411117855	-0.1531097311	0.1339877442	0.0956798015	0.0455431036	0.0829513628	0.0657778407	0.034096193	-0.0813812754	0.0495133751	0.1138842298	0.1492566383	0.0474828989	0.0569620333	0.0311805001	0.098419665	-0.1262096825	-0.0596224924	0.0775005892	0.0526306604	-0.1096322523	0.017556671	0.0635773406	0.0424753802	-0.1838265586	0.0742642102	0.0473839532	0.0395930373	-0.0681254087	0.1898192791	-0.0528848624	-0.0885581668	0.0328529739	0.0228504278	0.0591658591	0.0290846003	0.0434971604	-0.0707978982	0.0874054943	0.0659236031	-0.0898877933	-0.0647774569	-0.0232028767	-0.0301010434	-0.0359705175	-0.008632155	0.0127472762	0.0260030288	-0.0307170262	0.00331422	-0.0328841573	-0.0774763077	-0.0870233021	0.0388218664	-0.0516436244	-0.084757061	0.1692297613	0.0014055911	0.0314723345	-0.0301258752	0.0707901356	0.041404434	0.1082306261	0.0038001589	-0.1197567426	0.0896886808	0.02895778	0.0657866631	0.0461599652	-0.1130052949	0.0196512076	-0.0087379711	-0.1685441464	-0.1162596738	-0.1885370383	-0.0175034503	-0.0038355981	-0.0586000047	-0.0233565347	0.0697393627	0.0406480823	-0.0806976909	-0.0107869595	-0.0049207473	0.1154205338	-0.0366357053	0.1164710789	-0.0168871136	-0.0488302344	0.0237375864	-0.0057101454	-0.0235522654	-0.0049268711	-0.0197825449	0.073033463	-0.013729243	-0.0506539148	0.0600927213	-0.1113519601	-0.0223650261	-0.1428132025	0.0327577269	0.0426305707	0.0178773024	0.0844820634	0.0572075964	0.1092308605	0.103653745	0.0945685192	0.0822826681	0.0672120005	-0.0516312378304064	0.0067415678553289	4.544873714800393e-05	0.0026657847198999	0.1036349457711054	0.1424132587686841	0.0107402019849799	0.0202815362731161	0.0463205198787477	0.0013259628142989	1.7581773849037144e-06	0.0021455905618374	0.0012099371466769	0.0003179294832063	1.463947898908638e-06	1.0107915629188853e-07	0.0012980934115953	6.24589147802002e-05	1.685046505227125e-06	3.901116035520311e-09	-0.0006727863028799	0.0001482651835339	2.1982564648341073e-08	4.526414093428045e-07	0.0	0.0
192.91018148627995	0.0260001404882643	37214.33812106947	0.0006760073054094	286.8955664927625	0.031175438611001	82309.06607320311	0.0009719079725882	180.1267165758339	0.0950049882518442	0.009025947792733	32445.6340243908	195.88974381232867	205.11254585122043	1.110675	22.82513	0.1558777295062808	0.1066280473176679	-0.0824040633	-0.0090535317	0.0226423998	0.0401139146	-0.0912251551	0.027636743	0.0916806805	0.0527437608	0.0156118326	0.005831022	0.0491497087	0.1699067144	-0.0763875084	0.0357568999	-0.0739690972	0.0679798557	-0.0078189723	-0.0755375694	-0.0709442636	-0.0344176885	-0.0048480012	-0.0437273052	0.0358717262	-0.0976618401	-0.0725032036	-0.0908448295	0.0525207589	0.0852099477	0.1489743783	0.1236609614	-0.0099153978	0.0326061282	-0.062762513	-0.05406636	0.069095485	-0.0520041948	-0.0784702678	0.0451443673	0.0062334271	-0.1310770655	-0.1306826559	0.0569534236	-0.0106029773	0.0054562258	-0.0024894807	-0.06549434	-0.0660081362	0.2209783274	-0.1199408098	-0.1663905748	-0.1257576483	0.1512009473	-0.0879437803	-0.1027445868	-0.0985457569	0.0750284229	-0.1121155448	-0.0140986003	-0.0967705803	-0.0053825605	-0.0719841033	-0.0284398861	-0.0795926219	0.0633709395	-0.0172285623	0.0833752048	0.0178735661	-0.0309976756	0.0797029644	-0.0253604951	-0.0412407281	0.077821856	0.0033000626	-0.0937744975	-0.0567216578	0.0417031346	0.0187713094	-0.0263492477	0.0168588247	0.0743615473	0.1667841537	-0.0528827239	0.036698398	0.0337467462	-0.067103525	0.0256436324	0.1329954139	0.0233220335	-0.1322009837	-0.0223056759	-0.0370256618	0.0459937329	0.047136821	0.1547350164	-0.0507596727	0.0884556946	0.193360835	-0.082321896	-0.123160882	-0.119364104	0.014523854	0.0033265493	0.1319688467	-0.0087911717	0.0268691758	-0.1814266465	-0.1624991014	0.0489609228	-0.0432097205	-0.059029449	0.0092393636	-0.1040458971	-0.0344928965	-0.0437411587	-0.0097780177	-0.1092468886	0.0079043415	0.026357879	0.0548767452	-0.0294051637	-0.0062042324	-0.002641598	0.1749137981	0.0364609017	0.0082069105	-0.0454083694	0.0708191546	0.0439731877	-0.0757814894	0.0310383038	0.0058087472	0.079666423	-0.0366138501	0.0591435311	0.0561986748	-0.0855537822	-0.0967090849	-0.0204421913	0.1087881713	0.0738552811	-0.0313820545	0.0694710676	0.035201409	0.0685276706	0.0567789741	-0.0518646048	-0.0128795965	0.0436966724	0.1088156246	0.1020240119	0.0910168938	0.0762490709	0.0583307311	-0.0502512665038494	0.0013799713265569	1.904320862119479e-06	0.0025251897852408	0.0037398255148559	-0.0998951202562495	1.3986294881567198e-05	0.0099790350510105	0.0328434147613734	-0.0134771051173742	0.0001816323623447	0.0010786898931876	0.0007469435012579	-0.0004629936454189	5.579245940714104e-07	2.143631156983746e-07	0.0010836951391448	-0.0002143982724505	1.1743951546060677e-06	4.5966619229758856e-08	-0.0008179050411324	-0.0001451187382525	2.1059448191997607e-08	6.689686563097929e-07	0.0	0.0
192.8663087255597	-0.0438727607202622	37197.4130414229	0.0019248191332173	285.97177319560285	-0.923793297159648	81779.85506463732	0.8533940558770935	180.0734015517757	-0.0533150240582074	0.0028424917903272	32426.42994642705	196.06540369081893	203.90716490876613	1.204914	24.76182	0.1119249733953487	0.0717026317867916	-0.053225342	-0.0682382421	0.0645939462	0.0553550034	-0.0703346319	-0.0518201761	0.0694678463	0.0864359123	-0.0823622047	0.0672665321	-0.0038996411	-0.0879892345	0.1991382236	0.0824367101	-0.0005528418	-0.0784198754	0.0404409417	0.0171246621	-0.0012482773	-0.0147607952	-0.070083279	-0.0582795385	-0.029284244	-0.0219257442	-0.0227672639	0.0394718106	0.0972991273	-0.0672780253	0.0712341167	-0.0471183646	0.2214045889	-0.0395735554	0.0692901148	0.0101639977	-0.0690226501	-0.1406711689	-0.0127510235	-0.062223463	0.1189486324	-0.0359324988	-0.042510039	-0.009377791	0.0760152998	-0.0628300919	-0.0873308397	-0.0070211878	0.0202070117	-0.1192689974	-0.0264594527	0.0682170796	-0.1014441069	0.0584240235	0.1015747847	0.0132364638	-0.0407914601	0.0202060612	0.088589545	0.0634369146	0.0563748679	0.2399895	0.0729277189	0.0916931775	-0.098657209	0.0632328997	0.004759664	-0.0612824925	-0.0015844352	0.0484519417	-0.1081768749	0.1071165477	0.0259331638	-0.0174676729	0.0806954124	-0.008748309	-0.1000481437	-0.020307857	-0.0075995144	-0.0087984437	0.0264608069	-0.0191555056	-0.1040177491	0.0440895318	-0.146479024	-0.0670145643	0.1000959295	0.0150064267	0.0150878487	0.2097005077	-0.0510456076	-0.0090747621	-0.1650974603	0.0728917494	0.1340855712	0.0738335087	-0.0198545258	0.0158609935	-0.1014394773	-0.006231866	0.1109600521	-0.0568168931	-0.0680693994	0.0193468548	-0.1306975043	-0.0712617662	-0.0284044257	0.0197328603	-0.0377038799	0.0043933751	0.1288893945	0.0320466013	-0.0161951175	0.0457824536	-0.0031647856	0.0615147794	-0.0988400311	0.1132772961	-0.021666454	-0.0306332248	0.0749286123	0.1175101063	-0.1407518614	0.0753318052	-0.0559619386	-0.0504123274	-0.0090860418	-0.0943044852	0.0292845766	-0.0403723279	0.0575540466	-0.0250001222	-0.0960462598	-0.0598641657	0.0034485246	-0.0094633118	0.0696015578	0.0479916796	0.1056050384	-0.0836570809	-0.0257056703	-0.0232279829	0.0548986309	-0.0965541855	0.0531012873	-0.0368100268	0.0029860936	0.0358361496	0.0280629873	-0.0083842592	0.1083594676	0.100240825	0.0871572961	0.0697569027	0.0489014791	-0.0543840565360653	-0.0041327900322159	1.7079953450383106e-05	0.0029576256053179	0.0626219636048546	0.0588821380899986	0.0039215103257277	0.0034671061860496	0.0329866120055726	0.0001431972441992	2.0505450746245382e-08	0.0010881165716061	0.0014029244082529	0.000655980906995	1.9681968952717497e-06	4.3031095034198293e-07	0.0012580291184134	0.0001743339792686	1.5826372627759967e-06	3.0392336327624674e-08	-0.0006728829668173	0.000145022074315	2.1031402038654372e-08	4.527714870328517e-07	0.0	0.0
193.11510118059	0.2487924550302978	37293.44230398951	0.0618976856800027	286.0430202272844	0.071247031681537	81820.60942074662	0.0050761395234299	180.212605085778	0.1392035340022914	0.0193776238787271	32476.583031802576	196.1432538141856	209.4817359713693	1.165174	23.945127	0.1433436995390667	0.0828105953285689	-0.0067308374	-0.1263553087	0.056267348	-0.0873702717	0.0473929693	-0.0996877573	0.023487354	-0.0335273224	0.022737707	-0.0367666378	-0.0689305405	-0.0067457134	-0.0902423261	0.0174331605	-0.0347780086	0.0837312253	0.0691568817	0.0506373602	0.0677422486	-0.0986828636	-0.0554318815	-0.0703484683	-0.0168999478	-0.0900727166	0.0345170898	0.1046886836	0.0595898863	-0.0357962937	0.1491954217	-0.1249029774	0.0393040584	-0.0594413748	-0.0246223513	0.03507052	0.0764970273	-0.0720700679	-0.0029468074	-0.1325749791	0.0605650691	0.1361520603	-0.0199228039	-0.0672913025	0.0305430097	-0.1916782257	-0.0616437873	0.0030433344	-0.0852393738	0.0350165057	0.0885280807	0.0676228277	0.0414260842	0.0043677958	0.0934217182	-0.0127256687	0.1078203886	-0.0776991391	-0.0044240151	-0.1503658713	0.0719087442	-0.1035075031	-0.0139690746	-0.1046271218	0.1056017364	0.0095298978	0.0180822348	-0.2045373952	0.0011676815	-0.118709242	0.0694570608	-0.1021533041	-0.0821443507	0.0963805138	0.0826800699	0.0836969422	-0.0320460926	-0.0654298682	0.0690634701	-0.0121605415	0.0701054856	0.0841150581	0.0633180931	0.0545695736	-0.0426120089	0.0307001937	0.1397944693	-0.017000102	-0.1592424454	0.0644336333	-0.110746711	-0.0343122574	-0.0858384202	-0.0221701136	0.004772672	-0.0705441665	-0.1466008966	0.0150479469	-0.115420069	0.0146444578	0.074362969	0.008244981	0.1455161085	0.0772278715	-0.0356168207	-0.0278775365	0.0223477568	0.0607655667	0.1383121108	0.0647741913	0.0570955371	0.0355507119	-0.0059413942	-0.0954913131	-0.0355185655	0.0247196969	0.1279941007	-0.0637209772	-0.0377158075	-0.1397634733	-0.056261195	0.0132237488	0.0658887223	-0.1346528428	0.0226551014	0.1195641323	0.0174717564	-0.0952909168	-0.0593524184	0.0515225738	-0.0867896554	0.1173659922	0.0370706623	0.0627512884	0.0035035838	0.0739661733	0.0452984822	-0.1522028397	-0.0530794276	0.0101676934	0.0076578364	-0.0766203871	0.024407975	-0.0995429625	-0.0613636795	-0.0283400785	0.0699082633	-0.0243224908	0.0054064299	0.0672429137	0.1078625611	0.0983068664	0.0830027857	0.0628452084	0.0390128266	-0.0599707043074317	-0.0055866477713663	3.1210633321313105e-05	0.0035964853751294	-0.0003540268063204	-0.062975990411175	1.2533497959342205e-07	0.0039659753682684	0.0496349435325029	0.0166483315269302	0.0002771669426305	0.0024636276194747	0.0005519385877837	-0.0008509858204692	3.046362046846652e-07	7.241768666396375e-07	0.0010837766114693	-0.0001742525069441	1.174571743567878e-06	3.0363936176303674e-08	-0.0008102992359959	-0.0001374162691786	1.888323103496545e-08	6.565848518555393e-07	0.0	0.0
192.82816453171048	-0.2869366488795037	37182.70103666841	0.0823326404701996	285.2909941850952	-0.7520260421891862	81390.95136312002	0.5655431681307317	180.00863555006418	-0.20396953571381	0.0416035714993072	32403.108872595836	195.843213496138	204.17782066810568	1.293953	26.591619	0.1299888154605287	0.069215244907642	0.0958419802	-0.0759278597	-0.1076351911	-0.065550733	0.0543621336	-0.0210712384	0.0023088853	-0.0246181656	-0.0969347475	0.0502642208	0.0518243717	0.0234270903	-0.0593490199	-0.0511065116	-0.0602800237	-0.0265467466	0.011206	0.117701814	0.031085126	0.0041815542	-0.0324307956	-0.0173154295	0.0858543243	-0.0468435295	-0.0387067276	-0.0827462504	-0.0551397299	0.0099494088	0.0572884603	-0.0476872437	-0.0154358215	-0.0050064156	0.15826311	-0.0153560549	0.046939653	0.1579738253	0.0478319151	0.0324455562	-0.0031442933	0.0316412694	-0.0712393589	-0.0403786891	-0.015465863	-0.0057100481	-0.0365955704	-0.0179349538	-0.0624159569	-0.0134198774	-0.0853504175	0.0643452534	-0.01455275	-0.1569700355	0.0547417279	0.1048744959	-0.086597502	0.0084476206	-0.062767537	-0.1860643895	-0.0363417586	0.020494173	0.1497063683	-0.1546201428	0.0694005018	-0.0154418902	0.0131020359	-0.0954186721	-0.0148173816	0.0223740688	0.0175595628	0.0729490749	0.0253914799	0.0235873679	0.0513733418	0.0945733655	0.0023685829	0.0230856801	-0.0598044772	0.0456359029	-0.0142556319	-0.0319411296	0.1263819062	-0.0459667575	-0.0196857699	-0.0005622364	-0.0883261425	0.0980429125	0.0016299426	0.0341503628	-0.013492891	-0.0004798152	-0.0009416771	-0.0202621785	-0.0911283923	-0.0565588244	0.0486916545	0.0409891494	-0.0419003392	0.0812360813	-0.0152658956	0.0252156459	0.0096343673	0.0553742881	-0.1366586421	-0.1315900026	-0.1064203881	0.1118605932	0.1416503082	-0.000442047	-0.0018476407	0.0335445721	-0.045507575	-0.1204956509	0.0364214821	-0.0841873942	-0.079969984	0.0789676358	0.1093462255	0.0139800385	0.0792664715	0.028961616	0.1264179876	0.0022254099	0.0509389792	0.146935491	0.0092659346	-0.0039059963	-0.1330710017	0.0175084152	-0.0936781659	-0.0391302125	0.0340383147	-0.0713917429	-0.0014781997	-0.0674824237	0.1179641714	0.0168778268	-0.0806487625	-0.0556861034	0.0572534291	0.0115719932	-0.1063715856	-0.091198093	0.0809225934	0.1105028618	-0.0560965142	0.0827276685	0.0415904184	-0.0417918333	0.1073250918	0.0962250449	0.0785674201	0.0555555556	0.0287576717	-0.0499946200584702	0.0099760842489615	9.952225694237776e-05	0.0024994620347907	-0.0578519587791674	-0.057497931972847	0.0033468491345864	0.0033060121811541	0.0201091120369127	-0.0295258314955901	0.0008717747255059	0.0004043763869131	0.0010728646696157	0.000520926081832	1.1510385993096054e-06	2.713639827328396e-07	0.0010831401306261	-6.364808431999318e-07	1.173192542572725e-06	4.0510786376049613e-13	-0.0006720824438085	0.0001382167921874	1.910388164257492e-08	4.5169481127560565e-07	0.0	0.0
192.96261273773976	0.1344482060292762	37234.56991457493	0.0180763201044907	286.50392903061913	1.2129348455239324	82084.50134998205	1.4712109394861657	180.08283416383864	0.0741986137744561	0.0055054342860509	32429.82716048061	195.730827241038	202.32274988810744	1.166279	23.967825	0.0960635559807142	0.053857703283171	0.1166535569	0.0316347786	-0.0196992404	0.0982652507	0.035395203	0.003599805	-0.0644376525	-0.0889878593	0.0102501368	0.0678166031	-0.0925769727	0.0199103628	-0.0068639527	-0.0475034154	0.0132690642	0.0296394025	-0.0185133864	0.0205580113	0.0771125168	0.1329000842	0.0154913897	-0.0806379029	-0.0171943395	-0.0893386168	0.085617433	0.0770197516	0.1094597166	0.0801961962	0.0546765561	-0.1241245752	0.0809951351	0.1085181887	0.0865716206	0.0447571381	-0.1029404202	0.0583880799	0.040090506	0.0339554152	-0.0858318437	0.0403317789	0.0471206209	0.05859386	0.0248015593	0.0586702081	-0.1388007882	0.1368565097	0.0471680415	0.0846349116	0.0786117263	-0.0968632686	0.0005957235	-0.045956765	0.0358719526	-0.0002563345	0.1268941847	0.0410073512	-0.1485112148	-0.031630433	0.0186077667	-0.0167844396	-0.0729084291	-0.0563054546	-0.0628527426	0.0619788411	-0.1159817087	0.0660732172	-0.0355881438	-0.0568925185	-0.0049008629	-0.0352574544	0.1851460588	-0.0623224504	-0.0572889362	0.0319795213	0.0782711396	-0.0380246398	0.0076053342	0.1189785734	0.0327129533	0.0882893383	0.0205863158	0.0203330799	-0.1298940669	5.21591e-05	0.0630865762	0.0424910881	-0.007079435	0.0804471936	-0.1394319468	0.0249337659	0.0381525096	0.0463831627	0.0724177356	-0.1560561294	0.190121	0.0152687053	-0.0167192576	-0.0107908127	0.0504571127	-0.0410668408	0.0730640721	0.0339458875	0.0349496567	0.0547260354	-0.108131726	0.0195704674	0.0034130286	0.1398972185	-0.0774805958	-0.0250404646	0.0648518106	-0.0294217903	-0.0419954634	0.1060158554	0.1014502445	-0.0128247786	-0.0485236175	0.0415238664	-0.0571829707	0.100350483	-0.0741139396	-0.1427432679	0.010299601	-0.0372378051	0.0034659547	0.0862348556	-0.0944437271	0.1050037003	0.0084594471	0.0711298298	0.0237056969	-0.116042167	-0.0463361518	0.0636876112	0.0113036529	-0.0942728273	0.11482303	-0.0444680297	0.1732097165	0.0220930386	0.0323386595	-0.0659781375	-0.0350051974	-0.0195891619	0.0820498211	-0.036048538	0.048372551	-0.0232731447	0.106747262	0.0939984918	0.0738662073	0.0479317851	0.0182323554	-0.0512791635129019	-0.0012845434544316	1.6500518863233242e-06	0.0026295526105829	-0.0245277300622888	0.0333242287168785	0.0006016095420085	0.0011105042195748	0.0502363948642567	0.0301272828273439	0.0009076531705587	0.0025236953689575	0.0004473641400514	-0.0006255005295643	2.0013467380392865e-07	3.9125091248522006e-07	0.00108384992112	7.097904938999349e-07	1.17473065151183e-06	5.038025452307137e-13	-0.0006717427442255	3.396995829999536e-07	1.1539580669034238e-13	4.5123831441960565e-07	0.0	0.0
192.7530281509809	-0.209584586758865	37153.729861372834	0.0439256990068842	286.0599579825502	-0.4439710480689314	81830.29956097838	0.1971102915234253	180.10331210583377	0.020477941995125	0.0004193461083557	32437.203031491368	195.6485258789689	201.5595373786337	1.176778	24.183598	0.1293224758137043	0.0576412463740042	0.0758147913	0.1048962586	0.1698419119	-0.0492031339	0.0377978629	0.1048818382	-0.0644995848	-0.069724595	-0.0620319651	0.0388351215	0.0717633511	0.0462619487	0.0929981585	-0.0809708261	0.0021187281	0.0640716795	-0.1293103876	-0.0273651401	0.0049236902	0.0108546109	-0.0693823501	0.0844157248	-0.1427416464	-0.0224572793	0.038722564	-0.0784822108	-0.0199095889	0.1033165144	0.0130416909	-0.1501041016	-0.0345081564	0.1038457369	-0.0035712453	-0.0192232086	0.0439331523	-0.1831736293	0.1199122657	0.0763879532	0.0741880382	-0.0608320485	-0.033627342	0.0344721466	-0.0369708473	-0.1046371978	0.0900262302	0.1247038033	-0.1692338454	0.1470472219	0.0770614105	0.1140430983	0.128372677	-0.0300097447	-0.1135581868	0.0465047214	0.0527450724	-0.080003634	0.1047820063	-0.1457482577	-0.0435153931	0.1052445656	0.008610269	0.1003514594	0.0640456622	-0.0147697111	-0.0327096487	0.1080339419	0.1150876339	-0.1619370572	-0.0129732212	-0.0676708251	0.1118213464	0.0716092344	-0.0921543728	-0.003992919	-0.0088290024	0.0241120287	-0.1386981462	-0.0082576077	-0.0196514695	-0.0039373971	-0.050909782	-0.0710411903	-0.0005066401	0.1193349322	0.0568926743	0.0147097403	-0.033577749	0.1082031546	0.0553769743	0.1352591171	-0.082780817	-0.1568345666	-0.0756308334	-0.0335734559	0.0128591511	0.1114414435	0.043885738	-0.1382175157	0.1190427541	-0.095701232	0.1499684551	-0.1054736399	0.1916172338	-0.0743893974	0.1280679368	-0.0161108541	0.2299832638	0.0410642179	0.0182861465	0.0429237638	-0.0982907737	0.0358110075	0.0856696106	-0.0213672576	0.0246753123	0.0493154268	-0.0595010697	-0.0212944262	-0.014194155	0.0232722968	-0.1424156033	0.0511925709	0.1194907752	0.1307815747	0.0100638309	0.108335047	-0.0149532212	-0.0323490651	-0.0304719682	0.0165983886	0.0848532837	0.1196627168	0.0171160493	-0.090780855	0.2113438203	0.0160485038	0.0072348099	0.0065144506	0.0486268414	0.086444344	0.01351445	-0.041677719	-0.0030269682	-0.1075585618	0.0871399854	-0.0539566459	-0.0023415983	-0.1006949554	0.1061292888	0.091630556	0.0689150546	0.0400197472	0.007535757	-0.0234912238865234	0.0277879396263785	0.0007721695886792	0.0005518375996867	0.0012542217992717	0.0257819518615605	1.5730723217683407e-06	0.0006647090417918	0.0194391984024164	-0.0307971964618402	0.0009484673099091	0.0003778824345285	0.000663824063352	0.0002164599233006	4.406623870851601e-07	4.685489839530163e-08	0.0006801851826458	-0.0004036647384741	4.626518826909003e-07	1.6294522108744428e-07	-0.0009507258397292	-0.0002789830955037	7.78315675768266e-08	9.038796223287926e-07	0.0	0.0
193.28600137838143	0.5329732274005323	37359.47832884367	0.2840604611257395	287.04673609200563	0.9867781094554288	82395.82870107352	0.9737310373004304	180.1175663044785	0.0142541986447213	0.0002031821790031	32442.337691448203	195.69935556391945	201.31598702577145	1.368436	28.122303	0.1501911672216872	0.1106508926006505	-0.0587919982	0.1079185973	-0.0875001591	-0.0731504524	0.0046470866	0.0568373308	-0.076215739	0.0068831225	0.1003332768	-0.0401810458	-0.0299390955	-0.0580999065	0.0253733292	-0.0321781658	-0.0671745803	0.0990811591	-0.2250704239	-0.0836663124	-0.0123861071	0.0801442804	-0.0436780536	0.1361929861	0.2218922136	0.0824743379	-0.0958254367	-0.1321803525	0.0444503793	0.0535797178	0.0777678078	0.0762253397	0.2347397489	-0.0422095014	-0.1113496178	0.0744408067	-0.0196083761	0.1245467567	-0.0884214704	0.1386725691	-0.022916787	0.1745825491	-0.0221740688	-0.0481430731	-0.1252685648	-0.0285731557	-0.0372756484	0.0647706139	-0.0354025004	0.0074499242	-0.1049877487	-0.0338004451	-0.0665485761	-0.1144848373	-0.0585294741	0.0777645907	0.0396196339	-0.1241592982	0.0212105558	0.0941164851	0.0820544023	-0.0339448486	-0.018920216	0.0586116326	-0.0402592577	0.0038753094	0.1821993243	-0.0049599446	0.0345341452	0.0314128836	0.0643296587	-0.0272187777	0.0069582729	-0.0799733365	-0.1375209656	-0.0370598285	-0.0664544806	-0.0529467364	-0.1475378313	0.0596289824	-0.1746290238	0.0573208547	0.0140593645	-0.0329511792	0.2622254052	-0.0543258027	-0.1605714846	0.0568958818	0.2390767454	0.1184024016	-0.0523000937	-0.032645822	0.0197574586	0.2211631343	0.0909242299	-0.1570433707	-0.0829900848	-0.034489194	0.0484409356	0.0611657057	-0.1052660458	-0.0443117463	0.1776449783	0.031544632	0.0422478717	-0.1076626817	-0.012835533	0.0633033125	-0.0222084095	-0.078565749	-0.0340066347	0.0009037254	0.0577500674	0.1222012406	0.027370464	0.0269976425	-0.0562136545	0.0140173084	-0.0753225737	-0.0824635336	0.0133773575	-0.089896095	0.026127792	-0.010730494	-0.1732385588	0.0194323256	0.0134144467	0.1130946031	0.0563126274	0.1507055067	-0.069793895	-0.0721871217	0.0123706479	-0.1132631582	-0.1534871845	-0.0257085093	0.0889061219	-0.0073900052	-0.0050382461	-0.0983545728	0.1035363157	-0.1337365005	0.0029195164	-0.0876195745	-0.0955466921	0.0603550566	-0.0728957123	0.0925239999	-0.0440793278	-0.0253843332	0.1054714048	0.0891247992	0.0637307152	0.0318670259	-0.0032316354	-0.0309454046017805	-0.0074541807152571	5.556481013571087e-05	0.0009576180659678	-0.1050053437447218	-0.1062595655439935	0.0110261222149471	0.0112910952695982	0.0147873635381898	-0.0046518348642266	2.1639567604034114e-05	0.0002186661204105	0.0003212238280305	-0.0003426002353215	1.0318474769456825e-07	1.1737492124234717e-07	0.0006658923931284	-1.4292789517399975e-05	4.434126792262677e-07	2.0428383218869862e-10	-0.0006711071426039	0.0002796186971253	7.818661578205026e-08	4.503847968539714e-07	0.0	0.0
193.19705883624889	-0.0889425421325427	37325.10354297701	0.0079107758009991	287.75799540954773	0.7112593175421011	82804.6639221213	0.5058898167904554	180.03690087326143	-0.0806654312170565	0.0065069117934336	32413.285676048563	195.5514590956404	202.3403248279292	1.149003	23.612803	0.2309110423088263	0.2141208506420366	-0.0884112843	0.0427482221	-0.0370748091	0.0826044769	-0.0528687859	0.0368352486	-0.0867136917	0.1183014197	0.1192499592	-0.1315982835	-0.0775938631	-0.0511505306	-0.0603244254	-0.105455604	0.0300696258	-0.0602226333	-0.0994938138	0.0147811721	-0.0699735859	0.0761795753	-0.0673715179	-0.0991511322	0.1359996366	0.1957898277	-0.2250026517	0.1497998548	0.2261748579	0.1771433272	-0.0020842248	0.0233898082	0.1103048205	0.0602847279	0.0349739259	-0.1119440386	-0.0402644081	0.0595266385	0.0125181895	0.0251342298	-0.0764743461	-0.0122038651	-0.0326665284	0.0477959958	0.1131285752	0.0346664026	0.0856988971	0.0823664436	0.1128851732	-0.0617440795	-0.0180153949	-0.0243885329	0.0623756006	0.0799244839	0.1945042177	0.0295849344	-0.0406456316	0.0783999923	0.091467076	-0.1149456402	-0.0487405846	-0.0289412069	-0.0582561372	-0.0404409082	-0.1047490418	0.0651393014	-0.0652286355	-0.0525481778	0.1602986189	0.0376811062	0.0137803769	-0.0178140742	-0.1259241093	0.0339283392	-0.0946030434	-0.0518039637	0.0104866473	-0.036559704	-0.0067265749	-0.037802239	-0.2257478926	0.0504304779	-0.0435993364	-0.0751457366	-0.0034275538	-0.2691812463	0.1512906477	0.1881858578	0.1697935944	-0.0532766883	-0.1401397064	0.1612097044	-0.1434054102	0.0039711339	-0.0551218743	-0.1206514804	0.0333565733	-0.2220813276	-0.0022708664	-0.0171471338	0.0213337914	0.0369863965	-0.1857296572	-0.0250336914	-0.0280338148	0.0314729856	-0.052487197	0.0456140461	-0.0286077908	0.0596808151	0.0543541659	-0.1415928865	0.019429073	0.007161759	-0.0171647216	-0.0329237945	-0.0262075572	-0.0473085103	-0.0210869698	0.0115977745	0.0689341046	-0.0299327347	0.000698573	-0.099842423	0.1209188243	-0.0109122027	0.0071332454	0.0095334967	0.1074071257	-0.0107872637	0.1109342025	-0.0086693123	-0.141287519	0.0557807266	-0.0317232263	-0.1374147596	0.0139439393	-0.1067929003	0.0553123848	-0.0159010312	0.0070447554	-0.0291335099	-0.1922397622	-0.0452643778	-0.0567377975	-0.1007794406	0.2356232353	0.1076323032	0.0536498341	0.0066753576	0.1047738574	0.0864849902	0.0583307311	0.0235226525	-0.0139686685	-0.031899473669398	-0.0009540690676175	9.102477857845264e-07	0.0010175764203846	0.1086427290100147	0.2136480727547365	0.0118032425667434	0.0456454989918131	0.0001032074469975	-0.0146841560911922	0.0002156244401104	1.0651777115741772e-08	0.0003247135989129	3.489770882399981e-06	1.0543892131896769e-07	1.217850081164674e-11	0.0006368910171548	-2.900137597359998e-05	4.056301677324758e-07	8.410798083621021e-10	-0.0006711034015543	3.741049599986258e-09	1.3995452109557346e-17	4.503797755777521e-07	0.0	0.0
193.79323365791217	0.5961748216632827	37555.81741159014	0.355424417985247	286.5928096137378	-1.1651857958099183	82135.43852229617	1.3576579387571932	180.4753921862132	0.4384913129517827	0.1922746315341782	32571.36718476747	196.0068294428985	204.11106017879533	1.126237	23.144941	0.2064391139619749	0.1721744255082855	-0.0749664465	-0.0125044699	-0.0207080171	0.0694930293	-0.015055329	-0.0121411901	-0.0083682379	0.1808747301	-0.0756521763	-0.227201433	-0.0088041662	0.0968182948	0.047241494	-0.0185664974	-0.1124507006	0.1278795247	-0.0388922837	-0.0977510529	0.0425614212	-0.1405256282	-0.0440326165	-0.1112731383	0.0459335504	0.0530958456	-0.0238258977	0.0997966259	-0.2441048146	0.0564078818	0.123153158	-0.1553085457	0.0476963733	-0.0045307751	-0.1802510223	0.0361497867	0.1934358907	0.1284858968	-0.116525758	0.0380065009	-0.0901942006	-0.0129784937	-0.0931636041	0.0710927981	0.1118360649	-0.0522951905	-0.0341142166	-0.0776785757	0.0637074217	-0.0216542273	-0.0613391062	0.0375140641	0.0812186433	0.1532897485	-0.0877661598	-0.1022878711	-0.0027240154	0.1304383197	-0.0711621331	0.0188645148	0.0955102345	0.2282834403	0.1005295283	-0.0006269012	0.1057369534	-0.0221129943	-0.0328262951	0.0854280646	-0.0303904304	0.1605340952	-0.0010962171	-0.1042257113	0.1129203564	-0.0398157959	-0.0483570583	-0.0314153372	-0.0389387377	-0.1564990999	-0.0123927341	-0.2188076752	-0.0619963778	0.0301966631	-0.005048714	-0.2143208225	-0.0596502827	0.0413888128	-0.13327142	0.1695379049	-0.1939342698	0.0927911445	-0.0890947113	-0.0561023213	0.1777001568	0.0280590447	-0.016175528	-0.0844391231	-0.2384036875	0.0236332303	0.1166510165	0.0777663808	-0.0753442436	0.0086610446	-0.1042921034	0.0775415891	-0.015141187	0.0485847672	-0.0331302183	-0.1616432914	0.056338073	-0.0141298076	0.0888013856	-0.0938126282	-0.0763447869	-0.1337767986	-0.1572136622	0.1024307429	-0.0149123882	0.1174999827	-0.0195956565	-0.0233688324	0.0549077681	-0.1454965626	-0.0993272947	0.1036667265	0.0486010177	-0.0098974431	0.0206996799	-0.0425770629	0.0418132873	0.0642645555	-0.1520813684	-0.0768671382	-0.0424206292	0.0988487652	-0.0821741163	-0.0897979159	-0.0078039323	0.0259255127	-0.0488241075	0.0020076169	0.1435168014	0.1036833901	0.1088085656	-0.0364570737	0.1393338153	0.1489434327	0.0760427971	0.1794272685	-0.0335242167	-0.0664871128	0.1040369087	0.0837150996	0.0527333744	0.0150368111	-0.0245744743	-0.0379280741753547	-0.0060286005059567	3.63440240604214e-05	0.0014385388106512	-0.0636360044599797	-0.1722787334699944	0.0040495410636305	0.0296799620060253	-0.0136550716176913	-0.0137582790646888	0.0001892902428218	0.0001864609808842	0.0005411913533146	0.0002164777544017	2.9288808090248824e-07	4.6862618150802766e-08	0.000622833968864	-1.4057048290800006e-05	3.879221527708822e-07	1.976006066498834e-10	-0.0006141681858201	5.693521573420007e-05	3.2416187906999036e-09	3.772025604735529e-07	0.0	0.0
193.47304566870227	-0.3201879892098986	37431.81940032375	0.1025203484342781	287.2062113743654	0.6134017606275961	82487.40785201667	0.3762617199410347	180.01303286145298	-0.4623593247602287	0.2137761451927346	32404.691999978557	195.89757844514392	206.7365503259937	1.261462	25.923912	0.2147431705502096	0.1383266456729305	-0.0389633679	-0.0789667283	0.0482011561	0.0323290135	-0.0707981755	-0.052004952	0.0187140723	0.1461459886	-0.0466976142	0.0550733372	-0.2060792425	0.0265486699	0.1046071293	0.1946250144	0.088007659	-0.0159227481	-0.1021492561	0.0527329167	-0.0687602579	-0.0848386842	-0.1404859014	0.0186790911	0.1083775812	0.0256832471	0.2241532899	0.0224087737	-0.0020152389	-0.0322462613	0.0858331862	0.1136349657	0.1068198375	0.0811300702	-0.0077525411	-0.0101633155	-0.0219025834	-0.0769155857	0.1046772693	0.0865482854	-0.0499426514	-0.0384818703	0.1332041368	-0.0701276543	0.0403946437	0.1222653683	-0.0236768504	-0.0290744194	0.0177225484	-0.0118983112	0.0073400243	0.0942084097	0.1593067618	-0.0683750175	0.0991538729	0.0464406049	-0.0279317544	0.0391931581	-0.0884767841	0.0916853577	0.0694236111	0.0132953744	-0.0727910912	0.1036822894	-0.1074158794	-0.0953671943	-0.0999346366	0.0578989599	-0.0340693294	0.0987707031	-0.0340520128	0.1097376848	0.002071137	0.1219429057	0.0205436982	0.0157298407	-0.1675587833	0.0201418784	-0.0562338411	-0.0153532041	-0.0723831468	0.0680195105	-0.215356581	0.0768542705	-0.1378930905	-0.0156422956	-0.1312894154	-0.0889106355	0.061258871	0.0380789075	-0.121859052	0.0260204401	-0.0497324451	0.0348493589	-0.112896989	-0.0207037629	0.1093643062	0.0138776735	-0.1101659048	-0.031997653	-0.0882841719	0.0300994647	-0.0682049288	-0.0043161983	0.0485943917	0.0575911883	-0.0726234934	0.0909656605	0.0346643005	-0.1286469473	-0.0416402957	0.0820663494	0.0325836078	0.0199061656	0.128517976	0.1724535718	0.0532670637	-0.0618085543	0.0750623223	0.1654967845	-0.0447490982	0.0024096697	0.0420871106	0.1247729998	-0.0277247728	-0.131299085	0.0267368802	-0.0721043211	0.0201799904	0.0724076678	0.0820706778	0.0176806231	-0.1801288139	0.0171103939	-0.122542221	-0.1541238997	0.0059795693	-0.0200261023	0.0973466432	0.0270534046	0.013754443	-0.0979581898	0.0383144038	-0.0499502904	0.102257823	-0.2048498561	0.0524326252	0.01593238	-0.0084285478	0.0424352302	0.103260836	0.0808192935	0.0469575846	0.0064605365	-0.0349494174	-0.0187232647816131	0.0192048093937416	0.0003688247038499	0.0003505606440823	0.0713725429661451	0.1350085474261248	0.0050940398894542	0.0182273078781121	0.0003424883710962	0.0139975599887875	0.0001959316856397	1.172982843361284e-07	6.956069914118584e-05	-0.0004716306541734	4.838690865010572e-09	2.224354739560426e-07	0.0002159803270085	-0.0004068536418555	4.66475016546986e-08	1.655298858910835e-07	-0.0005620074070179	5.216077880220002e-05	2.7207468452520387e-09	3.1585232554298346e-07	0.0	0.0
193.77808925016825	0.3050435814659806	37549.94787344617	0.0930515865935923	286.16364789657365	-1.0425634777917594	81889.63337747418	1.0869386052252483	180.27374116377595	0.2607083023229677	0.0679688189001239	32498.62175318409	196.1693007054834	209.6008046196012	1.208028	24.825813	0.1411472828013129	0.0924377236814671	-0.0018861239	-0.1222793648	0.0326043497	-0.0689617958	0.0403851245	-0.0660977487	0.0449920653	0.0176942951	-0.1105892631	-0.0331454961	-0.0940956055	-0.0159730013	-0.0465100683	0.0829899397	0.0446274365	0.1086793857	-0.1065287384	0.0210513106	-0.0075948216	0.0042760844	-0.2547764413	0.0063901424	0.0007420882	-0.0696416062	-0.0513284482	0.0104353729	-0.0014551669	-0.0081108939	0.1054330438	-0.0333682218	-0.0143891841	-0.128978903	-0.0477272958	0.005712476	0.0889171273	-0.162759512	-0.1292187905	-0.0145114991	0.1044734134	0.1032020267	-0.0544283913	-0.0856909787	0.0512485187	0.0937710218	-0.0018730938	-0.0291364625	-0.0747637721	0.0401516292	0.0921159261	0.0343729895	0.0737250667	0.0921000813	0.02077242	0.0412737014	0.0529617253	-0.0466383017	0.0477641935	0.0653247605	-0.0555423825	-0.1308075455	0.1027093227	-0.02555003	-0.0953849325	0.1156761579	-0.0540938391	0.0466945909	0.0107825124	-0.0184323529	0.0395004121	0.1365883863	-0.0459444296	-0.211126334	0.0556582701	0.0849115464	-0.0745875124	0.0318913159	-0.1782680212	-0.0399354533	-0.0587122117	0.1687971608	0.0510219893	0.0352409296	0.0151144418	-0.0158546781	0.0386525002	-0.0726585479	-0.0908460143	0.0003525758	-0.0190849949	0.0075275315	-0.1311469468	-0.0406995976	0.099132214	-0.0096720913	-0.2405711888	0.011867512	-0.0684437959	-0.0561312423	-0.0234252852	0.0178620224	0.0707222217	0.0275855534	0.0556471188	-0.0210088482	-0.0418444799	-0.0437599796	0.0276087527	-0.0438465474	-0.054256063	0.043959758	-0.0140441241	-0.0895933038	0.0769144626	-0.1142943415	0.1070403891	-0.0497029575	-0.0299356539	0.0059567194	0.0522564123	0.054829039	-0.0548846057	-0.0277774677	-0.0680393381	-0.1223856449	0.0340300557	-0.0763481071	-0.0472269986	0.0164476828	-0.0662444692	0.0797144547	-0.0239388615	0.2362456326	-0.0073871456	-0.1679237444	0.0069242481	0.1133832306	0.1288530106	0.1247156179	-0.1347539823	-0.0409172453	-0.0126878437	-0.0083346735	-0.0674603775	0.1602506002	-0.0811796867	0.0686725974	-0.0533759552	0.0687931988	0.1024459312	0.0778019275	0.0410229053	-0.0021545924	-0.0449960313	0.0038854029548076	0.0226086677364207	0.0005111518568158	1.5096356121227631e-05	-0.0123860017687462	-0.0837585447348913	0.0001534130398153	0.0070154938161067	0.0002847951482749	-5.7693222821299977e-05	3.328507959508168e-09	8.11082764809223e-08	0.0001579947508848	8.843405174361417e-05	2.4962341307150014e-08	7.820581507792228e-09	0.0002160034729916	2.3145983099994233e-08	4.665750034443287e-08	5.357365336652185e-16	4.398293739897852e-05	0.0006059903444168	3.672242975264871e-07	1.9344987822424637e-09	0.0	0.0
193.6516246210056	-0.1264646291626547	37500.95171835486	0.0159933024292477	287.0234721319193	0.8598242353456271	82382.47355466265	0.7392977156876924	180.32443926757432	0.0506981037983678	0.00257029772875	32516.9033971651	196.19963470124813	208.4449651899009	1.332622	27.386305	0.091378088415689	0.0447772355750908	0.0811504585	-0.0959695482	-0.0890912949	-0.1075814051	0.0050703686	-0.0347798994	0.0328820913	-0.0028266285	-0.1021304203	0.0217179967	-0.1298708255	-0.0423646257	-0.1057399765	-0.0402745916	0.0513545193	0.0232443296	-0.0343768583	0.0600035809	0.0351984443	0.0249450553	-0.140560891	-0.0785568041	0.0613534134	-0.093458526	-0.0823329077	0.1192240586	-0.0479750968	0.0845335117	-0.0341953778	-0.0319353924	-0.061390499	0.1300888246	-0.0179898586	-0.0232428538	-0.1772284445	0.0152273591	0.0575581892	0.147473944	0.0546147259	0.1853628362	-0.0454513584	0.0708645044	-0.0069892052	0.0033407851	0.0145350767	-0.0368033717	-0.0418579412	-0.0434967342	0.0070479964	-0.0795737357	0.0719981132	-0.0740333786	-0.0162778546	0.1155129551	-0.1065166116	-0.0135151906	-0.0138323339	-0.084984467	-0.0841266073	-0.1411160111	-0.0748185539	-0.035937476	0.052615992	-0.0739721018	0.0536843252	0.0939658051	-0.0496107866	0.0436762149	-0.1278370462	0.0044258883	0.0780144707	-0.1653674122	0.0324518426	0.0759676615	-0.0212786142	0.0151874197	-0.0715494634	0.028109446	0.0081414457	0.1534508439	0.0867483134	-0.0313002615	-0.0642868251	-0.127769202	-0.0196537959	-0.0697018784	-0.0878781572	-0.0453854785	-0.0013695795	0.1174899619	0.0133172378	0.0125189275	-0.0306475672	-0.0648011685	0.1081229346	-0.1945829077	-0.0037339048	0.0286893049	0.0375700659	-0.1457762611	0.072185824	0.0665634522	-0.0318625559	-0.1761603974	-0.0009944098	-0.032393469	0.063703387	-0.0570383917	-0.0886482322	-0.11370856	-0.0574417262	-0.0902117049	0.0243561633	-0.0536340949	0.0864081533	-0.1159927762	0.011106196	0.1564370459	-0.046662109	0.0529895933	0.1733512345	0.0400447257	-0.1035740035	-0.0121558579	0.0392976837	-0.0030650765	-0.1242127112	0.1280733293	-0.0578177417	0.0115534109	-0.0830208224	-0.0202804625	-0.1743260635	-0.0693134414	-0.0067364932	-0.0305366325	-0.1110272485	0.0778179241	-0.0932089399	0.0314028894	-0.1286337466	0.0312168277	0.0389907028	-0.0614608591	0.0425856866	-0.0118622706	-0.003310834	0.0451928987	0.1015925006	0.0746675401	0.0349494174	-0.0107567634	-0.0546199342	0.0050820053533016	0.001196602398494	1.431857300081594e-06	2.5826778410986123e-05	-0.0359569333925122	-0.023570931623766	0.0012929010589935	0.0005555888176122	-0.0064789096206752	-0.0067637047689501	4.574770220151833e-05	4.197626987287767e-05	0.0003194265225209	0.0001614317716361	1.0203330328979505e-07	2.6060216893569946e-08	-0.0003280712938376	-0.0005440747668292	1.0763077384027688e-07	2.960173519002484e-07	-0.0004474475166253	-0.0004914304540242	2.4150389114250855e-07	2.0020928013414813e-07	0.0	0.0
193.7602256318989	0.1086010108932953	37543.025036924366	0.0117941795670456	286.2455425627402	-0.7779295691790935	81936.5106370375	0.60517441460317	180.25914856100104	-0.065290706573279	0.004262876364838	32493.360639937044	195.8783936002881	202.531270906843	1.286971	26.448143	0.098433913743557	0.0451199283348643	0.1250313122	0.0073536103	-0.1496973342	0.0726940999	0.0357164231	-0.0041512237	-0.0454315821	-0.0438286583	-0.1480106667	0.0035423642	-0.0868321058	0.0050863124	0.019251628	-0.0702591715	-0.0017682364	-0.0406430234	-0.0444887429	0.0830480913	0.0955723772	0.0661549218	-0.0794768107	-0.1042029761	0.0360247157	-0.0397062418	0.0345014395	0.0090656905	-0.0287033126	-0.0376534907	-0.0551002769	0.0609113632	0.1239705115	-0.0227571274	-0.0245567456	-0.0078076853	-0.08854133	-0.0430926429	0.2169255177	0.0548921533	0.0048358679	-0.150925461	0.0569092277	0.1376954228	0.0093716503	0.0850371239	0.0892348434	0.0390019347	-0.001880315	0.0266621546	-0.1090621212	0.0246880095	-0.0442506946	0.1073404024	-0.0741247599	-0.0274726428	0.0587085389	-0.0529596683	-0.0427962406	0.0450780704	-0.0044267515	0.189827844	-0.0894904681	-0.0189446997	0.0741565001	-0.0220249873	-0.0792831653	-0.0852419358	-0.0645390102	0.0255595094	0.0168708071	-0.0778124422	-0.0418334227	0.033206491	-0.023883776	0.0808771188	0.0352852466	-0.0225916273	-0.0838440441	0.0545941553	-0.0190643591	0.0124591952	0.0007425949	-0.0524174879	-0.1836279798	-0.1085783759	-0.0820673563	0.0183621263	0.0482626582	0.0859867313	0.0436822166	-0.0560003377	-0.0312355084	-0.053177644	-0.0219612359	0.0948778344	0.1295531883	-0.054063985	-0.0460892739	0.0261935671	-0.0703119137	-0.146279699	-0.067277493	-0.1082629708	0.1523122081	0.0293787965	-0.0016489136	-0.1094399012	-0.0682472862	-0.0438241623	-0.0441183492	0.0424088302	0.0389806291	0.0146137565	-0.0537402577	0.014436812	-0.0321222174	0.1386195335	-0.0612916488	-0.0457017192	-0.0741713453	0.0270448464	0.0229070503	0.0625301137	-0.0069826002	0.0633030057	0.0297033903	0.0707241316	-0.1266785703	-0.0017758031	-0.0207738633	0.0286508366	-0.0828092187	0.1080902295	-0.082874185	-0.0789675382	-0.0917371312	0.1480359361	0.0921513298	-0.1002445134	-0.0669289328	0.1771774177	-0.0024454813	0.0301391839	-0.0116901324	0.0711051099	-0.0641373197	-0.0644211849	-0.0368399437	0.0568154323	0.1007008652	0.0714208455	0.0287576717	-0.019294242	-0.0637307152	0.012426376390195	0.0073443710368934	5.393978592755864e-05	0.0001544148301907	-0.0040894165485241	0.0318675168439881	1.672332770734276e-05	0.0010155386298018	-0.0197483086869354	-0.0132693990662602	0.0001760769515796	0.0003899956959944	0.0005530011653553	0.0002335746428343	3.0581028888431986e-07	5.4557113775217527e-08	2.896709724020674e-05	0.0003570383910778	8.39092722523593e-10	1.274764127034289e-07	-0.0001190080146092	0.0003284395020161	1.0787250648458377e-07	1.4162907541223561e-08	0.0	0.0
193.64964001812484	-0.1105856137740488	37500.18307914934	0.0122291779737831	287.1173890374098	0.87184647466961	82436.39508765933	0.7601162753938269	180.06782708518256	-0.1913214758184835	0.0366039071093625	32424.422351179204	195.74687080822773	204.9596472659526	1.221905	25.110983	0.1151804009255097	0.0565131293035661	0.1040275047	0.0587136555	0.0756029562	0.0730692904	-0.0025717496	0.0772810839	-0.0338784956	-0.056513465	-0.0610704101	0.0633304835	-0.1463910813	0.0171898751	-0.0762648044	-0.0636247201	0.0302260192	0.0536628658	-0.0597091539	0.012483713	0.009677572	0.048958301	-0.0240456291	0.0730287389	0.0431966982	-0.0355964712	0.1226674801	0.0882444993	-0.0386447792	0.0987716376	0.0150934525	-0.1461863924	-0.1302401379	-0.0156193385	-0.0607350809	-0.0738171246	-0.0594746288	0.0017850781	0.0253106156	0.0623091774	0.0976504096	-0.1824326294	0.0994290213	0.0348025185	0.069741571	0.0708246502	-0.0241011428	0.0584193498	0.0125489973	-0.063668392	0.065916647	-0.0984790155	0.0012640849	0.0377040984	0.0602438343	-0.048068821	-0.161443152	0.0063174309	-0.0097516774	0.0260228727	0.0528571443	-0.075281721	-0.0275995868	0.0081654736	-0.0234441876	-0.0706480634	0.0265135803	-0.0885773384	-0.1523368788	-0.0377034562	0.113260568	0.0646458715	-0.0800467465	-0.0855789114	-0.0546149619	-0.0008244184	0.0038155028	0.0053345338	-0.0482765793	0.1208975548	0.0418154378	0.0663766388	-0.073644259	-0.0604112584	-0.0879759319	0.0626264771	-0.0228809924	0.0083514046	-0.1882655971	-0.0554124594	-0.0571104238	0.0415294167	-0.0260260971	-0.1222079171	-0.0454117505	-0.0225883887	0.0828921299	-0.028947748	0.0161039198	-0.138907548	-0.1284201339	0.0104386447	-0.059883838	-0.025041279	0.0575415641	-0.0377687814	0.0056450797	-0.0769502472	-0.0217761524	0.1493482301	0.0704216488	0.0087776314	0.0141263019	0.0774769349	-0.1574247618	0.0171001581	0.002566057	-0.0199921472	0.0383863567	0.0223354188	0.0193756558	0.0105221305	0.0114171444	-0.0738912379	-0.1776725446	-0.0448427375	0.0274914027	0.1193777795	-0.043629639	0.1333896638	-0.0029789069	0.0769865507	-0.031394569	-0.0010104968	-0.1143353022	0.0457792599	-0.0312489327	-0.1580711508	0.0899643016	0.1129412901	0.0678226523	-0.0267576183	0.0248848489	0.0676606862	0.0599661069	-0.0308829128	-0.0767938992	-0.0639062584	0.0354981655	-0.1079001207	0.0997713604	0.0680667272	0.0224686191	-0.0277156827	-0.0722427837	0.006414707523362	-0.006011668866833	3.6140162564449176e-05	4.114847261027705e-05	-0.0280960988412601	-0.024006682292736	0.0007893907700978	0.0005763207947043	0.003865977849955	0.0236142865368904	0.0005576345286463	1.4945784736342685e-05	-0.0001980273284864	-0.0007510284938417	3.921482282746057e-08	5.640437985621324e-07	-0.0001219556451039	-0.0001509227423441	1.4873179372708406e-08	2.2777674156665628e-08	-0.0004480120430044	-0.0003290040283951	1.0824365070026957e-07	2.0071479067697638e-07	0.0	0.0
193.560743744222	-0.0888962739028329	37465.761518816376	0.0079025475138074	287.0279455732363	-0.0894434641734847	82385.0415399927	0.0080001332833534	180.22504548827328	0.1572184030907237	0.0247176262703973	32481.06702125017	195.92489243989607	203.85978162125545	1.254269	25.776087	0.1784967856782293	0.1041057412734923	0.0227880324	0.1070864548	0.089750418	-0.1423317213	-0.0240268408	0.1134847971	-0.0298633836	-0.0796832563	-0.1098023926	0.0842035049	-0.0550900921	-0.0199407972	0.1140721699	-0.009197581	-0.0740597462	-0.0068206288	-0.057357744	-0.0331299897	0.0915816168	0.0130016921	0.1132258665	0.0994278713	0.0031251836	0.0370770834	-0.0492019113	-0.0648252086	-0.1577511357	0.1173384242	0.0397063468	-0.1438844604	-0.0373421816	-0.0668476663	-0.0114260062	-0.0192598996	-0.1269616657	0.1383896496	0.0023584405	-0.0838647579	0.1007793633	-0.0262762133	-0.0014362294	0.0918399827	0.027753739	-0.1029858592	0.0578205741	-0.0333179096	-0.1136036127	-0.0420445525	-0.0059105689	0.06135462	-0.1426780882	0.0339397217	0.1259651047	0.0007031633	-0.0675734562	0.0148175243	-0.0352682121	0.0867055115	0.0195362107	0.0015502614	-0.0600598928	0.0707016163	0.0407456592	-0.0072390453	-0.134803403	0.0052178883	-0.0201556263	-0.1418294682	0.0121074687	0.1482692776	0.0865210903	0.0204847654	-0.0426281499	-0.0400125058	0.0054926164	0.0185542932	-0.0957910897	0.0879891806	0.1037490843	-0.1083099745	-0.0203803733	-0.0852031219	0.0600162471	0.0094380926	-0.0899915275	0.1048702684	-0.1316555	0.0666630543	-0.0317313145	0.0004278292	0.0854265184	-0.1724906204	0.0583013058	0.0634562216	0.0642807694	-0.1850943214	0.0730376208	-0.049077454	0.0599041351	0.0646094089	0.0356579054	0.0054970383	-0.0133055533	-0.1114373543	0.0575413941	0.0091745102	-0.0710858784	-0.058537657	0.1952449336	0.1420772369	0.0119773548	0.0143826712	0.0255284694	0.0204382054	-0.0140984595	-0.081506076	-0.0376564898	-0.0085613011	0.091315105	0.0701640624	-0.0199848047	-0.0323636484	0.0487386879	0.0553528259	0.0218934094	0.10266669	0.0296481291	-0.0386316623	0.065429285	0.021317234	-0.1377462291	0.0852831013	-0.0600142131	-0.0431818847	0.1305061637	0.0468156659	-0.0202349615	-0.0276873569	-0.1477649114	0.0760835632	0.1022936399	0.0599802636	0.0053760404	-0.0191541929	0.0091597273	-0.1085972391	0.1230363907	-0.0811806363	0.0988043356	0.0646102301	0.0161035399	-0.035970438	-0.080076174	0.0125124007525414	0.0060976932291794	3.718186271718031e-05	0.0001565601725921	0.0629818700137718	0.0910779688550319	0.0039667159504316	0.0082951964107581	-0.026148257906648	-0.030014235756603	0.0009008543480529	0.0006837313915525	0.0003289745880812	0.0005270019165676	1.0822427960319521e-07	2.777310200659237e-07	-0.0003280254949422	-0.0002060698498383	1.0760072533207526e-07	4.24647830123795e-08	-0.000154946052662	0.0002930659903424	8.58876746953717e-08	2.4008279235535277e-08	0.0	0.0
193.248142283944	-0.3126014602780174	37344.84449619546	0.0977196729679488	287.4956161445241	0.4676705712877833	82653.72930231954	0.2187157632486416	179.87162224842348	-0.3534232398498034	0.1249079864659316	32353.80049027955	195.6827825252776	204.7408427362828	1.287123	26.451252	0.1419744392419997	0.0845234203923979	-0.0884130289	0.0685402594	-0.0719733995	-0.0545640531	-0.0446052975	0.1352725723	0.0950180222	-0.0662924501	0.0388030596	0.0729314054	-0.0282098676	-0.0887468629	-0.1085203195	0.0961693134	-0.0521814163	0.2134697701	-0.1179012846	-0.0453922106	-0.0582748185	0.0882110446	0.0104346327	0.1341585055	-0.058421332	0.032803147	0.0054028192	-0.1158536115	-0.1202505988	0.1032865796	0.0118433958	0.0399407154	0.1787332903	-0.0456333291	0.1004392444	0.0874497572	-0.1034152725	0.0585290849	-0.0765406291	-0.0850881965	0.0154275273	0.0222082786	0.0516876092	-0.0708006172	-0.1258182231	0.0390503439	0.0213180584	0.0918497661	0.1333664111	0.0409645863	0.0722568081	0.1202243817	-0.01288429	0.0548388909	-0.0049173477	-0.0882413481	-0.0222793001	-0.0140969622	-0.0212232236	-0.1103552356	-0.0662179764	-0.0156796115	0.0726658478	-0.1456365293	0.0039467264	0.035523012	-0.0798640304	0.0124799455	0.0095656227	-0.1032639723	-0.0494980939	-0.0522371997	0.05215599	-0.0890254834	-0.0629882576	-0.0773444479	-0.0492455417	0.1377893912	-0.0950900661	0.113403887	0.0374275638	0.0199125205	-0.0091669612	-0.0438087545	0.0728093804	0.0470612123	-0.1367231221	-0.0088194816	0.0750387852	0.0665236814	0.0311104307	-0.133940995	0.0419713402	0.0288043641	0.1987520636	-0.0154906105	0.0244294478	-0.0638408801	-0.1033338151	0.0243310657	0.0856353579	0.1526309244	0.0725224338	-0.102839954	0.0328027437	0.1168414057	-0.0290420755	0.0778962721	0.0323965677	0.1997644359	0.1027858509	-0.0500988329	-0.1246588984	-0.0580462721	-0.0073489379	-0.1707398558	0.0613139623	0.0384042179	0.0048485592	-0.0002952715	0.0772202057	0.0373198843	-0.020373046	-0.0627522622	-0.0293484175	0.0561192273	0.0331378032	0.0633946009	0.0932936933	0.0606307987	0.0211838921	0.0857218911	-0.0074034003	-0.0301327162	-0.0559857312	0.0028086492	0.0730892066	-0.1048656573	-0.0050167356	-0.1116420045	-0.0627800285	-0.1161269273	-0.071729384	0.0698688319	-0.0741843046	0.0219380998	-0.1398817688	-0.0345807989	0.1221963646	-0.0120030329	0.0978001546	0.0610565531	0.0096839714	-0.0440088629	-0.0871572961	0.0125144091858118	2.008433270399984e-06	4.033804201649576e-12	0.0001566104372699	0.0016623064598775	-0.0613195635538943	2.763262766550466e-06	0.00376008887444	0.0105604698752657	0.0367087277819137	0.0013475306953666	0.0001115235239863	-0.0004020011530931	-0.0007309757411743	1.6160492708818206e-07	5.343255341853172e-07	-0.0003279985758612	2.6919080999975205e-08	1.0758306576697539e-07	7.246369218832261e-16	-7.065923458873363e-06	0.0001478801292031	2.186853261313343e-08	4.9927274326656906e-11	0.0	0.0
193.04914533391167	-0.1989969500322672	37267.97251415377	0.0395997861221446	286.42971672680443	-1.0658994177196632	82041.98262419742	1.136141568695117	179.85101103860558	-0.0206112098179005	0.0004248219701575	32346.386171608625	195.63548329891685	204.4165392965649	1.111796	22.848175	0.0831744396819764	0.0520770725731637	-0.0965870989	0.0001147418	0.0317294817	0.0563885948	0.0010082596	0.0825603458	0.1598809356	-0.0209635151	0.0554722579	-0.0168353631	0.0895480201	-0.0646834935	-0.0073838836	-0.0823793242	0.0006689202	-0.0142543857	-0.1350850382	0.0069445619	-0.1503743971	-0.0272167955	-0.0465493997	0.1139241782	-0.0567892271	-0.0840334568	0.0074181229	0.0350412093	-0.0670909836	0.0678960933	0.0490573892	0.0175168305	-0.0840725302	0.0881389469	0.0794435529	-0.1364161589	-0.0090126904	0.084537769	-0.0090303611	-0.1275742729	-0.0620674542	0.0054418026	-0.1104092517	-0.031781778	0.122739705	-0.001957892	0.0405776937	-0.0551060579	0.0158167171	-0.033587353	0.0114124979	0.0751749766	0.0424258071	0.0686288824	0.077263446	-0.0894752453	0.0966923869	-0.1382936609	0.0086198938	-0.02187175	-0.0469391584	0.1149485494	-0.0486229905	0.0275228167	-0.1681509792	-0.008642831	-0.0380013405	0.0189186593	0.0236754806	-0.0679754134	0.0350968461	-0.0954051761	0.0790243031	0.027838787	-0.0362815603	-0.0706055149	-0.1110357536	0.1944164943	-0.0844361415	0.0114610796	-0.0291074366	-0.0099099201	0.0412283009	-0.0813220098	-0.0166545251	0.0435934688	-0.003824089	-0.0171568545	0.0198460695	-0.12936102	-0.0676582433	0.0217460502	0.0105947854	-0.0440454557	-0.0879267652	0.0118797725	-0.0022629866	-0.002437788	0.0919296087	-0.0907628656	0.1543287632	0.0574736606	0.0443662095	0.0140528157	-0.097389357	0.0099593354	-0.1028439432	0.0328039684	0.05263619	-0.024074219	0.0593949692	0.0491598195	0.0300595563	0.0235009044	-0.0060954344	-0.0906677643	0.1533234115	0.0452137256	-0.0966299538	-0.0924182778	-0.0606131757	0.0842693054	-0.154718739	-0.0792878	-0.0347563302	-0.0676703959	0.0255856817	-0.03260779	0.0850172499	-0.0123246457	-0.0207299765	-0.0533201438	0.0104241032	0.0578711321	-0.0732447079	0.0959651875	0.0987211057	0.0164532013	0.072434676	-0.0473104967	-0.089111223	0.1516290291	-0.0447674928	0.0052276976	-0.1255263857	0.0397594595	-0.0315096821	0.1260230018	0.0833907033	0.0446712019	0.0967591949	0.0574110412	0.0032316354	-0.0517826133	-0.0934196269	0.0124523779639957	-6.20312218161008e-05	3.8478724799982995e-09	0.0001550617169582	-0.0110748952029666	-0.012737201662844	0.0001226533037566	0.0001622363061999	0.0002785951784147	-0.010281874696851	0.0001057169472817	7.761527343591851e-08	0.0005729947194379	0.000974995872531	3.283229485037178e-07	9.506169514524864e-07	-0.0001550174767819	0.0001729810990793	2.4030418107826912e-08	2.9922460638682604e-08	-6.095559385787809e-05	-5.388967039900473e-05	2.904096575713366e-09	3.715584422566585e-09	0.0	0.0
193.073850396286	0.0247050623742666	37277.51170684742	0.0006103401069164	286.26004919952976	-0.1696675272746688	81944.8157677172	0.0287870698115004	179.50019607186266	-0.3508149667429165	0.1230711408908336	32220.32038983714	195.2786175247145	204.1139956043924	1.065963	21.906267	0.0993832016151336	0.054247071588123	-0.0711291718	-0.0402258232	0.0347602709	0.0767005548	-0.0067546302	-0.0308835317	0.0740575948	0.048034046	0.0677469311	-0.0644758383	0.0887605431	0.0836313874	0.0509782269	-0.0554998643	-0.0861798091	0.0274874852	-0.0500814497	0.1483315488	-0.2063199952	-0.0401202495	-0.0293376369	-0.0002466816	-0.0268973656	-0.0736677395	0.0509980784	0.0416341585	0.099049108	0.0437788058	-0.0466073398	0.0887485042	0.0276218496	-0.1226099867	0.0842089009	-0.117637456	0.2069850846	-0.0810717905	-0.0371342418	-0.0959400221	0.0835530707	-0.0086596168	0.0326897175	0.0629438583	-0.1933296435	0.1189634177	0.0552694187	-0.0881260826	0.1011608242	0.1228476004	-0.0791201341	0.006307289	-0.0328201517	0.0012196071	-0.063307068	0.0663505491	-0.0654535494	0.156951603	-0.0050759603	0.0732064455	-0.0832869644	-0.090867506	0.0153486356	-0.1011500762	0.2040640559	-0.1930205797	-0.1527559552	-0.0378277152	0.0717522225	0.0437370584	-0.0024240725	-0.0064395849	-0.0264777569	-0.0519550717	-0.0214840057	-0.006322668	-0.0846715585	0.1296738069	0.1023078063	0.0199736819	-0.1496253606	0.0723028615	0.0266858097	-0.1502720751	-0.1069802697	0.1312090442	0.036443678	0.0004879305	0.038037998	-0.0992022408	0.0399204225	-0.0790364067	-0.1975309304	0.0253340613	0.0211395444	0.0886083064	-0.0961834202	0.094552598	0.0434679563	0.0604340209	0.0022150657	0.0680701211	-0.0436720359	-0.1389381738	0.1026658817	0.1487355823	0.0084889219	0.1396122158	-0.1353146961	-0.0507650949	-0.0251449905	0.0124038436	0.0201690413	-0.1291903271	-0.0194368	-0.0391286281	-0.1652365784	-0.0183484571	0.0688341318	0.1669190622	-0.0331374762	0.0688261433	0.1993039858	-0.0149603547	0.0736055565	0.087000155	0.022572517	-0.0910354973	0.0587530134	0.0514602566	0.027495714	0.0683253172	-0.0861271742	-0.0021242271	-0.0525027102	0.0929994588	0.1152632541	-0.0098685432	-0.0362318791	-0.0265374047	-0.0314702998	0.0190553024	0.0505159571	0.0765095553	0.1063786185	0.0606853607	-0.0036039859	0.0658914953	-0.0292191904	0.0923577001	0.095681848	0.0536791777	-0.0032316354	-0.059244937	-0.0988043356	0.0038064800775288	-0.0086458978864669	7.47515502632128e-05	1.4489290580623658e-05	0.0222696118412528	0.0333445070442194	0.00049593561156	0.0011118561500219	-0.0028125048937965	-0.0030911000722112	9.554899656424086e-06	7.91018377762926e-06	-0.0002960228006343	-0.0008690175200722	8.762949849537454e-08	7.551914501924367e-07	-0.0001809626979252	-2.59452211433e-05	3.274749804036719e-08	6.731545001747413e-10	-0.0002520267848871	-0.0001910711910292	3.650820004132541e-08	6.351750030052857e-08	0.0	0.0
193.0448034144769	-0.0290469818091025	37266.296125334025	0.0008437271522183	285.6042780227892	-0.6557711767405863	81569.80362491866	0.4300358362437332	179.79830862273715	0.2981125508744924	0.0888710929888968	32327.43178359704	195.77722900797897	205.5126543139002	1.134997	23.324976	0.0881585352208821	0.0437825709579323	-0.039232409	-0.0977731506	0.0757664719	0.036442265	0.0405516245	-0.1010924849	0.0310875768	0.1234219295	-0.0202852123	0.0595237714	0.0429818979	-0.104731318	0.1952933038	0.0176641971	-0.1048668571	-0.0279552623	-0.0692287219	0.190504711	-0.145263608	-0.0362603455	-0.0978065887	-0.0376048003	-0.0725816081	0.0895913465	-0.0037637133	-0.0071636099	-0.1925507146	-0.0704785022	0.0502910402	0.0107506102	0.0221162602	-0.0679173401	-0.1217681014	0.0790126649	-0.0257146651	-0.0592964455	0.1154103033	0.0181904043	-0.1814835205	-0.0940907045	-0.101469137	0.0210221552	0.0309973358	-0.1146448861	-0.0942918213	0.0592391993	0.122820728	-0.0876283207	0.0514193198	-0.0157891284	-0.0257631462	-0.0247634453	-0.0380921373	-0.0047798618	-0.1503515458	-0.073886786	-0.0320059691	0.1641515381	-0.0834948629	-0.0258184918	-0.0727222344	-0.0352690948	0.0565249803	0.0014974686	0.1452760813	0.0284985836	0.1176904504	-0.0538696011	0.0597188213	-0.1136217462	-0.0722047019	0.0581359745	0.0672880567	0.1003218293	-0.1241614001	0.1156465371	-0.0270615908	-0.070674861	-0.2340953539	-0.0858490383	-0.1332220365	-0.0011162395	-0.0689966435	-0.0114426011	-0.0624544592	-0.0469445514	0.008610557	0.1100571584	-0.0014989428	-0.091319459	0.0922063462	-0.1548036999	-0.0307268313	0.0539491618	-0.057155338	-0.0330653351	0.0466761918	-0.073980571	0.0399742739	-0.1714009286	-0.0896450535	0.0544909638	-0.1549951	0.1493895246	0.0612148253	-0.0454245029	-0.0330198175	0.021678827	0.0382586236	-0.0755205707	0.0195872448	0.1405940144	-0.0022623781	-0.0712152837	0.0127433992	0.0613839702	-0.0867825743	0.0629700513	0.0244188598	-0.1756628108	0.0814930867	0.0813287579	-0.036900286	0.0304473623	0.0256071924	-0.1209476459	0.0008553472	-0.0447648477	-0.033714998	-0.0250914381	0.0452412117	0.1248875336	-0.0354993969	-0.026238834	0.0100040015	0.0021255368	0.105228013	-0.1556254548	-0.1731447602	0.0911744055	0.0641314444	-0.0374649265	0.0124425465	-0.0902945952	-0.075644201	0.1241397715	-0.1037421117	0.0824175566	0.0945685192	0.0498665756	-0.0096839714	-0.0663509546	-0.103260836	0.0125454762987402	0.0087389962212114	7.637005495434713e-05	0.0001573889755622	-0.0003035836114406	-0.0225731954526934	9.21630091353172e-08	0.0005095491529454	-0.0134770986896839	-0.0106645937958874	0.0001137335608312	0.0001816321890914	0.0003959936698095	0.0006920164704438	1.568109865291953e-07	4.788867953654947e-07	-0.0002180112763183	-3.704857839309999e-05	4.752891660193415e-08	1.3725971609496755e-09	-5.745683870220103e-05	0.0001945699461848	3.785746395839449e-08	3.301288313650746e-09	0.0	0.0
193.506065170635	0.4612617561581089	37444.59725782204	0.2127624076940627	286.8361111167454	1.2318330939562545	82274.95464057793	1.517412771365838	179.89914300492887	0.1008343821917208	0.010167572631986	32363.70165390785	195.8487359507401	208.4587462275943	1.142779	23.4849	0.0755764385676362	0.043360101929333	0.0091463168	-0.1204352428	0.0151014615	-0.0671082664	0.0734808827	-0.1299165448	-0.023480168	0.0080579557	0.0417141189	-0.0529539703	0.0264445325	-0.0079306728	-0.1448194223	0.0955275828	-0.0516238697	-0.0404089338	-0.0519540258	0.1749437222	-0.1390962586	0.0185651473	-0.1090301787	-0.0071631812	-0.1511220316	-0.1512336508	-0.0437657829	0.0093302959	-0.0469231259	-0.1055769521	-0.1192586672	0.0486981243	-0.093774781	-0.0206346592	-0.0391177451	-0.1057458667	0.040557209	-0.0162080812	0.1475697732	0.0481680071	-0.0178293335	-0.0058635957	0.045664984	0.1618034467	-0.1288804316	-0.040236698	-0.1699240794	-0.016477828	0.1723687001	-0.0089690485	-0.010608167	-0.0193225125	-0.1374400446	-0.034207322	-0.0075806258	-0.1040201887	0.0193807041	-0.0573635477	0.0226962723	-0.0875989491	-0.1029645891	-0.0452071424	0.0499035248	0.1490141955	0.0754499644	-0.1672805432	0.036187505	-0.0364154192	0.0779614103	0.0281079324	-0.0252725664	0.0982858136	0.1060544328	0.0195739772	0.0361511761	0.1418256537	-0.0234683171	0.1103508866	-0.0057410282	0.0058524805	-0.179457537	0.0793398808	0.0636312051	-0.0493075899	0.0041836427	0.0713464492	0.0826017345	-0.2219023722	-0.0819940596	-0.0105118389	0.1832201054	-0.0714580818	-0.0591862878	-0.0077275041	-0.115048806	0.0400684521	0.0726626677	0.0288743512	0.022272829	0.0419834175	0.0946653259	-0.1786699749	-0.0140348229	0.0163741785	-0.0594425155	0.2009788862	-0.1146027301	0.0178091872	-0.0443715255	0.0087726938	0.0439668213	0.0016079858	0.0002941178	0.0773802742	-0.048808171	0.0497054141	-0.0835468032	-0.1395844744	0.0953604619	-0.092515643	-0.05343575	0.0412635831	0.102317654	0.0963312661	0.0083434753	0.1315981401	0.0273467059	-0.075211209	-0.0740797965	0.0833824532	-0.0539894306	0.0115244018	-0.054636818	-0.0311854245	-0.0455310614	0.0635226378	0.042500403	-0.0664665005	0.0226177266	0.1452302884	-0.1555544762	-0.0711876576	0.0133301823	-0.0572733371	-0.0344479692	0.081253702	0.0768434926	-0.0268891786	-0.1156280248	0.1071936907	0.0934196269	0.0459789694	-0.0161035399	-0.0730579298	-0.106747262	0.0124795497057874	-6.592659295280058e-05	4.346315658364255e-09	0.0001557391608592	-0.0325741529405831	-0.0322705693291425	0.0010610754397964	0.0010413896448269	-0.0171133545803883	-0.0036362558907044	1.3222356902682451e-05	0.000292866904994	-5.954653022153213e-05	-0.000455540200031	3.5457892614238393e-09	2.075168738443128e-07	-0.0003279914628546	-0.0001099801865363	1.0757839970550046e-07	1.2095641430559343e-08	-0.0002840101872316	-0.0002265533485293	5.132641972988331e-08	8.066178645132847e-08	0.0	0.0
193.48023357650737	-0.0258315941276237	37434.60078481985	0.0006672712551742	287.13985145007973	0.3037403333343036	82449.29429077386	0.0922581900940338	180.03886550901152	0.1397225040826413	0.0195223781471237	32413.993093771936	195.6695581459872	204.7455842609476	1.26427	25.981621	0.0954384334475149	0.0675843033906696	0.0903655348	-0.0593847761	-0.1240582966	-0.059622805	0.0378724814	-0.0943311988	-0.1267193847	-0.0172278496	0.0514787328	0.0215728178	-0.0088500073	0.0269595838	-0.0570346791	-0.022218057	-0.0841500104	-0.0222875182	0.0084564911	0.1120644483	0.0007212134	0.0501173592	-0.018994844	-0.0996477713	0.0314957138	0.0927814758	-0.1404498678	-0.0894952671	0.0478010664	-0.0178851116	-0.1299217761	0.0447175703	0.0972540428	0.1559389597	-0.1216451674	0.1457832031	-0.0909738153	0.1101937675	0.0522540395	-0.0288364986	-0.015605648	0.0036713691	0.098991715	-0.0055865235	0.1015532214	0.0477786856	0.1647561349	-0.0420941639	0.0617404105	0.0772203194	0.0435414309	-0.1255849742	-0.0604345777	-0.0414347799	-0.0267393928	-0.0272626789	0.0089442777	-0.0444104436	-0.0556985749	0.0538859566	0.1279453465	-0.1271589307	0.0889127665	-0.022666892	0.0628944467	-0.0565249398	-0.0818101294	0.0897442851	-0.1008337331	0.0781795189	-0.1295441082	-0.0612347209	0.001867012	0.0931676248	-0.0284507262	0.0920946591	0.0652437402	-0.0299754257	0.0665590294	0.0375546797	-0.1193275064	0.0621950785	-0.0092822175	-0.0465461555	0.0341303334	-0.1070755524	0.0008969829	0.0371048171	0.1511025898	0.1204262491	0.115464347	0.056075917	0.1902394623	0.0795890573	-0.0710315	0.0673382156	0.0653567238	-0.0729801452	-0.0346220852	0.1720214785	0.0489544977	0.0564888192	-0.0922984006	-0.0427663784	0.0517205825	-0.064776697	0.0877481112	-0.0685679583	-0.0796312213	0.0988329821	-0.155331988	0.0055323496	0.0659595938	0.0025376917	-0.0012051087	0.0212489646	0.0161736183	-0.0322479186	0.0212087779	-0.0613524007	0.0729690554	-0.0326653127	0.0780556243	0.0028650527	0.0365658191	-0.1834118216	0.015430954	-0.0485789712	-0.1153421321	-0.0396279683	0.0595571764	0.0343812629	0.0694411929	0.0444315299	-0.0029664067	-0.1920638971	-0.0259871619	0.0425506158	-0.1279908075	0.0051764872	-0.1239297936	0.0641882341	-0.1964485915	0.0778357693	0.1184856005	-0.0967339723	-0.0144211008	0.015295013	-0.0452122861	0.0342805848	0.0922356034	0.0420222065	-0.0224686191	-0.0793255261	-0.1092308605	0.0221400770136739	0.0096605273078865	9.332578786642078e-05	0.0004901830101714	0.0323473548564834	0.0649215077970665	0.0010463513662112	0.0042148021746445	-0.0134355380630779	0.0036778165173104	1.3526334335001211e-05	0.0001805136830444	0.0001129814754732	0.0001725280056947	1.2764813800101294e-08	2.9765912749001528e-08	-0.0003280063819066	-1.4919051999980233e-08	1.0758818657145833e-07	2.225781125781142e-16	-0.0001129814754733	0.0001710287117582	2.925082024570365e-08	1.2764813800123891e-08	0.0	0.0
193.7202139338128	0.2399803573054271	37527.5212865622	0.0575905718924404	286.6941551139348	-0.4456963361449197	82193.53857649291	0.1986452240530053	180.13218910942396	0.0933236004124467	0.008709294393942	32447.60555335328	195.8429740722141	203.52542541362448	1.155466	23.745619	0.1278447350664641	0.0831869084101066	0.1157095975	0.0061836983	-0.1527578143	0.0708401343	0.0342931015	-0.0296269059	-0.0938718415	0.0077619095	-0.1648091691	-0.0640670544	0.0407640798	-0.0229585716	-0.0126889967	0.0080855154	0.0484578311	-0.06714064	0.0339067577	0.0711495841	0.1302104904	0.0746211574	0.0404678149	0.0268667358	0.061676776	-0.0776183218	-0.1312444321	-0.0170667377	0.0269399587	-0.0312009681	-0.0236526484	-0.0044162163	-0.0013348261	0.0367121205	-0.0558924302	0.0525692801	0.0558244273	0.0855930004	0.1071360984	-0.1971216455	-0.0175794671	0.0302123509	-0.0407693947	-0.0510534095	0.0764065634	0.0215494752	-0.0400059559	-0.0057499838	0.0080825443	-0.1070161526	0.0071122665	-0.0561352296	0.0325848901	-0.0539373622	-0.1712161517	0.0010152235	0.0719177761	-0.07823601	-0.0528678444	-0.0147686484	-0.0531153812	0.0464480719	-0.0332731863	0.0248226113	-0.1542847103	0.0064602585	0.0593078573	-0.0935409278	-0.0969770116	-0.0825453682	0.0260157582	0.036641323	-0.0196111157	0.0858102464	0.0152140671	0.0710776754	0.1018267901	-0.0916066409	-0.0462535827	0.0278544828	-0.0067604511	-0.0885149833	0.0501822706	-0.0975869245	-0.0177523874	-0.063091974	0.0476132233	-0.0061805229	0.0807289669	-0.0009482172	-0.0174728587	0.0543086396	0.1023930037	-0.0166685935	-0.0534462384	0.0884732887	-0.0529662534	0.0555785782	-0.0380632118	0.1444490128	0.0262361593	0.0494990008	0.0458591145	0.0671667576	-0.0795099408	0.048636228	-0.0039450437	-0.1019516499	0.1034616613	-0.0989481515	0.0652169515	-0.0244029489	0.1332582247	0.1782295048	-0.0398755422	-0.0200559565	-0.0500191512	-0.0430723119	-0.0500781538	0.0086049593	-0.0878655407	0.1234437124	-0.0337777427	-0.061003016	-0.0208547913	-0.0207321706	0.0103242241	0.0771200566	-0.1238882585	0.0427365655	-0.0131392729	-0.0464132421	-0.0838555113	-0.0593698163	-0.081395145	-0.0021971242	-0.1616466977	0.1368156031	0.0491148997	-0.0364554714	0.0120948881	0.0971585372	0.0088619295	0.0434934945	0.0058658384	0.0269765236	0.0500764689	-0.0761124746	-0.0766863047	0.0217623229	0.0910168938	0.0380022381	-0.0287576717	-0.0851160492	-0.1106882998	0.0271621764051559	0.005022099391482	2.5221482297923893e-05	0.0007377838270648	-0.0400801950946743	-0.0724275499511577	0.0016064220388271	0.0052457499919274	-0.0538786815572649	-0.040443143494187	0.0016356478556914	0.0029029123263491	0.0002009996826672	8.801820719399999e-05	4.04008724323151e-08	7.747204797645912e-09	-0.0003280001838623	6.1980442999667006e-09	1.0758412061370261e-07	3.841575314434971e-17	-1.967036118852297e-06	0.0001110144393544	1.2324205745182348e-08	3.869231092869508e-12	0.0	0.0
193.66138957594893	-0.0588243578638696	37504.73381248746	0.0034603050780966	287.1177857006184	0.4236305866836005	82436.62286562624	0.1794628739738916	180.34949668237203	0.2173075729480729	0.047222581260582	32525.940953584923	195.9280794321424	202.91107638867	1.140519	23.438456	0.1259075647006028	0.0703975128883422	0.121618528	0.0696219804	0.0336271265	0.1071046659	0.0269482	-0.0066180128	-0.1313505076	-0.0208172431	-0.0035042142	0.0290554771	-0.0911995424	0.0855996442	0.0319410648	0.0813775619	0.126764983	-0.0038331088	-0.0086270131	-0.0583228879	0.1349066491	0.1384185035	-0.029941418	-0.0124056688	0.0119940119	0.1060663337	-0.0554515411	0.0641313716	0.0936585963	-0.0165745607	0.008255925	-0.0157924259	-0.0218605567	0.1171429525	0.0341652438	0.0651521041	0.0418169519	-0.0889788406	0.0775606186	-0.1090864852	0.0168144762	-0.0480909745	0.0688925507	0.0031029538	-0.0906210285	0.0015413955	-0.0488564065	-0.0193175967	-0.0654744528	-0.0424699946	-0.1006786823	-0.0777994381	-0.005842883	-0.0281555846	0.0158061464	0.0382777739	0.1172471815	0.1871376931	0.0109385958	0.01217179	-0.0094053195	0.1529199041	0.1088423415	-0.0817181947	-0.0882235991	-0.0435159526	0.1396139172	0.0185388555	0.0602818467	0.0035228597	0.0061571905	-0.0062663278	-0.0880050329	-0.1110301889	-0.068427472	0.014216325	0.12034646	-0.1018887898	-0.0266443933	0.0210335658	0.0487874343	0.1025784186	-0.1125977861	0.0088456169	0.0348370549	-0.0432339364	0.0828364256	0.0641506813	0.0366791784	-0.0435546248	-0.0546674342	0.0844839473	0.0306832261	0.0226331183	0.0726890907	0.1123084104	0.0542255499	0.1143179269	-0.1230597751	0.0800246961	0.0007125004	-0.0753769702	0.0364428701	0.0724132157	0.0237887637	0.0868847992	0.0679586435	-0.0138042874	-0.0182596611	-0.0170539114	-0.0147406529	-0.0130714326	0.0789639771	-0.0556507951	-0.0574735674	0.0627753251	-0.1644927479	0.1565568843	0.0023765839	-0.0480908622	-0.0234728302	0.055014399	-0.0236260747	-0.0596680616	0.01492982	-0.001166044	0.0147029892	0.1021440707	-0.0395825109	-0.0160079646	0.023364772	0.1443499283	-0.0011051941	0.0268390029	0.081480218	-0.0636907407	-0.1092817497	-0.1111684693	0.0692956642	0.0334259951	-0.033255178	0.0005885092	-0.0359604443	0.1421788448	0.1286355271	0.0452413828	-0.0405872583	-0.0378102009	-0.0797292223	-0.1945618156	0.0897639565	0.0339251109	-0.0349494174	-0.0903946745	-0.1111058879	0.0288873339313937	0.0017251575262377	2.9761684903349183e-06	0.0008344780616638	0.0186315885707273	0.0587117836654016	0.0003471360926688	0.0034470735411729	-0.026203059514529	0.0276756220427359	0.0007659400554523	0.0006866003279219	-0.0004439821235371	-0.0006449818062042	1.971201260205127e-07	4.160015303345611e-07	-0.000328024180958	-2.3997095699988293e-08	1.0759986329316674e-07	5.758606020343966e-16	0.0001089271899057	0.0001108942260245	1.2297529365584491e-08	1.1865132700752432e-08	0.0	0.0
193.60305705875385	-0.0583325171950832	37482.1437024951	0.0034026825623146	287.1012003880373	-0.0165853125811281	82427.09926425194	0.0002750725934137	180.44731068059048	0.0978139982184416	0.0095675782474773	32561.231931857543	196.07194810573387	204.3311063922293	1.190236	24.460171	0.1456158824550733	0.0891095014795503	0.0686511438	0.0977698556	0.1569925891	-0.0645476977	-0.0158765339	0.1224125708	-0.0352305262	0.0090377965	-0.1242536983	-0.026378142	-0.0105773844	0.0151470356	0.0127987687	-0.0712185574	-0.009325888	0.0488192587	-0.0289624233	-0.1070522507	0.0844111045	0.0214694303	0.0370757028	0.0403330855	-0.0155810776	0.0115493825	-0.1050197316	0.1138552221	-0.1101953879	-0.1518487518	-0.0155655142	-0.0640884764	-0.1463482739	0.0734137924	-0.151810347	-0.0024629308	-0.0008799097	-0.024598578	0.1168418041	-0.1275694943	0.0766106656	0.0595612075	0.0751399273	-0.1266608673	-0.0104263847	-0.0086865908	0.0553165154	-0.0634171233	0.0169482646	0.0011540788	-0.1516176907	-0.15022436	-0.1006320838	0.0221435284	0.1216158367	0.0358242764	-0.0759257607	-0.0118770527	0.0728294739	-0.1971771784	-0.0216288458	-0.0328865999	0.014060333	0.0035472597	0.066470408	0.1017622148	-0.1439168496	0.0008831497	0.1211379108	0.0844825827	0.0748806352	-0.0136418641	-0.1252452482	-0.05862048	-0.039387347	-0.0631530957	0.0267194393	-0.0631229463	-0.1213003044	-0.0205861358	0.0847952162	-0.091025281	-0.0099269341	-0.0095275277	0.0405814331	-0.0618890789	0.0489816842	-0.0078689819	-0.1615209546	-0.0893066376	0.0108337681	0.047646614	0.0707321723	-0.0754660663	-0.1484982826	0.1819881388	-0.0661907008	0.0009641698	-0.0567099729	0.1099379778	-0.028947287	-0.0947517216	0.0770717554	0.0425565499	-0.0381268305	-0.176715324	0.0442583713	0.0463606301	-0.1625053545	0.0926615077	-0.0584782858	-0.081019792	0.0016952289	0.0402228095	-0.1060185649	-0.0869446831	0.0376954914	-0.0325981921	0.0401834858	-0.0221066992	0.1064016667	0.0267535482	0.067009631	0.0132426395	0.0477719817	0.073991718	0.0019640458	0.1132353365	-0.0075363232	0.0135172489	-0.0350159717	-0.110910283	0.0479729589	0.0461544082	-0.0603551577	0.0338653756	0.0127981319	0.1178648529	-0.0150400572	0.1518096463	-0.0048544483	0.0971649608	0.1189594705	0.0055710115	-0.0623350148	-0.1743736081	-0.0269847782	-0.0111721033	-0.0684417603	-0.1671033611	0.0884772626	0.029796957	-0.0410229053	-0.0951296555	-0.110479702	0.0348051598129188	0.005917825881525	3.50206631640483e-05	0.0012113991496028	-0.0634360594444274	-0.0820676480151547	0.0040241336378369	0.0067350988507393	-0.0425385414669605	-0.0163354819524314	0.0002668479706182	0.0018095275101363	0.0003320096776506	0.0007759918011876	1.1023042605365533e-07	6.021632755105308e-07	-0.0003279901888533	3.3992104700019544e-08	1.0757756398402342e-07	1.1554631819370904e-15	5.905445107885982e-05	-4.9872738826840175e-05	2.4872900780902115e-09	3.4874281922254478e-09	0.0	0.0
193.3604418761061	-0.2426151826477394	37388.26048252301	0.0588621268511959	287.5570339613931	0.4558335733557896	82689.04778067378	0.207784246598308	180.17135215506727	-0.2759585255232082	0.0761531078089431	32461.71613738526	196.0411941286393	202.1580581959963	1.272794	26.156782	0.1122302271522476	0.0543091968717558	-0.0345661403	0.1088892879	-0.0322991935	-0.1378532055	-0.0440283382	0.0903119053	0.0394666621	-0.083832962	0.0263776392	0.0866567388	0.0081527889	0.0951298442	0.0260736008	0.1003909225	0.0683511079	0.1158602678	0.0281568702	-0.1018027437	-0.0140546932	0.0168107401	0.0684178301	0.0043116387	-0.0789349581	-0.1210273852	0.0960849096	0.0451573187	-0.0096460784	-0.1008816698	0.1655488097	-0.0088868863	-0.1166059568	0.0238415752	0.0465905093	0.0714926643	0.0526034754	0.1067298623	0.0690232663	0.0360781608	0.0815018089	0.0322817675	0.0620580528	-0.0645524101	-0.116399301	-0.0533129462	-0.0078412334	-0.0224725466	-0.0897592794	0.0167893009	-0.0890557266	-0.0473793569	-0.0990440646	-0.011112004	-0.0180915638	-0.0521841088	0.038128785	0.0843605423	0.0875106576	0.1405136503	-0.0535576385	0.0680576804	0.0382681647	-0.100867483	0.0516157862	0.1402573081	0.0982856204	0.0832139271	-0.0298316439	-0.0247087204	-0.0069441908	-0.0190624176	-0.005076035	-0.0689239425	0.006114509	-0.0886929069	0.0189938421	0.0492939348	-0.0146668351	0.0170617198	0.1302171159	-0.0164325093	0.080127529	0.1188760402	0.0064412633	0.0757845985	0.0010183731	-0.1057551092	-0.0846043452	-0.0013113763	-0.1819918123	-0.0584958108	0.0510232088	-0.0452306598	-0.0251791435	-0.022750111	0.0698286499	0.0958599657	0.0248651175	0.1297775312	-0.0594232538	-0.0629698427	0.1579463911	0.0083843938	-0.0118441818	0.032378126	0.0884172875	0.0471764452	-0.1832022152	-0.0004523407	0.0057559382	0.0368642317	0.0352316474	-0.1049871539	-0.005289146	-0.0820733647	-0.0739701832	0.1464482719	0.0478726786	-0.0501926756	-0.0414199602	-0.0733993938	0.0103646252	0.0131709479	0.0024516208	-0.0350391995	0.0134721651	0.0908056159	0.0661218325	-5.83905e-05	-0.0099495661	0.0818652007	0.0453304289	0.0369386347	0.0683228925	-0.0209208414	0.0484277263	0.1550549102	-0.0043036445	0.0036202312	0.0077022726	-0.1359945851	0.060144552	0.0170599917	-0.0060371508	0.1514776148	-0.06230125	-0.1303995604	0.0489196217	-0.0438982915	0.0871572961	0.0256239856	-0.0469575846	-0.0992925156	-0.1088156246	0.0303931889359319	-0.0044119708769868	1.9465487019380534e-05	0.0009237459336952	-0.0364856186545949	0.0269504407898325	0.0013312003686085	0.0007263262587662	-0.0145508163285583	0.0279877251384021	0.0007833127584227	0.0002117262558274	-0.0004000050868464	-0.000732014764497	1.6000406950299606e-07	5.358456154415984e-07	-0.0001364849980403	0.0001915051908129	1.8628154690060695e-08	3.6674238108323534e-08	-7.50274005516618e-05	-0.0001340818516305	1.797794293666921e-08	5.629110833539501e-09	0.0	0.0
193.07538802120715	-0.2850538548989618	37278.1054595397	0.0812557001927583	287.0884157816569	-0.4686181797361541	82419.75847602152	0.2196029983792264	179.84915007114208	-0.3222020839251911	0.1038141828857359	32345.716781312185	195.56219729047905	203.9923215265084	1.234037	25.360312	0.0667730856494625	0.0324870234895115	-0.0859148266	0.0656874345	-0.0533628701	-0.0363481672	-0.001186955	0.1077037372	0.0814670734	-0.1004854779	0.0803587769	0.0246352168	-0.0113545204	-0.0991283452	0.0051254834	0.0259730662	-0.0760588814	0.0531709341	-0.0571806629	-0.0394788474	-0.1250336476	0.0371896439	0.1285450769	0.0406398395	0.0910394546	-0.081109574	-0.0118618833	-0.0241791476	-0.0107060564	-0.0728981046	0.0005354823	0.1498996734	-0.0420031821	0.0598468746	0.0433510062	-0.0280904712	-0.0035527996	-0.0694002303	0.0110384312	0.1148726639	0.0116614583	-0.115740779	-0.0343127285	0.0462830479	0.1355253625	-0.0871479796	-0.0596620587	-0.2004754326	-0.0119649694	0.0184408688	0.1224090726	-0.096980746	-0.0219384194	-0.0362368549	-0.1807707826	-0.0288250203	0.0647904414	0.0304440293	0.0302578245	0.0234668949	0.109283109	0.0404233545	0.0483300738	0.0336264647	-0.0153501641	0.0696555286	-0.0326606569	-0.0932678953	-0.0228579805	0.114862083	-0.1254589207	-0.0737227356	-0.0927478516	-0.011449798	-0.0822019435	-0.0834757251	-0.0061205247	0.0853813266	0.0361078708	0.0881131856	-0.0310752545	-0.053275401	0.0573316718	0.0655124875	0.0548143779	-0.02081613	-0.1247311493	-0.076015499	-0.0119993623	-0.0298317188	-0.0401320645	-0.002795584	-0.1023276647	0.1238999344	-0.0391027929	0.0580368067	0.0217264032	0.1063802825	0.1168569169	-0.0268719049	0.0038111276	-0.0199790504	-0.0539581078	0.0523952372	-0.0947763507	0.0309694997	0.1274876658	-0.2234317574	-0.0021371065	0.017886168	-0.1593104669	0.1039854319	-0.0136637043	-0.0267902412	-0.0378028341	0.0910554352	0.0013686501	-0.0413474495	0.1264094471	0.0125037477	-0.0816033053	0.0002933921	-0.1500245187	0.0299264472	-0.0292798937	-0.1273360207	-0.0049237271	0.0497522535	0.097441175	0.0149368517	0.0818362409	-0.0812653472	0.0927277393	-0.0725697421	-0.0737895727	0.0042088339	-0.0342006387	0.0034576594	0.019449405	-0.0354231559	-0.0189248057	-0.1243673739	-0.0869399061	0.0440930932	-0.0835507155	-0.0921393529	-0.1347690885	-0.0121128222	-0.0353441737	0.0042585453	0.0858045533	0.0214124734	-0.0527333744	-0.1028582188	-0.1061292888	0.0272523048784449	-0.0031408840574869	9.865152662575989e-06	0.0007426881211877	-0.0221434893881422	0.0143421292664526	0.0004903341222827	0.0002056966718956	-0.023762411794074	-0.0092115954655157	8.485349102030944e-05	0.0005646522142711	4.5018230587680746e-05	0.000445023317434	2.026641085245594e-09	1.9804575306003465e-07	-0.0002939971991926	-0.0001575122011523	8.643435313309335e-08	2.4810093511842623e-08	0.0001240066180621	0.0001990340186137	3.9614540565543286e-08	1.5377641323199544e-08	0.0	0.0
193.22069945973087	0.1453114385237199	37334.23869970764	0.0211154141658328	287.8314533521762	0.7430375705192773	82846.94553882598	0.55210483120319	179.89886413478837	0.0497140636462916	0.0024714881242275	32363.60131698705	195.8234124699816	204.3039270218933	1.141076	23.449886	0.0679352176943333	0.0348843394326813	-0.1003444571	0.028108113	-0.0305315021	0.0549943126	-0.0571062357	0.062357389	0.0847127372	0.0081236556	0.0588379176	-0.01672427	0.0323224738	-0.1019108497	-0.0545666093	-0.0204093668	-0.0045295142	-0.0877505848	0.0111550461	0.0192352725	-0.1421055883	0.0316593528	0.0917801002	-0.0725513196	0.0034543378	0.0597091281	-0.0573324917	0.0371272529	-0.0058093498	-0.0084936443	-0.1948149859	-0.0408618948	-0.018282226	-0.0505842081	0.070667182	-0.0210808514	-0.1279262677	-0.1234480246	-0.1686616939	-0.0784581365	-0.0467412642	0.1442966353	0.0023326467	-0.0374216635	-0.0031704927	-0.0323862039	0.0809458306	0.1047709592	-0.021076429	-0.0093365555	0.06453517	0.0800270197	0.0987895742	-0.0059114909	-0.0066752651	0.0573366344	-0.0236833448	0.0683047503	-0.0465908924	0.0854877674	0.0107373052	0.060711458	-0.1267946149	0.0431605056	0.1156790065	0.1642135965	-0.0241047972	-0.0563410657	-0.0959255127	-0.0622430539	-0.1074616213	-0.0658240102	-0.0147858071	0.0637223721	0.0058247041	-0.0770250111	-0.0163043672	0.1077200376	0.0566443551	0.0236785752	-0.058888073	-0.0662867868	0.0761486257	0.0889986653	-0.0410915316	-0.1246453947	0.0935941921	0.0252711658	-0.0662176632	-0.1396675288	0.1581986725	0.0435223442	0.0665472597	0.0175752485	0.1415944048	-0.0172338497	-0.005894905	-0.124028053	-0.0878904088	-0.170315927	0.0547285255	0.1091255225	-0.0013227937	0.024286146	0.0061074067	0.0036222725	0.0694759243	0.0828775208	-0.0167151608	-0.0107305811	0.0080641548	-0.0612328288	0.0305288392	-0.0597444783	0.0733430094	0.0348718751	0.0610231478	0.0615806703	-0.1020328326	0.1387872626	-0.0508458338	-0.0215072017	-0.0996107746	0.1177182497	-0.0250934787	0.0579363696	0.0018044478	-0.0050244982	0.0952261703	-0.0721949355	-0.026236079	-0.0006599559	0.0067846139	0.0727628769	0.0514159198	0.0971676601	-0.0247060417	0.003180363	0.029188768	-0.0466110904	-0.052568792	0.0569430441	-0.164483354	0.0235411107	-0.0899186239	0.0425980406	0.0482749684	0.0599107571	0.087311333	-0.0526634429	0.0844195428	0.0171687548	-0.0583307311	-0.1058053206	-0.1024459312	0.0327325747885538	0.0054802699101088	3.0033358287644984e-05	0.0010714214522882	0.003468786323225	0.0256122757113672	1.2032478556192813e-05	0.000655988667115	-0.0439058828281559	-0.0201434710340818	0.0004057594253008	0.0019277265469197	9.700173429167324e-05	5.19835037039925e-05	9.409336455592377e-09	2.702284657343001e-09	-0.0001019983524357	0.0001919988467569	1.0403663899597271e-08	3.686355715597958e-08	3.400494774748466e-05	-9.000167031461535e-05	8.100300659420712e-09	1.1563364713091622e-09	0.0	0.0
192.9992385341772	-0.2214609255536572	37248.70607477224	0.0490449415470825	287.3607524091984	-0.4707009429777713	82576.20202518064	0.2215593777201631	179.86618013377893	-0.0326840010094429	0.0010682439219852	32351.84275591701	195.61490303458137	204.84862869511423	1.117566	22.966755	0.0590104106701121	0.0312797652301447	-0.088291974	-0.0235007749	0.0402579136	0.0615645173	-0.0201390192	-0.0135342929	0.1098764538	0.0450817839	0.0950900029	-0.0960057783	-0.0085619055	-0.0440693879	0.0074331444	-0.0640460214	-0.0753746679	0.0472206033	0.0493255027	0.0518104965	-0.1120676601	-0.0205879295	0.1075635855	-0.0177758005	0.0679224716	0.0479691587	0.0238672172	-0.0657822571	0.0579995825	0.1180421997	-0.0144944048	0.0026486643	0.0595726984	-0.124757541	0.2217925557	-0.131338159	-0.1850123183	0.0952567748	0.025604131	-0.1174286526	-0.0109034118	0.0300862889	0.0286971412	-0.088716918	-0.1256794409	-0.1952561057	-0.010028189	-0.1022817877	-0.0585370396	0.1021548016	-0.0505567041	-0.0111055803	-0.0416969947	-0.0290880197	-0.0659947568	-0.0898266728	-0.0350779135	0.0885613032	0.0559368028	-0.0354961719	-0.0141477493	0.0301164709	0.0463981967	0.063488832	-0.0454988006	-0.1411356257	0.0797078242	-0.0713000923	-0.0370749547	0.0541577828	-0.0823605937	-0.0069020402	-0.1134853834	-0.0371855313	-0.0035368845	-0.0512463376	-0.0146835216	0.0713141163	0.1521560613	-0.004111432	-0.066820606	-0.0132499818	0.0576350649	-0.0777307571	0.0098907072	0.0876269165	-0.040879021	0.184363909	0.1323894805	-0.0616583727	0.0121444652	-0.1415756608	-0.0547922076	0.0172047151	0.1168031661	0.1066103885	0.1982964815	-0.0657726775	-0.0079331689	-0.0144600993	-0.0017079435	0.081882213	0.186464772	-0.0175065663	-0.1521885264	-0.1223846747	0.0579751409	0.0851019029	-0.0179504207	-0.0129077096	-0.0357534005	-0.0872494463	-0.0095744497	-0.052692117	0.062048441	0.1039953415	-0.1058659096	-0.1397776726	0.0661836853	-0.0614769592	-0.1066787236	-0.025768879	-0.020211933	0.0495548256	-0.0382998637	-0.0293955925	-0.0043058773	-0.0637921397	0.1007581221	0.0296299199	0.0919648128	-0.1069876714	-0.020665341	-0.1940096627	0.0127152348	-0.0417285078	0.110751893	-0.0176829854	-0.0003202773	0.0556155223	0.0388330996	0.0708983642	0.0024517178	0.1040677859	0.0205295453	0.124328389	-0.0119346978	-0.0455753084	-0.0051207435	0.0556312258	0.0830027857	0.0128992127	-0.0637307152	-0.1081160967	-0.0978001546	0.0350667872238972	0.0023342124353434	5.448547693311777e-06	0.001229679566206	-0.0057722113103295	-0.0092409976335545	3.3318423411095805e-05	8.539603726335986e-05	-0.0340216761395311	0.0098842066886247	9.769754186345514e-05	0.0011574744473431	-0.000278979135082	-0.0003759808693736	7.78293578111008e-08	1.4136161413498314e-07	-0.000102057053287	-5.870085130000106e-08	1.0415642125625558e-08	3.445789943344835e-15	0.0004089852557743	0.0003749803080268	1.406102314078853e-07	1.672689394407696e-07	0.0	0.0
192.8467888265949	-0.1524497075823205	37189.88396072928	0.023240913341935	287.64086388917366	0.2801114799752326	82737.26657891013	0.0784624412139151	179.966440284535	0.1002601507560712	0.0100520978296301	32387.9196286871	195.85346175975155	204.937653490149	1.231652	25.311291	0.1879457384715531	0.1578149812291023	-0.0614571622	-0.0556913295	0.0626646829	0.0664873951	-0.0782047999	-0.0601025788	0.0732828957	0.0858820303	0.018981736	0.0934775572	0.1115560076	0.1487480326	0.1534386274	-0.0846947232	0.0555647082	-0.0898775467	0.1193103642	0.0376414023	-0.0321645076	-0.1461282767	0.054748531	0.0485835195	-0.0194104649	0.0819932707	-0.0577112734	0.0054718756	0.1179501998	-0.0181886756	0.0780143187	0.1070784588	-0.0494124277	-0.0640073495	-0.0422336219	-0.009101328	0.054294587	-0.0500367037	-0.0182957496	-0.030082777	0.0670611317	0.1002813432	0.0677635048	-0.0686544883	-0.0226629904	0.1291727936	-0.0756496438	0.0370885708	0.0315620473	-0.0276609366	-0.0559875641	-0.0006933219	0.0831645314	-0.1241955705	-0.0448353271	-0.0560905995	-0.0922121932	0.1369958748	0.1606455286	0.1263542708	-0.0165185389	0.0694999744	-0.0385138046	-0.0394895655	-0.2040869009	-0.0207404409	0.0821119383	-0.0246180164	0.0911395709	-0.1120257137	0.0719474914	-0.1015944598	0.0995896306	0.1091695018	0.0657025597	-0.0264792956	-0.0654897667	-0.0090902898	0.1460184617	-0.0530763604	0.0412544386	-0.0979445683	-0.081884086	-0.0294587048	0.0606250696	0.0412531012	0.0648189873	-0.0233255444	0.0400119106	0.0049034604	-0.0372856712	0.1123805123	-0.2120853208	0.0101789582	-0.018898068	0.059795486	-0.099338943	-0.0239892411	-0.0056210659	0.1254935709	-0.0599304771	0.0781989062	-0.0539305295	0.048953969	0.0516526476	0.0076849656	-0.019684049	0.1241984523	-0.0860594813	0.0023484078	0.0045415525	-0.1682565863	0.081157356	0.0808574468	0.0732070084	-0.0598114537	-0.0879743245	0.2321121495	0.070544416	0.0480625982	-0.0449090216	-0.0574791271	-0.1835735658	-0.1149193905	-0.0013757301	0.0311576584	-0.0063574302	-0.1482107173	0.0388875521	-0.1418229834	0.1733823996	0.0813657538	-0.0670587653	0.1684699944	0.1002858113	0.0558753298	0.0325908979	0.1055744597	-0.0218715958	-0.015007244	0.163475342	-0.1667731574	-0.0358812432	0.0448145621	0.0400194471	-0.0238856946	-0.0074896616	0.1056699629	0.0803391303	0.1017146174	0.0815548146	0.008610269	-0.0689150546	-0.1097766499	-0.0922356034	0.0375531106139988	0.0024863233901015	6.18180400016629e-06	0.0014102361167872	0.1506848014336981	0.1564570127440276	0.022705909383113	0.0244787968367848	-0.0238188772409913	0.0102027988985398	0.000104097105364	0.0005673389130214	-0.0002120029598948	6.697617518720001e-05	4.4945255004156174e-08	4.4858080427065075e-09	2.5975831761781976e-05	0.0001280328850487	6.747438357164013e-10	1.6392419653914617e-08	0.0002280022472326	-0.0001809830085417	3.275484938080506e-08	5.1985024743115656e-08	0.0	0.0
193.2909956486235	0.4442068220286046	37361.40899883619	0.1973197007367524	286.6675339244524	-0.9733299647212448	82178.27500632708	0.9473712202242596	180.22676333874392	0.260323054208925	0.0677680925526629	32481.68622355961	196.260292137636	205.5894752279389	1.176553	24.17897	0.3498584023169292	0.2830047715796016	-0.0397899566	-0.1026527317	0.0633037955	0.039754443	0.0605923497	-0.1836568823	0.0231312455	-0.0135578783	0.1441505846	0.0093160846	-0.0107454869	-0.0108829917	0.0147564724	0.1214358004	-0.0201453788	0.0351804581	0.0768130773	0.0346190038	0.0552459411	-0.0817220207	-0.0622345336	-0.001335144	-0.0564825801	0.0927443721	0.0649690668	0.1938346866	0.0903491993	0.064659336	-0.0359750112	0.0076742054	0.0324027009	-0.0011606159	-0.0747492473	0.0082822027	0.0877210801	0.0906439983	-0.0305525551	0.0949572313	-0.0555614482	0.0376539028	0.09059211	-0.0950558296	-0.0783483364	0.0028560612	0.0110913475	0.0489914439	-0.1452857125	-0.04926574	0.0463014576	0.101557207	-0.0070407732	-0.0140514297	-0.1594987264	0.078125492	-0.0756949104	-0.1514826078	-0.0349515472	0.0266644701	0.079048926	-0.088014765	0.055339391	0.0418698893	-0.0976256886	-0.0210859921	-0.0295966035	0.0118520182	-0.1161650487	0.0325879933	0.0646032822	-0.0897640275	-0.0602802738	-0.0840345485	0.1007102241	0.0872233465	-0.0241526693	-0.0724537531	0.106177008	-0.0779422907	-0.0054597496	0.0852149991	-0.1261184779	0.0145758716	0.0352330459	-0.0170736657	0.151772933	-0.0438869986	0.0325324616	-0.0979546547	-0.0298298328	-0.104760013	0.1059393292	0.0277272263	-0.0331100866	-0.2460969528	-0.0111715008	-0.0461718806	0.0269428341	0.0087680662	-0.109328008	0.0186414175	0.170109762	0.1101995092	0.1039204836	0.0379270717	0.0501068811	-0.0428214529	0.0454457037	-0.0392154337	0.0398093364	0.1319868988	-0.1362136229	0.0507353906	0.063647935	-0.055780807	-0.0359548123	-0.0097439389	0.0372155107	0.061519766	0.088468713	0.0299313187	0.015925651	-0.0306674755	-0.1679352798	-0.031241134	0.0124772543	-0.1152490455	0.0076448908	0.0378521879	-0.1500246166	0.09483893	0.0932513973	-0.0952091548	0.126843727	0.0247765228	-0.0013389165	0.0443785534	0.0848013431	-0.0811665268	0.0459458997	0.0427453121	0.0866188951	-0.1438959796	-0.0482468771	-0.0366212792	-0.1077032184	0.0470545408	-0.1264167037	0.0166120293	0.080076174	0.0043083746	-0.0738662073	-0.1107769935	-0.0858045533	0.0202910069948387	-0.01726210361916	0.0002979802213586	0.0004117249648645	-0.1283986138115551	-0.2790834152452532	0.0164862040287288	0.0778875526649544	-0.0138550134978245	0.0099638637431667	9.927858069239388e-05	0.0001919613990248	-0.0006130052750764	-0.0004010023151816	3.757754672714929e-07	1.6080285678100328e-07	-0.0001079668977197	-0.0001339427294814	1.165685100321616e-08	1.7940654780949456e-08	-0.0001080331022913	-0.0003360353495239	1.1291975612964965e-07	1.1671151190682488e-08	0.0	0.0
193.35356225341985	0.0625666047963591	37385.600036087104	0.0039145800357437	286.97809308485205	0.3105591603996345	82356.42591061801	0.0964469921081259	180.29193587478613	0.0651725360422119	0.0042474594541734	32505.182141477995	196.30581833082417	209.01336567419503	1.188982	24.434402	0.2612206562081486	0.1857532516176678	0.0205930762	-0.1393127981	0.0309805192	-0.0967795641	0.0364058312	-0.1009586195	-0.0290571022	0.0134311737	-0.0907418388	-0.0690582921	0.024085097	0.0041016552	-0.0530589398	-0.0120054128	0.002046431	-0.0902332997	0.1115837197	-0.0058098239	0.1343744772	-0.1021503827	-0.0327564158	0.0298547483	-0.0056244575	0.0470008251	0.0828482098	-0.0810733288	0.0852368674	-0.0595976056	0.0620890029	-0.0738285564	-0.0131561515	0.0202364063	0.0102405637	-0.0524334353	-0.026764042	-0.0862280293	0.0166657849	0.0957257525	0.091382681	0.1132915998	0.0444480793	-0.0097857738	0.1088627677	0.1127259769	-0.1041142476	0.0150577616	0.1498432005	-0.1753520368	-0.0849159888	-0.0602940142	-0.0250312962	0.0679652205	0.0701563658	-0.0286710515	0.1308327423	-0.0141588985	0.0160973433	0.0791700435	0.0472390372	0.0308763355	-0.1755114937	-0.005751087	0.0281248804	-0.1012872936	-0.0116623983	0.0591805096	-0.1153880097	0.0492884393	-0.0810395481	0.0487009004	-0.0687179735	-0.0089681607	0.1150260471	0.0923026865	0.0150899283	-0.1107790642	-0.0018628537	-0.0814230376	0.0904914165	-0.0255416556	0.0103943315	0.0753778297	0.0495841944	0.1275828063	0.0290082497	0.034115797	-0.0097799486	0.0389060929	-0.0007876501	0.1278802555	-0.0709819047	0.0611388824	-0.0234571777	-0.1126600147	0.0342859527	-0.0210294895	-0.1436388032	0.0256265875	0.0243433231	-0.0242533576	-0.0423590778	-0.0394954582	-0.0272822432	-0.0550280224	-0.1779684511	-0.0851786989	-0.1381122589	-0.1173334541	0.022669678	-0.0057965917	-0.0288841601	0.0784697041	-0.2002384353	0.0967988637	0.0451573525	0.1194644938	-0.0467272036	0.0027878365	-0.0549317852	0.0144242391	0.0086302325	0.046733387	-0.0389328126	-0.0701016173	-0.002993225	-0.1132223469	-0.0751494571	-0.038486674	0.0872600635	-0.0800001575	-0.0031140215	0.0156867414	-0.0140399576	0.0581168056	-0.0396484146	-0.0092970645	0.0154961804	0.1551481695	-0.1005209986	-0.158351587	-0.0130191176	-0.0419271118	-0.0628877156	0.0071277013	0.1103977701	0.0063130154	0.0377128459	0.0698977493	0.0785674201	0.0	-0.0785674201	-0.1111111111	-0.0785674201	0.0342682566568726	0.0139772496620339	0.0001953635081148	0.0011743134143012	0.0466147999654111	0.1750134137769662	0.0021729395758152	0.0306296950018675	-0.0404808607068005	-0.026625847208976	0.0007089357395957	0.0016387000835633	0.0001319991100541	0.0007450043851305	1.7423765055074402e-08	5.550315338636744e-07	-0.0001770006598682	-6.90337621485e-05	3.1329233593778236e-08	4.765660316375672e-09	-9.988338366849705e-06	9.80447639244503e-05	9.61277573300119e-09	9.976690333068181e-11	0.0	0.0
193.4075894333909	0.0540271799710581	37406.49565043511	0.0029189361756251	286.3772091284499	-0.6008839564021287	82011.90590819994	0.3610615290614752	180.2277360437336	-0.064199831052548	0.0041216183071757	32482.036839449705	196.04647289688185	206.0664568644244	1.297402	26.662493	0.1731209974653053	0.1551457935157942	0.0819076681	-0.0699696231	-0.0953946804	-0.0489215635	0.0675784306	-0.0219367133	0.0200991741	0.0421208827	-0.0401134347	0.0189510864	0.0005040582	-0.0002985155	-0.1044541266	0.0384342301	0.057083154	-0.0896106736	0.0390971987	0.0333355273	0.0517792573	-0.013984994	-0.0844139389	-0.0074389641	0.0269661026	0.0383386977	0.0458719698	0.00425485	-0.0741674072	0.0067388253	-0.0225939099	-0.0079652195	-0.08759964	-0.0444267206	0.0761011337	0.0763930558	0.0924654865	0.0304340089	-0.2394075793	-0.0604349683	-0.1292577342	0.0411259476	0.1477438707	0.037332185	0.079198581	-0.0384791264	0.0751049913	-0.0081546848	0.0197468232	-0.0062256467	0.1110687797	0.0646819062	-0.0717379785	-0.0848029446	-0.0094297783	-0.0932419093	-0.0151873128	-0.034888745	0.0273564777	0.0215912738	-0.0654824768	0.029282867	0.03197482	-0.0670114798	-0.0123071205	0.1454286108	-0.0005277312	0.0827193019	0.0112388905	0.1186855885	-0.0751662764	0.1098787262	0.0073552204	0.0403851165	0.0447430166	0.0754840207	0.0176218138	-0.0177745623	-0.0134408288	-0.0486644691	0.0137622647	0.0812249451	0.0129656185	0.0040020982	0.0008110628	0.0474859801	-0.0426526496	0.0259322168	-0.0343132537	-0.1133714836	0.0062084823	-0.0430951374	0.1253282423	0.0198014159	0.0569853927	-0.0857103671	-0.0672305314	0.0549639156	-0.0494996222	0.0145322931	0.0412843031	0.1784284261	-0.1759305431	0.0740949034	-0.0021584168	-0.0144387771	0.0860767326	0.0337884958	-0.0005494716	0.0750454886	0.0654191371	0.0609417337	-0.0391526741	0.0366857666	0.1299340122	-0.0258446224	0.0966193196	0.004936409	0.0226840905	-0.0041375577	-0.0416608499	-0.0243309632	-0.0354824691	0.1241714331	0.0911006752	-0.0688099055	0.0048054562	-0.0183322837	-0.1376199678	-0.0107067821	-0.1620029203	0.0161396283	0.0932608038	-0.0240229724	0.0600239211	0.0446558431	-0.0311185272	0.0499980002	-0.2039208313	-0.0553422726	0.0492817637	0.0374583907	-0.0990724833	-0.0105200131	0.0461111887	-0.0683153666	-0.0361062305	0.0681737994	-0.0665244845	-0.0603367282	0.0770291202	-0.0043083746	-0.0830027857	-0.1107769935	-0.0705921926	0.0324445475173291	-0.0018237091395435	3.3259150256544985e-06	0.0010526486636042	-0.1069240298004814	-0.1535388297658925	0.0114327481487742	0.0235741722458797	-0.0414905199795612	-0.0010096592727606	1.0194118470716637e-06	0.0017214632481743	-7.300106648861523e-05	-0.0002050001765427	5.329155708475222e-09	4.2025072382544415e-08	-0.0003039992268694	-0.0001269985670012	9.241552993719293e-08	1.6128636020358286e-08	-7.011096168592293e-06	2.977242198257412e-06	8.863971107084625e-12	4.915546948524953e-11	0.0	0.0
193.1998256403438	-0.2077637930471212	37326.17262745925	0.043165793701327	286.7140151385934	0.3368060101435048	82204.92647689358	0.1134382884687867	180.49678686949184	0.2690508257582564	0.0723883468411996	32579.09007021076	196.1287565391229	201.19004874964784	1.271652	26.133326	0.1614833114036881	0.1282064312483971	0.1228892645	0.0030148245	-0.1053258692	0.07683631	0.0488877926	-0.0606157897	-0.0907055608	-0.032840371	0.0039030434	0.0518178476	0.0107082219	0.0530532252	0.0348052455	0.049878314	-0.0174163915	-0.0450235271	0.0900806325	-0.0964336634	0.2005222845	0.0440259054	-0.0435600784	-0.0647500373	0.0717494987	-0.0001057262	0.1121853379	0.0400114853	0.0313803214	0.0163906846	-0.1159213005	-0.019746152	-0.0507758366	0.0886981172	0.1043087735	0.0931361017	0.081491547	-0.0286322216	0.0338300007	0.0331444808	-0.040480111	-0.0596366244	-0.0572374482	-0.0398824927	-0.0779427605	-0.1913571084	0.044420759	-0.0516284406	-0.0733929635	-0.0102413192	-0.0151315744	0.0623735713	-0.061104037	-0.0291294915	-0.0330201018	-0.0127229621	0.1469838334	-0.0135594779	-0.0219878262	0.0931805071	0.0006041205	-0.1809544884	0.1328909536	0.0050422054	-0.0002789648	-0.1290908273	0.0216715289	0.0846376859	0.0268831788	-0.0740083132	0.0173539731	0.0072840377	0.0186307612	-0.0133637126	-0.009678282	0.0435405736	0.1155016618	-0.1751288568	0.0301429207	-0.0331022145	0.1156194688	0.0750977976	-0.0562429811	0.0844342777	-0.0741336702	-0.0245951035	-0.0708203474	-0.0153791964	0.0474312326	-0.083418916	0.0505446117	0.056902719	0.0223005247	0.0285960656	-0.0014762974	-0.0657265654	0.05890955	0.1639524645	0.0221477931	-0.0135884956	0.0307842102	-0.0100108666	0.0720766191	-0.0257250536	-0.1060561292	0.0421350849	0.165669587	-0.0317172182	0.0820211742	-0.0458138688	0.0720756953	0.0669486292	0.0019765957	-0.0738846493	0.1018716815	-0.0072068559	-0.1225723419	-0.0822197901	-0.0112819383	-0.197566946	0.018745123	-0.0577947858	0.033255596	-0.0962691245	0.0654939935	-0.0668636401	-0.0112536067	0.0287266017	-0.0980047616	-0.0198862679	0.1563614356	-0.0750110714	0.0194477475	-0.1968882724	0.0276605408	-0.1254063551	-0.0482226507	0.0545959444	0.1023134676	-0.0721925889	0.0810538731	0.0151809885	0.0223481296	0.0073681464	-0.0328696783	0.0226143347	0.0758533736	-0.0745293291	0.0788716278	0.0475946282	0.0754618528	-0.008610269	-0.0871572961	-0.1097766499	-0.0619537931	0.0395804773429659	0.0071359298256368	5.092149447641287e-05	0.001566614186697	0.0194601744220079	0.1263842042224893	0.0003786983885349	0.0159729670769518	-0.0416521031280296	-0.0001615831484683	2.610911386896008e-08	0.001734897694988	7.80092646699514e-05	0.0001510103311585	6.0854453743465295e-09	2.280412011661996e-08	-9.699255080608538e-05	0.0002070066760633	9.407554911871054e-09	4.2851763934782086e-08	0.0001910037807514	0.0001980148769199	3.9209891481639696e-08	3.6482444261328886e-08	0.0	0.0
193.47676161581293	0.2769359754691436	37433.25728534211	0.0766935345090461	286.5584859934458	-0.155529145147625	82115.76589485587	0.024189314990351	180.31069642587352	-0.1860904436183261	0.0346296532060654	32511.94724558352	196.0547207092306	202.8256387861948	1.224502	25.164366	0.0456473525101583	0.0308646352534998	0.1130170997	0.0553730532	0.058983922	0.1237640495	0.0502837538	0.0179226369	-0.0631732883	-0.0268514787	-0.0419630617	0.0342204645	0.0989986272	0.0271996339	-0.0087838367	-0.0628059689	0.0766281581	0.017702752	-0.0247373526	-0.0244201545	0.0839597181	0.0145681174	0.0116969905	-0.059336763	-0.0661703841	0.1714367521	0.0078157912	-0.0136289093	-0.0280387421	0.0646766152	-0.0259465803	-0.0068106517	-0.0771397717	0.0098073946	0.0368516861	0.0579506321	0.2132495212	-0.0477429604	0.0395234297	-0.0791955871	0.0149845376	-0.0572412015	-0.0454621251	0.2064219378	-0.0234708697	0.0031687252	-0.0322002463	0.0268208334	-0.1272002569	0.1003136996	0.1556319073	-0.0294084199	0.0681995111	0.0263119171	0.0934940441	-0.1363181829	-0.0724207959	-0.0738117477	-0.0440212283	0.1813872906	0.0551410913	-0.0714710537	0.043510206	0.0410050716	0.0649782169	0.0805853126	0.1305988148	-0.0072107389	-0.0883684136	0.024607941	-0.0511155371	-0.0964320481	0.0219551274	-0.0779338367	-0.0206345714	0.0230179906	0.0416601733	-0.037618681	-0.0402756893	-0.0353153656	0.0553287686	-0.0049129714	-0.0524535179	0.0747954905	-0.0008194524	-0.013360327	0.0468567566	0.1761035193	-0.0422216399	-0.0924025756	0.0517949887	0.0001603911	-0.021019796	-0.1589046771	0.0568019058	0.0256850775	-0.0719453775	0.0710030659	0.1148447861	0.0333356824	0.0662710291	-0.0333332956	-0.0490481804	0.1262905809	0.1832917613	0.1370326273	0.060361197	0.0014493439	0.1061081706	0.0717704886	0.0161323314	0.1236006169	0.0585389336	-0.0526877547	-0.020402373	0.0636968931	0.065535172	-0.0382860864	0.0039457038	0.0085617636	0.0993372526	-0.2006419021	0.0411214425	0.0275991483	-0.0957036312	-0.1155762952	-0.0085795976	0.0755694733	-0.070342086	-0.0532795128	0.0132891424	0.0068649973	0.0783932833	0.1181291128	0.0444881483	0.1440125294	-0.0800811372	0.001322368	0.0885376519	0.0812454447	0.1018540742	-0.0534423517	-0.0062132849	0.0017626117	0.0539087951	0.0417478095	-0.0844549316	-0.0134413736	-0.0568329873	-0.1089799578	0.0738662073	-0.0128992127	-0.0910168938	-0.1081160967	-0.0527333744	0.036558032599828	-0.0030224447431379	9.135172225321954e-06	0.00133648974757	-0.0103754249556118	-0.0298355993776197	0.0001076494430095	0.0008901629902218	-0.0468911798019107	-0.0052390766738811	2.744792439480511e-05	0.0021987827432151	7.800661662590501e-05	-2.648044046394521e-09	6.08503223742092e-09	7.01213727164547e-18	-0.000146996487774	-5.000393696791462e-05	2.160796741789173e-08	2.5003937122911783e-09	9.000573145296767e-05	-0.0001009980492984	1.0200605962088569e-08	8.101031694383734e-09	0.0	0.0
193.51726280686017	0.040501191047241	37448.931004259386	0.0016403464762451	287.9356289044368	1.3771429109909832	82906.92639259354	1.896522597292719	180.13190406336503	-0.1787923625084886	0.0319667088913668	32447.502861493344	195.98044298393256	203.4148202003125	1.120155	23.019958	0.0575879470215185	0.0335243943539115	0.0614808939	0.0939997016	0.1394018695	-0.0131911208	-0.0261035637	0.0181773922	-0.045463412	-0.0180928899	0.0025098296	0.0908554101	0.1027224117	-0.0187099768	-0.0131035272	-0.0708966108	0.1672396654	0.0130527934	0.04138178	-0.063287478	0.0377969446	0.1086728537	0.0548175788	0.0561655787	0.0080887952	0.0452485739	0.0449389835	-0.0326695127	0.1732532711	-0.1150821018	0.1198884846	0.0585694521	0.0523423239	-0.0338049267	0.0734479083	0.1481952321	-0.0618503497	-0.0185328514	0.0319622366	-0.0504249704	-0.059639666	0.0260228692	-0.2108846117	0.0714973704	0.0462230029	-0.0351146315	0.0290928896	-0.0693198857	0.0713726391	0.0404513329	0.1158522027	0.0530818406	0.014880537	0.0635870309	0.112026873	0.109525818	-0.1630887911	0.044667106	0.0100451722	-0.0202869776	0.0247113238	-0.0938896466	-0.0951361429	0.1574973303	0.2805521672	0.0236887478	0.0308677507	-0.0603249519	0.0190588882	-0.1018325755	0.1090101409	-0.1241722941	3.58182e-05	0.0840169326	0.0096022233	-0.0322330965	0.0617954216	-0.0600410898	-0.0211848973	0.0772850728	0.0357794738	-0.0626741657	-0.0381518096	0.1750516313	0.019597652	0.0092204473	0.0945477011	-0.0040532212	0.1091222914	0.0684882566	-0.1111998192	0.0145851448	-0.0541446424	0.0210297383	0.1036310985	0.057367209	-0.007965671	0.0170805434	0.0067572416	0.0664289683	0.0750000686	-0.0362968849	-0.1554559436	-0.0480944525	-0.112370095	-0.0416165098	0.0244286302	0.0561729226	0.084613259	-0.0038768246	-0.0768426226	0.0078879109	-0.0455519371	-0.0077820233	-0.0508532512	-0.0432678182	0.1081428023	-0.1928903352	-0.130051762	0.0653490898	0.0871594423	-0.2764411877	0.038563981	-0.032250645	-0.0049622106	0.2779066253	-0.0136973279	0.0943675658	0.0083435402	-0.0212090818	0.0611996884	0.0180286861	-0.0244995379	-0.0343824393	0.0482294252	0.07070285	0.0533651723	0.0284572957	-0.0156093681	0.1200499944	-0.0453559475	0.0548842545	0.1088294475	-0.0207487295	0.01517213	-0.1283694739	0.0821752853	-0.0599179245	0.0260535669	-0.0511871597	0.0722427837	-0.0171687548	-0.0945685192	-0.1058053206	-0.0430175569	0.0341890591394644	-0.0023689734603635	5.612035255907079e-06	0.0011688917648417	0.0183863034027638	0.0287617283583756	0.0003380561528184	0.0008272370181609	-0.0470954771631042	-0.0002042973611934	4.173741179062652e-08	0.0022179839692204	-0.0002879866249732	-0.0003659932415991	8.293629616345455e-08	1.3395105289622082e-07	-0.0003040126491382	-0.0001570161613642	9.242369083602629e-08	2.465407492954849e-08	8.795617758455563e-05	-2.049553868412038e-06	4.20067105952275e-12	7.736289175285887e-09	0.0	0.0
193.3233868778352	-0.1938759290249834	37373.93191391714	0.0375878758553004	287.20678345218283	-0.7288454522539496	82487.73646094905	0.5312156932712643	180.11767579100487	-0.0142282723601567	0.0002024437343548	32442.377132353544	195.77961807799227	204.8078151458785	1.240503	25.493179	0.0419019329961453	0.0225859462649757	-0.0262358604	0.0920230303	0.0115827185	-0.1606967151	-0.0165193648	0.0427488114	-0.0147449465	-0.0467111925	0.0333010748	0.0894953014	0.0828193135	0.0040570373	0.032380817	0.0599503961	0.006212711	0.0541787881	0.0075121934	-0.0823651118	0.0400916011	-0.0501912597	0.0921974511	0.0386580736	0.0329799464	0.0557203444	0.1125042209	-0.1262457653	-0.0670610395	0.1376816407	0.0228231276	0.098241311	0.0225538157	-0.106070799	-0.0651413581	0.0169348463	-0.0015310229	-0.0302372725	-0.0485124742	0.0515177356	0.1307213268	-0.0830435115	-0.0485434004	0.0153033934	0.0406742359	0.0214993752	-0.0257825622	0.0108804478	-0.1057293577	-0.0621935629	0.027526931	-0.0591116215	0.095187735	-0.1065565215	0.0453293914	-0.1055850425	0.1349675977	-0.0620686309	0.0140641383	-0.215205176	-0.1170623343	-0.0400060954	-0.0856632561	-0.0473996264	0.0569275144	0.0051045021	-0.0785795786	-0.0497451537	-0.047166238	-0.0050678226	-0.0305675059	0.1019927107	-0.0913594715	-0.0132230241	-0.0582309137	-0.0585668757	0.0113662611	-0.00346686	0.0508752189	0.0291621848	0.0939204158	-0.0293179751	-0.024990771	0.0666223927	0.0684468021	0.0787228268	-0.1860346636	0.0100925419	0.0456239801	0.0100073882	0.0234141741	-0.0322154987	-0.042362985	-0.1059520076	0.0537153983	-0.0253885055	-0.1102463104	-0.0736104791	-0.0009408489	-0.0488515653	-0.0724020561	0.0108715592	-0.0052988765	-0.0377653387	0.0978518855	-0.1234319953	-0.0277256144	-0.0539975544	0.1858725178	-0.0012068846	0.0250543417	0.0103029917	0.0356410948	0.0290416881	-0.0912102904	-0.0084976336	0.072439205	0.0130659094	0.1040505936	-0.0278543013	-0.1593135073	0.1220677206	0.0396381019	0.0407419622	0.0877318432	0.057808542	-0.0163994302	0.0774799657	0.0598720179	-0.0500570602	0.0242299696	0.0192304894	0.1451420772	0.0445053726	0.084650268	-0.0854762107	-0.0059782264	0.0005672295	-0.1061561465	-0.0777763934	-0.0323335841	-0.0731759973	0.0746294982	0.0550593284	0.055400456	0.1455761342	-0.0244817503	-0.1230351507	0.0593635898	-0.0496418626	0.0705921926	-0.0214124734	-0.0978001546	-0.1028582188	-0.0328976148	0.0322233024200357	-0.0019657567194286	3.86419947997907e-06	0.001038341218853	0.0020735275023753	-0.0163127759003885	4.29951630310675e-06	0.0002661066575762	-0.0404268422287188	0.0066686349343854	4.44706918881054e-05	0.0016343295725857	-0.0003710255380314	-8.303891305820002e-05	1.3765994987148986e-07	6.8954610818873035e-09	-0.0003039688277182	4.3821419999970884e-08	9.239704822437677e-08	1.920316850813848e-15	-0.0001680563967761	-0.0002560125743606	6.554243823077024e-08	2.8242952497365952e-08	0.0	0.0
193.1666717162053	-0.1567151616299043	37313.36306191622	0.024559641884687	288.44965356786446	1.242870115681626	83203.20264342103	1.5447261244544583	179.94365271378484	-0.1740230772200277	0.0302840314051277	32379.718151979207	195.89504118282247	203.05569886647424	1.130793	23.238571	0.0761140619339765	0.0420275225179141	-0.0768035165	0.0791079604	-0.0690344073	-0.0430138323	-0.0699042664	0.0995793207	-0.0058274452	-0.0585953142	0.0695134066	0.0726967211	0.1417575785	-0.0408373996	-0.0474395119	0.0953260796	0.0216085	-0.1112250449	0.0125942463	-0.1104583545	-0.0771451638	0.0460065963	0.0515533414	0.0033384364	-0.0236154769	-0.0617538061	0.0641201025	0.0432997326	0.033815349	0.0168425738	-0.0140559716	0.142822303	-0.0423546385	0.0499440116	-0.0362694679	0.0289594025	-0.0939542758	-0.1038704828	-0.0364285565	0.1006940149	0.0394284903	0.1114242458	-0.060841102	0.0011937304	0.0011244797	0.0872682873	-0.1020963071	-0.0532111475	-0.0237374369	-0.0121986499	-0.0603138515	0.1635001345	0.0749055275	0.1012885027	-0.0523343806	-0.0699846358	0.118921047	0.0066164946	0.2082910348	-0.0134107393	-0.0088284164	0.0171686697	0.0439446807	0.0279712081	-0.0526300488	0.0765529692	0.0159875598	0.0925910381	0.1286003564	0.086475288	0.2333799271	0.135228763	0.052443953	0.1007387519	-0.0074094976	-0.1053026023	0.0129184315	0.0547648497	-0.0047732906	0.0154523083	0.0277583321	-0.0408566631	0.0023947687	0.1540769292	-0.0211890354	0.0332745666	-0.0178449698	-0.1860891044	0.017144683	-0.0268771639	0.0230400004	0.1066232895	-0.0875439201	0.0531706335	0.1121261713	0.0324043324	-0.022064685	-0.0868686084	0.0973261483	0.051329901	0.0236150168	-0.064166392	0.0400830493	0.0247986528	0.0542422682	0.0484469141	-0.0823299928	-0.0566083499	0.0335373253	-0.1056693253	0.0811641982	-0.0510497739	-0.1554398265	-0.0098347379	0.1018521765	-0.0993424476	0.0368244409	0.0354091008	0.1636874617	-0.1151170588	-0.1084418504	-0.0715154003	-0.0189248482	0.064959228	0.0710477928	0.0103464337	-0.0261240278	0.0630243739	0.0762019407	-0.0300162925	0.0754200001	-0.0699606399	-0.0416498499	-0.1114862979	-0.0261595003	0.1332495544	0.0211047437	0.0158635575	0.0056054201	-0.0559208026	-0.0384199231	-0.1384481359	-0.0324841968	-0.0281042198	-0.0350522374	-0.0056659525	0.0021268133	-0.0470284568	0.0205660374	-0.0511346691	0.0689150546	-0.0256239856	-0.1007008652	-0.0992925156	-0.0224686191	0.0370741709361652	0.0048508685161294	2.3530925360776364e-05	0.0013744941506039	0.0200011965257402	0.0179276690233649	0.0004000478624612	0.0003214013166113	-0.0599601660575359	-0.0195333238288171	0.0003815507398014	0.0035952215136472	0.0002119831820274	0.0005830087200588	4.49368694624618e-08	3.398991676646002e-07	-0.0002370150477599	6.695377995830003e-05	5.617613286462768e-08	4.482808650704459e-09	-0.0001419748854799	2.60815112962e-05	6.80245231493808e-10	2.0156868107030723e-08	0.0	0.0
193.3201300124352	0.1534582962298998	37372.67266802485	0.0235494486817836	287.26585823819715	-1.183795329667305	82521.67330932799	1.4013713825421232	180.204552885788	0.2609001720031472	0.0680688997512717	32473.68088076676	196.0035502574212	202.9713337431857	1.110353	22.81852	0.0751815848040728	0.0350458928196503	-0.0992623245	0.0562134367	-0.0531679067	0.0518904254	-0.015400806	0.0284551231	0.0129331944	0.0043772047	0.179775387	0.0017835678	0.0031227081	-0.1294531091	0.0409584454	0.0120519039	0.0068313201	-0.0825825282	0.0441287564	-0.0832120308	-0.0079494239	-0.1027223075	0.1149384065	-0.1797928125	-0.0950777924	-0.1167550081	0.0745462994	-0.1811988005	-0.0332615432	0.0969635764	-0.0254441011	-0.0273670701	0.076578363	-0.0585853397	-0.0338178991	0.1193447352	0.0803346922	0.0602889607	-0.0178551836	0.1087814076	0.0534101571	-0.1018353877	-0.1437692636	0.0550068659	-0.0141297202	-0.0357932781	0.1550479352	-0.0639077869	0.0243072347	-0.008690123	0.109268531	-0.1086112651	-0.0407590531	0.1181243505	0.0235789434	-0.0033023376	-0.010678298	0.0089205233	-0.0100628065	-0.0192731765	0.0051262335	0.0115153247	-0.0054664249	-0.0882938356	-0.1336230183	-0.0547590062	-0.0006524169	-0.0374116332	0.0630961224	-0.0198214968	0.1682950536	0.1262343403	0.0493137549	0.0176556351	-0.0199190015	-0.0549300838	-0.0085967655	-0.0272671053	0.125897399	-0.0505577748	0.0848074989	-0.0445782599	0.1155453796	0.111298125	-0.0658269149	-0.0018189358	-0.0557882341	0.0252501733	0.0231167781	0.2134255066	0.0617504083	-0.0570419608	0.0220218912	-0.1170511034	0.0339200059	-0.1351528451	-0.1020021261	0.0347601506	0.2042044268	-0.0537630809	0.0231432528	0.0116258911	-0.0732844637	-0.1888198758	0.0213775676	0.0562714513	0.0980589438	0.0078803425	0.0001417376	0.0162311652	0.032484905	0.0574309259	-0.0147584409	0.056613492	-0.0562423866	-0.014487205	-0.0248691938	-0.1184169846	-0.0186580871	0.0424936626	-0.008041334	0.1096994108	0.0325505172	-0.1745852854	0.0074320907	-0.1347920917	-0.0084125441	0.0028329763	0.1144153949	-0.071775223	-0.0377907327	0.1045424202	0.0564160305	0.0821917391	0.1190302969	0.0683560189	-0.0644892964	-0.0735492834	-0.0505366872	-0.1116167919	0.0262378843	0.0128269788	-0.1635249567	-0.0282345798	-0.0535701461	-0.0127924202	0.0037297297	-0.0169941785	0.0394729698	-0.073686105	0.0672120005	-0.029796957	-0.103260836	-0.0951296555	-0.0118285441	0.0229394256061681	-0.014134745329997	0.0001997910255438	0.0005262172471409	0.0178075702148703	-0.0021936263108699	0.0003171095569575	4.811996391740686e-06	-0.045261293525975	0.0146988725315609	0.000216056853699	0.0020485846916444	-0.0002670739533002	-0.0004790571353276	7.132849653139741e-08	2.294957389082865e-07	-0.0004649575181043	-0.0002279424703444	2.161854936417105e-07	5.1957769786707694e-08	-0.0003180620924408	-0.0001760872069609	3.100670445529083e-08	1.0116349464782e-07	0.0	0.0
193.5398711379005	0.2197411254653047	37457.681720075125	0.0482861622207588	287.59959566821266	0.3337374300155034	82713.5274285194	0.111380672193353	180.11427247082244	-0.090280414965548	0.0081505533263515	32441.15114769367	195.8198921905897	205.1515028063691	1.142019	23.469275	0.1833225106790021	0.135625579845846	-0.0892808497	-0.0151306783	0.0273185598	0.0673019056	-0.0176264525	0.0186718745	0.0334323587	0.0517567621	0.0539847696	-0.1425515083	-0.0228950936	-0.0058333072	-0.0522030957	-0.0991823447	-0.1559024582	-0.0669356178	-0.0119270391	-0.1141602119	-0.0176365988	-0.0927410863	-0.0695078372	-0.1077538782	0.0431217915	-0.0504937317	0.0624729596	0.0324572078	-0.0324243226	0.0879849179	-0.0806958846	0.0542072443	-0.0203534058	-0.0507836765	0.0284120026	-0.0439244549	-0.0284746431	0.0267841129	-0.0726388429	0.0064798205	-0.1301185487	-0.0098610936	-0.1320156459	-0.1448230009	0.0524277016	-0.1001759141	-0.1092730976	0.1222579121	0.0101154579	0.007508318	-0.1407148619	-0.0334496836	-0.018470201	-0.0624099158	-0.0497090302	0.0980280487	-0.0478653939	-0.0076017823	-0.0034257899	-0.1589927078	0.2620202024	0.1305841391	-0.0823394345	0.0332812296	-0.0267634691	-0.0309864054	-0.0136494965	0.238037954	-0.0379402571	-0.0708617008	-0.1367935684	-0.0642170835	0.0005843803	0.0638187658	-0.0338049445	-0.0625826715	-0.043715298	-0.0456334797	0.0357963905	-0.1311253747	0.0047906211	0.0927149007	0.0592248218	0.0090183946	-0.0546808685	0.008590841	-0.0810351906	0.0456166863	0.0669529955	-0.0965770351	0.0351901187	-0.1011703933	0.0148193306	0.0294315533	-0.0295952571	-0.0775858574	0.0129810791	0.0563574439	0.0953623586	-0.0898012118	-0.0227739882	-0.0689419611	0.0812708531	0.0446706759	-0.1315103477	-0.1854661705	-0.1350293896	-0.0304359952	0.0276761176	0.0214460941	-0.1406745866	-0.179387566	-0.0653520326	0.1257663497	0.11246745	0.1443173966	0.0281757138	0.1159540849	-0.0671640681	-0.0539820238	0.1171200515	0.041431899	-0.1606886472	-0.0448663032	0.0710220113	0.0530316003	-0.0209579882	-0.0545265722	0.0885846897	0.0284359799	-0.0856294869	-0.1835562735	0.1442209113	-0.0813230821	-0.010080908	0.013539384	0.0154395393	0.0159367015	0.0101567826	0.0666610087	0.1157935295	0.1519837432	0.0724052635	-0.0664851103	-0.1193296453	0.1012657129	-0.0581274925	0.0501555292	-0.095005994	0.0010896663	0.0654836707	-0.0339251109	-0.1054714048	-0.0903946745	-0.0010773469	0.0289547469725164	0.0060153213663482	3.618409114044637e-05	0.0008383773722424	-0.1174608068930496	-0.1352683771079199	0.0137970411559662	0.0182975338454104	-0.0540962536738902	-0.0088349601479151	7.805652081524972e-05	0.0029264046615498	5.797872228707379e-05	0.0003250526755872	3.3615322380416273e-09	1.0565924190644545e-07	-0.0003040040517003	0.000160953466404	9.241846345019869e-08	2.5906018347463565e-08	-0.0001399911932957	0.0001780708991451	3.170924512234437e-08	1.9597534200354045e-08	0.0	0.0
193.5876000892576	0.0477289513571008	37476.15890831833	0.0022780527976485	288.3143493483314	0.7147536801187471	83125.16404015169	0.5108728232432922	180.20076889794632	0.0864964271238761	0.007481631905196	32472.317111411056	196.0560099011179	206.1403776200404	1.083056	22.257545	0.2102574318071204	0.1734941951090605	-0.0766041207	-0.0394247913	0.0351736492	0.0658241548	-0.0981455374	-0.014146922	0.0003780043	0.1530951781	0.0059667262	-0.0773718216	-0.0327883585	0.1772509878	0.0670033665	0.037233882	-0.0005664647	-0.0971762324	0.0906249433	-0.0831660824	-0.0161806607	-0.1003719268	-0.04567837	0.0351842848	0.0381509433	0.1059488626	0.0876127684	0.0415198707	0.0958672125	0.0535772225	0.0294103833	-0.0967250427	-0.0832614625	0.0286096738	-0.0786185553	-0.2174313001	0.0824003662	-0.036103994	-0.0667230353	0.0884928134	-0.0508313729	0.0189609603	0.0258862993	-0.1210078661	-0.0788506941	-0.0021172175	0.0698086896	0.0394641727	0.1228496153	0.0748048528	0.036025827	0.0103257239	-0.0271850104	0.0279928869	0.1627112817	0.0089627537	-0.0300837669	0.0192672705	-0.078087506	-0.0079229021	-0.0255162923	-0.0050018132	0.0514374593	0.0730824845	0.0289288133	0.0657432668	-0.0279818164	-0.0501891528	-0.0118518974	0.0038644005	0.2278915436	-0.0401462122	-0.1108413556	0.0269679975	0.0424690425	-0.0660152305	-0.0325692981	-0.0804515765	0.0738079643	-0.1313708418	0.0315469078	0.042070003	-0.0667332082	-0.0507328207	-0.0115042527	0.1568244175	0.0510352331	0.0414259749	-0.0312916259	-0.082977757	-0.0277780814	0.1515520589	-0.0944972087	0.0798639318	-0.1038119701	-0.003565868	-0.0597462971	-0.0517155868	-0.0096774492	-0.0924022482	-0.1861750857	0.0432210137	9.2113e-06	-0.067664908	-0.0538048086	0.034034909	-0.0048031915	0.1584750877	-0.0497427376	0.1455311987	0.0542484624	-0.0214192198	-0.0492198307	-0.1002442252	-0.0014553166	0.0725204353	-0.0195674518	-0.0744676761	-0.0972981358	-0.0395268065	0.0462467108	-0.048961305	0.0908536168	0.0073893702	-0.0378598863	0.0915357382	-0.0130506783	-0.0881082157	0.0629385073	0.0054290792	0.0659100158	0.0079820613	-0.1071737842	-0.0283642068	-0.0327791291	0.1075495639	0.0114306507	0.0537229297	-0.0640386103	0.0423159341	0.0810830366	-0.0804870133	0.0228049517	0.0954256951	0.0856525945	0.014939573	0.1064310656	0.0185531471	0.0325000948	0.0125041064	0.0637307152	-0.0380022381	-0.1073250918	-0.0851160492	0.0096839714	0.0379756703387244	0.0090209233662079	8.137705837899744e-05	0.0014421515376754	0.0561331043139432	0.1735939112069928	0.00315092539992	0.0301348460081413	-0.0540502699177096	4.5983756180596747e-05	2.114505832476569e-09	0.0029214316781772	-0.0001490095404361	-0.0002069882627231	2.2203843140977723e-08	4.2844140905157627e-08	-0.000543997348382	-0.0002399932966816	2.95933115046647e-07	5.759678245215046e-08	-3.504048314579297e-05	0.0001049507101499	1.10146515609698e-08	1.2278354590906012e-09	0.0	0.0
193.33226727077363	-0.2553328184839643	37377.365568057845	0.065194848194965	287.52274407793027	-0.7916052704011349	82669.32836210298	0.626638904126854	179.8063696097	-0.3943992882463192	0.1555507985692031	32330.330552220046	195.90068281331872	205.93574454135825	1.132888	23.28163	0.0652961495108088	0.0342359104575205	-0.0526902119	-0.0906527428	0.0628889787	0.0335648697	-0.0377046704	-0.080155581	0.0650025048	0.0298536397	0.0386588911	0.1371754094	-0.178208399	-0.0396889883	0.0952781393	0.0250003485	0.0454275757	-0.0491894224	0.0473210394	0.0284636481	0.0283255246	-0.0812047048	0.0208036464	0.0925788304	0.0221288222	0.0270363678	-0.0500590434	-0.1379504191	0.0621402333	0.0247711425	-0.066528498	-0.1178217484	0.0075559287	0.0863284186	0.0092758155	0.1386691057	-0.0208055579	0.0224294235	0.0163633013	-0.1575106007	-0.0010994695	-0.1436747668	-0.0029666975	-0.063670437	0.0883083131	0.0048758267	-0.0426854281	0.1568957862	-0.0477331837	0.0595761729	-0.0508991706	0.1905179438	-0.0102206814	0.0207680804	0.0336581046	0.0400762326	0.0273684018	-0.0277784738	0.0439269729	0.1328285485	0.0198789691	0.0728590547	0.0062680272	0.129863148	0.0139513169	-0.0441528513	-0.0822264912	-0.039762312	0.0703020893	0.0519558368	-0.030479574	0.0907300367	0.1454621877	0.0096351093	0.0741250911	0.005315621	-0.1016474313	-0.0136357705	0.0568534134	0.0613393102	0.0619913192	-0.0150945323	-0.1134036511	0.0468184022	0.0709033842	-0.079519029	0.0439787366	0.0239943576	0.1020551222	0.1434059864	0.006318248	0.094161264	0.1546740771	-0.1302717315	-0.0311849182	0.049045972	0.0776787816	0.1311581029	-0.0518822935	-0.1240662058	0.0910677636	0.1379072497	0.0630835326	-0.0223549027	-0.0077186817	-0.0055868575	-0.0828922982	-0.0330704778	0.0111644283	0.012077723	0.1234267891	0.0835520362	0.0715383355	0.055836041	0.0883365389	0.0676742757	-0.0466583347	0.0326739428	-0.0337944864	0.0155347921	-0.0015995742	0.0949764184	0.0148165746	0.1040789173	0.0474179835	-0.0053656184	-0.0026221769	-0.1468599182	0.0334014264	-0.0476210676	0.0483634133	0.1368782717	-0.0297316831	-0.0195993708	0.0999734651	-0.0330072368	-0.0177110182	-0.1088376647	0.036551649	-0.15265235	-0.0454497131	-0.0076293959	0.071853462	-0.0068667486	0.0084402447	-0.1214725803	0.0095059024	-0.0789895769	-0.007212263	0.0198612242	0.0619537931	-0.0420222065	-0.1088156246	-0.0793255261	0.0203543145	0.0338247318283464	-0.0041509385103779	1.72302905169391e-05	0.0011441124832595	0.0789335321028659	0.0228004277889226	0.0062305024902341	0.0005198595073578	-0.0362997496408681	0.0177505202768415	0.0003150809700985	0.0013176718239897	-0.000539006386883	-0.0003899968464468	2.9052788510066626e-07	1.520975402385269e-07	-0.0005529943146673	-8.996966285300086e-06	3.0580271205435685e-07	8.094540233882641e-11	-2.214903718465944e-05	1.289144596113353e-05	1.66189378968826e-10	4.905798482074264e-10	0.0	0.0
193.32645751318384	-0.0058097575897875	37375.11917459688	3.375328325209373e-05	286.7388865729233	-0.7838575050069494	82219.18907307979	0.6144325881557197	179.91585083159555	0.1094812218955496	0.0119861379477425	32369.713380456946	196.0845884564829	209.8512431307281	1.146928	23.570168	0.2039292541006832	0.113409268569231	0.0106060279	-0.1394672433	0.0440266481	-0.0963289448	0.0294174424	-0.0771481774	0.066809064	0.0102038905	-0.1360031707	-0.0711768128	-0.0156345227	-0.0178426074	-0.0171519934	-0.0203909785	-0.1064957303	-0.0354612614	0.0516511491	0.0663684571	-0.0633319511	-0.0592350653	-0.0628256706	0.0039235894	-0.1020722455	0.0370756268	0.0018735112	-0.2371742378	0.0264430762	-0.146816494	-0.0177830146	-0.0372199243	-0.0263747581	0.0013849094	0.0682363276	-0.1086075099	0.0185998989	0.0473475128	-0.0626685318	0.007632859	-0.0853216488	0.0787923652	0.0221011051	-0.0969201675	0.0323044076	0.0095898527	-0.0640335243	0.0035257623	-0.0685372623	0.014779777	0.1299733498	-0.0317859818	-0.1752568134	0.1408617187	0.0618260872	0.1663017397	0.0586775298	0.0037137561	0.0534877398	-0.0799246345	-0.0652942554	0.129936102	-0.1139710804	-0.090098188	0.0274444454	-0.0574410485	0.0380462993	-0.0773991125	-0.1264889378	0.1461835212	-0.0614534548	0.0672707231	0.1235948594	0.048840802	0.1448731499	0.0676615741	-0.0479731077	0.077730616	-0.0736107316	-0.0573904086	0.0028012699	-0.0447881992	0.1030735112	0.0992423681	0.0735418271	0.0928782491	0.0546514712	0.0766415525	0.022449497	0.0810893679	0.1199578437	-0.0181830347	-0.0361097795	0.0438801001	-0.0990062651	-0.0144385445	0.0054714663	0.018186137	-0.0363410228	-0.0532240543	-0.0265523215	0.1141805013	-0.0142948758	0.0709865039	-0.0770828303	-0.0155784722	-0.023655781	0.0955268961	-0.09236037	0.0158744816	-0.1493423592	0.0530559668	-0.1880597429	0.065649379	-0.1256056046	-0.0104474159	-0.043500847	0.0035402972	-0.1778726098	0.0532622055	-0.1229068663	0.0806079679	0.0573244096	0.0339221982	0.1505951431	-0.0621397047	-0.0074174163	-0.097677559	-0.0842497857	-0.0405381059	-0.1227965625	-0.1222494965	0.1016251721	0.0981033174	0.0348230387	0.0102757607	-0.027485161	-0.0806150216	-0.0239946455	0.0565436885	-0.0719366492	-0.08200737	0.0262123916	-0.0288787312	-0.1097852013	0.0268243441	0.0518288725	-0.0233514033	-0.0151354467	0.0092560465	0.0601535728	-0.0459789694	-0.1099379598	-0.0730579298	0.0308334408	0.0408044124720561	0.0069796806437096	4.871594188817584e-05	0.0016650000771896	-0.024500706250933	-0.1034342383537988	0.0006002846067945	0.0106986416638304	-0.0709523147903397	-0.0346525651494716	0.0012008002714383	0.0050342309741074	0.0001650518452891	0.000704058232172	2.7242111633337e-08	4.956979942893026e-07	-0.0003769772986006	0.0001760170160667	1.4211188366020593e-07	3.0981989945024944e-08	0.0002750311136506	0.0002971801508352	8.831604205046756e-08	7.564211347588927e-08	0.0	0.0
193.33355515644467	0.0070976432608347	37377.86354943003	5.0376539858072654e-05	286.9712378011129	0.2323512281896	82352.4913251029	0.0539870932412156	179.94283494977793	0.0269841181823835	0.0007281426340808	32379.42384976302	195.7774251479032	204.2210205629933	1.362468	27.999653	0.0497399700550412	0.0254235535998715	0.0897533079	-0.0543886476	-0.116152424	-0.0474520916	0.0543093608	-0.0573267003	0.0215590412	-0.0409665013	0.0602589661	-0.0063881856	-0.0336757693	0.0943682427	-0.0718692379	-0.0064863779	0.1345093076	-0.0419148479	0.0850293066	0.0924489716	0.0666029174	4.98453e-05	-0.020094277	-0.0394889496	-0.0638959531	-0.0112844072	0.1090819201	-0.1192097926	0.1024990463	0.0681499845	-0.0905735428	-0.0757514592	0.0240800439	-0.0499073052	-0.1086037158	-0.017496473	0.0203381446	0.1684531952	0.0573667732	0.091840239	-0.0169391212	0.0676677047	0.0207651935	0.0123313047	-0.0362914212	0.1743374661	0.0599833216	-0.0297885015	0.0508202293	-0.0513894047	0.0062395771	0.0568148293	0.08719483	0.0716336874	-0.0347318698	-0.1223746716	0.0439253804	-0.0003787391	-0.0341755948	-0.1023569028	-0.0138648802	-0.1278107656	0.0917625694	0.0025016211	-0.0601343178	0.1069101436	0.0207775008	-0.0274137918	0.1076580753	0.0212395438	-0.130683644	0.0216274822	0.1145395681	0.1401900846	0.0416883502	0.0856374621	0.0713974041	0.0078041531	0.0754629863	0.0477687167	0.0549106693	0.0722395842	0.053494719	-0.0154059613	-0.0186354566	0.0673318917	0.0419731554	0.0024266951	0.0788880379	0.0967685356	0.1135036358	0.0441265171	0.0709604154	-0.0557070455	-0.0807117105	-0.1280347709	0.0302627366	-0.1004778981	0.0091546667	0.0694877579	-0.1645880164	0.011167404	-0.0094780805	-0.1365993896	0.0769355242	0.0592817787	-0.122587577	0.0467949483	0.0163525403	-0.111646449	0.0269750849	0.0215118038	0.0289866268	-0.0378138969	0.047510104	-0.0574029528	0.1810600194	-0.1451938364	0.1113976885	-0.0033606076	0.0085582975	-0.018629668	-0.1000482467	0.0081103254	0.0753479083	-0.0525354958	-0.0117971114	-0.0158325835	-0.1346048937	0.0244814069	-0.060472077	-0.023278525	-0.0320660966	-0.1229086937	0.0298805212	0.0643288164	0.0158979784	0.0547905778	-0.1407259864	-0.005719081	0.030165219	0.0220321189	-0.1086715633	0.0139324251	0.0215962265	-0.0244235012	0.0481170784	0.0108222168	0.0021413578	0.0710267023	0.0583307311	-0.0498665756	-0.1106882998	-0.0663509546	0.0410229053	0.0408701103621353	6.569789007920129e-05	4.3162127608588155e-09	0.0016703659210131	-0.040436906135028	-0.0159361998840949	0.001635143377773	0.0002539624667458	-0.0684200830947929	0.0025322316955467	6.4121973599318045e-06	0.0046813077706983	-3.4002588312751736e-05	-0.0001990544336018	1.156176011966481e-09	3.9622667536554e-08	-0.0005169997625094	-0.0001400224639088	2.67288754434776e-07	1.96062903990912e-08	-1.00088005451527e-05	-0.0002850399141957	8.124775268472207e-08	1.0017608835264899e-10	0.0	0.0
193.24747509645823	-0.0860800599864433	37344.58663115624	0.0074097767272696	287.16856834511503	0.1973305440021135	82465.786645383	0.03893934359617	179.56320393818788	-0.3796310115900496	0.1441197049608844	32242.94420854725	195.2838187880727	202.47406074243227	1.178861	24.226395	0.1123495688985878	0.0745900653509366	0.1209000792	0.0265268933	-0.106071358	0.0875552591	0.045847691	-0.075087409	-0.1405406185	-0.050386918	0.0360625444	-0.0028855257	-0.0461008851	0.0726031987	0.0738793025	-0.0834071303	-0.0089725876	0.0523473677	0.0799902957	0.1501510272	0.0252755185	0.1665625821	0.114093587	-0.0118282511	0.1056261413	-0.135731761	-0.0215972354	0.0759956628	0.0042198046	0.0151502516	0.0634319409	0.0203792227	0.0326947218	-0.0105873312	-0.0779416637	0.1330341058	0.0139023306	-0.0277213471	-0.1575129746	0.130972841	-0.1637831146	-0.0834863313	0.0343788202	-0.1257895723	-0.0978742274	0.0140437139	-0.0932349745	-0.0168282441	-0.0188459141	0.005338757	-0.1077595497	0.015846447	-0.000551331	-0.1055710743	0.1028174463	0.0365210369	0.0139396565	-0.090581335	0.0522383643	-0.079014974	-0.0077143483	0.0384277971	0.0405807124	0.0066207546	-0.0306784713	-0.0520067404	-0.0119259855	-0.0040998341	0.0570315712	-0.1457419202	-0.0081135453	-0.1305094416	0.0225284358	-0.0341530136	-0.0262142141	0.090369414	0.1445647523	-0.0440008109	0.1164135291	0.1490544919	-0.0847456813	-0.0322885411	0.0241295468	-0.0941266098	-0.0656817316	-0.0896176041	-0.049677403	-0.1037830036	0.0092799967	0.0539167678	-0.1043840281	0.0105513251	0.0760901108	0.0885576154	0.0761511261	-0.0434436453	-0.0455902488	0.1616119022	0.0099142305	-0.094573351	-0.1210093638	-0.0150071829	-0.0829925279	0.0909585058	-0.0195287702	-0.0745545946	-0.0456483856	0.1484815763	-0.0376083551	-0.006923369	-0.0163608785	-0.0281405607	-0.0309111	0.0133872855	-0.0014568356	-0.0572703759	-0.0134539419	0.0965372199	0.0798514721	-0.0935144984	0.0386861028	0.0739194613	-0.0728283653	0.0016582866	-0.0002861223	0.1486529063	-0.0182939404	0.0547722201	-0.09361073	-0.0197916936	0.0743351708	0.0100371364	0.0831301479	-0.0157728458	0.0542168058	-0.2006170108	-0.1629451288	-0.028714809	0.0407140867	-0.0992207854	0.1102230168	0.0142987889	0.0101510204	0.1035014711	-0.0464392671	0.0010146934	0.2129352491	-0.0344157746	-0.0767106302	0.0305530902	0.0564859537	-0.0536791777	-0.1110641056	-0.059244937	0.0508269837	0.0451606189677704	0.004290508605635	1.8408464095028816e-05	0.0020394815055521	0.0330787859469552	0.0735156920819831	0.0010942060797244	0.0054045569822929	-0.057471805318606	0.0109482777761869	0.0001198647862645	0.0033030084065797	-0.0003279810626084	-0.0002939784742956	1.075715774297352e-07	8.642334334919713e-08	-0.0004360137331416	8.098602936779998e-05	1.901079754880744e-07	6.558736952762161e-09	8.6928504487053e-05	9.69373050322057e-05	9.396841106906892e-09	7.556564892355592e-09	0.0	0.0
193.41905515657444	0.1715800601162129	37410.93089766199	0.0294397170294832	286.1964072604914	-0.9721610846236216	81908.38352881306	0.9450971744565766	179.84383730069365	0.2806333625057675	0.0787550841512935	32343.80581503837	195.4900789196684	199.66263904761408	1.277964	26.263042	0.1104477712789922	0.0503040300092428	0.1067701882	0.0829210936	0.074306982	0.1249138483	0.0537837689	0.0469465184	-0.1305979919	0.0463877975	-0.0900805234	-0.0383012547	0.0685399028	-0.0092537904	0.0031827629	-0.0272760753	0.0509644694	0.0161296934	-0.1298462431	0.0056564889	0.0840387234	0.043702602	0.1599509549	0.0997336971	-0.0153571945	0.0481248224	-0.1574901049	0.1600593997	-0.0494210516	-0.1510532258	-0.0084547415	-0.02435715	0.0698403984	0.0185145099	0.1584822841	-0.0080091289	0.033391634	0.0157261947	-0.0343440949	0.1335730367	0.0540639774	0.0143600017	-0.0197506935	0.1790955766	-0.0653222122	0.0575907814	-0.0139659918	0.0697070548	-0.0848252335	0.1100942194	0.0190440602	0.0186149356	0.0721323198	0.0574759118	-0.1592122974	0.089137279	0.0940766742	0.0075169983	0.0041534071	-0.0774285243	0.0972993978	-0.1610124072	-0.1296691551	0.0151234402	-0.0124035131	-0.1546794987	-0.0003310422	0.0146810493	0.0329792583	0.0385991167	0.0613940969	0.2087875461	-0.0133622456	0.0657033996	-0.1012299484	0.0425340013	0.0136549598	-0.0682831527	-0.0976609381	0.0350121386	-0.0574919617	-0.1877007324	-0.0683298584	-0.1288045563	0.1049305586	-0.1017053772	0.1004610242	0.0476393269	-0.127056636	-0.0685835062	0.0319100602	-0.0855578855	-0.0443029327	0.1381309249	0.0635448183	-0.0433322376	0.0767434945	0.1030940215	0.0925244027	0.0495511435	0.1053478077	-0.0256003138	-0.0208079604	-0.057818963	0.1462471211	0.0323168503	-0.0511705108	-0.0615184606	0.1131016918	-0.148728701	-0.0872595179	-0.0249413737	-0.1239743498	0.037076063	0.0672701118	0.0819847939	-0.0632199611	-0.1353759258	-0.0048825349	0.0317614036	-0.0878173373	0.0570610085	0.1679162164	-0.0605344708	0.0669514127	0.0033993585	-0.0209009581	0.0873636508	-0.059163593	-0.0029898449	-0.0226901969	-0.0236462008	-0.076387252	-0.0312649708	0.0340063955	0.1913752554	0.0013133248	-0.1426580533	0.0933018064	0.1689964667	0.0390738242	0.0682277287	0.0676222972	0.0257783946	0.2136008751	0.024219636	-0.1919150585	0.1795182483	0.0254915285	0.2002194031	0.0546199342	-0.0574110412	-0.1110641056	-0.0517826133	0.0601535728	0.0375488012503524	-0.007611817717418	5.793976896319857e-05	0.0014099124753384	0.0035372340930166	-0.0295415518539386	1.2512025028798968e-05	0.0008727032859389	-0.085673546150339	-0.0282017408317329	0.0007953381859402	0.0073399565099742	0.0002099772452646	0.0005379583078729	4.409044352890998e-08	2.8939914100958136e-07	-0.0003050153146142	0.0001309984185274	9.30343421491994e-08	1.7160585656679862e-08	-0.0001459679866306	-0.0002328964911176	5.4240775574915024e-08	2.1306653120991022e-08	0.0	0.0
193.34716100937	-0.0718941472044321	37383.12467038325	0.0051687684022525	287.59693438480986	1.4005271243184438	82711.99666754063	1.9614762259516896	179.9334603705381	0.089623069844464	0.0080322946483456	32376.05016091601	195.62342337478563	201.85961629976387	1.316245	27.049728	0.1211017913538405	0.0589994544748468	0.0150330607	0.103399856	0.0856084923	-0.1279741295	0.0218113713	-0.0108908342	-0.1757849384	0.0329278805	0.0833074878	-0.0550012018	0.0635650184	0.0545088301	-0.0355874928	0.241285058	-0.1203862282	0.1464545951	-0.0556004406	-0.0350567472	0.0740148167	0.0231713711	0.0886384007	0.0895718985	-0.030077271	-0.0505781524	-0.0329439536	-0.1155990476	-0.0546091965	-0.0643972825	0.0763663934	0.0004611304	-0.0708768088	-0.0546309321	-0.0566633698	-0.0845644466	-0.2461148565	-0.1061303708	-0.0353155696	0.0315362981	-0.0343022978	-0.1639703066	0.0854051936	0.072370727	0.0893696472	-0.091033591	0.1406399156	-0.0653768	0.0914601922	0.0845158894	-0.0599638471	0.1122954626	0.1371665671	-0.0191212589	-0.0127669921	0.0846061081	0.0589354712	0.022192007	-0.1420195532	-0.0728403268	-0.0221520167	0.0174769421	-0.0254928756	-0.1450510337	-0.0582583683	0.0371003361	0.0452574284	-0.0733484622	0.0396550915	-0.0724343346	0.0122554642	-0.0400799566	-0.0512966427	-0.0643006754	-0.0770928691	0.0312352485	0.0649823713	-0.0958461853	-0.0385739354	-0.0062078964	-0.056679169	-0.0723935737	0.0084404918	-0.0648577546	0.1546927709	0.1160385259	-0.0483995505	-0.1419824037	-0.0428660121	0.101290961	-0.0483671341	-0.03837454	0.0569153697	0.038259869	-0.011841298	0.1600006065	0.1214343741	-0.0608815069	-0.0349364763	-0.22919941	0.0699380739	0.0568582188	-0.1795069835	-0.130367847	0.0062098984	-0.0100003493	0.0199359444	-0.102747241	0.073621656	-0.0437892344	0.0109740837	-0.0116888122	0.0426644207	-0.1827352795	0.0466165418	0.0587284223	0.0252459254	0.0805854439	-0.0830327906	-0.0028762114	-0.0030705946	0.0073141468	-0.0159944313	-0.1397022475	-0.0343837934	0.0014860688	-0.0070467084	0.0637113763	0.0419352352	-0.0151145943	-0.0246617939	0.0491059208	-0.0174676073	0.0143028743	0.1344868225	-0.0988565762	0.0567039302	-0.1120074532	-0.1514169032	-0.0046281746	-0.0508187808	0.1523058849	0.1596439498	0.0604157071	-0.0107162994	-0.073499894	-0.0035147547	0.0343792151	0.0697564937	0.1693163735	0.0527333744	-0.0610565531	-0.1106882998	-0.0440088629	0.0689150546	0.051598381700586	0.0140495804502336	0.0001973907108275	0.0026623929941193	0.0329695209095604	0.0294322868165438	0.0010869893090059	0.0008662595072512	-0.0751160805112789	0.01055746563906	0.0001114600807199	0.0056424255513769	-0.0007409883898903	-0.0009509656351549	5.490637939522192e-07	9.043356392455624e-07	-0.0005030172438094	-0.0001980019291952	2.530263475696054e-07	3.9204763965021e-08	4.631361797935977e-05	0.0001922816046099	3.69722154713809e-08	2.144951210338076e-09	0.0	0.0
193.63024821134184	0.2830872019718242	37492.67302238585	0.0801383639202364	286.78002567809875	-0.8169087067111036	82242.78312793098	0.6673398351004078	179.8617090820538	-0.0717512884843074	0.0051482473991583	32350.234393917355	195.5269726691992	205.05440031666527	1.303324	26.784197	0.2329667863547753	0.1463843698134562	-0.0680079984	0.0921244123	-0.0740659086	-0.1452956114	-0.0158063636	0.191647964	0.0089450402	-0.0074689567	-0.0919310537	-0.0538884564	-0.0382520466	-0.0691552677	-0.0106847544	-0.0536970111	0.0336412601	0.0774543674	-0.0812829523	-0.0980583707	-0.028061714	0.0664352974	-0.0737833805	0.117468868	-0.1627296515	-0.1369112998	-0.0282734951	0.0744419	0.0055716762	-0.0186113045	0.009804747	-0.0271037774	0.0997029948	-0.1858374757	0.002173481	0.1017917968	0.0219620606	-0.0112707348	-0.129218839	-0.0791650368	-0.0108671384	-0.1255344351	-0.0064072383	0.0012232274	-0.042805108	0.0682011004	0.1290530483	-0.0109350272	-0.0103943382	-0.0523779734	-0.1652406843	-0.0326373664	0.0172270285	-0.2244589206	-0.0413521984	0.062262197	0.0084847667	0.0890245418	-0.1942880824	-0.0972281182	0.0695890222	0.0180105023	-0.049789715	0.0532903311	-0.065027041	0.0830284183	0.0805497977	-0.1195578377	-0.0058114449	0.1481612626	-0.002073314	0.0173640806	0.1353894185	0.054722023	-0.0750753074	-0.094757242	0.0004626094	0.0504977847	-0.1725018642	-0.0086018563	0.0507792711	-0.0010573823	0.0405156157	-0.120298203	-0.0193371548	0.0284135291	0.1191194919	-0.1225002898	0.034306233	-0.0010632665	-0.0120073763	-0.1896033352	0.0892288994	-0.0160851539	0.1106028883	-0.0341003001	-0.1211246381	0.0527096119	-0.1136257924	-0.0394882177	-0.09985528	-0.0099216894	-0.0489651928	-0.1160315465	-0.0509965617	-0.1545021969	-0.0169107797	0.0903564211	0.0794489718	-0.0249638766	-0.0072313982	0.0369190359	0.2297446084	0.0205029313	0.0046820461	0.0987923412	-0.0235933571	0.0447656681	0.131757093	0.1420814407	0.0375706401	-0.0604156397	0.0271253285	-0.0805648579	0.042251294	0.1247481291	-0.017262913	0.1236040174	0.0675233857	0.0722533417	-0.1887081213	-0.1034841581	0.0018789516	-0.0933066086	-0.0429784168	-0.0344041864	-0.0845266689	0.0463354053	-0.110249757	-0.020926448	0.0529026042	-0.1428811829	0.0981635646	0.0321356296	-0.0980891273	-0.0269610586	0.0390204857	0.0477403036	-0.1430090708	-0.0543193689	0.0508269837	-0.0646102301	-0.1099379598	-0.035970438	0.0770291202	0.0578601208367928	0.0062617391362068	3.920937700990394e-05	0.0033477935832482	-0.1085128942529678	-0.1414824151625281	0.0117750482191557	0.0200172738002219	-0.0980035384192063	-0.0228874579079274	0.0005238357294871	0.0096046935426848	0.0001109502450428	0.0008519386349331	1.2309956875057366e-08	7.257994376916738e-07	-0.000711507880557	-0.0002084906367476	5.062434640947142e-07	4.346834561141971e-08	-0.0001399605933022	-0.0001862742112815	3.4698081788567167e-08	1.9588967677503833e-08	0.0	0.0
193.7707979486941	0.1405497373522735	37547.12213767364	0.019754228669793	287.7934171286715	1.0133914505727262	82825.0509425975	1.026962232093894	179.9970848992867	0.135375817232898	0.018326611891475	32398.950572241025	195.71477671627903	202.7925404564044	1.124455	23.10833	0.1859005881478755	0.1304399944336985	-0.1111297619	0.0716258365	-0.0928358194	0.0454993061	-0.0600777466	0.1259901906	0.0406739629	-0.0133607476	0.0035390377	-0.0395215001	-0.1218046045	-0.1279623187	-0.0793702348	-0.0327244423	0.0596584768	0.0135322551	-0.0087809031	-0.1051627285	-0.0406794253	-0.0195274912	-0.0028071191	0.0845067071	0.0280312878	-0.1297462836	-0.1467548246	0.1149172888	0.0920157142	0.0155171662	0.0468333076	0.1412094381	-0.0141182879	-0.2083766857	-0.0957959357	-0.0128791702	-0.0818108491	0.1118066232	-0.0147678169	0.1342803467	0.0046605468	-0.1017096856	-0.0549333281	0.0592660348	0.0877231694	0.1318735418	-0.0908256365	0.0287744189	0.0506991561	-0.0434335663	0.1665298259	-0.0551744108	0.0743121465	-0.0380159975	0.0201476414	0.0516341173	-0.0348568411	-0.0427292577	-0.0329076047	-0.043833539	-0.0566713262	-0.0129651345	0.136190387	0.0912894677	0.0406499757	-0.0262126712	0.0130443218	-0.0114212062	0.0429574746	-0.058341702	-0.0977723285	0.0317807987	-0.0485861123	-0.0325289697	-0.0565927242	-0.1147077242	-0.01198479	-0.0043736918	-0.0129997517	0.0321687668	0.0405224303	0.0158267975	0.0620176525	-0.0740313214	0.1030396161	-0.1256648728	0.0642640745	-0.2166767417	-0.0069101806	0.0049058099	-0.0963846478	-0.0571329183	-0.1366029059	-0.0030555187	0.0338484531	-0.0544343558	-0.0109812041	-0.1088578555	0.0421014456	0.0043304665	-0.1427217643	0.0409794977	-0.1706742669	0.0209409027	-0.0444921919	0.0155601032	-0.1337348411	-0.0561869405	0.1212772464	0.0456580662	-0.0909398844	0.0498995131	0.1015961614	0.0709955919	-0.0743903613	-0.0219020244	-0.0260626238	-0.0818593271	-0.0154956719	-0.0171603139	0.0557350213	0.0508845371	-0.1095760602	0.1731330048	-0.0372720532	-0.0239899389	-0.007596802	0.0376209164	0.1281887417	0.0550354726	-0.0477119433	0.0660988738	-0.1313654689	-0.089398817	0.0384108321	-0.0412357718	-0.0933619396	-0.1144087828	-0.0312814947	-0.0285856112	-0.0232006059	0.034708476	-0.0517979773	-0.000170816	-0.067543595	-0.0847027255	0.0114515612	0.049732892	0.0394330379	0.0306025315	0.0489014791	-0.0680667272	-0.1088156246	-0.0277156827	0.0844195428	0.0502396320366358	-0.007620488800157	5.8071849553318346e-05	0.0025240206271765	0.0200432542262092	0.128556148479177	0.0004017320399764	0.0165266833118002	-0.0780429477715998	0.0199605906476064	0.0003984251790013	0.0060907016968806	-0.0003530962488544	-0.0004640464938972	1.2467696095504837e-07	2.153391484982841e-07	-0.0007109522748762	5.556056808000672e-07	5.054531371516438e-07	3.086976725373061e-13	-0.0002706256981429	-0.0001306651048407	1.7073369623031132e-08	7.323826849533206e-08	0.0	0.0
193.6087980105624	-0.1619999381317143	37484.36666709475	0.0262439799546792	287.5487991671068	-0.2446179615646997	82684.31190244512	0.0598379471200689	179.92074728465957	-0.0763376146271355	0.005827431406961	32371.47530347033	195.797504683075	207.6499916043155	1.222757	25.128506	0.1244952279990935	0.0869881813487579	-0.1057051922	-0.0281628838	0.0167741775	0.0350025253	-0.0869890255	0.0843745694	0.0906431864	0.0200801243	-0.0747862744	-0.0744099317	-0.0176682646	0.0700781327	-0.0464368638	-0.1648484751	-0.1698799494	0.0173948435	0.0087752648	-0.0480520778	-0.0816203724	-0.0912544925	0.0149918814	-0.0049197278	0.0074098391	-0.1267800403	-0.0377513464	-0.0042507808	-0.053292651	-0.0393729078	-0.0317143921	-0.149907737	0.0877427514	0.0235100269	0.0800664226	-0.1627742199	0.0900366877	0.0206220973	0.0570585608	0.0409379696	-0.053309768	0.0268726487	-0.0025865668	0.1216252212	-0.1307926498	0.1203061326	0.1784348262	0.0234823922	-0.0126617111	-0.1302982591	0.0020926999	-0.0489244536	-0.0159869485	0.0187732553	0.0683941983	0.0483878562	-0.0819235063	-0.1775336746	-0.1670988362	0.0353656294	0.0908164382	0.0324902899	0.0011829673	-0.1101757145	0.0081867321	0.1142386196	0.0192417389	-0.0498106369	0.0806520063	-0.0248552629	-0.1148207077	0.131818537	-0.0574152986	-0.0211833451	0.0251489306	-0.1257701646	-0.0616834655	0.0771059395	-0.0315604146	-0.0124299942	0.0414563411	-0.0479301328	0.1627252953	-0.1328124248	-0.0629283591	0.0193894286	-0.0028032857	0.1031820944	-0.0672014428	-0.0307578804	0.0411290543	-0.0475445844	0.0477219864	0.0191758607	-0.1008784351	-0.0568922462	0.0611818227	0.0019321216	-0.0650590111	-0.0299466486	-0.0717418279	-0.1718646093	-0.0187188371	-0.1113188376	0.0182143177	0.0558494075	-0.0049885528	0.0746085507	-0.0163034314	-0.1224458562	-0.0150833465	0.0321328419	0.0211084256	-0.0138032266	0.1133326149	0.0119971672	0.0683296264	-0.0017032667	-0.1052189736	0.0262841157	0.2137100258	0.1250867747	0.1302064137	0.0278937329	-0.072127003	-0.1324752346	-0.0122821217	-0.0355555134	0.0877745935	0.058761432	-0.1253907419	-0.1393116744	0.0664899231	0.0054993651	-0.0610238576	-0.0411642215	-0.0595063013	-0.0345735689	-0.033848546	0.0612625535	0.1262075262	0.1338581142	0.0821861372	-0.0054556146	-0.1273531169	0.0237992689	0.003605905	0.0599158108	0.0467402679	-0.0445763006	0.0469575846	-0.0714208455	-0.1073250918	-0.019294242	0.0910168938	0.0409066912461071	-0.0093329407905286	8.71037837995144e-05	0.0016733573887043	-0.0653414396117142	-0.0853846938379234	0.0042695037305312	0.0072905459417959	-0.0757030518972783	0.0023398958743214	5.475112702666771e-06	0.005730952066562	0.0001139329467617	0.000467029195616	1.2980716357804365e-08	2.1811626955782137e-07	-0.0007115108835222	-5.586086460000316e-07	5.062477373705416e-07	3.120436193859886e-13	-0.0001894595524786	8.116614566430001e-05	6.587943201998368e-09	3.5894922025391394e-08	0.0	0.0
193.56606225052587	-0.0427357600365212	37467.82045517446	0.0018263451858991	287.7109426592532	0.1621434921464128	82777.58652587608	0.0262905120454338	179.78658602823333	-0.1341612564262391	0.017999242725867	32323.216515687345	195.80125970885047	206.0124718504782	1.138186	23.390501	0.17499707674236	0.1559980087738088	-0.0744348991	-0.0507490337	0.0266206006	0.0506453464	-0.0949516346	-0.056288243	0.1349070314	0.0073759408	-0.0235519188	0.0286173768	0.0628042206	0.1148966291	0.0441426205	-0.0556320922	0.0528495305	0.0871793392	0.0536907308	0.0049270287	-0.0009635876	-0.1427332425	0.0858120207	0.1286420342	-0.0080177063	-0.083047889	-0.0947294088	0.0605493619	-0.0561257516	-0.0201279724	-0.0166668031	-0.1320956814	0.0401160318	0.1667216133	-0.0713702496	-0.161723965	-0.1687823909	0.0461773229	-0.0053654695	-0.1516253492	-0.0421933434	0.0030284583	-0.0032369359	0.0132659586	-0.0209744756	0.0572513356	-0.14708585	-0.049042683	-0.016746469	0.0094356549	0.1010781506	-0.0724631229	0.1304261962	-0.0094318929	0.0412219586	0.1056980202	0.0737545532	0.0426309776	0.0027789627	0.173578722	-0.0643491343	-0.0802915229	0.1680280898	-0.0845853432	0.0683037501	0.1156132309	-0.0426966488	0.0905737245	0.0164801735	-0.0515436004	0.1257110074	-0.0489511892	-0.0040369914	-0.0143743461	0.0507194958	-0.0648766475	-0.0928526755	-0.011797215	0.086969846	0.0412449283	0.095989067	-0.0525051573	-0.0126067318	-0.1899987666	0.0363760802	0.0112054905	-0.0044852668	-0.0304874844	-0.188678759	0.0804759039	0.0025878073	0.1549281422	0.0509663268	0.1600248023	-0.0470264148	0.1174507478	0.0693627381	-0.1325616837	0.0379836344	-0.0301516849	0.0652214549	0.0475899196	0.0765265793	0.142181232	-0.0263500885	0.1854692241	-0.0395810668	0.0374236794	0.0826549661	0.0208425842	-0.0844909154	0.021759557	0.1250357411	-0.0330897963	-0.065188057	-0.1107871838	-0.0065242283	0.0405864932	-0.0238276896	-0.0318875184	0.1381730582	-0.0732293509	-0.0048454766	-0.0849132913	0.0668876373	-0.0091252756	-0.0150912598	-0.0830959862	0.0459653822	0.0286323957	0.0581047452	-0.0008420256	-0.2147399688	-0.0765921092	-0.0504184005	0.0494771722	0.0091261249	-0.0268231566	-0.0591024949	0.0432045278	0.0499588658	-0.0567090057	0.0854247022	0.0428936176	0.1168136289	0.0044995261	0.1017581188	0.0733043201	0.165554712	0.0264480031	0.0449960313	-0.0746675401	-0.1054714048	-0.0107567634	0.0967591949	0.0483941241065366	0.0074874328604295	5.6061650839439496e-05	0.0023419912480388	0.0908731736033701	0.1562146132150842	0.0082579336807482	0.0244030053819383	-0.0804497905908121	-0.0047467386935338	2.253152822469097e-05	0.0064721688061055	-1.3066083137749682e-05	-0.0001269990298994	1.7072252856258654e-10	1.6128753595401312e-08	-0.000710998868358	5.120151642000123e-07	5.055193908063566e-07	2.6215952837076564e-13	-0.000186004758076	3.454794402600001e-06	1.19356043642363e-11	3.459777002691129e-08	0.0	0.0
193.46714208945696	-0.0989201610689178	37429.53506826213	0.0097851982659006	286.9822548235291	-0.728687835724088	82358.81458359699	0.5309859619322554	180.18249524400085	0.3959092157675172	0.1567441071296505	32465.731592354387	196.2015863625044	208.14385546180284	1.188722	24.429049	0.1072274290045923	0.062692547739867	-0.0621874104	-0.105683473	0.051559467	0.0063840125	0.002834511	-0.121695527	0.119262047	-0.0178087671	0.0149630418	0.0369679695	-0.0741283274	-0.1887717766	0.0438115247	-0.0745187661	0.1242769571	0.1784937144	0.075896613	-0.0316998628	0.0785675654	-0.1353624444	0.0220520993	0.0044272013	0.0214199544	0.0773137864	-0.1045594999	0.0597986485	-0.0491225871	-0.0528423868	-0.075972933	0.0382419175	0.0679332207	0.1324685413	-0.000271234	0.1335887422	-0.0111525749	0.0010773555	0.0595205338	0.0306057395	-0.0559012318	-0.063572294	0.07856668	-0.0456929355	-0.0090954786	-0.0049760108	-0.0333088369	0.0793735728	-0.0244502157	0.2424477882	-0.0659566505	0.0108782688	-0.1136847868	0.0926070745	0.0758692011	0.0019677639	-0.0457902917	0.0453401981	0.0085106044	-0.0498547185	-0.0488600081	0.0429385583	-0.0206811298	-0.0819250725	-0.1051844568	0.0003007933	0.0107862393	0.0619246764	-0.0251495492	0.0264374519	-0.0320662635	0.1178719439	-0.0294063518	-0.1839915078	0.0826687045	0.0210312252	-0.09447579	-0.0417431485	0.0812909655	-0.0337443616	0.1131124231	-0.0384745946	-0.1150497324	0.0055797274	0.0751084145	-0.2366283366	-0.0538219626	-0.0064568021	0.0283723762	0.0232038067	0.0358570924	-0.0743089553	0.1067072668	-0.0093288691	-0.0060607448	-0.0036447081	0.1291923833	0.0880520801	-0.0175153203	0.0133702427	-0.0098838776	-0.0567152754	0.0770247667	0.0487041896	0.1239468849	-0.0234293974	-0.013297977	-0.0040746943	-0.0973479699	0.2022637429	-0.0552934779	-0.0369339741	-0.0888369311	-0.1459514923	0.0302866979	-0.0200938431	0.0275687401	0.015660594	-0.0414702008	0.023346826	-0.0186267154	0.0975074182	0.0177316635	-0.0004403216	-0.0174624523	0.0099207159	0.0069006434	-0.1175845864	0.024998402	0.004005466	-0.03635469	0.1245684079	0.0084547712	0.0100912474	0.0907139343	-0.1191324064	-0.0306317078	-0.1162699836	0.0252340124	-0.1444347738	0.0466962791	0.0053426054	0.0698491554	-0.0661259453	0.0583359888	-0.1366577233	-0.0577965127	-0.105642553	0.1251179943	-0.011041397	0.0430175569	-0.0778019275	-0.103260836	-0.0021545924	0.1015925006	0.0415180254436791	-0.0068760986628575	4.728073282135073e-05	0.0017237464367419	0.0400129012242871	-0.050860272379083	0.0016010322643845	0.0025867673064745	-0.0545948154694428	0.0258549751213693	0.0006684797385266	0.0029805938761425	-0.000395098407622	-0.0003820323244842	1.5610275170544006e-07	1.4594869695083952e-07	-0.0007109453990004	5.3469357599953554e-08	5.05443360359838e-07	2.8589722021517108e-15	-0.0002766406210598	-9.063586298379996e-05	8.21485965881816e-09	7.653003322035186e-08	0.0	0.0
193.5120902568625	0.0449481674055505	37446.929075580105	0.0020203377531173	286.2912616441617	-0.6909931793674104	81962.68649380584	0.4774715739322823	179.7769847695911	-0.4055104744097377	0.1644387448560105	32319.764252845795	196.0097272604673	210.3120695897381	1.14344	23.49848	0.1007697313463079	0.0477796302859675	-0.0002645588	-0.1473572937	0.0591351068	-0.093735727	0.0464381873	-0.0563763806	0.0940217879	-0.0405441085	-0.1390925263	-0.0501215046	0.0658370326	-0.0736090896	-0.1240391146	-0.0634961345	-0.0178415812	0.0010174326	0.0374608704	0.0638364627	0.0309577983	-0.0811198561	-0.0089434622	0.0300927733	0.0025547536	-0.0299323946	-0.1121974968	-0.0855365158	-0.0581361817	-0.1151652031	-0.1343620949	-0.1239513633	-0.0543063119	0.1350378092	0.0156154255	-0.0145975826	-0.0131291313	-0.0582932875	-0.0416213777	0.148914645	0.0222477508	0.1330432071	-0.091731671	0.1027410571	0.0737840244	0.0287429751	-0.0593321093	0.0423561357	-0.0504675487	-0.0331687417	-0.1526260559	-0.0415021385	0.046328525	0.0239622649	-0.0432429476	0.0747951204	-0.1153513916	0.0746070681	-0.0725178825	-0.0440354755	-0.0902765222	0.1209445183	0.0045702313	0.0220698096	-0.0292174722	0.0016423885	0.0098725467	-0.0541361478	0.0152450823	0.0083420987	0.0704976337	-0.0709050976	-0.0239113433	-0.0365144047	0.147396731	0.0753363779	-0.051344447	0.0554800751	-0.0876231648	-0.0045663002	0.0618660211	-0.0886817616	0.1383590451	-0.0055377668	0.1068110076	-0.0422447343	0.0154332434	0.0621913576	-0.1073135372	0.0030984406	0.1583035801	0.1215764161	0.0507058628	0.085520268	-0.0150239775	-0.0734276287	0.0228795261	0.0209423817	0.0521000119	-0.000360754	0.0162921631	-0.1276907757	-0.0285611496	0.0610341444	0.0365529065	-0.1000139076	-0.066173376	-0.1016099343	-0.0329217157	-0.0344947839	0.021393805	-0.1382810996	0.0395038006	-0.1088919089	-0.061894099	-0.0112679169	-0.1253109418	0.0596979917	-0.0226890214	0.1396559481	0.0074629825	0.0090668724	-0.0065503926	0.030440773	-0.0638309488	0.0994788588	-0.0079736767	-0.111509877	-0.0693923911	0.0294249325	-0.0623551889	-0.0860445216	-0.0223122799	-0.013982559	-0.0383626759	0.0642168923	0.0345294367	-0.1037854859	0.0368166983	0.0849743121	-0.0888922407	-0.0794746615	0.086343912	-0.1462336649	-0.119125412	0.0507830119	0.0689317726	0.0239308759	0.207249381	0.0901379354	0.0410229053	-0.0808192935	-0.1007008652	0.0064605365	0.1054714048	0.0395732027861726	-0.0019448226575064	3.782335169150643e-06	0.0015660383787555	0.0116840743210815	-0.0283288269032056	0.0001365175927405	0.0008025224337117	-0.0672027130009595	-0.0126078975315166	0.0001589590801652	0.0045162046346893	0.0002730054918764	0.0006681038994984	7.453199859467511e-08	4.463628205249682e-07	-0.0005189970807037	0.0001919483182967	2.693579697789629e-07	3.6844156896931273e-08	2.1070846226682653e-05	0.0002977114672864	8.86321177538704e-08	4.439805607085065e-10	0.0	0.0
193.47250636858232	-0.0395838882801911	37431.61072054112	0.0015668842113786	286.7613455588964	0.4700839147346869	82232.06930674877	0.2209788868922884	179.94390717831706	0.1669224087259522	0.0278630905348738	32379.809730598787	195.84140920916428	207.413628534078	1.255285	25.796976	0.0718743838145712	0.0420563652118641	0.076620856	-0.0909507428	-0.0733676403	-0.0819908661	0.0605999894	-0.0651690308	0.0686242313	-0.1149425507	0.0492327882	0.0611830912	-0.0338489271	0.0065464526	-0.1407900532	-0.0608224243	0.0247330844	-0.0404268612	0.0197769399	0.1162972081	0.0330533692	-0.0005349492	-0.1145041373	-0.0227341226	-0.0705235153	-0.033027645	-0.1190135854	0.0366990115	0.0501905108	-0.0575807054	-0.0194476368	0.1634433028	0.0714139362	-0.1161539227	-0.0623013728	0.0664137902	0.0745229035	-0.0135821472	0.0506934936	0.0109866979	0.1565139916	0.0076987223	0.116392097	0.0381503794	-0.0104845681	-0.2932853331	0.0547420232	0.0081257314	-0.0255635694	-0.1579785111	0.0223451754	-0.085523523	0.1800090688	0.021513366	0.1532543995	-0.0469478747	-0.0150759791	0.0269893909	0.0399917939	-0.0438426003	0.1059076754	-0.0879390949	-0.0746859415	0.0375994039	0.0051543161	0.0816035276	-0.0211066597	0.1169537215	0.0096711187	-0.0114157269	-0.0603518895	-0.0593510977	-0.0767149339	0.0683495893	0.0373842934	0.0826604267	0.0085706077	0.0748925194	0.0339675327	0.0661670496	0.0315640854	0.1271349901	0.0234480826	-0.0413863705	0.0445874148	-0.126764903	0.092362017	-0.0831719025	0.0342454737	0.0141243351	0.0493998876	-0.1742658643	-0.1239980275	-0.0727168768	-0.0697551473	0.0116648381	-0.1270825715	-0.0499064526	-0.0799911088	0.1172556192	0.0979299571	-0.0690597452	-0.0359081113	-0.0116136163	0.0386671092	-0.1118440289	0.2268147928	0.0158211192	0.0675667422	-0.0732955883	0.0412212995	-0.0784424003	-0.0389511664	0.0390379719	-0.0872048876	0.1668275153	0.110241837	0.0194473546	0.0189447452	-0.1236488409	0.0706815577	-0.1641973111	-0.0407693357	0.0058198946	0.019299479	-0.0737037255	0.0049392878	-0.0519824803	-0.1287432908	0.0090813189	-0.1137822594	0.0647009081	0.0973887807	0.0176809198	0.0105303265	0.0435955492	0.0369726906	0.0095015709	-0.1515060136	0.0207735773	0.039507849	0.0345225055	-0.0849776668	-0.0836255219	-0.0110707263	-0.0309827315	0.0083441045	0.0230231432	0.0725901507	0.0230660782	0.0390128266	-0.0837150996	-0.0978001546	0.0150368111	0.1083594676	0.0395073765832023	-6.582620297029829e-05	4.333088997486907e-09	0.0015608328044869	-0.0256390345554535	-0.037323108876535	0.0006573600929357	0.0013930144562096	-0.0530954777270977	0.0141072352738617	0.000199014087072	0.0028191297550687	0.0002059549387243	-6.70505531521e-05	4.2417436784930174e-08	4.4957766780025884e-09	-0.0007115131915529	-0.0001925161108492	5.062510217537938e-07	3.706245293650148e-08	-0.0001269267589961	-0.0001479976052227	2.190329115167862e-08	1.611040214925405e-08	0.0	0.0
193.3158146874828	-0.1566916810995167	37371.00420828519	0.0245522829257926	286.23411051048134	-0.5272350484150365	81929.96601972645	0.2779767962772059	179.69161512242374	-0.2522920558933208	0.0636512814668785	32289.076545305263	195.33622311452527	201.66652698375256	1.224078	25.155638	0.070276500093654	0.0396353507889164	0.1197995209	-0.00066325	-0.1219171541	0.0704637602	0.075344185	-0.0168472899	-0.1054268198	-0.0506331068	-0.0203670571	-0.0129762768	0.0230690071	0.00789796	0.0364168873	-0.0630109453	-0.0644852388	-0.1148918018	-0.0023972506	0.1118653234	0.0034864808	0.1204040315	0.0809429043	-0.1768625899	0.1810641887	-0.0094720528	0.209336693	0.1596596709	-0.1662443882	0.0453199003	0.0407059128	0.0446146698	-0.0856579941	0.0061539889	0.0648713661	-0.211310609	-0.0958026893	0.0359785485	-0.0221302434	0.0383863945	-0.081451556	0.0273335762	-0.0349365276	0.0052930014	0.0187959317	-0.013932855	0.0596868814	0.0811351246	0.022588579	0.0417249977	-0.0033988921	0.0838708335	0.0542313373	0.0939298111	0.010201377	0.0681108841	-0.030490563	-0.0157197814	0.0223441314	0.0295787185	-0.1077219901	0.0486528702	-0.0468669884	0.0520738529	-0.0434795832	0.0394933396	0.1264652518	0.0197396424	0.0651190485	0.0451502975	-0.1076948868	-0.0367811739	-0.0094477554	-0.209826165	-0.0514522468	0.0846160004	0.1147066355	-0.0061170603	0.0619513	0.0485651347	-0.0910930395	-0.0550162972	0.0030811668	0.0395180626	-0.263690332	-0.0106642889	-0.164541889	0.0584857503	-0.1067693714	-0.1765083433	-0.1210845049	-0.0312523348	-0.0375392577	0.014461771	-0.0527999983	-0.0036688553	0.0723046052	-0.1181512642	0.0474320965	-0.1270655137	-0.0073745943	0.057063946	0.0048924134	-0.0183909285	0.0039237796	-0.0242918377	-0.038307659	0.0275576825	0.0317132886	-0.0524321849	-0.0440701084	-0.089999898	-0.0577829763	-0.0525993534	0.0690589044	-0.0462419539	-0.036748751	0.0087805958	-0.2225488224	-0.0411109672	-0.0662774699	-0.0894468112	-0.0696987954	0.0932196552	-0.1783710498	-0.0557777314	-0.0273796517	0.0419335128	-0.1235432325	0.0343113877	0.0582398422	-0.0911714488	0.045375663	-0.2027457522	-0.0504743143	-0.0653483294	-0.0161976638	0.0917155771	0.1055876717	-0.0536979529	0.0782316698	0.103994249	0.044711943	-0.1407798519	0.050656929	0.005051885	-0.1028459104	-0.1232675597	-0.011381227	0.154805555	0.0369880768	-0.0864849902	-0.0945685192	0.0235226525	0.1102295573	0.0396833520504458	0.0001759754672434	3.0967365071566643e-08	0.0015747684299596	-0.0187109349981824	0.0069280995572711	0.0003500990885062	4.799856347546002e-05	-0.0798279834119171	-0.0267325056848194	0.0007146268601889	0.0063725069356133	0.0007119418280413	0.000505986889317	5.06861166514788e-07	2.56022732160694e-07	-0.0005670732167097	0.0001444399748432	3.215720331094863e-07	2.0862906332704277e-08	-0.0002052982825223	-7.83715235262e-05	6.1420956998177196e-09	4.2147384806606106e-08	0.0	0.0
193.4596062435537	0.1437915560709086	37426.61924791084	0.0206760115972932	287.4222299742915	1.188119463810153	82611.5382833945	1.4116278602845262	179.93331991445783	0.2417047920340849	0.0584212064922402	32375.999615438624	195.78917648926333	203.3992382515697	1.130372	23.229921	0.1418028078889315	0.1080699317126652	0.1131509726	0.0442839957	0.0126701244	0.1065412335	0.0124236266	0.0005245431	-0.101342573	-0.0560352689	-0.1113261686	-0.0213205865	0.0333599479	-0.0353172911	-0.0256265702	0.0024395785	0.0335872442	-0.0769811281	0.0081024015	0.0068529783	0.0838536953	0.1037546249	0.0373547561	-0.0482851705	-0.0041587928	0.1248619355	0.0804649686	0.0202426332	0.0072926544	-0.0827374773	0.1137668059	0.040737703	0.0914340647	-0.0310091349	0.0814362351	0.0362346306	0.021976729	-0.1147247296	-0.0624919644	-0.1192847661	0.1026915596	0.1277573867	-0.0232285528	0.1822624295	-0.0091020465	0.0244523765	0.0465069592	0.0724229627	0.1662820718	0.0534498355	-0.0021527238	-0.0328689018	-0.0050038418	0.0095070992	-0.0030212553	-0.0524746629	-0.0167729676	-0.0220451363	-0.0190216638	-0.0582649832	0.0889215875	0.0980573493	0.0723726725	-0.1011962387	0.0256134794	-0.1292421491	-0.0651939241	-0.1118495897	-0.0250208771	-0.0785596694	0.0268681417	-0.0435368992	-0.0825706352	-0.0632498953	0.0009968648	0.0336511919	0.061102962	-0.0353774688	-0.0471252574	0.0202050499	0.0061003824	-0.0656464409	-0.0794857481	0.1186602739	-0.0532025978	0.0257701043	0.0247552148	0.1348421616	0.0126280993	-0.0432546176	-0.0545702286	-0.0802206783	-0.075412528	0.0602233508	0.1575191787	0.0590720047	-0.0996412232	-0.0250436654	-0.1052723565	0.0623501873	0.1475304156	-0.0720208794	-0.0198091539	-0.1068231723	0.0963017598	0.0484283743	-0.0389062042	-0.0430919502	-0.0572550417	0.0829981007	-0.0117574001	-0.0692431039	0.0105832832	-0.0861087835	-0.0479857705	0.079040342	0.03198519	0.0486083513	0.0314596908	-0.004389373	-0.0666653141	0.098648635	0.0759987503	0.0105433192	-0.1538715751	0.0443758001	-0.0291579216	0.0913099118	-0.0866727124	-0.0578139508	0.0396062459	-0.0020139924	-0.0437353755	0.0611838259	-0.0081516283	0.1018704897	-0.0396294008	-0.1405207465	0.0860986054	0.0144356523	0.0117454057	-0.0333127838	-0.0090905899	-0.0613063298	0.1205758026	0.1213347275	0.0591721007	-0.022921849	-0.1017065457	-0.0960097256	0.0349494174	-0.0891247992	-0.0910168938	0.0318670259	0.1110641056	0.039536723147691	-0.0001466289027547	2.150003512307581e-08	0.0015631524772571	0.0873562034948776	0.10606713849306	0.0076311062890384	0.0112502378681059	-0.0991855995722588	-0.0193576161603416	0.0003747173034111	0.0098377831625084	0.0006018831151118	-0.0001100587129295	3.6226328425668425e-07	1.2112920291698104e-08	-0.0005911192203562	-2.4046003646499992e-05	3.494219326745217e-07	5.782102913674908e-10	-0.0003958220526018	-0.0001905237700795	3.6299306965306194e-08	1.5667509732590217e-07	0.0	0.0
193.4597648229241	0.0001585793703782	37426.6806053411	2.514741670955272e-08	286.89238830059315	-0.5298416736983427	82307.24246481832	0.280732199187461	179.55501289438126	-0.3783070200765621	0.1431162014392084	32240.002655501423	195.355617043256	201.5236123699632	1.132932	23.282539	0.070937619201841	0.0365343509472978	0.0855826702	0.103268789	0.1362854878	0.0396509817	0.0452923714	0.0245904324	-0.1090057232	-0.0487780253	0.0747650465	-0.0301047918	0.0293963002	0.0366655722	0.0413901913	0.0324578015	-0.0141295175	-0.0302959768	-0.0322084927	0.0167787631	-0.0501675208	0.1125239017	0.0108625463	-0.0373920423	0.1687534214	0.1606095641	0.0614605234	0.0729751004	-0.0427745837	-0.0706001793	0.0353524832	-0.0507883312	-0.025084303	0.0283650639	-0.0623186919	-0.061162043	0.1215578405	0.0281248966	0.0369920032	-0.0022977988	0.0789341182	-0.1062610711	0.0824536981	-0.0293912003	0.0207067537	0.0962331571	-0.0296101376	-0.0592895703	0.0272105089	-0.0434524873	-0.0248534703	-0.1118924406	-0.0686560226	-0.0632490693	-0.0956574992	-0.1473864051	-0.0022750515	-0.0462985483	-0.0022883755	-0.0031069316	-0.1352159499	-0.0488830243	-0.0922565925	0.1730696531	0.0978072429	-0.0208193172	-0.1870365296	-0.0405881932	-0.0779367867	-0.1275124278	0.1076197565	-0.0003954659	0.1127135359	0.0866822881	-0.0516344196	0.0081809536	0.07544414	-0.006403498	-0.0092805231	0.016314321	-0.1422553775	-0.0074680367	-0.0976802812	0.07532572	-0.0113707083	-0.0019870375	-0.0385695076	0.1401703756	-0.0802885465	-0.0791478517	-0.0533470834	0.024947188	-0.0302609777	0.0484921689	-0.1176047066	0.0158486303	-0.0243724221	0.0491420956	-0.0237281074	0.0291033405	-0.1106135471	0.0235891342	0.0114390292	-0.0305345945	0.0814388457	0.0420129784	-0.0288280091	-0.0702226814	-0.0685474243	0.0336611964	0.1109220043	0.0626902619	0.1048113445	0.1471649992	-0.1218819498	-0.1439332636	0.0464338808	-0.1173234255	0.1206748829	0.0225960172	-0.0605866459	0.0879315828	-0.0025006365	0.0370752589	0.0044453311	0.162792014	-0.0291010652	0.1012443397	0.0016520173	-0.050419006	0.1256757991	0.0991535745	-0.1256038621	-0.0205860951	0.0312116691	0.0303631637	0.1600912295	0.0558919114	0.0440553608	0.1627067551	0.0366066144	0.034552313	-0.0677271126	-0.1102706334	0.0516854827	-0.1224000994	-0.0547350664	-0.0868522374	-0.187561423	-0.0081305048	0.0328976148	-0.091630556	-0.0871572961	0.0400197472	0.1108552722	0.032764363159913	-0.006772359987778	4.586485980405648e-05	0.0010735034932746	0.1182830898352875	0.0309268863404098	0.0139908893409826	0.0009564722987126	-0.0830486692217107	0.016136930350548	0.0002604005211384	0.0068970814594971	0.0003963536153508	-0.0002055294997609	1.570961884016499e-07	4.2242375272006895e-08	-0.000711581657401	-0.0001204624370448	5.063484551495542e-07	1.4511198738772424e-08	-0.0004118589662581	-1.6036913656299957e-05	2.5718259961962005e-10	1.6962780808719077e-07	0.0	0.0
193.49237599532884	0.0326111724047564	37439.29956831771	0.0010634885656127	286.53259430623126	-0.3597939943618939	82100.92759985931	0.1294517183788865	179.71476351725377	0.159750622872508	0.0255202615081543	32297.396226062447	195.4962595211572	203.18108575645533	1.193121	24.519457	0.1276225927620466	0.065747091294954	0.012157329	0.1096912481	0.0663290242	-0.1363498753	0.0389386144	0.0137886775	-0.1167364091	0.0111701589	0.0213949675	-0.0333386683	0.0394243396	-0.0074379816	0.1019685864	0.1349684555	-0.0926182233	0.0478593698	-0.0176703835	-0.0090959316	-0.0489881517	0.0674653815	-0.0018940502	0.0391448524	0.0065775142	0.1109329718	-0.0354503543	-0.0324043341	-0.0543437762	0.1018088715	0.113372245	0.0216481227	-0.0269845595	0.0338057356	-0.0177088975	-0.1419002023	0.1311222363	-0.1289928071	0.0936947169	0.0145778957	0.115212589	0.2088544377	0.0751462333	-0.1150034408	0.072741602	0.0774796803	0.0507051008	-0.0504420226	-0.0392461864	-0.025387603	-0.0642085992	0.1651210756	-0.0156683047	-0.0390596565	0.0344063791	-0.0309708699	-0.0175488863	0.0400196415	-0.0683581142	0.0280345784	0.1387504758	0.0179496015	0.0511893468	-0.042260107	0.1233827972	-0.1158180967	0.0133192851	0.0911468254	-0.1242200984	-0.1251001686	-0.0583453806	-0.06841387	0.136259533	0.0494963204	-0.0353101823	0.0115906558	0.0707432566	-0.0005763036	-0.0468950597	-0.0785442493	-0.1282556791	-0.0553953556	-0.0469636887	-0.003192638	0.0429127293	0.100096791	-0.0357622195	0.0448920511	0.0291384074	-0.0364853968	-0.034823958	0.1263163217	-0.1263595609	-0.0408838669	-0.0645988902	0.0139291889	-0.1120880138	-0.0468541854	-0.1551572229	0.0001006833	-0.0088304857	0.0153961034	0.1198015325	0.0813903435	0.0393359276	-0.0124296661	-0.0574523804	-0.0377045853	-0.0874942372	-0.0223024888	0.0948022817	0.1083777565	-0.0925498302	-0.1397995352	0.1191177698	0.0431581636	0.1123131892	0.1004049969	0.0887369616	0.0816987817	0.0900444299	0.0502951096	0.0185185933	-0.03096427	0.0376052725	-0.0174012126	-0.0464072539	0.0663934292	0.0360489476	-0.1411329073	0.1483077408	-0.0345744694	-0.0006027958	0.2145331765	-0.0422511003	-0.0710928415	0.0500519284	0.0804436938	-0.0662399827	0.0702340115	0.0205890876	-0.0959359274	0.0319536912	-0.0659469652	0.0007797616	0.0689654541	-0.0315030881	-0.0885760183	-0.0665982449	-0.0057649804	0.0308334408	-0.0939984918	-0.0830027857	0.0479317851	0.1096050192	0.0502359260499361	0.0174715628900231	0.00030525550982	0.0025236482660946	0.1667271772222847	0.0484440873869971	0.0277979516245111	0.002346829602759	-0.096936609841947	-0.0138879406202363	0.0001928748946712	0.0093967063276498	0.0010003980777567	0.0006040444624059	1.0007963139793002e-06	3.6486971256323273e-07	-0.0008841161501351	-0.000172534492734	7.816613669297107e-07	2.9768151183013192e-08	-0.0002320578841023	0.0001798010821557	3.2328429144396735e-08	5.38508615740365e-08	0.0	0.0
193.71772700288824	0.2253510075593965	37526.55775516554	0.0507830766080351	287.9714263885283	1.43883208229704	82927.54241624357	2.070237761047236	180.09520110997275	0.3804375927189767	0.14473276195381	32434.28146284153	195.8398307520946	202.87774802546195	1.149298	23.618856	0.2048591168717689	0.1425178627196976	-0.0645196443	0.1162492419	-0.0750175416	-0.0916671033	-0.0313271948	0.0924212029	-0.0604469993	0.0038556659	-0.0123395005	-0.0470442261	-0.0750180913	-0.0214460857	-0.029024716	0.08586251	0.0389676634	0.0277031222	-0.003907195	-0.1260191091	-0.0249757292	0.048635349	-0.0410946798	-0.0099161759	-0.0214930134	0.0480774942	0.0214003898	-0.0982756857	-0.013487216	-0.0779768384	0.0803684916	0.1870765732	-0.0514093082	0.0056668525	-0.0328568644	0.0756566929	-0.1121173867	-0.0440199774	0.1340500888	-0.109105631	-0.0265270453	-0.0032357752	0.0375298489	0.0894704372	0.0394143093	-0.0111850979	-0.0093083869	0.1230490424	-0.0263195727	-0.1930013026	-0.0503484321	-0.0126543198	-0.0517575734	0.0344956728	-0.0709198154	-0.0013512045	0.0013192637	-0.0083039332	-0.0265823607	0.0447981244	0.0107051883	-0.1006958518	0.0716812423	-0.0602545791	-0.0540555539	-0.0380203107	-0.052848387	-0.0185315858	-0.0780733818	0.1281386165	0.1015437587	-0.1231411769	0.0782479892	-0.0806380731	-0.0408648944	-0.0643705993	0.0520650859	-0.0004053828	-0.059359667	-0.0759692133	0.0015199697	0.0318128374	0.0138599081	0.1442607542	0.0397286764	0.0123437125	-0.0623029136	-0.1094189544	0.0821397883	3.3623e-06	-0.0598254361	-0.0762006986	0.0208972801	-0.0762802382	-0.0408039925	0.1309722433	0.0520602769	-0.0903014037	-0.176481615	0.0694139361	0.0314054089	-0.0305994239	-0.0686650892	0.055888121	0.0427752107	-0.0084401372	0.0039153783	-0.0953718819	0.0589123414	0.0267591504	0.0741659553	-0.0306069696	-0.0450792402	0.0785800007	-0.0917417553	-0.055562256	-0.0949889925	0.0079408968	0.0233741432	0.0385381479	0.0483461995	-0.0451787589	0.1027627926	-0.1512620367	-0.0886863812	-0.0731725957	-0.0110067856	0.0911906156	0.0808436471	-0.0180948737	-0.027714608	0.0685055007	-0.0090553487	0.0773367394	0.0065095467	-0.0220881092	0.0114782376	0.113393091	-0.0203279434	-0.0503924875	0.0004409261	-0.1228640186	-0.0196684111	-0.1025612	0.007055329	0.0549804682	-0.0377690464	-0.0335754078	-0.0851482153	-0.0707793375	0.0287576717	-0.0962250449	-0.0785674201	0.0555555556	0.1073250918	0.0632091039867788	0.0129731779368427	0.0001683033457809	0.0039953908268114	0.0374799832182901	-0.1292471940039946	0.0014047491420433	0.0167048371579062	-0.0830238258476754	0.0139127839942716	0.0001935655584712	0.0068929556583851	0.0001338994523795	-0.0008664986253772	1.7929063347529993e-08	7.508198677805771e-07	-0.0009680141025367	-8.389795240159995e-05	9.370513027099328e-07	7.038866417181132e-09	-0.0002079352431479	2.41226409544e-05	5.81901806614896e-10	4.3237065342976296e-08	0.0	0.0
193.359197688346	-0.3585293145422383	37387.77933068087	0.1285432693861272	287.6597109945399	-0.3117153939883792	82748.10932946223	0.0971664868493304	179.80422979919285	-0.290971310779895	0.0846643036969702	32329.56105368095	195.61631191406389	204.24062725958697	1.138179	23.39036	0.0249777769920323	0.0166113926511322	-0.1001478849	0.0607577335	-0.0639683584	0.008872559	-0.0369496473	0.1218331574	0.0155290839	-0.0033619224	0.0695009376	-0.0590131515	-0.0354243816	-0.0244623193	-0.0097508427	0.0499843474	-0.0020578194	-0.0593752917	-0.0560412878	-0.0785677884	-0.1272629784	0.0417366801	-0.0658428755	-0.080291513	0.021238132	-0.0422566455	-0.0940763609	-0.0215141479	-0.0665480802	-0.1084441427	-0.0466104942	0.0786937096	-0.0460343073	0.0689649122	0.1589519464	-0.0575506362	0.0109383803	-0.0055342279	0.0817729283	-0.1409695061	0.0564338781	0.0064906772	-0.1271763151	-0.0745794367	0.0640987286	-0.0370027868	-0.0059503759	0.0307345033	-0.0037827625	-0.0114323126	0.0103294819	0.0124494581	0.1852459708	-0.0748486338	0.1030816148	-0.0516112384	0.1222679147	0.0156958446	-0.0333048401	0.0300866447	-0.0967822267	-0.0641354115	0.004844973	0.1362021813	-0.0552861457	-0.0224762248	0.0202153196	-0.0040288199	0.0102260707	0.0225672444	-0.0156542635	-0.0500281864	0.1004365715	-0.0765612925	-0.0671036029	-0.0771833678	-0.0139689548	0.0633528893	-0.043058032	-0.0549463574	-0.0637056168	0.0244758923	0.0506506402	0.0925297239	-0.0182079309	-0.140507697	-0.0368726534	-0.0496189438	-0.0383648059	-0.027921455	0.0679848842	0.0363096529	-0.1002120461	0.0268928498	-0.0977177938	0.0750825528	0.0092651608	0.0768587431	-0.0480477655	0.0294674899	0.1328051186	0.1266495634	0.0494653932	0.0256651968	-0.138354519	0.0493898029	-0.0314881509	-0.0120186357	0.2077852517	-0.0232565469	-0.0408629636	-0.0346858289	0.1865005675	-0.1095613165	0.0282898355	-0.0051040467	0.0365884437	-0.0325848889	-0.0015648843	-0.0737903339	-0.0443572473	-0.001266097	-0.0411587825	-0.0750251599	-0.0596886949	0.0283739056	-0.0158310386	0.0369767953	0.1136449964	-0.0268901134	0.0204267987	-0.0551139131	0.0859994398	0.0761297518	-0.0497406654	-0.1054447168	-0.0365489647	-0.051807404	0.0375810718	-0.0371640474	-0.004495926	-0.0675600952	-0.1920204689	-0.0729165013	-0.0317498098	-0.0322888363	-0.0572082547	0.0515486329	0.0151816396	-0.1660525884	0.0266710879	-0.0983068664	-0.0738662073	0.0628452084	0.1040369087	0.0641162874569829	0.0009071834702041	8.229818486115599e-07	0.0041108983172664	0.0375114816569635	3.149843867339408e-05	0.0014071112561007	9.921516388615679e-10	-0.0828944300909455	0.0001293957567298	1.6743261859701252e-08	0.0068714865401026	0.0004279649249025	0.000294065472523	1.831539769468025e-07	8.647450213017527e-08	-0.0009150166685381	5.299743399859991e-05	8.372555037025632e-07	2.8087280104359532e-09	-7.680416314100169e-05	0.0001311310800068	1.7195360143775566e-08	5.898879475789602e-09	0.0	0.0
193.43224794648884	0.0730502581428425	37416.034545631934	0.0053363402147359	288.0351633223642	0.3754523278242914	82964.25531014103	0.1409644504686791	179.99313211854266	0.1889023193498076	0.0356840862557367	32397.527609843157	195.9108301734685	205.81437072887013	1.058544	21.753813	0.0838147798347795	0.0500771038283	-0.0985620516	-0.0013097372	0.0101149174	0.0624230859	-0.0720269274	0.073515622	0.0867461504	0.0167023647	0.007765182	-0.0791699474	0.0346534417	0.0070501738	-0.0825514076	0.0247789583	-0.0405664946	-0.0929242022	-0.0214228929	-0.098907237	-0.0387190862	0.0077714119	-0.1110320665	-0.1470543637	-0.0254415263	-0.023828342	0.1028427433	0.033988116	0.0504634454	-0.0393334908	0.0595696528	-0.0086840143	0.1420868071	0.1335483993	0.1166245179	0.0218676867	-0.0002157531	0.0499160988	-0.170483822	-0.1383682715	0.0838365424	0.021205408	-0.0052045948	0.0023687321	0.0445155118	0.0438145714	0.040225743	-0.024431792	-0.0213146249	-0.0411230635	-0.1781015748	-0.0892953926	-0.0958731675	-0.028142069	-0.1054184108	-0.0854500422	0.0209942356	-0.1262487534	-0.0059056418	0.0313716014	-0.1358003393	-0.0442596914	-0.0709257451	0.0156819536	0.1130216366	0.0317728723	0.1382567103	0.1249737424	0.0006057927	-0.0896215432	-0.0699438876	0.0966056584	-0.0287598935	0.0546129117	-0.0019560259	-0.1048007417	-0.0198746408	0.0641887905	-0.0542437966	-0.0797854677	0.0470147742	0.1175511373	0.0736709399	0.0815128091	-0.1446373608	0.0080661082	0.0356581765	0.1403195094	0.0633473313	-0.0247781359	-0.0950518503	-0.0774926377	0.0920436141	0.1742690872	0.027700984	-0.0418344774	0.0124593747	0.0394507905	-0.0001598549	0.0201771259	0.1328859714	-0.0498576195	0.0611693797	-0.0675988498	0.0263458827	-0.0532079252	0.0035929467	-0.0732493312	-0.104772327	-0.1199598167	0.0911048287	-0.0088274661	0.1647348103	0.0958200387	0.0531188757	-0.1486019866	0.13503903	0.0488454573	-0.0086991559	-0.0352775763	-0.0152112764	0.0121062613	0.0760065047	0.0986921636	0.1486113096	0.0171510781	-0.006991614	-0.0039416433	0.0892741863	0.0285199232	-0.0900645371	-0.07470663	-0.0309301771	0.0092907016	-0.0502831613	0.0420381388	0.0371827756	0.0342663825	0.0418457994	0.0288878249	0.069615209	0.1429016918	-0.0951262759	-0.0466036525	-0.0856613431	0.0319543031	0.0687875061	-0.0436252443	0.0402186568	-0.1156737955	0.0245744743	-0.100240825	-0.0689150546	0.0697569027	0.0997713604	0.0638850668017454	-0.0002312206552375	5.346299140846224e-08	0.0040813017602634	-0.0067053132805341	-0.0442167949374976	4.496122619010698e-05	0.0019551249545447	-0.103784001183854	-0.0208895710929084	0.0004363741804456	0.0107711189017302	0.0005000060206841	7.204109578160006e-05	2.500060207203487e-07	5.189919481413673e-09	-0.0007109958273543	0.0002040208411837	5.055150665152257e-07	4.1624503637345336e-08	1.6677762876317608e-05	9.34819260173193e-05	8.738870491907558e-09	2.7814777455867777e-10	0.0	0.0
193.2529676824329	-0.179280264055933	37346.70951806746	0.032141413079965	287.4023537650209	-0.6328095573433075	82600.11294967422	0.4004479358650327	180.0660103365582	0.0728782180155462	0.0053112346611214	32423.76807852549	195.95761068106324	204.6363388465021	1.066261	21.912403	0.1527085425871641	0.0938972802487747	-0.076312811	-0.0366520204	0.0211673154	0.053884161	-0.0670225468	-0.0353364119	0.072088172	0.0477431873	0.0789688415	0.0071971865	0.1006176047	0.1815604042	0.1484551046	-0.0857367886	0.0196294504	0.0026528084	0.0600882265	-0.0874859305	0.0096371645	-0.0386384719	-0.0194347071	-0.1338427581	-0.0162805902	-0.0095504392	-0.1162600154	-0.1429846928	0.0939598391	0.1498602222	-0.0293383179	0.0121725598	0.0756400405	-0.0078546584	0.0397547668	0.0148979731	0.053134079	-0.0971607434	0.0929635958	-0.034354613	-0.0919339642	0.0379942297	0.077767204	-0.0844372553	0.0977180408	-0.0481054431	-0.1314423901	-0.1817005583	-0.0168632414	0.0945846296	0.1531149297	-0.0062432105	0.0001916061	0.0078489428	-0.1395795607	0.0146804072	-0.1932740638	-0.0149475689	-0.0190748403	-0.0471351212	0.0670565866	-0.0228509342	-0.0034322949	-0.1102061506	-0.0117945213	0.0598392202	-0.0443790508	-0.0942367931	0.0245614349	-0.0420222598	0.0658515755	0.1186957061	0.0271379782	-0.0010346442	0.0091925779	-0.0799205414	0.0050051714	-0.06774063	0.1136907176	-0.0690542209	0.0335244639	0.1106985654	0.0771556174	-0.0517942521	-0.0188657883	0.02017348	-0.0088370072	0.0614627379	0.1024062456	0.1583375917	0.0950878984	0.0688979523	-0.1349851431	-0.069409925	0.0635283976	0.0751450336	0.0027677305	0.030361512	0.0610617957	0.051471077	-0.0062162805	0.0037501971	-7.39281e-05	0.2312650371	-0.0682217683	0.1356089906	0.1288335167	-0.0752644791	-0.0288314255	0.0686302161	-0.021254184	0.0077789174	-0.1253041987	0.0474092908	0.1226343329	-0.0150190853	0.1431271303	-0.0252167109	0.0168112883	0.1595735592	0.0442868439	0.0262076757	0.0438052632	-0.085670585	-0.0557363657	0.112073273	0.0009114878	-0.0884754241	0.0673081538	-0.0209199883	0.0096903054	0.0651038169	-0.0798640609	-0.0232988545	0.0142414583	-0.0408752974	0.036112361	0.0332937854	-0.0096127853	-0.0609306797	-0.0065192618	0.0109180858	-0.0157274527	0.1139523376	0.1766476405	0.0935569824	0.0862827845	0.0895043402	0.0685928038	-0.1161446441	0.0224686191	-0.1020240119	-0.0637307152	0.0762490709	0.0945685192	0.0750018216143928	0.0111167548126474	0.0001235822375645	0.0056252732454771	0.0835804718289807	0.0902857851095148	0.006985695271155	0.0081515229928414	-0.0849923767019262	0.0187916244819277	0.0003531251506697	0.0072237040974421	0.0003081344647275	-0.0001918715559566	9.494684835290292e-08	3.681469398520671e-08	-0.0008809538060516	-0.0001699579786972	7.760796083968001e-07	2.8885714522871863e-08	0.0003051357918839	0.0002884580290075	8.320803449893924e-08	9.310785148861473e-08	0.0	0.0
193.28563777784188	0.0326700954089744	37359.3377711871	0.0010673351340314	286.9935820695737	-0.4087716954472284	82365.31614912512	0.1670942989988017	179.7068953743745	-0.3591149621836962	0.1289635560641975	32294.568245096387	196.01752177521607	207.7192826445924	1.170562	24.055853	0.1384568667600695	0.0666765009770724	-0.0460759907	-0.1041687561	0.0831954184	0.0233246959	-0.0628388914	-0.0685644074	0.1108521336	0.0775605953	-0.0949434349	0.0891671357	0.0015986834	-0.1046885512	0.1712653192	0.051824405	-0.0347084247	0.0525148897	-0.0027672522	0.0638661447	-0.0900466106	-0.0725934333	-0.0721659577	-0.0217567621	0.0362879595	-0.0114969847	0.049584576	0.0171243078	0.0289624526	-0.0444592594	-0.0251926243	0.0707717299	-0.0027497204	-0.0581698819	-0.1557288495	0.0047535142	0.0165610371	0.0838474824	0.0428296486	-0.0255550575	0.1098775732	-0.0692862948	-0.2663414573	-0.1577640865	0.0226597675	0.0630110518	0.0192021397	0.0061631677	-0.2129730769	-0.0168760098	-0.0076385303	0.0981016038	-0.1377923148	-0.0790013664	0.0529019013	0.0839366623	-0.0913786827	0.0162077885	-0.0026718905	0.0659945883	-0.0440199164	-0.0525561172	0.0531624763	-0.0689483946	0.1120798406	0.0774264986	-0.1602416945	0.0671349969	0.0067722916	-0.0209568279	-0.0901938426	0.0050808406	-0.0543262263	-0.0438110917	0.1260224471	0.009894443	-0.1593103852	0.0559392191	-0.0435422418	-0.031769916	-0.0491297807	-0.0612952502	-0.0784413937	0.1155238289	-0.1131331091	-0.079178356	0.0021023111	-0.0185964232	0.0656526675	0.0515015085	-0.0148987591	-0.0069213196	0.0207831502	-0.0488082543	-0.0415254249	0.0758556242	-0.1252112093	-0.0354403152	0.1580556178	0.0131860835	-0.1463536988	-0.0062498631	0.0744349776	-0.0134681735	-0.0952103248	-0.1476428608	-0.0562611439	-0.0136787041	0.0679112063	0.0028455336	0.0068178011	0.1663917807	-0.0020124473	-0.0019747201	0.0713417636	-0.1177380439	-0.1355801129	0.0143377292	-0.0211567868	0.0498032769	0.1195836135	0.0276172579	0.0052877353	0.0238156446	0.0924013298	-0.1090843769	-0.007691457	-0.1162826319	-0.0057132466	-0.0329436474	-0.0120520284	-0.0695034462	0.0484706943	0.0533443735	-0.0706593994	-0.0172442163	0.017758389	0.0866055811	0.1468228885	-0.0452439299	-0.0143525127	0.0108403916	0.0310365342	-0.176526852	0.1193730346	-0.0953166345	-0.07708169	0.0364348442	0.0291058281	-0.0902538945	0.0203543145	-0.103653745	-0.0583307311	0.0822826681	0.0884772626	0.0614131867454403	-0.0135886348689524	0.0001846509976017	0.0037715795062303	0.0316930863339877	-0.051887385494993	0.0010044517213735	0.002692300773506	-0.0752394687396673	0.0097529079622589	9.51192137202931e-05	0.0056609776562273	0.0010879965004239	0.0007798620356963	1.1837363849346533e-06	6.08184794720533e-07	-0.0007115060454225	0.0001694477606291	5.062408526727646e-07	2.8712543582216792e-08	-1.0113180467901544e-05	-0.0003152489723518	9.938191456886693e-08	1.0227641917634528e-10	0.0	0.0
193.2820821157051	-0.0035556621367902	37357.963266982166	1.2642733231003885e-05	286.4601750369038	-0.5334070326698566	82059.43188217358	0.2845230625016614	179.64833277168387	-0.0585626026906425	0.003429578433902	32273.523467645664	195.72747961988304	208.73029262868184	1.066322	21.913654	0.1122330325100408	0.0580805531160642	0.0051152263	-0.1337357044	0.0535817854	-0.0830706625	0.0686727633	-0.1230963256	0.0963133028	-0.0407924902	0.0451672876	0.0150104238	0.0186081551	-0.0243936425	-0.0546412936	0.1328298754	0.0498398733	-0.0900032751	-0.026320805	0.0759933663	-0.0684664724	-0.0119547262	-0.0317188693	-0.052127964	0.0151717602	0.0414743036	0.0389881961	0.0280140336	-0.0716390134	0.0785100616	0.0211012547	-0.1086514124	-0.0518164868	-0.0017152751	0.035224824	0.0035675182	-0.1498914693	-0.0218351471	-0.1402196364	-0.0484234352	0.234244505	0.0401328937	-0.0482157978	0.0783596225	-0.0215315579	0.0503497052	-0.0923631608	0.024880651	0.0067597909	0.0429465048	0.0326754475	-0.014543786	-0.2066403405	-0.0921112056	-0.046752923	0.0226756198	-0.0178143414	0.1137593284	-0.0404427459	0.0996037501	-0.0456290346	-0.0890636094	0.036506002	0.0460124143	-0.0109036022	0.0232799652	-0.0567927348	-0.0313957697	0.1009414465	0.176757004	-0.0231352897	-0.1348694229	0.049553999	0.1423188851	0.0526490794	0.0887044648	-0.0124376113	0.0673909232	0.0284266538	-0.0009544358	-0.0642282181	0.0963425001	0.00577805	0.0674118502	0.0342067206	0.0475928047	-0.0452132176	0.0510173562	-0.1821155278	-0.0310954742	0.0185802372	0.0805149243	-0.028048958	0.0765023527	0.1732132055	-0.0017854542	-0.0259091027	-0.1410998904	0.0425688317	-0.000751592	0.0938900546	0.0019440278	0.0705537904	-0.041089674	-0.054071176	-0.055155434	-0.0773759186	-0.0271482446	-0.1028480504	0.0888254026	0.0223838954	0.1353344379	0.1177296786	0.0704039624	0.0455348413	0.0224032434	-0.1932737559	-0.0757482049	0.1073432047	0.1016095159	0.0085809484	-0.1469226088	0.026907412	-0.0117162809	0.1642318155	-0.056352369	-0.0023053681	-0.1022112237	-0.0554959553	-0.0066507321	0.0483041186	0.007611388	-0.0266628941	0.0304335641	-0.0231747168	-0.0179091714	0.0794003905	0.0291093615	0.1137006578	0.132152485	-0.1142481475	-0.0989556915	-0.048300986	-0.1290250709	-0.0036479155	0.1332708389	0.0480262634	-0.036377298	-0.0116940225	-0.0151905979	0.0182323554	-0.105127573	-0.0527333744	0.0878214077	0.0815548146	0.0735130336631044	0.012099846917664	0.0001464062954309	0.0054041661183527	0.0814062380529492	0.0497131517189615	0.0066269755939334	0.0024713974538324	-0.0871788036669514	-0.011939334927284	0.0001425477185058	0.0076001438088008	0.0005659949277638	-0.00052200157266	3.203502582543493e-07	2.724856418596176e-07	-0.0009590030191168	-0.0002474969736943	9.196867906751376e-07	6.125475198783706e-08	-1.0228613036125048e-05	-1.1543256822350423e-07	1.3324677806673956e-14	1.0462452464278728e-10	0.0	0.0
193.34103136030765	0.0589492446025587	37380.754407467466	0.0034750134392123	286.5000482119342	0.0398731750303795	82082.27762544062	0.0015898700870032	179.66118737258836	0.0128546009044896	0.0001652407644137	32278.142248128304	195.6216692110281	206.2131179489917	1.200456	24.670191	0.0354056733273356	0.02364236126981	0.0875313045	-0.0878429043	-0.0840551072	-0.0841812018	0.0608900452	-0.0772420404	0.0160481181	0.0012009884	-0.048203443	0.0071906987	-0.0086516436	-0.0264550779	-0.0957881679	0.0505496221	-0.0871545246	0.0047708464	-0.0261861917	0.1115725437	-0.0085296393	-0.0447734301	-0.0824448113	0.0818535309	-0.0026556379	-0.0699377559	0.0944558837	-0.0236013642	-0.1123051335	-0.0888191281	0.1532747982	-0.0147295245	0.0051389046	0.0676488774	-0.0188143839	0.0597940979	-0.0249073177	0.060338323	-0.0158659011	0.0461862684	0.0242086242	0.0819198915	0.0223875101	-0.0132295154	0.0250598693	-0.0762427442	0.0666604601	0.0048697632	0.0486544597	0.0909123537	0.1352057799	-0.0070371752	0.0053317331	-0.107079609	-0.0462494729	-0.21672858	-0.047399969	-0.0034263677	0.1662190849	-0.0478263639	0.1271489197	0.0272289182	0.0535574467	0.0201652645	0.0171842931	0.0456476882	-0.029414008	0.0036558697	0.0345206582	0.1321417716	0.0363822182	0.0153583061	0.0037072706	0.1002117254	0.0407357743	0.1073334805	-0.0185371503	0.0372777503	-0.0490079562	0.0079421217	-0.0491660413	0.0126145137	-0.0257153221	-0.0506175901	-0.0150979143	0.1259943103	-0.1237377201	-0.0574386483	-0.0871253376	0.0771212944	-0.0811982267	-0.0296833233	0.0239304464	0.0887865547	-0.0736288918	-0.0156753277	-0.0474338888	0.0058593169	0.0325043534	0.126835125	0.0627797008	0.0257496009	-0.0101813145	-0.0509096403	-0.0002395832	-0.0664482531	0.0910057817	0.0474365926	0.0144338674	0.1767586472	-0.0574235488	-0.0765119697	-0.0549574619	0.0717315087	0.1145642403	0.0295823177	0.0729988652	-0.0315629601	0.1556284024	-0.1056131941	-0.0828770092	-0.0141798878	-0.0066819132	0.0513272571	0.0156848897	-0.1175214	-0.0102802943	-0.0568466397	-0.1260022467	-0.0388791521	0.0703444127	-0.0565280879	0.0258615233	0.0540908603	-0.061668999	-0.0768587351	0.0445032401	0.0012912954	-0.1476570514	0.0101437972	-0.0943090096	0.0436712806	-0.1617469826	-0.0444596026	0.1117970007	0.0296425653	-0.0126643922	0.0717324108	0.0067965251	-0.0297188059	0.0161035399	-0.1064432791	-0.0469575846	0.092831979	0.0738662073	0.0746458334879065	0.0011327998248021	1.2832354430716806e-06	0.0055720004571042	0.100307351179012	0.0189011131260627	0.0100615647005496	0.0003572520774042	-0.1013505528206764	-0.014171749153725	0.0002008384740761	0.0102719345570567	0.0005579953393234	-7.999588440399993e-06	3.113587987066364e-07	6.399341521578118e-11	-0.0009750029776665	-1.5999958549700057e-05	9.506308064585416e-07	2.5599867359211997e-10	-1.0227935571310331e-05	6.774648147172001e-10	4.589585751798102e-19	1.046106660508752e-10	0.0	0.0
193.4213600433564	0.0803286830487479	37411.822521021706	0.0064526973203462	287.23264317738204	0.732594965447845	82502.59130666527	0.5366953833995292	179.82182540709297	0.1606380345046147	0.0258045781295058	32335.88889273903	195.6921044740517	204.2130376795112	1.104636	22.701021	0.0364428232410379	0.0205378548057921	0.1134782741	-0.0071077157	-0.1193679174	0.0566744467	0.0284076726	-0.0237141531	-0.0294122942	-0.064892737	-0.0287054357	0.0123585901	-0.0736499493	0.0776309732	-0.0360499891	0.0521166342	0.0930297628	-0.112048116	0.0548047207	0.0463845783	0.0814980708	0.1057054161	-0.030415754	-0.0393242639	-0.0621131806	-0.0175746636	0.0822915107	0.0827063332	-0.1123395873	0.0759094735	0.0782096603	0.0304148319	0.0571952219	0.0837747414	-0.0492470155	0.0362299388	0.112287953	0.0602362562	-0.0043918421	-0.0885090219	0.0402658164	-0.1062635122	0.0292190893	-0.1627304936	-0.0168759582	0.0135049767	0.0113912329	-0.0694391057	0.0460664841	-0.0881959313	0.0728503972	-0.0177902338	-0.0634423578	0.095587019	-0.0435240841	0.128033685	0.0036795262	-0.0446708733	0.1211922116	-0.0878724132	-0.1025257252	-0.0313271295	-0.0555692551	0.0477546064	-0.0878691115	0.0010641251	0.0794822993	-0.137735982	0.0386253952	0.0266803948	-0.1381090074	-0.0738839557	-0.0796654203	-0.0048228835	0.0006345739	0.047541933	0.1147422251	0.027713161	0.008108591	0.0317537991	0.0962876863	0.0738291768	-0.0891530632	-0.0201092231	-0.1535781272	-0.0219375086	-0.0491919333	0.0061989645	-0.0030058439	-0.0129860461	-0.0799746929	-0.0230167602	0.0773805427	-0.0265383137	-0.0380849678	-0.03436188	-0.1452169461	0.0155244273	-0.0545214196	0.0533536674	0.033005013	0.0722333523	0.1110198973	-0.003798624	-0.0705117414	0.0226381924	0.01018877	-0.0212458465	-0.1079231406	-0.0252216255	-0.098168127	0.0735899756	-0.1035918704	0.1172083918	-0.1083446972	-0.1247868721	-0.0816114223	-0.0643045298	-0.0171657226	-0.0251445869	-0.0426004933	0.0154989708	-0.0835417291	0.0557242639	-0.0433245128	0.0360328261	-0.0054530522	0.0387974579	-0.1255458363	-0.0400608207	0.0588462735	6.82119e-05	0.0018436381	0.0272692608	-0.0753012653	-0.004467271	-0.0491711428	0.060596839	0.0746762947	-0.1566267288	-0.0297236414	0.0900189295	-0.0350125484	-0.089796323	0.0314076318	0.0263255839	0.0753527124	-0.0861293003	-0.0222021332	0.0695959928	0.0139686685	-0.1075988845	-0.0410229053	0.0972842479	0.0654836707	0.0753691470588222	0.0007233135709156	5.231825218708111e-07	0.0056805083283743	0.0817000311597695	-0.0186073200192425	0.0066748950915073	0.0003462323582985	-0.1034069619572051	-0.0020564091365287	4.228818536798714e-06	0.0106929997812188	0.0007450362729982	0.0001870409336748	5.550790480830484e-07	3.498431086994093e-08	-0.0010079742826829	-3.297130501639985e-05	1.0160121545501063e-06	1.087106954484474e-09	7.087543602451047e-05	8.11033715958208e-05	6.5777568842097935e-09	5.023327431664477e-09	0.0	0.0
193.2490420709135	-0.1723179724428973	37345.1922613257	0.0296934836268311	287.2777930314448	0.0451498540627426	82528.53036901762	0.0020385093218869	179.88905506808746	0.0672296609944851	0.0045198273174333	32360.072133289403	195.69574583690388	202.87098678997063	1.120582	23.028736	0.0437421092392561	0.021342668005649	0.1211777434	0.0663684424	0.0763960319	0.1058880003	0.0243560512	0.0226933055	-0.0779671015	-0.0841126311	-0.0417791631	0.0741505049	-0.0735226718	0.0100120108	0.0166459396	0.034898953	-0.1056500251	-0.0594891492	-0.0007405831	0.0082384087	0.05264479	0.1289141128	-0.0697034218	-0.0194554355	-0.1744639626	0.0907023858	0.0370241281	-0.1025497277	-0.0205531455	0.0044928802	-0.1026382233	0.0011521524	0.1246459867	-0.1203911718	-0.0044474548	-0.2547748577	0.0705141444	-0.0239432673	-0.0120789424	0.0333969174	-0.000289825	-0.0609838778	0.1063651151	-0.0871585806	-0.0264460088	-0.0771906709	-0.1279699409	0.0605122187	0.0679584311	0.0294826494	0.0652472047	-0.0037526495	0.025116743	0.1321280484	-0.0669098245	0.0372774916	0.004444218	-0.0133405779	0.0554840916	0.0404099648	0.1038938291	-0.0044346485	0.0334424463	-0.0373375424	-0.0497329234	-0.0408199784	0.0572323499	0.0279736321	0.0606300202	-0.1168345661	0.0254889182	-0.0389930142	-0.0855293109	-0.058476428	-0.0534011962	0.028071577	0.0954082315	0.0158619126	-0.0439245354	0.0285905636	0.0305192891	0.0562041805	-0.1323440579	-0.0291986835	-0.0577943703	0.0795575136	0.0622681195	0.0731739284	0.0606898351	0.1037044515	0.2051181589	-0.1644710135	-0.1638893116	0.010539457	-0.0713913172	0.0107641264	-0.030327421	-0.0312214536	-0.0151920048	-0.1627529316	-0.0083151605	0.0832767689	0.068593358	0.0238203046	-0.0492657863	0.152769502	-0.0345764794	-0.0487717436	-0.0984999341	0.0085614326	-0.0210279137	-0.0638954755	-0.1315310951	0.0282398772	-0.0152290842	0.0872700251	-0.0154202605	0.0671107261	-0.0774316799	-0.0913454486	0.0441002156	0.0059539897	-0.0215151184	-0.0241366204	-0.0260554195	0.0091832074	-0.0085136419	0.095105441	-0.0463135	-0.0402833591	0.0639798405	-0.0060588151	0.070335038	0.0152816778	-0.0038209567	-0.0482223873	0.0685782343	-0.1563869178	0.1357276361	0.0446493239	-0.0402519198	0.0283131592	-0.1038201868	0.0288815923	0.1437913683	0.0992457473	-0.1043416298	-0.0101325001	-0.1100354486	-0.0949232488	0.0118285441	-0.1085926509	-0.0349494174	0.1011514379	0.0564859537	0.0796304217928991	0.0042612747340769	1.8158462359282203e-05	0.006341004074915	0.0703941906410392	-0.0113058405187302	0.0049553420760069	0.0001278220298349	-0.1061236575292596	-0.0027166955720545	7.38043483122056e-06	0.0112622306873875	0.0004839945775461	-0.0002610416954521	2.342507510940278e-07	6.814276676450695e-08	-0.0011750074634657	-0.0001670331807828	1.380642539200098e-06	2.790008348241955e-08	-1.0215656028479176e-05	-8.109109205298965e-05	6.5757652103464405e-09	1.0435962809220291e-10	0.0	0.0
193.3237627450904	0.0747206741768877	37374.07724192	0.0055831791494486	287.36860568765906	0.0908126562142683	82580.71553486928	0.0082469385286908	179.86250799747842	-0.0265470706090411	0.0007047469579214	32350.521783142987	195.7352923522372	204.46912502831427	1.113206	22.877142	0.1022077072485839	0.0480907657119732	0.0613781595	0.0937939947	0.151168683	-0.0626770932	0.0052870641	0.0891952217	-0.059481435	-0.0325979085	-0.0400286152	0.0364916631	0.0003712689	0.0633000568	0.0652533703	0.0177042802	-0.0464186812	-0.0727549684	-0.0199044337	-0.0257927322	-0.0154875083	0.0951261508	-0.0138987836	0.0211923891	-0.0576224745	0.0438128933	0.0805051187	-0.0066487962	0.0703026987	-0.0344613303	0.0593513518	0.0141264076	-0.0391474177	0.0108612392	-0.0962939895	-0.0019880342	0.0590239112	0.0775456655	0.1105043441	0.0594648923	-0.1219266486	-0.0127939544	-0.062299738	-0.0034888563	0.0245194545	-0.1115877253	0.0759099383	-0.0084361358	0.0192500847	-0.0572169764	-0.0152732351	-0.1851140885	0.0811119688	0.1228307734	0.0141609977	0.0980730405	0.0285364242	0.0908076687	0.062480029	-0.0033955372	-0.0482635601	0.0061156735	-0.0303375288	0.1064924104	-0.0500010679	-0.0356414837	-0.050094199	0.031129339	-0.046375516	0.100935315	-0.0141889414	0.0954221429	-0.0231871735	0.018085526	-0.0336577124	-0.0202811084	0.0535411353	0.0287762616	-0.0760281217	-0.0009546464	-0.016121636	-0.016216939	-0.0811870198	0.0793548722	-0.0337931271	0.0682572448	0.0417948451	0.0097132059	0.0741644327	0.0289393312	-0.0805949537	0.0146084264	0.0103196118	-0.1034457695	-0.1333334837	-0.0240930659	-0.0113662071	0.0034432956	0.0887542349	0.0274512515	-0.0512094824	-0.0524826259	-0.0209802016	0.0035092982	-0.0411328115	0.0264719468	0.139685731	0.0106261421	-0.0475549458	-0.0723639094	-0.0987948507	-0.1530221191	0.0089530932	-0.001952603	-0.1087261748	0.010879788	-0.1005927381	-0.1323815	-0.0655056544	-0.0445117838	-0.0263658223	0.0473941039	-0.0666598941	0.0607737227	0.0173848901	0.0236925282	0.0019552362	0.1078140198	-0.0131147942	-0.0220893665	-0.0002442974	-0.0224145097	0.0215372274	0.0704711137	-0.0867058319	0.1151127983	0.1244875844	0.0865007753	-0.0001782281	0.0335545069	-0.0936648044	0.081862094	0.0300094627	0.0327386716	-0.0648186308	-0.1935894036	0.0771632402	-0.0604027656	-0.0629541271	-0.0560691191	0.0096839714	-0.1094230837	-0.0287576717	0.1044102912	0.0469575846	0.1076793656407346	0.0280489438478355	0.000786743250979	0.011594845784791	0.0453446870978098	-0.0250495035432294	0.0020561406479982	0.0006274776277622	-0.1103905026381397	-0.00426684510888	1.8205967183173956e-05	0.0121860630727011	0.0009327332596104	0.0004487386820642	8.699913335834417e-07	2.0136640478080488e-07	-0.0012358247927144	-6.081732924870004e-05	1.5272629182875896e-06	3.698747536944785e-09	0.0003770766276313	0.0003872922836597	1.4999531298240685e-07	1.421867831057941e-07	0.0	0.0
193.4316691806993	0.1079064356088963	37415.81064203149	0.0116437988458168	286.9765178722677	-0.3920878153913349	82355.52181009199	0.1537328549783495	179.81737701051833	-0.0451309869600891	0.0020368059839917	32334.289074942884	195.6856195618003	201.06591128749588	1.255666	25.80479	0.1058262907183029	0.0608592538775671	-0.0319442158	0.1105335191	-0.0577940308	-0.1128563176	0.023620836	0.021312532	-0.0338048175	-0.0604393813	0.1032321999	0.057189697	0.0231735016	0.0463520546	0.0708846246	-0.0366831916	0.0059128003	0.1550555618	-0.0545500024	-0.037403534	-0.0122967978	0.049124302	0.0390904156	0.025321037	-0.0241136655	0.0453763836	-0.0638119411	0.0018722707	0.1290991979	0.0995912588	0.0625304463	-0.0782673176	-0.0694119413	-0.0302708286	0.047057067	0.0698652218	-0.0768400589	-0.0470146752	0.0826965618	0.1230012267	-0.1289621057	0.0304471658	0.053164062	0.0051792225	0.0106045796	-0.06804485	0.0645872311	-0.0713375131	0.1110845201	-0.0012713137	-0.0462364072	0.0433388358	-0.0425445699	-0.0536197604	-0.064220373	-0.0387068706	-0.1370396981	-0.0927658112	0.0566408163	0.0923142992	-0.2113417093	-0.0020318708	0.1486767308	-0.1036099187	-0.0526390557	-0.0503897092	0.0098105155	-0.0085020114	-0.1034645115	-0.1075945961	-0.0216180674	0.1268174725	0.0271697017	0.0583729546	-0.0511022239	-0.006104562	0.0138832479	-0.0060425158	0.0143365182	0.0383617214	-0.0365297281	0.0300284897	0.0131246814	-0.0027823033	0.1273552763	0.046682961	0.0783541434	-0.0388804556	0.0510401836	0.0531314524	-0.0900846641	0.0748510552	-0.0074468724	-0.0726972298	0.0712610069	-0.0760335898	0.1350078981	0.0111193054	-0.013300691	-0.0383980833	0.0019615737	-0.0524946305	-0.0327781642	0.0375131722	-0.0310944053	0.0260829445	0.1337487459	0.0140023737	-0.0839277452	0.0542849482	0.0453929783	-0.0542276489	-0.0130714279	-0.0834401755	0.1321880766	-0.276896723	-0.0465877195	-0.0131843099	0.0364031623	-0.0300904656	0.0087490396	0.0450623279	-0.0212912566	0.0451838896	-0.1660313771	-0.0026316551	0.0284716496	0.0891546756	0.0603255949	0.0633981451	-0.0201337723	0.1321379904	0.0299869305	-0.0650490449	-0.0225867795	0.0655878976	0.0621232939	0.0712844606	-0.0607840113	-0.098064529	-0.1399884563	-0.0561594301	0.0672970101	0.0860047674	0.0260047412	0.1453770511	0.052788228	-0.0416968837	0.0289796286	0.0442808117	0.007535757	-0.1100889337	-0.0224686191	0.1070412087	0.0369880768	0.1053235978085922	-0.0023557678321424	5.549642078956928e-06	0.011093060255346	0.0327931329846649	-0.0125515541131448	0.0010753895709499	0.0001575415106552	-0.0730335356927653	0.0373569669453743	0.0013955429793577	0.0053338973357864	9.28219269166755e-05	-0.0008399113326937	8.615910116524649e-09	7.054510467873482e-07	-0.0011749746138232	6.085017889119991e-05	1.380565343128978e-06	3.702744271091031e-09	0.0005475551525992	0.0001704785249679	2.9062927475230906e-08	2.998166451379333e-07	0.0	0.0
193.325701889203	-0.1059672914962845	37374.82701095299	0.0112290668670585	287.8084392643647	0.8319213920970014	82833.69771178951	0.6920932026286128	179.6397720805148	-0.1776049300035254	0.0315435111615571	32270.447713139307	195.36650982753736	203.95097658545447	1.155802	23.752523	0.0683286752910797	0.0386793453958868	-0.0859068055	0.0718077361	-0.0791859761	0.0022667805	0.0033991058	0.0539400297	-0.0982334244	0.0425283106	0.1053862253	-0.0062382311	0.0194060479	-0.0878406061	0.0475698751	-0.0684238767	0.0291431222	0.0639700611	-0.0571438007	-0.0388743764	-0.1542095534	0.0219922362	0.0354831846	0.0242368067	-0.0391085924	-0.1055126174	-0.0315981584	-0.0316475641	-0.0876486202	0.1983794119	-0.1572564943	-0.0100645989	-0.0186269291	-0.0356502714	-0.0584411007	0.0818882905	0.0282561958	-0.0155160803	0.1749648168	0.1348657834	0.0238262684	0.0588509706	0.0044108186	0.0682762576	-0.1079360392	-0.0548594227	-0.1019034367	0.0654588243	-0.0577857722	-0.0045333557	-0.1626331946	0.0207526976	0.0075287455	-0.0321988838	-0.0417108639	-0.0106066318	-0.0339476421	0.1456089419	0.1432459386	0.0629785913	-0.0058694264	0.0342687492	0.0315765172	-0.0974485355	0.0097545947	0.1380229114	-0.0605881766	-0.0962536464	-0.3098399909	-0.0457019524	-0.0701892223	-0.0320243899	-0.1091625138	-0.0176865316	-0.1109274353	-0.058985819	0.0123283759	0.0373541836	0.0488136632	0.0045733958	-0.1255851012	-0.0053549637	0.0529991639	-0.0397216898	-0.013441724	-0.0381908792	-0.0972018128	-0.1663682817	0.0096586492	0.0083818055	0.1593975392	0.0484472002	-0.0286621874	-0.1964453193	0.02205735	-0.1212496888	0.0762005067	0.0202774937	0.017855291	-0.010822612	0.0090219799	-0.0931765263	0.1256134711	0.0476935375	0.0769211734	-0.0136386742	-0.0095706476	-0.0021316243	0.0252761163	-0.0193773411	0.0213637742	-0.0364050614	-0.0535465166	-0.1243663971	-0.1339624246	-0.0240874396	-0.1797513381	0.0774458296	0.1557089076	0.0959736083	0.0502828236	-0.04999304	-0.1301449854	-0.0550632898	-0.0499133074	-0.0605257072	0.0185336183	0.0275740241	0.0869102627	0.0458477925	0.0909798212	-0.0347542282	0.1467933567	0.0495767472	-0.1490890396	-0.0220876159	-0.0608550638	-0.012067625	0.0084147121	-0.0935475555	-0.0774076352	-0.0398912574	-0.0580299704	0.0082296197	-0.0524204676	-0.0771066613	-0.0322504658	0.1141456655	-0.0634365824	0.0734695663	0.0053847087	-0.1105891995	-0.0161035399	0.1090283678	0.0266710879	0.0913468238280188	-0.0139767739805733	0.000195350210904	0.0083442422234671	0.0651547444108899	0.032361611426225	0.0042451407192483	0.0010472738941019	-0.0856413138572804	-0.012607778164515	0.0001589560702456	0.0073344346392012	0.0002158596987787	0.000123037771862	4.65954095568311e-08	1.5138293304771584e-08	-0.001174933941491	4.067233220009237e-08	1.3804697668675764e-06	1.6542386065946702e-15	0.0006121269428003	6.45717902011e-05	4.169516089774874e-09	3.746993941020418e-07	0.0	0.0
193.59813249532144	0.2724306061184336	37480.23690567604	0.0742184351500571	288.43121843827817	0.6227791739134432	83192.56776978973	0.3878538994603107	179.65531274421866	0.0155406637038595	0.0002415122283564	32276.031397223014	195.49549927335653	203.6407284270758	1.06555	21.897789	0.101436882928399	0.0638672187025592	-0.0891229456	0.0341429831	-0.062336688	0.0994272861	-0.0526409099	0.0549220301	-0.0212825729	0.1076892301	0.0984031226	-0.0473056367	0.0485779472	-0.0632239477	-0.0187508478	-0.00328794	0.1562093405	-6.03391e-05	-0.0567136157	-0.0196447976	-0.1035074325	-0.0179583869	-0.0068416222	-0.00436516	0.005432189	0.0457240668	-0.0419746249	0.1673435664	0.000900836	0.105978907	-0.0290056881	-0.0366518539	0.0067085547	0.1168500296	-0.0948153406	0.0030441653	0.0226830427	-0.0947368399	0.0700003272	0.0261037415	0.0377622325	0.0123202683	-0.0167682202	0.0480123113	0.0059574711	-0.0740466606	-0.062065239	0.0030116097	-0.0018347989	-0.0228780703	-0.0204765213	-0.0349287438	-0.0121116713	-0.0875801202	-0.1161658002	-0.0354310012	0.1393665941	-0.088840431	-0.0291816068	-0.0205083908	0.1135559741	0.0740825667	0.0213278183	-0.1249168857	0.1037183553	-0.045940547	0.0834724417	-0.1205317621	0.0121528558	0.0183141724	0.1525446946	-0.0975822077	0.0788790433	0.0122852422	-0.064474077	-0.064205052	-0.0267466256	0.0061770361	0.0181294582	-0.0517898193	-0.1363575185	0.0055342239	-0.015914126	-0.0864970581	-0.0185557129	-0.0470224117	0.0487920304	-0.0363803624	-0.005829011	-0.0740206193	-0.0118925962	0.144843412	0.0437922792	0.016916144	-0.0242346719	-0.0681575621	-0.0322300971	-0.0340715429	0.0171017898	-0.0272673411	0.0574472156	-0.168191323	0.0828433666	0.007263876	0.0375494373	0.0256849902	0.0226327674	-0.1196268525	0.0282374311	0.0427091158	0.0367260243	0.1251692297	0.0354993708	0.0659390963	-0.1410442408	0.0480854495	0.0703278604	0.1429807753	0.0857081374	-0.0208025035	-0.0839895096	-0.0519838938	0.0948456037	-0.0277590407	0.0168026747	0.0743078523	0.0277357292	0.0171650946	0.0966934753	0.09752752	-0.0792652195	0.0410198518	-0.0158509541	0.0010240714	-0.0601743457	0.084615372	-0.0648628053	0.027869246	0.025485459	-0.0127496066	-0.0641124202	0.1010843053	-0.1127190896	0.0511486859	-0.0468807615	0.0558076334	0.0723459106	0.127995118	-0.0838507972	0.0189650194	0.0032316354	-0.1109231287	-0.0096839714	0.1103598175	0.0161035399	0.1021270611250457	0.0107802372970269	0.0001162135161802	0.0104299366140388	0.0080624625808383	-0.0570922818300516	6.500330286741779e-05	0.003259528644562	-0.1098597581000859	-0.0242184442428055	0.0005865330415418	0.0120691664498093	0.0001109073049711	-0.0001049523938076	1.230043029595258e-08	1.1015004965945556e-08	-0.0011749615207661	-2.757927509999293e-08	1.3805345752809864e-06	7.606164150410902e-16	0.0006940653608879	8.193841808759995e-05	6.7139043586983285e-09	4.817267251844508e-07	0.0	0.0
193.652676092856	0.0545435975345753	37501.3589579246	0.0029750040320137	287.8136830248261	-0.6175354134520603	82836.71613631508	0.381349986867407	179.78014152885618	0.1248287846375149	0.015582225474079	32320.89928813556	195.60809491430464	204.3586994947638	0.998862	20.527304	0.1679749736653935	0.0891128907383995	-0.0804285922	-0.0057160331	-0.0076005386	0.0852843278	-0.0346884922	-0.0482424599	-0.0182731524	0.1315085099	0.0904172736	-0.0491261193	-0.0092166071	0.0281176533	0.0079492546	-0.1210277668	0.0138156584	0.2425193488	0.0071195247	0.0217061203	-0.0499995384	-0.0435532099	0.0877111868	-0.0406607626	0.029771789	-0.0659955752	0.0097766231	-0.0131124213	0.093213757	0.13683194	0.028780833	-0.0869029275	-0.0592245913	-0.04116417	0.0186005667	0.0835507158	-0.1014565854	-0.0185717104	0.1265362986	-0.1136998582	-0.0348976061	-0.0496153687	0.0809148134	-0.0309910802	0.035589165	0.0544987354	-0.082993131	-0.0891458392	0.1049863268	0.0272020973	-0.0462975578	0.0949077457	-0.1227907725	0.0752304207	-0.0484243837	-0.011298545	0.0040670976	-0.0404906027	-0.0489308435	-0.066301504	0.1168582602	-0.0663866081	-0.0306835432	0.0633546529	-0.0135119585	-0.056815513	-0.0517291047	0.209271443	0.1219270054	0.0414262611	0.0082488393	-0.0173811748	-0.0043288062	-0.1108530431	-0.0495040123	-0.0350436507	-0.0157431113	-0.0522651945	0.1463875106	-0.0095903039	-0.0864617187	0.0545103282	0.110491886	-0.1341355359	0.006513411	0.1148375046	0.023296434	-0.0114104904	0.0762021529	0.0172948148	-0.0794069185	0.0169056786	0.1104964376	-0.1137989652	0.0993346264	0.1203548332	0.1870308343	0.0898566303	-0.0597055869	0.0385281903	-0.0185766101	-0.0217822635	0.0158812863	-0.022178343	-0.0529077705	-0.0526989065	-0.1405744552	-0.0764904909	-0.0701115169	-0.0049157265	0.0716659507	0.0502972802	-0.0880442916	0.0462305076	0.0071363468	0.0496083167	0.1263306171	-0.0491486857	-0.0658021042	0.0436014241	0.0171340949	0.0078924674	0.0175606316	-0.0663330708	0.0044880887	-0.0557495283	0.0433366642	-0.0608805475	0.0950409553	0.1182369957	0.0393224546	0.1416016513	-0.0342599694	-0.007852342	-0.0445057556	-0.0586351806	-0.052274246	0.0410098426	-0.015942116	0.0270479478	0.005107449	0.1138790713	0.0881339252	0.1759030316	0.024006712	0.0607027192	0.0857745424	-0.0004817288	-0.0562919168	0.020025522	0.0010773469	-0.1110902189	-0.0032316354	0.1110275503	0.0053847087	0.1103544294342668	0.008227368309221	6.768958929557553e-05	0.0121781000957625	0.0889027072005035	0.0808402446196652	0.0079036913475784	0.0065351451501673	-0.0890309769283987	0.0208287811716871	0.000433838125098	0.007926514852825	-0.0005568386501479	-0.0006677459551189	3.1006928229853535e-07	4.4588466057778556e-07	-0.0014497554367616	-0.0002747939159955	2.101790826419818e-06	7.551169626814198e-08	0.0009130970810698	0.0002190317201819	4.7974894445842175e-08	8.33746279458189e-07	0.0	0.0
193.74207149366768	0.0893954008116679	37535.99026665744	0.0079915376862787	287.8036224119373	-0.0100606128888216	82830.92507343297	0.0001012159316987	179.89021179983945	0.1100702709832717	0.0121154645543308	32360.48830139109	195.8165459331009	205.25726727289	1.115078	22.915625	0.1206404580296341	0.0621220277379737	-0.0590435963	-0.0498019431	-0.0019988988	0.0779218109	-0.0716311154	-0.027791512	-0.0493114122	0.2194022024	-0.0612181876	-0.0310184384	0.0209236779	0.0751361201	0.0988992031	-0.0038334862	0.1437007934	0.0313357542	-0.0331730762	0.022575289	0.0507071754	-0.1367398824	-0.0138638362	0.0700943047	-0.011113152	-0.1052271952	-0.0197374661	-0.0097772441	-0.0083898484	0.1121093189	0.0193463865	-0.0447994528	0.0046036665	-0.070061404	0.0057551707	0.0721816071	-0.088185078	0.0208552394	0.1186193528	-0.0564621125	0.0306524443	0.099092219	0.0139351102	-0.0137892131	-0.0790464066	0.1317635667	0.121840006	0.046577318	-0.0770808801	0.1144105758	-0.0209178387	0.0248213178	-0.0866182778	0.0582099896	0.1033834389	-0.0063171712	0.0776078947	-0.0480357829	0.1034671967	-0.093256594	0.0177865851	0.0390324785	-0.039576216	0.1387755773	-0.0105854139	-0.0668231525	-0.01137684	0.0903139139	-0.0515639807	0.0292653111	0.0516202462	-0.0526336947	-0.1642789284	0.0524481419	-0.0096359401	-0.0018981679	-0.1092406172	-0.126661902	-0.0073849022	-0.0749731342	-0.0345285846	-0.0333351217	-0.020508581	-0.1772854532	-0.0306466203	0.0619862547	0.0148358519	-0.087496296	0.0253090325	0.0818514561	0.0004573567	0.143946698	-0.0031689721	-0.1186112435	0.1389316633	0.056315108	0.0494510422	0.0129325099	0.022875393	0.1204844443	0.0342070294	0.073451165	0.0406933627	-0.093120075	0.1192405264	-0.1051898724	-0.081811038	0.167612737	0.0121052209	-0.0530712201	-0.0731936125	0.0086143241	-0.0416210351	0.1198908687	0.0227627343	0.055816551	-0.0795368587	-0.0835307437	-0.114486479	-0.1218253288	-0.0547662483	0.0277407442	0.0803611464	0.0222646691	0.1043042474	-0.0834943244	0.0410595096	-0.0892392413	0.0271869631	0.0727811688	-0.0330773373	0.0716211305	-0.0068645664	0.1064963893	-0.0658409919	-0.0142559479	-0.0746885548	0.1533177954	0.0087512575	0.0410141688	0.0804386397	-0.0494596853	0.0746302723	0.1689321066	0.0673084407	-0.0093802198	-0.1081359387	0.1653502595	0.05452275	0.0167910454	-0.0010773469	-0.1110902189	0.0032316354	0.1110275503	-0.0053847087	0.1265536858115297	0.0161992563772629	0.0002624159071762	0.0160158353924833	0.0354655476472203	-0.0534371595532832	0.0012578050699172	0.002855530021123	-0.0927874850025602	-0.0037565080741615	1.4111352911240556e-05	0.0086095173731003	-5.902763521066848e-05	0.0004978110149372	3.484261718563749e-09	2.478158065928365e-07	-0.0015760375031759	-0.0001262820664142	2.483894211416925e-06	1.5947160297865672e-08	0.0012339546802168	0.0003208575991469	1.0294959893037689e-07	1.522644152828945e-06	0.0	0.0
193.72430537782537	-0.0177661158423063	37529.10649412094	0.0003156348721222	286.9902100615871	-0.8134123503501769	82363.3806711939	0.661639651702199	179.83983594501777	-0.0503758548216808	0.002537726749015	32342.366592730905	196.0500011563749	208.57622211568005	1.146511	23.561598	0.0670910437936581	0.0330124847691463	-0.0418715721	-0.1025641768	0.0404934772	0.0194747012	0.0099054258	-0.0725919169	0.0500273638	0.0631212453	-0.0063890044	0.0500102836	-0.1585677378	-0.0007687846	-0.0381756671	0.0590735909	0.05137335	0.1212738621	-0.0876956181	0.0763056213	0.0025643496	-0.0447014501	-0.1177806695	0.0687291551	0.0571330368	0.043656274	-0.0932761865	0.0925881186	0.0115747584	-0.0195352117	0.0105858059	0.0588198393	-0.1129057547	-0.1745386093	-0.0357039975	0.0389065374	-0.0421838605	0.0890619369	-0.000378043	-0.0522866293	-0.194866339	-0.0056140847	0.0236473047	-0.0384300541	-0.0070854975	0.0010667377	-0.0327976492	0.016642162	-0.0991626262	0.1360988001	0.062531251	-0.0139471728	-0.0436573357	0.1923764093	-0.0528753315	0.0480762042	0.2343015286	-0.0073203073	0.002845038	0.1535290724	-0.0188834297	0.0102977832	-0.0799498846	-0.0214243996	0.0510998314	-0.0285198405	0.0449270108	-0.0991052437	-0.0316147461	0.1509951561	0.0491574636	0.0144748016	-0.07103477	-0.0039757679	0.0597768057	0.0528938922	-0.1489062677	-0.0276550699	-0.064114399	0.0159193761	-0.0619889649	0.1036325798	-0.0269388884	-0.0174545261	0.096338337	-0.094970212	0.0767863374	-0.0767255785	0.0271148642	-0.1085040139	-0.1118566864	-0.1191555483	0.1216631135	-0.1459928557	0.0885335183	0.0522841789	0.0290576578	-0.0331482698	0.0364603084	-0.0211579829	-0.1064395069	0.1437302508	0.0417106863	0.1140024206	0.0038670791	0.1397050942	-0.0376759384	-0.0122633435	-0.0116760289	-0.0744862031	-0.1323219459	0.0379060713	-0.0542921874	-0.0938301467	-0.1029783741	0.0435248721	-0.0478820055	0.0377767248	-0.1782130108	-0.112298383	-0.1530831316	-0.0580126315	0.0555749526	0.0269939182	-0.0021373126	-0.0427217074	0.0576545926	-0.0896003688	-0.0038475176	0.1524028297	-0.0374284183	0.1172626293	0.0245627641	-0.0152691778	-0.0479458655	-0.014822257	-0.1154233155	0.089889277	0.0900460748	0.000108823	-0.000414819	-0.0206254449	0.1565417679	0.1078427018	-0.0765281327	-0.1739268985	-0.0457961666	-0.0211991673	0.0062408868	0.0118873081	-0.0032316354	-0.1109231287	0.0096839714	0.1103598175	-0.0161035399	0.1368155659063177	0.0102618800947879	0.0001053061830798	0.0187184990742659	0.0111947977623003	-0.02427074988492	0.0001253234969388	0.0005890692999763	-0.0800116031719966	0.0127758818305636	0.0001632231565485	0.006401856642153	-0.0002146764819619	-0.0001556488467512	4.6085991907537987e-08	2.422656349498836e-08	-0.0013366330973356	0.0002394044058403	1.7865880368929593e-06	5.7314469535747115e-08	0.0012333572931406	-5.973870762000528e-07	3.5687131881084773e-13	1.5211702125431077e-06	0.0	0.0
193.6237661391048	-0.1005392387205859	37490.16281389074	0.0101081385225149	286.67893137552466	-0.311278686062451	82184.80969461278	0.0968944203967659	179.8554380687568	0.0156021237390291	0.0002434262651679	32347.97860290441	195.83137285509497	210.1042929267828	1.171356	24.07217	0.0623339412822005	0.0315789181866897	0.0364625364	-0.1430434723	0.0181993398	-0.123903895	0.0348098177	-0.0516034193	0.0441433508	0.0178282862	-0.1107157923	0.0265107719	-0.1591017461	-0.0388211052	-0.0880376951	-0.0086110592	-0.0449466176	0.075468523	-0.0374777757	0.0896052578	0.1125468698	-0.0396723016	-0.0792448441	0.1402769271	0.0591263963	0.1025104217	-0.0792857832	-0.005698381	-0.0080791005	0.0092742753	0.0481581832	-0.0921809657	-0.0369897902	0.0765703988	0.0984008055	0.1015194772	0.0364981942	-0.0765250285	-0.0357187344	0.0504596366	-0.0139941513	-0.0933995642	0.0374978129	0.090207077	-0.1689975567	0.0023538832	0.0931010425	-0.136607461	0.0821991329	-0.0182611662	0.0296563752	0.11045264	0.097439939	-0.0077250538	0.0572417866	0.0361280806	0.0707246563	0.0754743421	0.0568419494	0.0112623125	-0.0268078116	0.0068825455	0.0116024653	-0.0456546815	0.0937892588	0.1109463976	-0.0757370876	0.031874696	-0.0211573312	0.2023266342	-0.1127980215	-0.1038663191	0.0737487698	-0.0823299239	0.0075793241	0.0877020047	-0.0599851181	-0.0477673832	-0.0381718442	0.0929391549	0.0444495138	0.0797069169	-0.0606626792	-0.124879169	0.1397584284	-0.0273842993	-0.0204657429	0.0817667862	-0.0346555903	-0.0524677947	-0.0262609433	0.0440700404	0.0150365215	-0.0023854137	0.0276874527	-0.0329076171	0.0484773799	0.1069319829	-0.1270495456	-0.0225994709	0.0893057428	-0.0314174111	-0.0915952494	-0.1125714376	0.0374444533	0.0116273228	0.0784532385	0.1721767498	0.0279266478	-0.0614127931	-0.0672522258	0.0712223378	-0.0736961167	-0.1742754003	-0.1093169664	-0.0267509258	0.0350825416	0.0468012199	0.0956499258	0.0265310635	-0.0374106791	-0.1215137337	-0.0563514679	0.1092423663	0.0199861166	-0.0883088459	0.057979961	-0.0803591528	-0.0532014352	0.136183758	-0.005245809	0.088369674	0.0860975749	-0.0790856406	0.0534095772	-0.1655207927	-0.0194241593	-0.0851482763	0.022107591	0.1530401888	-0.0893727035	-0.0888474144	0.0373760189	0.1536826642	-0.1546172007	0.0119295581	-0.052756278	-0.0254110084	0.0991432549	-0.0065988164	-0.0053847087	-0.1105891995	0.0161035399	0.1090283678	-0.0266710879	0.1448690611513257	0.008053495245008	6.48587856613666e-05	0.0209870448788665	0.0226569791335009	0.0114621813712005	0.0005133387034558	0.0001313816017862	-0.0813643757445135	-0.0013527725725168	1.829993632953984e-06	0.0066201616402943	-0.0007439713108275	-0.0005292948288656	5.534933113343886e-07	2.801530158638648e-07	-0.0014330365125225	-9.640341518690016e-05	2.053593646222649e-06	9.293618459697853e-09	0.0014369688909576	0.000203611597817	4.1457682765591825e-08	2.064879593579915e-06	0.0	0.0
193.6084087471453	-0.0153573919594691	37484.21593760169	0.0002358494877967	287.3670906766064	0.6881593010817255	82579.84480393691	0.4735632236652889	179.72953778502784	-0.1259002837289529	0.0158508814430308	32302.706752419752	195.8262423670549	208.631438317753	1.216787	25.005798	0.1385751708840905	0.0833856153934901	0.0889958797	-0.0864419854	-0.0900710531	-0.0738424187	-0.0152584735	0.0252806611	0.0767527911	-0.0028526075	-0.1467145432	0.0857827249	-0.0914249487	0.0030082091	-0.0648785038	-0.1097542704	-0.0341462253	0.0520061747	0.0070390795	0.0289751058	0.1243945648	-0.0293176757	0.0037881794	0.1383153446	0.1732515561	-0.1819551232	-0.1788241136	-0.0886844756	0.0434265458	0.057008961	-0.0543646056	0.0203100627	-0.0678742581	0.0533964908	0.0585610628	0.1064219496	0.117717174	-0.0863980988	-0.0464509156	-0.0314419904	-0.0724243962	0.0251372261	0.1501281522	-0.0128311961	-0.1507107408	-0.0464693252	0.0707689296	0.0297045579	0.0588540119	-0.0999324725	0.0457191184	0.0472336236	0.0332567887	0.0983081128	0.0249848511	-0.0982007345	-0.217895864	-0.0190662643	-0.1020228765	-0.022043378	-0.0849568541	0.081287667	-0.1461792447	0.0663908626	0.0072495628	-0.0845294906	0.0551943626	0.0576260317	-0.0905793439	0.0240235541	0.045299942	-0.0590214289	-0.0048781499	0.1066457459	0.0574591314	0.01794318	-0.0418053379	-0.0265576894	-0.0725713847	0.1192603155	0.1248612032	-0.0148955909	0.1395173636	-0.144190181	0.0797239227	-0.1040900043	-0.0744029348	-0.0475861626	0.0678452939	-0.0535532844	-0.0082168035	0.1351338144	-0.0013061819	-0.0413712902	-0.0305202213	0.0407366111	-0.0124715502	0.1621688094	-0.0994920255	0.0623161601	-0.0554710095	0.0536955727	-0.0674779489	0.0382439826	0.0366209559	0.0229558033	0.1520522554	0.0985240761	-0.0131969051	-0.0063931919	0.2415751449	-0.1636171685	-0.0999156222	0.0624682329	-0.0259185096	0.0766349642	0.0003127123	-0.078393364	-0.0953242981	0.1448417571	0.0082258992	-0.0198588289	0.0230153978	0.1563984255	-0.0237016406	0.0628692116	0.0397913524	-0.0445990485	-0.129817513	0.0936983238	0.1179113281	0.0233166591	0.0071547777	0.0139238701	-0.1214946676	0.0513844302	-0.0492312778	0.0880264704	-0.1607183936	0.1152272906	0.0483210012	-0.0252213384	0.0056369157	0.1497812938	-0.1284998683	-0.0979048515	-0.0721978183	0.0329364853	0.113380527	0.0056547742	-0.007535757	-0.1100889337	0.0224686191	0.1070412087	-0.0369880768	0.1555908040947429	0.0107217429434172	0.0001149557717447	0.0242084983188486	0.0908941526529929	0.068237173519492	0.0082617469865055	0.0046563118499292	-0.0994505551426385	-0.018086179398125	0.0003271098852211	0.0098904129181789	-3.53844942555736e-05	0.0007085868165719	1.2520624337227212e-09	5.020952766195369e-07	-0.0014320284818059	1.0080307166000953e-06	2.050705572703311e-06	1.0161259256093016e-12	0.0015579755441302	0.0001210066531725	1.4642610112033875e-08	2.427287796107793e-06	0.0	0.0
193.54536526070788	-0.0630434864374365	37459.80841390083	0.0039744811821872	286.83054515074144	-0.5365455258649376	82271.76163147153	0.2878811013256824	179.54699404955352	-0.1825437354743257	0.0333222153609206	32237.123072230406	195.7042980644441	205.19800714867063	1.226986	25.215405	0.1004361034256828	0.0459169984715585	0.1118623097	-0.0108252988	-0.1146513312	0.0801399499	0.0065303806	0.0303472469	0.1007627182	-0.0846996717	-0.1119138858	0.0733662177	0.0512107485	0.0780567163	-0.0529184686	-0.0090163244	0.0660337655	0.0505907694	-0.018263002	0.1038289992	0.0364437844	0.0480322372	0.0654556218	0.1027071366	0.0324740308	-0.1116280964	-0.0599167231	0.0261666565	0.0186240003	-0.0372902259	-0.1379055373	0.0335834512	0.073190643	0.0837103847	-0.052114461	-0.1121401498	0.0811730527	0.0155988966	-0.0146428824	-0.0302681102	-0.0712230818	0.0447743202	-0.0012101587	-0.0183142092	0.1921671184	0.1415591919	0.051606579	-0.113828151	0.0278880335	0.0228864764	0.1453320393	-0.0159104127	-0.2017961309	-0.0886810532	0.0902663836	-0.1077540129	0.1102999342	0.064855566	0.0363169207	0.1571362661	0.1235648297	0.1526890689	-0.0981262261	0.0522448801	0.0285530111	0.0142704491	0.092718041	-0.0068566515	0.0939801456	-0.2653779118	-0.047915293	0.0975268237	-0.0297842532	-0.1164108872	0.0485953309	0.0194553219	-0.0192097419	0.0800936806	-0.0761568307	0.1806944798	0.0858920363	-0.1037291054	0.0580615438	-0.1116768149	-0.0709988289	-0.0658258996	0.0336690527	0.0045399863	0.0504607472	-0.0451759673	0.0473259133	0.0885103617	0.0619527338	0.1174224285	-0.0195219433	0.0241388904	-0.0879113129	-0.0467510566	0.0302220019	0.0152607135	-0.1012011292	-0.03963637	-0.081770141	0.0706410503	-0.0597866241	0.1673927485	0.0148374879	-0.0513787151	-0.1476157809	0.0960608434	-0.0176134391	0.1908508313	0.0829879436	0.0608022023	0.177680417	0.0825010248	0.1616752658	0.0465966049	-0.0914948898	-0.0874154301	-0.153731763	0.104900584	-0.0775058036	-0.048537462	-0.077782098	0.0934353993	0.0359257658	0.0509883716	-0.1225238693	-0.0122347662	-0.0227759648	0.1545822637	-0.1449513778	0.0211490079	0.0435843163	0.0669615363	-0.0649215489	0.0192537937	0.0193371763	-0.1535090152	0.0270188303	0.1033423167	0.011677685	0.0297344594	-0.1468386163	0.0384978289	0.0113930384	-0.0582656512	0.1164892397	0.09345046	-0.0096839714	-0.1094230837	0.0287576717	0.1044102912	-0.0469575846	0.1322508004858065	-0.0233400036089364	0.0005447557684651	0.0174902742291366	0.0981326843486414	0.0072385316956485	0.00963002373747	5.2396341108908e-05	-0.1317062689523851	-0.0322557138097466	0.0010404310733762	0.017346541281358	-0.0003170282325088	-0.0002816437382532	1.0050690020765376e-07	7.93231952972519e-08	-0.0015776973404331	-0.0001456688586272	2.489128898009677e-06	2.1219416373751177e-08	0.0012332510547836	-0.0003247244893465	1.0544599398141008e-07	1.520908164124862e-06	0.0	0.0
192.9259567749341	-0.6194084857737892	37220.42479752374	0.3836668722485783	286.51053504905434	-0.3200101016871031	82088.2866940954	0.10240646518179	179.39713470474155	-0.149859344811972	0.0224578232274735	32183.331940271182	195.23974398733395	204.05940435114752	1.32477	27.224943	0.069674705143287	0.034773668194122	0.1118399817	0.0379233215	0.1186008797	0.0853617966	0.049662183	0.0259467591	0.0897826372	-0.1317349316	0.0456532804	0.165716713	-0.0482751224	-0.0045064773	0.0532054529	-0.0007952429	-0.1283822558	0.0918872921	-0.0799913474	0.1037654659	-0.0031569484	0.099625639	0.0881173679	0.0816110443	-0.0424124599	0.1248109666	0.0539189268	0.0553674948	0.0340375316	0.0167151168	-0.0873893794	-0.070538308	0.0431987486	-0.0698866047	0.0956188114	0.0611565135	-0.0713514302	0.0637650468	-0.0933673731	-0.0173093404	0.1633472884	-0.2283296145	0.036310993	-0.0407927576	-0.0691664336	0.0212562127	-0.1555069009	1.55322e-05	-0.0095391235	0.0317601226	-0.0343928735	-0.0254392797	0.0524323258	-0.0381247872	0.1206968284	-0.0633956442	-0.0496932336	-0.0607163089	0.0199127844	-0.0379322742	0.0314673932	0.1723462048	-0.0573806273	-0.1430280956	-0.008712247	-0.0401391605	0.0463632942	0.0658083554	-0.0241898721	0.0856077814	0.0369962742	-0.03044949	-0.0687018423	0.0813289599	-0.1040153772	0.0188163481	-0.0036734231	0.1136009196	0.0561135189	0.2093492768	0.0354087519	0.0426230441	-0.1649079363	-0.0379713499	0.0325098405	0.0088816124	0.0388911336	0.1292608739	-0.0405323175	-0.0248300931	0.0757196923	-0.1032007844	-0.0350019007	0.0071049055	0.1289901785	0.0216735756	0.1060810831	0.0709779586	0.0576548235	-0.0304977519	-0.0391091717	0.0595396011	-0.008231774	-0.0137833315	-0.0598514245	-0.1033425207	-0.0739318834	0.0444359002	0.0235819783	0.070400982	0.0465661671	0.0078800617	0.0374902816	0.0552280461	-0.1356201164	0.0317271694	0.0183592193	0.2349135264	0.0718506558	0.0118214355	0.0270768627	-0.0663120893	0.0614839068	0.0603755666	0.0464817364	-0.055566263	0.0355034384	0.0677911935	-0.0455946777	0.0475507101	0.1378985755	0.0371806565	0.1356014086	-0.0306749439	-0.0155187988	0.0035650248	0.0509956588	-0.1554599276	0.0985203147	0.073533529	0.0407597686	-0.0251539987	0.0327344073	0.1714549806	0.0050939478	0.0341829271	-0.1544621022	-0.029976064	0.0289047444	0.0560388173	-0.0118285441	-0.1085926509	0.0349494174	0.1011514379	-0.0564859537	0.1525741920307979	0.0203233915449913	0.000413040243891	0.0232788840738507	0.0822473767652667	-0.0158853075833747	0.0067646309847677	0.0002523429970184	-0.1109195876225541	0.0207866813298309	0.0004320861207079	0.0123031549183574	-0.0003169226939479	1.055385609000049e-07	1.004399939391943e-07	1.1138387836844044e-14	-0.0015142266929184	6.34706475147e-05	2.2928824775465946e-06	4.0285230959352934e-09	0.0014232613624098	0.0001900103076261	3.610391700420312e-08	2.0256729057286e-06	0.0	0.0
193.5119223970202	0.5859656220860927	37446.86410979036	0.3433557102667416	286.8539180121753	0.3433829631209733	82285.1702789358	0.1179118593617396	179.63932188662434	0.242187181882798	0.0586546310683315	32270.285967886237	195.7127007856137	204.1823856318395	1.38286	28.418728	0.1421806961306981	0.0962597189040407	0.0622208014	0.0976688897	0.1562632857	-0.0679275875	0.0240534591	0.0510257807	-0.0329723857	-0.0930108976	-0.0778897637	0.0520009845	0.1928313293	-0.1062353093	0.1178058468	0.0132706503	-0.0116166128	-0.0897827583	-0.0492150444	0.0640899777	-0.0130866635	0.0436786741	0.092916838	-0.0194068793	-0.123135937	0.1051282102	-0.0075333392	-0.023016064	0.0905425825	-0.0559116619	0.0993266685	-0.0554186225	-0.0916623461	-0.0496005974	0.0254274992	-0.00406162	-0.0727648972	0.1108508144	0.0124766619	0.0734959465	-0.0193900603	0.108424698	-0.0975231123	0.003496378	-0.0515246261	-0.0559054397	0.133403837	-0.0217487542	0.0451511922	0.0706443938	0.0469961341	-0.0483664303	0.0557404665	0.0331826054	-0.0235607041	-0.0903570075	-0.0654443227	-0.01038886	-0.007610978	0.037292746	0.0944492301	0.0130778528	-0.1213309475	0.1033056999	-0.0078624403	0.0291972652	0.1336823121	0.0685910359	-0.0135909959	-0.0021616182	0.0486800525	-0.010184086	0.0650656337	0.0058956075	0.0122404106	0.0052708662	0.0373839697	0.0719247063	-0.0871514421	0.0281967326	-0.037056441	-0.1754346029	0.0346551404	0.0828846562	0.0521009933	0.0428588906	0.1643041272	0.111406584	-0.0465204232	0.0209439216	-0.0951955909	0.0267825777	0.0134338554	-0.089260475	0.027329854	-0.0384446627	0.0176303977	-0.1467227923	0.1728759544	0.0758532096	-0.0219875464	-0.0100474867	0.014911297	-0.1235276712	0.0070754921	0.0531489488	0.1353808227	0.0572247618	-0.0447249256	-0.0174493574	-0.0173223217	-0.0545920815	0.0076704921	0.053840551	0.0036561865	0.0793115457	0.1556988608	-0.0028664053	-0.0129437945	0.0298436952	-0.0153477493	-0.0982750355	-0.0839683584	0.0345631509	-0.0578050921	0.0554038831	-0.0125989077	0.1155380813	-0.0210388241	-0.1117443014	-0.0927039711	0.0028896872	-0.192127134	0.0864701696	0.1466692432	0.170040424	0.1502316707	0.1238662693	-0.0419664078	-0.0138074278	-0.0660650002	0.0659866434	0.0108800384	0.0555923545	-0.1377105991	-0.0688634983	-0.0414711727	-0.0112395508	-0.0606526456	-0.0110110107	-0.0139686685	-0.1075988845	0.0410229053	0.0972842479	-0.0654836707	0.1637949419078381	0.0112207498770402	0.000125905227803	0.026828782994592	0.0821504154450991	-9.69613201675934e-05	0.0067486907578023	9.401497608642554e-09	-0.2027237920457594	-0.0918042044232053	0.0084280119497776	0.0410969358614123	0.0001051283097178	0.0004220510036657	1.1051961504121683e-08	1.7812704969522475e-07	-0.0013739156582166	0.0001403110347017	1.8876442358927528e-06	1.9687186459089723e-08	0.001642074934248	0.0002188135718382	4.7879379220591136e-08	2.696410089685573e-06	0.0	0.0
193.36926729789224	-0.1426550991279498	37391.673535323695	0.0203504773072051	287.1807320009906	0.3268139888152745	82472.77283262477	0.1068073832853504	179.92809622442542	0.2887743378010725	0.0833906181724479	32374.119810946093	195.7959725941357	203.1204915979748	1.365508	28.062119	0.1843344242681474	0.1162790705438946	-0.0370855999	0.0945139935	-0.0429177135	-0.1251683394	0.0609259828	0.0449783508	-0.0198198097	-0.064238139	0.0787170754	-0.073268868	0.0805355264	-0.0580764006	-0.0100114503	0.0364796049	-0.0584035446	0.010325751	-0.0546759404	-0.0519448582	-0.0789128272	0.0835647112	-0.0547189406	-0.1861923069	-0.0482819828	0.0901776293	0.1295599834	-0.0500785204	-0.0297959431	-0.0835946919	-0.0442164647	-0.0462133348	-0.0248111639	-0.0416617032	-0.0578093256	0.1102225278	-0.031100306	-0.0268850623	0.0160382558	-0.126791624	-0.2461116599	0.0441465148	0.0230990537	0.1481247363	-0.0252626536	0.0164758685	-0.0695824883	-0.0181048936	-0.0896373741	-0.1421932653	0.0535951035	0.0108024486	-0.0001001871	-0.0184107107	0.0471502644	0.093162308	0.1031836122	0.0247837675	0.1048185329	-0.0695112591	-0.1331807163	0.0672431406	-0.0403617229	-0.0504725335	0.0442993872	-0.0881896624	-0.0133567868	0.0319809987	-0.0366393597	-0.0962383428	0.1237645421	0.1161197972	-0.0489633296	-0.0447775095	-0.0608912194	-0.0083724948	0.0456050584	0.0413853159	-0.0134855579	-0.0826797702	-0.1010023704	0.0913591525	0.0166209275	0.1832223264	-0.0702472286	0.0759259405	0.0005320316	0.0482948526	-0.0302567809	0.0565233467	0.0627276978	-0.1187661162	0.1513020721	-0.0313498536	0.0709087204	0.0259158093	0.0574396139	-0.0051183836	-0.0435296126	0.0141316611	0.0333635136	-0.0822417722	-0.1096700694	0.2103501347	0.0108404855	0.047498271	0.0382980369	0.1324981785	0.098590958	-0.0680716233	0.0188397046	-0.0037772728	-0.0242672641	0.0720125521	-0.1096347416	-0.1429274876	-0.0629842029	0.0397868173	-0.1055569816	0.0032753582	-0.1756309421	0.1094173849	-0.0164172479	-0.061249338	0.0727593526	0.1111674369	0.0182993342	0.1052388675	0.0574158443	-0.0004396906	-0.1648602543	-0.0890493057	0.0518448281	-0.0794082884	0.1138303603	-0.0712456104	0.0919446011	-0.0641751405	-0.0475511821	-0.175660018	-0.191752178	-0.0697627941	0.0295746935	0.0209113893	0.0785168395	0.1465668041	0.0110160236	-0.0811031354	-0.0532894736	0.0866890691	-0.0161035399	-0.1064432791	0.0469575846	0.092831979	-0.0738662073	0.1550714452142614	-0.0087234966935767	7.609939456284399e-05	0.0240471531208396	-0.024429276239573	-0.1065796916846721	0.0005967895375893	0.0113592306795997	-0.1752852737838708	0.0274385182618886	0.0007528722844079	0.0307249272054865	-0.0003176528627505	-0.0004227811724682	1.0090334121358799e-07	1.787439197936704e-07	-0.00137419656023	-2.809020134000254e-07	1.888416186147964e-06	7.890594113218808e-14	0.0012332826561695	-0.0004087922780784	1.6711112661660965e-07	1.5209861100084974e-06	0.0	0.0
193.4807292277776	0.1114619298853654	37434.79258251259	0.0124237618137701	287.9885524968726	0.8078204958820265	82937.40636924395	0.6525739535670833	180.00649701961316	0.078400795187747	0.006146684686071	32402.338969272	195.8338728345921	203.394843089822	1.118059	22.976885	0.2660040770459522	0.1635961314371132	-0.0775734288	0.0658674349	-0.0663770204	0.0436568498	-0.0120560304	0.0493355808	-0.0515307177	0.0204128846	0.0492100646	-0.1138408582	0.0274311594	-0.1403613089	0.0071648119	0.0083365479	-0.0638515372	-0.0336479064	-0.036893299	-0.0915349029	-0.0187860059	-0.0202949498	-0.0293938711	-0.0719444943	0.0817211574	0.0257754809	-0.0449286051	0.0966156121	-0.0480836113	-0.0103522315	-0.0628051155	0.0123758638	-0.0090797882	-0.1333566198	0.0503621748	0.1173862626	0.0162011052	0.1220753333	0.0143626547	0.0227992647	0.1100380362	0.0348857763	0.0636234712	-0.0387415645	-0.1082434848	-0.0031420713	-0.0328316573	-0.0368013142	0.0824775248	-0.018272278	0.1380116435	-0.0459506172	0.072733598	0.043125691	0.0931786733	-0.0993586422	0.0736990974	0.0617521516	-0.0604710656	-0.0240271527	0.1186703803	-0.0314755654	0.0238802396	-0.0565956015	-0.1315332973	0.016281934	0.0408894536	0.0485624449	0.1291593802	-0.0624632113	0.0213873459	0.1130259714	0.1170473015	0.0094403328	-0.0515792389	-0.0375064273	0.0105650037	-0.0433191414	-0.0296571532	-0.0643262682	-0.0519252877	-0.0027346947	0.0019581072	0.0216284244	0.0030599392	-0.1113265595	-0.0523861242	-0.0290656598	-0.1151441653	-0.0447064733	0.0573279064	-0.0599190477	-0.0957347061	-0.0246644002	0.0883805149	-0.0809142375	0.0262236442	-0.0277400984	0.0243811686	0.2029078267	-0.0938398322	0.0933682994	0.0310193611	-0.0689383638	-0.0512971884	0.0771053619	0.0465866586	0.0904632466	1.7297e-05	0.0396024272	0.0926178904	-0.003027645	0.0418997057	0.0231524131	-0.0027807126	0.1286047911	0.1043047263	-0.0200197397	0.0184256724	-0.0432060238	0.073359872	0.0606803441	-0.1137242794	-0.1257093574	0.0525791681	-0.1062332776	-0.0135087909	0.0476010031	0.0731290435	-0.0458390546	0.0443693982	-0.1686282699	-0.1783746515	-0.0153757708	-0.0346008735	0.0937707323	-0.0137518948	-0.0479774634	-0.0328976656	-0.0332201984	-0.0374904888	-0.0476603549	-0.0691504522	0.0262897323	-0.0779355542	-0.0546664454	-0.159890858	-0.0105948168	-0.1392749276	0.1230104905	-0.0182323554	-0.105127573	0.0527333744	0.0878214077	-0.0815548146	0.1755660398324465	0.0204945946181851	0.0004200284085637	0.0308234343424481	0.1278012345437531	0.1522305107833261	0.0163331555509073	0.0231741284133523	-0.2041100246314968	-0.028824750847626	0.0008308662614277	0.0416609021550702	0.0001749354866165	0.0004925883493669	3.060242447775165e-08	2.426432819321056e-07	-0.0015418389158461	-0.000167642355616	2.3772672424174768e-06	2.81039593965149e-08	0.0018621363671227	0.0006288537109531	3.954569897796107e-07	3.4675518497609267e-06	0.0	0.0
193.6415960142636	0.1608667864859967	37497.06770695127	0.0258781229943312	289.26869711823093	1.2801446213583176	83676.37913247882	1.6387702515926303	179.98990555232282	-0.0165914672903397	0.0002752767868464	32396.36610073409	196.0420328103056	205.10264253851227	1.101067	22.627684	0.1291628823573171	0.0729931855841475	-0.0933119591	0.0128746094	-0.0098133985	0.0828401745	-0.0443606252	-0.0078511918	-0.0412109074	0.0575266644	0.135274546	-0.0817268687	-0.0719632319	0.0443863598	-0.1369107721	-0.0418891799	0.0140185295	-0.1701192238	0.0315610793	-0.0792945009	-0.0057183691	-0.1082611709	-0.0104903726	-0.046626806	0.0502255905	-0.0400312955	-0.0099308535	0.0436852527	-0.0126783967	0.044379509	-0.1224527264	0.0558947316	-0.0155815702	0.0227016306	-0.0341374141	-0.013198602	0.0312051186	0.0427344079	-0.1033546413	-0.0975814303	-0.0399957287	0.0293538799	0.0739880496	0.1157301479	-0.0418246931	0.0411883736	-0.0451723456	0.0559700595	-0.0223708057	0.0320645621	-0.0676235872	0.0053152078	0.0714799472	-0.101011378	0.0016566362	-0.0395363323	-0.0232243967	0.0781435135	0.0058274849	0.0635018357	0.0351419088	-0.0505211962	-0.0238663043	0.15259803	-0.1117050002	0.0958030436	-0.0827135475	0.0534070636	-0.000700331	-0.0643440691	0.0491777623	-0.0354961686	-0.0370825804	0.0686689391	-0.0023416602	-0.0374518739	-0.0339605298	-0.0525329555	0.0850568328	-0.0732751264	0.0270750982	0.0660693287	0.035766777	0.0202232971	0.0048661964	-0.0497778612	0.0078293455	-0.0077068213	0.0192694312	-0.1334362588	0.0821439867	-0.0312451201	0.0672487517	0.0393646158	-0.0461487635	-0.0229813891	-0.0336394956	-0.000853623	0.0001494782	-0.0230239833	0.1083541015	0.0318135053	0.0135222208	0.0284675695	0.1569989081	-0.0318171188	-0.0986163164	0.0522265403	-0.0341223939	-0.0571914712	0.0385276892	-0.0577030775	0.1687728425	0.0367282793	0.1085337084	0.0933366173	-0.0468085513	-0.0758627773	0.0498682987	-0.0193936885	0.0497795936	-0.050705338	-0.1928550125	-0.051744717	0.0079160547	-0.0234529921	0.0257476768	-0.05706833	0.1070924561	-0.0620319238	0.0220424866	0.0697332884	-0.078732718	0.0662238018	0.108835675	-0.0472145631	0.0320336883	-0.0373554049	-0.0019887451	0.0307535329	0.1201320466	0.07000442	-0.084431379	0.003019986	-0.1269896867	0.1215694533	-0.0582226994	-0.0415629976	-0.0909455441	0.0966701268	-0.0203543145	-0.103653745	0.0583307311	0.0822826681	-0.0884772626	0.1683490400383931	-0.0072169997940534	5.208508602736693e-05	0.0283413992818484	0.1385998510616986	0.0107986165179454	0.019209918714325	0.0001166101187016	-0.1419001534818136	0.0622098711496832	0.0038700680684601	0.0201356535581622	-0.0004338507382078	-0.0006087862248243	1.8822646304345305e-07	3.706206675358233e-07	-0.001484838018132	5.700089771409986e-05	2.204743940090166e-06	3.249102340213275e-09	0.0015491755917484	-0.0003129607753743	9.79444469228831e-08	2.399945014069005e-06	0.0	0.0
193.41103635274777	-0.2305596615158265	37407.82898304392	0.0531577575182925	287.8394154013704	-1.4292817168605438	82851.52905860267	2.042846226151824	179.97545838278114	-0.0144471695416825	0.0002087207077661	32391.165620092183	195.9615994428737	206.4185981152729	1.145161	23.533852	0.1733161050578584	0.0892489664947892	-0.0611351339	-0.0529561239	0.0379557591	0.071171754	-0.046554955	-0.0054922768	0.0213248332	0.1269442096	-0.0164668397	-0.0773190038	0.0527562494	0.2187284981	0.0648299146	-0.1171084381	-0.0851265528	-0.0314612523	-0.0152898357	-0.0596079825	0.0232677538	-0.1220112689	-0.1511929652	0.1016107684	-0.0493353786	0.0056278932	0.070523505	0.0262404753	0.0442812645	0.0609070388	0.0344072697	0.0106216726	0.0121664369	0.0724474268	-0.0010843827	-0.0883056039	-0.0531962093	-0.066944692	-0.0767190284	0.0298575708	0.0315228784	0.0332016902	0.0458677547	-0.0361634119	-0.0196687608	-0.0700713902	0.0223088711	-0.1323500564	-0.1427463795	0.0196647547	0.1223540142	-0.1254052559	0.0475309354	0.0473187847	-0.0537596222	0.0609587734	-0.0252338576	-0.0820122976	-0.0353038239	0.0249505583	-0.1003719929	0.0972971455	0.099256414	0.018578287	-0.1680945441	-0.2136216473	0.0379988554	-0.0886371629	-0.01789325	-0.0230076324	-0.0314143114	-0.117450806	-0.0404566737	0.0654340491	0.0144311163	-0.012587042	-0.092813746	-0.0479129636	-0.0414721765	-0.1301347676	0.042948522	0.0841949328	-0.0844633677	-0.1192178816	-0.0050879157	0.1728690669	-0.0064807204	-0.0237714545	-0.004513981	-0.0080640654	0.0224603518	0.0830502774	-0.1395265611	0.1629390029	-0.0236294756	0.0006201861	-0.0108645513	-0.0346378322	0.088958624	-0.0585210102	0.0088341509	0.0752433346	0.0235578602	0.0857277436	0.0259081877	-0.0860878996	0.2113446333	0.0033620424	0.1078661238	-0.0378256163	-0.0605036075	-0.025726357	0.0185444351	0.0218929647	-0.1122193478	-0.0522933853	-0.1655466161	-0.0164392924	-0.0857505568	0.0214695564	-0.0420033893	0.109460552	-0.0010342172	-0.0273897986	-0.0327850993	-0.0424320816	0.0221336313	-0.098446081	0.0364303276	-0.0262573168	-0.0427559007	-0.1343681485	-0.0050355364	0.0586242918	-0.0223669195	-0.0179273294	0.0073863285	-0.0165951816	-0.0483054566	-0.0399771174	0.0456352225	0.0199127857	0.0917756912	0.1418851615	0.0562656325	-0.039593786	-0.135156616	0.0151094317	-0.089673173	-0.0016917768	-0.0224686191	-0.1020240119	0.0637307152	0.0762490709	-0.0945685192	0.1939464505795598	0.0255974105411667	0.000655227426413	0.0376152256924096	0.0624569841394304	-0.0761428669222681	0.003900874867793	0.0057977361831422	-0.1703308014949129	-0.0284306480130993	0.0008083017464447	0.0290125819378994	-7.79539497489162e-05	0.0003558967884588	6.0768182814565525e-09	1.266625240353475e-07	-0.0015640789271242	-7.924090899220004e-05	2.446342890273989e-06	6.279121657910129e-09	0.0019769414859238	0.0004277658941754	1.8298366021967975e-07	3.908297638766603e-06	0.0	0.0
193.34586728075868	-0.0651690719890893	37382.62439454875	0.0042470079439191	288.0944752765206	0.2550598751502093	82998.42668485374	0.0650555399116403	179.77973316277712	-0.1957252200040216	0.0383083617456226	32320.752456079343	196.1271241793845	208.4534604959169	1.079931	22.193327	0.0770203748796786	0.0383947971866593	-0.0379928559	-0.1005965657	0.0611917178	0.0249102002	-0.0119270907	-0.1065880546	0.0600274389	0.0424224904	0.0140257136	0.1051721726	-0.0589213495	-0.0500987575	0.0072690594	0.0483375756	0.0400454835	0.0091332197	-0.0224626545	-0.0204132954	-0.0183927243	-0.0960333776	-0.0579311086	0.055272088	0.0655008947	0.046409401	0.1539061658	0.0245892616	0.0557595473	-0.0740526522	-0.0356530468	0.0844578434	0.0310288765	0.0830763198	-0.0325072001	0.017808206	-0.0726051464	0.0542629761	-0.0307637026	-0.0283363646	0.0348857307	-0.1151343539	-0.0657275351	-0.1237249033	-0.0775657372	-0.0873968332	0.021872797	0.0282354223	0.0225966136	-0.0318778437	-0.0585013045	0.0567766562	0.0005853383	-0.0032974842	0.0330182903	0.0174703656	-0.0094644765	0.3063177247	-0.1331513795	0.0093653889	0.0318969934	-0.0416370235	0.0223440404	0.0715085806	0.0105962181	-0.0461546523	-0.0731597963	-0.1949512384	-0.0334783538	-0.1043561876	-0.0721889203	0.0691729561	0.0055221887	-0.0289291043	0.0735843077	0.022223988	-0.15306415	0.000415148	0.0019665252	-0.0115137642	0.0380499066	0.0207318883	-0.1327010155	0.1725573932	-0.0317724586	-0.0580179517	-0.0383135509	-0.0596093664	0.079966517	-0.0806756188	-0.05255058	-0.0421658	0.0996357879	0.0610634381	-0.0745080566	-0.0066651186	0.0467787121	-0.0162005155	-0.0425727591	-0.0839280152	-0.0550837817	0.0408819407	0.091232076	-0.1272289137	-0.0731508108	-0.0316866472	-0.0190045756	-0.0040748252	-0.0047250563	0.0062801239	0.0544590907	0.0116243222	0.039549695	-0.0826155277	-0.0727090708	0.1498395175	-0.1197447428	-0.0622526846	0.0926261726	0.118374451	0.0239330236	-0.0843867355	-0.0893999624	-0.1029533029	0.0035890984	0.135651926	0.0388203554	-0.1021561804	4.95232e-05	0.0382316796	-0.0469274684	-0.0421893717	0.006292813	-0.0418485241	0.0049760478	-0.0120805178	-0.0214217527	-0.0357017147	0.0897194931	-0.0647157191	0.0018161683	-0.0677858093	0.0727520706	0.0353974999	-0.0220041698	-0.0917680944	-0.0211121772	-0.0317881017	-0.1004752529	0.0196532976	-0.0245744743	-0.100240825	0.0689150546	0.0697569027	-0.0997713604	0.1896832931309973	-0.0042631574485625	1.817451143123401e-05	0.0359797516930198	0.0362210683871495	-0.0262359157522808	0.0013119657951065	0.0006883232753607	-0.1479761387999119	0.022354662695001	0.0004997309442072	0.0218969376541307	-0.0002918968387804	-0.0002139428890314	8.520376448999084e-08	4.577155976713779e-08	-0.0017202738820538	-0.0001561949549295	2.959342229276452e-06	2.4396863945459757e-08	0.0018637465502082	-0.0001131949357156	1.2813093471658842e-08	3.473551203412967e-06	0.0	0.0
193.42256643588703	0.0766991551283524	37412.28920664513	0.005882760397403	287.58284229382286	-0.5116329826977335	82703.89118179379	0.2617683089841792	179.76017744538797	-0.0195557173891529	0.0003824260826044	32313.721395197368	196.0548521424558	209.20414162507524	1.108429	22.77898	0.1668821171742019	0.0993054347877648	0.0368299521	-0.1334149989	0.021728056	-0.081953973	0.0477296173	-0.1382467325	-0.0189199328	0.0093245629	-0.0801215838	-0.0714007096	0.0748095485	-0.1012137591	-0.0671167875	0.1121960524	0.0261547596	-0.0475700597	0.0034451722	0.0743856011	0.0494880478	-0.0413811456	-0.0465828519	-0.0697206752	0.1339967159	0.023348632	0.0210838694	-0.1296409011	-0.044266032	-0.1464181	-0.0307119804	-0.0165588603	-0.0688814157	-0.0301123641	0.0850247111	0.0052502219	0.026625369	0.019634532	-0.0991368775	0.1195220779	0.0205154736	-0.0551386499	-0.0291539174	0.0770674851	0.0789572203	0.0282145587	0.0382919969	0.0309387009	0.0398527252	-0.0072423313	-0.1357739781	0.1459624512	-0.0679218077	0.0117749663	-0.0775766626	-0.1056485306	6.55228e-05	0.0726370242	0.0761343295	-0.0526479921	-0.0631902917	-0.1512232593	0.0726071982	0.0232943006	-0.1654760193	0.008982724	0.031283069	-0.0209947383	0.0592707446	-0.0574041039	0.0395087354	-0.0956865823	0.0151059955	0.132892388	0.1153478354	0.1172614328	-0.0128510402	-0.0207133787	-0.0825891195	-0.0467099453	-0.0627110907	-0.042875698	0.1106413553	0.1273535564	0.0368608302	-0.0086391969	-0.0995336825	0.0961040335	-0.0597934253	-0.0393994978	0.0424321008	-0.0171137521	-0.0114948989	0.0198644252	-0.0155141294	-0.0028705104	0.0386740803	0.051932762	0.005642629	0.0086656497	-0.018783721	0.0095747077	-0.1424564838	-0.134622039	0.0234981986	-0.0184976994	-0.0783287046	-0.0758735205	-0.0778764947	-0.0047151989	0.1666530963	-0.049961384	-0.0091777429	-0.0380200375	0.0907232478	-0.0865448562	-0.0913520698	-0.0791080908	0.1074322222	-0.0492383229	-0.070486063	-0.1202371311	-0.0736324062	-0.0988823081	0.0409147356	0.0215022585	-0.0091435807	-0.0677235594	-0.0964457067	-0.0691904551	-0.0876764119	-0.1094228386	-0.1768923312	-0.0269423584	0.1007446884	-0.0389415485	0.0533979062	-0.0668223951	-0.006646502	0.030573228	-0.1408904287	-0.0303303748	-0.0365261608	0.0555030322	-0.0794726655	0.0291590086	-0.0175900749	-0.0831405678	-0.1192047649	-0.0256839504	-0.0266710879	-0.0983068664	0.0738662073	0.0628452084	-0.1040369087	0.1924133851423732	0.0027300920113758	7.4534023905784516e-06	0.0370229107819472	0.1024477931714784	0.0662267247843289	0.010495550325706	0.0043859790756592	-0.2175828624306177	-0.0696067236307058	0.0048450959746014	0.0473423020235011	1.5919696996027064e-05	0.0003078165357764	2.5343675244531314e-10	9.47510196974004e-08	-0.0014959866697128	0.000224287212341	2.237976115958394e-06	5.030475361969689e-08	0.0018980143370466	3.4267786838399926e-05	1.174281214802015e-09	3.6024584236344445e-06	0.0	0.0
193.15360633468185	-0.268960101205181	37308.31564009325	0.0723395360403012	287.7430299296	0.160187635777163	82796.0512730667	0.025660078655877	179.6441017461951	-0.1160756991928622	0.0134735679431118	32272.0032921973	195.635670850442	206.4153574326029	1.228007	25.23638	0.1745527998238341	0.1058802467161205	0.113418298	-0.0570806168	-0.1562353495	-0.0448700828	0.0466165931	-0.0567323017	-0.0134032018	-0.0234746163	0.0406537784	0.0038131388	-0.0281535515	0.1381607936	-0.043802782	-0.0898559432	0.0630240557	-0.0378025282	0.0256539671	0.1182407747	0.0060691059	0.0580204492	-0.0085337264	-0.0845115499	0.0483556813	-0.1747148864	0.0410134701	-0.0268908274	-0.0587579565	0.0706192339	0.0084075485	-0.0248892111	-0.1177664035	-0.0239274731	-0.028596783	0.0494820464	0.047532219	-0.1115786271	-0.0783574507	0.0247823148	-0.0723279924	-0.0657244755	0.0239479714	-0.0069689049	0.1554495974	-0.0367302934	-0.0505042942	0.0663742127	0.0019418888	0.0301811039	0.0391521201	-0.0229200805	0.0857959984	-0.1210522949	0.0042021395	-0.0115839009	0.052319647	0.1213844506	-0.1147549309	-0.0610177166	-0.0747847087	0.0094368465	0.057785714	-0.0241820362	0.1251575595	0.0368441189	0.1022022013	0.0850238265	0.0636709534	0.0148999898	-0.0339095718	0.1943374538	-0.1067720405	0.0228682282	0.0095222945	0.0932339141	0.066776516	0.0358246588	0.0724789114	0.0905432033	-0.0074267388	0.1072207701	0.0956798716	-0.0314361603	-0.0956346409	0.0124187257	-0.0947278462	-0.0985978304	-0.0884659073	0.0136215464	-0.0336152725	0.0447934826	0.0391389197	-0.0775598469	-0.0136905144	-0.0101018649	-0.0634427373	0.088193766	-0.0145336177	-0.0907408598	-0.0379705321	0.031317365	-0.1159323888	0.0727125282	-0.0400474546	0.0109173167	0.0139858507	-0.0822753557	0.0701049972	0.0727714213	-0.0530228942	-0.0712856628	0.1098258104	-0.0454297393	0.1955975772	0.0779917677	0.0190507701	-0.0220432188	-0.0123019657	0.0371037596	-0.0568081932	-0.0433708917	0.0312711185	0.0850274141	0.1669520569	0.040586322	0.0217890617	0.0163600814	-0.1314075766	-0.0103493629	-0.1015101258	-0.0237680519	0.0402121848	-0.0753891602	0.1326127557	-0.1357577229	-0.0187099962	-0.0067085209	-0.0559324692	-0.1045883496	0.0288831194	-0.0325013986	-0.1344058754	0.066922587	0.0556841544	0.0224444024	0.0134318067	0.0304441663	0.0551525491	0.0739325102	-0.0287576717	-0.0962250449	0.0785674201	0.0555555556	-0.1073250918	0.192543527331594	0.0001301421892208	1.693698941518393e-08	0.0370730099172922	0.0146443204197623	-0.0878034727517161	0.0002144561205566	0.0077094498272613	-0.1742193912331018	0.0433634711975159	0.0018803906342977	0.0303523962816325	-0.0005562988568855	-0.0005722185538815	3.094684181721141e-07	3.2743407340626614e-07	-0.0014969490834186	-9.624137058000543e-07	2.2408565583477864e-06	9.262401411117934e-13	0.0016060810309263	-0.0002919333061203	8.522505522232878e-08	2.5794962779012867e-06	0.0	0.0
192.66217995462137	-0.4914263800604885	37118.715584866906	0.2414998870193557	286.60220312327897	-1.1408268063210585	82140.82283511726	1.301485802020706	179.43016306035372	-0.2139386858413843	0.0457697612995385	32195.183415865125	195.4463447887568	201.5373831120879	1.202266	24.707382	0.1007944694864393	0.0538158413088885	0.1376632379	0.0344836123	-0.0128634588	0.144013938	0.0617631696	0.0398391947	-0.0354376815	-0.0225723626	-0.0914899946	0.0625327826	0.1065276928	0.0966039704	0.0061615959	-0.0274082582	0.0095417369	-0.0135608611	0.052463392	0.1191469441	0.026012009	0.1042398469	0.1442741098	0.0222739942	-0.0341019882	-0.0204648686	0.0498738488	-0.0560731911	0.0126359561	-0.0538744698	-0.1237239318	-0.1399731969	0.1205003382	0.1009193864	-0.0079428818	-0.0838178464	0.0678866966	0.0269693564	0.049183454	-0.028246989	-0.1056687472	-0.0061175488	-0.2595408149	-0.0543840184	0.003917303	-0.0173493557	-0.078357856	-0.0950528537	-0.0048975558	0.0620878614	-0.0949406107	-0.1174976548	0.0926820492	-0.1065210925	0.0460485021	-0.0367365187	-0.0120597836	-0.11699343	-0.0479231314	0.0830948254	0.078064541	-0.0925772163	0.0530060089	-0.0597346531	-0.0647821686	-0.0437993882	-0.0578882613	-0.0252081427	0.0158067355	0.0332601445	0.0057700206	-0.0362987694	0.0854101614	-0.0112747013	0.0046507033	0.0601884229	0.07725935	0.0286322978	0.0118778656	0.0974639057	0.00321942	-0.178244434	-0.0033973053	-0.0227971281	-0.1150805469	0.0443996757	0.0490564099	0.1272436055	0.0799741442	0.0603998062	0.1342923841	0.0828177662	0.083610241	0.0884056525	-0.0543120598	0.0080907544	-0.0322059754	0.1092069943	0.1031070547	-0.0458960119	-0.0511567664	-0.0932234367	0.0562262876	0.0400847837	-0.1483366408	0.0440515243	-0.0441984748	0.063322611	0.107218558	0.0241226384	-0.0799422206	-0.0584241756	0.1655750977	-0.0815822117	-0.037392697	-0.0404697631	0.0314605876	-0.0481569679	0.07222948	-0.0673764225	0.0835058871	-0.0129477224	0.0931274311	-0.0572841672	-0.0976210826	-0.0838271942	-0.0124667308	0.0911742327	-0.1038945112	-0.0216038316	-0.002049322	-0.1003847961	-0.0048168948	-0.0785650778	0.0254343748	0.0173141063	-0.0397764504	-0.0509076394	0.1738439874	0.0146207588	0.0471754977	-0.036434653	0.0094292714	0.0430106452	0.0444892851	0.0252947597	0.1809085635	0.1195513554	-0.0641204994	-0.072875992	-0.0308334408	-0.0939984918	0.0830027857	0.0479317851	-0.1096050192	0.1960401741021087	0.0034966467705146	1.222653863775088e-05	0.038431749861985	0.0424268722124736	0.0277825517927113	0.0018000394857335	0.0007718701841146	-0.1863426659350651	-0.0121232747019633	0.0001469737894992	0.0347235891477872	0.00020173133351	0.0007580301903955	4.069553091972285e-08	5.746097695510381e-07	-0.0017158568855968	-0.0002189078021782	2.9441648518499503e-06	4.792062585449e-08	0.001435179099075	-0.0001709019318513	2.9207470310506432e-08	2.0597390464217283e-06	0.0	0.0
192.8105922188668	0.1484122642454224	37175.92447179013	0.022026200178453	286.91262823145195	0.3104251081729785	82318.85623867936	0.0963637477842054	179.58531499820128	0.1551519378475632	0.0240721238178541	32250.885363003177	195.5278688511065	202.79306764908023	1.205036	24.764322	0.1106586613805514	0.0523512815005139	0.0945062944	0.0960814701	0.1738282784	-0.0097022783	0.0638484825	-0.0014370632	-0.0608412485	-0.0230278191	0.0172957272	0.0819869112	0.0500033549	-0.0557641009	0.0316391848	0.0740153575	-0.0281677212	0.0274889608	-0.0261785931	-0.0205753264	-0.0153038147	0.0808846647	0.1123946658	-0.018350645	-0.0133468952	0.064583217	0.090746576	-0.0985235647	0.059047656	-0.1545430149	0.0289051149	0.1072292223	0.0644833576	0.0557541224	0.0055587016	-0.0248882933	-0.0018579762	-0.0074653742	-0.1189222446	0.0867945139	0.1014242473	0.0308222523	0.0784064557	-0.0246144683	-0.0090252203	-0.1275149114	-0.0326842606	-0.0344508329	0.0120485895	0.1068101463	-0.0158346729	-0.1203716576	0.0904134176	-0.0538636642	0.0467977801	0.0102484029	-0.0852641044	-0.1965138818	0.0333919318	0.0775405961	0.0085378017	0.043943534	-0.0159831073	-0.0149616187	0.071569745	0.1460995861	-0.2110347549	0.1269599778	0.0995216956	0.0712868084	-0.0050597234	0.017492719	-0.0738278855	-0.1367118928	-0.0783155231	0.0300993334	0.0639007497	-0.0146458123	0.0436851442	0.0416562564	-0.0338850771	-0.0591906785	-0.0387576271	0.1591624029	0.0512223122	0.0636379769	-0.0043996247	-0.0083882856	0.0141996115	0.082448114	-0.0025648942	-0.0838676287	-0.0941454622	0.1809310788	-0.0629623197	0.0151409282	0.0125260097	0.0531536354	0.1107581929	-0.0363455495	0.0851868426	0.0740409349	-0.0335460978	0.0174159367	0.0400735629	-0.0711686863	0.1448597747	0.0265358382	-0.0230941798	0.0220120418	-0.0257452486	-0.0109887179	0.0098225992	0.0143531164	-0.0083442636	0.0506082174	0.1673303426	0.0880014818	0.0251239753	0.0252692719	0.1741156777	0.061057974	0.1203747789	0.136545703	-0.0140491009	-0.0552253255	0.0081576492	0.1066681301	0.0039150236	-0.0458566515	0.0180590502	0.0512657085	0.0665922681	-0.0118334128	0.1628872404	-0.1409670769	0.1244195229	0.0703415988	0.0230286222	0.1650188265	0.1496831192	-0.0155622265	-0.0516424926	-0.0283378635	-0.0207982857	-0.1544706883	0.0662627646	0.0683531332	0.0468996399	0.050017801	-0.0328976148	-0.091630556	0.0871572961	0.0400197472	-0.1108552722	0.2011559813345371	0.0051158072324284	2.6171483639366827e-05	0.0404637288266606	0.057359013107785	0.0149321408953113	0.003290056384699	0.0002229688317174	-0.1514308843446485	0.0349117815904166	0.0012188324938169	0.0229313127334023	-0.0004177276973705	-0.0006194590308805	1.7449642915046005e-07	3.837294909394083e-07	-0.0014918527169591	0.0002240041686377	2.225624529098249e-06	5.017786756706715e-08	0.0017056945328047	0.0002705154337297	7.317859988596782e-08	2.909393839239844e-06	0.0	0.0
193.19729519803687	0.3867029791700815	37325.1948718374	0.1495391940990165	286.9363981594612	0.0237699280092442	82332.49658872484	0.0005650094775646	179.95149824270084	0.3661832444995525	0.134090168552219	32382.541719792764	195.82078991543275	202.10115888122647	1.26732	26.044289	0.0715143428218142	0.0348743202151402	-0.0039957897	0.1082501703	0.0128876053	-0.137731292	0.0320757088	0.0353133849	-0.0996814972	0.0249954221	-0.0303595512	0.0227134843	0.0496295487	-0.0215390098	0.0300067316	0.1351853562	-0.0897834241	-0.0169885775	0.020668317	-0.0552220414	0.0187133585	0.0782794244	0.0579384408	0.0056973059	-0.0304003541	0.055263743	0.0535712144	0.0596874792	0.0445782957	-0.0027491288	0.0691869488	0.048930559	-0.0470627028	-0.1304701131	-0.1370125907	0.0072369916	-0.0383514974	-0.0850264717	-0.0039125227	-0.0569216032	-0.0115676213	0.2068571929	-0.0832049377	0.1467036713	0.0186487315	-0.0374544538	0.0152748853	0.0055625308	-0.0809129226	-0.1178364543	-0.0147534473	0.0450858282	0.0164698358	0.0211265847	0.0486112207	-0.0132049528	-0.0266145277	-0.0463094353	-0.0550145954	0.0256180439	-0.0107679192	0.0880268036	0.0259093293	0.0604877276	-0.0478752793	0.0091697236	-0.0741683783	-0.0540356596	0.0241723276	-0.0601610234	-0.1460700127	0.0541950227	0.1313652449	-0.052690367	-0.0501331494	-0.016747377	0.0817725394	-0.0703923539	0.0013908479	-0.0215418902	-0.0407098455	-0.0739619259	-0.0197407636	0.0637907983	0.0136558822	0.1072230401	0.0677313537	-0.0534113471	0.0320295717	-0.0460297923	-0.0774611082	-0.0490313688	0.0290253249	-0.0086373861	0.0732609591	0.0321574618	-0.126098744	-0.1625516623	-0.028916204	0.0307253243	0.0059178523	-0.1343876833	-0.072766106	0.0924275822	0.0204450786	-0.0780191343	0.0143083949	0.0261953488	0.0691640158	-0.1058169231	0.0993324492	-0.0265049402	0.0212194718	-0.070815245	0.0523273168	0.0255247803	0.0023459993	-0.0138312108	-0.0527440004	-0.00068987	0.0610904926	0.1825635576	-0.0635575509	0.0593338639	-0.0467625696	-0.0344327071	-0.0032969953	0.0927232073	0.0320400945	0.0093970333	0.0198572146	-0.0802045484	0.0224637879	0.0016830447	0.0024901557	0.0215788147	0.0251010616	0.1253608982	-0.0469448157	0.0428715199	0.0450391966	-0.1309311662	0.1250190135	-0.0393945499	0.0196825782	0.074354366	0.1265112953	-0.0090193664	0.0819734774	-0.0138696458	-0.0349494174	-0.0891247992	0.0910168938	0.0318670259	-0.1110641056	0.2020675819153155	0.0009116005807783	8.310156188754838e-07	0.0408313076611027	0.0457737785323217	-0.0115852345754632	0.002095238801126	0.0001342176601685	-0.1760124941243361	-0.0245816097796875	0.0006042555393608	0.0309803980878694	-0.0001250629315015	0.000292664765869	1.564073683574888e-08	8.565266518115661e-08	-0.0017891021036473	-0.0002972493866882	3.2008863372751942e-06	8.835719788651106e-08	0.0016068907276442	-9.880380516050008e-05	9.762191914194062e-09	2.5820978105889066e-06	0.0	0.0
193.71490350058951	0.5176083025526452	37525.46383824271	0.2679183548714307	288.81801021303176	1.881612053570564	83415.84302341491	3.5404639201420336	180.02061893784503	0.0691206951441927	0.0047776704972164	32407.42324276481	195.984140328457	203.47478050433944	1.138571	23.398407	0.1020547569152231	0.0741986176804263	-0.077395061	0.1052465224	-0.1069164128	-0.0422113983	-0.0497926849	0.0957836743	-0.0469573981	0.0706837979	0.0255716761	-0.0309313071	-0.1057804548	-0.1290161158	-0.0604113298	0.1149653787	0.0405481007	-0.0382653006	0.0210585793	-0.1556055393	0.0380776384	-0.0179236245	0.0275262573	-0.0533239962	-0.0321057897	-0.068688785	-0.0200683719	0.072267633	0.0477254718	-0.0861335295	0.0239354375	0.0364882812	0.0021475348	0.0404967009	-0.0752333662	0.0308588849	-0.0475728802	-0.0068708417	0.0173693604	0.0041133921	-0.0565732922	-0.0295776854	0.0412112847	-0.0355138638	-0.0492844321	0.0251061855	0.0580038153	0.1286697577	0.0015557824	-0.0204340341	0.1516059148	0.0619317178	-0.1346807167	0.0054154445	0.0050080447	0.013324501	0.0079884597	-0.0656120684	-0.2219536483	-0.0645568862	-0.0600020956	0.0208063079	0.0743166923	-0.077241106	0.030196313	-0.0249079526	-0.042139085	0.0422064993	0.0725013608	-0.006769467	-0.059039179	-0.1314881888	-0.0574174194	0.1737220592	-0.040806892	-0.0699628507	0.0376661254	-0.1000532359	-0.012860036	-0.0694465473	0.0664206986	-0.0249915883	0.03908719	0.0733607243	2.8449e-05	-0.0277680171	0.0535478999	-0.1438521973	-0.0287339536	0.0091855403	-0.0688249974	-0.0085009991	0.0567977874	0.0697537788	-0.0113320719	0.0287670298	0.011023531	-0.0652654748	-0.0639722635	0.0145980925	-0.0827839151	-0.045438039	-0.0098445473	-0.0629360135	0.0078027707	0.0656305807	0.0236462132	-0.007365142	0.0315805431	0.1597179252	0.0468913517	0.0914316681	-0.0400370113	0.0232598484	0.0550104773	0.0250405545	-0.058421497	-0.0311675389	-0.1088109409	0.0434092621	0.1058750099	0.0102617955	0.0884544232	0.0538875986	0.1798449398	-0.0534888105	0.0045293358	0.0576560952	0.0829731368	-0.0167867514	0.0478491833	0.0851189694	-0.0458008928	0.0026362041	0.0315117285	0.0122356243	-0.0857150219	0.0479410102	-0.0862651674	0.0119856258	0.0797779302	-0.1480679672	-0.0311233544	-0.1298785954	-0.0187545779	-0.0524121934	-0.0362405666	0.0127165943	-0.0012479741	-0.0603716103	-0.0369880768	-0.0864849902	0.0945685192	0.0235226525	-0.1102295573	0.2029430826780327	0.0008755007627172	7.665015855184409e-07	0.0411858948068628	0.1171526125566373	0.0713788340243156	0.0137247346288455	0.0050949379466707	-0.1546138244562058	0.0213986696681302	0.0004579030635657	0.0239054347129744	-0.000259090157669	-0.0001340272261675	6.712770980094728e-08	1.79632973541542e-08	-0.0017552097858186	3.3892317828699984e-05	3.080761392233376e-06	1.1486892078016148e-09	0.0016067752224392	-1.1550520499998065e-07	1.3341452382087555e-14	2.581726615444541e-06	0.0	0.0
193.4598541755117	-0.2550493250778061	37426.715177610255	0.0650501582226444	289.4806884888556	0.6626782758238505	83799.06900798186	0.4391424972488713	180.00333585873264	-0.0172830791123885	0.000298704823605	32401.200920271705	196.0916585303283	205.7172455624864	1.171921	24.083775	0.0740494790403958	0.0442951595979646	-0.1032948554	0.0299291713	-0.0454903353	0.0235705908	-0.1297957567	0.102138712	0.0633766291	0.0369920638	-0.0263697752	0.0053190131	-0.0712565509	-0.0570583041	-0.1298286688	0.121416292	-0.0104896497	-0.1455253121	0.0321768785	-0.1425960118	0.0404512251	-0.094111215	0.0238113368	0.1364107659	-0.0486179287	0.049130976	-0.045849608	0.0602056408	-0.0015561266	-0.0332724442	-0.0544130583	0.0961667381	0.0451472959	0.1172695499	0.0239804287	-0.1180518465	0.1294384967	0.0901090661	-0.0179793536	-0.0098912677	0.0595593797	-0.0145527657	0.0108592867	0.0080939491	0.1359755168	-0.0601709114	0.0431606428	0.098474402	0.0625813838	-0.0264110104	-0.0433700274	-0.0162450768	-0.0287255511	0.0322408714	0.024431007	0.1070492102	-0.0168332934	-0.0666437467	-0.0034180753	-0.0814595755	-0.0078026153	0.0363603558	0.182384308	-0.0470895691	0.1408774048	-0.1077297163	0.012548537	-0.1358152054	0.153137731	0.1048016747	-0.0935312735	-0.0084328522	0.0783195547	0.0375489954	-0.0072405185	-0.1412825641	-0.0548821456	-0.0258763505	-0.0291816007	-0.0135331764	0.1688189892	-0.0589465253	-0.0803872597	-0.0077010529	0.0598467841	-0.0638935449	0.0296269559	0.0001837014	0.0326773151	-0.0947989952	0.0310487909	-0.0085457866	0.0107752581	0.0570509379	-0.1823962119	-0.1015469523	-0.1068940238	-0.072635735	-0.0830214707	0.0436493592	0.0904755345	0.0291841337	-0.0375730717	-0.0357326517	-0.0525077024	0.0338745757	-0.0640929108	-0.1123006609	0.0055185968	0.0732785017	-0.1217865436	0.0135481758	-0.0468909682	-0.0959595618	0.0242923843	0.0085650518	-0.055185812	0.0602659319	0.0375486747	-0.1159172391	0.0629008504	0.0493249107	0.1438466266	0.116830256	0.0238106571	0.0730794015	-0.0165925542	-0.0001203738	0.0938869765	-0.0312993372	0.0738636436	-0.0885981877	-0.0189041494	0.0269965576	-0.0878906297	0.048564644	-0.1174430537	-0.1046150205	-0.0379397836	0.0179011693	0.0109623699	0.0538928008	-0.0639423347	-0.0910887067	-0.0404339226	-0.0370856625	0.01463716	-0.0082184904	0.1120926222	-0.1358164124	-0.0390128266	-0.0837150996	0.0978001546	0.0150368111	-0.1083594676	0.2005331158002121	-0.0024099668778206	5.807940352192407e-06	0.0402135305325412	0.1310770593521084	0.013924446795471	0.0171811954883961	0.0001938902185599	-0.178624519165595	-0.0240106947093891	0.0005765134604274	0.03190671884714	0.0003749431355394	0.0006340332932084	1.405823548881169e-07	4.01998216896689e-07	-0.0017942001995758	-3.899041375719997e-05	3.219154356157841e-06	1.520252364957649e-09	0.0016078389286279	1.063706188699897e-06	1.131470855878461e-12	2.585146020411313e-06	0.0	0.0
193.4691002120749	0.0092460365632121	37430.29273686989	8.548919212825504e-05	288.85871325950967	-0.6219752293459351	83439.35622593963	0.3868531859199285	179.99139238355647	-0.0119434751761673	0.0001426465992837	32396.90133217139	196.20917115462225	208.5624556852679	1.065802	21.902964	0.0990273820308237	0.0518498056118564	-0.0885498555	-0.0332385726	0.0351613388	0.0322097826	-0.0830788518	0.0225174339	0.1585139032	-0.0325386375	0.0441363591	-0.0372001293	-0.0086763944	0.1017957979	-0.0246560059	-0.0002381612	-0.0414552516	0.0556585081	0.0607937751	-0.062598344	-0.015062559	-0.1401135712	-0.0295994582	-0.0236465328	0.0015729239	0.0437057827	-0.0046238262	-0.0472463175	0.1188526391	0.0502282744	0.0598106085	0.0849563608	-0.0522176678	0.0577309232	0.0739883803	-0.08230245	0.0347167362	0.0140881679	0.0725381338	-0.0620012795	-0.0244661136	-0.0869620007	-0.1094087537	0.1327582392	0.0376736425	0.1105305576	0.1160470252	0.1118115247	-0.0407176543	-0.0642921307	-0.0526767793	-0.0193525503	-0.0461885794	-0.0927713806	-0.0350939672	-0.0525270995	0.0048389047	0.0689192586	-0.0318563725	-0.027755056	0.0817279526	0.0031766663	-0.0372582405	-0.0607851896	0.087886762	0.0082628711	0.1991948433	0.0216062163	-0.030465401	0.002241187	0.0990157567	0.1032528261	-0.068737385	-0.0886039334	0.0580792302	-0.109046515	-0.065526663	0.0440326422	0.0695338311	-0.0324301005	0.1288560301	0.0701455917	0.0803005797	0.0373626808	0.0376062646	0.0179853977	0.0134399825	0.1258812355	0.127254927	-0.0660133066	-0.0995549788	0.002663587	0.0013451712	-0.0665391791	-0.0764694356	0.0520997634	0.0430072017	-0.0460864104	0.0058182006	0.0115784969	-0.0249156585	-0.1215314131	-0.0801859351	-0.0688722085	0.0580766886	0.092211815	-0.0462071875	-0.0923925294	0.1098051867	0.0216525677	-0.0525872711	0.0118751126	0.057622359	0.0094340041	0.0861773298	0.0123147939	-0.0172071137	0.0834435819	-0.0047729074	0.015418664	-0.0577138236	-0.0081177952	0.0809676591	-0.124148991	-0.0044801714	0.0164388575	0.0165245267	-0.0762417742	0.073264173	-0.0288870242	-0.0204870458	0.0629137985	0.0147665488	0.0623601968	0.013568658	0.0746499957	-0.0277948571	-0.0641480633	-0.0777021292	0.0159655898	0.1402516919	0.0814904249	-0.0206663717	-0.0132732052	0.0020567562	0.0401550048	0.1064613109	-0.1403223523	0.1236967766	-0.0565751256	-0.0410229053	-0.0808192935	0.1007008652	0.0064605365	-0.1054714048	0.2017232560638433	0.0011901402636312	1.4164338471161574e-06	0.0406922720369989	0.1019839400298678	-0.0290931193222405	0.0104007240240156	0.0008464095918981	-0.164413897097198	0.0142106220683969	0.0002019417795708	0.027031929558688	-0.0003030665534279	-0.0006780096889673	9.184933580666619e-08	4.596971383335349e-07	-0.0020192174474051	-0.0002250172478293	4.077239099905168e-06	5.063276182067269e-08	0.0014201958578934	-0.0001876430707345	3.520992199467257e-08	2.0169562747775702e-06	0.0	0.0
193.2807374521171	-0.1883627599578119	37357.443470034224	0.0354805293389242	288.3523165730671	-0.5063966864425424	83147.05847305432	0.2564376040399866	179.96931944504468	-0.0220729385117977	0.0004872146145456	32388.955941512537	196.1809287442712	207.5061209724292	1.108594	22.782377	0.1406809089650817	0.0679748856686576	-0.0566883412	-0.0790611634	0.0831612904	0.0420140027	-0.0718000956	-0.0167372296	0.1068963045	-0.0283253974	-0.0891282083	0.0409311323	-0.0547759994	0.0366879044	0.1742813916	-0.0617861414	-0.009491705	-0.0589004278	0.0455328413	-0.0247023357	0.0364002268	-0.1191346393	0.0375301195	-0.0662341549	0.0597894562	-0.1086115098	-0.0467220019	-0.0335128228	-0.0266119425	-0.0061424951	0.0668783691	0.0398708565	-0.0079364351	-0.0909250396	0.0931399119	0.0057633136	0.0660356511	0.0625112317	0.0417063008	0.1249939185	0.080708888	0.0451384361	-0.0781304634	0.0790123163	-0.0193313234	0.0122730131	-0.0112093129	-0.0024966008	-0.0431068663	-0.0033229116	-0.0990667306	0.0892683045	-0.1061309678	0.1172913372	0.1070504245	0.0574305854	0.108040058	-0.1387305274	-0.059560402	0.1222738521	0.0269311781	-0.103190217	-0.0876834759	-0.0004227271	-0.0272444693	-0.0412178816	-0.0254169351	-0.0582556274	-0.0042790089	-0.0656739781	-0.0741935307	-0.1040942839	-0.0976208082	-0.0478250156	0.0559804858	-0.0373222362	-0.0864706843	-0.0062876289	0.0378628486	-0.0326313309	0.1055673795	-0.0538869486	0.0461106759	-0.0084852174	-0.030579157	-0.0875734956	-0.0927850758	0.008128383	-0.0515853599	0.0927534087	-0.0320886325	0.0125125392	-0.1601885041	-0.0542341162	0.0309461434	-0.0212926687	-0.0065952148	0.0625275202	0.1284513762	0.0830924832	-0.0068738686	-0.0317058766	-0.0713826997	-0.0308133242	-0.0139377456	-0.0361089476	-0.0802142653	0.0720065407	-0.0998583288	-0.1710623542	0.058511315	0.0757789787	-0.048268727	-0.0485294965	0.0484287253	0.0146494593	-0.0906011202	-0.006745301	-0.1267670934	-0.2337662216	-0.0141885436	0.0674213239	0.0756928382	-0.104392832	-0.1195214624	0.02831268	-0.0129217964	-0.1040798667	0.0202962169	-0.0594823166	-0.0633849458	-0.0723501759	-0.0142862516	-0.0429912665	0.0321684223	0.041100706	0.1023860566	0.0594458594	0.0777640623	-0.0668936765	0.0729056092	-0.0315675434	0.0073324216	-0.0780546767	0.174969172	-0.0597562493	-0.0839883432	-0.0072785104	0.1284517609	-0.1538401565	-0.0430175569	-0.0778019275	0.103260836	-0.0021545924	-0.1015925006	0.2107635490379209	0.0090402929740776	8.172689705715685e-05	0.04442127360306	0.0484036516312045	-0.0535802883986633	0.002342913491235	0.0028708473048839	-0.1806250945961238	-0.0162111974989258	0.0002628029243491	0.0326254247978586	0.0004371106748215	0.0007401772282494	1.910657420429071e-07	5.478623292189644e-07	-0.0018461214902898	0.0001730959571153	3.408164556909832e-06	2.9962210369661875e-08	0.001743905274397	0.0003237094165036	1.0478778633310119e-07	3.041205606069676e-06	0.0	0.0
193.3009084314362	0.02017097931909	37365.24120041848	0.0004068684066911	287.00736637249935	-1.34495020056778	82373.22835207808	1.808891042007312	179.78142231115987	-0.1878971338848032	0.0353053329221236	32321.359808223613	196.0654929713565	209.30525564155624	1.118365	22.983175	0.0952223122401475	0.0516614323109481	-0.0285424435	-0.1302155285	0.0575781368	-0.0440518846	0.0920683445	-0.1263950792	0.082845054	-0.1181089118	0.099055743	0.0099901743	-0.044146094	-0.0810968824	-0.015029734	-0.1333297682	-0.0592522776	0.0003240641	0.0582404471	0.080271899	0.0399447692	-0.0931948978	0.0265426874	0.0114114094	0.0108940796	0.0956171678	0.0095229367	-0.0618203958	0.1062062838	0.0739976362	0.031215689	-0.0475428496	0.0269195262	0.0264029524	-0.1115405917	-0.0995228485	0.0018029533	0.0139040706	-0.0976971538	0.0689301619	0.0562830986	-0.1088592115	-0.1188610755	0.0593681105	-0.0308827474	-0.1168321106	0.0656859455	0.2147085979	-0.0094156475	-0.0165878294	-0.0111417864	-0.0688169648	-0.03317117	-0.1256501024	0.0154998533	0.0276954118	0.074448329	0.023944846	0.0552415495	0.0495507813	-0.0847375137	-0.0861694629	-0.1661086688	-0.0981745968	-0.046313355	0.1405554201	0.0494408977	-0.0724423448	0.0005234809	0.020542061	0.0744258108	-0.0324355567	0.1687349869	-0.1030354464	0.0822576711	0.0802410998	-0.0414284501	0.0100784515	0.1419136767	0.0594779575	0.0609897579	0.0488335356	0.0022320771	0.0260623659	0.1542889208	-0.0212334826	0.0251520583	0.1034715739	0.0161856589	0.0154800339	-0.0367226994	-0.0514630816	0.0118359512	-0.0065157968	-0.0862264295	-0.1061082692	-0.0859157821	-0.109402734	0.0532825401	-0.1997936548	-0.0264954653	-0.1096901031	0.0469038884	-0.1232045524	0.0526432795	-0.0161877588	0.0067799215	0.0053324561	0.1179648182	0.0853013711	0.0335440112	0.0275101769	0.0354882762	0.0244183784	-0.0292359721	-0.0280958775	-0.0272421882	0.0591747664	-0.0268814157	0.0174096449	-0.1198831021	-0.0983551125	0.0932882988	-0.1424826297	-0.0954824467	0.0643175329	0.0192447866	-0.1215953484	-0.0165607811	0.0273089354	-0.0249793554	0.0756352244	0.0717636353	-0.097530219	0.0501386434	0.0354848092	-0.0010248036	-0.0959199831	0.0401341684	-0.0562600662	-0.0869176223	0.0338907348	0.0348655482	-0.1359031072	0.0324929978	0.0167063882	0.0808724914	-0.0811457403	0.1008786838	-0.1199123948	-0.0449960313	-0.0746675401	0.1054714048	-0.0107567634	-0.0967591949	0.201687358548142	-0.0090761904897789	8.237723380675338e-05	0.0406777905981267	0.058588833050365	0.0101851814191605	0.0034326513582035	0.0001037379205412	-0.1486108558032057	0.032014238792918	0.0010249114854899	0.0220851864625612	-0.0003030162569383	-0.0007401269317598	9.181885196889785e-08	5.477878751161756e-07	-0.0018477459657286	-1.6244754388000746e-06	3.4141651538663165e-06	2.638920451264695e-12	0.0016067226508298	-0.0001371826235671	1.8819072208780054e-08	2.58155767668954e-06	0.0	0.0
193.2354892552516	-0.065419176184605	37339.954307716456	0.0042796686126723	287.34803481548573	0.3406684429863844	82568.8931123216	0.1160549880467674	179.76827799811554	-0.0131443130443358	0.0001727729654074	32316.63377440775	196.04075364532417	208.9260957158193	1.136201	23.34971	0.0723812393302121	0.0434280110884258	0.0537025047	-0.1269366228	0.0085213422	-0.1061698617	0.0531713991	-0.0557577536	0.021585506	-0.0159823959	-0.0747530259	0.0092163245	0.0394300906	-0.0487818725	-0.0156473661	-0.1030309475	-0.0246079523	-0.111187486	0.0957851269	0.0987370395	0.0599336024	-0.0932465311	0.0070346548	-0.0515033208	0.0082756327	-0.0366561407	0.0650131207	-0.0601191987	-0.1158960969	0.0052051171	0.1405327388	0.0321072571	-0.0252790618	0.0190686464	0.0773293429	-0.067779329	-0.0636212909	0.080541391	0.0560389557	0.0157976272	0.0626005355	-0.0204107183	-0.0048391264	0.0278504929	-0.0377924135	-0.0219401234	-0.0754746886	0.0250123745	-0.0330214533	0.0138027927	0.0489797513	-0.0542651121	0.1220652566	-0.0592905445	0.0087943419	0.1702234868	-0.1092697169	0.024062678	0.0612622983	-0.091793329	0.1541885575	-0.0206460228	-0.07280664	0.0875924153	-0.0543941204	-0.0274565771	-0.0010604595	-0.023647391	-0.0190334898	0.0374990109	0.0423171685	0.0391326994	0.0882219474	0.0271308198	0.093253732	0.0824025959	0.0017940732	-0.0073735556	0.0378840651	-0.0107466038	0.0697374022	-0.0556529845	0.0538889766	0.0077528676	-0.0521671094	0.0445019455	-0.0991381332	0.0514428267	-0.059865345	0.0496857639	-0.0705892278	-0.0555216194	-0.0524569652	-0.0608446885	-0.0859743265	0.0065182105	0.0548256489	-0.0786041244	0.026615636	-0.0075290379	0.1252466189	0.0109533612	0.0280579249	-0.0055486529	-0.0091293599	-0.1219249342	-0.0516060119	0.0621684684	0.0672599629	-0.0438270927	-0.1366102458	-0.0353826238	-0.0693949789	0.1153171033	-0.0243327902	0.1408826283	0.0203948093	-0.053638925	0.0889259817	0.1303964437	0.0346390048	-0.0005832861	0.0282838523	0.0315224372	-0.1071812026	0.0401290347	-0.0043288758	-0.092291516	-0.1025257062	-0.0180129352	0.0150617875	-0.0586973688	0.0887888083	-0.0326349139	-0.0526127023	0.0818141033	0.0447391412	-0.0202176006	-0.0438561023	0.0390333676	-0.0797047276	-0.0084148558	-0.0256220341	-0.1004987222	0.0244991096	0.0006112891	0.030939493	-0.0188409475	0.1463103765	-0.0851886907	-0.0469575846	-0.0714208455	0.1073250918	-0.019294242	-0.0910168938	0.212678625431181	0.010991266883039	0.0001208079476941	0.0452321977152965	0.066528419213796	0.007939586163431	0.0044260305630865	6.303702844654503e-05	-0.1668756311359729	-0.0182647753327671	0.0003336020179564	0.0278474762670292	0.0003979852267019	0.0007010014836402	1.5839224067296273e-07	4.914030800657615e-07	-0.001846182562748	1.5634029806000597e-06	3.408390054994773e-06	2.4442288797491506e-12	0.0016078699832285	1.147332398699881e-06	1.3163716331064234e-12	2.585245882967217e-06	0.0	0.0
193.25777363346373	0.0222843782121344	37348.56706976311	0.0004965935123014	287.8648607267474	0.5168259112616624	82866.17804122968	0.2671090225514478	179.72334379078836	-0.0449342073271736	0.0020190829881214	32300.480303341905	195.8196494266845	204.64751577776968	1.194538	24.548578	0.0723848662530549	0.0452720154251508	0.0982179465	-0.034591528	-0.1301469222	0.0195213788	0.0398749419	-0.0667909283	-0.0232267512	-0.0357152406	0.0292559291	0.0388858997	0.0172376132	0.0627098028	-0.0914073275	-0.1052118973	0.0170520023	-0.1265349206	0.0666561116	0.1010764022	0.0882564711	0.061715387	0.0665103582	-0.0403653453	-0.0976348311	-0.0699973069	-0.043714439	-0.1700948165	0.0297480352	0.13820296	0.0264229381	-0.013519005	0.0407948207	0.0096641306	-0.1507692645	0.0048873643	-0.0229267865	0.004399845	-0.0293481998	0.0251502225	0.0735338381	0.0890046396	0.0458430154	-0.0202689279	0.015168976	0.025030849	0.0697506162	-0.086739055	0.0634329972	-0.0313345518	-0.0311504431	0.0527572883	-0.0248721801	-0.0268716104	-0.0167391156	0.1344844027	0.0551216101	0.015429811	0.0407787772	-0.0587949348	0.1100039029	0.0030410682	0.0522817668	0.1544756356	0.0898113328	-0.0627064363	0.0209239757	-0.0448898617	0.0800760863	0.0735783999	0.1478537668	0.0080399507	-0.0581693786	-0.192135051	0.0032701922	0.089716795	0.0757510522	-0.0297552673	0.0879930638	0.0627557337	0.0416861215	0.0067344215	0.0753491939	-0.0628643649	-0.0038383656	0.0482798384	0.0226520821	-0.0425106587	0.0869908075	0.1855750785	0.0661760045	0.1003828889	0.0300275052	-0.0019261091	0.0099030257	-0.0052640216	-0.1300972129	-0.1096041383	-0.0296623294	0.0108904057	0.0600820846	0.0615269519	0.013881282	-0.0089877322	0.0241125658	-0.0540328007	-0.0436614527	-0.02260148	-0.0492127952	-0.0479936306	-0.0545520166	0.0982459089	-0.0785809546	0.0111955637	0.0173628889	0.0729645625	-0.0068213926	-0.0205457346	0.0835621534	-0.0253415864	0.0364401365	0.0018311113	0.0014954468	-0.0424283722	-0.1103937028	0.1459161582	-0.0007016342	-0.0148472032	-0.1295954248	-0.0187271547	0.0563264721	0.0788696341	0.0397587817	-0.0550493632	-0.0072272231	0.0808911346	-0.0199444641	0.0003054221	-0.0901855327	-0.1312871107	0.0084499923	0.0771833845	-0.0195352885	-0.0815136166	0.0464943433	0.0075649484	0.0439990306	-0.0044090073	0.10875647	0.0238611414	-0.0489014791	-0.0680667272	0.1088156246	-0.0277156827	-0.0844195428	0.2106877691513489	-0.001990856279832	3.963508726946858e-06	0.044389336069972	0.1078955376442678	0.0413671184304718	0.0116414470435456	0.0017112384872406	-0.1583840648117842	0.0084915663241887	7.210669863809576e-05	0.0250855119863034	-1.1015917868246214e-05	-0.0004090011445701	1.2135044647994618e-10	1.6728193625968964e-07	-0.0018470104039309	-8.278411829001475e-07	3.4114474322289862e-06	6.853210241055154e-13	0.0016069924646103	-8.775186182000735e-07	7.700389252877665e-13	2.582424781314286e-06	0.0	0.0
193.2277525624815	-0.0300210709822295	37336.96436034758	0.00090126470292	287.6821877094434	-0.1826730173040118	82761.04112529142	0.0333694312509518	179.96227801572635	0.2389342249379922	0.057089563846719	32386.421508609583	196.05343236321664	202.11590901077545	1.149352	23.619976	0.0893592076734562	0.0544131949433518	0.1252535856	0.0545693947	0.0052402416	0.1178830855	0.062126286	-0.0299293379	-0.1035756847	-0.0089137618	-0.074958611	-0.0292468936	0.0438347854	7.76161e-05	-0.02839408	-0.044501156	-0.1059881834	0.0049483278	0.0438756335	-0.038039068	0.0971578674	0.0896911791	0.0643646165	-0.0168159738	0.0101274187	-0.0157473517	0.0501027224	0.0456729408	-0.0366251767	0.036434414	0.0535883279	-0.0274401656	-0.1082737154	-0.061481002	0.2472281481	-0.0221193079	0.0535009865	-0.1468375126	0.0597257785	0.0977733688	-0.1557770194	-0.041436467	-0.0516785959	-0.1192600587	0.0541728982	0.1692740192	-0.0380711835	-0.0611201415	0.0132435232	-0.0519006028	-0.0873983831	-0.0051575607	0.0064582117	-0.0308624014	0.0396595576	-0.0752292477	-0.0462330379	-0.0479008892	0.1057741984	-0.0754296121	0.0734539258	0.0469939002	0.126917265	-0.016141148	-0.0290642085	0.1802711513	-0.094154016	-0.0865660165	-0.0799865654	0.0459987704	0.0665280107	-0.0626532996	-0.0216497329	-0.0056810468	0.023011787	0.0535707741	0.0999107403	-0.0771974849	-0.0470501334	-0.0388239893	0.0197901065	-0.1026932863	0.0511469968	0.0157772394	-0.068586107	0.0672932493	-0.0280873384	0.0437985804	-0.010128094	-0.1140505835	-0.0696874191	0.0601296829	-0.0782486745	-0.0691335597	0.130937621	-0.0453192155	0.1064847656	0.1688159198	-0.0155674917	-0.0980075832	-0.0996502384	0.0011557958	-0.0733163991	0.0822988501	-0.0588363843	0.0215488243	-0.0731639352	-0.0321311902	0.0279904385	0.0038955451	-0.0701331811	-0.040456542	-0.0783568077	0.011118875	0.0061575922	-0.1067223818	0.0427709329	0.0697995433	0.1777530208	-0.0347193831	0.1126613221	0.0752188399	-0.0707834768	0.0168857858	-0.0812263584	0.0040414906	-0.0227901534	0.0641537808	-0.0928673229	-0.0593081402	0.0330627865	-0.0924032131	0.1063625492	0.0384809215	-0.0328751451	0.0274686444	-0.0685457233	-0.1247346946	0.104889278	-0.041224285	-0.0008432706	0.0379675464	0.0480861304	-0.0215985602	0.0671431506	0.0537176778	0.0817936806	0.1130820798	0.0233521498	-0.0483441198	-0.0508269837	-0.0646102301	0.1099379598	-0.035970438	-0.0770291202	0.21277305752497	0.002085288373621	4.34842760115932e-06	0.0452723740085241	0.0743519237009877	-0.0335436139432801	0.0055282085580374	0.0011251740363758	-0.2001940710352769	-0.0418100062234927	0.0017480766204084	0.0400776660776774	0.0002264847888629	0.0002375007067311	5.1295359586272394e-08	5.640658569779392e-08	-0.0018468199197467	1.9048418420006786e-07	3.4107438159732074e-06	3.628422443036537e-14	0.0016077072563562	7.147917459001448e-07	5.109272400069772e-13	2.58472262214038e-06	0.0	0.0
193.4441607136524	0.2164081511708957	37420.643314209374	0.0468324878932052	288.83452060695623	1.1523328975128493	83425.38029425022	1.3278711066903588	179.87173007770534	-0.0905479380210181	0.0081989290798581	32353.839281146888	195.84229750321583	204.52209901253448	1.15462	23.728228	0.1144580325796589	0.0625648026614516	0.0670455739	0.1119988497	0.1430078572	-0.0038935419	-0.002269816	0.0268164139	-0.1144543899	-0.0140968079	0.0457404018	-0.0182487483	-0.0462532024	0.0449721269	-0.0379640185	-0.0591123319	0.0818761055	0.0189605823	0.0139940433	-0.0146959285	0.0334662247	0.0753855314	0.033478003	-0.0672918556	-0.102783941	-0.04359244	0.0017244866	0.1108668501	0.0564987171	-0.0088714569	0.0406957367	-0.0431684123	-0.1264557529	-0.1605272054	-0.077237913	0.0166129336	-0.059986434	0.0437086029	-0.1260233085	0.0586585209	-0.0063892085	-0.039002808	0.0980221541	-0.0389996476	0.1662722835	0.0770085902	0.0722941431	-0.0066949802	-0.0321841531	0.0730457616	-0.007874457	0.096561942	-0.0377871129	-0.0014495117	-0.0479403609	0.1530474017	-0.0710376602	0.1000670689	0.0830256205	0.072409242	-0.0011198369	-0.0162467779	0.0599210497	-0.0273850986	0.0064893399	-0.0713101461	-0.0489267347	-0.0486278121	-0.1066081096	-0.0010871049	-0.0461689125	-0.0447897617	0.1099472342	0.0369694037	-0.0616128211	0.0008538156	0.0839258611	-0.0420612256	0.0367605341	0.0160861071	0.009419882	0.0367413324	-0.0179775114	-0.000741157	-0.0194293984	0.003726376	0.1656091518	-0.1020573409	-0.0928347888	0.0260154086	-0.0448088991	-0.0466647573	-0.0061670064	-0.0714430618	0.0205091423	-0.0183546102	-0.0262107005	-0.0662222094	0.0560054996	-0.0671696336	-0.0640553817	0.1733695836	-0.1222477952	-0.0019591311	-0.0029600053	-0.1445421392	-0.054048418	-0.0699763125	-0.1640426344	-0.0027097022	-0.1069763086	0.037714495	-0.0367793406	-0.0645077619	0.106684769	-0.1065984495	-0.0808253733	-0.0203484993	0.0290743448	0.0683047546	-0.0378279752	-0.033408466	0.0189600137	0.0093888183	-0.0149090734	-0.0005515787	-0.0054913346	0.1032547331	0.0041732276	0.0249328544	-0.0225340264	0.0748463176	0.085528715	0.0110996075	0.0165884434	0.0707688238	0.0460557015	0.0781702718	4.53957e-05	0.139208825	0.0018877972	0.0656484784	0.0612253662	-0.0365102187	0.0276763359	-0.1526142705	0.1343727795	0.0330707231	0.0063871365	0.0369685261	-0.0527333744	-0.0610565531	0.1106882998	-0.0440088629	-0.0689150546	0.2170736508716402	0.0043005933466702	1.849510313342409e-05	0.0471209699027427	0.0310257366956108	-0.0433261870053768	0.0009625963375053	0.0018771584804248	-0.1710777166445751	0.0291163543907017	0.0008477620930049	0.0292675851323215	-0.0003153481987621	-0.000541832987625	9.944448646250093e-08	2.935829864786335e-07	-0.0020577561860344	-0.0002109362662877	4.234360521162841e-06	4.449410843539553e-08	0.0016061785535307	-1.528702825500045e-06	2.3369323286918205e-12	2.579809545821972e-06	0.0	0.0
193.14849782897653	-0.2956628846758633	37306.34221359015	0.0874165413748528	288.2662334154019	-0.5682871915543046	83097.42132750299	0.3229503320846789	179.63558033356392	-0.2361497441414144	0.0557667016580555	32268.941721776297	195.54743105902617	202.40144501159148	1.317259	27.070572	0.0743580397160526	0.0641417505696308	-0.0386710673	0.111291164	-0.0655686462	-0.12048446	0.0134749273	0.0388176362	-0.1196649448	-0.0130579119	0.0814648082	0.0231005105	-0.0154889153	0.0480937572	0.1461554325	-0.1062297911	-0.049605522	0.084245182	-0.0141613316	-0.0201315404	-0.0554803563	0.0346863382	0.1125583962	0.0298446855	-0.0492510108	0.1024836943	-0.1017487653	0.0684804306	0.0391467872	-0.030760024	-0.0211503488	-0.0358377267	-0.0171259907	-0.0194257713	-0.0976409941	-0.0408929728	0.0020021486	-0.070699635	-0.0398214383	0.0240103315	0.000558163	0.0361266927	0.05959336	-0.0761497359	0.0548054687	-0.1213379952	0.0216661462	-0.089407483	-0.1281514205	-0.0312754772	-0.0306564969	0.1717077555	0.0419417177	-0.0602781381	-0.0557148504	-0.0135290122	-0.0839601105	-0.0363402769	-0.0659204802	0.0003268129	-0.1348280539	0.0361464025	-0.066477428	-0.0256250345	0.0992719785	-0.1474488031	-0.0529030663	0.1846121599	0.1220500496	0.0291688741	-0.012187496	0.23204106	-0.0600384904	-0.0149245189	-0.0945094981	-0.0275167059	0.0471069306	-0.0233809588	0.0680114396	0.0013862822	-0.0886058095	-0.0720951804	-0.0747323265	-0.0356957151	0.1143640634	-0.0124453171	0.099671917	-0.011527867	-0.0164965222	0.0240436873	0.0482186826	-0.0067989057	0.0121286265	0.0390407802	-0.0306991868	0.0320362096	-0.0248821574	-0.008911947	-0.0261067471	-0.0557223152	-0.035341506	-0.0239597402	0.0617031782	0.1055576805	-0.0564866121	-0.1271568764	0.0761447799	-0.0223190175	0.0027880211	-0.0624760642	0.0938365632	0.0352259196	-0.0797321837	-0.0885363366	0.1618663215	-0.063002196	0.0283169151	0.0848746086	-0.0216187606	0.0782614153	-0.074681503	0.0173054338	0.055019356	0.1396058054	0.1535220778	0.0273907771	-0.0208686914	0.0695712215	0.074075854	0.0116516601	0.1185920884	-0.0511285728	0.1570197927	-0.025381245	-0.0885793282	-0.1268726542	-0.0353467487	0.0262184462	-0.0522967881	-0.0148305219	-0.0323681318	-0.1083331133	0.0885763041	-0.0088526854	0.0897352238	0.1075954232	0.1061134219	0.0868320198	-0.0219368576	0.0678111591	-0.0546199342	-0.0574110412	0.1110641056	-0.0517826133	-0.0601535728	0.2144991088537722	-0.0025745420178679	6.628266601767822e-06	0.0460098676990624	0.0944970675433722	0.0634713308477614	0.0089296957742966	0.0040286098395859	-0.1722103329849034	-0.0011326163403282	1.282819774378663e-06	0.0296563987867713	-0.0002409017893875	7.444640937460001e-05	5.80336721300994e-08	5.5422678687705325e-09	-0.0019891970186702	6.855916736419991e-05	3.9569047790864124e-06	4.700359429672374e-09	0.0016067639869938	5.854334631000442e-07	3.427323397173109e-13	2.5816905099002126e-06	0.0	0.0
193.6268157332504	0.4783179042738652	37491.3437709981	0.2287880175489424	288.6620530342648	0.3958196188628449	83325.7808619567	0.1566731706767277	179.73551166706218	0.0999313334982616	0.0099862714147407	32304.854154220648	195.6946299568038	204.6810831254339	1.198812	24.636404	0.0895667461712864	0.0543054491948661	-0.0887922862	0.0869909359	-0.0829182551	0.0224449653	-0.0260365686	0.0658945997	-0.1059572978	0.063319161	0.0580825991	-0.0562078927	0.0571497791	-0.0815102111	0.0220164113	0.0043848603	0.1639638268	0.063323959	-0.0244850504	-0.0733755607	-0.0731627595	0.0702090773	0.0459449014	-0.0333785844	-0.0112773867	-0.0560850335	-0.1161014187	-0.1113859751	-0.1094862689	-0.0320623193	0.0783864724	-0.0761555607	-0.0267834964	-0.0159092575	0.022544451	0.0090450034	0.0463267581	-0.0382254313	-0.0601774248	-0.0101712535	0.0284235734	0.0441961674	-0.0170441267	-0.1201724836	0.1548992279	0.0566868524	-0.024617237	0.1603302869	0.1549829616	0.0104138543	-0.0787267755	0.075466011	0.0953277182	0.0722631854	-0.0589693171	-0.1337087154	0.183100691	-0.1157659461	-0.0351707881	-0.0294016143	-0.0401890512	-0.1492477393	-0.1035817075	-0.0734820363	0.0354499744	-0.065883858	-0.077449302	-0.0371085095	-0.0840448488	0.1182417153	-0.0512364404	-0.0557065238	-0.1388262883	0.0052222945	-0.0730300756	-0.0600822696	0.0609040559	-0.0212616968	-0.0451919208	-0.0790500503	-0.1243364801	-0.0759945271	0.0905412619	0.0288140645	0.0475776717	-0.0225334738	-0.0117729115	-0.0262665474	-0.0158444488	0.0853010078	-0.003192761	0.045260543	0.0364221216	-0.0623870863	0.0157467367	-0.0130685963	-0.1235742404	0.1160581023	-0.0814031325	-0.0507929886	0.0507158812	0.1367347141	0.0666497227	-0.100479739	-0.0605457699	0.004059777	-0.1900614691	-0.1238554836	-0.0293089798	0.0368645555	0.0488919237	-0.1530211231	-0.0437111605	-0.0297035002	-0.0561006521	-0.0067004211	0.0859425657	0.0124417577	0.0102061582	-0.0829337468	-0.1811817927	0.0311099241	0.1581519313	0.0342912055	0.0064324788	-0.1346166012	-0.021746176	0.0612380727	0.0849020843	0.0009289675	-0.072749466	0.05793588	-0.0075898159	0.0909816802	0.0129607056	0.050885474	-0.1304910519	0.1670971547	0.0070426682	0.0228842677	0.042589632	-0.090008782	-0.0948200467	-0.1082298629	0.0314417558	-0.1062675203	0.0466114578	0.1106811896	-0.1248134456	0.0904483137	-0.0564859537	-0.0536791777	0.1110641056	-0.059244937	-0.0508269837	0.2252778921565692	0.0107787833027969	0.0001161821694886	0.0507501286945068	0.0601512678503439	-0.0343457996930283	0.0036181750240038	0.0011796339565536	-0.2129016011922146	-0.0406912682073112	0.0016557793083193	0.0453270917902087	-0.0001818887156972	5.90130736903e-05	3.3083504897976845e-08	3.4825428663767773e-09	-0.002005144596507	-1.5947577836799773e-05	4.02060485290122e-06	2.543252388607873e-10	0.0016068212348297	5.72478358999446e-08	3.277314715226986e-15	2.581874480699642e-06	0.0	0.0
193.5979932660884	-0.0288224671620014	37480.18299665641	0.0008307346133046	289.0508051523629	0.3887521180981252	83550.36795922926	0.1511282093257787	179.991392344537	0.2558806774748063	0.0654749211049658	32396.90131812505	196.0339196171309	203.36836998170364	1.099703	22.599649	0.1374722705963483	0.0717909825592608	-0.1011061112	0.0547629453	-0.0619151714	0.0697665616	-0.0598877383	0.0272392297	-0.0694445396	0.0956767296	0.1393148813	-0.0394574556	0.0083624666	-0.0161485753	-0.0245393412	0.050221781	0.1537373301	0.0155846351	-0.0048710726	-0.1304172861	-0.0153758232	-0.0043569715	-0.0448057041	0.0597940624	-0.0279945191	-0.0827213504	0.0042712279	0.0776391273	-0.0026969697	0.0511050625	0.0235451458	-0.0052313077	0.1162816364	-0.0757575517	0.0182702097	0.0158112689	0.0763218209	-0.0964423056	0.0392199939	0.0175898976	-0.0929656918	-0.0175054399	-0.002971604	-0.0632238409	-0.0548076356	-0.0307789041	0.0339502553	0.0062713018	0.1711769326	0.0332828123	-0.0630648824	-0.1167040041	0.0270337914	-0.0609602738	-0.0126005938	0.1085387602	0.1399457339	-0.0317107935	0.1346230869	0.0605143982	0.0409125958	-0.1399101911	0.004177623	0.0354941392	0.1194953935	0.0513884409	0.0608181825	0.0536924255	-0.1489593987	-0.0249048934	-0.1481440925	0.102438814	0.178930043	0.0669156233	-0.0523980419	-0.0818130977	0.001361586	-0.1010050254	0.0153323913	-0.0617815916	-0.0433814601	0.0604612403	0.0030051645	-0.0283275085	0.0058066936	-0.004772085	0.0207270535	-0.1512167167	0.0727863411	-0.0197467516	-0.0213937818	-0.0377531439	-0.019277594	-0.0278000844	0.0260530933	-0.1564903276	-0.0583759317	0.097236493	-0.1332662852	-0.1217333905	0.1078020465	-0.0911338385	0.0751816098	-0.0830034197	-0.0544392075	0.0746971558	-0.0211335936	0.0302759988	-0.0305970728	-0.0787664571	-0.1629247394	0.0221362903	0.0693708797	0.0229086773	-0.0581412952	-0.065205894	0.0999243706	-0.0678695754	0.056894598	-0.0514660287	0.0450425336	-0.0070153487	0.0576818522	0.076113483	0.0272900899	0.0302278872	-0.0148171531	0.0287435175	0.1466545352	0.0725489235	-0.0805625809	0.0345820853	-0.004529303	-0.1077031503	0.1064347218	-0.2036139502	-0.0831820192	0.0385040899	0.0831311671	0.1165711841	0.01340645	0.0672741124	-0.134290253	-0.1529398037	0.0697167645	0.0859846384	0.0260947931	0.0919195622	-0.0150733471	0.0584604324	-0.0583307311	-0.0498665756	0.1106882998	-0.0663509546	-0.0410229053	0.2146854614657201	-0.0105924306908491	0.0001121995879404	0.0460898473647491	0.0039342737957781	-0.0562169940545658	1.5478510300146218e-05	0.003160350420531	-0.1953231004898512	0.0175785007023634	0.0003090036869429	0.0381511135849685	-0.0007189990136178	-0.0005371102979206	5.169595815833694e-07	2.8848747213235573e-07	-0.0016716481972729	0.000333496399234	2.7944076954457366e-06	1.1121984830211021e-07	0.0017979014406464	0.0001910802058167	3.651164505495243e-08	3.2324495902784005e-06	0.0	0.0
193.76418376668377	0.166190500595377	37544.5589107692	0.0276192824881419	289.26489189048067	0.2140867381177713	83674.17768041146	0.0458331314379072	180.0131626608765	0.0217703163395128	0.0004739466735224	32404.738731171183	196.34336755125327	209.05667189479723	1.29192	26.549833	0.2686840528280435	0.1300113151401837	-0.097704302	-0.0104858354	-0.0067013659	0.0223067069	-0.1274969591	0.0395532187	0.0250649607	0.0784830492	-0.1054402063	-0.1268895426	0.0158316363	-0.034970597	-0.0409870851	0.1452395971	-0.0499315941	0.0253539055	0.0202692417	-0.1184585826	-0.024444512	-0.0790062589	-0.1248033878	0.0463333629	-0.06852155	0.0487030036	-0.0577629888	-0.0900016501	-0.0448760774	-0.0556197453	-0.0721580258	-0.0304090235	0.115361324	0.0551314769	0.0533186858	-0.0287543825	-0.0465400558	-0.0303662008	-0.0132336543	-0.0253410659	-0.1558166216	-0.0455140191	-0.0707213094	0.0379776773	0.0309464898	0.0681777353	-0.0244741966	0.0186017608	0.0537481768	-0.0324864798	0.013426905	0.0298671193	0.057932967	0.096999844	0.0075771723	-0.0892498028	-0.1133205196	0.0908902004	0.191543011	-0.1648403833	-0.0253142977	-0.0912815484	0.0606555953	0.0158009873	0.0363309322	-0.0319354767	0.0410479347	0.0397032642	-0.0631872994	-0.0453464799	-0.0383012995	-0.1058318808	0.0727355613	-0.0380490443	0.0941003754	-0.1040346683	-0.0481816454	-0.0231230449	-0.1629324028	-0.1504288605	0.017880237	-0.0128835877	-0.011620754	-0.0488998763	0.0007501104	0.0136558071	0.0143271002	0.0414552056	0.0689194442	0.0554346392	0.1221665856	-0.0417405186	0.0439955353	0.0349702268	-0.0222177093	-0.0090869163	0.0748906753	0.043251412	-0.0643812425	-0.0742885051	0.0659267651	-0.0006495058	-0.1256392528	0.0276783296	0.0468013935	0.0862560524	-0.0608719531	0.0213223889	0.0613903097	0.059866688	-0.0089103448	-0.1651033607	-0.1020379219	0.0286944835	-0.0316764795	-0.1294019497	0.0295746992	-0.1343000162	0.087192028	-0.0251056239	0.0572024716	-0.0460416903	-0.1250049548	-0.0059247199	0.0721284253	-0.0700698405	-0.0555126872	-0.0122940933	0.0765809189	-0.0353628523	-0.1151847993	-0.2299114217	-0.0837902424	0.1049008358	-0.0267358889	-0.0418661648	-0.1666831235	-0.1232084006	-0.0668018968	0.0477346175	0.0007521815	0.0910278957	0.0453351429	0.0202720263	0.0313891628	-0.0575000414	0.0520840986	-0.051761561	0.0533474203	0.0269064485	-0.0601535728	-0.0459789694	0.1099379598	-0.0730579298	-0.0308334408	0.2447787496399769	0.0300932881742568	0.0009056059931388	0.0599166362753104	0.0827496487974599	0.0788153750016818	0.0068475043761029	0.0062118633366557	-0.275636741563467	-0.0803136410736158	0.0064502809425015	0.0759756132997255	4.678813749498054e-05	0.0007657871511127	2.1891298102492043e-09	5.864299608094287e-07	-0.0019699487737614	-0.0002983005764885	3.880698171244044e-06	8.898323393337143e-08	0.0023230486846149	0.0005251472439684	2.757796278477111e-07	5.396555191091016e-06	0.0	0.0
193.4762307081437	-0.2879530585400687	37433.051849030846	0.0829169639225802	289.1138110319293	-0.1510808585513814	83586.79572940612	0.0228254258206225	179.9527204599989	-0.0604422008776168	0.0036532596469301	32382.981600954503	196.08530217080755	209.0485451222281	1.15879	23.813925	0.1159563435652699	0.0747174010461347	-0.0713123303	-0.0518031202	0.0409669591	0.0141520532	-0.0900435606	0.0645516269	0.1875731129	-0.0760359449	0.0392218113	-0.0393947419	-0.0024147286	0.3159349392	-0.0655199505	0.2275122804	-0.1261514499	-0.029781069	0.0091976762	-0.0560166559	-0.0623281804	-0.0358680093	-0.1562298411	0.025866198	-0.1334599449	0.0001212558	0.0711056125	-0.0291582224	-0.0674643437	0.004630319	-0.0882606212	-0.0700155367	0.0870420396	0.0758855386	-0.0371839942	0.0687638829	-0.0558636273	0.0837790414	-0.0629541159	-0.1164677777	0.101411323	0.0623590684	0.0452278534	0.102696323	-0.0691306601	-0.012407571	-0.0831896323	-0.1472772421	0.0742984048	-0.0250622149	-0.0428629924	0.0832403247	0.0688436519	-0.0009548091	-0.0751312525	0.0424890875	-0.0509533418	-0.0859205027	-0.0072394005	0.0081485495	-0.0858273941	-0.0066282709	-0.1512633512	-0.0214297847	-0.1180598051	0.0695493265	-0.021895362	-0.1066694234	0.0246611255	-0.0340260579	-0.0033476938	-0.0050038262	-0.0930430065	-0.0535913945	0.0092521581	-0.1106222225	-0.0413844323	0.1230844245	-0.0129336403	-0.0259361753	0.1108940437	0.2234398953	-0.1004701691	-0.0962976743	-0.028663603	0.113764941	-0.0245904118	0.0192441257	-0.0507586351	0.08456209	0.1570268702	-0.0517682144	0.1285669413	0.1030315638	0.0327053726	0.0622109067	-0.0179807775	-0.0482945544	0.0077654131	0.147693873	0.1063351705	0.0022276819	0.0076965782	-0.0096944991	-0.0489098955	0.0534800547	-0.0026244501	-0.0299231637	-0.0331154809	-0.1050979662	0.0584055157	-0.034527458	0.0548698007	-0.1015750985	0.0322651489	-0.0823680875	0.0064021313	0.0061972753	-0.0299647457	0.0859307444	-0.0698748077	-0.0151107718	-0.0619652461	0.0238775158	-0.1783351418	0.016397056	-0.0299256656	-0.0628075551	0.0605962577	-0.0039974081	-0.0901907231	-0.0259163339	-0.0611233638	-0.068368962	0.0289082663	0.0180157547	0.0214894032	0.0188334199	-0.0086038461	0.0291041253	0.0776098468	-0.0051652291	0.0124199622	0.0298151999	0.1098232874	-0.0188544963	0.0307623403	-0.0628903315	0.0802699593	-0.1366422279	-0.0619537931	-0.0420222065	0.1088156246	-0.0793255261	-0.0203543145	0.244478438493914	-0.0003003111460628	9.018678444960139e-08	0.0597697068884224	0.0487439362227206	-0.0340057125747393	0.0023759713184846	0.0011563884877157	-0.2111787687300079	0.0644579728334591	0.0041548302617989	0.0445964723623221	4.595028873610632e-05	-8.378487588742243e-07	2.111429034931539e-09	7.019905427470782e-13	-0.0019699578242762	-9.050514799841676e-09	3.880733829427019e-06	8.191181814215319e-17	0.0019800486436684	-0.0003430000409464	1.1764902808930045e-07	3.920592631293071e-06	0.0	0.0
193.12659403636627	-0.3496366717774322	37297.88132408742	0.1222458022515998	287.3546848969397	-1.7591261349895717	82572.71493221952	3.094524758803349	179.7979141638553	-0.1548062961435903	0.0239649893256969	32327.28993767308	196.1729983337061	209.63390381016004	1.175347	24.154194	0.1460430617141759	0.0882248516050578	-0.0564842687	-0.0907365433	0.0882974293	-0.0014568756	-0.0418394191	0.0015738641	0.1916055084	-0.002245252	-0.164192863	-0.0127335188	-0.043670122	-0.2047729379	0.1258062835	0.0375035814	-0.0462873888	0.0206720215	0.0569446658	0.0161937025	-0.0699780281	-0.058159574	-0.105906456	0.0378253964	-0.0155433431	-0.0133694903	-0.0652980318	0.1406290749	-0.0592292945	-0.1337351474	-0.0007583004	0.0506531601	0.15801227	0.1155577447	0.0470738667	0.0785713221	-0.0233413146	0.0347769047	-0.0314455535	-0.0475150962	-0.0017055613	0.0486172572	-0.0338531978	0.0627610742	0.0676124817	0.1060849024	-0.0702577133	-0.0457698012	-0.081642589	0.1071253648	-0.0438918709	-0.0035711537	-0.0044591998	-0.0241497691	0.0303792525	-0.115614617	-0.0923661794	0.0139548364	0.0430808458	-0.099264883	-0.0058555599	-0.0657107553	0.0986691729	0.0317348865	-0.0711303706	-0.003015523	-0.0445815493	-0.0529191106	-0.1248726693	-0.1262921805	0.052171463	0.1095074756	-0.091176128	-0.0587367683	0.1322851097	-0.0328778548	-0.11384985	0.1239327715	-0.0943921239	-0.0758413328	0.0549366857	-0.0879234458	-0.121824086	-0.0254608528	-0.1183168452	-0.2012803144	0.0154925359	-0.0230226124	-0.0262713559	0.0514370948	-0.0215405751	-0.0604888918	-0.0434840741	0.1327313169	0.0125253993	0.0277979697	0.0643221529	0.0776487988	0.0238246329	0.092074855	0.0547347838	0.0231109187	-0.0010639073	0.1221467173	0.1083030678	-0.0819673268	-0.074162885	0.0011341284	-0.001714622	0.106126585	0.0694488865	-0.0184959481	0.0468568574	-0.0519015386	-0.0389546278	-0.0816621458	0.0676483709	-0.1236951909	0.1159919401	0.0188476831	0.0117905449	0.0780297543	-0.047980055	-0.1119752415	-0.0351136362	-0.012851197	-0.0553882264	-0.1144060198	0.0128827116	-0.0880500266	0.0037385905	-0.1578084422	-0.0232060462	0.0321328392	-0.001100974	-0.067596349	0.0377901315	-0.0864032811	0.0462461438	-0.1053543995	0.0298033926	-0.0043261473	0.0832164746	-0.0116544532	0.0325603657	-0.0992712668	-0.1897054759	-0.0475376056	0.0105412768	-0.0510416418	-0.0637307152	-0.0380022381	0.1073250918	-0.0851160492	-0.0096839714	0.2446503907896868	0.0001719522957727	2.956759202153585e-08	0.0598538137135464	0.1290845633784272	0.0803406271557065	0.0166628245025991	0.0064546163717722	-0.2328752493494548	-0.0216964806194469	0.00047073727127	0.0542308817595707	0.0002642229278028	0.0002182726390666	6.981375557668367e-08	4.7642944965139146e-08	-0.0015517088141974	0.0004182490100787	2.407800244057901e-06	1.7493223443189606e-07	0.0022202070273879	0.0002401583837195	5.7676049270762624e-08	4.929319244462616e-06	0.0	0.0
192.9265444149972	-0.200049621369061	37220.65153991189	0.0400198510099046	286.774529156488	-0.5801557404517439	82239.63057292537	0.3365806831791112	179.370186655202	-0.4277275086533052	0.1829508216587632	32173.663860722	195.7230026603656	210.503401540754	1.156555	23.768007	0.1244585274478369	0.0653247421506204	-0.0128357016	-0.1285169643	0.0712118247	-0.0894641171	0.1063374336	-0.0492770783	0.1733010832	-0.1541131473	0.0672796909	-0.0013603331	0.0057180054	-0.0432573902	-0.004804416	0.0815208154	0.0408266362	-0.0770975935	-0.0094283617	0.1120694831	-0.1331989308	0.0038250135	-0.0252999187	0.1129387263	0.1035120531	0.0835520629	-0.0226370005	-0.0269369392	-0.0180313044	-0.06005861	0.0514097547	-0.0577616968	-0.045201759	-0.077828981	0.1476972723	0.1109855587	0.1217568618	-0.0370269701	-0.0247980033	0.0006056583	-0.0367311962	-0.002505185	-0.0141121166	-0.023970023	-0.1063818419	0.0795243296	-0.1584916836	-0.0367139412	-0.1044019149	-0.0978635458	0.0194852194	-0.1421023243	-0.0485571449	0.107637941	0.0657573041	0.1690381909	-0.0174138088	-0.0880235906	-0.1597736289	-0.0841820805	-0.0668654248	0.1076868429	-0.0306256094	0.0412871583	0.0384387935	0.1249768502	0.0820767307	0.137389169	0.0287715415	-0.071599201	0.0301863234	-0.000844714	0.030193547	0.1487451575	0.0716636026	0.0584554595	-0.0101304803	0.2160619264	0.0184401021	0.0829346043	-0.0513496421	0.0681953052	-0.0040043581	0.0570694183	0.1818600066	0.0066331556	-0.0796839626	0.0716111566	-0.1199871783	-0.09327971	-0.0491018066	-0.0012697422	-0.0745064489	0.0007143851	0.1442261704	-0.0674997249	0.0047141075	0.1672520708	-0.0675367922	0.0409717853	-0.1024091039	-0.0968719094	-0.0058345308	0.0834506856	-0.0568471503	0.0409401184	0.0088158173	0.0791371251	0.0081444166	-0.1417958078	-0.0179823754	0.0391929598	0.0540578806	0.1001201776	-0.0746482599	0.000143458	0.0921346494	-0.0091680048	-0.2255031061	0.066428671	0.1762900939	0.0381722012	-0.0487097063	-0.0203728344	0.194542906	-0.0141009006	-0.0263973596	-0.106510314	-0.0415497385	-0.00050813	0.0077772818	-0.0187156134	0.0093981717	-0.0936330555	-0.0125283788	0.1122708548	0.1169183234	-0.0688578363	0.0341550535	0.0337775556	-0.090570116	-0.021207195	0.048239004	-0.055751857	-0.0822124214	0.0849120321	-0.0038169123	-0.0580080663	-0.0284123693	-0.0201336802	-0.0654836707	-0.0339251109	0.1054714048	-0.0903946745	0.0010773469	0.2445590536721908	-9.13371174960098e-05	8.342469032479902e-09	0.0598091307330375	0.0851901344168624	-0.0438944289615647	0.007257359001963	0.0019267208938618	-0.1933989691453987	0.0394762802040561	0.0015583766987491	0.0374031612665028	0.0002488221118329	-1.540081596990004e-05	6.191244333698418e-08	2.371851325387281e-10	-0.0019777780924645	-0.000426069278267	3.911606183032516e-06	1.8153502988304745e-07	0.0018417474983305	-0.0003784595290574	1.4323161513434914e-07	3.392033847606655e-06	0.0	0.0
192.64033504452576	-0.2862093704714539	37110.29868606714	0.0819158037456659	287.3031874826668	0.5286583261787996	82543.12153770037	0.27947962583817	179.37713058131342	0.0069439261114325	4.821810984103512e-05	32176.154975585567	195.523110961566	205.3924145882875	1.320406	27.135254	0.2118243911042652	0.1897278509066556	0.0667424066	-0.0753514881	-0.0505807695	-0.0626307687	0.0737488151	-0.0844930278	0.0050845332	-0.0833252893	0.0820502857	0.0669687062	0.0523625294	-0.032309705	-0.0401181684	-0.1527332009	-0.0018309697	-0.017199684	0.0502286936	0.1244540751	-0.0605565744	0.0890670985	0.1021727338	-0.046102251	0.1500084862	-0.1310389036	-0.0262102416	-0.0155245729	-0.0230979604	0.0066438744	0.0534926681	0.2268872573	-0.0201932355	0.1445605199	-0.0215623089	0.0475062009	0.0136321377	-0.0018270548	0.0156520361	-0.0976858742	0.1738855444	-0.0479974752	0.1062270019	0.0694468604	0.0319496168	-0.0439279756	-0.1029436329	0.0256428265	-0.0094453421	-0.0478585649	0.0204897731	0.0900386865	0.0165836994	0.1985617071	0.057217003	0.1242869943	-0.1237132833	0.0032505792	0.0484381874	-0.0221560268	0.0446890968	-0.0741488048	0.0349455763	-0.072049366	-0.0058758434	0.0981610393	0.0799227232	0.059393207	-0.0764852597	0.0402688905	0.0905861914	0.0790946932	0.1533805436	0.0085174284	-0.0122604548	0.0613288814	0.0547594812	0.074085015	0.1747189317	0.1730563593	-0.0274155623	0.0157714337	0.0695483151	0.0553019001	-0.0256027466	-0.1141068253	-0.1364170761	-0.093225114	0.0414658198	-0.0347126293	-0.0906769524	-0.014782117	-0.0954729486	0.0359940234	-0.1105922807	0.1283527164	-0.0367032722	0.0401678691	-0.0128031546	0.0738578785	0.1732920986	0.0424562135	0.0082886999	0.0577188014	0.1039487012	-0.0854238508	-0.0738337235	-0.030723081	-0.0092098134	-0.0289359226	0.1029159407	0.0254211241	-0.1366110123	0.0178536338	-0.1121463279	0.0089668656	0.0120217596	0.0053604806	-0.0804218041	0.098047937	0.1268663146	-0.0425067675	0.0117484715	-0.0542640577	-0.0045769245	-0.0925735048	-0.0498107757	-0.0855914266	-0.0975614235	-0.0682523835	0.2077058639	0.0957943517	0.0012928395	-0.0966073017	-0.021149531	-0.0107986191	0.1317020512	-0.0707480916	-0.2353788655	-0.002533366	0.018989133	0.04684621	-0.0637672534	-0.041286323	-0.0877252776	0.0447768475	-0.0918033586	0.1161851225	-0.1811502301	-0.0628960477	-0.0672120005	-0.029796957	0.103260836	-0.0951296555	0.0118285441	0.2445883071837045	2.925351151369937e-05	8.557679358821415e-10	0.0598234400109901	0.275343853161246	0.1901537187443835	0.0758142374736818	0.0361584367523181	-0.191157204301767	0.0022417648436316	5.025509614143058e-06	0.0365410767564674	8.70351526416741e-05	-0.0001617869591912	7.575117795359511e-09	2.6175020164343388e-08	-0.0019729136439738	4.86444849070013e-06	3.892388246577977e-06	2.366285911867477e-11	0.0020630891707433	0.0002213416724127	4.8992135946495195e-08	4.256336926438277e-06	0.0	0.0
192.73260774949668	0.0922727049709237	37145.85808992135	0.0085142520826511	286.8189870175518	-0.4842004651149523	82265.13131377456	0.2344500904175361	179.56427983401733	0.1871492527039038	0.0350248427876296	32243.33059230928	195.79550167156404	202.9652162171089	1.183454	24.320789	0.1985979577682347	0.1465452726414765	0.1070442553	-0.003222271	-0.0854862597	0.081067731	0.0594628509	-0.0090484781	-0.0328641964	-0.0024695926	-0.1095305198	0.007030323	0.2402017626	0.025612096	-0.0027616075	-0.1024944195	-0.0121553883	0.026306389	0.0616405383	0.0947641848	0.0608987597	0.0355210592	0.0509854831	0.0979657877	-0.0650370432	-0.1493095608	0.0611301836	0.1035276492	0.0602522231	-0.0337781659	-0.0743606215	0.1666087119	0.1546772861	-0.0151197772	0.0760654926	-0.0379234646	-0.0321658391	0.039240808	0.1496990359	0.0664361131	-0.0013815778	0.0822062608	0.0148317697	-0.0387838306	0.0234391073	0.0185208602	0.0674472728	0.184533755	-0.2241907612	-0.0214341482	0.1598776961	0.0606617726	-0.0571049787	0.0430530056	-0.1464856859	-0.1663391537	0.0687497369	0.0802610064	-0.079012895	-0.001388907	-0.1050992792	0.086561166	-0.0185062938	-0.0724110927	0.0341447774	0.111220755	-0.0493906436	-0.0033197753	0.1209815566	0.0224505394	0.042911506	-0.1089434781	0.0512578879	-0.0345702896	0.0851181304	0.0765760746	0.0399593224	0.0267928071	-0.0672919248	0.0548046623	0.0412343677	-0.2160155046	0.1035390643	-0.08448069	-0.1399978853	0.0267657633	0.0688790218	-0.1349416187	0.1542297567	-0.0915082576	-0.0054256792	-0.0869169411	-0.0984461035	0.0545682052	0.009064182	-0.0817210333	0.1003662381	-0.0437725115	-0.0355760693	0.1130094488	-0.1112122013	-0.0174669863	0.1255286634	0.0211992294	0.1655544515	0.0503453921	0.0371711448	-0.0997248144	0.1479782441	0.0947729069	0.0806158751	0.0630416128	-0.0397575669	0.0821006138	0.0503841422	-0.045987669	-0.0596903867	0.0996650533	-0.1261004289	0.0133184338	-0.0850211374	-0.1580924756	-0.0678303976	-0.0244485673	0.1258039314	-0.0314049162	-0.034320012	-0.0037827479	-0.1225541992	-0.0966487638	0.0725523221	0.0015348849	0.0380554903	0.1009096613	-0.0053166741	0.0685553175	0.0141804783	0.0412606966	0.0376209657	-0.1443403871	0.1549960277	0.0574197884	0.0612350479	-0.0534574973	-0.1461387965	0.0845160503	-0.1247257295	-0.0066926077	0.0498926923	0.1713613615	-0.0689150546	-0.0256239856	0.1007008652	-0.0992925156	0.0224686191	0.2444493414155317	-0.0001389657681727	1.9311484723854735e-08	0.0597554805184871	0.1329520665285741	-0.1423917866326718	0.0176762519942183	0.0202754209004443	-0.2189459515362557	-0.0277887472344887	0.0007722144728623	0.0479373296941164	0.0001080574045048	2.10222518631259e-05	1.1676402668313972e-08	4.419350733967003e-10	-0.0017353763808944	0.0002375372630793	3.011531183366146e-06	5.6423951351251974e-08	0.0023700988184588	0.0003070096477155	9.425492379039552e-08	5.6173684092598e-06	0.0	0.0
192.9492072235153	0.2165994740186079	37229.396568183045	0.0469153321451376	287.7942166054717	0.9752295879198982	82825.51111155718	0.9510727491544144	179.79941508654488	0.2351352525275558	0.0552885869811974	32327.829665463665	195.82075024902093	201.7553104376884	1.130342	23.229307	0.0740096941421655	0.0405330545022265	0.099132585	0.0624773293	0.0588851873	0.1210706257	0.0378557529	-0.0301452234	-0.1036852228	-0.0353836113	0.0879715398	0.0720382057	0.0817075951	0.0319659809	-0.014917621	0.0134686152	0.0580942037	0.0520928094	-0.0084032517	0.0096057221	0.0433243243	0.0470980014	0.0879203648	0.0518186421	-0.0507112321	-0.0239464113	-0.0229527486	0.1026787644	0.0243829139	-0.0153405005	-0.0715364516	-0.0419780062	0.0402448695	-0.1174436766	-0.1277244608	-0.0832837114	-0.0969887326	-0.0906785602	0.0108195868	-0.0250802691	0.0445286333	0.0142579446	-0.0357268203	0.02677196	-0.0653035457	0.0548322133	-0.0780820845	-0.0068336101	0.0805527814	0.0878391043	-0.0779201246	-0.079773769	0.0079895632	0.2145256438	0.0017550317	-0.0844600605	-0.0323077487	-0.0400669709	-0.0220995694	-0.0189109271	0.0128532147	0.0009502754	0.2032451108	0.0532588401	0.0589980517	0.0686021461	0.1860276862	0.050842709	-0.0931958973	-0.0128674843	-0.1249017229	-0.0533504913	-0.0515850806	0.0915240018	-0.0543903442	0.0364469758	0.0533191481	-0.0373667105	0.0394565871	0.0614117047	-0.0023130259	-0.0411480021	-0.0488194958	-0.0592847746	0.0208619581	0.0389883586	0.1101669988	-0.0953595566	-0.0495103115	-0.0194333633	0.0952165406	-0.0390674152	-0.0482323885	0.0603420433	0.105909783	0.0873370217	-0.0050041807	-0.0748705598	0.0179000035	-0.054371351	-0.0451864204	-0.0778856545	0.1085057706	-0.0010345814	0.0636032716	0.0400609604	-0.1171442034	-0.0590694281	-0.1017309394	-0.0167163356	-0.0067016981	-0.0948418792	0.0586594388	-0.0184295905	-0.0632012528	-0.0110304668	0.0104685832	-0.1258687195	-0.0336434823	-0.1684622932	0.1589154293	-0.0909670842	-0.0744129755	0.1382419306	0.0209083906	-0.0210498717	-0.0250872501	0.0675754074	-0.05315979	-0.0158257443	0.0676563493	0.1052716255	0.0158565577	-0.032971701	0.0057797174	0.1404319612	0.056485816	-0.1278780349	0.0422429829	0.0382536356	0.0599584321	-0.0159529869	0.0341973934	0.0089414463	-0.0093583076	0.09726267	-0.0249119247	0.0332126809	-0.0885904525	0.0532094166	-0.0705921926	-0.0214124734	0.0978001546	-0.1028582188	0.0328976148	0.2446770369559772	0.0002276955404454	5.1845259138765555e-08	0.0598668524135566	0.1298359646319937	-0.0031161018965804	0.0168573777119203	9.710091029871988e-06	-0.2027500017531593	0.0161959497830964	0.0002623087893765	0.0411075632109061	-8.99147771781651e-05	-0.0001979721816829	8.08466715499908e-09	3.919298472031294e-08	-0.0024061015978018	-0.0006707252169074	5.789324898944376e-06	4.498723165954789e-07	0.0021493972786083	-0.0002207015398505	4.8709169692381864e-08	4.619908661288766e-06	0.0	0.0
193.16249789833537	0.2132906748200866	37311.75059432442	0.0454929119652079	288.4590865574094	0.6648699519377033	83208.64461753501	0.4420520529896438	179.93693165942372	0.1375165728788374	0.0189108078163406	32377.29937500812	195.82964998952093	203.4935020157465	1.11134	22.838799	0.0508558600100567	0.0260857299310469	0.0512490828	0.1041114337	0.1401703706	-0.0602893765	0.0085988081	0.0236436152	-0.1540555492	0.0038488777	0.0727004021	0.0263970184	-0.0213387675	0.0117840775	0.0455796354	0.0225504259	-0.048449676	0.1010516337	-0.0730158069	-0.0510939957	0.050924905	0.0677132219	0.0258347677	0.0169056999	-0.0071022332	0.0795487196	0.0569953883	-0.0694900739	0.010617203	0.0537871536	-0.0211426163	0.0629288367	0.0045376378	-0.0201120131	-0.0238479915	-0.1132081899	0.0475655012	0.1105809684	0.0800716516	-0.0380946704	-0.0128696967	0.018276183	0.0831901026	0.1300388933	-0.0008806094	0.0532274325	0.0118446457	-0.2143877208	-0.0636684064	0.0226152668	-0.0436461551	-0.0750839602	0.0614809172	0.036528892	-0.0421811178	0.084945955	-0.0301365866	0.0588631293	-0.0455199057	-0.0194027699	-0.0471647997	0.080988582	0.0099578819	-0.008360115	0.0039911042	0.1896833517	-0.0786829603	0.0481093868	0.0667654977	-0.0506353249	-0.0148071606	-0.1367258877	0.0482184933	0.0823528126	-0.1083833817	0.0025320826	0.0575608539	-0.0645844291	-0.0190730239	0.0264559328	-0.0284554737	0.0167930433	-0.0617662197	0.0015767599	0.0246359673	0.0774679565	-0.0413036405	0.0591832702	0.0672662852	-0.002843963	0.0385645429	-0.0411698967	-0.0457007398	-0.0310385908	-0.1203569414	0.0459506283	0.060443917	-0.0890188823	0.0753163131	0.0332457829	-0.0123866403	0.0429149352	-0.00551018	0.0526213867	0.072931042	0.0357076511	0.0478710269	-0.0069517027	-0.0373734101	-0.1456194987	-0.0598317524	0.0948996169	0.0682430721	-0.0933283054	-0.0617275782	-0.060794421	0.0485100532	-0.036623409	-0.0069226546	0.1034603154	0.1577040859	0.0860658139	-0.1259463869	-0.0976928641	0.0890685059	0.0305314007	-0.0250646515	0.0676515359	0.0304160888	-0.038885444	0.1118465168	0.0453594069	0.1241113737	0.0174757893	0.0138725366	-0.0771393352	0.1089520657	-0.0231444128	-0.0775590492	0.0436807049	-0.0046032516	0.0843729242	0.0941444227	-0.0469212281	-0.0377721731	-0.0891076316	-0.0024948286	0.0392457704	-0.0643294011	0.0921114739	-0.0722427837	-0.0171687548	0.0945685192	-0.1058053206	0.0430175569	0.2562005910916269	0.0115235541356497	0.0001327922999172	0.065638742875699	0.1397592335052024	0.0099232688732086	0.0195326433499616	9.847126512999236e-05	-0.2024536712708027	0.0002963304823566	8.78117547737014e-08	0.0409874890110262	-0.0001457768766369	-5.5862099458734896e-05	2.125089776200996e-08	3.120574155937589e-09	-0.0019781685246265	0.0004279330731753	3.913150711822984e-06	1.831267151172568e-07	0.0022478562363511	9.845895774280004e-05	9.694166359798484e-09	5.052857659302532e-06	0.0	0.0
193.41706186278765	0.2545639644522737	37410.15981963342	0.0648028119976584	288.6761128443846	0.2170262869751695	83333.89812694387	0.0471004092382286	179.8234835783347	-0.1134480810890181	0.0128704671027804	32336.48524624761	195.8908653750963	203.73491844934523	1.203765	24.738192	0.1468398655003161	0.0738678228981018	-0.0452225367	0.1083979719	-0.0661598529	-0.1266069094	-0.0279297503	0.0846522954	-0.0990105747	-0.0169207883	-0.0527038732	-0.0462398237	0.0395465984	-0.0407520301	0.0837896511	0.0033107809	0.029541789	0.0237111769	-0.0508722752	-0.1126322536	-0.0190159079	0.0311432707	0.0025870977	0.0190410073	0.0085512553	0.0569846153	0.0535253606	0.0270397678	-0.0686717689	-0.1120755944	-0.0525602464	-0.0358823111	-0.0281787624	-0.022627146	0.0249716231	-0.0898014523	-0.0925739726	-0.0610426622	0.0570379335	-0.0365896119	0.0319201577	0.047679098	0.0813016963	-0.0684529532	-0.0523751822	0.0131043804	0.0996154738	0.0179262683	-0.0044407476	0.0548320491	-0.01222377	-0.009750451	0.0562615551	-0.0206812271	-0.0879175545	0.0537429018	0.0252717958	-0.0524290458	-0.1006795345	0.0859805907	-0.0156279816	-0.0392272362	0.0150984796	-0.0409103214	-0.1164550724	0.0445553209	-0.0164942896	-0.0512654837	-0.0517787489	0.0827206471	0.0335755064	0.1004654812	0.0619648619	0.0237348149	-0.0521179449	-0.0744046308	0.0298250834	-0.0281917081	-0.0974123165	-0.0692231758	-0.0428773363	-0.0494063887	-0.0371972801	0.0424082158	0.0087189384	0.0428402995	-0.0007506863	-0.0078065152	-0.0711869903	-0.0797435543	0.0889226049	0.0193561232	0.0087457177	0.0645237427	-0.0138937737	0.0694381371	0.076730245	-0.0449510307	-0.0914819436	-0.0285807672	-0.0300545246	0.0572941813	0.1154246909	-0.0411044522	0.0597241089	0.0123299407	0.0748736747	0.0076946625	-0.0286725434	-0.0599130564	-0.0362666998	0.0066511334	0.0540195656	0.0101469505	-0.002416333	-0.0137355173	0.0012312361	0.0903694267	-0.0478777427	0.0096477401	-0.0437237347	0.0159806033	0.0233930671	0.0208891821	-0.0829789359	-0.044091597	-0.0444484028	0.0981100992	0.0426523408	-0.0021290813	-0.0381422447	0.0055830889	0.0242809025	0.0664776246	-0.0342926432	0.0989677412	-0.0027601037	0.0949864297	-0.0354194849	-0.0697170904	-0.0949884526	-0.1113347701	0.0180738978	-0.0300957867	0.0457493574	0.0870570213	0.0524523955	-0.0278473396	-0.0336482327	0.1294897696	-0.0738662073	-0.0128992127	0.0910168938	-0.1081160967	0.0527333744	0.2445515026034712	-0.0116490884881557	0.0001357012626048	0.0598054374256155	0.0810693988957353	-0.058689834609467	0.0065722474373158	0.0034444966864866	-0.238963401512926	-0.0365097302421233	0.0013329604023526	0.0571035072626278	0.0004062143618487	0.0005519912384856	1.6501010777214656e-07	3.0469432736486657e-07	-0.0020930709425293	-0.0001149024179028	4.380945970460492e-06	1.3202565639909716e-08	0.0021149256495281	-0.000132930586823	1.7670540913107194e-08	4.472910503031855e-06	0.0	0.0
193.28372425381832	-0.1333376089693274	37358.59806142608	0.0177789179656572	288.5137808493377	-0.162331995046884	83240.20173997966	0.0263516766159015	179.72650814042848	-0.0969754379062237	0.0094042355571038	32301.617728351503	195.7226949774228	203.26650220498271	1.057208	21.726353	0.1046794886732099	0.0575147063928018	-0.0966519382	0.0843317571	-0.0931991885	0.0387969952	-0.0152151668	0.1042960588	-0.034391721	0.019679177	0.1042074334	-0.0440980451	-0.0936533422	-0.0054981785	-0.05451779	-0.0273011982	0.0263986611	0.0128483562	-0.0954225441	-0.1211231566	-0.076868552	0.0321894746	0.0195626289	0.0529707563	0.1351805419	0.0341076345	-0.0130639219	-0.0456825134	0.0102580209	0.0585321065	0.0124190592	0.042670151	-0.0366080767	0.1004469332	-0.030710859	-3.75099e-05	-0.0308124712	0.0124863887	-0.0304162448	-0.0267360944	0.0811880482	-0.0882250311	0.0443683325	-0.1676590559	0.0423255182	0.0169075436	0.0552394972	-0.0603582279	0.0311428689	-0.0200434918	0.110367352	-0.0661299022	-0.0465057218	-0.0649718379	-0.0222822925	0.0470809337	0.0247249074	-0.1172453181	-0.1483882876	-0.0180272915	-0.046930768	0.072299545	0.011218169	0.0814285679	0.0209866221	-0.0169231961	0.069909172	-0.0058970343	-0.1667265975	0.0229641132	0.1181632054	-0.0107798109	0.0312307691	0.0157074266	-0.103776543	-0.0821891123	-0.0150283563	0.0095676759	-0.0287256858	-0.0098437116	-0.0497080686	0.0649285851	-0.0173736391	0.0213497808	0.1070997976	-0.0286373182	-0.1028950963	-0.0283210469	0.0035885774	-0.0285009413	-0.0388740658	0.1257554343	0.0039831066	0.0858916127	-0.0427375184	0.0380638407	-0.0036481395	0.0498341568	0.0146167967	-0.0273348281	-0.0959136912	0.1768135238	0.0453519554	-0.0083483305	-0.0577110144	-0.0136346682	0.0571963365	-0.0862078498	0.0629233279	0.0725387107	0.029187942	0.1517038135	0.0800436026	0.0843945582	-0.0760534181	0.0113291109	0.0294368756	-0.0623232828	-0.0741126999	0.0717831087	-0.0035990901	0.0483053579	0.1193170028	0.0716230575	-0.0752307652	0.045893084	-0.0057344322	0.0477973895	0.1168150448	0.0886048069	-0.0068443485	0.0802938	0.026758855	-0.0926820554	-0.0648945658	0.0430495366	-0.0596691249	-0.0539759906	-0.0048293986	-0.0201491311	-0.0614440764	0.0421610936	-0.0423508226	-0.0276049252	-0.0183932783	-0.062804984	-0.0453704617	-0.0267124242	-0.1070092502	0.0802633196	-0.0754618528	-0.008610269	0.0871572961	-0.1097766499	0.0619537931	0.2446424238662103	9.092126273910206e-05	8.266676018072829e-09	0.0598499155551345	0.0571939458764347	-0.0238754530193006	0.0032711474449165	0.0005700372568768	-0.2010135720471808	0.0379498294657452	0.0014401895564791	0.0404064561471671	-0.0002160362120742	-0.0006222505739229	4.667164492736872e-08	3.871957767473784e-07	-0.0022087462227085	-0.0001156752801791	4.878559876329065e-06	1.3380770444536353e-08	0.0022322654939345	0.0001173398444064	1.3768639085318161e-08	4.983009235410637e-06	0.0	0.0
193.23120009719003	-0.0525241566282943	37338.29669100029	0.0027587870295135	289.3381942564627	0.8244134071250073	83716.59065559055	0.6796574658474631	179.81280648185034	0.0862983414218661	0.0074474037321649	32332.64537487936	195.92005331518715	206.0534879467692	1.078328	22.160376	0.1778564916326389	0.109818784475545	-0.102058123	0.0001475954	-0.0059559931	0.0624484731	-0.0885215699	0.0400525596	0.0465304377	0.0687795872	-0.0187329503	-0.1116656454	-0.0417406032	-0.0055672015	-0.0068298195	-0.0907296477	-0.0091314463	-0.1154707094	0.0089326987	-0.0182715113	-0.099933155	-0.0521223543	-0.0421179475	-0.0744937261	-0.050133677	0.0343204176	-0.0323389399	0.0686634152	-0.100001534	-0.0160963547	-0.0523862641	-0.0908543898	0.0536001287	-0.0615807371	0.0908066246	-0.0253308711	0.0630117171	-0.0374489971	0.0922333145	0.0269599806	-0.0374853246	-0.0500621121	0.0774277342	-0.0556753909	0.0386104578	-0.0753447358	0.1599027438	0.093155119	0.029510114	-0.0851063618	0.0236290785	-0.075032102	-0.0883626873	-0.0461952424	-0.001517445	-0.0878101895	-0.1321874587	-0.0607762279	0.1013558152	0.0578541495	0.1144193511	0.0113633754	-0.0579164205	-0.0757891891	-0.0790883621	0.024128271	-0.1022219258	0.0336921044	0.0949640743	0.0753457565	0.0218375391	0.0655984151	-0.0543058139	-0.0245043043	0.0011003332	-0.0946137656	-0.0260911038	0.0345738362	0.00299364	-0.1096351825	-0.0624634834	-0.0165550183	0.0270454885	-0.0872762742	-0.132725066	-0.0521732438	0.056425749	0.1071506115	-0.0246966863	-0.0458044725	0.0593936092	-0.06304694	0.0116202771	-0.1000863925	-0.0555661751	-0.0623013962	0.0043840864	0.0427611276	-0.122769049	-0.0249387924	-0.0046697411	-0.0387956807	-0.0080164231	-0.0686821556	-0.0294686234	-0.0278113539	0.1557153677	0.0026068767	-0.0807421731	0.0838625235	0.0113456864	0.0039988327	-0.055360315	0.1876010696	0.0650514908	0.008936407	0.0315337767	0.0949975088	0.0830946454	-0.0039377549	0.0695708071	-0.0373068228	0.034189058	0.0190547919	-0.0402638719	-0.1185575904	-0.0462316446	-0.0452001242	0.0870813671	-0.01330929	-0.0055057778	-0.0269360311	-0.1128876295	0.0287003753	-0.0346943427	0.0044215227	-0.0238211951	-0.0425349513	-0.0431476503	0.0308434935	0.0463771597	0.083348264	-0.0298862587	0.053338556	-0.048970928	0.0824199586	0.0504701079	-4.08793e-05	-0.0795530054	-0.0023858339	-0.0770291202	-0.0043083746	0.0830027857	-0.1107769935	0.0705921926	0.2446945998790823	5.2176012871996136e-05	2.722336319218706e-09	0.0598754472099841	0.1473432045232954	0.0901492586468607	0.0217100199191936	0.0081268888345785	-0.255312389436412	-0.0542988173892312	0.002948361569869	0.0651844161997301	0.0002091279930063	0.0004251642050805	4.3734517458843064e-08	1.807646012817335e-07	-0.0021632525883206	4.54936343878996e-05	4.679661760875776e-06	2.069670769819881e-09	0.0024287324461396	0.0001964669522051	3.8599263308761093e-08	5.898741294931245e-06	0.0	0.0
193.15538421931424	-0.0758158778757831	37309.00245291091	0.0057480473380756	288.84022746705574	-0.4979667894069735	83428.6770032205	0.247970923352289	179.66898648781878	-0.1438199940315598	0.0206841906832379	32280.94470556001	195.93632058802496	204.7214887169912	1.10327	22.672953	0.2211376873696231	0.1302948305199885	-0.0651717675	-0.0352104028	0.0254144798	0.0870932838	-0.0712957447	-0.0620092048	0.0057872221	0.0598165254	0.0232932737	0.035265138	-0.0711576349	0.1448022488	0.1309921699	-0.013553554	0.1394295535	-0.058251267	0.0080969803	0.0206118695	-0.0696628257	-0.0627993495	-0.0196194797	-0.1216152257	0.0621127237	-0.025355407	0.0227502255	0.0451883855	0.0737947898	0.0257002227	-0.0245825459	-0.1992883097	-0.000907164	0.144167722	-0.005276941	0.082499826	-0.0701505394	-0.117916942	0.0606365747	-0.0148164691	0.0432104057	-0.1084199745	0.0520746277	-0.1326301493	-0.1623296158	0.0471402497	-0.0312475092	-0.0041802956	-0.0088711292	0.0057184095	0.0965644051	-0.0346191064	0.1349775654	0.0722923233	-0.086064852	-0.0505596378	0.0730691831	0.076704383	0.0022748942	0.0579033806	0.0312948879	-0.0414034157	-0.102095059	0.0029855812	0.0397708902	0.0349741758	0.0767234419	-0.034920886	0.1541883324	0.0145007934	-0.0166440841	-0.0159005489	-0.0209231777	-0.0020372469	0.0043961657	-0.0124662194	-0.0636967254	-0.0148465104	0.1302790211	-0.0166023029	-0.0522064732	0.1180639315	-0.0717941175	0.0222890535	-0.0988938079	-0.0462398924	0.0443499864	0.0043969815	-0.1525887071	0.1080351735	0.0037783746	0.2269270612	0.0223434719	0.0493651674	0.0654383438	0.0784068859	0.083777204	0.1150823519	-0.0262663162	-0.0331857197	-0.0550863269	0.0251304151	0.1063765072	-0.0890534454	0.0608577945	0.0873524138	0.0813554613	0.0217489136	0.0576030225	-0.0813635865	-0.0412398801	-0.0612114161	-0.0139577931	0.1026583842	-0.002668724	0.0577495823	0.0517005469	0.0116651956	0.0055568206	-0.0149975451	-0.0336070128	-0.1387990565	-0.0355538863	-0.084093588	0.0326526378	0.0469665626	0.0125778493	-0.0924487406	0.052792383	0.0707720936	-0.0323625102	0.164165761	0.0074303168	-0.0550370326	0.0389373562	-0.0288943337	0.0363544775	0.1560040425	0.0442827446	-0.0186560641	0.117073447	-0.0359626923	-0.0032097506	0.0397807666	0.0738881809	-0.0089380618	-0.0453504349	-0.0328389935	-0.1009564585	-0.00520854	-0.0785674201	-0.0	0.0785674201	-0.1111111111	0.0785674201	0.2447360937343887	4.1493855306412586e-05	1.7217400281895041e-09	0.0598957555763675	0.0456670209170795	-0.1016761836062159	0.0020854767994409	0.0103380463127249	-0.1904828561758762	0.0648295332605357	0.0042028683827789	0.0362837184969195	-0.0004933199404306	-0.0007024479334369	2.433645636264508e-07	4.934330991897715e-07	-0.0018690796971547	0.0002941728911659	3.4934589143159047e-06	8.653768989690463e-08	0.0023335437377911	-9.518870834850004e-05	9.0608901970558e-09	5.445426376184057e-06	0.0	0.0
193.26314390933325	0.1077596900190087	37350.64279371966	0.0116121507929928	287.4914644708086	-1.34876299624716	82651.34214357019	1.8191616200456169	179.77301441381763	0.1040279259988494	0.0108218093876221	32318.33671143068	196.1890580690857	206.85621763076625	1.146183	23.554842	0.2086325282298984	0.1265606834327944	-0.0267418205	-0.1050301018	0.0163512049	0.0031106191	0.0483470167	-0.1559575552	0.016131036	0.0459070037	0.0486798329	-0.0626401763	-0.0663766631	-0.0980921597	0.0574976905	0.0080210767	0.0272041115	0.0466711855	0.0817581636	0.0880918625	-0.0104483865	-0.039570364	0.0199837292	-0.1465627424	0.0799779438	0.0541645353	-0.1800290056	-0.0203401705	-0.0843374996	-0.1069097994	0.0677607335	-0.0896052173	0.0263784979	-0.1313347635	-0.0361667291	-0.0352283803	-0.154684854	-0.0672305094	-0.0411149682	-0.0414533296	0.018434588	-0.0560357698	-0.100822916	-0.0772490358	0.0148217999	-0.0803542307	0.0149929703	-0.0763245619	-0.0499829118	-0.0712478907	0.0149318806	-0.1038559533	0.0481042187	0.0179710245	-0.0085181492	-0.0302398415	0.0405217475	0.0385153463	-0.0316374334	0.0724512854	0.0207490723	-0.0259537961	0.1122111306	-0.058895237	-0.1036931609	-0.1924400552	-0.0245482153	0.0279634714	-0.0664989074	-0.0263210562	-0.003302608	-0.0129528318	0.0350711207	0.0356568089	0.1165591932	0.0840648412	-0.0091550142	-0.0487590951	0.0764839284	-0.0645401578	-0.1140790148	-0.0751220156	0.0715334458	0.0318831434	0.0630315063	-0.1485407648	0.025052382	0.0850997822	-0.1071503653	0.0934614128	-0.0379727809	-0.0698288552	0.0112934832	-0.0108524474	0.0883834089	0.1361188725	-0.0317440476	-0.0944638615	-0.0455917814	-0.133440144	-0.0853357784	0.0040871117	0.0633086581	-0.0025438369	-0.1528677483	0.0174310331	0.108862391	-0.0770119767	0.0583949697	-0.0349287039	0.0075989091	-0.0773706396	0.0493497259	-0.0087796889	-0.091406329	-0.0340880168	-0.0482417302	-0.0030093319	0.0462816605	0.0078315792	-0.0054095241	0.0983258778	0.0165615908	-0.0558137552	0.0079389043	-0.1402624622	-0.0317484646	-0.0993860339	-0.0250981255	0.0199958061	0.0652309461	0.0150827236	-0.0400940575	0.0270014193	-0.0959972795	-0.0015804196	-0.0845393788	-0.0126586003	0.054464119	0.0252317924	-0.0366037912	-0.0193378919	0.0753379335	0.0137252814	-0.0703694831	0.0359514116	0.0128084062	0.0228804234	-0.1414947143	-0.1350567581	-0.080076174	0.0043083746	0.0738662073	-0.1107769935	0.0858045533	0.2526689434621261	0.0079328497277373	6.293010480286319e-05	0.063841594990267	0.152135299022774	0.1064682781056945	0.0231451492087488	0.0113354942427915	-0.2203332853692927	-0.0298504291934164	0.0008910481230311	0.0485467566416261	0.0004660333772736	0.0009593533177042	2.1718710873303763e-07	9.203587881900556e-07	-0.0020059160647032	-0.0001368363675485	4.023699258634373e-06	1.8724191483868267e-08	0.0025249734765994	0.0001914297388083	3.6645344900213976e-08	6.3754910575304606e-06	0.0	0.0
193.90956222915523	0.6464183198219757	37600.918323902624	0.4178566442014661	287.76947074114133	0.278006270332753	82811.2682906366	0.0772874863443277	179.9297830739098	0.1567686600921547	0.0245764127870895	32374.726837024235	196.2390045195604	209.9821851152537	1.272241	26.145433	0.22953849065085	0.1404415910099418	0.0379360285	-0.0944755369	-0.043529919	-0.1085354546	0.0459575757	-0.1099795992	-0.0373005129	0.0469490167	-0.0653991239	-0.0747794388	0.0841358334	-0.0205173514	-0.1145091012	0.1613525802	0.0102979648	0.1575083295	0.0249827252	0.0659192059	0.0516059725	0.0213960676	-0.0812497889	-0.1350195105	0.015548316	0.1203446893	0.0314542588	-0.058398471	-0.0793944424	0.0546832689	-0.0413869922	0.0398999837	-0.1505100908	0.0024273317	-0.0244676498	0.0478860255	-0.0847177495	-0.0702678065	-0.0270938946	-0.0163857846	0.0235816706	0.1064749675	-0.0051284204	0.0778299466	-0.0688148848	0.0917384991	0.0291803325	0.1297833134	0.0153390117	0.1864763521	0.0733294082	-0.0464584166	-0.0483168773	-0.0152637427	-0.096525567	0.0253932917	-0.049129442	-0.0512668369	-0.1476554442	-0.0464903709	0.1128603527	0.0327735648	0.0890472298	0.1784061696	-0.0768407309	-0.0207841682	-0.0916238179	-0.0325816643	0.0012083101	-0.1057690487	0.0159358081	0.0793052057	-0.0900566005	0.0338816429	0.0814154647	0.1225251965	0.0547815366	-0.0718137011	-0.0583482931	-0.0981131821	-0.1175437511	0.0328175629	0.0484714542	0.0840719	0.0110867231	0.0546240035	-0.0413581668	0.0248528655	-0.0210310902	-0.0526211836	0.0638898887	0.0671228838	0.0949116325	-0.0334813561	0.146652277	0.0632121706	0.0652462309	-0.1201730212	0.071911725	0.0531872258	0.0504971041	0.0043483383	0.0139581247	-0.0135939277	0.1902882976	0.0368009918	-0.0391891958	-0.0182080822	0.0383039733	0.1863882971	-0.0267081745	0.0279740776	0.0048968445	0.0288848493	0.0608444522	0.1055751539	-0.0689386813	-0.0480793988	-0.025593413	0.0567339414	0.0989236175	0.1956108202	-0.0703643593	0.0978955115	-0.0177809737	0.1423741568	0.0040759024	-0.0165907351	-0.0779222716	0.045421824	-0.1912868722	0.0708686421	-0.0800279668	0.0695418898	0.0979664549	-0.0655358684	-0.0774078446	0.0767386435	-0.0320311459	0.1145431509	-0.0793775327	-0.0537774156	-0.082491245	-0.0439638546	-0.0350609874	0.0078236367	-0.026108632	-0.151708576	-0.0342124569	0.0425726751	-0.0815548146	0.008610269	0.0689150546	-0.1097766499	0.0922356034	0.2491784347895418	-0.0034905086725842	1.2183650793386192e-05	0.0620898923641659	0.03287834327908	-0.119256955743694	0.001080985456777	0.0142222214932533	-0.2626287166870895	-0.0422954313177967	0.0017889035103584	0.0689738428287075	-0.0004878016812332	-0.0009538350585068	2.379504802139365e-07	9.098013188366704e-07	-0.0020080339982373	-2.11793353409968e-06	4.032200538076877e-06	4.485642454863961e-12	0.0021910145703048	-0.0003339589062945	1.1152855109348528e-07	4.800544847287928e-06	0.0	0.0
193.7102814793493	-0.1992807498059221	37523.67315080874	0.0397128172432105	287.1965666172608	-0.5729041238805053	82481.86787674273	0.3282191351592893	180.08655481437404	0.1567717404642508	0.0245773786081904	32431.167224910547	195.9134988159305	204.66008463563915	1.274606	26.194035	0.1242371530432625	0.0767719084588473	0.1143855116	-0.0295113667	-0.1678522874	-0.0117481769	0.0753584919	-0.0380760591	-0.0512986132	0.009890154	-0.0472195423	-0.0643591122	-0.0843740468	0.0461437313	-0.0190628141	-0.0069001985	0.069919073	0.0613700101	0.0467071897	-0.0003292568	0.1271996642	0.0501772899	-0.0435158382	-0.0245027156	0.0422044573	0.0464338996	0.0485201419	0.0300791966	-0.1778163673	0.1204332616	-0.0646263989	0.0890567411	0.0011508446	0.0494609356	-0.1516011736	-0.0329663764	0.0100566359	0.1508469186	0.0477978214	-0.0086117994	0.0204414435	0.1051349245	-0.0622494471	-0.001722643	-0.1145888557	0.0312419058	-0.0755533554	-0.0676202624	0.1232747036	0.0018718618	0.0972232104	0.125544712	-0.0484281664	-0.0415641921	0.0224902457	-0.0425753386	0.0633779435	0.0819614706	-0.0004427517	-0.0742920424	-0.018155029	0.1262478829	-0.0912401632	0.035587316	0.0969303972	0.0720444937	0.1041067141	-0.101416435	-0.0110443521	0.082361331	0.0141596034	0.0915731551	-0.0631685133	0.0456649912	-0.037910026	0.074262159	0.1306436705	-0.0698414374	0.0075972546	-0.0203458774	0.0485534333	0.0691783101	-0.0491524352	-0.0880633096	-0.0316540962	-0.035360943	-0.2254098401	-0.0240117439	0.0104856738	-0.0501197054	0.0485282289	0.0123278422	0.0699169695	-0.0068482893	-0.0454229765	0.0049006671	-0.0546082775	-0.14959422	0.0646114104	0.149854914	-0.0210363314	-0.0771275144	0.0532453661	-0.024215723	-0.0908732962	0.0617323905	-0.1101819846	0.1578791211	-0.0215853515	0.0554310439	0.0302159974	0.0728072768	-0.0307389833	-0.0345983019	-0.049164676	0.0640687764	0.0672349381	0.0027913101	-0.0510866385	0.0425821229	-0.1486642778	-0.0492524512	-0.1261411739	0.0599570891	0.027288549	0.0774779231	-0.0386306638	0.0396898158	-0.1120901883	0.0665717422	0.0197826365	-0.0785970782	-0.0954722789	-0.0479459667	-0.0805489558	-0.0854526293	-0.0937376602	0.1290842132	-0.0362604053	0.0665192593	-0.0033507769	0.0058886458	-0.061476061	0.0350704718	0.078125835	0.0028965718	-0.1141477285	-0.0965429528	0.0485920876	0.0695424288	-0.0830027857	0.0128992127	0.0637307152	-0.1081160967	0.0978001546	0.2535691810249005	0.0043907462353587	1.9278652503316648e-05	0.0642973295656387	0.0738152912465608	0.0409369479674808	0.0054486972218145	0.0016758337088922	-0.2632987847656025	-0.0006700680785129	4.489912298421007e-07	0.069326250059043	0.0006510011573328	0.001138802838566	4.23802506848645e-07	1.296871905125979e-06	-0.0019521708058489	5.586319238839988e-05	3.810970855208744e-06	3.120696263823378e-09	0.0025611363545886	0.0003701217842837	1.3699013520142374e-07	6.559419426795384e-06	0.0	0.0
193.81388883467733	0.1036073553280232	37563.82350522066	0.0107344840780672	287.8185870736267	0.622020456365874	82839.53906505884	0.3869094481376101	180.3449472719201	0.2583924575460514	0.066766662116688	32524.30000651164	196.30289986593988	204.9722940856861	1.188668	24.42794	0.139728351328661	0.0734272417602585	0.1043461681	0.0475524615	-0.046327621	0.0904856953	0.0073118676	0.0474138726	-0.082538615	-0.0185523517	-0.1328960736	-0.0184582117	-0.0938108944	0.0716864795	-0.0315913338	-0.031605454	0.1277022846	-0.0099338108	0.0077791672	-0.1002268094	0.1735347593	0.0873028288	-0.1026504167	-0.065327206	-0.0842385753	-0.0041832181	-0.0031459056	0.0405162087	-0.101065868	0.0489713705	-0.1203767491	-0.0222743175	0.0245726539	-0.1559714251	-0.000946069	0.0336289092	0.0004041331	-0.0946427925	-0.0116020563	-0.0026444914	0.053664597	-0.0525575056	-0.0766812908	0.0453021175	-0.0710047199	0.0658346216	-0.0004768194	-0.0801157778	-0.0023325042	0.0434693661	0.0495673442	-0.1171592612	-0.1410065979	-0.1606335884	0.1797459257	0.0638043848	0.0737606102	0.0710640066	0.067795596	0.0220081325	-0.0825816189	0.0161481505	-0.0678905419	-0.0098766869	-0.0915830082	-0.1381229925	-0.0672036144	0.1274886572	0.0630444004	-0.0231301772	-0.0148382143	-0.1320102572	0.0297657407	0.0391855455	-0.0352600394	0.0020111194	0.0924708195	-0.1123835888	-0.1050812694	-0.0370962179	0.1198053653	0.1014623299	-0.0154267243	-0.0386370982	-0.0940950654	-0.0490212126	-0.0382360251	0.0284687711	-0.0078316354	-0.03279911	0.1195671383	-0.0640973278	-0.0123741858	-0.1028742556	0.1847696483	0.0369867685	-0.0732919447	-0.0224097825	0.0010918862	-0.034166368	-0.0569212136	-0.1287677659	-0.042805935	-0.0497107701	-0.0935401016	-0.0544765516	0.0334949804	0.1342419384	-0.0498206199	0.0934806021	-0.1138026943	0.1072095853	0.0877114377	-0.0292489654	-0.067373793	-0.0252007547	-0.0595043069	0.0074379168	0.0356322323	0.0221835544	-0.0687625146	0.085785483	0.0437928856	-0.0363008307	0.0903158335	-0.0554312151	-0.0113546924	0.1133068602	-0.0646071327	0.0368395239	-0.0200647578	0.1386452336	-0.1794946087	-0.0217718472	0.0354547905	0.0132396565	-0.1782307933	-0.1059912617	-0.0045012502	-0.0045064777	0.0031712454	0.0012406527	0.0781500619	-0.0176114153	-0.0773171105	0.0556686542	0.0869888271	-0.0239034441	-0.0953564066	-0.0914928867	-0.0844195428	0.0171687548	0.0583307311	-0.1058053206	0.1024459312	0.265987175749899	0.0124179947249984	0.00015420659299	0.0707491776634076	0.1325199534570771	0.0587046622105162	0.0175615380642658	0.0034462373652508	-0.2578363078886312	0.0054624768769712	2.983865363144577e-05	0.066479561665641	-0.0002528156624332	-0.000903816819766	6.391575917153775e-08	8.168848436919263e-07	-0.0021958107209629	-0.0002436399151139	4.82158472229561e-06	5.9360408236757085e-08	0.0024457287391451	-0.0001154076154435	1.3318917702354798e-08	5.9815890654802805e-06	0.0	0.0
193.5325085807357	-0.2813802539416201	37454.83187755254	0.0791748473082506	288.07762538606426	0.2590383124375535	82988.71824807358	0.0671008473104955	180.0189776392819	-0.3259696326381913	0.1062562014022774	32406.83231029228	195.91302103760768	206.37639360726044	1.265405	26.004942	0.0486881180163295	0.0239408236704594	0.0688075901	0.0844514604	0.1402365352	-0.0245587413	-0.0037866094	0.106405719	-0.0410345992	-0.0101139027	-0.1404427445	-0.0193286796	-0.2033822589	0.0097895991	0.0474785971	-0.0938673909	-0.1399930907	0.0362764309	-0.0277567962	-0.0756729268	0.0846828259	0.0331217951	-0.0081576093	0.0116036626	-0.0202236182	-0.0287166942	-0.0149322851	0.0333289005	0.0305331317	-0.0596302406	0.0754593617	-0.0286168324	-0.0146258885	0.0419027463	0.0415875487	-0.0838832124	0.0491356551	0.1213467494	0.1323392391	0.0071102204	0.0521518559	-0.1209971695	0.049375871	-0.0990152315	0.0935565339	-0.0258867546	0.0004492261	-0.0469903205	-0.0029360741	0.1042945624	0.0846420752	0.0409197946	-0.0027325861	-0.0101665252	-0.0373681117	-0.0099763892	-0.0762887506	0.1287645221	0.1557720722	-0.0537886033	-0.0640688586	-0.0869257463	-0.2190464185	0.0258810313	0.0353811169	0.0063408838	0.0151043361	0.0220172687	-0.0767714908	-0.099129492	-0.1760049128	-0.0525613176	0.0316074675	0.015228696	-0.0769153542	-0.0381277971	0.0332586431	-0.0388602885	-0.0904944644	0.0004158344	0.0870882122	-0.0237251819	-0.0525706818	-0.0566427258	-0.0419133104	-0.0496252715	0.0428428645	0.0614569222	-0.0367303192	0.0406115248	-0.0673503324	-0.0492046284	-0.129172352	-0.0602282598	-0.2226669838	0.0490779629	0.1152227097	0.1167664154	0.0132012188	0.0042573821	0.0024352076	0.0959742388	0.0495425912	-0.0200402183	-0.0254609166	-0.1137516088	-0.0129373844	-0.0109538633	-0.0573809914	0.0436164897	-0.0461770485	0.01932386	-0.0601549767	0.0388845231	-0.0441339166	-0.1035434855	0.0581242448	-0.0844815054	-0.003401905	0.0947110824	-0.1550748233	-0.1207663613	-0.1216610639	0.0148951087	0.0533358603	0.0476802397	-0.0169746511	0.0993231751	0.0151273646	0.0090373664	0.0623893471	-0.0569582066	-0.0220573946	0.0595899297	0.0136192414	-0.1827336069	-0.0164944031	-0.1546404389	-0.0726281399	0.1340158486	0.0097910735	0.045770567	0.0248625025	-0.0016163937	-0.0003128865	-0.122224848	-0.0917953231	-0.049620648	0.0568313804	-0.0030869088	-0.0858045533	0.0214124734	0.0527333744	-0.1028582188	0.1061292888	0.259448223963389	-0.0065389517865099	4.2757890466302105e-05	0.0673133809177568	0.1409592879905545	0.0084393345334773	0.019869520870804	7.12223673679441e-05	-0.2667028055673484	-0.0088664976787171	7.861478108669691e-05	0.0711303864974948	-0.0001532000324441	9.961562998910005e-05	2.3470249940873293e-08	9.923273738125286e-09	-0.0018456941414572	0.0003501165795056	3.40658686380943e-06	1.2258161924477105e-07	0.0024928632100028	4.713447085769994e-05	2.221658343035365e-09	6.214366983785464e-06	0.0	0.0
193.55089390456536	0.0183853238296478	37461.94853125631	0.000338020132321	289.74299839015936	1.6653730040951018	83951.0051161199	2.773467242768744	179.95702925458653	-0.0619483846953698	0.0038376023663655	32384.53237813611	196.14375419960444	206.7937556125456	1.266487	26.027178	0.1089637854775624	0.0519769301271587	-0.0262759732	0.0962854536	-0.0013098138	-0.1584507997	-0.1053917218	0.1246679615	0.0333075854	-0.1180120187	-0.0497126112	0.0886404905	-0.0672731272	0.0608521031	0.0539229411	0.1298768791	0.0403480887	0.0917885975	-0.0449792942	-0.1132025825	-0.0052595449	0.0493356856	-0.0285562685	0.001265218	0.0195705351	-0.0016845696	-0.0034957109	-0.1195316004	0.0647147896	-0.0001760354	0.1939732104	-0.0999625255	0.0766701772	-0.0509176121	-0.0444744813	-0.0057158354	-0.0510592944	0.0147662053	0.0651600963	0.1060494083	-0.0328882147	0.0202074122	0.1331962799	-0.044676517	0.0141667465	-0.0269234399	-0.1601496969	0.1329030553	-0.107050553	-0.1189400211	-0.0804480357	0.0067318269	-0.0865327643	0.1221531502	-0.0564025483	-0.1088460141	-0.0180721714	0.1513879808	-0.0886999677	0.0994028904	0.0077902176	-0.0166086641	0.0086496665	0.0149046812	0.0754111242	-0.0080789835	0.0010277487	-0.0636925185	0.2318669501	0.0299096422	-0.0999199537	0.0234681907	-0.0063569951	0.0215512025	-0.0206917858	-0.1334271938	-0.0137206093	0.0528739412	-0.1066596516	0.0805605422	0.0958801284	0.0380892697	-0.0018010158	0.0787555978	0.0295440718	-0.0042933112	-0.0138733738	0.0570595185	-0.0357404094	0.2034732722	-0.1218298186	-0.0044825464	-0.0166569488	-0.0625326722	0.0180794902	-0.0619907057	0.0403212256	-0.0938003685	-0.1374233204	-0.0242585783	-0.1362950179	-0.0300564809	0.0636825984	0.1026391233	0.0197820241	0.112637222	-0.0351619264	-0.1025462647	-0.1497856828	-0.0957671526	0.055030273	-0.095660639	-0.054889699	0.0465539097	0.1248131336	0.1375446939	-0.0963346453	-0.0163093658	0.0773154139	-0.0567027139	-0.0579144296	-0.1115441773	0.035112218	0.0597023108	0.0213041494	0.039707437	-0.0035851826	0.0961560931	0.0448107397	0.0270241977	0.0157276688	0.0405369953	0.0049556848	0.0638852628	-0.034651072	0.0043065477	-0.0048550349	0.0473006171	-0.0695568236	-0.0135211274	-0.0208009534	-0.0582848737	0.0869224212	-0.0787123183	0.0158706395	0.0506226347	0.0243103255	-0.0981045648	0.1298723165	0.0632872164	-0.0871572961	0.0256239856	0.0469575846	-0.0992925156	0.1088156246	0.2540324308728117	-0.0054157930905773	2.93308147999451e-05	0.0645324759351498	0.0984125657181067	-0.0425467222724477	0.0096850330912206	0.0018102235761288	-0.245355422819351	0.0213473827479973	0.0004557107501894	0.0601992835068625	0.0002732949376298	0.0004264949700739	7.469012293407628e-08	1.818979594983369e-07	-0.0020061910814683	-0.000160496940011	4.024802655362948e-06	2.5759267752926626e-08	0.002286777372757	-0.0002060858372457	4.247137231330236e-08	5.229350752553408e-06	0.0	0.0
193.0554270597279	-0.4954668448374661	37270.39791721392	0.2454873943331937	288.44350379183214	-1.2994945983272146	83199.65487970869	1.6886862110816088	179.7709891461127	-0.1860401084738328	0.0346109219609554	32317.60853857177	195.72081024110744	203.80929282172235	1.2121	24.909479	0.0554962221706778	0.0304959303730365	-0.0956773577	0.0741839458	-0.075396292	0.0035715211	-0.0140100753	0.1090773585	0.0742479189	-0.0821099727	0.1181297427	0.0466466877	-0.0236055622	-0.1284150402	0.0567862995	-0.0885373107	-0.041941636	0.0669237588	-0.0156419088	-0.0464046841	-0.0778349369	-0.0534692969	0.0846988666	-0.007819272	-0.0271859474	0.0340930428	-0.0060841676	-0.0401774511	0.0455489374	0.0146201245	0.0212364859	-0.0757216103	0.1074332346	-0.0282131269	0.0331087591	-0.0606920639	-0.0245650809	-0.008635832	0.1073340017	0.0166245188	0.0294356469	0.037968443	-0.0732276082	0.0365592459	0.0115844631	-0.1103602075	-0.0385653391	0.0979624244	0.0989437045	-0.0290375086	0.0651145201	0.0285358203	-0.0767282899	-0.1881998916	0.0262845458	0.0048765787	0.0397391239	0.0789810192	0.0400872463	-0.0576092402	-0.0702708788	0.0825735786	0.074700576	0.101927231	0.0609726639	-0.0145190492	0.0530332103	0.2365589656	-0.0802438017	0.1134756716	0.1838851262	-0.009685711	-0.065619772	-0.0239057614	-0.1006057752	-0.085417213	-0.0095549369	0.0775243162	0.0889310227	0.0258000953	0.0185402377	-0.0354798919	-0.0109058755	0.028667211	0.0396837659	0.0307677493	-0.0208474409	0.0589796692	-0.0312588467	0.1472944148	0.0114338219	0.0049363766	-0.0996613047	-0.0060160962	-0.0221304558	-0.0655586381	0.0545365141	-0.0738464499	-0.1016912851	0.0630218722	0.0092808643	-0.1400446864	0.0287462689	-0.0257216819	-0.1584952461	0.0231106412	-0.0240748412	0.0078167813	0.141351354	0.1408975179	-0.0235974693	-0.0318137936	0.024273909	-0.0348020117	0.0797291451	0.0695963256	-0.0590331186	-0.0067831511	-0.0650468077	-0.0224326845	-0.0727457375	-0.0221867231	-0.0091041351	0.0480405862	0.1082672663	0.0282379573	-0.0039275982	0.0426590123	0.1053131255	0.0371111084	0.1003388562	-0.0075134564	0.021448486	-0.0510168972	-0.0924067093	-0.059437854	0.018613135	-0.0235124143	0.0243443904	0.0104556427	-0.0339218277	0.0200898138	-0.1256144915	-0.0700187501	0.0672630926	0.0105945644	-0.1331849594	-0.0452091202	0.0230704189	0.0894235573	-0.0884772626	0.029796957	0.0410229053	-0.0951296555	0.110479702	0.2446939667758414	-0.0093384640969702	8.720691169040301e-05	0.0598751373764965	0.1183947385737127	0.0199821728556059	0.0140173141219377	0.0003992872320313	-0.2356400634990194	0.0097153593203316	9.438820672315412e-05	0.0555262395258218	0.0006012948422079	0.0003279999045781	3.615554872658234e-07	1.0758393740324273e-07	-0.0020053161247479	8.749567204000518e-07	4.021292760173935e-06	7.655492625732145e-13	0.0022871070294139	3.296566569001638e-07	1.0867351143859235e-13	5.230858563994475e-06	0.0	0.0
193.1458511327604	0.0904240730325227	37305.31980979845	0.008176512983791	288.2347154185131	-0.2087883733190665	83079.25117239122	0.0435925848332218	179.4635610123862	-0.3074281337264892	0.0945120574065521	32207.169731246468	195.71823190258536	206.8893861455153	1.166103	23.964222	0.0858078003447683	0.048701490850403	-0.0986702947	-0.0061748479	0.027332829	0.0483452326	-0.0321316759	0.0236762795	0.1113984625	0.0297810562	0.0649298572	-0.0001874245	0.0926138659	-0.0995177482	-0.086108689	-0.1231176024	0.0222959807	-0.0127313729	-0.0307573229	0.0391251913	-0.1607914588	0.0126057351	0.0842573936	0.0520143568	0.1310723254	0.1089174689	-0.08761267	-0.1050980476	-0.0370745678	0.0667444412	-0.0245029061	0.0161703397	-0.0636739914	0.1050033726	-0.071633922	-0.0645868316	0.1360755864	-0.098394557	-0.1064934577	0.0225438827	-0.1276303163	-0.0551662419	0.0145142149	0.0173041758	-0.1446626986	-0.0838456956	0.0266352574	0.0808371407	-0.0788843383	-0.0935450529	0.0288729331	0.0497422754	-0.1290271682	-0.026549015	0.009143316	-0.0467189034	0.111303833	0.0453741806	0.0731380786	-0.0994701113	0.1101984814	-0.1212234348	0.0640052301	0.1021348374	-0.0490476376	-0.0207045444	-0.0256362813	-0.053313589	0.0825070913	-0.0656389403	-0.1513981013	-0.0206869374	-0.0670303678	-0.0840197975	0.0032727987	-0.069973464	-0.0604894643	0.1010351278	0.0644594946	0.0511387123	-0.1185637869	-0.0455371209	0.0696652751	0.0032725167	0.1362318762	-0.0311886427	-0.0822582026	0.1386960462	0.0913265002	-0.1439093884	0.0171193294	0.0595998606	0.1248259952	0.0060164344	-0.0748500695	-0.0098956732	-0.1246676494	0.05376867	-0.0928288988	-0.1414229547	0.0133395345	-0.0969375421	-0.0239846361	0.0693135769	0.0535157912	0.0250096042	0.0299992815	0.1044324429	-0.0177126223	0.0388357611	0.0079830543	0.0612376583	-0.1590783009	0.058547778	0.0281754295	0.0830012011	-0.1411095237	-0.0812935441	0.1060754285	-0.1949570512	-0.0136983142	-0.006519923	-0.081134442	-0.0453082071	-0.0318571017	0.0724447694	0.0354363001	-0.0464850244	0.090925723	0.0638260731	0.013127146	0.048411062	0.021595868	0.09932513	-0.0641224023	0.0727018094	0.0004691509	0.038357445	0.044634229	0.050970312	0.0689919808	0.1085967476	-0.0386193605	-0.0487734822	-0.0765826199	0.0877410643	0.0461126682	-0.0551227617	0.0896416972	0.0641054923	-0.0897639565	0.0339251109	0.0349494174	-0.0903946745	0.1111058879	0.2447773612462072	8.339447036578851e-05	6.954637687590378e-09	0.0599159565786562	0.0900070335345475	-0.0283877050391651	0.0081012660856891	0.0008058617973906	-0.217847658193186	0.0177924053058333	0.000316569686567	0.0474576021802551	4.988689324420502e-06	-0.0005963061528834	2.4887021175587083e-11	3.5558102796669565e-07	-0.0020069980786714	-1.6819539234999917e-06	4.028041287790691e-06	2.828969000777016e-12	0.002480004833195	0.000192897803781	3.720956270357171e-08	6.15042397267056e-06	0.0	0.0
193.0847059431341	-0.061145189626302	37281.70366914657	0.0037387342144364	287.8475380443254	-0.3871773741876723	82856.20515817936	0.1499063190828608	179.71645615679716	0.2528951444109566	0.0639559540666386	32298.004613558	195.8857942243741	204.3234163927588	1.124233	23.10376	0.046690930634018	0.030183168551994	-0.0694705069	-0.0415549419	0.021570553	0.088637089	-0.0183299226	-0.0711688984	0.0553108082	0.1041885445	0.0863466591	0.0294976381	0.0604503582	0.0516914341	0.0517906865	-0.0655606617	0.0670187403	0.0575254083	-0.0121179819	0.0547646619	-0.085101315	-0.0932239527	0.0305648371	-0.1024370051	0.0988393719	0.0610689735	0.0731267745	0.0188149849	0.0121058411	-0.1229537417	0.0701755818	0.0601094807	0.0337757708	-0.0008668842	-0.070473394	0.0871666724	-0.0510098472	0.0124062337	-0.0078613718	-0.011984233	-0.0787942782	-0.0635150261	0.0134785612	0.04649703	-0.0658197809	0.1458246157	0.1510262441	-0.1068247821	-0.1122220489	-0.0144777308	0.0510897877	0.0894989681	-0.013120016	-0.1105610667	0.01860531	0.0052258555	-0.0230228497	-0.1410618861	0.1358052057	-0.0884499647	0.019088646	0.0552425167	0.0071462254	-0.1489780896	0.047040535	-0.0932109361	0.1057240209	0.0040483371	0.015737491	0.0676995542	0.0170988193	-0.1167043746	0.0145436092	-0.0607005788	-0.0139931392	0.0070672347	-0.0993709728	-0.0165407878	0.1374791578	-0.0378354593	-0.0916216218	-0.0006145668	0.0018163569	0.0322891532	-0.0561243712	0.0222497103	-0.045305071	0.0294562179	-0.0549912959	0.0298167281	-0.0403350671	-0.0252368524	0.056860791	0.1215090228	0.0202457728	0.114984768	0.0005853124	-0.0213638571	-0.0030619137	0.1172723443	-0.105706681	-0.019846357	-0.1699690687	-0.0090964627	0.1041191752	-0.0622891004	0.0519527284	0.1390354528	0.1476586691	-0.0046869405	-0.0998539594	0.0987092593	-0.0675527816	0.0681648488	0.0377835193	-0.1895346684	0.0304853428	0.1130101071	0.0158644755	-0.1086909817	-0.0290808951	-0.0842486482	0.0791059478	-0.0346538608	-0.0661087252	0.0603999441	0.0398331536	-0.1059798565	0.0539715989	0.0623713155	0.0135770758	0.0913322259	0.0378017404	0.0313377783	-0.0931578388	0.0644747731	0.0326106662	0.0861027789	-0.0118467497	-0.0496994346	-0.0256891711	0.07336975	0.0178136588	0.0274960323	0.1500691694	-0.0093480928	-0.0523846244	-0.0791385653	0.0116957409	-0.092109735	-0.0910168938	0.0380022381	0.0287576717	-0.0851160492	0.1106882998	0.2447645879442177	-1.2773301989482675e-05	1.631572437145221e-10	0.0599097035115026	0.0971276491615924	0.0071206156270448	0.0094337802316573	5.0703166908116016e-05	-0.2130199580741063	0.0048277001190796	2.3306688439761965e-05	0.045377502537894	0.0005451780859734	0.0005401893966489	2.9721914542561985e-07	2.9180458425198845e-07	-0.0021398195596302	-0.0001328214809588	4.578827747775983e-06	1.76415458040889e-08	0.0025015907873053	2.1585954110300065e-05	4.659534148519801e-10	6.257956467130751e-06	0.0	0.0
193.32662949227708	0.2419235491429674	37375.18567084418	0.0585270036299297	287.5287481578815	-0.3187898864438807	82672.78101723846	0.1016269916989023	179.72061471767023	0.0041585608730656	1.729362853499257e-05	32299.499354497264	196.12622526318287	207.3192707777154	1.124119	23.101419	0.0738081753778318	0.0363287417828407	-0.0308692391	-0.1055540521	0.0382333121	0.0005451818	0.0471907166	-0.1626198195	0.0329662994	0.0560911491	-0.02052596	0.0075830437	0.0834890748	-0.1429945392	0.0202896815	0.1005278499	0.0550494006	0.1857345457	0.0108214153	0.1081619513	-0.0247580494	-0.0710428364	0.0114515254	-0.0602644769	0.0112650724	-0.0283483187	-0.0760670232	0.0286949794	0.0399078929	-0.1557145705	0.0395691616	0.0086247682	-0.0296320789	-0.0719123414	0.0312449641	0.1095393438	0.1402834031	0.0483347188	0.1079329692	0.0933469802	-0.011522236	0.0397130238	-0.0742870108	-0.1223712494	-0.0839667701	-0.031081464	0.1226104234	0.0098236675	0.0636844431	0.1313886972	-0.1000163902	0.0394615056	0.1810374825	0.0043704204	-0.0324469268	0.0250053144	0.0865903376	0.0135083748	-0.0301787497	0.0544187592	-0.0996184707	0.1520586806	-0.0543387959	0.0490996784	-0.0194026373	-0.0292257269	-0.1633565237	-0.0922537423	-0.0432665142	-0.1067578397	0.078803435	-0.0003744404	-0.0117031463	-0.0418249179	0.1092160051	0.0900712777	-0.0573154079	-0.0302963432	0.0126458945	-0.0358973024	-0.1381020373	-0.0983747064	0.033672654	0.0502623338	0.05111141	-0.1035845318	0.0869816629	-0.0620410972	-0.0231584255	0.0351153568	-0.0704216168	-0.0685012952	0.0317130224	-0.0858237359	-0.0325410719	-0.0263271703	-0.0346748985	0.1619433834	0.0628497927	0.0786225157	-0.0786633381	0.0454551574	0.0997199596	-0.1969838418	0.0094047261	0.073572184	0.0741561097	-0.005990124	0.0545617238	-0.090873765	-0.0454273054	-0.0706043145	0.0356409721	-0.1880572985	0.0345064613	0.0254345749	0.0522551033	0.084213465	-0.0249046906	0.0717301867	-0.0334488008	0.1214352318	-0.0533253579	3.55166e-05	-0.0861144917	0.1143946893	0.0245943897	-0.1194382932	-0.0175597342	0.0354958415	0.0059245821	0.0363318717	0.0865619575	0.0843763347	-0.0994252833	0.0021044691	-0.0844785604	0.0321585068	0.1076325885	-0.0275513277	-0.1233597738	-0.0095307534	0.0921813398	0.0495206433	-0.0439917372	-0.0093519165	0.0068747126	0.0691062163	-0.0055096338	-0.1321702856	-0.0922356034	0.0420222065	0.0224686191	-0.0793255261	0.1092308605	0.262744536237335	0.0179799482931173	0.0003232785406231	0.0690346913225722	0.0905839616580408	-0.0065436875035515	0.0082054541096654	4.281984614413731e-05	-0.2208022667124893	-0.0077823086383829	6.056432774305025e-05	0.0487536409853732	0.0007379081018433	0.0001927300158699	5.44508366765982e-07	3.714485901721191e-08	-0.0022448878393594	-0.0001050682797291	5.039521411303714e-06	1.1039343405253357e-08	0.0030338371105618	0.0005322463232564	2.832861486200625e-07	9.20416761342197e-06	0.0	0.0
193.5378993199652	0.2112698276881133	37456.91847318498	0.044634940091365	288.70977942244883	1.1810312645673091	83353.33673415906	1.3948348478854578	179.98366217132929	0.2630474536590554	0.0691939628765129	32394.118648603187	196.11320137066568	208.94884378608617	1.129157	23.204952	0.0690645906036467	0.0448352890972705	0.0378408329	-0.1054235598	-0.0133895218	-0.0896421794	0.0383614025	-0.1034808394	-0.0327620919	0.0213927264	0.0491617292	0.0023704992	-0.0349605571	0.0439330576	-0.0811265283	-0.0500810349	0.008706174	0.0719381443	-0.0040088773	0.0176461762	-0.0046134333	0.0356919884	-0.1578276666	-0.0587158825	-0.0397623435	0.0135165515	-0.0563355017	-0.0056441299	-0.0112678013	0.0822581708	-0.1326570279	0.0410408913	-0.1023356587	0.0158979461	0.1051896854	0.1146802598	-0.0077875345	0.1894276703	-0.0858488337	0.0648230104	0.0806237054	0.000677869	0.0276068273	-0.0675811251	0.0977960455	-0.1861287855	-0.0516191394	-0.0343667734	0.1944128	0.0226637179	-0.0867413551	0.0776101539	-0.0342289802	0.0769215657	-0.0461168424	0.1037710873	-0.005652466	-0.0860379098	-0.0276755586	0.1111486126	-0.0312821332	-0.0085624268	0.0686198747	0.0023528386	0.0941623797	0.0900962315	0.0680842216	-0.0933373618	0.0579917948	-0.1296122552	0.125590498	-0.018715814	0.054836983	-0.073808837	0.0063233795	0.0698871225	0.0270240862	-0.019843185	-0.0002167302	-0.0323687339	-0.0684265701	0.1859546161	0.028523356	0.0019914091	0.0603124417	-0.0642588679	-0.0031170031	-0.0711821426	0.0530180855	-0.0110099681	0.0900388371	-0.004081691	0.0247772591	-0.046858831	-0.0158228615	-0.1244140191	0.054676317	0.0278334512	0.1503797166	0.0760509125	0.1483525276	0.1413596593	-0.0237723037	-0.0853537974	-0.1911966031	-0.031594291	-0.0111986714	-0.1146095616	-0.1265986798	0.0358133794	0.0887192419	0.0405478047	-0.0215389068	-0.0900254475	-0.0161242992	-0.0759444209	0.0298022121	0.084859006	-0.1006550172	-0.0418175851	0.1293819207	-0.0907767632	0.0195363724	0.0191372461	-0.099783713	0.172218713	0.0399532702	-0.0613615107	-0.0831974049	0.0744549695	-0.0407572642	0.0151065702	0.0704209379	0.0242509944	-0.0626157784	-0.0205037371	-0.02745576	0.0711401827	-0.0118528514	0.1049182064	-0.1112186246	-0.0035920025	-0.0482284982	0.0161067934	0.0298922996	-0.0352546646	0.0467302478	-0.1100333463	0.0340453829	-0.0570067495	-0.0934196269	0.0459789694	0.0161035399	-0.0730579298	0.106747262	0.2562968204030085	-0.0064477158343265	4.15730394802249e-05	0.065688060148692	0.0496085648985769	-0.0409753967594639	0.0024610097112963	0.0016789831395954	-0.2382452446921306	-0.0174429779796413	0.0003042574807982	0.0567607966184131	0.000787868718722	4.996061687870008e-05	6.20737117940646e-07	2.4960632389002507e-09	-0.002240823895709	4.0639436503999045e-06	5.021291731580458e-06	1.6515637993625698e-11	0.0030038916704866	-2.9945440075199777e-05	8.967293812973808e-10	9.023365168018777e-06	0.0	0.0
193.6837415010276	0.1458421810624202	37513.39172183689	0.0212699417770437	289.1535944751382	0.4438150526893878	83609.80119789268	0.196971800993684	179.98830363418182	0.0046414628525326	2.154317741144044e-05	32395.78944511043	196.55821606146645	206.73607403792727	1.348052	27.703398	0.2555812051411433	0.146218979683607	0.0937676676	-0.0370513312	-0.1286210058	0.0051999567	-0.0445802007	-0.0378766256	-0.0275879006	-0.0233384361	-0.2599427058	-0.1594536611	0.113205859	-0.0919993799	-0.0236285462	-0.0235545341	0.1674710854	-0.0717787309	0.0193350156	0.0185722009	0.0610178688	0.0825240844	-0.2071519473	0.1135287463	-0.0183619099	-0.0112402443	-0.0352652166	-0.0932360657	-0.0675895978	0.0659979462	0.0072255365	0.1552936652	-0.0960891976	0.0497118762	0.1614934829	-0.0145055015	-0.0770290901	0.0662327156	-0.0404848595	0.0433962021	-0.0450600829	0.1218849008	-0.050633423	0.0748791729	0.0823517922	-0.0465460644	0.1124513774	-0.1397827374	-0.0550540586	0.0922158652	-0.0516435026	-0.044624689	-0.0125714693	-0.0319358629	0.0756250214	-0.029975369	0.1022235756	0.070496076	0.0052420564	0.1288154314	0.0961547223	0.0563926994	-0.0285865984	-0.0919720943	0.0175459939	-0.0188639067	-0.0030269438	0.0996558603	0.0244980356	-0.0233613042	0.0040715162	-0.0585335411	-0.1640591672	0.0759227878	0.1941265016	0.0275801451	0.0615672065	0.003317301	-0.2907803433	-0.046226598	-0.0193933927	-0.0172443846	0.078088609	-0.0339963395	0.0318018003	0.0180523495	-0.0875378424	-0.0143721512	0.1604081087	-0.1140938256	-0.0236859696	0.0784483975	-0.0330980159	-0.0316784627	0.0764194633	-0.0117207263	0.039737083	-0.0888851225	0.1530028874	0.0144159151	0.1336258653	0.0769870106	-0.0446773335	0.0089888481	-0.0280378064	-0.0247419161	0.1587064886	0.0126416679	-0.0913252708	-0.0542979168	-0.099679423	0.0746678114	0.0088331095	-0.0765833117	-0.029617286	0.1134660986	0.0290072482	0.1660448201	0.0419509228	-0.0504306293	-0.0805935237	-0.0319056953	0.0113006662	-0.0926965897	0.087607396	-0.0384911869	-0.0965684036	0.0408310127	-0.1478379061	-0.038862913	-0.0990427197	-0.1767328897	-0.2588596209	0.0676112482	0.0249518305	-0.0589749981	0.0031328062	0.0895714778	0.0407378127	-0.0549802307	0.0390816514	-0.0711363285	-0.0822542792	0.1079086711	0.0174647776	0.051363941	-0.2281090116	0.028583507	0.2218139139	0.0110216736	-0.0945685192	0.0498665756	0.0096839714	-0.0663509546	0.103260836	0.2547977584051324	-0.001499061997876	2.2471868734762345e-06	0.0649218976882802	0.0913780893853726	0.0417695244867957	0.0083499552197211	0.001744693175853	-0.3693308704506322	-0.1310856257585015	0.0171834412804979	0.1364052918678216	0.0012501243716779	0.0004622556529559	1.5628109446630644e-06	2.136802886896855e-07	-0.0017137324829006	0.0005270914128083	2.9368790229486554e-06	2.778253574563549e-07	0.0036390844626817	0.0006351927921951	4.034698832566075e-07	1.3242935726531356e-05	0.0	0.0
193.12335890862985	-0.5603825923977581	37296.63175615146	0.3140286498624319	288.3477107621392	-0.8058837129990479	83144.40230176627	0.6494485588771318	179.79285683125863	-0.1954468029231861	0.0381994527728947	32325.471367545462	195.96820936858947	206.7006737853726	1.261587	25.92647	0.1671142011777063	0.0837567767121453	0.0959766094	0.0241496882	0.03168458	0.0840108813	0.0253856671	0.0465488949	0.0778689593	-0.1894768069	-0.0018029809	0.0255851217	-0.0216209749	0.1589562416	-0.0040320176	0.1160305565	0.1078125012	-0.1479671023	0.0139295564	0.0006168091	0.0569370337	0.1403638904	-0.0581458022	0.0998878273	-0.0564853613	-0.077939564	-0.0482006492	-0.0244253427	0.0908290967	0.0492110064	0.0526106428	-0.0240729058	-0.1309305706	0.1301329331	-0.0138674868	0.0705093036	0.0772881596	-0.129985922	-0.108503842	-0.0218329846	0.0048964712	0.0273630732	-0.20815795	0.0367039612	-0.0704520661	0.0779986954	-0.0497610478	-0.0159663642	-0.0544170263	-0.0763427538	0.1046754025	-0.0130037988	0.0301519764	0.0709491268	-0.0689402735	0.0098408437	-0.1731862975	0.0774304487	-0.0198292066	0.0496442802	0.1260829763	0.0160897673	-0.0759513295	-0.0814103416	-0.0757987522	-0.1291668027	-0.0388636647	0.0082175583	-0.0037395304	0.105055873	-0.1188250304	0.0386398773	0.0437876736	-0.0919994987	0.0066140817	-0.0200247419	0.1061392836	0.1206630144	-0.06931567	0.0921228029	0.168337707	0.1596392314	-0.0540391506	-0.0298205222	0.0417688744	0.0054321781	0.0839173083	0.0218498679	0.0226363745	-0.0495946168	-0.078874638	0.1444051525	0.0923294101	0.0359215969	0.0906926134	0.1018750844	-0.1874309434	0.1095105753	0.0775803814	-0.011216455	-5.01091e-05	-0.0958366835	-0.051425122	0.0097225572	-0.0294289389	0.0347737438	-0.0760555648	-0.0120168624	0.0646861708	-0.069952266	-0.0692490139	-0.1529026594	-0.1653789811	0.0259475967	0.0976031296	0.0923615048	-0.0557572389	-0.0388967908	0.0136974753	0.2022986315	-0.0308983107	0.0071377787	0.0194278041	-0.0905972049	-0.1103991325	-0.1987063288	-0.0330346396	0.1056976497	-0.0720985265	-0.0776584661	-0.1175817412	0.0394700007	-0.0749641652	0.0360430939	0.0981940475	0.0361153249	-0.0106926971	-0.0399043877	0.1525420588	-0.066397598	-0.049621219	-0.0543405642	-0.080968487	0.1382166621	0.012466288	0.0158490851	0.0942529727	0.1659438334	0.0502048652	-0.1193469962	-0.095681848	0.0536791777	0.0032316354	-0.059244937	0.0988043356	0.2776973503658269	0.0228995919606944	0.0005243913119663	0.0771158184002008	0.0836759751781386	-0.007702114207234	0.0070016688220124	5.932256326127589e-05	-0.3019320218349293	0.0673988486157028	0.0045426047947224	0.0911629458093282	0.0009970257063816	-0.0002530986652963	9.940602591857286e-07	6.405893437476851e-08	-0.0022859722410675	-0.0005722397581668	5.225669086931168e-06	3.274583408269121e-07	0.0030821499582634	-0.0005569345044183	3.101760422116578e-07	9.499648365223078e-06	0.0	0.0
192.76561946542168	-0.3577394432081746	37158.58404788776	0.1279775092268948	287.474029948224	-0.8736808139152004	82641.31789467238	0.763318164603527	179.75204519907814	-0.0408116321804925	0.0016655893212358	32310.79775325143	195.7809941998988	203.32179737573904	1.153325	23.701622	0.1267558361821391	0.0608708526142737	0.0729383323	0.0833414927	0.1703711077	-0.0400158382	0.0735731175	0.0573005527	0.0388044314	-0.1303691893	0.0090797364	0.057490454	-0.0010425016	0.0277809867	0.102935505	0.0068507295	-0.1267002596	-0.1115867766	-0.0159363405	0.0100444089	-0.0022438959	0.042824669	-0.0035372693	0.0680719821	-0.0660994531	0.0412350204	0.0832308779	-0.0020686006	0.0972554256	0.1075066748	-0.0718557044	0.0844223045	-0.0947116109	-0.0467169676	0.0293246455	0.0389822763	0.1666698209	0.0634277871	0.0396283031	-0.1223670107	0.0270742565	-0.0944555975	-0.0192380438	0.1358092847	0.1115597176	0.049522087	-0.0743072571	0.0860768582	0.0813908715	-0.0030644937	-0.0897152035	0.0660384802	0.0867096142	-0.0252359469	-0.0080182133	0.2159139045	0.0527814221	-0.0372575501	-0.025599211	0.0734543742	-0.005566595	0.0228675136	0.04433161	-0.0319040116	-0.0492499362	-0.0751882341	-0.0242419735	0.0834861781	0.0864817156	0.0260922527	0.0076515796	0.0141129082	-0.0759925881	0.0470399552	-0.062012648	0.0027983476	0.0414258522	0.1078505204	0.0213200248	0.0633765608	0.0763271334	0.0640421508	-0.1186095864	0.0355638594	-0.0080349512	0.0588278429	0.0143350362	0.0165471726	0.0911082464	-0.0730705191	0.0244207746	-0.0107025083	-0.0472794777	-0.1899410397	-0.0846887405	-0.0336914964	-0.0499185819	0.0542582538	0.0685038205	0.0772285827	0.0855003042	-0.00945482	-0.152837387	0.0141661657	0.015111086	0.0098450682	-0.1864020137	-0.0284871919	0.0496622488	-0.0612476348	-0.0150663411	0.033450728	0.091077822	-0.0481724658	0.042424091	0.0153125333	-0.1343644454	0.0947604552	-0.1072872766	0.014863462	0.0854698084	0.0379244768	0.0277533756	0.0109394564	0.0339514737	0.0380313144	-0.0261836084	0.0972251893	-0.0032481642	-0.0867694586	-0.0454084807	-0.0029828235	0.089912434	-0.0511295439	0.0523987875	-0.0284929064	0.1707843785	0.0043455991	0.0719924377	0.0073305284	-0.1057919671	0.0608788694	0.0031384403	0.1312476736	0.0046939076	-0.1603766739	0.1129518999	0.1115795012	0.0361159005	-0.0102937029	-0.0967591949	0.0574110412	-0.0032316354	-0.0517826133	0.0934196269	0.3014035877701246	0.0237062374042977	0.0005619856918689	0.0908441227207032	0.0683542365544838	-0.0153217386236547	0.0046723016549463	0.0002347556744515	-0.2600558307571177	0.0418761910778116	0.0017536153791853	0.0676290351107746	0.0017157723066033	0.0007187466002217	2.9438746081068084e-06	5.165966753302522e-07	-0.0021839464952053	0.0001020257458622	4.769622293919513e-06	1.0409252818738237e-08	0.0029858889228198	-9.626103544359972e-05	9.26618694467396e-09	8.915532659417986e-06	0.0	0.0
192.8208432500389	0.0552237846172261	37179.87759165608	0.0030496663874497	288.5112057289208	1.0371757806968276	83238.71583115566	1.0757336000640738	179.53832188078007	-0.2137233182980651	0.045677656784336	32234.009023766597	195.6764776665631	204.0423179837805	1.244466	25.574625	0.0888857323214439	0.0409885943153833	-0.0297772885	0.0909211539	-0.0397725764	-0.1434986242	0.0010105325	0.1135076481	-0.0213079844	-0.0515054587	0.0760294675	0.0284055713	0.0018931207	-0.0150066218	0.0360409121	0.0066071604	-0.203714875	-0.0780401066	-0.0053378692	0.0505824977	-0.0804344948	0.0335782965	0.1322213064	0.0407375923	-0.0103177728	-0.0050361719	0.0087985927	0.0056088423	-0.0202099753	0.0476586157	0.1106007935	-0.0799626654	0.1187713332	0.0336042933	-0.0220748937	0.0704319328	0.0356011818	0.0456965502	-0.0253086741	0.1044001683	-0.0208910068	0.0585597546	0.0343975175	0.0569122041	0.0265200679	-0.0034384853	-0.0230869171	-0.1157833649	-0.0060377654	-0.0522520714	0.072201761	0.0277755376	0.0165331567	-0.0668163634	0.1329115711	-0.1024902845	0.047683983	0.0928773523	-0.015944473	0.0918122722	-0.099125788	-0.0371072824	-0.0647856946	-0.0903345176	-0.0458861431	-0.1160099706	0.0247823715	-0.0826420276	-0.0794188744	-0.0350209825	-0.0145469157	0.0190364917	-0.0253107733	-0.0229757241	-0.0510064476	-0.0244481266	0.0123581949	0.0938945485	0.049632926	0.0676886114	-0.0281174041	-0.111044713	-0.000762009	-0.0213907136	0.0097008262	0.043127156	-0.0288724686	0.0270756036	-0.0152912967	0.1209857003	-0.0788361648	0.0060196379	0.004652164	0.0319258754	0.0308998687	-0.1572261424	-0.0301613195	-0.0148115373	-0.0172511329	0.029983053	-0.0077592815	-0.0279162667	-0.0553607769	0.0826525819	-0.0261009402	0.00763478	0.0637758185	0.0677026503	-0.0324193378	0.0072839941	0.0898174355	0.0198029822	0.0424993095	-0.1071768152	-0.0403097946	-0.007031733	-0.0023708112	-0.0712513982	0.0584204554	0.0432935619	-0.1790070153	0.0019981077	0.0744450015	-0.0204667743	-0.066700604	-0.1601582668	0.0200867457	0.0632834332	0.0430128202	-0.0180084388	0.030390837	-0.0591906547	0.1317270547	0.0173171162	-0.0477725769	0.0232047862	0.0508358556	0.0114838459	-0.0307879514	-0.1393997362	-0.1029139127	-0.0963989156	0.02700302	0.1342103133	-0.0069219816	0.0085647829	0.0793547207	0.0670817163	0.0796011084	0.0627476629	-0.0978001546	0.0610565531	-0.0096839714	-0.0440088629	0.0871572961	0.2985315111728539	-0.0028720765972706	8.24882398058992e-06	0.0891210631631478	0.0919632354737416	0.0236089989192578	0.0084572366787988	0.0005573848299695	-0.2565274387156222	0.0035283920414954	1.2449550398488536e-05	0.0658063268139973	0.0012560546784775	-0.0004597176281257	1.577673355325216e-06	2.113402976096113e-07	-0.0018239079858364	0.0003600385093688	3.326640340797793e-06	1.2962772822857946e-07	0.0033436580805935	0.0003577691577736	1.2799877025410257e-07	1.1180049359918208e-05	0.0	0.0
192.74437245174647	-0.0764707982924335	37150.39311181756	0.005847782991482	289.6574312231212	1.1462254942003938	83901.42746277718	1.3138328835549369	179.5181433277588	-0.0201785530212816	0.0004071740020326	32226.76378384575	195.77114403891	204.6348043324586	1.10981	22.807352	0.0752015044654502	0.0463974476643179	-0.0831796963	0.0422551245	-0.025618308	0.0449500733	-0.0619121859	0.0805015474	0.0135743139	-0.0164426779	0.0949161544	0.0417171045	0.0449942061	-0.0697961714	-0.0404871782	0.0293306751	-0.0525679329	-0.218186693	-0.0155525349	0.0274629968	-0.1341397474	-0.0072314773	0.1493596807	-0.0412845449	0.0566788999	-0.0436154807	0.0935080719	0.0229021598	0.0515436651	0.0265545752	-0.0245648049	-0.0891352967	0.0118551928	-0.0083331966	-0.0603105185	0.0135276193	0.0606840346	0.0522608313	-0.0668595221	-0.1146199406	0.0145977773	0.1520194582	0.1196441705	0.0646126593	-0.0296084606	-0.0182950806	0.0232072309	-0.0474118197	-0.09808226	-0.043349615	-0.1175076058	-0.058071032	0.0384428239	0.1089135947	0.0917519357	-0.0344859791	0.061095764	-0.0214562891	0.0277977927	-0.0723242095	0.0535676061	0.0016208341	0.0585384886	0.0991219977	0.0163018736	-0.0133924125	0.0800396311	-0.0958904921	-0.0668403166	0.0488167186	-0.0168584708	0.0070206017	0.0357837803	0.0212200821	-0.0336263333	-0.0687418827	-0.033195815	0.0673333953	0.0960656024	0.0779521102	-0.0440006442	-0.0678103163	0.034202529	0.0806437454	-0.1036073993	0.042632437	0.0656690058	0.0057329796	-0.0752826895	-0.0041505721	0.0005254573	0.0671469686	0.0657201465	0.0110847993	0.0009378001	-0.0484683836	-0.069613019	-0.0449803765	-0.0181169821	0.0818015459	0.0239066596	0.1413478475	0.0299383514	0.1069242841	0.107004047	-0.0296639116	0.0308987938	0.0460889032	-0.0169248954	-0.1601332462	0.0956238605	-0.0438505125	0.0512237266	-0.0350256819	-0.0842674817	0.1305780589	-0.0230346755	-0.0998576599	0.0251042908	-0.1337111066	0.036738039	0.0731557115	0.0729075757	0.0432176096	-0.0001326042	0.0390723116	0.0242337533	0.016143251	0.0868873982	-0.0226950141	-0.0246294085	-0.0150127688	0.0837196494	-0.0552576472	-0.020344807	0.0617324537	0.1174623539	0.0356369138	0.1205578263	-0.0449982421	-0.0434167855	0.01750793	-0.1668577785	0.0794856487	-0.0424096298	-0.0704190955	0.0324161347	0.0442846974	0.0169249319	0.0519031847	-0.0988043356	0.0646102301	-0.0161035399	-0.035970438	0.080076174	0.2966629706513259	-0.001868540521528	3.491443680592194e-06	0.0880089181556694	0.0485463031656934	-0.0434169323080482	0.0023567435510554	0.0018850300110416	-0.2566461548142413	-0.000118716098619	1.4093512071334194e-08	0.0658672487809355	0.0015514188783537	0.0002953641998762	2.4069005361122526e-06	8.724001056850784e-08	-0.0020729515724398	-0.0002490435866034	4.297128221680639e-06	6.202270802828518e-08	0.003292119556328	-5.153852426549978e-05	2.6562194834655103e-09	1.0838051173157268e-05	0.0	0.0
192.67529963159296	-0.069072820153508	37123.77108812413	0.0047710544839588	288.1404326439864	-1.5169985791347926	83024.90892426367	2.30128468909698	179.69783085268793	0.1796875249291361	0.0322876066151589	32291.31041316124	195.7857755075992	204.120791553407	1.036658	21.304041	0.1388127724980195	0.0773764567172228	-0.0711929452	-0.0203020335	0.0317813347	0.0818544771	-0.0104097666	-0.0203670532	0.072560569	0.069204852	0.1130768491	0.0129340706	0.0485812801	0.0536716721	0.0027600892	-0.0213759238	-0.1620854083	0.0007924562	0.0230062857	0.0563375756	-0.075747231	-0.1127123022	0.0986226943	-0.0468001938	-0.0180898933	0.0253084448	0.0452344444	0.1597297988	0.130899712	0.0645345415	0.0400306379	-0.0021906164	-0.0171496394	-0.0283996036	-0.0022934226	0.0481362739	0.050106974	0.0064164798	0.0849249255	0.0011571919	0.008370929	0.0123297158	0.0695592784	0.1401175625	0.1489268036	-0.0460151249	0.0475431011	0.0567882564	0.0167171079	0.1883269174	-0.0306157378	0.0189420252	-0.0024660513	-0.0696142428	0.1021376281	-0.0156624877	-0.0799395589	-0.1774538346	0.0349240636	0.0043292213	-0.0581630545	0.0687081981	0.0492766854	-0.0206646512	-0.1075678442	-0.0077229752	0.1033090385	-0.0420751219	0.0183105761	0.0651667995	-0.1287169824	0.0181484376	0.1242767993	-0.0092046749	-0.0337582513	-0.0245467938	-0.0698965558	0.0063959262	0.1884146669	-0.0285552259	-0.044320015	0.0027914781	0.0131938012	-0.0711037053	-0.0561782722	0.0876791247	0.1105173971	0.0355861002	0.0298163544	-0.0868841732	-0.0780004189	-0.0774322637	-0.002080753	-0.0799007857	-0.0183132108	-0.0344748756	0.0741133594	0.0298496782	0.0147994999	0.1079157572	0.0491367695	-0.0932217348	-0.0446560506	0.0563298137	0.0972021383	-0.1512817091	-0.0083455457	-0.0350496936	-0.0225062362	0.1291509756	-0.0297778882	0.0192841032	0.0843102987	-0.11408188	0.0846270735	-0.0383343643	0.0188509556	0.0178770486	-0.0710887298	-0.0776016715	-0.0102202156	0.0184648246	0.0480565188	0.1220502518	-0.0899075577	-0.0865645622	0.0508528428	-0.084566605	0.0742838304	-0.0063946981	0.0697266397	0.0124926766	0.0902761636	-0.0273343004	-0.0313088162	0.01157984	0.1346483775	0.0313995092	-0.0192765251	-0.0215192907	0.0471387881	0.0797580258	-0.0273981116	0.1600366318	-0.0111227036	0.0763145645	0.0185760969	-0.0066635341	-0.1028131224	0.0085666	-0.0997713604	0.0680667272	-0.0224686191	-0.0277156827	0.0722427837	0.302614198741864	0.0059512280905381	3.541711578560985e-05	0.0915753532801803	0.1200525004021955	0.0715061972365021	0.0144126028528191	0.0051131362432255	-0.245608355870047	0.0110377989441942	0.0001218330055324	0.0603234644731876	0.0009269344230243	-0.0006244844553294	8.592074245873918e-07	3.8998083494805757e-07	-0.0022448853457377	-0.0001719337732979	5.039510215507873e-06	2.9561222400453706e-08	0.0035020522922364	0.0002099327359083	4.407175360598588e-08	1.2264370257558223e-05	0.0	0.0
192.87375617858967	0.1984565469967094	37200.28582243806	0.0393850010458571	289.0069441319953	0.8665114880088822	83525.01375651424	0.7508421588513673	179.69619792488967	-0.0016329277982549	2.6664531943138186e-06	32290.723548661124	196.12404073787224	206.51733867960283	1.168199	24.007288	0.151889146283179	0.090077530611855	-0.0377765479	-0.0806643319	0.0771017244	0.0472239024	-0.0774953827	-0.0705334628	-0.0148278838	0.1396992637	-0.0421314363	0.1148958354	0.0606696137	-0.0281916876	0.1626951552	0.0436482343	0.0089125999	-0.1511898223	0.0312664291	0.0577175111	-0.0219665701	-0.0523604827	-0.0178780142	0.0849229442	-0.0793593884	-0.0460482561	0.0492493968	0.1478769901	0.1045064557	0.0913399099	-0.0601253698	0.0068021203	-0.0489557095	0.0491824526	-0.0864481357	0.121760817	-0.0759495831	-0.0545840712	-0.0837075192	0.0135414004	-0.0067002641	0.0336198441	-0.1220955526	-0.0858987936	0.1239197127	-0.024109391	0.033309196	-0.0475385516	0.1530701913	0.0694318276	-0.0849591496	-0.0024424112	0.0119490543	0.0115631734	0.0740183852	-0.1357338109	0.0124835988	0.046767303	-0.0747585557	0.0082731059	0.0423339481	-0.001547114	-0.0805404577	-0.0947595791	0.0661931136	-0.058280831	0.0019607545	-0.0226891317	0.040607378	0.0393104197	0.0666775433	0.0158915512	-0.0058708438	0.0505217021	0.071328062	0.0121039139	-0.0926838645	-0.0436825494	0.0118246253	-0.0314484358	-0.0398236724	-0.0674730539	-0.1265740417	-0.0454460456	-0.1203959016	0.0408898644	0.1231100495	-0.1591982557	0.1004936689	-0.0088608907	-0.0380392618	0.1600951443	0.0546517531	0.0019418476	0.095152401	-0.0331463743	-0.051274605	0.0173696556	0.1668083381	-0.0326510723	0.0520936621	0.0137661795	-0.0642268097	-0.0356594999	-0.0679598337	-0.0813162376	0.0011884026	0.0320147539	-0.0643940312	0.0904733123	0.1016204557	-0.1079364722	0.0748636776	-0.0414530577	-0.0463777827	0.0305590281	0.0847610273	0.0755244456	0.0254286907	-0.0064396799	-0.0827673721	-0.0258606067	0.0467062526	-0.0401930795	0.0536446207	-0.0415574168	0.0399659982	-0.088662664	0.0061021301	-0.0189457331	-0.0968668889	-0.0348902852	-0.0206069589	-0.024949693	0.0262050637	0.0410265447	0.0676798393	0.0385930226	0.0934016722	-0.1318382455	-0.028260242	-0.0473784533	-0.0067920832	0.0947508685	0.0202356353	-0.1273618668	0.0088307174	-0.0500736147	-0.140246742	-0.0551880643	-0.1007008652	0.0714208455	-0.0287576717	-0.019294242	0.0637307152	0.3081833517719303	0.0055691530300662	3.101546547229638e-05	0.0949769783093813	0.0504164224349779	-0.0696360779672176	0.0025418156511421	0.0048491833546564	-0.3022292105788722	-0.0566208547088251	0.0032059211879578	0.0913424957271282	0.0011571372317585	0.0002302028087341	1.3389665731217243e-06	5.2993333149114645e-08	-0.0020739835146672	0.0001709018310704	4.301407619111312e-06	2.9207435863249705e-08	0.0035022088639731	1.5657173669993837e-07	2.4514708733234823e-14	1.226546692689175e-05	0.0	0.0
193.0248868977107	0.1511307191210278	37258.60696187401	0.022840494262039	288.02699596716195	-0.9799481648333312	82959.55040586753	0.9602984057602136	179.77952871256244	0.0833307876727644	0.0069440201741633	32320.678944111063	196.0742878496708	208.9087294689214	1.05944	21.772228	0.1179549225707525	0.0602607836901778	0.0042590482	-0.1289274486	0.0466020755	-0.0563300781	0.0704054198	-0.1347395176	0.0177940346	-0.001243616	0.0992289755	0.037126321	-0.0159254902	0.0605536067	-0.1109168881	0.0444494229	-0.0689940991	0.0234787293	0.0216567129	0.0933072074	0.0092017392	-0.0636208628	-0.0825256485	0.0902556414	-0.0660040737	-0.0031247439	0.0727897311	-0.0729188613	0.1516954913	0.0232948275	-0.0487502371	-0.069037307	-0.0275619941	-0.0429008485	-0.0850056959	-0.0219592282	-0.0230173977	0.0264200667	-0.0615110171	-0.0034303571	-0.0399324471	0.0299551612	0.0946288934	0.0308714915	0.1117920737	-0.0016291616	-0.0874879838	0.0581868181	-0.0673613964	-0.0660848663	-0.0670155112	-0.0816359377	-0.0173098021	-0.0383227019	-0.0796064204	-0.0397046404	-0.0312964919	-0.0544475294	0.0073011647	-0.0458757049	-0.040640347	-0.0993193859	-0.1374905799	-0.1106709426	0.0225590862	0.0827736339	-0.0519765416	0.0691538474	-0.1327298632	-0.0247304519	0.0024510425	-0.0668708984	-0.0843701325	-0.0503799388	0.0618609232	0.1013919977	-0.0336088866	-0.0013083363	0.0485014241	0.0462803064	0.0042745835	0.100042661	0.0168444949	0.0168980701	0.1014262876	0.1568391223	0.1092470328	-0.0631484011	0.0509907078	0.0278439101	0.0658047306	-0.0149894213	-0.0128011237	0.0020062261	-0.0723256733	-0.1261309421	0.0345329369	-0.0298027246	-0.0047099522	-0.1091847069	-0.0149782039	0.0050452046	-0.0095225302	0.1185931917	0.0608813811	-0.050361793	-0.0073141811	-0.067389722	-0.0706074724	-0.0042693109	0.0781943231	-0.0636432418	0.1405332697	0.113252642	-0.086419747	-0.0902433918	0.0602244468	0.0070779497	-0.0164724148	0.0690782614	-0.0794894127	-0.0162928929	-0.0087020824	-0.0895803789	0.0445544599	-0.1393962642	0.0853686672	-0.0942752781	-0.0360258949	0.0352839099	-0.0133846275	0.002679787	0.0191584369	-0.0791414536	0.0928383159	-0.1024442144	0.1168140265	-0.0106143445	0.066396486	0.0549341925	-0.0685904479	-0.0616319991	-0.0350321364	0.0782945503	-0.0793896048	0.0785501746	0.0011708338	-0.0356866626	-0.0443606206	-0.0333979483	-0.1015925006	0.0746675401	-0.0349494174	-0.0107567634	0.0546199342	0.2972249372877655	-0.0109584144841647	0.0001200868480067	0.0883426633457161	0.0725691755737329	0.0221527531387549	0.0052662852434512	0.0004907444716266	-0.2665711184823394	0.0356580920965328	0.0012714995319648	0.0710601612089254	0.0003298601825373	-0.0008272770492211	1.0880774002354089e-07	6.843873161681356e-07	-0.0019189295917516	0.0001550539229156	3.6822907780999614e-06	2.4041719011516863e-08	0.0035008265790839	-1.3822848891997634e-06	1.910711514910002e-12	1.2255786736820282e-05	0.0	0.0
192.7470314988069	-0.2778553989037959	37151.41815160206	0.0772036226999875	287.426134007695	-0.600861959466954	82613.78251060944	0.3610350943344674	179.85754747007326	0.0780187575108186	0.0060869265235319	32348.737381949653	196.0235000354501	206.6777327060047	1.251937	25.728157	0.0808516827326813	0.0473572340695247	0.0994803891	-0.0829219982	-0.0810753386	-0.0718422	0.0735573579	-0.0370155668	0.0138760693	0.0147966547	-0.0712616956	0.0572485249	0.0365938707	0.0423263151	-0.0836656843	-0.0279779652	-0.0323295628	0.0707054489	0.0015652435	0.0745275012	0.097220764	-0.0050985991	-0.0536649163	0.0964761942	0.0040974448	-0.0961708455	0.1077453744	-0.0412092099	0.0768061632	0.012301906	-0.009202676	0.1260013711	-0.1077983927	0.1327187158	-0.0694583156	-0.0964299734	-0.0301476186	-0.0082606807	-0.0367118462	-0.0889620334	-0.0102990805	-0.0292355263	-0.0011843431	0.0192174178	-0.1279659402	-0.0940546269	0.0043869221	0.1305068964	0.1000172378	-0.0573936959	-0.0772910848	0.0142866816	0.0565736821	-0.0409453632	0.0594781834	-0.0571145548	-0.0269639178	-0.1015600171	-0.0082057024	-0.0037468672	-0.0305545339	0.0484385612	-0.0051971619	-0.1027108911	-0.0181853085	-0.0600325197	0.0002040169	0.011119489	-0.0446012525	-0.0441707812	-0.0330374209	0.0483089358	-0.0331060049	0.0190581145	0.0238646103	0.0980824239	-0.0063404212	-0.0233161003	-0.0204002479	0.0528527454	0.0635936532	0.0334221056	0.0257437673	-0.0084431592	-0.0196686273	0.1335033313	-0.0272357212	-0.0889771741	0.1211628814	-0.1131681388	-0.0792655817	0.0208589452	0.0308878328	0.0580409159	-0.165232614	0.0672467711	-0.0025694212	-0.0241545622	0.02922986	-0.0743225442	0.0673129024	-0.0284786348	-9.65843e-05	-0.0893388025	0.0193853301	0.0220915204	-0.0016689606	0.1002314654	0.0788805389	0.0732035293	0.1682936495	-0.1367004192	0.0436430949	0.031817515	-0.0623317702	0.0058381911	-0.0281208397	0.1104565824	-0.0453078173	0.0036379231	0.0434520551	0.0688142676	0.0539317701	0.0385639915	0.0148011825	-0.0407853303	0.0681388586	-0.0271676433	-0.1258991339	0.0017003666	0.0178900587	-0.0341315979	0.0410369735	-0.0270119522	-0.0086522115	0.0328968297	0.0631776018	0.0514963973	-0.079058699	-0.0627448426	0.0288462421	-0.0388441029	-0.0911474588	0.0911553946	0.0071174925	-0.0380113697	0.0364993992	0.1431015815	0.0339771463	-0.0490510247	-0.1024459312	0.0778019275	-0.0410229053	-0.0021545924	0.0449960313	0.3046830229404094	0.0074580856526438	5.5623041602172586e-05	0.092831744468106	0.0840200672539879	0.011450891680255	0.0070593717013646	0.0001311229202729	-0.2807010006416419	-0.0141298821593024	0.0001996535698357	0.078793051761219	0.0011246458536962	0.0007947856711588	1.2648282962360544e-06	6.31684263079503e-07	-0.0020790445996867	-0.0001601150079351	4.322426447486431e-06	2.563681576605714e-08	0.0035021823647995	1.3557857155999805e-06	1.8381549066249507e-12	1.2265281316312618e-05	0.0	0.0
192.92810066202856	0.1810691632216503	37221.25202505782	0.0327860418697886	287.5643372703775	0.1382032626825093	82693.24806975143	0.0191001418160906	179.83869731722612	-0.0188501528471363	0.0003553282623604	32341.957052756872	196.0789425522378	202.04077173965624	1.172742	24.100651	0.0894195862215936	0.0525988754748259	0.1181114708	0.0132993348	-0.080013904	0.1133629703	0.0748597362	-0.0210798363	-0.0418931364	0.0379982951	-0.1122638686	-0.0284061624	0.0992952207	0.0133501868	-0.0291390144	0.0590943591	-0.0713575246	0.0326972845	-0.04566648	0.0131259999	0.1190553404	0.1018193032	-0.0277121782	0.1005867669	0.0289547761	-0.1089021782	0.086521717	-0.0303627886	-0.0044040141	0.072930978	0.0205184057	0.0805048647	0.0579044716	0.012729149	0.0321489722	-0.0104618152	-0.0158721147	-0.1542988073	-0.0530893533	-0.0525776107	-0.1247480042	0.0072950154	-0.0762119523	0.0006734483	-0.0102068759	-0.1001606988	-0.0656397781	0.0679453465	-0.0120765829	-0.0067629698	0.0703928688	-0.0780697547	-0.1280426372	-0.0219469121	0.052626721	-0.1345934946	-0.0781308971	-0.0797467053	0.014672223	0.0682312176	-0.0651724106	-0.0329887085	0.0670234378	0.1483025592	-0.0283700835	-0.0020773488	-0.1708728147	-0.1350398099	0.0178534908	0.1525581544	0.0367915474	0.0252014093	0.0340712837	-0.0487642585	0.0190372597	0.0841299612	0.0108235026	-0.0672717454	-0.1252794765	0.0285499972	0.024756138	-0.0422177194	0.0387245646	-0.0028581416	-0.0715729335	0.0974797005	-0.0773683457	-0.0660938723	0.1513409579	-0.0476339717	-0.0506539739	0.0106606887	-0.0299773674	0.0780637324	0.1209096621	0.0072144877	-0.0423328934	0.0502892034	0.031897474	-0.1490280575	0.0716585223	-0.0279301778	0.0327535382	0.1246081179	-0.0372147519	0.0189927564	0.0477303434	0.0453209909	0.0188578003	0.1377827777	0.106868589	0.0171677699	0.06000578	0.0880196677	-0.0311442839	0.0287025663	-0.1086218935	-0.1504132608	0.0370620088	-0.0295090038	0.0812595601	-0.0005945729	0.0675593799	0.085709012	-0.1036591185	-0.0045272177	0.038534663	0.0438417725	-0.1026747331	-0.0475810147	0.0580870075	-0.0396561915	-0.0441297977	-0.0037472153	0.0209564245	-0.0309738867	-0.0216543471	0.001748534	0.0924945147	-0.09095773	0.0958558618	0.0069736636	0.0369802993	0.0411893495	-0.1358284258	0.0521677941	0.070483402	0.0992778088	0.0161710611	-0.0325923738	-0.103260836	0.0808192935	-0.0469575846	0.0064605365	0.0349494174	0.3102579837699863	0.0055749608295769	3.1080188251317035e-05	0.096260016493017	0.1329694995178556	0.0489494322638677	0.017680887802029	0.0023960469189549	-0.2900922484951209	-0.009391247853479	8.819553624547395e-05	0.0841535126369549	0.0011997770316814	7.513117798520013e-05	1.4394649257502311e-06	5.6446939054438215e-09	-0.0022972844155735	-0.0002182398158867	5.277515686036877e-06	4.7628617238304285e-08	0.0037188902764209	0.0002167079116213	4.696231895930847e-08	1.3830144888057918e-05	0.0	0.0
193.1624751267109	0.2343744646823324	37311.7417970772	0.0549313896951299	288.2721818922029	0.7078446218254157	83100.85085289132	0.5010440086471658	179.81753287821402	-0.0211644390120966	0.0004479334786967	32334.345130407582	195.8292439007033	204.6256021246208	1.198503	24.630064	0.1792646484792253	0.1198181156442694	0.1002938269	0.0496423433	0.0975591337	0.0931817697	0.046321439	0.0648631834	-0.015300048	0.0920610628	-0.0218174377	0.0922919777	-0.0708518599	0.014337363	-0.1364018533	0.0364981216	-0.075425574	0.0115471141	-0.2475180456	0.0541978525	0.0950744945	-0.0432678816	0.0304149703	0.1188689757	-0.1030472292	0.0797706285	-0.0206807888	0.1890643761	0.04946379	-0.0585888402	0.0455624458	-0.0210443473	-0.0664850474	-0.0132172947	0.0868854317	-0.1001598794	0.05397657	0.1025235261	-0.1407923906	-0.0106020108	-0.0523968249	-0.0656056806	-0.0258976572	0.0499962762	0.018552928	-0.0491267606	-0.0545433158	-0.0307005702	-0.0199445548	-0.030435004	-0.0031115168	0.0457592275	-0.1630379974	0.0994370504	-0.0941601064	-0.0406872108	0.0117992934	0.0145391634	0.0644431526	-0.1331106048	0.0831484189	-0.1124832662	-0.0415643614	0.0162589857	-0.0408543375	0.001254909	0.0072425355	0.0358861328	-0.09736894	-0.0574972912	0.1006422694	0.0477480352	0.0725966948	-0.0546299046	-0.1440998441	0.0824163358	-0.1535123417	-0.0070450401	-0.0932723143	0.0751784188	0.0410755405	-0.0011636771	-0.1342996013	-0.1005791373	0.0722610427	0.032675683	0.1611997446	0.0546862886	-0.0909422622	-0.1482318767	-0.0798814119	-0.1659497973	0.0172064339	0.077133303	0.0016191056	-0.0289741141	0.0296232031	0.0151470565	0.1215266172	-0.0133416065	0.0580797484	0.0055901691	-0.0660094095	0.0168884579	-0.0543372573	0.0078779076	-0.0795839872	-0.0760905272	-0.0305523394	0.0028482804	0.0472926189	0.0275224813	-0.1981869818	0.0558291673	0.0601570635	-0.0094957688	0.0184456213	-0.1468122592	0.0498794256	-0.0584261949	-0.0623358039	0.0612944302	0.0172641398	-0.1591441069	0.047311736	0.0529548249	0.1135774129	0.0857952919	-0.0672759263	0.0243451087	-0.0745904645	0.0026048419	0.0972227005	0.1009710723	0.0615899259	0.1641443056	-0.0551087624	-0.1290746526	0.0482394664	0.0498803598	-0.0246071883	-0.0027118122	0.0642333997	0.0659361912	0.111706985	-0.0851881104	-0.0912802111	0.1853201084	0.1052827497	0.1750803112	-0.1040369087	0.0837150996	-0.0527333744	0.0150368111	0.0245744743	0.3055703824756932	-0.0046876012942931	2.197360589425864e-05	0.0933732586463414	0.0245795680512657	-0.1083899314665899	0.0006041551655868	0.011748377243332	-0.2853300281015336	0.0047622203935873	2.2678743077098905e-05	0.0814132249364219	0.0004981652255606	-0.0007016118061208	2.481685919578435e-07	4.922591264880912e-07	-0.0022902097279606	7.0746876128999214e-06	5.245060598045365e-06	5.005120482011959e-11	0.0031990788636595	-0.0005198114127613	2.702039048370025e-07	1.0234105575912955e-05	0.0	0.0
193.09190371376383	-0.0705714129470607	37284.48327980544	0.0049803243253445	288.321671527198	0.0494896349950977	83129.38627223748	0.002449223971948	179.64262885792652	-0.1749040202874994	0.03059141631273	32271.474102986736	195.72474680766013	200.89997759531545	1.299214	26.699734	0.2882091722786658	0.1538785219438057	0.0391424013	0.1039595411	0.0717152728	-0.0678654894	0.0378935084	0.0055050772	-0.1030203276	0.0303975926	-0.0134108636	-0.0204964171	0.0315682874	-0.0783071614	0.0407979977	0.2030718176	-0.1267438749	-0.0518073744	-0.1175104133	0.0144073158	-0.0155314223	0.0045064009	0.0790510697	0.0525964402	-0.041763108	-0.0855751321	0.1116646451	-0.0235969624	-0.0716932452	-0.049356436	0.1120161194	-0.0990029112	0.0067365917	0.0617349972	0.0903371474	0.0218513679	0.0618523413	0.1408001213	0.0902007453	0.0221152951	-0.0666173681	-0.0244725664	0.0264477893	0.0110397077	-0.0168892697	-1.40131e-05	-0.0040927365	-0.0217340048	0.0522827858	-0.1562743703	-0.0694001208	0.0857088605	0.0348220298	0.0107387623	0.0214963243	0.0815319211	-0.0439140832	-0.0107468865	-0.065781059	0.1473181513	0.1467398982	-0.0694377055	0.0916489507	0.0246227482	-0.0797749195	-0.0140176665	-0.1083128257	0.0506356742	0.0863431059	-0.0826420157	0.0232742227	-0.024088759	-0.160966013	0.0427052186	-0.0605900371	0.028607242	-0.0106264005	-0.0234137262	-0.0850190564	0.0205298398	-0.0679763459	-0.1166276319	0.0126982533	-0.0080006165	-0.0250313717	0.1334997147	-0.0264491067	-0.0267272307	-0.0746183654	0.0630828529	-0.1219864413	-0.0016172445	0.1046013196	-0.0101075293	-0.0912182106	-0.1117921367	0.0838975598	0.0522894504	-0.0101358731	0.0409512441	0.0551876107	0.0409607697	-0.0196411449	-0.0328285455	-0.0969837104	0.1550819825	0.0065025573	0.0219828593	-0.0474545541	-0.1560395261	0.0454293674	0.0873957572	6.02544e-05	0.0204153461	0.056496003	0.0624441692	-0.0729341282	0.0482690145	0.0871948135	0.0134868999	0.2264643695	-0.0187945426	0.0133942567	-0.0900138126	-0.0010041129	-0.0231544839	-0.0009543178	0.0845009612	0.0026891693	-0.0342416687	0.0168019082	-0.0997871074	-0.1819746995	-0.1120224993	0.0785060835	-0.0393681577	0.1068867404	-0.0771269982	-0.0991700205	-0.018634586	-0.1100821944	0.0496100619	0.1457248817	0.0165239422	-0.0380156983	-0.0517586905	0.0598434958	0.0385952644	-0.0627816144	-0.0074185521	-0.1047738574	0.0864849902	-0.0583307311	0.0235226525	0.0139686685	0.3353007106040877	0.0297303281283945	0.000883892410622	0.1124265665316061	0.1447409001291646	0.1201613320778989	0.0209499281702008	0.014438745726735	-0.3555218295541209	-0.0701918014525873	0.0049268889911594	0.1263957712895094	0.0013726944660804	0.0008745292405198	1.8842900972077544e-06	7.648013925241382e-07	-0.0021061046703716	0.0001841050575889	4.435676882561066e-06	3.3894672229848976e-08	0.0035029587779464	0.0003038799142869	9.234300230701372e-08	1.2270720199991735e-05	0.0	0.0
193.5149395976157	0.4230358838518668	37448.03184746885	0.1789593590263301	289.4319751197838	1.1103035925857512	83770.86822173913	1.2327740677088257	179.9851574253538	0.34252856742728	0.1173258195037846	32394.65689342939	195.9238089127104	206.21045469506947	1.347502	27.692099	0.1053683145186784	0.0582162354655116	-0.0576933774	0.0777930213	-0.093433305	-0.0713066085	-0.0061444308	0.1026197156	-0.0761827769	0.0214019542	0.0105951676	-0.0372325419	-0.1728944515	-0.0355999893	-0.0324164012	-0.0254072217	-0.1156472685	0.0136827188	-0.0514250911	-0.0057950382	0.0014535468	-0.023553619	0.0196934617	-0.0488845007	-0.0200149905	-0.0130179837	-0.1186930028	0.0005517303	-0.0051211593	-0.0494483544	-0.1292502135	0.0142137282	0.002450857	-0.0841416948	-0.0038407988	-0.0088910562	-0.0043415524	0.0729077492	-0.0312728662	0.0484931793	-0.0753850768	-0.0415603013	0.1038225458	0.045450804	0.0067200733	-0.0155671058	0.0021568625	0.0727019244	-0.0604252073	-0.1458136352	0.1032475409	0.0288031669	0.027412449	0.0095642892	0.1634845026	-0.057143817	0.0264667295	0.1141992364	-0.0247924702	-0.0273143732	-0.0135106274	0.0417601346	0.0806318665	0.0158589441	0.0117019696	-0.0032548363	-0.1506335117	0.0132223913	-0.100767111	-0.0210538805	0.140361668	-0.0632788414	0.0793054625	-0.0904105877	-0.0970829623	-0.0024492144	-0.0188849894	-0.0202615846	0.0043998469	-0.0038371045	0.0128828084	0.0010744944	0.052582464	-0.0206554627	-0.0058992222	-0.1199453345	0.0442048995	-0.0488972641	-0.0552672078	0.0150475685	0.1011086116	-0.0979082946	0.0024808822	-0.0393177043	-0.054128225	-0.0599401404	0.0274039951	-0.0754819073	-0.0918458497	-0.0002568403	-0.1064902596	0.0795726807	-0.1595617304	0.0789777144	-0.0373888354	0.0476290299	0.053411833	0.0774479774	0.0670651835	0.0851937607	0.1366873514	-0.0599794997	-0.0591695621	-0.0201517379	-0.0231221998	0.0569713225	-0.0968684726	-0.0200745095	0.0219562527	-0.0293717421	-0.0031496998	0.0816430984	0.0087857195	-0.0671695395	0.0059947212	-0.0224572943	0.0728847048	0.0492816671	0.0535425028	-0.0508764878	0.0044940569	-0.0493939369	0.0158314002	0.0883131273	-0.0204578452	-0.0444994083	-0.1110387363	-0.124382196	-0.1625095327	-0.0897235582	0.0573853926	-0.149947938	0.0368012861	0.001310637	-0.0701885425	-0.0771104044	0.0099152066	0.0508868048	-0.0281527838	0.0271179275	-0.1054714048	0.0891247992	-0.0637307152	0.0318670259	0.0032316354	0.3361342508615763	0.0008335402574885	6.947893608540816e-07	0.1129862346022731	0.1451509627985956	0.0004100626694309	0.0210688020013592	1.6815139286087715e-07	-0.312698083485202	0.0428237460689189	0.0018338732273752	0.0977800914153183	0.0009662566868976	-0.0004064377791828	9.336519849743266e-07	1.6519166834704653e-07	-0.0023030142735862	-0.0001969096032146	5.303874744341773e-06	3.877339183813125e-08	0.0041256307060058	0.0006226719280593	3.8772032999321036e-07	1.7020828722337915e-05	0.0	0.0
193.489921026298	-0.0250185713177018	37438.34953876303	0.0006259289107789	290.43081026567074	0.9988351458869716	84350.05555157404	0.9976716486590476	180.1755013794431	0.1903439540892861	0.0362308208583442	32463.2112973337	196.36388941551948	205.2242703218569	1.146524	23.561848	0.2489905678415222	0.1650226242817392	-0.0865592293	0.0225111907	-0.0161389951	0.077653817	-0.1026270016	0.0929409987	0.0040687134	0.0845826608	-0.0331422052	0.0206581558	-0.0687756484	-0.0051189588	-0.1134191573	-0.0269790314	0.1027128876	-0.1079070233	-0.095305939	-0.1183303407	0.0058778302	-0.0853337089	-0.040772195	-0.0911454541	0.0434180013	-0.0940096844	-0.0208045085	-0.0391896929	0.0909174053	0.0733813725	0.002681716	-0.0524189426	-0.1186814048	-0.0325455406	0.1179438595	0.0044300717	-0.0886573171	-0.0401005604	0.0158329988	-0.036868613	-0.1479414488	0.0438220425	0.0956639621	0.0213668108	-0.0112764673	0.0033771612	0.036810376	-0.0685497479	-0.065074999	0.0082768476	-0.0605186188	-0.1690266265	0.0423910685	-0.0654859341	0.049625378	0.0295624368	0.0165720618	-0.021617887	0.1007205164	0.0226292902	0.0292705671	-0.0513075924	-0.0385052981	0.1005480213	0.11754991	0.0716479225	0.005590842	-0.2319248006	0.1552292929	0.0505431919	-0.0191439319	0.0314124396	0.0019634503	0.0253919103	-0.0346093734	-0.0742179194	-0.1235866613	-0.0489746145	-0.0553633042	-0.0146701969	0.0583991078	0.0722945583	0.1548911856	0.0875212785	-0.0443385807	-0.0395505749	0.0437753795	0.0082067632	-0.025512655	-0.0586432714	-0.0255354844	0.1049169038	-0.0199049519	-0.1369541776	0.034687421	-0.0479627912	0.109077409	-0.0484401769	-0.0407673001	-0.0912640829	0.0551597417	0.0612771702	-0.0778721139	0.0936119875	0.0111830847	-0.0060380611	0.1042270811	0.0892660744	-0.0892924599	-0.0802757718	-0.1688445737	-0.0269307748	0.1013940345	0.0711347309	-0.031835193	0.0414398553	0.0113126028	-0.0236063963	0.1385446714	-0.0548092299	-0.0022729775	-0.0053812923	0.0306600094	0.0416200161	-0.0412463869	0.1214458561	0.1095278851	0.0121467137	0.0948410552	0.0309426563	-0.0921830276	-0.0503910376	-0.0640185464	-0.0451919582	0.1576354254	-0.0584013757	0.0461211333	0.0400886979	0.1080892158	0.0716401876	0.1475933648	-0.0309155031	-0.1264332898	-0.062752523	-0.1016054883	-0.0436312876	0.0134005647	-0.0487311089	0.0639969439	0.1118912583	-0.1061292888	0.091630556	-0.0689150546	0.0400197472	-0.007535757	0.322159268173678	-0.0139749826878982	0.000195300141127	0.1037865940701997	-0.0082709343916036	-0.1534218971901992	6.840835571021123e-05	0.02353827853744	-0.3077567221622672	0.0049413613229348	2.4417051723796185e-05	0.0947142000360629	0.0002321452493972	-0.0007341114375004	5.3891416817688195e-08	5.389196026689037e-07	-0.0024126111739064	-0.0001095969003201	5.820692676458017e-06	1.2011480559795833e-08	0.0034362925110166	-0.0006893381949891	4.751871470709677e-07	1.1808106221268771e-05	0.0	0.0
193.5085233821856	0.0186023558875945	37445.54862155387	0.0003460476445687	288.73445442483984	-1.696355840830904	83367.58517200992	2.877623138721124	179.98438898415233	-0.1911123952907587	0.0365239476337712	32394.38027799865	196.14925983333663	207.2426671214488	1.078975	22.173681	0.1703260094493576	0.1260289348445811	-0.061281224	-0.0463878386	0.0275866294	0.065434702	-0.0172918192	0.0184471662	0.0863945722	0.1015118066	-0.0114892489	-0.0588931741	-0.0420780603	0.1312812174	0.0192266691	-0.1358959002	-0.1123695077	0.0933852786	-0.036821708	-0.0175756773	0.0639546156	-0.1884355136	-0.0089367237	-0.0036123334	0.0154533057	-0.1288078049	-0.0314574009	-0.0194359853	-0.0379990004	-0.0390804533	-0.0194294796	-0.0236321971	0.0873942585	-0.0628299433	0.0294835775	0.0224082641	-0.0475549565	-0.026713961	-0.0438968514	-0.0016902143	0.1099268248	-0.1081949747	0.0937357571	0.0647788014	0.0622591238	0.0222808173	0.0981680672	-0.0623359036	0.0323888878	-0.1341060327	0.0483331707	0.019073645	0.0639915367	-0.1107780535	-0.1595146056	0.0173987602	-0.0300083675	-0.0507917971	0.0909085225	0.0576652997	-0.0172563673	0.1144641192	0.0675621453	0.2133424715	0.0559393794	-0.0197276664	0.0905453942	0.0305044885	-0.020056918	-0.063600774	0.0181429316	-0.0632648128	-0.0428170202	-0.1655137362	-0.0004498183	-0.0100842053	-0.1384418307	-0.0542739294	0.0332927977	-0.0325111852	0.0932151312	0.018611533	0.1060289804	-0.14594792	0.0078171703	0.0349631886	-0.0337063893	-0.0131981768	-0.074366309	0.0665378993	0.0579310455	-0.0995295371	-0.0545075635	0.0664771884	0.0019129584	0.0410044841	-0.0023858733	0.0034767787	-0.0837200975	0.0274980323	0.0041854986	0.0332273009	-0.0806747752	-0.1028666841	0.0157523294	-0.0604972435	0.1234344323	-0.161951861	0.0504993749	-0.0813003952	0.0136246386	0.0597885699	0.0983332997	0.1427549464	0.0860067099	-0.0427309436	-0.0851294348	0.0123302231	0.0067339025	0.0029098401	-0.0495622395	-0.0143019627	-0.1374510685	0.1113031875	-0.1949912354	0.1013391403	0.1159628044	-0.0802398323	0.0610436958	0.0086698864	0.0357167263	-0.0458068047	-0.0592612543	0.0229536259	0.0647669724	-0.104361169	0.037665223	-0.0096323109	-0.0553731838	0.0630171802	0.1671477725	-0.0050585808	0.0654203297	0.0542788328	-0.0208981074	0.0826677198	-0.0469869888	0.0668836302	0.0102911126	-0.0770446641	-0.106747262	0.0939984918	-0.0738662073	0.0479317851	-0.0182323554	0.3221472408896915	-1.2027283986526529e-05	1.4465556009255742e-10	0.1037788448128409	0.1157770763924332	0.1240480107840368	0.0134043314179793	0.0153879089794765	-0.2968256277482908	0.0109310944139763	0.0001194888250872	0.0881054532881669	9.904659848144234e-05	-0.0001330986509157	9.810228670744056e-09	1.7715250875594717e-08	-0.0019813312395671	0.0004312799343393	3.9256734808845005e-06	1.8600238176371098e-07	0.0035786114651087	0.000142318954092	2.025468469386921e-08	1.2806460018207436e-05	0.0	0.0
193.29376478879607	-0.2147585933894618	37362.47950622644	0.0461212534346201	289.7083861820647	0.9739317572248752	83930.94902421634	0.9485430677311332	179.87475981118243	-0.1096291729699032	0.0120185555660649	32354.929217130568	196.31161716757487	208.36487368155383	1.138705	23.401167	0.1139617342181863	0.0568287078146005	-0.0345849705	-0.1015805334	0.0690503611	0.0348281908	-0.0678481935	-0.050087659	0.078549937	0.0904514925	-0.0690914104	0.2018547975	-0.124683333	-0.0936232036	0.0841264699	0.0274405272	0.0672479935	-0.05169585	-0.0140183579	0.0311367546	-0.0020787025	-0.103007284	-0.0056685935	0.0057848645	-0.0168480361	0.0355812986	0.0716978849	-0.0065000003	0.0275313596	0.0023635965	-0.0041528876	0.0558094755	0.1245690335	0.0474269588	-0.1358122316	0.0401343189	-0.0717729104	-0.0354502478	-0.0411503105	-0.0368994216	-0.1004919949	-0.133385002	-0.1082714928	0.0100440317	-0.1412390455	-0.0166875355	0.0199467451	-0.0983240975	0.0029355106	0.0936029526	-0.0596480835	0.0290982165	0.0822360177	0.1600404446	-0.0527001708	0.0039775477	0.0513359697	-0.0423285558	0.0237657591	0.0101859777	0.070452581	0.0831823706	0.0053213734	0.0115789961	0.0932270157	0.0857158771	-0.1169449785	0.0044596725	-0.0982994389	-0.0613629233	-0.0606812571	0.1697949262	0.0379695081	0.0084919075	0.0451808219	0.0021729872	-0.1775998782	-0.0206789132	0.0323565877	0.0324147511	0.0453610219	-0.0083446034	-0.1316632009	0.0597092199	-0.0836753778	-0.0762781839	0.0030893293	-0.026672794	0.0936718112	0.0995922175	-0.0109079822	-0.0276205648	0.1162934939	0.0304706855	0.0527201545	0.1024496574	-0.0029900833	-0.0210770746	0.0952642108	-0.126247784	-0.0124084707	-0.0351311855	0.0352835154	-0.0652631519	0.0743966997	0.0732346452	0.0458157267	0.0214014839	0.005971683	-0.0630546184	-0.0299800659	0.0182806701	-0.1134489673	-0.085326791	-0.1359602146	0.0263494406	0.1126976885	-0.0215109606	0.1110112339	-0.008252121	0.070425777	0.084973514	-0.1029991527	0.1832601653	0.0501948215	0.0755961217	0.1403075384	-0.095622525	-0.0031895313	0.0080486916	-0.0303729296	-0.0139810335	-0.0417658535	-0.0044824782	0.0423104708	0.0207652314	-0.0294667205	-0.0372627474	0.0274350712	-0.1340431355	0.0047373646	-0.0384268032	0.0274690614	-0.0209332512	0.0184794186	-0.1589996716	0.0167801255	-0.1091202052	-0.1054939448	-0.1028843715	-0.1073250918	0.0962250449	-0.0785674201	0.0555555556	-0.0287576717	0.3219780116011179	-0.0001692292885736	2.8638552111127605e-08	0.1036698399546096	0.0845487031823637	-0.0312283732100695	0.0071484832098194	0.0009752112933473	-0.3029751264343261	-0.0061494986860353	3.781633408955007e-05	0.0917939272378959	0.0009632267897928	0.0008641801913113	9.278058485745428e-07	7.468074030549348e-07	-0.0023019508585289	-0.0003206196189618	5.29897775508194e-06	1.0279694006320988e-07	0.0032351186147117	-0.000343492850397	1.1798733827385593e-07	1.0465992451254147e-05	0.0	0.0
193.4502310463997	0.1564662576035687	37422.99189190543	0.0244816897684663	288.0747671905241	-1.6336189915406294	82987.07149187465	2.668711009522223	180.0457999772317	0.1710401660492664	0.0292547384021606	32416.49008944133	196.4485158762557	210.09534251494165	1.09685	22.541031	0.0981789737008858	0.0433733710040922	0.0189955945	-0.1495032858	0.0713163423	-0.0674135673	0.0833292926	-0.1145873691	0.052485081	0.036206212	-0.0401334419	0.0115960664	-0.0228306918	-0.0401986008	-0.071809138	-0.0599732866	-0.0636198055	0.0199949831	0.0165434678	0.038977645	0.0979117917	-0.153466343	-0.0555789119	0.0224753171	0.0559871821	-0.0071776075	0.0150927939	-0.0539589284	0.0240089287	-0.154158318	0.0434339703	-0.0046553399	0.0259170937	-0.0403800768	0.0158796566	-0.0688328944	-0.117580902	-0.1210947777	0.0340689573	0.0920011879	-0.0081249817	-0.0531728441	0.097744556	0.0610564094	-0.0141198075	-0.0016791785	-0.1651236253	-0.0286711777	0.0185290515	0.1189861099	-0.0286995326	0.0383181383	-0.1329009877	-0.0237600159	0.1437592363	0.0581493087	0.0909618736	-0.0841069373	-0.0243246981	0.0071945798	0.0394828103	-0.0912115599	0.0864998173	-0.0168116445	0.0432700965	0.0997032334	0.0605088642	0.0427477235	-0.0188699341	-0.0232751769	-0.0101581108	-0.0231186269	0.074339793	0.0537739806	0.1021184448	0.1299315338	-0.0865492312	-0.0648298353	-0.014865427	-0.0212847083	0.0396058263	-0.0036359273	0.0710294999	0.0713682536	0.1153457633	0.0361023295	-0.0540196285	-0.042069668	-0.084913494	0.0374579212	0.018555493	-0.0312071618	-0.1203081727	0.0784085933	0.0176003679	0.0201828033	0.1351177583	-0.002332761	-0.0919876246	-0.0799173058	-0.023722305	-0.1375623548	-0.0629962347	0.0489007924	0.0287701571	-0.0296817079	-0.0733189228	0.0239004155	-0.0673475993	0.0444871869	-0.0331964466	0.1311648073	0.0320156442	-0.0421124706	-0.0357374555	-0.0065393257	0.0945768864	0.030268085	-0.0630193594	-0.1810046015	0.0801853517	-0.0980456428	-0.0273551175	-0.0339694677	0.0305532865	-0.0327244622	0.1232244408	-0.0961314552	-0.0529970021	0.0278209847	0.0076428159	-0.057416272	-0.0169550631	-0.023212925	0.0896423712	-0.0510259001	0.0644262419	0.0239067176	0.0727100604	0.1516305306	0.0286277452	-0.1236455085	0.0169869382	-0.0252856197	-0.126423844	0.0836480923	-0.0276935997	-0.0555426766	-0.0131634625	-0.0728318784	-0.1078625611	0.0983068664	-0.0830027857	0.0628452084	-0.0390128266	0.3348927310049419	0.0129147194038239	0.0001667899772795	0.1121531412799483	0.0596816989797304	-0.0248670042026332	0.0035619051931071	0.0006183678980137	-0.2892793165643326	0.0136958098699935	0.000187575207995	0.0836825229919273	0.0007667201852101	-0.0001965066045827	5.8785984240861e-07	3.8614845644621625e-08	-0.0020160953714465	0.0002858554870823	4.064640546768002e-06	8.171335949511605e-08	0.0036867853275353	0.0004516667128235	2.040028194728763e-07	1.3592386051329569e-05	0.0	0.0
193.13693828865016	-0.3132927577495366	37301.876931513856	0.0981523520583098	289.07730680313955	1.0025396126154646	83565.68930855647	1.005085674863166	179.88859833626435	-0.1572016409673438	0.0247123559228256	32359.90781138585	196.0974707209127	208.36539005897183	1.270348	26.106527	0.1868385200710763	0.1356233850062088	0.0889707349	-0.0992828847	-0.0800445511	-0.0730432333	0.0321141335	-0.0637293568	0.0381970055	0.0112041497	0.0188954691	0.1717013803	-0.0123705939	0.053795088	-0.1646313283	-0.0675575068	0.0557038681	-0.0138778925	-0.0093689317	0.151220085	0.1243995432	-0.0198051954	0.017021927	-0.0024409434	0.1333455956	0.016235158	-0.0498085124	-0.0270534353	0.0189104657	0.0081666955	0.0170723567	-0.0066123611	-0.0031643641	-0.0335243949	-0.0714061414	-0.1630467503	-0.0209144232	-0.0200727143	-0.0569079964	-0.0349862909	0.0964400258	-0.0242468169	-0.0863618167	0.0123683838	-0.0689427199	-0.0565275616	0.1184844137	-0.0348706126	0.0300540471	-0.1138738923	0.0115973676	-0.0649656471	0.0440865102	0.0662778167	-0.0919519968	-0.0353270321	0.109269207	0.0406589703	0.0533553511	-0.0370961687	-0.0758261441	0.0299668507	0.1403044574	-0.1018861769	-0.045224948	0.0465453326	-0.0048419625	0.1371088954	-0.0084647525	-0.0396293538	-0.075090723	0.0912678432	-0.0175456348	0.1810444563	0.0111849389	0.1143376926	-0.0416605244	-0.0200476202	0.0666929755	0.1777388912	0.0764191635	0.0667996987	0.0359981441	-0.0248819833	0.0471834072	-0.0433410469	-0.0487875898	0.0821293959	-0.0179017976	-0.0539424185	-0.0378995318	0.0217877097	-0.0294853422	0.0128431648	-0.0583595855	0.1072665629	-0.1069442991	-0.1525358642	-0.0624314214	-0.0233866413	-0.0613034866	-0.0507661408	0.0507208113	-0.1566967271	-0.0747796504	0.0835126804	0.0807300693	-0.0569911205	0.0280285852	-0.0724963738	0.0136347382	-0.0932829981	-0.0260678409	-0.0884956445	-0.0051643809	-0.1030383444	0.0093673658	-0.0010960445	0.075471918	-0.0673751109	-0.0009300503	0.1169390437	-0.0718657594	0.0500553717	0.1807749884	-0.1099821604	0.1277173568	-0.0501991853	-0.124127344	0.0191952004	0.1721608933	-0.0038608689	-0.053854998	-0.0624748718	-0.0543642002	0.0707489671	-0.0121783709	-0.0241298834	-0.2262214284	-0.031283207	0.0275221222	0.0124408291	-0.0305416175	-0.0339322446	-0.0469062633	0.0253966706	-0.0093393656	0.0462443594	-0.0906184526	-0.1877191605	-0.1083594676	0.100240825	-0.0871572961	0.0697569027	-0.0489014791	0.3221587352614676	-0.0127339957434742	0.0001621546475948	0.1037862507052683	0.1899463785524204	0.13026467957269	0.0360796267251793	0.0169688867441756	-0.2883480837461505	0.000931232818182	8.67194561659342e-07	0.083144617400077	0.0011500511161595	0.0003833309309494	1.3226175697797118e-06	1.469426026225337e-07	-0.0023069966509357	-0.0002909012794891	5.322233547428536e-06	8.462355440845346e-08	0.0035028452992393	-0.0001839400282959	3.383393400953317e-08	1.2269925190402862e-05	0.0	0.0
193.1489298138609	0.0119915252107318	37306.50908823976	0.0001437966768796	288.5713028307528	-0.5060039723867362	83273.39681743804	0.2560400200711569	179.94513802271638	0.0565396864520266	0.0031967361440934	32380.252698014447	196.0891029411865	203.3844893020428	1.171546	24.076067	0.0559628987383639	0.0292762166829376	0.132051247	-0.0081342431	-0.0820152946	0.1167114231	0.0586013776	-0.028694361	-0.0787159633	0.0427560733	-0.0832610123	0.1195859803	0.0285881598	0.0029505497	-0.0350801748	-0.1112404696	0.0164831718	-0.0191240613	-0.0601294679	0.0987128457	0.1702845408	0.0585507824	0.021486943	-0.07969824	0.0308104107	-0.0325453114	-0.0748041195	-0.0643103491	-0.1466383555	0.0764721693	-0.04063491	0.1143043068	0.1667095853	-0.1464600255	-0.0148493014	-0.1604593047	0.0575919091	-0.0473540602	0.0333910498	-0.1683801688	-0.0738940996	0.0339020499	-0.0057665746	-0.1762104415	0.0163909804	0.141375328	0.033958309	0.0745298992	-0.0758923196	0.0675374034	-0.0740583295	-0.0318832005	0.0791871908	-0.0173390695	-0.0253945205	0.0417881302	-0.0873593912	-0.0254659574	0.0600944312	0.0798974989	0.0122335937	-0.0568677542	-0.0463449909	-0.0644207857	0.0688273993	-0.0144170064	0.0350241894	0.0116744522	-0.00631313	0.1178510074	0.1846291102	0.0333147899	0.1344962825	0.0459207475	-0.0225671412	0.134054453	-0.0088447605	-0.0973730891	-0.0529239248	0.0670751374	0.0304600851	-0.085572814	0.0735635884	-0.056831268	-0.1197168334	-0.1154036499	-0.0772756985	0.0641470894	0.1141249212	-7.74486e-05	0.0768570896	-0.0876212552	-0.0973544449	-0.0907027836	0.0257929791	0.0975656906	-0.1546576196	-0.0750870874	-0.0673579962	-0.1062483798	-0.0470855306	0.1528365332	0.1730110798	0.0669324223	0.0672267566	0.1120278241	-0.0685886675	0.0111748547	-0.009066907	-0.0460245095	-0.1217564172	-0.0595369411	0.0496066901	0.0515251617	0.0783228311	-0.1217372354	0.0725082569	0.0579847332	0.0393325465	0.0430745648	0.0533425879	-0.0783004152	0.1484048227	-0.0603774208	0.0063613651	0.0051113247	0.1058109778	0.0219634464	-0.1124557273	-0.08674459	0.1252279674	0.0470873451	-0.009291642	0.0383339539	-0.0151561842	-0.0095149122	-0.087517858	0.0088424712	-0.0250915802	-0.095126208	0.1255039697	0.0535159415	0.0878777727	-0.1072960441	-0.1548608342	0.0758878228	-0.0335797639	0.0654511997	-0.0668309149	-0.0382250392	-0.1088156246	0.1020240119	-0.0910168938	0.0762490709	-0.0583307311	0.3386700635289372	0.0165113282674695	0.0002726239611561	0.1146974119306943	0.190141847468638	0.0001954689162176	0.0361539221587867	3.8208097207285474e-08	-0.2949805940663523	-0.0066325103202017	4.399019314758325e-05	0.0870135508757381	0.0015508773786536	0.0004008262624941	2.4052206436194618e-06	1.6066169270498918e-07	-0.0023616415417542	-5.464489081850009e-05	5.577350771739154e-06	2.9860640925657953e-09	0.0036998459706162	0.0001970006713768	3.8809264522949326e-08	1.3688860206284933e-05	0.0	0.0
193.19611226783803	0.0471824539771432	37324.73779540708	0.0022261839633052	289.11359751260534	0.5422946818525247	83586.67226668076	0.294083521965531	180.10601933670748	0.1608813139910978	0.0258827971915022	32438.178201314448	196.19045598615435	205.0561037411374	1.113556	22.884348	0.2131375519408075	0.1565796480505258	0.1051293788	0.0492569224	0.1191321999	0.0873793984	0.0290868701	0.0386468892	-0.0719904934	0.0196138168	-0.001596824	0.1225482247	0.0338905077	0.0723115396	-0.0240818732	-0.0599009568	0.0130818985	0.0194441721	-0.136610912	-0.0522362646	0.0835180115	0.0323085628	0.0290095547	-0.0061395385	0.043751893	0.0394066046	0.006003223	0.0269826721	0.0072584595	0.0009402634	-0.1986355168	-0.0784973247	-0.089709143	-0.0829448942	0.0711247025	0.081638149	-0.0264233904	0.0127910272	0.1299469595	3.94315e-05	0.1924246632	-0.0264217513	-0.2057069868	-0.1608046435	0.0376845821	0.0397307885	-0.029694307	0.0625484359	-0.096144831	-0.0529084769	0.013118004	0.042338434	0.0570188737	0.0564776729	0.0209404649	-0.1222841758	-0.1490962307	-0.0790524777	0.0076420301	0.0523675794	-0.0149868725	-0.0037809405	0.0108352885	0.0067351414	0.0458261918	0.0011351418	0.1431866306	-0.0520079596	0.0334703338	0.1069401245	-0.0380626009	0.0361702887	-0.1100000755	0.0320222436	-0.0864380063	0.0274786809	-0.0599446525	-0.060322961	-0.0676938839	0.0813533882	0.0394451202	0.0045593487	-0.0522355236	0.0708716777	0.0030106476	-0.0277490836	0.0432501017	0.0670882616	-0.0589703086	-0.0780739188	0.1680164128	0.0899091118	-0.0578244918	-0.1244515197	0.1134808767	0.0562677067	0.0467820773	0.0637039336	0.1161547039	0.1105182194	-0.0975345063	-0.0028379035	0.1323814274	-0.0544552236	-0.1120088971	-0.0732027226	-0.0589822794	-0.0971976166	0.0988872524	-0.0062600083	0.097141328	-0.0581457357	0.0093617151	0.0866792039	0.0873862498	-0.0591713602	-0.0215596601	-0.0022190494	-0.0356529696	-0.016283144	0.0390861334	-0.15587763	0.1276677087	0.0859376337	-0.0737852355	-0.0622208515	0.150997735	0.0841919745	-0.0415732489	0.0215846681	-0.0042063003	0.0021607966	0.075851752	0.0709584427	0.0950258316	0.0833374446	-0.0051051152	0.0040209269	0.114229429	0.1000970871	0.0595930024	-0.0237081273	-0.0439924137	-0.0324497178	0.0705434077	-0.0009136294	0.0054208724	0.0122034172	0.0150254903	0.0535391925	-0.1092308605	0.103653745	-0.0945685192	0.0822826681	-0.0672120005	0.3222102465337002	-0.016459816995237	0.0002709255755166	0.1038194429713078	0.0395413291147974	-0.1506005183538405	0.0015635167081647	0.0226805161284454	-0.2915053891860424	0.0034752048803098	1.2077048960129677e-05	0.084975391924506	0.0010409176088451	-0.0005099597698085	1.0835094684038004e-06	2.600589668231384e-07	-0.0022672118191495	9.442972260470008e-05	5.140249432891185e-06	8.916972511200604e-09	0.003452195228801	-0.0002476507418151	6.133088992161878e-08	1.191765189775639e-05	0.0	0.0
193.2505229272586	0.0544106594205686	37345.7646116589	0.0029605198585811	288.20223372076214	-0.9113637918432004	83060.5275216368	0.8305839610828165	179.984270781105	-0.1217485556024655	0.0148227107912866	32394.33772860613	195.97705751342704	202.76499563551823	1.150397	23.641441	0.0330993439883485	0.0169660663614001	0.0503913333	0.0923998434	0.1030038488	-0.1090604221	0.0563927345	0.0311148673	-0.087387288	0.0104151013	0.0208534672	0.1954021861	0.0031614535	0.0062369207	0.0564395661	-0.0002553063	-0.1431226745	0.0399644627	-0.1329879442	-0.0061691217	0.0797340549	-0.0353344716	0.0735591329	-0.0360099954	-0.013702356	0.0437081764	0.0777186144	-0.0688358166	0.0028761776	-0.0520312859	0.0173208541	-0.0346861483	0.0124783616	0.0222879842	-0.0845845413	0.066301355	0.0513073095	0.1113758611	0.0235437743	-0.101994713	-0.0887117413	0.1351082292	0.0962923206	0.0164976175	0.1318984755	-0.0488232403	-0.0652077762	0.0258687906	-0.1486368796	0.1312999047	-0.1022002285	-0.0794800057	0.1079660381	-0.0143747028	-0.0009714301	-0.0382055374	-0.0554028711	0.1000213615	-0.024808554	-0.0814546995	-0.1357603799	-0.0543752474	0.0537751854	0.0319666566	-0.0226977778	-0.0959165599	0.0146577289	0.0075463916	0.112156646	0.0200152515	-0.0990693516	-0.0628172104	-0.0244519831	0.0264675294	-0.1290049555	0.0451254801	-0.0786344582	-0.0730550653	-0.0107404793	0.0552616337	0.0174213903	-0.0358775881	-0.0214636502	0.0813331051	0.0156730766	0.0799826588	-0.0121762038	0.059653053	0.0219772321	0.0942726003	0.0013480455	-0.0852389395	0.115323074	-0.050204721	-0.1135042293	-0.0278400254	0.0060001366	0.0062171157	0.0215395886	0.0826204742	0.025822602	0.0414844695	0.0526341371	0.2526644725	0.1013243662	-0.0831947954	-0.0069061227	0.0224877885	-0.0265653249	-0.0189518037	-0.0488948058	-0.1642272098	0.1291268208	-0.0955972079	0.0547289153	-0.0073920578	0.017275341	-0.0350309816	-0.024083298	0.0023439464	-0.0583574017	-0.0181165831	-0.0230340538	-0.0267777005	0.1347404199	0.0273914405	0.1557845793	0.1001168348	0.0373010565	0.028480974	0.0331297982	-0.0049953129	0.0765754796	-0.0457134369	0.0768415317	-0.0793121021	0.0835941818	0.1272495531	-0.0146681538	0.0316203486	-0.0647940003	0.0376397402	0.1242500519	-0.1442503579	0.0696299459	0.0198017848	0.0320684605	0.0818666238	0.0978209467	0.0340494209	-0.1096050192	0.105127573	-0.0978001546	0.0878214077	-0.0754618528	0.3221225887565566	-8.765777714359047e-05	7.683885893755372e-09	0.1037629621872256	0.0336681388686912	-0.0058731902461061	0.0011335435748814	3.449436366695699e-05	-0.2829650961768237	0.0085402930092187	7.293660468331002e-05	0.080069245654359	0.0008197970470137	-0.0002211205618313	6.720671982923828e-07	4.889430286463393e-08	-0.0021660727010781	0.0001011391180713	4.691870946355775e-06	1.0229121204260585e-08	0.0035018996080158	4.97043792148e-05	2.4705253131286412e-09	1.2263300864621215e-05	0.0	0.0
193.6658371520225	0.4153142247639039	37506.4564797937	0.1724859052912424	288.6550186633584	0.4527849425962813	83321.7197995438	0.2050142042419177	180.09327759534767	0.1090068142426616	0.0118824855513341	32433.58863503496	195.99496814322688	203.7158162087675	1.21238	24.915239	0.151583647273963	0.073418102337399	-0.0385980192	0.0740669195	-0.0858397345	-0.0706288639	0.0332624894	0.0693614944	-0.0631397026	0.0905857098	0.0256286729	0.0458664263	0.0591559202	-0.0800619134	0.0415373182	0.0280991417	-0.0491801681	0.1033313743	-0.1216435118	-0.0973796294	0.0233313032	-0.0567870465	0.0321739146	-0.0096049761	-0.0149902246	-0.0099464003	0.0692404987	-0.0493356743	0.0522003498	-0.13958627	-0.0684610112	0.0129199136	0.0096720904	-0.0279465066	-0.0149674296	-0.0076214621	0.1115814565	0.0210409653	0.0827131723	0.1089331312	0.0371372576	0.1832335127	-0.0395637722	-0.11842833	-0.0640688437	-0.0025474355	-0.0894414374	-0.0630322278	0.1986510218	0.0668825119	0.1565069786	0.0280407106	-0.0497530543	-0.1143939061	0.0214173241	0.0417252034	-0.0447364116	0.1294819854	-0.180100953	-0.0552887554	-0.0978260203	0.0264295032	-0.009602118	-0.0173622592	-0.1122654783	0.0254285363	0.0458116715	0.0544529892	-0.0533518856	0.1017140395	-0.0104453238	-0.0343142742	0.0127862484	-0.1222089474	-0.1222080183	-0.0066105198	-0.0616768037	-0.112318006	-0.0537556871	-0.0362751831	-0.0360822257	-0.0766348014	0.0640021883	0.0874727482	0.0513055098	0.0739503875	-0.0127940277	-0.0560696771	0.0171761074	0.024822729	0.1055647424	-0.0227948315	-0.0747961993	0.068408161	-0.0588530622	-0.0880906338	-0.0126861107	0.0649723836	-0.0050953196	0.1542241691	-0.0986026027	-0.0944589462	0.0787478518	-0.0375882317	-0.1199549516	0.0681872457	-0.0223910721	0.1128944467	-0.0566046103	0.1698385428	-0.0293907348	0.0349676164	0.0139293262	-0.0866613175	-0.0378221627	0.0533827962	0.0419374802	-0.0204719787	-0.0803462246	0.2406643089	-0.0816543014	0.0115937189	-0.1049267677	0.0265923093	-0.069172257	-0.0553640653	0.1312274583	0.0801095827	0.0437376635	0.0827972356	0.0357759926	-0.1184186384	-0.0642338873	-0.0029016326	-0.0199047719	0.0600373794	-0.1213634923	0.0835037232	-0.0598471285	-0.0269544694	-0.0767853977	-0.1026377819	-0.0023021034	-0.0803531317	0.1523750262	0.0526373934	0.0756017798	-0.0175356446	-0.0229474644	0.0122976265	-0.1099379598	0.1064432791	-0.1007008652	0.092831979	-0.0830027857	0.3059341555569261	-0.0161884331996304	0.0002620653694588	0.0935957075363294	0.0700761004968058	0.0364079616281145	0.0049106598608384	0.0013255396699142	-0.3319784369034266	-0.0490133407266029	0.002402307569182	0.1102096825688424	0.0013571605422259	0.0005373634952122	1.8418847373748992e-06	2.887595259866721e-07	-0.0023003587756875	-0.0001342860746094	5.291650496882495e-06	1.80327498340014e-08	0.0031740709434451	-0.0003278286645707	1.0747163331420865e-07	1.0074726354022468e-05	0.0	0.0
194.10566721719687	0.4398300651743625	37677.01004583317	0.1934504862312839	289.8885168899582	1.2334982265998065	84035.3522246596	1.5215178750248677	180.15514745439955	0.0618698590518818	0.0038278794590997	32455.877154316448	195.99501172745937	203.1379291386179	1.155028	23.736614	0.1249339807955734	0.0746925744492573	-0.0615277954	0.0618136615	-0.0851691963	0.0633341125	-0.014203865	0.0509744703	-0.1226347168	0.1472232689	0.1479077708	0.0791526659	-0.0835654016	-0.0401885709	0.001837491	0.0076343833	0.1112361589	-0.10782763	-0.1967704598	-0.1166990986	0.0669073989	-0.1198943583	0.1393780482	-0.1568919247	0.0936743707	0.0394906522	0.0095165268	0.0436992044	-0.0722410494	-0.0283202614	-0.0353640907	0.0872889631	-0.0170938343	0.0840280093	0.0153215181	0.0363701291	0.0092091101	-0.0988279942	-0.0609027283	0.0598477245	0.038947959	0.0587915766	-0.0110827916	0.0396647743	0.0099771059	0.0237169567	-0.1422745619	0.0600951643	0.0771622839	-0.0397109599	0.1353422344	0.0306589065	-0.0344569618	-0.0499588203	-0.1045233387	0.1410300355	-0.0169822532	0.0271986227	0.0962912906	-0.0018672958	0.0882955066	0.034939361	-0.0873767874	-0.1718268055	0.0541721962	0.0062357854	-0.0618989237	-0.1201674976	0.0179009687	-0.1305845767	-0.0656546086	0.0197346112	-0.0660075817	0.1694312504	-0.2168895283	-0.0063202151	-0.1297191618	-0.1544949749	0.0744753518	-0.0217660967	0.0118365994	-0.0016510001	0.0007905778	0.1387330528	0.0047798574	-0.1035557982	-0.1098380562	-0.0017145473	-0.114666361	-0.0218047304	0.0288097102	0.0490548665	-0.0375749477	0.0775806486	0.0475400131	-0.0327759355	-0.0475959182	-0.0174133308	0.0402744296	0.0089820565	0.145012121	-0.071841079	-0.0768451494	0.0207882959	-0.0048827947	0.1004319844	-0.0462725884	-0.0476304082	-0.0191837731	-0.0082233636	-0.0727169845	0.0280673484	-0.1167659504	0.1089308861	0.1133520841	0.0269678923	-0.0104723287	0.1338322185	0.0019512421	0.1393086655	-0.0313874089	0.0593141155	0.0291320329	-0.039548064	0.0796764086	0.0315005718	0.1695238595	0.0525291298	0.1051026667	0.0422399405	0.0441741524	0.1353423226	-0.1191674321	-0.0873442231	0.0264347885	0.0300436585	-0.1066846695	-0.0424912606	-0.0510708084	0.0031112458	-0.1789668573	0.1636739848	0.0173023056	-0.2841667452	0.0915406793	0.0539742261	-0.1489421605	0.1322079062	0.0155501265	-0.0381247166	-0.1102295573	0.1075988845	-0.103260836	0.0972842479	-0.0897639565	0.3072786702357035	0.0013445146787773	1.8077197214478589e-06	0.0944201811818222	0.1291619395353365	0.0590858390385307	0.0166828066245299	0.0034911363748871	-0.2877487450342713	0.0442296918691553	0.0019562656428404	0.082799340268798	0.0010750086430945	-0.0002821518991314	1.1556435827278782e-06	7.960969418345571e-08	-0.0022868617219766	1.3497053710900212e-05	5.22973653544178e-06	1.821704588749252e-10	0.0030642411921052	-0.0001098297513399	1.206257427938429e-08	9.389574083394296e-06	0.0	0.0
193.1422971079924	-0.963370109204476	37303.94693215201	0.928081967308644	289.4300285331672	-0.4584883567910083	83769.74141670999	0.2102115733129189	179.91937168173905	-0.2357757726605029	0.0555902149736571	32370.980306351765	195.9690947194892	205.050799224438	1.441331	29.620335	0.1128765162589242	0.0593156095909835	-0.1019496999	-0.0185895043	-0.0065153495	0.0667912117	-0.0419039069	0.0322440655	0.0087555672	0.2197880453	0.0264701999	-0.003712789	0.0344405173	-0.0487735267	-0.1460295294	-0.0239237375	-0.0389944429	-0.0777435729	0.0100367236	-0.0610350192	-0.0622511521	-0.0189447646	0.0332024775	-0.0569392749	0.1490077174	-0.0136618522	-0.0001378829	-0.0416032778	0.0681402284	-0.0041204699	-0.0201827131	-0.0405043125	-0.0344898176	-0.0499787856	-0.0507911616	0.0003390135	0.0233489782	-0.1141606697	0.0811012022	-0.1296504395	0.0745445719	-0.0008987245	-0.0428643478	0.0103507828	-0.0112000667	0.0457215646	0.120232327	-0.1275880894	0.1120882131	-0.0365635676	0.0012635735	0.0760988161	-0.1045768824	0.0916467381	-0.0642306444	0.0260173694	0.0310279408	-0.0328108982	-9.84126e-05	-0.0783042177	-0.0509057089	-0.0441231297	-0.1234388812	-0.0412269986	-0.1104290298	0.0507302631	-0.000699444	0.1055575194	0.0394799322	-0.0413688793	-0.0263693796	-0.1428304692	0.1459825758	-0.1846065809	-0.0513771688	-0.0760224006	-0.0678428666	-0.0994586952	0.0804550659	-0.0393600311	-0.0811667675	0.0038305213	0.1097383314	0.030328144	-0.0330288579	0.0273989904	0.030929905	0.0716951232	0.076797683	-0.1006824564	0.0295262971	0.0890224114	0.0376438711	-0.0038582052	0.0019798563	0.1612065464	-0.0768541941	0.0651975141	-0.1646978113	0.0201087563	0.0023756987	-0.032574224	-0.0106215466	-0.141571908	-0.0047793445	-0.0966994071	-0.0731732101	0.0013690729	-0.0321932424	-0.0435237468	0.0324979978	0.1283786161	-0.0683761271	-0.0156751547	-0.1212473062	-0.1293793946	0.0761933348	-0.082482185	-0.0875508718	0.0205202302	-0.0378706946	-0.0370829554	-0.1426739328	-0.067857867	-0.0864411801	-0.039246394	0.1538839406	-0.0539580766	0.0805043303	0.0783801127	0.0683958188	-0.187103683	0.108726741	0.1766050278	0.0379137823	0.0937138267	-0.1059609664	-0.0857578646	-0.0453935534	0.0242242295	0.0215549896	0.164696652	-0.1008639922	0.0340505777	0.1288457491	-0.0095429294	0.0263592481	-0.3810560431	-0.0003231257	0.124225924	-0.110479702	0.1085926509	-0.1054714048	0.1011514379	-0.095681848	0.321298567086913	0.0140198968512095	0.0001965575077185	0.1032327692121035	0.082290514853426	-0.0468714246819104	0.0067717288348419	0.002196930451712	-0.3113975161907305	-0.0236487711564591	0.0005592643772105	0.0969684130897562	0.0011910323349776	0.000116023691883	1.418558022962194e-06	1.34614970781845e-08	-0.0022989249015512	-1.2063179574600073e-05	5.285055702972194e-06	1.4552030144904838e-10	0.0035028827920344	0.0004386415999292	1.9240645318844846e-07	1.2270187854730714e-05	0.0	0.0
194.23944947685663	1.0971523688642435	37728.96373307234	1.203743320504421	299.6088221685404	10.17879363537321	89765.44632122008	103.6078398715142	180.1479619835432	0.2285903018041608	0.0522535260789173	32453.28820682413	197.530345909351	207.0130601362185	2.314975	47.574322	1.281068377861609	0.6732951536513976	-0.060626865	0.0020861262	-0.0674145865	0.0091490834	-0.6765385536	-0.337791652	-0.236205895	-0.4367452159	-0.0149474118	-0.1337123197	-0.0058012594	-0.0459836762	-0.0016101486	-0.0439987146	-0.0582789774	0.0626549719	0.472780826	-0.2129465617	-0.1467560341	0.2411608968	-0.1960556423	0.2365960637	0.354320134	-0.0286677258	0.0261351654	0.0490858603	-0.0406366164	-0.081472072	-0.0233657069	-0.186737705	0.045257108	-0.1532132863	-0.0537408738	-0.0465042537	0.0207443037	0.0999179826	0.0725828027	-0.0136180502	0.0173461779	0.0036085271	-0.0154001193	0.1631869701	0.0081048882	-0.0845080925	-0.0118113281	0.0590190991	0.0190808971	0.1442779648	0.050945883	0.0354786194	0.0407497162	-0.0174218918	-0.1124149289	0.0223736628	-0.0384715369	-0.0309618998	0.086604778	-0.0111454099	0.0399297314	0.0566022258	-0.0661815866	-0.0636867907	0.0053165393	-0.0545325245	-0.0445754996	0.0112276968	0.0459416222	0.0144498213	0.0325919794	0.0334667443	-0.0021993547	0.0232342137	0.5170270196	-0.4875642386	0.2581786462	-0.2552299115	-0.0326637422	0.3000225671	-0.2580150388	0.1099791332	-0.1301080793	-0.0420443298	0.0334262384	0.0138726168	-0.0611325567	0.0001090425	-0.1140194663	0.0229154058	0.0348804227	-0.1182832834	-0.0485908754	-0.0100064559	-0.0636995977	-0.022463037	0.0074091424	0.0175181694	0.0592818534	0.0012292647	0.0473354343	-0.0310037559	0.0082731694	-0.0043076678	0.0280429359	-0.0209580069	-0.0407094261	0.0277683145	0.0502834737	0.0101830201	0.0100168631	-0.0039748784	0.001218117	0.0260664583	0.0577333099	-0.0147703906	-0.0041520767	-0.0017371474	-0.0290282027	0.0237898068	-0.0348633219	0.0231610782	0.0206537261	-0.0028397946	0.0178417257	-0.0032853159	-0.6431908507	-0.0297011269	-0.0355800733	0.5633783915	0.1784956934	-0.0702377748	0.0132433911	0.1842759803	0.2889393391	0.0517453639	0.0487837867	0.0160184679	-0.0080853541	-0.1065475954	-0.0363339493	0.030835262	-0.015254571	-0.0387857094	-0.004101332	-0.0112046208	0.0029082502	0.0478023948	-0.0212978367	-0.0526197074	-0.1106882998	0.1094230837	-0.1073250918	0.1044102912	-0.1007008652	0.3834249429588681	0.062126375871955	0.0038596865789834	0.1470146868830112	0.3071673514093191	0.2248768365558931	0.0943517817718161	0.0505695916193858	-0.6629962904238411	-0.3515987742331106	0.1236216980422259	0.4395640811157743	0.0103573746304302	0.0091663422954526	0.000107275209235	8.402183107740325e-05	-0.0024190054098152	-0.000120080508264	5.851587172715205e-06	1.4419328464940614e-08	0.0070657878123308	0.0035629050202964	1.2694292183653292e-05	4.992535740888248e-05	1.0	0.0
194.19837036830967	-0.0410791085469668	37713.00705370717	0.0016874931590134	286.3200853622452	-13.28873680629522	81979.19128184338	176.59052590698525	180.56657699279307	0.4186150092498621	0.1752385259692621	32604.28872689427	196.09153685423453	211.27938622415687	2.240714	46.048214	0.66389491374859	0.3471600770566123	0.0407398979	0.0293639954	0.04173666	-0.1644057158	0.3189338632	0.0155134032	0.0393975915	-0.2048015602	0.0835222491	-0.4305958954	-0.2771854774	0.0534365529	0.2899712517	-0.0089915309	0.1515025539	-0.0237051706	0.1683614158	-0.0764812629	0.0524803281	0.1019412517	-0.0785787778	-0.1611291656	-0.2114843712	0.0887674505	-0.2146260963	0.0343865988	-0.1452829463	-0.0099595681	0.1475956541	0.1175935312	-0.0212907858	0.116861798	-0.041582064	-0.0873347478	-0.0504775139	-0.0425465262	-0.0473111256	0.13473185	0.0136173425	-0.0813326954	0.0844109555	-0.058714783	-0.1415708487	0.0277340189	0.0072010413	0.022869804	-0.049176875	0.0364882988	-0.1513766988	0.0358649877	-0.0229383191	-0.0440029949	0.109638629	-0.0891511124	-0.0529258081	-0.0514461996	-0.0734519973	0.0570706874	-0.0553970986	0.0458389966	-0.0833713104	0.1087684443	0.0369726434	0.0251796307	0.0701106392	-0.090854313	0.0275551656	-0.0574704719	-0.0139569014	0.0815400279	0.1155153165	0.0249037222	-0.0345108063	0.1107503324	0.3701103788	0.1639117464	0.0174039182	-0.3918208709	0.1046390411	0.0911630199	-0.0910298847	-0.0824674628	0.1508952004	-0.2277806384	-0.0540592812	-0.053665891	-0.0394854416	0.0897409038	-0.0939046683	-0.0629763507	-0.0786309802	0.0667968296	-0.066550535	0.1055143779	0.0601026363	0.0432281449	0.1190409645	-0.1590087763	-0.023267548	-0.0759216307	0.0548157312	-0.0372868261	0.0736447616	0.0005387306	-0.0110548479	0.1915095451	-0.0835657189	-0.0685634394	0.1504102647	-0.0193490217	0.1007796828	0.0514190439	0.126712088	-0.0012565875	0.0455278725	-0.0152164018	-0.0209980768	-0.0079024027	-0.0632519674	0.0147116447	0.0635419843	0.0104306761	-0.03121019	0.0321648088	-0.2912269939	0.041074052	-0.0020891962	-0.2469594275	-0.1662733502	0.2066685693	-0.0239249329	-0.021583367	-0.1556639247	-0.1713216078	-0.0740505137	-0.0713893119	-0.1168809847	0.0801552043	-0.0686284053	0.0136433697	0.1966310422	-0.1150351384	-0.0170562849	0.0337512912	-0.1191948492	0.0616022007	0.0736818326	-0.0267062551	-0.1108552722	0.1100889337	-0.1088156246	0.1070412087	-0.1047738574	0.3668108399769068	-0.0166141029819613	0.0002760284178952	0.1345501923245639	0.2406407136461013	-0.0665266377632178	0.0579079530641049	0.0044257935320783	-0.4463745051355303	0.2166217852883108	0.046924997861495	0.1992501988349895	0.00579722232017	-0.0045601523102602	3.360778662947724e-05	2.079498909277144e-05	-0.0043429219551425	-0.0019239165453273	1.886097110845876e-05	3.701454873384133e-06	0.0062672089136163	-0.0007985788987145	6.377282574720648e-07	3.92779075669116e-05	0.0	1.0
192.84801940717176	-1.350350961137906	37190.35858926889	1.8234477182460664	288.56638474094666	2.246299378701451	83270.55840246005	5.045860898754525	179.82827768435547	-0.7382993084376039	0.5450858688394442	32338.20945492166	195.8394438390165	207.5628577964712	1.465104	30.108887	0.2070546070445532	0.1314312154853469	-0.0535191054	0.0424596009	-0.0642316043	-0.08211046	0.0487306166	0.1981563717	0.1316030786	-0.103254146	-0.0856546205	-0.126689848	0.1137760721	0.1481388382	-0.0328758533	0.2024429891	0.1255620434	0.0851371914	0.0906591689	-0.0318202389	-0.1662536453	0.1201607696	-0.0585274636	0.0144765304	-0.1163888223	0.105804163	0.0825383384	-0.0301768019	-0.0102569256	0.0386019617	0.0045298719	0.0276410767	0.0414323439	0.128812933	0.0658846959	0.0828327326	-0.1199467358	0.0490112498	-0.0072334698	0.1339315051	-0.0061732898	-0.0164718347	-0.0842936998	-0.0806770314	-0.026975305	0.1656425431	0.1266253065	0.0363717944	-0.041857028	-0.0800258711	0.0564815454	0.0080455465	0.0586495409	0.1124431531	0.0803674363	0.0212917861	0.0183760758	0.0178902073	-0.0006128255	-0.0214098553	-0.0260574116	-0.0728529255	0.1643930628	0.0120408157	0.0496864034	-0.0315981461	0.1038260847	0.0448093442	-0.063787107	-0.0434702675	0.0158980311	0.0266813196	-0.054175268	0.0525290034	0.0027047433	-0.0577348573	0.1517482466	0.2932244373	-0.0716505023	-0.1229950348	0.0466049135	0.0135986556	-0.07976212	0.0625543553	-0.068157141	0.0340488883	-0.0234972151	-0.0103522917	0.0549773654	0.0469245632	-0.0046976369	0.1719799654	0.0852477673	0.097101248	0.0873388046	-0.0932724808	0.081877056	-0.0671234956	-0.0756739344	0.068050132	-0.1377651208	0.0817533458	-0.0516105417	-0.10789784	0.0306972538	0.0179446425	-0.0364801743	-0.0479989257	0.1762474971	-0.0131914789	-0.0758036758	-0.0651632835	-0.132566964	-0.0733958424	-0.0625865442	-0.0810461752	-0.0352872125	-0.0158735679	-0.0615575851	-0.0915011223	0.1030317021	-0.0329463974	0.0289042041	0.0601463823	0.0127637335	-0.0081344574	-0.2188170231	0.0253992536	0.0231035192	-0.1660862436	-0.1355197258	0.0641435063	0.044136508	-0.095483656	-0.1816600929	0.0176803735	-0.0587818818	-0.0189283384	0.0267010258	0.0076030556	0.0206983656	-0.1242944609	-0.0854624653	0.0443947501	0.0525743824	-0.0802801798	0.0416639998	-0.1628322307	0.0266303097	0.1281403831	-0.1109805565	0.1105891995	-0.1099379598	0.1090283678	-0.1078625611	0.3664523375109354	-0.0003585024659713	1.2852401810754286e-07	0.1342873156672285	0.118948468302193	-0.1216922453439083	0.0141487381114378	0.0148090025768419	-0.4121411680474267	0.0342333370881036	0.0011719213681877	0.1698603423994971	0.005725207163566	-7.201515660400053e-05	3.277799706574744e-05	5.186182780698721e-09	-0.0045532455491246	-0.000210323593982	2.073204503062298e-05	4.4236014185547144e-08	0.005534137221271	-0.0007330716923452	5.37394106118001e-07	3.062667478385711e-05	0.0	0.0
192.5044334078056	-0.3435859993661552	37057.95688166026	0.1180513389604396	287.8257464651855	-0.7406382757611709	82843.66032824124	0.5485450555224802	179.64344240674444	-0.1848352776110289	0.0341640798495461	32271.766399745306	195.78645369350343	205.5075655444176	1.163993	23.920849	0.1604623451963802	0.1122159703067575	-0.0603262245	0.0100177114	-0.005825766	0.047061235	0.0750890051	0.0519411334	0.131779076	-0.1212996937	-0.034960719	-0.185871306	0.1090251412	-0.1116559547	0.1014153646	-0.0971300661	0.0907400872	-0.013808805	0.1603211106	0.0334244975	-0.1654611671	0.0651814598	0.0354377817	0.0130705018	-0.1587422924	0.0254851477	-0.1119684737	-0.0218815055	-0.1056574743	0.1495149832	0.0732577757	-0.022070943	0.0567252921	0.0863379693	0.0757692124	0.0347554329	0.0668224957	0.0196222408	-0.0362608204	0.0727671492	0.0608209932	-0.0783943502	0.1259497987	0.0078105861	0.1108177299	0.1113751503	-0.0109702591	-0.0176192515	-0.1074467666	0.0163956068	0.0620250242	-0.0450961908	0.0240518858	-0.0322250875	0.0211066086	0.1026504497	0.1018436079	0.0323456698	0.0142272082	0.0316027887	-0.0025550859	-0.0135470491	-0.0284150997	0.0262794795	0.0057972543	-0.0202203201	-0.0125584702	0.0034502504	0.050750981	0.0418165515	0.0188214313	-0.0877238016	-0.0701339073	0.0755059092	0.0721603303	-0.0395193623	0.1494862293	0.2405392986	0.0431491906	-0.1068178955	-0.000185022	-0.0979847024	0.0065357963	-0.1226891512	0.0005392242	-0.0808641795	-0.0049968929	0.0315606456	-0.0080113477	0.0902328125	-0.0050817866	0.0721987637	-0.0208249575	-0.0478955293	0.0134090352	-0.1360627264	-0.0134393541	0.0271928998	-0.0536396184	-0.0324769114	0.0427458306	0.1301534061	-0.0196687006	0.0775589141	0.113312926	-0.0600073587	-0.0203001288	-0.0601804413	0.0066086477	0.0290230185	-0.143788391	0.1921763819	0.0154375157	-0.0054705324	-0.1020621274	0.0198993715	-0.0550177255	0.0451720898	0.0346554889	-0.0017628622	0.0045669205	-0.0630698795	0.0184721946	-0.0062742884	0.018052838	0.0205451124	-0.2742394277	-0.0657061434	0.0597860632	-0.1864885453	-0.0460050783	0.0955884087	0.0684701043	-0.1110459262	-0.2108999041	-0.037131864	0.0042344565	-0.0216928228	0.0878810524	0.0879903897	0.0345444688	0.0353429756	-0.0691340308	0.0513267516	-0.046683049	-0.0014750807	0.0031390907	0.0068554325	0.0107139521	0.0551906548	-0.1110641056	0.1109231287	-0.1106882998	0.1103598175	-0.1099379598	0.3780800373670843	0.0116276998561488	0.0001352034039446	0.1429445146554958	0.227947106038485	0.108998637736292	0.0519598831513203	0.0118807030283674	-0.4029281863352523	0.0092129817121743	8.487903202885964e-05	0.1623511233434157	0.0059771149956172	0.0002519078320512	3.5725903670832006e-05	6.345755584873584e-08	-0.0046748488887069	-0.0001216033395823	2.185421213224414e-05	1.4787372197568241e-08	0.0057730865674728	0.0002389493462017	5.709679005026741e-08	3.3328528515534875e-05	0.0	0.0
192.47474400367608	-0.0296894041295274	37046.52707928064	0.0008814607175664	288.40969440271965	0.5839479375341625	83180.15182547014	0.3409951937504021	179.5315180628251	-0.1119243439193269	0.0125270587617717	32231.5659779425	195.7072845603444	207.54676426089912	1.0081	20.717142	0.1248309106031397	0.0753122045360529	-0.0403319756	-0.045861992	0.0444154084	0.0427151439	0.0256635047	-0.0407513859	0.1535057521	-0.0279645244	0.0665165122	-0.0950580656	0.212292495	0.0370838328	0.0483851952	0.0752631965	0.1553689606	0.0991535454	0.1615763536	0.1284768854	-0.1760006776	0.0483362981	0.0582808875	-0.0123107421	-0.1840913159	0.007536286	-0.0491710554	0.0923065351	-0.0031119511	-0.0245899864	0.0727791164	0.0341948146	-0.0425761758	0.0008883249	0.065797832	0.0382099873	-0.0049846496	-0.0297951043	-0.0155817175	-0.0611177589	0.0254662951	0.0100650083	-0.0169794061	-0.0301731635	-0.0027213347	-0.0946348836	0.0267638273	0.0443682997	0.0018080134	-0.0252914348	0.0055992555	-0.0571166457	-0.0988981117	0.0255766502	-0.1271935854	0.0313300636	0.0854313348	0.0472196219	-0.1813276145	-0.1645506494	0.1067559014	0.0182048386	-0.0217884989	0.086682786	-0.0859588984	0.1018242136	-0.0612903876	0.044890673	-0.0801000567	0.0185968017	-0.0057699273	-0.0192414013	-0.0244426859	-0.0994229731	0.0798096824	0.0032116259	0.1157324373	0.226870744	0.1352093536	-0.1045848295	-0.0581615457	-0.0637980609	0.0098285927	-0.0747015512	-0.0235173051	0.0631178937	0.1264872776	-0.0291101154	-0.0097792321	-0.0664421647	-0.0698273934	-0.0664291875	0.0625525449	0.0150150687	0.0778819505	0.073274315	-0.0161660968	0.0286700158	-0.0824466997	0.076099754	-0.0075989496	-0.0209794925	0.0891859003	-0.039178663	-0.0745628919	-0.0743214253	0.059717487	-0.1992452791	0.0128821593	0.0817162264	-0.0754393486	0.0094723683	-0.0872380261	-0.0013792494	-0.0457078218	0.1784085018	-0.0084224557	-0.0608404257	-0.0285861261	0.0307620587	0.0575031137	0.0691951977	-0.0773917261	-0.0794182583	0.0298874339	0.0947482726	-0.2076235584	-0.0937819717	0.0102928667	-0.1695992511	-0.1099506127	0.0993265269	0.0274061765	-0.0631329486	-0.1794842106	0.0602642343	0.0680594103	0.0665891371	0.0485011297	0.0584289071	0.1066123042	0.0456976279	-0.0225448611	0.0901216534	0.0295982974	0.0648040237	0.0957092483	-0.0976021432	-0.0534515276	0.0229566102	-0.1111058879	0.1110902189	-0.1110641056	0.1110275503	-0.1109805565	0.3592985505668338	-0.0187814868002504	0.0003527442464279	0.1290954484394276	0.1626169226782678	-0.0653301833602172	0.0264442635413497	0.0042680328578796	-0.4013622124864753	0.0015659738487769	2.452274095053424e-06	0.1610916256120385	0.0054549508830424	-0.0005221641125748	2.9756489136405056e-05	2.7265536046102893e-07	-0.0046078650180685	6.698387063840041e-05	2.1232420024739415e-05	4.4868389257019614e-09	0.0055791692188081	-0.0001939173486646	3.7603938113146665e-08	3.1127129172095785e-05	0.0	0.0
