
Fri Mar 13 23:08:38 CET 2026
cd /out/sourcedata/freesurfer/sub-v2s7x29679_ses-1
setenv SUBJECTS_DIR /out/sourcedata/freesurfer
/opt/freesurfer/bin/recon-all -autorecon1 -i /work/fmriprep_25_2_wf/sub_v2s7x29679_ses_1_wf/anat_fit_wf/anat_validate/sub-v2s7x29679_ses-1_run-1_T1w_noise_corrected_ras_valid.nii.gz -noskullstrip -noT2pial -noFLAIRpial -openmp 16 -subjid sub-v2s7x29679_ses-1 -sd /out/sourcedata/freesurfer

subjid sub-v2s7x29679_ses-1
setenv SUBJECTS_DIR /out/sourcedata/freesurfer
FREESURFER_HOME /opt/freesurfer
Actual FREESURFER_HOME /opt/freesurfer
build-stamp.txt: freesurfer-linux-ubuntu22_x86_64-7.3.2-20220804-6354275
Linux dna086 5.14.0-427.37.1.el9_4.x86_64 #1 SMP PREEMPT_DYNAMIC Fri Sep 13 12:41:50 EDT 2024 x86_64 x86_64 x86_64 GNU/Linux
cputime      unlimited
filesize     unlimited
datasize     unlimited
stacksize    8192 kbytes
coredumpsize 0 kbytes
memoryuse    67108864 kbytes
vmemoryuse   unlimited
descriptors  1024 
memorylocked unlimited
maxproc      2061970 
maxlocks     unlimited
maxsignal    2062024 
maxmessage   819200 
maxnice      0 
maxrtprio    0 
maxrttime    unlimited

               total        used        free      shared  buff/cache   available
Mem:           503Gi        58Gi       399Gi        18Gi        45Gi       424Gi
Swap:             0B          0B          0B

########################################
program versions used
7.3.2 (freesurfer-linux-ubuntu22_x86_64-7.3.2-20220804-6354275)
7.3.2

ProgramName: lta_convert  ProgramArguments: lta_convert -all-info  ProgramVersion: 7.3.2  TimeStamp: 2026/03/13-22:08:38-GMT  BuildTime: Aug  4 2022 06:17:15  BuildStamp: freesurfer-linux-ubuntu22_x86_64-7.3.2-20220804-6354275  User: oesteban  Machine: dna086  Platform: Linux  PlatformVersion: 5.14.0-427.37.1.el9_4.x86_64  CompilerName: GCC  CompilerVersion: 8.4.0
ProgramName: mri_and  ProgramArguments: mri_and -all-info  ProgramVersion: 7.3.2  TimeStamp: 2026/03/13-22:08:38-GMT  BuildTime: Aug  4 2022 06:17:15  BuildStamp: freesurfer-linux-ubuntu22_x86_64-7.3.2-20220804-6354275  User: oesteban  Machine: dna086  Platform: Linux  PlatformVersion: 5.14.0-427.37.1.el9_4.x86_64  CompilerName: GCC  CompilerVersion: 8.4.0
ProgramName: mri_annotation2label  ProgramArguments: mri_annotation2label -all-info  ProgramVersion: 7.3.2  TimeStamp: 2026/03/13-22:08:38-GMT  BuildTime: Aug  4 2022 06:17:15  BuildStamp: freesurfer-linux-ubuntu22_x86_64-7.3.2-20220804-6354275  User: oesteban  Machine: dna086  Platform: Linux  PlatformVersion: 5.14.0-427.37.1.el9_4.x86_64  CompilerName: GCC  CompilerVersion: 8.4.0
ProgramName: mri_aparc2aseg  ProgramArguments: mri_aparc2aseg -all-info  ProgramVersion: 7.3.2  TimeStamp: 2026/03/13-22:08:38-GMT  BuildTime: Aug  4 2022 06:17:15  BuildStamp: freesurfer-linux-ubuntu22_x86_64-7.3.2-20220804-6354275  User: oesteban  Machine: dna086  Platform: Linux  PlatformVersion: 5.14.0-427.37.1.el9_4.x86_64  CompilerName: GCC  CompilerVersion: 8.4.0
ProgramName: mri_surf2volseg  ProgramArguments: mri_surf2volseg -all-info  ProgramVersion: 7.3.2  TimeStamp: 2026/03/13-22:08:38-GMT  BuildTime: Aug  4 2022 06:17:15  BuildStamp: freesurfer-linux-ubuntu22_x86_64-7.3.2-20220804-6354275  User: oesteban  Machine: dna086  Platform: Linux  PlatformVersion: 5.14.0-427.37.1.el9_4.x86_64  CompilerName: GCC  CompilerVersion: 8.4.0
ProgramName: mri_binarize  ProgramArguments: mri_binarize -all-info  ProgramVersion: 7.3.2  TimeStamp: 2026/03/13-22:08:38-GMT  BuildTime: Aug  4 2022 06:17:15  BuildStamp: freesurfer-linux-ubuntu22_x86_64-7.3.2-20220804-6354275  User: oesteban  Machine: dna086  Platform: Linux  PlatformVersion: 5.14.0-427.37.1.el9_4.x86_64  CompilerName: GCC  CompilerVersion: 8.4.0
ProgramName: mri_ca_label  ProgramArguments: mri_ca_label -all-info  ProgramVersion: 7.3.2  TimeStamp: 2026/03/13-22:08:38-GMT  BuildTime: Aug  4 2022 06:17:15  BuildStamp: freesurfer-linux-ubuntu22_x86_64-7.3.2-20220804-6354275  User: oesteban  Machine: dna086  Platform: Linux  PlatformVersion: 5.14.0-427.37.1.el9_4.x86_64  CompilerName: GCC  CompilerVersion: 8.4.0
ProgramName: mri_ca_normalize  ProgramArguments: mri_ca_normalize -all-info  ProgramVersion: 7.3.2  TimeStamp: 2026/03/13-22:08:38-GMT  BuildTime: Aug  4 2022 06:17:15  BuildStamp: freesurfer-linux-ubuntu22_x86_64-7.3.2-20220804-6354275  User: oesteban  Machine: dna086  Platform: Linux  PlatformVersion: 5.14.0-427.37.1.el9_4.x86_64  CompilerName: GCC  CompilerVersion: 8.4.0
ProgramName: mri_ca_register  ProgramArguments: mri_ca_register -all-info  ProgramVersion: 7.3.2  TimeStamp: 2026/03/13-22:08:38-GMT  BuildTime: Aug  4 2022 06:17:15  BuildStamp: freesurfer-linux-ubuntu22_x86_64-7.3.2-20220804-6354275  User: oesteban  Machine: dna086  Platform: Linux  PlatformVersion: 5.14.0-427.37.1.el9_4.x86_64  CompilerName: GCC  CompilerVersion: 8.4.0
ProgramName: mri_cc  ProgramArguments: mri_cc -all-info  ProgramVersion: 7.3.2  TimeStamp: 2026/03/13-22:08:38-GMT  BuildTime: Aug  4 2022 06:17:15  BuildStamp: freesurfer-linux-ubuntu22_x86_64-7.3.2-20220804-6354275  User: oesteban  Machine: dna086  Platform: Linux  PlatformVersion: 5.14.0-427.37.1.el9_4.x86_64  CompilerName: GCC  CompilerVersion: 8.4.0
ProgramName: mri_compute_overlap  ProgramArguments: mri_compute_overlap -all-info  ProgramVersion: 7.3.2  TimeStamp: 2026/03/13-22:08:38-GMT  BuildTime: Aug  4 2022 06:17:15  BuildStamp: freesurfer-linux-ubuntu22_x86_64-7.3.2-20220804-6354275  User: oesteban  Machine: dna086  Platform: Linux  PlatformVersion: 5.14.0-427.37.1.el9_4.x86_64  CompilerName: GCC  CompilerVersion: 8.4.0
ProgramName: mri_compute_seg_overlap  ProgramArguments: mri_compute_seg_overlap -all-info  ProgramVersion: 7.3.2  TimeStamp: 2026/03/13-22:08:38-GMT  BuildTime: Aug  4 2022 06:17:15  BuildStamp: freesurfer-linux-ubuntu22_x86_64-7.3.2-20220804-6354275  User: oesteban  Machine: dna086  Platform: Linux  PlatformVersion: 5.14.0-427.37.1.el9_4.x86_64  CompilerName: GCC  CompilerVersion: 8.4.0
ProgramName: mri_concat  ProgramArguments: mri_concat -all-info  ProgramVersion: 7.3.2  TimeStamp: 2026/03/13-22:08:38-GMT  BuildTime: Aug  4 2022 06:17:15  BuildStamp: freesurfer-linux-ubuntu22_x86_64-7.3.2-20220804-6354275  User: oesteban  Machine: dna086  Platform: Linux  PlatformVersion: 5.14.0-427.37.1.el9_4.x86_64  CompilerName: GCC  CompilerVersion: 8.4.0
ProgramName: mri_concatenate_lta  ProgramArguments: mri_concatenate_lta -all-info  ProgramVersion: 7.3.2  TimeStamp: 2026/03/13-22:08:38-GMT  BuildTime: Aug  4 2022 06:17:15  BuildStamp: freesurfer-linux-ubuntu22_x86_64-7.3.2-20220804-6354275  User: oesteban  Machine: dna086  Platform: Linux  PlatformVersion: 5.14.0-427.37.1.el9_4.x86_64  CompilerName: GCC  CompilerVersion: 8.4.0
mri_convert -all-info 
ProgramName: mri_convert  ProgramArguments: mri_convert -all-info  ProgramVersion: 7.3.2  TimeStamp: 2026/03/13-22:08:38-GMT  BuildTime: Aug  4 2022 06:17:15  BuildStamp: freesurfer-linux-ubuntu22_x86_64-7.3.2-20220804-6354275  User: oesteban  Machine: dna086  Platform: Linux  PlatformVersion: 5.14.0-427.37.1.el9_4.x86_64  CompilerName: GCC  CompilerVersion: 8.4.0
ProgramName: mri_diff  ProgramArguments: mri_diff -all-info  ProgramVersion: 7.3.2  TimeStamp: 2026/03/13-22:08:38-GMT  BuildTime: Aug  4 2022 06:17:15  BuildStamp: freesurfer-linux-ubuntu22_x86_64-7.3.2-20220804-6354275  User: oesteban  Machine: dna086  Platform: Linux  PlatformVersion: 5.14.0-427.37.1.el9_4.x86_64  CompilerName: GCC  CompilerVersion: 8.4.0
ProgramName: mri_edit_wm_with_aseg  ProgramArguments: mri_edit_wm_with_aseg -all-info  ProgramVersion: 7.3.2  TimeStamp: 2026/03/13-22:08:38-GMT  BuildTime: Aug  4 2022 06:17:15  BuildStamp: freesurfer-linux-ubuntu22_x86_64-7.3.2-20220804-6354275  User: oesteban  Machine: dna086  Platform: Linux  PlatformVersion: 5.14.0-427.37.1.el9_4.x86_64  CompilerName: GCC  CompilerVersion: 8.4.0
ProgramName: mri_em_register  ProgramArguments: mri_em_register -all-info  ProgramVersion: 7.3.2  TimeStamp: 2026/03/13-22:08:38-GMT  BuildTime: Aug  4 2022 06:17:15  BuildStamp: freesurfer-linux-ubuntu22_x86_64-7.3.2-20220804-6354275  User: oesteban  Machine: dna086  Platform: Linux  PlatformVersion: 5.14.0-427.37.1.el9_4.x86_64  CompilerName: GCC  CompilerVersion: 8.4.0
ProgramName: mri_fill  ProgramArguments: mri_fill -all-info  ProgramVersion: 7.3.2  TimeStamp: 2026/03/13-22:08:38-GMT  BuildTime: Aug  4 2022 06:17:15  BuildStamp: freesurfer-linux-ubuntu22_x86_64-7.3.2-20220804-6354275  User: oesteban  Machine: dna086  Platform: Linux  PlatformVersion: 5.14.0-427.37.1.el9_4.x86_64  CompilerName: GCC  CompilerVersion: 8.4.0
ProgramName: mri_fuse_segmentations  ProgramArguments: mri_fuse_segmentations -all-info  ProgramVersion: 7.3.2  TimeStamp: 2026/03/13-22:08:38-GMT  BuildTime: Aug  4 2022 06:17:15  BuildStamp: freesurfer-linux-ubuntu22_x86_64-7.3.2-20220804-6354275  User: oesteban  Machine: dna086  Platform: Linux  PlatformVersion: 5.14.0-427.37.1.el9_4.x86_64  CompilerName: GCC  CompilerVersion: 8.4.0
ProgramName: mri_fwhm  ProgramArguments: mri_fwhm -all-info  ProgramVersion: 7.3.2  TimeStamp: 2026/03/13-22:08:38-GMT  BuildTime: Aug  4 2022 06:17:15  BuildStamp: freesurfer-linux-ubuntu22_x86_64-7.3.2-20220804-6354275  User: oesteban  Machine: dna086  Platform: Linux  PlatformVersion: 5.14.0-427.37.1.el9_4.x86_64  CompilerName: GCC  CompilerVersion: 8.4.0
ProgramName: mri_gcut  ProgramArguments: mri_gcut -all-info  ProgramVersion: 7.3.2  TimeStamp: 2026/03/13-22:08:38-GMT  BuildTime: Aug  4 2022 06:17:15  BuildStamp: freesurfer-linux-ubuntu22_x86_64-7.3.2-20220804-6354275  User: oesteban  Machine: dna086  Platform: Linux  PlatformVersion: 5.14.0-427.37.1.el9_4.x86_64  CompilerName: GCC  CompilerVersion: 8.4.0
ProgramName: mri_info  ProgramArguments: mri_info -all-info  ProgramVersion: 7.3.2  TimeStamp: 2026/03/13-22:08:38-GMT  BuildTime: Aug  4 2022 06:17:15  BuildStamp: freesurfer-linux-ubuntu22_x86_64-7.3.2-20220804-6354275  User: oesteban  Machine: dna086  Platform: Linux  PlatformVersion: 5.14.0-427.37.1.el9_4.x86_64  CompilerName: GCC  CompilerVersion: 8.4.0
ProgramName: mri_label2label  ProgramArguments: mri_label2label -all-info  ProgramVersion: 7.3.2  TimeStamp: 2026/03/13-22:08:38-GMT  BuildTime: Aug  4 2022 06:17:15  BuildStamp: freesurfer-linux-ubuntu22_x86_64-7.3.2-20220804-6354275  User: oesteban  Machine: dna086  Platform: Linux  PlatformVersion: 5.14.0-427.37.1.el9_4.x86_64  CompilerName: GCC  CompilerVersion: 8.4.0
ProgramName: mri_label2vol  ProgramArguments: mri_label2vol -all-info  ProgramVersion: 7.3.2  TimeStamp: 2026/03/13-22:08:38-GMT  BuildTime: Aug  4 2022 06:17:15  BuildStamp: freesurfer-linux-ubuntu22_x86_64-7.3.2-20220804-6354275  User: oesteban  Machine: dna086  Platform: Linux  PlatformVersion: 5.14.0-427.37.1.el9_4.x86_64  CompilerName: GCC  CompilerVersion: 8.4.0
ProgramName: mri_log_likelihood  ProgramArguments: mri_log_likelihood -all-info  ProgramVersion: 7.3.2  TimeStamp: 2026/03/13-22:08:38-GMT  BuildTime: Aug  4 2022 06:17:15  BuildStamp: freesurfer-linux-ubuntu22_x86_64-7.3.2-20220804-6354275  User: oesteban  Machine: dna086  Platform: Linux  PlatformVersion: 5.14.0-427.37.1.el9_4.x86_64  CompilerName: GCC  CompilerVersion: 8.4.0
ProgramName: mri_mask  ProgramArguments: mri_mask -all-info  ProgramVersion: 7.3.2  TimeStamp: 2026/03/13-22:08:38-GMT  BuildTime: Aug  4 2022 06:17:15  BuildStamp: freesurfer-linux-ubuntu22_x86_64-7.3.2-20220804-6354275  User: oesteban  Machine: dna086  Platform: Linux  PlatformVersion: 5.14.0-427.37.1.el9_4.x86_64  CompilerName: GCC  CompilerVersion: 8.4.0
ProgramName: mri_matrix_multiply  ProgramArguments: mri_matrix_multiply -all-info  ProgramVersion: 7.3.2  TimeStamp: 2026/03/13-22:08:38-GMT  BuildTime: Aug  4 2022 06:17:15  BuildStamp: freesurfer-linux-ubuntu22_x86_64-7.3.2-20220804-6354275  User: oesteban  Machine: dna086  Platform: Linux  PlatformVersion: 5.14.0-427.37.1.el9_4.x86_64  CompilerName: GCC  CompilerVersion: 8.4.0
ProgramName: mri_normalize  ProgramArguments: mri_normalize -all-info  ProgramVersion: 7.3.2  TimeStamp: 2026/03/13-22:08:38-GMT  BuildTime: Aug  4 2022 06:17:15  BuildStamp: freesurfer-linux-ubuntu22_x86_64-7.3.2-20220804-6354275  User: oesteban  Machine: dna086  Platform: Linux  PlatformVersion: 5.14.0-427.37.1.el9_4.x86_64  CompilerName: GCC  CompilerVersion: 8.4.0
ProgramName: mri_normalize_tp2  ProgramArguments: mri_normalize_tp2 -all-info  ProgramVersion: 7.3.2  TimeStamp: 2026/03/13-22:08:38-GMT  BuildTime: Aug  4 2022 06:17:15  BuildStamp: freesurfer-linux-ubuntu22_x86_64-7.3.2-20220804-6354275  User: oesteban  Machine: dna086  Platform: Linux  PlatformVersion: 5.14.0-427.37.1.el9_4.x86_64  CompilerName: GCC  CompilerVersion: 8.4.0
ProgramName: mri_or  ProgramArguments: mri_or -all-info  ProgramVersion: 7.3.2  TimeStamp: 2026/03/13-22:08:38-GMT  BuildTime: Aug  4 2022 06:17:15  BuildStamp: freesurfer-linux-ubuntu22_x86_64-7.3.2-20220804-6354275  User: oesteban  Machine: dna086  Platform: Linux  PlatformVersion: 5.14.0-427.37.1.el9_4.x86_64  CompilerName: GCC  CompilerVersion: 8.4.0
ProgramName: mri_relabel_hypointensities  ProgramArguments: mri_relabel_hypointensities -all-info  ProgramVersion: 7.3.2  TimeStamp: 2026/03/13-22:08:38-GMT  BuildTime: Aug  4 2022 06:17:15  BuildStamp: freesurfer-linux-ubuntu22_x86_64-7.3.2-20220804-6354275  User: oesteban  Machine: dna086  Platform: Linux  PlatformVersion: 5.14.0-427.37.1.el9_4.x86_64  CompilerName: GCC  CompilerVersion: 8.4.0
ProgramName: mri_relabel_nonwm_hypos  ProgramArguments: mri_relabel_nonwm_hypos -all-info  ProgramVersion: 7.3.2  TimeStamp: 2026/03/13-22:08:38-GMT  BuildTime: Aug  4 2022 06:17:15  BuildStamp: freesurfer-linux-ubuntu22_x86_64-7.3.2-20220804-6354275  User: oesteban  Machine: dna086  Platform: Linux  PlatformVersion: 5.14.0-427.37.1.el9_4.x86_64  CompilerName: GCC  CompilerVersion: 8.4.0
ProgramName: mri_remove_neck  ProgramArguments: mri_remove_neck -all-info  ProgramVersion: 7.3.2  TimeStamp: 2026/03/13-22:08:38-GMT  BuildTime: Aug  4 2022 06:17:15  BuildStamp: freesurfer-linux-ubuntu22_x86_64-7.3.2-20220804-6354275  User: oesteban  Machine: dna086  Platform: Linux  PlatformVersion: 5.14.0-427.37.1.el9_4.x86_64  CompilerName: GCC  CompilerVersion: 8.4.0
7.3.2

ProgramName: mri_robust_register  ProgramArguments: mri_robust_register -all-info  ProgramVersion: 7.3.2  TimeStamp: 2026/03/13-22:08:38-GMT  BuildTime: Aug  4 2022 06:17:15  BuildStamp: freesurfer-linux-ubuntu22_x86_64-7.3.2-20220804-6354275  User: oesteban  Machine: dna086  Platform: Linux  PlatformVersion: 5.14.0-427.37.1.el9_4.x86_64  CompilerName: GCC  CompilerVersion: 8.4.0
7.3.2

ProgramName: mri_robust_template  ProgramArguments: mri_robust_template -all-info  ProgramVersion: 7.3.2  TimeStamp: 2026/03/13-22:08:38-GMT  BuildTime: Aug  4 2022 06:17:15  BuildStamp: freesurfer-linux-ubuntu22_x86_64-7.3.2-20220804-6354275  User: oesteban  Machine: dna086  Platform: Linux  PlatformVersion: 5.14.0-427.37.1.el9_4.x86_64  CompilerName: GCC  CompilerVersion: 8.4.0
ProgramName: mris_anatomical_stats  ProgramArguments: mris_anatomical_stats -all-info  ProgramVersion: 7.3.2  TimeStamp: 2026/03/13-22:08:38-GMT  BuildTime: Aug  4 2022 06:17:15  BuildStamp: freesurfer-linux-ubuntu22_x86_64-7.3.2-20220804-6354275  User: oesteban  Machine: dna086  Platform: Linux  PlatformVersion: 5.14.0-427.37.1.el9_4.x86_64  CompilerName: GCC  CompilerVersion: 8.4.0
ProgramName: mris_ca_label  ProgramArguments: mris_ca_label -all-info  ProgramVersion: 7.3.2  TimeStamp: 2026/03/13-22:08:38-GMT  BuildTime: Aug  4 2022 06:17:15  BuildStamp: freesurfer-linux-ubuntu22_x86_64-7.3.2-20220804-6354275  User: oesteban  Machine: dna086  Platform: Linux  PlatformVersion: 5.14.0-427.37.1.el9_4.x86_64  CompilerName: GCC  CompilerVersion: 8.4.0
ProgramName: mris_calc  ProgramArguments: mris_calc -all-info  ProgramVersion: 7.3.2  TimeStamp: 2026/03/13-22:08:38-GMT  BuildTime: Aug  4 2022 06:17:15  BuildStamp: freesurfer-linux-ubuntu22_x86_64-7.3.2-20220804-6354275  User: oesteban  Machine: dna086  Platform: Linux  PlatformVersion: 5.14.0-427.37.1.el9_4.x86_64  CompilerName: GCC  CompilerVersion: 8.4.0
ProgramName: mris_convert  ProgramArguments: mris_convert -all-info  ProgramVersion: 7.3.2  TimeStamp: 2026/03/13-22:08:38-GMT  BuildTime: Aug  4 2022 06:17:15  BuildStamp: freesurfer-linux-ubuntu22_x86_64-7.3.2-20220804-6354275  User: oesteban  Machine: dna086  Platform: Linux  PlatformVersion: 5.14.0-427.37.1.el9_4.x86_64  CompilerName: GCC  CompilerVersion: 8.4.0
ProgramName: mris_curvature  ProgramArguments: mris_curvature -all-info  ProgramVersion: 7.3.2  TimeStamp: 2026/03/13-22:08:38-GMT  BuildTime: Aug  4 2022 06:17:15  BuildStamp: freesurfer-linux-ubuntu22_x86_64-7.3.2-20220804-6354275  User: oesteban  Machine: dna086  Platform: Linux  PlatformVersion: 5.14.0-427.37.1.el9_4.x86_64  CompilerName: GCC  CompilerVersion: 8.4.0
ProgramName: mris_curvature_stats  ProgramArguments: mris_curvature_stats -all-info  ProgramVersion: 7.3.2  TimeStamp: 2026/03/13-22:08:38-GMT  BuildTime: Aug  4 2022 06:17:15  BuildStamp: freesurfer-linux-ubuntu22_x86_64-7.3.2-20220804-6354275  User: oesteban  Machine: dna086  Platform: Linux  PlatformVersion: 5.14.0-427.37.1.el9_4.x86_64  CompilerName: GCC  CompilerVersion: 8.4.0
ProgramName: mris_diff  ProgramArguments: mris_diff -all-info  ProgramVersion: 7.3.2  TimeStamp: 2026/03/13-22:08:38-GMT  BuildTime: Aug  4 2022 06:17:15  BuildStamp: freesurfer-linux-ubuntu22_x86_64-7.3.2-20220804-6354275  User: oesteban  Machine: dna086  Platform: Linux  PlatformVersion: 5.14.0-427.37.1.el9_4.x86_64  CompilerName: GCC  CompilerVersion: 8.4.0
ProgramName: mris_divide_parcellation  ProgramArguments: mris_divide_parcellation -all-info  ProgramVersion: 7.3.2  TimeStamp: 2026/03/13-22:08:38-GMT  BuildTime: Aug  4 2022 06:17:15  BuildStamp: freesurfer-linux-ubuntu22_x86_64-7.3.2-20220804-6354275  User: oesteban  Machine: dna086  Platform: Linux  PlatformVersion: 5.14.0-427.37.1.el9_4.x86_64  CompilerName: GCC  CompilerVersion: 8.4.0
ProgramName: mri_segment  ProgramArguments: mri_segment -all-info  ProgramVersion: 7.3.2  TimeStamp: 2026/03/13-22:08:38-GMT  BuildTime: Aug  4 2022 06:17:15  BuildStamp: freesurfer-linux-ubuntu22_x86_64-7.3.2-20220804-6354275  User: oesteban  Machine: dna086  Platform: Linux  PlatformVersion: 5.14.0-427.37.1.el9_4.x86_64  CompilerName: GCC  CompilerVersion: 8.4.0
ProgramName: mri_segstats  ProgramArguments: mri_segstats -all-info  ProgramVersion: 7.3.2  TimeStamp: 2026/03/13-22:08:38-GMT  BuildTime: Aug  4 2022 06:17:15  BuildStamp: freesurfer-linux-ubuntu22_x86_64-7.3.2-20220804-6354275  User: oesteban  Machine: dna086  Platform: Linux  PlatformVersion: 5.14.0-427.37.1.el9_4.x86_64  CompilerName: GCC  CompilerVersion: 8.4.0
ProgramName: mris_euler_number  ProgramArguments: mris_euler_number -all-info  ProgramVersion: 7.3.2  TimeStamp: 2026/03/13-22:08:38-GMT  BuildTime: Aug  4 2022 06:17:15  BuildStamp: freesurfer-linux-ubuntu22_x86_64-7.3.2-20220804-6354275  User: oesteban  Machine: dna086  Platform: Linux  PlatformVersion: 5.14.0-427.37.1.el9_4.x86_64  CompilerName: GCC  CompilerVersion: 8.4.0
ProgramName: mris_fix_topology  ProgramArguments: mris_fix_topology -all-info  ProgramVersion: 7.3.2  TimeStamp: 2026/03/13-22:08:38-GMT  BuildTime: Aug  4 2022 06:17:15  BuildStamp: freesurfer-linux-ubuntu22_x86_64-7.3.2-20220804-6354275  User: oesteban  Machine: dna086  Platform: Linux  PlatformVersion: 5.14.0-427.37.1.el9_4.x86_64  CompilerName: GCC  CompilerVersion: 8.4.0
ProgramName: mris_topo_fixer  ProgramArguments: mris_topo_fixer -all-info  ProgramVersion: 7.3.2  TimeStamp: 2026/03/13-22:08:38-GMT  BuildTime: Aug  4 2022 06:17:15  BuildStamp: freesurfer-linux-ubuntu22_x86_64-7.3.2-20220804-6354275  User: oesteban  Machine: dna086  Platform: Linux  PlatformVersion: 5.14.0-427.37.1.el9_4.x86_64  CompilerName: GCC  CompilerVersion: 8.4.0
ProgramName: mris_jacobian  ProgramArguments: mris_jacobian -all-info  ProgramVersion: 7.3.2  TimeStamp: 2026/03/13-22:08:38-GMT  BuildTime: Aug  4 2022 06:17:15  BuildStamp: freesurfer-linux-ubuntu22_x86_64-7.3.2-20220804-6354275  User: oesteban  Machine: dna086  Platform: Linux  PlatformVersion: 5.14.0-427.37.1.el9_4.x86_64  CompilerName: GCC  CompilerVersion: 8.4.0
ProgramName: mris_label2annot  ProgramArguments: mris_label2annot -all-info  ProgramVersion: 7.3.2  TimeStamp: 2026/03/13-22:08:38-GMT  BuildTime: Aug  4 2022 06:17:15  BuildStamp: freesurfer-linux-ubuntu22_x86_64-7.3.2-20220804-6354275  User: oesteban  Machine: dna086  Platform: Linux  PlatformVersion: 5.14.0-427.37.1.el9_4.x86_64  CompilerName: GCC  CompilerVersion: 8.4.0
ProgramName: mris_left_right_register  ProgramArguments: mris_left_right_register -all-info  ProgramVersion: 7.3.2  TimeStamp: 2026/03/13-22:08:38-GMT  BuildTime: Aug  4 2022 06:17:15  BuildStamp: freesurfer-linux-ubuntu22_x86_64-7.3.2-20220804-6354275  User: oesteban  Machine: dna086  Platform: Linux  PlatformVersion: 5.14.0-427.37.1.el9_4.x86_64  CompilerName: GCC  CompilerVersion: 8.4.0
ProgramName: mris_place_surface  ProgramArguments: mris_place_surface -all-info  ProgramVersion: 7.3.2  TimeStamp: 2026/03/13-22:08:38-GMT  BuildTime: Aug  4 2022 06:17:15  BuildStamp: freesurfer-linux-ubuntu22_x86_64-7.3.2-20220804-6354275  User: oesteban  Machine: dna086  Platform: Linux  PlatformVersion: 5.14.0-427.37.1.el9_4.x86_64  CompilerName: GCC  CompilerVersion: 8.4.0
ProgramName: mrisp_paint  ProgramArguments: mrisp_paint -all-info  ProgramVersion: 7.3.2  TimeStamp: 2026/03/13-22:08:38-GMT  BuildTime: Aug  4 2022 06:17:15  BuildStamp: freesurfer-linux-ubuntu22_x86_64-7.3.2-20220804-6354275  User: oesteban  Machine: dna086  Platform: Linux  PlatformVersion: 5.14.0-427.37.1.el9_4.x86_64  CompilerName: GCC  CompilerVersion: 8.4.0
ProgramName: mris_register  ProgramArguments: mris_register -all-info  ProgramVersion: 7.3.2  TimeStamp: 2026/03/13-22:08:38-GMT  BuildTime: Aug  4 2022 06:17:15  BuildStamp: freesurfer-linux-ubuntu22_x86_64-7.3.2-20220804-6354275  User: oesteban  Machine: dna086  Platform: Linux  PlatformVersion: 5.14.0-427.37.1.el9_4.x86_64  CompilerName: GCC  CompilerVersion: 8.4.0
ProgramName: mris_smooth  ProgramArguments: mris_smooth -all-info  ProgramVersion: 7.3.2  TimeStamp: 2026/03/13-22:08:38-GMT  BuildTime: Aug  4 2022 06:17:15  BuildStamp: freesurfer-linux-ubuntu22_x86_64-7.3.2-20220804-6354275  User: oesteban  Machine: dna086  Platform: Linux  PlatformVersion: 5.14.0-427.37.1.el9_4.x86_64  CompilerName: GCC  CompilerVersion: 8.4.0
ProgramName: mris_sphere  ProgramArguments: mris_sphere -all-info  ProgramVersion: 7.3.2  TimeStamp: 2026/03/13-22:08:38-GMT  BuildTime: Aug  4 2022 06:17:15  BuildStamp: freesurfer-linux-ubuntu22_x86_64-7.3.2-20220804-6354275  User: oesteban  Machine: dna086  Platform: Linux  PlatformVersion: 5.14.0-427.37.1.el9_4.x86_64  CompilerName: GCC  CompilerVersion: 8.4.0
ProgramName: mris_surface_stats  ProgramArguments: mris_surface_stats -all-info  ProgramVersion: 7.3.2  TimeStamp: 2026/03/13-22:08:38-GMT  BuildTime: Aug  4 2022 06:17:15  BuildStamp: freesurfer-linux-ubuntu22_x86_64-7.3.2-20220804-6354275  User: oesteban  Machine: dna086  Platform: Linux  PlatformVersion: 5.14.0-427.37.1.el9_4.x86_64  CompilerName: GCC  CompilerVersion: 8.4.0
ProgramName: mri_stats2seg  ProgramArguments: mri_stats2seg -all-info  ProgramVersion: 7.3.2  TimeStamp: 2026/03/13-22:08:38-GMT  BuildTime: Aug  4 2022 06:17:15  BuildStamp: freesurfer-linux-ubuntu22_x86_64-7.3.2-20220804-6354275  User: oesteban  Machine: dna086  Platform: Linux  PlatformVersion: 5.14.0-427.37.1.el9_4.x86_64  CompilerName: GCC  CompilerVersion: 8.4.0
ProgramName: mris_thickness  ProgramArguments: mris_thickness -all-info  ProgramVersion: 7.3.2  TimeStamp: 2026/03/13-22:08:38-GMT  BuildTime: Aug  4 2022 06:17:15  BuildStamp: freesurfer-linux-ubuntu22_x86_64-7.3.2-20220804-6354275  User: oesteban  Machine: dna086  Platform: Linux  PlatformVersion: 5.14.0-427.37.1.el9_4.x86_64  CompilerName: GCC  CompilerVersion: 8.4.0
ProgramName: mris_thickness_diff  ProgramArguments: mris_thickness_diff -all-info  ProgramVersion: 7.3.2  TimeStamp: 2026/03/13-22:08:38-GMT  BuildTime: Aug  4 2022 06:17:15  BuildStamp: freesurfer-linux-ubuntu22_x86_64-7.3.2-20220804-6354275  User: oesteban  Machine: dna086  Platform: Linux  PlatformVersion: 5.14.0-427.37.1.el9_4.x86_64  CompilerName: GCC  CompilerVersion: 8.4.0
ProgramName: mris_topo_fixer  ProgramArguments: mris_topo_fixer -all-info  ProgramVersion: 7.3.2  TimeStamp: 2026/03/13-22:08:38-GMT  BuildTime: Aug  4 2022 06:17:15  BuildStamp: freesurfer-linux-ubuntu22_x86_64-7.3.2-20220804-6354275  User: oesteban  Machine: dna086  Platform: Linux  PlatformVersion: 5.14.0-427.37.1.el9_4.x86_64  CompilerName: GCC  CompilerVersion: 8.4.0
ProgramName: mri_surf2surf  ProgramArguments: mri_surf2surf -all-info  ProgramVersion: 7.3.2  TimeStamp: 2026/03/13-22:08:38-GMT  BuildTime: Aug  4 2022 06:17:15  BuildStamp: freesurfer-linux-ubuntu22_x86_64-7.3.2-20220804-6354275  User: oesteban  Machine: dna086  Platform: Linux  PlatformVersion: 5.14.0-427.37.1.el9_4.x86_64  CompilerName: GCC  CompilerVersion: 8.4.0
ProgramName: mri_surf2vol  ProgramArguments: mri_surf2vol -all-info  ProgramVersion: 7.3.2  TimeStamp: 2026/03/13-22:08:38-GMT  BuildTime: Aug  4 2022 06:17:15  BuildStamp: freesurfer-linux-ubuntu22_x86_64-7.3.2-20220804-6354275  User: oesteban  Machine: dna086  Platform: Linux  PlatformVersion: 5.14.0-427.37.1.el9_4.x86_64  CompilerName: GCC  CompilerVersion: 8.4.0
ProgramName: mri_surfcluster  ProgramArguments: mri_surfcluster -all-info  ProgramVersion: 7.3.2  TimeStamp: 2026/03/13-22:08:38-GMT  BuildTime: Aug  4 2022 06:17:15  BuildStamp: freesurfer-linux-ubuntu22_x86_64-7.3.2-20220804-6354275  User: oesteban  Machine: dna086  Platform: Linux  PlatformVersion: 5.14.0-427.37.1.el9_4.x86_64  CompilerName: GCC  CompilerVersion: 8.4.0
ProgramName: mris_volmask  ProgramArguments: mris_volmask -all-info  ProgramVersion: 7.3.2  TimeStamp: 2026/03/13-22:08:38-GMT  BuildTime: Aug  4 2022 06:17:15  BuildStamp: freesurfer-linux-ubuntu22_x86_64-7.3.2-20220804-6354275  User: oesteban  Machine: dna086  Platform: Linux  PlatformVersion: 5.14.0-427.37.1.el9_4.x86_64  CompilerName: GCC  CompilerVersion: 8.4.0
ProgramName: mri_tessellate  ProgramArguments: mri_tessellate -all-info  ProgramVersion: 7.3.2  TimeStamp: 2026/03/13-22:08:39-GMT  BuildTime: Aug  4 2022 06:17:15  BuildStamp: freesurfer-linux-ubuntu22_x86_64-7.3.2-20220804-6354275  User: oesteban  Machine: dna086  Platform: Linux  PlatformVersion: 5.14.0-427.37.1.el9_4.x86_64  CompilerName: GCC  CompilerVersion: 8.4.0
ProgramName: mri_vol2surf  ProgramArguments: mri_vol2surf -all-info  ProgramVersion: 7.3.2  TimeStamp: 2026/03/13-22:08:39-GMT  BuildTime: Aug  4 2022 06:17:15  BuildStamp: freesurfer-linux-ubuntu22_x86_64-7.3.2-20220804-6354275  User: oesteban  Machine: dna086  Platform: Linux  PlatformVersion: 5.14.0-427.37.1.el9_4.x86_64  CompilerName: GCC  CompilerVersion: 8.4.0
ProgramName: mri_vol2vol  ProgramArguments: mri_vol2vol -all-info  ProgramVersion: 7.3.2  TimeStamp: 2026/03/13-22:08:39-GMT  BuildTime: Aug  4 2022 06:17:15  BuildStamp: freesurfer-linux-ubuntu22_x86_64-7.3.2-20220804-6354275  User: oesteban  Machine: dna086  Platform: Linux  PlatformVersion: 5.14.0-427.37.1.el9_4.x86_64  CompilerName: GCC  CompilerVersion: 8.4.0
ProgramName: mri_voldiff  ProgramArguments: mri_voldiff -all-info  ProgramVersion: 7.3.2  TimeStamp: 2026/03/13-22:08:39-GMT  BuildTime: Aug  4 2022 06:17:15  BuildStamp: freesurfer-linux-ubuntu22_x86_64-7.3.2-20220804-6354275  User: oesteban  Machine: dna086  Platform: Linux  PlatformVersion: 5.14.0-427.37.1.el9_4.x86_64  CompilerName: GCC  CompilerVersion: 8.4.0
ProgramName: mri_watershed  ProgramArguments: mri_watershed -all-info  ProgramVersion: 7.3.2  TimeStamp: 2026/03/13-22:08:39-GMT  BuildTime: Aug  4 2022 06:17:15  BuildStamp: freesurfer-linux-ubuntu22_x86_64-7.3.2-20220804-6354275  User: oesteban  Machine: dna086  Platform: Linux  PlatformVersion: 5.14.0-427.37.1.el9_4.x86_64  CompilerName: GCC  CompilerVersion: 8.4.0
ProgramName: tkregister2  ProgramArguments: tkregister2_cmdl -all-info  ProgramVersion: 7.3.2  TimeStamp: 2026/03/13-22:08:39-GMT  BuildTime: Aug  4 2022 06:17:15  BuildStamp: freesurfer-linux-ubuntu22_x86_64-7.3.2-20220804-6354275  User: oesteban  Machine: dna086  Platform: Linux  PlatformVersion: 5.14.0-427.37.1.el9_4.x86_64  CompilerName: GCC  CompilerVersion: 8.4.0
mri_motion_correct.fsl 7.3.2
mri_convert -all-info 
ProgramName: mri_convert  ProgramArguments: mri_convert -all-info  ProgramVersion: 7.3.2  TimeStamp: 2026/03/13-22:08:39-GMT  BuildTime: Aug  4 2022 06:17:15  BuildStamp: freesurfer-linux-ubuntu22_x86_64-7.3.2-20220804-6354275  User: oesteban  Machine: dna086  Platform: Linux  PlatformVersion: 5.14.0-427.37.1.el9_4.x86_64  CompilerName: GCC  CompilerVersion: 8.4.0
Program nu_correct, built from:
Package MNI N3, version 1.12.0, compiled by nicks@terrier (x86_64-unknown-linux-gnu) on 2015-06-19 at 01:25:34
#######################################
GCADIR /opt/freesurfer/average
GCA RB_all_2020-01-02.gca
GCASkull RB_all_withskull_2020_01_02.gca
AvgCurvTif folding.atlas.acfb40.noaparc.i12.2016-08-02.tif
GCSDIR /opt/freesurfer/average
GCS DKaparc.atlas.acfb40.noaparc.i12.2016-08-02.gcs
#######################################
/out/sourcedata/freesurfer/sub-v2s7x29679_ses-1

 mri_convert /work/fmriprep_25_2_wf/sub_v2s7x29679_ses_1_wf/anat_fit_wf/anat_validate/sub-v2s7x29679_ses-1_run-1_T1w_noise_corrected_ras_valid.nii.gz /out/sourcedata/freesurfer/sub-v2s7x29679_ses-1/mri/orig/001.mgz 

mri_convert /work/fmriprep_25_2_wf/sub_v2s7x29679_ses_1_wf/anat_fit_wf/anat_validate/sub-v2s7x29679_ses-1_run-1_T1w_noise_corrected_ras_valid.nii.gz /out/sourcedata/freesurfer/sub-v2s7x29679_ses-1/mri/orig/001.mgz 
reading from /work/fmriprep_25_2_wf/sub_v2s7x29679_ses_1_wf/anat_fit_wf/anat_validate/sub-v2s7x29679_ses-1_run-1_T1w_noise_corrected_ras_valid.nii.gz...
TR=0.00, TE=0.00, TI=0.00, flip angle=0.00
i_ras = (1, 0, 0)
j_ras = (0, 1, 0)
k_ras = (0, 0, 1)
writing to /out/sourcedata/freesurfer/sub-v2s7x29679_ses-1/mri/orig/001.mgz...
#--------------------------------------------
#@# MotionCor Fri Mar 13 23:08:40 CET 2026
Found 1 runs
/out/sourcedata/freesurfer/sub-v2s7x29679_ses-1/mri/orig/001.mgz
Checking for (invalid) multi-frame inputs...
Only one run found so motion
correction will not be performed. I'll
copy the run to rawavg and continue.

 cp /out/sourcedata/freesurfer/sub-v2s7x29679_ses-1/mri/orig/001.mgz /out/sourcedata/freesurfer/sub-v2s7x29679_ses-1/mri/rawavg.mgz 


 mri_info /out/sourcedata/freesurfer/sub-v2s7x29679_ses-1/mri/rawavg.mgz 

rawavg.mgz ========================================
Volume information for /out/sourcedata/freesurfer/sub-v2s7x29679_ses-1/mri/rawavg.mgz
          type: MGH
    dimensions: 256 x 182 x 256
   voxel sizes: 0.976562, 1.200000, 0.976563
          type: FLOAT (3)
           fov: 250.000
           dof: 1
        xstart: -125.0, xend: 125.0
        ystart: -109.2, yend: 109.2
        zstart: -125.0, zend: 125.0
            TR: 0.00 msec, TE: 0.00 msec, TI: 0.00 msec, flip angle: 0.00 degrees
       nframes: 1
       PhEncDir: UNKNOWN
       FieldStrength: 0.000000
ras xform present
    xform info: x_r =   1.0000, y_r =   0.0000, z_r =   0.0000, c_r =    13.5664
              : x_a =   0.0000, y_a =   1.0000, z_a =   0.0000, c_a =    10.8194
              : x_s =   0.0000, y_s =   0.0000, z_s =   1.0000, c_s =    10.9113

talairach xfm : 
Orientation   : RAS
Primary Slice Direction: axial

voxel to ras transform:
                0.9766   0.0000   0.0000  -111.4336
                0.0000   1.2000   0.0000   -98.3806
                0.0000   0.0000   0.9766  -114.0887
                0.0000   0.0000   0.0000     1.0000

voxel-to-ras determinant 1.14441

ras to voxel transform:
                1.0240   0.0000   0.0000   114.1080
                0.0000   0.8333   0.0000    81.9838
                0.0000   0.0000   1.0240   116.8268
                0.0000   0.0000   0.0000     1.0000
/out/sourcedata/freesurfer/sub-v2s7x29679_ses-1

 mri_convert /out/sourcedata/freesurfer/sub-v2s7x29679_ses-1/mri/rawavg.mgz /out/sourcedata/freesurfer/sub-v2s7x29679_ses-1/mri/orig.mgz --conform 

mri_convert /out/sourcedata/freesurfer/sub-v2s7x29679_ses-1/mri/rawavg.mgz /out/sourcedata/freesurfer/sub-v2s7x29679_ses-1/mri/orig.mgz --conform 
reading from /out/sourcedata/freesurfer/sub-v2s7x29679_ses-1/mri/rawavg.mgz...
TR=0.00, TE=0.00, TI=0.00, flip angle=0.00
i_ras = (1, 0, 0)
j_ras = (0, 1, 0)
k_ras = (0, 0, 1)
changing data type from float to uchar (noscale = 0)...
MRIchangeType: Building histogram -0.000244141 1077.24 1000, flo=0, fhi=0.999, dest_type=0
Reslicing using trilinear interpolation 
writing to /out/sourcedata/freesurfer/sub-v2s7x29679_ses-1/mri/orig.mgz...

 mri_add_xform_to_header -c /out/sourcedata/freesurfer/sub-v2s7x29679_ses-1/mri/transforms/talairach.xfm /out/sourcedata/freesurfer/sub-v2s7x29679_ses-1/mri/orig.mgz /out/sourcedata/freesurfer/sub-v2s7x29679_ses-1/mri/orig.mgz 

INFO: extension is mgz

 mri_info /out/sourcedata/freesurfer/sub-v2s7x29679_ses-1/mri/orig.mgz 

orig.mgz ========================================
Volume information for /out/sourcedata/freesurfer/sub-v2s7x29679_ses-1/mri/orig.mgz
          type: MGH
    dimensions: 256 x 256 x 256
   voxel sizes: 1.000000, 1.000000, 1.000000
          type: UCHAR (0)
           fov: 256.000
           dof: 1
        xstart: -128.0, xend: 128.0
        ystart: -128.0, yend: 128.0
        zstart: -128.0, zend: 128.0
            TR: 0.00 msec, TE: 0.00 msec, TI: 0.00 msec, flip angle: 0.00 degrees
       nframes: 1
       PhEncDir: UNKNOWN
       FieldStrength: 0.000000
ras xform present
    xform info: x_r =  -1.0000, y_r =   0.0000, z_r =   0.0000, c_r =    13.5664
              : x_a =   0.0000, y_a =   0.0000, z_a =   1.0000, c_a =    10.8194
              : x_s =   0.0000, y_s =  -1.0000, z_s =   0.0000, c_s =    10.9113

talairach xfm : /out/sourcedata/freesurfer/sub-v2s7x29679_ses-1/mri/transforms/talairach.xfm
Orientation   : LIA
Primary Slice Direction: coronal

voxel to ras transform:
               -1.0000   0.0000   0.0000   141.5664
                0.0000   0.0000   1.0000  -117.1806
                0.0000  -1.0000   0.0000   138.9113
                0.0000   0.0000   0.0000     1.0000

voxel-to-ras determinant -1

ras to voxel transform:
               -1.0000  -0.0000  -0.0000   141.5664
               -0.0000  -0.0000  -1.0000   138.9113
               -0.0000   1.0000  -0.0000   117.1806
               -0.0000  -0.0000  -0.0000     1.0000
#--------------------------------------------
#@# Talairach Fri Mar 13 23:08:46 CET 2026
/out/sourcedata/freesurfer/sub-v2s7x29679_ses-1/mri

 mri_nu_correct.mni --no-rescale --i orig.mgz --o orig_nu.mgz --ants-n4 --n 1 --proto-iters 1000 --distance 50 

/usr/bin/bc
/out/sourcedata/freesurfer/sub-v2s7x29679_ses-1/mri
/opt/freesurfer/bin/mri_nu_correct.mni
--no-rescale --i orig.mgz --o orig_nu.mgz --ants-n4 --n 1 --proto-iters 1000 --distance 50
nIters 1
mri_nu_correct.mni 7.3.2
Linux dna086 5.14.0-427.37.1.el9_4.x86_64 #1 SMP PREEMPT_DYNAMIC Fri Sep 13 12:41:50 EDT 2024 x86_64 x86_64 x86_64 GNU/Linux
Fri Mar 13 23:08:46 CET 2026
tmpdir is ./tmp.mri_nu_correct.mni.1179403
cd /out/sourcedata/freesurfer/sub-v2s7x29679_ses-1/mri
AntsN4BiasFieldCorrectionFs -i orig.mgz -o ./tmp.mri_nu_correct.mni.1179403/nu0.mgz --dtype uchar
AntsN4BiasFieldCorrectionFs done
mri_convert ./tmp.mri_nu_correct.mni.1179403/nu0.mgz orig_nu.mgz --like orig.mgz --conform
mri_convert ./tmp.mri_nu_correct.mni.1179403/nu0.mgz orig_nu.mgz --like orig.mgz --conform 
reading from ./tmp.mri_nu_correct.mni.1179403/nu0.mgz...
TR=0.00, TE=0.00, TI=0.00, flip angle=0.00
i_ras = (-1, 0, 0)
j_ras = (0, 0, -1)
k_ras = (0, 1, 0)
INFO: transform src into the like-volume: orig.mgz
writing to orig_nu.mgz...
 
 
Fri Mar 13 23:11:19 CET 2026
mri_nu_correct.mni done

 talairach_avi --i orig_nu.mgz --xfm transforms/talairach.auto.xfm 

talairach_avi log file is transforms/talairach_avi.log...
mv -f /out/sourcedata/freesurfer/sub-v2s7x29679_ses-1/mri/talsrcimg_to_711-2C_as_mni_average_305_t4_vox2vox.txt /out/sourcedata/freesurfer/sub-v2s7x29679_ses-1/mri/transforms/talsrcimg_to_711-2C_as_mni_average_305_t4_vox2vox.txt
Started at Fri Mar 13 23:11:19 CET 2026
Ended   at Fri Mar 13 23:11:34 CET 2026
talairach_avi done

 cp transforms/talairach.auto.xfm transforms/talairach.xfm 

lta_convert --src orig.mgz --trg /opt/freesurfer/average/mni305.cor.mgz --inxfm transforms/talairach.xfm --outlta transforms/talairach.xfm.lta --subject fsaverage --ltavox2vox
7.3.2

--src: orig.mgz src image (geometry).
--trg: /opt/freesurfer/average/mni305.cor.mgz trg image (geometry).
--inmni: transforms/talairach.xfm input MNI/XFM transform.
--outlta: transforms/talairach.xfm.lta output LTA.
--s: fsaverage subject name
--ltavox2vox: output LTA as VOX_TO_VOX transform.
 LTA read, type : 1
 1.12174   0.01408  -0.01678  -12.64340;
-0.01670   1.12063   0.23367  -25.40667;
 0.03402  -0.33991   1.14591  -3.37965;
 0.00000   0.00000   0.00000   1.00000;
setting subject to fsaverage
Writing  LTA to file transforms/talairach.xfm.lta...
lta_convert successful.
#--------------------------------------------
#@# Talairach Failure Detection Fri Mar 13 23:11:36 CET 2026
/out/sourcedata/freesurfer/sub-v2s7x29679_ses-1/mri

 talairach_afd -T 0.005 -xfm transforms/talairach.xfm 

talairach_afd: Talairach Transform: transforms/talairach.xfm OK (p=0.7859, pval=0.8469 >= threshold=0.0050)

 awk -f /opt/freesurfer/bin/extract_talairach_avi_QA.awk /out/sourcedata/freesurfer/sub-v2s7x29679_ses-1/mri/transforms/talairach_avi.log 


 tal_QC_AZS /out/sourcedata/freesurfer/sub-v2s7x29679_ses-1/mri/transforms/talairach_avi.log 

TalAviQA: 0.97333
z-score: -1
#--------------------------------------------
#@# Nu Intensity Correction Fri Mar 13 23:11:36 CET 2026

 mri_nu_correct.mni --i orig.mgz --o nu.mgz --uchar transforms/talairach.xfm --n 2 --ants-n4 

/usr/bin/bc
/out/sourcedata/freesurfer/sub-v2s7x29679_ses-1/mri
/opt/freesurfer/bin/mri_nu_correct.mni
--i orig.mgz --o nu.mgz --uchar transforms/talairach.xfm --n 2 --ants-n4
nIters 2
mri_nu_correct.mni 7.3.2
Linux dna086 5.14.0-427.37.1.el9_4.x86_64 #1 SMP PREEMPT_DYNAMIC Fri Sep 13 12:41:50 EDT 2024 x86_64 x86_64 x86_64 GNU/Linux
Fri Mar 13 23:11:36 CET 2026
tmpdir is ./tmp.mri_nu_correct.mni.1180105
cd /out/sourcedata/freesurfer/sub-v2s7x29679_ses-1/mri
AntsN4BiasFieldCorrectionFs -i orig.mgz -o ./tmp.mri_nu_correct.mni.1180105/nu0.mgz --dtype uchar
AntsN4BiasFieldCorrectionFs done
mri_binarize --i ./tmp.mri_nu_correct.mni.1180105/nu0.mgz --min -1 --o ./tmp.mri_nu_correct.mni.1180105/ones.mgz

7.3.2
cwd /out/sourcedata/freesurfer/sub-v2s7x29679_ses-1/mri
cmdline mri_binarize --i ./tmp.mri_nu_correct.mni.1180105/nu0.mgz --min -1 --o ./tmp.mri_nu_correct.mni.1180105/ones.mgz 
sysname  Linux
hostname dna086
machine  x86_64
user     oesteban

input      ./tmp.mri_nu_correct.mni.1180105/nu0.mgz
frame      0
nErode3d   0
nErode2d   0
output     ./tmp.mri_nu_correct.mni.1180105/ones.mgz
Binarizing based on threshold
min        -1
max        +infinity
binval        1
binvalnot     0
fstart = 0, fend = 0, nframes = 1
Starting parallel 1
Found 16777216 values in range
Counting number of voxels in first frame
Found 16777215 voxels in final mask
Writing output to ./tmp.mri_nu_correct.mni.1180105/ones.mgz
Count: 16777215 16777215.000000 16777216 99.999994
mri_binarize done
mri_segstats --id 1 --seg ./tmp.mri_nu_correct.mni.1180105/ones.mgz --i orig.mgz --sum ./tmp.mri_nu_correct.mni.1180105/sum.junk --avgwf ./tmp.mri_nu_correct.mni.1180105/input.mean.dat

7.3.2
cwd 
cmdline mri_segstats --id 1 --seg ./tmp.mri_nu_correct.mni.1180105/ones.mgz --i orig.mgz --sum ./tmp.mri_nu_correct.mni.1180105/sum.junk --avgwf ./tmp.mri_nu_correct.mni.1180105/input.mean.dat 
sysname  Linux
hostname dna086
machine  x86_64
user     oesteban
whitesurfname  white
UseRobust  0
Loading ./tmp.mri_nu_correct.mni.1180105/ones.mgz
Loading orig.mgz
Voxel Volume is 1 mm^3
Generating list of segmentation ids
Found   1 segmentations
Computing statistics for each segmentation

Reporting on   1 segmentations
Using PrintSegStat
Computing spatial average of each frame

Writing to ./tmp.mri_nu_correct.mni.1180105/input.mean.dat
mri_segstats done
mri_segstats --id 1 --seg ./tmp.mri_nu_correct.mni.1180105/ones.mgz --i ./tmp.mri_nu_correct.mni.1180105/nu0.mgz --sum ./tmp.mri_nu_correct.mni.1180105/sum.junk --avgwf ./tmp.mri_nu_correct.mni.1180105/output.mean.dat

7.3.2
cwd 
cmdline mri_segstats --id 1 --seg ./tmp.mri_nu_correct.mni.1180105/ones.mgz --i ./tmp.mri_nu_correct.mni.1180105/nu0.mgz --sum ./tmp.mri_nu_correct.mni.1180105/sum.junk --avgwf ./tmp.mri_nu_correct.mni.1180105/output.mean.dat 
sysname  Linux
hostname dna086
machine  x86_64
user     oesteban
whitesurfname  white
UseRobust  0
Loading ./tmp.mri_nu_correct.mni.1180105/ones.mgz
Loading ./tmp.mri_nu_correct.mni.1180105/nu0.mgz
Voxel Volume is 1 mm^3
Generating list of segmentation ids
Found   1 segmentations
Computing statistics for each segmentation

Reporting on   1 segmentations
Using PrintSegStat
Computing spatial average of each frame

Writing to ./tmp.mri_nu_correct.mni.1180105/output.mean.dat
mri_segstats done
mris_calc -o ./tmp.mri_nu_correct.mni.1180105/nu0.mgz ./tmp.mri_nu_correct.mni.1180105/nu0.mgz mul 1.02552919907652953036
Saving result to './tmp.mri_nu_correct.mni.1180105/nu0.mgz' (type = MGH )                       [ ok ]
mri_convert ./tmp.mri_nu_correct.mni.1180105/nu0.mgz nu.mgz --like orig.mgz
mri_convert ./tmp.mri_nu_correct.mni.1180105/nu0.mgz nu.mgz --like orig.mgz 
reading from ./tmp.mri_nu_correct.mni.1180105/nu0.mgz...
TR=0.00, TE=0.00, TI=0.00, flip angle=0.00
i_ras = (-1, 0, 0)
j_ras = (0, 0, -1)
k_ras = (0, 1, 0)
INFO: transform src into the like-volume: orig.mgz
writing to nu.mgz...
mri_make_uchar nu.mgz transforms/talairach.xfm nu.mgz
type change took 0 minutes and 3 seconds.
FIRST_PERCENTILE 0.010000
WM_PERCENTILE    0.900000
MAX_R 50.000000
i1 = 9, i2 = 75
#mri_make_uchar# mapping 23 193 to  3 110  :  b -12.1023 m 0.632059 : thresh 19.1474 maxsat 422.591 : nzero 13834149 nsat 0
 
 
Fri Mar 13 23:14:21 CET 2026
mri_nu_correct.mni done

 mri_add_xform_to_header -c /out/sourcedata/freesurfer/sub-v2s7x29679_ses-1/mri/transforms/talairach.xfm nu.mgz nu.mgz 

INFO: extension is mgz
#--------------------------------------------
#@# Intensity Normalization Fri Mar 13 23:14:21 CET 2026
/out/sourcedata/freesurfer/sub-v2s7x29679_ses-1/mri

 mri_normalize -g 1 -seed 1234 -mprage nu.mgz T1.mgz 

using max gradient = 1.000
setting seed for random number genererator to 1234
assuming input volume is MGH (Van der Kouwe) MP-RAGE
reading mri_src from nu.mgz...
normalizing image...
NOT doing gentle normalization with control points/label
talairach transform
 1.12174   0.01408  -0.01678  -12.64340;
-0.01670   1.12063   0.23367  -25.40667;
 0.03402  -0.33991   1.14591  -3.37965;
 0.00000   0.00000   0.00000   1.00000;
processing without aseg, no1d=0
MRInormInit(): 
INFO: Modifying talairach volume c_(r,a,s) based on average_305
MRInormalize(): 
MRIsplineNormalize(): npeaks = 19
Starting OpenSpline(): npoints = 19
building Voronoi diagram...
performing soap bubble smoothing, sigma = 8...

Iterating 2 times
---------------------------------
3d normalization pass 1 of 2
white matter peak found at 110
white matter peak found at 110
gm peak at 52 (52), valley at 28 (28)
csf peak at 26, setting threshold to 43
building Voronoi diagram...
performing soap bubble smoothing, sigma = 8...
---------------------------------
3d normalization pass 2 of 2
white matter peak found at 110
white matter peak found at 110
gm peak at 61 (61), valley at 27 (27)
csf peak at 31, setting threshold to 51
building Voronoi diagram...
performing soap bubble smoothing, sigma = 8...
Done iterating ---------------------------------
writing output to T1.mgz
3D bias adjustment took 1 minutes and 1 seconds.

Started at Fri Mar 13 23:08:38 CET 2026 
Ended   at Fri Mar 13 23:15:22 CET 2026
#@#%# recon-all-run-time-hours 0.112
recon-all -s sub-v2s7x29679_ses-1 finished without error at Fri Mar 13 23:15:22 CET 2026



#New# invocation of recon-all 




Fri Mar 13 23:26:40 CET 2026
cd /out/sourcedata/freesurfer/sub-v2s7x29679_ses-1
setenv SUBJECTS_DIR /out/sourcedata/freesurfer
/opt/freesurfer/bin/recon-all -openmp 16 -subjid sub-v2s7x29679_ses-1 -sd /out/sourcedata/freesurfer -gcareg

subjid sub-v2s7x29679_ses-1
setenv SUBJECTS_DIR /out/sourcedata/freesurfer
FREESURFER_HOME /opt/freesurfer
Actual FREESURFER_HOME /opt/freesurfer
build-stamp.txt: freesurfer-linux-ubuntu22_x86_64-7.3.2-20220804-6354275
Linux dna086 5.14.0-427.37.1.el9_4.x86_64 #1 SMP PREEMPT_DYNAMIC Fri Sep 13 12:41:50 EDT 2024 x86_64 x86_64 x86_64 GNU/Linux
cputime      unlimited
filesize     unlimited
datasize     unlimited
stacksize    8192 kbytes
coredumpsize 0 kbytes
memoryuse    67108864 kbytes
vmemoryuse   unlimited
descriptors  1024 
memorylocked unlimited
maxproc      2061970 
maxlocks     unlimited
maxsignal    2062024 
maxmessage   819200 
maxnice      0 
maxrtprio    0 
maxrttime    unlimited

               total        used        free      shared  buff/cache   available
Mem:           503Gi        61Gi       394Gi        18Gi        47Gi       421Gi
Swap:             0B          0B          0B

########################################
program versions used
7.3.2 (freesurfer-linux-ubuntu22_x86_64-7.3.2-20220804-6354275)
7.3.2

ProgramName: lta_convert  ProgramArguments: lta_convert -all-info  ProgramVersion: 7.3.2  TimeStamp: 2026/03/13-22:26:40-GMT  BuildTime: Aug  4 2022 06:17:15  BuildStamp: freesurfer-linux-ubuntu22_x86_64-7.3.2-20220804-6354275  User: oesteban  Machine: dna086  Platform: Linux  PlatformVersion: 5.14.0-427.37.1.el9_4.x86_64  CompilerName: GCC  CompilerVersion: 8.4.0
ProgramName: mri_and  ProgramArguments: mri_and -all-info  ProgramVersion: 7.3.2  TimeStamp: 2026/03/13-22:26:40-GMT  BuildTime: Aug  4 2022 06:17:15  BuildStamp: freesurfer-linux-ubuntu22_x86_64-7.3.2-20220804-6354275  User: oesteban  Machine: dna086  Platform: Linux  PlatformVersion: 5.14.0-427.37.1.el9_4.x86_64  CompilerName: GCC  CompilerVersion: 8.4.0
ProgramName: mri_annotation2label  ProgramArguments: mri_annotation2label -all-info  ProgramVersion: 7.3.2  TimeStamp: 2026/03/13-22:26:40-GMT  BuildTime: Aug  4 2022 06:17:15  BuildStamp: freesurfer-linux-ubuntu22_x86_64-7.3.2-20220804-6354275  User: oesteban  Machine: dna086  Platform: Linux  PlatformVersion: 5.14.0-427.37.1.el9_4.x86_64  CompilerName: GCC  CompilerVersion: 8.4.0
ProgramName: mri_aparc2aseg  ProgramArguments: mri_aparc2aseg -all-info  ProgramVersion: 7.3.2  TimeStamp: 2026/03/13-22:26:40-GMT  BuildTime: Aug  4 2022 06:17:15  BuildStamp: freesurfer-linux-ubuntu22_x86_64-7.3.2-20220804-6354275  User: oesteban  Machine: dna086  Platform: Linux  PlatformVersion: 5.14.0-427.37.1.el9_4.x86_64  CompilerName: GCC  CompilerVersion: 8.4.0
ProgramName: mri_surf2volseg  ProgramArguments: mri_surf2volseg -all-info  ProgramVersion: 7.3.2  TimeStamp: 2026/03/13-22:26:40-GMT  BuildTime: Aug  4 2022 06:17:15  BuildStamp: freesurfer-linux-ubuntu22_x86_64-7.3.2-20220804-6354275  User: oesteban  Machine: dna086  Platform: Linux  PlatformVersion: 5.14.0-427.37.1.el9_4.x86_64  CompilerName: GCC  CompilerVersion: 8.4.0
ProgramName: mri_binarize  ProgramArguments: mri_binarize -all-info  ProgramVersion: 7.3.2  TimeStamp: 2026/03/13-22:26:40-GMT  BuildTime: Aug  4 2022 06:17:15  BuildStamp: freesurfer-linux-ubuntu22_x86_64-7.3.2-20220804-6354275  User: oesteban  Machine: dna086  Platform: Linux  PlatformVersion: 5.14.0-427.37.1.el9_4.x86_64  CompilerName: GCC  CompilerVersion: 8.4.0
ProgramName: mri_ca_label  ProgramArguments: mri_ca_label -all-info  ProgramVersion: 7.3.2  TimeStamp: 2026/03/13-22:26:40-GMT  BuildTime: Aug  4 2022 06:17:15  BuildStamp: freesurfer-linux-ubuntu22_x86_64-7.3.2-20220804-6354275  User: oesteban  Machine: dna086  Platform: Linux  PlatformVersion: 5.14.0-427.37.1.el9_4.x86_64  CompilerName: GCC  CompilerVersion: 8.4.0
ProgramName: mri_ca_normalize  ProgramArguments: mri_ca_normalize -all-info  ProgramVersion: 7.3.2  TimeStamp: 2026/03/13-22:26:40-GMT  BuildTime: Aug  4 2022 06:17:15  BuildStamp: freesurfer-linux-ubuntu22_x86_64-7.3.2-20220804-6354275  User: oesteban  Machine: dna086  Platform: Linux  PlatformVersion: 5.14.0-427.37.1.el9_4.x86_64  CompilerName: GCC  CompilerVersion: 8.4.0
ProgramName: mri_ca_register  ProgramArguments: mri_ca_register -all-info  ProgramVersion: 7.3.2  TimeStamp: 2026/03/13-22:26:40-GMT  BuildTime: Aug  4 2022 06:17:15  BuildStamp: freesurfer-linux-ubuntu22_x86_64-7.3.2-20220804-6354275  User: oesteban  Machine: dna086  Platform: Linux  PlatformVersion: 5.14.0-427.37.1.el9_4.x86_64  CompilerName: GCC  CompilerVersion: 8.4.0
ProgramName: mri_cc  ProgramArguments: mri_cc -all-info  ProgramVersion: 7.3.2  TimeStamp: 2026/03/13-22:26:40-GMT  BuildTime: Aug  4 2022 06:17:15  BuildStamp: freesurfer-linux-ubuntu22_x86_64-7.3.2-20220804-6354275  User: oesteban  Machine: dna086  Platform: Linux  PlatformVersion: 5.14.0-427.37.1.el9_4.x86_64  CompilerName: GCC  CompilerVersion: 8.4.0
ProgramName: mri_compute_overlap  ProgramArguments: mri_compute_overlap -all-info  ProgramVersion: 7.3.2  TimeStamp: 2026/03/13-22:26:40-GMT  BuildTime: Aug  4 2022 06:17:15  BuildStamp: freesurfer-linux-ubuntu22_x86_64-7.3.2-20220804-6354275  User: oesteban  Machine: dna086  Platform: Linux  PlatformVersion: 5.14.0-427.37.1.el9_4.x86_64  CompilerName: GCC  CompilerVersion: 8.4.0
ProgramName: mri_compute_seg_overlap  ProgramArguments: mri_compute_seg_overlap -all-info  ProgramVersion: 7.3.2  TimeStamp: 2026/03/13-22:26:40-GMT  BuildTime: Aug  4 2022 06:17:15  BuildStamp: freesurfer-linux-ubuntu22_x86_64-7.3.2-20220804-6354275  User: oesteban  Machine: dna086  Platform: Linux  PlatformVersion: 5.14.0-427.37.1.el9_4.x86_64  CompilerName: GCC  CompilerVersion: 8.4.0
ProgramName: mri_concat  ProgramArguments: mri_concat -all-info  ProgramVersion: 7.3.2  TimeStamp: 2026/03/13-22:26:40-GMT  BuildTime: Aug  4 2022 06:17:15  BuildStamp: freesurfer-linux-ubuntu22_x86_64-7.3.2-20220804-6354275  User: oesteban  Machine: dna086  Platform: Linux  PlatformVersion: 5.14.0-427.37.1.el9_4.x86_64  CompilerName: GCC  CompilerVersion: 8.4.0
ProgramName: mri_concatenate_lta  ProgramArguments: mri_concatenate_lta -all-info  ProgramVersion: 7.3.2  TimeStamp: 2026/03/13-22:26:40-GMT  BuildTime: Aug  4 2022 06:17:15  BuildStamp: freesurfer-linux-ubuntu22_x86_64-7.3.2-20220804-6354275  User: oesteban  Machine: dna086  Platform: Linux  PlatformVersion: 5.14.0-427.37.1.el9_4.x86_64  CompilerName: GCC  CompilerVersion: 8.4.0
mri_convert -all-info 
ProgramName: mri_convert  ProgramArguments: mri_convert -all-info  ProgramVersion: 7.3.2  TimeStamp: 2026/03/13-22:26:40-GMT  BuildTime: Aug  4 2022 06:17:15  BuildStamp: freesurfer-linux-ubuntu22_x86_64-7.3.2-20220804-6354275  User: oesteban  Machine: dna086  Platform: Linux  PlatformVersion: 5.14.0-427.37.1.el9_4.x86_64  CompilerName: GCC  CompilerVersion: 8.4.0
ProgramName: mri_diff  ProgramArguments: mri_diff -all-info  ProgramVersion: 7.3.2  TimeStamp: 2026/03/13-22:26:40-GMT  BuildTime: Aug  4 2022 06:17:15  BuildStamp: freesurfer-linux-ubuntu22_x86_64-7.3.2-20220804-6354275  User: oesteban  Machine: dna086  Platform: Linux  PlatformVersion: 5.14.0-427.37.1.el9_4.x86_64  CompilerName: GCC  CompilerVersion: 8.4.0
ProgramName: mri_edit_wm_with_aseg  ProgramArguments: mri_edit_wm_with_aseg -all-info  ProgramVersion: 7.3.2  TimeStamp: 2026/03/13-22:26:40-GMT  BuildTime: Aug  4 2022 06:17:15  BuildStamp: freesurfer-linux-ubuntu22_x86_64-7.3.2-20220804-6354275  User: oesteban  Machine: dna086  Platform: Linux  PlatformVersion: 5.14.0-427.37.1.el9_4.x86_64  CompilerName: GCC  CompilerVersion: 8.4.0
ProgramName: mri_em_register  ProgramArguments: mri_em_register -all-info  ProgramVersion: 7.3.2  TimeStamp: 2026/03/13-22:26:40-GMT  BuildTime: Aug  4 2022 06:17:15  BuildStamp: freesurfer-linux-ubuntu22_x86_64-7.3.2-20220804-6354275  User: oesteban  Machine: dna086  Platform: Linux  PlatformVersion: 5.14.0-427.37.1.el9_4.x86_64  CompilerName: GCC  CompilerVersion: 8.4.0
ProgramName: mri_fill  ProgramArguments: mri_fill -all-info  ProgramVersion: 7.3.2  TimeStamp: 2026/03/13-22:26:40-GMT  BuildTime: Aug  4 2022 06:17:15  BuildStamp: freesurfer-linux-ubuntu22_x86_64-7.3.2-20220804-6354275  User: oesteban  Machine: dna086  Platform: Linux  PlatformVersion: 5.14.0-427.37.1.el9_4.x86_64  CompilerName: GCC  CompilerVersion: 8.4.0
ProgramName: mri_fuse_segmentations  ProgramArguments: mri_fuse_segmentations -all-info  ProgramVersion: 7.3.2  TimeStamp: 2026/03/13-22:26:40-GMT  BuildTime: Aug  4 2022 06:17:15  BuildStamp: freesurfer-linux-ubuntu22_x86_64-7.3.2-20220804-6354275  User: oesteban  Machine: dna086  Platform: Linux  PlatformVersion: 5.14.0-427.37.1.el9_4.x86_64  CompilerName: GCC  CompilerVersion: 8.4.0
ProgramName: mri_fwhm  ProgramArguments: mri_fwhm -all-info  ProgramVersion: 7.3.2  TimeStamp: 2026/03/13-22:26:40-GMT  BuildTime: Aug  4 2022 06:17:15  BuildStamp: freesurfer-linux-ubuntu22_x86_64-7.3.2-20220804-6354275  User: oesteban  Machine: dna086  Platform: Linux  PlatformVersion: 5.14.0-427.37.1.el9_4.x86_64  CompilerName: GCC  CompilerVersion: 8.4.0
ProgramName: mri_gcut  ProgramArguments: mri_gcut -all-info  ProgramVersion: 7.3.2  TimeStamp: 2026/03/13-22:26:40-GMT  BuildTime: Aug  4 2022 06:17:15  BuildStamp: freesurfer-linux-ubuntu22_x86_64-7.3.2-20220804-6354275  User: oesteban  Machine: dna086  Platform: Linux  PlatformVersion: 5.14.0-427.37.1.el9_4.x86_64  CompilerName: GCC  CompilerVersion: 8.4.0
ProgramName: mri_info  ProgramArguments: mri_info -all-info  ProgramVersion: 7.3.2  TimeStamp: 2026/03/13-22:26:40-GMT  BuildTime: Aug  4 2022 06:17:15  BuildStamp: freesurfer-linux-ubuntu22_x86_64-7.3.2-20220804-6354275  User: oesteban  Machine: dna086  Platform: Linux  PlatformVersion: 5.14.0-427.37.1.el9_4.x86_64  CompilerName: GCC  CompilerVersion: 8.4.0
ProgramName: mri_label2label  ProgramArguments: mri_label2label -all-info  ProgramVersion: 7.3.2  TimeStamp: 2026/03/13-22:26:40-GMT  BuildTime: Aug  4 2022 06:17:15  BuildStamp: freesurfer-linux-ubuntu22_x86_64-7.3.2-20220804-6354275  User: oesteban  Machine: dna086  Platform: Linux  PlatformVersion: 5.14.0-427.37.1.el9_4.x86_64  CompilerName: GCC  CompilerVersion: 8.4.0
ProgramName: mri_label2vol  ProgramArguments: mri_label2vol -all-info  ProgramVersion: 7.3.2  TimeStamp: 2026/03/13-22:26:40-GMT  BuildTime: Aug  4 2022 06:17:15  BuildStamp: freesurfer-linux-ubuntu22_x86_64-7.3.2-20220804-6354275  User: oesteban  Machine: dna086  Platform: Linux  PlatformVersion: 5.14.0-427.37.1.el9_4.x86_64  CompilerName: GCC  CompilerVersion: 8.4.0
ProgramName: mri_log_likelihood  ProgramArguments: mri_log_likelihood -all-info  ProgramVersion: 7.3.2  TimeStamp: 2026/03/13-22:26:40-GMT  BuildTime: Aug  4 2022 06:17:15  BuildStamp: freesurfer-linux-ubuntu22_x86_64-7.3.2-20220804-6354275  User: oesteban  Machine: dna086  Platform: Linux  PlatformVersion: 5.14.0-427.37.1.el9_4.x86_64  CompilerName: GCC  CompilerVersion: 8.4.0
ProgramName: mri_mask  ProgramArguments: mri_mask -all-info  ProgramVersion: 7.3.2  TimeStamp: 2026/03/13-22:26:40-GMT  BuildTime: Aug  4 2022 06:17:15  BuildStamp: freesurfer-linux-ubuntu22_x86_64-7.3.2-20220804-6354275  User: oesteban  Machine: dna086  Platform: Linux  PlatformVersion: 5.14.0-427.37.1.el9_4.x86_64  CompilerName: GCC  CompilerVersion: 8.4.0
ProgramName: mri_matrix_multiply  ProgramArguments: mri_matrix_multiply -all-info  ProgramVersion: 7.3.2  TimeStamp: 2026/03/13-22:26:40-GMT  BuildTime: Aug  4 2022 06:17:15  BuildStamp: freesurfer-linux-ubuntu22_x86_64-7.3.2-20220804-6354275  User: oesteban  Machine: dna086  Platform: Linux  PlatformVersion: 5.14.0-427.37.1.el9_4.x86_64  CompilerName: GCC  CompilerVersion: 8.4.0
ProgramName: mri_normalize  ProgramArguments: mri_normalize -all-info  ProgramVersion: 7.3.2  TimeStamp: 2026/03/13-22:26:40-GMT  BuildTime: Aug  4 2022 06:17:15  BuildStamp: freesurfer-linux-ubuntu22_x86_64-7.3.2-20220804-6354275  User: oesteban  Machine: dna086  Platform: Linux  PlatformVersion: 5.14.0-427.37.1.el9_4.x86_64  CompilerName: GCC  CompilerVersion: 8.4.0
ProgramName: mri_normalize_tp2  ProgramArguments: mri_normalize_tp2 -all-info  ProgramVersion: 7.3.2  TimeStamp: 2026/03/13-22:26:40-GMT  BuildTime: Aug  4 2022 06:17:15  BuildStamp: freesurfer-linux-ubuntu22_x86_64-7.3.2-20220804-6354275  User: oesteban  Machine: dna086  Platform: Linux  PlatformVersion: 5.14.0-427.37.1.el9_4.x86_64  CompilerName: GCC  CompilerVersion: 8.4.0
ProgramName: mri_or  ProgramArguments: mri_or -all-info  ProgramVersion: 7.3.2  TimeStamp: 2026/03/13-22:26:40-GMT  BuildTime: Aug  4 2022 06:17:15  BuildStamp: freesurfer-linux-ubuntu22_x86_64-7.3.2-20220804-6354275  User: oesteban  Machine: dna086  Platform: Linux  PlatformVersion: 5.14.0-427.37.1.el9_4.x86_64  CompilerName: GCC  CompilerVersion: 8.4.0
ProgramName: mri_relabel_hypointensities  ProgramArguments: mri_relabel_hypointensities -all-info  ProgramVersion: 7.3.2  TimeStamp: 2026/03/13-22:26:40-GMT  BuildTime: Aug  4 2022 06:17:15  BuildStamp: freesurfer-linux-ubuntu22_x86_64-7.3.2-20220804-6354275  User: oesteban  Machine: dna086  Platform: Linux  PlatformVersion: 5.14.0-427.37.1.el9_4.x86_64  CompilerName: GCC  CompilerVersion: 8.4.0
ProgramName: mri_relabel_nonwm_hypos  ProgramArguments: mri_relabel_nonwm_hypos -all-info  ProgramVersion: 7.3.2  TimeStamp: 2026/03/13-22:26:40-GMT  BuildTime: Aug  4 2022 06:17:15  BuildStamp: freesurfer-linux-ubuntu22_x86_64-7.3.2-20220804-6354275  User: oesteban  Machine: dna086  Platform: Linux  PlatformVersion: 5.14.0-427.37.1.el9_4.x86_64  CompilerName: GCC  CompilerVersion: 8.4.0
ProgramName: mri_remove_neck  ProgramArguments: mri_remove_neck -all-info  ProgramVersion: 7.3.2  TimeStamp: 2026/03/13-22:26:40-GMT  BuildTime: Aug  4 2022 06:17:15  BuildStamp: freesurfer-linux-ubuntu22_x86_64-7.3.2-20220804-6354275  User: oesteban  Machine: dna086  Platform: Linux  PlatformVersion: 5.14.0-427.37.1.el9_4.x86_64  CompilerName: GCC  CompilerVersion: 8.4.0
7.3.2

ProgramName: mri_robust_register  ProgramArguments: mri_robust_register -all-info  ProgramVersion: 7.3.2  TimeStamp: 2026/03/13-22:26:40-GMT  BuildTime: Aug  4 2022 06:17:15  BuildStamp: freesurfer-linux-ubuntu22_x86_64-7.3.2-20220804-6354275  User: oesteban  Machine: dna086  Platform: Linux  PlatformVersion: 5.14.0-427.37.1.el9_4.x86_64  CompilerName: GCC  CompilerVersion: 8.4.0
7.3.2

ProgramName: mri_robust_template  ProgramArguments: mri_robust_template -all-info  ProgramVersion: 7.3.2  TimeStamp: 2026/03/13-22:26:40-GMT  BuildTime: Aug  4 2022 06:17:15  BuildStamp: freesurfer-linux-ubuntu22_x86_64-7.3.2-20220804-6354275  User: oesteban  Machine: dna086  Platform: Linux  PlatformVersion: 5.14.0-427.37.1.el9_4.x86_64  CompilerName: GCC  CompilerVersion: 8.4.0
ProgramName: mris_anatomical_stats  ProgramArguments: mris_anatomical_stats -all-info  ProgramVersion: 7.3.2  TimeStamp: 2026/03/13-22:26:40-GMT  BuildTime: Aug  4 2022 06:17:15  BuildStamp: freesurfer-linux-ubuntu22_x86_64-7.3.2-20220804-6354275  User: oesteban  Machine: dna086  Platform: Linux  PlatformVersion: 5.14.0-427.37.1.el9_4.x86_64  CompilerName: GCC  CompilerVersion: 8.4.0
ProgramName: mris_ca_label  ProgramArguments: mris_ca_label -all-info  ProgramVersion: 7.3.2  TimeStamp: 2026/03/13-22:26:40-GMT  BuildTime: Aug  4 2022 06:17:15  BuildStamp: freesurfer-linux-ubuntu22_x86_64-7.3.2-20220804-6354275  User: oesteban  Machine: dna086  Platform: Linux  PlatformVersion: 5.14.0-427.37.1.el9_4.x86_64  CompilerName: GCC  CompilerVersion: 8.4.0
ProgramName: mris_calc  ProgramArguments: mris_calc -all-info  ProgramVersion: 7.3.2  TimeStamp: 2026/03/13-22:26:40-GMT  BuildTime: Aug  4 2022 06:17:15  BuildStamp: freesurfer-linux-ubuntu22_x86_64-7.3.2-20220804-6354275  User: oesteban  Machine: dna086  Platform: Linux  PlatformVersion: 5.14.0-427.37.1.el9_4.x86_64  CompilerName: GCC  CompilerVersion: 8.4.0
ProgramName: mris_convert  ProgramArguments: mris_convert -all-info  ProgramVersion: 7.3.2  TimeStamp: 2026/03/13-22:26:40-GMT  BuildTime: Aug  4 2022 06:17:15  BuildStamp: freesurfer-linux-ubuntu22_x86_64-7.3.2-20220804-6354275  User: oesteban  Machine: dna086  Platform: Linux  PlatformVersion: 5.14.0-427.37.1.el9_4.x86_64  CompilerName: GCC  CompilerVersion: 8.4.0
ProgramName: mris_curvature  ProgramArguments: mris_curvature -all-info  ProgramVersion: 7.3.2  TimeStamp: 2026/03/13-22:26:40-GMT  BuildTime: Aug  4 2022 06:17:15  BuildStamp: freesurfer-linux-ubuntu22_x86_64-7.3.2-20220804-6354275  User: oesteban  Machine: dna086  Platform: Linux  PlatformVersion: 5.14.0-427.37.1.el9_4.x86_64  CompilerName: GCC  CompilerVersion: 8.4.0
ProgramName: mris_curvature_stats  ProgramArguments: mris_curvature_stats -all-info  ProgramVersion: 7.3.2  TimeStamp: 2026/03/13-22:26:40-GMT  BuildTime: Aug  4 2022 06:17:15  BuildStamp: freesurfer-linux-ubuntu22_x86_64-7.3.2-20220804-6354275  User: oesteban  Machine: dna086  Platform: Linux  PlatformVersion: 5.14.0-427.37.1.el9_4.x86_64  CompilerName: GCC  CompilerVersion: 8.4.0
ProgramName: mris_diff  ProgramArguments: mris_diff -all-info  ProgramVersion: 7.3.2  TimeStamp: 2026/03/13-22:26:40-GMT  BuildTime: Aug  4 2022 06:17:15  BuildStamp: freesurfer-linux-ubuntu22_x86_64-7.3.2-20220804-6354275  User: oesteban  Machine: dna086  Platform: Linux  PlatformVersion: 5.14.0-427.37.1.el9_4.x86_64  CompilerName: GCC  CompilerVersion: 8.4.0
ProgramName: mris_divide_parcellation  ProgramArguments: mris_divide_parcellation -all-info  ProgramVersion: 7.3.2  TimeStamp: 2026/03/13-22:26:40-GMT  BuildTime: Aug  4 2022 06:17:15  BuildStamp: freesurfer-linux-ubuntu22_x86_64-7.3.2-20220804-6354275  User: oesteban  Machine: dna086  Platform: Linux  PlatformVersion: 5.14.0-427.37.1.el9_4.x86_64  CompilerName: GCC  CompilerVersion: 8.4.0
ProgramName: mri_segment  ProgramArguments: mri_segment -all-info  ProgramVersion: 7.3.2  TimeStamp: 2026/03/13-22:26:40-GMT  BuildTime: Aug  4 2022 06:17:15  BuildStamp: freesurfer-linux-ubuntu22_x86_64-7.3.2-20220804-6354275  User: oesteban  Machine: dna086  Platform: Linux  PlatformVersion: 5.14.0-427.37.1.el9_4.x86_64  CompilerName: GCC  CompilerVersion: 8.4.0
ProgramName: mri_segstats  ProgramArguments: mri_segstats -all-info  ProgramVersion: 7.3.2  TimeStamp: 2026/03/13-22:26:40-GMT  BuildTime: Aug  4 2022 06:17:15  BuildStamp: freesurfer-linux-ubuntu22_x86_64-7.3.2-20220804-6354275  User: oesteban  Machine: dna086  Platform: Linux  PlatformVersion: 5.14.0-427.37.1.el9_4.x86_64  CompilerName: GCC  CompilerVersion: 8.4.0
ProgramName: mris_euler_number  ProgramArguments: mris_euler_number -all-info  ProgramVersion: 7.3.2  TimeStamp: 2026/03/13-22:26:40-GMT  BuildTime: Aug  4 2022 06:17:15  BuildStamp: freesurfer-linux-ubuntu22_x86_64-7.3.2-20220804-6354275  User: oesteban  Machine: dna086  Platform: Linux  PlatformVersion: 5.14.0-427.37.1.el9_4.x86_64  CompilerName: GCC  CompilerVersion: 8.4.0
ProgramName: mris_fix_topology  ProgramArguments: mris_fix_topology -all-info  ProgramVersion: 7.3.2  TimeStamp: 2026/03/13-22:26:40-GMT  BuildTime: Aug  4 2022 06:17:15  BuildStamp: freesurfer-linux-ubuntu22_x86_64-7.3.2-20220804-6354275  User: oesteban  Machine: dna086  Platform: Linux  PlatformVersion: 5.14.0-427.37.1.el9_4.x86_64  CompilerName: GCC  CompilerVersion: 8.4.0
ProgramName: mris_topo_fixer  ProgramArguments: mris_topo_fixer -all-info  ProgramVersion: 7.3.2  TimeStamp: 2026/03/13-22:26:40-GMT  BuildTime: Aug  4 2022 06:17:15  BuildStamp: freesurfer-linux-ubuntu22_x86_64-7.3.2-20220804-6354275  User: oesteban  Machine: dna086  Platform: Linux  PlatformVersion: 5.14.0-427.37.1.el9_4.x86_64  CompilerName: GCC  CompilerVersion: 8.4.0
ProgramName: mris_jacobian  ProgramArguments: mris_jacobian -all-info  ProgramVersion: 7.3.2  TimeStamp: 2026/03/13-22:26:40-GMT  BuildTime: Aug  4 2022 06:17:15  BuildStamp: freesurfer-linux-ubuntu22_x86_64-7.3.2-20220804-6354275  User: oesteban  Machine: dna086  Platform: Linux  PlatformVersion: 5.14.0-427.37.1.el9_4.x86_64  CompilerName: GCC  CompilerVersion: 8.4.0
ProgramName: mris_label2annot  ProgramArguments: mris_label2annot -all-info  ProgramVersion: 7.3.2  TimeStamp: 2026/03/13-22:26:40-GMT  BuildTime: Aug  4 2022 06:17:15  BuildStamp: freesurfer-linux-ubuntu22_x86_64-7.3.2-20220804-6354275  User: oesteban  Machine: dna086  Platform: Linux  PlatformVersion: 5.14.0-427.37.1.el9_4.x86_64  CompilerName: GCC  CompilerVersion: 8.4.0
ProgramName: mris_left_right_register  ProgramArguments: mris_left_right_register -all-info  ProgramVersion: 7.3.2  TimeStamp: 2026/03/13-22:26:40-GMT  BuildTime: Aug  4 2022 06:17:15  BuildStamp: freesurfer-linux-ubuntu22_x86_64-7.3.2-20220804-6354275  User: oesteban  Machine: dna086  Platform: Linux  PlatformVersion: 5.14.0-427.37.1.el9_4.x86_64  CompilerName: GCC  CompilerVersion: 8.4.0
ProgramName: mris_place_surface  ProgramArguments: mris_place_surface -all-info  ProgramVersion: 7.3.2  TimeStamp: 2026/03/13-22:26:40-GMT  BuildTime: Aug  4 2022 06:17:15  BuildStamp: freesurfer-linux-ubuntu22_x86_64-7.3.2-20220804-6354275  User: oesteban  Machine: dna086  Platform: Linux  PlatformVersion: 5.14.0-427.37.1.el9_4.x86_64  CompilerName: GCC  CompilerVersion: 8.4.0
ProgramName: mrisp_paint  ProgramArguments: mrisp_paint -all-info  ProgramVersion: 7.3.2  TimeStamp: 2026/03/13-22:26:40-GMT  BuildTime: Aug  4 2022 06:17:15  BuildStamp: freesurfer-linux-ubuntu22_x86_64-7.3.2-20220804-6354275  User: oesteban  Machine: dna086  Platform: Linux  PlatformVersion: 5.14.0-427.37.1.el9_4.x86_64  CompilerName: GCC  CompilerVersion: 8.4.0
ProgramName: mris_register  ProgramArguments: mris_register -all-info  ProgramVersion: 7.3.2  TimeStamp: 2026/03/13-22:26:40-GMT  BuildTime: Aug  4 2022 06:17:15  BuildStamp: freesurfer-linux-ubuntu22_x86_64-7.3.2-20220804-6354275  User: oesteban  Machine: dna086  Platform: Linux  PlatformVersion: 5.14.0-427.37.1.el9_4.x86_64  CompilerName: GCC  CompilerVersion: 8.4.0
ProgramName: mris_smooth  ProgramArguments: mris_smooth -all-info  ProgramVersion: 7.3.2  TimeStamp: 2026/03/13-22:26:40-GMT  BuildTime: Aug  4 2022 06:17:15  BuildStamp: freesurfer-linux-ubuntu22_x86_64-7.3.2-20220804-6354275  User: oesteban  Machine: dna086  Platform: Linux  PlatformVersion: 5.14.0-427.37.1.el9_4.x86_64  CompilerName: GCC  CompilerVersion: 8.4.0
ProgramName: mris_sphere  ProgramArguments: mris_sphere -all-info  ProgramVersion: 7.3.2  TimeStamp: 2026/03/13-22:26:40-GMT  BuildTime: Aug  4 2022 06:17:15  BuildStamp: freesurfer-linux-ubuntu22_x86_64-7.3.2-20220804-6354275  User: oesteban  Machine: dna086  Platform: Linux  PlatformVersion: 5.14.0-427.37.1.el9_4.x86_64  CompilerName: GCC  CompilerVersion: 8.4.0
ProgramName: mris_surface_stats  ProgramArguments: mris_surface_stats -all-info  ProgramVersion: 7.3.2  TimeStamp: 2026/03/13-22:26:40-GMT  BuildTime: Aug  4 2022 06:17:15  BuildStamp: freesurfer-linux-ubuntu22_x86_64-7.3.2-20220804-6354275  User: oesteban  Machine: dna086  Platform: Linux  PlatformVersion: 5.14.0-427.37.1.el9_4.x86_64  CompilerName: GCC  CompilerVersion: 8.4.0
ProgramName: mri_stats2seg  ProgramArguments: mri_stats2seg -all-info  ProgramVersion: 7.3.2  TimeStamp: 2026/03/13-22:26:40-GMT  BuildTime: Aug  4 2022 06:17:15  BuildStamp: freesurfer-linux-ubuntu22_x86_64-7.3.2-20220804-6354275  User: oesteban  Machine: dna086  Platform: Linux  PlatformVersion: 5.14.0-427.37.1.el9_4.x86_64  CompilerName: GCC  CompilerVersion: 8.4.0
ProgramName: mris_thickness  ProgramArguments: mris_thickness -all-info  ProgramVersion: 7.3.2  TimeStamp: 2026/03/13-22:26:40-GMT  BuildTime: Aug  4 2022 06:17:15  BuildStamp: freesurfer-linux-ubuntu22_x86_64-7.3.2-20220804-6354275  User: oesteban  Machine: dna086  Platform: Linux  PlatformVersion: 5.14.0-427.37.1.el9_4.x86_64  CompilerName: GCC  CompilerVersion: 8.4.0
ProgramName: mris_thickness_diff  ProgramArguments: mris_thickness_diff -all-info  ProgramVersion: 7.3.2  TimeStamp: 2026/03/13-22:26:40-GMT  BuildTime: Aug  4 2022 06:17:15  BuildStamp: freesurfer-linux-ubuntu22_x86_64-7.3.2-20220804-6354275  User: oesteban  Machine: dna086  Platform: Linux  PlatformVersion: 5.14.0-427.37.1.el9_4.x86_64  CompilerName: GCC  CompilerVersion: 8.4.0
ProgramName: mris_topo_fixer  ProgramArguments: mris_topo_fixer -all-info  ProgramVersion: 7.3.2  TimeStamp: 2026/03/13-22:26:40-GMT  BuildTime: Aug  4 2022 06:17:15  BuildStamp: freesurfer-linux-ubuntu22_x86_64-7.3.2-20220804-6354275  User: oesteban  Machine: dna086  Platform: Linux  PlatformVersion: 5.14.0-427.37.1.el9_4.x86_64  CompilerName: GCC  CompilerVersion: 8.4.0
ProgramName: mri_surf2surf  ProgramArguments: mri_surf2surf -all-info  ProgramVersion: 7.3.2  TimeStamp: 2026/03/13-22:26:40-GMT  BuildTime: Aug  4 2022 06:17:15  BuildStamp: freesurfer-linux-ubuntu22_x86_64-7.3.2-20220804-6354275  User: oesteban  Machine: dna086  Platform: Linux  PlatformVersion: 5.14.0-427.37.1.el9_4.x86_64  CompilerName: GCC  CompilerVersion: 8.4.0
ProgramName: mri_surf2vol  ProgramArguments: mri_surf2vol -all-info  ProgramVersion: 7.3.2  TimeStamp: 2026/03/13-22:26:40-GMT  BuildTime: Aug  4 2022 06:17:15  BuildStamp: freesurfer-linux-ubuntu22_x86_64-7.3.2-20220804-6354275  User: oesteban  Machine: dna086  Platform: Linux  PlatformVersion: 5.14.0-427.37.1.el9_4.x86_64  CompilerName: GCC  CompilerVersion: 8.4.0
ProgramName: mri_surfcluster  ProgramArguments: mri_surfcluster -all-info  ProgramVersion: 7.3.2  TimeStamp: 2026/03/13-22:26:40-GMT  BuildTime: Aug  4 2022 06:17:15  BuildStamp: freesurfer-linux-ubuntu22_x86_64-7.3.2-20220804-6354275  User: oesteban  Machine: dna086  Platform: Linux  PlatformVersion: 5.14.0-427.37.1.el9_4.x86_64  CompilerName: GCC  CompilerVersion: 8.4.0
ProgramName: mris_volmask  ProgramArguments: mris_volmask -all-info  ProgramVersion: 7.3.2  TimeStamp: 2026/03/13-22:26:40-GMT  BuildTime: Aug  4 2022 06:17:15  BuildStamp: freesurfer-linux-ubuntu22_x86_64-7.3.2-20220804-6354275  User: oesteban  Machine: dna086  Platform: Linux  PlatformVersion: 5.14.0-427.37.1.el9_4.x86_64  CompilerName: GCC  CompilerVersion: 8.4.0
ProgramName: mri_tessellate  ProgramArguments: mri_tessellate -all-info  ProgramVersion: 7.3.2  TimeStamp: 2026/03/13-22:26:40-GMT  BuildTime: Aug  4 2022 06:17:15  BuildStamp: freesurfer-linux-ubuntu22_x86_64-7.3.2-20220804-6354275  User: oesteban  Machine: dna086  Platform: Linux  PlatformVersion: 5.14.0-427.37.1.el9_4.x86_64  CompilerName: GCC  CompilerVersion: 8.4.0
ProgramName: mri_vol2surf  ProgramArguments: mri_vol2surf -all-info  ProgramVersion: 7.3.2  TimeStamp: 2026/03/13-22:26:40-GMT  BuildTime: Aug  4 2022 06:17:15  BuildStamp: freesurfer-linux-ubuntu22_x86_64-7.3.2-20220804-6354275  User: oesteban  Machine: dna086  Platform: Linux  PlatformVersion: 5.14.0-427.37.1.el9_4.x86_64  CompilerName: GCC  CompilerVersion: 8.4.0
ProgramName: mri_vol2vol  ProgramArguments: mri_vol2vol -all-info  ProgramVersion: 7.3.2  TimeStamp: 2026/03/13-22:26:40-GMT  BuildTime: Aug  4 2022 06:17:15  BuildStamp: freesurfer-linux-ubuntu22_x86_64-7.3.2-20220804-6354275  User: oesteban  Machine: dna086  Platform: Linux  PlatformVersion: 5.14.0-427.37.1.el9_4.x86_64  CompilerName: GCC  CompilerVersion: 8.4.0
ProgramName: mri_voldiff  ProgramArguments: mri_voldiff -all-info  ProgramVersion: 7.3.2  TimeStamp: 2026/03/13-22:26:40-GMT  BuildTime: Aug  4 2022 06:17:15  BuildStamp: freesurfer-linux-ubuntu22_x86_64-7.3.2-20220804-6354275  User: oesteban  Machine: dna086  Platform: Linux  PlatformVersion: 5.14.0-427.37.1.el9_4.x86_64  CompilerName: GCC  CompilerVersion: 8.4.0
ProgramName: mri_watershed  ProgramArguments: mri_watershed -all-info  ProgramVersion: 7.3.2  TimeStamp: 2026/03/13-22:26:40-GMT  BuildTime: Aug  4 2022 06:17:15  BuildStamp: freesurfer-linux-ubuntu22_x86_64-7.3.2-20220804-6354275  User: oesteban  Machine: dna086  Platform: Linux  PlatformVersion: 5.14.0-427.37.1.el9_4.x86_64  CompilerName: GCC  CompilerVersion: 8.4.0
ProgramName: tkregister2  ProgramArguments: tkregister2_cmdl -all-info  ProgramVersion: 7.3.2  TimeStamp: 2026/03/13-22:26:40-GMT  BuildTime: Aug  4 2022 06:17:15  BuildStamp: freesurfer-linux-ubuntu22_x86_64-7.3.2-20220804-6354275  User: oesteban  Machine: dna086  Platform: Linux  PlatformVersion: 5.14.0-427.37.1.el9_4.x86_64  CompilerName: GCC  CompilerVersion: 8.4.0
mri_motion_correct.fsl 7.3.2
mri_convert -all-info 
ProgramName: mri_convert  ProgramArguments: mri_convert -all-info  ProgramVersion: 7.3.2  TimeStamp: 2026/03/13-22:26:40-GMT  BuildTime: Aug  4 2022 06:17:15  BuildStamp: freesurfer-linux-ubuntu22_x86_64-7.3.2-20220804-6354275  User: oesteban  Machine: dna086  Platform: Linux  PlatformVersion: 5.14.0-427.37.1.el9_4.x86_64  CompilerName: GCC  CompilerVersion: 8.4.0
Program nu_correct, built from:
Package MNI N3, version 1.12.0, compiled by nicks@terrier (x86_64-unknown-linux-gnu) on 2015-06-19 at 01:25:34
#######################################
GCADIR /opt/freesurfer/average
GCA RB_all_2020-01-02.gca
GCASkull RB_all_withskull_2020_01_02.gca
AvgCurvTif folding.atlas.acfb40.noaparc.i12.2016-08-02.tif
GCSDIR /opt/freesurfer/average
GCS DKaparc.atlas.acfb40.noaparc.i12.2016-08-02.gcs
#######################################
#-------------------------------------
#@# EM Registration Fri Mar 13 23:26:40 CET 2026
/out/sourcedata/freesurfer/sub-v2s7x29679_ses-1/mri

 mri_em_register -uns 3 -mask brainmask.mgz nu.mgz /opt/freesurfer/average/RB_all_2020-01-02.gca transforms/talairach.lta 

setting unknown_nbr_spacing = 3
using MR volume brainmask.mgz to mask input volume...

== Number of threads available to mri_em_register for OpenMP = 16 == 
reading 1 input volumes...
logging results to talairach.log
reading '/opt/freesurfer/average/RB_all_2020-01-02.gca'...
GCAread took 0 minutes and 1 seconds.
average std = 7.2   using min determinant for regularization = 5.2
0 singular and 884 ill-conditioned covariance matrices regularized
reading 'nu.mgz'...
MRImask(): AllowDiffGeom = 1
MRImask(): AllowDiffGeom = 1
MRImask(): AllowDiffGeom = 1
MRImask(): AllowDiffGeom = 1
MRImask(): AllowDiffGeom = 1
freeing gibbs priors...done.
accounting for voxel sizes in initial transform
bounding unknown intensity as < 5.9 or > 519.0 
total sample mean = 79.1 (1017 zeros)
************************************************
spacing=8, using 2841 sample points, tol=1.00e-05...
************************************************
register_mri: find_optimal_transform
find_optimal_transform: nsamples 2841, passno 0, spacing 8
resetting wm mean[0]: 98 --> 107
resetting gm mean[0]: 61 --> 61
input volume #1 is the most T1-like
using real data threshold=23.1
skull bounding box = (60, 69, 43) --> (199, 201, 208)
finding center of left hemi white matter
using (106, 113, 126) as brain centroid of Right_Cerebral_White_Matter...
MRImask(): AllowDiffGeom = 1
mean wm in atlas = 107, using box (89,97,106) --> (123, 129,146) to find MRI wm
before smoothing, mri peak at 110
robust fit to distribution - 109 +- 3.1
after smoothing, mri peak at 109, scaling input intensities by 0.982
scaling channel 0 by 0.981651
initial log_p = -4.175
************************************************
First Search limited to translation only.
************************************************
max log p =    -3.843148 @ (-10.526, -10.526, -10.526)
max log p =    -3.592997 @ (5.263, 5.263, -5.263)
max log p =    -3.485007 @ (2.632, -2.632, -2.632)
max log p =    -3.450115 @ (-1.316, -1.316, 1.316)
max log p =    -3.437240 @ (0.658, -0.658, 1.974)
max log p =    -3.426195 @ (-0.987, -0.329, -0.329)
max log p =    -3.426195 @ (0.000, 0.000, 0.000)
max log p =    -3.426195 @ (0.000, 0.000, 0.000)
Found translation: (-4.3, -10.2, -15.5): log p = -3.426
****************************************
Nine parameter search.  iteration 0 nscales = 0 ...
****************************************
Result so far: scale 1.000: max_log_p=-3.304, old_max_log_p =-3.426 (thresh=-3.4)
 1.07500   0.00000   0.00000  -14.10721;
 0.00000   1.06580   0.14032  -35.67965;
 0.00000  -0.13053   0.99144   2.47515;
 0.00000   0.00000   0.00000   1.00000;
iteration took 0 minutes and 11 seconds.
****************************************
Nine parameter search.  iteration 1 nscales = 0 ...
****************************************
Result so far: scale 1.000: max_log_p=-3.304, old_max_log_p =-3.304 (thresh=-3.3)
 1.07500   0.00000   0.00000  -14.10721;
 0.00000   1.06580   0.14032  -35.67965;
 0.00000  -0.13053   0.99144   2.47515;
 0.00000   0.00000   0.00000   1.00000;
reducing scale to 0.2500
iteration took 0 minutes and 10 seconds.
****************************************
Nine parameter search.  iteration 2 nscales = 1 ...
****************************************
Result so far: scale 0.250: max_log_p=-3.140, old_max_log_p =-3.304 (thresh=-3.3)
 1.01491  -0.03029  -0.00481  -1.72246;
 0.03909   1.08667   0.24433  -55.95573;
-0.00239  -0.23558   0.97268   22.40767;
 0.00000   0.00000   0.00000   1.00000;
iteration took 0 minutes and 11 seconds.
****************************************
Nine parameter search.  iteration 3 nscales = 1 ...
****************************************
Result so far: scale 0.250: max_log_p=-3.140, old_max_log_p =-3.140 (thresh=-3.1)
 1.01491  -0.03029  -0.00481  -1.72246;
 0.03909   1.08667   0.24433  -55.95573;
-0.00239  -0.23558   0.97268   22.40767;
 0.00000   0.00000   0.00000   1.00000;
reducing scale to 0.0625
iteration took 0 minutes and 11 seconds.
****************************************
Nine parameter search.  iteration 4 nscales = 2 ...
****************************************
Result so far: scale 0.062: max_log_p=-3.106, old_max_log_p =-3.140 (thresh=-3.1)
 1.01677  -0.04287   0.00932  -1.98462;
 0.04753   1.09262   0.22900  -56.50977;
-0.01840  -0.21776   0.97879   21.46954;
 0.00000   0.00000   0.00000   1.00000;
iteration took 0 minutes and 10 seconds.
****************************************
Nine parameter search.  iteration 5 nscales = 2 ...
****************************************
Result so far: scale 0.062: max_log_p=-3.106, old_max_log_p =-3.106 (thresh=-3.1)
 1.01677  -0.04287   0.00932  -1.98462;
 0.04753   1.09262   0.22900  -56.50977;
-0.01840  -0.21776   0.97879   21.46954;
 0.00000   0.00000   0.00000   1.00000;
min search scale 0.025000 reached
***********************************************
Computing MAP estimate using 2841 samples...
***********************************************
dt = 5.00e-06, momentum=0.80, tol=1.00e-05
l_intensity = 1.0000
Aligning input volume to GCA...
Transform matrix
 1.01677  -0.04287   0.00932  -1.98462;
 0.04753   1.09262   0.22900  -56.50977;
-0.01840  -0.21776   0.97879   21.46954;
 0.00000   0.00000   0.00000   1.00000;
nsamples 2841
Quasinewton: input matrix
 1.01677  -0.04287   0.00932  -1.98462;
 0.04753   1.09262   0.22900  -56.50977;
-0.01840  -0.21776   0.97879   21.46954;
 0.00000   0.00000   0.00000   1.00000;
 IFLAG= -1  LINE SEARCH FAILED. SEE DOCUMENTATION OF ROUTINE MCSRCH ERROR RETURN OF LINE SEARCH: INFO= 4 POSSIBLE CAUSES: FUNCTION OR GRADIENT ARE INCORRECT OR INCORRECT TOLERANCESoutof QuasiNewtonEMA: 008: -log(p) =   -0.0  tol 0.000010
Resulting transform:
 1.01677  -0.04287   0.00932  -1.98462;
 0.04753   1.09262   0.22900  -56.50977;
-0.01840  -0.21776   0.97879   21.46954;
 0.00000   0.00000   0.00000   1.00000;

pass 1, spacing 8: log(p) = -3.106 (old=-4.175)
transform before final EM align:
 1.01677  -0.04287   0.00932  -1.98462;
 0.04753   1.09262   0.22900  -56.50977;
-0.01840  -0.21776   0.97879   21.46954;
 0.00000   0.00000   0.00000   1.00000;

**************************************************
 EM alignment process ...
 Computing final MAP estimate using 315638 samples. 
**************************************************
dt = 5.00e-06, momentum=0.80, tol=1.00e-07
l_intensity = 1.0000
Aligning input volume to GCA...
Transform matrix
 1.01677  -0.04287   0.00932  -1.98462;
 0.04753   1.09262   0.22900  -56.50977;
-0.01840  -0.21776   0.97879   21.46954;
 0.00000   0.00000   0.00000   1.00000;
nsamples 315638
Quasinewton: input matrix
 1.01677  -0.04287   0.00932  -1.98462;
 0.04753   1.09262   0.22900  -56.50977;
-0.01840  -0.21776   0.97879   21.46954;
 0.00000   0.00000   0.00000   1.00000;
 IFLAG= -1  LINE SEARCH FAILED. SEE DOCUMENTATION OF ROUTINE MCSRCH ERROR RETURN OF LINE SEARCH: INFO= 6 POSSIBLE CAUSES: FUNCTION OR GRADIENT ARE INCORRECT OR INCORRECT TOLERANCESoutof QuasiNewtonEMA: 010: -log(p) =    3.7  tol 0.000000
final transform:
 1.01677  -0.04287   0.00932  -1.98462;
 0.04753   1.09262   0.22900  -56.50977;
-0.01840  -0.21776   0.97879   21.46954;
 0.00000   0.00000   0.00000   1.00000;

writing output transformation to transforms/talairach.lta...
#VMPC# mri_em_register VmPeak  891288
FSRUNTIME@ mri_em_register  0.0256 hours 16 threads
registration took 1 minutes and 32 seconds.

Started at Fri Mar 13 23:26:40 CET 2026 
Ended   at Fri Mar 13 23:28:13 CET 2026
#@#%# recon-all-run-time-hours 0.026
recon-all -s sub-v2s7x29679_ses-1 finished without error at Fri Mar 13 23:28:13 CET 2026



#New# invocation of recon-all 




Fri Mar 13 23:28:14 CET 2026
cd /out/sourcedata/freesurfer/sub-v2s7x29679_ses-1
setenv SUBJECTS_DIR /out/sourcedata/freesurfer
/opt/freesurfer/bin/recon-all -autorecon2-volonly -openmp 16 -subjid sub-v2s7x29679_ses-1 -sd /out/sourcedata/freesurfer -nogcareg

subjid sub-v2s7x29679_ses-1
setenv SUBJECTS_DIR /out/sourcedata/freesurfer
FREESURFER_HOME /opt/freesurfer
Actual FREESURFER_HOME /opt/freesurfer
build-stamp.txt: freesurfer-linux-ubuntu22_x86_64-7.3.2-20220804-6354275
Linux dna086 5.14.0-427.37.1.el9_4.x86_64 #1 SMP PREEMPT_DYNAMIC Fri Sep 13 12:41:50 EDT 2024 x86_64 x86_64 x86_64 GNU/Linux
cputime      unlimited
filesize     unlimited
datasize     unlimited
stacksize    8192 kbytes
coredumpsize 0 kbytes
memoryuse    67108864 kbytes
vmemoryuse   unlimited
descriptors  1024 
memorylocked unlimited
maxproc      2061970 
maxlocks     unlimited
maxsignal    2062024 
maxmessage   819200 
maxnice      0 
maxrtprio    0 
maxrttime    unlimited

               total        used        free      shared  buff/cache   available
Mem:           503Gi        60Gi       394Gi        18Gi        47Gi       421Gi
Swap:             0B          0B          0B

########################################
program versions used
7.3.2 (freesurfer-linux-ubuntu22_x86_64-7.3.2-20220804-6354275)
7.3.2

ProgramName: lta_convert  ProgramArguments: lta_convert -all-info  ProgramVersion: 7.3.2  TimeStamp: 2026/03/13-22:28:14-GMT  BuildTime: Aug  4 2022 06:17:15  BuildStamp: freesurfer-linux-ubuntu22_x86_64-7.3.2-20220804-6354275  User: oesteban  Machine: dna086  Platform: Linux  PlatformVersion: 5.14.0-427.37.1.el9_4.x86_64  CompilerName: GCC  CompilerVersion: 8.4.0
ProgramName: mri_and  ProgramArguments: mri_and -all-info  ProgramVersion: 7.3.2  TimeStamp: 2026/03/13-22:28:14-GMT  BuildTime: Aug  4 2022 06:17:15  BuildStamp: freesurfer-linux-ubuntu22_x86_64-7.3.2-20220804-6354275  User: oesteban  Machine: dna086  Platform: Linux  PlatformVersion: 5.14.0-427.37.1.el9_4.x86_64  CompilerName: GCC  CompilerVersion: 8.4.0
ProgramName: mri_annotation2label  ProgramArguments: mri_annotation2label -all-info  ProgramVersion: 7.3.2  TimeStamp: 2026/03/13-22:28:14-GMT  BuildTime: Aug  4 2022 06:17:15  BuildStamp: freesurfer-linux-ubuntu22_x86_64-7.3.2-20220804-6354275  User: oesteban  Machine: dna086  Platform: Linux  PlatformVersion: 5.14.0-427.37.1.el9_4.x86_64  CompilerName: GCC  CompilerVersion: 8.4.0
ProgramName: mri_aparc2aseg  ProgramArguments: mri_aparc2aseg -all-info  ProgramVersion: 7.3.2  TimeStamp: 2026/03/13-22:28:14-GMT  BuildTime: Aug  4 2022 06:17:15  BuildStamp: freesurfer-linux-ubuntu22_x86_64-7.3.2-20220804-6354275  User: oesteban  Machine: dna086  Platform: Linux  PlatformVersion: 5.14.0-427.37.1.el9_4.x86_64  CompilerName: GCC  CompilerVersion: 8.4.0
ProgramName: mri_surf2volseg  ProgramArguments: mri_surf2volseg -all-info  ProgramVersion: 7.3.2  TimeStamp: 2026/03/13-22:28:14-GMT  BuildTime: Aug  4 2022 06:17:15  BuildStamp: freesurfer-linux-ubuntu22_x86_64-7.3.2-20220804-6354275  User: oesteban  Machine: dna086  Platform: Linux  PlatformVersion: 5.14.0-427.37.1.el9_4.x86_64  CompilerName: GCC  CompilerVersion: 8.4.0
ProgramName: mri_binarize  ProgramArguments: mri_binarize -all-info  ProgramVersion: 7.3.2  TimeStamp: 2026/03/13-22:28:14-GMT  BuildTime: Aug  4 2022 06:17:15  BuildStamp: freesurfer-linux-ubuntu22_x86_64-7.3.2-20220804-6354275  User: oesteban  Machine: dna086  Platform: Linux  PlatformVersion: 5.14.0-427.37.1.el9_4.x86_64  CompilerName: GCC  CompilerVersion: 8.4.0
ProgramName: mri_ca_label  ProgramArguments: mri_ca_label -all-info  ProgramVersion: 7.3.2  TimeStamp: 2026/03/13-22:28:14-GMT  BuildTime: Aug  4 2022 06:17:15  BuildStamp: freesurfer-linux-ubuntu22_x86_64-7.3.2-20220804-6354275  User: oesteban  Machine: dna086  Platform: Linux  PlatformVersion: 5.14.0-427.37.1.el9_4.x86_64  CompilerName: GCC  CompilerVersion: 8.4.0
ProgramName: mri_ca_normalize  ProgramArguments: mri_ca_normalize -all-info  ProgramVersion: 7.3.2  TimeStamp: 2026/03/13-22:28:14-GMT  BuildTime: Aug  4 2022 06:17:15  BuildStamp: freesurfer-linux-ubuntu22_x86_64-7.3.2-20220804-6354275  User: oesteban  Machine: dna086  Platform: Linux  PlatformVersion: 5.14.0-427.37.1.el9_4.x86_64  CompilerName: GCC  CompilerVersion: 8.4.0
ProgramName: mri_ca_register  ProgramArguments: mri_ca_register -all-info  ProgramVersion: 7.3.2  TimeStamp: 2026/03/13-22:28:14-GMT  BuildTime: Aug  4 2022 06:17:15  BuildStamp: freesurfer-linux-ubuntu22_x86_64-7.3.2-20220804-6354275  User: oesteban  Machine: dna086  Platform: Linux  PlatformVersion: 5.14.0-427.37.1.el9_4.x86_64  CompilerName: GCC  CompilerVersion: 8.4.0
ProgramName: mri_cc  ProgramArguments: mri_cc -all-info  ProgramVersion: 7.3.2  TimeStamp: 2026/03/13-22:28:14-GMT  BuildTime: Aug  4 2022 06:17:15  BuildStamp: freesurfer-linux-ubuntu22_x86_64-7.3.2-20220804-6354275  User: oesteban  Machine: dna086  Platform: Linux  PlatformVersion: 5.14.0-427.37.1.el9_4.x86_64  CompilerName: GCC  CompilerVersion: 8.4.0
ProgramName: mri_compute_overlap  ProgramArguments: mri_compute_overlap -all-info  ProgramVersion: 7.3.2  TimeStamp: 2026/03/13-22:28:14-GMT  BuildTime: Aug  4 2022 06:17:15  BuildStamp: freesurfer-linux-ubuntu22_x86_64-7.3.2-20220804-6354275  User: oesteban  Machine: dna086  Platform: Linux  PlatformVersion: 5.14.0-427.37.1.el9_4.x86_64  CompilerName: GCC  CompilerVersion: 8.4.0
ProgramName: mri_compute_seg_overlap  ProgramArguments: mri_compute_seg_overlap -all-info  ProgramVersion: 7.3.2  TimeStamp: 2026/03/13-22:28:14-GMT  BuildTime: Aug  4 2022 06:17:15  BuildStamp: freesurfer-linux-ubuntu22_x86_64-7.3.2-20220804-6354275  User: oesteban  Machine: dna086  Platform: Linux  PlatformVersion: 5.14.0-427.37.1.el9_4.x86_64  CompilerName: GCC  CompilerVersion: 8.4.0
ProgramName: mri_concat  ProgramArguments: mri_concat -all-info  ProgramVersion: 7.3.2  TimeStamp: 2026/03/13-22:28:14-GMT  BuildTime: Aug  4 2022 06:17:15  BuildStamp: freesurfer-linux-ubuntu22_x86_64-7.3.2-20220804-6354275  User: oesteban  Machine: dna086  Platform: Linux  PlatformVersion: 5.14.0-427.37.1.el9_4.x86_64  CompilerName: GCC  CompilerVersion: 8.4.0
ProgramName: mri_concatenate_lta  ProgramArguments: mri_concatenate_lta -all-info  ProgramVersion: 7.3.2  TimeStamp: 2026/03/13-22:28:14-GMT  BuildTime: Aug  4 2022 06:17:15  BuildStamp: freesurfer-linux-ubuntu22_x86_64-7.3.2-20220804-6354275  User: oesteban  Machine: dna086  Platform: Linux  PlatformVersion: 5.14.0-427.37.1.el9_4.x86_64  CompilerName: GCC  CompilerVersion: 8.4.0
mri_convert -all-info 
ProgramName: mri_convert  ProgramArguments: mri_convert -all-info  ProgramVersion: 7.3.2  TimeStamp: 2026/03/13-22:28:14-GMT  BuildTime: Aug  4 2022 06:17:15  BuildStamp: freesurfer-linux-ubuntu22_x86_64-7.3.2-20220804-6354275  User: oesteban  Machine: dna086  Platform: Linux  PlatformVersion: 5.14.0-427.37.1.el9_4.x86_64  CompilerName: GCC  CompilerVersion: 8.4.0
ProgramName: mri_diff  ProgramArguments: mri_diff -all-info  ProgramVersion: 7.3.2  TimeStamp: 2026/03/13-22:28:14-GMT  BuildTime: Aug  4 2022 06:17:15  BuildStamp: freesurfer-linux-ubuntu22_x86_64-7.3.2-20220804-6354275  User: oesteban  Machine: dna086  Platform: Linux  PlatformVersion: 5.14.0-427.37.1.el9_4.x86_64  CompilerName: GCC  CompilerVersion: 8.4.0
ProgramName: mri_edit_wm_with_aseg  ProgramArguments: mri_edit_wm_with_aseg -all-info  ProgramVersion: 7.3.2  TimeStamp: 2026/03/13-22:28:14-GMT  BuildTime: Aug  4 2022 06:17:15  BuildStamp: freesurfer-linux-ubuntu22_x86_64-7.3.2-20220804-6354275  User: oesteban  Machine: dna086  Platform: Linux  PlatformVersion: 5.14.0-427.37.1.el9_4.x86_64  CompilerName: GCC  CompilerVersion: 8.4.0
ProgramName: mri_em_register  ProgramArguments: mri_em_register -all-info  ProgramVersion: 7.3.2  TimeStamp: 2026/03/13-22:28:14-GMT  BuildTime: Aug  4 2022 06:17:15  BuildStamp: freesurfer-linux-ubuntu22_x86_64-7.3.2-20220804-6354275  User: oesteban  Machine: dna086  Platform: Linux  PlatformVersion: 5.14.0-427.37.1.el9_4.x86_64  CompilerName: GCC  CompilerVersion: 8.4.0
ProgramName: mri_fill  ProgramArguments: mri_fill -all-info  ProgramVersion: 7.3.2  TimeStamp: 2026/03/13-22:28:14-GMT  BuildTime: Aug  4 2022 06:17:15  BuildStamp: freesurfer-linux-ubuntu22_x86_64-7.3.2-20220804-6354275  User: oesteban  Machine: dna086  Platform: Linux  PlatformVersion: 5.14.0-427.37.1.el9_4.x86_64  CompilerName: GCC  CompilerVersion: 8.4.0
ProgramName: mri_fuse_segmentations  ProgramArguments: mri_fuse_segmentations -all-info  ProgramVersion: 7.3.2  TimeStamp: 2026/03/13-22:28:14-GMT  BuildTime: Aug  4 2022 06:17:15  BuildStamp: freesurfer-linux-ubuntu22_x86_64-7.3.2-20220804-6354275  User: oesteban  Machine: dna086  Platform: Linux  PlatformVersion: 5.14.0-427.37.1.el9_4.x86_64  CompilerName: GCC  CompilerVersion: 8.4.0
ProgramName: mri_fwhm  ProgramArguments: mri_fwhm -all-info  ProgramVersion: 7.3.2  TimeStamp: 2026/03/13-22:28:14-GMT  BuildTime: Aug  4 2022 06:17:15  BuildStamp: freesurfer-linux-ubuntu22_x86_64-7.3.2-20220804-6354275  User: oesteban  Machine: dna086  Platform: Linux  PlatformVersion: 5.14.0-427.37.1.el9_4.x86_64  CompilerName: GCC  CompilerVersion: 8.4.0
ProgramName: mri_gcut  ProgramArguments: mri_gcut -all-info  ProgramVersion: 7.3.2  TimeStamp: 2026/03/13-22:28:14-GMT  BuildTime: Aug  4 2022 06:17:15  BuildStamp: freesurfer-linux-ubuntu22_x86_64-7.3.2-20220804-6354275  User: oesteban  Machine: dna086  Platform: Linux  PlatformVersion: 5.14.0-427.37.1.el9_4.x86_64  CompilerName: GCC  CompilerVersion: 8.4.0
ProgramName: mri_info  ProgramArguments: mri_info -all-info  ProgramVersion: 7.3.2  TimeStamp: 2026/03/13-22:28:14-GMT  BuildTime: Aug  4 2022 06:17:15  BuildStamp: freesurfer-linux-ubuntu22_x86_64-7.3.2-20220804-6354275  User: oesteban  Machine: dna086  Platform: Linux  PlatformVersion: 5.14.0-427.37.1.el9_4.x86_64  CompilerName: GCC  CompilerVersion: 8.4.0
ProgramName: mri_label2label  ProgramArguments: mri_label2label -all-info  ProgramVersion: 7.3.2  TimeStamp: 2026/03/13-22:28:14-GMT  BuildTime: Aug  4 2022 06:17:15  BuildStamp: freesurfer-linux-ubuntu22_x86_64-7.3.2-20220804-6354275  User: oesteban  Machine: dna086  Platform: Linux  PlatformVersion: 5.14.0-427.37.1.el9_4.x86_64  CompilerName: GCC  CompilerVersion: 8.4.0
ProgramName: mri_label2vol  ProgramArguments: mri_label2vol -all-info  ProgramVersion: 7.3.2  TimeStamp: 2026/03/13-22:28:14-GMT  BuildTime: Aug  4 2022 06:17:15  BuildStamp: freesurfer-linux-ubuntu22_x86_64-7.3.2-20220804-6354275  User: oesteban  Machine: dna086  Platform: Linux  PlatformVersion: 5.14.0-427.37.1.el9_4.x86_64  CompilerName: GCC  CompilerVersion: 8.4.0
ProgramName: mri_log_likelihood  ProgramArguments: mri_log_likelihood -all-info  ProgramVersion: 7.3.2  TimeStamp: 2026/03/13-22:28:14-GMT  BuildTime: Aug  4 2022 06:17:15  BuildStamp: freesurfer-linux-ubuntu22_x86_64-7.3.2-20220804-6354275  User: oesteban  Machine: dna086  Platform: Linux  PlatformVersion: 5.14.0-427.37.1.el9_4.x86_64  CompilerName: GCC  CompilerVersion: 8.4.0
ProgramName: mri_mask  ProgramArguments: mri_mask -all-info  ProgramVersion: 7.3.2  TimeStamp: 2026/03/13-22:28:14-GMT  BuildTime: Aug  4 2022 06:17:15  BuildStamp: freesurfer-linux-ubuntu22_x86_64-7.3.2-20220804-6354275  User: oesteban  Machine: dna086  Platform: Linux  PlatformVersion: 5.14.0-427.37.1.el9_4.x86_64  CompilerName: GCC  CompilerVersion: 8.4.0
ProgramName: mri_matrix_multiply  ProgramArguments: mri_matrix_multiply -all-info  ProgramVersion: 7.3.2  TimeStamp: 2026/03/13-22:28:14-GMT  BuildTime: Aug  4 2022 06:17:15  BuildStamp: freesurfer-linux-ubuntu22_x86_64-7.3.2-20220804-6354275  User: oesteban  Machine: dna086  Platform: Linux  PlatformVersion: 5.14.0-427.37.1.el9_4.x86_64  CompilerName: GCC  CompilerVersion: 8.4.0
ProgramName: mri_normalize  ProgramArguments: mri_normalize -all-info  ProgramVersion: 7.3.2  TimeStamp: 2026/03/13-22:28:14-GMT  BuildTime: Aug  4 2022 06:17:15  BuildStamp: freesurfer-linux-ubuntu22_x86_64-7.3.2-20220804-6354275  User: oesteban  Machine: dna086  Platform: Linux  PlatformVersion: 5.14.0-427.37.1.el9_4.x86_64  CompilerName: GCC  CompilerVersion: 8.4.0
ProgramName: mri_normalize_tp2  ProgramArguments: mri_normalize_tp2 -all-info  ProgramVersion: 7.3.2  TimeStamp: 2026/03/13-22:28:14-GMT  BuildTime: Aug  4 2022 06:17:15  BuildStamp: freesurfer-linux-ubuntu22_x86_64-7.3.2-20220804-6354275  User: oesteban  Machine: dna086  Platform: Linux  PlatformVersion: 5.14.0-427.37.1.el9_4.x86_64  CompilerName: GCC  CompilerVersion: 8.4.0
ProgramName: mri_or  ProgramArguments: mri_or -all-info  ProgramVersion: 7.3.2  TimeStamp: 2026/03/13-22:28:14-GMT  BuildTime: Aug  4 2022 06:17:15  BuildStamp: freesurfer-linux-ubuntu22_x86_64-7.3.2-20220804-6354275  User: oesteban  Machine: dna086  Platform: Linux  PlatformVersion: 5.14.0-427.37.1.el9_4.x86_64  CompilerName: GCC  CompilerVersion: 8.4.0
ProgramName: mri_relabel_hypointensities  ProgramArguments: mri_relabel_hypointensities -all-info  ProgramVersion: 7.3.2  TimeStamp: 2026/03/13-22:28:14-GMT  BuildTime: Aug  4 2022 06:17:15  BuildStamp: freesurfer-linux-ubuntu22_x86_64-7.3.2-20220804-6354275  User: oesteban  Machine: dna086  Platform: Linux  PlatformVersion: 5.14.0-427.37.1.el9_4.x86_64  CompilerName: GCC  CompilerVersion: 8.4.0
ProgramName: mri_relabel_nonwm_hypos  ProgramArguments: mri_relabel_nonwm_hypos -all-info  ProgramVersion: 7.3.2  TimeStamp: 2026/03/13-22:28:14-GMT  BuildTime: Aug  4 2022 06:17:15  BuildStamp: freesurfer-linux-ubuntu22_x86_64-7.3.2-20220804-6354275  User: oesteban  Machine: dna086  Platform: Linux  PlatformVersion: 5.14.0-427.37.1.el9_4.x86_64  CompilerName: GCC  CompilerVersion: 8.4.0
ProgramName: mri_remove_neck  ProgramArguments: mri_remove_neck -all-info  ProgramVersion: 7.3.2  TimeStamp: 2026/03/13-22:28:14-GMT  BuildTime: Aug  4 2022 06:17:15  BuildStamp: freesurfer-linux-ubuntu22_x86_64-7.3.2-20220804-6354275  User: oesteban  Machine: dna086  Platform: Linux  PlatformVersion: 5.14.0-427.37.1.el9_4.x86_64  CompilerName: GCC  CompilerVersion: 8.4.0
7.3.2

ProgramName: mri_robust_register  ProgramArguments: mri_robust_register -all-info  ProgramVersion: 7.3.2  TimeStamp: 2026/03/13-22:28:14-GMT  BuildTime: Aug  4 2022 06:17:15  BuildStamp: freesurfer-linux-ubuntu22_x86_64-7.3.2-20220804-6354275  User: oesteban  Machine: dna086  Platform: Linux  PlatformVersion: 5.14.0-427.37.1.el9_4.x86_64  CompilerName: GCC  CompilerVersion: 8.4.0
7.3.2

ProgramName: mri_robust_template  ProgramArguments: mri_robust_template -all-info  ProgramVersion: 7.3.2  TimeStamp: 2026/03/13-22:28:14-GMT  BuildTime: Aug  4 2022 06:17:15  BuildStamp: freesurfer-linux-ubuntu22_x86_64-7.3.2-20220804-6354275  User: oesteban  Machine: dna086  Platform: Linux  PlatformVersion: 5.14.0-427.37.1.el9_4.x86_64  CompilerName: GCC  CompilerVersion: 8.4.0
ProgramName: mris_anatomical_stats  ProgramArguments: mris_anatomical_stats -all-info  ProgramVersion: 7.3.2  TimeStamp: 2026/03/13-22:28:14-GMT  BuildTime: Aug  4 2022 06:17:15  BuildStamp: freesurfer-linux-ubuntu22_x86_64-7.3.2-20220804-6354275  User: oesteban  Machine: dna086  Platform: Linux  PlatformVersion: 5.14.0-427.37.1.el9_4.x86_64  CompilerName: GCC  CompilerVersion: 8.4.0
ProgramName: mris_ca_label  ProgramArguments: mris_ca_label -all-info  ProgramVersion: 7.3.2  TimeStamp: 2026/03/13-22:28:14-GMT  BuildTime: Aug  4 2022 06:17:15  BuildStamp: freesurfer-linux-ubuntu22_x86_64-7.3.2-20220804-6354275  User: oesteban  Machine: dna086  Platform: Linux  PlatformVersion: 5.14.0-427.37.1.el9_4.x86_64  CompilerName: GCC  CompilerVersion: 8.4.0
ProgramName: mris_calc  ProgramArguments: mris_calc -all-info  ProgramVersion: 7.3.2  TimeStamp: 2026/03/13-22:28:14-GMT  BuildTime: Aug  4 2022 06:17:15  BuildStamp: freesurfer-linux-ubuntu22_x86_64-7.3.2-20220804-6354275  User: oesteban  Machine: dna086  Platform: Linux  PlatformVersion: 5.14.0-427.37.1.el9_4.x86_64  CompilerName: GCC  CompilerVersion: 8.4.0
ProgramName: mris_convert  ProgramArguments: mris_convert -all-info  ProgramVersion: 7.3.2  TimeStamp: 2026/03/13-22:28:14-GMT  BuildTime: Aug  4 2022 06:17:15  BuildStamp: freesurfer-linux-ubuntu22_x86_64-7.3.2-20220804-6354275  User: oesteban  Machine: dna086  Platform: Linux  PlatformVersion: 5.14.0-427.37.1.el9_4.x86_64  CompilerName: GCC  CompilerVersion: 8.4.0
ProgramName: mris_curvature  ProgramArguments: mris_curvature -all-info  ProgramVersion: 7.3.2  TimeStamp: 2026/03/13-22:28:14-GMT  BuildTime: Aug  4 2022 06:17:15  BuildStamp: freesurfer-linux-ubuntu22_x86_64-7.3.2-20220804-6354275  User: oesteban  Machine: dna086  Platform: Linux  PlatformVersion: 5.14.0-427.37.1.el9_4.x86_64  CompilerName: GCC  CompilerVersion: 8.4.0
ProgramName: mris_curvature_stats  ProgramArguments: mris_curvature_stats -all-info  ProgramVersion: 7.3.2  TimeStamp: 2026/03/13-22:28:14-GMT  BuildTime: Aug  4 2022 06:17:15  BuildStamp: freesurfer-linux-ubuntu22_x86_64-7.3.2-20220804-6354275  User: oesteban  Machine: dna086  Platform: Linux  PlatformVersion: 5.14.0-427.37.1.el9_4.x86_64  CompilerName: GCC  CompilerVersion: 8.4.0
ProgramName: mris_diff  ProgramArguments: mris_diff -all-info  ProgramVersion: 7.3.2  TimeStamp: 2026/03/13-22:28:14-GMT  BuildTime: Aug  4 2022 06:17:15  BuildStamp: freesurfer-linux-ubuntu22_x86_64-7.3.2-20220804-6354275  User: oesteban  Machine: dna086  Platform: Linux  PlatformVersion: 5.14.0-427.37.1.el9_4.x86_64  CompilerName: GCC  CompilerVersion: 8.4.0
ProgramName: mris_divide_parcellation  ProgramArguments: mris_divide_parcellation -all-info  ProgramVersion: 7.3.2  TimeStamp: 2026/03/13-22:28:14-GMT  BuildTime: Aug  4 2022 06:17:15  BuildStamp: freesurfer-linux-ubuntu22_x86_64-7.3.2-20220804-6354275  User: oesteban  Machine: dna086  Platform: Linux  PlatformVersion: 5.14.0-427.37.1.el9_4.x86_64  CompilerName: GCC  CompilerVersion: 8.4.0
ProgramName: mri_segment  ProgramArguments: mri_segment -all-info  ProgramVersion: 7.3.2  TimeStamp: 2026/03/13-22:28:14-GMT  BuildTime: Aug  4 2022 06:17:15  BuildStamp: freesurfer-linux-ubuntu22_x86_64-7.3.2-20220804-6354275  User: oesteban  Machine: dna086  Platform: Linux  PlatformVersion: 5.14.0-427.37.1.el9_4.x86_64  CompilerName: GCC  CompilerVersion: 8.4.0
ProgramName: mri_segstats  ProgramArguments: mri_segstats -all-info  ProgramVersion: 7.3.2  TimeStamp: 2026/03/13-22:28:14-GMT  BuildTime: Aug  4 2022 06:17:15  BuildStamp: freesurfer-linux-ubuntu22_x86_64-7.3.2-20220804-6354275  User: oesteban  Machine: dna086  Platform: Linux  PlatformVersion: 5.14.0-427.37.1.el9_4.x86_64  CompilerName: GCC  CompilerVersion: 8.4.0
ProgramName: mris_euler_number  ProgramArguments: mris_euler_number -all-info  ProgramVersion: 7.3.2  TimeStamp: 2026/03/13-22:28:14-GMT  BuildTime: Aug  4 2022 06:17:15  BuildStamp: freesurfer-linux-ubuntu22_x86_64-7.3.2-20220804-6354275  User: oesteban  Machine: dna086  Platform: Linux  PlatformVersion: 5.14.0-427.37.1.el9_4.x86_64  CompilerName: GCC  CompilerVersion: 8.4.0
ProgramName: mris_fix_topology  ProgramArguments: mris_fix_topology -all-info  ProgramVersion: 7.3.2  TimeStamp: 2026/03/13-22:28:14-GMT  BuildTime: Aug  4 2022 06:17:15  BuildStamp: freesurfer-linux-ubuntu22_x86_64-7.3.2-20220804-6354275  User: oesteban  Machine: dna086  Platform: Linux  PlatformVersion: 5.14.0-427.37.1.el9_4.x86_64  CompilerName: GCC  CompilerVersion: 8.4.0
ProgramName: mris_topo_fixer  ProgramArguments: mris_topo_fixer -all-info  ProgramVersion: 7.3.2  TimeStamp: 2026/03/13-22:28:14-GMT  BuildTime: Aug  4 2022 06:17:15  BuildStamp: freesurfer-linux-ubuntu22_x86_64-7.3.2-20220804-6354275  User: oesteban  Machine: dna086  Platform: Linux  PlatformVersion: 5.14.0-427.37.1.el9_4.x86_64  CompilerName: GCC  CompilerVersion: 8.4.0
ProgramName: mris_jacobian  ProgramArguments: mris_jacobian -all-info  ProgramVersion: 7.3.2  TimeStamp: 2026/03/13-22:28:14-GMT  BuildTime: Aug  4 2022 06:17:15  BuildStamp: freesurfer-linux-ubuntu22_x86_64-7.3.2-20220804-6354275  User: oesteban  Machine: dna086  Platform: Linux  PlatformVersion: 5.14.0-427.37.1.el9_4.x86_64  CompilerName: GCC  CompilerVersion: 8.4.0
ProgramName: mris_label2annot  ProgramArguments: mris_label2annot -all-info  ProgramVersion: 7.3.2  TimeStamp: 2026/03/13-22:28:14-GMT  BuildTime: Aug  4 2022 06:17:15  BuildStamp: freesurfer-linux-ubuntu22_x86_64-7.3.2-20220804-6354275  User: oesteban  Machine: dna086  Platform: Linux  PlatformVersion: 5.14.0-427.37.1.el9_4.x86_64  CompilerName: GCC  CompilerVersion: 8.4.0
ProgramName: mris_left_right_register  ProgramArguments: mris_left_right_register -all-info  ProgramVersion: 7.3.2  TimeStamp: 2026/03/13-22:28:14-GMT  BuildTime: Aug  4 2022 06:17:15  BuildStamp: freesurfer-linux-ubuntu22_x86_64-7.3.2-20220804-6354275  User: oesteban  Machine: dna086  Platform: Linux  PlatformVersion: 5.14.0-427.37.1.el9_4.x86_64  CompilerName: GCC  CompilerVersion: 8.4.0
ProgramName: mris_place_surface  ProgramArguments: mris_place_surface -all-info  ProgramVersion: 7.3.2  TimeStamp: 2026/03/13-22:28:14-GMT  BuildTime: Aug  4 2022 06:17:15  BuildStamp: freesurfer-linux-ubuntu22_x86_64-7.3.2-20220804-6354275  User: oesteban  Machine: dna086  Platform: Linux  PlatformVersion: 5.14.0-427.37.1.el9_4.x86_64  CompilerName: GCC  CompilerVersion: 8.4.0
ProgramName: mrisp_paint  ProgramArguments: mrisp_paint -all-info  ProgramVersion: 7.3.2  TimeStamp: 2026/03/13-22:28:14-GMT  BuildTime: Aug  4 2022 06:17:15  BuildStamp: freesurfer-linux-ubuntu22_x86_64-7.3.2-20220804-6354275  User: oesteban  Machine: dna086  Platform: Linux  PlatformVersion: 5.14.0-427.37.1.el9_4.x86_64  CompilerName: GCC  CompilerVersion: 8.4.0
ProgramName: mris_register  ProgramArguments: mris_register -all-info  ProgramVersion: 7.3.2  TimeStamp: 2026/03/13-22:28:14-GMT  BuildTime: Aug  4 2022 06:17:15  BuildStamp: freesurfer-linux-ubuntu22_x86_64-7.3.2-20220804-6354275  User: oesteban  Machine: dna086  Platform: Linux  PlatformVersion: 5.14.0-427.37.1.el9_4.x86_64  CompilerName: GCC  CompilerVersion: 8.4.0
ProgramName: mris_smooth  ProgramArguments: mris_smooth -all-info  ProgramVersion: 7.3.2  TimeStamp: 2026/03/13-22:28:14-GMT  BuildTime: Aug  4 2022 06:17:15  BuildStamp: freesurfer-linux-ubuntu22_x86_64-7.3.2-20220804-6354275  User: oesteban  Machine: dna086  Platform: Linux  PlatformVersion: 5.14.0-427.37.1.el9_4.x86_64  CompilerName: GCC  CompilerVersion: 8.4.0
ProgramName: mris_sphere  ProgramArguments: mris_sphere -all-info  ProgramVersion: 7.3.2  TimeStamp: 2026/03/13-22:28:14-GMT  BuildTime: Aug  4 2022 06:17:15  BuildStamp: freesurfer-linux-ubuntu22_x86_64-7.3.2-20220804-6354275  User: oesteban  Machine: dna086  Platform: Linux  PlatformVersion: 5.14.0-427.37.1.el9_4.x86_64  CompilerName: GCC  CompilerVersion: 8.4.0
ProgramName: mris_surface_stats  ProgramArguments: mris_surface_stats -all-info  ProgramVersion: 7.3.2  TimeStamp: 2026/03/13-22:28:14-GMT  BuildTime: Aug  4 2022 06:17:15  BuildStamp: freesurfer-linux-ubuntu22_x86_64-7.3.2-20220804-6354275  User: oesteban  Machine: dna086  Platform: Linux  PlatformVersion: 5.14.0-427.37.1.el9_4.x86_64  CompilerName: GCC  CompilerVersion: 8.4.0
ProgramName: mri_stats2seg  ProgramArguments: mri_stats2seg -all-info  ProgramVersion: 7.3.2  TimeStamp: 2026/03/13-22:28:14-GMT  BuildTime: Aug  4 2022 06:17:15  BuildStamp: freesurfer-linux-ubuntu22_x86_64-7.3.2-20220804-6354275  User: oesteban  Machine: dna086  Platform: Linux  PlatformVersion: 5.14.0-427.37.1.el9_4.x86_64  CompilerName: GCC  CompilerVersion: 8.4.0
ProgramName: mris_thickness  ProgramArguments: mris_thickness -all-info  ProgramVersion: 7.3.2  TimeStamp: 2026/03/13-22:28:14-GMT  BuildTime: Aug  4 2022 06:17:15  BuildStamp: freesurfer-linux-ubuntu22_x86_64-7.3.2-20220804-6354275  User: oesteban  Machine: dna086  Platform: Linux  PlatformVersion: 5.14.0-427.37.1.el9_4.x86_64  CompilerName: GCC  CompilerVersion: 8.4.0
ProgramName: mris_thickness_diff  ProgramArguments: mris_thickness_diff -all-info  ProgramVersion: 7.3.2  TimeStamp: 2026/03/13-22:28:14-GMT  BuildTime: Aug  4 2022 06:17:15  BuildStamp: freesurfer-linux-ubuntu22_x86_64-7.3.2-20220804-6354275  User: oesteban  Machine: dna086  Platform: Linux  PlatformVersion: 5.14.0-427.37.1.el9_4.x86_64  CompilerName: GCC  CompilerVersion: 8.4.0
ProgramName: mris_topo_fixer  ProgramArguments: mris_topo_fixer -all-info  ProgramVersion: 7.3.2  TimeStamp: 2026/03/13-22:28:14-GMT  BuildTime: Aug  4 2022 06:17:15  BuildStamp: freesurfer-linux-ubuntu22_x86_64-7.3.2-20220804-6354275  User: oesteban  Machine: dna086  Platform: Linux  PlatformVersion: 5.14.0-427.37.1.el9_4.x86_64  CompilerName: GCC  CompilerVersion: 8.4.0
ProgramName: mri_surf2surf  ProgramArguments: mri_surf2surf -all-info  ProgramVersion: 7.3.2  TimeStamp: 2026/03/13-22:28:14-GMT  BuildTime: Aug  4 2022 06:17:15  BuildStamp: freesurfer-linux-ubuntu22_x86_64-7.3.2-20220804-6354275  User: oesteban  Machine: dna086  Platform: Linux  PlatformVersion: 5.14.0-427.37.1.el9_4.x86_64  CompilerName: GCC  CompilerVersion: 8.4.0
ProgramName: mri_surf2vol  ProgramArguments: mri_surf2vol -all-info  ProgramVersion: 7.3.2  TimeStamp: 2026/03/13-22:28:14-GMT  BuildTime: Aug  4 2022 06:17:15  BuildStamp: freesurfer-linux-ubuntu22_x86_64-7.3.2-20220804-6354275  User: oesteban  Machine: dna086  Platform: Linux  PlatformVersion: 5.14.0-427.37.1.el9_4.x86_64  CompilerName: GCC  CompilerVersion: 8.4.0
ProgramName: mri_surfcluster  ProgramArguments: mri_surfcluster -all-info  ProgramVersion: 7.3.2  TimeStamp: 2026/03/13-22:28:14-GMT  BuildTime: Aug  4 2022 06:17:15  BuildStamp: freesurfer-linux-ubuntu22_x86_64-7.3.2-20220804-6354275  User: oesteban  Machine: dna086  Platform: Linux  PlatformVersion: 5.14.0-427.37.1.el9_4.x86_64  CompilerName: GCC  CompilerVersion: 8.4.0
ProgramName: mris_volmask  ProgramArguments: mris_volmask -all-info  ProgramVersion: 7.3.2  TimeStamp: 2026/03/13-22:28:14-GMT  BuildTime: Aug  4 2022 06:17:15  BuildStamp: freesurfer-linux-ubuntu22_x86_64-7.3.2-20220804-6354275  User: oesteban  Machine: dna086  Platform: Linux  PlatformVersion: 5.14.0-427.37.1.el9_4.x86_64  CompilerName: GCC  CompilerVersion: 8.4.0
ProgramName: mri_tessellate  ProgramArguments: mri_tessellate -all-info  ProgramVersion: 7.3.2  TimeStamp: 2026/03/13-22:28:14-GMT  BuildTime: Aug  4 2022 06:17:15  BuildStamp: freesurfer-linux-ubuntu22_x86_64-7.3.2-20220804-6354275  User: oesteban  Machine: dna086  Platform: Linux  PlatformVersion: 5.14.0-427.37.1.el9_4.x86_64  CompilerName: GCC  CompilerVersion: 8.4.0
ProgramName: mri_vol2surf  ProgramArguments: mri_vol2surf -all-info  ProgramVersion: 7.3.2  TimeStamp: 2026/03/13-22:28:14-GMT  BuildTime: Aug  4 2022 06:17:15  BuildStamp: freesurfer-linux-ubuntu22_x86_64-7.3.2-20220804-6354275  User: oesteban  Machine: dna086  Platform: Linux  PlatformVersion: 5.14.0-427.37.1.el9_4.x86_64  CompilerName: GCC  CompilerVersion: 8.4.0
ProgramName: mri_vol2vol  ProgramArguments: mri_vol2vol -all-info  ProgramVersion: 7.3.2  TimeStamp: 2026/03/13-22:28:14-GMT  BuildTime: Aug  4 2022 06:17:15  BuildStamp: freesurfer-linux-ubuntu22_x86_64-7.3.2-20220804-6354275  User: oesteban  Machine: dna086  Platform: Linux  PlatformVersion: 5.14.0-427.37.1.el9_4.x86_64  CompilerName: GCC  CompilerVersion: 8.4.0
ProgramName: mri_voldiff  ProgramArguments: mri_voldiff -all-info  ProgramVersion: 7.3.2  TimeStamp: 2026/03/13-22:28:14-GMT  BuildTime: Aug  4 2022 06:17:15  BuildStamp: freesurfer-linux-ubuntu22_x86_64-7.3.2-20220804-6354275  User: oesteban  Machine: dna086  Platform: Linux  PlatformVersion: 5.14.0-427.37.1.el9_4.x86_64  CompilerName: GCC  CompilerVersion: 8.4.0
ProgramName: mri_watershed  ProgramArguments: mri_watershed -all-info  ProgramVersion: 7.3.2  TimeStamp: 2026/03/13-22:28:14-GMT  BuildTime: Aug  4 2022 06:17:15  BuildStamp: freesurfer-linux-ubuntu22_x86_64-7.3.2-20220804-6354275  User: oesteban  Machine: dna086  Platform: Linux  PlatformVersion: 5.14.0-427.37.1.el9_4.x86_64  CompilerName: GCC  CompilerVersion: 8.4.0
ProgramName: tkregister2  ProgramArguments: tkregister2_cmdl -all-info  ProgramVersion: 7.3.2  TimeStamp: 2026/03/13-22:28:14-GMT  BuildTime: Aug  4 2022 06:17:15  BuildStamp: freesurfer-linux-ubuntu22_x86_64-7.3.2-20220804-6354275  User: oesteban  Machine: dna086  Platform: Linux  PlatformVersion: 5.14.0-427.37.1.el9_4.x86_64  CompilerName: GCC  CompilerVersion: 8.4.0
mri_motion_correct.fsl 7.3.2
mri_convert -all-info 
ProgramName: mri_convert  ProgramArguments: mri_convert -all-info  ProgramVersion: 7.3.2  TimeStamp: 2026/03/13-22:28:14-GMT  BuildTime: Aug  4 2022 06:17:15  BuildStamp: freesurfer-linux-ubuntu22_x86_64-7.3.2-20220804-6354275  User: oesteban  Machine: dna086  Platform: Linux  PlatformVersion: 5.14.0-427.37.1.el9_4.x86_64  CompilerName: GCC  CompilerVersion: 8.4.0
Program nu_correct, built from:
Package MNI N3, version 1.12.0, compiled by nicks@terrier (x86_64-unknown-linux-gnu) on 2015-06-19 at 01:25:34
#######################################
GCADIR /opt/freesurfer/average
GCA RB_all_2020-01-02.gca
GCASkull RB_all_withskull_2020_01_02.gca
AvgCurvTif folding.atlas.acfb40.noaparc.i12.2016-08-02.tif
GCSDIR /opt/freesurfer/average
GCS DKaparc.atlas.acfb40.noaparc.i12.2016-08-02.gcs
#######################################
#--------------------------------------
#@# CA Normalize Fri Mar 13 23:28:14 CET 2026
/out/sourcedata/freesurfer/sub-v2s7x29679_ses-1/mri

 mri_ca_normalize -c ctrl_pts.mgz -mask brainmask.mgz nu.mgz /opt/freesurfer/average/RB_all_2020-01-02.gca transforms/talairach.lta norm.mgz 

writing control point volume to ctrl_pts.mgz
using MR volume brainmask.mgz to mask input volume...
reading 1 input volume
reading atlas from '/opt/freesurfer/average/RB_all_2020-01-02.gca'...
reading transform from 'transforms/talairach.lta'...
reading input volume from nu.mgz...
resetting wm mean[0]: 98 --> 107
resetting gm mean[0]: 61 --> 61
input volume #1 is the most T1-like
using real data threshold=23.1
skull bounding box = (60, 69, 43) --> (199, 201, 208)
finding center of left hemi white matter
using (106, 113, 126) as brain centroid of Right_Cerebral_White_Matter...
mean wm in atlas = 107, using box (89,97,106) --> (123, 129,146) to find MRI wm
before smoothing, mri peak at 110
robust fit to distribution - 109 +- 3.1
after smoothing, mri peak at 109, scaling input intensities by 0.982
scaling channel 0 by 0.981651
using 246437 sample points...
INFO: compute sample coordinates transform
 1.01677  -0.04287   0.00932  -1.98462;
 0.04753   1.09262   0.22900  -56.50977;
-0.01840  -0.21776   0.97879   21.46954;
 0.00000   0.00000   0.00000   1.00000;
INFO: transform used
finding control points in Left_Cerebral_White_Matter....
found 40230 control points for structure...
bounding box (131, 70, 41) --> (196, 174, 206)
Left_Cerebral_White_Matter: limiting intensities to 95.0 --> 132.0
10 of 9247 (0.1%) samples deleted
finding control points in Right_Cerebral_White_Matter....
found 39478 control points for structure...
bounding box (67, 72, 40) --> (132, 175, 207)
Right_Cerebral_White_Matter: limiting intensities to 95.0 --> 132.0
12 of 9293 (0.1%) samples deleted
finding control points in Left_Cerebellum_White_Matter....
found 3105 control points for structure...
bounding box (133, 149, 69) --> (182, 190, 123)
Left_Cerebellum_White_Matter: limiting intensities to 95.0 --> 132.0
2 of 448 (0.4%) samples deleted
finding control points in Right_Cerebellum_White_Matter....
found 2710 control points for structure...
bounding box (89, 149, 66) --> (132, 191, 124)
Right_Cerebellum_White_Matter: limiting intensities to 96.0 --> 132.0
0 of 411 (0.0%) samples deleted
finding control points in Brain_Stem....
found 3475 control points for structure...
bounding box (115, 140, 105) --> (150, 203, 134)
Brain_Stem: limiting intensities to 90.0 --> 132.0
2 of 964 (0.2%) samples deleted
using 20363 total control points for intensity normalization...
bias field = 0.975 +- 0.065
132 of 20337 control points discarded
finding control points in Left_Cerebral_White_Matter....
found 40230 control points for structure...
bounding box (131, 70, 41) --> (196, 174, 206)
Left_Cerebral_White_Matter: limiting intensities to 92.0 --> 131.0
14 of 9302 (0.2%) samples deleted
finding control points in Right_Cerebral_White_Matter....
found 39478 control points for structure...
bounding box (67, 72, 40) --> (132, 175, 207)
Right_Cerebral_White_Matter: limiting intensities to 92.0 --> 131.0
20 of 9336 (0.2%) samples deleted
finding control points in Left_Cerebellum_White_Matter....
found 3105 control points for structure...
bounding box (133, 149, 69) --> (182, 190, 123)
Left_Cerebellum_White_Matter: limiting intensities to 88.0 --> 131.0
37 of 495 (7.5%) samples deleted
finding control points in Right_Cerebellum_White_Matter....
found 2710 control points for structure...
bounding box (89, 149, 66) --> (132, 191, 124)
Right_Cerebellum_White_Matter: limiting intensities to 88.0 --> 131.0
6 of 425 (1.4%) samples deleted
finding control points in Brain_Stem....
found 3475 control points for structure...
bounding box (115, 140, 105) --> (150, 203, 134)
Brain_Stem: limiting intensities to 88.0 --> 131.0
38 of 1027 (3.7%) samples deleted
using 20585 total control points for intensity normalization...
bias field = 1.011 +- 0.047
114 of 20413 control points discarded
finding control points in Left_Cerebral_White_Matter....
found 40230 control points for structure...
bounding box (131, 70, 41) --> (196, 174, 206)
Left_Cerebral_White_Matter: limiting intensities to 93.0 --> 130.0
17 of 9303 (0.2%) samples deleted
finding control points in Right_Cerebral_White_Matter....
found 39478 control points for structure...
bounding box (67, 72, 40) --> (132, 175, 207)
Right_Cerebral_White_Matter: limiting intensities to 92.0 --> 130.0
21 of 9335 (0.2%) samples deleted
finding control points in Left_Cerebellum_White_Matter....
found 3105 control points for structure...
bounding box (133, 149, 69) --> (182, 190, 123)
Left_Cerebellum_White_Matter: limiting intensities to 88.0 --> 130.0
127 of 501 (25.3%) samples deleted
finding control points in Right_Cerebellum_White_Matter....
found 2710 control points for structure...
bounding box (89, 149, 66) --> (132, 191, 124)
Right_Cerebellum_White_Matter: limiting intensities to 88.0 --> 130.0
111 of 455 (24.4%) samples deleted
finding control points in Brain_Stem....
found 3475 control points for structure...
bounding box (115, 140, 105) --> (150, 203, 134)
Brain_Stem: limiting intensities to 88.0 --> 130.0
280 of 1030 (27.2%) samples deleted
using 20624 total control points for intensity normalization...
bias field = 1.005 +- 0.036
77 of 19965 control points discarded
writing normalized volume to norm.mgz...
writing control points to ctrl_pts.mgz
freeing GCA...done.
normalization took 0 minutes and 53 seconds.
#--------------------------------------
#@# CA Reg Fri Mar 13 23:29:07 CET 2026
/out/sourcedata/freesurfer/sub-v2s7x29679_ses-1/mri

 mri_ca_register -nobigventricles -T transforms/talairach.lta -align-after -mask brainmask.mgz norm.mgz /opt/freesurfer/average/RB_all_2020-01-02.gca transforms/talairach.m3z 

not handling expanded ventricles...
using previously computed transform transforms/talairach.lta
renormalizing sequences with structure alignment, equivalent to:
	-renormalize
	-regularize_mean 0.500
	-regularize 0.500
using MR volume brainmask.mgz to mask input volume...

== Number of threads available to mri_ca_register for OpenMP = 16 == 
reading 1 input volumes...
logging results to talairach.log
reading input volume 'norm.mgz'...
reading GCA '/opt/freesurfer/average/RB_all_2020-01-02.gca'...
label assignment complete, 0 changed (0.00%)
freeing gibbs priors...done.
average std[0] = 5.0
Starting GCAMregister()
label assignment complete, 0 changed (0.00%)
npasses = 1, nlevels = 6
#pass# 1 of 1 ************************
enabling zero nodes
setting smoothness cost coefficient to 0.156

#GCAMreg# pass 0 level1 5 level2 0 tsec 0 sigma 2
l_jacobian=1.00 l_label=1.00 l_log_likelihood=0.20 l_smoothness=0.16 
tol=2.50e-01, dt=5.00e-02, exp_k=20.0, momentum=0.90, levels=6, niter=500, lbl_dist=10.00, avgs=256, sigma=2.0,type=2, relabel=0, neg=no

blurring input image with Gaussian with sigma=2.000...
GCAMRegisterLevel(): init RMS 0.77503
#FOTS# QuadFit found better minimum quadopt=(dt=192.396,rms=0.700739) vs oldopt=(dt=92.48,rms=0.720367)
#GCMRL#    0 dt 192.396110 rms  0.701  9.586% neg 0  invalid 762 tFOTS 5.1070 tGradient 3.2550 tsec 8.8500
#FOTS# QuadFit found better minimum quadopt=(dt=169.992,rms=0.686597) vs oldopt=(dt=92.48,rms=0.689833)
#GCMRL#    1 dt 169.992095 rms  0.687  2.018% neg 0  invalid 762 tFOTS 5.5640 tGradient 3.2820 tsec 9.2980
#FOTS# QuadFit found better minimum quadopt=(dt=236.476,rms=0.675792) vs oldopt=(dt=369.92,rms=0.678288)
#GCMRL#    2 dt 236.476265 rms  0.676  1.574% neg 0  invalid 762 tFOTS 5.6670 tGradient 2.6390 tsec 8.7840
#FOTS# QuadFit found better minimum quadopt=(dt=129.472,rms=0.670509) vs oldopt=(dt=92.48,rms=0.67112)
#GCMRL#    3 dt 129.472000 rms  0.671  0.782% neg 0  invalid 762 tFOTS 5.3340 tGradient 2.6290 tsec 8.4310
#FOTS# QuadFit found better minimum quadopt=(dt=443.904,rms=0.664209) vs oldopt=(dt=369.92,rms=0.664439)
#GCMRL#    4 dt 443.904000 rms  0.664  0.940% neg 0  invalid 762 tFOTS 5.3150 tGradient 2.6840 tsec 8.3680
#FOTS# QuadFit found better minimum quadopt=(dt=110.976,rms=0.660638) vs oldopt=(dt=92.48,rms=0.660742)
#GCMRL#    5 dt 110.976000 rms  0.661  0.538% neg 0  invalid 762 tFOTS 5.3440 tGradient 2.8800 tsec 8.5850
#FOTS# QuadFit found better minimum quadopt=(dt=517.888,rms=0.657279) vs oldopt=(dt=369.92,rms=0.657746)
#GCMRL#    6 dt 517.888000 rms  0.657  0.508% neg 0  invalid 762 tFOTS 5.2460 tGradient 2.5200 tsec 8.1590
#FOTS# QuadFit found better minimum quadopt=(dt=110.976,rms=0.655483) vs oldopt=(dt=92.48,rms=0.655536)
#GCMRL#    7 dt 110.976000 rms  0.655  0.273% neg 0  invalid 762 tFOTS 5.1440 tGradient 2.7260 tsec 8.2600
#FOTS# QuadFit found better minimum quadopt=(dt=517.888,rms=0.653608) vs oldopt=(dt=369.92,rms=0.653869)
#GCMRL#    8 dt 517.888000 rms  0.654  0.286% neg 0  invalid 762 tFOTS 5.7880 tGradient 2.7800 tsec 8.9450
#FOTS# QuadFit found better minimum quadopt=(dt=110.976,rms=0.652346) vs oldopt=(dt=92.48,rms=0.652389)
#GCMRL#    9 dt 110.976000 rms  0.652  0.000% neg 0  invalid 762 tFOTS 5.3640 tGradient 2.5220 tsec 8.3050
#GCMRL#   10 dt 110.976000 rms  0.652  0.070% neg 0  invalid 762 tFOTS 0.0000 tGradient 2.4770 tsec 2.8000
#GCMRL#   11 dt 110.976000 rms  0.651  0.107% neg 0  invalid 762 tFOTS 0.0000 tGradient 2.5590 tsec 2.8940
#GCMRL#   12 dt 110.976000 rms  0.650  0.160% neg 0  invalid 762 tFOTS 0.0000 tGradient 2.3970 tsec 2.7450
#GCMRL#   13 dt 110.976000 rms  0.649  0.187% neg 0  invalid 762 tFOTS 0.0000 tGradient 2.4770 tsec 2.7920
#GCMRL#   14 dt 110.976000 rms  0.648  0.193% neg 0  invalid 762 tFOTS 0.0000 tGradient 2.5530 tsec 2.9020
#GCMRL#   15 dt 110.976000 rms  0.646  0.211% neg 0  invalid 762 tFOTS 0.0000 tGradient 2.4320 tsec 2.7780
#GCMRL#   16 dt 110.976000 rms  0.645  0.210% neg 0  invalid 762 tFOTS 0.0000 tGradient 2.5620 tsec 2.8790
#GCMRL#   17 dt 110.976000 rms  0.644  0.200% neg 0  invalid 762 tFOTS 0.0000 tGradient 2.3990 tsec 2.7460
#GCMRL#   18 dt 110.976000 rms  0.642  0.195% neg 0  invalid 762 tFOTS 0.0000 tGradient 2.8150 tsec 3.2070
#GCMRL#   19 dt 110.976000 rms  0.641  0.192% neg 0  invalid 762 tFOTS 0.0000 tGradient 2.6580 tsec 3.0140
#GCMRL#   20 dt 110.976000 rms  0.640  0.177% neg 0  invalid 762 tFOTS 0.0000 tGradient 2.4340 tsec 2.7790
#GCMRL#   21 dt 110.976000 rms  0.639  0.158% neg 0  invalid 762 tFOTS 0.0000 tGradient 2.5770 tsec 2.9120
#GCMRL#   22 dt 110.976000 rms  0.638  0.142% neg 0  invalid 762 tFOTS 0.0000 tGradient 2.6340 tsec 2.9300
#GCMRL#   23 dt 110.976000 rms  0.637  0.124% neg 0  invalid 762 tFOTS 0.0000 tGradient 2.3880 tsec 2.7110
#GCMRL#   24 dt 110.976000 rms  0.637  0.120% neg 0  invalid 762 tFOTS 0.0000 tGradient 2.6720 tsec 3.0640
#FOTS# QuadFit found better minimum quadopt=(dt=517.888,rms=0.636192) vs oldopt=(dt=369.92,rms=0.636224)
#GCMRL#   25 dt 517.888000 rms  0.636  0.000% neg 0  invalid 762 tFOTS 5.6530 tGradient 2.5340 tsec 8.6000

#GCAMreg# pass 0 level1 5 level2 1 tsec 149.279 sigma 0.5
l_jacobian=1.00 l_label=1.00 l_log_likelihood=0.20 l_smoothness=0.16 
tol=2.50e-01, dt=5.00e-02, exp_k=20.0, momentum=0.90, levels=6, niter=500, lbl_dist=10.00, avgs=256, sigma=0.5,type=2, relabel=0, neg=no

blurring input image with Gaussian with sigma=0.500...
GCAMRegisterLevel(): init RMS 0.6366
#FOTS# QuadFit found better minimum quadopt=(dt=110.976,rms=0.635796) vs oldopt=(dt=92.48,rms=0.635804)
#GCMRL#   27 dt 110.976000 rms  0.636  0.126% neg 0  invalid 762 tFOTS 5.1140 tGradient 2.4390 tsec 7.8960
#FOTS# QuadFit found better minimum quadopt=(dt=443.904,rms=0.635222) vs oldopt=(dt=369.92,rms=0.635246)
#GCMRL#   28 dt 443.904000 rms  0.635  0.000% neg 0  invalid 762 tFOTS 4.9630 tGradient 2.5660 tsec 7.9650
#GCMRL#   29 dt 443.904000 rms  0.635  0.064% neg 0  invalid 762 tFOTS 0.0000 tGradient 2.5830 tsec 2.9060
setting smoothness cost coefficient to 0.615

#GCAMreg# pass 0 level1 4 level2 0 tsec 0 sigma 2
l_jacobian=1.00 l_label=1.00 l_log_likelihood=0.20 l_smoothness=0.62 
tol=2.50e-01, dt=5.00e-02, exp_k=20.0, momentum=0.90, levels=6, niter=500, lbl_dist=10.00, avgs=64, sigma=2.0,type=2, relabel=0, neg=no

blurring input image with Gaussian with sigma=2.000...
GCAMRegisterLevel(): init RMS 0.645962
#FOTS# QuadFit found better minimum quadopt=(dt=36.288,rms=0.643799) vs oldopt=(dt=25.92,rms=0.644174)
#GCMRL#   31 dt  36.288000 rms  0.644  0.335% neg 0  invalid 762 tFOTS 4.9390 tGradient 1.9950 tsec 7.3360
#GCMRL#   32 dt 103.680000 rms  0.642  0.318% neg 0  invalid 762 tFOTS 5.4140 tGradient 2.0040 tsec 7.7480
#GCMRL#   33 dt 414.720000 rms  0.632  1.514% neg 0  invalid 762 tFOTS 4.9160 tGradient 1.9850 tsec 7.3050
#FOTS# QuadFit found better minimum quadopt=(dt=36.288,rms=0.631022) vs oldopt=(dt=25.92,rms=0.631132)
#GCMRL#   34 dt  36.288000 rms  0.631  0.000% neg 0  invalid 762 tFOTS 5.0560 tGradient 1.9240 tsec 7.4030
#GCMRL#   35 dt  36.288000 rms  0.631  0.062% neg 0  invalid 762 tFOTS 0.0000 tGradient 2.3420 tsec 2.6620
#GCMRL#   36 dt  36.288000 rms  0.630  0.043% neg 0  invalid 762 tFOTS 0.0000 tGradient 1.9950 tsec 2.3530
#GCMRL#   37 dt  36.288000 rms  0.630  0.081% neg 0  invalid 762 tFOTS 0.0000 tGradient 2.3890 tsec 2.7580
#GCMRL#   38 dt  36.288000 rms  0.629  0.181% neg 0  invalid 762 tFOTS 0.0000 tGradient 2.4800 tsec 2.8400
#GCMRL#   39 dt  36.288000 rms  0.627  0.251% neg 0  invalid 762 tFOTS 0.0000 tGradient 2.0680 tsec 2.3740
#GCMRL#   40 dt  36.288000 rms  0.626  0.244% neg 0  invalid 762 tFOTS 0.0000 tGradient 2.0920 tsec 2.4070
#GCMRL#   41 dt  36.288000 rms  0.624  0.197% neg 0  invalid 762 tFOTS 0.0000 tGradient 1.9950 tsec 2.3100
#GCMRL#   42 dt  36.288000 rms  0.624  0.138% neg 0  invalid 762 tFOTS 0.0000 tGradient 1.9460 tsec 2.3110
#GCMRL#   43 dt  36.288000 rms  0.623  0.088% neg 0  invalid 762 tFOTS 0.0000 tGradient 1.8720 tsec 2.1940
#GCMRL#   44 dt  36.288000 rms  0.622  0.075% neg 0  invalid 762 tFOTS 0.0000 tGradient 2.3590 tsec 2.7490
#FOTS# QuadFit found better minimum quadopt=(dt=145.152,rms=0.621869) vs oldopt=(dt=103.68,rms=0.62197)
#GCMRL#   45 dt 145.152000 rms  0.622  0.101% neg 0  invalid 762 tFOTS 5.3190 tGradient 1.9840 tsec 7.6660
#FOTS# QuadFit found better minimum quadopt=(dt=19.6923,rms=0.621882) vs oldopt=(dt=25.92,rms=0.621885)

#GCAMreg# pass 0 level1 4 level2 1 tsec 79.284 sigma 0.5
l_jacobian=1.00 l_label=1.00 l_log_likelihood=0.20 l_smoothness=0.62 
tol=2.50e-01, dt=5.00e-02, exp_k=20.0, momentum=0.90, levels=6, niter=500, lbl_dist=10.00, avgs=64, sigma=0.5,type=2, relabel=0, neg=no

blurring input image with Gaussian with sigma=0.500...
GCAMRegisterLevel(): init RMS 0.622366
#FOTS# QuadFit found better minimum quadopt=(dt=24.8889,rms=0.62183) vs oldopt=(dt=25.92,rms=0.621831)
#GCMRL#   47 dt  24.888889 rms  0.622  0.086% neg 0  invalid 762 tFOTS 4.9540 tGradient 1.8230 tsec 7.1670
#GCMRL#   48 dt   0.006328 rms  0.622  0.000% neg 0  invalid 762 tFOTS 5.0970 tGradient 1.8160 tsec 7.3210
setting smoothness cost coefficient to 2.353

#GCAMreg# pass 0 level1 3 level2 0 tsec 0 sigma 2
l_jacobian=1.00 l_label=1.00 l_log_likelihood=0.20 l_smoothness=2.35 
tol=2.50e-01, dt=5.00e-02, exp_k=20.0, momentum=0.90, levels=6, niter=500, lbl_dist=10.00, avgs=16, sigma=2.0,type=2, relabel=0, neg=no

blurring input image with Gaussian with sigma=2.000...
GCAMRegisterLevel(): init RMS 0.647651
#GCMRL#   50 dt   0.500000 rms  0.647  0.075% neg 0  invalid 762 tFOTS 4.9020 tGradient 1.7320 tsec 7.1020
#FOTS# QuadFit found better minimum quadopt=(dt=0.01875,rms=0.64716) vs oldopt=(dt=0.03125,rms=0.64716)
#GCMRL#   51 dt   0.018750 rms  0.647  0.000% neg 0  invalid 762 tFOTS 4.4670 tGradient 2.0260 tsec 6.8760

#GCAMreg# pass 0 level1 3 level2 1 tsec 24.571 sigma 0.5
l_jacobian=1.00 l_label=1.00 l_log_likelihood=0.20 l_smoothness=2.35 
tol=2.50e-01, dt=5.00e-02, exp_k=20.0, momentum=0.90, levels=6, niter=500, lbl_dist=10.00, avgs=16, sigma=0.5,type=2, relabel=0, neg=no

blurring input image with Gaussian with sigma=0.500...
GCAMRegisterLevel(): init RMS 0.647641
#FOTS# QuadFit found better minimum quadopt=(dt=0.175,rms=0.647155) vs oldopt=(dt=0.125,rms=0.647156)
#GCMRL#   53 dt   0.175000 rms  0.647  0.075% neg 0  invalid 762 tFOTS 4.0150 tGradient 1.7310 tsec 6.1000
#FOTS# QuadFit found better minimum quadopt=(dt=0.15,rms=0.647155) vs oldopt=(dt=0.125,rms=0.647155)
#GCMRL#   54 dt   0.150000 rms  0.647  0.000% neg 0  invalid 762 tFOTS 4.0090 tGradient 1.5150 tsec 5.8670
#GCMRL#   55 dt   0.150000 rms  0.647  0.000% neg 0  invalid 762 tFOTS 0.0000 tGradient 1.5840 tsec 1.9000
setting smoothness cost coefficient to 8.000

#GCAMreg# pass 0 level1 2 level2 0 tsec 0 sigma 2
l_jacobian=1.00 l_label=1.00 l_log_likelihood=0.20 l_smoothness=8.00 
tol=2.50e-01, dt=5.00e-02, exp_k=20.0, momentum=0.90, levels=6, niter=500, lbl_dist=10.00, avgs=4, sigma=2.0,type=2, relabel=0, neg=no

blurring input image with Gaussian with sigma=2.000...
GCAMRegisterLevel(): init RMS 0.720619
#FOTS# QuadFit found better minimum quadopt=(dt=2.60797,rms=0.698342) vs oldopt=(dt=2.88,rms=0.698584)
#GCMRL#   57 dt   2.607971 rms  0.698  3.091% neg 0  invalid 762 tFOTS 5.2930 tGradient 2.0560 tsec 7.7410
#FOTS# QuadFit found better minimum quadopt=(dt=2.1186,rms=0.695138) vs oldopt=(dt=2.88,rms=0.695561)
#GCMRL#   58 dt   2.118598 rms  0.695  0.459% neg 0  invalid 762 tFOTS 4.9510 tGradient 1.6910 tsec 7.0430
#FOTS# QuadFit found better minimum quadopt=(dt=2.304,rms=0.693674) vs oldopt=(dt=2.88,rms=0.693761)
#GCMRL#   59 dt   2.304000 rms  0.694  0.000% neg 0  invalid 762 tFOTS 5.3460 tGradient 1.7170 tsec 7.5170

#GCAMreg# pass 0 level1 2 level2 1 tsec 32.743 sigma 0.5
l_jacobian=1.00 l_label=1.00 l_log_likelihood=0.20 l_smoothness=8.00 
tol=2.50e-01, dt=5.00e-02, exp_k=20.0, momentum=0.90, levels=6, niter=500, lbl_dist=10.00, avgs=4, sigma=0.5,type=2, relabel=0, neg=no

blurring input image with Gaussian with sigma=0.500...
GCAMRegisterLevel(): init RMS 0.694148
#FOTS# QuadFit found better minimum quadopt=(dt=0.000366211,rms=0.693666) vs oldopt=(dt=0.000175781,rms=0.693666)
#GCMRL#   61 dt   0.000366 rms  0.694  0.070% neg 0  invalid 762 tFOTS 7.1710 tGradient 1.9520 tsec 9.4930
setting smoothness cost coefficient to 20.000

#GCAMreg# pass 0 level1 1 level2 0 tsec 0 sigma 2
l_jacobian=1.00 l_label=1.00 l_log_likelihood=0.20 l_smoothness=20.00 
tol=2.50e-01, dt=5.00e-02, exp_k=20.0, momentum=0.90, levels=6, niter=500, lbl_dist=10.00, avgs=1, sigma=2.0,type=2, relabel=0, neg=no

blurring input image with Gaussian with sigma=2.000...
GCAMRegisterLevel(): init RMS 0.74584
#FOTS# QuadFit found better minimum quadopt=(dt=0.256,rms=0.744673) vs oldopt=(dt=0.32,rms=0.744719)
#GCMRL#   63 dt   0.256000 rms  0.745  0.156% neg 0  invalid 762 tFOTS 5.0770 tGradient 1.5260 tsec 6.9840
#GCMRL#   64 dt   1.280000 rms  0.740  0.678% neg 0  invalid 762 tFOTS 4.8750 tGradient 1.4880 tsec 6.7510
#GCMRL#   65 dt   0.320000 rms  0.738  0.000% neg 0  invalid 762 tFOTS 5.0700 tGradient 1.4000 tsec 6.8730
#GCMRL#   66 dt   0.320000 rms  0.735  0.370% neg 0  invalid 762 tFOTS 0.0000 tGradient 1.4590 tsec 1.8090
#GCMRL#   67 dt   0.320000 rms  0.733  0.326% neg 0  invalid 762 tFOTS 0.0000 tGradient 1.5120 tsec 1.8810
#GCMRL#   68 dt   0.320000 rms  0.731  0.202% neg 0  invalid 762 tFOTS 0.0000 tGradient 1.5200 tsec 1.8560
#GCMRL#   69 dt   0.320000 rms  0.730  0.205% neg 0  invalid 762 tFOTS 0.0000 tGradient 1.4700 tsec 1.8050
#GCMRL#   70 dt   0.320000 rms  0.728  0.231% neg 0  invalid 762 tFOTS 0.0000 tGradient 1.4690 tsec 1.8040
#GCMRL#   71 dt   0.320000 rms  0.728  0.012% neg 0  invalid 762 tFOTS 0.0000 tGradient 1.4250 tsec 1.7780
#GCMRL#   72 dt   0.320000 rms  0.728 -0.156% neg 0  invalid 762 tFOTS 0.0000 tGradient 1.4980 tsec 2.1110
#FOTS# QuadFit found better minimum quadopt=(dt=0.112,rms=0.728046) vs oldopt=(dt=0.08,rms=0.728052)
#GCMRL#   73 dt   0.112000 rms  0.728  0.010% neg 0  invalid 762 tFOTS 5.0600 tGradient 1.5020 tsec 6.9500
#FOTS# QuadFit found better minimum quadopt=(dt=0.448,rms=0.727752) vs oldopt=(dt=0.32,rms=0.727797)
#GCMRL#   74 dt   0.448000 rms  0.728  0.040% neg 0  invalid 762 tFOTS 4.9940 tGradient 1.5740 tsec 6.9140
#FOTS# QuadFit found better minimum quadopt=(dt=0.768,rms=0.726447) vs oldopt=(dt=1.28,rms=0.726735)
#GCMRL#   75 dt   0.768000 rms  0.726  0.179% neg 0  invalid 762 tFOTS 4.7710 tGradient 1.5220 tsec 6.6520

#GCAMreg# pass 0 level1 1 level2 1 tsec 68.986 sigma 0.5
l_jacobian=1.00 l_label=1.00 l_log_likelihood=0.20 l_smoothness=20.00 
tol=2.50e-01, dt=5.00e-02, exp_k=20.0, momentum=0.90, levels=6, niter=500, lbl_dist=10.00, avgs=1, sigma=0.5,type=2, relabel=0, neg=no

blurring input image with Gaussian with sigma=0.500...
GCAMRegisterLevel(): init RMS 0.726832
#GCMRL#   77 dt   0.080000 rms  0.726  0.074% neg 0  invalid 762 tFOTS 4.7260 tGradient 1.4860 tsec 6.5790
#GCMRL#   78 dt   0.080000 rms  0.726  0.000% neg 0  invalid 762 tFOTS 4.8700 tGradient 1.4230 tsec 6.6930
#GCMRL#   79 dt   0.080000 rms  0.726  0.002% neg 0  invalid 762 tFOTS 0.0000 tGradient 1.3870 tsec 1.7210
#GCMRL#   80 dt   0.080000 rms  0.726  0.003% neg 0  invalid 762 tFOTS 0.0000 tGradient 1.4500 tsec 1.7650
#GCMRL#   81 dt   0.080000 rms  0.726  0.005% neg 0  invalid 762 tFOTS 0.0000 tGradient 1.4360 tsec 1.7570
#GCMRL#   82 dt   0.080000 rms  0.726  0.013% neg 0  invalid 762 tFOTS 0.0000 tGradient 1.5940 tsec 1.9750
#GCMRL#   83 dt   0.080000 rms  0.726  0.019% neg 0  invalid 762 tFOTS 0.0000 tGradient 1.5600 tsec 2.0180
#GCMRL#   84 dt   0.080000 rms  0.726  0.025% neg 0  invalid 762 tFOTS 0.0000 tGradient 1.5250 tsec 1.9090
#GCMRL#   85 dt   0.080000 rms  0.726  0.025% neg 0  invalid 762 tFOTS 0.0000 tGradient 1.6310 tsec 1.9850
resetting metric properties...
setting smoothness cost coefficient to 40.000

#GCAMreg# pass 0 level1 0 level2 0 tsec 0 sigma 2
l_jacobian=1.00 l_label=1.00 l_log_likelihood=0.20 l_smoothness=40.00 
tol=2.50e-01, dt=5.00e-02, exp_k=20.0, momentum=0.90, levels=6, niter=500, lbl_dist=10.00, avgs=0, sigma=2.0,type=2, relabel=0, neg=no

blurring input image with Gaussian with sigma=2.000...
GCAMRegisterLevel(): init RMS 0.702265
#FOTS# QuadFit found better minimum quadopt=(dt=0.203665,rms=0.697773) vs oldopt=(dt=0.32,rms=0.698754)
#GCMRL#   87 dt   0.203665 rms  0.698  0.640% neg 0  invalid 762 tFOTS 4.4380 tGradient 0.8690 tsec 5.6850
#GCMRL#   88 dt   0.020000 rms  0.698  0.000% neg 0  invalid 762 tFOTS 4.6200 tGradient 0.8920 tsec 5.9400

#GCAMreg# pass 0 level1 0 level2 1 tsec 21.204 sigma 0.5
l_jacobian=1.00 l_label=1.00 l_log_likelihood=0.20 l_smoothness=40.00 
tol=2.50e-01, dt=5.00e-02, exp_k=20.0, momentum=0.90, levels=6, niter=500, lbl_dist=10.00, avgs=0, sigma=0.5,type=2, relabel=0, neg=no

blurring input image with Gaussian with sigma=0.500...
GCAMRegisterLevel(): init RMS 0.698082
#FOTS# QuadFit found better minimum quadopt=(dt=0.007,rms=0.697561) vs oldopt=(dt=0.005,rms=0.697563)
#GCMRL#   90 dt   0.007000 rms  0.698  0.075% neg 0  invalid 762 tFOTS 4.8750 tGradient 0.9640 tsec 6.2700
#FOTS# QuadFit found better minimum quadopt=(dt=0.001,rms=0.69756) vs oldopt=(dt=0.00125,rms=0.69756)
#GCMRL#   91 dt   0.001000 rms  0.698  0.000% neg 0  invalid 762 tFOTS 4.3960 tGradient 0.9230 tsec 5.7180
GCAMregister done in 8.28205 min
Starting GCAmapRenormalizeWithAlignment() without scales
renormalizing by structure alignment....
renormalizing input #0
gca peak = 0.10253 (16)
mri peak = 0.16949 (11)
Left_Lateral_Ventricle (4): linear fit = 0.62 x + 0.0 (940 voxels, overlap=0.176)
Left_Lateral_Ventricle (4): linear fit = 0.62 x + 0.0 (940 voxels, peak = 10), gca=9.8
gca peak = 0.17690 (16)
mri peak = 0.20028 (13)
Right_Lateral_Ventricle (43): linear fit = 0.74 x + 0.0 (885 voxels, overlap=0.588)
Right_Lateral_Ventricle (43): linear fit = 0.74 x + 0.0 (885 voxels, peak = 12), gca=11.8
gca peak = 0.28275 (96)
mri peak = 0.09374 (98)
Right_Pallidum (52): linear fit = 1.01 x + 0.0 (1075 voxels, overlap=1.002)
Right_Pallidum (52): linear fit = 1.01 x + 0.0 (1075 voxels, peak = 97), gca=97.4
gca peak = 0.18948 (93)
mri peak = 0.08607 (94)
Left_Pallidum (13): linear fit = 0.99 x + 0.0 (884 voxels, overlap=0.997)
Left_Pallidum (13): linear fit = 0.99 x + 0.0 (884 voxels, peak = 92), gca=91.6
gca peak = 0.20755 (55)
mri peak = 0.13312 (62)
Right_Hippocampus (53): linear fit = 1.08 x + 0.0 (1048 voxels, overlap=0.555)
Right_Hippocampus (53): linear fit = 1.08 x + 0.0 (1048 voxels, peak = 59), gca=59.1
gca peak = 0.31831 (58)
mri peak = 0.16190 (63)
Left_Hippocampus (17): linear fit = 1.08 x + 0.0 (1218 voxels, overlap=0.622)
Left_Hippocampus (17): linear fit = 1.08 x + 0.0 (1218 voxels, peak = 62), gca=62.4
gca peak = 0.11957 (102)
mri peak = 0.19747 (106)
Right_Cerebral_White_Matter (41): linear fit = 1.04 x + 0.0 (70297 voxels, overlap=0.422)
Right_Cerebral_White_Matter (41): linear fit = 1.04 x + 0.0 (70297 voxels, peak = 107), gca=106.6
gca peak = 0.11429 (102)
mri peak = 0.15596 (109)
Left_Cerebral_White_Matter (2): linear fit = 1.05 x + 0.0 (73863 voxels, overlap=0.271)
Left_Cerebral_White_Matter (2): linear fit = 1.05 x + 0.0 (73863 voxels, peak = 108), gca=107.6
gca peak = 0.14521 (59)
mri peak = 0.03619 (53)
Left_Cerebral_Cortex (3): linear fit = 0.92 x + 0.0 (36764 voxels, overlap=0.704)
Left_Cerebral_Cortex (3): linear fit = 0.92 x + 0.0 (36764 voxels, peak = 54), gca=54.0
gca peak = 0.14336 (58)
mri peak = 0.03926 (53)
Right_Cerebral_Cortex (42): linear fit = 0.92 x + 0.0 (36298 voxels, overlap=0.891)
Right_Cerebral_Cortex (42): linear fit = 0.92 x + 0.0 (36298 voxels, peak = 53), gca=53.1
gca peak = 0.13305 (70)
mri peak = 0.09052 (66)
Right_Caudate (50): linear fit = 1.01 x + 0.0 (937 voxels, overlap=0.939)
Right_Caudate (50): linear fit = 1.01 x + 0.0 (937 voxels, peak = 71), gca=71.0
gca peak = 0.15761 (71)
mri peak = 0.06867 (79)
Left_Caudate (11): linear fit = 1.10 x + 0.0 (1181 voxels, overlap=0.989)
Left_Caudate (11): linear fit = 1.10 x + 0.0 (1181 voxels, peak = 78), gca=77.7
gca peak = 0.13537 (57)
mri peak = 0.04304 (62)
Left_Cerebellum_Cortex (8): linear fit = 1.09 x + 0.0 (34342 voxels, overlap=0.941)
Left_Cerebellum_Cortex (8): linear fit = 1.09 x + 0.0 (34342 voxels, peak = 62), gca=61.8
gca peak = 0.13487 (56)
mri peak = 0.04905 (61)
Right_Cerebellum_Cortex (47): linear fit = 1.07 x + 0.0 (36755 voxels, overlap=0.879)
Right_Cerebellum_Cortex (47): linear fit = 1.07 x + 0.0 (36755 voxels, peak = 60), gca=59.6
gca peak = 0.19040 (84)
mri peak = 0.08951 (88)
Left_Cerebellum_White_Matter (7): linear fit = 1.07 x + 0.0 (10340 voxels, overlap=0.447)
Left_Cerebellum_White_Matter (7): linear fit = 1.07 x + 0.0 (10340 voxels, peak = 89), gca=89.5
gca peak = 0.18871 (83)
mri peak = 0.10224 (88)
Right_Cerebellum_White_Matter (46): linear fit = 1.08 x + 0.0 (8896 voxels, overlap=0.381)
Right_Cerebellum_White_Matter (46): linear fit = 1.08 x + 0.0 (8896 voxels, peak = 89), gca=89.2
gca peak = 0.24248 (57)
mri peak = 0.19019 (63)
Left_Amygdala (18): linear fit = 1.12 x + 0.0 (498 voxels, overlap=0.245)
Left_Amygdala (18): linear fit = 1.12 x + 0.0 (498 voxels, peak = 64), gca=63.6
gca peak = 0.35833 (56)
mri peak = 0.17138 (61)
Right_Amygdala (54): linear fit = 1.07 x + 0.0 (650 voxels, overlap=0.797)
Right_Amygdala (54): linear fit = 1.07 x + 0.0 (650 voxels, peak = 60), gca=59.6
gca peak = 0.12897 (85)
mri peak = 0.05497 (101)
Left_Thalamus (10): linear fit = 1.13 x + 0.0 (6074 voxels, overlap=0.430)
Left_Thalamus (10): linear fit = 1.13 x + 0.0 (6074 voxels, peak = 96), gca=96.5
gca peak = 0.13127 (83)
mri peak = 0.06727 (94)
Right_Thalamus (49): linear fit = 1.11 x + 0.0 (4676 voxels, overlap=0.817)
Right_Thalamus (49): linear fit = 1.11 x + 0.0 (4676 voxels, peak = 92), gca=91.7
gca peak = 0.12974 (78)
mri peak = 0.06978 (80)
Left_Putamen (12): linear fit = 1.04 x + 0.0 (2658 voxels, overlap=0.771)
Left_Putamen (12): linear fit = 1.04 x + 0.0 (2658 voxels, peak = 82), gca=81.5
gca peak = 0.17796 (79)
mri peak = 0.06841 (88)
Right_Putamen (51): linear fit = 1.10 x + 0.0 (2749 voxels, overlap=0.997)
Right_Putamen (51): linear fit = 1.10 x + 0.0 (2749 voxels, peak = 87), gca=86.5
gca peak = 0.10999 (80)
mri peak = 0.10282 (88)
Brain_Stem (16): linear fit = 1.12 x + 0.0 (12717 voxels, overlap=0.209)
Brain_Stem (16): linear fit = 1.12 x + 0.0 (12717 voxels, peak = 90), gca=90.0
gca peak = 0.13215 (88)
mri peak = 0.10733 (99)
Right_VentralDC (60): linear fit = 1.12 x + 0.0 (1370 voxels, overlap=0.034)
Right_VentralDC (60): linear fit = 1.12 x + 0.0 (1370 voxels, peak = 99), gca=99.0
gca peak = 0.11941 (89)
mri peak = 0.10480 (96)
Left_VentralDC (28): linear fit = 1.09 x + 0.0 (1541 voxels, overlap=0.280)
Left_VentralDC (28): linear fit = 1.09 x + 0.0 (1541 voxels, peak = 97), gca=96.6
gca peak = 0.20775 (25)
uniform distribution in MR - rejecting arbitrary fit
gca peak = 0.13297 (21)
mri peak = 0.12377 (15)
Fourth_Ventricle (15): linear fit = 0.68 x + 0.0 (364 voxels, overlap=0.804)
Fourth_Ventricle (15): linear fit = 0.68 x + 0.0 (364 voxels, peak = 14), gca=14.2
gca peak Unknown = 0.94777 ( 0)
gca peak Left_Inf_Lat_Vent = 0.19087 (28)
gca peak Third_Ventricle = 0.20775 (25)
gca peak CSF = 0.16821 (33)
gca peak Left_Accumbens_area = 0.32850 (63)
gca peak Left_undetermined = 0.98480 (28)
gca peak Left_vessel = 0.40887 (53)
gca peak Left_choroid_plexus = 0.10898 (46)
gca peak Right_Inf_Lat_Vent = 0.17798 (26)
gca peak Right_Accumbens_area = 0.30137 (64)
gca peak Right_vessel = 0.47828 (52)
gca peak Right_choroid_plexus = 0.11612 (45)
gca peak Fifth_Ventricle = 0.59466 (35)
gca peak WM_hypointensities = 0.10053 (78)
gca peak non_WM_hypointensities = 0.07253 (60)
gca peak Optic_Chiasm = 0.25330 (73)
not using caudate to estimate GM means
estimating mean gm scale to be 1.03 x + 0.0
estimating mean wm scale to be 1.05 x + 0.0
estimating mean csf scale to be 0.68 x + 0.0
saving intensity scales to talairach.label_intensities.txt
GCAmapRenormalizeWithAlignment() took 2.15872 min
noneg pre
Starting GCAMregister()
label assignment complete, 0 changed (0.00%)
npasses = 1, nlevels = 6
#pass# 1 of 1 ************************
enabling zero nodes
setting smoothness cost coefficient to 0.008

#GCAMreg# pass 0 level1 5 level2 0 tsec 0 sigma 2
l_jacobian=1.00 l_label=1.00 l_log_likelihood=0.20 l_smoothness=0.01 
tol=5.00e-02, dt=5.00e-02, exp_k=20.0, momentum=0.90, levels=6, niter=500, lbl_dist=10.00, avgs=256, sigma=2.0,type=2, relabel=0, neg=no

blurring input image with Gaussian with sigma=2.000...
GCAMRegisterLevel(): init RMS 0.740582
#FOTS# QuadFit found better minimum quadopt=(dt=206.997,rms=0.715056) vs oldopt=(dt=92.48,rms=0.722977)
#GCMRL#   93 dt 206.996700 rms  0.715  3.447% neg 0  invalid 762 tFOTS 5.2520 tGradient 2.0850 tsec 7.7380
#FOTS# QuadFit found better minimum quadopt=(dt=182.657,rms=0.705788) vs oldopt=(dt=92.48,rms=0.70843)
#GCMRL#   94 dt 182.656934 rms  0.706  1.296% neg 0  invalid 762 tFOTS 5.1670 tGradient 2.1960 tsec 7.7490
#FOTS# QuadFit found better minimum quadopt=(dt=164.848,rms=0.699983) vs oldopt=(dt=92.48,rms=0.701407)
#GCMRL#   95 dt 164.848485 rms  0.700  0.823% neg 0  invalid 762 tFOTS 5.6090 tGradient 2.1770 tsec 8.1340
#FOTS# QuadFit found better minimum quadopt=(dt=129.472,rms=0.696612) vs oldopt=(dt=92.48,rms=0.697279)
#GCMRL#   96 dt 129.472000 rms  0.697  0.482% neg 0  invalid 762 tFOTS 5.3420 tGradient 2.3680 tsec 8.0950
#FOTS# QuadFit found better minimum quadopt=(dt=517.888,rms=0.690946) vs oldopt=(dt=369.92,rms=0.691419)
#GCMRL#   97 dt 517.888000 rms  0.691  0.813% neg 0  invalid 762 tFOTS 5.2030 tGradient 2.2240 tsec 7.8310
#FOTS# QuadFit found better minimum quadopt=(dt=110.976,rms=0.687926) vs oldopt=(dt=92.48,rms=0.687931)
#GCMRL#   98 dt 110.976000 rms  0.688  0.437% neg 0  invalid 762 tFOTS 5.2350 tGradient 2.1450 tsec 7.7760
#FOTS# QuadFit found better minimum quadopt=(dt=295.936,rms=0.685868) vs oldopt=(dt=369.92,rms=0.68587)
#GCMRL#   99 dt 295.936000 rms  0.686  0.299% neg 0  invalid 762 tFOTS 5.0030 tGradient 2.1280 tsec 7.5380
#FOTS# QuadFit found better minimum quadopt=(dt=110.976,rms=0.684682) vs oldopt=(dt=92.48,rms=0.684722)
#GCMRL#  100 dt 110.976000 rms  0.685  0.173% neg 0  invalid 762 tFOTS 5.1250 tGradient 2.1150 tsec 7.6120
#FOTS# QuadFit found better minimum quadopt=(dt=517.888,rms=0.682386) vs oldopt=(dt=369.92,rms=0.682656)
#GCMRL#  101 dt 517.888000 rms  0.682  0.335% neg 0  invalid 762 tFOTS 4.9130 tGradient 2.1420 tsec 7.4670
#GCMRL#  102 dt  92.480000 rms  0.681  0.197% neg 0  invalid 762 tFOTS 5.4730 tGradient 2.0470 tsec 7.8890
#FOTS# QuadFit found better minimum quadopt=(dt=2071.55,rms=0.67487) vs oldopt=(dt=1479.68,rms=0.675752)
#GCMRL#  103 dt 2071.552000 rms  0.675  0.907% neg 0  invalid 762 tFOTS 5.4060 tGradient 2.2760 tsec 8.0730
#FOTS# QuadFit found better minimum quadopt=(dt=76.8736,rms=0.672804) vs oldopt=(dt=92.48,rms=0.672819)
#GCMRL#  104 dt  76.873563 rms  0.673  0.306% neg 0  invalid 762 tFOTS 5.6830 tGradient 2.2530 tsec 8.3630
#FOTS# QuadFit found better minimum quadopt=(dt=443.904,rms=0.672116) vs oldopt=(dt=369.92,rms=0.672138)
#GCMRL#  105 dt 443.904000 rms  0.672  0.102% neg 0  invalid 762 tFOTS 5.3470 tGradient 2.1470 tsec 7.9350
#FOTS# QuadFit found better minimum quadopt=(dt=129.472,rms=0.671278) vs oldopt=(dt=92.48,rms=0.67132)
#GCMRL#  106 dt 129.472000 rms  0.671  0.125% neg 0  invalid 762 tFOTS 5.2990 tGradient 2.1390 tsec 7.8670
#FOTS# QuadFit found better minimum quadopt=(dt=129.472,rms=0.670996) vs oldopt=(dt=92.48,rms=0.671017)
#GCMRL#  107 dt 129.472000 rms  0.671  0.000% neg 0  invalid 762 tFOTS 5.0510 tGradient 2.1920 tsec 7.6650
#GCMRL#  108 dt 129.472000 rms  0.671  0.061% neg 0  invalid 762 tFOTS 0.0000 tGradient 1.9850 tsec 2.3480
#GCMRL#  109 dt 129.472000 rms  0.670  0.087% neg 0  invalid 762 tFOTS 0.0000 tGradient 2.1720 tsec 2.5260
#GCMRL#  110 dt 129.472000 rms  0.669  0.120% neg 0  invalid 762 tFOTS 0.0000 tGradient 2.1750 tsec 2.5560
#GCMRL#  111 dt 129.472000 rms  0.668  0.136% neg 0  invalid 762 tFOTS 0.0000 tGradient 2.0450 tsec 2.3980
#GCMRL#  112 dt 129.472000 rms  0.667  0.179% neg 0  invalid 762 tFOTS 0.0000 tGradient 2.1680 tsec 2.5450
#GCMRL#  113 dt 129.472000 rms  0.666  0.187% neg 0  invalid 762 tFOTS 0.0000 tGradient 2.2810 tsec 2.6850
#GCMRL#  114 dt 129.472000 rms  0.665  0.190% neg 0  invalid 762 tFOTS 0.0000 tGradient 2.3490 tsec 2.7230
#GCMRL#  115 dt 129.472000 rms  0.663  0.182% neg 0  invalid 762 tFOTS 0.0000 tGradient 2.1570 tsec 2.4870
#GCMRL#  116 dt 129.472000 rms  0.662  0.186% neg 0  invalid 762 tFOTS 0.0000 tGradient 2.1190 tsec 2.4570
#GCMRL#  117 dt 129.472000 rms  0.661  0.195% neg 0  invalid 762 tFOTS 0.0000 tGradient 2.1020 tsec 2.4540
#GCMRL#  118 dt 129.472000 rms  0.660  0.182% neg 0  invalid 762 tFOTS 0.0000 tGradient 2.0490 tsec 2.3580
#GCMRL#  119 dt 129.472000 rms  0.659  0.168% neg 0  invalid 762 tFOTS 0.0000 tGradient 2.1410 tsec 2.4820
#GCMRL#  120 dt 129.472000 rms  0.658  0.154% neg 0  invalid 762 tFOTS 0.0000 tGradient 2.2040 tsec 2.5310
#GCMRL#  121 dt 129.472000 rms  0.656  0.156% neg 0  invalid 762 tFOTS 0.0000 tGradient 2.2010 tsec 2.5400
#GCMRL#  122 dt 129.472000 rms  0.656  0.145% neg 0  invalid 762 tFOTS 0.0000 tGradient 2.5210 tsec 2.8720
#GCMRL#  123 dt 129.472000 rms  0.655  0.129% neg 0  invalid 762 tFOTS 0.0000 tGradient 2.2900 tsec 2.6090
#GCMRL#  124 dt 129.472000 rms  0.654  0.116% neg 0  invalid 762 tFOTS 0.0000 tGradient 2.3910 tsec 2.7340
#GCMRL#  125 dt 129.472000 rms  0.653  0.109% neg 0  invalid 762 tFOTS 0.0000 tGradient 2.4770 tsec 2.8310
#GCMRL#  126 dt 129.472000 rms  0.653  0.108% neg 0  invalid 762 tFOTS 0.0000 tGradient 2.2010 tsec 2.5490
#GCMRL#  127 dt 129.472000 rms  0.652  0.097% neg 0  invalid 762 tFOTS 0.0000 tGradient 2.5580 tsec 2.9830
#GCMRL#  128 dt 129.472000 rms  0.651  0.090% neg 0  invalid 762 tFOTS 0.0000 tGradient 2.5720 tsec 2.9120
#GCMRL#  129 dt 129.472000 rms  0.651  0.084% neg 0  invalid 762 tFOTS 0.0000 tGradient 2.0840 tsec 2.4390
#GCMRL#  130 dt 129.472000 rms  0.650  0.091% neg 0  invalid 762 tFOTS 0.0000 tGradient 2.0810 tsec 2.4500
#GCMRL#  131 dt 129.472000 rms  0.650  0.087% neg 0  invalid 762 tFOTS 0.0000 tGradient 2.0800 tsec 2.4660
#GCMRL#  132 dt 129.472000 rms  0.649  0.084% neg 0  invalid 762 tFOTS 0.0000 tGradient 2.2970 tsec 2.6430
#GCMRL#  133 dt 129.472000 rms  0.649  0.082% neg 0  invalid 762 tFOTS 0.0000 tGradient 2.2000 tsec 2.5610
#GCMRL#  134 dt 129.472000 rms  0.648  0.081% neg 0  invalid 762 tFOTS 0.0000 tGradient 2.2800 tsec 2.6180
#GCMRL#  135 dt 129.472000 rms  0.647  0.078% neg 0  invalid 762 tFOTS 0.0000 tGradient 2.0580 tsec 2.4070
#GCMRL#  136 dt 129.472000 rms  0.647  0.075% neg 0  invalid 762 tFOTS 0.0000 tGradient 2.1710 tsec 2.5140
#GCMRL#  137 dt 129.472000 rms  0.647  0.068% neg 0  invalid 762 tFOTS 0.0000 tGradient 2.0810 tsec 2.4270
#GCMRL#  138 dt 129.472000 rms  0.646  0.067% neg 0  invalid 762 tFOTS 0.0000 tGradient 2.0530 tsec 2.4010
#GCMRL#  139 dt 129.472000 rms  0.646  0.067% neg 0  invalid 762 tFOTS 0.0000 tGradient 2.3370 tsec 2.7240
#GCMRL#  140 dt 129.472000 rms  0.645  0.065% neg 0  invalid 762 tFOTS 0.0000 tGradient 2.4110 tsec 2.7990
#GCMRL#  141 dt 129.472000 rms  0.645  0.063% neg 0  invalid 762 tFOTS 0.0000 tGradient 2.2040 tsec 2.5600
#GCMRL#  142 dt 129.472000 rms  0.644  0.061% neg 0  invalid 762 tFOTS 0.0000 tGradient 2.0820 tsec 2.4190
#GCMRL#  143 dt 129.472000 rms  0.644  0.059% neg 0  invalid 762 tFOTS 0.0000 tGradient 2.1710 tsec 2.5260
#GCMRL#  144 dt 129.472000 rms  0.644  0.055% neg 0  invalid 762 tFOTS 0.0000 tGradient 2.1290 tsec 2.5000
#GCMRL#  145 dt 129.472000 rms  0.643  0.056% neg 0  invalid 762 tFOTS 0.0000 tGradient 2.1050 tsec 2.4910
#GCMRL#  146 dt 129.472000 rms  0.643  0.049% neg 0  invalid 762 tFOTS 0.0000 tGradient 2.0980 tsec 2.4780
#GCMRL#  147 dt 129.472000 rms  0.643  0.051% neg 0  invalid 762 tFOTS 0.0000 tGradient 2.2150 tsec 2.5400
#GCMRL#  148 dt 129.472000 rms  0.642  0.050% neg 0  invalid 762 tFOTS 0.0000 tGradient 2.0810 tsec 2.4270
#GCMRL#  149 dt 129.472000 rms  0.642  0.049% neg 0  invalid 762 tFOTS 0.0000 tGradient 2.2410 tsec 2.5870
#GCMRL#  150 dt 129.472000 rms  0.642  0.047% neg 0  invalid 762 tFOTS 0.0000 tGradient 2.1770 tsec 2.5150
#GCMRL#  151 dt 129.472000 rms  0.642  0.044% neg 0  invalid 762 tFOTS 0.0000 tGradient 2.1610 tsec 2.5130
#GCMRL#  152 dt 129.472000 rms  0.641  0.043% neg 0  invalid 762 tFOTS 0.0000 tGradient 2.1800 tsec 2.5250
#GCMRL#  153 dt 129.472000 rms  0.641  0.039% neg 0  invalid 762 tFOTS 0.0000 tGradient 2.1800 tsec 2.5460
#GCMRL#  154 dt 129.472000 rms  0.641  0.042% neg 0  invalid 762 tFOTS 0.0000 tGradient 2.1590 tsec 2.4880
#GCMRL#  155 dt 129.472000 rms  0.640  0.042% neg 0  invalid 762 tFOTS 0.0000 tGradient 2.1180 tsec 2.4590
#GCMRL#  156 dt 129.472000 rms  0.640  0.040% neg 0  invalid 762 tFOTS 0.0000 tGradient 2.2190 tsec 2.5680
#GCMRL#  157 dt 129.472000 rms  0.640  0.040% neg 0  invalid 762 tFOTS 0.0000 tGradient 2.1320 tsec 2.4930
#GCMRL#  158 dt 129.472000 rms  0.640  0.038% neg 0  invalid 762 tFOTS 0.0000 tGradient 2.1460 tsec 2.5160
#GCMRL#  159 dt 129.472000 rms  0.639  0.038% neg 0  invalid 762 tFOTS 0.0000 tGradient 2.1800 tsec 2.5260
#GCMRL#  160 dt 129.472000 rms  0.639  0.035% neg 0  invalid 762 tFOTS 0.0000 tGradient 2.2100 tsec 2.5780
#GCMRL#  161 dt 129.472000 rms  0.639  0.034% neg 0  invalid 762 tFOTS 0.0000 tGradient 2.1670 tsec 2.5220
#GCMRL#  162 dt 129.472000 rms  0.639  0.035% neg 0  invalid 762 tFOTS 0.0000 tGradient 2.1720 tsec 2.5170
#GCMRL#  163 dt 129.472000 rms  0.639  0.033% neg 0  invalid 762 tFOTS 0.0000 tGradient 2.1850 tsec 2.5460
#GCMRL#  164 dt 129.472000 rms  0.638  0.032% neg 0  invalid 762 tFOTS 0.0000 tGradient 2.1480 tsec 2.4730
#GCMRL#  165 dt 129.472000 rms  0.638  0.030% neg 0  invalid 762 tFOTS 0.0000 tGradient 2.1480 tsec 2.4840
#GCMRL#  166 dt 129.472000 rms  0.638  0.030% neg 0  invalid 762 tFOTS 0.0000 tGradient 2.2110 tsec 2.5470
#GCMRL#  167 dt 129.472000 rms  0.638  0.031% neg 0  invalid 762 tFOTS 0.0000 tGradient 2.1890 tsec 2.5180
#GCMRL#  168 dt 129.472000 rms  0.638  0.029% neg 0  invalid 762 tFOTS 0.0000 tGradient 2.1430 tsec 2.4850
#GCMRL#  169 dt 129.472000 rms  0.637  0.030% neg 0  invalid 762 tFOTS 0.0000 tGradient 2.2160 tsec 2.5620
#GCMRL#  170 dt 129.472000 rms  0.637  0.028% neg 0  invalid 762 tFOTS 0.0000 tGradient 2.4420 tsec 2.8260
#GCMRL#  171 dt 129.472000 rms  0.637  0.028% neg 0  invalid 762 tFOTS 0.0000 tGradient 2.2350 tsec 2.5670
#GCMRL#  172 dt 129.472000 rms  0.637  0.031% neg 0  invalid 762 tFOTS 0.0000 tGradient 2.5240 tsec 2.8930
#GCMRL#  173 dt 129.472000 rms  0.637  0.028% neg 0  invalid 762 tFOTS 0.0000 tGradient 2.1930 tsec 2.5300
#GCMRL#  174 dt 129.472000 rms  0.637  0.028% neg 0  invalid 762 tFOTS 0.0000 tGradient 2.1920 tsec 2.5100
#GCMRL#  175 dt 129.472000 rms  0.636  0.028% neg 0  invalid 762 tFOTS 0.0000 tGradient 2.3730 tsec 2.7020
#GCMRL#  176 dt 129.472000 rms  0.636  0.025% neg 0  invalid 762 tFOTS 0.0000 tGradient 2.2100 tsec 2.5960
#GCMRL#  177 dt 129.472000 rms  0.636  0.023% neg 0  invalid 762 tFOTS 0.0000 tGradient 2.2860 tsec 2.6180
#GCMRL#  178 dt 129.472000 rms  0.636  0.025% neg 0  invalid 762 tFOTS 0.0000 tGradient 2.3040 tsec 2.6640
#GCMRL#  179 dt 129.472000 rms  0.636  0.025% neg 0  invalid 762 tFOTS 0.0000 tGradient 2.4030 tsec 2.8400
#GCMRL#  180 dt 129.472000 rms  0.636  0.025% neg 0  invalid 762 tFOTS 0.0000 tGradient 2.3250 tsec 2.7470
#FOTS# QuadFit found better minimum quadopt=(dt=2071.55,rms=0.635442) vs oldopt=(dt=1479.68,rms=0.635456)
#GCMRL#  181 dt 2071.552000 rms  0.635  0.000% neg 0  invalid 762 tFOTS 5.5140 tGradient 2.1220 tsec 8.0620

#GCAMreg# pass 0 level1 5 level2 1 tsec 324.067 sigma 0.5
l_jacobian=1.00 l_label=1.00 l_log_likelihood=0.20 l_smoothness=0.01 
tol=5.00e-02, dt=5.00e-02, exp_k=20.0, momentum=0.90, levels=6, niter=500, lbl_dist=10.00, avgs=256, sigma=0.5,type=2, relabel=0, neg=no

blurring input image with Gaussian with sigma=0.500...
GCAMRegisterLevel(): init RMS 0.635987
#FOTS# QuadFit found better minimum quadopt=(dt=129.472,rms=0.634805) vs oldopt=(dt=92.48,rms=0.634926)
#GCMRL#  183 dt 129.472000 rms  0.635  0.186% neg 0  invalid 762 tFOTS 5.0790 tGradient 2.3550 tsec 7.8290
#FOTS# QuadFit found better minimum quadopt=(dt=443.904,rms=0.634194) vs oldopt=(dt=369.92,rms=0.634217)
#GCMRL#  184 dt 443.904000 rms  0.634  0.096% neg 0  invalid 762 tFOTS 5.6600 tGradient 2.1700 tsec 8.3060
#FOTS# QuadFit found better minimum quadopt=(dt=110.976,rms=0.63394) vs oldopt=(dt=92.48,rms=0.633942)
#GCMRL#  185 dt 110.976000 rms  0.634  0.000% neg 0  invalid 762 tFOTS 5.5740 tGradient 2.2330 tsec 8.2890
#GCMRL#  186 dt 110.976000 rms  0.634  0.010% neg 0  invalid 762 tFOTS 0.0000 tGradient 2.2250 tsec 2.5700
#GCMRL#  187 dt 110.976000 rms  0.634  0.022% neg 0  invalid 762 tFOTS 0.0000 tGradient 2.4050 tsec 2.8110
#GCMRL#  188 dt 110.976000 rms  0.634  0.030% neg 0  invalid 762 tFOTS 0.0000 tGradient 2.3070 tsec 2.7070
#GCMRL#  189 dt 110.976000 rms  0.633  0.032% neg 0  invalid 762 tFOTS 0.0000 tGradient 2.1520 tsec 2.4960
#GCMRL#  190 dt 110.976000 rms  0.633  0.032% neg 0  invalid 762 tFOTS 0.0000 tGradient 2.2000 tsec 2.5240
#GCMRL#  191 dt 110.976000 rms  0.633  0.035% neg 0  invalid 762 tFOTS 0.0000 tGradient 2.1450 tsec 2.4890
#GCMRL#  192 dt 110.976000 rms  0.633  0.031% neg 0  invalid 762 tFOTS 0.0000 tGradient 2.3050 tsec 2.6650
#GCMRL#  193 dt 110.976000 rms  0.633  0.027% neg 0  invalid 762 tFOTS 0.0000 tGradient 2.1550 tsec 2.4890
#GCMRL#  194 dt 110.976000 rms  0.632  0.023% neg 0  invalid 762 tFOTS 0.0000 tGradient 2.2430 tsec 2.5970
#GCMRL#  195 dt 110.976000 rms  0.632  0.019% neg 0  invalid 762 tFOTS 0.0000 tGradient 2.1760 tsec 2.5300
#FOTS# QuadFit found better minimum quadopt=(dt=517.888,rms=0.632223) vs oldopt=(dt=369.92,rms=0.632226)
#GCMRL#  196 dt 517.888000 rms  0.632  0.000% neg 0  invalid 762 tFOTS 5.3720 tGradient 2.2030 tsec 7.9930
setting smoothness cost coefficient to 0.031

#GCAMreg# pass 0 level1 4 level2 0 tsec 0 sigma 2
l_jacobian=1.00 l_label=1.00 l_log_likelihood=0.20 l_smoothness=0.03 
tol=5.00e-02, dt=5.00e-02, exp_k=20.0, momentum=0.90, levels=6, niter=500, lbl_dist=10.00, avgs=64, sigma=2.0,type=2, relabel=0, neg=no

blurring input image with Gaussian with sigma=2.000...
GCAMRegisterLevel(): init RMS 0.634971
#FOTS# QuadFit found better minimum quadopt=(dt=145.152,rms=0.630882) vs oldopt=(dt=103.68,rms=0.631323)
#GCMRL#  198 dt 145.152000 rms  0.631  0.644% neg 0  invalid 762 tFOTS 4.9070 tGradient 1.8620 tsec 7.1740
#FOTS# QuadFit found better minimum quadopt=(dt=145.152,rms=0.625791) vs oldopt=(dt=103.68,rms=0.626698)
#GCMRL#  199 dt 145.152000 rms  0.626  0.807% neg 0  invalid 762 tFOTS 4.9960 tGradient 1.8980 tsec 7.2820
#FOTS# QuadFit found better minimum quadopt=(dt=77.7382,rms=0.623379) vs oldopt=(dt=103.68,rms=0.62362)
#GCMRL#  200 dt  77.738220 rms  0.623  0.385% neg 0  invalid 762 tFOTS 5.1670 tGradient 1.8350 tsec 7.3870
#FOTS# QuadFit found better minimum quadopt=(dt=134.687,rms=0.621036) vs oldopt=(dt=103.68,rms=0.621126)
#GCMRL#  201 dt 134.686567 rms  0.621  0.376% neg 0  invalid 762 tFOTS 5.3300 tGradient 1.8060 tsec 7.5360
#FOTS# QuadFit found better minimum quadopt=(dt=72.7788,rms=0.618371) vs oldopt=(dt=103.68,rms=0.618776)
#GCMRL#  202 dt  72.778761 rms  0.618  0.429% neg 0  invalid 762 tFOTS 5.7040 tGradient 1.8380 tsec 7.9810
#FOTS# QuadFit found better minimum quadopt=(dt=111.888,rms=0.616614) vs oldopt=(dt=103.68,rms=0.616617)
#GCMRL#  203 dt 111.888112 rms  0.617  0.284% neg 0  invalid 762 tFOTS 5.2730 tGradient 1.9410 tsec 7.6270
#FOTS# QuadFit found better minimum quadopt=(dt=88.0602,rms=0.61442) vs oldopt=(dt=103.68,rms=0.614479)
#GCMRL#  204 dt  88.060150 rms  0.614  0.356% neg 0  invalid 762 tFOTS 5.1860 tGradient 1.7710 tsec 7.3990
#FOTS# QuadFit found better minimum quadopt=(dt=81.8957,rms=0.61299) vs oldopt=(dt=103.68,rms=0.61309)
#GCMRL#  205 dt  81.895735 rms  0.613  0.233% neg 0  invalid 762 tFOTS 5.1050 tGradient 1.8960 tsec 7.3890
#FOTS# QuadFit found better minimum quadopt=(dt=124.416,rms=0.611049) vs oldopt=(dt=103.68,rms=0.611112)
#GCMRL#  206 dt 124.416000 rms  0.611  0.317% neg 0  invalid 762 tFOTS 4.9570 tGradient 1.8250 tsec 7.1840
#FOTS# QuadFit found better minimum quadopt=(dt=36.288,rms=0.609991) vs oldopt=(dt=25.92,rms=0.610222)
#GCMRL#  207 dt  36.288000 rms  0.610  0.173% neg 0  invalid 762 tFOTS 4.7980 tGradient 1.8290 tsec 7.0430
#GCMRL#  208 dt 414.720000 rms  0.606  0.591% neg 0  invalid 762 tFOTS 5.0300 tGradient 1.9290 tsec 7.3450
#FOTS# QuadFit found better minimum quadopt=(dt=62.8148,rms=0.603472) vs oldopt=(dt=25.92,rms=0.604234)
#GCMRL#  209 dt  62.814815 rms  0.603  0.481% neg 0  invalid 762 tFOTS 4.9030 tGradient 1.8290 tsec 7.1300
#FOTS# QuadFit found better minimum quadopt=(dt=82.944,rms=0.602676) vs oldopt=(dt=103.68,rms=0.602734)
#GCMRL#  210 dt  82.944000 rms  0.603  0.132% neg 0  invalid 762 tFOTS 5.0640 tGradient 1.8760 tsec 7.3670
#FOTS# QuadFit found better minimum quadopt=(dt=124.416,rms=0.60139) vs oldopt=(dt=103.68,rms=0.60143)
#GCMRL#  211 dt 124.416000 rms  0.601  0.213% neg 0  invalid 762 tFOTS 5.2660 tGradient 2.1860 tsec 7.8680
#FOTS# QuadFit found better minimum quadopt=(dt=36.288,rms=0.600764) vs oldopt=(dt=25.92,rms=0.600898)
#GCMRL#  212 dt  36.288000 rms  0.601  0.104% neg 0  invalid 762 tFOTS 4.9670 tGradient 1.8290 tsec 7.1740
#GCMRL#  213 dt 414.720000 rms  0.598  0.382% neg 0  invalid 762 tFOTS 5.4030 tGradient 1.7880 tsec 7.6050
#FOTS# QuadFit found better minimum quadopt=(dt=36.288,rms=0.596623) vs oldopt=(dt=25.92,rms=0.596967)
#GCMRL#  214 dt  36.288000 rms  0.597  0.309% neg 0  invalid 762 tFOTS 5.0330 tGradient 1.9970 tsec 7.4180
#FOTS# QuadFit found better minimum quadopt=(dt=145.152,rms=0.59555) vs oldopt=(dt=103.68,rms=0.595715)
#GCMRL#  215 dt 145.152000 rms  0.596  0.180% neg 0  invalid 762 tFOTS 5.0110 tGradient 1.9920 tsec 7.3720
#FOTS# QuadFit found better minimum quadopt=(dt=36.288,rms=0.595136) vs oldopt=(dt=25.92,rms=0.595226)
#GCMRL#  216 dt  36.288000 rms  0.595  0.070% neg 0  invalid 762 tFOTS 4.9860 tGradient 1.8450 tsec 7.2100
#FOTS# QuadFit found better minimum quadopt=(dt=497.664,rms=0.593488) vs oldopt=(dt=414.72,rms=0.593496)
#GCMRL#  217 dt 497.664000 rms  0.593  0.277% neg 0  invalid 762 tFOTS 4.7890 tGradient 1.7590 tsec 6.8880
#FOTS# QuadFit found better minimum quadopt=(dt=36.288,rms=0.591709) vs oldopt=(dt=25.92,rms=0.592049)
#GCMRL#  218 dt  36.288000 rms  0.592  0.300% neg 0  invalid 762 tFOTS 4.8110 tGradient 1.8490 tsec 7.0680
#FOTS# QuadFit found better minimum quadopt=(dt=124.416,rms=0.590889) vs oldopt=(dt=103.68,rms=0.590914)
#GCMRL#  219 dt 124.416000 rms  0.591  0.138% neg 0  invalid 762 tFOTS 5.3250 tGradient 1.9940 tsec 7.6810
#FOTS# QuadFit found better minimum quadopt=(dt=36.288,rms=0.590555) vs oldopt=(dt=25.92,rms=0.590625)
#GCMRL#  220 dt  36.288000 rms  0.591  0.057% neg 0  invalid 762 tFOTS 4.8170 tGradient 1.9780 tsec 7.2120
#FOTS# QuadFit found better minimum quadopt=(dt=248.832,rms=0.589827) vs oldopt=(dt=414.72,rms=0.589996)
#GCMRL#  221 dt 248.832000 rms  0.590  0.123% neg 0  invalid 762 tFOTS 4.8190 tGradient 1.8190 tsec 7.0150
#FOTS# QuadFit found better minimum quadopt=(dt=70.3626,rms=0.588908) vs oldopt=(dt=103.68,rms=0.589086)
#GCMRL#  222 dt  70.362573 rms  0.589  0.156% neg 0  invalid 762 tFOTS 4.8610 tGradient 1.7780 tsec 7.0080
#FOTS# QuadFit found better minimum quadopt=(dt=82.944,rms=0.588603) vs oldopt=(dt=103.68,rms=0.588623)
#GCMRL#  223 dt  82.944000 rms  0.589  0.052% neg 0  invalid 762 tFOTS 5.4500 tGradient 1.8560 tsec 7.6660
#FOTS# QuadFit found better minimum quadopt=(dt=145.152,rms=0.587921) vs oldopt=(dt=103.68,rms=0.58798)
#GCMRL#  224 dt 145.152000 rms  0.588  0.116% neg 0  invalid 762 tFOTS 4.8230 tGradient 1.7950 tsec 6.9850
#FOTS# QuadFit found better minimum quadopt=(dt=36.288,rms=0.587643) vs oldopt=(dt=25.92,rms=0.5877)
#GCMRL#  225 dt  36.288000 rms  0.588  0.000% neg 0  invalid 762 tFOTS 5.0420 tGradient 1.8720 tsec 7.3100
#GCMRL#  226 dt  36.288000 rms  0.587  0.032% neg 0  invalid 762 tFOTS 0.0000 tGradient 1.8670 tsec 2.2300
#GCMRL#  227 dt  36.288000 rms  0.587  0.050% neg 0  invalid 762 tFOTS 0.0000 tGradient 1.8550 tsec 2.2060
#GCMRL#  228 dt  36.288000 rms  0.587  0.072% neg 0  invalid 762 tFOTS 0.0000 tGradient 1.9260 tsec 2.2960
#GCMRL#  229 dt  36.288000 rms  0.586  0.099% neg 0  invalid 762 tFOTS 0.0000 tGradient 1.8480 tsec 2.2100
#GCMRL#  230 dt  36.288000 rms  0.586  0.112% neg 0  invalid 762 tFOTS 0.0000 tGradient 1.9130 tsec 2.2850
#GCMRL#  231 dt  36.288000 rms  0.585  0.120% neg 0  invalid 762 tFOTS 0.0000 tGradient 2.0790 tsec 2.4840
#GCMRL#  232 dt  36.288000 rms  0.584  0.131% neg 0  invalid 762 tFOTS 0.0000 tGradient 2.1060 tsec 2.4910
#GCMRL#  233 dt  36.288000 rms  0.583  0.137% neg 0  invalid 762 tFOTS 0.0000 tGradient 2.0310 tsec 2.3750
#GCMRL#  234 dt  36.288000 rms  0.582  0.140% neg 0  invalid 762 tFOTS 0.0000 tGradient 1.9220 tsec 2.2680
#GCMRL#  235 dt  36.288000 rms  0.582  0.147% neg 0  invalid 762 tFOTS 0.0000 tGradient 1.8020 tsec 2.1310
#GCMRL#  236 dt  36.288000 rms  0.581  0.149% neg 0  invalid 762 tFOTS 0.0000 tGradient 1.9580 tsec 2.2840
#GCMRL#  237 dt  36.288000 rms  0.580  0.148% neg 0  invalid 762 tFOTS 0.0000 tGradient 1.9220 tsec 2.2840
#GCMRL#  238 dt  36.288000 rms  0.579  0.146% neg 0  invalid 762 tFOTS 0.0000 tGradient 1.7510 tsec 2.1090
#GCMRL#  239 dt  36.288000 rms  0.578  0.144% neg 0  invalid 762 tFOTS 0.0000 tGradient 1.8170 tsec 2.1250
#GCMRL#  240 dt  36.288000 rms  0.577  0.138% neg 0  invalid 762 tFOTS 0.0000 tGradient 1.7860 tsec 2.1540
#GCMRL#  241 dt  36.288000 rms  0.577  0.137% neg 0  invalid 762 tFOTS 0.0000 tGradient 1.8930 tsec 2.2130
#GCMRL#  242 dt  36.288000 rms  0.576  0.133% neg 0  invalid 762 tFOTS 0.0000 tGradient 1.8000 tsec 2.1590
#GCMRL#  243 dt  36.288000 rms  0.575  0.126% neg 0  invalid 762 tFOTS 0.0000 tGradient 1.7190 tsec 2.0580
#GCMRL#  244 dt  36.288000 rms  0.574  0.121% neg 0  invalid 762 tFOTS 0.0000 tGradient 1.8040 tsec 2.1140
#GCMRL#  245 dt  36.288000 rms  0.574  0.115% neg 0  invalid 762 tFOTS 0.0000 tGradient 1.9600 tsec 2.3150
#GCMRL#  246 dt  36.288000 rms  0.573  0.110% neg 0  invalid 762 tFOTS 0.0000 tGradient 1.8000 tsec 2.1760
#GCMRL#  247 dt  36.288000 rms  0.572  0.110% neg 0  invalid 762 tFOTS 0.0000 tGradient 2.3990 tsec 2.8530
#GCMRL#  248 dt  36.288000 rms  0.572  0.106% neg 0  invalid 762 tFOTS 0.0000 tGradient 2.3970 tsec 2.7570
#GCMRL#  249 dt  36.288000 rms  0.571  0.099% neg 0  invalid 762 tFOTS 0.0000 tGradient 2.2120 tsec 2.6160
#GCMRL#  250 dt  36.288000 rms  0.571  0.094% neg 0  invalid 762 tFOTS 0.0000 tGradient 1.7420 tsec 2.0610
#GCMRL#  251 dt  36.288000 rms  0.570  0.088% neg 0  invalid 762 tFOTS 0.0000 tGradient 1.8150 tsec 2.1210
#GCMRL#  252 dt  36.288000 rms  0.570  0.086% neg 0  invalid 762 tFOTS 0.0000 tGradient 1.9140 tsec 2.2340
#GCMRL#  253 dt  36.288000 rms  0.569  0.084% neg 0  invalid 762 tFOTS 0.0000 tGradient 1.8610 tsec 2.2000
#GCMRL#  254 dt  36.288000 rms  0.569  0.082% neg 0  invalid 762 tFOTS 0.0000 tGradient 1.7940 tsec 2.1470
#GCMRL#  255 dt  36.288000 rms  0.568  0.077% neg 0  invalid 762 tFOTS 0.0000 tGradient 1.8230 tsec 2.1680
#GCMRL#  256 dt  36.288000 rms  0.568  0.074% neg 0  invalid 762 tFOTS 0.0000 tGradient 1.7800 tsec 2.1010
#GCMRL#  257 dt  36.288000 rms  0.568  0.069% neg 0  invalid 762 tFOTS 0.0000 tGradient 2.0580 tsec 2.3810
#GCMRL#  258 dt  36.288000 rms  0.567  0.069% neg 0  invalid 762 tFOTS 0.0000 tGradient 1.9510 tsec 2.2980
#GCMRL#  259 dt  36.288000 rms  0.567  0.067% neg 0  invalid 762 tFOTS 0.0000 tGradient 2.2380 tsec 2.6340
#GCMRL#  260 dt  36.288000 rms  0.566  0.067% neg 0  invalid 762 tFOTS 0.0000 tGradient 2.1340 tsec 2.4800
#GCMRL#  261 dt  36.288000 rms  0.566  0.065% neg 0  invalid 762 tFOTS 0.0000 tGradient 1.9880 tsec 2.3380
#GCMRL#  262 dt  36.288000 rms  0.566  0.062% neg 0  invalid 762 tFOTS 0.0000 tGradient 2.0340 tsec 2.3790
#GCMRL#  263 dt  36.288000 rms  0.565  0.059% neg 0  invalid 762 tFOTS 0.0000 tGradient 1.7710 tsec 2.1230
#GCMRL#  264 dt  36.288000 rms  0.565  0.060% neg 0  invalid 762 tFOTS 0.0000 tGradient 1.7550 tsec 2.0770
#GCMRL#  265 dt  36.288000 rms  0.565  0.061% neg 0  invalid 762 tFOTS 0.0000 tGradient 1.7840 tsec 2.1000
#GCMRL#  266 dt  36.288000 rms  0.564  0.060% neg 0  invalid 762 tFOTS 0.0000 tGradient 1.7430 tsec 2.0770
#GCMRL#  267 dt  36.288000 rms  0.564  0.058% neg 0  invalid 762 tFOTS 0.0000 tGradient 1.7140 tsec 2.0710
#GCMRL#  268 dt  36.288000 rms  0.564  0.055% neg 0  invalid 762 tFOTS 0.0000 tGradient 1.6130 tsec 1.9720
#GCMRL#  269 dt  36.288000 rms  0.563  0.054% neg 0  invalid 762 tFOTS 0.0000 tGradient 1.7800 tsec 2.1130
#GCMRL#  270 dt  36.288000 rms  0.563  0.053% neg 0  invalid 762 tFOTS 0.0000 tGradient 1.7050 tsec 2.0350
#GCMRL#  271 dt  36.288000 rms  0.563  0.050% neg 0  invalid 762 tFOTS 0.0000 tGradient 2.0300 tsec 2.3540
#GCMRL#  272 dt  36.288000 rms  0.563  0.050% neg 0  invalid 762 tFOTS 0.0000 tGradient 1.7900 tsec 2.1340
#GCMRL#  273 dt  36.288000 rms  0.562  0.051% neg 0  invalid 762 tFOTS 0.0000 tGradient 1.7540 tsec 2.0960
#GCMRL#  274 dt  36.288000 rms  0.562  0.049% neg 0  invalid 762 tFOTS 0.0000 tGradient 1.8070 tsec 2.1560
#GCMRL#  275 dt  36.288000 rms  0.562  0.048% neg 0  invalid 762 tFOTS 0.0000 tGradient 1.7520 tsec 2.0650
#GCMRL#  276 dt  36.288000 rms  0.561  0.046% neg 0  invalid 762 tFOTS 0.0000 tGradient 1.8510 tsec 2.1700
#GCMRL#  277 dt  36.288000 rms  0.561  0.044% neg 0  invalid 762 tFOTS 0.0000 tGradient 1.9110 tsec 2.2440
#GCMRL#  278 dt  36.288000 rms  0.561  0.045% neg 0  invalid 762 tFOTS 0.0000 tGradient 2.0510 tsec 2.4460
#GCMRL#  279 dt  36.288000 rms  0.561  0.045% neg 0  invalid 762 tFOTS 0.0000 tGradient 1.9530 tsec 2.4530
#GCMRL#  280 dt  36.288000 rms  0.560  0.045% neg 0  invalid 762 tFOTS 0.0000 tGradient 1.9240 tsec 2.3000
#GCMRL#  281 dt  36.288000 rms  0.560  0.044% neg 0  invalid 762 tFOTS 0.0000 tGradient 1.7400 tsec 2.0820
#GCMRL#  282 dt  36.288000 rms  0.560  0.044% neg 0  invalid 762 tFOTS 0.0000 tGradient 1.7750 tsec 2.0960
#GCMRL#  283 dt  36.288000 rms  0.560  0.043% neg 0  invalid 762 tFOTS 0.0000 tGradient 1.8800 tsec 2.1990
#GCMRL#  284 dt  36.288000 rms  0.559  0.043% neg 0  invalid 762 tFOTS 0.0000 tGradient 1.8470 tsec 2.1710
#GCMRL#  285 dt  36.288000 rms  0.559  0.042% neg 0  invalid 762 tFOTS 0.0000 tGradient 1.7940 tsec 2.1510
#GCMRL#  286 dt  36.288000 rms  0.559  0.040% neg 0  invalid 762 tFOTS 0.0000 tGradient 1.7390 tsec 2.0860
#GCMRL#  287 dt  36.288000 rms  0.559  0.039% neg 0  invalid 762 tFOTS 0.0000 tGradient 1.8050 tsec 2.1430
#GCMRL#  288 dt  36.288000 rms  0.559  0.039% neg 0  invalid 762 tFOTS 0.0000 tGradient 1.8160 tsec 2.1830
#GCMRL#  289 dt  36.288000 rms  0.558  0.038% neg 0  invalid 762 tFOTS 0.0000 tGradient 1.8630 tsec 2.2020
#GCMRL#  290 dt  36.288000 rms  0.558  0.039% neg 0  invalid 762 tFOTS 0.0000 tGradient 1.8540 tsec 2.2160
#GCMRL#  291 dt  36.288000 rms  0.558  0.038% neg 0  invalid 762 tFOTS 0.0000 tGradient 1.7690 tsec 2.1450
#GCMRL#  292 dt  36.288000 rms  0.558  0.038% neg 0  invalid 762 tFOTS 0.0000 tGradient 1.7180 tsec 2.0730
#GCMRL#  293 dt  36.288000 rms  0.558  0.036% neg 0  invalid 762 tFOTS 0.0000 tGradient 1.7020 tsec 2.0440
#GCMRL#  294 dt  36.288000 rms  0.557  0.035% neg 0  invalid 762 tFOTS 0.0000 tGradient 1.7650 tsec 2.0920
#GCMRL#  295 dt  36.288000 rms  0.557  0.034% neg 0  invalid 762 tFOTS 0.0000 tGradient 1.8890 tsec 2.2080
#GCMRL#  296 dt  36.288000 rms  0.557  0.033% neg 0  invalid 762 tFOTS 0.0000 tGradient 1.7490 tsec 2.1130
#GCMRL#  297 dt  36.288000 rms  0.557  0.035% neg 0  invalid 762 tFOTS 0.0000 tGradient 1.7040 tsec 2.0750
#GCMRL#  298 dt  36.288000 rms  0.557  0.034% neg 0  invalid 762 tFOTS 0.0000 tGradient 1.7740 tsec 2.1000
#GCMRL#  299 dt  36.288000 rms  0.556  0.033% neg 0  invalid 762 tFOTS 0.0000 tGradient 1.7960 tsec 2.1130
#GCMRL#  300 dt  36.288000 rms  0.556  0.029% neg 0  invalid 762 tFOTS 0.0000 tGradient 1.7600 tsec 2.0850
#GCMRL#  301 dt  36.288000 rms  0.556  0.030% neg 0  invalid 762 tFOTS 0.0000 tGradient 1.9110 tsec 2.2590
#GCMRL#  302 dt  36.288000 rms  0.556  0.029% neg 0  invalid 762 tFOTS 0.0000 tGradient 1.7300 tsec 2.1100
#GCMRL#  303 dt  36.288000 rms  0.556  0.031% neg 0  invalid 762 tFOTS 0.0000 tGradient 1.7440 tsec 2.1430
#GCMRL#  304 dt  36.288000 rms  0.556  0.030% neg 0  invalid 762 tFOTS 0.0000 tGradient 1.7680 tsec 2.1350
#GCMRL#  305 dt  36.288000 rms  0.555  0.029% neg 0  invalid 762 tFOTS 0.0000 tGradient 1.8550 tsec 2.1700
#GCMRL#  306 dt  36.288000 rms  0.555  0.028% neg 0  invalid 762 tFOTS 0.0000 tGradient 1.7960 tsec 2.1350
#GCMRL#  307 dt  36.288000 rms  0.555  0.029% neg 0  invalid 762 tFOTS 0.0000 tGradient 1.8910 tsec 2.2530
#GCMRL#  308 dt  36.288000 rms  0.555  0.027% neg 0  invalid 762 tFOTS 0.0000 tGradient 1.7150 tsec 2.1060
#GCMRL#  309 dt  36.288000 rms  0.555  0.027% neg 0  invalid 762 tFOTS 0.0000 tGradient 1.7160 tsec 2.0550
#GCMRL#  310 dt  36.288000 rms  0.555  0.025% neg 0  invalid 762 tFOTS 0.0000 tGradient 1.8750 tsec 2.1950
#GCMRL#  311 dt  36.288000 rms  0.555  0.025% neg 0  invalid 762 tFOTS 0.0000 tGradient 1.8610 tsec 2.2030
#GCMRL#  312 dt  36.288000 rms  0.554  0.026% neg 0  invalid 762 tFOTS 0.0000 tGradient 1.9160 tsec 2.2490
#GCMRL#  313 dt  36.288000 rms  0.554  0.026% neg 0  invalid 762 tFOTS 0.0000 tGradient 1.7810 tsec 2.1400
#GCMRL#  314 dt  36.288000 rms  0.554  0.024% neg 0  invalid 762 tFOTS 0.0000 tGradient 1.7510 tsec 2.1110
#GCMRL#  315 dt  36.288000 rms  0.554  0.025% neg 0  invalid 762 tFOTS 0.0000 tGradient 1.8010 tsec 2.1330
#GCMRL#  316 dt  36.288000 rms  0.554  0.024% neg 0  invalid 762 tFOTS 0.0000 tGradient 1.8270 tsec 2.1740
#GCMRL#  317 dt  36.288000 rms  0.554  0.024% neg 0  invalid 762 tFOTS 0.0000 tGradient 2.1520 tsec 2.5680
#GCMRL#  318 dt  36.288000 rms  0.554  0.023% neg 0  invalid 762 tFOTS 0.0000 tGradient 2.0150 tsec 2.3780
#FOTS# QuadFit found better minimum quadopt=(dt=2322.43,rms=0.553223) vs oldopt=(dt=1658.88,rms=0.553262)
#GCMRL#  319 dt 2322.432000 rms  0.553  0.062% neg 0  invalid 762 tFOTS 5.2970 tGradient 1.8380 tsec 7.5140
#FOTS# QuadFit found better minimum quadopt=(dt=36.288,rms=0.552973) vs oldopt=(dt=25.92,rms=0.553017)
#GCMRL#  320 dt  36.288000 rms  0.553  0.000% neg 0  invalid 762 tFOTS 5.0510 tGradient 1.8110 tsec 7.2610
#GCMRL#  321 dt  36.288000 rms  0.553  0.015% neg 0  invalid 762 tFOTS 0.0000 tGradient 1.7600 tsec 2.1040
#GCMRL#  322 dt  36.288000 rms  0.553  0.012% neg 0  invalid 762 tFOTS 0.0000 tGradient 1.7350 tsec 2.0920
#GCMRL#  323 dt  36.288000 rms  0.553  0.007% neg 0  invalid 762 tFOTS 0.0000 tGradient 1.7280 tsec 2.1170
#FOTS# QuadFit found better minimum quadopt=(dt=36.288,rms=0.552758) vs oldopt=(dt=25.92,rms=0.55276)

#GCAMreg# pass 0 level1 4 level2 1 tsec 448.461 sigma 0.5
l_jacobian=1.00 l_label=1.00 l_log_likelihood=0.20 l_smoothness=0.03 
tol=5.00e-02, dt=5.00e-02, exp_k=20.0, momentum=0.90, levels=6, niter=500, lbl_dist=10.00, avgs=64, sigma=0.5,type=2, relabel=0, neg=no

blurring input image with Gaussian with sigma=0.500...
GCAMRegisterLevel(): init RMS 0.553557
#FOTS# QuadFit found better minimum quadopt=(dt=145.152,rms=0.551606) vs oldopt=(dt=103.68,rms=0.551682)
#GCMRL#  325 dt 145.152000 rms  0.552  0.353% neg 0  invalid 762 tFOTS 5.2790 tGradient 1.9260 tsec 7.5750
#FOTS# QuadFit found better minimum quadopt=(dt=82.944,rms=0.55121) vs oldopt=(dt=103.68,rms=0.55126)
#GCMRL#  326 dt  82.944000 rms  0.551  0.072% neg 0  invalid 762 tFOTS 5.0290 tGradient 1.7950 tsec 7.2240
#FOTS# QuadFit found better minimum quadopt=(dt=82.944,rms=0.55095) vs oldopt=(dt=103.68,rms=0.550963)
#GCMRL#  327 dt  82.944000 rms  0.551  0.000% neg 0  invalid 762 tFOTS 5.5570 tGradient 1.7150 tsec 7.6940
#GCMRL#  328 dt  82.944000 rms  0.551  0.026% neg 0  invalid 762 tFOTS 0.0000 tGradient 1.7680 tsec 2.1030
#GCMRL#  329 dt  82.944000 rms  0.550  0.057% neg 0  invalid 762 tFOTS 0.0000 tGradient 1.7980 tsec 2.1340
#GCMRL#  330 dt  82.944000 rms  0.550  0.059% neg 0  invalid 762 tFOTS 0.0000 tGradient 1.8070 tsec 2.1450
#GCMRL#  331 dt  82.944000 rms  0.550  0.061% neg 0  invalid 762 tFOTS 0.0000 tGradient 1.8380 tsec 2.1910
#GCMRL#  332 dt  82.944000 rms  0.550  0.052% neg 0  invalid 762 tFOTS 0.0000 tGradient 1.6880 tsec 2.0660
#GCMRL#  333 dt  82.944000 rms  0.549  0.059% neg 0  invalid 762 tFOTS 0.0000 tGradient 1.9600 tsec 2.2930
#GCMRL#  334 dt  82.944000 rms  0.549  0.039% neg 0  invalid 762 tFOTS 0.0000 tGradient 1.6820 tsec 2.0060
#GCMRL#  335 dt  82.944000 rms  0.549  0.053% neg 0  invalid 762 tFOTS 0.0000 tGradient 1.7590 tsec 2.0780
#GCMRL#  336 dt  82.944000 rms  0.548  0.042% neg 0  invalid 762 tFOTS 0.0000 tGradient 1.9120 tsec 2.2370
#GCMRL#  337 dt  82.944000 rms  0.548  0.059% neg 0  invalid 762 tFOTS 0.0000 tGradient 1.8450 tsec 2.1850
#GCMRL#  338 dt  82.944000 rms  0.548  0.043% neg 0  invalid 762 tFOTS 0.0000 tGradient 1.7320 tsec 2.0770
#GCMRL#  339 dt  82.944000 rms  0.548  0.060% neg 0  invalid 762 tFOTS 0.0000 tGradient 1.8430 tsec 2.1820
#GCMRL#  340 dt  82.944000 rms  0.547  0.055% neg 0  invalid 762 tFOTS 0.0000 tGradient 1.7650 tsec 2.0880
#GCMRL#  341 dt  82.944000 rms  0.547  0.056% neg 0  invalid 762 tFOTS 0.0000 tGradient 1.7950 tsec 2.1230
#GCMRL#  342 dt  82.944000 rms  0.547  0.054% neg 0  invalid 762 tFOTS 0.0000 tGradient 2.2870 tsec 2.6760
#GCMRL#  343 dt  82.944000 rms  0.546  0.056% neg 0  invalid 762 tFOTS 0.0000 tGradient 2.2230 tsec 2.6130
#GCMRL#  344 dt  82.944000 rms  0.546  0.049% neg 0  invalid 762 tFOTS 0.0000 tGradient 2.2180 tsec 2.6190
#GCMRL#  345 dt  82.944000 rms  0.546  0.043% neg 0  invalid 762 tFOTS 0.0000 tGradient 2.2580 tsec 2.6470
#GCMRL#  346 dt  82.944000 rms  0.546  0.044% neg 0  invalid 762 tFOTS 0.0000 tGradient 2.2970 tsec 2.6720
#GCMRL#  347 dt  82.944000 rms  0.545  0.040% neg 0  invalid 762 tFOTS 0.0000 tGradient 2.3080 tsec 2.7000
#GCMRL#  348 dt  82.944000 rms  0.545  0.043% neg 0  invalid 762 tFOTS 0.0000 tGradient 2.2790 tsec 2.6680
#GCMRL#  349 dt  82.944000 rms  0.545  0.038% neg 0  invalid 762 tFOTS 0.0000 tGradient 2.3240 tsec 2.7130
#GCMRL#  350 dt  82.944000 rms  0.545  0.041% neg 0  invalid 762 tFOTS 0.0000 tGradient 2.4710 tsec 2.8440
#GCMRL#  351 dt  82.944000 rms  0.545  0.043% neg 0  invalid 762 tFOTS 0.0000 tGradient 2.3860 tsec 2.8030
#GCMRL#  352 dt  82.944000 rms  0.544  0.041% neg 0  invalid 762 tFOTS 0.0000 tGradient 2.3510 tsec 2.7700
#GCMRL#  353 dt  82.944000 rms  0.544  0.034% neg 0  invalid 762 tFOTS 0.0000 tGradient 2.0330 tsec 2.4240
#GCMRL#  354 dt  82.944000 rms  0.544  0.035% neg 0  invalid 762 tFOTS 0.0000 tGradient 2.0330 tsec 2.4070
#GCMRL#  355 dt  82.944000 rms  0.544  0.038% neg 0  invalid 762 tFOTS 0.0000 tGradient 2.0400 tsec 2.4180
#GCMRL#  356 dt  82.944000 rms  0.544  0.038% neg 0  invalid 762 tFOTS 0.0000 tGradient 2.1080 tsec 2.4860
#GCMRL#  357 dt  82.944000 rms  0.543  0.038% neg 0  invalid 762 tFOTS 0.0000 tGradient 2.0220 tsec 2.4170
#GCMRL#  358 dt  82.944000 rms  0.543  0.039% neg 0  invalid 762 tFOTS 0.0000 tGradient 2.2290 tsec 2.6760
#GCMRL#  359 dt  82.944000 rms  0.543  0.034% neg 0  invalid 762 tFOTS 0.0000 tGradient 1.9860 tsec 2.4430
#GCMRL#  360 dt  82.944000 rms  0.543  0.028% neg 0  invalid 762 tFOTS 0.0000 tGradient 1.8980 tsec 2.2900
#GCMRL#  361 dt  82.944000 rms  0.543  0.030% neg 0  invalid 762 tFOTS 0.0000 tGradient 1.9880 tsec 2.4090
#GCMRL#  362 dt  82.944000 rms  0.542  0.034% neg 0  invalid 762 tFOTS 0.0000 tGradient 1.9310 tsec 2.3430
#GCMRL#  363 dt  82.944000 rms  0.542  0.029% neg 0  invalid 762 tFOTS 0.0000 tGradient 2.3110 tsec 2.7050
#GCMRL#  364 dt  82.944000 rms  0.542  0.026% neg 0  invalid 762 tFOTS 0.0000 tGradient 2.3500 tsec 2.7600
#GCMRL#  365 dt  82.944000 rms  0.542  0.028% neg 0  invalid 762 tFOTS 0.0000 tGradient 2.2520 tsec 2.6430
#GCMRL#  366 dt  82.944000 rms  0.542  0.028% neg 0  invalid 762 tFOTS 0.0000 tGradient 2.3510 tsec 2.7840
#GCMRL#  367 dt  82.944000 rms  0.542  0.027% neg 0  invalid 762 tFOTS 0.0000 tGradient 2.0450 tsec 2.4370
#GCMRL#  368 dt  82.944000 rms  0.542  0.024% neg 0  invalid 762 tFOTS 0.0000 tGradient 2.0250 tsec 2.4060
#GCMRL#  369 dt  82.944000 rms  0.541  0.025% neg 0  invalid 762 tFOTS 0.0000 tGradient 2.0500 tsec 2.4600
#GCMRL#  370 dt  82.944000 rms  0.541  0.026% neg 0  invalid 762 tFOTS 0.0000 tGradient 2.0500 tsec 2.4600
#GCMRL#  371 dt  82.944000 rms  0.541  0.024% neg 0  invalid 762 tFOTS 0.0000 tGradient 2.0040 tsec 2.3580
#GCMRL#  372 dt  82.944000 rms  0.541  0.025% neg 0  invalid 762 tFOTS 0.0000 tGradient 1.9650 tsec 2.3200
#GCMRL#  373 dt  82.944000 rms  0.541  0.025% neg 0  invalid 762 tFOTS 0.0000 tGradient 2.0170 tsec 2.3820
#GCMRL#  374 dt  82.944000 rms  0.541  0.024% neg 0  invalid 762 tFOTS 0.0000 tGradient 2.0500 tsec 2.4390
#FOTS# QuadFit found better minimum quadopt=(dt=145.152,rms=0.540716) vs oldopt=(dt=103.68,rms=0.54072)
#GCMRL#  375 dt 145.152000 rms  0.541  0.000% neg 0  invalid 762 tFOTS 6.3280 tGradient 2.0220 tsec 8.7800
#GCMRL#  376 dt 145.152000 rms  0.541  0.001% neg 0  invalid 762 tFOTS 0.0000 tGradient 2.2830 tsec 2.6830
#GCMRL#  377 dt 145.152000 rms  0.541  0.001% neg 0  invalid 762 tFOTS 0.0000 tGradient 2.3020 tsec 2.6870
#GCMRL#  378 dt 145.152000 rms  0.541  0.019% neg 0  invalid 762 tFOTS 0.0000 tGradient 2.2200 tsec 2.6230
setting smoothness cost coefficient to 0.118

#GCAMreg# pass 0 level1 3 level2 0 tsec 0 sigma 2
l_jacobian=1.00 l_label=1.00 l_log_likelihood=0.20 l_smoothness=0.12 
tol=5.00e-02, dt=5.00e-02, exp_k=20.0, momentum=0.90, levels=6, niter=500, lbl_dist=10.00, avgs=16, sigma=2.0,type=2, relabel=0, neg=no

blurring input image with Gaussian with sigma=2.000...
GCAMRegisterLevel(): init RMS 0.554503
#GCMRL#  380 dt  32.000000 rms  0.552  0.415% neg 0  invalid 762 tFOTS 5.9730 tGradient 1.9610 tsec 8.3530
#FOTS# QuadFit found better minimum quadopt=(dt=109.613,rms=0.548431) vs oldopt=(dt=128,rms=0.548584)
#GCMRL#  381 dt 109.613260 rms  0.548  0.683% neg 0  invalid 762 tFOTS 5.5990 tGradient 2.0520 tsec 8.0690
#FOTS# QuadFit found better minimum quadopt=(dt=91.2659,rms=0.543842) vs oldopt=(dt=128,rms=0.544499)
#GCMRL#  382 dt  91.265851 rms  0.544  0.837% neg 0  invalid 762 tFOTS 5.8840 tGradient 1.7710 tsec 8.0920
#GCMRL#  383 dt  32.000000 rms  0.540  0.702% neg 0  invalid 762 tFOTS 5.4120 tGradient 1.9030 tsec 7.7640
#FOTS# QuadFit found better minimum quadopt=(dt=38.4,rms=0.539019) vs oldopt=(dt=32,rms=0.53903)
#GCMRL#  384 dt  38.400000 rms  0.539  0.186% neg 0  invalid 762 tFOTS 5.5440 tGradient 1.7340 tsec 7.6910
#FOTS# QuadFit found better minimum quadopt=(dt=44.8,rms=0.537161) vs oldopt=(dt=32,rms=0.537442)
#GCMRL#  385 dt  44.800000 rms  0.537  0.345% neg 0  invalid 762 tFOTS 5.5550 tGradient 1.7160 tsec 7.6920
#FOTS# QuadFit found better minimum quadopt=(dt=25.6,rms=0.536331) vs oldopt=(dt=32,rms=0.536342)
#GCMRL#  386 dt  25.600000 rms  0.536  0.155% neg 0  invalid 762 tFOTS 5.3910 tGradient 1.7380 tsec 7.5360
#FOTS# QuadFit found better minimum quadopt=(dt=102.4,rms=0.53437) vs oldopt=(dt=128,rms=0.534436)
#GCMRL#  387 dt 102.400000 rms  0.534  0.366% neg 0  invalid 762 tFOTS 5.0700 tGradient 1.7280 tsec 7.1810
#FOTS# QuadFit found better minimum quadopt=(dt=25.6,rms=0.532831) vs oldopt=(dt=32,rms=0.532989)
#GCMRL#  388 dt  25.600000 rms  0.533  0.288% neg 0  invalid 762 tFOTS 5.4200 tGradient 1.8410 tsec 7.7030
#FOTS# QuadFit found better minimum quadopt=(dt=44.8,rms=0.531394) vs oldopt=(dt=32,rms=0.531621)
#GCMRL#  389 dt  44.800000 rms  0.531  0.270% neg 0  invalid 762 tFOTS 5.7340 tGradient 1.7820 tsec 7.9210
#GCMRL#  390 dt  32.000000 rms  0.531  0.094% neg 0  invalid 762 tFOTS 5.4290 tGradient 1.9170 tsec 7.7430
#FOTS# QuadFit found better minimum quadopt=(dt=44.8,rms=0.529727) vs oldopt=(dt=32,rms=0.529911)
#GCMRL#  391 dt  44.800000 rms  0.530  0.220% neg 0  invalid 762 tFOTS 5.4390 tGradient 1.7240 tsec 7.5700
#FOTS# QuadFit found better minimum quadopt=(dt=19.2,rms=0.529421) vs oldopt=(dt=32,rms=0.529477)
#GCMRL#  392 dt  19.200000 rms  0.529  0.058% neg 0  invalid 762 tFOTS 5.6210 tGradient 1.8700 tsec 7.9070
#FOTS# QuadFit found better minimum quadopt=(dt=179.2,rms=0.526026) vs oldopt=(dt=128,rms=0.526843)
#GCMRL#  393 dt 179.200000 rms  0.526  0.641% neg 0  invalid 762 tFOTS 5.1100 tGradient 1.5840 tsec 7.0980
#FOTS# QuadFit found better minimum quadopt=(dt=19.2,rms=0.525728) vs oldopt=(dt=32,rms=0.525832)
#GCMRL#  394 dt  19.200000 rms  0.526  0.057% neg 0  invalid 762 tFOTS 5.5520 tGradient 1.9980 tsec 7.9640
#FOTS# QuadFit found better minimum quadopt=(dt=179.2,rms=0.523886) vs oldopt=(dt=128,rms=0.524219)
#GCMRL#  395 dt 179.200000 rms  0.524  0.350% neg 0  invalid 762 tFOTS 5.3110 tGradient 1.7050 tsec 7.4990
#GCMRL#  396 dt  32.000000 rms  0.523  0.183% neg 0  invalid 762 tFOTS 6.0150 tGradient 2.0040 tsec 8.4820
#GCMRL#  397 dt  32.000000 rms  0.523  0.074% neg 0  invalid 762 tFOTS 5.5160 tGradient 1.8870 tsec 7.8360
#FOTS# QuadFit found better minimum quadopt=(dt=44.8,rms=0.521999) vs oldopt=(dt=32,rms=0.522053)
#GCMRL#  398 dt  44.800000 rms  0.522  0.103% neg 0  invalid 762 tFOTS 5.5860 tGradient 1.6600 tsec 7.6910
#FOTS# QuadFit found better minimum quadopt=(dt=19.2,rms=0.52178) vs oldopt=(dt=32,rms=0.521856)
#GCMRL#  399 dt  19.200000 rms  0.522  0.000% neg 0  invalid 762 tFOTS 5.5100 tGradient 1.9160 tsec 7.9210
#GCMRL#  400 dt  19.200000 rms  0.522  0.047% neg 0  invalid 762 tFOTS 0.0000 tGradient 1.8930 tsec 2.2830
#GCMRL#  401 dt  19.200000 rms  0.521  0.073% neg 0  invalid 762 tFOTS 0.0000 tGradient 1.6240 tsec 2.0350
#GCMRL#  402 dt  19.200000 rms  0.521  0.104% neg 0  invalid 762 tFOTS 0.0000 tGradient 1.6010 tsec 1.9880
#GCMRL#  403 dt  19.200000 rms  0.520  0.118% neg 0  invalid 762 tFOTS 0.0000 tGradient 1.6500 tsec 2.0430
#GCMRL#  404 dt  19.200000 rms  0.519  0.133% neg 0  invalid 762 tFOTS 0.0000 tGradient 1.6420 tsec 1.9990
#GCMRL#  405 dt  19.200000 rms  0.519  0.149% neg 0  invalid 762 tFOTS 0.0000 tGradient 1.7070 tsec 2.0790
#GCMRL#  406 dt   9.600000 rms  0.518  0.017% neg 0  invalid 762 tFOTS 0.0000 tGradient 1.6810 tsec 2.5450
#GCMRL#  407 dt   2.400000 rms  0.518  0.004% neg 0  invalid 762 tFOTS 0.0000 tGradient 1.5990 tsec 2.6830
#FOTS# QuadFit found better minimum quadopt=(dt=0.7,rms=0.518421) vs oldopt=(dt=0.5,rms=0.518423)
#GCMRL#  408 dt   0.700000 rms  0.518  0.000% neg 0  invalid 762 tFOTS 4.2740 tGradient 1.6440 tsec 6.3510
#GCMRL#  409 dt   0.700000 rms  0.518  0.001% neg 0  invalid 762 tFOTS 0.0000 tGradient 1.6820 tsec 2.0240
#GCMRL#  410 dt   0.350000 rms  0.518  0.001% neg 0  invalid 762 tFOTS 0.0000 tGradient 1.7180 tsec 2.5210

#GCAMreg# pass 0 level1 3 level2 1 tsec 195.707 sigma 0.5
l_jacobian=1.00 l_label=1.00 l_log_likelihood=0.20 l_smoothness=0.12 
tol=5.00e-02, dt=5.00e-02, exp_k=20.0, momentum=0.90, levels=6, niter=500, lbl_dist=10.00, avgs=16, sigma=0.5,type=2, relabel=0, neg=no

blurring input image with Gaussian with sigma=0.500...
GCAMRegisterLevel(): init RMS 0.519127
#FOTS# QuadFit found better minimum quadopt=(dt=44.8,rms=0.516649) vs oldopt=(dt=32,rms=0.516945)
#GCMRL#  412 dt  44.800000 rms  0.517  0.477% neg 0  invalid 762 tFOTS 5.7550 tGradient 1.7070 tsec 7.9000
#FOTS# QuadFit found better minimum quadopt=(dt=44.8,rms=0.515862) vs oldopt=(dt=32,rms=0.515999)
#GCMRL#  413 dt  44.800000 rms  0.516  0.152% neg 0  invalid 762 tFOTS 5.5140 tGradient 1.6580 tsec 7.6300
#GCMRL#  414 dt  32.000000 rms  0.515  0.093% neg 0  invalid 762 tFOTS 6.1520 tGradient 1.9820 tsec 8.6120
#FOTS# QuadFit found better minimum quadopt=(dt=25.6,rms=0.515152) vs oldopt=(dt=32,rms=0.515168)
#GCMRL#  415 dt  25.600000 rms  0.515  0.000% neg 0  invalid 762 tFOTS 5.9440 tGradient 1.8880 tsec 8.3080
#GCMRL#  416 dt  25.600000 rms  0.515  0.086% neg 0  invalid 762 tFOTS 0.0000 tGradient 1.9050 tsec 2.3940
#GCMRL#  417 dt  25.600000 rms  0.514  0.084% neg 0  invalid 762 tFOTS 0.0000 tGradient 2.0310 tsec 2.4790
#GCMRL#  418 dt  25.600000 rms  0.514  0.093% neg 0  invalid 762 tFOTS 0.0000 tGradient 1.9470 tsec 2.3780
#GCMRL#  419 dt  25.600000 rms  0.513  0.146% neg 0  invalid 762 tFOTS 0.0000 tGradient 1.9630 tsec 2.4000
#GCMRL#  420 dt  25.600000 rms  0.512  0.159% neg 0  invalid 762 tFOTS 0.0000 tGradient 1.9660 tsec 2.3180
#GCMRL#  421 dt  25.600000 rms  0.512  0.128% neg 0  invalid 762 tFOTS 0.0000 tGradient 2.1060 tsec 2.5100
#GCMRL#  422 dt  25.600000 rms  0.511  0.121% neg 0  invalid 762 tFOTS 0.0000 tGradient 1.9320 tsec 2.3390
#GCMRL#  423 dt  25.600000 rms  0.510  0.168% neg 0  invalid 762 tFOTS 0.0000 tGradient 2.0270 tsec 2.4400
#GCMRL#  424 dt  25.600000 rms  0.509  0.154% neg 0  invalid 762 tFOTS 0.0000 tGradient 1.7070 tsec 2.1020
#GCMRL#  425 dt  25.600000 rms  0.509  0.141% neg 0  invalid 762 tFOTS 0.0000 tGradient 1.6390 tsec 2.0830
#GCMRL#  426 dt  25.600000 rms  0.508  0.131% neg 0  invalid 762 tFOTS 0.0000 tGradient 1.9290 tsec 2.3640
#GCMRL#  427 dt  25.600000 rms  0.507  0.168% neg 0  invalid 762 tFOTS 0.0000 tGradient 1.8300 tsec 2.2560
#GCMRL#  428 dt  25.600000 rms  0.506  0.152% neg 0  invalid 762 tFOTS 0.0000 tGradient 1.9120 tsec 2.3090
#GCMRL#  429 dt  25.600000 rms  0.506  0.119% neg 0  invalid 762 tFOTS 0.0000 tGradient 1.9420 tsec 2.3400
#GCMRL#  430 dt  25.600000 rms  0.505  0.120% neg 0  invalid 762 tFOTS 0.0000 tGradient 1.9230 tsec 2.3230
#GCMRL#  431 dt  25.600000 rms  0.504  0.137% neg 0  invalid 762 tFOTS 0.0000 tGradient 1.9650 tsec 2.4010
#GCMRL#  432 dt  25.600000 rms  0.504  0.107% neg 0  invalid 762 tFOTS 0.0000 tGradient 1.9160 tsec 2.3320
#GCMRL#  433 dt  25.600000 rms  0.503  0.091% neg 0  invalid 762 tFOTS 0.0000 tGradient 1.6420 tsec 2.0410
#GCMRL#  434 dt  25.600000 rms  0.503  0.105% neg 0  invalid 762 tFOTS 0.0000 tGradient 1.9330 tsec 2.3600
#GCMRL#  435 dt  25.600000 rms  0.502  0.095% neg 0  invalid 762 tFOTS 0.0000 tGradient 1.9530 tsec 2.4000
#GCMRL#  436 dt  25.600000 rms  0.502  0.074% neg 0  invalid 762 tFOTS 0.0000 tGradient 1.9460 tsec 2.3050
#GCMRL#  437 dt  25.600000 rms  0.502  0.013% neg 0  invalid 762 tFOTS 0.0000 tGradient 1.8640 tsec 2.5220
#GCMRL#  438 dt  25.600000 rms  0.502  0.029% neg 0  invalid 762 tFOTS 0.0000 tGradient 1.9510 tsec 2.3610
#GCMRL#  439 dt  25.600000 rms  0.502  0.016% neg 0  invalid 762 tFOTS 0.0000 tGradient 1.9430 tsec 2.3660
#GCMRL#  440 dt  25.600000 rms  0.502  0.005% neg 0  invalid 762 tFOTS 0.0000 tGradient 1.8510 tsec 2.2710
#FOTS# QuadFit found better minimum quadopt=(dt=76.8,rms=0.501609) vs oldopt=(dt=128,rms=0.501623)
#GCMRL#  441 dt  76.800000 rms  0.502  0.021% neg 0  invalid 762 tFOTS 5.7400 tGradient 1.8190 tsec 7.9720
#FOTS# QuadFit found better minimum quadopt=(dt=2.8,rms=0.501621) vs oldopt=(dt=2,rms=0.501622)
setting smoothness cost coefficient to 0.400

#GCAMreg# pass 0 level1 2 level2 0 tsec 0 sigma 2
l_jacobian=1.00 l_label=1.00 l_log_likelihood=0.20 l_smoothness=0.40 
tol=5.00e-02, dt=5.00e-02, exp_k=20.0, momentum=0.90, levels=6, niter=500, lbl_dist=10.00, avgs=4, sigma=2.0,type=2, relabel=0, neg=no

blurring input image with Gaussian with sigma=2.000...
GCAMRegisterLevel(): init RMS 0.53147
#GCMRL#  443 dt   0.000000 rms  0.531  0.117% neg 0  invalid 762 tFOTS 5.1040 tGradient 1.5260 tsec 7.0530
#GCMRL#  444 dt   0.150000 rms  0.531  0.000% neg 0  invalid 762 tFOTS 5.2920 tGradient 1.6050 tsec 7.6110

#GCAMreg# pass 0 level1 2 level2 1 tsec 25.167 sigma 0.5
l_jacobian=1.00 l_label=1.00 l_log_likelihood=0.20 l_smoothness=0.40 
tol=5.00e-02, dt=5.00e-02, exp_k=20.0, momentum=0.90, levels=6, niter=500, lbl_dist=10.00, avgs=4, sigma=0.5,type=2, relabel=0, neg=no

blurring input image with Gaussian with sigma=0.500...
GCAMRegisterLevel(): init RMS 0.53147
#GCMRL#  446 dt   0.000000 rms  0.531  0.117% neg 0  invalid 762 tFOTS 4.8730 tGradient 1.5150 tsec 6.7820
#GCMRL#  447 dt   0.150000 rms  0.531  0.000% neg 0  invalid 762 tFOTS 4.7980 tGradient 1.4560 tsec 6.9170
setting smoothness cost coefficient to 1.000

#GCAMreg# pass 0 level1 1 level2 0 tsec 0 sigma 2
l_jacobian=1.00 l_label=1.00 l_log_likelihood=0.20 l_smoothness=1.00 
tol=5.00e-02, dt=5.00e-02, exp_k=20.0, momentum=0.90, levels=6, niter=500, lbl_dist=10.00, avgs=1, sigma=2.0,type=2, relabel=0, neg=no

blurring input image with Gaussian with sigma=2.000...
GCAMRegisterLevel(): init RMS 0.588712
#FOTS# QuadFit found better minimum quadopt=(dt=1.792,rms=0.582047) vs oldopt=(dt=1.28,rms=0.582577)
#GCMRL#  449 dt   1.792000 rms  0.582  1.132% neg 0  invalid 762 tFOTS 4.4670 tGradient 1.3690 tsec 6.2220
#GCMRL#  450 dt   0.320000 rms  0.582  0.000% neg 0  invalid 762 tFOTS 4.3160 tGradient 1.3470 tsec 6.0830

#GCAMreg# pass 0 level1 1 level2 1 tsec 22.743 sigma 0.5
l_jacobian=1.00 l_label=1.00 l_log_likelihood=0.20 l_smoothness=1.00 
tol=5.00e-02, dt=5.00e-02, exp_k=20.0, momentum=0.90, levels=6, niter=500, lbl_dist=10.00, avgs=1, sigma=0.5,type=2, relabel=0, neg=no

blurring input image with Gaussian with sigma=0.500...
GCAMRegisterLevel(): init RMS 0.582524
#FOTS# QuadFit found better minimum quadopt=(dt=0.448,rms=0.581735) vs oldopt=(dt=0.32,rms=0.581767)
#GCMRL#  452 dt   0.448000 rms  0.582  0.135% neg 0  invalid 762 tFOTS 4.5430 tGradient 1.3670 tsec 6.3110
#FOTS# QuadFit found better minimum quadopt=(dt=0.112,rms=0.581713) vs oldopt=(dt=0.08,rms=0.581716)
#GCMRL#  453 dt   0.112000 rms  0.582  0.000% neg 0  invalid 762 tFOTS 5.0400 tGradient 1.4130 tsec 6.8730
#GCMRL#  454 dt   0.112000 rms  0.582  0.000% neg 0  invalid 762 tFOTS 0.0000 tGradient 1.4010 tsec 1.7600
resetting metric properties...
setting smoothness cost coefficient to 2.000

#GCAMreg# pass 0 level1 0 level2 0 tsec 0 sigma 2
l_jacobian=1.00 l_label=1.00 l_log_likelihood=0.20 l_smoothness=2.00 
tol=5.00e-02, dt=5.00e-02, exp_k=20.0, momentum=0.90, levels=6, niter=500, lbl_dist=10.00, avgs=0, sigma=2.0,type=2, relabel=0, neg=no

blurring input image with Gaussian with sigma=2.000...
GCAMRegisterLevel(): init RMS 0.515732
#FOTS# QuadFit found better minimum quadopt=(dt=0.448,rms=0.502291) vs oldopt=(dt=0.32,rms=0.505765)
#GCMRL#  456 dt   0.448000 rms  0.502  2.606% neg 0  invalid 762 tFOTS 4.6610 tGradient 0.8830 tsec 5.9680
#FOTS# QuadFit found better minimum quadopt=(dt=0.448,rms=0.499007) vs oldopt=(dt=0.32,rms=0.499916)
#GCMRL#  457 dt   0.448000 rms  0.499  0.654% neg 0  invalid 762 tFOTS 4.5730 tGradient 0.8140 tsec 5.7700
#FOTS# QuadFit found better minimum quadopt=(dt=0.448,rms=0.497064) vs oldopt=(dt=0.32,rms=0.49761)
#GCMRL#  458 dt   0.448000 rms  0.497  0.389% neg 0  invalid 762 tFOTS 4.5700 tGradient 0.7640 tsec 5.7210
#FOTS# QuadFit found better minimum quadopt=(dt=0.448,rms=0.495815) vs oldopt=(dt=0.32,rms=0.496162)
#GCMRL#  459 dt   0.448000 rms  0.496  0.251% neg 0  invalid 762 tFOTS 4.6760 tGradient 0.8070 tsec 5.8730
#FOTS# QuadFit found better minimum quadopt=(dt=0.448,rms=0.494886) vs oldopt=(dt=0.32,rms=0.495146)
#GCMRL#  460 dt   0.448000 rms  0.495  0.187% neg 0  invalid 762 tFOTS 4.6890 tGradient 0.7850 tsec 5.8830
#FOTS# QuadFit found better minimum quadopt=(dt=0.448,rms=0.494205) vs oldopt=(dt=0.32,rms=0.494395)
#GCMRL#  461 dt   0.448000 rms  0.494  0.138% neg 0  invalid 762 tFOTS 4.6640 tGradient 0.8270 tsec 5.8700
#FOTS# QuadFit found better minimum quadopt=(dt=0.448,rms=0.493649) vs oldopt=(dt=0.32,rms=0.493804)
#GCMRL#  462 dt   0.448000 rms  0.494  0.113% neg 0  invalid 762 tFOTS 4.5680 tGradient 0.7640 tsec 5.7140
#FOTS# QuadFit found better minimum quadopt=(dt=0.448,rms=0.493212) vs oldopt=(dt=0.32,rms=0.49333)
#GCMRL#  463 dt   0.448000 rms  0.493  0.088% neg 0  invalid 762 tFOTS 4.6440 tGradient 0.7670 tsec 5.8000
#FOTS# QuadFit found better minimum quadopt=(dt=0.448,rms=0.49284) vs oldopt=(dt=0.32,rms=0.492943)
#GCMRL#  464 dt   0.448000 rms  0.493  0.076% neg 0  invalid 762 tFOTS 4.6130 tGradient 0.7580 tsec 5.7530
#FOTS# QuadFit found better minimum quadopt=(dt=0.448,rms=0.492539) vs oldopt=(dt=0.32,rms=0.492618)
#GCMRL#  465 dt   0.448000 rms  0.493  0.061% neg 0  invalid 762 tFOTS 4.6740 tGradient 0.7680 tsec 5.8780
#FOTS# QuadFit found better minimum quadopt=(dt=0.448,rms=0.492267) vs oldopt=(dt=0.32,rms=0.49234)
#GCMRL#  466 dt   0.448000 rms  0.492  0.055% neg 0  invalid 762 tFOTS 4.9560 tGradient 0.8530 tsec 6.2330
#FOTS# QuadFit found better minimum quadopt=(dt=0.448,rms=0.492043) vs oldopt=(dt=0.32,rms=0.492098)
#GCMRL#  467 dt   0.448000 rms  0.492  0.000% neg 0  invalid 762 tFOTS 4.8430 tGradient 0.8770 tsec 6.1320
#GCMRL#  468 dt   0.448000 rms  0.492  0.039% neg 0  invalid 762 tFOTS 0.0000 tGradient 0.7650 tsec 1.1570
#GCMRL#  469 dt   0.448000 rms  0.491  0.072% neg 0  invalid 762 tFOTS 0.0000 tGradient 0.7750 tsec 1.1570
#GCMRL#  470 dt   0.448000 rms  0.491  0.026% neg 0  invalid 762 tFOTS 0.0000 tGradient 0.7860 tsec 1.3840
#GCMRL#  471 dt   0.448000 rms  0.491  0.049% neg 0  invalid 762 tFOTS 0.0000 tGradient 0.8040 tsec 1.2010
#GCMRL#  472 dt   0.448000 rms  0.491  0.021% neg 0  invalid 762 tFOTS 0.0000 tGradient 0.8490 tsec 1.4560
#GCMRL#  473 dt   0.448000 rms  0.491  0.034% neg 0  invalid 762 tFOTS 0.0000 tGradient 0.8290 tsec 1.2260
#GCMRL#  474 dt   0.448000 rms  0.491  0.044% neg 0  invalid 762 tFOTS 0.0000 tGradient 0.8290 tsec 1.2200
#GCMRL#  475 dt   0.448000 rms  0.490  0.051% neg 0  invalid 762 tFOTS 0.0000 tGradient 0.8250 tsec 1.2180
#GCMRL#  476 dt   0.448000 rms  0.490  0.007% neg 0  invalid 762 tFOTS 0.0000 tGradient 0.8160 tsec 1.4360
#GCMRL#  477 dt   0.448000 rms  0.490  0.007% neg 0  invalid 762 tFOTS 0.0000 tGradient 0.8400 tsec 1.4660
#GCMRL#  478 dt   0.224000 rms  0.490  0.002% neg 0  invalid 762 tFOTS 0.0000 tGradient 0.8950 tsec 1.9060
#FOTS# QuadFit found better minimum quadopt=(dt=0.448,rms=0.490247) vs oldopt=(dt=0.32,rms=0.490261)
#GCMRL#  479 dt   0.448000 rms  0.490  0.012% neg 0  invalid 762 tFOTS 5.1170 tGradient 0.8030 tsec 6.3500
#FOTS# QuadFit found better minimum quadopt=(dt=0.256,rms=0.490243) vs oldopt=(dt=0.32,rms=0.490243)
#GCMRL#  480 dt   0.256000 rms  0.490  0.000% neg 0  invalid 762 tFOTS 5.3850 tGradient 0.8830 tsec 6.7110
#GCMRL#  481 dt   0.256000 rms  0.490  0.003% neg 0  invalid 762 tFOTS 0.0000 tGradient 0.8910 tsec 1.3120
#GCMRL#  482 dt   0.256000 rms  0.490  0.007% neg 0  invalid 762 tFOTS 0.0000 tGradient 0.8600 tsec 1.2520
#GCMRL#  483 dt   0.256000 rms  0.490  0.007% neg 0  invalid 762 tFOTS 0.0000 tGradient 0.8010 tsec 1.1940
#GCMRL#  484 dt   0.256000 rms  0.490  0.011% neg 0  invalid 762 tFOTS 0.0000 tGradient 0.8220 tsec 1.2180
#GCMRL#  485 dt   0.256000 rms  0.490  0.011% neg 0  invalid 762 tFOTS 0.0000 tGradient 0.8370 tsec 1.2420
#GCMRL#  486 dt   0.256000 rms  0.490  0.012% neg 0  invalid 762 tFOTS 0.0000 tGradient 0.8320 tsec 1.2330
#GCMRL#  487 dt   0.256000 rms  0.490  0.012% neg 0  invalid 762 tFOTS 0.0000 tGradient 0.8610 tsec 1.2400

#GCAMreg# pass 0 level1 0 level2 1 tsec 116.709 sigma 0.5
l_jacobian=1.00 l_label=1.00 l_log_likelihood=0.20 l_smoothness=2.00 
tol=5.00e-02, dt=5.00e-02, exp_k=20.0, momentum=0.90, levels=6, niter=500, lbl_dist=10.00, avgs=0, sigma=0.5,type=2, relabel=0, neg=no

blurring input image with Gaussian with sigma=0.500...
GCAMRegisterLevel(): init RMS 0.490595
#FOTS# QuadFit found better minimum quadopt=(dt=0.112,rms=0.489201) vs oldopt=(dt=0.08,rms=0.48939)
#GCMRL#  489 dt   0.112000 rms  0.489  0.284% neg 0  invalid 762 tFOTS 4.7450 tGradient 0.8380 tsec 5.9860
#FOTS# QuadFit found better minimum quadopt=(dt=0.448,rms=0.487289) vs oldopt=(dt=0.32,rms=0.487803)
#GCMRL#  490 dt   0.448000 rms  0.487  0.391% neg 0  invalid 762 tFOTS 5.1080 tGradient 0.8370 tsec 6.3500
#FOTS# QuadFit found better minimum quadopt=(dt=0.448,rms=0.487137) vs oldopt=(dt=0.32,rms=0.487176)
#GCMRL#  491 dt   0.448000 rms  0.487  0.000% neg 0  invalid 762 tFOTS 5.0530 tGradient 0.8310 tsec 6.3190
#GCMRL#  492 dt   0.448000 rms  0.487  0.015% neg 0  invalid 762 tFOTS 0.0000 tGradient 0.8120 tsec 1.1970
#GCMRL#  493 dt   0.224000 rms  0.487  0.000% neg 0  invalid 762 tFOTS 0.0000 tGradient 0.8340 tsec 1.6740
#GCMRL#  494 dt   0.224000 rms  0.487  0.006% neg 0  invalid 762 tFOTS 0.0000 tGradient 0.8350 tsec 1.2300
#GCMRL#  495 dt   0.224000 rms  0.487  0.005% neg 0  invalid 762 tFOTS 0.0000 tGradient 0.8210 tsec 1.4570
GCAMregister done in 25.473 min
********************* ALLOWING NEGATIVE NODES IN DEFORMATION********************************
noneg post
Starting GCAMregister()
label assignment complete, 0 changed (0.00%)
npasses = 1, nlevels = 6
#pass# 1 of 1 ************************
enabling zero nodes
setting smoothness cost coefficient to 0.008

#GCAMreg# pass 0 level1 5 level2 0 tsec 0 sigma 2
l_jacobian=1.00 l_label=1.00 l_log_likelihood=0.20 l_smoothness=0.01 
tol=2.50e-01, dt=5.00e-02, exp_k=20.0, momentum=0.90, levels=6, niter=500, lbl_dist=10.00, avgs=256, sigma=2.0,type=2, relabel=0, neg=yes

blurring input image with Gaussian with sigma=2.000...
GCAMRegisterLevel(): init RMS 0.48523
#FOTS# QuadFit found better minimum quadopt=(dt=73.984,rms=0.48445) vs oldopt=(dt=92.48,rms=0.484453)
#GCMRL#  497 dt  73.984000 rms  0.484  0.161% neg 0  invalid 762 tFOTS 6.1720 tGradient 2.1280 tsec 8.7060
#FOTS# QuadFit found better minimum quadopt=(dt=129.472,rms=0.484378) vs oldopt=(dt=92.48,rms=0.484385)
#GCMRL#  498 dt 129.472000 rms  0.484  0.000% neg 0  invalid 762 tFOTS 6.0300 tGradient 2.1490 tsec 8.5970
#GCMRL#  499 dt 129.472000 rms  0.484  0.010% neg 0  invalid 762 tFOTS 0.0000 tGradient 2.1060 tsec 2.4790
#GCMRL#  500 dt 129.472000 rms  0.484  0.011% neg 0  invalid 762 tFOTS 0.0000 tGradient 2.1280 tsec 2.5080
#GCMRL#  501 dt 129.472000 rms  0.484  0.004% neg 0  invalid 762 tFOTS 0.0000 tGradient 2.1080 tsec 2.4740

#GCAMreg# pass 0 level1 5 level2 1 tsec 35.817 sigma 0.5
l_jacobian=1.00 l_label=1.00 l_log_likelihood=0.20 l_smoothness=0.01 
tol=2.50e-01, dt=5.00e-02, exp_k=20.0, momentum=0.90, levels=6, niter=500, lbl_dist=10.00, avgs=256, sigma=0.5,type=2, relabel=0, neg=yes

blurring input image with Gaussian with sigma=0.500...
GCAMRegisterLevel(): init RMS 0.484972
#FOTS# QuadFit found better minimum quadopt=(dt=129.472,rms=0.48377) vs oldopt=(dt=92.48,rms=0.483858)
#GCMRL#  503 dt 129.472000 rms  0.484  0.248% neg 0  invalid 762 tFOTS 6.4120 tGradient 2.4310 tsec 9.2680
#FOTS# QuadFit found better minimum quadopt=(dt=129.472,rms=0.483558) vs oldopt=(dt=92.48,rms=0.483593)
#GCMRL#  504 dt 129.472000 rms  0.484  0.000% neg 0  invalid 762 tFOTS 6.2770 tGradient 2.1800 tsec 8.9120
#GCMRL#  505 dt 129.472000 rms  0.483  0.024% neg 0  invalid 762 tFOTS 0.0000 tGradient 2.1240 tsec 2.5080
#GCMRL#  506 dt 129.472000 rms  0.483  0.053% neg 0  invalid 762 tFOTS 0.0000 tGradient 2.2010 tsec 2.6040
#GCMRL#  507 dt 129.472000 rms  0.483  0.042% neg 0  invalid 762 tFOTS 0.0000 tGradient 2.1080 tsec 2.5020
#GCMRL#  508 dt 129.472000 rms  0.483  0.044% neg 0  invalid 762 tFOTS 0.0000 tGradient 2.2500 tsec 2.6550
setting smoothness cost coefficient to 0.031

#GCAMreg# pass 0 level1 4 level2 0 tsec 0 sigma 2
l_jacobian=1.00 l_label=1.00 l_log_likelihood=0.20 l_smoothness=0.03 
tol=2.50e-01, dt=5.00e-02, exp_k=20.0, momentum=0.90, levels=6, niter=500, lbl_dist=10.00, avgs=64, sigma=2.0,type=2, relabel=0, neg=yes

blurring input image with Gaussian with sigma=2.000...
GCAMRegisterLevel(): init RMS 0.483413
#FOTS# QuadFit found better minimum quadopt=(dt=36.288,rms=0.482381) vs oldopt=(dt=25.92,rms=0.482413)
#GCMRL#  510 dt  36.288000 rms  0.482  0.213% neg 0  invalid 762 tFOTS 6.1090 tGradient 1.8420 tsec 8.3820
#FOTS# QuadFit found better minimum quadopt=(dt=62.208,rms=0.482126) vs oldopt=(dt=103.68,rms=0.482198)
#GCMRL#  511 dt  62.208000 rms  0.482  0.000% neg 0  invalid 762 tFOTS 6.2340 tGradient 1.8830 tsec 8.5560
#GCMRL#  512 dt  62.208000 rms  0.482  0.055% neg 0  invalid 762 tFOTS 0.0000 tGradient 1.8870 tsec 2.2690
#GCMRL#  513 dt  62.208000 rms  0.481  0.088% neg 0  invalid 762 tFOTS 0.0000 tGradient 1.8750 tsec 2.2670
#GCMRL#  514 dt  62.208000 rms  0.481  0.043% neg 0  invalid 762 tFOTS 0.0000 tGradient 1.8530 tsec 2.2330
iter 0, gcam->neg = 1
after 3 iterations, nbhd size=0, neg = 0

#GCAMreg# pass 0 level1 4 level2 1 tsec 36.029 sigma 0.5
l_jacobian=1.00 l_label=1.00 l_log_likelihood=0.20 l_smoothness=0.03 
tol=2.50e-01, dt=5.00e-02, exp_k=20.0, momentum=0.90, levels=6, niter=500, lbl_dist=10.00, avgs=64, sigma=0.5,type=2, relabel=0, neg=yes

blurring input image with Gaussian with sigma=0.500...
GCAMRegisterLevel(): init RMS 0.481964
#FOTS# QuadFit found better minimum quadopt=(dt=118.212,rms=0.478902) vs oldopt=(dt=103.68,rms=0.478926)
#GCMRL#  516 dt 118.211765 rms  0.479  0.635% neg 0  invalid 762 tFOTS 6.6190 tGradient 2.1600 tsec 9.1800
#FOTS# QuadFit found better minimum quadopt=(dt=36.288,rms=0.478207) vs oldopt=(dt=25.92,rms=0.478293)
#GCMRL#  517 dt  36.288000 rms  0.478  0.000% neg 0  invalid 762 tFOTS 6.4560 tGradient 2.0040 tsec 8.8870
#GCMRL#  518 dt  36.288000 rms  0.478  0.069% neg 0  invalid 762 tFOTS 0.0000 tGradient 2.0000 tsec 2.3740
#GCMRL#  519 dt  36.288000 rms  0.478  0.075% neg 0  invalid 762 tFOTS 0.0000 tGradient 2.1410 tsec 2.5140
#GCMRL#  520 dt  36.288000 rms  0.477  0.093% neg 0  invalid 762 tFOTS 0.0000 tGradient 2.2280 tsec 2.5970
#GCMRL#  521 dt  36.288000 rms  0.477  0.084% neg 0  invalid 762 tFOTS 0.0000 tGradient 2.0110 tsec 2.4310
#GCMRL#  522 dt  36.288000 rms  0.476  0.096% neg 0  invalid 762 tFOTS 0.0000 tGradient 2.3300 tsec 2.7010
#GCMRL#  523 dt  36.288000 rms  0.476  0.080% neg 0  invalid 762 tFOTS 0.0000 tGradient 2.0140 tsec 2.4340
#FOTS# QuadFit found better minimum quadopt=(dt=36.288,rms=0.475799) vs oldopt=(dt=25.92,rms=0.47581)
setting smoothness cost coefficient to 0.118

#GCAMreg# pass 0 level1 3 level2 0 tsec 0 sigma 2
l_jacobian=1.00 l_label=1.00 l_log_likelihood=0.20 l_smoothness=0.12 
tol=2.50e-01, dt=5.00e-02, exp_k=20.0, momentum=0.90, levels=6, niter=500, lbl_dist=10.00, avgs=16, sigma=2.0,type=2, relabel=0, neg=yes

blurring input image with Gaussian with sigma=2.000...
GCAMRegisterLevel(): init RMS 0.476958
#FOTS# QuadFit found better minimum quadopt=(dt=57.6815,rms=0.472716) vs oldopt=(dt=32,rms=0.473215)
iter 0, gcam->neg = 2
after 3 iterations, nbhd size=0, neg = 0
#GCMRL#  525 dt  57.681529 rms  0.473  0.889% neg 0  invalid 762 tFOTS 6.4960 tGradient 1.8190 tsec 10.5650
#FOTS# QuadFit found better minimum quadopt=(dt=56.4598,rms=0.468972) vs oldopt=(dt=32,rms=0.469548)
iter 0, gcam->neg = 3
after 8 iterations, nbhd size=1, neg = 0
#GCMRL#  526 dt  56.459770 rms  0.469  0.790% neg 0  invalid 762 tFOTS 6.5510 tGradient 1.7930 tsec 12.5300
#FOTS# QuadFit found better minimum quadopt=(dt=21.1238,rms=0.467301) vs oldopt=(dt=32,rms=0.467816)
#GCMRL#  527 dt  21.123772 rms  0.467  0.359% neg 0  invalid 762 tFOTS 6.6680 tGradient 1.7740 tsec 8.8450
#FOTS# QuadFit found better minimum quadopt=(dt=44.8,rms=0.466303) vs oldopt=(dt=32,rms=0.466412)
#GCMRL#  528 dt  44.800000 rms  0.466  0.000% neg 0  invalid 762 tFOTS 6.5290 tGradient 1.7680 tsec 8.7450
iter 0, gcam->neg = 1
after 5 iterations, nbhd size=0, neg = 0
#GCMRL#  529 dt  44.800000 rms  0.465  0.180% neg 0  invalid 762 tFOTS 0.0000 tGradient 1.8130 tsec 4.8450
iter 0, gcam->neg = 1
after 2 iterations, nbhd size=0, neg = 0
#GCMRL#  530 dt  44.800000 rms  0.463  0.504% neg 0  invalid 762 tFOTS 0.0000 tGradient 1.7850 tsec 3.7510
iter 0, gcam->neg = 6
after 11 iterations, nbhd size=1, neg = 0
#GCMRL#  531 dt  44.800000 rms  0.463  0.083% neg 0  invalid 762 tFOTS 0.0000 tGradient 1.7940 tsec 7.1920
iter 0, gcam->neg = 12
after 11 iterations, nbhd size=1, neg = 0
#GCMRL#  532 dt  44.800000 rms  0.460  0.690% neg 0  invalid 762 tFOTS 0.0000 tGradient 1.7500 tsec 7.1640
iter 0, gcam->neg = 13
after 15 iterations, nbhd size=1, neg = 0
#GCMRL#  533 dt  44.800000 rms  0.459 -0.028% neg 0  invalid 762 tFOTS 0.0000 tGradient 1.8280 tsec 9.2120
#FOTS# QuadFit found better minimum quadopt=(dt=25.6,rms=0.458835) vs oldopt=(dt=32,rms=0.458916)
#GCMRL#  534 dt  25.600000 rms  0.459  0.127% neg 0  invalid 762 tFOTS 6.5780 tGradient 1.7960 tsec 8.7960
#FOTS# QuadFit found better minimum quadopt=(dt=19.2,rms=0.458518) vs oldopt=(dt=32,rms=0.458576)
iter 0, gcam->neg = 1
after 2 iterations, nbhd size=0, neg = 0

#GCAMreg# pass 0 level1 3 level2 1 tsec 99.969 sigma 0.5
l_jacobian=1.00 l_label=1.00 l_log_likelihood=0.20 l_smoothness=0.12 
tol=2.50e-01, dt=5.00e-02, exp_k=20.0, momentum=0.90, levels=6, niter=500, lbl_dist=10.00, avgs=16, sigma=0.5,type=2, relabel=0, neg=yes

blurring input image with Gaussian with sigma=0.500...
GCAMRegisterLevel(): init RMS 0.459277
#FOTS# QuadFit found better minimum quadopt=(dt=44.8,rms=0.456421) vs oldopt=(dt=32,rms=0.456671)
#GCMRL#  536 dt  44.800000 rms  0.456  0.622% neg 0  invalid 762 tFOTS 6.3380 tGradient 1.7170 tsec 8.4710
#FOTS# QuadFit found better minimum quadopt=(dt=19.2,rms=0.455774) vs oldopt=(dt=32,rms=0.455987)
#GCMRL#  537 dt  19.200000 rms  0.456  0.000% neg 0  invalid 762 tFOTS 6.5690 tGradient 1.6940 tsec 8.6970
#GCMRL#  538 dt  19.200000 rms  0.455  0.103% neg 0  invalid 762 tFOTS 0.0000 tGradient 1.7520 tsec 2.1370
iter 0, gcam->neg = 1
after 0 iterations, nbhd size=0, neg = 0
#GCMRL#  539 dt  19.200000 rms  0.455  0.124% neg 0  invalid 762 tFOTS 0.0000 tGradient 1.6930 tsec 2.7160
#GCMRL#  540 dt  19.200000 rms  0.454  0.133% neg 0  invalid 762 tFOTS 0.0000 tGradient 1.6800 tsec 2.0520
#GCMRL#  541 dt  19.200000 rms  0.454  0.124% neg 0  invalid 762 tFOTS 0.0000 tGradient 1.6740 tsec 2.0510
iter 0, gcam->neg = 1
after 2 iterations, nbhd size=0, neg = 0
#GCMRL#  542 dt  19.200000 rms  0.453  0.115% neg 0  invalid 762 tFOTS 0.0000 tGradient 1.6980 tsec 3.4740
#FOTS# QuadFit found better minimum quadopt=(dt=19.2,rms=0.452873) vs oldopt=(dt=32,rms=0.452919)
#GCMRL#  543 dt  19.200000 rms  0.453  0.000% neg 0  invalid 762 tFOTS 6.0680 tGradient 1.6850 tsec 8.1890
#GCMRL#  544 dt  19.200000 rms  0.453  0.028% neg 0  invalid 762 tFOTS 0.0000 tGradient 1.6880 tsec 2.0650
#GCMRL#  545 dt  19.200000 rms  0.452  0.061% neg 0  invalid 762 tFOTS 0.0000 tGradient 1.6940 tsec 2.0720
#GCMRL#  546 dt  19.200000 rms  0.452  0.061% neg 0  invalid 762 tFOTS 0.0000 tGradient 1.6780 tsec 2.0310
iter 0, gcam->neg = 1
after 5 iterations, nbhd size=0, neg = 0
#GCMRL#  547 dt  19.200000 rms  0.452  0.076% neg 0  invalid 762 tFOTS 0.0000 tGradient 1.6970 tsec 4.6170
iter 0, gcam->neg = 3
after 6 iterations, nbhd size=1, neg = 0
#GCMRL#  548 dt  19.200000 rms  0.452  0.053% neg 0  invalid 762 tFOTS 0.0000 tGradient 1.6820 tsec 4.8690
iter 0, gcam->neg = 2
after 3 iterations, nbhd size=0, neg = 0
#GCMRL#  549 dt  19.200000 rms  0.451  0.089% neg 0  invalid 762 tFOTS 0.0000 tGradient 1.6780 tsec 3.8290
iter 0, gcam->neg = 1
after 4 iterations, nbhd size=0, neg = 0
setting smoothness cost coefficient to 0.400

#GCAMreg# pass 0 level1 2 level2 0 tsec 0 sigma 2
l_jacobian=1.00 l_label=1.00 l_log_likelihood=0.20 l_smoothness=0.40 
tol=2.50e-01, dt=5.00e-02, exp_k=20.0, momentum=0.90, levels=6, niter=500, lbl_dist=10.00, avgs=4, sigma=2.0,type=2, relabel=0, neg=yes

blurring input image with Gaussian with sigma=2.000...
GCAMRegisterLevel(): init RMS 0.45718
#FOTS# QuadFit found better minimum quadopt=(dt=1.008,rms=0.456403) vs oldopt=(dt=0.72,rms=0.456408)
#GCMRL#  551 dt   1.008000 rms  0.456  0.170% neg 0  invalid 762 tFOTS 5.8970 tGradient 1.5270 tsec 7.8000
#FOTS# QuadFit found better minimum quadopt=(dt=0.864,rms=0.456389) vs oldopt=(dt=0.72,rms=0.456389)
#GCMRL#  552 dt   0.864000 rms  0.456  0.000% neg 0  invalid 762 tFOTS 6.2450 tGradient 1.5330 tsec 8.1900

#GCAMreg# pass 0 level1 2 level2 1 tsec 26.256 sigma 0.5
l_jacobian=1.00 l_label=1.00 l_log_likelihood=0.20 l_smoothness=0.40 
tol=2.50e-01, dt=5.00e-02, exp_k=20.0, momentum=0.90, levels=6, niter=500, lbl_dist=10.00, avgs=4, sigma=0.5,type=2, relabel=0, neg=yes

blurring input image with Gaussian with sigma=0.500...
GCAMRegisterLevel(): init RMS 0.457131
#FOTS# QuadFit found better minimum quadopt=(dt=2.304,rms=0.456333) vs oldopt=(dt=2.88,rms=0.456339)
#GCMRL#  554 dt   2.304000 rms  0.456  0.175% neg 0  invalid 762 tFOTS 6.2450 tGradient 1.5070 tsec 8.1360
#FOTS# QuadFit found better minimum quadopt=(dt=1.008,rms=0.456298) vs oldopt=(dt=0.72,rms=0.456302)
#GCMRL#  555 dt   1.008000 rms  0.456  0.000% neg 0  invalid 762 tFOTS 5.8910 tGradient 1.5230 tsec 7.8310
#GCMRL#  556 dt   1.008000 rms  0.456  0.003% neg 0  invalid 762 tFOTS 0.0000 tGradient 1.4960 tsec 1.8730
setting smoothness cost coefficient to 1.000

#GCAMreg# pass 0 level1 1 level2 0 tsec 0 sigma 2
l_jacobian=1.00 l_label=1.00 l_log_likelihood=0.20 l_smoothness=1.00 
tol=2.50e-01, dt=5.00e-02, exp_k=20.0, momentum=0.90, levels=6, niter=500, lbl_dist=10.00, avgs=1, sigma=2.0,type=2, relabel=0, neg=yes

blurring input image with Gaussian with sigma=2.000...
GCAMRegisterLevel(): init RMS 0.466628
#FOTS# QuadFit found better minimum quadopt=(dt=0.448,rms=0.46568) vs oldopt=(dt=0.32,rms=0.465718)
#GCMRL#  558 dt   0.448000 rms  0.466  0.203% neg 0  invalid 762 tFOTS 5.7850 tGradient 1.3170 tsec 7.5050
#FOTS# QuadFit found better minimum quadopt=(dt=0.448,rms=0.465614) vs oldopt=(dt=0.32,rms=0.465617)
#GCMRL#  559 dt   0.448000 rms  0.466  0.000% neg 0  invalid 762 tFOTS 5.8960 tGradient 1.3470 tsec 7.7130

#GCAMreg# pass 0 level1 1 level2 1 tsec 25.387 sigma 0.5
l_jacobian=1.00 l_label=1.00 l_log_likelihood=0.20 l_smoothness=1.00 
tol=2.50e-01, dt=5.00e-02, exp_k=20.0, momentum=0.90, levels=6, niter=500, lbl_dist=10.00, avgs=1, sigma=0.5,type=2, relabel=0, neg=yes

blurring input image with Gaussian with sigma=0.500...
GCAMRegisterLevel(): init RMS 0.466361
#FOTS# QuadFit found better minimum quadopt=(dt=1.024,rms=0.465237) vs oldopt=(dt=1.28,rms=0.465237)
#GCMRL#  561 dt   1.024000 rms  0.465  0.241% neg 0  invalid 762 tFOTS 5.8740 tGradient 1.3410 tsec 7.6220
#FOTS# QuadFit found better minimum quadopt=(dt=0.448,rms=0.465196) vs oldopt=(dt=0.32,rms=0.465202)
#GCMRL#  562 dt   0.448000 rms  0.465  0.000% neg 0  invalid 762 tFOTS 5.8530 tGradient 1.3300 tsec 7.6430
resetting metric properties...
setting smoothness cost coefficient to 2.000

#GCAMreg# pass 0 level1 0 level2 0 tsec 0 sigma 2
l_jacobian=1.00 l_label=1.00 l_log_likelihood=0.20 l_smoothness=2.00 
tol=2.50e-01, dt=5.00e-02, exp_k=20.0, momentum=0.90, levels=6, niter=500, lbl_dist=10.00, avgs=0, sigma=2.0,type=2, relabel=0, neg=yes

blurring input image with Gaussian with sigma=2.000...
GCAMRegisterLevel(): init RMS 0.455049
#FOTS# QuadFit found better minimum quadopt=(dt=2.15298,rms=0.426403) vs oldopt=(dt=1.28,rms=0.431201)
iter 0, gcam->neg = 616
after 13 iterations, nbhd size=1, neg = 0
#GCMRL#  564 dt   2.152978 rms  0.427  6.133% neg 0  invalid 762 tFOTS 6.6450 tGradient 0.9310 tsec 13.8280
#FOTS# QuadFit found better minimum quadopt=(dt=0.064,rms=0.427024) vs oldopt=(dt=0.08,rms=0.427038)
#GCMRL#  565 dt   0.064000 rms  0.427  0.000% neg 0  invalid 762 tFOTS 6.1200 tGradient 0.8700 tsec 7.4380

#GCAMreg# pass 0 level1 0 level2 1 tsec 31.144 sigma 0.5
l_jacobian=1.00 l_label=1.00 l_log_likelihood=0.20 l_smoothness=2.00 
tol=2.50e-01, dt=5.00e-02, exp_k=20.0, momentum=0.90, levels=6, niter=500, lbl_dist=10.00, avgs=0, sigma=0.5,type=2, relabel=0, neg=yes

blurring input image with Gaussian with sigma=0.500...
GCAMRegisterLevel(): init RMS 0.427899
#FOTS# QuadFit found better minimum quadopt=(dt=0.028,rms=0.426968) vs oldopt=(dt=0.02,rms=0.426978)
#GCMRL#  567 dt   0.028000 rms  0.427  0.217% neg 0  invalid 762 tFOTS 6.4210 tGradient 0.9590 tsec 7.7690
#FOTS# QuadFit found better minimum quadopt=(dt=0.016,rms=0.426956) vs oldopt=(dt=0.02,rms=0.426956)
#GCMRL#  568 dt   0.016000 rms  0.427  0.000% neg 0  invalid 762 tFOTS 6.3920 tGradient 0.8820 tsec 7.7210
label assignment complete, 0 changed (0.00%)
GCAMregister done in 7.53142 min
Starting GCAMcomputeMaxPriorLabels()
Morphing with label term set to 0 *******************************
Starting GCAMregister()
label assignment complete, 0 changed (0.00%)
npasses = 1, nlevels = 6
#pass# 1 of 1 ************************
enabling zero nodes
setting smoothness cost coefficient to 0.008

#GCAMreg# pass 0 level1 5 level2 0 tsec 0 sigma 2
l_jacobian=1.00 l_log_likelihood=0.20 l_smoothness=0.01 
tol=2.50e-01, dt=5.00e-02, exp_k=20.0, momentum=0.90, levels=6, niter=500, lbl_dist=10.00, avgs=256, sigma=2.0,type=2, relabel=0, neg=yes

blurring input image with Gaussian with sigma=2.000...
GCAMRegisterLevel(): init RMS 0.412505

#GCAMreg# pass 0 level1 5 level2 1 tsec 16.832 sigma 0.5
l_jacobian=1.00 l_log_likelihood=0.20 l_smoothness=0.01 
tol=2.50e-01, dt=5.00e-02, exp_k=20.0, momentum=0.90, levels=6, niter=500, lbl_dist=10.00, avgs=256, sigma=0.5,type=2, relabel=0, neg=yes

blurring input image with Gaussian with sigma=0.500...
GCAMRegisterLevel(): init RMS 0.412505
#FOTS# QuadFit found better minimum quadopt=(dt=32.368,rms=0.412492) vs oldopt=(dt=23.12,rms=0.412495)
#GCMRL#  571 dt  32.368000 rms  0.412  0.003% neg 0  invalid 762 tFOTS 5.8980 tGradient 2.1120 tsec 8.4100
#FOTS# QuadFit found better minimum quadopt=(dt=32.368,rms=0.412486) vs oldopt=(dt=23.12,rms=0.412487)
#GCMRL#  572 dt  32.368000 rms  0.412  0.000% neg 0  invalid 762 tFOTS 5.7940 tGradient 2.0880 tsec 8.3090
#GCMRL#  573 dt  32.368000 rms  0.412  0.001% neg 0  invalid 762 tFOTS 0.0000 tGradient 2.0910 tsec 2.4730
#GCMRL#  574 dt  32.368000 rms  0.412  0.001% neg 0  invalid 762 tFOTS 0.0000 tGradient 2.1720 tsec 2.5520
setting smoothness cost coefficient to 0.031

#GCAMreg# pass 0 level1 4 level2 0 tsec 0 sigma 2
l_jacobian=1.00 l_log_likelihood=0.20 l_smoothness=0.03 
tol=2.50e-01, dt=5.00e-02, exp_k=20.0, momentum=0.90, levels=6, niter=500, lbl_dist=10.00, avgs=64, sigma=2.0,type=2, relabel=0, neg=yes

blurring input image with Gaussian with sigma=2.000...
GCAMRegisterLevel(): init RMS 0.412661
#FOTS# QuadFit found better minimum quadopt=(dt=0.001215,rms=0.412661) vs oldopt=(dt=0.0010125,rms=0.412661)
#GCMRL#  576 dt   0.001215 rms  0.413  0.000% neg 0  invalid 762 tFOTS 8.0140 tGradient 1.5780 tsec 10.0120

#GCAMreg# pass 0 level1 4 level2 1 tsec 26.845 sigma 0.5
l_jacobian=1.00 l_log_likelihood=0.20 l_smoothness=0.03 
tol=2.50e-01, dt=5.00e-02, exp_k=20.0, momentum=0.90, levels=6, niter=500, lbl_dist=10.00, avgs=64, sigma=0.5,type=2, relabel=0, neg=yes

blurring input image with Gaussian with sigma=0.500...
GCAMRegisterLevel(): init RMS 0.412661
#FOTS# QuadFit found better minimum quadopt=(dt=124.416,rms=0.412427) vs oldopt=(dt=103.68,rms=0.412427)
#GCMRL#  578 dt 124.416000 rms  0.412  0.057% neg 0  invalid 762 tFOTS 5.6010 tGradient 1.7010 tsec 7.7160
#FOTS# QuadFit found better minimum quadopt=(dt=124.416,rms=0.412259) vs oldopt=(dt=103.68,rms=0.41226)
#GCMRL#  579 dt 124.416000 rms  0.412  0.000% neg 0  invalid 762 tFOTS 5.7360 tGradient 1.5590 tsec 7.7280
#GCMRL#  580 dt 124.416000 rms  0.412  0.001% neg 0  invalid 762 tFOTS 0.0000 tGradient 1.5570 tsec 1.9390
#GCMRL#  581 dt 124.416000 rms  0.412  0.065% neg 0  invalid 762 tFOTS 0.0000 tGradient 1.5780 tsec 1.9700
#GCMRL#  582 dt 124.416000 rms  0.412  0.036% neg 0  invalid 762 tFOTS 0.0000 tGradient 1.5660 tsec 1.9410
setting smoothness cost coefficient to 0.118

#GCAMreg# pass 0 level1 3 level2 0 tsec 0 sigma 2
l_jacobian=1.00 l_log_likelihood=0.20 l_smoothness=0.12 
tol=2.50e-01, dt=5.00e-02, exp_k=20.0, momentum=0.90, levels=6, niter=500, lbl_dist=10.00, avgs=16, sigma=2.0,type=2, relabel=0, neg=yes

blurring input image with Gaussian with sigma=2.000...
GCAMRegisterLevel(): init RMS 0.412501
#FOTS# QuadFit found better minimum quadopt=(dt=11.2,rms=0.412138) vs oldopt=(dt=8,rms=0.412212)
#GCMRL#  584 dt  11.200000 rms  0.412  0.088% neg 0  invalid 762 tFOTS 5.9550 tGradient 1.2920 tsec 7.6590
#FOTS# QuadFit found better minimum quadopt=(dt=19.2,rms=0.411914) vs oldopt=(dt=32,rms=0.411991)
iter 0, gcam->neg = 1
after 0 iterations, nbhd size=0, neg = 0
#GCMRL#  585 dt  19.200000 rms  0.412  0.000% neg 0  invalid 762 tFOTS 6.0350 tGradient 1.2950 tsec 8.4720
iter 0, gcam->neg = 2
after 8 iterations, nbhd size=1, neg = 0
#GCMRL#  586 dt  19.200000 rms  0.412  0.023% neg 0  invalid 762 tFOTS 0.0000 tGradient 1.2890 tsec 5.7150
iter 0, gcam->neg = 5
after 11 iterations, nbhd size=1, neg = 0

#GCAMreg# pass 0 level1 3 level2 1 tsec 37.446 sigma 0.5
l_jacobian=1.00 l_log_likelihood=0.20 l_smoothness=0.12 
tol=2.50e-01, dt=5.00e-02, exp_k=20.0, momentum=0.90, levels=6, niter=500, lbl_dist=10.00, avgs=16, sigma=0.5,type=2, relabel=0, neg=yes

blurring input image with Gaussian with sigma=0.500...
GCAMRegisterLevel(): init RMS 0.411821
#FOTS# QuadFit found better minimum quadopt=(dt=66.7317,rms=0.409598) vs oldopt=(dt=32,rms=0.409991)
iter 0, gcam->neg = 2
after 9 iterations, nbhd size=1, neg = 0
#GCMRL#  588 dt  66.731707 rms  0.410  0.527% neg 0  invalid 762 tFOTS 6.1990 tGradient 1.3150 tsec 12.5550
#FOTS# QuadFit found better minimum quadopt=(dt=25.6,rms=0.408569) vs oldopt=(dt=32,rms=0.408593)
iter 0, gcam->neg = 2
after 0 iterations, nbhd size=0, neg = 0
#GCMRL#  589 dt  25.600000 rms  0.409  0.263% neg 0  invalid 762 tFOTS 6.3250 tGradient 1.3240 tsec 8.9070
#FOTS# QuadFit found better minimum quadopt=(dt=102.4,rms=0.407699) vs oldopt=(dt=128,rms=0.40776)
iter 0, gcam->neg = 10
after 11 iterations, nbhd size=1, neg = 0
#GCMRL#  590 dt 102.400000 rms  0.408  0.000% neg 0  invalid 762 tFOTS 6.1180 tGradient 1.3360 tsec 13.4840
iter 0, gcam->neg = 7
after 3 iterations, nbhd size=0, neg = 0
setting smoothness cost coefficient to 0.400

#GCAMreg# pass 0 level1 2 level2 0 tsec 0 sigma 2
l_jacobian=1.00 l_log_likelihood=0.20 l_smoothness=0.40 
tol=2.50e-01, dt=5.00e-02, exp_k=20.0, momentum=0.90, levels=6, niter=500, lbl_dist=10.00, avgs=4, sigma=2.0,type=2, relabel=0, neg=yes

blurring input image with Gaussian with sigma=2.000...
GCAMRegisterLevel(): init RMS 0.410874
#FOTS# QuadFit found better minimum quadopt=(dt=10.5143,rms=0.409729) vs oldopt=(dt=11.52,rms=0.409743)
iter 0, gcam->neg = 6
after 12 iterations, nbhd size=1, neg = 0
#GCMRL#  592 dt  10.514286 rms  0.410  0.246% neg 0  invalid 762 tFOTS 5.9390 tGradient 1.1220 tsec 13.3460
#FOTS# QuadFit found better minimum quadopt=(dt=28.3636,rms=0.408906) vs oldopt=(dt=11.52,rms=0.409198)
iter 0, gcam->neg = 86
after 12 iterations, nbhd size=1, neg = 0
#GCMRL#  593 dt  28.363636 rms  0.409  0.000% neg 0  invalid 762 tFOTS 5.9680 tGradient 1.1210 tsec 13.8070
iter 0, gcam->neg = 109
after 18 iterations, nbhd size=1, neg = 0

#GCAMreg# pass 0 level1 2 level2 1 tsec 46.743 sigma 0.5
l_jacobian=1.00 l_log_likelihood=0.20 l_smoothness=0.40 
tol=2.50e-01, dt=5.00e-02, exp_k=20.0, momentum=0.90, levels=6, niter=500, lbl_dist=10.00, avgs=4, sigma=0.5,type=2, relabel=0, neg=yes

blurring input image with Gaussian with sigma=0.500...
GCAMRegisterLevel(): init RMS 0.409184
#FOTS# QuadFit found better minimum quadopt=(dt=15.4014,rms=0.407175) vs oldopt=(dt=11.52,rms=0.407295)
iter 0, gcam->neg = 17
after 13 iterations, nbhd size=1, neg = 0
#GCMRL#  595 dt  15.401361 rms  0.407  0.479% neg 0  invalid 762 tFOTS 6.2370 tGradient 1.1070 tsec 13.9810
#FOTS# QuadFit found better minimum quadopt=(dt=15.1864,rms=0.406454) vs oldopt=(dt=11.52,rms=0.406507)
iter 0, gcam->neg = 20
after 18 iterations, nbhd size=1, neg = 0
#GCMRL#  596 dt  15.186441 rms  0.407  0.000% neg 0  invalid 762 tFOTS 5.7260 tGradient 1.1000 tsec 15.0080
iter 0, gcam->neg = 9
after 5 iterations, nbhd size=0, neg = 0
#GCMRL#  597 dt  15.186441 rms  0.406  0.052% neg 0  invalid 762 tFOTS 0.0000 tGradient 1.1230 tsec 4.1370
iter 0, gcam->neg = 28
after 7 iterations, nbhd size=0, neg = 0
#GCMRL#  598 dt  15.186441 rms  0.406  0.101% neg 0  invalid 762 tFOTS 0.0000 tGradient 1.1140 tsec 5.0250
iter 0, gcam->neg = 79
after 15 iterations, nbhd size=1, neg = 0
#GCMRL#  599 dt  15.186441 rms  0.406  0.091% neg 0  invalid 762 tFOTS 0.0000 tGradient 1.1750 tsec 8.1150
iter 0, gcam->neg = 158
after 19 iterations, nbhd size=1, neg = 0
setting smoothness cost coefficient to 1.000

#GCAMreg# pass 0 level1 1 level2 0 tsec 0 sigma 2
l_jacobian=1.00 l_log_likelihood=0.20 l_smoothness=1.00 
tol=2.50e-01, dt=5.00e-02, exp_k=20.0, momentum=0.90, levels=6, niter=500, lbl_dist=10.00, avgs=1, sigma=2.0,type=2, relabel=0, neg=yes

blurring input image with Gaussian with sigma=2.000...
GCAMRegisterLevel(): init RMS 0.412313
#GCMRL#  601 dt   0.000050 rms  0.412  0.000% neg 0  invalid 762 tFOTS 7.0970 tGradient 0.9560 tsec 8.4310

#GCAMreg# pass 0 level1 1 level2 1 tsec 23.267 sigma 0.5
l_jacobian=1.00 l_log_likelihood=0.20 l_smoothness=1.00 
tol=2.50e-01, dt=5.00e-02, exp_k=20.0, momentum=0.90, levels=6, niter=500, lbl_dist=10.00, avgs=1, sigma=0.5,type=2, relabel=0, neg=yes

blurring input image with Gaussian with sigma=0.500...
GCAMRegisterLevel(): init RMS 0.412313
resetting metric properties...
setting smoothness cost coefficient to 2.000

#GCAMreg# pass 0 level1 0 level2 0 tsec 0 sigma 2
l_jacobian=1.00 l_log_likelihood=0.20 l_smoothness=2.00 
tol=2.50e-01, dt=5.00e-02, exp_k=20.0, momentum=0.90, levels=6, niter=500, lbl_dist=10.00, avgs=0, sigma=2.0,type=2, relabel=0, neg=yes

blurring input image with Gaussian with sigma=2.000...
GCAMRegisterLevel(): init RMS 0.40104
#FOTS# QuadFit found better minimum quadopt=(dt=1.15638,rms=0.391162) vs oldopt=(dt=1.28,rms=0.391254)
iter 0, gcam->neg = 787
after 22 iterations, nbhd size=1, neg = 0
#GCMRL#  604 dt   1.156381 rms  0.392  2.235% neg 0  invalid 762 tFOTS 5.2900 tGradient 0.3880 tsec 14.0280
#FOTS# QuadFit found better minimum quadopt=(dt=2.34375e-05,rms=0.392075) vs oldopt=(dt=1.95313e-05,rms=0.392075)
#GCMRL#  605 dt   0.000023 rms  0.392  0.000% neg 0  invalid 762 tFOTS 6.1650 tGradient 0.3700 tsec 6.9090

#GCAMreg# pass 0 level1 0 level2 1 tsec 29.918 sigma 0.5
l_jacobian=1.00 l_log_likelihood=0.20 l_smoothness=2.00 
tol=2.50e-01, dt=5.00e-02, exp_k=20.0, momentum=0.90, levels=6, niter=500, lbl_dist=10.00, avgs=0, sigma=0.5,type=2, relabel=0, neg=yes

blurring input image with Gaussian with sigma=0.500...
GCAMRegisterLevel(): init RMS 0.392075
#FOTS# QuadFit found better minimum quadopt=(dt=0.028,rms=0.392058) vs oldopt=(dt=0.02,rms=0.39206)
#GCMRL#  607 dt   0.028000 rms  0.392  0.004% neg 0  invalid 762 tFOTS 5.1860 tGradient 0.3640 tsec 5.9550
#FOTS# QuadFit found better minimum quadopt=(dt=0.007,rms=0.392056) vs oldopt=(dt=0.005,rms=0.392056)
#GCMRL#  608 dt   0.007000 rms  0.392  0.000% neg 0  invalid 762 tFOTS 5.2440 tGradient 0.4320 tsec 6.0270
#GCMRL#  609 dt   0.007000 rms  0.392  0.000% neg 0  invalid 762 tFOTS 0.0000 tGradient 0.3750 tsec 0.7250
GCAMregister done in 5.86463 min
writing output transformation to transforms/talairach.m3z...
GCAMwrite
Calls to gcamLogLikelihoodEnergy 4313 tmin = 2.1046
Calls to gcamLabelEnergy         3780 tmin = 1.26722
Calls to gcamJacobianEnergy      4313 tmin = 1.74863
Calls to gcamSmoothnessEnergy    4313 tmin = 4.58572
Calls to gcamLogLikelihoodTerm 611 tmin = 0.751033
Calls to gcamLabelTerm         570 tmin = 5.03657
Calls to gcamJacobianTerm      611 tmin = 1.41713
Calls to gcamSmoothnessTerm    611 tmin = 0.645117
Calls to gcamComputeGradient    611 tmin = 18.5319
Calls to gcamComputeMetricProperties    6174 tmin = 4.25478
mri_ca_register took 0 hours, 49 minutes and 30 seconds.
#VMPC# mri_ca_register VmPeak  3712500
FSRUNTIME@ mri_ca_register  0.8251 hours 16 threads
#--------------------------------------
#@# SubCort Seg Sat Mar 14 00:18:38 CET 2026

 mri_ca_label -relabel_unlikely 9 .3 -prior 0.5 -align norm.mgz transforms/talairach.m3z /opt/freesurfer/average/RB_all_2020-01-02.gca aseg.auto_noCCseg.mgz 

sysname  Linux
hostname dna086
machine  x86_64

setenv SUBJECTS_DIR /out/sourcedata/freesurfer
cd /out/sourcedata/freesurfer/sub-v2s7x29679_ses-1/mri
mri_ca_label -relabel_unlikely 9 .3 -prior 0.5 -align norm.mgz transforms/talairach.m3z /opt/freesurfer/average/RB_all_2020-01-02.gca aseg.auto_noCCseg.mgz 

relabeling unlikely voxels with window_size = 9 and prior threshold 0.30
using Gibbs prior factor = 0.500
renormalizing sequences with structure alignment, equivalent to:
	-renormalize
	-renormalize_mean 0.500
	-regularize 0.500

== Number of threads available to for OpenMP = 16 == 
reading 1 input volumes
reading classifier array from /opt/freesurfer/average/RB_all_2020-01-02.gca
reading input volume from norm.mgz
average std[0] = 7.2
reading transform from transforms/talairach.m3z
setting orig areas to linear transform determinant scaled 7.02
Atlas used for the 3D morph was /opt/freesurfer/average/RB_all_2020-01-02.gca
average std = 7.2   using min determinant for regularization = 5.2
0 singular and 0 ill-conditioned covariance matrices regularized
labeling volume...
renormalizing by structure alignment....
renormalizing input #0
gca peak = 0.15521 (20)
mri peak = 0.19333 (11)
Left_Lateral_Ventricle (4): linear fit = 0.61 x + 0.0 (852 voxels, overlap=0.215)
Left_Lateral_Ventricle (4): linear fit = 0.61 x + 0.0 (852 voxels, peak = 12), gca=12.1
gca peak = 0.20380 (13)
mri peak = 0.20606 (13)
Right_Lateral_Ventricle (43): linear fit = 0.83 x + 0.0 (1012 voxels, overlap=0.564)
Right_Lateral_Ventricle (43): linear fit = 0.83 x + 0.0 (1012 voxels, peak = 11), gca=10.9
gca peak = 0.26283 (96)
mri peak = 0.15500 (97)
Right_Pallidum (52): linear fit = 1.00 x + 0.0 (600 voxels, overlap=1.006)
Right_Pallidum (52): linear fit = 1.00 x + 0.0 (600 voxels, peak = 96), gca=95.5
gca peak = 0.15814 (97)
mri peak = 0.13074 (95)
Left_Pallidum (13): linear fit = 1.01 x + 0.0 (793 voxels, overlap=0.951)
Left_Pallidum (13): linear fit = 1.01 x + 0.0 (793 voxels, peak = 98), gca=98.5
gca peak = 0.27624 (56)
mri peak = 0.14590 (62)
Right_Hippocampus (53): linear fit = 1.09 x + 0.0 (1371 voxels, overlap=0.359)
Right_Hippocampus (53): linear fit = 1.09 x + 0.0 (1371 voxels, peak = 61), gca=60.8
gca peak = 0.28723 (59)
mri peak = 0.15674 (63)
Left_Hippocampus (17): linear fit = 1.04 x + 0.0 (1250 voxels, overlap=0.546)
Left_Hippocampus (17): linear fit = 1.04 x + 0.0 (1250 voxels, peak = 62), gca=61.7
gca peak = 0.07623 (103)
mri peak = 0.21984 (106)
Right_Cerebral_White_Matter (41): linear fit = 1.02 x + 0.0 (50998 voxels, overlap=0.395)
Right_Cerebral_White_Matter (41): linear fit = 1.02 x + 0.0 (50998 voxels, peak = 106), gca=105.6
gca peak = 0.07837 (105)
mri peak = 0.18942 (109)
Left_Cerebral_White_Matter (2): linear fit = 1.02 x + 0.0 (54157 voxels, overlap=0.361)
Left_Cerebral_White_Matter (2): linear fit = 1.02 x + 0.0 (54157 voxels, peak = 108), gca=107.6
gca peak = 0.10165 (58)
mri peak = 0.04375 (55)
Left_Cerebral_Cortex (3): linear fit = 0.96 x + 0.0 (47120 voxels, overlap=0.979)
Left_Cerebral_Cortex (3): linear fit = 0.96 x + 0.0 (47120 voxels, peak = 56), gca=56.0
gca peak = 0.11113 (58)
mri peak = 0.04772 (53)
Right_Cerebral_Cortex (42): linear fit = 0.94 x + 0.0 (44227 voxels, overlap=0.932)
Right_Cerebral_Cortex (42): linear fit = 0.94 x + 0.0 (44227 voxels, peak = 55), gca=54.8
gca peak = 0.27796 (67)
mri peak = 0.11439 (69)
Right_Caudate (50): linear fit = 1.01 x + 0.0 (1073 voxels, overlap=1.010)
Right_Caudate (50): linear fit = 1.01 x + 0.0 (1073 voxels, peak = 68), gca=68.0
gca peak = 0.14473 (69)
mri peak = 0.08833 (79)
Left_Caudate (11): linear fit = 1.00 x + 0.0 (1105 voxels, overlap=1.003)
Left_Caudate (11): linear fit = 1.00 x + 0.0 (1105 voxels, peak = 69), gca=69.0
gca peak = 0.14301 (56)
mri peak = 0.05773 (63)
Left_Cerebellum_Cortex (8): linear fit = 1.12 x + 0.0 (33966 voxels, overlap=0.961)
Left_Cerebellum_Cortex (8): linear fit = 1.12 x + 0.0 (33966 voxels, peak = 62), gca=62.4
gca peak = 0.14610 (55)
mri peak = 0.06273 (63)
Right_Cerebellum_Cortex (47): linear fit = 1.07 x + 0.0 (33055 voxels, overlap=0.975)
Right_Cerebellum_Cortex (47): linear fit = 1.07 x + 0.0 (33055 voxels, peak = 59), gca=58.6
gca peak = 0.16309 (85)
mri peak = 0.14399 (88)
Left_Cerebellum_White_Matter (7): linear fit = 1.05 x + 0.0 (7464 voxels, overlap=0.561)
Left_Cerebellum_White_Matter (7): linear fit = 1.05 x + 0.0 (7464 voxels, peak = 90), gca=89.7
gca peak = 0.15172 (84)
mri peak = 0.13293 (91)
Right_Cerebellum_White_Matter (46): linear fit = 1.07 x + 0.0 (7154 voxels, overlap=0.505)
Right_Cerebellum_White_Matter (46): linear fit = 1.07 x + 0.0 (7154 voxels, peak = 89), gca=89.5
gca peak = 0.30461 (58)
mri peak = 0.25364 (63)
Left_Amygdala (18): linear fit = 1.10 x + 0.0 (613 voxels, overlap=0.502)
Left_Amygdala (18): linear fit = 1.10 x + 0.0 (613 voxels, peak = 64), gca=63.5
gca peak = 0.32293 (57)
mri peak = 0.14173 (63)
Right_Amygdala (54): linear fit = 1.10 x + 0.0 (695 voxels, overlap=0.295)
Right_Amygdala (54): linear fit = 1.10 x + 0.0 (695 voxels, peak = 62), gca=62.4
gca peak = 0.11083 (90)
mri peak = 0.06081 (96)
Left_Thalamus (10): linear fit = 1.10 x + 0.0 (5277 voxels, overlap=0.736)
Left_Thalamus (10): linear fit = 1.10 x + 0.0 (5277 voxels, peak = 99), gca=98.6
gca peak = 0.11393 (83)
mri peak = 0.07463 (93)
Right_Thalamus (49): linear fit = 1.11 x + 0.0 (4988 voxels, overlap=0.868)
Right_Thalamus (49): linear fit = 1.11 x + 0.0 (4988 voxels, peak = 92), gca=91.7
gca peak = 0.08575 (81)
mri peak = 0.08291 (81)
Left_Putamen (12): linear fit = 1.02 x + 0.0 (1966 voxels, overlap=0.773)
Left_Putamen (12): linear fit = 1.02 x + 0.0 (1966 voxels, peak = 83), gca=83.0
gca peak = 0.08618 (78)
mri peak = 0.07293 (79)
Right_Putamen (51): linear fit = 1.04 x + 0.0 (2756 voxels, overlap=1.000)
Right_Putamen (51): linear fit = 1.04 x + 0.0 (2756 voxels, peak = 82), gca=81.5
gca peak = 0.08005 (78)
mri peak = 0.10183 (88)
Brain_Stem (16): linear fit = 1.10 x + 0.0 (14414 voxels, overlap=0.366)
Brain_Stem (16): linear fit = 1.10 x + 0.0 (14414 voxels, peak = 85), gca=85.4
gca peak = 0.12854 (88)
mri peak = 0.14819 (100)
Right_VentralDC (60): linear fit = 1.11 x + 0.0 (1815 voxels, overlap=0.020)
Right_VentralDC (60): linear fit = 1.11 x + 0.0 (1815 voxels, peak = 97), gca=97.2
gca peak = 0.15703 (87)
mri peak = 0.09436 (98)
Left_VentralDC (28): linear fit = 1.12 x + 0.0 (1743 voxels, overlap=0.174)
Left_VentralDC (28): linear fit = 1.12 x + 0.0 (1743 voxels, peak = 97), gca=97.0
gca peak = 0.17522 (25)
mri peak = 0.15000 (20)
gca peak = 0.17113 (14)
mri peak = 0.16704 (12)
Fourth_Ventricle (15): linear fit = 0.75 x + 0.0 (254 voxels, overlap=0.635)
Fourth_Ventricle (15): linear fit = 0.75 x + 0.0 (254 voxels, peak = 11), gca=10.6
gca peak Unknown = 0.94777 ( 0)
gca peak Left_Inf_Lat_Vent = 0.16627 (28)
gca peak Third_Ventricle = 0.17522 (25)
gca peak CSF = 0.20346 (36)
gca peak Left_Accumbens_area = 0.70646 (62)
gca peak Left_undetermined = 1.00000 (28)
gca peak Left_vessel = 0.89917 (53)
gca peak Left_choroid_plexus = 0.11689 (35)
gca peak Right_Inf_Lat_Vent = 0.25504 (23)
gca peak Right_Accumbens_area = 0.31650 (65)
gca peak Right_vessel = 0.77268 (52)
gca peak Right_choroid_plexus = 0.13275 (38)
gca peak Fifth_Ventricle = 0.60973 (33)
gca peak WM_hypointensities = 0.11013 (77)
gca peak non_WM_hypointensities = 0.11354 (41)
gca peak Optic_Chiasm = 0.51646 (76)
not using caudate to estimate GM means
estimating mean gm scale to be 1.04 x + 0.0
estimating mean wm scale to be 1.02 x + 0.0
estimating mean csf scale to be 0.73 x + 0.0
saving intensity scales to aseg.auto_noCCseg.label_intensities.txt
renormalizing by structure alignment....
renormalizing input #0
gca peak = 0.21506 (11)
mri peak = 0.19333 (11)
Left_Lateral_Ventricle (4): linear fit = 1.02 x + 0.0 (852 voxels, overlap=0.963)
Left_Lateral_Ventricle (4): linear fit = 1.02 x + 0.0 (852 voxels, peak = 11), gca=11.3
gca peak = 0.22402 (11)
mri peak = 0.20606 (13)
Right_Lateral_Ventricle (43): linear fit = 1.12 x + 0.0 (1012 voxels, overlap=0.706)
Right_Lateral_Ventricle (43): linear fit = 1.12 x + 0.0 (1012 voxels, peak = 12), gca=12.3
gca peak = 0.22316 (94)
mri peak = 0.15500 (97)
Right_Pallidum (52): linear fit = 1.01 x + 0.0 (600 voxels, overlap=1.002)
Right_Pallidum (52): linear fit = 1.01 x + 0.0 (600 voxels, peak = 95), gca=95.4
gca peak = 0.16800 (98)
mri peak = 0.13074 (95)
Left_Pallidum (13): linear fit = 1.00 x + 0.0 (793 voxels, overlap=1.000)
Left_Pallidum (13): linear fit = 1.00 x + 0.0 (793 voxels, peak = 98), gca=98.0
gca peak = 0.27452 (60)
mri peak = 0.14590 (62)
Right_Hippocampus (53): linear fit = 1.02 x + 0.0 (1371 voxels, overlap=0.998)
Right_Hippocampus (53): linear fit = 1.02 x + 0.0 (1371 voxels, peak = 62), gca=61.5
gca peak = 0.33733 (59)
mri peak = 0.15674 (63)
Left_Hippocampus (17): linear fit = 1.01 x + 0.0 (1250 voxels, overlap=1.006)
Left_Hippocampus (17): linear fit = 1.01 x + 0.0 (1250 voxels, peak = 60), gca=59.9
gca peak = 0.07779 (106)
mri peak = 0.21984 (106)
Right_Cerebral_White_Matter (41): linear fit = 1.00 x + 0.0 (50998 voxels, overlap=0.507)
Right_Cerebral_White_Matter (41): linear fit = 1.00 x + 0.0 (50998 voxels, peak = 106), gca=106.0
gca peak = 0.07733 (107)
mri peak = 0.18942 (109)
Left_Cerebral_White_Matter (2): linear fit = 1.00 x + 0.0 (54157 voxels, overlap=0.486)
Left_Cerebral_White_Matter (2): linear fit = 1.00 x + 0.0 (54157 voxels, peak = 107), gca=107.0
gca peak = 0.10437 (56)
mri peak = 0.04375 (55)
Left_Cerebral_Cortex (3): linear fit = 1.02 x + 0.0 (47120 voxels, overlap=0.997)
Left_Cerebral_Cortex (3): linear fit = 1.02 x + 0.0 (47120 voxels, peak = 57), gca=57.4
gca peak = 0.12287 (55)
mri peak = 0.04772 (53)
Right_Cerebral_Cortex (42): linear fit = 0.99 x + 0.0 (44227 voxels, overlap=0.979)
Right_Cerebral_Cortex (42): linear fit = 0.99 x + 0.0 (44227 voxels, peak = 54), gca=54.2
gca peak = 0.26369 (68)
mri peak = 0.11439 (69)
Right_Caudate (50): linear fit = 1.00 x + 0.0 (1073 voxels, overlap=1.008)
Right_Caudate (50): linear fit = 1.00 x + 0.0 (1073 voxels, peak = 68), gca=68.0
gca peak = 0.14460 (69)
mri peak = 0.08833 (79)
Left_Caudate (11): linear fit = 1.00 x + 0.0 (1105 voxels, overlap=1.002)
Left_Caudate (11): linear fit = 1.00 x + 0.0 (1105 voxels, peak = 69), gca=69.0
gca peak = 0.12383 (62)
mri peak = 0.05773 (63)
Left_Cerebellum_Cortex (8): linear fit = 0.99 x + 0.0 (33966 voxels, overlap=0.983)
Left_Cerebellum_Cortex (8): linear fit = 0.99 x + 0.0 (33966 voxels, peak = 61), gca=61.1
gca peak = 0.14333 (59)
mri peak = 0.06273 (63)
Right_Cerebellum_Cortex (47): linear fit = 1.02 x + 0.0 (33055 voxels, overlap=0.997)
Right_Cerebellum_Cortex (47): linear fit = 1.02 x + 0.0 (33055 voxels, peak = 60), gca=60.5
gca peak = 0.14626 (89)
mri peak = 0.14399 (88)
Left_Cerebellum_White_Matter (7): linear fit = 1.00 x + 0.0 (7464 voxels, overlap=0.887)
Left_Cerebellum_White_Matter (7): linear fit = 1.00 x + 0.0 (7464 voxels, peak = 89), gca=89.0
gca peak = 0.16759 (90)
mri peak = 0.13293 (91)
Right_Cerebellum_White_Matter (46): linear fit = 1.00 x + 0.0 (7154 voxels, overlap=0.876)
Right_Cerebellum_White_Matter (46): linear fit = 1.00 x + 0.0 (7154 voxels, peak = 90), gca=90.0
gca peak = 0.26284 (63)
mri peak = 0.25364 (63)
Left_Amygdala (18): linear fit = 0.99 x + 0.0 (613 voxels, overlap=1.010)
Left_Amygdala (18): linear fit = 0.99 x + 0.0 (613 voxels, peak = 62), gca=62.1
gca peak = 0.28470 (63)
mri peak = 0.14173 (63)
Right_Amygdala (54): linear fit = 0.99 x + 0.0 (695 voxels, overlap=1.009)
Right_Amygdala (54): linear fit = 0.99 x + 0.0 (695 voxels, peak = 62), gca=62.1
gca peak = 0.11723 (97)
mri peak = 0.06081 (96)
Left_Thalamus (10): linear fit = 1.00 x + 0.0 (5277 voxels, overlap=0.970)
Left_Thalamus (10): linear fit = 1.00 x + 0.0 (5277 voxels, peak = 97), gca=97.5
gca peak = 0.10165 (89)
mri peak = 0.07463 (93)
Right_Thalamus (49): linear fit = 0.99 x + 0.0 (4988 voxels, overlap=0.970)
Right_Thalamus (49): linear fit = 0.99 x + 0.0 (4988 voxels, peak = 88), gca=87.7
gca peak = 0.08550 (83)
mri peak = 0.08291 (81)
Left_Putamen (12): linear fit = 1.01 x + 0.0 (1966 voxels, overlap=0.846)
Left_Putamen (12): linear fit = 1.01 x + 0.0 (1966 voxels, peak = 84), gca=84.2
gca peak = 0.11252 (79)
mri peak = 0.07293 (79)
Right_Putamen (51): linear fit = 0.99 x + 0.0 (2756 voxels, overlap=1.000)
Right_Putamen (51): linear fit = 0.99 x + 0.0 (2756 voxels, peak = 78), gca=77.8
gca peak = 0.08435 (86)
mri peak = 0.10183 (88)
Brain_Stem (16): linear fit = 1.01 x + 0.0 (14414 voxels, overlap=0.728)
Brain_Stem (16): linear fit = 1.01 x + 0.0 (14414 voxels, peak = 87), gca=87.3
gca peak = 0.11073 (97)
mri peak = 0.14819 (100)
Right_VentralDC (60): linear fit = 1.01 x + 0.0 (1815 voxels, overlap=0.748)
Right_VentralDC (60): linear fit = 1.01 x + 0.0 (1815 voxels, peak = 98), gca=98.5
gca peak = 0.14186 (95)
mri peak = 0.09436 (98)
Left_VentralDC (28): linear fit = 1.00 x + 0.0 (1743 voxels, overlap=0.790)
Left_VentralDC (28): linear fit = 1.00 x + 0.0 (1743 voxels, peak = 95), gca=95.5
gca peak = 0.21345 (18)
mri peak = 0.15000 (20)
gca peak = 0.27737 (11)
mri peak = 0.16704 (12)
Fourth_Ventricle (15): linear fit = 1.04 x + 0.0 (254 voxels, overlap=0.734)
Fourth_Ventricle (15): linear fit = 1.04 x + 0.0 (254 voxels, peak = 11), gca=11.5
gca peak Unknown = 0.94777 ( 0)
gca peak Left_Inf_Lat_Vent = 0.18810 (29)
gca peak Third_Ventricle = 0.21345 (18)
gca peak CSF = 0.19952 (27)
gca peak Left_Accumbens_area = 0.70646 (62)
gca peak Left_undetermined = 1.00000 (28)
gca peak Left_vessel = 0.89385 (53)
gca peak Left_choroid_plexus = 0.11689 (35)
gca peak Right_Inf_Lat_Vent = 0.24368 (25)
gca peak Right_Accumbens_area = 0.31650 (66)
gca peak Right_vessel = 0.77311 (52)
gca peak Right_choroid_plexus = 0.13275 (38)
gca peak Fifth_Ventricle = 0.73765 (24)
gca peak WM_hypointensities = 0.10901 (78)
gca peak non_WM_hypointensities = 0.11377 (42)
gca peak Optic_Chiasm = 0.61266 (76)
not using caudate to estimate GM means
estimating mean gm scale to be 1.00 x + 0.0
estimating mean wm scale to be 1.00 x + 0.0
estimating mean csf scale to be 1.06 x + 0.0
saving intensity scales to aseg.auto_noCCseg.label_intensities.txt
saving sequentially combined intensity scales to aseg.auto_noCCseg.label_intensities.txt
35216 voxels changed in iteration 0 of unlikely voxel relabeling
86 voxels changed in iteration 1 of unlikely voxel relabeling
1 voxels changed in iteration 2 of unlikely voxel relabeling
0 voxels changed in iteration 3 of unlikely voxel relabeling
28412 gm and wm labels changed (%25 to gray, %75 to white out of all changed labels)
294 hippocampal voxels changed.
0 amygdala voxels changed.
Reclassifying using Gibbs Priors
pass 1: 59527 changed. image ll: -2.101, PF=0.500
pass 2: 14685 changed. image ll: -2.100, PF=0.500
pass 3: 5069 changed.
pass 4: 1948 changed.
23800 voxels changed in iteration 0 of unlikely voxel relabeling
68 voxels changed in iteration 1 of unlikely voxel relabeling
0 voxels changed in iteration 2 of unlikely voxel relabeling
6065 voxels changed in iteration 0 of unlikely voxel relabeling
104 voxels changed in iteration 1 of unlikely voxel relabeling
0 voxels changed in iteration 2 of unlikely voxel relabeling
5596 voxels changed in iteration 0 of unlikely voxel relabeling
46 voxels changed in iteration 1 of unlikely voxel relabeling
2 voxels changed in iteration 2 of unlikely voxel relabeling
0 voxels changed in iteration 3 of unlikely voxel relabeling
4580 voxels changed in iteration 0 of unlikely voxel relabeling
33 voxels changed in iteration 1 of unlikely voxel relabeling
1 voxels changed in iteration 2 of unlikely voxel relabeling
0 voxels changed in iteration 3 of unlikely voxel relabeling
 !!!!!!!!! ventricle segment 2 with volume 4626 above threshold 100 - not erasing !!!!!!!!!!
 !!!!!!!!! ventricle segment 4 with volume 5292 above threshold 100 - not erasing !!!!!!!!!!
 !!!!!!!!! ventricle segment 1 with volume 570 above threshold 100 - not erasing !!!!!!!!!!
writing labeled volume to aseg.auto_noCCseg.mgz
mri_ca_label utimesec    1233.901369
mri_ca_label stimesec    8.815546
mri_ca_label ru_maxrss   2118552
mri_ca_label ru_ixrss    0
mri_ca_label ru_idrss    0
mri_ca_label ru_isrss    0
mri_ca_label ru_minflt   9344096
mri_ca_label ru_majflt   13
mri_ca_label ru_nswap    0
mri_ca_label ru_inblock  1142
mri_ca_label ru_oublock  680
mri_ca_label ru_msgsnd   0
mri_ca_label ru_msgrcv   0
mri_ca_label ru_nsignals 0
mri_ca_label ru_nvcsw    2135
mri_ca_label ru_nivcsw   2089
auto-labeling took 19 minutes and 47 seconds.
#--------------------------------------
#@# CC Seg Sat Mar 14 00:38:25 CET 2026

 mri_cc -aseg aseg.auto_noCCseg.mgz -o aseg.auto.mgz -lta /out/sourcedata/freesurfer/sub-v2s7x29679_ses-1/mri/transforms/cc_up.lta sub-v2s7x29679_ses-1 

will read input aseg from aseg.auto_noCCseg.mgz
writing aseg with cc labels to aseg.auto.mgz
will write lta as /out/sourcedata/freesurfer/sub-v2s7x29679_ses-1/mri/transforms/cc_up.lta
reading aseg from /out/sourcedata/freesurfer/sub-v2s7x29679_ses-1/mri/aseg.auto_noCCseg.mgz
reading norm from /out/sourcedata/freesurfer/sub-v2s7x29679_ses-1/mri/norm.mgz
87040 voxels in left wm, 41380 in right wm, xrange [127, 140]
searching rotation angles z=[-5  9], y=[-7  7]
searching scale 1 Z rot -4.5  searching scale 1 Z rot -4.3  searching scale 1 Z rot -4.0  searching scale 1 Z rot -3.8  searching scale 1 Z rot -3.5  searching scale 1 Z rot -3.3  searching scale 1 Z rot -3.0  searching scale 1 Z rot -2.8  searching scale 1 Z rot -2.5  searching scale 1 Z rot -2.3  searching scale 1 Z rot -2.0  searching scale 1 Z rot -1.8  searching scale 1 Z rot -1.5  searching scale 1 Z rot -1.3  searching scale 1 Z rot -1.0  searching scale 1 Z rot -0.8  searching scale 1 Z rot -0.5  searching scale 1 Z rot -0.3  searching scale 1 Z rot -0.0  searching scale 1 Z rot 0.2  searching scale 1 Z rot 0.5  searching scale 1 Z rot 0.7  searching scale 1 Z rot 1.0  searching scale 1 Z rot 1.2  searching scale 1 Z rot 1.5  searching scale 1 Z rot 1.7  searching scale 1 Z rot 2.0  searching scale 1 Z rot 2.2  searching scale 1 Z rot 2.5  searching scale 1 Z rot 2.7  searching scale 1 Z rot 3.0  searching scale 1 Z rot 3.2  searching scale 1 Z rot 3.5  searching scale 1 Z rot 3.7  searching scale 1 Z rot 4.0  searching scale 1 Z rot 4.2  searching scale 1 Z rot 4.5  searching scale 1 Z rot 4.7  searching scale 1 Z rot 5.0  searching scale 1 Z rot 5.2  searching scale 1 Z rot 5.5  searching scale 1 Z rot 5.7  searching scale 1 Z rot 6.0  searching scale 1 Z rot 6.2  searching scale 1 Z rot 6.5  searching scale 1 Z rot 6.7  searching scale 1 Z rot 7.0  searching scale 1 Z rot 7.2  searching scale 1 Z rot 7.5  searching scale 1 Z rot 7.7  searching scale 1 Z rot 8.0  searching scale 1 Z rot 8.2  searching scale 1 Z rot 8.5  global minimum found at slice 130.0, rotations (-0.59, 1.74)
final transformation (x=130.0, yr=-0.590, zr=1.744):
 0.99948  -0.03043  -0.01028   2.77947;
 0.03043   0.99954  -0.00031   8.13426;
 0.01029   0.00000   0.99995   11.66848;
 0.00000   0.00000   0.00000   1.00000;
updating x range to be [125, 134] in xformed coordinates
best xformed slice 127
min_x_fornix = 143
min_x_fornix = 149
min_x_fornix = 153
min_x_fornix = 143
min_x_fornix = 140
cc center is found at 127 116 115
eigenvectors:
 0.00037  -0.00306   1.00000;
-0.04431  -0.99901  -0.00304;
 0.99902  -0.04430  -0.00050;
writing aseg with callosum to /out/sourcedata/freesurfer/sub-v2s7x29679_ses-1/mri/aseg.auto.mgz...
corpus callosum segmentation took 0.4 minutes
#VMPC# mri_cc VmPeak  555096
mri_cc done
#--------------------------------------
#@# Merge ASeg Sat Mar 14 00:38:52 CET 2026

 cp aseg.auto.mgz aseg.presurf.mgz 

#--------------------------------------------
#@# Intensity Normalization2 Sat Mar 14 00:38:52 CET 2026
/out/sourcedata/freesurfer/sub-v2s7x29679_ses-1/mri

 mri_normalize -seed 1234 -mprage -aseg aseg.presurf.mgz -mask brainmask.mgz norm.mgz brain.mgz 

setting seed for random number genererator to 1234
assuming input volume is MGH (Van der Kouwe) MP-RAGE
using segmentation for initial intensity normalization
using MR volume brainmask.mgz to mask input volume...
reading mri_src from norm.mgz...
Reading aseg aseg.presurf.mgz
normalizing image...
NOT doing gentle normalization with control points/label
processing with aseg
removing outliers in the aseg WM...
1221 control points removed
Building bias image
building Voronoi diagram...
performing soap bubble smoothing, sigma = 0...
Smoothing with sigma 8
Applying bias correction
building Voronoi diagram...
performing soap bubble smoothing, sigma = 8...

Iterating 2 times
---------------------------------
3d normalization pass 1 of 2
white matter peak found at 110
white matter peak found at 110
gm peak at 61 (61), valley at  0 (-1)
csf peak at 30, setting threshold to 50
building Voronoi diagram...
performing soap bubble smoothing, sigma = 8...
---------------------------------
3d normalization pass 2 of 2
white matter peak found at 110
white matter peak found at 110
gm peak at 61 (61), valley at  0 (-1)
csf peak at 30, setting threshold to 50
building Voronoi diagram...
performing soap bubble smoothing, sigma = 8...
Done iterating ---------------------------------
writing output to brain.mgz
3D bias adjustment took 1 minutes and 26 seconds.
#--------------------------------------------
#@# Mask BFS Sat Mar 14 00:40:18 CET 2026
/out/sourcedata/freesurfer/sub-v2s7x29679_ses-1/mri

 mri_mask -T 5 brain.mgz brainmask.mgz brain.finalsurfs.mgz 

threshold mask volume at 5
DoAbs = 0
Found 1645882 voxels in mask (pct=  9.81)
Writing masked volume to brain.finalsurfs.mgz...done.
#--------------------------------------------
#@# WM Segmentation Sat Mar 14 00:40:19 CET 2026

 AntsDenoiseImageFs -i brain.mgz -o antsdn.brain.mgz 


 mri_segment -wsizemm 13 -mprage antsdn.brain.mgz wm.seg.mgz 

wsizemm = 13, voxres = 1, wsize = 13
Widening wm low from 89 to 79
assuming input volume is MGH (Van der Kouwe) MP-RAGE
wm mean:  110
wsize:    13
wm low:   79
wm hi:    125
gray low: 30
gray hi:  99
Doing initial trinary intensity segmentation 
Using local statistics to label ambiguous voxels
Autodetecting stats
Computing class statistics for intensity windows...
CCS WM (102.0): 102.8 +- 5.0 [79.0 --> 125.0]
CCS GM (73.0) : 72.6 +- 8.9 [30.0 --> 95.0]
 white_mean 102.786
 white_sigma 4.9886
 gray_mean 72.5861
 gray_sigma 8.89372
setting bottom of white matter range wm_low to 81.5
setting top of gray matter range gray_hi to 90.4
 wm_low 81.4798
 wm_hi  125
 gray_low 30
 gray_hi  90.3736
Redoing initial intensity segmentation...
Recomputing local statistics to label ambiguous voxels...
 wm_low 81.4798
 wm_hi  125
 gray_low 30
 gray_hi  90.3736
using local geometry to label remaining ambiguous voxels...
polvwsize = 5, polvlen = 3, gray_hi = 90.3736, wm_low = 81.4798
MRIcpolvMedianCurveSegment(): wsize=5, len=3, gmhi=90.3736, wmlow=81.4798
    140031 voxels processed (0.83%)
     67886 voxels white (0.40%)
     72145 voxels non-white (0.43%)

Reclassifying voxels using Gaussian border classifier niter=1
MRIreclassify(): wm_low=76.4798, gray_hi=90.3736, wsize=13
    236719 voxels tested (1.41%)
     44064 voxels changed (0.26%)
     60226 multi-scale searches  (0.36%)
Recovering bright white
MRIrecoverBrightWhite()
 wm_low 81.4798
 wm_hi 125
 slack 4.9886
 pct_thresh 0.33
 intensity_thresh 129.989
 nvox_thresh 8.58
       35 voxels tested (0.00%)
       31 voxels changed (0.00%)

removing voxels with positive offset direction...
MRIremoveWrongDirection() wsize=3, lowthr=76.4798, hithr=90.3736
  smoothing input volume with sigma = 0.250
    84868 voxels tested (0.51%)
    16608 voxels changed (0.10%)
thicken = 1
removing 1-dimensional structures...
MRIremove1dStructures(): max_iter=10000, thresh=2, WM_MIN_VAL=5
 901 sparsely connected voxels removed in 1 iterations
thickening thin strands....
thickness 4
nsegments 20
wm_hi 125
842 diagonally connected voxels added...
MRIthickenThinWMStrands(): thickness=4, nsegments=20
  20 segments, 3593 filled
MRIfindBrightNonWM(): 121 bright non-wm voxels segmented.
MRIfilterMorphology() WM_MIN_VAL=5, DIAGONAL_FILL=230
white matter segmentation took 0.8 minutes
writing output to wm.seg.mgz...

 mri_edit_wm_with_aseg -keep-in wm.seg.mgz brain.mgz aseg.presurf.mgz wm.asegedit.mgz 

preserving editing changes in input volume...
auto filling took 0.34 minutes
reading wm segmentation from wm.seg.mgz...
0 voxels added to wm to prevent paths from MTL structures to cortex
2648 additional wm voxels added
0 additional wm voxels added
SEG EDIT: 33472 voxels turned on, 49085 voxels turned off.
propagating editing to output volume from wm.seg.mgz
writing edited volume to wm.asegedit.mgz....

 mri_pretess wm.asegedit.mgz wm norm.mgz wm.mgz 


Iteration Number : 1
pass   1 (xy+):   8 found -   8 modified     |    TOTAL:   8
pass   2 (xy+):   0 found -   8 modified     |    TOTAL:   8
pass   1 (xy-):   8 found -   8 modified     |    TOTAL:  16
pass   2 (xy-):   0 found -   8 modified     |    TOTAL:  16
pass   1 (yz+):  20 found -  20 modified     |    TOTAL:  36
pass   2 (yz+):   0 found -  20 modified     |    TOTAL:  36
pass   1 (yz-):  13 found -  13 modified     |    TOTAL:  49
pass   2 (yz-):   0 found -  13 modified     |    TOTAL:  49
pass   1 (xz+):   9 found -   9 modified     |    TOTAL:  58
pass   2 (xz+):   0 found -   9 modified     |    TOTAL:  58
pass   1 (xz-):  16 found -  16 modified     |    TOTAL:  74
pass   2 (xz-):   0 found -  16 modified     |    TOTAL:  74
Iteration Number : 1
pass   1 (+++):  20 found -  20 modified     |    TOTAL:  20
pass   2 (+++):   0 found -  20 modified     |    TOTAL:  20
pass   1 (+++):   5 found -   5 modified     |    TOTAL:  25
pass   2 (+++):   0 found -   5 modified     |    TOTAL:  25
pass   1 (+++):   1 found -   1 modified     |    TOTAL:  26
pass   2 (+++):   0 found -   1 modified     |    TOTAL:  26
pass   1 (+++):   4 found -   4 modified     |    TOTAL:  30
pass   2 (+++):   0 found -   4 modified     |    TOTAL:  30
Iteration Number : 1
pass   1 (++):  20 found -  20 modified     |    TOTAL:  20
pass   2 (++):   0 found -  20 modified     |    TOTAL:  20
pass   1 (+-):  26 found -  26 modified     |    TOTAL:  46
pass   2 (+-):   0 found -  26 modified     |    TOTAL:  46
pass   1 (--):  25 found -  25 modified     |    TOTAL:  71
pass   2 (--):   0 found -  25 modified     |    TOTAL:  71
pass   1 (-+):  20 found -  20 modified     |    TOTAL:  91
pass   2 (-+):   0 found -  20 modified     |    TOTAL:  91
Iteration Number : 2
pass   1 (xy+):   0 found -   0 modified     |    TOTAL:   0
pass   1 (xy-):   0 found -   0 modified     |    TOTAL:   0
pass   1 (yz+):   5 found -   5 modified     |    TOTAL:   5
pass   2 (yz+):   0 found -   5 modified     |    TOTAL:   5
pass   1 (yz-):   1 found -   1 modified     |    TOTAL:   6
pass   2 (yz-):   0 found -   1 modified     |    TOTAL:   6
pass   1 (xz+):   0 found -   0 modified     |    TOTAL:   6
pass   1 (xz-):   0 found -   0 modified     |    TOTAL:   6
Iteration Number : 2
pass   1 (+++):   0 found -   0 modified     |    TOTAL:   0
pass   1 (+++):   0 found -   0 modified     |    TOTAL:   0
pass   1 (+++):   0 found -   0 modified     |    TOTAL:   0
pass   1 (+++):   0 found -   0 modified     |    TOTAL:   0
Iteration Number : 2
pass   1 (++):   0 found -   0 modified     |    TOTAL:   0
pass   1 (+-):   0 found -   0 modified     |    TOTAL:   0
pass   1 (--):   2 found -   2 modified     |    TOTAL:   2
pass   2 (--):   0 found -   2 modified     |    TOTAL:   2
pass   1 (-+):   0 found -   0 modified     |    TOTAL:   2
Iteration Number : 3
pass   1 (xy+):   0 found -   0 modified     |    TOTAL:   0
pass   1 (xy-):   1 found -   1 modified     |    TOTAL:   1
pass   2 (xy-):   0 found -   1 modified     |    TOTAL:   1
pass   1 (yz+):   0 found -   0 modified     |    TOTAL:   1
pass   1 (yz-):   0 found -   0 modified     |    TOTAL:   1
pass   1 (xz+):   0 found -   0 modified     |    TOTAL:   1
pass   1 (xz-):   0 found -   0 modified     |    TOTAL:   1
Iteration Number : 3
pass   1 (+++):   0 found -   0 modified     |    TOTAL:   0
pass   1 (+++):   0 found -   0 modified     |    TOTAL:   0
pass   1 (+++):   0 found -   0 modified     |    TOTAL:   0
pass   1 (+++):   0 found -   0 modified     |    TOTAL:   0
Iteration Number : 3
pass   1 (++):   0 found -   0 modified     |    TOTAL:   0
pass   1 (+-):   0 found -   0 modified     |    TOTAL:   0
pass   1 (--):   0 found -   0 modified     |    TOTAL:   0
pass   1 (-+):   0 found -   0 modified     |    TOTAL:   0
Iteration Number : 4
pass   1 (xy+):   0 found -   0 modified     |    TOTAL:   0
pass   1 (xy-):   0 found -   0 modified     |    TOTAL:   0
pass   1 (yz+):   0 found -   0 modified     |    TOTAL:   0
pass   1 (yz-):   0 found -   0 modified     |    TOTAL:   0
pass   1 (xz+):   0 found -   0 modified     |    TOTAL:   0
pass   1 (xz-):   0 found -   0 modified     |    TOTAL:   0
Iteration Number : 4
pass   1 (+++):   0 found -   0 modified     |    TOTAL:   0
pass   1 (+++):   0 found -   0 modified     |    TOTAL:   0
pass   1 (+++):   0 found -   0 modified     |    TOTAL:   0
pass   1 (+++):   0 found -   0 modified     |    TOTAL:   0
Iteration Number : 4
pass   1 (++):   0 found -   0 modified     |    TOTAL:   0
pass   1 (+-):   0 found -   0 modified     |    TOTAL:   0
pass   1 (--):   0 found -   0 modified     |    TOTAL:   0
pass   1 (-+):   0 found -   0 modified     |    TOTAL:   0

Total Number of Modified Voxels = 204 (out of 621070: 0.032847)
binarizing input wm segmentation...
Ambiguous edge configurations... 

mri_pretess done

#--------------------------------------------
#@# Fill Sat Mar 14 00:41:57 CET 2026
/out/sourcedata/freesurfer/sub-v2s7x29679_ses-1/mri

 mri_fill -a ../scripts/ponscc.cut.log -xform transforms/talairach.lta -segmentation aseg.presurf.mgz -ctab /opt/freesurfer/SubCorticalMassLUT.txt wm.mgz filled.mgz 

logging cutting plane coordinates to ../scripts/ponscc.cut.log...
INFO: Using transforms/talairach.lta and its offset for Talairach volume ...
using segmentation aseg.presurf.mgz...
reading input volume...done.
searching for cutting planes...voxel to talairach voxel transform
 1.01677  -0.04287   0.00932  -1.98462;
 0.04753   1.09262   0.22900  -56.50977;
-0.01840  -0.21776   0.97879   21.46954;
 0.00000   0.00000   0.00000   1.00000;
voxel to talairach voxel transform
 1.01677  -0.04287   0.00932  -1.98462;
 0.04753   1.09262   0.22900  -56.50977;
-0.01840  -0.21776   0.97879   21.46954;
 0.00000   0.00000   0.00000   1.00000;
reading segmented volume aseg.presurf.mgz
removing CC from segmentation
Looking for area (min, max) = (350, 1400)
area[0] = 1259 (min = 350, max = 1400), aspect = 0.47 (min = 0.10, max = 0.75)
no need to search
using seed (125, 111, 94), TAL = (3.0, -34.0, 17.0)
talairach voxel to voxel transform
 0.98155   0.03502  -0.01754   4.30355;
-0.04449   0.87287  -0.20380   53.61290;
 0.00855   0.19485   0.97600  -9.92644;
 0.00000   0.00000   0.00000   1.00000;
segmentation indicates cc at (125,  111,  94) --> (3.0, -34.0, 17.0)
done.
filling took 0.6 minutes
talairach cc position changed to (3.00, -34.00, 17.00)
Erasing brainstem...done.
seed_search_size = 9, min_neighbors = 5
search rh wm seed point around talairach space:(21.00, -34.00, 17.00) SRC: (111.57, 126.58, 104.36)
search lh wm seed point around talairach space (-15.00, -34.00, 17.00), SRC: (146.90, 124.98, 104.67)
compute mri_fill using aseg
Erasing Brain Stem and Cerebellum ...
Define left and right masks using aseg:
Building Voronoi diagram ...
Using the Voronoi diagram for separating WM into two hemispheres ...
Find the largest connected component for each hemisphere ...
Embedding colortable
mri_fill done, writing output to filled.mgz...
 cp filled.mgz filled.auto.mgz

Started at Fri Mar 13 23:28:14 CET 2026 
Ended   at Sat Mar 14 00:42:34 CET 2026
#@#%# recon-all-run-time-hours 1.239
recon-all -s sub-v2s7x29679_ses-1 finished without error at Sat Mar 14 00:42:34 CET 2026



#New# invocation of recon-all 




Sat Mar 14 01:26:41 CET 2026
cd /out/sourcedata/freesurfer/sub-v2s7x29679_ses-1
setenv SUBJECTS_DIR /out/sourcedata/freesurfer
/opt/freesurfer/bin/recon-all -parallel -subjid sub-v2s7x29679_ses-1 -sd /out/sourcedata/freesurfer -cortribbon

subjid sub-v2s7x29679_ses-1
setenv SUBJECTS_DIR /out/sourcedata/freesurfer
FREESURFER_HOME /opt/freesurfer
Actual FREESURFER_HOME /opt/freesurfer
build-stamp.txt: freesurfer-linux-ubuntu22_x86_64-7.3.2-20220804-6354275
Linux dna086 5.14.0-427.37.1.el9_4.x86_64 #1 SMP PREEMPT_DYNAMIC Fri Sep 13 12:41:50 EDT 2024 x86_64 x86_64 x86_64 GNU/Linux
cputime      unlimited
filesize     unlimited
datasize     unlimited
stacksize    8192 kbytes
coredumpsize 0 kbytes
memoryuse    67108864 kbytes
vmemoryuse   unlimited
descriptors  1024 
memorylocked unlimited
maxproc      2061970 
maxlocks     unlimited
maxsignal    2062024 
maxmessage   819200 
maxnice      0 
maxrtprio    0 
maxrttime    unlimited

               total        used        free      shared  buff/cache   available
Mem:           503Gi        61Gi       395Gi        18Gi        47Gi       421Gi
Swap:             0B          0B          0B

########################################
program versions used
7.3.2 (freesurfer-linux-ubuntu22_x86_64-7.3.2-20220804-6354275)
7.3.2

ProgramName: lta_convert  ProgramArguments: lta_convert -all-info  ProgramVersion: 7.3.2  TimeStamp: 2026/03/14-00:26:41-GMT  BuildTime: Aug  4 2022 06:17:15  BuildStamp: freesurfer-linux-ubuntu22_x86_64-7.3.2-20220804-6354275  User: oesteban  Machine: dna086  Platform: Linux  PlatformVersion: 5.14.0-427.37.1.el9_4.x86_64  CompilerName: GCC  CompilerVersion: 8.4.0
ProgramName: mri_and  ProgramArguments: mri_and -all-info  ProgramVersion: 7.3.2  TimeStamp: 2026/03/14-00:26:41-GMT  BuildTime: Aug  4 2022 06:17:15  BuildStamp: freesurfer-linux-ubuntu22_x86_64-7.3.2-20220804-6354275  User: oesteban  Machine: dna086  Platform: Linux  PlatformVersion: 5.14.0-427.37.1.el9_4.x86_64  CompilerName: GCC  CompilerVersion: 8.4.0
ProgramName: mri_annotation2label  ProgramArguments: mri_annotation2label -all-info  ProgramVersion: 7.3.2  TimeStamp: 2026/03/14-00:26:41-GMT  BuildTime: Aug  4 2022 06:17:15  BuildStamp: freesurfer-linux-ubuntu22_x86_64-7.3.2-20220804-6354275  User: oesteban  Machine: dna086  Platform: Linux  PlatformVersion: 5.14.0-427.37.1.el9_4.x86_64  CompilerName: GCC  CompilerVersion: 8.4.0
ProgramName: mri_aparc2aseg  ProgramArguments: mri_aparc2aseg -all-info  ProgramVersion: 7.3.2  TimeStamp: 2026/03/14-00:26:41-GMT  BuildTime: Aug  4 2022 06:17:15  BuildStamp: freesurfer-linux-ubuntu22_x86_64-7.3.2-20220804-6354275  User: oesteban  Machine: dna086  Platform: Linux  PlatformVersion: 5.14.0-427.37.1.el9_4.x86_64  CompilerName: GCC  CompilerVersion: 8.4.0
ProgramName: mri_surf2volseg  ProgramArguments: mri_surf2volseg -all-info  ProgramVersion: 7.3.2  TimeStamp: 2026/03/14-00:26:41-GMT  BuildTime: Aug  4 2022 06:17:15  BuildStamp: freesurfer-linux-ubuntu22_x86_64-7.3.2-20220804-6354275  User: oesteban  Machine: dna086  Platform: Linux  PlatformVersion: 5.14.0-427.37.1.el9_4.x86_64  CompilerName: GCC  CompilerVersion: 8.4.0
ProgramName: mri_binarize  ProgramArguments: mri_binarize -all-info  ProgramVersion: 7.3.2  TimeStamp: 2026/03/14-00:26:41-GMT  BuildTime: Aug  4 2022 06:17:15  BuildStamp: freesurfer-linux-ubuntu22_x86_64-7.3.2-20220804-6354275  User: oesteban  Machine: dna086  Platform: Linux  PlatformVersion: 5.14.0-427.37.1.el9_4.x86_64  CompilerName: GCC  CompilerVersion: 8.4.0
ProgramName: mri_ca_label  ProgramArguments: mri_ca_label -all-info  ProgramVersion: 7.3.2  TimeStamp: 2026/03/14-00:26:41-GMT  BuildTime: Aug  4 2022 06:17:15  BuildStamp: freesurfer-linux-ubuntu22_x86_64-7.3.2-20220804-6354275  User: oesteban  Machine: dna086  Platform: Linux  PlatformVersion: 5.14.0-427.37.1.el9_4.x86_64  CompilerName: GCC  CompilerVersion: 8.4.0
ProgramName: mri_ca_normalize  ProgramArguments: mri_ca_normalize -all-info  ProgramVersion: 7.3.2  TimeStamp: 2026/03/14-00:26:41-GMT  BuildTime: Aug  4 2022 06:17:15  BuildStamp: freesurfer-linux-ubuntu22_x86_64-7.3.2-20220804-6354275  User: oesteban  Machine: dna086  Platform: Linux  PlatformVersion: 5.14.0-427.37.1.el9_4.x86_64  CompilerName: GCC  CompilerVersion: 8.4.0
ProgramName: mri_ca_register  ProgramArguments: mri_ca_register -all-info  ProgramVersion: 7.3.2  TimeStamp: 2026/03/14-00:26:41-GMT  BuildTime: Aug  4 2022 06:17:15  BuildStamp: freesurfer-linux-ubuntu22_x86_64-7.3.2-20220804-6354275  User: oesteban  Machine: dna086  Platform: Linux  PlatformVersion: 5.14.0-427.37.1.el9_4.x86_64  CompilerName: GCC  CompilerVersion: 8.4.0
ProgramName: mri_cc  ProgramArguments: mri_cc -all-info  ProgramVersion: 7.3.2  TimeStamp: 2026/03/14-00:26:41-GMT  BuildTime: Aug  4 2022 06:17:15  BuildStamp: freesurfer-linux-ubuntu22_x86_64-7.3.2-20220804-6354275  User: oesteban  Machine: dna086  Platform: Linux  PlatformVersion: 5.14.0-427.37.1.el9_4.x86_64  CompilerName: GCC  CompilerVersion: 8.4.0
ProgramName: mri_compute_overlap  ProgramArguments: mri_compute_overlap -all-info  ProgramVersion: 7.3.2  TimeStamp: 2026/03/14-00:26:41-GMT  BuildTime: Aug  4 2022 06:17:15  BuildStamp: freesurfer-linux-ubuntu22_x86_64-7.3.2-20220804-6354275  User: oesteban  Machine: dna086  Platform: Linux  PlatformVersion: 5.14.0-427.37.1.el9_4.x86_64  CompilerName: GCC  CompilerVersion: 8.4.0
ProgramName: mri_compute_seg_overlap  ProgramArguments: mri_compute_seg_overlap -all-info  ProgramVersion: 7.3.2  TimeStamp: 2026/03/14-00:26:41-GMT  BuildTime: Aug  4 2022 06:17:15  BuildStamp: freesurfer-linux-ubuntu22_x86_64-7.3.2-20220804-6354275  User: oesteban  Machine: dna086  Platform: Linux  PlatformVersion: 5.14.0-427.37.1.el9_4.x86_64  CompilerName: GCC  CompilerVersion: 8.4.0
ProgramName: mri_concat  ProgramArguments: mri_concat -all-info  ProgramVersion: 7.3.2  TimeStamp: 2026/03/14-00:26:41-GMT  BuildTime: Aug  4 2022 06:17:15  BuildStamp: freesurfer-linux-ubuntu22_x86_64-7.3.2-20220804-6354275  User: oesteban  Machine: dna086  Platform: Linux  PlatformVersion: 5.14.0-427.37.1.el9_4.x86_64  CompilerName: GCC  CompilerVersion: 8.4.0
ProgramName: mri_concatenate_lta  ProgramArguments: mri_concatenate_lta -all-info  ProgramVersion: 7.3.2  TimeStamp: 2026/03/14-00:26:41-GMT  BuildTime: Aug  4 2022 06:17:15  BuildStamp: freesurfer-linux-ubuntu22_x86_64-7.3.2-20220804-6354275  User: oesteban  Machine: dna086  Platform: Linux  PlatformVersion: 5.14.0-427.37.1.el9_4.x86_64  CompilerName: GCC  CompilerVersion: 8.4.0
mri_convert -all-info 
ProgramName: mri_convert  ProgramArguments: mri_convert -all-info  ProgramVersion: 7.3.2  TimeStamp: 2026/03/14-00:26:41-GMT  BuildTime: Aug  4 2022 06:17:15  BuildStamp: freesurfer-linux-ubuntu22_x86_64-7.3.2-20220804-6354275  User: oesteban  Machine: dna086  Platform: Linux  PlatformVersion: 5.14.0-427.37.1.el9_4.x86_64  CompilerName: GCC  CompilerVersion: 8.4.0
ProgramName: mri_diff  ProgramArguments: mri_diff -all-info  ProgramVersion: 7.3.2  TimeStamp: 2026/03/14-00:26:41-GMT  BuildTime: Aug  4 2022 06:17:15  BuildStamp: freesurfer-linux-ubuntu22_x86_64-7.3.2-20220804-6354275  User: oesteban  Machine: dna086  Platform: Linux  PlatformVersion: 5.14.0-427.37.1.el9_4.x86_64  CompilerName: GCC  CompilerVersion: 8.4.0
ProgramName: mri_edit_wm_with_aseg  ProgramArguments: mri_edit_wm_with_aseg -all-info  ProgramVersion: 7.3.2  TimeStamp: 2026/03/14-00:26:41-GMT  BuildTime: Aug  4 2022 06:17:15  BuildStamp: freesurfer-linux-ubuntu22_x86_64-7.3.2-20220804-6354275  User: oesteban  Machine: dna086  Platform: Linux  PlatformVersion: 5.14.0-427.37.1.el9_4.x86_64  CompilerName: GCC  CompilerVersion: 8.4.0
ProgramName: mri_em_register  ProgramArguments: mri_em_register -all-info  ProgramVersion: 7.3.2  TimeStamp: 2026/03/14-00:26:41-GMT  BuildTime: Aug  4 2022 06:17:15  BuildStamp: freesurfer-linux-ubuntu22_x86_64-7.3.2-20220804-6354275  User: oesteban  Machine: dna086  Platform: Linux  PlatformVersion: 5.14.0-427.37.1.el9_4.x86_64  CompilerName: GCC  CompilerVersion: 8.4.0
ProgramName: mri_fill  ProgramArguments: mri_fill -all-info  ProgramVersion: 7.3.2  TimeStamp: 2026/03/14-00:26:41-GMT  BuildTime: Aug  4 2022 06:17:15  BuildStamp: freesurfer-linux-ubuntu22_x86_64-7.3.2-20220804-6354275  User: oesteban  Machine: dna086  Platform: Linux  PlatformVersion: 5.14.0-427.37.1.el9_4.x86_64  CompilerName: GCC  CompilerVersion: 8.4.0
ProgramName: mri_fuse_segmentations  ProgramArguments: mri_fuse_segmentations -all-info  ProgramVersion: 7.3.2  TimeStamp: 2026/03/14-00:26:41-GMT  BuildTime: Aug  4 2022 06:17:15  BuildStamp: freesurfer-linux-ubuntu22_x86_64-7.3.2-20220804-6354275  User: oesteban  Machine: dna086  Platform: Linux  PlatformVersion: 5.14.0-427.37.1.el9_4.x86_64  CompilerName: GCC  CompilerVersion: 8.4.0
ProgramName: mri_fwhm  ProgramArguments: mri_fwhm -all-info  ProgramVersion: 7.3.2  TimeStamp: 2026/03/14-00:26:41-GMT  BuildTime: Aug  4 2022 06:17:15  BuildStamp: freesurfer-linux-ubuntu22_x86_64-7.3.2-20220804-6354275  User: oesteban  Machine: dna086  Platform: Linux  PlatformVersion: 5.14.0-427.37.1.el9_4.x86_64  CompilerName: GCC  CompilerVersion: 8.4.0
ProgramName: mri_gcut  ProgramArguments: mri_gcut -all-info  ProgramVersion: 7.3.2  TimeStamp: 2026/03/14-00:26:41-GMT  BuildTime: Aug  4 2022 06:17:15  BuildStamp: freesurfer-linux-ubuntu22_x86_64-7.3.2-20220804-6354275  User: oesteban  Machine: dna086  Platform: Linux  PlatformVersion: 5.14.0-427.37.1.el9_4.x86_64  CompilerName: GCC  CompilerVersion: 8.4.0
ProgramName: mri_info  ProgramArguments: mri_info -all-info  ProgramVersion: 7.3.2  TimeStamp: 2026/03/14-00:26:41-GMT  BuildTime: Aug  4 2022 06:17:15  BuildStamp: freesurfer-linux-ubuntu22_x86_64-7.3.2-20220804-6354275  User: oesteban  Machine: dna086  Platform: Linux  PlatformVersion: 5.14.0-427.37.1.el9_4.x86_64  CompilerName: GCC  CompilerVersion: 8.4.0
ProgramName: mri_label2label  ProgramArguments: mri_label2label -all-info  ProgramVersion: 7.3.2  TimeStamp: 2026/03/14-00:26:41-GMT  BuildTime: Aug  4 2022 06:17:15  BuildStamp: freesurfer-linux-ubuntu22_x86_64-7.3.2-20220804-6354275  User: oesteban  Machine: dna086  Platform: Linux  PlatformVersion: 5.14.0-427.37.1.el9_4.x86_64  CompilerName: GCC  CompilerVersion: 8.4.0
ProgramName: mri_label2vol  ProgramArguments: mri_label2vol -all-info  ProgramVersion: 7.3.2  TimeStamp: 2026/03/14-00:26:41-GMT  BuildTime: Aug  4 2022 06:17:15  BuildStamp: freesurfer-linux-ubuntu22_x86_64-7.3.2-20220804-6354275  User: oesteban  Machine: dna086  Platform: Linux  PlatformVersion: 5.14.0-427.37.1.el9_4.x86_64  CompilerName: GCC  CompilerVersion: 8.4.0
ProgramName: mri_log_likelihood  ProgramArguments: mri_log_likelihood -all-info  ProgramVersion: 7.3.2  TimeStamp: 2026/03/14-00:26:41-GMT  BuildTime: Aug  4 2022 06:17:15  BuildStamp: freesurfer-linux-ubuntu22_x86_64-7.3.2-20220804-6354275  User: oesteban  Machine: dna086  Platform: Linux  PlatformVersion: 5.14.0-427.37.1.el9_4.x86_64  CompilerName: GCC  CompilerVersion: 8.4.0
ProgramName: mri_mask  ProgramArguments: mri_mask -all-info  ProgramVersion: 7.3.2  TimeStamp: 2026/03/14-00:26:41-GMT  BuildTime: Aug  4 2022 06:17:15  BuildStamp: freesurfer-linux-ubuntu22_x86_64-7.3.2-20220804-6354275  User: oesteban  Machine: dna086  Platform: Linux  PlatformVersion: 5.14.0-427.37.1.el9_4.x86_64  CompilerName: GCC  CompilerVersion: 8.4.0
ProgramName: mri_matrix_multiply  ProgramArguments: mri_matrix_multiply -all-info  ProgramVersion: 7.3.2  TimeStamp: 2026/03/14-00:26:41-GMT  BuildTime: Aug  4 2022 06:17:15  BuildStamp: freesurfer-linux-ubuntu22_x86_64-7.3.2-20220804-6354275  User: oesteban  Machine: dna086  Platform: Linux  PlatformVersion: 5.14.0-427.37.1.el9_4.x86_64  CompilerName: GCC  CompilerVersion: 8.4.0
ProgramName: mri_normalize  ProgramArguments: mri_normalize -all-info  ProgramVersion: 7.3.2  TimeStamp: 2026/03/14-00:26:41-GMT  BuildTime: Aug  4 2022 06:17:15  BuildStamp: freesurfer-linux-ubuntu22_x86_64-7.3.2-20220804-6354275  User: oesteban  Machine: dna086  Platform: Linux  PlatformVersion: 5.14.0-427.37.1.el9_4.x86_64  CompilerName: GCC  CompilerVersion: 8.4.0
ProgramName: mri_normalize_tp2  ProgramArguments: mri_normalize_tp2 -all-info  ProgramVersion: 7.3.2  TimeStamp: 2026/03/14-00:26:41-GMT  BuildTime: Aug  4 2022 06:17:15  BuildStamp: freesurfer-linux-ubuntu22_x86_64-7.3.2-20220804-6354275  User: oesteban  Machine: dna086  Platform: Linux  PlatformVersion: 5.14.0-427.37.1.el9_4.x86_64  CompilerName: GCC  CompilerVersion: 8.4.0
ProgramName: mri_or  ProgramArguments: mri_or -all-info  ProgramVersion: 7.3.2  TimeStamp: 2026/03/14-00:26:41-GMT  BuildTime: Aug  4 2022 06:17:15  BuildStamp: freesurfer-linux-ubuntu22_x86_64-7.3.2-20220804-6354275  User: oesteban  Machine: dna086  Platform: Linux  PlatformVersion: 5.14.0-427.37.1.el9_4.x86_64  CompilerName: GCC  CompilerVersion: 8.4.0
ProgramName: mri_relabel_hypointensities  ProgramArguments: mri_relabel_hypointensities -all-info  ProgramVersion: 7.3.2  TimeStamp: 2026/03/14-00:26:41-GMT  BuildTime: Aug  4 2022 06:17:15  BuildStamp: freesurfer-linux-ubuntu22_x86_64-7.3.2-20220804-6354275  User: oesteban  Machine: dna086  Platform: Linux  PlatformVersion: 5.14.0-427.37.1.el9_4.x86_64  CompilerName: GCC  CompilerVersion: 8.4.0
ProgramName: mri_relabel_nonwm_hypos  ProgramArguments: mri_relabel_nonwm_hypos -all-info  ProgramVersion: 7.3.2  TimeStamp: 2026/03/14-00:26:41-GMT  BuildTime: Aug  4 2022 06:17:15  BuildStamp: freesurfer-linux-ubuntu22_x86_64-7.3.2-20220804-6354275  User: oesteban  Machine: dna086  Platform: Linux  PlatformVersion: 5.14.0-427.37.1.el9_4.x86_64  CompilerName: GCC  CompilerVersion: 8.4.0
ProgramName: mri_remove_neck  ProgramArguments: mri_remove_neck -all-info  ProgramVersion: 7.3.2  TimeStamp: 2026/03/14-00:26:41-GMT  BuildTime: Aug  4 2022 06:17:15  BuildStamp: freesurfer-linux-ubuntu22_x86_64-7.3.2-20220804-6354275  User: oesteban  Machine: dna086  Platform: Linux  PlatformVersion: 5.14.0-427.37.1.el9_4.x86_64  CompilerName: GCC  CompilerVersion: 8.4.0
7.3.2

ProgramName: mri_robust_register  ProgramArguments: mri_robust_register -all-info  ProgramVersion: 7.3.2  TimeStamp: 2026/03/14-00:26:41-GMT  BuildTime: Aug  4 2022 06:17:15  BuildStamp: freesurfer-linux-ubuntu22_x86_64-7.3.2-20220804-6354275  User: oesteban  Machine: dna086  Platform: Linux  PlatformVersion: 5.14.0-427.37.1.el9_4.x86_64  CompilerName: GCC  CompilerVersion: 8.4.0
7.3.2

ProgramName: mri_robust_template  ProgramArguments: mri_robust_template -all-info  ProgramVersion: 7.3.2  TimeStamp: 2026/03/14-00:26:41-GMT  BuildTime: Aug  4 2022 06:17:15  BuildStamp: freesurfer-linux-ubuntu22_x86_64-7.3.2-20220804-6354275  User: oesteban  Machine: dna086  Platform: Linux  PlatformVersion: 5.14.0-427.37.1.el9_4.x86_64  CompilerName: GCC  CompilerVersion: 8.4.0
ProgramName: mris_anatomical_stats  ProgramArguments: mris_anatomical_stats -all-info  ProgramVersion: 7.3.2  TimeStamp: 2026/03/14-00:26:41-GMT  BuildTime: Aug  4 2022 06:17:15  BuildStamp: freesurfer-linux-ubuntu22_x86_64-7.3.2-20220804-6354275  User: oesteban  Machine: dna086  Platform: Linux  PlatformVersion: 5.14.0-427.37.1.el9_4.x86_64  CompilerName: GCC  CompilerVersion: 8.4.0
ProgramName: mris_ca_label  ProgramArguments: mris_ca_label -all-info  ProgramVersion: 7.3.2  TimeStamp: 2026/03/14-00:26:41-GMT  BuildTime: Aug  4 2022 06:17:15  BuildStamp: freesurfer-linux-ubuntu22_x86_64-7.3.2-20220804-6354275  User: oesteban  Machine: dna086  Platform: Linux  PlatformVersion: 5.14.0-427.37.1.el9_4.x86_64  CompilerName: GCC  CompilerVersion: 8.4.0
ProgramName: mris_calc  ProgramArguments: mris_calc -all-info  ProgramVersion: 7.3.2  TimeStamp: 2026/03/14-00:26:41-GMT  BuildTime: Aug  4 2022 06:17:15  BuildStamp: freesurfer-linux-ubuntu22_x86_64-7.3.2-20220804-6354275  User: oesteban  Machine: dna086  Platform: Linux  PlatformVersion: 5.14.0-427.37.1.el9_4.x86_64  CompilerName: GCC  CompilerVersion: 8.4.0
ProgramName: mris_convert  ProgramArguments: mris_convert -all-info  ProgramVersion: 7.3.2  TimeStamp: 2026/03/14-00:26:41-GMT  BuildTime: Aug  4 2022 06:17:15  BuildStamp: freesurfer-linux-ubuntu22_x86_64-7.3.2-20220804-6354275  User: oesteban  Machine: dna086  Platform: Linux  PlatformVersion: 5.14.0-427.37.1.el9_4.x86_64  CompilerName: GCC  CompilerVersion: 8.4.0
ProgramName: mris_curvature  ProgramArguments: mris_curvature -all-info  ProgramVersion: 7.3.2  TimeStamp: 2026/03/14-00:26:41-GMT  BuildTime: Aug  4 2022 06:17:15  BuildStamp: freesurfer-linux-ubuntu22_x86_64-7.3.2-20220804-6354275  User: oesteban  Machine: dna086  Platform: Linux  PlatformVersion: 5.14.0-427.37.1.el9_4.x86_64  CompilerName: GCC  CompilerVersion: 8.4.0
ProgramName: mris_curvature_stats  ProgramArguments: mris_curvature_stats -all-info  ProgramVersion: 7.3.2  TimeStamp: 2026/03/14-00:26:41-GMT  BuildTime: Aug  4 2022 06:17:15  BuildStamp: freesurfer-linux-ubuntu22_x86_64-7.3.2-20220804-6354275  User: oesteban  Machine: dna086  Platform: Linux  PlatformVersion: 5.14.0-427.37.1.el9_4.x86_64  CompilerName: GCC  CompilerVersion: 8.4.0
ProgramName: mris_diff  ProgramArguments: mris_diff -all-info  ProgramVersion: 7.3.2  TimeStamp: 2026/03/14-00:26:41-GMT  BuildTime: Aug  4 2022 06:17:15  BuildStamp: freesurfer-linux-ubuntu22_x86_64-7.3.2-20220804-6354275  User: oesteban  Machine: dna086  Platform: Linux  PlatformVersion: 5.14.0-427.37.1.el9_4.x86_64  CompilerName: GCC  CompilerVersion: 8.4.0
ProgramName: mris_divide_parcellation  ProgramArguments: mris_divide_parcellation -all-info  ProgramVersion: 7.3.2  TimeStamp: 2026/03/14-00:26:41-GMT  BuildTime: Aug  4 2022 06:17:15  BuildStamp: freesurfer-linux-ubuntu22_x86_64-7.3.2-20220804-6354275  User: oesteban  Machine: dna086  Platform: Linux  PlatformVersion: 5.14.0-427.37.1.el9_4.x86_64  CompilerName: GCC  CompilerVersion: 8.4.0
ProgramName: mri_segment  ProgramArguments: mri_segment -all-info  ProgramVersion: 7.3.2  TimeStamp: 2026/03/14-00:26:41-GMT  BuildTime: Aug  4 2022 06:17:15  BuildStamp: freesurfer-linux-ubuntu22_x86_64-7.3.2-20220804-6354275  User: oesteban  Machine: dna086  Platform: Linux  PlatformVersion: 5.14.0-427.37.1.el9_4.x86_64  CompilerName: GCC  CompilerVersion: 8.4.0
ProgramName: mri_segstats  ProgramArguments: mri_segstats -all-info  ProgramVersion: 7.3.2  TimeStamp: 2026/03/14-00:26:41-GMT  BuildTime: Aug  4 2022 06:17:15  BuildStamp: freesurfer-linux-ubuntu22_x86_64-7.3.2-20220804-6354275  User: oesteban  Machine: dna086  Platform: Linux  PlatformVersion: 5.14.0-427.37.1.el9_4.x86_64  CompilerName: GCC  CompilerVersion: 8.4.0
ProgramName: mris_euler_number  ProgramArguments: mris_euler_number -all-info  ProgramVersion: 7.3.2  TimeStamp: 2026/03/14-00:26:41-GMT  BuildTime: Aug  4 2022 06:17:15  BuildStamp: freesurfer-linux-ubuntu22_x86_64-7.3.2-20220804-6354275  User: oesteban  Machine: dna086  Platform: Linux  PlatformVersion: 5.14.0-427.37.1.el9_4.x86_64  CompilerName: GCC  CompilerVersion: 8.4.0
ProgramName: mris_fix_topology  ProgramArguments: mris_fix_topology -all-info  ProgramVersion: 7.3.2  TimeStamp: 2026/03/14-00:26:41-GMT  BuildTime: Aug  4 2022 06:17:15  BuildStamp: freesurfer-linux-ubuntu22_x86_64-7.3.2-20220804-6354275  User: oesteban  Machine: dna086  Platform: Linux  PlatformVersion: 5.14.0-427.37.1.el9_4.x86_64  CompilerName: GCC  CompilerVersion: 8.4.0
ProgramName: mris_topo_fixer  ProgramArguments: mris_topo_fixer -all-info  ProgramVersion: 7.3.2  TimeStamp: 2026/03/14-00:26:41-GMT  BuildTime: Aug  4 2022 06:17:15  BuildStamp: freesurfer-linux-ubuntu22_x86_64-7.3.2-20220804-6354275  User: oesteban  Machine: dna086  Platform: Linux  PlatformVersion: 5.14.0-427.37.1.el9_4.x86_64  CompilerName: GCC  CompilerVersion: 8.4.0
ProgramName: mris_jacobian  ProgramArguments: mris_jacobian -all-info  ProgramVersion: 7.3.2  TimeStamp: 2026/03/14-00:26:41-GMT  BuildTime: Aug  4 2022 06:17:15  BuildStamp: freesurfer-linux-ubuntu22_x86_64-7.3.2-20220804-6354275  User: oesteban  Machine: dna086  Platform: Linux  PlatformVersion: 5.14.0-427.37.1.el9_4.x86_64  CompilerName: GCC  CompilerVersion: 8.4.0
ProgramName: mris_label2annot  ProgramArguments: mris_label2annot -all-info  ProgramVersion: 7.3.2  TimeStamp: 2026/03/14-00:26:41-GMT  BuildTime: Aug  4 2022 06:17:15  BuildStamp: freesurfer-linux-ubuntu22_x86_64-7.3.2-20220804-6354275  User: oesteban  Machine: dna086  Platform: Linux  PlatformVersion: 5.14.0-427.37.1.el9_4.x86_64  CompilerName: GCC  CompilerVersion: 8.4.0
ProgramName: mris_left_right_register  ProgramArguments: mris_left_right_register -all-info  ProgramVersion: 7.3.2  TimeStamp: 2026/03/14-00:26:41-GMT  BuildTime: Aug  4 2022 06:17:15  BuildStamp: freesurfer-linux-ubuntu22_x86_64-7.3.2-20220804-6354275  User: oesteban  Machine: dna086  Platform: Linux  PlatformVersion: 5.14.0-427.37.1.el9_4.x86_64  CompilerName: GCC  CompilerVersion: 8.4.0
ProgramName: mris_place_surface  ProgramArguments: mris_place_surface -all-info  ProgramVersion: 7.3.2  TimeStamp: 2026/03/14-00:26:41-GMT  BuildTime: Aug  4 2022 06:17:15  BuildStamp: freesurfer-linux-ubuntu22_x86_64-7.3.2-20220804-6354275  User: oesteban  Machine: dna086  Platform: Linux  PlatformVersion: 5.14.0-427.37.1.el9_4.x86_64  CompilerName: GCC  CompilerVersion: 8.4.0
ProgramName: mrisp_paint  ProgramArguments: mrisp_paint -all-info  ProgramVersion: 7.3.2  TimeStamp: 2026/03/14-00:26:41-GMT  BuildTime: Aug  4 2022 06:17:15  BuildStamp: freesurfer-linux-ubuntu22_x86_64-7.3.2-20220804-6354275  User: oesteban  Machine: dna086  Platform: Linux  PlatformVersion: 5.14.0-427.37.1.el9_4.x86_64  CompilerName: GCC  CompilerVersion: 8.4.0
ProgramName: mris_register  ProgramArguments: mris_register -all-info  ProgramVersion: 7.3.2  TimeStamp: 2026/03/14-00:26:41-GMT  BuildTime: Aug  4 2022 06:17:15  BuildStamp: freesurfer-linux-ubuntu22_x86_64-7.3.2-20220804-6354275  User: oesteban  Machine: dna086  Platform: Linux  PlatformVersion: 5.14.0-427.37.1.el9_4.x86_64  CompilerName: GCC  CompilerVersion: 8.4.0
ProgramName: mris_smooth  ProgramArguments: mris_smooth -all-info  ProgramVersion: 7.3.2  TimeStamp: 2026/03/14-00:26:41-GMT  BuildTime: Aug  4 2022 06:17:15  BuildStamp: freesurfer-linux-ubuntu22_x86_64-7.3.2-20220804-6354275  User: oesteban  Machine: dna086  Platform: Linux  PlatformVersion: 5.14.0-427.37.1.el9_4.x86_64  CompilerName: GCC  CompilerVersion: 8.4.0
ProgramName: mris_sphere  ProgramArguments: mris_sphere -all-info  ProgramVersion: 7.3.2  TimeStamp: 2026/03/14-00:26:41-GMT  BuildTime: Aug  4 2022 06:17:15  BuildStamp: freesurfer-linux-ubuntu22_x86_64-7.3.2-20220804-6354275  User: oesteban  Machine: dna086  Platform: Linux  PlatformVersion: 5.14.0-427.37.1.el9_4.x86_64  CompilerName: GCC  CompilerVersion: 8.4.0
ProgramName: mris_surface_stats  ProgramArguments: mris_surface_stats -all-info  ProgramVersion: 7.3.2  TimeStamp: 2026/03/14-00:26:41-GMT  BuildTime: Aug  4 2022 06:17:15  BuildStamp: freesurfer-linux-ubuntu22_x86_64-7.3.2-20220804-6354275  User: oesteban  Machine: dna086  Platform: Linux  PlatformVersion: 5.14.0-427.37.1.el9_4.x86_64  CompilerName: GCC  CompilerVersion: 8.4.0
ProgramName: mri_stats2seg  ProgramArguments: mri_stats2seg -all-info  ProgramVersion: 7.3.2  TimeStamp: 2026/03/14-00:26:41-GMT  BuildTime: Aug  4 2022 06:17:15  BuildStamp: freesurfer-linux-ubuntu22_x86_64-7.3.2-20220804-6354275  User: oesteban  Machine: dna086  Platform: Linux  PlatformVersion: 5.14.0-427.37.1.el9_4.x86_64  CompilerName: GCC  CompilerVersion: 8.4.0
ProgramName: mris_thickness  ProgramArguments: mris_thickness -all-info  ProgramVersion: 7.3.2  TimeStamp: 2026/03/14-00:26:41-GMT  BuildTime: Aug  4 2022 06:17:15  BuildStamp: freesurfer-linux-ubuntu22_x86_64-7.3.2-20220804-6354275  User: oesteban  Machine: dna086  Platform: Linux  PlatformVersion: 5.14.0-427.37.1.el9_4.x86_64  CompilerName: GCC  CompilerVersion: 8.4.0
ProgramName: mris_thickness_diff  ProgramArguments: mris_thickness_diff -all-info  ProgramVersion: 7.3.2  TimeStamp: 2026/03/14-00:26:41-GMT  BuildTime: Aug  4 2022 06:17:15  BuildStamp: freesurfer-linux-ubuntu22_x86_64-7.3.2-20220804-6354275  User: oesteban  Machine: dna086  Platform: Linux  PlatformVersion: 5.14.0-427.37.1.el9_4.x86_64  CompilerName: GCC  CompilerVersion: 8.4.0
ProgramName: mris_topo_fixer  ProgramArguments: mris_topo_fixer -all-info  ProgramVersion: 7.3.2  TimeStamp: 2026/03/14-00:26:41-GMT  BuildTime: Aug  4 2022 06:17:15  BuildStamp: freesurfer-linux-ubuntu22_x86_64-7.3.2-20220804-6354275  User: oesteban  Machine: dna086  Platform: Linux  PlatformVersion: 5.14.0-427.37.1.el9_4.x86_64  CompilerName: GCC  CompilerVersion: 8.4.0
ProgramName: mri_surf2surf  ProgramArguments: mri_surf2surf -all-info  ProgramVersion: 7.3.2  TimeStamp: 2026/03/14-00:26:41-GMT  BuildTime: Aug  4 2022 06:17:15  BuildStamp: freesurfer-linux-ubuntu22_x86_64-7.3.2-20220804-6354275  User: oesteban  Machine: dna086  Platform: Linux  PlatformVersion: 5.14.0-427.37.1.el9_4.x86_64  CompilerName: GCC  CompilerVersion: 8.4.0
ProgramName: mri_surf2vol  ProgramArguments: mri_surf2vol -all-info  ProgramVersion: 7.3.2  TimeStamp: 2026/03/14-00:26:41-GMT  BuildTime: Aug  4 2022 06:17:15  BuildStamp: freesurfer-linux-ubuntu22_x86_64-7.3.2-20220804-6354275  User: oesteban  Machine: dna086  Platform: Linux  PlatformVersion: 5.14.0-427.37.1.el9_4.x86_64  CompilerName: GCC  CompilerVersion: 8.4.0
ProgramName: mri_surfcluster  ProgramArguments: mri_surfcluster -all-info  ProgramVersion: 7.3.2  TimeStamp: 2026/03/14-00:26:41-GMT  BuildTime: Aug  4 2022 06:17:15  BuildStamp: freesurfer-linux-ubuntu22_x86_64-7.3.2-20220804-6354275  User: oesteban  Machine: dna086  Platform: Linux  PlatformVersion: 5.14.0-427.37.1.el9_4.x86_64  CompilerName: GCC  CompilerVersion: 8.4.0
ProgramName: mris_volmask  ProgramArguments: mris_volmask -all-info  ProgramVersion: 7.3.2  TimeStamp: 2026/03/14-00:26:41-GMT  BuildTime: Aug  4 2022 06:17:15  BuildStamp: freesurfer-linux-ubuntu22_x86_64-7.3.2-20220804-6354275  User: oesteban  Machine: dna086  Platform: Linux  PlatformVersion: 5.14.0-427.37.1.el9_4.x86_64  CompilerName: GCC  CompilerVersion: 8.4.0
ProgramName: mri_tessellate  ProgramArguments: mri_tessellate -all-info  ProgramVersion: 7.3.2  TimeStamp: 2026/03/14-00:26:41-GMT  BuildTime: Aug  4 2022 06:17:15  BuildStamp: freesurfer-linux-ubuntu22_x86_64-7.3.2-20220804-6354275  User: oesteban  Machine: dna086  Platform: Linux  PlatformVersion: 5.14.0-427.37.1.el9_4.x86_64  CompilerName: GCC  CompilerVersion: 8.4.0
ProgramName: mri_vol2surf  ProgramArguments: mri_vol2surf -all-info  ProgramVersion: 7.3.2  TimeStamp: 2026/03/14-00:26:41-GMT  BuildTime: Aug  4 2022 06:17:15  BuildStamp: freesurfer-linux-ubuntu22_x86_64-7.3.2-20220804-6354275  User: oesteban  Machine: dna086  Platform: Linux  PlatformVersion: 5.14.0-427.37.1.el9_4.x86_64  CompilerName: GCC  CompilerVersion: 8.4.0
ProgramName: mri_vol2vol  ProgramArguments: mri_vol2vol -all-info  ProgramVersion: 7.3.2  TimeStamp: 2026/03/14-00:26:41-GMT  BuildTime: Aug  4 2022 06:17:15  BuildStamp: freesurfer-linux-ubuntu22_x86_64-7.3.2-20220804-6354275  User: oesteban  Machine: dna086  Platform: Linux  PlatformVersion: 5.14.0-427.37.1.el9_4.x86_64  CompilerName: GCC  CompilerVersion: 8.4.0
ProgramName: mri_voldiff  ProgramArguments: mri_voldiff -all-info  ProgramVersion: 7.3.2  TimeStamp: 2026/03/14-00:26:41-GMT  BuildTime: Aug  4 2022 06:17:15  BuildStamp: freesurfer-linux-ubuntu22_x86_64-7.3.2-20220804-6354275  User: oesteban  Machine: dna086  Platform: Linux  PlatformVersion: 5.14.0-427.37.1.el9_4.x86_64  CompilerName: GCC  CompilerVersion: 8.4.0
ProgramName: mri_watershed  ProgramArguments: mri_watershed -all-info  ProgramVersion: 7.3.2  TimeStamp: 2026/03/14-00:26:41-GMT  BuildTime: Aug  4 2022 06:17:15  BuildStamp: freesurfer-linux-ubuntu22_x86_64-7.3.2-20220804-6354275  User: oesteban  Machine: dna086  Platform: Linux  PlatformVersion: 5.14.0-427.37.1.el9_4.x86_64  CompilerName: GCC  CompilerVersion: 8.4.0
ProgramName: tkregister2  ProgramArguments: tkregister2_cmdl -all-info  ProgramVersion: 7.3.2  TimeStamp: 2026/03/14-00:26:41-GMT  BuildTime: Aug  4 2022 06:17:15  BuildStamp: freesurfer-linux-ubuntu22_x86_64-7.3.2-20220804-6354275  User: oesteban  Machine: dna086  Platform: Linux  PlatformVersion: 5.14.0-427.37.1.el9_4.x86_64  CompilerName: GCC  CompilerVersion: 8.4.0
mri_motion_correct.fsl 7.3.2
mri_convert -all-info 
ProgramName: mri_convert  ProgramArguments: mri_convert -all-info  ProgramVersion: 7.3.2  TimeStamp: 2026/03/14-00:26:41-GMT  BuildTime: Aug  4 2022 06:17:15  BuildStamp: freesurfer-linux-ubuntu22_x86_64-7.3.2-20220804-6354275  User: oesteban  Machine: dna086  Platform: Linux  PlatformVersion: 5.14.0-427.37.1.el9_4.x86_64  CompilerName: GCC  CompilerVersion: 8.4.0
Program nu_correct, built from:
Package MNI N3, version 1.12.0, compiled by nicks@terrier (x86_64-unknown-linux-gnu) on 2015-06-19 at 01:25:34
#######################################
GCADIR /opt/freesurfer/average
GCA RB_all_2020-01-02.gca
GCASkull RB_all_withskull_2020_01_02.gca
AvgCurvTif folding.atlas.acfb40.noaparc.i12.2016-08-02.tif
GCSDIR /opt/freesurfer/average
GCS DKaparc.atlas.acfb40.noaparc.i12.2016-08-02.gcs
#######################################
#@# white curv lh Sat Mar 14 01:26:41 CET 2026
cd /out/sourcedata/freesurfer/sub-v2s7x29679_ses-1/mri
mris_place_surface --curv-map ../surf/lh.white 2 10 ../surf/lh.curv
   Update not needed
#@# white area lh Sat Mar 14 01:26:41 CET 2026
cd /out/sourcedata/freesurfer/sub-v2s7x29679_ses-1/mri
mris_place_surface --area-map ../surf/lh.white ../surf/lh.area
   Update not needed
#@# pial curv lh Sat Mar 14 01:26:41 CET 2026
cd /out/sourcedata/freesurfer/sub-v2s7x29679_ses-1/mri
mris_place_surface --curv-map ../surf/lh.pial 2 10 ../surf/lh.curv.pial
   Update not needed
#@# pial area lh Sat Mar 14 01:26:41 CET 2026
cd /out/sourcedata/freesurfer/sub-v2s7x29679_ses-1/mri
mris_place_surface --area-map ../surf/lh.pial ../surf/lh.area.pial
   Update not needed
#@# thickness lh Sat Mar 14 01:26:41 CET 2026
cd /out/sourcedata/freesurfer/sub-v2s7x29679_ses-1/mri
mris_place_surface --thickness ../surf/lh.white ../surf/lh.pial 20 5 ../surf/lh.thickness
   Update not needed
#@# area and vertex vol lh Sat Mar 14 01:26:41 CET 2026
cd /out/sourcedata/freesurfer/sub-v2s7x29679_ses-1/mri
mris_place_surface --thickness ../surf/lh.white ../surf/lh.pial 20 5 ../surf/lh.thickness
   Update not needed
#@# white curv rh Sat Mar 14 01:26:41 CET 2026
cd /out/sourcedata/freesurfer/sub-v2s7x29679_ses-1/mri
mris_place_surface --curv-map ../surf/rh.white 2 10 ../surf/rh.curv
   Update not needed
#@# white area rh Sat Mar 14 01:26:41 CET 2026
cd /out/sourcedata/freesurfer/sub-v2s7x29679_ses-1/mri
mris_place_surface --area-map ../surf/rh.white ../surf/rh.area
   Update not needed
#@# pial curv rh Sat Mar 14 01:26:41 CET 2026
cd /out/sourcedata/freesurfer/sub-v2s7x29679_ses-1/mri
mris_place_surface --curv-map ../surf/rh.pial 2 10 ../surf/rh.curv.pial
   Update not needed
#@# pial area rh Sat Mar 14 01:26:41 CET 2026
cd /out/sourcedata/freesurfer/sub-v2s7x29679_ses-1/mri
mris_place_surface --area-map ../surf/rh.pial ../surf/rh.area.pial
   Update not needed
#@# thickness rh Sat Mar 14 01:26:41 CET 2026
cd /out/sourcedata/freesurfer/sub-v2s7x29679_ses-1/mri
mris_place_surface --thickness ../surf/rh.white ../surf/rh.pial 20 5 ../surf/rh.thickness
   Update not needed
#@# area and vertex vol rh Sat Mar 14 01:26:41 CET 2026
cd /out/sourcedata/freesurfer/sub-v2s7x29679_ses-1/mri
mris_place_surface --thickness ../surf/rh.white ../surf/rh.pial 20 5 ../surf/rh.thickness
   Update not needed
#--------------------------------------------
#@# Cortical ribbon mask Sat Mar 14 01:26:41 CET 2026
/out/sourcedata/freesurfer/sub-v2s7x29679_ses-1/mri

 mris_volmask --aseg_name aseg.presurf --label_left_white 2 --label_left_ribbon 3 --label_right_white 41 --label_right_ribbon 42 --save_ribbon sub-v2s7x29679_ses-1 

SUBJECTS_DIR is /out/sourcedata/freesurfer
loading input data...
Running hemis serially
Processing left hemi
computing distance to left white surface 
computing distance to left pial surface 
Processing right hemi
computing distance to right white surface 
computing distance to right pial surface 
 hemi masks overlap voxels = 63
writing volume /out/sourcedata/freesurfer/sub-v2s7x29679_ses-1/mri/ribbon.mgz
mris_volmask took 3.71 minutes
 writing ribbon files

Started at Sat Mar 14 01:26:41 CET 2026 
Ended   at Sat Mar 14 01:30:24 CET 2026
#@#%# recon-all-run-time-hours 0.062
recon-all -s sub-v2s7x29679_ses-1 finished without error at Sat Mar 14 01:30:24 CET 2026



#New# invocation of recon-all 




Sat Mar 14 01:36:03 CET 2026
cd /out/sourcedata/freesurfer/sub-v2s7x29679_ses-1
setenv SUBJECTS_DIR /out/sourcedata/freesurfer
/opt/freesurfer/bin/recon-all -autorecon3 -openmp 16 -subjid sub-v2s7x29679_ses-1 -sd /out/sourcedata/freesurfer -nosphere -nosurfreg -nojacobian_white -noavgcurv -nocortparc -nopial -noparcstats -nocortparc2 -noparcstats2 -nocortparc3 -noparcstats3 -nopctsurfcon -nocortribbon -nobalabels

subjid sub-v2s7x29679_ses-1
setenv SUBJECTS_DIR /out/sourcedata/freesurfer
FREESURFER_HOME /opt/freesurfer
Actual FREESURFER_HOME /opt/freesurfer
build-stamp.txt: freesurfer-linux-ubuntu22_x86_64-7.3.2-20220804-6354275
Linux dna086 5.14.0-427.37.1.el9_4.x86_64 #1 SMP PREEMPT_DYNAMIC Fri Sep 13 12:41:50 EDT 2024 x86_64 x86_64 x86_64 GNU/Linux
cputime      unlimited
filesize     unlimited
datasize     unlimited
stacksize    8192 kbytes
coredumpsize 0 kbytes
memoryuse    67108864 kbytes
vmemoryuse   unlimited
descriptors  1024 
memorylocked unlimited
maxproc      2061970 
maxlocks     unlimited
maxsignal    2062024 
maxmessage   819200 
maxnice      0 
maxrtprio    0 
maxrttime    unlimited

               total        used        free      shared  buff/cache   available
Mem:           503Gi        61Gi       393Gi        18Gi        47Gi       420Gi
Swap:             0B          0B          0B

########################################
program versions used
7.3.2 (freesurfer-linux-ubuntu22_x86_64-7.3.2-20220804-6354275)
7.3.2

ProgramName: lta_convert  ProgramArguments: lta_convert -all-info  ProgramVersion: 7.3.2  TimeStamp: 2026/03/14-00:36:03-GMT  BuildTime: Aug  4 2022 06:17:15  BuildStamp: freesurfer-linux-ubuntu22_x86_64-7.3.2-20220804-6354275  User: oesteban  Machine: dna086  Platform: Linux  PlatformVersion: 5.14.0-427.37.1.el9_4.x86_64  CompilerName: GCC  CompilerVersion: 8.4.0
ProgramName: mri_and  ProgramArguments: mri_and -all-info  ProgramVersion: 7.3.2  TimeStamp: 2026/03/14-00:36:03-GMT  BuildTime: Aug  4 2022 06:17:15  BuildStamp: freesurfer-linux-ubuntu22_x86_64-7.3.2-20220804-6354275  User: oesteban  Machine: dna086  Platform: Linux  PlatformVersion: 5.14.0-427.37.1.el9_4.x86_64  CompilerName: GCC  CompilerVersion: 8.4.0
ProgramName: mri_annotation2label  ProgramArguments: mri_annotation2label -all-info  ProgramVersion: 7.3.2  TimeStamp: 2026/03/14-00:36:03-GMT  BuildTime: Aug  4 2022 06:17:15  BuildStamp: freesurfer-linux-ubuntu22_x86_64-7.3.2-20220804-6354275  User: oesteban  Machine: dna086  Platform: Linux  PlatformVersion: 5.14.0-427.37.1.el9_4.x86_64  CompilerName: GCC  CompilerVersion: 8.4.0
ProgramName: mri_aparc2aseg  ProgramArguments: mri_aparc2aseg -all-info  ProgramVersion: 7.3.2  TimeStamp: 2026/03/14-00:36:03-GMT  BuildTime: Aug  4 2022 06:17:15  BuildStamp: freesurfer-linux-ubuntu22_x86_64-7.3.2-20220804-6354275  User: oesteban  Machine: dna086  Platform: Linux  PlatformVersion: 5.14.0-427.37.1.el9_4.x86_64  CompilerName: GCC  CompilerVersion: 8.4.0
ProgramName: mri_surf2volseg  ProgramArguments: mri_surf2volseg -all-info  ProgramVersion: 7.3.2  TimeStamp: 2026/03/14-00:36:03-GMT  BuildTime: Aug  4 2022 06:17:15  BuildStamp: freesurfer-linux-ubuntu22_x86_64-7.3.2-20220804-6354275  User: oesteban  Machine: dna086  Platform: Linux  PlatformVersion: 5.14.0-427.37.1.el9_4.x86_64  CompilerName: GCC  CompilerVersion: 8.4.0
ProgramName: mri_binarize  ProgramArguments: mri_binarize -all-info  ProgramVersion: 7.3.2  TimeStamp: 2026/03/14-00:36:03-GMT  BuildTime: Aug  4 2022 06:17:15  BuildStamp: freesurfer-linux-ubuntu22_x86_64-7.3.2-20220804-6354275  User: oesteban  Machine: dna086  Platform: Linux  PlatformVersion: 5.14.0-427.37.1.el9_4.x86_64  CompilerName: GCC  CompilerVersion: 8.4.0
ProgramName: mri_ca_label  ProgramArguments: mri_ca_label -all-info  ProgramVersion: 7.3.2  TimeStamp: 2026/03/14-00:36:03-GMT  BuildTime: Aug  4 2022 06:17:15  BuildStamp: freesurfer-linux-ubuntu22_x86_64-7.3.2-20220804-6354275  User: oesteban  Machine: dna086  Platform: Linux  PlatformVersion: 5.14.0-427.37.1.el9_4.x86_64  CompilerName: GCC  CompilerVersion: 8.4.0
ProgramName: mri_ca_normalize  ProgramArguments: mri_ca_normalize -all-info  ProgramVersion: 7.3.2  TimeStamp: 2026/03/14-00:36:03-GMT  BuildTime: Aug  4 2022 06:17:15  BuildStamp: freesurfer-linux-ubuntu22_x86_64-7.3.2-20220804-6354275  User: oesteban  Machine: dna086  Platform: Linux  PlatformVersion: 5.14.0-427.37.1.el9_4.x86_64  CompilerName: GCC  CompilerVersion: 8.4.0
ProgramName: mri_ca_register  ProgramArguments: mri_ca_register -all-info  ProgramVersion: 7.3.2  TimeStamp: 2026/03/14-00:36:03-GMT  BuildTime: Aug  4 2022 06:17:15  BuildStamp: freesurfer-linux-ubuntu22_x86_64-7.3.2-20220804-6354275  User: oesteban  Machine: dna086  Platform: Linux  PlatformVersion: 5.14.0-427.37.1.el9_4.x86_64  CompilerName: GCC  CompilerVersion: 8.4.0
ProgramName: mri_cc  ProgramArguments: mri_cc -all-info  ProgramVersion: 7.3.2  TimeStamp: 2026/03/14-00:36:03-GMT  BuildTime: Aug  4 2022 06:17:15  BuildStamp: freesurfer-linux-ubuntu22_x86_64-7.3.2-20220804-6354275  User: oesteban  Machine: dna086  Platform: Linux  PlatformVersion: 5.14.0-427.37.1.el9_4.x86_64  CompilerName: GCC  CompilerVersion: 8.4.0
ProgramName: mri_compute_overlap  ProgramArguments: mri_compute_overlap -all-info  ProgramVersion: 7.3.2  TimeStamp: 2026/03/14-00:36:03-GMT  BuildTime: Aug  4 2022 06:17:15  BuildStamp: freesurfer-linux-ubuntu22_x86_64-7.3.2-20220804-6354275  User: oesteban  Machine: dna086  Platform: Linux  PlatformVersion: 5.14.0-427.37.1.el9_4.x86_64  CompilerName: GCC  CompilerVersion: 8.4.0
ProgramName: mri_compute_seg_overlap  ProgramArguments: mri_compute_seg_overlap -all-info  ProgramVersion: 7.3.2  TimeStamp: 2026/03/14-00:36:03-GMT  BuildTime: Aug  4 2022 06:17:15  BuildStamp: freesurfer-linux-ubuntu22_x86_64-7.3.2-20220804-6354275  User: oesteban  Machine: dna086  Platform: Linux  PlatformVersion: 5.14.0-427.37.1.el9_4.x86_64  CompilerName: GCC  CompilerVersion: 8.4.0
ProgramName: mri_concat  ProgramArguments: mri_concat -all-info  ProgramVersion: 7.3.2  TimeStamp: 2026/03/14-00:36:03-GMT  BuildTime: Aug  4 2022 06:17:15  BuildStamp: freesurfer-linux-ubuntu22_x86_64-7.3.2-20220804-6354275  User: oesteban  Machine: dna086  Platform: Linux  PlatformVersion: 5.14.0-427.37.1.el9_4.x86_64  CompilerName: GCC  CompilerVersion: 8.4.0
ProgramName: mri_concatenate_lta  ProgramArguments: mri_concatenate_lta -all-info  ProgramVersion: 7.3.2  TimeStamp: 2026/03/14-00:36:03-GMT  BuildTime: Aug  4 2022 06:17:15  BuildStamp: freesurfer-linux-ubuntu22_x86_64-7.3.2-20220804-6354275  User: oesteban  Machine: dna086  Platform: Linux  PlatformVersion: 5.14.0-427.37.1.el9_4.x86_64  CompilerName: GCC  CompilerVersion: 8.4.0
mri_convert -all-info 
ProgramName: mri_convert  ProgramArguments: mri_convert -all-info  ProgramVersion: 7.3.2  TimeStamp: 2026/03/14-00:36:03-GMT  BuildTime: Aug  4 2022 06:17:15  BuildStamp: freesurfer-linux-ubuntu22_x86_64-7.3.2-20220804-6354275  User: oesteban  Machine: dna086  Platform: Linux  PlatformVersion: 5.14.0-427.37.1.el9_4.x86_64  CompilerName: GCC  CompilerVersion: 8.4.0
ProgramName: mri_diff  ProgramArguments: mri_diff -all-info  ProgramVersion: 7.3.2  TimeStamp: 2026/03/14-00:36:03-GMT  BuildTime: Aug  4 2022 06:17:15  BuildStamp: freesurfer-linux-ubuntu22_x86_64-7.3.2-20220804-6354275  User: oesteban  Machine: dna086  Platform: Linux  PlatformVersion: 5.14.0-427.37.1.el9_4.x86_64  CompilerName: GCC  CompilerVersion: 8.4.0
ProgramName: mri_edit_wm_with_aseg  ProgramArguments: mri_edit_wm_with_aseg -all-info  ProgramVersion: 7.3.2  TimeStamp: 2026/03/14-00:36:03-GMT  BuildTime: Aug  4 2022 06:17:15  BuildStamp: freesurfer-linux-ubuntu22_x86_64-7.3.2-20220804-6354275  User: oesteban  Machine: dna086  Platform: Linux  PlatformVersion: 5.14.0-427.37.1.el9_4.x86_64  CompilerName: GCC  CompilerVersion: 8.4.0
ProgramName: mri_em_register  ProgramArguments: mri_em_register -all-info  ProgramVersion: 7.3.2  TimeStamp: 2026/03/14-00:36:03-GMT  BuildTime: Aug  4 2022 06:17:15  BuildStamp: freesurfer-linux-ubuntu22_x86_64-7.3.2-20220804-6354275  User: oesteban  Machine: dna086  Platform: Linux  PlatformVersion: 5.14.0-427.37.1.el9_4.x86_64  CompilerName: GCC  CompilerVersion: 8.4.0
ProgramName: mri_fill  ProgramArguments: mri_fill -all-info  ProgramVersion: 7.3.2  TimeStamp: 2026/03/14-00:36:03-GMT  BuildTime: Aug  4 2022 06:17:15  BuildStamp: freesurfer-linux-ubuntu22_x86_64-7.3.2-20220804-6354275  User: oesteban  Machine: dna086  Platform: Linux  PlatformVersion: 5.14.0-427.37.1.el9_4.x86_64  CompilerName: GCC  CompilerVersion: 8.4.0
ProgramName: mri_fuse_segmentations  ProgramArguments: mri_fuse_segmentations -all-info  ProgramVersion: 7.3.2  TimeStamp: 2026/03/14-00:36:03-GMT  BuildTime: Aug  4 2022 06:17:15  BuildStamp: freesurfer-linux-ubuntu22_x86_64-7.3.2-20220804-6354275  User: oesteban  Machine: dna086  Platform: Linux  PlatformVersion: 5.14.0-427.37.1.el9_4.x86_64  CompilerName: GCC  CompilerVersion: 8.4.0
ProgramName: mri_fwhm  ProgramArguments: mri_fwhm -all-info  ProgramVersion: 7.3.2  TimeStamp: 2026/03/14-00:36:03-GMT  BuildTime: Aug  4 2022 06:17:15  BuildStamp: freesurfer-linux-ubuntu22_x86_64-7.3.2-20220804-6354275  User: oesteban  Machine: dna086  Platform: Linux  PlatformVersion: 5.14.0-427.37.1.el9_4.x86_64  CompilerName: GCC  CompilerVersion: 8.4.0
ProgramName: mri_gcut  ProgramArguments: mri_gcut -all-info  ProgramVersion: 7.3.2  TimeStamp: 2026/03/14-00:36:03-GMT  BuildTime: Aug  4 2022 06:17:15  BuildStamp: freesurfer-linux-ubuntu22_x86_64-7.3.2-20220804-6354275  User: oesteban  Machine: dna086  Platform: Linux  PlatformVersion: 5.14.0-427.37.1.el9_4.x86_64  CompilerName: GCC  CompilerVersion: 8.4.0
ProgramName: mri_info  ProgramArguments: mri_info -all-info  ProgramVersion: 7.3.2  TimeStamp: 2026/03/14-00:36:03-GMT  BuildTime: Aug  4 2022 06:17:15  BuildStamp: freesurfer-linux-ubuntu22_x86_64-7.3.2-20220804-6354275  User: oesteban  Machine: dna086  Platform: Linux  PlatformVersion: 5.14.0-427.37.1.el9_4.x86_64  CompilerName: GCC  CompilerVersion: 8.4.0
ProgramName: mri_label2label  ProgramArguments: mri_label2label -all-info  ProgramVersion: 7.3.2  TimeStamp: 2026/03/14-00:36:03-GMT  BuildTime: Aug  4 2022 06:17:15  BuildStamp: freesurfer-linux-ubuntu22_x86_64-7.3.2-20220804-6354275  User: oesteban  Machine: dna086  Platform: Linux  PlatformVersion: 5.14.0-427.37.1.el9_4.x86_64  CompilerName: GCC  CompilerVersion: 8.4.0
ProgramName: mri_label2vol  ProgramArguments: mri_label2vol -all-info  ProgramVersion: 7.3.2  TimeStamp: 2026/03/14-00:36:03-GMT  BuildTime: Aug  4 2022 06:17:15  BuildStamp: freesurfer-linux-ubuntu22_x86_64-7.3.2-20220804-6354275  User: oesteban  Machine: dna086  Platform: Linux  PlatformVersion: 5.14.0-427.37.1.el9_4.x86_64  CompilerName: GCC  CompilerVersion: 8.4.0
ProgramName: mri_log_likelihood  ProgramArguments: mri_log_likelihood -all-info  ProgramVersion: 7.3.2  TimeStamp: 2026/03/14-00:36:03-GMT  BuildTime: Aug  4 2022 06:17:15  BuildStamp: freesurfer-linux-ubuntu22_x86_64-7.3.2-20220804-6354275  User: oesteban  Machine: dna086  Platform: Linux  PlatformVersion: 5.14.0-427.37.1.el9_4.x86_64  CompilerName: GCC  CompilerVersion: 8.4.0
ProgramName: mri_mask  ProgramArguments: mri_mask -all-info  ProgramVersion: 7.3.2  TimeStamp: 2026/03/14-00:36:03-GMT  BuildTime: Aug  4 2022 06:17:15  BuildStamp: freesurfer-linux-ubuntu22_x86_64-7.3.2-20220804-6354275  User: oesteban  Machine: dna086  Platform: Linux  PlatformVersion: 5.14.0-427.37.1.el9_4.x86_64  CompilerName: GCC  CompilerVersion: 8.4.0
ProgramName: mri_matrix_multiply  ProgramArguments: mri_matrix_multiply -all-info  ProgramVersion: 7.3.2  TimeStamp: 2026/03/14-00:36:03-GMT  BuildTime: Aug  4 2022 06:17:15  BuildStamp: freesurfer-linux-ubuntu22_x86_64-7.3.2-20220804-6354275  User: oesteban  Machine: dna086  Platform: Linux  PlatformVersion: 5.14.0-427.37.1.el9_4.x86_64  CompilerName: GCC  CompilerVersion: 8.4.0
ProgramName: mri_normalize  ProgramArguments: mri_normalize -all-info  ProgramVersion: 7.3.2  TimeStamp: 2026/03/14-00:36:03-GMT  BuildTime: Aug  4 2022 06:17:15  BuildStamp: freesurfer-linux-ubuntu22_x86_64-7.3.2-20220804-6354275  User: oesteban  Machine: dna086  Platform: Linux  PlatformVersion: 5.14.0-427.37.1.el9_4.x86_64  CompilerName: GCC  CompilerVersion: 8.4.0
ProgramName: mri_normalize_tp2  ProgramArguments: mri_normalize_tp2 -all-info  ProgramVersion: 7.3.2  TimeStamp: 2026/03/14-00:36:03-GMT  BuildTime: Aug  4 2022 06:17:15  BuildStamp: freesurfer-linux-ubuntu22_x86_64-7.3.2-20220804-6354275  User: oesteban  Machine: dna086  Platform: Linux  PlatformVersion: 5.14.0-427.37.1.el9_4.x86_64  CompilerName: GCC  CompilerVersion: 8.4.0
ProgramName: mri_or  ProgramArguments: mri_or -all-info  ProgramVersion: 7.3.2  TimeStamp: 2026/03/14-00:36:03-GMT  BuildTime: Aug  4 2022 06:17:15  BuildStamp: freesurfer-linux-ubuntu22_x86_64-7.3.2-20220804-6354275  User: oesteban  Machine: dna086  Platform: Linux  PlatformVersion: 5.14.0-427.37.1.el9_4.x86_64  CompilerName: GCC  CompilerVersion: 8.4.0
ProgramName: mri_relabel_hypointensities  ProgramArguments: mri_relabel_hypointensities -all-info  ProgramVersion: 7.3.2  TimeStamp: 2026/03/14-00:36:03-GMT  BuildTime: Aug  4 2022 06:17:15  BuildStamp: freesurfer-linux-ubuntu22_x86_64-7.3.2-20220804-6354275  User: oesteban  Machine: dna086  Platform: Linux  PlatformVersion: 5.14.0-427.37.1.el9_4.x86_64  CompilerName: GCC  CompilerVersion: 8.4.0
ProgramName: mri_relabel_nonwm_hypos  ProgramArguments: mri_relabel_nonwm_hypos -all-info  ProgramVersion: 7.3.2  TimeStamp: 2026/03/14-00:36:03-GMT  BuildTime: Aug  4 2022 06:17:15  BuildStamp: freesurfer-linux-ubuntu22_x86_64-7.3.2-20220804-6354275  User: oesteban  Machine: dna086  Platform: Linux  PlatformVersion: 5.14.0-427.37.1.el9_4.x86_64  CompilerName: GCC  CompilerVersion: 8.4.0
ProgramName: mri_remove_neck  ProgramArguments: mri_remove_neck -all-info  ProgramVersion: 7.3.2  TimeStamp: 2026/03/14-00:36:03-GMT  BuildTime: Aug  4 2022 06:17:15  BuildStamp: freesurfer-linux-ubuntu22_x86_64-7.3.2-20220804-6354275  User: oesteban  Machine: dna086  Platform: Linux  PlatformVersion: 5.14.0-427.37.1.el9_4.x86_64  CompilerName: GCC  CompilerVersion: 8.4.0
7.3.2

ProgramName: mri_robust_register  ProgramArguments: mri_robust_register -all-info  ProgramVersion: 7.3.2  TimeStamp: 2026/03/14-00:36:03-GMT  BuildTime: Aug  4 2022 06:17:15  BuildStamp: freesurfer-linux-ubuntu22_x86_64-7.3.2-20220804-6354275  User: oesteban  Machine: dna086  Platform: Linux  PlatformVersion: 5.14.0-427.37.1.el9_4.x86_64  CompilerName: GCC  CompilerVersion: 8.4.0
7.3.2

ProgramName: mri_robust_template  ProgramArguments: mri_robust_template -all-info  ProgramVersion: 7.3.2  TimeStamp: 2026/03/14-00:36:03-GMT  BuildTime: Aug  4 2022 06:17:15  BuildStamp: freesurfer-linux-ubuntu22_x86_64-7.3.2-20220804-6354275  User: oesteban  Machine: dna086  Platform: Linux  PlatformVersion: 5.14.0-427.37.1.el9_4.x86_64  CompilerName: GCC  CompilerVersion: 8.4.0
ProgramName: mris_anatomical_stats  ProgramArguments: mris_anatomical_stats -all-info  ProgramVersion: 7.3.2  TimeStamp: 2026/03/14-00:36:03-GMT  BuildTime: Aug  4 2022 06:17:15  BuildStamp: freesurfer-linux-ubuntu22_x86_64-7.3.2-20220804-6354275  User: oesteban  Machine: dna086  Platform: Linux  PlatformVersion: 5.14.0-427.37.1.el9_4.x86_64  CompilerName: GCC  CompilerVersion: 8.4.0
ProgramName: mris_ca_label  ProgramArguments: mris_ca_label -all-info  ProgramVersion: 7.3.2  TimeStamp: 2026/03/14-00:36:03-GMT  BuildTime: Aug  4 2022 06:17:15  BuildStamp: freesurfer-linux-ubuntu22_x86_64-7.3.2-20220804-6354275  User: oesteban  Machine: dna086  Platform: Linux  PlatformVersion: 5.14.0-427.37.1.el9_4.x86_64  CompilerName: GCC  CompilerVersion: 8.4.0
ProgramName: mris_calc  ProgramArguments: mris_calc -all-info  ProgramVersion: 7.3.2  TimeStamp: 2026/03/14-00:36:03-GMT  BuildTime: Aug  4 2022 06:17:15  BuildStamp: freesurfer-linux-ubuntu22_x86_64-7.3.2-20220804-6354275  User: oesteban  Machine: dna086  Platform: Linux  PlatformVersion: 5.14.0-427.37.1.el9_4.x86_64  CompilerName: GCC  CompilerVersion: 8.4.0
ProgramName: mris_convert  ProgramArguments: mris_convert -all-info  ProgramVersion: 7.3.2  TimeStamp: 2026/03/14-00:36:03-GMT  BuildTime: Aug  4 2022 06:17:15  BuildStamp: freesurfer-linux-ubuntu22_x86_64-7.3.2-20220804-6354275  User: oesteban  Machine: dna086  Platform: Linux  PlatformVersion: 5.14.0-427.37.1.el9_4.x86_64  CompilerName: GCC  CompilerVersion: 8.4.0
ProgramName: mris_curvature  ProgramArguments: mris_curvature -all-info  ProgramVersion: 7.3.2  TimeStamp: 2026/03/14-00:36:03-GMT  BuildTime: Aug  4 2022 06:17:15  BuildStamp: freesurfer-linux-ubuntu22_x86_64-7.3.2-20220804-6354275  User: oesteban  Machine: dna086  Platform: Linux  PlatformVersion: 5.14.0-427.37.1.el9_4.x86_64  CompilerName: GCC  CompilerVersion: 8.4.0
ProgramName: mris_curvature_stats  ProgramArguments: mris_curvature_stats -all-info  ProgramVersion: 7.3.2  TimeStamp: 2026/03/14-00:36:03-GMT  BuildTime: Aug  4 2022 06:17:15  BuildStamp: freesurfer-linux-ubuntu22_x86_64-7.3.2-20220804-6354275  User: oesteban  Machine: dna086  Platform: Linux  PlatformVersion: 5.14.0-427.37.1.el9_4.x86_64  CompilerName: GCC  CompilerVersion: 8.4.0
ProgramName: mris_diff  ProgramArguments: mris_diff -all-info  ProgramVersion: 7.3.2  TimeStamp: 2026/03/14-00:36:03-GMT  BuildTime: Aug  4 2022 06:17:15  BuildStamp: freesurfer-linux-ubuntu22_x86_64-7.3.2-20220804-6354275  User: oesteban  Machine: dna086  Platform: Linux  PlatformVersion: 5.14.0-427.37.1.el9_4.x86_64  CompilerName: GCC  CompilerVersion: 8.4.0
ProgramName: mris_divide_parcellation  ProgramArguments: mris_divide_parcellation -all-info  ProgramVersion: 7.3.2  TimeStamp: 2026/03/14-00:36:03-GMT  BuildTime: Aug  4 2022 06:17:15  BuildStamp: freesurfer-linux-ubuntu22_x86_64-7.3.2-20220804-6354275  User: oesteban  Machine: dna086  Platform: Linux  PlatformVersion: 5.14.0-427.37.1.el9_4.x86_64  CompilerName: GCC  CompilerVersion: 8.4.0
ProgramName: mri_segment  ProgramArguments: mri_segment -all-info  ProgramVersion: 7.3.2  TimeStamp: 2026/03/14-00:36:03-GMT  BuildTime: Aug  4 2022 06:17:15  BuildStamp: freesurfer-linux-ubuntu22_x86_64-7.3.2-20220804-6354275  User: oesteban  Machine: dna086  Platform: Linux  PlatformVersion: 5.14.0-427.37.1.el9_4.x86_64  CompilerName: GCC  CompilerVersion: 8.4.0
ProgramName: mri_segstats  ProgramArguments: mri_segstats -all-info  ProgramVersion: 7.3.2  TimeStamp: 2026/03/14-00:36:03-GMT  BuildTime: Aug  4 2022 06:17:15  BuildStamp: freesurfer-linux-ubuntu22_x86_64-7.3.2-20220804-6354275  User: oesteban  Machine: dna086  Platform: Linux  PlatformVersion: 5.14.0-427.37.1.el9_4.x86_64  CompilerName: GCC  CompilerVersion: 8.4.0
ProgramName: mris_euler_number  ProgramArguments: mris_euler_number -all-info  ProgramVersion: 7.3.2  TimeStamp: 2026/03/14-00:36:03-GMT  BuildTime: Aug  4 2022 06:17:15  BuildStamp: freesurfer-linux-ubuntu22_x86_64-7.3.2-20220804-6354275  User: oesteban  Machine: dna086  Platform: Linux  PlatformVersion: 5.14.0-427.37.1.el9_4.x86_64  CompilerName: GCC  CompilerVersion: 8.4.0
ProgramName: mris_fix_topology  ProgramArguments: mris_fix_topology -all-info  ProgramVersion: 7.3.2  TimeStamp: 2026/03/14-00:36:03-GMT  BuildTime: Aug  4 2022 06:17:15  BuildStamp: freesurfer-linux-ubuntu22_x86_64-7.3.2-20220804-6354275  User: oesteban  Machine: dna086  Platform: Linux  PlatformVersion: 5.14.0-427.37.1.el9_4.x86_64  CompilerName: GCC  CompilerVersion: 8.4.0
ProgramName: mris_topo_fixer  ProgramArguments: mris_topo_fixer -all-info  ProgramVersion: 7.3.2  TimeStamp: 2026/03/14-00:36:03-GMT  BuildTime: Aug  4 2022 06:17:15  BuildStamp: freesurfer-linux-ubuntu22_x86_64-7.3.2-20220804-6354275  User: oesteban  Machine: dna086  Platform: Linux  PlatformVersion: 5.14.0-427.37.1.el9_4.x86_64  CompilerName: GCC  CompilerVersion: 8.4.0
ProgramName: mris_jacobian  ProgramArguments: mris_jacobian -all-info  ProgramVersion: 7.3.2  TimeStamp: 2026/03/14-00:36:03-GMT  BuildTime: Aug  4 2022 06:17:15  BuildStamp: freesurfer-linux-ubuntu22_x86_64-7.3.2-20220804-6354275  User: oesteban  Machine: dna086  Platform: Linux  PlatformVersion: 5.14.0-427.37.1.el9_4.x86_64  CompilerName: GCC  CompilerVersion: 8.4.0
ProgramName: mris_label2annot  ProgramArguments: mris_label2annot -all-info  ProgramVersion: 7.3.2  TimeStamp: 2026/03/14-00:36:03-GMT  BuildTime: Aug  4 2022 06:17:15  BuildStamp: freesurfer-linux-ubuntu22_x86_64-7.3.2-20220804-6354275  User: oesteban  Machine: dna086  Platform: Linux  PlatformVersion: 5.14.0-427.37.1.el9_4.x86_64  CompilerName: GCC  CompilerVersion: 8.4.0
ProgramName: mris_left_right_register  ProgramArguments: mris_left_right_register -all-info  ProgramVersion: 7.3.2  TimeStamp: 2026/03/14-00:36:03-GMT  BuildTime: Aug  4 2022 06:17:15  BuildStamp: freesurfer-linux-ubuntu22_x86_64-7.3.2-20220804-6354275  User: oesteban  Machine: dna086  Platform: Linux  PlatformVersion: 5.14.0-427.37.1.el9_4.x86_64  CompilerName: GCC  CompilerVersion: 8.4.0
ProgramName: mris_place_surface  ProgramArguments: mris_place_surface -all-info  ProgramVersion: 7.3.2  TimeStamp: 2026/03/14-00:36:03-GMT  BuildTime: Aug  4 2022 06:17:15  BuildStamp: freesurfer-linux-ubuntu22_x86_64-7.3.2-20220804-6354275  User: oesteban  Machine: dna086  Platform: Linux  PlatformVersion: 5.14.0-427.37.1.el9_4.x86_64  CompilerName: GCC  CompilerVersion: 8.4.0
ProgramName: mrisp_paint  ProgramArguments: mrisp_paint -all-info  ProgramVersion: 7.3.2  TimeStamp: 2026/03/14-00:36:03-GMT  BuildTime: Aug  4 2022 06:17:15  BuildStamp: freesurfer-linux-ubuntu22_x86_64-7.3.2-20220804-6354275  User: oesteban  Machine: dna086  Platform: Linux  PlatformVersion: 5.14.0-427.37.1.el9_4.x86_64  CompilerName: GCC  CompilerVersion: 8.4.0
ProgramName: mris_register  ProgramArguments: mris_register -all-info  ProgramVersion: 7.3.2  TimeStamp: 2026/03/14-00:36:03-GMT  BuildTime: Aug  4 2022 06:17:15  BuildStamp: freesurfer-linux-ubuntu22_x86_64-7.3.2-20220804-6354275  User: oesteban  Machine: dna086  Platform: Linux  PlatformVersion: 5.14.0-427.37.1.el9_4.x86_64  CompilerName: GCC  CompilerVersion: 8.4.0
ProgramName: mris_smooth  ProgramArguments: mris_smooth -all-info  ProgramVersion: 7.3.2  TimeStamp: 2026/03/14-00:36:03-GMT  BuildTime: Aug  4 2022 06:17:15  BuildStamp: freesurfer-linux-ubuntu22_x86_64-7.3.2-20220804-6354275  User: oesteban  Machine: dna086  Platform: Linux  PlatformVersion: 5.14.0-427.37.1.el9_4.x86_64  CompilerName: GCC  CompilerVersion: 8.4.0
ProgramName: mris_sphere  ProgramArguments: mris_sphere -all-info  ProgramVersion: 7.3.2  TimeStamp: 2026/03/14-00:36:03-GMT  BuildTime: Aug  4 2022 06:17:15  BuildStamp: freesurfer-linux-ubuntu22_x86_64-7.3.2-20220804-6354275  User: oesteban  Machine: dna086  Platform: Linux  PlatformVersion: 5.14.0-427.37.1.el9_4.x86_64  CompilerName: GCC  CompilerVersion: 8.4.0
ProgramName: mris_surface_stats  ProgramArguments: mris_surface_stats -all-info  ProgramVersion: 7.3.2  TimeStamp: 2026/03/14-00:36:03-GMT  BuildTime: Aug  4 2022 06:17:15  BuildStamp: freesurfer-linux-ubuntu22_x86_64-7.3.2-20220804-6354275  User: oesteban  Machine: dna086  Platform: Linux  PlatformVersion: 5.14.0-427.37.1.el9_4.x86_64  CompilerName: GCC  CompilerVersion: 8.4.0
ProgramName: mri_stats2seg  ProgramArguments: mri_stats2seg -all-info  ProgramVersion: 7.3.2  TimeStamp: 2026/03/14-00:36:03-GMT  BuildTime: Aug  4 2022 06:17:15  BuildStamp: freesurfer-linux-ubuntu22_x86_64-7.3.2-20220804-6354275  User: oesteban  Machine: dna086  Platform: Linux  PlatformVersion: 5.14.0-427.37.1.el9_4.x86_64  CompilerName: GCC  CompilerVersion: 8.4.0
ProgramName: mris_thickness  ProgramArguments: mris_thickness -all-info  ProgramVersion: 7.3.2  TimeStamp: 2026/03/14-00:36:03-GMT  BuildTime: Aug  4 2022 06:17:15  BuildStamp: freesurfer-linux-ubuntu22_x86_64-7.3.2-20220804-6354275  User: oesteban  Machine: dna086  Platform: Linux  PlatformVersion: 5.14.0-427.37.1.el9_4.x86_64  CompilerName: GCC  CompilerVersion: 8.4.0
ProgramName: mris_thickness_diff  ProgramArguments: mris_thickness_diff -all-info  ProgramVersion: 7.3.2  TimeStamp: 2026/03/14-00:36:03-GMT  BuildTime: Aug  4 2022 06:17:15  BuildStamp: freesurfer-linux-ubuntu22_x86_64-7.3.2-20220804-6354275  User: oesteban  Machine: dna086  Platform: Linux  PlatformVersion: 5.14.0-427.37.1.el9_4.x86_64  CompilerName: GCC  CompilerVersion: 8.4.0
ProgramName: mris_topo_fixer  ProgramArguments: mris_topo_fixer -all-info  ProgramVersion: 7.3.2  TimeStamp: 2026/03/14-00:36:03-GMT  BuildTime: Aug  4 2022 06:17:15  BuildStamp: freesurfer-linux-ubuntu22_x86_64-7.3.2-20220804-6354275  User: oesteban  Machine: dna086  Platform: Linux  PlatformVersion: 5.14.0-427.37.1.el9_4.x86_64  CompilerName: GCC  CompilerVersion: 8.4.0
ProgramName: mri_surf2surf  ProgramArguments: mri_surf2surf -all-info  ProgramVersion: 7.3.2  TimeStamp: 2026/03/14-00:36:03-GMT  BuildTime: Aug  4 2022 06:17:15  BuildStamp: freesurfer-linux-ubuntu22_x86_64-7.3.2-20220804-6354275  User: oesteban  Machine: dna086  Platform: Linux  PlatformVersion: 5.14.0-427.37.1.el9_4.x86_64  CompilerName: GCC  CompilerVersion: 8.4.0
ProgramName: mri_surf2vol  ProgramArguments: mri_surf2vol -all-info  ProgramVersion: 7.3.2  TimeStamp: 2026/03/14-00:36:03-GMT  BuildTime: Aug  4 2022 06:17:15  BuildStamp: freesurfer-linux-ubuntu22_x86_64-7.3.2-20220804-6354275  User: oesteban  Machine: dna086  Platform: Linux  PlatformVersion: 5.14.0-427.37.1.el9_4.x86_64  CompilerName: GCC  CompilerVersion: 8.4.0
ProgramName: mri_surfcluster  ProgramArguments: mri_surfcluster -all-info  ProgramVersion: 7.3.2  TimeStamp: 2026/03/14-00:36:03-GMT  BuildTime: Aug  4 2022 06:17:15  BuildStamp: freesurfer-linux-ubuntu22_x86_64-7.3.2-20220804-6354275  User: oesteban  Machine: dna086  Platform: Linux  PlatformVersion: 5.14.0-427.37.1.el9_4.x86_64  CompilerName: GCC  CompilerVersion: 8.4.0
ProgramName: mris_volmask  ProgramArguments: mris_volmask -all-info  ProgramVersion: 7.3.2  TimeStamp: 2026/03/14-00:36:03-GMT  BuildTime: Aug  4 2022 06:17:15  BuildStamp: freesurfer-linux-ubuntu22_x86_64-7.3.2-20220804-6354275  User: oesteban  Machine: dna086  Platform: Linux  PlatformVersion: 5.14.0-427.37.1.el9_4.x86_64  CompilerName: GCC  CompilerVersion: 8.4.0
ProgramName: mri_tessellate  ProgramArguments: mri_tessellate -all-info  ProgramVersion: 7.3.2  TimeStamp: 2026/03/14-00:36:03-GMT  BuildTime: Aug  4 2022 06:17:15  BuildStamp: freesurfer-linux-ubuntu22_x86_64-7.3.2-20220804-6354275  User: oesteban  Machine: dna086  Platform: Linux  PlatformVersion: 5.14.0-427.37.1.el9_4.x86_64  CompilerName: GCC  CompilerVersion: 8.4.0
ProgramName: mri_vol2surf  ProgramArguments: mri_vol2surf -all-info  ProgramVersion: 7.3.2  TimeStamp: 2026/03/14-00:36:03-GMT  BuildTime: Aug  4 2022 06:17:15  BuildStamp: freesurfer-linux-ubuntu22_x86_64-7.3.2-20220804-6354275  User: oesteban  Machine: dna086  Platform: Linux  PlatformVersion: 5.14.0-427.37.1.el9_4.x86_64  CompilerName: GCC  CompilerVersion: 8.4.0
ProgramName: mri_vol2vol  ProgramArguments: mri_vol2vol -all-info  ProgramVersion: 7.3.2  TimeStamp: 2026/03/14-00:36:03-GMT  BuildTime: Aug  4 2022 06:17:15  BuildStamp: freesurfer-linux-ubuntu22_x86_64-7.3.2-20220804-6354275  User: oesteban  Machine: dna086  Platform: Linux  PlatformVersion: 5.14.0-427.37.1.el9_4.x86_64  CompilerName: GCC  CompilerVersion: 8.4.0
ProgramName: mri_voldiff  ProgramArguments: mri_voldiff -all-info  ProgramVersion: 7.3.2  TimeStamp: 2026/03/14-00:36:03-GMT  BuildTime: Aug  4 2022 06:17:15  BuildStamp: freesurfer-linux-ubuntu22_x86_64-7.3.2-20220804-6354275  User: oesteban  Machine: dna086  Platform: Linux  PlatformVersion: 5.14.0-427.37.1.el9_4.x86_64  CompilerName: GCC  CompilerVersion: 8.4.0
ProgramName: mri_watershed  ProgramArguments: mri_watershed -all-info  ProgramVersion: 7.3.2  TimeStamp: 2026/03/14-00:36:03-GMT  BuildTime: Aug  4 2022 06:17:15  BuildStamp: freesurfer-linux-ubuntu22_x86_64-7.3.2-20220804-6354275  User: oesteban  Machine: dna086  Platform: Linux  PlatformVersion: 5.14.0-427.37.1.el9_4.x86_64  CompilerName: GCC  CompilerVersion: 8.4.0
ProgramName: tkregister2  ProgramArguments: tkregister2_cmdl -all-info  ProgramVersion: 7.3.2  TimeStamp: 2026/03/14-00:36:03-GMT  BuildTime: Aug  4 2022 06:17:15  BuildStamp: freesurfer-linux-ubuntu22_x86_64-7.3.2-20220804-6354275  User: oesteban  Machine: dna086  Platform: Linux  PlatformVersion: 5.14.0-427.37.1.el9_4.x86_64  CompilerName: GCC  CompilerVersion: 8.4.0
mri_motion_correct.fsl 7.3.2
mri_convert -all-info 
ProgramName: mri_convert  ProgramArguments: mri_convert -all-info  ProgramVersion: 7.3.2  TimeStamp: 2026/03/14-00:36:03-GMT  BuildTime: Aug  4 2022 06:17:15  BuildStamp: freesurfer-linux-ubuntu22_x86_64-7.3.2-20220804-6354275  User: oesteban  Machine: dna086  Platform: Linux  PlatformVersion: 5.14.0-427.37.1.el9_4.x86_64  CompilerName: GCC  CompilerVersion: 8.4.0
Program nu_correct, built from:
Package MNI N3, version 1.12.0, compiled by nicks@terrier (x86_64-unknown-linux-gnu) on 2015-06-19 at 01:25:34
#######################################
GCADIR /opt/freesurfer/average
GCA RB_all_2020-01-02.gca
GCASkull RB_all_withskull_2020_01_02.gca
AvgCurvTif folding.atlas.acfb40.noaparc.i12.2016-08-02.tif
GCSDIR /opt/freesurfer/average
GCS DKaparc.atlas.acfb40.noaparc.i12.2016-08-02.gcs
#######################################
#--------------------------------------------
#@# WhiteSurfs lh Sat Mar 14 01:36:03 CET 2026
cd /out/sourcedata/freesurfer/sub-v2s7x29679_ses-1/mri
mris_place_surface --adgws-in ../surf/autodet.gw.stats.lh.dat --seg aseg.presurf.mgz --threads 16 --wm wm.mgz --invol brain.finalsurfs.mgz --lh --i ../surf/lh.white.preaparc --o ../surf/lh.white --white --nsmooth 0 --rip-label ../label/lh.cortex.label --rip-bg --rip-surf ../surf/lh.white.preaparc --aparc ../label/lh.aparc.annot
   Update not needed
#--------------------------------------------
#@# WhiteSurfs rh Sat Mar 14 01:36:03 CET 2026
cd /out/sourcedata/freesurfer/sub-v2s7x29679_ses-1/mri
mris_place_surface --adgws-in ../surf/autodet.gw.stats.rh.dat --seg aseg.presurf.mgz --threads 16 --wm wm.mgz --invol brain.finalsurfs.mgz --rh --i ../surf/rh.white.preaparc --o ../surf/rh.white --white --nsmooth 0 --rip-label ../label/rh.cortex.label --rip-bg --rip-surf ../surf/rh.white.preaparc --aparc ../label/rh.aparc.annot
   Update not needed
#@# white curv lh Sat Mar 14 01:36:03 CET 2026
cd /out/sourcedata/freesurfer/sub-v2s7x29679_ses-1/mri
mris_place_surface --curv-map ../surf/lh.white 2 10 ../surf/lh.curv
   Update not needed
#@# white area lh Sat Mar 14 01:36:03 CET 2026
cd /out/sourcedata/freesurfer/sub-v2s7x29679_ses-1/mri
mris_place_surface --area-map ../surf/lh.white ../surf/lh.area
   Update not needed
#@# pial curv lh Sat Mar 14 01:36:03 CET 2026
cd /out/sourcedata/freesurfer/sub-v2s7x29679_ses-1/mri
mris_place_surface --curv-map ../surf/lh.pial 2 10 ../surf/lh.curv.pial
   Update not needed
#@# pial area lh Sat Mar 14 01:36:03 CET 2026
cd /out/sourcedata/freesurfer/sub-v2s7x29679_ses-1/mri
mris_place_surface --area-map ../surf/lh.pial ../surf/lh.area.pial
   Update not needed
#@# thickness lh Sat Mar 14 01:36:03 CET 2026
cd /out/sourcedata/freesurfer/sub-v2s7x29679_ses-1/mri
mris_place_surface --thickness ../surf/lh.white ../surf/lh.pial 20 5 ../surf/lh.thickness
   Update not needed
#@# area and vertex vol lh Sat Mar 14 01:36:03 CET 2026
cd /out/sourcedata/freesurfer/sub-v2s7x29679_ses-1/mri
mris_place_surface --thickness ../surf/lh.white ../surf/lh.pial 20 5 ../surf/lh.thickness
   Update not needed
#@# white curv rh Sat Mar 14 01:36:03 CET 2026
cd /out/sourcedata/freesurfer/sub-v2s7x29679_ses-1/mri
mris_place_surface --curv-map ../surf/rh.white 2 10 ../surf/rh.curv
   Update not needed
#@# white area rh Sat Mar 14 01:36:03 CET 2026
cd /out/sourcedata/freesurfer/sub-v2s7x29679_ses-1/mri
mris_place_surface --area-map ../surf/rh.white ../surf/rh.area
   Update not needed
#@# pial curv rh Sat Mar 14 01:36:03 CET 2026
cd /out/sourcedata/freesurfer/sub-v2s7x29679_ses-1/mri
mris_place_surface --curv-map ../surf/rh.pial 2 10 ../surf/rh.curv.pial
   Update not needed
#@# pial area rh Sat Mar 14 01:36:03 CET 2026
cd /out/sourcedata/freesurfer/sub-v2s7x29679_ses-1/mri
mris_place_surface --area-map ../surf/rh.pial ../surf/rh.area.pial
   Update not needed
#@# thickness rh Sat Mar 14 01:36:03 CET 2026
cd /out/sourcedata/freesurfer/sub-v2s7x29679_ses-1/mri
mris_place_surface --thickness ../surf/rh.white ../surf/rh.pial 20 5 ../surf/rh.thickness
   Update not needed
#@# area and vertex vol rh Sat Mar 14 01:36:03 CET 2026
cd /out/sourcedata/freesurfer/sub-v2s7x29679_ses-1/mri
mris_place_surface --thickness ../surf/rh.white ../surf/rh.pial 20 5 ../surf/rh.thickness
   Update not needed

#-----------------------------------------
#@# Curvature Stats lh Sat Mar 14 01:36:03 CET 2026
/out/sourcedata/freesurfer/sub-v2s7x29679_ses-1/surf

 mris_curvature_stats -m --writeCurvatureFiles -G -o ../stats/lh.curv.stats -F smoothwm sub-v2s7x29679_ses-1 lh curv sulc 

             Toggling save flag on curvature files                       [ ok ]
                 Outputting results using filestem   [ ../stats/lh.curv.stats ]
             Toggling save flag on curvature files                       [ ok ]
                                   Setting surface [ sub-v2s7x29679_ses-1/lh.smoothwm ]
                                Reading surface...                       [ ok ]
                                   Setting texture                     [ curv ]
                                Reading texture...                       [ ok ]
                                   Setting texture                     [ sulc ]
                                Reading texture...Gb_filter = 0
                       [ ok ]
      Calculating Discrete Principal Curvatures...
      Determining geometric order for vno faces... [####################] [ ok ]
                      Determining KH curvatures... [####################] [ ok ]
                    Determining k1k2 curvatures... [####################] [ ok ]
                                   deltaViolations                      [ 237 ]
Gb_filter = 0

WARN:    S lookup   min:                          -0.042717
WARN:    S explicit min:                          0.000000	vertex = 18

#-----------------------------------------
#@# Curvature Stats rh Sat Mar 14 01:36:05 CET 2026
/out/sourcedata/freesurfer/sub-v2s7x29679_ses-1/surf

 mris_curvature_stats -m --writeCurvatureFiles -G -o ../stats/rh.curv.stats -F smoothwm sub-v2s7x29679_ses-1 rh curv sulc 

             Toggling save flag on curvature files                       [ ok ]
                 Outputting results using filestem   [ ../stats/rh.curv.stats ]
             Toggling save flag on curvature files                       [ ok ]
                                   Setting surface [ sub-v2s7x29679_ses-1/rh.smoothwm ]
                                Reading surface...                       [ ok ]
                                   Setting texture                     [ curv ]
                                Reading texture...                       [ ok ]
                                   Setting texture                     [ sulc ]
                                Reading texture...Gb_filter = 0
                       [ ok ]
      Calculating Discrete Principal Curvatures...
      Determining geometric order for vno faces... [####################] [ ok ]
                      Determining KH curvatures... [####################] [ ok ]
                    Determining k1k2 curvatures... [####################] [ ok ]
                                   deltaViolations                      [ 222 ]
Gb_filter = 0

WARN:    S lookup   min:                          -0.061795
WARN:    S explicit min:                          0.000000	vertex = 251
#-----------------------------------------
#@# Relabel Hypointensities Sat Mar 14 01:36:07 CET 2026
/out/sourcedata/freesurfer/sub-v2s7x29679_ses-1/mri

 mri_relabel_hypointensities aseg.presurf.mgz ../surf aseg.presurf.hypos.mgz 

reading input surface ../surf/lh.white...
relabeling lh hypointensities...
4891 voxels changed to hypointensity...
reading input surface ../surf/rh.white...
relabeling rh hypointensities...
4726 voxels changed to hypointensity...
9712 hypointense voxels neighboring cortex changed
#-----------------------------------------
#@# APas-to-ASeg Sat Mar 14 01:36:18 CET 2026
/out/sourcedata/freesurfer/sub-v2s7x29679_ses-1/mri

 mri_surf2volseg --o aseg.mgz --i aseg.presurf.hypos.mgz --fix-presurf-with-ribbon /out/sourcedata/freesurfer/sub-v2s7x29679_ses-1/mri/ribbon.mgz --threads 16 --lh-cortex-mask /out/sourcedata/freesurfer/sub-v2s7x29679_ses-1/label/lh.cortex.label --lh-white /out/sourcedata/freesurfer/sub-v2s7x29679_ses-1/surf/lh.white --lh-pial /out/sourcedata/freesurfer/sub-v2s7x29679_ses-1/surf/lh.pial --rh-cortex-mask /out/sourcedata/freesurfer/sub-v2s7x29679_ses-1/label/rh.cortex.label --rh-white /out/sourcedata/freesurfer/sub-v2s7x29679_ses-1/surf/rh.white --rh-pial /out/sourcedata/freesurfer/sub-v2s7x29679_ses-1/surf/rh.pial 

SUBJECTS_DIR /out/sourcedata/freesurfer
outvol aseg.mgz
16 avail.processors, using 16
Loading aseg.presurf.hypos.mgz
Loading /out/sourcedata/freesurfer/sub-v2s7x29679_ses-1/mri/ribbon.mgz
Loading /out/sourcedata/freesurfer/sub-v2s7x29679_ses-1/surf/lh.white
Loading /out/sourcedata/freesurfer/sub-v2s7x29679_ses-1/surf/lh.pial
Loading /out/sourcedata/freesurfer/sub-v2s7x29679_ses-1/label/lh.cortex.label
Loading /out/sourcedata/freesurfer/sub-v2s7x29679_ses-1/surf/rh.white
Loading /out/sourcedata/freesurfer/sub-v2s7x29679_ses-1/surf/rh.pial
Loading /out/sourcedata/freesurfer/sub-v2s7x29679_ses-1/label/rh.cortex.label
Done loading
192 112 160  64 208  16  32 144  48  96 240 128 176   0  80 224  17 209 241 225   1  49  33  18 242 210 226  50   2  19 
 34 243 211  20 227   3  51  35 244 212  21 228  22  36  52   4 245 213  23 229  37   5  53 246  24 214 230  25  38 247   6  54 215  26 231  39 
 27 248 232 216  55   7  28  40 249  29 233  65 217  41   8  56  30  81 250 234  42  31 218   9  97  57 235 251  43 219 
236  44  10 145  58 252 113 193 220  45  66 237  11  59 
253 221  46 238  60  82  47 254  12 222 146 239 
255 223  13 177  98  67  61  14  15  83 161 129 194 147  68  62  99 
 84  69  63 148 162 178 195  70  85 114  71 100 149  86  72 196 163 179 
150 130  87 101 197  73 164 151  88 198 102 180 115  74 199 
152 165  89 103 200 201 181 202 203  75 204 166 205 104 153  90 206 131 207 116 182 167 105  76  91 154 106  77  92 168 183  78 155 117 107  93  79 
169 132 184 108  94 156 170 118 185 109  95 186 171 157 110 119 
187 172 133 188 111 158 173 120 189 174 159 
134 121 190 175 191 122 135 123 136 124 125 137 126 138 127 139 
140 141 142 143 
nrelabeled = 177274
ndotcheck = 0
Starting Surf2VolSeg free
free done
#VMPC# mri_surf2volseg VmPeak  1959984
mri_surf2volseg done

 mri_brainvol_stats sub-v2s7x29679_ses-1 

ComputeBrainVolumeStats2 VoxelVol=1, KeepCSF=1
  #CBVS2 MaskVol              1654724.0
  #CBVS2 BrainSegVol          1305465.0
  #CBVS2 BrainSegVolNotVent   1290268.0
  #CBVS2 SupraTentVol         1154383.0
  #CBVS2 SupraTentVolNotVent  1139186.0
  #CBVS2 lhCtxGM               257066.1
  #CBVS2 rhCtxGM               260126.5
  #CBVS2 lhCerebralWM          277622.5
  #CBVS2 rhCerebralWM          279570.5
  #CBVS2 SubCortGMVol           65730.0
  #CBVS2 CerebellumVol         151082.0
  #CBVS2 CerebellumGMVol       120909.0
  #CBVS2 VentChorVol            11631.0
  #CBVS2 3rd4th5thCSF            3566.0
  #CBVS2 AllCSF                 15197.0
  #CBVS2 CCVol                   4601.0
#-----------------------------------------
#@# AParc-to-ASeg aparc Sat Mar 14 01:36:25 CET 2026
/out/sourcedata/freesurfer/sub-v2s7x29679_ses-1/mri

 mri_surf2volseg --o aparc+aseg.mgz --label-cortex --i aseg.mgz --threads 16 --lh-annot /out/sourcedata/freesurfer/sub-v2s7x29679_ses-1/label/lh.aparc.annot 1000 --lh-cortex-mask /out/sourcedata/freesurfer/sub-v2s7x29679_ses-1/label/lh.cortex.label --lh-white /out/sourcedata/freesurfer/sub-v2s7x29679_ses-1/surf/lh.white --lh-pial /out/sourcedata/freesurfer/sub-v2s7x29679_ses-1/surf/lh.pial --rh-annot /out/sourcedata/freesurfer/sub-v2s7x29679_ses-1/label/rh.aparc.annot 2000 --rh-cortex-mask /out/sourcedata/freesurfer/sub-v2s7x29679_ses-1/label/rh.cortex.label --rh-white /out/sourcedata/freesurfer/sub-v2s7x29679_ses-1/surf/rh.white --rh-pial /out/sourcedata/freesurfer/sub-v2s7x29679_ses-1/surf/rh.pial 

SUBJECTS_DIR /out/sourcedata/freesurfer
outvol aparc+aseg.mgz
16 avail.processors, using 16
Loading aseg.mgz
Loading /out/sourcedata/freesurfer/sub-v2s7x29679_ses-1/surf/lh.white
Loading /out/sourcedata/freesurfer/sub-v2s7x29679_ses-1/surf/lh.pial
Loading /out/sourcedata/freesurfer/sub-v2s7x29679_ses-1/label/lh.cortex.label
Ripping lh vertices labeled not in lh.cortex.label
  ripped 8895 vertices from lh hemi
Loading /out/sourcedata/freesurfer/sub-v2s7x29679_ses-1/label/lh.aparc.annot
Loading /out/sourcedata/freesurfer/sub-v2s7x29679_ses-1/surf/rh.white
Loading /out/sourcedata/freesurfer/sub-v2s7x29679_ses-1/surf/rh.pial
Loading /out/sourcedata/freesurfer/sub-v2s7x29679_ses-1/label/rh.cortex.label
Ripping rh vertices labeled not in rh.cortex.label
  ripped 9371 vertices from rh hemi
Loading /out/sourcedata/freesurfer/sub-v2s7x29679_ses-1/label/rh.aparc.annot
Done loading
 48 112 144  64 240  32 128  80 176   0 192  16 224 208 160  96 241 209  33 225  49  17 242 210  50  18  34 226   1 243 211  51  19 
 35 227   2 244 212  36  52  20 228   3 245 213  37  53  21 229 246  38 214  54  22 230  39 
 55 247 215  23 231  40  56 248 216 232   4  24  41  57 217 249   5  42  58 233  25 218 250   6  59 
234  26 219 
251  60   7 235  27 220 252   8  43 236  28 221   9 253  44  61 237  29 222  10 254  45 238  30 223  11 255  46 239 
 12  31  47  13  62  14  15  63  65 193  66 194  67 195 129  81 196 145  68 197 198 161 199 
200 201 113 202 203 204 205 206 207  69 130  97 177  70 146  82 162 131  71 114 147  72  83 132 163 115 178  98  73 148 133  84 164  74 116 149 134 179 
 99 
 85  75 117 165 150 135  86 180 100 166 118  76 151 136  87 167 101 181  77 152 119 
 88 137 168 182  78 102 153 120  89 138 169 183 103  79 
154  90 139 
121 170 184 104 140 171  91 155 185 122 141 172 186 105  92 156 187 142 173 188 106 143 189  93 123 174 157 190 191 107 175  94 158 124 108  95 109 159 
110 125 111 126 127 
nrelabeled = 516248
ndotcheck = 31497
Starting Surf2VolSeg free
free done
#VMPC# mri_surf2volseg VmPeak  1963356
mri_surf2volseg done
#-----------------------------------------
#@# AParc-to-ASeg aparc.a2009s Sat Mar 14 01:36:47 CET 2026
/out/sourcedata/freesurfer/sub-v2s7x29679_ses-1/mri

 mri_surf2volseg --o aparc.a2009s+aseg.mgz --label-cortex --i aseg.mgz --threads 16 --lh-annot /out/sourcedata/freesurfer/sub-v2s7x29679_ses-1/label/lh.aparc.a2009s.annot 11100 --lh-cortex-mask /out/sourcedata/freesurfer/sub-v2s7x29679_ses-1/label/lh.cortex.label --lh-white /out/sourcedata/freesurfer/sub-v2s7x29679_ses-1/surf/lh.white --lh-pial /out/sourcedata/freesurfer/sub-v2s7x29679_ses-1/surf/lh.pial --rh-annot /out/sourcedata/freesurfer/sub-v2s7x29679_ses-1/label/rh.aparc.a2009s.annot 12100 --rh-cortex-mask /out/sourcedata/freesurfer/sub-v2s7x29679_ses-1/label/rh.cortex.label --rh-white /out/sourcedata/freesurfer/sub-v2s7x29679_ses-1/surf/rh.white --rh-pial /out/sourcedata/freesurfer/sub-v2s7x29679_ses-1/surf/rh.pial 

SUBJECTS_DIR /out/sourcedata/freesurfer
outvol aparc.a2009s+aseg.mgz
16 avail.processors, using 16
Loading aseg.mgz
Loading /out/sourcedata/freesurfer/sub-v2s7x29679_ses-1/surf/lh.white
Loading /out/sourcedata/freesurfer/sub-v2s7x29679_ses-1/surf/lh.pial
Loading /out/sourcedata/freesurfer/sub-v2s7x29679_ses-1/label/lh.cortex.label
Ripping lh vertices labeled not in lh.cortex.label
  ripped 8895 vertices from lh hemi
Loading /out/sourcedata/freesurfer/sub-v2s7x29679_ses-1/label/lh.aparc.a2009s.annot
Loading /out/sourcedata/freesurfer/sub-v2s7x29679_ses-1/surf/rh.white
Loading /out/sourcedata/freesurfer/sub-v2s7x29679_ses-1/surf/rh.pial
Loading /out/sourcedata/freesurfer/sub-v2s7x29679_ses-1/label/rh.cortex.label
Ripping rh vertices labeled not in rh.cortex.label
  ripped 9371 vertices from rh hemi
Loading /out/sourcedata/freesurfer/sub-v2s7x29679_ses-1/label/rh.aparc.a2009s.annot
Done loading
  0 144 240  48 128 160 192  80 208 112 176 224  96  32  16  64 209  33 241  17   1 225 210  18  34   2 226  49 242  19 
211  35 243   3  50   4 244 227  51 245   5 228 246  52  20 212  36 247   6 229 248  21 213  37 249   7 230 214 250  22  38   8 231 251 215  23  39 
  9 232 252 216  24  40  10 253 233 254 217  41  11  53 234 255 218  42  12  54 235  25 219 
 43  26  55  13 236 220  44  27  14  56 237 221  28  45  29  15  57 238 222  46  30 223  47  58  31 239 
 59 
 60  61  62  63  65 193  66 194 145  67 195 161 196 113  68 197 129 198 199 
146 200 201 202 203 204 205 206 207  69 177  97  70 114 147 130 162  71  81  72 115 148  98 178 131  73 163 116 149  74  82 132 164 150  99 
117  75 179 
 83 151 133  76 118 165  84 152  77 180 100 119 
166  85 153  78 134 181 154 101  86 167 120  79 
155  87 182 168 121 102 156 135 183  88 169 103 184 157 122  89 104 170 185 158 186 105 171 136 123  90 187 159 
188 106 172 189  91 190 124 173 107 191  92 137 108 174  93 109 125 175 110  94 138 111  95 126 139 
140 127 141 142 143 
nrelabeled = 516248
ndotcheck = 31497
Starting Surf2VolSeg free
free done
#VMPC# mri_surf2volseg VmPeak  1944436
mri_surf2volseg done
#-----------------------------------------
#@# AParc-to-ASeg aparc.DKTatlas Sat Mar 14 01:37:11 CET 2026
/out/sourcedata/freesurfer/sub-v2s7x29679_ses-1/mri

 mri_surf2volseg --o aparc.DKTatlas+aseg.mgz --label-cortex --i aseg.mgz --threads 16 --lh-annot /out/sourcedata/freesurfer/sub-v2s7x29679_ses-1/label/lh.aparc.DKTatlas.annot 1000 --lh-cortex-mask /out/sourcedata/freesurfer/sub-v2s7x29679_ses-1/label/lh.cortex.label --lh-white /out/sourcedata/freesurfer/sub-v2s7x29679_ses-1/surf/lh.white --lh-pial /out/sourcedata/freesurfer/sub-v2s7x29679_ses-1/surf/lh.pial --rh-annot /out/sourcedata/freesurfer/sub-v2s7x29679_ses-1/label/rh.aparc.DKTatlas.annot 2000 --rh-cortex-mask /out/sourcedata/freesurfer/sub-v2s7x29679_ses-1/label/rh.cortex.label --rh-white /out/sourcedata/freesurfer/sub-v2s7x29679_ses-1/surf/rh.white --rh-pial /out/sourcedata/freesurfer/sub-v2s7x29679_ses-1/surf/rh.pial 

SUBJECTS_DIR /out/sourcedata/freesurfer
outvol aparc.DKTatlas+aseg.mgz
16 avail.processors, using 16
Loading aseg.mgz
Loading /out/sourcedata/freesurfer/sub-v2s7x29679_ses-1/surf/lh.white
Loading /out/sourcedata/freesurfer/sub-v2s7x29679_ses-1/surf/lh.pial
Loading /out/sourcedata/freesurfer/sub-v2s7x29679_ses-1/label/lh.cortex.label
Ripping lh vertices labeled not in lh.cortex.label
  ripped 8895 vertices from lh hemi
Loading /out/sourcedata/freesurfer/sub-v2s7x29679_ses-1/label/lh.aparc.DKTatlas.annot
Loading /out/sourcedata/freesurfer/sub-v2s7x29679_ses-1/surf/rh.white
Loading /out/sourcedata/freesurfer/sub-v2s7x29679_ses-1/surf/rh.pial
Loading /out/sourcedata/freesurfer/sub-v2s7x29679_ses-1/label/rh.cortex.label
Ripping rh vertices labeled not in rh.cortex.label
  ripped 9371 vertices from rh hemi
Loading /out/sourcedata/freesurfer/sub-v2s7x29679_ses-1/label/rh.aparc.DKTatlas.annot
Done loading
  0  48  64 240 208 224  96  16 192  80 160 128 112  32 176 144  17   1  49  33  18  34  19 
  2  50  20 209 225 241  35  51  21 210  22  52  36  23   3  53 242  24  54 211  37  55  25 243  56 212  26  38  27 226   4 213  57  28  39 
227 214  29  58   5  40 244  30 215  59 
 41  31   6 216 245  60  42   7 217 246 228   8 218  43 229  61 230 219 
 44   9 220  45  10 247  46  62  11 248  47 221  12 249 231  13 232 222  14 233  15 250 251 234 223 235 252 236 253 237 254 238 255 239 
 63  65 193  66 194 195  67 196 197 161 113 198 199 
200 201 202 203 204 177 205 206 207 129  81  97  68 145  69 114 162 130  70 178 146  82  98 115  71 163 131 147  72 116  83 179 
164 132 148  73  99 
117 165  84 149 133  74 180 118 166 150 100  85  75 134 167 181 119 
151  76  86 168 101 182 152 120 135 169  87  77 183 102 170 153 121  88 171  78 184 136 154 103 172 185 122  89 173  79 
186 155 104 174  90 137 187 123 175 156 188 105  91 189 138 190 157 191 124  92 106 139 
158  93 107 125 140 159 
 94 108 141 109  95 142 126 110 143 111 127 
nrelabeled = 516248
ndotcheck = 31497
Starting Surf2VolSeg free
free done
#VMPC# mri_surf2volseg VmPeak  1944232
mri_surf2volseg done
#-----------------------------------------
#@# WMParc Sat Mar 14 01:37:33 CET 2026
/out/sourcedata/freesurfer/sub-v2s7x29679_ses-1/mri

 mri_surf2volseg --o wmparc.mgz --label-wm --i aparc+aseg.mgz --threads 16 --lh-annot /out/sourcedata/freesurfer/sub-v2s7x29679_ses-1/label/lh.aparc.annot 3000 --lh-cortex-mask /out/sourcedata/freesurfer/sub-v2s7x29679_ses-1/label/lh.cortex.label --lh-white /out/sourcedata/freesurfer/sub-v2s7x29679_ses-1/surf/lh.white --lh-pial /out/sourcedata/freesurfer/sub-v2s7x29679_ses-1/surf/lh.pial --rh-annot /out/sourcedata/freesurfer/sub-v2s7x29679_ses-1/label/rh.aparc.annot 4000 --rh-cortex-mask /out/sourcedata/freesurfer/sub-v2s7x29679_ses-1/label/rh.cortex.label --rh-white /out/sourcedata/freesurfer/sub-v2s7x29679_ses-1/surf/rh.white --rh-pial /out/sourcedata/freesurfer/sub-v2s7x29679_ses-1/surf/rh.pial 

SUBJECTS_DIR /out/sourcedata/freesurfer
outvol wmparc.mgz
16 avail.processors, using 16
Loading aparc+aseg.mgz
Loading /out/sourcedata/freesurfer/sub-v2s7x29679_ses-1/surf/lh.white
Loading /out/sourcedata/freesurfer/sub-v2s7x29679_ses-1/surf/lh.pial
Loading /out/sourcedata/freesurfer/sub-v2s7x29679_ses-1/label/lh.cortex.label
Ripping lh vertices labeled not in lh.cortex.label
  ripped 8895 vertices from lh hemi
Loading /out/sourcedata/freesurfer/sub-v2s7x29679_ses-1/label/lh.aparc.annot
Loading /out/sourcedata/freesurfer/sub-v2s7x29679_ses-1/surf/rh.white
Loading /out/sourcedata/freesurfer/sub-v2s7x29679_ses-1/surf/rh.pial
Loading /out/sourcedata/freesurfer/sub-v2s7x29679_ses-1/label/rh.cortex.label
Ripping rh vertices labeled not in rh.cortex.label
  ripped 9371 vertices from rh hemi
Loading /out/sourcedata/freesurfer/sub-v2s7x29679_ses-1/label/rh.aparc.annot
Done loading
192 128   0  48 240 144 208  80 160 224  64 176 112  32  16  96  49  17   1  33 209 225  50 241  18 226   2 210  34  51  65  19 
242 227  52   3  35 211 228  20 243  53   4 229  36  21 212  54 244 230   5  37  22  55 213  66 245 231  56   6  23  38 214 246  57  24 232   7  39 
 25 215  58  26 247 233   8  40  59 
216  27 248 234   9  60  41  28 217  29 249  10 235  61  30  42 218  31 250 193  62  11 236  43 219 
 63 251  12 237  44 220 252  13 238  45  67 253 221  14  46 239 
254 222  15  47 255 223 194 195  68 196 197 198 199 
200 201 202 203 204 205 129  69 206 207  81  70 130  71 131 177  72  97 132 161  73 133  82 145 134  74 178 113 135  83  75 136 162  76  98 179 
 84  77 146 137  78 180 114  85 163 138  79 
181  99 
 86 139 
147 182 164 115  87 183 140 165 100 184 116  88 185 186 148 141 187 166  89 188 117 189 190 101 191 142  90 167 118 149  91 143 102 168 119 
 92 169 103 150 120  93 170 104 121 151  94 171 122 105 172  95 152 123 106 124 173 153 125 174 107 126 154 127 175 108 155 109 156 157 110 158 111 159 

nrelabeled = 552592
ndotcheck = 3354
Starting Surf2VolSeg free
free done
#VMPC# mri_surf2volseg VmPeak  1944220
mri_surf2volseg done

 mri_segstats --seed 1234 --seg mri/wmparc.mgz --sum stats/wmparc.stats --pv mri/norm.mgz --excludeid 0 --brainmask mri/brainmask.mgz --in mri/norm.mgz --in-intensity-name norm --in-intensity-units MR --subject sub-v2s7x29679_ses-1 --surf-wm-vol --ctab /opt/freesurfer/WMParcStatsLUT.txt --etiv 

setting seed for random number genererator to 1234

7.3.2
cwd 
cmdline mri_segstats --seed 1234 --seg mri/wmparc.mgz --sum stats/wmparc.stats --pv mri/norm.mgz --excludeid 0 --brainmask mri/brainmask.mgz --in mri/norm.mgz --in-intensity-name norm --in-intensity-units MR --subject sub-v2s7x29679_ses-1 --surf-wm-vol --ctab /opt/freesurfer/WMParcStatsLUT.txt --etiv 
sysname  Linux
hostname dna086
machine  x86_64
user     oesteban
whitesurfname  white
UseRobust  0
atlas_icv (eTIV) = 1272869 mm^3    (det: 1.530484 )
Loading mri/wmparc.mgz
Getting Brain Volume Statistics
Loading mri/norm.mgz
Loading mri/norm.mgz
Voxel Volume is 1 mm^3
Generating list of segmentation ids
Found 390 segmentations
Computing statistics for each segmentation

Reporting on  70 segmentations
Using PrintSegStat
mri_segstats done
#--------------------------------------------
#@# ASeg Stats Sat Mar 14 01:39:24 CET 2026
/out/sourcedata/freesurfer/sub-v2s7x29679_ses-1

 mri_segstats --seed 1234 --seg mri/aseg.mgz --sum stats/aseg.stats --pv mri/norm.mgz --empty --brainmask mri/brainmask.mgz --brain-vol-from-seg --excludeid 0 --excl-ctxgmwm --supratent --subcortgray --in mri/norm.mgz --in-intensity-name norm --in-intensity-units MR --etiv --surf-wm-vol --surf-ctx-vol --totalgray --euler --ctab /opt/freesurfer/ASegStatsLUT.txt --subject sub-v2s7x29679_ses-1 

setting seed for random number genererator to 1234

7.3.2
cwd 
cmdline mri_segstats --seed 1234 --seg mri/aseg.mgz --sum stats/aseg.stats --pv mri/norm.mgz --empty --brainmask mri/brainmask.mgz --brain-vol-from-seg --excludeid 0 --excl-ctxgmwm --supratent --subcortgray --in mri/norm.mgz --in-intensity-name norm --in-intensity-units MR --etiv --surf-wm-vol --surf-ctx-vol --totalgray --euler --ctab /opt/freesurfer/ASegStatsLUT.txt --subject sub-v2s7x29679_ses-1 
sysname  Linux
hostname dna086
machine  x86_64
user     oesteban
whitesurfname  white
UseRobust  0
atlas_icv (eTIV) = 1272869 mm^3    (det: 1.530484 )
Computing euler number
orig.nofix lheno =  -16, rheno = -8
orig.nofix lhholes =    9, rhholes = 5
Loading mri/aseg.mgz
Getting Brain Volume Statistics
Loading mri/norm.mgz
Loading mri/norm.mgz
Voxel Volume is 1 mm^3
Generating list of segmentation ids
Found  50 segmentations
Computing statistics for each segmentation

Reporting on  45 segmentations
Using PrintSegStat
mri_segstats done

Started at Sat Mar 14 01:36:03 CET 2026 
Ended   at Sat Mar 14 01:39:43 CET 2026
#@#%# recon-all-run-time-hours 0.061
recon-all -s sub-v2s7x29679_ses-1 finished without error at Sat Mar 14 01:39:43 CET 2026
