
Sat Mar 14 00:37:21 CET 2026
cd /out/sourcedata/freesurfer/sub-v2s7x29666_ses-1
setenv SUBJECTS_DIR /out/sourcedata/freesurfer
/opt/freesurfer/bin/recon-all -autorecon-hemi rh -noparcstats -noparcstats2 -noparcstats3 -nohyporelabel -nobalabels -rh-only -openmp 16 -subjid sub-v2s7x29666_ses-1 -sd /out/sourcedata/freesurfer

subjid sub-v2s7x29666_ses-1
setenv SUBJECTS_DIR /out/sourcedata/freesurfer
FREESURFER_HOME /opt/freesurfer
Actual FREESURFER_HOME /opt/freesurfer
build-stamp.txt: freesurfer-linux-ubuntu22_x86_64-7.3.2-20220804-6354275
Linux dna076 5.14.0-427.37.1.el9_4.x86_64 #1 SMP PREEMPT_DYNAMIC Fri Sep 13 12:41:50 EDT 2024 x86_64 x86_64 x86_64 GNU/Linux
cputime      unlimited
filesize     unlimited
datasize     unlimited
stacksize    8192 kbytes
coredumpsize 0 kbytes
memoryuse    67108864 kbytes
vmemoryuse   unlimited
descriptors  1024 
memorylocked unlimited
maxproc      2061970 
maxlocks     unlimited
maxsignal    2062029 
maxmessage   819200 
maxnice      0 
maxrtprio    0 
maxrttime    unlimited

               total        used        free      shared  buff/cache   available
Mem:           503Gi        64Gi        22Gi       9.1Gi       415Gi       426Gi
Swap:             0B          0B          0B

########################################
program versions used
7.3.2 (freesurfer-linux-ubuntu22_x86_64-7.3.2-20220804-6354275)
7.3.2

ProgramName: lta_convert  ProgramArguments: lta_convert -all-info  ProgramVersion: 7.3.2  TimeStamp: 2026/03/13-23:37:21-GMT  BuildTime: Aug  4 2022 06:17:15  BuildStamp: freesurfer-linux-ubuntu22_x86_64-7.3.2-20220804-6354275  User: oesteban  Machine: dna076  Platform: Linux  PlatformVersion: 5.14.0-427.37.1.el9_4.x86_64  CompilerName: GCC  CompilerVersion: 8.4.0
ProgramName: mri_and  ProgramArguments: mri_and -all-info  ProgramVersion: 7.3.2  TimeStamp: 2026/03/13-23:37:21-GMT  BuildTime: Aug  4 2022 06:17:15  BuildStamp: freesurfer-linux-ubuntu22_x86_64-7.3.2-20220804-6354275  User: oesteban  Machine: dna076  Platform: Linux  PlatformVersion: 5.14.0-427.37.1.el9_4.x86_64  CompilerName: GCC  CompilerVersion: 8.4.0
ProgramName: mri_annotation2label  ProgramArguments: mri_annotation2label -all-info  ProgramVersion: 7.3.2  TimeStamp: 2026/03/13-23:37:21-GMT  BuildTime: Aug  4 2022 06:17:15  BuildStamp: freesurfer-linux-ubuntu22_x86_64-7.3.2-20220804-6354275  User: oesteban  Machine: dna076  Platform: Linux  PlatformVersion: 5.14.0-427.37.1.el9_4.x86_64  CompilerName: GCC  CompilerVersion: 8.4.0
ProgramName: mri_aparc2aseg  ProgramArguments: mri_aparc2aseg -all-info  ProgramVersion: 7.3.2  TimeStamp: 2026/03/13-23:37:21-GMT  BuildTime: Aug  4 2022 06:17:15  BuildStamp: freesurfer-linux-ubuntu22_x86_64-7.3.2-20220804-6354275  User: oesteban  Machine: dna076  Platform: Linux  PlatformVersion: 5.14.0-427.37.1.el9_4.x86_64  CompilerName: GCC  CompilerVersion: 8.4.0
ProgramName: mri_surf2volseg  ProgramArguments: mri_surf2volseg -all-info  ProgramVersion: 7.3.2  TimeStamp: 2026/03/13-23:37:21-GMT  BuildTime: Aug  4 2022 06:17:15  BuildStamp: freesurfer-linux-ubuntu22_x86_64-7.3.2-20220804-6354275  User: oesteban  Machine: dna076  Platform: Linux  PlatformVersion: 5.14.0-427.37.1.el9_4.x86_64  CompilerName: GCC  CompilerVersion: 8.4.0
ProgramName: mri_binarize  ProgramArguments: mri_binarize -all-info  ProgramVersion: 7.3.2  TimeStamp: 2026/03/13-23:37:21-GMT  BuildTime: Aug  4 2022 06:17:15  BuildStamp: freesurfer-linux-ubuntu22_x86_64-7.3.2-20220804-6354275  User: oesteban  Machine: dna076  Platform: Linux  PlatformVersion: 5.14.0-427.37.1.el9_4.x86_64  CompilerName: GCC  CompilerVersion: 8.4.0
ProgramName: mri_ca_label  ProgramArguments: mri_ca_label -all-info  ProgramVersion: 7.3.2  TimeStamp: 2026/03/13-23:37:21-GMT  BuildTime: Aug  4 2022 06:17:15  BuildStamp: freesurfer-linux-ubuntu22_x86_64-7.3.2-20220804-6354275  User: oesteban  Machine: dna076  Platform: Linux  PlatformVersion: 5.14.0-427.37.1.el9_4.x86_64  CompilerName: GCC  CompilerVersion: 8.4.0
ProgramName: mri_ca_normalize  ProgramArguments: mri_ca_normalize -all-info  ProgramVersion: 7.3.2  TimeStamp: 2026/03/13-23:37:21-GMT  BuildTime: Aug  4 2022 06:17:15  BuildStamp: freesurfer-linux-ubuntu22_x86_64-7.3.2-20220804-6354275  User: oesteban  Machine: dna076  Platform: Linux  PlatformVersion: 5.14.0-427.37.1.el9_4.x86_64  CompilerName: GCC  CompilerVersion: 8.4.0
ProgramName: mri_ca_register  ProgramArguments: mri_ca_register -all-info  ProgramVersion: 7.3.2  TimeStamp: 2026/03/13-23:37:21-GMT  BuildTime: Aug  4 2022 06:17:15  BuildStamp: freesurfer-linux-ubuntu22_x86_64-7.3.2-20220804-6354275  User: oesteban  Machine: dna076  Platform: Linux  PlatformVersion: 5.14.0-427.37.1.el9_4.x86_64  CompilerName: GCC  CompilerVersion: 8.4.0
ProgramName: mri_cc  ProgramArguments: mri_cc -all-info  ProgramVersion: 7.3.2  TimeStamp: 2026/03/13-23:37:21-GMT  BuildTime: Aug  4 2022 06:17:15  BuildStamp: freesurfer-linux-ubuntu22_x86_64-7.3.2-20220804-6354275  User: oesteban  Machine: dna076  Platform: Linux  PlatformVersion: 5.14.0-427.37.1.el9_4.x86_64  CompilerName: GCC  CompilerVersion: 8.4.0
ProgramName: mri_compute_overlap  ProgramArguments: mri_compute_overlap -all-info  ProgramVersion: 7.3.2  TimeStamp: 2026/03/13-23:37:21-GMT  BuildTime: Aug  4 2022 06:17:15  BuildStamp: freesurfer-linux-ubuntu22_x86_64-7.3.2-20220804-6354275  User: oesteban  Machine: dna076  Platform: Linux  PlatformVersion: 5.14.0-427.37.1.el9_4.x86_64  CompilerName: GCC  CompilerVersion: 8.4.0
ProgramName: mri_compute_seg_overlap  ProgramArguments: mri_compute_seg_overlap -all-info  ProgramVersion: 7.3.2  TimeStamp: 2026/03/13-23:37:21-GMT  BuildTime: Aug  4 2022 06:17:15  BuildStamp: freesurfer-linux-ubuntu22_x86_64-7.3.2-20220804-6354275  User: oesteban  Machine: dna076  Platform: Linux  PlatformVersion: 5.14.0-427.37.1.el9_4.x86_64  CompilerName: GCC  CompilerVersion: 8.4.0
ProgramName: mri_concat  ProgramArguments: mri_concat -all-info  ProgramVersion: 7.3.2  TimeStamp: 2026/03/13-23:37:21-GMT  BuildTime: Aug  4 2022 06:17:15  BuildStamp: freesurfer-linux-ubuntu22_x86_64-7.3.2-20220804-6354275  User: oesteban  Machine: dna076  Platform: Linux  PlatformVersion: 5.14.0-427.37.1.el9_4.x86_64  CompilerName: GCC  CompilerVersion: 8.4.0
ProgramName: mri_concatenate_lta  ProgramArguments: mri_concatenate_lta -all-info  ProgramVersion: 7.3.2  TimeStamp: 2026/03/13-23:37:21-GMT  BuildTime: Aug  4 2022 06:17:15  BuildStamp: freesurfer-linux-ubuntu22_x86_64-7.3.2-20220804-6354275  User: oesteban  Machine: dna076  Platform: Linux  PlatformVersion: 5.14.0-427.37.1.el9_4.x86_64  CompilerName: GCC  CompilerVersion: 8.4.0
mri_convert -all-info 
ProgramName: mri_convert  ProgramArguments: mri_convert -all-info  ProgramVersion: 7.3.2  TimeStamp: 2026/03/13-23:37:21-GMT  BuildTime: Aug  4 2022 06:17:15  BuildStamp: freesurfer-linux-ubuntu22_x86_64-7.3.2-20220804-6354275  User: oesteban  Machine: dna076  Platform: Linux  PlatformVersion: 5.14.0-427.37.1.el9_4.x86_64  CompilerName: GCC  CompilerVersion: 8.4.0
ProgramName: mri_diff  ProgramArguments: mri_diff -all-info  ProgramVersion: 7.3.2  TimeStamp: 2026/03/13-23:37:21-GMT  BuildTime: Aug  4 2022 06:17:15  BuildStamp: freesurfer-linux-ubuntu22_x86_64-7.3.2-20220804-6354275  User: oesteban  Machine: dna076  Platform: Linux  PlatformVersion: 5.14.0-427.37.1.el9_4.x86_64  CompilerName: GCC  CompilerVersion: 8.4.0
ProgramName: mri_edit_wm_with_aseg  ProgramArguments: mri_edit_wm_with_aseg -all-info  ProgramVersion: 7.3.2  TimeStamp: 2026/03/13-23:37:21-GMT  BuildTime: Aug  4 2022 06:17:15  BuildStamp: freesurfer-linux-ubuntu22_x86_64-7.3.2-20220804-6354275  User: oesteban  Machine: dna076  Platform: Linux  PlatformVersion: 5.14.0-427.37.1.el9_4.x86_64  CompilerName: GCC  CompilerVersion: 8.4.0
ProgramName: mri_em_register  ProgramArguments: mri_em_register -all-info  ProgramVersion: 7.3.2  TimeStamp: 2026/03/13-23:37:21-GMT  BuildTime: Aug  4 2022 06:17:15  BuildStamp: freesurfer-linux-ubuntu22_x86_64-7.3.2-20220804-6354275  User: oesteban  Machine: dna076  Platform: Linux  PlatformVersion: 5.14.0-427.37.1.el9_4.x86_64  CompilerName: GCC  CompilerVersion: 8.4.0
ProgramName: mri_fill  ProgramArguments: mri_fill -all-info  ProgramVersion: 7.3.2  TimeStamp: 2026/03/13-23:37:21-GMT  BuildTime: Aug  4 2022 06:17:15  BuildStamp: freesurfer-linux-ubuntu22_x86_64-7.3.2-20220804-6354275  User: oesteban  Machine: dna076  Platform: Linux  PlatformVersion: 5.14.0-427.37.1.el9_4.x86_64  CompilerName: GCC  CompilerVersion: 8.4.0
ProgramName: mri_fuse_segmentations  ProgramArguments: mri_fuse_segmentations -all-info  ProgramVersion: 7.3.2  TimeStamp: 2026/03/13-23:37:21-GMT  BuildTime: Aug  4 2022 06:17:15  BuildStamp: freesurfer-linux-ubuntu22_x86_64-7.3.2-20220804-6354275  User: oesteban  Machine: dna076  Platform: Linux  PlatformVersion: 5.14.0-427.37.1.el9_4.x86_64  CompilerName: GCC  CompilerVersion: 8.4.0
ProgramName: mri_fwhm  ProgramArguments: mri_fwhm -all-info  ProgramVersion: 7.3.2  TimeStamp: 2026/03/13-23:37:21-GMT  BuildTime: Aug  4 2022 06:17:15  BuildStamp: freesurfer-linux-ubuntu22_x86_64-7.3.2-20220804-6354275  User: oesteban  Machine: dna076  Platform: Linux  PlatformVersion: 5.14.0-427.37.1.el9_4.x86_64  CompilerName: GCC  CompilerVersion: 8.4.0
ProgramName: mri_gcut  ProgramArguments: mri_gcut -all-info  ProgramVersion: 7.3.2  TimeStamp: 2026/03/13-23:37:21-GMT  BuildTime: Aug  4 2022 06:17:15  BuildStamp: freesurfer-linux-ubuntu22_x86_64-7.3.2-20220804-6354275  User: oesteban  Machine: dna076  Platform: Linux  PlatformVersion: 5.14.0-427.37.1.el9_4.x86_64  CompilerName: GCC  CompilerVersion: 8.4.0
ProgramName: mri_info  ProgramArguments: mri_info -all-info  ProgramVersion: 7.3.2  TimeStamp: 2026/03/13-23:37:21-GMT  BuildTime: Aug  4 2022 06:17:15  BuildStamp: freesurfer-linux-ubuntu22_x86_64-7.3.2-20220804-6354275  User: oesteban  Machine: dna076  Platform: Linux  PlatformVersion: 5.14.0-427.37.1.el9_4.x86_64  CompilerName: GCC  CompilerVersion: 8.4.0
ProgramName: mri_label2label  ProgramArguments: mri_label2label -all-info  ProgramVersion: 7.3.2  TimeStamp: 2026/03/13-23:37:21-GMT  BuildTime: Aug  4 2022 06:17:15  BuildStamp: freesurfer-linux-ubuntu22_x86_64-7.3.2-20220804-6354275  User: oesteban  Machine: dna076  Platform: Linux  PlatformVersion: 5.14.0-427.37.1.el9_4.x86_64  CompilerName: GCC  CompilerVersion: 8.4.0
ProgramName: mri_label2vol  ProgramArguments: mri_label2vol -all-info  ProgramVersion: 7.3.2  TimeStamp: 2026/03/13-23:37:21-GMT  BuildTime: Aug  4 2022 06:17:15  BuildStamp: freesurfer-linux-ubuntu22_x86_64-7.3.2-20220804-6354275  User: oesteban  Machine: dna076  Platform: Linux  PlatformVersion: 5.14.0-427.37.1.el9_4.x86_64  CompilerName: GCC  CompilerVersion: 8.4.0
ProgramName: mri_log_likelihood  ProgramArguments: mri_log_likelihood -all-info  ProgramVersion: 7.3.2  TimeStamp: 2026/03/13-23:37:21-GMT  BuildTime: Aug  4 2022 06:17:15  BuildStamp: freesurfer-linux-ubuntu22_x86_64-7.3.2-20220804-6354275  User: oesteban  Machine: dna076  Platform: Linux  PlatformVersion: 5.14.0-427.37.1.el9_4.x86_64  CompilerName: GCC  CompilerVersion: 8.4.0
ProgramName: mri_mask  ProgramArguments: mri_mask -all-info  ProgramVersion: 7.3.2  TimeStamp: 2026/03/13-23:37:21-GMT  BuildTime: Aug  4 2022 06:17:15  BuildStamp: freesurfer-linux-ubuntu22_x86_64-7.3.2-20220804-6354275  User: oesteban  Machine: dna076  Platform: Linux  PlatformVersion: 5.14.0-427.37.1.el9_4.x86_64  CompilerName: GCC  CompilerVersion: 8.4.0
ProgramName: mri_matrix_multiply  ProgramArguments: mri_matrix_multiply -all-info  ProgramVersion: 7.3.2  TimeStamp: 2026/03/13-23:37:21-GMT  BuildTime: Aug  4 2022 06:17:15  BuildStamp: freesurfer-linux-ubuntu22_x86_64-7.3.2-20220804-6354275  User: oesteban  Machine: dna076  Platform: Linux  PlatformVersion: 5.14.0-427.37.1.el9_4.x86_64  CompilerName: GCC  CompilerVersion: 8.4.0
ProgramName: mri_normalize  ProgramArguments: mri_normalize -all-info  ProgramVersion: 7.3.2  TimeStamp: 2026/03/13-23:37:21-GMT  BuildTime: Aug  4 2022 06:17:15  BuildStamp: freesurfer-linux-ubuntu22_x86_64-7.3.2-20220804-6354275  User: oesteban  Machine: dna076  Platform: Linux  PlatformVersion: 5.14.0-427.37.1.el9_4.x86_64  CompilerName: GCC  CompilerVersion: 8.4.0
ProgramName: mri_normalize_tp2  ProgramArguments: mri_normalize_tp2 -all-info  ProgramVersion: 7.3.2  TimeStamp: 2026/03/13-23:37:21-GMT  BuildTime: Aug  4 2022 06:17:15  BuildStamp: freesurfer-linux-ubuntu22_x86_64-7.3.2-20220804-6354275  User: oesteban  Machine: dna076  Platform: Linux  PlatformVersion: 5.14.0-427.37.1.el9_4.x86_64  CompilerName: GCC  CompilerVersion: 8.4.0
ProgramName: mri_or  ProgramArguments: mri_or -all-info  ProgramVersion: 7.3.2  TimeStamp: 2026/03/13-23:37:21-GMT  BuildTime: Aug  4 2022 06:17:15  BuildStamp: freesurfer-linux-ubuntu22_x86_64-7.3.2-20220804-6354275  User: oesteban  Machine: dna076  Platform: Linux  PlatformVersion: 5.14.0-427.37.1.el9_4.x86_64  CompilerName: GCC  CompilerVersion: 8.4.0
ProgramName: mri_relabel_hypointensities  ProgramArguments: mri_relabel_hypointensities -all-info  ProgramVersion: 7.3.2  TimeStamp: 2026/03/13-23:37:21-GMT  BuildTime: Aug  4 2022 06:17:15  BuildStamp: freesurfer-linux-ubuntu22_x86_64-7.3.2-20220804-6354275  User: oesteban  Machine: dna076  Platform: Linux  PlatformVersion: 5.14.0-427.37.1.el9_4.x86_64  CompilerName: GCC  CompilerVersion: 8.4.0
ProgramName: mri_relabel_nonwm_hypos  ProgramArguments: mri_relabel_nonwm_hypos -all-info  ProgramVersion: 7.3.2  TimeStamp: 2026/03/13-23:37:21-GMT  BuildTime: Aug  4 2022 06:17:15  BuildStamp: freesurfer-linux-ubuntu22_x86_64-7.3.2-20220804-6354275  User: oesteban  Machine: dna076  Platform: Linux  PlatformVersion: 5.14.0-427.37.1.el9_4.x86_64  CompilerName: GCC  CompilerVersion: 8.4.0
ProgramName: mri_remove_neck  ProgramArguments: mri_remove_neck -all-info  ProgramVersion: 7.3.2  TimeStamp: 2026/03/13-23:37:21-GMT  BuildTime: Aug  4 2022 06:17:15  BuildStamp: freesurfer-linux-ubuntu22_x86_64-7.3.2-20220804-6354275  User: oesteban  Machine: dna076  Platform: Linux  PlatformVersion: 5.14.0-427.37.1.el9_4.x86_64  CompilerName: GCC  CompilerVersion: 8.4.0
7.3.2

ProgramName: mri_robust_register  ProgramArguments: mri_robust_register -all-info  ProgramVersion: 7.3.2  TimeStamp: 2026/03/13-23:37:21-GMT  BuildTime: Aug  4 2022 06:17:15  BuildStamp: freesurfer-linux-ubuntu22_x86_64-7.3.2-20220804-6354275  User: oesteban  Machine: dna076  Platform: Linux  PlatformVersion: 5.14.0-427.37.1.el9_4.x86_64  CompilerName: GCC  CompilerVersion: 8.4.0
7.3.2

ProgramName: mri_robust_template  ProgramArguments: mri_robust_template -all-info  ProgramVersion: 7.3.2  TimeStamp: 2026/03/13-23:37:21-GMT  BuildTime: Aug  4 2022 06:17:15  BuildStamp: freesurfer-linux-ubuntu22_x86_64-7.3.2-20220804-6354275  User: oesteban  Machine: dna076  Platform: Linux  PlatformVersion: 5.14.0-427.37.1.el9_4.x86_64  CompilerName: GCC  CompilerVersion: 8.4.0
ProgramName: mris_anatomical_stats  ProgramArguments: mris_anatomical_stats -all-info  ProgramVersion: 7.3.2  TimeStamp: 2026/03/13-23:37:21-GMT  BuildTime: Aug  4 2022 06:17:15  BuildStamp: freesurfer-linux-ubuntu22_x86_64-7.3.2-20220804-6354275  User: oesteban  Machine: dna076  Platform: Linux  PlatformVersion: 5.14.0-427.37.1.el9_4.x86_64  CompilerName: GCC  CompilerVersion: 8.4.0
ProgramName: mris_ca_label  ProgramArguments: mris_ca_label -all-info  ProgramVersion: 7.3.2  TimeStamp: 2026/03/13-23:37:21-GMT  BuildTime: Aug  4 2022 06:17:15  BuildStamp: freesurfer-linux-ubuntu22_x86_64-7.3.2-20220804-6354275  User: oesteban  Machine: dna076  Platform: Linux  PlatformVersion: 5.14.0-427.37.1.el9_4.x86_64  CompilerName: GCC  CompilerVersion: 8.4.0
ProgramName: mris_calc  ProgramArguments: mris_calc -all-info  ProgramVersion: 7.3.2  TimeStamp: 2026/03/13-23:37:21-GMT  BuildTime: Aug  4 2022 06:17:15  BuildStamp: freesurfer-linux-ubuntu22_x86_64-7.3.2-20220804-6354275  User: oesteban  Machine: dna076  Platform: Linux  PlatformVersion: 5.14.0-427.37.1.el9_4.x86_64  CompilerName: GCC  CompilerVersion: 8.4.0
ProgramName: mris_convert  ProgramArguments: mris_convert -all-info  ProgramVersion: 7.3.2  TimeStamp: 2026/03/13-23:37:21-GMT  BuildTime: Aug  4 2022 06:17:15  BuildStamp: freesurfer-linux-ubuntu22_x86_64-7.3.2-20220804-6354275  User: oesteban  Machine: dna076  Platform: Linux  PlatformVersion: 5.14.0-427.37.1.el9_4.x86_64  CompilerName: GCC  CompilerVersion: 8.4.0
ProgramName: mris_curvature  ProgramArguments: mris_curvature -all-info  ProgramVersion: 7.3.2  TimeStamp: 2026/03/13-23:37:21-GMT  BuildTime: Aug  4 2022 06:17:15  BuildStamp: freesurfer-linux-ubuntu22_x86_64-7.3.2-20220804-6354275  User: oesteban  Machine: dna076  Platform: Linux  PlatformVersion: 5.14.0-427.37.1.el9_4.x86_64  CompilerName: GCC  CompilerVersion: 8.4.0
ProgramName: mris_curvature_stats  ProgramArguments: mris_curvature_stats -all-info  ProgramVersion: 7.3.2  TimeStamp: 2026/03/13-23:37:21-GMT  BuildTime: Aug  4 2022 06:17:15  BuildStamp: freesurfer-linux-ubuntu22_x86_64-7.3.2-20220804-6354275  User: oesteban  Machine: dna076  Platform: Linux  PlatformVersion: 5.14.0-427.37.1.el9_4.x86_64  CompilerName: GCC  CompilerVersion: 8.4.0
ProgramName: mris_diff  ProgramArguments: mris_diff -all-info  ProgramVersion: 7.3.2  TimeStamp: 2026/03/13-23:37:21-GMT  BuildTime: Aug  4 2022 06:17:15  BuildStamp: freesurfer-linux-ubuntu22_x86_64-7.3.2-20220804-6354275  User: oesteban  Machine: dna076  Platform: Linux  PlatformVersion: 5.14.0-427.37.1.el9_4.x86_64  CompilerName: GCC  CompilerVersion: 8.4.0
ProgramName: mris_divide_parcellation  ProgramArguments: mris_divide_parcellation -all-info  ProgramVersion: 7.3.2  TimeStamp: 2026/03/13-23:37:21-GMT  BuildTime: Aug  4 2022 06:17:15  BuildStamp: freesurfer-linux-ubuntu22_x86_64-7.3.2-20220804-6354275  User: oesteban  Machine: dna076  Platform: Linux  PlatformVersion: 5.14.0-427.37.1.el9_4.x86_64  CompilerName: GCC  CompilerVersion: 8.4.0
ProgramName: mri_segment  ProgramArguments: mri_segment -all-info  ProgramVersion: 7.3.2  TimeStamp: 2026/03/13-23:37:21-GMT  BuildTime: Aug  4 2022 06:17:15  BuildStamp: freesurfer-linux-ubuntu22_x86_64-7.3.2-20220804-6354275  User: oesteban  Machine: dna076  Platform: Linux  PlatformVersion: 5.14.0-427.37.1.el9_4.x86_64  CompilerName: GCC  CompilerVersion: 8.4.0
ProgramName: mri_segstats  ProgramArguments: mri_segstats -all-info  ProgramVersion: 7.3.2  TimeStamp: 2026/03/13-23:37:21-GMT  BuildTime: Aug  4 2022 06:17:15  BuildStamp: freesurfer-linux-ubuntu22_x86_64-7.3.2-20220804-6354275  User: oesteban  Machine: dna076  Platform: Linux  PlatformVersion: 5.14.0-427.37.1.el9_4.x86_64  CompilerName: GCC  CompilerVersion: 8.4.0
ProgramName: mris_euler_number  ProgramArguments: mris_euler_number -all-info  ProgramVersion: 7.3.2  TimeStamp: 2026/03/13-23:37:21-GMT  BuildTime: Aug  4 2022 06:17:15  BuildStamp: freesurfer-linux-ubuntu22_x86_64-7.3.2-20220804-6354275  User: oesteban  Machine: dna076  Platform: Linux  PlatformVersion: 5.14.0-427.37.1.el9_4.x86_64  CompilerName: GCC  CompilerVersion: 8.4.0
ProgramName: mris_fix_topology  ProgramArguments: mris_fix_topology -all-info  ProgramVersion: 7.3.2  TimeStamp: 2026/03/13-23:37:21-GMT  BuildTime: Aug  4 2022 06:17:15  BuildStamp: freesurfer-linux-ubuntu22_x86_64-7.3.2-20220804-6354275  User: oesteban  Machine: dna076  Platform: Linux  PlatformVersion: 5.14.0-427.37.1.el9_4.x86_64  CompilerName: GCC  CompilerVersion: 8.4.0
ProgramName: mris_topo_fixer  ProgramArguments: mris_topo_fixer -all-info  ProgramVersion: 7.3.2  TimeStamp: 2026/03/13-23:37:21-GMT  BuildTime: Aug  4 2022 06:17:15  BuildStamp: freesurfer-linux-ubuntu22_x86_64-7.3.2-20220804-6354275  User: oesteban  Machine: dna076  Platform: Linux  PlatformVersion: 5.14.0-427.37.1.el9_4.x86_64  CompilerName: GCC  CompilerVersion: 8.4.0
ProgramName: mris_jacobian  ProgramArguments: mris_jacobian -all-info  ProgramVersion: 7.3.2  TimeStamp: 2026/03/13-23:37:21-GMT  BuildTime: Aug  4 2022 06:17:15  BuildStamp: freesurfer-linux-ubuntu22_x86_64-7.3.2-20220804-6354275  User: oesteban  Machine: dna076  Platform: Linux  PlatformVersion: 5.14.0-427.37.1.el9_4.x86_64  CompilerName: GCC  CompilerVersion: 8.4.0
ProgramName: mris_label2annot  ProgramArguments: mris_label2annot -all-info  ProgramVersion: 7.3.2  TimeStamp: 2026/03/13-23:37:21-GMT  BuildTime: Aug  4 2022 06:17:15  BuildStamp: freesurfer-linux-ubuntu22_x86_64-7.3.2-20220804-6354275  User: oesteban  Machine: dna076  Platform: Linux  PlatformVersion: 5.14.0-427.37.1.el9_4.x86_64  CompilerName: GCC  CompilerVersion: 8.4.0
ProgramName: mris_left_right_register  ProgramArguments: mris_left_right_register -all-info  ProgramVersion: 7.3.2  TimeStamp: 2026/03/13-23:37:21-GMT  BuildTime: Aug  4 2022 06:17:15  BuildStamp: freesurfer-linux-ubuntu22_x86_64-7.3.2-20220804-6354275  User: oesteban  Machine: dna076  Platform: Linux  PlatformVersion: 5.14.0-427.37.1.el9_4.x86_64  CompilerName: GCC  CompilerVersion: 8.4.0
ProgramName: mris_place_surface  ProgramArguments: mris_place_surface -all-info  ProgramVersion: 7.3.2  TimeStamp: 2026/03/13-23:37:21-GMT  BuildTime: Aug  4 2022 06:17:15  BuildStamp: freesurfer-linux-ubuntu22_x86_64-7.3.2-20220804-6354275  User: oesteban  Machine: dna076  Platform: Linux  PlatformVersion: 5.14.0-427.37.1.el9_4.x86_64  CompilerName: GCC  CompilerVersion: 8.4.0
ProgramName: mrisp_paint  ProgramArguments: mrisp_paint -all-info  ProgramVersion: 7.3.2  TimeStamp: 2026/03/13-23:37:21-GMT  BuildTime: Aug  4 2022 06:17:15  BuildStamp: freesurfer-linux-ubuntu22_x86_64-7.3.2-20220804-6354275  User: oesteban  Machine: dna076  Platform: Linux  PlatformVersion: 5.14.0-427.37.1.el9_4.x86_64  CompilerName: GCC  CompilerVersion: 8.4.0
ProgramName: mris_register  ProgramArguments: mris_register -all-info  ProgramVersion: 7.3.2  TimeStamp: 2026/03/13-23:37:21-GMT  BuildTime: Aug  4 2022 06:17:15  BuildStamp: freesurfer-linux-ubuntu22_x86_64-7.3.2-20220804-6354275  User: oesteban  Machine: dna076  Platform: Linux  PlatformVersion: 5.14.0-427.37.1.el9_4.x86_64  CompilerName: GCC  CompilerVersion: 8.4.0
ProgramName: mris_smooth  ProgramArguments: mris_smooth -all-info  ProgramVersion: 7.3.2  TimeStamp: 2026/03/13-23:37:21-GMT  BuildTime: Aug  4 2022 06:17:15  BuildStamp: freesurfer-linux-ubuntu22_x86_64-7.3.2-20220804-6354275  User: oesteban  Machine: dna076  Platform: Linux  PlatformVersion: 5.14.0-427.37.1.el9_4.x86_64  CompilerName: GCC  CompilerVersion: 8.4.0
ProgramName: mris_sphere  ProgramArguments: mris_sphere -all-info  ProgramVersion: 7.3.2  TimeStamp: 2026/03/13-23:37:21-GMT  BuildTime: Aug  4 2022 06:17:15  BuildStamp: freesurfer-linux-ubuntu22_x86_64-7.3.2-20220804-6354275  User: oesteban  Machine: dna076  Platform: Linux  PlatformVersion: 5.14.0-427.37.1.el9_4.x86_64  CompilerName: GCC  CompilerVersion: 8.4.0
ProgramName: mris_surface_stats  ProgramArguments: mris_surface_stats -all-info  ProgramVersion: 7.3.2  TimeStamp: 2026/03/13-23:37:21-GMT  BuildTime: Aug  4 2022 06:17:15  BuildStamp: freesurfer-linux-ubuntu22_x86_64-7.3.2-20220804-6354275  User: oesteban  Machine: dna076  Platform: Linux  PlatformVersion: 5.14.0-427.37.1.el9_4.x86_64  CompilerName: GCC  CompilerVersion: 8.4.0
ProgramName: mri_stats2seg  ProgramArguments: mri_stats2seg -all-info  ProgramVersion: 7.3.2  TimeStamp: 2026/03/13-23:37:21-GMT  BuildTime: Aug  4 2022 06:17:15  BuildStamp: freesurfer-linux-ubuntu22_x86_64-7.3.2-20220804-6354275  User: oesteban  Machine: dna076  Platform: Linux  PlatformVersion: 5.14.0-427.37.1.el9_4.x86_64  CompilerName: GCC  CompilerVersion: 8.4.0
ProgramName: mris_thickness  ProgramArguments: mris_thickness -all-info  ProgramVersion: 7.3.2  TimeStamp: 2026/03/13-23:37:21-GMT  BuildTime: Aug  4 2022 06:17:15  BuildStamp: freesurfer-linux-ubuntu22_x86_64-7.3.2-20220804-6354275  User: oesteban  Machine: dna076  Platform: Linux  PlatformVersion: 5.14.0-427.37.1.el9_4.x86_64  CompilerName: GCC  CompilerVersion: 8.4.0
ProgramName: mris_thickness_diff  ProgramArguments: mris_thickness_diff -all-info  ProgramVersion: 7.3.2  TimeStamp: 2026/03/13-23:37:21-GMT  BuildTime: Aug  4 2022 06:17:15  BuildStamp: freesurfer-linux-ubuntu22_x86_64-7.3.2-20220804-6354275  User: oesteban  Machine: dna076  Platform: Linux  PlatformVersion: 5.14.0-427.37.1.el9_4.x86_64  CompilerName: GCC  CompilerVersion: 8.4.0
ProgramName: mris_topo_fixer  ProgramArguments: mris_topo_fixer -all-info  ProgramVersion: 7.3.2  TimeStamp: 2026/03/13-23:37:21-GMT  BuildTime: Aug  4 2022 06:17:15  BuildStamp: freesurfer-linux-ubuntu22_x86_64-7.3.2-20220804-6354275  User: oesteban  Machine: dna076  Platform: Linux  PlatformVersion: 5.14.0-427.37.1.el9_4.x86_64  CompilerName: GCC  CompilerVersion: 8.4.0
ProgramName: mri_surf2surf  ProgramArguments: mri_surf2surf -all-info  ProgramVersion: 7.3.2  TimeStamp: 2026/03/13-23:37:21-GMT  BuildTime: Aug  4 2022 06:17:15  BuildStamp: freesurfer-linux-ubuntu22_x86_64-7.3.2-20220804-6354275  User: oesteban  Machine: dna076  Platform: Linux  PlatformVersion: 5.14.0-427.37.1.el9_4.x86_64  CompilerName: GCC  CompilerVersion: 8.4.0
ProgramName: mri_surf2vol  ProgramArguments: mri_surf2vol -all-info  ProgramVersion: 7.3.2  TimeStamp: 2026/03/13-23:37:21-GMT  BuildTime: Aug  4 2022 06:17:15  BuildStamp: freesurfer-linux-ubuntu22_x86_64-7.3.2-20220804-6354275  User: oesteban  Machine: dna076  Platform: Linux  PlatformVersion: 5.14.0-427.37.1.el9_4.x86_64  CompilerName: GCC  CompilerVersion: 8.4.0
ProgramName: mri_surfcluster  ProgramArguments: mri_surfcluster -all-info  ProgramVersion: 7.3.2  TimeStamp: 2026/03/13-23:37:21-GMT  BuildTime: Aug  4 2022 06:17:15  BuildStamp: freesurfer-linux-ubuntu22_x86_64-7.3.2-20220804-6354275  User: oesteban  Machine: dna076  Platform: Linux  PlatformVersion: 5.14.0-427.37.1.el9_4.x86_64  CompilerName: GCC  CompilerVersion: 8.4.0
ProgramName: mris_volmask  ProgramArguments: mris_volmask -all-info  ProgramVersion: 7.3.2  TimeStamp: 2026/03/13-23:37:21-GMT  BuildTime: Aug  4 2022 06:17:15  BuildStamp: freesurfer-linux-ubuntu22_x86_64-7.3.2-20220804-6354275  User: oesteban  Machine: dna076  Platform: Linux  PlatformVersion: 5.14.0-427.37.1.el9_4.x86_64  CompilerName: GCC  CompilerVersion: 8.4.0
ProgramName: mri_tessellate  ProgramArguments: mri_tessellate -all-info  ProgramVersion: 7.3.2  TimeStamp: 2026/03/13-23:37:21-GMT  BuildTime: Aug  4 2022 06:17:15  BuildStamp: freesurfer-linux-ubuntu22_x86_64-7.3.2-20220804-6354275  User: oesteban  Machine: dna076  Platform: Linux  PlatformVersion: 5.14.0-427.37.1.el9_4.x86_64  CompilerName: GCC  CompilerVersion: 8.4.0
ProgramName: mri_vol2surf  ProgramArguments: mri_vol2surf -all-info  ProgramVersion: 7.3.2  TimeStamp: 2026/03/13-23:37:21-GMT  BuildTime: Aug  4 2022 06:17:15  BuildStamp: freesurfer-linux-ubuntu22_x86_64-7.3.2-20220804-6354275  User: oesteban  Machine: dna076  Platform: Linux  PlatformVersion: 5.14.0-427.37.1.el9_4.x86_64  CompilerName: GCC  CompilerVersion: 8.4.0
ProgramName: mri_vol2vol  ProgramArguments: mri_vol2vol -all-info  ProgramVersion: 7.3.2  TimeStamp: 2026/03/13-23:37:21-GMT  BuildTime: Aug  4 2022 06:17:15  BuildStamp: freesurfer-linux-ubuntu22_x86_64-7.3.2-20220804-6354275  User: oesteban  Machine: dna076  Platform: Linux  PlatformVersion: 5.14.0-427.37.1.el9_4.x86_64  CompilerName: GCC  CompilerVersion: 8.4.0
ProgramName: mri_voldiff  ProgramArguments: mri_voldiff -all-info  ProgramVersion: 7.3.2  TimeStamp: 2026/03/13-23:37:21-GMT  BuildTime: Aug  4 2022 06:17:15  BuildStamp: freesurfer-linux-ubuntu22_x86_64-7.3.2-20220804-6354275  User: oesteban  Machine: dna076  Platform: Linux  PlatformVersion: 5.14.0-427.37.1.el9_4.x86_64  CompilerName: GCC  CompilerVersion: 8.4.0
ProgramName: mri_watershed  ProgramArguments: mri_watershed -all-info  ProgramVersion: 7.3.2  TimeStamp: 2026/03/13-23:37:21-GMT  BuildTime: Aug  4 2022 06:17:15  BuildStamp: freesurfer-linux-ubuntu22_x86_64-7.3.2-20220804-6354275  User: oesteban  Machine: dna076  Platform: Linux  PlatformVersion: 5.14.0-427.37.1.el9_4.x86_64  CompilerName: GCC  CompilerVersion: 8.4.0
ProgramName: tkregister2  ProgramArguments: tkregister2_cmdl -all-info  ProgramVersion: 7.3.2  TimeStamp: 2026/03/13-23:37:21-GMT  BuildTime: Aug  4 2022 06:17:15  BuildStamp: freesurfer-linux-ubuntu22_x86_64-7.3.2-20220804-6354275  User: oesteban  Machine: dna076  Platform: Linux  PlatformVersion: 5.14.0-427.37.1.el9_4.x86_64  CompilerName: GCC  CompilerVersion: 8.4.0
mri_motion_correct.fsl 7.3.2
mri_convert -all-info 
ProgramName: mri_convert  ProgramArguments: mri_convert -all-info  ProgramVersion: 7.3.2  TimeStamp: 2026/03/13-23:37:21-GMT  BuildTime: Aug  4 2022 06:17:15  BuildStamp: freesurfer-linux-ubuntu22_x86_64-7.3.2-20220804-6354275  User: oesteban  Machine: dna076  Platform: Linux  PlatformVersion: 5.14.0-427.37.1.el9_4.x86_64  CompilerName: GCC  CompilerVersion: 8.4.0
Program nu_correct, built from:
Package MNI N3, version 1.12.0, compiled by nicks@terrier (x86_64-unknown-linux-gnu) on 2015-06-19 at 01:25:34
#######################################
GCADIR /opt/freesurfer/average
GCA RB_all_2020-01-02.gca
GCASkull RB_all_withskull_2020_01_02.gca
AvgCurvTif folding.atlas.acfb40.noaparc.i12.2016-08-02.tif
GCSDIR /opt/freesurfer/average
GCS DKaparc.atlas.acfb40.noaparc.i12.2016-08-02.gcs
#######################################
#--------------------------------------------
#@# Tessellate rh Sat Mar 14 00:37:21 CET 2026
/out/sourcedata/freesurfer/sub-v2s7x29666_ses-1/scripts

 mri_pretess ../mri/filled.mgz 127 ../mri/norm.mgz ../mri/filled-pretess127.mgz 


Iteration Number : 1
pass   1 (xy+):   1 found -   1 modified     |    TOTAL:   1
pass   2 (xy+):   0 found -   1 modified     |    TOTAL:   1
pass   1 (xy-):   1 found -   1 modified     |    TOTAL:   2
pass   2 (xy-):   0 found -   1 modified     |    TOTAL:   2
pass   1 (yz+):   7 found -   7 modified     |    TOTAL:   9
pass   2 (yz+):   0 found -   7 modified     |    TOTAL:   9
pass   1 (yz-):  13 found -  13 modified     |    TOTAL:  22
pass   2 (yz-):   0 found -  13 modified     |    TOTAL:  22
pass   1 (xz+):   1 found -   1 modified     |    TOTAL:  23
pass   2 (xz+):   0 found -   1 modified     |    TOTAL:  23
pass   1 (xz-):   0 found -   0 modified     |    TOTAL:  23
Iteration Number : 1
pass   1 (+++):   2 found -   2 modified     |    TOTAL:   2
pass   2 (+++):   0 found -   2 modified     |    TOTAL:   2
pass   1 (+++):   0 found -   0 modified     |    TOTAL:   2
pass   1 (+++):   0 found -   0 modified     |    TOTAL:   2
pass   1 (+++):   0 found -   0 modified     |    TOTAL:   2
Iteration Number : 1
pass   1 (++):   0 found -   0 modified     |    TOTAL:   0
pass   1 (+-):   0 found -   0 modified     |    TOTAL:   0
pass   1 (--):   3 found -   3 modified     |    TOTAL:   3
pass   2 (--):   0 found -   3 modified     |    TOTAL:   3
pass   1 (-+):   0 found -   0 modified     |    TOTAL:   3
Iteration Number : 2
pass   1 (xy+):   0 found -   0 modified     |    TOTAL:   0
pass   1 (xy-):   0 found -   0 modified     |    TOTAL:   0
pass   1 (yz+):   0 found -   0 modified     |    TOTAL:   0
pass   1 (yz-):   0 found -   0 modified     |    TOTAL:   0
pass   1 (xz+):   0 found -   0 modified     |    TOTAL:   0
pass   1 (xz-):   0 found -   0 modified     |    TOTAL:   0
Iteration Number : 2
pass   1 (+++):   0 found -   0 modified     |    TOTAL:   0
pass   1 (+++):   0 found -   0 modified     |    TOTAL:   0
pass   1 (+++):   0 found -   0 modified     |    TOTAL:   0
pass   1 (+++):   0 found -   0 modified     |    TOTAL:   0
Iteration Number : 2
pass   1 (++):   0 found -   0 modified     |    TOTAL:   0
pass   1 (+-):   0 found -   0 modified     |    TOTAL:   0
pass   1 (--):   0 found -   0 modified     |    TOTAL:   0
pass   1 (-+):   0 found -   0 modified     |    TOTAL:   0

Total Number of Modified Voxels = 28 (out of 321009: 0.008722)
Ambiguous edge configurations... 

mri_pretess done


 mri_tessellate ../mri/filled-pretess127.mgz 127 ../surf/rh.orig.nofix 

7.3.2
  7.3.2
slice 50: 544 vertices, 620 faces
slice 60: 5288 vertices, 5549 faces
slice 70: 14438 vertices, 14846 faces
slice 80: 26940 vertices, 27351 faces
slice 90: 37605 vertices, 38017 faces
slice 100: 49214 vertices, 49603 faces
slice 110: 59688 vertices, 60047 faces
slice 120: 71348 vertices, 71725 faces
slice 130: 82334 vertices, 82697 faces
slice 140: 92821 vertices, 93194 faces
slice 150: 103106 vertices, 103460 faces
slice 160: 112831 vertices, 113188 faces
slice 170: 120927 vertices, 121209 faces
slice 180: 128892 vertices, 129168 faces
slice 190: 135622 vertices, 135875 faces
slice 200: 141718 vertices, 141925 faces
slice 210: 146077 vertices, 146214 faces
slice 220: 147962 vertices, 147974 faces
slice 230: 147962 vertices, 147974 faces
slice 240: 147962 vertices, 147974 faces
slice 250: 147962 vertices, 147974 faces
using the conformed surface RAS to save vertex points...
writing ../surf/rh.orig.nofix
using vox2ras matrix:
-1.00000   0.00000   0.00000   128.00000;
 0.00000   0.00000   1.00000  -128.00000;
 0.00000  -1.00000   0.00000   128.00000;
 0.00000   0.00000   0.00000   1.00000;

 rm -f ../mri/filled-pretess127.mgz 


 mris_extract_main_component ../surf/rh.orig.nofix ../surf/rh.orig.nofix 


counting number of connected components...
   147962 voxel in cpt #1: X=-12 [v=147962,e=443922,f=295948] located at (27.510895, -3.831761, -1.168915)
For the whole surface: X=-12 [v=147962,e=443922,f=295948]
One single component has been found
nothing to do
done

#--------------------------------------------
#@# Smooth1 rh Sat Mar 14 00:37:24 CET 2026
/out/sourcedata/freesurfer/sub-v2s7x29666_ses-1/scripts

 mris_smooth -nw -seed 1234 ../surf/rh.orig.nofix ../surf/rh.smoothwm.nofix 

setting seed for random number generator to 1234
smoothing surface tessellation for 10 iterations...
smoothing complete - recomputing first and second fundamental forms...
#--------------------------------------------
#@# Inflation1 rh Sat Mar 14 00:37:26 CET 2026
/out/sourcedata/freesurfer/sub-v2s7x29666_ses-1/scripts

 mris_inflate -no-save-sulc ../surf/rh.smoothwm.nofix ../surf/rh.inflated.nofix 

Not saving sulc
Reading ../surf/rh.smoothwm.nofix
avg radius = 50.2 mm, total surface area = 81082 mm^2
step 000: RMS=0.145 (target=0.015)   step 005: RMS=0.110 (target=0.015)   step 010: RMS=0.081 (target=0.015)   step 015: RMS=0.067 (target=0.015)   step 020: RMS=0.057 (target=0.015)   step 025: RMS=0.050 (target=0.015)   step 030: RMS=0.045 (target=0.015)   step 035: RMS=0.041 (target=0.015)   step 040: RMS=0.038 (target=0.015)   step 045: RMS=0.035 (target=0.015)   step 050: RMS=0.035 (target=0.015)   step 055: RMS=0.034 (target=0.015)   step 060: RMS=0.035 (target=0.015)   writing inflated surface to ../surf/rh.inflated.nofix
inflation took 0.2 minutes

inflation complete.
Not saving sulc
mris_inflate utimesec    67.481226
mris_inflate stimesec    1.694111
mris_inflate ru_maxrss   235612
mris_inflate ru_ixrss    0
mris_inflate ru_idrss    0
mris_inflate ru_isrss    0
mris_inflate ru_minflt   550059
mris_inflate ru_majflt   14
mris_inflate ru_nswap    0
mris_inflate ru_inblock  0
mris_inflate ru_oublock  10408
mris_inflate ru_msgsnd   0
mris_inflate ru_msgrcv   0
mris_inflate ru_nsignals 0
mris_inflate ru_nvcsw    8394
mris_inflate ru_nivcsw   2081
#--------------------------------------------
#@# QSphere rh Sat Mar 14 00:37:39 CET 2026
/out/sourcedata/freesurfer/sub-v2s7x29666_ses-1/scripts

 mris_sphere -q -p 6 -a 128 -seed 1234 ../surf/rh.inflated.nofix ../surf/rh.qsphere.nofix 

doing quick spherical unfolding.
limitting unfolding to 6 passes
using n_averages = 128
setting seed for random number genererator to 1234
version: 7.3.2
available threads: 16
scaling brain by 0.298...
inflating...
projecting onto sphere...
surface projected - minimizing metric distortion...
vertex spacing 0.95 +- 0.55 (0.00-->5.96) (max @ vno 67441 --> 67442)
face area 0.02 +- 0.03 (-0.17-->0.68)
Entering MRISinflateToSphere()
inflating to sphere (rms error < 2.00)
000: dt: 0.0000, rms radial error=176.146, avgs=0
005/300: dt: 0.9000, rms radial error=175.885, avgs=0
010/300: dt: 0.9000, rms radial error=175.327, avgs=0
015/300: dt: 0.9000, rms radial error=174.594, avgs=0
020/300: dt: 0.9000, rms radial error=173.761, avgs=0
025/300: dt: 0.9000, rms radial error=172.871, avgs=0
030/300: dt: 0.9000, rms radial error=171.950, avgs=0
035/300: dt: 0.9000, rms radial error=171.013, avgs=0
040/300: dt: 0.9000, rms radial error=170.070, avgs=0
045/300: dt: 0.9000, rms radial error=169.124, avgs=0
050/300: dt: 0.9000, rms radial error=168.180, avgs=0
055/300: dt: 0.9000, rms radial error=167.239, avgs=0
060/300: dt: 0.9000, rms radial error=166.301, avgs=0
065/300: dt: 0.9000, rms radial error=165.368, avgs=0
070/300: dt: 0.9000, rms radial error=164.440, avgs=0
075/300: dt: 0.9000, rms radial error=163.516, avgs=0
080/300: dt: 0.9000, rms radial error=162.598, avgs=0
085/300: dt: 0.9000, rms radial error=161.685, avgs=0
090/300: dt: 0.9000, rms radial error=160.777, avgs=0
095/300: dt: 0.9000, rms radial error=159.873, avgs=0
100/300: dt: 0.9000, rms radial error=158.975, avgs=0
105/300: dt: 0.9000, rms radial error=158.081, avgs=0
110/300: dt: 0.9000, rms radial error=157.192, avgs=0
115/300: dt: 0.9000, rms radial error=156.309, avgs=0
120/300: dt: 0.9000, rms radial error=155.430, avgs=0
125/300: dt: 0.9000, rms radial error=154.556, avgs=0
130/300: dt: 0.9000, rms radial error=153.688, avgs=0
135/300: dt: 0.9000, rms radial error=152.824, avgs=0
140/300: dt: 0.9000, rms radial error=151.964, avgs=0
145/300: dt: 0.9000, rms radial error=151.110, avgs=0
150/300: dt: 0.9000, rms radial error=150.260, avgs=0
155/300: dt: 0.9000, rms radial error=149.415, avgs=0
160/300: dt: 0.9000, rms radial error=148.574, avgs=0
165/300: dt: 0.9000, rms radial error=147.738, avgs=0
170/300: dt: 0.9000, rms radial error=146.908, avgs=0
175/300: dt: 0.9000, rms radial error=146.082, avgs=0
180/300: dt: 0.9000, rms radial error=145.261, avgs=0
185/300: dt: 0.9000, rms radial error=144.445, avgs=0
190/300: dt: 0.9000, rms radial error=143.633, avgs=0
195/300: dt: 0.9000, rms radial error=142.825, avgs=0
200/300: dt: 0.9000, rms radial error=142.022, avgs=0
205/300: dt: 0.9000, rms radial error=141.224, avgs=0
210/300: dt: 0.9000, rms radial error=140.430, avgs=0
215/300: dt: 0.9000, rms radial error=139.640, avgs=0
220/300: dt: 0.9000, rms radial error=138.855, avgs=0
225/300: dt: 0.9000, rms radial error=138.074, avgs=0
230/300: dt: 0.9000, rms radial error=137.297, avgs=0
235/300: dt: 0.9000, rms radial error=136.524, avgs=0
240/300: dt: 0.9000, rms radial error=135.756, avgs=0
245/300: dt: 0.9000, rms radial error=134.992, avgs=0
250/300: dt: 0.9000, rms radial error=134.233, avgs=0
255/300: dt: 0.9000, rms radial error=133.478, avgs=0
260/300: dt: 0.9000, rms radial error=132.727, avgs=0
265/300: dt: 0.9000, rms radial error=131.980, avgs=0
270/300: dt: 0.9000, rms radial error=131.237, avgs=0
275/300: dt: 0.9000, rms radial error=130.498, avgs=0
280/300: dt: 0.9000, rms radial error=129.764, avgs=0
285/300: dt: 0.9000, rms radial error=129.034, avgs=0
290/300: dt: 0.9000, rms radial error=128.307, avgs=0
295/300: dt: 0.9000, rms radial error=127.585, avgs=0
300/300: dt: 0.9000, rms radial error=126.867, avgs=0

spherical inflation complete.
epoch 1 (K=10.0), pass 1, starting sse = 17415.98
taking momentum steps...
taking momentum steps...
taking momentum steps...
taking momentum steps...
pass 1 complete, delta sse/iter = 0.00/13 = 0.00023
epoch 2 (K=40.0), pass 1, starting sse = 2893.93
taking momentum steps...
taking momentum steps...
taking momentum steps...
taking momentum steps...
pass 1 complete, delta sse/iter = 0.00/13 = 0.00032
epoch 3 (K=160.0), pass 1, starting sse = 277.21
taking momentum steps...
taking momentum steps...
taking momentum steps...
taking momentum steps...
pass 1 complete, delta sse/iter = 0.14/17 = 0.00842
epoch 4 (K=640.0), pass 1, starting sse = 12.95
taking momentum steps...
taking momentum steps...
taking momentum steps...
taking momentum steps...
pass 1 complete, delta sse/iter = 0.21/27 = 0.00781
final distance error %100000.00
writing spherical brain to ../surf/rh.qsphere.nofix
spherical transformation took 0.0379 hours
FSRUNTIME@ mris_sphere  0.0379 hours 16 threads
#VMPC# mris_sphere VmPeak  2159924
mris_sphere done
#@# Fix Topology rh Sat Mar 14 00:39:55 CET 2026

 mris_fix_topology -mgz -sphere qsphere.nofix -inflated inflated.nofix -orig orig.nofix -out orig.premesh -ga -seed 1234 sub-v2s7x29666_ses-1 rh 

reading spherical homeomorphism from 'qsphere.nofix'
reading inflated coordinates from 'inflated.nofix'
reading original coordinates from 'orig.nofix'
using genetic algorithm with optimized parameters
setting seed for random number genererator to 1234

*************************************************************
Topology Correction Parameters
retessellation mode:           genetic search
number of patches/generation : 10
number of generations :        10
surface mri loglikelihood coefficient :         1.0
volume mri loglikelihood coefficient :          10.0
normal dot loglikelihood coefficient :          1.0
quadratic curvature loglikelihood coefficient : 1.0
volume resolution :                             2
eliminate vertices during search :              1
initial patch selection :                       1
select all defect vertices :                    0
ordering dependant retessellation:              0
use precomputed edge table :                    0
smooth retessellated patch :                    2
match retessellated patch :                     1
verbose mode :                                  0

*************************************************************
INFO: assuming .mgz format
writing corrected surface to 'orig.premesh'
7.3.2
  7.3.2
before topology correction, eno=-12 (nv=147962, nf=295948, ne=443922, g=7)
using quasi-homeomorphic spherical map to tessellate cortical surface...

Correction of the Topology
Finding true center and radius of Spherical Surface...done
Surface centered at (0,0,0) with radius 100.0 in 8 iterations
marking ambiguous vertices...
4167 ambiguous faces found in tessellation
segmenting defects...
16 defects found, arbitrating ambiguous regions...
analyzing neighboring defects...
16 defects to be corrected 
0 vertices coincident
reading input surface /out/sourcedata/freesurfer/sub-v2s7x29666_ses-1/surf/rh.qsphere.nofix...
reading brain volume from brain...
reading wm segmentation from wm...
Reading original properties of orig.nofix
Reading vertex positions of inflated.nofix
Computing Initial Surface Statistics
      -face       loglikelihood: -9.3888  (-4.6944)
      -vertex     loglikelihood: -6.3612  (-3.1806)
      -normal dot loglikelihood: -3.6443  (-3.6443)
      -quad curv  loglikelihood: -6.0950  (-3.0475)
      Total Loglikelihood : -25.4892
CORRECTING DEFECT 0 (vertices=1064, convex hull=69, v0=11290)
After retessellation of defect 0 (v0=11290), euler #=-13 (145681,436649,290955) : difference with theory (-13) = 0 
CORRECTING DEFECT 1 (vertices=273, convex hull=127, v0=14021)
After retessellation of defect 1 (v0=14021), euler #=-12 (145712,436803,291079) : difference with theory (-12) = 0 
CORRECTING DEFECT 2 (vertices=114, convex hull=66, v0=33231)
After retessellation of defect 2 (v0=33231), euler #=-11 (145723,436872,291138) : difference with theory (-11) = 0 
CORRECTING DEFECT 3 (vertices=19, convex hull=31, v0=40947)
After retessellation of defect 3 (v0=40947), euler #=-10 (145727,436893,291156) : difference with theory (-10) = 0 
CORRECTING DEFECT 4 (vertices=22, convex hull=61, v0=57433)
After retessellation of defect 4 (v0=57433), euler #=-9 (145737,436946,291200) : difference with theory (-9) = 0 
CORRECTING DEFECT 5 (vertices=16, convex hull=31, v0=58306)
After retessellation of defect 5 (v0=58306), euler #=-8 (145741,436968,291219) : difference with theory (-8) = 0 
CORRECTING DEFECT 6 (vertices=10, convex hull=18, v0=68757)
After retessellation of defect 6 (v0=68757), euler #=-7 (145743,436981,291231) : difference with theory (-7) = 0 
CORRECTING DEFECT 7 (vertices=8, convex hull=33, v0=79525)
After retessellation of defect 7 (v0=79525), euler #=-6 (145745,436997,291246) : difference with theory (-6) = 0 
CORRECTING DEFECT 8 (vertices=30, convex hull=61, v0=97331)
After retessellation of defect 8 (v0=97331), euler #=-5 (145763,437080,291312) : difference with theory (-5) = 0 
CORRECTING DEFECT 9 (vertices=24, convex hull=19, v0=104797)
After retessellation of defect 9 (v0=104797), euler #=-4 (145768,437102,291330) : difference with theory (-4) = 0 
CORRECTING DEFECT 10 (vertices=221, convex hull=84, v0=104898)
After retessellation of defect 10 (v0=104898), euler #=-3 (145793,437231,291435) : difference with theory (-3) = 0 
CORRECTING DEFECT 11 (vertices=373, convex hull=125, v0=106440)
After retessellation of defect 11 (v0=106440), euler #=-2 (145817,437359,291540) : difference with theory (-2) = 0 
CORRECTING DEFECT 12 (vertices=21, convex hull=29, v0=107449)
After retessellation of defect 12 (v0=107449), euler #=-1 (145819,437372,291552) : difference with theory (-1) = 0 
CORRECTING DEFECT 13 (vertices=31, convex hull=87, v0=107648)
After retessellation of defect 13 (v0=107648), euler #=0 (145829,437436,291607) : difference with theory (0) = 0 
CORRECTING DEFECT 14 (vertices=36, convex hull=56, v0=114345)
After retessellation of defect 14 (v0=114345), euler #=1 (145851,437524,291674) : difference with theory (1) = 0 
CORRECTING DEFECT 15 (vertices=27, convex hull=52, v0=139317)
After retessellation of defect 15 (v0=139317), euler #=2 (145861,437577,291718) : difference with theory (2) = 0 
computing original vertex metric properties...
storing new metric properties...
computing tessellation statistics...
vertex spacing 0.89 +- 0.21 (0.14-->12.85) (max @ vno 12270 --> 20996)
face area -nan +- -nan (1000.00-->-1.00)
performing soap bubble on retessellated vertices for 0 iterations...
vertex spacing 0.89 +- 0.21 (0.14-->12.85) (max @ vno 12270 --> 20996)
face area -nan +- -nan (1000.00-->-1.00)
tessellation finished, orienting corrected surface...
69 mutations (35.8%), 124 crossovers (64.2%), 153 vertices were eliminated
building final representation...
2101 vertices and 0 faces have been removed from triangulation
after topology correction, eno=2 (nv=145861, nf=291718, ne=437577, g=0)
writing corrected surface to /out/sourcedata/freesurfer/sub-v2s7x29666_ses-1/surf/rh.orig.premesh...

0.000 % of the vertices (0 vertices) exhibit an orientation change
removing intersecting faces
000: 167 intersecting
001: 9 intersecting
terminating search with 0 intersecting
topology fixing took 4.9 minutes
FSRUNTIME@ mris_fix_topology rh  0.0809 hours 16 threads
#VMPC# mris_fix_topology VmPeak  1863732

 mris_euler_number ../surf/rh.orig.premesh 

euler # = v-e+f = 2g-2: 145861 - 437577 + 291718 = 2 --> 0 holes
      F =2V-4:          291718 = 291722-4 (0)
      2E=3F:            875154 = 875154 (0)

total defect index = 0
Sat Mar 14 00:44:47 CET 2026

setenv SUBJECTS_DIR /out/sourcedata/freesurfer
cd /out/sourcedata/freesurfer/sub-v2s7x29666_ses-1/scripts
/opt/freesurfer/bin/defect2seg --s sub-v2s7x29666_ses-1 --rh-only --cortex

freesurfer-linux-ubuntu22_x86_64-7.3.2-20220804-6354275
defect2seg 7.3.2
Linux dna076 5.14.0-427.37.1.el9_4.x86_64 #1 SMP PREEMPT_DYNAMIC Fri Sep 13 12:41:50 EDT 2024 x86_64 x86_64 x86_64 GNU/Linux
pid 2124458
mri_label2label --label-cortex /out/sourcedata/freesurfer/sub-v2s7x29666_ses-1/surf/rh.orig.nofix /out/sourcedata/freesurfer/sub-v2s7x29666_ses-1/mri/aseg.presurf.mgz 0 /out/sourcedata/freesurfer/sub-v2s7x29666_ses-1/label/rh.nofix.cortex.label

 Generating cortex label... RemoveHipAmgy=0
 NucAccIsMedialWall=0
 mris->useRealRAS=0
17 non-cortical segments detected
only using segment with 7428 vertices
erasing segment 1 (vno[0] = 61486)
erasing segment 2 (vno[0] = 68885)
erasing segment 3 (vno[0] = 70005)
erasing segment 4 (vno[0] = 79409)
erasing segment 5 (vno[0] = 80533)
erasing segment 6 (vno[0] = 90369)
erasing segment 7 (vno[0] = 91426)
erasing segment 8 (vno[0] = 92605)
erasing segment 9 (vno[0] = 95553)
erasing segment 10 (vno[0] = 99472)
erasing segment 11 (vno[0] = 101972)
erasing segment 12 (vno[0] = 104717)
erasing segment 13 (vno[0] = 107424)
erasing segment 14 (vno[0] = 107516)
erasing segment 15 (vno[0] = 109444)
erasing segment 16 (vno[0] = 109533)
mri_label2vol --defects /out/sourcedata/freesurfer/sub-v2s7x29666_ses-1/surf/rh.orig.nofix /out/sourcedata/freesurfer/sub-v2s7x29666_ses-1/surf/rh.defect_labels /out/sourcedata/freesurfer/sub-v2s7x29666_ses-1/mri/orig.mgz 2000 0 /out/sourcedata/freesurfer/sub-v2s7x29666_ses-1/mri/rh.surface.defects.mgz /out/sourcedata/freesurfer/sub-v2s7x29666_ses-1/label/rh.nofix.cortex.label
mri_label2vol supposed to be reproducible but seed not set
Contraining to label /out/sourcedata/freesurfer/sub-v2s7x29666_ses-1/label/rh.nofix.cortex.label
Changing input type 0 to MRI_INT
Converting defects to volume: offset=2000, merge=0
Writing to /out/sourcedata/freesurfer/sub-v2s7x29666_ses-1/mri/rh.surface.defects.mgz
mris_defects_pointset -s /out/sourcedata/freesurfer/sub-v2s7x29666_ses-1/surf/rh.orig.nofix -d /out/sourcedata/freesurfer/sub-v2s7x29666_ses-1/surf/rh.defect_labels -o /out/sourcedata/freesurfer/sub-v2s7x29666_ses-1/surf/rh.defects.pointset --label /out/sourcedata/freesurfer/sub-v2s7x29666_ses-1/label/rh.nofix.cortex.label
Reading in surface /out/sourcedata/freesurfer/sub-v2s7x29666_ses-1/surf/rh.orig.nofix
Reading in defect segmentation /out/sourcedata/freesurfer/sub-v2s7x29666_ses-1/surf/rh.defect_labels
Reading in label /out/sourcedata/freesurfer/sub-v2s7x29666_ses-1/label/rh.nofix.cortex.label
#VMPC# mris_defects_pointset 1483784
mris_defects_pointset done
 
Started at Sat Mar 14 00:44:47 CET 2026 
Ended   at Sat Mar 14 00:44:59 CET 2026
Defect2seg-Run-Time-Sec 12
Defect2seg-Run-Time-Min 0.24
Defect2seg-Run-Time-Hours 0.00
 
tkmeditfv sub-v2s7x29666_ses-1 brain.finalsurfs.mgz -defect
defect2seg Done

 mris_remesh --remesh --iters 3 --input /out/sourcedata/freesurfer/sub-v2s7x29666_ses-1/surf/rh.orig.premesh --output /out/sourcedata/freesurfer/sub-v2s7x29666_ses-1/surf/rh.orig 

iters = 3
standard remeshing without target
   adjusted l: 0.713007
remeshing to edge length 0.713007 with 3 iterations

avg qual before   : 0.893511  after: 0.971408

Removing intersections
removing intersecting faces
000: 9 intersecting
terminating search with 0 intersecting
Remeshed surface quality stats nv0 = 145861  nv = 152828  1.04776
Area    305652  0.30411  0.03383 0.000068   0.4503
Corner  916956 60.00000  8.78839 0.022239 179.8455
Edge    458478  0.84593  0.08242 0.004927   1.2984
Hinge   458478  9.17125  9.71081 0.000001 179.9988
mris_remesh done
/out/sourcedata/freesurfer/sub-v2s7x29666_ses-1/scripts

 mris_remove_intersection ../surf/rh.orig ../surf/rh.orig 

intersection removal took 0.00 hours
writing corrected surface to ../surf/rh.orig

 rm -f ../surf/rh.inflated 

#--------------------------------------------
#@# AutoDetGWStats rh Sat Mar 14 00:45:31 CET 2026
cd /out/sourcedata/freesurfer/sub-v2s7x29666_ses-1/mri
mris_autodet_gwstats --o ../surf/autodet.gw.stats.rh.dat --i brain.finalsurfs.mgz --wm wm.mgz --surf ../surf/rh.orig.premesh
7.3.2

cd /out/sourcedata/freesurfer/sub-v2s7x29666_ses-1/mri
setenv SUBJECTS_DIR /out/sourcedata/freesurfer
mris_autodet_gwstats --o ../surf/autodet.gw.stats.rh.dat --i brain.finalsurfs.mgz --wm wm.mgz --surf ../surf/rh.orig.premesh 

border white:    275649 voxels (1.64%)
border gray      304012 voxels (1.81%)
Reading in intensity volume brain.finalsurfs.mgz
Reading in wm volume wm.mgz
Reading in surf ../surf/rh.orig.premesh
Auto detecting stats
MRIclipBrightWM(): nthresh=14777, wmmin=5, clip=110 
Binarizing thresholding at 5
computing class statistics... low=30, hi=110.000000
CCS WM (97.0): 97.3 +- 8.9 [70.0 --> 110.0]
CCS GM (68.0) : 67.7 +- 10.8 [30.0 --> 110.0]
white_mean = 97.2731 +/- 8.94342, gray_mean = 67.7408 +/- 10.7995
using class modes intead of means, discounting robust sigmas....
MRIScomputeClassModes(): min=0 max=167 nbins=168
intensity peaks found at WM=102+-6.1,    GM=60+-9.6
white_mode = 102, gray_mode = 60
std_scale = 1
Applying sanity checks, max_scale_down = 0.2
setting MIN_GRAY_AT_WHITE_BORDER to 49.2 (was 70.000000)
setting MAX_BORDER_WHITE to 110.9 (was 105.000000)
setting MIN_BORDER_WHITE to 60.0 (was 85.000000)
setting MAX_CSF to 38.4 (was 40.000000)
setting MAX_GRAY to 93.1 (was 95.000000)
setting MAX_GRAY_AT_CSF_BORDER to 49.2 (was 75.000000)
setting MIN_GRAY_AT_CSF_BORDER to 27.6 (was 40.000000)
When placing the white surface
  white_border_hi   = 110.943;
  white_border_low  = 60;
  white_outside_low = 49.2005;
  white_inside_hi   = 120;
  white_outside_hi  = 110.943;
When placing the pial surface
  pial_border_hi   = 49.2005;
  pial_border_low  = 27.6016;
  pial_outside_low = 10;
  pial_inside_hi   = 93.0566;
  pial_outside_hi  = 43.8008;
#VMPC# mris_autodet_gwstats VmPeak  1472952
mris_autodet_gwstats done
#--------------------------------------------
#@# WhitePreAparc rh Sat Mar 14 00:45:33 CET 2026
cd /out/sourcedata/freesurfer/sub-v2s7x29666_ses-1/mri
mris_place_surface --adgws-in ../surf/autodet.gw.stats.rh.dat --wm wm.mgz --threads 16 --invol brain.finalsurfs.mgz --rh --i ../surf/rh.orig --o ../surf/rh.white.preaparc --white --seg aseg.presurf.mgz --nsmooth 5
7.3.2
7.3.2

cd /out/sourcedata/freesurfer/sub-v2s7x29666_ses-1/mri
setenv SUBJECTS_DIR /out/sourcedata/freesurfer
mris_place_surface --adgws-in ../surf/autodet.gw.stats.rh.dat --wm wm.mgz --threads 16 --invol brain.finalsurfs.mgz --rh --i ../surf/rh.orig --o ../surf/rh.white.preaparc --white --seg aseg.presurf.mgz --nsmooth 5 

Reading in input surface ../surf/rh.orig
Smoothing surface before ripping with 5 iterations
removing intersecting faces
000: 19 intersecting
001: 17 intersecting
002: 12 intersecting
step 1 with no progress (num=15, old_num=12)
003: 15 intersecting
004: 13 intersecting
step 1 with no progress (num=15, old_num=13)
005: 15 intersecting
006: 14 intersecting
step 1 with no progress (num=14, old_num=14)
007: 14 intersecting
008: 12 intersecting
step 1 with no progress (num=14, old_num=12)
009: 14 intersecting
step 2 with no progress (num=15, old_num=14)
010: 15 intersecting
step 3 with no progress (num=17, old_num=15)
011: 17 intersecting
step 4 with no progress (num=20, old_num=17)
012: 20 intersecting
step 5 with no progress (num=33, old_num=20)
013: 33 intersecting
014: 16 intersecting
step 1 with no progress (num=27, old_num=16)
015: 27 intersecting
016: 15 intersecting
step 1 with no progress (num=31, old_num=15)
017: 31 intersecting
018: 20 intersecting
step 1 with no progress (num=30, old_num=20)
019: 30 intersecting
020: 19 intersecting
021: 15 intersecting
step 1 with no progress (num=15, old_num=15)
022: 15 intersecting
step 2 with no progress (num=15, old_num=15)
023: 15 intersecting
step 3 with no progress (num=15, old_num=15)
024: 15 intersecting
step 4 with no progress (num=15, old_num=15)
025: 15 intersecting
step 5 with no progress (num=15, old_num=15)
026: 15 intersecting
step 6 with no progress (num=15, old_num=15)
027: 15 intersecting
step 7 with no progress (num=15, old_num=15)
028: 15 intersecting
step 8 with no progress (num=15, old_num=15)
029: 15 intersecting
step 9 with no progress (num=15, old_num=15)
030: 15 intersecting
step 10 with no progress (num=15, old_num=15)
031: 15 intersecting
step 11 with no progress (num=15, old_num=15)
032: 15 intersecting
step 12 with no progress (num=15, old_num=15)
033: 15 intersecting
step 13 with no progress (num=15, old_num=15)
034: 15 intersecting
step 14 with no progress (num=15, old_num=15)
035: 15 intersecting
step 15 with no progress (num=15, old_num=15)
036: 15 intersecting
step 16 with no progress (num=15, old_num=15)
terminating search with 12 intersecting
Area    305652  0.27077  0.06227 0.000000   0.5756
Corner  916956 60.00000  9.33748 0.000448 179.9988
Edge    458478  0.79440  0.11254 0.002072   1.3220
Hinge   458478  6.25564  6.40477 0.000015 179.2050
Not reading in aparc
Reading in input volume brain.finalsurfs.mgz
Reading in wm volume wm.mgz
MRIclipBrightWM(): nthresh=14777, wmmin=5, clip=110 
MRIfindBrightNonWM(): 78 bright non-wm voxels segmented.
Masking bright non-wm for white surface
MRImask(): AllowDiffGeom = 1
MRImask(): AllowDiffGeom = 1
Reading in seg volume aseg.presurf.mgz
Ripping frozen voxels
INFO: rip surface needed but not specified, so using input surface
Freezing midline and others
Entering: MRISripMidline(): inhibiting deformation at non-cortical midline structures...
  which=1, fix_mtl=0, using annot = 0
#FML0# MRISripMidline(): nripped=0
removing 4 vertices from ripped group in thread:0
removing 2 vertices from ripped group in thread:0
removing 2 vertices from ripped group in thread:0
removing 2 vertices from ripped group in thread:0
#FML# MRISripMidline(): nmarked=7084, nmarked2=248, nripped=7084
Ripping segs (eg, WMSA, BG, frozen)
Starting MRISripSegs() d = (-2 2 0.5) segnos: 247 
MRISripSegs(): -2 2 0.5 ripped 0
vertex 76414: xyz = (33.2656,8.32692,30.7194) oxyz = (33.2656,8.32692,30.7194) wxzy = (33.2656,8.32692,30.7194) pxyz = (0,0,0) 
CBVO Creating mask 152828
n_averages 4
Iteration 0 =========================================
n_averages=4, current_sigma=2
Freezing midline and others
Ripping frozen voxels
INFO: rip surface needed but not specified, so using input surface
Freezing midline and others
Entering: MRISripMidline(): inhibiting deformation at non-cortical midline structures...
  which=1, fix_mtl=0, using annot = 0
#FML0# MRISripMidline(): nripped=7084
removing 4 vertices from ripped group in thread:0
removing 2 vertices from ripped group in thread:0
removing 2 vertices from ripped group in thread:0
removing 2 vertices from ripped group in thread:0
#FML# MRISripMidline(): nmarked=7084, nmarked2=248, nripped=7084
Ripping segs (eg, WMSA, BG, frozen)
Starting MRISripSegs() d = (-2 2 0.5) segnos: 247 247 
MRISripSegs(): -2 2 0.5 ripped 0
Computing target border values 
Entering MRIScomputeBorderValues_new(): 
  inside_hi   = 120.0000000;
  border_hi   = 110.9434200;
  border_low  =  60.0000000;
  outside_low =  49.2005160;
  outside_hi  = 110.9434200;
  sigma = 2;
  max_thickness = 10;
  step_size=0.5;
  STEP_SIZE=0.1;
  which = 1
  thresh = 0
  flags = 0
  CBVfindFirstPeakD1=0
  CBVfindFirstPeakD2=0
  nvertices=152828
  Gdiag_no=-1
  vno start=0, stop=152828
Replacing 255s with 0s
#SI# sigma=2 had to be increased for 41 vertices, nripped=7084
mean border=75.6, 69 (69) missing vertices, mean dist 0.3 [0.5 (%35.2)->0.8 (%64.8))]
%79 local maxima, %17 large gradients and % 0 min vals, 0 gradients ignored
nFirstPeakD1 0
MRIScomputeBorderValues_new() finished in 0.0144 min


Finding expansion regions
mean absolute distance = 0.67 +- 0.83
5170 vertices more than 2 sigmas from mean.
Averaging target values for 5 iterations...
Positioning Surface: tspring = 0.3, nspring = 0.3, spring = 0, niters = 100 l_repulse = 5, l_surf_repulse = 0, checktol = 0
Positioning pial surface
Entering MRISpositionSurface()
  max_mm = 0.3
  MAX_REDUCTIONS = 2, REDUCTION_PCT = 0.5
  parms->check_tol = 0, niterations = 100
tol=1.0e-04, sigma=2.0, host=dna07, nav=4, nbrs=2, l_repulse=5.000, l_tspring=0.300, l_nspring=0.300, l_intensity=0.200, l_curv=1.000
mom=0.00, dt=0.50
complete_dist_mat 0
rms 0
smooth_averages 0
remove_neg 0
ico_order 0
which_surface 0
target_radius 0.000000
nfields 0
scale 0.000000
desired_rms_height 0.000000
momentum 0.000000
nbhd_size 0
max_nbrs 0
niterations 100
nsurfaces 0
SURFACES 3
flags 0 (0)
use curv 0
no sulc 0
no rigid align 0
mris->nsize 2
mris->hemisphere 1
randomSeed 0

000: dt: 0.0000, sse=4377925.0, rms=12.006
001: dt: 0.5000, sse=2459152.5, rms=8.840 (26.371%)
002: dt: 0.5000, sse=1558873.8, rms=6.871 (22.279%)
003: dt: 0.5000, sse=1070370.1, rms=5.522 (19.630%)
004: dt: 0.5000, sse=802136.2, rms=4.650 (15.791%)
005: dt: 0.5000, sse=663826.3, rms=4.105 (11.713%)
006: dt: 0.5000, sse=601273.6, rms=3.829 (6.736%)
007: dt: 0.5000, sse=564283.8, rms=3.679 (3.912%)
008: dt: 0.5000, sse=557038.9, rms=3.626 (1.431%)
rms = 3.5834/3.6263, sse=549041.1/557038.9, time step reduction 1 of 3 to 0.250  0 0 1
009: dt: 0.5000, sse=549041.1, rms=3.583 (1.185%)
010: dt: 0.2500, sse=277523.4, rms=1.859 (48.132%)
011: dt: 0.2500, sse=235501.4, rms=1.422 (23.467%)
012: dt: 0.2500, sse=223789.0, rms=1.280 (10.000%)
013: dt: 0.2500, sse=219265.5, rms=1.211 (5.428%)
rms = 1.1745/1.2107, sse=217424.6/219265.5, time step reduction 2 of 3 to 0.125  0 0 1
014: dt: 0.2500, sse=217424.6, rms=1.174 (2.994%)
015: dt: 0.1250, sse=212644.6, rms=1.100 (6.326%)
rms = 1.0867/1.1002, sse=211978.4/212644.6, time step reduction 3 of 3 to 0.062  0 0 1
016: dt: 0.1250, sse=211978.4, rms=1.087 (1.225%)
  maximum number of reductions reached, breaking from loop
positioning took 1.3 minutes
Iteration 1 =========================================
n_averages=2, current_sigma=1
Freezing midline and others
Ripping frozen voxels
INFO: rip surface needed but not specified, so using input surface
Freezing midline and others
Entering: MRISripMidline(): inhibiting deformation at non-cortical midline structures...
  which=1, fix_mtl=0, using annot = 0
#FML0# MRISripMidline(): nripped=7084
removing 4 vertices from ripped group in thread:0
removing 4 vertices from ripped group in thread:0
removing 2 vertices from ripped group in thread:0
#FML# MRISripMidline(): nmarked=7199, nmarked2=262, nripped=7199
Ripping segs (eg, WMSA, BG, frozen)
Starting MRISripSegs() d = (-2 2 0.5) segnos: 247 247 247 
MRISripSegs(): -2 2 0.5 ripped 0
Computing target border values 
Entering MRIScomputeBorderValues_new(): 
  inside_hi   = 120.0000000;
  border_hi   = 110.9434200;
  border_low  =  60.0000000;
  outside_low =  49.2005160;
  outside_hi  = 110.9434200;
  sigma = 1;
  max_thickness = 10;
  step_size=0.5;
  STEP_SIZE=0.1;
  which = 1
  thresh = 0
  flags = 0
  CBVfindFirstPeakD1=0
  CBVfindFirstPeakD2=0
  nvertices=152828
  Gdiag_no=-1
  vno start=0, stop=152828
Replacing 255s with 0s
#SI# sigma=1 had to be increased for 42 vertices, nripped=7199
mean border=77.8, 100 (32) missing vertices, mean dist -0.1 [0.3 (%72.4)->0.3 (%27.6))]
%83 local maxima, %12 large gradients and % 0 min vals, 0 gradients ignored
nFirstPeakD1 0
MRIScomputeBorderValues_new() finished in 0.0188 min


Finding expansion regions
mean absolute distance = 0.27 +- 0.57
2113 vertices more than 2 sigmas from mean.
Averaging target values for 5 iterations...
Positioning Surface: tspring = 0.3, nspring = 0.3, spring = 0, niters = 100 l_repulse = 5, l_surf_repulse = 0, checktol = 0
Positioning pial surface
Entering MRISpositionSurface()
  max_mm = 0.3
  MAX_REDUCTIONS = 2, REDUCTION_PCT = 0.5
  parms->check_tol = 0, niterations = 100
tol=1.0e-04, sigma=1.0, host=dna07, nav=2, nbrs=2, l_repulse=5.000, l_tspring=0.300, l_nspring=0.300, l_intensity=0.200, l_curv=1.000
mom=0.00, dt=0.50
000: dt: 0.0000, sse=730703.5, rms=4.141
017: dt: 0.5000, sse=473098.5, rms=2.874 (30.591%)
rms = 3.1965/2.8743, sse=530463.9/473098.5, time step reduction 1 of 3 to 0.250  0 1 1
   RMS increased, rejecting step
018: dt: 0.2500, sse=335366.2, rms=1.880 (34.600%)
019: dt: 0.2500, sse=283308.6, rms=1.331 (29.174%)
020: dt: 0.2500, sse=268975.4, rms=1.132 (15.015%)
021: dt: 0.2500, sse=265240.7, rms=1.071 (5.328%)
rms = 1.0231/1.0712, sse=262727.4/265240.7, time step reduction 2 of 3 to 0.125  0 0 1
022: dt: 0.2500, sse=262727.4, rms=1.023 (4.488%)
023: dt: 0.1250, sse=259543.4, rms=0.970 (5.193%)
rms = 0.9574/0.9700, sse=259054.3/259543.4, time step reduction 3 of 3 to 0.062  0 0 1
024: dt: 0.1250, sse=259054.3, rms=0.957 (1.299%)
  maximum number of reductions reached, breaking from loop
positioning took 0.7 minutes
Iteration 2 =========================================
n_averages=1, current_sigma=0.5
Freezing midline and others
Ripping frozen voxels
INFO: rip surface needed but not specified, so using input surface
Freezing midline and others
Entering: MRISripMidline(): inhibiting deformation at non-cortical midline structures...
  which=1, fix_mtl=0, using annot = 0
#FML0# MRISripMidline(): nripped=7199
removing 4 vertices from ripped group in thread:0
removing 4 vertices from ripped group in thread:0
removing 3 vertices from ripped group in thread:0
removing 4 vertices from ripped group in thread:0
removing 2 vertices from ripped group in thread:0
removing 2 vertices from ripped group in thread:0
#FML# MRISripMidline(): nmarked=7215, nmarked2=266, nripped=7215
Ripping segs (eg, WMSA, BG, frozen)
Starting MRISripSegs() d = (-2 2 0.5) segnos: 247 247 247 247 
MRISripSegs(): -2 2 0.5 ripped 0
Computing target border values 
Entering MRIScomputeBorderValues_new(): 
  inside_hi   = 120.0000000;
  border_hi   = 110.9434200;
  border_low  =  60.0000000;
  outside_low =  49.2005160;
  outside_hi  = 110.9434200;
  sigma = 0.5;
  max_thickness = 10;
  step_size=0.5;
  STEP_SIZE=0.1;
  which = 1
  thresh = 0
  flags = 0
  CBVfindFirstPeakD1=0
  CBVfindFirstPeakD2=0
  nvertices=152828
  Gdiag_no=-1
  vno start=0, stop=152828
Replacing 255s with 0s
#SI# sigma=0.5 had to be increased for 69 vertices, nripped=7215
mean border=79.6, 109 (27) missing vertices, mean dist -0.1 [0.2 (%68.5)->0.2 (%31.5))]
%87 local maxima, % 8 large gradients and % 0 min vals, 0 gradients ignored
nFirstPeakD1 0
MRIScomputeBorderValues_new() finished in 0.0058 min


Finding expansion regions
mean absolute distance = 0.22 +- 0.43
2434 vertices more than 2 sigmas from mean.
Averaging target values for 5 iterations...
Positioning Surface: tspring = 0.3, nspring = 0.3, spring = 0, niters = 100 l_repulse = 5, l_surf_repulse = 0, checktol = 0
Positioning pial surface
Entering MRISpositionSurface()
  max_mm = 0.3
  MAX_REDUCTIONS = 2, REDUCTION_PCT = 0.5
  parms->check_tol = 0, niterations = 100
tol=1.0e-04, sigma=0.5, host=dna07, nav=1, nbrs=2, l_repulse=5.000, l_tspring=0.300, l_nspring=0.300, l_intensity=0.200, l_curv=1.000
mom=0.00, dt=0.50
000: dt: 0.0000, sse=447611.4, rms=2.719
rms = 2.7132/2.7190, sse=447383.7/447611.4, time step reduction 1 of 3 to 0.250  0 0 1
025: dt: 0.5000, sse=447383.7, rms=2.713 (0.216%)
026: dt: 0.2500, sse=289060.2, rms=1.376 (49.285%)
027: dt: 0.2500, sse=262600.2, rms=1.049 (23.728%)
rms = 1.0004/1.0495, sse=260885.4/262600.2, time step reduction 2 of 3 to 0.125  0 0 1
028: dt: 0.2500, sse=260885.4, rms=1.000 (4.673%)
029: dt: 0.1250, sse=254109.1, rms=0.886 (11.463%)
rms = 0.8698/0.8858, sse=252956.5/254109.1, time step reduction 3 of 3 to 0.062  0 0 1
030: dt: 0.1250, sse=252956.5, rms=0.870 (1.802%)
  maximum number of reductions reached, breaking from loop
positioning took 0.5 minutes
Iteration 3 =========================================
n_averages=0, current_sigma=0.25
Freezing midline and others
Ripping frozen voxels
INFO: rip surface needed but not specified, so using input surface
Freezing midline and others
Entering: MRISripMidline(): inhibiting deformation at non-cortical midline structures...
  which=1, fix_mtl=0, using annot = 0
#FML0# MRISripMidline(): nripped=7215
removing 4 vertices from ripped group in thread:0
removing 4 vertices from ripped group in thread:0
removing 3 vertices from ripped group in thread:0
removing 2 vertices from ripped group in thread:0
removing 3 vertices from ripped group in thread:0
removing 2 vertices from ripped group in thread:0
#FML# MRISripMidline(): nmarked=7264, nmarked2=265, nripped=7264
Ripping segs (eg, WMSA, BG, frozen)
Starting MRISripSegs() d = (-2 2 0.5) segnos: 247 247 247 247 247 
MRISripSegs(): -2 2 0.5 ripped 0
Computing target border values 
Entering MRIScomputeBorderValues_new(): 
  inside_hi   = 120.0000000;
  border_hi   = 110.9434200;
  border_low  =  60.0000000;
  outside_low =  49.2005160;
  outside_hi  = 110.9434200;
  sigma = 0.25;
  max_thickness = 10;
  step_size=0.5;
  STEP_SIZE=0.1;
  which = 1
  thresh = 0
  flags = 0
  CBVfindFirstPeakD1=0
  CBVfindFirstPeakD2=0
  nvertices=152828
  Gdiag_no=-1
  vno start=0, stop=152828
Replacing 255s with 0s
#SI# sigma=0.25 had to be increased for 59 vertices, nripped=7264
mean border=80.3, 106 (24) missing vertices, mean dist -0.0 [0.2 (%55.7)->0.2 (%44.3))]
%89 local maxima, % 6 large gradients and % 0 min vals, 0 gradients ignored
nFirstPeakD1 0
MRIScomputeBorderValues_new() finished in 0.0038 min


Finding expansion regions
mean absolute distance = 0.21 +- 0.36
2855 vertices more than 2 sigmas from mean.
Averaging target values for 5 iterations...
Positioning Surface: tspring = 0.3, nspring = 0.3, spring = 0, niters = 100 l_repulse = 5, l_surf_repulse = 0, checktol = 0
Positioning pial surface
Entering MRISpositionSurface()
  max_mm = 0.3
  MAX_REDUCTIONS = 2, REDUCTION_PCT = 0.5
  parms->check_tol = 0, niterations = 100
tol=1.0e-04, sigma=0.2, host=dna07, nav=0, nbrs=2, l_repulse=5.000, l_tspring=0.300, l_nspring=0.300, l_intensity=0.200, l_curv=1.000
mom=0.00, dt=0.50
000: dt: 0.0000, sse=300438.4, rms=1.564
rms = 1.7817/1.5636, sse=326258.9/300438.4, time step reduction 1 of 3 to 0.250  0 1 1
   RMS increased, rejecting step
031: dt: 0.2500, sse=264628.5, rms=1.058 (32.347%)
032: dt: 0.2500, sse=249265.4, rms=0.776 (26.620%)
rms = 0.7446/0.7762, sse=247028.7/249265.4, time step reduction 2 of 3 to 0.125  0 0 1
033: dt: 0.2500, sse=247028.7, rms=0.745 (4.071%)
034: dt: 0.1250, sse=244183.8, rms=0.686 (7.856%)
rms = 0.6742/0.6861, sse=243383.4/244183.8, time step reduction 3 of 3 to 0.062  0 0 1
035: dt: 0.1250, sse=243383.4, rms=0.674 (1.743%)
  maximum number of reductions reached, breaking from loop
positioning took 0.5 minutes
removing intersecting faces
000: 6 intersecting
001: 5 intersecting
step 1 with no progress (num=7, old_num=5)
002: 7 intersecting
003: 2 intersecting
step 1 with no progress (num=2, old_num=2)
004: 2 intersecting
step 2 with no progress (num=2, old_num=2)
005: 2 intersecting
step 3 with no progress (num=2, old_num=2)
006: 2 intersecting
step 4 with no progress (num=2, old_num=2)
007: 2 intersecting
step 5 with no progress (num=2, old_num=2)
008: 2 intersecting
step 6 with no progress (num=2, old_num=2)
009: 2 intersecting
step 7 with no progress (num=2, old_num=2)
010: 2 intersecting
step 8 with no progress (num=2, old_num=2)
011: 2 intersecting
step 9 with no progress (num=2, old_num=2)
012: 2 intersecting
step 10 with no progress (num=2, old_num=2)
013: 2 intersecting
step 11 with no progress (num=2, old_num=2)
014: 2 intersecting
step 12 with no progress (num=2, old_num=2)
015: 2 intersecting
step 13 with no progress (num=2, old_num=2)
016: 2 intersecting
step 14 with no progress (num=2, old_num=2)
017: 2 intersecting
step 15 with no progress (num=2, old_num=2)
018: 2 intersecting
step 16 with no progress (num=2, old_num=2)
terminating search with 2 intersecting


Writing output to ../surf/rh.white.preaparc
#ET# mris_place_surface  3.59 minutes
#VMPC# mris_place_surfaces VmPeak  3490288
mris_place_surface done
#--------------------------------------------
#@# CortexLabel rh Sat Mar 14 00:50:03 CET 2026
cd /out/sourcedata/freesurfer/sub-v2s7x29666_ses-1/mri
mri_label2label --label-cortex ../surf/rh.white.preaparc aseg.presurf.mgz 0 ../label/rh.cortex.label

 Generating cortex label... RemoveHipAmgy=0
 NucAccIsMedialWall=0
 mris->useRealRAS=0
3 non-cortical segments detected
only using segment with 8304 vertices
erasing segment 1 (vno[0] = 81376)
erasing segment 2 (vno[0] = 92318)
#--------------------------------------------
#@# CortexLabel+HipAmyg rh Sat Mar 14 00:50:14 CET 2026
cd /out/sourcedata/freesurfer/sub-v2s7x29666_ses-1/mri
mri_label2label --label-cortex ../surf/rh.white.preaparc aseg.presurf.mgz 1 ../label/rh.cortex+hipamyg.label

 Generating cortex label... RemoveHipAmgy=1
 NucAccIsMedialWall=0
 mris->useRealRAS=0
5 non-cortical segments detected
only using segment with 5996 vertices
erasing segment 1 (vno[0] = 57144)
erasing segment 2 (vno[0] = 81376)
erasing segment 3 (vno[0] = 90115)
erasing segment 4 (vno[0] = 92318)
#--------------------------------------------
#@# Smooth2 rh Sat Mar 14 00:50:24 CET 2026
/out/sourcedata/freesurfer/sub-v2s7x29666_ses-1/scripts

 mris_smooth -n 3 -nw -seed 1234 ../surf/rh.white.preaparc ../surf/rh.smoothwm 

smoothing for 3 iterations
setting seed for random number generator to 1234
smoothing surface tessellation for 3 iterations...
smoothing complete - recomputing first and second fundamental forms...
#--------------------------------------------
#@# Inflation2 rh Sat Mar 14 00:50:26 CET 2026
/out/sourcedata/freesurfer/sub-v2s7x29666_ses-1/scripts

 mris_inflate ../surf/rh.smoothwm ../surf/rh.inflated 

Reading ../surf/rh.smoothwm
avg radius = 50.0 mm, total surface area = 97398 mm^2
step 000: RMS=0.169 (target=0.015)   step 005: RMS=0.113 (target=0.015)   step 010: RMS=0.085 (target=0.015)   step 015: RMS=0.070 (target=0.015)   step 020: RMS=0.058 (target=0.015)   step 025: RMS=0.049 (target=0.015)   step 030: RMS=0.040 (target=0.015)   step 035: RMS=0.034 (target=0.015)   step 040: RMS=0.029 (target=0.015)   step 045: RMS=0.026 (target=0.015)   step 050: RMS=0.023 (target=0.015)   step 055: RMS=0.022 (target=0.015)   step 060: RMS=0.021 (target=0.015)   writing inflated surface to ../surf/rh.inflated
writing sulcal depths to ../surf/rh.sulc

inflation complete.
inflation took 0.2 minutes
mris_inflate utimesec    57.186611
mris_inflate stimesec    2.750053
mris_inflate ru_maxrss   235212
mris_inflate ru_ixrss    0
mris_inflate ru_idrss    0
mris_inflate ru_isrss    0
mris_inflate ru_minflt   676136
mris_inflate ru_majflt   12
mris_inflate ru_nswap    0
mris_inflate ru_inblock  0
mris_inflate ru_oublock  11952
mris_inflate ru_msgsnd   0
mris_inflate ru_msgrcv   0
mris_inflate ru_nsignals 0
mris_inflate ru_nvcsw    25007
mris_inflate ru_nivcsw   794
#--------------------------------------------
#@# Curv .H and .K rh Sat Mar 14 00:50:39 CET 2026
/out/sourcedata/freesurfer/sub-v2s7x29666_ses-1/surf

 mris_curvature -w -seed 1234 rh.white.preaparc 

setting seed for random number generator to 1234
total integrated curvature = 27.555*4pi (346.272) --> -27 handles
ICI = 149.3, FI = 1517.0, variation=23611.752
writing Gaussian curvature to ./rh.white.preaparc.K...done.
writing mean curvature to ./rh.white.preaparc.H...done.
rm -f rh.white.H
ln -s rh.white.preaparc.H rh.white.H
rm -f rh.white.K
ln -s rh.white.preaparc.K rh.white.K

 mris_curvature -seed 1234 -thresh .999 -n -a 5 -w -distances 10 10 rh.inflated 

setting seed for random number generator to 1234
normalizing curvature values.
averaging curvature patterns 5 times.
sampling 10 neighbors out to a distance of 10 mm
387 vertices thresholded to be in k1 ~ [-1.26 0.26], k2 ~ [-0.14 1.39]
total integrated curvature = 0.502*4pi (6.304) --> 0 handles
ICI = 1.6, FI = 10.3, variation=174.438
178 vertices thresholded to be in [-0.14 0.02]
writing Gaussian curvature to ./rh.inflated.K...thresholding curvature at 99.90% level
curvature mean = 0.000, std = 0.003
139 vertices thresholded to be in [-0.36 0.14]
done.
writing mean curvature to ./rh.inflated.H...curvature mean = -0.015, std = 0.023
done.
#--------------------------------------------
#@# Sphere rh Sat Mar 14 00:51:20 CET 2026
/out/sourcedata/freesurfer/sub-v2s7x29666_ses-1/scripts

 mris_sphere -seed 1234 ../surf/rh.inflated ../surf/rh.sphere 

setting seed for random number genererator to 1234
version: 7.3.2
available threads: 16
reading original vertex positions...
projecting onto sphere...
surface projected - minimizing metric distortion...
scaling brain by 0.272...
MRISunfold() max_passes = 1 -------
tol=5.0e-01, sigma=0.0, host=dna07, nav=1024, nbrs=2, l_area=1.000, l_dist=1.000
using quadratic fit line minimization
complete_dist_mat 0
rms 0
smooth_averages 0
remove_neg 0
ico_order 0
which_surface 0
target_radius 0.000000
nfields 0
scale 1.000000
desired_rms_height -1.000000
momentum 0.900000
nbhd_size 7
max_nbrs 8
niterations 25
nsurfaces 0
SURFACES 3
flags 0 (0)
use curv 0
no sulc 0
no rigid align 0
mris->nsize 2
mris->hemisphere 1
randomSeed 1234

singular matrix in quadratic form
--------------------
  mrisRemoveNegativeArea()
pass 1: epoch 1 of 3 starting distance error %20.60
pass 1: epoch 2 of 3 starting distance error %20.51
unfolding complete - removing small folds...
starting distance error %20.42
removing remaining folds...
final distance error %20.45
MRISunfold() return, current seed 1234
-01: dt=0.0000,  63 negative triangles  VmPeak 1624488
189: dt=0.9900,  63 negative triangles
190: dt=0.9900,  54 negative triangles
191: dt=0.9900,  46 negative triangles
192: dt=0.9900,  46 negative triangles
193: dt=0.9900,  42 negative triangles
194: dt=0.9900,  47 negative triangles
195: dt=0.9900,  45 negative triangles
196: dt=0.9900,  49 negative triangles
197: dt=0.9900,  46 negative triangles
198: dt=0.9900,  46 negative triangles
199: dt=0.9900,  47 negative triangles
200: dt=0.9900,  44 negative triangles
201: dt=0.9900,  43 negative triangles
202: dt=0.9900,  44 negative triangles
203: dt=0.9405,  45 negative triangles
204: dt=0.9405,  44 negative triangles
205: dt=0.9405,  42 negative triangles
206: dt=0.9405,  42 negative triangles
207: dt=0.9405,  42 negative triangles
208: dt=0.9405,  42 negative triangles
209: dt=0.9405,  42 negative triangles
210: dt=0.9405,  42 negative triangles
211: dt=0.9405,  42 negative triangles
212: dt=0.9405,  42 negative triangles
213: dt=0.8935,  42 negative triangles
214: dt=0.8935,  43 negative triangles
215: dt=0.8935,  43 negative triangles
216: dt=0.8935,  43 negative triangles
217: dt=0.8935,  43 negative triangles
218: dt=0.8935,  42 negative triangles
219: dt=0.8935,  42 negative triangles
220: dt=0.8935,  41 negative triangles
221: dt=0.8935,  41 negative triangles
222: dt=0.8935,  41 negative triangles
223: dt=0.8935,  41 negative triangles
224: dt=0.8935,  41 negative triangles
225: dt=0.8935,  41 negative triangles
226: dt=0.8935,  41 negative triangles
227: dt=0.8935,  41 negative triangles
228: dt=0.8935,  40 negative triangles
229: dt=0.8935,  40 negative triangles
230: dt=0.8935,  40 negative triangles
231: dt=0.8935,  40 negative triangles
232: dt=0.8935,  40 negative triangles
233: dt=0.8935,  39 negative triangles
234: dt=0.8935,  38 negative triangles
235: dt=0.8935,  38 negative triangles
236: dt=0.8935,  38 negative triangles
237: dt=0.8935,  38 negative triangles
238: dt=0.8935,  38 negative triangles
239: dt=0.8935,  38 negative triangles
240: dt=0.8935,  38 negative triangles
241: dt=0.8935,  38 negative triangles
242: dt=0.8935,  38 negative triangles
243: dt=0.8935,  38 negative triangles
244: dt=0.8935,  37 negative triangles
245: dt=0.8935,  37 negative triangles
246: dt=0.8935,  36 negative triangles
247: dt=0.8935,  35 negative triangles
248: dt=0.8935,  35 negative triangles
249: dt=0.8935,  35 negative triangles
250: dt=0.8935,  35 negative triangles
251: dt=0.8935,  34 negative triangles
252: dt=0.8935,  34 negative triangles
253: dt=0.8935,  34 negative triangles
254: dt=0.8935,  33 negative triangles
255: dt=0.8935,  33 negative triangles
256: dt=0.8935,  32 negative triangles
257: dt=0.8935,  33 negative triangles
258: dt=0.8935,  31 negative triangles
259: dt=0.8935,  31 negative triangles
260: dt=0.8935,  35 negative triangles
261: dt=0.8935,  32 negative triangles
262: dt=0.8935,  30 negative triangles
263: dt=0.8935,  33 negative triangles
264: dt=0.8935,  33 negative triangles
265: dt=0.8935,  34 negative triangles
266: dt=0.8935,  30 negative triangles
267: dt=0.8935,  31 negative triangles
268: dt=0.8935,  29 negative triangles
269: dt=0.8935,  31 negative triangles
270: dt=0.8935,  31 negative triangles
271: dt=0.8935,  29 negative triangles
272: dt=0.8935,  28 negative triangles
273: dt=0.8935,  29 negative triangles
274: dt=0.8935,  30 negative triangles
275: dt=0.8935,  29 negative triangles
276: dt=0.8935,  32 negative triangles
277: dt=0.8935,  31 negative triangles
278: dt=0.8935,  29 negative triangles
279: dt=0.8935,  29 negative triangles
280: dt=0.8935,  28 negative triangles
281: dt=0.8935,  30 negative triangles
282: dt=0.8488,  29 negative triangles
283: dt=0.8488,  31 negative triangles
284: dt=0.8488,  31 negative triangles
285: dt=0.8488,  31 negative triangles
286: dt=0.8488,  31 negative triangles
287: dt=0.8488,  30 negative triangles
288: dt=0.8488,  28 negative triangles
289: dt=0.8488,  32 negative triangles
290: dt=0.8488,  30 negative triangles
291: dt=0.8488,  30 negative triangles
292: dt=0.8064,  30 negative triangles
293: dt=0.8064,  30 negative triangles
294: dt=0.8064,  31 negative triangles
295: dt=0.8064,  31 negative triangles
296: dt=0.8064,  32 negative triangles
297: dt=0.8064,  31 negative triangles
298: dt=0.8064,  31 negative triangles
299: dt=0.8064,  31 negative triangles
300: dt=0.8064,  32 negative triangles
301: dt=0.8064,  30 negative triangles
302: dt=0.7660,  31 negative triangles
303: dt=0.7660,  31 negative triangles
304: dt=0.7660,  31 negative triangles
305: dt=0.7660,  32 negative triangles
306: dt=0.7660,  31 negative triangles
307: dt=0.7660,  31 negative triangles
308: dt=0.7660,  30 negative triangles
309: dt=0.7660,  31 negative triangles
310: dt=0.7660,  33 negative triangles
311: dt=0.7660,  32 negative triangles
312: dt=0.7277,  28 negative triangles
313: dt=0.7277,  28 negative triangles
314: dt=0.7277,  27 negative triangles
315: dt=0.7277,  30 negative triangles
316: dt=0.7277,  30 negative triangles
317: dt=0.7277,  30 negative triangles
318: dt=0.7277,  29 negative triangles
319: dt=0.7277,  32 negative triangles
320: dt=0.7277,  31 negative triangles
321: dt=0.7277,  31 negative triangles
322: dt=0.7277,  30 negative triangles
323: dt=0.7277,  28 negative triangles
324: dt=0.6914,  31 negative triangles
325: dt=0.6914,  30 negative triangles
326: dt=0.6914,  30 negative triangles
327: dt=0.6914,  30 negative triangles
328: dt=0.6914,  28 negative triangles
329: dt=0.6914,  30 negative triangles
330: dt=0.6914,  32 negative triangles
331: dt=0.6914,  32 negative triangles
332: dt=0.6914,  30 negative triangles
333: dt=0.6914,  29 negative triangles
334: dt=0.6568,  31 negative triangles
335: dt=0.6568,  31 negative triangles
336: dt=0.6568,  28 negative triangles
337: dt=0.6568,  30 negative triangles
338: dt=0.6568,  30 negative triangles
339: dt=0.6568,  28 negative triangles
340: dt=0.6568,  30 negative triangles
341: dt=0.6568,  29 negative triangles
342: dt=0.6568,  30 negative triangles
343: dt=0.6568,  31 negative triangles
344: dt=0.6239,  31 negative triangles
345: dt=0.6239,  33 negative triangles
346: dt=0.6239,  34 negative triangles
347: dt=0.6239,  32 negative triangles
348: dt=0.6239,  31 negative triangles
349: dt=0.6239,  31 negative triangles
350: dt=0.6239,  30 negative triangles
351: dt=0.6239,  30 negative triangles
352: dt=0.6239,  30 negative triangles
353: dt=0.6239,  31 negative triangles
354: dt=0.5927,  32 negative triangles
355: dt=0.5927,  30 negative triangles
356: dt=0.5927,  30 negative triangles
357: dt=0.5927,  32 negative triangles
358: dt=0.5927,  29 negative triangles
359: dt=0.5927,  33 negative triangles
360: dt=0.5927,  29 negative triangles
361: dt=0.5927,  31 negative triangles
362: dt=0.5927,  29 negative triangles
363: dt=0.5927,  28 negative triangles
364: dt=0.5631,  30 negative triangles
expanding nbhd size to 1
365: dt=0.9900,  30 negative triangles
366: dt=0.9900,  32 negative triangles
367: dt=0.9900,  28 negative triangles
368: dt=0.9900,  30 negative triangles
369: dt=0.9900,  28 negative triangles
370: dt=0.9900,  33 negative triangles
371: dt=0.9900,  27 negative triangles
372: dt=0.9900,  29 negative triangles
373: dt=0.9900,  29 negative triangles
374: dt=0.9405,  29 negative triangles
375: dt=0.9405,  29 negative triangles
376: dt=0.9405,  30 negative triangles
377: dt=0.9405,  30 negative triangles
378: dt=0.9405,  30 negative triangles
379: dt=0.9405,  30 negative triangles
380: dt=0.9405,  31 negative triangles
381: dt=0.9405,  30 negative triangles
382: dt=0.9405,  29 negative triangles
383: dt=0.9405,  29 negative triangles
384: dt=0.8935,  28 negative triangles
385: dt=0.8935,  29 negative triangles
386: dt=0.8935,  29 negative triangles
387: dt=0.8935,  29 negative triangles
388: dt=0.8935,  29 negative triangles
389: dt=0.8935,  29 negative triangles
390: dt=0.8935,  28 negative triangles
391: dt=0.8935,  28 negative triangles
392: dt=0.8935,  27 negative triangles
393: dt=0.8935,  28 negative triangles
394: dt=0.8488,  28 negative triangles
395: dt=0.8488,  28 negative triangles
396: dt=0.8488,  28 negative triangles
397: dt=0.8488,  28 negative triangles
398: dt=0.8488,  28 negative triangles
399: dt=0.8488,  28 negative triangles
400: dt=0.8488,  28 negative triangles
401: dt=0.8488,  28 negative triangles
402: dt=0.8488,  27 negative triangles
403: dt=0.8488,  28 negative triangles
404: dt=0.8064,  28 negative triangles
405: dt=0.8064,  28 negative triangles
406: dt=0.8064,  27 negative triangles
407: dt=0.8064,  27 negative triangles
408: dt=0.8064,  27 negative triangles
409: dt=0.8064,  27 negative triangles
410: dt=0.8064,  27 negative triangles
411: dt=0.8064,  27 negative triangles
412: dt=0.8064,  27 negative triangles
413: dt=0.8064,  28 negative triangles
414: dt=0.7660,  28 negative triangles
415: dt=0.7660,  28 negative triangles
416: dt=0.7660,  27 negative triangles
417: dt=0.7660,  27 negative triangles
418: dt=0.7660,  27 negative triangles
419: dt=0.7660,  27 negative triangles
420: dt=0.7660,  27 negative triangles
421: dt=0.7660,  27 negative triangles
422: dt=0.7660,  28 negative triangles
423: dt=0.7660,  27 negative triangles
424: dt=0.7277,  28 negative triangles
425: dt=0.7277,  28 negative triangles
426: dt=0.7277,  28 negative triangles
427: dt=0.7277,  27 negative triangles
428: dt=0.7277,  27 negative triangles
429: dt=0.7277,  27 negative triangles
430: dt=0.7277,  28 negative triangles
431: dt=0.7277,  28 negative triangles
432: dt=0.7277,  28 negative triangles
433: dt=0.7277,  27 negative triangles
434: dt=0.6914,  27 negative triangles
435: dt=0.6914,  27 negative triangles
436: dt=0.6914,  27 negative triangles
437: dt=0.6914,  27 negative triangles
438: dt=0.6914,  28 negative triangles
439: dt=0.6914,  28 negative triangles
440: dt=0.6914,  27 negative triangles
441: dt=0.6914,  28 negative triangles
442: dt=0.6914,  27 negative triangles
443: dt=0.6914,  27 negative triangles
444: dt=0.6914,  25 negative triangles
445: dt=0.6914,  25 negative triangles
446: dt=0.6914,  26 negative triangles
447: dt=0.6914,  27 negative triangles
448: dt=0.6914,  27 negative triangles
449: dt=0.6914,  28 negative triangles
450: dt=0.6914,  29 negative triangles
451: dt=0.6914,  28 negative triangles
452: dt=0.6914,  28 negative triangles
453: dt=0.6914,  28 negative triangles
454: dt=0.6568,  29 negative triangles
455: dt=0.6568,  29 negative triangles
456: dt=0.6568,  28 negative triangles
457: dt=0.6568,  27 negative triangles
458: dt=0.6568,  28 negative triangles
459: dt=0.6568,  28 negative triangles
460: dt=0.6568,  29 negative triangles
461: dt=0.6568,  28 negative triangles
462: dt=0.6568,  27 negative triangles
463: dt=0.6568,  27 negative triangles
464: dt=0.6239,  29 negative triangles
465: dt=0.6239,  27 negative triangles
466: dt=0.6239,  28 negative triangles
467: dt=0.6239,  28 negative triangles
468: dt=0.6239,  26 negative triangles
469: dt=0.6239,  29 negative triangles
470: dt=0.6239,  28 negative triangles
471: dt=0.6239,  27 negative triangles
472: dt=0.6239,  25 negative triangles
473: dt=0.6239,  28 negative triangles
474: dt=0.5927,  25 negative triangles
475: dt=0.5927,  28 negative triangles
476: dt=0.5927,  29 negative triangles
477: dt=0.5927,  28 negative triangles
478: dt=0.5927,  29 negative triangles
479: dt=0.5927,  27 negative triangles
480: dt=0.5927,  27 negative triangles
481: dt=0.5927,  29 negative triangles
482: dt=0.5927,  28 negative triangles
483: dt=0.5927,  28 negative triangles
484: dt=0.5631,  27 negative triangles
485: dt=0.5631,  25 negative triangles
486: dt=0.5631,  25 negative triangles
487: dt=0.5631,  25 negative triangles
488: dt=0.5631,  26 negative triangles
489: dt=0.5631,  27 negative triangles
490: dt=0.5631,  27 negative triangles
491: dt=0.5631,  28 negative triangles
492: dt=0.5631,  26 negative triangles
493: dt=0.5631,  26 negative triangles
494: dt=0.5350,  29 negative triangles
495: dt=0.5350,  27 negative triangles
496: dt=0.5350,  26 negative triangles
497: dt=0.5350,  24 negative triangles
498: dt=0.5350,  29 negative triangles
499: dt=0.5350,  29 negative triangles
500: dt=0.5350,  29 negative triangles
501: dt=0.5350,  27 negative triangles
502: dt=0.5350,  27 negative triangles
503: dt=0.5350,  25 negative triangles
504: dt=0.5350,  28 negative triangles
505: dt=0.5350,  28 negative triangles
506: dt=0.5350,  26 negative triangles
507: dt=0.5082,  27 negative triangles
508: dt=0.5082,  26 negative triangles
509: dt=0.5082,  27 negative triangles
510: dt=0.5082,  27 negative triangles
511: dt=0.5082,  27 negative triangles
512: dt=0.5082,  25 negative triangles
513: dt=0.5082,  27 negative triangles
514: dt=0.5082,  28 negative triangles
515: dt=0.5082,  28 negative triangles
516: dt=0.5082,  27 negative triangles
517: dt=0.4828,  28 negative triangles
518: dt=0.4828,  28 negative triangles
519: dt=0.4828,  26 negative triangles
520: dt=0.4828,  28 negative triangles
521: dt=0.4828,  26 negative triangles
522: dt=0.4828,  29 negative triangles
523: dt=0.4828,  25 negative triangles
524: dt=0.4828,  27 negative triangles
525: dt=0.4828,  27 negative triangles
526: dt=0.4828,  29 negative triangles
527: dt=0.4587,  28 negative triangles
528: dt=0.4587,  29 negative triangles
529: dt=0.4587,  27 negative triangles
530: dt=0.4587,  29 negative triangles
531: dt=0.4587,  29 negative triangles
532: dt=0.4587,  26 negative triangles
533: dt=0.4587,  24 negative triangles
534: dt=0.4587,  30 negative triangles
535: dt=0.4587,  29 negative triangles
536: dt=0.4587,  24 negative triangles
537: dt=0.4357,  27 negative triangles
538: dt=0.4357,  26 negative triangles
539: dt=0.4357,  27 negative triangles
540: dt=0.4357,  26 negative triangles
541: dt=0.4357,  27 negative triangles
542: dt=0.4357,  27 negative triangles
543: dt=0.4357,  27 negative triangles
544: dt=0.4357,  28 negative triangles
545: dt=0.4357,  28 negative triangles
546: dt=0.4357,  31 negative triangles
547: dt=0.4139,  29 negative triangles
548: dt=0.4139,  27 negative triangles
549: dt=0.4139,  28 negative triangles
550: dt=0.4139,  27 negative triangles
551: dt=0.4139,  27 negative triangles
552: dt=0.4139,  30 negative triangles
553: dt=0.4139,  26 negative triangles
554: dt=0.4139,  30 negative triangles
555: dt=0.4139,  29 negative triangles
556: dt=0.4139,  26 negative triangles
557: dt=0.3932,  25 negative triangles
558: dt=0.3932,  27 negative triangles
559: dt=0.3932,  27 negative triangles
560: dt=0.3932,  27 negative triangles
561: dt=0.3932,  29 negative triangles
562: dt=0.3932,  31 negative triangles
563: dt=0.3932,  28 negative triangles
564: dt=0.3932,  26 negative triangles
565: dt=0.3932,  26 negative triangles
566: dt=0.3932,  27 negative triangles
567: dt=0.3736,  26 negative triangles
568: dt=0.3736,  26 negative triangles
569: dt=0.3736,  24 negative triangles
570: dt=0.3736,  27 negative triangles
571: dt=0.3736,  29 negative triangles
572: dt=0.3736,  28 negative triangles
573: dt=0.3736,  30 negative triangles
574: dt=0.3736,  25 negative triangles
575: dt=0.3736,  27 negative triangles
576: dt=0.3736,  27 negative triangles
577: dt=0.3549,  29 negative triangles
578: dt=0.3549,  29 negative triangles
579: dt=0.3549,  29 negative triangles
580: dt=0.3549,  29 negative triangles
581: dt=0.3549,  28 negative triangles
582: dt=0.3549,  26 negative triangles
583: dt=0.3549,  30 negative triangles
584: dt=0.3549,  27 negative triangles
585: dt=0.3549,  27 negative triangles
586: dt=0.3549,  28 negative triangles
587: dt=0.3372,  29 negative triangles
588: dt=0.3372,  30 negative triangles
589: dt=0.3372,  31 negative triangles
590: dt=0.3372,  28 negative triangles
591: dt=0.3372,  24 negative triangles
592: dt=0.3372,  31 negative triangles
593: dt=0.3372,  32 negative triangles
594: dt=0.3372,  29 negative triangles
595: dt=0.3372,  25 negative triangles
596: dt=0.3372,  26 negative triangles
597: dt=0.3203,  30 negative triangles
598: dt=0.3203,  29 negative triangles
599: dt=0.3203,  28 negative triangles
600: dt=0.3203,  31 negative triangles
601: dt=0.3203,  25 negative triangles
602: dt=0.3203,  29 negative triangles
603: dt=0.3203,  29 negative triangles
604: dt=0.3203,  27 negative triangles
605: dt=0.3203,  29 negative triangles
606: dt=0.3203,  26 negative triangles
607: dt=0.3043,  29 negative triangles
608: dt=0.3043,  29 negative triangles
609: dt=0.3043,  28 negative triangles
610: dt=0.3043,  28 negative triangles
611: dt=0.3043,  29 negative triangles
612: dt=0.3043,  27 negative triangles
613: dt=0.3043,  26 negative triangles
614: dt=0.3043,  30 negative triangles
615: dt=0.3043,  24 negative triangles
616: dt=0.3043,  24 negative triangles
617: dt=0.2891,  28 negative triangles
618: dt=0.2891,  27 negative triangles
619: dt=0.2891,  28 negative triangles
620: dt=0.2891,  27 negative triangles
621: dt=0.2891,  26 negative triangles
622: dt=0.2891,  28 negative triangles
623: dt=0.2891,  28 negative triangles
624: dt=0.2891,  26 negative triangles
625: dt=0.2891,  24 negative triangles
626: dt=0.2891,  27 negative triangles
627: dt=0.2746,  24 negative triangles
628: dt=0.2746,  27 negative triangles
629: dt=0.2746,  27 negative triangles
630: dt=0.2746,  26 negative triangles
631: dt=0.2746,  27 negative triangles
632: dt=0.2746,  26 negative triangles
633: dt=0.2746,  24 negative triangles
634: dt=0.2746,  26 negative triangles
635: dt=0.2746,  26 negative triangles
636: dt=0.2746,  25 negative triangles
637: dt=0.2609,  26 negative triangles
638: dt=0.2609,  26 negative triangles
639: dt=0.2609,  25 negative triangles
640: dt=0.2609,  25 negative triangles
641: dt=0.2609,  28 negative triangles
642: dt=0.2609,  29 negative triangles
643: dt=0.2609,  24 negative triangles
644: dt=0.2609,  31 negative triangles
645: dt=0.2609,  29 negative triangles
646: dt=0.2609,  29 negative triangles
647: dt=0.2478,  29 negative triangles
648: dt=0.2478,  26 negative triangles
649: dt=0.2478,  28 negative triangles
650: dt=0.2478,  27 negative triangles
651: dt=0.2478,  28 negative triangles
652: dt=0.2478,  28 negative triangles
653: dt=0.2478,  24 negative triangles
654: dt=0.2478,  25 negative triangles
655: dt=0.2478,  25 negative triangles
656: dt=0.2478,  24 negative triangles
657: dt=0.2354,  25 negative triangles
658: dt=0.2354,  24 negative triangles
659: dt=0.2354,  26 negative triangles
660: dt=0.2354,  28 negative triangles
661: dt=0.2354,  28 negative triangles
662: dt=0.2354,  28 negative triangles
663: dt=0.2354,  30 negative triangles
664: dt=0.2354,  27 negative triangles
665: dt=0.2354,  30 negative triangles
666: dt=0.2354,  28 negative triangles
667: dt=0.2237,  27 negative triangles
668: dt=0.2237,  27 negative triangles
669: dt=0.2237,  27 negative triangles
670: dt=0.2237,  30 negative triangles
671: dt=0.2237,  30 negative triangles
672: dt=0.2237,  31 negative triangles
673: dt=0.2237,  30 negative triangles
674: dt=0.2237,  27 negative triangles
675: dt=0.2237,  27 negative triangles
676: dt=0.2237,  28 negative triangles
677: dt=0.2125,  28 negative triangles
678: dt=0.2125,  30 negative triangles
679: dt=0.2125,  30 negative triangles
680: dt=0.2125,  30 negative triangles
681: dt=0.2125,  30 negative triangles
682: dt=0.2125,  31 negative triangles
683: dt=0.2125,  26 negative triangles
684: dt=0.2125,  25 negative triangles
685: dt=0.2125,  25 negative triangles
686: dt=0.2125,  27 negative triangles
687: dt=0.2019,  27 negative triangles
688: dt=0.2019,  27 negative triangles
689: dt=0.2019,  31 negative triangles
690: dt=0.2019,  27 negative triangles
691: dt=0.2019,  28 negative triangles
692: dt=0.2019,  27 negative triangles
693: dt=0.2019,  23 negative triangles
694: dt=0.2019,  22 negative triangles
695: dt=0.2019,  23 negative triangles
696: dt=0.2019,  25 negative triangles
697: dt=0.2019,  24 negative triangles
698: dt=0.2019,  26 negative triangles
699: dt=0.2019,  27 negative triangles
700: dt=0.2019,  27 negative triangles
701: dt=0.2019,  27 negative triangles
702: dt=0.2019,  28 negative triangles
703: dt=0.2019,  29 negative triangles
704: dt=0.1918,  31 negative triangles
705: dt=0.1918,  32 negative triangles
706: dt=0.1918,  31 negative triangles
707: dt=0.1918,  31 negative triangles
708: dt=0.1918,  27 negative triangles
709: dt=0.1918,  28 negative triangles
710: dt=0.1918,  30 negative triangles
711: dt=0.1918,  32 negative triangles
712: dt=0.1918,  32 negative triangles
713: dt=0.1918,  29 negative triangles
714: dt=0.1822,  29 negative triangles
715: dt=0.1822,  31 negative triangles
716: dt=0.1822,  29 negative triangles
717: dt=0.1822,  30 negative triangles
718: dt=0.1822,  28 negative triangles
719: dt=0.1822,  29 negative triangles
720: dt=0.1822,  30 negative triangles
721: dt=0.1822,  29 negative triangles
722: dt=0.1822,  30 negative triangles
723: dt=0.1822,  27 negative triangles
724: dt=0.1731,  31 negative triangles
725: dt=0.1731,  28 negative triangles
726: dt=0.1731,  27 negative triangles
727: dt=0.1731,  28 negative triangles
728: dt=0.1731,  29 negative triangles
729: dt=0.1731,  28 negative triangles
730: dt=0.1731,  31 negative triangles
731: dt=0.1731,  32 negative triangles
732: dt=0.1731,  28 negative triangles
733: dt=0.1731,  27 negative triangles
734: dt=0.1644,  29 negative triangles
735: dt=0.1644,  24 negative triangles
736: dt=0.1644,  26 negative triangles
737: dt=0.1644,  27 negative triangles
738: dt=0.1644,  25 negative triangles
739: dt=0.1644,  27 negative triangles
740: dt=0.1644,  26 negative triangles
741: dt=0.1644,  28 negative triangles
742: dt=0.1644,  25 negative triangles
743: dt=0.1644,  26 negative triangles
744: dt=0.1562,  27 negative triangles
745: dt=0.1562,  24 negative triangles
746: dt=0.1562,  25 negative triangles
747: dt=0.1562,  26 negative triangles
748: dt=0.1562,  26 negative triangles
749: dt=0.1562,  29 negative triangles
750: dt=0.1562,  27 negative triangles
751: dt=0.1562,  29 negative triangles
752: dt=0.1562,  25 negative triangles
753: dt=0.1562,  27 negative triangles
754: dt=0.1484,  26 negative triangles
755: dt=0.1484,  27 negative triangles
756: dt=0.1484,  29 negative triangles
757: dt=0.1484,  31 negative triangles
758: dt=0.1484,  26 negative triangles
759: dt=0.1484,  27 negative triangles
760: dt=0.1484,  27 negative triangles
761: dt=0.1484,  26 negative triangles
762: dt=0.1484,  22 negative triangles
763: dt=0.1484,  26 negative triangles
764: dt=0.1410,  27 negative triangles
765: dt=0.1410,  27 negative triangles
766: dt=0.1410,  23 negative triangles
767: dt=0.1410,  26 negative triangles
768: dt=0.1410,  23 negative triangles
769: dt=0.1410,  25 negative triangles
770: dt=0.1410,  26 negative triangles
771: dt=0.1410,  27 negative triangles
772: dt=0.1410,  28 negative triangles
773: dt=0.1410,  27 negative triangles
774: dt=0.1339,  29 negative triangles
775: dt=0.1339,  26 negative triangles
776: dt=0.1339,  28 negative triangles
777: dt=0.1339,  29 negative triangles
778: dt=0.1339,  29 negative triangles
779: dt=0.1339,  28 negative triangles
780: dt=0.1339,  24 negative triangles
781: dt=0.1339,  25 negative triangles
782: dt=0.1339,  28 negative triangles
783: dt=0.1339,  28 negative triangles
784: dt=0.1272,  29 negative triangles
785: dt=0.1272,  26 negative triangles
786: dt=0.1272,  25 negative triangles
787: dt=0.1272,  25 negative triangles
788: dt=0.1272,  25 negative triangles
789: dt=0.1272,  26 negative triangles
790: dt=0.1272,  25 negative triangles
791: dt=0.1272,  25 negative triangles
792: dt=0.1272,  24 negative triangles
793: dt=0.1272,  26 negative triangles
794: dt=0.1209,  25 negative triangles
795: dt=0.1209,  28 negative triangles
796: dt=0.1209,  25 negative triangles
797: dt=0.1209,  25 negative triangles
798: dt=0.1209,  25 negative triangles
799: dt=0.1209,  25 negative triangles
800: dt=0.1209,  25 negative triangles
801: dt=0.1209,  25 negative triangles
802: dt=0.1209,  26 negative triangles
803: dt=0.1209,  25 negative triangles
804: dt=0.1148,  26 negative triangles
805: dt=0.1148,  28 negative triangles
806: dt=0.1148,  30 negative triangles
807: dt=0.1148,  29 negative triangles
808: dt=0.1148,  28 negative triangles
809: dt=0.1148,  29 negative triangles
810: dt=0.1148,  29 negative triangles
811: dt=0.1148,  26 negative triangles
812: dt=0.1148,  29 negative triangles
813: dt=0.1148,  27 negative triangles
814: dt=0.1091,  29 negative triangles
815: dt=0.1091,  30 negative triangles
816: dt=0.1091,  28 negative triangles
817: dt=0.1091,  29 negative triangles
818: dt=0.1091,  29 negative triangles
819: dt=0.1091,  29 negative triangles
820: dt=0.1091,  28 negative triangles
821: dt=0.1091,  30 negative triangles
822: dt=0.1091,  27 negative triangles
823: dt=0.1091,  27 negative triangles
824: dt=0.1036,  28 negative triangles
825: dt=0.1036,  30 negative triangles
826: dt=0.1036,  30 negative triangles
827: dt=0.1036,  30 negative triangles
828: dt=0.1036,  31 negative triangles
829: dt=0.1036,  31 negative triangles
830: dt=0.1036,  31 negative triangles
831: dt=0.1036,  31 negative triangles
832: dt=0.1036,  31 negative triangles
833: dt=0.1036,  31 negative triangles
834: dt=0.0984,  31 negative triangles
835: dt=0.0984,  31 negative triangles
836: dt=0.0984,  29 negative triangles
837: dt=0.0984,  28 negative triangles
838: dt=0.0984,  26 negative triangles
839: dt=0.0984,  26 negative triangles
840: dt=0.0984,  27 negative triangles
841: dt=0.0984,  27 negative triangles
842: dt=0.0984,  27 negative triangles
843: dt=0.0984,  28 negative triangles
844: dt=0.0935,  29 negative triangles
845: dt=0.0935,  27 negative triangles
846: dt=0.0935,  26 negative triangles
847: dt=0.0935,  25 negative triangles
848: dt=0.0935,  24 negative triangles
849: dt=0.0935,  21 negative triangles
850: dt=0.0935,  24 negative triangles
851: dt=0.0935,  22 negative triangles
852: dt=0.0935,  24 negative triangles
853: dt=0.0935,  23 negative triangles
854: dt=0.0935,  24 negative triangles
855: dt=0.0935,  21 negative triangles
856: dt=0.0935,  22 negative triangles
857: dt=0.0935,  23 negative triangles
858: dt=0.0935,  22 negative triangles
859: dt=0.0888,  23 negative triangles
860: dt=0.0888,  22 negative triangles
861: dt=0.0888,  26 negative triangles
862: dt=0.0888,  24 negative triangles
863: dt=0.0888,  23 negative triangles
864: dt=0.0888,  23 negative triangles
865: dt=0.0888,  24 negative triangles
866: dt=0.0888,  29 negative triangles
867: dt=0.0888,  26 negative triangles
868: dt=0.0888,  28 negative triangles
869: dt=0.0844,  31 negative triangles
870: dt=0.0844,  28 negative triangles
871: dt=0.0844,  28 negative triangles
872: dt=0.0844,  27 negative triangles
873: dt=0.0844,  27 negative triangles
874: dt=0.0844,  27 negative triangles
875: dt=0.0844,  27 negative triangles
876: dt=0.0844,  27 negative triangles
877: dt=0.0844,  25 negative triangles
878: dt=0.0844,  25 negative triangles
879: dt=0.0802,  25 negative triangles
880: dt=0.0802,  25 negative triangles
881: dt=0.0802,  24 negative triangles
882: dt=0.0802,  24 negative triangles
883: dt=0.0802,  26 negative triangles
884: dt=0.0802,  25 negative triangles
885: dt=0.0802,  24 negative triangles
886: dt=0.0802,  24 negative triangles
887: dt=0.0802,  23 negative triangles
888: dt=0.0802,  21 negative triangles
889: dt=0.0762,  21 negative triangles
890: dt=0.0762,  21 negative triangles
891: dt=0.0762,  22 negative triangles
892: dt=0.0762,  23 negative triangles
893: dt=0.0762,  22 negative triangles
894: dt=0.0762,  22 negative triangles
895: dt=0.0762,  22 negative triangles
896: dt=0.0762,  23 negative triangles
897: dt=0.0762,  24 negative triangles
898: dt=0.0762,  23 negative triangles
899: dt=0.0724,  24 negative triangles
900: dt=0.0724,  20 negative triangles
901: dt=0.0724,  21 negative triangles
902: dt=0.0724,  23 negative triangles
903: dt=0.0724,  23 negative triangles
904: dt=0.0724,  25 negative triangles
905: dt=0.0724,  27 negative triangles
906: dt=0.0724,  27 negative triangles
907: dt=0.0724,  27 negative triangles
908: dt=0.0724,  25 negative triangles
909: dt=0.0724,  26 negative triangles
910: dt=0.0687,  23 negative triangles
911: dt=0.0687,  24 negative triangles
912: dt=0.0687,  28 negative triangles
913: dt=0.0687,  25 negative triangles
914: dt=0.0687,  25 negative triangles
915: dt=0.0687,  29 negative triangles
916: dt=0.0687,  29 negative triangles
917: dt=0.0687,  29 negative triangles
918: dt=0.0687,  27 negative triangles
919: dt=0.0687,  29 negative triangles
920: dt=0.0653,  27 negative triangles
921: dt=0.0653,  28 negative triangles
922: dt=0.0653,  27 negative triangles
923: dt=0.0653,  26 negative triangles
924: dt=0.0653,  27 negative triangles
925: dt=0.0653,  26 negative triangles
926: dt=0.0653,  24 negative triangles
927: dt=0.0653,  27 negative triangles
928: dt=0.0653,  28 negative triangles
929: dt=0.0653,  29 negative triangles
930: dt=0.0620,  30 negative triangles
931: dt=0.0620,  28 negative triangles
932: dt=0.0620,  27 negative triangles
933: dt=0.0620,  27 negative triangles
934: dt=0.0620,  24 negative triangles
935: dt=0.0620,  22 negative triangles
936: dt=0.0620,  23 negative triangles
937: dt=0.0620,  22 negative triangles
938: dt=0.0620,  26 negative triangles
939: dt=0.0620,  26 negative triangles
940: dt=0.0589,  26 negative triangles
941: dt=0.0589,  24 negative triangles
942: dt=0.0589,  25 negative triangles
943: dt=0.0589,  23 negative triangles
944: dt=0.0589,  23 negative triangles
945: dt=0.0589,  27 negative triangles
946: dt=0.0589,  22 negative triangles
947: dt=0.0589,  26 negative triangles
948: dt=0.0589,  24 negative triangles
949: dt=0.0589,  27 negative triangles
950: dt=0.0560,  28 negative triangles
951: dt=0.0560,  30 negative triangles
952: dt=0.0560,  28 negative triangles
953: dt=0.0560,  28 negative triangles
954: dt=0.0560,  28 negative triangles
955: dt=0.0560,  29 negative triangles
956: dt=0.0560,  28 negative triangles
957: dt=0.0560,  28 negative triangles
958: dt=0.0560,  29 negative triangles
959: dt=0.0560,  28 negative triangles
960: dt=0.0532,  24 negative triangles
961: dt=0.0532,  25 negative triangles
962: dt=0.0532,  23 negative triangles
963: dt=0.0532,  23 negative triangles
964: dt=0.0532,  23 negative triangles
965: dt=0.0532,  23 negative triangles
966: dt=0.0532,  24 negative triangles
967: dt=0.0532,  25 negative triangles
968: dt=0.0532,  26 negative triangles
969: dt=0.0532,  26 negative triangles
970: dt=0.0505,  27 negative triangles
971: dt=0.0505,  28 negative triangles
972: dt=0.0505,  28 negative triangles
973: dt=0.0505,  28 negative triangles
974: dt=0.0505,  26 negative triangles
975: dt=0.0505,  25 negative triangles
976: dt=0.0505,  24 negative triangles
977: dt=0.0505,  25 negative triangles
978: dt=0.0505,  24 negative triangles
979: dt=0.0505,  26 negative triangles
980: dt=0.0480,  28 negative triangles
981: dt=0.0480,  29 negative triangles
982: dt=0.0480,  29 negative triangles
983: dt=0.0480,  29 negative triangles
984: dt=0.0480,  27 negative triangles
985: dt=0.0480,  28 negative triangles
986: dt=0.0480,  27 negative triangles
987: dt=0.0480,  26 negative triangles
988: dt=0.0480,  26 negative triangles
989: dt=0.0480,  25 negative triangles
990: dt=0.0456,  24 negative triangles
991: dt=0.0456,  23 negative triangles
992: dt=0.0456,  26 negative triangles
993: dt=0.0456,  26 negative triangles
994: dt=0.0456,  25 negative triangles
995: dt=0.0456,  25 negative triangles
996: dt=0.0456,  24 negative triangles
997: dt=0.0456,  25 negative triangles
998: dt=0.0456,  25 negative triangles
999: dt=0.0456,  25 negative triangles
1000: dt=0.0433,  26 negative triangles
1001: dt=0.0433,  26 negative triangles
1002: dt=0.0433,  24 negative triangles
1003: dt=0.0433,  24 negative triangles
1004: dt=0.0433,  26 negative triangles
1005: dt=0.0433,  24 negative triangles
1006: dt=0.0433,  24 negative triangles
1007: dt=0.0433,  24 negative triangles
1008: dt=0.0433,  22 negative triangles
1009: dt=0.0433,  22 negative triangles
1010: dt=0.0412,  22 negative triangles
1011: dt=0.0412,  22 negative triangles
1012: dt=0.0412,  22 negative triangles
1013: dt=0.0412,  22 negative triangles
1014: dt=0.0412,  22 negative triangles
1015: dt=0.0412,  21 negative triangles
1016: dt=0.0412,  21 negative triangles
1017: dt=0.0412,  23 negative triangles
1018: dt=0.0412,  23 negative triangles
1019: dt=0.0412,  25 negative triangles
1020: dt=0.0391,  25 negative triangles
1021: dt=0.0391,  26 negative triangles
1022: dt=0.0391,  25 negative triangles
1023: dt=0.0391,  27 negative triangles
1024: dt=0.0391,  27 negative triangles
1025: dt=0.0391,  26 negative triangles
1026: dt=0.0391,  26 negative triangles
1027: dt=0.0391,  26 negative triangles
1028: dt=0.0391,  28 negative triangles
1029: dt=0.0391,  28 negative triangles
1030: dt=0.0371,  27 negative triangles
1031: dt=0.0371,  27 negative triangles
1032: dt=0.0371,  27 negative triangles
1033: dt=0.0371,  27 negative triangles
1034: dt=0.0371,  28 negative triangles
1035: dt=0.0371,  28 negative triangles
1036: dt=0.0371,  27 negative triangles
1037: dt=0.0371,  26 negative triangles
1038: dt=0.0371,  25 negative triangles
1039: dt=0.0371,  26 negative triangles
1040: dt=0.0353,  27 negative triangles
1041: dt=0.0353,  27 negative triangles
1042: dt=0.0353,  25 negative triangles
1043: dt=0.0353,  25 negative triangles
1044: dt=0.0353,  25 negative triangles
1045: dt=0.0353,  26 negative triangles
1046: dt=0.0353,  26 negative triangles
1047: dt=0.0353,  27 negative triangles
1048: dt=0.0353,  25 negative triangles
1049: dt=0.0353,  26 negative triangles
1050: dt=0.0335,  24 negative triangles
1051: dt=0.0335,  22 negative triangles
1052: dt=0.0335,  25 negative triangles
1053: dt=0.0335,  25 negative triangles
1054: dt=0.0335,  28 negative triangles
1055: dt=0.0335,  26 negative triangles
1056: dt=0.0335,  26 negative triangles
1057: dt=0.0335,  25 negative triangles
1058: dt=0.0335,  25 negative triangles
1059: dt=0.0335,  25 negative triangles
1060: dt=0.0319,  22 negative triangles
1061: dt=0.0319,  23 negative triangles
1062: dt=0.0319,  21 negative triangles
1063: dt=0.0319,  22 negative triangles
1064: dt=0.0319,  24 negative triangles
1065: dt=0.0319,  23 negative triangles
1066: dt=0.0319,  24 negative triangles
1067: dt=0.0319,  25 negative triangles
1068: dt=0.0319,  26 negative triangles
1069: dt=0.0319,  25 negative triangles
1070: dt=0.0303,  24 negative triangles
1071: dt=0.0303,  22 negative triangles
1072: dt=0.0303,  23 negative triangles
1073: dt=0.0303,  24 negative triangles
1074: dt=0.0303,  24 negative triangles
1075: dt=0.0303,  24 negative triangles
1076: dt=0.0303,  22 negative triangles
1077: dt=0.0303,  23 negative triangles
1078: dt=0.0303,  24 negative triangles
1079: dt=0.0303,  21 negative triangles
1080: dt=0.0287,  23 negative triangles
1081: dt=0.0287,  22 negative triangles
1082: dt=0.0287,  24 negative triangles
1083: dt=0.0287,  26 negative triangles
1084: dt=0.0287,  21 negative triangles
1085: dt=0.0287,  22 negative triangles
1086: dt=0.0287,  23 negative triangles
1087: dt=0.0287,  22 negative triangles
1088: dt=0.0287,  24 negative triangles
1089: dt=0.0287,  24 negative triangles
1090: dt=0.0273,  25 negative triangles
1091: dt=0.0273,  26 negative triangles
1092: dt=0.0273,  25 negative triangles
1093: dt=0.0273,  25 negative triangles
1094: dt=0.0273,  27 negative triangles
1095: dt=0.0273,  26 negative triangles
1096: dt=0.0273,  26 negative triangles
1097: dt=0.0273,  28 negative triangles
1098: dt=0.0273,  28 negative triangles
1099: dt=0.0273,  27 negative triangles
1100: dt=0.0259,  26 negative triangles
1101: dt=0.0259,  27 negative triangles
1102: dt=0.0259,  27 negative triangles
1103: dt=0.0259,  27 negative triangles
1104: dt=0.0259,  27 negative triangles
1105: dt=0.0259,  27 negative triangles
1106: dt=0.0259,  28 negative triangles
1107: dt=0.0259,  26 negative triangles
1108: dt=0.0259,  25 negative triangles
1109: dt=0.0259,  26 negative triangles
1110: dt=0.0246,  26 negative triangles
1111: dt=0.0246,  24 negative triangles
1112: dt=0.0246,  25 negative triangles
1113: dt=0.0246,  25 negative triangles
1114: dt=0.0246,  24 negative triangles
1115: dt=0.0246,  24 negative triangles
1116: dt=0.0246,  24 negative triangles
1117: dt=0.0246,  24 negative triangles
1118: dt=0.0246,  25 negative triangles
1119: dt=0.0246,  25 negative triangles
1120: dt=0.0234,  24 negative triangles
1121: dt=0.0234,  25 negative triangles
1122: dt=0.0234,  25 negative triangles
1123: dt=0.0234,  25 negative triangles
1124: dt=0.0234,  27 negative triangles
1125: dt=0.0234,  27 negative triangles
1126: dt=0.0234,  27 negative triangles
1127: dt=0.0234,  29 negative triangles
1128: dt=0.0234,  28 negative triangles
1129: dt=0.0234,  28 negative triangles
1130: dt=0.0222,  30 negative triangles
1131: dt=0.0222,  29 negative triangles
1132: dt=0.0222,  26 negative triangles
1133: dt=0.0222,  28 negative triangles
1134: dt=0.0222,  28 negative triangles
1135: dt=0.0222,  27 negative triangles
1136: dt=0.0222,  29 negative triangles
1137: dt=0.0222,  28 negative triangles
1138: dt=0.0222,  29 negative triangles
1139: dt=0.0222,  29 negative triangles
1140: dt=0.0211,  28 negative triangles
1141: dt=0.0211,  28 negative triangles
1142: dt=0.0211,  28 negative triangles
1143: dt=0.0211,  27 negative triangles
1144: dt=0.0211,  28 negative triangles
1145: dt=0.0211,  28 negative triangles
1146: dt=0.0211,  27 negative triangles
1147: dt=0.0211,  27 negative triangles
1148: dt=0.0211,  27 negative triangles
1149: dt=0.0211,  26 negative triangles
1150: dt=0.0201,  26 negative triangles
1151: dt=0.0201,  28 negative triangles
1152: dt=0.0201,  26 negative triangles
1153: dt=0.0201,  27 negative triangles
1154: dt=0.0201,  28 negative triangles
1155: dt=0.0201,  27 negative triangles
1156: dt=0.0201,  25 negative triangles
1157: dt=0.0201,  24 negative triangles
1158: dt=0.0201,  26 negative triangles
1159: dt=0.0201,  25 negative triangles
1160: dt=0.0191,  26 negative triangles
1161: dt=0.0191,  28 negative triangles
1162: dt=0.0191,  27 negative triangles
1163: dt=0.0191,  27 negative triangles
1164: dt=0.0191,  26 negative triangles
1165: dt=0.0191,  25 negative triangles
1166: dt=0.0191,  26 negative triangles
1167: dt=0.0191,  26 negative triangles
1168: dt=0.0191,  26 negative triangles
1169: dt=0.0191,  25 negative triangles
1170: dt=0.0181,  25 negative triangles
1171: dt=0.0181,  25 negative triangles
1172: dt=0.0181,  25 negative triangles
1173: dt=0.0181,  27 negative triangles
1174: dt=0.0181,  26 negative triangles
1175: dt=0.0181,  26 negative triangles
1176: dt=0.0181,  27 negative triangles
1177: dt=0.0181,  27 negative triangles
1178: dt=0.0181,  28 negative triangles
1179: dt=0.0181,  27 negative triangles
1180: dt=0.0172,  28 negative triangles
1181: dt=0.0172,  26 negative triangles
1182: dt=0.0172,  28 negative triangles
1183: dt=0.0172,  27 negative triangles
1184: dt=0.0172,  29 negative triangles
1185: dt=0.0172,  29 negative triangles
1186: dt=0.0172,  30 negative triangles
1187: dt=0.0172,  30 negative triangles
1188: dt=0.0172,  30 negative triangles
1189: dt=0.0172,  29 negative triangles
1190: 29 negative triangles
writing spherical brain to ../surf/rh.sphere
spherical transformation took 0.1304 hours
FSRUNTIME@ mris_sphere  0.1304 hours 16 threads
#VMPC# mris_sphere VmPeak  1624488
mris_sphere done
#--------------------------------------------
#@# Surf Reg rh Sat Mar 14 00:59:10 CET 2026
/out/sourcedata/freesurfer/sub-v2s7x29666_ses-1/scripts

 mris_register -curv ../surf/rh.sphere /opt/freesurfer/average/rh.folding.atlas.acfb40.noaparc.i12.2016-08-02.tif ../surf/rh.sphere.reg 

using smoothwm curvature for final alignment

cwd /out/sourcedata/freesurfer/sub-v2s7x29666_ses-1/scripts
cmdline mris_register -curv ../surf/rh.sphere /opt/freesurfer/average/rh.folding.atlas.acfb40.noaparc.i12.2016-08-02.tif ../surf/rh.sphere.reg 

0 inflated.H
1 sulc
2 smoothwm (computed)
7.3.2
  7.3.2
reading surface from ../surf/rh.sphere...
reading template parameterization from /opt/freesurfer/average/rh.folding.atlas.acfb40.noaparc.i12.2016-08-02.tif...
MRISregister() -------
max_passes = 4 
min_degrees = 0.500000 
max_degrees = 64.000000 
nangles = 8 
tol=5.0e-01, sigma=0.0, host=dna07, nav=1024, nbrs=1, l_extern=10000.000, l_parea=0.200, l_nlarea=1.000, l_corr=1.000, l_dist=5.000
using quadratic fit line minimization
complete_dist_mat 0
rms 0
smooth_averages 0
remove_neg 0
ico_order 0
which_surface 0
target_radius 0.000000
nfields 0
scale 0.000000
desired_rms_height -1.000000
momentum 0.950000
nbhd_size -10
max_nbrs 10
niterations 25
nsurfaces 0
SURFACES 3
flags 16 (10)
use curv 16
no sulc 0
no rigid align 0
mris->nsize 1
mris->hemisphere 1
randomSeed 0

tol=5.0e-01, sigma=0.0, host=dna07, nav=1024, nbrs=1, l_extern=10000.000, l_parea=0.200, l_nlarea=1.000, l_corr=1.000, l_dist=5.000
using quadratic fit line minimization
--------------------
1 Reading rh.sulc
tol=1.0e+00, sigma=0.5, host=dna07, nav=1024, nbrs=1, l_extern=10000.000, l_parea=0.200, l_nlarea=1.000, l_corr=0.050, l_spring=0.500, l_dist=5.000
using quadratic fit line minimization
curvature mean = -0.000, std = 5.777
curvature mean = 0.038, std = 0.816
curvature mean = -0.002, std = 0.854
Starting MRISrigidBodyAlignGlobal()
Starting new MRISrigidBodyAlignGlobal_findMinSSE()
  new MRISrigidBodyAlignGlobal_findMinSSE min @ (5.00, -6.00, 4.50) sse = 267216.2, elapsed since starting=0.0943 min
MRISrigidBodyAlignGlobal() done   0.09 min
curvature mean = 0.020, std = 0.818
curvature mean = -0.001, std = 0.945
curvature mean = 0.016, std = 0.826
curvature mean = -0.000, std = 0.978
curvature mean = 0.015, std = 0.827
curvature mean = -0.000, std = 0.991
2 Reading smoothwm
curvature mean = -0.034, std = 8.421
curvature mean = 0.044, std = 0.240
curvature mean = 0.003, std = 0.014
curvature mean = 0.040, std = 0.294
curvature mean = 0.003, std = 0.022
curvature mean = 0.040, std = 0.319
curvature mean = 0.002, std = 0.046
curvature mean = 0.040, std = 0.331
curvature mean = 0.001, std = 0.114
MRISregister() return, current seed 0
-01: dt=0.0000,  52 negative triangles  VmPeak 2415720
121: dt=0.9900,  52 negative triangles
122: dt=0.9900,  51 negative triangles
123: dt=0.9900,  45 negative triangles
124: dt=0.9900,  43 negative triangles
125: dt=0.9900,  42 negative triangles
126: dt=0.9900,  37 negative triangles
127: dt=0.9900,  38 negative triangles
128: dt=0.9900,  36 negative triangles
129: dt=0.9900,  38 negative triangles
130: dt=0.9900,  36 negative triangles
131: dt=0.9900,  38 negative triangles
132: dt=0.9900,  36 negative triangles
133: dt=0.9900,  39 negative triangles
134: dt=0.9900,  36 negative triangles
135: dt=0.9900,  40 negative triangles
136: dt=0.9900,  36 negative triangles
137: dt=0.9900,  40 negative triangles
138: dt=0.9405,  36 negative triangles
139: dt=0.9405,  40 negative triangles
140: dt=0.9405,  36 negative triangles
141: dt=0.9405,  40 negative triangles
142: dt=0.9405,  36 negative triangles
143: dt=0.9405,  40 negative triangles
144: dt=0.9405,  36 negative triangles
145: dt=0.9405,  40 negative triangles
146: dt=0.9405,  36 negative triangles
147: dt=0.9405,  40 negative triangles
148: dt=0.8935,  36 negative triangles
149: dt=0.8935,  40 negative triangles
150: dt=0.8935,  36 negative triangles
151: dt=0.8935,  40 negative triangles
152: dt=0.8935,  36 negative triangles
153: dt=0.8935,  40 negative triangles
154: dt=0.8935,  35 negative triangles
155: dt=0.8935,  39 negative triangles
156: dt=0.8935,  34 negative triangles
157: dt=0.8935,  38 negative triangles
158: dt=0.8935,  36 negative triangles
159: dt=0.8935,  39 negative triangles
160: dt=0.8935,  36 negative triangles
161: dt=0.8935,  39 negative triangles
162: dt=0.8935,  37 negative triangles
163: dt=0.8935,  40 negative triangles
164: dt=0.8935,  37 negative triangles
165: dt=0.8935,  40 negative triangles
166: dt=0.8488,  37 negative triangles
167: dt=0.8488,  40 negative triangles
168: dt=0.8488,  38 negative triangles
169: dt=0.8488,  41 negative triangles
170: dt=0.8488,  39 negative triangles
171: dt=0.8488,  41 negative triangles
172: dt=0.8488,  38 negative triangles
173: dt=0.8488,  41 negative triangles
174: dt=0.8488,  37 negative triangles
175: dt=0.8488,  40 negative triangles
176: dt=0.8064,  37 negative triangles
177: dt=0.8064,  40 negative triangles
178: dt=0.8064,  38 negative triangles
179: dt=0.8064,  40 negative triangles
180: dt=0.8064,  37 negative triangles
181: dt=0.8064,  39 negative triangles
182: dt=0.8064,  38 negative triangles
183: dt=0.8064,  40 negative triangles
184: dt=0.8064,  37 negative triangles
185: dt=0.8064,  38 negative triangles
186: dt=0.7660,  35 negative triangles
187: dt=0.7660,  37 negative triangles
188: dt=0.7660,  36 negative triangles
189: dt=0.7660,  36 negative triangles
190: dt=0.7660,  36 negative triangles
191: dt=0.7660,  37 negative triangles
192: dt=0.7660,  34 negative triangles
193: dt=0.7660,  37 negative triangles
194: dt=0.7660,  35 negative triangles
195: dt=0.7660,  36 negative triangles
196: dt=0.7277,  35 negative triangles
197: dt=0.7277,  37 negative triangles
198: dt=0.7277,  35 negative triangles
199: dt=0.7277,  37 negative triangles
200: dt=0.7277,  35 negative triangles
201: dt=0.7277,  38 negative triangles
202: dt=0.7277,  35 negative triangles
203: dt=0.7277,  37 negative triangles
204: dt=0.7277,  33 negative triangles
205: dt=0.7277,  38 negative triangles
206: dt=0.7277,  33 negative triangles
207: dt=0.7277,  38 negative triangles
208: dt=0.7277,  32 negative triangles
209: dt=0.7277,  38 negative triangles
210: dt=0.7277,  34 negative triangles
211: dt=0.7277,  36 negative triangles
212: dt=0.7277,  32 negative triangles
213: dt=0.7277,  38 negative triangles
214: dt=0.7277,  33 negative triangles
215: dt=0.7277,  37 negative triangles
216: dt=0.7277,  34 negative triangles
217: dt=0.7277,  39 negative triangles
218: dt=0.6914,  33 negative triangles
219: dt=0.6914,  36 negative triangles
220: dt=0.6914,  33 negative triangles
221: dt=0.6914,  34 negative triangles
222: dt=0.6914,  36 negative triangles
223: dt=0.6914,  37 negative triangles
224: dt=0.6914,  32 negative triangles
225: dt=0.6914,  36 negative triangles
226: dt=0.6914,  34 negative triangles
227: dt=0.6914,  34 negative triangles
228: dt=0.6568,  33 negative triangles
229: dt=0.6568,  37 negative triangles
230: dt=0.6568,  36 negative triangles
231: dt=0.6568,  35 negative triangles
232: dt=0.6568,  32 negative triangles
233: dt=0.6568,  34 negative triangles
234: dt=0.6568,  33 negative triangles
235: dt=0.6568,  33 negative triangles
236: dt=0.6568,  31 negative triangles
237: dt=0.6568,  33 negative triangles
238: dt=0.6568,  34 negative triangles
239: dt=0.6568,  36 negative triangles
240: dt=0.6568,  34 negative triangles
241: dt=0.6568,  34 negative triangles
242: dt=0.6568,  38 negative triangles
243: dt=0.6568,  34 negative triangles
244: dt=0.6568,  34 negative triangles
245: dt=0.6568,  37 negative triangles
246: dt=0.6239,  33 negative triangles
247: dt=0.6239,  32 negative triangles
248: dt=0.6239,  37 negative triangles
249: dt=0.6239,  33 negative triangles
250: dt=0.6239,  33 negative triangles
251: dt=0.6239,  37 negative triangles
252: dt=0.6239,  33 negative triangles
253: dt=0.6239,  34 negative triangles
254: dt=0.6239,  35 negative triangles
255: dt=0.6239,  35 negative triangles
256: dt=0.6239,  30 negative triangles
257: dt=0.6239,  36 negative triangles
258: dt=0.6239,  31 negative triangles
259: dt=0.6239,  29 negative triangles
260: dt=0.6239,  33 negative triangles
261: dt=0.6239,  33 negative triangles
262: dt=0.6239,  34 negative triangles
263: dt=0.6239,  35 negative triangles
264: dt=0.6239,  30 negative triangles
265: dt=0.6239,  31 negative triangles
266: dt=0.6239,  32 negative triangles
267: dt=0.6239,  31 negative triangles
268: dt=0.6239,  30 negative triangles
269: dt=0.5927,  32 negative triangles
270: dt=0.5927,  37 negative triangles
271: dt=0.5927,  30 negative triangles
272: dt=0.5927,  30 negative triangles
273: dt=0.5927,  34 negative triangles
274: dt=0.5927,  29 negative triangles
275: dt=0.5927,  32 negative triangles
276: dt=0.5927,  32 negative triangles
277: dt=0.5927,  31 negative triangles
278: dt=0.5927,  33 negative triangles
279: dt=0.5631,  33 negative triangles
280: dt=0.5631,  31 negative triangles
281: dt=0.5631,  32 negative triangles
282: dt=0.5631,  28 negative triangles
283: dt=0.5631,  31 negative triangles
284: dt=0.5631,  32 negative triangles
285: dt=0.5631,  32 negative triangles
286: dt=0.5631,  32 negative triangles
287: dt=0.5631,  31 negative triangles
288: dt=0.5631,  31 negative triangles
289: dt=0.5631,  30 negative triangles
290: dt=0.5631,  32 negative triangles
291: dt=0.5631,  28 negative triangles
292: dt=0.5350,  32 negative triangles
293: dt=0.5350,  32 negative triangles
294: dt=0.5350,  30 negative triangles
295: dt=0.5350,  30 negative triangles
296: dt=0.5350,  31 negative triangles
297: dt=0.5350,  26 negative triangles
298: dt=0.5350,  34 negative triangles
299: dt=0.5350,  30 negative triangles
300: dt=0.5350,  27 negative triangles
301: dt=0.5350,  33 negative triangles
302: dt=0.5350,  27 negative triangles
303: dt=0.5350,  31 negative triangles
304: dt=0.5350,  28 negative triangles
305: dt=0.5350,  27 negative triangles
306: dt=0.5350,  31 negative triangles
307: dt=0.5082,  35 negative triangles
308: dt=0.5082,  29 negative triangles
309: dt=0.5082,  31 negative triangles
310: dt=0.5082,  26 negative triangles
311: dt=0.5082,  31 negative triangles
312: dt=0.5082,  31 negative triangles
313: dt=0.5082,  34 negative triangles
314: dt=0.5082,  29 negative triangles
315: dt=0.5082,  29 negative triangles
316: dt=0.5082,  31 negative triangles
317: dt=0.4828,  30 negative triangles
318: dt=0.4828,  29 negative triangles
319: dt=0.4828,  30 negative triangles
320: dt=0.4828,  31 negative triangles
321: dt=0.4828,  29 negative triangles
322: dt=0.4828,  31 negative triangles
323: dt=0.4828,  29 negative triangles
324: dt=0.4828,  30 negative triangles
325: dt=0.4828,  29 negative triangles
326: dt=0.4828,  25 negative triangles
327: dt=0.4828,  29 negative triangles
328: dt=0.4828,  29 negative triangles
329: dt=0.4828,  30 negative triangles
330: dt=0.4828,  27 negative triangles
331: dt=0.4828,  26 negative triangles
332: dt=0.4828,  33 negative triangles
333: dt=0.4828,  30 negative triangles
334: dt=0.4828,  31 negative triangles
335: dt=0.4828,  28 negative triangles
336: dt=0.4587,  32 negative triangles
337: dt=0.4587,  31 negative triangles
338: dt=0.4587,  29 negative triangles
339: dt=0.4587,  30 negative triangles
340: dt=0.4587,  28 negative triangles
341: dt=0.4587,  30 negative triangles
342: dt=0.4587,  28 negative triangles
343: dt=0.4587,  29 negative triangles
344: dt=0.4587,  28 negative triangles
345: dt=0.4587,  26 negative triangles
346: dt=0.4357,  29 negative triangles
347: dt=0.4357,  29 negative triangles
348: dt=0.4357,  30 negative triangles
349: dt=0.4357,  32 negative triangles
350: dt=0.4357,  31 negative triangles
351: dt=0.4357,  25 negative triangles
352: dt=0.4357,  27 negative triangles
353: dt=0.4357,  29 negative triangles
354: dt=0.4357,  28 negative triangles
355: dt=0.4357,  29 negative triangles
356: dt=0.4139,  30 negative triangles
357: dt=0.4139,  30 negative triangles
358: dt=0.4139,  30 negative triangles
359: dt=0.4139,  28 negative triangles
360: dt=0.4139,  28 negative triangles
361: dt=0.4139,  29 negative triangles
362: dt=0.4139,  28 negative triangles
363: dt=0.4139,  29 negative triangles
364: dt=0.4139,  28 negative triangles
365: dt=0.4139,  28 negative triangles
366: dt=0.3932,  26 negative triangles
367: dt=0.3932,  25 negative triangles
368: dt=0.3932,  27 negative triangles
369: dt=0.3932,  28 negative triangles
370: dt=0.3932,  27 negative triangles
371: dt=0.3932,  25 negative triangles
372: dt=0.3932,  25 negative triangles
373: dt=0.3932,  29 negative triangles
374: dt=0.3932,  29 negative triangles
375: dt=0.3932,  30 negative triangles
376: dt=0.3736,  26 negative triangles
expanding nbhd size to 1
377: dt=0.9900,  28 negative triangles
378: dt=0.9900,  28 negative triangles
379: dt=0.9900,  28 negative triangles
380: dt=0.9900,  25 negative triangles
381: dt=0.9900,  29 negative triangles
382: dt=0.9900,  27 negative triangles
383: dt=0.9900,  30 negative triangles
384: dt=0.9900,  30 negative triangles
385: dt=0.9900,  28 negative triangles
386: dt=0.9405,  31 negative triangles
387: dt=0.9405,  27 negative triangles
388: dt=0.9405,  28 negative triangles
389: dt=0.9405,  28 negative triangles
390: dt=0.9405,  29 negative triangles
391: dt=0.9405,  28 negative triangles
392: dt=0.9405,  28 negative triangles
393: dt=0.9405,  28 negative triangles
394: dt=0.9405,  28 negative triangles
395: dt=0.9405,  28 negative triangles
396: dt=0.8935,  28 negative triangles
397: dt=0.8935,  28 negative triangles
398: dt=0.8935,  29 negative triangles
399: dt=0.8935,  28 negative triangles
400: dt=0.8935,  28 negative triangles
401: dt=0.8935,  27 negative triangles
402: dt=0.8935,  27 negative triangles
403: dt=0.8935,  26 negative triangles
404: dt=0.8935,  26 negative triangles
405: dt=0.8935,  26 negative triangles
406: dt=0.8488,  26 negative triangles
407: dt=0.8488,  26 negative triangles
408: dt=0.8488,  27 negative triangles
409: dt=0.8488,  26 negative triangles
410: dt=0.8488,  27 negative triangles
411: dt=0.8488,  26 negative triangles
412: dt=0.8488,  27 negative triangles
413: dt=0.8488,  26 negative triangles
414: dt=0.8488,  26 negative triangles
415: dt=0.8488,  26 negative triangles
416: dt=0.8064,  25 negative triangles
417: dt=0.8064,  26 negative triangles
418: dt=0.8064,  25 negative triangles
419: dt=0.8064,  26 negative triangles
420: dt=0.8064,  25 negative triangles
421: dt=0.8064,  25 negative triangles
422: dt=0.8064,  26 negative triangles
423: dt=0.8064,  24 negative triangles
424: dt=0.8064,  25 negative triangles
425: dt=0.8064,  24 negative triangles
426: dt=0.8064,  24 negative triangles
427: dt=0.8064,  24 negative triangles
428: dt=0.8064,  25 negative triangles
429: dt=0.8064,  25 negative triangles
430: dt=0.8064,  25 negative triangles
431: dt=0.8064,  25 negative triangles
432: dt=0.8064,  25 negative triangles
433: dt=0.7660,  25 negative triangles
434: dt=0.7660,  25 negative triangles
435: dt=0.7660,  24 negative triangles
436: dt=0.7660,  24 negative triangles
437: dt=0.7660,  24 negative triangles
438: dt=0.7660,  24 negative triangles
439: dt=0.7660,  25 negative triangles
440: dt=0.7660,  25 negative triangles
441: dt=0.7660,  25 negative triangles
442: dt=0.7660,  25 negative triangles
443: dt=0.7277,  25 negative triangles
444: dt=0.7277,  24 negative triangles
445: dt=0.7277,  24 negative triangles
446: dt=0.7277,  23 negative triangles
447: dt=0.7277,  26 negative triangles
448: dt=0.7277,  26 negative triangles
449: dt=0.7277,  26 negative triangles
450: dt=0.7277,  25 negative triangles
451: dt=0.7277,  24 negative triangles
452: dt=0.7277,  26 negative triangles
453: dt=0.7277,  24 negative triangles
454: dt=0.7277,  25 negative triangles
455: dt=0.7277,  25 negative triangles
456: dt=0.6914,  26 negative triangles
457: dt=0.6914,  25 negative triangles
458: dt=0.6914,  25 negative triangles
459: dt=0.6914,  24 negative triangles
460: dt=0.6914,  26 negative triangles
461: dt=0.6914,  26 negative triangles
462: dt=0.6914,  24 negative triangles
463: dt=0.6914,  25 negative triangles
464: dt=0.6914,  23 negative triangles
465: dt=0.6914,  24 negative triangles
466: dt=0.6568,  26 negative triangles
467: dt=0.6568,  30 negative triangles
468: dt=0.6568,  27 negative triangles
469: dt=0.6568,  26 negative triangles
470: dt=0.6568,  26 negative triangles
471: dt=0.6568,  23 negative triangles
472: dt=0.6568,  25 negative triangles
473: dt=0.6568,  25 negative triangles
474: dt=0.6568,  25 negative triangles
475: dt=0.6568,  26 negative triangles
476: dt=0.6239,  26 negative triangles
477: dt=0.6239,  26 negative triangles
478: dt=0.6239,  25 negative triangles
479: dt=0.6239,  26 negative triangles
480: dt=0.6239,  27 negative triangles
481: dt=0.6239,  24 negative triangles
482: dt=0.6239,  25 negative triangles
483: dt=0.6239,  24 negative triangles
484: dt=0.6239,  27 negative triangles
485: dt=0.6239,  26 negative triangles
486: dt=0.5927,  24 negative triangles
487: dt=0.5927,  25 negative triangles
488: dt=0.5927,  24 negative triangles
489: dt=0.5927,  25 negative triangles
490: dt=0.5927,  26 negative triangles
491: dt=0.5927,  24 negative triangles
492: dt=0.5927,  27 negative triangles
493: dt=0.5927,  28 negative triangles
494: dt=0.5927,  26 negative triangles
495: dt=0.5927,  23 negative triangles
496: dt=0.5927,  22 negative triangles
497: dt=0.5927,  25 negative triangles
498: dt=0.5927,  25 negative triangles
499: dt=0.5927,  26 negative triangles
500: dt=0.5927,  25 negative triangles
501: dt=0.5927,  23 negative triangles
502: dt=0.5927,  26 negative triangles
503: dt=0.5927,  25 negative triangles
504: dt=0.5927,  26 negative triangles
505: dt=0.5927,  25 negative triangles
506: dt=0.5631,  25 negative triangles
507: dt=0.5631,  28 negative triangles
508: dt=0.5631,  25 negative triangles
509: dt=0.5631,  25 negative triangles
510: dt=0.5631,  25 negative triangles
511: dt=0.5631,  25 negative triangles
512: dt=0.5631,  21 negative triangles
513: dt=0.5631,  24 negative triangles
514: dt=0.5631,  24 negative triangles
515: dt=0.5631,  22 negative triangles
516: dt=0.5631,  26 negative triangles
517: dt=0.5631,  25 negative triangles
518: dt=0.5631,  24 negative triangles
519: dt=0.5631,  23 negative triangles
520: dt=0.5631,  23 negative triangles
521: dt=0.5631,  25 negative triangles
522: dt=0.5350,  24 negative triangles
523: dt=0.5350,  25 negative triangles
524: dt=0.5350,  27 negative triangles
525: dt=0.5350,  26 negative triangles
526: dt=0.5350,  26 negative triangles
527: dt=0.5350,  25 negative triangles
528: dt=0.5350,  26 negative triangles
529: dt=0.5350,  26 negative triangles
530: dt=0.5350,  25 negative triangles
531: dt=0.5350,  22 negative triangles
532: dt=0.5082,  22 negative triangles
533: dt=0.5082,  23 negative triangles
534: dt=0.5082,  27 negative triangles
535: dt=0.5082,  26 negative triangles
536: dt=0.5082,  23 negative triangles
537: dt=0.5082,  23 negative triangles
538: dt=0.5082,  23 negative triangles
539: dt=0.5082,  24 negative triangles
540: dt=0.5082,  23 negative triangles
541: dt=0.5082,  25 negative triangles
542: dt=0.4828,  23 negative triangles
543: dt=0.4828,  28 negative triangles
544: dt=0.4828,  25 negative triangles
545: dt=0.4828,  23 negative triangles
546: dt=0.4828,  23 negative triangles
547: dt=0.4828,  22 negative triangles
548: dt=0.4828,  24 negative triangles
549: dt=0.4828,  26 negative triangles
550: dt=0.4828,  24 negative triangles
551: dt=0.4828,  22 negative triangles
552: dt=0.4587,  26 negative triangles
553: dt=0.4587,  26 negative triangles
554: dt=0.4587,  26 negative triangles
555: dt=0.4587,  28 negative triangles
556: dt=0.4587,  25 negative triangles
557: dt=0.4587,  26 negative triangles
558: dt=0.4587,  23 negative triangles
559: dt=0.4587,  26 negative triangles
560: dt=0.4587,  26 negative triangles
561: dt=0.4587,  26 negative triangles
562: dt=0.4357,  27 negative triangles
563: dt=0.4357,  24 negative triangles
564: dt=0.4357,  24 negative triangles
565: dt=0.4357,  24 negative triangles
566: dt=0.4357,  26 negative triangles
567: dt=0.4357,  26 negative triangles
568: dt=0.4357,  23 negative triangles
569: dt=0.4357,  23 negative triangles
570: dt=0.4357,  25 negative triangles
571: dt=0.4357,  28 negative triangles
572: dt=0.4139,  24 negative triangles
573: dt=0.4139,  26 negative triangles
574: dt=0.4139,  26 negative triangles
575: dt=0.4139,  26 negative triangles
576: dt=0.4139,  24 negative triangles
577: dt=0.4139,  25 negative triangles
578: dt=0.4139,  22 negative triangles
579: dt=0.4139,  22 negative triangles
580: dt=0.4139,  27 negative triangles
581: dt=0.4139,  22 negative triangles
582: dt=0.3932,  28 negative triangles
583: dt=0.3932,  25 negative triangles
584: dt=0.3932,  28 negative triangles
585: dt=0.3932,  22 negative triangles
586: dt=0.3932,  26 negative triangles
587: dt=0.3932,  26 negative triangles
588: dt=0.3932,  22 negative triangles
589: dt=0.3932,  24 negative triangles
590: dt=0.3932,  20 negative triangles
591: dt=0.3932,  24 negative triangles
592: dt=0.3932,  24 negative triangles
593: dt=0.3932,  22 negative triangles
594: dt=0.3932,  23 negative triangles
595: dt=0.3932,  26 negative triangles
596: dt=0.3932,  25 negative triangles
597: dt=0.3932,  25 negative triangles
598: dt=0.3932,  21 negative triangles
599: dt=0.3932,  22 negative triangles
600: dt=0.3736,  21 negative triangles
601: dt=0.3736,  22 negative triangles
602: dt=0.3736,  25 negative triangles
603: dt=0.3736,  27 negative triangles
604: dt=0.3736,  26 negative triangles
605: dt=0.3736,  25 negative triangles
606: dt=0.3736,  28 negative triangles
607: dt=0.3736,  25 negative triangles
608: dt=0.3736,  24 negative triangles
609: dt=0.3736,  24 negative triangles
610: dt=0.3549,  25 negative triangles
611: dt=0.3549,  22 negative triangles
612: dt=0.3549,  26 negative triangles
613: dt=0.3549,  25 negative triangles
614: dt=0.3549,  26 negative triangles
615: dt=0.3549,  25 negative triangles
616: dt=0.3549,  21 negative triangles
617: dt=0.3549,  26 negative triangles
618: dt=0.3549,  23 negative triangles
619: dt=0.3549,  23 negative triangles
620: dt=0.3372,  23 negative triangles
621: dt=0.3372,  22 negative triangles
622: dt=0.3372,  23 negative triangles
623: dt=0.3372,  22 negative triangles
624: dt=0.3372,  23 negative triangles
625: dt=0.3372,  25 negative triangles
626: dt=0.3372,  26 negative triangles
627: dt=0.3372,  25 negative triangles
628: dt=0.3372,  27 negative triangles
629: dt=0.3372,  24 negative triangles
630: dt=0.3203,  22 negative triangles
631: dt=0.3203,  22 negative triangles
632: dt=0.3203,  23 negative triangles
633: dt=0.3203,  27 negative triangles
634: dt=0.3203,  26 negative triangles
635: dt=0.3203,  26 negative triangles
636: dt=0.3203,  27 negative triangles
637: dt=0.3203,  26 negative triangles
638: dt=0.3203,  27 negative triangles
639: dt=0.3203,  29 negative triangles
640: dt=0.3043,  29 negative triangles
641: dt=0.3043,  22 negative triangles
642: dt=0.3043,  23 negative triangles
643: dt=0.3043,  24 negative triangles
644: dt=0.3043,  27 negative triangles
645: dt=0.3043,  23 negative triangles
646: dt=0.3043,  21 negative triangles
647: dt=0.3043,  25 negative triangles
648: dt=0.3043,  23 negative triangles
649: dt=0.3043,  25 negative triangles
650: dt=0.2891,  24 negative triangles
651: dt=0.2891,  22 negative triangles
652: dt=0.2891,  23 negative triangles
653: dt=0.2891,  22 negative triangles
654: dt=0.2891,  26 negative triangles
655: dt=0.2891,  25 negative triangles
656: dt=0.2891,  28 negative triangles
657: dt=0.2891,  26 negative triangles
658: dt=0.2891,  22 negative triangles
659: dt=0.2891,  23 negative triangles
660: dt=0.2746,  23 negative triangles
661: dt=0.2746,  24 negative triangles
662: dt=0.2746,  21 negative triangles
663: dt=0.2746,  22 negative triangles
664: dt=0.2746,  24 negative triangles
665: dt=0.2746,  28 negative triangles
666: dt=0.2746,  26 negative triangles
667: dt=0.2746,  24 negative triangles
668: dt=0.2746,  26 negative triangles
669: dt=0.2746,  25 negative triangles
670: dt=0.2609,  23 negative triangles
671: dt=0.2609,  23 negative triangles
672: dt=0.2609,  23 negative triangles
673: dt=0.2609,  25 negative triangles
674: dt=0.2609,  24 negative triangles
675: dt=0.2609,  24 negative triangles
676: dt=0.2609,  25 negative triangles
677: dt=0.2609,  24 negative triangles
678: dt=0.2609,  22 negative triangles
679: dt=0.2609,  24 negative triangles
680: dt=0.2478,  25 negative triangles
681: dt=0.2478,  24 negative triangles
682: dt=0.2478,  25 negative triangles
683: dt=0.2478,  25 negative triangles
684: dt=0.2478,  25 negative triangles
685: dt=0.2478,  23 negative triangles
686: dt=0.2478,  25 negative triangles
687: dt=0.2478,  25 negative triangles
688: dt=0.2478,  25 negative triangles
689: dt=0.2478,  24 negative triangles
690: dt=0.2354,  25 negative triangles
691: dt=0.2354,  20 negative triangles
692: dt=0.2354,  25 negative triangles
693: dt=0.2354,  23 negative triangles
694: dt=0.2354,  25 negative triangles
695: dt=0.2354,  24 negative triangles
696: dt=0.2354,  22 negative triangles
697: dt=0.2354,  25 negative triangles
698: dt=0.2354,  23 negative triangles
699: dt=0.2354,  23 negative triangles
700: dt=0.2237,  23 negative triangles
701: dt=0.2237,  25 negative triangles
702: dt=0.2237,  21 negative triangles
703: dt=0.2237,  24 negative triangles
704: dt=0.2237,  23 negative triangles
705: dt=0.2237,  22 negative triangles
706: dt=0.2237,  24 negative triangles
707: dt=0.2237,  23 negative triangles
708: dt=0.2237,  22 negative triangles
709: dt=0.2237,  24 negative triangles
710: dt=0.2125,  26 negative triangles
711: dt=0.2125,  25 negative triangles
712: dt=0.2125,  24 negative triangles
713: dt=0.2125,  22 negative triangles
714: dt=0.2125,  24 negative triangles
715: dt=0.2125,  21 negative triangles
716: dt=0.2125,  23 negative triangles
717: dt=0.2125,  25 negative triangles
718: dt=0.2125,  25 negative triangles
719: dt=0.2125,  24 negative triangles
720: dt=0.2019,  24 negative triangles
721: dt=0.2019,  24 negative triangles
722: dt=0.2019,  23 negative triangles
723: dt=0.2019,  26 negative triangles
724: dt=0.2019,  26 negative triangles
725: dt=0.2019,  26 negative triangles
726: dt=0.2019,  25 negative triangles
727: dt=0.2019,  25 negative triangles
728: dt=0.2019,  24 negative triangles
729: dt=0.2019,  27 negative triangles
730: dt=0.1918,  25 negative triangles
731: dt=0.1918,  23 negative triangles
732: dt=0.1918,  24 negative triangles
733: dt=0.1918,  22 negative triangles
734: dt=0.1918,  26 negative triangles
735: dt=0.1918,  21 negative triangles
736: dt=0.1918,  20 negative triangles
737: dt=0.1918,  21 negative triangles
738: dt=0.1918,  25 negative triangles
739: dt=0.1918,  25 negative triangles
740: dt=0.1822,  23 negative triangles
741: dt=0.1822,  22 negative triangles
742: dt=0.1822,  24 negative triangles
743: dt=0.1822,  26 negative triangles
744: dt=0.1822,  26 negative triangles
745: dt=0.1822,  23 negative triangles
746: dt=0.1822,  23 negative triangles
747: dt=0.1822,  23 negative triangles
748: dt=0.1822,  24 negative triangles
749: dt=0.1822,  22 negative triangles
750: dt=0.1731,  24 negative triangles
751: dt=0.1731,  25 negative triangles
752: dt=0.1731,  28 negative triangles
753: dt=0.1731,  26 negative triangles
754: dt=0.1731,  23 negative triangles
755: dt=0.1731,  24 negative triangles
756: dt=0.1731,  25 negative triangles
757: dt=0.1731,  25 negative triangles
758: dt=0.1731,  25 negative triangles
759: dt=0.1731,  26 negative triangles
760: dt=0.1644,  25 negative triangles
761: dt=0.1644,  24 negative triangles
762: dt=0.1644,  24 negative triangles
763: dt=0.1644,  23 negative triangles
764: dt=0.1644,  25 negative triangles
765: dt=0.1644,  22 negative triangles
766: dt=0.1644,  24 negative triangles
767: dt=0.1644,  24 negative triangles
768: dt=0.1644,  26 negative triangles
769: dt=0.1644,  23 negative triangles
770: dt=0.1562,  23 negative triangles
771: dt=0.1562,  22 negative triangles
772: dt=0.1562,  25 negative triangles
773: dt=0.1562,  24 negative triangles
774: dt=0.1562,  26 negative triangles
775: dt=0.1562,  23 negative triangles
776: dt=0.1562,  25 negative triangles
777: dt=0.1562,  25 negative triangles
778: dt=0.1562,  24 negative triangles
779: dt=0.1562,  23 negative triangles
780: dt=0.1484,  25 negative triangles
781: dt=0.1484,  24 negative triangles
782: dt=0.1484,  26 negative triangles
783: dt=0.1484,  27 negative triangles
784: dt=0.1484,  25 negative triangles
785: dt=0.1484,  24 negative triangles
786: dt=0.1484,  22 negative triangles
787: dt=0.1484,  24 negative triangles
788: dt=0.1484,  23 negative triangles
789: dt=0.1484,  23 negative triangles
790: dt=0.1410,  23 negative triangles
791: dt=0.1410,  23 negative triangles
792: dt=0.1410,  22 negative triangles
793: dt=0.1410,  22 negative triangles
794: dt=0.1410,  25 negative triangles
795: dt=0.1410,  23 negative triangles
796: dt=0.1410,  21 negative triangles
797: dt=0.1410,  20 negative triangles
798: dt=0.1410,  22 negative triangles
799: dt=0.1410,  21 negative triangles
800: dt=0.1339,  23 negative triangles
801: dt=0.1339,  22 negative triangles
802: dt=0.1339,  23 negative triangles
803: dt=0.1339,  24 negative triangles
804: dt=0.1339,  27 negative triangles
805: dt=0.1339,  26 negative triangles
806: dt=0.1339,  26 negative triangles
807: dt=0.1339,  26 negative triangles
808: dt=0.1339,  26 negative triangles
809: dt=0.1339,  26 negative triangles
810: dt=0.1272,  24 negative triangles
811: dt=0.1272,  24 negative triangles
812: dt=0.1272,  24 negative triangles
813: dt=0.1272,  22 negative triangles
814: dt=0.1272,  24 negative triangles
815: dt=0.1272,  22 negative triangles
816: dt=0.1272,  23 negative triangles
817: dt=0.1272,  21 negative triangles
818: dt=0.1272,  26 negative triangles
819: dt=0.1272,  28 negative triangles
820: dt=0.1209,  28 negative triangles
821: dt=0.1209,  25 negative triangles
822: dt=0.1209,  24 negative triangles
823: dt=0.1209,  22 negative triangles
824: dt=0.1209,  21 negative triangles
825: dt=0.1209,  21 negative triangles
826: dt=0.1209,  24 negative triangles
827: dt=0.1209,  23 negative triangles
828: dt=0.1209,  23 negative triangles
829: dt=0.1209,  25 negative triangles
830: dt=0.1148,  25 negative triangles
831: dt=0.1148,  25 negative triangles
832: dt=0.1148,  25 negative triangles
833: dt=0.1148,  23 negative triangles
834: dt=0.1148,  22 negative triangles
835: dt=0.1148,  25 negative triangles
836: dt=0.1148,  25 negative triangles
837: dt=0.1148,  27 negative triangles
838: dt=0.1148,  27 negative triangles
839: dt=0.1148,  24 negative triangles
840: dt=0.1091,  24 negative triangles
841: dt=0.1091,  23 negative triangles
842: dt=0.1091,  23 negative triangles
843: dt=0.1091,  24 negative triangles
844: dt=0.1091,  23 negative triangles
845: dt=0.1091,  23 negative triangles
846: dt=0.1091,  22 negative triangles
847: dt=0.1091,  22 negative triangles
848: dt=0.1091,  21 negative triangles
849: dt=0.1091,  23 negative triangles
850: dt=0.1036,  24 negative triangles
851: dt=0.1036,  24 negative triangles
852: dt=0.1036,  24 negative triangles
853: dt=0.1036,  26 negative triangles
854: dt=0.1036,  25 negative triangles
855: dt=0.1036,  22 negative triangles
856: dt=0.1036,  22 negative triangles
857: dt=0.1036,  23 negative triangles
858: dt=0.1036,  25 negative triangles
859: dt=0.1036,  24 negative triangles
860: dt=0.0984,  24 negative triangles
861: dt=0.0984,  23 negative triangles
862: dt=0.0984,  22 negative triangles
863: dt=0.0984,  22 negative triangles
864: dt=0.0984,  22 negative triangles
865: dt=0.0984,  20 negative triangles
866: dt=0.0984,  20 negative triangles
867: dt=0.0984,  22 negative triangles
868: dt=0.0984,  24 negative triangles
869: dt=0.0984,  24 negative triangles
870: dt=0.0935,  22 negative triangles
871: dt=0.0935,  22 negative triangles
872: dt=0.0935,  24 negative triangles
873: dt=0.0935,  24 negative triangles
874: dt=0.0935,  26 negative triangles
875: dt=0.0935,  24 negative triangles
876: dt=0.0935,  25 negative triangles
877: dt=0.0935,  25 negative triangles
878: dt=0.0935,  24 negative triangles
879: dt=0.0935,  23 negative triangles
880: dt=0.0888,  21 negative triangles
881: dt=0.0888,  22 negative triangles
882: dt=0.0888,  21 negative triangles
883: dt=0.0888,  21 negative triangles
884: dt=0.0888,  23 negative triangles
885: dt=0.0888,  22 negative triangles
886: dt=0.0888,  23 negative triangles
887: dt=0.0888,  23 negative triangles
888: dt=0.0888,  23 negative triangles
889: dt=0.0888,  24 negative triangles
890: dt=0.0844,  25 negative triangles
891: dt=0.0844,  25 negative triangles
892: dt=0.0844,  23 negative triangles
893: dt=0.0844,  22 negative triangles
894: dt=0.0844,  24 negative triangles
895: dt=0.0844,  24 negative triangles
896: dt=0.0844,  24 negative triangles
897: dt=0.0844,  20 negative triangles
898: dt=0.0844,  22 negative triangles
899: dt=0.0844,  21 negative triangles
900: dt=0.0802,  22 negative triangles
901: dt=0.0802,  21 negative triangles
902: dt=0.0802,  22 negative triangles
903: dt=0.0802,  24 negative triangles
904: dt=0.0802,  24 negative triangles
905: dt=0.0802,  24 negative triangles
906: dt=0.0802,  23 negative triangles
907: dt=0.0802,  25 negative triangles
908: dt=0.0802,  25 negative triangles
909: dt=0.0802,  25 negative triangles
910: dt=0.0762,  26 negative triangles
911: dt=0.0762,  23 negative triangles
912: dt=0.0762,  23 negative triangles
913: dt=0.0762,  25 negative triangles
914: dt=0.0762,  23 negative triangles
915: dt=0.0762,  24 negative triangles
916: dt=0.0762,  24 negative triangles
917: dt=0.0762,  22 negative triangles
918: dt=0.0762,  23 negative triangles
919: dt=0.0762,  22 negative triangles
920: dt=0.0724,  25 negative triangles
921: dt=0.0724,  22 negative triangles
922: dt=0.0724,  24 negative triangles
923: dt=0.0724,  23 negative triangles
924: dt=0.0724,  24 negative triangles
925: dt=0.0724,  22 negative triangles
926: dt=0.0724,  23 negative triangles
927: dt=0.0724,  21 negative triangles
928: dt=0.0724,  22 negative triangles
929: dt=0.0724,  21 negative triangles
930: dt=0.0687,  25 negative triangles
931: dt=0.0687,  27 negative triangles
932: dt=0.0687,  23 negative triangles
933: dt=0.0687,  23 negative triangles
934: dt=0.0687,  28 negative triangles
935: dt=0.0687,  22 negative triangles
936: dt=0.0687,  25 negative triangles
937: dt=0.0687,  25 negative triangles
938: dt=0.0687,  24 negative triangles
939: dt=0.0687,  23 negative triangles
940: dt=0.0653,  23 negative triangles
941: dt=0.0653,  22 negative triangles
942: dt=0.0653,  22 negative triangles
943: dt=0.0653,  24 negative triangles
944: dt=0.0653,  23 negative triangles
945: dt=0.0653,  23 negative triangles
946: dt=0.0653,  23 negative triangles
947: dt=0.0653,  26 negative triangles
948: dt=0.0653,  23 negative triangles
949: dt=0.0653,  22 negative triangles
950: dt=0.0620,  22 negative triangles
951: dt=0.0620,  24 negative triangles
952: dt=0.0620,  22 negative triangles
953: dt=0.0620,  20 negative triangles
954: dt=0.0620,  21 negative triangles
955: dt=0.0620,  21 negative triangles
956: dt=0.0620,  21 negative triangles
957: dt=0.0620,  25 negative triangles
958: dt=0.0620,  28 negative triangles
959: dt=0.0620,  25 negative triangles
960: dt=0.0589,  26 negative triangles
961: dt=0.0589,  24 negative triangles
962: dt=0.0589,  24 negative triangles
963: dt=0.0589,  24 negative triangles
964: dt=0.0589,  24 negative triangles
965: dt=0.0589,  27 negative triangles
966: dt=0.0589,  26 negative triangles
967: dt=0.0589,  25 negative triangles
968: dt=0.0589,  26 negative triangles
969: dt=0.0589,  26 negative triangles
970: dt=0.0560,  25 negative triangles
971: dt=0.0560,  25 negative triangles
972: dt=0.0560,  24 negative triangles
973: dt=0.0560,  24 negative triangles
974: dt=0.0560,  24 negative triangles
975: dt=0.0560,  23 negative triangles
976: dt=0.0560,  23 negative triangles
977: dt=0.0560,  20 negative triangles
978: dt=0.0560,  21 negative triangles
979: dt=0.0560,  23 negative triangles
980: dt=0.0532,  25 negative triangles
981: dt=0.0532,  27 negative triangles
982: dt=0.0532,  27 negative triangles
983: dt=0.0532,  26 negative triangles
984: dt=0.0532,  26 negative triangles
985: dt=0.0532,  25 negative triangles
986: dt=0.0532,  25 negative triangles
987: dt=0.0532,  26 negative triangles
988: dt=0.0532,  26 negative triangles
989: dt=0.0532,  26 negative triangles
990: dt=0.0505,  25 negative triangles
991: dt=0.0505,  25 negative triangles
992: dt=0.0505,  25 negative triangles
993: dt=0.0505,  25 negative triangles
994: dt=0.0505,  25 negative triangles
995: dt=0.0505,  25 negative triangles
996: dt=0.0505,  25 negative triangles
997: dt=0.0505,  24 negative triangles
998: dt=0.0505,  24 negative triangles
999: dt=0.0505,  23 negative triangles
1000: dt=0.0480,  24 negative triangles
1001: dt=0.0480,  24 negative triangles
1002: dt=0.0480,  25 negative triangles
1003: dt=0.0480,  26 negative triangles
1004: dt=0.0480,  26 negative triangles
1005: dt=0.0480,  27 negative triangles
1006: dt=0.0480,  25 negative triangles
1007: dt=0.0480,  26 negative triangles
1008: dt=0.0480,  27 negative triangles
1009: dt=0.0480,  28 negative triangles
1010: dt=0.0456,  27 negative triangles
1011: dt=0.0456,  27 negative triangles
1012: dt=0.0456,  25 negative triangles
1013: dt=0.0456,  24 negative triangles
1014: dt=0.0456,  24 negative triangles
1015: dt=0.0456,  24 negative triangles
1016: dt=0.0456,  22 negative triangles
1017: dt=0.0456,  23 negative triangles
1018: dt=0.0456,  24 negative triangles
1019: dt=0.0456,  24 negative triangles
1020: dt=0.0433,  24 negative triangles
1021: dt=0.0433,  24 negative triangles
1022: dt=0.0433,  23 negative triangles
1023: dt=0.0433,  23 negative triangles
1024: dt=0.0433,  23 negative triangles
1025: dt=0.0433,  23 negative triangles
1026: dt=0.0433,  25 negative triangles
1027: dt=0.0433,  24 negative triangles
1028: dt=0.0433,  25 negative triangles
1029: dt=0.0433,  26 negative triangles
1030: dt=0.0412,  25 negative triangles
1031: dt=0.0412,  26 negative triangles
1032: dt=0.0412,  26 negative triangles
1033: dt=0.0412,  26 negative triangles
1034: dt=0.0412,  26 negative triangles
1035: dt=0.0412,  24 negative triangles
1036: dt=0.0412,  25 negative triangles
1037: dt=0.0412,  24 negative triangles
1038: dt=0.0412,  23 negative triangles
1039: dt=0.0412,  26 negative triangles
1040: dt=0.0391,  24 negative triangles
1041: dt=0.0391,  25 negative triangles
1042: dt=0.0391,  24 negative triangles
1043: dt=0.0391,  22 negative triangles
1044: dt=0.0391,  22 negative triangles
1045: dt=0.0391,  22 negative triangles
1046: dt=0.0391,  24 negative triangles
1047: dt=0.0391,  23 negative triangles
1048: dt=0.0391,  24 negative triangles
1049: dt=0.0391,  22 negative triangles
1050: dt=0.0371,  21 negative triangles
1051: dt=0.0371,  24 negative triangles
1052: dt=0.0371,  25 negative triangles
1053: dt=0.0371,  24 negative triangles
1054: dt=0.0371,  24 negative triangles
1055: dt=0.0371,  26 negative triangles
1056: dt=0.0371,  27 negative triangles
1057: dt=0.0371,  26 negative triangles
1058: dt=0.0371,  25 negative triangles
1059: dt=0.0371,  25 negative triangles
1060: dt=0.0353,  26 negative triangles
1061: dt=0.0353,  26 negative triangles
1062: dt=0.0353,  26 negative triangles
1063: dt=0.0353,  26 negative triangles
1064: dt=0.0353,  25 negative triangles
1065: dt=0.0353,  23 negative triangles
1066: dt=0.0353,  23 negative triangles
1067: dt=0.0353,  23 negative triangles
1068: dt=0.0353,  23 negative triangles
1069: dt=0.0353,  23 negative triangles
1070: dt=0.0335,  24 negative triangles
1071: dt=0.0335,  24 negative triangles
1072: dt=0.0335,  23 negative triangles
1073: dt=0.0335,  25 negative triangles
1074: dt=0.0335,  25 negative triangles
1075: dt=0.0335,  25 negative triangles
1076: dt=0.0335,  25 negative triangles
1077: dt=0.0335,  25 negative triangles
1078: dt=0.0335,  24 negative triangles
1079: dt=0.0335,  24 negative triangles
1080: dt=0.0319,  22 negative triangles
1081: dt=0.0319,  24 negative triangles
1082: dt=0.0319,  24 negative triangles
1083: dt=0.0319,  25 negative triangles
1084: dt=0.0319,  25 negative triangles
1085: dt=0.0319,  25 negative triangles
1086: dt=0.0319,  25 negative triangles
1087: dt=0.0319,  25 negative triangles
1088: dt=0.0319,  25 negative triangles
1089: dt=0.0319,  25 negative triangles
1090: dt=0.0303,  25 negative triangles
1091: dt=0.0303,  26 negative triangles
1092: dt=0.0303,  25 negative triangles
1093: dt=0.0303,  26 negative triangles
1094: dt=0.0303,  26 negative triangles
1095: dt=0.0303,  26 negative triangles
1096: dt=0.0303,  24 negative triangles
1097: dt=0.0303,  26 negative triangles
1098: dt=0.0303,  26 negative triangles
1099: dt=0.0303,  26 negative triangles
1100: dt=0.0287,  26 negative triangles
1101: dt=0.0287,  26 negative triangles
1102: dt=0.0287,  27 negative triangles
1103: dt=0.0287,  26 negative triangles
1104: dt=0.0287,  27 negative triangles
1105: dt=0.0287,  26 negative triangles
1106: dt=0.0287,  24 negative triangles
1107: dt=0.0287,  24 negative triangles
1108: dt=0.0287,  24 negative triangles
1109: dt=0.0287,  23 negative triangles
1110: dt=0.0273,  23 negative triangles
1111: dt=0.0273,  23 negative triangles
1112: dt=0.0273,  25 negative triangles
1113: dt=0.0273,  24 negative triangles
1114: dt=0.0273,  24 negative triangles
1115: dt=0.0273,  24 negative triangles
1116: dt=0.0273,  24 negative triangles
1117: dt=0.0273,  27 negative triangles
1118: dt=0.0273,  27 negative triangles
1119: dt=0.0273,  23 negative triangles
1120: dt=0.0259,  25 negative triangles
writing registered surface to ../surf/rh.sphere.reg...
1121: dt=0.0259,  25 negative triangles
1122: 27 negative triangles
registration took 0.14 hours
#VMPC# mris_register VmPeak  2415720
FSRUNTIME@ mris_register  0.1410 hours 16 threads

 ln -sf rh.sphere.reg rh.fsaverage.sphere.reg 

#--------------------------------------------
#@# Jacobian white rh Sat Mar 14 01:07:38 CET 2026
/out/sourcedata/freesurfer/sub-v2s7x29666_ses-1/scripts

 mris_jacobian ../surf/rh.white.preaparc ../surf/rh.sphere.reg ../surf/rh.jacobian_white 

reading surface from ../surf/rh.white.preaparc...
writing curvature file ../surf/rh.jacobian_white
#--------------------------------------------
#@# AvgCurv rh Sat Mar 14 01:07:38 CET 2026
/out/sourcedata/freesurfer/sub-v2s7x29666_ses-1/scripts

 mrisp_paint -a 5 /opt/freesurfer/average/rh.folding.atlas.acfb40.noaparc.i12.2016-08-02.tif#6 ../surf/rh.sphere.reg ../surf/rh.avg_curv 

averaging curvature patterns 5 times...
reading surface from ../surf/rh.sphere.reg...
reading template parameterization from /opt/freesurfer/average/rh.folding.atlas.acfb40.noaparc.i12.2016-08-02.tif...
writing curvature file to ../surf/rh.avg_curv...
#-----------------------------------------
#@# Cortical Parc rh Sat Mar 14 01:07:39 CET 2026
/out/sourcedata/freesurfer/sub-v2s7x29666_ses-1/scripts

 mris_ca_label -l ../label/rh.cortex.label -aseg ../mri/aseg.presurf.mgz -seed 1234 sub-v2s7x29666_ses-1 rh ../surf/rh.sphere.reg /opt/freesurfer/average/rh.DKaparc.atlas.acfb40.noaparc.i12.2016-08-02.gcs ../label/rh.aparc.annot 

setting seed for random number generator to 1234
using ../mri/aseg.presurf.mgz aseg volume to correct midline
7.3.2
  7.3.2
reading atlas from /opt/freesurfer/average/rh.DKaparc.atlas.acfb40.noaparc.i12.2016-08-02.gcs...
reading color table from GCSA file....
average std = 0.7   using min determinant for regularization = 0.004
0 singular and 309 ill-conditioned covariance matrices regularized
input 0: MEAN CURVATURE, flags 0, avgs 5, name mean_curvature
labeling surface...
1492 labels changed using aseg
relabeling using gibbs priors...
000:   2952 changed, 152828 examined...
001:    676 changed, 12732 examined...
002:    153 changed, 3850 examined...
003:     44 changed, 996 examined...
004:     20 changed, 282 examined...
005:      7 changed, 124 examined...
006:      2 changed, 45 examined...
007:      1 changed, 10 examined...
008:      2 changed, 6 examined...
009:      0 changed, 11 examined...
163 labels changed using aseg
000: 97 total segments, 60 labels (216 vertices) changed
001: 38 total segments, 1 labels (1 vertices) changed
002: 37 total segments, 0 labels (0 vertices) changed
10 filter iterations complete (10 requested, 6 changed)
rationalizing unknown annotations with cortex label
relabeling unknown label...
relabeling corpuscallosum label...
1604 vertices marked for relabeling...
1604 labels changed in reclassification.
writing output to ../label/rh.aparc.annot...
classification took 0 minutes and 8 seconds.
#--------------------------------------------
#@# WhiteSurfs rh Sat Mar 14 01:07:47 CET 2026
cd /out/sourcedata/freesurfer/sub-v2s7x29666_ses-1/mri
mris_place_surface --adgws-in ../surf/autodet.gw.stats.rh.dat --seg aseg.presurf.mgz --threads 16 --wm wm.mgz --invol brain.finalsurfs.mgz --rh --i ../surf/rh.white.preaparc --o ../surf/rh.white --white --nsmooth 0 --rip-label ../label/rh.cortex.label --rip-bg --rip-surf ../surf/rh.white.preaparc --aparc ../label/rh.aparc.annot
7.3.2
7.3.2

cd /out/sourcedata/freesurfer/sub-v2s7x29666_ses-1/mri
setenv SUBJECTS_DIR /out/sourcedata/freesurfer
mris_place_surface --adgws-in ../surf/autodet.gw.stats.rh.dat --seg aseg.presurf.mgz --threads 16 --wm wm.mgz --invol brain.finalsurfs.mgz --rh --i ../surf/rh.white.preaparc --o ../surf/rh.white --white --nsmooth 0 --rip-label ../label/rh.cortex.label --rip-bg --rip-surf ../surf/rh.white.preaparc --aparc ../label/rh.aparc.annot 

Reading in input surface ../surf/rh.white.preaparc
Not smoothing input surface
removing intersecting faces
000: 2 intersecting
step 1 with no progress (num=2, old_num=2)
001: 2 intersecting
step 2 with no progress (num=2, old_num=2)
002: 2 intersecting
step 3 with no progress (num=2, old_num=2)
003: 2 intersecting
step 4 with no progress (num=2, old_num=2)
004: 2 intersecting
step 5 with no progress (num=2, old_num=2)
005: 2 intersecting
step 6 with no progress (num=2, old_num=2)
006: 2 intersecting
step 7 with no progress (num=2, old_num=2)
007: 2 intersecting
step 8 with no progress (num=2, old_num=2)
008: 2 intersecting
step 9 with no progress (num=2, old_num=2)
009: 2 intersecting
step 10 with no progress (num=2, old_num=2)
010: 2 intersecting
step 11 with no progress (num=2, old_num=2)
011: 2 intersecting
step 12 with no progress (num=2, old_num=2)
012: 2 intersecting
step 13 with no progress (num=2, old_num=2)
013: 2 intersecting
step 14 with no progress (num=2, old_num=2)
014: 2 intersecting
step 15 with no progress (num=2, old_num=2)
015: 2 intersecting
step 16 with no progress (num=2, old_num=2)
terminating search with 2 intersecting
Area    305652  0.34904  0.11874 0.000094   2.0413
Corner  916956 60.00000 12.79041 0.173592 179.0956
Edge    458478  0.90784  0.19754 0.009435   3.5155
Hinge   458478  8.88034 10.11103 0.000034 179.9382
Reading in aparc ../label/rh.aparc.annot
Reading in input volume brain.finalsurfs.mgz
Reading in wm volume wm.mgz
MRIclipBrightWM(): nthresh=14777, wmmin=5, clip=110 
MRIfindBrightNonWM(): 78 bright non-wm voxels segmented.
Masking bright non-wm for white surface
MRImask(): AllowDiffGeom = 1
MRImask(): AllowDiffGeom = 1
Reading in seg volume aseg.presurf.mgz
Ripping frozen voxels
Ripping vertices not in label ../label/rh.cortex.label
MRISripNotLabel() ripped 8671/152828 vertices (144157 unripped)
Reading in ripping surface ../surf/rh.white.preaparc
Reading in aparc ../label/rh.aparc.annot for ripsurf
Ripping BG
MRISripBasalGanglia(): 1 -2 2 0.5 ripped 451
Ripping segs (eg, WMSA, BG, frozen)
Starting MRISripSegs() d = (-2 2 0.5) segnos: 247 
MRISripSegs(): -2 2 0.5 ripped 0
vertex 76414: xyz = (33.2824,8.37403,30.7335) oxyz = (33.2824,8.37403,30.7335) wxzy = (33.2824,8.37403,30.7335) pxyz = (0,0,0) 
CBVO Creating mask 152828
n_averages 4
Iteration 0 =========================================
n_averages=4, current_sigma=2
Computing target border values 
Entering MRIScomputeBorderValues_new(): 
  inside_hi   = 120.0000000;
  border_hi   = 110.9434200;
  border_low  =  60.0000000;
  outside_low =  49.2005160;
  outside_hi  = 110.9434200;
  sigma = 2;
  max_thickness = 10;
  step_size=0.5;
  STEP_SIZE=0.1;
  which = 1
  thresh = 0
  flags = 0
  CBVfindFirstPeakD1=0
  CBVfindFirstPeakD2=0
  nvertices=152828
  Gdiag_no=-1
  vno start=0, stop=152828
Replacing 255s with 0s
#SI# sigma=2 had to be increased for 80 vertices, nripped=9122
mean border=75.0, 89 (89) missing vertices, mean dist 0.2 [0.8 (%15.4)->0.4 (%84.6))]
%73 local maxima, %21 large gradients and % 0 min vals, 0 gradients ignored
nFirstPeakD1 0
MRIScomputeBorderValues_new() finished in 0.0126 min


Finding expansion regions
mean absolute distance = 0.46 +- 0.82
2287 vertices more than 2 sigmas from mean.
Averaging target values for 5 iterations...
Positioning Surface: tspring = 0.3, nspring = 0.3, spring = 0, niters = 100 l_repulse = 5, l_surf_repulse = 0, checktol = 0
Positioning pial surface
Entering MRISpositionSurface()
  max_mm = 0.3
  MAX_REDUCTIONS = 2, REDUCTION_PCT = 0.5
  parms->check_tol = 0, niterations = 100
tol=1.0e-04, sigma=2.0, host=dna07, nav=4, nbrs=2, l_repulse=5.000, l_tspring=0.300, l_nspring=0.300, l_intensity=0.200, l_curv=1.000
mom=0.00, dt=0.50
complete_dist_mat 0
rms 0
smooth_averages 0
remove_neg 0
ico_order 0
which_surface 0
target_radius 0.000000
nfields 0
scale 0.000000
desired_rms_height 0.000000
momentum 0.000000
nbhd_size 0
max_nbrs 0
niterations 100
nsurfaces 0
SURFACES 3
flags 0 (0)
use curv 0
no sulc 0
no rigid align 0
mris->nsize 2
mris->hemisphere 1
randomSeed 0

000: dt: 0.0000, sse=1710309.4, rms=7.195
001: dt: 0.5000, sse=728977.5, rms=4.197 (41.670%)
002: dt: 0.5000, sse=546040.5, rms=3.351 (20.149%)
rms = 3.3650/3.3513, sse=551680.9/546040.5, time step reduction 1 of 3 to 0.250  0 1 1
   RMS increased, rejecting step
003: dt: 0.2500, sse=374063.8, rms=2.275 (32.121%)
004: dt: 0.2500, sse=301694.6, rms=1.617 (28.906%)
005: dt: 0.2500, sse=277510.2, rms=1.325 (18.043%)
006: dt: 0.2500, sse=272851.0, rms=1.216 (8.257%)
007: dt: 0.2500, sse=266179.7, rms=1.148 (5.568%)
rms = 1.1162/1.1483, sse=268181.2/266179.7, time step reduction 2 of 3 to 0.125  0 1 1
008: dt: 0.2500, sse=268181.2, rms=1.116 (2.797%)
009: dt: 0.1250, sse=260024.7, rms=1.064 (4.653%)
rms = 1.0545/1.0643, sse=259696.4/260024.7, time step reduction 3 of 3 to 0.062  0 0 1
010: dt: 0.1250, sse=259696.4, rms=1.055 (0.915%)
  maximum number of reductions reached, breaking from loop
positioning took 0.9 minutes
Iteration 1 =========================================
n_averages=2, current_sigma=1
Computing target border values 
Entering MRIScomputeBorderValues_new(): 
  inside_hi   = 120.0000000;
  border_hi   = 110.9434200;
  border_low  =  60.0000000;
  outside_low =  49.2005160;
  outside_hi  = 110.9434200;
  sigma = 1;
  max_thickness = 10;
  step_size=0.5;
  STEP_SIZE=0.1;
  which = 1
  thresh = 0
  flags = 0
  CBVfindFirstPeakD1=0
  CBVfindFirstPeakD2=0
  nvertices=152828
  Gdiag_no=-1
  vno start=0, stop=152828
Replacing 255s with 0s
#SI# sigma=1 had to be increased for 73 vertices, nripped=9122
mean border=77.5, 82 (29) missing vertices, mean dist -0.2 [0.3 (%73.1)->0.2 (%26.9))]
%81 local maxima, %13 large gradients and % 0 min vals, 0 gradients ignored
nFirstPeakD1 0
MRIScomputeBorderValues_new() finished in 0.0144 min


Finding expansion regions
mean absolute distance = 0.28 +- 0.62
1929 vertices more than 2 sigmas from mean.
Averaging target values for 5 iterations...
Positioning Surface: tspring = 0.3, nspring = 0.3, spring = 0, niters = 100 l_repulse = 5, l_surf_repulse = 0, checktol = 0
Positioning pial surface
Entering MRISpositionSurface()
  max_mm = 0.3
  MAX_REDUCTIONS = 2, REDUCTION_PCT = 0.5
  parms->check_tol = 0, niterations = 100
tol=1.0e-04, sigma=1.0, host=dna07, nav=2, nbrs=2, l_repulse=5.000, l_tspring=0.300, l_nspring=0.300, l_intensity=0.200, l_curv=1.000
mom=0.00, dt=0.50
000: dt: 0.0000, sse=721088.7, rms=4.102
011: dt: 0.5000, sse=453536.4, rms=2.741 (33.184%)
rms = 3.0467/2.7410, sse=502908.3/453536.4, time step reduction 1 of 3 to 0.250  0 1 1
   RMS increased, rejecting step
012: dt: 0.2500, sse=329634.8, rms=1.782 (34.982%)
013: dt: 0.2500, sse=281129.2, rms=1.237 (30.600%)
014: dt: 0.2500, sse=268175.0, rms=1.030 (16.754%)
015: dt: 0.2500, sse=263666.3, rms=0.974 (5.391%)
rms = 0.9391/0.9741, sse=262654.3/263666.3, time step reduction 2 of 3 to 0.125  0 0 1
016: dt: 0.2500, sse=262654.3, rms=0.939 (3.593%)
rms = 0.8934/0.9391, sse=261236.7/262654.3, time step reduction 3 of 3 to 0.062  0 0 1
017: dt: 0.1250, sse=261236.7, rms=0.893 (4.870%)
  maximum number of reductions reached, breaking from loop
positioning took 0.6 minutes
Iteration 2 =========================================
n_averages=1, current_sigma=0.5
Computing target border values 
Entering MRIScomputeBorderValues_new(): 
  inside_hi   = 120.0000000;
  border_hi   = 110.9434200;
  border_low  =  60.0000000;
  outside_low =  49.2005160;
  outside_hi  = 110.9434200;
  sigma = 0.5;
  max_thickness = 10;
  step_size=0.5;
  STEP_SIZE=0.1;
  which = 1
  thresh = 0
  flags = 0
  CBVfindFirstPeakD1=0
  CBVfindFirstPeakD2=0
  nvertices=152828
  Gdiag_no=-1
  vno start=0, stop=152828
Replacing 255s with 0s
#SI# sigma=0.5 had to be increased for 62 vertices, nripped=9122
mean border=79.4, 102 (24) missing vertices, mean dist -0.1 [0.2 (%68.7)->0.2 (%31.3))]
%86 local maxima, % 8 large gradients and % 0 min vals, 0 gradients ignored
nFirstPeakD1 0
MRIScomputeBorderValues_new() finished in 0.0076 min


Finding expansion regions
mean absolute distance = 0.23 +- 0.46
2180 vertices more than 2 sigmas from mean.
Averaging target values for 5 iterations...
Positioning Surface: tspring = 0.3, nspring = 0.3, spring = 0, niters = 100 l_repulse = 5, l_surf_repulse = 0, checktol = 0
Positioning pial surface
Entering MRISpositionSurface()
  max_mm = 0.3
  MAX_REDUCTIONS = 2, REDUCTION_PCT = 0.5
  parms->check_tol = 0, niterations = 100
tol=1.0e-04, sigma=0.5, host=dna07, nav=1, nbrs=2, l_repulse=5.000, l_tspring=0.300, l_nspring=0.300, l_intensity=0.200, l_curv=1.000
mom=0.00, dt=0.50
000: dt: 0.0000, sse=456336.1, rms=2.779
018: dt: 0.5000, sse=445316.7, rms=2.701 (2.812%)
rms = 3.0826/2.7011, sse=504854.9/445316.7, time step reduction 1 of 3 to 0.250  0 1 1
   RMS increased, rejecting step
019: dt: 0.2500, sse=307693.2, rms=1.608 (40.453%)
020: dt: 0.2500, sse=268640.1, rms=1.119 (30.437%)
021: dt: 0.2500, sse=258303.0, rms=0.939 (16.105%)
rms = 0.9217/0.9387, sse=257207.3/258302.9, time step reduction 2 of 3 to 0.125  0 0 1
022: dt: 0.2500, sse=257207.3, rms=0.922 (1.810%)
023: dt: 0.1250, sse=252721.4, rms=0.835 (9.429%)
rms = 0.8263/0.8348, sse=252244.6/252721.4, time step reduction 3 of 3 to 0.062  0 0 1
024: dt: 0.1250, sse=252244.5, rms=0.826 (1.012%)
  maximum number of reductions reached, breaking from loop
positioning took 0.6 minutes
Iteration 3 =========================================
n_averages=0, current_sigma=0.25
Computing target border values 
Entering MRIScomputeBorderValues_new(): 
  inside_hi   = 120.0000000;
  border_hi   = 110.9434200;
  border_low  =  60.0000000;
  outside_low =  49.2005160;
  outside_hi  = 110.9434200;
  sigma = 0.25;
  max_thickness = 10;
  step_size=0.5;
  STEP_SIZE=0.1;
  which = 1
  thresh = 0
  flags = 0
  CBVfindFirstPeakD1=0
  CBVfindFirstPeakD2=0
  nvertices=152828
  Gdiag_no=-1
  vno start=0, stop=152828
Replacing 255s with 0s
#SI# sigma=0.25 had to be increased for 58 vertices, nripped=9122
mean border=80.2, 121 (23) missing vertices, mean dist -0.0 [0.2 (%55.8)->0.2 (%44.2))]
%88 local maxima, % 6 large gradients and % 0 min vals, 0 gradients ignored
nFirstPeakD1 0
MRIScomputeBorderValues_new() finished in 0.0040 min


Finding expansion regions
mean absolute distance = 0.21 +- 0.37
2294 vertices more than 2 sigmas from mean.
Averaging target values for 5 iterations...
Positioning Surface: tspring = 0.3, nspring = 0.3, spring = 0, niters = 100 l_repulse = 5, l_surf_repulse = 0, checktol = 0
Positioning pial surface
Entering MRISpositionSurface()
  max_mm = 0.3
  MAX_REDUCTIONS = 2, REDUCTION_PCT = 0.5
  parms->check_tol = 0, niterations = 100
tol=1.0e-04, sigma=0.2, host=dna07, nav=0, nbrs=2, l_repulse=5.000, l_tspring=0.300, l_nspring=0.300, l_intensity=0.200, l_curv=1.000
mom=0.00, dt=0.50
000: dt: 0.0000, sse=298839.6, rms=1.543
rms = 1.7763/1.5426, sse=323757.2/298839.6, time step reduction 1 of 3 to 0.250  0 1 1
   RMS increased, rejecting step
025: dt: 0.2500, sse=260882.2, rms=1.028 (33.361%)
026: dt: 0.2500, sse=246208.1, rms=0.726 (29.350%)
rms = 0.7279/0.7263, sse=245393.3/246208.1, time step reduction 2 of 3 to 0.125  0 0 1
   RMS increased, rejecting step
rms = 0.6973/0.7263, sse=244750.3/246208.1, time step reduction 3 of 3 to 0.062  0 0 1
027: dt: 0.1250, sse=244750.3, rms=0.697 (3.988%)
  maximum number of reductions reached, breaking from loop
positioning took 0.4 minutes


Writing output to ../surf/rh.white
#ET# mris_place_surface  2.64 minutes
#VMPC# mris_place_surfaces VmPeak  3286528
mris_place_surface done
#--------------------------------------------
#@# T1PialSurf rh Sat Mar 14 01:10:51 CET 2026
cd /out/sourcedata/freesurfer/sub-v2s7x29666_ses-1/mri
mris_place_surface --adgws-in ../surf/autodet.gw.stats.rh.dat --seg aseg.presurf.mgz --threads 16 --wm wm.mgz --invol brain.finalsurfs.mgz --rh --i ../surf/rh.white --o ../surf/rh.pial.T1 --pial --nsmooth 0 --rip-label ../label/rh.cortex+hipamyg.label --pin-medial-wall ../label/rh.cortex.label --aparc ../label/rh.aparc.annot --repulse-surf ../surf/rh.white --white-surf ../surf/rh.white
7.3.2
7.3.2

cd /out/sourcedata/freesurfer/sub-v2s7x29666_ses-1/mri
setenv SUBJECTS_DIR /out/sourcedata/freesurfer
mris_place_surface --adgws-in ../surf/autodet.gw.stats.rh.dat --seg aseg.presurf.mgz --threads 16 --wm wm.mgz --invol brain.finalsurfs.mgz --rh --i ../surf/rh.white --o ../surf/rh.pial.T1 --pial --nsmooth 0 --rip-label ../label/rh.cortex+hipamyg.label --pin-medial-wall ../label/rh.cortex.label --aparc ../label/rh.aparc.annot --repulse-surf ../surf/rh.white --white-surf ../surf/rh.white 

Reading in input surface ../surf/rh.white
Not smoothing input surface
Area    305652  0.35207  0.13194 0.000613   3.9809
Corner  916956 60.00000 13.93954 0.614005 177.4417
Edge    458478  0.91290  0.21455 0.010223   4.7476
Hinge   458478  8.91791 10.12132 0.000007 179.8191
Reading white surface coordinates from ../surf/rh.white
Reading repulsion surface coordinates from ../surf/rh.white
Reading in aparc ../label/rh.aparc.annot
Reading in input volume brain.finalsurfs.mgz
Reading in wm volume wm.mgz
MRIclipBrightWM(): nthresh=14777, wmmin=5, clip=110 
MRIfindBrightNonWM(): 78 bright non-wm voxels segmented.
Masking bright non-wm for pial surface mid_gray = 60.3291
MRImask(): AllowDiffGeom = 1
MRImask(): AllowDiffGeom = 1
MRImask(): AllowDiffGeom = 1
Reading in seg volume aseg.presurf.mgz
Ripping frozen voxels
Ripping vertices not in label ../label/rh.cortex+hipamyg.label
MRISripNotLabel() ripped 6303/152828 vertices (146525 unripped)
INFO: rip surface needed but not specified, so using input surface
Ripping segs (eg, WMSA, BG, frozen)
Starting MRISripSegs() d = (-2 2 0.5) segnos: 247 
MRISripSegs(): -2 2 0.5 ripped 0
vertex 76414: xyz = (33.2547,8.39289,30.7233) oxyz = (33.2547,8.39289,30.7233) wxzy = (33.2547,8.39289,30.7233) pxyz = (33.2547,8.39289,30.7233) 
CBVO Creating mask 152828
n_averages 16
Iteration 0 =========================================
n_averages=16, current_sigma=2
Computing target border values 
Entering MRIScomputeBorderValues_new(): 
  inside_hi   =  93.0565800;
  border_hi   =  49.2005160;
  border_low  =  27.6015550;
  outside_low =  10.0000000;
  outside_hi  =  43.8007740;
  sigma = 2;
  max_thickness = 10;
  step_size=0.5;
  STEP_SIZE=0.1;
  which = 2
  thresh = 0
  flags = 0
  CBVfindFirstPeakD1=0
  CBVfindFirstPeakD2=0
  nvertices=152828
  Gdiag_no=-1
  vno start=0, stop=152828
Replacing 255s with 0s
#SI# sigma=2 had to be increased for 134 vertices, nripped=6303
mean border=48.4, 132 (132) missing vertices, mean dist 1.5 [0.0 (%0.0)->2.6 (%100.0))]
% 9 local maxima, %47 large gradients and %40 min vals, 0 gradients ignored
nFirstPeakD1 0
MRIScomputeBorderValues_new() finished in 0.0119 min


Averaging target values for 5 iterations...
Positioning Surface: tspring = 0.3, nspring = 0.3, spring = 0, niters = 100 l_repulse = 0, l_surf_repulse = 5, checktol = 0
Positioning pial surface
Entering MRISpositionSurface()
  max_mm = 0.3
  MAX_REDUCTIONS = 2, REDUCTION_PCT = 0.5
  parms->check_tol = 0, niterations = 100
tol=1.0e-04, sigma=2.0, host=dna07, nav=16, nbrs=2, l_surf_repulse=5.000, l_tspring=0.300, l_nspring=0.300, l_intensity=0.200, l_curv=1.000
mom=0.00, dt=0.50
complete_dist_mat 0
rms 0
smooth_averages 0
remove_neg 0
ico_order 0
which_surface 0
target_radius 0.000000
nfields 0
scale 0.000000
desired_rms_height 0.000000
momentum 0.000000
nbhd_size 0
max_nbrs 0
niterations 100
nsurfaces 0
SURFACES 3
flags 0 (0)
use curv 0
no sulc 0
no rigid align 0
mris->nsize 2
mris->hemisphere 1
randomSeed 0

000: dt: 0.0000, sse=30957950.0, rms=32.396
001: dt: 0.5000, sse=20667018.0, rms=26.419 (18.449%)
002: dt: 0.5000, sse=13293391.0, rms=21.120 (20.058%)
003: dt: 0.5000, sse=8469795.0, rms=16.769 (20.601%)
004: dt: 0.5000, sse=5498931.5, rms=13.402 (20.080%)
005: dt: 0.5000, sse=3712590.2, rms=10.884 (18.787%)
006: dt: 0.5000, sse=2639226.8, rms=9.037 (16.972%)
007: dt: 0.5000, sse=1979943.0, rms=7.682 (14.997%)
008: dt: 0.5000, sse=1589532.4, rms=6.748 (12.152%)
009: dt: 0.5000, sse=1345079.2, rms=6.088 (9.779%)
010: dt: 0.5000, sse=1185113.2, rms=5.612 (7.821%)
011: dt: 0.5000, sse=1066930.9, rms=5.232 (6.778%)
012: dt: 0.5000, sse=958790.6, rms=4.858 (7.140%)
013: dt: 0.5000, sse=846183.8, rms=4.437 (8.661%)
014: dt: 0.5000, sse=772703.8, rms=4.139 (6.733%)
015: dt: 0.5000, sse=713142.2, rms=3.879 (6.264%)
016: dt: 0.5000, sse=683643.3, rms=3.742 (3.548%)
017: dt: 0.5000, sse=658007.9, rms=3.618 (3.310%)
rms = 3.5982/3.6179, sse=654761.9/658008.0, time step reduction 1 of 3 to 0.250  0 0 1
018: dt: 0.5000, sse=654761.9, rms=3.598 (0.545%)
019: dt: 0.2500, sse=576669.9, rms=3.189 (11.376%)
020: dt: 0.2500, sse=559116.9, rms=3.090 (3.086%)
rms = 3.0705/3.0905, sse=555914.9/559116.9, time step reduction 2 of 3 to 0.125  0 0 1
021: dt: 0.2500, sse=555914.9, rms=3.071 (0.646%)
022: dt: 0.1250, sse=538321.1, rms=2.968 (3.341%)
rms = 2.9373/2.9679, sse=533218.1/538321.1, time step reduction 3 of 3 to 0.062  0 0 1
023: dt: 0.1250, sse=533218.1, rms=2.937 (1.034%)
  maximum number of reductions reached, breaking from loop
positioning took 1.7 minutes
Iteration 1 =========================================
n_averages=8, current_sigma=1
Computing target border values 
Entering MRIScomputeBorderValues_new(): 
  inside_hi   =  93.0565800;
  border_hi   =  49.2005160;
  border_low  =  27.6015550;
  outside_low =  10.0000000;
  outside_hi  =  43.8007740;
  sigma = 1;
  max_thickness = 10;
  step_size=0.5;
  STEP_SIZE=0.1;
  which = 2
  thresh = 0
  flags = 0
  CBVfindFirstPeakD1=0
  CBVfindFirstPeakD2=0
  nvertices=152828
  Gdiag_no=-1
  vno start=0, stop=152828
Replacing 255s with 0s
#SI# sigma=1 had to be increased for 10484 vertices, nripped=6303
mean border=47.1, 1554 (19) missing vertices, mean dist 0.2 [0.2 (%58.5)->0.9 (%41.5))]
%15 local maxima, %44 large gradients and %36 min vals, 0 gradients ignored
nFirstPeakD1 0
MRIScomputeBorderValues_new() finished in 0.0050 min


Averaging target values for 5 iterations...
Positioning Surface: tspring = 0.3, nspring = 0.3, spring = 0, niters = 100 l_repulse = 0, l_surf_repulse = 5, checktol = 0
Positioning pial surface
Entering MRISpositionSurface()
  max_mm = 0.3
  MAX_REDUCTIONS = 2, REDUCTION_PCT = 0.5
  parms->check_tol = 0, niterations = 100
tol=1.0e-04, sigma=1.0, host=dna07, nav=8, nbrs=2, l_surf_repulse=5.000, l_tspring=0.300, l_nspring=0.300, l_intensity=0.200, l_curv=1.000
mom=0.00, dt=0.50
000: dt: 0.0000, sse=768444.4, rms=3.899
024: dt: 0.5000, sse=741807.4, rms=3.776 (3.146%)
025: dt: 0.5000, sse=676947.3, rms=3.479 (7.857%)
rms = 3.6416/3.4792, sse=711781.5/676947.3, time step reduction 1 of 3 to 0.250  0 1 1
   RMS increased, rejecting step
026: dt: 0.2500, sse=615983.4, rms=3.156 (9.286%)
027: dt: 0.2500, sse=608037.8, rms=3.106 (1.602%)
rms = 3.1324/3.1056, sse=613159.0/608037.7, time step reduction 2 of 3 to 0.125  0 1 1
   RMS increased, rejecting step
028: dt: 0.1250, sse=599022.4, rms=3.055 (1.640%)
029: dt: 0.1250, sse=588596.3, rms=2.993 (2.003%)
rms = 2.9684/2.9935, sse=584410.8/588596.3, time step reduction 3 of 3 to 0.062  0 0 1
030: dt: 0.1250, sse=584410.8, rms=2.968 (0.837%)
  maximum number of reductions reached, breaking from loop
positioning took 0.7 minutes
Iteration 2 =========================================
n_averages=4, current_sigma=0.5
Computing target border values 
Entering MRIScomputeBorderValues_new(): 
  inside_hi   =  93.0565800;
  border_hi   =  49.2005160;
  border_low  =  27.6015550;
  outside_low =  10.0000000;
  outside_hi  =  43.8007740;
  sigma = 0.5;
  max_thickness = 10;
  step_size=0.5;
  STEP_SIZE=0.1;
  which = 2
  thresh = 0
  flags = 0
  CBVfindFirstPeakD1=0
  CBVfindFirstPeakD2=0
  nvertices=152828
  Gdiag_no=-1
  vno start=0, stop=152828
Replacing 255s with 0s
#SI# sigma=0.5 had to be increased for 12523 vertices, nripped=6303
mean border=46.3, 2204 (12) missing vertices, mean dist 0.1 [0.2 (%53.8)->0.7 (%46.2))]
%24 local maxima, %34 large gradients and %36 min vals, 0 gradients ignored
nFirstPeakD1 0
MRIScomputeBorderValues_new() finished in 0.0040 min


Averaging target values for 5 iterations...
Positioning Surface: tspring = 0.3, nspring = 0.3, spring = 0, niters = 100 l_repulse = 0, l_surf_repulse = 5, checktol = 0
Positioning pial surface
Entering MRISpositionSurface()
  max_mm = 0.3
  MAX_REDUCTIONS = 2, REDUCTION_PCT = 0.5
  parms->check_tol = 0, niterations = 100
tol=1.0e-04, sigma=0.5, host=dna07, nav=4, nbrs=2, l_surf_repulse=5.000, l_tspring=0.300, l_nspring=0.300, l_intensity=0.200, l_curv=1.000
mom=0.00, dt=0.50
000: dt: 0.0000, sse=682276.4, rms=3.454
rms = 3.5896/3.4538, sse=710638.2/682276.5, time step reduction 1 of 3 to 0.250  0 1 1
   RMS increased, rejecting step
031: dt: 0.2500, sse=647576.8, rms=3.275 (5.179%)
032: dt: 0.2500, sse=626791.8, rms=3.162 (3.433%)
rms = 3.1993/3.1625, sse=633791.1/626791.8, time step reduction 2 of 3 to 0.125  0 1 1
   RMS increased, rejecting step
rms = 3.1140/3.1625, sse=618054.2/626791.8, time step reduction 3 of 3 to 0.062  0 0 1
033: dt: 0.1250, sse=618054.2, rms=3.114 (1.532%)
  maximum number of reductions reached, breaking from loop
positioning took 0.4 minutes
Iteration 3 =========================================
n_averages=2, current_sigma=0.25
Computing target border values 
Entering MRIScomputeBorderValues_new(): 
  inside_hi   =  93.0565800;
  border_hi   =  49.2005160;
  border_low  =  27.6015550;
  outside_low =  10.0000000;
  outside_hi  =  43.8007740;
  sigma = 0.25;
  max_thickness = 10;
  step_size=0.5;
  STEP_SIZE=0.1;
  which = 2
  thresh = 0
  flags = 0
  CBVfindFirstPeakD1=0
  CBVfindFirstPeakD2=0
  nvertices=152828
  Gdiag_no=-1
  vno start=0, stop=152828
Replacing 255s with 0s
#SI# sigma=0.25 had to be increased for 10906 vertices, nripped=6303
mean border=45.6, 4903 (11) missing vertices, mean dist 0.1 [0.2 (%50.7)->0.6 (%49.3))]
%31 local maxima, %27 large gradients and %34 min vals, 0 gradients ignored
nFirstPeakD1 0
MRIScomputeBorderValues_new() finished in 0.0030 min


Averaging target values for 5 iterations...
Positioning Surface: tspring = 0.3, nspring = 0.3, spring = 0, niters = 100 l_repulse = 0, l_surf_repulse = 5, checktol = 0
Positioning pial surface
Entering MRISpositionSurface()
  max_mm = 0.3
  MAX_REDUCTIONS = 2, REDUCTION_PCT = 0.5
  parms->check_tol = 0, niterations = 100
tol=1.0e-04, sigma=0.2, host=dna07, nav=2, nbrs=2, l_surf_repulse=5.000, l_tspring=0.300, l_nspring=0.300, l_intensity=0.200, l_curv=1.000
mom=0.00, dt=0.50
000: dt: 0.0000, sse=665042.4, rms=3.359
rms = 3.4959/3.3588, sse=691540.6/665042.5, time step reduction 1 of 3 to 0.250  0 1 1
   RMS increased, rejecting step
034: dt: 0.2500, sse=627694.1, rms=3.161 (5.891%)
035: dt: 0.2500, sse=602578.1, rms=3.023 (4.353%)
rms = 3.0464/3.0233, sse=606452.0/602578.0, time step reduction 2 of 3 to 0.125  0 1 1
   RMS increased, rejecting step
036: dt: 0.1250, sse=592488.5, rms=2.965 (1.929%)
037: dt: 0.1250, sse=578171.9, rms=2.880 (2.853%)
038: dt: 0.1250, sse=566860.9, rms=2.813 (2.339%)
rms = 2.7745/2.8130, sse=560455.0/566860.9, time step reduction 3 of 3 to 0.062  0 0 1
039: dt: 0.1250, sse=560455.0, rms=2.775 (1.369%)
  maximum number of reductions reached, breaking from loop
positioning took 0.6 minutes
Pinning medial wall to white surface
removing intersecting faces
000: 24 intersecting
001: 3 intersecting
terminating search with 0 intersecting


Writing output to ../surf/rh.pial.T1
#ET# mris_place_surface  3.56 minutes
#VMPC# mris_place_surfaces VmPeak  2497208
mris_place_surface done
#@# white curv rh Sat Mar 14 01:14:29 CET 2026
cd /out/sourcedata/freesurfer/sub-v2s7x29666_ses-1/mri
mris_place_surface --curv-map ../surf/rh.white 2 10 ../surf/rh.curv
insurf  ../surf/rh.white, nbrs 2, curvature_avgs 10
writing curvature file ../surf/rh.curv
#@# white area rh Sat Mar 14 01:14:30 CET 2026
cd /out/sourcedata/freesurfer/sub-v2s7x29666_ses-1/mri
mris_place_surface --area-map ../surf/rh.white ../surf/rh.area
writing curvature file ../surf/rh.area
#@# pial curv rh Sat Mar 14 01:14:31 CET 2026
cd /out/sourcedata/freesurfer/sub-v2s7x29666_ses-1/mri
mris_place_surface --curv-map ../surf/rh.pial 2 10 ../surf/rh.curv.pial
insurf  ../surf/rh.pial, nbrs 2, curvature_avgs 10
writing curvature file ../surf/rh.curv.pial
#@# pial area rh Sat Mar 14 01:14:32 CET 2026
cd /out/sourcedata/freesurfer/sub-v2s7x29666_ses-1/mri
mris_place_surface --area-map ../surf/rh.pial ../surf/rh.area.pial
writing curvature file ../surf/rh.area.pial
#@# thickness rh Sat Mar 14 01:14:33 CET 2026
cd /out/sourcedata/freesurfer/sub-v2s7x29666_ses-1/mri
mris_place_surface --thickness ../surf/rh.white ../surf/rh.pial 20 5 ../surf/rh.thickness
0 of 152828 vertices processed
25000 of 152828 vertices processed
50000 of 152828 vertices processed
75000 of 152828 vertices processed
100000 of 152828 vertices processed
125000 of 152828 vertices processed
150000 of 152828 vertices processed
0 of 152828 vertices processed
25000 of 152828 vertices processed
50000 of 152828 vertices processed
75000 of 152828 vertices processed
100000 of 152828 vertices processed
125000 of 152828 vertices processed
150000 of 152828 vertices processed
thickness calculation complete, 244:1017 truncations.
74995 vertices at 0 distance
132563 vertices at 1 distance
61804 vertices at 2 distance
21747 vertices at 3 distance
8404 vertices at 4 distance
3475 vertices at 5 distance
1428 vertices at 6 distance
554 vertices at 7 distance
220 vertices at 8 distance
113 vertices at 9 distance
86 vertices at 10 distance
71 vertices at 11 distance
52 vertices at 12 distance
43 vertices at 13 distance
29 vertices at 14 distance
23 vertices at 15 distance
14 vertices at 16 distance
15 vertices at 17 distance
12 vertices at 18 distance
5 vertices at 19 distance
3 vertices at 20 distance
writing curvature file ../surf/rh.thickness
#@# area and vertex vol rh Sat Mar 14 01:14:57 CET 2026
cd /out/sourcedata/freesurfer/sub-v2s7x29666_ses-1/mri
mris_place_surface --thickness ../surf/rh.white ../surf/rh.pial 20 5 ../surf/rh.thickness
/out/sourcedata/freesurfer/sub-v2s7x29666_ses-1/surf
mris_calc -o rh.area.mid rh.area add rh.area.pial
Saving result to 'rh.area.mid' (type = MRI_CURV_FILE)                       [ ok ]
mris_calc -o rh.area.mid rh.area.mid div 2
Saving result to 'rh.area.mid' (type = MRI_CURV_FILE)                       [ ok ]
mris_convert --volume sub-v2s7x29666_ses-1 rh /out/sourcedata/freesurfer/sub-v2s7x29666_ses-1/surf/rh.volume
masking with /out/sourcedata/freesurfer/sub-v2s7x29666_ses-1/label/rh.cortex.label
Total face volume 273718
Total vertex volume 273464 (mask=0)
#@# sub-v2s7x29666_ses-1 rh 273464
 
vertexvol Done

#-----------------------------------------
#@# Curvature Stats rh Sat Mar 14 01:14:58 CET 2026
/out/sourcedata/freesurfer/sub-v2s7x29666_ses-1/surf

 mris_curvature_stats -m --writeCurvatureFiles -G -o ../stats/rh.curv.stats -F smoothwm sub-v2s7x29666_ses-1 rh curv sulc 

             Toggling save flag on curvature files                       [ ok ]
                 Outputting results using filestem   [ ../stats/rh.curv.stats ]
             Toggling save flag on curvature files                       [ ok ]
                                   Setting surface [ sub-v2s7x29666_ses-1/rh.smoothwm ]
                                Reading surface...                       [ ok ]
                                   Setting texture                     [ curv ]
                                Reading texture...                       [ ok ]
                                   Setting texture                     [ sulc ]
                                Reading texture...Gb_filter = 0
                       [ ok ]
      Calculating Discrete Principal Curvatures...
      Determining geometric order for vno faces... [####################] [ ok ]
                      Determining KH curvatures... [####################] [ ok ]
                    Determining k1k2 curvatures... [####################] [ ok ]
                                   deltaViolations                      [ 268 ]
Gb_filter = 0

WARN:    S lookup   min:                          -0.205904
WARN:    S explicit min:                          0.000000	vertex = 122
#-----------------------------------------
#@# Cortical Parc 2 rh Sat Mar 14 01:15:00 CET 2026
/out/sourcedata/freesurfer/sub-v2s7x29666_ses-1/scripts

 mris_ca_label -l ../label/rh.cortex.label -aseg ../mri/aseg.presurf.mgz -seed 1234 sub-v2s7x29666_ses-1 rh ../surf/rh.sphere.reg /opt/freesurfer/average/rh.CDaparc.atlas.acfb40.noaparc.i12.2016-08-02.gcs ../label/rh.aparc.a2009s.annot 

setting seed for random number generator to 1234
using ../mri/aseg.presurf.mgz aseg volume to correct midline
7.3.2
  7.3.2
reading atlas from /opt/freesurfer/average/rh.CDaparc.atlas.acfb40.noaparc.i12.2016-08-02.gcs...
reading color table from GCSA file....
average std = 1.4   using min determinant for regularization = 0.021
0 singular and 0 ill-conditioned covariance matrices regularized
input 0: MEAN CURVATURE, flags 0, avgs 5, name mean_curvature
labeling surface...
3 labels changed using aseg
relabeling using gibbs priors...
000:  10236 changed, 152828 examined...
001:   2353 changed, 39663 examined...
002:    636 changed, 12455 examined...
003:    275 changed, 3648 examined...
004:    148 changed, 1589 examined...
005:     81 changed, 841 examined...
006:     41 changed, 476 examined...
007:     21 changed, 235 examined...
008:     14 changed, 122 examined...
009:      7 changed, 78 examined...
010:      2 changed, 42 examined...
011:      1 changed, 15 examined...
012:      0 changed, 9 examined...
0 labels changed using aseg
000: 253 total segments, 169 labels (2583 vertices) changed
001: 96 total segments, 13 labels (271 vertices) changed
002: 83 total segments, 0 labels (0 vertices) changed
10 filter iterations complete (10 requested, 24 changed)
rationalizing unknown annotations with cortex label
relabeling Medial_wall label...
1199 vertices marked for relabeling...
1199 labels changed in reclassification.
writing output to ../label/rh.aparc.a2009s.annot...
classification took 0 minutes and 11 seconds.
#-----------------------------------------
#@# Cortical Parc 3 rh Sat Mar 14 01:15:11 CET 2026
/out/sourcedata/freesurfer/sub-v2s7x29666_ses-1/scripts

 mris_ca_label -l ../label/rh.cortex.label -aseg ../mri/aseg.presurf.mgz -seed 1234 sub-v2s7x29666_ses-1 rh ../surf/rh.sphere.reg /opt/freesurfer/average/rh.DKTaparc.atlas.acfb40.noaparc.i12.2016-08-02.gcs ../label/rh.aparc.DKTatlas.annot 

setting seed for random number generator to 1234
using ../mri/aseg.presurf.mgz aseg volume to correct midline
7.3.2
  7.3.2
reading atlas from /opt/freesurfer/average/rh.DKTaparc.atlas.acfb40.noaparc.i12.2016-08-02.gcs...
reading color table from GCSA file....
average std = 0.9   using min determinant for regularization = 0.009
0 singular and 325 ill-conditioned covariance matrices regularized
input 0: MEAN CURVATURE, flags 0, avgs 5, name mean_curvature
labeling surface...
2066 labels changed using aseg
relabeling using gibbs priors...
000:   2225 changed, 152828 examined...
001:    442 changed, 10267 examined...
002:    134 changed, 2562 examined...
003:     59 changed, 843 examined...
004:     32 changed, 355 examined...
005:     23 changed, 200 examined...
006:     17 changed, 123 examined...
007:     11 changed, 87 examined...
008:      7 changed, 58 examined...
009:      4 changed, 32 examined...
010:      1 changed, 23 examined...
011:      0 changed, 8 examined...
255 labels changed using aseg
000: 56 total segments, 23 labels (91 vertices) changed
001: 33 total segments, 0 labels (0 vertices) changed
10 filter iterations complete (10 requested, 8 changed)
rationalizing unknown annotations with cortex label
relabeling unknown label...
relabeling corpuscallosum label...
1000 vertices marked for relabeling...
1000 labels changed in reclassification.
writing output to ../label/rh.aparc.DKTatlas.annot...
classification took 0 minutes and 8 seconds.
#-----------------------------------------
#@# WM/GM Contrast rh Sat Mar 14 01:15:19 CET 2026
/out/sourcedata/freesurfer/sub-v2s7x29666_ses-1/scripts

 pctsurfcon --s sub-v2s7x29666_ses-1 --rh-only 

Log file is /out/sourcedata/freesurfer/sub-v2s7x29666_ses-1/scripts/pctsurfcon.log
Sat Mar 14 01:15:19 CET 2026
setenv SUBJECTS_DIR /out/sourcedata/freesurfer
cd /out/sourcedata/freesurfer/sub-v2s7x29666_ses-1/scripts
/opt/freesurfer/bin/pctsurfcon
pctsurfcon 7.3.2
Linux dna076 5.14.0-427.37.1.el9_4.x86_64 #1 SMP PREEMPT_DYNAMIC Fri Sep 13 12:41:50 EDT 2024 x86_64 x86_64 x86_64 GNU/Linux
FREESURFER_HOME /opt/freesurfer
mri_vol2surf --mov /out/sourcedata/freesurfer/sub-v2s7x29666_ses-1/mri/rawavg.mgz --hemi rh --noreshape --interp trilinear --projdist -1 --o /out/sourcedata/freesurfer/sub-v2s7x29666_ses-1/surf/tmp.pctsurfcon.2654302/rh.wm.mgh --regheader sub-v2s7x29666_ses-1 --cortex
srcvol = /out/sourcedata/freesurfer/sub-v2s7x29666_ses-1/mri/rawavg.mgz
srcreg unspecified
srcregold = 0
srcwarp unspecified
surf = white
hemi = rh
ProjDist = -1
reshape = 0
interp = trilinear
float2int = round
GetProjMax = 0
INFO: float2int code = 0
Done loading volume
Computing registration from header.
  Using /out/sourcedata/freesurfer/sub-v2s7x29666_ses-1/mri/orig.mgz as target reference.
-------- original matrix -----------
-1.00000   0.00000   0.00000   0.00002;
 0.00000   0.00000   1.00000   0.00000;
 0.00000  -1.00000   0.00000  -0.00001;
 0.00000   0.00000   0.00000   1.00000;
-------- original matrix -----------
Loading label /out/sourcedata/freesurfer/sub-v2s7x29666_ses-1/label/rh.cortex.label
Reading surface /out/sourcedata/freesurfer/sub-v2s7x29666_ses-1/surf/rh.white
Done reading source surface
Mapping Source Volume onto Source Subject Surface
Projecting -1 -1 1
 1 -1 -1 -1
using old
Done mapping volume to surface
Number of source voxels hit = 89074
Masking with /out/sourcedata/freesurfer/sub-v2s7x29666_ses-1/label/rh.cortex.label
Writing to /out/sourcedata/freesurfer/sub-v2s7x29666_ses-1/surf/tmp.pctsurfcon.2654302/rh.wm.mgh
Dim: 152828 1 1
mri_vol2surf --mov /out/sourcedata/freesurfer/sub-v2s7x29666_ses-1/mri/rawavg.mgz --hemi rh --noreshape --interp trilinear --o /out/sourcedata/freesurfer/sub-v2s7x29666_ses-1/surf/tmp.pctsurfcon.2654302/rh.gm.mgh --projfrac 0.3 --regheader sub-v2s7x29666_ses-1 --cortex
srcvol = /out/sourcedata/freesurfer/sub-v2s7x29666_ses-1/mri/rawavg.mgz
srcreg unspecified
srcregold = 0
srcwarp unspecified
surf = white
hemi = rh
ProjFrac = 0.3
thickness = thickness
reshape = 0
interp = trilinear
float2int = round
GetProjMax = 0
INFO: float2int code = 0
Done loading volume
Computing registration from header.
  Using /out/sourcedata/freesurfer/sub-v2s7x29666_ses-1/mri/orig.mgz as target reference.
-------- original matrix -----------
-1.00000   0.00000   0.00000   0.00002;
 0.00000   0.00000   1.00000   0.00000;
 0.00000  -1.00000   0.00000  -0.00001;
 0.00000   0.00000   0.00000   1.00000;
-------- original matrix -----------
Loading label /out/sourcedata/freesurfer/sub-v2s7x29666_ses-1/label/rh.cortex.label
Reading surface /out/sourcedata/freesurfer/sub-v2s7x29666_ses-1/surf/rh.white
Done reading source surface
Reading thickness /out/sourcedata/freesurfer/sub-v2s7x29666_ses-1/surf/rh.thickness
Done
Mapping Source Volume onto Source Subject Surface
Projecting 0.3 0.3 1
 1 0.3 0.3 0.3
using old
Done mapping volume to surface
Number of source voxels hit = 97884
Masking with /out/sourcedata/freesurfer/sub-v2s7x29666_ses-1/label/rh.cortex.label
Writing to /out/sourcedata/freesurfer/sub-v2s7x29666_ses-1/surf/tmp.pctsurfcon.2654302/rh.gm.mgh
Dim: 152828 1 1
mri_concat /out/sourcedata/freesurfer/sub-v2s7x29666_ses-1/surf/tmp.pctsurfcon.2654302/rh.wm.mgh /out/sourcedata/freesurfer/sub-v2s7x29666_ses-1/surf/tmp.pctsurfcon.2654302/rh.gm.mgh --paired-diff-norm --mul 100 --o /out/sourcedata/freesurfer/sub-v2s7x29666_ses-1/surf/rh.w-g.pct.mgh
ninputs = 2
Checking inputs
nframestot = 2
Allocing output
Done allocing
Combining pairs
nframes = 1
Multiplying by 100.000000
Writing to /out/sourcedata/freesurfer/sub-v2s7x29666_ses-1/surf/rh.w-g.pct.mgh
mri_segstats --in /out/sourcedata/freesurfer/sub-v2s7x29666_ses-1/surf/rh.w-g.pct.mgh --annot sub-v2s7x29666_ses-1 rh aparc --sum /out/sourcedata/freesurfer/sub-v2s7x29666_ses-1/stats/rh.w-g.pct.stats --snr

7.3.2
cwd 
cmdline mri_segstats --in /out/sourcedata/freesurfer/sub-v2s7x29666_ses-1/surf/rh.w-g.pct.mgh --annot sub-v2s7x29666_ses-1 rh aparc --sum /out/sourcedata/freesurfer/sub-v2s7x29666_ses-1/stats/rh.w-g.pct.stats --snr 
sysname  Linux
hostname dna076
machine  x86_64
user     oesteban
whitesurfname  white
UseRobust  0
Constructing seg from annotation

Reading annotation /out/sourcedata/freesurfer/sub-v2s7x29666_ses-1/label/rh.aparc.annot
Seg base 2000
Loading /out/sourcedata/freesurfer/sub-v2s7x29666_ses-1/surf/rh.w-g.pct.mgh
Vertex Area is 0.704122 mm^3
Generating list of segmentation ids
Found  36 segmentations
Computing statistics for each segmentation

Reporting on  35 segmentations
Using PrintSegStat
mri_segstats done
Cleaning up

Started at Sat Mar 14 00:37:21 CET 2026 
Ended   at Sat Mar 14 01:15:21 CET 2026
#@#%# recon-all-run-time-hours 0.633
recon-all -s sub-v2s7x29666_ses-1 finished without error at Sat Mar 14 01:15:21 CET 2026



#New# invocation of recon-all 




Sat Mar 14 01:22:43 CET 2026
cd /out/sourcedata/freesurfer/sub-v2s7x29666_ses-1
setenv SUBJECTS_DIR /out/sourcedata/freesurfer
/opt/freesurfer/bin/recon-all -autorecon-hemi rh -nohyporelabel -rh-only -openmp 16 -subjid sub-v2s7x29666_ses-1 -sd /out/sourcedata/freesurfer -notessellate -nosmooth1 -noinflate1 -noqsphere -nofix -nowhite -nosmooth2 -noinflate2 -nocurvHK -nocurvstats -nosphere -nosurfreg -nojacobian_white -noavgcurv -nocortparc -nopial -nocortparc2 -nocortparc3 -nopctsurfcon

subjid sub-v2s7x29666_ses-1
setenv SUBJECTS_DIR /out/sourcedata/freesurfer
FREESURFER_HOME /opt/freesurfer
Actual FREESURFER_HOME /opt/freesurfer
build-stamp.txt: freesurfer-linux-ubuntu22_x86_64-7.3.2-20220804-6354275
Linux dna076 5.14.0-427.37.1.el9_4.x86_64 #1 SMP PREEMPT_DYNAMIC Fri Sep 13 12:41:50 EDT 2024 x86_64 x86_64 x86_64 GNU/Linux
cputime      unlimited
filesize     unlimited
datasize     unlimited
stacksize    8192 kbytes
coredumpsize 0 kbytes
memoryuse    67108864 kbytes
vmemoryuse   unlimited
descriptors  1024 
memorylocked unlimited
maxproc      2061970 
maxlocks     unlimited
maxsignal    2062029 
maxmessage   819200 
maxnice      0 
maxrtprio    0 
maxrttime    unlimited

               total        used        free      shared  buff/cache   available
Mem:           503Gi        49Gi        39Gi       9.2Gi       415Gi       441Gi
Swap:             0B          0B          0B

########################################
program versions used
7.3.2 (freesurfer-linux-ubuntu22_x86_64-7.3.2-20220804-6354275)
7.3.2

ProgramName: lta_convert  ProgramArguments: lta_convert -all-info  ProgramVersion: 7.3.2  TimeStamp: 2026/03/14-00:22:43-GMT  BuildTime: Aug  4 2022 06:17:15  BuildStamp: freesurfer-linux-ubuntu22_x86_64-7.3.2-20220804-6354275  User: oesteban  Machine: dna076  Platform: Linux  PlatformVersion: 5.14.0-427.37.1.el9_4.x86_64  CompilerName: GCC  CompilerVersion: 8.4.0
ProgramName: mri_and  ProgramArguments: mri_and -all-info  ProgramVersion: 7.3.2  TimeStamp: 2026/03/14-00:22:43-GMT  BuildTime: Aug  4 2022 06:17:15  BuildStamp: freesurfer-linux-ubuntu22_x86_64-7.3.2-20220804-6354275  User: oesteban  Machine: dna076  Platform: Linux  PlatformVersion: 5.14.0-427.37.1.el9_4.x86_64  CompilerName: GCC  CompilerVersion: 8.4.0
ProgramName: mri_annotation2label  ProgramArguments: mri_annotation2label -all-info  ProgramVersion: 7.3.2  TimeStamp: 2026/03/14-00:22:43-GMT  BuildTime: Aug  4 2022 06:17:15  BuildStamp: freesurfer-linux-ubuntu22_x86_64-7.3.2-20220804-6354275  User: oesteban  Machine: dna076  Platform: Linux  PlatformVersion: 5.14.0-427.37.1.el9_4.x86_64  CompilerName: GCC  CompilerVersion: 8.4.0
ProgramName: mri_aparc2aseg  ProgramArguments: mri_aparc2aseg -all-info  ProgramVersion: 7.3.2  TimeStamp: 2026/03/14-00:22:43-GMT  BuildTime: Aug  4 2022 06:17:15  BuildStamp: freesurfer-linux-ubuntu22_x86_64-7.3.2-20220804-6354275  User: oesteban  Machine: dna076  Platform: Linux  PlatformVersion: 5.14.0-427.37.1.el9_4.x86_64  CompilerName: GCC  CompilerVersion: 8.4.0
ProgramName: mri_surf2volseg  ProgramArguments: mri_surf2volseg -all-info  ProgramVersion: 7.3.2  TimeStamp: 2026/03/14-00:22:43-GMT  BuildTime: Aug  4 2022 06:17:15  BuildStamp: freesurfer-linux-ubuntu22_x86_64-7.3.2-20220804-6354275  User: oesteban  Machine: dna076  Platform: Linux  PlatformVersion: 5.14.0-427.37.1.el9_4.x86_64  CompilerName: GCC  CompilerVersion: 8.4.0
ProgramName: mri_binarize  ProgramArguments: mri_binarize -all-info  ProgramVersion: 7.3.2  TimeStamp: 2026/03/14-00:22:43-GMT  BuildTime: Aug  4 2022 06:17:15  BuildStamp: freesurfer-linux-ubuntu22_x86_64-7.3.2-20220804-6354275  User: oesteban  Machine: dna076  Platform: Linux  PlatformVersion: 5.14.0-427.37.1.el9_4.x86_64  CompilerName: GCC  CompilerVersion: 8.4.0
ProgramName: mri_ca_label  ProgramArguments: mri_ca_label -all-info  ProgramVersion: 7.3.2  TimeStamp: 2026/03/14-00:22:43-GMT  BuildTime: Aug  4 2022 06:17:15  BuildStamp: freesurfer-linux-ubuntu22_x86_64-7.3.2-20220804-6354275  User: oesteban  Machine: dna076  Platform: Linux  PlatformVersion: 5.14.0-427.37.1.el9_4.x86_64  CompilerName: GCC  CompilerVersion: 8.4.0
ProgramName: mri_ca_normalize  ProgramArguments: mri_ca_normalize -all-info  ProgramVersion: 7.3.2  TimeStamp: 2026/03/14-00:22:43-GMT  BuildTime: Aug  4 2022 06:17:15  BuildStamp: freesurfer-linux-ubuntu22_x86_64-7.3.2-20220804-6354275  User: oesteban  Machine: dna076  Platform: Linux  PlatformVersion: 5.14.0-427.37.1.el9_4.x86_64  CompilerName: GCC  CompilerVersion: 8.4.0
ProgramName: mri_ca_register  ProgramArguments: mri_ca_register -all-info  ProgramVersion: 7.3.2  TimeStamp: 2026/03/14-00:22:43-GMT  BuildTime: Aug  4 2022 06:17:15  BuildStamp: freesurfer-linux-ubuntu22_x86_64-7.3.2-20220804-6354275  User: oesteban  Machine: dna076  Platform: Linux  PlatformVersion: 5.14.0-427.37.1.el9_4.x86_64  CompilerName: GCC  CompilerVersion: 8.4.0
ProgramName: mri_cc  ProgramArguments: mri_cc -all-info  ProgramVersion: 7.3.2  TimeStamp: 2026/03/14-00:22:43-GMT  BuildTime: Aug  4 2022 06:17:15  BuildStamp: freesurfer-linux-ubuntu22_x86_64-7.3.2-20220804-6354275  User: oesteban  Machine: dna076  Platform: Linux  PlatformVersion: 5.14.0-427.37.1.el9_4.x86_64  CompilerName: GCC  CompilerVersion: 8.4.0
ProgramName: mri_compute_overlap  ProgramArguments: mri_compute_overlap -all-info  ProgramVersion: 7.3.2  TimeStamp: 2026/03/14-00:22:43-GMT  BuildTime: Aug  4 2022 06:17:15  BuildStamp: freesurfer-linux-ubuntu22_x86_64-7.3.2-20220804-6354275  User: oesteban  Machine: dna076  Platform: Linux  PlatformVersion: 5.14.0-427.37.1.el9_4.x86_64  CompilerName: GCC  CompilerVersion: 8.4.0
ProgramName: mri_compute_seg_overlap  ProgramArguments: mri_compute_seg_overlap -all-info  ProgramVersion: 7.3.2  TimeStamp: 2026/03/14-00:22:43-GMT  BuildTime: Aug  4 2022 06:17:15  BuildStamp: freesurfer-linux-ubuntu22_x86_64-7.3.2-20220804-6354275  User: oesteban  Machine: dna076  Platform: Linux  PlatformVersion: 5.14.0-427.37.1.el9_4.x86_64  CompilerName: GCC  CompilerVersion: 8.4.0
ProgramName: mri_concat  ProgramArguments: mri_concat -all-info  ProgramVersion: 7.3.2  TimeStamp: 2026/03/14-00:22:43-GMT  BuildTime: Aug  4 2022 06:17:15  BuildStamp: freesurfer-linux-ubuntu22_x86_64-7.3.2-20220804-6354275  User: oesteban  Machine: dna076  Platform: Linux  PlatformVersion: 5.14.0-427.37.1.el9_4.x86_64  CompilerName: GCC  CompilerVersion: 8.4.0
ProgramName: mri_concatenate_lta  ProgramArguments: mri_concatenate_lta -all-info  ProgramVersion: 7.3.2  TimeStamp: 2026/03/14-00:22:43-GMT  BuildTime: Aug  4 2022 06:17:15  BuildStamp: freesurfer-linux-ubuntu22_x86_64-7.3.2-20220804-6354275  User: oesteban  Machine: dna076  Platform: Linux  PlatformVersion: 5.14.0-427.37.1.el9_4.x86_64  CompilerName: GCC  CompilerVersion: 8.4.0
mri_convert -all-info 
ProgramName: mri_convert  ProgramArguments: mri_convert -all-info  ProgramVersion: 7.3.2  TimeStamp: 2026/03/14-00:22:43-GMT  BuildTime: Aug  4 2022 06:17:15  BuildStamp: freesurfer-linux-ubuntu22_x86_64-7.3.2-20220804-6354275  User: oesteban  Machine: dna076  Platform: Linux  PlatformVersion: 5.14.0-427.37.1.el9_4.x86_64  CompilerName: GCC  CompilerVersion: 8.4.0
ProgramName: mri_diff  ProgramArguments: mri_diff -all-info  ProgramVersion: 7.3.2  TimeStamp: 2026/03/14-00:22:43-GMT  BuildTime: Aug  4 2022 06:17:15  BuildStamp: freesurfer-linux-ubuntu22_x86_64-7.3.2-20220804-6354275  User: oesteban  Machine: dna076  Platform: Linux  PlatformVersion: 5.14.0-427.37.1.el9_4.x86_64  CompilerName: GCC  CompilerVersion: 8.4.0
ProgramName: mri_edit_wm_with_aseg  ProgramArguments: mri_edit_wm_with_aseg -all-info  ProgramVersion: 7.3.2  TimeStamp: 2026/03/14-00:22:43-GMT  BuildTime: Aug  4 2022 06:17:15  BuildStamp: freesurfer-linux-ubuntu22_x86_64-7.3.2-20220804-6354275  User: oesteban  Machine: dna076  Platform: Linux  PlatformVersion: 5.14.0-427.37.1.el9_4.x86_64  CompilerName: GCC  CompilerVersion: 8.4.0
ProgramName: mri_em_register  ProgramArguments: mri_em_register -all-info  ProgramVersion: 7.3.2  TimeStamp: 2026/03/14-00:22:43-GMT  BuildTime: Aug  4 2022 06:17:15  BuildStamp: freesurfer-linux-ubuntu22_x86_64-7.3.2-20220804-6354275  User: oesteban  Machine: dna076  Platform: Linux  PlatformVersion: 5.14.0-427.37.1.el9_4.x86_64  CompilerName: GCC  CompilerVersion: 8.4.0
ProgramName: mri_fill  ProgramArguments: mri_fill -all-info  ProgramVersion: 7.3.2  TimeStamp: 2026/03/14-00:22:43-GMT  BuildTime: Aug  4 2022 06:17:15  BuildStamp: freesurfer-linux-ubuntu22_x86_64-7.3.2-20220804-6354275  User: oesteban  Machine: dna076  Platform: Linux  PlatformVersion: 5.14.0-427.37.1.el9_4.x86_64  CompilerName: GCC  CompilerVersion: 8.4.0
ProgramName: mri_fuse_segmentations  ProgramArguments: mri_fuse_segmentations -all-info  ProgramVersion: 7.3.2  TimeStamp: 2026/03/14-00:22:43-GMT  BuildTime: Aug  4 2022 06:17:15  BuildStamp: freesurfer-linux-ubuntu22_x86_64-7.3.2-20220804-6354275  User: oesteban  Machine: dna076  Platform: Linux  PlatformVersion: 5.14.0-427.37.1.el9_4.x86_64  CompilerName: GCC  CompilerVersion: 8.4.0
ProgramName: mri_fwhm  ProgramArguments: mri_fwhm -all-info  ProgramVersion: 7.3.2  TimeStamp: 2026/03/14-00:22:43-GMT  BuildTime: Aug  4 2022 06:17:15  BuildStamp: freesurfer-linux-ubuntu22_x86_64-7.3.2-20220804-6354275  User: oesteban  Machine: dna076  Platform: Linux  PlatformVersion: 5.14.0-427.37.1.el9_4.x86_64  CompilerName: GCC  CompilerVersion: 8.4.0
ProgramName: mri_gcut  ProgramArguments: mri_gcut -all-info  ProgramVersion: 7.3.2  TimeStamp: 2026/03/14-00:22:43-GMT  BuildTime: Aug  4 2022 06:17:15  BuildStamp: freesurfer-linux-ubuntu22_x86_64-7.3.2-20220804-6354275  User: oesteban  Machine: dna076  Platform: Linux  PlatformVersion: 5.14.0-427.37.1.el9_4.x86_64  CompilerName: GCC  CompilerVersion: 8.4.0
ProgramName: mri_info  ProgramArguments: mri_info -all-info  ProgramVersion: 7.3.2  TimeStamp: 2026/03/14-00:22:43-GMT  BuildTime: Aug  4 2022 06:17:15  BuildStamp: freesurfer-linux-ubuntu22_x86_64-7.3.2-20220804-6354275  User: oesteban  Machine: dna076  Platform: Linux  PlatformVersion: 5.14.0-427.37.1.el9_4.x86_64  CompilerName: GCC  CompilerVersion: 8.4.0
ProgramName: mri_label2label  ProgramArguments: mri_label2label -all-info  ProgramVersion: 7.3.2  TimeStamp: 2026/03/14-00:22:43-GMT  BuildTime: Aug  4 2022 06:17:15  BuildStamp: freesurfer-linux-ubuntu22_x86_64-7.3.2-20220804-6354275  User: oesteban  Machine: dna076  Platform: Linux  PlatformVersion: 5.14.0-427.37.1.el9_4.x86_64  CompilerName: GCC  CompilerVersion: 8.4.0
ProgramName: mri_label2vol  ProgramArguments: mri_label2vol -all-info  ProgramVersion: 7.3.2  TimeStamp: 2026/03/14-00:22:43-GMT  BuildTime: Aug  4 2022 06:17:15  BuildStamp: freesurfer-linux-ubuntu22_x86_64-7.3.2-20220804-6354275  User: oesteban  Machine: dna076  Platform: Linux  PlatformVersion: 5.14.0-427.37.1.el9_4.x86_64  CompilerName: GCC  CompilerVersion: 8.4.0
ProgramName: mri_log_likelihood  ProgramArguments: mri_log_likelihood -all-info  ProgramVersion: 7.3.2  TimeStamp: 2026/03/14-00:22:43-GMT  BuildTime: Aug  4 2022 06:17:15  BuildStamp: freesurfer-linux-ubuntu22_x86_64-7.3.2-20220804-6354275  User: oesteban  Machine: dna076  Platform: Linux  PlatformVersion: 5.14.0-427.37.1.el9_4.x86_64  CompilerName: GCC  CompilerVersion: 8.4.0
ProgramName: mri_mask  ProgramArguments: mri_mask -all-info  ProgramVersion: 7.3.2  TimeStamp: 2026/03/14-00:22:43-GMT  BuildTime: Aug  4 2022 06:17:15  BuildStamp: freesurfer-linux-ubuntu22_x86_64-7.3.2-20220804-6354275  User: oesteban  Machine: dna076  Platform: Linux  PlatformVersion: 5.14.0-427.37.1.el9_4.x86_64  CompilerName: GCC  CompilerVersion: 8.4.0
ProgramName: mri_matrix_multiply  ProgramArguments: mri_matrix_multiply -all-info  ProgramVersion: 7.3.2  TimeStamp: 2026/03/14-00:22:43-GMT  BuildTime: Aug  4 2022 06:17:15  BuildStamp: freesurfer-linux-ubuntu22_x86_64-7.3.2-20220804-6354275  User: oesteban  Machine: dna076  Platform: Linux  PlatformVersion: 5.14.0-427.37.1.el9_4.x86_64  CompilerName: GCC  CompilerVersion: 8.4.0
ProgramName: mri_normalize  ProgramArguments: mri_normalize -all-info  ProgramVersion: 7.3.2  TimeStamp: 2026/03/14-00:22:43-GMT  BuildTime: Aug  4 2022 06:17:15  BuildStamp: freesurfer-linux-ubuntu22_x86_64-7.3.2-20220804-6354275  User: oesteban  Machine: dna076  Platform: Linux  PlatformVersion: 5.14.0-427.37.1.el9_4.x86_64  CompilerName: GCC  CompilerVersion: 8.4.0
ProgramName: mri_normalize_tp2  ProgramArguments: mri_normalize_tp2 -all-info  ProgramVersion: 7.3.2  TimeStamp: 2026/03/14-00:22:43-GMT  BuildTime: Aug  4 2022 06:17:15  BuildStamp: freesurfer-linux-ubuntu22_x86_64-7.3.2-20220804-6354275  User: oesteban  Machine: dna076  Platform: Linux  PlatformVersion: 5.14.0-427.37.1.el9_4.x86_64  CompilerName: GCC  CompilerVersion: 8.4.0
ProgramName: mri_or  ProgramArguments: mri_or -all-info  ProgramVersion: 7.3.2  TimeStamp: 2026/03/14-00:22:43-GMT  BuildTime: Aug  4 2022 06:17:15  BuildStamp: freesurfer-linux-ubuntu22_x86_64-7.3.2-20220804-6354275  User: oesteban  Machine: dna076  Platform: Linux  PlatformVersion: 5.14.0-427.37.1.el9_4.x86_64  CompilerName: GCC  CompilerVersion: 8.4.0
ProgramName: mri_relabel_hypointensities  ProgramArguments: mri_relabel_hypointensities -all-info  ProgramVersion: 7.3.2  TimeStamp: 2026/03/14-00:22:43-GMT  BuildTime: Aug  4 2022 06:17:15  BuildStamp: freesurfer-linux-ubuntu22_x86_64-7.3.2-20220804-6354275  User: oesteban  Machine: dna076  Platform: Linux  PlatformVersion: 5.14.0-427.37.1.el9_4.x86_64  CompilerName: GCC  CompilerVersion: 8.4.0
ProgramName: mri_relabel_nonwm_hypos  ProgramArguments: mri_relabel_nonwm_hypos -all-info  ProgramVersion: 7.3.2  TimeStamp: 2026/03/14-00:22:43-GMT  BuildTime: Aug  4 2022 06:17:15  BuildStamp: freesurfer-linux-ubuntu22_x86_64-7.3.2-20220804-6354275  User: oesteban  Machine: dna076  Platform: Linux  PlatformVersion: 5.14.0-427.37.1.el9_4.x86_64  CompilerName: GCC  CompilerVersion: 8.4.0
ProgramName: mri_remove_neck  ProgramArguments: mri_remove_neck -all-info  ProgramVersion: 7.3.2  TimeStamp: 2026/03/14-00:22:43-GMT  BuildTime: Aug  4 2022 06:17:15  BuildStamp: freesurfer-linux-ubuntu22_x86_64-7.3.2-20220804-6354275  User: oesteban  Machine: dna076  Platform: Linux  PlatformVersion: 5.14.0-427.37.1.el9_4.x86_64  CompilerName: GCC  CompilerVersion: 8.4.0
7.3.2

ProgramName: mri_robust_register  ProgramArguments: mri_robust_register -all-info  ProgramVersion: 7.3.2  TimeStamp: 2026/03/14-00:22:43-GMT  BuildTime: Aug  4 2022 06:17:15  BuildStamp: freesurfer-linux-ubuntu22_x86_64-7.3.2-20220804-6354275  User: oesteban  Machine: dna076  Platform: Linux  PlatformVersion: 5.14.0-427.37.1.el9_4.x86_64  CompilerName: GCC  CompilerVersion: 8.4.0
7.3.2

ProgramName: mri_robust_template  ProgramArguments: mri_robust_template -all-info  ProgramVersion: 7.3.2  TimeStamp: 2026/03/14-00:22:43-GMT  BuildTime: Aug  4 2022 06:17:15  BuildStamp: freesurfer-linux-ubuntu22_x86_64-7.3.2-20220804-6354275  User: oesteban  Machine: dna076  Platform: Linux  PlatformVersion: 5.14.0-427.37.1.el9_4.x86_64  CompilerName: GCC  CompilerVersion: 8.4.0
ProgramName: mris_anatomical_stats  ProgramArguments: mris_anatomical_stats -all-info  ProgramVersion: 7.3.2  TimeStamp: 2026/03/14-00:22:43-GMT  BuildTime: Aug  4 2022 06:17:15  BuildStamp: freesurfer-linux-ubuntu22_x86_64-7.3.2-20220804-6354275  User: oesteban  Machine: dna076  Platform: Linux  PlatformVersion: 5.14.0-427.37.1.el9_4.x86_64  CompilerName: GCC  CompilerVersion: 8.4.0
ProgramName: mris_ca_label  ProgramArguments: mris_ca_label -all-info  ProgramVersion: 7.3.2  TimeStamp: 2026/03/14-00:22:43-GMT  BuildTime: Aug  4 2022 06:17:15  BuildStamp: freesurfer-linux-ubuntu22_x86_64-7.3.2-20220804-6354275  User: oesteban  Machine: dna076  Platform: Linux  PlatformVersion: 5.14.0-427.37.1.el9_4.x86_64  CompilerName: GCC  CompilerVersion: 8.4.0
ProgramName: mris_calc  ProgramArguments: mris_calc -all-info  ProgramVersion: 7.3.2  TimeStamp: 2026/03/14-00:22:43-GMT  BuildTime: Aug  4 2022 06:17:15  BuildStamp: freesurfer-linux-ubuntu22_x86_64-7.3.2-20220804-6354275  User: oesteban  Machine: dna076  Platform: Linux  PlatformVersion: 5.14.0-427.37.1.el9_4.x86_64  CompilerName: GCC  CompilerVersion: 8.4.0
ProgramName: mris_convert  ProgramArguments: mris_convert -all-info  ProgramVersion: 7.3.2  TimeStamp: 2026/03/14-00:22:43-GMT  BuildTime: Aug  4 2022 06:17:15  BuildStamp: freesurfer-linux-ubuntu22_x86_64-7.3.2-20220804-6354275  User: oesteban  Machine: dna076  Platform: Linux  PlatformVersion: 5.14.0-427.37.1.el9_4.x86_64  CompilerName: GCC  CompilerVersion: 8.4.0
ProgramName: mris_curvature  ProgramArguments: mris_curvature -all-info  ProgramVersion: 7.3.2  TimeStamp: 2026/03/14-00:22:43-GMT  BuildTime: Aug  4 2022 06:17:15  BuildStamp: freesurfer-linux-ubuntu22_x86_64-7.3.2-20220804-6354275  User: oesteban  Machine: dna076  Platform: Linux  PlatformVersion: 5.14.0-427.37.1.el9_4.x86_64  CompilerName: GCC  CompilerVersion: 8.4.0
ProgramName: mris_curvature_stats  ProgramArguments: mris_curvature_stats -all-info  ProgramVersion: 7.3.2  TimeStamp: 2026/03/14-00:22:43-GMT  BuildTime: Aug  4 2022 06:17:15  BuildStamp: freesurfer-linux-ubuntu22_x86_64-7.3.2-20220804-6354275  User: oesteban  Machine: dna076  Platform: Linux  PlatformVersion: 5.14.0-427.37.1.el9_4.x86_64  CompilerName: GCC  CompilerVersion: 8.4.0
ProgramName: mris_diff  ProgramArguments: mris_diff -all-info  ProgramVersion: 7.3.2  TimeStamp: 2026/03/14-00:22:43-GMT  BuildTime: Aug  4 2022 06:17:15  BuildStamp: freesurfer-linux-ubuntu22_x86_64-7.3.2-20220804-6354275  User: oesteban  Machine: dna076  Platform: Linux  PlatformVersion: 5.14.0-427.37.1.el9_4.x86_64  CompilerName: GCC  CompilerVersion: 8.4.0
ProgramName: mris_divide_parcellation  ProgramArguments: mris_divide_parcellation -all-info  ProgramVersion: 7.3.2  TimeStamp: 2026/03/14-00:22:43-GMT  BuildTime: Aug  4 2022 06:17:15  BuildStamp: freesurfer-linux-ubuntu22_x86_64-7.3.2-20220804-6354275  User: oesteban  Machine: dna076  Platform: Linux  PlatformVersion: 5.14.0-427.37.1.el9_4.x86_64  CompilerName: GCC  CompilerVersion: 8.4.0
ProgramName: mri_segment  ProgramArguments: mri_segment -all-info  ProgramVersion: 7.3.2  TimeStamp: 2026/03/14-00:22:43-GMT  BuildTime: Aug  4 2022 06:17:15  BuildStamp: freesurfer-linux-ubuntu22_x86_64-7.3.2-20220804-6354275  User: oesteban  Machine: dna076  Platform: Linux  PlatformVersion: 5.14.0-427.37.1.el9_4.x86_64  CompilerName: GCC  CompilerVersion: 8.4.0
ProgramName: mri_segstats  ProgramArguments: mri_segstats -all-info  ProgramVersion: 7.3.2  TimeStamp: 2026/03/14-00:22:43-GMT  BuildTime: Aug  4 2022 06:17:15  BuildStamp: freesurfer-linux-ubuntu22_x86_64-7.3.2-20220804-6354275  User: oesteban  Machine: dna076  Platform: Linux  PlatformVersion: 5.14.0-427.37.1.el9_4.x86_64  CompilerName: GCC  CompilerVersion: 8.4.0
ProgramName: mris_euler_number  ProgramArguments: mris_euler_number -all-info  ProgramVersion: 7.3.2  TimeStamp: 2026/03/14-00:22:43-GMT  BuildTime: Aug  4 2022 06:17:15  BuildStamp: freesurfer-linux-ubuntu22_x86_64-7.3.2-20220804-6354275  User: oesteban  Machine: dna076  Platform: Linux  PlatformVersion: 5.14.0-427.37.1.el9_4.x86_64  CompilerName: GCC  CompilerVersion: 8.4.0
ProgramName: mris_fix_topology  ProgramArguments: mris_fix_topology -all-info  ProgramVersion: 7.3.2  TimeStamp: 2026/03/14-00:22:43-GMT  BuildTime: Aug  4 2022 06:17:15  BuildStamp: freesurfer-linux-ubuntu22_x86_64-7.3.2-20220804-6354275  User: oesteban  Machine: dna076  Platform: Linux  PlatformVersion: 5.14.0-427.37.1.el9_4.x86_64  CompilerName: GCC  CompilerVersion: 8.4.0
ProgramName: mris_topo_fixer  ProgramArguments: mris_topo_fixer -all-info  ProgramVersion: 7.3.2  TimeStamp: 2026/03/14-00:22:43-GMT  BuildTime: Aug  4 2022 06:17:15  BuildStamp: freesurfer-linux-ubuntu22_x86_64-7.3.2-20220804-6354275  User: oesteban  Machine: dna076  Platform: Linux  PlatformVersion: 5.14.0-427.37.1.el9_4.x86_64  CompilerName: GCC  CompilerVersion: 8.4.0
ProgramName: mris_jacobian  ProgramArguments: mris_jacobian -all-info  ProgramVersion: 7.3.2  TimeStamp: 2026/03/14-00:22:43-GMT  BuildTime: Aug  4 2022 06:17:15  BuildStamp: freesurfer-linux-ubuntu22_x86_64-7.3.2-20220804-6354275  User: oesteban  Machine: dna076  Platform: Linux  PlatformVersion: 5.14.0-427.37.1.el9_4.x86_64  CompilerName: GCC  CompilerVersion: 8.4.0
ProgramName: mris_label2annot  ProgramArguments: mris_label2annot -all-info  ProgramVersion: 7.3.2  TimeStamp: 2026/03/14-00:22:43-GMT  BuildTime: Aug  4 2022 06:17:15  BuildStamp: freesurfer-linux-ubuntu22_x86_64-7.3.2-20220804-6354275  User: oesteban  Machine: dna076  Platform: Linux  PlatformVersion: 5.14.0-427.37.1.el9_4.x86_64  CompilerName: GCC  CompilerVersion: 8.4.0
ProgramName: mris_left_right_register  ProgramArguments: mris_left_right_register -all-info  ProgramVersion: 7.3.2  TimeStamp: 2026/03/14-00:22:43-GMT  BuildTime: Aug  4 2022 06:17:15  BuildStamp: freesurfer-linux-ubuntu22_x86_64-7.3.2-20220804-6354275  User: oesteban  Machine: dna076  Platform: Linux  PlatformVersion: 5.14.0-427.37.1.el9_4.x86_64  CompilerName: GCC  CompilerVersion: 8.4.0
ProgramName: mris_place_surface  ProgramArguments: mris_place_surface -all-info  ProgramVersion: 7.3.2  TimeStamp: 2026/03/14-00:22:43-GMT  BuildTime: Aug  4 2022 06:17:15  BuildStamp: freesurfer-linux-ubuntu22_x86_64-7.3.2-20220804-6354275  User: oesteban  Machine: dna076  Platform: Linux  PlatformVersion: 5.14.0-427.37.1.el9_4.x86_64  CompilerName: GCC  CompilerVersion: 8.4.0
ProgramName: mrisp_paint  ProgramArguments: mrisp_paint -all-info  ProgramVersion: 7.3.2  TimeStamp: 2026/03/14-00:22:43-GMT  BuildTime: Aug  4 2022 06:17:15  BuildStamp: freesurfer-linux-ubuntu22_x86_64-7.3.2-20220804-6354275  User: oesteban  Machine: dna076  Platform: Linux  PlatformVersion: 5.14.0-427.37.1.el9_4.x86_64  CompilerName: GCC  CompilerVersion: 8.4.0
ProgramName: mris_register  ProgramArguments: mris_register -all-info  ProgramVersion: 7.3.2  TimeStamp: 2026/03/14-00:22:43-GMT  BuildTime: Aug  4 2022 06:17:15  BuildStamp: freesurfer-linux-ubuntu22_x86_64-7.3.2-20220804-6354275  User: oesteban  Machine: dna076  Platform: Linux  PlatformVersion: 5.14.0-427.37.1.el9_4.x86_64  CompilerName: GCC  CompilerVersion: 8.4.0
ProgramName: mris_smooth  ProgramArguments: mris_smooth -all-info  ProgramVersion: 7.3.2  TimeStamp: 2026/03/14-00:22:43-GMT  BuildTime: Aug  4 2022 06:17:15  BuildStamp: freesurfer-linux-ubuntu22_x86_64-7.3.2-20220804-6354275  User: oesteban  Machine: dna076  Platform: Linux  PlatformVersion: 5.14.0-427.37.1.el9_4.x86_64  CompilerName: GCC  CompilerVersion: 8.4.0
ProgramName: mris_sphere  ProgramArguments: mris_sphere -all-info  ProgramVersion: 7.3.2  TimeStamp: 2026/03/14-00:22:43-GMT  BuildTime: Aug  4 2022 06:17:15  BuildStamp: freesurfer-linux-ubuntu22_x86_64-7.3.2-20220804-6354275  User: oesteban  Machine: dna076  Platform: Linux  PlatformVersion: 5.14.0-427.37.1.el9_4.x86_64  CompilerName: GCC  CompilerVersion: 8.4.0
ProgramName: mris_surface_stats  ProgramArguments: mris_surface_stats -all-info  ProgramVersion: 7.3.2  TimeStamp: 2026/03/14-00:22:43-GMT  BuildTime: Aug  4 2022 06:17:15  BuildStamp: freesurfer-linux-ubuntu22_x86_64-7.3.2-20220804-6354275  User: oesteban  Machine: dna076  Platform: Linux  PlatformVersion: 5.14.0-427.37.1.el9_4.x86_64  CompilerName: GCC  CompilerVersion: 8.4.0
ProgramName: mri_stats2seg  ProgramArguments: mri_stats2seg -all-info  ProgramVersion: 7.3.2  TimeStamp: 2026/03/14-00:22:43-GMT  BuildTime: Aug  4 2022 06:17:15  BuildStamp: freesurfer-linux-ubuntu22_x86_64-7.3.2-20220804-6354275  User: oesteban  Machine: dna076  Platform: Linux  PlatformVersion: 5.14.0-427.37.1.el9_4.x86_64  CompilerName: GCC  CompilerVersion: 8.4.0
ProgramName: mris_thickness  ProgramArguments: mris_thickness -all-info  ProgramVersion: 7.3.2  TimeStamp: 2026/03/14-00:22:43-GMT  BuildTime: Aug  4 2022 06:17:15  BuildStamp: freesurfer-linux-ubuntu22_x86_64-7.3.2-20220804-6354275  User: oesteban  Machine: dna076  Platform: Linux  PlatformVersion: 5.14.0-427.37.1.el9_4.x86_64  CompilerName: GCC  CompilerVersion: 8.4.0
ProgramName: mris_thickness_diff  ProgramArguments: mris_thickness_diff -all-info  ProgramVersion: 7.3.2  TimeStamp: 2026/03/14-00:22:43-GMT  BuildTime: Aug  4 2022 06:17:15  BuildStamp: freesurfer-linux-ubuntu22_x86_64-7.3.2-20220804-6354275  User: oesteban  Machine: dna076  Platform: Linux  PlatformVersion: 5.14.0-427.37.1.el9_4.x86_64  CompilerName: GCC  CompilerVersion: 8.4.0
ProgramName: mris_topo_fixer  ProgramArguments: mris_topo_fixer -all-info  ProgramVersion: 7.3.2  TimeStamp: 2026/03/14-00:22:43-GMT  BuildTime: Aug  4 2022 06:17:15  BuildStamp: freesurfer-linux-ubuntu22_x86_64-7.3.2-20220804-6354275  User: oesteban  Machine: dna076  Platform: Linux  PlatformVersion: 5.14.0-427.37.1.el9_4.x86_64  CompilerName: GCC  CompilerVersion: 8.4.0
ProgramName: mri_surf2surf  ProgramArguments: mri_surf2surf -all-info  ProgramVersion: 7.3.2  TimeStamp: 2026/03/14-00:22:43-GMT  BuildTime: Aug  4 2022 06:17:15  BuildStamp: freesurfer-linux-ubuntu22_x86_64-7.3.2-20220804-6354275  User: oesteban  Machine: dna076  Platform: Linux  PlatformVersion: 5.14.0-427.37.1.el9_4.x86_64  CompilerName: GCC  CompilerVersion: 8.4.0
ProgramName: mri_surf2vol  ProgramArguments: mri_surf2vol -all-info  ProgramVersion: 7.3.2  TimeStamp: 2026/03/14-00:22:43-GMT  BuildTime: Aug  4 2022 06:17:15  BuildStamp: freesurfer-linux-ubuntu22_x86_64-7.3.2-20220804-6354275  User: oesteban  Machine: dna076  Platform: Linux  PlatformVersion: 5.14.0-427.37.1.el9_4.x86_64  CompilerName: GCC  CompilerVersion: 8.4.0
ProgramName: mri_surfcluster  ProgramArguments: mri_surfcluster -all-info  ProgramVersion: 7.3.2  TimeStamp: 2026/03/14-00:22:43-GMT  BuildTime: Aug  4 2022 06:17:15  BuildStamp: freesurfer-linux-ubuntu22_x86_64-7.3.2-20220804-6354275  User: oesteban  Machine: dna076  Platform: Linux  PlatformVersion: 5.14.0-427.37.1.el9_4.x86_64  CompilerName: GCC  CompilerVersion: 8.4.0
ProgramName: mris_volmask  ProgramArguments: mris_volmask -all-info  ProgramVersion: 7.3.2  TimeStamp: 2026/03/14-00:22:43-GMT  BuildTime: Aug  4 2022 06:17:15  BuildStamp: freesurfer-linux-ubuntu22_x86_64-7.3.2-20220804-6354275  User: oesteban  Machine: dna076  Platform: Linux  PlatformVersion: 5.14.0-427.37.1.el9_4.x86_64  CompilerName: GCC  CompilerVersion: 8.4.0
ProgramName: mri_tessellate  ProgramArguments: mri_tessellate -all-info  ProgramVersion: 7.3.2  TimeStamp: 2026/03/14-00:22:43-GMT  BuildTime: Aug  4 2022 06:17:15  BuildStamp: freesurfer-linux-ubuntu22_x86_64-7.3.2-20220804-6354275  User: oesteban  Machine: dna076  Platform: Linux  PlatformVersion: 5.14.0-427.37.1.el9_4.x86_64  CompilerName: GCC  CompilerVersion: 8.4.0
ProgramName: mri_vol2surf  ProgramArguments: mri_vol2surf -all-info  ProgramVersion: 7.3.2  TimeStamp: 2026/03/14-00:22:43-GMT  BuildTime: Aug  4 2022 06:17:15  BuildStamp: freesurfer-linux-ubuntu22_x86_64-7.3.2-20220804-6354275  User: oesteban  Machine: dna076  Platform: Linux  PlatformVersion: 5.14.0-427.37.1.el9_4.x86_64  CompilerName: GCC  CompilerVersion: 8.4.0
ProgramName: mri_vol2vol  ProgramArguments: mri_vol2vol -all-info  ProgramVersion: 7.3.2  TimeStamp: 2026/03/14-00:22:43-GMT  BuildTime: Aug  4 2022 06:17:15  BuildStamp: freesurfer-linux-ubuntu22_x86_64-7.3.2-20220804-6354275  User: oesteban  Machine: dna076  Platform: Linux  PlatformVersion: 5.14.0-427.37.1.el9_4.x86_64  CompilerName: GCC  CompilerVersion: 8.4.0
ProgramName: mri_voldiff  ProgramArguments: mri_voldiff -all-info  ProgramVersion: 7.3.2  TimeStamp: 2026/03/14-00:22:43-GMT  BuildTime: Aug  4 2022 06:17:15  BuildStamp: freesurfer-linux-ubuntu22_x86_64-7.3.2-20220804-6354275  User: oesteban  Machine: dna076  Platform: Linux  PlatformVersion: 5.14.0-427.37.1.el9_4.x86_64  CompilerName: GCC  CompilerVersion: 8.4.0
ProgramName: mri_watershed  ProgramArguments: mri_watershed -all-info  ProgramVersion: 7.3.2  TimeStamp: 2026/03/14-00:22:43-GMT  BuildTime: Aug  4 2022 06:17:15  BuildStamp: freesurfer-linux-ubuntu22_x86_64-7.3.2-20220804-6354275  User: oesteban  Machine: dna076  Platform: Linux  PlatformVersion: 5.14.0-427.37.1.el9_4.x86_64  CompilerName: GCC  CompilerVersion: 8.4.0
ProgramName: tkregister2  ProgramArguments: tkregister2_cmdl -all-info  ProgramVersion: 7.3.2  TimeStamp: 2026/03/14-00:22:44-GMT  BuildTime: Aug  4 2022 06:17:15  BuildStamp: freesurfer-linux-ubuntu22_x86_64-7.3.2-20220804-6354275  User: oesteban  Machine: dna076  Platform: Linux  PlatformVersion: 5.14.0-427.37.1.el9_4.x86_64  CompilerName: GCC  CompilerVersion: 8.4.0
mri_motion_correct.fsl 7.3.2
mri_convert -all-info 
ProgramName: mri_convert  ProgramArguments: mri_convert -all-info  ProgramVersion: 7.3.2  TimeStamp: 2026/03/14-00:22:44-GMT  BuildTime: Aug  4 2022 06:17:15  BuildStamp: freesurfer-linux-ubuntu22_x86_64-7.3.2-20220804-6354275  User: oesteban  Machine: dna076  Platform: Linux  PlatformVersion: 5.14.0-427.37.1.el9_4.x86_64  CompilerName: GCC  CompilerVersion: 8.4.0
Program nu_correct, built from:
Package MNI N3, version 1.12.0, compiled by nicks@terrier (x86_64-unknown-linux-gnu) on 2015-06-19 at 01:25:34
#######################################
GCADIR /opt/freesurfer/average
GCA RB_all_2020-01-02.gca
GCASkull RB_all_withskull_2020_01_02.gca
AvgCurvTif folding.atlas.acfb40.noaparc.i12.2016-08-02.tif
GCSDIR /opt/freesurfer/average
GCS DKaparc.atlas.acfb40.noaparc.i12.2016-08-02.gcs
#######################################
#--------------------------------------------
#@# AutoDetGWStats rh Sat Mar 14 01:22:44 CET 2026
cd /out/sourcedata/freesurfer/sub-v2s7x29666_ses-1/mri
mris_autodet_gwstats --o ../surf/autodet.gw.stats.rh.dat --i brain.finalsurfs.mgz --wm wm.mgz --surf ../surf/rh.orig.premesh
  Update not needed
#--------------------------------------------
#@# WhitePreAparc rh Sat Mar 14 01:22:44 CET 2026
cd /out/sourcedata/freesurfer/sub-v2s7x29666_ses-1/mri
mris_place_surface --adgws-in ../surf/autodet.gw.stats.rh.dat --wm wm.mgz --threads 16 --invol brain.finalsurfs.mgz --rh --i ../surf/rh.orig --o ../surf/rh.white.preaparc --white --seg aseg.presurf.mgz --nsmooth 5
   Update not needed
#--------------------------------------------
#@# CortexLabel rh Sat Mar 14 01:22:44 CET 2026
cd /out/sourcedata/freesurfer/sub-v2s7x29666_ses-1/mri
mri_label2label --label-cortex ../surf/rh.white.preaparc aseg.presurf.mgz 0 ../label/rh.cortex.label
   Update not needed
#--------------------------------------------
#@# CortexLabel+HipAmyg rh Sat Mar 14 01:22:44 CET 2026
cd /out/sourcedata/freesurfer/sub-v2s7x29666_ses-1/mri
mri_label2label --label-cortex ../surf/rh.white.preaparc aseg.presurf.mgz 1 ../label/rh.cortex+hipamyg.label
   Update not needed
#@# white curv rh Sat Mar 14 01:22:44 CET 2026
cd /out/sourcedata/freesurfer/sub-v2s7x29666_ses-1/mri
mris_place_surface --curv-map ../surf/rh.white 2 10 ../surf/rh.curv
   Update not needed
#@# white area rh Sat Mar 14 01:22:44 CET 2026
cd /out/sourcedata/freesurfer/sub-v2s7x29666_ses-1/mri
mris_place_surface --area-map ../surf/rh.white ../surf/rh.area
   Update not needed
#@# pial curv rh Sat Mar 14 01:22:44 CET 2026
cd /out/sourcedata/freesurfer/sub-v2s7x29666_ses-1/mri
mris_place_surface --curv-map ../surf/rh.pial 2 10 ../surf/rh.curv.pial
   Update not needed
#@# pial area rh Sat Mar 14 01:22:44 CET 2026
cd /out/sourcedata/freesurfer/sub-v2s7x29666_ses-1/mri
mris_place_surface --area-map ../surf/rh.pial ../surf/rh.area.pial
   Update not needed
#@# thickness rh Sat Mar 14 01:22:44 CET 2026
cd /out/sourcedata/freesurfer/sub-v2s7x29666_ses-1/mri
mris_place_surface --thickness ../surf/rh.white ../surf/rh.pial 20 5 ../surf/rh.thickness
   Update not needed
#@# area and vertex vol rh Sat Mar 14 01:22:44 CET 2026
cd /out/sourcedata/freesurfer/sub-v2s7x29666_ses-1/mri
mris_place_surface --thickness ../surf/rh.white ../surf/rh.pial 20 5 ../surf/rh.thickness
   Update not needed
#-----------------------------------------
#@# Parcellation Stats rh Sat Mar 14 01:22:44 CET 2026
/out/sourcedata/freesurfer/sub-v2s7x29666_ses-1/scripts

 mris_anatomical_stats -th3 -mgz -noglobal -cortex ../label/rh.cortex.label -f ../stats/rh.aparc.stats -b -a ../label/rh.aparc.annot -c ../label/aparc.annot.ctab sub-v2s7x29666_ses-1 rh white 

computing statistics for each annotation in ../label/rh.aparc.annot.
reading volume /out/sourcedata/freesurfer/sub-v2s7x29666_ses-1/mri/wm.mgz...
reading input surface /out/sourcedata/freesurfer/sub-v2s7x29666_ses-1/surf/rh.white...
reading input pial surface /out/sourcedata/freesurfer/sub-v2s7x29666_ses-1/surf/rh.pial...
reading input white surface /out/sourcedata/freesurfer/sub-v2s7x29666_ses-1/surf/rh.white...
INFO: using TH3 volume calc
INFO: assuming MGZ format for volumes.
INFO: not computing global stats
INFO: using ../label/rh.cortex.label as mask to calc cortex NumVert, SurfArea and MeanThickness.
Using TH3 vertex volume calc
Total face volume 273718
Total vertex volume 273464 (mask=0)
Saving annotation colortable ../label/aparc.annot.ctab

table columns are:
    number of vertices
    total surface area (mm^2)
    total gray matter volume (mm^3)
    average cortical thickness +- standard deviation (mm)
    integrated rectified mean curvature
    integrated rectified Gaussian curvature
    folding index
    intrinsic curvature index
    structure name

 1173    777   1990  2.772 0.478     0.088     0.013        5     0.6  bankssts
 1347   1020   2766  2.312 0.767     0.114     0.017       14     1.3  caudalanteriorcingulate
 3740   2632   6098  2.204 0.562     0.111     0.017       31     2.8  caudalmiddlefrontal
 2362   1730   3950  2.214 0.503     0.144     0.032       26     3.3  cuneus
  738    517   2477  3.240 0.826     0.120     0.026        7     0.8  entorhinal
 4964   3592  11295  2.836 0.567     0.123     0.022       55     5.0  fusiform
 7462   5286  14071  2.478 0.537     0.110     0.019       64     6.3  inferiorparietal
 5708   4120  12010  2.566 0.729     0.116     0.021       56     5.1  inferiortemporal
 1774   1333   4040  2.786 0.792     0.134     0.034       22     2.9  isthmuscingulate
 8811   6505  15597  2.282 0.518     0.136     0.025       99     9.6  lateraloccipital
 4229   3037   8502  2.558 0.706     0.128     0.028      100     5.4  lateralorbitofrontal
 5723   4179   9458  2.148 0.665     0.131     0.026       65     6.3  lingual
 3327   2455   6829  2.513 0.658     0.123     0.026       49     3.8  medialorbitofrontal
 5744   4132  10987  2.398 0.694     0.113     0.020       57     4.9  middletemporal
 1037    686   2237  2.921 0.657     0.093     0.014        7     0.5  parahippocampal
 2939   1889   5261  2.638 0.551     0.102     0.016       19     2.0  paracentral
 2411   1753   4743  2.544 0.570     0.115     0.019       22     2.0  parsopercularis
 1459   1110   3340  2.390 0.664     0.133     0.024       19     1.5  parsorbitalis
 2940   2093   5416  2.303 0.560     0.109     0.017       25     2.1  parstriangularis
 2379   1771   2450  1.689 0.470     0.145     0.031       27     3.4  pericalcarine
 7232   5022  10985  2.044 0.705     0.123     0.022       74     6.9  postcentral
 1890   1342   3798  2.545 0.976     0.115     0.021       20     1.8  posteriorcingulate
 8317   5500  14139  2.393 0.654     0.103     0.016       55     5.7  precentral
 7070   4874  13633  2.626 0.576     0.117     0.021       67     6.2  precuneus
  912    666   1838  2.515 0.678     0.117     0.020        8     0.9  rostralanteriorcingulate
 9790   7302  17177  2.200 0.557     0.129     0.026      109    11.5  rostralmiddlefrontal
11976   8370  25453  2.743 0.647     0.115     0.019      107     9.6  superiorfrontal
 8048   5531  14330  2.266 0.632     0.118     0.021       91     7.1  superiorparietal
 6243   4224  13621  2.932 0.622     0.091     0.015       41     4.3  superiortemporal
 6892   4884  11444  2.271 0.492     0.110     0.017       59     5.1  supramarginal
  507    415   1173  2.342 0.425     0.171     0.041       10     1.0  frontalpole
  760    655   2799  2.949 0.994     0.144     0.035       10     1.2  temporalpole
  638    430   1212  2.469 0.402     0.112     0.020        5     0.5  transversetemporal
 3615   2467   8346  3.350 0.787     0.102     0.022       26     3.0  insula

 mris_anatomical_stats -th3 -mgz -noglobal -cortex ../label/rh.cortex.label -f ../stats/rh.aparc.pial.stats -b -a ../label/rh.aparc.annot -c ../label/aparc.annot.ctab sub-v2s7x29666_ses-1 rh pial 

computing statistics for each annotation in ../label/rh.aparc.annot.
reading volume /out/sourcedata/freesurfer/sub-v2s7x29666_ses-1/mri/wm.mgz...
reading input surface /out/sourcedata/freesurfer/sub-v2s7x29666_ses-1/surf/rh.pial...
reading input pial surface /out/sourcedata/freesurfer/sub-v2s7x29666_ses-1/surf/rh.pial...
reading input white surface /out/sourcedata/freesurfer/sub-v2s7x29666_ses-1/surf/rh.white...
INFO: using TH3 volume calc
INFO: assuming MGZ format for volumes.
INFO: not computing global stats
INFO: using ../label/rh.cortex.label as mask to calc cortex NumVert, SurfArea and MeanThickness.
Using TH3 vertex volume calc
Total face volume 273718
Total vertex volume 273464 (mask=0)
Saving annotation colortable ../label/aparc.annot.ctab

table columns are:
    number of vertices
    total surface area (mm^2)
    total gray matter volume (mm^3)
    average cortical thickness +- standard deviation (mm)
    integrated rectified mean curvature
    integrated rectified Gaussian curvature
    folding index
    intrinsic curvature index
    structure name

 1173    685   1990  2.772 0.478     0.085     0.023       11     1.0  bankssts
 1347   1294   2766  2.312 0.767     0.159     0.039       84     2.3  caudalanteriorcingulate
 3740   2977   6098  2.204 0.562     0.128     0.024       42     3.9  caudalmiddlefrontal
 2362   2019   3950  2.214 0.503     0.145     0.038       79     3.6  cuneus
  738    970   2477  3.240 0.826     0.264     0.066       19     2.5  entorhinal
 4964   4492  11295  2.836 0.567     0.149     0.037      138     7.4  fusiform
 7462   6140  14071  2.478 0.537     0.130     0.027      118     8.5  inferiorparietal
 5708   5322  12010  2.566 0.729     0.179     0.052   139516     8.1  inferiortemporal
 1774   1698   4040  2.786 0.792     0.202     0.070      133     4.7  isthmuscingulate
 8811   7475  15597  2.282 0.518     0.140     0.034      368    12.1  lateraloccipital
 4229   3697   8502  2.558 0.706     0.167     0.043       96     8.0  lateralorbitofrontal
 5723   4960   9458  2.148 0.665     0.139     0.036      253     8.7  lingual
 3327   3030   6829  2.513 0.658     0.153     0.039      105     5.2  medialorbitofrontal
 5744   5024  10987  2.398 0.694     0.139     0.029       76     7.2  middletemporal
 1037    884   2237  2.921 0.657     0.143     0.036       15     1.7  parahippocampal
 2939   2117   5261  2.638 0.551     0.109     0.023       80     2.9  paracentral
 2411   2025   4743  2.544 0.570     0.144     0.029       35     3.1  parsopercularis
 1459   1672   3340  2.390 0.664     0.179     0.038       20     2.3  parsorbitalis
 2940   2560   5416  2.303 0.560     0.145     0.028       76     3.5  parstriangularis
 2379   1414   2450  1.689 0.470     0.115     0.035       78     2.9  pericalcarine
 7232   5788  10985  2.044 0.705     0.130     0.029       86     9.1  postcentral
 1890   1644   3798  2.545 0.976     0.169     0.047      416     3.0  posteriorcingulate
 8317   6133  14139  2.393 0.654     0.108     0.024      116     8.2  precentral
 7070   5506  13633  2.626 0.576     0.142     0.058    22988     8.6  precuneus
  912    807   1838  2.515 0.678     0.168     0.046       88     1.9  rostralanteriorcingulate
 9790   8383  17177  2.200 0.557     0.151     0.033      211    14.2  rostralmiddlefrontal
11976  10104  25453  2.743 0.647     0.141     0.035      388    16.7  superiorfrontal
 8048   6901  14330  2.266 0.632     0.138     0.031      107    10.4  superiorparietal
 6243   4984  13621  2.932 0.622     0.118     0.025       79     7.1  superiortemporal
 6892   5451  11444  2.271 0.492     0.135     0.029      119     9.0  supramarginal
  507    638   1173  2.342 0.425     0.213     0.043        8     0.9  frontalpole
  760   1175   2799  2.949 0.994     0.256     0.057       25     1.8  temporalpole
  638    597   1212  2.469 0.402     0.139     0.031        6     0.8  transversetemporal
 3615   2522   8346  3.350 0.787     0.159     0.061      173     6.6  insula
#-----------------------------------------
#@# Parcellation Stats 2 rh Sat Mar 14 01:23:01 CET 2026
/out/sourcedata/freesurfer/sub-v2s7x29666_ses-1/scripts

 mris_anatomical_stats -th3 -mgz -noglobal -cortex ../label/rh.cortex.label -f ../stats/rh.aparc.a2009s.stats -b -a ../label/rh.aparc.a2009s.annot -c ../label/aparc.annot.a2009s.ctab sub-v2s7x29666_ses-1 rh white 

computing statistics for each annotation in ../label/rh.aparc.a2009s.annot.
reading volume /out/sourcedata/freesurfer/sub-v2s7x29666_ses-1/mri/wm.mgz...
reading input surface /out/sourcedata/freesurfer/sub-v2s7x29666_ses-1/surf/rh.white...
reading input pial surface /out/sourcedata/freesurfer/sub-v2s7x29666_ses-1/surf/rh.pial...
reading input white surface /out/sourcedata/freesurfer/sub-v2s7x29666_ses-1/surf/rh.white...
INFO: using TH3 volume calc
INFO: assuming MGZ format for volumes.
INFO: not computing global stats
INFO: using ../label/rh.cortex.label as mask to calc cortex NumVert, SurfArea and MeanThickness.
Using TH3 vertex volume calc
Total face volume 273718
Total vertex volume 273464 (mask=0)
Saving annotation colortable ../label/aparc.annot.a2009s.ctab

table columns are:
    number of vertices
    total surface area (mm^2)
    total gray matter volume (mm^3)
    average cortical thickness +- standard deviation (mm)
    integrated rectified mean curvature
    integrated rectified Gaussian curvature
    folding index
    intrinsic curvature index
    structure name

 1019    757   1847  2.326 0.500     0.135     0.033       13     1.3  G_and_S_frontomargin
 1618   1169   2761  2.312 0.499     0.122     0.019       15     1.3  G_and_S_occipital_inf
 1903   1245   3108  2.257 0.646     0.128     0.027       23     2.2  G_and_S_paracentral
 2111   1518   4454  2.735 0.564     0.129     0.021       20     2.0  G_and_S_subcentral
 1339   1097   3083  2.371 0.576     0.161     0.035       23     2.0  G_and_S_transv_frontopol
 3453   2606   7303  2.772 0.528     0.129     0.026       36     4.0  G_and_S_cingul-Ant
 1572   1118   3102  2.780 0.415     0.103     0.016       11     1.2  G_and_S_cingul-Mid-Ant
 1610   1142   3268  2.822 0.551     0.114     0.021       13     1.4  G_and_S_cingul-Mid-Post
  597    439   1865  3.399 0.813     0.143     0.032        9     0.8  G_cingul-Post-dorsal
  426    303   1135  2.959 0.642     0.132     0.024        6     0.5  G_cingul-Post-ventral
 2315   1703   3811  2.109 0.533     0.148     0.033       28     3.3  G_cuneus
 1590   1239   4346  2.787 0.504     0.133     0.025       20     1.7  G_front_inf-Opercular
  597    455   1514  2.514 0.403     0.141     0.024        9     0.6  G_front_inf-Orbital
 1104    847   2644  2.424 0.550     0.131     0.021       14     1.0  G_front_inf-Triangul
 4683   3582   9506  2.262 0.592     0.139     0.026       63     5.9  G_front_middle
 7973   5597  19527  2.869 0.649     0.122     0.021       87     6.9  G_front_sup
  646    444   1962  3.893 0.928     0.076     0.017        3     0.3  G_Ins_lg_and_S_cent_ins
  719    554   2440  3.356 0.923     0.144     0.035       10     1.0  G_insular_short
 2464   1945   6383  2.588 0.558     0.149     0.030       36     3.3  G_occipital_middle
 1418    981   3416  2.567 0.630     0.130     0.027       16     1.5  G_occipital_sup
 2200   1618   6296  2.952 0.568     0.127     0.025       32     2.2  G_oc-temp_lat-fusifor
 3390   2530   6329  2.148 0.767     0.142     0.031       45     4.2  G_oc-temp_med-Lingual
 1130    790   3586  3.139 0.821     0.117     0.026       11     1.0  G_oc-temp_med-Parahip
 3030   2370   7976  2.561 0.710     0.143     0.029       47     4.0  G_orbital
 2309   1781   5780  2.662 0.556     0.136     0.025       33     2.4  G_pariet_inf-Angular
 3565   2648   7159  2.249 0.479     0.119     0.019       37     2.8  G_pariet_inf-Supramar
 2465   1665   5221  2.342 0.715     0.118     0.024       41     2.3  G_parietal_sup
 2406   1713   4195  1.991 0.685     0.134     0.023       29     2.5  G_postcentral
 2941   1984   6715  2.590 0.722     0.106     0.018       22     2.0  G_precentral
 2821   2027   7456  2.819 0.623     0.136     0.026       38     3.2  G_precuneus
 1041    768   2623  2.601 0.709     0.123     0.025       19     1.0  G_rectus
  570    371    942  2.301 0.770     0.141     0.066       62     1.6  G_subcallosal
  590    383   1254  2.590 0.519     0.121     0.023        6     0.6  G_temp_sup-G_T_transv
 1922   1375   5612  3.153 0.604     0.120     0.024       21     2.2  G_temp_sup-Lateral
  923    629   2461  3.311 0.784     0.088     0.022        6     0.8  G_temp_sup-Plan_polar
  988    643   1683  2.428 0.424     0.066     0.006        3     0.2  G_temp_sup-Plan_tempo
 3126   2406   7897  2.579 0.743     0.132     0.025       43     3.5  G_temporal_inf
 3143   2364   6988  2.346 0.728     0.120     0.023       41     3.1  G_temporal_middle
  543    345    585  1.898 0.391     0.071     0.009        2     0.2  Lat_Fis-ant-Horizont
  483    310    596  2.337 0.532     0.093     0.008        2     0.2  Lat_Fis-ant-Vertical
 1752   1187   2602  2.816 0.613     0.110     0.019       12     1.4  Lat_Fis-post
 4111   3140   6353  1.955 0.547     0.152     0.031       53     5.6  Pole_occipital
 1940   1636   6277  2.714 0.920     0.156     0.036       29     3.2  Pole_temporal
 2862   2005   3682  2.148 0.655     0.115     0.021       23     2.7  S_calcarine
 3355   2151   3256  1.753 0.396     0.096     0.015       18     2.1  S_central
 1341    889   1939  2.351 0.552     0.086     0.012        5     0.7  S_cingul-Marginalis
  682    447   1121  3.093 0.682     0.098     0.018        3     0.5  S_circular_insula_ant
 1574   1009   2496  3.074 0.596     0.072     0.010        5     0.6  S_circular_insula_inf
 1601   1034   2424  2.766 0.423     0.085     0.014        6     1.0  S_circular_insula_sup
 1095    735   1942  3.124 0.362     0.088     0.012        4     0.6  S_collat_transv_ant
  481    344    658  2.316 0.456     0.150     0.032        5     0.9  S_collat_transv_post
 2600   1799   3427  2.120 0.528     0.103     0.018       17     1.9  S_front_inf
 2147   1578   3486  2.127 0.544     0.118     0.024       18     2.3  S_front_middle
 3363   2299   4686  2.167 0.504     0.095     0.014       19     2.1  S_front_sup
  372    256    418  1.883 0.462     0.079     0.007        1     0.2  S_interm_prim-Jensen
 3660   2407   4662  2.193 0.519     0.099     0.015       23     2.4  S_intrapariet_and_P_trans
 1400    983   1923  2.441 0.420     0.128     0.025       11     1.6  S_oc_middle_and_Lunatus
 1218    819   1717  2.428 0.219     0.096     0.012        6     0.7  S_oc_sup_and_transversal
  747    534    994  2.070 0.472     0.104     0.020        6     0.5  S_occipital_ant
 1486   1018   2156  2.415 0.440     0.107     0.017       10     1.1  S_oc-temp_lat
 2742   1855   4074  2.644 0.487     0.100     0.014       17     1.6  S_oc-temp_med_and_Lingual
  411    290    604  2.312 0.625     0.111     0.021        3     0.4  S_orbital_lateral
  706    463   1071  2.626 0.978     0.084     0.011        3     0.3  S_orbital_med-olfact
 1546   1067   2387  2.260 0.561     0.113     0.022       10     1.5  S_orbital-H_Shaped
 2248   1520   3223  2.594 0.488     0.115     0.018       18     1.9  S_parieto_occipital
 1833   1268   1875  1.688 0.585     0.114     0.024       24     2.3  S_pericallosal
 3551   2494   4560  1.993 0.475     0.120     0.019       32     3.0  S_postcentral
 2107   1392   2804  2.403 0.657     0.093     0.013       11     1.3  S_precentral-inf-part
 1616   1048   1982  2.158 0.401     0.104     0.014       10     1.1  S_precentral-sup-part
  374    258    511  2.254 0.582     0.121     0.012        4     0.2  S_suborbital
 2125   1477   3469  2.469 0.538     0.104     0.021       14     1.6  S_subparietal
 1724   1099   1966  2.136 0.598     0.098     0.015        8     1.2  S_temporal_inf
 6289   4083   9369  2.569 0.521     0.082     0.012       25     3.2  S_temporal_sup
  355    249    521  2.689 0.403     0.127     0.019        3     0.3  S_temporal_transverse
#-----------------------------------------
#@# Parcellation Stats 3 rh Sat Mar 14 01:23:10 CET 2026
/out/sourcedata/freesurfer/sub-v2s7x29666_ses-1/scripts

 mris_anatomical_stats -th3 -mgz -noglobal -cortex ../label/rh.cortex.label -f ../stats/rh.aparc.DKTatlas.stats -b -a ../label/rh.aparc.DKTatlas.annot -c ../label/aparc.annot.DKTatlas.ctab sub-v2s7x29666_ses-1 rh white 

computing statistics for each annotation in ../label/rh.aparc.DKTatlas.annot.
reading volume /out/sourcedata/freesurfer/sub-v2s7x29666_ses-1/mri/wm.mgz...
reading input surface /out/sourcedata/freesurfer/sub-v2s7x29666_ses-1/surf/rh.white...
reading input pial surface /out/sourcedata/freesurfer/sub-v2s7x29666_ses-1/surf/rh.pial...
reading input white surface /out/sourcedata/freesurfer/sub-v2s7x29666_ses-1/surf/rh.white...
INFO: using TH3 volume calc
INFO: assuming MGZ format for volumes.
INFO: not computing global stats
INFO: using ../label/rh.cortex.label as mask to calc cortex NumVert, SurfArea and MeanThickness.
Using TH3 vertex volume calc
Total face volume 273718
Total vertex volume 273464 (mask=0)
Saving annotation colortable ../label/aparc.annot.DKTatlas.ctab

table columns are:
    number of vertices
    total surface area (mm^2)
    total gray matter volume (mm^3)
    average cortical thickness +- standard deviation (mm)
    integrated rectified mean curvature
    integrated rectified Gaussian curvature
    folding index
    intrinsic curvature index
    structure name

 1464   1094   2946  2.307 0.785     0.113     0.017       15     1.4  caudalanteriorcingulate
 3788   2688   6314  2.214 0.557     0.112     0.017       32     2.9  caudalmiddlefrontal
 2858   2073   4800  2.244 0.485     0.142     0.030       33     3.7  cuneus
  643    448   2182  3.275 0.838     0.117     0.026        6     0.6  entorhinal
 4632   3287  10069  2.863 0.515     0.116     0.020       47     3.9  fusiform
 7318   5184  13731  2.486 0.536     0.113     0.020       64     6.4  inferiorparietal
 6130   4490  13409  2.564 0.738     0.120     0.023       63     6.3  inferiortemporal
 1795   1345   4016  2.772 0.755     0.135     0.034       23     3.0  isthmuscingulate
 8793   6483  15618  2.272 0.524     0.135     0.025       98     9.6  lateraloccipital
 4447   3287   9459  2.549 0.683     0.132     0.029       54     5.5  lateralorbitofrontal
 5548   4054   9251  2.168 0.661     0.132     0.026       64     6.1  lingual
 2419   1739   5022  2.485 0.725     0.126     0.032       92     3.4  medialorbitofrontal
 6855   4875  12786  2.425 0.673     0.109     0.019       63     5.5  middletemporal
 1094    721   2379  2.932 0.648     0.091     0.014        7     0.6  parahippocampal
 3095   1993   5673  2.651 0.554     0.102     0.016       20     2.1  paracentral
 2810   2023   5515  2.543 0.580     0.111     0.018       24     2.2  parsopercularis
 1318    951   2776  2.398 0.591     0.122     0.020       14     1.3  parsorbitalis
 2896   2060   5184  2.274 0.552     0.113     0.018       27     2.2  parstriangularis
 2405   1800   2463  1.655 0.449     0.146     0.032       27     3.5  pericalcarine
 8065   5598  12179  2.045 0.687     0.122     0.022       81     7.6  postcentral
 2003   1419   4101  2.611 0.957     0.117     0.022       21     2.1  posteriorcingulate
 7913   5239  13755  2.426 0.671     0.102     0.016       52     5.3  precentral
 7048   4899  13655  2.612 0.587     0.117     0.021       67     6.1  precuneus
 1279    892   2297  2.491 0.637     0.109     0.018       10     1.0  rostralanteriorcingulate
 7052   5245  12227  2.181 0.552     0.128     0.026       77     8.3  rostralmiddlefrontal
15446  11075  31677  2.617 0.657     0.120     0.021      154    14.1  superiorfrontal
 6778   4623  12126  2.265 0.658     0.115     0.019       77     5.9  superiorparietal
 7797   5415  17812  2.910 0.668     0.099     0.019       58     6.4  superiortemporal
 6528   4627  10961  2.291 0.485     0.111     0.017       57     4.8  supramarginal
  656    445   1268  2.503 0.415     0.112     0.020        6     0.5  transversetemporal
 3284   2223   7815  3.455 0.736     0.096     0.018       19     2.2  insula
/out/sourcedata/freesurfer/sub-v2s7x29666_ses-1/label
#--------------------------------------------
#@# BA_exvivo Labels rh Sat Mar 14 01:23:19 CET 2026

 mri_label2label --srcsubject fsaverage --srclabel /out/sourcedata/freesurfer/fsaverage/label/rh.BA1_exvivo.label --trgsubject sub-v2s7x29666_ses-1 --trglabel ./rh.BA1_exvivo.label --hemi rh --regmethod surface 


srclabel = /out/sourcedata/freesurfer/fsaverage/label/rh.BA1_exvivo.label
srcsubject = fsaverage
trgsubject = sub-v2s7x29666_ses-1
trglabel = ./rh.BA1_exvivo.label
regmethod = surface

srchemi = rh
trghemi = rh
trgsurface = white
srcsurfreg = sphere.reg
trgsurfreg = sphere.reg
usehash = 1
Use ProjAbs  = 0, 0
Use ProjFrac = 0, 0
DoPaint 0

SUBJECTS_DIR    /out/sourcedata/freesurfer
FREESURFER_HOME /opt/freesurfer
Loading source label.
Found 3962 points in source label.
Starting surface-based mapping
Reading source registration 
 /out/sourcedata/freesurfer/fsaverage/surf/rh.sphere.reg
Rescaling ...  original radius = 100
Reading target surface 
 /out/sourcedata/freesurfer/sub-v2s7x29666_ses-1/surf/rh.white
Reading target registration 
 /out/sourcedata/freesurfer/sub-v2s7x29666_ses-1/surf/rh.sphere.reg
Rescaling ...  original radius = 100
Building target registration hash (res=16).
Building source registration hash (res=16).
INFO: found  3962 nlabel points
Performing mapping from target back to the source label 152828
Number of reverse mapping hits = 336
Checking for and removing duplicates
Writing label file ./rh.BA1_exvivo.label 4298
mri_label2label: Done


 mri_label2label --srcsubject fsaverage --srclabel /out/sourcedata/freesurfer/fsaverage/label/rh.BA2_exvivo.label --trgsubject sub-v2s7x29666_ses-1 --trglabel ./rh.BA2_exvivo.label --hemi rh --regmethod surface 


srclabel = /out/sourcedata/freesurfer/fsaverage/label/rh.BA2_exvivo.label
srcsubject = fsaverage
trgsubject = sub-v2s7x29666_ses-1
trglabel = ./rh.BA2_exvivo.label
regmethod = surface

srchemi = rh
trghemi = rh
trgsurface = white
srcsurfreg = sphere.reg
trgsurfreg = sphere.reg
usehash = 1
Use ProjAbs  = 0, 0
Use ProjFrac = 0, 0
DoPaint 0

SUBJECTS_DIR    /out/sourcedata/freesurfer
FREESURFER_HOME /opt/freesurfer
Loading source label.
Found 6687 points in source label.
Starting surface-based mapping
Reading source registration 
 /out/sourcedata/freesurfer/fsaverage/surf/rh.sphere.reg
Rescaling ...  original radius = 100
Reading target surface 
 /out/sourcedata/freesurfer/sub-v2s7x29666_ses-1/surf/rh.white
Reading target registration 
 /out/sourcedata/freesurfer/sub-v2s7x29666_ses-1/surf/rh.sphere.reg
Rescaling ...  original radius = 100
Building target registration hash (res=16).
Building source registration hash (res=16).
INFO: found  6687 nlabel points
Performing mapping from target back to the source label 152828
Number of reverse mapping hits = 596
Checking for and removing duplicates
Writing label file ./rh.BA2_exvivo.label 7283
mri_label2label: Done


 mri_label2label --srcsubject fsaverage --srclabel /out/sourcedata/freesurfer/fsaverage/label/rh.BA3a_exvivo.label --trgsubject sub-v2s7x29666_ses-1 --trglabel ./rh.BA3a_exvivo.label --hemi rh --regmethod surface 


srclabel = /out/sourcedata/freesurfer/fsaverage/label/rh.BA3a_exvivo.label
srcsubject = fsaverage
trgsubject = sub-v2s7x29666_ses-1
trglabel = ./rh.BA3a_exvivo.label
regmethod = surface

srchemi = rh
trghemi = rh
trgsurface = white
srcsurfreg = sphere.reg
trgsurfreg = sphere.reg
usehash = 1
Use ProjAbs  = 0, 0
Use ProjFrac = 0, 0
DoPaint 0

SUBJECTS_DIR    /out/sourcedata/freesurfer
FREESURFER_HOME /opt/freesurfer
Loading source label.
Found 3980 points in source label.
Starting surface-based mapping
Reading source registration 
 /out/sourcedata/freesurfer/fsaverage/surf/rh.sphere.reg
Rescaling ...  original radius = 100
Reading target surface 
 /out/sourcedata/freesurfer/sub-v2s7x29666_ses-1/surf/rh.white
Reading target registration 
 /out/sourcedata/freesurfer/sub-v2s7x29666_ses-1/surf/rh.sphere.reg
Rescaling ...  original radius = 100
Building target registration hash (res=16).
Building source registration hash (res=16).
INFO: found  3980 nlabel points
Performing mapping from target back to the source label 152828
Number of reverse mapping hits = 119
Checking for and removing duplicates
Writing label file ./rh.BA3a_exvivo.label 4099
mri_label2label: Done


 mri_label2label --srcsubject fsaverage --srclabel /out/sourcedata/freesurfer/fsaverage/label/rh.BA3b_exvivo.label --trgsubject sub-v2s7x29666_ses-1 --trglabel ./rh.BA3b_exvivo.label --hemi rh --regmethod surface 


srclabel = /out/sourcedata/freesurfer/fsaverage/label/rh.BA3b_exvivo.label
srcsubject = fsaverage
trgsubject = sub-v2s7x29666_ses-1
trglabel = ./rh.BA3b_exvivo.label
regmethod = surface

srchemi = rh
trghemi = rh
trgsurface = white
srcsurfreg = sphere.reg
trgsurfreg = sphere.reg
usehash = 1
Use ProjAbs  = 0, 0
Use ProjFrac = 0, 0
DoPaint 0

SUBJECTS_DIR    /out/sourcedata/freesurfer
FREESURFER_HOME /opt/freesurfer
Loading source label.
Found 4522 points in source label.
Starting surface-based mapping
Reading source registration 
 /out/sourcedata/freesurfer/fsaverage/surf/rh.sphere.reg
Rescaling ...  original radius = 100
Reading target surface 
 /out/sourcedata/freesurfer/sub-v2s7x29666_ses-1/surf/rh.white
Reading target registration 
 /out/sourcedata/freesurfer/sub-v2s7x29666_ses-1/surf/rh.sphere.reg
Rescaling ...  original radius = 100
Building target registration hash (res=16).
Building source registration hash (res=16).
INFO: found  4522 nlabel points
Performing mapping from target back to the source label 152828
Number of reverse mapping hits = 283
Checking for and removing duplicates
Writing label file ./rh.BA3b_exvivo.label 4805
mri_label2label: Done


 mri_label2label --srcsubject fsaverage --srclabel /out/sourcedata/freesurfer/fsaverage/label/rh.BA4a_exvivo.label --trgsubject sub-v2s7x29666_ses-1 --trglabel ./rh.BA4a_exvivo.label --hemi rh --regmethod surface 


srclabel = /out/sourcedata/freesurfer/fsaverage/label/rh.BA4a_exvivo.label
srcsubject = fsaverage
trgsubject = sub-v2s7x29666_ses-1
trglabel = ./rh.BA4a_exvivo.label
regmethod = surface

srchemi = rh
trghemi = rh
trgsurface = white
srcsurfreg = sphere.reg
trgsurfreg = sphere.reg
usehash = 1
Use ProjAbs  = 0, 0
Use ProjFrac = 0, 0
DoPaint 0

SUBJECTS_DIR    /out/sourcedata/freesurfer
FREESURFER_HOME /opt/freesurfer
Loading source label.
Found 5747 points in source label.
Starting surface-based mapping
Reading source registration 
 /out/sourcedata/freesurfer/fsaverage/surf/rh.sphere.reg
Rescaling ...  original radius = 100
Reading target surface 
 /out/sourcedata/freesurfer/sub-v2s7x29666_ses-1/surf/rh.white
Reading target registration 
 /out/sourcedata/freesurfer/sub-v2s7x29666_ses-1/surf/rh.sphere.reg
Rescaling ...  original radius = 100
Building target registration hash (res=16).
Building source registration hash (res=16).
INFO: found  5747 nlabel points
Performing mapping from target back to the source label 152828
Number of reverse mapping hits = 541
Checking for and removing duplicates
Writing label file ./rh.BA4a_exvivo.label 6288
mri_label2label: Done


 mri_label2label --srcsubject fsaverage --srclabel /out/sourcedata/freesurfer/fsaverage/label/rh.BA4p_exvivo.label --trgsubject sub-v2s7x29666_ses-1 --trglabel ./rh.BA4p_exvivo.label --hemi rh --regmethod surface 


srclabel = /out/sourcedata/freesurfer/fsaverage/label/rh.BA4p_exvivo.label
srcsubject = fsaverage
trgsubject = sub-v2s7x29666_ses-1
trglabel = ./rh.BA4p_exvivo.label
regmethod = surface

srchemi = rh
trghemi = rh
trgsurface = white
srcsurfreg = sphere.reg
trgsurfreg = sphere.reg
usehash = 1
Use ProjAbs  = 0, 0
Use ProjFrac = 0, 0
DoPaint 0

SUBJECTS_DIR    /out/sourcedata/freesurfer
FREESURFER_HOME /opt/freesurfer
Loading source label.
Found 4473 points in source label.
Starting surface-based mapping
Reading source registration 
 /out/sourcedata/freesurfer/fsaverage/surf/rh.sphere.reg
Rescaling ...  original radius = 100
Reading target surface 
 /out/sourcedata/freesurfer/sub-v2s7x29666_ses-1/surf/rh.white
Reading target registration 
 /out/sourcedata/freesurfer/sub-v2s7x29666_ses-1/surf/rh.sphere.reg
Rescaling ...  original radius = 100
Building target registration hash (res=16).
Building source registration hash (res=16).
INFO: found  4473 nlabel points
Performing mapping from target back to the source label 152828
Number of reverse mapping hits = 158
Checking for and removing duplicates
Writing label file ./rh.BA4p_exvivo.label 4631
mri_label2label: Done


 mri_label2label --srcsubject fsaverage --srclabel /out/sourcedata/freesurfer/fsaverage/label/rh.BA6_exvivo.label --trgsubject sub-v2s7x29666_ses-1 --trglabel ./rh.BA6_exvivo.label --hemi rh --regmethod surface 


srclabel = /out/sourcedata/freesurfer/fsaverage/label/rh.BA6_exvivo.label
srcsubject = fsaverage
trgsubject = sub-v2s7x29666_ses-1
trglabel = ./rh.BA6_exvivo.label
regmethod = surface

srchemi = rh
trghemi = rh
trgsurface = white
srcsurfreg = sphere.reg
trgsurfreg = sphere.reg
usehash = 1
Use ProjAbs  = 0, 0
Use ProjFrac = 0, 0
DoPaint 0

SUBJECTS_DIR    /out/sourcedata/freesurfer
FREESURFER_HOME /opt/freesurfer
Loading source label.
Found 12256 points in source label.
Starting surface-based mapping
Reading source registration 
 /out/sourcedata/freesurfer/fsaverage/surf/rh.sphere.reg
Rescaling ...  original radius = 100
Reading target surface 
 /out/sourcedata/freesurfer/sub-v2s7x29666_ses-1/surf/rh.white
Reading target registration 
 /out/sourcedata/freesurfer/sub-v2s7x29666_ses-1/surf/rh.sphere.reg
Rescaling ...  original radius = 100
Building target registration hash (res=16).
Building source registration hash (res=16).
INFO: found  12256 nlabel points
Performing mapping from target back to the source label 152828
Number of reverse mapping hits = 952
Checking for and removing duplicates
Writing label file ./rh.BA6_exvivo.label 13208
mri_label2label: Done


 mri_label2label --srcsubject fsaverage --srclabel /out/sourcedata/freesurfer/fsaverage/label/rh.BA44_exvivo.label --trgsubject sub-v2s7x29666_ses-1 --trglabel ./rh.BA44_exvivo.label --hemi rh --regmethod surface 


srclabel = /out/sourcedata/freesurfer/fsaverage/label/rh.BA44_exvivo.label
srcsubject = fsaverage
trgsubject = sub-v2s7x29666_ses-1
trglabel = ./rh.BA44_exvivo.label
regmethod = surface

srchemi = rh
trghemi = rh
trgsurface = white
srcsurfreg = sphere.reg
trgsurfreg = sphere.reg
usehash = 1
Use ProjAbs  = 0, 0
Use ProjFrac = 0, 0
DoPaint 0

SUBJECTS_DIR    /out/sourcedata/freesurfer
FREESURFER_HOME /opt/freesurfer
Loading source label.
Found 6912 points in source label.
Starting surface-based mapping
Reading source registration 
 /out/sourcedata/freesurfer/fsaverage/surf/rh.sphere.reg
Rescaling ...  original radius = 100
Reading target surface 
 /out/sourcedata/freesurfer/sub-v2s7x29666_ses-1/surf/rh.white
Reading target registration 
 /out/sourcedata/freesurfer/sub-v2s7x29666_ses-1/surf/rh.sphere.reg
Rescaling ...  original radius = 100
Building target registration hash (res=16).
Building source registration hash (res=16).
INFO: found  6912 nlabel points
Performing mapping from target back to the source label 152828
Number of reverse mapping hits = 912
Checking for and removing duplicates
Writing label file ./rh.BA44_exvivo.label 7824
mri_label2label: Done


 mri_label2label --srcsubject fsaverage --srclabel /out/sourcedata/freesurfer/fsaverage/label/rh.BA45_exvivo.label --trgsubject sub-v2s7x29666_ses-1 --trglabel ./rh.BA45_exvivo.label --hemi rh --regmethod surface 


srclabel = /out/sourcedata/freesurfer/fsaverage/label/rh.BA45_exvivo.label
srcsubject = fsaverage
trgsubject = sub-v2s7x29666_ses-1
trglabel = ./rh.BA45_exvivo.label
regmethod = surface

srchemi = rh
trghemi = rh
trgsurface = white
srcsurfreg = sphere.reg
trgsurfreg = sphere.reg
usehash = 1
Use ProjAbs  = 0, 0
Use ProjFrac = 0, 0
DoPaint 0

SUBJECTS_DIR    /out/sourcedata/freesurfer
FREESURFER_HOME /opt/freesurfer
Loading source label.
Found 5355 points in source label.
Starting surface-based mapping
Reading source registration 
 /out/sourcedata/freesurfer/fsaverage/surf/rh.sphere.reg
Rescaling ...  original radius = 100
Reading target surface 
 /out/sourcedata/freesurfer/sub-v2s7x29666_ses-1/surf/rh.white
Reading target registration 
 /out/sourcedata/freesurfer/sub-v2s7x29666_ses-1/surf/rh.sphere.reg
Rescaling ...  original radius = 100
Building target registration hash (res=16).
Building source registration hash (res=16).
INFO: found  5355 nlabel points
Performing mapping from target back to the source label 152828
Number of reverse mapping hits = 1281
Checking for and removing duplicates
Writing label file ./rh.BA45_exvivo.label 6636
mri_label2label: Done


 mri_label2label --srcsubject fsaverage --srclabel /out/sourcedata/freesurfer/fsaverage/label/rh.V1_exvivo.label --trgsubject sub-v2s7x29666_ses-1 --trglabel ./rh.V1_exvivo.label --hemi rh --regmethod surface 


srclabel = /out/sourcedata/freesurfer/fsaverage/label/rh.V1_exvivo.label
srcsubject = fsaverage
trgsubject = sub-v2s7x29666_ses-1
trglabel = ./rh.V1_exvivo.label
regmethod = surface

srchemi = rh
trghemi = rh
trgsurface = white
srcsurfreg = sphere.reg
trgsurfreg = sphere.reg
usehash = 1
Use ProjAbs  = 0, 0
Use ProjFrac = 0, 0
DoPaint 0

SUBJECTS_DIR    /out/sourcedata/freesurfer
FREESURFER_HOME /opt/freesurfer
Loading source label.
Found 4727 points in source label.
Starting surface-based mapping
Reading source registration 
 /out/sourcedata/freesurfer/fsaverage/surf/rh.sphere.reg
Rescaling ...  original radius = 100
Reading target surface 
 /out/sourcedata/freesurfer/sub-v2s7x29666_ses-1/surf/rh.white
Reading target registration 
 /out/sourcedata/freesurfer/sub-v2s7x29666_ses-1/surf/rh.sphere.reg
Rescaling ...  original radius = 100
Building target registration hash (res=16).
Building source registration hash (res=16).
INFO: found  4727 nlabel points
Performing mapping from target back to the source label 152828
Number of reverse mapping hits = 1808
Checking for and removing duplicates
Writing label file ./rh.V1_exvivo.label 6535
mri_label2label: Done


 mri_label2label --srcsubject fsaverage --srclabel /out/sourcedata/freesurfer/fsaverage/label/rh.V2_exvivo.label --trgsubject sub-v2s7x29666_ses-1 --trglabel ./rh.V2_exvivo.label --hemi rh --regmethod surface 


srclabel = /out/sourcedata/freesurfer/fsaverage/label/rh.V2_exvivo.label
srcsubject = fsaverage
trgsubject = sub-v2s7x29666_ses-1
trglabel = ./rh.V2_exvivo.label
regmethod = surface

srchemi = rh
trghemi = rh
trgsurface = white
srcsurfreg = sphere.reg
trgsurfreg = sphere.reg
usehash = 1
Use ProjAbs  = 0, 0
Use ProjFrac = 0, 0
DoPaint 0

SUBJECTS_DIR    /out/sourcedata/freesurfer
FREESURFER_HOME /opt/freesurfer
Loading source label.
Found 8016 points in source label.
Starting surface-based mapping
Reading source registration 
 /out/sourcedata/freesurfer/fsaverage/surf/rh.sphere.reg
Rescaling ...  original radius = 100
Reading target surface 
 /out/sourcedata/freesurfer/sub-v2s7x29666_ses-1/surf/rh.white
Reading target registration 
 /out/sourcedata/freesurfer/sub-v2s7x29666_ses-1/surf/rh.sphere.reg
Rescaling ...  original radius = 100
Building target registration hash (res=16).
Building source registration hash (res=16).
INFO: found  8016 nlabel points
Performing mapping from target back to the source label 152828
Number of reverse mapping hits = 3285
Checking for and removing duplicates
Writing label file ./rh.V2_exvivo.label 11301
mri_label2label: Done


 mri_label2label --srcsubject fsaverage --srclabel /out/sourcedata/freesurfer/fsaverage/label/rh.MT_exvivo.label --trgsubject sub-v2s7x29666_ses-1 --trglabel ./rh.MT_exvivo.label --hemi rh --regmethod surface 


srclabel = /out/sourcedata/freesurfer/fsaverage/label/rh.MT_exvivo.label
srcsubject = fsaverage
trgsubject = sub-v2s7x29666_ses-1
trglabel = ./rh.MT_exvivo.label
regmethod = surface

srchemi = rh
trghemi = rh
trgsurface = white
srcsurfreg = sphere.reg
trgsurfreg = sphere.reg
usehash = 1
Use ProjAbs  = 0, 0
Use ProjFrac = 0, 0
DoPaint 0

SUBJECTS_DIR    /out/sourcedata/freesurfer
FREESURFER_HOME /opt/freesurfer
Loading source label.
Found 1932 points in source label.
Starting surface-based mapping
Reading source registration 
 /out/sourcedata/freesurfer/fsaverage/surf/rh.sphere.reg
Rescaling ...  original radius = 100
Reading target surface 
 /out/sourcedata/freesurfer/sub-v2s7x29666_ses-1/surf/rh.white
Reading target registration 
 /out/sourcedata/freesurfer/sub-v2s7x29666_ses-1/surf/rh.sphere.reg
Rescaling ...  original radius = 100
Building target registration hash (res=16).
Building source registration hash (res=16).
INFO: found  1932 nlabel points
Performing mapping from target back to the source label 152828
Number of reverse mapping hits = 660
Checking for and removing duplicates
Writing label file ./rh.MT_exvivo.label 2592
mri_label2label: Done


 mri_label2label --srcsubject fsaverage --srclabel /out/sourcedata/freesurfer/fsaverage/label/rh.entorhinal_exvivo.label --trgsubject sub-v2s7x29666_ses-1 --trglabel ./rh.entorhinal_exvivo.label --hemi rh --regmethod surface 


srclabel = /out/sourcedata/freesurfer/fsaverage/label/rh.entorhinal_exvivo.label
srcsubject = fsaverage
trgsubject = sub-v2s7x29666_ses-1
trglabel = ./rh.entorhinal_exvivo.label
regmethod = surface

srchemi = rh
trghemi = rh
trgsurface = white
srcsurfreg = sphere.reg
trgsurfreg = sphere.reg
usehash = 1
Use ProjAbs  = 0, 0
Use ProjFrac = 0, 0
DoPaint 0

SUBJECTS_DIR    /out/sourcedata/freesurfer
FREESURFER_HOME /opt/freesurfer
Loading source label.
Found 1038 points in source label.
Starting surface-based mapping
Reading source registration 
 /out/sourcedata/freesurfer/fsaverage/surf/rh.sphere.reg
Rescaling ...  original radius = 100
Reading target surface 
 /out/sourcedata/freesurfer/sub-v2s7x29666_ses-1/surf/rh.white
Reading target registration 
 /out/sourcedata/freesurfer/sub-v2s7x29666_ses-1/surf/rh.sphere.reg
Rescaling ...  original radius = 100
Building target registration hash (res=16).
Building source registration hash (res=16).
INFO: found  1038 nlabel points
Performing mapping from target back to the source label 152828
Number of reverse mapping hits = 95
Checking for and removing duplicates
Writing label file ./rh.entorhinal_exvivo.label 1133
mri_label2label: Done


 mri_label2label --srcsubject fsaverage --srclabel /out/sourcedata/freesurfer/fsaverage/label/rh.perirhinal_exvivo.label --trgsubject sub-v2s7x29666_ses-1 --trglabel ./rh.perirhinal_exvivo.label --hemi rh --regmethod surface 


srclabel = /out/sourcedata/freesurfer/fsaverage/label/rh.perirhinal_exvivo.label
srcsubject = fsaverage
trgsubject = sub-v2s7x29666_ses-1
trglabel = ./rh.perirhinal_exvivo.label
regmethod = surface

srchemi = rh
trghemi = rh
trgsurface = white
srcsurfreg = sphere.reg
trgsurfreg = sphere.reg
usehash = 1
Use ProjAbs  = 0, 0
Use ProjFrac = 0, 0
DoPaint 0

SUBJECTS_DIR    /out/sourcedata/freesurfer
FREESURFER_HOME /opt/freesurfer
Loading source label.
Found 752 points in source label.
Starting surface-based mapping
Reading source registration 
 /out/sourcedata/freesurfer/fsaverage/surf/rh.sphere.reg
Rescaling ...  original radius = 100
Reading target surface 
 /out/sourcedata/freesurfer/sub-v2s7x29666_ses-1/surf/rh.white
Reading target registration 
 /out/sourcedata/freesurfer/sub-v2s7x29666_ses-1/surf/rh.sphere.reg
Rescaling ...  original radius = 100
Building target registration hash (res=16).
Building source registration hash (res=16).
INFO: found  752 nlabel points
Performing mapping from target back to the source label 152828
Number of reverse mapping hits = 71
Checking for and removing duplicates
Writing label file ./rh.perirhinal_exvivo.label 823
mri_label2label: Done


 mri_label2label --srcsubject fsaverage --srclabel /out/sourcedata/freesurfer/fsaverage/label/rh.FG1.mpm.vpnl.label --trgsubject sub-v2s7x29666_ses-1 --trglabel ./rh.FG1.mpm.vpnl.label --hemi rh --regmethod surface 


srclabel = /out/sourcedata/freesurfer/fsaverage/label/rh.FG1.mpm.vpnl.label
srcsubject = fsaverage
trgsubject = sub-v2s7x29666_ses-1
trglabel = ./rh.FG1.mpm.vpnl.label
regmethod = surface

srchemi = rh
trghemi = rh
trgsurface = white
srcsurfreg = sphere.reg
trgsurfreg = sphere.reg
usehash = 1
Use ProjAbs  = 0, 0
Use ProjFrac = 0, 0
DoPaint 0

SUBJECTS_DIR    /out/sourcedata/freesurfer
FREESURFER_HOME /opt/freesurfer
Loading source label.
Found 541 points in source label.
Starting surface-based mapping
Reading source registration 
 /out/sourcedata/freesurfer/fsaverage/surf/rh.sphere.reg
Rescaling ...  original radius = 100
Reading target surface 
 /out/sourcedata/freesurfer/sub-v2s7x29666_ses-1/surf/rh.white
Reading target registration 
 /out/sourcedata/freesurfer/sub-v2s7x29666_ses-1/surf/rh.sphere.reg
Rescaling ...  original radius = 100
Building target registration hash (res=16).
Building source registration hash (res=16).
INFO: found  541 nlabel points
Performing mapping from target back to the source label 152828
Number of reverse mapping hits = 322
Checking for and removing duplicates
Writing label file ./rh.FG1.mpm.vpnl.label 863
mri_label2label: Done


 mri_label2label --srcsubject fsaverage --srclabel /out/sourcedata/freesurfer/fsaverage/label/rh.FG2.mpm.vpnl.label --trgsubject sub-v2s7x29666_ses-1 --trglabel ./rh.FG2.mpm.vpnl.label --hemi rh --regmethod surface 


srclabel = /out/sourcedata/freesurfer/fsaverage/label/rh.FG2.mpm.vpnl.label
srcsubject = fsaverage
trgsubject = sub-v2s7x29666_ses-1
trglabel = ./rh.FG2.mpm.vpnl.label
regmethod = surface

srchemi = rh
trghemi = rh
trgsurface = white
srcsurfreg = sphere.reg
trgsurfreg = sphere.reg
usehash = 1
Use ProjAbs  = 0, 0
Use ProjFrac = 0, 0
DoPaint 0

SUBJECTS_DIR    /out/sourcedata/freesurfer
FREESURFER_HOME /opt/freesurfer
Loading source label.
Found 721 points in source label.
Starting surface-based mapping
Reading source registration 
 /out/sourcedata/freesurfer/fsaverage/surf/rh.sphere.reg
Rescaling ...  original radius = 100
Reading target surface 
 /out/sourcedata/freesurfer/sub-v2s7x29666_ses-1/surf/rh.white
Reading target registration 
 /out/sourcedata/freesurfer/sub-v2s7x29666_ses-1/surf/rh.sphere.reg
Rescaling ...  original radius = 100
Building target registration hash (res=16).
Building source registration hash (res=16).
INFO: found  721 nlabel points
Performing mapping from target back to the source label 152828
Number of reverse mapping hits = 313
Checking for and removing duplicates
Writing label file ./rh.FG2.mpm.vpnl.label 1034
mri_label2label: Done


 mri_label2label --srcsubject fsaverage --srclabel /out/sourcedata/freesurfer/fsaverage/label/rh.FG3.mpm.vpnl.label --trgsubject sub-v2s7x29666_ses-1 --trglabel ./rh.FG3.mpm.vpnl.label --hemi rh --regmethod surface 


srclabel = /out/sourcedata/freesurfer/fsaverage/label/rh.FG3.mpm.vpnl.label
srcsubject = fsaverage
trgsubject = sub-v2s7x29666_ses-1
trglabel = ./rh.FG3.mpm.vpnl.label
regmethod = surface

srchemi = rh
trghemi = rh
trgsurface = white
srcsurfreg = sphere.reg
trgsurfreg = sphere.reg
usehash = 1
Use ProjAbs  = 0, 0
Use ProjFrac = 0, 0
DoPaint 0

SUBJECTS_DIR    /out/sourcedata/freesurfer
FREESURFER_HOME /opt/freesurfer
Loading source label.
Found 1523 points in source label.
Starting surface-based mapping
Reading source registration 
 /out/sourcedata/freesurfer/fsaverage/surf/rh.sphere.reg
Rescaling ...  original radius = 100
Reading target surface 
 /out/sourcedata/freesurfer/sub-v2s7x29666_ses-1/surf/rh.white
Reading target registration 
 /out/sourcedata/freesurfer/sub-v2s7x29666_ses-1/surf/rh.sphere.reg
Rescaling ...  original radius = 100
Building target registration hash (res=16).
Building source registration hash (res=16).
INFO: found  1523 nlabel points
Performing mapping from target back to the source label 152828
Number of reverse mapping hits = 302
Checking for and removing duplicates
Writing label file ./rh.FG3.mpm.vpnl.label 1825
mri_label2label: Done


 mri_label2label --srcsubject fsaverage --srclabel /out/sourcedata/freesurfer/fsaverage/label/rh.FG4.mpm.vpnl.label --trgsubject sub-v2s7x29666_ses-1 --trglabel ./rh.FG4.mpm.vpnl.label --hemi rh --regmethod surface 


srclabel = /out/sourcedata/freesurfer/fsaverage/label/rh.FG4.mpm.vpnl.label
srcsubject = fsaverage
trgsubject = sub-v2s7x29666_ses-1
trglabel = ./rh.FG4.mpm.vpnl.label
regmethod = surface

srchemi = rh
trghemi = rh
trgsurface = white
srcsurfreg = sphere.reg
trgsurfreg = sphere.reg
usehash = 1
Use ProjAbs  = 0, 0
Use ProjFrac = 0, 0
DoPaint 0

SUBJECTS_DIR    /out/sourcedata/freesurfer
FREESURFER_HOME /opt/freesurfer
Loading source label.
Found 1586 points in source label.
Starting surface-based mapping
Reading source registration 
 /out/sourcedata/freesurfer/fsaverage/surf/rh.sphere.reg
Rescaling ...  original radius = 100
Reading target surface 
 /out/sourcedata/freesurfer/sub-v2s7x29666_ses-1/surf/rh.white
Reading target registration 
 /out/sourcedata/freesurfer/sub-v2s7x29666_ses-1/surf/rh.sphere.reg
Rescaling ...  original radius = 100
Building target registration hash (res=16).
Building source registration hash (res=16).
INFO: found  1586 nlabel points
Performing mapping from target back to the source label 152828
Number of reverse mapping hits = 507
Checking for and removing duplicates
Writing label file ./rh.FG4.mpm.vpnl.label 2093
mri_label2label: Done


 mri_label2label --srcsubject fsaverage --srclabel /out/sourcedata/freesurfer/fsaverage/label/rh.hOc1.mpm.vpnl.label --trgsubject sub-v2s7x29666_ses-1 --trglabel ./rh.hOc1.mpm.vpnl.label --hemi rh --regmethod surface 


srclabel = /out/sourcedata/freesurfer/fsaverage/label/rh.hOc1.mpm.vpnl.label
srcsubject = fsaverage
trgsubject = sub-v2s7x29666_ses-1
trglabel = ./rh.hOc1.mpm.vpnl.label
regmethod = surface

srchemi = rh
trghemi = rh
trgsurface = white
srcsurfreg = sphere.reg
trgsurfreg = sphere.reg
usehash = 1
Use ProjAbs  = 0, 0
Use ProjFrac = 0, 0
DoPaint 0

SUBJECTS_DIR    /out/sourcedata/freesurfer
FREESURFER_HOME /opt/freesurfer
Loading source label.
Found 3667 points in source label.
Starting surface-based mapping
Reading source registration 
 /out/sourcedata/freesurfer/fsaverage/surf/rh.sphere.reg
Rescaling ...  original radius = 100
Reading target surface 
 /out/sourcedata/freesurfer/sub-v2s7x29666_ses-1/surf/rh.white
Reading target registration 
 /out/sourcedata/freesurfer/sub-v2s7x29666_ses-1/surf/rh.sphere.reg
Rescaling ...  original radius = 100
Building target registration hash (res=16).
Building source registration hash (res=16).
INFO: found  3667 nlabel points
Performing mapping from target back to the source label 152828
Number of reverse mapping hits = 1258
Checking for and removing duplicates
Writing label file ./rh.hOc1.mpm.vpnl.label 4925
mri_label2label: Done


 mri_label2label --srcsubject fsaverage --srclabel /out/sourcedata/freesurfer/fsaverage/label/rh.hOc2.mpm.vpnl.label --trgsubject sub-v2s7x29666_ses-1 --trglabel ./rh.hOc2.mpm.vpnl.label --hemi rh --regmethod surface 


srclabel = /out/sourcedata/freesurfer/fsaverage/label/rh.hOc2.mpm.vpnl.label
srcsubject = fsaverage
trgsubject = sub-v2s7x29666_ses-1
trglabel = ./rh.hOc2.mpm.vpnl.label
regmethod = surface

srchemi = rh
trghemi = rh
trgsurface = white
srcsurfreg = sphere.reg
trgsurfreg = sphere.reg
usehash = 1
Use ProjAbs  = 0, 0
Use ProjFrac = 0, 0
DoPaint 0

SUBJECTS_DIR    /out/sourcedata/freesurfer
FREESURFER_HOME /opt/freesurfer
Loading source label.
Found 2719 points in source label.
Starting surface-based mapping
Reading source registration 
 /out/sourcedata/freesurfer/fsaverage/surf/rh.sphere.reg
Rescaling ...  original radius = 100
Reading target surface 
 /out/sourcedata/freesurfer/sub-v2s7x29666_ses-1/surf/rh.white
Reading target registration 
 /out/sourcedata/freesurfer/sub-v2s7x29666_ses-1/surf/rh.sphere.reg
Rescaling ...  original radius = 100
Building target registration hash (res=16).
Building source registration hash (res=16).
INFO: found  2719 nlabel points
Performing mapping from target back to the source label 152828
Number of reverse mapping hits = 1147
Checking for and removing duplicates
Writing label file ./rh.hOc2.mpm.vpnl.label 3866
mri_label2label: Done


 mri_label2label --srcsubject fsaverage --srclabel /out/sourcedata/freesurfer/fsaverage/label/rh.hOc3v.mpm.vpnl.label --trgsubject sub-v2s7x29666_ses-1 --trglabel ./rh.hOc3v.mpm.vpnl.label --hemi rh --regmethod surface 


srclabel = /out/sourcedata/freesurfer/fsaverage/label/rh.hOc3v.mpm.vpnl.label
srcsubject = fsaverage
trgsubject = sub-v2s7x29666_ses-1
trglabel = ./rh.hOc3v.mpm.vpnl.label
regmethod = surface

srchemi = rh
trghemi = rh
trgsurface = white
srcsurfreg = sphere.reg
trgsurfreg = sphere.reg
usehash = 1
Use ProjAbs  = 0, 0
Use ProjFrac = 0, 0
DoPaint 0

SUBJECTS_DIR    /out/sourcedata/freesurfer
FREESURFER_HOME /opt/freesurfer
Loading source label.
Found 1228 points in source label.
Starting surface-based mapping
Reading source registration 
 /out/sourcedata/freesurfer/fsaverage/surf/rh.sphere.reg
Rescaling ...  original radius = 100
Reading target surface 
 /out/sourcedata/freesurfer/sub-v2s7x29666_ses-1/surf/rh.white
Reading target registration 
 /out/sourcedata/freesurfer/sub-v2s7x29666_ses-1/surf/rh.sphere.reg
Rescaling ...  original radius = 100
Building target registration hash (res=16).
Building source registration hash (res=16).
INFO: found  1228 nlabel points
Performing mapping from target back to the source label 152828
Number of reverse mapping hits = 828
Checking for and removing duplicates
Writing label file ./rh.hOc3v.mpm.vpnl.label 2056
mri_label2label: Done


 mri_label2label --srcsubject fsaverage --srclabel /out/sourcedata/freesurfer/fsaverage/label/rh.hOc4v.mpm.vpnl.label --trgsubject sub-v2s7x29666_ses-1 --trglabel ./rh.hOc4v.mpm.vpnl.label --hemi rh --regmethod surface 


srclabel = /out/sourcedata/freesurfer/fsaverage/label/rh.hOc4v.mpm.vpnl.label
srcsubject = fsaverage
trgsubject = sub-v2s7x29666_ses-1
trglabel = ./rh.hOc4v.mpm.vpnl.label
regmethod = surface

srchemi = rh
trghemi = rh
trgsurface = white
srcsurfreg = sphere.reg
trgsurfreg = sphere.reg
usehash = 1
Use ProjAbs  = 0, 0
Use ProjFrac = 0, 0
DoPaint 0

SUBJECTS_DIR    /out/sourcedata/freesurfer
FREESURFER_HOME /opt/freesurfer
Loading source label.
Found 1025 points in source label.
Starting surface-based mapping
Reading source registration 
 /out/sourcedata/freesurfer/fsaverage/surf/rh.sphere.reg
Rescaling ...  original radius = 100
Reading target surface 
 /out/sourcedata/freesurfer/sub-v2s7x29666_ses-1/surf/rh.white
Reading target registration 
 /out/sourcedata/freesurfer/sub-v2s7x29666_ses-1/surf/rh.sphere.reg
Rescaling ...  original radius = 100
Building target registration hash (res=16).
Building source registration hash (res=16).
INFO: found  1025 nlabel points
Performing mapping from target back to the source label 152828
Number of reverse mapping hits = 708
Checking for and removing duplicates
Writing label file ./rh.hOc4v.mpm.vpnl.label 1733
mri_label2label: Done


 mris_label2annot --s sub-v2s7x29666_ses-1 --ctab /opt/freesurfer/average/colortable_vpnl.txt --hemi rh --a mpm.vpnl --maxstatwinner --noverbose --l rh.FG1.mpm.vpnl.label --l rh.FG2.mpm.vpnl.label --l rh.FG3.mpm.vpnl.label --l rh.FG4.mpm.vpnl.label --l rh.hOc1.mpm.vpnl.label --l rh.hOc2.mpm.vpnl.label --l rh.hOc3v.mpm.vpnl.label --l rh.hOc4v.mpm.vpnl.label 

Reading ctab /opt/freesurfer/average/colortable_vpnl.txt
Number of ctab entries 9

7.3.2
cwd /out/sourcedata/freesurfer/sub-v2s7x29666_ses-1/label
cmdline mris_label2annot --s sub-v2s7x29666_ses-1 --ctab /opt/freesurfer/average/colortable_vpnl.txt --hemi rh --a mpm.vpnl --maxstatwinner --noverbose --l rh.FG1.mpm.vpnl.label --l rh.FG2.mpm.vpnl.label --l rh.FG3.mpm.vpnl.label --l rh.FG4.mpm.vpnl.label --l rh.hOc1.mpm.vpnl.label --l rh.hOc2.mpm.vpnl.label --l rh.hOc3v.mpm.vpnl.label --l rh.hOc4v.mpm.vpnl.label 
sysname  Linux
hostname dna076
machine  x86_64
user     oesteban

subject sub-v2s7x29666_ses-1
hemi    rh
SUBJECTS_DIR /out/sourcedata/freesurfer
ColorTable /opt/freesurfer/average/colortable_vpnl.txt
AnnotName  mpm.vpnl
nlables 8
LabelThresh 0 0.000000
Loading /out/sourcedata/freesurfer/sub-v2s7x29666_ses-1/surf/rh.orig
 1 1376057 FG1
 2 16711935 FG2
 3 16711680 FG3
 4 1705837 FG4
 5 25600 hOc1
 6 255 hOc2
 7 16776960 hOc3v
 8 65535 hOc4v
Mapping unhit to unknown
Found 135152 unhit vertices
Writing annot to /out/sourcedata/freesurfer/sub-v2s7x29666_ses-1/label/rh.mpm.vpnl.annot

 mri_label2label --srcsubject fsaverage --srclabel /out/sourcedata/freesurfer/fsaverage/label/rh.BA1_exvivo.thresh.label --trgsubject sub-v2s7x29666_ses-1 --trglabel ./rh.BA1_exvivo.thresh.label --hemi rh --regmethod surface 


srclabel = /out/sourcedata/freesurfer/fsaverage/label/rh.BA1_exvivo.thresh.label
srcsubject = fsaverage
trgsubject = sub-v2s7x29666_ses-1
trglabel = ./rh.BA1_exvivo.thresh.label
regmethod = surface

srchemi = rh
trghemi = rh
trgsurface = white
srcsurfreg = sphere.reg
trgsurfreg = sphere.reg
usehash = 1
Use ProjAbs  = 0, 0
Use ProjFrac = 0, 0
DoPaint 0

SUBJECTS_DIR    /out/sourcedata/freesurfer
FREESURFER_HOME /opt/freesurfer
Loading source label.
Found 876 points in source label.
Starting surface-based mapping
Reading source registration 
 /out/sourcedata/freesurfer/fsaverage/surf/rh.sphere.reg
Rescaling ...  original radius = 100
Reading target surface 
 /out/sourcedata/freesurfer/sub-v2s7x29666_ses-1/surf/rh.white
Reading target registration 
 /out/sourcedata/freesurfer/sub-v2s7x29666_ses-1/surf/rh.sphere.reg
Rescaling ...  original radius = 100
Building target registration hash (res=16).
Building source registration hash (res=16).
INFO: found  876 nlabel points
Performing mapping from target back to the source label 152828
Number of reverse mapping hits = 37
Checking for and removing duplicates
Writing label file ./rh.BA1_exvivo.thresh.label 913
mri_label2label: Done


 mri_label2label --srcsubject fsaverage --srclabel /out/sourcedata/freesurfer/fsaverage/label/rh.BA2_exvivo.thresh.label --trgsubject sub-v2s7x29666_ses-1 --trglabel ./rh.BA2_exvivo.thresh.label --hemi rh --regmethod surface 


srclabel = /out/sourcedata/freesurfer/fsaverage/label/rh.BA2_exvivo.thresh.label
srcsubject = fsaverage
trgsubject = sub-v2s7x29666_ses-1
trglabel = ./rh.BA2_exvivo.thresh.label
regmethod = surface

srchemi = rh
trghemi = rh
trgsurface = white
srcsurfreg = sphere.reg
trgsurfreg = sphere.reg
usehash = 1
Use ProjAbs  = 0, 0
Use ProjFrac = 0, 0
DoPaint 0

SUBJECTS_DIR    /out/sourcedata/freesurfer
FREESURFER_HOME /opt/freesurfer
Loading source label.
Found 2688 points in source label.
Starting surface-based mapping
Reading source registration 
 /out/sourcedata/freesurfer/fsaverage/surf/rh.sphere.reg
Rescaling ...  original radius = 100
Reading target surface 
 /out/sourcedata/freesurfer/sub-v2s7x29666_ses-1/surf/rh.white
Reading target registration 
 /out/sourcedata/freesurfer/sub-v2s7x29666_ses-1/surf/rh.sphere.reg
Rescaling ...  original radius = 100
Building target registration hash (res=16).
Building source registration hash (res=16).
INFO: found  2688 nlabel points
Performing mapping from target back to the source label 152828
Number of reverse mapping hits = 180
Checking for and removing duplicates
Writing label file ./rh.BA2_exvivo.thresh.label 2868
mri_label2label: Done


 mri_label2label --srcsubject fsaverage --srclabel /out/sourcedata/freesurfer/fsaverage/label/rh.BA3a_exvivo.thresh.label --trgsubject sub-v2s7x29666_ses-1 --trglabel ./rh.BA3a_exvivo.thresh.label --hemi rh --regmethod surface 


srclabel = /out/sourcedata/freesurfer/fsaverage/label/rh.BA3a_exvivo.thresh.label
srcsubject = fsaverage
trgsubject = sub-v2s7x29666_ses-1
trglabel = ./rh.BA3a_exvivo.thresh.label
regmethod = surface

srchemi = rh
trghemi = rh
trgsurface = white
srcsurfreg = sphere.reg
trgsurfreg = sphere.reg
usehash = 1
Use ProjAbs  = 0, 0
Use ProjFrac = 0, 0
DoPaint 0

SUBJECTS_DIR    /out/sourcedata/freesurfer
FREESURFER_HOME /opt/freesurfer
Loading source label.
Found 1698 points in source label.
Starting surface-based mapping
Reading source registration 
 /out/sourcedata/freesurfer/fsaverage/surf/rh.sphere.reg
Rescaling ...  original radius = 100
Reading target surface 
 /out/sourcedata/freesurfer/sub-v2s7x29666_ses-1/surf/rh.white
Reading target registration 
 /out/sourcedata/freesurfer/sub-v2s7x29666_ses-1/surf/rh.sphere.reg
Rescaling ...  original radius = 100
Building target registration hash (res=16).
Building source registration hash (res=16).
INFO: found  1698 nlabel points
Performing mapping from target back to the source label 152828
Number of reverse mapping hits = 11
Checking for and removing duplicates
Writing label file ./rh.BA3a_exvivo.thresh.label 1709
mri_label2label: Done


 mri_label2label --srcsubject fsaverage --srclabel /out/sourcedata/freesurfer/fsaverage/label/rh.BA3b_exvivo.thresh.label --trgsubject sub-v2s7x29666_ses-1 --trglabel ./rh.BA3b_exvivo.thresh.label --hemi rh --regmethod surface 


srclabel = /out/sourcedata/freesurfer/fsaverage/label/rh.BA3b_exvivo.thresh.label
srcsubject = fsaverage
trgsubject = sub-v2s7x29666_ses-1
trglabel = ./rh.BA3b_exvivo.thresh.label
regmethod = surface

srchemi = rh
trghemi = rh
trgsurface = white
srcsurfreg = sphere.reg
trgsurfreg = sphere.reg
usehash = 1
Use ProjAbs  = 0, 0
Use ProjFrac = 0, 0
DoPaint 0

SUBJECTS_DIR    /out/sourcedata/freesurfer
FREESURFER_HOME /opt/freesurfer
Loading source label.
Found 2183 points in source label.
Starting surface-based mapping
Reading source registration 
 /out/sourcedata/freesurfer/fsaverage/surf/rh.sphere.reg
Rescaling ...  original radius = 100
Reading target surface 
 /out/sourcedata/freesurfer/sub-v2s7x29666_ses-1/surf/rh.white
Reading target registration 
 /out/sourcedata/freesurfer/sub-v2s7x29666_ses-1/surf/rh.sphere.reg
Rescaling ...  original radius = 100
Building target registration hash (res=16).
Building source registration hash (res=16).
INFO: found  2183 nlabel points
Performing mapping from target back to the source label 152828
Number of reverse mapping hits = 149
Checking for and removing duplicates
Writing label file ./rh.BA3b_exvivo.thresh.label 2332
mri_label2label: Done


 mri_label2label --srcsubject fsaverage --srclabel /out/sourcedata/freesurfer/fsaverage/label/rh.BA4a_exvivo.thresh.label --trgsubject sub-v2s7x29666_ses-1 --trglabel ./rh.BA4a_exvivo.thresh.label --hemi rh --regmethod surface 


srclabel = /out/sourcedata/freesurfer/fsaverage/label/rh.BA4a_exvivo.thresh.label
srcsubject = fsaverage
trgsubject = sub-v2s7x29666_ses-1
trglabel = ./rh.BA4a_exvivo.thresh.label
regmethod = surface

srchemi = rh
trghemi = rh
trgsurface = white
srcsurfreg = sphere.reg
trgsurfreg = sphere.reg
usehash = 1
Use ProjAbs  = 0, 0
Use ProjFrac = 0, 0
DoPaint 0

SUBJECTS_DIR    /out/sourcedata/freesurfer
FREESURFER_HOME /opt/freesurfer
Loading source label.
Found 1388 points in source label.
Starting surface-based mapping
Reading source registration 
 /out/sourcedata/freesurfer/fsaverage/surf/rh.sphere.reg
Rescaling ...  original radius = 100
Reading target surface 
 /out/sourcedata/freesurfer/sub-v2s7x29666_ses-1/surf/rh.white
Reading target registration 
 /out/sourcedata/freesurfer/sub-v2s7x29666_ses-1/surf/rh.sphere.reg
Rescaling ...  original radius = 100
Building target registration hash (res=16).
Building source registration hash (res=16).
INFO: found  1388 nlabel points
Performing mapping from target back to the source label 152828
Number of reverse mapping hits = 172
Checking for and removing duplicates
Writing label file ./rh.BA4a_exvivo.thresh.label 1560
mri_label2label: Done


 mri_label2label --srcsubject fsaverage --srclabel /out/sourcedata/freesurfer/fsaverage/label/rh.BA4p_exvivo.thresh.label --trgsubject sub-v2s7x29666_ses-1 --trglabel ./rh.BA4p_exvivo.thresh.label --hemi rh --regmethod surface 


srclabel = /out/sourcedata/freesurfer/fsaverage/label/rh.BA4p_exvivo.thresh.label
srcsubject = fsaverage
trgsubject = sub-v2s7x29666_ses-1
trglabel = ./rh.BA4p_exvivo.thresh.label
regmethod = surface

srchemi = rh
trghemi = rh
trgsurface = white
srcsurfreg = sphere.reg
trgsurfreg = sphere.reg
usehash = 1
Use ProjAbs  = 0, 0
Use ProjFrac = 0, 0
DoPaint 0

SUBJECTS_DIR    /out/sourcedata/freesurfer
FREESURFER_HOME /opt/freesurfer
Loading source label.
Found 1489 points in source label.
Starting surface-based mapping
Reading source registration 
 /out/sourcedata/freesurfer/fsaverage/surf/rh.sphere.reg
Rescaling ...  original radius = 100
Reading target surface 
 /out/sourcedata/freesurfer/sub-v2s7x29666_ses-1/surf/rh.white
Reading target registration 
 /out/sourcedata/freesurfer/sub-v2s7x29666_ses-1/surf/rh.sphere.reg
Rescaling ...  original radius = 100
Building target registration hash (res=16).
Building source registration hash (res=16).
INFO: found  1489 nlabel points
Performing mapping from target back to the source label 152828
Number of reverse mapping hits = 56
Checking for and removing duplicates
Writing label file ./rh.BA4p_exvivo.thresh.label 1545
mri_label2label: Done


 mri_label2label --srcsubject fsaverage --srclabel /out/sourcedata/freesurfer/fsaverage/label/rh.BA6_exvivo.thresh.label --trgsubject sub-v2s7x29666_ses-1 --trglabel ./rh.BA6_exvivo.thresh.label --hemi rh --regmethod surface 


srclabel = /out/sourcedata/freesurfer/fsaverage/label/rh.BA6_exvivo.thresh.label
srcsubject = fsaverage
trgsubject = sub-v2s7x29666_ses-1
trglabel = ./rh.BA6_exvivo.thresh.label
regmethod = surface

srchemi = rh
trghemi = rh
trgsurface = white
srcsurfreg = sphere.reg
trgsurfreg = sphere.reg
usehash = 1
Use ProjAbs  = 0, 0
Use ProjFrac = 0, 0
DoPaint 0

SUBJECTS_DIR    /out/sourcedata/freesurfer
FREESURFER_HOME /opt/freesurfer
Loading source label.
Found 6959 points in source label.
Starting surface-based mapping
Reading source registration 
 /out/sourcedata/freesurfer/fsaverage/surf/rh.sphere.reg
Rescaling ...  original radius = 100
Reading target surface 
 /out/sourcedata/freesurfer/sub-v2s7x29666_ses-1/surf/rh.white
Reading target registration 
 /out/sourcedata/freesurfer/sub-v2s7x29666_ses-1/surf/rh.sphere.reg
Rescaling ...  original radius = 100
Building target registration hash (res=16).
Building source registration hash (res=16).
INFO: found  6959 nlabel points
Performing mapping from target back to the source label 152828
Number of reverse mapping hits = 534
Checking for and removing duplicates
Writing label file ./rh.BA6_exvivo.thresh.label 7493
mri_label2label: Done


 mri_label2label --srcsubject fsaverage --srclabel /out/sourcedata/freesurfer/fsaverage/label/rh.BA44_exvivo.thresh.label --trgsubject sub-v2s7x29666_ses-1 --trglabel ./rh.BA44_exvivo.thresh.label --hemi rh --regmethod surface 


srclabel = /out/sourcedata/freesurfer/fsaverage/label/rh.BA44_exvivo.thresh.label
srcsubject = fsaverage
trgsubject = sub-v2s7x29666_ses-1
trglabel = ./rh.BA44_exvivo.thresh.label
regmethod = surface

srchemi = rh
trghemi = rh
trgsurface = white
srcsurfreg = sphere.reg
trgsurfreg = sphere.reg
usehash = 1
Use ProjAbs  = 0, 0
Use ProjFrac = 0, 0
DoPaint 0

SUBJECTS_DIR    /out/sourcedata/freesurfer
FREESURFER_HOME /opt/freesurfer
Loading source label.
Found 1012 points in source label.
Starting surface-based mapping
Reading source registration 
 /out/sourcedata/freesurfer/fsaverage/surf/rh.sphere.reg
Rescaling ...  original radius = 100
Reading target surface 
 /out/sourcedata/freesurfer/sub-v2s7x29666_ses-1/surf/rh.white
Reading target registration 
 /out/sourcedata/freesurfer/sub-v2s7x29666_ses-1/surf/rh.sphere.reg
Rescaling ...  original radius = 100
Building target registration hash (res=16).
Building source registration hash (res=16).
INFO: found  1012 nlabel points
Performing mapping from target back to the source label 152828
Number of reverse mapping hits = 164
Checking for and removing duplicates
Writing label file ./rh.BA44_exvivo.thresh.label 1176
mri_label2label: Done


 mri_label2label --srcsubject fsaverage --srclabel /out/sourcedata/freesurfer/fsaverage/label/rh.BA45_exvivo.thresh.label --trgsubject sub-v2s7x29666_ses-1 --trglabel ./rh.BA45_exvivo.thresh.label --hemi rh --regmethod surface 


srclabel = /out/sourcedata/freesurfer/fsaverage/label/rh.BA45_exvivo.thresh.label
srcsubject = fsaverage
trgsubject = sub-v2s7x29666_ses-1
trglabel = ./rh.BA45_exvivo.thresh.label
regmethod = surface

srchemi = rh
trghemi = rh
trgsurface = white
srcsurfreg = sphere.reg
trgsurfreg = sphere.reg
usehash = 1
Use ProjAbs  = 0, 0
Use ProjFrac = 0, 0
DoPaint 0

SUBJECTS_DIR    /out/sourcedata/freesurfer
FREESURFER_HOME /opt/freesurfer
Loading source label.
Found 1178 points in source label.
Starting surface-based mapping
Reading source registration 
 /out/sourcedata/freesurfer/fsaverage/surf/rh.sphere.reg
Rescaling ...  original radius = 100
Reading target surface 
 /out/sourcedata/freesurfer/sub-v2s7x29666_ses-1/surf/rh.white
Reading target registration 
 /out/sourcedata/freesurfer/sub-v2s7x29666_ses-1/surf/rh.sphere.reg
Rescaling ...  original radius = 100
Building target registration hash (res=16).
Building source registration hash (res=16).
INFO: found  1178 nlabel points
Performing mapping from target back to the source label 152828
Number of reverse mapping hits = 257
Checking for and removing duplicates
Writing label file ./rh.BA45_exvivo.thresh.label 1435
mri_label2label: Done


 mri_label2label --srcsubject fsaverage --srclabel /out/sourcedata/freesurfer/fsaverage/label/rh.V1_exvivo.thresh.label --trgsubject sub-v2s7x29666_ses-1 --trglabel ./rh.V1_exvivo.thresh.label --hemi rh --regmethod surface 


srclabel = /out/sourcedata/freesurfer/fsaverage/label/rh.V1_exvivo.thresh.label
srcsubject = fsaverage
trgsubject = sub-v2s7x29666_ses-1
trglabel = ./rh.V1_exvivo.thresh.label
regmethod = surface

srchemi = rh
trghemi = rh
trgsurface = white
srcsurfreg = sphere.reg
trgsurfreg = sphere.reg
usehash = 1
Use ProjAbs  = 0, 0
Use ProjFrac = 0, 0
DoPaint 0

SUBJECTS_DIR    /out/sourcedata/freesurfer
FREESURFER_HOME /opt/freesurfer
Loading source label.
Found 3232 points in source label.
Starting surface-based mapping
Reading source registration 
 /out/sourcedata/freesurfer/fsaverage/surf/rh.sphere.reg
Rescaling ...  original radius = 100
Reading target surface 
 /out/sourcedata/freesurfer/sub-v2s7x29666_ses-1/surf/rh.white
Reading target registration 
 /out/sourcedata/freesurfer/sub-v2s7x29666_ses-1/surf/rh.sphere.reg
Rescaling ...  original radius = 100
Building target registration hash (res=16).
Building source registration hash (res=16).
INFO: found  3232 nlabel points
Performing mapping from target back to the source label 152828
Number of reverse mapping hits = 1156
Checking for and removing duplicates
Writing label file ./rh.V1_exvivo.thresh.label 4388
mri_label2label: Done


 mri_label2label --srcsubject fsaverage --srclabel /out/sourcedata/freesurfer/fsaverage/label/rh.V2_exvivo.thresh.label --trgsubject sub-v2s7x29666_ses-1 --trglabel ./rh.V2_exvivo.thresh.label --hemi rh --regmethod surface 


srclabel = /out/sourcedata/freesurfer/fsaverage/label/rh.V2_exvivo.thresh.label
srcsubject = fsaverage
trgsubject = sub-v2s7x29666_ses-1
trglabel = ./rh.V2_exvivo.thresh.label
regmethod = surface

srchemi = rh
trghemi = rh
trgsurface = white
srcsurfreg = sphere.reg
trgsurfreg = sphere.reg
usehash = 1
Use ProjAbs  = 0, 0
Use ProjFrac = 0, 0
DoPaint 0

SUBJECTS_DIR    /out/sourcedata/freesurfer
FREESURFER_HOME /opt/freesurfer
Loading source label.
Found 3437 points in source label.
Starting surface-based mapping
Reading source registration 
 /out/sourcedata/freesurfer/fsaverage/surf/rh.sphere.reg
Rescaling ...  original radius = 100
Reading target surface 
 /out/sourcedata/freesurfer/sub-v2s7x29666_ses-1/surf/rh.white
Reading target registration 
 /out/sourcedata/freesurfer/sub-v2s7x29666_ses-1/surf/rh.sphere.reg
Rescaling ...  original radius = 100
Building target registration hash (res=16).
Building source registration hash (res=16).
INFO: found  3437 nlabel points
Performing mapping from target back to the source label 152828
Number of reverse mapping hits = 1555
Checking for and removing duplicates
Writing label file ./rh.V2_exvivo.thresh.label 4992
mri_label2label: Done


 mri_label2label --srcsubject fsaverage --srclabel /out/sourcedata/freesurfer/fsaverage/label/rh.MT_exvivo.thresh.label --trgsubject sub-v2s7x29666_ses-1 --trglabel ./rh.MT_exvivo.thresh.label --hemi rh --regmethod surface 


srclabel = /out/sourcedata/freesurfer/fsaverage/label/rh.MT_exvivo.thresh.label
srcsubject = fsaverage
trgsubject = sub-v2s7x29666_ses-1
trglabel = ./rh.MT_exvivo.thresh.label
regmethod = surface

srchemi = rh
trghemi = rh
trgsurface = white
srcsurfreg = sphere.reg
trgsurfreg = sphere.reg
usehash = 1
Use ProjAbs  = 0, 0
Use ProjFrac = 0, 0
DoPaint 0

SUBJECTS_DIR    /out/sourcedata/freesurfer
FREESURFER_HOME /opt/freesurfer
Loading source label.
Found 268 points in source label.
Starting surface-based mapping
Reading source registration 
 /out/sourcedata/freesurfer/fsaverage/surf/rh.sphere.reg
Rescaling ...  original radius = 100
Reading target surface 
 /out/sourcedata/freesurfer/sub-v2s7x29666_ses-1/surf/rh.white
Reading target registration 
 /out/sourcedata/freesurfer/sub-v2s7x29666_ses-1/surf/rh.sphere.reg
Rescaling ...  original radius = 100
Building target registration hash (res=16).
Building source registration hash (res=16).
INFO: found  268 nlabel points
Performing mapping from target back to the source label 152828
Number of reverse mapping hits = 89
Checking for and removing duplicates
Writing label file ./rh.MT_exvivo.thresh.label 357
mri_label2label: Done


 mri_label2label --srcsubject fsaverage --srclabel /out/sourcedata/freesurfer/fsaverage/label/rh.entorhinal_exvivo.thresh.label --trgsubject sub-v2s7x29666_ses-1 --trglabel ./rh.entorhinal_exvivo.thresh.label --hemi rh --regmethod surface 


srclabel = /out/sourcedata/freesurfer/fsaverage/label/rh.entorhinal_exvivo.thresh.label
srcsubject = fsaverage
trgsubject = sub-v2s7x29666_ses-1
trglabel = ./rh.entorhinal_exvivo.thresh.label
regmethod = surface

srchemi = rh
trghemi = rh
trgsurface = white
srcsurfreg = sphere.reg
trgsurfreg = sphere.reg
usehash = 1
Use ProjAbs  = 0, 0
Use ProjFrac = 0, 0
DoPaint 0

SUBJECTS_DIR    /out/sourcedata/freesurfer
FREESURFER_HOME /opt/freesurfer
Loading source label.
Found 694 points in source label.
Starting surface-based mapping
Reading source registration 
 /out/sourcedata/freesurfer/fsaverage/surf/rh.sphere.reg
Rescaling ...  original radius = 100
Reading target surface 
 /out/sourcedata/freesurfer/sub-v2s7x29666_ses-1/surf/rh.white
Reading target registration 
 /out/sourcedata/freesurfer/sub-v2s7x29666_ses-1/surf/rh.sphere.reg
Rescaling ...  original radius = 100
Building target registration hash (res=16).
Building source registration hash (res=16).
INFO: found  694 nlabel points
Performing mapping from target back to the source label 152828
Number of reverse mapping hits = 57
Checking for and removing duplicates
Writing label file ./rh.entorhinal_exvivo.thresh.label 751
mri_label2label: Done


 mri_label2label --srcsubject fsaverage --srclabel /out/sourcedata/freesurfer/fsaverage/label/rh.perirhinal_exvivo.thresh.label --trgsubject sub-v2s7x29666_ses-1 --trglabel ./rh.perirhinal_exvivo.thresh.label --hemi rh --regmethod surface 


srclabel = /out/sourcedata/freesurfer/fsaverage/label/rh.perirhinal_exvivo.thresh.label
srcsubject = fsaverage
trgsubject = sub-v2s7x29666_ses-1
trglabel = ./rh.perirhinal_exvivo.thresh.label
regmethod = surface

srchemi = rh
trghemi = rh
trgsurface = white
srcsurfreg = sphere.reg
trgsurfreg = sphere.reg
usehash = 1
Use ProjAbs  = 0, 0
Use ProjFrac = 0, 0
DoPaint 0

SUBJECTS_DIR    /out/sourcedata/freesurfer
FREESURFER_HOME /opt/freesurfer
Loading source label.
Found 291 points in source label.
Starting surface-based mapping
Reading source registration 
 /out/sourcedata/freesurfer/fsaverage/surf/rh.sphere.reg
Rescaling ...  original radius = 100
Reading target surface 
 /out/sourcedata/freesurfer/sub-v2s7x29666_ses-1/surf/rh.white
Reading target registration 
 /out/sourcedata/freesurfer/sub-v2s7x29666_ses-1/surf/rh.sphere.reg
Rescaling ...  original radius = 100
Building target registration hash (res=16).
Building source registration hash (res=16).
INFO: found  291 nlabel points
Performing mapping from target back to the source label 152828
Number of reverse mapping hits = 37
Checking for and removing duplicates
Writing label file ./rh.perirhinal_exvivo.thresh.label 328
mri_label2label: Done


 mris_label2annot --s sub-v2s7x29666_ses-1 --hemi rh --ctab /opt/freesurfer/average/colortable_BA.txt --l rh.BA1_exvivo.label --l rh.BA2_exvivo.label --l rh.BA3a_exvivo.label --l rh.BA3b_exvivo.label --l rh.BA4a_exvivo.label --l rh.BA4p_exvivo.label --l rh.BA6_exvivo.label --l rh.BA44_exvivo.label --l rh.BA45_exvivo.label --l rh.V1_exvivo.label --l rh.V2_exvivo.label --l rh.MT_exvivo.label --l rh.perirhinal_exvivo.label --l rh.entorhinal_exvivo.label --a BA_exvivo --maxstatwinner --noverbose 

Reading ctab /opt/freesurfer/average/colortable_BA.txt
Number of ctab entries 15

7.3.2
cwd /out/sourcedata/freesurfer/sub-v2s7x29666_ses-1/label
cmdline mris_label2annot --s sub-v2s7x29666_ses-1 --hemi rh --ctab /opt/freesurfer/average/colortable_BA.txt --l rh.BA1_exvivo.label --l rh.BA2_exvivo.label --l rh.BA3a_exvivo.label --l rh.BA3b_exvivo.label --l rh.BA4a_exvivo.label --l rh.BA4p_exvivo.label --l rh.BA6_exvivo.label --l rh.BA44_exvivo.label --l rh.BA45_exvivo.label --l rh.V1_exvivo.label --l rh.V2_exvivo.label --l rh.MT_exvivo.label --l rh.perirhinal_exvivo.label --l rh.entorhinal_exvivo.label --a BA_exvivo --maxstatwinner --noverbose 
sysname  Linux
hostname dna076
machine  x86_64
user     oesteban

subject sub-v2s7x29666_ses-1
hemi    rh
SUBJECTS_DIR /out/sourcedata/freesurfer
ColorTable /opt/freesurfer/average/colortable_BA.txt
AnnotName  BA_exvivo
nlables 14
LabelThresh 0 0.000000
Loading /out/sourcedata/freesurfer/sub-v2s7x29666_ses-1/surf/rh.orig
 1 1530880 BA1_exvivo
 2 16749699 BA2_exvivo
 3 16711680 BA3a_exvivo
 4 3368703 BA3b_exvivo
 5 1376196 BA4a_exvivo
 6 13382655 BA4p_exvivo
 7 10036737 BA6_exvivo
 8 2490521 BA44_exvivo
 9 39283 BA45_exvivo
10 3993 V1_exvivo
11 8508928 V2_exvivo
12 10027163 MT_exvivo
13 16422433 perirhinal_exvivo
14 16392598 entorhinal_exvivo
Mapping unhit to unknown
Found 105513 unhit vertices
Writing annot to /out/sourcedata/freesurfer/sub-v2s7x29666_ses-1/label/rh.BA_exvivo.annot

 mris_label2annot --s sub-v2s7x29666_ses-1 --hemi rh --ctab /opt/freesurfer/average/colortable_BA.txt --l rh.BA1_exvivo.thresh.label --l rh.BA2_exvivo.thresh.label --l rh.BA3a_exvivo.thresh.label --l rh.BA3b_exvivo.thresh.label --l rh.BA4a_exvivo.thresh.label --l rh.BA4p_exvivo.thresh.label --l rh.BA6_exvivo.thresh.label --l rh.BA44_exvivo.thresh.label --l rh.BA45_exvivo.thresh.label --l rh.V1_exvivo.thresh.label --l rh.V2_exvivo.thresh.label --l rh.MT_exvivo.thresh.label --l rh.perirhinal_exvivo.thresh.label --l rh.entorhinal_exvivo.thresh.label --a BA_exvivo.thresh --maxstatwinner --noverbose 

Reading ctab /opt/freesurfer/average/colortable_BA.txt
Number of ctab entries 15

7.3.2
cwd /out/sourcedata/freesurfer/sub-v2s7x29666_ses-1/label
cmdline mris_label2annot --s sub-v2s7x29666_ses-1 --hemi rh --ctab /opt/freesurfer/average/colortable_BA.txt --l rh.BA1_exvivo.thresh.label --l rh.BA2_exvivo.thresh.label --l rh.BA3a_exvivo.thresh.label --l rh.BA3b_exvivo.thresh.label --l rh.BA4a_exvivo.thresh.label --l rh.BA4p_exvivo.thresh.label --l rh.BA6_exvivo.thresh.label --l rh.BA44_exvivo.thresh.label --l rh.BA45_exvivo.thresh.label --l rh.V1_exvivo.thresh.label --l rh.V2_exvivo.thresh.label --l rh.MT_exvivo.thresh.label --l rh.perirhinal_exvivo.thresh.label --l rh.entorhinal_exvivo.thresh.label --a BA_exvivo.thresh --maxstatwinner --noverbose 
sysname  Linux
hostname dna076
machine  x86_64
user     oesteban

subject sub-v2s7x29666_ses-1
hemi    rh
SUBJECTS_DIR /out/sourcedata/freesurfer
ColorTable /opt/freesurfer/average/colortable_BA.txt
AnnotName  BA_exvivo.thresh
nlables 14
LabelThresh 0 0.000000
Loading /out/sourcedata/freesurfer/sub-v2s7x29666_ses-1/surf/rh.orig
 1 1530880 BA1_exvivo
 2 16749699 BA2_exvivo
 3 16711680 BA3a_exvivo
 4 3368703 BA3b_exvivo
 5 1376196 BA4a_exvivo
 6 13382655 BA4p_exvivo
 7 10036737 BA6_exvivo
 8 2490521 BA44_exvivo
 9 39283 BA45_exvivo
10 3993 V1_exvivo
11 8508928 V2_exvivo
12 10027163 MT_exvivo
13 16422433 perirhinal_exvivo
14 16392598 entorhinal_exvivo
Mapping unhit to unknown
Found 126658 unhit vertices
Writing annot to /out/sourcedata/freesurfer/sub-v2s7x29666_ses-1/label/rh.BA_exvivo.thresh.annot

 mris_anatomical_stats -th3 -mgz -noglobal -f ../stats/rh.BA_exvivo.stats -b -a ./rh.BA_exvivo.annot -c ./BA_exvivo.ctab sub-v2s7x29666_ses-1 rh white 

computing statistics for each annotation in ./rh.BA_exvivo.annot.
reading volume /out/sourcedata/freesurfer/sub-v2s7x29666_ses-1/mri/wm.mgz...
reading input surface /out/sourcedata/freesurfer/sub-v2s7x29666_ses-1/surf/rh.white...
reading input pial surface /out/sourcedata/freesurfer/sub-v2s7x29666_ses-1/surf/rh.pial...
reading input white surface /out/sourcedata/freesurfer/sub-v2s7x29666_ses-1/surf/rh.white...
INFO: using TH3 volume calc
INFO: assuming MGZ format for volumes.
INFO: not computing global stats
Using TH3 vertex volume calc
Total face volume 273718
Total vertex volume 273464 (mask=0)
Saving annotation colortable ./BA_exvivo.ctab

table columns are:
    number of vertices
    total surface area (mm^2)
    total gray matter volume (mm^3)
    average cortical thickness +- standard deviation (mm)
    integrated rectified mean curvature
    integrated rectified Gaussian curvature
    folding index
    intrinsic curvature index
    structure name

 1027    701   1938  2.139 0.831     0.138     0.031       16     1.5  BA1_exvivo
 4003   2909   5985  2.014 0.505     0.127     0.021       41     3.8  BA2_exvivo
 1109    705    952  1.743 0.415     0.118     0.022        9     0.9  BA3a_exvivo
 2254   1509   2780  1.671 0.475     0.114     0.019       20     2.0  BA3b_exvivo
 1986   1282   3514  2.452 0.547     0.095     0.015       11     1.2  BA4a_exvivo
 1413    926   1740  2.008 0.424     0.096     0.014        7     0.9  BA4p_exvivo
 9029   6052  18945  2.700 0.688     0.110     0.017       71     6.5  BA6_exvivo
 4237   2987   7864  2.560 0.552     0.109     0.017       34     3.1  BA44_exvivo
 5139   3719   9672  2.305 0.605     0.115     0.020       48     4.5  BA45_exvivo
 4424   3371   5824  1.763 0.517     0.141     0.029       49     5.8  V1_exvivo
 9163   6709  15479  2.207 0.587     0.144     0.030      112    11.8  V2_exvivo
 2495   1803   4060  2.317 0.551     0.109     0.018       18     2.1  MT_exvivo
  397    285   1083  3.014 0.691     0.091     0.014        2     0.2  perirhinal_exvivo
  639    437   2531  3.421 0.871     0.122     0.025        7     0.6  entorhinal_exvivo

 mris_anatomical_stats -th3 -mgz -f ../stats/rh.BA_exvivo.thresh.stats -noglobal -b -a ./rh.BA_exvivo.thresh.annot -c ./BA_exvivo.thresh.ctab sub-v2s7x29666_ses-1 rh white 

computing statistics for each annotation in ./rh.BA_exvivo.thresh.annot.
reading volume /out/sourcedata/freesurfer/sub-v2s7x29666_ses-1/mri/wm.mgz...
reading input surface /out/sourcedata/freesurfer/sub-v2s7x29666_ses-1/surf/rh.white...
reading input pial surface /out/sourcedata/freesurfer/sub-v2s7x29666_ses-1/surf/rh.pial...
reading input white surface /out/sourcedata/freesurfer/sub-v2s7x29666_ses-1/surf/rh.white...
INFO: using TH3 volume calc
INFO: assuming MGZ format for volumes.
INFO: not computing global stats
Using TH3 vertex volume calc
Total face volume 273718
Total vertex volume 273464 (mask=0)
Saving annotation colortable ./BA_exvivo.thresh.ctab

table columns are:
    number of vertices
    total surface area (mm^2)
    total gray matter volume (mm^3)
    average cortical thickness +- standard deviation (mm)
    integrated rectified mean curvature
    integrated rectified Gaussian curvature
    folding index
    intrinsic curvature index
    structure name

  535    362   1049  2.225 0.776     0.130     0.019        6     0.4  BA1_exvivo
 2164   1536   3171  2.020 0.559     0.121     0.020       20     1.8  BA2_exvivo
  979    612    726  1.705 0.341     0.128     0.024        9     0.9  BA3a_exvivo
 1750   1162   1832  1.552 0.340     0.098     0.015       12     1.1  BA3b_exvivo
 1284    809   2474  2.679 0.533     0.098     0.017        7     0.9  BA4a_exvivo
 1149    768   1389  1.957 0.414     0.092     0.013        5     0.7  BA4p_exvivo
 5835   3891  12077  2.634 0.703     0.108     0.017       43     4.0  BA6_exvivo
 1069    829   2387  2.535 0.527     0.119     0.019       11     0.9  BA44_exvivo
 1349   1007   3078  2.517 0.647     0.121     0.021       13     1.1  BA45_exvivo
 4223   3209   5477  1.762 0.524     0.142     0.029       48     5.5  V1_exvivo
 4821   3589   7778  2.076 0.615     0.149     0.031       63     6.6  V2_exvivo
  345    265    703  2.145 0.588     0.131     0.019        4     0.3  MT_exvivo
   40     23     64  2.861 0.640     0.043     0.005        0     0.0  perirhinal_exvivo
  627    417   2222  3.448 0.736     0.105     0.016        5     0.4  entorhinal_exvivo

Started at Sat Mar 14 01:22:43 CET 2026 
Ended   at Sat Mar 14 01:25:28 CET 2026
#@#%# recon-all-run-time-hours 0.046
recon-all -s sub-v2s7x29666_ses-1 finished without error at Sat Mar 14 01:25:28 CET 2026
