
Sat Mar 14 00:49:34 CET 2026
cd /out/sourcedata/freesurfer/sub-v2s7x29798_ses-1
setenv SUBJECTS_DIR /out/sourcedata/freesurfer
/opt/freesurfer/bin/recon-all -autorecon-hemi lh -noparcstats -noparcstats2 -noparcstats3 -nohyporelabel -nobalabels -lh-only -openmp 16 -subjid sub-v2s7x29798_ses-1 -sd /out/sourcedata/freesurfer

subjid sub-v2s7x29798_ses-1
setenv SUBJECTS_DIR /out/sourcedata/freesurfer
FREESURFER_HOME /opt/freesurfer
Actual FREESURFER_HOME /opt/freesurfer
build-stamp.txt: freesurfer-linux-ubuntu22_x86_64-7.3.2-20220804-6354275
Linux dna080 5.14.0-427.37.1.el9_4.x86_64 #1 SMP PREEMPT_DYNAMIC Fri Sep 13 12:41:50 EDT 2024 x86_64 x86_64 x86_64 GNU/Linux
cputime      unlimited
filesize     unlimited
datasize     unlimited
stacksize    8192 kbytes
coredumpsize 0 kbytes
memoryuse    67108864 kbytes
vmemoryuse   unlimited
descriptors  1024 
memorylocked unlimited
maxproc      2061970 
maxlocks     unlimited
maxsignal    2062029 
maxmessage   819200 
maxnice      0 
maxrtprio    0 
maxrttime    unlimited

               total        used        free      shared  buff/cache   available
Mem:           503Gi        63Gi        28Gi        21Gi       412Gi       415Gi
Swap:             0B          0B          0B

########################################
program versions used
7.3.2 (freesurfer-linux-ubuntu22_x86_64-7.3.2-20220804-6354275)
7.3.2

ProgramName: lta_convert  ProgramArguments: lta_convert -all-info  ProgramVersion: 7.3.2  TimeStamp: 2026/03/13-23:49:34-GMT  BuildTime: Aug  4 2022 06:17:15  BuildStamp: freesurfer-linux-ubuntu22_x86_64-7.3.2-20220804-6354275  User: oesteban  Machine: dna080  Platform: Linux  PlatformVersion: 5.14.0-427.37.1.el9_4.x86_64  CompilerName: GCC  CompilerVersion: 8.4.0
ProgramName: mri_and  ProgramArguments: mri_and -all-info  ProgramVersion: 7.3.2  TimeStamp: 2026/03/13-23:49:34-GMT  BuildTime: Aug  4 2022 06:17:15  BuildStamp: freesurfer-linux-ubuntu22_x86_64-7.3.2-20220804-6354275  User: oesteban  Machine: dna080  Platform: Linux  PlatformVersion: 5.14.0-427.37.1.el9_4.x86_64  CompilerName: GCC  CompilerVersion: 8.4.0
ProgramName: mri_annotation2label  ProgramArguments: mri_annotation2label -all-info  ProgramVersion: 7.3.2  TimeStamp: 2026/03/13-23:49:34-GMT  BuildTime: Aug  4 2022 06:17:15  BuildStamp: freesurfer-linux-ubuntu22_x86_64-7.3.2-20220804-6354275  User: oesteban  Machine: dna080  Platform: Linux  PlatformVersion: 5.14.0-427.37.1.el9_4.x86_64  CompilerName: GCC  CompilerVersion: 8.4.0
ProgramName: mri_aparc2aseg  ProgramArguments: mri_aparc2aseg -all-info  ProgramVersion: 7.3.2  TimeStamp: 2026/03/13-23:49:34-GMT  BuildTime: Aug  4 2022 06:17:15  BuildStamp: freesurfer-linux-ubuntu22_x86_64-7.3.2-20220804-6354275  User: oesteban  Machine: dna080  Platform: Linux  PlatformVersion: 5.14.0-427.37.1.el9_4.x86_64  CompilerName: GCC  CompilerVersion: 8.4.0
ProgramName: mri_surf2volseg  ProgramArguments: mri_surf2volseg -all-info  ProgramVersion: 7.3.2  TimeStamp: 2026/03/13-23:49:34-GMT  BuildTime: Aug  4 2022 06:17:15  BuildStamp: freesurfer-linux-ubuntu22_x86_64-7.3.2-20220804-6354275  User: oesteban  Machine: dna080  Platform: Linux  PlatformVersion: 5.14.0-427.37.1.el9_4.x86_64  CompilerName: GCC  CompilerVersion: 8.4.0
ProgramName: mri_binarize  ProgramArguments: mri_binarize -all-info  ProgramVersion: 7.3.2  TimeStamp: 2026/03/13-23:49:34-GMT  BuildTime: Aug  4 2022 06:17:15  BuildStamp: freesurfer-linux-ubuntu22_x86_64-7.3.2-20220804-6354275  User: oesteban  Machine: dna080  Platform: Linux  PlatformVersion: 5.14.0-427.37.1.el9_4.x86_64  CompilerName: GCC  CompilerVersion: 8.4.0
ProgramName: mri_ca_label  ProgramArguments: mri_ca_label -all-info  ProgramVersion: 7.3.2  TimeStamp: 2026/03/13-23:49:34-GMT  BuildTime: Aug  4 2022 06:17:15  BuildStamp: freesurfer-linux-ubuntu22_x86_64-7.3.2-20220804-6354275  User: oesteban  Machine: dna080  Platform: Linux  PlatformVersion: 5.14.0-427.37.1.el9_4.x86_64  CompilerName: GCC  CompilerVersion: 8.4.0
ProgramName: mri_ca_normalize  ProgramArguments: mri_ca_normalize -all-info  ProgramVersion: 7.3.2  TimeStamp: 2026/03/13-23:49:34-GMT  BuildTime: Aug  4 2022 06:17:15  BuildStamp: freesurfer-linux-ubuntu22_x86_64-7.3.2-20220804-6354275  User: oesteban  Machine: dna080  Platform: Linux  PlatformVersion: 5.14.0-427.37.1.el9_4.x86_64  CompilerName: GCC  CompilerVersion: 8.4.0
ProgramName: mri_ca_register  ProgramArguments: mri_ca_register -all-info  ProgramVersion: 7.3.2  TimeStamp: 2026/03/13-23:49:34-GMT  BuildTime: Aug  4 2022 06:17:15  BuildStamp: freesurfer-linux-ubuntu22_x86_64-7.3.2-20220804-6354275  User: oesteban  Machine: dna080  Platform: Linux  PlatformVersion: 5.14.0-427.37.1.el9_4.x86_64  CompilerName: GCC  CompilerVersion: 8.4.0
ProgramName: mri_cc  ProgramArguments: mri_cc -all-info  ProgramVersion: 7.3.2  TimeStamp: 2026/03/13-23:49:34-GMT  BuildTime: Aug  4 2022 06:17:15  BuildStamp: freesurfer-linux-ubuntu22_x86_64-7.3.2-20220804-6354275  User: oesteban  Machine: dna080  Platform: Linux  PlatformVersion: 5.14.0-427.37.1.el9_4.x86_64  CompilerName: GCC  CompilerVersion: 8.4.0
ProgramName: mri_compute_overlap  ProgramArguments: mri_compute_overlap -all-info  ProgramVersion: 7.3.2  TimeStamp: 2026/03/13-23:49:34-GMT  BuildTime: Aug  4 2022 06:17:15  BuildStamp: freesurfer-linux-ubuntu22_x86_64-7.3.2-20220804-6354275  User: oesteban  Machine: dna080  Platform: Linux  PlatformVersion: 5.14.0-427.37.1.el9_4.x86_64  CompilerName: GCC  CompilerVersion: 8.4.0
ProgramName: mri_compute_seg_overlap  ProgramArguments: mri_compute_seg_overlap -all-info  ProgramVersion: 7.3.2  TimeStamp: 2026/03/13-23:49:34-GMT  BuildTime: Aug  4 2022 06:17:15  BuildStamp: freesurfer-linux-ubuntu22_x86_64-7.3.2-20220804-6354275  User: oesteban  Machine: dna080  Platform: Linux  PlatformVersion: 5.14.0-427.37.1.el9_4.x86_64  CompilerName: GCC  CompilerVersion: 8.4.0
ProgramName: mri_concat  ProgramArguments: mri_concat -all-info  ProgramVersion: 7.3.2  TimeStamp: 2026/03/13-23:49:34-GMT  BuildTime: Aug  4 2022 06:17:15  BuildStamp: freesurfer-linux-ubuntu22_x86_64-7.3.2-20220804-6354275  User: oesteban  Machine: dna080  Platform: Linux  PlatformVersion: 5.14.0-427.37.1.el9_4.x86_64  CompilerName: GCC  CompilerVersion: 8.4.0
ProgramName: mri_concatenate_lta  ProgramArguments: mri_concatenate_lta -all-info  ProgramVersion: 7.3.2  TimeStamp: 2026/03/13-23:49:34-GMT  BuildTime: Aug  4 2022 06:17:15  BuildStamp: freesurfer-linux-ubuntu22_x86_64-7.3.2-20220804-6354275  User: oesteban  Machine: dna080  Platform: Linux  PlatformVersion: 5.14.0-427.37.1.el9_4.x86_64  CompilerName: GCC  CompilerVersion: 8.4.0
mri_convert -all-info 
ProgramName: mri_convert  ProgramArguments: mri_convert -all-info  ProgramVersion: 7.3.2  TimeStamp: 2026/03/13-23:49:34-GMT  BuildTime: Aug  4 2022 06:17:15  BuildStamp: freesurfer-linux-ubuntu22_x86_64-7.3.2-20220804-6354275  User: oesteban  Machine: dna080  Platform: Linux  PlatformVersion: 5.14.0-427.37.1.el9_4.x86_64  CompilerName: GCC  CompilerVersion: 8.4.0
ProgramName: mri_diff  ProgramArguments: mri_diff -all-info  ProgramVersion: 7.3.2  TimeStamp: 2026/03/13-23:49:34-GMT  BuildTime: Aug  4 2022 06:17:15  BuildStamp: freesurfer-linux-ubuntu22_x86_64-7.3.2-20220804-6354275  User: oesteban  Machine: dna080  Platform: Linux  PlatformVersion: 5.14.0-427.37.1.el9_4.x86_64  CompilerName: GCC  CompilerVersion: 8.4.0
ProgramName: mri_edit_wm_with_aseg  ProgramArguments: mri_edit_wm_with_aseg -all-info  ProgramVersion: 7.3.2  TimeStamp: 2026/03/13-23:49:34-GMT  BuildTime: Aug  4 2022 06:17:15  BuildStamp: freesurfer-linux-ubuntu22_x86_64-7.3.2-20220804-6354275  User: oesteban  Machine: dna080  Platform: Linux  PlatformVersion: 5.14.0-427.37.1.el9_4.x86_64  CompilerName: GCC  CompilerVersion: 8.4.0
ProgramName: mri_em_register  ProgramArguments: mri_em_register -all-info  ProgramVersion: 7.3.2  TimeStamp: 2026/03/13-23:49:34-GMT  BuildTime: Aug  4 2022 06:17:15  BuildStamp: freesurfer-linux-ubuntu22_x86_64-7.3.2-20220804-6354275  User: oesteban  Machine: dna080  Platform: Linux  PlatformVersion: 5.14.0-427.37.1.el9_4.x86_64  CompilerName: GCC  CompilerVersion: 8.4.0
ProgramName: mri_fill  ProgramArguments: mri_fill -all-info  ProgramVersion: 7.3.2  TimeStamp: 2026/03/13-23:49:34-GMT  BuildTime: Aug  4 2022 06:17:15  BuildStamp: freesurfer-linux-ubuntu22_x86_64-7.3.2-20220804-6354275  User: oesteban  Machine: dna080  Platform: Linux  PlatformVersion: 5.14.0-427.37.1.el9_4.x86_64  CompilerName: GCC  CompilerVersion: 8.4.0
ProgramName: mri_fuse_segmentations  ProgramArguments: mri_fuse_segmentations -all-info  ProgramVersion: 7.3.2  TimeStamp: 2026/03/13-23:49:34-GMT  BuildTime: Aug  4 2022 06:17:15  BuildStamp: freesurfer-linux-ubuntu22_x86_64-7.3.2-20220804-6354275  User: oesteban  Machine: dna080  Platform: Linux  PlatformVersion: 5.14.0-427.37.1.el9_4.x86_64  CompilerName: GCC  CompilerVersion: 8.4.0
ProgramName: mri_fwhm  ProgramArguments: mri_fwhm -all-info  ProgramVersion: 7.3.2  TimeStamp: 2026/03/13-23:49:34-GMT  BuildTime: Aug  4 2022 06:17:15  BuildStamp: freesurfer-linux-ubuntu22_x86_64-7.3.2-20220804-6354275  User: oesteban  Machine: dna080  Platform: Linux  PlatformVersion: 5.14.0-427.37.1.el9_4.x86_64  CompilerName: GCC  CompilerVersion: 8.4.0
ProgramName: mri_gcut  ProgramArguments: mri_gcut -all-info  ProgramVersion: 7.3.2  TimeStamp: 2026/03/13-23:49:34-GMT  BuildTime: Aug  4 2022 06:17:15  BuildStamp: freesurfer-linux-ubuntu22_x86_64-7.3.2-20220804-6354275  User: oesteban  Machine: dna080  Platform: Linux  PlatformVersion: 5.14.0-427.37.1.el9_4.x86_64  CompilerName: GCC  CompilerVersion: 8.4.0
ProgramName: mri_info  ProgramArguments: mri_info -all-info  ProgramVersion: 7.3.2  TimeStamp: 2026/03/13-23:49:34-GMT  BuildTime: Aug  4 2022 06:17:15  BuildStamp: freesurfer-linux-ubuntu22_x86_64-7.3.2-20220804-6354275  User: oesteban  Machine: dna080  Platform: Linux  PlatformVersion: 5.14.0-427.37.1.el9_4.x86_64  CompilerName: GCC  CompilerVersion: 8.4.0
ProgramName: mri_label2label  ProgramArguments: mri_label2label -all-info  ProgramVersion: 7.3.2  TimeStamp: 2026/03/13-23:49:34-GMT  BuildTime: Aug  4 2022 06:17:15  BuildStamp: freesurfer-linux-ubuntu22_x86_64-7.3.2-20220804-6354275  User: oesteban  Machine: dna080  Platform: Linux  PlatformVersion: 5.14.0-427.37.1.el9_4.x86_64  CompilerName: GCC  CompilerVersion: 8.4.0
ProgramName: mri_label2vol  ProgramArguments: mri_label2vol -all-info  ProgramVersion: 7.3.2  TimeStamp: 2026/03/13-23:49:34-GMT  BuildTime: Aug  4 2022 06:17:15  BuildStamp: freesurfer-linux-ubuntu22_x86_64-7.3.2-20220804-6354275  User: oesteban  Machine: dna080  Platform: Linux  PlatformVersion: 5.14.0-427.37.1.el9_4.x86_64  CompilerName: GCC  CompilerVersion: 8.4.0
ProgramName: mri_log_likelihood  ProgramArguments: mri_log_likelihood -all-info  ProgramVersion: 7.3.2  TimeStamp: 2026/03/13-23:49:34-GMT  BuildTime: Aug  4 2022 06:17:15  BuildStamp: freesurfer-linux-ubuntu22_x86_64-7.3.2-20220804-6354275  User: oesteban  Machine: dna080  Platform: Linux  PlatformVersion: 5.14.0-427.37.1.el9_4.x86_64  CompilerName: GCC  CompilerVersion: 8.4.0
ProgramName: mri_mask  ProgramArguments: mri_mask -all-info  ProgramVersion: 7.3.2  TimeStamp: 2026/03/13-23:49:34-GMT  BuildTime: Aug  4 2022 06:17:15  BuildStamp: freesurfer-linux-ubuntu22_x86_64-7.3.2-20220804-6354275  User: oesteban  Machine: dna080  Platform: Linux  PlatformVersion: 5.14.0-427.37.1.el9_4.x86_64  CompilerName: GCC  CompilerVersion: 8.4.0
ProgramName: mri_matrix_multiply  ProgramArguments: mri_matrix_multiply -all-info  ProgramVersion: 7.3.2  TimeStamp: 2026/03/13-23:49:34-GMT  BuildTime: Aug  4 2022 06:17:15  BuildStamp: freesurfer-linux-ubuntu22_x86_64-7.3.2-20220804-6354275  User: oesteban  Machine: dna080  Platform: Linux  PlatformVersion: 5.14.0-427.37.1.el9_4.x86_64  CompilerName: GCC  CompilerVersion: 8.4.0
ProgramName: mri_normalize  ProgramArguments: mri_normalize -all-info  ProgramVersion: 7.3.2  TimeStamp: 2026/03/13-23:49:34-GMT  BuildTime: Aug  4 2022 06:17:15  BuildStamp: freesurfer-linux-ubuntu22_x86_64-7.3.2-20220804-6354275  User: oesteban  Machine: dna080  Platform: Linux  PlatformVersion: 5.14.0-427.37.1.el9_4.x86_64  CompilerName: GCC  CompilerVersion: 8.4.0
ProgramName: mri_normalize_tp2  ProgramArguments: mri_normalize_tp2 -all-info  ProgramVersion: 7.3.2  TimeStamp: 2026/03/13-23:49:34-GMT  BuildTime: Aug  4 2022 06:17:15  BuildStamp: freesurfer-linux-ubuntu22_x86_64-7.3.2-20220804-6354275  User: oesteban  Machine: dna080  Platform: Linux  PlatformVersion: 5.14.0-427.37.1.el9_4.x86_64  CompilerName: GCC  CompilerVersion: 8.4.0
ProgramName: mri_or  ProgramArguments: mri_or -all-info  ProgramVersion: 7.3.2  TimeStamp: 2026/03/13-23:49:34-GMT  BuildTime: Aug  4 2022 06:17:15  BuildStamp: freesurfer-linux-ubuntu22_x86_64-7.3.2-20220804-6354275  User: oesteban  Machine: dna080  Platform: Linux  PlatformVersion: 5.14.0-427.37.1.el9_4.x86_64  CompilerName: GCC  CompilerVersion: 8.4.0
ProgramName: mri_relabel_hypointensities  ProgramArguments: mri_relabel_hypointensities -all-info  ProgramVersion: 7.3.2  TimeStamp: 2026/03/13-23:49:34-GMT  BuildTime: Aug  4 2022 06:17:15  BuildStamp: freesurfer-linux-ubuntu22_x86_64-7.3.2-20220804-6354275  User: oesteban  Machine: dna080  Platform: Linux  PlatformVersion: 5.14.0-427.37.1.el9_4.x86_64  CompilerName: GCC  CompilerVersion: 8.4.0
ProgramName: mri_relabel_nonwm_hypos  ProgramArguments: mri_relabel_nonwm_hypos -all-info  ProgramVersion: 7.3.2  TimeStamp: 2026/03/13-23:49:34-GMT  BuildTime: Aug  4 2022 06:17:15  BuildStamp: freesurfer-linux-ubuntu22_x86_64-7.3.2-20220804-6354275  User: oesteban  Machine: dna080  Platform: Linux  PlatformVersion: 5.14.0-427.37.1.el9_4.x86_64  CompilerName: GCC  CompilerVersion: 8.4.0
ProgramName: mri_remove_neck  ProgramArguments: mri_remove_neck -all-info  ProgramVersion: 7.3.2  TimeStamp: 2026/03/13-23:49:34-GMT  BuildTime: Aug  4 2022 06:17:15  BuildStamp: freesurfer-linux-ubuntu22_x86_64-7.3.2-20220804-6354275  User: oesteban  Machine: dna080  Platform: Linux  PlatformVersion: 5.14.0-427.37.1.el9_4.x86_64  CompilerName: GCC  CompilerVersion: 8.4.0
7.3.2

ProgramName: mri_robust_register  ProgramArguments: mri_robust_register -all-info  ProgramVersion: 7.3.2  TimeStamp: 2026/03/13-23:49:34-GMT  BuildTime: Aug  4 2022 06:17:15  BuildStamp: freesurfer-linux-ubuntu22_x86_64-7.3.2-20220804-6354275  User: oesteban  Machine: dna080  Platform: Linux  PlatformVersion: 5.14.0-427.37.1.el9_4.x86_64  CompilerName: GCC  CompilerVersion: 8.4.0
7.3.2

ProgramName: mri_robust_template  ProgramArguments: mri_robust_template -all-info  ProgramVersion: 7.3.2  TimeStamp: 2026/03/13-23:49:34-GMT  BuildTime: Aug  4 2022 06:17:15  BuildStamp: freesurfer-linux-ubuntu22_x86_64-7.3.2-20220804-6354275  User: oesteban  Machine: dna080  Platform: Linux  PlatformVersion: 5.14.0-427.37.1.el9_4.x86_64  CompilerName: GCC  CompilerVersion: 8.4.0
ProgramName: mris_anatomical_stats  ProgramArguments: mris_anatomical_stats -all-info  ProgramVersion: 7.3.2  TimeStamp: 2026/03/13-23:49:34-GMT  BuildTime: Aug  4 2022 06:17:15  BuildStamp: freesurfer-linux-ubuntu22_x86_64-7.3.2-20220804-6354275  User: oesteban  Machine: dna080  Platform: Linux  PlatformVersion: 5.14.0-427.37.1.el9_4.x86_64  CompilerName: GCC  CompilerVersion: 8.4.0
ProgramName: mris_ca_label  ProgramArguments: mris_ca_label -all-info  ProgramVersion: 7.3.2  TimeStamp: 2026/03/13-23:49:34-GMT  BuildTime: Aug  4 2022 06:17:15  BuildStamp: freesurfer-linux-ubuntu22_x86_64-7.3.2-20220804-6354275  User: oesteban  Machine: dna080  Platform: Linux  PlatformVersion: 5.14.0-427.37.1.el9_4.x86_64  CompilerName: GCC  CompilerVersion: 8.4.0
ProgramName: mris_calc  ProgramArguments: mris_calc -all-info  ProgramVersion: 7.3.2  TimeStamp: 2026/03/13-23:49:34-GMT  BuildTime: Aug  4 2022 06:17:15  BuildStamp: freesurfer-linux-ubuntu22_x86_64-7.3.2-20220804-6354275  User: oesteban  Machine: dna080  Platform: Linux  PlatformVersion: 5.14.0-427.37.1.el9_4.x86_64  CompilerName: GCC  CompilerVersion: 8.4.0
ProgramName: mris_convert  ProgramArguments: mris_convert -all-info  ProgramVersion: 7.3.2  TimeStamp: 2026/03/13-23:49:34-GMT  BuildTime: Aug  4 2022 06:17:15  BuildStamp: freesurfer-linux-ubuntu22_x86_64-7.3.2-20220804-6354275  User: oesteban  Machine: dna080  Platform: Linux  PlatformVersion: 5.14.0-427.37.1.el9_4.x86_64  CompilerName: GCC  CompilerVersion: 8.4.0
ProgramName: mris_curvature  ProgramArguments: mris_curvature -all-info  ProgramVersion: 7.3.2  TimeStamp: 2026/03/13-23:49:34-GMT  BuildTime: Aug  4 2022 06:17:15  BuildStamp: freesurfer-linux-ubuntu22_x86_64-7.3.2-20220804-6354275  User: oesteban  Machine: dna080  Platform: Linux  PlatformVersion: 5.14.0-427.37.1.el9_4.x86_64  CompilerName: GCC  CompilerVersion: 8.4.0
ProgramName: mris_curvature_stats  ProgramArguments: mris_curvature_stats -all-info  ProgramVersion: 7.3.2  TimeStamp: 2026/03/13-23:49:34-GMT  BuildTime: Aug  4 2022 06:17:15  BuildStamp: freesurfer-linux-ubuntu22_x86_64-7.3.2-20220804-6354275  User: oesteban  Machine: dna080  Platform: Linux  PlatformVersion: 5.14.0-427.37.1.el9_4.x86_64  CompilerName: GCC  CompilerVersion: 8.4.0
ProgramName: mris_diff  ProgramArguments: mris_diff -all-info  ProgramVersion: 7.3.2  TimeStamp: 2026/03/13-23:49:34-GMT  BuildTime: Aug  4 2022 06:17:15  BuildStamp: freesurfer-linux-ubuntu22_x86_64-7.3.2-20220804-6354275  User: oesteban  Machine: dna080  Platform: Linux  PlatformVersion: 5.14.0-427.37.1.el9_4.x86_64  CompilerName: GCC  CompilerVersion: 8.4.0
ProgramName: mris_divide_parcellation  ProgramArguments: mris_divide_parcellation -all-info  ProgramVersion: 7.3.2  TimeStamp: 2026/03/13-23:49:34-GMT  BuildTime: Aug  4 2022 06:17:15  BuildStamp: freesurfer-linux-ubuntu22_x86_64-7.3.2-20220804-6354275  User: oesteban  Machine: dna080  Platform: Linux  PlatformVersion: 5.14.0-427.37.1.el9_4.x86_64  CompilerName: GCC  CompilerVersion: 8.4.0
ProgramName: mri_segment  ProgramArguments: mri_segment -all-info  ProgramVersion: 7.3.2  TimeStamp: 2026/03/13-23:49:34-GMT  BuildTime: Aug  4 2022 06:17:15  BuildStamp: freesurfer-linux-ubuntu22_x86_64-7.3.2-20220804-6354275  User: oesteban  Machine: dna080  Platform: Linux  PlatformVersion: 5.14.0-427.37.1.el9_4.x86_64  CompilerName: GCC  CompilerVersion: 8.4.0
ProgramName: mri_segstats  ProgramArguments: mri_segstats -all-info  ProgramVersion: 7.3.2  TimeStamp: 2026/03/13-23:49:34-GMT  BuildTime: Aug  4 2022 06:17:15  BuildStamp: freesurfer-linux-ubuntu22_x86_64-7.3.2-20220804-6354275  User: oesteban  Machine: dna080  Platform: Linux  PlatformVersion: 5.14.0-427.37.1.el9_4.x86_64  CompilerName: GCC  CompilerVersion: 8.4.0
ProgramName: mris_euler_number  ProgramArguments: mris_euler_number -all-info  ProgramVersion: 7.3.2  TimeStamp: 2026/03/13-23:49:34-GMT  BuildTime: Aug  4 2022 06:17:15  BuildStamp: freesurfer-linux-ubuntu22_x86_64-7.3.2-20220804-6354275  User: oesteban  Machine: dna080  Platform: Linux  PlatformVersion: 5.14.0-427.37.1.el9_4.x86_64  CompilerName: GCC  CompilerVersion: 8.4.0
ProgramName: mris_fix_topology  ProgramArguments: mris_fix_topology -all-info  ProgramVersion: 7.3.2  TimeStamp: 2026/03/13-23:49:34-GMT  BuildTime: Aug  4 2022 06:17:15  BuildStamp: freesurfer-linux-ubuntu22_x86_64-7.3.2-20220804-6354275  User: oesteban  Machine: dna080  Platform: Linux  PlatformVersion: 5.14.0-427.37.1.el9_4.x86_64  CompilerName: GCC  CompilerVersion: 8.4.0
ProgramName: mris_topo_fixer  ProgramArguments: mris_topo_fixer -all-info  ProgramVersion: 7.3.2  TimeStamp: 2026/03/13-23:49:34-GMT  BuildTime: Aug  4 2022 06:17:15  BuildStamp: freesurfer-linux-ubuntu22_x86_64-7.3.2-20220804-6354275  User: oesteban  Machine: dna080  Platform: Linux  PlatformVersion: 5.14.0-427.37.1.el9_4.x86_64  CompilerName: GCC  CompilerVersion: 8.4.0
ProgramName: mris_jacobian  ProgramArguments: mris_jacobian -all-info  ProgramVersion: 7.3.2  TimeStamp: 2026/03/13-23:49:34-GMT  BuildTime: Aug  4 2022 06:17:15  BuildStamp: freesurfer-linux-ubuntu22_x86_64-7.3.2-20220804-6354275  User: oesteban  Machine: dna080  Platform: Linux  PlatformVersion: 5.14.0-427.37.1.el9_4.x86_64  CompilerName: GCC  CompilerVersion: 8.4.0
ProgramName: mris_label2annot  ProgramArguments: mris_label2annot -all-info  ProgramVersion: 7.3.2  TimeStamp: 2026/03/13-23:49:34-GMT  BuildTime: Aug  4 2022 06:17:15  BuildStamp: freesurfer-linux-ubuntu22_x86_64-7.3.2-20220804-6354275  User: oesteban  Machine: dna080  Platform: Linux  PlatformVersion: 5.14.0-427.37.1.el9_4.x86_64  CompilerName: GCC  CompilerVersion: 8.4.0
ProgramName: mris_left_right_register  ProgramArguments: mris_left_right_register -all-info  ProgramVersion: 7.3.2  TimeStamp: 2026/03/13-23:49:34-GMT  BuildTime: Aug  4 2022 06:17:15  BuildStamp: freesurfer-linux-ubuntu22_x86_64-7.3.2-20220804-6354275  User: oesteban  Machine: dna080  Platform: Linux  PlatformVersion: 5.14.0-427.37.1.el9_4.x86_64  CompilerName: GCC  CompilerVersion: 8.4.0
ProgramName: mris_place_surface  ProgramArguments: mris_place_surface -all-info  ProgramVersion: 7.3.2  TimeStamp: 2026/03/13-23:49:34-GMT  BuildTime: Aug  4 2022 06:17:15  BuildStamp: freesurfer-linux-ubuntu22_x86_64-7.3.2-20220804-6354275  User: oesteban  Machine: dna080  Platform: Linux  PlatformVersion: 5.14.0-427.37.1.el9_4.x86_64  CompilerName: GCC  CompilerVersion: 8.4.0
ProgramName: mrisp_paint  ProgramArguments: mrisp_paint -all-info  ProgramVersion: 7.3.2  TimeStamp: 2026/03/13-23:49:34-GMT  BuildTime: Aug  4 2022 06:17:15  BuildStamp: freesurfer-linux-ubuntu22_x86_64-7.3.2-20220804-6354275  User: oesteban  Machine: dna080  Platform: Linux  PlatformVersion: 5.14.0-427.37.1.el9_4.x86_64  CompilerName: GCC  CompilerVersion: 8.4.0
ProgramName: mris_register  ProgramArguments: mris_register -all-info  ProgramVersion: 7.3.2  TimeStamp: 2026/03/13-23:49:34-GMT  BuildTime: Aug  4 2022 06:17:15  BuildStamp: freesurfer-linux-ubuntu22_x86_64-7.3.2-20220804-6354275  User: oesteban  Machine: dna080  Platform: Linux  PlatformVersion: 5.14.0-427.37.1.el9_4.x86_64  CompilerName: GCC  CompilerVersion: 8.4.0
ProgramName: mris_smooth  ProgramArguments: mris_smooth -all-info  ProgramVersion: 7.3.2  TimeStamp: 2026/03/13-23:49:34-GMT  BuildTime: Aug  4 2022 06:17:15  BuildStamp: freesurfer-linux-ubuntu22_x86_64-7.3.2-20220804-6354275  User: oesteban  Machine: dna080  Platform: Linux  PlatformVersion: 5.14.0-427.37.1.el9_4.x86_64  CompilerName: GCC  CompilerVersion: 8.4.0
ProgramName: mris_sphere  ProgramArguments: mris_sphere -all-info  ProgramVersion: 7.3.2  TimeStamp: 2026/03/13-23:49:34-GMT  BuildTime: Aug  4 2022 06:17:15  BuildStamp: freesurfer-linux-ubuntu22_x86_64-7.3.2-20220804-6354275  User: oesteban  Machine: dna080  Platform: Linux  PlatformVersion: 5.14.0-427.37.1.el9_4.x86_64  CompilerName: GCC  CompilerVersion: 8.4.0
ProgramName: mris_surface_stats  ProgramArguments: mris_surface_stats -all-info  ProgramVersion: 7.3.2  TimeStamp: 2026/03/13-23:49:34-GMT  BuildTime: Aug  4 2022 06:17:15  BuildStamp: freesurfer-linux-ubuntu22_x86_64-7.3.2-20220804-6354275  User: oesteban  Machine: dna080  Platform: Linux  PlatformVersion: 5.14.0-427.37.1.el9_4.x86_64  CompilerName: GCC  CompilerVersion: 8.4.0
ProgramName: mri_stats2seg  ProgramArguments: mri_stats2seg -all-info  ProgramVersion: 7.3.2  TimeStamp: 2026/03/13-23:49:34-GMT  BuildTime: Aug  4 2022 06:17:15  BuildStamp: freesurfer-linux-ubuntu22_x86_64-7.3.2-20220804-6354275  User: oesteban  Machine: dna080  Platform: Linux  PlatformVersion: 5.14.0-427.37.1.el9_4.x86_64  CompilerName: GCC  CompilerVersion: 8.4.0
ProgramName: mris_thickness  ProgramArguments: mris_thickness -all-info  ProgramVersion: 7.3.2  TimeStamp: 2026/03/13-23:49:34-GMT  BuildTime: Aug  4 2022 06:17:15  BuildStamp: freesurfer-linux-ubuntu22_x86_64-7.3.2-20220804-6354275  User: oesteban  Machine: dna080  Platform: Linux  PlatformVersion: 5.14.0-427.37.1.el9_4.x86_64  CompilerName: GCC  CompilerVersion: 8.4.0
ProgramName: mris_thickness_diff  ProgramArguments: mris_thickness_diff -all-info  ProgramVersion: 7.3.2  TimeStamp: 2026/03/13-23:49:34-GMT  BuildTime: Aug  4 2022 06:17:15  BuildStamp: freesurfer-linux-ubuntu22_x86_64-7.3.2-20220804-6354275  User: oesteban  Machine: dna080  Platform: Linux  PlatformVersion: 5.14.0-427.37.1.el9_4.x86_64  CompilerName: GCC  CompilerVersion: 8.4.0
ProgramName: mris_topo_fixer  ProgramArguments: mris_topo_fixer -all-info  ProgramVersion: 7.3.2  TimeStamp: 2026/03/13-23:49:34-GMT  BuildTime: Aug  4 2022 06:17:15  BuildStamp: freesurfer-linux-ubuntu22_x86_64-7.3.2-20220804-6354275  User: oesteban  Machine: dna080  Platform: Linux  PlatformVersion: 5.14.0-427.37.1.el9_4.x86_64  CompilerName: GCC  CompilerVersion: 8.4.0
ProgramName: mri_surf2surf  ProgramArguments: mri_surf2surf -all-info  ProgramVersion: 7.3.2  TimeStamp: 2026/03/13-23:49:34-GMT  BuildTime: Aug  4 2022 06:17:15  BuildStamp: freesurfer-linux-ubuntu22_x86_64-7.3.2-20220804-6354275  User: oesteban  Machine: dna080  Platform: Linux  PlatformVersion: 5.14.0-427.37.1.el9_4.x86_64  CompilerName: GCC  CompilerVersion: 8.4.0
ProgramName: mri_surf2vol  ProgramArguments: mri_surf2vol -all-info  ProgramVersion: 7.3.2  TimeStamp: 2026/03/13-23:49:34-GMT  BuildTime: Aug  4 2022 06:17:15  BuildStamp: freesurfer-linux-ubuntu22_x86_64-7.3.2-20220804-6354275  User: oesteban  Machine: dna080  Platform: Linux  PlatformVersion: 5.14.0-427.37.1.el9_4.x86_64  CompilerName: GCC  CompilerVersion: 8.4.0
ProgramName: mri_surfcluster  ProgramArguments: mri_surfcluster -all-info  ProgramVersion: 7.3.2  TimeStamp: 2026/03/13-23:49:34-GMT  BuildTime: Aug  4 2022 06:17:15  BuildStamp: freesurfer-linux-ubuntu22_x86_64-7.3.2-20220804-6354275  User: oesteban  Machine: dna080  Platform: Linux  PlatformVersion: 5.14.0-427.37.1.el9_4.x86_64  CompilerName: GCC  CompilerVersion: 8.4.0
ProgramName: mris_volmask  ProgramArguments: mris_volmask -all-info  ProgramVersion: 7.3.2  TimeStamp: 2026/03/13-23:49:34-GMT  BuildTime: Aug  4 2022 06:17:15  BuildStamp: freesurfer-linux-ubuntu22_x86_64-7.3.2-20220804-6354275  User: oesteban  Machine: dna080  Platform: Linux  PlatformVersion: 5.14.0-427.37.1.el9_4.x86_64  CompilerName: GCC  CompilerVersion: 8.4.0
ProgramName: mri_tessellate  ProgramArguments: mri_tessellate -all-info  ProgramVersion: 7.3.2  TimeStamp: 2026/03/13-23:49:34-GMT  BuildTime: Aug  4 2022 06:17:15  BuildStamp: freesurfer-linux-ubuntu22_x86_64-7.3.2-20220804-6354275  User: oesteban  Machine: dna080  Platform: Linux  PlatformVersion: 5.14.0-427.37.1.el9_4.x86_64  CompilerName: GCC  CompilerVersion: 8.4.0
ProgramName: mri_vol2surf  ProgramArguments: mri_vol2surf -all-info  ProgramVersion: 7.3.2  TimeStamp: 2026/03/13-23:49:34-GMT  BuildTime: Aug  4 2022 06:17:15  BuildStamp: freesurfer-linux-ubuntu22_x86_64-7.3.2-20220804-6354275  User: oesteban  Machine: dna080  Platform: Linux  PlatformVersion: 5.14.0-427.37.1.el9_4.x86_64  CompilerName: GCC  CompilerVersion: 8.4.0
ProgramName: mri_vol2vol  ProgramArguments: mri_vol2vol -all-info  ProgramVersion: 7.3.2  TimeStamp: 2026/03/13-23:49:34-GMT  BuildTime: Aug  4 2022 06:17:15  BuildStamp: freesurfer-linux-ubuntu22_x86_64-7.3.2-20220804-6354275  User: oesteban  Machine: dna080  Platform: Linux  PlatformVersion: 5.14.0-427.37.1.el9_4.x86_64  CompilerName: GCC  CompilerVersion: 8.4.0
ProgramName: mri_voldiff  ProgramArguments: mri_voldiff -all-info  ProgramVersion: 7.3.2  TimeStamp: 2026/03/13-23:49:34-GMT  BuildTime: Aug  4 2022 06:17:15  BuildStamp: freesurfer-linux-ubuntu22_x86_64-7.3.2-20220804-6354275  User: oesteban  Machine: dna080  Platform: Linux  PlatformVersion: 5.14.0-427.37.1.el9_4.x86_64  CompilerName: GCC  CompilerVersion: 8.4.0
ProgramName: mri_watershed  ProgramArguments: mri_watershed -all-info  ProgramVersion: 7.3.2  TimeStamp: 2026/03/13-23:49:34-GMT  BuildTime: Aug  4 2022 06:17:15  BuildStamp: freesurfer-linux-ubuntu22_x86_64-7.3.2-20220804-6354275  User: oesteban  Machine: dna080  Platform: Linux  PlatformVersion: 5.14.0-427.37.1.el9_4.x86_64  CompilerName: GCC  CompilerVersion: 8.4.0
ProgramName: tkregister2  ProgramArguments: tkregister2_cmdl -all-info  ProgramVersion: 7.3.2  TimeStamp: 2026/03/13-23:49:34-GMT  BuildTime: Aug  4 2022 06:17:15  BuildStamp: freesurfer-linux-ubuntu22_x86_64-7.3.2-20220804-6354275  User: oesteban  Machine: dna080  Platform: Linux  PlatformVersion: 5.14.0-427.37.1.el9_4.x86_64  CompilerName: GCC  CompilerVersion: 8.4.0
mri_motion_correct.fsl 7.3.2
mri_convert -all-info 
ProgramName: mri_convert  ProgramArguments: mri_convert -all-info  ProgramVersion: 7.3.2  TimeStamp: 2026/03/13-23:49:34-GMT  BuildTime: Aug  4 2022 06:17:15  BuildStamp: freesurfer-linux-ubuntu22_x86_64-7.3.2-20220804-6354275  User: oesteban  Machine: dna080  Platform: Linux  PlatformVersion: 5.14.0-427.37.1.el9_4.x86_64  CompilerName: GCC  CompilerVersion: 8.4.0
Program nu_correct, built from:
Package MNI N3, version 1.12.0, compiled by nicks@terrier (x86_64-unknown-linux-gnu) on 2015-06-19 at 01:25:34
#######################################
GCADIR /opt/freesurfer/average
GCA RB_all_2020-01-02.gca
GCASkull RB_all_withskull_2020_01_02.gca
AvgCurvTif folding.atlas.acfb40.noaparc.i12.2016-08-02.tif
GCSDIR /opt/freesurfer/average
GCS DKaparc.atlas.acfb40.noaparc.i12.2016-08-02.gcs
#######################################
#--------------------------------------------
#@# Tessellate lh Sat Mar 14 00:49:34 CET 2026
/out/sourcedata/freesurfer/sub-v2s7x29798_ses-1/scripts

 mri_pretess ../mri/filled.mgz 255 ../mri/norm.mgz ../mri/filled-pretess255.mgz 


Iteration Number : 1
pass   1 (xy+):   2 found -   2 modified     |    TOTAL:   2
pass   2 (xy+):   0 found -   2 modified     |    TOTAL:   2
pass   1 (xy-):   1 found -   1 modified     |    TOTAL:   3
pass   2 (xy-):   0 found -   1 modified     |    TOTAL:   3
pass   1 (yz+):   4 found -   4 modified     |    TOTAL:   7
pass   2 (yz+):   0 found -   4 modified     |    TOTAL:   7
pass   1 (yz-):   7 found -   7 modified     |    TOTAL:  14
pass   2 (yz-):   0 found -   7 modified     |    TOTAL:  14
pass   1 (xz+):   1 found -   1 modified     |    TOTAL:  15
pass   2 (xz+):   0 found -   1 modified     |    TOTAL:  15
pass   1 (xz-):   0 found -   0 modified     |    TOTAL:  15
Iteration Number : 1
pass   1 (+++):   0 found -   0 modified     |    TOTAL:   0
pass   1 (+++):   0 found -   0 modified     |    TOTAL:   0
pass   1 (+++):   0 found -   0 modified     |    TOTAL:   0
pass   1 (+++):   0 found -   0 modified     |    TOTAL:   0
Iteration Number : 1
pass   1 (++):   1 found -   1 modified     |    TOTAL:   1
pass   2 (++):   0 found -   1 modified     |    TOTAL:   1
pass   1 (+-):   0 found -   0 modified     |    TOTAL:   1
pass   1 (--):   0 found -   0 modified     |    TOTAL:   1
pass   1 (-+):   0 found -   0 modified     |    TOTAL:   1
Iteration Number : 2
pass   1 (xy+):   0 found -   0 modified     |    TOTAL:   0
pass   1 (xy-):   0 found -   0 modified     |    TOTAL:   0
pass   1 (yz+):   0 found -   0 modified     |    TOTAL:   0
pass   1 (yz-):   0 found -   0 modified     |    TOTAL:   0
pass   1 (xz+):   0 found -   0 modified     |    TOTAL:   0
pass   1 (xz-):   0 found -   0 modified     |    TOTAL:   0
Iteration Number : 2
pass   1 (+++):   0 found -   0 modified     |    TOTAL:   0
pass   1 (+++):   0 found -   0 modified     |    TOTAL:   0
pass   1 (+++):   0 found -   0 modified     |    TOTAL:   0
pass   1 (+++):   0 found -   0 modified     |    TOTAL:   0
Iteration Number : 2
pass   1 (++):   0 found -   0 modified     |    TOTAL:   0
pass   1 (+-):   0 found -   0 modified     |    TOTAL:   0
pass   1 (--):   0 found -   0 modified     |    TOTAL:   0
pass   1 (-+):   0 found -   0 modified     |    TOTAL:   0

Total Number of Modified Voxels = 16 (out of 260307: 0.006147)
Ambiguous edge configurations... 

mri_pretess done


 mri_tessellate ../mri/filled-pretess255.mgz 255 ../surf/lh.orig.nofix 

7.3.2
  7.3.2
slice 40: 119 vertices, 145 faces
slice 50: 2633 vertices, 2783 faces
slice 60: 8936 vertices, 9162 faces
slice 70: 17241 vertices, 17570 faces
slice 80: 26627 vertices, 26942 faces
slice 90: 36335 vertices, 36657 faces
slice 100: 45822 vertices, 46171 faces
slice 110: 56324 vertices, 56703 faces
slice 120: 67033 vertices, 67418 faces
slice 130: 77501 vertices, 77924 faces
slice 140: 88169 vertices, 88581 faces
slice 150: 97833 vertices, 98178 faces
slice 160: 105186 vertices, 105466 faces
slice 170: 111664 vertices, 111919 faces
slice 180: 117162 vertices, 117369 faces
slice 190: 121324 vertices, 121495 faces
slice 200: 124766 vertices, 124905 faces
slice 210: 126934 vertices, 126991 faces
slice 220: 127080 vertices, 127108 faces
slice 230: 127080 vertices, 127108 faces
slice 240: 127080 vertices, 127108 faces
slice 250: 127080 vertices, 127108 faces
using the conformed surface RAS to save vertex points...
writing ../surf/lh.orig.nofix
using vox2ras matrix:
-1.00000   0.00000   0.00000   128.00000;
 0.00000   0.00000   1.00000  -128.00000;
 0.00000  -1.00000   0.00000   128.00000;
 0.00000   0.00000   0.00000   1.00000;

 rm -f ../mri/filled-pretess255.mgz 


 mris_extract_main_component ../surf/lh.orig.nofix ../surf/lh.orig.nofix 


counting number of connected components...
   127080 voxel in cpt #1: X=-28 [v=127080,e=381324,f=254216] located at (-27.529793, -10.910733, 3.448505)
For the whole surface: X=-28 [v=127080,e=381324,f=254216]
One single component has been found
nothing to do
done

#--------------------------------------------
#@# Smooth1 lh Sat Mar 14 00:49:36 CET 2026
/out/sourcedata/freesurfer/sub-v2s7x29798_ses-1/scripts

 mris_smooth -nw -seed 1234 ../surf/lh.orig.nofix ../surf/lh.smoothwm.nofix 

setting seed for random number generator to 1234
smoothing surface tessellation for 10 iterations...
smoothing complete - recomputing first and second fundamental forms...
#--------------------------------------------
#@# Inflation1 lh Sat Mar 14 00:49:39 CET 2026
/out/sourcedata/freesurfer/sub-v2s7x29798_ses-1/scripts

 mris_inflate -no-save-sulc ../surf/lh.smoothwm.nofix ../surf/lh.inflated.nofix 

Not saving sulc
Reading ../surf/lh.smoothwm.nofix
avg radius = 47.7 mm, total surface area = 69715 mm^2
step 000: RMS=0.147 (target=0.015)   step 005: RMS=0.112 (target=0.015)   step 010: RMS=0.084 (target=0.015)   step 015: RMS=0.070 (target=0.015)   step 020: RMS=0.062 (target=0.015)   step 025: RMS=0.055 (target=0.015)   step 030: RMS=0.050 (target=0.015)   step 035: RMS=0.047 (target=0.015)   step 040: RMS=0.043 (target=0.015)   step 045: RMS=0.042 (target=0.015)   step 050: RMS=0.041 (target=0.015)   step 055: RMS=0.041 (target=0.015)   step 060: RMS=0.041 (target=0.015)   writing inflated surface to ../surf/lh.inflated.nofix
inflation took 0.2 minutes

inflation complete.
Not saving sulc
mris_inflate utimesec    47.023470
mris_inflate stimesec    0.474019
mris_inflate ru_maxrss   203236
mris_inflate ru_ixrss    0
mris_inflate ru_idrss    0
mris_inflate ru_isrss    0
mris_inflate ru_minflt   104959
mris_inflate ru_majflt   36
mris_inflate ru_nswap    0
mris_inflate ru_inblock  1672
mris_inflate ru_oublock  8944
mris_inflate ru_msgsnd   0
mris_inflate ru_msgrcv   0
mris_inflate ru_nsignals 0
mris_inflate ru_nvcsw    5216
mris_inflate ru_nivcsw   494
#--------------------------------------------
#@# QSphere lh Sat Mar 14 00:49:50 CET 2026
/out/sourcedata/freesurfer/sub-v2s7x29798_ses-1/scripts

 mris_sphere -q -p 6 -a 128 -seed 1234 ../surf/lh.inflated.nofix ../surf/lh.qsphere.nofix 

doing quick spherical unfolding.
limitting unfolding to 6 passes
using n_averages = 128
setting seed for random number genererator to 1234
version: 7.3.2
available threads: 16
scaling brain by 0.302...
inflating...
projecting onto sphere...
surface projected - minimizing metric distortion...
vertex spacing 1.01 +- 0.61 (0.00-->6.19) (max @ vno 66095 --> 67172)
face area 0.03 +- 0.03 (-0.10-->0.49)
Entering MRISinflateToSphere()
inflating to sphere (rms error < 2.00)
000: dt: 0.0000, rms radial error=177.415, avgs=0
005/300: dt: 0.9000, rms radial error=177.155, avgs=0
010/300: dt: 0.9000, rms radial error=176.598, avgs=0
015/300: dt: 0.9000, rms radial error=175.865, avgs=0
020/300: dt: 0.9000, rms radial error=175.029, avgs=0
025/300: dt: 0.9000, rms radial error=174.133, avgs=0
030/300: dt: 0.9000, rms radial error=173.204, avgs=0
035/300: dt: 0.9000, rms radial error=172.259, avgs=0
040/300: dt: 0.9000, rms radial error=171.311, avgs=0
045/300: dt: 0.9000, rms radial error=170.362, avgs=0
050/300: dt: 0.9000, rms radial error=169.415, avgs=0
055/300: dt: 0.9000, rms radial error=168.471, avgs=0
060/300: dt: 0.9000, rms radial error=167.531, avgs=0
065/300: dt: 0.9000, rms radial error=166.595, avgs=0
070/300: dt: 0.9000, rms radial error=165.663, avgs=0
075/300: dt: 0.9000, rms radial error=164.737, avgs=0
080/300: dt: 0.9000, rms radial error=163.815, avgs=0
085/300: dt: 0.9000, rms radial error=162.898, avgs=0
090/300: dt: 0.9000, rms radial error=161.987, avgs=0
095/300: dt: 0.9000, rms radial error=161.080, avgs=0
100/300: dt: 0.9000, rms radial error=160.178, avgs=0
105/300: dt: 0.9000, rms radial error=159.282, avgs=0
110/300: dt: 0.9000, rms radial error=158.390, avgs=0
115/300: dt: 0.9000, rms radial error=157.503, avgs=0
120/300: dt: 0.9000, rms radial error=156.622, avgs=0
125/300: dt: 0.9000, rms radial error=155.745, avgs=0
130/300: dt: 0.9000, rms radial error=154.873, avgs=0
135/300: dt: 0.9000, rms radial error=154.006, avgs=0
140/300: dt: 0.9000, rms radial error=153.144, avgs=0
145/300: dt: 0.9000, rms radial error=152.286, avgs=0
150/300: dt: 0.9000, rms radial error=151.433, avgs=0
155/300: dt: 0.9000, rms radial error=150.584, avgs=0
160/300: dt: 0.9000, rms radial error=149.740, avgs=0
165/300: dt: 0.9000, rms radial error=148.900, avgs=0
170/300: dt: 0.9000, rms radial error=148.065, avgs=0
175/300: dt: 0.9000, rms radial error=147.235, avgs=0
180/300: dt: 0.9000, rms radial error=146.409, avgs=0
185/300: dt: 0.9000, rms radial error=145.588, avgs=0
190/300: dt: 0.9000, rms radial error=144.770, avgs=0
195/300: dt: 0.9000, rms radial error=143.958, avgs=0
200/300: dt: 0.9000, rms radial error=143.150, avgs=0
205/300: dt: 0.9000, rms radial error=142.346, avgs=0
210/300: dt: 0.9000, rms radial error=141.546, avgs=0
215/300: dt: 0.9000, rms radial error=140.751, avgs=0
220/300: dt: 0.9000, rms radial error=139.960, avgs=0
225/300: dt: 0.9000, rms radial error=139.174, avgs=0
230/300: dt: 0.9000, rms radial error=138.392, avgs=0
235/300: dt: 0.9000, rms radial error=137.614, avgs=0
240/300: dt: 0.9000, rms radial error=136.841, avgs=0
245/300: dt: 0.9000, rms radial error=136.071, avgs=0
250/300: dt: 0.9000, rms radial error=135.306, avgs=0
255/300: dt: 0.9000, rms radial error=134.546, avgs=0
260/300: dt: 0.9000, rms radial error=133.789, avgs=0
265/300: dt: 0.9000, rms radial error=133.037, avgs=0
270/300: dt: 0.9000, rms radial error=132.289, avgs=0
275/300: dt: 0.9000, rms radial error=131.545, avgs=0
280/300: dt: 0.9000, rms radial error=130.805, avgs=0
285/300: dt: 0.9000, rms radial error=130.070, avgs=0
290/300: dt: 0.9000, rms radial error=129.338, avgs=0
295/300: dt: 0.9000, rms radial error=128.611, avgs=0
300/300: dt: 0.9000, rms radial error=127.887, avgs=0

spherical inflation complete.
epoch 1 (K=10.0), pass 1, starting sse = 14925.72
taking momentum steps...
taking momentum steps...
taking momentum steps...
taking momentum steps...
pass 1 complete, delta sse/iter = 0.00/13 = 0.00038
epoch 2 (K=40.0), pass 1, starting sse = 2479.17
taking momentum steps...
taking momentum steps...
taking momentum steps...
taking momentum steps...
pass 1 complete, delta sse/iter = 0.00/13 = 0.00026
epoch 3 (K=160.0), pass 1, starting sse = 265.83
taking momentum steps...
taking momentum steps...
taking momentum steps...
taking momentum steps...
pass 1 complete, delta sse/iter = 0.09/15 = 0.00584
epoch 4 (K=640.0), pass 1, starting sse = 22.32
taking momentum steps...
taking momentum steps...
taking momentum steps...
taking momentum steps...
pass 1 complete, delta sse/iter = 0.11/18 = 0.00594
final distance error %100000.00
writing spherical brain to ../surf/lh.qsphere.nofix
spherical transformation took 0.0133 hours
FSRUNTIME@ mris_sphere  0.0133 hours 16 threads
#VMPC# mris_sphere VmPeak  1542396
mris_sphere done
#@# Fix Topology lh Sat Mar 14 00:50:38 CET 2026

 mris_fix_topology -mgz -sphere qsphere.nofix -inflated inflated.nofix -orig orig.nofix -out orig.premesh -ga -seed 1234 sub-v2s7x29798_ses-1 lh 

reading spherical homeomorphism from 'qsphere.nofix'
reading inflated coordinates from 'inflated.nofix'
reading original coordinates from 'orig.nofix'
using genetic algorithm with optimized parameters
setting seed for random number genererator to 1234

*************************************************************
Topology Correction Parameters
retessellation mode:           genetic search
number of patches/generation : 10
number of generations :        10
surface mri loglikelihood coefficient :         1.0
volume mri loglikelihood coefficient :          10.0
normal dot loglikelihood coefficient :          1.0
quadratic curvature loglikelihood coefficient : 1.0
volume resolution :                             2
eliminate vertices during search :              1
initial patch selection :                       1
select all defect vertices :                    0
ordering dependant retessellation:              0
use precomputed edge table :                    0
smooth retessellated patch :                    2
match retessellated patch :                     1
verbose mode :                                  0

*************************************************************
INFO: assuming .mgz format
writing corrected surface to 'orig.premesh'
7.3.2
  7.3.2
before topology correction, eno=-28 (nv=127080, nf=254216, ne=381324, g=15)
using quasi-homeomorphic spherical map to tessellate cortical surface...

Correction of the Topology
Finding true center and radius of Spherical Surface...done
Surface centered at (0,0,0) with radius 100.0 in 13 iterations
marking ambiguous vertices...
9501 ambiguous faces found in tessellation
segmenting defects...
16 defects found, arbitrating ambiguous regions...
analyzing neighboring defects...
      -merging segment 2 into 1
15 defects to be corrected 
0 vertices coincident
reading input surface /out/sourcedata/freesurfer/sub-v2s7x29798_ses-1/surf/lh.qsphere.nofix...
reading brain volume from brain...
reading wm segmentation from wm...
Reading original properties of orig.nofix
Reading vertex positions of inflated.nofix
Computing Initial Surface Statistics
      -face       loglikelihood: -9.1834  (-4.5917)
      -vertex     loglikelihood: -6.3028  (-3.1514)
      -normal dot loglikelihood: -3.6118  (-3.6118)
      -quad curv  loglikelihood: -5.6899  (-2.8449)
      Total Loglikelihood : -24.7878
CORRECTING DEFECT 0 (vertices=340, convex hull=117, v0=10005)
After retessellation of defect 0 (v0=10005), euler #=-13 (121923,364982,243046) : difference with theory (-12) = 1 
CORRECTING DEFECT 1 (vertices=238, convex hull=109, v0=21888)
After retessellation of defect 1 (v0=21888), euler #=-11 (121938,365082,243133) : difference with theory (-11) = 0 
CORRECTING DEFECT 2 (vertices=901, convex hull=257, v0=27600)
After retessellation of defect 2 (v0=27600), euler #=-10 (121950,365254,243294) : difference with theory (-10) = 0 
CORRECTING DEFECT 3 (vertices=7, convex hull=39, v0=35385)
After retessellation of defect 3 (v0=35385), euler #=-9 (121954,365276,243313) : difference with theory (-9) = 0 
CORRECTING DEFECT 4 (vertices=39, convex hull=52, v0=40534)
After retessellation of defect 4 (v0=40534), euler #=-8 (121968,365339,243363) : difference with theory (-8) = 0 
CORRECTING DEFECT 5 (vertices=33, convex hull=41, v0=41647)
After retessellation of defect 5 (v0=41647), euler #=-7 (121981,365394,243406) : difference with theory (-7) = 0 
CORRECTING DEFECT 6 (vertices=9, convex hull=26, v0=46696)
After retessellation of defect 6 (v0=46696), euler #=-6 (121983,365408,243419) : difference with theory (-6) = 0 
CORRECTING DEFECT 7 (vertices=3160, convex hull=690, v0=51394)
An extra large defect has been detected...
This often happens because cerebellum or dura has not been removed from wm.mgz.
This may cause recon-all to run very slowly or crash.
if so, see https://surfer.nmr.mgh.harvard.edu/fswiki/FsTutorial/TopologicalDefect_freeview
After retessellation of defect 7 (v0=51394), euler #=-5 (122935,368638,245698) : difference with theory (-5) = 0 
CORRECTING DEFECT 8 (vertices=32, convex hull=64, v0=62111)
After retessellation of defect 8 (v0=62111), euler #=-4 (122952,368715,245759) : difference with theory (-4) = 0 
CORRECTING DEFECT 9 (vertices=15, convex hull=20, v0=65978)
After retessellation of defect 9 (v0=65978), euler #=-3 (122956,368732,245773) : difference with theory (-3) = 0 
CORRECTING DEFECT 10 (vertices=109, convex hull=73, v0=91973)
After retessellation of defect 10 (v0=91973), euler #=-2 (122988,368861,245871) : difference with theory (-2) = 0 
CORRECTING DEFECT 11 (vertices=211, convex hull=79, v0=94780)
After retessellation of defect 11 (v0=94780), euler #=-1 (123008,368958,245949) : difference with theory (-1) = 0 
CORRECTING DEFECT 12 (vertices=25, convex hull=49, v0=96612)
After retessellation of defect 12 (v0=96612), euler #=0 (123024,369024,246000) : difference with theory (0) = 0 
CORRECTING DEFECT 13 (vertices=22, convex hull=60, v0=106475)
After retessellation of defect 13 (v0=106475), euler #=1 (123036,369081,246046) : difference with theory (1) = 0 
CORRECTING DEFECT 14 (vertices=24, convex hull=53, v0=124755)
After retessellation of defect 14 (v0=124755), euler #=2 (123045,369129,246086) : difference with theory (2) = 0 
computing original vertex metric properties...
storing new metric properties...
computing tessellation statistics...
vertex spacing 0.90 +- 0.26 (0.06-->16.06) (max @ vno 79617 --> 125770)
face area -nan +- -nan (1000.00-->-1.00)
performing soap bubble on retessellated vertices for 0 iterations...
vertex spacing 0.90 +- 0.26 (0.06-->16.06) (max @ vno 79617 --> 125770)
face area -nan +- -nan (1000.00-->-1.00)
tessellation finished, orienting corrected surface...
62 mutations (35.6%), 112 crossovers (64.4%), 161 vertices were eliminated
building final representation...
4035 vertices and 0 faces have been removed from triangulation
after topology correction, eno=2 (nv=123045, nf=246086, ne=369129, g=0)
writing corrected surface to /out/sourcedata/freesurfer/sub-v2s7x29798_ses-1/surf/lh.orig.premesh...

0.000 % of the vertices (0 vertices) exhibit an orientation change
removing intersecting faces
000: 757 intersecting
001: 189 intersecting
002: 56 intersecting
003: 32 intersecting
004: 30 intersecting
step 1 with no progress (num=30, old_num=30)
005: 30 intersecting
step 2 with no progress (num=30, old_num=30)
006: 30 intersecting
step 3 with no progress (num=30, old_num=30)
007: 30 intersecting
step 4 with no progress (num=30, old_num=30)
008: 30 intersecting
step 5 with no progress (num=30, old_num=30)
009: 30 intersecting
step 6 with no progress (num=30, old_num=30)
010: 30 intersecting
step 7 with no progress (num=30, old_num=30)
011: 30 intersecting
step 8 with no progress (num=30, old_num=30)
012: 30 intersecting
step 9 with no progress (num=30, old_num=30)
013: 30 intersecting
step 10 with no progress (num=30, old_num=30)
014: 30 intersecting
step 11 with no progress (num=30, old_num=30)
015: 30 intersecting
step 12 with no progress (num=30, old_num=30)
016: 30 intersecting
step 13 with no progress (num=30, old_num=30)
017: 30 intersecting
step 14 with no progress (num=30, old_num=30)
018: 30 intersecting
step 15 with no progress (num=30, old_num=30)
019: 30 intersecting
step 16 with no progress (num=30, old_num=30)
terminating search with 30 intersecting
topology fixing took 1.8 minutes
FSRUNTIME@ mris_fix_topology lh  0.0298 hours 16 threads
#VMPC# mris_fix_topology VmPeak  1924096

 mris_euler_number ../surf/lh.orig.premesh 

euler # = v-e+f = 2g-2: 123045 - 369129 + 246086 = 2 --> 0 holes
      F =2V-4:          246086 = 246090-4 (0)
      2E=3F:            738258 = 738258 (0)

total defect index = 0
Sat Mar 14 00:52:26 CET 2026

setenv SUBJECTS_DIR /out/sourcedata/freesurfer
cd /out/sourcedata/freesurfer/sub-v2s7x29798_ses-1/scripts
/opt/freesurfer/bin/defect2seg --s sub-v2s7x29798_ses-1 --lh-only --cortex

freesurfer-linux-ubuntu22_x86_64-7.3.2-20220804-6354275
defect2seg 7.3.2
Linux dna080 5.14.0-427.37.1.el9_4.x86_64 #1 SMP PREEMPT_DYNAMIC Fri Sep 13 12:41:50 EDT 2024 x86_64 x86_64 x86_64 GNU/Linux
pid 3074426
mri_label2label --label-cortex /out/sourcedata/freesurfer/sub-v2s7x29798_ses-1/surf/lh.orig.nofix /out/sourcedata/freesurfer/sub-v2s7x29798_ses-1/mri/aseg.presurf.mgz 0 /out/sourcedata/freesurfer/sub-v2s7x29798_ses-1/label/lh.nofix.cortex.label

 Generating cortex label... RemoveHipAmgy=0
 NucAccIsMedialWall=0
 mris->useRealRAS=0
8 non-cortical segments detected
only using segment with 7070 vertices
erasing segment 0 (vno[0] = 23586)
erasing segment 1 (vno[0] = 29137)
erasing segment 3 (vno[0] = 92899)
erasing segment 4 (vno[0] = 93848)
erasing segment 5 (vno[0] = 95696)
erasing segment 6 (vno[0] = 96569)
erasing segment 7 (vno[0] = 97572)
mri_label2vol --defects /out/sourcedata/freesurfer/sub-v2s7x29798_ses-1/surf/lh.orig.nofix /out/sourcedata/freesurfer/sub-v2s7x29798_ses-1/surf/lh.defect_labels /out/sourcedata/freesurfer/sub-v2s7x29798_ses-1/mri/orig.mgz 1000 0 /out/sourcedata/freesurfer/sub-v2s7x29798_ses-1/mri/lh.surface.defects.mgz /out/sourcedata/freesurfer/sub-v2s7x29798_ses-1/label/lh.nofix.cortex.label
mri_label2vol supposed to be reproducible but seed not set
Contraining to label /out/sourcedata/freesurfer/sub-v2s7x29798_ses-1/label/lh.nofix.cortex.label
Changing input type 0 to MRI_INT
Converting defects to volume: offset=1000, merge=0
Writing to /out/sourcedata/freesurfer/sub-v2s7x29798_ses-1/mri/lh.surface.defects.mgz
mris_defects_pointset -s /out/sourcedata/freesurfer/sub-v2s7x29798_ses-1/surf/lh.orig.nofix -d /out/sourcedata/freesurfer/sub-v2s7x29798_ses-1/surf/lh.defect_labels -o /out/sourcedata/freesurfer/sub-v2s7x29798_ses-1/surf/lh.defects.pointset --label /out/sourcedata/freesurfer/sub-v2s7x29798_ses-1/label/lh.nofix.cortex.label
Reading in surface /out/sourcedata/freesurfer/sub-v2s7x29798_ses-1/surf/lh.orig.nofix
Reading in defect segmentation /out/sourcedata/freesurfer/sub-v2s7x29798_ses-1/surf/lh.defect_labels
Reading in label /out/sourcedata/freesurfer/sub-v2s7x29798_ses-1/label/lh.nofix.cortex.label
#VMPC# mris_defects_pointset 1984852
mris_defects_pointset done
 
Started at Sat Mar 14 00:52:25 CET 2026 
Ended   at Sat Mar 14 00:52:36 CET 2026
Defect2seg-Run-Time-Sec 11
Defect2seg-Run-Time-Min 0.22
Defect2seg-Run-Time-Hours 0.00
 
tkmeditfv sub-v2s7x29798_ses-1 brain.finalsurfs.mgz -defect
defect2seg Done

 mris_remesh --remesh --iters 3 --input /out/sourcedata/freesurfer/sub-v2s7x29798_ses-1/surf/lh.orig.premesh --output /out/sourcedata/freesurfer/sub-v2s7x29798_ses-1/surf/lh.orig 

iters = 3
standard remeshing without target
   adjusted l: 0.716424
remeshing to edge length 0.716424 with 3 iterations

avg qual before   : 0.889441  after: 0.970928

Removing intersections
removing intersecting faces
000: 94 intersecting
001: 58 intersecting
002: 39 intersecting
003: 29 intersecting
004: 27 intersecting
005: 26 intersecting
step 1 with no progress (num=26, old_num=26)
006: 26 intersecting
step 2 with no progress (num=26, old_num=26)
007: 26 intersecting
step 3 with no progress (num=26, old_num=26)
008: 26 intersecting
step 4 with no progress (num=26, old_num=26)
009: 26 intersecting
step 5 with no progress (num=26, old_num=26)
010: 26 intersecting
step 6 with no progress (num=26, old_num=26)
011: 26 intersecting
step 7 with no progress (num=26, old_num=26)
012: 26 intersecting
step 8 with no progress (num=26, old_num=26)
013: 26 intersecting
step 9 with no progress (num=26, old_num=26)
014: 26 intersecting
step 10 with no progress (num=26, old_num=26)
015: 26 intersecting
step 11 with no progress (num=26, old_num=26)
016: 26 intersecting
step 12 with no progress (num=26, old_num=26)
017: 26 intersecting
step 13 with no progress (num=26, old_num=26)
018: 26 intersecting
step 14 with no progress (num=26, old_num=26)
019: 26 intersecting
step 15 with no progress (num=26, old_num=26)
020: 26 intersecting
step 16 with no progress (num=26, old_num=26)
terminating search with 26 intersecting
Remeshed surface quality stats nv0 = 123045  nv = 128381  1.04337
Area    256758  0.30688  0.03452 0.014102   0.5378
Corner  770274 60.00000  8.85091 5.766349 161.8931
Edge    385137  0.84993  0.08368 0.107430   1.4053
Hinge   385137  9.40546 10.33216 0.000000 175.7295
mris_remesh done
/out/sourcedata/freesurfer/sub-v2s7x29798_ses-1/scripts

 mris_remove_intersection ../surf/lh.orig ../surf/lh.orig 

intersection removal took 0.01 hours
removing intersecting faces
000: 26 intersecting
step 1 with no progress (num=26, old_num=26)
001: 26 intersecting
step 2 with no progress (num=26, old_num=26)
002: 26 intersecting
step 3 with no progress (num=26, old_num=26)
003: 26 intersecting
step 4 with no progress (num=26, old_num=26)
004: 26 intersecting
step 5 with no progress (num=26, old_num=26)
005: 26 intersecting
step 6 with no progress (num=26, old_num=26)
006: 26 intersecting
step 7 with no progress (num=26, old_num=26)
007: 26 intersecting
step 8 with no progress (num=26, old_num=26)
008: 26 intersecting
step 9 with no progress (num=26, old_num=26)
009: 26 intersecting
step 10 with no progress (num=26, old_num=26)
010: 26 intersecting
step 11 with no progress (num=26, old_num=26)
011: 26 intersecting
step 12 with no progress (num=26, old_num=26)
012: 26 intersecting
step 13 with no progress (num=26, old_num=26)
013: 26 intersecting
step 14 with no progress (num=26, old_num=26)
014: 26 intersecting
step 15 with no progress (num=26, old_num=26)
015: 26 intersecting
step 16 with no progress (num=26, old_num=26)
terminating search with 26 intersecting
writing corrected surface to ../surf/lh.orig

 rm -f ../surf/lh.inflated 

#--------------------------------------------
#@# AutoDetGWStats lh Sat Mar 14 00:53:49 CET 2026
cd /out/sourcedata/freesurfer/sub-v2s7x29798_ses-1/mri
mris_autodet_gwstats --o ../surf/autodet.gw.stats.lh.dat --i brain.finalsurfs.mgz --wm wm.mgz --surf ../surf/lh.orig.premesh
7.3.2

cd /out/sourcedata/freesurfer/sub-v2s7x29798_ses-1/mri
setenv SUBJECTS_DIR /out/sourcedata/freesurfer
mris_autodet_gwstats --o ../surf/autodet.gw.stats.lh.dat --i brain.finalsurfs.mgz --wm wm.mgz --surf ../surf/lh.orig.premesh 

border white:    236468 voxels (1.41%)
border gray      271458 voxels (1.62%)
Reading in intensity volume brain.finalsurfs.mgz
Reading in wm volume wm.mgz
Reading in surf ../surf/lh.orig.premesh
Auto detecting stats
MRIclipBrightWM(): nthresh=13471, wmmin=5, clip=110 
Binarizing thresholding at 5
computing class statistics... low=30, hi=110.000000
CCS WM (97.0): 97.4 +- 8.2 [70.0 --> 110.0]
CCS GM (72.0) : 71.5 +- 10.4 [30.0 --> 110.0]
white_mean = 97.4034 +/- 8.24825, gray_mean = 71.5118 +/- 10.3809
using class modes intead of means, discounting robust sigmas....
MRIScomputeClassModes(): min=0 max=200 nbins=201
intensity peaks found at WM=101+-6.1,    GM=66+-7.8
white_mode = 101, gray_mode = 66
std_scale = 1
Applying sanity checks, max_scale_down = 0.2
setting MIN_GRAY_AT_WHITE_BORDER to 55.6 (was 70.000000)
setting MAX_BORDER_WHITE to 109.2 (was 105.000000)
setting MIN_BORDER_WHITE to 66.0 (was 85.000000)
setting MAX_CSF to 45.2 (was 40.000000)
setting MAX_GRAY to 92.8 (was 95.000000)
setting MAX_GRAY_AT_CSF_BORDER to 55.6 (was 75.000000)
setting MIN_GRAY_AT_CSF_BORDER to 34.9 (was 40.000000)
When placing the white surface
  white_border_hi   = 109.248;
  white_border_low  = 66;
  white_outside_low = 55.6191;
  white_inside_hi   = 120;
  white_outside_hi  = 109.248;
When placing the pial surface
  pial_border_hi   = 55.6191;
  pial_border_low  = 34.8572;
  pial_outside_low = 10;
  pial_inside_hi   = 92.7517;
  pial_outside_hi  = 50.4286;
#VMPC# mris_autodet_gwstats VmPeak  1323684
mris_autodet_gwstats done
#--------------------------------------------
#@# WhitePreAparc lh Sat Mar 14 00:53:52 CET 2026
cd /out/sourcedata/freesurfer/sub-v2s7x29798_ses-1/mri
mris_place_surface --adgws-in ../surf/autodet.gw.stats.lh.dat --wm wm.mgz --threads 16 --invol brain.finalsurfs.mgz --lh --i ../surf/lh.orig --o ../surf/lh.white.preaparc --white --seg aseg.presurf.mgz --nsmooth 5
7.3.2
7.3.2

cd /out/sourcedata/freesurfer/sub-v2s7x29798_ses-1/mri
setenv SUBJECTS_DIR /out/sourcedata/freesurfer
mris_place_surface --adgws-in ../surf/autodet.gw.stats.lh.dat --wm wm.mgz --threads 16 --invol brain.finalsurfs.mgz --lh --i ../surf/lh.orig --o ../surf/lh.white.preaparc --white --seg aseg.presurf.mgz --nsmooth 5 

Reading in input surface ../surf/lh.orig
Smoothing surface before ripping with 5 iterations
removing intersecting faces
000: 25 intersecting
step 1 with no progress (num=28, old_num=25)
001: 28 intersecting
002: 24 intersecting
003: 18 intersecting
004: 6 intersecting
terminating search with 0 intersecting
Area    256758  0.27229  0.06516 0.000222   0.7268
Corner  770274 60.00000  9.63927 0.386279 175.0184
Edge    385137  0.79671  0.11685 0.011530   1.3387
Hinge   385137  6.28352  6.62250 0.000019 177.9286
Not reading in aparc
Reading in input volume brain.finalsurfs.mgz
Reading in wm volume wm.mgz
MRIclipBrightWM(): nthresh=13471, wmmin=5, clip=110 
MRIfindBrightNonWM(): 1750 bright non-wm voxels segmented.
Masking bright non-wm for white surface
MRImask(): AllowDiffGeom = 1
MRImask(): AllowDiffGeom = 1
Reading in seg volume aseg.presurf.mgz
Ripping frozen voxels
INFO: rip surface needed but not specified, so using input surface
Freezing midline and others
Entering: MRISripMidline(): inhibiting deformation at non-cortical midline structures...
  which=1, fix_mtl=0, using annot = 0
#FML0# MRISripMidline(): nripped=0
removing 2 vertices from ripped group in thread:0
#FML# MRISripMidline(): nmarked=6455, nmarked2=44, nripped=6455
Ripping segs (eg, WMSA, BG, frozen)
Starting MRISripSegs() d = (-2 2 0.5) segnos: 247 
MRISripSegs(): -2 2 0.5 ripped 0
vertex 64191: xyz = (-58.6313,1.10894,13.8183) oxyz = (-58.6313,1.10894,13.8183) wxzy = (-58.6313,1.10894,13.8183) pxyz = (0,0,0) 
CBVO Creating mask 128381
n_averages 4
Iteration 0 =========================================
n_averages=4, current_sigma=2
Freezing midline and others
Ripping frozen voxels
INFO: rip surface needed but not specified, so using input surface
Freezing midline and others
Entering: MRISripMidline(): inhibiting deformation at non-cortical midline structures...
  which=1, fix_mtl=0, using annot = 0
#FML0# MRISripMidline(): nripped=6455
removing 2 vertices from ripped group in thread:0
#FML# MRISripMidline(): nmarked=6455, nmarked2=44, nripped=6455
Ripping segs (eg, WMSA, BG, frozen)
Starting MRISripSegs() d = (-2 2 0.5) segnos: 247 247 
MRISripSegs(): -2 2 0.5 ripped 0
Computing target border values 
Entering MRIScomputeBorderValues_new(): 
  inside_hi   = 120.0000000;
  border_hi   = 109.2482530;
  border_low  =  66.0000000;
  outside_low =  55.6190680;
  outside_hi  = 109.2482530;
  sigma = 2;
  max_thickness = 10;
  step_size=0.5;
  STEP_SIZE=0.1;
  which = 1
  thresh = 0
  flags = 0
  CBVfindFirstPeakD1=0
  CBVfindFirstPeakD2=0
  nvertices=128381
  Gdiag_no=-1
  vno start=0, stop=128381
Replacing 255s with 0s
#SI# sigma=2 had to be increased for 371 vertices, nripped=6455
mean border=79.0, 717 (716) missing vertices, mean dist 0.3 [0.6 (%35.2)->0.8 (%64.8))]
%72 local maxima, %22 large gradients and % 0 min vals, 0 gradients ignored
nFirstPeakD1 0
MRIScomputeBorderValues_new() finished in 0.0100 min


Finding expansion regions
mean absolute distance = 0.70 +- 0.89
4155 vertices more than 2 sigmas from mean.
Averaging target values for 5 iterations...
Positioning Surface: tspring = 0.3, nspring = 0.3, spring = 0, niters = 100 l_repulse = 5, l_surf_repulse = 0, checktol = 0
Positioning pial surface
Entering MRISpositionSurface()
  max_mm = 0.3
  MAX_REDUCTIONS = 2, REDUCTION_PCT = 0.5
  parms->check_tol = 0, niterations = 100
tol=1.0e-04, sigma=2.0, host=dna08, nav=4, nbrs=2, l_repulse=5.000, l_tspring=0.300, l_nspring=0.300, l_intensity=0.200, l_curv=1.000
mom=0.00, dt=0.50
complete_dist_mat 0
rms 0
smooth_averages 0
remove_neg 0
ico_order 0
which_surface 0
target_radius 0.000000
nfields 0
scale 0.000000
desired_rms_height 0.000000
momentum 0.000000
nbhd_size 0
max_nbrs 0
niterations 100
nsurfaces 0
SURFACES 3
flags 0 (0)
use curv 0
no sulc 0
no rigid align 0
mris->nsize 2
mris->hemisphere 0
randomSeed 0

000: dt: 0.0000, sse=3508497.8, rms=11.700
001: dt: 0.5000, sse=2067639.6, rms=8.874 (24.157%)
002: dt: 0.5000, sse=1378328.2, rms=7.060 (20.435%)
003: dt: 0.5000, sse=1001294.9, rms=5.852 (17.110%)
004: dt: 0.5000, sse=808068.0, rms=4.995 (14.648%)
005: dt: 0.5000, sse=669945.5, rms=4.421 (11.493%)
006: dt: 0.5000, sse=599873.9, rms=4.062 (8.111%)
007: dt: 0.5000, sse=583711.1, rms=3.889 (4.278%)
008: dt: 0.5000, sse=573787.6, rms=3.767 (3.131%)
009: dt: 0.5000, sse=542864.0, rms=3.717 (1.331%)
010: dt: 0.5000, sse=538694.6, rms=3.653 (1.714%)
rms = 3.6344/3.6530, sse=533059.7/538694.6, time step reduction 1 of 3 to 0.250  0 0 1
011: dt: 0.5000, sse=533059.8, rms=3.634 (0.509%)
012: dt: 0.2500, sse=393219.4, rms=2.473 (31.961%)
013: dt: 0.2500, sse=340863.2, rms=2.291 (7.348%)
rms = 2.2552/2.2911, sse=328789.0/340863.1, time step reduction 2 of 3 to 0.125  0 0 1
014: dt: 0.2500, sse=328788.9, rms=2.255 (1.569%)
015: dt: 0.1250, sse=320120.0, rms=2.114 (6.263%)
rms = 2.0787/2.1139, sse=318391.4/320120.0, time step reduction 3 of 3 to 0.062  0 0 1
016: dt: 0.1250, sse=318391.4, rms=2.079 (1.667%)
  maximum number of reductions reached, breaking from loop
positioning took 1.2 minutes
Iteration 1 =========================================
n_averages=2, current_sigma=1
Freezing midline and others
Ripping frozen voxels
INFO: rip surface needed but not specified, so using input surface
Freezing midline and others
Entering: MRISripMidline(): inhibiting deformation at non-cortical midline structures...
  which=1, fix_mtl=0, using annot = 0
#FML0# MRISripMidline(): nripped=6455
removing 4 vertices from ripped group in thread:0
removing 2 vertices from ripped group in thread:0
removing 2 vertices from ripped group in thread:0
removing 2 vertices from ripped group in thread:0
#FML# MRISripMidline(): nmarked=6650, nmarked2=46, nripped=6650
Ripping segs (eg, WMSA, BG, frozen)
Starting MRISripSegs() d = (-2 2 0.5) segnos: 247 247 247 
MRISripSegs(): -2 2 0.5 ripped 0
Computing target border values 
Entering MRIScomputeBorderValues_new(): 
  inside_hi   = 120.0000000;
  border_hi   = 109.2482530;
  border_low  =  66.0000000;
  outside_low =  55.6190680;
  outside_hi  = 109.2482530;
  sigma = 1;
  max_thickness = 10;
  step_size=0.5;
  STEP_SIZE=0.1;
  which = 1
  thresh = 0
  flags = 0
  CBVfindFirstPeakD1=0
  CBVfindFirstPeakD2=0
  nvertices=128381
  Gdiag_no=-1
  vno start=0, stop=128381
Replacing 255s with 0s
#SI# sigma=1 had to be increased for 296 vertices, nripped=6650
mean border=81.1, 523 (310) missing vertices, mean dist -0.2 [0.3 (%70.8)->0.3 (%29.2))]
%77 local maxima, %17 large gradients and % 0 min vals, 0 gradients ignored
nFirstPeakD1 0
MRIScomputeBorderValues_new() finished in 0.0074 min


Finding expansion regions
mean absolute distance = 0.32 +- 0.62
2569 vertices more than 2 sigmas from mean.
Averaging target values for 5 iterations...
Positioning Surface: tspring = 0.3, nspring = 0.3, spring = 0, niters = 100 l_repulse = 5, l_surf_repulse = 0, checktol = 0
Positioning pial surface
Entering MRISpositionSurface()
  max_mm = 0.3
  MAX_REDUCTIONS = 2, REDUCTION_PCT = 0.5
  parms->check_tol = 0, niterations = 100
tol=1.0e-04, sigma=1.0, host=dna08, nav=2, nbrs=2, l_repulse=5.000, l_tspring=0.300, l_nspring=0.300, l_intensity=0.200, l_curv=1.000
mom=0.00, dt=0.50
000: dt: 0.0000, sse=727581.2, rms=4.393
017: dt: 0.5000, sse=575161.3, rms=3.313 (24.587%)
018: dt: 0.5000, sse=516126.1, rms=3.195 (3.563%)
rms = 3.2833/3.1946, sse=516441.6/516126.1, time step reduction 1 of 3 to 0.250  0 1 1
   RMS increased, rejecting step
019: dt: 0.2500, sse=415990.8, rms=2.539 (20.509%)
020: dt: 0.2500, sse=395011.6, rms=2.265 (10.796%)
rms = 2.2602/2.2653, sse=417758.5/395011.6, time step reduction 2 of 3 to 0.125  0 1 1
021: dt: 0.2500, sse=417758.4, rms=2.260 (0.226%)
022: dt: 0.1250, sse=362301.8, rms=2.106 (6.843%)
023: dt: 0.1250, sse=356010.8, rms=2.053 (2.482%)
rms = 2.0387/2.0532, sse=359108.4/356010.8, time step reduction 3 of 3 to 0.062  0 1 1
024: dt: 0.1250, sse=359108.4, rms=2.039 (0.707%)
  maximum number of reductions reached, breaking from loop
positioning took 0.7 minutes
Iteration 2 =========================================
n_averages=1, current_sigma=0.5
Freezing midline and others
Ripping frozen voxels
INFO: rip surface needed but not specified, so using input surface
Freezing midline and others
Entering: MRISripMidline(): inhibiting deformation at non-cortical midline structures...
  which=1, fix_mtl=0, using annot = 0
#FML0# MRISripMidline(): nripped=6650
removing 3 vertices from ripped group in thread:0
removing 3 vertices from ripped group in thread:0
removing 3 vertices from ripped group in thread:0
removing 2 vertices from ripped group in thread:0
removing 2 vertices from ripped group in thread:0
removing 2 vertices from ripped group in thread:0
#FML# MRISripMidline(): nmarked=6705, nmarked2=46, nripped=6705
Ripping segs (eg, WMSA, BG, frozen)
Starting MRISripSegs() d = (-2 2 0.5) segnos: 247 247 247 247 
MRISripSegs(): -2 2 0.5 ripped 0
Computing target border values 
Entering MRIScomputeBorderValues_new(): 
  inside_hi   = 120.0000000;
  border_hi   = 109.2482530;
  border_low  =  66.0000000;
  outside_low =  55.6190680;
  outside_hi  = 109.2482530;
  sigma = 0.5;
  max_thickness = 10;
  step_size=0.5;
  STEP_SIZE=0.1;
  which = 1
  thresh = 0
  flags = 0
  CBVfindFirstPeakD1=0
  CBVfindFirstPeakD2=0
  nvertices=128381
  Gdiag_no=-1
  vno start=0, stop=128381
Replacing 255s with 0s
#SI# sigma=0.5 had to be increased for 306 vertices, nripped=6705
mean border=82.5, 573 (247) missing vertices, mean dist -0.1 [0.3 (%65.1)->0.2 (%34.9))]
%81 local maxima, %13 large gradients and % 0 min vals, 0 gradients ignored
nFirstPeakD1 0
MRIScomputeBorderValues_new() finished in 0.0046 min


Finding expansion regions
mean absolute distance = 0.26 +- 0.51
2523 vertices more than 2 sigmas from mean.
Averaging target values for 5 iterations...
Positioning Surface: tspring = 0.3, nspring = 0.3, spring = 0, niters = 100 l_repulse = 5, l_surf_repulse = 0, checktol = 0
Positioning pial surface
Entering MRISpositionSurface()
  max_mm = 0.3
  MAX_REDUCTIONS = 2, REDUCTION_PCT = 0.5
  parms->check_tol = 0, niterations = 100
tol=1.0e-04, sigma=0.5, host=dna08, nav=1, nbrs=2, l_repulse=5.000, l_tspring=0.300, l_nspring=0.300, l_intensity=0.200, l_curv=1.000
mom=0.00, dt=0.50
000: dt: 0.0000, sse=491283.3, rms=3.093
rms = 3.0335/3.0929, sse=495412.9/491283.3, time step reduction 1 of 3 to 0.250  0 1 0
025: dt: 0.5000, sse=495412.9, rms=3.034 (1.920%)
026: dt: 0.2500, sse=379000.8, rms=2.266 (25.291%)
rms = 2.1720/2.2663, sse=383920.7/379000.8, time step reduction 2 of 3 to 0.125  0 1 0
027: dt: 0.2500, sse=383920.7, rms=2.172 (4.164%)
028: dt: 0.1250, sse=372091.4, rms=2.007 (7.601%)
rms = 1.9816/2.0069, sse=332578.5/372091.4, time step reduction 3 of 3 to 0.062  0 0 1
029: dt: 0.1250, sse=332578.5, rms=1.982 (1.261%)
  maximum number of reductions reached, breaking from loop
positioning took 0.4 minutes
Iteration 3 =========================================
n_averages=0, current_sigma=0.25
Freezing midline and others
Ripping frozen voxels
INFO: rip surface needed but not specified, so using input surface
Freezing midline and others
Entering: MRISripMidline(): inhibiting deformation at non-cortical midline structures...
  which=1, fix_mtl=0, using annot = 0
#FML0# MRISripMidline(): nripped=6705
removing 4 vertices from ripped group in thread:0
removing 3 vertices from ripped group in thread:0
removing 3 vertices from ripped group in thread:0
removing 2 vertices from ripped group in thread:0
removing 2 vertices from ripped group in thread:0
removing 4 vertices from ripped group in thread:0
removing 2 vertices from ripped group in thread:0
removing 2 vertices from ripped group in thread:0
removing 4 vertices from ripped group in thread:0
#FML# MRISripMidline(): nmarked=6828, nmarked2=46, nripped=6828
Ripping segs (eg, WMSA, BG, frozen)
Starting MRISripSegs() d = (-2 2 0.5) segnos: 247 247 247 247 247 
MRISripSegs(): -2 2 0.5 ripped 0
Computing target border values 
Entering MRIScomputeBorderValues_new(): 
  inside_hi   = 120.0000000;
  border_hi   = 109.2482530;
  border_low  =  66.0000000;
  outside_low =  55.6190680;
  outside_hi  = 109.2482530;
  sigma = 0.25;
  max_thickness = 10;
  step_size=0.5;
  STEP_SIZE=0.1;
  which = 1
  thresh = 0
  flags = 0
  CBVfindFirstPeakD1=0
  CBVfindFirstPeakD2=0
  nvertices=128381
  Gdiag_no=-1
  vno start=0, stop=128381
Replacing 255s with 0s
#SI# sigma=0.25 had to be increased for 243 vertices, nripped=6828
mean border=83.0, 626 (222) missing vertices, mean dist -0.0 [0.3 (%54.5)->0.2 (%45.5))]
%83 local maxima, %10 large gradients and % 1 min vals, 0 gradients ignored
nFirstPeakD1 0
MRIScomputeBorderValues_new() finished in 0.0029 min


Finding expansion regions
mean absolute distance = 0.24 +- 0.43
2665 vertices more than 2 sigmas from mean.
Averaging target values for 5 iterations...
Positioning Surface: tspring = 0.3, nspring = 0.3, spring = 0, niters = 100 l_repulse = 5, l_surf_repulse = 0, checktol = 0
Positioning pial surface
Entering MRISpositionSurface()
  max_mm = 0.3
  MAX_REDUCTIONS = 2, REDUCTION_PCT = 0.5
  parms->check_tol = 0, niterations = 100
tol=1.0e-04, sigma=0.2, host=dna08, nav=0, nbrs=2, l_repulse=5.000, l_tspring=0.300, l_nspring=0.300, l_intensity=0.200, l_curv=1.000
mom=0.00, dt=0.50
000: dt: 0.0000, sse=369945.4, rms=2.350
rms = 2.5334/2.3497, sse=421422.9/369945.5, time step reduction 1 of 3 to 0.250  0 1 1
   RMS increased, rejecting step
030: dt: 0.2500, sse=344014.0, rms=2.076 (11.668%)
rms = 2.0161/2.0756, sse=353558.2/344014.0, time step reduction 2 of 3 to 0.125  0 1 0
031: dt: 0.2500, sse=353558.2, rms=2.016 (2.863%)
032: dt: 0.1250, sse=324285.3, rms=1.866 (7.435%)
rms = 1.8280/1.8662, sse=313206.2/324285.3, time step reduction 3 of 3 to 0.062  0 0 1
033: dt: 0.1250, sse=313206.2, rms=1.828 (2.050%)
  maximum number of reductions reached, breaking from loop
positioning took 0.3 minutes


Writing output to ../surf/lh.white.preaparc
#ET# mris_place_surface  2.66 minutes
#VMPC# mris_place_surfaces VmPeak  3097692
mris_place_surface done
#--------------------------------------------
#@# CortexLabel lh Sat Mar 14 00:56:42 CET 2026
cd /out/sourcedata/freesurfer/sub-v2s7x29798_ses-1/mri
mri_label2label --label-cortex ../surf/lh.white.preaparc aseg.presurf.mgz 0 ../label/lh.cortex.label

 Generating cortex label... RemoveHipAmgy=0
 NucAccIsMedialWall=0
 mris->useRealRAS=0
6 non-cortical segments detected
only using segment with 7785 vertices
erasing segment 0 (vno[0] = 19749)
erasing segment 2 (vno[0] = 76729)
erasing segment 3 (vno[0] = 77465)
erasing segment 4 (vno[0] = 79694)
erasing segment 5 (vno[0] = 82228)
#--------------------------------------------
#@# CortexLabel+HipAmyg lh Sat Mar 14 00:56:51 CET 2026
cd /out/sourcedata/freesurfer/sub-v2s7x29798_ses-1/mri
mri_label2label --label-cortex ../surf/lh.white.preaparc aseg.presurf.mgz 1 ../label/lh.cortex+hipamyg.label

 Generating cortex label... RemoveHipAmgy=1
 NucAccIsMedialWall=0
 mris->useRealRAS=0
11 non-cortical segments detected
only using segment with 5880 vertices
erasing segment 0 (vno[0] = 19749)
erasing segment 2 (vno[0] = 40701)
erasing segment 3 (vno[0] = 40726)
erasing segment 4 (vno[0] = 55254)
erasing segment 5 (vno[0] = 71859)
erasing segment 6 (vno[0] = 73469)
erasing segment 7 (vno[0] = 76729)
erasing segment 8 (vno[0] = 77465)
erasing segment 9 (vno[0] = 79694)
erasing segment 10 (vno[0] = 82228)
#--------------------------------------------
#@# Smooth2 lh Sat Mar 14 00:57:00 CET 2026
/out/sourcedata/freesurfer/sub-v2s7x29798_ses-1/scripts

 mris_smooth -n 3 -nw -seed 1234 ../surf/lh.white.preaparc ../surf/lh.smoothwm 

smoothing for 3 iterations
setting seed for random number generator to 1234
smoothing surface tessellation for 3 iterations...
smoothing complete - recomputing first and second fundamental forms...
#--------------------------------------------
#@# Inflation2 lh Sat Mar 14 00:57:03 CET 2026
/out/sourcedata/freesurfer/sub-v2s7x29798_ses-1/scripts

 mris_inflate ../surf/lh.smoothwm ../surf/lh.inflated 

Reading ../surf/lh.smoothwm
avg radius = 47.8 mm, total surface area = 82538 mm^2
step 000: RMS=0.170 (target=0.015)   step 005: RMS=0.115 (target=0.015)   step 010: RMS=0.087 (target=0.015)   step 015: RMS=0.073 (target=0.015)   step 020: RMS=0.062 (target=0.015)   step 025: RMS=0.052 (target=0.015)   step 030: RMS=0.044 (target=0.015)   step 035: RMS=0.038 (target=0.015)   step 040: RMS=0.033 (target=0.015)   step 045: RMS=0.029 (target=0.015)   step 050: RMS=0.027 (target=0.015)   step 055: RMS=0.025 (target=0.015)   step 060: RMS=0.024 (target=0.015)   writing inflated surface to ../surf/lh.inflated
writing sulcal depths to ../surf/lh.sulc

inflation complete.
inflation took 0.2 minutes
mris_inflate utimesec    62.256748
mris_inflate stimesec    1.822118
mris_inflate ru_maxrss   197444
mris_inflate ru_ixrss    0
mris_inflate ru_idrss    0
mris_inflate ru_isrss    0
mris_inflate ru_minflt   547008
mris_inflate ru_majflt   6
mris_inflate ru_nswap    0
mris_inflate ru_inblock  130
mris_inflate ru_oublock  10040
mris_inflate ru_msgsnd   0
mris_inflate ru_msgrcv   0
mris_inflate ru_nsignals 0
mris_inflate ru_nvcsw    8104
mris_inflate ru_nivcsw   484
#--------------------------------------------
#@# Curv .H and .K lh Sat Mar 14 00:57:16 CET 2026
/out/sourcedata/freesurfer/sub-v2s7x29798_ses-1/surf

 mris_curvature -w -seed 1234 lh.white.preaparc 

setting seed for random number generator to 1234
total integrated curvature = 29.544*4pi (371.258) --> -29 handles
ICI = 140.3, FI = 1374.8, variation=21505.302
writing Gaussian curvature to ./lh.white.preaparc.K...done.
writing mean curvature to ./lh.white.preaparc.H...done.
rm -f lh.white.H
ln -s lh.white.preaparc.H lh.white.H
rm -f lh.white.K
ln -s lh.white.preaparc.K lh.white.K

 mris_curvature -seed 1234 -thresh .999 -n -a 5 -w -distances 10 10 lh.inflated 

setting seed for random number generator to 1234
normalizing curvature values.
averaging curvature patterns 5 times.
sampling 10 neighbors out to a distance of 10 mm
164 vertices thresholded to be in k1 ~ [-3.20 0.32], k2 ~ [-0.74 0.18]
total integrated curvature = 0.017*4pi (0.209) --> 1 handles
ICI = 1.5, FI = 11.9, variation=201.370
190 vertices thresholded to be in [-0.11 0.73]
writing Gaussian curvature to ./lh.inflated.K...thresholding curvature at 99.90% level
curvature mean = 0.000, std = 0.016
140 vertices thresholded to be in [-1.46 0.14]
done.
writing mean curvature to ./lh.inflated.H...curvature mean = -0.020, std = 0.058
done.
#--------------------------------------------
#@# Sphere lh Sat Mar 14 00:57:51 CET 2026
/out/sourcedata/freesurfer/sub-v2s7x29798_ses-1/scripts

 mris_sphere -seed 1234 ../surf/lh.inflated ../surf/lh.sphere 

setting seed for random number genererator to 1234
version: 7.3.2
available threads: 16
reading original vertex positions...
projecting onto sphere...
surface projected - minimizing metric distortion...
scaling brain by 0.275...
MRISunfold() max_passes = 1 -------
tol=5.0e-01, sigma=0.0, host=dna08, nav=1024, nbrs=2, l_area=1.000, l_dist=1.000
using quadratic fit line minimization
complete_dist_mat 0
rms 0
smooth_averages 0
remove_neg 0
ico_order 0
which_surface 0
target_radius 0.000000
nfields 0
scale 1.000000
desired_rms_height -1.000000
momentum 0.900000
nbhd_size 7
max_nbrs 8
niterations 25
nsurfaces 0
SURFACES 3
flags 0 (0)
use curv 0
no sulc 0
no rigid align 0
mris->nsize 2
mris->hemisphere 0
randomSeed 1234

--------------------
  mrisRemoveNegativeArea()
pass 1: epoch 1 of 3 starting distance error %20.89
pass 1: epoch 2 of 3 starting distance error %20.75
unfolding complete - removing small folds...
starting distance error %20.54
removing remaining folds...
final distance error %20.57
MRISunfold() return, current seed 1234
-01: dt=0.0000,  40 negative triangles  VmPeak 1582968
238: dt=0.9900,  40 negative triangles
239: dt=0.9900,  27 negative triangles
240: dt=0.9900,  22 negative triangles
241: dt=0.9900,  24 negative triangles
242: dt=0.9900,  24 negative triangles
243: dt=0.9900,  23 negative triangles
244: dt=0.9900,  22 negative triangles
245: dt=0.9900,  26 negative triangles
246: dt=0.9900,  21 negative triangles
247: dt=0.9900,  25 negative triangles
248: dt=0.9900,  21 negative triangles
249: dt=0.9900,  22 negative triangles
250: dt=0.9900,  25 negative triangles
251: dt=0.9900,  20 negative triangles
252: dt=0.9900,  24 negative triangles
253: dt=0.9900,  22 negative triangles
254: dt=0.9900,  24 negative triangles
255: dt=0.9900,  24 negative triangles
256: dt=0.9900,  23 negative triangles
257: dt=0.9900,  25 negative triangles
258: dt=0.9900,  26 negative triangles
259: dt=0.9900,  24 negative triangles
260: dt=0.9900,  25 negative triangles
261: dt=0.9405,  25 negative triangles
262: dt=0.9405,  22 negative triangles
263: dt=0.9405,  25 negative triangles
264: dt=0.9405,  26 negative triangles
265: dt=0.9405,  25 negative triangles
266: dt=0.9405,  26 negative triangles
267: dt=0.9405,  24 negative triangles
268: dt=0.9405,  26 negative triangles
269: dt=0.9405,  25 negative triangles
270: dt=0.9405,  26 negative triangles
271: dt=0.8935,  26 negative triangles
272: dt=0.8935,  27 negative triangles
273: dt=0.8935,  26 negative triangles
274: dt=0.8935,  24 negative triangles
275: dt=0.8935,  25 negative triangles
276: dt=0.8935,  24 negative triangles
277: dt=0.8935,  24 negative triangles
278: dt=0.8935,  26 negative triangles
279: dt=0.8935,  26 negative triangles
280: dt=0.8935,  26 negative triangles
281: dt=0.8488,  27 negative triangles
282: dt=0.8488,  28 negative triangles
283: dt=0.8488,  29 negative triangles
284: dt=0.8488,  29 negative triangles
285: dt=0.8488,  27 negative triangles
286: dt=0.8488,  27 negative triangles
287: dt=0.8488,  28 negative triangles
288: dt=0.8488,  28 negative triangles
289: dt=0.8488,  29 negative triangles
290: dt=0.8488,  29 negative triangles
291: dt=0.8064,  29 negative triangles
292: dt=0.8064,  29 negative triangles
293: dt=0.8064,  28 negative triangles
294: dt=0.8064,  28 negative triangles
295: dt=0.8064,  28 negative triangles
296: dt=0.8064,  29 negative triangles
297: dt=0.8064,  28 negative triangles
298: dt=0.8064,  28 negative triangles
299: dt=0.8064,  30 negative triangles
300: dt=0.8064,  28 negative triangles
301: dt=0.7660,  28 negative triangles
expanding nbhd size to 1
302: dt=0.9900,  28 negative triangles
303: dt=0.9900,  28 negative triangles
304: dt=0.9900,  24 negative triangles
305: dt=0.9900,  23 negative triangles
306: dt=0.9900,  21 negative triangles
307: dt=0.9900,  20 negative triangles
308: dt=0.9900,  24 negative triangles
309: dt=0.9900,  23 negative triangles
310: dt=0.9900,  22 negative triangles
311: dt=0.9405,  22 negative triangles
312: dt=0.9405,  21 negative triangles
313: dt=0.9405,  21 negative triangles
314: dt=0.9405,  21 negative triangles
315: dt=0.9405,  21 negative triangles
316: dt=0.9405,  20 negative triangles
317: dt=0.9405,  20 negative triangles
318: dt=0.9405,  22 negative triangles
319: dt=0.9405,  22 negative triangles
320: dt=0.9405,  22 negative triangles
321: dt=0.8935,  20 negative triangles
322: dt=0.8935,  22 negative triangles
323: dt=0.8935,  22 negative triangles
324: dt=0.8935,  22 negative triangles
325: dt=0.8935,  22 negative triangles
326: dt=0.8935,  21 negative triangles
327: dt=0.8935,  21 negative triangles
328: dt=0.8935,  22 negative triangles
329: dt=0.8935,  22 negative triangles
330: dt=0.8935,  22 negative triangles
331: dt=0.8488,  22 negative triangles
332: dt=0.8488,  22 negative triangles
333: dt=0.8488,  22 negative triangles
334: dt=0.8488,  22 negative triangles
335: dt=0.8488,  22 negative triangles
336: dt=0.8488,  23 negative triangles
337: dt=0.8488,  23 negative triangles
338: dt=0.8488,  23 negative triangles
339: dt=0.8488,  23 negative triangles
340: dt=0.8488,  23 negative triangles
341: dt=0.8064,  23 negative triangles
342: dt=0.8064,  23 negative triangles
343: dt=0.8064,  23 negative triangles
344: dt=0.8064,  23 negative triangles
345: dt=0.8064,  23 negative triangles
346: dt=0.8064,  23 negative triangles
347: dt=0.8064,  23 negative triangles
348: dt=0.8064,  23 negative triangles
349: dt=0.8064,  23 negative triangles
350: dt=0.8064,  23 negative triangles
351: dt=0.7660,  23 negative triangles
352: dt=0.7660,  23 negative triangles
353: dt=0.7660,  23 negative triangles
354: dt=0.7660,  23 negative triangles
355: dt=0.7660,  23 negative triangles
356: dt=0.7660,  23 negative triangles
357: dt=0.7660,  23 negative triangles
358: dt=0.7660,  23 negative triangles
359: dt=0.7660,  22 negative triangles
360: dt=0.7660,  22 negative triangles
361: dt=0.7277,  22 negative triangles
362: dt=0.7277,  22 negative triangles
363: dt=0.7277,  22 negative triangles
364: dt=0.7277,  22 negative triangles
365: dt=0.7277,  22 negative triangles
366: dt=0.7277,  22 negative triangles
367: dt=0.7277,  22 negative triangles
368: dt=0.7277,  22 negative triangles
369: dt=0.7277,  22 negative triangles
370: dt=0.7277,  22 negative triangles
371: dt=0.6914,  22 negative triangles
372: dt=0.6914,  22 negative triangles
373: dt=0.6914,  22 negative triangles
374: dt=0.6914,  22 negative triangles
375: dt=0.6914,  22 negative triangles
376: dt=0.6914,  22 negative triangles
377: dt=0.6914,  22 negative triangles
378: dt=0.6914,  22 negative triangles
379: dt=0.6914,  22 negative triangles
380: dt=0.6914,  22 negative triangles
381: dt=0.6568,  22 negative triangles
382: dt=0.6568,  22 negative triangles
383: dt=0.6568,  22 negative triangles
384: dt=0.6568,  22 negative triangles
385: dt=0.6568,  22 negative triangles
386: dt=0.6568,  22 negative triangles
387: dt=0.6568,  22 negative triangles
388: dt=0.6568,  22 negative triangles
389: dt=0.6568,  22 negative triangles
390: dt=0.6568,  22 negative triangles
391: dt=0.6239,  22 negative triangles
392: dt=0.6239,  22 negative triangles
393: dt=0.6239,  22 negative triangles
394: dt=0.6239,  22 negative triangles
395: dt=0.6239,  22 negative triangles
396: dt=0.6239,  22 negative triangles
397: dt=0.6239,  22 negative triangles
398: dt=0.6239,  22 negative triangles
399: dt=0.6239,  22 negative triangles
400: dt=0.6239,  22 negative triangles
401: dt=0.5927,  22 negative triangles
402: dt=0.5927,  22 negative triangles
403: dt=0.5927,  22 negative triangles
404: dt=0.5927,  22 negative triangles
405: dt=0.5927,  22 negative triangles
406: dt=0.5927,  22 negative triangles
407: dt=0.5927,  22 negative triangles
408: dt=0.5927,  22 negative triangles
409: dt=0.5927,  22 negative triangles
410: dt=0.5927,  22 negative triangles
411: dt=0.5631,  22 negative triangles
412: dt=0.5631,  20 negative triangles
413: dt=0.5631,  20 negative triangles
414: dt=0.5631,  21 negative triangles
415: dt=0.5631,  20 negative triangles
416: dt=0.5631,  20 negative triangles
417: dt=0.5631,  20 negative triangles
418: dt=0.5631,  20 negative triangles
419: dt=0.5631,  20 negative triangles
420: dt=0.5631,  20 negative triangles
421: dt=0.5350,  20 negative triangles
422: dt=0.5350,  20 negative triangles
423: dt=0.5350,  20 negative triangles
424: dt=0.5350,  20 negative triangles
425: dt=0.5350,  20 negative triangles
426: dt=0.5350,  20 negative triangles
427: dt=0.5350,  20 negative triangles
428: dt=0.5350,  19 negative triangles
429: dt=0.5350,  19 negative triangles
430: dt=0.5350,  19 negative triangles
431: dt=0.5350,  19 negative triangles
432: dt=0.5350,  19 negative triangles
433: dt=0.5350,  19 negative triangles
434: dt=0.5350,  19 negative triangles
435: dt=0.5350,  19 negative triangles
436: dt=0.5350,  19 negative triangles
437: dt=0.5350,  19 negative triangles
438: dt=0.5082,  19 negative triangles
439: dt=0.5082,  19 negative triangles
440: dt=0.5082,  19 negative triangles
441: dt=0.5082,  19 negative triangles
442: dt=0.5082,  19 negative triangles
443: dt=0.5082,  19 negative triangles
444: dt=0.5082,  19 negative triangles
445: dt=0.5082,  19 negative triangles
446: dt=0.5082,  19 negative triangles
447: dt=0.5082,  19 negative triangles
448: dt=0.4828,  19 negative triangles
449: dt=0.4828,  19 negative triangles
450: dt=0.4828,  19 negative triangles
451: dt=0.4828,  19 negative triangles
452: dt=0.4828,  19 negative triangles
453: dt=0.4828,  19 negative triangles
454: dt=0.4828,  19 negative triangles
455: dt=0.4828,  18 negative triangles
456: dt=0.4828,  17 negative triangles
457: dt=0.4828,  17 negative triangles
458: dt=0.4828,  17 negative triangles
459: dt=0.4828,  17 negative triangles
460: dt=0.4828,  17 negative triangles
461: dt=0.4828,  16 negative triangles
462: dt=0.4828,  16 negative triangles
463: dt=0.4828,  16 negative triangles
464: dt=0.4828,  16 negative triangles
465: dt=0.4828,  16 negative triangles
466: dt=0.4828,  16 negative triangles
467: dt=0.4828,  16 negative triangles
468: dt=0.4828,  16 negative triangles
469: dt=0.4828,  16 negative triangles
470: dt=0.4828,  16 negative triangles
471: dt=0.4587,  16 negative triangles
472: dt=0.4587,  16 negative triangles
473: dt=0.4587,  15 negative triangles
474: dt=0.4587,  15 negative triangles
475: dt=0.4587,  15 negative triangles
476: dt=0.4587,  15 negative triangles
477: dt=0.4587,  15 negative triangles
478: dt=0.4587,  15 negative triangles
479: dt=0.4587,  15 negative triangles
480: dt=0.4587,  15 negative triangles
481: dt=0.4587,  15 negative triangles
482: dt=0.4587,  15 negative triangles
483: dt=0.4357,  15 negative triangles
484: dt=0.4357,  15 negative triangles
485: dt=0.4357,  15 negative triangles
486: dt=0.4357,  15 negative triangles
487: dt=0.4357,  15 negative triangles
488: dt=0.4357,  15 negative triangles
489: dt=0.4357,  15 negative triangles
490: dt=0.4357,  15 negative triangles
491: dt=0.4357,  15 negative triangles
492: dt=0.4357,  15 negative triangles
493: dt=0.4139,  15 negative triangles
494: dt=0.4139,  15 negative triangles
495: dt=0.4139,  15 negative triangles
496: dt=0.4139,  15 negative triangles
497: dt=0.4139,  15 negative triangles
498: dt=0.4139,  14 negative triangles
499: dt=0.4139,  14 negative triangles
500: dt=0.4139,  14 negative triangles
501: dt=0.4139,  14 negative triangles
502: dt=0.4139,  14 negative triangles
503: dt=0.4139,  14 negative triangles
504: dt=0.4139,  14 negative triangles
505: dt=0.4139,  14 negative triangles
506: dt=0.4139,  14 negative triangles
507: dt=0.4139,  14 negative triangles
508: dt=0.3932,  14 negative triangles
509: dt=0.3932,  14 negative triangles
510: dt=0.3932,  13 negative triangles
511: dt=0.3932,  13 negative triangles
512: dt=0.3932,  12 negative triangles
513: dt=0.3932,  12 negative triangles
514: dt=0.3932,  12 negative triangles
515: dt=0.3932,  12 negative triangles
516: dt=0.3932,  12 negative triangles
517: dt=0.3932,  12 negative triangles
518: dt=0.3932,  12 negative triangles
519: dt=0.3932,  12 negative triangles
520: dt=0.3932,  12 negative triangles
521: dt=0.3932,  12 negative triangles
522: dt=0.3736,  12 negative triangles
523: dt=0.3736,  12 negative triangles
524: dt=0.3736,  12 negative triangles
525: dt=0.3736,  12 negative triangles
526: dt=0.3736,  12 negative triangles
527: dt=0.3736,  12 negative triangles
528: dt=0.3736,  12 negative triangles
529: dt=0.3736,  12 negative triangles
530: dt=0.3736,  12 negative triangles
531: dt=0.3736,  12 negative triangles
532: dt=0.3549,  12 negative triangles
533: dt=0.3549,  12 negative triangles
534: dt=0.3549,  12 negative triangles
535: dt=0.3549,  12 negative triangles
536: dt=0.3549,  12 negative triangles
537: dt=0.3549,  12 negative triangles
538: dt=0.3549,  12 negative triangles
539: dt=0.3549,  12 negative triangles
540: dt=0.3549,  12 negative triangles
541: dt=0.3549,  12 negative triangles
542: dt=0.3372,  12 negative triangles
543: dt=0.3372,  12 negative triangles
544: dt=0.3372,  12 negative triangles
545: dt=0.3372,  12 negative triangles
546: dt=0.3372,  12 negative triangles
547: dt=0.3372,  12 negative triangles
548: dt=0.3372,  12 negative triangles
549: dt=0.3372,  12 negative triangles
550: dt=0.3372,  12 negative triangles
551: dt=0.3372,  11 negative triangles
552: dt=0.3372,  11 negative triangles
553: dt=0.3372,  11 negative triangles
554: dt=0.3372,  11 negative triangles
555: dt=0.3372,  11 negative triangles
556: dt=0.3372,  11 negative triangles
557: dt=0.3372,  11 negative triangles
558: dt=0.3372,  11 negative triangles
559: dt=0.3372,   9 negative triangles
560: dt=0.3372,   9 negative triangles
561: dt=0.3372,   9 negative triangles
562: dt=0.3372,   9 negative triangles
563: dt=0.3372,   9 negative triangles
564: dt=0.3372,   9 negative triangles
565: dt=0.3372,   9 negative triangles
566: dt=0.3372,   9 negative triangles
567: dt=0.3372,   9 negative triangles
568: dt=0.3372,   9 negative triangles
569: dt=0.3203,   9 negative triangles
570: dt=0.3203,   9 negative triangles
571: dt=0.3203,   9 negative triangles
572: dt=0.3203,   9 negative triangles
573: dt=0.3203,   9 negative triangles
574: dt=0.3203,   9 negative triangles
575: dt=0.3203,   9 negative triangles
576: dt=0.3203,   9 negative triangles
577: dt=0.3203,   9 negative triangles
578: dt=0.3203,   9 negative triangles
579: dt=0.3043,   9 negative triangles
580: dt=0.3043,   9 negative triangles
581: dt=0.3043,   9 negative triangles
582: dt=0.3043,   9 negative triangles
583: dt=0.3043,   9 negative triangles
584: dt=0.3043,   9 negative triangles
585: dt=0.3043,   9 negative triangles
586: dt=0.3043,   9 negative triangles
587: dt=0.3043,   9 negative triangles
588: dt=0.3043,   9 negative triangles
589: dt=0.2891,   9 negative triangles
590: dt=0.2891,   9 negative triangles
591: dt=0.2891,   9 negative triangles
592: dt=0.2891,   9 negative triangles
593: dt=0.2891,   9 negative triangles
594: dt=0.2891,   9 negative triangles
595: dt=0.2891,   9 negative triangles
596: dt=0.2891,   9 negative triangles
597: dt=0.2891,   9 negative triangles
598: dt=0.2891,   9 negative triangles
599: dt=0.2746,   9 negative triangles
600: dt=0.2746,   8 negative triangles
601: dt=0.2746,   7 negative triangles
602: dt=0.2746,   7 negative triangles
603: dt=0.2746,   7 negative triangles
604: dt=0.2746,   7 negative triangles
605: dt=0.2746,   7 negative triangles
606: dt=0.2746,   7 negative triangles
607: dt=0.2746,   7 negative triangles
608: dt=0.2746,   7 negative triangles
609: dt=0.2746,   7 negative triangles
610: dt=0.2746,   7 negative triangles
611: dt=0.2609,   7 negative triangles
612: dt=0.2609,   7 negative triangles
613: dt=0.2609,   7 negative triangles
614: dt=0.2609,   7 negative triangles
615: dt=0.2609,   7 negative triangles
616: dt=0.2609,   6 negative triangles
617: dt=0.2609,   7 negative triangles
618: dt=0.2609,   6 negative triangles
619: dt=0.2609,   6 negative triangles
620: dt=0.2609,   6 negative triangles
621: dt=0.2609,   6 negative triangles
622: dt=0.2609,   6 negative triangles
623: dt=0.2609,   6 negative triangles
624: dt=0.2609,   6 negative triangles
625: dt=0.2609,   6 negative triangles
626: dt=0.2478,   6 negative triangles
627: dt=0.2478,   6 negative triangles
628: dt=0.2478,   6 negative triangles
629: dt=0.2478,   6 negative triangles
630: dt=0.2478,   6 negative triangles
631: dt=0.2478,   6 negative triangles
632: dt=0.2478,   6 negative triangles
633: dt=0.2478,   6 negative triangles
634: dt=0.2478,   6 negative triangles
635: dt=0.2478,   6 negative triangles
636: dt=0.2354,   6 negative triangles
637: dt=0.2354,   6 negative triangles
638: dt=0.2354,   6 negative triangles
639: dt=0.2354,   6 negative triangles
640: dt=0.2354,   6 negative triangles
641: dt=0.2354,   5 negative triangles
642: dt=0.2354,   5 negative triangles
643: dt=0.2354,   5 negative triangles
644: dt=0.2354,   5 negative triangles
645: dt=0.2354,   5 negative triangles
646: dt=0.2354,   5 negative triangles
647: dt=0.2354,   5 negative triangles
648: dt=0.2354,   5 negative triangles
649: dt=0.2354,   5 negative triangles
650: dt=0.2354,   5 negative triangles
651: dt=0.2237,   5 negative triangles
652: dt=0.2237,   5 negative triangles
653: dt=0.2237,   5 negative triangles
654: dt=0.2237,   5 negative triangles
655: dt=0.2237,   5 negative triangles
656: dt=0.2237,   5 negative triangles
657: dt=0.2237,   5 negative triangles
658: dt=0.2237,   4 negative triangles
659: dt=0.2237,   5 negative triangles
660: dt=0.2237,   5 negative triangles
661: dt=0.2237,   5 negative triangles
662: dt=0.2237,   5 negative triangles
663: dt=0.2237,   5 negative triangles
664: dt=0.2237,   5 negative triangles
665: dt=0.2237,   5 negative triangles
666: dt=0.2237,   5 negative triangles
667: dt=0.2237,   5 negative triangles
668: dt=0.2125,   5 negative triangles
669: dt=0.2125,   5 negative triangles
670: dt=0.2125,   5 negative triangles
671: dt=0.2125,   4 negative triangles
672: dt=0.2125,   4 negative triangles
673: dt=0.2125,   4 negative triangles
674: dt=0.2125,   4 negative triangles
675: dt=0.2125,   4 negative triangles
676: dt=0.2125,   4 negative triangles
677: dt=0.2125,   4 negative triangles
678: dt=0.2019,   4 negative triangles
679: dt=0.2019,   4 negative triangles
680: dt=0.2019,   4 negative triangles
681: dt=0.2019,   4 negative triangles
682: dt=0.2019,   4 negative triangles
683: dt=0.2019,   4 negative triangles
684: dt=0.2019,   4 negative triangles
685: dt=0.2019,   4 negative triangles
686: dt=0.2019,   4 negative triangles
687: dt=0.2019,   4 negative triangles
688: dt=0.1918,   4 negative triangles
689: dt=0.1918,   4 negative triangles
690: dt=0.1918,   4 negative triangles
691: dt=0.1918,   4 negative triangles
692: dt=0.1918,   4 negative triangles
693: dt=0.1918,   4 negative triangles
694: dt=0.1918,   4 negative triangles
695: dt=0.1918,   4 negative triangles
696: dt=0.1918,   4 negative triangles
697: dt=0.1918,   4 negative triangles
698: dt=0.1822,   4 negative triangles
699: dt=0.1822,   4 negative triangles
700: dt=0.1822,   4 negative triangles
701: dt=0.1822,   4 negative triangles
702: dt=0.1822,   4 negative triangles
703: dt=0.1822,   4 negative triangles
704: dt=0.1822,   4 negative triangles
705: dt=0.1822,   4 negative triangles
706: dt=0.1822,   4 negative triangles
707: dt=0.1822,   4 negative triangles
708: dt=0.1731,   4 negative triangles
709: dt=0.1731,   4 negative triangles
710: dt=0.1731,   4 negative triangles
711: dt=0.1731,   4 negative triangles
712: dt=0.1731,   4 negative triangles
713: dt=0.1731,   4 negative triangles
714: dt=0.1731,   4 negative triangles
715: dt=0.1731,   4 negative triangles
716: dt=0.1731,   4 negative triangles
717: dt=0.1731,   4 negative triangles
718: dt=0.1644,   4 negative triangles
719: dt=0.1644,   4 negative triangles
720: dt=0.1644,   4 negative triangles
721: dt=0.1644,   4 negative triangles
722: dt=0.1644,   4 negative triangles
723: dt=0.1644,   4 negative triangles
724: dt=0.1644,   4 negative triangles
725: dt=0.1644,   4 negative triangles
726: dt=0.1644,   4 negative triangles
727: dt=0.1644,   4 negative triangles
728: dt=0.1644,   3 negative triangles
729: dt=0.1644,   3 negative triangles
730: dt=0.1644,   3 negative triangles
731: dt=0.1644,   3 negative triangles
732: dt=0.1644,   2 negative triangles
733: dt=0.1644,   2 negative triangles
734: dt=0.1644,   2 negative triangles
735: dt=0.1644,   2 negative triangles
736: dt=0.1644,   2 negative triangles
737: dt=0.1644,   2 negative triangles
738: dt=0.1644,   2 negative triangles
739: dt=0.1644,   2 negative triangles
740: dt=0.1644,   2 negative triangles
741: dt=0.1644,   2 negative triangles
742: dt=0.1562,   2 negative triangles
743: dt=0.1562,   2 negative triangles
744: dt=0.1562,   2 negative triangles
745: dt=0.1562,   2 negative triangles
746: dt=0.1562,   2 negative triangles
747: dt=0.1562,   2 negative triangles
748: dt=0.1562,   2 negative triangles
749: dt=0.1562,   2 negative triangles
750: dt=0.1562,   2 negative triangles
751: dt=0.1562,   2 negative triangles
752: dt=0.1484,   2 negative triangles
753: dt=0.1484,   2 negative triangles
754: dt=0.1484,   2 negative triangles
755: dt=0.1484,   2 negative triangles
756: dt=0.1484,   2 negative triangles
757: dt=0.1484,   2 negative triangles
758: dt=0.1484,   2 negative triangles
759: dt=0.1484,   2 negative triangles
760: dt=0.1484,   2 negative triangles
761: dt=0.1484,   2 negative triangles
762: dt=0.1410,   2 negative triangles
763: dt=0.1410,   2 negative triangles
764: dt=0.1410,   2 negative triangles
765: dt=0.1410,   2 negative triangles
766: dt=0.1410,   2 negative triangles
767: dt=0.1410,   2 negative triangles
768: dt=0.1410,   2 negative triangles
769: dt=0.1410,   2 negative triangles
770: dt=0.1410,   2 negative triangles
771: dt=0.1410,   2 negative triangles
772: dt=0.1339,   2 negative triangles
773: dt=0.1339,   2 negative triangles
774: dt=0.1339,   2 negative triangles
775: dt=0.1339,   2 negative triangles
776: dt=0.1339,   2 negative triangles
777: dt=0.1339,   2 negative triangles
778: dt=0.1339,   2 negative triangles
779: dt=0.1339,   2 negative triangles
780: dt=0.1339,   2 negative triangles
781: dt=0.1339,   2 negative triangles
782: dt=0.1272,   2 negative triangles
783: dt=0.1272,   2 negative triangles
784: dt=0.1272,   2 negative triangles
785: dt=0.1272,   2 negative triangles
786: dt=0.1272,   2 negative triangles
787: dt=0.1272,   2 negative triangles
788: dt=0.1272,   2 negative triangles
789: dt=0.1272,   2 negative triangles
790: dt=0.1272,   2 negative triangles
791: dt=0.1272,   2 negative triangles
792: dt=0.1209,   2 negative triangles
793: dt=0.1209,   2 negative triangles
794: dt=0.1209,   2 negative triangles
795: dt=0.1209,   2 negative triangles
796: dt=0.1209,   2 negative triangles
797: dt=0.1209,   2 negative triangles
798: dt=0.1209,   2 negative triangles
799: dt=0.1209,   2 negative triangles
800: dt=0.1209,   2 negative triangles
801: dt=0.1209,   2 negative triangles
802: dt=0.1148,   2 negative triangles
803: dt=0.1148,   2 negative triangles
804: dt=0.1148,   2 negative triangles
805: dt=0.1148,   2 negative triangles
806: dt=0.1148,   2 negative triangles
807: dt=0.1148,   2 negative triangles
808: dt=0.1148,   1 negative triangles
809: dt=0.1148,   2 negative triangles
810: dt=0.1148,   1 negative triangles
811: dt=0.1148,   1 negative triangles
812: dt=0.1148,   1 negative triangles
813: dt=0.1148,   1 negative triangles
814: dt=0.1148,   1 negative triangles
815: dt=0.1148,   1 negative triangles
816: dt=0.1148,   1 negative triangles
817: dt=0.1148,   1 negative triangles
818: dt=0.1091,   1 negative triangles
819: dt=0.1091,   1 negative triangles
820: dt=0.1091,   1 negative triangles
821: dt=0.1091,   1 negative triangles
822: dt=0.1091,   1 negative triangles
writing spherical brain to ../surf/lh.sphere
spherical transformation took 0.0835 hours
FSRUNTIME@ mris_sphere  0.0835 hours 16 threads
#VMPC# mris_sphere VmPeak  1582968
mris_sphere done
#--------------------------------------------
#@# Surf Reg lh Sat Mar 14 01:02:51 CET 2026
/out/sourcedata/freesurfer/sub-v2s7x29798_ses-1/scripts

 mris_register -curv ../surf/lh.sphere /opt/freesurfer/average/lh.folding.atlas.acfb40.noaparc.i12.2016-08-02.tif ../surf/lh.sphere.reg 

using smoothwm curvature for final alignment

cwd /out/sourcedata/freesurfer/sub-v2s7x29798_ses-1/scripts
cmdline mris_register -curv ../surf/lh.sphere /opt/freesurfer/average/lh.folding.atlas.acfb40.noaparc.i12.2016-08-02.tif ../surf/lh.sphere.reg 

0 inflated.H
1 sulc
2 smoothwm (computed)
7.3.2
  7.3.2
reading surface from ../surf/lh.sphere...
reading template parameterization from /opt/freesurfer/average/lh.folding.atlas.acfb40.noaparc.i12.2016-08-02.tif...
MRISregister() -------
max_passes = 4 
min_degrees = 0.500000 
max_degrees = 64.000000 
nangles = 8 
tol=5.0e-01, sigma=0.0, host=dna08, nav=1024, nbrs=1, l_extern=10000.000, l_parea=0.200, l_nlarea=1.000, l_corr=1.000, l_dist=5.000
using quadratic fit line minimization
complete_dist_mat 0
rms 0
smooth_averages 0
remove_neg 0
ico_order 0
which_surface 0
target_radius 0.000000
nfields 0
scale 0.000000
desired_rms_height -1.000000
momentum 0.950000
nbhd_size -10
max_nbrs 10
niterations 25
nsurfaces 0
SURFACES 3
flags 16 (10)
use curv 16
no sulc 0
no rigid align 0
mris->nsize 1
mris->hemisphere 0
randomSeed 0

tol=5.0e-01, sigma=0.0, host=dna08, nav=1024, nbrs=1, l_extern=10000.000, l_parea=0.200, l_nlarea=1.000, l_corr=1.000, l_dist=5.000
using quadratic fit line minimization
--------------------
1 Reading lh.sulc
tol=1.0e+00, sigma=0.5, host=dna08, nav=1024, nbrs=1, l_extern=10000.000, l_parea=0.200, l_nlarea=1.000, l_corr=0.050, l_spring=0.500, l_dist=5.000
using quadratic fit line minimization
curvature mean = 0.000, std = 5.744
curvature mean = 0.040, std = 0.820
curvature mean = -0.000, std = 0.871
Starting MRISrigidBodyAlignGlobal()
Starting new MRISrigidBodyAlignGlobal_findMinSSE()
  new MRISrigidBodyAlignGlobal_findMinSSE min @ (3.00, -7.50, 4.00) sse = 195285.3, elapsed since starting=0.0541 min
MRISrigidBodyAlignGlobal() done   0.05 min
curvature mean = 0.026, std = 0.847
curvature mean = 0.001, std = 0.953
curvature mean = 0.024, std = 0.859
curvature mean = 0.001, std = 0.982
curvature mean = 0.022, std = 0.862
curvature mean = 0.000, std = 0.993
2 Reading smoothwm
curvature mean = -0.019, std = 0.266
curvature mean = 0.046, std = 0.250
curvature mean = 0.034, std = 0.387
curvature mean = 0.040, std = 0.309
curvature mean = 0.025, std = 0.579
curvature mean = 0.039, std = 0.335
curvature mean = 0.013, std = 0.715
curvature mean = 0.039, std = 0.347
curvature mean = 0.004, std = 0.813
MRISregister() return, current seed 0
-01: dt=0.0000,  79 negative triangles  VmPeak 2258780
117: dt=0.9900,  79 negative triangles
expanding nbhd size to 1
118: dt=0.9900,  88 negative triangles
119: dt=0.9900,  71 negative triangles
120: dt=0.9900,  73 negative triangles
121: dt=0.9900,  68 negative triangles
122: dt=0.9900,  73 negative triangles
123: dt=0.9900,  72 negative triangles
124: dt=0.9900,  74 negative triangles
125: dt=0.9900,  70 negative triangles
126: dt=0.9900,  70 negative triangles
127: dt=0.9900,  69 negative triangles
128: dt=0.9900,  69 negative triangles
129: dt=0.9900,  73 negative triangles
130: dt=0.9900,  77 negative triangles
131: dt=0.9405,  73 negative triangles
132: dt=0.9405,  74 negative triangles
133: dt=0.9405,  72 negative triangles
134: dt=0.9405,  73 negative triangles
135: dt=0.9405,  75 negative triangles
136: dt=0.9405,  76 negative triangles
137: dt=0.9405,  80 negative triangles
138: dt=0.9405,  78 negative triangles
139: dt=0.9405,  82 negative triangles
140: dt=0.9405,  81 negative triangles
141: dt=0.8935,  80 negative triangles
142: dt=0.8935,  81 negative triangles
143: dt=0.8935,  81 negative triangles
144: dt=0.8935,  81 negative triangles
145: dt=0.8935,  80 negative triangles
146: dt=0.8935,  79 negative triangles
147: dt=0.8935,  79 negative triangles
148: dt=0.8935,  78 negative triangles
149: dt=0.8935,  79 negative triangles
150: dt=0.8935,  78 negative triangles
151: dt=0.8488,  79 negative triangles
152: dt=0.8488,  77 negative triangles
153: dt=0.8488,  78 negative triangles
154: dt=0.8488,  78 negative triangles
155: dt=0.8488,  78 negative triangles
156: dt=0.8488,  78 negative triangles
157: dt=0.8488,  78 negative triangles
158: dt=0.8488,  77 negative triangles
159: dt=0.8488,  78 negative triangles
160: dt=0.8488,  78 negative triangles
161: dt=0.8064,  82 negative triangles
162: dt=0.8064,  79 negative triangles
163: dt=0.8064,  79 negative triangles
164: dt=0.8064,  78 negative triangles
165: dt=0.8064,  77 negative triangles
166: dt=0.8064,  76 negative triangles
167: dt=0.8064,  74 negative triangles
168: dt=0.8064,  74 negative triangles
169: dt=0.8064,  73 negative triangles
170: dt=0.8064,  75 negative triangles
171: dt=0.7660,  72 negative triangles
172: dt=0.7660,  71 negative triangles
173: dt=0.7660,  71 negative triangles
174: dt=0.7660,  72 negative triangles
175: dt=0.7660,  71 negative triangles
176: dt=0.7660,  72 negative triangles
177: dt=0.7660,  72 negative triangles
178: dt=0.7660,  71 negative triangles
179: dt=0.7660,  72 negative triangles
180: dt=0.7660,  71 negative triangles
181: dt=0.7277,  71 negative triangles
182: dt=0.7277,  72 negative triangles
183: dt=0.7277,  70 negative triangles
184: dt=0.7277,  70 negative triangles
185: dt=0.7277,  71 negative triangles
186: dt=0.7277,  72 negative triangles
187: dt=0.7277,  72 negative triangles
188: dt=0.7277,  73 negative triangles
189: dt=0.7277,  71 negative triangles
190: dt=0.7277,  71 negative triangles
191: dt=0.6914,  70 negative triangles
192: dt=0.6914,  69 negative triangles
193: dt=0.6914,  71 negative triangles
194: dt=0.6914,  72 negative triangles
195: dt=0.6914,  71 negative triangles
196: dt=0.6914,  69 negative triangles
197: dt=0.6914,  69 negative triangles
198: dt=0.6914,  69 negative triangles
199: dt=0.6914,  68 negative triangles
200: dt=0.6914,  70 negative triangles
201: dt=0.6568,  71 negative triangles
202: dt=0.6568,  71 negative triangles
203: dt=0.6568,  71 negative triangles
204: dt=0.6568,  69 negative triangles
205: dt=0.6568,  68 negative triangles
206: dt=0.6568,  68 negative triangles
207: dt=0.6568,  69 negative triangles
208: dt=0.6568,  70 negative triangles
209: dt=0.6568,  71 negative triangles
210: dt=0.6568,  70 negative triangles
211: dt=0.6239,  70 negative triangles
212: dt=0.6239,  69 negative triangles
213: dt=0.6239,  69 negative triangles
214: dt=0.6239,  69 negative triangles
215: dt=0.6239,  69 negative triangles
216: dt=0.6239,  69 negative triangles
217: dt=0.6239,  69 negative triangles
218: dt=0.6239,  70 negative triangles
219: dt=0.6239,  70 negative triangles
220: dt=0.6239,  70 negative triangles
221: dt=0.5927,  70 negative triangles
222: dt=0.5927,  71 negative triangles
223: dt=0.5927,  70 negative triangles
224: dt=0.5927,  71 negative triangles
225: dt=0.5927,  71 negative triangles
226: dt=0.5927,  71 negative triangles
227: dt=0.5927,  69 negative triangles
228: dt=0.5927,  67 negative triangles
229: dt=0.5927,  67 negative triangles
230: dt=0.5927,  67 negative triangles
231: dt=0.5927,  68 negative triangles
232: dt=0.5927,  68 negative triangles
233: dt=0.5927,  67 negative triangles
234: dt=0.5927,  67 negative triangles
235: dt=0.5927,  70 negative triangles
236: dt=0.5927,  69 negative triangles
237: dt=0.5927,  69 negative triangles
238: dt=0.5631,  68 negative triangles
239: dt=0.5631,  68 negative triangles
240: dt=0.5631,  69 negative triangles
241: dt=0.5631,  68 negative triangles
242: dt=0.5631,  68 negative triangles
243: dt=0.5631,  67 negative triangles
244: dt=0.5631,  67 negative triangles
245: dt=0.5631,  66 negative triangles
246: dt=0.5631,  66 negative triangles
247: dt=0.5631,  66 negative triangles
248: dt=0.5631,  66 negative triangles
249: dt=0.5631,  66 negative triangles
250: dt=0.5631,  68 negative triangles
251: dt=0.5631,  68 negative triangles
252: dt=0.5631,  68 negative triangles
253: dt=0.5631,  67 negative triangles
254: dt=0.5631,  67 negative triangles
255: dt=0.5350,  67 negative triangles
256: dt=0.5350,  68 negative triangles
257: dt=0.5350,  67 negative triangles
258: dt=0.5350,  67 negative triangles
259: dt=0.5350,  67 negative triangles
260: dt=0.5350,  65 negative triangles
261: dt=0.5350,  65 negative triangles
262: dt=0.5350,  65 negative triangles
263: dt=0.5350,  65 negative triangles
264: dt=0.5350,  65 negative triangles
265: dt=0.5350,  65 negative triangles
266: dt=0.5350,  65 negative triangles
267: dt=0.5350,  65 negative triangles
268: dt=0.5350,  67 negative triangles
269: dt=0.5350,  67 negative triangles
270: dt=0.5082,  67 negative triangles
271: dt=0.5082,  67 negative triangles
272: dt=0.5082,  66 negative triangles
273: dt=0.5082,  66 negative triangles
274: dt=0.5082,  66 negative triangles
275: dt=0.5082,  67 negative triangles
276: dt=0.5082,  65 negative triangles
277: dt=0.5082,  65 negative triangles
278: dt=0.5082,  65 negative triangles
279: dt=0.5082,  64 negative triangles
280: dt=0.5082,  64 negative triangles
281: dt=0.5082,  64 negative triangles
282: dt=0.5082,  64 negative triangles
283: dt=0.5082,  64 negative triangles
284: dt=0.5082,  64 negative triangles
285: dt=0.5082,  64 negative triangles
286: dt=0.5082,  65 negative triangles
287: dt=0.5082,  66 negative triangles
288: dt=0.5082,  65 negative triangles
289: dt=0.4828,  64 negative triangles
290: dt=0.4828,  64 negative triangles
291: dt=0.4828,  64 negative triangles
292: dt=0.4828,  64 negative triangles
293: dt=0.4828,  64 negative triangles
294: dt=0.4828,  64 negative triangles
295: dt=0.4828,  66 negative triangles
296: dt=0.4828,  65 negative triangles
297: dt=0.4828,  65 negative triangles
298: dt=0.4828,  64 negative triangles
299: dt=0.4828,  63 negative triangles
300: dt=0.4828,  63 negative triangles
301: dt=0.4828,  62 negative triangles
302: dt=0.4828,  62 negative triangles
303: dt=0.4828,  61 negative triangles
304: dt=0.4828,  61 negative triangles
305: dt=0.4828,  61 negative triangles
306: dt=0.4828,  62 negative triangles
307: dt=0.4828,  63 negative triangles
308: dt=0.4828,  64 negative triangles
309: dt=0.4828,  64 negative triangles
310: dt=0.4828,  63 negative triangles
311: dt=0.4828,  63 negative triangles
312: dt=0.4828,  62 negative triangles
313: dt=0.4587,  62 negative triangles
314: dt=0.4587,  62 negative triangles
315: dt=0.4587,  63 negative triangles
316: dt=0.4587,  66 negative triangles
317: dt=0.4587,  64 negative triangles
318: dt=0.4587,  63 negative triangles
319: dt=0.4587,  62 negative triangles
320: dt=0.4587,  61 negative triangles
321: dt=0.4587,  61 negative triangles
322: dt=0.4587,  61 negative triangles
323: dt=0.4357,  61 negative triangles
324: dt=0.4357,  63 negative triangles
325: dt=0.4357,  62 negative triangles
326: dt=0.4357,  62 negative triangles
327: dt=0.4357,  61 negative triangles
328: dt=0.4357,  61 negative triangles
329: dt=0.4357,  62 negative triangles
330: dt=0.4357,  63 negative triangles
331: dt=0.4357,  62 negative triangles
332: dt=0.4357,  62 negative triangles
333: dt=0.4139,  62 negative triangles
334: dt=0.4139,  62 negative triangles
335: dt=0.4139,  63 negative triangles
336: dt=0.4139,  62 negative triangles
337: dt=0.4139,  62 negative triangles
338: dt=0.4139,  63 negative triangles
339: dt=0.4139,  61 negative triangles
340: dt=0.4139,  61 negative triangles
341: dt=0.4139,  61 negative triangles
342: dt=0.4139,  60 negative triangles
343: dt=0.4139,  61 negative triangles
344: dt=0.4139,  60 negative triangles
345: dt=0.4139,  59 negative triangles
346: dt=0.4139,  59 negative triangles
347: dt=0.4139,  61 negative triangles
348: dt=0.4139,  60 negative triangles
349: dt=0.4139,  59 negative triangles
350: dt=0.4139,  59 negative triangles
351: dt=0.4139,  59 negative triangles
352: dt=0.4139,  60 negative triangles
353: dt=0.4139,  59 negative triangles
354: dt=0.4139,  60 negative triangles
355: dt=0.3932,  61 negative triangles
356: dt=0.3932,  60 negative triangles
357: dt=0.3932,  60 negative triangles
358: dt=0.3932,  61 negative triangles
359: dt=0.3932,  61 negative triangles
360: dt=0.3932,  62 negative triangles
361: dt=0.3932,  60 negative triangles
362: dt=0.3932,  59 negative triangles
363: dt=0.3932,  61 negative triangles
364: dt=0.3932,  60 negative triangles
365: dt=0.3736,  60 negative triangles
366: dt=0.3736,  60 negative triangles
367: dt=0.3736,  59 negative triangles
368: dt=0.3736,  59 negative triangles
369: dt=0.3736,  58 negative triangles
370: dt=0.3736,  58 negative triangles
371: dt=0.3736,  57 negative triangles
372: dt=0.3736,  58 negative triangles
373: dt=0.3736,  59 negative triangles
374: dt=0.3736,  57 negative triangles
375: dt=0.3736,  58 negative triangles
376: dt=0.3736,  57 negative triangles
377: dt=0.3736,  57 negative triangles
378: dt=0.3736,  57 negative triangles
379: dt=0.3736,  57 negative triangles
380: dt=0.3736,  57 negative triangles
381: dt=0.3549,  57 negative triangles
382: dt=0.3549,  57 negative triangles
383: dt=0.3549,  57 negative triangles
384: dt=0.3549,  59 negative triangles
385: dt=0.3549,  60 negative triangles
386: dt=0.3549,  58 negative triangles
387: dt=0.3549,  58 negative triangles
388: dt=0.3549,  57 negative triangles
389: dt=0.3549,  57 negative triangles
390: dt=0.3549,  57 negative triangles
391: dt=0.3372,  57 negative triangles
392: dt=0.3372,  56 negative triangles
393: dt=0.3372,  58 negative triangles
394: dt=0.3372,  59 negative triangles
395: dt=0.3372,  58 negative triangles
396: dt=0.3372,  59 negative triangles
397: dt=0.3372,  56 negative triangles
398: dt=0.3372,  56 negative triangles
399: dt=0.3372,  57 negative triangles
400: dt=0.3372,  57 negative triangles
401: dt=0.3372,  57 negative triangles
402: dt=0.3203,  57 negative triangles
403: dt=0.3203,  57 negative triangles
404: dt=0.3203,  57 negative triangles
405: dt=0.3203,  57 negative triangles
406: dt=0.3203,  56 negative triangles
407: dt=0.3203,  56 negative triangles
408: dt=0.3203,  56 negative triangles
409: dt=0.3203,  56 negative triangles
410: dt=0.3203,  56 negative triangles
411: dt=0.3203,  56 negative triangles
412: dt=0.3043,  56 negative triangles
413: dt=0.3043,  55 negative triangles
414: dt=0.3043,  55 negative triangles
415: dt=0.3043,  55 negative triangles
416: dt=0.3043,  56 negative triangles
417: dt=0.3043,  57 negative triangles
418: dt=0.3043,  57 negative triangles
419: dt=0.3043,  59 negative triangles
420: dt=0.3043,  56 negative triangles
421: dt=0.3043,  55 negative triangles
422: dt=0.3043,  55 negative triangles
423: dt=0.2891,  55 negative triangles
424: dt=0.2891,  55 negative triangles
425: dt=0.2891,  55 negative triangles
426: dt=0.2891,  55 negative triangles
427: dt=0.2891,  55 negative triangles
428: dt=0.2891,  55 negative triangles
429: dt=0.2891,  55 negative triangles
430: dt=0.2891,  55 negative triangles
431: dt=0.2891,  55 negative triangles
432: dt=0.2891,  55 negative triangles
433: dt=0.2746,  55 negative triangles
434: dt=0.2746,  54 negative triangles
435: dt=0.2746,  54 negative triangles
436: dt=0.2746,  55 negative triangles
437: dt=0.2746,  55 negative triangles
438: dt=0.2746,  55 negative triangles
439: dt=0.2746,  55 negative triangles
440: dt=0.2746,  55 negative triangles
441: dt=0.2746,  55 negative triangles
442: dt=0.2746,  55 negative triangles
443: dt=0.2746,  57 negative triangles
444: dt=0.2609,  56 negative triangles
445: dt=0.2609,  56 negative triangles
446: dt=0.2609,  56 negative triangles
447: dt=0.2609,  55 negative triangles
448: dt=0.2609,  55 negative triangles
449: dt=0.2609,  55 negative triangles
450: dt=0.2609,  55 negative triangles
451: dt=0.2609,  55 negative triangles
452: dt=0.2609,  55 negative triangles
453: dt=0.2609,  55 negative triangles
454: dt=0.2478,  55 negative triangles
455: dt=0.2478,  55 negative triangles
456: dt=0.2478,  55 negative triangles
457: dt=0.2478,  55 negative triangles
458: dt=0.2478,  55 negative triangles
459: dt=0.2478,  55 negative triangles
460: dt=0.2478,  55 negative triangles
461: dt=0.2478,  55 negative triangles
462: dt=0.2478,  55 negative triangles
463: dt=0.2478,  55 negative triangles
464: dt=0.2354,  55 negative triangles
465: dt=0.2354,  55 negative triangles
466: dt=0.2354,  55 negative triangles
467: dt=0.2354,  55 negative triangles
468: dt=0.2354,  55 negative triangles
469: dt=0.2354,  55 negative triangles
470: dt=0.2354,  55 negative triangles
471: dt=0.2354,  55 negative triangles
472: dt=0.2354,  55 negative triangles
473: dt=0.2354,  55 negative triangles
474: dt=0.2237,  55 negative triangles
475: dt=0.2237,  55 negative triangles
476: dt=0.2237,  56 negative triangles
477: dt=0.2237,  56 negative triangles
478: dt=0.2237,  56 negative triangles
479: dt=0.2237,  56 negative triangles
480: dt=0.2237,  55 negative triangles
481: dt=0.2237,  55 negative triangles
482: dt=0.2237,  55 negative triangles
483: dt=0.2237,  55 negative triangles
484: dt=0.2125,  55 negative triangles
485: dt=0.2125,  55 negative triangles
486: dt=0.2125,  55 negative triangles
487: dt=0.2125,  55 negative triangles
488: dt=0.2125,  55 negative triangles
489: dt=0.2125,  55 negative triangles
490: dt=0.2125,  55 negative triangles
491: dt=0.2125,  55 negative triangles
492: dt=0.2125,  55 negative triangles
493: dt=0.2125,  55 negative triangles
494: dt=0.2019,  55 negative triangles
495: dt=0.2019,  55 negative triangles
496: dt=0.2019,  54 negative triangles
497: dt=0.2019,  55 negative triangles
498: dt=0.2019,  54 negative triangles
499: dt=0.2019,  55 negative triangles
500: dt=0.2019,  55 negative triangles
501: dt=0.2019,  56 negative triangles
502: dt=0.2019,  55 negative triangles
503: dt=0.2019,  55 negative triangles
504: dt=0.1918,  55 negative triangles
505: dt=0.1918,  55 negative triangles
506: dt=0.1918,  55 negative triangles
507: dt=0.1918,  55 negative triangles
508: dt=0.1918,  55 negative triangles
509: dt=0.1918,  56 negative triangles
510: dt=0.1918,  55 negative triangles
511: dt=0.1918,  55 negative triangles
512: dt=0.1918,  55 negative triangles
513: dt=0.1918,  55 negative triangles
514: dt=0.1822,  55 negative triangles
515: dt=0.1822,  55 negative triangles
516: dt=0.1822,  55 negative triangles
517: dt=0.1822,  55 negative triangles
518: dt=0.1822,  55 negative triangles
519: dt=0.1822,  55 negative triangles
520: dt=0.1822,  55 negative triangles
521: dt=0.1822,  55 negative triangles
522: dt=0.1822,  55 negative triangles
523: dt=0.1822,  55 negative triangles
524: dt=0.1731,  55 negative triangles
525: dt=0.1731,  55 negative triangles
526: dt=0.1731,  55 negative triangles
527: dt=0.1731,  55 negative triangles
528: dt=0.1731,  56 negative triangles
529: dt=0.1731,  56 negative triangles
530: dt=0.1731,  56 negative triangles
531: dt=0.1731,  55 negative triangles
532: dt=0.1731,  55 negative triangles
533: dt=0.1731,  55 negative triangles
534: dt=0.1644,  55 negative triangles
535: dt=0.1644,  55 negative triangles
536: dt=0.1644,  55 negative triangles
537: dt=0.1644,  55 negative triangles
538: dt=0.1644,  55 negative triangles
539: dt=0.1644,  55 negative triangles
540: dt=0.1644,  55 negative triangles
541: dt=0.1644,  55 negative triangles
542: dt=0.1644,  55 negative triangles
543: dt=0.1644,  55 negative triangles
544: dt=0.1562,  55 negative triangles
545: dt=0.1562,  55 negative triangles
546: dt=0.1562,  55 negative triangles
547: dt=0.1562,  55 negative triangles
548: dt=0.1562,  55 negative triangles
549: dt=0.1562,  55 negative triangles
550: dt=0.1562,  55 negative triangles
551: dt=0.1562,  55 negative triangles
552: dt=0.1562,  55 negative triangles
553: dt=0.1562,  55 negative triangles
554: dt=0.1484,  55 negative triangles
555: dt=0.1484,  55 negative triangles
556: dt=0.1484,  55 negative triangles
557: dt=0.1484,  56 negative triangles
558: dt=0.1484,  55 negative triangles
559: dt=0.1484,  55 negative triangles
560: dt=0.1484,  55 negative triangles
561: dt=0.1484,  55 negative triangles
562: dt=0.1484,  55 negative triangles
563: dt=0.1484,  55 negative triangles
564: dt=0.1410,  55 negative triangles
565: dt=0.1410,  55 negative triangles
566: dt=0.1410,  55 negative triangles
567: dt=0.1410,  55 negative triangles
568: dt=0.1410,  55 negative triangles
569: dt=0.1410,  55 negative triangles
570: dt=0.1410,  55 negative triangles
571: dt=0.1410,  55 negative triangles
572: dt=0.1410,  55 negative triangles
573: dt=0.1410,  55 negative triangles
574: dt=0.1339,  55 negative triangles
575: dt=0.1339,  55 negative triangles
576: dt=0.1339,  55 negative triangles
577: dt=0.1339,  55 negative triangles
578: dt=0.1339,  55 negative triangles
579: dt=0.1339,  55 negative triangles
580: dt=0.1339,  56 negative triangles
581: dt=0.1339,  57 negative triangles
582: dt=0.1339,  57 negative triangles
583: dt=0.1339,  55 negative triangles
584: dt=0.1272,  55 negative triangles
585: dt=0.1272,  55 negative triangles
586: dt=0.1272,  55 negative triangles
587: dt=0.1272,  55 negative triangles
588: dt=0.1272,  55 negative triangles
589: dt=0.1272,  55 negative triangles
590: dt=0.1272,  55 negative triangles
591: dt=0.1272,  55 negative triangles
592: dt=0.1272,  55 negative triangles
593: dt=0.1272,  55 negative triangles
594: dt=0.1209,  55 negative triangles
595: dt=0.1209,  55 negative triangles
596: dt=0.1209,  55 negative triangles
597: dt=0.1209,  55 negative triangles
598: dt=0.1209,  55 negative triangles
599: dt=0.1209,  55 negative triangles
600: dt=0.1209,  55 negative triangles
601: dt=0.1209,  55 negative triangles
602: dt=0.1209,  55 negative triangles
603: dt=0.1209,  55 negative triangles
604: dt=0.1148,  55 negative triangles
605: dt=0.1148,  55 negative triangles
606: dt=0.1148,  55 negative triangles
607: dt=0.1148,  55 negative triangles
608: dt=0.1148,  55 negative triangles
609: dt=0.1148,  55 negative triangles
610: dt=0.1148,  55 negative triangles
611: dt=0.1148,  55 negative triangles
612: dt=0.1148,  55 negative triangles
613: dt=0.1148,  55 negative triangles
614: dt=0.1091,  55 negative triangles
615: dt=0.1091,  55 negative triangles
616: dt=0.1091,  55 negative triangles
617: dt=0.1091,  55 negative triangles
618: dt=0.1091,  55 negative triangles
619: dt=0.1091,  55 negative triangles
620: dt=0.1091,  55 negative triangles
621: dt=0.1091,  55 negative triangles
622: dt=0.1091,  55 negative triangles
623: dt=0.1091,  55 negative triangles
624: dt=0.1036,  55 negative triangles
625: dt=0.1036,  55 negative triangles
626: dt=0.1036,  55 negative triangles
627: dt=0.1036,  56 negative triangles
628: dt=0.1036,  55 negative triangles
629: dt=0.1036,  55 negative triangles
630: dt=0.1036,  55 negative triangles
631: dt=0.1036,  55 negative triangles
632: dt=0.1036,  55 negative triangles
633: dt=0.1036,  55 negative triangles
634: dt=0.0984,  55 negative triangles
635: dt=0.0984,  55 negative triangles
636: dt=0.0984,  55 negative triangles
637: dt=0.0984,  56 negative triangles
638: dt=0.0984,  58 negative triangles
639: dt=0.0984,  58 negative triangles
640: dt=0.0984,  56 negative triangles
641: dt=0.0984,  55 negative triangles
642: dt=0.0984,  55 negative triangles
643: dt=0.0984,  55 negative triangles
644: dt=0.0935,  55 negative triangles
645: dt=0.0935,  55 negative triangles
646: dt=0.0935,  55 negative triangles
647: dt=0.0935,  55 negative triangles
648: dt=0.0935,  55 negative triangles
649: dt=0.0935,  55 negative triangles
650: dt=0.0935,  55 negative triangles
651: dt=0.0935,  55 negative triangles
652: dt=0.0935,  55 negative triangles
653: dt=0.0935,  55 negative triangles
654: dt=0.0888,  55 negative triangles
655: dt=0.0888,  55 negative triangles
656: dt=0.0888,  55 negative triangles
657: dt=0.0888,  55 negative triangles
658: dt=0.0888,  55 negative triangles
659: dt=0.0888,  55 negative triangles
660: dt=0.0888,  55 negative triangles
661: dt=0.0888,  55 negative triangles
662: dt=0.0888,  54 negative triangles
663: dt=0.0888,  54 negative triangles
664: dt=0.0844,  55 negative triangles
665: dt=0.0844,  56 negative triangles
666: dt=0.0844,  55 negative triangles
667: dt=0.0844,  54 negative triangles
668: dt=0.0844,  54 negative triangles
669: dt=0.0844,  54 negative triangles
670: dt=0.0844,  56 negative triangles
671: dt=0.0844,  55 negative triangles
672: dt=0.0844,  54 negative triangles
673: dt=0.0844,  54 negative triangles
674: dt=0.0802,  54 negative triangles
675: dt=0.0802,  55 negative triangles
676: dt=0.0802,  54 negative triangles
677: dt=0.0802,  54 negative triangles
678: dt=0.0802,  54 negative triangles
679: dt=0.0802,  54 negative triangles
680: dt=0.0802,  54 negative triangles
681: dt=0.0802,  54 negative triangles
682: dt=0.0802,  54 negative triangles
683: dt=0.0802,  54 negative triangles
684: dt=0.0762,  54 negative triangles
685: dt=0.0762,  55 negative triangles
686: dt=0.0762,  57 negative triangles
687: dt=0.0762,  55 negative triangles
688: dt=0.0762,  53 negative triangles
689: dt=0.0762,  53 negative triangles
690: dt=0.0762,  53 negative triangles
691: dt=0.0762,  53 negative triangles
692: dt=0.0762,  54 negative triangles
693: dt=0.0762,  54 negative triangles
694: dt=0.0762,  54 negative triangles
695: dt=0.0762,  54 negative triangles
696: dt=0.0762,  54 negative triangles
697: dt=0.0762,  54 negative triangles
698: dt=0.0724,  54 negative triangles
699: dt=0.0724,  54 negative triangles
700: dt=0.0724,  54 negative triangles
701: dt=0.0724,  53 negative triangles
702: dt=0.0724,  53 negative triangles
703: dt=0.0724,  53 negative triangles
704: dt=0.0724,  53 negative triangles
705: dt=0.0724,  56 negative triangles
706: dt=0.0724,  55 negative triangles
707: dt=0.0724,  55 negative triangles
708: dt=0.0687,  55 negative triangles
709: dt=0.0687,  55 negative triangles
710: dt=0.0687,  55 negative triangles
711: dt=0.0687,  55 negative triangles
712: dt=0.0687,  55 negative triangles
713: dt=0.0687,  55 negative triangles
714: dt=0.0687,  55 negative triangles
715: dt=0.0687,  55 negative triangles
716: dt=0.0687,  55 negative triangles
717: dt=0.0687,  54 negative triangles
718: dt=0.0653,  54 negative triangles
719: dt=0.0653,  54 negative triangles
720: dt=0.0653,  55 negative triangles
721: dt=0.0653,  55 negative triangles
722: dt=0.0653,  54 negative triangles
723: dt=0.0653,  54 negative triangles
724: dt=0.0653,  54 negative triangles
725: dt=0.0653,  54 negative triangles
726: dt=0.0653,  54 negative triangles
727: dt=0.0653,  54 negative triangles
728: dt=0.0620,  55 negative triangles
729: dt=0.0620,  55 negative triangles
730: dt=0.0620,  54 negative triangles
731: dt=0.0620,  54 negative triangles
732: dt=0.0620,  54 negative triangles
733: dt=0.0620,  54 negative triangles
734: dt=0.0620,  54 negative triangles
735: dt=0.0620,  54 negative triangles
736: dt=0.0620,  54 negative triangles
737: dt=0.0620,  54 negative triangles
738: dt=0.0589,  54 negative triangles
739: dt=0.0589,  54 negative triangles
740: dt=0.0589,  54 negative triangles
741: dt=0.0589,  55 negative triangles
742: dt=0.0589,  54 negative triangles
743: dt=0.0589,  54 negative triangles
744: dt=0.0589,  54 negative triangles
745: dt=0.0589,  54 negative triangles
746: dt=0.0589,  53 negative triangles
747: dt=0.0589,  54 negative triangles
748: dt=0.0560,  54 negative triangles
749: dt=0.0560,  53 negative triangles
750: dt=0.0560,  53 negative triangles
751: dt=0.0560,  54 negative triangles
752: dt=0.0560,  54 negative triangles
753: dt=0.0560,  53 negative triangles
754: dt=0.0560,  53 negative triangles
755: dt=0.0560,  53 negative triangles
756: dt=0.0560,  53 negative triangles
757: dt=0.0560,  53 negative triangles
758: dt=0.0532,  53 negative triangles
759: dt=0.0532,  53 negative triangles
760: dt=0.0532,  53 negative triangles
761: dt=0.0532,  53 negative triangles
762: dt=0.0532,  54 negative triangles
763: dt=0.0532,  54 negative triangles
764: dt=0.0532,  55 negative triangles
765: dt=0.0532,  54 negative triangles
766: dt=0.0532,  54 negative triangles
767: dt=0.0532,  53 negative triangles
768: dt=0.0505,  53 negative triangles
769: dt=0.0505,  53 negative triangles
770: dt=0.0505,  54 negative triangles
771: dt=0.0505,  54 negative triangles
772: dt=0.0505,  54 negative triangles
773: dt=0.0505,  54 negative triangles
774: dt=0.0505,  54 negative triangles
775: dt=0.0505,  54 negative triangles
776: dt=0.0505,  54 negative triangles
777: dt=0.0505,  55 negative triangles
778: dt=0.0480,  55 negative triangles
779: dt=0.0480,  56 negative triangles
780: dt=0.0480,  56 negative triangles
781: dt=0.0480,  56 negative triangles
782: dt=0.0480,  56 negative triangles
783: dt=0.0480,  56 negative triangles
784: dt=0.0480,  56 negative triangles
785: dt=0.0480,  56 negative triangles
786: dt=0.0480,  55 negative triangles
787: dt=0.0480,  55 negative triangles
788: dt=0.0456,  56 negative triangles
789: dt=0.0456,  55 negative triangles
790: dt=0.0456,  54 negative triangles
791: dt=0.0456,  54 negative triangles
792: dt=0.0456,  54 negative triangles
793: dt=0.0456,  55 negative triangles
794: dt=0.0456,  54 negative triangles
795: dt=0.0456,  54 negative triangles
796: dt=0.0456,  54 negative triangles
797: dt=0.0456,  54 negative triangles
798: dt=0.0433,  54 negative triangles
799: dt=0.0433,  54 negative triangles
800: dt=0.0433,  54 negative triangles
801: dt=0.0433,  54 negative triangles
802: dt=0.0433,  54 negative triangles
803: dt=0.0433,  55 negative triangles
804: dt=0.0433,  55 negative triangles
805: dt=0.0433,  55 negative triangles
806: dt=0.0433,  55 negative triangles
807: dt=0.0433,  55 negative triangles
808: dt=0.0412,  55 negative triangles
809: dt=0.0412,  55 negative triangles
810: dt=0.0412,  55 negative triangles
811: dt=0.0412,  55 negative triangles
812: dt=0.0412,  56 negative triangles
813: dt=0.0412,  56 negative triangles
814: dt=0.0412,  56 negative triangles
815: dt=0.0412,  55 negative triangles
816: dt=0.0412,  57 negative triangles
817: dt=0.0412,  55 negative triangles
818: dt=0.0391,  56 negative triangles
819: dt=0.0391,  56 negative triangles
820: dt=0.0391,  56 negative triangles
821: dt=0.0391,  56 negative triangles
822: dt=0.0391,  56 negative triangles
823: dt=0.0391,  56 negative triangles
824: dt=0.0391,  56 negative triangles
825: dt=0.0391,  56 negative triangles
826: dt=0.0391,  56 negative triangles
827: dt=0.0391,  55 negative triangles
828: dt=0.0371,  55 negative triangles
829: dt=0.0371,  56 negative triangles
830: dt=0.0371,  56 negative triangles
831: dt=0.0371,  54 negative triangles
832: dt=0.0371,  54 negative triangles
833: dt=0.0371,  53 negative triangles
834: dt=0.0371,  54 negative triangles
835: dt=0.0371,  55 negative triangles
836: dt=0.0371,  55 negative triangles
837: dt=0.0371,  55 negative triangles
838: dt=0.0353,  55 negative triangles
839: dt=0.0353,  55 negative triangles
840: dt=0.0353,  56 negative triangles
841: dt=0.0353,  57 negative triangles
842: dt=0.0353,  57 negative triangles
843: dt=0.0353,  57 negative triangles
844: dt=0.0353,  57 negative triangles
845: dt=0.0353,  57 negative triangles
846: dt=0.0353,  57 negative triangles
847: dt=0.0353,  57 negative triangles
848: dt=0.0335,  57 negative triangles
849: dt=0.0335,  57 negative triangles
850: dt=0.0335,  57 negative triangles
851: dt=0.0335,  55 negative triangles
852: dt=0.0335,  55 negative triangles
853: dt=0.0335,  55 negative triangles
854: dt=0.0335,  56 negative triangles
855: dt=0.0335,  57 negative triangles
856: dt=0.0335,  54 negative triangles
857: dt=0.0335,  55 negative triangles
858: dt=0.0319,  54 negative triangles
859: dt=0.0319,  54 negative triangles
860: dt=0.0319,  54 negative triangles
861: dt=0.0319,  54 negative triangles
862: dt=0.0319,  54 negative triangles
863: dt=0.0319,  54 negative triangles
864: dt=0.0319,  56 negative triangles
865: dt=0.0319,  57 negative triangles
866: dt=0.0319,  55 negative triangles
867: dt=0.0319,  54 negative triangles
868: dt=0.0303,  54 negative triangles
869: dt=0.0303,  54 negative triangles
870: dt=0.0303,  54 negative triangles
871: dt=0.0303,  54 negative triangles
872: dt=0.0303,  54 negative triangles
873: dt=0.0303,  54 negative triangles
874: dt=0.0303,  52 negative triangles
875: dt=0.0303,  52 negative triangles
876: dt=0.0303,  54 negative triangles
877: dt=0.0303,  53 negative triangles
878: dt=0.0303,  55 negative triangles
879: dt=0.0303,  53 negative triangles
880: dt=0.0303,  53 negative triangles
881: dt=0.0303,  55 negative triangles
882: dt=0.0303,  54 negative triangles
883: dt=0.0303,  55 negative triangles
884: dt=0.0287,  55 negative triangles
885: dt=0.0287,  54 negative triangles
886: dt=0.0287,  53 negative triangles
887: dt=0.0287,  53 negative triangles
888: dt=0.0287,  53 negative triangles
889: dt=0.0287,  53 negative triangles
890: dt=0.0287,  53 negative triangles
891: dt=0.0287,  53 negative triangles
892: dt=0.0287,  55 negative triangles
893: dt=0.0287,  53 negative triangles
894: dt=0.0273,  52 negative triangles
895: dt=0.0273,  53 negative triangles
896: dt=0.0273,  55 negative triangles
897: dt=0.0273,  55 negative triangles
898: dt=0.0273,  54 negative triangles
899: dt=0.0273,  54 negative triangles
900: dt=0.0273,  55 negative triangles
901: dt=0.0273,  54 negative triangles
902: dt=0.0273,  54 negative triangles
903: dt=0.0273,  54 negative triangles
904: dt=0.0259,  55 negative triangles
905: dt=0.0259,  54 negative triangles
906: dt=0.0259,  54 negative triangles
907: dt=0.0259,  54 negative triangles
908: dt=0.0259,  54 negative triangles
909: dt=0.0259,  55 negative triangles
910: dt=0.0259,  55 negative triangles
911: dt=0.0259,  55 negative triangles
912: dt=0.0259,  56 negative triangles
913: dt=0.0259,  56 negative triangles
914: dt=0.0246,  55 negative triangles
915: dt=0.0246,  55 negative triangles
916: dt=0.0246,  55 negative triangles
917: dt=0.0246,  55 negative triangles
918: dt=0.0246,  55 negative triangles
919: dt=0.0246,  55 negative triangles
920: dt=0.0246,  55 negative triangles
921: dt=0.0246,  55 negative triangles
922: dt=0.0246,  55 negative triangles
923: dt=0.0246,  56 negative triangles
924: dt=0.0234,  56 negative triangles
925: dt=0.0234,  56 negative triangles
926: dt=0.0234,  57 negative triangles
927: dt=0.0234,  57 negative triangles
928: dt=0.0234,  56 negative triangles
929: dt=0.0234,  57 negative triangles
930: dt=0.0234,  57 negative triangles
931: dt=0.0234,  56 negative triangles
932: dt=0.0234,  57 negative triangles
933: dt=0.0234,  57 negative triangles
934: dt=0.0222,  56 negative triangles
935: dt=0.0222,  57 negative triangles
936: dt=0.0222,  57 negative triangles
937: dt=0.0222,  56 negative triangles
938: dt=0.0222,  57 negative triangles
939: dt=0.0222,  57 negative triangles
940: dt=0.0222,  56 negative triangles
941: dt=0.0222,  57 negative triangles
942: dt=0.0222,  57 negative triangles
943: dt=0.0222,  56 negative triangles
944: dt=0.0211,  56 negative triangles
945: dt=0.0211,  56 negative triangles
946: dt=0.0211,  56 negative triangles
947: dt=0.0211,  56 negative triangles
948: dt=0.0211,  56 negative triangles
949: dt=0.0211,  56 negative triangles
950: dt=0.0211,  56 negative triangles
951: dt=0.0211,  56 negative triangles
952: dt=0.0211,  56 negative triangles
953: dt=0.0211,  56 negative triangles
954: dt=0.0201,  57 negative triangles
955: dt=0.0201,  57 negative triangles
956: dt=0.0201,  57 negative triangles
957: dt=0.0201,  56 negative triangles
958: dt=0.0201,  56 negative triangles
959: dt=0.0201,  55 negative triangles
960: dt=0.0201,  54 negative triangles
961: dt=0.0201,  54 negative triangles
962: dt=0.0201,  54 negative triangles
963: dt=0.0201,  55 negative triangles
964: dt=0.0191,  54 negative triangles
965: dt=0.0191,  54 negative triangles
966: dt=0.0191,  54 negative triangles
967: dt=0.0191,  54 negative triangles
968: dt=0.0191,  54 negative triangles
969: dt=0.0191,  54 negative triangles
970: dt=0.0191,  53 negative triangles
971: dt=0.0191,  53 negative triangles
972: dt=0.0191,  53 negative triangles
973: dt=0.0191,  53 negative triangles
974: dt=0.0181,  53 negative triangles
975: dt=0.0181,  53 negative triangles
976: dt=0.0181,  53 negative triangles
977: dt=0.0181,  54 negative triangles
978: dt=0.0181,  54 negative triangles
979: dt=0.0181,  53 negative triangles
980: dt=0.0181,  53 negative triangles
981: dt=0.0181,  53 negative triangles
982: dt=0.0181,  54 negative triangles
983: dt=0.0181,  54 negative triangles
984: dt=0.0172,  54 negative triangles
985: dt=0.0172,  54 negative triangles
986: dt=0.0172,  54 negative triangles
987: dt=0.0172,  55 negative triangles
988: dt=0.0172,  55 negative triangles
989: dt=0.0172,  54 negative triangles
990: dt=0.0172,  54 negative triangles
991: dt=0.0172,  54 negative triangles
992: dt=0.0172,  54 negative triangles
993: dt=0.0172,  54 negative triangles
994: dt=0.0164,  54 negative triangles
995: dt=0.0164,  54 negative triangles
996: dt=0.0164,  54 negative triangles
997: dt=0.0164,  54 negative triangles
998: dt=0.0164,  54 negative triangles
999: dt=0.0164,  54 negative triangles
1000: dt=0.0164,  54 negative triangles
1001: dt=0.0164,  54 negative triangles
1002: dt=0.0164,  54 negative triangles
1003: dt=0.0164,  54 negative triangles
1004: dt=0.0155,  54 negative triangles
1005: dt=0.0155,  54 negative triangles
1006: dt=0.0155,  54 negative triangles
1007: dt=0.0155,  54 negative triangles
1008: dt=0.0155,  54 negative triangles
1009: dt=0.0155,  54 negative triangles
1010: dt=0.0155,  54 negative triangles
1011: dt=0.0155,  54 negative triangles
1012: dt=0.0155,  54 negative triangles
1013: dt=0.0155,  54 negative triangles
1014: dt=0.0148,  55 negative triangles
1015: dt=0.0148,  54 negative triangles
1016: dt=0.0148,  54 negative triangles
1017: dt=0.0148,  54 negative triangles
1018: dt=0.0148,  54 negative triangles
1019: dt=0.0148,  54 negative triangles
1020: dt=0.0148,  54 negative triangles
1021: dt=0.0148,  54 negative triangles
1022: dt=0.0148,  54 negative triangles
1023: dt=0.0148,  54 negative triangles
1024: dt=0.0140,  54 negative triangles
1025: dt=0.0140,  54 negative triangles
1026: dt=0.0140,  54 negative triangles
1027: dt=0.0140,  54 negative triangles
1028: dt=0.0140,  54 negative triangles
1029: dt=0.0140,  54 negative triangles
1030: dt=0.0140,  54 negative triangles
1031: dt=0.0140,  53 negative triangles
1032: dt=0.0140,  53 negative triangles
1033: dt=0.0140,  53 negative triangles
1034: dt=0.0133,  53 negative triangles
1035: dt=0.0133,  53 negative triangles
1036: dt=0.0133,  54 negative triangles
1037: dt=0.0133,  53 negative triangles
1038: dt=0.0133,  52 negative triangles
1039: dt=0.0133,  52 negative triangles
1040: dt=0.0133,  52 negative triangles
1041: dt=0.0133,  52 negative triangles
1042: dt=0.0133,  52 negative triangles
1043: dt=0.0133,  52 negative triangles
1044: dt=0.0127,  53 negative triangles
1045: dt=0.0127,  53 negative triangles
1046: dt=0.0127,  53 negative triangles
1047: dt=0.0127,  53 negative triangles
1048: dt=0.0127,  53 negative triangles
1049: dt=0.0127,  53 negative triangles
1050: dt=0.0127,  53 negative triangles
1051: dt=0.0127,  53 negative triangles
1052: dt=0.0127,  53 negative triangles
1053: dt=0.0127,  53 negative triangles
1054: dt=0.0120,  53 negative triangles
1055: dt=0.0120,  53 negative triangles
1056: dt=0.0120,  53 negative triangles
1057: dt=0.0120,  53 negative triangles
1058: dt=0.0120,  54 negative triangles
1059: dt=0.0120,  54 negative triangles
1060: dt=0.0120,  54 negative triangles
1061: dt=0.0120,  53 negative triangles
1062: dt=0.0120,  54 negative triangles
1063: dt=0.0120,  55 negative triangles
1064: dt=0.0114,  53 negative triangles
1065: dt=0.0114,  53 negative triangles
1066: dt=0.0114,  53 negative triangles
1067: dt=0.0114,  53 negative triangles
1068: dt=0.0114,  53 negative triangles
1069: dt=0.0114,  53 negative triangles
1070: dt=0.0114,  53 negative triangles
1071: dt=0.0114,  53 negative triangles
1072: dt=0.0114,  53 negative triangles
1073: dt=0.0114,  53 negative triangles
1074: dt=0.0108,  53 negative triangles
1075: dt=0.0108,  53 negative triangles
1076: dt=0.0108,  53 negative triangles
1077: dt=0.0108,  53 negative triangles
1078: dt=0.0108,  53 negative triangles
1079: dt=0.0108,  53 negative triangles
1080: dt=0.0108,  53 negative triangles
1081: dt=0.0108,  53 negative triangles
1082: dt=0.0108,  53 negative triangles
1083: dt=0.0108,  53 negative triangles
1084: dt=0.0103,  53 negative triangles
1085: dt=0.0103,  53 negative triangles
1086: dt=0.0103,  53 negative triangles
1087: dt=0.0103,  53 negative triangles
1088: dt=0.0103,  53 negative triangles
1089: dt=0.0103,  53 negative triangles
1090: dt=0.0103,  53 negative triangles
1091: dt=0.0103,  53 negative triangles
1092: dt=0.0103,  53 negative triangles
1093: dt=0.0103,  53 negative triangles
1094: dt=0.0098,  53 negative triangles
1095: dt=0.0098,  53 negative triangles
1096: dt=0.0098,  53 negative triangles
1097: dt=0.0098,  53 negative triangles
1098: dt=0.0098,  53 negative triangles
1099: dt=0.0098,  53 negative triangles
1100: dt=0.0098,  53 negative triangles
1101: dt=0.0098,  53 negative triangles
1102: dt=0.0098,  53 negative triangles
1103: dt=0.0098,  53 negative triangles
1104: dt=0.0098,  53 negative triangles
1105: dt=0.0098,  53 negative triangles
1106: dt=0.0098,  53 negative triangles
1107: dt=0.0098,  53 negative triangles
1108: dt=0.0098,  53 negative triangles
1109: dt=0.0098,  53 negative triangles
1110: dt=0.0098,  53 negative triangles
1111: dt=0.0098,  53 negative triangles
1112: dt=0.0098,  53 negative triangles
1113: dt=0.0098,  53 negative triangles
1114: dt=0.0098,  53 negative triangles
1115: dt=0.0098,  53 negative triangles
1116: dt=0.0098,  53 negative triangles
writing registered surface to ../surf/lh.sphere.reg...
1117: dt=0.0098,  53 negative triangles
1118: 53 negative triangles
registration took 0.08 hours
#VMPC# mris_register VmPeak  2258780
FSRUNTIME@ mris_register  0.0804 hours 16 threads

 ln -sf lh.sphere.reg lh.fsaverage.sphere.reg 

#--------------------------------------------
#@# Jacobian white lh Sat Mar 14 01:07:41 CET 2026
/out/sourcedata/freesurfer/sub-v2s7x29798_ses-1/scripts

 mris_jacobian ../surf/lh.white.preaparc ../surf/lh.sphere.reg ../surf/lh.jacobian_white 

reading surface from ../surf/lh.white.preaparc...
writing curvature file ../surf/lh.jacobian_white
#--------------------------------------------
#@# AvgCurv lh Sat Mar 14 01:07:42 CET 2026
/out/sourcedata/freesurfer/sub-v2s7x29798_ses-1/scripts

 mrisp_paint -a 5 /opt/freesurfer/average/lh.folding.atlas.acfb40.noaparc.i12.2016-08-02.tif#6 ../surf/lh.sphere.reg ../surf/lh.avg_curv 

averaging curvature patterns 5 times...
reading surface from ../surf/lh.sphere.reg...
reading template parameterization from /opt/freesurfer/average/lh.folding.atlas.acfb40.noaparc.i12.2016-08-02.tif...
writing curvature file to ../surf/lh.avg_curv...
#-----------------------------------------
#@# Cortical Parc lh Sat Mar 14 01:07:42 CET 2026
/out/sourcedata/freesurfer/sub-v2s7x29798_ses-1/scripts

 mris_ca_label -l ../label/lh.cortex.label -aseg ../mri/aseg.presurf.mgz -seed 1234 sub-v2s7x29798_ses-1 lh ../surf/lh.sphere.reg /opt/freesurfer/average/lh.DKaparc.atlas.acfb40.noaparc.i12.2016-08-02.gcs ../label/lh.aparc.annot 

setting seed for random number generator to 1234
using ../mri/aseg.presurf.mgz aseg volume to correct midline
7.3.2
  7.3.2
reading atlas from /opt/freesurfer/average/lh.DKaparc.atlas.acfb40.noaparc.i12.2016-08-02.gcs...
reading color table from GCSA file....
average std = 0.8   using min determinant for regularization = 0.006
0 singular and 342 ill-conditioned covariance matrices regularized
input 0: MEAN CURVATURE, flags 0, avgs 5, name mean_curvature
labeling surface...
1053 labels changed using aseg
relabeling using gibbs priors...
000:   2896 changed, 128381 examined...
001:    676 changed, 12370 examined...
002:    141 changed, 3816 examined...
003:     57 changed, 888 examined...
004:     19 changed, 348 examined...
005:      5 changed, 124 examined...
006:      4 changed, 35 examined...
007:      2 changed, 22 examined...
008:      0 changed, 14 examined...
174 labels changed using aseg
000: 100 total segments, 53 labels (113 vertices) changed
001: 48 total segments, 1 labels (2 vertices) changed
002: 47 total segments, 0 labels (0 vertices) changed
10 filter iterations complete (10 requested, 3 changed)
rationalizing unknown annotations with cortex label
relabeling unknown label...
relabeling corpuscallosum label...
1860 vertices marked for relabeling...
1860 labels changed in reclassification.
writing output to ../label/lh.aparc.annot...
classification took 0 minutes and 7 seconds.
#--------------------------------------------
#@# WhiteSurfs lh Sat Mar 14 01:07:49 CET 2026
cd /out/sourcedata/freesurfer/sub-v2s7x29798_ses-1/mri
mris_place_surface --adgws-in ../surf/autodet.gw.stats.lh.dat --seg aseg.presurf.mgz --threads 16 --wm wm.mgz --invol brain.finalsurfs.mgz --lh --i ../surf/lh.white.preaparc --o ../surf/lh.white --white --nsmooth 0 --rip-label ../label/lh.cortex.label --rip-bg --rip-surf ../surf/lh.white.preaparc --aparc ../label/lh.aparc.annot
7.3.2
7.3.2

cd /out/sourcedata/freesurfer/sub-v2s7x29798_ses-1/mri
setenv SUBJECTS_DIR /out/sourcedata/freesurfer
mris_place_surface --adgws-in ../surf/autodet.gw.stats.lh.dat --seg aseg.presurf.mgz --threads 16 --wm wm.mgz --invol brain.finalsurfs.mgz --lh --i ../surf/lh.white.preaparc --o ../surf/lh.white --white --nsmooth 0 --rip-label ../label/lh.cortex.label --rip-bg --rip-surf ../surf/lh.white.preaparc --aparc ../label/lh.aparc.annot 

Reading in input surface ../surf/lh.white.preaparc
Not smoothing input surface
Area    256758  0.35404  0.13545 0.001147   3.9994
Corner  770274 60.00000 13.98601 0.192358 179.1582
Edge    385137  0.91602  0.21640 0.018013   3.8749
Hinge   385137  9.51426 12.13856 0.000004 179.9287
Reading in aparc ../label/lh.aparc.annot
Reading in input volume brain.finalsurfs.mgz
Reading in wm volume wm.mgz
MRIclipBrightWM(): nthresh=13471, wmmin=5, clip=110 
MRIfindBrightNonWM(): 1750 bright non-wm voxels segmented.
Masking bright non-wm for white surface
MRImask(): AllowDiffGeom = 1
MRImask(): AllowDiffGeom = 1
Reading in seg volume aseg.presurf.mgz
Ripping frozen voxels
Ripping vertices not in label ../label/lh.cortex.label
MRISripNotLabel() ripped 7978/128381 vertices (120403 unripped)
Reading in ripping surface ../surf/lh.white.preaparc
Reading in aparc ../label/lh.aparc.annot for ripsurf
Ripping BG
MRISripBasalGanglia(): 1 -2 2 0.5 ripped 619
Ripping segs (eg, WMSA, BG, frozen)
Starting MRISripSegs() d = (-2 2 0.5) segnos: 247 
MRISripSegs(): -2 2 0.5 ripped 0
vertex 64191: xyz = (-59.4836,1.42596,13.906) oxyz = (-59.4836,1.42596,13.906) wxzy = (-59.4836,1.42596,13.906) pxyz = (0,0,0) 
CBVO Creating mask 128381
n_averages 4
Iteration 0 =========================================
n_averages=4, current_sigma=2
Computing target border values 
Entering MRIScomputeBorderValues_new(): 
  inside_hi   = 120.0000000;
  border_hi   = 109.2482530;
  border_low  =  66.0000000;
  outside_low =  55.6190680;
  outside_hi  = 109.2482530;
  sigma = 2;
  max_thickness = 10;
  step_size=0.5;
  STEP_SIZE=0.1;
  which = 1
  thresh = 0
  flags = 0
  CBVfindFirstPeakD1=0
  CBVfindFirstPeakD2=0
  nvertices=128381
  Gdiag_no=-1
  vno start=0, stop=128381
Replacing 255s with 0s
#SI# sigma=2 had to be increased for 252 vertices, nripped=8597
mean border=78.5, 759 (759) missing vertices, mean dist 0.2 [0.7 (%20.1)->0.4 (%79.9))]
%67 local maxima, %26 large gradients and % 0 min vals, 0 gradients ignored
nFirstPeakD1 0
MRIScomputeBorderValues_new() finished in 0.0093 min


Finding expansion regions
mean absolute distance = 0.49 +- 0.87
2270 vertices more than 2 sigmas from mean.
Averaging target values for 5 iterations...
Positioning Surface: tspring = 0.3, nspring = 0.3, spring = 0, niters = 100 l_repulse = 5, l_surf_repulse = 0, checktol = 0
Positioning pial surface
Entering MRISpositionSurface()
  max_mm = 0.3
  MAX_REDUCTIONS = 2, REDUCTION_PCT = 0.5
  parms->check_tol = 0, niterations = 100
tol=1.0e-04, sigma=2.0, host=dna08, nav=4, nbrs=2, l_repulse=5.000, l_tspring=0.300, l_nspring=0.300, l_intensity=0.200, l_curv=1.000
mom=0.00, dt=0.50
complete_dist_mat 0
rms 0
smooth_averages 0
remove_neg 0
ico_order 0
which_surface 0
target_radius 0.000000
nfields 0
scale 0.000000
desired_rms_height 0.000000
momentum 0.000000
nbhd_size 0
max_nbrs 0
niterations 100
nsurfaces 0
SURFACES 3
flags 0 (0)
use curv 0
no sulc 0
no rigid align 0
mris->nsize 2
mris->hemisphere 0
randomSeed 0

000: dt: 0.0000, sse=1265199.1, rms=6.619
001: dt: 0.5000, sse=653354.4, rms=4.223 (36.197%)
002: dt: 0.5000, sse=481769.4, rms=3.252 (22.985%)
rms = 3.2385/3.2524, sse=494784.4/481769.4, time step reduction 1 of 3 to 0.250  0 1 1
003: dt: 0.5000, sse=494784.4, rms=3.238 (0.428%)
004: dt: 0.2500, sse=329608.6, rms=2.132 (34.162%)
005: dt: 0.2500, sse=319414.0, rms=2.006 (5.927%)
rms = 1.9919/2.0057, sse=325802.5/319414.0, time step reduction 2 of 3 to 0.125  0 1 1
006: dt: 0.2500, sse=325802.5, rms=1.992 (0.691%)
007: dt: 0.1250, sse=316473.5, rms=1.830 (8.151%)
rms = 1.7799/1.8295, sse=303321.3/316473.5, time step reduction 3 of 3 to 0.062  0 0 1
008: dt: 0.1250, sse=303321.3, rms=1.780 (2.714%)
  maximum number of reductions reached, breaking from loop
positioning took 0.6 minutes
Iteration 1 =========================================
n_averages=2, current_sigma=1
Computing target border values 
Entering MRIScomputeBorderValues_new(): 
  inside_hi   = 120.0000000;
  border_hi   = 109.2482530;
  border_low  =  66.0000000;
  outside_low =  55.6190680;
  outside_hi  = 109.2482530;
  sigma = 1;
  max_thickness = 10;
  step_size=0.5;
  STEP_SIZE=0.1;
  which = 1
  thresh = 0
  flags = 0
  CBVfindFirstPeakD1=0
  CBVfindFirstPeakD2=0
  nvertices=128381
  Gdiag_no=-1
  vno start=0, stop=128381
Replacing 255s with 0s
#SI# sigma=1 had to be increased for 232 vertices, nripped=8597
mean border=80.9, 514 (346) missing vertices, mean dist -0.2 [0.4 (%71.5)->0.2 (%28.5))]
%75 local maxima, %17 large gradients and % 0 min vals, 0 gradients ignored
nFirstPeakD1 0
MRIScomputeBorderValues_new() finished in 0.0072 min


Finding expansion regions
mean absolute distance = 0.32 +- 0.66
2292 vertices more than 2 sigmas from mean.
Averaging target values for 5 iterations...
Positioning Surface: tspring = 0.3, nspring = 0.3, spring = 0, niters = 100 l_repulse = 5, l_surf_repulse = 0, checktol = 0
Positioning pial surface
Entering MRISpositionSurface()
  max_mm = 0.3
  MAX_REDUCTIONS = 2, REDUCTION_PCT = 0.5
  parms->check_tol = 0, niterations = 100
tol=1.0e-04, sigma=1.0, host=dna08, nav=2, nbrs=2, l_repulse=5.000, l_tspring=0.300, l_nspring=0.300, l_intensity=0.200, l_curv=1.000
mom=0.00, dt=0.50
000: dt: 0.0000, sse=662975.3, rms=4.229
009: dt: 0.5000, sse=486806.0, rms=3.108 (26.513%)
010: dt: 0.5000, sse=465850.7, rms=2.937 (5.504%)
rms = 3.0908/2.9369, sse=489978.0/465850.7, time step reduction 1 of 3 to 0.250  0 1 1
   RMS increased, rejecting step
011: dt: 0.2500, sse=375529.8, rms=2.284 (22.230%)
012: dt: 0.2500, sse=359163.2, rms=2.033 (10.978%)
rms = 2.0545/2.0333, sse=347061.8/359163.2, time step reduction 2 of 3 to 0.125  0 0 1
   RMS increased, rejecting step
013: dt: 0.1250, sse=344583.7, rms=1.967 (3.280%)
rms = 1.8797/1.9666, sse=346478.4/344583.6, time step reduction 3 of 3 to 0.062  0 1 0
014: dt: 0.1250, sse=346478.4, rms=1.880 (4.418%)
  maximum number of reductions reached, breaking from loop
positioning took 0.5 minutes
Iteration 2 =========================================
n_averages=1, current_sigma=0.5
Computing target border values 
Entering MRIScomputeBorderValues_new(): 
  inside_hi   = 120.0000000;
  border_hi   = 109.2482530;
  border_low  =  66.0000000;
  outside_low =  55.6190680;
  outside_hi  = 109.2482530;
  sigma = 0.5;
  max_thickness = 10;
  step_size=0.5;
  STEP_SIZE=0.1;
  which = 1
  thresh = 0
  flags = 0
  CBVfindFirstPeakD1=0
  CBVfindFirstPeakD2=0
  nvertices=128381
  Gdiag_no=-1
  vno start=0, stop=128381
Replacing 255s with 0s
#SI# sigma=0.5 had to be increased for 243 vertices, nripped=8597
mean border=82.4, 526 (281) missing vertices, mean dist -0.1 [0.3 (%65.3)->0.2 (%34.7))]
%80 local maxima, %13 large gradients and % 1 min vals, 0 gradients ignored
nFirstPeakD1 0
MRIScomputeBorderValues_new() finished in 0.0044 min


Finding expansion regions
mean absolute distance = 0.26 +- 0.53
2596 vertices more than 2 sigmas from mean.
Averaging target values for 5 iterations...
Positioning Surface: tspring = 0.3, nspring = 0.3, spring = 0, niters = 100 l_repulse = 5, l_surf_repulse = 0, checktol = 0
Positioning pial surface
Entering MRISpositionSurface()
  max_mm = 0.3
  MAX_REDUCTIONS = 2, REDUCTION_PCT = 0.5
  parms->check_tol = 0, niterations = 100
tol=1.0e-04, sigma=0.5, host=dna08, nav=1, nbrs=2, l_repulse=5.000, l_tspring=0.300, l_nspring=0.300, l_intensity=0.200, l_curv=1.000
mom=0.00, dt=0.50
000: dt: 0.0000, sse=479815.7, rms=3.039
015: dt: 0.5000, sse=471056.7, rms=2.947 (3.039%)
016: dt: 0.5000, sse=465839.2, rms=2.853 (3.204%)
rms = 3.1035/2.8526, sse=483954.3/465839.2, time step reduction 1 of 3 to 0.250  0 1 1
   RMS increased, rejecting step
017: dt: 0.2500, sse=364949.3, rms=2.175 (23.753%)
018: dt: 0.2500, sse=356082.1, rms=2.001 (7.992%)
rms = 2.0551/2.0011, sse=363383.6/356082.1, time step reduction 2 of 3 to 0.125  0 1 1
   RMS increased, rejecting step
019: dt: 0.1250, sse=340051.6, rms=1.917 (4.219%)
rms = 1.8191/1.9167, sse=349795.3/340051.6, time step reduction 3 of 3 to 0.062  0 1 0
020: dt: 0.1250, sse=349795.3, rms=1.819 (5.093%)
  maximum number of reductions reached, breaking from loop
positioning took 0.5 minutes
Iteration 3 =========================================
n_averages=0, current_sigma=0.25
Computing target border values 
Entering MRIScomputeBorderValues_new(): 
  inside_hi   = 120.0000000;
  border_hi   = 109.2482530;
  border_low  =  66.0000000;
  outside_low =  55.6190680;
  outside_hi  = 109.2482530;
  sigma = 0.25;
  max_thickness = 10;
  step_size=0.5;
  STEP_SIZE=0.1;
  which = 1
  thresh = 0
  flags = 0
  CBVfindFirstPeakD1=0
  CBVfindFirstPeakD2=0
  nvertices=128381
  Gdiag_no=-1
  vno start=0, stop=128381
Replacing 255s with 0s
#SI# sigma=0.25 had to be increased for 212 vertices, nripped=8597
mean border=82.9, 588 (248) missing vertices, mean dist -0.0 [0.3 (%54.3)->0.2 (%45.7))]
%82 local maxima, %10 large gradients and % 1 min vals, 0 gradients ignored
nFirstPeakD1 0
MRIScomputeBorderValues_new() finished in 0.0030 min


Finding expansion regions
mean absolute distance = 0.25 +- 0.45
2639 vertices more than 2 sigmas from mean.
Averaging target values for 5 iterations...
Positioning Surface: tspring = 0.3, nspring = 0.3, spring = 0, niters = 100 l_repulse = 5, l_surf_repulse = 0, checktol = 0
Positioning pial surface
Entering MRISpositionSurface()
  max_mm = 0.3
  MAX_REDUCTIONS = 2, REDUCTION_PCT = 0.5
  parms->check_tol = 0, niterations = 100
tol=1.0e-04, sigma=0.2, host=dna08, nav=0, nbrs=2, l_repulse=5.000, l_tspring=0.300, l_nspring=0.300, l_intensity=0.200, l_curv=1.000
mom=0.00, dt=0.50
000: dt: 0.0000, sse=386320.8, rms=2.215
rms = 2.4798/2.2148, sse=412991.1/386320.8, time step reduction 1 of 3 to 0.250  0 1 1
   RMS increased, rejecting step
021: dt: 0.2500, sse=342286.4, rms=1.900 (14.221%)
rms = 1.8747/1.8998, sse=347299.4/342286.4, time step reduction 2 of 3 to 0.125  0 1 1
022: dt: 0.2500, sse=347299.4, rms=1.875 (1.323%)
023: dt: 0.1250, sse=343474.5, rms=1.693 (9.672%)
rms = 1.6452/1.6934, sse=339582.9/343474.5, time step reduction 3 of 3 to 0.062  0 0 1
024: dt: 0.1250, sse=339582.9, rms=1.645 (2.844%)
  maximum number of reductions reached, breaking from loop
positioning took 0.3 minutes


Writing output to ../surf/lh.white
#ET# mris_place_surface  2.10 minutes
#VMPC# mris_place_surfaces VmPeak  2960376
mris_place_surface done
#--------------------------------------------
#@# T1PialSurf lh Sat Mar 14 01:10:00 CET 2026
cd /out/sourcedata/freesurfer/sub-v2s7x29798_ses-1/mri
mris_place_surface --adgws-in ../surf/autodet.gw.stats.lh.dat --seg aseg.presurf.mgz --threads 16 --wm wm.mgz --invol brain.finalsurfs.mgz --lh --i ../surf/lh.white --o ../surf/lh.pial.T1 --pial --nsmooth 0 --rip-label ../label/lh.cortex+hipamyg.label --pin-medial-wall ../label/lh.cortex.label --aparc ../label/lh.aparc.annot --repulse-surf ../surf/lh.white --white-surf ../surf/lh.white
7.3.2
7.3.2

cd /out/sourcedata/freesurfer/sub-v2s7x29798_ses-1/mri
setenv SUBJECTS_DIR /out/sourcedata/freesurfer
mris_place_surface --adgws-in ../surf/autodet.gw.stats.lh.dat --seg aseg.presurf.mgz --threads 16 --wm wm.mgz --invol brain.finalsurfs.mgz --lh --i ../surf/lh.white --o ../surf/lh.pial.T1 --pial --nsmooth 0 --rip-label ../label/lh.cortex+hipamyg.label --pin-medial-wall ../label/lh.cortex.label --aparc ../label/lh.aparc.annot --repulse-surf ../surf/lh.white --white-surf ../surf/lh.white 

Reading in input surface ../surf/lh.white
Not smoothing input surface
Area    256758  0.35703  0.14646 0.001032   4.7997
Corner  770274 60.00000 14.77569 0.250433 179.1576
Edge    385137  0.92065  0.23012 0.021958   3.6813
Hinge   385137  9.48664 11.80710 0.000012 179.9998
Reading white surface coordinates from ../surf/lh.white
Reading repulsion surface coordinates from ../surf/lh.white
Reading in aparc ../label/lh.aparc.annot
Reading in input volume brain.finalsurfs.mgz
Reading in wm volume wm.mgz
MRIclipBrightWM(): nthresh=13471, wmmin=5, clip=110 
MRIfindBrightNonWM(): 1750 bright non-wm voxels segmented.
Masking bright non-wm for pial surface mid_gray = 63.8045
MRImask(): AllowDiffGeom = 1
MRImask(): AllowDiffGeom = 1
MRImask(): AllowDiffGeom = 1
Reading in seg volume aseg.presurf.mgz
Ripping frozen voxels
Ripping vertices not in label ../label/lh.cortex+hipamyg.label
MRISripNotLabel() ripped 6216/128381 vertices (122165 unripped)
INFO: rip surface needed but not specified, so using input surface
Ripping segs (eg, WMSA, BG, frozen)
Starting MRISripSegs() d = (-2 2 0.5) segnos: 247 
MRISripSegs(): -2 2 0.5 ripped 0
vertex 64191: xyz = (-59.4962,1.37072,14.0149) oxyz = (-59.4962,1.37072,14.0149) wxzy = (-59.4962,1.37072,14.0149) pxyz = (-59.4962,1.37072,14.0149) 
CBVO Creating mask 128381
n_averages 16
Iteration 0 =========================================
n_averages=16, current_sigma=2
Computing target border values 
Entering MRIScomputeBorderValues_new(): 
  inside_hi   =  92.7517470;
  border_hi   =  55.6190680;
  border_low  =  34.8572040;
  outside_low =  10.0000000;
  outside_hi  =  50.4286040;
  sigma = 2;
  max_thickness = 10;
  step_size=0.5;
  STEP_SIZE=0.1;
  which = 2
  thresh = 0
  flags = 0
  CBVfindFirstPeakD1=0
  CBVfindFirstPeakD2=0
  nvertices=128381
  Gdiag_no=-1
  vno start=0, stop=128381
Replacing 255s with 0s
#SI# sigma=2 had to be increased for 325 vertices, nripped=6216
mean border=54.2, 738 (738) missing vertices, mean dist 1.7 [2.8 (%0.2)->2.9 (%99.8))]
%13 local maxima, %42 large gradients and %39 min vals, 0 gradients ignored
nFirstPeakD1 0
MRIScomputeBorderValues_new() finished in 0.0095 min


Averaging target values for 5 iterations...
Positioning Surface: tspring = 0.3, nspring = 0.3, spring = 0, niters = 100 l_repulse = 0, l_surf_repulse = 5, checktol = 0
Positioning pial surface
Entering MRISpositionSurface()
  max_mm = 0.3
  MAX_REDUCTIONS = 2, REDUCTION_PCT = 0.5
  parms->check_tol = 0, niterations = 100
tol=1.0e-04, sigma=2.0, host=dna08, nav=16, nbrs=2, l_surf_repulse=5.000, l_tspring=0.300, l_nspring=0.300, l_intensity=0.200, l_curv=1.000
mom=0.00, dt=0.50
complete_dist_mat 0
rms 0
smooth_averages 0
remove_neg 0
ico_order 0
which_surface 0
target_radius 0.000000
nfields 0
scale 0.000000
desired_rms_height 0.000000
momentum 0.000000
nbhd_size 0
max_nbrs 0
niterations 100
nsurfaces 0
SURFACES 3
flags 0 (0)
use curv 0
no sulc 0
no rigid align 0
mris->nsize 2
mris->hemisphere 0
randomSeed 0

000: dt: 0.0000, sse=21234502.0, rms=29.433
001: dt: 0.5000, sse=14543422.0, rms=24.305 (17.422%)
002: dt: 0.5000, sse=9761793.0, rms=19.844 (18.356%)
003: dt: 0.5000, sse=6593474.0, rms=16.224 (18.243%)
004: dt: 0.5000, sse=4649682.5, rms=13.529 (16.607%)
005: dt: 0.5000, sse=3443463.2, rms=11.543 (14.681%)
006: dt: 0.5000, sse=2699012.0, rms=10.122 (12.311%)
007: dt: 0.5000, sse=2175320.5, rms=8.987 (11.219%)
008: dt: 0.5000, sse=1828854.1, rms=8.146 (9.355%)
009: dt: 0.5000, sse=1545780.0, rms=7.387 (9.317%)
010: dt: 0.5000, sse=1352200.2, rms=6.817 (7.717%)
011: dt: 0.5000, sse=1174272.8, rms=6.247 (8.360%)
012: dt: 0.5000, sse=1068533.9, rms=5.879 (5.884%)
013: dt: 0.5000, sse=962902.8, rms=5.488 (6.651%)
014: dt: 0.5000, sse=910873.6, rms=5.282 (3.754%)
015: dt: 0.5000, sse=850633.9, rms=5.035 (4.682%)
016: dt: 0.5000, sse=823830.1, rms=4.918 (2.322%)
017: dt: 0.5000, sse=777829.5, rms=4.716 (4.112%)
rms = 4.6665/4.7160, sse=767609.8/777829.5, time step reduction 1 of 3 to 0.250  0 0 1
018: dt: 0.5000, sse=767609.8, rms=4.666 (1.049%)
019: dt: 0.2500, sse=689255.7, rms=4.293 (8.010%)
020: dt: 0.2500, sse=677817.6, rms=4.234 (1.359%)
rms = 4.1865/4.2344, sse=668528.4/677817.6, time step reduction 2 of 3 to 0.125  0 0 1
021: dt: 0.2500, sse=668528.4, rms=4.187 (1.130%)
022: dt: 0.1250, sse=651799.8, rms=4.101 (2.051%)
023: dt: 0.1250, sse=640957.9, rms=4.045 (1.369%)
rms = 4.0286/4.0445, sse=638032.0/640957.9, time step reduction 3 of 3 to 0.062  0 0 1
024: dt: 0.1250, sse=638032.0, rms=4.029 (0.394%)
  maximum number of reductions reached, breaking from loop
positioning took 1.7 minutes
Iteration 1 =========================================
n_averages=8, current_sigma=1
Computing target border values 
Entering MRIScomputeBorderValues_new(): 
  inside_hi   =  92.7517470;
  border_hi   =  55.6190680;
  border_low  =  34.8572040;
  outside_low =  10.0000000;
  outside_hi  =  50.4286040;
  sigma = 1;
  max_thickness = 10;
  step_size=0.5;
  STEP_SIZE=0.1;
  which = 2
  thresh = 0
  flags = 0
  CBVfindFirstPeakD1=0
  CBVfindFirstPeakD2=0
  nvertices=128381
  Gdiag_no=-1
  vno start=0, stop=128381
Replacing 255s with 0s
#SI# sigma=1 had to be increased for 9757 vertices, nripped=6216
mean border=52.9, 2620 (338) missing vertices, mean dist 0.2 [0.2 (%49.5)->0.8 (%50.5))]
%22 local maxima, %38 large gradients and %34 min vals, 0 gradients ignored
nFirstPeakD1 0
MRIScomputeBorderValues_new() finished in 0.0045 min


Averaging target values for 5 iterations...
Positioning Surface: tspring = 0.3, nspring = 0.3, spring = 0, niters = 100 l_repulse = 0, l_surf_repulse = 5, checktol = 0
Positioning pial surface
Entering MRISpositionSurface()
  max_mm = 0.3
  MAX_REDUCTIONS = 2, REDUCTION_PCT = 0.5
  parms->check_tol = 0, niterations = 100
tol=1.0e-04, sigma=1.0, host=dna08, nav=8, nbrs=2, l_surf_repulse=5.000, l_tspring=0.300, l_nspring=0.300, l_intensity=0.200, l_curv=1.000
mom=0.00, dt=0.50
000: dt: 0.0000, sse=853142.2, rms=4.784
025: dt: 0.5000, sse=816940.3, rms=4.623 (3.358%)
026: dt: 0.5000, sse=771729.3, rms=4.423 (4.327%)
rms = 4.5541/4.4233, sse=800628.1/771729.3, time step reduction 1 of 3 to 0.250  0 1 1
   RMS increased, rejecting step
027: dt: 0.2500, sse=722309.3, rms=4.180 (5.495%)
rms = 4.1412/4.1803, sse=715336.1/722309.3, time step reduction 2 of 3 to 0.125  0 0 1
028: dt: 0.2500, sse=715336.1, rms=4.141 (0.935%)
rms = 4.1260/4.1412, sse=712903.8/715336.1, time step reduction 3 of 3 to 0.062  0 0 1
029: dt: 0.1250, sse=712903.8, rms=4.126 (0.366%)
  maximum number of reductions reached, breaking from loop
positioning took 0.4 minutes
Iteration 2 =========================================
n_averages=4, current_sigma=0.5
Computing target border values 
Entering MRIScomputeBorderValues_new(): 
  inside_hi   =  92.7517470;
  border_hi   =  55.6190680;
  border_low  =  34.8572040;
  outside_low =  10.0000000;
  outside_hi  =  50.4286040;
  sigma = 0.5;
  max_thickness = 10;
  step_size=0.5;
  STEP_SIZE=0.1;
  which = 2
  thresh = 0
  flags = 0
  CBVfindFirstPeakD1=0
  CBVfindFirstPeakD2=0
  nvertices=128381
  Gdiag_no=-1
  vno start=0, stop=128381
Replacing 255s with 0s
#SI# sigma=0.5 had to be increased for 11246 vertices, nripped=6216
mean border=52.2, 3308 (306) missing vertices, mean dist 0.2 [0.2 (%47.6)->0.7 (%52.4))]
%30 local maxima, %29 large gradients and %34 min vals, 0 gradients ignored
nFirstPeakD1 0
MRIScomputeBorderValues_new() finished in 0.0028 min


Averaging target values for 5 iterations...
Positioning Surface: tspring = 0.3, nspring = 0.3, spring = 0, niters = 100 l_repulse = 0, l_surf_repulse = 5, checktol = 0
Positioning pial surface
Entering MRISpositionSurface()
  max_mm = 0.3
  MAX_REDUCTIONS = 2, REDUCTION_PCT = 0.5
  parms->check_tol = 0, niterations = 100
tol=1.0e-04, sigma=0.5, host=dna08, nav=4, nbrs=2, l_surf_repulse=5.000, l_tspring=0.300, l_nspring=0.300, l_intensity=0.200, l_curv=1.000
mom=0.00, dt=0.50
000: dt: 0.0000, sse=785379.4, rms=4.438
rms = 4.4725/4.4383, sse=792505.6/785379.5, time step reduction 1 of 3 to 0.250  0 1 1
   RMS increased, rejecting step
030: dt: 0.2500, sse=746827.6, rms=4.254 (4.145%)
031: dt: 0.2500, sse=734182.2, rms=4.192 (1.470%)
rms = 4.4063/4.1918, sse=779000.5/734182.2, time step reduction 2 of 3 to 0.125  0 1 1
   RMS increased, rejecting step
rms = 4.1621/4.1918, sse=728260.2/734182.2, time step reduction 3 of 3 to 0.062  0 0 1
032: dt: 0.1250, sse=728260.2, rms=4.162 (0.709%)
  maximum number of reductions reached, breaking from loop
positioning took 0.3 minutes
Iteration 3 =========================================
n_averages=2, current_sigma=0.25
Computing target border values 
Entering MRIScomputeBorderValues_new(): 
  inside_hi   =  92.7517470;
  border_hi   =  55.6190680;
  border_low  =  34.8572040;
  outside_low =  10.0000000;
  outside_hi  =  50.4286040;
  sigma = 0.25;
  max_thickness = 10;
  step_size=0.5;
  STEP_SIZE=0.1;
  which = 2
  thresh = 0
  flags = 0
  CBVfindFirstPeakD1=0
  CBVfindFirstPeakD2=0
  nvertices=128381
  Gdiag_no=-1
  vno start=0, stop=128381
Replacing 255s with 0s
#SI# sigma=0.25 had to be increased for 9331 vertices, nripped=6216
mean border=51.7, 6138 (295) missing vertices, mean dist 0.1 [0.2 (%45.6)->0.5 (%54.4))]
%36 local maxima, %22 large gradients and %32 min vals, 0 gradients ignored
nFirstPeakD1 0
MRIScomputeBorderValues_new() finished in 0.0019 min


Averaging target values for 5 iterations...
Positioning Surface: tspring = 0.3, nspring = 0.3, spring = 0, niters = 100 l_repulse = 0, l_surf_repulse = 5, checktol = 0
Positioning pial surface
Entering MRISpositionSurface()
  max_mm = 0.3
  MAX_REDUCTIONS = 2, REDUCTION_PCT = 0.5
  parms->check_tol = 0, niterations = 100
tol=1.0e-04, sigma=0.2, host=dna08, nav=2, nbrs=2, l_surf_repulse=5.000, l_tspring=0.300, l_nspring=0.300, l_intensity=0.200, l_curv=1.000
mom=0.00, dt=0.50
000: dt: 0.0000, sse=755703.2, rms=4.293
rms = 4.4554/4.2930, sse=788547.7/755703.2, time step reduction 1 of 3 to 0.250  0 1 1
   RMS increased, rejecting step
033: dt: 0.2500, sse=725423.8, rms=4.145 (3.451%)
rms = 4.0991/4.1449, sse=715622.0/725423.7, time step reduction 2 of 3 to 0.125  0 0 1
034: dt: 0.2500, sse=715622.0, rms=4.099 (1.105%)
035: dt: 0.1250, sse=702551.9, rms=4.032 (1.645%)
036: dt: 0.1250, sse=681267.0, rms=3.923 (2.699%)
rms = 3.8788/3.9228, sse=672672.7/681267.0, time step reduction 3 of 3 to 0.062  0 0 1
037: dt: 0.1250, sse=672672.7, rms=3.879 (1.124%)
  maximum number of reductions reached, breaking from loop
positioning took 0.4 minutes
Pinning medial wall to white surface
removing intersecting faces
000: 10 intersecting
terminating search with 0 intersecting


Writing output to ../surf/lh.pial.T1
#ET# mris_place_surface  2.85 minutes
#VMPC# mris_place_surfaces VmPeak  2370768
mris_place_surface done
#@# white curv lh Sat Mar 14 01:12:55 CET 2026
cd /out/sourcedata/freesurfer/sub-v2s7x29798_ses-1/mri
mris_place_surface --curv-map ../surf/lh.white 2 10 ../surf/lh.curv
insurf  ../surf/lh.white, nbrs 2, curvature_avgs 10
writing curvature file ../surf/lh.curv
#@# white area lh Sat Mar 14 01:12:56 CET 2026
cd /out/sourcedata/freesurfer/sub-v2s7x29798_ses-1/mri
mris_place_surface --area-map ../surf/lh.white ../surf/lh.area
writing curvature file ../surf/lh.area
#@# pial curv lh Sat Mar 14 01:12:57 CET 2026
cd /out/sourcedata/freesurfer/sub-v2s7x29798_ses-1/mri
mris_place_surface --curv-map ../surf/lh.pial 2 10 ../surf/lh.curv.pial
insurf  ../surf/lh.pial, nbrs 2, curvature_avgs 10
writing curvature file ../surf/lh.curv.pial
#@# pial area lh Sat Mar 14 01:12:58 CET 2026
cd /out/sourcedata/freesurfer/sub-v2s7x29798_ses-1/mri
mris_place_surface --area-map ../surf/lh.pial ../surf/lh.area.pial
writing curvature file ../surf/lh.area.pial
#@# thickness lh Sat Mar 14 01:12:59 CET 2026
cd /out/sourcedata/freesurfer/sub-v2s7x29798_ses-1/mri
mris_place_surface --thickness ../surf/lh.white ../surf/lh.pial 20 5 ../surf/lh.thickness
0 of 128381 vertices processed
25000 of 128381 vertices processed
50000 of 128381 vertices processed
75000 of 128381 vertices processed
100000 of 128381 vertices processed
125000 of 128381 vertices processed
0 of 128381 vertices processed
25000 of 128381 vertices processed
50000 of 128381 vertices processed
75000 of 128381 vertices processed
100000 of 128381 vertices processed
125000 of 128381 vertices processed
thickness calculation complete, 431:2620 truncations.
63190 vertices at 0 distance
102365 vertices at 1 distance
54509 vertices at 2 distance
21586 vertices at 3 distance
8532 vertices at 4 distance
3468 vertices at 5 distance
1454 vertices at 6 distance
655 vertices at 7 distance
306 vertices at 8 distance
166 vertices at 9 distance
129 vertices at 10 distance
74 vertices at 11 distance
71 vertices at 12 distance
48 vertices at 13 distance
41 vertices at 14 distance
43 vertices at 15 distance
48 vertices at 16 distance
23 vertices at 17 distance
16 vertices at 18 distance
15 vertices at 19 distance
23 vertices at 20 distance
writing curvature file ../surf/lh.thickness
#@# area and vertex vol lh Sat Mar 14 01:13:16 CET 2026
cd /out/sourcedata/freesurfer/sub-v2s7x29798_ses-1/mri
mris_place_surface --thickness ../surf/lh.white ../surf/lh.pial 20 5 ../surf/lh.thickness
/out/sourcedata/freesurfer/sub-v2s7x29798_ses-1/surf
mris_calc -o lh.area.mid lh.area add lh.area.pial
Saving result to 'lh.area.mid' (type = MRI_CURV_FILE)                       [ ok ]
mris_calc -o lh.area.mid lh.area.mid div 2
Saving result to 'lh.area.mid' (type = MRI_CURV_FILE)                       [ ok ]
mris_convert --volume sub-v2s7x29798_ses-1 lh /out/sourcedata/freesurfer/sub-v2s7x29798_ses-1/surf/lh.volume
masking with /out/sourcedata/freesurfer/sub-v2s7x29798_ses-1/label/lh.cortex.label
Total face volume 244091
Total vertex volume 243875 (mask=0)
#@# sub-v2s7x29798_ses-1 lh 243875
 
vertexvol Done

#-----------------------------------------
#@# Curvature Stats lh Sat Mar 14 01:13:17 CET 2026
/out/sourcedata/freesurfer/sub-v2s7x29798_ses-1/surf

 mris_curvature_stats -m --writeCurvatureFiles -G -o ../stats/lh.curv.stats -F smoothwm sub-v2s7x29798_ses-1 lh curv sulc 

             Toggling save flag on curvature files                       [ ok ]
                 Outputting results using filestem   [ ../stats/lh.curv.stats ]
             Toggling save flag on curvature files                       [ ok ]
                                   Setting surface [ sub-v2s7x29798_ses-1/lh.smoothwm ]
                                Reading surface...                       [ ok ]
                                   Setting texture                     [ curv ]
                                Reading texture...                       [ ok ]
                                   Setting texture                     [ sulc ]
                                Reading texture...Gb_filter = 0
                       [ ok ]
      Calculating Discrete Principal Curvatures...
      Determining geometric order for vno faces... [####################] [ ok ]
                      Determining KH curvatures... [####################] [ ok ]
                    Determining k1k2 curvatures... [####################] [ ok ]
                                   deltaViolations                      [ 246 ]
Gb_filter = 0
#-----------------------------------------
#@# Cortical Parc 2 lh Sat Mar 14 01:13:18 CET 2026
/out/sourcedata/freesurfer/sub-v2s7x29798_ses-1/scripts

 mris_ca_label -l ../label/lh.cortex.label -aseg ../mri/aseg.presurf.mgz -seed 1234 sub-v2s7x29798_ses-1 lh ../surf/lh.sphere.reg /opt/freesurfer/average/lh.CDaparc.atlas.acfb40.noaparc.i12.2016-08-02.gcs ../label/lh.aparc.a2009s.annot 

setting seed for random number generator to 1234
using ../mri/aseg.presurf.mgz aseg volume to correct midline
7.3.2
  7.3.2
reading atlas from /opt/freesurfer/average/lh.CDaparc.atlas.acfb40.noaparc.i12.2016-08-02.gcs...
reading color table from GCSA file....
average std = 3.0   using min determinant for regularization = 0.088
0 singular and 0 ill-conditioned covariance matrices regularized
input 0: MEAN CURVATURE, flags 0, avgs 5, name mean_curvature
labeling surface...
22 labels changed using aseg
relabeling using gibbs priors...
000:   8682 changed, 128381 examined...
001:   2021 changed, 33695 examined...
002:    607 changed, 10750 examined...
003:    259 changed, 3424 examined...
004:    116 changed, 1469 examined...
005:     64 changed, 696 examined...
006:     38 changed, 368 examined...
007:     15 changed, 211 examined...
008:     12 changed, 91 examined...
009:      8 changed, 65 examined...
010:      3 changed, 47 examined...
011:      1 changed, 17 examined...
012:      1 changed, 6 examined...
013:      2 changed, 6 examined...
014:      1 changed, 12 examined...
015:      0 changed, 6 examined...
15 labels changed using aseg
000: 225 total segments, 139 labels (2016 vertices) changed
001: 91 total segments, 6 labels (41 vertices) changed
002: 85 total segments, 0 labels (0 vertices) changed
10 filter iterations complete (10 requested, 40 changed)
rationalizing unknown annotations with cortex label
relabeling Medial_wall label...
1258 vertices marked for relabeling...
1258 labels changed in reclassification.
writing output to ../label/lh.aparc.a2009s.annot...
classification took 0 minutes and 9 seconds.
#-----------------------------------------
#@# Cortical Parc 3 lh Sat Mar 14 01:13:28 CET 2026
/out/sourcedata/freesurfer/sub-v2s7x29798_ses-1/scripts

 mris_ca_label -l ../label/lh.cortex.label -aseg ../mri/aseg.presurf.mgz -seed 1234 sub-v2s7x29798_ses-1 lh ../surf/lh.sphere.reg /opt/freesurfer/average/lh.DKTaparc.atlas.acfb40.noaparc.i12.2016-08-02.gcs ../label/lh.aparc.DKTatlas.annot 

setting seed for random number generator to 1234
using ../mri/aseg.presurf.mgz aseg volume to correct midline
7.3.2
  7.3.2
reading atlas from /opt/freesurfer/average/lh.DKTaparc.atlas.acfb40.noaparc.i12.2016-08-02.gcs...
reading color table from GCSA file....
average std = 1.4   using min determinant for regularization = 0.020
0 singular and 383 ill-conditioned covariance matrices regularized
input 0: MEAN CURVATURE, flags 0, avgs 5, name mean_curvature
labeling surface...
1482 labels changed using aseg
relabeling using gibbs priors...
000:   1921 changed, 128381 examined...
001:    454 changed, 8993 examined...
002:    130 changed, 2671 examined...
003:     59 changed, 762 examined...
004:     32 changed, 322 examined...
005:     12 changed, 192 examined...
006:      7 changed, 75 examined...
007:      5 changed, 47 examined...
008:      4 changed, 34 examined...
009:      4 changed, 23 examined...
010:      4 changed, 25 examined...
011:      6 changed, 25 examined...
012:      4 changed, 31 examined...
013:      3 changed, 24 examined...
014:      3 changed, 18 examined...
015:      1 changed, 20 examined...
016:      2 changed, 8 examined...
017:      1 changed, 9 examined...
018:      2 changed, 7 examined...
019:      2 changed, 9 examined...
020:      1 changed, 10 examined...
021:      1 changed, 8 examined...
022:      0 changed, 7 examined...
271 labels changed using aseg
000: 51 total segments, 18 labels (111 vertices) changed
001: 33 total segments, 0 labels (0 vertices) changed
10 filter iterations complete (10 requested, 2 changed)
rationalizing unknown annotations with cortex label
relabeling unknown label...
relabeling corpuscallosum label...
860 vertices marked for relabeling...
860 labels changed in reclassification.
writing output to ../label/lh.aparc.DKTatlas.annot...
classification took 0 minutes and 7 seconds.
#-----------------------------------------
#@# WM/GM Contrast lh Sat Mar 14 01:13:35 CET 2026
/out/sourcedata/freesurfer/sub-v2s7x29798_ses-1/scripts

 pctsurfcon --s sub-v2s7x29798_ses-1 --lh-only 

Log file is /out/sourcedata/freesurfer/sub-v2s7x29798_ses-1/scripts/pctsurfcon.log
Sat Mar 14 01:13:35 CET 2026
setenv SUBJECTS_DIR /out/sourcedata/freesurfer
cd /out/sourcedata/freesurfer/sub-v2s7x29798_ses-1/scripts
/opt/freesurfer/bin/pctsurfcon
pctsurfcon 7.3.2
Linux dna080 5.14.0-427.37.1.el9_4.x86_64 #1 SMP PREEMPT_DYNAMIC Fri Sep 13 12:41:50 EDT 2024 x86_64 x86_64 x86_64 GNU/Linux
FREESURFER_HOME /opt/freesurfer
mri_vol2surf --mov /out/sourcedata/freesurfer/sub-v2s7x29798_ses-1/mri/rawavg.mgz --hemi lh --noreshape --interp trilinear --projdist -1 --o /out/sourcedata/freesurfer/sub-v2s7x29798_ses-1/surf/tmp.pctsurfcon.3361731/lh.wm.mgh --regheader sub-v2s7x29798_ses-1 --cortex
srcvol = /out/sourcedata/freesurfer/sub-v2s7x29798_ses-1/mri/rawavg.mgz
srcreg unspecified
srcregold = 0
srcwarp unspecified
surf = white
hemi = lh
ProjDist = -1
reshape = 0
interp = trilinear
float2int = round
GetProjMax = 0
INFO: float2int code = 0
Done loading volume
Computing registration from header.
  Using /out/sourcedata/freesurfer/sub-v2s7x29798_ses-1/mri/orig.mgz as target reference.
-------- original matrix -----------
-1.00000   0.00000   0.00000   0.00001;
 0.00000   0.00000   1.00000   0.00003;
 0.00000  -1.00000   0.00000   0.00000;
 0.00000   0.00000   0.00000   1.00000;
-------- original matrix -----------
Loading label /out/sourcedata/freesurfer/sub-v2s7x29798_ses-1/label/lh.cortex.label
Reading surface /out/sourcedata/freesurfer/sub-v2s7x29798_ses-1/surf/lh.white
Done reading source surface
Mapping Source Volume onto Source Subject Surface
Projecting -1 -1 1
 1 -1 -1 -1
using old
Done mapping volume to surface
Number of source voxels hit = 74291
Masking with /out/sourcedata/freesurfer/sub-v2s7x29798_ses-1/label/lh.cortex.label
Writing to /out/sourcedata/freesurfer/sub-v2s7x29798_ses-1/surf/tmp.pctsurfcon.3361731/lh.wm.mgh
Dim: 128381 1 1
mri_vol2surf --mov /out/sourcedata/freesurfer/sub-v2s7x29798_ses-1/mri/rawavg.mgz --hemi lh --noreshape --interp trilinear --o /out/sourcedata/freesurfer/sub-v2s7x29798_ses-1/surf/tmp.pctsurfcon.3361731/lh.gm.mgh --projfrac 0.3 --regheader sub-v2s7x29798_ses-1 --cortex
srcvol = /out/sourcedata/freesurfer/sub-v2s7x29798_ses-1/mri/rawavg.mgz
srcreg unspecified
srcregold = 0
srcwarp unspecified
surf = white
hemi = lh
ProjFrac = 0.3
thickness = thickness
reshape = 0
interp = trilinear
float2int = round
GetProjMax = 0
INFO: float2int code = 0
Done loading volume
Computing registration from header.
  Using /out/sourcedata/freesurfer/sub-v2s7x29798_ses-1/mri/orig.mgz as target reference.
-------- original matrix -----------
-1.00000   0.00000   0.00000   0.00001;
 0.00000   0.00000   1.00000   0.00003;
 0.00000  -1.00000   0.00000   0.00000;
 0.00000   0.00000   0.00000   1.00000;
-------- original matrix -----------
Loading label /out/sourcedata/freesurfer/sub-v2s7x29798_ses-1/label/lh.cortex.label
Reading surface /out/sourcedata/freesurfer/sub-v2s7x29798_ses-1/surf/lh.white
Done reading source surface
Reading thickness /out/sourcedata/freesurfer/sub-v2s7x29798_ses-1/surf/lh.thickness
Done
Mapping Source Volume onto Source Subject Surface
Projecting 0.3 0.3 1
 1 0.3 0.3 0.3
using old
Done mapping volume to surface
Number of source voxels hit = 82064
Masking with /out/sourcedata/freesurfer/sub-v2s7x29798_ses-1/label/lh.cortex.label
Writing to /out/sourcedata/freesurfer/sub-v2s7x29798_ses-1/surf/tmp.pctsurfcon.3361731/lh.gm.mgh
Dim: 128381 1 1
mri_concat /out/sourcedata/freesurfer/sub-v2s7x29798_ses-1/surf/tmp.pctsurfcon.3361731/lh.wm.mgh /out/sourcedata/freesurfer/sub-v2s7x29798_ses-1/surf/tmp.pctsurfcon.3361731/lh.gm.mgh --paired-diff-norm --mul 100 --o /out/sourcedata/freesurfer/sub-v2s7x29798_ses-1/surf/lh.w-g.pct.mgh
ninputs = 2
Checking inputs
nframestot = 2
Allocing output
Done allocing
Combining pairs
nframes = 1
Multiplying by 100.000000
Writing to /out/sourcedata/freesurfer/sub-v2s7x29798_ses-1/surf/lh.w-g.pct.mgh
mri_segstats --in /out/sourcedata/freesurfer/sub-v2s7x29798_ses-1/surf/lh.w-g.pct.mgh --annot sub-v2s7x29798_ses-1 lh aparc --sum /out/sourcedata/freesurfer/sub-v2s7x29798_ses-1/stats/lh.w-g.pct.stats --snr

7.3.2
cwd 
cmdline mri_segstats --in /out/sourcedata/freesurfer/sub-v2s7x29798_ses-1/surf/lh.w-g.pct.mgh --annot sub-v2s7x29798_ses-1 lh aparc --sum /out/sourcedata/freesurfer/sub-v2s7x29798_ses-1/stats/lh.w-g.pct.stats --snr 
sysname  Linux
hostname dna080
machine  x86_64
user     oesteban
whitesurfname  white
UseRobust  0
Constructing seg from annotation

Reading annotation /out/sourcedata/freesurfer/sub-v2s7x29798_ses-1/label/lh.aparc.annot
Seg base 1000
Loading /out/sourcedata/freesurfer/sub-v2s7x29798_ses-1/surf/lh.w-g.pct.mgh
Vertex Area is 0.714045 mm^3
Generating list of segmentation ids
Found  36 segmentations
Computing statistics for each segmentation

Reporting on  35 segmentations
Using PrintSegStat
mri_segstats done
Cleaning up

Started at Sat Mar 14 00:49:34 CET 2026 
Ended   at Sat Mar 14 01:13:37 CET 2026
#@#%# recon-all-run-time-hours 0.401
recon-all -s sub-v2s7x29798_ses-1 finished without error at Sat Mar 14 01:13:37 CET 2026



#New# invocation of recon-all 




Sat Mar 14 01:54:12 CET 2026
cd /out/sourcedata/freesurfer/sub-v2s7x29798_ses-1
setenv SUBJECTS_DIR /out/sourcedata/freesurfer
/opt/freesurfer/bin/recon-all -autorecon-hemi lh -nohyporelabel -lh-only -openmp 16 -subjid sub-v2s7x29798_ses-1 -sd /out/sourcedata/freesurfer -notessellate -nosmooth1 -noinflate1 -noqsphere -nofix -nowhite -nosmooth2 -noinflate2 -nocurvHK -nocurvstats -nosphere -nosurfreg -nojacobian_white -noavgcurv -nocortparc -nopial -nocortparc2 -nocortparc3 -nopctsurfcon

subjid sub-v2s7x29798_ses-1
setenv SUBJECTS_DIR /out/sourcedata/freesurfer
FREESURFER_HOME /opt/freesurfer
Actual FREESURFER_HOME /opt/freesurfer
build-stamp.txt: freesurfer-linux-ubuntu22_x86_64-7.3.2-20220804-6354275
Linux dna080 5.14.0-427.37.1.el9_4.x86_64 #1 SMP PREEMPT_DYNAMIC Fri Sep 13 12:41:50 EDT 2024 x86_64 x86_64 x86_64 GNU/Linux
cputime      unlimited
filesize     unlimited
datasize     unlimited
stacksize    8192 kbytes
coredumpsize 0 kbytes
memoryuse    67108864 kbytes
vmemoryuse   unlimited
descriptors  1024 
memorylocked unlimited
maxproc      2061970 
maxlocks     unlimited
maxsignal    2062029 
maxmessage   819200 
maxnice      0 
maxrtprio    0 
maxrttime    unlimited

               total        used        free      shared  buff/cache   available
Mem:           503Gi        53Gi        37Gi        21Gi       412Gi       425Gi
Swap:             0B          0B          0B

########################################
program versions used
7.3.2 (freesurfer-linux-ubuntu22_x86_64-7.3.2-20220804-6354275)
7.3.2

ProgramName: lta_convert  ProgramArguments: lta_convert -all-info  ProgramVersion: 7.3.2  TimeStamp: 2026/03/14-00:54:12-GMT  BuildTime: Aug  4 2022 06:17:15  BuildStamp: freesurfer-linux-ubuntu22_x86_64-7.3.2-20220804-6354275  User: oesteban  Machine: dna080  Platform: Linux  PlatformVersion: 5.14.0-427.37.1.el9_4.x86_64  CompilerName: GCC  CompilerVersion: 8.4.0
ProgramName: mri_and  ProgramArguments: mri_and -all-info  ProgramVersion: 7.3.2  TimeStamp: 2026/03/14-00:54:12-GMT  BuildTime: Aug  4 2022 06:17:15  BuildStamp: freesurfer-linux-ubuntu22_x86_64-7.3.2-20220804-6354275  User: oesteban  Machine: dna080  Platform: Linux  PlatformVersion: 5.14.0-427.37.1.el9_4.x86_64  CompilerName: GCC  CompilerVersion: 8.4.0
ProgramName: mri_annotation2label  ProgramArguments: mri_annotation2label -all-info  ProgramVersion: 7.3.2  TimeStamp: 2026/03/14-00:54:12-GMT  BuildTime: Aug  4 2022 06:17:15  BuildStamp: freesurfer-linux-ubuntu22_x86_64-7.3.2-20220804-6354275  User: oesteban  Machine: dna080  Platform: Linux  PlatformVersion: 5.14.0-427.37.1.el9_4.x86_64  CompilerName: GCC  CompilerVersion: 8.4.0
ProgramName: mri_aparc2aseg  ProgramArguments: mri_aparc2aseg -all-info  ProgramVersion: 7.3.2  TimeStamp: 2026/03/14-00:54:12-GMT  BuildTime: Aug  4 2022 06:17:15  BuildStamp: freesurfer-linux-ubuntu22_x86_64-7.3.2-20220804-6354275  User: oesteban  Machine: dna080  Platform: Linux  PlatformVersion: 5.14.0-427.37.1.el9_4.x86_64  CompilerName: GCC  CompilerVersion: 8.4.0
ProgramName: mri_surf2volseg  ProgramArguments: mri_surf2volseg -all-info  ProgramVersion: 7.3.2  TimeStamp: 2026/03/14-00:54:12-GMT  BuildTime: Aug  4 2022 06:17:15  BuildStamp: freesurfer-linux-ubuntu22_x86_64-7.3.2-20220804-6354275  User: oesteban  Machine: dna080  Platform: Linux  PlatformVersion: 5.14.0-427.37.1.el9_4.x86_64  CompilerName: GCC  CompilerVersion: 8.4.0
ProgramName: mri_binarize  ProgramArguments: mri_binarize -all-info  ProgramVersion: 7.3.2  TimeStamp: 2026/03/14-00:54:12-GMT  BuildTime: Aug  4 2022 06:17:15  BuildStamp: freesurfer-linux-ubuntu22_x86_64-7.3.2-20220804-6354275  User: oesteban  Machine: dna080  Platform: Linux  PlatformVersion: 5.14.0-427.37.1.el9_4.x86_64  CompilerName: GCC  CompilerVersion: 8.4.0
ProgramName: mri_ca_label  ProgramArguments: mri_ca_label -all-info  ProgramVersion: 7.3.2  TimeStamp: 2026/03/14-00:54:12-GMT  BuildTime: Aug  4 2022 06:17:15  BuildStamp: freesurfer-linux-ubuntu22_x86_64-7.3.2-20220804-6354275  User: oesteban  Machine: dna080  Platform: Linux  PlatformVersion: 5.14.0-427.37.1.el9_4.x86_64  CompilerName: GCC  CompilerVersion: 8.4.0
ProgramName: mri_ca_normalize  ProgramArguments: mri_ca_normalize -all-info  ProgramVersion: 7.3.2  TimeStamp: 2026/03/14-00:54:12-GMT  BuildTime: Aug  4 2022 06:17:15  BuildStamp: freesurfer-linux-ubuntu22_x86_64-7.3.2-20220804-6354275  User: oesteban  Machine: dna080  Platform: Linux  PlatformVersion: 5.14.0-427.37.1.el9_4.x86_64  CompilerName: GCC  CompilerVersion: 8.4.0
ProgramName: mri_ca_register  ProgramArguments: mri_ca_register -all-info  ProgramVersion: 7.3.2  TimeStamp: 2026/03/14-00:54:12-GMT  BuildTime: Aug  4 2022 06:17:15  BuildStamp: freesurfer-linux-ubuntu22_x86_64-7.3.2-20220804-6354275  User: oesteban  Machine: dna080  Platform: Linux  PlatformVersion: 5.14.0-427.37.1.el9_4.x86_64  CompilerName: GCC  CompilerVersion: 8.4.0
ProgramName: mri_cc  ProgramArguments: mri_cc -all-info  ProgramVersion: 7.3.2  TimeStamp: 2026/03/14-00:54:12-GMT  BuildTime: Aug  4 2022 06:17:15  BuildStamp: freesurfer-linux-ubuntu22_x86_64-7.3.2-20220804-6354275  User: oesteban  Machine: dna080  Platform: Linux  PlatformVersion: 5.14.0-427.37.1.el9_4.x86_64  CompilerName: GCC  CompilerVersion: 8.4.0
ProgramName: mri_compute_overlap  ProgramArguments: mri_compute_overlap -all-info  ProgramVersion: 7.3.2  TimeStamp: 2026/03/14-00:54:12-GMT  BuildTime: Aug  4 2022 06:17:15  BuildStamp: freesurfer-linux-ubuntu22_x86_64-7.3.2-20220804-6354275  User: oesteban  Machine: dna080  Platform: Linux  PlatformVersion: 5.14.0-427.37.1.el9_4.x86_64  CompilerName: GCC  CompilerVersion: 8.4.0
ProgramName: mri_compute_seg_overlap  ProgramArguments: mri_compute_seg_overlap -all-info  ProgramVersion: 7.3.2  TimeStamp: 2026/03/14-00:54:12-GMT  BuildTime: Aug  4 2022 06:17:15  BuildStamp: freesurfer-linux-ubuntu22_x86_64-7.3.2-20220804-6354275  User: oesteban  Machine: dna080  Platform: Linux  PlatformVersion: 5.14.0-427.37.1.el9_4.x86_64  CompilerName: GCC  CompilerVersion: 8.4.0
ProgramName: mri_concat  ProgramArguments: mri_concat -all-info  ProgramVersion: 7.3.2  TimeStamp: 2026/03/14-00:54:12-GMT  BuildTime: Aug  4 2022 06:17:15  BuildStamp: freesurfer-linux-ubuntu22_x86_64-7.3.2-20220804-6354275  User: oesteban  Machine: dna080  Platform: Linux  PlatformVersion: 5.14.0-427.37.1.el9_4.x86_64  CompilerName: GCC  CompilerVersion: 8.4.0
ProgramName: mri_concatenate_lta  ProgramArguments: mri_concatenate_lta -all-info  ProgramVersion: 7.3.2  TimeStamp: 2026/03/14-00:54:12-GMT  BuildTime: Aug  4 2022 06:17:15  BuildStamp: freesurfer-linux-ubuntu22_x86_64-7.3.2-20220804-6354275  User: oesteban  Machine: dna080  Platform: Linux  PlatformVersion: 5.14.0-427.37.1.el9_4.x86_64  CompilerName: GCC  CompilerVersion: 8.4.0
mri_convert -all-info 
ProgramName: mri_convert  ProgramArguments: mri_convert -all-info  ProgramVersion: 7.3.2  TimeStamp: 2026/03/14-00:54:12-GMT  BuildTime: Aug  4 2022 06:17:15  BuildStamp: freesurfer-linux-ubuntu22_x86_64-7.3.2-20220804-6354275  User: oesteban  Machine: dna080  Platform: Linux  PlatformVersion: 5.14.0-427.37.1.el9_4.x86_64  CompilerName: GCC  CompilerVersion: 8.4.0
ProgramName: mri_diff  ProgramArguments: mri_diff -all-info  ProgramVersion: 7.3.2  TimeStamp: 2026/03/14-00:54:12-GMT  BuildTime: Aug  4 2022 06:17:15  BuildStamp: freesurfer-linux-ubuntu22_x86_64-7.3.2-20220804-6354275  User: oesteban  Machine: dna080  Platform: Linux  PlatformVersion: 5.14.0-427.37.1.el9_4.x86_64  CompilerName: GCC  CompilerVersion: 8.4.0
ProgramName: mri_edit_wm_with_aseg  ProgramArguments: mri_edit_wm_with_aseg -all-info  ProgramVersion: 7.3.2  TimeStamp: 2026/03/14-00:54:12-GMT  BuildTime: Aug  4 2022 06:17:15  BuildStamp: freesurfer-linux-ubuntu22_x86_64-7.3.2-20220804-6354275  User: oesteban  Machine: dna080  Platform: Linux  PlatformVersion: 5.14.0-427.37.1.el9_4.x86_64  CompilerName: GCC  CompilerVersion: 8.4.0
ProgramName: mri_em_register  ProgramArguments: mri_em_register -all-info  ProgramVersion: 7.3.2  TimeStamp: 2026/03/14-00:54:12-GMT  BuildTime: Aug  4 2022 06:17:15  BuildStamp: freesurfer-linux-ubuntu22_x86_64-7.3.2-20220804-6354275  User: oesteban  Machine: dna080  Platform: Linux  PlatformVersion: 5.14.0-427.37.1.el9_4.x86_64  CompilerName: GCC  CompilerVersion: 8.4.0
ProgramName: mri_fill  ProgramArguments: mri_fill -all-info  ProgramVersion: 7.3.2  TimeStamp: 2026/03/14-00:54:12-GMT  BuildTime: Aug  4 2022 06:17:15  BuildStamp: freesurfer-linux-ubuntu22_x86_64-7.3.2-20220804-6354275  User: oesteban  Machine: dna080  Platform: Linux  PlatformVersion: 5.14.0-427.37.1.el9_4.x86_64  CompilerName: GCC  CompilerVersion: 8.4.0
ProgramName: mri_fuse_segmentations  ProgramArguments: mri_fuse_segmentations -all-info  ProgramVersion: 7.3.2  TimeStamp: 2026/03/14-00:54:12-GMT  BuildTime: Aug  4 2022 06:17:15  BuildStamp: freesurfer-linux-ubuntu22_x86_64-7.3.2-20220804-6354275  User: oesteban  Machine: dna080  Platform: Linux  PlatformVersion: 5.14.0-427.37.1.el9_4.x86_64  CompilerName: GCC  CompilerVersion: 8.4.0
ProgramName: mri_fwhm  ProgramArguments: mri_fwhm -all-info  ProgramVersion: 7.3.2  TimeStamp: 2026/03/14-00:54:12-GMT  BuildTime: Aug  4 2022 06:17:15  BuildStamp: freesurfer-linux-ubuntu22_x86_64-7.3.2-20220804-6354275  User: oesteban  Machine: dna080  Platform: Linux  PlatformVersion: 5.14.0-427.37.1.el9_4.x86_64  CompilerName: GCC  CompilerVersion: 8.4.0
ProgramName: mri_gcut  ProgramArguments: mri_gcut -all-info  ProgramVersion: 7.3.2  TimeStamp: 2026/03/14-00:54:12-GMT  BuildTime: Aug  4 2022 06:17:15  BuildStamp: freesurfer-linux-ubuntu22_x86_64-7.3.2-20220804-6354275  User: oesteban  Machine: dna080  Platform: Linux  PlatformVersion: 5.14.0-427.37.1.el9_4.x86_64  CompilerName: GCC  CompilerVersion: 8.4.0
ProgramName: mri_info  ProgramArguments: mri_info -all-info  ProgramVersion: 7.3.2  TimeStamp: 2026/03/14-00:54:12-GMT  BuildTime: Aug  4 2022 06:17:15  BuildStamp: freesurfer-linux-ubuntu22_x86_64-7.3.2-20220804-6354275  User: oesteban  Machine: dna080  Platform: Linux  PlatformVersion: 5.14.0-427.37.1.el9_4.x86_64  CompilerName: GCC  CompilerVersion: 8.4.0
ProgramName: mri_label2label  ProgramArguments: mri_label2label -all-info  ProgramVersion: 7.3.2  TimeStamp: 2026/03/14-00:54:12-GMT  BuildTime: Aug  4 2022 06:17:15  BuildStamp: freesurfer-linux-ubuntu22_x86_64-7.3.2-20220804-6354275  User: oesteban  Machine: dna080  Platform: Linux  PlatformVersion: 5.14.0-427.37.1.el9_4.x86_64  CompilerName: GCC  CompilerVersion: 8.4.0
ProgramName: mri_label2vol  ProgramArguments: mri_label2vol -all-info  ProgramVersion: 7.3.2  TimeStamp: 2026/03/14-00:54:12-GMT  BuildTime: Aug  4 2022 06:17:15  BuildStamp: freesurfer-linux-ubuntu22_x86_64-7.3.2-20220804-6354275  User: oesteban  Machine: dna080  Platform: Linux  PlatformVersion: 5.14.0-427.37.1.el9_4.x86_64  CompilerName: GCC  CompilerVersion: 8.4.0
ProgramName: mri_log_likelihood  ProgramArguments: mri_log_likelihood -all-info  ProgramVersion: 7.3.2  TimeStamp: 2026/03/14-00:54:12-GMT  BuildTime: Aug  4 2022 06:17:15  BuildStamp: freesurfer-linux-ubuntu22_x86_64-7.3.2-20220804-6354275  User: oesteban  Machine: dna080  Platform: Linux  PlatformVersion: 5.14.0-427.37.1.el9_4.x86_64  CompilerName: GCC  CompilerVersion: 8.4.0
ProgramName: mri_mask  ProgramArguments: mri_mask -all-info  ProgramVersion: 7.3.2  TimeStamp: 2026/03/14-00:54:12-GMT  BuildTime: Aug  4 2022 06:17:15  BuildStamp: freesurfer-linux-ubuntu22_x86_64-7.3.2-20220804-6354275  User: oesteban  Machine: dna080  Platform: Linux  PlatformVersion: 5.14.0-427.37.1.el9_4.x86_64  CompilerName: GCC  CompilerVersion: 8.4.0
ProgramName: mri_matrix_multiply  ProgramArguments: mri_matrix_multiply -all-info  ProgramVersion: 7.3.2  TimeStamp: 2026/03/14-00:54:12-GMT  BuildTime: Aug  4 2022 06:17:15  BuildStamp: freesurfer-linux-ubuntu22_x86_64-7.3.2-20220804-6354275  User: oesteban  Machine: dna080  Platform: Linux  PlatformVersion: 5.14.0-427.37.1.el9_4.x86_64  CompilerName: GCC  CompilerVersion: 8.4.0
ProgramName: mri_normalize  ProgramArguments: mri_normalize -all-info  ProgramVersion: 7.3.2  TimeStamp: 2026/03/14-00:54:12-GMT  BuildTime: Aug  4 2022 06:17:15  BuildStamp: freesurfer-linux-ubuntu22_x86_64-7.3.2-20220804-6354275  User: oesteban  Machine: dna080  Platform: Linux  PlatformVersion: 5.14.0-427.37.1.el9_4.x86_64  CompilerName: GCC  CompilerVersion: 8.4.0
ProgramName: mri_normalize_tp2  ProgramArguments: mri_normalize_tp2 -all-info  ProgramVersion: 7.3.2  TimeStamp: 2026/03/14-00:54:12-GMT  BuildTime: Aug  4 2022 06:17:15  BuildStamp: freesurfer-linux-ubuntu22_x86_64-7.3.2-20220804-6354275  User: oesteban  Machine: dna080  Platform: Linux  PlatformVersion: 5.14.0-427.37.1.el9_4.x86_64  CompilerName: GCC  CompilerVersion: 8.4.0
ProgramName: mri_or  ProgramArguments: mri_or -all-info  ProgramVersion: 7.3.2  TimeStamp: 2026/03/14-00:54:12-GMT  BuildTime: Aug  4 2022 06:17:15  BuildStamp: freesurfer-linux-ubuntu22_x86_64-7.3.2-20220804-6354275  User: oesteban  Machine: dna080  Platform: Linux  PlatformVersion: 5.14.0-427.37.1.el9_4.x86_64  CompilerName: GCC  CompilerVersion: 8.4.0
ProgramName: mri_relabel_hypointensities  ProgramArguments: mri_relabel_hypointensities -all-info  ProgramVersion: 7.3.2  TimeStamp: 2026/03/14-00:54:12-GMT  BuildTime: Aug  4 2022 06:17:15  BuildStamp: freesurfer-linux-ubuntu22_x86_64-7.3.2-20220804-6354275  User: oesteban  Machine: dna080  Platform: Linux  PlatformVersion: 5.14.0-427.37.1.el9_4.x86_64  CompilerName: GCC  CompilerVersion: 8.4.0
ProgramName: mri_relabel_nonwm_hypos  ProgramArguments: mri_relabel_nonwm_hypos -all-info  ProgramVersion: 7.3.2  TimeStamp: 2026/03/14-00:54:12-GMT  BuildTime: Aug  4 2022 06:17:15  BuildStamp: freesurfer-linux-ubuntu22_x86_64-7.3.2-20220804-6354275  User: oesteban  Machine: dna080  Platform: Linux  PlatformVersion: 5.14.0-427.37.1.el9_4.x86_64  CompilerName: GCC  CompilerVersion: 8.4.0
ProgramName: mri_remove_neck  ProgramArguments: mri_remove_neck -all-info  ProgramVersion: 7.3.2  TimeStamp: 2026/03/14-00:54:12-GMT  BuildTime: Aug  4 2022 06:17:15  BuildStamp: freesurfer-linux-ubuntu22_x86_64-7.3.2-20220804-6354275  User: oesteban  Machine: dna080  Platform: Linux  PlatformVersion: 5.14.0-427.37.1.el9_4.x86_64  CompilerName: GCC  CompilerVersion: 8.4.0
7.3.2

ProgramName: mri_robust_register  ProgramArguments: mri_robust_register -all-info  ProgramVersion: 7.3.2  TimeStamp: 2026/03/14-00:54:12-GMT  BuildTime: Aug  4 2022 06:17:15  BuildStamp: freesurfer-linux-ubuntu22_x86_64-7.3.2-20220804-6354275  User: oesteban  Machine: dna080  Platform: Linux  PlatformVersion: 5.14.0-427.37.1.el9_4.x86_64  CompilerName: GCC  CompilerVersion: 8.4.0
7.3.2

ProgramName: mri_robust_template  ProgramArguments: mri_robust_template -all-info  ProgramVersion: 7.3.2  TimeStamp: 2026/03/14-00:54:12-GMT  BuildTime: Aug  4 2022 06:17:15  BuildStamp: freesurfer-linux-ubuntu22_x86_64-7.3.2-20220804-6354275  User: oesteban  Machine: dna080  Platform: Linux  PlatformVersion: 5.14.0-427.37.1.el9_4.x86_64  CompilerName: GCC  CompilerVersion: 8.4.0
ProgramName: mris_anatomical_stats  ProgramArguments: mris_anatomical_stats -all-info  ProgramVersion: 7.3.2  TimeStamp: 2026/03/14-00:54:12-GMT  BuildTime: Aug  4 2022 06:17:15  BuildStamp: freesurfer-linux-ubuntu22_x86_64-7.3.2-20220804-6354275  User: oesteban  Machine: dna080  Platform: Linux  PlatformVersion: 5.14.0-427.37.1.el9_4.x86_64  CompilerName: GCC  CompilerVersion: 8.4.0
ProgramName: mris_ca_label  ProgramArguments: mris_ca_label -all-info  ProgramVersion: 7.3.2  TimeStamp: 2026/03/14-00:54:12-GMT  BuildTime: Aug  4 2022 06:17:15  BuildStamp: freesurfer-linux-ubuntu22_x86_64-7.3.2-20220804-6354275  User: oesteban  Machine: dna080  Platform: Linux  PlatformVersion: 5.14.0-427.37.1.el9_4.x86_64  CompilerName: GCC  CompilerVersion: 8.4.0
ProgramName: mris_calc  ProgramArguments: mris_calc -all-info  ProgramVersion: 7.3.2  TimeStamp: 2026/03/14-00:54:12-GMT  BuildTime: Aug  4 2022 06:17:15  BuildStamp: freesurfer-linux-ubuntu22_x86_64-7.3.2-20220804-6354275  User: oesteban  Machine: dna080  Platform: Linux  PlatformVersion: 5.14.0-427.37.1.el9_4.x86_64  CompilerName: GCC  CompilerVersion: 8.4.0
ProgramName: mris_convert  ProgramArguments: mris_convert -all-info  ProgramVersion: 7.3.2  TimeStamp: 2026/03/14-00:54:12-GMT  BuildTime: Aug  4 2022 06:17:15  BuildStamp: freesurfer-linux-ubuntu22_x86_64-7.3.2-20220804-6354275  User: oesteban  Machine: dna080  Platform: Linux  PlatformVersion: 5.14.0-427.37.1.el9_4.x86_64  CompilerName: GCC  CompilerVersion: 8.4.0
ProgramName: mris_curvature  ProgramArguments: mris_curvature -all-info  ProgramVersion: 7.3.2  TimeStamp: 2026/03/14-00:54:12-GMT  BuildTime: Aug  4 2022 06:17:15  BuildStamp: freesurfer-linux-ubuntu22_x86_64-7.3.2-20220804-6354275  User: oesteban  Machine: dna080  Platform: Linux  PlatformVersion: 5.14.0-427.37.1.el9_4.x86_64  CompilerName: GCC  CompilerVersion: 8.4.0
ProgramName: mris_curvature_stats  ProgramArguments: mris_curvature_stats -all-info  ProgramVersion: 7.3.2  TimeStamp: 2026/03/14-00:54:12-GMT  BuildTime: Aug  4 2022 06:17:15  BuildStamp: freesurfer-linux-ubuntu22_x86_64-7.3.2-20220804-6354275  User: oesteban  Machine: dna080  Platform: Linux  PlatformVersion: 5.14.0-427.37.1.el9_4.x86_64  CompilerName: GCC  CompilerVersion: 8.4.0
ProgramName: mris_diff  ProgramArguments: mris_diff -all-info  ProgramVersion: 7.3.2  TimeStamp: 2026/03/14-00:54:12-GMT  BuildTime: Aug  4 2022 06:17:15  BuildStamp: freesurfer-linux-ubuntu22_x86_64-7.3.2-20220804-6354275  User: oesteban  Machine: dna080  Platform: Linux  PlatformVersion: 5.14.0-427.37.1.el9_4.x86_64  CompilerName: GCC  CompilerVersion: 8.4.0
ProgramName: mris_divide_parcellation  ProgramArguments: mris_divide_parcellation -all-info  ProgramVersion: 7.3.2  TimeStamp: 2026/03/14-00:54:12-GMT  BuildTime: Aug  4 2022 06:17:15  BuildStamp: freesurfer-linux-ubuntu22_x86_64-7.3.2-20220804-6354275  User: oesteban  Machine: dna080  Platform: Linux  PlatformVersion: 5.14.0-427.37.1.el9_4.x86_64  CompilerName: GCC  CompilerVersion: 8.4.0
ProgramName: mri_segment  ProgramArguments: mri_segment -all-info  ProgramVersion: 7.3.2  TimeStamp: 2026/03/14-00:54:12-GMT  BuildTime: Aug  4 2022 06:17:15  BuildStamp: freesurfer-linux-ubuntu22_x86_64-7.3.2-20220804-6354275  User: oesteban  Machine: dna080  Platform: Linux  PlatformVersion: 5.14.0-427.37.1.el9_4.x86_64  CompilerName: GCC  CompilerVersion: 8.4.0
ProgramName: mri_segstats  ProgramArguments: mri_segstats -all-info  ProgramVersion: 7.3.2  TimeStamp: 2026/03/14-00:54:12-GMT  BuildTime: Aug  4 2022 06:17:15  BuildStamp: freesurfer-linux-ubuntu22_x86_64-7.3.2-20220804-6354275  User: oesteban  Machine: dna080  Platform: Linux  PlatformVersion: 5.14.0-427.37.1.el9_4.x86_64  CompilerName: GCC  CompilerVersion: 8.4.0
ProgramName: mris_euler_number  ProgramArguments: mris_euler_number -all-info  ProgramVersion: 7.3.2  TimeStamp: 2026/03/14-00:54:12-GMT  BuildTime: Aug  4 2022 06:17:15  BuildStamp: freesurfer-linux-ubuntu22_x86_64-7.3.2-20220804-6354275  User: oesteban  Machine: dna080  Platform: Linux  PlatformVersion: 5.14.0-427.37.1.el9_4.x86_64  CompilerName: GCC  CompilerVersion: 8.4.0
ProgramName: mris_fix_topology  ProgramArguments: mris_fix_topology -all-info  ProgramVersion: 7.3.2  TimeStamp: 2026/03/14-00:54:12-GMT  BuildTime: Aug  4 2022 06:17:15  BuildStamp: freesurfer-linux-ubuntu22_x86_64-7.3.2-20220804-6354275  User: oesteban  Machine: dna080  Platform: Linux  PlatformVersion: 5.14.0-427.37.1.el9_4.x86_64  CompilerName: GCC  CompilerVersion: 8.4.0
ProgramName: mris_topo_fixer  ProgramArguments: mris_topo_fixer -all-info  ProgramVersion: 7.3.2  TimeStamp: 2026/03/14-00:54:12-GMT  BuildTime: Aug  4 2022 06:17:15  BuildStamp: freesurfer-linux-ubuntu22_x86_64-7.3.2-20220804-6354275  User: oesteban  Machine: dna080  Platform: Linux  PlatformVersion: 5.14.0-427.37.1.el9_4.x86_64  CompilerName: GCC  CompilerVersion: 8.4.0
ProgramName: mris_jacobian  ProgramArguments: mris_jacobian -all-info  ProgramVersion: 7.3.2  TimeStamp: 2026/03/14-00:54:12-GMT  BuildTime: Aug  4 2022 06:17:15  BuildStamp: freesurfer-linux-ubuntu22_x86_64-7.3.2-20220804-6354275  User: oesteban  Machine: dna080  Platform: Linux  PlatformVersion: 5.14.0-427.37.1.el9_4.x86_64  CompilerName: GCC  CompilerVersion: 8.4.0
ProgramName: mris_label2annot  ProgramArguments: mris_label2annot -all-info  ProgramVersion: 7.3.2  TimeStamp: 2026/03/14-00:54:12-GMT  BuildTime: Aug  4 2022 06:17:15  BuildStamp: freesurfer-linux-ubuntu22_x86_64-7.3.2-20220804-6354275  User: oesteban  Machine: dna080  Platform: Linux  PlatformVersion: 5.14.0-427.37.1.el9_4.x86_64  CompilerName: GCC  CompilerVersion: 8.4.0
ProgramName: mris_left_right_register  ProgramArguments: mris_left_right_register -all-info  ProgramVersion: 7.3.2  TimeStamp: 2026/03/14-00:54:12-GMT  BuildTime: Aug  4 2022 06:17:15  BuildStamp: freesurfer-linux-ubuntu22_x86_64-7.3.2-20220804-6354275  User: oesteban  Machine: dna080  Platform: Linux  PlatformVersion: 5.14.0-427.37.1.el9_4.x86_64  CompilerName: GCC  CompilerVersion: 8.4.0
ProgramName: mris_place_surface  ProgramArguments: mris_place_surface -all-info  ProgramVersion: 7.3.2  TimeStamp: 2026/03/14-00:54:12-GMT  BuildTime: Aug  4 2022 06:17:15  BuildStamp: freesurfer-linux-ubuntu22_x86_64-7.3.2-20220804-6354275  User: oesteban  Machine: dna080  Platform: Linux  PlatformVersion: 5.14.0-427.37.1.el9_4.x86_64  CompilerName: GCC  CompilerVersion: 8.4.0
ProgramName: mrisp_paint  ProgramArguments: mrisp_paint -all-info  ProgramVersion: 7.3.2  TimeStamp: 2026/03/14-00:54:12-GMT  BuildTime: Aug  4 2022 06:17:15  BuildStamp: freesurfer-linux-ubuntu22_x86_64-7.3.2-20220804-6354275  User: oesteban  Machine: dna080  Platform: Linux  PlatformVersion: 5.14.0-427.37.1.el9_4.x86_64  CompilerName: GCC  CompilerVersion: 8.4.0
ProgramName: mris_register  ProgramArguments: mris_register -all-info  ProgramVersion: 7.3.2  TimeStamp: 2026/03/14-00:54:12-GMT  BuildTime: Aug  4 2022 06:17:15  BuildStamp: freesurfer-linux-ubuntu22_x86_64-7.3.2-20220804-6354275  User: oesteban  Machine: dna080  Platform: Linux  PlatformVersion: 5.14.0-427.37.1.el9_4.x86_64  CompilerName: GCC  CompilerVersion: 8.4.0
ProgramName: mris_smooth  ProgramArguments: mris_smooth -all-info  ProgramVersion: 7.3.2  TimeStamp: 2026/03/14-00:54:12-GMT  BuildTime: Aug  4 2022 06:17:15  BuildStamp: freesurfer-linux-ubuntu22_x86_64-7.3.2-20220804-6354275  User: oesteban  Machine: dna080  Platform: Linux  PlatformVersion: 5.14.0-427.37.1.el9_4.x86_64  CompilerName: GCC  CompilerVersion: 8.4.0
ProgramName: mris_sphere  ProgramArguments: mris_sphere -all-info  ProgramVersion: 7.3.2  TimeStamp: 2026/03/14-00:54:12-GMT  BuildTime: Aug  4 2022 06:17:15  BuildStamp: freesurfer-linux-ubuntu22_x86_64-7.3.2-20220804-6354275  User: oesteban  Machine: dna080  Platform: Linux  PlatformVersion: 5.14.0-427.37.1.el9_4.x86_64  CompilerName: GCC  CompilerVersion: 8.4.0
ProgramName: mris_surface_stats  ProgramArguments: mris_surface_stats -all-info  ProgramVersion: 7.3.2  TimeStamp: 2026/03/14-00:54:12-GMT  BuildTime: Aug  4 2022 06:17:15  BuildStamp: freesurfer-linux-ubuntu22_x86_64-7.3.2-20220804-6354275  User: oesteban  Machine: dna080  Platform: Linux  PlatformVersion: 5.14.0-427.37.1.el9_4.x86_64  CompilerName: GCC  CompilerVersion: 8.4.0
ProgramName: mri_stats2seg  ProgramArguments: mri_stats2seg -all-info  ProgramVersion: 7.3.2  TimeStamp: 2026/03/14-00:54:12-GMT  BuildTime: Aug  4 2022 06:17:15  BuildStamp: freesurfer-linux-ubuntu22_x86_64-7.3.2-20220804-6354275  User: oesteban  Machine: dna080  Platform: Linux  PlatformVersion: 5.14.0-427.37.1.el9_4.x86_64  CompilerName: GCC  CompilerVersion: 8.4.0
ProgramName: mris_thickness  ProgramArguments: mris_thickness -all-info  ProgramVersion: 7.3.2  TimeStamp: 2026/03/14-00:54:12-GMT  BuildTime: Aug  4 2022 06:17:15  BuildStamp: freesurfer-linux-ubuntu22_x86_64-7.3.2-20220804-6354275  User: oesteban  Machine: dna080  Platform: Linux  PlatformVersion: 5.14.0-427.37.1.el9_4.x86_64  CompilerName: GCC  CompilerVersion: 8.4.0
ProgramName: mris_thickness_diff  ProgramArguments: mris_thickness_diff -all-info  ProgramVersion: 7.3.2  TimeStamp: 2026/03/14-00:54:12-GMT  BuildTime: Aug  4 2022 06:17:15  BuildStamp: freesurfer-linux-ubuntu22_x86_64-7.3.2-20220804-6354275  User: oesteban  Machine: dna080  Platform: Linux  PlatformVersion: 5.14.0-427.37.1.el9_4.x86_64  CompilerName: GCC  CompilerVersion: 8.4.0
ProgramName: mris_topo_fixer  ProgramArguments: mris_topo_fixer -all-info  ProgramVersion: 7.3.2  TimeStamp: 2026/03/14-00:54:12-GMT  BuildTime: Aug  4 2022 06:17:15  BuildStamp: freesurfer-linux-ubuntu22_x86_64-7.3.2-20220804-6354275  User: oesteban  Machine: dna080  Platform: Linux  PlatformVersion: 5.14.0-427.37.1.el9_4.x86_64  CompilerName: GCC  CompilerVersion: 8.4.0
ProgramName: mri_surf2surf  ProgramArguments: mri_surf2surf -all-info  ProgramVersion: 7.3.2  TimeStamp: 2026/03/14-00:54:12-GMT  BuildTime: Aug  4 2022 06:17:15  BuildStamp: freesurfer-linux-ubuntu22_x86_64-7.3.2-20220804-6354275  User: oesteban  Machine: dna080  Platform: Linux  PlatformVersion: 5.14.0-427.37.1.el9_4.x86_64  CompilerName: GCC  CompilerVersion: 8.4.0
ProgramName: mri_surf2vol  ProgramArguments: mri_surf2vol -all-info  ProgramVersion: 7.3.2  TimeStamp: 2026/03/14-00:54:12-GMT  BuildTime: Aug  4 2022 06:17:15  BuildStamp: freesurfer-linux-ubuntu22_x86_64-7.3.2-20220804-6354275  User: oesteban  Machine: dna080  Platform: Linux  PlatformVersion: 5.14.0-427.37.1.el9_4.x86_64  CompilerName: GCC  CompilerVersion: 8.4.0
ProgramName: mri_surfcluster  ProgramArguments: mri_surfcluster -all-info  ProgramVersion: 7.3.2  TimeStamp: 2026/03/14-00:54:12-GMT  BuildTime: Aug  4 2022 06:17:15  BuildStamp: freesurfer-linux-ubuntu22_x86_64-7.3.2-20220804-6354275  User: oesteban  Machine: dna080  Platform: Linux  PlatformVersion: 5.14.0-427.37.1.el9_4.x86_64  CompilerName: GCC  CompilerVersion: 8.4.0
ProgramName: mris_volmask  ProgramArguments: mris_volmask -all-info  ProgramVersion: 7.3.2  TimeStamp: 2026/03/14-00:54:12-GMT  BuildTime: Aug  4 2022 06:17:15  BuildStamp: freesurfer-linux-ubuntu22_x86_64-7.3.2-20220804-6354275  User: oesteban  Machine: dna080  Platform: Linux  PlatformVersion: 5.14.0-427.37.1.el9_4.x86_64  CompilerName: GCC  CompilerVersion: 8.4.0
ProgramName: mri_tessellate  ProgramArguments: mri_tessellate -all-info  ProgramVersion: 7.3.2  TimeStamp: 2026/03/14-00:54:12-GMT  BuildTime: Aug  4 2022 06:17:15  BuildStamp: freesurfer-linux-ubuntu22_x86_64-7.3.2-20220804-6354275  User: oesteban  Machine: dna080  Platform: Linux  PlatformVersion: 5.14.0-427.37.1.el9_4.x86_64  CompilerName: GCC  CompilerVersion: 8.4.0
ProgramName: mri_vol2surf  ProgramArguments: mri_vol2surf -all-info  ProgramVersion: 7.3.2  TimeStamp: 2026/03/14-00:54:12-GMT  BuildTime: Aug  4 2022 06:17:15  BuildStamp: freesurfer-linux-ubuntu22_x86_64-7.3.2-20220804-6354275  User: oesteban  Machine: dna080  Platform: Linux  PlatformVersion: 5.14.0-427.37.1.el9_4.x86_64  CompilerName: GCC  CompilerVersion: 8.4.0
ProgramName: mri_vol2vol  ProgramArguments: mri_vol2vol -all-info  ProgramVersion: 7.3.2  TimeStamp: 2026/03/14-00:54:12-GMT  BuildTime: Aug  4 2022 06:17:15  BuildStamp: freesurfer-linux-ubuntu22_x86_64-7.3.2-20220804-6354275  User: oesteban  Machine: dna080  Platform: Linux  PlatformVersion: 5.14.0-427.37.1.el9_4.x86_64  CompilerName: GCC  CompilerVersion: 8.4.0
ProgramName: mri_voldiff  ProgramArguments: mri_voldiff -all-info  ProgramVersion: 7.3.2  TimeStamp: 2026/03/14-00:54:12-GMT  BuildTime: Aug  4 2022 06:17:15  BuildStamp: freesurfer-linux-ubuntu22_x86_64-7.3.2-20220804-6354275  User: oesteban  Machine: dna080  Platform: Linux  PlatformVersion: 5.14.0-427.37.1.el9_4.x86_64  CompilerName: GCC  CompilerVersion: 8.4.0
ProgramName: mri_watershed  ProgramArguments: mri_watershed -all-info  ProgramVersion: 7.3.2  TimeStamp: 2026/03/14-00:54:12-GMT  BuildTime: Aug  4 2022 06:17:15  BuildStamp: freesurfer-linux-ubuntu22_x86_64-7.3.2-20220804-6354275  User: oesteban  Machine: dna080  Platform: Linux  PlatformVersion: 5.14.0-427.37.1.el9_4.x86_64  CompilerName: GCC  CompilerVersion: 8.4.0
ProgramName: tkregister2  ProgramArguments: tkregister2_cmdl -all-info  ProgramVersion: 7.3.2  TimeStamp: 2026/03/14-00:54:12-GMT  BuildTime: Aug  4 2022 06:17:15  BuildStamp: freesurfer-linux-ubuntu22_x86_64-7.3.2-20220804-6354275  User: oesteban  Machine: dna080  Platform: Linux  PlatformVersion: 5.14.0-427.37.1.el9_4.x86_64  CompilerName: GCC  CompilerVersion: 8.4.0
mri_motion_correct.fsl 7.3.2
mri_convert -all-info 
ProgramName: mri_convert  ProgramArguments: mri_convert -all-info  ProgramVersion: 7.3.2  TimeStamp: 2026/03/14-00:54:12-GMT  BuildTime: Aug  4 2022 06:17:15  BuildStamp: freesurfer-linux-ubuntu22_x86_64-7.3.2-20220804-6354275  User: oesteban  Machine: dna080  Platform: Linux  PlatformVersion: 5.14.0-427.37.1.el9_4.x86_64  CompilerName: GCC  CompilerVersion: 8.4.0
Program nu_correct, built from:
Package MNI N3, version 1.12.0, compiled by nicks@terrier (x86_64-unknown-linux-gnu) on 2015-06-19 at 01:25:34
#######################################
GCADIR /opt/freesurfer/average
GCA RB_all_2020-01-02.gca
GCASkull RB_all_withskull_2020_01_02.gca
AvgCurvTif folding.atlas.acfb40.noaparc.i12.2016-08-02.tif
GCSDIR /opt/freesurfer/average
GCS DKaparc.atlas.acfb40.noaparc.i12.2016-08-02.gcs
#######################################
#--------------------------------------------
#@# AutoDetGWStats lh Sat Mar 14 01:54:12 CET 2026
cd /out/sourcedata/freesurfer/sub-v2s7x29798_ses-1/mri
mris_autodet_gwstats --o ../surf/autodet.gw.stats.lh.dat --i brain.finalsurfs.mgz --wm wm.mgz --surf ../surf/lh.orig.premesh
  Update not needed
#--------------------------------------------
#@# WhitePreAparc lh Sat Mar 14 01:54:12 CET 2026
cd /out/sourcedata/freesurfer/sub-v2s7x29798_ses-1/mri
mris_place_surface --adgws-in ../surf/autodet.gw.stats.lh.dat --wm wm.mgz --threads 16 --invol brain.finalsurfs.mgz --lh --i ../surf/lh.orig --o ../surf/lh.white.preaparc --white --seg aseg.presurf.mgz --nsmooth 5
   Update not needed
#--------------------------------------------
#@# CortexLabel lh Sat Mar 14 01:54:12 CET 2026
cd /out/sourcedata/freesurfer/sub-v2s7x29798_ses-1/mri
mri_label2label --label-cortex ../surf/lh.white.preaparc aseg.presurf.mgz 0 ../label/lh.cortex.label
   Update not needed
#--------------------------------------------
#@# CortexLabel+HipAmyg lh Sat Mar 14 01:54:12 CET 2026
cd /out/sourcedata/freesurfer/sub-v2s7x29798_ses-1/mri
mri_label2label --label-cortex ../surf/lh.white.preaparc aseg.presurf.mgz 1 ../label/lh.cortex+hipamyg.label
   Update not needed
#@# white curv lh Sat Mar 14 01:54:12 CET 2026
cd /out/sourcedata/freesurfer/sub-v2s7x29798_ses-1/mri
mris_place_surface --curv-map ../surf/lh.white 2 10 ../surf/lh.curv
   Update not needed
#@# white area lh Sat Mar 14 01:54:12 CET 2026
cd /out/sourcedata/freesurfer/sub-v2s7x29798_ses-1/mri
mris_place_surface --area-map ../surf/lh.white ../surf/lh.area
   Update not needed
#@# pial curv lh Sat Mar 14 01:54:13 CET 2026
cd /out/sourcedata/freesurfer/sub-v2s7x29798_ses-1/mri
mris_place_surface --curv-map ../surf/lh.pial 2 10 ../surf/lh.curv.pial
   Update not needed
#@# pial area lh Sat Mar 14 01:54:13 CET 2026
cd /out/sourcedata/freesurfer/sub-v2s7x29798_ses-1/mri
mris_place_surface --area-map ../surf/lh.pial ../surf/lh.area.pial
   Update not needed
#@# thickness lh Sat Mar 14 01:54:13 CET 2026
cd /out/sourcedata/freesurfer/sub-v2s7x29798_ses-1/mri
mris_place_surface --thickness ../surf/lh.white ../surf/lh.pial 20 5 ../surf/lh.thickness
   Update not needed
#@# area and vertex vol lh Sat Mar 14 01:54:13 CET 2026
cd /out/sourcedata/freesurfer/sub-v2s7x29798_ses-1/mri
mris_place_surface --thickness ../surf/lh.white ../surf/lh.pial 20 5 ../surf/lh.thickness
   Update not needed
#-----------------------------------------
#@# Parcellation Stats lh Sat Mar 14 01:54:13 CET 2026
/out/sourcedata/freesurfer/sub-v2s7x29798_ses-1/scripts

 mris_anatomical_stats -th3 -mgz -noglobal -cortex ../label/lh.cortex.label -f ../stats/lh.aparc.stats -b -a ../label/lh.aparc.annot -c ../label/aparc.annot.ctab sub-v2s7x29798_ses-1 lh white 

computing statistics for each annotation in ../label/lh.aparc.annot.
reading volume /out/sourcedata/freesurfer/sub-v2s7x29798_ses-1/mri/wm.mgz...
reading input surface /out/sourcedata/freesurfer/sub-v2s7x29798_ses-1/surf/lh.white...
reading input pial surface /out/sourcedata/freesurfer/sub-v2s7x29798_ses-1/surf/lh.pial...
reading input white surface /out/sourcedata/freesurfer/sub-v2s7x29798_ses-1/surf/lh.white...
INFO: using TH3 volume calc
INFO: assuming MGZ format for volumes.
INFO: not computing global stats
INFO: using ../label/lh.cortex.label as mask to calc cortex NumVert, SurfArea and MeanThickness.
Using TH3 vertex volume calc
Total face volume 244091
Total vertex volume 243875 (mask=0)
Saving annotation colortable ../label/aparc.annot.ctab

table columns are:
    number of vertices
    total surface area (mm^2)
    total gray matter volume (mm^3)
    average cortical thickness +- standard deviation (mm)
    integrated rectified mean curvature
    integrated rectified Gaussian curvature
    folding index
    intrinsic curvature index
    structure name

 1382    966   2403  2.619 0.449     0.097     0.018        8     0.9  bankssts
  851    572   1625  2.482 0.729     0.116     0.014       10     0.6  caudalanteriorcingulate
 3462   2327   5956  2.435 0.575     0.102     0.016       24     2.3  caudalmiddlefrontal
 2113   1532   2666  1.720 0.499     0.129     0.024       23     2.3  cuneus
  613    437   2232  3.599 0.644     0.103     0.024        7     0.4  entorhinal
 4501   3243  10295  2.770 0.705     0.129     0.023       53     4.6  fusiform
 5975   4414  13881  2.566 0.769     0.125     0.025       64     6.4  inferiorparietal
 3539   2740   9032  2.798 0.751     0.127     0.025       51     4.0  inferiortemporal
 1459   1030   3386  2.822 0.802     0.118     0.024       15     1.3  isthmuscingulate
 6930   4933  10906  2.081 0.580     0.135     0.027       79     7.9  lateraloccipital
 3303   2309   7050  2.900 0.852     0.118     0.020       33     2.8  lateralorbitofrontal
 4007   2922   6071  2.020 0.598     0.133     0.030       42     5.4  lingual
 2293   1656   5062  2.611 0.809     0.119     0.024       29     2.5  medialorbitofrontal
 4029   3040  10263  2.746 0.824     0.128     0.023       52     4.2  middletemporal
  930    615   2106  2.866 0.898     0.080     0.011        4     0.4  parahippocampal
 1811   1159   3118  2.578 0.655     0.084     0.013        8     1.0  paracentral
 2193   1641   4688  2.498 0.604     0.109     0.018       17     1.7  parsopercularis
  707    563   2279  3.053 0.768     0.154     0.033       13     1.1  parsorbitalis
 1819   1403   4312  2.545 0.680     0.132     0.026       21     2.2  parstriangularis
 1893   1441   1872  1.506 0.378     0.145     0.039       20     3.3  pericalcarine
 6796   4679   9474  1.848 0.725     0.122     0.030       94     9.5  postcentral
 1606   1105   3426  2.665 0.985     0.119     0.021       18     1.5  posteriorcingulate
 8788   6046  12856  2.070 0.770     0.133     0.036      156    14.5  precentral
 5607   4038  11665  2.668 0.811     0.122     0.024       57     6.0  precuneus
  994    694   2166  2.821 0.819     0.116     0.026       12     1.0  rostralanteriorcingulate
 6706   5185  14728  2.311 0.765     0.133     0.028       86     8.0  rostralmiddlefrontal
10156   7159  25998  3.138 0.768     0.110     0.020       87     8.4  superiorfrontal
 9241   6632  17253  2.221 0.791     0.124     0.024       93     9.1  superiorparietal
 6094   4323  13535  2.724 0.680     0.104     0.016       51     4.4  superiortemporal
 5594   4338  11276  2.289 0.728     0.125     0.023       60     6.1  supramarginal
  315    265   1033  2.868 0.656     0.161     0.042        8     0.5  frontalpole
  600    476   2691  3.995 0.660     0.131     0.021        8     0.6  temporalpole
  617    450   1014  2.427 0.443     0.139     0.020        7     0.5  transversetemporal
 3479   2403   7561  3.033 0.912     0.107     0.025       28     3.2  insula

 mris_anatomical_stats -th3 -mgz -noglobal -cortex ../label/lh.cortex.label -f ../stats/lh.aparc.pial.stats -b -a ../label/lh.aparc.annot -c ../label/aparc.annot.ctab sub-v2s7x29798_ses-1 lh pial 

computing statistics for each annotation in ../label/lh.aparc.annot.
reading volume /out/sourcedata/freesurfer/sub-v2s7x29798_ses-1/mri/wm.mgz...
reading input surface /out/sourcedata/freesurfer/sub-v2s7x29798_ses-1/surf/lh.pial...
reading input pial surface /out/sourcedata/freesurfer/sub-v2s7x29798_ses-1/surf/lh.pial...
reading input white surface /out/sourcedata/freesurfer/sub-v2s7x29798_ses-1/surf/lh.white...
INFO: using TH3 volume calc
INFO: assuming MGZ format for volumes.
INFO: not computing global stats
INFO: using ../label/lh.cortex.label as mask to calc cortex NumVert, SurfArea and MeanThickness.
Using TH3 vertex volume calc
Total face volume 244091
Total vertex volume 243875 (mask=0)
Saving annotation colortable ../label/aparc.annot.ctab

table columns are:
    number of vertices
    total surface area (mm^2)
    total gray matter volume (mm^3)
    average cortical thickness +- standard deviation (mm)
    integrated rectified mean curvature
    integrated rectified Gaussian curvature
    folding index
    intrinsic curvature index
    structure name

 1382    907   2403  2.619 0.449     0.111     0.038       29     1.6  bankssts
  851    762   1625  2.482 0.729     0.209     0.054       76     2.4  caudalanteriorcingulate
 3462   2609   5956  2.435 0.575     0.116     0.024       46     3.5  caudalmiddlefrontal
 2113   1764   2666  1.720 0.499     0.132     0.035       39     2.8  cuneus
  613    891   2232  3.599 0.644     0.336     0.084       25     3.0  entorhinal
 4501   4126  10295  2.770 0.705     0.152     0.039      146     7.2  fusiform
 5975   6258  13881  2.566 0.769     0.174     0.060       95    10.3  inferiorparietal
 3539   3749   9032  2.798 0.751     0.165     0.045       57     6.2  inferiortemporal
 1459   1368   3386  2.822 0.802     0.171     0.047       62     2.8  isthmuscingulate
 6930   5846  10906  2.081 0.580     0.127     0.031      113     8.3  lateraloccipital
 3303   2628   7050  2.900 0.852     0.134     0.031      193     4.4  lateralorbitofrontal
 4007   3433   6071  2.020 0.598     0.148     0.042      126     6.4  lingual
 2293   2329   5062  2.611 0.809     0.171     0.043       55     4.3  medialorbitofrontal
 4029   4314  10263  2.746 0.824     0.169     0.035       66     5.9  middletemporal
  930    909   2106  2.866 0.898     0.180     0.046       12     2.3  parahippocampal
 1811   1295   3118  2.578 0.655     0.094     0.017       14     1.4  paracentral
 2193   2135   4688  2.498 0.604     0.152     0.028       26     2.9  parsopercularis
  707    928   2279  3.053 0.768     0.195     0.035        7     1.1  parsorbitalis
 1819   1946   4312  2.545 0.680     0.186     0.040       28     3.2  parstriangularis
 1893   1214   1872  1.506 0.378     0.133     0.040       99     3.2  pericalcarine
 6796   5597   9474  1.848 0.725     0.132     0.031      127     9.2  postcentral
 1606   1353   3426  2.665 0.985     0.130     0.034       39     1.9  posteriorcingulate
 8788   6440  12856  2.070 0.770     0.132     0.037      194    13.5  precentral
 5607   4793  11665  2.668 0.811     0.138     0.031       79     7.4  precuneus
  994    869   2166  2.821 0.819     0.179     0.050       26     2.1  rostralanteriorcingulate
 6706   7135  14728  2.311 0.765     0.179     0.037      114    11.2  rostralmiddlefrontal
10156   9291  25998  3.138 0.768     0.147     0.046      827    15.1  superiorfrontal
 9241   8413  17253  2.221 0.791     0.149     0.032      174    13.2  superiorparietal
 6094   5434  13535  2.724 0.680     0.137     0.029       87     7.5  superiortemporal
 5594   5454  11276  2.289 0.728     0.153     0.032       82     7.7  supramarginal
  315    462   1033  2.868 0.656     0.210     0.035        4     0.5  frontalpole
  600    875   2691  3.995 0.660     0.243     0.053       22     1.6  temporalpole
  617    412   1014  2.427 0.443     0.139     0.041       54     1.0  transversetemporal
 3479   2608   7561  3.033 0.912     0.167     0.049      127     6.9  insula
#-----------------------------------------
#@# Parcellation Stats 2 lh Sat Mar 14 01:54:26 CET 2026
/out/sourcedata/freesurfer/sub-v2s7x29798_ses-1/scripts

 mris_anatomical_stats -th3 -mgz -noglobal -cortex ../label/lh.cortex.label -f ../stats/lh.aparc.a2009s.stats -b -a ../label/lh.aparc.a2009s.annot -c ../label/aparc.annot.a2009s.ctab sub-v2s7x29798_ses-1 lh white 

computing statistics for each annotation in ../label/lh.aparc.a2009s.annot.
reading volume /out/sourcedata/freesurfer/sub-v2s7x29798_ses-1/mri/wm.mgz...
reading input surface /out/sourcedata/freesurfer/sub-v2s7x29798_ses-1/surf/lh.white...
reading input pial surface /out/sourcedata/freesurfer/sub-v2s7x29798_ses-1/surf/lh.pial...
reading input white surface /out/sourcedata/freesurfer/sub-v2s7x29798_ses-1/surf/lh.white...
INFO: using TH3 volume calc
INFO: assuming MGZ format for volumes.
INFO: not computing global stats
INFO: using ../label/lh.cortex.label as mask to calc cortex NumVert, SurfArea and MeanThickness.
Using TH3 vertex volume calc
Total face volume 244091
Total vertex volume 243875 (mask=0)
Saving annotation colortable ../label/aparc.annot.a2009s.ctab

table columns are:
    number of vertices
    total surface area (mm^2)
    total gray matter volume (mm^3)
    average cortical thickness +- standard deviation (mm)
    integrated rectified mean curvature
    integrated rectified Gaussian curvature
    folding index
    intrinsic curvature index
    structure name

  923    693   1877  2.318 0.665     0.131     0.028       12     1.1  G_and_S_frontomargin
 1755   1329   3366  2.349 0.527     0.143     0.028       22     2.0  G_and_S_occipital_inf
 1712   1082   2619  2.079 0.901     0.116     0.029       18     2.1  G_and_S_paracentral
 1445   1113   3608  2.818 0.543     0.137     0.024       16     1.5  G_and_S_subcentral
  573    465   1601  2.669 0.697     0.152     0.038       15     0.7  G_and_S_transv_frontopol
 1943   1445   4353  2.770 0.648     0.123     0.022       21     1.9  G_and_S_cingul-Ant
  996    682   2049  2.917 0.654     0.094     0.013        6     0.5  G_and_S_cingul-Mid-Ant
 1141    761   2414  2.955 0.654     0.088     0.014        7     0.6  G_and_S_cingul-Mid-Post
  597    417   2091  3.430 0.732     0.145     0.036        9     0.9  G_cingul-Post-dorsal
  296    205    816  3.134 0.643     0.117     0.031        3     0.2  G_cingul-Post-ventral
 1920   1433   2644  1.730 0.541     0.141     0.027       25     2.3  G_cuneus
 1184   1003   3293  2.538 0.683     0.129     0.021       12     1.2  G_front_inf-Opercular
  303    232    958  2.905 0.547     0.138     0.024        5     0.2  G_front_inf-Orbital
 1114    929   3470  2.734 0.695     0.153     0.035       19     1.7  G_front_inf-Triangul
 4173   3117   9654  2.378 0.733     0.131     0.026       51     5.1  G_front_middle
 6936   4943  21011  3.369 0.742     0.125     0.024       75     7.1  G_front_sup
  555    386   1340  3.283 0.920     0.094     0.021        4     0.4  G_Ins_lg_and_S_cent_ins
  647    517   2546  3.540 0.720     0.150     0.031        8     0.9  G_insular_short
 2100   1509   5037  2.494 0.755     0.134     0.030       29     2.5  G_occipital_middle
 1562   1165   3258  2.337 0.819     0.146     0.036       19     2.2  G_occipital_sup
 1726   1293   5066  3.086 0.764     0.147     0.029       25     2.3  G_oc-temp_lat-fusifor
 2813   2105   4540  1.918 0.593     0.150     0.037       35     4.8  G_oc-temp_med-Lingual
 1342    929   3910  3.109 0.844     0.102     0.019       13     1.0  G_oc-temp_med-Parahip
 1932   1459   5483  2.810 0.952     0.138     0.028       31     2.3  G_orbital
 2399   1962   7926  2.786 0.854     0.153     0.033       37     3.6  G_pariet_inf-Angular
 2471   2063   6037  2.377 0.724     0.144     0.027       33     3.2  G_pariet_inf-Supramar
 3702   2839   9226  2.406 0.906     0.140     0.027       48     4.3  G_parietal_sup
 2559   1727   3622  1.741 0.677     0.142     0.044       58     5.5  G_postcentral
 3277   2138   4986  1.860 0.889     0.146     0.049       78     7.1  G_precentral
 2805   2155   7938  2.920 0.865     0.135     0.030       39     3.4  G_precuneus
  775    564   1954  2.532 0.700     0.135     0.029       14     0.9  G_rectus
  903    574   1419  2.457 1.006     0.122     0.048       13     1.7  G_subcallosal
  416    291    878  2.622 0.532     0.138     0.022        5     0.3  G_temp_sup-G_T_transv
 1892   1439   6490  3.059 0.751     0.133     0.023       28     1.9  G_temp_sup-Lateral
  648    438   1727  3.339 0.815     0.056     0.010        2     0.2  G_temp_sup-Plan_polar
 1420   1058   2668  2.420 0.626     0.107     0.017       13     1.2  G_temp_sup-Plan_tempo
 1834   1490   5459  2.885 0.816     0.141     0.030       34     2.4  G_temporal_inf
 2230   1777   7140  2.912 0.869     0.144     0.027       36     2.9  G_temporal_middle
  381    267    568  2.103 0.545     0.106     0.016        3     0.3  Lat_Fis-ant-Horizont
  294    198    403  2.289 0.459     0.092     0.014        1     0.1  Lat_Fis-ant-Vertical
 1135    749   1565  2.694 0.678     0.097     0.018        5     0.8  Lat_Fis-post
 1962   1378   2691  1.839 0.527     0.135     0.027       23     2.4  Pole_occipital
 1442   1178   5623  3.292 0.861     0.143     0.029       21     1.8  Pole_temporal
 2353   1759   2854  1.865 0.816     0.138     0.033       23     3.8  S_calcarine
 4068   2940   4408  1.764 0.606     0.129     0.032       65     6.2  S_central
 1033    688   1431  2.363 0.552     0.091     0.013        4     0.5  S_cingul-Marginalis
  507    340    843  3.261 0.468     0.108     0.019        2     0.5  S_circular_insula_ant
 1436    945   2267  2.974 0.844     0.070     0.008        4     0.5  S_circular_insula_inf
 1650   1079   2366  2.756 0.473     0.089     0.015        6     1.0  S_circular_insula_sup
  982    678   1641  2.683 0.417     0.097     0.009        6     0.4  S_collat_transv_ant
  498    356    571  1.849 0.264     0.127     0.017        5     0.4  S_collat_transv_post
 1514   1077   2357  2.223 0.575     0.096     0.019        8     1.0  S_front_inf
  952    791   2177  2.273 0.762     0.141     0.031       13     1.2  S_front_middle
 3465   2354   5858  2.542 0.603     0.085     0.013       16     1.8  S_front_sup
  364    241    437  2.251 0.528     0.108     0.015        2     0.3  S_interm_prim-Jensen
 3417   2308   4086  2.027 0.570     0.109     0.019       24     2.8  S_intrapariet_and_P_trans
  796    539    946  2.086 0.434     0.115     0.021        6     0.7  S_oc_middle_and_Lunatus
 1332    904   1566  2.042 0.462     0.102     0.014        9     0.8  S_oc_sup_and_transversal
  523    342    534  2.075 0.403     0.113     0.022        3     0.5  S_occipital_ant
  723    501   1232  2.656 0.435     0.120     0.021       11     0.7  S_oc-temp_lat
 2001   1343   3011  2.454 0.675     0.098     0.015       15     1.2  S_oc-temp_med_and_Lingual
  448    309    622  2.122 0.474     0.104     0.016        2     0.3  S_orbital_lateral
  714    477    980  2.537 0.659     0.110     0.013        5     0.4  S_orbital_med-olfact
 1087    746   2295  3.122 0.863     0.100     0.014        6     0.7  S_orbital-H_Shaped
 1694   1142   2244  2.245 0.643     0.098     0.015       10     1.2  S_parieto_occipital
 1280    825   1290  1.929 0.681     0.108     0.014       17     0.7  S_pericallosal
 3320   2288   4323  1.990 0.560     0.098     0.016       25     2.1  S_postcentral
 1591   1071   2127  2.214 0.565     0.100     0.015        9     1.0  S_precentral-inf-part
 1406    953   1822  2.313 0.518     0.103     0.015       10     1.0  S_precentral-sup-part
  592    422   1084  2.584 0.920     0.113     0.014        6     0.5  S_suborbital
 1413    979   2105  2.433 0.680     0.117     0.023        9     1.6  S_subparietal
 1060    746   1753  2.701 0.738     0.097     0.015        5     0.7  S_temporal_inf
 5669   3910   8936  2.411 0.565     0.104     0.018       38     4.4  S_temporal_sup
  282    184    388  2.441 0.383     0.073     0.007        1     0.1  S_temporal_transverse
#-----------------------------------------
#@# Parcellation Stats 3 lh Sat Mar 14 01:54:33 CET 2026
/out/sourcedata/freesurfer/sub-v2s7x29798_ses-1/scripts

 mris_anatomical_stats -th3 -mgz -noglobal -cortex ../label/lh.cortex.label -f ../stats/lh.aparc.DKTatlas.stats -b -a ../label/lh.aparc.DKTatlas.annot -c ../label/aparc.annot.DKTatlas.ctab sub-v2s7x29798_ses-1 lh white 

computing statistics for each annotation in ../label/lh.aparc.DKTatlas.annot.
reading volume /out/sourcedata/freesurfer/sub-v2s7x29798_ses-1/mri/wm.mgz...
reading input surface /out/sourcedata/freesurfer/sub-v2s7x29798_ses-1/surf/lh.white...
reading input pial surface /out/sourcedata/freesurfer/sub-v2s7x29798_ses-1/surf/lh.pial...
reading input white surface /out/sourcedata/freesurfer/sub-v2s7x29798_ses-1/surf/lh.white...
INFO: using TH3 volume calc
INFO: assuming MGZ format for volumes.
INFO: not computing global stats
INFO: using ../label/lh.cortex.label as mask to calc cortex NumVert, SurfArea and MeanThickness.
Using TH3 vertex volume calc
Total face volume 244091
Total vertex volume 243875 (mask=0)
Saving annotation colortable ../label/aparc.annot.DKTatlas.ctab

table columns are:
    number of vertices
    total surface area (mm^2)
    total gray matter volume (mm^3)
    average cortical thickness +- standard deviation (mm)
    integrated rectified mean curvature
    integrated rectified Gaussian curvature
    folding index
    intrinsic curvature index
    structure name

 1514    998   2934  2.699 0.737     0.105     0.013       15     0.9  caudalanteriorcingulate
 3714   2516   6411  2.433 0.575     0.104     0.016       27     2.6  caudalmiddlefrontal
 2781   1998   3647  1.810 0.519     0.125     0.023       29     2.8  cuneus
  596    426   2080  3.501 0.737     0.103     0.022        7     0.5  entorhinal
 4129   2972   9295  2.770 0.704     0.127     0.023       48     4.3  fusiform
 5913   4343  13641  2.575 0.768     0.125     0.025       63     6.2  inferiorparietal
 3678   2852   9213  2.790 0.721     0.129     0.026       52     4.2  inferiortemporal
 1458   1028   3354  2.835 0.795     0.118     0.024       15     1.3  isthmuscingulate
 6982   4966  11059  2.087 0.577     0.135     0.027       81     7.9  lateraloccipital
 3549   2514   7721  2.805 0.893     0.117     0.021       37     2.9  lateralorbitofrontal
 4104   2994   6167  2.004 0.597     0.134     0.030       44     5.6  lingual
 2228   1564   4712  2.497 0.855     0.128     0.030       35     2.8  medialorbitofrontal
 5446   4050  13376  2.732 0.786     0.125     0.023       65     5.8  middletemporal
  947    626   2130  2.865 0.897     0.081     0.011        4     0.4  parahippocampal
 2154   1386   3873  2.658 0.672     0.084     0.013       10     1.1  paracentral
 2009   1505   4281  2.513 0.599     0.113     0.019       16     1.6  parsopercularis
  822    605   1969  2.748 0.682     0.124     0.024        9     0.8  parsorbitalis
 2173   1672   5191  2.566 0.679     0.133     0.027       27     2.6  parstriangularis
 1904   1456   1891  1.509 0.376     0.145     0.039       19     3.3  pericalcarine
 7840   5386  10919  1.858 0.728     0.124     0.031      110    10.8  postcentral
 1717   1176   3541  2.674 0.965     0.117     0.021       19     1.6  posteriorcingulate
 8632   5934  12641  2.072 0.766     0.133     0.036      153    14.2  precentral
 5594   4071  11891  2.665 0.817     0.124     0.025       59     6.1  precuneus
 1406   1001   3076  2.838 0.786     0.124     0.031       17     2.0  rostralanteriorcingulate
 4822   3734  10982  2.336 0.789     0.134     0.029       61     6.2  rostralmiddlefrontal
10706   7755  27711  3.036 0.832     0.116     0.022      106     9.5  superiorfrontal
 7501   5405  14574  2.277 0.815     0.121     0.022       69     7.0  superiorparietal
 7534   5401  17912  2.811 0.755     0.105     0.017       66     5.5  superiortemporal
 5199   4034  10320  2.289 0.741     0.123     0.023       55     5.6  supramarginal
  623    451   1020  2.436 0.447     0.140     0.020        7     0.5  transversetemporal
 2728   1915   6343  3.222 0.840     0.101     0.018       16     2.2  insula
/out/sourcedata/freesurfer/sub-v2s7x29798_ses-1/label
#--------------------------------------------
#@# BA_exvivo Labels lh Sat Mar 14 01:54:40 CET 2026

 mri_label2label --srcsubject fsaverage --srclabel /out/sourcedata/freesurfer/fsaverage/label/lh.BA1_exvivo.label --trgsubject sub-v2s7x29798_ses-1 --trglabel ./lh.BA1_exvivo.label --hemi lh --regmethod surface 


srclabel = /out/sourcedata/freesurfer/fsaverage/label/lh.BA1_exvivo.label
srcsubject = fsaverage
trgsubject = sub-v2s7x29798_ses-1
trglabel = ./lh.BA1_exvivo.label
regmethod = surface

srchemi = lh
trghemi = lh
trgsurface = white
srcsurfreg = sphere.reg
trgsurfreg = sphere.reg
usehash = 1
Use ProjAbs  = 0, 0
Use ProjFrac = 0, 0
DoPaint 0

SUBJECTS_DIR    /out/sourcedata/freesurfer
FREESURFER_HOME /opt/freesurfer
Loading source label.
Found 4129 points in source label.
Starting surface-based mapping
Reading source registration 
 /out/sourcedata/freesurfer/fsaverage/surf/lh.sphere.reg
Rescaling ...  original radius = 100
Reading target surface 
 /out/sourcedata/freesurfer/sub-v2s7x29798_ses-1/surf/lh.white
Reading target registration 
 /out/sourcedata/freesurfer/sub-v2s7x29798_ses-1/surf/lh.sphere.reg
Rescaling ...  original radius = 100
Building target registration hash (res=16).
Building source registration hash (res=16).
INFO: found  4129 nlabel points
Performing mapping from target back to the source label 128381
Number of reverse mapping hits = 408
Checking for and removing duplicates
Writing label file ./lh.BA1_exvivo.label 4537
mri_label2label: Done


 mri_label2label --srcsubject fsaverage --srclabel /out/sourcedata/freesurfer/fsaverage/label/lh.BA2_exvivo.label --trgsubject sub-v2s7x29798_ses-1 --trglabel ./lh.BA2_exvivo.label --hemi lh --regmethod surface 


srclabel = /out/sourcedata/freesurfer/fsaverage/label/lh.BA2_exvivo.label
srcsubject = fsaverage
trgsubject = sub-v2s7x29798_ses-1
trglabel = ./lh.BA2_exvivo.label
regmethod = surface

srchemi = lh
trghemi = lh
trgsurface = white
srcsurfreg = sphere.reg
trgsurfreg = sphere.reg
usehash = 1
Use ProjAbs  = 0, 0
Use ProjFrac = 0, 0
DoPaint 0

SUBJECTS_DIR    /out/sourcedata/freesurfer
FREESURFER_HOME /opt/freesurfer
Loading source label.
Found 7909 points in source label.
Starting surface-based mapping
Reading source registration 
 /out/sourcedata/freesurfer/fsaverage/surf/lh.sphere.reg
Rescaling ...  original radius = 100
Reading target surface 
 /out/sourcedata/freesurfer/sub-v2s7x29798_ses-1/surf/lh.white
Reading target registration 
 /out/sourcedata/freesurfer/sub-v2s7x29798_ses-1/surf/lh.sphere.reg
Rescaling ...  original radius = 100
Building target registration hash (res=16).
Building source registration hash (res=16).
INFO: found  7909 nlabel points
Performing mapping from target back to the source label 128381
Number of reverse mapping hits = 574
Checking for and removing duplicates
Writing label file ./lh.BA2_exvivo.label 8483
mri_label2label: Done


 mri_label2label --srcsubject fsaverage --srclabel /out/sourcedata/freesurfer/fsaverage/label/lh.BA3a_exvivo.label --trgsubject sub-v2s7x29798_ses-1 --trglabel ./lh.BA3a_exvivo.label --hemi lh --regmethod surface 


srclabel = /out/sourcedata/freesurfer/fsaverage/label/lh.BA3a_exvivo.label
srcsubject = fsaverage
trgsubject = sub-v2s7x29798_ses-1
trglabel = ./lh.BA3a_exvivo.label
regmethod = surface

srchemi = lh
trghemi = lh
trgsurface = white
srcsurfreg = sphere.reg
trgsurfreg = sphere.reg
usehash = 1
Use ProjAbs  = 0, 0
Use ProjFrac = 0, 0
DoPaint 0

SUBJECTS_DIR    /out/sourcedata/freesurfer
FREESURFER_HOME /opt/freesurfer
Loading source label.
Found 4077 points in source label.
Starting surface-based mapping
Reading source registration 
 /out/sourcedata/freesurfer/fsaverage/surf/lh.sphere.reg
Rescaling ...  original radius = 100
Reading target surface 
 /out/sourcedata/freesurfer/sub-v2s7x29798_ses-1/surf/lh.white
Reading target registration 
 /out/sourcedata/freesurfer/sub-v2s7x29798_ses-1/surf/lh.sphere.reg
Rescaling ...  original radius = 100
Building target registration hash (res=16).
Building source registration hash (res=16).
INFO: found  4077 nlabel points
Performing mapping from target back to the source label 128381
Number of reverse mapping hits = 297
Checking for and removing duplicates
Writing label file ./lh.BA3a_exvivo.label 4374
mri_label2label: Done


 mri_label2label --srcsubject fsaverage --srclabel /out/sourcedata/freesurfer/fsaverage/label/lh.BA3b_exvivo.label --trgsubject sub-v2s7x29798_ses-1 --trglabel ./lh.BA3b_exvivo.label --hemi lh --regmethod surface 


srclabel = /out/sourcedata/freesurfer/fsaverage/label/lh.BA3b_exvivo.label
srcsubject = fsaverage
trgsubject = sub-v2s7x29798_ses-1
trglabel = ./lh.BA3b_exvivo.label
regmethod = surface

srchemi = lh
trghemi = lh
trgsurface = white
srcsurfreg = sphere.reg
trgsurfreg = sphere.reg
usehash = 1
Use ProjAbs  = 0, 0
Use ProjFrac = 0, 0
DoPaint 0

SUBJECTS_DIR    /out/sourcedata/freesurfer
FREESURFER_HOME /opt/freesurfer
Loading source label.
Found 5983 points in source label.
Starting surface-based mapping
Reading source registration 
 /out/sourcedata/freesurfer/fsaverage/surf/lh.sphere.reg
Rescaling ...  original radius = 100
Reading target surface 
 /out/sourcedata/freesurfer/sub-v2s7x29798_ses-1/surf/lh.white
Reading target registration 
 /out/sourcedata/freesurfer/sub-v2s7x29798_ses-1/surf/lh.sphere.reg
Rescaling ...  original radius = 100
Building target registration hash (res=16).
Building source registration hash (res=16).
INFO: found  5983 nlabel points
Performing mapping from target back to the source label 128381
Number of reverse mapping hits = 305
Checking for and removing duplicates
Writing label file ./lh.BA3b_exvivo.label 6288
mri_label2label: Done


 mri_label2label --srcsubject fsaverage --srclabel /out/sourcedata/freesurfer/fsaverage/label/lh.BA4a_exvivo.label --trgsubject sub-v2s7x29798_ses-1 --trglabel ./lh.BA4a_exvivo.label --hemi lh --regmethod surface 


srclabel = /out/sourcedata/freesurfer/fsaverage/label/lh.BA4a_exvivo.label
srcsubject = fsaverage
trgsubject = sub-v2s7x29798_ses-1
trglabel = ./lh.BA4a_exvivo.label
regmethod = surface

srchemi = lh
trghemi = lh
trgsurface = white
srcsurfreg = sphere.reg
trgsurfreg = sphere.reg
usehash = 1
Use ProjAbs  = 0, 0
Use ProjFrac = 0, 0
DoPaint 0

SUBJECTS_DIR    /out/sourcedata/freesurfer
FREESURFER_HOME /opt/freesurfer
Loading source label.
Found 5784 points in source label.
Starting surface-based mapping
Reading source registration 
 /out/sourcedata/freesurfer/fsaverage/surf/lh.sphere.reg
Rescaling ...  original radius = 100
Reading target surface 
 /out/sourcedata/freesurfer/sub-v2s7x29798_ses-1/surf/lh.white
Reading target registration 
 /out/sourcedata/freesurfer/sub-v2s7x29798_ses-1/surf/lh.sphere.reg
Rescaling ...  original radius = 100
Building target registration hash (res=16).
Building source registration hash (res=16).
INFO: found  5784 nlabel points
Performing mapping from target back to the source label 128381
Number of reverse mapping hits = 589
Checking for and removing duplicates
Writing label file ./lh.BA4a_exvivo.label 6373
mri_label2label: Done


 mri_label2label --srcsubject fsaverage --srclabel /out/sourcedata/freesurfer/fsaverage/label/lh.BA4p_exvivo.label --trgsubject sub-v2s7x29798_ses-1 --trglabel ./lh.BA4p_exvivo.label --hemi lh --regmethod surface 


srclabel = /out/sourcedata/freesurfer/fsaverage/label/lh.BA4p_exvivo.label
srcsubject = fsaverage
trgsubject = sub-v2s7x29798_ses-1
trglabel = ./lh.BA4p_exvivo.label
regmethod = surface

srchemi = lh
trghemi = lh
trgsurface = white
srcsurfreg = sphere.reg
trgsurfreg = sphere.reg
usehash = 1
Use ProjAbs  = 0, 0
Use ProjFrac = 0, 0
DoPaint 0

SUBJECTS_DIR    /out/sourcedata/freesurfer
FREESURFER_HOME /opt/freesurfer
Loading source label.
Found 4070 points in source label.
Starting surface-based mapping
Reading source registration 
 /out/sourcedata/freesurfer/fsaverage/surf/lh.sphere.reg
Rescaling ...  original radius = 100
Reading target surface 
 /out/sourcedata/freesurfer/sub-v2s7x29798_ses-1/surf/lh.white
Reading target registration 
 /out/sourcedata/freesurfer/sub-v2s7x29798_ses-1/surf/lh.sphere.reg
Rescaling ...  original radius = 100
Building target registration hash (res=16).
Building source registration hash (res=16).
INFO: found  4070 nlabel points
Performing mapping from target back to the source label 128381
Number of reverse mapping hits = 514
Checking for and removing duplicates
Writing label file ./lh.BA4p_exvivo.label 4584
mri_label2label: Done


 mri_label2label --srcsubject fsaverage --srclabel /out/sourcedata/freesurfer/fsaverage/label/lh.BA6_exvivo.label --trgsubject sub-v2s7x29798_ses-1 --trglabel ./lh.BA6_exvivo.label --hemi lh --regmethod surface 


srclabel = /out/sourcedata/freesurfer/fsaverage/label/lh.BA6_exvivo.label
srcsubject = fsaverage
trgsubject = sub-v2s7x29798_ses-1
trglabel = ./lh.BA6_exvivo.label
regmethod = surface

srchemi = lh
trghemi = lh
trgsurface = white
srcsurfreg = sphere.reg
trgsurfreg = sphere.reg
usehash = 1
Use ProjAbs  = 0, 0
Use ProjFrac = 0, 0
DoPaint 0

SUBJECTS_DIR    /out/sourcedata/freesurfer
FREESURFER_HOME /opt/freesurfer
Loading source label.
Found 13589 points in source label.
Starting surface-based mapping
Reading source registration 
 /out/sourcedata/freesurfer/fsaverage/surf/lh.sphere.reg
Rescaling ...  original radius = 100
Reading target surface 
 /out/sourcedata/freesurfer/sub-v2s7x29798_ses-1/surf/lh.white
Reading target registration 
 /out/sourcedata/freesurfer/sub-v2s7x29798_ses-1/surf/lh.sphere.reg
Rescaling ...  original radius = 100
Building target registration hash (res=16).
Building source registration hash (res=16).
INFO: found  13589 nlabel points
Performing mapping from target back to the source label 128381
Number of reverse mapping hits = 1184
Checking for and removing duplicates
Writing label file ./lh.BA6_exvivo.label 14773
mri_label2label: Done


 mri_label2label --srcsubject fsaverage --srclabel /out/sourcedata/freesurfer/fsaverage/label/lh.BA44_exvivo.label --trgsubject sub-v2s7x29798_ses-1 --trglabel ./lh.BA44_exvivo.label --hemi lh --regmethod surface 


srclabel = /out/sourcedata/freesurfer/fsaverage/label/lh.BA44_exvivo.label
srcsubject = fsaverage
trgsubject = sub-v2s7x29798_ses-1
trglabel = ./lh.BA44_exvivo.label
regmethod = surface

srchemi = lh
trghemi = lh
trgsurface = white
srcsurfreg = sphere.reg
trgsurfreg = sphere.reg
usehash = 1
Use ProjAbs  = 0, 0
Use ProjFrac = 0, 0
DoPaint 0

SUBJECTS_DIR    /out/sourcedata/freesurfer
FREESURFER_HOME /opt/freesurfer
Loading source label.
Found 4181 points in source label.
Starting surface-based mapping
Reading source registration 
 /out/sourcedata/freesurfer/fsaverage/surf/lh.sphere.reg
Rescaling ...  original radius = 100
Reading target surface 
 /out/sourcedata/freesurfer/sub-v2s7x29798_ses-1/surf/lh.white
Reading target registration 
 /out/sourcedata/freesurfer/sub-v2s7x29798_ses-1/surf/lh.sphere.reg
Rescaling ...  original radius = 100
Building target registration hash (res=16).
Building source registration hash (res=16).
INFO: found  4181 nlabel points
Performing mapping from target back to the source label 128381
Number of reverse mapping hits = 128
Checking for and removing duplicates
Writing label file ./lh.BA44_exvivo.label 4309
mri_label2label: Done


 mri_label2label --srcsubject fsaverage --srclabel /out/sourcedata/freesurfer/fsaverage/label/lh.BA45_exvivo.label --trgsubject sub-v2s7x29798_ses-1 --trglabel ./lh.BA45_exvivo.label --hemi lh --regmethod surface 


srclabel = /out/sourcedata/freesurfer/fsaverage/label/lh.BA45_exvivo.label
srcsubject = fsaverage
trgsubject = sub-v2s7x29798_ses-1
trglabel = ./lh.BA45_exvivo.label
regmethod = surface

srchemi = lh
trghemi = lh
trgsurface = white
srcsurfreg = sphere.reg
trgsurfreg = sphere.reg
usehash = 1
Use ProjAbs  = 0, 0
Use ProjFrac = 0, 0
DoPaint 0

SUBJECTS_DIR    /out/sourcedata/freesurfer
FREESURFER_HOME /opt/freesurfer
Loading source label.
Found 3422 points in source label.
Starting surface-based mapping
Reading source registration 
 /out/sourcedata/freesurfer/fsaverage/surf/lh.sphere.reg
Rescaling ...  original radius = 100
Reading target surface 
 /out/sourcedata/freesurfer/sub-v2s7x29798_ses-1/surf/lh.white
Reading target registration 
 /out/sourcedata/freesurfer/sub-v2s7x29798_ses-1/surf/lh.sphere.reg
Rescaling ...  original radius = 100
Building target registration hash (res=16).
Building source registration hash (res=16).
INFO: found  3422 nlabel points
Performing mapping from target back to the source label 128381
Number of reverse mapping hits = 211
Checking for and removing duplicates
Writing label file ./lh.BA45_exvivo.label 3633
mri_label2label: Done


 mri_label2label --srcsubject fsaverage --srclabel /out/sourcedata/freesurfer/fsaverage/label/lh.V1_exvivo.label --trgsubject sub-v2s7x29798_ses-1 --trglabel ./lh.V1_exvivo.label --hemi lh --regmethod surface 


srclabel = /out/sourcedata/freesurfer/fsaverage/label/lh.V1_exvivo.label
srcsubject = fsaverage
trgsubject = sub-v2s7x29798_ses-1
trglabel = ./lh.V1_exvivo.label
regmethod = surface

srchemi = lh
trghemi = lh
trgsurface = white
srcsurfreg = sphere.reg
trgsurfreg = sphere.reg
usehash = 1
Use ProjAbs  = 0, 0
Use ProjFrac = 0, 0
DoPaint 0

SUBJECTS_DIR    /out/sourcedata/freesurfer
FREESURFER_HOME /opt/freesurfer
Loading source label.
Found 4641 points in source label.
Starting surface-based mapping
Reading source registration 
 /out/sourcedata/freesurfer/fsaverage/surf/lh.sphere.reg
Rescaling ...  original radius = 100
Reading target surface 
 /out/sourcedata/freesurfer/sub-v2s7x29798_ses-1/surf/lh.white
Reading target registration 
 /out/sourcedata/freesurfer/sub-v2s7x29798_ses-1/surf/lh.sphere.reg
Rescaling ...  original radius = 100
Building target registration hash (res=16).
Building source registration hash (res=16).
INFO: found  4641 nlabel points
Performing mapping from target back to the source label 128381
Number of reverse mapping hits = 898
Checking for and removing duplicates
Writing label file ./lh.V1_exvivo.label 5539
mri_label2label: Done


 mri_label2label --srcsubject fsaverage --srclabel /out/sourcedata/freesurfer/fsaverage/label/lh.V2_exvivo.label --trgsubject sub-v2s7x29798_ses-1 --trglabel ./lh.V2_exvivo.label --hemi lh --regmethod surface 


srclabel = /out/sourcedata/freesurfer/fsaverage/label/lh.V2_exvivo.label
srcsubject = fsaverage
trgsubject = sub-v2s7x29798_ses-1
trglabel = ./lh.V2_exvivo.label
regmethod = surface

srchemi = lh
trghemi = lh
trgsurface = white
srcsurfreg = sphere.reg
trgsurfreg = sphere.reg
usehash = 1
Use ProjAbs  = 0, 0
Use ProjFrac = 0, 0
DoPaint 0

SUBJECTS_DIR    /out/sourcedata/freesurfer
FREESURFER_HOME /opt/freesurfer
Loading source label.
Found 8114 points in source label.
Starting surface-based mapping
Reading source registration 
 /out/sourcedata/freesurfer/fsaverage/surf/lh.sphere.reg
Rescaling ...  original radius = 100
Reading target surface 
 /out/sourcedata/freesurfer/sub-v2s7x29798_ses-1/surf/lh.white
Reading target registration 
 /out/sourcedata/freesurfer/sub-v2s7x29798_ses-1/surf/lh.sphere.reg
Rescaling ...  original radius = 100
Building target registration hash (res=16).
Building source registration hash (res=16).
INFO: found  8114 nlabel points
Performing mapping from target back to the source label 128381
Number of reverse mapping hits = 1778
Checking for and removing duplicates
Writing label file ./lh.V2_exvivo.label 9892
mri_label2label: Done


 mri_label2label --srcsubject fsaverage --srclabel /out/sourcedata/freesurfer/fsaverage/label/lh.MT_exvivo.label --trgsubject sub-v2s7x29798_ses-1 --trglabel ./lh.MT_exvivo.label --hemi lh --regmethod surface 


srclabel = /out/sourcedata/freesurfer/fsaverage/label/lh.MT_exvivo.label
srcsubject = fsaverage
trgsubject = sub-v2s7x29798_ses-1
trglabel = ./lh.MT_exvivo.label
regmethod = surface

srchemi = lh
trghemi = lh
trgsurface = white
srcsurfreg = sphere.reg
trgsurfreg = sphere.reg
usehash = 1
Use ProjAbs  = 0, 0
Use ProjFrac = 0, 0
DoPaint 0

SUBJECTS_DIR    /out/sourcedata/freesurfer
FREESURFER_HOME /opt/freesurfer
Loading source label.
Found 2018 points in source label.
Starting surface-based mapping
Reading source registration 
 /out/sourcedata/freesurfer/fsaverage/surf/lh.sphere.reg
Rescaling ...  original radius = 100
Reading target surface 
 /out/sourcedata/freesurfer/sub-v2s7x29798_ses-1/surf/lh.white
Reading target registration 
 /out/sourcedata/freesurfer/sub-v2s7x29798_ses-1/surf/lh.sphere.reg
Rescaling ...  original radius = 100
Building target registration hash (res=16).
Building source registration hash (res=16).
INFO: found  2018 nlabel points
Performing mapping from target back to the source label 128381
Number of reverse mapping hits = 212
Checking for and removing duplicates
Writing label file ./lh.MT_exvivo.label 2230
mri_label2label: Done


 mri_label2label --srcsubject fsaverage --srclabel /out/sourcedata/freesurfer/fsaverage/label/lh.entorhinal_exvivo.label --trgsubject sub-v2s7x29798_ses-1 --trglabel ./lh.entorhinal_exvivo.label --hemi lh --regmethod surface 


srclabel = /out/sourcedata/freesurfer/fsaverage/label/lh.entorhinal_exvivo.label
srcsubject = fsaverage
trgsubject = sub-v2s7x29798_ses-1
trglabel = ./lh.entorhinal_exvivo.label
regmethod = surface

srchemi = lh
trghemi = lh
trgsurface = white
srcsurfreg = sphere.reg
trgsurfreg = sphere.reg
usehash = 1
Use ProjAbs  = 0, 0
Use ProjFrac = 0, 0
DoPaint 0

SUBJECTS_DIR    /out/sourcedata/freesurfer
FREESURFER_HOME /opt/freesurfer
Loading source label.
Found 1290 points in source label.
Starting surface-based mapping
Reading source registration 
 /out/sourcedata/freesurfer/fsaverage/surf/lh.sphere.reg
Rescaling ...  original radius = 100
Reading target surface 
 /out/sourcedata/freesurfer/sub-v2s7x29798_ses-1/surf/lh.white
Reading target registration 
 /out/sourcedata/freesurfer/sub-v2s7x29798_ses-1/surf/lh.sphere.reg
Rescaling ...  original radius = 100
Building target registration hash (res=16).
Building source registration hash (res=16).
INFO: found  1290 nlabel points
Performing mapping from target back to the source label 128381
Number of reverse mapping hits = 91
Checking for and removing duplicates
Writing label file ./lh.entorhinal_exvivo.label 1381
mri_label2label: Done


 mri_label2label --srcsubject fsaverage --srclabel /out/sourcedata/freesurfer/fsaverage/label/lh.perirhinal_exvivo.label --trgsubject sub-v2s7x29798_ses-1 --trglabel ./lh.perirhinal_exvivo.label --hemi lh --regmethod surface 


srclabel = /out/sourcedata/freesurfer/fsaverage/label/lh.perirhinal_exvivo.label
srcsubject = fsaverage
trgsubject = sub-v2s7x29798_ses-1
trglabel = ./lh.perirhinal_exvivo.label
regmethod = surface

srchemi = lh
trghemi = lh
trgsurface = white
srcsurfreg = sphere.reg
trgsurfreg = sphere.reg
usehash = 1
Use ProjAbs  = 0, 0
Use ProjFrac = 0, 0
DoPaint 0

SUBJECTS_DIR    /out/sourcedata/freesurfer
FREESURFER_HOME /opt/freesurfer
Loading source label.
Found 1199 points in source label.
Starting surface-based mapping
Reading source registration 
 /out/sourcedata/freesurfer/fsaverage/surf/lh.sphere.reg
Rescaling ...  original radius = 100
Reading target surface 
 /out/sourcedata/freesurfer/sub-v2s7x29798_ses-1/surf/lh.white
Reading target registration 
 /out/sourcedata/freesurfer/sub-v2s7x29798_ses-1/surf/lh.sphere.reg
Rescaling ...  original radius = 100
Building target registration hash (res=16).
Building source registration hash (res=16).
INFO: found  1199 nlabel points
Performing mapping from target back to the source label 128381
Number of reverse mapping hits = 88
Checking for and removing duplicates
Writing label file ./lh.perirhinal_exvivo.label 1287
mri_label2label: Done


 mri_label2label --srcsubject fsaverage --srclabel /out/sourcedata/freesurfer/fsaverage/label/lh.FG1.mpm.vpnl.label --trgsubject sub-v2s7x29798_ses-1 --trglabel ./lh.FG1.mpm.vpnl.label --hemi lh --regmethod surface 


srclabel = /out/sourcedata/freesurfer/fsaverage/label/lh.FG1.mpm.vpnl.label
srcsubject = fsaverage
trgsubject = sub-v2s7x29798_ses-1
trglabel = ./lh.FG1.mpm.vpnl.label
regmethod = surface

srchemi = lh
trghemi = lh
trgsurface = white
srcsurfreg = sphere.reg
trgsurfreg = sphere.reg
usehash = 1
Use ProjAbs  = 0, 0
Use ProjFrac = 0, 0
DoPaint 0

SUBJECTS_DIR    /out/sourcedata/freesurfer
FREESURFER_HOME /opt/freesurfer
Loading source label.
Found 414 points in source label.
Starting surface-based mapping
Reading source registration 
 /out/sourcedata/freesurfer/fsaverage/surf/lh.sphere.reg
Rescaling ...  original radius = 100
Reading target surface 
 /out/sourcedata/freesurfer/sub-v2s7x29798_ses-1/surf/lh.white
Reading target registration 
 /out/sourcedata/freesurfer/sub-v2s7x29798_ses-1/surf/lh.sphere.reg
Rescaling ...  original radius = 100
Building target registration hash (res=16).
Building source registration hash (res=16).
INFO: found  414 nlabel points
Performing mapping from target back to the source label 128381
Number of reverse mapping hits = 95
Checking for and removing duplicates
Writing label file ./lh.FG1.mpm.vpnl.label 509
mri_label2label: Done


 mri_label2label --srcsubject fsaverage --srclabel /out/sourcedata/freesurfer/fsaverage/label/lh.FG2.mpm.vpnl.label --trgsubject sub-v2s7x29798_ses-1 --trglabel ./lh.FG2.mpm.vpnl.label --hemi lh --regmethod surface 


srclabel = /out/sourcedata/freesurfer/fsaverage/label/lh.FG2.mpm.vpnl.label
srcsubject = fsaverage
trgsubject = sub-v2s7x29798_ses-1
trglabel = ./lh.FG2.mpm.vpnl.label
regmethod = surface

srchemi = lh
trghemi = lh
trgsurface = white
srcsurfreg = sphere.reg
trgsurfreg = sphere.reg
usehash = 1
Use ProjAbs  = 0, 0
Use ProjFrac = 0, 0
DoPaint 0

SUBJECTS_DIR    /out/sourcedata/freesurfer
FREESURFER_HOME /opt/freesurfer
Loading source label.
Found 703 points in source label.
Starting surface-based mapping
Reading source registration 
 /out/sourcedata/freesurfer/fsaverage/surf/lh.sphere.reg
Rescaling ...  original radius = 100
Reading target surface 
 /out/sourcedata/freesurfer/sub-v2s7x29798_ses-1/surf/lh.white
Reading target registration 
 /out/sourcedata/freesurfer/sub-v2s7x29798_ses-1/surf/lh.sphere.reg
Rescaling ...  original radius = 100
Building target registration hash (res=16).
Building source registration hash (res=16).
INFO: found  703 nlabel points
Performing mapping from target back to the source label 128381
Number of reverse mapping hits = 171
Checking for and removing duplicates
Writing label file ./lh.FG2.mpm.vpnl.label 874
mri_label2label: Done


 mri_label2label --srcsubject fsaverage --srclabel /out/sourcedata/freesurfer/fsaverage/label/lh.FG3.mpm.vpnl.label --trgsubject sub-v2s7x29798_ses-1 --trglabel ./lh.FG3.mpm.vpnl.label --hemi lh --regmethod surface 


srclabel = /out/sourcedata/freesurfer/fsaverage/label/lh.FG3.mpm.vpnl.label
srcsubject = fsaverage
trgsubject = sub-v2s7x29798_ses-1
trglabel = ./lh.FG3.mpm.vpnl.label
regmethod = surface

srchemi = lh
trghemi = lh
trgsurface = white
srcsurfreg = sphere.reg
trgsurfreg = sphere.reg
usehash = 1
Use ProjAbs  = 0, 0
Use ProjFrac = 0, 0
DoPaint 0

SUBJECTS_DIR    /out/sourcedata/freesurfer
FREESURFER_HOME /opt/freesurfer
Loading source label.
Found 1873 points in source label.
Starting surface-based mapping
Reading source registration 
 /out/sourcedata/freesurfer/fsaverage/surf/lh.sphere.reg
Rescaling ...  original radius = 100
Reading target surface 
 /out/sourcedata/freesurfer/sub-v2s7x29798_ses-1/surf/lh.white
Reading target registration 
 /out/sourcedata/freesurfer/sub-v2s7x29798_ses-1/surf/lh.sphere.reg
Rescaling ...  original radius = 100
Building target registration hash (res=16).
Building source registration hash (res=16).
INFO: found  1873 nlabel points
Performing mapping from target back to the source label 128381
Number of reverse mapping hits = 135
Checking for and removing duplicates
Writing label file ./lh.FG3.mpm.vpnl.label 2008
mri_label2label: Done


 mri_label2label --srcsubject fsaverage --srclabel /out/sourcedata/freesurfer/fsaverage/label/lh.FG4.mpm.vpnl.label --trgsubject sub-v2s7x29798_ses-1 --trglabel ./lh.FG4.mpm.vpnl.label --hemi lh --regmethod surface 


srclabel = /out/sourcedata/freesurfer/fsaverage/label/lh.FG4.mpm.vpnl.label
srcsubject = fsaverage
trgsubject = sub-v2s7x29798_ses-1
trglabel = ./lh.FG4.mpm.vpnl.label
regmethod = surface

srchemi = lh
trghemi = lh
trgsurface = white
srcsurfreg = sphere.reg
trgsurfreg = sphere.reg
usehash = 1
Use ProjAbs  = 0, 0
Use ProjFrac = 0, 0
DoPaint 0

SUBJECTS_DIR    /out/sourcedata/freesurfer
FREESURFER_HOME /opt/freesurfer
Loading source label.
Found 2101 points in source label.
Starting surface-based mapping
Reading source registration 
 /out/sourcedata/freesurfer/fsaverage/surf/lh.sphere.reg
Rescaling ...  original radius = 100
Reading target surface 
 /out/sourcedata/freesurfer/sub-v2s7x29798_ses-1/surf/lh.white
Reading target registration 
 /out/sourcedata/freesurfer/sub-v2s7x29798_ses-1/surf/lh.sphere.reg
Rescaling ...  original radius = 100
Building target registration hash (res=16).
Building source registration hash (res=16).
INFO: found  2101 nlabel points
Performing mapping from target back to the source label 128381
Number of reverse mapping hits = 159
Checking for and removing duplicates
Writing label file ./lh.FG4.mpm.vpnl.label 2260
mri_label2label: Done


 mri_label2label --srcsubject fsaverage --srclabel /out/sourcedata/freesurfer/fsaverage/label/lh.hOc1.mpm.vpnl.label --trgsubject sub-v2s7x29798_ses-1 --trglabel ./lh.hOc1.mpm.vpnl.label --hemi lh --regmethod surface 


srclabel = /out/sourcedata/freesurfer/fsaverage/label/lh.hOc1.mpm.vpnl.label
srcsubject = fsaverage
trgsubject = sub-v2s7x29798_ses-1
trglabel = ./lh.hOc1.mpm.vpnl.label
regmethod = surface

srchemi = lh
trghemi = lh
trgsurface = white
srcsurfreg = sphere.reg
trgsurfreg = sphere.reg
usehash = 1
Use ProjAbs  = 0, 0
Use ProjFrac = 0, 0
DoPaint 0

SUBJECTS_DIR    /out/sourcedata/freesurfer
FREESURFER_HOME /opt/freesurfer
Loading source label.
Found 3877 points in source label.
Starting surface-based mapping
Reading source registration 
 /out/sourcedata/freesurfer/fsaverage/surf/lh.sphere.reg
Rescaling ...  original radius = 100
Reading target surface 
 /out/sourcedata/freesurfer/sub-v2s7x29798_ses-1/surf/lh.white
Reading target registration 
 /out/sourcedata/freesurfer/sub-v2s7x29798_ses-1/surf/lh.sphere.reg
Rescaling ...  original radius = 100
Building target registration hash (res=16).
Building source registration hash (res=16).
INFO: found  3877 nlabel points
Performing mapping from target back to the source label 128381
Number of reverse mapping hits = 698
Checking for and removing duplicates
Writing label file ./lh.hOc1.mpm.vpnl.label 4575
mri_label2label: Done


 mri_label2label --srcsubject fsaverage --srclabel /out/sourcedata/freesurfer/fsaverage/label/lh.hOc2.mpm.vpnl.label --trgsubject sub-v2s7x29798_ses-1 --trglabel ./lh.hOc2.mpm.vpnl.label --hemi lh --regmethod surface 


srclabel = /out/sourcedata/freesurfer/fsaverage/label/lh.hOc2.mpm.vpnl.label
srcsubject = fsaverage
trgsubject = sub-v2s7x29798_ses-1
trglabel = ./lh.hOc2.mpm.vpnl.label
regmethod = surface

srchemi = lh
trghemi = lh
trgsurface = white
srcsurfreg = sphere.reg
trgsurfreg = sphere.reg
usehash = 1
Use ProjAbs  = 0, 0
Use ProjFrac = 0, 0
DoPaint 0

SUBJECTS_DIR    /out/sourcedata/freesurfer
FREESURFER_HOME /opt/freesurfer
Loading source label.
Found 2919 points in source label.
Starting surface-based mapping
Reading source registration 
 /out/sourcedata/freesurfer/fsaverage/surf/lh.sphere.reg
Rescaling ...  original radius = 100
Reading target surface 
 /out/sourcedata/freesurfer/sub-v2s7x29798_ses-1/surf/lh.white
Reading target registration 
 /out/sourcedata/freesurfer/sub-v2s7x29798_ses-1/surf/lh.sphere.reg
Rescaling ...  original radius = 100
Building target registration hash (res=16).
Building source registration hash (res=16).
INFO: found  2919 nlabel points
Performing mapping from target back to the source label 128381
Number of reverse mapping hits = 740
Checking for and removing duplicates
Writing label file ./lh.hOc2.mpm.vpnl.label 3659
mri_label2label: Done


 mri_label2label --srcsubject fsaverage --srclabel /out/sourcedata/freesurfer/fsaverage/label/lh.hOc3v.mpm.vpnl.label --trgsubject sub-v2s7x29798_ses-1 --trglabel ./lh.hOc3v.mpm.vpnl.label --hemi lh --regmethod surface 


srclabel = /out/sourcedata/freesurfer/fsaverage/label/lh.hOc3v.mpm.vpnl.label
srcsubject = fsaverage
trgsubject = sub-v2s7x29798_ses-1
trglabel = ./lh.hOc3v.mpm.vpnl.label
regmethod = surface

srchemi = lh
trghemi = lh
trgsurface = white
srcsurfreg = sphere.reg
trgsurfreg = sphere.reg
usehash = 1
Use ProjAbs  = 0, 0
Use ProjFrac = 0, 0
DoPaint 0

SUBJECTS_DIR    /out/sourcedata/freesurfer
FREESURFER_HOME /opt/freesurfer
Loading source label.
Found 1286 points in source label.
Starting surface-based mapping
Reading source registration 
 /out/sourcedata/freesurfer/fsaverage/surf/lh.sphere.reg
Rescaling ...  original radius = 100
Reading target surface 
 /out/sourcedata/freesurfer/sub-v2s7x29798_ses-1/surf/lh.white
Reading target registration 
 /out/sourcedata/freesurfer/sub-v2s7x29798_ses-1/surf/lh.sphere.reg
Rescaling ...  original radius = 100
Building target registration hash (res=16).
Building source registration hash (res=16).
INFO: found  1286 nlabel points
Performing mapping from target back to the source label 128381
Number of reverse mapping hits = 406
Checking for and removing duplicates
Writing label file ./lh.hOc3v.mpm.vpnl.label 1692
mri_label2label: Done


 mri_label2label --srcsubject fsaverage --srclabel /out/sourcedata/freesurfer/fsaverage/label/lh.hOc4v.mpm.vpnl.label --trgsubject sub-v2s7x29798_ses-1 --trglabel ./lh.hOc4v.mpm.vpnl.label --hemi lh --regmethod surface 


srclabel = /out/sourcedata/freesurfer/fsaverage/label/lh.hOc4v.mpm.vpnl.label
srcsubject = fsaverage
trgsubject = sub-v2s7x29798_ses-1
trglabel = ./lh.hOc4v.mpm.vpnl.label
regmethod = surface

srchemi = lh
trghemi = lh
trgsurface = white
srcsurfreg = sphere.reg
trgsurfreg = sphere.reg
usehash = 1
Use ProjAbs  = 0, 0
Use ProjFrac = 0, 0
DoPaint 0

SUBJECTS_DIR    /out/sourcedata/freesurfer
FREESURFER_HOME /opt/freesurfer
Loading source label.
Found 1006 points in source label.
Starting surface-based mapping
Reading source registration 
 /out/sourcedata/freesurfer/fsaverage/surf/lh.sphere.reg
Rescaling ...  original radius = 100
Reading target surface 
 /out/sourcedata/freesurfer/sub-v2s7x29798_ses-1/surf/lh.white
Reading target registration 
 /out/sourcedata/freesurfer/sub-v2s7x29798_ses-1/surf/lh.sphere.reg
Rescaling ...  original radius = 100
Building target registration hash (res=16).
Building source registration hash (res=16).
INFO: found  1006 nlabel points
Performing mapping from target back to the source label 128381
Number of reverse mapping hits = 314
Checking for and removing duplicates
Writing label file ./lh.hOc4v.mpm.vpnl.label 1320
mri_label2label: Done


 mris_label2annot --s sub-v2s7x29798_ses-1 --ctab /opt/freesurfer/average/colortable_vpnl.txt --hemi lh --a mpm.vpnl --maxstatwinner --noverbose --l lh.FG1.mpm.vpnl.label --l lh.FG2.mpm.vpnl.label --l lh.FG3.mpm.vpnl.label --l lh.FG4.mpm.vpnl.label --l lh.hOc1.mpm.vpnl.label --l lh.hOc2.mpm.vpnl.label --l lh.hOc3v.mpm.vpnl.label --l lh.hOc4v.mpm.vpnl.label 

Reading ctab /opt/freesurfer/average/colortable_vpnl.txt
Number of ctab entries 9

7.3.2
cwd /out/sourcedata/freesurfer/sub-v2s7x29798_ses-1/label
cmdline mris_label2annot --s sub-v2s7x29798_ses-1 --ctab /opt/freesurfer/average/colortable_vpnl.txt --hemi lh --a mpm.vpnl --maxstatwinner --noverbose --l lh.FG1.mpm.vpnl.label --l lh.FG2.mpm.vpnl.label --l lh.FG3.mpm.vpnl.label --l lh.FG4.mpm.vpnl.label --l lh.hOc1.mpm.vpnl.label --l lh.hOc2.mpm.vpnl.label --l lh.hOc3v.mpm.vpnl.label --l lh.hOc4v.mpm.vpnl.label 
sysname  Linux
hostname dna080
machine  x86_64
user     oesteban

subject sub-v2s7x29798_ses-1
hemi    lh
SUBJECTS_DIR /out/sourcedata/freesurfer
ColorTable /opt/freesurfer/average/colortable_vpnl.txt
AnnotName  mpm.vpnl
nlables 8
LabelThresh 0 0.000000
Loading /out/sourcedata/freesurfer/sub-v2s7x29798_ses-1/surf/lh.orig
 1 1376057 FG1
 2 16711935 FG2
 3 16711680 FG3
 4 1705837 FG4
 5 25600 hOc1
 6 255 hOc2
 7 16776960 hOc3v
 8 65535 hOc4v
Mapping unhit to unknown
Found 113539 unhit vertices
Writing annot to /out/sourcedata/freesurfer/sub-v2s7x29798_ses-1/label/lh.mpm.vpnl.annot

 mri_label2label --srcsubject fsaverage --srclabel /out/sourcedata/freesurfer/fsaverage/label/lh.BA1_exvivo.thresh.label --trgsubject sub-v2s7x29798_ses-1 --trglabel ./lh.BA1_exvivo.thresh.label --hemi lh --regmethod surface 


srclabel = /out/sourcedata/freesurfer/fsaverage/label/lh.BA1_exvivo.thresh.label
srcsubject = fsaverage
trgsubject = sub-v2s7x29798_ses-1
trglabel = ./lh.BA1_exvivo.thresh.label
regmethod = surface

srchemi = lh
trghemi = lh
trgsurface = white
srcsurfreg = sphere.reg
trgsurfreg = sphere.reg
usehash = 1
Use ProjAbs  = 0, 0
Use ProjFrac = 0, 0
DoPaint 0

SUBJECTS_DIR    /out/sourcedata/freesurfer
FREESURFER_HOME /opt/freesurfer
Loading source label.
Found 1014 points in source label.
Starting surface-based mapping
Reading source registration 
 /out/sourcedata/freesurfer/fsaverage/surf/lh.sphere.reg
Rescaling ...  original radius = 100
Reading target surface 
 /out/sourcedata/freesurfer/sub-v2s7x29798_ses-1/surf/lh.white
Reading target registration 
 /out/sourcedata/freesurfer/sub-v2s7x29798_ses-1/surf/lh.sphere.reg
Rescaling ...  original radius = 100
Building target registration hash (res=16).
Building source registration hash (res=16).
INFO: found  1014 nlabel points
Performing mapping from target back to the source label 128381
Number of reverse mapping hits = 116
Checking for and removing duplicates
Writing label file ./lh.BA1_exvivo.thresh.label 1130
mri_label2label: Done


 mri_label2label --srcsubject fsaverage --srclabel /out/sourcedata/freesurfer/fsaverage/label/lh.BA2_exvivo.thresh.label --trgsubject sub-v2s7x29798_ses-1 --trglabel ./lh.BA2_exvivo.thresh.label --hemi lh --regmethod surface 


srclabel = /out/sourcedata/freesurfer/fsaverage/label/lh.BA2_exvivo.thresh.label
srcsubject = fsaverage
trgsubject = sub-v2s7x29798_ses-1
trglabel = ./lh.BA2_exvivo.thresh.label
regmethod = surface

srchemi = lh
trghemi = lh
trgsurface = white
srcsurfreg = sphere.reg
trgsurfreg = sphere.reg
usehash = 1
Use ProjAbs  = 0, 0
Use ProjFrac = 0, 0
DoPaint 0

SUBJECTS_DIR    /out/sourcedata/freesurfer
FREESURFER_HOME /opt/freesurfer
Loading source label.
Found 2092 points in source label.
Starting surface-based mapping
Reading source registration 
 /out/sourcedata/freesurfer/fsaverage/surf/lh.sphere.reg
Rescaling ...  original radius = 100
Reading target surface 
 /out/sourcedata/freesurfer/sub-v2s7x29798_ses-1/surf/lh.white
Reading target registration 
 /out/sourcedata/freesurfer/sub-v2s7x29798_ses-1/surf/lh.sphere.reg
Rescaling ...  original radius = 100
Building target registration hash (res=16).
Building source registration hash (res=16).
INFO: found  2092 nlabel points
Performing mapping from target back to the source label 128381
Number of reverse mapping hits = 235
Checking for and removing duplicates
Writing label file ./lh.BA2_exvivo.thresh.label 2327
mri_label2label: Done


 mri_label2label --srcsubject fsaverage --srclabel /out/sourcedata/freesurfer/fsaverage/label/lh.BA3a_exvivo.thresh.label --trgsubject sub-v2s7x29798_ses-1 --trglabel ./lh.BA3a_exvivo.thresh.label --hemi lh --regmethod surface 


srclabel = /out/sourcedata/freesurfer/fsaverage/label/lh.BA3a_exvivo.thresh.label
srcsubject = fsaverage
trgsubject = sub-v2s7x29798_ses-1
trglabel = ./lh.BA3a_exvivo.thresh.label
regmethod = surface

srchemi = lh
trghemi = lh
trgsurface = white
srcsurfreg = sphere.reg
trgsurfreg = sphere.reg
usehash = 1
Use ProjAbs  = 0, 0
Use ProjFrac = 0, 0
DoPaint 0

SUBJECTS_DIR    /out/sourcedata/freesurfer
FREESURFER_HOME /opt/freesurfer
Loading source label.
Found 1504 points in source label.
Starting surface-based mapping
Reading source registration 
 /out/sourcedata/freesurfer/fsaverage/surf/lh.sphere.reg
Rescaling ...  original radius = 100
Reading target surface 
 /out/sourcedata/freesurfer/sub-v2s7x29798_ses-1/surf/lh.white
Reading target registration 
 /out/sourcedata/freesurfer/sub-v2s7x29798_ses-1/surf/lh.sphere.reg
Rescaling ...  original radius = 100
Building target registration hash (res=16).
Building source registration hash (res=16).
INFO: found  1504 nlabel points
Performing mapping from target back to the source label 128381
Number of reverse mapping hits = 117
Checking for and removing duplicates
Writing label file ./lh.BA3a_exvivo.thresh.label 1621
mri_label2label: Done


 mri_label2label --srcsubject fsaverage --srclabel /out/sourcedata/freesurfer/fsaverage/label/lh.BA3b_exvivo.thresh.label --trgsubject sub-v2s7x29798_ses-1 --trglabel ./lh.BA3b_exvivo.thresh.label --hemi lh --regmethod surface 


srclabel = /out/sourcedata/freesurfer/fsaverage/label/lh.BA3b_exvivo.thresh.label
srcsubject = fsaverage
trgsubject = sub-v2s7x29798_ses-1
trglabel = ./lh.BA3b_exvivo.thresh.label
regmethod = surface

srchemi = lh
trghemi = lh
trgsurface = white
srcsurfreg = sphere.reg
trgsurfreg = sphere.reg
usehash = 1
Use ProjAbs  = 0, 0
Use ProjFrac = 0, 0
DoPaint 0

SUBJECTS_DIR    /out/sourcedata/freesurfer
FREESURFER_HOME /opt/freesurfer
Loading source label.
Found 1996 points in source label.
Starting surface-based mapping
Reading source registration 
 /out/sourcedata/freesurfer/fsaverage/surf/lh.sphere.reg
Rescaling ...  original radius = 100
Reading target surface 
 /out/sourcedata/freesurfer/sub-v2s7x29798_ses-1/surf/lh.white
Reading target registration 
 /out/sourcedata/freesurfer/sub-v2s7x29798_ses-1/surf/lh.sphere.reg
Rescaling ...  original radius = 100
Building target registration hash (res=16).
Building source registration hash (res=16).
INFO: found  1996 nlabel points
Performing mapping from target back to the source label 128381
Number of reverse mapping hits = 106
Checking for and removing duplicates
Writing label file ./lh.BA3b_exvivo.thresh.label 2102
mri_label2label: Done


 mri_label2label --srcsubject fsaverage --srclabel /out/sourcedata/freesurfer/fsaverage/label/lh.BA4a_exvivo.thresh.label --trgsubject sub-v2s7x29798_ses-1 --trglabel ./lh.BA4a_exvivo.thresh.label --hemi lh --regmethod surface 


srclabel = /out/sourcedata/freesurfer/fsaverage/label/lh.BA4a_exvivo.thresh.label
srcsubject = fsaverage
trgsubject = sub-v2s7x29798_ses-1
trglabel = ./lh.BA4a_exvivo.thresh.label
regmethod = surface

srchemi = lh
trghemi = lh
trgsurface = white
srcsurfreg = sphere.reg
trgsurfreg = sphere.reg
usehash = 1
Use ProjAbs  = 0, 0
Use ProjFrac = 0, 0
DoPaint 0

SUBJECTS_DIR    /out/sourcedata/freesurfer
FREESURFER_HOME /opt/freesurfer
Loading source label.
Found 2319 points in source label.
Starting surface-based mapping
Reading source registration 
 /out/sourcedata/freesurfer/fsaverage/surf/lh.sphere.reg
Rescaling ...  original radius = 100
Reading target surface 
 /out/sourcedata/freesurfer/sub-v2s7x29798_ses-1/surf/lh.white
Reading target registration 
 /out/sourcedata/freesurfer/sub-v2s7x29798_ses-1/surf/lh.sphere.reg
Rescaling ...  original radius = 100
Building target registration hash (res=16).
Building source registration hash (res=16).
INFO: found  2319 nlabel points
Performing mapping from target back to the source label 128381
Number of reverse mapping hits = 206
Checking for and removing duplicates
Writing label file ./lh.BA4a_exvivo.thresh.label 2525
mri_label2label: Done


 mri_label2label --srcsubject fsaverage --srclabel /out/sourcedata/freesurfer/fsaverage/label/lh.BA4p_exvivo.thresh.label --trgsubject sub-v2s7x29798_ses-1 --trglabel ./lh.BA4p_exvivo.thresh.label --hemi lh --regmethod surface 


srclabel = /out/sourcedata/freesurfer/fsaverage/label/lh.BA4p_exvivo.thresh.label
srcsubject = fsaverage
trgsubject = sub-v2s7x29798_ses-1
trglabel = ./lh.BA4p_exvivo.thresh.label
regmethod = surface

srchemi = lh
trghemi = lh
trgsurface = white
srcsurfreg = sphere.reg
trgsurfreg = sphere.reg
usehash = 1
Use ProjAbs  = 0, 0
Use ProjFrac = 0, 0
DoPaint 0

SUBJECTS_DIR    /out/sourcedata/freesurfer
FREESURFER_HOME /opt/freesurfer
Loading source label.
Found 1549 points in source label.
Starting surface-based mapping
Reading source registration 
 /out/sourcedata/freesurfer/fsaverage/surf/lh.sphere.reg
Rescaling ...  original radius = 100
Reading target surface 
 /out/sourcedata/freesurfer/sub-v2s7x29798_ses-1/surf/lh.white
Reading target registration 
 /out/sourcedata/freesurfer/sub-v2s7x29798_ses-1/surf/lh.sphere.reg
Rescaling ...  original radius = 100
Building target registration hash (res=16).
Building source registration hash (res=16).
INFO: found  1549 nlabel points
Performing mapping from target back to the source label 128381
Number of reverse mapping hits = 210
Checking for and removing duplicates
Writing label file ./lh.BA4p_exvivo.thresh.label 1759
mri_label2label: Done


 mri_label2label --srcsubject fsaverage --srclabel /out/sourcedata/freesurfer/fsaverage/label/lh.BA6_exvivo.thresh.label --trgsubject sub-v2s7x29798_ses-1 --trglabel ./lh.BA6_exvivo.thresh.label --hemi lh --regmethod surface 


srclabel = /out/sourcedata/freesurfer/fsaverage/label/lh.BA6_exvivo.thresh.label
srcsubject = fsaverage
trgsubject = sub-v2s7x29798_ses-1
trglabel = ./lh.BA6_exvivo.thresh.label
regmethod = surface

srchemi = lh
trghemi = lh
trgsurface = white
srcsurfreg = sphere.reg
trgsurfreg = sphere.reg
usehash = 1
Use ProjAbs  = 0, 0
Use ProjFrac = 0, 0
DoPaint 0

SUBJECTS_DIR    /out/sourcedata/freesurfer
FREESURFER_HOME /opt/freesurfer
Loading source label.
Found 7035 points in source label.
Starting surface-based mapping
Reading source registration 
 /out/sourcedata/freesurfer/fsaverage/surf/lh.sphere.reg
Rescaling ...  original radius = 100
Reading target surface 
 /out/sourcedata/freesurfer/sub-v2s7x29798_ses-1/surf/lh.white
Reading target registration 
 /out/sourcedata/freesurfer/sub-v2s7x29798_ses-1/surf/lh.sphere.reg
Rescaling ...  original radius = 100
Building target registration hash (res=16).
Building source registration hash (res=16).
INFO: found  7035 nlabel points
Performing mapping from target back to the source label 128381
Number of reverse mapping hits = 632
Checking for and removing duplicates
Writing label file ./lh.BA6_exvivo.thresh.label 7667
mri_label2label: Done


 mri_label2label --srcsubject fsaverage --srclabel /out/sourcedata/freesurfer/fsaverage/label/lh.BA44_exvivo.thresh.label --trgsubject sub-v2s7x29798_ses-1 --trglabel ./lh.BA44_exvivo.thresh.label --hemi lh --regmethod surface 


srclabel = /out/sourcedata/freesurfer/fsaverage/label/lh.BA44_exvivo.thresh.label
srcsubject = fsaverage
trgsubject = sub-v2s7x29798_ses-1
trglabel = ./lh.BA44_exvivo.thresh.label
regmethod = surface

srchemi = lh
trghemi = lh
trgsurface = white
srcsurfreg = sphere.reg
trgsurfreg = sphere.reg
usehash = 1
Use ProjAbs  = 0, 0
Use ProjFrac = 0, 0
DoPaint 0

SUBJECTS_DIR    /out/sourcedata/freesurfer
FREESURFER_HOME /opt/freesurfer
Loading source label.
Found 1912 points in source label.
Starting surface-based mapping
Reading source registration 
 /out/sourcedata/freesurfer/fsaverage/surf/lh.sphere.reg
Rescaling ...  original radius = 100
Reading target surface 
 /out/sourcedata/freesurfer/sub-v2s7x29798_ses-1/surf/lh.white
Reading target registration 
 /out/sourcedata/freesurfer/sub-v2s7x29798_ses-1/surf/lh.sphere.reg
Rescaling ...  original radius = 100
Building target registration hash (res=16).
Building source registration hash (res=16).
INFO: found  1912 nlabel points
Performing mapping from target back to the source label 128381
Number of reverse mapping hits = 36
Checking for and removing duplicates
Writing label file ./lh.BA44_exvivo.thresh.label 1948
mri_label2label: Done


 mri_label2label --srcsubject fsaverage --srclabel /out/sourcedata/freesurfer/fsaverage/label/lh.BA45_exvivo.thresh.label --trgsubject sub-v2s7x29798_ses-1 --trglabel ./lh.BA45_exvivo.thresh.label --hemi lh --regmethod surface 


srclabel = /out/sourcedata/freesurfer/fsaverage/label/lh.BA45_exvivo.thresh.label
srcsubject = fsaverage
trgsubject = sub-v2s7x29798_ses-1
trglabel = ./lh.BA45_exvivo.thresh.label
regmethod = surface

srchemi = lh
trghemi = lh
trgsurface = white
srcsurfreg = sphere.reg
trgsurfreg = sphere.reg
usehash = 1
Use ProjAbs  = 0, 0
Use ProjFrac = 0, 0
DoPaint 0

SUBJECTS_DIR    /out/sourcedata/freesurfer
FREESURFER_HOME /opt/freesurfer
Loading source label.
Found 1151 points in source label.
Starting surface-based mapping
Reading source registration 
 /out/sourcedata/freesurfer/fsaverage/surf/lh.sphere.reg
Rescaling ...  original radius = 100
Reading target surface 
 /out/sourcedata/freesurfer/sub-v2s7x29798_ses-1/surf/lh.white
Reading target registration 
 /out/sourcedata/freesurfer/sub-v2s7x29798_ses-1/surf/lh.sphere.reg
Rescaling ...  original radius = 100
Building target registration hash (res=16).
Building source registration hash (res=16).
INFO: found  1151 nlabel points
Performing mapping from target back to the source label 128381
Number of reverse mapping hits = 122
Checking for and removing duplicates
Writing label file ./lh.BA45_exvivo.thresh.label 1273
mri_label2label: Done


 mri_label2label --srcsubject fsaverage --srclabel /out/sourcedata/freesurfer/fsaverage/label/lh.V1_exvivo.thresh.label --trgsubject sub-v2s7x29798_ses-1 --trglabel ./lh.V1_exvivo.thresh.label --hemi lh --regmethod surface 


srclabel = /out/sourcedata/freesurfer/fsaverage/label/lh.V1_exvivo.thresh.label
srcsubject = fsaverage
trgsubject = sub-v2s7x29798_ses-1
trglabel = ./lh.V1_exvivo.thresh.label
regmethod = surface

srchemi = lh
trghemi = lh
trgsurface = white
srcsurfreg = sphere.reg
trgsurfreg = sphere.reg
usehash = 1
Use ProjAbs  = 0, 0
Use ProjFrac = 0, 0
DoPaint 0

SUBJECTS_DIR    /out/sourcedata/freesurfer
FREESURFER_HOME /opt/freesurfer
Loading source label.
Found 3405 points in source label.
Starting surface-based mapping
Reading source registration 
 /out/sourcedata/freesurfer/fsaverage/surf/lh.sphere.reg
Rescaling ...  original radius = 100
Reading target surface 
 /out/sourcedata/freesurfer/sub-v2s7x29798_ses-1/surf/lh.white
Reading target registration 
 /out/sourcedata/freesurfer/sub-v2s7x29798_ses-1/surf/lh.sphere.reg
Rescaling ...  original radius = 100
Building target registration hash (res=16).
Building source registration hash (res=16).
INFO: found  3405 nlabel points
Performing mapping from target back to the source label 128381
Number of reverse mapping hits = 615
Checking for and removing duplicates
Writing label file ./lh.V1_exvivo.thresh.label 4020
mri_label2label: Done


 mri_label2label --srcsubject fsaverage --srclabel /out/sourcedata/freesurfer/fsaverage/label/lh.V2_exvivo.thresh.label --trgsubject sub-v2s7x29798_ses-1 --trglabel ./lh.V2_exvivo.thresh.label --hemi lh --regmethod surface 


srclabel = /out/sourcedata/freesurfer/fsaverage/label/lh.V2_exvivo.thresh.label
srcsubject = fsaverage
trgsubject = sub-v2s7x29798_ses-1
trglabel = ./lh.V2_exvivo.thresh.label
regmethod = surface

srchemi = lh
trghemi = lh
trgsurface = white
srcsurfreg = sphere.reg
trgsurfreg = sphere.reg
usehash = 1
Use ProjAbs  = 0, 0
Use ProjFrac = 0, 0
DoPaint 0

SUBJECTS_DIR    /out/sourcedata/freesurfer
FREESURFER_HOME /opt/freesurfer
Loading source label.
Found 3334 points in source label.
Starting surface-based mapping
Reading source registration 
 /out/sourcedata/freesurfer/fsaverage/surf/lh.sphere.reg
Rescaling ...  original radius = 100
Reading target surface 
 /out/sourcedata/freesurfer/sub-v2s7x29798_ses-1/surf/lh.white
Reading target registration 
 /out/sourcedata/freesurfer/sub-v2s7x29798_ses-1/surf/lh.sphere.reg
Rescaling ...  original radius = 100
Building target registration hash (res=16).
Building source registration hash (res=16).
INFO: found  3334 nlabel points
Performing mapping from target back to the source label 128381
Number of reverse mapping hits = 829
Checking for and removing duplicates
Writing label file ./lh.V2_exvivo.thresh.label 4163
mri_label2label: Done


 mri_label2label --srcsubject fsaverage --srclabel /out/sourcedata/freesurfer/fsaverage/label/lh.MT_exvivo.thresh.label --trgsubject sub-v2s7x29798_ses-1 --trglabel ./lh.MT_exvivo.thresh.label --hemi lh --regmethod surface 


srclabel = /out/sourcedata/freesurfer/fsaverage/label/lh.MT_exvivo.thresh.label
srcsubject = fsaverage
trgsubject = sub-v2s7x29798_ses-1
trglabel = ./lh.MT_exvivo.thresh.label
regmethod = surface

srchemi = lh
trghemi = lh
trgsurface = white
srcsurfreg = sphere.reg
trgsurfreg = sphere.reg
usehash = 1
Use ProjAbs  = 0, 0
Use ProjFrac = 0, 0
DoPaint 0

SUBJECTS_DIR    /out/sourcedata/freesurfer
FREESURFER_HOME /opt/freesurfer
Loading source label.
Found 513 points in source label.
Starting surface-based mapping
Reading source registration 
 /out/sourcedata/freesurfer/fsaverage/surf/lh.sphere.reg
Rescaling ...  original radius = 100
Reading target surface 
 /out/sourcedata/freesurfer/sub-v2s7x29798_ses-1/surf/lh.white
Reading target registration 
 /out/sourcedata/freesurfer/sub-v2s7x29798_ses-1/surf/lh.sphere.reg
Rescaling ...  original radius = 100
Building target registration hash (res=16).
Building source registration hash (res=16).
INFO: found  513 nlabel points
Performing mapping from target back to the source label 128381
Number of reverse mapping hits = 50
Checking for and removing duplicates
Writing label file ./lh.MT_exvivo.thresh.label 563
mri_label2label: Done


 mri_label2label --srcsubject fsaverage --srclabel /out/sourcedata/freesurfer/fsaverage/label/lh.entorhinal_exvivo.thresh.label --trgsubject sub-v2s7x29798_ses-1 --trglabel ./lh.entorhinal_exvivo.thresh.label --hemi lh --regmethod surface 


srclabel = /out/sourcedata/freesurfer/fsaverage/label/lh.entorhinal_exvivo.thresh.label
srcsubject = fsaverage
trgsubject = sub-v2s7x29798_ses-1
trglabel = ./lh.entorhinal_exvivo.thresh.label
regmethod = surface

srchemi = lh
trghemi = lh
trgsurface = white
srcsurfreg = sphere.reg
trgsurfreg = sphere.reg
usehash = 1
Use ProjAbs  = 0, 0
Use ProjFrac = 0, 0
DoPaint 0

SUBJECTS_DIR    /out/sourcedata/freesurfer
FREESURFER_HOME /opt/freesurfer
Loading source label.
Found 470 points in source label.
Starting surface-based mapping
Reading source registration 
 /out/sourcedata/freesurfer/fsaverage/surf/lh.sphere.reg
Rescaling ...  original radius = 100
Reading target surface 
 /out/sourcedata/freesurfer/sub-v2s7x29798_ses-1/surf/lh.white
Reading target registration 
 /out/sourcedata/freesurfer/sub-v2s7x29798_ses-1/surf/lh.sphere.reg
Rescaling ...  original radius = 100
Building target registration hash (res=16).
Building source registration hash (res=16).
INFO: found  470 nlabel points
Performing mapping from target back to the source label 128381
Number of reverse mapping hits = 38
Checking for and removing duplicates
Writing label file ./lh.entorhinal_exvivo.thresh.label 508
mri_label2label: Done


 mri_label2label --srcsubject fsaverage --srclabel /out/sourcedata/freesurfer/fsaverage/label/lh.perirhinal_exvivo.thresh.label --trgsubject sub-v2s7x29798_ses-1 --trglabel ./lh.perirhinal_exvivo.thresh.label --hemi lh --regmethod surface 


srclabel = /out/sourcedata/freesurfer/fsaverage/label/lh.perirhinal_exvivo.thresh.label
srcsubject = fsaverage
trgsubject = sub-v2s7x29798_ses-1
trglabel = ./lh.perirhinal_exvivo.thresh.label
regmethod = surface

srchemi = lh
trghemi = lh
trgsurface = white
srcsurfreg = sphere.reg
trgsurfreg = sphere.reg
usehash = 1
Use ProjAbs  = 0, 0
Use ProjFrac = 0, 0
DoPaint 0

SUBJECTS_DIR    /out/sourcedata/freesurfer
FREESURFER_HOME /opt/freesurfer
Loading source label.
Found 450 points in source label.
Starting surface-based mapping
Reading source registration 
 /out/sourcedata/freesurfer/fsaverage/surf/lh.sphere.reg
Rescaling ...  original radius = 100
Reading target surface 
 /out/sourcedata/freesurfer/sub-v2s7x29798_ses-1/surf/lh.white
Reading target registration 
 /out/sourcedata/freesurfer/sub-v2s7x29798_ses-1/surf/lh.sphere.reg
Rescaling ...  original radius = 100
Building target registration hash (res=16).
Building source registration hash (res=16).
INFO: found  450 nlabel points
Performing mapping from target back to the source label 128381
Number of reverse mapping hits = 28
Checking for and removing duplicates
Writing label file ./lh.perirhinal_exvivo.thresh.label 478
mri_label2label: Done


 mris_label2annot --s sub-v2s7x29798_ses-1 --hemi lh --ctab /opt/freesurfer/average/colortable_BA.txt --l lh.BA1_exvivo.label --l lh.BA2_exvivo.label --l lh.BA3a_exvivo.label --l lh.BA3b_exvivo.label --l lh.BA4a_exvivo.label --l lh.BA4p_exvivo.label --l lh.BA6_exvivo.label --l lh.BA44_exvivo.label --l lh.BA45_exvivo.label --l lh.V1_exvivo.label --l lh.V2_exvivo.label --l lh.MT_exvivo.label --l lh.perirhinal_exvivo.label --l lh.entorhinal_exvivo.label --a BA_exvivo --maxstatwinner --noverbose 

Reading ctab /opt/freesurfer/average/colortable_BA.txt
Number of ctab entries 15

7.3.2
cwd /out/sourcedata/freesurfer/sub-v2s7x29798_ses-1/label
cmdline mris_label2annot --s sub-v2s7x29798_ses-1 --hemi lh --ctab /opt/freesurfer/average/colortable_BA.txt --l lh.BA1_exvivo.label --l lh.BA2_exvivo.label --l lh.BA3a_exvivo.label --l lh.BA3b_exvivo.label --l lh.BA4a_exvivo.label --l lh.BA4p_exvivo.label --l lh.BA6_exvivo.label --l lh.BA44_exvivo.label --l lh.BA45_exvivo.label --l lh.V1_exvivo.label --l lh.V2_exvivo.label --l lh.MT_exvivo.label --l lh.perirhinal_exvivo.label --l lh.entorhinal_exvivo.label --a BA_exvivo --maxstatwinner --noverbose 
sysname  Linux
hostname dna080
machine  x86_64
user     oesteban

subject sub-v2s7x29798_ses-1
hemi    lh
SUBJECTS_DIR /out/sourcedata/freesurfer
ColorTable /opt/freesurfer/average/colortable_BA.txt
AnnotName  BA_exvivo
nlables 14
LabelThresh 0 0.000000
Loading /out/sourcedata/freesurfer/sub-v2s7x29798_ses-1/surf/lh.orig
 1 1530880 BA1_exvivo
 2 16749699 BA2_exvivo
 3 16711680 BA3a_exvivo
 4 3368703 BA3b_exvivo
 5 1376196 BA4a_exvivo
 6 13382655 BA4p_exvivo
 7 10036737 BA6_exvivo
 8 2490521 BA44_exvivo
 9 39283 BA45_exvivo
10 3993 V1_exvivo
11 8508928 V2_exvivo
12 10027163 MT_exvivo
13 16422433 perirhinal_exvivo
14 16392598 entorhinal_exvivo
Mapping unhit to unknown
Found 87146 unhit vertices
Writing annot to /out/sourcedata/freesurfer/sub-v2s7x29798_ses-1/label/lh.BA_exvivo.annot

 mris_label2annot --s sub-v2s7x29798_ses-1 --hemi lh --ctab /opt/freesurfer/average/colortable_BA.txt --l lh.BA1_exvivo.thresh.label --l lh.BA2_exvivo.thresh.label --l lh.BA3a_exvivo.thresh.label --l lh.BA3b_exvivo.thresh.label --l lh.BA4a_exvivo.thresh.label --l lh.BA4p_exvivo.thresh.label --l lh.BA6_exvivo.thresh.label --l lh.BA44_exvivo.thresh.label --l lh.BA45_exvivo.thresh.label --l lh.V1_exvivo.thresh.label --l lh.V2_exvivo.thresh.label --l lh.MT_exvivo.thresh.label --l lh.perirhinal_exvivo.thresh.label --l lh.entorhinal_exvivo.thresh.label --a BA_exvivo.thresh --maxstatwinner --noverbose 

Reading ctab /opt/freesurfer/average/colortable_BA.txt
Number of ctab entries 15

7.3.2
cwd /out/sourcedata/freesurfer/sub-v2s7x29798_ses-1/label
cmdline mris_label2annot --s sub-v2s7x29798_ses-1 --hemi lh --ctab /opt/freesurfer/average/colortable_BA.txt --l lh.BA1_exvivo.thresh.label --l lh.BA2_exvivo.thresh.label --l lh.BA3a_exvivo.thresh.label --l lh.BA3b_exvivo.thresh.label --l lh.BA4a_exvivo.thresh.label --l lh.BA4p_exvivo.thresh.label --l lh.BA6_exvivo.thresh.label --l lh.BA44_exvivo.thresh.label --l lh.BA45_exvivo.thresh.label --l lh.V1_exvivo.thresh.label --l lh.V2_exvivo.thresh.label --l lh.MT_exvivo.thresh.label --l lh.perirhinal_exvivo.thresh.label --l lh.entorhinal_exvivo.thresh.label --a BA_exvivo.thresh --maxstatwinner --noverbose 
sysname  Linux
hostname dna080
machine  x86_64
user     oesteban

subject sub-v2s7x29798_ses-1
hemi    lh
SUBJECTS_DIR /out/sourcedata/freesurfer
ColorTable /opt/freesurfer/average/colortable_BA.txt
AnnotName  BA_exvivo.thresh
nlables 14
LabelThresh 0 0.000000
Loading /out/sourcedata/freesurfer/sub-v2s7x29798_ses-1/surf/lh.orig
 1 1530880 BA1_exvivo
 2 16749699 BA2_exvivo
 3 16711680 BA3a_exvivo
 4 3368703 BA3b_exvivo
 5 1376196 BA4a_exvivo
 6 13382655 BA4p_exvivo
 7 10036737 BA6_exvivo
 8 2490521 BA44_exvivo
 9 39283 BA45_exvivo
10 3993 V1_exvivo
11 8508928 V2_exvivo
12 10027163 MT_exvivo
13 16422433 perirhinal_exvivo
14 16392598 entorhinal_exvivo
Mapping unhit to unknown
Found 103602 unhit vertices
Writing annot to /out/sourcedata/freesurfer/sub-v2s7x29798_ses-1/label/lh.BA_exvivo.thresh.annot

 mris_anatomical_stats -th3 -mgz -noglobal -f ../stats/lh.BA_exvivo.stats -b -a ./lh.BA_exvivo.annot -c ./BA_exvivo.ctab sub-v2s7x29798_ses-1 lh white 

computing statistics for each annotation in ./lh.BA_exvivo.annot.
reading volume /out/sourcedata/freesurfer/sub-v2s7x29798_ses-1/mri/wm.mgz...
reading input surface /out/sourcedata/freesurfer/sub-v2s7x29798_ses-1/surf/lh.white...
reading input pial surface /out/sourcedata/freesurfer/sub-v2s7x29798_ses-1/surf/lh.pial...
reading input white surface /out/sourcedata/freesurfer/sub-v2s7x29798_ses-1/surf/lh.white...
INFO: using TH3 volume calc
INFO: assuming MGZ format for volumes.
INFO: not computing global stats
Using TH3 vertex volume calc
Total face volume 244091
Total vertex volume 243875 (mask=0)
Saving annotation colortable ./BA_exvivo.ctab

table columns are:
    number of vertices
    total surface area (mm^2)
    total gray matter volume (mm^3)
    average cortical thickness +- standard deviation (mm)
    integrated rectified mean curvature
    integrated rectified Gaussian curvature
    folding index
    intrinsic curvature index
    structure name

 1248    845   1800  1.766 0.737     0.174     0.059       28     3.3  BA1_exvivo
 4395   3000   6105  1.976 0.620     0.110     0.021       55     3.8  BA2_exvivo
 1341   1137   1396  1.748 0.533     0.182     0.046       18     3.0  BA3a_exvivo
 2425   1685   3315  1.701 0.675     0.109     0.025       28     2.8  BA3b_exvivo
 1653   1012   2803  2.403 0.888     0.102     0.024       17     1.8  BA4a_exvivo
 1804   1195   2097  1.904 0.716     0.122     0.036       46     2.9  BA4p_exvivo
 9705   6594  20207  2.666 0.921     0.119     0.026      120    11.2  BA6_exvivo
 2114   1621   4251  2.310 0.600     0.117     0.019       18     1.8  BA44_exvivo
 2510   1999   6249  2.498 0.704     0.138     0.031       34     3.5  BA45_exvivo
 3384   2483   3801  1.575 0.468     0.130     0.031       34     4.8  V1_exvivo
 7510   5544  10869  1.923 0.571     0.149     0.033       93    11.2  V2_exvivo
 1803   1242   3445  2.485 0.636     0.124     0.024       20     1.7  MT_exvivo
  710    542   2518  3.172 0.835     0.128     0.033       10     0.9  perirhinal_exvivo
  633    438   1756  3.250 0.858     0.086     0.011        3     0.2  entorhinal_exvivo

 mris_anatomical_stats -th3 -mgz -f ../stats/lh.BA_exvivo.thresh.stats -noglobal -b -a ./lh.BA_exvivo.thresh.annot -c ./BA_exvivo.thresh.ctab sub-v2s7x29798_ses-1 lh white 

computing statistics for each annotation in ./lh.BA_exvivo.thresh.annot.
reading volume /out/sourcedata/freesurfer/sub-v2s7x29798_ses-1/mri/wm.mgz...
reading input surface /out/sourcedata/freesurfer/sub-v2s7x29798_ses-1/surf/lh.white...
reading input pial surface /out/sourcedata/freesurfer/sub-v2s7x29798_ses-1/surf/lh.pial...
reading input white surface /out/sourcedata/freesurfer/sub-v2s7x29798_ses-1/surf/lh.white...
INFO: using TH3 volume calc
INFO: assuming MGZ format for volumes.
INFO: not computing global stats
Using TH3 vertex volume calc
Total face volume 244091
Total vertex volume 243875 (mask=0)
Saving annotation colortable ./BA_exvivo.thresh.ctab

table columns are:
    number of vertices
    total surface area (mm^2)
    total gray matter volume (mm^3)
    average cortical thickness +- standard deviation (mm)
    integrated rectified mean curvature
    integrated rectified Gaussian curvature
    folding index
    intrinsic curvature index
    structure name

  805    558   1106  1.679 0.591     0.191     0.068       24     2.8  BA1_exvivo
 1823   1184   2471  1.910 0.676     0.099     0.022       25     1.8  BA2_exvivo
 1159   1014   1186  1.681 0.511     0.194     0.050       17     2.9  BA3a_exvivo
 1538   1004   1429  1.367 0.341     0.082     0.021       15     1.5  BA3b_exvivo
 1820   1123   2896  2.303 0.861     0.110     0.027       34     2.0  BA4a_exvivo
 1439    966   1700  1.885 0.706     0.128     0.040       31     2.6  BA4p_exvivo
 5269   3523  10296  2.487 0.994     0.126     0.033       82     7.9  BA6_exvivo
 1306   1054   2819  2.294 0.637     0.136     0.023       14     1.5  BA44_exvivo
 1080    900   3244  2.623 0.708     0.153     0.034       17     1.6  BA45_exvivo
 3555   2624   4158  1.595 0.489     0.127     0.029       33     4.8  V1_exvivo
 3775   2825   4970  1.812 0.549     0.156     0.035       52     6.1  V2_exvivo
  477    323    974  2.483 0.611     0.117     0.023        4     0.4  MT_exvivo
  325    237   1033  2.905 0.825     0.133     0.035        4     0.5  perirhinal_exvivo
  408    287   1014  3.279 0.696     0.087     0.011        2     0.2  entorhinal_exvivo

Started at Sat Mar 14 01:54:12 CET 2026 
Ended   at Sat Mar 14 01:56:39 CET 2026
#@#%# recon-all-run-time-hours 0.041
recon-all -s sub-v2s7x29798_ses-1 finished without error at Sat Mar 14 01:56:39 CET 2026
