#!ascii label  , from subject sub-v2s7x29662_ses-1 vox2ras=TkReg
4006
113366  37.445  45.611  22.369 0.8999999762
91808  40.217  47.223  24.139 0.8999999762
91819  39.844  47.442  23.546 0.8999999762
113401  38.679  46.729  22.480 0.8999999762
91829  38.069  46.267  21.895 0.8999999762
91809  39.525  46.611  24.404 0.8999999762
91185  38.236  46.130  22.920 0.8999999762
90644  35.705  44.995  20.567 0.8000000119
91202  36.494  45.558  20.569 0.8000000119
90651  35.178  44.940  19.854 0.6999999881
91217  32.581  45.221  18.305 0.6000000238
91229  31.205  45.658  17.725 0.5000000000
91835  41.761  47.163  21.176 0.8999999762
92451  41.298  47.902  22.285 0.8999999762
92444  40.539  47.943  22.896 0.8999999762
92445  39.960  47.795  22.928 0.8999999762
91828  38.728  47.012  21.684 0.8999999762
91193  37.232  45.808  21.257 0.8999999762
91208  35.914  45.551  19.726 0.6000000238
90653  33.747  44.696  19.159 0.6000000238
90668  32.996  44.767  18.779 0.6000000238
91864  29.219  46.046  16.956 0.3000000119
91879  28.269  46.968  15.950 0.3000000119
91216  33.501  45.427  18.392 0.6000000238
91228  32.101  45.805  17.803 0.6000000238
91863  29.983  46.178  17.083 0.3000000119
91871  29.617  46.652  16.563 0.3000000119
91861  31.667  46.478  17.408 0.4000000060
91862  30.823  46.344  17.261 0.3000000119
91834  41.917  47.459  20.431 0.8999999762
123399  40.385  48.170  22.380 0.8999999762
92452  40.049  48.141  22.103 0.8999999762
93083  27.205  48.709  14.206 0.3000000119
124863  27.060  49.378  13.700 0.3000000119
92453  39.374  47.756  21.516 0.8999999762
91836  38.750  47.299  20.945 0.8999999762
91201  37.161  46.237  20.278 0.6999999881
117214  35.288  45.437  19.235 0.6000000238
92522  26.898  47.922  14.856 0.3000000119
93640  27.796  49.577  13.610 0.4000000060
91207  36.566  46.030  19.832 0.6000000238
91851  35.685  46.021  18.952 0.6000000238
91209  34.652  45.040  19.193 0.6000000238
109772  34.206  45.333  18.698 0.6000000238
108288  27.688  47.503  15.403 0.3000000119
92521  27.941  48.223  14.792 0.3000000119
93626  28.183  48.988  14.161 0.4000000060
93639  28.683  49.657  13.688 0.4000000060
91215  34.863  45.809  18.649 0.6000000238
91852  34.521  46.492  18.074 0.6000000238
91227  32.955  46.015  17.892 0.6000000238
92503  29.202  47.127  16.003 0.3000000119
92511  28.742  47.767  15.389 0.3000000119
91859  33.745  46.261  17.935 0.6000000238
91860  32.483  46.721  17.490 0.5000000000
127815  31.965  47.023  17.252 0.5000000000
91870  30.438  46.883  16.733 0.3000000119
92502  30.032  47.326  16.201 0.3000000119
92510  29.688  47.802  15.647 0.3000000119
92470  41.881  48.083  19.968 0.8999999762
126906  40.973  48.975  21.186 0.8999999762
107340  40.499  48.885  20.939 0.8999999762
93011  39.989  48.860  20.198 0.8999999762
91849  42.329  46.743  18.927 0.8999999762
91205  42.097  46.278  19.468 0.8999999762
92461  41.497  48.355  20.895 0.8999999762
93001  41.154  48.517  21.737 0.8999999762
93003  40.451  48.491  21.782 0.8999999762
92462  39.944  48.500  21.120 0.8999999762
92472  38.818  48.019  19.817 0.6999999881
92464  38.387  47.329  20.208 0.6999999881
91842  37.675  46.832  19.960 0.6999999881
91843  36.907  46.705  19.436 0.6000000238
94164  29.276  50.223  13.272 0.4000000060
91850  36.173  46.720  18.779 0.6000000238
108976  35.361  46.631  18.377 0.6000000238
93068  28.873  48.547  14.773 0.4000000060
93067  29.445  48.254  15.168 0.4000000060
112685  33.258  46.723  17.636 0.5000000000
91869  31.404  47.275  16.894 0.4000000060
92509  30.488  47.971  15.876 0.3000000119
91868  32.314  47.490  17.100 0.4000000060
107290  42.664  46.465  17.233 0.8999999762
92487  42.409  47.515  18.024 0.8999999762
93028  41.950  48.890  18.517 0.8999999762
91857  42.459  46.531  18.161 0.8999999762
122519  42.401  47.092  18.538 0.8999999762
92479  42.228  47.754  19.044 0.8999999762
93019  41.709  48.861  19.449 0.8999999762
93009  41.154  49.087  20.477 0.8999999762
93583  40.549  49.218  20.092 0.8000000119
91840  42.169  47.122  19.710 0.8999999762
93590  40.597  49.522  19.280 0.8000000119
93012  39.557  48.477  20.273 0.8999999762
91225  42.504  45.798  17.706 0.8999999762
91239  42.921  45.453  16.854 0.8999999762
92480  38.474  48.164  19.050 0.6000000238
93638  29.430  49.650  13.762 0.4000000060
92481  37.515  47.906  18.562 0.6000000238
92473  37.800  47.452  19.339 0.6000000238
92474  36.805  47.374  18.707 0.5000000000
93625  29.163  49.188  14.239 0.4000000060
92482  35.912  47.436  18.135 0.6000000238
91858  33.990  47.162  17.573 0.5000000000
93082  29.711  48.751  14.712 0.4000000060
92501  30.728  47.524  16.395 0.4000000060
93066  30.156  48.362  15.259 0.4000000060
93119  34.394  48.735  11.664 0.4000000060
93120  33.745  48.929  11.609 0.4000000060
93109  33.739  48.551  12.210 0.4000000060
93108  34.520  48.393  12.436 0.4000000060
93110  32.960  48.556  12.690 0.4000000060
93094  33.773  48.305  13.125 0.5000000000
93651  32.314  49.163  12.485 0.4000000060
93635  32.256  48.689  13.081 0.4000000060
93636  31.592  49.099  13.189 0.4000000060
93652  31.507  49.828  12.673 0.4000000060
93029  41.322  49.651  19.052 0.8000000119
93597  40.877  49.814  19.089 0.8999999762
123827  40.403  49.633  18.700 0.8000000119
93096  31.815  48.692  13.710 0.5000000000
93637  30.715  49.628  13.357 0.4000000060
122250  43.012  46.039  16.471 0.8999999762
93020  41.135  49.494  19.759 0.8000000119
93021  40.285  49.245  19.528 0.8000000119
93030  39.873  49.204  18.879 0.6999999881
93040  39.020  48.915  18.173 0.6000000238
113012  29.932  49.835  13.537 0.3000000119
94163  30.150  50.254  13.102 0.3000000119
91238  43.250  45.495  16.142 0.8999999762
93022  39.508  48.723  19.512 0.6999999881
93031  39.000  48.688  18.809 0.6000000238
93032  38.234  48.371  18.329 0.6000000238
93097  30.988  49.022  13.909 0.4000000060
90686  43.302  44.851  16.186 0.8999999762
111736  43.952  44.601  15.003 0.8999999762
92489  36.669  47.915  18.085 0.6000000238
92490  36.094  48.019  17.673 0.6000000238
92497  34.602  47.957  17.250 0.5000000000
91248  43.545  45.196  15.443 0.8999999762
90705  44.199  43.908  14.946 0.8999999762
90156  45.267  42.505  13.969 0.8999999762
92483  34.962  47.275  17.807 0.5000000000
92498  33.739  48.013  17.037 0.5000000000
92499  32.893  48.075  16.790 0.4000000060
92500  32.066  48.086  16.538 0.4000000060
92508  31.255  48.068  16.209 0.4000000060
93054  31.873  48.449  15.779 0.4000000060
93065  31.044  48.496  15.388 0.4000000060
92491  33.107  47.412  17.317 0.4000000060
93649  36.628  48.945  12.149 0.6000000238
93117  35.827  48.621  12.181 0.5000000000
93118  35.176  48.610  11.855 0.4000000060
93106  36.906  48.781  13.078 0.6000000238
93107  36.088  48.509  12.856 0.5000000000
123642  35.308  48.391  12.657 0.5000000000
116782  42.514  47.505  17.134 0.8999999762
93038  42.228  48.547  17.523 0.8999999762
93602  41.708  49.553  17.826 0.8999999762
121459  43.139  46.187  15.714 0.8999999762
93604  40.799  50.244  17.754 0.8999999762
93605  40.490  50.010  17.979 0.8999999762
114095  43.876  45.202  14.579 0.8999999762
93048  38.176  48.604  17.577 0.6000000238
92488  37.372  48.267  17.877 0.6000000238
93041  36.650  48.256  17.439 0.6000000238
93042  35.990  48.293  17.021 0.6000000238
93050  35.252  48.340  16.663 0.5000000000
93080  31.351  48.726  14.510 0.4000000060
93624  30.062  49.285  14.048 0.4000000060
90704  44.418  44.465  14.370 0.8999999762
90164  44.068  42.389  11.282 0.6000000238
92496  35.435  47.953  17.468 0.5000000000
93051  34.419  48.367  16.398 0.5000000000
93052  33.546  48.410  16.179 0.5000000000
93053  32.694  48.474  15.991 0.5000000000
93081  30.532  48.788  14.662 0.4000000060
90147  44.919  43.535  14.220 0.8999999762
124862  46.058  42.264  12.736 0.8000000119
93662  35.921  48.993  11.470 0.4000000060
117627  35.061  49.182  11.027 0.4000000060
93616  42.004  49.989  15.633 0.8999999762
94140  41.368  50.578  15.904 0.8999999762
108437  42.120  49.382  16.293 0.8999999762
93611  41.533  50.193  16.600 0.8999999762
94136  40.846  50.473  16.934 0.8999999762
110872  39.935  49.943  16.319 0.6999999881
126843  39.528  49.539  16.729 0.6999999881
123332  35.507  48.348  13.448 0.5000000000
93093  34.737  48.279  13.226 0.5000000000
93045  42.414  48.249  16.515 0.8999999762
120804  41.469  50.041  17.376 0.8999999762
110713  40.664  50.322  17.338 0.8999999762
93046  40.073  49.915  17.214 0.8000000119
119508  37.902  48.755  15.787 0.6000000238
92507  42.735  47.365  15.642 0.8999999762
92519  43.149  46.732  14.290 0.8999999762
93039  39.875  49.504  18.063 0.6999999881
93047  39.108  49.165  17.230 0.6000000238
109320  38.136  48.760  16.702 0.6000000238
126272  37.376  48.564  16.363 0.6000000238
93095  32.737  48.452  13.587 0.5000000000
91888  43.393  45.954  14.833 0.8999999762
91897  43.665  45.969  13.977 0.8999999762
109138  37.363  48.480  17.114 0.6000000238
93060  35.999  48.413  16.102 0.6000000238
93061  35.188  48.407  15.528 0.5000000000
93062  34.220  48.420  15.400 0.5000000000
108571  32.837  48.436  14.446 0.5000000000
91899  44.058  46.087  12.991 0.8999999762
93049  36.690  48.428  16.621 0.6000000238
93063  33.339  48.444  15.126 0.5000000000
93079  32.133  48.536  14.367 0.4000000060
91259  44.318  45.238  13.739 0.8999999762
90707  45.110  44.365  13.352 0.8999999762
91261  45.381  44.786  12.226 0.8999999762
93064  32.439  48.533  15.149 0.5000000000
107054  31.748  48.615  15.076 0.4000000060
90710  45.775  43.793  12.280 0.8999999762
109455  45.097  42.742  11.174 0.6999999881
119131  43.836  43.243  11.084 0.6999999881
93634  37.763  49.131  13.345 0.6000000238
94148  40.884  50.680  16.119 0.8999999762
93622  40.139  50.398  14.741 0.8000000119
93623  39.179  49.612  14.441 0.6999999881
93091  37.188  48.733  13.949 0.6000000238
93057  42.410  48.641  15.578 0.8999999762
93072  42.391  49.132  14.766 0.8999999762
93617  40.532  50.558  15.675 0.8000000119
93073  38.566  49.124  15.120 0.6000000238
93090  38.146  49.098  14.191 0.6000000238
92520  42.707  47.736  14.700 0.8999999762
93089  42.655  48.425  13.930 0.8999999762
93074  37.537  48.700  14.853 0.6000000238
93075  36.590  48.478  14.604 0.6000000238
93092  36.315  48.469  13.710 0.6000000238
126036  34.986  48.316  13.900 0.5000000000
105926  34.311  48.305  13.912 0.5000000000
92533  42.903  47.458  13.861 0.8999999762
93059  36.874  48.482  15.628 0.6000000238
93076  35.629  48.351  14.409 0.6000000238
93078  33.516  48.348  14.110 0.5000000000
115415  44.209  46.502  12.130 0.8999999762
92532  43.363  46.830  13.446 0.8999999762
92541  42.925  47.836  13.084 0.8999999762
106780  36.058  48.393  15.223 0.6000000238
106893  34.737  48.352  14.602 0.5000000000
91262  44.711  45.269  12.914 0.8999999762
91901  44.791  45.733  12.161 0.8999999762
93077  34.038  48.358  14.607 0.5000000000
90715  45.807  43.269  11.314 0.8000000119
111097  45.657  43.861  10.569 0.8000000119
123512  43.884  43.679  10.565 0.6999999881
90716  45.138  43.194  10.658 0.8000000119
90722  43.190  44.354  10.255 0.6000000238
90723  41.882  44.617  10.566 0.4000000060
93633  38.721  49.560  13.549 0.6000000238
93648  37.519  49.257  12.529 0.8000000119
119320  42.096  50.230  14.821 0.8999999762
94147  41.077  50.848  15.631 0.8999999762
124234  40.758  50.923  14.895 0.8000000119
114956  38.281  49.549  12.836 0.6999999881
94162  40.590  51.064  14.108 0.8000000119
93632  39.698  50.238  13.800 0.8999999762
93647  39.151  50.164  12.858 0.8000000119
93621  42.395  49.721  13.978 0.8999999762
94172  39.266  50.659  12.120 0.8999999762
120991  42.621  48.853  13.317 0.8999999762
94186  38.544  50.674  11.230 0.8999999762
92544  43.188  47.910  12.135 0.8999999762
93105  42.720  48.724  12.608 0.8999999762
93646  42.531  49.540  12.381 0.8999999762
94169  42.217  50.686  12.799 0.8999999762
92543  43.945  47.202  11.541 0.8999999762
93116  42.808  48.757  11.805 0.8999999762
93659  42.398  49.885  11.704 0.8999999762
91264  45.556  45.090  11.214 0.8999999762
90721  45.085  43.588  10.003 0.6999999881
90720  45.846  43.958  9.701 0.6999999881
90734  45.446  43.609  9.196 0.6999999881
91269  41.962  45.101  10.095 0.4000000060
91275  45.908  44.163  9.060 0.8000000119
91276  44.516  43.722  8.845 0.6999999881
91277  42.949  44.690  9.433 0.6000000238
91278  41.765  45.372  9.533 0.4000000060
91912  39.070  46.010  9.148 0.4000000060
91289  43.337  44.418  8.461 0.6000000238
91280  39.581  45.650  9.781 0.4000000060
91271  39.257  45.136  10.256 0.4000000060
91281  38.684  45.590  9.789 0.3000000119
94153  41.872  50.886  14.329 0.8999999762
94170  40.782  51.571  13.258 0.8999999762
107154  40.058  50.895  13.220 0.8999999762
121328  39.683  50.758  12.672 0.8999999762
93631  42.472  49.686  13.095 0.8999999762
120500  44.700  46.743  10.574 0.8999999762
92546  43.825  47.679  10.678 0.8999999762
93115  43.355  48.064  11.382 0.8999999762
124549  45.189  46.357  9.781 0.8999999762
93122  42.903  48.701  10.761 0.8999999762
93667  42.333  49.790  10.823 0.8999999762
91908  45.740  45.218  9.780 0.6999999881
90747  45.568  43.609  8.467 0.6999999881
91910  41.019  45.769  9.137 0.4000000060
91911  39.978  45.957  9.092 0.4000000060
91288  44.737  43.624  7.983 0.6999999881
91303  42.362  45.118  7.959 0.4000000060
91918  40.503  46.018  8.231 0.3000000119
91301  44.858  43.583  7.055 0.8000000119
91302  43.639  44.040  7.476 0.6000000238
94160  41.320  51.374  14.005 0.8999999762
94155  41.000  51.235  14.533 0.8999999762
94161  40.895  51.361  14.010 0.8999999762
94662  41.237  51.768  12.910 0.8999999762
94657  41.125  51.657  13.403 0.8999999762
94171  40.162  51.410  12.518 0.8999999762
108644  42.059  50.757  11.302 0.8999999762
94185  39.617  51.437  11.605 0.8999999762
94689  41.468  52.350  10.213 0.8000000119
91915  45.690  45.506  9.042 0.8000000119
91909  44.904  46.751  9.172 0.8999999762
93125  43.623  47.996  9.942 0.8999999762
93126  42.954  48.584  9.800 0.8999999762
94193  41.713  51.518  10.850 0.8999999762
95166  41.386  53.247  9.610 0.8000000119
125313  44.139  47.535  9.369 0.8000000119
93675  42.428  49.359  10.008 0.8999999762
94203  41.685  51.202  9.667 0.8999999762
94697  41.624  52.248  8.891 0.8000000119
110314  41.363  53.995  9.237 0.6999999881
91916  45.327  46.080  8.215 0.8000000119
92551  44.304  47.336  8.638 0.8999999762
113884  42.605  48.969  9.151 1.0000000000
93677  42.390  49.412  8.449 0.8000000119
95176  41.587  53.489  8.622 0.6999999881
90763  45.465  43.832  7.691 0.8000000119
91925  45.614  44.803  7.458 0.8999999762
91322  42.467  44.876  6.937 0.5000000000
91927  41.393  45.650  7.605 0.4000000060
126133  39.839  46.199  7.721 0.2000000030
91919  39.505  46.183  8.365 0.2000000030
91931  38.233  46.260  7.406 0.2000000030
119472  37.461  46.157  7.528 0.3000000119
109912  42.240  50.539  13.572 0.8999999762
94159  41.889  51.215  13.572 0.8999999762
94664  40.777  51.975  12.574 0.8999999762
94677  40.478  52.124  11.989 0.8999999762
94684  40.005  52.306  11.162 0.8000000119
92554  44.340  47.139  7.754 0.8999999762
93128  43.570  47.992  8.140 1.0000000000
124659  42.578  49.466  7.490 0.8000000119
94208  41.818  50.991  8.506 0.8000000119
91940  44.719  45.993  6.268 0.8000000119
92556  44.155  47.105  6.909 0.8999999762
93133  43.036  48.551  7.624 0.8999999762
91928  40.473  45.999  7.336 0.3000000119
91929  39.691  46.189  7.070 0.3000000119
110257  39.121  46.271  7.620 0.2000000030
90778  45.349  44.048  6.846 0.8000000119
91320  44.868  43.677  6.237 0.6000000238
91942  40.350  45.921  6.587 0.3000000119
109665  37.507  46.219  6.702 0.2000000030
91343  45.154  44.462  6.091 0.6999999881
91344  44.575  43.989  5.580 0.5000000000
118379  44.239  43.790  5.837 0.5000000000
91347  41.606  45.139  5.538 0.5000000000
91961  40.337  45.766  5.752 0.3000000119
91943  39.550  46.096  6.321 0.3000000119
106198  37.989  46.246  5.944 0.3000000119
91345  43.897  43.829  5.146 0.5000000000
91346  42.742  44.222  4.963 0.5000000000
115077  41.680  44.854  4.758 0.4000000060
127276  42.125  51.049  13.010 0.8999999762
94183  42.066  51.020  12.106 0.8999999762
94674  41.710  51.558  12.684 0.8999999762
94675  41.201  52.113  12.260 0.8999999762
94676  40.915  52.329  12.170 0.8999999762
95150  40.880  52.603  11.453 0.8999999762
95151  40.726  52.669  11.428 0.8999999762
94683  41.324  52.359  11.323 0.8999999762
127052  41.143  53.825  9.804 0.8000000119
94207  42.214  50.984  7.424 0.6999999881
111716  41.902  51.810  7.871 0.8000000119
95179  41.564  53.776  7.797 0.6999999881
93680  43.219  49.057  6.083 0.6999999881
94209  42.552  50.409  6.840 0.6999999881
94700  42.154  52.041  7.016 0.6999999881
95628  41.327  54.533  7.925 0.6999999881
107055  43.885  47.272  6.218 0.8000000119
93138  43.529  48.181  5.777 0.8000000119
93681  42.859  49.754  6.453 0.6999999881
91960  44.565  45.234  5.281 0.6000000238
92560  43.960  46.951  5.537 0.8000000119
91983  39.902  45.770  5.092 0.4000000060
91962  39.361  45.989  5.572 0.3000000119
91944  38.758  46.193  6.105 0.3000000119
113523  43.900  43.952  3.991 0.5000000000
91364  42.416  44.277  4.211 0.5000000000
91365  40.742  45.429  4.936 0.3000000119
91984  39.193  45.887  4.795 0.2000000030
91378  43.228  43.923  3.553 0.5000000000
91379  42.016  44.391  3.393 0.5000000000
94184  41.690  51.678  11.851 0.8999999762
95158  41.071  53.162  10.537 0.8000000119
94211  42.753  50.627  6.023 0.6999999881
94703  42.197  52.022  6.259 0.6999999881
95180  41.310  53.873  7.481 0.6999999881
95629  40.927  54.762  7.770 0.6000000238
113430  43.064  49.969  5.654 0.6999999881
94710  42.466  51.287  5.748 0.6999999881
94704  41.667  52.378  6.216 0.6999999881
95634  40.624  54.023  7.256 0.6000000238
92569  43.881  46.811  4.618 0.6999999881
112411  43.547  48.178  5.000 0.8000000119
94214  42.781  50.654  5.315 0.6000000238
91963  38.550  46.095  5.338 0.2000000030
91982  44.225  45.309  4.471 0.6000000238
91366  39.982  45.567  4.388 0.3000000119
92001  39.099  45.707  3.888 0.2000000030
91964  37.723  46.129  5.119 0.2000000030
90793  43.357  43.936  2.778 0.5000000000
91377  43.795  44.199  3.344 0.5000000000
106819  41.077  45.012  4.061 0.4000000060
92002  38.015  45.725  3.365 0.2000000030
90794  43.056  43.827  2.282 0.5000000000
90789  42.732  43.952  2.754 0.5000000000
91380  40.903  44.891  3.094 0.5000000000
91381  40.017  45.350  3.501 0.4000000060
91382  39.081  45.407  2.773 0.2000000030
91395  37.991  45.281  2.206 0.3000000119
124967  42.461  43.992  2.031 0.5000000000
90795  41.719  44.397  2.537 0.5000000000
112208  40.051  45.122  2.717 0.4000000060
93687  43.133  49.964  4.186 0.6999999881
94711  42.058  51.742  5.617 0.6999999881
95184  41.164  53.108  6.822 0.6000000238
106878  43.660  47.395  3.890 0.6999999881
93686  43.362  49.235  4.562 0.6999999881
105896  43.921  46.165  3.884 0.6999999881
90798  43.358  44.071  2.082 0.6000000238
91392  43.686  44.584  2.539 0.6000000238
106725  37.093  44.918  1.624 0.3000000119
90804  43.272  44.160  1.398 0.6000000238
91394  39.658  44.972  1.927 0.4000000060
105653  38.746  45.092  1.798 0.4000000060
90800  42.336  44.018  1.230 0.6000000238
91407  41.518  44.321  1.664 0.6000000238
91393  40.689  44.744  2.191 0.6000000238
90806  42.128  44.118  0.374 0.6000000238
90801  41.466  44.238  0.871 0.6000000238
95611  40.855  53.852  9.960 0.6999999881
95616  40.693  54.641  9.414 0.6000000238
94220  42.773  50.564  4.638 0.6999999881
94215  41.631  51.318  5.007 0.6999999881
95185  40.080  53.092  6.696 0.6000000238
93150  43.482  48.245  3.433 0.6999999881
94713  39.968  51.741  5.531 0.5000000000
94705  40.632  52.410  6.131 0.5000000000
92583  43.675  47.082  3.238 0.6999999881
91406  43.581  44.763  1.662 0.6999999881
91408  39.060  44.752  0.898 0.5000000000
91409  37.980  44.890  1.235 0.3000000119
90805  42.933  43.993  0.852 0.6000000238
123620  40.431  44.573  1.106 0.4000000060
93692  42.998  49.754  3.414 0.6999999881
93688  42.602  50.331  3.912 0.6999999881
94221  42.118  50.819  4.451 0.6999999881
94216  40.498  51.266  4.964 0.6000000238
94714  38.858  51.644  5.475 0.5000000000
93163  43.451  47.972  2.514 0.6999999881
94706  39.438  52.286  6.091 0.5000000000
94707  38.339  52.176  6.059 0.4000000060
92015  43.706  45.755  2.113 0.6999999881
110466  43.370  44.690  0.651 0.6000000238
92024  43.625  45.826  1.143 0.6999999881
106274  38.055  44.778  0.381 0.4000000060
91419  42.788  44.285  -0.044 0.5000000000
91421  40.933  44.281  0.051 0.5000000000
94226  41.635  50.401  3.727 0.6999999881
94222  41.046  50.820  4.362 0.6000000238
93699  42.693  49.428  2.637 0.6999999881
119179  39.913  50.798  4.311 0.5000000000
94217  39.390  51.201  4.896 0.5000000000
93164  43.086  48.814  2.119 0.6000000238
93175  42.718  48.532  1.234 0.6000000238
92600  43.285  47.826  0.984 0.6000000238
92035  43.513  45.816  0.142 0.6000000238
92616  43.452  46.757  -0.298 0.6000000238
92608  43.254  47.619  0.158 0.6000000238
91434  40.929  44.430  -0.866 0.5000000000
93693  42.225  49.968  3.146 0.6999999881
93694  41.108  49.928  2.977 0.5000000000
93165  42.321  49.131  1.829 0.6000000238
122753  39.419  50.496  3.739 0.5000000000
116530  42.856  48.204  0.501 0.5000000000
94224  38.007  50.815  3.991 0.4000000060
91432  42.571  44.675  -0.914 0.5000000000
118956  43.263  45.967  -1.598 0.6000000238
110612  43.363  46.663  -1.242 0.6000000238
91420  41.877  44.279  -0.499 0.5000000000
91448  42.417  45.118  -1.664 0.6000000238
92062  42.240  45.561  -2.317 0.5000000000
91450  40.924  44.928  -1.580 0.5000000000
93176  41.895  48.907  1.143 0.4000000060
93700  41.740  49.556  2.376 0.5000000000
93695  40.166  49.954  2.840 0.4000000060
94228  39.438  50.191  3.108 0.4000000060
92617  43.226  47.496  -0.732 0.5000000000
92627  43.246  47.397  -1.739 0.5000000000
94232  38.782  50.270  2.648 0.4000000060
94229  38.616  50.510  3.403 0.3000000119
92642  43.206  47.308  -3.605 0.4000000060
123559  43.184  46.700  -3.062 0.5000000000
110935  42.511  47.461  -3.923 0.4000000060
92643  42.927  47.178  -3.785 0.5000000000
92076  41.984  46.006  -2.873 0.5000000000
119913  40.983  47.603  -3.220 0.5000000000
109340  40.190  47.645  -2.590 0.4000000060
93766  40.430  49.831  -3.509 0.3000000119
93701  40.542  49.619  2.158 0.4000000060
93713  41.333  49.269  1.588 0.4000000060
93192  41.998  48.605  -0.628 0.4000000060
93714  40.483  49.458  1.296 0.4000000060
93702  39.560  49.958  2.382 0.4000000060
93209  43.438  48.600  -3.102 0.4000000060
93200  43.074  48.223  -2.141 0.4000000060
93715  39.727  49.781  1.648 0.4000000060
116757  38.162  50.556  2.846 0.3000000119
93218  43.119  47.882  -4.162 0.4000000060
94230  37.850  50.725  3.300 0.3000000119
93226  43.077  48.715  -4.652 0.4000000060
93764  41.927  48.839  -4.363 0.4000000060
93210  40.612  48.332  -3.159 0.5000000000
94233  38.227  50.550  2.239 0.3000000119
94730  36.672  51.345  2.839 0.3000000119
93775  42.310  49.516  -4.795 0.4000000060
94291  41.408  49.617  -4.216 0.4000000060
94792  40.782  51.901  -4.840 0.3000000119
94292  41.400  51.010  -4.816 0.3000000119
93184  42.030  48.616  0.369 0.4000000060
93177  41.185  49.107  0.796 0.4000000060
93193  41.145  49.108  -0.113 0.4000000060
93217  43.370  48.139  -3.769 0.4000000060
93746  41.954  49.611  -1.714 0.4000000060
93733  41.508  49.215  -0.984 0.4000000060
93723  40.462  49.461  0.567 0.4000000060
123409  39.897  49.694  1.018 0.4000000060
93773  43.310  49.278  -4.679 0.4000000060
94279  43.580  50.092  -3.790 0.4000000060
93756  43.345  49.625  -3.157 0.4000000060
93724  39.852  49.960  0.427 0.3000000119
93703  38.941  50.146  1.928 0.3000000119
94280  43.182  50.790  -3.129 0.4000000060
94234  37.495  50.887  2.668 0.3000000119
94304  42.989  50.451  -5.428 0.4000000060
94290  43.556  50.818  -4.123 0.4000000060
95227  42.774  52.603  -2.925 0.4000000060
95278  42.549  52.250  -5.593 0.3000000119
95255  42.944  52.489  -5.024 0.3000000119
94760  43.210  51.731  -3.560 0.4000000060
122924  40.940  49.602  -0.653 0.4000000060
93757  42.545  50.131  -2.407 0.4000000060
93734  40.430  49.717  -0.147 0.4000000060
94239  38.457  50.652  1.522 0.3000000119
94735  37.739  51.037  1.838 0.3000000119
94761  42.787  51.780  -2.786 0.4000000060
95725  42.402  53.170  -5.390 0.3000000119
95241  43.071  52.594  -3.985 0.4000000060
95726  42.320  54.081  -4.944 0.3000000119
94268  41.779  50.574  -1.826 0.4000000060
94281  42.376  51.208  -2.363 0.4000000060
94257  40.646  50.328  -0.782 0.4000000060
94247  39.429  50.846  0.254 0.3000000119
94734  38.172  51.470  1.209 0.3000000119
94736  37.063  51.438  2.113 0.3000000119
115676  37.555  51.960  1.460 0.3000000119
95719  42.700  53.359  -4.423 0.3000000119
119333  42.397  53.398  -2.251 0.3000000119
124308  36.933  52.110  1.785 0.3000000119
96223  42.021  54.812  -4.240 0.3000000119
95706  42.628  53.416  -3.224 0.3000000119
95682  37.203  53.576  1.712 0.3000000119
96217  41.571  55.356  -3.630 0.2000000030
93747  41.240  50.015  -1.250 0.4000000060
119400  40.474  51.194  -0.819 0.4000000060
93735  40.050  50.576  -0.294 0.4000000060
123783  41.795  51.531  -1.859 0.4000000060
94750  42.269  52.373  -2.150 0.3000000119
94743  39.993  51.865  -0.428 0.3000000119
94740  38.769  51.116  0.779 0.3000000119
94739  39.273  52.017  0.223 0.3000000119
95212  38.008  52.989  1.207 0.3000000119
117277  38.650  52.173  0.689 0.3000000119
95213  37.336  52.828  1.538 0.3000000119
96216  42.008  54.785  -2.944 0.3000000119
94269  41.098  51.146  -1.371 0.4000000060
95223  42.003  53.361  -1.571 0.3000000119
94742  40.803  52.175  -1.025 0.3000000119
95224  41.407  53.276  -1.021 0.3000000119
95219  40.653  53.122  -0.533 0.3000000119
95702  42.174  54.019  -1.720 0.3000000119
95707  42.296  54.137  -2.480 0.3000000119
95217  38.642  53.094  0.850 0.3000000119
95680  38.611  53.857  1.159 0.3000000119
95681  37.934  53.706  1.473 0.3000000119
92446  39.439  47.481  22.558 0.8999999762
91820  39.040  46.780  23.360 0.8999999762
109427  34.918  44.535  20.702 0.6999999881
127141  36.639  45.398  21.227 0.8000000119
123860  31.599  44.906  18.324 0.6000000238
92997  41.034  48.426  22.261 0.8999999762
108434  34.177  45.849  18.313 0.6000000238
93002  40.688  48.676  21.568 0.8999999762
91837  38.022  46.632  20.841 0.8999999762
125072  27.558  49.149  13.904 0.4000000060
92463  39.159  47.909  20.631 0.8999999762
93582  40.753  49.390  19.888 0.8999999762
93596  41.362  49.868  18.442 0.8999999762
92495  42.758  46.913  16.435 0.8999999762
126148  41.260  50.123  17.900 0.8999999762
109231  41.941  49.407  17.046 0.8999999762
91889  43.011  46.738  15.019 0.8999999762
93603  41.044  50.434  17.373 0.8999999762
90155  45.735  43.095  13.253 0.8999999762
90160  46.010  42.863  12.166 0.8999999762
94146  41.548  50.701  15.198 0.8999999762
93612  40.611  50.439  16.633 0.8999999762
93058  38.974  49.235  16.174 0.6000000238
93618  39.609  49.762  15.411 0.6999999881
109730  45.768  44.105  11.460 0.8000000119
110189  40.961  50.933  15.290 0.8000000119
92540  43.585  47.048  12.540 0.8999999762
91268  44.297  43.818  9.538 0.6999999881
94154  41.223  51.057  14.825 0.8999999762
91902  44.765  46.252  11.376 0.8999999762
91267  45.800  44.736  10.284 0.8000000119
91287  45.796  44.493  8.307 0.8000000119
91290  42.109  45.319  8.845 0.4000000060
92549  44.420  47.251  9.926 0.8999999762
91905  45.367  45.789  10.565 0.8999999762
91917  41.443  45.664  8.358 0.3000000119
91920  38.632  46.192  8.332 0.2000000030
94192  41.981  50.401  10.317 0.8999999762
110581  43.436  48.165  9.071 0.8999999762
94202  41.993  49.984  9.171 0.8999999762
91926  45.085  46.065  7.200 0.8999999762
93129  42.843  48.692  8.325 1.0000000000
121258  42.158  50.130  8.075 0.8000000119
106482  41.792  52.769  7.762 0.6999999881
91939  45.427  45.002  6.716 0.8000000119
91941  41.226  45.618  6.828 0.3000000119
91321  43.969  43.762  6.499 0.6000000238
93132  43.565  47.960  7.316 0.8999999762
127241  42.367  50.231  7.445 0.6999999881
93136  43.027  48.802  6.883 0.6999999881
93135  43.495  48.095  6.524 0.8000000119
91930  38.920  46.271  6.852 0.3000000119
91323  41.827  45.189  6.282 0.5000000000
109306  42.997  44.276  5.855 0.6000000238
127329  41.027  45.595  6.204 0.3000000119
91945  38.271  46.279  6.599 0.2000000030
91362  44.195  44.166  4.670 0.6000000238
91363  43.578  43.926  4.388 0.5000000000
94699  42.433  51.278  6.464 0.6999999881
95183  41.821  52.928  6.960 0.6999999881
93683  43.331  49.192  5.320 0.6999999881
91985  38.334  45.965  4.464 0.2000000030
93140  43.528  48.265  4.214 0.6999999881
93684  43.132  50.029  4.924 0.6999999881
115678  42.406  51.132  5.107 0.6999999881
105698  44.080  44.711  3.919 0.6000000238
91986  37.428  45.976  4.229 0.2000000030
92000  43.867  45.544  3.095 0.6999999881
121473  39.841  44.521  0.218 0.5000000000
93691  43.343  49.181  3.786 0.6999999881
94712  41.139  51.833  5.571 0.6000000238
93151  43.256  49.001  2.970 0.6999999881
92591  43.659  46.746  2.539 0.6999999881
106656  43.542  47.086  1.669 0.6999999881
94223  38.919  50.768  4.212 0.5000000000
93174  43.318  48.144  1.687 0.6000000238
92607  43.507  46.873  0.640 0.6000000238
91431  43.220  44.988  -0.435 0.6000000238
92047  43.392  45.871  -0.818 0.6000000238
115114  42.745  48.163  -0.239 0.5000000000
94227  40.371  50.345  3.594 0.5000000000
91447  43.024  45.309  -1.321 0.6000000238
92061  43.228  46.555  -2.246 0.5000000000
92063  41.446  45.490  -2.248 0.5000000000
93191  42.802  48.121  -1.145 0.4000000060
92634  43.342  47.501  -2.883 0.4000000060
92635  41.668  46.517  -3.144 0.5000000000
92636  40.969  46.918  -2.927 0.5000000000
93758  40.274  49.048  -3.122 0.5000000000
121314  41.064  50.337  -4.217 0.4000000060
93201  42.307  48.803  -1.480 0.4000000060
93745  42.779  49.131  -2.336 0.4000000060
94303  43.244  49.917  -5.050 0.4000000060
119062  41.867  50.223  -4.817 0.4000000060
94305  42.351  50.821  -5.338 0.3000000119
94238  39.208  50.163  1.091 0.3000000119
118812  43.017  51.781  -5.381 0.3000000119
94791  43.134  51.155  -5.375 0.4000000060
94751  41.558  52.351  -1.528 0.3000000119
95220  39.929  53.041  -0.032 0.3000000119
95216  39.264  53.074  0.449 0.3000000119
82005  41.262  29.915  7.964 0.1000000015
85201  38.947  34.218  16.474 0.1000000015
109741  39.759  29.536  10.026 0.1000000015
82686  40.643  30.278  10.170 0.1000000015
82690  40.557  29.902  9.387 0.1000000015
114536  41.504  30.405  8.693 0.1000000015
105829  42.652  31.685  7.639 0.1000000015
84582  39.504  33.352  16.107 0.1000000015
115018  41.003  32.050  14.855 0.1000000015
83956  40.101  31.963  15.051 0.1000000015
83300  40.714  31.665  14.440 0.1000000015
83305  40.262  31.135  13.830 0.1000000015
122128  41.187  31.194  13.147 0.1000000015
83308  42.163  31.768  12.700 0.1000000015
83309  41.476  31.146  12.362 0.1000000015
82679  40.538  30.677  11.979 0.1000000015
83312  41.747  31.141  11.428 0.1000000015
105481  40.686  30.544  11.048 0.1000000015
82685  41.995  31.122  10.366 0.1000000015
107897  41.591  30.664  9.505 0.1000000015
126030  42.249  30.976  9.042 0.1000000015
82698  42.638  31.512  8.547 0.1000000015
83334  42.711  32.549  7.114 0.1000000015
127820  42.416  32.896  6.568 0.1000000015
83354  42.308  32.850  5.916 0.1000000015
84022  41.998  32.757  3.931 0.1000000015
83366  42.189  32.707  4.918 0.1000000015
84023  41.603  32.821  3.759 0.1000000015
83386  41.485  32.407  1.996 0.1000000015
83397  40.721  32.055  0.967 0.1000000015
85200  40.009  34.030  16.682 0.1000000015
85189  41.863  34.436  17.250 0.1000000015
85199  41.145  33.953  16.796 0.1000000015
84581  40.747  33.387  16.292 0.1000000015
84580  42.157  33.534  16.204 0.1000000015
83944  40.721  32.400  15.364 0.1000000015
84595  40.395  32.882  15.836 0.1000000015
123737  42.672  32.867  14.795 0.1000000015
83954  41.798  32.422  14.870 0.1000000015
83955  41.844  32.066  14.218 0.1000000015
83304  41.550  31.618  13.638 0.1000000015
83311  42.454  31.885  11.772 0.1000000015
84617  42.567  33.151  11.660 0.1000000015
83966  42.641  32.672  10.406 0.1000000015
83961  42.747  32.628  12.092 0.1000000015
83963  42.293  33.122  10.884 0.1000000015
83314  42.781  32.167  9.984 0.1000000015
83973  42.580  32.726  9.526 0.1000000015
82689  42.642  31.622  9.413 0.1000000015
83967  41.970  33.181  10.100 0.1000000015
83316  42.815  32.407  8.949 0.1000000015
83974  41.419  33.232  9.229 0.1000000015
83987  42.313  33.009  8.655 0.1000000015
83324  42.722  32.659  8.004 0.1000000015
83988  41.265  33.248  8.394 0.1000000015
109689  41.995  33.138  7.976 0.1000000015
84026  33.967  33.102  3.531 0.1000000015
84000  42.090  33.100  7.163 0.1000000015
84016  41.693  32.960  4.474 0.1000000015
109366  41.799  33.076  5.376 0.1000000015
83355  40.973  33.001  5.780 0.1000000015
122597  40.860  32.534  3.002 0.1000000015
83368  39.796  32.184  3.770 0.1000000015
105803  40.273  32.179  1.737 0.1000000015
85740  43.983  35.460  17.403 0.2000000030
85752  44.418  35.153  16.416 0.2000000030
85753  43.211  34.757  17.155 0.1000000015
85216  43.440  33.819  15.617 0.1000000015
85772  44.102  35.326  15.296 0.1000000015
123040  44.643  35.384  15.796 0.1000000015
84592  43.735  34.078  14.781 0.1000000015
85778  42.915  35.381  14.556 0.1000000015
84606  43.351  33.575  14.130 0.1000000015
105525  42.780  32.765  14.029 0.1000000015
85784  41.157  35.149  13.627 0.2000000030
85229  42.491  34.839  13.758 0.1000000015
85232  43.055  34.140  13.421 0.1000000015
84608  43.027  33.420  13.219 0.1000000015
83959  42.737  32.503  13.132 0.1000000015
85786  38.625  35.627  13.702 0.2000000030
85785  39.830  35.375  13.675 0.2000000030
85233  42.001  34.523  13.147 0.1000000015
84609  42.647  33.879  12.731 0.1000000015
84611  42.830  33.260  12.423 0.1000000015
85241  37.526  34.670  12.412 0.2000000030
85235  39.200  35.003  13.132 0.2000000030
85239  39.976  34.481  12.536 0.2000000030
85234  40.571  34.799  13.111 0.2000000030
85240  38.646  34.597  12.526 0.2000000030
84614  39.432  34.162  11.914 0.2000000030
84613  40.841  34.000  11.957 0.2000000030
84618  41.685  33.573  11.392 0.1000000015
83962  42.667  32.635  11.233 0.1000000015
84615  38.194  34.165  11.886 0.2000000030
84619  40.287  33.792  11.315 0.2000000030
83964  41.160  33.484  10.709 0.2000000030
84621  37.775  33.745  11.229 0.2000000030
84620  38.934  33.799  11.282 0.2000000030
83968  40.590  33.347  10.008 0.2000000030
84626  37.389  33.310  10.555 0.2000000030
84624  39.742  33.529  10.664 0.2000000030
83970  38.064  32.971  9.973 0.2000000030
83969  39.200  33.229  10.000 0.2000000030
83975  39.900  33.197  9.338 0.1000000015
84669  33.638  33.777  3.761 0.1000000015
83976  38.725  32.878  9.346 0.2000000030
108192  39.342  32.840  8.719 0.1000000015
108504  40.366  33.189  8.756 0.1000000015
84001  41.046  33.210  7.641 0.1000000015
83971  37.037  32.870  9.857 0.2000000030
106525  38.419  32.557  8.741 0.2000000030
84033  34.558  33.402  2.455 0.1000000015
83382  34.775  32.616  2.476 0.1000000015
83356  39.636  32.303  5.726 0.1000000015
83345  40.638  32.953  6.695 0.1000000015
82731  35.119  31.721  2.475 0.1000000015
108566  38.428  31.821  5.914 0.1000000015
83408  38.107  32.193  -0.118 0.1000000015
82755  37.439  32.177  0.131 0.1000000015
116565  36.147  30.339  1.722 0.1000000015
82039  35.658  29.810  2.520 0.1000000015
82730  35.228  30.566  2.867 0.1000000015
107132  39.428  32.111  4.739 0.1000000015
83388  38.485  32.442  1.576 0.1000000015
83407  39.054  32.047  -0.139 0.1000000015
82745  36.984  31.335  0.431 0.1000000015
82736  36.391  31.313  1.093 0.1000000015
83390  36.179  32.178  1.039 0.1000000015
82737  35.754  31.195  1.893 0.1000000015
83357  38.637  31.836  5.051 0.1000000015
83379  39.530  32.064  2.421 0.1000000015
83387  39.250  32.215  1.360 0.1000000015
86314  44.344  36.404  16.122 0.1000000015
85739  44.843  35.918  16.863 0.2000000030
86873  42.024  36.983  15.690 0.4000000060
86327  43.495  36.174  15.465 0.3000000119
85751  44.871  35.719  16.226 0.1000000015
86328  40.547  36.959  15.303 0.3000000119
86329  39.915  36.375  14.692 0.3000000119
86334  41.219  36.050  14.627 0.3000000119
111411  42.020  36.303  15.108 0.3000000119
85780  40.454  35.725  14.172 0.3000000119
85779  41.646  35.442  14.114 0.3000000119
85781  39.281  35.987  14.215 0.3000000119
86341  37.566  36.017  13.684 0.3000000119
85790  36.973  35.204  12.712 0.3000000119
85242  36.591  34.879  12.175 0.3000000119
86922  38.429  37.054  7.783 0.2000000030
85245  36.204  34.485  11.511 0.3000000119
85246  35.485  34.898  11.076 0.3000000119
86921  39.432  37.441  6.589 0.2000000030
86938  37.883  37.249  5.241 0.2000000030
85244  37.132  34.227  11.773 0.2000000030
86362  35.424  36.259  9.436 0.3000000119
86354  35.943  36.785  9.994 0.3000000119
86361  36.253  36.639  8.931 0.3000000119
86923  37.343  36.881  8.324 0.3000000119
86931  37.988  36.919  6.753 0.2000000030
86944  37.431  37.845  4.236 0.2000000030
85835  33.208  36.305  4.041 0.1000000015
84622  36.746  33.793  11.104 0.2000000030
84627  36.395  33.352  10.392 0.3000000119
86370  35.546  36.238  8.308 0.3000000119
86369  36.605  36.601  7.678 0.3000000119
86388  36.572  37.445  4.096 0.2000000030
85287  33.163  35.425  4.178 0.1000000015
86375  36.883  36.687  6.306 0.2000000030
86382  36.907  36.979  4.973 0.2000000030
119263  33.638  35.281  3.232 0.1000000015
85286  33.281  34.460  4.216 0.1000000015
86376  35.894  36.312  7.104 0.2000000030
86383  36.115  36.392  5.856 0.2000000030
86389  36.143  36.719  4.486 0.2000000030
107584  35.568  36.386  3.600 0.2000000030
85841  34.873  36.369  2.052 0.1000000015
109010  33.958  34.758  2.836 0.1000000015
84034  34.299  34.091  2.591 0.1000000015
83977  37.738  32.628  9.249 0.2000000030
83336  37.924  32.033  7.433 0.1000000015
85823  35.366  35.879  6.508 0.2000000030
122453  35.413  35.585  4.757 0.2000000030
85292  34.763  35.064  1.722 0.1000000015
85279  35.220  34.881  5.104 0.2000000030
85824  35.118  35.325  5.904 0.2000000030
84674  35.019  34.427  1.527 0.1000000015
84678  35.700  34.449  1.264 0.1000000015
84041  35.234  33.697  1.526 0.1000000015
83325  38.862  32.422  7.973 0.1000000015
115322  38.536  32.504  0.490 0.1000000015
83399  37.648  32.852  0.335 0.1000000015
84040  35.914  33.721  0.928 0.1000000015
83392  35.335  32.895  1.654 0.1000000015
83391  35.734  32.510  1.349 0.1000000015
83347  37.857  31.823  6.582 0.1000000015
112183  37.604  31.741  5.856 0.1000000015
126728  37.983  32.532  2.132 0.1000000015
126321  38.059  32.869  0.741 0.1000000015
83400  36.845  32.484  0.476 0.1000000015
83370  37.965  31.795  4.406 0.1000000015
83380  37.765  32.200  3.275 0.1000000015
84031  37.320  33.253  1.658 0.1000000015
84038  37.062  33.327  0.603 0.1000000015
122267  36.416  33.164  0.758 0.1000000015
86865  44.332  36.944  16.852 0.3000000119
86851  44.364  37.272  17.793 0.3000000119
86285  44.404  37.055  18.076 0.3000000119
115687  42.187  37.667  16.298 0.4000000060
121472  43.293  37.554  16.700 0.4000000060
86299  44.501  36.521  17.291 0.2000000030
126109  39.420  36.961  15.044 0.3000000119
86881  38.606  37.363  14.997 0.3000000119
86335  38.250  36.321  14.195 0.3000000119
86336  37.375  36.790  14.075 0.3000000119
86892  36.072  37.651  12.151 0.3000000119
87460  36.974  38.012  10.937 0.3000000119
85791  36.265  35.633  12.481 0.3000000119
86343  36.184  36.439  12.774 0.3000000119
86898  35.757  37.029  11.688 0.3000000119
86901  36.481  37.358  10.489 0.3000000119
86900  37.473  37.588  10.002 0.3000000119
86912  37.988  37.245  8.915 0.3000000119
85794  35.821  35.322  11.790 0.3000000119
85795  35.440  35.773  11.193 0.3000000119
86902  35.790  36.947  10.903 0.3000000119
86913  36.886  37.065  9.507 0.3000000119
86911  39.209  37.349  8.078 0.2000000030
86930  38.997  37.645  5.313 0.2000000030
116310  35.373  36.218  10.457 0.3000000119
86937  38.424  37.995  4.534 0.2000000030
87495  39.017  38.730  4.550 0.2000000030
86945  33.288  37.632  4.490 0.1000000015
86939  32.571  37.407  5.517 0.1000000015
113631  32.019  35.800  6.037 0.1000000015
84628  35.534  33.595  10.064 0.2000000030
85796  35.132  35.331  10.476 0.3000000119
85250  34.829  34.874  9.828 0.3000000119
87502  36.918  38.583  3.903 0.2000000030
87511  34.127  38.108  3.780 0.1000000015
86396  33.333  36.994  3.920 0.1000000015
86390  32.819  36.796  4.811 0.1000000015
85252  34.937  34.035  9.635 0.2000000030
85801  34.967  35.653  9.779 0.3000000119
87509  35.960  38.451  3.679 0.2000000030
87510  35.034  38.339  3.525 0.2000000030
86952  33.837  37.403  3.347 0.1000000015
84630  36.081  32.930  9.638 0.3000000119
86393  35.792  37.319  3.321 0.2000000030
86394  35.157  37.313  2.627 0.2000000030
86400  34.733  36.935  2.332 0.1000000015
85842  34.300  36.568  2.349 0.1000000015
85834  33.670  36.045  3.048 0.1000000015
86395  33.732  36.767  3.094 0.1000000015
84631  35.310  33.227  9.156 0.2000000030
84641  34.737  33.757  8.374 0.2000000030
85802  34.682  35.149  8.670 0.2000000030
86399  35.232  36.843  2.391 0.2000000030
83978  36.764  32.558  9.060 0.2000000030
83991  36.412  32.364  8.159 0.2000000030
85285  35.514  35.538  3.531 0.2000000030
85840  35.259  36.158  2.215 0.2000000030
84002  37.110  32.124  7.686 0.1000000015
85274  34.865  34.560  6.346 0.2000000030
85291  35.526  35.318  2.061 0.2000000030
85296  35.385  34.983  1.437 0.1000000015
84662  35.186  33.949  5.588 0.2000000030
85284  35.533  34.686  3.962 0.2000000030
84673  35.901  34.729  1.487 0.2000000030
84011  35.815  32.553  6.320 0.2000000030
111466  35.680  33.069  5.372 0.2000000030
108499  35.635  33.902  4.427 0.2000000030
107817  36.335  34.179  2.134 0.2000000030
84672  36.211  34.241  1.105 0.2000000030
83348  37.005  31.877  6.189 0.1000000015
84017  36.313  32.339  5.607 0.1000000015
113678  36.135  32.783  4.873 0.1000000015
84025  36.136  33.461  3.921 0.1000000015
83371  37.323  32.100  4.321 0.1000000015
83381  37.080  32.827  3.116 0.1000000015
84032  36.728  33.749  1.752 0.1000000015
84039  36.607  33.790  0.819 0.1000000015
87424  43.897  37.767  17.416 0.3000000119
86867  40.954  37.697  15.991 0.4000000060
120771  40.004  37.800  15.756 0.3000000119
86874  39.342  37.584  15.405 0.4000000060
109524  37.998  37.040  14.551 0.3000000119
120675  37.336  37.458  14.321 0.3000000119
122052  36.229  37.359  12.955 0.3000000119
86897  36.218  37.588  11.365 0.3000000119
86929  39.968  38.330  5.421 0.2000000030
88051  34.930  39.177  4.683 0.2000000030
87505  33.718  38.443  4.813 0.1000000015
87506  32.927  38.176  5.456 0.1000000015
86943  37.936  38.670  4.156 0.2000000030
117103  36.225  39.006  4.036 0.2000000030
87503  35.401  38.916  4.071 0.2000000030
87504  34.559  38.719  4.293 0.1000000015
88048  38.018  39.340  4.537 0.2000000030
87412  43.307  38.539  17.746 0.4000000060
86839  44.149  37.577  18.833 0.3000000119
87425  42.655  38.209  16.924 0.5000000000
87426  41.341  38.345  16.580 0.4000000060
87413  41.932  38.883  17.233 0.4000000060
87427  40.120  38.472  16.267 0.4000000060
86875  38.387  38.244  15.344 0.3000000119
86876  37.476  38.811  14.798 0.4000000060
127506  36.425  37.924  13.225 0.4000000060
108452  36.391  38.191  12.699 0.4000000060
87452  36.648  38.363  11.897 0.4000000060
87983  37.215  39.027  12.104 0.4000000060
87451  37.508  38.615  11.373 0.4000000060
87472  38.667  37.627  9.411 0.3000000119
127430  40.246  37.982  6.183 0.2000000030
87496  34.222  39.032  5.187 0.2000000030
87497  33.373  38.832  5.735 0.1000000015
88049  36.923  39.393  4.384 0.2000000030
88050  35.710  39.396  4.628 0.2000000030
87335  24.230  37.905  28.352 0.1000000015
87342  24.067  38.071  27.392 0.1000000015
87347  23.805  38.221  26.556 0.1000000015
86801  23.311  37.686  26.190 0.1000000015
86827  43.884  38.066  19.791 0.3000000119
87960  43.879  38.779  18.675 0.4000000060
87398  44.146  38.244  19.151 0.4000000060
87967  40.692  39.063  16.888 0.5000000000
87431  39.266  38.308  15.806 0.4000000060
87432  38.617  38.925  15.822 0.4000000060
87978  37.021  39.378  13.436 0.5000000000
87444  36.813  38.946  12.689 0.5000000000
114781  38.036  38.125  10.485 0.3000000119
124897  40.251  38.998  5.471 0.2000000030
88041  38.493  39.797  4.974 0.2000000030
88044  34.886  39.526  5.400 0.2000000030
88043  35.908  39.981  5.479 0.2000000030
106853  34.777  39.859  6.328 0.2000000030
110983  25.722  39.782  28.452 0.1000000015
87875  25.216  39.191  28.169 0.1000000015
87341  24.640  38.633  27.796 0.1000000015
87346  24.317  38.802  26.899 0.1000000015
87889  24.235  39.564  26.501 0.1000000015
86806  22.611  37.823  25.138 0.1000000015
86807  22.065  37.764  24.555 0.1000000015
86809  21.491  37.686  23.931 0.1000000015
87949  43.244  39.549  18.949 0.5000000000
87948  44.123  38.983  19.588 0.4000000060
107296  44.097  38.671  19.898 0.3000000119
118709  37.354  38.287  18.308 0.1000000015
87401  36.640  38.586  18.231 0.2000000030
87414  36.106  38.226  17.845 0.1000000015
87961  42.628  39.301  18.014 0.5000000000
87952  37.364  38.967  18.725 0.2000000030
87953  36.394  39.310  18.594 0.2000000030
87403  34.869  38.949  18.115 0.1000000015
87962  41.286  39.577  17.547 0.5000000000
87386  40.027  38.149  19.679 0.2000000030
87929  39.508  38.737  19.801 0.2000000030
87931  37.874  39.474  19.346 0.2000000030
87932  36.984  39.756  19.132 0.2000000030
87955  34.610  39.639  18.650 0.1000000015
124453  32.894  38.924  18.217 0.1000000015
87405  32.043  38.860  18.240 0.1000000015
86845  29.923  37.859  18.100 0.1000000015
86849  26.813  36.849  19.366 0.1000000015
86276  26.049  36.639  19.558 0.1000000015
86278  24.353  36.380  19.580 0.1000000015
87968  39.679  39.294  16.598 0.4000000060
87930  38.733  39.106  19.605 0.2000000030
88493  35.264  40.128  19.073 0.2000000030
87956  33.759  39.772  18.877 0.2000000030
87957  32.420  39.376  18.743 0.1000000015
87958  31.474  39.222  18.903 0.1000000015
87933  36.119  40.025  18.991 0.2000000030
88494  34.417  40.187  19.290 0.2000000030
87972  37.636  39.665  15.095 0.5000000000
87471  40.150  37.711  8.533 0.3000000119
87982  38.001  39.211  11.800 0.5000000000
87459  39.291  38.010  9.994 0.3000000119
87450  38.630  38.597  11.002 0.5000000000
87990  39.134  39.160  11.504 0.5000000000
87480  40.351  37.751  7.018 0.3000000119
107327  40.457  38.011  9.455 0.5000000000
87487  40.626  38.613  6.099 0.4000000060
87494  39.593  39.324  5.178 0.2000000030
88042  37.271  40.029  5.095 0.2000000030
87479  41.227  38.367  7.219 0.3000000119
88033  38.812  40.265  5.748 0.2000000030
88034  37.547  40.431  5.927 0.2000000030
106254  36.517  40.386  6.065 0.2000000030
88035  35.520  40.306  6.831 0.2000000030
88032  40.065  39.764  5.865 0.4000000060
88580  37.787  40.726  6.787 0.3000000119
124071  25.252  38.581  29.629 0.1000000015
87325  24.775  38.115  29.827 0.1000000015
86783  24.164  37.664  30.025 0.1000000015
88376  27.825  40.623  30.421 0.1000000015
88383  27.373  40.615  29.832 0.1000000015
88384  26.789  40.233  29.487 0.1000000015
87868  26.110  39.619  29.295 0.1000000015
87334  24.880  38.421  28.883 0.1000000015
86789  24.301  37.705  29.289 0.1000000015
88933  27.079  41.156  29.155 0.1000000015
126262  26.710  40.793  28.915 0.1000000015
88393  26.251  40.484  28.625 0.1000000015
87874  25.349  39.877  27.788 0.1000000015
87883  24.820  39.532  27.272 0.1000000015
88939  25.896  41.231  28.116 0.1000000015
88401  25.083  40.426  27.343 0.1000000015
119137  23.875  38.936  26.194 0.1000000015
87351  22.994  38.491  25.308 0.1000000015
126729  23.767  39.574  25.960 0.1000000015
88414  23.266  40.041  25.475 0.1000000015
87354  22.432  38.519  24.717 0.1000000015
86810  20.878  37.640  23.236 0.1000000015
86812  20.424  37.696  22.304 0.1000000015
87384  42.852  38.167  20.479 0.3000000119
87385  41.297  38.009  20.191 0.3000000119
87950  41.952  40.024  18.273 0.5000000000
87927  43.915  39.096  20.339 0.4000000060
87372  43.669  39.232  20.983 0.4000000060
87928  40.469  38.638  20.337 0.3000000119
87915  39.533  39.330  20.348 0.3000000119
87406  30.704  38.749  18.713 0.1000000015
115366  30.157  38.353  18.544 0.1000000015
87408  28.772  37.917  19.189 0.1000000015
86830  27.902  37.803  19.644 0.1000000015
119788  26.360  37.321  19.665 0.1000000015
86832  24.602  37.171  19.542 0.1000000015
119304  23.732  37.005  19.450 0.1000000015
116198  22.718  36.868  19.357 0.1000000015
88491  41.317  40.675  18.543 0.5000000000
88465  43.634  39.658  19.932 0.4000000060
87905  43.394  39.670  21.562 0.5000000000
87913  42.738  39.003  21.407 0.3000000119
87914  41.041  39.102  21.178 0.3000000119
88473  33.578  40.209  19.590 0.2000000030
118776  32.951  39.820  19.176 0.2000000030
110265  29.159  38.386  19.476 0.1000000015
113333  27.044  37.537  19.694 0.1000000015
86831  25.558  37.446  19.641 0.1000000015
87963  40.155  39.817  17.197 0.6000000238
123729  40.967  39.642  21.747 0.4000000060
88446  39.893  39.796  21.114 0.4000000060
89022  38.128  40.580  20.502 0.2000000030
88448  37.087  40.761  20.213 0.2000000030
88471  35.848  40.487  19.583 0.2000000030
106064  34.221  40.580  20.081 0.2000000030
88474  32.763  40.148  19.930 0.2000000030
111357  32.057  39.735  19.543 0.2000000030
108042  31.243  39.501  19.697 0.2000000030
110982  29.957  39.105  20.018 0.2000000030
87389  28.513  38.376  19.886 0.1000000015
87971  38.171  39.654  15.720 0.5000000000
87969  38.840  39.518  16.260 0.5000000000
88449  36.332  40.765  20.053 0.2000000030
88451  34.883  40.887  20.550 0.2000000030
88452  33.371  40.475  20.455 0.3000000119
88475  32.135  40.013  20.298 0.2000000030
87934  31.478  39.768  20.334 0.2000000030
87974  37.302  39.713  14.255 0.5000000000
88506  37.876  40.393  15.360 0.5000000000
89024  36.419  41.190  20.743 0.2000000030
89025  35.496  41.207  21.019 0.3000000119
88450  35.673  40.877  20.259 0.3000000119
88507  37.617  40.307  14.708 0.5000000000
124130  37.466  39.986  13.560 0.5000000000
124431  37.579  39.690  12.726 0.5000000000
111575  38.229  41.074  13.977 0.6000000238
88516  37.955  40.433  13.403 0.5000000000
126528  38.500  39.680  12.172 0.5000000000
89599  38.835  42.344  15.457 0.6000000238
88515  39.052  41.435  13.729 0.5000000000
89598  39.502  42.972  15.447 0.6999999881
89068  38.647  41.784  14.600 0.6000000238
88514  39.515  40.943  13.187 0.5000000000
108342  39.298  40.491  12.783 0.5000000000
89067  39.462  41.964  14.131 0.6000000238
88529  39.569  39.819  12.115 0.5000000000
87997  40.030  38.460  10.525 0.5000000000
88022  41.023  39.469  6.484 0.4000000060
88581  36.513  40.639  7.069 0.3000000119
89615  40.278  42.313  14.277 0.8000000119
108799  40.345  41.405  13.484 0.6000000238
87989  40.411  39.016  11.231 0.5000000000
87470  41.349  38.169  8.457 0.4000000060
88579  38.945  40.626  6.516 0.4000000060
88573  38.212  40.993  7.513 0.4000000060
88574  37.012  40.933  7.887 0.4000000060
88559  39.930  41.069  8.056 0.4000000060
88561  37.496  41.182  8.583 0.4000000060
89113  38.931  41.484  9.093 0.4000000060
88560  38.636  41.215  8.266 0.4000000060
89111  41.355  40.943  8.982 0.4000000060
89112  40.105  41.352  8.945 0.4000000060
89093  39.235  41.914  9.781 0.4000000060
89092  40.349  41.711  9.721 0.4000000060
89086  42.919  41.128  10.710 0.4000000060
89091  41.544  41.307  9.764 0.4000000060
89631  41.826  41.784  10.453 0.4000000060
89625  42.216  42.455  10.933 0.4000000060
89624  43.360  41.882  11.160 0.5000000000
88392  26.511  41.265  28.604 0.1000000015
89490  26.085  41.936  28.347 0.1000000015
88953  24.674  41.123  27.007 0.1000000015
88954  24.050  41.048  26.446 0.1000000015
88411  23.901  40.247  26.140 0.1000000015
87896  22.092  39.364  24.289 0.1000000015
87355  21.845  38.458  24.106 0.1000000015
87357  21.324  38.396  23.434 0.1000000015
87897  21.521  39.768  23.598 0.1000000015
87358  20.891  38.318  22.806 0.1000000015
87900  21.093  39.225  22.890 0.1000000015
87360  20.682  38.618  22.166 0.1000000015
86816  20.157  37.474  21.346 0.1000000015
116295  20.452  38.169  20.718 0.1000000015
86824  20.301  37.256  20.498 0.1000000015
86834  22.210  37.755  19.223 0.1000000015
86835  21.310  37.922  19.532 0.1000000015
107470  20.813  37.010  19.791 0.1000000015
87393  23.780  38.516  19.117 0.1000000015
86833  23.185  37.724  19.203 0.1000000015
88490  42.535  40.282  19.176 0.5000000000
123510  27.238  38.200  19.958 0.1000000015
121490  26.426  38.126  19.799 0.1000000015
87392  24.700  38.038  19.412 0.1000000015
88467  41.763  41.012  19.334 0.5000000000
88445  43.250  40.763  21.127 0.4000000060
88434  43.152  40.025  22.269 0.4000000060
88436  39.098  40.476  21.154 0.4000000060
88447  38.977  40.015  20.591 0.3000000119
87936  29.158  38.856  20.126 0.2000000030
87390  27.809  38.528  20.192 0.2000000030
87937  27.108  39.062  20.149 0.2000000030
88501  39.215  40.105  16.769 0.6000000238
88444  43.611  39.783  20.937 0.4000000060
88426  40.478  40.696  22.497 0.4000000060
118615  40.184  40.259  21.783 0.4000000060
89009  38.360  41.120  21.321 0.3000000119
89023  37.430  41.198  20.920 0.3000000119
87374  28.369  38.882  20.404 0.2000000030
88499  38.859  40.939  16.817 0.6000000238
88466  43.004  40.473  20.166 0.6000000238
89008  43.345  41.013  22.006 0.5000000000
89011  36.040  41.503  21.680 0.3000000119
89026  34.794  41.090  21.275 0.3000000119
88453  32.564  40.282  20.798 0.3000000119
87916  30.585  39.454  20.403 0.2000000030
87918  28.735  39.357  20.802 0.2000000030
125412  28.225  39.252  20.631 0.2000000030
88498  39.675  40.708  17.441 0.6000000238
109654  38.419  40.419  16.140 0.6000000238
109692  38.114  41.018  15.582 0.5000000000
88512  37.685  40.489  14.088 0.5000000000
89057  38.749  41.679  16.725 0.6000000238
88511  37.936  41.054  14.801 0.5000000000
89586  39.048  42.376  17.038 0.6000000238
90650  40.942  44.262  20.233 0.6999999881
89593  39.092  42.822  16.196 0.6999999881
120416  40.272  43.284  19.221 0.6999999881
90133  39.466  43.294  16.906 0.6999999881
90144  39.758  43.529  16.033 0.6999999881
89606  39.390  42.470  14.770 0.6999999881
109484  40.361  40.404  12.617 0.6000000238
118221  41.129  38.576  10.410 0.5000000000
88010  41.770  38.706  7.764 0.5000000000
88021  41.692  39.109  7.106 0.4000000060
88572  39.751  40.663  7.019 0.4000000060
89597  40.215  42.960  14.898 0.8000000119
89605  41.169  42.770  14.607 0.8000000119
88528  41.020  39.491  11.700 0.6000000238
87988  41.700  38.848  10.784 0.6000000238
88009  42.079  38.772  8.664 0.5000000000
88571  41.086  40.191  7.257 0.4000000060
87996  42.055  38.692  9.789 0.6000000238
88020  41.972  39.448  7.754 0.5000000000
88558  41.181  40.585  8.160 0.4000000060
89090  42.594  40.617  10.046 0.4000000060
89618  45.778  41.486  12.240 0.6999999881
89623  44.448  41.235  11.452 0.6999999881
90163  45.787  42.578  11.586 0.6999999881
89622  45.314  41.875  11.613 0.6999999881
88943  24.782  41.884  27.368 0.1000000015
88964  23.412  40.970  25.865 0.1000000015
88965  22.735  40.983  25.249 0.1000000015
88415  22.485  40.184  24.775 0.1000000015
88976  22.039  41.141  24.567 0.1000000015
88418  21.850  40.335  24.125 0.1000000015
112625  21.150  40.106  23.037 0.1000000015
87902  20.866  40.083  22.388 0.1000000015
87903  20.722  39.425  21.961 0.1000000015
87363  20.592  38.846  21.359 0.1000000015
87909  20.703  39.624  21.138 0.1000000015
87375  20.735  39.027  20.546 0.1000000015
87396  21.045  39.180  19.951 0.1000000015
86836  20.657  37.789  20.005 0.1000000015
121634  21.912  38.433  19.252 0.1000000015
87391  25.509  38.465  19.580 0.1000000015
124074  26.171  38.933  19.782 0.2000000030
88497  40.738  40.304  17.835 0.6000000238
88423  43.355  40.527  22.368 0.5000000000
111107  41.728  40.022  22.455 0.4000000060
88996  40.587  41.245  23.302 0.4000000060
88435  39.360  40.958  21.835 0.3000000119
89010  37.623  41.549  21.740 0.3000000119
110148  36.774  41.739  22.420 0.3000000119
87938  26.275  39.784  19.780 0.2000000030
88994  43.109  41.017  22.747 0.5000000000
123113  41.729  41.102  23.690 0.4000000060
107131  39.341  41.717  23.153 0.4000000060
88983  38.309  41.947  23.202 0.4000000060
88999  37.711  41.796  22.538 0.3000000119
89000  35.584  41.548  22.851 0.3000000119
109481  34.732  41.258  22.678 0.3000000119
88438  33.089  40.571  21.400 0.3000000119
88454  31.824  40.007  21.027 0.2000000030
88455  31.033  39.752  21.202 0.2000000030
87907  30.125  39.666  21.384 0.2000000030
123979  28.655  39.964  21.205 0.2000000030
123742  40.834  41.278  18.715 0.6000000238
89033  42.130  41.353  20.208 0.6000000238
89020  42.352  41.816  21.159 0.6000000238
88995  42.561  40.993  23.408 0.5000000000
88982  40.071  41.841  24.009 0.4000000060
89001  33.968  40.999  22.908 0.3000000119
88427  32.816  40.578  22.227 0.2000000030
88440  31.447  40.038  21.756 0.2000000030
88456  27.946  39.788  20.730 0.2000000030
89047  40.130  41.713  18.433 0.6999999881
89034  40.898  41.830  19.310 0.6000000238
89021  41.438  42.116  20.137 0.6000000238
89550  42.652  41.661  23.325 0.6000000238
89540  41.608  42.029  24.655 0.5000000000
89543  36.908  42.062  24.483 0.4000000060
88986  35.524  41.581  24.014 0.4000000060
89002  33.020  40.741  23.076 0.2000000030
88429  31.465  40.320  22.501 0.2000000030
107689  30.624  40.073  22.175 0.2000000030
88441  29.695  40.208  21.989 0.2000000030
117575  29.005  40.473  21.665 0.2000000030
89579  39.518  42.103  17.879 0.6999999881
90088  42.204  42.875  22.336 0.6999999881
90080  42.413  42.669  23.173 0.6000000238
88971  35.999  41.826  24.740 0.4000000060
89578  40.040  42.581  18.703 0.6999999881
89563  41.297  42.706  20.562 0.6999999881
90097  41.674  43.583  21.758 0.6999999881
106099  41.916  43.573  22.565 0.6999999881
90125  39.573  42.943  17.796 0.6999999881
90108  40.714  43.434  19.958 0.6999999881
90098  41.252  43.529  20.869 0.6999999881
90121  39.992  43.553  18.482 0.6999999881
90667  40.513  44.171  19.230 0.6999999881
90124  39.902  43.852  17.551 0.6999999881
90681  40.460  44.424  18.148 0.6999999881
90132  40.173  44.015  16.636 0.6999999881
90689  40.676  44.482  17.213 0.8000000119
125056  40.222  43.416  15.443 0.8000000119
89079  41.281  40.641  12.815 0.6999999881
90687  42.623  44.764  16.660 0.8000000119
90142  41.923  43.771  15.656 0.8000000119
89604  42.267  42.491  14.470 0.8000000119
89074  41.787  41.137  13.285 0.6999999881
88522  41.750  39.842  12.108 0.6000000238
87987  42.615  39.024  10.270 0.6000000238
88008  42.481  39.233  9.380 0.5000000000
88557  42.181  39.783  8.562 0.5000000000
90150  42.040  43.180  15.063 0.8000000119
89078  42.387  40.245  12.551 0.8000000119
113630  42.355  39.194  11.182 0.6999999881
88527  43.122  39.381  10.788 0.6000000238
88556  42.415  40.166  9.314 0.4000000060
90696  42.972  44.146  15.988 0.8000000119
90141  42.822  43.549  15.473 0.8000000119
89603  43.478  42.172  14.382 0.8000000119
89613  42.580  41.634  13.828 0.8000000119
88521  42.958  39.587  11.650 0.8000000119
88537  42.838  39.584  10.029 0.5000000000
90140  43.618  43.669  15.342 0.8000000119
90149  43.128  42.990  14.988 0.8000000119
89612  43.774  41.258  13.605 0.8000000119
89076  44.383  40.107  12.067 0.6999999881
88520  43.715  39.883  11.423 0.6000000238
88536  43.301  39.986  10.605 0.5000000000
90695  43.673  44.375  15.539 0.8000000119
90148  44.310  42.931  14.720 0.8000000119
118292  44.780  40.981  13.228 0.8000000119
89072  44.144  40.410  12.779 0.8000000119
119740  44.898  40.438  12.138 0.6999999881
89085  43.779  40.566  11.184 0.6000000238
89611  45.449  41.606  13.454 0.6999999881
89083  45.152  40.915  11.932 0.6999999881
89084  44.446  40.380  11.753 0.6999999881
109587  45.830  42.175  13.359 0.6999999881
89610  45.935  41.631  12.888 0.6999999881
107993  22.238  41.834  25.152 0.1000000015
88977  21.465  41.675  24.134 0.1000000015
115542  21.596  41.021  23.960 0.1000000015
88421  20.882  40.896  22.790 0.1000000015
88459  21.309  40.618  20.165 0.1000000015
87920  20.982  39.787  20.364 0.1000000015
88479  23.126  40.345  19.111 0.1000000015
87942  22.322  39.978  19.215 0.1000000015
87943  21.514  39.725  19.637 0.1000000015
87941  23.777  39.953  19.027 0.2000000030
120902  24.007  39.343  19.024 0.1000000015
106986  23.115  39.393  18.997 0.1000000015
88477  25.515  40.307  19.449 0.2000000030
87939  25.477  39.388  19.457 0.1000000015
88981  41.203  41.564  24.161 0.5000000000
122145  39.681  42.276  24.692 0.5000000000
89541  39.008  42.136  24.043 0.5000000000
89539  42.321  42.230  24.097 0.6999999881
89528  38.719  42.578  25.016 0.5000000000
89542  37.941  42.242  24.241 0.4000000060
88987  34.550  41.266  23.861 0.2000000030
109940  33.575  41.019  23.706 0.2000000030
88428  32.200  40.525  22.755 0.2000000030
125145  29.990  40.750  22.559 0.2000000030
90073  42.099  43.131  24.005 0.6999999881
89512  39.991  43.197  25.606 0.6999999881
89529  37.460  42.557  25.113 0.4000000060
88973  34.197  41.577  25.078 0.3000000119
88988  32.806  41.092  24.049 0.2000000030
124198  31.559  40.705  23.172 0.2000000030
90614  41.840  44.155  23.808 0.6999999881
90065  40.887  43.508  25.468 0.6999999881
90050  39.323  43.614  25.786 0.6999999881
89513  39.061  43.134  25.553 0.6999999881
89515  36.933  42.882  25.591 0.5000000000
90643  41.352  44.342  21.077 0.6999999881
90622  41.718  44.561  22.795 0.6999999881
90064  41.635  43.771  24.714 0.6999999881
90049  39.942  43.885  25.828 0.8000000119
122291  41.282  44.937  20.474 0.6999999881
90642  41.471  45.208  21.119 0.8000000119
91184  41.589  45.807  22.670 0.8000000119
91161  41.232  46.198  24.291 0.8000000119
91206  41.671  45.699  20.176 0.8000000119
91192  41.598  45.432  21.909 0.8000000119
90666  41.121  45.017  18.660 0.8000000119
91226  41.958  45.463  18.163 0.8000000119
90688  41.636  44.739  16.940 0.8000000119
91213  42.308  46.012  18.586 0.8000000119
91240  42.249  45.206  17.340 0.8000000119
89546  21.023  42.179  23.661 0.1000000015
89006  20.653  41.593  22.097 0.1000000015
109962  20.725  40.761  21.861 0.1000000015
89030  21.017  41.189  20.720 0.1000000015
89039  22.465  41.541  19.628 0.1000000015
88481  21.854  41.133  19.803 0.1000000015
89038  23.865  41.762  19.519 0.2000000030
88478  24.633  39.923  19.149 0.2000000030
89037  24.706  41.510  19.491 0.2000000030
109086  24.880  40.746  19.296 0.2000000030
89036  25.501  41.213  19.563 0.2000000030
88476  26.265  40.790  19.791 0.2000000030
87919  27.036  40.263  20.250 0.2000000030
88457  27.658  40.952  20.731 0.2000000030
88989  32.007  41.571  24.181 0.2000000030
89004  31.359  41.385  23.641 0.2000000030
88442  28.364  40.680  21.221 0.2000000030
89532  34.747  42.085  25.657 0.4000000060
89003  32.129  40.867  23.580 0.2000000030
88430  30.707  40.919  23.049 0.2000000030
88972  35.121  41.625  24.933 0.4000000060
119111  33.532  41.321  24.500 0.2000000030
89015  29.368  41.115  22.207 0.2000000030
90051  38.486  43.696  25.766 0.6999999881
126184  40.450  44.304  25.704 0.6999999881
90588  39.206  44.213  25.844 0.6999999881
115585  40.987  45.533  25.061 0.6000000238
90587  40.452  45.107  25.577 0.8000000119
91827  41.665  46.452  21.892 0.8000000119
110622  41.422  46.263  23.368 0.8000000119
126300  40.909  46.974  24.132 0.8000000119
123043  41.590  47.286  21.938 0.8000000119
89560  20.704  42.198  21.472 0.1000000015
89570  20.967  41.904  20.844 0.1000000015
89029  21.403  41.515  20.335 0.1000000015
107285  23.152  41.209  19.328 0.2000000030
88458  26.908  41.364  20.291 0.2000000030
88431  29.860  41.870  22.780 0.2000000030
90054  35.623  43.317  25.780 0.5000000000
123160  33.407  41.812  25.153 0.3000000119
88975  32.014  42.226  24.503 0.2000000030
88990  30.606  42.124  23.430 0.2000000030
89516  36.030  42.723  25.766 0.4000000060
89544  31.358  42.407  24.008 0.2000000030
120633  36.964  43.946  25.480 0.6999999881
90052  37.432  43.486  25.636 0.6999999881
90053  36.468  43.344  25.658 0.6000000238
90590  37.872  44.145  25.592 0.6999999881
122696  39.817  44.671  25.818 0.8000000119
91796  40.587  46.773  24.509 0.8000000119
91818  41.428  46.969  22.700 0.8000000119
91807  40.645  47.435  23.728 0.8000000119
89573  25.381  42.165  19.833 0.2000000030
89035  26.174  41.793  19.957 0.2000000030
89027  27.468  42.029  20.800 0.2000000030
89005  29.127  42.184  22.201 0.2000000030
118052  28.539  42.435  21.711 0.3000000119
89017  28.110  41.697  21.260 0.2000000030
89517  35.229  42.680  25.911 0.4000000060
89533  33.840  42.278  25.574 0.4000000060
89534  32.352  42.520  24.829 0.3000000119
110951  36.595  44.405  24.835 0.6999999881
90591  36.042  43.914  25.432 0.6999999881
90055  34.397  42.876  25.887 0.4000000060
90068  32.468  43.281  24.858 0.4000000060
90605  37.474  44.610  25.116 0.6999999881
91163  39.645  45.960  25.190 0.8000000119
91797  40.083  46.623  24.791 0.8000000119
109888  26.727  43.270  20.468 0.2000000030
89566  26.056  42.795  20.219 0.2000000030
89565  27.354  42.806  20.808 0.2000000030
89028  26.787  42.402  20.434 0.2000000030
89558  27.992  42.701  21.240 0.2000000030
121769  36.392  44.630  23.885 0.6999999881
90606  35.648  44.344  24.421 0.6999999881
90616  34.621  44.242  24.569 0.6000000238
90066  34.357  43.702  25.404 0.5000000000
89535  31.833  42.918  24.481 0.3000000119
90607  35.172  43.927  25.395 0.5000000000
90067  33.447  43.291  25.416 0.5000000000
91165  37.998  45.298  24.595 0.6999999881
90604  38.341  44.868  25.358 0.6999999881
91151  39.173  45.063  25.623 0.6999999881
93668  36.733  49.464  11.297 0.5000000000
93660  38.269  49.893  12.030 0.8000000119
93661  37.349  49.479  11.809 0.6999999881
94187  37.583  50.021  11.151 0.6999999881
89564  28.023  43.346  21.017 0.2000000030
89557  28.518  43.221  21.538 0.2000000030
89552  29.512  42.945  22.480 0.3000000119
111489  34.014  44.309  23.725 0.6000000238
89551  30.128  42.920  22.978 0.2000000030
90615  34.942  44.410  23.463 0.5000000000
90608  33.721  44.089  24.715 0.5000000000
90074  32.982  43.875  24.697 0.5000000000
90075  31.337  43.391  23.911 0.2000000030
89545  30.706  43.151  23.480 0.2000000030
91177  38.556  46.023  24.008 0.8000000119
94685  39.032  51.589  10.736 0.6999999881
90103  28.787  43.637  21.250 0.2000000030
126668  28.919  43.437  21.723 0.2000000030
91178  37.123  44.927  24.178 0.6999999881
106141  35.842  44.581  23.161 0.6999999881
90091  31.070  44.045  22.212 0.3000000119
90092  30.217  43.755  22.337 0.2000000030
90625  34.316  44.338  22.667 0.5000000000
90081  31.769  44.145  22.813 0.3000000119
90082  30.930  43.856  23.145 0.2000000030
90083  30.357  43.491  22.915 0.3000000119
90084  29.915  43.398  22.546 0.3000000119
90626  33.381  44.307  23.011 0.4000000060
90627  32.476  44.220  23.376 0.4000000060
90102  29.684  43.806  21.513 0.2000000030
92437  41.007  47.780  23.053 0.8000000119
91187  36.741  45.002  22.977 0.6999999881
91186  37.682  45.473  23.497 0.8000000119
90637  32.733  44.178  22.358 0.5000000000
90090  32.054  44.022  21.732 0.4000000060
90624  35.212  44.482  22.379 0.6999999881
90111  29.457  43.926  20.536 0.3000000119
90100  31.411  43.923  21.182 0.5000000000
90101  30.550  43.936  21.522 0.3000000119
90636  33.699  44.209  21.962 0.6000000238
90110  30.286  43.921  20.685 0.3000000119
90089  33.061  44.036  21.271 0.6000000238
90099  32.336  43.918  20.530 0.5000000000
111199  30.960  43.900  20.711 0.4000000060
90656  30.172  44.018  19.875 0.4000000060
90658  28.454  44.173  19.403 0.3000000119
90623  36.034  44.778  22.142 0.8000000119
90657  29.449  44.141  19.395 0.4000000060
90655  31.014  43.931  19.861 0.5000000000
90635  34.617  44.357  21.651 0.6999999881
90109  31.541  43.882  20.357 0.6000000238
91194  36.701  45.245  21.853 0.8000000119
90633  36.170  45.066  21.280 0.6999999881
90645  34.036  44.224  20.933 0.6000000238
90634  35.454  44.645  21.428 0.6999999881
83335  39.873  32.727  7.467 0.1000000015
85816  35.135  35.835  7.529 0.2000000030
84009  41.885  33.145  6.225 0.1000000015
85269  34.660  34.450  7.368 0.2000000030
84003  36.527  32.173  7.377 0.2000000030
84650  35.040  33.095  7.540 0.2000000030
84640  34.948  33.334  8.368 0.2000000030
83346  39.000  32.208  6.843 0.1000000015
84657  34.811  33.746  6.875 0.2000000030
91841  41.941  46.619  20.337 0.8000000119
89602  44.622  41.861  14.030 0.8000000119
106699  42.613  31.997  10.865 0.1000000015
83344  42.626  32.451  6.419 0.1000000015
83367  40.997  32.786  4.000 0.1000000015
84594  41.640  32.887  15.599 0.1000000015
84593  43.060  33.307  15.202 0.1000000015
85771  44.115  34.669  15.460 0.1000000015
85777  43.834  34.751  14.727 0.1000000015
85238  41.439  34.257  12.559 0.2000000030
84612  42.193  33.678  12.071 0.1000000015
83989  40.082  32.955  8.154 0.1000000015
82744  37.257  30.169  0.405 0.1000000015
106249  38.601  31.960  2.909 0.1000000015
83369  38.658  31.837  4.075 0.1000000015
85787  36.854  35.799  13.129 0.3000000119
85809  34.928  35.716  8.290 0.2000000030
86949  36.429  37.949  3.663 0.2000000030
114047  34.394  35.776  2.179 0.1000000015
85830  35.564  36.050  5.267 0.2000000030
112723  35.077  35.637  1.741 0.1000000015
83990  37.587  32.311  8.351 0.2000000030
85817  34.806  35.217  6.938 0.2000000030
83389  37.769  33.087  1.019 0.1000000015
83359  37.036  31.946  5.272 0.1000000015
86342  36.738  36.619  13.478 0.3000000119
86347  35.871  36.981  12.329 0.3000000119
86384  32.236  36.563  5.779 0.1000000015
127712  34.749  35.217  9.321 0.2000000030
86950  35.500  37.836  3.201 0.2000000030
86951  34.663  37.578  2.887 0.1000000015
83992  35.492  32.777  8.267 0.2000000030
84651  34.733  33.727  7.821 0.2000000030
85261  34.640  34.360  8.329 0.2000000030
85810  34.698  35.161  7.868 0.2000000030
84668  35.942  34.494  2.874 0.2000000030
84656  35.256  33.065  6.521 0.2000000030
111468  35.756  32.493  7.283 0.2000000030
84010  36.365  32.147  6.651 0.2000000030
84024  36.627  32.608  4.373 0.1000000015
125757  36.611  33.360  3.060 0.1000000015
86882  37.760  37.828  14.767 0.4000000060
116020  36.736  37.536  13.747 0.3000000119
87439  36.960  38.973  14.076 0.4000000060
87433  37.982  39.047  15.423 0.5000000000
88045  33.976  39.415  6.146 0.1000000015
87350  23.466  38.377  25.869 0.1000000015
114482  23.061  37.900  25.617 0.1000000015
126762  43.138  38.688  20.939 0.3000000119
87333  25.522  39.058  29.061 0.1000000015
86803  22.212  37.138  25.039 0.1000000015
86254  21.029  36.910  23.836 0.1000000015
87954  35.501  39.510  18.557 0.1000000015
88469  37.531  40.174  19.754 0.2000000030
88470  36.646  40.354  19.593 0.2000000030
120999  33.170  39.413  18.625 0.2000000030
123036  31.330  38.692  18.294 0.1000000015
87407  29.503  38.150  18.804 0.1000000015
86848  27.569  37.099  19.124 0.1000000015
86277  25.203  36.507  19.591 0.1000000015
85725  24.849  35.742  19.461 0.1000000015
88472  35.055  40.553  19.769 0.2000000030
87316  25.202  38.579  30.265 0.1000000015
88400  25.633  40.506  27.941 0.1000000015
88410  24.511  40.322  26.735 0.1000000015
88942  25.291  41.191  27.554 0.1000000015
87890  23.422  39.106  25.589 0.1000000015
87894  22.798  39.275  25.021 0.1000000015
87935  30.632  39.152  19.477 0.2000000030
87388  29.896  38.676  19.303 0.1000000015
120293  24.008  37.694  19.334 0.1000000015
87906  42.322  39.470  21.900 0.4000000060
89012  35.161  41.337  21.880 0.3000000119
88437  34.034  40.829  21.096 0.3000000119
88523  38.522  40.224  12.740 0.5000000000
89062  38.384  41.640  15.436 0.6000000238
87458  41.301  38.331  9.531 0.6000000238
89632  40.674  42.248  10.344 0.4000000060
108099  23.469  41.777  26.308 0.1000000015
118993  21.592  39.043  23.670 0.1000000015
88419  21.359  40.576  23.510 0.1000000015
118002  20.437  38.166  21.579 0.1000000015
108274  20.844  38.499  19.949 0.1000000015
87395  21.433  38.818  19.550 0.1000000015
87394  22.704  38.494  19.085 0.1000000015
88424  42.836  40.490  22.812 0.5000000000
122528  27.876  39.078  20.479 0.2000000030
88997  39.623  41.266  22.545 0.4000000060
88998  38.602  41.546  22.250 0.3000000119
87917  29.622  39.334  20.731 0.2000000030
89013  34.371  41.075  21.973 0.3000000119
88439  32.216  40.303  21.783 0.2000000030
87908  29.288  39.769  21.362 0.2000000030
90151  41.029  43.401  15.203 0.8000000119
89614  41.366  42.016  13.956 0.8000000119
88966  21.763  41.933  24.646 0.1000000015
108529  20.728  40.087  21.670 0.1000000015
108483  22.121  39.147  19.179 0.1000000015
87940  24.693  38.943  19.235 0.1000000015
89555  42.759  41.952  22.383 0.6000000238
88984  37.321  41.933  23.389 0.3000000119
89014  33.551  40.800  22.107 0.3000000119
88985  36.344  41.793  23.640 0.4000000060
89572  40.688  42.669  19.629 0.6000000238
89525  41.703  42.795  24.800 0.6999999881
89526  40.827  42.642  25.178 0.6999999881
89530  36.441  42.367  25.284 0.4000000060
110422  42.022  43.562  23.270 0.6999999881
89531  35.591  42.150  25.507 0.4000000060
90632  41.592  44.442  21.904 0.6999999881
90649  41.149  44.997  19.665 0.8000000119
90143  40.805  43.942  15.886 0.8000000119
90680  41.324  44.960  17.717 0.8000000119
90697  41.850  44.311  16.284 0.8000000119
89073  43.035  40.689  13.080 0.8000000119
89077  43.562  39.969  12.210 0.8000000119
89071  45.392  40.934  12.620 0.6999999881
88991  21.161  41.365  23.507 0.1000000015
88992  20.747  41.867  22.925 0.1000000015
88443  20.811  40.508  21.003 0.1000000015
105736  21.839  40.452  19.584 0.1000000015
88480  22.441  40.771  19.402 0.1000000015
106611  24.016  40.779  19.189 0.2000000030
89527  39.840  42.643  25.217 0.6999999881
88974  32.668  41.774  24.762 0.2000000030
90602  41.519  44.895  24.512 0.6999999881
91176  41.605  45.287  23.555 0.8000000119
89514  37.995  43.060  25.504 0.6999999881
91200  41.728  46.105  21.087 0.8000000119
125948  40.824  46.217  24.868 0.8000000119
91214  41.777  45.609  19.103 0.8000000119
89018  20.778  41.369  21.307 0.1000000015
89040  21.892  41.929  19.984 0.1000000015
89559  20.882  42.721  20.961 0.1000000015
89016  28.743  41.413  21.729 0.2000000030
122108  31.886  43.569  24.283 0.4000000060
91164  38.863  45.705  24.988 0.8000000119
106585  31.735  43.942  23.675 0.3000000119
90093  29.377  43.542  22.024 0.2000000030
88540  32.549  40.338  10.187 0.1000000015
88011  33.950  40.111  9.083 0.1000000015
88025  33.513  39.847  8.111 0.1000000015
88024  34.359  40.139  8.297 0.1000000015
126479  34.177  39.712  6.731 0.1000000015
105735  33.016  40.924  10.483 0.1000000015
88564  33.410  40.317  9.924 0.1000000015
107032  34.414  39.989  7.331 0.1000000015
88539  33.916  41.067  10.377 0.2000000030
111775  34.321  40.529  9.749 0.2000000030
88563  34.873  40.405  8.982 0.1000000015
88023  35.097  40.371  7.894 0.1000000015
88562  35.531  40.922  9.516 0.2000000030
127213  34.877  40.697  9.622 0.2000000030
88575  35.869  40.696  8.291 0.2000000030
107506  36.529  41.036  8.992 0.3000000119
124731  37.025  41.406  9.417 0.3000000119
89094  38.174  41.990  9.905 0.3000000119
90173  38.037  43.465  10.508 0.3000000119
106460  39.876  44.386  10.587 0.3000000119
90725  38.885  44.498  10.444 0.3000000119
121529  38.625  43.914  10.525 0.3000000119
91270  40.302  45.229  10.243 0.3000000119
89114  37.854  41.488  9.302 0.3000000119
90172  38.973  43.271  10.488 0.3000000119
90724  40.920  44.605  10.668 0.3000000119
91279  41.073  45.463  9.908 0.3000000119
119883  40.360  45.676  9.685 0.3000000119
89633  38.572  42.597  10.267 0.3000000119
90167  40.814  43.766  10.845 0.3000000119
90171  39.985  43.265  10.623 0.3000000119
89626  41.129  42.855  10.770 0.3000000119
118994  39.583  42.504  10.261 0.3000000119
90165  42.696  43.128  11.157 0.3000000119
90166  41.618  43.309  11.015 0.3000000119
90717  42.752  43.962  10.901 0.3000000119
90718  41.696  43.987  10.965 0.3000000119
107058  33.426  44.144  20.182 0.6000000238
106529  31.928  44.009  19.648 0.5000000000
95160  40.404  53.091  10.631 0.6999999881
95626  41.337  54.497  8.559 0.6000000238
95615  41.094  54.455  9.365 0.6000000238
95159  40.790  53.176  10.670 0.6999999881
127781  35.713  40.529  7.542 0.1000000015
118162  39.237  43.874  10.561 0.3000000119
90682  29.339  45.129  17.838 0.3000000119
91235  24.632  45.729  17.437 0.2000000030
91233  26.306  45.347  17.605 0.2000000030
91243  26.103  45.929  16.913 0.2000000030
91244  25.109  46.179  16.732 0.2000000030
90683  28.496  44.980  17.962 0.2000000030
91242  27.010  45.710  17.112 0.2000000030
90654  32.807  44.254  19.473 0.5000000000
90671  30.636  44.284  18.924 0.5000000000
91231  28.847  45.525  17.400 0.2000000030
91232  27.937  45.477  17.421 0.2000000030
90669  32.259  44.509  18.874 0.5000000000
91218  30.734  44.976  18.126 0.5000000000
91874  26.769  46.349  16.442 0.2000000030
91241  28.522  45.934  16.959 0.2000000030
91873  27.807  46.243  16.610 0.2000000030
91875  25.877  46.511  16.285 0.2000000030
91236  23.818  45.894  17.631 0.2000000030
91853  23.118  46.126  18.039 0.2000000030
91219  25.737  45.104  18.050 0.2000000030
91234  25.494  45.562  17.449 0.2000000030
91866  23.376  46.587  17.316 0.2000000030
91865  24.113  46.306  16.932 0.2000000030
91876  24.432  46.777  16.299 0.2000000030
90652  34.367  44.498  19.958 0.5000000000
122520  29.531  45.671  17.374 0.2000000030
120757  25.156  46.717  16.121 0.2000000030
91230  30.232  45.512  17.644 0.2000000030
91872  28.780  46.466  16.482 0.2000000030
91821  22.477  46.940  23.334 0.1000000015
91845  22.002  46.746  19.293 0.2000000030
91854  22.487  46.412  18.569 0.2000000030
125441  21.903  47.195  19.703 0.2000000030
92484  22.414  47.364  18.502 0.2000000030
111501  22.152  47.579  19.370 0.2000000030
91867  22.783  46.895  17.825 0.2000000030
92493  22.765  47.584  17.719 0.2000000030
91877  23.656  46.994  16.615 0.2000000030
92492  23.106  47.335  17.143 0.2000000030
91882  25.622  47.055  15.727 0.2000000030
91880  27.324  46.871  15.950 0.2000000030
92447  22.210  47.267  22.351 0.1000000015
92455  21.848  47.199  21.557 0.1000000015
92465  22.064  47.721  21.058 0.2000000030
91846  21.716  46.823  20.041 0.2000000030
92475  21.999  47.599  20.186 0.2000000030
116352  22.490  48.180  18.890 0.2000000030
93034  22.698  48.123  18.059 0.2000000030
91881  26.456  46.916  15.856 0.2000000030
92454  22.255  47.684  21.717 0.1000000015
92990  22.844  47.719  22.883 0.1000000015
91799  22.578  46.371  24.139 0.1000000015
90592  22.410  44.465  25.502 0.1000000015
91166  22.165  45.493  24.367 0.1000000015
93005  22.545  48.208  21.452 0.2000000030
93014  22.463  48.309  20.648 0.2000000030
93024  22.447  48.275  19.761 0.2000000030
91883  24.784  47.216  15.723 0.2000000030
92505  23.431  47.751  16.454 0.2000000030
92512  26.916  47.322  15.470 0.2000000030
91798  23.183  46.694  24.638 0.1000000015
91788  23.461  46.390  25.392 0.1000000015
91152  23.169  45.656  25.705 0.1000000015
91145  23.483  45.338  26.456 0.1000000015
92431  22.968  46.982  24.013 0.1000000015
91789  22.847  45.975  24.914 0.1000000015
91153  22.586  45.227  25.250 0.1000000015
93000  22.644  47.979  22.153 0.1000000015
92439  23.169  47.528  23.619 0.1000000015
91751  31.568  46.823  30.552 0.1000000015
91750  32.826  46.840  30.874 0.1000000015
107812  29.914  47.485  29.603 0.1000000015
92383  30.632  47.168  30.102 0.1000000015
92504  24.000  47.424  15.949 0.2000000030
92513  26.179  47.455  15.280 0.2000000030
91133  24.489  45.463  27.708 0.1000000015
91783  23.736  46.100  26.167 0.1000000015
91144  24.049  45.794  26.916 0.1000000015
91787  24.076  46.815  25.812 0.1000000015
92421  23.791  47.096  25.056 0.1000000015
92430  23.492  47.354  24.324 0.1000000015
92979  23.788  47.994  23.922 0.1000000015
92429  24.143  47.764  24.646 0.1000000015
108005  23.190  48.343  22.516 0.1000000015
92989  23.465  48.169  23.216 0.1000000015
92391  29.187  47.727  29.121 0.1000000015
92924  32.438  47.514  30.231 0.1000000015
126992  22.968  48.480  21.891 0.1000000015
92515  24.444  47.884  15.369 0.2000000030
92516  23.778  48.154  15.769 0.2000000030
92514  25.278  47.636  15.191 0.2000000030
91782  24.359  46.532  26.550 0.1000000015
106339  24.652  46.280  27.281 0.1000000015
105927  24.749  47.213  26.157 0.1000000015
92978  24.484  48.428  24.187 0.1000000015
92406  26.988  47.745  27.674 0.1000000015
122846  27.941  47.885  28.240 0.1000000015
92400  28.497  47.834  28.646 0.1000000015
92968  24.887  48.156  24.955 0.1000000015
92419  25.204  47.842  25.721 0.1000000015
92951  26.915  48.021  27.056 0.1000000015
115561  23.388  48.909  17.018 0.2000000030
93055  23.475  48.502  16.403 0.2000000030
92958  26.700  48.374  26.348 0.1000000015
93613  24.042  49.617  15.915 0.2000000030
93070  23.781  48.903  15.791 0.2000000030
93619  24.150  49.252  15.371 0.2000000030
122641  23.032  48.152  17.184 0.2000000030
92524  24.974  48.426  14.737 0.2000000030
93069  24.221  48.638  15.242 0.2000000030
92523  25.887  48.051  14.707 0.2000000030
91132  25.182  45.572  28.455 0.1000000015
91138  24.953  46.129  27.921 0.1000000015
91781  25.009  46.953  26.884 0.1000000015
92940  29.829  48.557  28.179 0.1000000015
92933  30.096  48.153  28.887 0.1000000015
121220  32.650  48.062  29.695 0.1000000015
92390  30.814  47.763  29.520 0.1000000015
112000  25.553  50.165  18.526 0.2000000030
94138  24.679  50.132  17.313 0.2000000030
93598  24.167  49.640  17.857 0.2000000030
92959  25.959  48.126  26.021 0.1000000015
94143  24.494  50.218  16.365 0.2000000030
93606  23.917  49.596  16.901 0.2000000030
122620  24.090  48.597  23.479 0.1000000015
119932  24.366  49.723  15.263 0.2000000030
93033  23.127  48.755  17.818 0.2000000030
93086  24.588  49.293  14.789 0.2000000030
119810  22.917  48.653  18.525 0.2000000030
93085  25.200  49.118  14.369 0.2000000030
93084  25.727  48.731  14.272 0.2000000030
110760  26.410  48.469  14.359 0.2000000030
91291  37.223  45.777  8.985 0.1000000015
91922  36.987  45.990  8.065 0.1000000015
91913  38.176  45.938  9.110 0.2000000030
92948  29.214  48.664  27.715 0.1000000015
92399  29.194  48.226  28.432 0.1000000015
92941  28.468  48.275  27.956 0.1000000015
94132  25.557  50.514  17.784 0.2000000030
92950  27.645  48.139  27.562 0.1000000015
94133  24.897  49.999  18.166 0.2000000030
122784  24.394  49.668  18.562 0.2000000030
94137  25.199  50.699  16.802 0.2000000030
94150  24.542  50.240  15.521 0.2000000030
93607  23.598  49.247  17.631 0.2000000030
94149  24.942  50.806  15.045 0.2000000030
94156  25.211  50.555  14.339 0.2000000030
93628  25.126  49.785  14.269 0.2000000030
93641  26.362  49.804  13.589 0.2000000030
93098  26.379  49.049  13.919 0.2000000030
91921  37.775  46.098  8.248 0.1000000015
91923  36.188  45.818  7.765 0.1000000015
105401  27.750  49.520  25.470 0.1000000015
92949  28.443  48.755  27.080 0.1000000015
93539  27.209  48.966  25.943 0.1000000015
92957  27.488  48.566  26.703 0.1000000015
92967  25.662  48.489  25.288 0.1000000015
118327  25.058  49.852  18.910 0.2000000030
94142  24.995  50.812  15.874 0.2000000030
93599  23.596  49.243  18.584 0.2000000030
93642  25.696  50.213  13.784 0.2000000030
110381  36.169  45.970  6.985 0.2000000030
91933  35.552  45.800  7.165 0.1000000015
94099  27.807  49.977  23.368 0.2000000030
121331  27.522  49.773  24.714 0.1000000015
94088  27.381  49.931  24.056 0.2000000030
93564  26.204  49.673  23.828 0.1000000015
109079  26.684  49.648  24.402 0.1000000015
93550  26.926  49.344  25.218 0.1000000015
93557  25.965  49.376  24.260 0.1000000015
93551  26.157  49.102  24.890 0.1000000015
92966  26.436  48.735  25.623 0.1000000015
120511  24.356  49.075  23.051 0.1000000015
93566  24.779  49.031  23.636 0.1000000015
92977  25.338  48.883  24.425 0.1000000015
93584  25.236  49.744  20.452 0.2000000030
93585  24.417  49.563  20.129 0.2000000030
93586  23.724  49.306  20.643 0.2000000030
93580  23.948  49.312  21.545 0.2000000030
93575  24.221  49.236  22.383 0.1000000015
94131  26.248  50.491  18.507 0.2000000030
94127  25.941  50.041  19.240 0.2000000030
124089  25.828  49.852  19.986 0.2000000030
94128  25.145  49.755  19.666 0.2000000030
93013  22.992  48.868  20.210 0.2000000030
93004  23.095  48.847  21.219 0.2000000030
92999  23.512  48.859  22.069 0.2000000030
93591  24.346  49.590  19.266 0.2000000030
93592  23.631  49.260  19.693 0.2000000030
93023  22.957  48.802  19.278 0.2000000030
94650  25.652  51.297  16.296 0.2000000030
94660  25.700  51.028  13.846 0.3000000119
94167  26.426  50.731  13.390 0.3000000119
94165  28.173  50.345  13.141 0.3000000119
91947  35.706  45.943  6.312 0.2000000030
91934  35.055  45.762  6.683 0.1000000015
91932  36.818  46.068  7.243 0.2000000030
94117  27.025  49.902  21.581 0.1000000015
94122  26.899  49.913  20.786 0.1000000015
94109  28.078  49.913  21.755 0.1000000015
106734  26.268  49.846  21.274 0.1000000015
94110  27.166  49.948  22.590 0.2000000030
94118  25.956  49.837  22.101 0.1000000015
94111  26.095  49.808  23.128 0.2000000030
93578  25.464  49.767  21.237 0.2000000030
108127  25.070  49.515  22.861 0.1000000015
93565  25.542  49.431  23.702 0.1000000015
94123  26.064  49.833  20.620 0.2000000030
93574  24.838  49.604  21.875 0.2000000030
108397  26.704  50.025  19.968 0.2000000030
93579  24.567  49.610  20.998 0.2000000030
115089  25.443  51.246  14.557 0.3000000119
94646  25.986  51.126  17.179 0.2000000030
114394  27.164  50.111  13.331 0.3000000119
94653  25.497  51.424  15.336 0.3000000119
95128  25.917  51.788  14.210 0.3000000119
94658  26.827  51.593  13.207 0.2000000030
95139  26.496  52.105  13.668 0.2000000030
94177  28.860  50.920  12.839 0.2000000030
124591  28.113  51.112  12.792 0.2000000030
94670  27.719  51.846  12.818 0.2000000030
93653  30.811  50.222  12.879 0.2000000030
94175  30.468  50.849  12.746 0.2000000030
94176  29.673  50.860  12.827 0.2000000030
94174  31.262  50.736  12.611 0.2000000030
106205  37.166  46.178  5.785 0.1000000015
91946  36.613  46.093  6.436 0.1000000015
91948  34.864  45.773  5.957 0.1000000015
94116  27.800  49.939  20.979 0.1000000015
128007  27.480  50.072  20.368 0.1000000015
94121  27.688  50.374  19.757 0.1000000015
94126  26.894  50.434  19.159 0.1000000015
94649  26.429  51.708  16.657 0.3000000119
94652  26.050  51.787  15.879 0.3000000119
95127  26.107  52.071  15.085 0.3000000119
94669  28.593  51.645  12.673 0.2000000030
119418  29.273  51.421  12.673 0.2000000030
94173  31.941  50.585  12.272 0.2000000030
94668  29.974  51.537  12.635 0.2000000030
114420  32.194  49.905  12.194 0.2000000030
94667  30.885  51.540  12.663 0.2000000030
122079  32.900  50.707  11.118 0.2000000030
94666  31.890  51.521  12.422 0.2000000030
94665  32.433  51.183  11.952 0.2000000030
95136  32.471  52.360  12.785 0.2000000030
111237  32.771  51.771  11.193 0.2000000030
95142  32.618  51.905  12.147 0.2000000030
106136  36.863  46.092  4.901 0.2000000030
91965  36.294  46.068  5.575 0.2000000030
91966  35.399  45.898  5.306 0.2000000030
91967  34.535  45.652  5.077 0.2000000030
94120  28.280  50.197  20.425 0.1000000015
94634  28.318  50.859  19.406 0.1000000015
94635  27.610  50.774  19.091 0.1000000015
94639  28.061  51.270  18.755 0.1000000015
94640  27.121  50.988  18.407 0.2000000030
94641  26.358  50.921  17.894 0.2000000030
95133  26.493  52.454  14.351 0.2000000030
93650  33.105  48.959  11.952 0.3000000119
95138  27.127  52.389  13.249 0.2000000030
95146  28.370  52.310  12.688 0.2000000030
93664  33.415  49.452  11.379 0.3000000119
93665  32.736  49.637  11.785 0.3000000119
95145  29.240  52.203  12.605 0.2000000030
93663  34.130  49.272  11.095 0.3000000119
93672  33.736  49.940  10.807 0.3000000119
94188  33.071  50.120  11.206 0.3000000119
95144  30.271  52.326  12.640 0.2000000030
93671  34.518  49.840  10.579 0.3000000119
95143  31.345  52.286  12.751 0.2000000030
94197  34.890  50.450  10.110 0.4000000060
94198  34.068  50.525  10.280 0.3000000119
119766  32.709  51.081  11.344 0.2000000030
94686  33.597  51.249  10.193 0.3000000119
95152  32.859  52.475  11.679 0.2000000030
95163  32.777  52.750  10.546 0.3000000119
91987  35.984  45.922  4.649 0.2000000030
91367  34.995  45.600  4.218 0.2000000030
92004  35.750  45.621  3.816 0.2000000030
91368  34.031  45.334  4.241 0.2000000030
92017  33.634  45.885  2.361 0.2000000030
92028  33.972  46.529  1.777 0.2000000030
92602  33.665  47.532  1.726 0.2000000030
92611  34.979  47.288  0.796 0.2000000030
93186  34.522  48.139  0.882 0.2000000030
92620  35.985  47.943  -0.060 0.2000000030
93196  35.788  48.769  -0.190 0.2000000030
93185  35.257  48.235  0.374 0.2000000030
93212  39.147  48.928  -2.213 0.3000000119
93203  38.672  48.229  -1.662 0.3000000119
93211  39.862  48.608  -2.639 0.3000000119
94645  26.838  51.455  17.532 0.2000000030
126452  27.396  52.177  16.983 0.2000000030
95120  26.688  52.255  15.985 0.2000000030
95581  26.877  52.669  13.794 0.2000000030
95593  27.453  53.142  13.602 0.2000000030
93669  36.010  49.674  10.699 0.4000000060
95600  29.600  53.115  12.698 0.2000000030
125141  36.835  49.976  10.733 0.4000000060
109572  36.486  50.374  10.249 0.4000000060
93670  35.240  49.866  10.468 0.4000000060
95599  30.606  53.096  12.816 0.2000000030
94196  35.700  50.351  10.122 0.4000000060
94205  35.383  51.027  9.737 0.4000000060
94694  34.477  51.271  9.787 0.3000000119
95162  33.119  51.954  10.297 0.3000000119
95141  32.989  52.451  12.487 0.2000000030
95604  33.354  52.783  12.378 0.2000000030
111792  35.168  51.717  9.527 0.4000000060
95171  35.496  52.587  9.356 0.3000000119
94695  33.766  52.013  9.739 0.3000000119
95613  32.673  53.102  11.060 0.3000000119
95605  33.007  53.019  11.663 0.2000000030
125040  34.825  53.039  9.325 0.3000000119
95172  34.049  52.920  9.436 0.3000000119
95624  32.926  53.755  9.898 0.3000000119
126174  32.612  53.647  10.523 0.3000000119
105694  36.544  45.855  4.016 0.2000000030
91384  35.084  45.166  3.165 0.2000000030
91385  34.273  45.125  3.386 0.2000000030
124800  33.873  45.074  2.920 0.2000000030
91386  33.535  45.213  3.546 0.2000000030
92003  37.043  45.721  3.447 0.2000000030
106276  34.472  44.980  2.630 0.2000000030
91400  34.042  45.191  2.453 0.2000000030
92005  33.295  45.412  2.994 0.2000000030
91383  36.120  45.336  3.027 0.2000000030
91399  34.693  44.966  2.005 0.2000000030
92016  34.299  45.529  1.863 0.2000000030
92027  34.745  46.218  1.271 0.2000000030
92051  36.544  46.277  0.025 0.2000000030
92609  36.002  46.563  0.310 0.2000000030
92610  35.658  47.293  0.351 0.2000000030
92065  39.655  46.075  -1.721 0.4000000060
92066  38.935  46.378  -1.408 0.3000000119
92629  38.440  47.137  -1.298 0.2000000030
111345  36.888  46.985  -0.369 0.2000000030
92619  36.266  47.146  -0.019 0.2000000030
93202  39.418  48.134  -2.191 0.2000000030
93204  37.860  47.997  -1.097 0.2000000030
95126  26.867  52.719  15.165 0.2000000030
95580  27.100  53.036  14.369 0.2000000030
95147  27.852  52.735  12.910 0.2000000030
95601  28.650  52.991  12.737 0.2000000030
94195  37.328  50.560  10.429 0.4000000060
120313  36.860  50.921  9.922 0.5000000000
95137  31.676  52.950  13.076 0.2000000030
94692  36.753  51.644  9.617 0.5000000000
96080  33.378  53.374  12.035 0.2000000030
95170  36.469  52.711  9.337 0.5000000000
124902  35.963  53.230  9.253 0.5000000000
95622  34.546  53.945  9.235 0.3000000119
95623  33.654  53.842  9.436 0.3000000119
96081  32.616  53.886  11.108 0.3000000119
95620  36.392  54.019  9.187 0.4000000060
95621  35.484  53.863  9.197 0.4000000060
96096  33.276  54.834  9.305 0.3000000119
96095  34.186  54.952  9.018 0.4000000060
96107  33.811  55.665  8.665 0.3000000119
91397  36.180  44.898  1.996 0.2000000030
91398  35.257  44.878  2.311 0.2000000030
91413  34.894  45.259  1.511 0.2000000030
92037  36.092  45.672  0.524 0.2000000030
92026  35.406  45.468  1.055 0.2000000030
91436  38.590  45.124  -0.613 0.3000000119
92050  37.302  45.940  -0.348 0.2000000030
92077  41.141  46.161  -2.613 0.4000000060
92048  39.085  45.544  -1.195 0.3000000119
119561  28.166  53.493  13.225 0.2000000030
125832  37.881  50.540  10.805 0.5000000000
95591  29.955  53.886  13.007 0.2000000030
94691  37.515  51.368  9.904 0.5000000000
94690  38.408  51.951  10.009 0.5000000000
95588  33.441  52.853  13.090 0.2000000030
95169  37.602  52.557  9.496 0.5000000000
96072  34.038  53.125  12.870 0.2000000030
95612  40.588  53.861  10.007 0.6000000238
95617  40.142  54.687  9.482 0.5000000000
120309  37.161  53.695  9.249 0.5000000000
96093  37.255  55.287  8.988 0.5000000000
95627  36.035  55.186  8.880 0.4000000060
96089  40.889  55.137  8.867 0.5000000000
96104  36.464  56.050  8.390 0.4000000060
96094  35.090  55.076  8.929 0.4000000060
96106  34.665  55.806  8.476 0.4000000060
96103  37.411  56.170  8.324 0.5000000000
96105  35.547  55.939  8.425 0.4000000060
109453  34.207  56.063  8.117 0.4000000060
96606  32.959  55.633  9.041 0.3000000119
117268  33.393  55.883  8.290 0.4000000060
96620  32.478  55.952  8.779 0.3000000119
91410  37.200  44.831  0.808 0.2000000030
91412  35.507  44.959  1.569 0.2000000030
91425  36.626  45.041  0.630 0.2000000030
92025  35.974  45.059  0.987 0.2000000030
91423  38.124  44.859  -0.161 0.2000000030
91424  37.378  44.994  0.111 0.2000000030
114200  40.210  44.696  -1.069 0.3000000119
94194  38.110  51.053  10.470 0.5000000000
95161  39.452  52.573  10.298 0.5000000000
95168  38.793  53.110  9.636 0.5000000000
95167  39.869  53.649  9.912 0.5000000000
95618  39.211  54.443  9.412 0.5000000000
95619  38.100  54.047  9.284 0.5000000000
116964  33.873  53.944  12.420 0.1000000015
96092  38.522  55.383  9.073 0.5000000000
122171  38.089  55.998  8.653 0.5000000000
96635  38.318  56.240  8.276 0.5000000000
96099  40.978  55.113  8.235 0.5000000000
96636  37.619  56.197  7.938 0.4000000060
96637  36.664  56.309  7.995 0.4000000060
96619  35.066  56.217  8.008 0.4000000060
96116  34.865  55.711  7.491 0.4000000060
96638  34.415  55.950  7.804 0.4000000060
96640  32.606  55.775  7.974 0.3000000119
96129  35.254  54.968  6.971 0.4000000060
96117  34.125  55.406  7.292 0.4000000060
119892  32.828  55.198  7.382 0.4000000060
96090  40.324  55.445  9.019 0.5000000000
96091  39.528  55.509  9.089 0.5000000000
96102  38.897  56.020  8.636 0.5000000000
96101  39.722  55.957  8.570 0.5000000000
96113  38.673  56.071  7.905 0.5000000000
95631  39.116  55.222  7.452 0.3000000119
95640  34.610  53.789  6.539 0.4000000060
96130  34.541  54.915  6.977 0.4000000060
94719  38.378  51.152  4.775 0.4000000060
96100  40.394  55.568  8.423 0.5000000000
95630  40.174  55.012  7.576 0.5000000000
95635  39.569  54.041  7.101 0.3000000119
95186  38.926  53.018  6.610 0.4000000060
91396  37.065  45.342  2.583 0.2000000030
91422  38.962  44.701  -0.138 0.3000000119
106896  40.018  44.541  -0.486 0.3000000119
92064  40.518  45.672  -2.044 0.3000000119
92628  39.356  47.184  -1.870 0.2000000030
92382  31.401  47.462  30.015 0.1000000015
92381  33.671  47.499  30.817 0.1000000015
92420  24.471  47.490  25.404 0.1000000015
93576  23.782  48.748  22.802 0.1000000015
93627  25.708  49.430  13.951 0.2000000030
92956  28.040  49.184  26.239 0.1000000015
94100  26.856  49.906  23.581 0.2000000030
94659  26.207  51.472  13.593 0.3000000119
94166  27.362  50.942  13.004 0.2000000030
94189  32.541  50.462  11.717 0.2000000030
94199  33.372  50.626  10.693 0.2000000030
94687  33.007  51.228  10.747 0.2000000030
92018  32.886  46.248  2.796 0.2000000030
92601  34.322  47.325  1.308 0.2000000030
93178  33.993  48.097  1.323 0.2000000030
92038  35.463  46.402  0.695 0.2000000030
93194  37.120  47.842  -0.632 0.2000000030
94204  36.185  50.948  9.779 0.4000000060
94693  35.909  51.720  9.511 0.5000000000
120404  34.615  52.210  9.479 0.3000000119
95173  33.260  52.819  9.827 0.3000000119
96097  32.521  54.733  10.091 0.3000000119
92036  36.770  45.473  0.165 0.2000000030
92049  38.232  46.004  -0.909 0.2000000030
95589  32.688  52.981  13.347 0.2000000030
91437  37.902  45.282  -0.392 0.2000000030
91435  39.428  44.872  -0.842 0.2000000030
96618  35.911  56.244  8.085 0.4000000060
96639  33.615  55.766  7.735 0.4000000060
91411  36.384  44.898  1.231 0.2000000030
96115  35.817  55.954  7.630 0.3000000119
96112  39.774  55.906  7.975 0.5000000000
91210  22.163  45.825  19.241 0.1000000015
90114  26.163  44.061  19.950 0.2000000030
112666  27.636  44.199  19.506 0.2000000030
90677  23.543  44.931  19.120 0.1000000015
90661  25.552  44.274  19.623 0.2000000030
90659  26.850  44.167  19.744 0.2000000030
90673  28.078  44.518  18.692 0.2000000030
90672  29.899  44.711  18.348 0.3000000119
110849  28.959  44.546  18.554 0.2000000030
91223  22.873  45.589  18.768 0.1000000015
91222  23.646  45.443  18.367 0.1000000015
111437  24.465  44.940  18.794 0.1000000015
90662  24.250  44.430  19.509 0.2000000030
125697  24.942  44.483  19.385 0.2000000030
90676  25.479  44.746  18.831 0.2000000030
90675  26.338  44.848  18.396 0.2000000030
90674  27.138  44.562  18.797 0.2000000030
90684  27.754  44.894  18.117 0.1000000015
91221  24.300  45.404  18.031 0.2000000030
91220  25.021  45.212  18.079 0.1000000015
117163  27.087  45.087  17.867 0.1000000015
94077  28.406  49.889  24.848 0.1000000015
94075  30.359  49.968  24.942 0.1000000015
94086  30.227  49.972  24.098 0.1000000015
121949  28.176  49.979  24.079 0.1000000015
94074  31.344  50.112  24.943 0.1000000015
94098  28.904  49.936  23.287 0.1000000015
95119  27.484  52.796  16.064 0.1000000015
95104  28.740  51.882  18.485 0.1000000015
95118  28.233  52.803  16.850 0.1000000015
95573  28.521  53.762  15.571 0.1000000015
95579  28.282  53.929  14.584 0.1000000015
95592  28.561  54.069  13.731 0.1000000015
96066  29.441  54.438  13.660 0.1000000015
96065  30.366  54.517  13.533 0.1000000015
96569  30.843  55.181  14.105 0.1000000015
96064  31.331  54.370  13.613 0.1000000015
114609  32.413  53.803  13.759 0.1000000015
96063  33.493  53.290  13.784 0.1000000015
96607  32.329  55.819  9.796 0.2000000030
118859  32.881  54.450  11.591 0.2000000030
96599  32.372  55.115  10.774 0.2000000030
95636  38.445  54.088  6.939 0.2000000030
96114  36.829  55.824  7.520 0.2000000030
97097  31.796  56.325  9.410 0.2000000030
95637  37.400  53.979  6.778 0.2000000030
121720  36.943  54.903  6.967 0.2000000030
95188  36.886  52.887  6.395 0.3000000119
95638  36.478  53.861  6.672 0.3000000119
117973  32.112  56.162  10.386 0.2000000030
97105  31.123  56.121  8.886 0.3000000119
95639  35.582  53.832  6.615 0.3000000119
96621  31.858  55.971  8.530 0.2000000030
94715  37.840  51.575  5.373 0.3000000119
95194  36.410  52.170  5.765 0.3000000119
95189  35.976  52.866  6.288 0.3000000119
96641  31.571  55.369  7.848 0.3000000119
119371  31.143  55.632  8.285 0.3000000119
119953  33.188  53.959  6.531 0.3000000119
96119  31.988  54.850  7.304 0.3000000119
96120  31.058  54.603  7.216 0.3000000119
96622  30.360  55.562  8.385 0.3000000119
96643  29.745  55.079  7.709 0.3000000119
112945  31.043  56.665  9.636 0.3000000119
97106  30.091  56.155  9.196 0.3000000119
96623  29.412  55.583  8.412 0.3000000119
97107  29.037  56.107  9.054 0.3000000119
95187  37.861  52.953  6.504 0.3000000119
90670  31.505  44.238  19.070 0.4000000060
94644  27.774  51.672  17.962 0.1000000015
108987  28.990  53.797  13.021 0.1000000015
124251  27.629  53.494  14.286 0.1000000015
106590  27.937  53.718  13.836 0.1000000015
119574  31.820  53.540  13.418 0.1000000015
95590  30.931  53.797  13.171 0.1000000015
95632  37.865  55.349  7.349 0.2000000030
96118  33.343  54.866  7.065 0.3000000119
90660  26.246  44.434  19.278 0.2000000030
94087  29.180  49.948  24.089 0.1000000015
108804  31.114  50.212  24.124 0.1000000015
112334  28.473  52.352  17.676 0.1000000015
95570  28.229  53.288  16.144 0.1000000015
95574  27.677  53.343  15.171 0.1000000015
96054  29.652  54.758  14.305 0.1000000015
96570  30.044  54.920  13.994 0.1000000015
96128  36.148  55.017  6.960 0.2000000030
95193  37.336  52.110  5.951 0.3000000119
96642  30.646  55.079  7.755 0.3000000119
97088  31.602  56.763  10.235 0.1000000015
96131  33.897  54.359  6.765 0.2000000030
94720  37.425  51.205  4.556 0.2000000030
95190  35.109  52.876  6.169 0.2000000030
95641  33.660  53.300  6.143 0.2000000030
96132  32.455  54.234  6.710 0.2000000030
95195  35.554  52.300  5.587 0.2000000030
94716  36.887  51.621  5.185 0.2000000030
96133  31.486  54.206  6.605 0.2000000030
95191  34.383  52.893  6.010 0.2000000030
95643  31.881  53.747  5.943 0.2000000030
97090  30.149  56.977  10.053 0.2000000030
119332  30.746  54.329  6.558 0.2000000030
95196  34.750  52.480  5.431 0.2000000030
95642  32.740  53.484  6.006 0.2000000030
96134  30.215  54.411  6.165 0.2000000030
96122  29.373  54.907  7.060 0.2000000030
119664  36.476  51.907  2.300 0.2000000030
94731  36.015  51.825  2.917 0.2000000030
112858  29.387  56.571  9.606 0.2000000030
95201  34.422  52.460  4.606 0.2000000030
95197  33.965  52.747  5.353 0.2000000030
94717  36.022  51.825  4.960 0.2000000030
95646  33.145  53.042  5.315 0.2000000030
95644  31.009  54.083  5.850 0.2000000030
96144  29.740  54.752  5.712 0.2000000030
96654  28.917  55.201  6.633 0.2000000030
94721  36.545  51.443  4.325 0.2000000030
94725  37.120  51.036  3.599 0.2000000030
94727  35.657  51.887  3.496 0.2000000030
95205  35.007  52.209  3.863 0.2000000030
121618  33.407  53.217  3.718 0.2000000030
95662  32.567  53.804  3.807 0.2000000030
95210  34.696  52.730  3.159 0.2000000030
95661  34.105  53.130  3.308 0.2000000030
95209  35.375  52.277  3.030 0.2000000030
95208  35.988  52.491  2.425 0.2000000030
95671  35.439  53.221  2.492 0.2000000030
95673  33.831  53.735  3.058 0.2000000030
93759  39.672  49.450  -2.760 0.2000000030
93748  38.442  49.268  -1.775 0.2000000030
95200  35.218  52.108  4.762 0.2000000030
95647  32.347  53.434  5.260 0.2000000030
96143  30.407  54.445  5.419 0.2000000030
94726  36.258  51.507  3.539 0.2000000030
95206  34.164  52.688  3.841 0.2000000030
95663  31.875  54.118  4.076 0.2000000030
96665  31.060  55.455  4.153 0.2000000030
96161  32.900  54.556  3.303 0.2000000030
96162  32.161  54.620  3.685 0.2000000030
95672  34.576  53.550  2.765 0.2000000030
95214  36.631  52.689  1.881 0.2000000030
93760  38.926  49.828  -2.316 0.2000000030
93749  37.689  49.573  -1.396 0.2000000030
95653  32.800  53.226  4.502 0.2000000030
95648  31.585  53.812  5.219 0.2000000030
95202  33.603  52.816  4.526 0.2000000030
95655  31.427  54.137  4.612 0.2000000030
94722  35.749  51.766  4.152 0.2000000030
95654  32.073  53.701  4.560 0.2000000030
96152  30.743  54.698  4.669 0.2000000030
97122  30.077  56.366  4.799 0.2000000030
96670  32.598  55.347  3.376 0.2000000030
96171  34.364  54.429  2.706 0.2000000030
96172  33.615  54.504  2.983 0.2000000030
94283  38.640  50.724  -2.478 0.2000000030
94763  38.221  51.513  -2.679 0.2000000030
96170  35.423  54.437  2.434 0.2000000030
94293  40.308  50.971  -3.885 0.2000000030
95670  36.383  53.398  2.033 0.2000000030
111382  36.200  54.087  2.170 0.2000000030
94762  39.167  51.414  -3.250 0.2000000030
94284  37.815  50.965  -2.063 0.2000000030
95242  38.154  52.512  -3.767 0.2000000030
95228  37.751  52.154  -3.016 0.2000000030
94765  36.519  51.769  -2.254 0.2000000030
96677  34.051  55.102  2.787 0.2000000030
117058  33.164  56.055  3.223 0.2000000030
95689  39.898  53.880  0.348 0.2000000030
95690  39.265  53.900  0.765 0.2000000030
123032  37.885  54.284  1.705 0.2000000030
96176  37.248  54.426  1.959 0.2000000030
96169  36.742  54.993  2.318 0.2000000030
97137  34.155  55.954  2.914 0.2000000030
95697  40.518  53.908  -0.112 0.2000000030
96676  34.877  55.280  2.663 0.2000000030
124992  41.925  51.816  -5.561 0.2000000030
124879  39.854  51.807  -4.026 0.2000000030
94778  38.478  51.997  -3.274 0.2000000030
123054  39.993  52.379  -4.562 0.2000000030
94777  39.124  52.330  -3.967 0.2000000030
95727  39.343  53.569  -5.641 0.2000000030
95259  38.680  52.969  -4.630 0.2000000030
95703  41.784  54.087  -1.161 0.2000000030
117123  40.263  54.373  0.074 0.2000000030
96179  39.752  54.480  0.445 0.2000000030
96180  39.042  54.616  0.887 0.2000000030
96175  38.467  54.506  1.442 0.2000000030
96168  37.865  55.456  2.226 0.2000000030
96675  36.103  55.547  2.579 0.2000000030
95257  41.370  52.571  -5.568 0.2000000030
95279  41.272  53.392  -5.790 0.2000000030
95280  40.349  53.584  -5.799 0.2000000030
96204  41.881  54.613  -1.758 0.2000000030
96193  41.368  54.592  -0.974 0.2000000030
96184  40.209  54.781  -0.117 0.2000000030
96680  38.305  55.731  1.914 0.2000000030
97134  38.064  56.677  3.066 0.2000000030
97135  36.794  56.396  3.009 0.2000000030
97129  34.797  56.889  3.231 0.2000000030
95696  41.195  54.015  -0.597 0.2000000030
96679  38.643  55.075  1.391 0.2000000030
118377  38.237  54.970  1.825 0.2000000030
123528  38.228  56.325  2.565 0.2000000030
97136  35.405  56.187  2.882 0.2000000030
95744  41.855  53.952  -5.806 0.2000000030
96183  40.782  54.507  -0.386 0.2000000030
96185  39.521  54.954  0.289 0.2000000030
96683  38.891  55.117  0.722 0.2000000030
97127  37.460  57.239  3.358 0.1000000015
97128  36.087  57.083  3.284 0.2000000030
108973  34.338  57.498  3.564 0.2000000030
96235  41.946  54.707  -5.263 0.2000000030
96194  40.751  55.028  -0.931 0.2000000030
96690  38.896  55.306  -0.254 0.2000000030
96684  38.461  55.452  1.213 0.1000000015
115364  41.379  54.972  -1.500 0.2000000030
96689  39.769  55.181  -0.627 0.2000000030
97144  38.231  56.099  1.648 0.2000000030
96205  41.514  55.133  -2.395 0.2000000030
96224  41.652  55.395  -4.872 0.2000000030
97585  38.112  57.707  2.041 0.2000000030
108353  37.762  55.849  0.665 0.2000000030
97141  38.215  56.871  1.844 0.2000000030
97145  37.390  56.423  0.927 0.2000000030
97589  37.037  57.155  1.226 0.2000000030
97990  38.085  58.668  2.370 0.2000000030
97991  37.225  59.254  1.860 0.2000000030
94282  39.515  50.384  -2.979 0.2000000030
109844  40.600  52.806  -5.337 0.2000000030
96121  30.117  54.581  7.004 0.2000000030
97089  31.091  57.228  10.320 0.2000000030
97082  32.060  56.619  11.019 0.2000000030
96135  29.536  54.765  6.412 0.2000000030
94270  38.163  50.152  -1.879 0.2000000030
96674  37.444  55.903  2.665 0.2000000030
95258  39.638  52.942  -4.961 0.2000000030
95745  41.009  54.317  -6.071 0.2000000030
97140  38.372  56.630  2.381 0.1000000015
96691  38.220  55.493  0.215 0.2000000030
97584  38.620  57.360  2.618 0.1000000015
98381  38.290  59.712  2.849 0.1000000015
108764  35.842  47.773  -7.798 0.1000000015
92692  36.806  47.289  -8.227 0.1000000015
115000  21.059  44.842  3.994 0.1000000015
115790  20.776  44.755  3.334 0.1000000015
90787  21.276  44.112  4.494 0.1000000015
90790  20.876  44.092  3.634 0.1000000015
90223  21.144  43.292  3.886 0.1000000015
90224  20.677  43.375  3.116 0.1000000015
93799  32.895  49.083  -5.137 0.1000000015
93228  32.428  48.651  -4.704 0.1000000015
89676  20.976  42.569  3.361 0.1000000015
93798  33.427  49.543  -5.581 0.1000000015
93244  33.400  48.692  -5.698 0.1000000015
93245  32.892  48.256  -5.263 0.1000000015
92649  32.419  47.827  -4.780 0.1000000015
93812  33.913  50.007  -6.083 0.1000000015
111525  33.887  49.158  -6.188 0.1000000015
92657  33.413  47.873  -5.749 0.1000000015
92658  32.949  47.452  -5.306 0.1000000015
95728  38.372  53.523  -5.396 0.1000000015
93265  33.899  48.305  -6.228 0.1000000015
112917  34.480  47.867  -6.715 0.1000000015
95729  37.440  53.438  -5.172 0.1000000015
94332  34.346  50.413  -6.514 0.1000000015
93811  34.386  49.674  -6.682 0.1000000015
93264  34.425  48.771  -6.748 0.1000000015
95730  36.571  53.296  -4.994 0.1000000015
123569  35.873  53.094  -4.868 0.1000000015
94816  34.621  51.187  -6.599 0.1000000015
93819  35.036  49.327  -7.425 0.1000000015
93277  35.045  48.292  -7.320 0.1000000015
107522  36.058  46.962  -7.606 0.1000000015
95750  36.247  53.427  -5.803 0.1000000015
119742  35.544  53.062  -5.998 0.1000000015
95289  35.412  52.640  -6.540 0.1000000015
95290  34.816  51.988  -6.360 0.1000000015
94337  34.849  50.433  -7.162 0.1000000015
93818  35.702  49.370  -8.164 0.1000000015
125052  34.983  51.161  -7.142 0.1000000015
93276  35.699  48.626  -7.985 0.1000000015
93285  36.610  48.114  -8.433 0.1000000015
95294  35.979  52.943  -7.513 0.1000000015
94815  35.227  51.907  -7.073 0.1000000015
94821  35.457  51.217  -7.757 0.1000000015
94336  35.497  50.157  -7.971 0.1000000015
93826  36.252  49.852  -8.742 0.1000000015
92119  36.223  46.188  -7.349 0.1000000015
92118  37.097  46.456  -7.992 0.1000000015
90754  26.541  44.160  8.057 0.1000000015
90755  25.489  44.186  8.223 0.1000000015
90757  23.786  44.031  8.231 0.1000000015
90770  23.367  44.491  7.606 0.1000000015
91335  22.379  45.245  6.225 0.1000000015
91355  22.121  45.784  5.502 0.1000000015
92588  22.657  47.518  3.089 0.1000000015
91993  22.123  46.869  4.465 0.1000000015
91372  21.374  45.553  4.321 0.1000000015
93188  26.131  48.507  0.755 0.1000000015
93189  25.362  47.999  0.854 0.1000000015
92595  23.425  47.826  2.607 0.1000000015
92019  22.050  47.008  2.570 0.1000000015
91388  21.055  45.552  3.405 0.1000000015
93206  28.647  48.125  -1.281 0.1000000015
92621  28.187  48.557  -0.711 0.1000000015
93198  26.534  48.041  -0.072 0.1000000015
92612  24.731  47.639  0.975 0.1000000015
92596  22.813  47.374  2.133 0.1000000015
92010  21.458  46.404  3.006 0.1000000015
93214  29.809  48.089  -2.201 0.1000000015
92630  29.162  47.660  -1.770 0.1000000015
116381  27.958  47.757  -0.963 0.1000000015
92623  26.336  47.289  -0.298 0.1000000015
92613  24.007  47.274  0.988 0.1000000015
92042  22.632  46.537  0.816 0.1000000015
91401  21.069  45.719  2.427 0.1000000015
91389  20.681  44.997  2.663 0.1000000015
93777  31.951  49.615  -3.907 0.1000000015
93221  31.582  48.927  -3.778 0.1000000015
93222  30.782  48.061  -3.185 0.1000000015
92052  26.961  46.820  -0.740 0.1000000015
92039  25.006  46.831  0.125 0.1000000015
92041  23.474  46.728  0.605 0.1000000015
92031  21.873  46.224  1.150 0.1000000015
91402  20.758  45.119  1.821 0.1000000015
113642  32.042  48.991  -4.254 0.1000000015
93229  31.910  48.318  -4.263 0.1000000015
92638  30.337  47.602  -2.760 0.1000000015
92639  29.717  47.143  -2.262 0.1000000015
90226  20.370  43.575  2.320 0.1000000015
94327  32.958  49.902  -4.913 0.1000000015
92650  31.796  47.357  -4.206 0.1000000015
92647  30.992  47.210  -3.420 0.1000000015
92085  32.525  46.967  -4.847 0.1000000015
94325  34.073  50.837  -6.006 0.1000000015
92093  33.484  47.089  -5.722 0.1000000015
92094  33.072  46.756  -5.305 0.1000000015
95243  37.307  52.603  -3.604 0.1000000015
95721  37.759  52.997  -4.416 0.1000000015
92101  33.945  47.467  -6.209 0.1000000015
95748  38.178  54.069  -6.310 0.1000000015
96240  38.010  54.825  -7.112 0.1000000015
95749  37.226  53.806  -6.060 0.1000000015
95722  36.901  53.012  -4.266 0.1000000015
94809  34.375  51.633  -5.887 0.1000000015
110663  35.327  46.116  -6.772 0.1000000015
110841  34.640  46.915  -6.630 0.1000000015
110670  37.207  54.345  -7.027 0.1000000015
95281  35.378  52.926  -5.239 0.1000000015
95282  34.881  52.411  -5.719 0.1000000015
95758  37.374  54.813  -8.149 0.1000000015
95759  36.364  53.593  -6.979 0.1000000015
95765  36.935  54.091  -8.302 0.1000000015
95302  36.637  53.273  -8.677 0.1000000015
94828  36.215  51.987  -8.641 0.1000000015
94344  36.106  50.870  -8.695 0.1000000015
109141  36.455  48.953  -8.656 0.1000000015
91485  36.190  45.432  -6.978 0.1000000015
94827  36.894  51.688  -9.590 0.1000000015
94343  36.974  50.514  -9.632 0.1000000015
93284  37.566  48.426  -9.232 0.1000000015
110749  37.498  47.653  -8.770 0.1000000015
91484  37.024  44.813  -7.195 0.1000000015
91310  27.760  44.843  6.984 0.1000000015
111094  26.682  44.927  7.185 0.1000000015
111461  25.760  44.742  7.612 0.1000000015
90768  24.913  44.676  7.776 0.1000000015
91331  27.234  45.610  6.390 0.1000000015
91332  26.210  45.726  6.658 0.1000000015
91311  25.819  45.305  7.137 0.1000000015
91312  25.120  45.218  7.284 0.1000000015
90769  24.114  44.627  7.767 0.1000000015
91314  23.701  45.212  7.134 0.1000000015
91352  30.488  45.130  5.525 0.1000000015
91353  29.636  45.391  5.692 0.1000000015
91313  24.452  45.084  7.390 0.1000000015
91954  23.691  45.996  6.406 0.1000000015
91370  31.762  45.217  4.725 0.1000000015
91968  30.093  45.858  5.138 0.1000000015
109653  23.077  45.521  6.590 0.1000000015
105882  33.153  45.262  4.402 0.1000000015
91988  32.090  45.486  4.044 0.1000000015
91989  31.513  45.625  4.347 0.1000000015
127471  23.362  46.359  5.948 0.1000000015
121535  23.132  46.703  5.544 0.1000000015
91387  32.809  45.352  3.746 0.1000000015
92577  23.493  47.714  4.456 0.1000000015
92578  22.649  47.506  4.051 0.1000000015
106571  25.399  48.643  1.950 0.1000000015
93160  24.093  48.258  3.010 0.1000000015
93730  26.947  48.756  0.190 0.1000000015
113787  25.518  48.412  1.315 0.1000000015
93183  24.864  48.169  1.569 0.1000000015
93205  29.348  48.527  -1.598 0.1000000015
93753  28.928  48.904  -0.981 0.1000000015
107483  30.715  49.539  -2.484 0.1000000015
93761  29.997  49.003  -2.001 0.1000000015
93776  32.440  49.428  -4.523 0.1000000015
93768  31.020  48.815  -3.187 0.1000000015
92632  27.751  46.937  -1.076 0.1000000015
92053  26.198  46.584  -0.516 0.1000000015
92055  24.601  46.218  -0.207 0.1000000015
91426  23.101  46.177  0.159 0.1000000015
91415  21.011  45.166  0.995 0.1000000015
90802  20.586  44.491  1.251 0.1000000015
92067  29.034  46.738  -1.799 0.1000000015
92069  27.479  46.138  -1.151 0.1000000015
92054  25.482  46.391  -0.359 0.1000000015
92056  23.745  45.857  -0.332 0.1000000015
109618  21.532  45.660  0.826 0.1000000015
92078  30.348  46.548  -2.786 0.1000000015
92079  29.627  46.181  -2.221 0.1000000015
92068  28.300  46.364  -1.413 0.1000000015
94326  33.524  50.489  -5.358 0.1000000015
92081  31.504  46.587  -3.849 0.1000000015
122075  33.471  51.255  -4.692 0.1000000015
92092  33.996  46.751  -6.118 0.1000000015
91470  32.118  46.382  -4.364 0.1000000015
95747  39.159  54.281  -6.408 0.1000000015
94810  33.909  51.304  -5.360 0.1000000015
91477  32.869  46.069  -4.945 0.1000000015
96239  39.012  55.281  -7.141 0.1000000015
95260  36.096  52.904  -4.226 0.1000000015
94793  34.308  51.953  -5.102 0.1000000015
127196  33.892  51.590  -4.903 0.1000000015
122218  34.466  46.105  -6.233 0.1000000015
127323  33.639  46.227  -5.619 0.1000000015
124345  34.814  52.516  -4.953 0.1000000015
95764  37.400  55.286  -9.075 0.1000000015
91486  35.196  45.371  -6.383 0.1000000015
95771  37.350  54.706  -9.387 0.1000000015
93844  38.446  49.426  -11.027 0.1000000015
93290  38.384  48.321  -9.946 0.1000000015
92715  38.449  47.474  -10.003 0.1000000015
92145  38.368  46.549  -9.660 0.1000000015
91541  37.932  46.024  -10.135 0.1000000015
90852  35.062  44.702  -6.024 0.1000000015
113857  37.056  52.911  -9.583 0.1000000015
94834  37.648  52.587  -10.347 0.1000000015
94361  38.035  51.482  -10.772 0.1000000015
94360  38.467  50.316  -11.036 0.1000000015
93835  38.116  49.074  -10.005 0.1000000015
92704  38.147  47.570  -9.384 0.1000000015
92132  38.449  46.275  -9.041 0.1000000015
105669  38.058  54.520  -11.267 0.1000000015
95311  38.001  53.859  -10.639 0.1000000015
94844  38.251  52.922  -11.101 0.1000000015
94843  38.441  52.580  -11.687 0.1000000015
90860  38.073  44.447  -7.780 0.1000000015
90851  36.091  44.612  -6.522 0.1000000015
90850  37.288  44.065  -6.966 0.1000000015
90273  37.417  43.195  -6.589 0.1000000015
90267  37.104  42.569  -6.068 0.1000000015
91330  28.269  45.277  6.354 0.1000000015
91949  27.971  45.970  5.860 0.1000000015
91951  26.507  46.270  6.062 0.1000000015
91333  25.327  45.783  6.770 0.1000000015
91334  24.482  45.628  6.901 0.1000000015
91969  29.281  46.165  5.344 0.1000000015
91970  28.467  46.405  5.448 0.1000000015
91971  27.282  46.935  5.283 0.1000000015
91952  25.678  46.322  6.239 0.1000000015
121223  25.319  46.858  5.719 0.1000000015
91953  24.678  46.348  6.227 0.1000000015
110929  31.113  46.042  4.344 0.1000000015
91990  30.494  46.311  4.595 0.1000000015
91992  28.906  46.936  5.027 0.1000000015
92561  27.997  47.110  5.080 0.1000000015
92575  25.490  47.817  4.760 0.1000000015
91973  24.507  47.048  5.521 0.1000000015
91974  23.828  46.632  5.822 0.1000000015
92007  31.671  46.175  3.860 0.1000000015
92008  30.947  46.747  4.117 0.1000000015
93146  25.090  48.260  4.151 0.1000000015
92576  24.493  47.726  4.798 0.1000000015
92006  32.489  45.822  3.445 0.1000000015
122450  32.180  46.704  3.242 0.1000000015
93709  27.558  49.510  2.398 0.1000000015
93698  26.284  49.021  2.786 0.1000000015
93159  24.862  48.466  3.347 0.1000000015
93147  24.197  48.179  3.924 0.1000000015
93721  27.239  49.517  1.452 0.1000000015
93710  26.734  49.247  2.246 0.1000000015
93170  25.553  48.768  2.834 0.1000000015
93171  24.795  48.447  2.466 0.1000000015
123548  29.498  50.068  -0.313 0.1000000015
106871  28.195  49.603  0.242 0.1000000015
93731  26.783  49.112  0.834 0.1000000015
93182  25.879  48.732  1.507 0.1000000015
93751  30.225  49.845  -1.634 0.1000000015
94276  29.851  50.020  -0.899 0.1000000015
93742  27.739  49.004  -0.144 0.1000000015
94285  31.380  50.431  -2.560 0.1000000015
94286  30.789  50.278  -1.917 0.1000000015
94294  32.394  50.857  -3.574 0.1000000015
94295  31.911  50.341  -3.409 0.1000000015
93767  31.400  49.634  -3.239 0.1000000015
94779  33.405  51.635  -3.905 0.1000000015
94780  32.787  51.423  -3.257 0.1000000015
94306  32.475  50.283  -4.168 0.1000000015
94794  32.886  51.053  -4.059 0.1000000015
121523  33.048  50.605  -4.646 0.1000000015
95231  35.169  52.225  -2.918 0.1000000015
95247  34.044  52.099  -3.751 0.1000000015
124934  30.568  45.886  -2.933 0.1000000015
95263  33.911  51.839  -4.459 0.1000000015
92082  31.022  46.096  -3.341 0.1000000015
95746  40.099  54.419  -6.299 0.1000000015
95229  36.919  52.234  -2.885 0.1000000015
95230  36.048  52.242  -2.871 0.1000000015
95245  35.631  52.546  -3.568 0.1000000015
95246  34.811  52.388  -3.638 0.1000000015
91465  31.697  45.806  -3.877 0.1000000015
95244  36.472  52.606  -3.540 0.1000000015
95262  34.495  52.320  -4.364 0.1000000015
91468  33.069  45.129  -4.722 0.1000000015
127029  33.487  45.501  -5.243 0.1000000015
95261  35.283  52.711  -4.369 0.1000000015
91476  34.275  45.286  -5.730 0.1000000015
123497  36.335  49.141  -12.496 0.1000000015
92738  37.656  48.033  -11.417 0.1000000015
113836  36.606  47.476  -11.685 0.1000000015
92728  36.061  46.786  -11.570 0.1000000015
92159  35.941  45.984  -11.233 0.1000000015
90843  33.744  44.782  -5.131 0.1000000015
94372  37.946  51.057  -12.207 0.1000000015
117761  38.299  50.279  -11.625 0.1000000015
93853  38.098  49.474  -11.675 0.1000000015
92726  38.209  47.602  -10.700 0.1000000015
92157  38.101  46.865  -10.406 0.1000000015
92158  37.066  46.375  -10.884 0.1000000015
90842  34.484  44.311  -5.429 0.1000000015
96285  37.178  55.329  -9.673 0.1000000015
95783  37.595  54.932  -10.413 0.1000000015
95319  38.311  53.634  -11.649 0.1000000015
95318  38.388  53.074  -12.025 0.1000000015
94852  38.159  52.300  -12.173 0.1000000015
94371  38.388  51.354  -11.652 0.1000000015
91530  37.775  45.170  -9.763 0.1000000015
90841  35.493  43.995  -5.912 0.1000000015
90311  38.174  43.803  -8.774 0.1000000015
90882  38.354  44.433  -8.523 0.1000000015
90274  36.466  43.807  -6.350 0.1000000015
90849  38.200  43.490  -7.431 0.1000000015
90268  36.149  43.102  -5.803 0.1000000015
89726  35.319  42.548  -5.120 0.1000000015
90278  38.519  42.941  -7.757 0.1000000015
89729  37.847  42.469  -6.491 0.1000000015
89725  36.493  42.033  -5.490 0.1000000015
92573  27.688  47.767  4.601 0.1000000015
92562  27.307  47.418  4.900 0.1000000015
91972  26.626  46.816  5.513 0.1000000015
126586  26.020  46.736  5.782 0.1000000015
92571  29.361  47.435  4.511 0.1000000015
92572  28.504  47.624  4.607 0.1000000015
93142  28.111  48.245  4.188 0.1000000015
92574  26.223  47.752  4.769 0.1000000015
92594  31.925  47.652  3.017 0.1000000015
92585  30.676  47.600  3.810 0.1000000015
93153  30.388  48.443  3.441 0.1000000015
93154  29.460  48.774  3.475 0.1000000015
93155  28.489  48.775  3.632 0.1000000015
93143  27.420  48.248  4.211 0.1000000015
93156  27.628  48.730  3.726 0.1000000015
93145  26.031  48.294  4.218 0.1000000015
92593  32.612  47.249  2.658 0.1000000015
92584  31.442  47.162  3.573 0.1000000015
93167  32.348  48.147  2.479 0.1000000015
93169  30.931  48.889  2.905 0.1000000015
93696  30.149  49.198  2.990 0.1000000015
108175  29.870  49.718  2.508 0.1000000015
125235  29.502  49.388  2.919 0.1000000015
93697  27.968  49.278  3.126 0.1000000015
93157  26.849  48.551  3.914 0.1000000015
93166  33.017  47.838  2.127 0.1000000015
93704  32.082  48.856  2.287 0.1000000015
93717  32.130  49.520  1.737 0.1000000015
93706  30.601  49.609  2.380 0.1000000015
124685  30.125  49.956  2.163 0.1000000015
94235  29.619  50.109  1.885 0.1000000015
94236  28.827  50.014  1.876 0.1000000015
93720  28.078  49.857  1.768 0.1000000015
93179  33.403  48.407  1.584 0.1000000015
93180  32.691  48.696  1.954 0.1000000015
93716  33.068  49.261  1.363 0.1000000015
94240  31.668  50.265  1.107 0.1000000015
94241  30.770  50.432  1.120 0.1000000015
94242  29.930  50.424  1.144 0.1000000015
94253  29.494  50.300  0.395 0.1000000015
94244  28.557  50.032  1.313 0.1000000015
117471  34.654  48.825  0.546 0.1000000015
93727  33.480  49.788  0.687 0.1000000015
94250  32.074  50.551  0.352 0.1000000015
94263  31.609  50.846  -0.324 0.1000000015
94747  31.290  50.971  -0.976 0.1000000015
94265  30.058  50.460  -0.324 0.1000000015
93725  35.136  49.150  0.123 0.1000000015
93739  34.545  50.298  -0.269 0.1000000015
118588  34.006  50.745  -0.486 0.1000000015
94262  32.435  50.844  -0.376 0.1000000015
94746  31.993  51.138  -0.959 0.1000000015
94274  31.220  50.792  -1.718 0.1000000015
93195  36.495  48.411  -0.452 0.1000000015
93738  35.612  49.571  -0.362 0.1000000015
94260  34.681  50.956  -0.882 0.1000000015
94744  33.682  51.182  -1.033 0.1000000015
94769  32.493  51.405  -2.419 0.1000000015
113978  37.990  48.800  -1.361 0.1000000015
93736  37.217  48.846  -0.921 0.1000000015
93737  36.361  49.281  -0.603 0.1000000015
94258  36.093  50.118  -0.748 0.1000000015
94273  35.676  50.832  -1.048 0.1000000015
94755  34.196  51.494  -1.672 0.1000000015
106104  33.817  51.765  -2.455 0.1000000015
94768  33.124  51.651  -2.634 0.1000000015
94781  32.063  50.991  -2.920 0.1000000015
93750  36.915  49.851  -1.007 0.1000000015
94272  36.538  50.637  -1.259 0.1000000015
94753  36.109  51.307  -1.637 0.1000000015
117534  33.551  51.838  -3.171 0.1000000015
94271  37.366  50.416  -1.524 0.1000000015
94752  36.987  51.170  -1.777 0.1000000015
94754  35.178  51.402  -1.595 0.1000000015
94767  34.701  51.825  -2.318 0.1000000015
95232  34.324  52.087  -3.026 0.1000000015
91460  30.181  45.642  -2.589 0.1000000015
91461  29.504  45.170  -2.197 0.1000000015
94764  37.384  51.662  -2.388 0.1000000015
94766  35.618  51.823  -2.240 0.1000000015
128020  31.372  45.313  -3.449 0.1000000015
91464  31.918  44.992  -3.807 0.1000000015
96238  39.910  55.362  -6.783 0.1000000015
90837  32.585  44.636  -4.174 0.1000000015
90836  33.381  44.233  -4.575 0.1000000015
90831  32.117  44.281  -3.698 0.1000000015
96253  38.523  55.835  -7.613 0.1000000015
96254  37.900  55.644  -7.986 0.1000000015
93855  35.242  48.890  -12.867 0.1000000015
92739  35.583  47.530  -12.109 0.1000000015
114741  35.165  46.939  -11.898 0.1000000015
90265  32.698  43.717  -3.938 0.1000000015
93862  36.759  50.698  -12.589 0.1000000015
93863  35.955  49.760  -12.779 0.1000000015
93856  34.177  48.786  -13.051 0.1000000015
93307  33.897  48.129  -12.420 0.1000000015
92729  34.618  46.913  -11.484 0.1000000015
112462  35.281  46.471  -11.541 0.1000000015
90835  34.105  43.746  -4.877 0.1000000015
118679  37.487  54.594  -11.188 0.1000000015
94853  37.126  52.356  -12.402 0.1000000015
94866  36.180  51.358  -12.684 0.1000000015
93864  34.722  49.571  -13.194 0.1000000015
92730  33.877  47.317  -11.008 0.1000000015
91543  35.740  45.445  -10.701 0.1000000015
90264  33.537  43.316  -4.360 0.1000000015
95331  36.711  53.139  -12.117 0.1000000015
94854  35.721  51.938  -12.565 0.1000000015
90263  34.373  42.934  -4.711 0.1000000015
90312  37.290  43.957  -9.374 0.1000000015
91531  36.537  44.940  -10.219 0.1000000015
90298  37.308  43.246  -8.903 0.1000000015
90297  38.279  43.099  -8.378 0.1000000015
89746  38.356  42.451  -8.086 0.1000000015
89732  38.435  42.063  -7.451 0.1000000015
89720  35.466  41.666  -4.944 0.1000000015
89723  38.372  41.860  -6.730 0.1000000015
89724  37.618  41.942  -6.068 0.1000000015
89189  37.404  41.225  -5.679 0.1000000015
89190  36.357  41.032  -5.231 0.1000000015
96236  41.456  54.974  -5.751 0.1000000015
96727  40.727  56.481  -5.516 0.1000000015
90832  31.415  44.459  -3.290 0.1000000015
96735  40.368  56.375  -6.379 0.1000000015
109322  31.917  43.642  -3.435 0.1000000015
90244  31.123  43.584  -3.070 0.1000000015
96748  37.579  56.409  -8.068 0.1000000015
96263  37.458  55.868  -8.722 0.1000000015
111441  32.718  51.065  -13.367 0.1000000015
93865  33.617  49.662  -13.340 0.1000000015
93857  33.331  48.994  -12.850 0.1000000015
93298  32.870  48.574  -10.842 0.1000000015
96286  36.796  55.158  -10.008 0.1000000015
95332  35.115  52.257  -12.017 0.1000000015
94867  34.706  51.008  -13.082 0.1000000015
119470  34.354  50.215  -13.338 0.1000000015
92161  34.203  46.623  -10.633 0.1000000015
90258  32.969  42.858  -3.927 0.1000000015
95784  36.482  54.540  -10.534 0.1000000015
92160  34.986  46.082  -10.989 0.1000000015
90897  36.161  44.339  -9.711 0.1000000015
91532  35.519  45.070  -10.078 0.1000000015
123069  34.028  41.730  -4.398 0.1000000015
125239  33.036  42.232  -3.963 0.1000000015
89721  34.594  42.111  -4.618 0.1000000015
89748  36.756  42.676  -8.587 0.1000000015
121706  36.402  43.729  -9.225 0.1000000015
90898  35.093  44.753  -9.420 0.1000000015
107025  33.839  41.074  -4.466 0.1000000015
88619  34.762  40.476  -4.791 0.1000000015
88618  35.446  40.908  -4.887 0.1000000015
89197  37.986  41.533  -7.926 0.1000000015
89193  38.603  41.447  -7.077 0.1000000015
96225  41.235  55.797  -5.461 0.1000000015
96252  39.006  56.417  -7.483 0.1000000015
112148  30.334  43.539  -2.726 0.1000000015
96747  38.332  56.767  -7.828 0.1000000015
89693  29.928  42.938  -2.835 0.1000000015
94362  31.802  50.011  -11.261 0.1000000015
93846  31.858  49.700  -10.344 0.1000000015
93836  32.343  49.086  -10.293 0.1000000015
93291  32.471  48.399  -9.689 0.1000000015
90259  32.362  43.083  -3.604 0.1000000015
90245  30.762  42.901  -3.056 0.1000000015
96270  36.986  55.698  -9.073 0.1000000015
93866  32.786  49.767  -13.094 0.1000000015
93858  32.725  49.331  -12.446 0.1000000015
93845  32.412  49.353  -11.356 0.1000000015
92731  33.203  47.821  -10.411 0.1000000015
92716  33.545  47.113  -10.078 0.1000000015
116073  31.106  42.363  -3.392 0.1000000015
111762  30.298  42.331  -3.382 0.1000000015
94855  34.303  51.531  -12.755 0.1000000015
115095  33.638  51.103  -13.233 0.1000000015
89706  31.658  42.820  -3.365 0.1000000015
95794  35.311  53.472  -10.797 0.1000000015
95333  33.734  52.128  -12.382 0.1000000015
91533  34.723  45.404  -9.772 0.1000000015
89156  31.795  41.924  -3.674 0.1000000015
89157  30.906  41.872  -3.679 0.1000000015
95321  34.413  52.624  -11.334 0.1000000015
89155  32.675  41.787  -3.961 0.1000000015
125648  30.346  41.891  -3.769 0.1000000015
90883  35.485  44.086  -9.029 0.1000000015
89176  31.288  41.330  -4.148 0.1000000015
89177  30.444  41.509  -4.142 0.1000000015
90299  35.863  43.280  -8.684 0.1000000015
89175  32.298  41.158  -4.254 0.1000000015
88622  31.555  40.656  -4.664 0.1000000015
88623  30.627  40.884  -4.658 0.1000000015
89733  36.894  42.004  -8.229 0.1000000015
88620  33.147  40.703  -4.526 0.1000000015
88654  38.310  40.513  -7.353 0.1000000015
88637  37.294  40.283  -5.521 0.1000000015
88638  36.058  40.074  -5.121 0.1000000015
124503  34.452  40.000  -4.901 0.1000000015
96736  39.702  56.700  -6.917 0.1000000015
96271  36.370  55.379  -9.415 0.1000000015
94373  32.092  50.049  -12.408 0.1000000015
94351  31.298  50.047  -9.401 0.1000000015
94384  31.785  51.415  -13.324 0.1000000015
96287  35.665  54.762  -9.678 0.1000000015
94856  33.087  51.701  -13.152 0.1000000015
95320  35.634  53.076  -11.491 0.1000000015
89158  29.660  41.819  -3.957 0.1000000015
92147  33.769  46.440  -9.746 0.1000000015
88624  29.770  41.145  -4.608 0.1000000015
115417  29.134  40.802  -4.972 0.1000000015
88642  29.826  40.429  -5.239 0.1000000015
88650  38.521  40.170  -6.696 0.1000000015
88091  37.230  39.248  -5.531 0.1000000015
88621  32.448  40.366  -4.747 0.1000000015
88641  30.865  40.210  -5.165 0.1000000015
88639  35.073  39.662  -5.070 0.1000000015
88080  34.156  39.547  -5.059 0.1000000015
121600  38.791  57.340  -6.993 0.1000000015
96760  36.825  56.236  -8.343 0.1000000015
116691  35.003  55.016  -8.825 0.1000000015
95772  34.232  54.163  -9.225 0.1000000015
94374  31.530  50.901  -12.820 0.1000000015
94363  30.926  51.128  -10.934 0.1000000015
108774  31.371  50.418  -10.533 0.1000000015
95795  33.862  53.063  -10.540 0.1000000015
95334  32.690  52.543  -12.982 0.1000000015
94869  31.357  52.101  -13.366 0.1000000015
94352  30.897  50.896  -9.795 0.1000000015
95322  33.233  52.786  -11.690 0.1000000015
89179  27.966  41.316  -4.505 0.1000000015
88626  27.389  40.720  -5.114 0.1000000015
88644  27.993  40.333  -5.552 0.1000000015
88655  37.478  40.447  -7.610 0.1000000015
88081  33.271  39.995  -4.905 0.1000000015
88095  32.566  39.664  -5.193 0.1000000015
88643  28.824  40.348  -5.437 0.1000000015
114643  38.375  39.596  -7.026 0.1000000015
111749  33.333  39.267  -5.273 0.1000000015
109837  31.142  39.629  -5.520 0.1000000015
88093  35.048  38.817  -5.308 0.1000000015
88094  34.105  38.662  -5.389 0.1000000015
127090  32.671  39.055  -5.515 0.1000000015
88096  31.858  39.219  -5.617 0.1000000015
97195  39.138  57.598  -6.022 0.1000000015
123670  37.633  56.991  -7.575 0.1000000015
97227  36.219  56.582  -7.474 0.1000000015
96761  35.628  56.093  -7.932 0.1000000015
96772  36.025  55.770  -8.758 0.1000000015
96773  35.029  55.534  -8.218 0.1000000015
94857  31.115  51.657  -13.046 0.1000000015
94868  32.021  52.135  -13.406 0.1000000015
95805  31.903  53.147  -13.354 0.1000000015
88645  26.674  40.215  -5.502 0.1000000015
88108  38.364  39.101  -6.597 0.1000000015
87548  37.154  38.222  -5.732 0.1000000015
88098  29.261  39.794  -5.816 0.1000000015
87549  36.061  38.013  -5.596 0.1000000015
88097  30.269  39.629  -5.743 0.1000000015
87551  34.032  37.795  -5.755 0.1000000015
87552  32.388  38.516  -5.874 0.1000000015
96717  41.040  56.069  -4.396 0.1000000015
113321  40.037  57.208  -5.741 0.1000000015
96737  38.168  57.760  -6.116 0.1000000015
126662  36.585  56.898  -7.174 0.1000000015
96272  33.607  54.495  -8.546 0.1000000015
95773  33.106  54.029  -9.164 0.1000000015
94845  30.970  51.309  -12.135 0.1000000015
95787  32.747  53.855  -9.854 0.1000000015
111001  32.482  53.318  -12.368 0.1000000015
95796  32.799  53.432  -10.823 0.1000000015
119605  27.327  40.159  -5.659 0.1000000015
88099  28.386  39.875  -5.923 0.1000000015
119604  26.154  39.759  -5.763 0.1000000015
89198  36.596  41.201  -7.730 0.1000000015
112962  37.966  39.607  -7.382 0.1000000015
87560  31.541  38.541  -6.159 0.1000000015
127806  30.275  39.025  -6.226 0.1000000015
88111  28.706  39.317  -6.309 0.1000000015
87570  37.861  38.072  -7.049 0.1000000015
86991  35.962  37.078  -5.912 0.1000000015
86999  37.487  37.031  -6.694 0.1000000015
86993  33.017  37.721  -6.151 0.1000000015
87001  35.625  36.290  -6.365 0.1000000015
87002  34.175  36.770  -6.310 0.1000000015
96728  39.238  57.375  -4.943 0.1000000015
97211  36.952  57.254  -6.910 0.1000000015
97212  35.925  56.941  -6.655 0.1000000015
97228  35.092  56.405  -6.954 0.1000000015
96265  32.936  54.864  -7.963 0.1000000015
95797  32.224  53.968  -11.737 0.1000000015
95806  31.848  54.013  -13.011 0.1000000015
88101  26.915  39.537  -6.102 0.1000000015
90300  34.911  43.802  -8.507 0.1000000015
90279  35.803  42.513  -8.130 0.1000000015
88110  29.567  39.190  -6.252 0.1000000015
88118  37.400  38.732  -7.409 0.1000000015
87561  30.702  38.527  -6.465 0.1000000015
88112  27.855  39.416  -6.317 0.1000000015
88656  36.155  40.333  -7.546 0.1000000015
108885  37.037  39.665  -7.548 0.1000000015
86998  37.819  37.414  -6.910 0.1000000015
87000  36.876  36.415  -6.676 0.1000000015
110813  33.119  36.892  -6.619 0.1000000015
87003  32.269  37.332  -6.686 0.1000000015
87004  31.304  37.813  -6.749 0.1000000015
88119  36.040  39.301  -7.584 0.1000000015
125666  36.654  38.421  -7.623 0.1000000015
87014  32.622  36.467  -7.135 0.1000000015
87015  31.648  36.932  -7.272 0.1000000015
115991  36.981  36.361  -7.840 0.1000000015
87012  36.985  35.995  -7.466 0.1000000015
86445  35.061  35.638  -6.949 0.1000000015
87013  33.733  36.024  -6.977 0.1000000015
96553  34.726  54.356  14.706 0.1000000015
97074  33.526  55.928  12.361 0.1000000015
96579  34.270  54.757  12.716 0.1000000015
96590  32.482  55.649  11.296 0.1000000015
108021  36.311  57.428  -4.955 0.1000000015
97187  35.175  57.324  -5.007 0.1000000015
97196  37.168  57.620  -6.048 0.1000000015
97197  36.131  57.377  -5.915 0.1000000015
126694  35.169  56.778  -6.364 0.1000000015
106215  34.370  56.646  -6.074 0.1000000015
96273  32.637  54.520  -8.704 0.1000000015
96763  33.336  55.376  -7.343 0.1000000015
96749  33.835  55.987  -6.730 0.1000000015
96288  32.467  54.318  -9.525 0.1000000015
96294  32.065  54.550  -11.319 0.1000000015
96289  32.023  54.803  -10.200 0.1000000015
96293  32.357  54.091  -10.478 0.1000000015
95812  31.296  53.729  -13.393 0.1000000015
95335  30.397  52.437  -12.080 0.1000000015
96303  31.816  54.750  -12.474 0.1000000015
90884  34.572  44.468  -8.725 0.1000000015
88113  25.916  39.132  -6.162 0.1000000015
118363  26.489  38.641  -6.573 0.1000000015
90862  32.175  44.075  -7.552 0.1000000015
90283  31.507  43.376  -7.407 0.1000000015
87562  29.016  38.723  -6.725 0.1000000015
87564  27.318  38.845  -6.647 0.1000000015
89734  34.869  42.127  -7.601 0.1000000015
88657  34.927  40.226  -7.505 0.1000000015
108628  33.012  42.618  -7.420 0.1000000015
87574  30.271  37.966  -6.987 0.1000000015
87575  29.357  38.103  -7.138 0.1000000015
114736  33.132  41.897  -7.375 0.1000000015
87016  30.692  37.261  -7.423 0.1000000015
87572  36.308  36.315  -8.580 0.1000000015
86466  36.536  35.468  -8.202 0.1000000015
86454  34.491  35.210  -7.684 0.1000000015
86468  32.470  35.398  -8.383 0.1000000015
86453  35.709  35.006  -7.880 0.1000000015
97044  34.198  55.420  15.143 0.1000000015
118367  36.424  56.669  14.644 0.1000000015
96552  35.338  54.638  14.585 0.1000000015
97511  35.895  56.840  13.922 0.1000000015
96566  35.443  54.362  13.995 0.1000000015
99113  32.580  61.484  12.980 0.1000000015
97520  34.897  56.626  13.263 0.1000000015
118909  35.522  55.485  13.810 0.1000000015
97521  34.156  57.619  12.825 0.1000000015
97073  34.606  55.644  12.998 0.1000000015
118316  34.022  56.601  12.764 0.1000000015
97522  33.179  58.041  12.201 0.1000000015
97533  33.287  57.035  12.248 0.1000000015
97534  32.422  57.409  11.545 0.1000000015
97081  32.733  56.424  11.717 0.1000000015
96704  35.069  56.153  -1.973 0.1000000015
127000  34.331  56.198  -1.711 0.1000000015
96719  38.992  56.719  -3.870 0.1000000015
97172  38.418  57.116  -4.347 0.1000000015
107294  36.160  56.980  -3.864 0.1000000015
105471  35.396  56.604  -3.042 0.1000000015
112477  34.483  56.503  -2.550 0.1000000015
116812  40.084  56.777  -4.486 0.1000000015
117993  36.866  57.221  -4.402 0.1000000015
105901  35.350  57.132  -4.116 0.1000000015
97174  34.593  56.910  -3.461 0.1000000015
106612  33.945  56.783  -2.982 0.1000000015
97185  38.363  57.616  -5.165 0.1000000015
97186  37.417  57.603  -5.195 0.1000000015
97188  34.170  57.156  -4.705 0.1000000015
106196  34.608  57.178  -4.227 0.1000000015
97175  33.820  57.121  -3.793 0.1000000015
97189  33.250  57.078  -4.540 0.1000000015
96764  32.380  55.357  -7.464 0.1000000015
97213  33.148  56.263  -6.015 0.1000000015
96774  32.113  55.126  -8.322 0.1000000015
96796  31.903  55.406  -11.708 0.1000000015
95341  31.321  52.854  -13.397 0.1000000015
95342  30.794  52.455  -13.078 0.1000000015
117250  31.729  56.124  -12.261 0.1000000015
96310  31.238  54.636  -13.085 0.1000000015
94846  30.586  51.822  -11.431 0.1000000015
93278  30.331  48.682  -7.125 0.1000000015
91534  33.980  45.795  -9.406 0.1000000015
91521  33.541  45.492  -8.779 0.1000000015
92135  32.232  46.145  -8.228 0.1000000015
87578  26.947  38.265  -6.944 0.1000000015
120826  32.708  44.651  -7.922 0.1000000015
91502  32.015  44.868  -7.709 0.1000000015
87577  27.618  38.259  -7.102 0.1000000015
90280  34.694  43.105  -7.965 0.1000000015
89735  33.856  42.446  -7.477 0.1000000015
89200  34.058  41.604  -7.402 0.1000000015
89201  32.489  41.409  -7.567 0.1000000015
87576  28.459  38.205  -7.185 0.1000000015
87018  28.804  37.552  -7.617 0.1000000015
89199  35.173  41.179  -7.492 0.1000000015
120622  34.213  40.869  -7.427 0.1000000015
88658  33.819  40.178  -7.614 0.1000000015
88120  34.787  39.365  -7.724 0.1000000015
87023  35.877  35.573  -9.130 0.1000000015
86467  35.735  34.900  -8.809 0.1000000015
86458  30.140  36.768  -8.020 0.1000000015
107600  35.915  38.272  -7.861 0.1000000015
126448  36.544  37.077  -8.100 0.1000000015
86455  33.222  35.492  -7.798 0.1000000015
86469  31.550  35.706  -8.485 0.1000000015
96541  35.795  55.592  15.125 0.1000000015
98308  34.573  60.269  13.191 0.1000000015
98703  33.547  61.190  13.137 0.1000000015
98710  33.626  60.356  12.907 0.1000000015
98315  34.773  59.450  13.155 0.1000000015
115441  35.754  59.255  13.496 0.1000000015
97923  34.931  58.503  13.207 0.1000000015
98712  31.542  60.897  12.566 0.1000000015
98711  32.647  60.569  12.715 0.1000000015
98317  32.841  59.749  12.460 0.1000000015
97924  33.944  58.707  12.745 0.1000000015
97926  32.152  59.172  11.986 0.1000000015
97925  33.044  58.946  12.262 0.1000000015
97938  31.552  58.654  11.527 0.1000000015
97937  32.363  58.372  11.738 0.1000000015
97543  29.617  57.683  10.587 0.1000000015
97946  31.019  58.185  11.102 0.1000000015
97535  31.737  57.935  11.232 0.1000000015
97542  30.570  57.652  10.678 0.1000000015
97541  31.243  57.657  10.825 0.1000000015
97540  31.664  57.271  10.870 0.1000000015
97098  28.627  56.696  9.445 0.1000000015
96644  28.834  55.363  7.521 0.1000000015
126932  36.134  55.713  -0.613 0.1000000015
96693  35.336  55.879  -0.406 0.1000000015
96686  35.288  56.188  0.116 0.1000000015
96711  38.744  56.088  -2.770 0.1000000015
96712  37.775  55.847  -2.118 0.1000000015
96702  36.699  55.719  -1.433 0.1000000015
96703  35.610  55.820  -1.272 0.1000000015
97147  34.888  56.686  0.374 0.1000000015
108225  39.665  56.242  -3.302 0.1000000015
96720  37.874  56.504  -3.397 0.1000000015
96713  36.877  56.179  -2.652 0.1000000015
96714  35.959  56.120  -2.232 0.1000000015
120400  34.723  55.944  -1.040 0.1000000015
96687  34.391  56.137  -0.124 0.1000000015
97148  33.901  56.780  0.301 0.1000000015
96718  40.427  56.099  -3.629 0.1000000015
97166  36.244  56.522  -3.067 0.1000000015
97159  33.842  56.151  -0.978 0.1000000015
97151  33.353  56.413  -0.181 0.1000000015
97167  33.614  56.481  -2.057 0.1000000015
97160  32.965  56.481  -1.084 0.1000000015
107113  33.235  56.934  -2.949 0.1000000015
97168  32.696  56.797  -2.074 0.1000000015
121708  32.892  57.183  -3.720 0.1000000015
96750  32.705  55.744  -6.749 0.1000000015
97199  32.524  56.702  -5.303 0.1000000015
96751  31.871  55.831  -6.989 0.1000000015
114066  31.706  56.092  -9.523 0.1000000015
96808  31.503  55.477  -12.673 0.1000000015
121344  30.869  54.120  -13.265 0.1000000015
114284  30.432  53.023  -12.637 0.1000000015
95798  30.088  53.089  -11.746 0.1000000015
94835  30.469  51.724  -10.122 0.1000000015
111257  30.093  49.225  -6.965 0.1000000015
93813  29.560  49.524  -6.500 0.1000000015
93286  31.523  48.048  -8.220 0.1000000015
127552  31.168  48.203  -7.872 0.1000000015
112207  30.794  48.405  -7.567 0.1000000015
92120  31.209  46.909  -7.635 0.1000000015
92717  32.868  47.513  -9.447 0.1000000015
92148  33.185  46.860  -9.317 0.1000000015
92133  33.140  46.176  -8.884 0.1000000015
127573  31.811  46.696  -8.043 0.1000000015
91503  31.386  46.078  -7.631 0.1000000015
91523  31.924  45.548  -7.860 0.1000000015
88659  32.813  40.566  -7.734 0.1000000015
88121  33.910  39.362  -7.927 0.1000000015
87573  34.633  38.626  -8.222 0.1000000015
87580  35.421  36.663  -9.335 0.1000000015
86481  35.176  35.019  -9.706 0.1000000015
87026  35.180  35.886  -9.782 0.1000000015
85908  34.322  34.669  -9.711 0.1000000015
87581  34.442  38.017  -9.195 0.1000000015
99105  32.569  62.552  13.242 0.1000000015
120814  34.313  62.776  13.853 0.1000000015
110888  34.523  61.827  13.613 0.1000000015
98702  35.103  61.020  13.600 0.1000000015
108866  30.943  61.725  12.509 0.1000000015
108506  33.551  62.192  13.404 0.1000000015
98727  29.670  60.877  11.779 0.1000000015
98318  31.843  59.959  12.314 0.1000000015
98729  28.319  60.909  10.658 0.1000000015
124092  30.114  60.283  11.920 0.1000000015
98319  30.872  60.132  12.182 0.1000000015
98750  28.570  60.121  7.933 0.1000000015
98738  27.934  60.806  9.170 0.1000000015
98735  27.939  60.220  10.328 0.1000000015
98343  28.204  59.588  10.592 0.1000000015
98334  29.394  60.002  11.517 0.1000000015
98333  30.307  59.595  11.766 0.1000000015
98332  31.221  59.383  11.876 0.1000000015
98348  27.893  59.750  8.394 0.1000000015
98344  27.675  59.490  10.010 0.1000000015
97948  29.156  58.450  10.911 0.1000000015
97947  30.120  58.265  11.111 0.1000000015
98358  28.747  58.919  6.943 0.1000000015
122067  28.211  58.557  7.232 0.1000000015
97551  27.575  57.700  8.697 0.1000000015
97952  27.868  58.097  9.893 0.1000000015
97544  28.643  57.864  10.356 0.1000000015
97962  28.506  58.193  6.704 0.1000000015
97557  28.297  57.405  6.659 0.1000000015
97553  27.645  57.668  7.894 0.1000000015
97548  27.732  57.675  9.339 0.1000000015
96667  29.721  55.670  5.117 0.1000000015
96661  28.735  55.864  6.125 0.1000000015
97108  28.000  56.516  8.271 0.1000000015
96666  30.352  55.558  4.631 0.1000000015
96660  29.288  55.641  5.590 0.1000000015
108739  28.411  55.710  6.891 0.1000000015
96685  36.364  55.977  0.155 0.1000000015
96700  38.900  55.524  -1.532 0.1000000015
96692  37.108  55.648  -0.292 0.1000000015
96710  40.292  55.756  -2.666 0.1000000015
96709  41.001  55.621  -3.095 0.1000000015
113213  35.757  57.385  0.823 0.1000000015
97590  34.579  57.482  0.586 0.1000000015
97161  32.261  56.888  -1.260 0.1000000015
97149  33.113  56.908  0.197 0.1000000015
97176  32.447  57.177  -2.931 0.1000000015
97214  32.121  56.172  -6.188 0.1000000015
97200  31.536  56.683  -5.722 0.1000000015
97190  32.360  57.105  -4.435 0.1000000015
96765  31.684  55.821  -8.441 0.1000000015
121980  31.834  55.643  -7.710 0.1000000015
97215  31.436  56.445  -6.568 0.1000000015
121536  31.943  56.390  -10.591 0.1000000015
97239  31.490  56.786  -8.731 0.1000000015
97229  31.472  56.327  -7.541 0.1000000015
97264  32.004  56.294  -11.568 0.1000000015
96304  30.744  54.812  -12.885 0.1000000015
96305  30.170  54.451  -12.116 0.1000000015
95799  29.888  53.803  -11.422 0.1000000015
93820  30.062  49.986  -7.140 0.1000000015
93828  30.663  49.331  -7.720 0.1000000015
109368  31.785  48.593  -8.789 0.1000000015
94345  30.907  49.956  -8.473 0.1000000015
93827  31.322  49.325  -8.625 0.1000000015
88122  33.138  39.731  -8.098 0.1000000015
85909  33.188  34.664  -10.014 0.1000000015
88124  33.673  39.017  -8.578 0.1000000015
99545  35.186  62.495  14.954 0.1000000015
99095  35.451  61.751  14.557 0.1000000015
99563  34.387  63.487  14.256 0.1000000015
99096  35.104  62.461  14.474 0.1000000015
99104  35.222  61.825  14.080 0.1000000015
99144  28.222  61.539  9.471 0.1000000015
99140  28.204  61.655  10.242 0.1000000015
98728  28.894  60.856  11.314 0.1000000015
98749  29.389  60.452  7.620 0.1000000015
99150  28.496  61.334  8.795 0.1000000015
99141  27.874  60.931  9.932 0.1000000015
113578  30.191  59.505  6.548 0.1000000015
98350  29.029  59.653  7.296 0.1000000015
97967  30.922  58.747  5.616 0.1000000015
97961  30.044  58.781  6.061 0.1000000015
110235  29.196  58.501  6.367 0.1000000015
97561  30.192  57.933  5.346 0.1000000015
123531  29.521  58.080  5.848 0.1000000015
97556  28.918  57.738  6.164 0.1000000015
97569  30.689  57.216  4.687 0.1000000015
97570  29.886  57.065  5.088 0.1000000015
97562  29.402  57.347  5.604 0.1000000015
96671  31.815  55.401  3.736 0.1000000015
96698  40.918  55.347  -1.968 0.1000000015
96701  37.867  55.483  -0.910 0.1000000015
97146  36.018  56.596  0.525 0.1000000015
97995  35.719  58.500  0.988 0.1000000015
97591  33.559  57.473  0.425 0.1000000015
97152  32.482  56.906  -0.305 0.1000000015
97592  32.756  57.482  0.213 0.1000000015
97169  31.820  57.422  -3.009 0.1000000015
97606  31.849  57.256  -2.118 0.1000000015
97597  32.115  57.609  -0.158 0.1000000015
97201  30.935  56.996  -6.087 0.1000000015
97625  30.952  57.210  -5.173 0.1000000015
97610  31.348  57.517  -3.585 0.1000000015
97604  31.094  57.812  -1.859 0.1000000015
97653  31.959  57.719  -9.598 0.1000000015
118317  32.169  57.035  -11.303 0.1000000015
97254  31.888  56.947  -10.076 0.1000000015
97275  31.303  56.252  -12.520 0.1000000015
96809  30.820  55.796  -12.653 0.1000000015
113638  31.912  56.961  -12.187 0.1000000015
96810  30.285  55.212  -12.077 0.1000000015
96295  29.777  54.603  -11.057 0.1000000015
94338  30.452  50.367  -7.937 0.1000000015
94339  29.857  50.985  -7.376 0.1000000015
94823  29.823  51.857  -8.042 0.1000000015
94829  30.499  51.277  -9.196 0.1000000015
95303  29.721  52.565  -8.738 0.1000000015
98757  29.858  59.931  7.071 0.1000000015
97973  32.101  58.494  4.917 0.1000000015
97568  31.662  57.660  4.490 0.1000000015
111938  32.922  56.750  3.516 0.1000000015
119581  31.356  56.906  4.239 0.1000000015
97132  31.548  56.231  3.916 0.1000000015
123992  39.502  55.802  -2.381 0.1000000015
97989  38.734  58.101  2.809 0.1000000015
97586  36.937  58.112  1.501 0.1000000015
97998  32.522  58.180  0.123 0.1000000015
97997  33.200  58.017  0.386 0.1000000015
98392  35.220  59.159  0.710 0.1000000015
97598  31.664  57.461  -0.952 0.1000000015
97626  30.608  57.542  -5.708 0.1000000015
97619  30.769  57.639  -4.272 0.1000000015
98013  30.153  58.214  -4.029 0.1000000015
98006  31.095  58.173  -1.155 0.1000000015
98007  30.905  58.945  -0.985 0.1000000015
97641  31.461  57.775  -8.464 0.1000000015
116217  31.193  57.095  -7.777 0.1000000015
97632  30.688  57.593  -6.436 0.1000000015
98022  30.241  57.952  -5.014 0.1000000015
97693  31.461  57.137  -12.347 0.1000000015
97273  30.945  56.837  -12.428 0.1000000015
96797  30.380  56.107  -11.907 0.1000000015
97266  29.838  56.300  -10.794 0.1000000015
123646  29.627  55.011  -10.452 0.1000000015
95788  29.618  53.858  -10.270 0.1000000015
95323  30.228  52.458  -10.931 0.1000000015
94830  30.144  51.873  -9.019 0.1000000015
106113  29.631  53.220  -9.485 0.1000000015
95312  30.014  52.508  -9.793 0.1000000015
98356  31.966  60.349  6.594 0.1000000015
98365  30.909  59.469  6.234 0.1000000015
98364  31.779  59.424  5.883 0.1000000015
121227  31.659  58.784  5.366 0.1000000015
97567  32.701  58.134  4.386 0.1000000015
97576  33.428  57.636  3.828 0.1000000015
97972  33.219  59.071  5.002 0.1000000015
97966  32.553  59.286  5.477 0.1000000015
97130  33.747  56.784  3.334 0.1000000015
97996  34.227  58.353  0.527 0.1000000015
98402  32.538  59.053  -0.098 0.1000000015
109373  34.432  59.256  0.324 0.1000000015
112728  30.105  58.429  -3.189 0.1000000015
98009  30.504  58.571  -1.798 0.1000000015
98005  31.681  58.359  -0.447 0.1000000015
97642  30.965  57.862  -7.420 0.1000000015
98028  30.324  58.134  -5.915 0.1000000015
98023  29.781  58.707  -4.550 0.1000000015
98052  32.134  58.543  -9.235 0.1000000015
126017  32.189  58.324  -12.055 0.1000000015
98086  31.757  58.384  -12.211 0.1000000015
124065  30.868  57.592  -12.162 0.1000000015
96789  29.498  55.505  -9.900 0.1000000015
97689  31.338  57.676  -12.326 0.1000000015
98756  30.739  60.155  6.806 0.1000000015
97981  34.635  58.352  4.007 0.1000000015
98393  33.361  58.717  0.247 0.1000000015
98011  29.724  59.025  -2.943 0.1000000015
98403  31.684  59.429  -0.575 0.1000000015
98401  33.682  59.555  -0.099 0.1000000015
98041  31.548  58.617  -8.202 0.1000000015
98035  30.631  58.386  -6.728 0.1000000015
98029  29.960  58.738  -5.415 0.1000000015
98412  29.527  59.579  -3.469 0.1000000015
97669  32.364  57.736  -10.854 0.1000000015
98087  31.096  58.310  -12.122 0.1000000015
97682  30.374  57.991  -11.354 0.1000000015
108410  29.791  57.203  -10.573 0.1000000015
97575  35.521  57.941  3.656 0.1000000015
98433  30.867  59.144  -6.955 0.1000000015
98425  30.201  59.546  -5.770 0.1000000015
98426  29.735  59.474  -4.921 0.1000000015
98828  29.575  60.406  -3.204 0.1000000015
98405  30.934  59.872  -1.101 0.1000000015
98822  31.850  60.356  -0.902 0.1000000015
98440  31.741  59.425  -7.837 0.1000000015
112399  30.336  58.905  -6.220 0.1000000015
98066  32.811  59.310  -11.166 0.1000000015
98451  32.423  59.324  -8.918 0.1000000015
97680  32.289  59.095  -11.923 0.1000000015
98483  31.498  59.096  -11.993 0.1000000015
98476  31.890  59.819  -11.779 0.1000000015
98077  30.669  58.958  -11.528 0.1000000015
98432  31.382  59.878  -6.988 0.1000000015
98851  30.842  60.208  -6.257 0.1000000015
98837  29.605  60.226  -4.172 0.1000000015
98826  29.857  60.471  -2.470 0.1000000015
98818  32.800  59.960  -0.503 0.1000000015
98823  30.399  60.393  -1.771 0.1000000015
98821  33.070  60.776  -1.025 0.1000000015
98464  32.910  60.076  -10.638 0.1000000015
98078  29.930  58.756  -10.708 0.1000000015
99216  35.887  61.605  -0.227 0.1000000015
99263  31.251  61.082  -6.070 0.1000000015
98843  30.228  60.489  -5.298 0.1000000015
99243  29.763  60.986  -3.655 0.1000000015
98816  35.483  60.818  -0.435 0.1000000015
98862  32.554  60.380  -7.837 0.1000000015
113789  31.127  60.647  -1.331 0.1000000015
98820  34.262  61.209  -1.237 0.1000000015
98465  32.812  59.371  -10.065 0.1000000015
98897  32.301  60.327  -11.208 0.1000000015
126770  29.724  57.966  -10.391 0.1000000015
127805  33.183  61.431  -1.388 0.1000000015
99226  33.928  61.965  -1.542 0.1000000015
99220  36.212  61.822  -0.765 0.1000000015
98850  31.859  60.664  -6.865 0.1000000015
98825  30.283  61.081  -2.292 0.1000000015
99227  31.997  61.240  -1.407 0.1000000015
99222  35.428  61.136  -1.101 0.1000000015
99274  32.874  61.110  -7.468 0.1000000015
98817  34.308  60.468  -0.666 0.1000000015
99229  31.612  62.055  -1.956 0.1000000015
126407  35.893  61.725  -1.201 0.1000000015
114745  32.717  62.059  -1.687 0.1000000015
89137  21.466  41.985  3.532 0.1000000015
89141  20.927  41.802  2.959 0.1000000015
98307  35.492  60.184  13.519 0.1000000015
98475  32.580  59.796  -11.503 0.1000000015
99225  35.126  61.798  -1.414 0.1000000015
92592  33.309  46.884  2.260 0.1000000015
93187  33.953  48.907  0.989 0.1000000015
118739  28.383  56.398  8.832 0.1000000015
97547  28.241  57.356  9.752 0.1000000015
96153  30.001  54.993  5.081 0.1000000015
97131  32.335  56.154  3.557 0.1000000015
96699  40.051  55.460  -1.639 0.1000000015
96237  40.812  55.456  -6.277 0.1000000015
109797  21.346  44.926  4.627 0.1000000015
90791  20.589  44.203  2.871 0.1000000015
111310  35.796  52.242  -7.876 0.1000000015
93825  37.202  49.420  -9.464 0.1000000015
92705  37.912  46.869  -8.727 0.1000000015
91501  37.358  45.510  -7.700 0.1000000015
92117  38.060  45.974  -8.444 0.1000000015
91955  22.843  46.059  5.962 0.1000000015
91975  22.425  46.510  5.232 0.1000000015
92009  21.971  47.048  3.555 0.1000000015
92587  23.369  47.925  3.550 0.1000000015
91994  21.552  46.320  3.957 0.1000000015
92603  24.265  47.739  1.480 0.1000000015
92604  23.609  47.600  1.745 0.1000000015
93172  24.155  48.042  2.139 0.1000000015
92631  28.476  47.268  -1.387 0.1000000015
93197  27.354  48.185  -0.448 0.1000000015
122558  25.846  47.738  0.225 0.1000000015
124812  26.897  47.540  -0.473 0.1000000015
120841  25.216  47.413  0.435 0.1000000015
92029  23.103  47.110  1.281 0.1000000015
92030  22.305  46.816  1.637 0.1000000015
92020  21.617  46.360  2.046 0.1000000015
93213  30.418  48.534  -2.663 0.1000000015
92622  27.377  47.422  -0.749 0.1000000015
92624  25.681  47.047  -0.101 0.1000000015
92040  24.262  46.767  0.377 0.1000000015
91414  21.277  45.723  1.545 0.1000000015
90796  20.477  44.389  2.074 0.1000000015
92646  31.325  48.122  -3.691 0.1000000015
127343  23.832  46.366  0.121 0.1000000015
89679  20.412  42.603  2.500 0.1000000015
113392  20.304  43.792  1.551 0.1000000015
90229  20.125  43.089  1.709 0.1000000015
95301  37.449  54.109  -9.777 0.1000000015
94350  37.920  49.978  -10.346 0.1000000015
91500  38.273  45.172  -8.413 0.1000000015
91315  22.889  44.909  6.997 0.1000000015
91329  29.140  44.981  6.259 0.1000000015
91354  28.794  45.678  5.808 0.1000000015
122310  31.212  45.038  5.306 0.1000000015
91371  30.925  45.496  4.794 0.1000000015
91369  32.421  45.289  4.338 0.1000000015
114251  23.682  47.235  5.221 0.1000000015
92565  22.845  47.188  4.894 0.1000000015
93752  29.585  49.348  -1.305 0.1000000015
91427  22.194  45.826  0.310 0.1000000015
91428  21.488  45.185  0.251 0.1000000015
93296  38.385  48.431  -10.636 0.1000000015
107171  38.365  46.907  -9.374 0.1000000015
91519  38.407  45.071  -9.035 0.1000000015
127934  27.797  46.555  5.493 0.1000000015
91950  27.242  46.347  5.748 0.1000000015
91991  29.727  46.652  4.841 0.1000000015
92564  25.143  47.391  5.247 0.1000000015
92570  30.188  47.135  4.336 0.1000000015
123802  25.536  48.558  3.622 0.1000000015
115080  27.012  49.101  3.145 0.1000000015
93158  26.190  48.771  3.453 0.1000000015
93711  26.027  48.944  2.134 0.1000000015
93729  27.997  49.843  0.983 0.1000000015
93181  26.428  49.049  1.467 0.1000000015
93740  29.223  49.588  -0.650 0.1000000015
94254  28.713  50.018  0.682 0.1000000015
116613  27.439  49.372  0.548 0.1000000015
93741  28.517  49.278  -0.394 0.1000000015
94770  31.794  51.092  -2.158 0.1000000015
91469  32.367  45.501  -4.327 0.1000000015
93305  35.914  48.376  -12.409 0.1000000015
93854  37.382  49.894  -12.264 0.1000000015
91542  36.863  45.613  -10.555 0.1000000015
94865  37.348  51.600  -12.450 0.1000000015
90269  34.957  43.435  -5.309 0.1000000015
95792  37.703  54.116  -11.807 0.1000000015
90895  38.055  44.449  -9.234 0.1000000015
92563  26.719  47.356  5.032 0.1000000015
111462  25.942  47.282  5.281 0.1000000015
92586  29.847  47.953  3.982 0.1000000015
93141  28.964  48.171  4.110 0.1000000015
93144  26.887  47.906  4.524 0.1000000015
93152  31.197  48.072  3.292 0.1000000015
116213  28.828  49.323  3.043 0.1000000015
93168  31.670  48.497  2.737 0.1000000015
93705  31.448  49.250  2.332 0.1000000015
93707  29.173  49.741  2.464 0.1000000015
93708  28.403  49.673  2.468 0.1000000015
93718  31.184  49.934  1.787 0.1000000015
94243  29.175  50.220  1.226 0.1000000015
93728  32.592  50.029  0.970 0.1000000015
94251  31.190  50.649  0.399 0.1000000015
94252  30.346  50.581  0.399 0.1000000015
93726  34.385  49.599  0.308 0.1000000015
94248  33.795  50.323  0.053 0.1000000015
94249  32.952  50.427  0.234 0.1000000015
94275  30.565  50.536  -1.128 0.1000000015
127074  31.707  51.101  -1.492 0.1000000015
94259  35.285  50.280  -0.553 0.1000000015
94261  33.274  50.802  -0.440 0.1000000015
94745  32.784  51.183  -1.059 0.1000000015
94757  32.291  51.318  -1.658 0.1000000015
94756  33.162  51.522  -1.843 0.1000000015
93306  34.815  48.080  -12.668 0.1000000015
92740  34.642  47.464  -12.147 0.1000000015
94381  35.404  50.434  -12.994 0.1000000015
93297  33.495  47.972  -11.455 0.1000000015
93308  33.086  48.670  -11.977 0.1000000015
95793  36.670  54.024  -11.463 0.1000000015
89722  33.698  42.416  -4.288 0.1000000015
89173  34.683  41.329  -4.626 0.1000000015
89194  38.514  41.059  -6.658 0.1000000015
112422  32.948  50.265  -13.367 0.1000000015
95785  34.799  53.844  -9.994 0.1000000015
94346  30.712  50.626  -8.836 0.1000000015
88092  36.119  38.996  -5.332 0.1000000015
97210  37.885  57.453  -6.992 0.1000000015
97226  37.053  56.779  -7.663 0.1000000015
95786  33.460  53.584  -9.800 0.1000000015
87550  34.985  37.903  -5.563 0.1000000015
96762  34.474  55.706  -7.498 0.1000000015
96264  34.029  55.078  -7.999 0.1000000015
86992  34.924  37.139  -5.885 0.1000000015
108567  35.227  57.079  -5.869 0.1000000015
96274  32.168  54.809  -9.149 0.1000000015
90301  34.054  43.943  -8.146 0.1000000015
96542  35.187  55.211  15.181 0.1000000015
96589  33.265  55.071  12.041 0.1000000015
126683  32.941  55.798  11.866 0.1000000015
105915  34.516  57.057  -5.380 0.1000000015
96775  31.882  55.327  -9.266 0.1000000015
96788  31.871  55.656  -10.457 0.1000000015
90281  33.527  43.261  -7.652 0.1000000015
86457  31.075  36.454  -7.893 0.1000000015
116478  35.589  37.515  -8.587 0.1000000015
85884  35.041  34.735  -8.508 0.1000000015
85893  33.443  34.811  -8.898 0.1000000015
96565  35.818  55.238  14.563 0.1000000015
99114  31.786  61.840  12.823 0.1000000015
97173  36.917  56.743  -3.616 0.1000000015
109409  37.627  57.157  -4.342 0.1000000015
97198  33.655  56.838  -5.324 0.1000000015
95813  30.791  53.356  -13.259 0.1000000015
96815  31.100  55.409  -12.886 0.1000000015
90885  33.554  44.759  -8.388 0.1000000015
92134  32.464  46.953  -8.650 0.1000000015
107086  31.295  45.186  -7.456 0.1000000015
98316  33.789  59.577  12.782 0.1000000015
97939  30.661  58.845  11.473 0.1000000015
97099  27.893  56.999  8.993 0.1000000015
112188  31.763  56.967  -5.002 0.1000000015
97177  32.083  57.283  -3.678 0.1000000015
92707  31.706  47.355  -8.159 0.1000000015
111872  31.227  48.655  -8.112 0.1000000015
92706  32.159  47.819  -8.785 0.1000000015
98713  30.483  60.895  12.220 0.1000000015
98335  28.553  60.139  10.979 0.1000000015
98744  27.710  60.116  8.931 0.1000000015
98342  28.826  59.313  11.063 0.1000000015
97949  28.198  58.777  10.442 0.1000000015
97940  29.718  59.050  11.386 0.1000000015
115521  27.518  59.295  9.073 0.1000000015
97958  27.778  58.481  7.771 0.1000000015
97950  27.633  58.804  9.745 0.1000000015
98357  29.495  59.226  6.678 0.1000000015
97963  27.948  57.931  7.196 0.1000000015
97117  28.161  56.524  6.830 0.1000000015
97563  28.731  56.860  6.066 0.1000000015
97618  31.536  57.261  -4.367 0.1000000015
97216  31.033  56.975  -6.929 0.1000000015
94822  30.281  51.188  -8.362 0.1000000015
97611  30.677  57.913  -3.399 0.1000000015
97608  30.583  58.136  -2.563 0.1000000015
97577  32.211  57.092  3.904 0.1000000015
95774  29.354  53.976  -9.225 0.1000000015
98407  29.957  59.855  -2.126 0.1000000015
98042  31.064  58.708  -7.427 0.1000000015
98067  32.560  58.544  -10.442 0.1000000015
86852  38.300  37.043  17.981 0.1000000015
86290  39.163  36.939  18.331 0.1000000015
86842  38.744  37.624  18.557 0.1000000015
87399  39.616  37.673  19.042 0.1000000015
125765  39.378  37.317  18.669 0.1000000015
112434  40.110  37.020  18.785 0.1000000015
86288  40.916  36.336  18.591 0.1000000015
86289  39.790  36.363  18.218 0.1000000015
86302  41.663  35.723  18.252 0.1000000015
90117  23.392  43.505  19.949 0.1000000015
87400  38.079  38.316  18.630 0.1000000015
87404  33.845  39.085  18.248 0.1000000015
90663  23.429  44.311  19.693 0.1000000015
89575  23.695  42.647  19.835 0.1000000015
110522  23.077  42.027  19.637 0.1000000015
87387  38.965  38.356  19.175 0.1000000015
86829  40.735  37.524  19.484 0.1000000015
86828  42.306  37.521  19.858 0.1000000015
86841  41.582  36.944  19.178 0.1000000015
86840  43.266  37.158  19.253 0.1000000015
86301  43.207  35.887  18.167 0.1000000015
85741  42.447  35.151  17.763 0.1000000015
122665  24.079  43.938  19.876 0.1000000015
89574  24.548  42.443  19.799 0.1000000015
90115  25.594  43.857  19.994 0.1000000015
89567  25.265  43.222  20.042 0.1000000015
123192  24.326  43.329  19.954 0.1000000015
114728  26.090  43.570  20.204 0.1000000015
90113  27.384  43.864  20.180 0.1000000015
90105  26.748  43.775  20.226 0.1000000015
125057  28.085  43.994  19.880 0.1000000015
90104  28.006  43.645  20.594 0.1000000015
121231  27.378  43.501  20.550 0.1000000015
90112  28.648  43.903  20.254 0.2000000030
86286  43.926  36.770  18.489 0.1000000015
90116  24.871  43.986  19.873 0.1000000015
121588  34.634  43.984  10.274 0.1000000015
90735  35.246  44.586  9.951 0.1000000015
117057  37.015  45.303  9.650 0.1000000015
121192  36.316  44.877  9.892 0.1000000015
91282  35.544  45.199  9.280 0.1000000015
107411  37.786  45.459  9.737 0.1000000015
108270  33.842  41.914  10.621 0.1000000015
89638  33.151  42.178  10.676 0.1000000015
89634  37.586  42.656  10.372 0.1000000015
117429  33.690  42.566  10.593 0.1000000015
89115  36.274  41.444  9.858 0.1000000015
89096  35.437  41.524  10.221 0.1000000015
89097  34.620  41.689  10.466 0.1000000015
89637  34.410  42.504  10.580 0.1000000015
89095  37.078  41.913  10.069 0.1000000015
90175  35.025  43.210  10.525 0.1000000015
125092  35.618  43.404  10.494 0.1000000015
117996  35.978  44.292  10.271 0.1000000015
91273  37.375  44.817  10.145 0.1000000015
91272  38.336  45.034  10.202 0.1000000015
89636  35.244  42.292  10.519 0.1000000015
106487  36.087  42.080  10.367 0.1000000015
114362  35.809  42.873  10.535 0.1000000015
89635  36.643  42.721  10.474 0.1000000015
90174  37.093  43.457  10.516 0.1000000015
111928  36.709  44.244  10.354 0.1000000015
119872  36.182  43.576  10.480 0.1000000015
90726  38.097  44.355  10.434 0.1000000015
90727  37.444  44.107  10.463 0.1000000015
89098  33.302  41.538  10.608 0.1000000015
88538  34.788  41.025  10.083 0.1000000015
90728  35.446  43.893  10.388 0.1000000015
105710  36.399  45.450  9.200 0.1000000015
82754  37.655  31.268  -0.101 0.1000000015
83337  37.120  31.960  7.012 0.1000000015
83358  37.795  31.734  5.169 0.1000000015
83979  35.937  32.660  8.906 0.2000000030
84625  38.475  33.411  10.625 0.2000000030
84632  34.785  33.812  8.880 0.2000000030
85198  43.108  34.207  16.483 0.1000000015
85228  43.492  34.474  14.076 0.1000000015
85236  37.860  35.218  13.109 0.2000000030
85248  35.845  34.037  10.820 0.3000000119
85249  35.208  34.442  10.362 0.2000000030
85253  34.698  34.558  9.153 0.2000000030
85792  35.712  36.266  11.965 0.3000000119
85885  34.151  34.852  -8.342 0.1000000015
85892  34.496  34.571  -8.962 0.1000000015
85907  35.059  34.703  -9.174 0.1000000015
85921  33.791  34.845  -10.478 0.1000000015
86287  42.427  36.401  18.746 0.1000000015
86300  44.455  36.330  17.692 0.2000000030
86313  44.801  36.136  16.501 0.2000000030
86326  44.655  35.842  15.853 0.1000000015
86351  35.577  36.466  11.261 0.3000000119
86401  34.242  37.076  2.594 0.1000000015
86444  36.310  35.612  -7.226 0.1000000015
86456  32.040  36.044  -7.761 0.1000000015
86838  44.205  37.580  18.443 0.3000000119
86866  43.318  37.002  16.128 0.4000000060
86883  37.055  38.190  14.237 0.3000000119
86990  37.030  37.286  -6.092 0.1000000015
87017  29.743  37.451  -7.560 0.1000000015
87373  41.873  38.507  20.853 0.3000000119
87383  43.807  38.758  20.435 0.3000000119
87402  35.784  38.808  18.138 0.1000000015
87411  44.225  38.031  18.250 0.3000000119
87428  39.272  38.885  16.182 0.4000000060
87440  36.659  38.498  13.449 0.4000000060
87547  37.975  38.593  -6.072 0.1000000015
87558  38.111  38.217  -6.690 0.1000000015
87559  37.692  37.728  -6.403 0.1000000015
87563  28.154  38.827  -6.749 0.1000000015
87571  37.220  37.501  -7.445 0.1000000015
87951  38.201  38.856  19.065 0.1000000015
88090  38.135  39.604  -5.999 0.1000000015
88100  27.690  39.895  -5.941 0.1000000015
88109  30.962  39.106  -5.960 0.1000000015
88117  38.170  38.835  -7.060 0.1000000015
88425  41.722  40.653  23.136 0.4000000060
88433  43.406  40.269  21.784 0.5000000000
88468  38.451  39.816  19.985 0.2000000030
88492  40.348  41.016  18.122 0.6000000238
88625  28.363  40.804  -5.024 0.1000000015
88636  38.153  40.605  -6.083 0.1000000015
88640  31.751  39.961  -5.129 0.1000000015
88649  38.636  40.896  -7.008 0.1000000015
88970  40.608  42.112  24.766 0.5000000000
88980  42.171  41.509  24.004 0.5000000000
89048  39.710  41.410  17.848 0.6999999881
89056  39.174  41.532  17.331 0.6000000238
89060  38.436  41.327  16.166 0.6000000238
89174  33.380  41.747  -4.200 0.1000000015
89188  38.110  41.348  -6.219 0.1000000015
89196  38.455  41.298  -7.351 0.1000000015
89556  28.936  43.088  22.018 0.3000000119
89562  41.891  42.734  21.562 0.6999999881
89594  38.651  42.099  16.150 0.6000000238
89621  46.034  42.128  12.066 0.6999999881
89705  32.425  42.437  -3.702 0.1000000015
89747  37.713  42.526  -8.394 0.1000000015
90272  38.339  42.681  -7.115 0.1000000015
90282  32.469  43.214  -7.464 0.1000000015
90589  38.618  44.376  25.659 0.6999999881
90603  41.103  44.499  25.299 0.6999999881
90617  33.121  44.247  23.994 0.5000000000
90698  40.990  44.379  16.528 0.8000000119
90799  43.004  43.843  1.649 0.6000000238
90859  38.478  43.699  -8.089 0.1000000015
90861  33.085  44.021  -7.802 0.1000000015
90896  37.218  44.513  -9.758 0.1000000015
91150  39.856  45.414  25.606 0.8000000119
91162  40.341  46.038  25.194 0.8000000119
91433  41.769  44.632  -1.281 0.5000000000
91449  41.784  45.073  -1.842 0.6000000238
91451  39.939  45.223  -1.421 0.3000000119
91520  34.275  45.173  -9.041 0.1000000015
91522  32.723  45.395  -8.259 0.1000000015
91544  35.057  45.579  -10.412 0.1000000015
91806  41.106  47.033  23.632 0.8000000119
91844  36.268  46.192  19.312 0.6000000238
92074  42.942  46.784  -3.452 0.5000000000
92075  42.709  46.225  -2.915 0.5000000000
92100  35.435  46.703  -7.122 0.1000000015
92146  34.452  45.988  -10.198 0.1000000015
92438  40.328  47.712  23.290 0.8999999762
92471  41.448  48.884  20.158 0.8999999762
92618  37.638  46.992  -0.771 0.2000000030
92637  40.262  46.591  -2.325 0.5000000000
92644  42.425  46.698  -3.446 0.5000000000
92645  41.709  47.135  -3.499 0.5000000000
92672  35.186  47.409  -7.213 0.1000000015
92693  31.056  47.704  -7.663 0.1000000015
92727  37.349  47.157  -11.153 0.1000000015
92741  34.106  47.525  -11.790 0.1000000015
92988  40.376  48.009  22.713 0.8999999762
92998  40.523  48.263  22.272 0.8999999762
93010  40.691  49.043  20.689 0.8999999762
93219  42.587  48.264  -4.358 0.4000000060
93220  41.626  48.063  -3.768 0.4000000060
93225  43.343  48.615  -4.318 0.4000000060
93227  42.658  48.930  -4.735 0.4000000060
93303  38.174  48.863  -11.364 0.1000000015
93304  37.253  48.829  -12.001 0.1000000015
93614  23.651  49.122  16.371 0.2000000030
93719  30.373  50.151  1.765 0.1000000015
93755  43.577  49.136  -3.981 0.4000000060
93765  41.011  48.964  -3.659 0.4000000060
93774  42.988  49.513  -5.115 0.4000000060
93834  38.325  49.518  -10.584 0.1000000015
93837  31.871  49.218  -9.486 0.1000000015
94141  41.026  50.662  16.434 0.8999999762
94157  24.682  50.116  14.818 0.2000000030
94264  30.813  50.735  -0.327 0.1000000015
94266  28.916  49.852  -0.027 0.1000000015
94289  43.501  49.954  -4.505 0.4000000060
94324  42.712  51.363  -5.508 0.3000000119
94382  33.606  50.518  -13.383 0.1000000015
94383  32.278  50.566  -13.206 0.1000000015
94656  41.502  51.501  13.304 0.8999999762
94663  40.843  51.991  12.674 0.8999999762
94775  43.328  50.622  -5.014 0.4000000060
94776  43.320  51.620  -4.711 0.4000000060
94858  30.699  51.908  -12.433 0.1000000015
95256  41.934  52.861  -5.730 0.2000000030
95324  29.880  53.137  -10.591 0.1000000015
95330  37.953  53.276  -12.176 0.1000000015
95720  42.372  54.151  -3.681 0.3000000119
95807  30.378  53.820  -12.602 0.1000000015
96111  40.549  55.425  7.988 0.5000000000
96142  30.972  54.122  5.131 0.2000000030
96163  31.455  54.686  4.088 0.2000000030
96290  29.503  54.606  -9.933 0.1000000015
96617  39.097  56.193  8.267 0.5000000000
96624  28.578  55.922  8.296 0.1000000015
96653  29.209  55.185  5.952 0.1000000015
96669  33.397  55.271  3.035 0.2000000030
96798  29.851  55.446  -11.051 0.1000000015
97064  36.051  55.982  14.475 0.1000000015
97109  27.698  57.129  8.300 0.1000000015
97113  28.185  56.080  7.558 0.1000000015
97114  27.837  56.848  7.667 0.1000000015
97121  30.804  56.299  4.341 0.1000000015
97123  29.365  56.389  5.438 0.1000000015
97265  30.399  57.015  -11.623 0.1000000015
97546  29.078  57.111  10.077 0.2000000030
97558  27.894  57.252  7.234 0.1000000015
97607  31.225  57.671  -2.748 0.1000000015
97681  32.281  57.747  -11.860 0.1000000015
97688  31.865  57.730  -12.250 0.1000000015
97953  27.525  58.337  9.206 0.1000000015
97956  27.565  58.425  8.488 0.1000000015
97974  31.164  58.139  5.025 0.1000000015
98014  29.718  58.832  -3.720 0.1000000015
98076  32.558  58.497  -11.534 0.1000000015
98351  28.219  59.246  7.661 0.1000000015
98352  27.685  59.056  8.273 0.1000000015
98406  30.368  59.469  -1.624 0.1000000015
98409  29.984  59.200  -2.258 0.1000000015
98410  29.651  59.754  -2.703 0.1000000015
98420  29.577  59.334  -4.170 0.1000000015
98477  30.977  59.713  -11.543 0.1000000015
98739  27.667  60.169  9.561 0.1000000015
98743  28.207  60.528  8.563 0.1000000015
98812  35.945  61.316  -0.549 0.1000000015
98870  32.774  59.980  -8.653 0.1000000015
99221  36.057  61.455  -0.926 0.1000000015
99223  36.213  62.093  -1.038 0.1000000015
99228  30.903  61.272  -1.807 0.1000000015
99562  34.809  62.675  14.184 0.1000000015
99703  34.751  62.685  -1.525 0.1000000015
106314  40.943  50.187  18.319 0.8999999762
106551  33.243  38.518  -5.629 0.1000000015
107358  41.507  47.893  21.639 0.8999999762
107461  38.696  40.816  13.304 0.5000000000
108892  40.650  32.711  4.862 0.1000000015
109836  38.881  36.658  14.639 0.3000000119
110462  38.401  48.962  -10.416 0.1000000015
111465  41.195  45.094  10.339 0.3000000119
111583  32.962  42.446  25.265 0.3000000119
112906  40.717  49.930  18.540 0.8000000119
112941  33.390  41.098  -7.469 0.1000000015
113074  31.401  50.614  -11.721 0.1000000015
113376  38.373  45.770  -9.379 0.1000000015
113784  35.001  49.779  -0.159 0.1000000015
114358  32.083  37.998  -6.304 0.1000000015
115577  42.614  50.093  -5.197 0.4000000060
115995  36.583  48.024  -11.968 0.1000000015
117142  42.892  45.779  -2.169 0.5000000000
117735  33.241  53.918  3.329 0.2000000030
118463  33.928  40.297  -4.727 0.1000000015
118535  36.540  47.684  -0.318 0.2000000030
119050  34.333  60.928  13.277 0.1000000015
119428  37.423  36.652  -7.175 0.1000000015
119635  34.946  43.330  25.801 0.5000000000
120418  32.380  43.984  24.208 0.5000000000
120764  36.865  41.490  21.446 0.3000000119
121076  38.456  45.649  -8.841 0.1000000015
121750  29.864  38.599  -6.636 0.1000000015
122287  35.145  57.575  13.356 0.1000000015
122458  46.053  41.854  12.486 0.6999999881
123253  30.135  58.642  -2.528 0.1000000015
123331  44.802  40.460  12.511 0.8000000119
123609  30.658  59.537  -6.432 0.1000000015
123745  34.939  35.793  8.993 0.2000000030
123971  38.167  52.324  1.044 0.3000000119
124745  33.918  44.260  -5.001 0.1000000015
124861  35.839  41.802  -7.780 0.1000000015
125083  42.012  33.950  16.780 0.1000000015
125086  40.392  49.418  19.123 0.8000000119
125219  45.288  46.127  10.175 0.8999999762
125553  42.824  32.303  9.453 0.1000000015
125784  29.562  55.228  5.462 0.1000000015
125959  33.066  41.295  -4.259 0.1000000015
126455  24.665  47.179  0.590 0.1000000015
127160  41.064  50.060  18.780 0.8999999762
127267  25.695  51.654  14.777 0.3000000119
127401  43.060  46.256  -2.682 0.5000000000
