
Sat Mar 14 01:15:34 CET 2026
cd /out/sourcedata/freesurfer/sub-v2s7x29796_ses-1
setenv SUBJECTS_DIR /out/sourcedata/freesurfer
/opt/freesurfer/bin/recon-all -autorecon-hemi lh -noparcstats -noparcstats2 -noparcstats3 -nohyporelabel -nobalabels -lh-only -openmp 16 -subjid sub-v2s7x29796_ses-1 -sd /out/sourcedata/freesurfer

subjid sub-v2s7x29796_ses-1
setenv SUBJECTS_DIR /out/sourcedata/freesurfer
FREESURFER_HOME /opt/freesurfer
Actual FREESURFER_HOME /opt/freesurfer
build-stamp.txt: freesurfer-linux-ubuntu22_x86_64-7.3.2-20220804-6354275
Linux dna063 5.14.0-427.37.1.el9_4.x86_64 #1 SMP PREEMPT_DYNAMIC Fri Sep 13 12:41:50 EDT 2024 x86_64 x86_64 x86_64 GNU/Linux
cputime      unlimited
filesize     unlimited
datasize     unlimited
stacksize    8192 kbytes
coredumpsize 0 kbytes
memoryuse    67108864 kbytes
vmemoryuse   unlimited
descriptors  1024 
memorylocked unlimited
maxproc      2061970 
maxlocks     unlimited
maxsignal    2061970 
maxmessage   819200 
maxnice      0 
maxrtprio    0 
maxrttime    unlimited

               total        used        free      shared  buff/cache   available
Mem:           503Gi        56Gi       339Gi        10Gi       107Gi       433Gi
Swap:             0B          0B          0B

########################################
program versions used
7.3.2 (freesurfer-linux-ubuntu22_x86_64-7.3.2-20220804-6354275)
7.3.2

ProgramName: lta_convert  ProgramArguments: lta_convert -all-info  ProgramVersion: 7.3.2  TimeStamp: 2026/03/14-00:15:34-GMT  BuildTime: Aug  4 2022 06:17:15  BuildStamp: freesurfer-linux-ubuntu22_x86_64-7.3.2-20220804-6354275  User: oesteban  Machine: dna063  Platform: Linux  PlatformVersion: 5.14.0-427.37.1.el9_4.x86_64  CompilerName: GCC  CompilerVersion: 8.4.0
ProgramName: mri_and  ProgramArguments: mri_and -all-info  ProgramVersion: 7.3.2  TimeStamp: 2026/03/14-00:15:34-GMT  BuildTime: Aug  4 2022 06:17:15  BuildStamp: freesurfer-linux-ubuntu22_x86_64-7.3.2-20220804-6354275  User: oesteban  Machine: dna063  Platform: Linux  PlatformVersion: 5.14.0-427.37.1.el9_4.x86_64  CompilerName: GCC  CompilerVersion: 8.4.0
ProgramName: mri_annotation2label  ProgramArguments: mri_annotation2label -all-info  ProgramVersion: 7.3.2  TimeStamp: 2026/03/14-00:15:34-GMT  BuildTime: Aug  4 2022 06:17:15  BuildStamp: freesurfer-linux-ubuntu22_x86_64-7.3.2-20220804-6354275  User: oesteban  Machine: dna063  Platform: Linux  PlatformVersion: 5.14.0-427.37.1.el9_4.x86_64  CompilerName: GCC  CompilerVersion: 8.4.0
ProgramName: mri_aparc2aseg  ProgramArguments: mri_aparc2aseg -all-info  ProgramVersion: 7.3.2  TimeStamp: 2026/03/14-00:15:34-GMT  BuildTime: Aug  4 2022 06:17:15  BuildStamp: freesurfer-linux-ubuntu22_x86_64-7.3.2-20220804-6354275  User: oesteban  Machine: dna063  Platform: Linux  PlatformVersion: 5.14.0-427.37.1.el9_4.x86_64  CompilerName: GCC  CompilerVersion: 8.4.0
ProgramName: mri_surf2volseg  ProgramArguments: mri_surf2volseg -all-info  ProgramVersion: 7.3.2  TimeStamp: 2026/03/14-00:15:34-GMT  BuildTime: Aug  4 2022 06:17:15  BuildStamp: freesurfer-linux-ubuntu22_x86_64-7.3.2-20220804-6354275  User: oesteban  Machine: dna063  Platform: Linux  PlatformVersion: 5.14.0-427.37.1.el9_4.x86_64  CompilerName: GCC  CompilerVersion: 8.4.0
ProgramName: mri_binarize  ProgramArguments: mri_binarize -all-info  ProgramVersion: 7.3.2  TimeStamp: 2026/03/14-00:15:34-GMT  BuildTime: Aug  4 2022 06:17:15  BuildStamp: freesurfer-linux-ubuntu22_x86_64-7.3.2-20220804-6354275  User: oesteban  Machine: dna063  Platform: Linux  PlatformVersion: 5.14.0-427.37.1.el9_4.x86_64  CompilerName: GCC  CompilerVersion: 8.4.0
ProgramName: mri_ca_label  ProgramArguments: mri_ca_label -all-info  ProgramVersion: 7.3.2  TimeStamp: 2026/03/14-00:15:34-GMT  BuildTime: Aug  4 2022 06:17:15  BuildStamp: freesurfer-linux-ubuntu22_x86_64-7.3.2-20220804-6354275  User: oesteban  Machine: dna063  Platform: Linux  PlatformVersion: 5.14.0-427.37.1.el9_4.x86_64  CompilerName: GCC  CompilerVersion: 8.4.0
ProgramName: mri_ca_normalize  ProgramArguments: mri_ca_normalize -all-info  ProgramVersion: 7.3.2  TimeStamp: 2026/03/14-00:15:34-GMT  BuildTime: Aug  4 2022 06:17:15  BuildStamp: freesurfer-linux-ubuntu22_x86_64-7.3.2-20220804-6354275  User: oesteban  Machine: dna063  Platform: Linux  PlatformVersion: 5.14.0-427.37.1.el9_4.x86_64  CompilerName: GCC  CompilerVersion: 8.4.0
ProgramName: mri_ca_register  ProgramArguments: mri_ca_register -all-info  ProgramVersion: 7.3.2  TimeStamp: 2026/03/14-00:15:34-GMT  BuildTime: Aug  4 2022 06:17:15  BuildStamp: freesurfer-linux-ubuntu22_x86_64-7.3.2-20220804-6354275  User: oesteban  Machine: dna063  Platform: Linux  PlatformVersion: 5.14.0-427.37.1.el9_4.x86_64  CompilerName: GCC  CompilerVersion: 8.4.0
ProgramName: mri_cc  ProgramArguments: mri_cc -all-info  ProgramVersion: 7.3.2  TimeStamp: 2026/03/14-00:15:34-GMT  BuildTime: Aug  4 2022 06:17:15  BuildStamp: freesurfer-linux-ubuntu22_x86_64-7.3.2-20220804-6354275  User: oesteban  Machine: dna063  Platform: Linux  PlatformVersion: 5.14.0-427.37.1.el9_4.x86_64  CompilerName: GCC  CompilerVersion: 8.4.0
ProgramName: mri_compute_overlap  ProgramArguments: mri_compute_overlap -all-info  ProgramVersion: 7.3.2  TimeStamp: 2026/03/14-00:15:34-GMT  BuildTime: Aug  4 2022 06:17:15  BuildStamp: freesurfer-linux-ubuntu22_x86_64-7.3.2-20220804-6354275  User: oesteban  Machine: dna063  Platform: Linux  PlatformVersion: 5.14.0-427.37.1.el9_4.x86_64  CompilerName: GCC  CompilerVersion: 8.4.0
ProgramName: mri_compute_seg_overlap  ProgramArguments: mri_compute_seg_overlap -all-info  ProgramVersion: 7.3.2  TimeStamp: 2026/03/14-00:15:34-GMT  BuildTime: Aug  4 2022 06:17:15  BuildStamp: freesurfer-linux-ubuntu22_x86_64-7.3.2-20220804-6354275  User: oesteban  Machine: dna063  Platform: Linux  PlatformVersion: 5.14.0-427.37.1.el9_4.x86_64  CompilerName: GCC  CompilerVersion: 8.4.0
ProgramName: mri_concat  ProgramArguments: mri_concat -all-info  ProgramVersion: 7.3.2  TimeStamp: 2026/03/14-00:15:34-GMT  BuildTime: Aug  4 2022 06:17:15  BuildStamp: freesurfer-linux-ubuntu22_x86_64-7.3.2-20220804-6354275  User: oesteban  Machine: dna063  Platform: Linux  PlatformVersion: 5.14.0-427.37.1.el9_4.x86_64  CompilerName: GCC  CompilerVersion: 8.4.0
ProgramName: mri_concatenate_lta  ProgramArguments: mri_concatenate_lta -all-info  ProgramVersion: 7.3.2  TimeStamp: 2026/03/14-00:15:34-GMT  BuildTime: Aug  4 2022 06:17:15  BuildStamp: freesurfer-linux-ubuntu22_x86_64-7.3.2-20220804-6354275  User: oesteban  Machine: dna063  Platform: Linux  PlatformVersion: 5.14.0-427.37.1.el9_4.x86_64  CompilerName: GCC  CompilerVersion: 8.4.0
mri_convert -all-info 
ProgramName: mri_convert  ProgramArguments: mri_convert -all-info  ProgramVersion: 7.3.2  TimeStamp: 2026/03/14-00:15:34-GMT  BuildTime: Aug  4 2022 06:17:15  BuildStamp: freesurfer-linux-ubuntu22_x86_64-7.3.2-20220804-6354275  User: oesteban  Machine: dna063  Platform: Linux  PlatformVersion: 5.14.0-427.37.1.el9_4.x86_64  CompilerName: GCC  CompilerVersion: 8.4.0
ProgramName: mri_diff  ProgramArguments: mri_diff -all-info  ProgramVersion: 7.3.2  TimeStamp: 2026/03/14-00:15:34-GMT  BuildTime: Aug  4 2022 06:17:15  BuildStamp: freesurfer-linux-ubuntu22_x86_64-7.3.2-20220804-6354275  User: oesteban  Machine: dna063  Platform: Linux  PlatformVersion: 5.14.0-427.37.1.el9_4.x86_64  CompilerName: GCC  CompilerVersion: 8.4.0
ProgramName: mri_edit_wm_with_aseg  ProgramArguments: mri_edit_wm_with_aseg -all-info  ProgramVersion: 7.3.2  TimeStamp: 2026/03/14-00:15:34-GMT  BuildTime: Aug  4 2022 06:17:15  BuildStamp: freesurfer-linux-ubuntu22_x86_64-7.3.2-20220804-6354275  User: oesteban  Machine: dna063  Platform: Linux  PlatformVersion: 5.14.0-427.37.1.el9_4.x86_64  CompilerName: GCC  CompilerVersion: 8.4.0
ProgramName: mri_em_register  ProgramArguments: mri_em_register -all-info  ProgramVersion: 7.3.2  TimeStamp: 2026/03/14-00:15:34-GMT  BuildTime: Aug  4 2022 06:17:15  BuildStamp: freesurfer-linux-ubuntu22_x86_64-7.3.2-20220804-6354275  User: oesteban  Machine: dna063  Platform: Linux  PlatformVersion: 5.14.0-427.37.1.el9_4.x86_64  CompilerName: GCC  CompilerVersion: 8.4.0
ProgramName: mri_fill  ProgramArguments: mri_fill -all-info  ProgramVersion: 7.3.2  TimeStamp: 2026/03/14-00:15:34-GMT  BuildTime: Aug  4 2022 06:17:15  BuildStamp: freesurfer-linux-ubuntu22_x86_64-7.3.2-20220804-6354275  User: oesteban  Machine: dna063  Platform: Linux  PlatformVersion: 5.14.0-427.37.1.el9_4.x86_64  CompilerName: GCC  CompilerVersion: 8.4.0
ProgramName: mri_fuse_segmentations  ProgramArguments: mri_fuse_segmentations -all-info  ProgramVersion: 7.3.2  TimeStamp: 2026/03/14-00:15:34-GMT  BuildTime: Aug  4 2022 06:17:15  BuildStamp: freesurfer-linux-ubuntu22_x86_64-7.3.2-20220804-6354275  User: oesteban  Machine: dna063  Platform: Linux  PlatformVersion: 5.14.0-427.37.1.el9_4.x86_64  CompilerName: GCC  CompilerVersion: 8.4.0
ProgramName: mri_fwhm  ProgramArguments: mri_fwhm -all-info  ProgramVersion: 7.3.2  TimeStamp: 2026/03/14-00:15:34-GMT  BuildTime: Aug  4 2022 06:17:15  BuildStamp: freesurfer-linux-ubuntu22_x86_64-7.3.2-20220804-6354275  User: oesteban  Machine: dna063  Platform: Linux  PlatformVersion: 5.14.0-427.37.1.el9_4.x86_64  CompilerName: GCC  CompilerVersion: 8.4.0
ProgramName: mri_gcut  ProgramArguments: mri_gcut -all-info  ProgramVersion: 7.3.2  TimeStamp: 2026/03/14-00:15:34-GMT  BuildTime: Aug  4 2022 06:17:15  BuildStamp: freesurfer-linux-ubuntu22_x86_64-7.3.2-20220804-6354275  User: oesteban  Machine: dna063  Platform: Linux  PlatformVersion: 5.14.0-427.37.1.el9_4.x86_64  CompilerName: GCC  CompilerVersion: 8.4.0
ProgramName: mri_info  ProgramArguments: mri_info -all-info  ProgramVersion: 7.3.2  TimeStamp: 2026/03/14-00:15:34-GMT  BuildTime: Aug  4 2022 06:17:15  BuildStamp: freesurfer-linux-ubuntu22_x86_64-7.3.2-20220804-6354275  User: oesteban  Machine: dna063  Platform: Linux  PlatformVersion: 5.14.0-427.37.1.el9_4.x86_64  CompilerName: GCC  CompilerVersion: 8.4.0
ProgramName: mri_label2label  ProgramArguments: mri_label2label -all-info  ProgramVersion: 7.3.2  TimeStamp: 2026/03/14-00:15:34-GMT  BuildTime: Aug  4 2022 06:17:15  BuildStamp: freesurfer-linux-ubuntu22_x86_64-7.3.2-20220804-6354275  User: oesteban  Machine: dna063  Platform: Linux  PlatformVersion: 5.14.0-427.37.1.el9_4.x86_64  CompilerName: GCC  CompilerVersion: 8.4.0
ProgramName: mri_label2vol  ProgramArguments: mri_label2vol -all-info  ProgramVersion: 7.3.2  TimeStamp: 2026/03/14-00:15:34-GMT  BuildTime: Aug  4 2022 06:17:15  BuildStamp: freesurfer-linux-ubuntu22_x86_64-7.3.2-20220804-6354275  User: oesteban  Machine: dna063  Platform: Linux  PlatformVersion: 5.14.0-427.37.1.el9_4.x86_64  CompilerName: GCC  CompilerVersion: 8.4.0
ProgramName: mri_log_likelihood  ProgramArguments: mri_log_likelihood -all-info  ProgramVersion: 7.3.2  TimeStamp: 2026/03/14-00:15:34-GMT  BuildTime: Aug  4 2022 06:17:15  BuildStamp: freesurfer-linux-ubuntu22_x86_64-7.3.2-20220804-6354275  User: oesteban  Machine: dna063  Platform: Linux  PlatformVersion: 5.14.0-427.37.1.el9_4.x86_64  CompilerName: GCC  CompilerVersion: 8.4.0
ProgramName: mri_mask  ProgramArguments: mri_mask -all-info  ProgramVersion: 7.3.2  TimeStamp: 2026/03/14-00:15:34-GMT  BuildTime: Aug  4 2022 06:17:15  BuildStamp: freesurfer-linux-ubuntu22_x86_64-7.3.2-20220804-6354275  User: oesteban  Machine: dna063  Platform: Linux  PlatformVersion: 5.14.0-427.37.1.el9_4.x86_64  CompilerName: GCC  CompilerVersion: 8.4.0
ProgramName: mri_matrix_multiply  ProgramArguments: mri_matrix_multiply -all-info  ProgramVersion: 7.3.2  TimeStamp: 2026/03/14-00:15:34-GMT  BuildTime: Aug  4 2022 06:17:15  BuildStamp: freesurfer-linux-ubuntu22_x86_64-7.3.2-20220804-6354275  User: oesteban  Machine: dna063  Platform: Linux  PlatformVersion: 5.14.0-427.37.1.el9_4.x86_64  CompilerName: GCC  CompilerVersion: 8.4.0
ProgramName: mri_normalize  ProgramArguments: mri_normalize -all-info  ProgramVersion: 7.3.2  TimeStamp: 2026/03/14-00:15:34-GMT  BuildTime: Aug  4 2022 06:17:15  BuildStamp: freesurfer-linux-ubuntu22_x86_64-7.3.2-20220804-6354275  User: oesteban  Machine: dna063  Platform: Linux  PlatformVersion: 5.14.0-427.37.1.el9_4.x86_64  CompilerName: GCC  CompilerVersion: 8.4.0
ProgramName: mri_normalize_tp2  ProgramArguments: mri_normalize_tp2 -all-info  ProgramVersion: 7.3.2  TimeStamp: 2026/03/14-00:15:34-GMT  BuildTime: Aug  4 2022 06:17:15  BuildStamp: freesurfer-linux-ubuntu22_x86_64-7.3.2-20220804-6354275  User: oesteban  Machine: dna063  Platform: Linux  PlatformVersion: 5.14.0-427.37.1.el9_4.x86_64  CompilerName: GCC  CompilerVersion: 8.4.0
ProgramName: mri_or  ProgramArguments: mri_or -all-info  ProgramVersion: 7.3.2  TimeStamp: 2026/03/14-00:15:34-GMT  BuildTime: Aug  4 2022 06:17:15  BuildStamp: freesurfer-linux-ubuntu22_x86_64-7.3.2-20220804-6354275  User: oesteban  Machine: dna063  Platform: Linux  PlatformVersion: 5.14.0-427.37.1.el9_4.x86_64  CompilerName: GCC  CompilerVersion: 8.4.0
ProgramName: mri_relabel_hypointensities  ProgramArguments: mri_relabel_hypointensities -all-info  ProgramVersion: 7.3.2  TimeStamp: 2026/03/14-00:15:34-GMT  BuildTime: Aug  4 2022 06:17:15  BuildStamp: freesurfer-linux-ubuntu22_x86_64-7.3.2-20220804-6354275  User: oesteban  Machine: dna063  Platform: Linux  PlatformVersion: 5.14.0-427.37.1.el9_4.x86_64  CompilerName: GCC  CompilerVersion: 8.4.0
ProgramName: mri_relabel_nonwm_hypos  ProgramArguments: mri_relabel_nonwm_hypos -all-info  ProgramVersion: 7.3.2  TimeStamp: 2026/03/14-00:15:34-GMT  BuildTime: Aug  4 2022 06:17:15  BuildStamp: freesurfer-linux-ubuntu22_x86_64-7.3.2-20220804-6354275  User: oesteban  Machine: dna063  Platform: Linux  PlatformVersion: 5.14.0-427.37.1.el9_4.x86_64  CompilerName: GCC  CompilerVersion: 8.4.0
ProgramName: mri_remove_neck  ProgramArguments: mri_remove_neck -all-info  ProgramVersion: 7.3.2  TimeStamp: 2026/03/14-00:15:34-GMT  BuildTime: Aug  4 2022 06:17:15  BuildStamp: freesurfer-linux-ubuntu22_x86_64-7.3.2-20220804-6354275  User: oesteban  Machine: dna063  Platform: Linux  PlatformVersion: 5.14.0-427.37.1.el9_4.x86_64  CompilerName: GCC  CompilerVersion: 8.4.0
7.3.2

ProgramName: mri_robust_register  ProgramArguments: mri_robust_register -all-info  ProgramVersion: 7.3.2  TimeStamp: 2026/03/14-00:15:34-GMT  BuildTime: Aug  4 2022 06:17:15  BuildStamp: freesurfer-linux-ubuntu22_x86_64-7.3.2-20220804-6354275  User: oesteban  Machine: dna063  Platform: Linux  PlatformVersion: 5.14.0-427.37.1.el9_4.x86_64  CompilerName: GCC  CompilerVersion: 8.4.0
7.3.2

ProgramName: mri_robust_template  ProgramArguments: mri_robust_template -all-info  ProgramVersion: 7.3.2  TimeStamp: 2026/03/14-00:15:34-GMT  BuildTime: Aug  4 2022 06:17:15  BuildStamp: freesurfer-linux-ubuntu22_x86_64-7.3.2-20220804-6354275  User: oesteban  Machine: dna063  Platform: Linux  PlatformVersion: 5.14.0-427.37.1.el9_4.x86_64  CompilerName: GCC  CompilerVersion: 8.4.0
ProgramName: mris_anatomical_stats  ProgramArguments: mris_anatomical_stats -all-info  ProgramVersion: 7.3.2  TimeStamp: 2026/03/14-00:15:34-GMT  BuildTime: Aug  4 2022 06:17:15  BuildStamp: freesurfer-linux-ubuntu22_x86_64-7.3.2-20220804-6354275  User: oesteban  Machine: dna063  Platform: Linux  PlatformVersion: 5.14.0-427.37.1.el9_4.x86_64  CompilerName: GCC  CompilerVersion: 8.4.0
ProgramName: mris_ca_label  ProgramArguments: mris_ca_label -all-info  ProgramVersion: 7.3.2  TimeStamp: 2026/03/14-00:15:34-GMT  BuildTime: Aug  4 2022 06:17:15  BuildStamp: freesurfer-linux-ubuntu22_x86_64-7.3.2-20220804-6354275  User: oesteban  Machine: dna063  Platform: Linux  PlatformVersion: 5.14.0-427.37.1.el9_4.x86_64  CompilerName: GCC  CompilerVersion: 8.4.0
ProgramName: mris_calc  ProgramArguments: mris_calc -all-info  ProgramVersion: 7.3.2  TimeStamp: 2026/03/14-00:15:34-GMT  BuildTime: Aug  4 2022 06:17:15  BuildStamp: freesurfer-linux-ubuntu22_x86_64-7.3.2-20220804-6354275  User: oesteban  Machine: dna063  Platform: Linux  PlatformVersion: 5.14.0-427.37.1.el9_4.x86_64  CompilerName: GCC  CompilerVersion: 8.4.0
ProgramName: mris_convert  ProgramArguments: mris_convert -all-info  ProgramVersion: 7.3.2  TimeStamp: 2026/03/14-00:15:34-GMT  BuildTime: Aug  4 2022 06:17:15  BuildStamp: freesurfer-linux-ubuntu22_x86_64-7.3.2-20220804-6354275  User: oesteban  Machine: dna063  Platform: Linux  PlatformVersion: 5.14.0-427.37.1.el9_4.x86_64  CompilerName: GCC  CompilerVersion: 8.4.0
ProgramName: mris_curvature  ProgramArguments: mris_curvature -all-info  ProgramVersion: 7.3.2  TimeStamp: 2026/03/14-00:15:34-GMT  BuildTime: Aug  4 2022 06:17:15  BuildStamp: freesurfer-linux-ubuntu22_x86_64-7.3.2-20220804-6354275  User: oesteban  Machine: dna063  Platform: Linux  PlatformVersion: 5.14.0-427.37.1.el9_4.x86_64  CompilerName: GCC  CompilerVersion: 8.4.0
ProgramName: mris_curvature_stats  ProgramArguments: mris_curvature_stats -all-info  ProgramVersion: 7.3.2  TimeStamp: 2026/03/14-00:15:34-GMT  BuildTime: Aug  4 2022 06:17:15  BuildStamp: freesurfer-linux-ubuntu22_x86_64-7.3.2-20220804-6354275  User: oesteban  Machine: dna063  Platform: Linux  PlatformVersion: 5.14.0-427.37.1.el9_4.x86_64  CompilerName: GCC  CompilerVersion: 8.4.0
ProgramName: mris_diff  ProgramArguments: mris_diff -all-info  ProgramVersion: 7.3.2  TimeStamp: 2026/03/14-00:15:34-GMT  BuildTime: Aug  4 2022 06:17:15  BuildStamp: freesurfer-linux-ubuntu22_x86_64-7.3.2-20220804-6354275  User: oesteban  Machine: dna063  Platform: Linux  PlatformVersion: 5.14.0-427.37.1.el9_4.x86_64  CompilerName: GCC  CompilerVersion: 8.4.0
ProgramName: mris_divide_parcellation  ProgramArguments: mris_divide_parcellation -all-info  ProgramVersion: 7.3.2  TimeStamp: 2026/03/14-00:15:34-GMT  BuildTime: Aug  4 2022 06:17:15  BuildStamp: freesurfer-linux-ubuntu22_x86_64-7.3.2-20220804-6354275  User: oesteban  Machine: dna063  Platform: Linux  PlatformVersion: 5.14.0-427.37.1.el9_4.x86_64  CompilerName: GCC  CompilerVersion: 8.4.0
ProgramName: mri_segment  ProgramArguments: mri_segment -all-info  ProgramVersion: 7.3.2  TimeStamp: 2026/03/14-00:15:34-GMT  BuildTime: Aug  4 2022 06:17:15  BuildStamp: freesurfer-linux-ubuntu22_x86_64-7.3.2-20220804-6354275  User: oesteban  Machine: dna063  Platform: Linux  PlatformVersion: 5.14.0-427.37.1.el9_4.x86_64  CompilerName: GCC  CompilerVersion: 8.4.0
ProgramName: mri_segstats  ProgramArguments: mri_segstats -all-info  ProgramVersion: 7.3.2  TimeStamp: 2026/03/14-00:15:34-GMT  BuildTime: Aug  4 2022 06:17:15  BuildStamp: freesurfer-linux-ubuntu22_x86_64-7.3.2-20220804-6354275  User: oesteban  Machine: dna063  Platform: Linux  PlatformVersion: 5.14.0-427.37.1.el9_4.x86_64  CompilerName: GCC  CompilerVersion: 8.4.0
ProgramName: mris_euler_number  ProgramArguments: mris_euler_number -all-info  ProgramVersion: 7.3.2  TimeStamp: 2026/03/14-00:15:34-GMT  BuildTime: Aug  4 2022 06:17:15  BuildStamp: freesurfer-linux-ubuntu22_x86_64-7.3.2-20220804-6354275  User: oesteban  Machine: dna063  Platform: Linux  PlatformVersion: 5.14.0-427.37.1.el9_4.x86_64  CompilerName: GCC  CompilerVersion: 8.4.0
ProgramName: mris_fix_topology  ProgramArguments: mris_fix_topology -all-info  ProgramVersion: 7.3.2  TimeStamp: 2026/03/14-00:15:34-GMT  BuildTime: Aug  4 2022 06:17:15  BuildStamp: freesurfer-linux-ubuntu22_x86_64-7.3.2-20220804-6354275  User: oesteban  Machine: dna063  Platform: Linux  PlatformVersion: 5.14.0-427.37.1.el9_4.x86_64  CompilerName: GCC  CompilerVersion: 8.4.0
ProgramName: mris_topo_fixer  ProgramArguments: mris_topo_fixer -all-info  ProgramVersion: 7.3.2  TimeStamp: 2026/03/14-00:15:34-GMT  BuildTime: Aug  4 2022 06:17:15  BuildStamp: freesurfer-linux-ubuntu22_x86_64-7.3.2-20220804-6354275  User: oesteban  Machine: dna063  Platform: Linux  PlatformVersion: 5.14.0-427.37.1.el9_4.x86_64  CompilerName: GCC  CompilerVersion: 8.4.0
ProgramName: mris_jacobian  ProgramArguments: mris_jacobian -all-info  ProgramVersion: 7.3.2  TimeStamp: 2026/03/14-00:15:34-GMT  BuildTime: Aug  4 2022 06:17:15  BuildStamp: freesurfer-linux-ubuntu22_x86_64-7.3.2-20220804-6354275  User: oesteban  Machine: dna063  Platform: Linux  PlatformVersion: 5.14.0-427.37.1.el9_4.x86_64  CompilerName: GCC  CompilerVersion: 8.4.0
ProgramName: mris_label2annot  ProgramArguments: mris_label2annot -all-info  ProgramVersion: 7.3.2  TimeStamp: 2026/03/14-00:15:34-GMT  BuildTime: Aug  4 2022 06:17:15  BuildStamp: freesurfer-linux-ubuntu22_x86_64-7.3.2-20220804-6354275  User: oesteban  Machine: dna063  Platform: Linux  PlatformVersion: 5.14.0-427.37.1.el9_4.x86_64  CompilerName: GCC  CompilerVersion: 8.4.0
ProgramName: mris_left_right_register  ProgramArguments: mris_left_right_register -all-info  ProgramVersion: 7.3.2  TimeStamp: 2026/03/14-00:15:34-GMT  BuildTime: Aug  4 2022 06:17:15  BuildStamp: freesurfer-linux-ubuntu22_x86_64-7.3.2-20220804-6354275  User: oesteban  Machine: dna063  Platform: Linux  PlatformVersion: 5.14.0-427.37.1.el9_4.x86_64  CompilerName: GCC  CompilerVersion: 8.4.0
ProgramName: mris_place_surface  ProgramArguments: mris_place_surface -all-info  ProgramVersion: 7.3.2  TimeStamp: 2026/03/14-00:15:34-GMT  BuildTime: Aug  4 2022 06:17:15  BuildStamp: freesurfer-linux-ubuntu22_x86_64-7.3.2-20220804-6354275  User: oesteban  Machine: dna063  Platform: Linux  PlatformVersion: 5.14.0-427.37.1.el9_4.x86_64  CompilerName: GCC  CompilerVersion: 8.4.0
ProgramName: mrisp_paint  ProgramArguments: mrisp_paint -all-info  ProgramVersion: 7.3.2  TimeStamp: 2026/03/14-00:15:34-GMT  BuildTime: Aug  4 2022 06:17:15  BuildStamp: freesurfer-linux-ubuntu22_x86_64-7.3.2-20220804-6354275  User: oesteban  Machine: dna063  Platform: Linux  PlatformVersion: 5.14.0-427.37.1.el9_4.x86_64  CompilerName: GCC  CompilerVersion: 8.4.0
ProgramName: mris_register  ProgramArguments: mris_register -all-info  ProgramVersion: 7.3.2  TimeStamp: 2026/03/14-00:15:34-GMT  BuildTime: Aug  4 2022 06:17:15  BuildStamp: freesurfer-linux-ubuntu22_x86_64-7.3.2-20220804-6354275  User: oesteban  Machine: dna063  Platform: Linux  PlatformVersion: 5.14.0-427.37.1.el9_4.x86_64  CompilerName: GCC  CompilerVersion: 8.4.0
ProgramName: mris_smooth  ProgramArguments: mris_smooth -all-info  ProgramVersion: 7.3.2  TimeStamp: 2026/03/14-00:15:34-GMT  BuildTime: Aug  4 2022 06:17:15  BuildStamp: freesurfer-linux-ubuntu22_x86_64-7.3.2-20220804-6354275  User: oesteban  Machine: dna063  Platform: Linux  PlatformVersion: 5.14.0-427.37.1.el9_4.x86_64  CompilerName: GCC  CompilerVersion: 8.4.0
ProgramName: mris_sphere  ProgramArguments: mris_sphere -all-info  ProgramVersion: 7.3.2  TimeStamp: 2026/03/14-00:15:34-GMT  BuildTime: Aug  4 2022 06:17:15  BuildStamp: freesurfer-linux-ubuntu22_x86_64-7.3.2-20220804-6354275  User: oesteban  Machine: dna063  Platform: Linux  PlatformVersion: 5.14.0-427.37.1.el9_4.x86_64  CompilerName: GCC  CompilerVersion: 8.4.0
ProgramName: mris_surface_stats  ProgramArguments: mris_surface_stats -all-info  ProgramVersion: 7.3.2  TimeStamp: 2026/03/14-00:15:34-GMT  BuildTime: Aug  4 2022 06:17:15  BuildStamp: freesurfer-linux-ubuntu22_x86_64-7.3.2-20220804-6354275  User: oesteban  Machine: dna063  Platform: Linux  PlatformVersion: 5.14.0-427.37.1.el9_4.x86_64  CompilerName: GCC  CompilerVersion: 8.4.0
ProgramName: mri_stats2seg  ProgramArguments: mri_stats2seg -all-info  ProgramVersion: 7.3.2  TimeStamp: 2026/03/14-00:15:34-GMT  BuildTime: Aug  4 2022 06:17:15  BuildStamp: freesurfer-linux-ubuntu22_x86_64-7.3.2-20220804-6354275  User: oesteban  Machine: dna063  Platform: Linux  PlatformVersion: 5.14.0-427.37.1.el9_4.x86_64  CompilerName: GCC  CompilerVersion: 8.4.0
ProgramName: mris_thickness  ProgramArguments: mris_thickness -all-info  ProgramVersion: 7.3.2  TimeStamp: 2026/03/14-00:15:34-GMT  BuildTime: Aug  4 2022 06:17:15  BuildStamp: freesurfer-linux-ubuntu22_x86_64-7.3.2-20220804-6354275  User: oesteban  Machine: dna063  Platform: Linux  PlatformVersion: 5.14.0-427.37.1.el9_4.x86_64  CompilerName: GCC  CompilerVersion: 8.4.0
ProgramName: mris_thickness_diff  ProgramArguments: mris_thickness_diff -all-info  ProgramVersion: 7.3.2  TimeStamp: 2026/03/14-00:15:34-GMT  BuildTime: Aug  4 2022 06:17:15  BuildStamp: freesurfer-linux-ubuntu22_x86_64-7.3.2-20220804-6354275  User: oesteban  Machine: dna063  Platform: Linux  PlatformVersion: 5.14.0-427.37.1.el9_4.x86_64  CompilerName: GCC  CompilerVersion: 8.4.0
ProgramName: mris_topo_fixer  ProgramArguments: mris_topo_fixer -all-info  ProgramVersion: 7.3.2  TimeStamp: 2026/03/14-00:15:34-GMT  BuildTime: Aug  4 2022 06:17:15  BuildStamp: freesurfer-linux-ubuntu22_x86_64-7.3.2-20220804-6354275  User: oesteban  Machine: dna063  Platform: Linux  PlatformVersion: 5.14.0-427.37.1.el9_4.x86_64  CompilerName: GCC  CompilerVersion: 8.4.0
ProgramName: mri_surf2surf  ProgramArguments: mri_surf2surf -all-info  ProgramVersion: 7.3.2  TimeStamp: 2026/03/14-00:15:34-GMT  BuildTime: Aug  4 2022 06:17:15  BuildStamp: freesurfer-linux-ubuntu22_x86_64-7.3.2-20220804-6354275  User: oesteban  Machine: dna063  Platform: Linux  PlatformVersion: 5.14.0-427.37.1.el9_4.x86_64  CompilerName: GCC  CompilerVersion: 8.4.0
ProgramName: mri_surf2vol  ProgramArguments: mri_surf2vol -all-info  ProgramVersion: 7.3.2  TimeStamp: 2026/03/14-00:15:34-GMT  BuildTime: Aug  4 2022 06:17:15  BuildStamp: freesurfer-linux-ubuntu22_x86_64-7.3.2-20220804-6354275  User: oesteban  Machine: dna063  Platform: Linux  PlatformVersion: 5.14.0-427.37.1.el9_4.x86_64  CompilerName: GCC  CompilerVersion: 8.4.0
ProgramName: mri_surfcluster  ProgramArguments: mri_surfcluster -all-info  ProgramVersion: 7.3.2  TimeStamp: 2026/03/14-00:15:34-GMT  BuildTime: Aug  4 2022 06:17:15  BuildStamp: freesurfer-linux-ubuntu22_x86_64-7.3.2-20220804-6354275  User: oesteban  Machine: dna063  Platform: Linux  PlatformVersion: 5.14.0-427.37.1.el9_4.x86_64  CompilerName: GCC  CompilerVersion: 8.4.0
ProgramName: mris_volmask  ProgramArguments: mris_volmask -all-info  ProgramVersion: 7.3.2  TimeStamp: 2026/03/14-00:15:34-GMT  BuildTime: Aug  4 2022 06:17:15  BuildStamp: freesurfer-linux-ubuntu22_x86_64-7.3.2-20220804-6354275  User: oesteban  Machine: dna063  Platform: Linux  PlatformVersion: 5.14.0-427.37.1.el9_4.x86_64  CompilerName: GCC  CompilerVersion: 8.4.0
ProgramName: mri_tessellate  ProgramArguments: mri_tessellate -all-info  ProgramVersion: 7.3.2  TimeStamp: 2026/03/14-00:15:34-GMT  BuildTime: Aug  4 2022 06:17:15  BuildStamp: freesurfer-linux-ubuntu22_x86_64-7.3.2-20220804-6354275  User: oesteban  Machine: dna063  Platform: Linux  PlatformVersion: 5.14.0-427.37.1.el9_4.x86_64  CompilerName: GCC  CompilerVersion: 8.4.0
ProgramName: mri_vol2surf  ProgramArguments: mri_vol2surf -all-info  ProgramVersion: 7.3.2  TimeStamp: 2026/03/14-00:15:34-GMT  BuildTime: Aug  4 2022 06:17:15  BuildStamp: freesurfer-linux-ubuntu22_x86_64-7.3.2-20220804-6354275  User: oesteban  Machine: dna063  Platform: Linux  PlatformVersion: 5.14.0-427.37.1.el9_4.x86_64  CompilerName: GCC  CompilerVersion: 8.4.0
ProgramName: mri_vol2vol  ProgramArguments: mri_vol2vol -all-info  ProgramVersion: 7.3.2  TimeStamp: 2026/03/14-00:15:34-GMT  BuildTime: Aug  4 2022 06:17:15  BuildStamp: freesurfer-linux-ubuntu22_x86_64-7.3.2-20220804-6354275  User: oesteban  Machine: dna063  Platform: Linux  PlatformVersion: 5.14.0-427.37.1.el9_4.x86_64  CompilerName: GCC  CompilerVersion: 8.4.0
ProgramName: mri_voldiff  ProgramArguments: mri_voldiff -all-info  ProgramVersion: 7.3.2  TimeStamp: 2026/03/14-00:15:34-GMT  BuildTime: Aug  4 2022 06:17:15  BuildStamp: freesurfer-linux-ubuntu22_x86_64-7.3.2-20220804-6354275  User: oesteban  Machine: dna063  Platform: Linux  PlatformVersion: 5.14.0-427.37.1.el9_4.x86_64  CompilerName: GCC  CompilerVersion: 8.4.0
ProgramName: mri_watershed  ProgramArguments: mri_watershed -all-info  ProgramVersion: 7.3.2  TimeStamp: 2026/03/14-00:15:34-GMT  BuildTime: Aug  4 2022 06:17:15  BuildStamp: freesurfer-linux-ubuntu22_x86_64-7.3.2-20220804-6354275  User: oesteban  Machine: dna063  Platform: Linux  PlatformVersion: 5.14.0-427.37.1.el9_4.x86_64  CompilerName: GCC  CompilerVersion: 8.4.0
ProgramName: tkregister2  ProgramArguments: tkregister2_cmdl -all-info  ProgramVersion: 7.3.2  TimeStamp: 2026/03/14-00:15:34-GMT  BuildTime: Aug  4 2022 06:17:15  BuildStamp: freesurfer-linux-ubuntu22_x86_64-7.3.2-20220804-6354275  User: oesteban  Machine: dna063  Platform: Linux  PlatformVersion: 5.14.0-427.37.1.el9_4.x86_64  CompilerName: GCC  CompilerVersion: 8.4.0
mri_motion_correct.fsl 7.3.2
mri_convert -all-info 
ProgramName: mri_convert  ProgramArguments: mri_convert -all-info  ProgramVersion: 7.3.2  TimeStamp: 2026/03/14-00:15:34-GMT  BuildTime: Aug  4 2022 06:17:15  BuildStamp: freesurfer-linux-ubuntu22_x86_64-7.3.2-20220804-6354275  User: oesteban  Machine: dna063  Platform: Linux  PlatformVersion: 5.14.0-427.37.1.el9_4.x86_64  CompilerName: GCC  CompilerVersion: 8.4.0
Program nu_correct, built from:
Package MNI N3, version 1.12.0, compiled by nicks@terrier (x86_64-unknown-linux-gnu) on 2015-06-19 at 01:25:34
#######################################
GCADIR /opt/freesurfer/average
GCA RB_all_2020-01-02.gca
GCASkull RB_all_withskull_2020_01_02.gca
AvgCurvTif folding.atlas.acfb40.noaparc.i12.2016-08-02.tif
GCSDIR /opt/freesurfer/average
GCS DKaparc.atlas.acfb40.noaparc.i12.2016-08-02.gcs
#######################################
#--------------------------------------------
#@# Tessellate lh Sat Mar 14 01:15:34 CET 2026
/out/sourcedata/freesurfer/sub-v2s7x29796_ses-1/scripts

 mri_pretess ../mri/filled.mgz 255 ../mri/norm.mgz ../mri/filled-pretess255.mgz 


Iteration Number : 1
pass   1 (xy+):   1 found -   1 modified     |    TOTAL:   1
pass   2 (xy+):   0 found -   1 modified     |    TOTAL:   1
pass   1 (xy-):   1 found -   1 modified     |    TOTAL:   2
pass   2 (xy-):   0 found -   1 modified     |    TOTAL:   2
pass   1 (yz+):   7 found -   7 modified     |    TOTAL:   9
pass   2 (yz+):   0 found -   7 modified     |    TOTAL:   9
pass   1 (yz-):   6 found -   6 modified     |    TOTAL:  15
pass   2 (yz-):   0 found -   6 modified     |    TOTAL:  15
pass   1 (xz+):   2 found -   2 modified     |    TOTAL:  17
pass   2 (xz+):   0 found -   2 modified     |    TOTAL:  17
pass   1 (xz-):   1 found -   1 modified     |    TOTAL:  18
pass   2 (xz-):   0 found -   1 modified     |    TOTAL:  18
Iteration Number : 1
pass   1 (+++):   0 found -   0 modified     |    TOTAL:   0
pass   1 (+++):   0 found -   0 modified     |    TOTAL:   0
pass   1 (+++):   0 found -   0 modified     |    TOTAL:   0
pass   1 (+++):   0 found -   0 modified     |    TOTAL:   0
Iteration Number : 1
pass   1 (++):   0 found -   0 modified     |    TOTAL:   0
pass   1 (+-):   0 found -   0 modified     |    TOTAL:   0
pass   1 (--):   0 found -   0 modified     |    TOTAL:   0
pass   1 (-+):   0 found -   0 modified     |    TOTAL:   0
Iteration Number : 2
pass   1 (xy+):   0 found -   0 modified     |    TOTAL:   0
pass   1 (xy-):   0 found -   0 modified     |    TOTAL:   0
pass   1 (yz+):   0 found -   0 modified     |    TOTAL:   0
pass   1 (yz-):   0 found -   0 modified     |    TOTAL:   0
pass   1 (xz+):   0 found -   0 modified     |    TOTAL:   0
pass   1 (xz-):   0 found -   0 modified     |    TOTAL:   0
Iteration Number : 2
pass   1 (+++):   0 found -   0 modified     |    TOTAL:   0
pass   1 (+++):   0 found -   0 modified     |    TOTAL:   0
pass   1 (+++):   0 found -   0 modified     |    TOTAL:   0
pass   1 (+++):   0 found -   0 modified     |    TOTAL:   0
Iteration Number : 2
pass   1 (++):   0 found -   0 modified     |    TOTAL:   0
pass   1 (+-):   0 found -   0 modified     |    TOTAL:   0
pass   1 (--):   0 found -   0 modified     |    TOTAL:   0
pass   1 (-+):   0 found -   0 modified     |    TOTAL:   0

Total Number of Modified Voxels = 18 (out of 390907: 0.004605)
Ambiguous edge configurations... 

mri_pretess done


 mri_tessellate ../mri/filled-pretess255.mgz 255 ../surf/lh.orig.nofix 

7.3.2
  7.3.2
slice 40: 846 vertices, 945 faces
slice 50: 6035 vertices, 6277 faces
slice 60: 14932 vertices, 15262 faces
slice 70: 26055 vertices, 26505 faces
slice 80: 39203 vertices, 39689 faces
slice 90: 51929 vertices, 52383 faces
slice 100: 65160 vertices, 65646 faces
slice 110: 79128 vertices, 79676 faces
slice 120: 92549 vertices, 93058 faces
slice 130: 106168 vertices, 106711 faces
slice 140: 118920 vertices, 119428 faces
slice 150: 130508 vertices, 130979 faces
slice 160: 140192 vertices, 140557 faces
slice 170: 148841 vertices, 149200 faces
slice 180: 156498 vertices, 156854 faces
slice 190: 163573 vertices, 163872 faces
slice 200: 169722 vertices, 169999 faces
slice 210: 174441 vertices, 174636 faces
slice 220: 176038 vertices, 176114 faces
slice 230: 176038 vertices, 176114 faces
slice 240: 176038 vertices, 176114 faces
slice 250: 176038 vertices, 176114 faces
using the conformed surface RAS to save vertex points...
writing ../surf/lh.orig.nofix
using vox2ras matrix:
-1.00000   0.00000   0.00000   128.00000;
 0.00000   0.00000   1.00000  -128.00000;
 0.00000  -1.00000   0.00000   128.00000;
 0.00000   0.00000   0.00000   1.00000;

 rm -f ../mri/filled-pretess255.mgz 


 mris_extract_main_component ../surf/lh.orig.nofix ../surf/lh.orig.nofix 


counting number of connected components...
   176038 voxel in cpt #1: X=-76 [v=176038,e=528342,f=352228] located at (-28.171247, -9.710732, 3.017513)
For the whole surface: X=-76 [v=176038,e=528342,f=352228]
One single component has been found
nothing to do
done

#--------------------------------------------
#@# Smooth1 lh Sat Mar 14 01:15:38 CET 2026
/out/sourcedata/freesurfer/sub-v2s7x29796_ses-1/scripts

 mris_smooth -nw -seed 1234 ../surf/lh.orig.nofix ../surf/lh.smoothwm.nofix 

setting seed for random number generator to 1234
smoothing surface tessellation for 10 iterations...
smoothing complete - recomputing first and second fundamental forms...
#--------------------------------------------
#@# Inflation1 lh Sat Mar 14 01:15:41 CET 2026
/out/sourcedata/freesurfer/sub-v2s7x29796_ses-1/scripts

 mris_inflate -no-save-sulc ../surf/lh.smoothwm.nofix ../surf/lh.inflated.nofix 

Not saving sulc
Reading ../surf/lh.smoothwm.nofix
avg radius = 52.1 mm, total surface area = 96974 mm^2
step 000: RMS=0.145 (target=0.015)   step 005: RMS=0.111 (target=0.015)   step 010: RMS=0.085 (target=0.015)   step 015: RMS=0.073 (target=0.015)   step 020: RMS=0.064 (target=0.015)   step 025: RMS=0.058 (target=0.015)   step 030: RMS=0.053 (target=0.015)   step 035: RMS=0.050 (target=0.015)   step 040: RMS=0.047 (target=0.015)   step 045: RMS=0.046 (target=0.015)   step 050: RMS=0.045 (target=0.015)   step 055: RMS=0.044 (target=0.015)   step 060: RMS=0.044 (target=0.015)   writing inflated surface to ../surf/lh.inflated.nofix
inflation took 0.3 minutes

inflation complete.
Not saving sulc
mris_inflate utimesec    83.295826
mris_inflate stimesec    2.289001
mris_inflate ru_maxrss   276484
mris_inflate ru_ixrss    0
mris_inflate ru_idrss    0
mris_inflate ru_isrss    0
mris_inflate ru_minflt   725767
mris_inflate ru_majflt   44
mris_inflate ru_nswap    0
mris_inflate ru_inblock  1672
mris_inflate ru_oublock  12384
mris_inflate ru_msgsnd   0
mris_inflate ru_msgrcv   0
mris_inflate ru_nsignals 0
mris_inflate ru_nvcsw    20771
mris_inflate ru_nivcsw   668
#--------------------------------------------
#@# QSphere lh Sat Mar 14 01:15:58 CET 2026
/out/sourcedata/freesurfer/sub-v2s7x29796_ses-1/scripts

 mris_sphere -q -p 6 -a 128 -seed 1234 ../surf/lh.inflated.nofix ../surf/lh.qsphere.nofix 

doing quick spherical unfolding.
limitting unfolding to 6 passes
using n_averages = 128
setting seed for random number genererator to 1234
version: 7.3.2
available threads: 16
scaling brain by 0.275...
inflating...
projecting onto sphere...
surface projected - minimizing metric distortion...
vertex spacing 0.89 +- 0.52 (0.00-->6.14) (max @ vno 78792 --> 80279)
face area 0.02 +- 0.03 (-0.10-->0.60)
Entering MRISinflateToSphere()
inflating to sphere (rms error < 2.00)
000: dt: 0.0000, rms radial error=176.900, avgs=0
005/300: dt: 0.9000, rms radial error=176.640, avgs=0
010/300: dt: 0.9000, rms radial error=176.081, avgs=0
015/300: dt: 0.9000, rms radial error=175.346, avgs=0
020/300: dt: 0.9000, rms radial error=174.512, avgs=0
025/300: dt: 0.9000, rms radial error=173.621, avgs=0
030/300: dt: 0.9000, rms radial error=172.697, avgs=0
035/300: dt: 0.9000, rms radial error=171.757, avgs=0
040/300: dt: 0.9000, rms radial error=170.808, avgs=0
045/300: dt: 0.9000, rms radial error=169.858, avgs=0
050/300: dt: 0.9000, rms radial error=168.908, avgs=0
055/300: dt: 0.9000, rms radial error=167.963, avgs=0
060/300: dt: 0.9000, rms radial error=167.026, avgs=0
065/300: dt: 0.9000, rms radial error=166.093, avgs=0
070/300: dt: 0.9000, rms radial error=165.164, avgs=0
075/300: dt: 0.9000, rms radial error=164.240, avgs=0
080/300: dt: 0.9000, rms radial error=163.321, avgs=0
085/300: dt: 0.9000, rms radial error=162.406, avgs=0
090/300: dt: 0.9000, rms radial error=161.497, avgs=0
095/300: dt: 0.9000, rms radial error=160.592, avgs=0
100/300: dt: 0.9000, rms radial error=159.693, avgs=0
105/300: dt: 0.9000, rms radial error=158.798, avgs=0
110/300: dt: 0.9000, rms radial error=157.908, avgs=0
115/300: dt: 0.9000, rms radial error=157.022, avgs=0
120/300: dt: 0.9000, rms radial error=156.142, avgs=0
125/300: dt: 0.9000, rms radial error=155.266, avgs=0
130/300: dt: 0.9000, rms radial error=154.395, avgs=0
135/300: dt: 0.9000, rms radial error=153.529, avgs=0
140/300: dt: 0.9000, rms radial error=152.668, avgs=0
145/300: dt: 0.9000, rms radial error=151.811, avgs=0
150/300: dt: 0.9000, rms radial error=150.959, avgs=0
155/300: dt: 0.9000, rms radial error=150.111, avgs=0
160/300: dt: 0.9000, rms radial error=149.268, avgs=0
165/300: dt: 0.9000, rms radial error=148.429, avgs=0
170/300: dt: 0.9000, rms radial error=147.596, avgs=0
175/300: dt: 0.9000, rms radial error=146.766, avgs=0
180/300: dt: 0.9000, rms radial error=145.942, avgs=0
185/300: dt: 0.9000, rms radial error=145.121, avgs=0
190/300: dt: 0.9000, rms radial error=144.306, avgs=0
195/300: dt: 0.9000, rms radial error=143.495, avgs=0
200/300: dt: 0.9000, rms radial error=142.688, avgs=0
205/300: dt: 0.9000, rms radial error=141.886, avgs=0
210/300: dt: 0.9000, rms radial error=141.089, avgs=0
215/300: dt: 0.9000, rms radial error=140.296, avgs=0
220/300: dt: 0.9000, rms radial error=139.507, avgs=0
225/300: dt: 0.9000, rms radial error=138.723, avgs=0
230/300: dt: 0.9000, rms radial error=137.943, avgs=0
235/300: dt: 0.9000, rms radial error=137.167, avgs=0
240/300: dt: 0.9000, rms radial error=136.396, avgs=0
245/300: dt: 0.9000, rms radial error=135.629, avgs=0
250/300: dt: 0.9000, rms radial error=134.866, avgs=0
255/300: dt: 0.9000, rms radial error=134.107, avgs=0
260/300: dt: 0.9000, rms radial error=133.353, avgs=0
265/300: dt: 0.9000, rms radial error=132.603, avgs=0
270/300: dt: 0.9000, rms radial error=131.857, avgs=0
275/300: dt: 0.9000, rms radial error=131.115, avgs=0
280/300: dt: 0.9000, rms radial error=130.378, avgs=0
285/300: dt: 0.9000, rms radial error=129.644, avgs=0
290/300: dt: 0.9000, rms radial error=128.915, avgs=0
295/300: dt: 0.9000, rms radial error=128.189, avgs=0
300/300: dt: 0.9000, rms radial error=127.468, avgs=0

spherical inflation complete.
epoch 1 (K=10.0), pass 1, starting sse = 21258.00
taking momentum steps...
taking momentum steps...
taking momentum steps...
taking momentum steps...
pass 1 complete, delta sse/iter = 0.00/13 = 0.00026
epoch 2 (K=40.0), pass 1, starting sse = 3756.84
taking momentum steps...
taking momentum steps...
taking momentum steps...
taking momentum steps...
pass 1 complete, delta sse/iter = 0.00/13 = 0.00004
epoch 3 (K=160.0), pass 1, starting sse = 449.53
taking momentum steps...
taking momentum steps...
taking momentum steps...
taking momentum steps...
pass 1 complete, delta sse/iter = 0.08/14 = 0.00560
epoch 4 (K=640.0), pass 1, starting sse = 43.49
taking momentum steps...
taking momentum steps...
taking momentum steps...
taking momentum steps...
pass 1 complete, delta sse/iter = 0.15/21 = 0.00726
final distance error %100000.00
writing spherical brain to ../surf/lh.qsphere.nofix
spherical transformation took 0.0212 hours
FSRUNTIME@ mris_sphere  0.0212 hours 16 threads
#VMPC# mris_sphere VmPeak  1611208
mris_sphere done
#@# Fix Topology lh Sat Mar 14 01:17:14 CET 2026

 mris_fix_topology -mgz -sphere qsphere.nofix -inflated inflated.nofix -orig orig.nofix -out orig.premesh -ga -seed 1234 sub-v2s7x29796_ses-1 lh 

reading spherical homeomorphism from 'qsphere.nofix'
reading inflated coordinates from 'inflated.nofix'
reading original coordinates from 'orig.nofix'
using genetic algorithm with optimized parameters
setting seed for random number genererator to 1234

*************************************************************
Topology Correction Parameters
retessellation mode:           genetic search
number of patches/generation : 10
number of generations :        10
surface mri loglikelihood coefficient :         1.0
volume mri loglikelihood coefficient :          10.0
normal dot loglikelihood coefficient :          1.0
quadratic curvature loglikelihood coefficient : 1.0
volume resolution :                             2
eliminate vertices during search :              1
initial patch selection :                       1
select all defect vertices :                    0
ordering dependant retessellation:              0
use precomputed edge table :                    0
smooth retessellated patch :                    2
match retessellated patch :                     1
verbose mode :                                  0

*************************************************************
INFO: assuming .mgz format
writing corrected surface to 'orig.premesh'
7.3.2
  7.3.2
before topology correction, eno=-76 (nv=176038, nf=352228, ne=528342, g=39)
using quasi-homeomorphic spherical map to tessellate cortical surface...

Correction of the Topology
Finding true center and radius of Spherical Surface...done
Surface centered at (0,0,0) with radius 100.0 in 9 iterations
marking ambiguous vertices...
20797 ambiguous faces found in tessellation
segmenting defects...
29 defects found, arbitrating ambiguous regions...
analyzing neighboring defects...
      -merging segment 11 into 10
      -merging segment 22 into 17
      -merging segment 21 into 20
      -merging segment 27 into 23
25 defects to be corrected 
0 vertices coincident
reading input surface /out/sourcedata/freesurfer/sub-v2s7x29796_ses-1/surf/lh.qsphere.nofix...
reading brain volume from brain...
reading wm segmentation from wm...
Reading original properties of orig.nofix
Reading vertex positions of inflated.nofix
Computing Initial Surface Statistics
      -face       loglikelihood: -9.0226  (-4.5113)
      -vertex     loglikelihood: -6.0278  (-3.0139)
      -normal dot loglikelihood: -3.6368  (-3.6368)
      -quad curv  loglikelihood: -5.6799  (-2.8400)
      Total Loglikelihood : -24.3670
CORRECTING DEFECT 0 (vertices=621, convex hull=285, v0=3224)
After retessellation of defect 0 (v0=3224), euler #=-21 (164378,490434,326035) : difference with theory (-22) = -1 
CORRECTING DEFECT 1 (vertices=124, convex hull=110, v0=5697)
After retessellation of defect 1 (v0=5697), euler #=-20 (164419,490608,326169) : difference with theory (-21) = -1 
CORRECTING DEFECT 2 (vertices=329, convex hull=55, v0=6804)
After retessellation of defect 2 (v0=6804), euler #=-19 (164435,490676,326222) : difference with theory (-20) = -1 
CORRECTING DEFECT 3 (vertices=458, convex hull=373, v0=9423)
After retessellation of defect 3 (v0=9423), euler #=-18 (164570,491267,326679) : difference with theory (-19) = -1 
CORRECTING DEFECT 4 (vertices=1943, convex hull=786, v0=16028)
An extra large defect has been detected...
This often happens because cerebellum or dura has not been removed from wm.mgz.
This may cause recon-all to run very slowly or crash.
if so, see https://surfer.nmr.mgh.harvard.edu/fswiki/FsTutorial/TopologicalDefect_freeview
After retessellation of defect 4 (v0=16028), euler #=-18 (164651,491923,327254) : difference with theory (-18) = 0 
CORRECTING DEFECT 5 (vertices=8, convex hull=29, v0=20073)
After retessellation of defect 5 (v0=20073), euler #=-17 (164652,491934,327265) : difference with theory (-17) = 0 
CORRECTING DEFECT 6 (vertices=19, convex hull=32, v0=23492)
After retessellation of defect 6 (v0=23492), euler #=-16 (164657,491959,327286) : difference with theory (-16) = 0 
CORRECTING DEFECT 7 (vertices=2799, convex hull=749, v0=27388)
An extra large defect has been detected...
This often happens because cerebellum or dura has not been removed from wm.mgz.
This may cause recon-all to run very slowly or crash.
if so, see https://surfer.nmr.mgh.harvard.edu/fswiki/FsTutorial/TopologicalDefect_freeview
normal vector of length zero at vertex 168058 with 3 faces
normal vector of length zero at vertex 168058 with 3 faces
normal vector of length zero at vertex 168160 with 4 faces
normal vector of length zero at vertex 168160 with 4 faces
normal vector of length zero at vertex 168160 with 4 faces
normal vector of length zero at vertex 168160 with 5 faces
normal vector of length zero at vertex 168160 with 5 faces
Warning - incorrect dp selected!!!!(-119.214121 >= -119.198204 ) 
normal vector of length zero at vertex 168160 with 5 faces
After retessellation of defect 7 (v0=27388), euler #=-15 (164991,493367,328361) : difference with theory (-15) = 0 
CORRECTING DEFECT 8 (vertices=33, convex hull=71, v0=29962)
After retessellation of defect 8 (v0=29962), euler #=-14 (165012,493460,328434) : difference with theory (-14) = 0 
CORRECTING DEFECT 9 (vertices=22, convex hull=52, v0=36006)
After retessellation of defect 9 (v0=36006), euler #=-13 (165018,493495,328464) : difference with theory (-13) = 0 
CORRECTING DEFECT 10 (vertices=1724, convex hull=889, v0=47346)
An extra large defect has been detected...
This often happens because cerebellum or dura has not been removed from wm.mgz.
This may cause recon-all to run very slowly or crash.
if so, see https://surfer.nmr.mgh.harvard.edu/fswiki/FsTutorial/TopologicalDefect_freeview
After retessellation of defect 10 (v0=47346), euler #=-13 (165239,494659,329407) : difference with theory (-12) = 1 
CORRECTING DEFECT 11 (vertices=10, convex hull=34, v0=52893)
After retessellation of defect 11 (v0=52893), euler #=-12 (165242,494676,329422) : difference with theory (-11) = 1 
CORRECTING DEFECT 12 (vertices=6, convex hull=14, v0=60741)
After retessellation of defect 12 (v0=60741), euler #=-11 (165242,494680,329427) : difference with theory (-10) = 1 
CORRECTING DEFECT 13 (vertices=244, convex hull=302, v0=64092)
After retessellation of defect 13 (v0=64092), euler #=-10 (165252,494850,329588) : difference with theory (-9) = 1 
CORRECTING DEFECT 14 (vertices=7, convex hull=25, v0=67673)
After retessellation of defect 14 (v0=67673), euler #=-9 (165253,494860,329598) : difference with theory (-8) = 1 
CORRECTING DEFECT 15 (vertices=159, convex hull=157, v0=72765)
After retessellation of defect 15 (v0=72765), euler #=-8 (165287,495035,329740) : difference with theory (-7) = 1 
CORRECTING DEFECT 16 (vertices=1774, convex hull=591, v0=77638)
An extra large defect has been detected...
This often happens because cerebellum or dura has not been removed from wm.mgz.
This may cause recon-all to run very slowly or crash.
if so, see https://surfer.nmr.mgh.harvard.edu/fswiki/FsTutorial/TopologicalDefect_freeview
After retessellation of defect 16 (v0=77638), euler #=-7 (165397,495679,330275) : difference with theory (-6) = 1 
CORRECTING DEFECT 17 (vertices=97, convex hull=57, v0=89988)
After retessellation of defect 17 (v0=89988), euler #=-6 (165410,495742,330326) : difference with theory (-5) = 1 
CORRECTING DEFECT 18 (vertices=39, convex hull=48, v0=90982)
After retessellation of defect 18 (v0=90982), euler #=-5 (165418,495782,330359) : difference with theory (-4) = 1 
CORRECTING DEFECT 19 (vertices=738, convex hull=451, v0=100477)
A large defect has been detected...
This often happens because cerebellum or dura has not been removed from wm.mgz.
This may cause recon-all to run very slowly or crash.
if so, see https://surfer.nmr.mgh.harvard.edu/fswiki/FsTutorial/TopologicalDefect_freeview
After retessellation of defect 19 (v0=100477), euler #=-3 (165543,496385,330839) : difference with theory (-3) = 0 
CORRECTING DEFECT 20 (vertices=342, convex hull=239, v0=129002)
After retessellation of defect 20 (v0=129002), euler #=-2 (165656,496849,331191) : difference with theory (-2) = 0 
CORRECTING DEFECT 21 (vertices=122, convex hull=78, v0=131365)
After retessellation of defect 21 (v0=131365), euler #=-1 (165675,496939,331263) : difference with theory (-1) = 0 
CORRECTING DEFECT 22 (vertices=76, convex hull=104, v0=133897)
After retessellation of defect 22 (v0=133897), euler #=0 (165693,497040,331347) : difference with theory (0) = 0 
CORRECTING DEFECT 23 (vertices=39, convex hull=43, v0=134872)
After retessellation of defect 23 (v0=134872), euler #=1 (165701,497081,331381) : difference with theory (1) = 0 
CORRECTING DEFECT 24 (vertices=26, convex hull=48, v0=174059)
After retessellation of defect 24 (v0=174059), euler #=2 (165711,497127,331418) : difference with theory (2) = 0 
computing original vertex metric properties...
storing new metric properties...
computing tessellation statistics...
vertex spacing 0.90 +- 0.33 (0.04-->23.70) (max @ vno 82169 --> 108564)
face area -nan +- -nan (1000.00-->-1.00)
performing soap bubble on retessellated vertices for 0 iterations...
vertex spacing 0.90 +- 0.33 (0.04-->23.70) (max @ vno 82169 --> 108564)
face area -nan +- -nan (1000.00-->-1.00)
tessellation finished, orienting corrected surface...
108 mutations (33.6%), 213 crossovers (66.4%), 1995 vertices were eliminated
building final representation...
10327 vertices and 0 faces have been removed from triangulation
after topology correction, eno=2 (nv=165711, nf=331418, ne=497127, g=0)
writing corrected surface to /out/sourcedata/freesurfer/sub-v2s7x29796_ses-1/surf/lh.orig.premesh...

0.000 % of the vertices (0 vertices) exhibit an orientation change
removing intersecting faces
000: 1945 intersecting
001: 712 intersecting
002: 436 intersecting
003: 359 intersecting
004: 304 intersecting
005: 293 intersecting
006: 286 intersecting
step 1 with no progress (num=287, old_num=286)
007: 287 intersecting
step 2 with no progress (num=288, old_num=287)
008: 288 intersecting
009: 283 intersecting
step 1 with no progress (num=283, old_num=283)
010: 283 intersecting
step 2 with no progress (num=283, old_num=283)
011: 283 intersecting
step 3 with no progress (num=283, old_num=283)
012: 283 intersecting
step 4 with no progress (num=283, old_num=283)
013: 283 intersecting
step 5 with no progress (num=283, old_num=283)
014: 283 intersecting
step 6 with no progress (num=283, old_num=283)
015: 283 intersecting
step 7 with no progress (num=283, old_num=283)
016: 283 intersecting
step 8 with no progress (num=283, old_num=283)
017: 283 intersecting
step 9 with no progress (num=283, old_num=283)
018: 283 intersecting
step 10 with no progress (num=283, old_num=283)
019: 283 intersecting
step 11 with no progress (num=283, old_num=283)
020: 283 intersecting
step 12 with no progress (num=283, old_num=283)
021: 283 intersecting
step 13 with no progress (num=283, old_num=283)
022: 283 intersecting
step 14 with no progress (num=283, old_num=283)
023: 283 intersecting
step 15 with no progress (num=283, old_num=283)
024: 283 intersecting
step 16 with no progress (num=283, old_num=283)
terminating search with 283 intersecting
topology fixing took 7.7 minutes
FSRUNTIME@ mris_fix_topology lh  0.1288 hours 16 threads
#VMPC# mris_fix_topology VmPeak  1893968

 mris_euler_number ../surf/lh.orig.premesh 

euler # = v-e+f = 2g-2: 165711 - 497127 + 331418 = 2 --> 0 holes
      F =2V-4:          331418 = 331422-4 (0)
      2E=3F:            994254 = 994254 (0)

total defect index = 0
Sat Mar 14 01:24:58 CET 2026

setenv SUBJECTS_DIR /out/sourcedata/freesurfer
cd /out/sourcedata/freesurfer/sub-v2s7x29796_ses-1/scripts
/opt/freesurfer/bin/defect2seg --s sub-v2s7x29796_ses-1 --lh-only --cortex

freesurfer-linux-ubuntu22_x86_64-7.3.2-20220804-6354275
defect2seg 7.3.2
Linux dna063 5.14.0-427.37.1.el9_4.x86_64 #1 SMP PREEMPT_DYNAMIC Fri Sep 13 12:41:50 EDT 2024 x86_64 x86_64 x86_64 GNU/Linux
pid 2577521
mri_label2label --label-cortex /out/sourcedata/freesurfer/sub-v2s7x29796_ses-1/surf/lh.orig.nofix /out/sourcedata/freesurfer/sub-v2s7x29796_ses-1/mri/aseg.presurf.mgz 0 /out/sourcedata/freesurfer/sub-v2s7x29796_ses-1/label/lh.nofix.cortex.label

 Generating cortex label... RemoveHipAmgy=0
 NucAccIsMedialWall=0
 mris->useRealRAS=0
10 non-cortical segments detected
only using segment with 9042 vertices
erasing segment 0 (vno[0] = 49064)
erasing segment 2 (vno[0] = 126689)
erasing segment 3 (vno[0] = 127883)
erasing segment 4 (vno[0] = 127898)
erasing segment 5 (vno[0] = 128119)
erasing segment 6 (vno[0] = 129070)
erasing segment 7 (vno[0] = 129170)
erasing segment 8 (vno[0] = 131386)
erasing segment 9 (vno[0] = 156946)
mri_label2vol --defects /out/sourcedata/freesurfer/sub-v2s7x29796_ses-1/surf/lh.orig.nofix /out/sourcedata/freesurfer/sub-v2s7x29796_ses-1/surf/lh.defect_labels /out/sourcedata/freesurfer/sub-v2s7x29796_ses-1/mri/orig.mgz 1000 0 /out/sourcedata/freesurfer/sub-v2s7x29796_ses-1/mri/lh.surface.defects.mgz /out/sourcedata/freesurfer/sub-v2s7x29796_ses-1/label/lh.nofix.cortex.label
mri_label2vol supposed to be reproducible but seed not set
Contraining to label /out/sourcedata/freesurfer/sub-v2s7x29796_ses-1/label/lh.nofix.cortex.label
Changing input type 0 to MRI_INT
Converting defects to volume: offset=1000, merge=0
Writing to /out/sourcedata/freesurfer/sub-v2s7x29796_ses-1/mri/lh.surface.defects.mgz
mris_defects_pointset -s /out/sourcedata/freesurfer/sub-v2s7x29796_ses-1/surf/lh.orig.nofix -d /out/sourcedata/freesurfer/sub-v2s7x29796_ses-1/surf/lh.defect_labels -o /out/sourcedata/freesurfer/sub-v2s7x29796_ses-1/surf/lh.defects.pointset --label /out/sourcedata/freesurfer/sub-v2s7x29796_ses-1/label/lh.nofix.cortex.label
Reading in surface /out/sourcedata/freesurfer/sub-v2s7x29796_ses-1/surf/lh.orig.nofix
Reading in defect segmentation /out/sourcedata/freesurfer/sub-v2s7x29796_ses-1/surf/lh.defect_labels
Reading in label /out/sourcedata/freesurfer/sub-v2s7x29796_ses-1/label/lh.nofix.cortex.label
#VMPC# mris_defects_pointset 1675820
mris_defects_pointset done
 
Started at Sat Mar 14 01:24:58 CET 2026 
Ended   at Sat Mar 14 01:25:19 CET 2026
Defect2seg-Run-Time-Sec 21
Defect2seg-Run-Time-Min 0.42
Defect2seg-Run-Time-Hours 0.01
 
tkmeditfv sub-v2s7x29796_ses-1 brain.finalsurfs.mgz -defect
defect2seg Done

 mris_remesh --remesh --iters 3 --input /out/sourcedata/freesurfer/sub-v2s7x29796_ses-1/surf/lh.orig.premesh --output /out/sourcedata/freesurfer/sub-v2s7x29796_ses-1/surf/lh.orig 

iters = 3
standard remeshing without target
   adjusted l: 0.723855
remeshing to edge length 0.723855 with 3 iterations

avg qual before   : 0.890064  after: 0.971131

Removing intersections
removing intersecting faces
000: 557 intersecting
001: 448 intersecting
002: 432 intersecting
003: 429 intersecting
004: 420 intersecting
005: 418 intersecting
step 1 with no progress (num=418, old_num=418)
006: 418 intersecting
step 2 with no progress (num=418, old_num=418)
007: 418 intersecting
step 3 with no progress (num=418, old_num=418)
008: 418 intersecting
step 4 with no progress (num=418, old_num=418)
009: 418 intersecting
step 5 with no progress (num=418, old_num=418)
010: 418 intersecting
step 6 with no progress (num=418, old_num=418)
011: 418 intersecting
step 7 with no progress (num=418, old_num=418)
012: 418 intersecting
step 8 with no progress (num=418, old_num=418)
013: 418 intersecting
step 9 with no progress (num=418, old_num=418)
014: 418 intersecting
step 10 with no progress (num=418, old_num=418)
015: 418 intersecting
step 11 with no progress (num=418, old_num=418)
016: 418 intersecting
step 12 with no progress (num=418, old_num=418)
017: 418 intersecting
step 13 with no progress (num=418, old_num=418)
018: 418 intersecting
step 14 with no progress (num=418, old_num=418)
019: 418 intersecting
step 15 with no progress (num=418, old_num=418)
020: 418 intersecting
step 16 with no progress (num=418, old_num=418)
terminating search with 418 intersecting
Remeshed surface quality stats nv0 = 165711  nv = 173120  1.04471
Area    346236  0.31298  0.03528 0.016540   0.5333
Corner 1038708 60.00000  8.84381 3.504258 165.6138
Edge    519354  0.85831  0.08446 0.062433   1.3265
Hinge   519354  9.55417 10.20885 0.000015 174.7584
mris_remesh done
/out/sourcedata/freesurfer/sub-v2s7x29796_ses-1/scripts

 mris_remove_intersection ../surf/lh.orig ../surf/lh.orig 

intersection removal took 0.01 hours
removing intersecting faces
000: 418 intersecting
step 1 with no progress (num=418, old_num=418)
001: 418 intersecting
step 2 with no progress (num=418, old_num=418)
002: 418 intersecting
step 3 with no progress (num=418, old_num=418)
003: 418 intersecting
step 4 with no progress (num=418, old_num=418)
004: 418 intersecting
step 5 with no progress (num=418, old_num=418)
005: 418 intersecting
step 6 with no progress (num=418, old_num=418)
006: 418 intersecting
step 7 with no progress (num=418, old_num=418)
007: 418 intersecting
step 8 with no progress (num=418, old_num=418)
008: 418 intersecting
step 9 with no progress (num=418, old_num=418)
009: 418 intersecting
step 10 with no progress (num=418, old_num=418)
010: 418 intersecting
step 11 with no progress (num=418, old_num=418)
011: 418 intersecting
step 12 with no progress (num=418, old_num=418)
012: 418 intersecting
step 13 with no progress (num=418, old_num=418)
013: 418 intersecting
step 14 with no progress (num=418, old_num=418)
014: 418 intersecting
step 15 with no progress (num=418, old_num=418)
015: 418 intersecting
step 16 with no progress (num=418, old_num=418)
terminating search with 418 intersecting
writing corrected surface to ../surf/lh.orig

 rm -f ../surf/lh.inflated 

#--------------------------------------------
#@# AutoDetGWStats lh Sat Mar 14 01:27:29 CET 2026
cd /out/sourcedata/freesurfer/sub-v2s7x29796_ses-1/mri
mris_autodet_gwstats --o ../surf/autodet.gw.stats.lh.dat --i brain.finalsurfs.mgz --wm wm.mgz --surf ../surf/lh.orig.premesh
7.3.2

cd /out/sourcedata/freesurfer/sub-v2s7x29796_ses-1/mri
setenv SUBJECTS_DIR /out/sourcedata/freesurfer
mris_autodet_gwstats --o ../surf/autodet.gw.stats.lh.dat --i brain.finalsurfs.mgz --wm wm.mgz --surf ../surf/lh.orig.premesh 

border white:    332189 voxels (1.98%)
border gray      364614 voxels (2.17%)
Reading in intensity volume brain.finalsurfs.mgz
Reading in wm volume wm.mgz
Reading in surf ../surf/lh.orig.premesh
Auto detecting stats
MRIclipBrightWM(): nthresh=20394, wmmin=5, clip=110 
Binarizing thresholding at 5
computing class statistics... low=30, hi=110.000000
CCS WM (97.0): 97.8 +- 7.5 [70.0 --> 110.0]
CCS GM (76.0) : 75.4 +- 9.4 [30.0 --> 110.0]
white_mean = 97.7852 +/- 7.46219, gray_mean = 75.3625 +/- 9.37534
using class modes intead of means, discounting robust sigmas....
MRIScomputeClassModes(): min=0 max=167 nbins=168
intensity peaks found at WM=101+-5.2,    GM=72+-7.0
white_mode = 101, gray_mode = 72
std_scale = 1
Applying sanity checks, max_scale_down = 0.2
setting MIN_GRAY_AT_WHITE_BORDER to 62.6 (was 70.000000)
setting MAX_BORDER_WHITE to 108.5 (was 105.000000)
setting MIN_BORDER_WHITE to 72.0 (was 85.000000)
setting MAX_CSF to 53.2 (was 40.000000)
setting MAX_GRAY to 93.5 (was 95.000000)
setting MAX_GRAY_AT_CSF_BORDER to 62.6 (was 75.000000)
setting MIN_GRAY_AT_CSF_BORDER to 43.9 (was 40.000000)
When placing the white surface
  white_border_hi   = 108.462;
  white_border_low  = 72;
  white_outside_low = 62.6247;
  white_inside_hi   = 120;
  white_outside_hi  = 108.462;
When placing the pial surface
  pial_border_hi   = 62.6247;
  pial_border_low  = 43.874;
  pial_outside_low = 10;
  pial_inside_hi   = 93.5378;
  pial_outside_hi  = 57.937;
#VMPC# mris_autodet_gwstats VmPeak  1373552
mris_autodet_gwstats done
#--------------------------------------------
#@# WhitePreAparc lh Sat Mar 14 01:27:32 CET 2026
cd /out/sourcedata/freesurfer/sub-v2s7x29796_ses-1/mri
mris_place_surface --adgws-in ../surf/autodet.gw.stats.lh.dat --wm wm.mgz --threads 16 --invol brain.finalsurfs.mgz --lh --i ../surf/lh.orig --o ../surf/lh.white.preaparc --white --seg aseg.presurf.mgz --nsmooth 5
7.3.2
7.3.2

cd /out/sourcedata/freesurfer/sub-v2s7x29796_ses-1/mri
setenv SUBJECTS_DIR /out/sourcedata/freesurfer
mris_place_surface --adgws-in ../surf/autodet.gw.stats.lh.dat --wm wm.mgz --threads 16 --invol brain.finalsurfs.mgz --lh --i ../surf/lh.orig --o ../surf/lh.white.preaparc --white --seg aseg.presurf.mgz --nsmooth 5 

Reading in input surface ../surf/lh.orig
Smoothing surface before ripping with 5 iterations
removing intersecting faces
000: 407 intersecting
001: 397 intersecting
002: 392 intersecting
step 1 with no progress (num=392, old_num=392)
003: 392 intersecting
step 2 with no progress (num=392, old_num=392)
004: 392 intersecting
step 3 with no progress (num=392, old_num=392)
005: 392 intersecting
step 4 with no progress (num=392, old_num=392)
006: 392 intersecting
step 5 with no progress (num=392, old_num=392)
007: 392 intersecting
step 6 with no progress (num=392, old_num=392)
008: 392 intersecting
step 7 with no progress (num=392, old_num=392)
009: 392 intersecting
step 8 with no progress (num=392, old_num=392)
010: 392 intersecting
step 9 with no progress (num=392, old_num=392)
011: 392 intersecting
step 10 with no progress (num=392, old_num=392)
012: 392 intersecting
step 11 with no progress (num=392, old_num=392)
013: 392 intersecting
step 12 with no progress (num=392, old_num=392)
014: 392 intersecting
step 13 with no progress (num=392, old_num=392)
015: 392 intersecting
step 14 with no progress (num=392, old_num=392)
016: 392 intersecting
step 15 with no progress (num=392, old_num=392)
017: 392 intersecting
step 16 with no progress (num=392, old_num=392)
terminating search with 392 intersecting
Area    346236  0.27795  0.06509 0.002482   0.6097
Corner 1038708 60.00000  9.33716 3.414882 156.9548
Edge    519354  0.80477  0.11584 0.046009   1.4002
Hinge   519354  6.29205  6.33234 0.000013 150.8919
Not reading in aparc
Reading in input volume brain.finalsurfs.mgz
Reading in wm volume wm.mgz
MRIclipBrightWM(): nthresh=20394, wmmin=5, clip=110 
MRIfindBrightNonWM(): 1129 bright non-wm voxels segmented.
Masking bright non-wm for white surface
MRImask(): AllowDiffGeom = 1
MRImask(): AllowDiffGeom = 1
Reading in seg volume aseg.presurf.mgz
Ripping frozen voxels
INFO: rip surface needed but not specified, so using input surface
Freezing midline and others
Entering: MRISripMidline(): inhibiting deformation at non-cortical midline structures...
  which=1, fix_mtl=0, using annot = 0
#FML0# MRISripMidline(): nripped=0
removing 2 vertices from ripped group in thread:0
#FML# MRISripMidline(): nmarked=6804, nmarked2=84, nripped=6804
Ripping segs (eg, WMSA, BG, frozen)
Starting MRISripSegs() d = (-2 2 0.5) segnos: 247 
MRISripSegs(): -2 2 0.5 ripped 0
vertex 86560: xyz = (-48.2844,5.75828,28.3606) oxyz = (-48.2844,5.75828,28.3606) wxzy = (-48.2844,5.75828,28.3606) pxyz = (0,0,0) 
CBVO Creating mask 173120
n_averages 4
Iteration 0 =========================================
n_averages=4, current_sigma=2
Freezing midline and others
Ripping frozen voxels
INFO: rip surface needed but not specified, so using input surface
Freezing midline and others
Entering: MRISripMidline(): inhibiting deformation at non-cortical midline structures...
  which=1, fix_mtl=0, using annot = 0
#FML0# MRISripMidline(): nripped=6804
removing 2 vertices from ripped group in thread:0
#FML# MRISripMidline(): nmarked=6804, nmarked2=84, nripped=6804
Ripping segs (eg, WMSA, BG, frozen)
Starting MRISripSegs() d = (-2 2 0.5) segnos: 247 247 
MRISripSegs(): -2 2 0.5 ripped 0
Computing target border values 
Entering MRIScomputeBorderValues_new(): 
  inside_hi   = 120.0000000;
  border_hi   = 108.4621890;
  border_low  =  72.0000000;
  outside_low =  62.6246570;
  outside_hi  = 108.4621890;
  sigma = 2;
  max_thickness = 10;
  step_size=0.5;
  STEP_SIZE=0.1;
  which = 1
  thresh = 0
  flags = 0
  CBVfindFirstPeakD1=0
  CBVfindFirstPeakD2=0
  nvertices=173120
  Gdiag_no=-1
  vno start=0, stop=173120
Replacing 255s with 0s
#SI# sigma=2 had to be increased for 579 vertices, nripped=6804
mean border=84.2, 1226 (1226) missing vertices, mean dist 0.1 [0.7 (%44.7)->0.8 (%55.3))]
%73 local maxima, %21 large gradients and % 1 min vals, 0 gradients ignored
nFirstPeakD1 0
MRIScomputeBorderValues_new() finished in 0.0150 min


Finding expansion regions
mean absolute distance = 0.73 +- 0.95
5916 vertices more than 2 sigmas from mean.
Averaging target values for 5 iterations...
Positioning Surface: tspring = 0.3, nspring = 0.3, spring = 0, niters = 100 l_repulse = 5, l_surf_repulse = 0, checktol = 0
Positioning pial surface
Entering MRISpositionSurface()
  max_mm = 0.3
  MAX_REDUCTIONS = 2, REDUCTION_PCT = 0.5
  parms->check_tol = 0, niterations = 100
tol=1.0e-04, sigma=2.0, host=dna06, nav=4, nbrs=2, l_repulse=5.000, l_tspring=0.300, l_nspring=0.300, l_intensity=0.200, l_curv=1.000
mom=0.00, dt=0.50
complete_dist_mat 0
rms 0
smooth_averages 0
remove_neg 0
ico_order 0
which_surface 0
target_radius 0.000000
nfields 0
scale 0.000000
desired_rms_height 0.000000
momentum 0.000000
nbhd_size 0
max_nbrs 0
niterations 100
nsurfaces 0
SURFACES 3
flags 0 (0)
use curv 0
no sulc 0
no rigid align 0
mris->nsize 2
mris->hemisphere 0
randomSeed 0

000: dt: 0.0000, sse=4231258.5, rms=10.975
001: dt: 0.5000, sse=2408576.0, rms=8.041 (26.731%)
002: dt: 0.5000, sse=1528928.1, rms=6.139 (23.657%)
003: dt: 0.5000, sse=1051789.6, rms=4.834 (21.253%)
004: dt: 0.5000, sse=813167.8, rms=3.962 (18.038%)
005: dt: 0.5000, sse=724919.9, rms=3.459 (12.695%)
006: dt: 0.5000, sse=659194.2, rms=3.197 (7.588%)
007: dt: 0.5000, sse=624259.4, rms=3.080 (3.652%)
rms = 3.0348/3.0799, sse=641846.4/624259.4, time step reduction 1 of 3 to 0.250  0 1 1
008: dt: 0.5000, sse=641846.4, rms=3.035 (1.463%)
009: dt: 0.2500, sse=462683.2, rms=2.170 (28.484%)
010: dt: 0.2500, sse=437278.7, rms=2.044 (5.813%)
rms = 2.0387/2.0442, sse=446290.8/437278.7, time step reduction 2 of 3 to 0.125  0 1 1
011: dt: 0.2500, sse=446290.8, rms=2.039 (0.270%)
012: dt: 0.1250, sse=410932.2, rms=1.816 (10.933%)
013: dt: 0.1250, sse=406250.9, rms=1.729 (4.758%)
rms = 1.7025/1.7294, sse=400611.2/406250.9, time step reduction 3 of 3 to 0.062  0 0 1
014: dt: 0.1250, sse=400611.2, rms=1.702 (1.555%)
  maximum number of reductions reached, breaking from loop
positioning took 1.5 minutes
Iteration 1 =========================================
n_averages=2, current_sigma=1
Freezing midline and others
Ripping frozen voxels
INFO: rip surface needed but not specified, so using input surface
Freezing midline and others
Entering: MRISripMidline(): inhibiting deformation at non-cortical midline structures...
  which=1, fix_mtl=0, using annot = 0
#FML0# MRISripMidline(): nripped=6804
removing 3 vertices from ripped group in thread:0
removing 3 vertices from ripped group in thread:0
removing 3 vertices from ripped group in thread:0
removing 3 vertices from ripped group in thread:0
removing 4 vertices from ripped group in thread:0
removing 4 vertices from ripped group in thread:0
#FML# MRISripMidline(): nmarked=7177, nmarked2=192, nripped=7177
Ripping segs (eg, WMSA, BG, frozen)
Starting MRISripSegs() d = (-2 2 0.5) segnos: 247 247 247 
MRISripSegs(): -2 2 0.5 ripped 0
Computing target border values 
Entering MRIScomputeBorderValues_new(): 
  inside_hi   = 120.0000000;
  border_hi   = 108.4621890;
  border_low  =  72.0000000;
  outside_low =  62.6246570;
  outside_hi  = 108.4621890;
  sigma = 1;
  max_thickness = 10;
  step_size=0.5;
  STEP_SIZE=0.1;
  which = 1
  thresh = 0
  flags = 0
  CBVfindFirstPeakD1=0
  CBVfindFirstPeakD2=0
  nvertices=173120
  Gdiag_no=-1
  vno start=0, stop=173120
Replacing 255s with 0s
#SI# sigma=1 had to be increased for 455 vertices, nripped=7177
mean border=85.6, 953 (557) missing vertices, mean dist -0.2 [0.4 (%64.9)->0.3 (%35.1))]
%76 local maxima, %19 large gradients and % 1 min vals, 0 gradients ignored
nFirstPeakD1 0
MRIScomputeBorderValues_new() finished in 0.0117 min


Finding expansion regions
mean absolute distance = 0.35 +- 0.71
3926 vertices more than 2 sigmas from mean.
Averaging target values for 5 iterations...
Positioning Surface: tspring = 0.3, nspring = 0.3, spring = 0, niters = 100 l_repulse = 5, l_surf_repulse = 0, checktol = 0
Positioning pial surface
Entering MRISpositionSurface()
  max_mm = 0.3
  MAX_REDUCTIONS = 2, REDUCTION_PCT = 0.5
  parms->check_tol = 0, niterations = 100
tol=1.0e-04, sigma=1.0, host=dna06, nav=2, nbrs=2, l_repulse=5.000, l_tspring=0.300, l_nspring=0.300, l_intensity=0.200, l_curv=1.000
mom=0.00, dt=0.50
000: dt: 0.0000, sse=794885.9, rms=3.632
015: dt: 0.5000, sse=706202.9, rms=2.965 (18.376%)
016: dt: 0.5000, sse=595420.6, rms=2.520 (15.003%)
rms = 2.7671/2.5199, sse=666543.6/595420.6, time step reduction 1 of 3 to 0.250  0 1 1
   RMS increased, rejecting step
017: dt: 0.2500, sse=522070.5, rms=2.113 (16.154%)
rms = 2.0627/2.1128, sse=531245.0/522070.5, time step reduction 2 of 3 to 0.125  0 1 0
018: dt: 0.2500, sse=531244.9, rms=2.063 (2.371%)
019: dt: 0.1250, sse=508760.5, rms=1.927 (6.563%)
020: dt: 0.1250, sse=504665.0, rms=1.844 (4.315%)
rms = 1.8214/1.8442, sse=493818.3/504665.0, time step reduction 3 of 3 to 0.062  0 0 1
021: dt: 0.1250, sse=493818.2, rms=1.821 (1.236%)
  maximum number of reductions reached, breaking from loop
positioning took 0.8 minutes
Iteration 2 =========================================
n_averages=1, current_sigma=0.5
Freezing midline and others
Ripping frozen voxels
INFO: rip surface needed but not specified, so using input surface
Freezing midline and others
Entering: MRISripMidline(): inhibiting deformation at non-cortical midline structures...
  which=1, fix_mtl=0, using annot = 0
#FML0# MRISripMidline(): nripped=7177
removing 4 vertices from ripped group in thread:0
removing 3 vertices from ripped group in thread:0
removing 4 vertices from ripped group in thread:0
removing 3 vertices from ripped group in thread:0
removing 2 vertices from ripped group in thread:0
removing 3 vertices from ripped group in thread:0
removing 4 vertices from ripped group in thread:0
removing 4 vertices from ripped group in thread:0
removing 1 vertices from ripped group in thread:0
removing 3 vertices from ripped group in thread:0
#FML# MRISripMidline(): nmarked=7266, nmarked2=195, nripped=7266
Ripping segs (eg, WMSA, BG, frozen)
Starting MRISripSegs() d = (-2 2 0.5) segnos: 247 247 247 247 
MRISripSegs(): -2 2 0.5 ripped 0
Computing target border values 
Entering MRIScomputeBorderValues_new(): 
  inside_hi   = 120.0000000;
  border_hi   = 108.4621890;
  border_low  =  72.0000000;
  outside_low =  62.6246570;
  outside_hi  = 108.4621890;
  sigma = 0.5;
  max_thickness = 10;
  step_size=0.5;
  STEP_SIZE=0.1;
  which = 1
  thresh = 0
  flags = 0
  CBVfindFirstPeakD1=0
  CBVfindFirstPeakD2=0
  nvertices=173120
  Gdiag_no=-1
  vno start=0, stop=173120
Replacing 255s with 0s
#SI# sigma=0.5 had to be increased for 502 vertices, nripped=7266
mean border=86.7, 931 (425) missing vertices, mean dist -0.1 [0.3 (%62.0)->0.2 (%38.0))]
%80 local maxima, %14 large gradients and % 1 min vals, 0 gradients ignored
nFirstPeakD1 0
MRIScomputeBorderValues_new() finished in 0.0071 min


Finding expansion regions
mean absolute distance = 0.30 +- 0.58
4217 vertices more than 2 sigmas from mean.
Averaging target values for 5 iterations...
Positioning Surface: tspring = 0.3, nspring = 0.3, spring = 0, niters = 100 l_repulse = 5, l_surf_repulse = 0, checktol = 0
Positioning pial surface
Entering MRISpositionSurface()
  max_mm = 0.3
  MAX_REDUCTIONS = 2, REDUCTION_PCT = 0.5
  parms->check_tol = 0, niterations = 100
tol=1.0e-04, sigma=0.5, host=dna06, nav=1, nbrs=2, l_repulse=5.000, l_tspring=0.300, l_nspring=0.300, l_intensity=0.200, l_curv=1.000
mom=0.00, dt=0.50
000: dt: 0.0000, sse=645377.2, rms=2.802
rms = 2.8892/2.8024, sse=692315.0/645377.2, time step reduction 1 of 3 to 0.250  0 1 1
   RMS increased, rejecting step
022: dt: 0.2500, sse=571371.0, rms=2.393 (14.598%)
rms = 2.2483/2.3933, sse=591116.8/571371.0, time step reduction 2 of 3 to 0.125  0 1 0
023: dt: 0.2500, sse=591116.8, rms=2.248 (6.060%)
024: dt: 0.1250, sse=537118.6, rms=2.023 (10.024%)
025: dt: 0.1250, sse=526142.4, rms=1.921 (5.058%)
rms = 1.8907/1.9206, sse=521574.1/526142.4, time step reduction 3 of 3 to 0.062  0 0 1
026: dt: 0.1250, sse=521574.1, rms=1.891 (1.555%)
  maximum number of reductions reached, breaking from loop
positioning took 0.6 minutes
Iteration 3 =========================================
n_averages=0, current_sigma=0.25
Freezing midline and others
Ripping frozen voxels
INFO: rip surface needed but not specified, so using input surface
Freezing midline and others
Entering: MRISripMidline(): inhibiting deformation at non-cortical midline structures...
  which=1, fix_mtl=0, using annot = 0
#FML0# MRISripMidline(): nripped=7266
removing 4 vertices from ripped group in thread:0
removing 3 vertices from ripped group in thread:0
removing 3 vertices from ripped group in thread:0
removing 2 vertices from ripped group in thread:0
removing 2 vertices from ripped group in thread:0
removing 3 vertices from ripped group in thread:0
removing 2 vertices from ripped group in thread:0
removing 1 vertices from ripped group in thread:0
removing 4 vertices from ripped group in thread:0
removing 2 vertices from ripped group in thread:0
removing 4 vertices from ripped group in thread:0
removing 1 vertices from ripped group in thread:0
removing 2 vertices from ripped group in thread:0
removing 3 vertices from ripped group in thread:0
removing 2 vertices from ripped group in thread:0
#FML# MRISripMidline(): nmarked=7315, nmarked2=197, nripped=7315
Ripping segs (eg, WMSA, BG, frozen)
Starting MRISripSegs() d = (-2 2 0.5) segnos: 247 247 247 247 247 
MRISripSegs(): -2 2 0.5 ripped 0
Computing target border values 
Entering MRIScomputeBorderValues_new(): 
  inside_hi   = 120.0000000;
  border_hi   = 108.4621890;
  border_low  =  72.0000000;
  outside_low =  62.6246570;
  outside_hi  = 108.4621890;
  sigma = 0.25;
  max_thickness = 10;
  step_size=0.5;
  STEP_SIZE=0.1;
  which = 1
  thresh = 0
  flags = 0
  CBVfindFirstPeakD1=0
  CBVfindFirstPeakD2=0
  nvertices=173120
  Gdiag_no=-1
  vno start=0, stop=173120
Replacing 255s with 0s
#SI# sigma=0.25 had to be increased for 390 vertices, nripped=7315
mean border=87.1, 1025 (393) missing vertices, mean dist -0.1 [0.3 (%54.7)->0.2 (%45.3))]
%83 local maxima, %11 large gradients and % 1 min vals, 0 gradients ignored
nFirstPeakD1 0
MRIScomputeBorderValues_new() finished in 0.0047 min


Finding expansion regions
mean absolute distance = 0.29 +- 0.48
5032 vertices more than 2 sigmas from mean.
Averaging target values for 5 iterations...
Positioning Surface: tspring = 0.3, nspring = 0.3, spring = 0, niters = 100 l_repulse = 5, l_surf_repulse = 0, checktol = 0
Positioning pial surface
Entering MRISpositionSurface()
  max_mm = 0.3
  MAX_REDUCTIONS = 2, REDUCTION_PCT = 0.5
  parms->check_tol = 0, niterations = 100
tol=1.0e-04, sigma=0.2, host=dna06, nav=0, nbrs=2, l_repulse=5.000, l_tspring=0.300, l_nspring=0.300, l_intensity=0.200, l_curv=1.000
mom=0.00, dt=0.50
000: dt: 0.0000, sse=595501.9, rms=2.416
rms = 2.7399/2.4157, sse=686860.8/595502.0, time step reduction 1 of 3 to 0.250  0 1 1
   RMS increased, rejecting step
027: dt: 0.2500, sse=542003.0, rms=2.062 (14.654%)
rms = 2.0660/2.0617, sse=549839.5/542003.0, time step reduction 2 of 3 to 0.125  0 1 1
   RMS increased, rejecting step
028: dt: 0.1250, sse=528106.5, rms=1.986 (3.660%)
rms = 1.8081/1.9862, sse=529924.7/528106.5, time step reduction 3 of 3 to 0.062  0 1 0
029: dt: 0.1250, sse=529924.8, rms=1.808 (8.970%)
  maximum number of reductions reached, breaking from loop
positioning took 0.4 minutes
removing intersecting faces
000: 392 intersecting
step 1 with no progress (num=449, old_num=392)
001: 449 intersecting
002: 421 intersecting
003: 395 intersecting
step 1 with no progress (num=396, old_num=395)
004: 396 intersecting
step 2 with no progress (num=396, old_num=396)
005: 396 intersecting
step 3 with no progress (num=396, old_num=396)
006: 396 intersecting
step 4 with no progress (num=396, old_num=396)
007: 396 intersecting
step 5 with no progress (num=396, old_num=396)
008: 396 intersecting
step 6 with no progress (num=396, old_num=396)
009: 396 intersecting
step 7 with no progress (num=396, old_num=396)
010: 396 intersecting
step 8 with no progress (num=396, old_num=396)
011: 396 intersecting
step 9 with no progress (num=396, old_num=396)
012: 396 intersecting
step 10 with no progress (num=396, old_num=396)
013: 396 intersecting
step 11 with no progress (num=396, old_num=396)
014: 396 intersecting
step 12 with no progress (num=396, old_num=396)
015: 396 intersecting
step 13 with no progress (num=396, old_num=396)
016: 396 intersecting
step 14 with no progress (num=396, old_num=396)
017: 396 intersecting
step 15 with no progress (num=396, old_num=396)
018: 396 intersecting
step 16 with no progress (num=396, old_num=396)
terminating search with 392 intersecting


Writing output to ../surf/lh.white.preaparc
#ET# mris_place_surface  4.13 minutes
#VMPC# mris_place_surfaces VmPeak  3490688
mris_place_surface done
#--------------------------------------------
#@# CortexLabel lh Sat Mar 14 01:32:25 CET 2026
cd /out/sourcedata/freesurfer/sub-v2s7x29796_ses-1/mri
mri_label2label --label-cortex ../surf/lh.white.preaparc aseg.presurf.mgz 0 ../label/lh.cortex.label

 Generating cortex label... RemoveHipAmgy=0
 NucAccIsMedialWall=0
 mris->useRealRAS=0
10 non-cortical segments detected
only using segment with 9408 vertices
erasing segment 0 (vno[0] = 30816)
erasing segment 2 (vno[0] = 97154)
erasing segment 3 (vno[0] = 99985)
erasing segment 4 (vno[0] = 100731)
erasing segment 5 (vno[0] = 101752)
erasing segment 6 (vno[0] = 104436)
erasing segment 7 (vno[0] = 140885)
erasing segment 8 (vno[0] = 140889)
erasing segment 9 (vno[0] = 141824)
#--------------------------------------------
#@# CortexLabel+HipAmyg lh Sat Mar 14 01:32:44 CET 2026
cd /out/sourcedata/freesurfer/sub-v2s7x29796_ses-1/mri
mri_label2label --label-cortex ../surf/lh.white.preaparc aseg.presurf.mgz 1 ../label/lh.cortex+hipamyg.label

 Generating cortex label... RemoveHipAmgy=1
 NucAccIsMedialWall=0
 mris->useRealRAS=0
8 non-cortical segments detected
only using segment with 6724 vertices
erasing segment 0 (vno[0] = 30816)
erasing segment 2 (vno[0] = 61244)
erasing segment 3 (vno[0] = 100731)
erasing segment 4 (vno[0] = 104436)
erasing segment 5 (vno[0] = 140885)
erasing segment 6 (vno[0] = 140889)
erasing segment 7 (vno[0] = 141824)
#--------------------------------------------
#@# Smooth2 lh Sat Mar 14 01:33:03 CET 2026
/out/sourcedata/freesurfer/sub-v2s7x29796_ses-1/scripts

 mris_smooth -n 3 -nw -seed 1234 ../surf/lh.white.preaparc ../surf/lh.smoothwm 

smoothing for 3 iterations
setting seed for random number generator to 1234
smoothing surface tessellation for 3 iterations...
smoothing complete - recomputing first and second fundamental forms...
#--------------------------------------------
#@# Inflation2 lh Sat Mar 14 01:33:06 CET 2026
/out/sourcedata/freesurfer/sub-v2s7x29796_ses-1/scripts

 mris_inflate ../surf/lh.smoothwm ../surf/lh.inflated 

Reading ../surf/lh.smoothwm
avg radius = 51.9 mm, total surface area = 111026 mm^2
step 000: RMS=0.169 (target=0.015)   step 005: RMS=0.113 (target=0.015)   step 010: RMS=0.086 (target=0.015)   step 015: RMS=0.073 (target=0.015)   step 020: RMS=0.061 (target=0.015)   step 025: RMS=0.051 (target=0.015)   step 030: RMS=0.044 (target=0.015)   step 035: RMS=0.038 (target=0.015)   step 040: RMS=0.034 (target=0.015)   step 045: RMS=0.030 (target=0.015)   step 050: RMS=0.027 (target=0.015)   step 055: RMS=0.025 (target=0.015)   step 060: RMS=0.023 (target=0.015)   writing inflated surface to ../surf/lh.inflated
writing sulcal depths to ../surf/lh.sulc

inflation complete.
inflation took 0.3 minutes
mris_inflate utimesec    68.411632
mris_inflate stimesec    0.752060
mris_inflate ru_maxrss   266168
mris_inflate ru_ixrss    0
mris_inflate ru_idrss    0
mris_inflate ru_isrss    0
mris_inflate ru_minflt   201116
mris_inflate ru_majflt   13
mris_inflate ru_nswap    0
mris_inflate ru_inblock  130
mris_inflate ru_oublock  13544
mris_inflate ru_msgsnd   0
mris_inflate ru_msgrcv   0
mris_inflate ru_nsignals 0
mris_inflate ru_nvcsw    7116
mris_inflate ru_nivcsw   271
#--------------------------------------------
#@# Curv .H and .K lh Sat Mar 14 01:33:22 CET 2026
/out/sourcedata/freesurfer/sub-v2s7x29796_ses-1/surf

 mris_curvature -w -seed 1234 lh.white.preaparc 

setting seed for random number generator to 1234
total integrated curvature = 38.633*4pi (485.480) --> -38 handles
ICI = 202.6, FI = 1778.6, variation=28591.262
writing Gaussian curvature to ./lh.white.preaparc.K...done.
writing mean curvature to ./lh.white.preaparc.H...done.
rm -f lh.white.H
ln -s lh.white.preaparc.H lh.white.H
rm -f lh.white.K
ln -s lh.white.preaparc.K lh.white.K

 mris_curvature -seed 1234 -thresh .999 -n -a 5 -w -distances 10 10 lh.inflated 

setting seed for random number generator to 1234
normalizing curvature values.
averaging curvature patterns 5 times.
sampling 10 neighbors out to a distance of 10 mm
266 vertices thresholded to be in k1 ~ [-1.40 0.53], k2 ~ [-0.26 0.23]
total integrated curvature = 0.180*4pi (2.265) --> 1 handles
ICI = 1.8, FI = 13.7, variation=233.413
223 vertices thresholded to be in [-0.08 0.06]
writing Gaussian curvature to ./lh.inflated.K...thresholding curvature at 99.90% level
curvature mean = 0.000, std = 0.003
169 vertices thresholded to be in [-0.58 0.21]
done.
writing mean curvature to ./lh.inflated.H...curvature mean = -0.015, std = 0.030
done.
#--------------------------------------------
#@# Sphere lh Sat Mar 14 01:34:19 CET 2026
/out/sourcedata/freesurfer/sub-v2s7x29796_ses-1/scripts

 mris_sphere -seed 1234 ../surf/lh.inflated ../surf/lh.sphere 

setting seed for random number genererator to 1234
version: 7.3.2
available threads: 16
reading original vertex positions...
projecting onto sphere...
surface projected - minimizing metric distortion...
scaling brain by 0.252...
MRISunfold() max_passes = 1 -------
tol=5.0e-01, sigma=0.0, host=dna06, nav=1024, nbrs=2, l_area=1.000, l_dist=1.000
using quadratic fit line minimization
complete_dist_mat 0
rms 0
smooth_averages 0
remove_neg 0
ico_order 0
which_surface 0
target_radius 0.000000
nfields 0
scale 1.000000
desired_rms_height -1.000000
momentum 0.900000
nbhd_size 7
max_nbrs 8
niterations 25
nsurfaces 0
SURFACES 3
flags 0 (0)
use curv 0
no sulc 0
no rigid align 0
mris->nsize 2
mris->hemisphere 0
randomSeed 1234

singular matrix in quadratic form
--------------------
  mrisRemoveNegativeArea()
pass 1: epoch 1 of 3 starting distance error %20.12
pass 1: epoch 2 of 3 starting distance error %20.04
unfolding complete - removing small folds...
starting distance error %19.90
removing remaining folds...
final distance error %19.94
MRISunfold() return, current seed 1234
-01: dt=0.0000,   9 negative triangles  VmPeak 2336364
205: dt=0.9900,   9 negative triangles
writing spherical brain to ../surf/lh.sphere
spherical transformation took 0.0733 hours
FSRUNTIME@ mris_sphere  0.0733 hours 16 threads
#VMPC# mris_sphere VmPeak  2336364
mris_sphere done
#--------------------------------------------
#@# Surf Reg lh Sat Mar 14 01:38:42 CET 2026
/out/sourcedata/freesurfer/sub-v2s7x29796_ses-1/scripts

 mris_register -curv ../surf/lh.sphere /opt/freesurfer/average/lh.folding.atlas.acfb40.noaparc.i12.2016-08-02.tif ../surf/lh.sphere.reg 

using smoothwm curvature for final alignment

cwd /out/sourcedata/freesurfer/sub-v2s7x29796_ses-1/scripts
cmdline mris_register -curv ../surf/lh.sphere /opt/freesurfer/average/lh.folding.atlas.acfb40.noaparc.i12.2016-08-02.tif ../surf/lh.sphere.reg 

0 inflated.H
1 sulc
2 smoothwm (computed)
7.3.2
  7.3.2
reading surface from ../surf/lh.sphere...
reading template parameterization from /opt/freesurfer/average/lh.folding.atlas.acfb40.noaparc.i12.2016-08-02.tif...
MRISregister() -------
max_passes = 4 
min_degrees = 0.500000 
max_degrees = 64.000000 
nangles = 8 
tol=5.0e-01, sigma=0.0, host=dna06, nav=1024, nbrs=1, l_extern=10000.000, l_parea=0.200, l_nlarea=1.000, l_corr=1.000, l_dist=5.000
using quadratic fit line minimization
complete_dist_mat 0
rms 0
smooth_averages 0
remove_neg 0
ico_order 0
which_surface 0
target_radius 0.000000
nfields 0
scale 0.000000
desired_rms_height -1.000000
momentum 0.950000
nbhd_size -10
max_nbrs 10
niterations 25
nsurfaces 0
SURFACES 3
flags 16 (10)
use curv 16
no sulc 0
no rigid align 0
mris->nsize 1
mris->hemisphere 0
randomSeed 0

tol=5.0e-01, sigma=0.0, host=dna06, nav=1024, nbrs=1, l_extern=10000.000, l_parea=0.200, l_nlarea=1.000, l_corr=1.000, l_dist=5.000
using quadratic fit line minimization
--------------------
1 Reading lh.sulc
tol=1.0e+00, sigma=0.5, host=dna06, nav=1024, nbrs=1, l_extern=10000.000, l_parea=0.200, l_nlarea=1.000, l_corr=0.050, l_spring=0.500, l_dist=5.000
using quadratic fit line minimization
curvature mean = -0.000, std = 5.922
curvature mean = 0.038, std = 0.819
curvature mean = 0.006, std = 0.851
Starting MRISrigidBodyAlignGlobal()
Starting new MRISrigidBodyAlignGlobal_findMinSSE()
  new MRISrigidBodyAlignGlobal_findMinSSE min @ (3.50, -10.00, 11.00) sse = 284620.8, elapsed since starting=0.1355 min
MRISrigidBodyAlignGlobal() done   0.14 min
curvature mean = 0.011, std = 0.830
curvature mean = 0.002, std = 0.941
curvature mean = 0.007, std = 0.838
curvature mean = 0.001, std = 0.975
curvature mean = 0.002, std = 0.838
curvature mean = 0.000, std = 0.989
2 Reading smoothwm
curvature mean = -0.019, std = 0.257
curvature mean = 0.040, std = 0.246
curvature mean = 0.034, std = 0.355
curvature mean = 0.037, std = 0.302
curvature mean = 0.029, std = 0.539
curvature mean = 0.036, std = 0.328
curvature mean = 0.017, std = 0.687
curvature mean = 0.036, std = 0.340
curvature mean = 0.006, std = 0.793
MRISregister() return, current seed 0
-01: dt=0.0000,  35 negative triangles  VmPeak 2435608
148: dt=0.9900,  35 negative triangles
149: dt=0.9900,  31 negative triangles
150: dt=0.9900,  29 negative triangles
151: dt=0.9900,  32 negative triangles
152: dt=0.9900,  26 negative triangles
153: dt=0.9900,  16 negative triangles
154: dt=0.9900,  19 negative triangles
155: dt=0.9900,  16 negative triangles
156: dt=0.9900,  20 negative triangles
157: dt=0.9900,  15 negative triangles
158: dt=0.9900,  19 negative triangles
159: dt=0.9900,  11 negative triangles
160: dt=0.9900,   8 negative triangles
161: dt=0.9900,   9 negative triangles
162: dt=0.9900,   4 negative triangles
163: dt=0.9900,   6 negative triangles
164: dt=0.9900,   3 negative triangles
165: dt=0.9900,   3 negative triangles
166: dt=0.9900,   4 negative triangles
167: dt=0.9900,   3 negative triangles
168: dt=0.9900,   3 negative triangles
169: dt=0.9900,   1 negative triangles
writing registered surface to ../surf/lh.sphere.reg...
registration took 0.09 hours
#VMPC# mris_register VmPeak  2435608
FSRUNTIME@ mris_register  0.0941 hours 16 threads

 ln -sf lh.sphere.reg lh.fsaverage.sphere.reg 

#--------------------------------------------
#@# Jacobian white lh Sat Mar 14 01:44:21 CET 2026
/out/sourcedata/freesurfer/sub-v2s7x29796_ses-1/scripts

 mris_jacobian ../surf/lh.white.preaparc ../surf/lh.sphere.reg ../surf/lh.jacobian_white 

reading surface from ../surf/lh.white.preaparc...
writing curvature file ../surf/lh.jacobian_white
#--------------------------------------------
#@# AvgCurv lh Sat Mar 14 01:44:22 CET 2026
/out/sourcedata/freesurfer/sub-v2s7x29796_ses-1/scripts

 mrisp_paint -a 5 /opt/freesurfer/average/lh.folding.atlas.acfb40.noaparc.i12.2016-08-02.tif#6 ../surf/lh.sphere.reg ../surf/lh.avg_curv 

averaging curvature patterns 5 times...
reading surface from ../surf/lh.sphere.reg...
reading template parameterization from /opt/freesurfer/average/lh.folding.atlas.acfb40.noaparc.i12.2016-08-02.tif...
writing curvature file to ../surf/lh.avg_curv...
#-----------------------------------------
#@# Cortical Parc lh Sat Mar 14 01:44:23 CET 2026
/out/sourcedata/freesurfer/sub-v2s7x29796_ses-1/scripts

 mris_ca_label -l ../label/lh.cortex.label -aseg ../mri/aseg.presurf.mgz -seed 1234 sub-v2s7x29796_ses-1 lh ../surf/lh.sphere.reg /opt/freesurfer/average/lh.DKaparc.atlas.acfb40.noaparc.i12.2016-08-02.gcs ../label/lh.aparc.annot 

setting seed for random number generator to 1234
using ../mri/aseg.presurf.mgz aseg volume to correct midline
7.3.2
  7.3.2
reading atlas from /opt/freesurfer/average/lh.DKaparc.atlas.acfb40.noaparc.i12.2016-08-02.gcs...
reading color table from GCSA file....
average std = 0.8   using min determinant for regularization = 0.006
0 singular and 342 ill-conditioned covariance matrices regularized
input 0: MEAN CURVATURE, flags 0, avgs 5, name mean_curvature
labeling surface...
1411 labels changed using aseg
relabeling using gibbs priors...
000:   3747 changed, 173120 examined...
001:    903 changed, 15571 examined...
002:    242 changed, 5092 examined...
003:     83 changed, 1435 examined...
004:     22 changed, 504 examined...
005:     13 changed, 129 examined...
006:     10 changed, 63 examined...
007:      4 changed, 57 examined...
008:      4 changed, 23 examined...
009:      1 changed, 19 examined...
010:      0 changed, 6 examined...
348 labels changed using aseg
000: 116 total segments, 78 labels (446 vertices) changed
001: 41 total segments, 3 labels (9 vertices) changed
002: 38 total segments, 0 labels (0 vertices) changed
10 filter iterations complete (10 requested, 4 changed)
rationalizing unknown annotations with cortex label
relabeling unknown label...
relabeling corpuscallosum label...
2529 vertices marked for relabeling...
2529 labels changed in reclassification.
writing output to ../label/lh.aparc.annot...
classification took 0 minutes and 11 seconds.
#--------------------------------------------
#@# WhiteSurfs lh Sat Mar 14 01:44:34 CET 2026
cd /out/sourcedata/freesurfer/sub-v2s7x29796_ses-1/mri
mris_place_surface --adgws-in ../surf/autodet.gw.stats.lh.dat --seg aseg.presurf.mgz --threads 16 --wm wm.mgz --invol brain.finalsurfs.mgz --lh --i ../surf/lh.white.preaparc --o ../surf/lh.white --white --nsmooth 0 --rip-label ../label/lh.cortex.label --rip-bg --rip-surf ../surf/lh.white.preaparc --aparc ../label/lh.aparc.annot
7.3.2
7.3.2

cd /out/sourcedata/freesurfer/sub-v2s7x29796_ses-1/mri
setenv SUBJECTS_DIR /out/sourcedata/freesurfer
mris_place_surface --adgws-in ../surf/autodet.gw.stats.lh.dat --seg aseg.presurf.mgz --threads 16 --wm wm.mgz --invol brain.finalsurfs.mgz --lh --i ../surf/lh.white.preaparc --o ../surf/lh.white --white --nsmooth 0 --rip-label ../label/lh.cortex.label --rip-bg --rip-surf ../surf/lh.white.preaparc --aparc ../label/lh.aparc.annot 

Reading in input surface ../surf/lh.white.preaparc
Not smoothing input surface
removing intersecting faces
000: 392 intersecting
step 1 with no progress (num=449, old_num=392)
001: 449 intersecting
002: 421 intersecting
003: 395 intersecting
step 1 with no progress (num=396, old_num=395)
004: 396 intersecting
step 2 with no progress (num=396, old_num=396)
005: 396 intersecting
step 3 with no progress (num=396, old_num=396)
006: 396 intersecting
step 4 with no progress (num=396, old_num=396)
007: 396 intersecting
step 5 with no progress (num=396, old_num=396)
008: 396 intersecting
step 6 with no progress (num=396, old_num=396)
009: 396 intersecting
step 7 with no progress (num=396, old_num=396)
010: 396 intersecting
step 8 with no progress (num=396, old_num=396)
011: 396 intersecting
step 9 with no progress (num=396, old_num=396)
012: 396 intersecting
step 10 with no progress (num=396, old_num=396)
013: 396 intersecting
step 11 with no progress (num=396, old_num=396)
014: 396 intersecting
step 12 with no progress (num=396, old_num=396)
015: 396 intersecting
step 13 with no progress (num=396, old_num=396)
016: 396 intersecting
step 14 with no progress (num=396, old_num=396)
017: 396 intersecting
step 15 with no progress (num=396, old_num=396)
018: 396 intersecting
step 16 with no progress (num=396, old_num=396)
terminating search with 392 intersecting
Area    346236  0.35362  0.12400 0.000517   2.3850
Corner 1038708 60.00000 13.47453 0.283229 178.6874
Edge    519354  0.91453  0.19970 0.012264   3.7326
Hinge   519354  9.87461 12.20092 0.000029 179.9732
Reading in aparc ../label/lh.aparc.annot
Reading in input volume brain.finalsurfs.mgz
Reading in wm volume wm.mgz
MRIclipBrightWM(): nthresh=20394, wmmin=5, clip=110 
MRIfindBrightNonWM(): 1129 bright non-wm voxels segmented.
Masking bright non-wm for white surface
MRImask(): AllowDiffGeom = 1
MRImask(): AllowDiffGeom = 1
Reading in seg volume aseg.presurf.mgz
Ripping frozen voxels
Ripping vertices not in label ../label/lh.cortex.label
MRISripNotLabel() ripped 9580/173120 vertices (163540 unripped)
Reading in ripping surface ../surf/lh.white.preaparc
Reading in aparc ../label/lh.aparc.annot for ripsurf
Ripping BG
MRISripBasalGanglia(): 1 -2 2 0.5 ripped 446
Ripping segs (eg, WMSA, BG, frozen)
Starting MRISripSegs() d = (-2 2 0.5) segnos: 247 
MRISripSegs(): -2 2 0.5 ripped 0
vertex 86560: xyz = (-48.741,5.49964,28.9089) oxyz = (-48.741,5.49964,28.9089) wxzy = (-48.741,5.49964,28.9089) pxyz = (0,0,0) 
CBVO Creating mask 173120
n_averages 4
Iteration 0 =========================================
n_averages=4, current_sigma=2
Computing target border values 
Entering MRIScomputeBorderValues_new(): 
  inside_hi   = 120.0000000;
  border_hi   = 108.4621890;
  border_low  =  72.0000000;
  outside_low =  62.6246570;
  outside_hi  = 108.4621890;
  sigma = 2;
  max_thickness = 10;
  step_size=0.5;
  STEP_SIZE=0.1;
  which = 1
  thresh = 0
  flags = 0
  CBVfindFirstPeakD1=0
  CBVfindFirstPeakD2=0
  nvertices=173120
  Gdiag_no=-1
  vno start=0, stop=173120
Replacing 255s with 0s
#SI# sigma=2 had to be increased for 423 vertices, nripped=10026
mean border=83.9, 1349 (1349) missing vertices, mean dist 0.1 [0.7 (%25.7)->0.4 (%74.3))]
%69 local maxima, %24 large gradients and % 0 min vals, 0 gradients ignored
nFirstPeakD1 0
MRIScomputeBorderValues_new() finished in 0.0149 min


Finding expansion regions
mean absolute distance = 0.50 +- 0.94
3674 vertices more than 2 sigmas from mean.
Averaging target values for 5 iterations...
Positioning Surface: tspring = 0.3, nspring = 0.3, spring = 0, niters = 100 l_repulse = 5, l_surf_repulse = 0, checktol = 0
Positioning pial surface
Entering MRISpositionSurface()
  max_mm = 0.3
  MAX_REDUCTIONS = 2, REDUCTION_PCT = 0.5
  parms->check_tol = 0, niterations = 100
tol=1.0e-04, sigma=2.0, host=dna06, nav=4, nbrs=2, l_repulse=5.000, l_tspring=0.300, l_nspring=0.300, l_intensity=0.200, l_curv=1.000
mom=0.00, dt=0.50
complete_dist_mat 0
rms 0
smooth_averages 0
remove_neg 0
ico_order 0
which_surface 0
target_radius 0.000000
nfields 0
scale 0.000000
desired_rms_height 0.000000
momentum 0.000000
nbhd_size 0
max_nbrs 0
niterations 100
nsurfaces 0
SURFACES 3
flags 0 (0)
use curv 0
no sulc 0
no rigid align 0
mris->nsize 2
mris->hemisphere 0
randomSeed 0

000: dt: 0.0000, sse=1263805.9, rms=5.125
001: dt: 0.5000, sse=795250.2, rms=3.476 (32.188%)
002: dt: 0.5000, sse=625570.6, rms=2.740 (21.153%)
rms = 2.7309/2.7404, sse=636829.3/625570.6, time step reduction 1 of 3 to 0.250  0 1 1
003: dt: 0.5000, sse=636829.4, rms=2.731 (0.347%)
004: dt: 0.2500, sse=514809.1, rms=2.109 (22.781%)
rms = 2.0618/2.1088, sse=512928.3/514809.1, time step reduction 2 of 3 to 0.125  0 0 1
005: dt: 0.2500, sse=512928.3, rms=2.062 (2.229%)
006: dt: 0.1250, sse=491946.3, rms=1.884 (8.633%)
007: dt: 0.1250, sse=477494.4, rms=1.823 (3.242%)
rms = 1.8176/1.8227, sse=479446.0/477494.4, time step reduction 3 of 3 to 0.062  0 1 1
008: dt: 0.1250, sse=479445.9, rms=1.818 (0.281%)
  maximum number of reductions reached, breaking from loop
positioning took 0.8 minutes
Iteration 1 =========================================
n_averages=2, current_sigma=1
Computing target border values 
Entering MRIScomputeBorderValues_new(): 
  inside_hi   = 120.0000000;
  border_hi   = 108.4621890;
  border_low  =  72.0000000;
  outside_low =  62.6246570;
  outside_hi  = 108.4621890;
  sigma = 1;
  max_thickness = 10;
  step_size=0.5;
  STEP_SIZE=0.1;
  which = 1
  thresh = 0
  flags = 0
  CBVfindFirstPeakD1=0
  CBVfindFirstPeakD2=0
  nvertices=173120
  Gdiag_no=-1
  vno start=0, stop=173120
Replacing 255s with 0s
#SI# sigma=1 had to be increased for 386 vertices, nripped=10026
mean border=85.5, 839 (600) missing vertices, mean dist -0.2 [0.4 (%64.6)->0.3 (%35.4))]
%74 local maxima, %19 large gradients and % 1 min vals, 0 gradients ignored
nFirstPeakD1 0
MRIScomputeBorderValues_new() finished in 0.0118 min


Finding expansion regions
mean absolute distance = 0.35 +- 0.74
3676 vertices more than 2 sigmas from mean.
Averaging target values for 5 iterations...
Positioning Surface: tspring = 0.3, nspring = 0.3, spring = 0, niters = 100 l_repulse = 5, l_surf_repulse = 0, checktol = 0
Positioning pial surface
Entering MRISpositionSurface()
  max_mm = 0.3
  MAX_REDUCTIONS = 2, REDUCTION_PCT = 0.5
  parms->check_tol = 0, niterations = 100
tol=1.0e-04, sigma=1.0, host=dna06, nav=2, nbrs=2, l_repulse=5.000, l_tspring=0.300, l_nspring=0.300, l_intensity=0.200, l_curv=1.000
mom=0.00, dt=0.50
000: dt: 0.0000, sse=785306.8, rms=3.532
009: dt: 0.5000, sse=721446.6, rms=2.929 (17.075%)
010: dt: 0.5000, sse=625518.1, rms=2.511 (14.254%)
rms = 2.7507/2.5115, sse=628081.8/625518.1, time step reduction 1 of 3 to 0.250  0 1 1
   RMS increased, rejecting step
011: dt: 0.2500, sse=552516.6, rms=2.135 (14.972%)
012: dt: 0.2500, sse=543192.6, rms=2.085 (2.379%)
rms = 2.2284/2.0847, sse=557224.3/543192.5, time step reduction 2 of 3 to 0.125  0 1 1
   RMS increased, rejecting step
013: dt: 0.1250, sse=523757.7, rms=1.996 (4.230%)
014: dt: 0.1250, sse=521741.3, rms=1.917 (3.961%)
rms = 1.8885/1.9174, sse=505047.4/521741.3, time step reduction 3 of 3 to 0.062  0 0 1
015: dt: 0.1250, sse=505047.3, rms=1.888 (1.509%)
  maximum number of reductions reached, breaking from loop
positioning took 0.9 minutes
Iteration 2 =========================================
n_averages=1, current_sigma=0.5
Computing target border values 
Entering MRIScomputeBorderValues_new(): 
  inside_hi   = 120.0000000;
  border_hi   = 108.4621890;
  border_low  =  72.0000000;
  outside_low =  62.6246570;
  outside_hi  = 108.4621890;
  sigma = 0.5;
  max_thickness = 10;
  step_size=0.5;
  STEP_SIZE=0.1;
  which = 1
  thresh = 0
  flags = 0
  CBVfindFirstPeakD1=0
  CBVfindFirstPeakD2=0
  nvertices=173120
  Gdiag_no=-1
  vno start=0, stop=173120
Replacing 255s with 0s
#SI# sigma=0.5 had to be increased for 419 vertices, nripped=10026
mean border=86.6, 807 (451) missing vertices, mean dist -0.1 [0.3 (%62.3)->0.2 (%37.7))]
%79 local maxima, %14 large gradients and % 1 min vals, 0 gradients ignored
nFirstPeakD1 0
MRIScomputeBorderValues_new() finished in 0.0074 min


Finding expansion regions
mean absolute distance = 0.31 +- 0.60
4378 vertices more than 2 sigmas from mean.
Averaging target values for 5 iterations...
Positioning Surface: tspring = 0.3, nspring = 0.3, spring = 0, niters = 100 l_repulse = 5, l_surf_repulse = 0, checktol = 0
Positioning pial surface
Entering MRISpositionSurface()
  max_mm = 0.3
  MAX_REDUCTIONS = 2, REDUCTION_PCT = 0.5
  parms->check_tol = 0, niterations = 100
tol=1.0e-04, sigma=0.5, host=dna06, nav=1, nbrs=2, l_repulse=5.000, l_tspring=0.300, l_nspring=0.300, l_intensity=0.200, l_curv=1.000
mom=0.00, dt=0.50
000: dt: 0.0000, sse=653262.4, rms=2.862
rms = 2.9515/2.8623, sse=681313.8/653262.5, time step reduction 1 of 3 to 0.250  0 1 1
   RMS increased, rejecting step
016: dt: 0.2500, sse=578156.6, rms=2.451 (14.382%)
017: dt: 0.2500, sse=567804.6, rms=2.297 (6.278%)
rms = 2.2983/2.2968, sse=559696.5/567804.6, time step reduction 2 of 3 to 0.125  0 0 1
   RMS increased, rejecting step
018: dt: 0.1250, sse=545599.6, rms=2.183 (4.938%)
019: dt: 0.1250, sse=522363.7, rms=2.020 (7.504%)
020: dt: 0.1250, sse=510694.0, rms=1.960 (2.960%)
rms = 1.9401/1.9598, sse=507798.4/510694.0, time step reduction 3 of 3 to 0.062  0 0 1
021: dt: 0.1250, sse=507798.4, rms=1.940 (1.005%)
  maximum number of reductions reached, breaking from loop
positioning took 0.8 minutes
Iteration 3 =========================================
n_averages=0, current_sigma=0.25
Computing target border values 
Entering MRIScomputeBorderValues_new(): 
  inside_hi   = 120.0000000;
  border_hi   = 108.4621890;
  border_low  =  72.0000000;
  outside_low =  62.6246570;
  outside_hi  = 108.4621890;
  sigma = 0.25;
  max_thickness = 10;
  step_size=0.5;
  STEP_SIZE=0.1;
  which = 1
  thresh = 0
  flags = 0
  CBVfindFirstPeakD1=0
  CBVfindFirstPeakD2=0
  nvertices=173120
  Gdiag_no=-1
  vno start=0, stop=173120
Replacing 255s with 0s
#SI# sigma=0.25 had to be increased for 323 vertices, nripped=10026
mean border=87.1, 940 (404) missing vertices, mean dist -0.1 [0.3 (%54.9)->0.2 (%45.1))]
%82 local maxima, %10 large gradients and % 1 min vals, 0 gradients ignored
nFirstPeakD1 0
MRIScomputeBorderValues_new() finished in 0.0048 min


Finding expansion regions
mean absolute distance = 0.29 +- 0.49
4421 vertices more than 2 sigmas from mean.
Averaging target values for 5 iterations...
Positioning Surface: tspring = 0.3, nspring = 0.3, spring = 0, niters = 100 l_repulse = 5, l_surf_repulse = 0, checktol = 0
Positioning pial surface
Entering MRISpositionSurface()
  max_mm = 0.3
  MAX_REDUCTIONS = 2, REDUCTION_PCT = 0.5
  parms->check_tol = 0, niterations = 100
tol=1.0e-04, sigma=0.2, host=dna06, nav=0, nbrs=2, l_repulse=5.000, l_tspring=0.300, l_nspring=0.300, l_intensity=0.200, l_curv=1.000
mom=0.00, dt=0.50
000: dt: 0.0000, sse=580716.1, rms=2.459
rms = 2.8009/2.4589, sse=652209.0/580716.2, time step reduction 1 of 3 to 0.250  0 1 1
   RMS increased, rejecting step
022: dt: 0.2500, sse=524241.7, rms=2.118 (13.867%)
rms = 2.1186/2.1179, sse=550489.8/524241.7, time step reduction 2 of 3 to 0.125  0 1 1
   RMS increased, rejecting step
023: dt: 0.1250, sse=515628.8, rms=2.048 (3.302%)
024: dt: 0.1250, sse=499154.8, rms=1.882 (8.095%)
025: dt: 0.1250, sse=494761.0, rms=1.826 (3.003%)
rms = 1.7761/1.8257, sse=477464.2/494761.0, time step reduction 3 of 3 to 0.062  0 0 1
026: dt: 0.1250, sse=477464.2, rms=1.776 (2.714%)
  maximum number of reductions reached, breaking from loop
positioning took 0.7 minutes
removing intersecting faces
000: 392 intersecting
step 1 with no progress (num=463, old_num=392)
001: 463 intersecting
002: 419 intersecting
003: 413 intersecting
step 1 with no progress (num=424, old_num=413)
004: 424 intersecting
005: 412 intersecting
006: 409 intersecting
step 1 with no progress (num=409, old_num=409)
007: 409 intersecting
step 2 with no progress (num=409, old_num=409)
008: 409 intersecting
step 3 with no progress (num=409, old_num=409)
009: 409 intersecting
step 4 with no progress (num=409, old_num=409)
010: 409 intersecting
step 5 with no progress (num=409, old_num=409)
011: 409 intersecting
step 6 with no progress (num=409, old_num=409)
012: 409 intersecting
step 7 with no progress (num=409, old_num=409)
013: 409 intersecting
step 8 with no progress (num=409, old_num=409)
014: 409 intersecting
step 9 with no progress (num=409, old_num=409)
015: 409 intersecting
step 10 with no progress (num=409, old_num=409)
016: 409 intersecting
step 11 with no progress (num=409, old_num=409)
017: 409 intersecting
step 12 with no progress (num=409, old_num=409)
018: 409 intersecting
step 13 with no progress (num=409, old_num=409)
019: 409 intersecting
step 14 with no progress (num=409, old_num=409)
020: 409 intersecting
step 15 with no progress (num=409, old_num=409)
021: 409 intersecting
step 16 with no progress (num=409, old_num=409)
terminating search with 392 intersecting


Writing output to ../surf/lh.white
#ET# mris_place_surface  4.03 minutes
#VMPC# mris_place_surfaces VmPeak  3452088
mris_place_surface done
#--------------------------------------------
#@# T1PialSurf lh Sat Mar 14 01:49:26 CET 2026
cd /out/sourcedata/freesurfer/sub-v2s7x29796_ses-1/mri
mris_place_surface --adgws-in ../surf/autodet.gw.stats.lh.dat --seg aseg.presurf.mgz --threads 16 --wm wm.mgz --invol brain.finalsurfs.mgz --lh --i ../surf/lh.white --o ../surf/lh.pial.T1 --pial --nsmooth 0 --rip-label ../label/lh.cortex+hipamyg.label --pin-medial-wall ../label/lh.cortex.label --aparc ../label/lh.aparc.annot --repulse-surf ../surf/lh.white --white-surf ../surf/lh.white
7.3.2
7.3.2

cd /out/sourcedata/freesurfer/sub-v2s7x29796_ses-1/mri
setenv SUBJECTS_DIR /out/sourcedata/freesurfer
mris_place_surface --adgws-in ../surf/autodet.gw.stats.lh.dat --seg aseg.presurf.mgz --threads 16 --wm wm.mgz --invol brain.finalsurfs.mgz --lh --i ../surf/lh.white --o ../surf/lh.pial.T1 --pial --nsmooth 0 --rip-label ../label/lh.cortex+hipamyg.label --pin-medial-wall ../label/lh.cortex.label --aparc ../label/lh.aparc.annot --repulse-surf ../surf/lh.white --white-surf ../surf/lh.white 

Reading in input surface ../surf/lh.white
Not smoothing input surface
removing intersecting faces
000: 392 intersecting
step 1 with no progress (num=463, old_num=392)
001: 463 intersecting
002: 419 intersecting
003: 413 intersecting
step 1 with no progress (num=424, old_num=413)
004: 424 intersecting
005: 412 intersecting
006: 409 intersecting
step 1 with no progress (num=409, old_num=409)
007: 409 intersecting
step 2 with no progress (num=409, old_num=409)
008: 409 intersecting
step 3 with no progress (num=409, old_num=409)
009: 409 intersecting
step 4 with no progress (num=409, old_num=409)
010: 409 intersecting
step 5 with no progress (num=409, old_num=409)
011: 409 intersecting
step 6 with no progress (num=409, old_num=409)
012: 409 intersecting
step 7 with no progress (num=409, old_num=409)
013: 409 intersecting
step 8 with no progress (num=409, old_num=409)
014: 409 intersecting
step 9 with no progress (num=409, old_num=409)
015: 409 intersecting
step 10 with no progress (num=409, old_num=409)
016: 409 intersecting
step 11 with no progress (num=409, old_num=409)
017: 409 intersecting
step 12 with no progress (num=409, old_num=409)
018: 409 intersecting
step 13 with no progress (num=409, old_num=409)
019: 409 intersecting
step 14 with no progress (num=409, old_num=409)
020: 409 intersecting
step 15 with no progress (num=409, old_num=409)
021: 409 intersecting
step 16 with no progress (num=409, old_num=409)
terminating search with 392 intersecting
Area    346236  0.35580  0.13873 0.000290   2.8978
Corner 1038708 60.00000 14.42858 0.099259 179.4082
Edge    519354  0.91816  0.21684 0.022856   4.3215
Hinge   519354  9.88371 12.31039 0.000029 179.9503
Reading white surface coordinates from ../surf/lh.white
Reading repulsion surface coordinates from ../surf/lh.white
Reading in aparc ../label/lh.aparc.annot
Reading in input volume brain.finalsurfs.mgz
Reading in wm volume wm.mgz
MRIclipBrightWM(): nthresh=20394, wmmin=5, clip=110 
MRIfindBrightNonWM(): 1129 bright non-wm voxels segmented.
Masking bright non-wm for pial surface mid_gray = 68.7059
MRImask(): AllowDiffGeom = 1
MRImask(): AllowDiffGeom = 1
MRImask(): AllowDiffGeom = 1
Reading in seg volume aseg.presurf.mgz
Ripping frozen voxels
Ripping vertices not in label ../label/lh.cortex+hipamyg.label
MRISripNotLabel() ripped 7125/173120 vertices (165995 unripped)
INFO: rip surface needed but not specified, so using input surface
Ripping segs (eg, WMSA, BG, frozen)
Starting MRISripSegs() d = (-2 2 0.5) segnos: 247 
MRISripSegs(): -2 2 0.5 ripped 0
vertex 86560: xyz = (-48.787,5.50836,28.9633) oxyz = (-48.787,5.50836,28.9633) wxzy = (-48.787,5.50836,28.9633) pxyz = (-48.787,5.50836,28.9633) 
CBVO Creating mask 173120
n_averages 16
Iteration 0 =========================================
n_averages=16, current_sigma=2
Computing target border values 
Entering MRIScomputeBorderValues_new(): 
  inside_hi   =  93.5378110;
  border_hi   =  62.6246570;
  border_low  =  43.8739740;
  outside_low =  10.0000000;
  outside_hi  =  57.9369850;
  sigma = 2;
  max_thickness = 10;
  step_size=0.5;
  STEP_SIZE=0.1;
  which = 2
  thresh = 0
  flags = 0
  CBVfindFirstPeakD1=0
  CBVfindFirstPeakD2=0
  nvertices=173120
  Gdiag_no=-1
  vno start=0, stop=173120
Replacing 255s with 0s
#SI# sigma=2 had to be increased for 421 vertices, nripped=7125
mean border=61.5, 1423 (1423) missing vertices, mean dist 1.5 [2.6 (%0.1)->3.0 (%99.9))]
%12 local maxima, %36 large gradients and %47 min vals, 0 gradients ignored
nFirstPeakD1 0
MRIScomputeBorderValues_new() finished in 0.0160 min


Averaging target values for 5 iterations...
Positioning Surface: tspring = 0.3, nspring = 0.3, spring = 0, niters = 100 l_repulse = 0, l_surf_repulse = 5, checktol = 0
Positioning pial surface
Entering MRISpositionSurface()
  max_mm = 0.3
  MAX_REDUCTIONS = 2, REDUCTION_PCT = 0.5
  parms->check_tol = 0, niterations = 100
tol=1.0e-04, sigma=2.0, host=dna06, nav=16, nbrs=2, l_surf_repulse=5.000, l_tspring=0.300, l_nspring=0.300, l_intensity=0.200, l_curv=1.000
mom=0.00, dt=0.50
complete_dist_mat 0
rms 0
smooth_averages 0
remove_neg 0
ico_order 0
which_surface 0
target_radius 0.000000
nfields 0
scale 0.000000
desired_rms_height 0.000000
momentum 0.000000
nbhd_size 0
max_nbrs 0
niterations 100
nsurfaces 0
SURFACES 3
flags 0 (0)
use curv 0
no sulc 0
no rigid align 0
mris->nsize 2
mris->hemisphere 0
randomSeed 0

000: dt: 0.0000, sse=22891808.0, rms=26.221
001: dt: 0.5000, sse=16095104.0, rms=21.932 (16.356%)
002: dt: 0.5000, sse=11382274.0, rms=18.379 (16.201%)
003: dt: 0.5000, sse=7948185.5, rms=15.277 (16.881%)
004: dt: 0.5000, sse=5794691.0, rms=12.955 (15.196%)
005: dt: 0.5000, sse=4303126.5, rms=11.064 (14.602%)
006: dt: 0.5000, sse=3443839.0, rms=9.807 (11.361%)
007: dt: 0.5000, sse=2748164.5, rms=8.655 (11.745%)
008: dt: 0.5000, sse=2378472.2, rms=7.972 (7.892%)
009: dt: 0.5000, sse=1991015.8, rms=7.187 (9.840%)
010: dt: 0.5000, sse=1833598.1, rms=6.839 (4.851%)
011: dt: 0.5000, sse=1607527.1, rms=6.309 (7.750%)
012: dt: 0.5000, sse=1546473.6, rms=6.153 (2.467%)
013: dt: 0.5000, sse=1400165.5, rms=5.774 (6.162%)
014: dt: 0.5000, sse=1374649.1, rms=5.701 (1.271%)
015: dt: 0.5000, sse=1273951.4, rms=5.420 (4.928%)
rms = 5.4428/5.4196, sse=1284035.9/1273951.4, time step reduction 1 of 3 to 0.250  0 1 1
   RMS increased, rejecting step
016: dt: 0.2500, sse=1144948.2, rms=5.037 (7.056%)
rms = 5.1352/5.0372, sse=1179737.4/1144948.3, time step reduction 2 of 3 to 0.125  0 1 1
   RMS increased, rejecting step
017: dt: 0.1250, sse=1120949.4, rms=4.963 (1.478%)
018: dt: 0.1250, sse=1101523.5, rms=4.898 (1.302%)
019: dt: 0.1250, sse=1078498.8, rms=4.824 (1.523%)
020: dt: 0.1250, sse=1056706.0, rms=4.752 (1.476%)
021: dt: 0.1250, sse=1033560.3, rms=4.676 (1.604%)
rms = 4.6748/4.6761, sse=1033614.2/1033560.3, time step reduction 3 of 3 to 0.062  0 1 1
022: dt: 0.1250, sse=1033614.2, rms=4.675 (0.027%)
  maximum number of reductions reached, breaking from loop
positioning took 2.1 minutes
Iteration 1 =========================================
n_averages=8, current_sigma=1
Computing target border values 
Entering MRIScomputeBorderValues_new(): 
  inside_hi   =  93.5378110;
  border_hi   =  62.6246570;
  border_low  =  43.8739740;
  outside_low =  10.0000000;
  outside_hi  =  57.9369850;
  sigma = 1;
  max_thickness = 10;
  step_size=0.5;
  STEP_SIZE=0.1;
  which = 2
  thresh = 0
  flags = 0
  CBVfindFirstPeakD1=0
  CBVfindFirstPeakD2=0
  nvertices=173120
  Gdiag_no=-1
  vno start=0, stop=173120
Replacing 255s with 0s
#SI# sigma=1 had to be increased for 14767 vertices, nripped=7125
mean border=60.6, 3569 (596) missing vertices, mean dist 0.2 [0.2 (%48.0)->0.8 (%52.0))]
%19 local maxima, %33 large gradients and %42 min vals, 0 gradients ignored
nFirstPeakD1 0
MRIScomputeBorderValues_new() finished in 0.0066 min


Averaging target values for 5 iterations...
Positioning Surface: tspring = 0.3, nspring = 0.3, spring = 0, niters = 100 l_repulse = 0, l_surf_repulse = 5, checktol = 0
Positioning pial surface
Entering MRISpositionSurface()
  max_mm = 0.3
  MAX_REDUCTIONS = 2, REDUCTION_PCT = 0.5
  parms->check_tol = 0, niterations = 100
tol=1.0e-04, sigma=1.0, host=dna06, nav=8, nbrs=2, l_surf_repulse=5.000, l_tspring=0.300, l_nspring=0.300, l_intensity=0.200, l_curv=1.000
mom=0.00, dt=0.50
000: dt: 0.0000, sse=1218463.5, rms=5.111
rms = 5.3596/5.1112, sse=1305220.8/1218463.4, time step reduction 1 of 3 to 0.250  0 1 1
   RMS increased, rejecting step
023: dt: 0.2500, sse=1139360.2, rms=4.869 (4.732%)
024: dt: 0.2500, sse=1104985.2, rms=4.758 (2.277%)
rms = 5.0433/4.7585, sse=1197766.5/1104985.3, time step reduction 2 of 3 to 0.125  0 1 1
   RMS increased, rejecting step
025: dt: 0.1250, sse=1080837.2, rms=4.680 (1.644%)
rms = 4.6767/4.6802, sse=1080413.6/1080837.2, time step reduction 3 of 3 to 0.062  0 0 1
026: dt: 0.1250, sse=1080413.6, rms=4.677 (0.076%)
  maximum number of reductions reached, breaking from loop
positioning took 0.4 minutes
Iteration 2 =========================================
n_averages=4, current_sigma=0.5
Computing target border values 
Entering MRIScomputeBorderValues_new(): 
  inside_hi   =  93.5378110;
  border_hi   =  62.6246570;
  border_low  =  43.8739740;
  outside_low =  10.0000000;
  outside_hi  =  57.9369850;
  sigma = 0.5;
  max_thickness = 10;
  step_size=0.5;
  STEP_SIZE=0.1;
  which = 2
  thresh = 0
  flags = 0
  CBVfindFirstPeakD1=0
  CBVfindFirstPeakD2=0
  nvertices=173120
  Gdiag_no=-1
  vno start=0, stop=173120
Replacing 255s with 0s
#SI# sigma=0.5 had to be increased for 16736 vertices, nripped=7125
mean border=60.4, 4177 (543) missing vertices, mean dist 0.1 [0.2 (%47.9)->0.7 (%52.1))]
%25 local maxima, %27 large gradients and %42 min vals, 0 gradients ignored
nFirstPeakD1 0
MRIScomputeBorderValues_new() finished in 0.0041 min


Averaging target values for 5 iterations...
Positioning Surface: tspring = 0.3, nspring = 0.3, spring = 0, niters = 100 l_repulse = 0, l_surf_repulse = 5, checktol = 0
Positioning pial surface
Entering MRISpositionSurface()
  max_mm = 0.3
  MAX_REDUCTIONS = 2, REDUCTION_PCT = 0.5
  parms->check_tol = 0, niterations = 100
tol=1.0e-04, sigma=0.5, host=dna06, nav=4, nbrs=2, l_surf_repulse=5.000, l_tspring=0.300, l_nspring=0.300, l_intensity=0.200, l_curv=1.000
mom=0.00, dt=0.50
000: dt: 0.0000, sse=1147109.1, rms=4.879
rms = 5.0517/4.8786, sse=1203021.2/1147109.2, time step reduction 1 of 3 to 0.250  0 1 1
   RMS increased, rejecting step
027: dt: 0.2500, sse=1070524.1, rms=4.634 (5.009%)
028: dt: 0.2500, sse=1049961.0, rms=4.567 (1.458%)
rms = 4.9740/4.5666, sse=1178415.4/1049961.0, time step reduction 2 of 3 to 0.125  0 1 1
   RMS increased, rejecting step
029: dt: 0.1250, sse=1028156.6, rms=4.493 (1.608%)
rms = 4.5747/4.4931, sse=1052962.3/1028156.5, time step reduction 3 of 3 to 0.062  0 1 1
   RMS increased, rejecting step
030: dt: 0.1250, sse=1052962.2, rms=4.575 (-1.815%)
  maximum number of reductions reached, breaking from loop
positioning took 0.4 minutes
Iteration 3 =========================================
n_averages=2, current_sigma=0.25
Computing target border values 
Entering MRIScomputeBorderValues_new(): 
  inside_hi   =  93.5378110;
  border_hi   =  62.6246570;
  border_low  =  43.8739740;
  outside_low =  10.0000000;
  outside_hi  =  57.9369850;
  sigma = 0.25;
  max_thickness = 10;
  step_size=0.5;
  STEP_SIZE=0.1;
  which = 2
  thresh = 0
  flags = 0
  CBVfindFirstPeakD1=0
  CBVfindFirstPeakD2=0
  nvertices=173120
  Gdiag_no=-1
  vno start=0, stop=173120
Replacing 255s with 0s
#SI# sigma=0.25 had to be increased for 14113 vertices, nripped=7125
mean border=60.0, 8471 (518) missing vertices, mean dist 0.1 [0.2 (%47.0)->0.6 (%53.0))]
%29 local maxima, %22 large gradients and %40 min vals, 0 gradients ignored
nFirstPeakD1 0
MRIScomputeBorderValues_new() finished in 0.0027 min


Averaging target values for 5 iterations...
Positioning Surface: tspring = 0.3, nspring = 0.3, spring = 0, niters = 100 l_repulse = 0, l_surf_repulse = 5, checktol = 0
Positioning pial surface
Entering MRISpositionSurface()
  max_mm = 0.3
  MAX_REDUCTIONS = 2, REDUCTION_PCT = 0.5
  parms->check_tol = 0, niterations = 100
tol=1.0e-04, sigma=0.2, host=dna06, nav=2, nbrs=2, l_surf_repulse=5.000, l_tspring=0.300, l_nspring=0.300, l_intensity=0.200, l_curv=1.000
mom=0.00, dt=0.50
000: dt: 0.0000, sse=1045570.6, rms=4.543
rms = 5.1180/4.5432, sse=1226797.0/1045570.6, time step reduction 1 of 3 to 0.250  0 1 1
   RMS increased, rejecting step
031: dt: 0.2500, sse=994823.6, rms=4.370 (3.802%)
rms = 4.5139/4.3705, sse=1036174.5/994823.6, time step reduction 2 of 3 to 0.125  0 1 1
   RMS increased, rejecting step
rms = 4.3355/4.3705, sse=984821.0/994823.6, time step reduction 3 of 3 to 0.062  0 0 1
032: dt: 0.1250, sse=984820.9, rms=4.336 (0.800%)
  maximum number of reductions reached, breaking from loop
positioning took 0.3 minutes
Pinning medial wall to white surface
removing intersecting faces
000: 400 intersecting
step 1 with no progress (num=650, old_num=400)
001: 650 intersecting
002: 563 intersecting
step 1 with no progress (num=582, old_num=563)
003: 582 intersecting
004: 518 intersecting
005: 504 intersecting
006: 457 intersecting
007: 444 intersecting
008: 440 intersecting
step 1 with no progress (num=440, old_num=440)
009: 440 intersecting
step 2 with no progress (num=440, old_num=440)
010: 440 intersecting
step 3 with no progress (num=440, old_num=440)
011: 440 intersecting
step 4 with no progress (num=440, old_num=440)
012: 440 intersecting
step 5 with no progress (num=440, old_num=440)
013: 440 intersecting
step 6 with no progress (num=440, old_num=440)
014: 440 intersecting
step 7 with no progress (num=440, old_num=440)
015: 440 intersecting
step 8 with no progress (num=440, old_num=440)
016: 440 intersecting
step 9 with no progress (num=440, old_num=440)
017: 440 intersecting
step 10 with no progress (num=440, old_num=440)
018: 440 intersecting
step 11 with no progress (num=440, old_num=440)
019: 440 intersecting
step 12 with no progress (num=440, old_num=440)
020: 440 intersecting
step 13 with no progress (num=440, old_num=440)
021: 440 intersecting
step 14 with no progress (num=440, old_num=440)
022: 440 intersecting
step 15 with no progress (num=440, old_num=440)
023: 440 intersecting
step 16 with no progress (num=440, old_num=440)
terminating search with 400 intersecting


Writing output to ../surf/lh.pial.T1
#ET# mris_place_surface  4.51 minutes
#VMPC# mris_place_surfaces VmPeak  2675332
mris_place_surface done
#@# white curv lh Sat Mar 14 01:54:55 CET 2026
cd /out/sourcedata/freesurfer/sub-v2s7x29796_ses-1/mri
mris_place_surface --curv-map ../surf/lh.white 2 10 ../surf/lh.curv
insurf  ../surf/lh.white, nbrs 2, curvature_avgs 10
writing curvature file ../surf/lh.curv
#@# white area lh Sat Mar 14 01:54:57 CET 2026
cd /out/sourcedata/freesurfer/sub-v2s7x29796_ses-1/mri
mris_place_surface --area-map ../surf/lh.white ../surf/lh.area
writing curvature file ../surf/lh.area
#@# pial curv lh Sat Mar 14 01:54:58 CET 2026
cd /out/sourcedata/freesurfer/sub-v2s7x29796_ses-1/mri
mris_place_surface --curv-map ../surf/lh.pial 2 10 ../surf/lh.curv.pial
insurf  ../surf/lh.pial, nbrs 2, curvature_avgs 10
writing curvature file ../surf/lh.curv.pial
#@# pial area lh Sat Mar 14 01:55:00 CET 2026
cd /out/sourcedata/freesurfer/sub-v2s7x29796_ses-1/mri
mris_place_surface --area-map ../surf/lh.pial ../surf/lh.area.pial
writing curvature file ../surf/lh.area.pial
#@# thickness lh Sat Mar 14 01:55:01 CET 2026
cd /out/sourcedata/freesurfer/sub-v2s7x29796_ses-1/mri
mris_place_surface --thickness ../surf/lh.white ../surf/lh.pial 20 5 ../surf/lh.thickness
0 of 173120 vertices processed
25000 of 173120 vertices processed
50000 of 173120 vertices processed
75000 of 173120 vertices processed
100000 of 173120 vertices processed
125000 of 173120 vertices processed
150000 of 173120 vertices processed
0 of 173120 vertices processed
25000 of 173120 vertices processed
50000 of 173120 vertices processed
75000 of 173120 vertices processed
100000 of 173120 vertices processed
125000 of 173120 vertices processed
150000 of 173120 vertices processed
thickness calculation complete, 501:1703 truncations.
95218 vertices at 0 distance
143715 vertices at 1 distance
65889 vertices at 2 distance
25116 vertices at 3 distance
9774 vertices at 4 distance
3614 vertices at 5 distance
1288 vertices at 6 distance
498 vertices at 7 distance
235 vertices at 8 distance
177 vertices at 9 distance
120 vertices at 10 distance
103 vertices at 11 distance
100 vertices at 12 distance
72 vertices at 13 distance
65 vertices at 14 distance
50 vertices at 15 distance
39 vertices at 16 distance
34 vertices at 17 distance
27 vertices at 18 distance
38 vertices at 19 distance
68 vertices at 20 distance
writing curvature file ../surf/lh.thickness
#@# area and vertex vol lh Sat Mar 14 01:55:37 CET 2026
cd /out/sourcedata/freesurfer/sub-v2s7x29796_ses-1/mri
mris_place_surface --thickness ../surf/lh.white ../surf/lh.pial 20 5 ../surf/lh.thickness
/out/sourcedata/freesurfer/sub-v2s7x29796_ses-1/surf
mris_calc -o lh.area.mid lh.area add lh.area.pial
Saving result to 'lh.area.mid' (type = MRI_CURV_FILE)                       [ ok ]
mris_calc -o lh.area.mid lh.area.mid div 2
Saving result to 'lh.area.mid' (type = MRI_CURV_FILE)                       [ ok ]
mris_convert --volume sub-v2s7x29796_ses-1 lh /out/sourcedata/freesurfer/sub-v2s7x29796_ses-1/surf/lh.volume
masking with /out/sourcedata/freesurfer/sub-v2s7x29796_ses-1/label/lh.cortex.label
Total face volume 295835
Total vertex volume 295661 (mask=0)
#@# sub-v2s7x29796_ses-1 lh 295661
 
vertexvol Done

#-----------------------------------------
#@# Curvature Stats lh Sat Mar 14 01:55:39 CET 2026
/out/sourcedata/freesurfer/sub-v2s7x29796_ses-1/surf

 mris_curvature_stats -m --writeCurvatureFiles -G -o ../stats/lh.curv.stats -F smoothwm sub-v2s7x29796_ses-1 lh curv sulc 

             Toggling save flag on curvature files                       [ ok ]
                 Outputting results using filestem   [ ../stats/lh.curv.stats ]
             Toggling save flag on curvature files                       [ ok ]
                                   Setting surface [ sub-v2s7x29796_ses-1/lh.smoothwm ]
                                Reading surface...                       [ ok ]
                                   Setting texture                     [ curv ]
                                Reading texture...                       [ ok ]
                                   Setting texture                     [ sulc ]
                                Reading texture...Gb_filter = 0
                       [ ok ]
      Calculating Discrete Principal Curvatures...
      Determining geometric order for vno faces... [####################] [ ok ]
                      Determining KH curvatures... [####################] [ ok ]
                    Determining k1k2 curvatures... [####################] [ ok ]
                                   deltaViolations                      [ 309 ]
Gb_filter = 0
#-----------------------------------------
#@# Cortical Parc 2 lh Sat Mar 14 01:55:42 CET 2026
/out/sourcedata/freesurfer/sub-v2s7x29796_ses-1/scripts

 mris_ca_label -l ../label/lh.cortex.label -aseg ../mri/aseg.presurf.mgz -seed 1234 sub-v2s7x29796_ses-1 lh ../surf/lh.sphere.reg /opt/freesurfer/average/lh.CDaparc.atlas.acfb40.noaparc.i12.2016-08-02.gcs ../label/lh.aparc.a2009s.annot 

setting seed for random number generator to 1234
using ../mri/aseg.presurf.mgz aseg volume to correct midline
7.3.2
  7.3.2
reading atlas from /opt/freesurfer/average/lh.CDaparc.atlas.acfb40.noaparc.i12.2016-08-02.gcs...
reading color table from GCSA file....
average std = 3.0   using min determinant for regularization = 0.088
0 singular and 0 ill-conditioned covariance matrices regularized
input 0: MEAN CURVATURE, flags 0, avgs 5, name mean_curvature
labeling surface...
128 labels changed using aseg
relabeling using gibbs priors...
000:  11616 changed, 173120 examined...
001:   2772 changed, 44632 examined...
002:    833 changed, 14688 examined...
003:    338 changed, 4771 examined...
004:    173 changed, 1958 examined...
005:     86 changed, 979 examined...
006:     42 changed, 497 examined...
007:     29 changed, 248 examined...
008:     13 changed, 153 examined...
009:      4 changed, 66 examined...
010:      2 changed, 27 examined...
011:      0 changed, 15 examined...
4 labels changed using aseg
000: 288 total segments, 199 labels (2711 vertices) changed
001: 98 total segments, 10 labels (28 vertices) changed
002: 88 total segments, 0 labels (0 vertices) changed
10 filter iterations complete (10 requested, 49 changed)
rationalizing unknown annotations with cortex label
relabeling Medial_wall label...
1553 vertices marked for relabeling...
1553 labels changed in reclassification.
writing output to ../label/lh.aparc.a2009s.annot...
classification took 0 minutes and 16 seconds.
#-----------------------------------------
#@# Cortical Parc 3 lh Sat Mar 14 01:55:57 CET 2026
/out/sourcedata/freesurfer/sub-v2s7x29796_ses-1/scripts

 mris_ca_label -l ../label/lh.cortex.label -aseg ../mri/aseg.presurf.mgz -seed 1234 sub-v2s7x29796_ses-1 lh ../surf/lh.sphere.reg /opt/freesurfer/average/lh.DKTaparc.atlas.acfb40.noaparc.i12.2016-08-02.gcs ../label/lh.aparc.DKTatlas.annot 

setting seed for random number generator to 1234
using ../mri/aseg.presurf.mgz aseg volume to correct midline
7.3.2
  7.3.2
reading atlas from /opt/freesurfer/average/lh.DKTaparc.atlas.acfb40.noaparc.i12.2016-08-02.gcs...
reading color table from GCSA file....
average std = 1.4   using min determinant for regularization = 0.020
0 singular and 383 ill-conditioned covariance matrices regularized
input 0: MEAN CURVATURE, flags 0, avgs 5, name mean_curvature
labeling surface...
1749 labels changed using aseg
relabeling using gibbs priors...
000:   2539 changed, 173120 examined...
001:    637 changed, 11616 examined...
002:    192 changed, 3608 examined...
003:     80 changed, 1116 examined...
004:     45 changed, 450 examined...
005:     22 changed, 248 examined...
006:     15 changed, 136 examined...
007:     10 changed, 84 examined...
008:      9 changed, 50 examined...
009:      8 changed, 49 examined...
010:      3 changed, 44 examined...
011:      1 changed, 19 examined...
012:      0 changed, 7 examined...
350 labels changed using aseg
000: 63 total segments, 30 labels (229 vertices) changed
001: 35 total segments, 2 labels (4 vertices) changed
002: 33 total segments, 0 labels (0 vertices) changed
10 filter iterations complete (10 requested, 4 changed)
rationalizing unknown annotations with cortex label
relabeling unknown label...
relabeling corpuscallosum label...
900 vertices marked for relabeling...
900 labels changed in reclassification.
writing output to ../label/lh.aparc.DKTatlas.annot...
classification took 0 minutes and 12 seconds.
#-----------------------------------------
#@# WM/GM Contrast lh Sat Mar 14 01:56:09 CET 2026
/out/sourcedata/freesurfer/sub-v2s7x29796_ses-1/scripts

 pctsurfcon --s sub-v2s7x29796_ses-1 --lh-only 

Log file is /out/sourcedata/freesurfer/sub-v2s7x29796_ses-1/scripts/pctsurfcon.log
Sat Mar 14 01:56:09 CET 2026
setenv SUBJECTS_DIR /out/sourcedata/freesurfer
cd /out/sourcedata/freesurfer/sub-v2s7x29796_ses-1/scripts
/opt/freesurfer/bin/pctsurfcon
pctsurfcon 7.3.2
Linux dna063 5.14.0-427.37.1.el9_4.x86_64 #1 SMP PREEMPT_DYNAMIC Fri Sep 13 12:41:50 EDT 2024 x86_64 x86_64 x86_64 GNU/Linux
FREESURFER_HOME /opt/freesurfer
mri_vol2surf --mov /out/sourcedata/freesurfer/sub-v2s7x29796_ses-1/mri/rawavg.mgz --hemi lh --noreshape --interp trilinear --projdist -1 --o /out/sourcedata/freesurfer/sub-v2s7x29796_ses-1/surf/tmp.pctsurfcon.2590766/lh.wm.mgh --regheader sub-v2s7x29796_ses-1 --cortex
srcvol = /out/sourcedata/freesurfer/sub-v2s7x29796_ses-1/mri/rawavg.mgz
srcreg unspecified
srcregold = 0
srcwarp unspecified
surf = white
hemi = lh
ProjDist = -1
reshape = 0
interp = trilinear
float2int = round
GetProjMax = 0
INFO: float2int code = 0
Done loading volume
Computing registration from header.
  Using /out/sourcedata/freesurfer/sub-v2s7x29796_ses-1/mri/orig.mgz as target reference.
-------- original matrix -----------
-1.00000   0.00000   0.00000   0.00000;
 0.00000   0.00000   1.00000   0.00000;
 0.00000  -1.00000   0.00000  -0.00002;
 0.00000   0.00000   0.00000   1.00000;
-------- original matrix -----------
Loading label /out/sourcedata/freesurfer/sub-v2s7x29796_ses-1/label/lh.cortex.label
Reading surface /out/sourcedata/freesurfer/sub-v2s7x29796_ses-1/surf/lh.white
Done reading source surface
Mapping Source Volume onto Source Subject Surface
Projecting -1 -1 1
 1 -1 -1 -1
using old
Done mapping volume to surface
Number of source voxels hit = 101679
Masking with /out/sourcedata/freesurfer/sub-v2s7x29796_ses-1/label/lh.cortex.label
Writing to /out/sourcedata/freesurfer/sub-v2s7x29796_ses-1/surf/tmp.pctsurfcon.2590766/lh.wm.mgh
Dim: 173120 1 1
mri_vol2surf --mov /out/sourcedata/freesurfer/sub-v2s7x29796_ses-1/mri/rawavg.mgz --hemi lh --noreshape --interp trilinear --o /out/sourcedata/freesurfer/sub-v2s7x29796_ses-1/surf/tmp.pctsurfcon.2590766/lh.gm.mgh --projfrac 0.3 --regheader sub-v2s7x29796_ses-1 --cortex
srcvol = /out/sourcedata/freesurfer/sub-v2s7x29796_ses-1/mri/rawavg.mgz
srcreg unspecified
srcregold = 0
srcwarp unspecified
surf = white
hemi = lh
ProjFrac = 0.3
thickness = thickness
reshape = 0
interp = trilinear
float2int = round
GetProjMax = 0
INFO: float2int code = 0
Done loading volume
Computing registration from header.
  Using /out/sourcedata/freesurfer/sub-v2s7x29796_ses-1/mri/orig.mgz as target reference.
-------- original matrix -----------
-1.00000   0.00000   0.00000   0.00000;
 0.00000   0.00000   1.00000   0.00000;
 0.00000  -1.00000   0.00000  -0.00002;
 0.00000   0.00000   0.00000   1.00000;
-------- original matrix -----------
Loading label /out/sourcedata/freesurfer/sub-v2s7x29796_ses-1/label/lh.cortex.label
Reading surface /out/sourcedata/freesurfer/sub-v2s7x29796_ses-1/surf/lh.white
Done reading source surface
Reading thickness /out/sourcedata/freesurfer/sub-v2s7x29796_ses-1/surf/lh.thickness
Done
Mapping Source Volume onto Source Subject Surface
Projecting 0.3 0.3 1
 1 0.3 0.3 0.3
using old
Done mapping volume to surface
Number of source voxels hit = 111203
Masking with /out/sourcedata/freesurfer/sub-v2s7x29796_ses-1/label/lh.cortex.label
Writing to /out/sourcedata/freesurfer/sub-v2s7x29796_ses-1/surf/tmp.pctsurfcon.2590766/lh.gm.mgh
Dim: 173120 1 1
mri_concat /out/sourcedata/freesurfer/sub-v2s7x29796_ses-1/surf/tmp.pctsurfcon.2590766/lh.wm.mgh /out/sourcedata/freesurfer/sub-v2s7x29796_ses-1/surf/tmp.pctsurfcon.2590766/lh.gm.mgh --paired-diff-norm --mul 100 --o /out/sourcedata/freesurfer/sub-v2s7x29796_ses-1/surf/lh.w-g.pct.mgh
ninputs = 2
Checking inputs
nframestot = 2
Allocing output
Done allocing
Combining pairs
nframes = 1
Multiplying by 100.000000
Writing to /out/sourcedata/freesurfer/sub-v2s7x29796_ses-1/surf/lh.w-g.pct.mgh
mri_segstats --in /out/sourcedata/freesurfer/sub-v2s7x29796_ses-1/surf/lh.w-g.pct.mgh --annot sub-v2s7x29796_ses-1 lh aparc --sum /out/sourcedata/freesurfer/sub-v2s7x29796_ses-1/stats/lh.w-g.pct.stats --snr

7.3.2
cwd 
cmdline mri_segstats --in /out/sourcedata/freesurfer/sub-v2s7x29796_ses-1/surf/lh.w-g.pct.mgh --annot sub-v2s7x29796_ses-1 lh aparc --sum /out/sourcedata/freesurfer/sub-v2s7x29796_ses-1/stats/lh.w-g.pct.stats --snr 
sysname  Linux
hostname dna063
machine  x86_64
user     oesteban
whitesurfname  white
UseRobust  0
Constructing seg from annotation

Reading annotation /out/sourcedata/freesurfer/sub-v2s7x29796_ses-1/label/lh.aparc.annot
Seg base 1000
Loading /out/sourcedata/freesurfer/sub-v2s7x29796_ses-1/surf/lh.w-g.pct.mgh
Vertex Area is 0.711602 mm^3
Generating list of segmentation ids
Found  36 segmentations
Computing statistics for each segmentation

Reporting on  35 segmentations
Using PrintSegStat
mri_segstats done
Cleaning up

Started at Sat Mar 14 01:15:34 CET 2026 
Ended   at Sat Mar 14 01:56:12 CET 2026
#@#%# recon-all-run-time-hours 0.677
recon-all -s sub-v2s7x29796_ses-1 finished without error at Sat Mar 14 01:56:12 CET 2026



#New# invocation of recon-all 




Sat Mar 14 02:42:43 CET 2026
cd /out/sourcedata/freesurfer/sub-v2s7x29796_ses-1
setenv SUBJECTS_DIR /out/sourcedata/freesurfer
/opt/freesurfer/bin/recon-all -autorecon-hemi lh -nohyporelabel -lh-only -openmp 16 -subjid sub-v2s7x29796_ses-1 -sd /out/sourcedata/freesurfer -notessellate -nosmooth1 -noinflate1 -noqsphere -nofix -nowhite -nosmooth2 -noinflate2 -nocurvHK -nocurvstats -nosphere -nosurfreg -nojacobian_white -noavgcurv -nocortparc -nopial -nocortparc2 -nocortparc3 -nopctsurfcon

subjid sub-v2s7x29796_ses-1
setenv SUBJECTS_DIR /out/sourcedata/freesurfer
FREESURFER_HOME /opt/freesurfer
Actual FREESURFER_HOME /opt/freesurfer
build-stamp.txt: freesurfer-linux-ubuntu22_x86_64-7.3.2-20220804-6354275
Linux dna063 5.14.0-427.37.1.el9_4.x86_64 #1 SMP PREEMPT_DYNAMIC Fri Sep 13 12:41:50 EDT 2024 x86_64 x86_64 x86_64 GNU/Linux
cputime      unlimited
filesize     unlimited
datasize     unlimited
stacksize    8192 kbytes
coredumpsize 0 kbytes
memoryuse    67108864 kbytes
vmemoryuse   unlimited
descriptors  1024 
memorylocked unlimited
maxproc      2061970 
maxlocks     unlimited
maxsignal    2061970 
maxmessage   819200 
maxnice      0 
maxrtprio    0 
maxrttime    unlimited

               total        used        free      shared  buff/cache   available
Mem:           503Gi        52Gi       347Gi        10Gi       103Gi       437Gi
Swap:             0B          0B          0B

########################################
program versions used
7.3.2 (freesurfer-linux-ubuntu22_x86_64-7.3.2-20220804-6354275)
7.3.2

ProgramName: lta_convert  ProgramArguments: lta_convert -all-info  ProgramVersion: 7.3.2  TimeStamp: 2026/03/14-01:42:43-GMT  BuildTime: Aug  4 2022 06:17:15  BuildStamp: freesurfer-linux-ubuntu22_x86_64-7.3.2-20220804-6354275  User: oesteban  Machine: dna063  Platform: Linux  PlatformVersion: 5.14.0-427.37.1.el9_4.x86_64  CompilerName: GCC  CompilerVersion: 8.4.0
ProgramName: mri_and  ProgramArguments: mri_and -all-info  ProgramVersion: 7.3.2  TimeStamp: 2026/03/14-01:42:43-GMT  BuildTime: Aug  4 2022 06:17:15  BuildStamp: freesurfer-linux-ubuntu22_x86_64-7.3.2-20220804-6354275  User: oesteban  Machine: dna063  Platform: Linux  PlatformVersion: 5.14.0-427.37.1.el9_4.x86_64  CompilerName: GCC  CompilerVersion: 8.4.0
ProgramName: mri_annotation2label  ProgramArguments: mri_annotation2label -all-info  ProgramVersion: 7.3.2  TimeStamp: 2026/03/14-01:42:43-GMT  BuildTime: Aug  4 2022 06:17:15  BuildStamp: freesurfer-linux-ubuntu22_x86_64-7.3.2-20220804-6354275  User: oesteban  Machine: dna063  Platform: Linux  PlatformVersion: 5.14.0-427.37.1.el9_4.x86_64  CompilerName: GCC  CompilerVersion: 8.4.0
ProgramName: mri_aparc2aseg  ProgramArguments: mri_aparc2aseg -all-info  ProgramVersion: 7.3.2  TimeStamp: 2026/03/14-01:42:43-GMT  BuildTime: Aug  4 2022 06:17:15  BuildStamp: freesurfer-linux-ubuntu22_x86_64-7.3.2-20220804-6354275  User: oesteban  Machine: dna063  Platform: Linux  PlatformVersion: 5.14.0-427.37.1.el9_4.x86_64  CompilerName: GCC  CompilerVersion: 8.4.0
ProgramName: mri_surf2volseg  ProgramArguments: mri_surf2volseg -all-info  ProgramVersion: 7.3.2  TimeStamp: 2026/03/14-01:42:43-GMT  BuildTime: Aug  4 2022 06:17:15  BuildStamp: freesurfer-linux-ubuntu22_x86_64-7.3.2-20220804-6354275  User: oesteban  Machine: dna063  Platform: Linux  PlatformVersion: 5.14.0-427.37.1.el9_4.x86_64  CompilerName: GCC  CompilerVersion: 8.4.0
ProgramName: mri_binarize  ProgramArguments: mri_binarize -all-info  ProgramVersion: 7.3.2  TimeStamp: 2026/03/14-01:42:43-GMT  BuildTime: Aug  4 2022 06:17:15  BuildStamp: freesurfer-linux-ubuntu22_x86_64-7.3.2-20220804-6354275  User: oesteban  Machine: dna063  Platform: Linux  PlatformVersion: 5.14.0-427.37.1.el9_4.x86_64  CompilerName: GCC  CompilerVersion: 8.4.0
ProgramName: mri_ca_label  ProgramArguments: mri_ca_label -all-info  ProgramVersion: 7.3.2  TimeStamp: 2026/03/14-01:42:43-GMT  BuildTime: Aug  4 2022 06:17:15  BuildStamp: freesurfer-linux-ubuntu22_x86_64-7.3.2-20220804-6354275  User: oesteban  Machine: dna063  Platform: Linux  PlatformVersion: 5.14.0-427.37.1.el9_4.x86_64  CompilerName: GCC  CompilerVersion: 8.4.0
ProgramName: mri_ca_normalize  ProgramArguments: mri_ca_normalize -all-info  ProgramVersion: 7.3.2  TimeStamp: 2026/03/14-01:42:43-GMT  BuildTime: Aug  4 2022 06:17:15  BuildStamp: freesurfer-linux-ubuntu22_x86_64-7.3.2-20220804-6354275  User: oesteban  Machine: dna063  Platform: Linux  PlatformVersion: 5.14.0-427.37.1.el9_4.x86_64  CompilerName: GCC  CompilerVersion: 8.4.0
ProgramName: mri_ca_register  ProgramArguments: mri_ca_register -all-info  ProgramVersion: 7.3.2  TimeStamp: 2026/03/14-01:42:43-GMT  BuildTime: Aug  4 2022 06:17:15  BuildStamp: freesurfer-linux-ubuntu22_x86_64-7.3.2-20220804-6354275  User: oesteban  Machine: dna063  Platform: Linux  PlatformVersion: 5.14.0-427.37.1.el9_4.x86_64  CompilerName: GCC  CompilerVersion: 8.4.0
ProgramName: mri_cc  ProgramArguments: mri_cc -all-info  ProgramVersion: 7.3.2  TimeStamp: 2026/03/14-01:42:43-GMT  BuildTime: Aug  4 2022 06:17:15  BuildStamp: freesurfer-linux-ubuntu22_x86_64-7.3.2-20220804-6354275  User: oesteban  Machine: dna063  Platform: Linux  PlatformVersion: 5.14.0-427.37.1.el9_4.x86_64  CompilerName: GCC  CompilerVersion: 8.4.0
ProgramName: mri_compute_overlap  ProgramArguments: mri_compute_overlap -all-info  ProgramVersion: 7.3.2  TimeStamp: 2026/03/14-01:42:43-GMT  BuildTime: Aug  4 2022 06:17:15  BuildStamp: freesurfer-linux-ubuntu22_x86_64-7.3.2-20220804-6354275  User: oesteban  Machine: dna063  Platform: Linux  PlatformVersion: 5.14.0-427.37.1.el9_4.x86_64  CompilerName: GCC  CompilerVersion: 8.4.0
ProgramName: mri_compute_seg_overlap  ProgramArguments: mri_compute_seg_overlap -all-info  ProgramVersion: 7.3.2  TimeStamp: 2026/03/14-01:42:43-GMT  BuildTime: Aug  4 2022 06:17:15  BuildStamp: freesurfer-linux-ubuntu22_x86_64-7.3.2-20220804-6354275  User: oesteban  Machine: dna063  Platform: Linux  PlatformVersion: 5.14.0-427.37.1.el9_4.x86_64  CompilerName: GCC  CompilerVersion: 8.4.0
ProgramName: mri_concat  ProgramArguments: mri_concat -all-info  ProgramVersion: 7.3.2  TimeStamp: 2026/03/14-01:42:43-GMT  BuildTime: Aug  4 2022 06:17:15  BuildStamp: freesurfer-linux-ubuntu22_x86_64-7.3.2-20220804-6354275  User: oesteban  Machine: dna063  Platform: Linux  PlatformVersion: 5.14.0-427.37.1.el9_4.x86_64  CompilerName: GCC  CompilerVersion: 8.4.0
ProgramName: mri_concatenate_lta  ProgramArguments: mri_concatenate_lta -all-info  ProgramVersion: 7.3.2  TimeStamp: 2026/03/14-01:42:43-GMT  BuildTime: Aug  4 2022 06:17:15  BuildStamp: freesurfer-linux-ubuntu22_x86_64-7.3.2-20220804-6354275  User: oesteban  Machine: dna063  Platform: Linux  PlatformVersion: 5.14.0-427.37.1.el9_4.x86_64  CompilerName: GCC  CompilerVersion: 8.4.0
mri_convert -all-info 
ProgramName: mri_convert  ProgramArguments: mri_convert -all-info  ProgramVersion: 7.3.2  TimeStamp: 2026/03/14-01:42:43-GMT  BuildTime: Aug  4 2022 06:17:15  BuildStamp: freesurfer-linux-ubuntu22_x86_64-7.3.2-20220804-6354275  User: oesteban  Machine: dna063  Platform: Linux  PlatformVersion: 5.14.0-427.37.1.el9_4.x86_64  CompilerName: GCC  CompilerVersion: 8.4.0
ProgramName: mri_diff  ProgramArguments: mri_diff -all-info  ProgramVersion: 7.3.2  TimeStamp: 2026/03/14-01:42:43-GMT  BuildTime: Aug  4 2022 06:17:15  BuildStamp: freesurfer-linux-ubuntu22_x86_64-7.3.2-20220804-6354275  User: oesteban  Machine: dna063  Platform: Linux  PlatformVersion: 5.14.0-427.37.1.el9_4.x86_64  CompilerName: GCC  CompilerVersion: 8.4.0
ProgramName: mri_edit_wm_with_aseg  ProgramArguments: mri_edit_wm_with_aseg -all-info  ProgramVersion: 7.3.2  TimeStamp: 2026/03/14-01:42:43-GMT  BuildTime: Aug  4 2022 06:17:15  BuildStamp: freesurfer-linux-ubuntu22_x86_64-7.3.2-20220804-6354275  User: oesteban  Machine: dna063  Platform: Linux  PlatformVersion: 5.14.0-427.37.1.el9_4.x86_64  CompilerName: GCC  CompilerVersion: 8.4.0
ProgramName: mri_em_register  ProgramArguments: mri_em_register -all-info  ProgramVersion: 7.3.2  TimeStamp: 2026/03/14-01:42:43-GMT  BuildTime: Aug  4 2022 06:17:15  BuildStamp: freesurfer-linux-ubuntu22_x86_64-7.3.2-20220804-6354275  User: oesteban  Machine: dna063  Platform: Linux  PlatformVersion: 5.14.0-427.37.1.el9_4.x86_64  CompilerName: GCC  CompilerVersion: 8.4.0
ProgramName: mri_fill  ProgramArguments: mri_fill -all-info  ProgramVersion: 7.3.2  TimeStamp: 2026/03/14-01:42:43-GMT  BuildTime: Aug  4 2022 06:17:15  BuildStamp: freesurfer-linux-ubuntu22_x86_64-7.3.2-20220804-6354275  User: oesteban  Machine: dna063  Platform: Linux  PlatformVersion: 5.14.0-427.37.1.el9_4.x86_64  CompilerName: GCC  CompilerVersion: 8.4.0
ProgramName: mri_fuse_segmentations  ProgramArguments: mri_fuse_segmentations -all-info  ProgramVersion: 7.3.2  TimeStamp: 2026/03/14-01:42:43-GMT  BuildTime: Aug  4 2022 06:17:15  BuildStamp: freesurfer-linux-ubuntu22_x86_64-7.3.2-20220804-6354275  User: oesteban  Machine: dna063  Platform: Linux  PlatformVersion: 5.14.0-427.37.1.el9_4.x86_64  CompilerName: GCC  CompilerVersion: 8.4.0
ProgramName: mri_fwhm  ProgramArguments: mri_fwhm -all-info  ProgramVersion: 7.3.2  TimeStamp: 2026/03/14-01:42:43-GMT  BuildTime: Aug  4 2022 06:17:15  BuildStamp: freesurfer-linux-ubuntu22_x86_64-7.3.2-20220804-6354275  User: oesteban  Machine: dna063  Platform: Linux  PlatformVersion: 5.14.0-427.37.1.el9_4.x86_64  CompilerName: GCC  CompilerVersion: 8.4.0
ProgramName: mri_gcut  ProgramArguments: mri_gcut -all-info  ProgramVersion: 7.3.2  TimeStamp: 2026/03/14-01:42:43-GMT  BuildTime: Aug  4 2022 06:17:15  BuildStamp: freesurfer-linux-ubuntu22_x86_64-7.3.2-20220804-6354275  User: oesteban  Machine: dna063  Platform: Linux  PlatformVersion: 5.14.0-427.37.1.el9_4.x86_64  CompilerName: GCC  CompilerVersion: 8.4.0
ProgramName: mri_info  ProgramArguments: mri_info -all-info  ProgramVersion: 7.3.2  TimeStamp: 2026/03/14-01:42:43-GMT  BuildTime: Aug  4 2022 06:17:15  BuildStamp: freesurfer-linux-ubuntu22_x86_64-7.3.2-20220804-6354275  User: oesteban  Machine: dna063  Platform: Linux  PlatformVersion: 5.14.0-427.37.1.el9_4.x86_64  CompilerName: GCC  CompilerVersion: 8.4.0
ProgramName: mri_label2label  ProgramArguments: mri_label2label -all-info  ProgramVersion: 7.3.2  TimeStamp: 2026/03/14-01:42:43-GMT  BuildTime: Aug  4 2022 06:17:15  BuildStamp: freesurfer-linux-ubuntu22_x86_64-7.3.2-20220804-6354275  User: oesteban  Machine: dna063  Platform: Linux  PlatformVersion: 5.14.0-427.37.1.el9_4.x86_64  CompilerName: GCC  CompilerVersion: 8.4.0
ProgramName: mri_label2vol  ProgramArguments: mri_label2vol -all-info  ProgramVersion: 7.3.2  TimeStamp: 2026/03/14-01:42:43-GMT  BuildTime: Aug  4 2022 06:17:15  BuildStamp: freesurfer-linux-ubuntu22_x86_64-7.3.2-20220804-6354275  User: oesteban  Machine: dna063  Platform: Linux  PlatformVersion: 5.14.0-427.37.1.el9_4.x86_64  CompilerName: GCC  CompilerVersion: 8.4.0
ProgramName: mri_log_likelihood  ProgramArguments: mri_log_likelihood -all-info  ProgramVersion: 7.3.2  TimeStamp: 2026/03/14-01:42:43-GMT  BuildTime: Aug  4 2022 06:17:15  BuildStamp: freesurfer-linux-ubuntu22_x86_64-7.3.2-20220804-6354275  User: oesteban  Machine: dna063  Platform: Linux  PlatformVersion: 5.14.0-427.37.1.el9_4.x86_64  CompilerName: GCC  CompilerVersion: 8.4.0
ProgramName: mri_mask  ProgramArguments: mri_mask -all-info  ProgramVersion: 7.3.2  TimeStamp: 2026/03/14-01:42:43-GMT  BuildTime: Aug  4 2022 06:17:15  BuildStamp: freesurfer-linux-ubuntu22_x86_64-7.3.2-20220804-6354275  User: oesteban  Machine: dna063  Platform: Linux  PlatformVersion: 5.14.0-427.37.1.el9_4.x86_64  CompilerName: GCC  CompilerVersion: 8.4.0
ProgramName: mri_matrix_multiply  ProgramArguments: mri_matrix_multiply -all-info  ProgramVersion: 7.3.2  TimeStamp: 2026/03/14-01:42:43-GMT  BuildTime: Aug  4 2022 06:17:15  BuildStamp: freesurfer-linux-ubuntu22_x86_64-7.3.2-20220804-6354275  User: oesteban  Machine: dna063  Platform: Linux  PlatformVersion: 5.14.0-427.37.1.el9_4.x86_64  CompilerName: GCC  CompilerVersion: 8.4.0
ProgramName: mri_normalize  ProgramArguments: mri_normalize -all-info  ProgramVersion: 7.3.2  TimeStamp: 2026/03/14-01:42:43-GMT  BuildTime: Aug  4 2022 06:17:15  BuildStamp: freesurfer-linux-ubuntu22_x86_64-7.3.2-20220804-6354275  User: oesteban  Machine: dna063  Platform: Linux  PlatformVersion: 5.14.0-427.37.1.el9_4.x86_64  CompilerName: GCC  CompilerVersion: 8.4.0
ProgramName: mri_normalize_tp2  ProgramArguments: mri_normalize_tp2 -all-info  ProgramVersion: 7.3.2  TimeStamp: 2026/03/14-01:42:43-GMT  BuildTime: Aug  4 2022 06:17:15  BuildStamp: freesurfer-linux-ubuntu22_x86_64-7.3.2-20220804-6354275  User: oesteban  Machine: dna063  Platform: Linux  PlatformVersion: 5.14.0-427.37.1.el9_4.x86_64  CompilerName: GCC  CompilerVersion: 8.4.0
ProgramName: mri_or  ProgramArguments: mri_or -all-info  ProgramVersion: 7.3.2  TimeStamp: 2026/03/14-01:42:43-GMT  BuildTime: Aug  4 2022 06:17:15  BuildStamp: freesurfer-linux-ubuntu22_x86_64-7.3.2-20220804-6354275  User: oesteban  Machine: dna063  Platform: Linux  PlatformVersion: 5.14.0-427.37.1.el9_4.x86_64  CompilerName: GCC  CompilerVersion: 8.4.0
ProgramName: mri_relabel_hypointensities  ProgramArguments: mri_relabel_hypointensities -all-info  ProgramVersion: 7.3.2  TimeStamp: 2026/03/14-01:42:43-GMT  BuildTime: Aug  4 2022 06:17:15  BuildStamp: freesurfer-linux-ubuntu22_x86_64-7.3.2-20220804-6354275  User: oesteban  Machine: dna063  Platform: Linux  PlatformVersion: 5.14.0-427.37.1.el9_4.x86_64  CompilerName: GCC  CompilerVersion: 8.4.0
ProgramName: mri_relabel_nonwm_hypos  ProgramArguments: mri_relabel_nonwm_hypos -all-info  ProgramVersion: 7.3.2  TimeStamp: 2026/03/14-01:42:43-GMT  BuildTime: Aug  4 2022 06:17:15  BuildStamp: freesurfer-linux-ubuntu22_x86_64-7.3.2-20220804-6354275  User: oesteban  Machine: dna063  Platform: Linux  PlatformVersion: 5.14.0-427.37.1.el9_4.x86_64  CompilerName: GCC  CompilerVersion: 8.4.0
ProgramName: mri_remove_neck  ProgramArguments: mri_remove_neck -all-info  ProgramVersion: 7.3.2  TimeStamp: 2026/03/14-01:42:43-GMT  BuildTime: Aug  4 2022 06:17:15  BuildStamp: freesurfer-linux-ubuntu22_x86_64-7.3.2-20220804-6354275  User: oesteban  Machine: dna063  Platform: Linux  PlatformVersion: 5.14.0-427.37.1.el9_4.x86_64  CompilerName: GCC  CompilerVersion: 8.4.0
7.3.2

ProgramName: mri_robust_register  ProgramArguments: mri_robust_register -all-info  ProgramVersion: 7.3.2  TimeStamp: 2026/03/14-01:42:43-GMT  BuildTime: Aug  4 2022 06:17:15  BuildStamp: freesurfer-linux-ubuntu22_x86_64-7.3.2-20220804-6354275  User: oesteban  Machine: dna063  Platform: Linux  PlatformVersion: 5.14.0-427.37.1.el9_4.x86_64  CompilerName: GCC  CompilerVersion: 8.4.0
7.3.2

ProgramName: mri_robust_template  ProgramArguments: mri_robust_template -all-info  ProgramVersion: 7.3.2  TimeStamp: 2026/03/14-01:42:43-GMT  BuildTime: Aug  4 2022 06:17:15  BuildStamp: freesurfer-linux-ubuntu22_x86_64-7.3.2-20220804-6354275  User: oesteban  Machine: dna063  Platform: Linux  PlatformVersion: 5.14.0-427.37.1.el9_4.x86_64  CompilerName: GCC  CompilerVersion: 8.4.0
ProgramName: mris_anatomical_stats  ProgramArguments: mris_anatomical_stats -all-info  ProgramVersion: 7.3.2  TimeStamp: 2026/03/14-01:42:43-GMT  BuildTime: Aug  4 2022 06:17:15  BuildStamp: freesurfer-linux-ubuntu22_x86_64-7.3.2-20220804-6354275  User: oesteban  Machine: dna063  Platform: Linux  PlatformVersion: 5.14.0-427.37.1.el9_4.x86_64  CompilerName: GCC  CompilerVersion: 8.4.0
ProgramName: mris_ca_label  ProgramArguments: mris_ca_label -all-info  ProgramVersion: 7.3.2  TimeStamp: 2026/03/14-01:42:43-GMT  BuildTime: Aug  4 2022 06:17:15  BuildStamp: freesurfer-linux-ubuntu22_x86_64-7.3.2-20220804-6354275  User: oesteban  Machine: dna063  Platform: Linux  PlatformVersion: 5.14.0-427.37.1.el9_4.x86_64  CompilerName: GCC  CompilerVersion: 8.4.0
ProgramName: mris_calc  ProgramArguments: mris_calc -all-info  ProgramVersion: 7.3.2  TimeStamp: 2026/03/14-01:42:43-GMT  BuildTime: Aug  4 2022 06:17:15  BuildStamp: freesurfer-linux-ubuntu22_x86_64-7.3.2-20220804-6354275  User: oesteban  Machine: dna063  Platform: Linux  PlatformVersion: 5.14.0-427.37.1.el9_4.x86_64  CompilerName: GCC  CompilerVersion: 8.4.0
ProgramName: mris_convert  ProgramArguments: mris_convert -all-info  ProgramVersion: 7.3.2  TimeStamp: 2026/03/14-01:42:43-GMT  BuildTime: Aug  4 2022 06:17:15  BuildStamp: freesurfer-linux-ubuntu22_x86_64-7.3.2-20220804-6354275  User: oesteban  Machine: dna063  Platform: Linux  PlatformVersion: 5.14.0-427.37.1.el9_4.x86_64  CompilerName: GCC  CompilerVersion: 8.4.0
ProgramName: mris_curvature  ProgramArguments: mris_curvature -all-info  ProgramVersion: 7.3.2  TimeStamp: 2026/03/14-01:42:43-GMT  BuildTime: Aug  4 2022 06:17:15  BuildStamp: freesurfer-linux-ubuntu22_x86_64-7.3.2-20220804-6354275  User: oesteban  Machine: dna063  Platform: Linux  PlatformVersion: 5.14.0-427.37.1.el9_4.x86_64  CompilerName: GCC  CompilerVersion: 8.4.0
ProgramName: mris_curvature_stats  ProgramArguments: mris_curvature_stats -all-info  ProgramVersion: 7.3.2  TimeStamp: 2026/03/14-01:42:43-GMT  BuildTime: Aug  4 2022 06:17:15  BuildStamp: freesurfer-linux-ubuntu22_x86_64-7.3.2-20220804-6354275  User: oesteban  Machine: dna063  Platform: Linux  PlatformVersion: 5.14.0-427.37.1.el9_4.x86_64  CompilerName: GCC  CompilerVersion: 8.4.0
ProgramName: mris_diff  ProgramArguments: mris_diff -all-info  ProgramVersion: 7.3.2  TimeStamp: 2026/03/14-01:42:43-GMT  BuildTime: Aug  4 2022 06:17:15  BuildStamp: freesurfer-linux-ubuntu22_x86_64-7.3.2-20220804-6354275  User: oesteban  Machine: dna063  Platform: Linux  PlatformVersion: 5.14.0-427.37.1.el9_4.x86_64  CompilerName: GCC  CompilerVersion: 8.4.0
ProgramName: mris_divide_parcellation  ProgramArguments: mris_divide_parcellation -all-info  ProgramVersion: 7.3.2  TimeStamp: 2026/03/14-01:42:43-GMT  BuildTime: Aug  4 2022 06:17:15  BuildStamp: freesurfer-linux-ubuntu22_x86_64-7.3.2-20220804-6354275  User: oesteban  Machine: dna063  Platform: Linux  PlatformVersion: 5.14.0-427.37.1.el9_4.x86_64  CompilerName: GCC  CompilerVersion: 8.4.0
ProgramName: mri_segment  ProgramArguments: mri_segment -all-info  ProgramVersion: 7.3.2  TimeStamp: 2026/03/14-01:42:43-GMT  BuildTime: Aug  4 2022 06:17:15  BuildStamp: freesurfer-linux-ubuntu22_x86_64-7.3.2-20220804-6354275  User: oesteban  Machine: dna063  Platform: Linux  PlatformVersion: 5.14.0-427.37.1.el9_4.x86_64  CompilerName: GCC  CompilerVersion: 8.4.0
ProgramName: mri_segstats  ProgramArguments: mri_segstats -all-info  ProgramVersion: 7.3.2  TimeStamp: 2026/03/14-01:42:43-GMT  BuildTime: Aug  4 2022 06:17:15  BuildStamp: freesurfer-linux-ubuntu22_x86_64-7.3.2-20220804-6354275  User: oesteban  Machine: dna063  Platform: Linux  PlatformVersion: 5.14.0-427.37.1.el9_4.x86_64  CompilerName: GCC  CompilerVersion: 8.4.0
ProgramName: mris_euler_number  ProgramArguments: mris_euler_number -all-info  ProgramVersion: 7.3.2  TimeStamp: 2026/03/14-01:42:43-GMT  BuildTime: Aug  4 2022 06:17:15  BuildStamp: freesurfer-linux-ubuntu22_x86_64-7.3.2-20220804-6354275  User: oesteban  Machine: dna063  Platform: Linux  PlatformVersion: 5.14.0-427.37.1.el9_4.x86_64  CompilerName: GCC  CompilerVersion: 8.4.0
ProgramName: mris_fix_topology  ProgramArguments: mris_fix_topology -all-info  ProgramVersion: 7.3.2  TimeStamp: 2026/03/14-01:42:43-GMT  BuildTime: Aug  4 2022 06:17:15  BuildStamp: freesurfer-linux-ubuntu22_x86_64-7.3.2-20220804-6354275  User: oesteban  Machine: dna063  Platform: Linux  PlatformVersion: 5.14.0-427.37.1.el9_4.x86_64  CompilerName: GCC  CompilerVersion: 8.4.0
ProgramName: mris_topo_fixer  ProgramArguments: mris_topo_fixer -all-info  ProgramVersion: 7.3.2  TimeStamp: 2026/03/14-01:42:43-GMT  BuildTime: Aug  4 2022 06:17:15  BuildStamp: freesurfer-linux-ubuntu22_x86_64-7.3.2-20220804-6354275  User: oesteban  Machine: dna063  Platform: Linux  PlatformVersion: 5.14.0-427.37.1.el9_4.x86_64  CompilerName: GCC  CompilerVersion: 8.4.0
ProgramName: mris_jacobian  ProgramArguments: mris_jacobian -all-info  ProgramVersion: 7.3.2  TimeStamp: 2026/03/14-01:42:43-GMT  BuildTime: Aug  4 2022 06:17:15  BuildStamp: freesurfer-linux-ubuntu22_x86_64-7.3.2-20220804-6354275  User: oesteban  Machine: dna063  Platform: Linux  PlatformVersion: 5.14.0-427.37.1.el9_4.x86_64  CompilerName: GCC  CompilerVersion: 8.4.0
ProgramName: mris_label2annot  ProgramArguments: mris_label2annot -all-info  ProgramVersion: 7.3.2  TimeStamp: 2026/03/14-01:42:43-GMT  BuildTime: Aug  4 2022 06:17:15  BuildStamp: freesurfer-linux-ubuntu22_x86_64-7.3.2-20220804-6354275  User: oesteban  Machine: dna063  Platform: Linux  PlatformVersion: 5.14.0-427.37.1.el9_4.x86_64  CompilerName: GCC  CompilerVersion: 8.4.0
ProgramName: mris_left_right_register  ProgramArguments: mris_left_right_register -all-info  ProgramVersion: 7.3.2  TimeStamp: 2026/03/14-01:42:43-GMT  BuildTime: Aug  4 2022 06:17:15  BuildStamp: freesurfer-linux-ubuntu22_x86_64-7.3.2-20220804-6354275  User: oesteban  Machine: dna063  Platform: Linux  PlatformVersion: 5.14.0-427.37.1.el9_4.x86_64  CompilerName: GCC  CompilerVersion: 8.4.0
ProgramName: mris_place_surface  ProgramArguments: mris_place_surface -all-info  ProgramVersion: 7.3.2  TimeStamp: 2026/03/14-01:42:43-GMT  BuildTime: Aug  4 2022 06:17:15  BuildStamp: freesurfer-linux-ubuntu22_x86_64-7.3.2-20220804-6354275  User: oesteban  Machine: dna063  Platform: Linux  PlatformVersion: 5.14.0-427.37.1.el9_4.x86_64  CompilerName: GCC  CompilerVersion: 8.4.0
ProgramName: mrisp_paint  ProgramArguments: mrisp_paint -all-info  ProgramVersion: 7.3.2  TimeStamp: 2026/03/14-01:42:43-GMT  BuildTime: Aug  4 2022 06:17:15  BuildStamp: freesurfer-linux-ubuntu22_x86_64-7.3.2-20220804-6354275  User: oesteban  Machine: dna063  Platform: Linux  PlatformVersion: 5.14.0-427.37.1.el9_4.x86_64  CompilerName: GCC  CompilerVersion: 8.4.0
ProgramName: mris_register  ProgramArguments: mris_register -all-info  ProgramVersion: 7.3.2  TimeStamp: 2026/03/14-01:42:43-GMT  BuildTime: Aug  4 2022 06:17:15  BuildStamp: freesurfer-linux-ubuntu22_x86_64-7.3.2-20220804-6354275  User: oesteban  Machine: dna063  Platform: Linux  PlatformVersion: 5.14.0-427.37.1.el9_4.x86_64  CompilerName: GCC  CompilerVersion: 8.4.0
ProgramName: mris_smooth  ProgramArguments: mris_smooth -all-info  ProgramVersion: 7.3.2  TimeStamp: 2026/03/14-01:42:43-GMT  BuildTime: Aug  4 2022 06:17:15  BuildStamp: freesurfer-linux-ubuntu22_x86_64-7.3.2-20220804-6354275  User: oesteban  Machine: dna063  Platform: Linux  PlatformVersion: 5.14.0-427.37.1.el9_4.x86_64  CompilerName: GCC  CompilerVersion: 8.4.0
ProgramName: mris_sphere  ProgramArguments: mris_sphere -all-info  ProgramVersion: 7.3.2  TimeStamp: 2026/03/14-01:42:43-GMT  BuildTime: Aug  4 2022 06:17:15  BuildStamp: freesurfer-linux-ubuntu22_x86_64-7.3.2-20220804-6354275  User: oesteban  Machine: dna063  Platform: Linux  PlatformVersion: 5.14.0-427.37.1.el9_4.x86_64  CompilerName: GCC  CompilerVersion: 8.4.0
ProgramName: mris_surface_stats  ProgramArguments: mris_surface_stats -all-info  ProgramVersion: 7.3.2  TimeStamp: 2026/03/14-01:42:43-GMT  BuildTime: Aug  4 2022 06:17:15  BuildStamp: freesurfer-linux-ubuntu22_x86_64-7.3.2-20220804-6354275  User: oesteban  Machine: dna063  Platform: Linux  PlatformVersion: 5.14.0-427.37.1.el9_4.x86_64  CompilerName: GCC  CompilerVersion: 8.4.0
ProgramName: mri_stats2seg  ProgramArguments: mri_stats2seg -all-info  ProgramVersion: 7.3.2  TimeStamp: 2026/03/14-01:42:43-GMT  BuildTime: Aug  4 2022 06:17:15  BuildStamp: freesurfer-linux-ubuntu22_x86_64-7.3.2-20220804-6354275  User: oesteban  Machine: dna063  Platform: Linux  PlatformVersion: 5.14.0-427.37.1.el9_4.x86_64  CompilerName: GCC  CompilerVersion: 8.4.0
ProgramName: mris_thickness  ProgramArguments: mris_thickness -all-info  ProgramVersion: 7.3.2  TimeStamp: 2026/03/14-01:42:43-GMT  BuildTime: Aug  4 2022 06:17:15  BuildStamp: freesurfer-linux-ubuntu22_x86_64-7.3.2-20220804-6354275  User: oesteban  Machine: dna063  Platform: Linux  PlatformVersion: 5.14.0-427.37.1.el9_4.x86_64  CompilerName: GCC  CompilerVersion: 8.4.0
ProgramName: mris_thickness_diff  ProgramArguments: mris_thickness_diff -all-info  ProgramVersion: 7.3.2  TimeStamp: 2026/03/14-01:42:43-GMT  BuildTime: Aug  4 2022 06:17:15  BuildStamp: freesurfer-linux-ubuntu22_x86_64-7.3.2-20220804-6354275  User: oesteban  Machine: dna063  Platform: Linux  PlatformVersion: 5.14.0-427.37.1.el9_4.x86_64  CompilerName: GCC  CompilerVersion: 8.4.0
ProgramName: mris_topo_fixer  ProgramArguments: mris_topo_fixer -all-info  ProgramVersion: 7.3.2  TimeStamp: 2026/03/14-01:42:43-GMT  BuildTime: Aug  4 2022 06:17:15  BuildStamp: freesurfer-linux-ubuntu22_x86_64-7.3.2-20220804-6354275  User: oesteban  Machine: dna063  Platform: Linux  PlatformVersion: 5.14.0-427.37.1.el9_4.x86_64  CompilerName: GCC  CompilerVersion: 8.4.0
ProgramName: mri_surf2surf  ProgramArguments: mri_surf2surf -all-info  ProgramVersion: 7.3.2  TimeStamp: 2026/03/14-01:42:43-GMT  BuildTime: Aug  4 2022 06:17:15  BuildStamp: freesurfer-linux-ubuntu22_x86_64-7.3.2-20220804-6354275  User: oesteban  Machine: dna063  Platform: Linux  PlatformVersion: 5.14.0-427.37.1.el9_4.x86_64  CompilerName: GCC  CompilerVersion: 8.4.0
ProgramName: mri_surf2vol  ProgramArguments: mri_surf2vol -all-info  ProgramVersion: 7.3.2  TimeStamp: 2026/03/14-01:42:43-GMT  BuildTime: Aug  4 2022 06:17:15  BuildStamp: freesurfer-linux-ubuntu22_x86_64-7.3.2-20220804-6354275  User: oesteban  Machine: dna063  Platform: Linux  PlatformVersion: 5.14.0-427.37.1.el9_4.x86_64  CompilerName: GCC  CompilerVersion: 8.4.0
ProgramName: mri_surfcluster  ProgramArguments: mri_surfcluster -all-info  ProgramVersion: 7.3.2  TimeStamp: 2026/03/14-01:42:43-GMT  BuildTime: Aug  4 2022 06:17:15  BuildStamp: freesurfer-linux-ubuntu22_x86_64-7.3.2-20220804-6354275  User: oesteban  Machine: dna063  Platform: Linux  PlatformVersion: 5.14.0-427.37.1.el9_4.x86_64  CompilerName: GCC  CompilerVersion: 8.4.0
ProgramName: mris_volmask  ProgramArguments: mris_volmask -all-info  ProgramVersion: 7.3.2  TimeStamp: 2026/03/14-01:42:43-GMT  BuildTime: Aug  4 2022 06:17:15  BuildStamp: freesurfer-linux-ubuntu22_x86_64-7.3.2-20220804-6354275  User: oesteban  Machine: dna063  Platform: Linux  PlatformVersion: 5.14.0-427.37.1.el9_4.x86_64  CompilerName: GCC  CompilerVersion: 8.4.0
ProgramName: mri_tessellate  ProgramArguments: mri_tessellate -all-info  ProgramVersion: 7.3.2  TimeStamp: 2026/03/14-01:42:43-GMT  BuildTime: Aug  4 2022 06:17:15  BuildStamp: freesurfer-linux-ubuntu22_x86_64-7.3.2-20220804-6354275  User: oesteban  Machine: dna063  Platform: Linux  PlatformVersion: 5.14.0-427.37.1.el9_4.x86_64  CompilerName: GCC  CompilerVersion: 8.4.0
ProgramName: mri_vol2surf  ProgramArguments: mri_vol2surf -all-info  ProgramVersion: 7.3.2  TimeStamp: 2026/03/14-01:42:43-GMT  BuildTime: Aug  4 2022 06:17:15  BuildStamp: freesurfer-linux-ubuntu22_x86_64-7.3.2-20220804-6354275  User: oesteban  Machine: dna063  Platform: Linux  PlatformVersion: 5.14.0-427.37.1.el9_4.x86_64  CompilerName: GCC  CompilerVersion: 8.4.0
ProgramName: mri_vol2vol  ProgramArguments: mri_vol2vol -all-info  ProgramVersion: 7.3.2  TimeStamp: 2026/03/14-01:42:43-GMT  BuildTime: Aug  4 2022 06:17:15  BuildStamp: freesurfer-linux-ubuntu22_x86_64-7.3.2-20220804-6354275  User: oesteban  Machine: dna063  Platform: Linux  PlatformVersion: 5.14.0-427.37.1.el9_4.x86_64  CompilerName: GCC  CompilerVersion: 8.4.0
ProgramName: mri_voldiff  ProgramArguments: mri_voldiff -all-info  ProgramVersion: 7.3.2  TimeStamp: 2026/03/14-01:42:43-GMT  BuildTime: Aug  4 2022 06:17:15  BuildStamp: freesurfer-linux-ubuntu22_x86_64-7.3.2-20220804-6354275  User: oesteban  Machine: dna063  Platform: Linux  PlatformVersion: 5.14.0-427.37.1.el9_4.x86_64  CompilerName: GCC  CompilerVersion: 8.4.0
ProgramName: mri_watershed  ProgramArguments: mri_watershed -all-info  ProgramVersion: 7.3.2  TimeStamp: 2026/03/14-01:42:43-GMT  BuildTime: Aug  4 2022 06:17:15  BuildStamp: freesurfer-linux-ubuntu22_x86_64-7.3.2-20220804-6354275  User: oesteban  Machine: dna063  Platform: Linux  PlatformVersion: 5.14.0-427.37.1.el9_4.x86_64  CompilerName: GCC  CompilerVersion: 8.4.0
ProgramName: tkregister2  ProgramArguments: tkregister2_cmdl -all-info  ProgramVersion: 7.3.2  TimeStamp: 2026/03/14-01:42:43-GMT  BuildTime: Aug  4 2022 06:17:15  BuildStamp: freesurfer-linux-ubuntu22_x86_64-7.3.2-20220804-6354275  User: oesteban  Machine: dna063  Platform: Linux  PlatformVersion: 5.14.0-427.37.1.el9_4.x86_64  CompilerName: GCC  CompilerVersion: 8.4.0
mri_motion_correct.fsl 7.3.2
mri_convert -all-info 
ProgramName: mri_convert  ProgramArguments: mri_convert -all-info  ProgramVersion: 7.3.2  TimeStamp: 2026/03/14-01:42:43-GMT  BuildTime: Aug  4 2022 06:17:15  BuildStamp: freesurfer-linux-ubuntu22_x86_64-7.3.2-20220804-6354275  User: oesteban  Machine: dna063  Platform: Linux  PlatformVersion: 5.14.0-427.37.1.el9_4.x86_64  CompilerName: GCC  CompilerVersion: 8.4.0
Program nu_correct, built from:
Package MNI N3, version 1.12.0, compiled by nicks@terrier (x86_64-unknown-linux-gnu) on 2015-06-19 at 01:25:34
#######################################
GCADIR /opt/freesurfer/average
GCA RB_all_2020-01-02.gca
GCASkull RB_all_withskull_2020_01_02.gca
AvgCurvTif folding.atlas.acfb40.noaparc.i12.2016-08-02.tif
GCSDIR /opt/freesurfer/average
GCS DKaparc.atlas.acfb40.noaparc.i12.2016-08-02.gcs
#######################################
#--------------------------------------------
#@# AutoDetGWStats lh Sat Mar 14 02:42:43 CET 2026
cd /out/sourcedata/freesurfer/sub-v2s7x29796_ses-1/mri
mris_autodet_gwstats --o ../surf/autodet.gw.stats.lh.dat --i brain.finalsurfs.mgz --wm wm.mgz --surf ../surf/lh.orig.premesh
  Update not needed
#--------------------------------------------
#@# WhitePreAparc lh Sat Mar 14 02:42:43 CET 2026
cd /out/sourcedata/freesurfer/sub-v2s7x29796_ses-1/mri
mris_place_surface --adgws-in ../surf/autodet.gw.stats.lh.dat --wm wm.mgz --threads 16 --invol brain.finalsurfs.mgz --lh --i ../surf/lh.orig --o ../surf/lh.white.preaparc --white --seg aseg.presurf.mgz --nsmooth 5
   Update not needed
#--------------------------------------------
#@# CortexLabel lh Sat Mar 14 02:42:43 CET 2026
cd /out/sourcedata/freesurfer/sub-v2s7x29796_ses-1/mri
mri_label2label --label-cortex ../surf/lh.white.preaparc aseg.presurf.mgz 0 ../label/lh.cortex.label
   Update not needed
#--------------------------------------------
#@# CortexLabel+HipAmyg lh Sat Mar 14 02:42:43 CET 2026
cd /out/sourcedata/freesurfer/sub-v2s7x29796_ses-1/mri
mri_label2label --label-cortex ../surf/lh.white.preaparc aseg.presurf.mgz 1 ../label/lh.cortex+hipamyg.label
   Update not needed
#@# white curv lh Sat Mar 14 02:42:43 CET 2026
cd /out/sourcedata/freesurfer/sub-v2s7x29796_ses-1/mri
mris_place_surface --curv-map ../surf/lh.white 2 10 ../surf/lh.curv
   Update not needed
#@# white area lh Sat Mar 14 02:42:43 CET 2026
cd /out/sourcedata/freesurfer/sub-v2s7x29796_ses-1/mri
mris_place_surface --area-map ../surf/lh.white ../surf/lh.area
   Update not needed
#@# pial curv lh Sat Mar 14 02:42:43 CET 2026
cd /out/sourcedata/freesurfer/sub-v2s7x29796_ses-1/mri
mris_place_surface --curv-map ../surf/lh.pial 2 10 ../surf/lh.curv.pial
   Update not needed
#@# pial area lh Sat Mar 14 02:42:43 CET 2026
cd /out/sourcedata/freesurfer/sub-v2s7x29796_ses-1/mri
mris_place_surface --area-map ../surf/lh.pial ../surf/lh.area.pial
   Update not needed
#@# thickness lh Sat Mar 14 02:42:43 CET 2026
cd /out/sourcedata/freesurfer/sub-v2s7x29796_ses-1/mri
mris_place_surface --thickness ../surf/lh.white ../surf/lh.pial 20 5 ../surf/lh.thickness
   Update not needed
#@# area and vertex vol lh Sat Mar 14 02:42:43 CET 2026
cd /out/sourcedata/freesurfer/sub-v2s7x29796_ses-1/mri
mris_place_surface --thickness ../surf/lh.white ../surf/lh.pial 20 5 ../surf/lh.thickness
   Update not needed
#-----------------------------------------
#@# Parcellation Stats lh Sat Mar 14 02:42:43 CET 2026
/out/sourcedata/freesurfer/sub-v2s7x29796_ses-1/scripts

 mris_anatomical_stats -th3 -mgz -noglobal -cortex ../label/lh.cortex.label -f ../stats/lh.aparc.stats -b -a ../label/lh.aparc.annot -c ../label/aparc.annot.ctab sub-v2s7x29796_ses-1 lh white 

computing statistics for each annotation in ../label/lh.aparc.annot.
reading volume /out/sourcedata/freesurfer/sub-v2s7x29796_ses-1/mri/wm.mgz...
reading input surface /out/sourcedata/freesurfer/sub-v2s7x29796_ses-1/surf/lh.white...
reading input pial surface /out/sourcedata/freesurfer/sub-v2s7x29796_ses-1/surf/lh.pial...
reading input white surface /out/sourcedata/freesurfer/sub-v2s7x29796_ses-1/surf/lh.white...
INFO: using TH3 volume calc
INFO: assuming MGZ format for volumes.
INFO: not computing global stats
INFO: using ../label/lh.cortex.label as mask to calc cortex NumVert, SurfArea and MeanThickness.
Using TH3 vertex volume calc
Total face volume 295835
Total vertex volume 295661 (mask=0)
Saving annotation colortable ../label/aparc.annot.ctab

table columns are:
    number of vertices
    total surface area (mm^2)
    total gray matter volume (mm^3)
    average cortical thickness +- standard deviation (mm)
    integrated rectified mean curvature
    integrated rectified Gaussian curvature
    folding index
    intrinsic curvature index
    structure name

 1755   1346   3430  2.530 0.501     0.118     0.024       16     1.7  bankssts
 1059    741   2138  2.601 0.583     0.098     0.012        9     0.6  caudalanteriorcingulate
 4546   3303   8427  2.444 0.566     0.122     0.020       40     4.0  caudalmiddlefrontal
 2702   1921   4057  1.992 0.501     0.134     0.028       28     3.5  cuneus
  879    621   2420  3.089 0.783     0.120     0.029        8     1.1  entorhinal
 5536   3908  10915  2.651 0.584     0.121     0.023       55     5.2  fusiform
 7838   5579  13332  2.324 0.529     0.123     0.024       69     8.2  inferiorparietal
 5384   3871  12218  2.730 0.693     0.117     0.026       56     5.6  inferiortemporal
 1692   1215   3430  2.750 0.827     0.119     0.023       18     1.5  isthmuscingulate
 9030   6363  13230  2.062 0.524     0.134     0.028       88    10.4  lateraloccipital
 4689   3338   9771  2.841 0.770     0.120     0.023       45     4.4  lateralorbitofrontal
 5150   3707   6907  1.883 0.502     0.125     0.024       49     5.7  lingual
 2927   2117   5583  2.442 0.773     0.129     0.029       46     3.9  medialorbitofrontal
 4479   3493  12143  2.926 0.759     0.135     0.029       50     6.0  middletemporal
 1217    829   2743  3.017 0.882     0.098     0.020        8     0.8  parahippocampal
 3010   1963   4471  2.303 0.743     0.100     0.018       18     2.2  paracentral
 2598   1933   5392  2.560 0.703     0.123     0.022       23     2.5  parsopercularis
 1286    979   3189  2.705 0.579     0.142     0.026       17     1.6  parsorbitalis
 2261   1703   4601  2.462 0.666     0.123     0.023       21     2.3  parstriangularis
 2663   1882   2538  1.545 0.350     0.133     0.025       29     2.9  pericalcarine
10116   7036  12657  1.703 0.843     0.128     0.034      185    15.8  postcentral
 2241   1547   4394  2.771 0.810     0.102     0.015       21     1.4  posteriorcingulate
10709   7440  16221  2.106 0.751     0.128     0.029      125    14.1  precentral
 8505   6183  14104  2.248 0.680     0.134     0.027       96    10.6  precuneus
 1599   1068   3455  2.915 0.990     0.098     0.021       15     1.3  rostralanteriorcingulate
 9241   6999  18709  2.280 0.750     0.132     0.028      107    11.5  rostralmiddlefrontal
14274  10218  34025  2.883 0.693     0.120     0.023      131    14.4  superiorfrontal
14870  10330  17170  1.703 0.617     0.131     0.034      181    22.7  superiorparietal
 7185   5209  16447  2.882 0.780     0.111     0.020       56     6.2  superiortemporal
 7522   5562  12808  2.203 0.553     0.135     0.030       82     9.6  supramarginal
  370    312   1284  3.232 0.571     0.170     0.050        7     0.8  frontalpole
  864    659   2724  3.350 0.872     0.125     0.031       10     1.0  temporalpole
 1015    657   1866  2.472 0.491     0.115     0.021        9     0.8  transversetemporal
 4328   2975   8861  3.022 0.979     0.104     0.024       32     4.2  insula

 mris_anatomical_stats -th3 -mgz -noglobal -cortex ../label/lh.cortex.label -f ../stats/lh.aparc.pial.stats -b -a ../label/lh.aparc.annot -c ../label/aparc.annot.ctab sub-v2s7x29796_ses-1 lh pial 

computing statistics for each annotation in ../label/lh.aparc.annot.
reading volume /out/sourcedata/freesurfer/sub-v2s7x29796_ses-1/mri/wm.mgz...
reading input surface /out/sourcedata/freesurfer/sub-v2s7x29796_ses-1/surf/lh.pial...
reading input pial surface /out/sourcedata/freesurfer/sub-v2s7x29796_ses-1/surf/lh.pial...
reading input white surface /out/sourcedata/freesurfer/sub-v2s7x29796_ses-1/surf/lh.white...
INFO: using TH3 volume calc
INFO: assuming MGZ format for volumes.
INFO: not computing global stats
INFO: using ../label/lh.cortex.label as mask to calc cortex NumVert, SurfArea and MeanThickness.
Using TH3 vertex volume calc
Total face volume 295835
Total vertex volume 295661 (mask=0)
Saving annotation colortable ../label/aparc.annot.ctab

table columns are:
    number of vertices
    total surface area (mm^2)
    total gray matter volume (mm^3)
    average cortical thickness +- standard deviation (mm)
    integrated rectified mean curvature
    integrated rectified Gaussian curvature
    folding index
    intrinsic curvature index
    structure name

 1755   1411   3430  2.530 0.501     0.128     0.025       21     1.9  bankssts
 1059    887   2138  2.601 0.583     0.140     0.033       72     1.7  caudalanteriorcingulate
 4546   3652   8427  2.444 0.566     0.127     0.027      123     5.2  caudalmiddlefrontal
 2702   2300   4057  1.992 0.501     0.124     0.026       33     3.5  cuneus
  879    979   2420  3.089 0.783     0.245     0.066       26     3.1  entorhinal
 5536   4398  10915  2.651 0.584     0.128     9.673    21824     6.5  fusiform
 7838   6127  13332  2.324 0.529     0.122     0.025       97     8.8  inferiorparietal
 5384   5017  12218  2.730 0.693     0.149     0.033      129     7.8  inferiortemporal
 1692   1357   3430  2.750 0.827     0.147     0.050      276     2.4  isthmuscingulate
 9030   6985  13230  2.062 0.524     0.119     0.030      467     9.7  lateraloccipital
 4689   3705   9771  2.841 0.770     0.139     0.033      911     6.4  lateralorbitofrontal
 5150   3989   6907  1.883 0.502     0.118     0.028      107     5.8  lingual
 2927   2633   5583  2.442 0.773     0.146     0.035       59     4.0  medialorbitofrontal
 4479   4650  12143  2.926 0.759     0.167     0.036      112     7.2  middletemporal
 1217   1004   2743  3.017 0.882     0.128     0.031       13     1.6  parahippocampal
 3010   2019   4471  2.303 0.743     0.097     0.027       50     2.7  paracentral
 2598   2320   5392  2.560 0.703     0.141     0.027       26     2.9  parsopercularis
 1286   1390   3189  2.705 0.579     0.180     0.036       34     2.0  parsorbitalis
 2261   2094   4601  2.462 0.666     0.153     0.028       36     2.8  parstriangularis
 2663   1567   2538  1.545 0.350     0.114     0.026       71     3.0  pericalcarine
10116   7744  12657  1.703 0.843     0.125     0.031      158    13.9  postcentral
 2241   1679   4394  2.771 0.810     0.116     0.024      114     2.6  posteriorcingulate
10709   8075  16221  2.106 0.751     0.130     0.034      255    15.9  precentral
 8505   6487  14104  2.248 0.680     0.144     0.043    68877    12.0  precuneus
 1599   1227   3455  2.915 0.990     0.121     0.024       36     1.6  rostralanteriorcingulate
 9241   9143  18709  2.280 0.750     0.166     0.033      152    14.6  rostralmiddlefrontal
14274  12897  34025  2.883 0.693     0.149     0.032     6750    19.7  superiorfrontal
14870  10704  17170  1.703 0.617     0.120     0.030      868    19.1  superiorparietal
 7185   6123  16447  2.882 0.780     0.136     0.074      175     8.5  superiortemporal
 7522   6327  12808  2.203 0.553     0.146     0.049      161    10.9  supramarginal
  370    491   1284  3.232 0.571     0.223     0.051        5     0.8  frontalpole
  864   1037   2724  3.350 0.872     0.196     0.040       16     1.7  temporalpole
 1015    895   1866  2.472 0.491     0.130     0.031       64     1.2  transversetemporal
 4328   2901   8861  3.022 0.979     0.125     0.031       85     5.8  insula
#-----------------------------------------
#@# Parcellation Stats 2 lh Sat Mar 14 02:43:09 CET 2026
/out/sourcedata/freesurfer/sub-v2s7x29796_ses-1/scripts

 mris_anatomical_stats -th3 -mgz -noglobal -cortex ../label/lh.cortex.label -f ../stats/lh.aparc.a2009s.stats -b -a ../label/lh.aparc.a2009s.annot -c ../label/aparc.annot.a2009s.ctab sub-v2s7x29796_ses-1 lh white 

computing statistics for each annotation in ../label/lh.aparc.a2009s.annot.
reading volume /out/sourcedata/freesurfer/sub-v2s7x29796_ses-1/mri/wm.mgz...
reading input surface /out/sourcedata/freesurfer/sub-v2s7x29796_ses-1/surf/lh.white...
reading input pial surface /out/sourcedata/freesurfer/sub-v2s7x29796_ses-1/surf/lh.pial...
reading input white surface /out/sourcedata/freesurfer/sub-v2s7x29796_ses-1/surf/lh.white...
INFO: using TH3 volume calc
INFO: assuming MGZ format for volumes.
INFO: not computing global stats
INFO: using ../label/lh.cortex.label as mask to calc cortex NumVert, SurfArea and MeanThickness.
Using TH3 vertex volume calc
Total face volume 295835
Total vertex volume 295661 (mask=0)
Saving annotation colortable ../label/aparc.annot.a2009s.ctab

table columns are:
    number of vertices
    total surface area (mm^2)
    total gray matter volume (mm^3)
    average cortical thickness +- standard deviation (mm)
    integrated rectified mean curvature
    integrated rectified Gaussian curvature
    folding index
    intrinsic curvature index
    structure name

 1323    987   2612  2.313 0.725     0.135     0.034       19     1.7  G_and_S_frontomargin
 1987   1376   3336  2.292 0.526     0.135     0.029       19     2.4  G_and_S_occipital_inf
 2261   1444   2726  1.746 0.755     0.112     0.024       25     2.4  G_and_S_paracentral
 1991   1494   4690  2.800 0.771     0.136     0.030       21     2.5  G_and_S_subcentral
  723    589   2193  2.877 0.813     0.154     0.041       12     1.2  G_and_S_transv_frontopol
 2552   1882   5951  2.793 0.766     0.118     0.026       26     2.9  G_and_S_cingul-Ant
 1635   1156   3104  2.758 0.368     0.089     0.011        8     0.9  G_and_S_cingul-Mid-Ant
 1638   1102   3240  2.993 0.672     0.079     0.011        8     0.7  G_and_S_cingul-Mid-Post
  796    564   2110  3.079 0.748     0.128     0.022       10     0.7  G_cingul-Post-dorsal
  318    215    719  2.802 0.657     0.103     0.024        3     0.1  G_cingul-Post-ventral
 2619   1837   3982  1.900 0.587     0.137     0.030       28     3.4  G_cuneus
 1508   1197   4054  2.718 0.695     0.144     0.029       18     1.8  G_front_inf-Opercular
  621    474   1898  2.960 0.522     0.156     0.029       10     0.8  G_front_inf-Orbital
 1202    956   3014  2.405 0.752     0.136     0.028       15     1.5  G_front_inf-Triangul
 4978   4044  14241  2.629 0.756     0.158     0.034       76     8.0  G_front_middle
 9917   7088  26186  3.010 0.684     0.131     0.026      109    11.2  G_front_sup
  647    464   1654  3.149 1.107     0.125     0.035        7     0.8  G_Ins_lg_and_S_cent_ins
  853    591   2734  3.796 0.859     0.101     0.019        5     0.7  G_insular_short
 2508   1722   4539  2.223 0.532     0.136     0.027       27     3.0  G_occipital_middle
 1916   1352   2759  1.911 0.605     0.128     0.029       18     2.1  G_occipital_sup
 2220   1565   4827  2.763 0.521     0.129     0.025       28     2.5  G_oc-temp_lat-fusifor
 3500   2486   4680  1.754 0.516     0.140     0.029       40     4.9  G_oc-temp_med-Lingual
 1972   1377   5129  3.046 0.865     0.114     0.027       19     2.1  G_oc-temp_med-Parahip
 2796   2066   6774  2.663 0.795     0.127     0.025       35     2.9  G_orbital
 3209   2405   6664  2.239 0.714     0.149     0.039       44     5.6  G_pariet_inf-Angular
 3712   2762   7303  2.239 0.558     0.136     0.028       41     4.5  G_pariet_inf-Supramar
 6640   4605   6946  1.486 0.591     0.145     0.046      111    14.1  G_parietal_sup
 4294   2737   4052  1.364 0.712     0.137     0.046      131     8.6  G_postcentral
 4136   2712   6311  1.902 0.870     0.131     0.037       65     6.7  G_precentral
 4394   3205   8210  2.199 0.775     0.142     0.033       56     6.4  G_precuneus
 1168    807   2270  2.171 0.599     0.135     0.036       24     1.9  G_rectus
 1016    678   1597  2.397 1.154     0.106     0.039        9     1.6  G_subcallosal
  788    494   1606  2.505 0.556     0.111     0.022        7     0.7  G_temp_sup-G_T_transv
 2187   1718   7679  3.336 0.691     0.152     0.033       31     3.2  G_temp_sup-Lateral
  950    663   2526  3.517 0.665     0.086     0.017        4     0.6  G_temp_sup-Plan_polar
 1529   1115   2632  2.272 0.595     0.106     0.022       12     1.4  G_temp_sup-Plan_tempo
 2507   1815   6714  2.875 0.754     0.127     0.032       32     3.2  G_temporal_inf
 2543   2101   8605  3.063 0.687     0.153     0.035       39     3.9  G_temporal_middle
  363    250    432  1.972 0.472     0.081     0.011        2     0.1  Lat_Fis-ant-Horizont
  311    212    418  2.542 0.654     0.101     0.017        1     0.2  Lat_Fis-ant-Vertical
 1380    940   1820  2.443 0.537     0.104     0.018        8     1.0  Lat_Fis-post
 2514   1731   3165  1.775 0.408     0.132     0.028       26     3.0  Pole_occipital
 1815   1431   5789  3.138 0.847     0.146     0.035       27     2.7  Pole_temporal
 3432   2652   4287  1.922 0.649     0.137     0.025       36     4.3  S_calcarine
 4676   3639   5850  1.733 0.589     0.141     0.031       52     7.5  S_central
 1889   1265   2591  2.337 0.762     0.096     0.013       10     1.0  S_cingul-Marginalis
  707    484   1415  3.393 0.569     0.089     0.016        2     0.5  S_circular_insula_ant
 1764   1200   2921  3.061 0.689     0.080     0.009        6     0.7  S_circular_insula_inf
 2040   1369   3145  2.913 0.470     0.096     0.014        9     1.3  S_circular_insula_sup
 1422    948   1970  2.435 0.483     0.079     0.008        5     0.5  S_collat_transv_ant
  410    322    548  2.029 0.380     0.154     0.031        4     0.6  S_collat_transv_post
 2786   1978   4116  2.175 0.574     0.114     0.021       21     2.5  S_front_inf
 1915   1357   2586  2.050 0.626     0.118     0.022       16     1.8  S_front_middle
 3884   2733   5923  2.283 0.643     0.096     0.015       21     2.4  S_front_sup
  310    233    352  1.913 0.292     0.147     0.021        3     0.4  S_interm_prim-Jensen
 4763   3429   5891  1.986 0.499     0.117     0.020       35     4.4  S_intrapariet_and_P_trans
 1390    995   1759  2.269 0.479     0.121     0.023       10     1.2  S_oc_middle_and_Lunatus
 1735   1195   2239  2.136 0.418     0.114     0.021       12     1.5  S_oc_sup_and_transversal
  784    556   1235  2.362 0.454     0.126     0.027        6     0.9  S_occipital_ant
 1106    774   1608  2.479 0.403     0.097     0.017        5     0.7  S_oc-temp_lat
 2447   1729   3979  2.399 0.645     0.104     0.017       16     1.7  S_oc-temp_med_and_Lingual
  494    387    805  2.139 0.697     0.133     0.023        4     0.6  S_orbital_lateral
  957    653   1248  2.408 0.567     0.111     0.019       10     0.6  S_orbital_med-olfact
 1642   1182   3277  2.902 0.771     0.124     0.027       14     1.9  S_orbital-H_Shaped
 3175   2177   4319  2.176 0.593     0.118     0.021       27     2.9  S_parieto_occipital
 1446   1001   1685  2.081 0.790     0.113     0.016       18     1.1  S_pericallosal
 4918   3394   5851  1.887 0.486     0.117     0.023       44     4.7  S_postcentral
 1895   1293   2547  2.423 0.454     0.105     0.015       12     1.2  S_precentral-inf-part
 2459   1700   3645  2.517 0.314     0.102     0.014       14     1.5  S_precentral-sup-part
  863    619   1389  2.691 0.845     0.129     0.017        9     0.8  S_suborbital
 1321    925   1868  2.360 0.512     0.111     0.019        9     1.1  S_subparietal
 1707   1216   2921  2.617 0.601     0.121     0.023       12     1.8  S_temporal_inf
 6652   4754  10909  2.461 0.562     0.109     0.020       44     5.8  S_temporal_sup
  614    439    892  2.515 0.489     0.109     0.013        4     0.3  S_temporal_transverse
#-----------------------------------------
#@# Parcellation Stats 3 lh Sat Mar 14 02:43:22 CET 2026
/out/sourcedata/freesurfer/sub-v2s7x29796_ses-1/scripts

 mris_anatomical_stats -th3 -mgz -noglobal -cortex ../label/lh.cortex.label -f ../stats/lh.aparc.DKTatlas.stats -b -a ../label/lh.aparc.DKTatlas.annot -c ../label/aparc.annot.DKTatlas.ctab sub-v2s7x29796_ses-1 lh white 

computing statistics for each annotation in ../label/lh.aparc.DKTatlas.annot.
reading volume /out/sourcedata/freesurfer/sub-v2s7x29796_ses-1/mri/wm.mgz...
reading input surface /out/sourcedata/freesurfer/sub-v2s7x29796_ses-1/surf/lh.white...
reading input pial surface /out/sourcedata/freesurfer/sub-v2s7x29796_ses-1/surf/lh.pial...
reading input white surface /out/sourcedata/freesurfer/sub-v2s7x29796_ses-1/surf/lh.white...
INFO: using TH3 volume calc
INFO: assuming MGZ format for volumes.
INFO: not computing global stats
INFO: using ../label/lh.cortex.label as mask to calc cortex NumVert, SurfArea and MeanThickness.
Using TH3 vertex volume calc
Total face volume 295835
Total vertex volume 295661 (mask=0)
Saving annotation colortable ../label/aparc.annot.DKTatlas.ctab

table columns are:
    number of vertices
    total surface area (mm^2)
    total gray matter volume (mm^3)
    average cortical thickness +- standard deviation (mm)
    integrated rectified mean curvature
    integrated rectified Gaussian curvature
    folding index
    intrinsic curvature index
    structure name

 2059   1430   4082  2.692 0.545     0.097     0.013       15     1.1  caudalanteriorcingulate
 4884   3534   9005  2.456 0.557     0.120     0.021       42     4.1  caudalmiddlefrontal
 3858   2697   5725  2.014 0.557     0.129     0.027       37     4.4  cuneus
  831    589   2218  3.101 0.809     0.111     0.026        6     0.9  entorhinal
 5085   3569   9835  2.632 0.560     0.118     0.021       48     4.5  fusiform
 7876   5638  13354  2.306 0.532     0.123     0.024       70     8.0  inferiorparietal
 5500   3972  12417  2.710 0.692     0.116     0.026       55     5.7  inferiortemporal
 1688   1206   3411  2.771 0.801     0.120     0.024       18     1.5  isthmuscingulate
 9093   6379  13289  2.066 0.529     0.134     0.027       89    10.6  lateraloccipital
 5116   3690  10681  2.688 0.832     0.126     0.027       60     5.6  lateralorbitofrontal
 5259   3791   7003  1.870 0.498     0.126     0.024       51     5.9  lingual
 2825   1992   5179  2.421 0.767     0.125     0.031       42     3.8  medialorbitofrontal
 6122   4707  15563  2.863 0.716     0.136     0.030       71     8.1  middletemporal
 1248    848   2748  2.984 0.885     0.098     0.019        8     0.8  parahippocampal
 3660   2380   5818  2.407 0.767     0.099     0.017       22     2.6  paracentral
 2372   1781   5086  2.654 0.657     0.130     0.024       23     2.3  parsopercularis
 1312    957   3092  2.852 0.515     0.117     0.020       13     1.1  parsorbitalis
 2819   2068   5222  2.370 0.686     0.122     0.023       25     2.9  parstriangularis
 2600   1838   2474  1.546 0.352     0.132     0.025       28     2.8  pericalcarine
11459   7951  14042  1.708 0.830     0.127     0.034      198    17.5  postcentral
 2479   1711   4743  2.773 0.789     0.102     0.014       23     1.6  posteriorcingulate
10554   7327  15954  2.101 0.752     0.128     0.029      124    14.0  precentral
 8405   6130  14073  2.220 0.686     0.134     0.028       97    10.5  precuneus
 2198   1533   4815  2.811 0.981     0.108     0.023       22     2.2  rostralanteriorcingulate
 6751   5196  14471  2.314 0.771     0.136     0.029       82     8.9  rostralmiddlefrontal
14661  10653  34820  2.800 0.754     0.125     0.025      146    16.2  superiorfrontal
12216   8543  13877  1.687 0.602     0.133     0.036      155    19.8  superiorparietal
 9364   6850  21696  2.861 0.802     0.115     0.022       80     8.9  superiortemporal
 7046   5205  11887  2.200 0.554     0.137     0.030       78     9.3  supramarginal
 1027    664   1879  2.471 0.493     0.114     0.021        9     0.8  transversetemporal
 3173   2177   7200  3.348 0.841     0.093     0.016       16     2.1  insula
/out/sourcedata/freesurfer/sub-v2s7x29796_ses-1/label
#--------------------------------------------
#@# BA_exvivo Labels lh Sat Mar 14 02:43:34 CET 2026

 mri_label2label --srcsubject fsaverage --srclabel /out/sourcedata/freesurfer/fsaverage/label/lh.BA1_exvivo.label --trgsubject sub-v2s7x29796_ses-1 --trglabel ./lh.BA1_exvivo.label --hemi lh --regmethod surface 


srclabel = /out/sourcedata/freesurfer/fsaverage/label/lh.BA1_exvivo.label
srcsubject = fsaverage
trgsubject = sub-v2s7x29796_ses-1
trglabel = ./lh.BA1_exvivo.label
regmethod = surface

srchemi = lh
trghemi = lh
trgsurface = white
srcsurfreg = sphere.reg
trgsurfreg = sphere.reg
usehash = 1
Use ProjAbs  = 0, 0
Use ProjFrac = 0, 0
DoPaint 0

SUBJECTS_DIR    /out/sourcedata/freesurfer
FREESURFER_HOME /opt/freesurfer
Loading source label.
Found 4129 points in source label.
Starting surface-based mapping
Reading source registration 
 /out/sourcedata/freesurfer/fsaverage/surf/lh.sphere.reg
Rescaling ...  original radius = 100
Reading target surface 
 /out/sourcedata/freesurfer/sub-v2s7x29796_ses-1/surf/lh.white
Reading target registration 
 /out/sourcedata/freesurfer/sub-v2s7x29796_ses-1/surf/lh.sphere.reg
Rescaling ...  original radius = 100
Building target registration hash (res=16).
Building source registration hash (res=16).
INFO: found  4129 nlabel points
Performing mapping from target back to the source label 173120
Number of reverse mapping hits = 1243
Checking for and removing duplicates
Writing label file ./lh.BA1_exvivo.label 5372
mri_label2label: Done


 mri_label2label --srcsubject fsaverage --srclabel /out/sourcedata/freesurfer/fsaverage/label/lh.BA2_exvivo.label --trgsubject sub-v2s7x29796_ses-1 --trglabel ./lh.BA2_exvivo.label --hemi lh --regmethod surface 


srclabel = /out/sourcedata/freesurfer/fsaverage/label/lh.BA2_exvivo.label
srcsubject = fsaverage
trgsubject = sub-v2s7x29796_ses-1
trglabel = ./lh.BA2_exvivo.label
regmethod = surface

srchemi = lh
trghemi = lh
trgsurface = white
srcsurfreg = sphere.reg
trgsurfreg = sphere.reg
usehash = 1
Use ProjAbs  = 0, 0
Use ProjFrac = 0, 0
DoPaint 0

SUBJECTS_DIR    /out/sourcedata/freesurfer
FREESURFER_HOME /opt/freesurfer
Loading source label.
Found 7909 points in source label.
Starting surface-based mapping
Reading source registration 
 /out/sourcedata/freesurfer/fsaverage/surf/lh.sphere.reg
Rescaling ...  original radius = 100
Reading target surface 
 /out/sourcedata/freesurfer/sub-v2s7x29796_ses-1/surf/lh.white
Reading target registration 
 /out/sourcedata/freesurfer/sub-v2s7x29796_ses-1/surf/lh.sphere.reg
Rescaling ...  original radius = 100
Building target registration hash (res=16).
Building source registration hash (res=16).
INFO: found  7909 nlabel points
Performing mapping from target back to the source label 173120
Number of reverse mapping hits = 2122
Checking for and removing duplicates
Writing label file ./lh.BA2_exvivo.label 10031
mri_label2label: Done


 mri_label2label --srcsubject fsaverage --srclabel /out/sourcedata/freesurfer/fsaverage/label/lh.BA3a_exvivo.label --trgsubject sub-v2s7x29796_ses-1 --trglabel ./lh.BA3a_exvivo.label --hemi lh --regmethod surface 


srclabel = /out/sourcedata/freesurfer/fsaverage/label/lh.BA3a_exvivo.label
srcsubject = fsaverage
trgsubject = sub-v2s7x29796_ses-1
trglabel = ./lh.BA3a_exvivo.label
regmethod = surface

srchemi = lh
trghemi = lh
trgsurface = white
srcsurfreg = sphere.reg
trgsurfreg = sphere.reg
usehash = 1
Use ProjAbs  = 0, 0
Use ProjFrac = 0, 0
DoPaint 0

SUBJECTS_DIR    /out/sourcedata/freesurfer
FREESURFER_HOME /opt/freesurfer
Loading source label.
Found 4077 points in source label.
Starting surface-based mapping
Reading source registration 
 /out/sourcedata/freesurfer/fsaverage/surf/lh.sphere.reg
Rescaling ...  original radius = 100
Reading target surface 
 /out/sourcedata/freesurfer/sub-v2s7x29796_ses-1/surf/lh.white
Reading target registration 
 /out/sourcedata/freesurfer/sub-v2s7x29796_ses-1/surf/lh.sphere.reg
Rescaling ...  original radius = 100
Building target registration hash (res=16).
Building source registration hash (res=16).
INFO: found  4077 nlabel points
Performing mapping from target back to the source label 173120
Number of reverse mapping hits = 505
Checking for and removing duplicates
Writing label file ./lh.BA3a_exvivo.label 4582
mri_label2label: Done


 mri_label2label --srcsubject fsaverage --srclabel /out/sourcedata/freesurfer/fsaverage/label/lh.BA3b_exvivo.label --trgsubject sub-v2s7x29796_ses-1 --trglabel ./lh.BA3b_exvivo.label --hemi lh --regmethod surface 


srclabel = /out/sourcedata/freesurfer/fsaverage/label/lh.BA3b_exvivo.label
srcsubject = fsaverage
trgsubject = sub-v2s7x29796_ses-1
trglabel = ./lh.BA3b_exvivo.label
regmethod = surface

srchemi = lh
trghemi = lh
trgsurface = white
srcsurfreg = sphere.reg
trgsurfreg = sphere.reg
usehash = 1
Use ProjAbs  = 0, 0
Use ProjFrac = 0, 0
DoPaint 0

SUBJECTS_DIR    /out/sourcedata/freesurfer
FREESURFER_HOME /opt/freesurfer
Loading source label.
Found 5983 points in source label.
Starting surface-based mapping
Reading source registration 
 /out/sourcedata/freesurfer/fsaverage/surf/lh.sphere.reg
Rescaling ...  original radius = 100
Reading target surface 
 /out/sourcedata/freesurfer/sub-v2s7x29796_ses-1/surf/lh.white
Reading target registration 
 /out/sourcedata/freesurfer/sub-v2s7x29796_ses-1/surf/lh.sphere.reg
Rescaling ...  original radius = 100
Building target registration hash (res=16).
Building source registration hash (res=16).
INFO: found  5983 nlabel points
Performing mapping from target back to the source label 173120
Number of reverse mapping hits = 1006
Checking for and removing duplicates
Writing label file ./lh.BA3b_exvivo.label 6989
mri_label2label: Done


 mri_label2label --srcsubject fsaverage --srclabel /out/sourcedata/freesurfer/fsaverage/label/lh.BA4a_exvivo.label --trgsubject sub-v2s7x29796_ses-1 --trglabel ./lh.BA4a_exvivo.label --hemi lh --regmethod surface 


srclabel = /out/sourcedata/freesurfer/fsaverage/label/lh.BA4a_exvivo.label
srcsubject = fsaverage
trgsubject = sub-v2s7x29796_ses-1
trglabel = ./lh.BA4a_exvivo.label
regmethod = surface

srchemi = lh
trghemi = lh
trgsurface = white
srcsurfreg = sphere.reg
trgsurfreg = sphere.reg
usehash = 1
Use ProjAbs  = 0, 0
Use ProjFrac = 0, 0
DoPaint 0

SUBJECTS_DIR    /out/sourcedata/freesurfer
FREESURFER_HOME /opt/freesurfer
Loading source label.
Found 5784 points in source label.
Starting surface-based mapping
Reading source registration 
 /out/sourcedata/freesurfer/fsaverage/surf/lh.sphere.reg
Rescaling ...  original radius = 100
Reading target surface 
 /out/sourcedata/freesurfer/sub-v2s7x29796_ses-1/surf/lh.white
Reading target registration 
 /out/sourcedata/freesurfer/sub-v2s7x29796_ses-1/surf/lh.sphere.reg
Rescaling ...  original radius = 100
Building target registration hash (res=16).
Building source registration hash (res=16).
INFO: found  5784 nlabel points
Performing mapping from target back to the source label 173120
Number of reverse mapping hits = 1378
Checking for and removing duplicates
Writing label file ./lh.BA4a_exvivo.label 7162
mri_label2label: Done


 mri_label2label --srcsubject fsaverage --srclabel /out/sourcedata/freesurfer/fsaverage/label/lh.BA4p_exvivo.label --trgsubject sub-v2s7x29796_ses-1 --trglabel ./lh.BA4p_exvivo.label --hemi lh --regmethod surface 


srclabel = /out/sourcedata/freesurfer/fsaverage/label/lh.BA4p_exvivo.label
srcsubject = fsaverage
trgsubject = sub-v2s7x29796_ses-1
trglabel = ./lh.BA4p_exvivo.label
regmethod = surface

srchemi = lh
trghemi = lh
trgsurface = white
srcsurfreg = sphere.reg
trgsurfreg = sphere.reg
usehash = 1
Use ProjAbs  = 0, 0
Use ProjFrac = 0, 0
DoPaint 0

SUBJECTS_DIR    /out/sourcedata/freesurfer
FREESURFER_HOME /opt/freesurfer
Loading source label.
Found 4070 points in source label.
Starting surface-based mapping
Reading source registration 
 /out/sourcedata/freesurfer/fsaverage/surf/lh.sphere.reg
Rescaling ...  original radius = 100
Reading target surface 
 /out/sourcedata/freesurfer/sub-v2s7x29796_ses-1/surf/lh.white
Reading target registration 
 /out/sourcedata/freesurfer/sub-v2s7x29796_ses-1/surf/lh.sphere.reg
Rescaling ...  original radius = 100
Building target registration hash (res=16).
Building source registration hash (res=16).
INFO: found  4070 nlabel points
Performing mapping from target back to the source label 173120
Number of reverse mapping hits = 920
Checking for and removing duplicates
Writing label file ./lh.BA4p_exvivo.label 4990
mri_label2label: Done


 mri_label2label --srcsubject fsaverage --srclabel /out/sourcedata/freesurfer/fsaverage/label/lh.BA6_exvivo.label --trgsubject sub-v2s7x29796_ses-1 --trglabel ./lh.BA6_exvivo.label --hemi lh --regmethod surface 


srclabel = /out/sourcedata/freesurfer/fsaverage/label/lh.BA6_exvivo.label
srcsubject = fsaverage
trgsubject = sub-v2s7x29796_ses-1
trglabel = ./lh.BA6_exvivo.label
regmethod = surface

srchemi = lh
trghemi = lh
trgsurface = white
srcsurfreg = sphere.reg
trgsurfreg = sphere.reg
usehash = 1
Use ProjAbs  = 0, 0
Use ProjFrac = 0, 0
DoPaint 0

SUBJECTS_DIR    /out/sourcedata/freesurfer
FREESURFER_HOME /opt/freesurfer
Loading source label.
Found 13589 points in source label.
Starting surface-based mapping
Reading source registration 
 /out/sourcedata/freesurfer/fsaverage/surf/lh.sphere.reg
Rescaling ...  original radius = 100
Reading target surface 
 /out/sourcedata/freesurfer/sub-v2s7x29796_ses-1/surf/lh.white
Reading target registration 
 /out/sourcedata/freesurfer/sub-v2s7x29796_ses-1/surf/lh.sphere.reg
Rescaling ...  original radius = 100
Building target registration hash (res=16).
Building source registration hash (res=16).
INFO: found  13589 nlabel points
Performing mapping from target back to the source label 173120
Number of reverse mapping hits = 3329
Checking for and removing duplicates
Writing label file ./lh.BA6_exvivo.label 16918
mri_label2label: Done


 mri_label2label --srcsubject fsaverage --srclabel /out/sourcedata/freesurfer/fsaverage/label/lh.BA44_exvivo.label --trgsubject sub-v2s7x29796_ses-1 --trglabel ./lh.BA44_exvivo.label --hemi lh --regmethod surface 


srclabel = /out/sourcedata/freesurfer/fsaverage/label/lh.BA44_exvivo.label
srcsubject = fsaverage
trgsubject = sub-v2s7x29796_ses-1
trglabel = ./lh.BA44_exvivo.label
regmethod = surface

srchemi = lh
trghemi = lh
trgsurface = white
srcsurfreg = sphere.reg
trgsurfreg = sphere.reg
usehash = 1
Use ProjAbs  = 0, 0
Use ProjFrac = 0, 0
DoPaint 0

SUBJECTS_DIR    /out/sourcedata/freesurfer
FREESURFER_HOME /opt/freesurfer
Loading source label.
Found 4181 points in source label.
Starting surface-based mapping
Reading source registration 
 /out/sourcedata/freesurfer/fsaverage/surf/lh.sphere.reg
Rescaling ...  original radius = 100
Reading target surface 
 /out/sourcedata/freesurfer/sub-v2s7x29796_ses-1/surf/lh.white
Reading target registration 
 /out/sourcedata/freesurfer/sub-v2s7x29796_ses-1/surf/lh.sphere.reg
Rescaling ...  original radius = 100
Building target registration hash (res=16).
Building source registration hash (res=16).
INFO: found  4181 nlabel points
Performing mapping from target back to the source label 173120
Number of reverse mapping hits = 265
Checking for and removing duplicates
Writing label file ./lh.BA44_exvivo.label 4446
mri_label2label: Done


 mri_label2label --srcsubject fsaverage --srclabel /out/sourcedata/freesurfer/fsaverage/label/lh.BA45_exvivo.label --trgsubject sub-v2s7x29796_ses-1 --trglabel ./lh.BA45_exvivo.label --hemi lh --regmethod surface 


srclabel = /out/sourcedata/freesurfer/fsaverage/label/lh.BA45_exvivo.label
srcsubject = fsaverage
trgsubject = sub-v2s7x29796_ses-1
trglabel = ./lh.BA45_exvivo.label
regmethod = surface

srchemi = lh
trghemi = lh
trgsurface = white
srcsurfreg = sphere.reg
trgsurfreg = sphere.reg
usehash = 1
Use ProjAbs  = 0, 0
Use ProjFrac = 0, 0
DoPaint 0

SUBJECTS_DIR    /out/sourcedata/freesurfer
FREESURFER_HOME /opt/freesurfer
Loading source label.
Found 3422 points in source label.
Starting surface-based mapping
Reading source registration 
 /out/sourcedata/freesurfer/fsaverage/surf/lh.sphere.reg
Rescaling ...  original radius = 100
Reading target surface 
 /out/sourcedata/freesurfer/sub-v2s7x29796_ses-1/surf/lh.white
Reading target registration 
 /out/sourcedata/freesurfer/sub-v2s7x29796_ses-1/surf/lh.sphere.reg
Rescaling ...  original radius = 100
Building target registration hash (res=16).
Building source registration hash (res=16).
INFO: found  3422 nlabel points
Performing mapping from target back to the source label 173120
Number of reverse mapping hits = 764
Checking for and removing duplicates
Writing label file ./lh.BA45_exvivo.label 4186
mri_label2label: Done


 mri_label2label --srcsubject fsaverage --srclabel /out/sourcedata/freesurfer/fsaverage/label/lh.V1_exvivo.label --trgsubject sub-v2s7x29796_ses-1 --trglabel ./lh.V1_exvivo.label --hemi lh --regmethod surface 


srclabel = /out/sourcedata/freesurfer/fsaverage/label/lh.V1_exvivo.label
srcsubject = fsaverage
trgsubject = sub-v2s7x29796_ses-1
trglabel = ./lh.V1_exvivo.label
regmethod = surface

srchemi = lh
trghemi = lh
trgsurface = white
srcsurfreg = sphere.reg
trgsurfreg = sphere.reg
usehash = 1
Use ProjAbs  = 0, 0
Use ProjFrac = 0, 0
DoPaint 0

SUBJECTS_DIR    /out/sourcedata/freesurfer
FREESURFER_HOME /opt/freesurfer
Loading source label.
Found 4641 points in source label.
Starting surface-based mapping
Reading source registration 
 /out/sourcedata/freesurfer/fsaverage/surf/lh.sphere.reg
Rescaling ...  original radius = 100
Reading target surface 
 /out/sourcedata/freesurfer/sub-v2s7x29796_ses-1/surf/lh.white
Reading target registration 
 /out/sourcedata/freesurfer/sub-v2s7x29796_ses-1/surf/lh.sphere.reg
Rescaling ...  original radius = 100
Building target registration hash (res=16).
Building source registration hash (res=16).
INFO: found  4641 nlabel points
Performing mapping from target back to the source label 173120
Number of reverse mapping hits = 2028
Checking for and removing duplicates
Writing label file ./lh.V1_exvivo.label 6669
mri_label2label: Done


 mri_label2label --srcsubject fsaverage --srclabel /out/sourcedata/freesurfer/fsaverage/label/lh.V2_exvivo.label --trgsubject sub-v2s7x29796_ses-1 --trglabel ./lh.V2_exvivo.label --hemi lh --regmethod surface 


srclabel = /out/sourcedata/freesurfer/fsaverage/label/lh.V2_exvivo.label
srcsubject = fsaverage
trgsubject = sub-v2s7x29796_ses-1
trglabel = ./lh.V2_exvivo.label
regmethod = surface

srchemi = lh
trghemi = lh
trgsurface = white
srcsurfreg = sphere.reg
trgsurfreg = sphere.reg
usehash = 1
Use ProjAbs  = 0, 0
Use ProjFrac = 0, 0
DoPaint 0

SUBJECTS_DIR    /out/sourcedata/freesurfer
FREESURFER_HOME /opt/freesurfer
Loading source label.
Found 8114 points in source label.
Starting surface-based mapping
Reading source registration 
 /out/sourcedata/freesurfer/fsaverage/surf/lh.sphere.reg
Rescaling ...  original radius = 100
Reading target surface 
 /out/sourcedata/freesurfer/sub-v2s7x29796_ses-1/surf/lh.white
Reading target registration 
 /out/sourcedata/freesurfer/sub-v2s7x29796_ses-1/surf/lh.sphere.reg
Rescaling ...  original radius = 100
Building target registration hash (res=16).
Building source registration hash (res=16).
INFO: found  8114 nlabel points
Performing mapping from target back to the source label 173120
Number of reverse mapping hits = 3390
Checking for and removing duplicates
Writing label file ./lh.V2_exvivo.label 11504
mri_label2label: Done


 mri_label2label --srcsubject fsaverage --srclabel /out/sourcedata/freesurfer/fsaverage/label/lh.MT_exvivo.label --trgsubject sub-v2s7x29796_ses-1 --trglabel ./lh.MT_exvivo.label --hemi lh --regmethod surface 


srclabel = /out/sourcedata/freesurfer/fsaverage/label/lh.MT_exvivo.label
srcsubject = fsaverage
trgsubject = sub-v2s7x29796_ses-1
trglabel = ./lh.MT_exvivo.label
regmethod = surface

srchemi = lh
trghemi = lh
trgsurface = white
srcsurfreg = sphere.reg
trgsurfreg = sphere.reg
usehash = 1
Use ProjAbs  = 0, 0
Use ProjFrac = 0, 0
DoPaint 0

SUBJECTS_DIR    /out/sourcedata/freesurfer
FREESURFER_HOME /opt/freesurfer
Loading source label.
Found 2018 points in source label.
Starting surface-based mapping
Reading source registration 
 /out/sourcedata/freesurfer/fsaverage/surf/lh.sphere.reg
Rescaling ...  original radius = 100
Reading target surface 
 /out/sourcedata/freesurfer/sub-v2s7x29796_ses-1/surf/lh.white
Reading target registration 
 /out/sourcedata/freesurfer/sub-v2s7x29796_ses-1/surf/lh.sphere.reg
Rescaling ...  original radius = 100
Building target registration hash (res=16).
Building source registration hash (res=16).
INFO: found  2018 nlabel points
Performing mapping from target back to the source label 173120
Number of reverse mapping hits = 518
Checking for and removing duplicates
Writing label file ./lh.MT_exvivo.label 2536
mri_label2label: Done


 mri_label2label --srcsubject fsaverage --srclabel /out/sourcedata/freesurfer/fsaverage/label/lh.entorhinal_exvivo.label --trgsubject sub-v2s7x29796_ses-1 --trglabel ./lh.entorhinal_exvivo.label --hemi lh --regmethod surface 


srclabel = /out/sourcedata/freesurfer/fsaverage/label/lh.entorhinal_exvivo.label
srcsubject = fsaverage
trgsubject = sub-v2s7x29796_ses-1
trglabel = ./lh.entorhinal_exvivo.label
regmethod = surface

srchemi = lh
trghemi = lh
trgsurface = white
srcsurfreg = sphere.reg
trgsurfreg = sphere.reg
usehash = 1
Use ProjAbs  = 0, 0
Use ProjFrac = 0, 0
DoPaint 0

SUBJECTS_DIR    /out/sourcedata/freesurfer
FREESURFER_HOME /opt/freesurfer
Loading source label.
Found 1290 points in source label.
Starting surface-based mapping
Reading source registration 
 /out/sourcedata/freesurfer/fsaverage/surf/lh.sphere.reg
Rescaling ...  original radius = 100
Reading target surface 
 /out/sourcedata/freesurfer/sub-v2s7x29796_ses-1/surf/lh.white
Reading target registration 
 /out/sourcedata/freesurfer/sub-v2s7x29796_ses-1/surf/lh.sphere.reg
Rescaling ...  original radius = 100
Building target registration hash (res=16).
Building source registration hash (res=16).
INFO: found  1290 nlabel points
Performing mapping from target back to the source label 173120
Number of reverse mapping hits = 303
Checking for and removing duplicates
Writing label file ./lh.entorhinal_exvivo.label 1593
mri_label2label: Done


 mri_label2label --srcsubject fsaverage --srclabel /out/sourcedata/freesurfer/fsaverage/label/lh.perirhinal_exvivo.label --trgsubject sub-v2s7x29796_ses-1 --trglabel ./lh.perirhinal_exvivo.label --hemi lh --regmethod surface 


srclabel = /out/sourcedata/freesurfer/fsaverage/label/lh.perirhinal_exvivo.label
srcsubject = fsaverage
trgsubject = sub-v2s7x29796_ses-1
trglabel = ./lh.perirhinal_exvivo.label
regmethod = surface

srchemi = lh
trghemi = lh
trgsurface = white
srcsurfreg = sphere.reg
trgsurfreg = sphere.reg
usehash = 1
Use ProjAbs  = 0, 0
Use ProjFrac = 0, 0
DoPaint 0

SUBJECTS_DIR    /out/sourcedata/freesurfer
FREESURFER_HOME /opt/freesurfer
Loading source label.
Found 1199 points in source label.
Starting surface-based mapping
Reading source registration 
 /out/sourcedata/freesurfer/fsaverage/surf/lh.sphere.reg
Rescaling ...  original radius = 100
Reading target surface 
 /out/sourcedata/freesurfer/sub-v2s7x29796_ses-1/surf/lh.white
Reading target registration 
 /out/sourcedata/freesurfer/sub-v2s7x29796_ses-1/surf/lh.sphere.reg
Rescaling ...  original radius = 100
Building target registration hash (res=16).
Building source registration hash (res=16).
INFO: found  1199 nlabel points
Performing mapping from target back to the source label 173120
Number of reverse mapping hits = 277
Checking for and removing duplicates
Writing label file ./lh.perirhinal_exvivo.label 1476
mri_label2label: Done


 mri_label2label --srcsubject fsaverage --srclabel /out/sourcedata/freesurfer/fsaverage/label/lh.FG1.mpm.vpnl.label --trgsubject sub-v2s7x29796_ses-1 --trglabel ./lh.FG1.mpm.vpnl.label --hemi lh --regmethod surface 


srclabel = /out/sourcedata/freesurfer/fsaverage/label/lh.FG1.mpm.vpnl.label
srcsubject = fsaverage
trgsubject = sub-v2s7x29796_ses-1
trglabel = ./lh.FG1.mpm.vpnl.label
regmethod = surface

srchemi = lh
trghemi = lh
trgsurface = white
srcsurfreg = sphere.reg
trgsurfreg = sphere.reg
usehash = 1
Use ProjAbs  = 0, 0
Use ProjFrac = 0, 0
DoPaint 0

SUBJECTS_DIR    /out/sourcedata/freesurfer
FREESURFER_HOME /opt/freesurfer
Loading source label.
Found 414 points in source label.
Starting surface-based mapping
Reading source registration 
 /out/sourcedata/freesurfer/fsaverage/surf/lh.sphere.reg
Rescaling ...  original radius = 100
Reading target surface 
 /out/sourcedata/freesurfer/sub-v2s7x29796_ses-1/surf/lh.white
Reading target registration 
 /out/sourcedata/freesurfer/sub-v2s7x29796_ses-1/surf/lh.sphere.reg
Rescaling ...  original radius = 100
Building target registration hash (res=16).
Building source registration hash (res=16).
INFO: found  414 nlabel points
Performing mapping from target back to the source label 173120
Number of reverse mapping hits = 78
Checking for and removing duplicates
Writing label file ./lh.FG1.mpm.vpnl.label 492
mri_label2label: Done


 mri_label2label --srcsubject fsaverage --srclabel /out/sourcedata/freesurfer/fsaverage/label/lh.FG2.mpm.vpnl.label --trgsubject sub-v2s7x29796_ses-1 --trglabel ./lh.FG2.mpm.vpnl.label --hemi lh --regmethod surface 


srclabel = /out/sourcedata/freesurfer/fsaverage/label/lh.FG2.mpm.vpnl.label
srcsubject = fsaverage
trgsubject = sub-v2s7x29796_ses-1
trglabel = ./lh.FG2.mpm.vpnl.label
regmethod = surface

srchemi = lh
trghemi = lh
trgsurface = white
srcsurfreg = sphere.reg
trgsurfreg = sphere.reg
usehash = 1
Use ProjAbs  = 0, 0
Use ProjFrac = 0, 0
DoPaint 0

SUBJECTS_DIR    /out/sourcedata/freesurfer
FREESURFER_HOME /opt/freesurfer
Loading source label.
Found 703 points in source label.
Starting surface-based mapping
Reading source registration 
 /out/sourcedata/freesurfer/fsaverage/surf/lh.sphere.reg
Rescaling ...  original radius = 100
Reading target surface 
 /out/sourcedata/freesurfer/sub-v2s7x29796_ses-1/surf/lh.white
Reading target registration 
 /out/sourcedata/freesurfer/sub-v2s7x29796_ses-1/surf/lh.sphere.reg
Rescaling ...  original radius = 100
Building target registration hash (res=16).
Building source registration hash (res=16).
INFO: found  703 nlabel points
Performing mapping from target back to the source label 173120
Number of reverse mapping hits = 171
Checking for and removing duplicates
Writing label file ./lh.FG2.mpm.vpnl.label 874
mri_label2label: Done


 mri_label2label --srcsubject fsaverage --srclabel /out/sourcedata/freesurfer/fsaverage/label/lh.FG3.mpm.vpnl.label --trgsubject sub-v2s7x29796_ses-1 --trglabel ./lh.FG3.mpm.vpnl.label --hemi lh --regmethod surface 


srclabel = /out/sourcedata/freesurfer/fsaverage/label/lh.FG3.mpm.vpnl.label
srcsubject = fsaverage
trgsubject = sub-v2s7x29796_ses-1
trglabel = ./lh.FG3.mpm.vpnl.label
regmethod = surface

srchemi = lh
trghemi = lh
trgsurface = white
srcsurfreg = sphere.reg
trgsurfreg = sphere.reg
usehash = 1
Use ProjAbs  = 0, 0
Use ProjFrac = 0, 0
DoPaint 0

SUBJECTS_DIR    /out/sourcedata/freesurfer
FREESURFER_HOME /opt/freesurfer
Loading source label.
Found 1873 points in source label.
Starting surface-based mapping
Reading source registration 
 /out/sourcedata/freesurfer/fsaverage/surf/lh.sphere.reg
Rescaling ...  original radius = 100
Reading target surface 
 /out/sourcedata/freesurfer/sub-v2s7x29796_ses-1/surf/lh.white
Reading target registration 
 /out/sourcedata/freesurfer/sub-v2s7x29796_ses-1/surf/lh.sphere.reg
Rescaling ...  original radius = 100
Building target registration hash (res=16).
Building source registration hash (res=16).
INFO: found  1873 nlabel points
Performing mapping from target back to the source label 173120
Number of reverse mapping hits = 327
Checking for and removing duplicates
Writing label file ./lh.FG3.mpm.vpnl.label 2200
mri_label2label: Done


 mri_label2label --srcsubject fsaverage --srclabel /out/sourcedata/freesurfer/fsaverage/label/lh.FG4.mpm.vpnl.label --trgsubject sub-v2s7x29796_ses-1 --trglabel ./lh.FG4.mpm.vpnl.label --hemi lh --regmethod surface 


srclabel = /out/sourcedata/freesurfer/fsaverage/label/lh.FG4.mpm.vpnl.label
srcsubject = fsaverage
trgsubject = sub-v2s7x29796_ses-1
trglabel = ./lh.FG4.mpm.vpnl.label
regmethod = surface

srchemi = lh
trghemi = lh
trgsurface = white
srcsurfreg = sphere.reg
trgsurfreg = sphere.reg
usehash = 1
Use ProjAbs  = 0, 0
Use ProjFrac = 0, 0
DoPaint 0

SUBJECTS_DIR    /out/sourcedata/freesurfer
FREESURFER_HOME /opt/freesurfer
Loading source label.
Found 2101 points in source label.
Starting surface-based mapping
Reading source registration 
 /out/sourcedata/freesurfer/fsaverage/surf/lh.sphere.reg
Rescaling ...  original radius = 100
Reading target surface 
 /out/sourcedata/freesurfer/sub-v2s7x29796_ses-1/surf/lh.white
Reading target registration 
 /out/sourcedata/freesurfer/sub-v2s7x29796_ses-1/surf/lh.sphere.reg
Rescaling ...  original radius = 100
Building target registration hash (res=16).
Building source registration hash (res=16).
INFO: found  2101 nlabel points
Performing mapping from target back to the source label 173120
Number of reverse mapping hits = 612
Checking for and removing duplicates
Writing label file ./lh.FG4.mpm.vpnl.label 2713
mri_label2label: Done


 mri_label2label --srcsubject fsaverage --srclabel /out/sourcedata/freesurfer/fsaverage/label/lh.hOc1.mpm.vpnl.label --trgsubject sub-v2s7x29796_ses-1 --trglabel ./lh.hOc1.mpm.vpnl.label --hemi lh --regmethod surface 


srclabel = /out/sourcedata/freesurfer/fsaverage/label/lh.hOc1.mpm.vpnl.label
srcsubject = fsaverage
trgsubject = sub-v2s7x29796_ses-1
trglabel = ./lh.hOc1.mpm.vpnl.label
regmethod = surface

srchemi = lh
trghemi = lh
trgsurface = white
srcsurfreg = sphere.reg
trgsurfreg = sphere.reg
usehash = 1
Use ProjAbs  = 0, 0
Use ProjFrac = 0, 0
DoPaint 0

SUBJECTS_DIR    /out/sourcedata/freesurfer
FREESURFER_HOME /opt/freesurfer
Loading source label.
Found 3877 points in source label.
Starting surface-based mapping
Reading source registration 
 /out/sourcedata/freesurfer/fsaverage/surf/lh.sphere.reg
Rescaling ...  original radius = 100
Reading target surface 
 /out/sourcedata/freesurfer/sub-v2s7x29796_ses-1/surf/lh.white
Reading target registration 
 /out/sourcedata/freesurfer/sub-v2s7x29796_ses-1/surf/lh.sphere.reg
Rescaling ...  original radius = 100
Building target registration hash (res=16).
Building source registration hash (res=16).
INFO: found  3877 nlabel points
Performing mapping from target back to the source label 173120
Number of reverse mapping hits = 1680
Checking for and removing duplicates
Writing label file ./lh.hOc1.mpm.vpnl.label 5557
mri_label2label: Done


 mri_label2label --srcsubject fsaverage --srclabel /out/sourcedata/freesurfer/fsaverage/label/lh.hOc2.mpm.vpnl.label --trgsubject sub-v2s7x29796_ses-1 --trglabel ./lh.hOc2.mpm.vpnl.label --hemi lh --regmethod surface 


srclabel = /out/sourcedata/freesurfer/fsaverage/label/lh.hOc2.mpm.vpnl.label
srcsubject = fsaverage
trgsubject = sub-v2s7x29796_ses-1
trglabel = ./lh.hOc2.mpm.vpnl.label
regmethod = surface

srchemi = lh
trghemi = lh
trgsurface = white
srcsurfreg = sphere.reg
trgsurfreg = sphere.reg
usehash = 1
Use ProjAbs  = 0, 0
Use ProjFrac = 0, 0
DoPaint 0

SUBJECTS_DIR    /out/sourcedata/freesurfer
FREESURFER_HOME /opt/freesurfer
Loading source label.
Found 2919 points in source label.
Starting surface-based mapping
Reading source registration 
 /out/sourcedata/freesurfer/fsaverage/surf/lh.sphere.reg
Rescaling ...  original radius = 100
Reading target surface 
 /out/sourcedata/freesurfer/sub-v2s7x29796_ses-1/surf/lh.white
Reading target registration 
 /out/sourcedata/freesurfer/sub-v2s7x29796_ses-1/surf/lh.sphere.reg
Rescaling ...  original radius = 100
Building target registration hash (res=16).
Building source registration hash (res=16).
INFO: found  2919 nlabel points
Performing mapping from target back to the source label 173120
Number of reverse mapping hits = 1388
Checking for and removing duplicates
Writing label file ./lh.hOc2.mpm.vpnl.label 4307
mri_label2label: Done


 mri_label2label --srcsubject fsaverage --srclabel /out/sourcedata/freesurfer/fsaverage/label/lh.hOc3v.mpm.vpnl.label --trgsubject sub-v2s7x29796_ses-1 --trglabel ./lh.hOc3v.mpm.vpnl.label --hemi lh --regmethod surface 


srclabel = /out/sourcedata/freesurfer/fsaverage/label/lh.hOc3v.mpm.vpnl.label
srcsubject = fsaverage
trgsubject = sub-v2s7x29796_ses-1
trglabel = ./lh.hOc3v.mpm.vpnl.label
regmethod = surface

srchemi = lh
trghemi = lh
trgsurface = white
srcsurfreg = sphere.reg
trgsurfreg = sphere.reg
usehash = 1
Use ProjAbs  = 0, 0
Use ProjFrac = 0, 0
DoPaint 0

SUBJECTS_DIR    /out/sourcedata/freesurfer
FREESURFER_HOME /opt/freesurfer
Loading source label.
Found 1286 points in source label.
Starting surface-based mapping
Reading source registration 
 /out/sourcedata/freesurfer/fsaverage/surf/lh.sphere.reg
Rescaling ...  original radius = 100
Reading target surface 
 /out/sourcedata/freesurfer/sub-v2s7x29796_ses-1/surf/lh.white
Reading target registration 
 /out/sourcedata/freesurfer/sub-v2s7x29796_ses-1/surf/lh.sphere.reg
Rescaling ...  original radius = 100
Building target registration hash (res=16).
Building source registration hash (res=16).
INFO: found  1286 nlabel points
Performing mapping from target back to the source label 173120
Number of reverse mapping hits = 508
Checking for and removing duplicates
Writing label file ./lh.hOc3v.mpm.vpnl.label 1794
mri_label2label: Done


 mri_label2label --srcsubject fsaverage --srclabel /out/sourcedata/freesurfer/fsaverage/label/lh.hOc4v.mpm.vpnl.label --trgsubject sub-v2s7x29796_ses-1 --trglabel ./lh.hOc4v.mpm.vpnl.label --hemi lh --regmethod surface 


srclabel = /out/sourcedata/freesurfer/fsaverage/label/lh.hOc4v.mpm.vpnl.label
srcsubject = fsaverage
trgsubject = sub-v2s7x29796_ses-1
trglabel = ./lh.hOc4v.mpm.vpnl.label
regmethod = surface

srchemi = lh
trghemi = lh
trgsurface = white
srcsurfreg = sphere.reg
trgsurfreg = sphere.reg
usehash = 1
Use ProjAbs  = 0, 0
Use ProjFrac = 0, 0
DoPaint 0

SUBJECTS_DIR    /out/sourcedata/freesurfer
FREESURFER_HOME /opt/freesurfer
Loading source label.
Found 1006 points in source label.
Starting surface-based mapping
Reading source registration 
 /out/sourcedata/freesurfer/fsaverage/surf/lh.sphere.reg
Rescaling ...  original radius = 100
Reading target surface 
 /out/sourcedata/freesurfer/sub-v2s7x29796_ses-1/surf/lh.white
Reading target registration 
 /out/sourcedata/freesurfer/sub-v2s7x29796_ses-1/surf/lh.sphere.reg
Rescaling ...  original radius = 100
Building target registration hash (res=16).
Building source registration hash (res=16).
INFO: found  1006 nlabel points
Performing mapping from target back to the source label 173120
Number of reverse mapping hits = 379
Checking for and removing duplicates
Writing label file ./lh.hOc4v.mpm.vpnl.label 1385
mri_label2label: Done


 mris_label2annot --s sub-v2s7x29796_ses-1 --ctab /opt/freesurfer/average/colortable_vpnl.txt --hemi lh --a mpm.vpnl --maxstatwinner --noverbose --l lh.FG1.mpm.vpnl.label --l lh.FG2.mpm.vpnl.label --l lh.FG3.mpm.vpnl.label --l lh.FG4.mpm.vpnl.label --l lh.hOc1.mpm.vpnl.label --l lh.hOc2.mpm.vpnl.label --l lh.hOc3v.mpm.vpnl.label --l lh.hOc4v.mpm.vpnl.label 

Reading ctab /opt/freesurfer/average/colortable_vpnl.txt
Number of ctab entries 9

7.3.2
cwd /out/sourcedata/freesurfer/sub-v2s7x29796_ses-1/label
cmdline mris_label2annot --s sub-v2s7x29796_ses-1 --ctab /opt/freesurfer/average/colortable_vpnl.txt --hemi lh --a mpm.vpnl --maxstatwinner --noverbose --l lh.FG1.mpm.vpnl.label --l lh.FG2.mpm.vpnl.label --l lh.FG3.mpm.vpnl.label --l lh.FG4.mpm.vpnl.label --l lh.hOc1.mpm.vpnl.label --l lh.hOc2.mpm.vpnl.label --l lh.hOc3v.mpm.vpnl.label --l lh.hOc4v.mpm.vpnl.label 
sysname  Linux
hostname dna063
machine  x86_64
user     oesteban

subject sub-v2s7x29796_ses-1
hemi    lh
SUBJECTS_DIR /out/sourcedata/freesurfer
ColorTable /opt/freesurfer/average/colortable_vpnl.txt
AnnotName  mpm.vpnl
nlables 8
LabelThresh 0 0.000000
Loading /out/sourcedata/freesurfer/sub-v2s7x29796_ses-1/surf/lh.orig
 1 1376057 FG1
 2 16711935 FG2
 3 16711680 FG3
 4 1705837 FG4
 5 25600 hOc1
 6 255 hOc2
 7 16776960 hOc3v
 8 65535 hOc4v
Mapping unhit to unknown
Found 154560 unhit vertices
Writing annot to /out/sourcedata/freesurfer/sub-v2s7x29796_ses-1/label/lh.mpm.vpnl.annot

 mri_label2label --srcsubject fsaverage --srclabel /out/sourcedata/freesurfer/fsaverage/label/lh.BA1_exvivo.thresh.label --trgsubject sub-v2s7x29796_ses-1 --trglabel ./lh.BA1_exvivo.thresh.label --hemi lh --regmethod surface 


srclabel = /out/sourcedata/freesurfer/fsaverage/label/lh.BA1_exvivo.thresh.label
srcsubject = fsaverage
trgsubject = sub-v2s7x29796_ses-1
trglabel = ./lh.BA1_exvivo.thresh.label
regmethod = surface

srchemi = lh
trghemi = lh
trgsurface = white
srcsurfreg = sphere.reg
trgsurfreg = sphere.reg
usehash = 1
Use ProjAbs  = 0, 0
Use ProjFrac = 0, 0
DoPaint 0

SUBJECTS_DIR    /out/sourcedata/freesurfer
FREESURFER_HOME /opt/freesurfer
Loading source label.
Found 1014 points in source label.
Starting surface-based mapping
Reading source registration 
 /out/sourcedata/freesurfer/fsaverage/surf/lh.sphere.reg
Rescaling ...  original radius = 100
Reading target surface 
 /out/sourcedata/freesurfer/sub-v2s7x29796_ses-1/surf/lh.white
Reading target registration 
 /out/sourcedata/freesurfer/sub-v2s7x29796_ses-1/surf/lh.sphere.reg
Rescaling ...  original radius = 100
Building target registration hash (res=16).
Building source registration hash (res=16).
INFO: found  1014 nlabel points
Performing mapping from target back to the source label 173120
Number of reverse mapping hits = 372
Checking for and removing duplicates
Writing label file ./lh.BA1_exvivo.thresh.label 1386
mri_label2label: Done


 mri_label2label --srcsubject fsaverage --srclabel /out/sourcedata/freesurfer/fsaverage/label/lh.BA2_exvivo.thresh.label --trgsubject sub-v2s7x29796_ses-1 --trglabel ./lh.BA2_exvivo.thresh.label --hemi lh --regmethod surface 


srclabel = /out/sourcedata/freesurfer/fsaverage/label/lh.BA2_exvivo.thresh.label
srcsubject = fsaverage
trgsubject = sub-v2s7x29796_ses-1
trglabel = ./lh.BA2_exvivo.thresh.label
regmethod = surface

srchemi = lh
trghemi = lh
trgsurface = white
srcsurfreg = sphere.reg
trgsurfreg = sphere.reg
usehash = 1
Use ProjAbs  = 0, 0
Use ProjFrac = 0, 0
DoPaint 0

SUBJECTS_DIR    /out/sourcedata/freesurfer
FREESURFER_HOME /opt/freesurfer
Loading source label.
Found 2092 points in source label.
Starting surface-based mapping
Reading source registration 
 /out/sourcedata/freesurfer/fsaverage/surf/lh.sphere.reg
Rescaling ...  original radius = 100
Reading target surface 
 /out/sourcedata/freesurfer/sub-v2s7x29796_ses-1/surf/lh.white
Reading target registration 
 /out/sourcedata/freesurfer/sub-v2s7x29796_ses-1/surf/lh.sphere.reg
Rescaling ...  original radius = 100
Building target registration hash (res=16).
Building source registration hash (res=16).
INFO: found  2092 nlabel points
Performing mapping from target back to the source label 173120
Number of reverse mapping hits = 853
Checking for and removing duplicates
Writing label file ./lh.BA2_exvivo.thresh.label 2945
mri_label2label: Done


 mri_label2label --srcsubject fsaverage --srclabel /out/sourcedata/freesurfer/fsaverage/label/lh.BA3a_exvivo.thresh.label --trgsubject sub-v2s7x29796_ses-1 --trglabel ./lh.BA3a_exvivo.thresh.label --hemi lh --regmethod surface 


srclabel = /out/sourcedata/freesurfer/fsaverage/label/lh.BA3a_exvivo.thresh.label
srcsubject = fsaverage
trgsubject = sub-v2s7x29796_ses-1
trglabel = ./lh.BA3a_exvivo.thresh.label
regmethod = surface

srchemi = lh
trghemi = lh
trgsurface = white
srcsurfreg = sphere.reg
trgsurfreg = sphere.reg
usehash = 1
Use ProjAbs  = 0, 0
Use ProjFrac = 0, 0
DoPaint 0

SUBJECTS_DIR    /out/sourcedata/freesurfer
FREESURFER_HOME /opt/freesurfer
Loading source label.
Found 1504 points in source label.
Starting surface-based mapping
Reading source registration 
 /out/sourcedata/freesurfer/fsaverage/surf/lh.sphere.reg
Rescaling ...  original radius = 100
Reading target surface 
 /out/sourcedata/freesurfer/sub-v2s7x29796_ses-1/surf/lh.white
Reading target registration 
 /out/sourcedata/freesurfer/sub-v2s7x29796_ses-1/surf/lh.sphere.reg
Rescaling ...  original radius = 100
Building target registration hash (res=16).
Building source registration hash (res=16).
INFO: found  1504 nlabel points
Performing mapping from target back to the source label 173120
Number of reverse mapping hits = 210
Checking for and removing duplicates
Writing label file ./lh.BA3a_exvivo.thresh.label 1714
mri_label2label: Done


 mri_label2label --srcsubject fsaverage --srclabel /out/sourcedata/freesurfer/fsaverage/label/lh.BA3b_exvivo.thresh.label --trgsubject sub-v2s7x29796_ses-1 --trglabel ./lh.BA3b_exvivo.thresh.label --hemi lh --regmethod surface 


srclabel = /out/sourcedata/freesurfer/fsaverage/label/lh.BA3b_exvivo.thresh.label
srcsubject = fsaverage
trgsubject = sub-v2s7x29796_ses-1
trglabel = ./lh.BA3b_exvivo.thresh.label
regmethod = surface

srchemi = lh
trghemi = lh
trgsurface = white
srcsurfreg = sphere.reg
trgsurfreg = sphere.reg
usehash = 1
Use ProjAbs  = 0, 0
Use ProjFrac = 0, 0
DoPaint 0

SUBJECTS_DIR    /out/sourcedata/freesurfer
FREESURFER_HOME /opt/freesurfer
Loading source label.
Found 1996 points in source label.
Starting surface-based mapping
Reading source registration 
 /out/sourcedata/freesurfer/fsaverage/surf/lh.sphere.reg
Rescaling ...  original radius = 100
Reading target surface 
 /out/sourcedata/freesurfer/sub-v2s7x29796_ses-1/surf/lh.white
Reading target registration 
 /out/sourcedata/freesurfer/sub-v2s7x29796_ses-1/surf/lh.sphere.reg
Rescaling ...  original radius = 100
Building target registration hash (res=16).
Building source registration hash (res=16).
INFO: found  1996 nlabel points
Performing mapping from target back to the source label 173120
Number of reverse mapping hits = 348
Checking for and removing duplicates
Writing label file ./lh.BA3b_exvivo.thresh.label 2344
mri_label2label: Done


 mri_label2label --srcsubject fsaverage --srclabel /out/sourcedata/freesurfer/fsaverage/label/lh.BA4a_exvivo.thresh.label --trgsubject sub-v2s7x29796_ses-1 --trglabel ./lh.BA4a_exvivo.thresh.label --hemi lh --regmethod surface 


srclabel = /out/sourcedata/freesurfer/fsaverage/label/lh.BA4a_exvivo.thresh.label
srcsubject = fsaverage
trgsubject = sub-v2s7x29796_ses-1
trglabel = ./lh.BA4a_exvivo.thresh.label
regmethod = surface

srchemi = lh
trghemi = lh
trgsurface = white
srcsurfreg = sphere.reg
trgsurfreg = sphere.reg
usehash = 1
Use ProjAbs  = 0, 0
Use ProjFrac = 0, 0
DoPaint 0

SUBJECTS_DIR    /out/sourcedata/freesurfer
FREESURFER_HOME /opt/freesurfer
Loading source label.
Found 2319 points in source label.
Starting surface-based mapping
Reading source registration 
 /out/sourcedata/freesurfer/fsaverage/surf/lh.sphere.reg
Rescaling ...  original radius = 100
Reading target surface 
 /out/sourcedata/freesurfer/sub-v2s7x29796_ses-1/surf/lh.white
Reading target registration 
 /out/sourcedata/freesurfer/sub-v2s7x29796_ses-1/surf/lh.sphere.reg
Rescaling ...  original radius = 100
Building target registration hash (res=16).
Building source registration hash (res=16).
INFO: found  2319 nlabel points
Performing mapping from target back to the source label 173120
Number of reverse mapping hits = 539
Checking for and removing duplicates
Writing label file ./lh.BA4a_exvivo.thresh.label 2858
mri_label2label: Done


 mri_label2label --srcsubject fsaverage --srclabel /out/sourcedata/freesurfer/fsaverage/label/lh.BA4p_exvivo.thresh.label --trgsubject sub-v2s7x29796_ses-1 --trglabel ./lh.BA4p_exvivo.thresh.label --hemi lh --regmethod surface 


srclabel = /out/sourcedata/freesurfer/fsaverage/label/lh.BA4p_exvivo.thresh.label
srcsubject = fsaverage
trgsubject = sub-v2s7x29796_ses-1
trglabel = ./lh.BA4p_exvivo.thresh.label
regmethod = surface

srchemi = lh
trghemi = lh
trgsurface = white
srcsurfreg = sphere.reg
trgsurfreg = sphere.reg
usehash = 1
Use ProjAbs  = 0, 0
Use ProjFrac = 0, 0
DoPaint 0

SUBJECTS_DIR    /out/sourcedata/freesurfer
FREESURFER_HOME /opt/freesurfer
Loading source label.
Found 1549 points in source label.
Starting surface-based mapping
Reading source registration 
 /out/sourcedata/freesurfer/fsaverage/surf/lh.sphere.reg
Rescaling ...  original radius = 100
Reading target surface 
 /out/sourcedata/freesurfer/sub-v2s7x29796_ses-1/surf/lh.white
Reading target registration 
 /out/sourcedata/freesurfer/sub-v2s7x29796_ses-1/surf/lh.sphere.reg
Rescaling ...  original radius = 100
Building target registration hash (res=16).
Building source registration hash (res=16).
INFO: found  1549 nlabel points
Performing mapping from target back to the source label 173120
Number of reverse mapping hits = 272
Checking for and removing duplicates
Writing label file ./lh.BA4p_exvivo.thresh.label 1821
mri_label2label: Done


 mri_label2label --srcsubject fsaverage --srclabel /out/sourcedata/freesurfer/fsaverage/label/lh.BA6_exvivo.thresh.label --trgsubject sub-v2s7x29796_ses-1 --trglabel ./lh.BA6_exvivo.thresh.label --hemi lh --regmethod surface 


srclabel = /out/sourcedata/freesurfer/fsaverage/label/lh.BA6_exvivo.thresh.label
srcsubject = fsaverage
trgsubject = sub-v2s7x29796_ses-1
trglabel = ./lh.BA6_exvivo.thresh.label
regmethod = surface

srchemi = lh
trghemi = lh
trgsurface = white
srcsurfreg = sphere.reg
trgsurfreg = sphere.reg
usehash = 1
Use ProjAbs  = 0, 0
Use ProjFrac = 0, 0
DoPaint 0

SUBJECTS_DIR    /out/sourcedata/freesurfer
FREESURFER_HOME /opt/freesurfer
Loading source label.
Found 7035 points in source label.
Starting surface-based mapping
Reading source registration 
 /out/sourcedata/freesurfer/fsaverage/surf/lh.sphere.reg
Rescaling ...  original radius = 100
Reading target surface 
 /out/sourcedata/freesurfer/sub-v2s7x29796_ses-1/surf/lh.white
Reading target registration 
 /out/sourcedata/freesurfer/sub-v2s7x29796_ses-1/surf/lh.sphere.reg
Rescaling ...  original radius = 100
Building target registration hash (res=16).
Building source registration hash (res=16).
INFO: found  7035 nlabel points
Performing mapping from target back to the source label 173120
Number of reverse mapping hits = 1773
Checking for and removing duplicates
Writing label file ./lh.BA6_exvivo.thresh.label 8808
mri_label2label: Done


 mri_label2label --srcsubject fsaverage --srclabel /out/sourcedata/freesurfer/fsaverage/label/lh.BA44_exvivo.thresh.label --trgsubject sub-v2s7x29796_ses-1 --trglabel ./lh.BA44_exvivo.thresh.label --hemi lh --regmethod surface 


srclabel = /out/sourcedata/freesurfer/fsaverage/label/lh.BA44_exvivo.thresh.label
srcsubject = fsaverage
trgsubject = sub-v2s7x29796_ses-1
trglabel = ./lh.BA44_exvivo.thresh.label
regmethod = surface

srchemi = lh
trghemi = lh
trgsurface = white
srcsurfreg = sphere.reg
trgsurfreg = sphere.reg
usehash = 1
Use ProjAbs  = 0, 0
Use ProjFrac = 0, 0
DoPaint 0

SUBJECTS_DIR    /out/sourcedata/freesurfer
FREESURFER_HOME /opt/freesurfer
Loading source label.
Found 1912 points in source label.
Starting surface-based mapping
Reading source registration 
 /out/sourcedata/freesurfer/fsaverage/surf/lh.sphere.reg
Rescaling ...  original radius = 100
Reading target surface 
 /out/sourcedata/freesurfer/sub-v2s7x29796_ses-1/surf/lh.white
Reading target registration 
 /out/sourcedata/freesurfer/sub-v2s7x29796_ses-1/surf/lh.sphere.reg
Rescaling ...  original radius = 100
Building target registration hash (res=16).
Building source registration hash (res=16).
INFO: found  1912 nlabel points
Performing mapping from target back to the source label 173120
Number of reverse mapping hits = 110
Checking for and removing duplicates
Writing label file ./lh.BA44_exvivo.thresh.label 2022
mri_label2label: Done


 mri_label2label --srcsubject fsaverage --srclabel /out/sourcedata/freesurfer/fsaverage/label/lh.BA45_exvivo.thresh.label --trgsubject sub-v2s7x29796_ses-1 --trglabel ./lh.BA45_exvivo.thresh.label --hemi lh --regmethod surface 


srclabel = /out/sourcedata/freesurfer/fsaverage/label/lh.BA45_exvivo.thresh.label
srcsubject = fsaverage
trgsubject = sub-v2s7x29796_ses-1
trglabel = ./lh.BA45_exvivo.thresh.label
regmethod = surface

srchemi = lh
trghemi = lh
trgsurface = white
srcsurfreg = sphere.reg
trgsurfreg = sphere.reg
usehash = 1
Use ProjAbs  = 0, 0
Use ProjFrac = 0, 0
DoPaint 0

SUBJECTS_DIR    /out/sourcedata/freesurfer
FREESURFER_HOME /opt/freesurfer
Loading source label.
Found 1151 points in source label.
Starting surface-based mapping
Reading source registration 
 /out/sourcedata/freesurfer/fsaverage/surf/lh.sphere.reg
Rescaling ...  original radius = 100
Reading target surface 
 /out/sourcedata/freesurfer/sub-v2s7x29796_ses-1/surf/lh.white
Reading target registration 
 /out/sourcedata/freesurfer/sub-v2s7x29796_ses-1/surf/lh.sphere.reg
Rescaling ...  original radius = 100
Building target registration hash (res=16).
Building source registration hash (res=16).
INFO: found  1151 nlabel points
Performing mapping from target back to the source label 173120
Number of reverse mapping hits = 278
Checking for and removing duplicates
Writing label file ./lh.BA45_exvivo.thresh.label 1429
mri_label2label: Done


 mri_label2label --srcsubject fsaverage --srclabel /out/sourcedata/freesurfer/fsaverage/label/lh.V1_exvivo.thresh.label --trgsubject sub-v2s7x29796_ses-1 --trglabel ./lh.V1_exvivo.thresh.label --hemi lh --regmethod surface 


srclabel = /out/sourcedata/freesurfer/fsaverage/label/lh.V1_exvivo.thresh.label
srcsubject = fsaverage
trgsubject = sub-v2s7x29796_ses-1
trglabel = ./lh.V1_exvivo.thresh.label
regmethod = surface

srchemi = lh
trghemi = lh
trgsurface = white
srcsurfreg = sphere.reg
trgsurfreg = sphere.reg
usehash = 1
Use ProjAbs  = 0, 0
Use ProjFrac = 0, 0
DoPaint 0

SUBJECTS_DIR    /out/sourcedata/freesurfer
FREESURFER_HOME /opt/freesurfer
Loading source label.
Found 3405 points in source label.
Starting surface-based mapping
Reading source registration 
 /out/sourcedata/freesurfer/fsaverage/surf/lh.sphere.reg
Rescaling ...  original radius = 100
Reading target surface 
 /out/sourcedata/freesurfer/sub-v2s7x29796_ses-1/surf/lh.white
Reading target registration 
 /out/sourcedata/freesurfer/sub-v2s7x29796_ses-1/surf/lh.sphere.reg
Rescaling ...  original radius = 100
Building target registration hash (res=16).
Building source registration hash (res=16).
INFO: found  3405 nlabel points
Performing mapping from target back to the source label 173120
Number of reverse mapping hits = 1531
Checking for and removing duplicates
Writing label file ./lh.V1_exvivo.thresh.label 4936
mri_label2label: Done


 mri_label2label --srcsubject fsaverage --srclabel /out/sourcedata/freesurfer/fsaverage/label/lh.V2_exvivo.thresh.label --trgsubject sub-v2s7x29796_ses-1 --trglabel ./lh.V2_exvivo.thresh.label --hemi lh --regmethod surface 


srclabel = /out/sourcedata/freesurfer/fsaverage/label/lh.V2_exvivo.thresh.label
srcsubject = fsaverage
trgsubject = sub-v2s7x29796_ses-1
trglabel = ./lh.V2_exvivo.thresh.label
regmethod = surface

srchemi = lh
trghemi = lh
trgsurface = white
srcsurfreg = sphere.reg
trgsurfreg = sphere.reg
usehash = 1
Use ProjAbs  = 0, 0
Use ProjFrac = 0, 0
DoPaint 0

SUBJECTS_DIR    /out/sourcedata/freesurfer
FREESURFER_HOME /opt/freesurfer
Loading source label.
Found 3334 points in source label.
Starting surface-based mapping
Reading source registration 
 /out/sourcedata/freesurfer/fsaverage/surf/lh.sphere.reg
Rescaling ...  original radius = 100
Reading target surface 
 /out/sourcedata/freesurfer/sub-v2s7x29796_ses-1/surf/lh.white
Reading target registration 
 /out/sourcedata/freesurfer/sub-v2s7x29796_ses-1/surf/lh.sphere.reg
Rescaling ...  original radius = 100
Building target registration hash (res=16).
Building source registration hash (res=16).
INFO: found  3334 nlabel points
Performing mapping from target back to the source label 173120
Number of reverse mapping hits = 1441
Checking for and removing duplicates
Writing label file ./lh.V2_exvivo.thresh.label 4775
mri_label2label: Done


 mri_label2label --srcsubject fsaverage --srclabel /out/sourcedata/freesurfer/fsaverage/label/lh.MT_exvivo.thresh.label --trgsubject sub-v2s7x29796_ses-1 --trglabel ./lh.MT_exvivo.thresh.label --hemi lh --regmethod surface 


srclabel = /out/sourcedata/freesurfer/fsaverage/label/lh.MT_exvivo.thresh.label
srcsubject = fsaverage
trgsubject = sub-v2s7x29796_ses-1
trglabel = ./lh.MT_exvivo.thresh.label
regmethod = surface

srchemi = lh
trghemi = lh
trgsurface = white
srcsurfreg = sphere.reg
trgsurfreg = sphere.reg
usehash = 1
Use ProjAbs  = 0, 0
Use ProjFrac = 0, 0
DoPaint 0

SUBJECTS_DIR    /out/sourcedata/freesurfer
FREESURFER_HOME /opt/freesurfer
Loading source label.
Found 513 points in source label.
Starting surface-based mapping
Reading source registration 
 /out/sourcedata/freesurfer/fsaverage/surf/lh.sphere.reg
Rescaling ...  original radius = 100
Reading target surface 
 /out/sourcedata/freesurfer/sub-v2s7x29796_ses-1/surf/lh.white
Reading target registration 
 /out/sourcedata/freesurfer/sub-v2s7x29796_ses-1/surf/lh.sphere.reg
Rescaling ...  original radius = 100
Building target registration hash (res=16).
Building source registration hash (res=16).
INFO: found  513 nlabel points
Performing mapping from target back to the source label 173120
Number of reverse mapping hits = 146
Checking for and removing duplicates
Writing label file ./lh.MT_exvivo.thresh.label 659
mri_label2label: Done


 mri_label2label --srcsubject fsaverage --srclabel /out/sourcedata/freesurfer/fsaverage/label/lh.entorhinal_exvivo.thresh.label --trgsubject sub-v2s7x29796_ses-1 --trglabel ./lh.entorhinal_exvivo.thresh.label --hemi lh --regmethod surface 


srclabel = /out/sourcedata/freesurfer/fsaverage/label/lh.entorhinal_exvivo.thresh.label
srcsubject = fsaverage
trgsubject = sub-v2s7x29796_ses-1
trglabel = ./lh.entorhinal_exvivo.thresh.label
regmethod = surface

srchemi = lh
trghemi = lh
trgsurface = white
srcsurfreg = sphere.reg
trgsurfreg = sphere.reg
usehash = 1
Use ProjAbs  = 0, 0
Use ProjFrac = 0, 0
DoPaint 0

SUBJECTS_DIR    /out/sourcedata/freesurfer
FREESURFER_HOME /opt/freesurfer
Loading source label.
Found 470 points in source label.
Starting surface-based mapping
Reading source registration 
 /out/sourcedata/freesurfer/fsaverage/surf/lh.sphere.reg
Rescaling ...  original radius = 100
Reading target surface 
 /out/sourcedata/freesurfer/sub-v2s7x29796_ses-1/surf/lh.white
Reading target registration 
 /out/sourcedata/freesurfer/sub-v2s7x29796_ses-1/surf/lh.sphere.reg
Rescaling ...  original radius = 100
Building target registration hash (res=16).
Building source registration hash (res=16).
INFO: found  470 nlabel points
Performing mapping from target back to the source label 173120
Number of reverse mapping hits = 141
Checking for and removing duplicates
Writing label file ./lh.entorhinal_exvivo.thresh.label 611
mri_label2label: Done


 mri_label2label --srcsubject fsaverage --srclabel /out/sourcedata/freesurfer/fsaverage/label/lh.perirhinal_exvivo.thresh.label --trgsubject sub-v2s7x29796_ses-1 --trglabel ./lh.perirhinal_exvivo.thresh.label --hemi lh --regmethod surface 


srclabel = /out/sourcedata/freesurfer/fsaverage/label/lh.perirhinal_exvivo.thresh.label
srcsubject = fsaverage
trgsubject = sub-v2s7x29796_ses-1
trglabel = ./lh.perirhinal_exvivo.thresh.label
regmethod = surface

srchemi = lh
trghemi = lh
trgsurface = white
srcsurfreg = sphere.reg
trgsurfreg = sphere.reg
usehash = 1
Use ProjAbs  = 0, 0
Use ProjFrac = 0, 0
DoPaint 0

SUBJECTS_DIR    /out/sourcedata/freesurfer
FREESURFER_HOME /opt/freesurfer
Loading source label.
Found 450 points in source label.
Starting surface-based mapping
Reading source registration 
 /out/sourcedata/freesurfer/fsaverage/surf/lh.sphere.reg
Rescaling ...  original radius = 100
Reading target surface 
 /out/sourcedata/freesurfer/sub-v2s7x29796_ses-1/surf/lh.white
Reading target registration 
 /out/sourcedata/freesurfer/sub-v2s7x29796_ses-1/surf/lh.sphere.reg
Rescaling ...  original radius = 100
Building target registration hash (res=16).
Building source registration hash (res=16).
INFO: found  450 nlabel points
Performing mapping from target back to the source label 173120
Number of reverse mapping hits = 100
Checking for and removing duplicates
Writing label file ./lh.perirhinal_exvivo.thresh.label 550
mri_label2label: Done


 mris_label2annot --s sub-v2s7x29796_ses-1 --hemi lh --ctab /opt/freesurfer/average/colortable_BA.txt --l lh.BA1_exvivo.label --l lh.BA2_exvivo.label --l lh.BA3a_exvivo.label --l lh.BA3b_exvivo.label --l lh.BA4a_exvivo.label --l lh.BA4p_exvivo.label --l lh.BA6_exvivo.label --l lh.BA44_exvivo.label --l lh.BA45_exvivo.label --l lh.V1_exvivo.label --l lh.V2_exvivo.label --l lh.MT_exvivo.label --l lh.perirhinal_exvivo.label --l lh.entorhinal_exvivo.label --a BA_exvivo --maxstatwinner --noverbose 

Reading ctab /opt/freesurfer/average/colortable_BA.txt
Number of ctab entries 15

7.3.2
cwd /out/sourcedata/freesurfer/sub-v2s7x29796_ses-1/label
cmdline mris_label2annot --s sub-v2s7x29796_ses-1 --hemi lh --ctab /opt/freesurfer/average/colortable_BA.txt --l lh.BA1_exvivo.label --l lh.BA2_exvivo.label --l lh.BA3a_exvivo.label --l lh.BA3b_exvivo.label --l lh.BA4a_exvivo.label --l lh.BA4p_exvivo.label --l lh.BA6_exvivo.label --l lh.BA44_exvivo.label --l lh.BA45_exvivo.label --l lh.V1_exvivo.label --l lh.V2_exvivo.label --l lh.MT_exvivo.label --l lh.perirhinal_exvivo.label --l lh.entorhinal_exvivo.label --a BA_exvivo --maxstatwinner --noverbose 
sysname  Linux
hostname dna063
machine  x86_64
user     oesteban

subject sub-v2s7x29796_ses-1
hemi    lh
SUBJECTS_DIR /out/sourcedata/freesurfer
ColorTable /opt/freesurfer/average/colortable_BA.txt
AnnotName  BA_exvivo
nlables 14
LabelThresh 0 0.000000
Loading /out/sourcedata/freesurfer/sub-v2s7x29796_ses-1/surf/lh.orig
 1 1530880 BA1_exvivo
 2 16749699 BA2_exvivo
 3 16711680 BA3a_exvivo
 4 3368703 BA3b_exvivo
 5 1376196 BA4a_exvivo
 6 13382655 BA4p_exvivo
 7 10036737 BA6_exvivo
 8 2490521 BA44_exvivo
 9 39283 BA45_exvivo
10 3993 V1_exvivo
11 8508928 V2_exvivo
12 10027163 MT_exvivo
13 16422433 perirhinal_exvivo
14 16392598 entorhinal_exvivo
Mapping unhit to unknown
Found 117178 unhit vertices
Writing annot to /out/sourcedata/freesurfer/sub-v2s7x29796_ses-1/label/lh.BA_exvivo.annot

 mris_label2annot --s sub-v2s7x29796_ses-1 --hemi lh --ctab /opt/freesurfer/average/colortable_BA.txt --l lh.BA1_exvivo.thresh.label --l lh.BA2_exvivo.thresh.label --l lh.BA3a_exvivo.thresh.label --l lh.BA3b_exvivo.thresh.label --l lh.BA4a_exvivo.thresh.label --l lh.BA4p_exvivo.thresh.label --l lh.BA6_exvivo.thresh.label --l lh.BA44_exvivo.thresh.label --l lh.BA45_exvivo.thresh.label --l lh.V1_exvivo.thresh.label --l lh.V2_exvivo.thresh.label --l lh.MT_exvivo.thresh.label --l lh.perirhinal_exvivo.thresh.label --l lh.entorhinal_exvivo.thresh.label --a BA_exvivo.thresh --maxstatwinner --noverbose 

Reading ctab /opt/freesurfer/average/colortable_BA.txt
Number of ctab entries 15

7.3.2
cwd /out/sourcedata/freesurfer/sub-v2s7x29796_ses-1/label
cmdline mris_label2annot --s sub-v2s7x29796_ses-1 --hemi lh --ctab /opt/freesurfer/average/colortable_BA.txt --l lh.BA1_exvivo.thresh.label --l lh.BA2_exvivo.thresh.label --l lh.BA3a_exvivo.thresh.label --l lh.BA3b_exvivo.thresh.label --l lh.BA4a_exvivo.thresh.label --l lh.BA4p_exvivo.thresh.label --l lh.BA6_exvivo.thresh.label --l lh.BA44_exvivo.thresh.label --l lh.BA45_exvivo.thresh.label --l lh.V1_exvivo.thresh.label --l lh.V2_exvivo.thresh.label --l lh.MT_exvivo.thresh.label --l lh.perirhinal_exvivo.thresh.label --l lh.entorhinal_exvivo.thresh.label --a BA_exvivo.thresh --maxstatwinner --noverbose 
sysname  Linux
hostname dna063
machine  x86_64
user     oesteban

subject sub-v2s7x29796_ses-1
hemi    lh
SUBJECTS_DIR /out/sourcedata/freesurfer
ColorTable /opt/freesurfer/average/colortable_BA.txt
AnnotName  BA_exvivo.thresh
nlables 14
LabelThresh 0 0.000000
Loading /out/sourcedata/freesurfer/sub-v2s7x29796_ses-1/surf/lh.orig
 1 1530880 BA1_exvivo
 2 16749699 BA2_exvivo
 3 16711680 BA3a_exvivo
 4 3368703 BA3b_exvivo
 5 1376196 BA4a_exvivo
 6 13382655 BA4p_exvivo
 7 10036737 BA6_exvivo
 8 2490521 BA44_exvivo
 9 39283 BA45_exvivo
10 3993 V1_exvivo
11 8508928 V2_exvivo
12 10027163 MT_exvivo
13 16422433 perirhinal_exvivo
14 16392598 entorhinal_exvivo
Mapping unhit to unknown
Found 139450 unhit vertices
Writing annot to /out/sourcedata/freesurfer/sub-v2s7x29796_ses-1/label/lh.BA_exvivo.thresh.annot

 mris_anatomical_stats -th3 -mgz -noglobal -f ../stats/lh.BA_exvivo.stats -b -a ./lh.BA_exvivo.annot -c ./BA_exvivo.ctab sub-v2s7x29796_ses-1 lh white 

computing statistics for each annotation in ./lh.BA_exvivo.annot.
reading volume /out/sourcedata/freesurfer/sub-v2s7x29796_ses-1/mri/wm.mgz...
reading input surface /out/sourcedata/freesurfer/sub-v2s7x29796_ses-1/surf/lh.white...
reading input pial surface /out/sourcedata/freesurfer/sub-v2s7x29796_ses-1/surf/lh.pial...
reading input white surface /out/sourcedata/freesurfer/sub-v2s7x29796_ses-1/surf/lh.white...
INFO: using TH3 volume calc
INFO: assuming MGZ format for volumes.
INFO: not computing global stats
Using TH3 vertex volume calc
Total face volume 295835
Total vertex volume 295661 (mask=0)
Saving annotation colortable ./BA_exvivo.ctab

table columns are:
    number of vertices
    total surface area (mm^2)
    total gray matter volume (mm^3)
    average cortical thickness +- standard deviation (mm)
    integrated rectified mean curvature
    integrated rectified Gaussian curvature
    folding index
    intrinsic curvature index
    structure name

 2053   1282   1908  1.356 0.768     0.144     0.054       97     5.0  BA1_exvivo
 6566   4504   7576  1.745 0.642     0.121     0.027       69     7.8  BA2_exvivo
 1606   1321   1956  1.765 0.492     0.183     0.043       28     3.3  BA3a_exvivo
 3308   2490   4816  1.775 0.673     0.131     0.031       35     4.6  BA3b_exvivo
 2461   1578   3376  2.079 0.769     0.125     0.031       33     3.6  BA4a_exvivo
 2105   1485   2598  1.735 0.722     0.132     0.031       26     3.5  BA4p_exvivo
13801   9457  27757  2.648 0.695     0.113     0.021      118    11.7  BA6_exvivo
 2390   1791   5049  2.516 0.630     0.128     0.024       23     2.4  BA44_exvivo
 3334   2554   6962  2.393 0.749     0.130     0.026       35     4.0  BA45_exvivo
 4566   3134   4833  1.617 0.397     0.127     0.025       46     4.9  V1_exvivo
 9456   7031  13442  1.907 0.491     0.146     0.031      107    13.3  V2_exvivo
 2395   1703   4065  2.417 0.496     0.132     0.027       23     2.7  MT_exvivo
  989    769   3079  3.087 0.827     0.149     0.035       14     1.5  perirhinal_exvivo
  912    621   2167  3.066 0.954     0.094     0.019        4     0.8  entorhinal_exvivo

 mris_anatomical_stats -th3 -mgz -f ../stats/lh.BA_exvivo.thresh.stats -noglobal -b -a ./lh.BA_exvivo.thresh.annot -c ./BA_exvivo.thresh.ctab sub-v2s7x29796_ses-1 lh white 

computing statistics for each annotation in ./lh.BA_exvivo.thresh.annot.
reading volume /out/sourcedata/freesurfer/sub-v2s7x29796_ses-1/mri/wm.mgz...
reading input surface /out/sourcedata/freesurfer/sub-v2s7x29796_ses-1/surf/lh.white...
reading input pial surface /out/sourcedata/freesurfer/sub-v2s7x29796_ses-1/surf/lh.pial...
reading input white surface /out/sourcedata/freesurfer/sub-v2s7x29796_ses-1/surf/lh.white...
INFO: using TH3 volume calc
INFO: assuming MGZ format for volumes.
INFO: not computing global stats
Using TH3 vertex volume calc
Total face volume 295835
Total vertex volume 295661 (mask=0)
Saving annotation colortable ./BA_exvivo.thresh.ctab

table columns are:
    number of vertices
    total surface area (mm^2)
    total gray matter volume (mm^3)
    average cortical thickness +- standard deviation (mm)
    integrated rectified mean curvature
    integrated rectified Gaussian curvature
    folding index
    intrinsic curvature index
    structure name

 1285    794   1067  1.190 0.702     0.127     0.044       31     2.4  BA1_exvivo
 2773   1810   2854  1.573 0.728     0.125     0.033       35     4.0  BA2_exvivo
 1427   1206   1788  1.708 0.536     0.198     0.048       27     3.6  BA3a_exvivo
 2047   1552   2402  1.475 0.587     0.134     0.039       72     4.2  BA3b_exvivo
 2485   1600   3252  2.020 0.773     0.121     0.030       32     3.6  BA4a_exvivo
 1592   1169   1918  1.663 0.673     0.137     0.031       20     2.5  BA4p_exvivo
 8067   5433  15723  2.586 0.728     0.114     0.023       73     7.6  BA6_exvivo
 1514   1150   3199  2.433 0.605     0.138     0.027       16     1.8  BA44_exvivo
 1340   1048   2856  2.314 0.656     0.131     0.029       14     1.7  BA45_exvivo
 4851   3321   5138  1.606 0.390     0.127     0.024       48     5.3  V1_exvivo
 4649   3553   6439  1.840 0.474     0.155     0.035       58     7.7  V2_exvivo
  641    444   1378  2.708 0.524     0.125     0.025        6     0.7  MT_exvivo
  413    331   1452  3.337 0.796     0.156     0.041        7     0.6  perirhinal_exvivo
  586    402   1396  3.296 0.743     0.095     0.021        3     0.5  entorhinal_exvivo

Started at Sat Mar 14 02:42:43 CET 2026 
Ended   at Sat Mar 14 02:46:29 CET 2026
#@#%# recon-all-run-time-hours 0.063
recon-all -s sub-v2s7x29796_ses-1 finished without error at Sat Mar 14 02:46:29 CET 2026
