#!ascii label  , from subject sub-v2s7x29670_ses-1 vox2ras=TkReg
4067
29677  5.975  -32.165  40.629 0.1000000015
29676  6.742  -31.949  40.740 0.1000000015
31387  4.843  -31.029  40.948 0.1000000015
30559  7.501  -31.774  40.941 0.1000000015
30571  6.198  -31.323  40.581 0.1000000015
31384  7.248  -30.303  40.511 0.2000000030
32204  5.437  -29.400  41.499 0.3000000119
32203  6.218  -29.217  40.993 0.2000000030
33033  6.882  -29.088  40.754 0.2000000030
32221  7.472  -29.473  40.550 0.2000000030
33001  5.971  -27.933  43.708 0.4000000060
33010  5.525  -28.688  42.272 0.5000000000
116012  6.305  -28.240  41.910 0.4000000060
33018  6.628  -28.595  41.204 0.3000000119
33017  7.032  -27.922  41.499 0.4000000060
33032  7.473  -28.527  40.759 0.2000000030
32219  9.443  -29.174  40.511 0.3000000119
111117  17.495  -32.752  38.167 0.3000000119
28785  16.851  -33.190  41.524 0.1000000015
114371  16.399  -32.538  41.176 0.1000000015
36163  9.774  -24.329  54.202 0.4000000060
36154  11.014  -23.955  54.169 0.4000000060
36162  10.582  -24.262  54.020 0.4000000060
35365  9.415  -25.256  52.693 0.4000000060
35358  10.006  -24.763  53.447 0.4000000060
35371  9.533  -25.361  51.604 0.4000000060
35372  8.863  -25.701  51.964 0.3000000119
34576  8.934  -25.768  50.985 0.3000000119
34588  7.695  -26.630  49.268 0.3000000119
34593  7.752  -26.630  48.495 0.3000000119
123158  7.399  -26.917  47.203 0.3000000119
33827  6.510  -27.427  44.226 0.4000000060
33836  7.104  -26.983  43.813 0.4000000060
33837  6.572  -27.479  43.264 0.4000000060
33847  7.214  -27.040  42.869 0.4000000060
33871  7.768  -27.650  41.067 0.4000000060
33858  7.499  -27.166  41.898 0.4000000060
33870  8.383  -27.411  40.836 0.4000000060
30590  20.418  -31.526  37.354 0.3000000119
30601  18.429  -31.826  36.029 0.3000000119
29715  18.826  -32.255  36.611 0.3000000119
29702  18.524  -32.649  37.223 0.3000000119
120353  9.881  -28.610  40.455 0.3000000119
29716  18.059  -32.267  36.647 0.3000000119
122491  19.175  -34.358  41.279 0.2000000030
120660  10.846  -27.774  40.388 0.3000000119
111553  9.934  -27.797  40.352 0.3000000119
30612  17.242  -31.166  35.789 0.3000000119
30603  16.858  -31.334  36.498 0.3000000119
30592  17.309  -31.980  36.928 0.3000000119
28814  18.327  -33.683  39.192 0.2000000030
27940  17.813  -34.070  41.057 0.2000000030
33016  13.132  -28.585  41.147 0.3000000119
32199  13.090  -28.832  41.739 0.2000000030
32200  12.502  -28.578  41.393 0.2000000030
128229  11.870  -28.615  41.265 0.2000000030
30593  16.667  -31.590  37.320 0.3000000119
29693  17.057  -32.196  37.704 0.3000000119
28800  16.884  -33.102  40.673 0.1000000015
110690  15.473  -31.420  41.760 0.1000000015
31367  14.210  -29.748  41.455 0.1000000015
30594  16.200  -31.207  37.731 0.3000000119
30585  16.492  -31.728  38.082 0.3000000119
30568  15.793  -31.557  40.221 0.2000000030
30556  15.449  -31.254  40.909 0.1000000015
31380  14.580  -30.055  40.600 0.3000000119
121319  14.391  -29.620  40.049 0.3000000119
36161  11.433  -24.159  53.821 0.5000000000
36172  10.782  -24.621  53.151 0.5000000000
35363  10.979  -24.793  52.091 0.4000000060
35364  10.176  -25.035  52.371 0.4000000060
34581  8.960  -25.841  50.061 0.3000000119
35370  10.303  -25.084  51.261 0.4000000060
35376  9.603  -25.399  50.595 0.3000000119
127307  8.215  -26.332  48.964 0.3000000119
122919  6.704  -27.393  47.118 0.3000000119
34591  9.092  -25.843  48.118 0.3000000119
34586  8.899  -25.911  49.065 0.3000000119
34601  7.868  -26.575  47.705 0.3000000119
33820  7.138  -27.041  45.600 0.3000000119
33821  6.518  -27.439  45.150 0.3000000119
35391  9.676  -25.438  48.715 0.3000000119
34600  8.532  -26.176  47.473 0.3000000119
34607  7.733  -26.614  46.016 0.4000000060
33826  7.096  -27.011  44.722 0.4000000060
117965  25.464  -27.745  40.885 0.1000000015
33040  23.890  -28.551  39.916 0.2000000030
34623  7.700  -26.538  43.447 0.4000000060
32231  23.240  -28.920  39.256 0.2000000030
34632  7.828  -26.591  42.570 0.3000000119
32239  22.007  -29.756  38.243 0.3000000119
31421  21.448  -29.916  37.324 0.3000000119
31410  20.872  -30.768  37.274 0.3000000119
124309  8.053  -26.625  41.921 0.3000000119
30599  20.215  -31.167  36.542 0.3000000119
30600  19.308  -31.733  36.200 0.3000000119
34659  8.760  -26.811  40.881 0.4000000060
30611  17.988  -31.394  35.480 0.3000000119
27967  18.078  -33.876  39.783 0.2000000030
27954  18.265  -34.114  40.392 0.2000000030
27939  18.499  -34.326  41.133 0.2000000030
34658  9.612  -26.712  40.507 0.4000000060
29692  17.242  -32.929  38.955 0.2000000030
28816  17.023  -33.039  39.797 0.2000000030
27955  17.554  -33.678  40.292 0.2000000030
29675  16.391  -32.345  40.248 0.2000000030
33867  11.403  -27.341  40.275 0.3000000119
33868  10.526  -27.060  40.261 0.3000000119
121562  16.815  -30.948  36.044 0.3000000119
31423  16.457  -30.665  36.355 0.3000000119
31411  16.261  -30.948  37.081 0.3000000119
127338  16.839  -32.332  38.498 0.3000000119
30567  16.165  -31.855  39.604 0.3000000119
31366  14.864  -30.600  41.358 0.1000000015
33866  12.225  -27.547  40.311 0.3000000119
34656  11.079  -26.606  40.163 0.3000000119
31379  15.197  -30.779  40.233 0.3000000119
32215  14.064  -29.367  40.735 0.2000000030
33026  13.163  -28.283  40.554 0.3000000119
34673  11.791  -26.769  39.997 0.3000000119
35464  10.539  -25.344  40.540 0.4000000060
31396  14.788  -30.134  39.760 0.3000000119
33042  13.453  -28.209  39.816 0.3000000119
33878  12.508  -26.962  39.768 0.4000000060
116529  12.125  -26.079  39.694 0.3000000119
36323  11.280  -24.852  40.361 0.3000000119
35478  11.875  -25.217  39.862 0.3000000119
122045  11.841  -24.735  40.103 0.3000000119
36979  12.825  -23.549  53.491 0.4000000060
36970  12.130  -23.619  53.588 0.4000000060
34627  31.798  -26.768  43.355 0.1000000015
36160  12.909  -24.017  53.445 0.4000000060
36171  12.193  -24.259  53.282 0.4000000060
34629  30.024  -26.761  42.505 0.1000000015
106618  12.945  -24.394  52.754 0.5000000000
121409  12.105  -24.666  51.039 0.4000000060
35369  11.222  -24.788  50.905 0.4000000060
35375  10.351  -25.082  50.205 0.4000000060
34630  29.223  -26.817  42.367 0.1000000015
36181  12.809  -24.590  51.612 0.5000000000
36193  11.897  -24.662  50.153 0.3000000119
35380  10.363  -25.118  49.234 0.3000000119
34599  9.201  -25.736  47.283 0.3000000119
34606  8.656  -26.061  46.592 0.3000000119
122693  8.161  -26.351  46.292 0.3000000119
122326  25.518  -27.442  40.278 0.2000000030
33876  24.448  -27.943  39.726 0.2000000030
35415  9.321  -25.627  46.598 0.3000000119
110550  9.057  -25.739  45.936 0.4000000060
34610  8.336  -26.195  45.734 0.3000000119
32238  22.714  -28.983  38.428 0.2000000030
35426  8.791  -25.827  45.260 0.4000000060
34614  8.279  -26.161  44.832 0.4000000060
112663  8.397  -26.161  42.319 0.4000000060
31422  20.814  -30.316  36.582 0.3000000119
31430  19.406  -30.705  35.076 0.3000000119
30617  18.828  -31.237  35.365 0.3000000119
34642  9.132  -26.037  41.064 0.3000000119
120484  18.244  -30.949  34.960 0.3000000119
31432  16.832  -30.521  35.587 0.3000000119
30578  16.287  -31.795  38.872 0.3000000119
29686  16.637  -32.404  39.316 0.2000000030
30579  15.693  -31.207  39.356 0.3000000119
34657  10.436  -26.185  40.336 0.4000000060
124627  9.528  -25.448  41.309 0.3000000119
30586  15.941  -31.194  38.417 0.3000000119
31395  15.210  -30.574  39.435 0.3000000119
35453  10.066  -25.055  41.069 0.3000000119
31424  15.887  -30.212  36.863 0.3000000119
32251  15.368  -29.679  37.411 0.3000000119
31412  15.703  -30.537  37.787 0.3000000119
32240  15.030  -29.816  38.323 0.3000000119
31404  14.953  -30.145  39.078 0.3000000119
112279  14.519  -29.489  39.210 0.3000000119
36324  10.672  -24.764  40.865 0.3000000119
32252  14.925  -29.179  37.771 0.4000000060
32241  14.542  -28.972  38.364 0.4000000060
33041  14.050  -28.612  39.060 0.4000000060
33877  13.173  -27.149  39.298 0.4000000060
34672  12.802  -26.233  39.277 0.4000000060
33885  13.730  -27.732  38.825 0.4000000060
34686  13.306  -26.291  38.798 0.4000000060
35477  12.569  -25.345  39.421 0.3000000119
36322  12.337  -24.657  39.826 0.3000000119
37089  11.971  -24.330  40.435 0.4000000060
36334  13.182  -24.598  39.289 0.4000000060
37097  12.751  -24.077  39.970 0.4000000060
37746  13.778  -22.688  52.299 0.4000000060
119239  14.405  -22.929  53.008 0.4000000060
37737  13.707  -22.885  53.094 0.4000000060
36977  14.149  -23.369  53.253 0.4000000060
36159  13.600  -23.736  53.349 0.4000000060
36179  14.517  -24.245  52.636 0.5000000000
36169  14.402  -23.808  53.078 0.4000000060
34621  30.413  -26.846  43.361 0.1000000015
36170  13.749  -24.134  53.109 0.4000000060
33853  27.885  -27.030  42.003 0.1000000015
36180  13.665  -24.469  52.193 0.5000000000
33863  26.127  -27.301  40.734 0.1000000015
33875  25.146  -27.343  39.552 0.2000000030
106612  15.200  -24.401  52.053 0.4000000060
106733  14.288  -24.525  51.591 0.4000000060
36191  13.457  -24.588  51.104 0.4000000060
36192  12.682  -24.604  50.580 0.3000000119
36205  12.576  -24.554  49.647 0.3000000119
35374  11.107  -24.837  49.731 0.3000000119
35390  10.400  -25.118  48.354 0.3000000119
33039  23.857  -28.150  39.126 0.2000000030
33060  22.460  -28.448  37.229 0.2000000030
36190  15.622  -24.555  51.331 0.4000000060
106732  14.792  -24.574  50.757 0.4000000060
106731  13.975  -24.568  50.649 0.4000000060
36204  13.324  -24.543  50.139 0.4000000060
35379  11.085  -24.850  48.793 0.3000000119
35403  10.448  -25.089  47.543 0.3000000119
35404  9.773  -25.407  47.853 0.3000000119
33048  23.311  -28.324  38.484 0.2000000030
36222  11.798  -24.637  48.310 0.3000000119
35402  11.019  -24.824  47.249 0.3000000119
123761  9.867  -25.313  46.122 0.4000000060
35425  9.395  -25.458  45.289 0.4000000060
32250  22.313  -29.031  37.730 0.2000000030
33061  21.883  -29.086  37.058 0.2000000030
36265  10.727  -24.893  45.965 0.4000000060
35424  10.157  -25.094  45.249 0.4000000060
123084  9.646  -25.251  44.652 0.4000000060
35434  8.930  -25.652  44.492 0.4000000060
32263  20.690  -29.912  35.862 0.3000000119
36305  9.634  -25.047  42.446 0.4000000060
35446  8.724  -25.746  42.808 0.4000000060
31441  17.989  -30.474  34.503 0.3000000119
35439  10.017  -24.831  43.228 0.4000000060
36314  9.791  -25.010  41.763 0.3000000119
35454  9.053  -25.567  42.012 0.4000000060
31431  17.569  -30.834  35.131 0.3000000119
123986  10.824  -24.382  42.184 0.4000000060
36304  10.217  -24.673  42.322 0.4000000060
32264  16.220  -29.901  36.048 0.3000000119
37070  12.031  -23.850  41.981 0.4000000060
36303  11.310  -24.198  41.706 0.4000000060
36313  10.547  -24.599  41.523 0.3000000119
32265  15.666  -29.345  36.595 0.3000000119
36312  11.226  -24.377  40.973 0.3000000119
33062  15.170  -28.852  37.142 0.4000000060
33063  14.696  -28.463  37.675 0.4000000060
33049  14.230  -28.147  38.262 0.4000000060
117262  15.029  -27.940  37.023 0.5000000000
33899  14.518  -27.569  37.603 0.4000000060
116647  13.698  -26.808  38.473 0.5000000000
35476  13.260  -25.490  38.880 0.4000000060
37096  13.534  -23.896  39.682 0.4000000060
37745  14.653  -22.665  52.209 0.4000000060
36986  14.957  -23.401  53.001 0.4000000060
37736  15.397  -22.946  52.641 0.4000000060
34628  30.917  -26.716  42.823 0.2000000030
36985  15.760  -23.396  52.636 0.4000000060
107838  32.643  -26.578  42.983 0.1000000015
34639  29.573  -26.682  41.619 0.1000000015
34640  28.632  -26.795  41.648 0.1000000015
106346  15.359  -23.874  52.699 0.4000000060
36178  16.107  -24.227  52.103 0.5000000000
33862  26.974  -27.040  40.992 0.1000000015
108793  32.329  -26.454  41.707 0.1000000015
107915  24.435  -27.533  38.946 0.2000000030
33047  23.837  -27.694  38.393 0.2000000030
33059  23.331  -27.838  37.828 0.2000000030
36203  14.046  -24.544  49.833 0.4000000060
33075  21.666  -28.807  36.310 0.2000000030
32273  21.151  -29.166  35.754 0.2000000030
36202  15.515  -24.645  50.471 0.4000000060
107113  14.914  -24.591  49.541 0.4000000060
36221  12.549  -24.522  48.745 0.3000000119
36237  11.759  -24.604  47.371 0.3000000119
32281  19.185  -29.823  34.058 0.3000000119
32292  18.131  -29.346  33.622 0.3000000119
119959  14.676  -24.493  48.615 0.5000000000
107694  14.049  -24.491  48.906 0.4000000060
115375  13.319  -24.437  48.336 0.3000000119
113842  12.539  -24.442  47.108 0.3000000119
36249  12.067  -24.481  46.533 0.3000000119
35413  11.278  -24.708  46.624 0.3000000119
36280  10.938  -24.675  45.138 0.4000000060
31439  19.679  -30.107  34.650 0.3000000119
32283  17.718  -29.805  34.140 0.3000000119
113075  14.130  -24.413  48.051 0.3000000119
36235  13.401  -24.376  47.335 0.3000000119
36248  12.913  -24.343  46.464 0.4000000060
36264  11.531  -24.565  45.855 0.4000000060
36295  10.738  -24.535  43.668 0.4000000060
32284  17.087  -29.408  34.464 0.3000000119
33086  16.626  -28.799  34.861 0.3000000119
107434  11.207  -24.454  44.334 0.4000000060
110605  10.764  -24.443  42.912 0.4000000060
31442  17.252  -30.183  34.767 0.3000000119
32275  16.632  -29.640  35.214 0.3000000119
33087  16.089  -28.895  35.733 0.3000000119
114879  11.438  -24.159  42.515 0.4000000060
33925  15.953  -27.894  35.863 0.3000000119
33076  15.542  -28.407  36.462 0.3000000119
37079  12.630  -23.686  41.464 0.4000000060
111756  13.120  -23.566  41.035 0.4000000060
37088  12.574  -23.819  40.701 0.4000000060
33898  15.012  -26.906  37.059 0.4000000060
34700  14.347  -26.580  37.730 0.4000000060
33884  14.062  -27.378  38.144 0.4000000060
34685  13.858  -25.866  38.279 0.4000000060
35491  13.922  -24.986  38.504 0.4000000060
38512  22.517  -21.864  49.809 0.2000000030
37771  22.865  -22.264  49.793 0.2000000030
37744  16.047  -22.798  52.039 0.3000000119
37006  22.505  -22.957  49.817 0.3000000119
36168  16.095  -23.696  52.435 0.4000000060
36227  22.385  -23.975  47.786 0.6000000238
37016  22.764  -23.550  48.901 0.6000000238
34641  27.783  -26.892  41.251 0.1000000015
37038  21.879  -24.036  45.261 0.6000000238
37032  22.169  -23.967  46.092 0.6000000238
36189  16.360  -24.630  51.054 0.4000000060
109496  33.371  -26.332  42.235 0.1000000015
34649  32.985  -26.276  41.007 0.1000000015
34654  27.630  -26.739  40.424 0.2000000030
34655  26.794  -26.857  40.164 0.2000000030
37048  21.806  -23.913  44.288 0.6000000238
33883  24.355  -27.153  38.198 0.2000000030
37075  20.920  -24.114  41.435 0.6000000238
107952  15.914  -24.695  49.799 0.4000000060
117396  21.551  -28.525  35.721 0.2000000030
33096  20.651  -28.745  34.374 0.3000000119
37066  21.165  -24.103  42.147 0.6000000238
36271  21.120  -24.433  43.789 0.6000000238
36256  21.191  -24.480  44.658 0.6000000238
36219  15.494  -24.586  48.679 0.4000000060
33109  19.253  -28.818  33.238 0.3000000119
123923  17.726  -28.085  33.165 0.3000000119
33112  17.357  -28.360  33.692 0.3000000119
35553  16.765  -26.261  35.041 0.4000000060
122178  15.481  -24.462  47.681 0.5000000000
36234  14.552  -24.348  47.201 0.5000000000
124229  13.837  -24.262  46.388 0.5000000000
36263  12.370  -24.354  45.759 0.4000000060
36279  11.782  -24.381  45.058 0.4000000060
33098  17.036  -28.731  34.217 0.3000000119
33948  16.782  -27.892  34.409 0.4000000060
108380  14.761  -24.228  46.195 0.5000000000
36261  14.146  -24.131  45.495 0.5000000000
36262  13.251  -24.211  45.645 0.4000000060
115082  16.357  -28.201  35.237 0.4000000060
36292  13.852  -23.838  43.952 0.4000000060
106146  12.965  -24.026  44.121 0.4000000060
36278  12.656  -24.190  44.945 0.4000000060
106730  12.077  -24.211  44.264 0.4000000060
37068  13.674  -23.546  42.395 0.4000000060
37059  13.172  -23.770  43.193 0.4000000060
36293  12.405  -24.040  43.584 0.4000000060
36302  12.236  -23.929  42.842 0.4000000060
36294  11.533  -24.240  43.465 0.4000000060
33912  15.544  -27.454  36.486 0.4000000060
37058  14.177  -23.623  43.120 0.4000000060
37069  12.845  -23.662  42.260 0.4000000060
116525  13.993  -23.446  41.768 0.4000000060
37078  13.353  -23.531  41.660 0.4000000060
37095  14.359  -23.777  39.658 0.5000000000
37086  14.555  -23.528  40.526 0.4000000060
37087  13.258  -23.675  40.403 0.4000000060
36333  14.057  -24.242  38.952 0.4000000060
116128  13.887  -23.583  40.230 0.4000000060
36984  16.479  -23.396  52.267 0.4000000060
37734  16.875  -23.189  52.045 0.3000000119
37015  23.438  -23.171  48.709 0.6000000238
36167  16.737  -23.802  52.161 0.3000000119
36983  17.315  -23.423  51.962 0.4000000060
34637  31.608  -26.591  42.279 0.2000000030
34638  30.601  -26.608  41.648 0.2000000030
36177  16.862  -24.240  51.833 0.3000000119
109111  17.439  -24.465  51.225 0.4000000060
34653  28.456  -26.669  40.694 0.2000000030
36213  22.003  -24.091  48.678 0.6000000238
107308  16.848  -24.809  50.142 0.4000000060
119172  16.927  -24.867  48.624 0.4000000060
34648  34.188  -25.865  41.569 0.1000000015
34670  26.640  -26.648  39.328 0.2000000030
33882  25.005  -26.960  38.647 0.2000000030
37056  21.730  -23.807  43.404 0.6000000238
36242  21.939  -24.217  46.858 0.6999999881
36218  16.438  -24.781  49.107 0.4000000060
108773  23.250  -27.418  37.168 0.2000000030
33074  22.045  -28.141  36.089 0.2000000030
108012  16.262  -24.666  48.194 0.4000000060
36232  16.309  -24.579  47.262 0.4000000060
35483  32.486  -25.709  38.469 0.1000000015
33121  18.261  -28.201  32.873 0.3000000119
35552  17.079  -25.596  34.811 0.4000000060
36297  20.388  -24.727  42.152 0.6000000238
33947  17.355  -27.499  33.472 0.4000000060
36329  19.020  -24.618  39.119 0.5000000000
36308  20.016  -24.771  41.165 0.6000000238
36247  15.459  -24.360  46.797 0.5000000000
36352  18.187  -24.644  37.734 0.6000000238
35540  16.797  -25.875  35.781 0.4000000060
36260  15.018  -24.107  45.331 0.5000000000
34728  16.699  -26.943  34.752 0.4000000060
36291  14.765  -23.777  43.817 0.5000000000
33924  16.381  -27.440  35.328 0.4000000060
33911  16.062  -27.042  36.019 0.4000000060
37077  14.633  -23.458  41.434 0.4000000060
34711  15.713  -26.622  36.587 0.3000000119
126895  14.852  -26.252  37.348 0.4000000060
35490  14.749  -25.519  37.751 0.4000000060
34699  15.375  -26.104  37.078 0.5000000000
36345  14.606  -24.684  38.381 0.4000000060
36332  15.054  -24.170  38.918 0.5000000000
37094  15.232  -23.776  39.921 0.5000000000
37005  23.221  -22.760  49.447 0.3000000119
107345  31.450  -26.509  41.308 0.2000000030
111726  22.765  -23.672  46.734 0.6000000238
37024  23.142  -23.494  47.849 0.6999999881
36228  21.524  -24.465  47.810 0.5000000000
36217  17.723  -25.057  48.614 0.4000000060
36201  17.290  -24.908  49.391 0.4000000060
34652  29.911  -26.579  40.774 0.2000000030
107960  23.797  -27.280  37.702 0.2000000030
36243  21.535  -24.399  46.047 0.5000000000
36231  16.988  -24.881  47.915 0.3000000119
34663  33.549  -25.862  40.278 0.1000000015
34676  32.075  -26.029  39.040 0.1000000015
106779  22.433  -27.411  35.848 0.2000000030
33107  20.885  -27.998  33.898 0.2000000030
36245  16.831  -24.668  46.572 0.5000000000
35501  31.538  -25.655  37.578 0.1000000015
33963  17.905  -27.534  32.792 0.3000000119
36246  16.110  -24.421  46.495 0.5000000000
35520  30.795  -25.318  36.444 0.2000000030
35518  32.138  -25.231  37.217 0.1000000015
110354  19.218  -24.788  39.892 0.5000000000
36317  19.305  -24.960  40.669 0.5000000000
36259  15.897  -24.171  45.207 0.5000000000
108088  16.424  -24.413  45.873 0.5000000000
36365  30.882  -24.958  35.828 0.1000000015
36367  17.472  -24.933  36.660 0.4000000060
117784  15.596  -24.260  45.980 0.5000000000
36374  30.581  -24.699  35.275 0.1000000015
36383  30.295  -24.418  34.591 0.1000000015
35539  17.021  -25.379  36.417 0.4000000060
36353  17.605  -24.886  37.522 0.5000000000
36274  16.271  -24.134  44.431 0.5000000000
36275  15.332  -23.996  44.511 0.5000000000
36391  30.038  -24.152  33.903 0.1000000015
35526  17.067  -25.204  37.105 0.4000000060
36289  16.635  -24.067  43.105 0.5000000000
36301  15.886  -23.758  42.837 0.5000000000
37157  29.801  -23.831  33.217 0.1000000015
34719  16.475  -26.636  35.561 0.3000000119
37076  15.528  -23.607  42.026 0.5000000000
37057  15.089  -23.606  42.981 0.5000000000
34710  16.293  -26.311  36.240 0.3000000119
37085  15.462  -23.619  40.909 0.5000000000
37067  14.500  -23.504  42.307 0.5000000000
36344  15.433  -24.808  38.111 0.4000000060
111803  18.159  -24.970  49.701 0.4000000060
37047  22.492  -23.507  44.729 0.6999999881
37037  22.663  -23.560  45.645 0.6000000238
37017  22.142  -23.624  49.455 0.4000000060
109373  28.310  -26.533  39.851 0.2000000030
34669  27.476  -26.568  39.605 0.2000000030
34684  24.856  -26.661  37.863 0.2000000030
37065  21.704  -23.672  42.556 0.6000000238
36257  20.767  -24.936  45.934 0.5000000000
115098  17.119  -24.847  47.222 0.5000000000
34664  32.527  -26.190  39.915 0.1000000015
33909  23.111  -26.976  36.354 0.2000000030
33095  21.232  -28.138  34.622 0.2000000030
33119  19.641  -28.279  32.968 0.3000000119
36286  20.370  -24.908  43.342 0.6000000238
36272  20.594  -24.956  45.048 0.6000000238
36258  17.342  -24.781  45.847 0.5000000000
35484  31.743  -25.894  38.292 0.2000000030
35502  30.647  -25.705  37.259 0.1000000015
35561  17.354  -25.427  33.881 0.4000000060
36341  18.710  -24.479  38.276 0.6000000238
36309  19.532  -25.099  41.913 0.6000000238
36298  19.732  -25.139  42.786 0.5000000000
108835  16.849  -24.435  45.108 0.5000000000
124144  19.290  -25.073  41.299 0.5000000000
117855  16.692  -24.172  43.775 0.5000000000
36288  17.604  -24.534  43.353 0.5000000000
35532  30.089  -25.246  35.941 0.2000000030
36330  18.597  -24.834  39.629 0.6000000238
36318  18.814  -24.914  40.315 0.5000000000
36375  29.731  -24.917  35.158 0.2000000030
36384  29.466  -24.625  34.434 0.2000000030
36392  29.236  -24.363  33.707 0.1000000015
36342  17.941  -24.842  38.382 0.5000000000
36300  16.562  -24.010  42.309 0.5000000000
36393  28.451  -24.491  33.526 0.2000000030
35527  16.606  -25.641  36.608 0.3000000119
36311  16.579  -24.053  41.294 0.5000000000
37171  28.717  -23.721  32.252 0.1000000015
35508  16.088  -25.881  36.788 0.3000000119
106433  15.857  -24.185  39.407 0.5000000000
119510  20.017  -22.076  50.069 0.2000000030
115154  21.940  -22.452  50.059 0.1000000015
119668  23.915  -22.635  49.060 0.4000000060
37031  23.504  -23.287  47.086 0.6999999881
36216  18.705  -25.125  48.989 0.4000000060
34665  31.534  -26.322  39.698 0.1000000015
109070  29.234  -26.533  40.108 0.2000000030
37055  22.391  -23.402  43.860 0.6000000238
121138  21.506  -24.364  48.593 0.4000000060
36197  21.484  -24.109  49.378 0.2000000030
35401  17.726  -25.103  47.655 0.5000000000
34683  25.633  -26.514  38.184 0.2000000030
37064  22.336  -23.270  43.004 0.6000000238
123206  20.524  -25.094  46.658 0.5000000000
36229  20.619  -25.000  47.540 0.5000000000
35412  17.761  -25.099  46.715 0.5000000000
33896  23.819  -26.799  36.983 0.2000000030
33935  21.650  -27.412  34.426 0.2000000030
121770  20.356  -27.733  32.990 0.3000000119
37093  19.761  -24.207  39.382 0.6000000238
37074  21.637  -23.543  41.732 0.6000000238
117926  20.434  -24.963  44.182 0.6000000238
35428  19.781  -25.313  44.659 0.6000000238
34677  31.196  -26.157  38.873 0.2000000030
35485  30.910  -25.983  38.100 0.2000000030
34742  18.186  -26.313  32.323 0.4000000060
37109  18.667  -24.156  37.330 0.6000000238
37082  21.472  -23.431  40.874 0.6000000238
36273  17.270  -24.475  44.275 0.5000000000
117930  30.114  -25.537  36.692 0.2000000030
37137  17.807  -24.252  35.057 0.4000000060
37108  19.357  -23.733  37.682 0.6000000238
37092  20.511  -23.758  39.699 0.6000000238
35450  18.952  -25.008  40.977 0.5000000000
35443  19.075  -25.052  41.657 0.5000000000
35533  29.145  -25.277  35.764 0.2000000030
35545  28.893  -24.981  35.009 0.2000000030
35486  18.128  -24.829  39.271 0.6000000238
35460  18.594  -24.815  40.533 0.5000000000
119385  17.343  -24.371  42.637 0.5000000000
35546  28.155  -24.995  34.839 0.2000000030
36385  28.685  -24.739  34.266 0.2000000030
35506  17.257  -24.957  37.830 0.5000000000
35473  18.471  -24.790  39.950 0.6000000238
36403  28.200  -24.228  32.768 0.2000000030
36321  16.183  -24.072  40.257 0.5000000000
36404  27.396  -24.322  32.589 0.2000000030
36415  27.076  -24.020  31.756 0.2000000030
36414  27.923  -23.907  32.023 0.2000000030
37184  28.445  -23.370  31.434 0.2000000030
35507  16.641  -25.292  37.233 0.4000000060
111349  27.697  -23.649  31.388 0.2000000030
35489  15.954  -25.353  37.419 0.4000000060
36343  16.357  -24.907  38.034 0.5000000000
38526  22.200  -21.401  49.390 0.3000000119
38513  21.671  -21.915  49.936 0.2000000030
127485  24.628  -22.786  47.738 0.6999999881
37785  24.425  -22.034  49.333 0.5000000000
37036  23.509  -23.162  46.064 0.6000000238
37023  23.966  -23.087  48.034 0.6999999881
34650  31.945  -26.414  40.631 0.2000000030
37046  23.181  -23.155  45.064 0.6999999881
37824  23.022  -23.101  44.255 0.6999999881
34651  30.870  -26.478  40.473 0.2000000030
37835  22.948  -22.951  43.448 0.8000000119
36230  20.167  -25.030  48.458 0.4000000060
121768  30.089  -26.496  40.014 0.2000000030
34668  28.928  -26.377  39.242 0.2000000030
34681  27.345  -26.369  38.800 0.2000000030
37073  22.280  -23.108  42.137 0.6000000238
35420  20.169  -25.272  45.459 0.6000000238
35398  19.984  -25.353  46.904 0.5000000000
35431  17.925  -24.933  44.929 0.5000000000
34698  24.598  -26.425  37.071 0.2000000030
33922  22.245  -27.097  35.055 0.2000000030
35438  18.223  -24.876  43.954 0.5000000000
34709  23.766  -26.396  36.191 0.2000000030
33921  22.850  -26.753  35.530 0.2000000030
35436  19.228  -25.205  43.210 0.5000000000
35503  29.680  -25.751  37.260 0.2000000030
35521  29.393  -25.529  36.542 0.2000000030
33934  21.961  -26.743  34.005 0.3000000119
34741  20.033  -27.005  32.185 0.3000000119
123424  17.629  -25.320  33.039 0.4000000060
37123  19.188  -23.480  36.776 0.6000000238
37101  20.311  -23.495  38.846 0.6999999881
37856  21.034  -23.099  39.199 0.6999999881
37091  21.245  -23.294  40.019 0.6000000238
35534  28.241  -25.262  35.588 0.2000000030
37107  20.085  -23.277  37.999 0.6999999881
35451  18.719  -24.866  41.253 0.5000000000
36299  17.469  -24.445  41.909 0.5000000000
119642  27.806  -25.160  35.209 0.2000000030
35555  27.116  -24.913  33.965 0.2000000030
36386  27.916  -24.809  34.125 0.2000000030
36394  27.671  -24.586  33.354 0.2000000030
35474  18.188  -24.755  39.928 0.5000000000
36396  26.159  -24.744  33.091 0.2000000030
36405  26.564  -24.438  32.482 0.2000000030
36416  26.178  -24.211  31.770 0.2000000030
35487  17.560  -24.819  38.586 0.5000000000
36319  17.213  -24.497  40.455 0.5000000000
37186  26.547  -23.902  31.158 0.2000000030
37185  27.164  -23.620  30.933 0.2000000030
37204  26.399  -23.591  30.325 0.2000000030
36331  16.086  -24.536  38.671 0.5000000000
127310  25.833  -22.270  47.218 0.8000000119
37805  25.158  -22.559  46.983 0.8000000119
106137  25.116  -22.486  48.105 0.6999999881
37806  24.419  -22.714  45.964 0.6999999881
37815  23.880  -22.794  45.170 0.6999999881
114339  23.542  -22.700  43.878 0.6999999881
34666  30.636  -26.361  39.498 0.2000000030
34667  29.786  -26.380  39.352 0.2000000030
112991  28.114  -26.358  39.071 0.2000000030
35421  19.594  -25.417  45.513 0.6000000238
34678  30.334  -26.190  38.725 0.2000000030
34680  28.650  -26.169  38.513 0.2000000030
34695  27.353  -26.074  37.904 0.2000000030
34697  25.451  -26.238  37.377 0.2000000030
37850  22.176  -22.960  41.244 0.6999999881
35429  19.230  -25.275  44.021 0.6000000238
114355  19.151  -25.362  44.866 0.5000000000
122458  18.637  -25.235  45.117 0.5000000000
35430  18.725  -25.155  44.387 0.5000000000
35445  18.221  -24.774  42.514 0.5000000000
34726  22.685  -26.417  34.601 0.2000000030
110206  20.919  -26.890  32.656 0.3000000119
33977  18.711  -26.763  32.099 0.3000000119
37147  17.878  -24.042  34.157 0.5000000000
37135  18.976  -23.270  35.822 0.5000000000
37863  19.875  -23.065  37.149 0.6000000238
119930  18.868  -25.049  42.847 0.5000000000
36310  17.582  -24.557  41.169 0.5000000000
36406  25.607  -24.589  32.533 0.2000000030
36429  24.210  -24.051  30.740 0.2000000030
36417  25.325  -24.263  31.686 0.2000000030
119694  17.676  -24.781  39.272 0.5000000000
36320  16.846  -24.575  39.485 0.5000000000
38790  20.886  -21.473  28.735 0.2000000030
126209  21.172  -22.928  28.367 0.2000000030
36442  22.974  -23.961  29.676 0.2000000030
36441  23.886  -23.837  29.973 0.2000000030
36427  25.870  -23.999  31.040 0.2000000030
115096  25.576  -23.781  30.461 0.2000000030
40397  21.869  -20.093  30.169 0.2000000030
37250  21.993  -23.261  28.258 0.2000000030
112416  23.591  -23.692  29.278 0.2000000030
37223  24.326  -23.594  29.311 0.2000000030
108738  25.638  -23.578  29.901 0.2000000030
37221  26.095  -23.337  29.335 0.2000000030
37220  26.862  -23.205  29.598 0.2000000030
40385  22.774  -20.011  31.406 0.4000000060
40422  21.491  -20.374  28.835 0.2000000030
39592  21.044  -20.877  28.981 0.2000000030
37248  24.621  -23.365  28.660 0.2000000030
127039  25.661  -23.295  28.893 0.2000000030
126988  23.432  -19.871  31.731 0.4000000060
40396  22.641  -19.810  30.576 0.3000000119
40384  24.206  -19.555  31.670 0.5000000000
37804  26.034  -22.170  46.408 0.8000000119
37814  25.223  -22.349  45.733 0.8000000119
107406  24.627  -22.453  45.028 0.6999999881
37844  22.899  -22.773  42.598 0.8000000119
34693  29.147  -25.939  37.905 0.2000000030
34694  28.311  -25.959  37.845 0.2000000030
34706  26.128  -25.851  36.824 0.2000000030
34707  25.269  -25.980  36.591 0.2000000030
35504  28.829  -25.741  37.183 0.2000000030
34717  24.262  -25.906  35.620 0.2000000030
37860  20.882  -22.805  38.268 0.6999999881
35535  27.435  -25.336  35.587 0.2000000030
35523  27.679  -25.542  36.317 0.2000000030
34716  25.083  -25.746  35.822 0.2000000030
34724  24.073  -25.713  34.836 0.3000000119
34733  22.409  -26.154  33.636 0.2000000030
111975  20.693  -26.439  31.978 0.3000000119
35570  18.146  -25.421  32.256 0.4000000060
116632  18.204  -23.685  34.703 0.4000000060
121938  20.484  -22.761  37.500 0.6999999881
35444  18.811  -24.929  42.052 0.5000000000
35452  18.260  -24.750  41.585 0.5000000000
35556  26.284  -24.985  33.776 0.2000000030
34740  21.422  -26.212  32.310 0.3000000119
114615  19.517  -25.952  31.382 0.4000000060
36409  18.367  -24.578  31.995 0.4000000060
37146  18.396  -23.348  34.050 0.4000000060
37872  19.671  -22.863  36.234 0.6000000238
124757  20.428  -22.473  36.668 0.6000000238
35557  25.377  -24.989  33.500 0.2000000030
35577  20.102  -25.488  30.907 0.4000000060
115499  18.644  -25.204  31.633 0.4000000060
120105  18.279  -23.991  32.450 0.4000000060
37893  19.027  -22.601  34.076 0.4000000060
37883  19.436  -22.597  35.168 0.6000000238
35461  18.108  -24.779  40.687 0.5000000000
35462  17.714  -24.699  39.936 0.5000000000
36418  24.468  -24.301  31.508 0.2000000030
36434  19.483  -24.710  30.715 0.4000000060
37188  18.632  -23.764  31.749 0.4000000060
37158  18.647  -22.965  33.298 0.4000000060
37871  20.077  -22.390  35.802 0.6999999881
37987  20.819  -22.289  28.564 0.3000000119
37225  21.556  -23.810  28.985 0.2000000030
38693  19.681  -22.150  34.349 0.6000000238
39572  21.218  -20.562  29.719 0.3000000119
37985  22.047  -22.519  27.640 0.2000000030
112713  22.956  -23.271  28.123 0.2000000030
35488  16.897  -25.005  37.904 0.4000000060
38789  21.209  -21.748  28.173 0.2000000030
38803  21.764  -21.669  27.579 0.2000000030
37249  23.770  -23.408  28.521 0.2000000030
37264  24.453  -23.069  27.817 0.2000000030
40408  21.783  -20.052  29.408 0.2000000030
39591  21.374  -20.958  28.212 0.2000000030
38802  22.536  -22.129  27.125 0.2000000030
38016  23.129  -22.584  27.197 0.2000000030
37984  25.545  -22.826  27.656 0.2000000030
40369  25.214  -19.512  32.815 0.5000000000
115643  27.017  -21.486  44.303 0.6999999881
38573  25.919  -22.030  45.261 0.6999999881
38604  26.497  -21.530  43.760 0.6999999881
38605  25.622  -21.723  43.447 0.6999999881
38589  25.771  -21.853  44.348 0.6999999881
114989  25.278  -22.162  44.884 0.6999999881
38606  24.839  -21.939  43.079 0.6999999881
37833  24.163  -22.301  43.533 0.6999999881
37821  24.904  -22.119  44.101 0.6999999881
38622  24.036  -22.000  41.824 0.6999999881
37842  24.118  -22.121  42.660 0.6999999881
37834  23.519  -22.520  43.064 0.6999999881
106209  22.889  -22.574  41.666 0.6999999881
123243  22.012  -22.772  40.264 0.6999999881
35524  26.816  -25.586  36.195 0.3000000119
112469  21.562  -22.561  38.845 0.6999999881
35548  26.474  -25.194  34.588 0.2000000030
35537  25.769  -25.469  35.211 0.2000000030
35538  24.903  -25.589  35.019 0.3000000119
35558  24.417  -25.160  33.510 0.2000000030
35559  23.605  -25.356  33.364 0.3000000119
34739  22.161  -25.924  32.793 0.3000000119
36408  23.892  -24.631  32.063 0.2000000030
35566  24.117  -24.909  32.817 0.2000000030
35569  21.969  -25.606  32.028 0.3000000119
34753  21.042  -25.810  31.436 0.3000000119
36431  22.621  -24.347  30.305 0.2000000030
36435  19.071  -23.911  30.897 0.4000000060
37172  18.540  -23.319  32.552 0.4000000060
118862  19.106  -22.412  33.279 0.4000000060
35475  17.017  -24.858  38.630 0.5000000000
37252  20.648  -23.043  28.787 0.2000000030
37921  18.992  -22.573  32.571 0.4000000060
39573  20.638  -21.280  29.549 0.3000000119
40371  23.744  -19.971  32.353 0.4000000060
40395  23.435  -19.634  31.062 0.3000000119
40406  23.372  -19.364  30.200 0.3000000119
40407  22.503  -19.604  29.571 0.2000000030
40421  22.048  -19.803  28.724 0.2000000030
39590  21.964  -20.709  27.489 0.2000000030
38043  23.248  -22.140  26.708 0.2000000030
38014  24.671  -22.588  26.937 0.2000000030
125377  22.232  -20.066  27.469 0.2000000030
39607  22.345  -21.247  26.979 0.2000000030
38042  23.986  -22.143  26.392 0.2000000030
41286  24.187  -19.222  30.746 0.3000000119
41270  25.906  -19.262  33.096 0.5000000000
39407  28.811  -20.974  43.412 0.8000000119
38602  28.258  -21.163  44.047 0.8000000119
38603  27.432  -21.302  43.686 0.6999999881
38617  28.100  -21.124  43.322 0.6999999881
121218  26.952  -21.311  43.073 0.6999999881
38620  25.496  -21.617  42.539 0.6999999881
38618  27.624  -21.163  42.840 0.6999999881
38631  26.980  -21.198  42.246 0.6999999881
114811  26.127  -21.342  41.999 0.6999999881
38621  24.743  -21.813  42.181 0.6999999881
112725  23.488  -22.216  41.558 0.6999999881
38634  24.610  -21.692  41.325 0.6999999881
38635  23.834  -21.934  40.981 0.6999999881
37849  23.227  -22.248  41.091 0.6999999881
111214  22.706  -22.468  40.786 0.6999999881
38646  23.796  -21.760  40.125 0.6999999881
38647  23.240  -21.931  39.808 0.6999999881
37853  22.694  -22.253  39.976 0.6999999881
37855  22.143  -22.392  39.390 0.6999999881
38652  22.860  -21.958  39.113 0.6999999881
125164  21.613  -22.802  39.542 0.6999999881
37858  22.138  -22.137  38.572 0.6999999881
37862  21.110  -22.319  37.402 0.6999999881
35567  23.269  -25.105  32.525 0.2000000030
35576  21.919  -25.180  31.254 0.2000000030
127238  21.614  -22.112  37.582 0.6999999881
36419  23.651  -24.406  31.304 0.2000000030
36420  22.766  -24.645  31.103 0.2000000030
35584  21.944  -24.714  30.480 0.2000000030
36433  20.318  -24.632  30.197 0.3000000119
38662  21.727  -21.869  37.042 0.6999999881
38663  21.071  -22.038  36.623 0.6999999881
36443  21.978  -24.247  29.668 0.2000000030
37227  20.138  -23.229  29.360 0.3000000119
36445  20.183  -23.922  29.685 0.3000000119
116391  19.614  -24.026  30.217 0.3000000119
37187  19.036  -23.122  31.267 0.4000000060
38671  20.671  -22.010  35.889 0.6999999881
38778  20.149  -21.934  29.732 0.3000000119
38756  20.299  -21.493  30.244 0.3000000119
37933  19.213  -22.495  31.753 0.4000000060
37920  19.447  -22.072  32.881 0.4000000060
37907  19.556  -22.070  33.601 0.5000000000
37882  20.166  -22.037  35.032 0.6999999881
40386  22.008  -20.203  31.045 0.4000000060
39556  21.322  -20.550  30.695 0.3000000119
40358  23.976  -20.122  33.111 0.5000000000
40356  25.398  -19.718  33.594 0.5000000000
40357  24.704  -19.933  33.336 0.5000000000
40355  26.090  -19.470  33.875 0.5000000000
41324  22.729  -19.269  28.603 0.2000000030
41277  25.033  -19.312  32.020 0.4000000060
41265  26.790  -19.179  34.178 0.5000000000
39404  31.187  -20.245  43.055 0.6999999881
39405  30.579  -20.554  43.682 0.6999999881
39419  30.237  -20.456  42.567 0.6999999881
116380  29.253  -20.758  42.642 0.8000000119
39420  28.403  -20.993  42.691 0.6999999881
39421  27.895  -21.034  42.053 0.6999999881
128204  30.132  -20.407  42.011 0.6999999881
119027  28.747  -20.797  41.925 0.6999999881
38643  26.019  -21.251  41.168 0.6999999881
38644  25.264  -21.429  40.815 0.6999999881
121626  29.685  -20.507  41.830 0.6999999881
39434  28.212  -20.865  41.253 0.6999999881
125725  26.822  -21.079  40.692 0.6999999881
38645  24.500  -21.598  40.475 0.6999999881
38649  25.178  -21.351  39.953 0.6999999881
38650  24.400  -21.495  39.636 0.6999999881
38651  23.658  -21.666  39.340 0.6999999881
38655  23.478  -21.572  38.510 0.6999999881
38656  22.710  -21.764  38.170 0.6999999881
38657  22.035  -21.947  37.804 0.6999999881
38661  22.526  -21.622  37.325 0.6999999881
38757  19.853  -21.935  30.534 0.3000000119
37964  19.750  -22.668  29.948 0.3000000119
36446  19.744  -23.435  29.875 0.3000000119
112534  20.890  -21.635  35.088 0.6000000238
39543  20.817  -20.979  31.270 0.3000000119
37947  19.419  -22.518  30.892 0.3000000119
38740  19.719  -21.882  31.543 0.4000000060
38705  19.893  -21.745  33.147 0.4000000060
38692  20.331  -21.622  33.995 0.4000000060
40372  22.959  -20.165  32.155 0.4000000060
39541  22.191  -20.348  31.868 0.3000000119
39530  20.969  -21.004  32.111 0.4000000060
38720  20.315  -21.379  31.861 0.3000000119
38721  19.845  -21.735  32.430 0.4000000060
119041  19.432  -22.122  32.249 0.4000000060
41244  28.003  -19.168  36.024 0.6000000238
40346  25.583  -19.922  34.366 0.5000000000
40359  23.173  -20.274  32.913 0.4000000060
38704  20.490  -21.378  32.834 0.4000000060
106590  27.219  -19.520  35.717 0.6000000238
40345  26.274  -19.657  34.649 0.6000000238
116030  24.884  -20.124  34.108 0.5000000000
123422  27.830  -18.906  35.137 0.6000000238
40335  27.009  -19.357  34.918 0.6000000238
114077  24.902  -19.043  31.223 0.4000000060
106797  25.484  -18.586  30.868 0.4000000060
40241  32.021  -19.940  43.373 0.6999999881
40251  32.620  -19.585  42.781 0.8999999762
41168  33.331  -19.139  42.225 0.8999999762
40262  32.364  -19.436  41.850 0.8999999762
40253  31.002  -20.147  42.228 0.6999999881
40264  30.437  -20.207  41.700 0.6999999881
40263  31.352  -19.736  41.506 0.8000000119
40276  30.655  -19.859  40.946 0.6999999881
40265  29.929  -20.220  40.947 0.6999999881
39448  29.054  -20.557  41.091 0.6999999881
125082  27.309  -20.879  40.092 0.6999999881
39451  25.976  -21.200  40.300 0.6999999881
40277  29.277  -20.232  40.150 0.6999999881
39461  28.530  -20.430  39.843 0.6999999881
122813  26.688  -20.982  39.777 0.6999999881
39464  25.889  -21.092  39.403 0.6999999881
39465  25.065  -21.231  39.097 0.6999999881
38654  24.268  -21.386  38.802 0.6999999881
40275  31.222  -19.403  40.541 0.8000000119
107572  30.310  -19.674  40.122 0.6999999881
40297  28.863  -20.136  39.336 0.6999999881
38660  23.317  -21.437  37.641 0.6999999881
38669  22.311  -21.466  36.463 0.6999999881
38670  21.465  -21.643  36.012 0.6999999881
40322  29.069  -19.221  37.628 0.6999999881
120455  21.558  -21.381  35.190 0.6000000238
41231  29.359  -18.733  37.054 0.6999999881
40326  28.176  -19.403  36.792 0.6999999881
38739  20.249  -21.403  30.985 0.3000000119
41232  28.763  -19.156  37.067 0.6999999881
40327  27.434  -19.715  36.522 0.6000000238
117265  25.772  -20.070  35.137 0.6000000238
39529  21.645  -20.676  32.365 0.3000000119
108790  28.774  -18.794  36.399 0.6999999881
39518  21.199  -21.010  32.796 0.4000000060
40336  26.461  -19.834  35.417 0.6000000238
40347  24.152  -20.252  33.879 0.6000000238
39515  23.385  -20.397  33.694 0.6000000238
41276  25.719  -19.052  32.320 0.4000000060
41256  28.527  -18.598  35.611 0.6000000238
121709  26.617  -18.973  33.406 0.4000000060
41285  25.553  -18.835  31.580 0.4000000060
41264  27.412  -18.886  34.463 0.5000000000
41275  26.420  -18.758  32.608 0.4000000060
41284  26.201  -18.552  31.834 0.4000000060
42171  26.936  -18.208  32.091 0.4000000060
40240  32.821  -19.624  43.708 0.8000000119
41176  33.129  -18.896  41.307 0.8000000119
41187  34.010  -18.211  40.772 0.6999999881
41188  32.900  -18.606  40.413 0.8000000119
41189  31.917  -18.868  40.074 0.8000000119
39467  27.613  -20.425  38.668 0.6999999881
39463  27.393  -20.705  39.428 0.6999999881
39468  26.673  -20.767  38.799 0.6999999881
40295  30.390  -19.230  39.228 0.8000000119
39470  24.939  -21.117  38.252 0.6999999881
106793  29.127  -19.722  38.725 0.6999999881
39474  24.818  -20.961  37.420 0.6999999881
38659  24.126  -21.256  37.955 0.6999999881
41200  31.711  -18.569  39.280 0.8000000119
41201  31.008  -18.819  39.034 0.8000000119
40311  29.807  -19.265  38.647 0.6999999881
40313  28.716  -19.694  38.119 0.6999999881
111913  27.671  -19.907  37.274 0.6999999881
40324  27.004  -20.150  37.016 0.6999999881
39475  23.994  -21.100  37.075 0.6999999881
39479  23.809  -20.945  36.153 0.6999999881
38668  23.138  -21.286  36.771 0.6999999881
39480  22.930  -21.127  35.909 0.6999999881
38680  22.159  -21.287  35.615 0.6999999881
41213  31.403  -18.301  38.470 0.8000000119
41214  30.519  -18.791  38.509 0.6999999881
40323  28.389  -19.582  37.485 0.6999999881
40328  26.584  -20.082  36.290 0.6000000238
38681  21.294  -21.289  34.428 0.5000000000
41229  30.726  -18.285  37.809 0.6999999881
41215  29.847  -18.820  37.843 0.6999999881
40329  25.973  -20.193  35.791 0.6000000238
39517  21.793  -20.776  33.143 0.4000000060
41230  30.191  -18.179  37.000 0.6999999881
39516  22.568  -20.577  33.472 0.5000000000
38691  21.149  -21.161  33.528 0.5000000000
41255  29.088  -18.317  35.856 0.6000000238
42181  26.064  -18.133  30.617 0.4000000060
42175  26.651  -18.018  31.204 0.4000000060
41263  28.070  -18.351  34.301 0.5000000000
41274  27.170  -18.426  32.940 0.4000000060
108815  27.436  -17.665  31.557 0.4000000060
40250  33.494  -19.224  43.171 0.6999999881
40239  33.582  -19.164  44.158 0.6000000238
41175  34.093  -18.531  41.725 0.6999999881
41167  34.209  -18.680  42.626 0.6999999881
41186  34.566  -17.936  41.397 0.6999999881
42074  34.606  -17.462  40.820 0.6999999881
39472  27.064  -20.371  37.846 0.6999999881
116964  26.266  -20.690  38.014 0.6999999881
39469  25.743  -20.963  38.540 0.6999999881
40314  27.987  -20.079  37.997 0.6999999881
39476  26.241  -20.477  37.190 0.6999999881
41199  32.648  -18.320  39.574 0.8000000119
121292  25.438  -20.688  37.046 0.6999999881
39478  24.794  -20.725  36.478 0.6999999881
39492  22.686  -20.999  35.196 0.6000000238
41212  32.416  -18.054  38.771 0.8000000119
39491  23.515  -20.750  35.171 0.6000000238
39493  22.057  -21.092  34.804 0.5000000000
40337  25.051  -20.261  34.912 0.6000000238
39503  22.809  -20.720  34.393 0.6000000238
124406  31.467  -17.928  37.764 0.8000000119
39501  24.290  -20.418  34.654 0.6000000238
39504  21.939  -20.945  33.964 0.5000000000
41243  29.520  -18.285  36.365 0.6999999881
42132  29.669  -17.878  35.615 0.6000000238
42120  30.125  -17.888  36.224 0.6999999881
42163  27.908  -18.065  33.371 0.5000000000
122921  27.769  -17.787  32.425 0.4000000060
110442  28.464  -18.378  34.976 0.6000000238
41159  34.259  -18.665  43.564 0.6999999881
41174  34.728  -18.022  42.137 0.6999999881
41166  34.757  -18.062  42.992 0.6999999881
41158  34.648  -18.005  43.772 0.6000000238
42066  34.766  -17.323  41.651 0.6999999881
42056  34.844  -17.391  42.527 0.6999999881
42045  34.835  -17.411  43.361 0.6999999881
118573  34.710  -16.967  40.962 0.6999999881
42942  34.628  -16.667  40.508 0.6999999881
41198  33.692  -18.025  39.862 0.6999999881
42083  34.614  -17.040  40.099 0.6999999881
42084  34.230  -17.385  39.450 0.8000000119
42093  34.406  -16.841  39.163 0.8000000119
39477  25.726  -20.434  36.417 0.6000000238
42085  33.436  -17.769  39.052 0.8000000119
42094  34.012  -17.177  38.620 0.8000000119
39490  24.462  -20.581  35.511 0.6000000238
42095  33.211  -17.529  38.253 0.8000000119
42105  33.729  -16.974  37.821 0.8000000119
42096  32.235  -17.775  38.009 0.8000000119
42106  33.005  -17.320  37.474 0.8000000119
39502  23.630  -20.499  34.362 0.6000000238
42118  31.782  -17.345  36.562 0.8000000119
42117  32.761  -17.118  36.721 0.8000000119
42108  31.134  -17.797  37.159 0.6999999881
42978  32.494  -16.873  35.962 0.8000000119
42988  32.150  -16.665  35.170 0.8000000119
42119  30.834  -17.612  36.424 0.6999999881
43001  31.720  -16.498  34.342 0.6999999881
42131  30.531  -17.478  35.682 0.6999999881
42989  31.111  -17.015  35.019 0.6999999881
42146  30.135  -17.376  34.944 0.6999999881
43002  30.659  -16.883  34.223 0.6999999881
113208  28.467  -17.531  32.947 0.4000000060
42148  28.859  -17.930  34.569 0.5000000000
43938  26.604  -16.066  23.791 0.1000000015
43128  26.857  -16.524  22.887 0.1000000015
116370  27.582  -15.833  22.501 0.1000000015
42303  29.381  -17.208  21.649 0.1000000015
43771  34.704  -15.813  42.300 0.8000000119
42055  34.822  -16.868  42.934 0.6999999881
42930  34.693  -16.443  41.879 0.6999999881
42921  34.736  -16.361  42.607 0.8000000119
42910  34.772  -16.286  43.326 0.6999999881
42931  34.671  -16.530  41.149 0.6999999881
43781  34.605  -16.074  40.507 0.6999999881
42950  34.520  -16.529  39.784 0.6999999881
43801  34.336  -16.313  38.913 0.8000000119
42958  34.105  -16.605  38.343 0.8000000119
42966  33.813  -16.374  37.525 0.8000000119
42967  33.424  -16.758  37.060 0.8000000119
42976  33.566  -16.203  36.709 0.8000000119
42977  33.176  -16.547  36.293 0.8000000119
124835  33.020  -15.827  34.864 0.8000000119
117191  32.592  -15.312  33.663 0.6999999881
43000  32.586  -16.146  34.594 0.8000000119
43831  32.781  -15.585  34.256 0.6999999881
43832  32.268  -15.896  33.717 0.6000000238
43843  32.259  -15.310  32.987 0.6000000238
43858  31.646  -15.540  32.398 0.5000000000
43872  31.552  -15.050  31.647 0.5000000000
43018  31.274  -16.343  33.472 0.5000000000
43845  31.296  -16.059  32.815 0.5000000000
111725  31.116  -15.631  31.839 0.5000000000
43873  30.923  -15.433  31.218 0.5000000000
43019  30.216  -16.750  33.403 0.6000000238
43034  30.717  -16.354  32.903 0.5000000000
43860  30.430  -15.992  31.734 0.5000000000
43884  29.871  -15.628  30.256 0.5000000000
43035  29.991  -16.505  32.491 0.5000000000
106281  29.208  -15.956  29.985 0.5000000000
43887  29.624  -15.423  29.532 0.5000000000
42147  29.579  -17.353  34.144 0.5000000000
42161  29.233  -17.120  33.119 0.5000000000
43036  29.085  -16.878  32.288 0.5000000000
43892  28.567  -15.343  27.952 0.5000000000
116506  29.429  -17.725  34.916 0.6000000238
43047  27.953  -17.177  31.111 0.5000000000
43055  27.897  -16.544  29.472 0.5000000000
43897  28.148  -15.251  27.229 0.5000000000
44843  27.823  -15.072  26.446 0.3000000119
44851  27.755  -14.683  25.514 0.1000000015
44860  27.556  -14.692  24.520 0.1000000015
42133  29.000  -18.130  35.260 0.6000000238
43909  27.259  -15.349  25.893 0.3000000119
118461  27.060  -15.356  24.167 0.1000000015
44872  27.538  -14.834  23.637 0.1000000015
43956  28.076  -15.063  22.357 0.1000000015
43937  27.158  -15.585  23.310 0.1000000015
43972  28.198  -15.768  21.963 0.1000000015
111765  28.855  -15.949  21.617 0.1000000015
44665  34.759  -15.007  42.727 0.6999999881
42896  34.725  -16.268  44.064 0.5000000000
44666  34.628  -14.416  42.299 0.6999999881
43757  34.779  -15.652  43.038 0.6999999881
44679  34.647  -15.229  41.955 0.6000000238
43772  34.675  -15.957  41.483 0.6999999881
43791  34.427  -15.905  39.540 0.8000000119
43792  34.151  -15.585  38.758 0.8000000119
115983  33.881  -15.459  37.956 0.8000000119
43810  33.749  -15.701  37.214 0.8000000119
43802  34.081  -16.047  38.081 0.8000000119
43816  33.517  -15.668  36.303 0.8000000119
44755  33.357  -15.154  35.952 0.8000000119
43823  33.295  -15.635  35.477 0.8000000119
117102  32.820  -14.976  34.041 0.8000000119
44767  32.548  -14.794  33.348 0.6999999881
44777  32.254  -14.642  32.653 0.6999999881
44778  31.878  -14.506  31.975 0.5000000000
44792  31.199  -14.840  30.865 0.5000000000
44806  30.893  -14.697  30.295 0.5000000000
44807  30.393  -14.997  29.879 0.5000000000
44820  30.128  -14.681  29.120 0.5000000000
108220  29.145  -14.876  28.017 0.5000000000
127114  28.796  -17.202  32.668 0.4000000060
44835  29.369  -14.352  27.719 0.5000000000
108097  28.423  -14.769  26.847 0.2000000030
42162  28.673  -17.715  33.758 0.5000000000
45759  28.969  -14.187  26.916 0.3000000119
127078  28.311  -14.079  25.571 0.1000000015
44850  28.086  -14.056  24.836 0.1000000015
44859  27.963  -14.083  23.930 0.1000000015
109597  27.609  -15.084  22.927 0.1000000015
43140  29.677  -16.319  21.495 0.1000000015
45576  34.740  -14.121  43.058 0.5000000000
126871  34.499  -14.657  41.584 0.6999999881
106286  34.537  -15.299  41.086 0.6000000238
117966  34.330  -13.825  41.641 0.6999999881
44694  34.269  -14.463  40.863 0.6000000238
44711  34.338  -15.189  40.078 0.8000000119
121586  33.963  -14.826  39.267 0.8000000119
126401  34.253  -15.410  39.389 0.8000000119
112388  33.686  -14.764  38.376 0.8000000119
44738  33.570  -14.881  37.465 0.8000000119
44747  33.496  -15.034  36.638 0.8000000119
44748  33.078  -14.472  36.160 0.8000000119
116905  32.820  -14.535  34.632 0.8000000119
45662  32.221  -13.642  34.597 0.8000000119
44761  32.541  -14.309  33.835 0.8000000119
45695  32.327  -14.192  33.057 0.8000000119
45688  32.074  -13.626  33.535 0.8000000119
45696  32.035  -14.075  32.365 0.6999999881
44791  31.549  -14.386  31.225 0.5000000000
45713  31.061  -13.623  30.122 0.5000000000
44819  30.497  -14.032  29.123 0.5000000000
45743  29.957  -13.928  28.136 0.5000000000
45742  30.411  -13.532  28.678 0.3000000119
45751  29.636  -13.708  27.453 0.3000000119
113779  28.787  -13.741  26.071 0.1000000015
46751  29.233  -12.946  25.752 0.1000000015
45766  28.618  -13.488  25.216 0.1000000015
46752  28.983  -12.804  24.743 0.1000000015
127557  34.624  -12.163  43.737 0.5000000000
46519  34.703  -12.880  44.006 0.5000000000
45571  34.639  -13.088  43.304 0.5000000000
45577  34.537  -13.553  42.521 0.8000000119
113929  34.406  -12.693  42.609 0.8000000119
45588  33.910  -13.598  40.784 0.8000000119
45612  33.315  -13.848  39.077 0.8000000119
44739  33.178  -14.343  36.937 0.8000000119
45628  32.695  -13.675  37.017 0.8000000119
127804  32.922  -14.048  36.591 0.8000000119
45644  32.600  -13.761  36.274 0.8000000119
45645  32.007  -13.242  35.740 0.8000000119
45661  32.704  -14.079  35.439 0.8000000119
46609  31.522  -12.916  34.076 0.8000000119
46644  31.629  -13.412  32.194 0.6999999881
46659  31.380  -13.187  31.373 0.5000000000
46671  31.141  -13.035  30.546 0.4000000060
46687  30.834  -12.847  29.674 0.4000000060
45729  30.738  -13.550  29.402 0.4000000060
46704  30.612  -12.373  28.900 0.3000000119
114671  30.451  -12.811  28.361 0.3000000119
46719  30.195  -12.487  27.450 0.2000000030
46720  29.839  -13.115  27.250 0.2000000030
118288  29.464  -12.209  25.102 0.1000000015
127695  34.528  -12.281  43.198 0.6000000238
46526  34.505  -11.555  43.366 0.6000000238
47560  33.980  -12.259  41.844 0.8000000119
127350  33.667  -13.017  40.771 0.8000000119
106960  33.384  -13.132  40.128 0.8000000119
121226  32.741  -13.158  38.526 0.8000000119
46581  32.110  -13.058  36.710 0.6999999881
46570  31.671  -12.048  37.071 0.6999999881
121670  31.462  -12.526  35.760 0.8000000119
46595  31.511  -12.783  35.037 0.8000000119
46610  30.884  -12.231  33.704 0.6999999881
46630  30.826  -12.158  32.903 0.6999999881
46645  31.046  -12.506  32.071 0.4000000060
47669  30.688  -11.630  31.583 0.6000000238
108291  30.931  -12.407  31.105 0.6000000238
47684  30.761  -12.191  30.299 0.4000000060
47698  30.666  -11.829  29.516 0.4000000060
107000  30.485  -11.962  28.100 0.3000000119
48613  30.593  -10.880  27.804 0.3000000119
47730  30.374  -11.613  27.329 0.3000000119
48459  34.570  -10.261  44.354 0.5000000000
47548  34.619  -11.158  44.015 0.6000000238
108056  34.281  -11.071  42.813 0.8000000119
46545  33.502  -12.352  40.838 0.8000000119
46560  32.415  -12.272  38.623 0.8000000119
45613  32.325  -12.859  37.714 0.6999999881
112645  31.992  -11.701  38.020 0.8000000119
47607  31.246  -11.907  36.211 0.6999999881
47633  30.924  -12.208  34.601 0.6999999881
124117  30.704  -11.513  34.995 0.6999999881
47622  30.665  -10.728  34.816 0.6999999881
47634  30.641  -11.455  34.236 0.6999999881
47644  30.614  -11.413  33.346 0.6999999881
48547  30.647  -10.571  33.886 0.6999999881
48566  30.649  -10.693  31.974 0.6000000238
48574  30.649  -10.833  31.123 0.5000000000
48585  30.660  -11.072  30.224 0.4000000060
48584  30.942  -10.080  29.814 0.3000000119
48595  30.704  -10.844  29.348 0.3000000119
48605  31.175  -9.778  28.685 0.3000000119
48612  31.088  -9.834  27.921 0.3000000119
126767  34.631  -10.370  43.959 0.6000000238
49303  34.675  -9.392  44.620 0.6000000238
48460  34.505  -10.743  43.497 0.6999999881
111025  33.540  -11.430  41.259 0.6999999881
48474  33.687  -10.569  41.581 0.8000000119
47570  33.138  -11.505  40.511 0.8000000119
46554  32.599  -11.885  39.303 0.8000000119
47579  32.742  -11.073  39.731 0.8000000119
47580  32.319  -11.207  38.780 0.8000000119
47595  31.983  -10.888  38.160 0.6999999881
112623  31.295  -11.069  36.703 0.6999999881
48533  30.847  -11.072  35.750 0.6999999881
49376  30.924  -10.046  35.416 0.6999999881
125277  30.943  -9.764  32.884 0.6999999881
49421  30.922  -9.838  32.331 0.6999999881
120145  31.358  -9.251  32.788 0.6000000238
49441  30.926  -10.037  30.657 0.3000000119
117830  31.455  -9.296  31.087 0.3000000119
49440  31.504  -9.326  30.207 0.3000000119
46657  39.389  -12.553  31.558 0.3000000119
50407  32.278  -8.721  29.734 0.3000000119
47668  37.896  -11.222  31.574 0.2000000030
49464  31.615  -9.293  28.392 0.2000000030
49309  34.696  -9.668  44.111 0.6999999881
49315  34.423  -9.434  42.866 0.8000000119
49321  34.010  -9.779  42.051 0.8000000119
49322  33.566  -9.727  41.089 0.8000000119
48490  32.827  -10.044  39.795 0.8000000119
49337  33.029  -9.227  39.775 0.6999999881
49338  32.648  -9.517  39.160 0.6999999881
48491  32.480  -10.331  39.075 0.8000000119
48501  32.193  -10.463  38.483 0.6999999881
48508  31.923  -10.180  37.873 0.6999999881
48509  31.536  -10.242  37.111 0.6999999881
49365  31.535  -9.519  36.743 0.6999999881
49390  31.241  -9.252  35.064 0.6999999881
49406  31.329  -9.172  34.182 0.6999999881
49391  30.891  -9.871  34.483 0.6999999881
124487  31.465  -9.053  33.481 0.6999999881
120151  31.818  -8.633  33.897 0.6999999881
50340  31.906  -8.665  33.095 0.5000000000
50365  31.928  -8.740  32.304 0.4000000060
50391  31.986  -8.775  31.513 0.5000000000
108797  32.090  -8.777  30.685 0.3000000119
46620  47.317  -13.359  34.868 0.1000000015
46656  40.107  -12.840  31.791 0.2000000030
46643  38.911  -12.275  32.092 0.3000000119
46623  43.817  -12.849  33.713 0.1000000015
46624  42.680  -13.016  33.304 0.1000000015
46640  41.801  -12.906  32.367 0.1000000015
46641  40.328  -13.115  32.690 0.2000000030
109988  39.159  -12.437  32.952 0.3000000119
47667  38.350  -11.701  31.805 0.3000000119
114375  37.570  -10.635  31.834 0.4000000060
49438  36.554  -9.457  30.834 0.3000000119
49439  35.980  -8.863  30.348 0.2000000030
50423  32.948  -8.428  29.029 0.2000000030
48583  36.993  -10.248  30.409 0.2000000030
50422  33.780  -8.201  29.223 0.2000000030
51225  34.954  -7.578  45.197 0.6999999881
118343  34.814  -8.961  44.335 0.6999999881
50265  33.966  -8.932  41.417 0.8000000119
50281  33.242  -8.478  39.672 0.6000000238
123228  32.859  -8.870  39.239 0.6999999881
50290  32.503  -8.907  38.561 0.6999999881
49354  32.095  -9.340  37.885 0.6999999881
111805  31.887  -8.937  37.200 0.6999999881
49375  31.315  -9.384  35.941 0.6999999881
49412  49.346  -10.004  32.722 0.1000000015
50303  31.972  -8.137  36.014 0.6999999881
50314  31.619  -8.683  35.560 0.6999999881
50324  31.670  -8.624  34.711 0.6999999881
48564  49.260  -10.912  33.351 0.1000000015
50313  32.043  -8.082  35.168 0.6999999881
51362  32.633  -7.672  34.835 0.6999999881
50339  32.456  -8.277  33.541 0.6000000238
47638  49.155  -12.686  34.269 0.1000000015
46600  48.645  -13.044  34.904 0.1000000015
51361  33.263  -7.441  34.646 0.6999999881
51378  33.039  -7.796  34.050 0.6000000238
50364  32.641  -8.347  32.616 0.5000000000
46619  48.170  -13.363  34.729 0.1000000015
50322  34.698  -7.977  33.835 0.6000000238
106973  34.221  -7.988  33.150 0.5000000000
50363  33.677  -8.086  32.366 0.4000000060
123867  33.017  -8.258  31.883 0.4000000060
112591  32.736  -8.406  31.176 0.4000000060
46603  46.676  -13.538  35.880 0.1000000015
50337  35.196  -8.184  33.242 0.5000000000
50361  35.488  -8.351  32.586 0.4000000060
50362  34.720  -8.069  32.489 0.4000000060
50389  33.689  -8.131  31.369 0.4000000060
50405  33.389  -8.226  30.566 0.2000000030
46621  46.161  -12.968  34.614 0.1000000015
49405  36.728  -9.284  33.651 0.5000000000
49420  36.672  -9.292  32.717 0.5000000000
50387  35.276  -8.262  31.745 0.4000000060
50388  34.601  -8.100  31.113 0.2000000030
46622  44.979  -12.675  34.031 0.1000000015
116458  40.799  -13.476  33.437 0.2000000030
107110  39.732  -12.921  33.068 0.2000000030
47654  38.511  -11.690  32.752 0.3000000119
110994  37.623  -10.520  32.687 0.4000000060
49427  36.620  -9.357  31.767 0.4000000060
118370  35.359  -8.360  30.770 0.2000000030
123584  34.086  -8.079  30.675 0.2000000030
118240  33.982  -8.082  30.013 0.2000000030
46605  44.406  -13.608  35.133 0.1000000015
45684  42.283  -13.696  34.364 0.1000000015
45685  41.342  -13.778  34.246 0.1000000015
45687  40.042  -13.417  34.501 0.2000000030
46627  39.478  -12.775  33.856 0.3000000119
47632  38.526  -11.491  34.390 0.5000000000
50420  35.336  -8.448  29.893 0.2000000030
50404  34.699  -8.137  30.321 0.2000000030
45675  40.677  -13.915  35.404 0.2000000030
46607  39.554  -12.907  34.871 0.2000000030
46608  39.053  -12.202  34.527 0.4000000060
45674  41.951  -14.142  35.340 0.1000000015
123982  41.156  -14.035  35.028 0.1000000015
51342  39.418  -7.700  35.436 0.4000000060
50253  35.012  -8.235  44.230 0.6999999881
50258  34.904  -8.021  43.423 0.8000000119
50259  34.582  -8.565  42.775 0.8000000119
51248  35.363  -7.407  43.988 0.6999999881
51255  34.793  -7.785  42.546 0.8000000119
50264  34.422  -8.203  41.865 0.8000000119
51273  33.695  -7.975  40.142 0.6999999881
122781  34.112  -7.490  40.526 0.6999999881
51288  33.424  -7.723  39.438 0.6999999881
51302  33.163  -7.489  38.707 0.6000000238
127068  32.139  -8.433  37.295 0.6999999881
52367  33.422  -6.442  37.375 0.6999999881
51316  32.915  -7.232  37.874 0.6999999881
51317  32.403  -7.872  37.369 0.6999999881
109189  32.047  -8.299  36.810 0.6999999881
114277  48.805  -8.963  33.088 0.1000000015
52382  33.407  -6.470  36.340 0.8000000119
52383  32.844  -6.991  35.987 0.6999999881
49413  48.771  -9.897  33.540 0.1000000015
52381  34.114  -6.120  35.824 0.8000000119
52397  33.563  -6.711  35.554 0.8000000119
51347  32.465  -7.578  35.598 0.6999999881
50323  32.243  -8.160  34.361 0.6999999881
50351  48.016  -7.695  33.343 0.1000000015
53335  34.652  -5.567  36.208 0.8000000119
53343  35.122  -6.104  35.597 0.8000000119
51345  33.791  -7.138  34.950 0.6999999881
108740  34.638  -7.340  34.869 0.6999999881
46601  48.124  -13.184  35.507 0.1000000015
50312  35.796  -8.137  34.890 0.6000000238
51359  35.076  -7.827  34.474 0.6000000238
46602  47.501  -13.439  35.815 0.1000000015
49374  36.846  -9.089  35.294 0.5000000000
120014  36.326  -8.840  34.059 0.5000000000
46604  45.568  -13.617  35.669 0.1000000015
46591  45.985  -13.921  36.926 0.1000000015
45671  44.968  -14.247  36.949 0.1000000015
49373  37.339  -9.544  35.841 0.5000000000
49389  36.782  -9.241  34.503 0.5000000000
45672  43.892  -14.263  36.260 0.1000000015
45657  43.614  -14.650  37.506 0.1000000015
118623  38.534  -11.378  35.810 0.5000000000
48546  37.680  -10.357  34.630 0.5000000000
45673  42.918  -14.232  35.777 0.1000000015
108391  42.645  -14.657  36.964 0.1000000015
45659  41.260  -14.365  36.809 0.1000000015
127965  39.567  -12.857  36.815 0.4000000060
115519  41.615  -14.344  36.170 0.1000000015
45676  40.012  -13.495  35.309 0.3000000119
46594  39.204  -12.388  35.303 0.4000000060
47620  38.745  -11.731  35.196 0.5000000000
50301  39.625  -8.549  35.696 0.3000000119
50309  39.298  -8.501  34.948 0.2000000030
52293  35.434  -6.600  42.697 0.8000000119
51261  34.963  -7.085  42.113 0.8000000119
52303  34.892  -6.700  41.290 0.8000000119
52281  36.011  -5.988  44.433 0.6999999881
52302  35.349  -6.284  41.862 0.8000000119
52318  34.488  -6.769  40.475 0.8000000119
51287  33.928  -7.238  39.885 0.8000000119
52335  33.680  -6.986  39.159 0.6999999881
53268  35.893  -5.846  42.764 0.8000000119
52317  35.160  -6.010  40.819 0.8000000119
53289  34.755  -6.123  39.996 0.8000000119
52334  34.245  -6.543  39.598 0.6999999881
52349  34.058  -6.296  38.795 0.8000000119
52350  33.490  -6.733  38.352 0.6000000238
51331  32.383  -7.627  36.464 0.6999999881
125690  33.863  -5.924  37.313 0.6999999881
53324  33.903  -5.899  36.660 0.8000000119
50350  48.599  -7.951  32.948 0.1000000015
52395  35.215  -7.041  35.286 0.6999999881
48551  48.903  -11.164  34.153 0.1000000015
123025  48.766  -12.041  34.879 0.1000000015
51343  35.991  -7.648  35.469 0.6000000238
46590  46.732  -13.453  36.703 0.1000000015
122105  45.471  -14.136  37.818 0.1000000015
45656  44.307  -14.562  37.664 0.1000000015
45642  41.818  -14.599  38.182 0.1000000015
114424  39.050  -7.275  34.888 0.3000000119
109711  36.528  -5.266  43.429 0.6999999881
124190  36.460  -4.963  42.302 0.8000000119
53279  35.792  -5.549  41.590 0.8000000119
110736  35.655  -5.318  40.738 0.8000000119
53288  35.255  -5.412  39.887 0.8000000119
48500  39.042  -10.545  38.973 0.6000000238
49353  38.407  -9.732  38.110 0.6000000238
54216  36.180  -4.869  41.174 0.8000000119
53300  35.077  -5.144  38.804 0.8000000119
53310  34.467  -5.596  38.316 0.8000000119
49345  38.897  -9.576  39.046 0.6999999881
54235  35.675  -4.660  39.302 0.8000000119
54245  35.575  -4.464  38.235 0.8999999762
53322  35.011  -4.939  37.692 0.8000000119
53323  34.364  -5.488  37.242 0.8000000119
54234  36.121  -4.033  38.753 0.8999999762
54244  36.166  -3.973  37.764 0.8999999762
54256  35.786  -4.421  37.049 0.8999999762
108525  35.181  -5.034  36.632 0.8999999762
53333  36.716  -5.095  36.181 0.8999999762
53334  35.982  -4.926  36.196 0.8000000119
121965  35.450  -5.421  35.993 0.8000000119
50287  38.382  -8.754  38.240 0.6999999881
52379  37.339  -6.374  36.527 0.8000000119
53342  36.096  -5.674  35.861 0.8000000119
52394  35.902  -6.654  35.640 0.6999999881
47594  38.904  -11.490  37.654 0.5000000000
47587  39.339  -11.583  38.849 0.6000000238
48499  39.841  -11.521  40.049 0.6000000238
48537  48.290  -10.847  35.012 0.1000000015
47627  48.268  -12.066  35.621 0.1000000015
47605  39.258  -12.245  37.219 0.5000000000
47586  40.399  -12.742  39.977 0.6000000238
50328  48.247  -8.722  33.702 0.1000000015
46588  47.773  -12.684  36.210 0.1000000015
50329  47.592  -8.332  33.927 0.1000000015
50330  46.950  -8.249  34.049 0.1000000015
50318  47.241  -8.919  34.634 0.1000000015
46559  41.193  -13.529  40.155 0.6000000238
50319  46.622  -8.909  34.699 0.1000000015
49384  46.240  -9.527  35.299 0.1000000015
45626  42.124  -14.298  39.275 0.2000000030
46551  41.638  -13.457  40.317 0.5000000000
112698  46.153  -8.355  33.918 0.1000000015
49385  45.357  -9.633  34.908 0.1000000015
48540  44.916  -10.425  35.547 0.1000000015
48541  43.896  -10.707  35.137 0.1000000015
47628  43.501  -11.610  36.219 0.1000000015
46578  43.908  -13.753  38.778 0.1000000015
46567  42.850  -14.064  39.573 0.2000000030
47616  43.432  -12.496  37.729 0.1000000015
46592  43.279  -13.100  38.644 0.2000000030
47603  42.674  -12.687  38.490 0.2000000030
123621  41.477  -11.574  38.128 0.3000000119
47604  41.471  -11.600  37.484 0.2000000030
119472  40.780  -10.727  37.220 0.3000000119
50300  40.077  -8.618  36.594 0.4000000060
52393  39.501  -6.614  35.397 0.3000000119
53350  39.246  -5.809  34.867 0.3000000119
54284  38.955  -5.159  34.336 0.4000000060
54205  36.955  -4.681  43.179 0.8000000119
55145  37.107  -4.226  42.531 0.6999999881
55158  37.283  -3.672  41.808 0.6999999881
54215  36.734  -4.305  41.569 0.8000000119
54224  36.461  -4.270  40.661 0.8000000119
55183  36.638  -3.550  39.193 0.8999999762
55195  37.118  -3.013  38.563 0.8999999762
52364  38.673  -6.094  37.754 0.8000000119
51300  39.260  -7.311  39.029 0.8000000119
50280  39.051  -8.763  39.256 0.8000000119
55196  36.614  -3.507  38.177 0.8999999762
51314  38.547  -7.072  38.047 0.8000000119
51301  38.753  -7.974  38.690 0.8000000119
48489  39.545  -10.366  39.955 0.6999999881
54255  36.449  -4.045  37.069 0.8999999762
53332  37.501  -5.400  36.542 0.8999999762
51329  36.581  -7.320  36.034 0.6999999881
111558  38.574  -10.646  37.946 0.5000000000
48482  40.427  -11.132  40.791 0.6999999881
48525  47.640  -11.622  36.260 0.1000000015
47578  40.763  -12.208  40.837 0.6999999881
48538  47.638  -10.673  35.748 0.1000000015
46544  41.211  -12.819  40.743 0.6000000238
48528  44.521  -11.403  36.516 0.1000000015
48539  45.832  -10.206  35.892 0.1000000015
112323  45.493  -11.130  36.680 0.1000000015
47585  41.773  -12.568  39.919 0.4000000060
48498  41.336  -11.157  38.705 0.4000000060
49362  40.305  -9.661  36.803 0.3000000119
108892  40.572  -8.201  37.304 0.5000000000
51327  39.810  -7.925  36.156 0.5000000000
52378  39.965  -7.130  36.161 0.5000000000
54290  38.706  -4.524  33.743 0.5000000000
54204  37.393  -4.099  43.588 0.6999999881
55144  37.683  -3.551  42.909 0.6999999881
56151  38.661  -2.692  37.575 0.8999999762
126358  40.051  -3.937  38.045 0.8999999762
55169  36.784  -3.665  40.196 0.8000000119
54253  38.607  -4.396  37.214 0.8000000119
53320  39.235  -5.339  37.927 0.8000000119
114728  40.051  -4.830  38.465 0.8000000119
51286  39.406  -8.083  39.580 0.8000000119
53321  38.348  -5.325  37.148 0.8000000119
50279  39.675  -8.860  40.208 0.8000000119
55220  37.164  -3.973  36.815 0.8999999762
52365  38.057  -6.275  37.151 0.8000000119
49329  40.184  -9.910  40.725 0.6999999881
50288  38.205  -7.893  37.921 0.6999999881
50272  40.526  -8.875  40.989 0.6999999881
120213  40.802  -10.700  41.195 0.6999999881
50271  41.085  -9.094  41.318 0.6999999881
127605  41.015  -10.686  41.304 0.6999999881
49381  48.265  -9.821  34.330 0.1000000015
48526  47.013  -10.829  36.469 0.1000000015
49327  41.363  -9.743  41.098 0.6999999881
47567  41.112  -12.095  40.977 0.6999999881
49397  47.769  -9.027  34.358 0.1000000015
49382  47.636  -9.707  35.010 0.1000000015
48515  46.707  -11.679  37.046 0.1000000015
49335  41.488  -10.114  40.663 0.6999999881
48488  41.363  -11.371  40.657 0.6000000238
49383  46.976  -9.681  35.538 0.1000000015
47615  44.401  -12.633  38.043 0.1000000015
49344  41.472  -10.478  39.678 0.6999999881
48497  41.572  -11.660  40.025 0.6000000238
47614  45.203  -12.230  37.659 0.1000000015
50286  41.180  -9.379  38.719 0.6999999881
49371  46.481  -10.169  36.010 0.1000000015
50295  40.575  -9.015  37.541 0.6000000238
51326  40.344  -7.664  36.774 0.5000000000
52392  40.304  -6.244  36.105 0.6000000238
54283  39.311  -4.322  34.291 0.5000000000
55254  38.871  -3.160  32.973 0.5000000000
55247  39.073  -3.694  33.648 0.4000000060
55262  38.168  -3.291  31.689 0.3000000119
55255  38.364  -3.502  32.447 0.3000000119
56056  37.765  -2.286  45.010 0.5000000000
108460  38.064  -2.774  44.448 0.6999999881
56082  38.251  -2.752  43.451 0.6000000238
56094  37.908  -2.962  42.075 0.6000000238
122166  38.166  -2.229  41.086 0.8000000119
108002  38.295  -1.874  39.927 0.8999999762
125096  39.194  -1.041  39.881 0.8999999762
55157  37.393  -3.126  40.825 0.8000000119
56106  37.731  -2.454  39.888 0.8999999762
57126  38.811  -1.746  38.404 0.8999999762
57125  39.570  -1.523  38.428 0.8999999762
55194  40.357  -3.377  38.160 0.8999999762
56123  37.532  -2.552  38.969 0.8999999762
56139  37.820  -2.541  38.032 0.8999999762
53309  40.750  -5.246  39.407 0.8000000119
51285  39.945  -7.447  39.979 0.8000000119
55207  37.325  -3.263  37.519 0.8999999762
55206  38.721  -3.491  37.340 0.8999999762
53298  40.810  -6.067  40.066 0.8999999762
51284  40.577  -7.244  40.532 0.8000000119
127744  39.982  -8.216  40.355 0.8000000119
54233  41.319  -4.797  39.550 0.8999999762
53287  41.383  -6.296  40.501 0.8000000119
51271  40.556  -7.908  40.776 0.8000000119
53286  42.004  -6.122  40.575 0.8000000119
51270  41.085  -7.478  40.968 0.6999999881
50296  37.767  -8.281  37.364 0.6000000238
52315  42.229  -6.756  40.455 0.6999999881
51282  42.321  -7.325  40.261 0.6999999881
50278  41.706  -8.888  40.522 0.6999999881
51283  42.178  -7.886  40.060 0.6999999881
47601  45.489  -12.977  38.091 0.1000000015
50285  41.681  -8.437  39.327 0.6999999881
51299  42.102  -7.567  39.341 0.6999999881
48527  46.282  -10.937  36.668 0.1000000015
47600  46.090  -12.071  37.558 0.1000000015
50294  41.077  -8.328  38.124 0.6999999881
51313  40.970  -7.511  37.544 0.6999999881
54275  40.374  -4.783  35.458 0.6000000238
53341  39.935  -5.615  35.504 0.6000000238
54276  39.607  -4.958  34.908 0.6000000238
56193  39.526  -2.865  33.512 0.5000000000
112911  39.271  -2.530  32.802 0.5000000000
56212  38.553  -2.706  31.283 0.4000000060
56202  38.806  -2.750  32.166 0.4000000060
56093  38.500  -2.202  42.485 0.6000000238
57075  38.841  -1.567  41.841 0.8000000119
57088  39.567  -0.707  40.529 0.8999999762
57107  39.772  -0.861  39.321 0.8999999762
57124  40.535  -1.426  38.612 0.8999999762
57123  41.441  -1.369  38.911 0.8999999762
55181  41.525  -4.109  39.307 0.8999999762
56135  41.233  -2.340  38.648 0.8999999762
123476  42.023  -4.052  39.598 0.8999999762
56120  42.651  -2.387  39.251 0.8999999762
54232  41.860  -4.718  39.860 0.8999999762
55180  42.475  -3.454  39.416 0.8999999762
54223  42.342  -5.291  40.172 0.8999999762
53285  42.633  -6.064  40.160 0.8000000119
52331  42.654  -6.654  39.904 0.6999999881
52345  42.718  -6.469  39.173 0.6999999881
51298  42.424  -7.127  39.629 0.6999999881
52361  42.462  -6.229  38.297 0.6999999881
52362  41.636  -6.712  37.765 0.6999999881
51312  41.617  -7.578  38.453 0.6999999881
52376  41.387  -6.151  37.068 0.6999999881
53340  40.786  -5.384  36.106 0.6999999881
52377  40.942  -5.992  36.583 0.6999999881
55231  40.787  -4.000  35.344 0.8000000119
55239  40.357  -3.418  34.689 0.6000000238
54282  39.969  -4.142  34.858 0.6000000238
57183  39.797  -2.060  33.097 0.5000000000
57209  39.588  -1.681  30.552 0.4000000060
57198  39.542  -1.752  31.412 0.5000000000
57191  39.528  -1.984  32.263 0.5000000000
114094  39.089  -2.283  31.616 0.4000000060
58025  40.284  -0.333  40.111 0.8000000119
126853  40.955  -0.070  40.020 0.8999999762
58036  41.436  0.288  40.462 1.0000000000
57105  42.191  -1.411  39.194 0.8999999762
57104  42.811  -1.408  39.342 1.0000000000
118812  43.075  -3.157  39.380 1.0000000000
55179  43.107  -4.061  39.529 0.8999999762
124157  43.337  -5.389  39.070 0.8999999762
113147  45.317  -0.875  35.486 1.0000000000
57160  44.095  -1.731  35.736 0.8999999762
53308  43.032  -5.820  38.723 0.6999999881
59014  45.020  0.139  34.339 0.8999999762
58099  44.787  -0.460  34.804 0.8999999762
56161  43.399  -3.126  36.363 0.8999999762
55218  43.085  -3.804  36.631 0.8999999762
59013  45.756  0.512  34.199 0.8000000119
57170  43.505  -1.270  35.100 0.8999999762
56170  43.752  -2.418  36.083 0.8999999762
53319  42.041  -5.861  37.468 0.6999999881
59022  44.652  0.753  33.662 0.8000000119
59015  44.128  0.116  34.166 0.8999999762
109725  42.860  -0.762  34.440 0.8999999762
56171  42.869  -2.685  35.788 0.8999999762
53331  41.552  -5.459  36.727 0.8000000119
58108  43.116  -0.008  33.983 0.8000000119
58109  42.213  -0.276  33.746 0.8000000119
56181  42.289  -2.199  35.200 0.8000000119
56172  42.008  -2.973  35.500 0.8999999762
55230  41.721  -3.849  35.837 0.8000000119
128023  41.351  -5.021  36.318 0.8000000119
58110  41.475  -0.606  33.469 0.6999999881
57172  41.693  -1.692  34.548 0.6999999881
56182  41.431  -2.447  34.873 0.8000000119
55238  41.156  -3.229  35.143 0.6999999881
54274  41.156  -4.612  35.930 0.8000000119
112481  41.233  -0.391  32.843 0.6000000238
57181  41.161  -1.250  33.817 0.6999999881
57173  40.864  -1.951  34.185 0.6000000238
58111  40.795  -0.938  33.131 0.6999999881
57182  40.457  -1.616  33.438 0.6000000238
56192  40.184  -2.328  33.790 0.6000000238
58119  40.661  -0.777  32.473 0.6000000238
57190  40.197  -1.398  32.722 0.5000000000
57208  40.064  -1.230  31.071 0.5000000000
58940  41.347  0.831  41.298 0.6999999881
58023  41.963  0.716  40.705 0.6999999881
106880  42.374  -0.486  39.584 0.8999999762
58022  42.470  0.337  40.160 0.8000000119
113532  43.005  -0.370  39.644 1.0000000000
120595  43.362  -1.340  39.241 1.0000000000
56118  44.118  -2.726  38.674 1.0000000000
55178  43.603  -3.376  39.057 1.0000000000
55190  44.185  -3.525  38.427 1.0000000000
55191  43.738  -4.167  38.904 1.0000000000
57159  44.951  -1.519  35.930 1.0000000000
54241  44.054  -4.099  38.176 1.0000000000
54251  43.737  -4.531  37.915 1.0000000000
59878  47.414  1.656  33.971 0.8000000119
58098  45.773  -0.172  34.991 0.8999999762
56169  44.580  -2.165  36.337 1.0000000000
55217  43.842  -3.536  36.930 1.0000000000
54264  43.474  -4.190  37.232 1.0000000000
54252  43.126  -4.860  37.532 0.8999999762
60759  47.410  2.298  33.316 0.8000000119
59890  46.521  1.609  33.335 0.8000000119
59891  45.626  1.144  33.483 0.6999999881
54265  42.750  -4.457  36.881 0.8999999762
53330  42.373  -5.137  37.143 0.8000000119
60760  46.568  2.156  32.793 0.8000000119
59898  45.551  1.781  32.767 0.6999999881
55219  42.408  -4.036  36.381 0.8999999762
54266  41.905  -4.650  36.464 0.8000000119
59023  43.509  0.644  33.456 0.8000000119
59024  42.441  0.399  33.164 0.6999999881
59899  44.474  1.706  32.505 0.6999999881
59892  43.951  1.236  32.975 0.8000000119
59032  43.025  1.052  32.695 0.6999999881
59033  42.238  0.728  32.274 0.6999999881
59034  41.690  0.167  32.598 0.6999999881
59039  41.591  0.295  31.789 0.6000000238
58118  41.118  -0.248  32.188 0.6000000238
57197  40.123  -1.204  31.934 0.5000000000
61600  48.054  4.106  34.371 0.6000000238
62442  48.048  4.726  33.850 0.6000000238
58953  42.916  0.591  40.187 0.8999999762
58034  43.816  -0.676  39.185 0.8999999762
58035  43.411  0.390  39.759 0.8000000119
119112  48.123  3.410  34.439 0.8000000119
60744  48.023  2.658  34.874 0.8999999762
60729  47.665  2.788  35.611 0.8999999762
59851  46.910  1.403  36.361 0.8000000119
58977  45.918  -0.071  37.336 0.8999999762
58048  45.438  -0.737  37.714 0.8999999762
120461  44.433  -1.315  38.640 1.0000000000
57103  43.963  -1.785  38.908 0.8999999762
123670  47.771  1.797  34.720 0.8999999762
59864  47.724  1.823  35.337 0.8999999762
58989  46.786  0.535  36.189 0.8999999762
58077  46.009  -0.741  36.367 1.0000000000
58063  45.886  -0.848  36.965 1.0000000000
56133  44.979  -2.202  37.629 1.0000000000
56134  44.644  -2.885  38.046 1.0000000000
119758  48.144  4.858  33.150 0.6999999881
61614  48.220  3.911  33.785 0.6999999881
127990  47.309  1.133  34.584 0.8999999762
59003  46.919  0.513  35.630 0.8999999762
58089  46.047  -0.598  35.781 1.0000000000
57158  45.590  -1.195  36.151 1.0000000000
56149  45.182  -2.100  37.025 1.0000000000
56150  44.738  -2.734  37.395 1.0000000000
54250  44.079  -3.842  37.586 1.0000000000
61630  48.162  4.031  32.944 0.6999999881
60758  48.047  2.693  34.114 0.8999999762
108194  46.733  0.485  34.899 0.8999999762
58088  46.446  -0.009  35.518 0.8999999762
56159  45.176  -1.831  36.535 1.0000000000
56160  44.845  -2.526  36.897 1.0000000000
60773  47.362  2.938  32.579 0.8000000119
60774  46.146  2.461  32.234 0.6999999881
60775  45.089  2.201  32.049 0.6999999881
59907  44.168  2.000  31.766 0.8000000119
59900  43.574  1.563  32.238 0.6999999881
59908  43.394  1.715  31.373 0.8000000119
59901  42.780  1.295  31.839 0.6999999881
59909  42.726  1.291  30.844 0.6999999881
59038  42.170  0.794  31.325 0.6000000238
58126  41.020  -0.311  31.328 0.6000000238
59049  42.296  0.597  30.256 0.6000000238
60687  44.320  2.801  39.050 0.4000000060
59837  46.349  1.922  37.077 0.6999999881
59838  45.684  1.566  37.682 0.6999999881
124496  45.094  1.228  38.348 0.6999999881
59825  44.418  1.786  39.095 0.6999999881
110726  44.038  0.248  39.280 0.6999999881
58952  43.793  1.220  39.695 0.6000000238
63300  46.849  5.851  33.677 0.3000000119
62443  47.496  5.333  34.041 0.4000000060
61588  47.826  3.733  35.127 0.8000000119
124764  47.257  2.857  36.154 0.8000000119
116798  46.816  2.405  36.515 0.6999999881
58976  46.372  0.778  37.010 0.6999999881
126993  45.674  0.721  37.673 0.6999999881
58049  44.674  -0.446  38.580 0.8000000119
58965  44.521  0.724  38.870 0.8000000119
62455  47.935  5.322  33.288 0.3000000119
63320  46.941  6.211  32.762 0.3000000119
63319  47.635  6.073  32.177 0.3000000119
61644  48.095  4.957  32.409 0.6999999881
61631  47.742  3.881  32.202 0.5000000000
60782  46.855  3.243  31.811 0.5000000000
60783  45.765  2.774  31.563 0.6999999881
60784  44.786  2.483  31.302 0.6999999881
60785  43.968  2.167  30.900 0.8000000119
59917  43.358  1.655  30.342 0.6999999881
59918  42.884  0.985  29.735 0.6999999881
59072  43.726  -0.022  28.194 0.6000000238
61548  43.815  3.752  38.598 0.3000000119
62417  46.239  4.540  35.994 0.6000000238
62444  46.575  5.341  34.566 0.4000000060
62430  46.999  4.996  35.153 0.6000000238
62429  47.121  4.394  35.620 0.6000000238
61589  47.252  3.656  35.981 0.6999999881
61560  45.880  3.709  36.994 0.6999999881
126213  45.513  3.318  37.529 0.6999999881
60700  45.611  2.551  37.658 0.6999999881
59824  45.009  2.230  38.397 0.5000000000
62428  47.639  4.605  34.691 0.6000000238
60715  46.660  3.350  36.529 0.6999999881
60699  46.137  2.932  37.047 0.6999999881
62485  47.869  5.766  31.696 0.5000000000
62469  47.945  5.582  32.603 0.5000000000
114269  46.908  6.413  31.822 0.3000000119
61645  47.563  4.410  31.608 0.5000000000
61658  47.389  4.890  30.899 0.5000000000
62498  47.122  5.079  30.106 0.6000000238
61659  46.392  3.859  30.414 0.6999999881
61646  46.558  3.598  31.144 0.6999999881
61660  45.344  3.145  30.013 0.6000000238
60795  45.506  3.026  30.850 0.6999999881
60807  44.555  2.467  29.313 0.6000000238
60816  45.030  2.563  28.313 0.6000000238
59938  44.475  1.589  28.298 0.6000000238
116485  43.974  1.709  28.949 0.6999999881
59929  43.460  1.353  29.271 0.6999999881
59937  45.230  1.308  27.724 0.6000000238
59071  44.877  0.488  27.742 0.6000000238
59939  43.918  0.828  28.325 0.6000000238
59059  43.234  0.517  28.794 0.6000000238
59083  44.907  -0.268  27.551 0.5000000000
124239  46.239  4.966  35.329 0.5000000000
63333  47.439  6.215  31.217 0.2000000030
63335  45.504  6.160  31.491 0.3000000119
63334  46.803  6.581  30.958 0.3000000119
62497  47.573  6.020  30.710 0.5000000000
118036  45.759  0.461  27.507 0.5000000000
59081  46.588  0.203  27.293 0.4000000060
59082  45.699  -0.096  27.404 0.4000000060
58170  46.194  -0.372  27.041 0.4000000060
63377  47.231  7.183  29.050 0.4000000060
108034  47.338  6.723  28.505 0.3000000119
127301  46.796  5.447  27.940 0.3000000119
62524  47.192  6.226  29.063 0.3000000119
63361  47.219  6.839  29.509 0.2000000030
62514  46.817  5.047  29.277 0.4000000060
62513  47.321  6.165  29.865 0.4000000060
61694  46.361  4.677  28.284 0.4000000060
36285  21.010  -24.385  42.880 0.6000000238
36377  17.321  -25.039  35.625 0.4000000060
37083  20.695  -23.980  40.568 0.6000000238
36387  17.487  -24.803  34.487 0.4000000060
37102  19.544  -23.968  38.549 0.6999999881
38528  19.988  -21.775  49.171 0.2000000030
38503  20.249  -22.473  50.360 0.2000000030
36199  19.804  -24.427  50.201 0.3000000119
35388  18.370  -25.211  48.145 0.5000000000
36198  21.027  -23.682  50.213 0.2000000030
37007  21.769  -23.269  50.066 0.2000000030
35400  18.499  -25.323  47.383 0.5000000000
106630  20.537  -24.475  49.551 0.3000000119
35423  18.232  -25.198  45.807 0.5000000000
35411  18.695  -25.398  46.511 0.6000000238
35410  19.438  -25.459  46.316 0.6000000238
50311  36.448  -8.447  35.436 0.6000000238
49364  37.539  -9.358  36.604 0.5000000000
46558  41.592  -14.047  39.699 0.5000000000
46569  40.671  -13.632  39.277 0.6000000238
45641  42.650  -14.380  38.951 0.1000000015
110048  39.975  -13.307  37.918 0.5000000000
111977  37.352  -8.630  36.698 0.5000000000
46580  40.191  -13.609  37.137 0.4000000060
48506  38.341  -10.678  36.954 0.5000000000
46589  47.271  -12.995  36.623 0.1000000015
46575  46.014  -13.424  37.682 0.1000000015
46576  45.219  -13.756  38.353 0.1000000015
48507  38.057  -9.901  37.213 0.5000000000
51328  37.213  -7.849  36.658 0.6999999881
47602  44.991  -13.086  38.429 0.1000000015
46568  41.095  -14.241  38.524 0.2000000030
45639  44.844  -14.383  38.193 0.1000000015
29666  7.253  -32.561  41.429 0.1000000015
29665  7.789  -32.305  41.712 0.1000000015
30547  8.758  -31.866  42.475 0.1000000015
31386  5.609  -30.719  40.714 0.1000000015
31385  6.423  -30.500  40.574 0.2000000030
30569  7.804  -30.961  40.646 0.2000000030
33019  5.994  -28.788  41.552 0.2000000030
32986  5.983  -27.920  45.599 0.3000000119
32993  5.956  -27.903  44.666 0.4000000060
33848  6.751  -27.616  42.339 0.3000000119
33031  8.346  -28.102  40.612 0.4000000060
33030  9.155  -28.388  40.459 0.3000000119
34582  8.323  -26.182  50.489 0.3000000119
34592  8.401  -26.251  48.307 0.3000000119
119755  7.247  -27.014  46.466 0.3000000119
33857  8.143  -26.984  41.335 0.4000000060
33869  9.015  -27.539  40.553 0.4000000060
30591  19.790  -31.934  36.895 0.3000000119
33029  10.648  -28.450  40.560 0.2000000030
33028  11.707  -28.173  40.748 0.2000000030
33027  12.664  -28.147  40.751 0.3000000119
36182  11.970  -24.610  52.100 0.4000000060
35381  9.621  -25.424  49.636 0.3000000119
114250  7.936  -26.528  46.822 0.3000000119
34615  7.662  -26.542  44.331 0.4000000060
34611  7.685  -26.583  45.203 0.4000000060
33025  24.466  -28.339  40.449 0.2000000030
33864  24.983  -27.827  40.323 0.2000000030
33856  25.880  -27.670  41.357 0.1000000015
34622  8.262  -26.109  43.962 0.4000000060
34643  8.545  -26.332  41.567 0.3000000119
125975  21.905  -29.447  37.595 0.2000000030
30610  19.697  -31.020  35.701 0.3000000119
30609  20.308  -30.574  35.992 0.3000000119
35465  9.817  -25.745  40.713 0.4000000060
32216  13.551  -28.772  40.658 0.2000000030
33865  12.899  -27.724  40.121 0.4000000060
35463  11.266  -25.822  40.073 0.3000000119
37730  13.142  -23.153  53.356 0.4000000060
36978  13.514  -23.316  53.340 0.4000000060
36206  11.819  -24.648  49.211 0.3000000119
35441  8.798  -25.682  43.550 0.4000000060
32262  21.280  -29.535  36.488 0.2000000030
31429  20.077  -30.351  35.340 0.3000000119
31440  18.808  -30.524  34.605 0.3000000119
31403  15.412  -30.585  38.730 0.3000000119
37080  11.911  -23.957  41.174 0.4000000060
37738  13.074  -22.804  52.776 0.4000000060
33874  25.980  -27.033  39.859 0.2000000030
108873  9.856  -25.347  47.039 0.3000000119
120866  22.146  -28.451  36.677 0.2000000030
33897  22.900  -27.959  37.362 0.2000000030
36220  13.296  -24.496  49.238 0.4000000060
35414  10.543  -25.032  46.761 0.3000000119
35433  9.477  -25.252  43.882 0.4000000060
35432  10.299  -24.850  44.318 0.4000000060
35440  9.246  -25.318  42.998 0.4000000060
32274  20.509  -29.508  35.011 0.3000000119
32282  18.427  -29.937  34.045 0.3000000119
109374  29.153  -26.629  40.949 0.2000000030
33085  21.148  -28.662  35.128 0.2000000030
32280  19.954  -29.401  34.161 0.3000000119
32291  18.811  -29.373  33.595 0.3000000119
33111  17.897  -28.698  33.325 0.3000000119
33097  17.528  -29.103  33.850 0.3000000119
36233  14.857  -24.431  48.028 0.4000000060
37770  23.642  -22.136  49.573 0.2000000030
37735  16.235  -23.169  52.307 0.4000000060
34671  25.792  -26.791  39.021 0.2000000030
33910  22.616  -27.799  36.690 0.2000000030
33923  21.755  -27.888  35.283 0.2000000030
33108  20.062  -28.655  33.556 0.3000000119
33120  18.971  -28.293  32.770 0.3000000119
33110  18.542  -28.808  33.204 0.3000000119
34735  16.969  -27.076  34.042 0.4000000060
36277  13.559  -24.066  44.795 0.5000000000
36276  14.440  -23.995  44.641 0.5000000000
111635  13.820  -23.454  41.003 0.4000000060
119649  17.334  -23.944  51.908 0.3000000119
36188  17.653  -24.807  50.271 0.4000000060
34734  17.267  -26.732  33.568 0.4000000060
36376  17.902  -24.403  36.053 0.4000000060
34727  17.037  -26.288  34.192 0.4000000060
37084  19.926  -24.501  40.223 0.6000000238
36366  18.062  -24.528  36.977 0.6000000238
34682  26.506  -26.408  38.483 0.2000000030
108128  24.265  -26.851  37.579 0.2000000030
36244  21.163  -24.710  46.797 0.6000000238
34743  17.663  -26.734  32.892 0.4000000060
113238  18.177  -26.982  32.463 0.3000000119
120054  18.402  -24.812  38.985 0.6000000238
36290  15.778  -23.866  43.654 0.5000000000
122257  19.037  -24.820  50.008 0.4000000060
127993  23.280  -26.578  35.867 0.2000000030
33962  18.659  -27.546  32.455 0.3000000119
33961  19.515  -27.718  32.528 0.3000000119
35571  17.413  -26.069  33.349 0.4000000060
36397  17.689  -24.630  33.566 0.4000000060
36402  28.991  -24.074  32.978 0.2000000030
37753  21.038  -22.459  50.183 0.3000000119
36995  21.122  -22.905  50.359 0.2000000030
35387  19.222  -25.267  48.145 0.4000000060
36214  21.003  -24.658  48.564 0.4000000060
35409  20.095  -25.342  46.132 0.5000000000
33946  21.258  -27.232  33.512 0.2000000030
33976  19.267  -27.155  32.153 0.3000000119
36287  19.694  -25.233  43.679 0.5000000000
125126  17.746  -25.962  32.727 0.4000000060
119926  19.179  -25.123  42.421 0.5000000000
34692  30.016  -25.965  37.979 0.2000000030
37136  18.339  -23.753  35.478 0.4000000060
37124  18.530  -23.920  36.411 0.4000000060
38514  20.757  -21.982  49.977 0.2000000030
115358  24.592  -22.500  48.651 0.6999999881
121644  24.205  -22.976  46.951 0.6999999881
37823  23.538  -22.848  44.552 0.6999999881
124111  19.866  -25.269  47.633 0.5000000000
127902  27.956  -26.176  38.427 0.2000000030
121630  22.129  -26.888  34.542 0.2000000030
34718  23.456  -26.214  35.335 0.2000000030
34708  24.501  -26.123  36.342 0.2000000030
120040  18.466  -24.902  43.241 0.5000000000
33960  21.697  -26.533  33.154 0.3000000119
34755  19.401  -26.559  31.778 0.3000000119
36410  17.950  -24.580  32.734 0.4000000060
35522  28.537  -25.522  36.420 0.2000000030
35547  27.373  -25.099  34.819 0.2000000030
36395  26.878  -24.666  33.204 0.2000000030
34679  29.471  -26.181  38.613 0.2000000030
35422  18.959  -25.421  45.684 0.6000000238
34696  26.342  -26.130  37.637 0.2000000030
35437  18.857  -25.112  43.583 0.5000000000
34725  23.421  -25.912  34.581 0.2000000030
35579  18.781  -25.964  31.716 0.3000000119
37884  18.697  -23.161  34.879 0.5000000000
36407  24.710  -24.569  32.280 0.2000000030
36430  23.362  -24.189  30.536 0.2000000030
36428  25.062  -24.007  30.930 0.2000000030
37251  21.195  -23.387  28.653 0.2000000030
119325  22.288  -23.825  29.039 0.2000000030
37224  22.934  -23.626  28.789 0.2000000030
37205  24.842  -23.745  30.095 0.2000000030
37986  21.462  -22.445  28.020 0.2000000030
37265  23.464  -23.015  27.685 0.2000000030
37247  25.264  -23.213  28.457 0.2000000030
40370  24.502  -19.744  32.549 0.5000000000
37822  24.100  -22.527  44.379 0.6999999881
37843  23.485  -22.354  42.231 0.6999999881
35505  27.959  -25.753  37.117 0.2000000030
34705  27.048  -25.811  37.002 0.3000000119
35525  25.938  -25.629  36.027 0.3000000119
35536  26.640  -25.381  35.405 0.2000000030
35560  22.851  -25.620  33.156 0.3000000119
35551  23.874  -25.541  34.095 0.3000000119
34732  23.118  -25.802  33.941 0.3000000119
34754  20.119  -26.247  31.541 0.3000000119
37159  18.127  -23.803  33.250 0.4000000060
35578  19.225  -25.345  31.233 0.4000000060
35565  24.848  -24.838  32.944 0.2000000030
36421  18.841  -24.588  31.315 0.4000000060
37963  20.286  -22.502  29.211 0.3000000119
37266  22.671  -22.819  27.629 0.2000000030
37246  25.996  -23.102  28.531 0.2000000030
121934  21.837  -20.214  28.054 0.2000000030
38015  23.811  -22.627  27.080 0.2000000030
38587  27.629  -21.365  44.569 0.8000000119
38619  26.273  -21.437  42.846 0.6999999881
37859  21.563  -22.309  38.077 0.6999999881
35549  25.589  -25.275  34.384 0.3000000119
35550  24.696  -25.369  34.233 0.3000000119
35575  22.620  -25.099  31.884 0.2000000030
35568  22.577  -25.459  32.488 0.3000000119
124357  23.231  -24.743  31.799 0.2000000030
35585  21.091  -25.145  30.626 0.4000000060
39557  20.723  -21.008  30.415 0.3000000119
114297  22.355  -19.626  27.928 0.2000000030
38822  22.828  -21.614  26.655 0.2000000030
41309  23.360  -19.049  29.300 0.3000000119
106558  24.143  -18.883  29.893 0.4000000060
38633  25.370  -21.521  41.669 0.6999999881
38632  26.661  -21.180  41.501 0.6999999881
37852  23.241  -22.086  40.465 0.6999999881
36432  21.209  -24.574  29.973 0.2000000030
36444  21.221  -24.171  29.427 0.2000000030
37226  20.761  -23.738  29.143 0.3000000119
120201  20.713  -24.226  29.648 0.3000000119
37206  19.372  -23.276  30.467 0.3000000119
39542  21.468  -20.610  31.558 0.3000000119
39406  29.686  -20.754  43.479 0.6999999881
39435  27.383  -21.064  41.391 0.6999999881
121048  27.692  -20.897  40.635 0.6999999881
39528  22.377  -20.456  32.661 0.4000000060
42176  25.987  -18.432  31.219 0.4000000060
40252  31.744  -19.863  42.449 0.6999999881
40274  32.133  -19.208  40.928 0.8000000119
39449  28.452  -20.624  40.481 0.6999999881
39450  27.919  -20.666  39.959 0.6999999881
40296  29.633  -19.709  39.367 0.6999999881
39462  28.129  -20.429  39.308 0.6999999881
40294  31.082  -19.111  39.703 0.8000000119
40312  29.316  -19.344  38.195 0.6999999881
109980  27.330  -18.645  33.779 0.5000000000
127903  32.293  -19.917  44.171 0.8000000119
113979  28.410  -20.107  38.686 0.6999999881
39473  25.583  -20.829  37.736 0.6999999881
42180  26.667  -17.659  30.368 0.4000000060
42174  28.043  -17.350  31.772 0.4000000060
42075  34.349  -17.597  40.167 0.6999999881
39489  25.297  -20.377  35.713 0.6000000238
42107  32.043  -17.537  37.289 0.8000000119
42065  34.773  -16.884  42.186 0.6999999881
119179  34.714  -16.847  41.561 0.6999999881
42130  31.483  -17.162  35.802 0.6999999881
42987  32.980  -16.291  35.439 0.8000000119
42170  28.457  -17.270  32.271 0.4000000060
43923  26.585  -15.863  24.655 0.2000000030
43141  28.235  -16.560  21.832 0.1000000015
43127  27.549  -16.675  22.243 0.1000000015
121125  28.917  -16.666  21.590 0.1000000015
42986  33.383  -16.097  36.010 0.8000000119
43844  31.840  -15.823  33.049 0.6000000238
43857  32.026  -15.002  32.305 0.5000000000
113639  30.109  -15.834  30.996 0.5000000000
43883  30.642  -15.230  30.543 0.5000000000
43045  29.554  -16.398  31.616 0.5000000000
43874  29.182  -16.272  30.736 0.5000000000
43888  28.813  -15.946  29.384 0.5000000000
43889  28.295  -15.917  28.637 0.5000000000
109898  29.208  -15.260  28.697 0.5000000000
43050  28.428  -16.730  30.762 0.5000000000
43046  28.645  -16.856  31.509 0.5000000000
43054  28.559  -16.404  30.111 0.5000000000
43893  27.714  -15.850  27.805 0.5000000000
44836  28.781  -14.817  27.433 0.4000000060
44842  28.337  -14.423  26.231 0.1000000015
43922  27.120  -15.270  25.046 0.1000000015
44756  33.158  -14.855  35.352 0.8000000119
43824  33.077  -15.257  34.728 0.8000000119
45703  31.721  -13.902  31.640 0.6000000238
44805  31.205  -14.256  30.502 0.5000000000
106335  30.752  -14.264  29.765 0.5000000000
44827  30.192  -14.137  28.687 0.5000000000
44828  29.706  -14.531  28.390 0.5000000000
45779  28.480  -13.418  24.320 0.1000000015
44871  28.036  -14.313  22.957 0.1000000015
45598  33.849  -14.176  40.028 0.8000000119
114368  31.956  -13.677  32.811 0.6999999881
45712  31.421  -13.738  30.873 0.5000000000
45750  30.121  -13.273  27.904 0.3000000119
107087  30.670  -13.043  29.007 0.3000000119
45758  29.393  -13.403  26.690 0.2000000030
46537  34.280  -13.070  42.001 0.8000000119
45627  33.056  -13.944  37.872 0.8000000119
46629  31.458  -12.931  33.029 0.6999999881
46734  29.734  -12.671  26.608 0.1000000015
124130  29.647  -12.236  25.861 0.1000000015
47554  34.296  -11.867  42.671 0.6999999881
46553  32.845  -12.753  39.292 0.8000000119
46582  31.665  -12.572  36.317 0.6999999881
47656  30.656  -11.506  32.447 0.6000000238
117949  30.685  -11.659  30.855 0.5000000000
47717  30.604  -11.430  28.719 0.3000000119
48606  30.796  -10.466  28.621 0.3000000119
48473  33.942  -11.309  42.100 0.8000000119
116544  32.939  -12.128  40.009 0.8000000119
47596  31.683  -10.998  37.524 0.6000000238
47621  30.989  -12.040  35.430 0.6999999881
48557  30.677  -10.467  32.909 0.6999999881
49429  30.914  -9.935  31.512 0.5000000000
48594  30.967  -10.068  29.161 0.3000000119
49310  34.556  -9.929  43.553 0.8000000119
122452  34.033  -10.606  42.304 0.8000000119
48466  34.321  -10.274  42.865 0.8000000119
48483  33.203  -10.566  40.628 0.8000000119
48519  31.179  -10.187  36.314 0.6999999881
49407  30.985  -9.693  33.510 0.6999999881
49428  31.425  -9.268  31.927 0.5000000000
49451  31.489  -9.385  29.260 0.3000000119
46642  39.592  -12.724  32.355 0.3000000119
47655  37.985  -11.141  32.263 0.2000000030
47682  38.100  -11.612  31.057 0.2000000030
50254  34.726  -8.988  43.658 0.6999999881
116586  34.294  -8.980  42.188 0.8000000119
112172  33.199  -9.666  40.345 0.6999999881
49330  33.517  -8.859  40.468 0.6999999881
49346  32.294  -9.784  38.508 0.6999999881
49355  31.773  -9.634  37.372 0.6999999881
50390  32.458  -8.515  31.893 0.5000000000
50406  32.719  -8.463  30.391 0.3000000119
46625  41.625  -13.388  33.359 0.1000000015
48565  37.186  -9.930  32.247 0.4000000060
48573  37.118  -10.071  31.329 0.3000000119
50386  36.034  -8.749  31.270 0.4000000060
114306  33.164  -8.302  29.820 0.2000000030
48582  37.385  -10.978  29.970 0.1000000015
51239  35.254  -7.540  44.749 0.6999999881
50289  32.959  -8.250  38.992 0.6999999881
107711  32.260  -8.592  37.770 0.6999999881
50304  31.687  -8.811  36.400 0.6999999881
51346  33.030  -7.181  35.229 0.6999999881
51360  34.042  -7.597  34.310 0.6000000238
51377  33.831  -7.863  33.702 0.6000000238
50338  33.273  -8.054  33.235 0.6000000238
50321  35.673  -8.338  34.081 0.5000000000
50360  36.067  -8.724  32.219 0.5000000000
124660  34.392  -8.063  31.814 0.4000000060
49404  37.229  -9.829  34.119 0.5000000000
50336  36.072  -8.664  33.231 0.5000000000
46606  43.303  -13.606  34.667 0.1000000015
46626  40.144  -13.294  33.602 0.2000000030
45686  40.641  -13.674  34.323 0.2000000030
47642  38.294  -11.250  33.606 0.4000000060
46628  38.833  -11.981  33.665 0.5000000000
48556  37.720  -10.539  33.642 0.4000000060
47643  38.046  -11.004  32.977 0.4000000060
49419  37.218  -9.884  33.179 0.4000000060
50421  34.624  -8.209  29.499 0.2000000030
52258  35.352  -6.769  45.167 0.4000000060
52271  35.618  -6.718  44.566 0.6000000238
51254  35.212  -7.239  43.091 0.8000000119
126134  34.686  -7.629  41.953 0.8000000119
51272  34.503  -7.415  41.290 0.8000000119
50273  34.034  -8.133  40.926 0.8000000119
51303  32.643  -8.038  38.249 0.6999999881
52366  33.898  -6.041  37.937 0.8000000119
51330  32.803  -7.034  36.922 0.6999999881
52396  34.385  -6.717  35.296 0.8000000119
51344  35.341  -7.629  35.007 0.6999999881
112345  36.323  -8.682  34.728 0.5000000000
50310  37.010  -8.893  36.035 0.5000000000
48518  37.794  -10.072  36.386 0.5000000000
48532  37.701  -10.223  35.536 0.5000000000
49388  37.266  -9.697  35.010 0.5000000000
48517  38.178  -10.767  36.067 0.5000000000
48531  38.208  -10.950  35.128 0.5000000000
47606  38.661  -11.418  36.609 0.5000000000
48545  38.091  -10.896  34.275 0.5000000000
45660  40.412  -13.821  36.153 0.2000000030
45643  40.825  -14.162  37.220 0.2000000030
47619  39.071  -12.113  36.096 0.5000000000
46593  39.699  -13.124  35.976 0.4000000060
119697  36.133  -5.806  43.743 0.6999999881
52282  35.694  -6.524  43.646 0.6000000238
53301  34.626  -5.852  39.251 0.8000000119
107710  43.299  -14.435  38.450 0.1000000015
45640  44.273  -14.337  38.309 0.1000000015
45658  42.296  -14.724  37.772 0.1000000015
54194  36.982  -4.701  44.207 0.6000000238
54225  35.903  -4.777  40.258 0.8000000119
108268  36.251  -4.162  39.743 0.8000000119
55208  36.714  -3.683  37.405 0.8999999762
54268  36.547  -4.470  36.555 0.8999999762
54267  37.167  -4.653  36.487 0.8999999762
114542  36.863  -5.749  36.143 0.8000000119
126110  37.103  -7.084  36.460 0.6999999881
52380  36.631  -6.432  36.025 0.8000000119
47593  39.664  -12.552  38.498 0.5000000000
47613  47.283  -12.074  36.817 0.1000000015
46552  41.184  -12.954  40.680 0.6000000238
46574  46.790  -12.691  37.232 0.1000000015
49398  45.791  -8.948  34.450 0.1000000015
47591  42.264  -13.455  39.757 0.4000000060
45611  42.196  -14.042  39.752 0.4000000060
49399  44.898  -9.069  34.011 0.1000000015
46579  43.307  -14.021  39.221 0.1000000015
47592  42.261  -12.627  38.896 0.2000000030
110295  42.842  -10.970  34.774 0.1000000015
47617  42.335  -12.034  37.023 0.1000000015
124123  41.865  -12.221  39.080 0.3000000119
48516  40.770  -10.927  36.417 0.2000000030
49352  40.746  -10.030  37.860 0.3000000119
127370  36.929  -3.820  41.011 0.8000000119
55182  37.171  -3.061  39.624 0.8999999762
52348  39.243  -6.444  38.549 0.8000000119
52347  39.739  -6.773  39.362 0.8000000119
49336  39.413  -9.463  39.848 0.6999999881
51315  37.752  -7.304  37.167 0.8000000119
50302  36.730  -8.165  36.101 0.6000000238
118565  37.871  -9.111  37.375 0.5000000000
47569  40.993  -11.568  41.167 0.6999999881
47577  41.401  -12.508  40.570 0.5000000000
126012  41.128  -10.224  38.682 0.4000000060
55133  37.868  -3.413  44.084 0.6000000238
56138  38.494  -2.143  38.049 0.8999999762
119500  38.093  -3.065  37.378 0.8999999762
56137  39.253  -2.204  37.865 0.8999999762
55205  39.548  -3.137  37.700 0.8999999762
54243  39.396  -4.169  37.668 0.8999999762
53299  40.023  -5.933  39.151 0.8000000119
114042  37.974  -3.692  36.991 0.8999999762
54254  37.802  -4.507  36.755 0.8999999762
49328  40.908  -9.885  41.316 0.6999999881
112760  41.113  -8.316  41.194 0.6999999881
51269  41.526  -7.821  40.906 0.6999999881
118080  41.381  -8.776  41.065 0.6999999881
49320  41.164  -9.560  41.254 0.6999999881
48472  41.119  -10.171  41.269 0.6999999881
48481  41.153  -10.861  41.130 0.6999999881
106461  41.612  -9.430  39.881 0.6999999881
52363  40.774  -6.765  36.853 0.6000000238
57089  38.814  -1.377  40.560 0.8999999762
57108  38.866  -1.392  39.279 0.8999999762
56122  38.149  -2.008  38.874 0.8999999762
56136  40.265  -2.420  38.122 0.8999999762
55193  41.055  -3.308  38.642 0.8999999762
54242  40.765  -4.248  38.793 0.8999999762
53297  41.497  -5.507  40.129 0.8999999762
52332  40.955  -6.764  40.614 0.8000000119
52333  40.341  -6.707  39.982 0.8000000119
52316  41.609  -6.942  40.782 0.6999999881
51268  41.943  -7.385  40.668 0.6999999881
50270  41.865  -7.978  40.629 0.6999999881
123930  40.025  -2.937  34.143 0.6000000238
55240  39.673  -3.539  34.200 0.6000000238
56211  39.023  -2.189  30.896 0.4000000060
57074  39.297  -0.993  41.449 0.6999999881
57106  40.757  -0.621  39.276 0.8999999762
119881  41.642  -0.426  39.544 0.8999999762
56121  42.002  -2.385  39.046 0.8999999762
55192  41.781  -3.307  39.110 0.8999999762
108826  42.439  -4.450  39.798 0.8999999762
110158  42.842  -4.832  39.822 0.8999999762
114225  43.043  -5.435  39.793 0.8000000119
53296  42.989  -5.999  39.513 0.8000000119
52346  42.216  -6.948  38.780 0.6999999881
58024  40.673  0.135  41.106 0.6999999881
126312  42.003  0.134  40.080 0.8000000119
56119  43.387  -2.342  39.169 1.0000000000
54231  43.360  -4.802  39.380 0.8999999762
122163  43.609  -4.733  38.588 0.8999999762
58090  44.444  -1.083  35.299 1.0000000000
57161  43.193  -1.974  35.458 0.8999999762
53317  43.361  -5.176  38.295 0.8999999762
111876  44.229  -2.857  36.657 1.0000000000
55229  42.569  -3.404  36.099 0.8999999762
53318  42.782  -5.539  37.873 0.8000000119
59879  46.621  0.984  34.012 0.8999999762
58100  43.817  -0.587  34.656 0.8999999762
57171  42.581  -1.475  34.840 0.8999999762
58101  41.943  -0.951  34.174 0.6999999881
59025  41.756  -0.077  33.173 0.6999999881
56183  40.640  -2.700  34.473 0.6000000238
58938  42.556  1.100  40.657 0.6000000238
58939  41.919  1.600  41.269 0.6000000238
55204  44.402  -3.403  37.792 1.0000000000
60772  48.036  3.181  33.367 0.8000000119
123398  44.803  1.343  33.084 0.6999999881
120171  40.645  -0.642  31.917 0.6000000238
58937  43.134  1.203  40.346 0.6000000238
59850  47.417  1.992  35.941 0.8000000119
58988  47.320  1.137  35.723 0.8999999762
58062  46.323  -0.154  36.617 0.8999999762
57137  45.415  -1.525  37.283 1.0000000000
58964  45.279  0.213  38.124 0.6999999881
57122  45.024  -1.457  38.039 1.0000000000
111586  44.598  -2.107  38.354 1.0000000000
59002  47.436  1.092  35.207 0.8999999762
58076  46.483  -0.125  36.029 0.8999999762
57149  45.557  -1.377  36.706 1.0000000000
55216  44.435  -3.166  37.239 1.0000000000
61535  43.982  3.352  39.139 0.4000000060
59812  43.767  2.214  39.768 0.5000000000
125062  43.333  1.833  40.310 0.5000000000
63321  45.648  5.987  32.442 0.3000000119
61674  46.150  3.950  29.621 0.6999999881
60796  44.628  2.577  30.422 0.6999999881
61675  45.302  3.131  29.244 0.6000000238
60797  43.940  2.041  29.883 0.6000000238
123438  44.329  0.069  27.871 0.6000000238
58172  44.655  -0.730  27.331 0.4000000060
63347  47.194  6.483  30.219 0.4000000060
37754  20.387  -22.839  50.524 0.2000000030
127809  20.374  -23.935  50.397 0.2000000030
36215  19.603  -24.958  49.262 0.4000000060
35399  19.287  -25.437  47.148 0.5000000000
46577  44.648  -13.785  38.629 0.1000000015
127849  40.234  -13.689  36.568 0.2000000030
38524  25.631  -21.261  49.029 0.5000000000
38525  24.829  -21.318  49.281 0.4000000060
39355  24.701  -20.607  49.155 0.2000000030
36186  19.750  -23.706  50.803 0.2000000030
36996  20.444  -23.321  50.586 0.2000000030
38541  26.045  -21.587  48.514 0.5000000000
39354  25.513  -20.651  49.033 0.4000000060
39346  23.546  -21.149  49.449 0.2000000030
40194  25.273  -19.971  48.849 0.3000000119
39356  23.805  -20.518  49.009 0.2000000030
107763  23.172  -20.346  48.306 0.2000000030
40193  26.241  -19.980  48.797 0.4000000060
40205  24.862  -19.481  48.019 0.2000000030
40203  27.314  -19.112  48.305 0.3000000119
114796  26.602  -19.244  48.396 0.3000000119
40204  25.753  -19.361  48.284 0.2000000030
36990  19.272  -23.287  51.145 0.1000000015
36200  19.241  -24.262  50.677 0.2000000030
36997  19.900  -23.164  50.851 0.1000000015
111857  22.843  -20.786  48.993 0.1000000015
38542  21.867  -20.983  48.454 0.1000000015
114872  23.688  -20.072  48.212 0.2000000030
39357  22.461  -20.519  47.848 0.2000000030
39366  21.617  -20.787  47.303 0.1000000015
40195  24.398  -20.002  48.606 0.2000000030
39365  23.145  -20.061  47.326 0.2000000030
114905  22.249  -20.379  46.697 0.1000000015
41120  26.892  -18.748  47.929 0.3000000119
41121  26.199  -18.823  47.626 0.3000000119
40213  25.345  -19.004  47.276 0.2000000030
40216  22.899  -19.934  46.122 0.2000000030
121401  24.025  -19.463  46.101 0.2000000030
40215  23.680  -19.677  46.549 0.2000000030
26279  1.685  -37.299  44.423 0.1000000015
25503  1.728  -37.966  43.860 0.1000000015
122506  2.290  -38.151  43.423 0.1000000015
25517  2.814  -38.345  42.942 0.1000000015
27052  1.241  -36.993  45.195 0.1000000015
25516  3.848  -38.354  42.457 0.1000000015
37755  19.577  -22.872  50.856 0.1000000015
38527  21.124  -21.525  49.023 0.1000000015
38543  20.997  -21.215  47.791 0.1000000015
38558  20.281  -21.331  47.118 0.1000000015
39367  20.918  -21.026  46.929 0.1000000015
39374  22.107  -20.264  45.638 0.1000000015
40214  24.464  -19.325  46.767 0.2000000030
39375  21.314  -20.693  46.195 0.1000000015
41133  25.892  -18.598  46.592 0.2000000030
41134  25.076  -18.885  46.171 0.2000000030
40225  23.598  -19.566  45.516 0.2000000030
40232  24.150  -19.189  44.805 0.1000000015
40226  22.741  -19.843  45.124 0.1000000015
25518  2.106  -38.323  43.325 0.1000000015
27043  1.552  -36.284  45.802 0.1000000015
27051  1.858  -36.397  44.882 0.1000000015
108708  1.959  -35.369  47.038 0.1000000015
127113  18.625  -23.355  51.443 0.1000000015
117158  18.737  -23.054  51.375 0.1000000015
38504  19.514  -22.403  50.475 0.1000000015
37756  18.777  -22.626  50.998 0.1000000015
38505  18.060  -22.351  50.490 0.1000000015
38515  19.316  -21.989  49.764 0.1000000015
119283  18.838  -22.246  50.278 0.1000000015
111190  19.074  -21.866  48.917 0.1000000015
38544  20.190  -21.519  48.060 0.1000000015
113943  19.288  -21.730  48.149 0.1000000015
124289  30.181  -18.683  47.193 0.3000000119
41117  29.407  -18.912  47.547 0.3000000119
119907  19.462  -21.567  47.265 0.1000000015
41130  28.598  -18.166  47.182 0.2000000030
39376  20.440  -21.085  46.351 0.1000000015
41131  27.724  -18.110  46.875 0.3000000119
39386  21.292  -20.458  45.093 0.1000000015
39387  20.553  -20.849  45.587 0.1000000015
41119  27.509  -18.587  47.717 0.3000000119
41143  26.415  -18.265  45.942 0.3000000119
41145  24.878  -18.821  45.179 0.1000000015
40234  22.555  -19.789  44.409 0.1000000015
39385  22.046  -20.061  44.777 0.1000000015
35359  9.239  -25.012  53.772 0.3000000119
26271  1.164  -37.514  44.516 0.1000000015
25533  1.662  -38.304  43.118 0.1000000015
25532  2.341  -38.425  42.800 0.1000000015
35366  8.711  -25.566  53.028 0.3000000119
34568  8.043  -26.012  53.364 0.3000000119
27885  1.722  -35.765  46.513 0.1000000015
25544  3.942  -38.587  42.124 0.1000000015
121454  2.417  -34.224  47.183 0.1000000015
34573  7.577  -26.534  52.607 0.3000000119
29600  2.980  -32.968  48.650 0.1000000015
36991  18.104  -23.201  51.693 0.1000000015
32959  6.089  -28.041  50.625 0.3000000119
32956  5.552  -28.667  51.123 0.2000000030
31278  3.782  -31.230  49.327 0.1000000015
121328  18.211  -22.930  51.530 0.1000000015
125122  18.189  -22.649  51.162 0.1000000015
38517  17.382  -22.234  49.435 0.1000000015
38529  18.437  -21.897  48.271 0.1000000015
38545  18.616  -21.758  47.415 0.1000000015
41129  29.384  -18.390  47.299 0.2000000030
115753  28.175  -18.491  47.592 0.4000000060
38559  19.681  -21.379  46.476 0.1000000015
124707  20.948  -20.425  44.436 0.1000000015
40233  23.289  -19.483  44.404 0.1000000015
40243  22.609  -19.623  43.648 0.1000000015
39395  21.522  -20.186  44.306 0.1000000015
39396  20.466  -20.698  44.824 0.1000000015
40244  21.684  -19.954  43.546 0.1000000015
39408  21.012  -20.261  43.859 0.1000000015
40255  22.149  -19.642  42.785 0.1000000015
27872  1.198  -35.874  47.150 0.1000000015
26262  0.927  -37.087  45.185 0.1000000015
27860  2.038  -35.012  48.216 0.1000000015
25504  1.182  -37.930  44.026 0.1000000015
28701  2.143  -34.644  48.878 0.1000000015
25519  1.133  -38.009  43.423 0.1000000015
26297  3.274  -37.963  41.506 0.1000000015
35360  8.429  -25.321  54.048 0.3000000119
30474  3.877  -31.453  50.391 0.1000000015
37742  17.527  -23.112  51.826 0.2000000030
33791  7.142  -27.021  51.937 0.3000000119
31277  4.208  -30.528  49.755 0.1000000015
34569  7.361  -26.485  53.648 0.3000000119
33787  7.003  -27.082  52.926 0.2000000030
32955  6.076  -28.111  51.641 0.2000000030
37757  17.557  -22.724  51.348 0.1000000015
37743  16.863  -22.967  51.975 0.1000000015
34562  7.671  -25.802  54.324 0.3000000119
37758  16.556  -22.606  51.200 0.1000000015
37773  16.161  -22.418  50.128 0.1000000015
36156  8.417  -24.313  54.548 0.3000000119
35355  7.941  -25.110  54.731 0.3000000119
37772  17.057  -22.434  50.349 0.1000000015
42017  29.155  -17.900  46.606 0.2000000030
114987  16.609  -22.328  49.487 0.1000000015
42018  28.345  -17.892  46.372 0.2000000030
111191  17.565  -22.055  48.445 0.1000000015
38530  16.677  -22.215  48.643 0.1000000015
42030  27.682  -17.862  45.784 0.2000000030
38547  16.814  -22.024  47.625 0.1000000015
38546  17.786  -21.905  47.553 0.1000000015
41142  27.085  -18.038  46.198 0.2000000030
38574  19.268  -21.357  45.800 0.1000000015
41144  25.642  -18.532  45.567 0.2000000030
106725  20.376  -20.533  44.112 0.1000000015
40242  23.376  -19.273  43.538 0.1000000015
40245  21.024  -20.128  43.282 0.1000000015
40256  21.334  -19.919  42.755 0.1000000015
27886  1.150  -36.286  46.399 0.1000000015
27044  0.991  -36.690  45.841 0.1000000015
27861  1.210  -35.495  47.967 0.1000000015
27031  0.857  -35.736  47.094 0.1000000015
27045  0.856  -36.633  45.667 0.1000000015
28685  2.446  -33.988  49.402 0.1000000015
127582  1.218  -37.876  42.835 0.1000000015
28795  0.744  -33.545  42.107 0.1000000015
30466  3.433  -32.267  50.963 0.1000000015
26298  2.372  -38.120  41.980 0.1000000015
28810  1.013  -33.871  41.311 0.1000000015
31273  4.222  -30.883  51.917 0.1000000015
26305  4.770  -37.705  40.990 0.1000000015
27084  3.946  -36.963  40.573 0.1000000015
27977  2.267  -34.336  39.639 0.1000000015
116174  5.381  -28.882  53.288 0.2000000030
36155  9.570  -24.006  54.447 0.3000000119
33780  6.101  -27.498  54.509 0.2000000030
33781  5.498  -27.405  54.993 0.2000000030
117498  9.014  -23.884  54.462 0.3000000119
35350  7.129  -25.362  55.009 0.2000000030
36151  6.914  -24.961  55.070 0.2000000030
34559  5.963  -26.117  55.304 0.2000000030
36980  9.391  -23.634  53.951 0.3000000119
36974  8.171  -23.997  54.558 0.3000000119
36982  7.640  -23.976  54.085 0.2000000030
38518  15.827  -22.349  49.065 0.1000000015
37741  9.712  -23.389  52.949 0.3000000119
36987  9.119  -23.579  52.035 0.2000000030
117512  8.330  -23.829  52.239 0.2000000030
42028  30.821  -17.601  46.412 0.3000000119
42029  29.851  -17.649  45.912 0.3000000119
42016  30.112  -17.993  46.953 0.3000000119
121667  31.533  -17.523  46.529 0.3000000119
115610  15.934  -22.200  48.047 0.1000000015
106908  31.034  -18.153  46.895 0.3000000119
42031  26.905  -17.926  45.368 0.3000000119
113942  17.326  -21.874  46.838 0.1000000015
118507  18.054  -21.792  46.893 0.1000000015
38560  18.755  -21.608  46.518 0.1000000015
39389  19.034  -21.238  45.043 0.1000000015
38575  18.441  -21.532  45.639 0.1000000015
38561  17.858  -21.736  46.228 0.1000000015
38562  17.029  -21.825  46.076 0.1000000015
39410  19.593  -20.649  43.602 0.1000000015
39397  19.696  -20.858  44.510 0.1000000015
40257  20.602  -20.158  42.769 0.1000000015
39409  20.446  -20.354  43.432 0.1000000015
39398  18.817  -21.040  44.218 0.1000000015
38590  18.188  -21.410  44.828 0.1000000015
39422  19.975  -20.374  42.931 0.1000000015
39423  19.244  -20.513  42.719 0.1000000015
39411  18.501  -20.845  43.282 0.1000000015
27845  1.453  -34.505  49.430 0.1000000015
27039  0.893  -36.252  46.396 0.1000000015
26291  0.747  -37.546  43.800 0.1000000015
27844  1.903  -34.566  49.364 0.1000000015
122334  0.540  -32.642  43.799 0.1000000015
36153  12.095  -23.832  53.729 0.3000000119
126122  11.548  -24.129  54.150 0.3000000119
29591  2.501  -33.570  50.160 0.1000000015
29582  2.996  -32.977  50.549 0.1000000015
122121  0.669  -34.385  42.043 0.1000000015
30465  3.834  -31.572  51.429 0.1000000015
27978  1.748  -34.103  39.963 0.1000000015
27962  1.364  -34.743  40.821 0.1000000015
123504  11.041  -23.803  54.048 0.3000000119
117461  10.322  -24.023  54.352 0.3000000119
32116  5.027  -28.790  54.232 0.1000000015
108272  3.041  -36.683  40.629 0.1000000015
37732  10.930  -23.151  53.498 0.3000000119
37728  10.705  -23.647  54.013 0.3000000119
34560  5.319  -26.344  55.187 0.2000000030
107261  15.305  -22.638  51.924 0.2000000030
37760  14.687  -22.506  51.215 0.3000000119
110923  11.464  -22.971  53.004 0.3000000119
37733  10.266  -23.476  53.722 0.3000000119
36164  7.270  -24.137  53.136 0.2000000030
36152  6.270  -25.048  55.130 0.2000000030
37759  15.544  -22.489  50.925 0.2000000030
37749  10.837  -22.930  51.593 0.3000000119
37740  10.694  -23.118  52.817 0.3000000119
37000  7.946  -24.131  50.655 0.2000000030
37774  15.425  -22.404  49.847 0.1000000015
37775  14.638  -22.429  50.051 0.1000000015
37764  11.094  -22.852  50.659 0.2000000030
37765  10.236  -23.158  50.678 0.1000000015
36992  9.333  -23.520  51.008 0.2000000030
36999  8.686  -23.797  50.345 0.1000000015
42039  27.514  -17.743  44.651 0.2000000030
37786  15.028  -22.384  49.235 0.1000000015
113884  10.741  -22.943  50.060 0.1000000015
37780  10.211  -23.143  49.685 0.1000000015
36998  9.489  -23.496  50.029 0.1000000015
42027  32.161  -17.028  46.355 0.3000000119
42881  31.389  -16.973  45.946 0.3000000119
42036  30.561  -17.265  45.301 0.3000000119
42040  26.680  -17.894  44.617 0.3000000119
37778  12.012  -22.607  49.174 0.1000000015
107839  11.412  -22.783  49.824 0.1000000015
37779  10.794  -22.902  49.462 0.1000000015
42880  31.919  -16.491  45.980 0.2000000030
112949  31.563  -16.431  45.450 0.3000000119
42899  31.035  -16.748  44.805 0.3000000119
41152  25.455  -18.437  44.652 0.2000000030
41153  24.718  -18.732  44.269 0.2000000030
112542  16.476  -21.933  46.729 0.1000000015
38577  16.749  -21.696  45.294 0.1000000015
41154  23.992  -19.026  43.901 0.1000000015
38576  17.596  -21.642  45.450 0.1000000015
38591  17.325  -21.503  44.630 0.1000000015
40254  23.078  -19.261  42.721 0.1000000015
39399  17.914  -21.208  44.002 0.1000000015
38607  17.009  -21.309  43.719 0.1000000015
118071  20.856  -19.946  42.063 0.1000000015
40258  19.922  -20.187  42.122 0.1000000015
106839  17.816  -20.768  42.638 0.1000000015
115044  17.657  -21.016  43.305 0.1000000015
39424  18.493  -20.604  42.484 0.1000000015
39436  18.043  -20.472  41.903 0.1000000015
28687  1.433  -34.070  49.820 0.1000000015
27053  0.740  -36.878  45.026 0.1000000015
28678  2.329  -33.262  50.670 0.1000000015
113433  0.367  -35.228  45.017 0.1000000015
114595  0.380  -34.767  43.959 0.1000000015
117170  0.483  -34.311  42.870 0.1000000015
36971  11.621  -23.956  54.118 0.3000000119
29574  2.920  -32.672  51.207 0.1000000015
30455  3.277  -32.080  51.725 0.1000000015
27918  0.388  -35.640  43.529 0.1000000015
27950  0.833  -35.034  41.690 0.1000000015
37731  11.841  -23.079  53.420 0.3000000119
30450  3.046  -31.779  52.316 0.1000000015
30449  3.646  -31.434  52.307 0.1000000015
26307  1.699  -37.034  41.635 0.1000000015
27072  0.501  -36.539  43.193 0.1000000015
27086  1.772  -35.855  40.895 0.1000000015
32117  4.318  -29.498  53.857 0.1000000015
27095  3.268  -35.591  39.994 0.1000000015
33777  4.961  -27.250  55.067 0.1000000015
37739  11.529  -22.874  52.373 0.3000000119
36165  6.770  -24.400  54.016 0.2000000030
36166  5.887  -24.782  53.761 0.2000000030
106884  14.078  -22.551  51.515 0.3000000119
106727  13.369  -22.576  51.239 0.3000000119
36994  7.794  -24.114  51.573 0.2000000030
37761  13.905  -22.490  50.637 0.1000000015
121875  11.771  -22.737  50.552 0.1000000015
42037  29.707  -17.479  44.691 0.3000000119
37776  13.681  -22.457  49.673 0.1000000015
37008  9.598  -23.375  49.107 0.1000000015
42041  26.055  -18.041  44.201 0.3000000119
37787  14.302  -22.388  49.020 0.1000000015
37790  11.777  -22.550  48.353 0.1000000015
42861  32.533  -16.286  45.975 0.3000000119
112688  31.997  -15.999  45.551 0.3000000119
42046  30.377  -17.100  44.122 0.3000000119
42911  30.858  -16.568  43.710 0.2000000030
41151  26.184  -18.151  45.046 0.2000000030
41160  25.334  -18.314  43.778 0.2000000030
38531  15.004  -22.268  48.360 0.1000000015
37789  12.597  -22.440  48.550 0.1000000015
108477  11.232  -22.752  48.960 0.1000000015
43717  32.536  -15.463  45.660 0.3000000119
43729  31.947  -15.314  45.064 0.3000000119
42898  31.462  -16.096  44.525 0.3000000119
38548  15.286  -22.108  47.483 0.1000000015
38549  14.588  -22.150  47.661 0.1000000015
38533  13.222  -22.254  47.930 0.1000000015
37797  12.358  -22.332  47.722 0.1000000015
114959  31.524  -15.288  43.999 0.1000000015
43743  31.164  -15.947  43.343 0.1000000015
41161  24.599  -18.605  43.398 0.1000000015
126422  16.007  -22.050  47.289 0.1000000015
43758  31.269  -15.192  42.962 0.1000000015
39412  17.072  -20.941  42.862 0.1000000015
39425  17.194  -20.614  42.067 0.1000000015
119190  2.883  -32.309  51.700 0.1000000015
29575  2.441  -32.632  51.312 0.1000000015
121803  12.314  -23.370  53.486 0.3000000119
31268  3.378  -30.454  53.346 0.1000000015
32114  4.087  -29.176  54.061 0.1000000015
27085  2.461  -35.790  40.415 0.1000000015
109113  12.268  -22.959  53.217 0.3000000119
33778  4.377  -27.348  54.802 0.1000000015
34570  4.046  -26.163  53.638 0.1000000015
37747  12.996  -22.679  51.858 0.3000000119
106728  12.330  -22.765  52.088 0.3000000119
35362  4.652  -25.701  54.192 0.2000000030
35361  5.157  -25.247  53.433 0.2000000030
36185  5.841  -25.132  51.615 0.1000000015
36184  6.526  -24.803  51.260 0.2000000030
37748  11.656  -22.778  51.346 0.2000000030
36173  6.505  -24.568  52.914 0.2000000030
36194  7.245  -24.492  50.976 0.2000000030
37763  12.256  -22.651  50.027 0.1000000015
36183  7.060  -24.430  52.023 0.2000000030
37010  8.075  -24.109  49.759 0.2000000030
42038  28.994  -17.573  44.194 0.2000000030
37762  13.070  -22.544  50.303 0.3000000119
37788  13.438  -22.392  48.773 0.1000000015
119074  10.403  -22.968  48.818 0.1000000015
44657  31.867  -14.362  44.658 0.3000000119
44667  31.433  -14.429  43.582 0.1000000015
44668  31.145  -14.319  42.592 0.1000000015
38563  15.521  -21.954  46.644 0.1000000015
107988  16.163  -21.846  45.946 0.1000000015
31271  2.710  -31.046  52.809 0.1000000015
32119  3.186  -29.680  53.571 0.1000000015
32950  3.469  -28.316  54.037 0.1000000015
33785  3.453  -27.536  54.045 0.1000000015
42050  26.809  -17.780  43.838 0.3000000119
36195  6.698  -24.847  50.364 0.2000000030
121526  28.680  -17.705  45.281 0.2000000030
36207  7.399  -24.521  50.071 0.1000000015
119249  8.139  -24.020  48.874 0.1000000015
37777  12.829  -22.512  49.396 0.1000000015
44645  32.432  -14.652  45.387 0.3000000119
43759  30.859  -15.816  42.355 0.1000000015
38532  14.072  -22.255  48.170 0.1000000015
38550  13.902  -22.092  47.378 0.1000000015
45567  31.919  -13.422  44.761 0.1000000015
45572  31.508  -13.583  44.074 0.1000000015
46512  32.165  -12.749  45.150 0.2000000030
46521  31.512  -12.779  44.412 0.1000000015
45579  31.017  -13.495  42.684 0.1000000015
45578  31.244  -13.733  43.262 0.1000000015
46527  31.091  -12.209  43.972 0.1000000015
47549  30.740  -11.926  43.090 0.1000000015
46532  31.097  -12.920  43.423 0.1000000015
47542  34.422  -11.001  44.660 0.5000000000
116520  30.299  -11.108  42.508 0.1000000015
46539  30.808  -12.836  42.383 0.1000000015
126721  30.628  -12.968  41.561 0.1000000015
114416  34.181  -10.466  45.188 0.4000000060
48462  30.575  -10.851  43.543 0.1000000015
47555  30.436  -12.043  41.819 0.1000000015
123155  19.409  -20.014  41.153 0.1000000015
41169  25.219  -18.148  42.897 0.1000000015
41162  23.883  -18.908  43.047 0.1000000015
37009  8.810  -23.735  49.407 0.1000000015
107484  30.717  -16.391  42.877 0.1000000015
122568  31.036  -15.067  42.212 0.1000000015
38564  14.658  -22.005  46.993 0.1000000015
38565  13.861  -21.946  46.509 0.1000000015
47544  31.548  -11.858  44.725 0.1000000015
47532  33.589  -11.662  45.459 0.3000000119
117662  32.796  -11.697  45.619 0.3000000119
116898  32.289  -11.800  45.357 0.1000000015
48461  31.145  -10.926  44.511 0.1000000015
125478  30.943  -11.562  44.020 0.1000000015
45584  30.866  -13.736  41.853 0.1000000015
107693  15.264  -21.831  45.772 0.1000000015
48442  33.638  -10.829  45.453 0.4000000060
120513  30.174  -10.390  42.880 0.1000000015
48475  29.971  -11.079  41.586 0.1000000015
50221  33.212  -8.802  45.662 0.2000000030
49316  29.716  -9.068  42.545 0.1000000015
114465  29.919  -9.723  42.689 0.1000000015
52245  33.780  -6.875  45.691 0.3000000119
51215  33.505  -7.525  45.637 0.2000000030
51227  33.119  -8.072  45.677 0.2000000030
48467  29.898  -10.335  42.163 0.1000000015
47562  29.559  -10.947  40.816 0.1000000015
42051  26.024  -17.912  43.299 0.2000000030
126996  14.723  -21.919  46.298 0.1000000015
47522  33.085  -11.165  45.680 0.3000000119
47533  32.520  -11.068  45.562 0.2000000030
47534  31.819  -11.013  45.195 0.1000000015
48443  32.791  -10.482  45.666 0.2000000030
48453  31.415  -10.175  44.942 0.2000000030
48454  30.799  -10.085  44.170 0.1000000015
49293  32.345  -9.357  45.528 0.2000000030
49304  31.083  -9.365  44.558 0.1000000015
118017  30.308  -9.916  43.398 0.1000000015
47561  29.979  -11.762  40.880 0.1000000015
49282  33.395  -9.463  45.598 0.3000000119
50234  32.119  -8.707  45.379 0.2000000030
50247  30.821  -8.559  44.150 0.1000000015
49311  30.066  -9.154  43.124 0.1000000015
48476  29.514  -10.252  41.371 0.1000000015
52261  32.857  -6.520  45.521 0.2000000030
51228  32.554  -7.986  45.523 0.2000000030
51241  31.196  -7.872  44.422 0.1000000015
50255  30.286  -8.460  43.425 0.1000000015
50260  29.830  -8.448  42.752 0.1000000015
49317  29.480  -9.435  41.940 0.1000000015
53261  31.829  -5.851  44.311 0.2000000030
52284  30.525  -6.781  43.277 0.1000000015
51256  30.026  -7.595  42.903 0.1000000015
51257  29.586  -7.885  42.330 0.1000000015
50261  29.434  -8.532  42.133 0.1000000015
50274  28.777  -8.623  40.695 0.1000000015
49323  29.102  -9.426  41.059 0.1000000015
53270  31.435  -5.518  43.447 0.1000000015
52294  30.805  -6.021  43.167 0.1000000015
112483  30.041  -6.796  42.568 0.1000000015
52305  29.337  -6.814  41.388 0.1000000015
51263  29.213  -7.741  41.637 0.1000000015
50266  29.106  -8.622  41.431 0.1000000015
109059  28.950  -7.318  40.847 0.1000000015
125282  28.295  -17.614  44.183 0.2000000030
42912  30.172  -16.936  43.034 0.1000000015
44680  30.920  -14.583  41.840 0.1000000015
49331  28.740  -9.386  40.255 0.1000000015
114171  31.214  -5.017  41.971 0.1000000015
53281  30.400  -5.595  41.722 0.1000000015
52319  29.668  -6.030  41.094 0.1000000015
52320  29.188  -6.587  40.547 0.1000000015
120827  28.889  -8.003  41.010 0.1000000015
53291  30.313  -5.432  40.637 0.1000000015
53292  29.608  -5.904  40.150 0.1000000015
52336  29.074  -6.523  39.671 0.1000000015
51289  28.785  -7.156  40.043 0.1000000015
51274  28.665  -7.854  40.366 0.1000000015
50275  28.480  -8.522  39.931 0.1000000015
51290  28.483  -7.730  39.568 0.1000000015
51304  28.299  -7.624  38.707 0.1000000015
42047  29.582  -17.346  43.666 0.1000000015
42057  29.362  -17.247  42.916 0.1000000015
44695  30.668  -14.452  41.195 0.1000000015
53290  31.058  -4.932  40.148 0.1000000015
52351  28.963  -6.508  38.805 0.1000000015
52337  28.630  -7.080  39.199 0.1000000015
52352  28.450  -7.017  38.362 0.1000000015
46547  29.794  -12.344  40.165 0.1000000015
46546  30.302  -12.673  40.897 0.1000000015
57990  36.131  -0.446  44.150 0.4000000060
58002  35.865  -0.429  43.064 0.4000000060
57048  35.437  -1.026  43.545 0.3000000119
57063  35.325  -1.041  42.432 0.3000000119
56083  34.442  -2.234  43.101 0.2000000030
117096  34.913  -1.539  41.929 0.2000000030
56096  33.799  -2.893  41.393 0.1000000015
55159  33.236  -3.513  41.038 0.1000000015
108067  32.329  -4.178  39.963 0.1000000015
120930  31.705  -4.568  39.785 0.1000000015
53302  31.256  -4.829  39.270 0.1000000015
53303  30.403  -5.362  39.544 0.1000000015
53312  30.222  -5.495  38.615 0.1000000015
114708  28.074  -7.502  37.876 0.1000000015
106278  29.249  -10.809  40.202 0.1000000015
49339  28.407  -9.271  39.443 0.1000000015
48484  29.157  -10.195  40.574 0.1000000015
57989  36.897  -0.012  44.392 0.4000000060
58001  36.521  0.148  43.597 0.4000000060
58905  37.332  0.687  43.820 0.4000000060
58917  36.769  0.613  43.097 0.3000000119
57077  34.783  -1.732  41.170 0.1000000015
55171  32.989  -3.647  40.188 0.1000000015
53304  29.569  -5.905  39.208 0.1000000015
48492  28.819  -10.262  39.724 0.1000000015
59765  38.014  1.349  43.482 0.4000000060
58011  36.252  0.107  42.591 0.3000000119
57076  35.224  -1.126  41.490 0.1000000015
58926  40.152  0.506  42.540 0.6000000238
58009  40.698  0.915  42.035 0.6000000238
56107  34.287  -2.355  40.814 0.1000000015
55170  33.663  -3.001  40.305 0.1000000015
55185  32.777  -3.753  39.350 0.1000000015
54236  32.069  -4.336  39.024 0.1000000015
53311  30.835  -5.094  38.746 0.1000000015
59764  38.800  1.244  43.545 0.3000000119
120076  30.112  -5.558  37.932 0.1000000015
53313  29.502  -5.947  38.334 0.1000000015
58026  36.145  0.056  41.553 0.3000000119
58012  35.718  -0.513  41.974 0.2000000030
57091  34.713  -1.788  40.318 0.1000000015
59776  39.400  1.704  43.067 0.5000000000
53326  30.338  -5.390  37.373 0.1000000015
53325  30.784  -5.120  37.931 0.1000000015
59777  38.629  1.846  43.073 0.4000000060
59778  37.849  1.677  42.663 0.3000000119
58928  36.698  0.630  42.235 0.3000000119
58027  35.623  -0.664  40.829 0.1000000015
58914  40.128  1.371  42.745 0.5000000000
58925  41.159  1.508  41.751 0.6000000238
57233  43.279  -1.001  27.762 0.4000000060
58159  43.523  -0.565  27.983 0.5000000000
59073  43.075  -0.221  28.536 0.5000000000
58149  41.581  -0.797  29.319 0.5000000000
59061  41.954  -0.089  29.769 0.5000000000
57250  42.979  -1.374  27.341 0.2000000030
57234  42.570  -1.227  27.930 0.4000000060
58161  42.151  -1.013  28.538 0.5000000000
58150  40.909  -0.910  29.927 0.5000000000
112273  40.266  -1.251  30.195 0.4000000060
54247  31.427  -4.711  38.401 0.1000000015
57090  35.092  -1.296  40.736 0.1000000015
55197  33.268  -3.313  38.865 0.1000000015
59060  42.611  0.230  29.277 0.5000000000
59050  41.649  0.223  30.793 0.5000000000
58158  44.186  -0.401  27.700 0.5000000000
58148  42.386  -0.456  28.907 0.5000000000
58136  41.277  -0.422  30.274 0.5000000000
58127  40.482  -0.835  31.442 0.5000000000
58137  40.642  -0.806  30.717 0.4000000060
55198  32.675  -3.781  38.458 0.1000000015
60641  39.196  2.302  42.595 0.5000000000
59790  38.425  2.157  42.291 0.3000000119
108964  34.224  -2.348  39.849 0.1000000015
59775  39.988  2.200  42.586 0.5000000000
59789  40.662  1.830  42.254 0.6000000238
56125  33.744  -2.851  39.333 0.1000000015
58941  37.204  1.136  40.954 0.3000000119
57110  34.719  -1.756  39.437 0.1000000015
58942  36.680  0.592  41.232 0.3000000119
60649  39.713  2.699  41.964 0.5000000000
38523  26.359  -20.787  48.828 0.4000000060
121778  27.044  -19.689  48.592 0.4000000060
39353  26.884  -20.208  48.721 0.5000000000
39352  27.516  -20.047  48.525 0.5000000000
112998  0.826  -34.977  48.420 0.1000000015
28688  0.966  -34.153  49.419 0.1000000015
28679  1.637  -33.532  50.323 0.1000000015
30451  2.403  -31.574  52.247 0.1000000015
110401  1.156  -37.064  42.239 0.1000000015
116135  0.964  -33.452  49.786 0.1000000015
32951  2.957  -28.833  53.583 0.1000000015
120978  0.397  -35.043  45.741 0.1000000015
26306  2.404  -36.944  41.133 0.1000000015
35368  4.585  -25.723  53.170 0.1000000015
33783  3.967  -27.795  54.529 0.1000000015
35354  8.888  -24.618  54.372 0.3000000119
40206  24.014  -19.712  47.605 0.2000000030
40224  24.361  -19.225  45.723 0.2000000030
38516  18.378  -22.053  49.364 0.1000000015
39377  19.941  -21.156  45.892 0.1000000015
40235  22.090  -19.930  44.135 0.1000000015
110491  0.889  -37.440  44.541 0.1000000015
25531  3.128  -38.498  42.435 0.1000000015
29601  2.585  -33.917  48.261 0.1000000015
30475  3.477  -32.216  49.991 0.1000000015
29590  3.039  -33.050  49.664 0.1000000015
30483  3.366  -32.026  48.927 0.1000000015
30495  3.203  -31.865  47.786 0.1000000015
32128  5.121  -29.285  50.651 0.2000000030
32953  5.525  -28.784  52.176 0.2000000030
39388  19.822  -21.030  45.274 0.1000000015
27852  1.494  -35.001  48.829 0.1000000015
31275  4.261  -30.729  50.817 0.1000000015
32125  4.684  -30.065  51.257 0.1000000015
33779  6.764  -27.043  53.990 0.2000000030
33784  6.380  -27.621  53.370 0.2000000030
32952  5.983  -28.225  52.746 0.2000000030
34563  6.932  -26.378  54.676 0.2000000030
35349  7.701  -25.070  54.751 0.2000000030
27862  0.803  -35.366  47.676 0.1000000015
27887  0.581  -36.025  45.869 0.1000000015
28686  1.969  -34.130  50.017 0.1000000015
26290  0.774  -37.319  42.943 0.1000000015
27961  1.981  -34.922  40.246 0.1000000015
32121  4.613  -30.173  52.341 0.1000000015
110435  4.439  -30.046  53.262 0.1000000015
31269  4.083  -30.836  52.893 0.1000000015
32948  5.761  -28.267  53.906 0.2000000030
125258  4.810  -29.412  53.604 0.1000000015
32124  5.107  -29.419  51.704 0.1000000015
36973  9.922  -23.792  54.254 0.3000000119
34564  6.155  -26.717  55.102 0.2000000030
106119  4.986  -28.064  54.778 0.1000000015
34558  6.625  -25.928  55.153 0.2000000030
36976  7.111  -24.271  54.161 0.2000000030
36157  6.881  -24.593  54.773 0.2000000030
35352  5.767  -25.609  55.187 0.2000000030
36988  8.844  -23.622  53.102 0.2000000030
36981  8.528  -23.781  54.070 0.3000000119
123042  7.682  -24.021  52.418 0.2000000030
37750  9.981  -23.264  51.823 0.2000000030
36993  8.524  -23.819  51.282 0.2000000030
27061  0.529  -36.852  44.192 0.1000000015
117438  0.474  -33.512  43.568 0.1000000015
27096  2.546  -34.993  39.923 0.1000000015
35353  5.035  -25.813  54.990 0.2000000030
36158  6.101  -24.807  54.743 0.2000000030
127080  0.582  -36.305  45.327 0.1000000015
27902  0.421  -36.030  44.564 0.1000000015
28754  0.365  -34.081  45.120 0.1000000015
27934  0.528  -35.312  42.533 0.1000000015
28767  0.387  -34.106  44.382 0.1000000015
27078  0.720  -36.194  42.287 0.1000000015
27077  1.197  -35.932  41.543 0.1000000015
31267  3.928  -30.377  53.420 0.1000000015
124175  4.495  -28.651  54.298 0.1000000015
34566  4.266  -26.366  54.534 0.1000000015
122576  6.336  -24.778  52.055 0.2000000030
35357  5.360  -25.208  54.558 0.2000000030
34567  3.969  -27.076  54.641 0.1000000015
34571  3.652  -26.793  53.923 0.1000000015
106726  12.476  -22.651  51.024 0.3000000119
32122  2.517  -30.052  53.087 0.1000000015
33789  3.182  -27.299  53.220 0.1000000015
45560  32.358  -13.764  45.236 0.3000000119
47531  34.120  -11.331  45.163 0.4000000060
50232  33.867  -9.296  45.494 0.3000000119
49292  33.747  -9.998  45.456 0.3000000119
48430  33.212  -10.278  45.640 0.3000000119
120088  33.563  -8.100  45.610 0.2000000030
50233  32.723  -8.777  45.645 0.2000000030
123423  33.106  -7.198  45.657 0.3000000119
52260  33.511  -6.340  45.688 0.3000000119
48444  32.201  -10.177  45.475 0.2000000030
49283  32.847  -9.636  45.689 0.2000000030
49294  31.736  -9.416  45.202 0.2000000030
50246  31.443  -8.652  44.847 0.1000000015
49305  30.512  -9.265  43.834 0.1000000015
51240  31.828  -7.943  45.065 0.2000000030
51250  30.631  -7.718  43.706 0.1000000015
52262  32.242  -7.103  45.224 0.2000000030
52273  31.652  -6.627  44.530 0.2000000030
126817  31.556  -7.315  44.666 0.2000000030
51249  31.062  -7.081  44.083 0.1000000015
52283  31.159  -6.295  43.815 0.2000000030
51262  29.638  -7.182  42.137 0.1000000015
53276  30.916  -5.526  42.617 0.1000000015
52295  30.349  -6.148  42.574 0.1000000015
52304  29.831  -6.378  41.935 0.1000000015
57064  34.892  -1.611  42.769 0.2000000030
56095  34.435  -2.193  41.921 0.2000000030
58904  38.269  0.734  43.985 0.4000000060
58916  37.258  1.141  42.966 0.3000000119
58915  39.513  0.791  43.239 0.5000000000
58927  37.204  1.191  41.961 0.3000000119
58173  43.925  -0.821  27.524 0.5000000000
58160  42.867  -0.777  28.280 0.5000000000
28702  0.582  -33.913  48.764 0.1000000015
34574  4.236  -26.195  52.385 0.1000000015
38540  26.836  -21.325  48.209 0.5000000000
37784  25.261  -21.947  48.903 0.4000000060
38539  27.621  -21.135  47.857 0.6000000238
38556  27.675  -21.469  46.761 0.6000000238
117637  27.129  -21.626  47.450 0.6999999881
124734  26.418  -21.990  47.546 0.6000000238
37796  25.701  -22.219  47.979 0.6000000238
38571  28.480  -21.217  46.162 0.8000000119
38557  26.906  -21.868  46.653 0.6000000238
38572  27.614  -21.482  45.581 0.6999999881
127293  27.243  -21.675  46.139 0.6999999881
38586  28.413  -21.226  45.035 0.6999999881
39394  29.215  -20.977  44.398 0.6999999881
123358  27.091  -21.553  44.931 0.6999999881
110758  26.749  -21.791  45.640 0.6000000238
38588  26.490  -21.690  44.687 0.6000000238
41341  22.927  -19.059  27.756 0.2000000030
41323  23.423  -18.766  28.423 0.3000000119
116649  23.499  -18.622  27.695 0.3000000119
41322  24.057  -18.321  28.147 0.3000000119
41340  23.938  -18.278  27.297 0.3000000119
41297  24.867  -18.751  30.414 0.3000000119
109634  24.117  -18.552  29.017 0.3000000119
41308  24.855  -18.409  29.590 0.3000000119
42191  24.869  -18.039  28.660 0.3000000119
42199  24.586  -17.900  27.738 0.3000000119
41358  23.960  -18.350  26.451 0.2000000030
117881  24.459  -17.847  26.919 0.3000000119
42211  24.503  -17.853  26.146 0.2000000030
42198  25.024  -17.408  26.638 0.2000000030
41296  25.495  -18.278  30.131 0.3000000119
123294  25.587  -17.621  28.682 0.3000000119
42190  25.269  -17.538  28.009 0.3000000119
123544  24.989  -17.535  27.329 0.3000000119
42224  24.593  -17.943  25.405 0.2000000030
42179  27.306  -17.447  30.760 0.3000000119
124786  26.658  -17.401  29.722 0.3000000119
43057  26.237  -17.397  29.095 0.3000000119
43093  25.644  -16.942  24.694 0.2000000030
43062  25.981  -17.183  28.226 0.3000000119
43064  26.433  -16.661  27.699 0.3000000119
42223  25.122  -17.446  25.036 0.2000000030
43079  25.578  -16.852  25.484 0.2000000030
109050  26.131  -16.311  25.946 0.2000000030
43071  25.582  -16.874  26.339 0.2000000030
43070  26.256  -16.455  26.836 0.2000000030
43065  25.636  -17.068  27.307 0.2000000030
42210  25.047  -17.375  25.831 0.2000000030
43051  27.888  -16.919  30.365 0.3000000119
43052  27.234  -17.154  29.993 0.4000000060
43056  27.038  -16.974  29.231 0.3000000119
43061  26.708  -16.842  28.483 0.3000000119
43894  27.052  -16.366  27.988 0.3000000119
43899  26.956  -16.101  27.288 0.2000000030
43903  26.857  -15.839  26.409 0.3000000119
43910  26.658  -15.806  25.510 0.3000000119
43060  27.458  -16.424  28.605 0.3000000119
43898  27.483  -15.589  26.934 0.3000000119
127669  27.361  -15.460  26.423 0.3000000119
49290  34.591  -9.064  45.082 0.3000000119
49291  34.236  -9.584  45.282 0.3000000119
50230  34.646  -8.286  45.215 0.5000000000
50245  34.886  -8.454  44.845 0.6000000238
123904  33.957  -8.100  45.585 0.3000000119
51226  34.396  -7.641  45.477 0.3000000119
50219  33.908  -7.465  45.636 0.3000000119
111785  34.866  -6.772  45.481 0.3000000119
46658  38.695  -12.174  31.171 0.1000000015
121961  37.575  -10.903  30.923 0.1000000015
48593  36.826  -10.431  29.503 0.2000000030
57062  38.945  -1.543  42.894 0.5000000000
127786  40.101  -0.292  40.860 0.8000000119
63348  46.515  6.659  30.268 0.2000000030
64272  46.943  7.191  29.229 0.2000000030
63310  45.710  5.699  33.349 0.1000000015
107851  45.265  6.098  28.998 0.2000000030
109216  45.736  6.379  30.782 0.2000000030
63362  46.001  6.767  29.644 0.2000000030
63378  46.133  7.118  28.885 0.2000000030
109145  46.610  7.483  28.570 0.2000000030
110031  47.128  7.519  28.652 0.3000000119
120476  46.706  2.495  27.082 0.4000000060
62418  45.222  4.364  36.556 0.1000000015
61575  45.611  4.089  36.852 0.5000000000
62456  45.827  5.451  34.106 0.1000000015
63336  44.232  5.536  31.314 0.2000000030
114556  44.849  5.971  30.906 0.2000000030
63364  44.092  5.352  30.024 0.1000000015
63349  45.075  6.095  30.253 0.2000000030
63395  45.755  6.889  28.069 0.2000000030
64295  46.463  7.538  28.064 0.2000000030
63394  47.551  7.134  27.995 0.2000000030
62535  46.967  5.150  27.170 0.2000000030
61693  46.645  3.611  26.946 0.4000000060
60825  47.667  1.630  27.344 0.4000000060
59948  47.168  0.848  27.376 0.5000000000
62431  45.370  4.686  35.657 0.1000000015
62445  45.482  5.025  34.800 0.1000000015
62470  44.560  5.271  32.994 0.1000000015
63322  44.417  5.482  32.101 0.2000000030
63350  44.114  5.466  30.645 0.1000000015
63379  45.116  5.957  28.262 0.2000000030
63406  45.566  6.599  27.192 0.1000000015
64294  47.138  7.752  27.986 0.2000000030
62547  47.436  5.412  26.956 0.2000000030
61702  47.231  4.163  26.667 0.4000000060
60836  47.360  2.825  26.934 0.4000000060
59095  47.698  0.440  26.922 0.3000000119
114218  43.825  4.360  34.176 0.1000000015
62457  44.715  5.013  33.993 0.1000000015
62458  43.735  4.568  33.436 0.1000000015
63363  44.689  5.628  29.478 0.1000000015
63396  44.958  5.739  27.370 0.2000000030
65248  47.421  8.095  27.257 0.2000000030
64308  46.979  8.067  27.339 0.2000000030
64309  46.238  7.454  27.126 0.2000000030
63393  47.591  7.784  27.647 0.2000000030
59946  48.522  1.479  27.385 0.3000000119
59947  48.042  0.880  27.279 0.4000000060
115697  43.469  5.141  31.021 0.1000000015
62515  44.309  5.013  28.600 0.1000000015
63414  45.338  6.341  26.204 0.1000000015
64317  46.345  7.544  26.518 0.2000000030
63405  47.889  6.508  27.145 0.1000000015
64318  45.756  6.901  25.889 0.1000000015
65263  46.798  7.959  26.526 0.2000000030
65262  47.506  8.266  26.451 0.2000000030
63407  44.833  5.586  26.466 0.1000000015
65261  48.363  8.426  26.803 0.2000000030
64325  46.216  7.280  25.588 0.2000000030
65273  46.798  7.673  25.361 0.2000000030
66183  48.589  8.777  26.159 0.2000000030
66184  47.935  8.443  25.766 0.2000000030
66195  48.383  8.397  24.908 0.1000000015
66193  50.324  8.958  24.857 0.1000000015
66194  49.224  8.766  25.182 0.1000000015
66182  49.170  8.979  26.507 0.1000000015
66192  51.391  9.180  24.669 0.1000000015
67121  52.405  9.583  24.533 0.1000000015
66203  50.684  8.849  23.709 0.1000000015
66213  50.872  8.964  22.774 0.1000000015
66202  51.596  9.268  23.604 0.1000000015
42185  25.533  -17.927  29.355 0.3000000119
42184  26.110  -17.801  29.890 0.3000000119
49449  36.433  -9.621  29.912 0.2000000030
61574  46.474  4.069  36.346 0.4000000060
61561  45.085  3.800  37.699 0.6000000238
47683  37.860  -11.551  30.328 0.1000000015
64262  46.981  6.924  29.729 0.2000000030
49372  40.297  -10.187  36.106 0.2000000030
62446  44.386  4.478  34.965 0.1000000015
62471  43.558  4.792  32.564 0.1000000015
32164  4.321  -29.435  44.120 0.3000000119
32176  4.376  -29.521  43.117 0.3000000119
32163  4.845  -28.874  44.601 0.4000000060
33002  5.423  -28.443  43.224 0.4000000060
33799  7.136  -27.072  49.635 0.2000000030
32994  5.384  -28.381  44.154 0.3000000119
31346  3.847  -30.091  43.691 0.3000000119
34572  8.227  -26.114  52.316 0.2000000030
32156  4.355  -29.399  45.075 0.3000000119
32978  6.019  -27.933  46.546 0.2000000030
32974  5.420  -28.426  46.953 0.2000000030
32969  5.390  -28.561  47.968 0.2000000030
33804  6.585  -27.502  48.142 0.2000000030
32973  6.019  -27.976  47.524 0.2000000030
33800  6.491  -27.582  49.121 0.2000000030
127524  4.873  -29.136  47.922 0.2000000030
33795  7.167  -26.989  50.498 0.2000000030
33796  6.567  -27.487  50.118 0.2000000030
124070  6.054  -28.035  49.081 0.2000000030
38538  28.522  -20.927  47.377 0.6000000238
38555  29.262  -20.841  46.655 0.6999999881
111881  30.003  -20.785  45.114 0.6000000238
111461  30.050  -20.753  44.252 0.6000000238
33792  6.643  -27.392  51.157 0.2000000030
33788  6.521  -27.546  52.248 0.1000000015
32132  5.103  -29.163  49.638 0.1000000015
123847  7.250  -26.872  51.208 0.2000000030
32963  6.069  -28.035  49.685 0.2000000030
32964  5.567  -28.462  49.087 0.2000000030
36187  18.443  -24.480  50.800 0.3000000119
38522  27.214  -20.649  48.463 0.5000000000
39363  28.820  -20.141  47.945 0.5000000000
39364  28.015  -20.449  48.143 0.5000000000
39371  30.511  -20.127  46.685 0.5000000000
39372  29.821  -20.283  47.036 0.6000000238
39382  31.426  -20.253  45.313 0.6000000238
39383  30.687  -20.477  45.720 0.6000000238
39384  29.956  -20.644  46.140 0.6000000238
39392  31.510  -20.271  44.167 0.6000000238
39393  30.736  -20.587  44.691 0.6000000238
36175  18.952  -23.776  51.181 0.3000000119
36176  18.080  -23.750  51.604 0.2000000030
40201  28.985  -19.389  47.917 0.4000000060
40192  27.634  -19.547  48.364 0.3000000119
40200  29.775  -19.278  47.460 0.5000000000
40223  31.227  -19.968  46.338 0.6999999881
40231  32.187  -19.960  44.995 0.6000000238
40222  31.939  -19.682  45.968 0.6999999881
42060  26.968  -17.640  42.720 0.2000000030
42069  26.680  -17.568  41.647 0.1000000015
40210  31.465  -19.166  46.730 0.5000000000
43742  34.777  -15.586  43.734 0.6000000238
44656  34.803  -14.759  43.501 0.4000000060
44650  34.557  -14.195  44.598 0.4000000060
114654  34.764  -13.797  43.716 0.4000000060
45566  34.649  -13.558  44.295 0.4000000060
115522  34.555  -11.954  44.295 0.4000000060
47543  34.368  -11.825  44.804 0.4000000060
46509  34.102  -12.147  45.183 0.3000000119
113205  35.378  -6.005  45.469 0.4000000060
53246  36.012  -5.260  45.406 0.5000000000
52257  35.830  -6.042  45.081 0.4000000060
57225  39.793  -1.666  29.620 0.2000000030
56221  39.071  -2.138  30.000 0.3000000119
53258  36.468  -5.397  44.346 0.6000000238
57223  41.468  -1.260  28.717 0.3000000119
58184  45.712  -0.761  26.768 0.3000000119
54168  35.780  -4.520  45.788 0.5000000000
107527  36.632  -4.983  45.008 0.5000000000
55113  36.398  -3.544  45.789 0.5000000000
54179  37.436  -3.928  44.622 0.5000000000
55123  37.057  -3.678  45.344 0.4000000060
55122  37.673  -3.155  44.970 0.4000000060
109442  45.708  3.333  27.806 0.5000000000
57034  37.011  -1.487  45.288 0.4000000060
57020  36.259  -2.003  45.595 0.4000000060
61684  45.812  3.757  28.719 0.3000000119
56070  38.294  -2.125  44.336 0.4000000060
57033  37.955  -1.455  44.793 0.4000000060
57061  39.356  -0.803  42.652 0.5000000000
60686  44.990  3.130  38.218 0.5000000000
61547  44.447  3.519  38.508 0.3000000119
108039  39.745  0.025  42.882 0.5000000000
60672  43.680  2.940  39.709 0.3000000119
60659  43.221  2.547  40.367 0.4000000060
59800  42.705  1.945  40.796 0.5000000000
58010  39.941  -0.262  41.768 0.5000000000
61576  44.806  4.115  37.381 0.3000000119
116494  41.163  2.869  41.601 0.4000000060
122107  43.266  3.132  40.019 0.4000000060
60660  42.632  2.668  40.823 0.4000000060
60661  42.006  2.578  41.321 0.5000000000
115559  40.418  2.923  41.581 0.4000000060
60648  40.560  2.482  42.017 0.4000000060
59788  41.290  2.200  41.774 0.4000000060
61524  41.480  3.314  40.354 0.4000000060
121440  41.562  3.142  41.096 0.4000000060
110642  40.724  3.169  40.842 0.4000000060
60662  39.825  2.914  41.030 0.3000000119
60675  39.938  2.752  39.914 0.4000000060
32987  5.397  -28.368  45.105 0.2000000030
34583  7.700  -26.569  50.065 0.2000000030
32979  5.426  -28.391  46.031 0.2000000030
32155  4.891  -28.879  45.540 0.3000000119
33803  7.159  -27.093  48.760 0.2000000030
32220  8.435  -29.112  40.472 0.2000000030
33009  6.075  -28.051  42.763 0.3000000119
34577  8.305  -26.149  51.365 0.2000000030
33815  6.574  -27.445  46.076 0.2000000030
46520  34.454  -12.679  44.672 0.4000000060
122953  36.258  -5.549  44.926 0.5000000000
51357  39.026  -7.895  34.739 0.2000000030
53351  38.703  -5.926  34.333 0.2000000030
53358  38.354  -5.516  33.686 0.2000000030
55248  38.512  -3.918  33.132 0.3000000119
54298  38.057  -4.175  32.653 0.2000000030
116526  36.930  -2.686  45.511 0.4000000060
56069  38.666  -1.887  43.598 0.4000000060
121970  46.328  4.096  27.374 0.3000000119
54180  36.992  -4.361  45.031 0.5000000000
127464  40.410  0.293  41.918 0.5000000000
122079  43.467  3.437  39.418 0.3000000119
58185  45.004  -1.001  26.944 0.4000000060
41132  26.800  -18.380  47.002 0.2000000030
128117  30.409  -19.126  47.233 0.4000000060
119944  7.724  -26.526  50.871 0.2000000030
32960  5.561  -28.578  50.124 0.1000000015
57249  43.613  -1.154  27.334 0.2000000030
57224  40.739  -1.326  29.263 0.3000000119
39351  28.210  -19.769  48.231 0.4000000060
57999  39.275  -0.072  43.526 0.5000000000
38585  29.251  -21.010  45.582 0.6000000238
61562  44.445  3.899  38.035 0.4000000060
32140  4.944  -28.992  47.246 0.2000000030
32136  5.023  -29.106  48.668 0.2000000030
39373  29.217  -20.404  47.391 0.5000000000
39362  29.483  -19.824  47.599 0.5000000000
40212  30.152  -19.615  47.224 0.5000000000
40202  28.130  -19.075  48.105 0.3000000119
40211  30.793  -19.413  47.020 0.5000000000
42061  25.933  -17.819  42.329 0.1000000015
54291  38.204  -4.693  33.178 0.2000000030
54167  36.487  -4.354  45.546 0.5000000000
61536  42.816  3.138  40.422 0.3000000119
61523  42.197  3.118  40.794 0.4000000060
123880  30.902  -18.753  47.115 0.3000000119
41118  28.804  -18.730  47.699 0.2000000030
41128  31.591  -18.412  46.790 0.2000000030
41150  34.175  -18.356  44.544 0.5000000000
41140  33.057  -18.407  46.057 0.6000000238
41127  32.310  -18.148  46.568 0.5000000000
122062  32.869  -19.564  44.640 0.6000000238
42049  27.712  -17.628  43.544 0.1000000015
43714  34.191  -15.654  45.202 0.3000000119
43715  33.614  -15.913  45.572 0.3000000119
42878  34.414  -16.336  44.902 0.3000000119
43716  33.055  -15.653  45.792 0.2000000030
127527  34.049  -16.133  45.364 0.4000000060
42860  33.138  -16.406  45.901 0.2000000030
42897  34.635  -16.823  44.401 0.4000000060
42879  33.786  -16.636  45.549 0.3000000119
108952  32.762  -16.860  46.198 0.2000000030
121571  34.204  -17.746  45.063 0.5000000000
42013  33.189  -16.992  46.021 0.2000000030
42048  28.687  -17.485  43.352 0.1000000015
42059  28.072  -17.493  42.617 0.1000000015
38510  24.012  -21.567  49.475 0.1000000015
38511  23.271  -21.739  49.624 0.1000000015
108938  33.278  -14.108  45.563 0.3000000119
44644  32.951  -14.831  45.694 0.3000000119
44643  33.625  -15.015  45.486 0.3000000119
44649  34.740  -14.889  44.185 0.5000000000
44642  34.381  -14.907  44.931 0.3000000119
43728  34.579  -15.619  44.465 0.4000000060
107410  32.757  -14.136  45.513 0.3000000119
108929  34.071  -14.054  45.302 0.3000000119
45559  32.821  -13.302  45.556 0.3000000119
126972  34.070  -13.432  45.292 0.3000000119
109089  39.851  -12.680  31.114 0.1000000015
48552  43.396  -10.140  34.061 0.1000000015
45558  33.571  -13.283  45.491 0.3000000119
109090  40.607  -12.722  31.044 0.1000000015
108488  40.875  -12.992  31.983 0.1000000015
122763  41.040  -13.275  32.722 0.1000000015
46669  39.289  -12.494  30.784 0.1000000015
49400  43.918  -9.243  33.474 0.1000000015
48553  42.358  -10.397  33.819 0.1000000015
51410  44.668  -7.373  31.201 0.1000000015
109582  44.099  -8.142  32.401 0.1000000015
49414  43.285  -8.990  32.883 0.1000000015
49401  42.926  -9.614  33.279 0.1000000015
48542  41.803  -10.967  34.572 0.1000000015
47630  41.502  -11.245  35.453 0.1000000015
49415  42.513  -9.113  32.662 0.1000000015
51428  44.241  -7.424  30.584 0.1000000015
108163  43.892  -7.557  31.248 0.1000000015
50333  43.824  -8.637  32.821 0.1000000015
51445  43.714  -7.490  29.871 0.1000000015
51464  41.359  -7.569  28.993 0.1000000015
118547  41.314  -7.470  29.893 0.1000000015
119793  42.411  -7.548  29.081 0.1000000015
51448  40.777  -7.494  29.624 0.1000000015
51432  40.755  -7.550  30.415 0.1000000015
114330  42.910  -7.652  28.385 0.1000000015
51447  42.023  -7.482  29.861 0.1000000015
51413  41.217  -7.763  31.103 0.1000000015
51414  40.298  -7.748  31.111 0.1000000015
51431  41.662  -7.565  30.536 0.1000000015
50385  39.738  -8.087  31.695 0.1000000015
51446  42.875  -7.488  29.891 0.1000000015
50384  40.690  -8.162  31.592 0.1000000015
50357  40.115  -8.636  32.169 0.1000000015
51430  42.512  -7.560  30.582 0.1000000015
51412  42.120  -7.752  31.156 0.1000000015
50383  41.663  -8.134  31.599 0.1000000015
50356  41.106  -8.651  32.065 0.1000000015
49417  40.524  -9.227  32.616 0.1000000015
124358  40.169  -9.571  33.215 0.1000000015
48555  40.406  -10.097  33.849 0.1000000015
49416  41.516  -9.236  32.552 0.1000000015
49387  39.909  -9.782  34.372 0.1000000015
49403  40.909  -9.852  33.093 0.1000000015
48544  40.406  -10.357  34.721 0.1000000015
51411  43.013  -7.700  31.208 0.1000000015
50382  42.620  -8.055  31.685 0.1000000015
49402  41.930  -9.828  33.103 0.1000000015
48543  40.971  -10.735  34.518 0.1000000015
50355  42.120  -8.572  32.114 0.1000000015
47631  40.895  -10.929  35.201 0.1000000015
47618  41.379  -11.397  36.378 0.1000000015
50354  43.163  -8.442  32.315 0.1000000015
48554  41.330  -10.423  33.734 0.1000000015
50381  43.559  -7.888  31.784 0.1000000015
51429  43.370  -7.514  30.606 0.1000000015
107672  44.591  -7.477  29.768 0.1000000015
51416  38.579  -7.308  31.341 0.1000000015
52437  37.922  -6.674  31.556 0.1000000015
51449  40.099  -7.492  29.805 0.1000000015
51433  39.834  -7.557  30.547 0.1000000015
51434  38.995  -7.363  30.617 0.1000000015
51396  38.309  -7.213  32.119 0.1000000015
121843  38.170  -7.053  32.764 0.1000000015
51395  38.879  -7.794  31.915 0.1000000015
50359  38.631  -7.745  32.811 0.1000000015
51477  42.090  -7.652  28.220 0.1000000015
50358  39.276  -8.357  32.455 0.1000000015
50334  39.153  -8.537  33.369 0.1000000015
49418  39.700  -9.044  32.897 0.1000000015
119702  39.682  -9.336  33.712 0.1000000015
51463  43.239  -7.563  29.135 0.1000000015
48529  40.555  -10.607  35.579 0.1000000015
108250  44.178  -7.759  28.202 0.1000000015
51462  44.024  -7.599  29.064 0.1000000015
120602  37.698  -6.272  31.965 0.1000000015
52425  37.664  -5.827  32.336 0.1000000015
52416  37.974  -6.352  33.094 0.1000000015
52406  38.444  -6.537  33.909 0.1000000015
51358  38.716  -7.449  34.196 0.1000000015
50320  39.042  -8.373  34.175 0.1000000015
119267  42.696  -7.814  27.596 0.1000000015
125817  39.321  -8.866  33.932 0.1000000015
107611  39.506  -9.138  34.482 0.1000000015
51476  43.478  -7.808  27.820 0.1000000015
48530  39.936  -9.808  35.172 0.1000000015
122403  43.561  -7.670  28.515 0.1000000015
52438  37.563  -5.908  31.598 0.1000000015
51450  39.412  -7.362  30.024 0.1000000015
52449  38.249  -6.875  30.726 0.1000000015
115933  37.586  -4.336  31.719 0.1000000015
117125  40.364  -7.520  29.034 0.1000000015
116945  39.397  -7.351  29.189 0.1000000015
52464  37.879  -6.456  30.109 0.1000000015
53377  37.367  -5.361  31.012 0.1000000015
54305  37.389  -4.548  31.128 0.1000000015
51478  41.273  -7.697  27.938 0.1000000015
108482  38.632  -7.002  29.882 0.1000000015
119423  37.282  -4.826  30.486 0.1000000015
51465  40.664  -7.614  28.348 0.1000000015
124236  38.026  -6.572  29.460 0.1000000015
53387  37.445  -5.614  30.139 0.1000000015
55271  37.437  -3.985  30.403 0.1000000015
51467  39.004  -7.304  28.212 0.1000000015
52463  38.482  -6.893  28.936 0.1000000015
123128  37.657  -6.121  29.542 0.1000000015
118575  39.582  -9.107  35.216 0.1000000015
54299  37.707  -4.523  32.249 0.1000000015
55256  37.843  -3.887  32.041 0.1000000015
50455  41.894  -7.834  27.387 0.1000000015
51466  39.886  -7.544  28.300 0.1000000015
55270  37.957  -3.231  30.844 0.1000000015
56222  38.455  -2.655  30.406 0.1000000015
53399  37.420  -5.533  29.226 0.1000000015
52479  37.760  -6.262  28.757 0.1000000015
55280  37.462  -3.923  29.348 0.1000000015
55279  37.868  -3.205  29.897 0.1000000015
119422  37.318  -4.767  28.722 0.1000000015
55291  37.952  -3.201  28.874 0.1000000015
51479  40.441  -7.721  27.529 0.1000000015
56236  38.505  -2.625  29.423 0.1000000015
56235  39.252  -2.134  29.027 0.1000000015
56250  38.684  -2.655  28.283 0.1000000015
56249  39.631  -2.204  28.102 0.1000000015
57237  40.085  -1.766  28.725 0.1000000015
57236  40.955  -1.614  28.384 0.1000000015
121168  40.425  -1.950  28.007 0.1000000015
57235  41.769  -1.455  28.093 0.1000000015
57251  42.155  -1.594  27.397 0.1000000015
57265  42.582  -1.671  26.713 0.1000000015
109559  42.925  -1.677  26.127 0.1000000015
57264  43.510  -1.438  26.739 0.1000000015
57293  43.984  -1.342  25.178 0.1000000015
58207  44.643  -0.993  24.935 0.1000000015
58208  43.747  -1.109  24.424 0.1000000015
58225  44.288  -0.630  23.927 0.1000000015
57280  43.643  -1.514  25.825 0.1000000015
57263  44.393  -1.278  26.511 0.1000000015
58206  45.511  -0.689  25.232 0.1000000015
57248  44.231  -1.106  27.115 0.1000000015
57262  45.166  -1.093  26.365 0.2000000030
57279  44.536  -1.288  25.780 0.1000000015
58195  45.178  -1.048  25.723 0.1000000015
59118  45.881  -0.137  24.657 0.1000000015
58205  46.275  -0.418  25.601 0.2000000030
58194  45.867  -0.806  26.146 0.1000000015
58171  45.419  -0.585  27.190 0.3000000119
59107  46.988  -0.134  26.015 0.2000000030
58193  46.521  -0.436  26.321 0.3000000119
60815  45.663  2.118  27.562 0.4000000060
59949  46.174  0.969  27.481 0.4000000060
58183  46.292  -0.503  26.654 0.3000000119
59967  48.152  0.733  25.964 0.2000000030
59106  47.617  0.313  26.383 0.2000000030
59096  46.993  -0.100  26.778 0.3000000119
60826  46.146  2.895  27.284 0.4000000060
111130  46.504  1.735  27.317 0.4000000060
59080  47.392  0.400  27.142 0.3000000119
59094  48.245  0.734  26.770 0.3000000119
123000  22.911  -21.386  49.533 0.1000000015
40230  33.445  -18.936  45.138 0.5000000000
41149  34.622  -17.470  44.308 0.5000000000
42035  34.805  -16.853  43.712 0.5000000000
49363  39.877  -9.353  35.902 0.1000000015
52405  38.878  -6.619  34.623 0.1000000015
39345  24.209  -21.043  49.401 0.1000000015
42015  31.909  -17.778  46.606 0.2000000030
42014  32.727  -17.512  46.351 0.2000000030
41141  32.219  -18.841  46.440 0.5000000000
45557  34.380  -13.472  44.936 0.3000000119
54292  37.867  -4.755  32.722 0.1000000015
52417  37.864  -5.398  32.947 0.1000000015
41139  33.746  -18.225  45.361 0.5000000000
40221  32.685  -19.320  45.610 0.6000000238
42025  34.329  -17.127  45.053 0.4000000060
42026  33.617  -17.541  45.709 0.3000000119
50380  44.553  -7.617  31.887 0.1000000015
52424  37.889  -6.599  32.322 0.1000000015
51415  39.387  -7.658  31.193 0.1000000015
51376  38.399  -7.200  33.396 0.1000000015
52450  37.655  -6.188  30.858 0.1000000015
50335  38.723  -7.900  33.603 0.1000000015
53364  37.668  -5.107  32.433 0.1000000015
53370  37.479  -5.083  31.800 0.1000000015
55263  37.668  -3.835  31.317 0.1000000015
54310  37.281  -4.747  29.725 0.1000000015
57252  41.176  -1.866  27.510 0.1000000015
56265  40.248  -2.205  27.317 0.1000000015
57266  41.705  -1.923  26.703 0.1000000015
58224  45.107  -0.425  24.278 0.1000000015
30527  2.742  -32.101  44.361 0.1000000015
29628  2.582  -32.692  45.209 0.1000000015
29646  2.987  -31.959  43.234 0.1000000015
30548  3.409  -31.592  42.379 0.1000000015
30516  2.797  -31.916  45.263 0.1000000015
112240  3.085  -31.333  43.932 0.2000000030
31333  3.853  -29.998  44.619 0.2000000030
31334  3.409  -30.659  44.205 0.2000000030
30526  3.080  -31.283  44.732 0.1000000015
31321  3.925  -29.967  45.549 0.1000000015
31322  3.450  -30.598  45.118 0.2000000030
32175  4.850  -28.900  43.669 0.3000000119
31294  3.635  -30.663  47.151 0.1000000015
31308  3.500  -30.617  46.074 0.1000000015
30515  3.113  -31.287  45.610 0.1000000015
31307  4.037  -29.976  46.432 0.1000000015
31293  4.100  -30.138  47.835 0.1000000015
32137  4.498  -29.606  48.301 0.1000000015
124273  4.158  -29.912  47.125 0.1000000015
120142  4.487  -29.492  47.519 0.1000000015
32148  4.415  -29.390  45.970 0.1000000015
32147  4.931  -28.910  46.418 0.1000000015
32133  4.554  -29.707  49.200 0.1000000015
48631  30.753  -10.307  26.166 0.2000000030
60650  38.920  2.539  41.966 0.3000000119
61701  48.340  3.105  27.065 0.2000000030
63404  48.707  5.689  26.742 0.1000000015
47742  30.073  -11.785  26.476 0.2000000030
60835  48.515  2.088  27.443 0.3000000119
62546  48.115  4.668  26.629 0.2000000030
118195  3.894  -30.209  42.927 0.2000000030
60674  40.722  3.079  39.682 0.3000000119
123126  2.854  -31.944  45.954 0.1000000015
118700  49.292  2.406  27.484 0.2000000030
61700  49.365  3.317  27.427 0.2000000030
122595  34.095  -12.912  45.237 0.2000000030
46510  33.587  -12.453  45.459 0.2000000030
46497  33.137  -12.014  45.629 0.2000000030
50220  33.691  -8.731  45.569 0.2000000030
52244  34.286  -6.763  45.648 0.2000000030
52259  34.755  -6.010  45.701 0.3000000119
53238  34.163  -6.128  45.759 0.2000000030
53248  34.562  -5.352  45.776 0.2000000030
53249  33.836  -5.556  45.726 0.2000000030
53247  35.263  -5.262  45.726 0.3000000119
52272  32.332  -6.208  45.056 0.1000000015
53259  33.347  -5.032  45.353 0.2000000030
53250  33.045  -5.819  45.482 0.1000000015
122741  36.119  -4.044  45.864 0.4000000060
54169  35.011  -4.551  45.874 0.3000000119
54182  32.870  -4.705  44.569 0.2000000030
55114  35.579  -3.717  45.915 0.4000000060
118168  34.670  -3.860  45.721 0.3000000119
54170  34.211  -4.729  45.715 0.2000000030
56046  35.097  -2.968  45.719 0.3000000119
54181  33.715  -4.095  45.145 0.2000000030
54196  32.533  -4.554  43.649 0.1000000015
56058  34.728  -2.482  45.075 0.3000000119
55125  33.750  -3.367  44.294 0.2000000030
122263  32.841  -4.076  43.172 0.1000000015
54206  32.295  -4.486  42.751 0.1000000015
53280  31.053  -4.991  41.081 0.1000000015
56057  35.441  -2.153  45.435 0.3000000119
54195  33.155  -4.025  43.995 0.1000000015
55134  33.401  -3.486  43.099 0.1000000015
54217  32.389  -4.271  41.850 0.1000000015
54227  31.759  -4.573  40.546 0.1000000015
121063  38.479  -1.474  44.219 0.3000000119
55124  34.359  -3.226  45.229 0.2000000030
56059  34.233  -2.794  44.499 0.2000000030
55147  32.869  -3.930  42.401 0.1000000015
54226  32.520  -4.108  40.925 0.1000000015
57978  37.396  -0.625  44.813 0.3000000119
57032  38.247  -0.743  44.429 0.3000000119
57987  38.636  -0.053  44.089 0.3000000119
58903  38.917  0.553  43.748 0.3000000119
58000  38.919  -0.988  43.737 0.3000000119
57049  34.951  -1.652  43.885 0.1000000015
55146  33.356  -3.426  41.967 0.1000000015
57979  36.594  -0.671  44.789 0.3000000119
57036  35.038  -1.897  44.760 0.3000000119
56071  34.527  -2.274  44.161 0.1000000015
56084  33.877  -2.826  42.489 0.1000000015
57988  37.774  0.103  44.395 0.3000000119
121661  38.361  2.159  41.367 0.2000000030
58955  36.729  0.548  40.295 0.2000000030
120046  40.813  3.000  38.854 0.2000000030
61537  42.200  3.448  40.043 0.2000000030
60673  41.455  3.305  39.411 0.2000000030
119739  42.874  3.495  39.744 0.2000000030
60688  41.361  3.171  38.353 0.2000000030
61565  42.261  3.528  38.178 0.2000000030
60702  40.753  2.805  37.464 0.2000000030
61549  43.002  3.740  38.936 0.2000000030
61579  42.369  3.519  37.261 0.2000000030
60717  40.956  2.881  36.623 0.1000000015
60716  41.190  3.014  35.817 0.1000000015
126980  42.445  3.527  36.507 0.1000000015
61563  44.000  4.070  37.748 0.1000000015
61564  43.137  3.823  38.020 0.1000000015
109879  43.176  3.822  37.059 0.1000000015
61577  44.093  4.172  36.692 0.1000000015
61578  43.002  3.766  36.100 0.1000000015
64280  46.951  7.478  28.890 0.1000000015
53260  32.550  -5.434  44.854 0.1000000015
59791  37.764  1.708  41.656 0.2000000030
57035  35.779  -1.277  44.841 0.3000000119
62432  44.567  4.376  35.932 0.1000000015
107003  48.137  7.924  27.226 0.1000000015
65272  47.363  7.954  25.056 0.1000000015
56045  35.981  -2.789  45.866 0.3000000119
53269  32.147  -5.151  44.054 0.1000000015
54197  31.965  -4.927  43.336 0.1000000015
54218  31.812  -4.613  41.408 0.1000000015
56072  34.004  -2.805  43.586 0.1000000015
120764  36.780  0.486  39.409 0.2000000030
60689  40.586  2.790  38.192 0.2000000030
61550  42.186  3.537  39.125 0.2000000030
60701  41.560  3.175  37.380 0.2000000030
60703  40.019  2.448  37.673 0.2000000030
60718  40.127  2.442  36.689 0.1000000015
119961  41.748  3.228  36.529 0.1000000015
61590  43.672  4.062  35.581 0.1000000015
110209  48.996  8.044  27.191 0.1000000015
109433  13.322  -29.197  42.274 0.1000000015
30557  9.090  -31.253  41.696 0.1000000015
31370  8.660  -30.823  40.861 0.1000000015
31356  9.790  -30.802  41.829 0.1000000015
115110  10.522  -30.239  41.837 0.1000000015
32187  12.874  -29.235  42.865 0.1000000015
111632  12.685  -28.955  42.120 0.1000000015
31378  22.945  -29.964  40.524 0.2000000030
110700  22.439  -30.299  40.025 0.2000000030
126893  13.337  -29.380  42.795 0.1000000015
31394  21.886  -30.927  39.888 0.2000000030
32198  13.586  -29.125  41.480 0.1000000015
28846  18.209  -33.007  37.924 0.2000000030
31383  8.110  -30.093  40.511 0.1000000015
31368  9.889  -30.233  41.133 0.1000000015
118871  10.501  -29.678  41.110 0.1000000015
32188  12.049  -29.272  42.462 0.1000000015
32217  11.196  -28.984  41.016 0.1000000015
31393  22.176  -30.229  39.217 0.2000000030
30583  21.195  -31.169  38.550 0.2000000030
30577  21.337  -31.441  39.355 0.2000000030
31409  21.353  -30.531  37.983 0.2000000030
123203  20.897  -31.151  37.846 0.2000000030
110670  20.605  -31.779  38.068 0.2000000030
29700  20.027  -32.211  37.581 0.2000000030
123286  19.311  -32.138  36.700 0.2000000030
29701  19.320  -32.478  37.197 0.2000000030
31373  3.815  -31.226  41.852 0.1000000015
31372  4.344  -30.628  41.631 0.1000000015
32205  4.742  -29.875  41.745 0.1000000015
31371  5.111  -30.236  41.160 0.1000000015
32223  5.866  -29.918  40.806 0.1000000015
32222  6.666  -29.721  40.632 0.1000000015
31381  9.845  -29.675  40.749 0.1000000015
31357  4.284  -30.014  42.327 0.1000000015
32189  4.842  -29.365  42.291 0.2000000030
50441  32.843  -8.536  28.215 0.1000000015
50477  34.090  -8.630  27.150 0.1000000015
50479  32.595  -8.783  26.768 0.1000000015
49474  31.446  -9.447  27.097 0.1000000015
49480  34.895  -9.531  26.521 0.1000000015
123429  33.641  -8.962  26.061 0.1000000015
49489  32.445  -9.211  25.565 0.1000000015
49490  31.695  -9.488  25.626 0.1000000015
48628  36.206  -11.224  26.258 0.1000000015
48629  35.452  -10.674  25.721 0.1000000015
48630  34.824  -10.230  25.379 0.1000000015
108819  36.977  -11.872  26.180 0.1000000015
47748  35.926  -11.332  25.264 0.1000000015
127211  33.996  -8.364  28.103 0.1000000015
49471  35.375  -9.578  27.339 0.1000000015
50457  35.145  -8.872  28.086 0.1000000015
48620  35.626  -10.346  26.640 0.1000000015
47740  37.332  -11.967  26.918 0.1000000015
48619  36.335  -10.947  27.148 0.1000000015
47729  36.773  -11.349  27.586 0.1000000015
49450  35.862  -9.014  29.467 0.1000000015
50438  35.235  -8.580  29.025 0.1000000015
49462  36.262  -9.806  28.937 0.1000000015
48604  36.262  -10.276  28.234 0.1000000015
48610  36.518  -10.851  27.910 0.1000000015
45553  33.148  -12.687  45.606 0.1000000015
46511  32.742  -12.378  45.558 0.1000000015
31382  9.120  -30.000  40.618 0.1000000015
32218  10.260  -29.141  40.658 0.1000000015
28829  17.901  -33.312  38.647 0.2000000030
28845  18.985  -32.978  37.829 0.2000000030
29703  17.754  -32.541  37.387 0.2000000030
48622  30.473  -10.926  26.784 0.1000000015
110007  30.329  -10.999  25.849 0.1000000015
117035  31.652  -9.253  27.723 0.1000000015
48621  30.862  -10.130  27.028 0.1000000015
50424  32.201  -8.818  28.764 0.1000000015
50440  33.582  -8.348  28.464 0.1000000015
50439  34.426  -8.347  28.572 0.1000000015
117939  23.308  -18.887  26.903 0.2000000030
31347  3.426  -30.889  43.227 0.1000000015
49483  31.268  -9.673  26.325 0.1000000015
31358  3.800  -30.719  42.363 0.2000000030
32186  13.827  -29.504  42.064 0.1000000015
31369  9.353  -30.676  41.167 0.1000000015
31355  11.246  -30.004  42.731 0.1000000015
108048  21.656  -30.842  39.129 0.2000000030
112611  21.468  -31.624  40.024 0.1000000015
28827  19.524  -33.146  38.552 0.2000000030
32202  11.252  -29.545  41.769 0.1000000015
31402  21.677  -30.495  38.627 0.2000000030
30584  20.794  -31.996  38.849 0.2000000030
50442  32.159  -8.872  27.956 0.1000000015
50460  32.744  -8.636  27.426 0.1000000015
49481  34.214  -8.969  26.516 0.1000000015
50478  33.399  -8.657  26.781 0.1000000015
50459  33.574  -8.468  27.685 0.1000000015
49473  32.059  -8.958  27.217 0.1000000015
49482  31.999  -9.108  26.366 0.1000000015
50489  32.872  -8.881  26.133 0.1000000015
49486  35.040  -10.035  25.954 0.1000000015
49487  34.265  -9.523  25.654 0.1000000015
49488  33.296  -9.201  25.497 0.1000000015
122868  31.130  -9.887  25.687 0.1000000015
48640  31.350  -9.872  25.012 0.1000000015
126362  35.031  -10.768  24.796 0.1000000015
48637  34.271  -10.139  24.833 0.1000000015
125211  36.469  -11.590  25.746 0.1000000015
46750  36.757  -11.884  25.210 0.1000000015
50458  34.351  -8.552  27.778 0.1000000015
48611  35.995  -10.296  27.561 0.1000000015
49472  34.695  -8.972  27.212 0.1000000015
47741  36.793  -11.553  26.957 0.1000000015
49463  35.797  -9.659  28.142 0.1000000015
114734  35.684  -9.147  28.728 0.1000000015
112496  23.584  -29.566  41.008 0.1000000015
29684  20.987  -32.168  39.679 0.1000000015
32232  22.787  -29.674  39.706 0.1000000015
28784  17.292  -33.614  41.073 0.1000000015
109034  23.417  -29.254  40.179 0.1000000015
29673  21.281  -32.221  40.552 0.1000000015
29674  20.659  -32.905  40.107 0.1000000015
109309  22.590  -29.510  38.971 0.1000000015
29690  20.183  -32.486  38.327 0.1000000015
27921  19.454  -34.407  42.666 0.1000000015
29685  20.321  -32.857  39.200 0.1000000015
27905  20.717  -34.089  43.765 0.1000000015
27906  20.085  -34.326  43.223 0.1000000015
27938  19.637  -34.298  41.850 0.1000000015
28783  20.934  -33.291  41.734 0.1000000015
109426  20.482  -33.616  41.183 0.1000000015
28798  20.307  -33.535  40.552 0.1000000015
28799  19.742  -33.863  40.327 0.1000000015
111645  19.679  -33.438  39.281 0.1000000015
28758  20.728  -33.891  42.937 0.1000000015
28769  21.175  -33.347  42.538 0.1000000015
27937  20.324  -33.931  41.743 0.1000000015
127401  20.677  -33.751  42.280 0.1000000015
118034  24.986  -19.937  24.164 0.1000000015
117861  26.319  -22.392  27.204 0.1000000015
38842  25.648  -21.547  25.333 0.1000000015
42242  25.350  -17.596  24.281 0.1000000015
40496  25.365  -19.268  23.731 0.1000000015
37983  26.536  -22.690  28.039 0.1000000015
38062  25.560  -21.980  26.056 0.1000000015
38041  25.508  -22.383  26.744 0.1000000015
41400  24.793  -18.159  24.663 0.1000000015
38864  25.313  -21.088  24.772 0.1000000015
38820  24.238  -21.529  25.716 0.1000000015
41376  24.280  -18.643  25.193 0.1000000015
39644  24.063  -20.235  25.129 0.1000000015
38063  24.807  -22.118  26.204 0.1000000015
38843  23.694  -20.758  25.616 0.1000000015
40452  23.070  -19.643  26.417 0.1000000015
39626  22.764  -21.023  26.498 0.1000000015
114672  24.168  -18.351  25.783 0.1000000015
41359  23.673  -18.980  25.892 0.1000000015
40475  23.517  -19.864  25.685 0.1000000015
40453  22.526  -20.350  26.843 0.1000000015
40435  22.678  -19.570  27.182 0.1000000015
58979  36.759  0.133  37.379 0.1000000015
113928  38.416  2.033  40.387 0.1000000015
58978  37.426  0.619  37.050 0.1000000015
60691  39.226  2.237  39.074 0.1000000015
60690  40.072  2.607  38.750 0.1000000015
58954  37.260  1.024  40.001 0.1000000015
112041  36.852  0.398  38.427 0.1000000015
59801  37.790  1.593  40.663 0.1000000015
59828  37.909  1.287  38.751 0.1000000015
59841  37.886  1.098  37.770 0.1000000015
59854  38.076  1.116  36.784 0.1000000015
59827  38.572  1.652  38.376 0.1000000015
59840  38.660  1.560  37.401 0.1000000015
59826  39.294  2.088  38.026 0.1000000015
59116  47.386  0.449  25.515 0.1000000015
59979  46.931  0.874  24.579 0.1000000015
59117  46.630  0.157  25.089 0.1000000015
59990  47.164  1.673  24.156 0.1000000015
60864  46.633  2.200  23.335 0.1000000015
59991  46.410  1.385  23.735 0.1000000015
64393  51.763  6.535  18.919 0.1000000015
64377  52.307  6.731  19.501 0.1000000015
64378  51.418  6.455  19.547 0.1000000015
61738  47.938  4.034  22.971 0.1000000015
64392  52.532  6.665  18.645 0.1000000015
64379  50.489  6.126  19.512 0.1000000015
63454  48.586  5.178  21.138 0.1000000015
62594  48.154  4.755  21.667 0.1000000015
61739  47.264  3.713  22.472 0.1000000015
64394  51.019  6.335  18.746 0.1000000015
60834  49.096  1.755  27.409 0.1000000015
59954  49.313  1.541  26.989 0.1000000015
59966  48.786  1.131  26.466 0.1000000015
59977  48.478  1.406  25.520 0.1000000015
59978  47.712  1.136  25.021 0.1000000015
60853  47.939  1.928  24.613 0.1000000015
65331  53.082  6.986  20.201 0.1000000015
60862  48.156  2.730  24.245 0.1000000015
60863  47.397  2.477  23.761 0.1000000015
64363  51.996  6.666  20.379 0.1000000015
62575  48.688  4.268  23.385 0.1000000015
61728  48.399  3.525  23.830 0.1000000015
60876  46.896  2.998  22.919 0.1000000015
114549  51.109  6.333  20.157 0.1000000015
63453  49.433  5.510  21.355 0.1000000015
63442  48.851  5.114  21.969 0.1000000015
63441  49.634  5.382  22.309 0.1000000015
62584  49.070  4.934  22.891 0.1000000015
64366  49.849  5.866  19.939 0.1000000015
63463  49.650  5.725  20.567 0.1000000015
62544  49.879  3.797  27.591 0.1000000015
108106  49.645  2.149  27.296 0.1000000015
60842  49.674  1.971  26.799 0.1000000015
61711  50.287  2.651  26.944 0.1000000015
60851  49.573  2.275  25.925 0.1000000015
61719  49.819  3.120  25.441 0.1000000015
60852  48.748  2.129  25.165 0.1000000015
62564  49.963  4.010  24.834 0.1000000015
61720  48.991  2.907  24.774 0.1000000015
61727  49.184  3.747  24.305 0.1000000015
63422  51.048  5.085  24.705 0.1000000015
62573  50.239  4.776  24.240 0.1000000015
64364  51.296  6.353  20.856 0.1000000015
63440  50.413  5.620  22.711 0.1000000015
63431  49.879  5.158  23.242 0.1000000015
63462  50.087  5.850  21.118 0.1000000015
63452  50.222  5.771  21.841 0.1000000015
63403  49.935  4.960  27.333 0.1000000015
63392  50.994  5.223  27.772 0.1000000015
61699  50.055  3.032  27.425 0.1000000015
62534  50.591  3.956  27.591 0.1000000015
61692  50.744  3.501  27.360 0.1000000015
61710  50.952  3.352  26.924 0.1000000015
61718  50.594  3.439  26.093 0.1000000015
62554  51.194  3.930  26.490 0.1000000015
62562  51.551  4.661  25.824 0.1000000015
64333  53.791  6.832  24.456 0.1000000015
63421  51.920  5.405  25.181 0.1000000015
65330  54.106  7.186  19.930 0.1000000015
64355  50.760  6.096  21.367 0.1000000015
64344  51.098  6.074  22.319 0.1000000015
62533  51.118  4.353  27.548 0.1000000015
62532  51.463  5.110  27.642 0.1000000015
62542  51.589  4.735  27.447 0.1000000015
62553  51.767  4.489  26.891 0.1000000015
63413  52.240  5.155  26.325 0.1000000015
65244  52.859  7.669  27.192 0.1000000015
64315  53.778  7.030  25.470 0.1000000015
65315  54.032  7.191  20.885 0.1000000015
65303  53.372  6.894  22.260 0.1000000015
113348  52.030  6.602  21.182 0.1000000015
64353  52.433  6.644  21.904 0.1000000015
112002  51.941  6.394  22.384 0.1000000015
64343  52.828  6.610  22.890 0.1000000015
62543  51.248  3.942  27.279 0.1000000015
107614  52.604  9.894  23.537 0.1000000015
67147  52.347  9.811  20.404 0.1000000015
123853  19.093  -34.202  40.495 0.1000000015
28828  18.645  -33.374  38.515 0.1000000015
65316  52.983  6.919  21.223 0.1000000015
65302  54.100  7.175  21.847 0.1000000015
65291  54.217  7.184  22.790 0.1000000015
66178  53.391  8.721  26.115 0.1000000015
65269  54.634  8.103  24.342 0.1000000015
63390  51.856  5.520  27.637 0.1000000015
65290  54.795  7.591  22.432 0.1000000015
64291  51.940  6.397  27.775 0.1000000015
123417  52.960  8.798  26.557 0.1000000015
65270  54.211  7.537  24.840 0.1000000015
65279  54.781  7.690  23.370 0.1000000015
118963  54.235  8.487  25.093 0.1000000015
66212  55.240  8.245  22.968 0.1000000015
65281  53.549  6.749  23.603 0.1000000015
66201  54.975  8.781  23.894 0.1000000015
65280  54.254  7.167  23.783 0.1000000015
64335  51.938  6.205  23.294 0.1000000015
67111  54.030  10.115  24.395 0.1000000015
67138  52.356  9.905  21.377 0.1000000015
68032  53.154  10.533  22.121 0.1000000015
63439  51.093  5.817  23.157 0.1000000015
66179  53.091  9.122  26.016 0.1000000015
65259  53.862  8.107  25.804 0.1000000015
65260  53.421  7.338  26.428 0.1000000015
63429  51.485  5.690  24.047 0.1000000015
27965  19.381  -33.815  39.789 0.1000000015
27966  18.684  -33.956  39.773 0.1000000015
32214  24.019  -28.908  40.670 0.1000000015
38821  23.369  -21.424  26.186 0.1000000015
59955  48.773  1.183  27.148 0.1000000015
60663  39.043  2.555  41.180 0.1000000015
60676  39.140  2.424  40.157 0.1000000015
62545  49.327  4.284  27.206 0.1000000015
58037  36.271  -0.047  38.978 0.1000000015
28813  20.057  -33.464  39.845 0.1000000015
27920  20.178  -34.171  42.444 0.1000000015
108356  19.047  -33.675  39.140 0.1000000015
115178  24.639  -19.074  24.431 0.1000000015
39659  25.486  -20.604  24.305 0.1000000015
39678  25.751  -20.039  23.747 0.1000000015
37962  26.756  -22.946  28.872 0.1000000015
123125  26.140  -22.126  26.528 0.1000000015
115734  24.994  -21.745  25.650 0.1000000015
110938  24.815  -21.279  25.163 0.1000000015
38863  26.026  -21.130  24.681 0.1000000015
41399  25.225  -18.386  23.923 0.1000000015
38865  24.723  -20.588  24.714 0.1000000015
121788  24.274  -20.901  25.224 0.1000000015
40497  24.437  -19.850  24.669 0.1000000015
40474  24.053  -19.396  25.157 0.1000000015
39625  23.086  -20.492  26.152 0.1000000015
58991  36.967  0.207  36.450 0.1000000015
111450  37.260  0.617  37.782 0.1000000015
59814  37.853  1.433  39.683 0.1000000015
59813  38.497  1.835  39.374 0.1000000015
109617  37.314  0.928  39.084 0.1000000015
58966  37.428  0.864  38.351 0.1000000015
62585  48.373  4.596  22.486 0.1000000015
62586  47.708  4.301  22.087 0.1000000015
62595  47.603  4.491  21.432 0.1000000015
119789  49.004  5.459  20.638 0.1000000015
61745  47.025  4.075  21.526 0.1000000015
64410  50.103  5.982  18.400 0.1000000015
61729  47.645  3.277  23.368 0.1000000015
62574  49.454  4.512  23.801 0.1000000015
64365  50.448  6.057  20.498 0.1000000015
60843  49.202  1.650  26.163 0.1000000015
62563  50.767  4.296  25.328 0.1000000015
63430  50.658  5.397  23.645 0.1000000015
64323  53.253  6.403  25.054 0.1000000015
63420  52.732  5.811  25.685 0.1000000015
64354  51.565  6.366  21.647 0.1000000015
63412  52.752  5.795  26.767 0.1000000015
65243  53.222  8.265  26.581 0.1000000015
64305  52.969  6.650  27.051 0.1000000015
65232  52.365  7.013  27.575 0.1000000015
64316  53.252  6.436  26.108 0.1000000015
65292  53.676  6.868  23.046 0.1000000015
64334  52.967  6.489  23.948 0.1000000015
67128  52.445  9.938  22.395 0.1000000015
66190  54.339  9.312  24.698 0.1000000015
63401  52.398  6.020  27.490 0.1000000015
65233  51.705  7.402  27.757 0.1000000015
65245  52.094  7.995  27.617 0.1000000015
66162  52.542  8.484  27.100 0.1000000015
66191  53.789  9.113  25.494 0.1000000015
68018  53.535  10.334  23.924 0.1000000015
67120  53.309  9.990  24.516 0.1000000015
68025  53.348  10.518  23.140 0.1000000015
64324  52.406  6.021  24.537 0.1000000015
26299  1.709  -37.994  42.446 0.1000000015
27853  0.981  -34.645  49.029 0.1000000015
27871  1.777  -35.375  47.592 0.1000000015
27953  19.848  -34.075  41.034 0.1000000015
28815  17.682  -33.482  39.418 0.2000000030
29691  19.613  -32.683  37.881 0.1000000015
30456  2.470  -32.107  51.831 0.1000000015
30572  5.410  -31.528  40.667 0.1000000015
30602  17.617  -31.722  36.180 0.3000000119
31270  3.542  -31.073  52.927 0.1000000015
31353  14.294  -30.057  42.307 0.1000000015
31354  13.705  -29.565  42.674 0.1000000015
32115  3.635  -29.115  53.927 0.1000000015
32118  3.819  -29.822  53.757 0.1000000015
32120  5.026  -29.518  52.778 0.1000000015
32141  4.475  -29.409  46.778 0.1000000015
32201  11.947  -28.914  41.726 0.1000000015
32290  19.466  -29.248  33.686 0.3000000119
32949  4.051  -28.519  54.307 0.1000000015
32968  6.025  -28.029  48.474 0.2000000030
33782  4.470  -27.931  54.676 0.1000000015
33810  7.256  -27.043  47.905 0.3000000119
34561  4.602  -26.689  54.954 0.1000000015
34565  5.567  -26.748  55.190 0.2000000030
34575  3.647  -26.676  52.923 0.1000000015
34578  7.692  -26.527  51.684 0.2000000030
34587  8.299  -26.239  49.652 0.3000000119
34631  8.272  -26.130  43.112 0.4000000060
35351  6.403  -25.455  55.174 0.2000000030
35356  7.263  -25.682  54.897 0.2000000030
35389  11.070  -24.812  47.940 0.3000000119
35500  32.332  -25.476  37.825 0.1000000015
35519  31.517  -25.288  36.849 0.1000000015
36150  7.353  -24.621  54.722 0.2000000030
36174  5.764  -24.961  52.636 0.2000000030
36236  12.556  -24.485  47.856 0.3000000119
36364  31.549  -24.791  36.135 0.1000000015
36969  7.841  -24.371  54.623 0.2000000030
36972  10.457  -23.947  54.274 0.3000000119
36975  7.519  -24.272  54.534 0.2000000030
36989  8.037  -23.835  53.197 0.2000000030
37222  25.224  -23.465  29.238 0.2000000030
37726  11.816  -23.485  53.589 0.3000000119
37727  11.346  -23.546  53.750 0.3000000119
37729  13.845  -23.054  53.229 0.4000000060
37934  18.819  -22.997  31.962 0.4000000060
43859  30.875  -16.050  32.349 0.5000000000
45565  34.791  -14.247  44.041 0.4000000060
46538  33.950  -13.019  41.333 0.8000000119
47568  41.088  -12.435  40.949 0.6999999881
48441  34.480  -9.962  44.881 0.3000000119
50231  34.225  -8.670  45.424 0.3000000119
54207  31.574  -4.990  42.719 0.1000000015
55160  32.890  -3.848  41.609 0.1000000015
55184  33.313  -3.329  39.605 0.1000000015
61592  42.069  3.359  35.698 0.1000000015
63309  47.599  5.822  33.047 0.3000000119
63402  52.221  5.175  27.256 0.1000000015
106533  22.840  -28.414  37.851 0.2000000030
107253  13.990  -29.027  39.933 0.3000000119
113002  4.133  -38.110  41.499 0.1000000015
118194  4.960  -28.941  42.895 0.3000000119
120416  5.440  -28.051  54.597 0.2000000030
121538  11.482  -24.523  52.928 0.4000000060
121624  1.567  -38.136  43.563 0.1000000015
123007  21.211  -24.559  45.389 0.5000000000
124061  5.703  -25.259  55.041 0.2000000030
124738  6.499  -26.927  54.636 0.2000000030
125342  0.740  -33.685  49.318 0.1000000015
126770  31.860  -4.669  42.129 0.1000000015
126880  20.361  -24.856  42.786 0.6000000238
127033  0.974  -35.700  47.502 0.1000000015
127454  27.867  -16.204  22.090 0.1000000015
127600  24.153  -26.423  36.660 0.2000000030
127758  20.489  -21.873  29.108 0.3000000119
