global_signal	global_signal_derivative1	global_signal_power2	global_signal_derivative1_power2	csf	csf_derivative1	csf_power2	csf_derivative1_power2	white_matter	white_matter_derivative1	white_matter_derivative1_power2	white_matter_power2	csf_wm	tcompcor	std_dvars	dvars	framewise_displacement	rmsd	t_comp_cor_00	t_comp_cor_01	t_comp_cor_02	t_comp_cor_03	t_comp_cor_04	c_comp_cor_00	c_comp_cor_01	c_comp_cor_02	c_comp_cor_03	c_comp_cor_04	c_comp_cor_05	c_comp_cor_06	c_comp_cor_07	c_comp_cor_08	w_comp_cor_00	w_comp_cor_01	w_comp_cor_02	w_comp_cor_03	w_comp_cor_04	w_comp_cor_05	w_comp_cor_06	w_comp_cor_07	w_comp_cor_08	w_comp_cor_09	w_comp_cor_10	w_comp_cor_11	w_comp_cor_12	w_comp_cor_13	w_comp_cor_14	w_comp_cor_15	w_comp_cor_16	w_comp_cor_17	w_comp_cor_18	w_comp_cor_19	w_comp_cor_20	w_comp_cor_21	w_comp_cor_22	w_comp_cor_23	w_comp_cor_24	w_comp_cor_25	w_comp_cor_26	w_comp_cor_27	w_comp_cor_28	w_comp_cor_29	w_comp_cor_30	w_comp_cor_31	w_comp_cor_32	w_comp_cor_33	w_comp_cor_34	w_comp_cor_35	w_comp_cor_36	w_comp_cor_37	w_comp_cor_38	w_comp_cor_39	w_comp_cor_40	w_comp_cor_41	w_comp_cor_42	w_comp_cor_43	w_comp_cor_44	w_comp_cor_45	w_comp_cor_46	w_comp_cor_47	w_comp_cor_48	w_comp_cor_49	w_comp_cor_50	w_comp_cor_51	w_comp_cor_52	w_comp_cor_53	w_comp_cor_54	w_comp_cor_55	w_comp_cor_56	w_comp_cor_57	a_comp_cor_00	a_comp_cor_01	a_comp_cor_02	a_comp_cor_03	a_comp_cor_04	a_comp_cor_05	a_comp_cor_06	a_comp_cor_07	a_comp_cor_08	a_comp_cor_09	a_comp_cor_10	a_comp_cor_11	a_comp_cor_12	a_comp_cor_13	a_comp_cor_14	a_comp_cor_15	a_comp_cor_16	a_comp_cor_17	a_comp_cor_18	a_comp_cor_19	a_comp_cor_20	a_comp_cor_21	a_comp_cor_22	a_comp_cor_23	a_comp_cor_24	a_comp_cor_25	a_comp_cor_26	a_comp_cor_27	a_comp_cor_28	a_comp_cor_29	a_comp_cor_30	a_comp_cor_31	a_comp_cor_32	a_comp_cor_33	a_comp_cor_34	a_comp_cor_35	a_comp_cor_36	a_comp_cor_37	a_comp_cor_38	a_comp_cor_39	a_comp_cor_40	a_comp_cor_41	a_comp_cor_42	a_comp_cor_43	a_comp_cor_44	a_comp_cor_45	a_comp_cor_46	a_comp_cor_47	a_comp_cor_48	a_comp_cor_49	a_comp_cor_50	a_comp_cor_51	a_comp_cor_52	a_comp_cor_53	a_comp_cor_54	a_comp_cor_55	edge_comp_00	edge_comp_01	edge_comp_02	edge_comp_03	edge_comp_04	edge_comp_05	edge_comp_06	edge_comp_07	edge_comp_08	edge_comp_09	edge_comp_10	edge_comp_11	edge_comp_12	edge_comp_13	edge_comp_14	edge_comp_15	edge_comp_16	edge_comp_17	edge_comp_18	edge_comp_19	edge_comp_20	edge_comp_21	edge_comp_22	edge_comp_23	cosine00	cosine01	cosine02	cosine03	cosine04	non_steady_state_outlier00	non_steady_state_outlier01	non_steady_state_outlier02	non_steady_state_outlier03	trans_x	trans_x_derivative1	trans_x_power2	trans_x_derivative1_power2	trans_y	trans_y_derivative1	trans_y_derivative1_power2	trans_y_power2	trans_z	trans_z_derivative1	trans_z_derivative1_power2	trans_z_power2	rot_x	rot_x_derivative1	rot_x_derivative1_power2	rot_x_power2	rot_y	rot_y_derivative1	rot_y_power2	rot_y_derivative1_power2	rot_z	rot_z_derivative1	rot_z_derivative1_power2	rot_z_power2	motion_outlier00	motion_outlier01
1051.484645870383	n/a	1105619.960501165	n/a	1608.710108817892	n/a	2587948.214212874	n/a	1029.9680220518007	n/a	n/a	1060834.1264492988	1070.8838961216693	1067.2555645549094	n/a	n/a	n/a	n/a	0.0	0.0	0.0	0.0	0.0	0.0	0.0	0.0	0.0	0.0	0.0	0.0	0.0	0.0	0.0	0.0	0.0	0.0	0.0	0.0	0.0	0.0	0.0	0.0	0.0	0.0	0.0	0.0	0.0	0.0	0.0	0.0	0.0	0.0	0.0	0.0	0.0	0.0	0.0	0.0	0.0	0.0	0.0	0.0	0.0	0.0	0.0	0.0	0.0	0.0	0.0	0.0	0.0	0.0	0.0	0.0	0.0	0.0	0.0	0.0	0.0	0.0	0.0	0.0	0.0	0.0	0.0	0.0	0.0	0.0	0.0	0.0	0.0	0.0	0.0	0.0	0.0	0.0	0.0	0.0	0.0	0.0	0.0	0.0	0.0	0.0	0.0	0.0	0.0	0.0	0.0	0.0	0.0	0.0	0.0	0.0	0.0	0.0	0.0	0.0	0.0	0.0	0.0	0.0	0.0	0.0	0.0	0.0	0.0	0.0	0.0	0.0	0.0	0.0	0.0	0.0	0.0	0.0	0.0	0.0	0.0	0.0	0.0	0.0	0.0	0.0	0.0	0.0	0.0	0.0	0.0	0.0	0.0	0.0	0.0	0.0	0.0	0.0	0.0	0.0	0.0	0.0	0.0	0.0	0.0	0.0	0.0	0.0	0.0	0.0	0.0	0.0	0.0	0.0	0.0	0.0	0.0	1.0	0.0	0.0	0.0	0.0	n/a	0.0	n/a	0.0	n/a	n/a	0.0	0.0	n/a	n/a	0.0	-0.0	n/a	n/a	0.0	0.0	n/a	0.0	n/a	0.0	n/a	n/a	0.0	0.0	0.0
1052.882742463985	1.3980965936020766	1108562.0693784824	1.95467408504173	1606.8359882476482	-1.874120570243804	2581921.893127796	3.51232791181096	1031.4302957321	1.4622736802991767	2.1382443160956988	1063848.4549540072	1072.7639531302518	1091.3543607305687	1.241994	25.034424	0.0121174642294321	0.0086129127406517	0.0	0.0	0.0	0.0	0.0	0.0	0.0	0.0	0.0	0.0	0.0	0.0	0.0	0.0	0.0	0.0	0.0	0.0	0.0	0.0	0.0	0.0	0.0	0.0	0.0	0.0	0.0	0.0	0.0	0.0	0.0	0.0	0.0	0.0	0.0	0.0	0.0	0.0	0.0	0.0	0.0	0.0	0.0	0.0	0.0	0.0	0.0	0.0	0.0	0.0	0.0	0.0	0.0	0.0	0.0	0.0	0.0	0.0	0.0	0.0	0.0	0.0	0.0	0.0	0.0	0.0	0.0	0.0	0.0	0.0	0.0	0.0	0.0	0.0	0.0	0.0	0.0	0.0	0.0	0.0	0.0	0.0	0.0	0.0	0.0	0.0	0.0	0.0	0.0	0.0	0.0	0.0	0.0	0.0	0.0	0.0	0.0	0.0	0.0	0.0	0.0	0.0	0.0	0.0	0.0	0.0	0.0	0.0	0.0	0.0	0.0	0.0	0.0	0.0	0.0	0.0	0.0	0.0	0.0	0.0	0.0	0.0	0.0	0.0	0.0	0.0	0.0	0.0	0.0	0.0	0.0	0.0	0.0	0.0	0.0	0.0	0.0	0.0	0.0	0.0	0.0	0.0	0.0	0.0	0.0	0.0	0.0	0.0	0.0	0.0	0.0	0.0	0.0	0.0	0.0	0.0	0.0	0.0	1.0	0.0	0.0	8.014461641892012e-06	8.014461641892012e-06	6.423159540935842e-11	6.423159540935842e-11	-0.0061070001684129	-0.0061070001684129	3.72954510569952e-05	3.72954510569952e-05	-2.4498013573293065e-06	-2.4498013573293065e-06	6.001526690372512e-12	6.001526690372512e-12	-0.0	0.0	0.0	0.0	-0.0001199999959604	-0.0001199999959604	1.4399999030496016e-08	1.4399999030496016e-08	0.0	0.0	0.0	0.0	0.0	0.0
1055.0948732919055	2.2121308279204186	1113225.191646862	4.893522799835877	1612.4988900448411	5.662901797192944	2600152.6703958446	32.06845676465108	1033.287598098923	1.857302366822978	3.449572081806236	1067683.2603850411	1073.4199389142009	1087.0942727083154	1.405944	28.339115	0.0549360904546608	0.0286071730692445	0.0	0.0	0.0	0.0	0.0	0.0	0.0	0.0	0.0	0.0	0.0	0.0	0.0	0.0	0.0	0.0	0.0	0.0	0.0	0.0	0.0	0.0	0.0	0.0	0.0	0.0	0.0	0.0	0.0	0.0	0.0	0.0	0.0	0.0	0.0	0.0	0.0	0.0	0.0	0.0	0.0	0.0	0.0	0.0	0.0	0.0	0.0	0.0	0.0	0.0	0.0	0.0	0.0	0.0	0.0	0.0	0.0	0.0	0.0	0.0	0.0	0.0	0.0	0.0	0.0	0.0	0.0	0.0	0.0	0.0	0.0	0.0	0.0	0.0	0.0	0.0	0.0	0.0	0.0	0.0	0.0	0.0	0.0	0.0	0.0	0.0	0.0	0.0	0.0	0.0	0.0	0.0	0.0	0.0	0.0	0.0	0.0	0.0	0.0	0.0	0.0	0.0	0.0	0.0	0.0	0.0	0.0	0.0	0.0	0.0	0.0	0.0	0.0	0.0	0.0	0.0	0.0	0.0	0.0	0.0	0.0	0.0	0.0	0.0	0.0	0.0	0.0	0.0	0.0	0.0	0.0	0.0	0.0	0.0	0.0	0.0	0.0	0.0	0.0	0.0	0.0	0.0	0.0	0.0	0.0	0.0	0.0	0.0	0.0	0.0	0.0	0.0	0.0	0.0	0.0	0.0	0.0	0.0	0.0	1.0	0.0	-0.0169755484334785	-0.0169835628951203	0.0002881692446173	0.0002884414086125	0.0115820001810789	0.0176890003494918	0.0003129007333643	0.0001341427281945	0.0071610789148763	0.0071635287162336	5.131614366830383e-05	5.1281051225085926e-05	-0.0	0.0	0.0	0.0	-0.0003819999658367	-0.0002619999698763	1.4592397389923997e-07	6.86439842151821e-08	0.0	0.0	0.0	0.0	0.0	0.0
1053.7742308180764	-1.320642473829139	1110440.1295362285	1.744096543681548	1618.3735221700465	5.87463212520538	2619132.857261082	34.511302606495086	1031.815240371201	-1.4723577277218285	2.1678372783821853	1064642.6902622797	1072.932214588754	1088.8809360404068	1.353876	27.289591	0.0224030331341916	0.0139649794448956	0.0	0.0	0.0	0.0	0.0	0.0	0.0	0.0	0.0	0.0	0.0	0.0	0.0	0.0	0.0	0.0	0.0	0.0	0.0	0.0	0.0	0.0	0.0	0.0	0.0	0.0	0.0	0.0	0.0	0.0	0.0	0.0	0.0	0.0	0.0	0.0	0.0	0.0	0.0	0.0	0.0	0.0	0.0	0.0	0.0	0.0	0.0	0.0	0.0	0.0	0.0	0.0	0.0	0.0	0.0	0.0	0.0	0.0	0.0	0.0	0.0	0.0	0.0	0.0	0.0	0.0	0.0	0.0	0.0	0.0	0.0	0.0	0.0	0.0	0.0	0.0	0.0	0.0	0.0	0.0	0.0	0.0	0.0	0.0	0.0	0.0	0.0	0.0	0.0	0.0	0.0	0.0	0.0	0.0	0.0	0.0	0.0	0.0	0.0	0.0	0.0	0.0	0.0	0.0	0.0	0.0	0.0	0.0	0.0	0.0	0.0	0.0	0.0	0.0	0.0	0.0	0.0	0.0	0.0	0.0	0.0	0.0	0.0	0.0	0.0	0.0	0.0	0.0	0.0	0.0	0.0	0.0	0.0	0.0	0.0	0.0	0.0	0.0	0.0	0.0	0.0	0.0	0.0	0.0	0.0	0.0	0.0	0.0	0.0	0.0	0.0	0.0	0.0	0.0	0.0	0.0	0.0	0.0	0.0	0.0	1.0	-0.0162656824223716	0.0007098660111069	0.0002645724246654	5.039097537248216e-07	0.0	-0.0115820001810789	0.0001341427281945	0.0	-8.826792452509835e-08	-0.0071611671828008	5.128231542002351e-05	7.791226499968459e-15	-0.0	0.0	0.0	0.0	-0.0004409999610208	-5.899999518410001e-05	1.9448096562034717e-07	3.4809994317238246e-09	0.0	0.0	0.0	0.0	0.0	0.0
1051.1272302348266	-2.647000583249792	1104868.454141138	7.006612087724738	1627.341885221765	8.968363051718597	2648241.611397129	80.43153582743132	1032.565148972731	0.7499086015300236	0.5623629106487157	1066190.7868730784	1074.661109671542	1095.5956788943586	1.349844	27.208328	0.0692951540285551	0.0482823419795669	-0.0988285831	-0.0488169862	-0.0721838335	0.1754225775	-0.093819608	-0.141012636	-0.0767681428	0.0200708981	-0.1278488067	0.1669914916	-0.0588893485	0.0484500908	-0.033105639	-0.0516009462	0.2325110682	-0.1413578058	-0.0442455453	0.0800394457	-0.019085505	0.0019646474	-0.1703492395	0.0274836365	-0.0357291524	0.0059974899	-0.1935720393	-0.0739931888	0.0116821643	-0.0343428837	0.0433279289	-0.0097291161	0.0755739976	-0.0415425448	0.0799098212	-0.0100212596	0.0603326995	-0.0618657082	0.0028527078	-0.0205076339	0.0873459191	0.0884443156	-0.0830224521	0.1200324228	-0.1607381098	0.127032918	-0.0434763782	-0.0609214719	0.1223145295	0.053176456	-0.0521668547	-0.0970413915	0.0355074712	0.1079343041	-0.0536505737	-0.0118643944	-0.0976655572	0.0989947541	0.046095671	-0.0947937312	-0.0356922169	-0.0761398495	0.0343205782	0.079260401	-0.0030285824	-0.1230355191	-0.0568369743	0.11465754	0.0319583122	-0.1332616327	-0.0137898472	-0.0584305296	-0.0454472867	0.0536036131	-0.1157374545	0.143993609	-0.1561402718	0.1213645182	-0.0041662194	0.1178712993	-0.0969210366	0.0586011668	-0.1620576134	0.0051403646	-0.0640186	0.155469605	0.0668577842	-0.083981858	0.0564294665	-0.0452866022	0.0677658627	-0.0437786293	0.0502792218	-0.0072133263	0.0109781656	-0.0528041496	0.0423573649	-0.0385655033	0.1140517173	-0.0953522978	0.1721849741	-0.029051309	-0.0452584701	0.195209624	-0.1740039056	0.0865108706	0.0742586058	-0.0818760499	0.0244149779	0.0174019629	0.0373817082	0.0940839764	-0.0866209888	-0.0333767787	0.1206467342	-0.0039005965	-0.025307666	-0.0087781384	-0.0347257883	0.0531261825	0.130965915	-0.1456305035	-0.0604463845	0.0731979411	0.1449506146	-0.0059223545	-0.0531724392	-0.0525676444	-0.1163551552	0.0205195664	-0.0893496766	0.0281878231	-0.0680809102	0.0551027305	-0.1644021363	0.0805955416	0.1587208753	-0.0121103676	0.1336147772	-0.0217713493	0.010262927	-0.0494261776	0.0410353854	-0.0095165987	0.0194137174	-0.1233741934	0.0955431646	-0.0054902318	0.1220374822	-0.0212421182	0.068903349	0.066783457	-0.0379167781	0.0837881494	0.11250323	0.1124865505	0.112458753	0.1124198403	0.1123698164	0.0	0.0	0.0	0.0	-0.0187959495061136	-0.002530267083742	0.0003532877178363	6.4022515150682565e-06	0.045799245035397	0.045799245035397	0.0020975708458123	0.0020975708458123	0.0141644262455713	0.0141645145134958	0.000200633471403	0.0002006309708662	0.00010900000943	0.00010900000943	1.1881002055740091e-08	1.1881002055740091e-08	-0.0004139999855339	2.699997548690001e-05	1.713959880220694e-07	7.289986762932015e-10	2.25630015068725e-08	2.25630015068725e-08	5.090890369991307e-16	5.090890369991307e-16	0.0	0.0
1048.4445544764233	-2.6826757584033203	1099235.9838112656	7.1967492247248295	1617.369491698894	-9.972393522871016	2615884.072678339	99.4486325749998	1029.4529968865363	-3.112152086194783	9.68549060760654	1059773.4727986709	1071.8687197385668	1086.9352334056923	1.256524	25.327309	0.0632111766466741	0.0387495720971026	0.0102821016	0.0730025412	-0.033030047	0.0602132036	-0.2218481573	-0.0564605705	0.07663064	-0.1145307199	-0.1282560271	0.1990269074	0.0319393621	-0.0860847799	-0.0635686728	-0.106492357	0.0312282698	-0.0487758373	-0.1105814331	0.0609307974	-0.1125191094	0.0114622623	-0.0731701712	-0.0835028749	0.0768665507	-0.0440081146	-0.0776662472	-0.2148416487	-0.0409442225	-0.0350277	0.1415923346	0.0233979187	0.0658415134	-0.0698959763	-0.102427093	0.0194644702	-0.0020734982	-0.0298511069	-0.1375043568	-0.1307693014	0.0929180505	-0.132588495	-0.1847963027	0.0233578717	0.0528041084	-0.0972201386	0.0350428434	0.0109825207	-0.0197137834	0.03322504	0.0085597533	-0.022528491	0.0932101225	-0.0062778544	0.0564493151	-0.0077624571	0.2318024458	0.1139351046	0.1108887715	-0.0941673984	0.0644307988	-0.0587687402	-0.0747821416	-0.0253727805	-0.0502153134	-0.0308859342	0.0177850502	-0.0421244923	-0.0295467619	-0.100088249	0.0819984549	-0.0014422136	-0.069382191	-0.0396745741	0.083937738	0.083130697	-0.0416836891	0.1074786121	-0.0253736531	0.2168040215	-0.0348599487	-0.103092496	-0.0683792884	-0.0524621276	-0.0448745593	0.1374821502	0.0207409567	-0.1426356024	-0.0168575151	-0.0837974563	0.0662594311	-0.0155190028	-0.0998827128	-0.1531754282	-0.0062321916	-0.0670889437	0.076342018	0.1496678284	0.0226368724	0.0419578402	0.0385177532	-0.0571830404	0.0850649295	-0.0323189728	-0.0522879787	-0.0374023834	-0.0022308013	0.1964696623	-0.0508024437	0.1133095267	0.0654317008	0.0657615414	-0.0262960655	-0.0420322069	-0.065146436	0.0176446681	-0.0146306782	0.213162391	0.0446437128	-0.0775347822	-0.0391172412	0.0055712339	-0.0417574404	0.0564070384	0.0161626323	-0.0745112467	-0.0613096112	0.0003595308	0.0655035602	0.0561319523	0.0213909543	0.0895356543	0.1290357483	0.0365123763	-0.0963855744	0.0064461488	0.1620671965	0.145549886	0.0915557753	0.0650431212	0.1423109408	0.0298607009	0.0143557658	-0.0805214335	-0.0197771483	-0.0750674002	0.2398863962	-0.0119721767	-0.0824165402	-0.0916822172	0.1125126686	0.1224881881	-0.0066321629	0.1833593136	0.112458753	0.1123086861	0.112058723	0.1117090859	0.1112600859	0.0	0.0	0.0	0.0	-0.0124901208338599	0.0063058286722537	0.0001560031184444	3.976347524381689e-05	0.0119291763451343	-0.0338700686902627	0.0011471815530831	0.0001423052482733	0.0178453199656587	0.0036808937200874	1.3548978578578862e-05	0.0003184554446767	-0.0002030155355541	-0.0003120155449841	9.735370031172494e-08	4.1215307676318047e-08	-0.0004139923584851	7.627048799984087e-09	1.7138967288405557e-07	5.81718733973387e-17	-7.504197624699888e-05	-7.506453924850575e-05	5.63468505259046e-09	5.631298199055144e-09	0.0	0.0
1044.2544961150095	-4.190058361413776	1090467.4526564125	17.556589072053498	1605.6977385662972	-11.671753132596905	2578265.2276369208	136.22982118828563	1027.8166013814066	-1.6363955051297123	2.677790249208727	1056406.9660752253	1069.5261799760938	1079.5508498216857	1.344945	27.109566	0.1363189447025052	0.0729121421707685	0.0924840988	-0.064910851	0.1034245794	0.114845777	-0.0014397531	-0.0644809584	0.0197948547	-0.1338372772	-0.0453081981	-0.0591375021	0.0900012801	-0.2360317145	-0.212967384	-0.1292841857	-0.1575492389	0.1209843873	-0.0465572154	0.0659276433	-0.0146241961	-0.1221734509	-0.0162126179	-0.1202625731	0.02910202	0.0033301509	-0.0536750177	0.0014969709	0.034571721	0.0195774672	0.1350965396	0.1596979443	-0.0520461235	0.0881271558	0.0742286365	0.0527475	0.0305072327	-0.0862450061	-0.0993206093	-0.0472661106	-0.0134111693	0.1025398954	-0.0463132275	-0.0236821162	0.0935772417	0.0101389847	0.1141001102	0.0427836525	-0.0473005635	-0.0075512903	-0.0130431668	0.0829702813	-0.1102065449	0.1016048863	-0.0945128953	0.033069392	0.0063586667	-0.0084811507	-0.0188683121	0.0609722027	-0.029678074	-0.1168806174	-0.0765334495	-0.0141232388	-0.1095881645	0.0291200318	-0.0073980106	-0.0664937334	0.0379961876	0.1620848872	0.0125233139	0.0417612429	0.1643503046	-0.1466361195	0.0932303259	0.0329941892	0.0936604931	-0.1536950791	-0.0457650957	0.0584260215	0.0999839529	-0.138002483	-0.0564841323	-0.0686976461	0.0121027138	0.074177393	-0.015315884	-0.1009888489	-0.0266031874	-0.0460662141	0.0960930547	0.1735012316	0.1116898804	-0.015161259	0.0411462163	-0.1069417522	0.121166271	-0.0562986148	-0.0515981316	-0.0447587324	-0.0734146502	0.1280945553	-0.0343922043	0.0582996427	0.0121479635	-0.0597382679	-0.018408526	-0.0971763949	-0.0419827743	-0.0561074728	0.0065882369	0.1569461359	0.1344458223	0.0081450373	-0.0735097965	0.0228643878	-0.1628719556	0.0557040977	-0.093123247	-0.1134504383	-0.0777306223	0.1025838363	0.0781080397	-0.0286101967	-0.0198100578	-0.0350242169	-0.0400558103	-0.1000404085	0.0491222007	0.0601543009	0.0473989353	-0.0722892646	0.0127244488	-0.1247873865	0.1496241473	-0.0986405368	0.1657604649	0.0151934344	0.0814553368	-0.0003130762	0.1179358023	0.0547693535	0.0707435087	0.0226596158	-0.1007916767	-0.0626730629	0.0916984591	0.1110621743	-0.1563670341	0.0248711527	-0.0250283177	-0.0762827692	0.1705775992	-0.0582051013	0.1123698164	0.1119532386	0.1112600859	0.1102920707	0.1090515843	0.0	0.0	0.0	0.0	-0.0120675216086141	0.0004225992252458	0.0001456250777743	1.7859010517835072e-07	-0.0491074819727117	-0.0610366583178459	0.0037254736586094	0.0024115447857002	0.0428552695019419	0.0250099495362832	0.0006254975758074	0.001836574124084	-5.8980260183339264e-05	0.0001440352753707	2.0746160551130875e-08	3.478671091294395e-09	9.40123887911426e-05	0.0005080047472762	8.838329246216955e-09	2.580688232551992e-07	-0.0004199967060626	-0.0003449547298156	1.1899376562215442e-07	1.76397233103434e-07	0.0	0.0
1043.206142473163	-1.048353641846461	1088279.0556937372	1.0990453583727378	1599.0890764277033	-6.6086621385939	2557085.874350405	43.674415262084494	1027.326065915286	-0.490535466120491	0.2406250435220474	1055398.8457089788	1068.0661735714175	1065.8876095905557	1.277113	25.742308	0.126829099756941	0.080371400399974	-0.0803717882	-0.0196498707	-0.0380291858	0.07853586	0.1223744489	-0.0271523703	-0.1142341625	-0.0612834085	0.169578177	-0.1585799997	-0.0168166764	0.0041149013	-0.217765276	-0.0162593278	-0.1795730797	-0.0479917331	0.1259127161	-0.0312560834	-0.0419102914	-0.053611692	-0.04723751	0.0238862464	-0.1888355048	0.0329921722	-0.0298078602	-0.0482034865	-0.0075624286	-0.1280298841	-0.0582928683	0.1746553742	0.0308427402	-0.0188197214	0.1037550431	-0.0507835829	-0.0211702419	0.0976799549	0.0445934843	-0.045384647	-0.0421531321	0.0282739071	0.0401586844	-0.0003335969	0.025522936	0.0859895486	-0.1555725618	-0.0374975316	-0.0199498018	-0.0469948554	-0.0073646451	0.1848056721	0.0335619953	-0.0752591917	0.1488401517	0.1094815054	-0.200585867	0.1623656417	0.0612806921	-0.0305758157	0.0089845647	0.0400099336	-0.0637455119	0.0448802234	-0.1774477899	0.000150332	-0.0338226523	-0.1080448765	-0.0110574173	-0.0318942942	0.0515009136	-0.0652116679	0.1238834416	-0.0374982038	-0.1035039749	0.0176361592	0.2313347689	-0.1330234793	-0.0451721059	-0.0569831026	0.1122088273	0.0513741333	-0.1091237232	0.0285790452	-0.1505811999	0.0774888376	-0.0100011007	0.0121158851	-0.0375157447	0.0269209726	-0.0405913551	-0.0247734929	0.1073970445	-0.0184081644	0.0582399657	-0.0118800814	0.0051051698	0.0356923471	-0.0568004075	0.0423274399	-0.0551541859	0.0557442253	0.0618730806	0.0112482143	0.0449427275	0.2293220243	0.0136334982	0.0574273713	-0.0586874681	-0.1644855925	0.034045952	-0.102593782	-0.0813520376	-0.0940019406	-0.0765725759	-0.0740883875	-0.1497443818	-0.057725054	0.0679516916	0.0667002061	0.0256880859	-0.0858800025	0.0195585191	-0.0179140735	-0.0176541663	-0.0008265619	-0.1114106769	-0.0856028761	-0.0392851331	0.0511969845	-0.1030282898	0.0195939929	-0.057620307	0.0193676749	0.1829661759	0.0847617935	0.0698732406	-0.1062306076	0.0903108826	0.0274902246	-0.1570641814	-0.0045664159	0.0801511132	0.0524679632	-0.0065949959	0.0530323838	0.0076043246	-0.0256653596	-0.0341580612	0.045982992	0.1052348427	-0.0101755818	0.0837364966	-0.0222192714	0.1122364555	0.1114207701	0.1100656827	0.1081777535	0.1057661221	0.0	0.0	0.0	0.0	-0.013973994782475	-0.0019064731738609	0.0001952725301806	3.6346399626512542e-06	0.0262338170463749	0.0753412990190866	0.0056763113378834	0.0006882131568226	0.0429876091309466	0.0001323396290046	1.7513777405101023e-08	0.001847934538795	-0.000391008158473	-0.0003320278982896	1.1024252524264929e-07	1.528873799924467e-07	-0.0002179853350867	-0.0003119977238778	4.7517606312860886e-08	9.734257970495453e-08	-7.504256953032624e-05	0.0003449541365322	1.1899335631072657e-07	5.6313872417138475e-09	0.0	0.0
1045.6457649766237	2.4396225034606687	1093375.0658135486	5.9517579593917	1601.9133662771671	2.824289849463866	2566126.4330574456	7.976613153784631	1030.1114620133285	2.7853960980423835	7.758431422989735	1061129.624171237	1070.7071240805278	1063.0904108376124	1.338201	26.973637	0.0476184890079047	0.02269512698361	0.085455287	0.1200056603	-0.0723177212	-0.1108221471	0.0774837843	0.2139548134	0.0346353988	0.020384411	0.1625587891	0.0210286574	-0.1033501833	0.1999322427	-0.0692455361	-0.034193244	-0.0109017821	0.0156135037	0.007150612	-0.1795397964	0.0403503029	-0.094134718	0.0003111333	-0.0628110244	-0.0311898243	0.1199184287	0.0046432158	-0.0403309089	-0.0807989705	-0.1114356305	-0.0404508942	0.0514108433	0.0984312255	-0.1053446314	0.134728606	0.040989243	0.0364967191	0.0032207127	-0.0134776384	0.1050320679	-0.0336516217	-0.057394185	-0.0483189118	-0.0437918169	0.0929627393	-0.1026945776	-0.0287485856	0.1830855209	0.0816485954	0.1382655504	-0.0105683278	-0.0918047888	-0.1132173601	-0.169733814	0.0759737116	0.0116496703	-0.0260426154	0.0094305556	0.052932077	0.0219245597	-0.039422402	-0.0177959359	0.1288404145	-0.0492854505	-0.0048289629	-0.138137112	-0.014467779	0.0279596066	-0.1111690767	0.0020887184	-0.1230342544	0.1038692814	-0.1241721776	-0.0357361922	-0.0013230216	-0.1996679663	0.0300927446	-0.0192615651	0.0150841439	-0.1109768655	-0.1124951205	-0.0145818715	-0.0568130039	-0.0322721764	-0.1160607905	0.0477997144	-0.0161432318	0.038923793	0.0598696067	0.0302998298	0.0029888695	-0.1712786876	0.002910498	-0.142596436	0.1252118546	-0.1512957499	-0.0829833329	0.0800844296	0.0965242349	0.1900208595	-0.0091870872	-0.0610456545	-0.1366658546	-0.2287891581	-0.0211677807	-0.0386028873	0.0371047214	0.0116235037	0.0155839612	-0.0035839908	0.0350442911	-0.0010609358	-0.0357468536	-0.037022701	0.0410730013	-0.1087724994	0.0063011494	-0.1015896261	0.0094917911	0.0698933606	0.0627376821	0.0140561847	-0.1398751563	-0.0076760846	-0.020405943	-0.1278738738	0.0510433828	-0.02545357	0.0141566938	0.0315976691	0.111915153	0.0539577311	-0.0034841927	0.0954416072	0.0475302042	0.0644874876	-0.0437367799	0.1138414626	-0.009012021	-0.0604855517	-0.1970519142	-0.0617232902	0.0089456025	-0.0711406234	-0.1179305069	-0.0256476505	0.0032785487	-0.0255710781	0.0416046386	0.1671924829	0.0812892536	-0.068906276	0.0018961097	-0.1373465106	0.112058723	0.1107121224	0.1084797619	0.1053795017	0.1014361455	0.0	0.0	0.0	0.0	-0.0195219730902778	-0.0055479783078028	0.0003811074333375	3.078006330385043e-05	0.0380222515997843	0.0117884345534093	0.00013896718922	0.0014456916167172	0.0328533895306577	-0.0101342196002888	0.0001027024069068	0.0010793452036531	-0.0001510258336208	0.0002399823248522	5.759151624146685e-08	2.2808802420857563e-08	-0.00024598413603	-2.7998800943300017e-05	6.050819517842555e-08	7.83932854262538e-10	-0.0002100185746629	-0.0001349760051325	1.8218521961548578e-08	4.41078017034361e-08	0.0	0.0
1046.6603296749586	1.0145646983348795	1095497.845715293	1.0293415271073454	1609.8895614705186	7.9761951933514865	2591744.4001317387	63.61968976244336	1031.0130383166638	0.9015763033353325	0.8128398307358032	1062987.8851789583	1072.9459022661915	1078.6696859594551	1.332027	26.84918	0.0972776974669134	0.0563279976144552	-0.0017013614	-0.1419958911	0.0588286171	-0.1049629344	-0.0350274385	-0.0289298553	0.1213836214	0.1390081919	0.1085298197	0.0508536722	-0.0818788725	-0.0626710072	0.1257147164	0.0951822126	0.1695436594	0.0146354823	0.0915920792	0.1003702709	0.1047027404	0.0188216733	-0.0725663908	-0.121800133	-0.0762706712	0.0704460999	-0.0286378844	-0.0542388878	0.0018969683	-0.0157260706	-0.0749894811	-0.1731367375	0.0526846002	-0.0594087043	-0.0205236892	0.0221066148	-0.0069007971	-0.0810685999	0.0919292862	0.0015108182	0.0534044031	-0.0473052921	0.0069393346	-0.0939561213	-0.0616410813	-0.0275640525	-0.0826522816	0.1034286458	-0.1607717795	-0.0446132691	0.0404505527	-0.0168802902	-0.0465996481	-0.065790807	0.0420246129	-0.0848935045	0.1121301079	-0.0703034041	0.015470549	0.0194064296	-0.0406733153	-0.0616068993	-0.0278594865	-0.0071716944	0.1088414037	-0.0706986134	-0.116739583	0.0743084321	0.0674296017	0.0299277079	-0.0409388281	0.0876170473	0.0950302202	-0.0220993125	-7.93113e-05	0.0527126125	-0.1854985254	0.0027193912	0.0604371539	-0.1611160069	-0.0935426687	0.0252333352	-0.0377821446	-0.1269577517	-0.0600821726	-0.0514033287	0.1269383524	-0.0099387854	0.0604117919	0.1098660684	-0.0005582834	-0.1321684565	-0.1001958177	0.0072593493	-0.0249508854	0.0552717252	0.0495141257	0.0214713893	0.1107718264	-0.0227279484	-0.0550898016	0.0744344978	0.0197722488	-0.0456707095	0.0367724443	0.0760103123	-0.06431421	0.0862283606	-0.0984508946	0.1340411599	-0.0842666825	-0.0478288103	0.0294566646	0.080316578	0.0729524114	0.0662251375	-0.0491850448	0.0193529219	0.0302272253	-0.0139943202	-0.008884843	0.0963624149	0.0565125075	-0.067640865	0.07865556	-0.1000741955	0.0608957984	-0.0181574985	-0.0636469939	0.0897067192	-0.0362620758	-0.1551674734	-0.0027005014	0.0089667746	-0.085393667	-0.0632346584	-0.01960541	0.1189927716	0.0013633693	-0.0834448249	-0.0766570497	-0.0488124718	0.0862343466	0.0185496888	0.03388773	-0.0673597957	0.0825173316	0.0290993151	-0.0467529497	0.0460659424	-0.0876249715	-0.0222784149	-0.0871236661	-0.0566524129	0.1118366891	0.1098284161	0.1065079649	0.1019150067	0.0961044161	0.0	0.0	0.0	0.0	-0.0121696167062737	0.0073523563840041	0.0001480995707776	5.405714439740585e-05	-0.0113966217650585	-0.0494188733648428	0.0024422250446503	0.0001298829876558	0.0095231851018269	-0.0233302044288308	0.000544298438691	9.06910544836578e-05	-0.0001010122071894	5.00136264314e-05	2.501362828819632e-09	1.0203466001274272e-08	-0.0003899969007739	-0.0001440127647439	1.520975826132472e-07	2.0739676409181885e-08	-6.05197000534851e-05	0.0001494988746094	2.234991350948156e-08	3.6626340945638044e-09	0.0	0.0
1044.9596233855846	-1.7007062893740112	1091940.614506143	2.8924018827163183	1611.129842311778	1.2402808412593913	2595739.3687875746	1.5382965651951035	1030.355828240363	-0.6572100763007711	0.4319250843912653	1061633.1327888845	1072.413325465173	1068.1520225176537	1.237638	24.946617	0.0547960673456977	0.0275926650901493	-0.1084456761	0.0586369128	0.0809728806	0.0307907563	-0.0057990489	0.0072723892	-0.043162094	0.0468982718	-0.0957808407	0.1574091841	-0.0009469804	-0.0560696183	0.0310162884	0.1145182358	0.151952282	0.0241774422	0.0986282298	0.0225310609	-0.1095552387	0.1408052292	0.0376719962	-0.0100592671	-0.0452655805	-0.1588851173	-0.1148690042	-0.0090191782	-0.0713046104	0.0400465651	0.0617733084	-0.0460010796	-0.0038783159	-0.0930965524	0.0187304062	-0.0036233088	0.0855662334	0.0022402935	0.0028566124	0.0905658965	0.0475413124	0.062127439	0.0939099195	-0.0058168944	-0.0047622723	-0.0542131241	-0.0612782774	-0.0227610701	-0.0559056524	0.0564254519	0.1246677138	-0.0076288891	0.0292527299	-0.0571720869	0.0284039658	-0.1135877379	-0.009661166	-0.0005928787	0.0323853465	0.0537971811	0.0302822095	0.0903289425	0.0235151352	0.100732016	0.0644292562	0.0244897852	0.1117818385	-0.0130477417	0.0766722128	0.1240075172	-0.1295412699	-0.0343410283	-0.0293972206	0.0602557414	-0.0107271211	0.0037405024	-0.138675666	0.2210182876	-0.1076536941	-0.0266767304	0.0918688371	0.0530090731	0.0574854292	-0.0313979071	0.0233184943	0.0408077401	0.1057639026	0.1125164848	0.0999885093	-0.0645307693	-0.1349053104	-0.0436169248	-0.0262104427	0.0005900913	-0.0048210296	-0.0196519418	0.0975858992	-0.0372255416	0.020067712	0.0547526485	0.0191248538	0.0907776342	-0.0687084486	0.0003016246	0.095423249	0.034992668	-0.0445578717	0.0899621509	0.0301577529	0.0137798561	-0.0438301364	0.0265240496	-0.0834915898	-0.0134693497	-0.0019405686	0.0175498724	0.0088548116	-0.0845916663	0.0112194193	-0.0097422669	6.57168e-05	-0.0150882064	0.0119873964	0.038398342	0.0582116724	0.0161783746	0.1345026588	0.0430051038	0.0784778183	-0.0885712463	-0.0900269357	0.058163273	0.1083092357	0.0166163272	0.0243441443	-0.105558923	0.0410937043	-0.009724792	0.037051915	-0.0850496638	-0.0264467618	-0.0280782816	0.0366708774	-0.0083543969	0.0559412403	-0.0795338807	-0.0201492915	0.0161305353	-0.0546060996	-0.0785665758	-0.0452900969	-0.0611489765	0.0085298262	0.0727873244	0.1115704417	0.1087710484	0.1041573055	0.0978061723	0.0898235884	0.0	0.0	0.0	0.0	-0.0001607454104259	0.0120088712958478	2.5839086972991043e-08	0.0001442129898002	-0.011331819747852	6.480201720649933e-05	4.199301434031436e-09	0.0001284101387978	0.0238206809565895	0.0142974958547626	0.0002044183877169	0.0005674248412356	-0.0002199996202552	-0.0001189874130658	1.4158004468091314e-08	4.839983291243221e-08	-2.8002969474805184e-05	0.000361993931299	7.841662994068708e-10	1.3103960629737377e-07	2.6996919139236463e-05	8.751661919272156e-05	7.659158634923839e-09	7.288336430104721e-10	0.0	0.0
1045.1978863697095	0.2382629841249581	1092438.6216717083	0.05676924960413	1603.831344442165	-7.298497869613129	2572274.9814151623	53.26807115274739	1030.647275397332	0.291447156968843	0.0849414453052214	1062233.8062839436	1071.554865907526	1064.8135544589743	1.334945	26.908001	0.1004304885153543	0.0739200032325019	0.1006271872	0.0554070317	-0.0975710712	-0.0100130698	0.104671406	0.0485950093	0.0148015431	-0.0255246118	-0.133432333	-0.1023068635	0.0373124336	0.0198632335	0.0187732195	0.0494165346	0.1351676231	0.1114242456	0.0227491415	0.0318891609	-0.107504992	-0.0760516631	0.1354345216	-0.0091988805	0.0224752858	0.0715612603	0.0161365452	0.0513763943	-0.0087229387	0.0120637584	-0.0279664135	-0.177979293	-0.0595796259	0.0423107674	-0.1451850496	-0.0188967034	-0.0204149743	-0.0259755168	-0.1331964493	0.0806628004	0.0223103782	0.0475159262	-0.0052372004	0.0188241111	0.0321138954	0.1327399477	-0.0148461149	0.0770384136	-0.0511291452	0.0446312574	-0.0391825614	0.0293058572	0.0877784012	0.0024005155	-0.1368963103	0.0643110121	-0.0885946447	-0.1080912911	0.0885887706	0.1375156795	0.0841147539	0.0102748262	0.0182267226	0.0185178928	-0.0856994607	-0.0082404718	-0.0114972706	-0.1362719853	-0.1093357369	-0.0998506037	0.0656643839	0.0242022314	0.2163722979	0.0578557988	0.000764742	-0.045768835	-0.1328220325	-0.0455584664	-0.1496290819	0.0190985708	-0.0455106196	-0.1333726186	0.1178982388	0.0390594905	-0.0623178021	-0.0262340216	0.0165736874	0.0510327057	0.0404906168	0.083733304	-0.0684115456	0.1049814085	-0.1697859967	0.0022798921	0.0024788561	0.0906770931	-0.068618799	-0.0912400561	-0.0419820135	-0.0287207017	-0.0139301744	0.0079099271	-0.0168066943	0.0075522568	-0.0190325112	-0.0126962604	0.0736726088	-0.0407640588	-0.1016097145	-0.0898058318	-0.0599027989	0.0711412724	0.0177827355	-0.0207930542	-0.0011377122	-0.0055960515	0.0574055908	-0.0131697806	-0.1240613718	0.1468241643	-0.0412022592	-0.1615588132	0.1344065333	0.0272125478	-0.0730201342	0.0642559855	-0.1592378995	-0.0134965231	0.0963329393	0.0162130763	0.1104330992	0.0407858386	0.0459824509	-0.0216020097	0.0649432722	0.1459013965	-0.0298609864	0.0093918453	0.0241372014	-0.1430914298	0.0137510829	0.1019607975	0.0380089663	0.0373237349	0.0561462054	-0.0349533555	-0.1251876782	-0.0537953154	0.0995157592	0.0623171298	-0.0165380503	-0.0309102161	0.0221922337	-0.0250813349	0.1112600859	0.1075416914	0.1014361455	0.0930789757	0.08265569	0.0	0.0	0.0	0.0	-0.0075677054162355	-0.0074069600058096	5.727016526692012e-05	5.486305652766295e-05	0.0612592755828842	0.0725910953307362	0.005269467121316	0.0037526988449397	0.0190885827083775	-0.004732098248212	2.239275383073108e-05	0.0003643739898145	-0.000244010550301	-2.4010930045799982e-05	5.765247616643004e-10	5.9541148658196856e-08	-0.0001529831563464	-0.0001249801868715	2.3403846125707067e-08	1.5620047110458763e-08	-0.0001380186625553	-0.0001650155816945	2.723014220198623e-08	1.9049151213553767e-08	0.0	0.0
1045.2688049577562	0.070918588046652	1092586.8746178157	0.0050294461305307	1606.5600904302394	2.728745988074479	2581035.324163219	7.446054667432565	1028.4809975592646	-2.1662778380673444	4.692759671701728	1057773.1623405	1070.517397997142	1084.3627151861922	1.239247	24.979065	0.0419817632558772	0.0200684959392012	-0.0068393461	-0.1191825587	-0.0580613504	-0.0385664952	-0.0072819437	-0.0903001124	0.006840375	0.0370143847	-0.0312332681	-0.1319129015	0.0644841083	0.0581084835	0.1132227101	-0.0552622351	-0.0766885656	-0.0143348592	0.1493401174	0.0006296803	0.0001230204	0.0016847746	0.0737197476	-0.044576567	0.0677177674	0.023191385	-0.0276753816	0.078274588	0.059958671	0.1202389973	-0.0101039296	0.0430383056	0.0780422513	0.1107987962	-0.0350086227	0.0035440309	-0.0549345743	0.1098978647	0.1211305992	-0.0408614732	-0.0301673814	-0.047648639	-0.0619092823	-0.104929144	0.0557085217	0.0039040552	0.0131704391	-0.1033961935	-0.0203864572	-0.1267666745	0.1011125772	-0.0185295135	0.042379305	0.0899975239	-0.045582398	0.1071144081	0.0354435116	-0.0967127852	0.1035993765	0.0851501427	0.1144949611	0.1217289292	-0.025553277	-0.0439145505	-0.0824468479	-0.0343161697	0.1027013295	0.0010545628	0.0497939901	0.0409407373	0.0237450078	0.0940788084	-0.0888688098	0.1865733953	-0.0289697234	0.1007923772	0.0737814549	-0.123212035	-0.0281881964	-0.1151023061	-0.0522406305	0.0138124683	0.1454145014	-0.0851164227	0.113139843	-0.0138954599	-0.0126857523	-0.0394232756	-0.0136189057	-0.0254754334	0.039474723	0.0080782785	0.1007527508	0.0435478302	-0.0742510749	0.0590076035	-0.0024921948	0.0011584704	-0.0967068466	-0.015084468	-0.0718099357	0.0214640397	0.1510076097	-0.0985219121	-0.0567943803	1.17818e-05	0.0278153635	0.0540250167	0.0761725872	0.0134419413	0.0380902429	-0.053183736	-0.0525218572	0.0110579243	-0.0983966028	-0.0163909142	0.1428785586	-0.0011370971	-0.1191184776	0.1084527436	-0.1283347835	-0.0405254031	0.0661512932	0.0740300364	-0.0259045941	-0.0286835796	0.0419637011	0.0220653242	0.0637188849	-0.1063359606	-0.0784082398	-0.1063982668	-0.0789676225	-0.0120370419	0.0751796889	0.0950771205	0.0130196868	0.0865553025	-0.0980459086	-0.0001420267	0.0624404553	-0.1021515618	-0.14027516	-0.1589386411	0.0198493404	0.0160080898	-0.0676868908	-0.0617669894	-0.0116297024	-0.1185984279	0.0990296288	0.0259846894	0.0153020719	-0.049101029	0.1109057446	0.1061422889	0.0983541643	0.0877633039	0.0746715088	0.0	0.0	0.0	0.0	-0.0081599850669675	-0.000592279650732	6.658535629313261e-05	3.5079518467122066e-07	0.0516989386135406	-0.0095603369693436	9.1400042967398e-05	0.0026727802537666	0.0289186733153741	0.0098300906069966	9.663068134176282e-05	0.0008362896663213	-0.0001430434687566	0.0001009670815443	1.0194351555593517e-08	2.04614339539204e-08	-0.0004259853869412	-0.0002730022305948	1.814635498874439e-07	7.453021790973636e-08	-0.0002040304709922	-6.601180843690001e-05	4.357558853109984e-09	4.1628433093298975e-08	0.0	0.0
1045.3018914531517	0.0330864953955369	1092656.044275537	0.0010947161775588	1603.5118126361929	-3.0482777940464985	2571250.133263809	9.291997509676987	1028.5355609197932	0.0545633605286184	0.0029771603121759	1057885.4000765935	1070.1356508868075	1072.51029342022	1.306095	26.326496	0.1253940879303718	0.0766634593649277	-0.0780283542	0.1078629807	0.046482921	-0.076990792	-0.0539082232	0.0819042636	-0.0825917071	-0.0596025432	0.0435168284	-0.0031778427	-0.0693807588	0.0332903774	0.1524605585	-0.0480535156	-0.1085127974	-0.0491103207	0.0313661375	-0.1293800026	0.0171591374	-0.0030023573	0.0830356814	0.0105387645	-0.0887675512	-0.0570146853	-0.0471205647	0.0072329682	-0.0891975689	0.0595757718	-0.0076779731	-0.039359925	-0.0098675758	0.0214296832	-0.0068020933	-0.012235656	-0.0510438428	0.0161156259	0.0187693718	0.1029739419	0.0678410204	0.0668117135	-0.0062958313	-0.0415809371	-0.132591441	-0.155154758	-0.0205862737	-0.0364674829	0.0416547553	0.0319672965	-0.1254730841	-0.0269968011	0.0285588199	-0.0475801113	-7.39568e-05	-0.020372557	0.0387543529	-0.099231307	0.0488982076	-0.0808924148	0.029678639	-0.0049378707	0.0232479989	-0.0169076433	0.0990560827	0.032855301	-0.0748443852	0.056677613	0.0525898824	0.0530560302	-0.0719614091	0.0594543066	-0.1142659302	0.0094750259	-0.0177176996	-0.0665434008	0.1342659928	0.0492438429	0.0321441213	-0.0240358833	0.06153254	-0.0069499403	0.0639932833	0.043673912	0.0737229165	-0.0062017767	0.0655651455	-0.0119846026	0.1205024553	-0.0229827566	-0.0516580114	-0.034967474	-0.0066739839	-0.0438601352	-0.0348943534	0.0109647163	-0.0421480214	-0.062102809	0.0819566432	0.02285664	0.1054093575	0.0703700945	-0.0257269439	0.0394391827	-0.0941708899	-0.0574622455	-0.0839689015	0.0617375708	0.058507689	0.0898799131	-0.0607180279	-0.0904328848	0.0693402122	-0.1058078592	-0.0079011177	-0.0269184479	0.0850231368	0.0969533539	-0.0209960543	0.0282662981	0.0577735794	0.0519544051	0.0206629756	-0.0542002282	-0.0123672352	-0.0232020096	0.0874994474	-0.0435551836	-0.1297388107	-0.0544796013	-0.031533845	0.1005025796	-0.0426732911	0.0812051948	-0.0148181057	-0.136493051	-0.0451442897	-0.0216440267	-0.0284691231	-0.0227434929	0.0302468791	0.0606930017	0.03718509	0.0314782067	0.0461584553	-0.0174230488	-0.0457641139	-0.0280674302	0.1476510045	0.0124188602	-0.0133908798	-0.1587137662	-0.0944926453	-0.0225091944	0.1105075577	0.1045750536	0.0949223249	0.0818927643	0.0659498943	0.0	0.0	0.0	0.0	-0.0144523569857568	-0.0062923719187893	0.0002088706224437	3.959394436436813e-05	-0.0200354671178644	-0.071734405731405	0.0051458249656378	0.000401419942631	0.0225039582128232	-0.0064147151025509	4.11485698468946e-05	0.0005064281352444	0.0002029971435048	0.0003460406122614	1.197441053342446e-07	4.1207840271108376e-08	-5.701015110370911e-05	0.0003689752358374	3.250157328867745e-09	1.3614272466133202e-07	-9.999441553855744e-05	0.0001040360554536	1.0823500834353393e-08	9.998883138897698e-09	0.0	0.0
1043.6707224437116	-1.6311690094401	1089248.576886179	2.660712337357797	1607.1060862947018	3.5942736585088824	2582789.9726054734	12.918803132250826	1027.489504253681	-1.0460566661122357	1.094234548717845	1055734.681351475	1069.9077074700608	1068.8123802058512	1.281427	25.829264	0.1188726266170571	0.0816824706810599	0.1053766737	0.0090365166	-0.047017155	0.0400628602	0.0485943795	-0.0200030429	0.0662420925	-0.0359320173	-0.0341119854	-0.0052963928	0.0326349965	0.1027243179	0.0586517602	0.1057663843	-0.1159836817	0.1425985909	0.1389546399	0.0293139725	0.0470225358	0.0652811087	-0.0498353399	-0.0250144584	0.1022847508	-0.0924824136	0.0265754687	-0.0427594229	-0.0130524304	-0.0254138099	0.0499037419	-0.0394177596	0.0155654082	-0.1332238771	0.059545353	0.1453144898	0.0370506109	-0.0296356441	0.1544055439	-0.0299251743	-0.0144730572	-0.111478372	0.0714075506	0.1218693406	0.0210111888	0.061117454	0.0987443535	-0.0468948245	0.0028014351	-0.011075894	0.0249713125	-0.0568714862	0.0130160201	0.1322318621	0.0083262503	-0.0391523468	-0.2216311885	-0.0674436088	-0.1788182166	-0.0912627287	-0.0058747254	-0.056246483	0.1517046123	-0.1623276878	-0.03830469	0.0837894012	0.116686624	-0.0977322555	-0.1117998076	-0.150021865	0.061192545	-0.1802301008	-0.024903163	0.0291089856	0.1326437529	0.016367652	0.0638741682	0.0144565024	-0.0994134519	-0.1287868859	0.0960311475	0.0218404211	-0.0081118654	-0.0391070393	0.0091552122	0.0082794386	-0.123622309	0.0265337809	-0.057086228	-0.0571352589	-0.0036471485	-0.1451240484	-0.0271421253	0.054146497	-0.0549844417	-0.0692765616	0.1476387524	-0.0045733672	0.0573013677	-0.1865015146	0.0834793409	-0.1004171318	0.0832209384	0.0110657714	0.1107591427	-0.0023122105	0.0317176469	-0.1081059874	0.0089602002	-0.0148000481	0.0494927257	0.0595525657	0.0807452529	0.0747162204	-0.0403106725	-0.0061352336	0.1109232007	-0.2485268991	0.130127858	0.0589038407	-0.013103926	-0.0094972897	-0.1181612651	0.0067870731	-0.1466950633	0.1510974609	-0.1994506226	0.0110037021	-0.0117229031	0.0158396013	0.1064776229	-0.0036856352	0.0370870076	0.0515507471	0.0481630326	0.0928069504	-0.0158905362	-0.0307367121	-0.011856766	-0.0851591025	0.1576710112	-0.0005023694	-0.1037471745	0.088177572	0.0813494323	0.0341961698	-0.0365786753	0.0443387318	0.0458858938	-0.1187930877	-0.0207854693	0.0100218479	-0.2132831918	0.1103930469	0.1100656827	0.1028424637	0.0911528348	0.0755044722	0.0565769786	0.0	0.0	0.0	0.0	-9.316947244997208e-05	0.0143591875133068	8.680550596606105e-09	0.0002061862660423	0.0590825821102498	0.0791180492281141	0.0062596657136623	0.0034907515088144	0.0289997526740108	0.0064957944611875	4.219534568199547e-05	0.0008409856551537	9.896500159297945e-07	-0.0002020074934888	4.080702742565594e-08	9.794071540298425e-13	-0.0002250000383379	-0.0001679898872341	5.062501725205647e-08	2.8220602212956167e-08	-9.199988797264698e-05	7.994527565910464e-06	6.391247100210229e-11	8.463979386979594e-09	0.0	0.0
1042.3417145655728	-1.329007878138782	1086476.249923498	1.7662619401549475	1605.2417670107902	-1.8643192839115272	2576801.130555924	3.475686392364389	1028.1454008735404	0.6558966198595044	0.4302003759431232	1057082.9653374131	1070.8643582863433	1078.8009276212044	1.161796	23.417894	0.0838282123009721	0.0613173934844661	-0.0051608821	-0.1302093639	-0.0649015932	-0.1241582345	-0.0516116407	-0.0861811725	0.0351139365	-0.0239383523	0.0752197596	-0.0057194315	0.1553558297	0.0563031025	0.058421805	0.0024612683	-0.0569764139	-0.0705428644	0.0565635172	0.1570700882	0.0712731254	-0.0581357572	0.0468148656	0.0711229334	0.0755111373	-0.0300039931	0.0487284104	-0.0467108066	-0.093509209	0.025407561	0.0818876018	0.1814922569	-0.0779171285	0.0462923097	-0.0875143793	-0.0262322925	0.0389060607	0.0017102925	0.0149697556	-0.0570380104	0.0557356892	0.0692529798	-0.035340812	-0.0073874535	-0.0794542256	-0.0460123843	-0.0425795597	0.0041892163	-0.0021349273	0.0187932084	0.0205195781	-0.0159894129	-0.1004461681	-0.013548876	-0.1474672404	0.0678900777	-0.0283427596	-0.1194766695	-0.080381168	0.0410519327	0.0339995929	0.0255193277	-0.0138469108	0.0387699868	0.0835425688	0.0658381936	0.1349638152	-0.0131146939	0.1248303302	-0.0067227176	-0.0981764958	0.043364246	-0.0676868645	-0.0940960241	0.0530365091	0.1270704137	0.0557781824	0.0148262922	0.0638589885	-0.0571101858	-0.0138854194	-0.1198058586	0.0119874573	0.108106319	-0.0008300205	-0.0656854249	-0.029966052	-0.0225211673	0.0201027014	-0.0788554815	-0.0411896497	0.0057630995	0.1767596919	-0.0229606821	-0.0976850524	0.0435544199	0.0093467228	0.1103619465	-0.0207723309	0.0531820853	-0.0162128401	0.0696113051	-0.0417389865	0.0485067816	-0.0316281702	-0.0299760282	0.0353926882	-0.0290642229	0.0389152916	-0.0170867162	-0.0695585251	0.0108180465	0.1181022684	0.0857868894	0.0956625001	-0.0898995641	-0.0234119946	-0.0542759861	-0.1690495032	-0.0316715417	-0.019590727	0.0764667023	0.0570974647	0.0453191946	0.0212815644	0.1191072704	0.0985115941	0.058696968	0.1327659692	-0.0392421968	-0.056541376	-0.122385192	0.0226555218	0.0063291495	0.1107273598	-0.0272318422	-0.1146655942	0.1018601655	-0.0159614712	0.0873015459	0.087866047	0.0504479301	-0.0908793766	-0.0004752753	0.0924120935	0.001809045	-0.0783078427	-0.0083884495	-0.1005703536	-0.0653615593	-0.0479655357	0.021626544	0.0326775903	0.0352292704	0.1095802943	0.1009472586	0.0870591025	0.0686388165	0.0466453256	0.0	0.0	0.0	0.0	-0.0080569183417651	-0.0079637488693151	6.491393316587089e-05	6.342129605351798e-05	-0.0006527102629974	-0.0597352923732472	0.0035683051549173	4.2603068742213524e-07	0.0289189692836657	-8.078339034509746e-05	6.525956155648385e-09	0.0008363067844296	-0.0001679970752839	-0.0001689867252998	2.8556513327560134e-08	2.8223017303944362e-08	-0.0001950025180639	2.9997520273999997e-05	3.8025982051261647e-08	8.998512225890405e-10	2.998361981481785e-05	0.0001219835077874	1.4879976172134493e-08	8.990174571995376e-10	0.0	0.0
1041.7291826676571	-0.6125318979156873	1085199.690021425	0.3751953259641939	1594.707679616644	-10.534087394146129	2543092.5834283014	110.96699722750834	1027.5766007039836	-0.5688001695568801	0.3235336328879355	1055913.670314354	1068.8064608883928	1061.2146018776596	1.319019	26.586996	0.0597890132672347	0.0440193895552494	-0.1023355678	0.0964061497	0.0947163071	-0.0416415376	0.0897469901	0.0925982483	-0.1589084479	-0.0603494692	0.0871022828	-0.0500449607	0.1806964443	0.011042875	-0.0391590208	0.07676815	-0.0727164773	-0.0181228047	0.0103372914	-0.1053577923	-0.0566157526	-0.0506902006	0.036195069	0.0131226625	0.01876757	-0.0598553836	0.1196092902	0.0779314157	-0.0131588319	-0.0711802555	-0.1001858501	0.0667636986	-0.1073830653	-0.0252454648	-0.1402762281	0.007127912	0.2217101322	0.1575163066	-0.0117579692	-0.0060996641	-0.0500565661	-0.0507788504	0.103007591	-0.0955646593	0.0489061726	-0.1434117646	-0.0154080488	7.61696e-05	0.0326112658	-0.087193351	0.1755177199	0.0560063385	-0.0653129069	0.0254666111	0.0719584152	0.046684734	0.0030854729	0.0029939729	-0.0572884459	-0.1336327839	-0.086300824	-0.0552173207	0.0778895362	0.0330259749	0.0991415592	0.071713133	0.0192909009	0.003453108	-0.088206583	0.0809554521	0.0811643596	-0.1340749198	0.062935473	0.0177316572	-0.0547965679	-0.0848957426	0.1213077458	0.0462719153	-0.0192898291	-0.0060971932	0.0674425528	-0.0639762535	0.0100678475	0.0112630972	0.083417638	-0.0706250095	-0.0191172906	0.1470482384	-0.031930435	0.1182571205	-0.0749551115	0.0256099595	0.0872441065	-0.0950433678	0.0410545129	0.0994654348	0.0224548432	0.1831750858	-0.1235354344	0.0157112504	-0.0459472556	-0.0154813007	0.0698266636	0.0369758152	0.1133021655	-0.051769144	-0.1941783066	-0.0460578171	0.0852362133	-0.0158467512	0.0400206046	0.0610822519	0.0267852843	0.0940029367	-0.0434743101	-0.1041904609	-0.0211292042	-0.0209979853	0.0604790854	0.0721842509	0.1082474031	-0.0406561168	-0.1865099179	-0.0802712436	-0.0043338192	-0.0271548938	0.0647495327	0.1002017083	-0.0055179707	0.0547770287	-0.066018671	0.0813262196	0.0497445203	0.0138586036	0.1810929013	-0.019880802	-0.0631508523	-0.1255009175	-0.1563377103	0.0084699462	-0.034620838	0.0208057015	-0.1135581096	0.0398004498	0.1007397945	0.0163107908	-0.1105330162	-0.003690649	0.008578758	-0.1080787811	-0.0934179708	-0.0881645706	0.0300913071	0.0242604006	0.1090515843	0.0988924352	0.08265569	0.0613392042	0.0362530174	0.0	0.0	0.0	0.0	-0.0001324225611796	0.0079244957805855	1.7535734709364908e-08	6.27976333765174e-05	0.0421064350594377	0.0427591453224351	0.0018283445087051	0.0017729518734146	0.0289237587697641	4.789486098399215e-06	2.2939177086759333e-11	0.0008365838213715	-0.0002109991123813	-4.3002037097400014e-05	1.849175194526167e-09	4.4520625425696473e-08	-5.700326972668535e-05	0.0001379992483372	3.249372759533243e-09	1.9043792541636242e-08	3.099398794251837e-05	1.010368127700519e-06	1.0208437534730522e-12	9.606272885809739e-10	0.0	0.0
1043.440178818265	1.710996150607798	1088767.4067722927	2.9275078273947024	1603.3526923605737	8.645012743929556	2570739.8560999003	74.73624534270442	1028.618145513849	1.0415448098653997	1.0848155909575514	1058055.28928035	1069.6443022406777	1057.8159263023333	1.375026	27.715899	0.0719644394888107	0.0495675237103057	0.1350579853	0.0649925645	0.0117859862	-0.0880558936	0.1615016341	0.1281572924	0.0579149829	0.0886300541	0.0606728283	-0.0994235699	-0.0116582803	0.1157726878	-0.0890164518	-0.0427481351	-0.0878755243	0.1122625516	-0.0572050352	-0.0635260982	0.0419653182	-0.0460012009	0.0649531351	0.0230226098	0.029253538	0.1213793895	0.0942459293	0.1475403037	-0.0193214142	-0.0783180593	0.0593648652	-0.0678633122	0.0681894078	0.0753521085	-0.0453834411	0.0270133576	-0.2540996054	0.0673392659	0.0821218616	0.0515882574	-0.067806865	0.093037449	0.1647198088	-0.0441278959	-0.0492839716	0.0173599119	0.0630337486	0.0248505357	0.0619399671	0.0617606555	0.013537264	0.0502958149	0.2085434618	0.0290415542	-0.0380765583	-0.1172202211	0.0462658036	0.0787317223	-0.0648052401	-0.0031631415	0.0528405226	0.0759593898	-0.0108403903	-0.0650077237	0.0295973933	-0.0217234076	-0.0016280079	0.0837281361	0.0619545586	-0.0043443288	0.0043771437	-0.1234298501	-0.0554916667	-0.071074768	0.0565254118	-0.1519073487	0.0391477434	-0.1288573572	0.013663678	-0.0511574826	-0.0087247189	0.0487068233	0.0670415185	0.0386569786	-0.0386002748	-0.042095342	-0.1459788425	0.0935085917	0.0694496577	-0.0683290219	0.1001068956	-0.1004672718	0.0178727739	0.0877764075	-0.033432575	0.092843539	-0.1653267124	-0.1552277113	-0.1383718985	-0.0335443928	-0.0352800257	0.036934838	-0.0209883305	0.0622058594	-0.0233247948	-0.1768300114	0.0019234105	-0.0060995551	-0.0688883363	-0.0291000931	-0.0995654323	0.0171782651	-0.1253795545	0.0393651723	-0.0110623824	0.0452779183	0.0786118249	0.0409543244	0.1473147379	-0.122631877	-0.0583015541	-0.0750755632	0.0588310185	0.0558405224	-0.0419647558	0.0065217373	-0.014054651	0.010073787	-0.0481923555	-0.0233661516	0.1753069008	0.0068400679	-0.0700660174	0.0042275091	0.0906139603	-0.013702863	-0.1935294702	-0.049940804	-0.0995616597	0.0090728933	-0.0629484528	-0.0375340985	0.0029956871	0.0627196366	-0.0171162718	-0.0238552866	0.0337227543	0.0314322247	-0.003707195	0.0597334828	-0.0182086507	0.0414845697	-0.0291960867	0.0369606589	0.1084797619	0.0966812426	0.0779582607	0.0536517856	0.0255026853	0.0	0.0	0.0	0.0	-0.0001331201539187	-6.975927390999871e-07	1.7720975379338377e-08	4.866356296450228e-13	-0.0052280217759772	-0.0473344568354149	0.0022405508039037	2.73322116900918e-05	0.0290045830160892	8.082424632509938e-05	6.532558794020341e-09	0.0008412658359372	-0.000102020809637	0.0001089783027443	1.1876270469028308e-08	1.0408245598988992e-08	-0.0002059896921047	-0.000148986422378	4.2431753253389115e-08	2.2196954053000187e-08	-0.0002020105032218	-0.0002330044911643	5.429109290274292e-08	4.080824341192487e-08	0.0	0.0
1044.2117899472123	0.7716111289473702	1090378.2622647611	0.5953837343154351	1602.776378895374	-0.5763134651997461	2568892.1207449674	0.332137210170539	1029.184667888264	0.5665223744149444	0.3209476007127464	1059221.080616276	1070.62475147795	1075.5148753313915	1.283728	25.875639	0.051469173937148	0.0266056313897953	-0.0247355589	-0.1044808553	-0.004704041	-0.1447220534	0.0030663564	-0.0226552497	0.0318070356	0.1099476548	0.1197136032	-0.0119063645	-0.0727172745	-0.0261371676	0.1034982036	-0.0446153768	0.0603088569	-0.075227381	0.0082999112	0.0597328638	0.0509274307	0.1044085864	0.051463471	0.0575835546	0.0918769463	0.1256878125	0.0322657302	0.0359940639	0.1531258557	0.1190134937	-0.0368925532	-0.0493907366	-0.1300225451	-0.0019162176	-0.0272321725	-0.0584442592	0.2310476247	0.10354418	0.167616577	0.0137621432	0.0005888035	0.0722302417	-0.0449985412	-0.0401073978	-0.0010915447	-0.0187350987	0.0350240581	0.0733590504	0.0564969861	0.147359198	-0.0119449155	0.1509201026	-0.0812427242	0.0475729972	-0.0660115093	-0.0060392479	0.0979277057	0.0762182712	-0.0748836763	0.0826852665	0.0190943774	0.1746132431	-0.0641883047	-0.0094018445	0.0002621998	0.0673623022	-0.0707905507	-0.0280230433	0.0791784017	0.0339709473	0.0717380751	-0.0152152502	0.0316865441	0.0598531826	-0.0507243406	0.0282995298	-0.0593358066	-0.0182136959	0.1102322873	-0.0732046647	-0.1955505146	0.0899883208	0.1593317668	-0.0420892194	0.0238797328	-0.0903291173	0.0994712691	0.0472186891	-0.1134378366	0.0308409466	-0.0918964069	0.0954702843	0.0427871081	0.1720549559	0.0013888588	0.082843922	0.132131852	0.1460147522	-0.0413810713	0.0534017265	-0.0025175735	0.0042832539	0.0326387846	-0.0485784293	-0.0785995031	-0.0598006582	-0.0676908605	0.0248580038	-0.0078783894	-0.2164885859	0.0264723173	0.0577970805	-0.0259617432	0.0684666956	0.1066392142	-0.0141974365	-0.0377356853	0.0789833391	0.0654410271	-0.1242459222	-0.1175569224	-0.0453544191	0.0601202409	0.0201149549	-0.0753770301	0.0770402047	0.0472530158	-0.0861344382	-0.0523648161	-0.1008313586	-0.0518997809	-0.1157042988	-0.0590109386	0.0807360214	-0.0311627639	-0.037747197	-0.1478677881	0.03907711	-0.06375578	-0.0335927685	-0.0992536259	-0.0635734105	-0.0446617006	-0.0167690167	0.0129996053	0.0993068208	-0.0391191846	0.0483842114	-0.0181020169	-0.001605525	0.0533636641	0.0061756848	0.0437452463	0.0063081686	0.107865053	0.094317177	0.072983524	0.0456251632	0.0145004964	0.0	0.0	0.0	0.0	-0.0056975936801961	-0.0055644735262774	3.246257374461054e-05	3.096336562464204e-05	0.0175820179591426	0.0228100397351198	0.0005202979127177	0.0003091273555156	0.0257580913895481	-0.0032464916265411	1.0539707881201485e-05	0.0006634792720323	-0.0002980040617052	-0.0001959832520682	3.840943509122763e-08	8.880642079279667e-08	-0.000238994930318	-3.3005238213299983e-05	5.7118576717705674e-08	1.0893457495166774e-09	-3.403561251910596e-05	0.0001679748907026	2.8215563906582013e-08	1.1584229195507222e-09	0.0	0.0
1046.2324591558556	2.020669208643312	1094602.358591309	4.083104050759189	1607.2392173929418	4.462838497567873	2583217.901925876	19.91692745537387	1029.6874888325783	0.5028209443144078	0.2528289020412328	1060256.324658341	1070.886427855613	1063.2665301355655	1.18244	23.834024	0.0631195373827989	0.034004164413653	-0.0636242787	0.0850385078	0.1343975759	-0.1166472188	0.0736055016	0.151619143	-0.0091782398	0.1618341061	-0.1398214965	0.004140187	0.1344939994	0.0289615206	0.1840988447	-0.0110407968	0.0300622067	-0.0246291895	-0.0916996327	-0.0841855296	0.0670527924	0.1905045369	-0.0010479462	0.1026512545	0.0003919412	-0.0223024347	0.1109838847	0.0212109419	0.0561631621	0.0049952552	-0.08614994	-0.0325726216	0.0269120272	0.0548339747	8.15222e-05	0.1466604511	0.0257160795	0.1020754483	-0.0070689114	0.0390847411	-0.033185778	-0.0651877332	0.0099053995	0.044185229	0.14929179	0.0631209301	0.0903509608	0.0546402838	-0.1235442166	-0.0493524397	0.1196543149	-0.0779359249	-0.0727050656	0.0416202638	0.0565862001	-0.0162128293	0.0494773561	0.1013607698	-0.1317891503	-0.0272926885	-0.0783498903	-0.0854953844	-0.0686517543	0.0424663556	0.0597438026	-0.0462986259	-0.0348583408	-0.012194477	-0.0323128603	-0.0219907997	0.0126948565	0.1885426696	-0.0021459786	0.0195303572	-0.0354213512	-0.1263813628	-0.0452062848	0.0804848777	0.0910025694	0.0367793831	0.0024924789	0.1760730715	0.0491301416	0.0586634303	0.0465582939	-0.155439729	-0.058207652	-0.0053521099	-0.0915878869	0.1002909045	0.0183472821	-0.0006126168	-0.0441498805	-0.0529070068	-0.0737497678	-0.0376048748	0.0626053078	-0.1647494267	-0.1180738801	0.0217514407	0.0040321692	-0.086648212	0.1129035494	-0.0768857615	0.1130649817	0.0400024943	0.0084503831	-0.0717978755	0.035867714	0.1106829302	0.0914026882	0.1312642507	0.0093737693	0.1148460838	-0.0429543155	0.0221276541	-0.0597498461	0.0213353453	0.0580682407	-0.0625131718	0.0561608108	0.0206924892	-0.0645946977	-0.1072585454	0.0469829069	-0.0726628035	0.080037535	0.0741543317	0.0878222276	-0.0316641699	-0.0056013613	0.0316343334	0.0810618174	0.0027415342	-0.0942317422	-0.1360583095	-0.0942837292	-0.1111867881	-0.1344766401	0.023605299	-0.0593416959	0.001119549	0.0906848052	-0.0235789804	-0.0829226448	0.0881990683	-0.0873516992	-0.0083381234	0.0464519321	-0.0938954472	0.0096078773	-0.042311303	0.0276850882	-0.0439427509	0.1072077007	0.0918039766	0.0677491758	0.0373100838	0.003355105	0.0	0.0	0.0	0.0	-0.0066362098449133	-0.0009386161647171	4.40392811057242e-05	8.810003046684254e-07	-0.010923393511149	-0.0285054114702916	0.0008125584830906	0.0001193205257994	0.0126833575300082	-0.0130747338595399	0.0001709486654977	0.000160867558234	-0.0002379961204428	6.000794126240002e-05	3.600953014551651e-09	5.6642153345823764e-08	-5.701618511300133e-05	0.0001819787452049	3.250845364840034e-09	3.3116263706385824e-08	0.0001359932187785	0.0001700288312976	2.8909803472429753e-08	1.849415555373697e-08	0.0	0.0
1048.5549781486643	2.322518992808682	1099467.5422003458	5.394094471957055	1608.3407057092545	1.1014883163127251	2586759.825641343	1.213276510973442	1030.2792211813455	0.5917323487672093	0.3501471725775582	1061475.27359804	1071.5456156963735	1069.3662115182694	1.25912	25.379635	0.0376654488912821	0.017139781093574	0.096008819	0.0004805688	0.1227002547	0.1105607377	0.1012884372	0.038651246	0.10101465	0.1081129112	-0.04907806	-0.051449609	-0.088804626	-0.1895659657	-0.0268552728	0.0473094762	0.0737628241	0.0863317425	-0.1256011139	-0.083037516	0.1526332882	0.000543609	0.0904904238	-0.06809965	-0.0074879378	-0.1284014846	0.1030852189	0.049092051	0.0458508065	0.1253859652	-0.1247078215	0.146122208	0.0227818875	0.0587851131	0.0114600537	0.154321689	-0.0827713672	-0.0648264383	-0.0052613639	-0.0360419905	0.021757659	-0.1113107317	-0.0307918756	-0.0643145151	-0.1405376264	0.0554499513	0.0657506661	0.0541877658	0.0934771416	0.0785690353	0.0364352328	-0.0741144399	-0.1330400858	0.0053042333	-0.0863452558	0.0349512732	-0.0259312814	0.0247111301	0.0148248276	0.0302508312	0.0709408392	-0.0333024038	-0.2002856507	-0.0913799579	0.0754184195	-0.0842792976	-0.0147084482	0.0880533641	0.0125256898	0.0026130618	0.0268263407	-0.0704650422	0.0270272154	-0.0390666346	0.0363822878	-0.1040532767	-0.1484853952	-0.0654507863	0.11168595	-0.028683036	0.1352144549	0.0115160578	0.0615492213	0.003968042	0.1725464612	-0.0602435351	-0.0162093977	-0.0602848057	-0.0832384077	0.0440631139	0.0676591329	0.02018825	0.0840722031	-0.142497167	-0.0817685903	-0.0532800709	-0.1161450563	-0.0618316337	0.00364985	-0.1377721549	0.0036135014	-0.0360854396	-0.0445161056	-0.1244176154	-0.0829606193	0.0573150602	0.0535734286	-0.0275153781	0.1270271765	0.0397226507	-0.0094459369	0.0372663531	-0.0318779726	0.10923384	0.0353555402	-0.1033091867	-0.0017712794	-0.0190589307	-0.0953207598	-0.1138610699	0.0029676711	0.1502918251	0.1219444076	0.209808946	-0.0186242426	-0.018083358	-0.0285628536	-0.025072841	-0.0465213845	-0.0316757249	0.09681544	-0.0429009623	0.0388066684	-0.1665240932	-0.1552487257	-0.0576493906	0.0336789359	-0.155957599	-0.0302537628	0.0296176056	0.0243445371	-0.0464648704	-0.0411873436	-0.0668482408	-0.1066381657	-0.0194519185	-0.0207061021	0.0043320088	-0.0583392063	-5.12034e-05	0.0025353824	-0.0463435553	0.1556214813	-0.0581925721	0.1065079649	0.0891456152	0.0622738351	0.028759118	-0.0078234205	0.0	0.0	0.0	0.0	-0.000159000913726	0.0064772089311873	2.528129056570289e-08	4.195423553825252e-05	-0.0051718599785033	0.0057515335326457	3.3080137977147924e-05	2.6748135637244155e-05	0.0006962070137888	-0.0119871505162193	0.0001436917774984	4.847042060487183e-07	-0.0002149999924349	2.29961280079e-05	5.288219033557227e-10	4.6224996747007056e-08	-0.0001670000040512	-0.0001099838189381	2.788900135310081e-08	1.2096440428230466e-08	-1.7952499996448114e-08	-0.0001360111712784	1.8499038712548492e-08	3.2229225612246954e-16	0.0	0.0
1047.323925122176	-1.2310530264883257	1096887.4041333213	1.5154915540260658	1610.1197334654787	1.7790277562241954	2592485.556094944	3.164939757416095	1029.9559204369848	-0.3233007443607221	0.1045233713041969	1060809.1980431965	1071.2116068117696	1086.1363003597971	1.278605	25.772387	0.0703324983704836	0.0424651417205197	-0.0895143182	-0.0913079141	-0.0948043379	0.1394921091	0.0025600929	-0.1305679832	-0.0730104804	0.0504587461	-0.0146586059	-0.0464840514	-0.1247904196	-0.0844553844	0.0011799273	-0.0890159956	0.0967571671	-0.0950326769	-0.020783861	0.0502019865	-0.093276583	0.1615873805	0.0221199948	-0.0578861933	-0.0010447998	0.0891868151	0.1458979613	0.0946675101	0.0101209574	-0.0636094575	-0.0498406668	0.0316528406	-0.0047016191	0.1082319519	0.0642673667	-0.1515553145	-0.1048447589	-0.1629555163	-0.0020101958	0.0024767551	-0.1877253922	-0.0111590309	-0.0680712051	0.0959473575	-0.0480476293	0.1575654926	0.0330156826	-0.1564317952	0.1642654374	-0.0891410885	-0.0508954225	0.0522128008	0.0080623895	0.0299410127	0.030536926	0.0158036191	0.059385927	-0.0456575133	0.0991048429	0.0177025894	-0.0497504064	-0.0195588851	-0.0762630211	-0.2432776396	0.2098881265	0.1108929056	0.0534991519	0.0980782881	0.0075698166	-0.0049973369	-0.0233285481	0.0476230612	0.0340231237	-0.0440939375	-0.123151306	0.1062437992	-0.0784060148	-0.0052782989	0.0030874399	0.1179613667	0.0660552076	0.0811699607	0.0963113257	-0.085823434	-0.1237259057	-0.0784004973	-0.1680518385	-0.0404044265	-0.0734458037	0.0161558063	0.0481180416	0.1599328953	-0.0019522807	0.0530218121	0.0314939096	0.0217637648	-0.0493081113	-0.0765669041	0.1237430411	0.0443684509	-0.0842334044	-0.0939183799	-0.0359256936	0.019527774	-0.0783622663	0.0188795038	0.0317207357	-0.1259533612	0.0514290438	-0.0437579094	-0.0229211497	-0.1928770602	-0.1042179237	-0.0272472724	-0.0545176852	0.0494186172	0.1960818787	0.0605817774	0.0434096935	-0.0552139794	0.0134653698	0.2426993746	0.1219113576	-0.0281204061	0.0203452469	0.0459958676	0.0335794562	0.0560282434	-0.0155184956	0.0939890462	-0.1136265548	-0.010214168	-0.0686683603	-0.1623377133	-0.113409894	0.0149994811	-0.0834772691	-0.1037715449	0.1468462112	0.0923378169	0.1245679466	0.0741196716	0.0342346232	0.1574388919	-0.0127237369	0.06534167	-0.0295399045	0.0935838345	0.024053807	-0.0066038989	0.0294865879	-0.1600589925	-0.028159394	-0.0973709546	0.1057661221	0.0863462963	0.0565769786	0.0200263279	-0.0189246842	0.0	0.0	0.0	0.0	-0.0001217374481967	3.726346552929999e-05	1.4820006293444216e-08	1.3885658632533283e-09	-0.0417668429741269	-0.0365949829956236	0.0013391927804499	0.0017444691720253	0.014146649102102	0.0134504420883131	0.000180914392371	0.000200127680818	-0.0004799991113429	-0.000264999118908	7.022453302201634e-08	2.3039914688997373e-07	-5.700719923940056e-05	0.0001099928048117	3.249820765120712e-09	1.2098417110366609e-08	2.998632020055573e-05	3.000427270055218e-05	9.002563802891006e-10	8.991793991702566e-10	0.0	0.0
1044.984841913133	-2.339083209042883	1091993.3198282158	5.471310258826351	1604.203962630414	-5.915770835064677	2573470.3537191227	34.99634457300183	1028.6908389315763	-1.2650815054084887	1.600431215326608	1058204.8421017502	1069.737962871329	1077.5583113132404	1.361014	27.433472	0.1822575316032408	0.1317479454742259	-0.0049656872	0.1237131823	-0.0453125774	0.005675035	-0.1588567421	0.0278899739	-0.0765250936	-0.0913919218	-0.0969827276	-0.0370209127	-0.061580215	-0.0392479741	0.0625708501	0.0074681894	-0.0006224478	0.0600235724	-0.0449517468	-0.0801453871	-0.1080364231	-0.1022427725	-0.01008414	0.0543386148	0.0828499856	0.1271792741	0.0698771972	0.0688912393	0.0165080681	-0.091619881	-0.0453151222	-0.0614837389	0.0988678892	0.0640491746	-0.0988320255	-0.0556263936	0.0031345692	-0.0776115255	-0.1732543116	0.0437144005	0.1725927504	0.0578214918	-0.0346966889	-0.0671682238	-0.0899320998	-0.0292182599	0.0207047951	-0.1924614462	0.0280049244	-0.0827872174	-0.00052421	0.029201542	0.0549774896	0.0841897963	0.0629347798	-0.1052556149	-0.1784035584	-0.0312581932	-0.1099543162	-0.0659919545	-0.0097151005	0.1544551624	-0.0523169047	0.0788206008	0.0166690613	-0.0359176362	-0.025288094	0.0834638874	-0.045828394	0.0162961444	-0.0208305694	0.0295008554	-0.04157964	-0.0229799502	-0.0483628568	-0.0441227162	0.030941032	-0.0294739731	-0.1169993402	0.0994148265	-0.1067935656	-0.0395139691	-0.0401878262	0.0352793826	0.0331493466	0.0098200326	-0.0962102706	-0.0139219423	0.0096862353	0.0664575384	0.0597743794	0.0896041092	-0.0511075347	-0.0704985761	0.1567843874	0.1918510744	-0.0944600258	-0.0183078602	0.006847515	-0.1146658299	0.1062837483	0.1495223965	-0.0208762907	0.0632483431	-0.0955102984	-0.0786316924	0.0030305855	0.0307869655	0.0156959204	0.0432962496	0.0792347942	-0.0605494633	0.0043540618	-0.050552302	-0.0015894808	0.0667053356	0.0130056516	-0.1702704758	0.1077948624	0.0505385008	-0.1071560226	0.0252726327	0.0387622303	-0.0005673897	0.1435084909	0.0586802814	0.1577189471	0.131365545	-0.0806959854	-0.0285521574	0.0316353837	0.1663259741	-0.0698455005	-0.0106884911	-0.1305181149	0.1455763594	0.022269236	-0.0391233434	-0.2065749622	0.1425448958	0.0218021917	0.1596002233	-0.0533502066	0.074918601	0.0424951192	0.1022927633	-0.0064554054	-0.0753258558	-0.0460125097	0.0171404534	0.0274448153	0.1157726202	0.0099119433	0.0794961168	0.1049824657	0.0834104461	0.0506788705	0.0111669248	-0.0298390534	0.0	0.0	0.0	0.0	0.0044843957800964	0.0046061332282931	2.01098055125464e-05	2.121646331678581e-05	0.0855713182502313	0.1273381612243582	0.0162150073040006	0.0073224505070823	0.0170109289247477	0.0028642798226457	8.204098902415286e-06	0.0002893717028828	-6.101290956198208e-05	0.0004189862017809	1.7554943728280008e-07	3.722575133218604e-09	-0.0005059983834427	-0.0004489911842032	2.560343640466257e-07	2.015930834922812e-07	-5.101544037410361e-05	-8.100176057465934e-05	6.561285216194437e-09	2.6025751565637204e-09	0.0	0.0
1044.46796089408	-0.5168810190530166	1090913.3213342377	0.2671659878572849	1606.1997687562982	1.9958061258842008	2579877.697152786	3.9832420921169023	1028.024018366887	-0.6668205646892602	0.4446496654925038	1056833.3823392016	1070.320361826933	1075.4908183445002	1.325	26.707539	0.1424243646056059	0.1091348499717564	0.1002680679	-0.0760551422	0.1028021527	0.0992788657	-0.0162599251	-0.0451108284	0.0749713578	-0.0489623406	0.013853087	-0.0582381098	-0.0254044265	0.0494585315	0.0286545451	0.1618874312	-0.1417216117	0.028086836	-0.1116284101	0.1032648803	0.1483008856	0.068346298	-0.0463091092	0.2152279095	-0.0333791319	-0.0253887487	-0.1084055945	0.0036918847	-0.0305514546	0.0440122367	0.0026505996	-0.0033286833	0.0013212958	0.0250134388	0.0428051492	-0.0566021106	-0.051260426	0.0422602879	0.0008475946	0.021441818	-0.0519899997	-0.0557209234	0.1403490263	0.0152915704	0.107914449	-0.1397851249	-0.0288915698	-0.1484863531	-0.0151945033	-0.0075143482	0.0152352023	-0.0768153213	-0.0123176313	0.0032220753	-0.023226963	0.089908903	0.0150016561	-0.0695602588	0.09589054	0.1002615057	-0.1234916299	-0.0831870703	-0.0849193056	0.031839936	0.0208786201	-0.1128906182	-0.0856077534	-0.0782445132	0.0246291195	-0.1383009339	-0.0009837368	-0.0133572296	-0.0295269917	-0.0875883237	0.1352967014	0.0444970017	0.0827816126	-0.0203826832	0.0941859605	0.0323171379	-0.0040647249	0.1602066071	-0.1021754355	0.1973087083	0.0906267751	0.0176751389	0.0170877719	-0.0709614961	0.0488451318	-0.03046953	-0.0418784227	0.0062505155	0.0360039796	0.1221281427	0.0406822434	-0.0138145195	-0.0637085962	-0.0399350073	-0.0197386574	0.041722237	-0.0807989981	-0.045462428	0.077723683	0.0489897405	0.1582956507	-0.0770155084	-0.0652003764	0.061348914	0.0849004812	-0.010329722	0.0784870354	-0.0013110188	-0.0023127349	-0.0031936062	0.0330054652	0.0728964437	-0.0738295391	0.0090297793	-0.0818657184	0.1553248728	0.1004507665	0.1039641051	0.1196246091	0.0041807798	0.0329654622	0.0101299593	-0.0642056219	-0.080748039	-0.0194358282	0.1896046222	0.103024548	-0.0999243992	-0.1212257307	-0.0392281638	-0.0905164375	-0.0908128405	0.0433759291	-0.088374026	-0.0344663483	0.1061981546	0.0460945925	-0.1445378981	-0.1073068743	-0.0099490871	-0.1168866837	0.0836529937	-0.1216945423	0.0793396337	0.0327069213	-0.0237119444	0.0120135969	0.0096495342	0.0209910742	0.0405885312	0.1041573055	0.0803427069	0.0446004913	0.0022369209	-0.0404587412	0.0	0.0	0.0	0.0	-7.950702683956479e-05	-0.0045639028069359	6.321367316867275e-09	2.082920883115798e-05	-0.0219367422451028	-0.1075080604953341	0.0115579830714684	0.000481220660328	0.0131554933214346	-0.0038554356033131	1.4864383691294249e-05	0.0001730670045303	-0.000297992336311	-0.000236979426749	5.6159248702293155e-08	8.879943250008815e-08	-0.0003130073021475	0.0001929910812952	9.797357119765639e-08	3.7245557459490495e-08	4.895336558213297e-05	9.996880595623658e-05	9.993762164315682e-09	2.396432001817961e-09	0.0	0.0
1045.337440153501	0.8694792594208138	1092730.363786674	0.7559941825629669	1610.8640935471717	4.664324790873479	2594883.127879551	21.755925754756927	1029.0269884381976	1.0029700713105285	1.0059489639446466	1058896.5429341863	1070.8395228333263	1074.8390972048917	1.320912	26.625149	0.0770359554997055	0.0711801571646054	-0.1229000796	0.0113565829	-0.0573558059	0.1446411924	0.0465814625	-0.0493673572	-0.1449855929	-0.0117958179	0.1572861077	0.0951207455	-0.1097322242	0.0896405942	-0.146055545	0.0642852494	0.0006834671	-0.1202469527	-0.0884186272	-0.0328617177	0.0762985709	-0.0155993925	0.1065053432	0.1317983248	0.1019462258	-0.1653302775	0.0051134745	0.0182555013	0.1635366548	-0.062240141	-0.0399490943	-0.0301718696	0.0541957159	0.0758413821	-0.0182321864	-0.0945362954	0.0249341673	0.1360350228	-0.0040411179	-0.1190747511	-0.0811459937	0.1146295196	0.1061720731	-0.0842624323	0.0551433314	0.0816203932	0.1313298744	-0.0650041104	-0.0035078368	0.0022020209	-0.0147070328	-0.0427074203	0.0027736033	-0.0752541804	0.1206130545	0.0345358889	0.0273134772	0.0274263543	-0.0041827304	0.0136096875	0.0839841395	0.0307562359	-0.1252348747	0.0858341453	-0.1330247305	-0.0432307521	0.0809663036	-0.0585908407	-0.0486940196	0.1144938971	-0.0506080786	0.0098564643	-0.1490825514	0.0323923025	-0.0923671519	0.0370968204	0.050885036	0.0614936369	0.1157729144	0.0349087389	0.0252848242	0.0230694905	0.0259897817	0.194592073	0.1462360796	0.1145849109	-0.026218166	0.1323295173	-0.1510538315	0.0158430906	0.0886219404	0.0014313433	-0.0326213589	0.1169418831	0.0401884736	0.1394634495	0.0011904929	0.0228404568	-0.1741124684	0.0219129525	-0.0505526732	-0.0496971047	-0.1052209478	-0.1060430759	-0.0588547305	-0.0061564225	0.0289563888	-0.053280708	0.0890702194	-0.0721567929	0.0106966998	-0.0045394226	-0.0521279535	-0.0414988878	-0.0430956879	0.0680126695	-0.1447384833	0.0322108178	-0.0009249603	0.0791930233	-0.0172262558	-0.0026337372	-0.0495015164	0.0253490448	-0.089327763	-0.0920811426	0.1286623059	0.0365419267	0.0027353951	-0.0437667344	-0.0839105017	0.0446170081	-0.0279238007	0.0562502949	-0.1331154973	0.0743479556	-0.0168137061	-0.2200583882	0.0645635988	0.0731444065	-0.1018136898	-0.0076946019	-0.056027569	0.100172987	0.0118041374	0.1062589029	-0.0264602488	0.0217816775	0.0333110718	-0.0260506093	-0.098345724	0.1533500909	0.0488586901	0.0506740956	0.1032909678	0.0771479294	0.0383634626	-0.0067072256	-0.0506788705	0.0	0.0	0.0	0.0	0.0026018794897311	0.0026813865165706	6.769776879083369e-06	7.189833651246964e-06	0.0490559442369402	0.070992686482043	0.0050399615339376	0.0024064856649777	0.0143422691454304	0.0011867758239957	1.408436856420909e-06	0.0002057006842399	-0.0002979885688521	3.7674589000260585e-09	1.4193746563385558e-17	8.879718716652273e-08	-0.0002970113212323	1.5995980915200017e-05	8.821572494015652e-08	2.558714054394432e-10	7.645575074995344e-05	2.750238516782047e-05	7.563811899191513e-10	5.8454818227390066e-09	0.0	0.0
1045.6181185717633	0.2806784182623687	1093317.249885554	0.0787803744782652	1605.6790089505785	-5.185084596593242	2578205.079784512	26.885102273828505	1028.927681760683	-0.0993066775145052	0.0098618161989699	1058692.1742934135	1070.6357734406886	1069.524356357024	1.385762	27.932301	0.0632739624396328	0.0491706865913258	0.0949544733	0.0600770606	-0.1085442399	-0.0696833192	-0.0415387249	0.057211692	0.1050050938	-0.0661805515	0.0243838908	0.1036549025	-0.0341776398	0.0294106471	-0.0907919295	-0.0299440944	-0.0416534942	-0.0306320739	-0.1894787745	0.0198796437	0.101896388	0.0028296021	-0.0176024319	0.1141173004	-0.0150779777	0.0126561775	0.0483369726	-0.0411725524	0.0032426265	-0.0539645315	0.0787951803	0.0463377052	-0.1176374582	-0.0645213241	0.0061211921	0.0639614339	-0.1965411251	-0.0129332828	-0.1882214977	0.0606769001	-0.016796394	0.0222920762	-0.0492104906	0.0180352855	0.0716418568	0.0792854287	0.0200391667	0.1380176688	-0.0888397656	-0.0571557776	-0.0655479374	0.0309463416	-0.0207444678	0.027207007	-0.0216860959	-0.0587867436	0.0047707316	0.1150994039	0.052962785	0.0148040979	-0.0132224403	0.0944914469	0.1851219072	0.0042559753	-0.07291453	0.1632282271	0.0118524406	0.1043970354	0.1506963678	0.0522645142	0.110596615	-0.080984999	-0.2283582341	-0.0776679333	0.0817642577	-0.0634219263	0.0085870023	0.0110425744	0.1400154839	0.104138814	-0.0394683799	-0.0069470831	-0.0793767753	0.1732741006	-0.0805932788	-0.0160474565	-0.0432042611	-0.0300134772	-0.0672899824	-0.0708870153	0.0173628429	0.0770912273	-0.1292623791	-0.0676784794	-0.0543995261	-0.1717552557	-0.1144797672	-0.011656455	-0.1012386195	0.0568688604	-0.0840664079	0.1028693878	-0.0817671564	-0.050524832	0.0283820462	0.0839797436	0.007242037	0.0059217305	-0.1013794675	-0.0361046528	-0.0067473706	-0.0314851176	0.0718683192	-0.0892066299	0.0339590682	-0.0057986221	0.0164251209	0.0546391078	0.0117959128	-0.1488510862	-0.207607136	-0.0485595906	-0.1286043712	-0.1127174498	0.0934770893	0.0892577396	-0.0333544658	-0.0866504606	-0.0252994645	-0.0905248856	0.1101863884	0.0224006964	0.0810372085	0.0228029674	-0.1305563933	-0.0013202645	-0.1328652277	0.0849460775	0.0374761852	0.078076467	-0.0016367967	-0.1477492815	-0.1360840656	-0.0374749432	-0.1011682531	0.0888463968	-0.1195483716	0.1116409861	-0.0604121781	0.010372136	-0.079297368	0.159274463	0.0265103808	-0.0776450871	0.1023837949	0.0738311651	0.0319899701	-0.0156089668	-0.0603985106	0.0	0.0	0.0	0.0	0.006260765685397	0.0036588861956659	3.919718696744457e-05	1.3387448192834484e-05	0.0007511495992105	-0.0483047946377297	0.0023333531849932	5.642257203940948e-07	0.0094563559245699	-0.0048859132208605	2.387214800177943e-05	8.942266737214824e-05	-0.0002979937666468	-5.197794700022556e-09	2.701706974358257e-17	8.880028496034749e-08	-0.0001730107266084	0.0001240005946239	2.9932711521566524e-08	1.537614746708078e-08	7.197417546101922e-05	-4.48157528893422e-06	2.008451707038584e-11	5.1802819332935825e-09	0.0	0.0
1046.0087908753992	0.3906723036359381	1094134.3905886146	0.1526248488282106	1608.5914478910731	2.912438940494667	2587566.446228299	8.482300582109698	1029.0544729211829	0.1267911604998062	0.0160759983808876	1058953.1082390936	1071.2051733997475	1077.556417552542	1.208925	24.367872	0.0481438088357531	0.0296074895075601	0.0059101542	-0.1060491869	-0.0232076225	-0.0661184297	-0.0367810374	-0.0741162099	0.0486061609	0.025579353	-0.0174559613	-0.0186509437	0.0506078215	-0.0637510197	0.0598880805	-0.0703434899	0.0148716258	-0.1223038061	-0.093581122	0.0248780293	0.1076187525	0.0017476627	-0.1311812829	-0.0747496031	0.1199353965	-0.0596224901	0.0371164586	-0.0356563012	0.0578551977	0.0729769374	-0.0306482076	-0.049827242	-0.0547415167	-0.0105198102	0.0176020083	0.0343036894	-0.082183525	0.0456642464	-0.0728116882	-0.1205605179	-0.1315858469	0.0714577567	-0.01538045	0.1447907982	-0.0491534309	-0.0821525165	-0.1489346368	-0.0356392416	0.0352764384	-0.121803852	-0.0092945159	0.094859209	-0.0375191644	-0.0757938244	0.0052616211	-0.0218168985	0.1410396826	0.0078012967	-0.1195764405	-0.064659605	-0.1024644775	-0.0074054016	0.1841661202	0.0527479635	0.1510280296	0.0250038752	-0.0029775819	-0.0735984486	-0.0609296656	-0.1951378928	0.0716955648	-0.0272791348	-0.0165718913	0.0332555025	0.0017530523	0.0748262042	-0.0241985012	0.0017667734	0.1614152043	0.0529988784	-0.0635012743	-0.0346970752	-0.0469692034	-0.0999421687	0.099406864	-0.0230851054	-0.0409058266	-0.1121157602	-0.1123970745	0.0115507224	0.0744377357	-0.0192974564	-0.0974069125	0.0373720731	-0.0784699154	-0.0750645638	0.0034256084	0.0353640529	-0.0229598759	0.050929881	-0.0478255666	-0.093934147	-0.0536141754	0.1940489598	0.080950698	0.0028682441	-0.1067632179	0.0334029432	0.0475428847	-0.0563967859	-0.111189443	-0.2161679337	0.0558901035	0.0684756339	0.0374605314	0.0376204029	0.0993640819	0.0190222084	0.0204700176	-0.0304762903	0.1180228101	-0.1464097685	-0.1777016499	-0.042266535	-0.0163129914	0.1243414997	-0.0113619783	0.0138257604	-0.0150405935	0.0929089665	-0.0249497265	-0.0589023851	-0.0185005115	-0.0956640922	-0.0924102458	-0.0429296305	-0.2052867342	-0.0251229552	0.011119389	0.0425238377	0.0194530337	0.1163189469	0.0219559054	0.0708583712	0.0921648336	0.1249923187	0.0217572982	0.099949559	-0.1139731123	0.1334483825	-0.1613770906	0.0831663673	-0.0558783048	0.0519308847	0.1014361455	0.0703976585	0.0255026853	-0.0244120232	-0.0695216732	0.0	0.0	0.0	0.0	0.0052558410826861	-0.0010049246027109	2.7623865486451e-05	1.0098734571336606e-06	-0.0242278653681609	-0.0249790149673714	0.0006239511887401	0.0005869894602977	0.0172639661049771	0.0078076101804071	6.095877672919814e-05	0.0002980445256737	-0.0002979870858275	6.680819300010875e-09	4.4633346519397804e-17	8.879630331996586e-08	-0.000446008603347	-0.0002729978767386	1.989236742595416e-07	7.452784070378384e-08	5.793355131364628e-05	-1.404062414737294e-05	1.9713912644779208e-10	3.356296367810886e-09	0.0	0.0
1046.7708791940263	0.762088318627093	1095729.2735286348	0.5807786053878696	1605.3633191331903	-3.228128757882814	2577191.3864183333	10.42081527747004	1028.532345339597	-0.5221275815858917	0.272617211452732	1057878.785409772	1069.364115473334	1073.9938587367717	1.16127	23.407303	0.0880169070516646	0.0531186241769122	-0.0260495876	0.0963460099	-0.0073873397	-0.0701743591	-0.028613054	0.1005958592	-0.068890457	0.0289678473	-0.1039808562	-0.0573697482	0.0801849603	-0.0075602521	-0.008708084	-0.1118852831	-0.0416922402	-0.0174239358	-0.0637594648	-0.1249349252	-0.0415103285	-0.0808260116	-0.0048048964	0.0487104211	-0.0751011601	0.0482740936	0.0551598074	-0.0121593758	-0.0583272064	-0.0383962152	-0.0768884034	-0.1077277325	-0.105320681	-0.0025900918	-0.0633803376	-0.012272882	-0.1446814973	0.0205287783	0.0977758031	-0.0655012339	-0.067783164	-0.1078820998	-0.110267867	0.1299988701	0.0088369278	0.1080457027	-0.0905226001	-0.1658773208	-0.0862777211	0.066989776	-0.1972405038	-0.0146125685	0.0626707205	-0.0578508067	0.0571553523	0.0673309435	0.0322803092	-0.1164497195	-0.1658354316	-0.002521102	-0.0024982094	0.1099878045	-0.0127462807	-0.0107190718	0.0276110242	0.0313910729	-0.1186739897	-0.0105453261	0.0513061814	0.0944546083	-0.0452730992	-0.0213702011	-0.0161113128	0.1710958678	-0.0651120469	-0.1166493116	0.0664291796	-0.0435464903	0.0048243196	0.087375616	0.0209233139	-0.0248006163	-0.0304542625	0.0215223826	-0.0228557759	-0.0384795309	-0.0364579744	-0.0083215089	0.0353601154	0.0830607227	-0.0669953549	-0.0307590082	-0.0859360427	0.0695527241	-0.0853988517	0.0041899628	-0.1154112096	-0.0176806939	0.0146040653	-0.0129931786	-0.0110423311	-0.1192369906	0.2296168756	0.1787666497	-0.0440311272	0.021741575	0.2726908748	0.0216855473	0.0026489585	0.0015119342	-0.0468418334	-0.1860653136	0.0986779258	-0.019811198	0.014658834	0.0727059428	-0.0178098856	0.0368982169	0.1307234775	-0.0525782718	0.0603363465	0.0066455775	0.0741355079	-0.0266903568	-0.0249458335	-0.0135700119	0.0719705795	0.0471058883	0.0812454358	-0.1605244091	0.0109778493	0.1007295339	-0.0079538183	-0.0575074022	-0.1053968887	0.0651951308	-0.0646824779	-0.0283352924	-0.083048079	0.119385978	-0.0647117624	0.0173220076	0.0464234597	0.0522595518	-0.061487572	0.1460977121	0.0991287357	-0.0680812896	0.0581888698	0.0827679072	0.0141296862	0.0654806721	0.0256500773	0.1473238653	0.1004483944	0.0668528388	0.0189246842	-0.0330607388	-0.0779582607	0.0	0.0	0.0	0.0	0.0142230714626094	0.0089672303799233	0.0002022957618304	8.041122068661938e-05	0.0232067958283721	0.047434661196533	0.0022500470828298	0.0005385553726197	0.0232594639687278	0.0059954978637507	3.594599463423923e-05	0.0005410026641125	-0.0007049791047483	-0.0004069920189208	1.6564250346522884e-07	4.969955381317146e-07	-0.0003920386026941	5.397000065289996e-05	1.536942660023424e-07	2.9127609704740222e-09	0.0001093618839691	5.142833265545372e-05	2.6448733997200073e-09	1.1960021665270893e-08	0.0	0.0
1046.831451410842	0.0605722168156717	1095856.08766293	0.0036689934499647	1606.3386562022756	0.9753370690852988	2580323.8784097326	0.9512823983319012	1028.610725506793	0.0783801671959736	0.0061434506096687	1058040.024627611	1070.566214361166	1082.6183633154744	1.232493	24.842913	0.0307457850487216	0.0162720374158239	0.0556036682	-0.1046165877	0.0588319684	-0.0878431387	-0.0798405526	-0.0416297935	0.1032830995	0.043668005	-0.0033928082	-0.0422568713	-0.0811270331	-0.0821779233	0.0449385039	0.0125581752	7.19109e-05	-0.0573624458	-0.0644609009	0.0711705391	-0.025544451	-0.0362113118	-0.1062260703	-0.0140517068	-0.0434010272	0.0682677694	-0.0034133038	0.0981589002	0.0936437925	0.0286884252	-0.1675735464	-0.1123317537	0.0849606067	-0.1306733203	0.0874479794	-0.1632106481	0.0105762923	-0.0135613676	-0.1140938595	0.2108253067	-0.1817795187	-0.1013079542	0.0419206716	-0.0076884548	0.1317556863	0.0383806504	0.0828711881	-0.0166931398	-0.0118260439	0.0722000347	-0.2049552628	0.1218788166	0.0044224279	-0.0385572954	0.0053542373	-0.0557130867	0.0337610532	-0.0528897828	-0.0717510142	0.0110532891	-0.0500614023	-0.0204254891	0.0462385428	-0.0110474126	-0.1201659299	0.1102526856	0.0655613711	-0.0564575314	-0.0288142972	0.0021263998	-0.1663414504	0.0060733611	0.0572528536	-0.1135541622	0.048326233	0.031493326	-0.0413228522	-0.0366241492	0.0831782764	0.0585509355	-0.0599109219	0.0536495927	-0.0682944422	-0.1257592983	-0.0422528529	0.0073513643	0.0592604662	0.0989259542	-0.096080194	0.0777895409	-0.1291848477	0.0127819385	-0.1210973519	0.0333844994	0.2532544676	0.0455867457	-0.1121281034	-0.1507478677	0.1054949673	0.0291339227	-0.1259434027	-0.0710333275	0.0581359691	-0.0399941229	0.0848369107	0.005421834	-0.0161119567	-0.1205293582	-0.0340405325	-0.0760326636	-0.0119672172	0.0136925466	0.1069372621	-0.2024811785	-0.0327141293	0.0817339598	0.0396546714	0.0564559855	0.0487903346	-0.08686408	0.0861069704	0.0656509435	-0.0831231376	0.0239184956	-0.0322004422	0.0348245616	-0.1777894302	0.0555440936	0.098635214	-0.0190940389	0.0009064464	-0.0892309563	-0.107385776	-0.0680471256	-0.1203574854	0.0150163964	-0.0457687247	0.1362932434	-0.033909825	-0.1021877569	-0.0780640325	-0.0544245744	-0.0724955223	0.053292662	0.0135723303	0.0651412057	0.0389549563	-0.0148365358	0.0544640578	0.1011503364	-0.0144444386	0.0833122067	0.0293941652	-0.0269905595	0.0994209319	0.0632023111	0.0122793656	-0.0415004339	-0.0856249559	0.0	0.0	0.0	0.0	0.0178294135783971	0.0036063421157876	0.0003178879885495	1.3005703456104096e-05	0.0232905788527375	8.378302436540253e-05	7.019595171813633e-09	0.0005424510632955	0.0256848627663259	0.0024253987975981	5.882559327390313e-06	0.0006597121753249	-0.0007990082924876	-9.402918773930003e-05	8.841488146912534e-09	6.384142514639503e-07	-0.0006569903143458	-0.0002649517116517	4.316362731441931e-07	7.019940950716559e-08	-2.426243885930956e-05	-0.0001336243228284	1.7855459651351016e-08	5.886659394017345e-10	0.0	0.0
1046.0970995517207	-0.7343518591212614	1094319.141690523	0.539272652994853	1612.556839597986	6.218183395710412	2600339.5609342447	38.66580474268867	1028.678689561781	0.0679640549881241	0.0046191127704287	1058179.8463585433	1070.0051677545964	1073.940916000684	1.330022	26.808769	0.1235367756397564	0.0668495964519333	-0.088989532	0.0930314015	0.0509551115	-0.0201929117	-0.0686533669	0.0161359903	-0.094211893	-0.0242976938	-0.0568560583	0.0540712201	-0.1303831957	-0.0757325482	0.0569837398	0.0293432836	-0.0239416902	-0.0295165346	-0.1462065698	-0.0854103175	-0.1188278719	-0.0364259217	-0.1315407552	0.1987249703	0.0576922703	-0.0220003514	-0.0197928417	-0.0322726961	-0.0527604633	0.1619909359	0.0504009898	-0.0064693442	0.1027037921	-0.036712319	0.0058791411	-0.1149265812	0.1370538647	-0.2209862873	0.0642936581	-0.033295413	0.0431483259	0.0153815653	0.0337059853	0.0331128877	-0.1359727001	-0.0460831165	-0.0200540274	0.1165963185	0.0287378253	-0.0316944102	0.024575474	-0.1611647828	0.013294048	-0.1189238861	-0.0452309681	-0.0004734214	-0.1067902257	-0.0589294431	0.0521886259	-0.011811146	-0.036391927	-0.068917355	0.0422377012	-0.0546943917	-0.0083909816	0.1701098522	0.0766718154	0.0363051433	-0.1661250592	0.012462435	0.0737684038	0.1580477748	0.1667963368	0.0509959086	-0.0503243041	-0.0518007898	0.0425657968	0.0349643513	-0.0170903819	0.1732322916	-0.0586154456	0.0284271983	-0.1147105292	0.0460251209	0.1360542772	-0.0611928943	0.0351628565	-0.0618275895	0.0094005464	-0.1923231552	-0.0876101501	-0.0100833802	0.0263581829	0.0814673341	0.0870404323	0.1027030184	0.084230266	0.041452168	0.2336641951	-0.034136386	0.0901058224	-0.0738926377	-0.1903903013	-0.0133117704	0.0371859573	-0.0070033485	-0.0056967872	-0.0635557963	-0.025717797	0.2078490716	-0.0845462329	-0.018276442	-0.0306594344	0.0157861681	-0.0104032691	-0.1093802119	-0.011534469	-0.0546051751	-0.0958630415	0.0668763559	-0.0461318362	0.0866616115	-0.0166920322	-0.0990444512	-0.1076359907	0.1265559991	-0.0931083915	0.0281260014	-0.1164515793	0.0112516464	-0.0440842069	0.1039266509	-0.0188270154	0.0361731172	-0.0503573815	-0.1079323762	0.0881466492	0.0848869414	-0.0389951987	0.0085336164	0.1557523785	-0.0546267161	0.0413713055	-0.2021761955	-0.0707361462	-0.0208259376	-0.0030260485	-0.06723187	0.0943586417	0.1167551325	0.0608782603	-0.106168176	-0.0249861574	-0.1233488596	0.0983541643	0.0594518474	0.0055903678	-0.0496777498	-0.0924460447	0.0	0.0	0.0	0.0	0.0078163576722829	-0.0100130559061142	6.109544726105577e-05	0.0001002612885789	-0.0307037002466188	-0.0539942790993563	0.0029153821754591	0.0009427172088342	0.0580895374638998	0.0324046746975738	0.0010500629422555	0.0033743943627698	-0.0010199890391439	-0.0002209807466562	4.88324903927758e-08	1.0403776399736965e-06	-0.0004135275218608	0.000243462792485	1.710050113363344e-07	5.927413132459419e-08	5.378934073363136e-05	7.805177959294092e-05	6.092080297625028e-09	2.8932931765586943e-09	0.0	0.0
1045.3372215027698	-0.7598780489508954	1092729.906659131	0.5774146492774194	1618.1461024182909	5.589262820304839	2618396.808771506	31.239858874442003	1028.635003172487	-0.0436863892941801	0.0019085006095626	1058089.969751662	1071.4033656331403	1077.197631586362	1.350413	27.21978	0.0551040890361393	0.0270564719222575	0.0959279165	-0.0798709677	0.1096353133	0.1207700732	-0.0697622436	-0.0857302221	0.0998327613	-0.0116036064	-0.0580692074	0.0753920985	-0.0113106919	0.0734628567	0.0310160141	0.1089372756	0.0261576683	0.0594477431	-0.1433482779	0.1559878845	-0.0614476281	0.1876750958	0.0550828775	-0.0135984728	-0.1241277927	-0.0724058323	-0.0188818662	0.1778724567	0.0428500672	-0.0769256787	0.1044503991	0.0568873374	-0.1916308053	-0.036001142	0.0296476138	-0.0924158311	-0.0640715149	0.09090416	0.1053784789	0.1170771447	0.073561017	-0.0783383786	0.0074924086	-0.1129109169	0.0131423818	0.0061851412	-0.1354507443	0.2210116303	-0.1353125705	-0.0803799853	0.0042512763	-0.0059665797	0.1921169032	-0.0060892517	-0.0408180129	-0.055521352	0.0147152874	-0.0496609365	0.0076356216	-0.0439964761	-0.0733929534	-0.0871681749	0.0838871281	0.1499053685	0.0297316045	0.0946050858	-0.1580369203	-0.0070604058	-0.0969638271	0.1375570781	0.0992342279	0.0636288472	0.0276071257	0.0464724081	0.1220740606	0.0601925416	-0.0900670356	0.0186376537	0.0314270263	0.1237240837	0.134340562	0.159487006	0.0417414983	0.0191933722	-0.0455902932	-0.0067180697	0.0350004287	0.1916464132	0.0953122033	-0.0266131362	-0.0107821505	0.1535765151	0.079725301	0.0662325377	-0.0767435602	-0.0796375242	-0.088185422	0.0286678251	0.0007355952	0.1245868311	0.0238427777	0.1306161374	0.1164092346	-0.04130681	0.066850038	0.0337456923	-0.0748364008	-0.0452778195	-0.2655457945	0.1742449342	-0.1042304107	0.0059866658	-0.026323913	0.0397096857	0.0731973754	0.0342370748	0.0396673863	0.0473257614	-0.0093470217	0.0837240107	0.0789622149	-0.1490309609	-0.0491564279	-0.1795135007	-0.1214130293	0.0430750584	0.0945210796	-0.0109418221	-0.0693939894	0.0160654952	0.0787997438	-0.0909673235	-0.0554487385	-0.0289811197	-0.0419994909	-0.105872306	0.1803496029	-0.0274465116	0.0681954889	0.0723170102	0.0665704913	0.077298987	0.0689129103	-0.0018621145	0.0250185368	-0.1011833849	-0.0283554597	-0.0351958521	-0.1201508433	0.2168124134	-0.0613856134	0.0477988616	-0.0934253014	-0.0450124564	0.0972485133	0.0556073782	-0.0011185157	-0.057540987	-0.0983541643	0.0	0.0	0.0	0.0	0.0050430831287542	-0.0027732745435287	2.543268744352525e-05	7.691051693784322e-06	-0.0384793517416568	-0.007775651495038	6.0460756172286713e-05	0.0014806605104581	0.0388510750696156	-0.0192384623942842	0.0003701184352962	0.0015094060340649	-0.0010749315885142	-5.49425493703e-05	3.0186837313078524e-09	1.1554779199856612e-06	-0.0007316011349609	-0.0003180736131001	5.35240220676077e-07	1.0117082335055212e-07	0.000187107190329	0.0001333178495953	1.7773649020733336e-08	3.5009100672812635e-08	0.0	0.0
1043.924529434948	-1.4126920678218085	1089778.4231559776	1.995698878486657	1612.4277794411842	-5.718322977106709	2599923.3439136283	32.699217670506535	1028.589782848987	-0.0452203234999615	0.0020448776574411	1057996.9413813262	1070.4637894150069	1067.582445944715	1.373717	27.689512	0.1088267609436249	0.0566697699820737	-0.1317926821	0.0127351624	-0.0342598918	0.1150364869	0.0104912289	-0.0797368613	-0.1039798488	-0.0211613959	0.063252998	0.170262028	0.0079135155	-0.0067810097	-0.1009636134	0.081755952	0.0587656219	-0.0489719415	0.0311013791	-0.0285263937	-0.051335386	0.0945806766	-0.0395654829	-0.0265901788	0.0034621023	-0.0406954217	-0.0199843181	-0.0012658359	0.0763931802	0.1705310996	-0.035192	-0.0360298023	-0.0490886776	-0.0388516352	0.0246308372	0.0075136924	0.0074865206	-0.0323362471	-0.0249282777	-0.1718961447	-0.0439851212	0.0633726681	0.0718965998	0.0219037612	-0.1657756233	0.0908459026	0.0143939828	0.0364861047	0.1109544465	0.0158934857	-0.0329282603	-0.067634611	0.0670622008	-0.049988305	-0.0035450826	-0.0391015365	0.0404017875	0.0304044615	-0.0064447033	-0.0175453694	0.1114801689	-0.060649832	0.1347868911	0.0701511331	-0.0272281621	0.0201595131	-0.0661469873	-0.0083319319	0.0069556474	0.0084985035	0.007403551	-0.0251352736	-0.0028418235	-0.0494466064	-0.0683516475	0.0494824028	-0.0080282057	0.1127914498	-0.0167350597	-0.0044226251	0.0395137045	0.0592758323	0.0177035573	-0.0773085755	0.0444781417	-0.0022160228	0.0990780688	-0.0124716384	-0.0648540478	-0.0598050131	0.0013022625	0.00979514	-0.0422737191	0.0706622533	-0.0080197213	-0.0165744855	-0.0638543406	0.1232082653	-0.0563969148	-0.137977536	0.0813206752	-0.1157599621	-0.1947454915	0.0484863727	-0.0900940806	0.0300097771	0.0479953511	-0.0775691298	0.0070092969	0.0406911829	-0.1131282395	-0.0152008613	-0.083877053	-0.0012056154	-0.0438766241	0.0669051664	-0.0319654013	-0.0090956545	-0.043365742	-0.0676207529	-0.0442780468	-0.1293969148	-0.0636758872	-0.0343232943	-0.0085423526	-0.0786574985	-0.0063696641	-0.0763500851	-0.0452195956	0.0634106908	-0.128715762	0.0422199383	0.0934121208	0.0677525754	0.0508894741	0.0094046108	0.0684386487	0.0017815841	0.1526827699	0.0029084071	0.0067544018	-0.0571344673	-0.0708808098	0.0092167259	-0.0078823787	-0.2272495805	0.0911344053	-0.0112499749	0.0178512052	0.0157133771	-0.0116901802	0.0345831977	-0.0386372562	0.0299977541	0.0961044161	0.0516749823	-0.0078234205	-0.0650404315	-0.1032909678	0.0	0.0	0.0	0.0	0.0167866736119606	0.0117435904832063	0.0002817924109544	0.0001379119174372	0.0086736614434954	0.0471530131851522	0.0022234066524391	7.523240283637869e-05	0.051138092667827	0.0122870175982114	0.0001509708014587	0.0026151045217032	-0.0014189713701057	-0.0003440397815915	1.1836337131752705e-07	2.013479749179647e-06	-0.0003361236083438	0.0003954775266171	1.1297908008605625e-07	1.5640247405917904e-07	0.0001737617049965	-1.3345485332499992e-05	1.7810197875997247e-10	3.01931301232907e-08	0.0	0.0
1044.402213804548	0.4776843695999559	1090775.9841998408	0.2281823569601073	1605.7393492231977	-6.688430217986479	2578398.8576437384	44.73509878087466	1027.277615457053	-1.3121673919340535	1.7217832644550166	1055299.299219129	1068.7675828229428	1063.0814222067324	1.377521	27.766193	0.0506209552956971	0.0324493295643116	0.1141285063	0.054081841	-0.105691837	0.0075725692	0.0742151193	0.0711273661	0.0728439769	-0.0845717463	0.0059686224	0.0811095058	0.1009509	-0.0237267867	-0.0839600465	0.0473881669	-0.0300377559	0.0293193052	0.0091684327	-0.0265223651	-0.1124582381	-0.1131552346	0.0357450256	-0.1737929057	0.0837924634	-0.1007181545	0.0554995193	-0.1534818469	0.0342589704	-0.0134810347	0.103654798	-0.0598386168	-0.1113139893	0.058622103	0.1708874441	0.0171174	-0.0171955217	-0.0357212777	-0.1063041158	-0.0449813212	0.0691360204	0.0402243206	0.1750236014	0.1168076473	-0.0321902871	0.0560805994	0.1329792858	-0.0047523032	0.1013795172	-0.009311212	0.0388821309	0.0147186906	-0.0312547457	-0.0777831525	-0.0010221123	-0.0362410096	-0.0742125966	0.0729607089	0.0051480421	0.0197960083	-0.0287458313	0.0077652842	0.1140510869	0.0476530085	-0.1235811369	-0.0581138139	0.0100918484	0.1192198396	0.0040343607	-0.0264889014	-0.082709054	0.0013073174	0.0331482357	0.0787995146	0.0621802384	-0.0580209007	0.0332891365	0.0196268132	-0.0725842305	0.0350390268	0.0671783053	-0.2546713871	0.0239504316	-0.0715531346	-0.0666595644	0.0638814238	0.0011546937	0.0216674409	-0.0536385283	-0.0015638181	0.1085458211	-0.037676075	-0.0596281771	0.1351122276	-0.0024020984	-0.1502191452	0.0096280151	-0.006317061	-0.070121993	-0.0522785032	0.1306694498	-0.0424355744	-0.2206958427	-0.0743541781	0.0554176415	-0.0006690216	-0.0240473666	-0.0283893459	0.0159123678	-0.1228243181	0.0261746646	-0.0154714333	-0.014185696	0.0113267102	0.063950563	0.0070762274	0.0559208144	-0.1049771134	0.010979555	-0.0392802624	0.0587020088	-0.0074927041	-0.0576167134	0.011773107	0.1428190394	-0.0841981281	-0.1246730732	0.0485320219	-0.0778756201	-0.1238621437	0.102262782	0.0174136935	0.1246412224	-0.0270564956	0.1252147951	0.055966799	0.0408934208	0.0606700792	0.1671826384	-0.0363419771	0.0239238879	0.0883069883	0.0698687216	-0.0214661081	-0.0374671483	-0.11383464	-0.0434528067	-0.0674189055	0.0548604949	0.0372814797	-0.0241553308	-0.132284869	0.0749447828	-0.1477115284	0.0949223249	0.0476608776	-0.0145004964	-0.0721286695	-0.1072077007	0.0	0.0	0.0	0.0	0.021619175609814	0.0048325019978534	0.0004673887540479	2.33530755592571e-05	-0.0143883977574432	-0.0230620592009386	0.0005318585745875	0.0002070259900263	0.0498920160452769	-0.0012460766225501	1.5527069492658655e-06	0.0024892132650621	-0.001844972107599	-0.0004260007374933	1.814766283448356e-07	3.403922077818296e-06	-0.0003361576454108	-3.4037067000015995e-08	1.1300196256813316e-07	1.158521929963578e-15	0.0001701901300697	-3.5715749268000257e-06	1.2756147457746608e-11	2.89646803731414e-08	0.0	0.0
1045.5609877686586	1.158773964110651	1093197.779143773	1.342757099900712	1607.2167175374132	1.4773683142154823	2583145.577131737	2.182617135847896	1028.9039930272363	1.626377570183422	2.645104000795732	1058643.4268673912	1070.2074237787951	1077.574342423082	1.306742	26.33952	0.068346309551438	0.0415932453998723	-0.0705702538	-0.0893174801	-0.0882973073	0.0791874855	0.0937811894	-0.068733716	0.0115849387	0.0642556915	0.0962960988	-0.085122396	0.0089495666	0.0077207152	-0.0115156243	-0.0689035868	0.0277153493	-0.0562874275	0.1018421737	0.0130704384	0.051246576	-0.1330803979	0.0357754903	0.0639437812	-0.1744469067	-0.0205864536	-0.076899116	-0.0046729212	0.0776707196	-0.0429263171	0.1059884088	-0.0653736361	-0.0313791795	-0.098061897	-0.0347321935	0.021920685	0.1032497681	0.013811813	0.0668349096	-0.0828991801	0.1282915135	-0.1683850314	0.0573767069	-0.0198490836	0.1313895448	-0.0024947847	0.0946196873	-0.0861867155	-0.0478690311	-0.1504855554	-0.1340897911	-0.0301901105	-0.0804575444	0.05208947	0.022281141	-0.0988423082	0.1902152679	0.0487140115	0.0841456447	0.0570734965	0.014301694	0.0592837665	-0.0793302961	0.0080088429	0.0200115771	-0.0501370966	0.0631302466	0.1000130521	0.0051288591	0.0227401179	-0.1347479876	-0.0660199065	0.1557562714	-0.0319321545	-0.0762999435	0.0721199155	0.0022506997	-0.1014566774	0.030906483	-0.1051309226	0.0190542351	-0.0621758079	-0.0472710269	0.1025729936	-0.0562597638	0.0303445511	0.1727902863	0.0967384026	0.0437438286	-0.0729138909	0.0437824734	0.0208254824	-0.0661940568	0.0171650968	-0.0320216283	0.0026073936	0.1347857961	0.073070072	0.0219859574	-0.0699486303	0.0583776627	-0.055916243	0.160904686	-0.0868481957	0.1321110411	0.0077946746	-0.052934199	0.0041003387	-0.0086318688	0.0733376836	0.1850829294	-0.0200110308	0.0052768851	-0.1074368516	0.0420444412	0.1878737964	0.0390138709	0.148325844	-0.0633394393	-0.0612953641	-0.0110296587	0.0965216624	0.0552229421	0.1109612843	0.0628544183	-0.0682439021	-0.0379301612	0.2181380512	0.0443026139	-0.0328523138	-0.1142961244	-0.05564928	0.0201066845	-0.0639051536	0.0846715192	0.1485144192	0.0759492656	-0.056205318	0.0357094679	0.0078551655	0.0418480078	0.0274872884	0.0812952041	-0.132836563	-0.0011609634	-0.0082255362	0.0658927922	-0.1181233792	-0.0463109987	-0.0834758712	0.0574087919	-0.0972410868	-0.0952974439	-0.1360272024	0.093702707	0.0435714113	-0.0211259922	-0.0787608868	-0.1100656827	0.0	0.0	0.0	0.0	0.0246322303346033	0.0030130547247893	0.0006067467712569	9.07849877457514e-06	0.0214722556582671	0.0358606534157103	0.0012859864634016	0.0004610577630539	0.0520943425941453	0.0022023265488683	4.850242227850595e-06	0.0027138205303161	-0.0018348820429167	1.0090064682300025e-05	1.0180940529299825e-10	3.3667921114181628e-06	-0.0007048096379411	-0.0003686519925303	4.967566257346645e-07	1.359042915965604e-07	0.0003368535700985	0.0001666634400288	2.7776702242233422e-08	1.1347032768810507e-07	0.0	0.0
1044.316421293791	-1.2445664748674972	1090596.787783871	1.5489457103641084	1606.2990532124295	-0.9176643249836616	2580196.648351148	0.8421078133477192	1027.5441405914642	-1.3598524357721544	1.849198647075461	1055846.9608638503	1068.680937448771	1081.3328325850691	1.365946	27.532888	0.0554791283294553	0.03379130213518	0.0232987945	0.1150815077	-0.0593379052	-0.0683222725	-0.1208505354	0.0952032377	-0.0547515234	-0.0068698188	-0.0821036585	-0.0583490655	-0.0111946253	0.0661229573	0.0652925878	-0.0535656072	-0.0109830004	0.0526434613	0.0851343693	-0.0202615712	-0.0936489701	-0.1500068537	-0.0118372459	-0.1317194675	0.0186849241	-0.0023330403	-0.0252100777	0.017627802	-0.0919596895	-0.0842499261	0.03088521	-0.1053063485	-0.07229288	0.1531022222	-0.0187888742	-0.0659259437	-0.0918544186	-0.0271670977	-0.0898845414	0.0298987372	0.0511466583	-0.0014554892	0.0102456271	0.0836296236	0.0300390296	-0.0690046769	-0.0942010895	0.0311033338	-0.1314461329	0.007012962	-0.0585534146	-0.0803721914	-0.0631057521	0.0921202283	0.0707957912	-0.01153871	0.0254275368	0.0163202307	-0.0224421756	-0.0032947032	0.1275372285	-0.0616750086	0.007082323	-0.0128647054	0.0091697743	-0.156709491	-0.005449131	0.1434958053	0.0495840848	0.0217339839	0.1207130098	-0.0963090129	-0.0534602441	-0.006994622	-0.0388893957	-0.0550549926	0.0341101771	-0.0403082608	-0.1312545501	0.0045841943	-0.0344021863	-0.1754286251	-0.0280236997	-0.0726743744	-0.0135957221	0.0164652422	-0.0567070557	0.0450134443	0.1661909291	0.0973877691	0.0793109719	0.028570717	-0.0445872475	0.0500438578	-0.0788014294	0.0277458222	-0.059455755	-0.0715291196	-0.0161266405	0.0706566023	-0.0005960328	0.0130700549	-0.0496681427	0.0620368074	0.0237359622	0.0885216494	0.0858574766	0.1918529264	-0.0224206183	0.0576432114	0.1104459833	0.0452791842	0.1646396409	-0.0076333156	0.0015106255	0.0390119364	0.0560307448	0.0038147909	-0.0029255969	-0.0566404108	-0.0196481098	0.0130862693	0.068825376	0.0718549868	-0.0095323819	-0.1336082702	0.0058687232	-0.0184769671	-0.1345973252	0.0393556154	0.0490766977	0.1427302959	-0.0090136183	-0.0429663172	0.0344061924	0.0483781553	0.0371973783	0.1391108093	-0.0069716461	0.0173759008	-0.0685716272	0.0726633961	0.1645630486	-0.0064559442	-0.0062807937	0.0036474677	0.2125053503	-0.0840842779	-0.0670661397	-0.0419486836	0.0547384758	0.0093386106	-0.1057897895	0.1315739629	0.0924460447	0.0394130496	-0.0276763402	-0.0848951525	-0.1118366891	0.0	0.0	0.0	0.0	0.0179756928399683	-0.006656537494635	0.0003231255330768	4.43094914174816e-05	-0.0100819290319691	-0.0315541846902362	0.0009956665714655	0.0001016452930056	0.0463180170593062	-0.005776325534839	3.336593668443416e-05	0.0021453587043061	-0.0017774255067791	5.745653613760003e-05	3.3012535449313373e-09	3.1592414321489407e-06	-0.000743180874968	-3.83712370269e-05	5.523178129182022e-07	1.472351830974541e-09	0.0002028397310681	-0.0001340138390304	1.7959709051665962e-08	4.114395649977913e-08	0.0	0.0
1043.7999184293872	-0.5165028644039467	1089518.2697131953	0.2667752089374817	1608.3382494094524	2.039196197022875	2586751.924513462	4.158321129952555	1028.2816105635088	0.7374699720446642	0.5438619596675579	1057363.0706230835	1071.2800124657551	1079.349646323008	1.292363	26.049704	0.0494853023125616	0.0343499010372413	0.017719143	-0.1245803649	0.0250290042	-0.0663878074	-0.0894725577	-0.0706815622	0.0898022223	-0.002554323	-0.0404631702	-0.0268719008	0.0360826033	0.0379386552	0.1133938994	0.0420804215	0.0425167009	-0.0031607633	0.0768899373	0.1064008686	0.0090130596	-0.0748033098	-0.008624547	-0.0949668754	0.0059294629	-0.0188309578	-0.0961254318	0.1105812184	-0.1484390813	0.124008468	-0.0678550026	0.0810203547	0.1199095863	0.0973598448	-0.0843404125	0.1115783848	-0.0384677161	0.0164847272	0.0969641296	0.0112932389	0.0628331639	0.0407985041	-0.0090361063	-0.0277626581	0.0082298706	0.0863727112	-0.0132905768	-0.0179588882	0.0915596387	0.0316927874	-0.0954939743	-0.0307105897	-0.1028641072	0.0237571571	-0.0262663011	-0.016644191	0.0524333169	-0.0150478857	0.0477305985	0.1993555676	-0.0905731075	-0.0734565703	0.0888511733	-0.0292579466	-0.1139112314	0.1071627479	-0.0932520046	0.0408425787	-0.1562613488	0.0527711813	0.1120266193	-0.0520937951	0.005614365	0.0332476982	0.0682654196	0.1307671003	-0.0550690304	-0.0197574164	-0.0196524566	-0.0427632428	-0.0693558454	-0.0461296147	0.0127860084	-0.1234303085	0.0938601047	-0.0194728228	0.0440543428	-0.0381244007	0.1649046503	-0.0023316581	-0.0565304162	-0.0611860372	0.0864184508	-0.1286547826	-0.1088480143	0.0781947414	-0.0389434609	-0.0654423916	-0.02314936	-0.0213394271	0.0255671884	-0.015100799	-0.0224333493	-0.0549835596	-0.0286749697	-0.0180454763	0.0776052215	-0.099507275	0.0744879081	-0.0539592564	0.0014570434	0.0197411288	-0.0505697811	-0.0619557999	0.0704180335	0.058929206	-0.0035837384	-0.0024806283	-0.0867797431	-0.0290048231	0.0726033563	0.0225656301	0.0770839931	-0.2476702547	-0.110263085	-0.0545429429	-0.1882556257	0.0878371736	0.0248563425	0.0217850261	-0.0489659567	-0.1168168	-0.0810886616	0.0458728612	0.0401263073	0.0162481919	0.0314889274	0.1470814223	-0.0233212036	-0.1509548528	-0.0619003267	-0.0628159112	0.0711017451	0.0162976797	0.067436711	0.0541786117	0.0505502908	-0.0344852549	0.0681899351	-0.0614587353	-0.0391183946	-0.0361959651	-0.0316490474	-0.063329328	0.0911528348	0.0351923678	-0.0341282399	-0.0904926836	-0.11250323	0.0	0.0	0.0	0.0	0.0158852092439758	-0.0020904835959925	0.0002523398727248	4.370121665113745e-06	0.0226710983866809	0.03275302741865	0.0010727608050868	0.0005139787020585	0.0464052593137154	8.724225440919636e-05	7.611210954398943e-09	0.0021534480919731	-0.0018699338131914	-9.250830641229987e-05	8.557786755271961e-09	3.496652465716529e-06	-0.0005767197470414	0.0001664611279266	3.326056666274965e-07	2.7709307110595893e-08	0.0002349612775994	3.2121546531300007e-05	1.0317937515624716e-09	5.520680197114232e-08	0.0	0.0
1044.2879316201593	0.4880131907721079	1090537.2841275104	0.2381568743675738	1604.5075487177423	-3.8307006917100352	2574444.4738922184	14.674267789467743	1028.1145448118775	-0.1670657516312985	0.0279109653681307	1057019.5172537342	1069.5226041031287	1067.407813236764	1.253113	25.258539	0.0938672107320999	0.0650255157221876	-0.0620475008	0.1059922196	0.0845556626	-0.0603823298	-0.0513544768	0.0561055539	-0.0660199771	-0.0712780341	-0.0073725992	0.0189538334	0.0111493948	-0.0543602212	0.069077557	-0.0490670058	-0.0062167911	0.0664599898	0.1256504408	-0.1547190444	-0.0707556318	0.1080768557	-0.0472359855	-0.013258113	0.0616517052	-0.0310205073	-0.1531598674	0.0510369115	-0.0198192011	-0.0652171565	0.0243732639	-0.0294146279	-0.0401552219	0.0509385453	0.028992774	0.0185975972	0.0293532283	-0.0757596973	-0.0334345124	0.0316403492	0.0123062763	-0.0108894725	-0.1467403087	0.2314894508	-0.0328910018	-0.1040230326	-0.0169908982	0.0528607067	-0.1213031054	-0.092047828	0.0068063519	0.0232307566	0.0109602069	0.0495010303	-0.008735536	0.0475479981	0.0062667811	-0.0191514871	0.1428067461	-0.0047971602	0.0249887591	-0.0441687235	-0.1429707721	-0.0738931669	0.024465785	0.1122628089	0.034117027	-0.090373874	-0.0057624162	0.1143289476	-0.1015082387	-0.0394128949	0.042576159	0.0071908888	-0.0222789146	-0.0638646378	0.0265847062	0.0814728493	-0.1489419728	-0.0590204882	-0.0089373613	0.039230597	0.0119703923	-0.0826201017	0.0589661011	0.1159761147	-0.0867572718	-0.0375209182	0.0930713088	0.0185832053	-0.0075942559	0.1138078398	-0.0238087609	-0.0257363972	-0.064097556	-0.0847969184	0.1097974482	-0.1109613849	0.1090585546	0.035420494	0.0651620077	-0.1145330743	0.0005743129	0.0716938707	-0.0202372364	0.0532832683	-0.0988746759	0.0929956949	-0.1133333109	0.0409536841	0.0854117326	-0.0506327322	0.0707527247	-0.0290694997	-0.1110914253	-0.0593031117	0.0122524248	0.087398745	-0.0918786141	0.0804854179	-0.0589018054	0.115583547	-0.0005145888	0.0791041164	-0.076947753	0.0678674776	0.0582873791	-0.0148090675	0.1039850326	-0.0301759695	-0.0098733437	0.0754232934	0.0731602755	0.0880692545	-0.0107971097	-0.1444050684	0.0445203157	0.0208998044	-0.0355803593	0.0063972371	-0.0121888237	-0.0078172887	0.1760516302	-0.120038624	-0.0724487496	0.0430658612	0.025437999	-0.1464870725	0.0616649421	-0.0324867516	0.0630097094	-0.0483984639	-0.064870345	-0.0898476828	0.0898235884	0.0309160396	-0.0404587412	-0.0955180909	-0.112058723	0.0	0.0	0.0	0.0	0.0175305769158029	0.0016453676718271	0.0003073211270008	2.7072347754937403e-06	-0.0400291623615061	-0.062700260748187	0.0039313226978906	0.0016023338393638	0.0463166358371296	-8.862347658580155e-05	7.854120602154116e-09	0.0021452307552692	-0.0017019422677703	0.000167991545421	2.822115933296948e-08	2.896607482823112e-06	-0.0003078291284397	0.0002688906186017	9.47587723159453e-08	7.230216477200493e-08	0.0003867382902866	0.0001517770126872	2.3036261580250473e-08	1.495665051738025e-07	0.0	0.0
1045.7003636697202	1.412432049560948	1093489.250578985	1.9949642946269408	1612.3563558700237	7.848807152281324	2599693.0183144626	61.60377371370247	1028.808742038601	0.6941972267234178	0.4819097895904843	1058447.4276950485	1071.1879498155618	1069.1048479152375	1.266682	25.532049	0.066839519253572	0.0444447330818863	0.0694620251	-0.0810099401	0.1177915024	0.0933602828	-0.00284423	-0.0605580208	0.1304557097	0.0074077766	0.0272527493	0.0335346272	-0.0093660878	-0.0348783306	-0.0457370832	0.0540462708	0.1017062336	0.1360933813	0.0570949636	0.050169829	0.1005891326	0.0075147118	0.0126920529	0.0331770596	-0.0123451183	-0.0134200672	0.0131740244	0.0322028787	-0.00570612	0.0919987137	-0.0568203791	-0.0695960861	-0.0166067195	-0.0591189722	0.0482073446	0.0201614657	0.0546603348	-0.1708067669	-0.1689100281	-0.0981950985	0.0183281325	-0.1028847793	0.0066174697	-0.0702130564	0.0927475998	-0.0179157675	-0.0191465758	0.0973023136	-0.0416498519	0.0906607594	0.0125632415	0.0192818999	0.1803079397	-0.0690543438	0.0712469531	0.0166970549	-0.0547430021	0.1102143397	-0.0926820436	0.0122602858	0.1038642619	0.08121158	-0.1006624667	0.1509306742	-0.1059197444	-0.1145643627	-0.0194255762	-0.0847560625	0.0070147039	-0.1480730696	-0.0058422751	0.0557779833	-0.0189435765	0.1404774774	0.0993617983	0.0446439051	-0.1480100349	0.0138075836	-0.0341768172	-0.1165344405	0.0580776362	-0.0148117242	-0.019051205	0.0559527718	0.0508932481	-0.0509659796	0.0297268449	-0.028740836	0.0265665522	0.0610268792	-0.051958023	0.0875637669	-0.1140568799	0.0019934781	0.1389167281	-0.0613357884	-0.0425382789	0.0666218584	0.0351684398	-0.1189245776	-0.0129941074	-0.0473378906	-0.0667332434	-0.0455563009	0.0794513096	-0.0246732246	0.0759257987	0.078782462	-0.1572493387	0.0756570523	-0.0089105692	0.0894046859	-0.087042787	-0.0616488322	-0.0840772787	-0.0020040115	-0.1667464249	0.024173741	0.0703168996	-0.0001551327	0.0206995094	-0.1461717628	0.0749983835	0.0707848489	-0.0321191199	-0.0140687552	0.0235091466	0.0612615337	0.1029057864	-0.0312639198	0.0265825537	-0.1040056498	0.0534846309	-0.0528522473	-0.0149073082	-0.0367921002	0.2040876117	-0.0278674741	0.0647988717	-0.0686355357	-0.0569547849	0.1112657202	0.0801800106	-0.058010503	0.0331216871	-0.0390250203	-0.0300855057	-0.0468991763	-0.0760655902	0.012676892	0.0010110333	0.1414903681	-0.0134307868	-0.0296703794	0.0884588311	0.0265908268	-0.0466453256	-0.099939602	-0.1105075577	0.0	0.0	0.0	0.0	0.0182977591305473	0.0007671822147443	0.0003348079891995	5.885685506201189e-07	0.0027884916451199	0.042817654006626	0.0018333514946311	7.775685654903486e-06	0.036016095574638	-0.0103005402624915	0.0001061011296992	0.0012971591404414	-0.0017829329598327	-8.099069206239998e-05	6.559492200746499e-09	3.178849939257792e-06	-0.0004322975579809	-0.0001244684295412	1.868811786362496e-07	1.5492389952452672e-08	0.000333114556496	-5.362373379059999e-05	2.8755048256451353e-09	1.109653077495268e-07	0.0	0.0
1042.468965986841	-3.2313976828791056	1086741.5450456736	10.441930984916452	1619.368344225782	7.011988355758376	2622353.834280551	49.16798070129106	1027.483984073178	-1.324757965423032	1.7549836669517715	1055723.3375268904	1070.1303541629857	1078.3400999068251	1.282388	25.848631	0.0718905842432829	0.0383600201080472	-0.1173414664	0.0048419321	-0.0196316748	0.0899361	-0.0767439433	-0.1306391171	-0.1349804784	-0.0176200955	-0.0403281963	0.0945412021	-0.0138150188	0.1363855186	-0.1570001859	-0.0542653875	0.0244020245	-0.0222526965	0.161733873	0.0612062488	0.0248027404	0.0261520089	0.0965371746	0.0126440123	-0.0208636209	-0.0516982262	0.1571769289	-0.0743140853	-0.0319252247	-0.1020876504	0.0459357972	-0.1114409051	0.0927350105	-0.0766170414	-0.0589962675	-0.0327893644	-0.0314965875	-0.0077799222	0.0449701801	0.0554485838	0.1854805054	-0.0614365742	0.065679795	-0.0032313962	0.0243317679	-0.0151245315	-0.0631291701	-0.0099381607	0.0949994804	-0.0525498711	-0.0752790937	-0.0145953028	0.0958566893	0.0356596435	-0.0216266025	0.1962472234	-0.0048665761	0.1386179813	-0.1066835266	-0.120328033	-0.1246321222	-0.02519796	-0.0604020769	-0.0137162083	0.0640000884	0.0318967802	0.0802258091	-0.0196197313	-0.1192975016	-0.0142612567	0.0607015289	0.0484693582	0.0320407718	-0.0309586267	-0.0322549903	0.1247788787	0.0222536235	0.1450399467	-0.0879006503	-0.0829934211	0.1165649668	-0.0389367486	0.052443249	0.1090076769	-0.0473899928	-0.0655709198	-0.0402248307	0.0648978222	0.0278969535	-0.0013697322	0.1003211438	-0.1866502887	-0.0495692003	0.0068079616	0.0643811751	0.1033795219	-0.0969614461	0.0397035343	0.0282528023	-0.0366922967	0.0670315343	0.1163370654	0.0673116212	0.0495337249	0.0357159234	-0.0770239747	0.0910559346	-0.025905735	-0.1224108595	-0.0176246902	0.1882739415	-0.0199811945	-0.0623056959	0.0853631966	0.0737158183	-0.0745363012	-0.0006652454	0.0844862362	0.0491474207	0.049003947	0.0032976016	0.0186502523	-0.162773342	0.0176860701	-0.0255433512	0.091585791	0.0343202657	-0.0164392797	-0.0188698985	0.0702572935	-0.1287154654	0.0640500401	0.0534832605	0.0131639826	0.1566911819	0.0178056578	0.0799983451	0.0944161168	0.0369002545	-0.0374543326	0.0341468353	-0.1589334702	-0.0200783303	0.1095069781	0.0577061442	-0.0091230129	0.1212215013	-0.0414646339	-0.0191524705	-0.055091318	-0.0600619656	0.1010873698	-0.0585313014	-0.0688515561	0.0870591025	0.0222235685	-0.0526659867	-0.1037292628	-0.107865053	0.0	0.0	0.0	0.0	0.0228957232243232	0.0045979640937759	0.0005242141419648	2.114127380765243e-05	0.0141921343861497	0.0114036427410297	0.000130043067765	0.0002014166784345	0.0639750130712002	0.0279589174965621	0.0007817010675795	0.0040928022974602	-0.0021689618300947	-0.000386028870262	1.490182886757561e-07	4.704395420407751e-06	-0.000370741292595	6.155626538589999e-05	1.374491060350114e-07	3.789173808259349e-09	0.0002220984939056	-0.0001110160625904	1.2324566153075612e-08	4.9327740995135844e-08	0.0	0.0
1040.462326682569	-2.0066393042720847	1082561.853245705	4.026601297449556	1594.3099029013451	-25.0584413244369	2541824.0664892965	627.9254816102468	1026.2673445984558	-1.2166394747221148	1.4802116114521031	1053224.6625891656	1067.746813341187	1062.1678902626518	1.412502	28.471291	0.1141008904549378	0.0703822978344436	0.114238198	0.0552346136	-0.1103929758	0.0371692466	0.114600143	0.0807595012	0.0141684313	-0.1768670881	-0.0333208401	-0.1409921706	0.1065741457	0.0364482213	-0.0918499376	0.0243290513	-0.1038288452	0.1708538052	0.1240942066	-0.0360513985	-0.1223899208	-0.099185568	0.0027128429	0.0701397	-0.0567124549	-0.0023758686	0.049733333	-0.0411319894	-0.0310594705	0.090086415	0.1562811089	-0.0018422696	-0.0835727158	-0.0373978543	0.0408204509	-0.1322348103	-0.0078446412	-0.1007307104	0.1328283561	0.0574134593	-0.0745452326	0.0137107128	-0.138941236	0.0957968869	0.0138839635	-0.091317827	0.134600591	-0.0415172149	0.0440114462	-0.0980530374	0.1385281891	-0.110005898	-0.0080046595	-0.0951450511	0.0635531346	4.773e-06	-0.0046163152	-0.0331969275	-0.0524438862	0.0409866519	-0.1866235235	0.0239639562	-0.091668492	0.0561246151	-0.0039972729	-0.0383392569	-0.0615688325	-0.0818078023	0.1032578687	0.0321777586	0.0331979014	-0.0938133044	-0.0095668936	0.023354947	0.0764534762	-0.0534457769	0.0959813208	-0.1006468305	-0.2226592641	-0.04794847	0.0485934534	-0.0994086063	-0.035725515	0.0191534857	-0.0151029521	-0.0668336658	0.0414283855	0.0004427739	-0.005920327	-0.1566963879	-0.0564414023	0.0436884359	-0.0467934337	0.1375773453	-0.0129976234	-0.0644136827	0.0920312225	-0.0125469346	0.1571284492	0.1505348957	0.0108508833	-0.0476925464	0.0756912193	-0.0399145072	-0.042655693	-0.192601376	-0.0673032108	-0.0550495006	0.0529202252	0.0521588668	0.0139458933	-0.1146492198	-0.0352761595	0.1217606283	-0.0297975202	0.0046200787	-0.1797673755	-0.0806926191	0.0231114002	0.0468075421	-0.0061189373	0.0365122958	-0.0133425551	0.0088832863	0.0898543158	-0.0032541015	0.0115806078	-0.125162278	0.0412543745	0.0571667782	0.1264152625	0.0478104841	-0.0194552061	0.0070897936	0.2101700812	-0.040628906	-0.1094433137	-0.0171436896	0.1449530491	-0.0307374687	0.1218567169	0.0413264277	0.0468924604	-0.0186842784	0.0075229776	0.0105051491	-0.1050469334	-0.0741946489	0.0819565649	0.0613327925	-0.0600359845	0.095168639	-0.0555389429	0.1028080893	0.0856249559	0.0178211701	-0.0584993082	-0.1068631138	-0.1041573055	0.0	0.0	0.0	0.0	0.0134251141611798	-0.0094706090631433	0.0001802336902407	8.969243602689388e-05	-0.0497222380253674	-0.0639143724115171	0.004085047000758	0.0024723009542512	0.0495337965278679	-0.0144412165433322	0.0002085487352514	0.0024535969984642	-0.0016969646971883	0.0004719971329064	2.2278129347186198e-07	2.8796891835033785e-06	-0.0003621505413358	8.590751259199975e-06	1.31153014589813e-07	7.380100719744593e-11	0.0001771925293323	-4.490596457330001e-05	2.0165456542584754e-09	3.1397192451178e-08	0.0	0.0
1041.354517164477	0.8921904819080737	1084419.2304188611	0.7960038560073608	1602.3225521331135	8.012649231768364	2567437.5610743742	64.20254771135815	1026.4803226579938	0.2129780595380452	0.0453596538445911	1053661.8528040592	1068.503701735628	1076.0749928087566	1.263047	25.458786	0.1196253076174277	0.0776352834259638	-0.0229855956	-0.122500557	-0.075400194	-0.0866897829	0.0186113791	-0.0773827567	0.006048412	-0.0236596829	0.1476241464	-0.1296867707	0.0204445742	0.0761520997	0.0762013088	-0.0503355703	-0.1206087197	-0.0175819264	0.1217447921	0.0173702445	0.0115666234	-0.0338571559	0.0392751332	-0.0950217197	-0.0912072	0.034310686	-0.0346621082	-0.0323994426	-0.0618498012	0.0440247765	-0.1224153425	0.0853586897	0.0925565361	0.0630820323	0.1952414345	-0.0380353099	-0.0394407111	-0.0668328232	0.0522232489	0.0570189509	-0.0458177252	0.0279769406	-0.1171313515	-0.041283201	0.0182491366	0.0217694628	0.1017543599	-0.0204592238	-0.0975068735	0.0776594044	0.0379047691	0.0514224299	0.0721604478	0.0003390569	-0.0095103587	-0.0770828016	0.0232063788	-0.0720395193	0.0987325706	0.0341626679	-0.0543327905	0.1179736428	0.0066048905	0.0089915278	0.1442753957	0.0596333242	0.0228048994	-0.0667695017	-0.0151992176	-0.0649857923	-0.039030896	0.0354158367	-0.1196437927	-0.0488952906	-0.006141236	0.0763444603	0.1268931376	-0.1229062383	-0.0010077667	-0.1256327842	0.0143307378	0.0146740022	0.0427337089	-0.0913338363	-0.0508360507	0.0127581367	0.0483800015	-0.0857772645	0.0024514917	0.0530295561	-0.0771839316	-0.0800548025	0.0833468322	-0.0108914139	0.0338545024	-0.072799484	0.0080101479	-0.1124508194	0.1083975278	0.0641246979	0.0027809061	0.0169364905	-0.0599758554	-0.2011583907	-0.110798117	-0.0153056983	-0.0022441474	0.0660036367	-0.0112689112	-0.0570482012	-0.1258541103	-0.0112950366	-0.0089964754	-0.0379508019	-0.010270821	0.0396209556	0.0603115729	-0.0138190171	0.0316964297	0.0291477326	0.0073616998	-0.0260681467	0.0484806205	-0.0402554615	0.0815557123	0.1332843234	0.1826977224	0.0130790483	0.1104356892	0.083420912	-0.0709112486	-0.097946807	-0.087654296	0.0833378634	0.1884955903	0.0255091771	0.0011919644	0.0538696077	-0.035556354	-0.0503774591	-0.0091330775	0.1011081693	0.0302509292	-0.1492313122	0.0920371247	0.0027536858	-0.0239673626	-0.0363884683	-0.1168339802	-0.0119428037	0.0186154659	0.0733203145	-0.0129309239	-0.0352892412	0.0841569582	0.0133905928	-0.0641245402	-0.1093213418	-0.0994209319	0.0	0.0	0.0	0.0	0.0159778645500665	0.0025527503888867	0.0002552921555802	6.516534547961199e-06	0.02335565261113	0.0730778906364973	0.0053403780998798	0.0005454865088917	0.0682152753531966	0.0186814788253287	0.0003489976511012	0.0046533237915124	-0.0017559672338851	-5.900253669680012e-05	3.481299336657245e-09	3.08342092647809e-06	-0.0007250826489766	-0.0003629321076408	5.257448478469234e-07	1.317197147565933e-07	9.286341833560031e-05	-8.432911099669969e-05	7.1113989614936975e-09	8.623614464972709e-09	0.0	0.0
1040.334118601212	-1.0203985632651893	1082295.0783257606	1.0412132279136626	1600.5623720047322	-1.7601801283813074	2561799.9066774147	3.098234084348436	1027.454794915168	0.9744722571740568	0.9495961800019008	1055663.3555941698	1068.7891984150297	1060.1473144796855	1.249444	25.184586	0.0522894231199429	0.0264685164905662	-0.0946345181	0.0942693344	0.0509081426	-0.0951777335	0.0530657264	0.1183857931	-0.0772151798	-0.0078917346	0.0344505455	-0.0286402342	0.0295801608	1.83772e-05	0.2168789179	-0.0616209662	0.0078814836	-0.0085931691	0.0683501634	-0.0851164841	0.0194829311	0.0538891008	-0.0341120083	0.0697294918	-0.0899042488	0.1074265412	0.0683203945	-0.0948952081	0.0550904307	0.1429349532	0.0133841859	0.0447321519	-0.0333360071	0.011315878	-0.0308772107	0.0511071499	0.1017886638	-0.0550831532	0.0088315073	0.06029847	-0.0701238829	0.0347328509	-0.1076731919	-0.0592575925	0.030551508	-0.028360969	-0.0146344291	0.0402950497	0.1189038347	-0.0058377796	0.0115101979	-0.1381245053	-0.1758186859	-0.0053322407	-0.0573355846	0.0054356507	-0.0569302261	0.00069254	0.0371230738	-0.0707135961	0.0813277027	-0.0341404755	-0.0521955258	0.1622925803	-0.0652862607	0.100429252	-0.0686959676	0.1355715914	0.0674417593	-0.1120018968	0.1000634146	-0.0121031271	0.0637149558	-0.1355332109	-0.0415835873	-0.0834361623	0.0473688219	0.0702370592	-0.0477485843	-0.0618975843	-0.0637491812	0.0227889465	0.0080313649	0.017887772	-0.0489919178	-0.1835858956	0.1350196211	-0.115037447	-0.0478579856	-0.0007815232	-0.0210359999	0.0640934197	0.0444551256	-0.0418605548	-0.0113228473	-0.0229056499	0.0589189742	-0.0328542078	0.099719131	0.0392256641	-0.041593255	0.0009782429	0.0210883889	0.029055309	-0.0544219789	0.0067059588	0.0403381576	-0.1186953291	0.171971741	0.0581082483	0.0135951055	0.0616008474	0.0271006929	-0.0518292115	-0.01683069	-0.093921282	-0.1743568914	0.0521909481	-0.1583545972	-0.014278839	-0.0153142722	-0.0478504635	-0.0028287464	0.0377257028	-0.0012135454	0.0336220218	-0.077393169	-0.0026516095	-0.221706445	-0.070001187	-0.0462904355	0.0542008408	0.0434144021	0.1662065072	0.1137148861	-0.0468524531	-0.0009198221	-0.0345239771	-0.0841249929	-0.0268993861	-0.0242431625	-0.0365611958	-0.0705545855	-0.0481954981	-0.0014933722	-0.0851047246	-0.0978417309	-0.0178845145	0.0451665363	-0.0683193156	-0.0342740992	0.047108781	-0.0487976544	-0.0296103927	0.08265569	0.0089388422	-0.0695216732	-0.1110884051	-0.093702707	0.0	0.0	0.0	0.0	0.014291758329108	-0.0016861062209585	0.0002042543561376	2.842954188354958e-06	0.034854265819348	0.011498613208218	0.0001322181057122	0.0012148198458057	0.0541253242184751	-0.0140899511347215	0.0001985267229788	0.002929550721755	-0.0015539801531312	0.0002019870807539	4.0798780791482584e-08	2.4148543163256675e-06	-0.000431076281347	0.0002940063676296	1.858267603399579e-07	8.643974420675154e-08	9.716502107299867e-05	4.301602737398361e-06	1.8503786110393077e-11	9.441041320116276e-09	0.0	0.0
1042.2997778952576	1.965659294045736	1086388.8270005034	3.8638164602683807	1603.9437816903946	3.381409685662448	2572635.654823284	11.433931462291811	1028.3024663568854	0.8476714417174662	0.7185468731033677	1057405.9623156537	1069.6234498899082	1050.261970860205	1.231592	24.824759	0.0422217931572193	0.0182813985494433	0.0982860884	0.077075663	-0.0262252908	-0.0672746492	0.1086906888	0.0986953627	0.0891806853	0.0728084033	-0.0175251535	-0.0152907054	0.0624419991	0.0131459222	-0.0307049717	0.0214587352	0.0283321223	0.109609304	0.0425435674	-0.0851015455	0.0658309066	0.0184103434	-0.0304471068	0.0927119257	0.0857378887	0.0464239947	0.0708647553	-0.0993450867	-0.1820991354	-0.0269370953	0.0631315122	0.0743522787	-0.1448738862	0.0129192268	0.0087389715	0.0589397553	-0.0102303145	0.1551841906	0.0373199922	-0.0108272081	-0.0768255906	0.0600055174	0.0191521601	-0.1427683672	0.0416123835	0.0685860586	-0.011427267	-0.0519745867	-0.1239996238	-0.019830167	-0.0576531645	-0.0351639401	-0.0556644463	-0.1302493216	0.0355416986	0.0599929518	-0.0447391808	0.0169712476	0.069413227	-0.0787377966	0.0296959681	-0.1364684434	0.1269233963	-0.022660948	-0.0169263518	-0.1503188065	0.054090191	-0.0101072961	0.072010545	-0.0587372875	-0.1501818947	0.0298681282	0.100567099	0.0985882021	0.0348452582	-0.1164623129	-0.0561332781	0.0168550807	-0.0415894764	-0.1062419554	-0.0187568203	-0.0187347009	-0.0432325888	0.0717861733	-0.0682838729	-0.0746466352	-0.1424182961	-0.0812773368	0.0041210949	-0.0419510447	-0.1012466369	-0.0405378331	0.052432279	0.0396847842	-0.125183401	-0.0813243548	0.0612693522	0.0452437002	-0.1944810197	0.0611668727	-0.0480888291	0.0436842391	0.0233344678	-0.0399381133	0.0057084977	0.0986573233	0.0858551236	-0.0123025333	0.0949089053	0.0968406424	-0.042070035	-0.0159086042	0.0705769895	-0.0864990576	0.0584061736	-0.0901911757	0.0133134281	0.003406934	-0.028426411	0.064275125	0.1972677844	-0.0324275947	-0.073483019	-0.0114731803	0.1216322231	-0.1043972322	-0.0063770516	-0.0437020221	0.103445333	-0.0100996711	0.1297500892	0.0388276438	0.1081946464	0.0721317285	0.0826298944	0.0568191723	-0.0423628045	-0.0081720633	0.0254710863	-0.0639850403	-0.1266154766	0.1290346968	-0.0388707343	0.0442244169	0.0378892022	-0.0531279287	-0.0606618989	0.0190428209	0.0964987488	0.0947983238	-0.0623219118	-0.0417292861	-0.0188797494	-0.0583601456	0.0811217445	0.0044729574	-0.0746715088	-0.1121531317	-0.0870591025	0.0	0.0	0.0	0.0	0.0199155143383933	0.0056237560092853	0.0003966277113627	3.1626631651972547e-05	0.0247183721849211	-0.0101358936344269	0.0001027363397684	0.0006109979234722	0.047811826383338	-0.0063134978351371	3.986025491428084e-05	0.0022859707421104	-0.0017449470552422	-0.000190966902111	3.6468357701872316e-08	3.0448402255984256e-06	-0.0005151970151149	-8.412073376789998e-05	2.654279643833025e-07	7.076297849649909e-09	0.0002250502987615	0.0001278852776885	1.6354644249465092e-08	5.0647636972640404e-08	0.0	0.0
1043.602877231713	1.3030993364552614	1089106.9653663095	1.6980678806701426	1608.0184048591775	4.074623168782864	2585723.1903658537	16.602553967582107	1027.013038236178	-1.2894281207072709	1.6626248784706843	1054755.7807071053	1069.3921085329457	1072.087974737078	1.150594	23.192108	0.0600880390503426	0.029257139254465	0.037038892	-0.1021880153	0.1039568488	-0.0849207065	-0.00912647	-0.0289704244	0.095879359	0.0776286504	-0.0129694314	-0.0134090741	-0.003285545	-0.1137689446	0.0278570065	-0.0292980091	0.0342495413	0.0804195615	0.1251267572	0.1256775645	0.056616356	0.0510647959	-0.021556592	-0.0482220145	-0.0033120561	0.1185100843	0.0703639606	-0.0127749908	-0.1046272096	-0.0634632843	0.0939268904	-0.0380298392	0.0121476205	-0.0023274403	0.0399630943	-0.0496965287	0.1362420152	0.1474170942	-0.0113524039	-0.0406264603	-0.0264879553	0.1425229428	-0.0244994775	-0.1193323392	0.0962619992	-0.1144579856	0.0201812882	-0.0310305662	0.1370138372	0.0430753527	0.0712053237	0.0448492435	0.0375653323	0.0592120224	0.1103706656	-0.0547211823	-0.0342667368	-0.0621987662	0.1151367914	-0.028346526	0.1198216046	-0.0227943154	0.1004538211	-0.0657846998	-0.0276954406	-0.1054612998	-0.0514277385	-0.0150386908	0.044106293	-0.0549587848	0.0886792462	0.0578357031	0.0263589035	0.0335179568	0.0527805411	0.0319606298	-0.0830610846	0.0219278862	-0.0015198467	-0.1376207422	0.0122911598	0.0070311698	0.0238210158	-0.0374608245	-0.1280576357	-0.134548406	-0.0735282092	0.0138415188	0.0989797064	0.0547724378	-0.0161648776	-0.0271841097	0.0593081487	0.0341581614	0.0817280522	0.0301639727	0.168779395	0.119676691	-0.0963510843	0.1134261938	-0.0142715984	0.1420888539	0.020188907	0.0517066609	-0.0655947693	-0.0415455948	-0.0596880978	0.0370802404	0.0963762946	-0.0128071544	0.0062031682	0.0921090624	-0.0124140535	-0.1559094079	-0.2218366605	0.0484040144	0.0929573194	-0.0744072751	0.0636471148	-0.0223242626	0.0110954709	-0.0686706089	0.0521783242	0.0139667595	0.0988953299	-0.1192022937	-0.049098962	-0.0928060464	-0.0500650912	-0.0229533609	0.0004459565	-0.1245710065	0.0441253657	-0.000288269	0.0644256303	0.0599317071	0.1041884708	0.0703694886	-0.0626760922	-0.0620126936	-0.1637012902	-0.0091743539	-0.1000788162	0.1189151981	-0.0414338513	0.0188603802	-0.0247180926	0.0395322809	0.0855712433	-0.0565505298	0.0651473318	-0.0140350509	0.0052754675	0.0649416349	0.0795557284	-0.0	-0.0795557284	-0.1125087901	-0.0795557284	0.0	0.0	0.0	0.0	0.0250670856361239	0.0051515712977305	0.0006283587822887	2.6538686835601715e-05	0.0444654974223368	0.0197471252374156	0.0003899489551421	0.0019771804610158	0.0431316773469916	-0.0046801490363464	2.1903795002414134e-05	0.0018603415907649	-0.0021029069265178	-0.0003579598712755	1.2813526944364396e-07	4.42221754159654e-06	-0.000457941776504	5.725523861090001e-05	2.097106706676395e-07	3.278162348391095e-09	0.000420019058452	0.0001949687596905	3.8012817255251945e-08	1.764160094629046e-07	0.0	0.0
1043.8660774458458	0.2632002141328939	1089656.3876421766	0.0692743527196012	1601.9850501101068	-6.033354749070668	2566356.1007762817	36.40136952813358	1028.8464953848031	1.8334571486250295	3.361565115844225	1058525.1110655917	1069.0749854437042	1062.4384410129908	1.250755	25.211027	0.0612605186140144	0.0355887772574356	-0.1016032705	0.0639650277	0.0868982023	-0.0204498726	0.1029999421	0.0460615194	-0.163800976	0.0773402	-0.0562900396	-0.0596689708	0.0361009297	-0.0502303369	0.0030062284	0.1519055046	0.0399819226	-0.062183732	0.0526612133	-0.1272183196	0.0449610835	0.0438771258	0.0732847547	0.0495376346	-0.056950277	-0.0338458979	-0.0998655943	0.0394515478	0.0612890047	0.0575334798	-0.1359121065	0.0531346305	-0.0128570305	0.0306470438	-0.0810067516	0.007132987	-0.0107459706	-0.1250131111	0.0166027874	-0.1108358271	-0.031247909	0.0281412901	0.0376997391	-0.0245234211	0.0329504598	-0.0783127733	-0.0675397959	0.1340674774	-0.0190935973	-0.0698206124	-0.0532010925	0.0936071924	0.0212660316	0.0979295665	-0.1005496817	0.0538070457	0.0274784517	-0.1970402071	-0.0112897935	-0.1481644641	-0.0792572382	0.0176801571	-0.0400867781	-0.0782308636	-0.0313986296	-0.2291884522	0.0461545462	-0.1695637933	0.0816162587	-0.0468224218	-0.0587167903	-0.161400677	-0.0032343637	-0.0024842946	-0.1679140909	-0.0462299547	0.0184491531	-0.0323738901	-0.0092676944	-0.0702771555	0.0171756899	0.0892839657	0.0929157287	0.0290094419	0.1236162147	0.0561916367	0.0969457863	-0.0640811745	-0.035201812	0.0627699627	-0.0348670232	0.037495199	0.0206127674	-0.0260960693	-0.0977868205	0.0227408953	-0.0357574408	0.0586726591	0.098994351	-0.0572799657	-0.1357124108	0.0393262012	-0.0272090938	0.084884882	0.0657600932	-0.0364437304	-0.0108161894	-0.0432547175	-0.1056106577	-0.0141220448	-0.0343266582	0.0101566315	0.1406978544	0.0905013275	-0.04623275	-0.0448743357	0.0156612207	0.095427759	0.088585773	0.168781224	0.0248115804	-0.063961196	0.060491816	0.1846002349	0.0558511158	-0.0508069814	-0.0881735064	-0.0246312557	0.1694572268	-0.0112783785	-0.074744188	0.0684436608	0.0095447843	-0.0145486527	0.0435752901	-0.0173965424	-0.0450711582	-0.0467171518	-0.1637592234	-0.028752383	-0.0606236433	-0.0400053394	-0.0396655089	-0.0254533523	0.0491802712	-0.1249307406	-0.0530843081	0.0852735218	-0.0754724031	-0.0609369962	0.0136503033	-0.0383360533	0.0296868332	-0.0031633828	0.0779582607	-0.0044729574	-0.0841569582	-0.1121531317	-0.0712666859	0.0	0.0	0.0	0.0	0.0328587289914281	0.0077916433553042	0.0010796960709321	6.070970617625615e-05	0.0149769876444452	-0.0294885097778915	0.0008695722089208	0.0002243101589018	0.0439841529647253	0.0008524756177336	7.267146788304464e-07	0.0019346057120243	-0.001743932544403	0.0003589743821147	1.2886260701470233e-07	3.0413007194279216e-06	-0.0004577761210073	1.6565549669999256e-07	2.0955897696449018e-07	2.7441743586921247e-14	0.0003166012988018	-0.0001034177596502	1.069523301106654e-08	1.0023638240298665e-07	0.0	0.0
1046.9151915185355	3.04911407268969	1096031.418232292	9.297096628274309	1608.068074855399	6.08302474529205	2585882.933369149	37.00319005183541	1028.9114650852075	0.0649697004043901	0.0042210619706362	1058658.8029837883	1069.789050062028	1075.5029655593917	1.426806	28.759613	0.0516274901034598	0.0281575273666822	0.1310442542	0.013565188	0.072350018	0.0829097037	0.0849432345	0.0661208774	0.1202476858	0.0371707582	0.0347681096	-0.0268162794	-0.130432885	0.0293550103	-0.1329268839	0.0347433547	0.0523620574	0.1424764753	-0.1051782941	0.0462403628	0.0073739595	0.0070861772	0.0426097244	-0.0069637055	-0.0995317528	0.0879257795	-0.1799882948	-0.0463247998	0.1399907791	0.0390654616	-0.0323230904	0.18838064	0.1690088969	0.0268421837	-0.2414012821	0.1067109424	0.0611350743	0.0482607015	0.0331727403	0.082242945	-0.0961998854	-0.0160305566	-0.0043239259	0.0552056911	-0.1597241421	-0.0747497327	-0.0542692266	-0.1293279027	-0.0448251054	-0.0395177239	-0.0885076087	0.0090464	-0.0571205045	0.0029358254	0.0530589997	0.0443023444	-0.0775011238	0.1901625342	0.0530412394	0.0780094837	0.0294653418	-0.0805026236	0.0990153898	-0.0454485605	-0.0764879396	0.0126042654	0.0604351273	0.0058734952	0.1561821265	0.042351803	0.1402522685	0.0308750219	-0.1598537303	0.138532078	0.0679029634	-0.0946503347	-0.1043225486	-0.1248114538	-0.0079644948	0.0019135812	-0.044176621	0.1048582709	0.018237122	0.018032727	-0.0791050707	0.1447367523	0.167660718	-0.0321615966	-0.0447948604	-0.0738836566	0.0315465742	0.0145530792	0.2160612162	-0.1932424823	-0.0286252058	0.15636278	-0.0175702519	-0.0500164448	-0.0695610122	-0.0848504416	-0.1106806506	-0.1147872842	-0.0175999805	0.1039920631	-0.1059676615	0.0933494024	-0.0583843785	0.1418297045	0.0654266685	0.0276160697	0.1773349459	-0.0669837481	-0.0396453817	-0.0868387059	0.0600300422	-0.0452158107	0.0405319816	-0.0790923341	0.0086246929	-0.045883554	-0.046523647	0.0074263687	-0.0911061687	-0.1368793456	0.0072412399	-0.0124805001	-0.0220423423	-0.2251647782	0.0736771216	-0.1733231501	0.1458748914	-0.0536237883	-0.0574908619	-0.0674203634	-0.0646218215	-0.0281415296	0.0568485795	-0.1140286994	-0.0597300524	-0.0741378423	0.003028245	-0.0186033095	0.0454067597	-0.1438358251	-0.0020523279	-0.0312543956	0.0675626154	-0.0185751229	0.0922279209	-0.1036050368	0.0216705557	0.0474995058	0.1475440147	0.0223499402	0.0763299729	-0.0089388422	-0.0884588311	-0.1110884051	-0.0622738351	0.0	0.0	0.0	0.0	0.024879907062612	-0.0079788219288161	0.0006190097754442	6.366159937175673e-05	-0.0026472414659082	-0.0176242291103533	0.0003106134517342	7.007887378823795e-06	0.024103409363775	-0.0198807436009503	0.0003952439661267	0.0005809743429577	-0.0017479085482499	-3.976003846899948e-06	1.5808606590563186e-11	3.055184293045073e-06	-0.0005752781723626	-0.0001175020513553	3.3094497559685337e-07	1.3806732072703562e-08	0.0003179971528664	1.3958540646000304e-06	1.9484085696604257e-12	1.0112218923113658e-07	0.0	0.0
1044.5579886547791	-2.357202863756356	1091101.3916625178	5.556405340901167	1617.843912733362	9.775837877963111	2617418.925968394	95.56700621621836	1027.1741359501095	-1.7373291350979798	3.0183125236602946	1055086.7055648542	1069.5025632186591	1093.5117191888248	1.453808	29.303892	0.0765651349375951	0.0470216479873408	-0.1089350513	-0.0961624416	-0.1552671543	0.104513918	-0.0551004014	-0.147565786	-0.0764851838	0.0546885562	0.0510509974	0.1338939137	-0.0698072032	0.1401546126	0.0155125715	-0.1428834421	0.0265196493	-0.1420217114	0.1041880315	0.113018779	-0.0151232698	0.0949030563	0.0050296339	-0.0948143339	-0.029007002	0.0549792081	0.1076095086	0.0159654555	0.0097258485	0.0028431513	-0.095758086	0.0783998969	0.0894733533	-0.106268494	-0.083603064	0.1064122719	-0.0379372712	-0.1044880877	-0.0265168449	0.0690510072	-0.0091213452	0.0020463724	0.0610461246	0.1023331015	0.0046750733	0.0352467296	-0.0660351932	-0.0527321985	-0.0630346587	0.1083877463	0.1796970666	0.0936454586	0.0097548343	0.1352771069	-0.0964247272	-0.060311014	-0.0016369551	-0.033275281	0.0345488857	0.108750014	-0.0725258969	0.0102539138	0.0589269489	-0.0794300367	-0.1148937176	-0.0107808986	-0.082363481	0.0402620446	-0.117623461	-0.009400323	-0.0850306902	0.095488717	-0.0943217822	-0.1127252528	-0.0602076924	0.1654404396	0.0064262788	0.0777414826	0.0439565771	-0.0333665401	0.0130137444	0.0508129017	0.0430655353	-0.0826984975	-0.1469632466	-0.0622128664	-0.0113073397	0.0154030367	-0.1245733822	-0.007454713	-0.0467218258	-0.0181028928	-0.0061946774	-0.2265090575	0.001978696	-0.0031661199	-0.0476586219	-0.0791703545	0.074761807	-0.0804690223	-0.0285336194	-0.0055477951	-0.0187058656	0.0730140564	0.0804923812	-0.0521480989	0.00493134	0.0731167052	-0.0353722435	-0.1070162465	-0.0871033759	0.1358678431	-0.0957824154	0.1105599837	0.0800848447	0.042628854	0.1091052722	-0.0883232688	-0.0678713355	0.057608731	-0.1188640245	0.0863871288	0.0754959234	-0.1583203322	-0.0087592304	-0.0996598552	0.0530466485	-0.0512055846	-0.0001506441	0.1025215036	-0.1367432763	-0.0554845417	-0.0388714413	0.0262153801	-0.1128269182	0.069484206	0.0311380673	-0.0551522547	0.0242771106	-0.043450102	0.1340805595	0.0237738799	-0.0136042427	-0.0916664458	0.0939952175	0.1365155329	0.0359930208	0.0627869127	0.0975799981	-0.0412858283	-0.1060534137	0.0341943839	-0.0400010972	-0.1093140562	0.0746715088	-0.0133905928	-0.0924460447	-0.1093213418	-0.0526659867	0.0	0.0	0.0	0.0	0.0282700604607697	0.0033901533981577	0.0007991963184555	1.1493140063040208e-05	0.039233921718818	0.0418811631847262	0.0017540318297056	0.0015393006134383	0.0276624370126512	0.0035590276488762	1.2666677805465268e-05	0.0007652104214788	-0.0014028503082485	0.0003450582400013	1.190651889928637e-07	1.967988987352912e-06	-0.0006138430695805	-3.856489721789996e-05	3.768033140720106e-07	1.4872512974271879e-09	0.0004890698297638	0.0001710726768973	2.9265860780842193e-08	2.3918929838519226e-07	0.0	0.0
1042.3879753562014	-2.1700132985777145	1086572.691167201	4.708957716004133	1594.9391090717722	-22.904803661589767	2543830.761646658	524.630030775976	1027.1706427672668	-0.0034931828427033	1.220232637255734e-05	1055079.52936292	1068.668224065457	1065.1534381377107	1.352405	27.259933	0.1127247092744592	0.0583846368129063	0.0010440356	0.088844826	0.0018492643	-0.0388626561	-0.1432168653	0.0346073431	-0.0196831887	-0.148825897	-0.0193886919	0.0063092102	0.1221840131	-0.0885764378	0.0365676339	0.0665644807	-0.0141201821	-0.0074097324	-0.0722227778	-0.032864308	-0.0261764447	0.142274301	-0.0595467572	-0.0350134934	-0.0511172838	-0.030248672	-0.0717773048	0.0414110353	-0.1141333543	-0.0042505951	-0.0185356906	0.0517898166	-0.0120532619	-0.0457145539	-0.0553144014	0.128822269	0.0456691489	0.1114967354	-0.100878975	0.0201838123	0.1173489662	0.0340565275	-0.0561124288	0.0858592777	0.0159648651	0.1431004409	-0.0226931123	-0.2026205294	0.0947746824	0.0866571596	0.0838230624	-0.0847901489	-0.0036117941	-0.0465831513	-0.0984315588	-0.074135278	-0.0279233295	-0.1565796463	-0.2037608071	0.0045346123	0.0863015052	-0.0190560066	-0.098332588	0.1231001726	-0.0130334665	-0.0577117597	0.0585664002	-0.0739470677	-0.0357449307	0.1729844878	-0.0040459888	0.1063751638	0.0087178095	-0.0216640679	0.0160617924	-0.0122256382	0.0329742748	0.0796027107	-0.0077898506	0.0905776102	0.0311416404	0.1034651885	-0.026500867	-0.0526617783	0.0058722723	0.0448652861	0.0136781796	-0.0964727747	0.0925541217	0.0260562672	-0.0736483565	0.0739114608	-0.019923254	-0.1592622338	-0.0017769941	0.0052001708	0.025657791	0.0086369838	-0.0981946726	-0.0313480645	0.1689620073	0.0298935854	0.1050072408	0.0589817582	-0.0060048707	-0.0633056094	0.1068928372	-0.1120381828	0.1055315279	-0.1269998611	-0.0785818337	-0.031275327	-0.0303501787	0.0750147588	0.0917461469	0.1179801595	-0.0697534013	-0.1568832242	-0.0352642468	0.0154371951	-0.0368437691	-0.002947728	-0.0403636829	0.1370523547	-0.0952196623	-0.0655764827	0.1465910981	0.0056014756	0.0771746589	-0.0565517433	0.0284888837	0.062330007	0.0723359929	0.0588453686	0.0658268406	-0.0277496588	0.0840926588	0.0157959543	-0.0401871067	0.1662107708	0.0733229819	0.0564583753	0.0439903212	0.0577452523	0.022200576	0.0615718414	0.1621637877	0.0530607285	0.1317917707	-0.0393990562	0.0658775895	-0.0099445073	0.089162485	0.1598678603	0.072983524	-0.0178211701	-0.0961044161	-0.1068631138	-0.0425380248	0.0	0.0	0.0	0.0	0.0328743953307792	0.0046043348700095	0.0010807258683643	2.119989959518543e-05	0.0065716983225314	-0.0326622233962866	0.0010668208371889	4.3187218842362016e-05	0.0490033550242543	0.021340918011603	0.0004554347815779	0.0024013288036331	-0.0021299307684084	-0.0007270804601599	5.286459955463321e-07	4.536605078212798e-06	-0.0003039723101116	0.0003098707594689	9.239916531458272e-08	9.601988757383288e-08	0.0004436763894614	-4.539344030239997e-05	2.06056442248755e-09	1.9684873856550389e-07	0.0	0.0
1043.748004424158	1.360029067956475	1089409.896739412	1.8496790656865585	1603.7280855381744	8.788976466402119	2571943.772343938	77.24610732697028	1027.625404565832	0.4547617985651868	0.2068082934342435	1056013.9721090898	1069.6432483335698	1068.4487405525808	1.160924	23.400335	0.05289813123655	0.0272998202373044	0.0577940933	-0.0604038047	0.1277569311	0.0022526396	-0.0062965082	-0.0055607785	0.0654333792	-0.0503930706	0.0519681131	-0.0711215213	0.0225666973	-0.0489009278	0.0054870434	0.0538555344	-0.0323789464	0.0929172304	-0.0521205886	0.0530345516	0.0844121373	0.0135378499	-0.0110184204	-0.0302910451	0.0660544363	0.0635872318	0.1066870328	-0.1734395057	-0.0999691966	-0.0331030003	-0.1479551221	-0.0141595765	-0.0248761829	-0.0345245481	0.0389338226	0.0340793973	0.0830969394	-0.0542109089	0.0308440196	-0.1172018951	0.1085215655	-0.0813062144	0.0638796075	-0.0167735578	-0.1512233066	-0.1537362897	-0.0184991349	-0.0301602336	0.0437410171	-0.0365143358	-0.0385386562	0.1869099508	0.0106681756	-0.0918398171	-0.0053192116	-0.0756850885	0.0165897783	-0.0710676227	0.044699988	0.0197853545	0.0051218825	0.1079762926	0.0727299185	0.0978898556	-0.0695064987	0.0947241583	0.0223591463	-0.0577013664	0.0932261618	0.0961710913	0.0886005309	0.0460783732	0.0192299154	-0.0641346977	0.0967243521	-0.0075735671	-0.0146787336	-0.0060700868	0.0365498491	-0.0025198719	0.0518259002	-0.0458913709	-0.0119809149	0.0572334939	-0.0553765219	-0.0865681417	-0.0834196271	-0.1691301765	-0.0580954061	0.1767612777	-0.0479158064	-0.1221175928	0.0597387037	0.0226383814	0.0656978362	0.0290321893	0.0150185844	0.1884739607	0.0780991161	-0.1478266164	0.0492342924	0.0210249212	-0.0331531445	0.0461949095	0.043458123	-0.0475983185	-0.2020676024	0.0679729755	-0.0719876226	-0.0365890336	-0.0840783454	-0.1092943438	0.0080824444	-0.0495055654	0.0541292744	0.0250479483	-0.0365403154	-0.0111317509	-0.0278733761	-0.0468987956	-0.0285861961	-0.0311241313	0.0112740326	-0.0193437731	0.0463235535	0.066846874	-0.0106162105	0.0113935518	0.0186535556	-0.2281109801	0.02558516	-0.0891421583	0.0475479357	-0.0335964497	0.0541566891	-0.0201091821	0.1148412906	0.0051629324	-0.0221077727	-0.0038172251	-0.1253938867	0.0520795813	-0.1073520908	-0.0164833058	-0.0636021237	0.0336287034	-0.0592212586	0.1071869434	-0.0150256568	0.0711568271	0.0740454499	0.1402724353	0.0117721245	0.053556706	0.0712666859	-0.0222235685	-0.0994209319	-0.1037292628	-0.0319899701	0.0	0.0	0.0	0.0	0.0365566915628789	0.0036822962320996	0.0013363916980234	1.3559305540935612e-05	0.0255469403213197	0.0189752419987883	0.0003600598089125	0.000652646159781	0.0326920244742723	-0.0163113305499819	0.0002660595043107	0.0010687684642264	-0.0020488952491995	8.10355192089004e-05	6.566755373456066e-09	4.19797174219228e-06	-0.000376083310049	-7.211099993740004e-05	1.4143865609741228e-07	5.199996311971708e-09	0.0005691151194287	0.0001254387299673	1.573487497580922e-08	3.238920191623435e-07	0.0	0.0
1044.401520817237	0.6535163930791441	1090774.5366853576	0.4270836760231744	1605.382356826295	1.6542712881207535	2577252.51160915	2.736613494700697	1027.4040362884186	-0.2213682774133758	0.0490039142449653	1055559.0537817343	1068.6092433638205	1067.6698820695626	1.19421	24.071257	0.063681393949857	0.036230340257139	-0.1096271272	0.0251621424	0.0220109822	0.0159675297	0.0909906486	0.0107043417	-0.1668445634	0.0390189411	0.0119948752	-0.0534685476	-0.0133776474	0.0330492887	-0.0623933054	0.0329766724	-0.0409626964	-0.097222472	0.0043192691	-0.1098634026	-0.0667677794	-0.0368137781	0.0440345638	-0.1121430646	0.0552102599	0.0755539549	0.0710945007	0.099823525	0.0746879463	-0.0204734432	0.0239410542	0.0296086928	0.1340203261	-0.0494945471	0.1935772208	-0.124728247	0.0208561602	0.0939342563	0.0317345856	-0.084072387	0.1199742662	0.0818001785	0.0706369239	-0.1035716751	-0.1117878234	-0.049885947	-0.1271113709	-0.044409867	-0.0749638605	0.0415350802	0.11297234	-0.1065923916	0.0232911597	0.0414888697	-0.1291842741	0.2484508581	0.1646517208	-0.026225203	-0.0674803635	-0.0538440484	0.083877493	-0.0350826759	0.0557131757	-0.0784209308	-0.0659582472	0.0296219384	-0.0313272129	0.0374172519	0.0419629368	0.0117203974	-0.010089526	0.0667705346	-0.0317472248	-0.0367476393	-0.12860316	-0.0107642538	0.083189891	-0.0401541838	0.0235390162	0.0272136405	-0.0060262201	0.0243530729	0.095058154	-0.1346560615	0.0645414163	0.0496323214	-0.0672561644	0.0600415939	-0.0318234924	-0.0181876493	0.1425821438	-0.0971265082	0.0391852121	0.0755221522	0.21602761	0.0324631548	-0.0401400954	0.1078488119	-0.0121961417	0.0405075109	0.1462689683	0.170415896	0.0152004846	0.0353350851	0.03811826	0.0350782331	0.0796199903	0.1018983979	0.1017286813	0.0690954465	-0.0823122475	-0.0323076065	0.063991346	0.1978287981	-0.027698347	-0.0805654388	0.038557315	0.145965252	-0.1531862258	0.015427428	-0.0134368823	-0.0192561661	-0.007582969	-0.0650320483	-0.0987842457	-0.1147542256	0.0111841872	-0.1195863273	-0.0377527883	0.0868083858	-0.0938981129	0.0474500504	-0.0322455387	-0.0269438148	0.0462148753	-0.0696523778	-0.0862849766	-0.0357200272	-0.0091758999	0.0174085395	-0.0418377404	-0.1223977297	-0.0858403557	0.0364867544	0.0168846759	-0.1200474643	0.0232987728	0.0663754305	0.1120146306	-0.0313546526	0.0668944074	0.0601827983	0.087200548	0.0898794479	0.0695216732	-0.0265908268	-0.1023837949	-0.099939602	-0.0211259922	0.0	0.0	0.0	0.0	0.0328748124162814	-0.0036818791465974	0.0010807532914056	1.3556234050149513e-05	-0.006801445107115	-0.0323483854284347	0.0010464180398265	4.625965554509857e-05	0.0278328607867024	-0.0048591636875699	2.3611471742597945e-05	0.0007746681395719	-0.0018018986014628	0.0002469966477366	6.100734399316734e-08	3.246838569953595e-06	-0.0004578989422043	-8.18156321553e-05	2.096714412718169e-07	6.6937976649713606e-09	0.0004420880855756	-0.0001270270338531	1.6135867329516625e-08	1.9544187540789905e-07	0.0	0.0
1045.0992980470137	0.6977772297766478	1092232.542778361	0.4868930623947727	1608.1053504335118	2.722993607216722	2586002.818092888	7.414694184943135	1027.550776347066	0.1467400586473104	0.0215326448118161	1055860.597971458	1069.1064239563498	1073.0473434506464	1.329097	26.790138	0.0209048162231244	0.0124256000713639	0.1171537199	0.0904486089	-0.0566534555	0.0030444921	0.0338309206	0.085727119	0.0829045865	-0.0193956877	-0.0273383457	-0.0265048036	-0.1188954186	0.0354111155	-0.0318668631	-0.0201927478	-0.0262513886	-0.0202083706	-0.1594283939	-0.0147558087	-0.0425252627	0.1892610518	-0.0556439179	-0.0381901109	-0.0260383247	0.0743508733	-0.0135873659	-0.1065885327	0.0569034507	-0.0336452508	-0.0199185879	0.0167903467	0.0916101473	0.0650539267	0.0141650681	-0.0070309924	-0.1344578043	0.0724278557	-0.005422001	-0.0479669892	0.0148021503	0.079569346	0.0236562208	-0.0642516378	-0.0807661513	-0.0340318561	0.061162555	0.1062888419	-0.1104978669	-0.0144285954	0.073824078	0.037308159	-0.0852073633	-0.0318245222	0.1590907337	-0.0224313057	0.0204214465	0.0683824007	-0.0395538658	0.0191732989	0.0585555286	0.0920219062	0.096519579	-0.0790165258	0.1180181413	-0.0101876339	0.1141152268	-0.1308263767	-0.1041260611	-0.0232631305	0.0629603507	-0.020021671	0.1172593444	-0.0704194867	0.0575156886	-0.0854983882	0.0020367242	-0.0155693382	0.0524747017	0.1515880837	-0.0388204469	0.1668842892	0.0410205203	-0.0568429591	-0.0996348557	0.0213911541	0.0040980747	-0.091464752	-0.065201866	-0.000748933	0.1085313577	-0.0822821938	-0.0217961983	0.0135590053	-0.0848406837	0.0294415364	-0.0010523934	-0.0054982027	-0.0723903599	0.0293994939	-0.0201004551	0.040968002	-0.0622277643	-0.1427854988	-0.0359364928	0.1215444742	-0.1442038225	0.0890225627	0.0840588791	0.0016412884	-0.0612516648	-0.0282941912	0.073980932	0.0487020194	-0.074578011	-0.0101783575	-0.0443625195	-0.0527104909	0.1090387025	-0.0330123067	-0.0678767912	-0.0737697599	-0.0312726953	-0.0006337848	-0.0214016534	0.045204821	-0.0504299904	0.1313200163	0.0635245233	0.2068568023	0.148321423	0.0879096777	-0.0710614451	0.0139657803	-0.0145478143	0.0119880548	-0.1007682771	0.031285683	0.0393489538	-0.0506384574	0.026488579	0.0342107024	-0.0292744096	0.0948326071	0.0490429739	-0.0606973108	0.0107303113	0.0318616607	0.1373843147	0.1086033721	-0.0164746803	-0.0372186329	0.0287018553	0.0138714994	0.0677491758	-0.0309160396	-0.1049824657	-0.0955180909	-0.0100533803	0.0	0.0	0.0	0.0	0.036322642670413	0.0034478302541315	0.0013193343705625	1.188753346130515e-05	0.0030003187974756	0.0098017639045906	9.607457564133517e-05	9.00191288648543e-06	0.0269051243700602	-0.0009277364166421	8.606948587641067e-07	0.0007238857173684	-0.0016773965326723	0.0001245020687905	1.5500765133114413e-08	2.8136591278210544e-06	-0.000457879703207	1.9238997300006014e-08	2.0965382260893042e-07	3.701390171096387e-16	0.000452116490743	1.0028405167400044e-05	1.0056891020153589e-10	2.0440932120176522e-07	0.0	0.0
1044.0068849855684	-1.0924130614453134	1089950.3758972697	1.193366296816322	1613.1861458230526	5.080795389540754	2602369.541075435	25.81448179037858	1027.7660314706657	0.215255123599718	0.0463347682359298	1056303.0154449614	1070.6244655247554	1082.7815828728749	1.322002	26.647127	0.0132186095100508	0.0063351812391538	0.0005618869	-0.1516271736	0.0345480221	-0.1034728741	-0.0999900768	-0.10681872	0.0348288864	0.0529357991	-0.0419197676	0.0222317277	0.0678443356	0.0634029848	0.1562658767	-0.005854339	0.0190058585	-0.1010643855	-0.0665532576	0.2194764546	-0.0255507426	-0.11091501	0.0255065221	0.0963841463	0.0759836173	0.0680506142	0.0094813371	-0.0042721672	-0.0257796573	-0.083633739	0.0427101737	-0.039932402	0.0110098811	0.0064076924	-0.0203684614	-0.0315760373	0.0470945926	0.0931648141	-0.07522952	0.0595078796	0.0523202583	0.0268552252	0.0425346431	-0.0296754728	-0.0015875547	-0.0610465442	-0.0908758104	0.062762821	0.000401152	0.1012934449	-0.0342744202	0.0704006269	-0.1981585548	0.0417282088	-0.2070178135	0.0089387596	-0.035307176	-0.0010551099	0.006535418	-0.0758962439	-0.0464778897	0.1214159772	-0.0822185999	-0.1125310097	0.0754131741	0.09934407	0.0078156683	-0.0935789938	-0.0222871896	0.0156675904	-0.0352349344	-0.1267826943	-0.0726566196	0.0884459734	0.041576455	0.1406651201	-0.0274711056	-0.004500924	0.0758025215	0.0988964841	-0.163131	-0.0748126336	-0.0047904197	0.0954111359	-0.0409486937	-0.0039907493	-0.0311447076	0.1028130213	0.0358787549	0.0306583969	-0.0170361707	-0.063206972	0.0492074589	0.0131052705	0.0904586884	0.0332098527	-0.0266646955	0.0411316588	-0.0353479032	0.080838857	-0.0165591651	0.1153423175	0.014765464	0.1291899488	0.0335445692	0.0546707512	-0.0308665508	-0.0065378034	0.057587713	-0.09399812	-0.0124038215	0.1641097111	0.12333214	-0.0269348532	0.1197206487	-0.1809405534	0.0732705194	0.0194698266	0.0096831067	0.0256999543	-0.0976791734	0.0593213819	0.0484011598	0.0476432214	-0.0540952379	0.1088895878	-0.0135256042	0.0720219358	0.0890071362	-0.0320050825	-0.035861794	-0.157017517	-0.0469531037	0.043092406	-0.0539405492	-0.0270546881	-0.0059437747	0.1289030966	-0.0127921884	0.0095678937	-0.0117510294	-0.0057054139	-0.0541376543	0.1547848706	-0.0340208328	-0.0445532709	0.0445846317	0.1405670655	-0.0768657864	0.0277285415	-0.1433943723	-0.0679110014	0.0604583673	-0.0536665534	0.0659498943	-0.0351923678	-0.1072077007	-0.0904926836	0.0011185157	0.0	0.0	0.0	0.0	0.0328785660170751	-0.0034440766533378	0.0010810001033391	1.1861663994067154e-05	-5.334421713598658e-05	-0.0030536630146115	9.324857806806724e-06	2.8456055018512847e-09	0.0250608158309688	-0.0018443085390913	3.401473987365452e-06	0.0006280444901137	-0.0015958896269534	8.15069057188999e-05	6.6433756798696385e-09	2.5468637014174624e-06	-0.0004578739007756	5.8024313999969525e-09	2.0964850901146405e-07	3.36682101516706e-17	0.0004681350086529	1.6018517909899993e-05	2.5659291602978677e-10	2.191503863264508e-07	0.0	0.0
1044.2357910696596	0.2289060840912498	1090428.3873508775	0.0523979953339903	1604.796307056508	-8.389838766544472	2575371.1871422064	70.38939452861246	1026.6122379110147	-1.1537935596509217	1.3312395782919444	1053932.6870286618	1067.9797640996194	1061.662064947827	1.283053	25.862043	0.0440488099579194	0.0223358120380894	-0.0788569095	0.0696127821	0.1042848938	0.013847842	0.0827368583	0.0773688104	-0.0444705786	-0.022192571	0.0365759989	0.1395606053	0.0907602672	-0.0572099451	-0.0539757379	0.0621491459	-0.0813905271	-0.0207326993	0.0102810194	-0.1230009304	-0.0181574243	-0.0838173517	-0.0065148528	-0.0663887783	0.061838489	-0.0766377405	-0.0703714702	-0.0731720064	0.1297482706	-0.0073144404	0.0255183885	0.0590085232	-0.0313656207	0.1588758653	-0.0857545845	0.0033525619	-0.0075787061	-0.053205652	-0.0006711791	-0.1282900519	-0.048082717	0.0248302465	0.2234069882	-0.0200650214	0.076161453	0.1450897338	-0.0559785812	0.1421568585	0.1485034247	0.1024458445	0.1035213787	0.1192155072	-0.0040543062	-0.0294279706	-0.0153400746	-0.0200526446	0.0193525508	-0.0882529945	0.0133141573	-0.1300916118	0.028512446	-0.1360296473	-0.0870733693	0.0153669394	0.0774071289	0.036200925	-0.0874158006	-0.0064869505	0.1635980699	-0.0124696215	-0.1104624368	0.1428474876	0.020992038	-0.0104957661	-0.0069794816	-0.0933843938	0.0907836697	0.0532998613	0.0072648635	-0.0226543189	0.0135536816	-0.1031190211	-0.0261939849	-0.0332983804	0.1021384168	0.135012661	0.0513896412	-0.0140465946	-0.0714268723	0.0262699202	0.1312957801	0.0270040385	0.099380304	0.0318274326	-0.0953687955	0.0567745297	0.0089227583	0.0365042125	-0.0425098376	0.0043596187	-0.1043560253	0.0119652341	-0.1200470221	0.0337901417	0.1682311191	0.0774092625	0.0383107981	-0.1095681725	-0.0489513135	-0.0713916441	-0.1719630998	0.1071776813	-0.1113462817	0.0433739874	-0.1469734952	-0.0628604899	0.0492904352	0.0747198627	0.0527190348	-0.0768571981	0.0489859595	0.0936012016	0.0861626741	0.0697970003	0.0285824073	-0.0744653631	0.1214897286	-0.1262366266	-0.0892508698	-0.0367414374	-0.0362993408	0.0496949978	0.106499916	0.0193423265	-0.0350643537	-0.046717817	-0.0360611183	-0.1289805446	-0.0481790997	-0.0284281851	-0.0926085552	-0.0082336363	-0.0053560981	-0.0285702406	0.0533984929	-0.0852111346	-0.0131888002	0.1231183113	-0.075449366	-0.0997134762	-0.0507028557	-0.0822965326	0.1163328164	0.1186851149	0.0641245402	-0.0394130496	-0.1090515843	-0.0848951525	0.0122793656	0.0	0.0	0.0	0.0	0.0328043210246704	-7.424499240470117e-05	0.0010761234778896	5.512318897174134e-09	0.006586827275214	0.0066401714923499	4.409187744781745e-05	4.338629355350309e-05	0.015185702401169	-0.0098751134297998	9.75178652514124e-05	0.0002306055574168	-0.0019033438195594	-0.0003074541926059	9.452808055100729e-08	3.622717695454966e-06	-0.0004586757697999	-8.018690242999845e-07	2.103834618015309e-07	6.429939321318092e-13	0.0007090645478899	0.000240929539237	5.804704287695313e-08	5.027725330743084e-07	0.0	0.0
1048.128583266384	3.8927921967244856	1098573.5270599974	15.153831086879046	1609.3029407744712	4.506633717963041	2589855.955185361	20.30974746788138	1028.968543781658	2.3563058706431548	5.552177356027396	1058776.2640921455	1069.4996971863784	1058.4651731496865	1.23524	24.898294	0.0655710334619127	0.0375806346711899	0.0895337073	0.0268457371	0.0911738479	-0.0132311041	0.1886774016	0.1086911188	0.0489661913	0.1575831081	-0.1008929399	-0.0223055611	0.0805800945	0.051034956	-0.1598728994	0.0362645103	0.0141291229	0.0374847508	-0.234128457	-0.0850835866	0.0579784089	-0.047983365	0.1058240304	-0.0935676934	-0.0973589442	0.0683668493	-0.1049011704	-0.0745237162	-0.0045355249	-0.048635516	0.1286462661	-0.020508835	0.0761364903	0.0025556463	0.0445353847	-0.0737653246	0.0442495671	0.009846203	0.2389098559	0.031255667	0.0034132324	-0.0514183029	0.0643211584	-0.0171463325	0.0990154627	-0.0807983553	-0.0090226847	-0.0601194791	0.1199282803	0.0778141233	-0.0159551459	0.0262322378	0.0697109532	0.1147097739	-0.0442566519	-0.0249061289	-0.0978701749	0.0796348818	-0.0355092875	0.0243059006	0.0791306494	0.0110378805	0.0136818232	0.0013809863	0.1291422831	-0.0697697066	0.0195846485	-0.0256915362	-0.101018179	-0.0470827753	-0.0666835879	-0.0029506754	0.0340493195	0.0356449614	0.0005814706	-0.1525333552	-0.0699792082	-0.1274458791	0.1344511066	0.0876400605	0.1029273466	-0.0041635856	0.0704489935	0.0350211626	-0.0684104695	0.1239498227	0.0643231978	-0.0427978938	0.1060665383	-0.0566878919	0.1095624289	-0.1397293236	0.127901807	0.0933904634	0.029859832	0.0149867441	0.0307437256	0.0133933193	0.1166085444	0.0188967543	0.0009706434	-0.0339424931	0.113668782	0.0626664489	0.0110404636	-0.1526811538	0.0205572714	-0.0592913665	-0.0077560783	-0.009378781	0.1173429301	0.1655039545	-0.0875277325	-0.0450728012	0.0281207496	-0.0130864487	0.0901916555	-0.0944942528	0.0894298228	-0.0074636624	0.0764791788	-0.084570873	0.0494526095	0.0312937543	-0.0285972981	-0.0212826817	0.0762440653	0.1120795749	0.0087310917	0.0966742201	0.0905158711	-0.054250377	0.0507823431	-0.1499365912	-0.0448094715	-0.070799903	-0.0826459457	-0.1041589425	-0.0622241293	-0.0491782886	0.0254081983	-0.0547723111	-0.0209674619	0.0023804314	-0.0809894853	-0.1436047969	0.0996207514	-0.0168553314	-0.0038571677	0.0180690916	0.0022693612	-0.161156823	0.137612885	0.0087876173	0.0622738351	-0.0435714113	-0.1105075577	-0.0787608868	0.0233189482	0.0	0.0	0.0	0.0	0.039552194791895	0.0067478737672245	0.001564376112856	4.553380037839788e-05	-0.0282110712209373	-0.0347978984961513	0.0012108937397484	0.0007958645394327	0.0090498817975372	-0.0061358206036317	3.76482944799525e-05	8.190036054939515e-05	-0.0017798657613306	0.0001234780582288	1.524683086395493e-08	3.167922128356956e-06	-0.000509968621654	-5.1292851854100045e-05	2.6006799507168064e-07	2.630956651326654e-09	0.0005260466460747	-0.0001830179018152	3.3495552384838203e-08	2.767250738464407e-07	0.0	0.0
1049.2664447683744	1.137861501990301	1100960.072116864	1.2947287977116235	1612.7011886556097	3.398247881138559	2600805.123891216	11.548088661662709	1029.5158260739504	0.5472822922924934	0.2995179074569261	1059902.8361367283	1070.4137165813615	1087.437273631784	1.381468	27.84576	0.0707123438315344	0.0640872832761128	-0.1303203504	-0.0235656912	-0.0413376177	0.1310618062	-0.0069099328	-0.0790945433	-0.0713905469	0.1450525724	0.1005457893	0.0574058483	-0.1404583192	-0.1090336239	-0.1197419595	0.0497291541	0.1742795876	-0.1241015932	-0.0283090326	0.0113997905	0.0140372434	-0.0588855429	0.0616846104	0.0610783942	-0.0343190348	-0.1430210587	0.0554500461	0.0963606862	0.0384118038	-0.1311465833	0.1307234208	0.1346912562	-0.0098933727	-0.0448113681	0.114484026	-0.0423899092	0.046751815	-0.0696325102	0.1130315411	0.0106846398	-0.0990290548	-0.084030423	-0.1067528684	-0.0954833821	-0.1105778899	0.080456156	0.1975613242	-0.1012669757	-0.1400927758	0.1162296167	-0.0574804732	0.0078617085	0.0533524231	0.0676639607	0.1276533096	-0.0356318502	0.0396505148	0.0792287659	-0.0893067029	-0.0641461141	0.0890325415	0.0302133443	0.0594769276	-0.006895354	-0.0746014803	-6.82728e-05	0.0013476942	0.0535427331	0.0424238517	0.1168162417	0.0057426329	-0.0015774762	0.0335196344	0.0702171414	-0.1874980821	0.0356141484	-0.126254699	0.0089376927	0.0830635085	0.0386115136	0.1021862984	-0.01929007	-0.0180013337	0.1098843973	-0.0167632977	0.0554263386	-0.0797204891	0.2134520742	-0.0133398952	-0.1256992866	0.0385976287	0.0506407147	0.1122495975	0.0183775328	0.094621535	-0.0453649234	0.0807984967	0.0257542339	0.0511298969	-0.1348790597	-0.0421670339	-0.0762020107	0.0923556566	-0.1771065841	-0.2060228954	0.0074523499	0.0660004246	0.1041000191	0.0261839103	-0.0570128911	-0.0157021034	-0.0181634881	0.1074592783	-0.0041024383	0.0256472029	0.0537159371	-0.0834479612	0.0176361319	0.1695545476	-0.1402301262	-0.0406717657	0.0003634732	-0.0646792723	0.0038745825	-0.014451423	-0.0210066703	0.0281487017	-0.0171513806	-0.1418615203	0.0164040181	-0.1510332335	0.0713612535	-0.0492847906	-0.1175658723	-0.1515536142	0.1144571155	0.0417919704	-0.0314259476	0.1081107718	-0.0640575609	-0.080551266	0.0759039608	-0.0092793824	0.0459401735	0.0078213295	-0.050476741	-0.0232005253	0.1186657816	-0.0130957736	0.0234223199	0.070614423	-0.136598799	-0.0375684856	0.0891471051	0.0603985106	-0.0476608776	-0.1115704417	-0.0721286695	0.0341282399	0.0	0.0	0.0	0.0	0.0396829900969635	0.0001307953050685	0.0015747397030357	1.7107411827962306e-08	0.0355102036798058	0.0637212749007431	0.004060400874976	0.0012609745653812	0.0065440180564593	-0.0025058637410779	6.279353088848929e-06	4.282417232326536e-05	-0.0017798441895709	2.1571759699920773e-08	4.653408165511258e-16	3.167845339149294e-06	-0.0005160407022479	-6.072080593899913e-06	2.6629800637650574e-07	3.6870162738815926e-11	0.000607041191414	8.099454533930001e-05	6.560116374719925e-09	3.684990080733286e-07	0.0	0.0
1044.2836382622663	-4.982806506108091	1090528.317142276	24.82836067731312	1601.4617293337558	-11.239459321853928	2564679.670520664	126.32544584760916	1028.5695618279426	-0.946264246007786	0.8954160232726835	1057955.3435189258	1070.147842385246	1084.300003980171	1.480393	29.839754	0.0704013852107992	0.0334854948999846	0.0617176368	0.0435955375	-0.1887080103	-0.0149506777	-0.1075353147	0.0116204847	-0.0275117754	-0.089023817	-0.1509411498	-0.0177574689	-0.0923497812	-0.1092852897	-0.0059631741	-0.0021531925	0.0728758407	-0.0050666917	-0.0333790513	0.0305234147	-0.1582086809	-0.0296034905	-0.166744465	0.0245594235	0.1192674075	0.0985992593	-0.1622601354	0.0735979953	0.0962369112	0.0467447496	0.0370731812	0.0399885482	0.0064768966	0.0855652659	-0.0534083506	-0.0680937026	-0.0383394146	0.0774231667	0.018660143	0.0169331915	0.0237207738	-0.0149237607	-0.0493384796	0.0531035537	0.0053970983	-0.0261098947	0.0127649564	0.109190571	-0.0377392605	0.0039360458	0.0244795767	-0.0137061812	-0.089744041	0.0554787371	0.1220460658	0.1202508167	0.0351648234	0.1091162386	-0.0749704298	-0.0287049552	-0.0630329951	0.0276697718	-0.1416772093	0.0218731428	0.0891552123	-0.0886687053	0.1222318108	0.1117450145	-0.1377159741	0.0080711362	-0.0175169775	0.0390840958	0.0502546845	-0.1293258849	-0.0098594376	0.0160228973	-0.0653414512	0.01680527	-0.0941364338	0.1198533184	-0.2131801715	0.034105962	-0.1040119072	-0.1484694477	0.0425623257	0.0983658379	0.0272600151	0.0110241243	-0.0120926776	-0.1016019469	-0.0071964491	0.0912666429	0.0740568974	0.0840303016	-0.0310334671	0.0540730113	-0.0489081443	-0.0451243835	-0.027848213	0.1019820249	-0.02206527	-0.0444529512	0.0254945701	-0.0267448014	-0.0314343769	0.0330590121	-0.0408801964	0.0378854777	-0.057219926	-0.0351762393	0.1333180459	0.0425628495	0.0342709356	0.1498912465	-0.0317371014	-0.040686689	-0.1063342037	0.0370978041	-0.0223111839	-0.0225251017	0.026363746	0.0938220103	-0.0699575699	0.0411480529	0.0487969151	0.0247420112	0.048669834	0.2154893184	-0.0282265606	0.1081509552	0.0664678547	0.0724622049	-0.0973846663	-0.011209189	-0.0731072213	0.0990572391	-0.0685439138	0.1344460363	-0.0293386734	0.0740332661	0.1791304293	-0.0030314596	-0.0807794291	-0.1234542637	-0.0700558376	-0.0052370892	0.0162241967	0.1047232204	-0.0454946257	-0.0774205833	-0.0101888214	-0.0949522082	0.0631238662	0.1205240977	0.0584993082	-0.0516749823	-0.1122364555	-0.0650404315	0.0446004913	0.0	0.0	0.0	0.0	0.0328706626213346	-0.0068123274756289	0.0010804804611656	4.640780563520848e-05	0.0187405933943978	-0.016769610285408	0.0002812198291244	0.0003512098407741	0.0175120055235566	0.0109679874670973	0.0001202967490784	0.000306670337457	-0.0012678951618695	0.0005119490277014	2.620918069644089e-07	1.6075581414920857e-06	-0.0004577918454635	5.824885678439994e-05	2.095733737728771e-07	3.3929293166895343e-09	0.0004602098762465	-0.0001468313151675	2.1559435113817717e-08	2.1179313019481887e-07	0.0	0.0
1045.3989255074862	1.1152872452198608	1092858.9134522066	1.243865639350106	1614.2126328691522	12.750903535396446	2605682.4241143605	162.58554096898558	1027.526607575469	-1.0429542524736917	1.087753572752957	1055810.9292755516	1069.3297006483783	1075.817898692084	1.260183	25.401052	0.0827154688174008	0.0375222827191879	-0.0039115699	-0.077129726	-0.0723641355	-0.0027755352	-0.0308107021	-0.1301746881	0.0406858627	0.027675923	-0.0185160327	-0.0187446202	0.0386326664	0.0296367979	0.0258047797	-0.0392313394	-0.0016400087	-0.0847713572	0.025407377	0.0583232533	0.0273835001	-0.0798867461	0.0343425565	0.0312787904	-0.0478725952	-0.0396787392	-0.1269149603	0.0375453936	-0.0120926575	-0.0550425658	0.0256188396	0.0177804538	-0.1271663147	-0.1202624951	-0.0026380956	-0.0476182061	0.0328810782	0.0651472131	-0.0330962959	-0.0125613219	-0.062121236	-0.0241869944	-0.0400758188	-0.0445885289	-0.044255042	-0.004067371	-0.0183114392	-0.0108541543	0.089855242	0.0329090503	0.1262671882	0.0956303391	0.0604237642	0.0052081208	-0.0736524516	-0.0525804691	-0.0710987398	0.0591105858	-0.0316337679	0.0618104653	-0.1323859867	-0.1999003253	-0.0844324922	-0.1005379503	0.1169488007	-0.0839926149	-0.0561045384	0.140002675	-0.0632256182	0.0063070878	-0.0689821097	-0.0593519984	-0.1176310455	-0.0112518694	-0.0577446706	0.1145306119	0.006136057	-0.0839566771	0.0305215498	0.0015002949	-0.0053662476	-0.0283139823	-0.0497735755	0.0652958187	-0.0105239237	0.1357197278	0.0187085782	0.0610247168	0.0177725468	-0.0161181912	-0.0883242719	0.0979172122	-0.1037200137	-0.0355703498	-0.0677010604	-0.1092134964	0.0302220208	0.040776193	-0.0468463853	0.0326120534	-0.0391405539	0.0321092647	0.0391600408	0.0319403075	-0.0638883299	-0.0197885711	-0.0863295503	-0.0408933578	0.0109576195	0.0448523837	0.0146495295	0.1142743106	-0.1111295654	0.0915561645	0.0878855265	-0.1169555334	0.140046216	-0.0766687321	0.0142081652	-0.0143084846	0.2480921708	0.0857050961	0.0488889299	0.0263295788	-0.0415684178	-0.0641999486	0.0269783504	-0.0210655313	-0.0997620834	0.0112777392	-0.0018193245	-0.0142319307	-0.0918331042	0.0387714981	-0.0968410938	0.0138014147	-0.142183261	-0.0551271334	0.1179143683	0.0874662239	-0.0696936269	0.0420861671	0.0421789155	-0.0272676904	0.0721881679	-0.1087207919	-0.0939932004	-0.0138434414	-0.0927357805	0.0085453823	0.1366537643	-0.0984119908	-0.0438943703	0.0633149749	0.0565769786	-0.0556073782	-0.11250323	-0.057540987	0.0546322818	0.0	0.0	0.0	0.0	0.0362024446499162	0.0033317820285816	0.0013106169986302	1.1100771485979329e-05	-0.0038887499673592	-0.022629343361757	0.0005120871809842	1.512237630863618e-05	-0.0041274717946606	-0.0216394773182172	0.0004682669786056	1.7036023415718794e-05	-0.0014512393494196	-0.0001833441875501	3.3615091108406254e-08	2.106095649303824e-06	-0.0007509988170772	-0.0002932069716136	5.639992232513537e-07	8.597032820287705e-08	0.0006859560392596	0.000225746163013	5.09613301151371e-08	4.705356877967178e-07	0.0	0.0
1047.0791914231322	1.6802659156460322	1096374.8331113204	2.823293547281799	1607.3714866232365	-6.841146245915752	2583643.096009393	46.80128195800719	1028.0866886348515	0.5600810593825827	0.3136907930791161	1056962.239348174	1070.2118450850949	1084.697875038887	1.137992	22.938099	0.0672797065062651	0.0443071394440398	0.0499891642	0.0632931407	-0.1210880154	0.0155417763	-0.0502923171	0.059873997	0.0373209698	-0.0796069627	0.0298256321	0.099855217	-0.1033409196	-0.1025944634	0.0527618124	-0.0873112097	-0.0042740853	-0.0611613451	-0.0632257592	-0.0153955094	0.0430511459	-0.0223851444	-0.0406349272	-0.0588203161	0.0928745222	0.0692071843	-0.1991485139	-0.0084001814	0.0469343845	-0.0692904331	0.0447550918	-0.1247096451	-0.1236236684	-0.0329626906	-0.1421955053	-0.01817181	0.0500722407	-0.0315095078	-0.0309629866	0.0547831588	-0.0673518085	-0.0665443744	-0.0214169413	0.0110462637	-0.0127152159	0.0100253859	0.0615958069	-0.0475421414	-0.0250523042	-0.0695000783	0.1777165766	0.0437134857	-0.0010539702	-0.0093608219	0.0976591821	0.0079226252	0.0278731089	0.0047885723	0.0093852914	0.0697752389	-0.0741532838	0.1120086778	-0.0390703459	-0.1238623165	-0.066543995	0.0398516831	0.0516548161	0.0027651386	0.1157076934	-0.200936961	0.0379108322	-0.0641943019	-0.0310388457	-0.0657139017	0.0531595988	-0.0393510238	0.0140805625	0.0678941785	0.0744429126	0.0313396581	-0.1803115598	-0.0683527028	-0.0003441027	-0.0146248274	-0.0349040132	0.1732735357	0.0230460936	0.0100164731	0.0733004675	0.0567091805	0.0185922761	0.1113400793	-0.1227991218	0.0376744352	-0.0595266534	0.0339310251	0.0594872513	0.0615125549	0.0290317124	-0.0370848671	-0.0848741808	-0.0230626215	0.1018271419	-0.0468136171	0.050054258	-0.0175618905	-0.1253476594	0.0203383896	0.0706510479	-0.0392371929	0.0164153619	-0.0533980979	-0.0475098283	0.1333387807	-0.0823235431	0.0028074359	0.0056401997	-0.0467307862	0.0328457301	-0.0083736994	-0.0711061188	0.0199972732	-0.0030637834	0.026035223	0.0717335758	0.1455950685	-0.1322639813	-0.0918692102	-0.0057149357	-0.0001360215	0.0595761017	0.0280791472	0.0058218716	0.0599070021	-0.1718914742	0.0739747933	-0.0086990413	0.0318945147	0.0543778284	-0.0612460389	0.0724866688	-0.028492745	-0.1065836078	-0.0975572535	-0.1046659758	0.0296042085	-0.1096396895	0.0062449885	-0.0076798437	-0.0532903785	-0.06348455	-0.1851502033	-0.1064723689	-0.1052844846	0.0546322818	-0.0594518474	-0.1123698164	-0.0496777498	0.0641245402	0.0	0.0	0.0	0.0	0.0381431232212463	0.0019406785713301	0.0014548978490711	3.766233317219848e-06	0.0373693460529125	0.0412580960202716	0.0017022304872179	0.0013964680244223	-0.006403159174269	-0.0022756873796083	5.178753049708944e-06	4.1000447411025255e-05	-0.0013938182999702	5.742104944940008e-05	3.297176919870449e-09	1.9427294533318184e-06	-0.0004600389120719	0.0002909599050052	2.116358006202974e-07	8.465766632069318e-08	0.000773679975506	8.772393624640001e-05	7.695488990562454e-09	5.985807044989647e-07	0.0	0.0
1045.5494298795215	-1.5297615436106753	1093173.6103213923	2.340170380310116	1615.4615731340773	8.09008651084082	2609716.094272828	65.44949975288858	1026.7281227631622	-1.3585658716892794	1.845701227718852	1054170.638072767	1069.5524187482745	1086.7380905954917	1.197619	24.139984	0.0778310558031916	0.047888935501768	-0.0165947963	-0.1148387035	-0.0945383787	0.0063430836	-0.1044489765	-0.1600134634	0.0346539977	0.0465905052	-0.0586868955	0.0208546316	0.1414857157	0.0395786821	0.0243034993	-0.0786913362	-0.0560968291	-0.0438462574	0.0938937264	0.0882439343	0.0674821401	-0.0593629677	-0.1098004245	-0.0451359344	-0.0238574819	-0.0863991356	0.0599675214	0.0198380382	-0.0300247931	0.0328182841	0.0053199641	-0.1159122024	-0.0389124896	-0.0232146869	-0.1105256506	-0.0306099804	-0.0641496183	-0.0289672422	-0.1747905517	-0.1260205491	-0.0578326855	-0.054480129	-0.1175950031	-0.0398437157	0.0028134651	0.0471265458	0.0335278043	0.0826623717	-0.1256390563	0.0726672914	0.0887644919	-0.048168834	0.0001861455	-0.0897713615	-0.0575041895	-0.0581846016	-0.0992511421	0.1474997601	0.0838133436	0.0216795018	-0.0008477004	0.0622145192	0.039022923	0.025409079	0.008861778	-0.0128219823	0.1450868765	0.0465934842	-0.0712839027	0.1371243727	-0.0567181765	-0.0357708452	0.0059953978	0.0286807312	0.01647053	0.1613228328	0.0445728393	-0.0085941838	0.0304516044	-0.0473040271	0.0815461356	-0.0653081951	-0.1231714045	-0.0361903059	-0.0156968558	-0.0452288231	-0.0231534452	-0.0089415917	-0.0222286695	-0.0176337859	0.012844582	0.0928376508	-0.2559250665	-0.0443765793	-0.046828862	-0.0015689132	-0.0162323556	-0.0073085797	-0.0596953149	-0.008090968	-0.0697126591	-0.0553948343	-0.0259349076	-0.0053401123	-0.0466637906	0.0639994089	0.0477180174	0.0906228776	-0.055669274	0.1052099632	-0.0904468502	0.1494715062	-0.0552932482	-0.0419236191	0.0192131352	-0.1581041515	-0.007371056	-0.0541873908	-0.0077029813	-0.0393076421	-0.0671143335	0.0093951871	-0.0579927184	-0.0228645515	0.0388672578	0.0057657605	-0.0264762848	0.1603878613	0.0755498578	-0.0813276305	-0.0310831686	-0.0655329449	0.0544615968	-0.0097110303	-0.1229103361	0.0210980278	-0.0621705935	-0.0056516666	0.1362181237	0.090176919	0.1136392682	0.0645999509	0.1279991854	0.0754131611	0.1263874387	0.0314073949	-0.0299913817	-0.0612693726	-0.1672690824	-0.1057997722	0.0538873433	0.054660598	0.0670574092	-0.018440323	0.0526659867	-0.0632023111	-0.1118366891	-0.0415004339	0.072983524	0.0	0.0	0.0	0.0	0.0436548977124289	0.0055117744911825	0.0019057500942826	3.0379658041651197e-05	-0.0039425067673306	-0.0413118528202431	0.0017066691834414	1.554335961044758e-05	-0.002846907751163	0.0035562514231059	1.2646924184343448e-05	8.104883743631969e-06	-0.001451130878254	-5.731257828380009e-05	3.2847316295367124e-09	2.105780825822225e-06	-0.0009120909822386	-0.0004520520701666	8.319099598809741e-07	2.0435107414199907e-07	0.0008133388684287	3.9658892922700005e-05	1.5728277878541844e-09	6.615201148968781e-07	0.0	0.0
1043.2253150554438	-2.3241148240776965	1088319.05797253	5.401509715497703	1599.7944406347071	-15.667132499370156	2559342.252285716	245.4590407528205	1026.6899270596348	-0.0381957035274354	0.0014589117679557	1054092.2063257182	1069.0724660861874	1073.4925104308682	1.295649	26.115936	0.1693509245821163	0.0974871229168199	-0.0038362972	0.0766004238	-0.0974517524	0.0707649339	-0.0781775855	0.0164206054	-0.0217074592	-0.2086739365	0.0047059322	0.0196061824	0.0442846311	-0.074885546	-0.0523489571	-0.1057843331	-0.0265377476	-0.0836712932	-0.034799648	0.0078561489	0.0418338432	-0.070671099	0.0036353013	-0.0366262779	0.1387106594	-0.0652682943	0.0344144488	-0.2241517913	0.0377498424	-0.1351066683	-0.0048280447	0.0313127355	0.0520781777	-0.0262534876	-0.0886065252	0.049562389	-0.0438083284	0.0708873149	0.0144824294	0.1533870303	0.0022021275	-0.1221940681	-0.0769891457	0.1013709125	0.0570552685	0.1210135821	-0.0457107961	0.0208014291	0.0722515507	-0.0286495456	0.0571862221	0.0089004096	0.0651075981	-0.1576646123	0.0327808722	0.0057854387	-0.0685566272	-0.1600808861	-0.0833513068	-0.0062154665	0.1855419041	-0.0106437311	0.0302817112	0.0252706449	0.019438833	-0.133791503	-0.0846185879	-0.0147176138	0.0508341468	0.0250216328	-0.0587834599	-0.0488107474	0.0079689267	-0.0194403958	0.0649207139	0.0267062897	0.0605270424	0.1707236096	0.0282931584	0.0650801797	-0.0500567363	-0.1840526543	-0.0518889886	0.0730375253	-0.0365832176	0.0929126443	-0.0425211836	-0.0645982195	-0.1060155803	0.062295987	0.0573616047	-0.1148541221	0.0092282743	-0.1225988019	-0.0004563075	0.0240932309	-0.039976522	-0.0360285764	0.0162604137	0.0640775403	0.0057204595	-0.0513206698	0.1641199996	-0.0658671928	0.0033829332	0.0356469633	0.0524596622	-0.0822227035	-0.0689597161	-0.0778982886	-0.0355241184	-0.1789797481	-0.0412088591	0.0150795713	-0.045900989	0.0030510656	-0.0218954028	-0.1266222908	-0.0027361564	0.0458979515	-0.0068361091	-0.1286630765	-0.0160024294	0.1944535668	-0.0033130759	-0.1051265592	0.0676602848	-0.1184798182	-0.0811423828	-0.0363027009	-0.0363622113	0.0777882784	0.0722077885	0.0222997667	0.0266566643	0.1872327204	0.0925997125	-0.0024934173	-0.0213635454	-0.0338225427	0.0015139081	0.0391227449	-0.08442118	0.0405768351	-0.130233188	0.2459255549	-0.0042362417	0.095995486	-0.120837058	0.0156636747	-0.1323129328	-0.1158668608	0.0246024591	0.0182624099	0.0506788705	-0.0668528388	-0.1109057446	-0.0330607388	0.0811217445	0.0	0.0	0.0	0.0	0.0617522772233485	0.0180973795109196	0.0038133437422692	0.0003275151451622	0.0850319985887466	0.0889745053560772	0.0079164626033586	0.0072304407839966	0.0140171647107365	0.0168640724618995	0.0002843969400001	0.0001964809065279	-0.0019557888014182	-0.0005046579231642	2.546796194124036e-07	3.82510983575284e-06	-0.000513790439752	0.0003983005424866	2.639806159805535e-07	1.5864332214511988e-07	0.0008079979890151	-5.340879413599938e-06	2.8524992910615615e-11	6.528607502524457e-07	0.0	0.0
1042.8627845535823	-0.3625305018615563	1087562.7874068513	0.1314283647799919	1604.8107139912058	5.016273356498687	2575417.427740964	25.1629983871186	1025.6239619194282	-1.065965140206572	1.1362816801356166	1051904.5112633046	1067.5333739654093	1080.4998255812918	1.305008	26.304575	0.143421418194057	0.0938252988347488	-0.0140268501	-0.1070644123	-0.0451083547	0.0836493593	0.0683655651	-0.1083125277	-0.0711402162	-0.0510010314	-0.0285921473	-0.1304628882	0.1157926298	-0.0445099225	-0.1582063526	-0.0259347043	-0.0840597892	-0.0516431668	0.0240958383	0.0598857116	-0.0317749784	0.034826191	-0.0767531402	-0.0737272913	0.0573406299	-0.1051201192	0.0900551381	0.0907140647	-0.0125822645	-0.0853849227	-0.115430427	0.0823688087	0.0446204332	0.1004102281	0.0648876858	0.0685819538	-0.0696437935	-0.0576885965	0.0853248223	-0.057180109	0.1059091885	-0.0333121838	0.0225681411	-0.0431592537	0.2155131413	-0.0366812742	0.073363061	-0.0841884148	-0.0941408565	-0.0902121306	-0.1439136828	-0.2743089434	0.0652924497	-0.0603673035	-0.0902838447	-0.0075763299	0.0256765881	0.026354686	0.1167112419	0.0289285431	-0.0112745696	-0.0109143228	-0.0243943811	0.0591825432	-0.0886445452	0.1425577413	-0.0132401777	-0.1242386467	0.069532012	-0.1653230635	0.0151488426	0.0810156213	-0.0357759798	-0.1121883765	-0.0512774048	0.0932007255	0.0891195008	-0.0728529203	-0.0129082774	0.0534083798	0.1116655664	0.0530332416	-0.0612177815	-0.1118440644	0.0667279106	-0.0336635001	-0.1590864768	0.0303264329	-0.0741155022	0.0996667164	0.0756240388	-0.070508436	0.0765600457	-0.0148571186	-0.0821218035	0.0042403149	-0.008737909	-0.0580059595	-0.0779857789	-0.0219002097	0.0728593542	0.0138722176	0.0350459178	-0.162358372	0.1980555182	-0.1155897073	0.1711013808	0.0369246206	-0.0209509396	0.1313595492	0.0442764734	-0.0332802026	-0.021946855	-0.2007774852	0.018826318	0.0776896875	-0.1921857233	0.0736800744	-0.1872594844	0.0256132366	-0.1191231531	-0.0104630391	-0.0363473878	-0.0771979191	0.0889169797	0.1842730343	-0.05159374	-0.1467171859	0.0461776815	0.078178029	-0.011795128	-0.055222092	-0.0753789145	-0.0315760409	0.1501266688	0.0396059126	-0.0030222258	-0.0311844524	0.0387290968	0.1741209761	0.1211176944	-0.2148305296	0.1028868061	0.1084431337	-0.0599066688	0.0377303056	-0.0806890175	-0.0761401299	-0.0445518022	0.0804213452	-0.0668447874	-0.0041843691	0.2131711271	-0.0605298174	0.048671719	-0.0703976585	-0.1095802943	-0.0244120232	0.0884588311	0.0	0.0	0.0	0.0	0.0545095156339527	-0.0072427615893958	0.0029712872946481	5.245759544082722e-05	-0.004967280295105	-0.0899992788838516	0.0080998701996132	2.4673873530138413e-05	0.0369348525671711	0.0229176878564346	0.0005252204166849	0.0013641833341586	-0.0016898093362601	0.000265979465158	7.07450758857889e-08	2.8554555929118e-06	-0.0005720641179685	-5.827367821650007e-05	3.27257355067078e-07	3.3958215728801942e-09	0.0006670173351022	-0.0001409806539129	1.987554477770889e-08	4.449121253268406e-07	0.0	0.0
1042.4192583857505	-0.4435261678318056	1086637.910253498	0.196715461551567	1606.046101732457	1.2353877412510883	2579384.0808900213	1.526182871233466	1025.805070210551	0.1811082911228823	0.0328002131134506	1052276.0420696738	1067.6270337109834	1070.5378742299815	1.463471	29.498655	0.0502972705808228	0.0295496554355443	0.0605276663	0.1252574436	0.0826022003	0.0501212667	-0.0343985136	0.1124049605	0.0512466006	-0.1186652729	0.1228597958	-0.0091551193	-0.1051274209	0.1354839708	0.0260753055	-0.0537845649	-0.0909645066	0.1707412234	-0.0421242806	0.0079460349	-0.0602372775	-0.041375411	0.0164022939	0.0329380909	-0.0518785235	-0.0794927396	0.1552204853	0.1492008636	0.0387019284	-0.0241236731	-0.0450264528	0.0580315513	-0.021476321	-0.0707481567	-0.0642759309	0.0188945751	0.1356576049	-0.0169283106	-0.1992320918	-0.0086187692	-0.0636150165	0.0661464314	-0.0861345327	-0.0137840947	0.0851077527	0.0328358193	-0.0834739007	-0.0401801996	0.1332371556	0.1507453226	-0.2132525729	-0.041353657	-0.0209190414	0.1623488929	0.071368317	0.0451630135	0.022733277	0.0337652045	0.1234311582	0.1325625131	0.0091752837	-0.083954823	0.0379857146	0.0631141368	0.1683435485	0.0544536704	0.0427275027	-0.0197544348	0.0052096955	-0.05682626	-0.0343687654	0.0106369247	0.1040473082	0.0850185497	0.1177656612	-0.08169238	0.045145662	-0.1121156248	-0.0783995111	-0.0058210443	0.0003554347	0.0299698504	-0.0261963738	0.0162739297	0.074447194	-0.135038183	0.0069116932	0.1805757983	-0.037078494	0.0224501883	-0.0174002031	0.1223909395	-0.0421324174	-0.2086012812	0.0975649728	-0.024973013	-0.0046944503	0.1209982586	0.0083230866	0.073847336	-0.0552164551	-0.0558420232	-0.1841359534	0.0301094002	-0.1197051497	-0.0224195432	0.1494635389	0.0234545036	0.0805344801	-0.1222297977	0.1221344043	0.0475884677	-0.0257093571	-0.1038147723	0.033256826	0.1286899056	0.1123546681	0.0562535566	-0.0627690684	0.0104890348	0.1791722651	-0.0177881788	-0.0275866929	-0.0010740963	-0.0377978316	0.1942615285	0.0697316604	-0.0434813081	0.0092046201	0.1344164143	0.0617477711	0.0872784142	-0.0829866307	0.0153271201	0.0663643959	-0.1051050663	0.0028455725	-0.0749246371	-0.0288465461	-0.0376294856	-0.0571310129	-0.1093913502	-0.1365661894	-0.0221892207	0.0714461768	0.1421750858	0.1635764095	-0.1378292206	-0.2213761773	-0.0638267261	0.0700779736	-0.0657777819	0.0705873942	0.0210598593	0.0466453256	-0.0738311651	-0.107865053	-0.0156089668	0.0949223249	0.0	0.0	0.0	0.0	0.0449795303724585	-0.0095299852614941	0.0020231581525269	9.082061908429666e-05	-0.0044813039093298	0.0004859763857751	2.36173047531126e-07	2.0082084727774545e-05	0.0137693022667377	-0.0231655503004334	0.0005366427207219	0.0001895936849127	-0.0016452105715168	4.459876474330001e-05	1.98904981662822e-09	2.706717824630636e-06	-0.0008690494982801	-0.0002969853803115	7.552470304608935e-07	8.820031611882566e-08	0.0006662863074947	-7.310276074999622e-07	5.344013629271188e-13	4.43937443554922e-07	0.0	0.0
1043.5476551246677	1.1283967389172176	1088991.7085161924	1.2732792003990112	1603.418267371807	-2.627834360650013	2570950.1401416077	6.905513427012862	1026.5267727158096	0.7217025052584631	0.520854506096342	1053757.2151023354	1068.2755730212348	1061.9876286240085	1.476482	29.760923	0.0473369136410859	0.0245734339822177	-0.0665733748	-0.0370659029	-0.0506441828	-0.213080688	0.0885540657	0.089809465	-0.0608738286	0.0548290108	0.1479005127	-0.0229796496	-0.0322015811	0.0742843599	0.0830768927	-0.1106834409	-0.0395744393	-0.092275156	0.0444361713	-0.0735311498	0.004077848	-0.0983489055	-0.1996871981	0.0898508758	-0.0185410323	0.0313428621	-0.0347618639	0.1008257985	-0.0447436833	0.007084711	0.1693121544	0.0644931269	0.033818183	-0.0658487132	0.0486117601	0.1836786063	-0.0361981038	0.0503701673	0.0486367903	0.1760257046	-0.0542624464	0.0551827093	-0.0061550695	0.0655952761	-0.0233627323	0.0475617111	-0.047579032	0.1208466563	0.1027893329	0.0125648101	0.0218944723	0.0250367539	0.1121616417	0.0683404492	0.0787944168	0.0792015077	-0.0137745174	-0.0720303772	-0.0659528991	0.1380144086	0.04111088	0.1147287513	-0.1380466497	-0.0516748685	-0.0465796696	0.0408945544	-0.0881372316	0.0994428965	0.0666036656	-0.0731315091	0.1196636834	0.0584087683	0.1416249725	0.0230248988	-0.0685953947	-0.0734262762	0.0838402035	0.0765662305	0.084906552	-0.0660179169	-0.1084034536	-0.0018059178	-0.2087246277	-0.0481035574	-0.0025191675	-0.0730799288	-0.0085751049	0.1176336895	0.137531346	-0.1655170757	-0.0659678708	-0.0309481512	0.1011865513	-0.0575001085	0.0549593664	-0.1444811334	0.0061790867	-0.1233225679	-0.0226476439	0.0292346439	-0.0271943095	0.0132920307	0.0615628516	0.0563071143	-0.0319883834	-0.0233359244	0.013572766	-0.0766257063	-0.0509218261	-0.095474527	0.0313857707	-0.0931956841	-0.0739081786	0.1470134151	-0.1101787435	0.0866489631	-0.0311280664	0.0068343966	0.0507339268	-0.0285777604	-0.0925181431	-0.0535119784	0.215791077	-0.0214072068	-0.0764072681	0.0454282109	-0.0946347669	0.0262842151	-0.0800687384	-0.1190114869	-0.0593036967	-0.0703455721	-0.0851052444	0.096597635	-0.0095386054	-0.0792574729	-0.1464087957	0.0929765492	-0.0583417296	0.0782013254	0.0726324558	0.0390079923	0.0435103323	0.0402572166	-0.3118297661	-0.0419287531	-0.0162731211	-0.0113873047	0.0211875462	0.0036181528	0.0484283916	-0.091614335	-0.0028457235	0.1335792557	0.0446004913	-0.0771479294	-0.1057661221	-0.0067072256	0.1004483944	0.0	0.0	0.0	0.0	0.0448184238101845	-0.0001611065622739	0.0020086911128293	2.5955324407746024e-08	-0.0195772655156361	-0.0150959616063063	0.000227888056819	0.0003832693250697	0.0040012326860221	-0.0097680695807156	9.541518333370146e-05	1.6009863007691628e-05	-0.0014968111024322	0.0001483994690846	2.20224024245912e-08	2.2404434763642978e-06	-0.0005719995475481	0.000297049950732	3.2718348239523105e-07	8.823867322988366e-08	0.0006670724055139	7.860980191999774e-07	6.17950095790128e-13	4.4498559419810107e-07	0.0	0.0
1045.0337163261802	1.4860612015124843	1092095.468258507	2.2083778946407286	1614.20916837327	10.790901001462998	2605671.239260324	116.44354442337514	1027.7588399128338	1.2320671970242074	1.5179895779830872	1056288.2330189738	1069.2486604327692	1078.2436268769288	1.400349	28.22633	0.0883870219305654	0.0484666747007172	0.0667171065	-0.0204157117	-0.0162682088	-0.0066524436	-0.0375771099	-0.0455978492	0.0849243036	0.1113603306	0.0971770448	0.1061267648	-0.0309617651	-0.0525098637	-0.0239179081	0.0741395495	0.073955686	0.0734371338	0.0530296729	0.0495084392	-0.0301828479	0.0925937309	-0.018500493	-0.0099938694	0.0058471238	-0.1877347451	-0.018628652	0.0853168769	-0.1123679771	0.0501818494	-0.0310391163	-0.0799926035	0.1405969982	-0.1610370239	0.0077920185	0.0361877309	-0.0452190732	0.0897792526	-0.0166091917	-0.0253315956	0.0588474796	0.1144419382	-0.0289505534	0.134148497	0.0338661038	-0.0338296532	0.0390074873	0.0155232309	-0.0971294429	-0.0611696473	-0.0544007754	0.0525936472	0.0258252379	0.0272566042	0.0449798812	0.1032281924	-0.1016280918	-0.012253666	-0.0138151471	0.008565748	-0.0483724397	0.0865164147	-0.0748852491	0.0228487334	-0.0387265039	0.0456141576	0.0496027471	0.1135656972	-0.0547250281	-0.0735034217	-0.1100613673	-0.0791668161	-0.0931547098	-0.1028369116	0.0078780841	0.0229897082	-0.1063948934	-0.0022061067	-0.0479582459	-0.0520203505	0.1216632866	0.109323514	-0.0198039959	-0.093588984	0.0852867784	0.0448117551	-0.0494738278	0.0650996597	0.0022612486	-0.1198157887	-0.1554359231	-0.1437634916	-0.1640230168	-0.0617592088	-0.0085446491	0.0475857084	0.0554006341	-0.0670718543	-0.1128638665	0.0143101109	0.0631420473	0.0231679418	-0.0247370886	0.0229798185	-0.0351337101	0.0232444862	0.0381035737	0.06259296	-0.1585225709	-0.1295732289	0.1041058962	-0.0363890715	0.0679768816	0.0142429444	-0.0344506115	0.0158428633	-0.0820725613	-0.0522875915	-0.0351530081	0.1058611853	-0.0884026188	0.0732864146	-0.0309689162	-0.0195458438	0.0343149767	0.056980321	-0.0487636265	0.0904920827	-0.0337013573	-0.0108530535	0.1121385131	0.0083184411	-0.0119181569	0.0627485836	-0.1258446651	-0.0020159851	-0.1125067392	-0.0248306297	0.06349384	0.1797153977	0.0092294662	-0.0883399464	0.087735211	0.1184538874	0.2228765242	-0.1072559254	0.0151235286	-0.1985977016	-0.054412673	-0.0248716356	-0.0297366684	0.0678887317	-0.0263112598	-0.0683872238	0.0425380248	-0.0803427069	-0.1032909678	0.0022369209	0.1049824657	0.0	0.0	0.0	0.0	0.0435667476764507	-0.0012516761337338	0.0018980615031035	1.5666931437587986e-06	0.0077451122579077	0.0273223777735438	0.0007465123272002	5.998676388759211e-05	-0.0300490717154957	-0.0340503044015178	0.001159423229836	0.000902946710963	-0.001591171347355	-9.436024492280008e-05	8.903855821890816e-09	2.531826256643526e-06	-0.0009920314552667	-0.0004200319077186	9.841264082385663e-07	1.7642680350172654e-07	0.0006662112857199	-8.611197940000277e-07	7.415272996186502e-13	4.438374772205623e-07	0.0	0.0
1044.8807649340613	-0.1529513921188936	1091775.812929189	0.0233941283511075	1614.7817234282795	0.5725550550096159	2607520.0143180047	0.3278192910170643	1027.9864608731114	0.2276209602775907	0.0518113015576925	1056756.163738425	1070.158963834176	1066.8262557272474	1.327705	26.762068	0.0709142776999989	0.0366068283123306	-0.0356782368	0.0257635758	0.0611979289	0.0520992195	0.0754603877	0.0622082143	0.0725054404	0.0262888783	-0.0931456607	0.1034386213	-0.0540762486	-0.0547328156	0.0454707458	-0.1611658823	0.0584677222	0.0695548792	-0.009746499	0.0384373664	0.0363076416	0.0196702322	0.1814966985	0.203081386	0.0724196529	-0.1431024504	0.0101855715	-0.0412730269	0.0779300159	-0.0137810765	-0.0225492653	-0.0443326142	-0.1433928332	-0.123884605	0.1298787485	0.170691895	-0.0658831354	-0.0762316587	-0.0120799273	0.0888056008	0.0033975447	0.23912654	0.003335071	-0.0428754198	-0.0019262395	0.013349426	-0.0131874738	0.1457850261	0.0485357247	-0.2173415775	0.0188251723	0.0464313749	-0.0343469357	0.0461045811	0.0614211735	0.0719992814	0.0211959352	-0.0109710328	0.1067680172	0.0651998137	-0.0174467089	0.0902669707	0.0767425193	0.075154389	0.0251754136	0.0505804168	-0.1252225787	0.1263760067	0.0024241462	0.0175901174	-0.026643468	-0.0201378966	-0.0238775612	-0.0007300404	0.0788661514	-0.0124166564	-0.1044793966	0.0476784199	-0.0115429294	-0.0294028032	-0.0442955223	-0.0041304946	0.1273165883	0.2287436015	0.100390714	-0.0334156868	-0.0167734431	0.1371803585	-0.1046488462	0.0091014223	-0.0873980468	-0.0105377454	-0.0606584652	0.0073534041	-0.1216045516	-0.2518150873	0.0817192223	-0.0844065708	0.0207804076	-0.0363553824	-0.0391211304	0.1868704313	-0.1713467217	0.0378493668	-0.0069876618	0.0705729212	-0.1189703214	-0.0605025427	-0.0006585478	-0.0445148195	0.1079073082	-0.1305924938	-0.0143364442	0.0130200017	-0.0814339473	-0.0122963117	0.0104918251	0.0691362061	-0.0837719567	0.0295518305	-0.0244390072	-0.1375881261	0.0615676577	-0.1269220139	0.0338052359	-0.0027795108	-0.0077495667	0.080438213	-0.0940776528	-0.0106138427	-0.064347949	-0.0216809914	0.0581609105	0.0469041643	-0.060932042	-0.0474562911	0.0020454729	-0.1128121808	0.0571984582	-0.1937116986	-0.0135874346	-0.0646488249	-0.1580057708	0.0861895738	-0.0344156479	0.0953496405	0.032131805	-0.1037938981	-0.0100130143	-0.0131761125	0.11213979	0.0445659104	-0.174932996	0.0615099349	0.0404587412	-0.0834104461	-0.1004483944	0.0111669248	0.1084797619	0.0	0.0	0.0	0.0	0.0538953728194258	0.0103286251429751	0.0029047112113449	0.000106680497344	0.0361713438953614	0.0284262316374536	0.0008080506451061	0.0013083661191964	-0.0139916529806356	0.0160574187348601	0.0002578406964266	0.0001957663531305	-0.00174208647723	-0.000150915129875	2.2775376425188124e-08	3.034865294147631e-06	-0.0009922307169396	-1.992616728999173e-07	9.845217956384725e-07	3.970521428687362e-14	0.0008371369378662	0.0001709256521463	2.9215578561637957e-08	7.00798252739998e-07	0.0	0.0
1044.7317618838167	-0.1490030502445734	1091464.4542888638	0.0222019089821868	1602.479695076638	-12.302028351641413	2567941.173132915	151.3399015645891	1026.8804689612757	-1.1059919118356447	1.2232181090458645	1054483.4975341295	1068.4847860597322	1074.827730672511	1.317981	26.566072	0.0351339141923948	0.0179488787164001	-0.0262628911	-0.0348090601	0.0345599362	-0.0990149609	-0.0287199194	0.0015421911	-0.0382085129	-0.0108218576	-0.0686205799	0.054673873	0.071272366	-0.078553236	0.1424996862	0.0728603774	-0.0121189763	-0.0408113708	0.0451887678	-0.038833551	0.0683243532	0.0075846511	-0.0018093685	-0.0913592317	-0.0133584044	-0.0438889599	-0.0472150542	-0.0610718433	0.0853204755	0.1512673937	0.0270690778	-0.1091147123	0.0440853249	0.2374849734	0.0061240726	0.0048621072	-0.0949228439	-0.0028059209	-0.0719698936	0.1857575094	-0.0734011446	-0.013943076	-0.0384674818	-0.1040551568	0.0247205007	-0.0590370812	0.0092131011	-0.0586839125	-0.034212837	-0.0030501187	0.0692389394	-0.042287236	-0.0150054635	0.0087808912	0.0421818096	-0.1464814203	-0.0386636053	0.0366526466	0.1295526555	-0.1024205514	0.0392481837	-0.091671262	0.1125912263	-0.0228379582	0.068920975	0.002131657	-0.1323898832	-0.1052543019	-0.163139494	0.0778969523	-0.0090577587	-0.0986191112	-0.0904685314	0.0159442244	-0.0210955568	0.0037232759	0.024068197	0.0898475786	0.0142892554	-0.0328931579	0.0309513087	-0.082912928	0.0375698906	-0.0555415385	0.0717750405	-0.0313592703	0.1205974136	-0.1394489536	0.0362822132	0.0419632664	0.1100211265	0.0872499253	-0.0100878437	0.0966000038	-0.0027176723	-0.0076716962	-0.0523580793	-0.2590391071	-0.011063383	0.0082249871	-0.082804295	0.0429852793	0.0311049743	-0.0626144679	-0.0510297458	0.0406823059	-0.0930951416	0.0923439034	0.0990352079	0.0772638076	-0.0111127076	0.1053967512	-0.0361543371	-0.1415376753	-0.0249053315	-0.0633099393	0.0963668007	-0.0737675624	0.0810530116	0.0664650513	0.0301961993	-0.062413473	-0.0954973028	-0.0374786212	-0.0130358721	-0.0742031931	-0.0142078919	-0.0024287366	-0.0066081565	0.0619191642	-0.016527141	-0.0440793112	0.1037456343	-0.0605490914	0.0046493272	0.0136344198	0.0208795086	0.1403915829	-0.1301156285	0.1093193858	0.1329077513	-0.0215750588	0.1427557741	0.1877832994	-0.0799197013	0.0062689277	-0.1061480947	-0.0490365341	-0.0533366569	-0.065030129	0.0294712179	0.0223369814	-0.0022511077	-0.1429942584	0.0383634626	-0.0863462963	-0.0972485133	0.0200263279	0.1109057446	0.0	0.0	0.0	0.0	0.0526573243933938	-0.0012380484260319	0.0027727938122711	1.5327639052003125e-06	0.0305974058921094	-0.0055739380032519	3.106878486409685e-05	0.0009362012473264	-0.0085005929995247	0.0054910599811109	3.015173971615764e-05	7.226008134356834e-05	-0.0019361759137232	-0.0001940894364932	3.7670709358247936e-08	3.7487771688818686e-06	-0.0007548360353188	0.0002373946816207	5.697774402158047e-07	5.635623486184094e-08	0.0008622701753922	2.5133237525999945e-05	6.316796285383319e-10	7.435098553708952e-07	0.0	0.0
1045.7281095957387	0.9963477119219988	1093547.2791986773	0.9927087630522022	1608.7745140765576	6.294818999919471	2588155.437142264	39.62474624174717	1026.9941138734923	0.1136449122166141	0.0129151660727219	1054716.9099307996	1068.0293126657143	1077.2308810900006	1.133512	22.847792	0.0742188001171812	0.0478956926571036	0.0013556946	-0.0603577309	-0.0906131047	-0.035115485	0.0115690784	-0.0780079983	0.0040778263	0.0243192316	4.45906e-05	-0.0791150149	0.029371903	0.0092125488	-0.0358944281	-0.0668304922	-0.0164958377	-0.0605775649	0.0792989657	-0.027404354	0.0251303492	-0.0553982776	0.1123329793	0.0045392957	0.0231823778	0.0598881945	-0.0366289631	-0.168033779	-0.1096757421	0.0161309378	-0.0643262286	-0.0635835792	0.0613971514	0.0158929482	0.0477626195	0.0059445467	0.032298612	0.0983557421	0.1249577285	0.0320628866	0.0526217143	0.0181148014	-0.1040560141	0.008405575	-0.0945538904	0.2330375349	0.147524331	0.0791621454	0.0107999431	-0.0374815144	-0.0160347603	-0.0337362336	0.0114005091	-0.0373449155	-0.0957812409	-0.0406115063	0.052120614	-0.0348055982	0.1469129257	-0.1493984697	-0.0771132468	0.0176755592	0.0438687353	0.0128317866	0.053468148	0.0107516795	0.1412893541	-0.0148171885	-0.0431938532	0.0562441682	0.1272816796	-0.0806657638	0.0226993485	0.1316487561	-0.0629604863	0.0453788986	0.0354070212	-0.0880465747	-0.0091546299	-0.0535562877	-0.0039137495	-0.1000544648	0.0861785377	0.0660657046	-0.0712935086	0.0647397054	-0.0009929705	-0.1359605872	-0.0165299943	0.0266358261	-0.0914230161	-0.1301537847	-0.0440614822	0.0495879955	-0.0648437505	0.0506900111	0.1071735615	-0.0823706097	-0.0009840697	0.0102961871	0.1634435011	-0.0285903255	0.0508120348	-0.1653045883	-0.1480501555	0.0662277952	-0.0224653273	-0.1913101033	0.0077799346	0.0929385967	-0.139632845	0.0252771994	-0.0691802334	0.004442593	0.0255091299	-0.0442487121	0.1673716519	0.1576076469	0.0476826359	0.1278330146	-0.024183874	0.0431961462	-0.0984246934	0.0039276614	-0.0636653191	0.0255415085	-0.1040987029	0.0238289155	0.065502637	-0.1158434568	-0.046565795	-0.0081047781	-0.0170296704	-0.1069666827	0.0490761556	0.0463229542	-0.1556202843	0.05936148	0.1291977164	0.0876018558	0.0177440239	0.0044827081	0.036186646	0.0273683889	0.0442613279	0.0328266733	-0.0203524276	-0.0361334289	-0.0202183624	-0.0202106359	0.1934129271	-0.0020682717	-0.1103695893	0.005098097	0.0362530174	-0.0891456152	-0.093702707	0.028759118	0.1122364555	0.0	0.0	0.0	0.0	0.0434531261056463	-0.0092041982877475	0.0018881741683532	8.471726612017407e-05	-0.0147417518777928	-0.0453391577699022	0.002055639227284	0.0002173192484264	-0.0102917309309162	-0.0017911379313915	3.2081750892694228e-06	0.0001059197255543	-0.0018821076215171	5.4068292206100026e-05	2.9233802220842173e-09	3.5423290989727558e-06	-0.0009922506747026	-0.0002374146393838	9.84561401447765e-07	5.636571099373983e-08	0.0007960669844193	-6.620319097289996e-05	4.382862494994262e-09	6.33722643682438e-07	0.0	0.0
1044.9684427467205	-0.759666849018231	1091959.046336506	0.5770937214972878	1607.2563812580515	-1.5181328185060463	2583273.075094728	2.3047272546251127	1027.2029432359632	0.2088293624708512	0.0436097026299821	1055145.8865926254	1068.4152983344277	1084.3249063856306	1.253448	25.265293	0.0941689056311795	0.0659460064208664	0.0353020279	0.1445219778	-0.0351370093	0.0303000831	-0.1160875213	0.0842673331	-0.0525289064	-0.0324005714	-0.0678224467	-0.0784959266	-0.0957931151	0.0577584429	0.0214027337	0.0528987183	-0.0143586126	0.0372198915	-0.0557619496	-0.0668940349	-0.1340981792	0.0287470831	0.0553617119	0.0366297337	-0.0009786225	0.0680350713	-0.0750629901	0.0434445214	-0.0154869297	-0.2208017458	-0.1396111492	-0.0565012372	0.0996527531	-0.0541713445	-0.0400452271	0.0373364625	-0.1029739105	-0.0930188291	-0.0029156491	-0.0073688091	0.0457938399	-0.097516256	0.0630361275	-0.0233509616	-0.0699712092	0.0312818087	-0.0552818626	0.0911751808	0.004038715	-0.0667207411	0.0433288993	-0.0030101702	-0.0814183707	-0.0626034846	0.0594165144	-0.0643718851	0.0270700329	0.0364935388	0.1273803294	0.070628979	0.1408055455	-0.0658025613	-0.1125275084	0.0068324953	-0.0285285848	0.0605282541	0.0669956681	-0.1462033507	-0.0475934815	0.0197896212	0.0389448376	-0.0093865906	0.0039425042	0.0745358079	-0.0269362541	-0.0653697308	0.0353286374	-0.064994657	-0.1119853919	0.1019653171	-0.0946933342	0.0514191491	0.0446769195	0.0472740075	-0.0573657267	0.1052464105	-0.1141237589	0.0889372349	0.0610716513	0.123202684	0.0321932279	-0.0866944017	-0.075676906	-0.0978144241	-0.0526446308	0.06063085	-0.1008625872	-0.0148503962	0.1354460902	-0.0583908323	-0.0399988269	0.0076690327	-0.0626288169	-0.0763784629	0.0572592163	0.1543046933	-0.1456580343	-0.0287867755	-0.038739774	0.089385869	-0.0109576067	-0.0161612278	-0.1069645501	-0.0684979427	-0.0501812828	0.0423687568	-0.0651635075	0.0263366295	-0.0515474019	-0.0251223768	-0.0548012256	0.0345636878	0.0237560441	0.0663879157	-0.1901377596	-0.0155494186	0.0169334108	-0.0330114883	0.1073291383	0.0230602074	0.0527594085	0.1688819018	-0.0314600235	-0.0405665962	-0.0325831387	0.0507425696	0.1005513923	0.0628010305	-0.0145520203	0.0573984987	-0.0200764073	0.0982215742	-0.0963557481	-0.1007522279	0.047773407	0.0695089851	-0.1022178079	0.0157250421	-0.0816403914	-0.0042059428	-0.0292514308	0.0105287435	-0.1531253883	-0.1269691176	0.0341282399	-0.0918039766	-0.0898235884	0.0373100838	0.112458753	0.0	0.0	0.0	0.0	0.0437197620290703	0.0002666359234239	0.0019114175918785	7.109471566016823e-08	0.045229640734604	0.0599713926123968	0.0035965679318702	0.0020457204009813	-0.0138735097945499	-0.0035817788636337	1.282913982797312e-05	0.0001924742740194	-0.001405170565609	0.000476937055908	2.274689552982861e-07	1.974504318453917e-06	-0.0009919690513897	2.816233128999715e-07	9.840025989149814e-07	7.931169036875527e-14	0.0006663036990058	-0.0001297632854135	1.6838510241305458e-08	4.4396061930881173e-07	0.0	0.0
1041.9759700456211	-2.9924727010993597	1085713.9221525132	8.954892866824895	1608.6929355174937	1.4365542594421186	2587892.960783891	2.0636881403212937	1025.7731521271087	-1.429791108854488	2.044302614959346	1052210.5596247844	1068.8263768026034	1070.1639831470875	1.324215	26.691721	0.0559904935730992	0.0318461437300449	0.0465708543	-0.0891016218	0.1036914247	0.0134465489	-0.0387458152	-0.0560969199	0.046636429	-0.0201526623	-0.0702515757	-0.106244188	-0.0088460296	0.1380228696	0.0918316523	0.1073583924	-0.1039633528	0.1137167921	0.0669096858	0.0518811955	-0.0201043977	-0.0584304797	0.0258410027	-0.0074350656	0.0387078167	-0.0382871724	-0.0202835988	0.1137067024	-0.0174316046	0.0316542151	-0.0320775755	-0.0704649529	0.0176537942	0.0101185509	0.0841866238	-0.0383772462	0.0372652618	0.1169330833	-0.0450383096	0.0883573582	-0.0706936269	0.0616120237	-0.1208936392	-0.1192863136	-0.1635570449	0.0041201867	-0.020578459	0.0334517977	0.0103645203	-0.0001952905	-0.0220588371	-0.0431060065	-0.0154629996	-0.1163342284	-0.0185162873	-0.211395022	0.1747832712	0.0215570095	-0.148075247	0.0713902015	0.0888678903	-0.0270588604	-0.070380749	-0.0270316318	0.0209487854	0.0060823488	-0.1035587114	-0.0606984753	0.0232830293	-0.1730779151	0.0366767127	-0.0044949698	0.1130761075	0.0084483381	0.1088783707	0.0743522241	0.0610956338	-0.0412702817	-0.0819704619	-0.0653864628	-0.0186635762	0.0015403628	0.0167298462	-0.0422143769	0.1206542378	-0.0142945001	0.0205009396	0.0618977373	0.0702706678	0.0710795062	-0.0514017462	0.0138296082	-0.0063669588	0.0205334813	0.1424146432	0.0057187641	0.0142720265	-0.1008892619	-0.0549118588	0.0783437548	0.0170298852	0.059584043	0.0324998115	0.0473461236	-0.1387556514	0.0286927102	-0.1203899421	-0.0442271316	0.0908230376	0.150408086	-0.1342053106	-0.0758183589	0.0114339411	-0.0018926288	0.116049333	0.0916098305	-0.1219437616	0.028781556	0.0532932711	-0.2250090735	0.034066455	-0.1073940605	0.0803476298	0.098724448	-0.1227054612	0.0668971773	-0.0269223801	0.001814056	-0.0165480827	0.0836932064	0.0161898118	-0.0858455355	-0.1551940904	0.0168014009	0.0702553074	-0.0721889589	0.0900662945	-0.0078181175	-0.0244062223	0.0389882926	-0.0104707699	-0.0092361691	-0.0761576104	0.0010046804	-0.0680053131	0.042142058	-0.0734511447	-0.0293638526	-0.0053636102	-0.0021534686	0.1251354763	0.0530862877	-0.1263861449	0.0139343259	0.0319899701	-0.094317177	-0.0856249559	0.0456251632	0.1115704417	0.0	0.0	0.0	0.0	0.0454766849086212	0.0017569228795509	0.002068128870278	3.086778004689445e-06	0.0223682434349825	-0.0228613972996214	0.0005226434864911	0.0005003383143666	-0.0030000579904481	0.0108734518041018	0.0001182319541361	9.000347946051491e-06	-0.0017421350846931	-0.0003369645190841	1.1354508712157885e-07	3.035034653318635e-06	-0.0009921453577221	-1.7630633239993677e-07	9.84352410849514e-07	3.108392284431699e-14	0.0007391373053858	7.283360638000004e-05	5.304734218316783e-09	5.463239562129814e-07	0.0	0.0
1043.341685901716	1.3657158560947664	1088561.8735402348	1.8651797995886608	1604.096318427553	-4.596617089940764	2573124.998792829	21.1288886715355	1027.0108928705572	1.237740743448512	1.5320021479924757	1054751.3740747792	1068.3416998945738	1067.115577742382	1.162886	23.439869	0.0658627482540036	0.0396562000555711	-0.0658788718	0.058402177	0.0963556246	-0.0256969753	0.0308974068	0.0698544549	-0.0728533107	-0.0650231361	0.1671361283	0.0748018143	-0.0548336086	0.0590520566	0.0376511852	0.1122999896	1.51848e-05	0.0581520432	0.0768789993	-0.0063531619	-0.0273260373	-0.0054214861	0.0539367435	0.1055081845	-0.0756848231	0.0568870004	0.079244643	-0.0833665698	0.0553441771	0.0172502206	0.0065816844	-0.0576554415	0.048561884	-0.0711767281	0.002942674	-0.0328767626	0.0888016301	-0.0033356116	-0.0565476143	-0.0246695036	-0.0399851171	-0.0850690821	0.0467032247	-0.1155730625	-0.0843523552	0.0439335528	-0.0550193627	0.0395081088	0.0496204145	-0.0352310909	-0.0720138807	-0.0312506422	0.0581299274	0.0391439203	-0.1015366162	-0.0132138052	0.0327779535	-0.022627133	-0.0615174717	-0.0300819914	-0.1886573807	-0.0140600704	-0.0939079421	-0.1143817413	-0.1136680818	-0.1714115483	-0.0240932474	0.0879926646	-0.0611040593	0.0716713164	-0.1294024011	0.0112708047	-0.0433285108	-0.0635842535	-0.015895174	-0.0525920239	0.0399652914	0.0338051587	-0.0707526015	-0.089759965	-0.0098932025	0.0181938663	0.0087851631	0.1066791452	-0.03363926	-0.0638775833	0.1339880789	0.029984603	-0.0660974735	0.012149766	-0.0137984281	-0.0363107637	-0.0018770756	0.0253203703	0.1928768562	0.0185605057	-0.032271228	0.0975731173	-0.0271030277	-0.0173963573	-0.0842087856	0.0205868088	-0.0368942882	0.0336850515	-0.0941196877	-0.0347787082	0.029222914	-0.0930644054	-0.1296641436	0.0967953471	0.027483545	0.03041317	-0.0293142584	0.1006645522	0.1647128869	0.0446206358	0.0461159129	0.0344789672	0.0467960441	0.0656125162	-0.0258223424	0.1824105086	0.0313584037	0.0750775141	0.02844364	-0.1565116794	-0.1127396873	0.0552647594	-0.0173748969	0.0758544921	0.0007617022	0.0342067136	0.0054824027	0.1329851033	-0.0041519227	-0.0203083185	0.0640835719	-0.0820367119	-0.1295235922	-0.009907139	-0.1279055265	-0.0477980545	0.1520623383	0.0095708296	-0.0221887642	-0.0288102004	0.0058873208	0.132951801	0.0463447051	-0.0746284325	-0.0298167663	0.0505091234	-0.1745570155	-0.1111786816	0.0298390534	-0.0966812426	-0.0811217445	0.0536517856	0.1095802943	0.0	0.0	0.0	0.0	0.0409092755268716	-0.0045674093817496	0.0016735688241334	2.0861228460494316e-05	0.0594869839688243	0.0371187405338418	0.0013778008988186	0.0035387012617071	-0.0089730546731203	-0.0059729966826722	3.567668937121311e-05	8.051571016680606e-05	-0.0019050370929617	-0.0001629020082685	2.6537064297943e-08	3.629166325559965e-06	-0.0009923969878378	-2.516301157000096e-07	9.848517814695387e-07	6.33177151272002e-14	0.0009400557001163	0.0002009183947304	4.0368201341080986e-08	8.837047193211469e-07	0.0	0.0
1045.638881304449	2.297195402732996	1093360.6700956193	5.277106718337611	1616.6371282821003	12.540809854547431	2613515.604540196	157.27191180791402	1027.9306342357593	0.9197413652020714	0.84592417886377	1056641.3888003302	1070.2277497518971	1060.004507706216	1.12789	22.734472	0.1321452196246423	0.080321869241636	0.0469907863	-0.0202426139	0.1337866148	0.0045215746	0.0918990896	0.0368615132	0.1350053893	0.0644204504	0.0627462985	0.130884949	-0.008659503	-0.0110577715	-0.099682859	-0.0587995534	-0.0116361833	0.0667050976	-0.1190770041	-0.0256615433	0.255682501	0.0422106871	-0.0322304242	0.0582591	0.0354291579	-0.1229720793	0.0782270843	0.0043208	0.0319033594	0.0782674779	0.0112087988	-0.2635584562	-0.0504666512	0.0575502427	0.0675983477	0.006125505	0.0064718061	-0.0126587254	0.098429178	-0.0516709784	0.0104031794	0.057926636	0.053619388	0.1257560444	0.036776736	0.0143012054	-0.0540423034	-0.1542565239	-0.1064543587	0.167071034	-0.0343809447	0.0659057069	-0.0238264647	0.0618182933	0.0419553671	0.0474397371	-0.1226070205	-0.0390418265	0.1330684483	-0.0463898339	-0.0714776736	-0.009838914	-0.0592367558	-0.0778794103	-0.0011656352	0.0242597996	0.0128566965	0.0601892336	0.0464183626	0.0968270815	0.1160943391	0.09344863	0.0886095826	0.0208568511	0.1193011421	-0.076886359	-0.0660726467	0.0370856993	0.1745993425	-0.0716159338	0.068676162	0.0416993158	-0.0579279374	0.0885891276	0.163003018	-0.0714930858	-0.0138243281	-0.0225139403	-0.0226030378	0.0350519411	0.0392049989	-0.0143777199	-0.1461390955	0.1994139362	-0.0440425309	0.0129089215	0.0963850262	-0.0634957821	0.0011979141	-0.073179134	0.0574183651	-0.0560950263	0.0027719368	0.1001579912	-0.0187235437	0.0262997865	0.1119927739	0.1253739576	0.0014348471	-0.151511528	-0.01368516	0.0420213378	-0.0064647551	-0.070223326	0.0255961357	0.00688405	0.0117382609	0.0037089481	0.0726770211	0.1542882821	-0.0168174132	0.1971112679	0.0529447377	-0.0310124497	0.0218095016	0.0198852422	0.0560394072	-0.1375271656	-0.0614519804	0.0525852596	0.0184298642	-0.098787577	0.133373247	-0.0452108847	-0.0492517833	-0.1678507726	-0.0152082595	-0.0859972923	-0.0124971276	-0.023970995	-0.0402114148	0.0004424802	-0.0269189446	-0.1283768349	0.0118919823	0.043948301	0.061243944	-0.0559093256	-0.0099262661	0.0330097002	0.0386849637	0.044110375	-0.0014102464	-0.0889287932	0.0276763402	-0.0988924352	-0.0763299729	0.0613392042	0.1065079649	0.0	0.0	0.0	0.0	0.0556628639779717	0.0147535884511001	0.0030983544262301	0.0002176683721844	-0.0152710327357397	-0.074758016704564	0.0055887610615998	0.000233204440816	-0.0292989443833135	-0.0203258897101932	0.0004131417925109	0.0008584281419764	-0.0017420425432116	0.0001629945497501	2.6567223248237865e-08	3.034712222359139e-06	-0.0008499421491841	0.0001424548386537	7.224016569596869e-07	2.0293381055851722e-08	0.0010807608068882	0.0001407051067719	1.9797927071691783e-08	1.1680439217056331e-06	0.0	0.0
1048.3685420711704	2.7296607667215085	1099076.600004431	7.451047901378653	1611.804523670927	-4.832604611173338	2597913.822526064	23.354067327933805	1029.344019996727	1.4133857609676852	1.9976593093062025	1059549.1115030225	1070.412743292475	1075.2548640801615	1.177973	23.743973	0.0714125453177673	0.0505159355602301	-0.0659610134	0.038354946	0.0808091868	-0.0706214954	0.0386716902	0.0914013516	-0.0576498708	0.2194368974	-0.0872854566	0.0706588846	0.0655637525	0.0037715902	0.0264518285	0.0222908047	0.17630373	0.0088068474	-0.0100407787	-0.1437135639	0.1044866972	0.0697904374	0.0057491832	-0.1039519003	0.0521068155	-0.0746719082	-0.0442753887	0.0650278505	-0.1047211155	-0.0047549009	0.0149907601	-0.0409516009	-0.0331544357	0.0493554491	0.0614268888	0.0159292293	0.0614559397	0.0303431234	-0.0876497788	-0.0262543327	0.0788802729	0.0433120842	0.0544098986	0.0499674876	0.0282342176	-0.013420261	0.1041619414	-0.0271030867	0.0099983157	-0.1206483433	-0.1346173475	-0.0044678268	-0.0215910308	0.0328947446	-0.0074104158	0.146900605	-0.0504944467	-0.1189597289	-0.0588707166	-0.0568520167	-0.098535935	0.0896570696	0.0377001617	-0.0212270729	-0.1047176918	0.0358035902	-0.1637948505	0.0234501958	-0.0502116931	0.081811141	0.0918465331	-0.0848621849	-0.0265128278	-0.0419007344	-0.0966382439	-0.1113125854	-0.14356209	0.1192521057	0.0418701685	-0.06237469	0.0878548653	0.0106725606	0.0201917516	-0.0486687208	0.0867162074	0.0489562137	-0.0588542234	-0.0826937486	0.1160886763	0.05381913	0.0356603071	0.0141671646	-0.0510098468	0.0092943531	0.0407014542	-0.0296571252	-0.006027282	-0.0068279688	-0.0822154651	-0.0283350552	0.1028635724	0.0006938816	-0.029096362	0.0308380788	0.0406959135	-0.1009933505	0.0341675526	-0.1586580603	0.0219947387	-0.0469184528	0.0695896881	-0.0549422491	0.2139114594	0.0012947502	0.0453361676	0.0303276815	-0.0470076236	0.042817923	0.0292771197	0.1322960937	-0.0417142493	-0.0388388937	0.0589839629	-0.1393384303	0.0625744889	-0.050160081	-0.063294545	0.0413959734	-0.0233454168	-0.106289957	-0.0409220098	0.0278426362	0.1081890364	-0.1032333929	-0.0823493628	-0.0036795999	0.0210971559	0.0318302506	-0.034846564	-0.0804432532	-0.0960828411	0.0792487698	0.181141739	0.0662771942	0.0170761026	0.0576237425	-0.1408905918	0.0122851866	0.12080285	-0.0333786238	0.1291806066	0.1600306473	0.0158972744	-0.0598019598	0.0255026853	-0.1009472586	-0.0712666859	0.0686388165	0.1023837949	0.0	0.0	0.0	0.0	0.066223509800551	0.0105606458225793	0.0043855532503036	0.0001115272401899	0.0334829208925384	0.0487539536282781	0.0023769479943882	0.0011211059914959	-0.0314704199906685	-0.0021714756073549	4.71530631333776e-06	0.000990387334389	-0.0018560051591887	-0.0001139626159771	1.2987477840343982e-08	3.444755150935072e-06	-0.0008640697119424	-1.4127562758299984e-05	7.466164670962221e-07	1.9958802948970462e-10	0.0011512000333439	7.043922645569994e-05	4.961684623677379e-09	1.3252615167709965e-06	0.0	0.0
1046.8969962219896	-1.4715458491807567	1095993.3206986245	2.1654471862411144	1611.1241178309665	-0.6804058399604855	2595720.92305661	0.4629521070523338	1028.5957249769274	-0.7482950197995706	0.5599454366568397	1058009.1654408108	1070.583321639764	1083.7798438466762	1.148917	23.158304	0.031888189189873	0.0139762375989134	0.0577575138	-0.0585196134	0.1190467891	0.0523770614	-0.0947572752	-0.0656896816	0.0560465727	0.0446431756	-0.0477878923	-0.0809438897	-0.1746381375	-0.1715943652	-0.1170483397	0.0548748934	0.2377093783	0.1324718521	-0.0230568532	0.0540843908	0.0334114151	-0.0031200246	-0.1229273839	-0.0713914762	0.0789123068	0.0289037652	0.1106622831	0.0373611411	-0.2005455802	-0.0640015913	-0.1217173111	0.1811904207	-0.0082482883	0.1638768427	0.0592044004	0.0823989257	0.0633709242	0.0677047949	0.0545651652	-0.035180001	0.0033923218	-0.0043720083	0.0689837497	-0.0434618598	-0.0220565806	-0.0068186381	-0.0122039589	0.0131607097	-0.0170593668	0.0046297743	0.0736545925	0.0616657067	0.0231303836	0.0165545002	-0.0061488661	-0.0399608126	0.0678231876	0.0231554551	0.029372395	-0.0267572354	0.0275248636	0.0042405094	-0.0400737363	0.0470617036	0.0503118688	0.0445602298	0.003988868	-0.0004408859	-0.0255659812	-0.0486529336	0.0422113834	0.0939090362	-0.1203728345	-0.0393589234	0.0163709743	0.0223123768	-0.2692737648	-0.0123147099	-0.0515628295	-0.0107603647	0.0465133542	-0.0415296554	-0.1166806792	-0.0601337437	-0.0008270632	-0.1037453747	-0.1935127915	-0.0979560882	0.0526192276	0.1174724027	-0.0418307276	0.0070071817	0.2137076424	-0.0609353617	-0.0248855376	0.0419951398	0.049465175	0.0285295349	-0.1024820129	-0.0290406579	0.0551704183	0.0030099919	-0.0385497482	-0.0836323948	0.0464066969	0.0231468108	-0.0900549244	0.0217346354	-0.0069674898	-0.0209258546	-0.105033227	0.0024270803	-0.0662291255	-0.011100546	-0.0148757473	-0.0039661281	0.0055172217	0.1075702482	-0.0125212014	-0.027208473	0.0127676581	0.0016974956	-0.001397132	-0.016637289	-0.0230401451	0.0097914064	0.0809316069	0.024932894	-0.035177692	0.0698766573	0.0043274015	-0.04279807	0.0332393503	-0.1743242917	-0.0399994143	-0.0012524946	0.163525306	0.1095042306	-0.055376552	-0.0490714113	5.11426e-05	0.004457268	-0.0831943363	-0.0202753734	0.0508417218	0.0870940511	-0.1139300477	-0.0081713208	0.1584295854	0.1260253006	0.1564444652	0.0717258135	0.0018637971	0.020636341	0.0233189482	-0.1028424637	-0.0659498943	0.0755044722	0.0972485133	0.0	0.0	0.0	0.0	0.0642153355224053	-0.0020081742781457	0.004123609316255	4.032763931406013e-06	0.0413091873458455	0.0078262664533071	6.125044659816018e-05	0.0017064489591741	-0.0279367622703432	0.0035336577203252	1.2486736884414583e-05	0.0007804626861496	-0.0017419892162423	0.0001140159429463	1.2999635245956709e-08	3.034526429504463e-06	-0.0009923927227635	-0.0001283230108211	9.84843316193953e-07	1.6466795106192162e-08	0.0010231371723495	-0.0001280628609943	1.6400096366070986e-08	1.0468096734433306e-06	0.0	0.0
1044.2391057932325	-2.657890428757128	1090435.31006785	7.064381531278748	1613.7902196924738	2.6661018615072862	2604318.8731750827	7.108099135932616	1028.10060374501	-0.4951212319174374	0.2451450342954408	1056990.851420854	1069.716689458283	1084.9102044483247	1.27398	25.679157	0.0487662227514545	0.0349944480888468	-0.1206894349	0.04756399	0.0025663393	0.0377713038	-0.0921084783	-0.0627206119	-0.1490764013	-0.0934492644	-0.1360096593	-0.0187000867	-0.0835437997	0.0175542441	0.0323636765	-0.0580729954	0.1814178366	-0.053541535	-0.0055876307	0.0295485052	-0.1584145044	0.0213788263	0.0904193707	0.0986759341	-0.0328003545	0.1351494165	0.0432702399	0.0028051129	0.056702386	0.0587932093	0.0645522905	0.0604661025	-0.0800715605	0.1856269866	0.133668968	-0.0518493061	0.0195119192	0.0041251727	-0.0973502546	-0.0615871033	0.093569449	-0.1827908535	0.0705194529	0.0338615976	0.12620255	-0.0581075323	0.0285379512	-0.016992243	0.0741473766	-0.0578939044	-0.0264394726	0.0634313152	0.0801807102	0.0348410582	-0.0431164016	-0.0847618307	-0.0922972145	-0.0240017847	0.1063024057	-0.010953527	-0.0065825589	0.0279752564	0.0314200678	0.0659179813	0.0071200777	-0.0422009861	-0.0077719412	0.0198648165	0.0453282232	-0.0053502539	0.0018675597	0.005584532	0.015691604	0.1377472342	-0.1169266193	0.0761377645	-0.1025155694	0.0328203564	-0.1363720005	0.1567451949	-0.048935046	-0.0131678887	0.1082793946	0.0883752221	-0.0265345114	-0.1041065929	0.0658782822	-0.0712823605	0.0252119258	0.0169214517	0.0925453656	0.1370341249	0.1021989907	0.0670421109	0.0928190984	-0.0988060043	-0.0917675165	0.0645137064	-0.0537123087	0.0150304823	0.1075512863	-0.0579327407	0.0248581931	-0.0518052639	0.1336117763	-0.0369080428	-0.0455401979	-0.0141954638	-0.1158707776	0.0108286752	0.0264491961	0.0736558733	-0.0171212517	-0.1562100085	-0.0679041773	0.0176960892	0.098696606	-0.0365399331	-0.0436266213	0.0311164237	0.0210900121	-0.0355130041	0.0850149609	0.0033531203	0.0815910322	-0.0109939468	0.0483081012	-0.0074499552	-0.045564041	-0.0205949165	-0.1171207835	0.1234249381	-0.0295048866	-0.0688288102	0.0531871623	-0.0639305265	-0.0377083719	0.0697068712	-0.0350415288	-0.0336348191	0.1294454085	-0.0331246732	0.0270815498	0.0465289666	0.0660758553	0.0532436858	0.0042028896	-0.0431988976	0.04985049	0.0707674542	0.0362571704	0.2349319013	-0.0386853293	-0.0699969405	0.0211259922	-0.1045750536	-0.0603985106	0.0818927643	0.0911528348	0.0	0.0	0.0	0.0	0.0663207418525928	0.0021054063301875	0.0043984407998782	4.432735815193623e-06	0.0074792625493103	-0.0338299247965352	0.0011444638117392	5.593936828151561e-05	-0.0206608646017514	0.0072758976685918	5.293868688381959e-05	0.0004268713260919	-0.0017850279603917	-4.303874414939989e-05	1.8523334979575031e-09	3.1863248193801524e-06	-0.0009923535046487	3.921811479994791e-08	9.847654781885576e-07	1.5380605284618937e-15	0.0009551152554909	-6.802191685860003e-05	4.626981173118296e-09	9.122451512714472e-07	0.0	0.0
1040.1855176423546	-4.053588150877886	1081985.9111128931	16.431576896937596	1610.0285667460016	-3.761652946472168	2592191.9857381843	14.150032889702745	1024.1504546817318	-3.950149063278104	15.603677622116884	1048884.153824798	1066.980567485927	1074.6216310574237	1.302923	26.262548	0.0390614902821398	0.0179750062058708	0.0953312088	-0.0097389923	0.0547080821	0.1311489316	-0.0296392161	-0.0777026636	0.0521832637	-0.1049424339	-0.0881981043	-0.0825472399	0.0293132647	0.0992419085	-0.0119118282	0.0309774162	-0.1545338979	0.1156501107	0.0744874475	0.0616994557	-0.1108907115	0.0631508179	0.168943346	-0.0177026367	-0.0911809008	0.0113965444	0.0192868172	0.0514656507	-0.0307979866	0.1247611154	0.0405208712	0.1064200729	0.0242465319	0.047792003	0.0229273822	0.1643651761	-0.0593300986	0.0027579271	-0.0155154245	-0.1666728913	-0.0550204556	-0.1377170933	-0.0230798289	0.0810557473	-0.0554471018	-0.005654041	0.0302676323	-0.0704134179	-0.0350331054	-0.0477962048	-0.0579745208	-0.1491239255	-0.0325338103	-0.0795969796	-0.0816534524	0.0050869936	0.0614819363	0.1704160205	-0.1478774932	-0.0323358713	-0.1833441569	0.0744751847	0.0443110461	0.0331983258	0.1136940036	-0.0810905927	-0.071759597	0.0270692898	0.088926438	0.027366067	-0.026385389	0.0467253659	0.0206573725	-0.0002553718	0.1208044102	0.0841171599	0.094906571	-0.1447474982	-0.1623164627	0.0177233569	0.0836559443	0.0751110975	0.1717712153	-0.0151419213	0.0492628622	-0.0996465067	0.0499485468	-0.057757227	0.0602480066	-0.0747045947	0.042231529	-0.0210288058	0.0535545342	-0.0900714683	-0.0226550235	-0.1545822467	-0.0241792725	0.0437364669	-0.1073903954	-0.0366908401	0.0079926793	-0.176885305	0.0525478779	0.0192698646	0.0223784576	-0.0308099709	0.1063592922	-0.003126889	0.0504120656	0.1576922915	0.0050781182	-0.0715180751	0.0072871983	0.1600047314	0.1281813278	-0.0040004756	-0.0533222419	0.0404548894	0.1051966124	-0.1158365815	0.0118818704	0.0305686981	0.0302995627	-0.095177717	0.2084098035	-0.0229482016	0.0086589292	0.0672236747	0.0525440068	-0.06646026	0.083181555	0.003259937	-0.1454880929	-0.0202610817	0.1108064518	-0.0788182999	0.0376994461	-0.0800491066	0.0327383126	-0.0707179635	0.0284927475	-0.0749083079	0.0238565265	0.0048752221	0.008916307	0.0879678035	0.1333901238	0.0568551229	-0.0763992083	0.0033780755	-0.0255018237	0.1326440047	-0.0256663357	0.0086842568	0.0189246842	-0.1061422889	-0.0546322818	0.0877633039	0.0841569582	0.0	0.0	0.0	0.0	0.0617768888601091	-0.0045438529924837	0.0038163839972342	2.064660001730314e-05	0.0098262889479343	0.0023470263986239	5.508532915837942e-06	9.655595448829576e-05	-0.0123116080036993	0.0083492565980521	6.971008574011653e-05	0.0001515756916367	-0.001517118819893	0.0002679091404986	7.177530756275214e-08	2.3016495136735293e-06	-0.0009031352723876	8.921823226110007e-05	8.156533202306245e-07	7.959892967795598e-09	0.0008358155423911	-0.0001192997130998	1.42324215456946e-08	6.985876209025286e-07	0.0	0.0
1040.762198287651	0.576680645296392	1083185.9533845438	0.332560566659463	1603.6709893206332	-6.35757742536839	2571760.6419886183	40.41879071955377	1025.5349356917498	1.3844810100179077	1.916787667100205	1051721.9043242813	1067.348978912843	1059.9585339100402	1.351391	27.239504	0.0179270993703906	0.0107683087768915	-0.1205262834	0.0308683956	0.0526026336	-0.0708942053	0.0446435951	0.0341470001	-0.1081024228	-0.1002141216	0.1227279355	-0.0042751299	-0.0446452747	-0.0375011363	0.0926347813	-0.0069212058	-0.1540604731	-0.1592751886	-0.0220154083	-0.1127804723	0.0852674429	0.1049697905	0.0980581103	0.066688814	0.0396338488	0.1178258467	0.0142048869	0.1624735515	-0.0756048954	-0.0438888191	-0.0011736571	-0.0094671355	-0.0626901889	-0.0411523155	-0.1684603644	0.0278840633	0.0236172645	-0.0401355112	-0.0210225786	-0.087559356	0.1133854331	-0.0154671099	-0.058280918	-0.0236585274	-0.0122960285	-0.0725473746	0.1138213144	0.0100829303	-0.0181571337	0.0450239634	0.0301754359	-0.0495710105	0.0530993869	0.1025646867	-0.0234870261	-0.168622102	-0.0923948625	-0.0152365843	-0.0099767	-0.054101873	-0.0489651077	-0.1347916765	-0.0206533498	0.0859839424	-0.1165179614	0.0279059739	0.0805781413	0.0704734448	0.0112353535	-0.1104155672	0.0022118563	0.0863432425	0.0664815624	0.0149622613	-0.0687167837	-0.0304060891	0.2078891453	0.0328704337	0.1311844526	-0.001523057	-0.0901182277	0.0774333986	0.1382900152	0.0705059185	0.002027549	-0.0421881572	-0.1075898783	-0.0158935679	0.0884539426	-0.0114737577	-0.0106098988	0.1270841578	-0.048958032	-0.12769622	-0.0777034771	0.0508888924	-0.0145024925	0.0756672962	-0.0023164778	-0.1181831437	0.067521014	0.0010732374	0.042179493	0.0269229994	-0.0148175503	-0.1415055707	-0.0453715161	0.0080044068	-0.0921872359	0.1071905334	-0.0470252285	0.1942533622	0.0295551376	-0.0394392852	-0.0206626786	0.0718315557	-0.0839629512	-0.0824059667	-0.0421157938	-0.014627919	0.034785163	0.0531499831	-0.1182946338	0.0788527438	0.0378154129	0.1138018838	-0.0656847498	-0.0749799114	-0.1109978154	0.0702428024	-0.0682478143	0.0316533714	-0.0391137688	0.1440809164	0.0463619868	-0.1322552341	-0.0280829992	-0.0262041273	-0.0672756408	-0.0602465428	-0.071067158	-0.0347118946	0.1226117697	0.0024868702	-0.0647124891	-0.0299504635	-0.0028542578	0.1323835352	0.010337893	0.1198126789	-0.0377570512	-0.0091301597	-0.2325600331	0.016600328	0.0167158945	-0.1075416914	-0.048671719	0.0930789757	0.0763299729	0.0	0.0	0.0	0.0	0.0618017468914757	2.485803136660636e-05	0.003819455918838	6.179217234231855e-10	0.019735159547082	0.0099088705991477	9.81857165506537e-05	0.0003894765223487	-0.012188961032308	0.0001226469713912	1.504227959145825e-08	0.0001485707710471	-0.0015951173613849	-7.799854149189984e-05	6.083772474863621e-09	2.544399396591525e-06	-0.0008747080390156	2.8427233372000036e-05	7.651141535185164e-07	8.081075971861523e-10	0.0008868042428969	5.0988700505800034e-05	2.5998475792701726e-09	7.86421765219944e-07	0.0	0.0
1040.607188925851	-0.1550093618000119	1082863.3216441618	0.0240279022456469	1612.38616612617	8.715176805536885	2599789.148715049	75.9543067517681	1024.206533370804	-1.32840232094577	1.7646527262941087	1048999.02299944	1067.0861934572845	1061.959859200852	1.372824	27.671522	0.0396245263365555	0.0186259986854694	0.1152963255	0.0065247976	0.0265091585	0.0912530108	0.102038324	0.0206048144	0.1266088719	-0.0054649992	0.1074380382	0.0852083677	-0.0633808015	0.05747998	-0.0128105146	-0.0068343801	-0.1909007391	0.0061086913	-0.1673935849	-0.0448844907	-0.0164263457	0.1606194482	0.1783782139	-0.1298408191	-0.0574361193	-0.0212673372	0.0561058589	-0.069104572	0.1013846792	0.1145184139	0.0710504217	-0.0095657124	0.1438733775	-0.1947554662	-0.0452709237	-0.1128692349	0.0499925673	0.0071114905	-0.0476226151	-0.0085061336	-0.0174451021	0.0624881501	-0.0120588068	0.0710662188	-0.000954078	-0.0755826186	0.0171385997	0.0749068682	-0.0341882074	-0.0277778146	-0.0373683178	-0.0657047502	0.0676093626	-0.0501687618	0.0592400084	0.0472664238	0.0489505286	-0.0512892083	0.0394129824	0.0104203987	0.1218941203	0.1044098938	-0.0371589378	-0.0824466667	-0.0593859526	-0.0875326234	0.0419396756	0.1404440057	0.0337331315	0.0810915075	0.1161869588	0.0026540794	0.0104542458	-0.016478157	0.1556632208	-0.0878685096	0.1039448408	-0.0021512291	0.1506750405	0.0752010343	0.1386618272	0.097528454	0.2348832134	-0.0888574698	-0.022277683	0.0381750104	0.1122716797	0.0218781586	-0.1019931257	-0.1706009317	0.0170729926	-0.0701500222	-0.1251722147	-0.0663162162	0.1152343077	0.0780626274	0.0157635284	0.0571874306	0.0335471112	0.1206222075	0.0444192073	-0.0199461494	-0.109581666	-0.0004879032	-0.0341135978	-0.0017929297	0.0063459443	0.0665525679	-0.0429407086	0.0752331347	0.1030647523	-0.1076369757	0.032319489	-0.0054375702	-0.0928985005	-0.0030863754	0.0090799057	0.0507079764	0.0017310441	0.0399624864	-0.1074416958	0.0027129555	0.0237309247	0.0637332132	0.0329698718	-0.1102724999	0.013857748	0.0205795147	-0.0603295645	-0.0703932465	0.1234112776	-0.0521545106	0.0278762177	0.0482455537	0.0270367495	-0.1030001765	-0.0143777808	-0.1700627114	0.0522430479	-0.121586691	0.0876585879	-0.0266447005	0.0890937813	-0.0717133359	0.0954157996	0.0752206079	0.1271375672	0.0566910261	0.10383937	0.0851724548	-0.110803911	0.0365348723	-0.0613430759	0.0716355317	0.0145004964	-0.1087710484	-0.0425380248	0.0978061723	0.0677491758	0.0	0.0	0.0	0.0	0.0491605956359961	-0.0126411512554796	0.0024167641632859	0.0001597987050639	0.0132431439359521	-0.0064920156111299	4.2146266695154336e-05	0.0001753808613083	-0.023027580682239	-0.010838619649931	0.0001174756759158	0.000530269472077	-0.0015950287007764	8.866060849984508e-08	7.860703499562803e-15	2.544116556300451e-06	-0.0009922688870125	-0.0001175608479969	9.845975441330255e-07	1.3820552981750248e-08	0.0009622095306918	7.540528779489996e-05	5.685957427431689e-09	9.25847180954134e-07	0.0	0.0
1040.821843062928	0.2146541370771046	1083310.1089969105	0.0460763985643164	1608.6442647893375	-3.7419013368325977	2587736.3706396283	14.00182561458958	1025.1711500901442	0.9646167193402562	0.9304854152307586	1050975.886977149	1067.5156704935528	1066.3548960578069	1.327669	26.761343	0.1093181569994602	0.0730996182196804	-0.1011906481	-0.0556114306	-0.0733186518	0.0535726844	0.0997018233	-0.0293458253	-0.0391609983	0.0988612069	0.119812989	0.0632959068	0.1233697161	0.1390629354	0.0287065473	0.1127771762	-0.0557884607	-0.0921595684	0.1389997532	0.0048218822	-0.0342504367	0.0861332636	-0.004303681	-0.0470337239	-0.0281803507	0.0460481376	-0.0243588334	0.0892358807	0.0861472304	0.0077456308	-0.0209186111	0.0480862656	-0.1368520564	0.0251013581	0.0185537477	-0.139572672	0.0367444648	-0.0515895819	-0.0315354671	0.0728599774	-0.0687736229	0.1087979592	0.0608202894	0.0850609654	-0.0686846517	-0.0524394324	0.0155993308	-0.0152586633	-0.0522416425	0.1148928391	-0.0956490784	-0.0005391299	-0.0499189584	-0.2181278993	-0.1268724619	0.1506258796	-0.1438559389	0.0293687601	-0.0776467227	-0.0019943771	0.1609793806	-0.2014779715	0.0644299145	-0.0189215491	-0.0378564491	-0.0100663191	0.0552757351	0.1028395169	-0.0207299401	0.0207788109	-0.0050808519	-0.0927833107	-0.0233111659	-0.1710761522	-0.0487359456	0.0200761316	0.0948683747	0.1254338228	0.0343675117	-0.1136148105	0.0614585483	0.0725515982	0.0429248787	-0.1094281181	-0.1525376838	0.0381048494	0.0336010867	0.1451347753	-0.0296068013	-0.0310962977	-0.070252424	0.1264950528	0.1041648441	0.1225042461	0.0454668261	0.0801361194	-0.0497593395	-0.0892405475	0.0113272273	0.0056772832	0.051361033	-0.0841453523	-0.1330916897	0.124727302	0.0198514901	-0.0279517585	0.1137693485	-0.006653245	-0.003176121	0.0102285556	-0.069638637	-0.0750542096	0.1885249604	-0.1091332384	0.0715336099	-0.2322594712	-0.0650083771	-0.1221721122	-0.1028205892	-0.165643526	0.0388534633	0.0486271886	-0.0030400852	0.007466293	0.0082152453	-0.0996344287	-0.0736673804	0.0433346124	0.0108320687	0.0125774261	-0.1087827531	-0.0432223693	0.1032074947	0.0721421397	0.0852265464	0.109291427	0.099274559	-0.0783625339	0.10595356	0.0228278664	-0.0644586477	-0.0551607936	0.0345749254	0.0068029265	-0.0709321463	0.0420606733	0.0269090272	0.0452701537	0.101510466	0.1747112904	-0.0758739814	-0.0377481003	0.1206627061	0.0187714471	0.0122793656	-0.1098284161	-0.0362530174	0.1019150067	0.0584993082	0.0	0.0	0.0	0.0	0.0511856311895257	0.0020250355535296	0.0026199688402701	4.100768993058956e-06	0.0796997979277875	0.0664566539918354	0.0044164868597905	0.0063520577897301	-0.0120664508362438	0.0109611298459952	0.0001201463675007	0.0001455992357834	-0.0021610100493686	-0.0005659813485921	3.2033488695424535e-07	4.669964433472079e-06	-0.0009930751064863	-8.06219473799925e-07	9.86198167122776e-07	6.49989839934228e-13	0.0009929287147878	3.071918409600007e-05	9.436682715239434e-10	9.859074326501524e-07	0.0	0.0
1041.3982208429709	0.5763777800427761	1084510.2543749053	0.3322113453270388	1607.1348521049986	-1.5094126843389404	2582882.4328505555	2.278326651643286	1026.313526061341	1.1423759711967705	1.3050228595677646	1053319.453776463	1067.5226514107967	1055.8356376045526	1.411331	28.447681	0.0911853476507084	0.0403916213535094	0.0826531519	0.1262833271	-0.1164666679	-0.1007874228	0.0881579533	0.1603858996	0.013153165	0.1245410714	-0.1399655398	0.0201537755	0.1752328011	0.0795361123	-0.1478068051	-0.0047016063	0.0591415109	0.0120098373	-0.0651882396	-0.0714979314	-0.0629241745	0.10853442	-0.0752263023	-0.1175140467	-0.0729310361	0.1239313649	0.1271873259	-0.1494250595	0.0671151832	0.100917863	-0.0312207183	-0.1000182859	-0.1471447364	-0.0946045389	-0.0263224207	-0.0515594232	-0.082367935	0.0043406725	0.0807872755	-0.0234527358	0.0265995111	-0.0167429511	0.0576738281	-0.037114458	0.0569591379	0.0071351574	-0.0688334091	-0.0470604928	-0.0069602338	-0.0774200522	-0.0201454335	-0.0888686825	-0.0669938498	-0.0476753862	0.0502958521	-0.0634317977	-0.0137176451	-0.0975384516	-0.0192159289	0.1048846032	-0.0617779646	-0.2029859728	-0.0603996122	-0.1181076302	-0.1321838291	0.0826106145	0.068786911	-0.0106763278	0.0427552791	-0.0331064783	-0.0235042033	-0.024687423	-0.1676217176	0.0171692658	-0.0306200254	-0.1603654813	-0.0573797643	0.0311224048	0.0074838586	0.0366004755	0.0182068434	0.0211786791	0.0173072864	-0.1276693636	-0.1921762737	-0.1119935638	0.0797918913	-0.0459720509	-0.1202150602	0.0392198423	0.0098711883	-0.0530126875	-0.1011518631	0.1595750839	-0.1579828901	-0.0140648928	-0.0794350989	0.0864068749	0.0254479541	0.0139908859	-0.0127266178	0.0321459276	0.0071013091	0.0437985117	0.0670265155	0.0503769939	0.0004175096	-0.0430720183	0.0664346665	0.1010679375	0.0714302873	-0.0121738815	-0.0504717303	-0.0458142321	0.0615546682	0.0682655458	-0.0198177766	-0.1007895353	-0.0821783749	0.0096538941	0.0591644526	0.1618517068	-0.0106039828	0.0013549483	-0.1571513964	0.0108747347	0.0072438459	-0.106344992	0.1095260975	-0.0752719323	0.1126380424	0.0871718379	0.1248088886	-0.0230963428	0.0712188395	0.0750501061	-0.0878821817	0.08477096	0.0266549293	-0.01192595	-0.0478294472	0.0107779534	-0.0590647397	-0.1216481581	-0.0106107786	-0.0949091551	-0.0428355296	0.075131097	-0.0716570134	0.1402981827	0.0051098653	0.0422884017	0.1689094896	0.0733832948	0.0100533803	-0.1107121224	-0.0298390534	0.1053795017	0.048671719	0.0	0.0	0.0	0.0	0.0618361763758912	0.0106505451863654	0.0038237127087903	0.0001134341127668	0.0627811675828553	-0.0169186303449321	0.0002862400527484	0.0039414750030665	-0.0272348910126396	-0.0151684401763957	0.0002300815773848	0.0007417392884703	-0.001655714844864	0.0005052952045046	2.5532324369534565e-07	2.7413916475030194e-06	-0.0008560521626379	0.0001370229438483	7.328253051570257e-07	1.8775287140881762e-08	0.0006662922242805	-0.0003266364905073	1.0669139693092553e-07	4.439453281366561e-07	0.0	0.0
1044.220935115523	2.822714272552048	1090397.3613335371	7.967715864469038	1596.8350973738002	-10.29975473119839	2549882.328204794	106.08494752284363	1027.597952602512	1.2844265411708875	1.6497515396642095	1055957.5521928745	1068.291365752151	1069.3132583053273	1.37394	27.69401	0.095061042820267	0.0389491161626645	-0.0077518846	-0.1331946235	-0.0875270363	-0.1151763718	0.0991960974	-0.0167699026	0.0200834945	0.1312933251	0.0792379187	-0.1759790619	-0.0107508932	-0.1908164007	0.0998796909	-0.0513840478	0.1197603524	-0.0434330583	-0.0280970967	-0.0021009363	0.0448448018	-0.1888863488	-0.0305766097	0.0615859525	-0.0051172316	0.1002679548	-0.0041109828	0.0349903852	-0.1223827343	0.18192953	-0.0505495726	0.0433231629	0.0146716338	-0.0899791598	-0.0162347967	-0.0836968557	-0.1232380537	-0.0373684735	0.1091159346	-0.0283498593	0.1764269491	0.1189527827	0.134860347	-0.0224005258	0.0637017686	0.0255023258	-0.0638818135	0.006152597	-0.04500608	-0.0451474017	-0.0356670789	-0.0246957181	-0.0816544053	0.0150399225	0.0133493369	-0.1284095371	0.0680076996	0.1336533952	-0.0546146163	-0.0270547269	0.019706905	0.0676306964	0.08755677	-0.086402076	0.0134860677	0.0424811881	0.109550882	-0.0986644083	-0.0048329722	0.0007465023	-0.029445013	-0.0425587703	0.105882772	-0.0293267603	-0.1366808332	-0.0038112676	-0.1133077857	-0.2341852423	0.0816533159	-0.0385795739	-0.1591796297	-0.0639272985	-0.041720946	-0.009077738	0.0424496052	-0.0818662409	0.0270067904	-0.0954105454	0.034755629	-0.13944932	-0.1282120054	-0.1056654892	0.0010789111	0.0665948858	-0.101244087	0.0830041254	-0.0930186124	0.0416012733	0.0540220036	-0.0084365696	0.0804484744	0.1445807336	-0.0964463541	-0.0435544754	0.1507476119	0.0448447451	-5.33256e-05	0.0657131505	0.0449697974	-0.0381095579	0.0485698866	-0.0178351119	0.0311430688	0.0044426231	0.0992255645	0.094928711	0.0475588623	-0.0167094918	0.0794073422	-0.1026289971	-0.0936826617	-0.0777210434	-0.1439715814	0.0530516319	-0.0484442682	0.0392242621	-0.0206564722	1.80847e-05	0.004059771	0.0492954272	-0.0710644011	-0.1189163026	-0.0760484828	-0.0559930862	0.0113640933	0.1505944614	-0.1044435813	0.0582998256	-0.0664418303	-0.0093722443	0.0316974723	0.0558489598	-0.0141935279	-0.1332087168	0.0555281735	-0.0884350924	0.0169482926	-0.1036612231	0.1427541355	0.1179468191	0.0060381712	-0.0393102559	-0.0223069276	0.0980046729	0.0078234205	-0.1114207701	-0.0233189482	0.1081777535	0.0383634626	0.0	0.0	0.0	0.0	0.0526435031547407	-0.0091926732211504	0.0027713384244031	8.45052409508575e-05	0.0841153501827989	0.0213341825999436	0.0004551473472077	0.0070753921363748	-0.0478326507712125	-0.0205977597585729	0.0004242677070718	0.0022879624798007	-0.0019559544910054	-0.0003002396461414	9.014384511511324e-08	3.825757970884194e-06	-0.0011369440685475	-0.0002808919059095	1.292641815005342e-06	7.89002628055275e-08	0.0009638892170415	0.000297596992761	8.856397010039072e-08	9.29082422728876e-07	0.0	0.0
1043.9611822116944	-0.2597529038284847	1089854.9499648388	0.06747157104733	1606.622720190819	9.787622817018928	2581236.565033347	95.79756040822951	1026.7246818056212	-0.8732707968906652	0.7626018847020575	1054163.572228854	1067.758962619686	1080.2666685451293	1.394527	28.108971	0.1150638720965324	0.0620284930930069	-0.0457305082	0.1327128617	0.0116495454	-0.0493524713	-0.1368138649	0.0440415808	-0.0596340288	0.0384473353	-0.0801964646	0.0037002872	-0.0938533825	-0.1219614496	0.10194751	0.0048564911	0.0804016644	0.0089635173	-0.0478536085	-0.1081751552	-0.088690712	-0.0212051391	-0.0263063901	0.137669522	0.0866402189	-0.0299726499	-0.0413911427	0.0770938065	-0.0568172436	0.0593714645	0.0018208633	0.0658866787	-0.0571582945	0.0307882738	-0.0541686144	0.0175971456	-0.0933623796	-0.1114814557	-0.0473199255	0.0409301338	0.0186165663	0.0370575771	-0.1006793542	-0.0319493667	0.0119478556	-0.0297704816	-0.0285183384	-0.0276651701	-0.0017843028	-0.0473309282	0.0372943899	0.1073525314	-0.1059329686	0.0666089964	-0.0947998353	0.0486939139	0.0896274364	0.0012619938	-0.1322606656	0.0157792628	0.0310507617	-0.0643196935	0.1322482135	0.0113633866	-0.0067632839	-0.0908800349	0.0322779341	-0.1890819676	-0.0336951151	0.125919598	-0.2339056649	0.0288029693	-0.0812705978	0.0714946738	-0.0979683942	-0.0675460417	-0.052215065	0.0005738845	-0.0715615662	0.0812298178	-0.0787944201	0.0042975577	-0.0293417527	0.0476559074	0.1229281445	0.0113275948	-0.0892581903	-0.0328003573	0.0051649071	-0.0887114854	-0.0878593071	0.1212799544	0.0121487701	-0.0294236684	-0.0846158231	-0.0404997071	-0.0521049197	-0.0236363969	0.093604748	-0.0588164562	-0.0848207278	0.0848938697	-0.0090211597	0.0094618839	-0.0476613939	-0.051122073	0.0435471696	0.0187289417	0.0380937723	-0.077837443	0.0320795851	0.0201919591	0.1035510606	0.0537558153	0.025669821	-0.0460559034	0.1099742528	-0.0292638479	-0.0690509758	-0.0289166348	0.002946891	-0.0383068321	-0.1240141857	-0.017221073	-0.091177773	-0.1600314853	0.1027333261	0.0153171219	0.1982520328	0.0258446906	0.0183022007	0.1551815303	-0.0734005586	-0.0220609875	-0.1309701856	-0.0302597321	0.0244967803	0.0570658989	-0.1100278392	0.0324794783	0.0776818078	0.0781215496	-0.0225878047	-0.0605056067	0.038464623	-0.1167576591	0.049279907	-0.2576210211	0.1049663345	0.0849113807	-0.1832324703	-0.1131421674	0.0218433759	-0.0207556795	0.0055903678	-0.1119532386	-0.0167158945	0.1102920707	0.0276763402	0.0	0.0	0.0	0.0	0.0571934375625318	0.004549934407791	0.0032710893002192	2.070190311520133e-05	0.0422022851495995	-0.0419130650331994	0.0017567050204772	0.0017810328718481	-0.0584199658044894	-0.0105873150332769	0.0001120912396138	0.0034128924045977	-0.001113106218853	0.0008428482721524	7.103932098702865e-07	1.2390054544492229e-06	-0.0009739518980453	0.0001629921705021	9.485822997060426e-07	2.6566447645018188e-08	0.0008094585072508	-0.0001544307097906	2.3848844126459392e-08	6.552230749606935e-07	0.0	0.0
1040.423491849266	-3.5376903624285205	1082481.0423918194	12.515253100419637	1617.5320340420335	10.909313851214392	2616409.881152158	119.0131287042982	1024.7156062098911	-2.00907559573011	4.036384749358295	1050042.0736101046	1068.0969927381236	1079.4294660809544	1.461513	29.45919	0.1367102067857316	0.0738986307798702	0.0897942502	-0.0918183846	0.0429538012	0.1362480208	-0.0512904202	-0.1055624473	0.079932142	-0.027111486	-0.1634097556	0.0363180648	-0.0028960125	0.0870235782	0.0806796771	0.0689822536	-0.06762157	0.0254283447	-0.0479375411	0.1590967663	0.0570464249	0.1282132684	0.0940686138	0.035636885	0.0633434224	0.0634064802	-0.0525750585	-0.0713848317	0.0451639487	-0.0038792206	0.124043238	0.0182649353	0.0912920337	-0.0567147607	0.0287406728	-0.1817299751	-0.0823129776	0.0232184405	0.010432397	-0.0203472929	0.0665634282	-0.0986982476	-0.1321311876	0.0540409637	0.1291892919	0.0777422068	-0.0690603327	-0.0673993367	0.0765164513	0.0568244545	-9.25186e-05	0.164107865	-0.0993677971	-0.0464416687	0.0024828804	-0.001838721	-0.0157542027	-0.0060266988	-0.0948057575	-0.0274826539	-0.0807570941	0.0041345707	0.078108047	0.0992311153	-0.0030434334	0.00564469	0.0382051945	0.0519263252	0.069210024	-0.0428734799	-0.0025373779	0.1264461116	-0.0743936859	0.0477862196	0.1297077283	0.1315110131	-0.0008405107	-0.0195952794	0.0109667245	0.0642627456	-0.0150717613	0.0885509915	0.1188333597	0.058061404	-0.0251875155	0.0671068	-0.0410645833	-0.1292728225	-0.0827409885	-0.0843813598	0.059943282	0.0022790918	-0.0616513818	0.0531988771	0.0311004972	-0.0088731538	-0.0271289533	0.0684451318	0.1270237569	0.1628204751	-0.0473836401	0.0866761565	0.1894502525	0.0506156893	0.0049140356	0.032776218	0.0657288849	-0.0948063978	-0.0622615354	-0.1336428349	-0.0363156539	0.0500665033	-0.0081886279	-0.043375458	0.055114107	0.0213424767	0.0082735713	-0.0724587387	-0.0306434616	-0.0670188882	0.1218070191	0.0416894225	-0.0633480544	-0.0863242183	0.0884691413	0.0109639586	0.1422947141	-0.0252916882	-0.0517027028	-0.1078191606	0.0707979729	-0.1091478818	-0.089788642	0.0529271462	-0.0413119633	0.0856795227	0.201348022	-0.1032556116	0.0030064945	-0.1061197077	0.0963121712	0.0599913217	0.0372761413	-0.0476376208	0.0099358679	-0.0375909719	0.0229314961	0.0795688437	-0.038464621	-0.0885933169	-0.0975751738	-0.0645357285	0.0514241211	0.0569695494	0.003355105	-0.1123086861	-0.0100533803	0.1117090859	0.0167158945	0.0	0.0	0.0	0.0	0.0514922375911623	-0.0057011999713694	0.0026514505321447	3.250368111354354e-05	0.1028313618063947	0.0606290766567952	0.0036758849362555	0.0105742889709576	-0.0307736808278775	0.0276462849766119	0.000764317073008	0.000947019431696	-0.0016289737929833	-0.0005158675741303	2.6611935403908066e-07	2.6535556182263992e-06	-0.0009489163649518	2.503553309350008e-05	9.004422676733376e-07	6.267779172757376e-10	0.0011232283036461	0.0003137697963952	9.8451485129948e-08	1.2616418221116957e-06	0.0	0.0
1039.9340856637684	-0.4894061854975007	1081462.902525338	0.239518414403214	1605.789906055369	-11.7421279866644	2578561.222389311	137.87756965520737	1023.30269920936	-1.4129070005311632	1.9963061921499683	1047148.4142091618	1065.8124348940748	1066.8332910227366	1.29157	26.033705	0.0709810089171104	0.0334089958438956	-0.0807392674	-0.0446695469	-0.1037904089	0.1233254997	0.0248207155	-0.1443162613	-0.0474675753	-0.0796690788	0.0730535554	0.0438779829	0.0975514994	0.0016492811	-0.0488322618	0.0010176462	-0.1413766577	-0.0451064838	0.1315976847	0.0012413822	0.1107726152	0.109414863	-0.0678834777	0.0763563562	-0.0760095425	-0.0922312265	0.0112478533	-0.0681666022	-0.0278546451	-0.1587500809	0.0080918937	0.1601370371	0.0561751139	-0.0002938737	-0.0022844378	-0.1253623799	-0.1145940433	-0.1558353091	-0.0483269924	-0.0441663482	0.0629332971	0.0137278328	0.1392857654	0.0400799468	-0.0758360323	0.039401255	0.0423484644	0.0334621962	0.0492365049	0.0023665145	0.0194013049	0.0736245898	0.1303945755	0.1735747693	-0.0026802359	0.01736907	0.1248241258	-0.0394786802	-0.0317540336	0.1128178077	0.0163715755	-0.0308676658	-0.0245728649	0.0678164283	0.0377396828	0.0158694014	-0.0450218492	-0.0924222729	-0.0379452634	-0.0439774836	0.0176087684	-0.0672988241	-0.0237138013	0.0934682151	-0.0196114594	0.1105127713	0.1645301008	0.0667312571	-0.0182798893	-0.0802642933	0.1716112481	0.0972535844	-0.0943328435	0.1184685126	-0.0894378493	0.0832276466	-0.1515903815	-0.0761253045	-0.0330686371	-0.0504635873	0.0526349865	0.015795513	0.0429179684	-0.0445291869	-0.0620552718	0.0308899652	-0.0904790986	-0.0276323583	0.1455430857	-0.0502916806	-0.0110768508	0.0409223023	-0.0929803872	0.0068473906	0.0360151034	0.0191723628	-0.0318789911	0.0395648837	-0.0435447418	-0.0830784252	0.0303333736	0.0302112068	-0.0040431604	0.1121779102	-0.0873559981	0.1706683756	0.0805672112	0.1113459285	-0.0315674204	-0.0751988047	0.1323373116	-0.101104254	0.108284597	0.0434975002	-0.0176505731	-0.0015881177	-0.072584777	0.0746031933	0.052529823	-0.0877699796	-0.069323093	-0.0362997243	0.1486224091	0.1125260259	0.0464343869	0.1054699737	0.0852274377	-0.0859837459	0.0782447846	0.1121796497	0.01308495	-0.1373520301	-0.0441094211	-0.0258558648	-0.024101366	0.0784791015	0.0298409786	-0.0260517172	0.0156305421	0.066280475	-0.0931686578	-0.0317786114	0.0708594073	0.0533023635	0.0011185157	-0.1124865505	-0.003355105	0.1124198403	0.0055903678	0.0	0.0	0.0	0.0	0.0619488724676955	0.0104566348765332	0.0038376628000188	0.0001093412129411	0.0776944264468681	-0.0251369353595266	0.000631865519269	0.0060364239009077	-0.0215853734518418	0.0091883073760356	8.442499243651203e-05	0.0004659283470554	-0.0017280284592815	-9.905466629819989e-05	9.811826915447737e-09	2.9860823560867947e-06	-0.0007191407085016	0.0002297756564501	5.171633586241832e-07	5.2796852297120323e-08	0.001318380606998	0.0001951523033518	3.8084421503551966e-08	1.7381274249084146e-06	0.0	0.0
1042.1515684092014	2.217482745433017	1086079.8915377583	4.917229726293151	1599.1940326690674	-6.595873386301719	2557421.5541243544	43.5055457281233	1024.9913472404062	1.6886480310462275	2.851532172756301	1050607.2619177029	1066.8109689923351	1063.2246163747866	1.316464	26.535488	0.0855803545538966	0.0408832054621958	0.0536216992	0.0835165809	-0.0875281261	-0.0999028946	-0.0555117459	0.1290969557	0.0470503105	-0.0798332474	0.0871877111	0.032215506	0.0681105577	-0.0604748386	-0.0873432341	-0.052012345	-0.0411307755	-0.0078548829	-0.0819240327	-0.0158836146	0.0665200803	-0.0994730011	-0.1840209322	0.0781989151	-0.0043888664	0.0186403479	0.0991114929	-0.0894054373	-0.1546654098	0.0499027602	0.1270497972	0.0563927144	-0.0148501355	-0.0249821867	-0.1772550027	-0.0565512447	0.083408245	-0.0545382396	0.0876542606	-0.0669452836	-0.1174110967	-0.0045756154	0.0484194604	-0.0495231538	-0.0128237154	0.0691211882	0.0576695326	-0.0407880492	-0.0367597799	-0.0346205511	-0.107216925	0.0460019023	-0.0264459577	0.1299651679	0.237480097	0.0331007983	-0.0833109885	-0.0541049019	-0.0048848263	-0.0084528	0.0540396038	-0.0414162418	-0.0301879731	0.0045317984	0.1039053138	0.0693403028	-0.0359555706	-0.1134959548	-0.0599711423	0.0850674756	-0.0590901333	0.067288015	-0.010172944	-0.1053194569	0.0440106137	-0.0840621288	0.0447154973	0.0320045135	0.0848886938	0.0338623891	0.0207179584	-0.1560655815	-0.2068610578	0.0660617832	-0.0602784805	-0.1207301285	-0.0602661958	-0.0768456817	0.0553221681	-0.1672066058	-0.0400125959	-0.0072049345	0.0516942954	0.032929349	-0.0628981159	0.1766305046	0.0754183015	0.1261496598	0.0209699595	-0.0982477165	-0.1310399264	-0.0615376437	-0.0095384371	0.0045080545	-0.037900787	0.1067924982	0.0344540964	-0.0630055118	0.03325306	0.0132053295	0.0668203669	0.0035111262	0.0750727276	-0.0850637301	-0.1644667629	0.1119892703	-0.0150386352	-0.0486246947	0.0665700629	0.0597354423	0.0583389619	0.0661870722	0.0092184276	-0.045956654	-0.0309867665	0.0542217625	0.1068683538	0.058079428	0.0640785625	0.0816497992	0.0623226333	0.0662233221	0.1160135477	-0.0354500343	-0.0117558264	0.0468648209	-0.0562544844	0.1474092816	0.0411826186	0.0055670465	-0.1238814648	0.0877441423	0.0114558473	-0.0425359195	-0.0638800974	-0.0880382742	0.0787053504	0.0655056085	-0.0499280918	-0.0256346381	-0.0893868177	0.014695637	0.0716488954	0.1370954989	-0.0011185157	-0.1124865505	0.003355105	0.1124198403	-0.0055903678	0.0	0.0	0.0	0.0	0.0677719882166627	0.0058231157489672	0.0045930423868394	3.3908677025869884e-05	0.0545101471032154	-0.0231842793436526	0.0005375108086845	0.0029713561372141	-0.0518534808993536	-0.0302681074475117	0.0009161583284541	0.0026887834813796	-0.0019086905015742	-0.0001806620422927	3.263877352536932e-08	3.643099430799571e-06	-0.0005401003533489	0.0001790403551527	2.917083916876066e-07	3.2055448773204955e-08	0.0011519859641681	-0.0001663946428298	2.768717716248993e-08	1.3270716616403071e-06	0.0	0.0
1042.049095039583	-0.1024733696183375	1085866.3164728142	0.0105007914809364	1606.3415617029718	7.147529033904448	2580333.2128543425	51.08717129050705	1025.4091256814474	0.4177784410412641	0.174538825798869	1051463.8750307905	1068.2206729268703	1079.2611900804984	1.194027	24.067572	0.0855361458407575	0.0483033708007756	0.0259278711	-0.1123592879	0.0245692224	-0.0778712986	-0.1017275311	-0.0759893065	0.0399259742	-0.004691417	0.0136045576	-0.0937826736	0.0145813525	0.0006049153	0.0113420037	-0.0437792318	0.0232661575	-0.0520463706	0.0010232244	0.0494302319	-0.0125635943	-0.152397791	-0.013526939	-0.0871468519	-0.0234214111	-0.0188106771	-0.0054149763	-0.0421831736	0.1021219935	-0.0191476558	-0.1486657378	-0.052045569	0.0144468586	-0.0309250368	0.0069033192	0.0266725723	-0.1726452675	0.0755823247	0.022168341	0.0736891746	-0.0342165033	-0.0233764827	-0.1466248099	-0.0064855612	-0.0999969347	-0.0684179929	0.0646302593	-0.0635219116	0.1664554434	0.0669209223	0.0065517219	-0.02100919	-0.0567622369	-0.0874456345	0.0704150721	0.1409140414	-0.0019300449	0.100853141	-0.0467445701	-0.1771742938	-0.0550377903	0.0266758856	-0.0668358394	0.2745379789	-0.0172750295	0.1464006574	-0.1234749322	-0.1738764165	0.0203807349	0.0882455764	0.0056731295	-0.0315696701	0.1412740424	-0.1412793771	0.0396748233	0.0817589462	-0.0262005323	0.0052850208	0.0351624059	0.0244502366	0.0221424286	-0.1510274812	-0.052904966	-0.0564941732	0.0309344083	0.0138767045	0.0795368561	0.0617784624	-0.0597318321	0.11897829	0.0228787113	-0.114126094	-0.0239235134	-0.0198237776	0.0353796533	-0.0414835334	-0.2186860264	-0.0615154749	0.0627192029	-0.01992991	0.0082319548	-0.0116152067	0.1657299397	0.0790855143	-0.169491665	-0.0574123987	-0.0637818845	-0.071137287	0.1369298287	-0.0211296848	-0.0196537449	-0.0598861943	-0.0382868722	-0.0586161321	-0.134865935	-0.1599420579	-0.2789058158	0.0955798592	0.0319555743	-0.0489416792	0.0259638751	-0.0339820445	-0.0448241934	-0.1860038392	0.0653165286	0.0438235658	0.0263439586	0.0932077127	0.0302635126	0.0120944168	-0.0465329204	-0.0914321564	0.0339013549	-0.1315956226	0.0164795324	-0.0518883445	-0.0374481142	0.2001617333	0.0788713333	-0.0652610926	-0.0197464027	0.0100675182	-0.0793643235	0.0422057765	0.0276096409	-0.023263813	0.0577462529	-0.0330996424	0.1144151604	0.0335094243	-0.1408634718	-0.0400666082	0.0010935662	-0.0332813609	-0.003355105	-0.1123086861	0.0100533803	0.1117090859	-0.0167158945	0.0	0.0	0.0	0.0	0.0787364284843477	0.0109644402676849	0.0061994251704707	0.0001202189503836	0.016861075691068	-0.0376490714121474	0.0014174525781969	0.0002842958734599	-0.0558599873083238	-0.0040065064089701	1.605209360511927e-05	0.003120338182086	-0.0018133679533199	9.532254825429992e-05	9.086388205693341e-09	3.288303334127603e-06	-0.0010820651204255	-0.0005419647670766	1.1708649248414518e-06	2.937258087523933e-07	0.0011730212038763	2.103523970819988e-05	4.4248130958142893e-10	1.375978744743404e-06	0.0	0.0
1039.0447525914424	-3.004342448140733	1079613.9978878116	9.026073545700251	1602.0989106766722	-4.242651026299654	2566720.91959138	18.00008773096151	1025.0869156822791	-0.322209999168308	0.103819283564041	1050803.184703008	1066.6536148761472	1067.1415749763023	1.242442	25.043463	0.0753597330064012	0.0370446175861284	-0.1025527128	0.0549820896	0.056994394	-0.0050612925	-0.0490179134	-0.0367811377	-0.1718137789	-0.1094817944	-0.051494135	-0.020733041	0.0858581807	-0.0402509861	-0.0398296792	0.1138091787	0.0593562192	-0.0567376742	-0.0132364751	0.0413189945	-0.034203685	-0.0233872361	0.0081701449	0.0248167921	-0.2508449102	-0.0725773728	0.0725790749	-0.0776493018	-0.0702009659	0.045930359	-0.0228225931	-0.0813416349	0.0003267314	0.237457956	-0.073211203	-0.0053741391	0.0428635655	-0.0090591797	-0.0169890027	0.0477144637	-0.0070528519	-0.103157412	0.0970805039	0.1580619531	0.1061611618	-0.0949711035	-0.0803501735	0.0234561349	0.0094169441	0.0072558746	0.0795885575	0.0367350733	-0.0216106276	-0.1442516269	-0.0878414257	0.0132501514	0.0490530135	0.0173951494	-0.0121999025	0.0721198528	0.1037861487	0.0676190994	-0.0414441976	-0.035025045	-0.0612158755	0.1448557811	0.0828770697	0.0331303998	0.1210041387	0.0946571268	-0.0156106306	-0.1588768544	0.0647763117	0.014251001	-0.096140864	0.0499536683	0.0122515416	0.0292397116	-0.0618670264	0.1020953939	0.1033881325	-0.0116166292	-0.0463889375	0.0990525663	-0.0297433885	-0.1272111175	0.2189846703	-0.0856423887	0.123056335	0.1403605767	0.077719537	-0.0256571848	-0.0124097175	0.0100192414	0.0083859338	0.0835350824	-0.0033214032	-0.0655367223	-0.0316576399	0.1122347081	-0.0220566658	-0.1447981409	0.0065337446	-0.0112492276	0.2260040258	-0.0435704602	-0.0276907918	0.100845289	-0.0346032863	-0.1492873456	-0.0140920542	-0.0621333206	-0.0337490337	0.019844745	0.0662167058	-0.1408227728	-0.0177503991	-0.041060395	-0.0784321449	-0.0978212129	-0.0977008597	0.0219879263	-0.0045103948	0.1344854529	-0.0838753474	0.0241525649	-0.0155775789	-0.065702368	0.0299997768	-0.0892299844	-0.0892158003	0.1182911421	-0.0506898908	-0.0163740733	0.1030694755	-0.0633078792	0.0032569486	0.0350863882	-0.045639689	-0.0826793068	-0.0059447661	0.0991494515	0.0212525561	-0.0676448477	0.0848660905	-0.1103287684	-0.0600474467	0.0143969469	-0.0553369068	-0.005961603	-0.0500487607	0.0676990864	0.1463184549	0.0823285892	-0.0055903678	-0.1119532386	0.0167158945	0.1102920707	-0.0276763402	0.0	0.0	0.0	0.0	0.070882460023057	-0.0078539684612907	0.0050243231389202	6.168482059094905e-05	0.0377217722146951	0.0208606965236271	0.0004351686594508	0.0014229320990173	-0.0325196402829703	0.0233403470253534	0.0005447717992639	0.0010575270041337	-0.001795603700877	1.776425244289989e-05	3.155686648550748e-10	3.224192650603179e-06	-0.0007619389346871	0.0003201261857383	5.805509401921129e-07	1.0248077479541652e-07	0.001044817222135	-0.0001282039817412	1.6436260934323566e-08	1.091643027669898e-06	0.0	0.0
1038.3962464227027	-0.6485061687396865	1078266.7645847583	0.4205602508934267	1601.2529653589777	-0.8459453176944862	2564011.059070919	0.7156234805292252	1025.0698588779994	-0.0170568042797185	0.0002909345722366	1050768.2155801617	1066.878075584559	1060.0546612580777	1.29823	26.167961	0.0634547512903034	0.0341026380409856	0.1181718294	-0.0022464994	0.078018363	0.0845510413	0.0377874666	0.0148624615	0.0844118404	-0.1095783245	0.0036751356	-0.1716197099	-0.0154141964	0.0991602181	-5.40772e-05	0.0672408211	-0.0226549438	0.099863485	-0.1017559977	0.1033996702	-0.0998524966	-0.0799030869	-0.1666394745	0.1256854126	-0.075238108	-0.0074985825	-0.0097881374	0.0645246773	0.0770929202	0.0796019265	-0.1842862808	0.0662895253	-0.0500999764	0.0583019638	0.0945023388	-0.0998523196	0.002632363	0.008891464	0.1139493823	0.0155823854	0.0336332561	-0.059739326	-0.0315331286	-0.02960719	0.0793762928	0.0361218317	-0.06865873	-0.0569079457	-0.1352278937	0.0205312642	0.0656728825	0.1229422118	0.0722244854	-0.0933483934	-0.0290855182	0.1042340548	-0.1115996572	0.032208956	0.0604500344	0.0152340998	0.0613349305	0.0281275631	0.0747468178	-0.0477992992	0.0155756783	-0.2215710661	-0.0633870737	0.072833949	0.0070641116	-0.0136172986	0.1329320794	0.0135240318	-0.029588605	0.0096924344	0.0884754101	-0.0022547783	-0.0173033746	-0.149757194	-0.061507057	0.1146328407	-0.0239833137	0.0930740868	-0.1847688367	0.0038830985	0.0557443536	-0.053640083	0.0899174501	0.0540608922	-0.0910997342	0.0714302001	-0.1310828321	0.0937492321	0.0852303185	0.132532905	0.0133349546	0.0400945738	-0.0632266355	0.0141634078	0.0214736209	-0.0027625994	0.0277736546	0.0090165469	0.0746770609	-0.1315828582	0.0198088634	0.0690714152	0.0988193261	0.0999753901	-0.1024597454	-0.0596576046	-0.0120439177	-0.1037003758	-0.0030023355	-0.0058174396	0.0216329127	-0.1295787746	0.0649470883	-0.0895685192	0.0479462062	0.1029128449	0.0451004798	-0.1227969472	0.09434244	-0.0170308391	0.0664466541	-0.1612460871	-0.0023439908	-0.0646832755	-0.0030215212	0.0758438848	0.1214101296	-0.0356634373	-0.1209349762	-0.0203745448	0.0923967736	0.0236374775	0.0652574202	-0.0895378106	-0.1064743826	0.0639905062	-0.0094125952	-0.0088270458	-0.0279233113	0.0437366366	-0.041818761	-0.0954952141	0.1289597408	-0.1326717942	0.0007775253	-0.0574631278	-0.0775511624	-0.0766922895	-0.0291763909	-0.0999609116	-0.0078234205	-0.1114207701	0.0233189482	0.1081777535	-0.0383634626	0.0	0.0	0.0	0.0	0.0661397578312517	-0.0047427021918052	0.0043744675659766	2.249322408015475e-05	0.0642136777178734	0.0264919055031782	0.0007018210571893	0.0041233964060549	-0.0527924337416152	-0.0202727934586448	0.0004109861546168	0.0027870410603628	-0.001899040844264	-0.0001034371433869	1.0699242632062761e-08	3.6063561281829256e-06	-0.0008300574019239	-6.811846723679996e-05	6.889952904886548e-07	4.64012557869099e-09	0.0011122086142447	6.739139210969994e-05	4.541599730483327e-09	1.2370080016001155e-06	0.0	0.0
1038.449895415348	0.0536489926453214	1078378.1852881473	0.0028782144118577	1610.7269650925982	9.47399973362053	2594441.356076412	89.75667095264188	1023.390912562779	-1.6789463152204007	2.8188607293921613	1047328.9599160776	1065.7818299248368	1068.7484166340678	1.367734	27.568932	0.0564654573780106	0.0355932840384745	-0.1335519616	-0.0186536946	-0.0575139632	0.0826439854	0.0539393103	-0.0455292478	-0.1136835526	0.0349541578	0.0930412885	0.0737589358	-0.0504086169	0.0825739914	0.0334953506	-0.0198959062	-0.0658470587	-0.1466179886	0.0761705995	0.0071235942	-0.055635661	-0.0131598831	-0.1514026591	-0.0502576072	-0.0765776865	0.0210106643	-0.0487197403	0.0832105225	0.0742050103	-0.1047644293	0.0362298616	-0.0627757648	-0.0278645275	0.0872857782	0.0201521416	0.0099616498	0.0574341631	0.0293967518	-0.0430151114	-0.0266683242	-0.0782930919	-0.1086432948	0.0043937784	-0.1559380469	-0.0785167121	0.0271857756	0.0176485108	-0.0278589799	0.0150838724	-0.2021107503	0.0241776204	-0.0006818535	-0.0352345408	-0.0061982587	-0.0256363701	0.0766358898	0.0235450546	-0.1068972549	-0.0667816724	0.0085236218	0.0266369239	0.0256568086	0.0905509051	0.1748930537	0.0263980191	0.0601126992	0.1385697007	0.0779265029	0.0613877187	-0.1403166099	-0.0200771538	-0.0017114308	-0.0045096131	0.232284993	-0.0927578545	0.0549273395	0.1129671204	0.0492792753	0.0414464871	-0.0076074653	-0.0403646791	0.05452914	-0.1047513058	-0.1001243822	-0.0519166081	0.0333372175	0.0247412811	0.1286660035	0.0612896367	0.0773680427	0.0974598937	0.0588954223	0.0116954047	0.0611072506	0.0431705494	0.0152426488	0.0572675429	0.0488741256	-0.0636520392	-0.0869734227	-0.1129417319	0.0072095801	0.0633473259	-0.080207842	-0.0210220835	0.0264369682	-0.0428207075	-0.0392304507	0.0196075368	0.0884278375	-0.0489714354	-0.1247635419	0.0468117096	0.0517650498	-0.0565756836	0.0328266128	0.1453526093	-0.0246573163	-0.1776689105	-0.0062551141	0.0614846592	-0.075130525	-0.0624739391	-0.036430725	0.0568083566	0.0706918097	0.0600243767	0.0813693644	-0.01824464	-0.1690480127	-0.0983434534	0.016828143	-0.0869625897	0.144190466	-0.0526709285	0.0358691346	0.0364148683	-0.1093287101	0.1097525173	0.0578637572	-0.0999491506	0.0845838872	-0.023697825	0.1166846204	-0.0659088617	-0.0757234037	-0.0320427568	-0.1290620444	-0.0042499817	-0.0170799487	-0.1589953386	0.0225612074	-0.0011978581	-0.0410506683	-0.0100533803	-0.1107121224	0.0298390534	0.1053795017	-0.048671719	0.0	0.0	0.0	0.0	0.0640618854325936	-0.0020778723986581	0.0041039251651787	4.31755370510517e-06	0.0724750714785784	0.008261393760705	6.825062686941558e-05	0.005252635985825	-0.0583623108874178	-0.0055698771458026	3.102353141933412e-05	0.0034061593321196	-0.0012711151591481	0.0006279256851158	3.9429066602827227e-07	1.6157337478160997e-06	-0.0008290916577828	9.65744141099992e-07	6.873929770050316e-07	9.326617460689617e-13	0.0009299737620448	-0.0001822348521998	3.320954135631937e-08	8.648511980917584e-07	0.0	0.0
1037.7770467977036	-0.6728486176443766	1076981.198860163	0.4527252622659485	1600.8632183074951	-9.863746785103103	2562763.043729831	97.2935006406318	1024.335164070549	0.9442515077698772	0.8916109099256865	1049262.5283514382	1066.4843288030747	1051.030250840964	1.424327	28.709646	0.0840683688099028	0.0500627264883712	0.1061246875	0.0787888271	-0.1293762534	-0.044044023	0.0237298572	0.0593358405	0.1143340479	-0.0557261812	0.0092046356	0.061129585	0.014624338	0.0274998476	-0.0368871227	-0.0610979043	-0.0485277158	0.0400328577	0.049503774	0.0284240763	-0.0970804902	0.011239222	0.008885665	-0.0629759195	0.1318644844	0.1327258732	-0.1167187112	-0.0254067902	0.0507663919	-0.0422047722	0.1352937413	0.0305980435	-0.1351867829	0.005352993	0.0025562051	0.0821781472	0.1391749606	-0.0093535401	0.0295355649	-0.0811702606	0.0434778008	-0.0062728918	0.0559342149	-0.0070312109	0.0842004251	-0.0526505261	0.0392519324	-0.0495177579	-0.0192558805	0.0688418597	-0.0748705799	-0.0057611397	0.1450730325	-0.1035031413	0.0444156855	0.0100448329	0.0082841053	-0.0040230442	-0.0120754034	0.0572258845	0.0018790437	-0.0003148223	0.0166466854	-0.0138805886	0.1084927305	0.2128494844	-0.2275338743	0.0534090276	-0.1695466649	-0.0273221036	0.0219488313	0.0443713102	-0.0586167542	0.0702142025	0.0976993185	-0.0315610162	0.0297164916	0.0275273862	-0.05711373	-0.0030799279	-0.1300254461	-0.0611896162	0.0716281756	-0.0805163418	-0.1330182648	0.1242718971	0.0011882798	0.0272442431	0.001340809	-0.0425503103	0.0012247466	0.1097162974	0.0349658658	0.0650116458	-0.0175046123	-0.0269787919	0.1523937699	0.1234302457	-0.1139686182	-0.0394026688	0.1006201012	-0.0420934378	-0.0104368696	-0.0107055058	0.1300823244	-0.1391511845	0.0888800481	0.040930241	-0.0206684668	0.0240186026	-0.0053552065	-0.0347199223	-0.0413115606	-0.0854309601	-0.0658771103	-0.067959626	0.0280821727	0.0507460688	0.0837556137	-0.0084261277	0.0983512714	0.0085039564	0.1225162805	-0.199786068	-0.1933382678	0.1006461878	0.0085873231	0.0266571472	-0.1223517056	-0.0176951203	0.1181811907	0.0010345291	0.1003761032	0.1477277833	-0.028614755	0.102691472	-0.0419174991	-0.0139194583	0.0494131715	-0.0858844657	-0.0656420771	0.0244934691	-0.0001300862	-0.0965308862	0.031200901	0.0717840839	-0.0600239106	-0.0004213725	-0.0502504214	-0.0806680338	0.0034541934	0.0294762977	0.0175941154	-0.0942513599	-0.0122793656	-0.1098284161	0.0362530174	0.1019150067	-0.0584993082	0.0	0.0	0.0	0.0	0.0670931270776833	0.0030312416450897	0.0045014877010621	9.18842591092616e-06	0.1132689852760648	0.0407939137974864	0.0016641434029167	0.0128298630254693	-0.0581778083290061	0.0001845025584117	3.4041194060463464e-08	0.0033846573819665	-0.0017509836221921	-0.0004798684630439	2.302737418242107e-07	3.0659436451849666e-06	-0.0008300959392484	-1.004281465599938e-06	6.890592683566833e-07	1.0085812621475597e-12	0.0012502752337135	0.0003203014716687	1.0259303275313505e-07	1.5631881600373471e-06	0.0	0.0
1041.1235582454392	3.346511447735565	1083938.2635336444	11.199138869825193	1609.7028691920827	8.839650884587627	2591143.3270852235	78.13942776139082	1024.4685675082364	0.1334034376875479	0.0177964771868554	1049535.845812378	1067.484008824231	1065.61537317876	1.291747	26.037277	0.0607930539172732	0.0323465904083272	0.0008210336	-0.1389967316	-0.0476526119	-0.1497453737	0.0982554507	0.0192984635	0.094337182	0.0979710997	0.0110923113	-0.0223163851	0.112582542	-0.0622632872	0.0401390599	-0.1376980121	-0.0547328197	-0.1208202137	0.0112609293	0.0289415245	0.0477414557	-0.1335106768	0.0419392661	-0.1687189581	0.1858608989	0.0299579881	-0.0417981302	0.1629458738	0.0685132369	-0.0194900296	-0.0595484079	-0.0859268666	-0.0927567252	-0.1431323852	0.0765875341	0.0147376207	0.1333093808	-0.0234091728	0.0345723279	-0.0902615953	-0.0699161798	-0.0477581225	0.0833685495	0.1173456519	0.050000861	-0.0786541975	-0.1826144684	-0.0388526282	-0.0270862454	0.0927035686	0.002133414	-0.0828140498	0.0106718159	0.086534138	-0.0336143358	-0.0477167316	0.0875013782	0.0401613745	0.0989567576	0.0440228038	0.0173131422	-0.031436218	0.0600309521	0.0601554213	0.111346918	-0.1280494344	0.0063983102	-0.0488025578	0.0855531395	0.1077274829	0.0966617472	-0.0206389351	0.0357347564	-0.0710021934	0.0292755561	0.0273375041	0.0181722343	-0.0382824202	0.1761658845	-0.0860369744	-0.1212938768	-0.1271755546	0.0947477068	-0.1963436617	0.0721865993	0.0600940821	-0.0721447718	0.18544388	0.0019501008	0.1019595304	-0.0518338085	0.0098918377	0.010016517	0.0392911533	0.0618612665	-0.092483422	0.0402649778	0.0646475954	0.0609207843	-0.0052756408	0.0357241954	-0.1133083303	0.0072066378	0.1616615527	0.1528208504	0.0136336871	0.0558887155	0.0886969185	0.0555145776	0.0543253758	-0.0063581156	0.066435287	-0.0474940691	-0.0040700238	0.0394759399	0.0419138369	0.0117676866	0.0497190603	-0.0578223716	-0.0346298345	0.0675877679	-0.0703883301	0.0062863745	0.1045856045	0.1567581166	-0.0620314728	0.0049026549	-0.0155872358	0.1419050518	0.0379895218	-0.0505682717	-0.1698640558	0.0903281241	-0.0091768182	0.0195957389	0.0495717779	-0.1030481479	0.0548860076	-0.0769293513	-0.0513208901	-0.0160205932	-0.0076649109	0.0326160571	-0.103744183	0.0030003634	0.0210299264	-0.0093961817	-0.0421402386	0.0161568531	-0.0357847465	0.0572436204	0.0033377776	0.0518829077	0.1055694046	-0.0145004964	-0.1087710484	0.0425380248	0.0978061723	-0.0677491758	0.0	0.0	0.0	0.0	0.0545810072521391	-0.0125121198255442	0.002979086352658	0.0001565531425287	0.0900564087688309	-0.0232125765072338	0.0005388237081041	0.0081101567603387	-0.055358478230616	0.00281933009839	7.94862220368831e-06	0.0030645611120095	-0.0020770401265072	-0.0003260565043151	1.06312844006183e-07	4.314095687121046e-06	-0.0007672418535433	6.285408570509991e-05	5.886600618285587e-07	3.950636089824045e-09	0.0011942052740116	-5.606995970190015e-05	3.143840380972707e-09	1.4261262364771204e-06	0.0	0.0
1042.26036427464	1.1368060292008977	1086306.6669379054	1.2923279480275125	1602.2159062040614	-7.486962988021332	2567095.810093302	56.05461478400132	1025.5381295072116	1.0695619989751322	1.1439628696516806	1051728.4550731503	1066.9299139859731	1068.0141576330068	1.34857	27.182631	0.0929769236834444	0.0573367914689046	-0.0832948117	0.0986720671	0.0922172536	-0.0257709769	0.0105703652	0.087391901	-0.0830449465	0.1313505319	-0.1128048112	0.0157818254	0.078777455	-0.0068206546	0.0089361705	0.0837905645	0.067480025	0.0362043102	0.0256452905	-0.1377368733	-0.0387347844	-0.0382557067	-0.1345822975	0.0200054786	0.0168252771	-0.1499452588	-0.1083978514	0.0346267807	0.0567011547	-0.0928653974	-0.146967229	0.0693135917	-0.0349143693	-0.1323978352	-0.1871394024	0.0010489723	0.0644838759	-0.0260758136	0.1266492633	-0.0678531495	-0.0928025955	0.0010075419	-0.0088015332	-0.1054071828	0.0005199117	-0.0302279562	0.1124049415	-0.0085052696	0.0692636702	0.0381001065	-0.0246620295	-0.0349232146	-0.0254719775	-0.0480660422	-0.0066544982	-0.1307132409	0.0405041143	-0.0470879331	0.0519897584	0.023661108	-0.0697156974	0.1369487602	0.0748151564	-0.0226279225	-0.0035524582	-0.0791339604	-0.0663589705	0.1128035724	-0.0495773933	-0.0259782592	0.0353604378	-0.1193133246	0.0591826049	0.0432936778	-0.0955018556	-0.1063622626	-0.0437688158	0.0261117453	-0.0523610878	-0.0401090717	0.0117914996	0.0205443383	-0.1102255609	-0.0505735565	0.1253338564	0.1017300169	0.0158660553	0.1100272248	-0.0879953841	0.0627031153	-0.0692705033	0.0053979567	0.0203364135	-0.1179297057	-0.1813832189	0.0943059659	0.0785298663	0.1417577865	0.0782572698	-0.0243599472	-0.1015357299	-0.0536452904	0.0432847125	0.0015560312	-0.0034589866	-0.0781197308	-0.0881484952	-0.0667443407	0.0979375231	0.0849258417	-0.0632309586	0.0186914928	-0.0515822475	-0.0859791409	0.0510389265	0.024151285	-0.0283347785	0.0298595217	0.1280479633	0.0002659426	0.018296454	-0.0672674759	0.0885030763	0.0301373747	0.0790265067	-0.026716548	-0.1397843452	0.0822232108	-0.0631459693	-0.0159059134	-0.0581534546	0.1043415193	0.0862000698	-0.1349522289	-0.0300451164	-0.0756123787	-0.0586455151	-0.0155127464	-0.0952355853	-0.0665920429	-0.0568369319	-0.0379099304	0.0356105645	-0.0244265835	0.1059049155	0.0287339422	-0.0582046043	-0.0771459108	0.0325166566	-0.1218591131	-0.0539356865	-0.0685155772	0.1218783481	-0.0717658112	-0.0167158945	-0.1075416914	0.048671719	0.0930789757	-0.0763299729	0.0	0.0	0.0	0.0	0.0645038917707552	0.0099228845186161	0.0041607520535733	9.84636371697911e-05	0.0370657283678355	-0.0529906804009954	0.0028080122093604	0.0013738682194381	-0.0673820001848639	-0.0120235219542478	0.0001445650801842	0.0045403339489129	-0.0017700577376769	0.0003069823888303	9.423818705195757e-08	3.133104394709865e-06	-0.0007330753643577	3.416648918560009e-05	5.373994898281746e-07	1.167348983269728e-09	0.0012138531321874	1.9647858175799978e-05	3.8603833089635e-10	1.4734394265211614e-06	0.0	0.0
1041.2221042012652	-1.038260073374886	1084143.4702773103	1.0779839799644235	1601.5319477446535	-0.6839584594079042	2564904.5796467834	0.4677991741956337	1024.7791532747035	-0.7589762325080756	0.5760449215121524	1050172.3129864184	1066.417351329543	1075.7368687532023	1.391766	28.053322	0.0938170340701673	0.0589038995989084	0.1261975707	-0.0061137473	0.0015121704	0.0480233093	0.0042786623	0.000172393	0.0534503694	0.0078631469	-0.0009799471	-0.1150304534	-0.150750673	-0.0628477813	-0.0441848863	0.1156358999	0.080878792	0.1969906781	-0.0161101367	0.0401949707	-0.0673542986	-0.1210817123	-0.0949597111	0.0201279765	-0.0325647528	0.0118128254	0.0850181219	-0.0335546272	0.1471397532	0.0942041582	0.0038874373	-0.0109799414	-0.0510067517	-0.1389689749	0.0442303347	0.0851890374	-0.0647007109	0.00850493	0.0984974377	-0.0819622588	-0.1070134992	0.0483505278	-0.0266786472	0.0042202687	-0.0073651975	-0.0295349896	-0.0674820803	-0.0296436909	-0.040032232	-0.0891081191	0.0906065213	-0.0395005696	0.0045732816	0.0811932354	-0.0890205626	0.1155238444	-0.0356235918	-0.0252389887	0.061476696	-0.0623727919	0.1422643832	0.104309605	-0.0015515839	0.0185324884	-0.0675948403	-0.0240080048	-0.0465995191	0.0196623462	-0.1256846044	-0.1118467904	-0.2358189097	0.085143029	-0.1066116607	-0.1088234778	0.0380560625	-0.0423181356	-0.1295724009	-0.1442868864	-0.1128041304	-0.0166669612	0.018591034	-0.0274375949	-0.1167543142	-0.0270482909	-0.0017727161	-0.0747049213	0.0553290789	0.0715876875	-0.1756918887	-0.0745007535	-0.0229687598	-0.0336192359	0.0027367347	0.0570798917	0.008548615	-0.094115856	-0.0050220036	0.037037124	-0.0096372108	-0.1037094482	-0.0670177032	-0.0022728936	0.0441162138	0.1309438024	-0.0446137326	0.0118836395	0.0244624548	0.0614220137	0.022907032	-0.0125046345	0.01830457	-0.0267892556	-0.0444987027	0.0382572299	-0.0823560895	-0.0452693998	-0.0072711324	-0.007495144	-0.173142171	0.1532753551	-0.1654424266	-0.0961531214	-0.024856056	0.0218330859	0.0137865934	-0.1095780987	0.0836755967	0.0795618241	-0.06790146	-0.0018601839	0.131183164	-0.0171351786	-0.1230146085	-0.0616623808	-0.0710303131	0.095797575	0.0421498793	-0.0370779626	-0.0995007509	-0.1427980361	0.0481965128	0.0286700556	0.0566175867	-0.0012622295	0.0341193051	-0.0150407422	0.0617785733	0.0252336403	-0.0791742386	-0.1901021003	-0.0369915116	0.0424454097	0.0354645643	-0.101563621	-0.0189246842	-0.1061422889	0.0546322818	0.0877633039	-0.0841569582	0.0	0.0	0.0	0.0	0.0619385953167892	-0.002565296453966	0.0038363895898169	6.580745896730561e-06	0.0921080894045474	0.0550423610367119	0.0030296615084957	0.008483900133756	-0.0581786237553245	0.0092033764295393	8.470213770380133e-05	0.0033847522620636	-0.0016441339254281	0.0001259238122488	1.5856806491271065e-08	2.703176364743613e-06	-0.0008297377320658	-9.666236770810004e-05	6.884647040136973e-07	9.343613330935944e-09	0.0008963193091453	-0.000317533823042	1.0082772877573163e-07	8.033883039467078e-07	0.0	0.0
1036.939565997037	-4.282538204228104	1075243.6635301237	18.34013347067327	1620.4678732080663	18.935925463412783	2625916.1280994737	358.56927315592475	1023.152258998326	-1.6268942763774703	2.646784986509773	1046840.5450933776	1067.0976048686323	1084.5394861431105	1.371609	27.647038	0.1061602218593187	0.0587205359502468	-0.0312891863	-0.1059275996	-0.0877078839	-0.0946653769	-0.2001529471	-0.169188299	-0.0251684459	0.0448903653	-0.0603511608	0.1079364587	0.0400373851	0.1364274362	-0.025172263	-0.2223424034	0.0185072328	-0.0986525203	0.1104180679	0.1310035181	0.011963308	0.0179388087	-0.0473256723	0.0662358284	-0.0580860519	0.0401245842	0.1311993234	0.0110691913	-0.025560145	0.0633920738	0.1347073739	-0.0711128847	0.1402673599	0.0562369785	-0.0684387617	0.0899007078	-0.0156452457	-0.0030724477	-0.024222223	0.0710592261	-0.0376176471	-0.0561594597	0.0147326332	0.0856340569	-0.0994100368	-0.1315355507	0.0289129057	0.0348752695	0.1187003766	-0.114336773	-0.0060171484	-0.0261665397	-0.0101035439	0.0135099462	0.1614692931	-0.0410975561	0.0325142817	-0.0292882653	0.0003325124	-0.059167062	0.0736319438	-0.0657753775	-0.0075641197	-0.1366805232	-0.0265268193	0.0073541519	-0.1179052727	-0.1278729218	0.0841588403	-0.0124396986	-0.0728691623	0.0202774742	0.0265397869	0.0860058257	-0.0064535284	0.2042853933	0.0074855156	0.0708650706	-0.0109000194	-0.0254644387	-0.0795381453	0.0188693939	-0.0135395141	0.0365589006	-0.0420576758	-0.2276705583	0.0116918583	-0.0069915551	0.0986937139	-0.1099728359	0.1828578893	-0.115423132	-0.000992989	-0.0367507384	-0.0167401116	-0.0063322183	-0.0179389162	-0.0707047256	0.0316014135	0.0214897688	-0.0314921424	-0.1108714361	-0.0178498096	0.0685009666	-0.0264612024	-0.0037154452	-0.1258288126	-0.0501020915	0.0912924622	0.0933360771	0.1599563982	-0.0530372934	0.0117462555	0.0271323508	-0.1281933716	-0.0075006362	0.0903706647	0.0030946345	0.127541289	0.0306247881	0.0215802658	0.0093159282	0.0524007488	-0.0340423219	-0.1339538702	0.0049652028	0.0589692552	-0.1614852907	0.0823856091	-0.043485278	-0.0696213344	-0.0785417099	-0.0357642213	0.1346580473	-0.0067812091	-0.0807862193	-0.0244361799	0.2181423912	0.0424844891	-0.0224014581	0.0944609574	-0.0991273018	-0.0415794959	-0.0087161698	0.0753961649	0.0958625827	0.0639248738	0.1386201827	-0.0316980235	-0.0539298592	-0.0295033322	-0.0296090132	0.0448965395	-0.1224895638	-0.0211259922	-0.1045750536	0.0603985106	0.0818927643	-0.0911528348	0.0	0.0	0.0	0.0	0.0662769347299843	0.0043383394131951	0.0043926320772026	1.8821188864082063e-05	0.0455255524711049	-0.0465825369334425	0.0021699327471555	0.0020725759277993	-0.0259782178847984	0.0322004058705261	0.0010368661382266	0.00067486780447	-0.001433025716078	0.00021110820935	4.4566676055005645e-08	2.0535627029408644e-06	-0.0008298216827256	-8.395065980001861e-08	6.886040251215464e-07	7.047713280858461e-15	0.0011459059419785	0.0002495866328332	6.22934872890146e-08	1.3131004278616334e-06	0.0	0.0
1035.9383843794424	-1.0011816175947388	1073168.3362306892	1.0023646314096175	1586.3707734168845	-34.09709979118179	2516572.2307512844	1162.6122141698092	1023.5535731120686	0.4013141137426146	0.1610530178890202	1047661.9170304828	1065.454542357308	1045.5855895420375	1.359052	27.393915	0.0674968069012099	0.0290235986291723	-0.0597169835	0.0335490053	0.1091015289	-0.0758991096	0.0227768343	0.057516724	-0.020190689	-0.2209954099	0.107129539	0.0404717565	0.1294300567	-0.1976776059	0.0736955407	0.1079359862	-0.0596485916	0.0130727429	-0.0377567587	-0.0281582483	0.0008242731	0.0483970258	0.0556856799	-0.0102656495	0.1559529875	-0.1038132185	-0.0035136803	-0.1532693537	-0.0003058007	0.1105254646	-0.0403148657	-0.1103229111	0.1208015558	0.1934832172	0.0942863382	-0.002204753	0.1547792883	0.0829758349	-0.0791829081	0.0890246472	-0.1012792842	-0.0258403031	-0.0169597571	-0.0008886927	-0.0504367028	0.0530101437	0.0026661147	0.0305953211	-0.1050120158	0.0067155621	0.069739255	0.0024036728	0.1555577546	0.1084911623	0.0080656246	0.0742057563	0.0895531933	0.0157016361	-0.0166609783	0.2389894225	-0.1821095345	-0.0611900359	-0.0013057967	0.0682126604	-0.036869062	-0.0897236951	0.1341296881	-0.0435186981	-0.0546638568	-0.0334394856	-0.0718394965	-0.0502898634	0.127240474	-0.024138313	0.0508497528	-0.0333324204	0.0667531722	0.1346367279	-0.0017250932	0.0517680118	0.0170253085	-0.0663809696	0.0578563604	0.0033056734	0.1489125365	0.0353432537	0.0264887278	-0.1605171048	-0.0834727213	0.105411364	-0.0534993777	-0.0165929039	0.0308447654	0.0845175288	0.203346054	0.0277102328	0.1328966839	-0.1660847178	-0.1347542979	0.0529758051	-0.0560508626	-0.1060181216	-0.0381662046	-0.0853520763	-0.1039002738	0.0097262856	-0.0334179206	0.1069160147	-0.0917517142	-0.0654361315	0.0608432091	0.0523558874	-0.0881639304	0.2218284213	0.0317723919	0.1576051186	0.0330668405	0.008809998	-0.1147895148	0.044515455	0.090911302	0.0119195433	-0.0591738231	0.0045790368	0.0223208091	0.039850736	-0.075406321	0.0176448107	0.1169208213	0.1157032929	-0.0361308833	0.0009878519	0.1133415278	0.0613677911	0.084443798	-0.1139070025	-0.0027730441	-0.0901772682	-0.0323246739	0.0795010813	0.0062976201	0.2189905314	0.0903453439	0.0247924086	-0.054398934	0.0443364305	-0.0806373417	0.089842681	0.0348403336	-0.0499841489	0.0744882928	0.0619171551	0.0541246013	0.0523253599	-0.0233189482	-0.1028424637	0.0659498943	0.0755044722	-0.0972485133	0.0	0.0	0.0	0.0	0.0759552402437009	0.0096783055137165	0.0057691985204783	9.366959761683704e-05	0.0401676684760161	-0.0053578839950888	2.870692090482876e-05	0.0016134415907991	-0.0443923701634929	-0.0184141522786945	0.0003390810041429	0.0019706825287325	-0.0016971294615508	-0.0002641037454728	6.975078837276161e-08	2.8802484092637086e-06	-0.0005711074601013	0.0002587142226243	3.26163730983358e-07	6.693304898809589e-08	0.0013040172761556	0.0001581113341771	2.4999193995262627e-08	1.7004610565122703e-06	0.0	0.0
1039.410368838182	3.4719844587395983	1080373.9148483255	12.0546760817293	1598.628076756254	12.2573033393694	2555611.7277933992	150.24148515331626	1024.7981042849362	1.244531172867596	1.5488578402391944	1050211.1545459991	1066.556002522458	1056.4760753446824	1.259819	25.393726	0.0558894596363577	0.0272933473832134	0.102966835	0.0104480147	0.134439241	-0.0082541176	0.0145484623	0.0581290867	0.049493114	-0.0073769619	0.092104394	-0.1621505575	-0.0305813527	-0.0602135519	-0.024369549	0.0314528504	0.0230172845	0.0906262249	-0.0771528576	-0.0412844976	0.1165221812	-0.0618999481	0.0556670007	-0.1773972055	-0.1440078508	0.0427019613	0.0466243416	-0.095802754	0.0215074995	-0.0037864775	0.0622359259	-0.0214310003	-0.0420856111	0.0213401976	0.0239394302	0.0098891232	0.0695848833	-0.2517761964	0.0101998756	0.1342341857	0.0477647356	0.0367832227	-0.1176474826	-0.0836497125	0.0582565694	-0.0579395685	0.0649471653	0.0630489489	0.0427030476	0.0802253772	-0.1124359601	-0.0354869325	0.0062641202	0.1417330543	-0.0247065629	0.0974933024	0.0407231147	-3.0564e-05	-0.0858043276	-0.0066471132	0.0168310998	-0.028442413	0.0061651256	-0.008169488	0.0025313498	-0.0441077753	0.0339676441	-0.0613580099	0.0609946281	-0.0501224748	0.0361434896	-0.0142835746	-0.0770687612	0.1140162561	0.0447138799	-0.0916106707	-0.0515579267	-0.0803801862	0.0640739998	-0.0499509362	0.1101268667	-0.0929220583	0.0069089484	-0.0043973578	-0.106880062	-0.0335213719	0.1053640816	-0.0630766812	0.0436996054	0.0960347696	0.0988807444	0.0495311036	-0.0047803988	-0.0122489626	0.0657695762	-0.0727785796	0.0369142257	-0.0270218886	0.20993595	-0.0740885191	-0.0606452798	0.0977637256	-0.0396526656	-0.0752564784	-0.0848775193	-0.1673446386	0.0867745549	0.0155773853	-0.0208362061	-0.0478839709	0.1006781154	0.0570441334	0.0948908259	0.069567307	0.016121774	0.0124820533	-0.032231104	0.1131151115	-0.0171441203	-0.0043536957	0.0263473141	-0.1213396653	-0.0354413812	0.0843147405	-0.0865012391	0.0968041582	0.033330912	-0.1742260163	-0.0577768611	-0.0092217094	0.1016912399	-0.0480042033	0.0498041274	-0.0843166493	0.0721838169	-0.0525988514	0.0757104601	0.0259901365	-0.0627351911	0.200190278	-0.0855134357	-0.0017867997	-0.1724526135	0.096107181	-0.0398816943	-0.0647846865	-0.0130516141	-0.0398923438	-0.0247805135	0.0600137273	0.1056350099	0.0891959718	-0.0789294497	-0.0321840301	-0.0255026853	-0.1009472586	0.0712666859	0.0686388165	-0.1023837949	0.0	0.0	0.0	0.0	0.0727917512297011	-0.0031634890139998	0.0052986390470866	1.000766274169747e-05	0.0508875660392789	0.0107198975632628	0.0001149162037668	0.0025895443774019	-0.062293077384453	-0.0179007072209601	0.0003204353190105	0.0038804274900254	-0.0016970533677588	7.60937920001037e-08	5.790265180955044e-15	2.879990133021485e-06	-0.0008299183010662	-0.0002588108409649	6.887643864446078e-07	6.698305140095875e-08	0.0010807968941498	-0.0002232203820058	4.982733894281534e-08	1.168121926403854e-06	0.0	0.0
1039.5930380161053	0.1826691779233442	1080753.684691555	0.0333680285631904	1605.7956178137597	7.167541057505787	2578579.566189874	51.37364481103117	1024.2024130953275	-0.5956911896087149	0.3548479933774459	1048990.582990292	1065.8691741260502	1066.5716420816734	1.416153	28.544889	0.051653266079266	0.0387830150055676	-0.152694177	-0.0377641077	-0.0375918648	0.0427483039	0.0750696274	-0.0343106528	-0.1427972279	0.0874988579	0.0405749871	-0.0450329706	-0.1113244839	0.018162158	-0.0383208811	0.037538478	0.086395844	-0.0332190951	0.1354992194	-0.0020084573	-0.0960722763	-0.087135334	0.0269547468	0.0817632237	-0.0380722287	-0.0222460349	0.0970457947	0.0547083572	0.0161223988	-0.1096497163	-0.0836762326	-0.0653434794	0.0870072526	-0.0264089707	0.0120639088	-0.066749371	0.0131907871	-0.0089809773	-0.0295390621	0.051275127	-0.0305220543	0.0246148192	0.0614203689	0.0132966043	-0.0547177348	-0.0055900368	0.0499493608	0.0670865273	-0.0165335054	0.056614666	0.1070075176	-0.0893340685	0.0156318229	0.1384795642	-0.0020772247	-0.0090147036	-0.0364084034	-0.0193354117	-0.0601090007	-0.0548200029	-0.0176895786	-0.0186586567	0.1917737643	-0.0521040365	-0.0481134579	-0.0289507675	0.0579100375	-0.1130637489	0.1513797866	0.0181424561	0.1627038094	0.1623097269	-0.0967483768	-0.0977636983	-0.1646695324	0.0383750286	-0.0134073996	-0.0210011491	-0.0955437514	-0.0451205975	0.0043517376	-0.0187241467	-0.0256130967	0.0530018881	-0.015185364	-0.0548747622	-0.0334429963	0.1871327016	-0.0290895464	0.0590344039	-0.0003864603	-0.0955092454	0.0029531697	-0.0098586754	0.0668043332	0.0835565077	-0.0133270109	-0.0245683359	0.0676116209	0.026463253	0.0266559733	0.0028397714	-0.053455474	0.0005778306	0.0025961032	0.0050591408	0.019010622	-0.0345174008	0.0379225225	0.0507881747	-0.0993441032	0.0994689885	0.0603517498	0.0770536166	-0.0909965791	0.0223761077	0.0999382357	-0.0606032854	0.0460958551	-0.0393565839	-0.1429939952	-0.0145915853	-0.1024727871	-0.0685147232	0.1376008007	0.0402969621	-0.0472714145	-0.1681855813	0.1166868225	0.1007050319	-0.170687871	0.0356882747	-0.119177543	-0.0669316305	0.0230351287	-0.038739985	-0.0893496981	-0.0319376967	0.0962787848	0.0323185081	-0.0078420938	0.1248422012	-0.1136461706	0.0254490083	-0.034264087	-0.1310666542	0.0543080099	0.1295269285	-0.0126758538	-0.0410965556	0.0353223051	-0.0519349091	-0.1150927848	-0.0988142218	-0.0276763402	-0.0988924352	0.0763299729	0.0613392042	-0.1065079649	0.0	0.0	0.0	0.0	0.0732610285933219	0.0004692773636208	0.0053671783105515	2.202212440068925e-07	0.0135683001074227	-0.0373192659318562	0.0013927276096926	0.000184098767805	-0.058240738950559	0.004052338433894	1.6421446782814474e-05	0.0033919836735071	-0.0016971347063677	-8.133860890011635e-08	6.615969297806084e-15	2.88026621155778e-06	-0.0008297515689983	1.6673206790001826e-07	6.884876662551405e-07	2.779958246621629e-14	0.0008847972778287	-0.000195999616321	3.841584959801838e-08	7.828662228530778e-07	0.0	0.0
1036.1100600077214	-3.4829780083839523	1073524.056449204	12.131135806886244	1600.0957915123472	-5.699826301412486	2560306.542015525	32.48801986627354	1023.0181292825216	-1.1842838128059157	1.402528149274117	1046566.09284071	1065.4706169882345	1064.699075066117	1.565412	31.553446	0.0715852578475857	0.0363396407406387	0.0978990693	0.1138676253	-0.1053650926	0.0134781314	-0.1572904128	0.033775105	0.0504484763	-0.1234143735	-0.0990934697	-0.0045995594	-0.105716153	0.0293869255	0.068144314	0.0181790927	-0.0587785199	0.1842183114	0.0912481772	-0.0450176797	-0.0119947922	0.0883754679	-0.09001394	-0.0004045601	0.0470891962	0.0150201005	-0.0678366059	-0.0496788525	-0.1267879758	-0.0279933539	-0.1504602141	0.0931311315	0.0613606386	-0.0638953074	-0.0354674228	-0.1328715021	0.0885131716	0.0101540198	-0.1239003358	0.1664590142	-0.0010413909	0.1894547482	0.0230589641	0.0702091303	0.1599567237	0.0604618366	0.0304088416	0.0320615446	0.0111048656	0.0877069917	-0.0121481468	-0.049826037	-0.0968199909	-0.1385430906	0.0322228881	-0.1288153421	0.1429527101	0.0224128633	-0.0510719246	-0.0887323581	-0.1032974896	0.1106857651	-0.0448484634	-0.0554029152	0.0496458173	-0.0333684212	0.0407782023	0.1182122533	0.0817582604	-0.0001197214	0.0322877884	0.057475532	-0.0374444594	0.1217184239	0.0864484675	-0.0317968756	0.0300122137	0.0170669094	-0.1641399072	-0.0728858917	-0.033522768	0.0950284975	-0.0659520434	-0.0560737244	-0.023000162	0.066666749	-0.0672205183	-0.1205026763	-0.0288037521	0.0556102293	-0.1916156778	0.0556815717	-0.0670476918	-0.11997625	0.0427280119	0.1037326958	0.0376023789	-0.0632835049	0.0487479523	0.2390281391	0.0257691989	0.0563328252	-0.1331356774	-0.067515951	0.0732041566	-0.0370967905	0.01074062	-0.0173387482	0.1385608818	-0.0772298778	0.0207366233	0.006391038	0.0092552397	0.0219469296	0.1363804248	0.0529416857	-0.0281507484	0.1185847683	0.1651486204	-0.0331534941	-0.0217177728	0.0327435193	-0.082336958	0.0530370378	0.0059336178	0.0220473824	0.0709193003	-0.016635071	-0.1667801794	-0.131515624	0.1196509559	0.1153576686	-0.0550441588	0.1030130268	0.0008463452	-0.0070529721	0.047369605	0.0858734019	0.0620262512	0.19379241	-0.0361269528	0.0108520483	-0.0211919546	-0.0350799969	-0.0360113223	0.0550670762	0.1241810747	0.1961368644	0.0128760639	-0.1132196326	0.0665460232	-0.0188088441	-0.0428917127	-0.0463322081	-0.0298390534	-0.0966812426	0.0811217445	0.0536517856	-0.1095802943	0.0	0.0	0.0	0.0	0.0619302153465781	-0.0113308132467437	0.0038353515728735	0.0001283873288325	0.0402978311811779	0.0267295310737551	0.0007144678314228	0.0016239151979067	-0.0398511277961972	0.0183896111543618	0.0003381777984086	0.0015881123866288	-0.0016972119993807	-7.729301299995092e-08	5.974209858610582e-15	2.8805285708418333e-06	-0.0006023152995269	0.0002274362694713	3.6278372004417924e-07	5.172725667106727e-08	0.0009599897627988	7.519248497009996e-05	5.6539097959787085e-09	9.215803446784964e-07	1.0	0.0
1037.7899498109484	1.67988980322707	1077007.9799286108	2.822029750986284	1605.5864025481203	5.4906110357731	2577907.6960474146	30.14680954615335	1023.5416975453136	0.5235682627919687	0.274123725803	1047637.6066139422	1066.7351774308931	1050.288056673965	1.439978	29.02511	0.0904844441436368	0.0437309019707853	0.0076042261	-0.1249185337	0.1253876861	-0.0924622123	-0.0187338069	-0.0416369916	0.1088313087	-0.0206645082	0.0326833154	-0.0007131866	0.0777567967	-0.0094029788	0.0865189316	0.0112215285	-0.0670603162	0.0161129663	0.0981976295	0.0632423657	0.0584728619	0.037140588	0.1562584994	-0.0704896552	-0.0356089689	-0.1230263661	-0.104309499	0.0979956795	0.0212423899	-0.03159444	0.0797435115	-0.0013279038	-0.055734963	0.0271132159	-0.0089760326	0.0639319293	-0.1239983785	-0.0135227139	0.0830806388	-0.0001783083	0.0105696416	0.0717791809	-0.1032170306	0.069389531	0.0550751141	0.0167022643	-0.2255454155	-0.0261280329	0.0397708931	0.1287298901	0.0346156343	0.0470006051	-0.0999748054	0.0304193704	0.1692680944	-0.1336732902	-0.0074101282	-0.1365803286	0.0056702051	-0.0901350552	-0.0340091923	0.0986943222	0.05920846	0.0478923093	-0.0710653179	-0.0211227524	0.1752637149	0.1022054106	-0.013464625	-0.050721485	0.0123145384	0.0495581795	0.1244180249	-0.1173621851	0.0839807496	0.0868784801	0.0410695725	-0.0226685153	0.0268809496	-0.1237787915	0.0008987409	-0.0199881252	0.1447207775	-0.0131692608	0.0917782473	0.049710255	0.0618187195	0.0814683995	0.1200078742	0.0272646492	0.0378861644	0.0327048761	0.0397400723	-0.0626466201	-0.1759747765	-0.1156643769	0.041830731	-0.0617102673	0.1180279792	0.1322239731	-0.0399092428	0.0905779871	0.0278966865	0.1032366119	-0.0132332683	0.0958565235	0.0856268044	0.0988245873	-0.0171207312	-0.1194933513	-0.1449239812	-0.0320757248	-0.0252505607	-0.0773813263	-0.0221070663	0.1830861916	-0.015742177	-0.1207987778	0.0290611128	0.0513235969	-0.0586032492	0.1161299573	-0.1704492743	0.0848737212	0.0372008533	0.0099538213	-0.060847164	0.1139770874	-0.1351435467	-0.0011138958	-0.0258188635	-0.1562795448	0.0277692425	0.0553909121	0.0117734992	-0.1664680485	-0.012218627	-0.0237683097	0.0746879168	0.0846861465	-0.1254145193	0.1508611137	-3.12085e-05	0.0536481474	0.0575901338	0.0321285783	-0.0107355804	0.0675041066	0.1037059821	-0.0452593712	0.1064180764	-0.082971404	0.0895575804	0.0210884444	-0.0319899701	-0.094317177	0.0856249559	0.0456251632	-0.1115704417	0.0	0.0	0.0	0.0	0.0699191868697681	0.0079889715231899	0.0048886926925295	6.382366599834068e-05	0.007532341780589	-0.0327654894005889	0.0010735772956601	5.673617269960667e-05	-0.0580784951803252	-0.018227367384128	0.0003322369217559	0.003373111602411	-0.0018439807727521	-0.0001467687733713	2.1541072836945358e-08	3.400265090279432e-06	-0.0009759867279992	-0.0003736714284722	9.525500932305844e-07	1.396303364565292e-07	0.0010696018776697	0.0001096121148709	1.2014815726471389e-08	1.144048176714548e-06	0.0	0.0
1041.1469783974171	3.357028586468686	1083987.0306260718	11.269640930367949	1606.203974338288	0.6175717901676308	2579891.207180112	0.3813949160108521	1025.0609704254489	1.519272880135304	2.308190084314622	1050749.993089563	1066.51419960666	1062.8716327719444	1.334603	26.901121	0.1244958515856346	0.0934873056968581	-0.0538738408	0.0937903716	0.0474941448	-0.0401404089	0.0567805859	0.1115666825	-0.0693099349	0.097552689	-0.0250568832	0.0856862737	0.0737104847	-0.0441846562	-0.0522833966	-0.0817239489	0.0753162765	0.006108996	-0.0271663715	-0.1506117442	0.0181864069	0.023234486	-0.0663930367	0.0290295216	0.0036631297	-0.04148864	0.0486446714	-0.1209219008	0.1206118962	-0.0387759615	0.084698437	0.0689215199	0.0440601432	0.133057308	0.0969500703	-0.0345660703	0.0176056295	0.0894716762	0.003971441	-0.0295847616	0.0493052566	0.154346141	-0.0299753358	-0.0258018578	-0.1052846175	0.034531474	-0.0781097216	-0.0861354695	-0.0593628812	0.039543066	-0.0686362898	-0.0305224769	0.0552725248	-0.0085188965	-0.0161658494	-0.1925627854	0.0670029014	-0.0433081591	0.022120077	-0.047124306	-0.1054575886	-0.0646150054	-0.0562998747	0.0061594039	-0.1958852172	-0.0214832237	-0.0003699207	0.0087714021	-0.0200560826	0.0659128726	0.1064147525	-0.0626890723	0.0313948923	-0.0016105228	-0.0614244767	-0.1321393313	-0.041435493	0.0800965442	-0.0102937279	-0.0113081419	0.0414511677	-0.0093056259	-0.0454030512	0.0367431382	0.0264152326	0.0252460774	0.0352310742	-0.0684402743	-0.1111089939	-0.0137050762	0.1632414732	-0.0138725106	0.1198610183	0.0639874126	0.0237263367	-0.0066789595	0.0837927872	-0.0475199401	-0.0383413916	0.091803539	0.1191241971	0.0965653359	-0.0124666194	0.0910179611	-0.0976980958	0.025218447	-0.0239953948	0.0133239119	0.0057514472	0.067070682	-0.1705128727	0.0350493373	-0.0069012602	-0.0890945311	0.1055386707	0.1353752623	-0.0751520011	0.0543058087	0.082535876	0.0473925152	-0.017961902	-0.0050485724	0.0026063866	-0.0766433267	-0.0478786164	-0.0658382221	-0.1091455496	0.0105249767	0.141226958	-0.0069662633	-0.0333972813	0.0998654336	0.1121010123	-0.0433086522	0.0083503497	0.0533683196	-0.0437230336	-0.0083048044	-0.1433726958	0.0047615471	-0.0010475291	0.028530876	-0.1092055377	0.0053093473	0.1227009503	-0.1449154725	-0.0775147997	0.0915774212	0.0203251157	-0.016477111	0.0849489796	0.0402421863	0.0115958643	-0.0710145053	-0.0341282399	-0.0918039766	0.0898235884	0.0373100838	-0.112458753	0.0	0.0	0.0	0.0	0.0669937872867336	-0.0029253995830345	0.0044881675350201	8.557962720418455e-06	0.0994695984921776	0.0919372567115886	0.0084524591716525	0.009894201024195	-0.0520466756168787	0.0060318195634464	3.638284724597591e-05	0.0027088564427685	-0.0017569584705445	8.702230220760006e-05	7.572881081510873e-09	3.0869030672180685e-06	-0.0008306515284755	0.0001453351995237	6.899819617586843e-07	2.1122320220593685e-08	0.0013092718904897	0.00023967001282	5.7441715045138986e-08	1.7141928832264733e-06	0.0	0.0
1040.132855429428	-1.014122967989124	1081876.3569437754	1.0284453942030698	1603.963126243429	-2.240848094858848	2572697.7103485945	5.021400184232527	1026.0384398575668	0.977469432117914	0.9554464907249174	1052754.8800653496	1067.8637706947454	1060.4794360318651	1.217817	24.547094	0.1136127772159097	0.0747891295169188	0.0720567515	-0.0216790967	0.1079748864	0.0918243692	0.0759537991	-0.0061214118	0.019604744	0.0217448717	-0.0247542349	-0.1013980963	-0.0608070877	-0.0486455376	-0.0494043709	0.1884106092	0.1116239381	0.1418648985	-0.0668854412	-0.0265557549	0.0603500292	0.0012786197	0.0389318954	-0.0397935459	-0.0914480716	-0.0189546456	-0.0165284552	0.0075509201	0.011450516	-0.069132623	0.1819755201	0.1058819292	0.0236822529	-0.0166850221	0.069140782	0.0499330358	-0.0586075935	0.0765001907	-0.1082352014	-0.1105932397	-0.1031381228	0.0110209215	0.0001285043	-0.0240455129	-0.0610894385	-0.0842658295	-0.0430376678	0.037746548	0.099415965	-0.0628916352	0.0542731515	0.0060114026	0.0935687408	-0.0108155528	-0.126471601	-0.0134231391	-0.0007264429	0.0285714445	-0.0090570756	0.0082144837	-0.0357119143	0.0959325117	0.0729744406	-0.2010885686	0.0878284844	0.0612320342	0.1300894674	-0.0668830705	-0.090966395	-0.0638426487	-0.0179128203	0.0365380202	0.1147117904	-0.0205717686	0.0227900023	-0.0511002598	-0.1391543699	-0.0777398534	-0.0289727234	-0.0171158913	0.1183351752	0.0547172271	-0.0156946323	0.0531396798	0.0024683801	0.0570906367	0.0191838109	-0.035609475	0.0603126965	-0.0970834049	0.1627594403	0.0020965726	0.0402961734	-0.0769893966	0.068510524	-0.1252184922	0.0114461298	0.1110103662	-0.1100170851	0.0795901105	-0.047359264	0.0099571152	-0.0607194107	0.0721133373	0.001433189	-0.0734611166	-0.08798548	-0.0216924229	-0.0048999423	0.000782027	-0.0804399112	-0.1034782861	-0.012992044	0.0862939349	-0.0256141949	-0.0513280386	0.1576266567	-0.0657411059	0.017807257	-0.0287915042	-0.1078941884	0.03758513	-0.0386325777	0.0643984381	-0.0400741132	0.1274962246	-0.1310005168	0.0933583007	0.0247606069	0.1624677799	0.062433585	-0.0348581115	-0.0657811399	-0.147897983	0.0224060626	-0.0404515034	0.0589494944	-0.1184472125	-0.0805682667	0.0669491462	0.1105510889	0.0558077469	-0.0868324159	0.0593045145	-0.0904001874	-0.1330592746	0.0707167919	0.0623340269	-0.0651406825	-0.0163781729	0.0313625611	-0.0393404772	-0.0962536629	-0.0760618205	-0.0362530174	-0.0891456152	0.093702707	0.028759118	-0.1122364555	0.0	0.0	0.0	0.0	0.0700774133748183	0.0030836260880847	0.0049108438653051	9.508749851116624e-06	0.0277075074217236	-0.071762091070454	0.0051497977148041	0.0007677059675248	-0.0616807973885897	-0.0096341217717109	9.281630231215582e-05	0.0038045207664922	-0.0014619573300817	0.0002950011404627	8.702567287435258e-08	2.137319234979613e-06	-0.0009558391352664	-0.0001251876067909	9.136284525068192e-07	1.5671936894032988e-08	0.0011468018720302	-0.0001624700184595	2.6396506898230288e-08	1.3151545336919711e-06	0.0	0.0
1039.9044367246029	-0.2284187048251169	1081401.2375195136	0.0521751047139839	1611.7342169335548	7.771090690125675	2597687.186034419	60.389850514157935	1025.1831913271055	-0.8552485304612674	0.7314500488561574	1051000.5757796287	1067.1293891152811	1071.5793377992245	1.233915	24.871572	0.0853132797881301	0.0456879000352313	-0.0973158179	0.0200633558	-0.045752145	0.0933014294	-0.0148568153	-0.0777140792	-0.124730454	0.0630022485	0.0399274994	0.0589785052	-0.1066430539	0.0929727366	-0.0662963461	0.0526662692	0.1076340161	-0.0941119551	0.1248098817	-0.1089912268	0.0533471065	0.1885970658	-0.0095086828	-0.0727757457	-0.153800177	0.0291312503	-0.1565785104	-0.0848264637	-0.1275091967	0.038966501	0.0215020707	-0.0223523745	-0.0589176252	-0.1004482627	-0.016421517	-0.0135663405	-0.1404835683	0.1546123873	-0.1079711176	-0.0392220616	-0.0845552849	-0.034338262	0.0056650134	-0.0783291497	0.0413470548	-0.0044837198	0.2341187348	0.0251545344	0.0017130922	0.132247136	-0.0306362349	0.0370857124	0.0093941605	0.0229854128	-0.1685171144	0.1771637758	-0.097332021	0.0775181712	0.0262612615	0.0014741951	0.0130901774	-0.03427148	-0.0462576438	0.0974099812	0.0798217488	0.0271433013	-0.0758303056	-0.0572564159	-0.0018696624	0.0041034218	0.1147192572	0.0610647189	-0.0190978543	-0.0097365008	-0.1372305466	0.0336764885	-0.0304778841	0.1058928277	-0.0343033884	-0.1067245386	0.0890472707	0.1595836479	0.0218517456	-0.039617895	-0.1293851481	0.1435590922	0.0739554596	-0.1138428264	0.1082349748	-0.0749370148	-0.0699841253	-0.0570681945	-0.1700245074	0.0041825397	-0.0476538322	-0.1031445188	-0.1530932731	0.0724347433	-0.1633009086	-0.0228481107	-0.0602050049	-0.0630348749	0.0542679292	-0.1303184517	-0.0917609412	-0.0972127257	-0.0180667049	-0.0352693868	0.0396821004	-0.1046432606	-0.0409781095	0.1085803636	0.0931796702	-0.0073109355	-0.0109353194	-0.1160742227	-0.0367519638	0.0939954371	-0.0756976894	0.0230600661	0.0570317097	-0.0943043422	0.0330180163	-0.0036674548	0.0237835315	0.1183451919	0.0863840147	-0.144020985	-0.0432429596	0.0803584263	-0.0797607115	0.0977645658	-0.1120600773	0.0052910587	0.0365796815	0.0468806046	-0.004948234	0.0175777991	0.1160322229	0.0674878859	-0.0758691963	-0.1424419957	-0.0214532294	0.1641854555	-0.0131643181	-0.0721236213	0.0219561218	-0.0415066066	-0.0222122281	-0.0348014427	0.1780445194	-0.0628828434	0.0214158873	-0.0307950563	-0.0383634626	-0.0863462963	0.0972485133	0.0200263279	-0.1109057446	0.0	0.0	0.0	0.0	0.0619220481669913	-0.008155365207827	0.0038343400491951	6.650998167303519e-05	0.0423405042478748	0.0146329968261511	0.0002141245961141	0.0017927182999643	-0.0381314875413778	0.0235493098472118	0.0005545699942799	0.0014540103421182	-0.0021040204480958	-0.000642063118014	4.122450475139879e-07	4.426902046005251e-06	-0.0008307208387141	0.0001251182965523	6.900971118738577e-07	1.5654588132149284e-08	0.0011591326156026	1.23307435723999e-05	1.5204723704828146e-10	1.3435884205537248e-06	0.0	0.0
1038.7183588998532	-1.1860778247496455	1078935.8291156045	1.4067806063628507	1606.544847285494	-5.189369648060847	2580986.346339571	26.92955734421516	1023.8832477007855	-1.2999436263199868	1.6898534316099576	1048336.9049223082	1066.220581166055	1060.9530507114412	1.245932	25.113798	0.0876275266709997	0.0498496794065897	0.0834767467	0.0277275265	-0.0819558914	0.070103243	0.0793876375	0.0642709669	0.083112823	-0.097958567	-0.0495755348	0.0167713034	-0.0578229033	0.0153686097	-0.0023975684	-0.066461083	-0.0431013733	0.0736620361	-0.0223287111	0.0533193889	0.0235074491	-0.0747479918	0.1064658799	0.111516915	0.0037659579	0.1010868204	-0.1563159194	-0.0690527296	0.1535321527	-0.0227023078	0.0100263224	-0.0159564613	0.0702075118	0.0410069635	-0.0487852827	0.0614580337	-0.0027993823	-0.0305285433	-0.0742925364	0.0337489372	-0.0197224825	0.0063777912	0.107681782	0.0737351064	-0.0467570598	-0.0118960193	0.0093639594	-0.0593048949	-0.0660173215	-0.0986198081	0.0759776605	-0.010173007	0.0680475464	-0.0721192215	-0.1132959203	-0.0519166405	0.0084264763	-0.0619206908	-0.0785895774	0.0026574197	0.0277701485	0.0439026282	0.0177343873	-0.0200648874	-0.0491484601	0.1277492549	-0.0594790098	0.1014666401	-0.114338593	0.0559153624	-0.0240578257	0.1213668071	0.0435722783	-0.0518358353	0.1065318154	-0.0374403696	0.0153915038	-0.041381493	-0.0412061189	0.0048224447	-0.1278870285	0.0086695974	0.0388770628	0.1651598196	-0.046953959	0.1400576314	0.1219074012	-0.0110975747	-0.0514146769	0.0006958873	0.0287907925	0.029227953	0.0147449444	-0.0170355784	0.0698547458	0.0631640102	0.0165434971	-0.1583840541	-0.041957437	-0.0758397419	0.0344067754	-0.0380327581	-0.0057419951	0.0606427828	0.1198142317	-0.0579534232	-0.0380062584	0.0009497629	-0.0429918985	0.101450207	-0.1045090807	-0.0641627748	-0.0140981228	0.0273757621	-0.009617858	0.0138737135	0.0474011817	-0.0595788751	-0.0766617018	-0.0306106837	-0.1289143706	0.0134942334	0.0129452916	-0.115794554	0.015219031	-0.0434464498	0.0303775868	0.0540339951	-0.0727223625	-0.0898108858	0.0945354625	0.0058879507	-0.1210982742	0.0680210125	-0.0207522336	0.0728956265	-0.0015969268	-0.1107200911	0.0535751403	-0.0762974505	0.0798587442	0.0341951123	0.0065918081	0.0382095016	0.012075992	0.0602811834	-0.0838966665	-0.0379127272	0.0823398077	-0.0741256516	0.0913596006	-0.0433111977	-0.0680779968	0.0244698693	-0.0404587412	-0.0834104461	0.1004483944	0.0111669248	-0.1084797619	0.0	0.0	0.0	0.0	0.0619040274575297	-1.8020709461601114e-05	0.0038321086154625	3.2474596949943985e-10	0.0792997133400916	0.0369592090922168	0.0013659831367222	0.0062884445358207	-0.0619520036640892	-0.0238205161227113	0.0005674169883523	0.0038380507579953	-0.0017160229079279	0.0003879975401678	1.5054209117634113e-07	2.944734620533326e-06	-0.0008929212710728	-6.220043235870005e-05	7.973083963342649e-07	3.86889378560922e-09	0.001072734973197	-8.639764240559985e-05	7.464552613245905e-09	1.1507603227199684e-06	0.0	0.0
1040.4477233425914	1.7293644427381878	1082531.4650087818	2.9907013758071628	1608.131844419114	1.586997133620116	2586088.029034822	2.5185599021184646	1024.1954076544794	0.312159953693822	0.097443836690129	1048976.2330605253	1066.3148244207352	1073.3866892477158	1.140918	22.997076	0.0523755268886712	0.03073221045583	-0.0629592586	-0.0221426254	-0.0710999559	0.0582068387	0.0454259998	-0.0502999046	-0.060131246	0.0616330523	0.0397948334	0.0530689124	0.0084625112	0.0417020855	0.0288943676	0.0564471251	-0.0340836985	-0.0367276788	0.0977588707	-0.077463003	0.0770786295	0.0313606728	0.0320473684	0.0358986461	0.1339668739	0.1041371103	-0.0658878898	0.0054205649	0.067956164	-0.0484535906	-0.0369874496	0.0162382445	0.0704776937	-0.036514166	0.0746669989	0.0506936433	0.190835146	-0.0520215176	-0.0067250922	-0.0272461078	-0.0060034529	-0.0616336991	0.0481526766	0.0136447449	-0.0121789138	0.0911301967	-0.0405330319	0.0616702278	-0.1156553536	-0.0432533494	-0.070173363	0.0432091357	0.0233592519	-0.0260531831	-0.0156052556	-0.0035374927	-0.0385158894	0.1212131738	0.0028104463	-0.0763466708	-0.0663646946	-0.0535367441	-0.1253788344	0.023903633	0.0949532546	0.1186150256	0.0137643841	0.0068657528	-0.0721956828	0.066259242	0.0301511955	-0.0764895891	-0.1490931876	-0.0270547947	-0.072614544	0.012631282	0.0568521014	0.0089608614	0.0183659995	-0.1275168419	-0.088739372	0.052420113	0.0569075671	0.0079526857	-0.0199622543	0.134381039	-0.0929686747	-0.0214032855	-0.1028705655	0.0116612873	-0.0302466474	0.0242005706	0.027016481	0.0067462605	0.1429133145	0.0188771631	0.1112132202	-0.0206261611	-0.0183346479	-0.1290666619	0.0106642711	-0.0530992516	-0.005254183	-0.0045796965	0.0880695334	0.1214895686	-0.0182278232	-0.039570839	-0.1238428342	0.0524767556	0.071575286	0.0554086673	-0.0310202332	0.0146358215	0.0829086316	-0.0840286015	-0.0425552826	0.0810890322	0.0621393515	-0.0131555792	0.0673470659	0.0272135822	-0.0190974548	-0.0723387441	-0.0214557079	0.0939342292	0.1081561792	0.0755286929	0.0621656897	-0.089506634	-0.0218396008	-0.0013506612	0.0160918873	0.1119345933	-0.0946894988	0.1189112311	0.0081721943	-0.0775769111	0.038837738	0.084378887	-0.027037689	-0.2280031475	-0.0426354538	-0.0226826975	-0.0182554805	-0.0366261968	-0.0284103878	-0.0458731697	0.0680562488	-0.0242757941	-0.0373394521	0.0256788418	-0.0432178968	0.0927986695	-0.0425380248	-0.0803427069	0.1032909678	0.0022369209	-0.1049824657	0.0	0.0	0.0	0.0	0.0558549468138096	-0.0060490806437201	0.0031197750835734	3.659137663422922e-05	0.1073371679823367	0.028037454642245	0.0007860988628159	0.0115212676304683	-0.0709669326667352	-0.009014929002646	8.126894492274812e-05	0.0050363055321249	-0.0017050102032913	1.1012704636599853e-05	1.2127966341298785e-10	2.9070597933274403e-06	-0.0008300114130759	6.290985799690008e-05	6.889189458362522e-07	3.957650233190133e-09	0.0011842936625647	0.0001115586893676	1.2445341173438972e-08	1.4025514791909117e-06	0.0	0.0
1041.828542004915	1.3808186623236909	1085406.7109360872	1.9066601782213863	1612.07145110597	3.939606686855996	2598774.363470908	15.520500847120474	1024.0901295219674	-0.1052781325120122	0.0110834851852168	1048760.59338432	1066.8655903782428	1062.2424090944314	1.116597	22.506847	0.1083387563761348	0.0818974913445061	0.0703920271	0.0502025454	-0.0398891048	0.0597474368	0.0803536413	0.0808357045	0.1190797385	-0.0202025119	-0.0329894347	0.108954987	-0.0345922033	0.0080388271	-0.1051194141	-0.1008526218	0.0178644296	0.0183915224	-0.0680409119	0.0273285272	0.0283833545	0.0527020377	0.0221319823	-0.080587236	0.0341769898	0.021879591	0.0900374161	0.0665270256	-0.0163265064	-0.0708616139	0.2425761221	0.1299647354	0.0915892971	-0.0212588915	-0.0311495729	0.0797716818	0.092239278	-0.1252316563	-0.0622436099	0.0600345748	-0.0121296184	0.0216071571	0.0863699965	-0.0145940292	-0.1453353867	0.1505556242	-0.0839830719	-0.0011727071	-0.26102327	0.091304909	0.0482749564	-0.0145848182	-0.100564912	-0.0714577967	0.0909017661	0.0699650617	-0.001014925	-0.1089238943	0.1611240128	-0.0929233744	-0.0097461968	0.1192909134	-0.1207231805	0.10556233	0.1272283344	-0.0642269325	-0.0560179422	-0.0895967578	0.044078565	-0.054110801	-0.0614086535	-0.1659105603	0.0272463242	-0.0584527421	0.1076271912	-0.049554621	-0.0657785194	0.0503288491	0.0445686089	0.0360387724	0.0129614154	-0.0470885651	0.0492528385	-0.0132187211	-0.1101871541	-0.0405603514	-0.1181642414	0.042380199	0.0888604279	-0.1850282037	0.138111415	0.0717392712	0.0542074558	-0.1397080109	0.0794935268	0.0311945206	0.1060394523	-0.0600158791	0.0421127844	-0.0860013428	-0.0307389348	0.0642412792	-0.0348885215	-0.0538086007	0.056335561	0.2563152957	0.0413843292	0.0838921241	0.0836937249	0.0079709734	-0.149123299	-0.009323828	0.0584774467	0.0796007937	0.0451419849	-0.0503958895	-0.1247797537	0.1000050511	0.0668558054	0.2261438783	0.0532658453	0.0066650922	0.0691307026	0.1017565008	0.0930386538	0.0917277787	0.0664089754	0.0275511099	0.0684230618	-0.0158915437	0.0655866235	-0.010659824	0.0909947064	-0.022718966	-0.0937889753	-0.0580030033	-0.0567156104	-0.0907670324	0.171537749	-0.0932365965	0.0596488283	-0.039585323	-0.0060546231	0.0476350474	-0.0547832087	0.0461255051	-0.0247542721	-0.0285485888	0.0884027676	-0.0577497834	0.0552156056	-0.0453728983	-0.0626148324	0.1023633929	-0.0446004913	-0.0771479294	0.1057661221	-0.0067072256	-0.1004483944	0.0	0.0	0.0	0.0	0.0653984184261275	0.0095434716123178	0.0042769531326388	9.107785041511754e-05	0.0267389150638166	-0.0805982529185201	0.0064960783735177	0.0007149695787899	-0.0739102931859321	-0.0029433605191968	8.663371145967043e-06	0.0054627314388304	-0.0017050612384364	-5.1035145099982e-08	2.6045860353762167e-15	2.9072338268182702e-06	-0.0006651302956786	0.0001648811173972	4.423983102295018e-07	2.718578287418221e-08	0.0013244349365443	0.0001401412739795	1.96395766726253e-08	1.754127901139104e-06	0.0	0.0
1042.3969628113562	0.5684208064410541	1086591.42807834	0.3231022131950983	1609.2251823303548	-2.846268775615272	2589605.6874461635	8.101245943042459	1025.1886198810955	1.0984903591281636	1.2066810690975218	1051011.7063337057	1067.547824986739	1077.6273854175802	1.165306	23.488649	0.0893605398474262	0.0597312947817515	-0.0695298283	-0.0735887903	-0.0654111573	0.1180788165	0.0243697558	-0.1206224758	-0.0249855927	0.0912530508	0.0147008939	-0.0491936733	-0.00903939	-0.0027693614	0.0037397422	-0.0520951659	0.1058734687	-0.0305998108	0.0143988687	0.0472751892	0.1162486283	0.0940436133	0.0418370892	0.0236175812	0.0632800629	0.0766087332	0.1466318423	-0.0520477059	-0.1135736409	-0.1342866509	0.0026311314	0.0693626606	-0.0920159609	0.064839683	0.0028954593	-0.1452121904	-0.1229172379	0.028258725	-0.0560789345	-0.0674256732	0.0485522986	-0.0347086472	0.0155630998	0.0200682278	0.0155215826	-0.051823097	-0.0704153157	-0.025180201	0.1703615123	0.0095032164	0.114508494	-0.1071750497	-0.0855402406	0.0033940335	0.0158288036	0.0456157178	-0.0503166868	0.1211158879	0.0458454168	0.1351037881	-0.0210243361	0.0882431291	-0.1471892926	0.0106919065	-0.0896432172	-0.0673516663	-0.0507415718	0.0512363117	-0.1307402281	0.0733591909	-0.0163214039	-0.052868718	0.1114285956	0.0184693078	-0.0768182689	0.0862283872	-0.0910084188	0.0334461162	0.0387152784	-0.0223982029	0.0638178985	-0.0043860785	0.0326955855	0.0954748335	-0.1348641297	-0.0505071236	-0.2470001283	-0.0870500696	0.0141699435	0.044983501	0.0181620204	0.04396095	-0.0113036478	0.0645673057	-0.0127618122	-0.0210145136	-0.1411232615	0.1158547556	-0.0156242089	0.1544564253	0.026708625	0.0198923449	-0.0194295887	0.0295089818	0.0131095588	-0.0229063061	-0.0056823951	0.0692407592	0.0931248373	-0.0488928453	0.0961515438	0.0300451942	-0.1596089164	0.0414195144	0.0333988741	-0.034322244	-0.1118387472	-0.062342964	-0.0454889168	0.0080024376	-0.0683313891	0.0507925076	0.0938650253	0.033641914	0.0144960662	-0.0713399773	-0.1333854435	0.19216655	-0.0218800093	-0.0500513104	-0.080513667	-0.0094440167	0.0743522341	-0.0980049965	-0.0469540418	0.1063624811	0.0519097318	-0.0464907221	0.087062537	0.0385579959	-0.0065707733	-0.1383033419	0.0707903915	-0.0515845725	-0.0951302971	0.0534785145	-0.0583651276	-0.0058688991	0.0185123273	0.0652805633	-0.0676986184	-0.0053604297	0.0671267066	-0.0088406646	-0.0466453256	-0.0738311651	0.107865053	-0.0156089668	-0.0949223249	0.0	0.0	0.0	0.0	0.0673412072903971	0.0019427888642696	0.0045348381993282	3.774428571129967e-06	0.0835529333386091	0.0568140182747924	0.0032278326725284	0.006981092669486	-0.058083840378373	0.0158264528075591	0.0002504766084698	0.0033737325131003	-0.0017529873710517	-4.792613261529982e-05	2.296914187459305e-09	3.07296472306675e-06	-0.0008300891554948	-0.0001649588598162	6.890480060700702e-07	2.7211425431860722e-08	0.0012417743309597	-8.266060558460007e-05	6.832775715612816e-09	1.5420034890304105e-06	0.0	0.0
1039.7363988576374	-2.6605639537187926	1081051.779109448	7.0786005518277735	1602.9431164518317	-6.282065878523099	2569426.6345803104	39.4643517021042	1024.6668612905648	-0.5217585905306805	0.2722320267925623	1049942.1766270576	1066.7836560119554	1071.2912096712591	1.25688	25.33448	0.105228550046228	0.0540968785255463	0.058962087	0.0986821659	-0.1284116136	0.0241138102	-0.0358796924	0.0531661195	-0.014004234	-0.066516174	-0.1169162563	0.0075195146	-0.0663912503	-0.0163804815	-0.1022828303	-0.0594361571	0.0883711076	0.0482924894	-0.057361772	0.0262479048	-0.1316833596	-0.0963967629	0.1349249285	0.0454044752	0.123724807	-0.0354116092	-0.1150916109	-0.0004024901	-0.0483474142	-0.0556807453	0.0382050941	-0.0146020774	-0.0543676112	-0.0297137099	0.0482225093	-0.0071784901	-0.1560158868	0.1727410783	-0.0121820216	0.0125596372	0.108601053	-0.0194630112	-0.0247544947	-0.0557970244	0.0148875848	-0.0841034915	-0.0129956167	-0.0302210389	-0.0727196508	0.0551639579	0.0462627514	-0.0786699002	-0.0792672041	-0.0125857884	0.0382772024	-0.0213585864	0.0184799491	-0.0995773764	-0.0330619498	-0.0446738969	0.0293369749	-0.180342144	-0.1862701298	-0.1064421864	-0.0439686091	0.1060440875	-0.0056365929	-0.0054743396	0.1281126338	-0.1174091948	0.0393414117	-0.0823589581	-0.0297457855	-0.0176858916	0.0178695265	-0.0178137848	-0.0939833217	0.0114496198	-0.1039508942	0.121250842	-0.0849641286	-0.1097015433	0.0738871571	0.0772314425	0.0731345705	0.1363431619	-0.0408857892	0.0841918701	0.0589169157	0.0002713004	-0.0411003105	-0.0863400174	0.0041069117	0.046012515	-0.0548773289	-0.0638147887	-0.0883629412	-0.0079569923	-0.1036701638	0.1091183008	0.0801133917	0.1285164448	0.1216820584	-0.017179173	0.0251278014	0.0214376268	-0.0282037936	0.058770926	0.0541454958	0.0964362395	-0.0440277969	0.0453288198	0.0996603067	0.0021079698	-0.0672898311	0.0311629961	-0.1170213618	-0.0467099093	-0.0145896194	-0.0533810574	0.0370080096	0.1664523333	0.0067482462	0.0882409025	-0.1108324368	-0.0141564355	-0.0440164377	-0.1134656881	0.0077470332	-0.0272703228	0.0634876717	0.1102926451	0.0203518472	-0.0837163701	-0.0218008022	0.0365006368	-0.0604007021	0.0698661872	0.1433333563	-0.0713301619	0.0369104259	0.0318472178	-0.0002183848	-0.0019771694	-0.0209599988	0.0344319309	-0.1751241203	-0.093326915	-0.0854789368	0.0063258434	-0.0312207732	0.0875851353	0.1199663574	-0.058389861	-0.048671719	-0.0703976585	0.1095802943	-0.0244120232	-0.0884588311	0.0	0.0	0.0	0.0	0.0710953131095237	0.0037541058191266	0.0050545435461412	1.4093310501200256e-05	0.0376241189407267	-0.0459288143978823	0.0021094559919951	0.0014155743260659	-0.072973765925667	-0.014889925547294	0.0002217098828039	0.005325170513374	-0.0014339982678099	0.0003189891032417	1.0175404798700765e-07	2.056351032081794e-06	-0.0010451911894437	-0.0002151020339489	1.0924246224907369e-06	4.6268885008953776e-08	0.0009627513825119	-0.0002790229484478	7.785380576050366e-08	9.268902245285748e-07	0.0	0.0
1039.3576532953057	-0.3787455623316873	1080264.3314635248	0.143448200985946	1609.886162981074	6.943046529242338	2591733.457757925	48.20589510722407	1024.2046938181447	-0.4621674724201057	0.2135987725631891	1048995.2548391195	1066.551344551798	1079.080413868882	1.284571	25.89263	0.1288701355242165	0.0832756404764482	-0.0265504826	-0.1271992829	-0.1160456219	0.0706103024	0.0137191802	-0.1510452682	-0.0082970623	0.0098997352	-0.0264542703	-0.0519568707	0.1258846365	0.1216605876	-0.0020457401	-0.0265167813	0.0550613736	-0.0441640593	-0.0038798071	0.0771530962	-0.0328722247	-0.0930929713	0.0873650721	0.0814201941	0.0615116468	-0.0331954584	-0.0058018431	0.0882987939	0.0366602745	0.015549248	-0.1387410894	0.1065191387	-0.1208061839	-0.0039328873	0.1150714744	0.0308799251	-0.0171912091	-0.0221247898	-0.0243920164	0.0143158208	-0.0065544678	0.0049115771	0.1010218238	0.1475975174	0.0228868935	0.0105538065	0.1814829138	0.0269241865	0.0663354787	-0.0593181526	-0.0073281608	-0.1177996186	0.0630741234	-0.0833632338	0.140166096	-0.1059788943	-0.0931080181	0.1004704757	-0.044426101	0.0129257996	0.0568186776	0.0188712734	-0.0649410069	-0.19102665	0.0609384591	-0.106350796	-0.0244713971	-0.0736504336	-0.0165806383	0.0239021268	0.0744484193	0.0171125684	-0.0756646105	-0.0212469805	-0.0867734896	0.1369991738	-0.023725322	-0.1350782731	-0.0163623949	0.0386405589	-0.0175696732	-0.0471255331	-0.0008269995	0.0923942685	0.0446386514	0.0284583983	-0.0486487537	0.063883207	-0.081888536	0.0248958772	-0.0746290972	0.0952721064	0.0251999283	-0.0018106969	-0.0550153076	-0.1216534194	-0.0791384301	-0.0449578055	-0.0647298749	0.0104895435	0.1595875869	-0.1315678129	-0.1632330891	-0.0889628068	0.0669204705	-0.0419436304	-0.0385519354	-0.1355022905	0.0586197364	0.0837588061	0.1197866066	-0.0529480724	-0.0434460313	-0.0005679945	-0.0358147236	-0.0150223816	-0.0416691024	-0.1016660065	0.2409175253	0.0079841878	-0.0350812846	0.0196821069	0.0698093997	0.0509293944	-0.0204172701	-0.0458893414	0.0475433379	-0.0926957504	-0.0238740722	0.1007327471	-0.0726260684	-0.0354388741	-0.1314618175	-0.0676838874	0.066728453	0.2133363359	0.0140691614	-0.0464064948	-0.0367969392	0.0190451248	0.0593304063	0.0318115074	0.05902744	-0.1356031714	0.0177506685	0.051448763	-0.0760346692	-0.0032271466	-0.0260056006	-0.0160576809	-0.0080533526	-0.0247231719	-0.1070333212	0.0995529799	-0.0506788705	-0.0668528388	0.1109057446	-0.0330607388	-0.0811217445	0.0	0.0	0.0	0.0	0.0835589637212166	0.0124636506116928	0.0069821004181635	0.0001553425865703	0.1174633180045532	0.0798391990638265	0.0063742977071533	0.0137976310766387	-0.0580231574663798	0.0149506084592871	0.0002235206933029	0.0033666868023683	-0.0016743996481527	-0.0002404013803427	5.779282367072354e-08	2.803614181733885e-06	-0.0011758583163401	-0.0001306671268963	1.3826427801061748e-06	1.707389805135989e-08	0.0010240164230609	6.126504054900016e-05	3.753405193470633e-09	1.0486096346984403e-06	0.0	0.0
1038.365005836448	-0.9926474588576184	1078201.8853457267	0.9853489775764872	1601.5872684438175	-8.298894537256501	2565081.778441329	68.8716505405058	1024.0890889999894	-0.1156048181553615	0.0133644739807342	1048758.4622088282	1066.792602972809	1067.5288502041676	1.428449	28.792742	0.0847861143325394	0.0609834982173463	0.0528520872	0.1237421193	-0.0925158736	-0.0598456065	-0.1175103377	0.0930364782	-0.0176222079	-0.0934929596	0.0791546655	0.0719818396	-0.0918784901	0.0466801292	0.0065360168	-0.050628354	-0.0220817633	0.0619878831	0.046977934	-0.062773709	0.0604003098	-0.0227378762	0.0275227511	0.0473797401	-0.0316181305	0.0727207711	-0.1072086215	0.0722569085	-0.0673402129	-0.0573383318	0.0881566157	-0.1067278684	-0.0185053245	0.0636151671	-0.128783355	0.1259328446	-0.0153726475	-0.0284174313	0.056729865	0.0124827199	0.0904007313	-0.0643865406	0.0218129771	-0.0605503061	-0.0484637585	0.0341433745	0.093646474	0.0157397764	0.0258874492	0.077908228	0.0380065798	0.113697313	-0.1003482729	-0.1177769204	0.0203716229	0.0598609768	-0.0654980744	0.0518440963	0.0102811098	0.1515725785	-0.0217284511	0.0558581333	0.1157564238	0.0790481056	-0.0093157764	-0.0270720408	0.1233875717	0.0100304032	-0.0487025095	0.0258196228	-0.0563088263	0.1389206553	-0.1159157356	-0.0854995683	0.0596872473	-0.0688761204	0.0441709785	0.0735004983	-0.0573655774	-0.1005524073	-0.1169656215	-0.0061950533	-0.0202542666	0.0967954823	-0.0241111834	0.0506373866	0.0286561289	0.0426392945	0.2312205673	-0.0292373713	0.0588097798	-0.0065151459	-0.0385651118	-0.0565835397	-0.0306240237	0.0702768514	-0.0537276871	0.0465840328	-0.0393768253	-0.1443394812	-0.0410702881	-0.0365966409	-0.0072267514	-0.1562410984	-0.0606498755	-0.0485806413	-0.0279034716	-0.0086737246	-0.0808643716	-0.1631290579	0.0046563574	-0.0226370745	-0.0524626016	-0.0128677145	0.060596388	-0.0649939474	-0.0875360879	-0.096450659	-0.119921379	-0.0414270277	-0.0519221055	0.0837320149	-0.0364584569	-0.1189265249	0.0782157085	-0.044254237	0.0979170612	0.0527547665	0.0450361797	0.0991199053	0.0798207961	0.1037507236	-0.0491057243	0.0982392253	-0.0358786409	0.0195243506	-0.0356136478	0.0999685726	0.0300832978	0.0094820664	-0.0879722756	-0.0058561541	-0.0152938699	-0.0251337899	-0.0771827179	0.0292247902	0.0673866117	0.0634953353	-0.1836798545	0.0127394922	0.00308097	-0.0786736716	-0.0900058366	0.0047857073	-0.0526659867	-0.0632023111	0.1118366891	-0.0415004339	-0.072983524	0.0	0.0	0.0	0.0	0.0729317641110185	-0.0106271996101981	0.0053190422163452	0.0001129373715549	0.0595602313172349	-0.0579030866873183	0.003352767447919	0.0035474211545625	-0.0581328584227378	-0.0001097009563579	1.2034299825859171e-08	0.003379429228398	-0.0016750636446353	-6.639964826001335e-07	4.408913289053494e-13	2.805838213578895e-06	-0.0008598642396002	0.0003159940767399	7.393665105432302e-07	9.985225653470183e-08	0.0010302808914117	6.264468350799949e-06	3.924356371817423e-11	1.0614787152080873e-06	0.0	0.0
1038.4829119296917	0.1179060932436186	1078446.7583699718	0.0139018468239729	1608.0827417779476	6.495473334130111	2585930.104404081	42.191173834395336	1023.2226819183014	-0.866407081687953	0.7506612311990353	1046984.6567920814	1066.4279782489295	1071.4354073952895	1.340862	27.027266	0.0737681277683219	0.0461856702421701	0.0007906804	-0.1600021173	0.0027034852	-0.1210161362	-0.0920567773	-0.100687082	0.0827477356	0.0093592527	0.0608913268	0.0565370631	0.1046829844	0.0612256253	0.1350640979	0.0642861758	-0.0793054811	-0.1283998327	-0.0245845623	0.0761424315	0.1547047576	-0.0487289489	-0.0361210481	-0.0911892142	0.0003973857	0.0386666148	0.0070143837	0.0994551699	-0.0411971419	0.0791954766	-0.049118187	-0.0387184382	0.0830290398	-0.0423301452	-0.130379115	-0.0621193444	-0.0135245015	0.0240741281	-0.0517009615	-0.0810190116	0.0534829054	0.1101214434	0.0469542582	-0.0287054115	0.0657784539	0.1392070486	0.0892937136	0.1761922828	-0.0318950932	-0.1438779194	-0.0089931964	0.0158597841	-0.0808837272	-0.1124911596	0.0399950098	0.137905948	-0.0479996973	-0.1190532384	0.0146774668	-0.0418330137	-0.02762835	-0.0024075796	-0.0651685651	-0.1202150778	0.0261707406	-0.0468834469	-0.1334222933	0.0444625691	0.0193219	-0.0217947404	0.0614708344	0.098207563	-0.0326693053	0.2182917727	0.0297882979	0.1086800996	0.0608572013	-0.0571264933	0.1860412325	-0.035291014	-0.0714717609	-0.0096492444	-0.0279217629	-0.0889679953	0.0503208629	-0.0460208767	0.0132777396	-0.0623195503	0.0399671233	-0.0241462684	0.029789568	0.0011338913	-0.1747955976	-0.076012418	-0.0636678368	0.1758029288	-0.0435142235	0.0072999473	-0.0767236938	0.0388198947	-0.034721371	0.082214399	-0.0749809261	-0.0351684672	0.0565055671	0.0845138655	0.0058856002	-0.2232224782	-0.0506518284	0.0140294535	0.0127633269	-0.0334808864	0.1012830992	0.07685111	-0.0434783284	-0.0982682161	-0.0797126945	0.06612705	0.0675111158	0.124189502	0.0667630927	-0.0091458742	0.1125093158	-0.0073935167	-0.0201527802	-0.0813322135	0.0204596055	-0.075847316	-0.1218974392	0.0456900864	-0.0365171179	-0.1589608191	0.012331089	0.0791202858	-0.0449259275	0.0382193247	-0.057091046	0.0906662279	-0.0689803087	-0.0543300327	-0.0085714519	-0.0405082928	0.0472139444	0.0362510277	0.0740745936	0.0425879	0.0562930623	-0.0306501438	-0.0094482079	-0.0058369913	-0.15852188	-0.0351352992	-0.0314712952	0.148727329	-0.0546322818	-0.0594518474	0.1123698164	-0.0496777498	-0.0641245402	0.0	0.0	0.0	0.0	0.0719136655772842	-0.0010180985337343	0.0051715752967614	1.0365246243919354e-06	0.100689256288561	0.041129024971326	0.0016915966950919	0.0101383263319435	-0.0742505561652393	-0.0161176977425015	0.0002597801805186	0.0055131450908473	-0.0016939283441083	-1.8864699472999867e-05	3.558768862066015e-10	2.869393234973487e-06	-0.0008880968137245	-2.8232574124299964e-05	7.887159505476092e-07	7.970782416840919e-10	0.0012932497482296	0.0002629688568179	6.915261965611318e-08	1.6724949112959238e-06	0.0	0.0
1038.2280198674484	-0.2548920622432433	1077917.421237883	0.0649699633946134	1605.4545005433104	-2.628241234637244	2577484.15331477	6.907651987447504	1021.8664013202374	-1.3562805980640178	1.8394970606848895	1044210.9421471724	1064.139628728414	1061.311170092986	1.34122	27.034481	0.0929748983582701	0.0557584248398525	-0.0786700871	0.1087649185	0.1284646525	-0.0327681956	-0.0196799079	0.0947930248	-0.0341110206	-0.0524944359	0.0137809316	0.1045092974	0.0818359777	-0.0580164983	0.0622956689	-0.0564336187	-0.1506079799	-0.0870285826	-0.1038504595	-0.0259258184	-0.096114029	0.1154427984	0.0136671333	0.0084637311	-0.02951558	-0.1037204095	0.0735202941	-0.010127723	-0.1377602488	0.0425702744	-0.1189073555	0.0341130398	0.0229857856	0.1763883063	-0.0352189438	-0.0416500946	0.1215339361	-0.0988060555	0.078563999	0.0598572326	0.0911656466	0.0030493998	-0.1179126432	0.0480968494	0.006842202	0.0699537472	-0.1395662941	0.0805104905	-0.0865619443	-0.0463954445	0.0499007735	0.0382772891	-0.0298855695	0.1165148211	0.0327108519	-0.0577235345	-0.1520130007	0.1417979282	-0.0498774195	-0.0544186351	0.1260378616	0.0272614285	0.0613189491	-0.007761536	-0.0307604569	0.0060900536	-0.1439402836	0.1604417709	0.0007889903	-0.0816531663	-0.1087006827	-0.0390402898	0.0383274153	0.0355558642	0.0142792214	-0.054164936	0.1471761233	0.059498623	0.0727602151	0.1632419926	0.1065999968	0.0188258717	0.0562643465	-0.0262356745	0.070486421	-0.1353931531	-0.02378803	-0.071310842	0.0622715114	0.1079011638	-0.1070514788	0.0389408086	0.0877879588	-0.0442843705	-0.0696406641	0.0741175773	0.1066247714	-0.0638954127	0.1178206608	0.0366195726	0.0377451815	0.0093941491	-0.0270550785	-0.0107496846	-0.0494820042	0.1852655434	0.0877663336	0.07082947	-0.1082716582	0.0110613803	0.0957029916	0.0924886102	0.0113436318	-0.0108630128	0.0353956668	-0.1025127763	0.037308164	-0.0916312203	0.07607743	-0.0646284373	-0.1065374202	-0.0991597089	0.0958059547	-0.1144884645	-0.0181647752	-0.0942115678	-0.0223568749	0.1101736276	-0.0905829961	0.0310940882	-0.0360798207	0.0790049979	0.1259610379	0.0213124186	0.0090237677	-0.129394622	0.0443298055	-0.0232267715	-0.0976384649	0.0488765289	0.0693092209	-0.0281048367	0.0516980084	-0.0734480726	-0.0429402283	0.1206337625	-0.1165886658	-0.0611245107	-0.0710128736	0.0503086888	0.0357921851	-0.0603356477	-0.0878044826	0.1185138414	-0.0565769786	-0.0556073782	0.11250323	-0.057540987	-0.0546322818	0.0	0.0	0.0	0.0	0.0835200709377801	0.0116064053604959	0.0069756022494518	0.0001347086453921	0.0484560137757341	-0.0522332425128269	0.0027283116234037	0.0023479852710341	-0.0612943526884919	0.0129562034767474	0.0001678632085308	0.0037569976715012	-0.001526996449847	0.0001669318942612	2.7866257321665823e-08	2.3317181578453416e-06	-0.0008878692679206	2.275458039000108e-07	7.883118369178621e-07	5.1777092872502175e-14	0.0011368282481308	-0.0001564215000987	2.4467685693158877e-08	1.292378465748144e-06	0.0	0.0
1039.40238315199	1.1743632845416414	1080357.3141020364	1.379129124079432	1601.389070936974	-4.065429606336465	2564446.9565163846	16.527717884077067	1023.64268121908	1.7762798988426312	3.155170279032388	1047844.3388133872	1065.8272600143728	1058.6663249765347	1.257664	25.350281	0.0291207838767913	0.0169083623702997	0.0901033729	-0.0403510954	0.1627514081	-0.015112275	0.0301982333	0.0575012218	0.0634380803	0.0203226222	-0.0125667832	-0.1182045619	0.055846531	-0.0394626912	-0.0126717754	0.0465238566	-0.0192872909	0.0836104717	-0.1388988312	0.0495040656	0.0814414629	-0.0453325242	0.0983604698	-0.0117335454	0.0156944697	-0.0237293499	0.0084119027	-0.053494846	-0.0835801529	-0.103058833	-0.1887403655	-0.0487356209	-0.0024714647	5.40035e-05	0.0227743578	-0.0166218418	0.1081159661	-0.0184768434	0.0780861603	0.0359309944	0.018856781	-0.0065232905	-0.1675563926	-0.0854730481	-0.1042879031	0.0123932414	0.0411275874	0.0030873862	0.0660285081	-0.0536903336	0.0849325617	0.0891758486	0.1111927266	0.0811488517	0.0268609178	-0.0234391852	0.0621416559	-0.005892189	0.0330026903	0.017129972	-0.0172262006	-0.1832253638	-0.0002216416	0.1140965464	-0.0894123195	0.1408331974	-0.0722124265	0.0493257614	0.0825376147	-0.0525454148	-0.2003207457	-0.0704963556	-0.053624756	-0.0907783633	0.0571842234	-0.0663018193	-0.0481327639	-0.0740232965	0.0853352904	0.0532058301	0.0944801667	-0.0391884693	0.0240232857	0.098622517	0.0209714415	0.0234305457	-0.081805265	-0.0164544509	0.0042291132	0.2334341089	-0.1165256976	-0.0384400686	0.0459960527	-0.0104569146	0.0308037674	0.0502938634	0.0745240242	-0.0055182774	0.0878013663	-0.0774908565	0.0145309432	0.0552423514	0.0755095073	0.024629231	-0.1708129993	0.0014403508	-0.1070711906	0.0021653275	-0.0982183544	0.0238963363	0.0050031634	0.0626411709	-0.1038739438	0.0140794514	-0.0824229519	0.039462065	-0.0261148775	0.0214281794	-0.1397221753	-0.0929583172	0.0826195378	0.0135852149	-0.0279330386	-0.0809925391	-0.0129540893	0.0107254118	-0.0260604254	-0.0488525669	-0.0982304277	-0.0381107332	0.0542509697	-0.0963294036	0.045107069	-0.1020057376	0.0315859812	-0.0317056867	0.1108625302	0.0420294571	-0.0562049968	0.0198722083	-0.0663450699	0.0014865737	-0.0056781052	0.0204085908	-0.0965074877	-0.0187489649	-0.0890774159	-0.0493552064	-0.1801470169	0.1113666641	-0.0239862592	0.0288237319	-0.026757483	0.2009118877	-0.0584993082	-0.0516749823	0.1122364555	-0.0650404315	-0.0446004913	0.0	0.0	0.0	0.0	0.0835214370352446	1.366097464497451e-06	0.0069758304444323	1.866222282506365e-12	0.0638724266969035	0.0154164129211694	0.0002376657873559	0.0040796868921513	-0.0640959426763743	-0.0028015899878824	7.848906460202951e-06	0.004108289867573	-0.0015900413750678	-6.30449252208001e-05	3.974662596096276e-09	2.5282315744275007e-06	-0.0007779403343524	0.0001099289335681	6.051911638123239e-07	1.2084370435441724e-08	0.0011818826867473	4.505443861649999e-05	2.029902439047966e-09	1.3968466852330166e-06	0.0	0.0
1040.540622521151	1.1382393691608286	1082724.7871167045	1.295588861507641	1605.5722942758114	4.183223338837479	2577862.392146093	17.499357502594584	1024.156842933068	0.51416171398796	0.2643622681310367	1048897.2389266288	1065.2753988339443	1062.8296919576337	1.374832	27.711987	0.1088000856968033	0.0626440499145463	-0.1453756761	0.0758649706	0.0785539657	-0.0079831399	0.0795983598	0.0407561387	-0.1490226764	0.1057113765	-0.0503056177	-0.0246395042	-0.036746744	-0.051203302	0.0010171949	-0.0524277272	0.0509128534	-0.1678822203	-0.0964381311	-0.0564633353	-0.1914290883	0.0227491769	0.1657101291	0.0152686563	-0.2101311838	-0.0345561601	0.0781511228	0.0332587252	0.0741577962	0.0286770288	-0.0203124235	-0.041228293	-0.0666248383	-0.0210200503	-0.0649485115	0.1983363217	0.0371034926	0.0368474635	0.040900716	-0.0828035491	0.0268874458	0.0386597129	-0.1513784688	0.0074400547	0.0217537743	0.0400580644	0.0610275587	-0.0063198224	0.0168414312	0.0717504676	-0.0296176094	0.1482466551	-0.0079940621	-0.0572491309	-0.02112847	-0.0778714774	-0.0194809527	-0.0994446427	0.1245503878	-0.1339638625	0.0134406246	0.0109035051	0.002070531	-0.0886859775	0.0063845324	-0.0516568275	0.0795039413	-0.086326202	-0.0988146297	-0.0890768028	0.0124993237	0.0665874538	0.0602937957	-0.0966423425	-0.1751513851	-0.0401314482	0.013574395	-0.0455095053	0.0318632202	0.1976695657	0.0441439134	0.0141471778	0.1648311547	0.0114967046	-0.0243573569	-0.1250480099	0.2092678784	0.1073507957	-0.015305476	0.0100105201	0.0047368697	0.0123173469	-0.0558658495	-0.1389364091	-0.1169075262	-0.0498268391	0.0831472263	0.0437371057	-0.0132890979	-0.0870247879	0.0693322758	0.0033277644	0.0775011159	-0.0018416528	-0.0927191021	0.0061280146	0.0021079143	-0.0581731292	-0.0391440431	-0.1224262377	-0.1519535883	-0.0279891383	0.0230878102	-0.1303290887	-0.0519044255	-0.0652713825	-0.0039399076	0.0060107698	0.0730073115	0.0465173292	-0.0331639227	0.0891603809	-0.0557916377	0.0846768245	0.0542722795	0.0598203602	-0.036154345	0.0259211042	0.0841464227	0.0683743615	-0.12220691	0.1064137807	-0.0574070736	-0.0274745244	0.0403710527	-0.1622046035	-0.0731022215	0.0131065624	-0.0621293828	-0.0791657915	0.0762832692	-0.1199191615	0.0291487329	-0.0683552001	-0.0367622484	-0.082698579	-0.0424156553	-0.0263893796	-0.0583876289	0.0176703286	0.0598006811	-0.0577774932	-0.0231211376	0.0535913738	-0.0603985106	-0.0476608776	0.1115704417	-0.0721286695	-0.0341282399	0.0	0.0	0.0	0.0	0.0699822521615374	-0.0135391848737072	0.004897515617601	0.0001833095270444	0.0064817521914903	-0.0573906745054132	0.0032936895201862	4.20131114718893e-05	-0.0523032121058264	0.0117927305705479	0.0001390684943095	0.002735625996587	-0.0016560149114224	-6.597353635459983e-05	4.352507499131705e-09	2.742385386853339e-06	-0.0010127969230331	-0.0002348565886807	1.0257576073053152e-06	5.5157617246735546e-08	0.0009611628968399	-0.0002207197899074	4.871722565676684e-08	9.238341142616682e-07	0.0	0.0
1038.5643319403569	-1.976290580794057	1078615.8715787197	3.905724459735311	1606.8360690461827	1.2637747703713558	2581922.152787789	1.597126670227173	1022.9529634714652	-1.20387946160281	1.4493257580690715	1046432.7654750528	1065.7199612867246	1072.665297240951	1.55703	31.384495	0.0336664819007685	0.0177434679383034	0.1481481268	0.0255402988	-0.0004884738	0.0398424142	-0.0444244279	-0.0257960256	0.0830140596	-0.0373625499	-0.060991518	-0.0155479757	-0.1519817849	0.0671941067	-0.0053318279	0.1037194642	-0.0652855807	0.0448636389	-0.0409379907	0.0830793891	-0.1022258171	0.2515684366	-0.0785902347	0.0283484065	0.19394885	0.0560487414	-0.0123813457	0.0677627673	-0.1645034633	-0.0031943853	0.0311406255	-0.0458007717	0.0389639586	-0.0486248428	-0.0154794271	0.0172970898	-0.0319874115	0.0197472184	0.1454635021	0.0311394105	-0.1346200719	-0.0747978124	0.0425353478	-0.0410152808	-0.0281015494	-0.0689107619	0.057647594	-0.133689775	0.1152846907	-0.0512210856	-0.1631138054	-0.0125904258	0.0214353403	-0.0370983855	-0.0854102672	0.0071428637	0.0881027325	0.0488793053	0.1938633619	-0.0528442012	0.1124377197	-0.0056208537	0.0298466596	0.0131948598	0.0099596722	-0.1235829575	0.0153600099	0.0940687236	-0.0117505848	0.1995144403	-0.1210209873	-0.0419950364	0.0418153013	-0.0536538871	0.1112184503	0.0070651885	0.0051498157	0.036785334	-0.0529915221	0.0885918036	-0.045721705	0.1918848429	0.075948063	-0.1238607663	-0.0153534958	-0.0285882826	-0.2214771436	0.0003984775	0.0529676025	-0.1130190216	-0.1055682612	-0.0811250585	0.0479153192	0.1015881754	-0.0179028074	0.0282880584	0.0266336576	0.0471737291	-0.0422039104	-0.0788860541	-0.1073952257	-0.083785987	0.0352747072	-0.0426922622	-0.0818442728	-0.1093423364	-0.0787150829	0.014671921	0.0337329364	-0.0060869238	0.0581034435	-0.0514833291	-0.0969176564	-0.2132367349	0.1233538847	-0.0048643642	0.1060223641	0.1211637985	-0.0843936958	0.0586250236	-0.0187428045	0.0397017713	-0.059458292	0.1400911061	0.0572975649	-0.1625487001	-0.0067977598	-0.0622109507	-0.0663161213	-0.0234307681	0.1870664394	0.0126914626	-0.0954902052	0.0248029506	-0.0173957899	-0.0610531183	-0.0092754654	0.0435596395	0.0600032092	-0.1226267906	0.0518008363	-0.0701272702	0.1753804808	0.123158918	0.0538964862	0.0223882735	0.0380891088	0.065805418	0.0125568341	0.06283913	-0.0671066061	-0.0354283694	-0.0271446266	0.0747465388	-0.0622738351	-0.0435714113	0.1105075577	-0.0787608868	-0.0233189482	0.0	0.0	0.0	0.0	0.0668349274822617	-0.0031473246792756	0.0044669075315591	9.905652636777877e-06	0.0200547921805736	0.0135730399890833	0.0001842274145452	0.0004021946894059	-0.0582161669820209	-0.0059129548761945	3.496303536791236e-05	0.0033891220980785	-0.0014930160378807	0.0001629988735416	2.6568632775863052e-08	2.229096889368984e-06	-0.0009812380148248	3.155890820830012e-05	9.628280417373143e-07	9.959646872999126e-10	0.0009872683622142	2.6105465374299977e-05	6.814953224087751e-10	9.746988190291087e-07	0.0	1.0
1036.6406261592183	-1.9237057811385512	1074623.787803776	3.700643932385884	1612.2016446539697	5.365575607786923	2599194.1430249647	28.789401602878005	1022.7130890965724	-0.2398743748927927	0.057539715730208	1045942.0626094536	1066.6733706778457	1065.4637759354955	1.390276	28.023298	0.0650211732272691	0.0365803640494603	-0.0300543391	-0.0965350021	0.0437996265	-0.1012080379	-0.1367025642	-0.1281310217	0.021354223	-0.019374091	-0.0097862555	0.0864630336	0.0648658069	0.0831308555	0.0831660102	-0.0618120066	-0.1024173199	-0.1470384801	-0.0032923088	0.1302919396	0.0093595552	-0.0189499609	0.0162040738	0.0708463409	0.177828403	-0.1063594912	-0.0708702874	-0.0666990306	-0.0417247587	-0.0517708106	-0.0862773586	-0.0931057434	0.0016337041	0.0538388382	0.0181896622	0.0576831076	-0.0824319956	-0.0293135705	0.06479868	-0.0347092453	-0.0348219607	-0.0132001183	-0.0883765779	-0.1440638592	-0.0454483067	-0.0227314788	-0.1635564961	0.0727855635	0.122714221	-0.0425000043	-0.2007797551	-0.1417044925	0.0441425512	-0.0172282037	-0.0696683386	0.0148541623	-0.1380860739	0.0009342278	0.0643728693	0.0790034421	-0.053422589	0.1085231387	0.0429946251	0.0110519244	0.0395560694	-0.1486985925	0.0560637214	-0.05193322	0.0062647311	-0.0255557868	0.0692405684	-0.0360315184	0.037386864	-0.0368261213	0.0509589356	0.1688692937	0.099891968	0.0862886038	0.0894711371	0.0473104413	-0.1129822299	-0.0165246361	0.0156077023	0.0352522928	0.1544027521	0.0397040912	-0.0435553175	0.0296656481	0.0086543367	0.1139473812	-0.0166940062	-0.1858825936	0.064889954	0.0676375098	-0.0883542246	-0.0879600126	-0.0293227641	0.0562782124	-0.0094076607	0.0077564369	-0.1344281826	0.0223095953	-0.0804559346	-0.0135092294	-0.1538733654	-0.0398511044	0.1346331551	-0.0043277923	-0.0647471149	0.1387280373	0.0884835487	-0.0961285622	-0.0442802526	-0.0873207517	0.1249479161	-0.0124933245	0.0526279392	-0.0753120836	-0.026271947	0.0951168631	-0.0557398384	-0.0853316486	0.0624836286	0.1016523226	0.063593108	0.0813113756	-0.1013043731	-0.0066088556	0.0162319943	0.0505562469	-0.0738004552	-0.086785916	-0.0488875892	0.109570914	-0.0422848839	-0.0769645961	0.0066287075	0.0677788776	-0.0426872061	-0.00568751	-0.0381236017	0.0604370947	0.0005985954	0.0991508564	0.0579087976	0.2099120895	0.0176451007	-0.1543517556	-0.0764366052	-0.0334747856	-0.0759450529	-0.153670867	0.1064802564	-0.0665360123	-0.0641245402	-0.0394130496	0.1090515843	-0.0848951525	-0.0122793656	0.0	0.0	0.0	0.0	0.0650636523681953	-0.0017712751140664	0.0042332788594893	3.13741552971098e-06	0.0498403834001663	0.0297855912195927	0.0008871814443006	0.0024840638174755	-0.0677335008296609	-0.0095173338476399	9.057964356743392e-05	0.0045878271346416	-0.0014669082456978	2.6107792182900047e-05	6.816168126654967e-10	2.1518198012961973e-06	-0.0008879886509245	9.324936390029998e-05	7.885238441707135e-07	8.695443867810568e-09	0.0013468506670504	0.0003595823048362	1.2929943395131396e-07	1.814006719334108e-06	0.0	0.0
1040.385369690243	3.744743531024597	1082401.7174655034	14.023104113150564	1595.6101449804105	-16.591499673559156	2545971.7347644065	275.27786141771355	1022.9656245975704	0.2525355009979648	0.0637741792642931	1046458.6691082972	1064.6692381499538	1050.4541190610043	1.195815	24.103605	0.0785228427999784	0.0518934229757027	-0.0018158022	0.0494817325	0.0604932462	-0.1582801559	0.0517486042	0.1296833067	-0.0223453548	0.0354576492	0.1088583061	0.0164488613	0.1120403111	-0.0059653958	-0.0452980027	-0.0006706759	-0.0486304776	-0.0677657683	-0.0747350156	-0.0837231084	0.0234468146	-0.0196106608	-0.0991304912	-0.1058401308	0.102171075	0.0458983709	-0.0894490384	-0.0864164187	0.0217134843	-0.0350089213	0.0075643751	0.0122787336	-0.0603206803	-0.0658114132	0.0853132783	0.1009829891	-0.1478437467	-0.1214306646	0.0125497472	0.1543486868	-0.0086495488	0.0158371119	-0.0054586718	-0.1895264088	0.146352397	0.0375895732	-0.0587203791	-0.045011133	-0.0724825875	-0.0631560185	-0.0124993174	-0.0296472511	0.0508824947	0.1384749479	-0.1164620786	-0.0131530462	-0.0596167382	-0.0178727121	-0.1829315267	-0.0066935855	0.0192110198	-0.0265649166	-0.0441303418	-0.0002062769	0.0970173917	0.0128590902	0.0797425364	0.043156571	-0.0188018233	0.1175972318	-0.0037281849	0.033328457	0.066382636	0.0909887666	-0.0192984015	-0.1256094462	0.0537350831	0.0688856651	0.101795538	0.0099888441	-0.0064495541	-0.0328803204	-0.0956052395	-0.1065302147	-0.0595659301	0.1349358874	-0.0267445244	-0.0534655196	-0.0640539589	0.0128763478	-0.0409932298	-0.0050390374	0.0329827655	0.0484243578	0.0002504579	-0.1800751426	-0.0536807255	-0.1405468185	0.0114617777	-0.1275591196	-0.1594455824	0.2091711745	0.0582348265	-0.0142416309	0.0478505194	-0.1439415168	0.1368351272	-0.0709755508	-0.0280812335	0.110274421	0.0370380509	0.0364299391	0.0293661311	0.0080383886	0.0991998137	0.029260435	0.0905277901	-0.0541366251	0.0387298655	0.0183135696	-0.0569018996	0.0002822791	-0.0371209056	0.005165535	-0.1100962508	-0.0285036358	0.1376742014	0.1237672611	0.0103865677	0.0383257324	0.0283126623	-0.036542089	0.1017906703	0.0865328402	-0.0296125199	0.0648031998	-0.00833918	-0.0112904875	-0.1341001587	0.0579989446	-0.0192620917	0.0510727912	0.0683057112	0.1163860581	-0.007312008	0.0405936482	0.0681634982	-0.2038288336	0.1162992047	0.0864565995	0.0155506894	-0.0470234976	0.1069540914	-0.0054833348	-0.0659498943	-0.0351923678	0.1072077007	-0.0904926836	-0.0011185157	0.0	0.0	0.0	0.0	0.0717691962097717	0.0067055438415764	0.0051508175245967	4.496431821130319e-05	0.0996382685199108	0.0497978851197445	0.0024798293623992	0.0099277845536458	-0.0753492675232934	-0.0076157666936325	5.799990233184223e-05	0.0056775121162968	-0.0017013807782212	-0.0002344725325234	5.4977368507936894e-08	2.8946965525005763e-06	-0.0008881927628345	-2.0411190999999803e-07	7.888863839515824e-07	4.166167180384727e-14	0.0014002469655175	5.339629846709982e-05	2.8511646899876067e-09	1.9606915644409662e-06	0.0	0.0
1045.3101817843988	4.924812094155868	1092673.3761421328	24.25377416274391	1607.6952308086638	12.08508582825334	2584683.955164923	146.04929947624973	1024.3537337150156	1.3881091174451967	1.926846921934483	1049300.571775893	1066.8477753368404	1070.0742506289218	1.255298	25.30258	0.076167213882391	0.0413160225255779	0.0329707052	-0.080820176	0.1067610315	-0.0898913192	-0.0298911768	0.0199162508	0.1087213907	0.1276301604	0.0395920444	0.0780915794	-0.0411995485	-0.1696033446	-0.1012364819	-0.0719030567	0.0299273459	-0.0364816551	-0.0577023091	0.0456691816	0.0928784672	-0.079626305	0.0135893094	-0.0995018459	-0.0682419608	0.0999258004	-0.0262333413	0.0512999472	-0.1469703208	0.1165755235	-0.0421871214	-0.0266617602	-0.0881553668	-0.0140678781	-0.0320173718	-0.0739377427	0.0962101408	0.1321768539	-0.0355346568	0.0503397474	-0.0477928001	-0.0334468446	-0.0139208594	0.0654335593	0.0094216945	0.0838255658	0.0614535461	0.0402535957	0.0346942278	0.0083079172	0.0973367116	-0.1779002287	0.1770140163	0.1707328228	0.0801626457	0.1682676549	0.1080390841	-0.005346212	0.0416245508	-0.0547403398	0.1440720074	0.057793088	0.0648904829	-0.019701348	-0.1106945465	0.0974371935	0.101058302	0.0161751893	0.0269740901	0.0103925789	-0.0997311132	-0.0864587841	-0.0492470438	-0.073365324	0.0560022911	-0.0379793548	-0.0848362761	0.0345869501	0.1818315596	-0.0242848029	0.0621002302	-0.0829603845	-0.0262490284	-0.0561500587	-0.0976798887	-0.0140666533	0.0379916018	0.0001226135	0.1554048545	0.0277755942	-0.1657434969	0.0364974294	0.0219639193	0.0302695631	0.0866690187	0.0707247606	-0.0660744797	-0.0005122257	-0.0936925631	0.0295900375	0.0814057689	-0.0987472944	0.0297113936	0.0414501289	-0.0548115358	0.0305695995	0.1344542741	-0.0322627577	0.0667740361	0.0592309789	0.079496881	0.0624495054	-0.054006983	0.0827447422	-0.3093738604	-0.0067225678	0.1299149229	0.1091551662	-0.1060823953	-0.0551418851	-0.1247286337	0.0086842541	-0.1036507617	0.0363761365	-0.0181672993	0.0407461268	-0.0478875692	0.0109704124	-0.0289806994	0.0326946799	-0.021969457	-0.1007941327	0.1193867508	-0.1518855166	-0.1281395906	0.0179731408	0.0059194145	0.15406605	-0.0407164203	-0.0570918858	-0.1116861713	-0.0962319636	-0.098579783	0.037138739	-0.0506915476	-0.0703300843	0.0569943858	-0.0019813922	0.0125349808	-0.0270868953	-0.0437639437	0.0606317446	-0.1511482488	-0.0593005279	-0.0677491758	-0.0309160396	0.1049824657	-0.0955180909	0.0100533803	0.0	0.0	0.0	0.0	0.0758005014351539	0.0040313052253822	0.0057457160178207	1.6251421820193925e-05	0.0672490500830633	-0.0323892184368475	0.0010490614709498	0.0045224347370743	-0.0975094602463997	-0.0221601927231062	0.0004910741415252	0.0095080948375442	-0.0019499264304412	-0.00024854565222	6.177494123746519e-08	3.80221308413316e-06	-0.0008882655926569	-7.282982239997187e-08	7.890157630981137e-07	5.304183030811442e-15	0.0012971354976188	-0.0001031114678986	1.0631974812224632e-08	1.6825604991827717e-06	0.0	0.0
1041.46546270495	-3.8447190794488506	1084650.3100072355	14.781864799878017	1610.4741294333276	2.778898624663725	2593626.9215740343	7.722277566157943	1024.2706618558443	-0.0830718591712411	0.0069009337861665	1049130.3887386094	1066.3026873662654	1088.2436989130815	1.393911	28.096561	0.1299212677197478	0.0698005710474927	-0.1299315508	0.0200472439	0.0244791588	0.1348128278	-0.0936568928	-0.0934228262	-0.1611925141	0.0282719801	-0.1007178083	0.0399052984	-0.1259183218	-0.1548203904	-0.1173398302	0.0881198994	0.0461503102	-0.1092477431	0.0050669652	-0.0627747611	-0.1045042778	0.0247173072	-0.0142826567	0.0147455827	0.0051896778	-0.3297881639	-0.0925876992	0.1220884337	-0.0350382579	0.0972323321	0.1628406943	-0.0449309013	0.1970925095	-0.0270100357	0.0158555732	0.0429224096	0.0289273298	-0.0242238769	0.003534689	0.0406632598	0.0553860064	0.0518905376	0.0309101676	-0.1574136037	0.1297610322	-0.0707737197	-0.028970631	-0.077026899	0.1114508868	-0.0227546888	-0.0134420669	0.1711322721	-0.0353932809	-0.0983487982	0.0243241139	0.0876123847	0.0295472429	0.1666324892	-0.0293322771	0.0577247595	0.0208689865	-0.0441826678	0.0789428153	-0.1117517852	-0.0693801299	0.0796136809	-0.0658546055	-0.0734796271	0.1235146164	-0.0548903557	-0.0184356752	0.063272424	-0.0003176456	0.0201051547	-0.1168649186	0.0624055599	-0.0135372761	0.077607598	-0.0320224297	0.1028751178	0.122857576	0.0105623251	0.0161045304	-0.0681967027	0.283891546	0.0588024098	0.054591396	0.0676275936	0.0975693867	-0.197858523	0.0414106134	-0.0965428252	-0.0473903042	-0.0457118406	0.0377651782	0.0296225454	0.1372095011	-0.0265292658	-0.0141368615	-0.0181908883	-0.1094371127	0.1664170685	0.0125639989	-0.0530921331	0.1036199207	-0.0251451392	0.0018070066	0.0245973799	0.058932472	-0.1286867182	0.1056180967	-0.0573029847	-0.0767188298	-0.1288886859	-0.0098260687	-0.0917459108	0.0278663887	-0.0070548514	-0.0011177949	-0.1937582292	0.0786477949	-0.0438960204	0.0317177674	-0.0908038765	-0.0224931332	-0.0111015622	-0.1223676419	-0.0968991447	0.1233892329	-0.1018189597	-0.1322494045	0.1174288266	-0.0608812043	-0.1217960393	-0.0354961854	-0.1164747892	0.0190955412	0.0711336245	0.1166295468	-0.03542937	0.1001482322	-0.0630746564	-0.0179629214	0.0427346989	0.0176724288	0.0106153199	0.0012075772	-0.0716154447	0.0132908957	-0.0928540911	-0.0033708825	0.1752886009	0.170365147	0.0380742684	-0.0695216732	-0.0265908268	0.1023837949	-0.099939602	0.0211259922	0.0	0.0	0.0	0.0	0.0714051381029179	-0.004395363332236	0.0050986937474967	1.931921882236477e-05	0.0071861882762647	-0.0600628618067985	0.0036075473684225	5.164130194192422e-05	-0.0759572605783915	0.0215521996680082	0.0004644973105296	0.0057695054345736	-0.0014796068757594	0.0004703195546818	2.2120048351608683e-07	2.189236506794493e-06	-0.0008871597142763	1.1058783805999691e-06	7.870523586348062e-07	1.2229669926784106e-12	0.0008903440724271	-0.0004067914251917	1.6547926360949447e-07	7.92712567306073e-07	0.0	0.0
1036.439655840386	-5.025806864563947	1074207.1601985376	25.25873463989809	1603.9794085279425	-6.494720905385066	2572749.9429816483	42.18139963884581	1021.7437031370728	-2.5269587187715388	6.385520366375497	1043960.1949002588	1064.734634257274	1068.7392068932925	1.407129	28.362991	0.0960325875161771	0.0669715886486908	0.1014833752	0.0486016742	-0.1083910116	0.0788238184	-0.0523535763	-0.0399199851	0.0259592967	-0.1559348584	-0.1855949988	-0.0479198311	-0.0584257962	0.0953112628	0.0342277965	-0.102685153	-0.0772431169	0.0720876345	0.0172517886	0.1531188243	-0.1822582409	0.0192476518	-0.084518661	0.0159706536	-0.0332069941	-0.06057265	0.0799306364	-0.1081260381	0.0604489996	0.1171505774	-0.0934473351	-0.0652929688	-0.0326085438	-0.1243304655	0.0142897158	0.0623924681	-0.1078927091	-0.0435573626	-0.005747736	-0.0012755926	0.011342601	-0.045050674	0.1445838773	-0.1174138452	-0.0220885525	0.0040237011	0.1492874126	0.084788001	0.0176082752	0.0690688372	0.0569932797	0.0509395201	-0.103698021	0.1713346625	0.0229726877	0.0050924993	0.0536655794	0.049727204	-0.0809302179	-0.0146090539	0.0626308834	-0.0616615406	-0.1300584586	0.0779556136	0.0651574555	-0.0241386798	0.0642839428	0.0579059381	0.0126809343	0.1030053978	0.1258371249	-0.0772587981	0.0493986021	0.0483010983	0.111189768	0.0843303992	0.0417229238	-0.0125996668	-0.1801652501	0.1279566859	0.0256011117	0.0230238226	-0.0504217353	-0.0587497894	-0.0301956676	-0.1261567319	0.0743983504	0.0449021155	-0.1459791342	-0.0243721544	-0.0752508035	-0.111227402	-0.0767149864	0.0600135099	-0.0540704772	-0.0451019614	-0.0932401446	-0.0401026839	0.0052619197	-0.1980781787	-0.0697278573	0.0394907853	-0.0307672974	-0.0761807322	0.022102074	0.0002915457	-0.0913063148	-0.0059164699	0.0869743836	-0.023063222	0.0452169841	0.1723933723	0.0877062311	0.1452710832	-0.0221022477	0.0799853759	-0.0156389817	0.0667133354	0.0124983583	-0.1193082462	0.0648372742	-0.0271037216	-0.0008197965	0.1512135804	-0.0121163241	-0.0357268068	0.0641756522	0.0239862655	-0.0944193367	-0.0983845361	0.1058831983	0.063966347	-0.1026291252	0.082704761	0.0487015227	0.0272812818	0.019076542	0.0066179895	0.1119547543	-0.104183201	0.0870996533	0.0574983598	0.0164553371	0.0364615777	0.0342044662	0.10306378	-0.0444956969	0.0169485759	-0.0292962666	0.0369487266	0.0739959845	0.1398390118	0.0377786679	-0.0778945804	-0.0712666859	-0.0222235685	0.0994209319	-0.1037292628	0.0319899701	0.0	0.0	0.0	0.0	0.0738176877712817	0.0024125496683637	0.0054490510278984	5.820395902322256e-06	0.0705907381847481	0.0634045499084834	0.0040201369490973	0.0049830523174676	-0.0556506351724266	0.0203066254059649	0.0004123590353781	0.0030969931950945	-0.0012821054848704	0.0001975013908889	3.9006799403089525e-08	1.6437944743347636e-06	-0.0008870717955702	8.791870609997903e-08	7.868963704961387e-07	7.729698882294491e-15	0.0008909320134993	5.879410722000114e-07	3.45674704379699e-13	7.937598526779169e-07	0.0	0.0
1037.648664620736	1.209008780350132	1076714.751189197	1.4617022309637135	1600.2932365904462	-3.686171937496283	2560938.443077126	13.587863552785102	1022.4437622204456	0.7000590833728211	0.4900827202127945	1045391.2469034992	1064.7169507260303	1065.736165877067	1.330836	26.82518	0.0674999245293321	0.0323961230743855	-0.0392169494	-0.1336562672	-0.0629840161	-0.0249822988	0.0528810885	-0.0907502285	-0.011175883	-0.075141723	0.110283225	-0.0523712337	0.0415148387	-0.0735064902	-0.0308869736	-0.1351347562	-0.037759847	-0.0069399772	0.0398588694	0.1205413548	-0.0313577721	-0.0720295197	-0.0365775614	0.0816913088	-0.0390781892	-0.0140110508	0.1510824631	-0.0094196783	0.0091922595	-0.038630834	0.0580927186	0.0053177767	0.0445283571	-0.0378835751	-0.0861661629	-0.0201564392	0.0566713338	0.0928893904	-0.007534397	0.0010537429	-0.0454095789	0.0380100237	-0.0814520215	0.0368432601	-0.1198337015	0.0042027848	-0.0766542835	-0.0291604993	-0.1122691945	-0.0821539864	-0.059116646	0.0175313839	-0.0918803827	0.0672279156	-0.1132102872	-0.0488772933	-0.0028123241	0.0553715674	-0.0447879476	0.0730984319	-0.0230339901	-0.2095491514	-0.0346370589	0.0401561162	-0.124423763	-0.0909297991	0.0698713179	0.0218290522	-0.0284861488	-0.0213558365	0.117702574	0.0029618324	-0.1041681342	0.0509829748	-0.0286630911	0.0970966753	0.0446608075	-0.0748996523	-0.0202380594	0.0168703046	0.0141816985	-0.0385829149	-0.0924783584	0.0700998018	-0.0626695441	-0.1163662873	-0.037136031	0.0400630199	-0.1025571646	-0.051689667	-0.0054743309	0.0309376049	-0.003664749	-0.0670423003	0.0414344674	0.0829249539	0.1086864606	-0.0456108991	-0.0892090092	0.0197227128	-0.0346267812	0.0016645071	0.048214172	0.1322082326	-0.1024168901	0.0544089119	-0.0484873175	0.0388572196	-0.0919680671	0.0718472552	0.037739187	0.0301378034	0.0732513064	0.0496283525	0.1634532989	0.0831628645	-0.019940564	-0.0661533899	-0.1271547491	-0.0408298455	0.0577845382	0.0042073531	-0.1469818039	0.0269481919	-0.1016311063	-0.1347869953	-0.0920747892	-0.1272036594	0.0133837274	-0.0438710958	-0.0715614327	-0.1398015288	-0.0325175874	0.0842555266	0.0759184024	0.0290933929	0.0066892426	-0.0465320746	-0.0749854463	0.088915385	0.1087756046	-0.0188655857	-0.0022465463	-0.1600147334	0.0238695217	0.0257696788	-0.0583756787	-0.0073675856	0.0849343063	0.0483027423	0.0552996636	0.0954175152	0.0309327923	0.0180656272	-0.072983524	-0.0178211701	0.0961044161	-0.1068631138	0.0425380248	0.0	0.0	0.0	0.0	0.0688313212786084	-0.0049863664926732	0.004737750788959	2.4863850799255e-05	0.0967515636280325	0.0261608254432843	0.0006843887878739	0.0093608650644692	-0.067585906385176	-0.0119352712127494	0.0001424506989218	0.0045678547419057	-0.0013699085386494	-8.780305377899993e-05	7.709376252917954e-09	1.8766494042645348e-06	-0.0010542711998349	-0.0001671994042646	1.1114877628013196e-06	2.795564078647057e-08	0.0011242787830681	0.0002333467695688	5.445071486819465e-08	1.264002782057088e-06	0.0	0.0
1037.744864279883	0.096199659146805	1076914.4033392726	0.0092543744199614	1599.2120388517988	-1.081197738647461	2557479.145208527	1.1689885500563832	1022.7906522914342	0.3468900709885929	0.120332721350471	1046100.7184147374	1064.9849974525018	1061.9957637445236	1.306775	26.340193	0.0666022782455197	0.0367422891672678	-0.0779224648	0.1126809784	0.0780094869	-0.0754734354	-0.056412493	0.100547832	-0.0472700819	-0.0909295608	0.0916899779	0.0597218829	-0.0081226984	-0.042560783	0.1666916316	-0.064650548	-0.1128007026	-0.0361288829	0.0116266718	-0.121275539	0.0065572036	0.0259155403	-0.0881304782	0.0112913683	-0.0143920475	0.0191314599	0.0421192442	0.0172643044	-0.0007254458	0.0303842823	-0.011895564	0.018966463	-0.1512677125	0.0328817774	0.0399246396	0.0199015262	0.0948981357	0.067072281	-0.0157296536	0.0343643931	0.296314629	-0.1240002566	-0.0604602506	0.0813503714	-0.0213594759	-0.0437482942	0.0471244718	0.0388959532	0.0090354716	-0.0806232233	-0.1029651075	0.2025095998	0.0391681405	-0.0913055089	0.0119715492	-0.0068207677	0.06220026	-0.0262290619	0.0160990253	0.1245641568	0.0882466907	-0.0141901897	0.0014213983	-0.0867682912	0.0125964349	-0.1379554779	-0.0918952228	-0.0434961477	-0.0889980859	-0.0743720761	0.0366118901	-0.0790398949	-0.0836045501	-0.1970751328	0.005743255	-0.0707959295	0.1470686781	0.0448323226	0.0231265304	-0.0227853284	-0.0620416269	-0.008946778	-0.0417875703	-0.0394651942	0.0660781976	-0.0924072175	0.0299947557	-0.0559348142	0.0175910039	0.0496189111	0.019877153	0.1101402815	-0.0289358616	-0.0260843169	-0.0513559741	-0.0336151537	0.0127979904	0.1557793985	0.028793122	-0.005348801	0.2733923656	0.0056647733	0.073209411	-0.1207548907	-0.0197367411	0.0350891823	-0.1396192251	-0.0123377362	-0.1725516874	-0.1179706456	0.1058203206	-0.1215520468	0.088426895	-0.0786505811	0.044167837	-0.0107563595	0.0791669778	0.0081178133	-0.0077042469	-0.0210961299	0.0404570101	-0.0567404827	0.1027761921	0.0431629514	-0.0458609324	-0.1039528985	-0.0356752679	-0.0267138421	0.0384433979	0.1020069537	-0.0296460873	0.0830284174	0.1058749632	0.0773119089	0.0228312838	-0.1148940836	0.0222503435	-0.0059246648	-0.1097439313	0.0117169729	0.0565876754	0.0170564677	0.032020978	-0.0163016375	0.0690566676	0.0877239933	0.0445711193	0.0501180445	-0.0376991786	0.1274936609	0.0413346603	0.1152632115	-0.0678091388	-0.0900214792	-0.0746715088	-0.0133905928	0.0924460447	-0.1093213418	0.0526659867	0.0	0.0	0.0	0.0	0.0771011246717137	0.0082698033931053	0.0059445834256431	6.838964816061601e-05	0.0634289169457673	-0.0333226466822652	0.001110398781911	0.004023227504913	-0.0628447399273568	0.0047411664578192	2.24786593807499e-05	0.0039494613365371	-0.001342596591455	2.731194719440009e-05	7.459424595496986e-10	1.802565607386584e-06	-0.000910098766357	0.0001441724334778	8.282797645245334e-07	2.0785690574939494e-08	0.0008903899294938	-0.0002338888535743	5.470399582630035e-08	7.927942265439741e-07	0.0	0.0
1037.448492800848	-0.2963714790348604	1076299.375214751	0.0878360535853106	1599.9865350926175	0.7744962408187348	2559956.91247768	0.5998444270423516	1022.5935215273008	-0.1971307641333624	0.0388605381678033	1045697.5102696064	1065.266237376689	1054.6230811265295	1.335194	26.913019	0.072389620004887	0.0339250348363226	0.1060326329	-0.0038474764	0.0856220294	0.0729270191	0.149591426	0.0741871872	0.1014896409	-0.015272973	0.0479986783	-0.0520076502	-0.050960866	0.0400391913	0.0171142491	0.103570921	-0.1308668826	0.0537187774	-0.0747445085	0.0365094888	-0.0813142549	0.0015212857	-0.0742748372	-0.041024287	-0.0310026068	0.031974663	0.051444399	0.093087433	0.0123526954	0.0976387537	0.0130800891	0.031783873	-0.0065781064	-0.1873122535	0.1292065293	0.0118425685	-0.0250862666	0.0885584654	-0.1126647181	-0.1114648371	0.1085639993	-0.0401759045	0.0407583855	0.0635879993	-0.0221444341	0.0944761016	0.0545586049	-0.0010357623	0.1001117256	0.0343638187	0.0113888915	0.0941978428	0.0086408821	0.0094786539	0.0120234775	-0.139243323	-0.0503274586	-0.0745000895	0.0878320497	-0.0397187096	0.0506873254	-0.0661076314	-0.0222504346	0.0088658861	0.107422905	0.0090615486	0.0620400834	-0.0588173236	0.140475571	-0.0453533409	-0.0260293629	-0.0609916939	-0.0412977341	0.090951372	0.1597559807	-0.0679835236	0.0620411787	-0.0361378465	0.024301798	0.0482613385	0.0404078943	0.0443999654	-0.0404264374	-0.1309643651	0.0063323231	-0.0658997489	0.0209890266	0.072097146	-0.0500279804	-0.0984637478	-0.0515855364	-0.0136257615	-0.0251839157	-0.036482934	0.0664130914	-0.0921860676	-0.0853408329	0.0865432986	-0.0360484897	-0.0503669339	0.1908314117	0.064951938	-0.0046402728	0.0841046898	0.0232729279	0.1296187909	-0.0530975173	-0.142329058	-0.0321903985	-0.0215586021	-0.1247757939	0.1149781492	-0.0164543719	-0.105483482	-0.1095381254	0.0429190287	0.0516019603	-0.0592115808	0.0210892329	-0.0680143915	0.0609792228	0.0704656245	0.0656829017	0.1057708906	0.1015238245	0.0239284	0.0588509144	-0.0341423918	0.1105513142	-0.0174615607	0.0969737066	-0.0754865608	0.0654424171	-0.0767344796	0.0866245217	-0.0518039636	-0.0168040146	-0.1271185945	-0.0512008418	-0.0322192998	0.0917126766	-0.0947589971	-0.0379300789	0.0025722218	-0.0787438201	0.0318534996	0.1327418768	0.0473243349	0.0332348019	-0.0279990753	-0.0683141968	0.0935323522	-0.1165493084	-0.0561758157	-0.0763299729	-0.0089388422	0.0884588311	-0.1110884051	0.0622738351	0.0	0.0	0.0	0.0	0.0715092891604882	-0.0055918355112255	0.0051135784362383	3.1268624384602655e-05	0.0474612224312807	-0.0159676945144865	0.0002549672681079	0.0022525676346715	-0.0874038029386667	-0.0245590630113099	0.0006031475759934	0.0076394247681412	-0.0014679032481387	-0.0001253066566836	1.5701758209246655e-08	2.154739945896145e-06	-0.0010318587185933	-0.0001217599522362	1.064732415137007e-06	1.4825485968586044e-08	0.0011687438599311	0.0002783539304372	7.748091058989323e-08	1.3659622101266463e-06	0.0	0.0
1039.5291315054897	2.080638704641615	1080620.8152485576	4.329057419252737	1606.4056844305485	6.419149337931003	2580539.222970779	41.205478222660034	1024.1425857879303	1.5490642606295069	2.399600083559641	1048868.0360243882	1065.49469578526	1069.3907745058914	1.276601	25.731989	0.0838331672662382	0.053785448956679	-0.078622284	-0.0474232352	-0.0296344942	0.0799510101	0.0998014037	-0.0472230365	-0.0996152429	0.132713813	0.1100828714	-0.1310827305	0.0645509044	0.0868496379	-0.0493434764	-0.0529532548	0.0002273804	-0.0194581197	-0.0595824972	-0.0981485364	0.0083250568	-0.0575942444	-0.0882426767	-0.0461432009	-0.1948261941	-0.0077820026	-0.0424715136	0.1004490205	-0.0003079245	-0.0243270253	0.0453393948	-0.052338404	0.0645862293	0.0018368905	0.0543624881	-0.0992395122	-0.0634682265	0.1110147917	0.0129750582	-0.0803701157	-0.0016761878	0.0442643917	0.0400761469	0.0958207115	0.0395288108	0.0140702679	-0.0664991913	0.0227579547	0.0337520845	0.0236846929	0.0618357311	-0.1461925645	-0.1469522077	0.1220266479	0.0581994664	-0.1292652947	-0.0068344676	-0.0780140008	0.059147529	0.0773984503	-0.1212620479	0.0015912559	-0.017121955	0.1095167663	-0.0648642078	-0.0635440509	-0.1571784585	-0.1197859873	-0.1278325871	0.0531180272	-0.0032272603	0.0715488894	-0.0549045627	0.0148343443	-0.1555777339	-0.0072033343	0.0238152644	-0.1591612076	0.0499872702	0.0025535342	0.0943020377	0.0532270606	-0.1158285096	-0.053371238	0.0037572993	0.028205771	0.0380722607	0.0534633768	0.1050805814	-0.0146213056	0.0785648699	0.0024358299	-0.1070678123	0.0415294548	-0.0055806092	-0.0439280017	-0.045371605	0.0023006237	0.0443371407	0.1633474492	0.0536125926	-0.0713684611	-0.0127460092	0.0517963644	-0.0137309068	0.0379713671	-0.0908997975	0.0030969773	0.0844344592	-0.0334588705	-0.0377266197	0.1631904143	-0.0933425551	0.0183545826	0.0353729735	0.2403731364	-0.1197254458	-0.0180813452	-0.054490607	0.1892090168	-0.0490749364	-0.0415187368	0.0509277734	-0.1623055779	-0.0661833431	-0.0867344278	0.0651184959	0.0217801298	0.0236965994	-0.0260023205	-0.0957343445	0.0048684147	-0.0648971905	-0.11886408	0.0471351681	-0.0642337801	-0.0692803512	-0.1092850192	0.126738395	0.1070468594	-0.1174207329	0.034573261	0.0611291514	-0.1411724469	-0.051760679	0.0701007481	0.0607726785	0.0870955892	0.0268921061	0.1135422876	-0.018319422	-0.0312887122	-0.0376962192	-0.1213226792	-0.0779582607	-0.0044729574	0.0841569582	-0.1121531317	0.0712666859	0.0	0.0	0.0	0.0	0.071744998541348	0.0002357093808598	0.005147344815698	5.55589122253115e-08	-0.0029689473460337	-0.0504301697773144	0.0025432020237687	8.814648343520551e-06	-0.0912130969441307	-0.0038092940054639	1.4510720820063928e-05	0.0083198290541393	-0.0016519873810757	-0.000184084132937	3.3886967999167136e-08	2.72906230723335e-06	-0.0011562363925399	-0.0001243776739466	1.336882595433682e-06	1.546980577636676e-08	0.0008900457847627	-0.0002786980751683	7.767261710257108e-08	7.921814989738505e-07	0.0	0.0
1039.200594682253	-0.3285368232366181	1079937.8759879484	0.1079364442224088	1604.757145739616	-1.6485386909325823	2575245.496802359	2.717679815501713	1024.170225863614	0.027640075683621	0.0007639737837962	1048924.651545526	1065.6932674266186	1062.2691058193518	1.312585	26.457306	0.0903447568582372	0.0622052078649006	0.070744089	0.1064487129	-0.0942569423	-0.1147192421	0.0444266041	0.175406779	-0.0012989327	0.1605346239	-0.0915318926	-0.0220560426	0.0184219127	0.1757468395	-0.0534949456	0.0189074145	-0.0056788112	0.0556233076	-0.0258852075	-0.119034761	-0.0148537901	-0.0801471515	-0.1152745773	0.1098442422	0.0378166189	0.0530645352	0.0252803349	-0.008021704	0.1217786568	0.0535510556	-0.007556651	-0.0597904406	0.0908359568	0.05923511	-0.0482121417	0.0328659665	-0.1055429053	0.0770525873	0.0539906855	0.0407410316	0.0561403876	0.0235839966	-0.0148032592	0.0851643793	0.0139241835	-0.090081742	0.0005470892	0.1284034933	0.0246212449	0.1255527168	0.01119515	-0.0018880576	0.217682539	0.0061563974	-0.0098755474	0.072820227	-0.0153735185	0.0530285675	0.1965588905	0.009668617	-0.1911094693	-0.0749319086	-0.0060211345	0.0727160094	0.1150429584	0.0685964154	0.0753852144	0.0616281688	0.1921801632	0.0057785931	-0.0616458061	0.075965028	-0.0186253263	0.0571347778	-0.0237516223	-0.1724029803	-0.0032023275	-0.0317689701	-0.0287314829	-0.0344949722	-0.1525179471	0.052129911	-0.1170249861	-0.0129522964	0.0728022929	-0.0373152627	0.0229756005	0.0312154035	-0.0854707099	-0.0536999433	0.0601387426	-0.1271338876	0.0239517323	0.0442289391	-0.0939373126	0.0020273741	-0.1080216016	-0.1093448574	-0.0239194538	0.1211590082	0.0506233548	-0.0212902436	-0.0391745513	0.0871771591	-0.0415690058	-0.0604269302	0.0235859366	0.0763010012	-0.1822545107	0.0093032519	0.0431250209	0.1117714347	-0.1751309682	0.0160526608	-0.0850297811	-0.1317912176	0.049688285	0.1122312174	-0.037475732	-0.0366121555	0.1214178849	0.0882190969	0.0538114146	-0.0581456527	0.1823133476	0.1876755169	0.0078686763	-0.062003407	0.044990717	-0.127190891	0.0903163991	0.0634137688	-0.095051103	0.0432874919	-0.0544794672	-0.0022179562	-0.0782172244	0.0179971616	-0.0452230728	-0.0090738309	-0.0898290433	0.0768576859	0.0733477296	-0.0839435687	-0.0687091993	-0.0041617418	0.1264523871	0.1183380591	-0.0443523943	0.0555977085	0.0542763169	0.0734948292	0.1069759255	-0.1261054925	-0.0795557284	-0.0	0.0795557284	-0.1125087901	0.0795557284	0.0	0.0	0.0	0.0	0.0678014585795381	-0.0039435399618099	0.0045970377855128	1.555150743039167e-05	0.0545959679414238	0.0575649152874575	0.0033137194720521	0.0029807197154609	-0.0914777805682405	-0.0002646836241098	7.00574208719017e-08	0.0083681843376911	-0.0012630674590243	0.0003889199220514	1.512587057684671e-07	1.5953394060461017e-06	-0.0009740636948565	0.0001821726976834	9.488000816374968e-07	3.3186891781247485e-08	0.0008903855247251	3.397399623999726e-07	1.1542324205153477e-13	7.927863826399916e-07	0.0	0.0
1042.781688453368	3.5810937711148654	1087393.6497736569	12.824232597517687	1601.809211670084	-2.9479340695318115	2565792.750591136	8.690315278306388	1025.0177737963331	0.8475479327191806	0.7183374982565567	1050661.4365983908	1066.099377484781	1067.9240229275345	1.290479	26.01173	0.0817125051827282	0.0374032231741951	-0.0146768176	-0.1126666452	0.0133122551	-0.1143376658	0.0346429461	-0.0178261605	0.0778572531	0.1355783472	0.1451704798	-0.0009651028	-0.0216848219	-0.0993271242	0.11893085	-0.0554864758	0.0959557603	-0.0610749529	0.0135103257	-0.0320769848	0.168857113	-0.1781618699	-0.0116086305	-0.0618196648	0.0181201241	-0.0140726623	0.0448995368	-0.0472019856	0.0036145544	-0.0347213566	-0.0081922896	0.1031039771	0.0363440646	-0.0416683368	0.0103484334	0.0112695332	0.0121056162	0.1170178019	-0.0583807555	-0.011823032	-0.0777909402	-0.068298891	-0.0747285391	0.1344575949	-0.0181082697	-0.1435994946	0.0981315025	-0.015942238	-0.1384710199	-0.0320523946	-0.0310090907	0.0413207494	-0.0178752675	0.0149544814	-0.1201846856	-0.0546863066	-0.1342031508	0.0114939397	0.052923658	0.0714799224	-0.0561015681	0.0359382839	-0.0124263545	-0.0662172024	0.0264340518	0.0799250825	-0.0690330111	0.0570208352	0.0873413939	0.0713824872	-0.0156320558	0.0323724137	0.1531378929	0.0231039516	-0.1086250504	-0.0105518409	-0.0943577834	-0.1183902476	0.1584564268	-0.128231629	-0.0024420216	-0.1226184971	-0.0859196012	0.0083131142	-0.0182480544	0.0476440221	-0.0188540583	-0.0441732776	-0.1218058537	-0.0261647882	-0.0259614344	0.0003195874	-0.0536132229	-0.1281823265	0.0451516266	-0.0502715465	0.0411601878	-0.0425203372	-0.0935028618	0.0985990097	0.0162032501	-0.1372188214	0.0875813391	-0.0228174626	-0.0147810155	-0.0779491578	-0.0913181617	0.0943037262	-0.034691154	0.0212218732	0.0059271363	0.0033706358	0.1550120619	0.0256824647	0.070544983	-0.0219105705	0.0592310204	-0.0646807546	0.0095900952	0.0113037701	-0.0414318263	0.0666482707	0.1662338535	-0.0767486843	0.0346549382	0.0626809855	-0.0193141723	-0.0482577675	-0.0625391753	-0.0891310763	-0.0237116711	-0.1241563076	0.0220158954	0.0171693151	-0.1535005966	0.006871136	-0.092263038	-0.0120743485	-0.0249735174	-0.00877666	-0.0761416688	-0.010586167	0.1376565109	-0.0263275135	0.0998853546	-0.0937911638	0.1035623498	-0.0033967339	0.0867954761	0.1126985835	0.1654440956	-0.0068390954	0.1022500714	-0.054053493	-0.0811217445	0.0044729574	0.0746715088	-0.1121531317	0.0870591025	0.0	0.0	0.0	0.0	0.0744756836084974	0.0066742250289593	0.005546627448953	4.454527973718694e-05	0.0726548483382458	0.0180588803968219	0.0003261231611867	0.0052787269870534	-0.1129895864453374	-0.0215118058770968	0.0004627577920939	0.0127666466450883	-0.001743994178367	-0.0004809267193427	2.3129050937773214e-07	3.0415156941779874e-06	-0.0009329406655937	4.112302926279998e-05	8.70378285518416e-07	1.6911035357491035e-09	0.0010776876537166	0.0001873021289915	3.508208752474853e-08	1.1614106789731905e-06	0.0	0.0
1042.0232063941298	-0.7584820592380765	1085812.3626639033	0.575295034186033	1608.0939953986635	6.284783728579441	2585966.298037237	39.498506515016906	1025.0914849451085	0.0737111487753736	0.0054333334537852	1050812.5525069677	1067.081869559296	1073.4665594403186	1.337693	26.963392	0.1335256726178963	0.0715325700994855	-0.101906242	0.0816892705	0.0294232263	0.0842964983	-0.0279823539	0.0631228883	-0.0136571795	0.109366395	-0.111573889	0.170067781	-0.0181315111	-0.1141855134	0.0836897188	0.0970095445	0.1838510719	0.0459304795	0.0790262296	-0.0861687268	0.0284653567	0.0460751905	-0.0246534262	-0.0074944353	-0.0487375341	-0.1149407334	0.1535854849	-0.0620245235	0.1098808324	-0.0474315455	-0.0100850358	-0.0104545256	0.0504320183	-0.0453680636	-0.0081764272	-0.0543735475	0.0254701174	-0.006414174	0.0269566397	0.010520552	0.0392970748	-0.0430826716	-0.0390041451	-0.0218484232	0.0375721787	-0.0829353606	-0.209597287	-0.0391473526	0.0338187466	0.002720354	-0.0554690093	-0.0666570244	-0.0082008626	-0.0911693682	0.0440179987	0.0831125103	0.0065417321	-0.0894167117	-0.1402593599	0.1059639294	0.0962392268	0.0527405652	-0.092317371	0.0629594433	0.2088304772	0.0817741456	0.0822009208	0.0681202777	-0.0017535805	-0.033454986	0.0709552166	-0.013161256	-0.1081754385	-0.0135938006	-0.0459522961	-0.0540660667	-0.1697031397	0.1311243381	-0.0552159281	-0.0823083116	0.0477376704	0.0200762204	-0.0090009976	0.0062183464	0.0655660626	-0.087028196	0.0547730122	0.034652017	-0.1213186447	0.0567124267	0.1218084132	-0.0751238984	-0.0273693286	-0.0616996721	0.0231802372	0.0300175294	0.0299480224	0.0617194276	0.089031725	0.0918793194	0.0040734215	0.0489998317	0.0742713693	0.0350793301	0.0636133048	0.0642233572	0.0903127481	0.0761718022	0.0301755371	0.0651668619	0.0694081389	-0.1828268495	0.0140997246	0.0139165612	-0.0028760151	-0.0468903613	-0.0085092217	-0.0214098708	-0.075665231	-0.0830041963	0.1323426343	0.0039794709	0.0871911867	0.1133533564	-0.110828823	0.1688455423	0.1346253164	0.1019226307	-0.0882378536	0.0739990637	-0.0686544746	0.1266668728	0.1307382134	-0.0470925101	-0.0991144308	0.0930010135	0.1067146548	-0.0278705273	-0.1229266323	-0.0643259432	0.1375201358	-0.0338474585	-0.0551345794	-0.0029252959	0.2093635424	-0.0644825829	0.0033751432	0.2189081604	0.0854954727	0.0901364773	-0.025971229	-0.0680287499	0.0311681678	0.0035801223	-0.08265569	0.0089388422	0.0695216732	-0.1110884051	0.093702707	0.0	0.0	0.0	0.0	0.0705521746155	-0.0039235089929974	0.004977609342976	1.5393922818131572e-05	0.1315989416635403	0.0589440933252945	0.003474406137941	0.0173182814469638	-0.082988185271688	0.0300014011736493	0.0009000840723822	0.006887038894688	-0.0013327008035187	0.0004112933748483	1.6916224019410428e-07	1.7760914316993883e-06	-0.0005886800535266	0.0003442606120671	3.465442054200807e-07	1.1851536902081433e-07	0.0010201082581129	-5.757939560370007e-05	3.315386798087394e-09	1.040620858270135e-06	0.0	0.0
1039.077907495738	-2.9452988983919117	1079682.897845721	8.674785600868606	1600.420780425376	-7.673214973287486	2561346.674417369	58.87822802628328	1024.1158096078725	-0.975675337235998	0.9519423636905786	1048813.1914887882	1066.4776380944295	1055.1482747491266	1.318658	26.579721	0.0897993349736156	0.0472225589824642	0.0859844429	0.0192499092	0.0246726555	0.0622051499	0.0672667662	-0.0196446479	0.0466400924	-0.0697736142	-0.1011776721	-0.0589256964	0.0061968319	-0.091950384	-0.045134353	0.0616747994	0.0794984415	0.144268028	0.0241432715	-0.0070371104	-0.1133526421	-0.0017716809	0.0190565152	-0.0976702797	0.1253404229	0.007770846	0.0637267603	-0.0045970687	0.0813937178	0.0156114493	0.0162075983	0.0671890289	0.1759212561	-0.0749708208	-0.0638219213	-0.0965969253	-0.0267441256	0.0238654174	0.1557192448	0.1111114737	0.0075656386	-0.0580045254	0.1146151364	0.1028346982	0.039356382	0.095064667	0.1188711552	-0.0829856708	0.028598859	-0.0288237199	0.1109059175	0.1347914593	-0.0647132397	-0.0298097828	-0.1407151041	0.0220810583	-0.0339880731	-0.1308602017	0.0760906504	-0.0634313848	-0.0930758643	0.0268971527	0.038358921	0.1579664598	-0.049257356	-0.0321977072	-0.0746102547	-0.0158759289	0.0202987228	-0.0444686643	0.0404413502	-0.0961213907	0.0485945859	0.0172277623	0.0628927936	-0.0155125353	-0.1046415862	-0.0209687267	-0.1548860695	0.0113901765	0.0296085801	-0.0727477494	0.0873588242	-0.1115968959	-0.0075754357	0.0565126523	-0.0840124096	0.0180688821	-0.1427220059	-0.1343200601	0.0342553567	-0.0531157206	0.0553987623	-0.0184767119	0.0556250578	0.1874477041	-0.0378129673	-0.0737347894	0.1104408134	-0.0295393781	0.0071376209	-0.0152835284	0.1941398123	0.001189853	0.1020476314	0.0170175286	-0.1066261118	-0.1377909169	0.038703457	-0.1586071247	-0.094312783	0.0113069869	-0.0263195099	0.0059863489	0.0342742381	-0.0265427721	-0.0203245124	-0.028365689	-0.0585120544	0.1345483324	-0.0068602237	-0.0474578917	0.0632479516	-0.0141473164	0.1300211042	0.0194136664	-0.0526735823	-0.0133907018	-0.0764767866	0.0350696015	0.0688174759	-0.0285852281	0.0646421697	-0.0440106532	0.0673970372	0.0268287478	0.0323663672	-0.0511190981	-0.0054496409	-0.1049272605	0.1568502795	-0.0055771265	-0.1438836296	0.2039313074	-0.0105700527	-0.1144036295	0.0649888628	0.0243224482	0.1405241332	-0.0059075822	0.1472378636	-0.0463633676	-0.0112552597	-0.029332647	-0.0841569582	0.0133905928	0.0641245402	-0.1093213418	0.0994209319	0.0	0.0	0.0	0.0	0.0831112815521635	0.0125591069366635	0.0069074851212429	0.0001577311670465	0.0907314850130092	-0.0408674566505311	0.001670149013083	0.0082322023726659	-0.089251685942969	-0.006263500671281	3.923144065913764e-05	0.0079658634436623	-0.0015301155938859	-0.0001974147903672	3.8972599455725526e-08	2.3412537306528003e-06	-0.0008636830186417	-0.0002750029651151	7.459483566900391e-07	7.562663082209692e-08	0.0008903405992924	-0.0001297676588205	1.68396452757537e-08	7.927063827483499e-07	0.0	0.0
1041.039945206745	1.9620377110070424	1083764.1675160625	3.8495919794137534	1612.1344227689378	11.713642343561787	2598977.3970765364	137.20941695288369	1024.452332220392	0.3365226125195022	0.113247468736951	1049502.5809918004	1066.208685048934	1073.668135253064	1.281635	25.83345	0.082904152105959	0.0465360412244866	-0.0829677744	-0.0661775911	-0.0396728027	0.1663588614	0.0262496591	-0.1382692393	-0.0788256331	0.0442876514	-0.0229533368	-0.0545879883	0.0283391867	-0.0114746338	-0.0794675377	0.0155139753	0.0724668006	-0.0297231414	0.0768188697	-0.0097398926	-0.0139795811	0.0595265829	0.0121739788	-0.0359253072	0.0034111441	0.0291617163	-0.0684977104	-0.1066147258	0.0180344155	-0.0439935831	-0.0876110628	0.0877241045	-0.039704919	0.0426609057	0.1434533692	-0.0933965116	-0.0284642976	0.0200316626	-0.0267161895	-0.1451502593	-0.1103314956	0.0473731012	-0.0687162881	0.0716071561	-0.048487018	-0.02219018	0.0042157498	-0.0137921269	-0.1720216029	0.0089662342	-0.0742013809	0.0798952229	-0.0138099732	0.0563869063	0.0621468126	-0.0098511966	-0.0015577812	0.0124910842	-0.0631186645	0.0103910634	0.0245682411	0.0237688481	0.0317523939	0.0175388274	-0.0012028285	0.0123512377	0.0399354217	0.0526318628	0.0339637473	-0.1224117823	-0.0669372829	0.1577204854	0.1621345942	0.0661521265	-0.1386798428	0.0784903194	-0.0190038586	-0.0415592311	-0.0539286101	-0.0193898284	0.0411444763	0.0607491558	0.0209116369	-0.0071452652	-0.0869243519	0.1365840394	-0.0564068232	-0.1107988664	-0.0976493033	0.0650830145	-0.0105207795	0.0160834577	0.0473829634	0.0811201555	0.0018791733	-0.0707867508	0.0412014155	0.027026511	-0.0244879781	0.0248080556	-0.0158595668	-0.0952655257	-0.0508980324	0.0425826039	-0.0541707757	0.0768210913	0.0142678213	0.1123442783	-0.0316747027	-0.0248542678	-0.02415234	-0.0601049673	0.161701049	-0.0096680892	-0.0262376939	0.0313556153	-0.010649875	-0.0521152008	0.0294924493	-0.056071988	0.0354169049	0.0087011374	0.0483600917	0.0197434148	0.0387608563	0.1041546354	0.0023399665	0.0071589601	-0.0708411762	0.1298915076	-0.1005543731	0.0212022846	-0.0792842637	-0.0788801823	0.0005328104	0.1686784343	0.0928910027	-0.1013667949	0.007761286	0.0337651142	-0.1078731314	0.0597949376	-0.0305514112	-0.0394909316	0.0019884416	0.0160862995	-0.0225202443	0.0468177497	-0.026359332	0.1393883458	0.078017345	-0.0143517845	-0.0339398309	-0.040756849	-0.0856249559	0.0178211701	0.0584993082	-0.1068631138	0.1041573055	0.0	0.0	0.0	0.0	0.0722167916854488	-0.0108944898667147	0.0052152650013395	0.0001186899094559	0.1274579761126375	0.0367264910996283	0.001348835148491	0.0162455356747296	-0.08951194549104	-0.0002602595480709	6.773503236211605e-08	0.0080123883855909	-0.0011219863984157	0.0004081291954702	1.6656944019515279e-07	1.2588534782298336e-06	-0.0011560004837292	-0.0002923174650875	1.3363371183821444e-06	8.54495003951818e-08	0.0008903521705656	1.1571273200033929e-08	1.338943634698234e-16	7.927269876308753e-07	0.0	0.0
1038.3161689877263	-2.723776219018646	1078100.4667813487	7.4189568912915105	1602.2462387287871	-9.88818404015069	2567193.0095205456	97.77618361189084	1023.1143797453158	-1.3379524750762355	1.7901168255626252	1046763.0340416422	1065.7333355999515	1070.4455316772855	1.398825	28.19562	0.0423361251324439	0.0233444472472494	0.0946249012	0.088140563	-0.1318160323	-0.0130243921	-0.0859732986	0.0568539243	0.0197571356	-0.1283308868	-0.0704204657	0.0056317784	-0.0906526334	0.0534243935	0.0360994799	-0.0887122217	-0.0224698914	0.0554223117	0.0436722773	0.0105529701	0.0210039046	-0.0257267739	-0.0925449611	0.0592591016	-0.0025743163	0.1238956536	0.1512599117	-0.0108240621	0.0575989918	0.0069987821	0.0669999906	-0.1540597912	0.0117964981	0.0301870898	-0.0811076876	0.0907253977	-0.0036288495	0.0090021585	-0.0933472735	-0.1297370814	0.0512160732	0.2213168468	-0.0855907062	0.0095340632	0.0172015218	-0.0283823495	0.064380558	-0.1385517719	-0.0735569356	0.0663644042	-0.0092073149	0.0391032672	0.0453052755	-0.1189827588	-0.037888962	0.025594491	0.1063423487	-0.0085272826	-0.0474530268	0.0629358046	0.0226828855	-0.0151649098	0.0842986177	0.0152738917	0.0572157765	-0.0053360633	-0.0353650207	-0.0892183204	-0.1248526996	0.0506399472	-0.0404703966	-0.0338980873	-0.002800228	0.0317760662	0.0772707931	-0.0135657342	0.0369748822	-0.0003286802	-0.0902807432	-0.0309765058	-0.167294794	-0.0001342017	-0.0523733204	0.0487859321	-0.0693421935	-0.1302917101	0.0224363677	-0.0492324057	-0.0467071743	-0.0053480777	0.1400229977	0.0300998648	-0.1900548512	-0.0163600384	0.0019494474	0.0851070702	0.0949852386	-0.0008213781	-0.1079846843	-0.0655269508	0.0985854884	0.0392651722	-0.0444120503	0.0645047526	-0.0741515342	-0.1835446547	0.0587429668	0.092975268	0.0705985054	-0.0659755871	-0.1303203836	-0.0700219721	0.0378001014	-0.0335817571	0.0028510633	0.001167495	-0.0057238531	0.0409125972	-0.0248651921	-0.0050575366	0.0774200239	-0.0505068021	-0.0038810612	-0.0646817254	-0.1210358277	-0.0476659926	0.0390662589	0.1027133316	0.1361521408	0.0897185194	0.097432668	0.0569610775	-0.061387966	0.1274684344	-0.0508341784	0.1136382701	0.0021721588	0.0910714367	-0.0193071904	-0.1216931746	0.0138775987	0.0009748401	-0.0597089878	0.0113853065	0.0096266213	-0.018263106	-0.0511186564	0.0640211538	-0.0617432066	0.0266871093	0.1651995328	0.0207742911	0.1195122402	-0.1250294349	-0.0870591025	0.0222235685	0.0526659867	-0.1037292628	0.107865053	0.0	0.0	0.0	0.0	0.0646814451299491	-0.0075353465554997	0.0041836893440986	5.67814477114812e-05	0.1297659834316391	0.0023080073190015	5.326897784564842e-06	0.0168392104559804	-0.0894524251970523	5.952029398770264e-05	3.5426653963825513e-09	0.0080017363736342	-0.0012141018889595	-9.211549054380006e-05	8.485263598124918e-09	1.474043396775026e-06	-0.0007601385725268	0.0003958619112024	5.778106494430812e-07	1.567066527408169e-07	0.0010510397880985	0.0001606876175329	2.5820510428399552e-08	1.1046846361661395e-06	0.0	0.0
1039.954232216411	1.6380632286845866	1081504.8051048247	2.683251141168572	1611.1358215250868	8.889582796299692	2595758.6354013165	79.02468229226744	1023.4192583960228	0.3048786507069962	0.0929509916569186	1047386.9784558652	1066.3200163010115	1072.3093564209616	1.33058	26.820021	0.1242592141203954	0.0669607812776936	-0.0167439525	-0.1552011565	-0.0532278113	-0.0324186338	-0.0203949234	-0.135824729	0.0487351444	0.0135070292	0.0573236339	0.0266908202	0.1177010398	0.0091018171	0.0059906991	-0.0274317957	-0.0175427645	-0.0747989039	0.0611427133	0.0530843937	0.130449334	0.0248675632	-0.0077609907	-0.0302763914	0.048121463	0.0225906791	0.0116910603	0.0123180208	0.0952902002	0.0240879757	-0.0021861087	0.0764554187	-0.0119114138	-0.0389467256	0.0644531217	-0.0445297143	0.0421797302	-0.0722342719	-0.0295394135	0.0581693124	0.0424374938	0.1480399685	-0.1351433837	0.0564357572	0.080583414	0.0372158126	-0.0294003852	-0.0443298979	0.1033837777	-0.1457671596	0.0825781733	-0.061213946	0.0517651292	-0.0696635787	-0.0334817682	-0.1109707282	0.0016137645	0.1098499904	-0.0241853418	0.0359797435	0.0947612394	0.0179081892	-0.0862223123	-0.0493666083	-0.0291307626	0.021955699	-0.0599789601	-0.0777686315	-0.0324989613	0.144746036	-0.136231722	0.0107477159	0.0243466148	0.1800614573	-0.0205594146	0.1349828994	0.0210792843	-0.0345408302	0.080813193	-0.0829079534	-0.0083381324	0.0023943384	-0.0098265027	-0.0138512549	-0.0195609583	0.0303165619	-0.0352044452	-0.0704939209	-0.097430749	-0.0136535607	0.0270562439	0.1431689962	-0.0414240892	-0.0142242919	-0.013960859	-0.0365075315	0.0819021562	-0.0662584777	0.0454513632	0.0788941676	0.1265794172	0.0961288527	-0.0612130464	0.0193295282	-0.0157546299	-0.0516612207	0.0029195247	-0.0866240895	0.0624778924	0.0540075032	0.1221983006	-0.0577978234	-0.1695259436	-0.0450516627	0.00376525	-0.0829885	-0.0392724302	-0.0395979122	0.0321928272	-0.0295088257	-0.0700316474	-0.0529211361	0.012615455	0.0459583372	-0.136485678	-0.0624925512	0.0748000901	0.0214235545	0.1102455291	-0.056543716	-0.0274467672	-0.131551532	0.0403047745	0.0343946774	-0.0566829273	0.0514937511	-0.0583175927	-0.023619013	-0.0164091403	0.1145689828	0.0516340473	-0.0460948166	0.0677944655	-0.122708154	0.0641026769	-0.0660834438	0.0296690468	0.037069875	-0.0232844749	0.0074365631	0.0279319023	-0.0544415538	-0.0660357132	0.0526009655	-0.0884588311	0.0265908268	0.0466453256	-0.099939602	0.1105075577	0.0	0.0	0.0	0.0	0.0694444578176103	0.0047630126876612	0.0048225327215818	2.2686289862821597e-05	0.0737353680634242	-0.0560306153682148	0.0031394298585408	0.0054369045034486	-0.1161403207065916	-0.0266878955095393	0.000712243766728	0.0134885740938299	-0.0014443297885633	-0.0002302278996038	5.300488575597743e-08	2.086088538131307e-06	-0.0011568387744118	-0.000396700201885	1.3382759499825951e-06	1.5737105017559973e-07	0.0011596654977093	0.0001086257096108	1.1799544788449852e-08	1.3448240665773585e-06	0.0	0.0
1038.5236743418836	-1.430557874527267	1078531.4221685668	2.0464958323719715	1600.8576616124903	-10.278159912596491	2562745.252743411	105.64057118890555	1022.6104527869592	-0.8088056090635973	0.6541665132527367	1045732.1381491496	1065.5627076267956	1070.5651016151148	1.344491	27.100418	0.0868055905509922	0.0477176040678092	-0.0954051842	0.0991436657	0.0677819465	0.041473248	-0.0867062348	0.0293518163	-0.0871471091	-0.1541117873	0.0573730518	0.1127892054	0.0634363236	3.63981e-05	0.025953112	0.0366949021	-0.0453822487	0.0799812417	0.1529335523	-0.0405404973	0.0597912185	-0.0246098119	-0.0216935297	-0.124985735	-0.000926001	-0.1470987355	0.0426570429	-0.024084516	0.0515171468	0.0801356481	0.0269588756	0.0209432124	-0.002067495	0.0784955405	-0.0693352643	-0.1172666406	-0.0176208238	0.0410109104	-0.0206931728	-0.0051139186	0.0099336903	-0.2368235124	0.0701230497	-0.1224341831	-0.0114884342	0.0285524065	-0.1462533421	0.0786963882	0.0306709338	0.0602624934	-0.0005007355	0.0030540359	-0.0008275007	0.0194159738	0.0862874197	-0.0904081389	-0.1017813059	0.0927821549	-0.0380418877	-0.040507305	-0.0625558871	-0.0092212438	0.1018705312	-0.1329471972	0.0021462839	0.1293556498	-0.0010000162	0.0581033787	-0.0372078309	0.1010307261	-0.0413414635	0.0286943698	0.015617808	-0.0235454596	0.0467564416	0.0212681213	0.0680771353	0.1057987301	-0.0812228131	-0.1384116174	0.1251366252	-0.1065489035	-0.0228325625	-0.0630444354	0.1272753136	-0.0609525102	0.0728472436	-0.0343843939	0.0181297388	0.0344625716	0.1236559942	0.0317704563	0.0249832135	0.0132390678	0.0296735836	0.0359627086	-0.1522098737	0.1334907886	0.0175420771	0.0403983898	-0.1025893924	-0.0363878139	0.0494426329	-0.0747523332	0.0600379406	0.1384265149	0.004239605	0.0540071419	-0.0182427892	0.0471100948	0.0243976003	0.1131588523	-0.0557439063	0.0077664161	0.0688043542	-0.0257167278	0.0899437824	-0.1245496913	0.1314745384	-0.0756045863	-0.015337826	0.0352013091	-0.0944013603	-0.1189338968	-0.069487374	0.0508426698	-0.0296204194	0.0289257276	-0.1011579396	-0.0360002565	-0.057680553	0.1446438359	0.0928304795	-0.0494997083	0.0357248738	-0.1025530307	0.0155524271	-0.0219951538	-0.0178501877	-0.0201327168	0.0576480591	0.0407080933	0.0499064936	0.106900801	0.0871190589	0.0023445201	-0.0142729762	0.1151117387	-0.102820928	0.07273812	-0.1032331539	-0.1096906334	-0.0413486132	0.0452880673	-0.0898235884	0.0309160396	0.0404587412	-0.0955180909	0.112058723	0.0	0.0	0.0	0.0	0.0742843045703551	0.0048398467527448	0.0055181579055012	2.342411659005444e-05	0.0327519845035482	-0.040983383559876	0.0016796377280159	0.0010726924889206	-0.0977390558107202	0.0184012648958713	0.000338606549768	0.009552923030771	-0.001364036088559	8.029370000429991e-05	6.447078260380512e-09	1.8605944508913364e-06	-0.0008447517714229	0.0003120870029889	7.136055553221274e-07	9.73982974345937e-08	0.0011004242938525	-5.924120385679996e-05	3.5095202344029303e-09	1.2109336265007734e-06	0.0	0.0
1036.744526570181	-1.7791477717025828	1074839.213373229	3.165366793554265	1596.5066822741894	-4.350979338300931	2548833.58654614	18.93102120232161	1024.3045185499925	1.6940657630333362	2.86985880948172	1049199.746721932	1066.1140527618063	1053.2684575474166	1.356117	27.334755	0.1072242753428297	0.0625250042529385	0.115772938	0.0333264475	-0.029851018	0.0192449326	0.1532883779	0.0533515758	0.0141827819	-0.0944415787	0.0269742138	-0.1229380968	0.0464707173	0.0953078756	-0.0796538736	0.1460654384	-0.0190905331	0.1288304229	0.0295944631	-0.0546474906	0.0006729156	0.004191697	0.0853073139	0.0404407996	-0.0223156565	0.0752728314	-0.0820977061	-0.0162532993	-0.0104421295	-0.0088664462	-0.0980801752	0.0356795812	-0.0661215672	0.0295230814	-0.0535400956	0.0894346698	-0.0960333535	-0.0496002433	0.029431673	-0.0078538506	-0.04254273	0.0450813919	0.0246055652	0.0304757876	0.0158924419	0.0104374663	-0.0793095405	-0.0861127162	-0.0234699849	0.1329848027	-0.0550122196	0.0562124544	0.018731381	0.0133371046	-0.029209897	0.133915454	0.1502775662	0.0331434008	-0.0536500824	-0.0851912474	0.036463075	-0.0885036553	0.0204643986	-0.0646542202	-0.0832908838	0.0586424913	0.0116750191	0.0769552875	-0.1834281952	-0.0992087296	0.0865708072	-0.170928065	0.05599921	0.2002042085	0.0609366912	-0.071268654	0.0169970981	-0.0698452666	-0.1172193489	-0.0441876737	0.0193514358	0.0310507425	0.0838551234	0.0810907814	-0.0305449717	0.0774500557	0.014377829	-0.0458217931	0.0053737059	0.0431008178	-0.0439325156	0.0108257551	0.0679930484	-0.0143869272	-0.0595260958	-0.0287320881	-0.0873833394	-0.0147490818	0.0051643629	-0.1297015272	-0.0171815446	-0.0625285382	0.0422767573	0.1120817724	0.0419717986	-0.0331647934	0.0596244378	0.1013007935	0.0587702434	-0.0937922884	-0.0558367492	-0.0355580888	0.0233403946	-0.0095241632	0.0186792455	-0.0938324992	0.0382273705	0.1752824202	0.0513867429	0.022750126	0.0740973669	-0.0476616459	-0.0831095754	-0.0636451432	-0.2390349012	-0.0257302688	-0.1248783091	0.0999047188	-0.0726806838	0.0988087482	0.1280834912	0.0004305453	-0.0225255441	-0.0622022422	0.1647228981	0.08346344	-0.0757750744	-0.0391547018	-0.0392573545	-0.0682353955	0.0640443349	-0.0231524034	-0.0197316387	0.1009166162	0.0056548252	0.0185585083	-0.067722447	-0.0791369536	0.0613675915	-0.0725052764	-0.0184692243	-0.0707839088	-0.0262925938	0.1553484352	-0.0911528348	0.0351923678	0.0341282399	-0.0904926836	0.11250323	0.0	0.0	0.0	0.0	0.0698275419266281	-0.004456762643727	0.004875885611515	1.9862733262520524e-05	0.0903804029901493	0.057628418486601	0.0033210346172668	0.0081686172446617	-0.1123864247815618	-0.0146473689708415	0.0002145454177679	0.0126307084751816	-0.0016303833909588	-0.0002663473023998	7.09408854956505e-08	2.6581500015143155e-06	-0.001156877502209	-0.0003121257307861	1.3383655551173349e-06	9.7422471818757e-08	0.0010690628222052	-3.136147164730014e-05	9.835419038844107e-10	1.1428953178213468e-06	0.0	0.0
1039.6682020830729	2.923675512891805	1080909.9704226493	8.547878504683158	1603.589942506019	7.083260231829627	2571500.7037064573	50.1725755118191	1024.1057745730222	-0.1987439769702632	0.0394991683819565	1048792.6375138098	1066.182762853032	1072.070999703181	1.205835	24.305578	0.0592945362602121	0.0311094322006267	-0.0114291085	-0.1074356069	-0.0306246845	-0.0830732592	0.0457230045	-0.0205593797	0.023994113	0.039896377	0.1359115499	-0.1451959119	-0.0707309376	0.0026060433	0.0698752711	-0.0744118636	0.0027560772	-0.0693331106	0.0078487277	0.0723110738	0.1065848211	-0.0154683338	0.0395935964	0.0159264561	0.0262405575	0.1852244441	0.0072276285	0.1947116224	0.0898704485	0.1868815092	0.1027171179	0.0860608691	-0.0140794772	0.0793928623	0.0856674329	0.0526551443	-0.0264349254	-0.1272909306	-0.0143675244	0.0780824531	0.093210715	-0.1485478556	0.0515011018	-0.0731139214	-0.079546616	0.0119917086	0.0133133965	-0.0136913195	-0.0190235021	0.0841218338	-0.035319754	-0.1043224069	-0.0672894617	-0.101186136	0.1364760959	0.0199656267	-0.0056022913	-0.0844211549	0.0099664851	-0.1104398979	-0.1131741602	0.098632889	0.0181893361	0.1389665602	-0.0619628309	0.0052275219	0.0716903846	0.0148592045	-0.0648241731	-0.104675621	-0.0351835742	-0.0814703824	-0.0640114718	0.0442180465	-0.0184095959	0.0371562459	0.0060827817	-0.094651641	0.0980623682	-0.0720514376	-0.1827976025	0.0004546589	0.1164333495	-0.0181451071	0.0087704135	-0.1339489848	0.0532515709	-0.0128783704	0.0987718287	-0.0992299178	0.1188626479	0.1456878565	0.1436791343	0.0781720161	0.0720784423	-0.0862070724	-0.1669358423	-0.0423763841	0.0816794522	-0.1291096821	0.0412604263	-0.0163332613	-0.0049989078	-0.1583758376	0.051506252	0.0777898994	0.0274142906	0.0693447605	0.0337443786	-0.0155687143	-0.0085669669	-0.0066498576	-0.0017795961	0.0218157932	0.0399463606	0.0327928048	-0.1444413187	0.0301876829	0.0236692765	0.1786795093	0.1066830597	0.0011199836	-0.1668377544	0.0615015919	0.0365817128	0.0872727013	-0.094517595	0.0739393288	-0.074219842	-0.160320783	-0.0507606023	-0.0969255571	-0.0997296831	0.0357509702	0.0696171937	0.0132401382	-0.0359026531	0.0348821672	-0.0270807483	-0.0036097368	-0.0295684294	0.0448382402	-0.0236460146	-0.0471340284	0.0174002812	-0.0536648571	-0.0614346035	-0.0477411536	-0.1376539238	-0.0080743849	0.0875439316	-0.0401175562	0.0394527403	0.0524261844	-0.0924460447	0.0394130496	0.0276763402	-0.0848951525	0.1118366891	0.0	0.0	0.0	0.0	0.0647401326322096	-0.0050874092944185	0.004191284773236	2.5881733328935786e-05	0.0654791627343627	-0.0249012402557865	0.0006200717662764	0.0042875207523931	-0.0976823938713948	0.014704030910167	0.0002162085250071	0.0095418500724463	-0.0015179865567451	0.0001123968342137	1.2633048341261994e-08	2.3042831864588444e-06	-0.0011561767623928	7.007398162000179e-07	1.3367447058970972e-06	4.910362900080348e-13	0.0008901232802383	-0.0001789395419669	3.201935967932396e-08	7.923194540221911e-07	0.0	0.0
1037.8980288655653	-1.7701732175075904	1077232.3183230257	3.133513219981175	1603.1878284292018	-0.4021140768172699	2570211.21322354	0.1616957307746052	1024.439844206087	0.3340696330647006	0.1116025197359837	1049476.9943969918	1065.9621951272552	1065.9615979151336	1.230742	24.807613	0.1172478724375464	0.0707568757955291	-0.1103339092	0.0653583446	0.0728892834	-0.0021480149	0.0014649225	0.0622779184	-0.0611520264	0.049704396	-0.024091654	0.0575848847	-0.0311000404	-0.012623157	0.1085804365	0.0742079079	0.0883126323	-0.0012933077	0.0753006219	-0.0360457094	-0.0334957726	0.066862165	0.0971349046	0.155012021	-0.0445450945	0.0654781058	0.010435932	-0.1066047882	0.1451071156	-0.0370655072	-0.0255746119	0.122649188	-0.0015678707	0.0540126317	-0.0720046027	-0.0234664873	0.0502730269	0.0638726763	-0.0632559645	-0.0072349623	0.0183688141	0.005250445	-0.0924084659	-0.022894976	0.2351202967	0.0942782739	0.0094203503	-0.0082066539	-0.0174226205	-0.0696003151	0.0273238815	-0.1422727799	-0.0496422232	0.0727768255	0.062715929	-0.0003415128	0.0680804218	-0.0862983106	-0.0088981041	0.0048499459	-0.0999331649	-0.0002376494	0.215877279	-0.0708678875	0.071623314	0.0194354157	-0.0467770886	0.0203111759	0.0565376243	-0.0197583817	-0.0143415339	-0.0999538064	0.0349933667	-0.1565227359	-0.0673957244	-0.0546195873	-0.0311232889	0.0712349401	-0.0826288044	-0.034462206	-0.0713363879	0.0538096158	0.0787106717	0.1516662705	-0.0550567639	-0.0211743035	0.1168340721	-0.0346377777	-0.1545593143	0.0551141684	0.0011115315	0.0752436954	0.0772096803	-0.0742977055	-0.0403368284	0.0126423137	0.072051738	0.0265957469	0.0031459558	0.1867030731	-0.0187472658	0.060344999	0.0922122818	-0.0593246531	0.0748473467	-0.0142584033	0.1740202773	-0.0854329481	0.0379363058	0.0481274595	0.0127668908	0.0193368323	0.0686009474	0.0462875666	-0.1347071861	0.1875605905	0.0588984659	-0.006888113	-0.0239298297	0.0026787519	-0.0342255992	0.017758918	-0.0881378748	-0.0997951516	0.1179231626	0.0001334093	-0.1127216348	0.0244919563	-0.0204313845	0.0521458138	-0.0667381795	0.0593245438	-0.0487519807	0.1526233263	-0.0286967379	0.0008664613	0.1035419849	-0.0097993918	-0.1044590113	0.031847873	-0.0107999416	-0.0716426396	-0.0578045168	0.16598456	-0.0427803503	-0.1677311656	-0.0602139633	-0.0988000377	-0.0972239308	0.0532718842	-0.1412361093	7.5711e-06	0.0232892756	-0.036566221	-0.093702707	0.0435714113	0.0211259922	-0.0787608868	0.1100656827	0.0	0.0	0.0	0.0	0.0630586548896872	-0.0016814777425223	0.0039763939564966	2.827367398598198e-06	0.127808498461988	0.0623293357276252	0.003884946092247	0.0163350122791079	-0.1086679058351336	-0.0109855119637388	0.0001206814731054	0.0118087137585934	-0.0010090414235681	0.0005089451331769	2.590251485845541e-07	1.018164594476338e-06	-0.0009240021653404	0.0002321745970524	8.537800015537478e-07	5.3905043516444335e-08	0.0009940344900821	0.0001039112098438	1.0797539531202267e-08	9.881045674727808e-07	0.0	0.0
1038.3981214480336	0.5000925824683691	1078270.6586268053	0.2500925910398825	1608.7131117556958	5.525283326493991	2587957.875934693	30.528755838032502	1024.844175998562	0.4043317924749772	0.163484198406028	1050305.5850781717	1067.6022292766977	1052.2816724093964	1.327964	26.767286	0.1465715399590098	0.1064287080860651	0.1000446744	0.0623097678	-0.0888101847	-0.0381121299	0.0446016644	0.0380002431	0.1092660652	-0.0036673422	-0.0106795273	0.0811742629	-0.0659570558	0.0025353124	-0.0184678189	0.0493615254	0.04345769	0.0603169861	0.057873031	-0.0057352746	0.1457346934	0.1496497736	0.0096104908	0.1147783993	0.007543846	0.064379222	-0.0043965191	0.0910806405	0.0117268242	-0.1654561627	0.0909513788	-0.0845090423	-0.0239052397	-0.0267709825	-0.025531903	-0.109674714	-0.017618689	-0.1902617845	0.1700693831	0.0291506209	-0.0731224456	0.0162619152	-0.0190605119	-0.0003675194	0.0173991996	0.0419723923	0.0284470129	0.0318229696	-0.0428795981	0.038301793	0.0862171627	-0.0413188433	-0.0449771436	-0.1290911126	-0.0759703169	-0.0271669982	0.0873064177	0.1406430281	-0.0469784134	-0.0101519451	0.0798287184	-0.0679290559	0.0009629307	-0.0418795359	-0.096607249	-0.0011202911	-0.0323396065	-0.122524225	0.0496671119	-0.0936237817	0.0434749455	-0.0354123597	0.1251753973	-0.0933105267	0.0766652672	-0.0416024136	-0.0782383023	0.0941751381	0.035924653	-0.1269150925	-0.0205977834	0.1366902449	0.0434114036	0.1152661299	-0.1172756447	0.0139146015	-0.1540595951	0.0870752336	0.0532593268	-0.052941554	0.0286984793	0.0957145323	-0.0860707946	0.1138582595	-0.0350639979	0.0888796177	0.0969028805	-0.0502173471	0.1722951527	0.0165073602	-0.0869385931	-0.0222318547	0.0533837742	-0.0612819022	0.050993646	-0.0184352734	0.0549312407	-0.0067774429	0.0231379616	0.0634496039	-0.0605448233	-0.0382454535	-0.0524095776	0.0150787157	-0.0003436513	-0.0905035683	-0.1200424842	0.0047082674	0.0194950294	-0.205683333	-0.0571402318	-0.0554256932	-0.0017400026	0.0411046434	0.0225261646	-0.1053175972	-0.1103233326	-0.0657986799	0.1025676552	0.1153537868	0.1120523795	0.0090505789	0.0784695716	0.1113218228	0.0068725805	-0.1027713239	-0.0888330754	0.0255716825	0.2232022327	0.0172632361	-0.0098408862	0.0125007184	-0.0830813119	-0.0749280705	-0.054394713	-0.0709073357	-0.1458729781	-0.0334714374	-0.0240647812	-0.0150909682	-0.0255049762	-0.0301374761	-0.0496580189	-0.0477579967	-0.0949223249	0.0476608776	0.0145004964	-0.0721286695	0.1072077007	0.0	0.0	0.0	0.0	0.0568789916827796	-0.0061796632069076	0.0032352196948497	3.8188237350807575e-05	0.0238990829311518	-0.1039094155308362	0.0107971666359599	0.00057116616495	-0.1214600283473146	-0.012792122512181	0.0001636383983666	0.0147525384861304	-0.0013410735102562	-0.000332032086688	1.1024530659045393e-07	1.7984781599108864e-06	-0.000962098394841	-3.80962295006e-05	9.256333213556286e-07	1.4513227021623855e-09	0.0008903560320891	-0.000103678457993	1.0749222651806294e-08	7.927338638774464e-07	0.0	0.0
1041.2015004835728	2.803379035539137	1084100.5646092433	7.858934016900345	1608.9207682711012	0.2076565154054606	2588626.0385740707	0.0431212283903382	1025.3941084440462	0.5499324454842736	0.3024256945963135	1051433.0776317604	1067.7682766150092	1072.686430048269	1.281833	25.837446	0.1235776882553214	0.105434250672538	0.0112195506	-0.1328714887	-0.010233556	-0.0951660101	0.0172285349	-0.067753166	0.0378530934	0.0629101638	-0.0402369341	-0.0335462288	0.1086996027	-0.0849674121	0.0347981281	-0.034226656	0.0954091265	0.027339428	0.0570021069	0.0109237075	0.0259732763	-0.016039714	0.1273109636	-0.052250581	0.0539162479	0.1077032085	-0.0874751131	0.0202424825	-0.0180833415	0.0700692196	0.0359282343	-0.0584756721	0.0780505914	0.0711124538	-0.013776695	-0.023939635	-0.0238938079	-0.128532218	0.1497770746	-0.2541327506	-0.0878964827	0.1147115849	0.0282779618	0.0689377727	0.0108297634	-0.0724376005	0.014932385	0.1268151818	-0.0020355231	-0.046884906	-0.0802895353	0.0914810854	0.0248268167	0.0075780067	0.1380244551	-0.0832658941	-0.0896602001	0.0097458252	-0.1707467098	0.096940021	0.0155612545	-0.1112528595	-0.0161750067	0.1206332759	-0.0184135466	-0.0305381684	0.00211535	-0.0237673382	0.0947047601	0.1202027756	-0.0041384214	-0.0267585356	-0.1197065721	-0.0855763799	-0.0224578802	0.0516817117	-0.097552817	-0.0757303894	-0.010648704	-0.0888203678	-0.0760703381	-0.0390294106	0.1634090273	-0.0385716314	0.0384859276	0.0327444279	-0.0057280908	-0.0961929589	0.0547824161	-0.0381315059	0.0588335534	-0.085549754	0.0430128797	0.1070247818	-0.0581763799	0.070676899	0.0575102239	0.0360514936	0.0391815115	-0.045653404	-0.1182314604	-0.09056009	-0.1853832734	0.1044414394	-0.0190652945	-0.0482526714	0.00203117	-0.0527277414	-0.2305178106	-0.0058257536	-0.0067585634	-0.0037837062	0.0632284467	-0.0177382347	-0.1075399509	0.1026829959	-0.2037944879	-0.1456636674	0.032681283	-0.0811765263	0.0560273444	-0.0357457117	-0.0614935111	-0.068613422	-0.0164514954	-0.1120250645	0.165691658	-0.05306468	0.0796751707	-0.0093290233	-0.0348330802	-0.11549055	0.0353214691	-0.0736783603	0.0421331687	0.111293437	-0.0704755646	0.0064800352	-0.0802252059	-0.0319469822	-0.0292368312	0.0897451113	0.0463132798	-0.0190095974	0.0457117682	-0.0626679819	0.0449124184	-0.0622489781	-0.1107874982	-0.0213708175	-0.1503374171	0.0657759906	-0.0926305271	0.0402846777	-0.0961044161	0.0516749823	0.0078234205	-0.0650404315	0.1032909678	0.0	0.0	0.0	0.0	0.0627035825498438	0.0058245908670642	0.003931739264585	3.392585876868772e-05	0.1287705316131848	0.104871448682033	0.0109980207486682	0.0165818498119422	-0.1212335263458754	0.0002265020014391	5.1303156655963096e-08	0.014697567910256	-0.001399986585341	-5.891307508479999e-05	3.470750415947281e-09	1.9599624391347533e-06	-0.0011561236668236	-0.0001940252719826	1.3366219329896466e-06	3.7645806167921935e-08	0.0008901914450608	-1.6458702829997337e-07	2.7088889884616236e-14	7.924408088594352e-07	0.0	0.0
1040.3224526065628	-0.8790478770099526	1082270.805397334	0.7727251700757047	1604.3848222570216	-4.535946014079627	2574050.6578886947	20.574806242644858	1024.0095255556212	-1.3845828884250295	1.9170697749193977	1048595.5084286483	1065.3251657005142	1071.30937360391	1.304727	26.298912	0.0848804244300696	0.0788489363663134	-0.0668444861	0.1207837136	0.0353726785	-0.0234366745	-0.0628870429	0.0440510444	-0.1087789141	-0.0076514963	-0.0861523053	-0.0315929375	0.0506384019	-0.0182539864	-0.0116296313	-0.0179752573	-0.0017600189	0.0799801086	4.90883e-05	-0.18497424	-0.0705104484	0.0974024014	0.0217545876	0.0308584749	0.1518573274	0.0097599885	-0.0662318107	0.0510677154	-0.0847386218	0.1088458677	-0.066706832	-0.0142292252	-0.111555922	-0.0199190764	-0.0183652598	-0.1589385894	0.0240065744	-0.0259380056	-0.1101994811	-0.021003257	-0.0777776134	-0.0650807512	-0.0534742418	-0.0578998082	-0.0499576882	-0.0682710539	-0.0856737422	-0.0297679894	0.0422023722	0.0224702582	0.0757421243	-0.0754834035	-0.0055559749	0.0919045195	-0.0028821504	0.0251248044	-0.1520105944	0.06654482	0.025829753	-0.0955508797	0.0061450912	0.1921152985	-0.0357138747	-0.0319555223	-0.0371339159	0.1075267217	0.0008453954	-0.1344978032	0.0801488433	-0.0477415243	0.0190911216	0.0059689119	-0.0723316194	-0.0072018994	-0.079791414	-0.0795763913	0.0290023452	0.0386280837	-0.0974175486	0.029795297	0.0287117109	0.025615812	0.0651054657	-0.042435102	0.1221655286	0.0509543724	-0.1263199685	-0.1100566883	0.030259722	0.0367938766	-0.1493365674	0.1437534962	-0.0555642132	0.0842525134	0.1082535237	-0.0361889331	-0.1013399763	0.1280039057	0.04650644	0.0216785465	-0.0799884858	-0.0318249141	0.0020925261	0.1007378638	-0.0328373142	0.0222097212	0.0133397394	0.0492004447	0.1205533461	0.0923479093	0.0266006561	0.0697373529	-0.0351930413	0.0155572731	-0.0518373627	-0.0864381103	-0.0106590832	-0.0708600891	0.07838669	0.0749118769	-0.169506598	-0.0559772685	-0.039040091	-0.0140555733	0.0138511165	0.1532130936	0.032296198	-0.0488521315	0.0342540711	-0.1110944197	-0.0220975086	0.1482829706	0.0309089866	-0.0752590974	0.0200671489	-0.0607159767	-0.0087185527	0.0866451153	0.0034233099	0.087135661	-0.0556471117	-0.0642404663	0.0005199118	-0.1617127771	-0.0916005462	0.1087400955	0.0212864642	-0.1371267514	0.0746710389	0.0134944858	-0.0856918396	-0.0660679329	-0.066399862	0.0845532453	-0.0972485133	0.0556073782	0.0011185157	-0.057540987	0.0983541643	0.0	0.0	0.0	0.0	0.0610139757043413	-0.0016896068455025	0.0037227052312499	2.854771292368924e-06	0.0499014142372971	-0.0788691173758877	0.0062203376756515	0.0024901511428823	-0.1213008522895648	-6.732594368939748e-05	4.532782693667921e-09	0.0147138967661748	-0.0013149865468522	8.500003848880004e-05	7.2250065430974894e-09	1.7291896184022732e-06	-0.0011560858419308	3.7824892799940425e-08	1.3365344739128468e-06	1.4307225153269845e-15	0.000890241066979	4.96219182000027e-08	2.46233476584776e-15	7.925291573359083e-07	0.0	0.0
1040.1214172758705	-0.2010353306923207	1081852.5626759655	0.0404152041865707	1608.520890519974	4.136068262952449	2587339.45523917	17.10706067580249	1023.5999221801758	-0.4096033754453856	0.1677749251762535	1047756.800687262	1066.4055754012131	1072.2981268092312	1.400908	28.237606	0.0410501870841284	0.021397964485585	0.1118807046	-0.0869149709	0.1374854527	0.0700519351	-0.0485169376	-0.0514767864	0.0663353725	-0.0103207604	-0.022591889	-0.08072831	-0.0345396275	0.1068666275	-0.0236525644	0.1465312875	-0.0309206255	0.1583017737	-0.0069921037	0.0022993312	0.0850440871	-0.0765362181	-0.0600994177	0.0625481301	-0.0557052558	-0.0700535671	-0.0942335028	0.0628904467	-0.0816574713	-0.1016613379	0.0111570568	-0.100809405	0.0275102993	0.0249484679	0.0327747352	-0.0035697198	0.0353454457	-0.0217254842	-0.1177237642	-0.082890421	-0.1332392541	-0.1652381352	-0.0054478331	-0.026104895	-0.0402169235	0.0411217738	-0.0496045375	-0.0031361472	0.0149765492	-0.1382327794	-0.0466874727	0.0548130056	-0.0169293336	-0.0097124765	-0.1604410221	-0.0496108186	0.0966841933	-0.0609001815	0.0012007816	-0.2852742212	0.0763017283	0.0635589987	-0.0564275044	-0.0787043693	-0.1200572337	0.0054085838	-0.0425990198	0.0985781182	0.0084862157	0.0453729457	0.0977396187	0.2532839907	-0.0101788318	-0.0904962542	0.08947892	0.0254246008	-0.0200788513	-0.1041293562	-0.0606782373	-0.0595102637	0.0447474425	0.0533759046	-0.149478829	0.094548825	0.1388100652	0.0726032065	-0.0149089443	-0.0306765991	0.1494873302	0.0726466661	0.0623537794	0.0063155333	-0.0723956082	-0.0195876776	0.1272418551	-0.0301539969	0.0123173319	0.0881501714	-0.023934562	-0.0275490856	-0.1169609067	-0.0821315376	0.0437697023	0.077161034	0.037080543	0.0314871733	-0.0279334825	-0.1566864596	-0.0280115486	0.1151727829	-0.1408206524	-0.078721718	0.0914426883	-0.0933056101	0.0896754724	-0.0294319159	0.1179543847	0.1320621778	0.0122838692	0.0185641852	-0.2255444355	0.0866549301	-0.0535378256	0.0151944435	0.0581289246	-0.0768430556	0.1279138715	-0.0587264551	-0.0984237687	0.0420707249	0.0800586793	-0.1013381057	-0.1322914279	-0.1009351877	0.0014995863	-0.0623333453	0.1385981715	-0.018779139	0.0401296068	-0.0333355741	-0.1122561263	0.0901607604	0.0904284545	0.0139507017	-0.0306783829	-0.0447488048	-0.1034402481	-0.0834411967	0.0373952644	-0.0982364342	-0.0714600142	0.0470994739	-0.0076922328	0.1644903754	-0.0983541643	0.0594518474	-0.0055903678	-0.0496777498	0.0924460447	0.0	0.0	0.0	0.0	0.0573874895671053	-0.0036264861372359	0.0032933239588146	1.3151401703564872e-05	0.0654256504469117	0.0155242362096146	0.0002410019098919	0.0042805157364014	-0.1351753259886976	-0.0138744736991328	0.0001925010204279	0.0182723687561506	-0.0013899374350898	-7.495088823760007e-05	5.617635647605216e-09	1.9319260734640124e-06	-0.001156178987548	-9.314561719999359e-08	1.3367498512475186e-06	8.676106003567741e-15	0.0009756968538871	8.54557869081e-05	7.302691516082596e-09	9.519843506851848e-07	0.0	0.0
1038.4211620387352	-1.7002552371352522	1078318.5097698772	2.8908678714058524	1615.7294017710583	7.208511251084246	2610581.499747462	51.96263445700816	1022.1821006087418	-1.417821571433933	2.0102180084233874	1044856.2468049	1064.7572431726437	1071.8034311532974	1.456556	29.359272	0.1078232135275651	0.0711865046749082	-0.13959744	0.0419673629	-0.0152314545	0.1225603518	-0.0212147886	-0.050622553	-0.1443428374	-0.0351135509	0.0175593467	0.1517013496	-0.105003148	0.109726389	-0.0575104218	0.0567329039	-0.041132383	-0.0634601109	0.1008674101	0.0073266946	-0.085610632	0.0139038749	-0.0459297576	0.1629371825	-0.0292894531	-0.0003616475	-0.0740423723	-0.1474093357	0.032257746	-0.0720322726	-0.0257459746	0.0483301319	0.027678814	-0.0136346403	0.0525395452	-0.0311247927	-0.0655138351	-0.0578709854	-0.1046641971	-0.0776263213	-0.0023996891	-0.0124681227	0.0692295781	-0.1588310408	-0.0921358717	-0.0904059688	0.0846493019	-0.0329550234	-0.0634201248	0.1341403902	-0.0203496978	-0.0640078295	-0.0044519311	0.0756195751	0.1049748908	0.0265453634	0.0156369308	-0.260126182	0.0335387456	0.2056526716	0.0860904264	0.0735014222	0.0854471155	0.0015982412	0.0393731592	0.0360760451	-0.0367903493	0.0996125917	-0.037124632	0.0914896547	0.0813671803	-0.0302615709	-0.0040249617	-0.0765450082	-0.0654402021	0.0485678096	0.1065147008	0.105409887	-0.0858463069	-0.004470781	-0.0493049365	0.066866095	-0.0718157124	0.1034835954	-0.0598542511	0.0740291359	0.0636906672	0.0285968572	-0.0527408832	0.004089406	-0.0281297458	-0.1039715699	0.0388631365	0.0336911134	0.0198699839	-0.0245036553	-0.077164629	0.0905352314	0.0339672215	-0.028461165	-0.0619857489	0.0551522105	-0.1196451971	-0.1168159124	-0.0420503697	-0.0499432939	0.0240892164	0.1308421448	0.1094587181	0.0510201005	-0.1217231295	0.003968567	0.1358187238	-0.0307208816	-0.1439687325	0.1728254164	0.0775682312	-0.0421319156	-0.0797009204	0.0212520458	0.0608890997	0.0367519043	0.1732797616	-0.0514909964	0.0059525692	-0.0008382883	-0.0080913284	0.0762229199	0.0493906944	-0.1628760522	-0.1003791856	0.0913148967	-0.0228552717	0.1354625053	-0.0510133999	0.0390655437	0.06372319	-0.0449879201	0.0666106539	-0.0763823282	-0.1146688761	-0.1159635494	-0.0542570732	-0.0352990882	-0.0188361052	-0.0890398783	0.0186346064	-0.0443274427	-0.0494439127	-0.0513836717	-0.0755276517	0.1424385374	0.1009287761	0.046798589	-0.0994209319	0.0632023111	-0.0122793656	-0.0415004339	0.0856249559	0.0	0.0	0.0	0.0	0.0478756273442542	-0.0095118622228511	0.0022920756936059	9.04755229465019e-05	0.1344690336902658	0.0690433832433541	0.0047669887696886	0.0180819210215938	-0.1241863348217577	0.0109889911669399	0.000120757926867	0.0154222457564617	-0.0013159256333532	7.401180173659998e-05	5.477746796297784e-09	1.731660272516021e-06	-0.0010187446874569	0.0001374343000911	1.0378407382216569e-06	1.8888186841530545e-08	0.0011298302899478	0.0001541334360607	2.3757116111877898e-08	1.2765164840835298e-06	0.0	0.0
1037.4220603714173	-0.9991016673179728	1076244.5313452766	0.9982041416375534	1605.707066799732	-10.022334971326243	2578295.184370599	100.44719827746904	1022.473362641387	0.291262032645136	0.0848335716605763	1045451.7773111851	1065.6611728021624	1058.4800144326916	1.430377	28.831596	0.0996493553016774	0.0495392129590884	0.1129548248	0.0130655684	-0.0975215308	0.0319592212	0.0085104171	0.0026549009	0.1430889588	-0.1060224462	-0.0051672096	0.0786238371	0.0612372144	0.0345586359	-0.1147321815	0.1213114202	-0.0478007595	-0.0093720335	-0.0688314376	0.0839379698	-0.0413917707	-0.0257265719	0.0617371751	-0.0932981695	-0.0361849385	-0.0810760678	-0.0784617024	-0.1586766733	-0.0097409687	0.1033216708	0.0403796211	-0.0565239811	-0.0704992482	0.0830781035	-0.0627979789	-0.0256440254	0.1461230779	0.0291739738	0.0026481441	0.1117396419	0.0167649517	0.0118079532	0.1376240453	-0.116470501	-0.0337550286	0.20244811	0.015958873	-0.1263660755	-0.030573814	-0.0395403106	-0.0725337645	-0.0807156331	0.0029487424	0.0158362089	-0.0490441185	-0.0232272856	-0.0012767891	0.0775844644	-0.0870860517	0.0469935766	0.0577204494	0.1574477905	-0.0497716	-0.0610935751	0.0895412698	-0.0371698029	-0.0748482157	-0.0791546278	-0.0355613826	-0.1336789401	0.0385351318	0.1053567513	-0.0455458592	-0.1759323545	0.1447783855	0.0194396531	0.0102960644	0.0891771694	0.0396623679	0.0781744815	0.0816997253	-0.1370684589	0.0368729338	0.005737707	-0.0809362242	0.0777233933	0.1771341019	0.0011489115	0.0441044416	0.0111613712	-0.0773504281	0.0204601821	0.0157143396	0.1126884251	0.0124218944	0.1272880201	0.0496947681	-0.0290047858	-0.10305817	-0.0679480571	-0.0047444491	0.0324010972	-0.0211132299	-0.1304643233	0.0215391474	0.0658798204	0.1092626775	-0.0854731698	0.152042004	0.0344723477	0.0687703286	-0.0421897658	-0.0432585546	0.0129688016	0.1468815957	0.0721646049	0.0653484176	0.0228794707	0.0381311355	-0.0315507791	-0.0938467586	-0.0900247804	0.1329242518	-0.0322554196	0.0958987301	0.1126890883	0.1007753843	-0.0028353775	0.0741022369	0.1269609219	0.0978957715	-0.0574707549	0.1618890806	0.070878398	0.0099033038	0.031139818	0.0537255713	0.0008771551	0.1471795216	-0.0256605717	0.0089312161	0.0030023867	0.0018620555	-0.0496127276	-0.0709676383	0.0143074449	-0.1193910125	-0.0211398049	0.0155692943	-0.1729959452	-0.0678362709	-0.0121091621	0.0482430574	-0.0501133137	-0.1004483944	0.0668528388	-0.0189246842	-0.0330607388	0.0779582607	0.0	0.0	0.0	0.0	0.0625408455215961	0.0146652181773418	0.0039113573585561	0.000215068624189	0.0939067781331743	-0.0405622555570915	0.0016452965758788	0.0088184829793532	-0.1373488649224867	-0.013162530100729	0.0001732521986525	0.0188647106954955	-0.001668961852817	-0.0003530362194637	1.246345722532923e-07	2.7854336661583536e-06	-0.0008650430503092	0.0001537016371477	7.48299478888245e-07	2.3624193261883253e-08	0.0012482794626666	0.0001184491727188	1.4030206517768128e-08	1.5582016169152158e-06	0.0	0.0
1040.1454764675325	2.723416096115216	1081902.6122158703	7.416995232579441	1604.0219100384002	-1.685156761331882	2572886.287883237	2.839753310262558	1024.424589786739	1.9512271453520496	3.807287372758709	1049445.7401597286	1066.0568307554024	1067.1643576527806	1.271748	25.634167	0.0612197227229774	0.0399922782880773	-0.0468340026	-0.0661713247	-0.0899700958	0.0386053588	0.121773541	-0.0410729619	-0.0229568186	0.0136242077	0.0807595598	-0.1133296115	0.069035731	-0.1167182076	-0.0933006442	-0.2021231728	0.0768891003	-0.0144746855	-0.0449253998	-0.0151005613	0.0133327178	-0.1312286002	0.1186697169	-0.0138205234	-0.0617521361	-0.0671230878	-0.0455533825	0.0526622461	-0.1709782723	0.0665627527	0.006634483	0.0418369069	-0.0442371217	-0.0958030818	-0.0159697326	-0.056865255	0.043181039	-0.0926167161	-0.0285919309	0.0716966148	-0.0961861896	-0.0234722331	0.1190656294	0.1607515749	0.0375216246	0.1095363531	-0.0436570568	-0.0971848118	-0.0683127448	-0.1812804755	0.0773999976	0.0019655695	0.0192219792	-0.0228988475	0.0347867297	0.0314796518	0.139588731	-0.0062521173	0.0681728256	0.0046824605	0.0745760213	-0.1206804839	0.0637997657	0.1881410254	0.1304809159	-0.0161333639	0.0650974813	-0.0166728369	-0.0589227966	0.0271848499	0.1596336282	0.0408451717	-0.0362408707	-0.0022686038	-0.0878779129	0.0195178448	-0.060732464	-0.1151676972	0.0570038602	0.0224102414	0.1093915677	-0.1290044914	0.035065769	0.0541793689	-0.0053081173	0.0294178718	-0.0128281578	-0.0087705903	0.0998087438	-0.0828622584	-0.1666646373	0.0707933232	-0.0468984239	-0.0519986615	0.0216826623	0.0353926244	0.0285309572	-0.0737053495	0.0350611016	-0.021714415	0.0049838661	-0.1003896099	-0.0271250867	0.0022666721	0.2010880866	0.0677569513	0.0106667397	-0.0162525701	0.0541190418	0.0093903913	0.0015742809	-0.1377047637	-0.0389735531	0.0646384325	-0.0188749318	0.1122356409	0.0857924445	0.040780058	-0.151159337	-0.0164078585	0.0802030024	-0.137923115	-0.167118054	-0.0083100712	-0.0027002794	-0.0287635054	0.1330893548	-0.0871989679	-0.0418225086	-0.0411955543	-0.0876564203	-0.0208029892	0.0390022205	-0.1249127813	0.0953618996	0.050042203	-0.0882331268	-0.0708770065	0.0872905114	0.0515204403	-0.0469253878	0.0707168365	0.0051860541	-0.1421701315	-0.0246286241	0.0288822211	0.0374878859	-0.010088217	0.0253795008	-0.1247950745	-0.0806897253	-0.0815505656	-0.106235387	-0.0430582733	-0.1014361455	0.0703976585	-0.0255026853	-0.0244120232	0.0695216732	0.0	0.0	0.0	0.0	0.0584786121037694	-0.0040622334178266	0.0034197480735831	1.6501740340907953e-05	0.0566468851322667	-0.0372598930009076	0.001388299626439	0.0032088695951882	-0.1373033206529186	4.554426956812629e-05	2.0742804904941547e-09	0.0188522018623181	-0.0016599308894416	9.030963375400002e-06	8.155829948781619e-11	2.755370557722381e-06	-0.0010708859994821	-0.0002058429491729	1.1467968238867766e-06	4.237131972419715e-08	0.0010661123345214	-0.0001821671281451	3.318486257666971e-08	1.1365955098186696e-06	0.0	0.0
1040.12879873474	-0.0166777327924592	1081867.9179573734	0.0002781467710966	1602.801555592963	-1.220354445437124	2568972.8266112222	1.4892649724981506	1023.6061680787474	-0.8184217079916607	0.6698140921119872	1047769.5873288568	1065.3882689128448	1075.4008702882966	1.292084	26.044079	0.0669758209290322	0.0315283368930944	0.0451821926	0.1010478565	-0.0575818603	-0.0537149915	-0.0976255426	0.0961930336	-0.0573218784	0.0611760373	-0.0682706573	-0.1271101328	-0.0214686586	-0.0105469752	0.021477437	-0.031834283	-0.0071178245	-0.0076014	-0.1040613144	0.025199569	-0.0859771343	0.0233626682	0.0126500515	-0.0660526531	-0.143997519	0.0446763637	-0.0278342817	0.0136696041	-0.1238998399	-0.1543194785	-0.0665445894	-0.1312074014	-0.1331444563	0.0894604654	0.0464164627	0.0641331936	0.0254064605	-0.0305958312	0.0516819882	-0.0339839787	-0.0009379106	0.0850665996	0.1157999949	-0.007200503	-0.102185942	0.1217940604	0.0438297852	0.0072658814	0.096074596	-0.0551175145	0.06869492	-0.0720891805	-0.0582421352	-0.1009552814	0.0550767638	0.1510694893	-0.0110101793	0.0158895954	-0.0342788845	0.1437071849	-0.1383299732	-0.0410394566	0.0262391065	-0.0291771612	0.0297232413	0.0096583954	0.1011698094	0.1030280496	0.1393588798	-0.0523328211	-0.1022451075	0.0725050131	0.057646295	-0.0059902907	-0.0422532944	-0.0765586833	0.0043670157	-0.0388123324	-0.0064399141	0.132730492	0.0239184509	0.0370385951	-0.0119425804	-0.0138673198	-0.1265015996	-0.0049194583	-0.0029852673	0.0770826441	0.1920792084	0.1893305765	-0.0042223413	-0.0464975572	-0.0312461177	0.0819768651	-0.0979014449	-0.0034458701	0.0486231441	-0.0067506798	-0.054913629	-0.0593899824	-0.0121033583	0.0221402933	-0.1429877251	0.0016761875	-0.0068200696	0.0455858098	0.0112599853	-0.1058287558	0.0041407283	-0.0612108929	0.0124142069	-0.1415838458	-0.0590252817	0.1817606572	0.0270799326	0.0024613455	-0.0408248676	-0.0278131709	-0.1165389819	-0.0690404829	0.0981777573	0.1928207102	-0.0287336475	-0.0228634397	0.1321249986	0.0051504641	-0.0840496554	-0.0159113923	-0.0918830929	0.0327966199	0.0746189389	0.1148026728	-0.0465397518	-0.0977490679	-0.0022165529	0.0245897232	0.0087437363	0.1209633872	0.0135951211	0.0797565432	-0.1819014967	0.0668041522	0.0510691038	-0.0297892501	-0.0832488264	0.0252438213	0.0910224884	-0.0039792241	0.1214030341	-0.2571761162	-0.0810448807	0.032486604	-0.0615066954	0.0763537166	-0.1023837949	0.0738311651	-0.0319899701	-0.0156089668	0.0603985106	0.0	0.0	0.0	0.0	0.0545724587499165	-0.0039061533538529	0.0029781532540113	1.5258034023816266e-05	0.0751765931551773	0.0185297080229106	0.0003433500794143	0.005651520158419	-0.1569612673955873	-0.0196579467426687	0.0003864348701375	0.024636839462429	-0.0017276379786518	-6.770708921019996e-05	4.584249929317975e-09	2.984732985280077e-06	-0.0008167700878436	0.0002541159116385	6.671133763960421e-07	6.457489654786599e-08	0.0008902950791781	-0.0001758172553433	3.0911707276451194e-08	7.926253280087393e-07	0.0	0.0
1038.9648320303572	-1.1639667043828013	1079447.9221958683	1.3548184889117594	1613.2180799321925	10.416524339229454	2602472.5734201097	108.5039793097596	1023.8168400959393	0.2106720171918823	0.0443826988276967	1048200.922064034	1067.208160010605	1074.2199250373135	1.20422	24.27302	0.0626841244470693	0.0295615732481844	0.0248383315	-0.0895489409	0.0539249254	-0.0423978726	-0.1054172153	-0.0722391944	0.033554724	0.0248911083	-0.1300489401	-0.0722037478	-0.0421363112	0.016894213	0.0627102024	-0.0322784956	0.0121738878	-0.0534446117	-0.0607621174	0.1165426677	0.0005781558	-0.0265119839	0.1786085881	0.0961585535	-0.0389916227	0.066534492	-0.0605352828	-0.0390904556	-0.0564592096	-0.0989662145	-0.1001894305	0.0189918956	0.1274807249	0.0317380132	0.1098334824	0.17598017	0.132348391	-0.0618751223	-0.1437178985	0.0934266309	-0.1180403054	0.0361010455	0.093653529	0.070987473	0.0460002954	-0.1580003508	-0.0389329386	-0.024960317	0.0751354742	0.054162606	-0.0525698402	-0.0218394873	0.0211767	-0.054985254	0.1242731943	0.0898704135	-0.0394969474	-0.0720189158	-0.0475187572	-0.0971245696	-0.0216390725	-0.0859964434	-0.0131191101	-0.0129025226	0.005781449	-0.0488257289	0.0342657345	-0.0598375159	-0.0509425705	0.0563084682	0.0515406299	0.0290608415	0.0125054754	0.0350006556	0.0513912982	0.0982104776	-0.0364987819	-0.0064505639	0.0372154533	0.0820591396	-0.0745607	0.0247911374	0.0971674775	0.147182261	-0.0394277817	0.0173039022	0.0337916808	0.0206868008	0.0785172698	0.1564696014	-0.0528596342	-0.1170097579	0.104156394	-0.1493155143	0.173809096	-0.0931862474	0.0551495482	-0.1191184462	0.0008185247	0.0055550967	-0.0197915517	-0.053862745	-0.1295674785	0.1033954684	0.0909364185	-0.0421211551	0.0138109223	-0.0434948052	0.0679127307	-0.0282501894	0.0609870985	-0.0279879402	0.0700565355	-0.0678444621	-0.1228458088	-0.0956823699	-0.0487230888	0.0174954602	0.1087401966	0.0967186651	0.1234736121	0.0689240987	-0.0149601623	0.0148156413	0.0039066011	-0.0673374575	0.0132257735	0.023478514	0.0968686273	-0.0096993951	-0.01780594	-0.0581937384	-0.1412594682	-0.0095444292	-0.0235176124	-0.1088984196	0.007369291	0.0955268852	0.0519561882	-0.0278379	-0.12464197	0.0530851337	-0.0538492963	0.0369746463	0.0197900974	0.0136659827	-0.0071917235	-0.0203317233	0.1502291428	-0.1174835652	-0.071437866	0.0044512635	0.0813265769	0.0400316087	-0.1032909678	0.0771479294	-0.0383634626	-0.0067072256	0.0506788705	0.0	0.0	0.0	0.0	0.0478031113896832	-0.0067693473602333	0.0022851374585344	4.58240636834976e-05	0.0567840292549846	-0.0183925639001927	0.0003382864068226	0.0032244259784309	-0.150555354124009	0.0064059132715783	4.103572484298301e-05	0.0226669146554057	-0.0014090135433797	0.0003186244352721	1.0152153075246469e-07	1.9853191654274177e-06	-0.0008168417202172	-7.163237360002447e-08	6.672303958873945e-07	5.131196947573484e-15	0.0011939250098337	0.0003036299306556	9.219113478992448e-08	1.4254569291064008e-06	0.0	0.0
1038.094372672224	-0.8704593581333029	1077639.9265737382	0.7576994941618417	1602.5035021355811	-10.714577796611366	2568017.474356802	114.80217735963728	1022.7785867812609	-1.0382533146784	1.0779699454406844	1046076.0375782732	1064.7136522632138	1062.1021066837309	1.104108	22.255098	0.0750243463181679	0.0460844901995697	-0.0453320385	0.0524268336	0.0778752703	-0.0650128274	-0.0421811512	0.0248491734	-0.0483069662	-0.0771274843	0.0372102297	0.0088924652	-0.044260515	-0.0641571887	0.0757613013	0.0273798144	-0.0470233486	-0.0658442383	-0.0469530236	-0.0349532779	-0.0288784524	0.0949612258	-0.0764851107	-0.1394698735	-0.0352882276	0.0625408313	0.1112375567	0.1120166881	0.0292678285	-0.0620465824	0.0195318679	-0.0283271872	0.0112466994	0.0355311899	-0.0708797051	0.1482961943	0.0142041559	0.1266673385	-0.051837024	0.0877895633	-0.0568032581	0.0520480015	0.1430443771	0.0307453727	-0.0907433027	-0.1476838281	0.0101717993	0.0285271949	-0.0631841141	-0.0456548464	-0.0529203777	-0.0151894993	0.0678218161	0.0336355584	0.0492614571	-0.0353256805	0.0133618109	0.0912431713	-0.0560577537	-0.0608329607	-0.0656235443	0.0674049441	0.0059017971	0.0823884963	-0.0802362238	-0.063351806	-0.0428459409	0.0791858099	0.0235508746	-0.0447956673	-0.1496461108	-0.0959548397	0.0587307574	0.0539935758	-0.0188915828	-0.0528034774	0.0598658593	0.0658334733	0.0443983815	0.0560169839	0.0140234435	0.0722132116	-0.0082146975	-0.1324513757	-0.0857463367	-0.0827339651	-0.0301084058	0.0768425413	0.0414105986	0.031740174	0.0787823131	0.0316242682	0.0350631223	-0.0601429556	0.019063747	0.0318296953	-0.0253801521	-0.121206067	-0.1872351056	-0.0354116152	0.0178669054	-0.015838072	-0.0238288266	0.0777004135	0.008171554	-0.0646046329	-0.1622757389	0.1279788866	-0.0344601014	0.0196198369	0.0517745921	-0.0271378044	0.0138911544	0.0345874817	0.0541506395	0.0881813669	-0.0245859266	0.0407631139	0.1067733359	0.1082154474	0.0169909713	-0.0941704871	-0.0558375059	0.1055136891	0.0321531941	-0.0390912159	-0.0578767353	0.0070879988	-0.0775342869	-0.0879310354	0.0032994681	0.0140025402	-0.0285273884	0.1273577629	-0.0364721492	-0.0614969316	0.0922197134	-0.0054869163	-0.045591135	0.0246066193	-0.0011694023	0.0636935666	0.0860758515	0.0587416905	-0.1058024034	0.0300315048	-0.038500203	-0.0243568937	0.0153452916	-0.152815976	0.1045745748	-0.0234233024	0.0554200077	-0.0385575629	-0.1041573055	0.0803427069	-0.0446004913	0.0022369209	0.0404587412	0.0	0.0	0.0	0.0	0.0488399609025833	0.0010368495129001	0.0023853417809658	1.0750569124011824e-06	0.095069892772841	0.0382858635178564	0.0014658073453079	0.0090382845118394	-0.1253563870316725	0.0251989670923364	0.0006349879425206	0.0157142237696344	-0.0013430359636044	6.597757977529987e-05	4.353041033006058e-09	1.8037455995347996e-06	-0.0007378460278526	7.89956923646e-05	5.444167608178598e-07	6.240319412162523e-09	0.0012590050615953	6.508005176159991e-05	4.2354131372925236e-09	1.5850937451225849e-06	0.0	0.0
1039.0324885484797	0.9381158762557787	1079588.5122592463	0.8800613972831478	1615.5457508411814	13.042248705600286	2609988.073060997	170.10025129873236	1023.187851002452	0.4092642211911652	0.167497202747211	1046913.378439016	1067.0091304326622	1061.9105676813151	1.116809	22.51111	0.0820065134898319	0.0434503268732787	0.0519516781	-0.040013161	0.1142614614	0.0563450657	-0.068195987	-0.0552061675	0.1342519485	0.0009644895	0.0266537936	0.1194133992	0.0009324423	0.0158492725	0.0129498875	0.0467470068	-0.0550357873	-0.0522081348	-0.0902783305	0.069116901	0.0741907811	0.0414480297	-0.1001053733	-0.0616217404	0.0509787009	-0.0461140945	-0.0187003193	-0.0727739749	0.0931594989	-0.031067045	-0.0759517419	0.078803078	-0.1294693247	-0.0652811527	0.0051294976	0.028273148	-0.0425108468	-0.1451560012	-0.0032898728	0.1199397322	0.1156609338	-0.0095565867	0.0991127561	0.0113559105	0.0328104093	-0.2078740825	0.0817227181	-0.1260270812	0.0387776132	0.0223743411	0.0910000986	-0.0396541005	-0.1232864215	0.0493135621	-0.0039451964	0.0646726804	0.0816055249	-0.0055480793	0.0708826653	-0.0903806367	0.0002405339	0.0224657233	0.1014917686	-0.0276816901	-0.1418695115	-0.0536511464	0.0416030732	0.0379495088	-0.0063979291	0.0330294026	-0.0249628718	0.0857095571	0.1255035208	0.1191555417	0.1349089027	0.0608695192	0.0085114704	0.1045347484	0.1556938894	0.0258364686	0.0166729065	0.0264268987	-0.0678863422	-0.0340593978	-0.017221425	0.0433018744	0.0175962783	0.0505472536	-0.1007378144	0.056393356	-0.0064408835	0.030442985	0.0714665188	-0.0128219694	-0.0734990951	-0.0501954859	-0.0644123778	0.0453060815	0.1774550304	-0.0745360267	0.0888063045	0.0813910771	-0.0162860583	-0.0186459466	0.1372440435	-0.2013796516	-0.0702828476	0.0931199067	0.194432469	-0.0415860671	0.0561449385	0.0220105512	0.0700354394	0.0006879691	-0.017692494	-0.0185181126	0.0294703364	0.028708082	-0.0223775203	0.0778894146	-0.1391875672	0.086534445	-0.0617589255	-0.0861575934	0.0344979627	-0.1292725149	-0.0392281932	-0.0376394348	0.0177243834	0.0471671377	0.0278730176	-0.0780536207	0.0865275348	0.0270522563	-0.0570072927	-0.112517256	0.1017112162	-0.0012223736	0.0611119429	0.1010051403	-0.0181408788	0.0568560216	-0.1423027925	-0.066045378	0.108105845	0.0278234178	-0.0192106618	-0.0371472548	0.0280621694	-0.060247457	0.0333991142	-0.0420093663	-0.0182150727	0.0154165201	-0.1049824657	0.0834104461	-0.0506788705	0.0111669248	0.0298390534	0.0	0.0	0.0	0.0	0.049592153745138	0.0007521928425546	0.0024593817130814	5.657940723905173e-07	0.0715099422901914	-0.0235599504826495	0.0005550712667449	0.0051136718463465	-0.1526448279389001	-0.0272884409072275	0.0007446590071472	0.0233004434964964	-0.0014252630774846	-8.222711388020001e-05	6.7612982570673824e-09	2.031374840040873e-06	-0.0012178661461419	-0.0004800201182892	1.4831979499185235e-06	2.3041931396247355e-07	0.0012131337086168	-4.587135297850001e-05	2.104181024078141e-09	1.471693394982351e-06	0.0	0.0
1038.6186801583283	-0.4138083901514164	1078728.762773828	0.1712373837597069	1603.383916996895	-12.16183384428632	2570839.985284306	147.91020245602817	1023.2018947190504	0.0140437165983939	0.000197225975896	1046942.1173566548	1065.8101881432576	1064.8044710163588	1.151778	23.215973	0.062669379497562	0.0340544994351586	-0.0782006306	0.0035810042	0.044298224	-0.0813995776	0.0112560413	0.0374560346	-0.0693022727	-0.0547012789	0.042468394	0.1092511989	0.0479840173	-0.0353090663	-0.0093868679	0.0183191248	0.0113201993	-0.0520138198	0.0581919707	-0.0049492598	0.0052958434	0.0423422257	-0.0479445483	-0.0158431589	-0.0252850655	-0.0957652859	0.0521123903	-0.0572969513	-0.038291585	0.091107076	0.0632669894	0.0647540203	-0.2351743314	0.0157377407	0.027362386	-0.0016408652	-0.0322916076	0.0147777597	0.0460711036	0.2111141064	-0.1612703704	-0.0491315178	0.0381087699	0.0393646201	-0.2079938711	-0.0999810152	-0.0091220314	0.0479296471	0.0085690078	0.0203765355	-0.0603425749	0.1389601068	-0.021328336	0.0002950723	-0.009127618	-0.0639202389	0.0525865539	-0.0656323352	0.0377551934	0.0372747428	-0.0792929849	0.0571066633	-0.155624134	-0.0056461851	-0.1024532818	-0.0849973785	0.0786580744	-0.0975261244	-0.1088528663	-0.0462382616	0.0585806875	0.128363726	-0.1470726845	0.0936084243	0.0026400428	-0.0073960524	0.017055848	0.2102636468	0.022608537	-0.0381312117	0.1362254493	-0.1132527187	-0.04600198	-0.021740667	-0.0226184052	-0.1016388426	0.0512968153	0.0453759023	0.0233945229	-0.0475535045	-0.121572704	0.0896335898	0.1275294269	0.1013652868	-0.0262581542	-0.1141291498	-0.1126068423	-0.0404424809	0.0223366968	0.0132069313	-0.0754532241	-0.0847850542	0.0027528914	0.0131339571	-0.0847995946	-0.0107932985	-0.2768224107	0.0089701379	-0.055191635	-0.0700480607	-0.0641433148	-0.0708134289	0.017352036	-0.023616721	0.0956378179	-0.0016989963	-0.0266397665	0.0579021799	0.0384291416	0.0675249995	-0.0654061861	0.1054642084	0.0121871541	0.0022223418	-0.0558561683	-0.0081433368	0.0372375843	-0.0314370959	0.1228077895	0.0196613979	-0.0738088428	-0.0286806297	0.1189387417	0.010106024	0.0315140392	-0.0373702696	0.0135029266	0.0633636973	-0.0181070025	-0.0024523465	0.0897877949	0.0947408725	0.0170166054	0.1474890424	-0.1243627145	0.028760291	-0.0458015457	0.091820036	0.0481254846	-0.1733685465	0.01400706	0.0197704816	-0.0063546644	-0.0691496211	-0.1057661221	0.0863462963	-0.0565769786	0.0200263279	0.0189246842	0.0	0.0	0.0	0.0	0.0557691041916115	0.0061769504464734	0.0031101929823348	3.815471681818914e-05	0.0978389245378394	0.026328982247648	0.0006932153061969	0.009572455154721	-0.1390591529440996	0.0135856749948005	0.0001845705650643	0.0193374480175304	-0.0014099488404174	1.5314237067200068e-05	2.3452585695040447e-10	1.987955732594371e-06	-0.0009023559994871	0.0003155101466547	8.142463498103633e-07	9.954665264213337e-08	0.0012138647610676	7.310524508001223e-07	5.344376858208652e-13	1.4734676581617015e-06	0.0	0.0
1038.623530114511	0.0048499561826247	1078738.8373075284	2.3522074973379917e-05	1605.7881716667337	2.404254669838565	2578555.652264791	5.780440517440547	1022.5675320904072	-0.6343626286432027	0.4024159446191139	1045644.357685466	1065.5474782035385	1068.0418330123186	1.231999	24.832956	0.0464605612161511	0.0233444978652157	0.1028889593	-0.0237530531	0.0546934554	-0.016791731	-0.1184204074	-0.0481875821	0.043161837	-0.0187239177	-0.0315219932	-0.0601875417	0.0754555135	-0.0242342065	-0.1021901797	0.0658378558	-0.0392428866	0.0502590685	-0.1194498386	0.1268380354	-0.0733356798	0.029471207	-0.0001888085	-0.0710855121	-0.0202360729	0.0387402834	-0.0808690647	0.0074216339	-0.1074547684	0.050068864	0.0113595844	0.0311679859	-0.0248318956	0.0485562088	0.0083175993	-0.0920481195	0.0126822668	0.0539770467	0.0495583037	-0.103405781	-0.0200448772	0.0170750883	-0.1448274606	0.0243914313	0.0390589961	-0.0229206984	-0.0082225652	0.1881360066	0.1327216166	-0.0644846717	-0.0170445217	0.0042653411	0.0317758299	0.0700497139	0.1025431819	0.0485495652	0.05683069	-0.1010943177	-0.133815424	-0.0446505475	-0.0894825295	0.057167506	0.0267667717	0.0251952715	-0.1103679428	-0.0444953023	0.0365065195	-0.0281828502	-0.0946577519	0.1224246273	0.049974555	-0.022767142	-0.0072908396	-0.0394927695	0.0782148848	0.0550785794	-0.0182895526	-0.0631706475	0.0136149167	0.1194185525	0.025947043	0.0230847794	0.0294443581	-0.0963203682	0.0175977367	0.0004542313	0.0217873939	-0.0683733605	0.1152496251	0.0440501139	-0.0461842466	-0.0374304614	0.0878077734	0.0804470932	-0.0327064931	0.0020946538	-0.0148098164	0.1687705135	0.020939613	0.148929367	-0.0685801986	0.0122531605	-0.028505055	0.0211445114	-0.1165923024	-0.0406028834	0.0397616012	-0.1242875792	-0.1171729295	-0.0551891258	0.0464191198	-0.0057112598	0.0500951079	0.1220181389	-0.1369670833	0.0439525752	-0.0685126513	0.0114712382	0.0215039601	0.0007141999	-0.0716721924	-0.0190950458	-0.1192093961	-0.0026642255	-0.0165390977	-0.0399427452	-0.0402892982	0.1064862604	0.0910842682	-0.1048309736	0.0586940448	-0.0022372563	0.0617645011	-0.0863881829	0.1080431063	0.0102847444	0.0428843765	0.1223071968	0.0263758128	0.159230545	-0.1296817413	0.0086792653	-0.0277506878	0.1081413734	0.1928454486	0.1686263506	0.1014296482	0.1052872851	0.0594939514	-0.0099430807	-0.0148402213	-0.1002094028	-0.0529840443	-0.0297026006	-0.1065079649	0.0891456152	-0.0622738351	0.028759118	0.0078234205	0.0	0.0	0.0	0.0	0.0595119889895556	0.0037428847979441	0.0035416768334929	1.4009186610681058e-05	0.0814475325267807	-0.0163913920110587	0.0002686777320601	0.006633700554701	-0.1313630083057262	0.0076961446383733	5.92306422947636e-05	0.0172562399511302	-0.0015658563807993	-0.0001559075403819	2.4307161147933807e-08	2.4519062052898828e-06	-0.0009031203216702	-7.643221830999636e-07	8.156263154136855e-07	5.841883995786943e-13	0.0014297956938781	0.0002159309328104	4.6626167744412616e-08	2.0443157262323574e-06	0.0	0.0
1038.2159102558835	-0.4076198586274131	1077892.2763084527	0.1661539491474322	1604.5170062653565	-1.271165401377175	2574474.823394742	1.6158614776583942	1022.9313098412816	0.3637777508744193	0.1323342520312511	1046388.4646536	1064.7263094734346	1060.887864761468	1.408837	28.397417	0.1232929456261437	0.0673937129844221	-0.0828005323	0.0516249822	-0.0957077175	-0.0341875762	0.0840791866	0.0715801309	-0.0868348641	0.0050091685	0.0464808094	-0.0769025814	-0.0413814065	0.0463148713	-0.0243938169	-0.1288534916	-0.0174511322	-0.102607419	-0.0567658771	-0.0664519773	-0.1771544901	-0.0509243845	0.0240049972	-0.0075018402	0.0495018395	0.0404363454	0.1214692121	-0.070798295	-0.108721261	-0.0328336236	0.1205284917	0.0353282894	-0.0165759025	-0.1174964429	-0.0222066342	0.017072903	0.0252162598	-0.074894964	0.0097608563	-0.0214859734	-0.0461551456	-0.0120790993	0.0067815111	-0.0471495939	0.0119140581	0.1562235833	-0.1184603642	0.0941502966	-0.0576369288	0.1003078724	-0.0065661969	-0.0369596421	0.0672453109	-0.0897548622	-0.0794752857	0.1025860432	0.0687688276	0.0948456354	0.059303373	0.0122658021	-0.1735324688	0.0737134482	0.0563906809	-0.0758545501	-0.0996006633	-0.0454568367	-0.1238459985	-0.1287700279	0.1007104205	0.1052812758	-0.010113272	-0.0440718574	-0.0197309869	0.0159572556	-0.0823825896	-0.0693857047	0.0612349384	0.0282891472	-0.004967113	0.1328133283	-0.0362253119	-0.150822419	0.038594259	-0.0145526947	-0.0914935214	-0.0652825986	-0.0570021235	0.0394614398	0.0037833172	-0.0980669325	-0.0607546731	-0.0399204015	-0.019205665	-0.0513656928	0.0525583396	-0.0759022181	0.0568081465	0.1070926192	0.0352808742	0.0516227644	-0.1058148956	0.0247440864	-0.0194531662	0.0010351823	0.0175007384	0.0616937529	0.136799606	-9.90001e-05	-0.0687169312	0.0174622864	-0.0500616619	-0.0121695464	-0.132711591	0.1164538141	0.1606765816	-0.0521927126	-0.0299505279	0.2029945898	0.0855796166	0.0692819666	-0.032752379	-0.0324878376	0.0903270736	-0.0865487997	-0.0127590809	-0.0517607568	-0.1164813234	-0.0828159126	0.0843166156	-0.0333269447	-0.0841775709	0.0500458025	-0.0363933399	-0.0311239047	0.0592137113	0.0909512909	-0.0878368529	-0.0596054758	-0.0433664588	-0.0337262438	0.046439137	0.1703193127	-0.078309953	-0.0507117391	-0.1470663685	0.1268049007	0.1406732221	-0.0460636986	0.0310451924	0.0930618297	-0.1735222892	0.0770030869	0.0497324242	-0.1461087452	-0.1072077007	0.0918039766	-0.0677491758	0.0373100838	-0.003355105	0.0	0.0	0.0	0.0	0.0530802818105655	-0.0064317071789901	0.002817516317089	4.136685723627282e-05	0.1321553274238311	0.0507077948970503	0.0025712804633213	0.0174650305665	-0.1405462126683545	-0.0091832043626282	8.433124236579524e-05	0.0197532378954183	-0.0008730008955306	0.0006928554852687	4.800487234669259e-07	7.621305635972295e-07	-0.0009609550842331	-5.783476256289997e-05	9.234346739134444e-07	3.3448597607070154e-09	0.0010410811579602	-0.0003887145359179	1.5109899043386834e-07	1.0838499774597509e-06	0.0	0.0
1038.3837366581736	0.1678264022900748	1078240.7845561912	0.02816570130563	1605.0400878622177	0.5230815968611751	2576153.6836447557	0.2736143569748369	1022.2298488004916	-0.7014610407900363	0.492047591746241	1044953.863778676	1064.2227888064256	1073.5789122384203	1.336279	26.934898	0.0990511149060586	0.0660255350438176	0.0172425883	-0.0491182335	-0.0187058253	0.1074882587	0.0221214195	-0.0642653318	-0.0284272332	0.0157333367	-0.0160150074	-0.0496039678	0.0513941866	0.0491146739	-0.0180737138	0.1993198088	-0.0358921076	-0.0064527114	-0.0596123396	0.1315950685	-0.0466677341	0.0040742825	-0.083682728	0.021764092	-0.1999411529	-0.032599347	-0.0584784229	-0.0380181986	-0.0451277787	-0.0494534972	0.0105440681	-0.0954647424	-0.0266460868	0.0589464963	0.0704398975	-0.004375624	0.0682394927	-0.0134048009	0.0272981108	-0.0368505182	-0.0045042473	0.2430588926	0.0634435502	-0.1289525233	0.0599670225	-0.0475155721	0.0104463174	-0.1119592594	-0.0795251459	0.0218812217	0.0322298209	-0.0603139965	0.0246613343	-0.0056660992	-0.0878652508	-0.1182081785	-0.1402349796	0.0139106944	0.0247249565	-0.15410271	-0.0708462749	0.0205301394	-0.1440494728	-0.0250874899	0.0517456978	0.0671171921	0.0448114754	-0.0402051745	0.0199043135	-0.0037094779	-0.0231536097	-0.119649613	-0.0869891231	0.0118482552	-0.0530602225	0.0604266075	0.0207056166	-0.1272595845	-0.0139211051	0.1113374656	0.1192069419	0.1068496329	-0.1237187478	0.0241159681	-0.0926947113	0.0115902458	0.0953340994	0.0220750131	0.0756934335	0.0592854948	-0.0186531221	-0.0259761947	-0.0371052702	0.1550686907	-0.0275347499	0.0445452731	0.1999855879	-0.0742001156	-0.0834053613	-0.0228554029	-0.0311422064	0.1700829251	-0.077193708	0.0513801198	0.0344738975	-0.0499730411	0.0145128186	0.0657467391	0.090014425	0.054819001	-0.0264118052	0.0850810249	-0.0417555053	-0.0390348356	0.0477445299	-0.0822757803	-0.0354807893	-0.0423536856	0.0798592477	0.0949065674	0.0359991687	0.0290322733	-0.0345476108	0.1260495732	0.0009617953	0.1615940071	0.0362050777	-0.010547192	-0.0129124251	-0.0871397812	0.0507404519	0.0172389563	-0.1206501512	-0.0567806955	0.1023149292	-0.0189747829	0.0125100039	-0.0141837152	0.054034784	0.1604965398	-0.0085655383	-0.1733507516	0.0496628627	-0.077159299	-0.0212772442	-0.0795260504	-0.0800123859	0.16973021	0.1992529702	0.0560634516	-0.1716188452	0.1376476143	0.0028490205	-0.0108717372	-0.107865053	0.094317177	-0.072983524	0.0456251632	-0.0145004964	0.0	0.0	0.0	0.0	0.0494378373411166	-0.0036424444694488	0.0024440997609667	1.3267401713018864e-05	0.0692659003185554	-0.0628894271052757	0.0039550800416297	0.00479776494694	-0.1332897896781304	0.007256422990224	5.2655674613052605e-05	0.0177661680324402	-0.001133042898682	-0.0002600420031514	6.762184340299278e-08	1.283786210253709e-06	-0.0010429980901034	-8.204300587030008e-05	1.0878450159593403e-06	6.731054812234094e-09	0.0008779097601597	-0.0001631713978004	2.6624905060169e-08	7.70725546983662e-07	0.0	0.0
1037.000383804785	-1.3833528533884871	1075369.7960112717	1.9136651169780696	1616.3899697445809	11.349881882363206	2612716.534290887	128.81981874359656	1022.9116259430268	0.6817771425352248	0.4648200720834962	1046348.1944894068	1066.1509005261648	1062.4886129217225	1.343428	27.078995	0.0615047562802608	0.0361843112608078	0.0291228779	0.0434924467	0.0748307757	0.0404073718	-0.1193099092	0.0189858273	0.1006703699	-0.0809959209	-0.0676099557	0.0093639863	-0.1090572434	0.0915447638	0.0499112918	-0.1115390227	0.0199180149	0.0268775383	-0.067763429	0.081781394	0.0809863075	-0.0112825812	-0.1134758528	0.0636403677	0.0153088061	-0.112171437	0.0508568217	0.1081013348	0.0382810272	-0.0486728298	0.0928169197	-0.0156310615	0.0780186313	0.1414809866	-0.1208101634	-0.0785530319	-0.0140440258	-0.066856399	-0.011458316	-0.0446600347	-0.0989127184	-0.0318703589	-0.1004536019	0.041071897	0.0794185265	-0.0213756601	0.1081714332	0.0663394568	0.0804789466	0.0959042296	0.1600603011	-0.0727272171	0.1396679914	-0.1239927052	-0.1313936362	0.0085916452	-0.0172522646	-0.1155130551	-0.0183224395	-0.0421052465	0.0600674775	-0.0506963288	0.0884986167	0.043188122	0.0765590988	-0.0595286368	0.0001730347	0.0728016303	-0.0542629882	-0.0139293235	0.0648850371	-0.1405459059	-0.0251629423	-0.0425497124	0.0983759499	0.0446947828	-0.0597898622	0.004865143	0.0385831817	0.0364243038	-0.0295738307	0.0494850033	-0.1359577265	0.0580549872	0.0816254723	-0.0651695385	-0.0650498084	0.0469847099	0.0123481224	-0.0325265667	0.135014977	0.1083607248	-0.0522676144	-0.0321749398	-0.0372555791	0.1048729627	0.0484767389	-0.0684273478	0.0586259052	0.1332150053	-0.0246490701	-0.1347250657	-0.0039581696	-0.1180652748	-0.0196612271	-0.1781718423	0.0944312244	0.0209726387	-0.0176314127	0.010187313	-0.2217742879	0.0322545431	-0.0443892622	0.0426563069	-0.099545649	-0.0897111103	0.0803183822	-0.0788412129	-0.0361399894	0.0261050767	0.0836062272	-0.1659601781	-0.0219465815	0.1027969385	0.0436807204	-0.0686450565	-0.0881824449	0.0230620115	-0.0212512923	-0.0921999586	0.0149666281	0.0167106112	-0.1283593193	0.0447226671	-0.002197466	-0.1448485486	0.0587909476	-0.0300075592	0.0213325265	0.0874435048	-0.0041250774	0.1862786359	-0.2221522863	-0.026515629	0.1835024508	-0.0937219075	-0.0228597813	-0.0759089903	0.0035212034	0.0496612586	-0.0244304324	0.0263992204	0.0520802654	-0.0808069791	-0.1084797619	0.0966812426	-0.0779582607	0.0536517856	-0.0255026853	0.0	0.0	0.0	0.0	0.0349721385729395	-0.014465698768177	0.0012230504763648	0.0002092564408516	0.0766313549023038	0.0073654545837484	5.424992122526038e-05	0.0058723645541628	-0.1646113056678757	-0.0313215159897453	0.0009810373638958	0.0270968819536828	-0.0011071046830897	2.593821559229996e-05	6.727910281126327e-10	1.225680779319145e-06	-0.0009019866381403	0.0001410114519631	8.135798953836404e-07	1.9884229584741692e-08	0.0008780018313761	9.207121640000381e-08	8.477108889376332e-15	7.708872158997855e-07	0.0	0.0
1036.5423137661996	-0.458070038585447	1074419.9682277867	0.2098281602496729	1602.031322722739	-14.358647021841762	2566504.358984769	206.1707442978453	1022.7745226715424	-0.1371032714844204	0.0187973070517307	1046067.7242260014	1065.2972264489051	1052.4473465927674	1.265408	25.506367	0.1206585323052739	0.0870837369959522	-0.0404047706	-0.0151701626	-0.1057192261	-0.1507298197	0.0571790528	0.0295447784	-0.0274975625	-0.0164962356	0.050677531	0.0162756767	0.032195997	0.008006001	0.1535402103	-0.0366071401	-0.0147279738	-0.1327575455	-0.0073313236	-0.0183173189	-0.0485789332	-0.0282843581	0.0312181519	0.0305245759	-0.0138001497	0.02759273	0.0034674306	-0.0713258886	-0.0900933521	0.0549783856	-0.09210051	0.0596087124	-0.0007627564	-0.0886505318	-0.0992280718	0.0863666464	-0.0186260935	0.0212974641	0.1040141631	-0.0043507077	0.0419517693	0.0185342352	-0.0333505175	0.0831440978	-0.0039528775	-0.152891498	0.030746719	-0.0317237502	-0.1303943426	0.0560103491	0.1237239349	-0.0560193973	0.1746087628	0.0281245066	-0.0991344182	-0.0783456248	-0.0689883751	0.0359244161	-0.1245513799	0.0600121503	0.0088441732	0.0557670363	0.0217127808	-0.0100824277	0.0995409532	-0.0484264707	-0.0864692703	-0.0268921962	0.1124503249	-0.009757266	0.0336349158	0.0804206645	0.1167725739	-0.0068977415	-0.0470035495	-0.0135155934	0.0493999945	0.044996328	0.054814389	0.054655252	-0.0501138432	-0.0210597079	0.0233993003	0.0062160743	-0.0471863877	-0.0294706875	0.0245983925	-0.0055501487	-0.011977941	-0.0377062412	-0.181537003	-0.1014093273	0.0394846179	-0.1205440446	-0.0988107731	-9.28596e-05	0.0254164691	-0.046871524	0.0154517716	-0.0339247771	0.0830661693	-0.0437705035	0.0787701299	0.0688586836	0.0252818255	-0.1308535246	-0.0160536511	0.1490450357	-0.0533669668	0.0995352171	-0.0517122728	0.0191243267	-0.0135455891	0.1317447637	-0.0045238262	-0.0155904992	-0.0243810154	-0.0964274655	0.0626742039	-0.0751784513	-0.0093344671	-0.1257669618	0.1255474044	0.0095419222	0.1041465538	0.0609584316	0.0911410712	-0.0500683343	-0.0039429359	0.1148064537	-0.0236798518	-0.064371772	0.0099308851	0.1847249978	-0.0543312576	0.0657199091	-0.086622959	0.0038473938	-0.0595132481	0.0890753217	0.1375374755	0.1635641188	-0.1086150763	0.0409448682	-0.171871331	-0.1205183093	0.0835641343	-0.0703683962	0.1362306024	0.0569562418	0.0011970461	0.1268105425	0.0176057884	-0.0404946883	-0.1090515843	0.0988924352	-0.08265569	0.0613392042	-0.0362530174	0.0	0.0	0.0	0.0	0.0434488688060525	0.0084767302331129	0.0018878042005255	7.185495544497191e-05	0.1611633607432026	0.0845320058408987	0.0071456600114857	0.0259736288460436	-0.1608481462070585	0.0037631594608172	1.4161369127538044e-05	0.0258721261382472	-0.0008510048973566	0.0002560997857331	6.558710025253977e-08	7.242093353249173e-07	-0.0009019687170703	1.7921069999943945e-08	8.135475665734429e-07	3.2116474994289087e-16	0.0010996168599819	0.0002216150286058	4.911322090394955e-08	1.2091572387564537e-06	0.0	0.0
1038.596265553214	2.0539517870142845	1078682.202821082	4.218717943379173	1609.052871521483	7.021548798743879	2589051.14335153	49.302147533141614	1022.3691079175342	-0.405414754008234	0.1643611227675569	1045238.5928240946	1065.07835265533	1063.055483587184	1.258678	25.37072	0.1187597404279405	0.0569562795963589	0.0584495664	-0.0495865306	-0.0436964349	-0.0098084195	0.0504807393	-0.049495486	0.0849651744	0.071184078	0.0856427526	0.1029527114	0.1029123599	-0.031847273	-0.0536688284	0.0857988459	-0.0574805787	0.0401400421	0.0574609368	-0.0013335598	0.1181555599	-0.1085818186	0.0431283962	0.1164682917	-0.0245128531	-0.1102574316	0.0028238712	-0.0120473464	0.0330319656	0.0358706149	-0.0224939768	0.0882731686	-0.0532090479	0.0240807054	-0.0273668713	-0.1810615645	-0.0423496957	0.1211343589	0.0619276293	0.0920672402	0.2424274778	0.0388274325	0.0373812376	0.1499912941	-0.1195967608	-0.0169921874	0.1195150982	0.08798985	-0.0320638401	0.0789791123	-0.0972080633	0.0026541569	0.0523005062	-0.0098298949	0.0162679487	0.0577330269	0.1408013652	0.0466240718	0.0342554486	-0.1173088685	0.0675124035	-0.0496222955	0.0357263548	0.005237774	0.0641561787	0.0116050685	0.0902548173	0.0244136157	-0.1168846116	-0.0861420016	-0.1412130113	0.1058514497	0.0179061965	0.0121918589	0.0449336469	0.0105933654	0.0213523381	-0.02088374	0.0337975348	-0.1312818388	0.1134419742	-0.0397661793	-0.0718958905	0.1481319776	0.0425674767	0.084809437	0.0120216044	0.0505972186	-0.0528840125	-0.1228274154	-0.0716292003	-0.0132558238	0.0845854117	0.0826075364	-0.0942508242	0.1711603287	-0.1439344723	-0.0677275798	0.0146783929	0.0854224026	0.3129025634	0.0090156885	-0.0036813763	-0.0247374563	-0.0624134996	0.0245927155	-0.0343516535	0.0301892938	-0.0638233486	-0.0228625672	0.0123439103	0.020229584	0.0976950915	-0.0166448241	-0.0280829236	-0.0666710512	0.0712719671	0.1612376685	-0.0022945992	-0.0967608902	0.0485990227	0.030896131	-0.1143352473	0.0575324666	0.0827599743	-0.0072199914	0.0295403902	0.0707684539	0.062189334	0.0307005573	0.0843603775	-0.0616447341	0.1232535645	0.0035889957	-0.0317305105	0.0665266429	-0.126433248	-0.1071777883	-0.0075904345	0.1104991436	-8.2722e-06	-0.0755496946	0.0457331757	-0.0664242899	0.1747291068	-0.1024920421	0.1067188659	0.0421580883	-0.049390974	-0.0938246821	0.0328690422	0.0913064404	-0.0705907511	-0.1076324272	-0.1095802943	0.1009472586	-0.0870591025	0.0686388165	-0.0466453256	0.0	0.0	0.0	0.0	0.0467098879412191	0.0032610191351666	0.0021818136314812	1.0634245799922744e-05	0.1220524126423612	-0.0391109481008413	0.0015296662613467	0.0148967914318212	-0.1780974079542261	-0.0172492617471675	0.0002975370308222	0.031718686720014	-0.0014871958796675	-0.0006361909823109	4.04738965973708e-07	2.211751584499989e-06	-0.0011680322629277	-0.0002660635458574	1.3642993672400038e-06	7.078981043421283e-08	0.0013801325607089	0.0002805157007269	7.86890583543598e-08	1.9047658851289053e-06	0.0	0.0
1040.900590448463	2.3043248952490103	1083474.0391959588	5.309913222864362	1615.8965090082047	6.843637486721718	2611121.527824903	46.835374049662754	1023.1979607282366	0.8288528107024149	0.6869969818092933	1046934.066838422	1065.207465773069	1063.218902141367	1.248642	25.168419	0.0770174975350506	0.0329302454322155	0.0260438846	0.0874222603	0.0809200064	0.0327242412	0.1088485722	0.129800567	-0.0028334481	0.1087761983	-0.0531260343	0.0119809247	0.069491606	0.1122159666	-0.1839038981	-0.1237978457	-0.0205539406	0.0473020078	-0.119782101	-0.1331510027	0.0034457843	-0.0417673149	0.0020998808	-0.1231705394	-0.0311799029	-0.1153969728	0.0290409874	0.0747184225	0.0942967322	-0.1926662793	-0.0192473447	0.024877577	0.0177739026	0.0143694074	-0.0739438673	-0.1083841101	0.0532395413	-0.0347690516	0.0271208744	-0.0762537904	0.0293013897	0.0065801288	-0.0158283803	0.0618915529	-0.0360832454	-0.018513857	0.0433667593	-0.0096977836	0.0620413368	0.0166813217	-0.0513112762	-0.016809172	-0.1104171682	-0.0039453183	-0.1177966734	-0.0469215293	0.0309821925	0.0682074633	0.0273968142	0.1918285884	-0.0826784896	0.1219056705	0.0016542554	0.0429666617	-0.0274382974	0.0262436944	0.012567855	-0.0570283973	-0.0394596109	-0.0966113308	0.0181508935	0.0127214831	-0.1264930972	0.0515130395	0.0095427599	-0.1312173023	0.0007769793	-0.0745481344	0.0252431367	0.0455372436	0.0801227019	-0.0336327586	-0.009326585	-0.0326565713	0.0457490696	0.0919544428	-0.0548459833	0.1168740316	-0.0010402824	0.0746895881	0.1968103627	0.0340627077	-0.035276096	-0.0617631717	-0.0948191673	0.0710559234	-0.0051959958	0.0842486254	0.1140528777	0.0997587584	0.0196057994	-0.1060945865	-0.0827202751	-0.0145279402	-0.0456132635	-0.0486110567	-0.0615967412	-0.038494817	0.0599740646	-0.0639010569	0.0484196804	0.0492995444	-0.033570469	-0.0174640202	0.2297951025	0.0398057716	-0.0044299842	0.0014167345	-0.0710499652	-0.0040494677	0.0032149402	-0.0589608469	0.0758679284	-0.064145618	0.0217030478	0.0937968354	0.0257487635	0.0585433623	0.1074720543	-0.069701321	0.0100863875	0.0335967696	0.043137593	-0.1287258766	-0.022878183	-0.0420434503	-0.031434238	-0.1333658047	-0.0682680962	-0.1164732183	-0.0664039184	-0.0675370182	-0.1130502659	-0.0237403661	-0.0414380499	0.0478139043	0.191165912	-0.1013605348	-0.0387984646	-0.0481401612	0.038431042	0.0059205459	0.0962541362	-0.1010580417	-0.1100656827	0.1028424637	-0.0911528348	0.0755044722	-0.0565769786	0.0	0.0	0.0	0.0	0.0530848717669272	0.0063749838257081	0.0028180036105111	4.064041877803988e-05	0.1014549918181018	-0.0205974208242594	0.0004242537446116	0.0102931153648111	-0.167407538912343	0.010689869041883	0.0001142733001326	0.0280252840846876	-0.0012660264586322	0.0002211694210352	4.8915912801089785e-08	1.6028229939567898e-06	-0.0008112418921786	0.0003567903707491	6.581134076255152e-07	1.272993686592803e-07	0.0011709878756293	-0.0002091446850795	4.3741499297045016e-08	1.371212604870821e-06	0.0	0.0
1039.7774634600205	-1.1231269884424364	1081137.1735193543	1.2614142321677766	1600.143403317066	-15.753105691138671	2560458.9111791225	248.1603389161856	1022.6550950002146	-0.5428657280219795	0.2947031986608338	1045823.443329898	1064.270078775737	1073.3455343159849	1.321021	26.627337	0.0416287219929143	0.0231714140002747	-0.0714925496	-0.0213780583	0.0034741069	-0.0545260447	0.0057215946	-0.0031719585	-0.1189413868	0.0254243166	0.0421222626	-0.0761307494	-0.1383552963	-0.0652212521	0.0919883797	0.0097989822	0.0386392622	-0.1149945503	0.0104028406	-0.0348154375	-0.124169403	-0.0779635083	-0.0265227201	-0.0538714351	0.0822450802	-0.0037406104	0.1508537106	-0.0043372676	-0.0830763917	-0.008589335	0.0487929062	0.0114355068	0.110013826	0.0547833647	0.091885731	0.1113316036	0.0088431248	-0.0432107763	0.1366615428	-0.0197121363	-0.1247463934	0.0526889749	-0.0640533593	-0.0413956418	0.2615973428	-0.1031291832	0.06451366	0.1276524008	-0.0296499146	-0.014915322	-0.0717782244	0.1313892307	-0.0109644232	-0.0605048935	-0.0644581284	-0.0534818767	0.0233229297	-0.0296961648	-0.029967238	-0.021199739	0.0531630312	-0.0038397912	-0.136910504	0.0698777404	-0.0399132593	0.0338074917	0.1409329569	0.1721076064	-0.0906928574	-0.0497662505	0.0476805955	-0.0016171718	-0.0782158884	-0.0044841511	-0.138247143	0.0008466465	0.0063122836	-0.0283967776	-0.0018736856	0.0792874803	-0.0242577884	-0.0940770386	-0.0092200445	-0.1220751241	0.0250883983	-0.1259712503	-0.0807644368	-0.0011270662	-0.0719473863	-0.0369118439	0.010034418	-0.1510745766	0.0513176861	-0.0444845493	0.0233838279	-0.0846586116	0.1749670307	-0.0977506678	-0.0307174466	0.0643893253	-0.1125197394	-0.0137502221	-0.0020501231	-0.1139594631	0.0535612064	-0.1826644648	0.00803412	-0.0668729028	-0.176416677	-0.0269981287	-0.066675491	0.0325116906	0.0629941701	-0.1654271367	-0.010206109	-0.0674242459	-0.0130550282	0.0295402234	-0.0552495713	-0.0170232866	-0.026364965	0.0796831987	-0.0620168092	0.0721525047	-0.0896961733	-0.0219951028	0.1070433278	0.1406843722	-0.1574855809	0.0070509929	-0.0455050827	0.0329083922	-0.1275214183	-0.0586955139	-0.0550447226	0.0315374316	0.0049444302	0.0543863218	-0.0756188835	-0.0946343874	0.0234506503	-0.0163350466	0.1820721323	-0.0040371622	-0.0828698766	-0.0036496719	-0.1420409649	0.116676201	0.06367254	-0.0485999008	0.0215796814	0.0673213921	0.0638432862	-0.0509818188	-0.1105075577	0.1045750536	-0.0949223249	0.0818927643	-0.0659498943	0.0	0.0	0.0	0.0	0.0529787827693013	-0.0001060889976259	0.0028067514237168	1.1254875417268795e-08	0.1218993150921221	0.0204443232740202	0.0004179703541326	0.0148594430199284	-0.1601274839559749	0.0072800549563681	5.29992001677398e-05	0.0256408111180709	-0.0011891140682202	7.69123904120002e-05	5.91551579888794e-09	1.4139922672391942e-06	-0.0007441187790979	6.712311308069996e-05	5.537127574061493e-07	4.505512309644434e-09	0.001039058283824	-0.0001319295918053	1.7405417193913112e-08	1.079642117183276e-06	0.0	0.0
1036.6149946262774	-3.1624688337431053	1074570.647084037	10.001209124396476	1616.907099541197	16.76369622413108	2614388.568546727	281.0215110949467	1022.6844944679344	0.029399467719827	0.0008643287022091	1045883.5752251346	1066.3982733738685	1073.599907871693	1.363511	27.483791	0.0594369390733712	0.0341202090941345	0.0751394029	0.0061834994	0.0609894248	0.1008764177	-0.2044007543	-0.1021633271	0.066893133	-0.0155499758	-0.1023224149	-0.006304686	-0.0473686686	0.1069125193	0.0315651242	-0.0332246702	0.0310538466	0.1353871605	0.0845774932	0.1787420706	-0.0413826372	0.1242437809	-0.1693955433	-0.0475674991	0.0041581475	-0.0285267054	-0.0965391007	0.0053156343	0.1539908078	-0.129989297	-0.0582805872	-0.0242574985	-0.0013645194	0.1198846028	-0.0831585759	0.083552717	0.0572905243	0.0269962094	0.0357595219	-0.0184853122	0.1360967139	-0.0046056356	-0.0070271664	0.0722149138	0.0003856769	0.0709626937	0.0480026363	0.1279467883	0.0166050892	0.0602337759	-0.1581285191	-0.0317111189	-0.0193162742	0.11342753	0.0099568995	0.0679222223	-0.0062375987	-0.0192172644	-0.019471892	-0.091607027	0.0200918698	0.0320572699	0.0366482431	-0.1095968786	0.0215302598	-0.0254704876	-0.0886561896	-0.0944890315	0.1602093229	0.0981369808	-0.1018413344	0.0121880762	-0.0069126595	0.0039115971	0.122834086	0.1401457921	-0.0656391032	0.04642606	-0.1379752106	-0.0341775617	-0.0641613644	0.1488636114	-0.1063357903	-0.0956970205	-0.0092840807	0.0376636644	0.03405297	0.0732904929	-0.0257734465	0.1601906936	0.1504607778	0.0145446857	0.0850400381	-0.0204943297	-0.1609849128	0.0293696645	0.0403990595	0.0260349891	0.0257185998	-0.0255909577	0.0560005647	-0.0211244605	-0.0114936808	0.0040678071	-0.0664639612	0.0684417701	0.0976690437	-0.1017822588	-0.0491430563	-0.0479477417	0.1274719195	0.1087119596	0.1739122353	0.0595740813	-0.0125708941	0.0013793555	0.0595011072	0.1135524261	0.1134969966	0.0387409258	-0.0921589466	-0.0019400607	0.0084211565	-0.0379817227	-0.0301702739	-0.0003064717	0.0059645061	-0.1031931906	-0.0152306286	-0.0598886459	0.0520018839	0.0146500743	-0.0807549377	0.0960391909	-0.0118400077	-0.0489055949	0.1859798733	0.0552409372	-0.0120485605	0.0372390767	0.0178589802	-0.064824725	-0.0160867957	0.0092429081	0.2533943975	0.1734072457	-0.0046721004	0.0423921354	0.0481481685	0.14341308	0.0484356109	-0.2110869841	0.1184354991	0.0543135766	-0.1109057446	0.1061422889	-0.0983541643	0.0877633039	-0.0746715088	0.0	0.0	0.0	0.0	0.0530987893927203	0.000120006623419	0.0028194814349724	1.4401589664430354e-08	0.1137288473247792	-0.0081704677673428	6.675654353718924e-05	0.0129342507138229	-0.1315823405600156	0.0285451433959592	0.0008148252114958	0.0173139123472519	-0.0013820050040021	-0.0001928909357819	3.720691310681712e-08	1.9099378310868444e-06	-0.0007958620268873	-5.174324778940004e-05	6.333963658411615e-07	2.677363691795252e-09	0.0012464505259857	0.0002073922421617	4.301154210885722e-08	1.553638913730028e-06	0.0	0.0
1035.86239935584	-0.7525952704374959	1073010.9103992376	0.5663996410848875	1600.170045528006	-16.737054013191027	2560544.174605101	280.1289770404739	1022.3693134785748	-0.3151809893596464	0.0993390560537255	1045239.0131426523	1065.0054703777214	1049.8194009722422	1.397731	28.173552	0.0871663014816681	0.0381770875312019	-0.062706887	-0.0301788772	-0.1117051491	-0.1447262561	0.0365919746	-0.0063779283	0.0042674064	-0.1201755992	0.1161559903	0.044741232	0.0350563326	-0.0830628928	0.0567168732	-0.0412816415	0.0317365724	-0.0131023164	0.152580185	-0.0193823296	-0.0461827373	-0.0063689621	0.0164276593	-0.0314095485	0.1346542788	0.0050761414	0.0681290001	-0.0202172688	0.1391758439	-0.0225662847	0.0447119979	-0.0061770118	-0.1615650659	-0.0241054588	-0.1176274363	0.0995996781	-0.0376662026	0.0516510604	0.0373992396	0.1064347047	0.0052116303	0.0428480592	-0.0321027452	0.0069295182	0.0234022271	0.1257326454	-0.0950208777	-0.058806752	0.0733452523	0.0153601405	-0.0303540375	-0.0507233769	0.1061205593	0.0303995535	0.112155449	-0.0420877047	-0.0220475305	0.0575019181	0.1289630213	-0.0099899469	-0.006149103	-0.0429079815	-0.0690615385	-0.0024702086	-0.0363270766	0.0102444043	0.1117877718	-0.0575005981	-0.0160563764	0.0437663671	0.0755228242	0.1896019545	-0.0614279474	-0.0578428446	-0.0058281775	-0.0021042784	0.0200959269	0.1390690506	-0.0825081373	-0.0982526536	-0.0718093039	-0.1578172305	0.0478488521	-0.0318982639	-0.0441371918	-0.0149453772	-0.0093492926	0.0994249765	-0.110684439	-0.0070989448	0.0058828707	0.1185319412	0.0213832299	-0.0070054301	-0.0946522461	-0.0266457989	-0.0261173902	-0.0382771983	-0.079953685	-0.0343857676	0.0062813825	0.0320196781	0.0487835155	0.069304868	-0.0650367654	0.0518937128	0.0386306516	-0.0110743445	-0.0409171131	-0.0095474839	0.0441261098	-0.0588743085	-0.230820646	-0.0747275319	-0.0038484365	0.1035686934	-0.0142819339	0.0532250273	0.0358995227	0.0589965479	-0.0655700873	0.0873097835	-0.1113063921	0.0356898736	-0.0507524529	0.0621931549	0.0730201659	-0.1210446923	-0.0188157602	0.0754942219	-0.074912848	-0.079288258	0.0797872349	0.1575454507	0.0229378584	0.0469737757	-0.0982405621	0.0127214806	-0.0289869929	-0.0575993935	0.1852887338	0.1261445504	-0.0149504837	-0.046589261	-0.1142400984	0.0205131104	0.1713475168	0.0923812187	-0.023522873	0.0689536752	0.1271721982	-0.0132098994	0.0871022899	0.1084536995	-0.1112600859	0.1075416914	-0.1014361455	0.0930789757	-0.08265569	0.0	0.0	0.0	0.0	0.0714740987994986	0.0183753094067783	0.0051085467992004	0.0003376519957948	0.1385854303385372	0.024856583013758	0.0006178497191198	0.0192059215021175	-0.1474758574000674	-0.0158935168400518	0.000252603877545	0.021749128515885	-0.0016060552724951	-0.0002240502684929	5.019852281178536e-08	2.5794135383093098e-06	-0.0006306390521031	0.0001652229747842	3.977056140374966e-07	2.7298631396540393e-08	0.0014179951271301	0.0001715446011444	2.9427550181791332e-08	2.010710180564709e-06	0.0	0.0
1037.0598751303771	1.1974757745372244	1075493.1846054334	1.4339482306035256	1601.3129119670136	1.1428664390075485	2564203.0420322767	1.306143697409794	1022.3743042964726	0.0049908178978057	2.4908263289058256e-05	1045249.2180856965	1064.960094563638	1066.648749461328	1.381666	27.849735	0.0531496708692642	0.0239531129131908	0.0889300782	-0.0426353596	-0.1078101207	0.0316203944	0.0178367463	-0.0680013925	0.0784248917	0.0058487027	0.1034554045	-0.0231985879	0.1306954986	-0.1176540881	-0.006143366	-0.0228461731	-0.0503633099	0.0008270213	0.0388343483	0.0809147503	0.0020463315	-0.0309106034	0.1638879713	-0.1070144619	-0.0188713171	0.0223417803	-0.0331401865	-0.0845919505	0.0447466967	0.0151012532	-0.0665602293	0.0549430009	0.0251333541	-0.0973345979	-0.1662376459	-0.0883633168	-0.0942455879	0.018727511	0.0085136275	-0.1044973789	-0.0981882701	0.0885375746	-0.0030574478	-0.0459345022	0.0059480091	-0.0481509177	-0.0365321234	0.0211864979	-0.050759941	-0.1070249965	0.0065475608	-0.0276331247	-0.0212151753	0.0023284803	0.0289599118	0.0122406164	-0.1101672476	0.0339441653	0.1355411384	-0.0234821014	0.0743764044	-0.0205282202	-0.0782027141	0.0347669622	0.0290023292	0.0663937663	-0.1190887033	0.04986607	-0.1304458649	-0.0767601625	-0.1350061504	0.0011775768	-3.57391e-05	0.0854355373	0.0290902035	0.0551043297	0.0276833568	-0.1209514216	0.023635839	-0.0380002178	0.0991537128	-0.0814266451	0.1345385637	-0.0117596865	-0.1124230365	0.0864526646	0.0591133731	-0.0215404408	-0.1155445084	-0.0464964283	-0.0443985399	-0.0116401899	-0.0841774393	-0.070745719	-0.1193550153	0.1237811946	-0.0441188522	0.0252501615	-0.0733068167	0.0220142507	-0.1202172077	-0.0025436721	-0.0455981621	0.0710561352	-0.032850904	0.0253601481	-0.0551803993	0.052780537	0.0037753466	0.1130542584	0.0571587189	0.0100505746	-0.0260465259	-0.0742315939	-0.0683440878	-0.0738378958	-0.0800170225	-0.018012401	-0.0920758296	0.1002770348	0.0389218462	-0.0356157285	0.0737332923	0.0172578821	-0.0557845815	-0.0073295733	-0.0133729877	0.1320125123	-0.1256310298	0.0863754816	0.1018345668	-0.0130784799	0.0792885613	-0.012844859	0.0725341707	0.1316272438	-0.1001938941	-0.018806719	0.0538513237	0.112543175	0.000695165	-0.1721237493	0.106902483	-0.010956083	0.1581477281	0.0162246624	-0.0034278228	-0.0367440677	-0.0762538311	0.0081583601	0.1141040876	-0.0329340272	-0.0072556509	-0.0276760716	-0.1115704417	0.1087710484	-0.1041573055	0.0978061723	-0.0898235884	0.0	0.0	0.0	0.0	0.0589591905144857	-0.0125149082850129	0.0034761861461234	0.0001566229293822	0.1281293400787575	-0.0104560902597796	0.0001093298235206	0.0164171277890178	-0.1555178546030191	-0.0080419972029516	6.467371901228262e-05	0.0241858031003257	-0.0014728689559125	0.0001331863165825	1.773859492484054e-08	2.169342961290778e-06	-0.0009070201524241	-0.0002763811003209	8.226855569034375e-07	7.638651261464661e-08	0.0013848290416033	-3.316608552680011e-05	1.0999892291710196e-09	1.917751474467914e-06	0.0	0.0
1038.107436614971	1.0475614845938708	1077667.049955306	1.0973850640045146	1607.1969660190823	5.884054052068677	2583082.087580943	34.62209208766582	1022.5998491358496	0.2255448393769938	0.0508704745695939	1045710.4514526624	1065.05948916968	1058.295474881	1.396494	28.148632	0.0601416126105252	0.0266937585134828	-0.0264906726	0.0925618254	-0.0667858343	0.0037062473	0.1452739352	0.1316937771	-0.059209438	0.0144182884	-0.0738923185	-0.0589332794	0.0614446328	0.0821519969	0.0228557064	-0.1505783576	-0.0897865893	-0.0023216714	0.036119942	-0.1440404368	-0.0086510609	0.0437829768	0.0441957886	0.1319182273	0.0270533952	0.0773349355	0.0166801006	-0.0213223126	-0.0052598984	-0.0350137806	0.0825470683	-0.1902195506	0.0811486679	0.003521038	0.1918741228	0.0037104735	0.0078245487	0.1151959469	0.0255262959	0.03326413	-0.0508192029	-0.0859656926	0.0036310486	0.1402455763	-0.0096604016	0.0537429475	0.0126189928	0.0932003471	0.0168237553	-0.0508187653	-0.0194591702	-0.0106178571	-0.320541002	0.1982439316	-0.1318613432	-0.0504659337	-0.0409095392	0.0712450364	0.0301388974	0.0495833517	0.2182875852	0.0243254046	0.0793343843	0.0972907578	0.1035019387	-0.0053750847	-0.1029597576	-0.0331812009	-0.0089079317	-0.0376207776	0.0099202482	-0.0001382992	-0.0290936839	0.0144905683	-0.0187311309	-0.1144689552	0.1186271459	-0.0053056669	-0.0483636234	-0.0261137587	-0.1070204877	0.0476525896	0.0913058837	0.0851493326	0.0014597397	-0.0611235683	-0.0961755778	0.0048648379	0.0395315856	-0.0230595474	0.094534632	-0.1358197441	-0.0964786747	0.1012536726	0.0560457548	-0.1424759007	0.078674101	-0.0715086032	0.0452540341	0.0294020018	0.0336059215	-0.1528950693	0.0997212397	0.0523077409	-0.0081189146	0.2493660401	-0.11413325	-0.1262426894	0.1149092323	-0.068677368	0.0913247035	0.1773301619	0.130970198	-0.0699782938	0.0688447229	-0.0331845086	0.0496587178	-0.0300956731	-0.1699648468	-0.1045235416	-0.1222207595	-0.1974600577	0.0965506029	-0.0106690053	0.0255444041	0.0069842347	0.088117508	0.0406489517	-0.0561608836	0.0988077184	-0.0444214057	0.0679763516	-0.0018752448	-0.0393687077	0.0751459325	0.0292951043	-0.1050628846	-0.0948408125	0.0825192296	-0.2630526283	-0.0211102544	-0.0512088894	-0.0520347509	0.1073677487	-0.1158911993	0.0908705776	0.1125086231	-0.0919399572	-0.0874901593	0.113505714	0.1783635103	-0.0567260702	-0.0306168957	0.0037312277	-0.1118366891	0.1098284161	-0.1065079649	0.1019150067	-0.0961044161	0.0	0.0	0.0	0.0	0.0771970301253901	0.0182378396109044	0.0059593814601803	0.000332618793673	0.1219139847619743	-0.0062153553167832	3.863064171386523e-05	0.0148630196805429	-0.1522958269136864	0.0032220276893326	1.0381462430826556e-05	0.0231940188953235	-0.0013253556559952	0.0001475132999172	2.176017365249128e-08	1.756567614878467e-06	-0.0011477458929942	-0.0002407257405701	1.3173206348850537e-06	5.7948882173023116e-08	0.0011237402822206	-0.0002610887593827	6.816734027599742e-08	1.2627922218852338e-06	0.0	0.0
1038.646221881598	0.5387852666269737	1078785.9742289176	0.2902895635342991	1602.025113755084	-5.171852263998289	2566484.46510199	26.748055840624232	1021.9523349166702	-0.6475142191793566	0.4192746640394518	1044386.574841634	1063.8338081743054	1071.1139363191205	1.340658	27.023153	0.0451451179788996	0.022468991530155	-0.010661538	-0.0244855451	0.0237359094	0.0342003874	0.0303285043	-0.0089146172	-0.0538171532	0.0181233977	0.0495273913	-0.0570469914	-0.0199121664	-0.0242298905	0.0550806463	0.1661533782	-0.082065361	0.0261653502	0.0694316071	-0.0824715747	0.1283709978	-0.0107859246	-0.1331474016	0.0382920303	-0.1356145275	0.1062857648	-0.047125485	0.0520848442	0.0631275928	0.0427592305	-0.0465914796	-0.0416339266	0.0306846335	-0.024760039	0.1574199986	0.1429500945	0.0437282629	-0.0473355132	-0.0261729872	-0.0587673775	0.1318238682	0.0278506032	-0.1310559662	-0.0729878875	0.0095939847	0.105419802	-0.1120818348	-0.129732208	0.1026586964	-0.0995170825	0.2109192567	0.1007585243	0.0652644124	-0.0280784523	0.0339863207	0.0927762747	0.0811095594	0.1052797247	0.0624175489	-0.0066149674	0.0056908853	0.0075368307	-0.0146481144	-0.0523835069	0.040272616	-0.0107307342	0.093379019	0.0151404083	-0.0026235901	0.1478782018	0.0968951427	-0.1113981518	-0.0309858876	-0.0611693707	-0.0798251752	-0.0271291705	0.0872301201	-0.1240244752	0.0075977047	-0.1275372905	-0.0502143043	0.1633124001	-0.1307213287	-0.0282453401	0.0424490004	-0.017046445	0.0578325307	-0.1351280243	0.0284403842	0.064036759	0.0559790064	0.0477176764	-0.055136763	-0.0202604598	0.1027008491	-0.1167594629	0.0858231154	0.0223001477	-0.002742822	-0.1437307671	0.0737563176	0.2150690587	0.0902610105	0.0313079928	0.0022835155	0.0683891468	0.0119709518	-0.002307943	0.0219199028	-0.0691031484	0.0377691943	-0.1043493574	-0.2534846733	0.0365861677	-0.103686492	-0.1264305016	0.0139419112	0.0102687486	-0.006090744	-0.1023173688	-0.0181722511	0.0626310496	-0.0691174637	-0.0023166191	0.0807147847	-0.0715354923	-0.0180513685	0.0803714525	0.0785862757	0.0540358365	0.031576755	0.038012142	-0.1174287289	-0.0524819798	0.0496111513	0.0715460006	0.0526839211	0.0177498949	-0.1389210278	0.0133964931	-0.0286623098	-0.1802482952	0.1916882468	0.0084661496	0.0127885843	-0.0903765544	-0.1117268012	0.1270718692	-0.0116967927	-0.0345644153	0.0250367346	-0.1013016513	-0.0036151336	0.0194783272	-0.112058723	0.1107121224	-0.1084797619	0.1053795017	-0.1014361455	0.0	0.0	0.0	0.0	0.0713921148612115	-0.0058049152641786	0.0050968340643564	3.369704122429375e-05	0.1323076994224408	0.0103937146604665	0.0001080293044431	0.0175053273264589	-0.152465962236846	-0.0001701353231595	2.8946028186620882e-08	0.0232458696408073	-0.0015170615483555	-0.0001917058923602	3.6751149165658906e-08	2.301475741498787e-06	-0.0008357985099549	0.0003119473830392	6.985591492428311e-07	9.731116978506773e-08	0.0010518665029983	-7.187377922230004e-05	5.1658401396959295e-09	1.1064231401298726e-06	0.0	0.0
1038.2786323601274	-0.3675895214705633	1078022.5184156166	0.1351220562949577	1614.795330494008	12.770216738924091	2607563.959385253	163.07843555909704	1023.2641212714898	1.31178635481956	1.7207834406907887	1047069.4618815142	1066.2388634930355	1063.1330428994388	1.202793	24.244263	0.1091350016776603	0.0549032497212626	0.0317058319	0.0035575675	0.0654625895	0.0489526782	-0.0487434621	-0.0212810074	0.0888101737	-0.0088623248	0.0512043205	0.044575218	-0.1441100711	0.0993647005	-0.046001155	-0.0309962061	0.0264914036	0.0102557496	-0.0684541236	0.0430352369	0.0369855151	0.0188970692	-0.0076327482	0.1083030165	0.0466646598	-0.0302313454	-0.054340248	-0.0038204668	-0.0330722126	0.0648868851	-0.0331066423	0.0174137532	0.0582252074	-0.0641008809	0.1346681619	0.1141701604	0.0190200818	0.1239959246	0.0079742252	-0.1272356965	-0.0168898436	-0.1991541795	-0.0084497608	0.0123275766	-0.0115649172	0.0868189612	-0.0835970776	0.0497672569	-0.029102339	0.2119178887	0.0708458062	-0.0837358757	-0.0354196889	-0.0580043673	0.0761415566	-0.0283049919	0.0089679662	-0.1155320503	-0.0576827233	0.1039808613	0.0482932548	-0.0388216968	-0.0141293381	-0.099438445	-0.1135005813	0.1648549441	-0.025724832	0.0169259624	-0.0223538747	0.0045154656	-0.1353830661	-0.105016645	-0.0127429514	0.1161473149	0.0816027459	0.0162395742	-0.0535558596	0.0129816567	0.0588482813	0.0030200342	-0.0671989115	0.1025271084	-0.0250903131	0.0539446707	0.0815049975	0.0585514318	0.029177191	0.0091897063	-0.0218387096	-0.0125938837	-0.0687131781	-0.1312273834	0.023076536	-0.0253045041	0.0838748822	-0.1200568154	-0.023703753	0.1101911932	-0.0577142272	-0.0312791044	0.0898921879	-0.1620404746	0.0590520755	-0.0947679459	0.0112317618	0.1226718617	0.1204299509	0.0985037668	0.0297151212	-0.0526636439	-0.151710968	0.077265792	-0.0537854929	0.0254143323	-0.0335871984	0.0676349742	-0.0570829495	-0.0941684037	-0.0251311363	-0.001660017	-0.0300220322	0.0958731345	0.0524328196	0.0181339833	-0.285000425	-0.0087327575	-0.0151059933	-0.0274477797	-0.0530193181	-0.0742423439	0.0111711741	-0.0273792961	-0.0330356547	0.0607782171	-0.1337986036	-0.1053965216	0.026644008	-0.0662199604	0.0223247532	-0.1061280049	-0.0394422014	0.0303824833	-0.0534197542	-0.0773467658	0.0609208645	-0.0242195835	-0.0930442255	0.0171898568	-0.1524116812	0.1284963372	0.022024308	0.0004320811	-0.0342541683	0.1589340806	-0.1122364555	0.1114207701	-0.1100656827	0.1081777535	-0.1057661221	0.0	0.0	0.0	0.0	0.0549869029716916	-0.0164052118895198	0.0030235594984182	0.00026913097714	0.1056664738871262	-0.0266412255353146	0.0007097548980234	0.0111654037037387	-0.1702430634671969	-0.0177771012303508	0.0003160253281541	0.028982700658696	-0.0007300768590097	0.0007869846893458	6.193449012647053e-07	5.330122200614694e-07	-0.0007439164840674	9.18820258875e-05	5.534117352672022e-07	8.442306681191217e-09	0.0011392290482145	8.73625452162e-05	7.632214306652589e-09	1.2978428242957155e-06	0.0	0.0
1040.2374959364568	1.9588635763293496	1082094.04795215	3.8371465106698097	1606.898993674745	-7.89633681926307	2582124.375872908	62.35213516324961	1024.004243415581	0.740122144091174	0.5477807881741166	1048584.6905331165	1066.2237846442652	1061.2750217633095	1.112991	22.434151	0.1039716399170846	0.069770761696702	-0.0432655126	-0.0135291122	0.0563885601	-0.0308600342	0.0893347033	0.0732226359	-0.0265946113	0.0574112111	-0.0144213877	0.1373624073	0.1403722487	-0.0576892706	-0.0071840468	0.1189506878	0.1085843275	0.0063886381	0.0121096287	-0.1039958599	0.1083501123	0.0409167402	-0.0396109986	0.0040759576	0.0240635375	0.0834061922	-0.0512962018	-0.0029101559	-0.0242728732	0.1488487123	0.0117213053	0.1512131678	0.0812619009	-0.0643097921	-0.0610823301	-0.0392785439	-0.0608996196	0.0843151091	-0.1265269012	0.0756749991	0.0130037643	-0.0081924122	0.1231980195	-0.0760952838	0.0428735009	0.0667728929	-0.0993719457	0.0062166944	0.0691050025	-0.1356763573	-0.1791150842	0.0361450559	0.1257440747	-0.0120356198	-0.0711042814	-0.1451208643	-0.0474958567	-0.018098548	-0.0216714528	0.0600926722	0.0343437601	-0.0574060613	-0.0226020812	0.111401724	-0.0106525256	-0.022692453	0.1016062184	0.0085714032	0.1190861964	-0.0350529078	-0.0041911013	-0.107859225	0.1498571456	-0.1320684528	-0.0495139607	-0.0834852677	-0.0811012071	0.0932696889	0.0377866995	-0.0987821081	-0.0332312483	0.042737756	-0.0148574036	-0.0306133709	0.049089391	0.0163774338	0.0600199566	-0.1660777892	-0.0128845723	-0.1192698266	-0.0422915551	0.0204826715	0.0905642972	-0.0999081985	0.1008503546	0.0544496988	-0.1818256787	0.0044527794	-0.1129036743	0.0227740055	-0.0633658509	0.1053098581	-0.0111355041	0.0654839776	0.0932259717	0.0234307165	-0.0195970563	-0.1455350085	-0.081721356	0.0746728879	0.0492247293	-0.0168842424	-0.0078064767	-0.1314101957	0.057475785	0.1324696692	-0.0219566411	-0.0612828134	-0.0419283169	-0.0760226686	0.0255123526	-0.0631888295	0.0587002697	0.1224480779	0.0212741457	0.0722948273	-0.109098078	-0.0062362566	0.0052117515	0.0947044754	-0.0135263377	-0.0457591521	0.1332013582	0.0258924656	-0.1005196092	0.0848118096	0.060494965	-0.021407327	-0.122781168	-0.0171025352	0.0151526924	-0.0125003295	0.1492448132	0.1814549511	-0.0913643837	-0.0752366789	-0.0825318234	-0.0442412745	-0.1636395531	0.113779505	-0.0086150083	0.0270335572	-0.1237578637	-0.0294430504	-0.1123698164	0.1119532386	-0.1112600859	0.1102920707	-0.1090515843	0.0	0.0	0.0	0.0	0.0702655694238529	0.0152786664521612	0.0049372502464582	0.0002334376485563	0.1725426131622072	0.066876139275081	0.00447241800434	0.029770953356843	-0.1640540467219295	0.0061890167452673	3.830392827320022e-05	0.026913730245841	-0.000978052538458	-0.0002479756794483	6.149193759784606e-08	9.565867679841378e-07	-0.0007440893894121	-1.7290534469992239e-07	5.536690194356718e-07	2.9896258225798966e-14	0.001203636812313	6.440776409850002e-05	4.148360076168027e-09	1.448741575955e-06	0.0	0.0
1041.2571575095697	1.0196615731128986	1084216.4680649086	1.039709723683071	1614.5355574831049	7.636563808359824	2606725.0663772803	58.3171067991511	1023.5488413414588	-0.455402074122162	0.2073910491147672	1047652.2306114428	1065.7972650230304	1072.3265413323984	1.119206	22.559437	0.0998356750692679	0.0745779603648531	0.0703306191	0.0055839001	0.074645749	0.0562092444	-0.060985315	-0.0038285751	0.0801162651	0.0629579251	-0.0685068007	-0.0204471697	-0.1433021139	-0.0784409364	-0.1053901513	-0.0493964826	0.0687319462	0.0716391949	-0.0593077883	0.0231797849	0.0380660026	0.0106375053	0.0519402934	-0.1259195016	0.0572522055	-0.0241479498	0.0512845625	0.1403259093	0.0709240698	-0.0132055988	0.0044295342	-0.0186574575	0.0456323201	-0.0801751405	0.0692309658	-0.0733359189	-0.0031507091	0.0350857452	-0.0435865274	0.071721957	0.1335643709	-0.041717347	-0.1565905697	-0.1344665246	-0.1076786426	-0.0354349523	0.1130535527	-0.0372409888	-0.0901757705	-0.1475790122	-0.0035348661	0.0404292468	-0.0435158846	-0.0877118464	0.0585002164	0.0671781749	-0.2338462772	-0.0914896131	-0.0193929908	0.0990959154	-0.0505020399	-0.1387376204	0.0420433251	-0.0976168311	0.0908613636	-0.0555351403	0.0388337835	-0.0534210415	0.0659363563	0.0495693531	0.0258408675	0.0033111104	0.1030710186	0.017822454	0.0379058485	-0.0114034752	-0.1307079726	-0.0597522007	0.0415368861	0.0027982845	0.0487433136	-0.0071880917	0.0594541241	-0.080413462	0.0350051596	0.0309696471	-0.0888655055	0.0572945957	-0.0381875456	0.0062912152	0.0475848176	0.1041186771	-0.0982573558	-0.0220768311	0.1123982529	0.0148232595	-0.0309697503	-0.0099612485	-0.0067843589	-0.0455707434	0.0465565641	0.1551994027	0.0747635908	-0.147240473	-0.1432627528	0.0036085673	-0.0508612344	-0.0109888524	-0.0559927532	0.1148241591	0.098351212	-0.1071560072	0.1396750571	0.0812725425	-0.0180335792	-0.0536482103	0.0396343367	-0.2490666453	-0.0269015214	0.0449575398	0.1571702427	0.0747972749	0.0556576644	-0.0559012541	-0.0256318365	0.0292948158	-0.0757707854	-0.1183034994	0.0809480179	-0.0882343244	0.0281995594	-0.0070043179	0.0515691499	-0.1290325881	-0.0627227838	-0.0587162083	0.075981451	0.1084590312	0.0207022979	0.0266760426	0.0323619222	-0.0768451833	-0.1134290292	-0.0262910727	0.0031097314	0.0526556664	-0.0950537973	-0.0836321206	0.0031917071	0.0877276505	0.0148280374	-0.0946746605	-0.1397499735	0.0577007377	-0.112458753	0.1123086861	-0.112058723	0.1117090859	-0.1112600859	0.0	0.0	0.0	0.0	0.0659477471759117	-0.0043178222479411	0.0043491053575779	1.8643588964815948e-05	0.0996651207549632	-0.072877492407244	0.0053111288995679	0.0099331362951013	-0.1762850432208722	-0.0122309964989427	0.0001495972753571	0.0310764164633847	-0.0011730575200897	-0.0001950049816316	3.802694286117961e-08	1.3760639454389969e-06	-0.0007446991291644	-6.097397523000458e-07	5.545767929782157e-07	3.717825655349212e-13	0.0011910642553942	-1.2572556918799896e-05	1.5806918747646312e-10	1.4186340604777403e-06	0.0	0.0
1039.394424680365	-1.8627328292045604	1080340.7700566272	3.469773592996426	1608.4320286487011	-6.103528834403733	2587053.590782976	37.25306423239779	1023.271607431265	-0.2772339101937859	0.0768586409613361	1047084.7825749648	1065.26935999929	1074.524498651054	1.259857	25.394487	0.0619467892078396	0.0344596043018594	-0.1313291975	-0.0067315612	-0.0432806136	0.0191444336	0.0010854049	-0.0467219631	-0.1431546126	-0.0223398128	-0.0901995938	0.0109079368	-0.0596131157	-0.0515764587	0.0559857693	-0.0415259801	0.0294761689	-0.0592293513	0.0380036333	-0.0449169374	-0.0686776207	-0.0186591515	0.0973481671	0.0559911421	0.1098468512	-0.0245288069	0.0316207591	0.0001463503	-0.145334113	0.1173172452	0.0014323394	-0.0847496769	0.0573232264	0.0075312631	-0.0321586481	-0.0607446624	-0.102573131	-0.1012344647	-0.1238539224	-0.0411313383	0.0323270576	-0.0496442617	-0.0184492309	-0.0963460188	-0.0013877699	0.0153413571	0.0251075521	-0.1942343301	-0.0406842127	0.0927691742	0.0703156909	0.1763106369	-0.0552866481	0.0641298608	0.1113758235	0.0275484894	0.0970964252	0.0582234873	0.0191621307	-0.0361119864	-0.0889880892	-0.0603149689	-0.0038641771	-0.0413937034	0.0122823781	-0.0228102388	-0.1980431632	0.1414708897	0.0329795446	-0.0810431514	0.050057944	-0.0002435272	0.0446283681	-0.0370361394	-0.1076002042	0.0483915965	0.0233849779	0.0057063848	-0.0787871198	0.0735750231	-0.0310288782	-0.0962609283	0.1160619987	0.0452834209	0.125055409	-0.05467564	-0.0711565434	-0.1375405971	0.0383590106	-0.0728033906	-0.0608448614	-0.0021359327	-0.1609310492	0.0237518869	0.0675648821	0.0307387067	-0.051937322	0.0132089964	0.0336195349	-0.0978256623	-0.0570363994	0.0802046203	0.0434427494	-0.0078747763	0.0073066982	0.0029662151	0.0135753592	0.148661433	0.0663832701	-0.0822339326	-0.0445806863	0.0292844206	0.0028670157	-0.0273620321	-0.0272370499	0.0547164032	0.0305560523	0.0529634486	0.1103673231	-0.0653763187	0.1163130495	0.1049325653	0.0521914444	-0.1440257525	0.0933036422	-0.0848066599	-0.0619138154	-0.0544710414	-0.1023148577	0.032447843	-0.1300073608	0.079138036	-0.0462522553	-0.0366388874	-0.0141381842	-0.0782936326	-0.0840898673	0.0484778755	0.0940440133	-0.0920760758	0.1002731789	-0.0227726382	0.0631095774	0.0081539917	-0.0438147786	-0.0059853377	-0.0548672602	0.0007572084	-0.0470611178	-0.0223178312	-0.059555227	0.111198095	0.0149061791	0.0718837442	-0.11250323	0.1124865505	-0.112458753	0.1124198403	-0.1123698164	0.0	0.0	0.0	0.0	0.0614084503498872	-0.0045392968260245	0.0037709977743745	2.0605215674756137e-05	0.0728307480148942	-0.026834372740069	0.0007200835603529	0.005304317856409	-0.1571382928756861	0.0191467503451861	0.0003665980487808	0.0246924430878849	-0.0011346556770945	3.840184299519988e-05	1.4747015454279816e-09	1.2874435055627783e-06	-0.0005721861173331	0.0001725130118313	3.2739695286872804e-07	2.9760739251106276e-08	0.0012086767864989	1.76125311046999e-05	3.1020125191402145e-10	1.4608995742213077e-06	0.0	0.0
