#!ascii label  , from subject sub-v2s7x29677_ses-1 vox2ras=TkReg
11257
62925  -22.416  -10.971  47.411 1.0000000000
62924  -21.826  -11.143  47.008 1.0000000000
63986  -22.539  -9.944  45.533 1.0000000000
59552  -20.770  -14.794  49.969 1.0000000000
139929  -21.282  -10.931  45.444 1.0000000000
60690  -20.097  -12.999  48.581 1.0000000000
117136  -20.160  -16.237  45.520 1.0000000000
120028  -20.999  -15.731  45.248 1.0000000000
58495  -20.852  -16.145  46.310 1.0000000000
58478  -20.699  -16.429  47.494 1.0000000000
132819  -21.989  -10.152  44.917 1.0000000000
58431  -20.625  -15.435  49.942 1.0000000000
60674  -19.736  -13.877  49.323 1.0000000000
61801  -19.755  -12.642  47.390 1.0000000000
61818  -18.789  -12.657  46.018 1.0000000000
61837  -19.347  -12.192  45.502 1.0000000000
133174  -1.859  -26.324  55.045 0.3750000000
115411  -29.667  -11.208  47.988 1.0000000000
63949  -29.036  -11.496  49.645 0.8750000000
128603  -28.797  -9.973  47.022 1.0000000000
116400  -28.976  -10.957  48.272 1.0000000000
123036  -27.442  -9.405  46.481 1.0000000000
63972  -28.478  -10.323  47.812 1.0000000000
65031  -25.891  -9.132  46.050 1.0000000000
65025  -26.445  -9.333  46.730 1.0000000000
58573  -18.573  -15.751  41.567 1.0000000000
136879  -24.442  -9.194  45.525 1.0000000000
57506  -19.441  -16.317  44.752 1.0000000000
58530  -19.627  -15.979  43.761 1.0000000000
64005  -22.489  -9.801  44.710 1.0000000000
64006  -23.095  -9.529  44.938 1.0000000000
64004  -21.995  -9.989  44.115 1.0000000000
58448  -20.224  -15.999  49.897 1.0000000000
58477  -20.028  -16.609  46.688 1.0000000000
62958  -21.239  -10.643  44.712 1.0000000000
59566  -19.568  -14.959  49.974 1.0000000000
60705  -18.263  -13.174  46.587 1.0000000000
60689  -19.276  -13.364  48.076 1.0000000000
61850  -18.432  -12.131  44.442 1.0000000000
61836  -18.573  -12.410  45.166 1.0000000000
62969  -17.768  -11.732  42.835 1.0000000000
62985  -18.127  -11.424  42.205 1.0000000000
48039  -1.282  -25.643  54.520 0.5000000000
121319  -11.850  -19.591  40.607 1.0000000000
131924  -31.190  -11.437  48.690 1.0000000000
58514  -32.200  -15.383  43.171 0.7500000000
57508  -31.734  -16.128  43.605 0.6250000000
54705  -13.511  -19.332  39.102 1.0000000000
115408  -30.828  -11.530  47.873 1.0000000000
57509  -32.176  -16.022  42.741 0.6250000000
137265  -32.180  -16.595  42.351 0.6250000000
56644  -14.489  -17.271  37.745 1.0000000000
115796  -29.941  -10.924  47.341 1.0000000000
56583  -32.416  -16.602  41.829 0.7500000000
129061  -16.284  -15.609  39.525 1.0000000000
58610  -16.937  -15.708  39.152 1.0000000000
65034  -28.175  -9.534  45.821 1.0000000000
121888  -17.314  -15.895  41.047 1.0000000000
58594  -17.882  -15.647  40.332 1.0000000000
65045  -26.481  -9.364  45.148 1.0000000000
58529  -18.759  -16.335  43.997 1.0000000000
126183  -18.342  -16.055  42.432 1.0000000000
65044  -25.283  -9.230  45.164 1.0000000000
57489  -19.290  -16.636  45.863 1.0000000000
64024  -22.472  -9.827  43.360 1.0000000000
65055  -23.700  -9.446  44.470 1.0000000000
57446  -19.722  -16.653  49.413 1.0000000000
58447  -19.396  -16.015  50.160 1.0000000000
64023  -21.713  -10.000  43.256 1.0000000000
64022  -20.958  -10.264  43.127 1.0000000000
59580  -18.877  -14.258  49.011 1.0000000000
60688  -18.472  -13.614  47.635 1.0000000000
62987  -20.143  -10.654  42.999 1.0000000000
64041  -20.730  -10.249  42.358 1.0000000000
63003  -19.303  -10.773  41.796 1.0000000000
61835  -17.664  -12.558  44.750 1.0000000000
62986  -19.397  -10.944  42.571 1.0000000000
64057  -19.142  -10.756  41.033 1.0000000000
61861  -17.894  -12.021  43.716 1.0000000000
63002  -18.591  -11.094  41.581 1.0000000000
121225  -2.317  -25.847  54.994 0.3750000000
46959  -2.746  -26.348  55.385 0.3750000000
46961  -4.027  -25.947  55.121 0.3750000000
46015  -4.483  -26.333  55.041 0.3750000000
48047  -5.789  -25.109  54.166 0.3750000000
49241  0.158  -23.775  53.951 0.3750000000
48045  -0.466  -25.000  54.183 0.3750000000
49235  -1.460  -24.901  54.525 0.5000000000
48042  -3.568  -25.569  54.949 0.3750000000
48044  -4.576  -25.075  54.507 0.3750000000
49245  -5.643  -24.564  53.950 0.3750000000
49247  0.624  -23.966  53.476 0.2500000000
126324  -2.616  -25.055  54.775 0.3750000000
127185  -3.195  -25.049  54.769 0.3750000000
49261  2.420  -24.036  51.115 0.2500000000
49267  2.443  -24.056  50.189 0.2500000000
53637  -8.800  -19.795  44.808 0.8750000000
138452  -9.190  -20.020  45.448 0.8750000000
54652  -9.310  -19.519  42.125 0.8750000000
54637  -9.210  -19.616  42.963 1.0000000000
54638  -10.524  -19.921  43.266 1.0000000000
53656  -11.053  -20.269  43.849 1.0000000000
54670  -9.489  -19.268  41.214 1.0000000000
54671  -10.473  -19.479  41.226 1.0000000000
131356  -10.847  -19.682  41.860 1.0000000000
54653  -10.715  -19.802  42.525 1.0000000000
55662  -10.519  -18.283  39.268 1.0000000000
55663  -11.390  -18.598  39.058 1.0000000000
54690  -11.595  -19.219  39.811 1.0000000000
118640  -31.783  -11.461  47.472 1.0000000000
57524  -32.456  -16.010  42.117 0.7500000000
56641  -11.367  -17.318  38.394 1.0000000000
56642  -11.975  -17.235  38.121 1.0000000000
56643  -13.511  -17.384  37.805 1.0000000000
131981  -30.573  -11.039  46.853 1.0000000000
58535  -32.429  -15.552  42.457 0.7500000000
129596  -32.546  -16.668  41.305 0.7500000000
58625  -16.181  -15.785  38.719 1.0000000000
63990  -29.601  -10.168  45.638 1.0000000000
57540  -32.654  -16.045  41.559 0.7500000000
57554  -32.798  -16.111  40.971 0.7500000000
58571  -16.411  -15.948  41.082 1.0000000000
64010  -28.587  -10.061  44.536 1.0000000000
63988  -28.035  -9.636  45.027 1.0000000000
57537  -17.394  -16.321  42.679 1.0000000000
57505  -17.883  -16.601  44.109 1.0000000000
64044  -22.989  -10.074  42.627 1.0000000000
64025  -23.839  -10.004  42.982 1.0000000000
64026  -24.626  -9.874  43.467 1.0000000000
64007  -25.896  -9.614  44.298 1.0000000000
118047  -19.137  -17.080  47.271 1.0000000000
57459  -18.581  -17.335  48.500 1.0000000000
118501  -22.284  -10.171  42.061 1.0000000000
124932  -23.756  -9.637  43.715 1.0000000000
57460  -19.296  -17.128  48.644 1.0000000000
57445  -18.940  -16.877  49.590 1.0000000000
64043  -22.175  -9.956  42.741 1.0000000000
59565  -18.732  -15.414  49.889 1.0000000000
60704  -17.489  -13.384  46.372 1.0000000000
64060  -21.567  -10.252  41.553 1.0000000000
60723  -17.998  -12.874  45.708 1.0000000000
64059  -20.691  -10.251  41.525 1.0000000000
61860  -17.033  -12.102  43.097 1.0000000000
63018  -18.377  -11.081  40.804 1.0000000000
50380  -1.636  -24.186  54.579 0.5000000000
49237  -2.281  -24.291  54.683 0.5000000000
123883  3.965  -19.818  51.052 0.5000000000
54557  3.744  -19.488  52.024 0.5000000000
49242  -0.401  -24.259  54.221 0.3750000000
49243  -0.994  -24.168  54.399 0.5000000000
49236  -2.027  -24.983  54.732 0.5000000000
49238  -2.899  -24.393  54.686 0.3750000000
49240  -4.149  -24.606  54.513 0.3750000000
50391  -5.989  -23.226  53.796 0.5000000000
53523  3.731  -20.251  51.759 0.5000000000
52454  3.253  -21.483  52.121 0.5000000000
51413  2.838  -22.860  52.150 0.3750000000
50397  1.697  -23.073  52.679 0.2500000000
49239  -3.499  -24.458  54.632 0.3750000000
52476  3.748  -21.563  50.506 0.3750000000
51417  3.469  -21.946  51.390 0.3750000000
122197  -7.113  -20.475  48.795 0.7500000000
56512  3.758  -17.286  51.630 0.5000000000
50414  3.298  -23.038  50.209 0.2500000000
50408  2.925  -23.598  50.692 0.2500000000
134773  -6.766  -20.098  46.572 0.8750000000
53562  -8.085  -20.643  49.019 0.6250000000
57421  3.742  -16.606  50.994 0.6250000000
50415  2.949  -23.608  49.722 0.2500000000
54616  -7.244  -19.667  44.190 0.8750000000
53621  -7.624  -19.892  45.688 0.8750000000
53601  -8.269  -20.080  46.318 0.8750000000
132337  -8.746  -20.471  47.767 0.8750000000
126876  3.591  -15.957  50.367 0.6250000000
51438  3.205  -22.954  48.376 0.2500000000
50423  2.864  -23.520  48.826 0.2500000000
54650  -7.719  -19.392  42.556 0.8750000000
54635  -7.506  -19.539  43.375 0.8750000000
54636  -8.401  -19.559  43.226 0.8750000000
58409  3.322  -15.366  49.712 0.6250000000
55633  -7.875  -18.765  41.338 1.0000000000
55646  -9.368  -18.611  40.323 1.0000000000
59546  2.960  -14.769  49.035 0.5000000000
56618  -8.983  -17.803  39.857 1.0000000000
56631  -10.952  -17.780  38.728 1.0000000000
62910  -31.995  -11.600  47.263 1.0000000000
59659  -32.747  -14.928  42.044 0.7500000000
58557  -32.661  -15.442  41.903 0.7500000000
59547  2.672  -14.055  49.253 0.5000000000
58619  -10.959  -15.804  38.637 1.0000000000
57584  -11.491  -16.545  38.301 1.0000000000
57586  -13.157  -16.092  37.935 1.0000000000
58623  -14.074  -15.608  38.315 1.0000000000
62926  -30.911  -11.253  46.248 1.0000000000
58579  -32.854  -15.524  41.223 0.7500000000
58605  -11.647  -15.148  38.863 1.0000000000
58607  -13.561  -15.097  39.051 1.0000000000
58608  -14.536  -15.245  39.212 1.0000000000
58609  -15.500  -15.468  39.397 1.0000000000
64011  -29.386  -10.257  44.830 1.0000000000
57567  -32.820  -16.150  40.282 0.7500000000
125552  -32.291  -16.816  37.910 0.6250000000
57606  -31.863  -16.488  37.186 0.3750000000
127879  -13.914  -15.140  39.982 1.0000000000
130771  -14.096  -15.432  40.855 1.0000000000
58592  -15.908  -15.657  40.311 1.0000000000
57549  -16.005  -16.244  41.878 1.0000000000
64030  -28.257  -10.470  43.795 1.0000000000
57535  -15.695  -16.411  42.529 1.0000000000
133093  -16.428  -16.405  42.580 1.0000000000
57519  -17.441  -16.513  43.487 1.0000000000
57487  -17.715  -17.043  45.921 1.0000000000
64046  -25.412  -10.290  43.011 1.0000000000
64029  -27.326  -10.334  43.622 1.0000000000
123625  -16.170  -16.760  43.970 1.0000000000
57504  -16.532  -16.916  44.727 1.0000000000
64063  -23.843  -10.398  42.206 1.0000000000
63005  -24.581  -10.808  41.892 1.0000000000
117111  -26.010  -11.298  41.962 1.0000000000
57458  -17.677  -17.461  48.433 1.0000000000
58446  -18.458  -16.377  50.077 1.0000000000
64061  -22.395  -10.509  41.293 1.0000000000
121698  -23.869  -10.879  41.476 1.0000000000
116146  -23.961  -11.507  40.739 1.0000000000
63022  -24.958  -11.905  40.812 1.0000000000
59564  -17.947  -15.683  49.947 1.0000000000
63020  -22.435  -10.910  40.545 1.0000000000
63004  -23.161  -10.918  41.003 1.0000000000
140694  -23.720  -11.933  40.073 1.0000000000
60794  -23.559  -12.831  38.991 1.0000000000
134476  -24.191  -13.374  37.934 1.0000000000
60721  -16.329  -13.154  45.499 1.0000000000
61849  -16.896  -12.493  43.970 1.0000000000
64075  -21.155  -10.372  40.774 1.0000000000
63019  -21.640  -10.770  40.065 1.0000000000
63030  -22.443  -11.420  39.762 1.0000000000
61898  -22.808  -12.824  38.438 1.0000000000
60812  -23.560  -13.213  38.217 1.0000000000
60833  -22.803  -13.347  37.138 0.8750000000
61859  -16.161  -12.395  43.377 1.0000000000
61873  -16.293  -12.043  42.560 1.0000000000
126340  -20.131  -10.455  40.047 1.0000000000
63029  -21.041  -10.802  39.334 1.0000000000
122840  -21.771  -11.338  39.226 1.0000000000
61909  -21.482  -12.613  37.434 1.0000000000
61910  -22.316  -13.016  37.687 1.0000000000
62983  -15.547  -11.854  42.018 1.0000000000
125372  -16.014  -11.680  41.408 1.0000000000
61874  -17.172  -11.701  42.177 1.0000000000
126339  -19.415  -10.683  38.942 1.0000000000
140641  -20.603  -10.875  38.771 1.0000000000
63044  -20.781  -11.930  37.505 1.0000000000
61928  -21.280  -12.907  36.554 1.0000000000
63000  -16.808  -11.565  41.221 1.0000000000
63016  -16.686  -11.483  40.328 1.0000000000
63028  -17.326  -11.320  39.749 1.0000000000
64092  -18.655  -10.874  38.633 1.0000000000
63043  -19.344  -10.957  37.618 1.0000000000
119885  -20.083  -11.283  37.553 1.0000000000
61927  -20.620  -12.503  36.264 1.0000000000
63027  -16.417  -11.492  39.552 1.0000000000
64080  -17.065  -11.350  38.923 1.0000000000
64091  -17.783  -11.109  38.325 1.0000000000
64104  -18.511  -10.926  37.736 1.0000000000
123692  -19.566  -11.351  36.869 1.0000000000
63052  -20.307  -11.897  36.844 1.0000000000
64090  -16.733  -11.319  38.039 1.0000000000
64102  -16.780  -11.181  37.295 1.0000000000
64112  -18.031  -10.976  36.907 1.0000000000
63061  -18.365  -11.028  36.251 1.0000000000
50381  -1.908  -23.597  54.617 0.5000000000
50382  -2.623  -23.753  54.647 0.5000000000
125178  3.808  -18.681  52.000 0.5000000000
50393  0.775  -23.329  53.308 0.3750000000
132279  -0.513  -23.253  54.348 0.5000000000
50387  -1.126  -23.551  54.469 0.5000000000
50388  -1.474  -23.263  54.553 0.5000000000
50383  -3.271  -23.845  54.617 0.3750000000
52432  -4.338  -22.362  54.530 0.3750000000
52451  -6.340  -21.479  53.525 0.6250000000
117211  -6.845  -21.391  53.201 0.6250000000
54559  3.946  -18.990  51.028 0.5000000000
54553  3.206  -19.671  52.671 0.5000000000
140090  3.014  -21.761  52.376 0.5000000000
119123  2.438  -22.860  52.412 0.2500000000
51401  1.323  -22.624  52.763 0.3750000000
119533  -4.265  -21.232  53.988 0.5000000000
52461  -5.457  -20.853  53.205 0.7500000000
53522  -6.928  -21.039  52.687 0.6250000000
55531  3.905  -18.085  51.338 0.5000000000
118954  3.560  -17.961  52.401 0.5000000000
137886  -4.358  -20.564  48.392 0.8750000000
53550  -5.491  -20.527  49.249 0.7500000000
124346  -5.848  -20.605  50.074 0.7500000000
53530  -7.202  -20.943  51.739 0.6250000000
140758  3.481  -17.197  52.399 0.6250000000
56505  3.084  -17.476  53.055 0.6250000000
120758  -3.948  -20.495  47.087 0.8750000000
117775  -4.604  -20.501  47.735 0.8750000000
53576  -6.325  -20.216  47.043 0.8750000000
53561  -6.067  -20.447  48.572 0.8750000000
58394  3.508  -15.874  51.283 0.6250000000
58381  3.268  -15.903  52.220 0.6250000000
57403  3.187  -16.685  52.792 0.6250000000
125588  2.698  -16.960  53.415 0.6250000000
54613  -4.498  -19.738  44.536 0.8750000000
53636  -5.172  -20.035  45.035 0.8750000000
54598  -6.009  -19.986  45.133 0.8750000000
53620  -6.719  -19.988  45.847 0.8750000000
58410  3.303  -15.185  50.616 0.6250000000
54632  -4.911  -19.409  43.768 0.8750000000
54649  -6.848  -19.290  42.683 0.8750000000
54634  -6.606  -19.533  43.493 0.8750000000
59538  3.004  -14.589  49.916 0.6250000000
55617  -6.276  -18.713  42.200 1.0000000000
55632  -7.172  -18.186  41.261 1.0000000000
61840  -31.558  -12.077  45.355 1.0000000000
121592  -31.624  -12.366  44.668 1.0000000000
128388  -31.302  -12.218  43.797 1.0000000000
116261  -30.498  -12.353  42.753 1.0000000000
60757  -32.851  -14.443  41.787 0.7500000000
56605  -7.217  -17.286  40.901 1.0000000000
56616  -7.746  -17.081  40.467 1.0000000000
62927  -31.501  -11.755  46.203 1.0000000000
125158  -30.659  -11.557  44.011 1.0000000000
61877  -29.822  -12.737  42.025 1.0000000000
59666  -32.905  -15.002  41.496 0.8750000000
120378  2.292  -13.536  48.689 0.6250000000
57571  -9.610  -16.376  39.145 1.0000000000
62960  -29.811  -10.737  44.464 1.0000000000
62961  -30.445  -11.152  44.562 1.0000000000
61862  -29.618  -11.820  43.041 1.0000000000
61883  -29.107  -12.811  41.741 1.0000000000
116353  -28.833  -13.169  41.030 1.0000000000
60782  -28.511  -13.421  40.211 1.0000000000
59674  -33.101  -14.967  40.750 0.7500000000
134088  -33.109  -15.145  37.587 1.0000000000
58644  -33.034  -14.937  36.919 1.0000000000
58651  -33.015  -14.682  36.164 0.8750000000
130057  -10.773  -15.168  39.082 1.0000000000
124345  -12.463  -15.027  40.642 1.0000000000
62975  -29.865  -11.211  43.806 1.0000000000
61876  -28.801  -11.921  42.627 1.0000000000
60799  -28.447  -13.429  39.482 1.0000000000
58599  -32.959  -15.590  40.579 0.7500000000
123816  -33.006  -15.625  39.894 0.7500000000
57591  -32.964  -15.930  38.715 0.8750000000
137628  -33.137  -15.342  38.140 0.8750000000
57607  -32.636  -15.788  37.427 0.7500000000
58643  -32.402  -15.505  36.669 0.7500000000
58650  -32.051  -15.044  35.783 0.7500000000
58606  -12.637  -15.029  38.955 1.0000000000
127875  -13.352  -15.241  40.774 1.0000000000
62973  -27.837  -10.935  43.091 1.0000000000
61882  -27.415  -12.249  41.714 1.0000000000
60764  -27.317  -12.911  41.002 1.0000000000
133449  -27.288  -13.458  39.620 1.0000000000
125832  -27.222  -13.309  38.367 1.0000000000
60839  -28.078  -13.124  38.231 1.0000000000
57616  -31.454  -16.006  36.462 0.7500000000
58569  -14.594  -15.802  41.439 1.0000000000
120057  -26.636  -11.234  42.345 1.0000000000
120265  -26.760  -12.361  41.312 1.0000000000
118010  -26.843  -13.205  40.241 1.0000000000
60815  -27.056  -13.495  38.992 1.0000000000
60838  -27.464  -12.977  37.596 1.0000000000
57517  -15.152  -16.722  43.914 1.0000000000
123750  -16.078  -17.097  45.294 1.0000000000
61881  -25.969  -11.983  41.235 1.0000000000
60780  -25.462  -12.888  40.005 1.0000000000
60814  -25.711  -13.403  38.300 1.0000000000
60857  -26.031  -13.011  36.857 0.8750000000
60858  -26.928  -12.809  36.900 0.8750000000
57474  -17.007  -17.384  46.969 1.0000000000
120580  -24.984  -12.543  40.175 1.0000000000
118676  -25.091  -13.323  38.943 1.0000000000
60836  -25.479  -13.292  37.492 1.0000000000
60876  -25.703  -12.896  36.247 0.8750000000
58445  -17.762  -16.642  50.182 1.0000000000
60813  -24.259  -13.246  38.598 1.0000000000
60856  -25.137  -13.163  36.678 0.8750000000
126242  -16.543  -13.525  46.322 1.0000000000
117222  -23.948  -13.159  35.846 0.8750000000
61872  -15.454  -12.201  42.864 1.0000000000
60853  -22.588  -13.340  36.377 0.8750000000
60854  -23.392  -13.369  36.555 0.8750000000
60852  -21.824  -13.260  36.063 1.0000000000
60871  -21.729  -13.256  35.218 0.8750000000
121446  -16.012  -11.575  40.772 1.0000000000
60851  -21.040  -13.023  35.650 1.0000000000
60870  -21.056  -13.099  34.769 0.8750000000
63062  -19.228  -11.696  35.329 1.0000000000
122516  -20.402  -12.566  35.585 0.8750000000
61948  -20.558  -12.844  35.063 0.8750000000
64121  -17.613  -10.912  36.186 1.0000000000
63060  -18.037  -10.945  35.550 1.0000000000
139783  -18.646  -11.223  35.640 1.0000000000
63077  -19.261  -11.904  34.432 0.8750000000
116679  -16.766  -10.811  36.101 0.8750000000
64120  -17.281  -10.755  35.492 0.8750000000
53513  2.981  -20.550  52.742 0.5000000000
53514  2.584  -20.767  52.674 0.5000000000
120780  -0.212  -22.781  54.134 0.5000000000
51394  -1.530  -22.982  54.602 0.5000000000
52430  -2.576  -22.568  54.690 0.6250000000
52438  -3.876  -21.736  54.366 0.7500000000
53516  2.995  -19.932  52.882 0.5000000000
51408  2.717  -21.346  52.559 0.5000000000
124212  1.971  -21.704  52.570 0.5000000000
52459  -3.298  -21.076  52.877 0.7500000000
52460  -4.137  -20.990  53.338 0.7500000000
53520  -5.091  -20.734  52.338 0.7500000000
55528  3.254  -18.807  52.773 0.5000000000
53548  -3.680  -20.643  48.792 0.8750000000
128721  -4.035  -20.659  49.691 0.8750000000
53528  -4.679  -20.697  51.426 0.7500000000
53559  -3.772  -20.599  47.894 0.8750000000
58395  3.188  -15.139  51.572 0.6250000000
140100  2.992  -15.261  52.410 0.6250000000
57404  2.799  -15.962  53.153 0.6250000000
54597  -3.772  -19.801  44.992 0.8750000000
53597  -4.149  -20.363  46.280 0.8750000000
59539  2.905  -14.312  50.879 0.6250000000
59525  1.893  -14.677  53.615 0.6250000000
57399  2.232  -15.520  53.548 0.6250000000
58367  1.603  -15.544  53.990 0.6250000000
126950  -32.402  -13.123  41.688 1.0000000000
60650  2.459  -13.517  50.472 0.7500000000
55603  -5.501  -18.470  42.548 1.0000000000
60769  -32.858  -13.764  41.227 1.0000000000
60658  2.396  -13.485  49.533 0.7500000000
56592  -5.880  -17.730  41.941 1.0000000000
57548  -7.444  -16.363  40.739 1.0000000000
135249  -31.279  -12.679  42.454 1.0000000000
60766  -29.729  -13.025  41.309 1.0000000000
60770  -33.029  -14.503  41.179 1.0000000000
60786  -33.020  -13.366  40.319 1.0000000000
137899  1.988  -13.061  48.151 0.6250000000
57562  -8.084  -16.368  40.259 1.0000000000
117726  -30.038  -13.120  40.736 1.0000000000
126458  -29.193  -13.309  39.646 1.0000000000
60787  -33.218  -14.125  40.503 1.0000000000
59684  -33.454  -14.364  38.789 1.0000000000
132289  -33.400  -14.598  37.892 1.0000000000
58645  -33.411  -14.432  37.124 1.0000000000
59700  -33.425  -14.311  36.528 0.8750000000
123947  -10.166  -14.974  39.648 1.0000000000
123138  -11.526  -14.832  40.460 1.0000000000
60817  -28.755  -13.227  38.872 1.0000000000
134551  -33.294  -14.599  39.873 0.8750000000
59679  -33.213  -15.102  39.446 0.8750000000
58626  -33.231  -15.159  38.677 1.0000000000
123043  -12.859  -15.389  41.562 1.0000000000
61912  -28.333  -12.715  37.480 0.8750000000
58550  -14.202  -16.177  42.430 1.0000000000
132733  -14.264  -16.482  43.447 1.0000000000
61929  -26.465  -12.621  36.118 0.8750000000
61911  -27.810  -12.589  36.864 0.8750000000
58649  -31.172  -14.886  35.102 0.7500000000
124626  -31.056  -15.595  35.751 0.6250000000
57534  -15.049  -16.489  42.918 1.0000000000
133552  -15.455  -17.060  45.413 1.0000000000
61930  -27.353  -12.419  36.257 0.8750000000
57473  -16.112  -17.434  47.408 1.0000000000
57442  -16.511  -17.259  49.694 1.0000000000
61950  -25.666  -12.628  35.570 0.8750000000
119963  -26.509  -12.294  35.306 0.8750000000
58460  -17.371  -15.905  50.205 1.0000000000
59577  -16.702  -14.801  49.043 1.0000000000
128255  -24.666  -13.099  36.153 0.8750000000
60875  -25.199  -12.952  36.036 0.8750000000
61970  -25.893  -12.277  34.800 0.8750000000
60720  -15.785  -13.277  45.840 1.0000000000
60886  -24.157  -12.772  34.884 0.8750000000
60874  -24.791  -12.850  35.565 0.8750000000
136639  -25.412  -12.258  34.343 0.8750000000
61871  -14.729  -12.120  43.182 1.0000000000
122701  -14.903  -11.951  42.491 1.0000000000
60873  -23.240  -13.139  35.239 0.8750000000
61968  -23.999  -12.487  33.980 0.8750000000
61969  -24.755  -12.382  34.243 0.8750000000
63014  -14.576  -11.378  40.865 1.0000000000
60884  -22.466  -13.165  34.797 0.8750000000
60885  -23.250  -12.853  34.402 0.8750000000
62999  -15.321  -11.615  41.199 1.0000000000
63026  -15.378  -11.523  39.486 1.0000000000
60898  -22.429  -12.908  33.964 0.8750000000
61986  -23.205  -12.551  33.548 0.8750000000
64089  -15.637  -11.367  38.053 1.0000000000
129738  -16.120  -11.258  37.482 1.0000000000
61967  -20.454  -12.822  34.369 0.8750000000
60882  -21.020  -13.026  33.964 0.8750000000
134381  -21.561  -12.761  32.952 0.8750000000
121686  -18.735  -11.569  34.003 0.8750000000
61966  -19.819  -12.456  33.985 0.8750000000
61984  -20.416  -12.749  33.549 0.8750000000
122041  -17.013  -10.614  34.869 0.8750000000
63075  -17.718  -10.846  34.814 0.8750000000
63090  -18.491  -11.514  33.209 0.8750000000
63091  -19.213  -11.997  33.562 0.8750000000
64129  -17.229  -10.641  34.069 0.8750000000
121119  -18.090  -11.128  34.031 0.8750000000
54554  2.953  -19.175  53.082 0.5000000000
52443  1.755  -21.268  52.610 0.5000000000
52444  0.661  -21.844  52.859 0.6250000000
52435  -0.317  -22.174  53.756 0.6250000000
51402  -0.979  -22.609  54.357 0.7500000000
52436  -1.208  -21.932  54.101 0.7500000000
52445  -0.046  -21.689  53.188 0.6250000000
122080  -0.742  -21.689  53.597 0.7500000000
52446  -1.598  -21.458  53.361 0.7500000000
52470  -3.106  -20.977  51.878 0.7500000000
56506  2.802  -17.789  53.411 0.6250000000
55529  2.877  -18.472  53.272 0.6250000000
56507  2.406  -17.826  53.306 0.7500000000
135353  -2.863  -20.673  48.849 0.8750000000
52478  -2.858  -20.937  50.957 0.7500000000
56508  1.540  -17.223  53.303 0.7500000000
53573  -2.252  -20.383  47.531 0.8750000000
53558  -2.945  -20.634  48.116 0.8750000000
60640  2.458  -13.668  51.488 0.6250000000
59531  2.815  -14.499  51.993 0.6250000000
131772  2.152  -16.289  53.650 0.6250000000
137218  1.857  -16.587  53.726 0.7500000000
57405  1.133  -16.509  53.625 0.7500000000
53596  -3.266  -20.325  46.431 0.8750000000
53574  -3.099  -20.539  47.274 0.8750000000
60651  2.070  -12.986  50.949 0.7500000000
60632  1.616  -13.585  53.103 0.6250000000
59515  1.289  -15.005  54.379 0.7500000000
57400  1.450  -15.994  53.979 0.7500000000
57401  0.707  -15.998  54.191 0.7500000000
54612  -3.649  -19.193  44.490 0.8750000000
61750  1.548  -12.566  50.286 0.8750000000
58369  0.185  -15.527  54.888 0.7500000000
58383  -0.258  -16.183  53.866 0.7500000000
55616  -4.787  -18.283  42.966 1.0000000000
56591  -5.125  -17.530  42.573 1.0000000000
116369  -31.440  -12.851  41.839 1.0000000000
60768  -31.535  -12.940  41.105 1.0000000000
119837  -32.494  -13.061  40.865 1.0000000000
61767  1.708  -12.575  49.273 0.7500000000
61779  1.594  -12.301  47.915 0.8750000000
57532  -6.155  -16.590  41.680 1.0000000000
60767  -30.605  -12.980  41.242 1.0000000000
60800  -30.783  -12.895  39.829 1.0000000000
60785  -31.615  -12.848  40.353 1.0000000000
60802  -32.902  -12.897  39.559 1.0000000000
61895  -32.546  -12.627  38.928 1.0000000000
61901  -33.506  -12.966  37.941 1.0000000000
58564  -7.286  -15.522  41.268 1.0000000000
58566  -9.059  -14.765  40.965 1.0000000000
117587  -29.979  -13.139  40.097 1.0000000000
118446  -29.993  -12.958  39.278 1.0000000000
60803  -33.367  -13.616  39.484 1.0000000000
60821  -33.543  -13.538  38.404 1.0000000000
59691  -33.590  -13.981  37.293 1.0000000000
62912  1.626  -11.966  46.638 0.8750000000
58589  -9.379  -15.003  40.104 1.0000000000
139284  -10.725  -14.728  40.272 1.0000000000
61913  -28.914  -12.815  38.063 1.0000000000
116896  -29.063  -12.458  37.410 1.0000000000
59712  -33.583  -13.849  35.871 1.0000000000
117312  -32.929  -14.382  35.494 1.0000000000
62951  1.567  -11.468  45.362 0.8750000000
140802  1.719  -11.457  44.785 0.8750000000
58567  -11.955  -15.102  41.452 1.0000000000
57533  -13.460  -16.207  43.200 1.0000000000
135163  1.953  -11.799  42.662 0.8750000000
62966  1.930  -11.892  43.488 0.8750000000
58549  -13.221  -15.815  42.388 1.0000000000
139585  -13.612  -16.395  43.907 1.0000000000
134866  -28.084  -12.225  36.266 0.8750000000
61952  -28.733  -11.854  35.838 0.8750000000
61880  1.992  -12.501  41.413 0.7500000000
62980  1.900  -12.279  42.085 0.7500000000
61869  1.875  -12.187  42.926 0.6250000000
61856  1.817  -12.290  43.153 0.6250000000
118732  -14.738  -17.097  46.064 1.0000000000
57472  -15.209  -17.341  47.193 1.0000000000
61951  -27.807  -12.072  35.672 0.8750000000
59725  -30.419  -14.835  34.459 0.7500000000
121398  -30.686  -14.622  33.769 0.7500000000
57456  -15.756  -17.440  48.465 1.0000000000
59576  -16.317  -14.573  49.347 1.0000000000
120528  -27.081  -12.270  35.690 0.8750000000
59724  -29.856  -14.740  33.793 0.7500000000
67134  -0.091  -6.983  32.206 0.1250000000
58444  -17.084  -16.698  50.206 1.0000000000
59594  -16.050  -13.954  47.776 1.0000000000
61971  -26.662  -11.978  34.572 0.8750000000
60703  -15.909  -13.566  46.655 1.0000000000
61834  -15.117  -12.872  45.520 1.0000000000
61846  -14.529  -12.331  44.933 1.0000000000
61988  -25.278  -12.055  33.692 0.8750000000
61857  -14.593  -12.235  44.040 1.0000000000
62981  -13.787  -11.143  42.878 1.0000000000
61987  -24.573  -12.221  33.652 0.8750000000
62998  -14.634  -11.592  41.788 1.0000000000
62004  -24.780  -11.976  33.216 0.8750000000
63032  -14.518  -11.263  39.055 0.7500000000
61985  -22.335  -12.633  33.073 0.8750000000
62003  -23.886  -11.828  32.277 0.8750000000
64100  -14.451  -10.695  37.351 0.8750000000
124868  -23.168  -12.226  32.716 0.8750000000
64101  -15.277  -11.141  37.362 0.8750000000
64118  -14.872  -10.319  35.815 0.8750000000
62000  -20.429  -12.601  32.731 0.8750000000
62019  -21.423  -12.329  31.807 0.8750000000
62002  -22.512  -12.297  32.373 0.8750000000
122660  -16.468  -10.610  35.375 0.8750000000
64128  -16.273  -10.404  34.537 0.8750000000
61998  -19.147  -11.938  31.795 0.8750000000
62018  -20.565  -12.368  31.805 0.8750000000
64144  -17.069  -10.603  33.265 0.8750000000
63089  -17.720  -10.956  33.283 0.8750000000
63111  -18.538  -11.582  32.272 0.8750000000
119325  2.873  -19.952  52.853 0.6250000000
53517  2.257  -20.160  52.751 0.6250000000
52455  1.630  -20.976  52.645 0.6250000000
119582  0.720  -21.318  52.752 0.7500000000
55530  2.857  -18.511  53.257 0.6250000000
55532  1.831  -18.744  52.897 0.6250000000
117986  -0.764  -21.380  52.918 0.7500000000
52457  -1.523  -21.178  52.335 0.7500000000
124275  -1.948  -20.770  49.900 0.8750000000
52477  -1.936  -20.901  50.693 0.8750000000
57412  0.509  -17.023  52.552 0.7500000000
53594  -1.685  -19.861  47.044 0.8750000000
131411  -2.079  -20.537  48.476 0.8750000000
60641  1.934  -13.119  52.029 0.8750000000
57406  0.179  -16.531  53.159 0.7500000000
53617  -2.696  -19.824  45.912 0.8750000000
61736  1.345  -12.612  51.347 0.8750000000
60617  1.203  -14.201  54.105 0.7500000000
59516  0.807  -14.811  54.879 0.7500000000
58368  1.019  -15.449  54.493 0.7500000000
57407  -0.710  -16.466  52.561 0.8750000000
55587  -3.668  -18.304  44.104 0.8750000000
57515  -4.434  -16.460  43.624 1.0000000000
138603  -13.421  -10.159  49.111 1.0000000000
64995  -13.912  -10.023  49.951 1.0000000000
61768  0.962  -12.145  49.559 0.8750000000
59517  -0.076  -14.561  55.196 0.7500000000
58384  -1.102  -16.298  53.337 0.8750000000
56578  -4.512  -17.386  43.206 1.0000000000
57516  -4.908  -16.518  42.933 1.0000000000
61783  -12.714  -12.304  48.395 1.0000000000
62880  -13.182  -11.832  49.338 1.0000000000
126222  -13.400  -10.822  49.391 1.0000000000
64996  -14.804  -9.702  50.656 0.8750000000
62872  1.060  -11.883  48.095 0.8750000000
58370  -0.956  -15.868  54.478 0.7500000000
58385  -1.832  -16.256  53.584 0.7500000000
58563  -6.567  -15.777  41.627 1.0000000000
58543  -6.819  -15.132  42.073 1.0000000000
132420  -12.329  -15.141  46.229 1.0000000000
60685  -12.360  -14.010  47.284 1.0000000000
61784  -13.034  -12.686  49.406 1.0000000000
62867  -13.669  -11.490  50.339 1.0000000000
125867  -15.663  -10.064  51.148 1.0000000000
120018  -31.603  -12.446  38.535 1.0000000000
62892  0.522  -11.622  47.652 0.8750000000
58565  -8.115  -15.132  41.026 1.0000000000
58545  -9.263  -14.628  42.028 1.0000000000
116177  -10.173  -14.748  42.731 1.0000000000
59611  -12.034  -15.139  45.453 1.0000000000
60671  -12.649  -14.161  48.319 1.0000000000
60661  -13.229  -13.493  50.182 1.0000000000
62856  -15.031  -11.695  51.539 1.0000000000
61899  -30.422  -12.602  38.517 1.0000000000
121236  -29.813  -12.459  37.781 1.0000000000
138079  -33.665  -13.275  37.140 1.0000000000
61936  -33.781  -13.191  36.096 1.0000000000
60859  -33.651  -13.813  36.645 1.0000000000
62913  0.910  -11.507  46.816 0.8750000000
58546  -10.788  -14.869  42.213 1.0000000000
135270  -12.253  -15.756  43.651 1.0000000000
58475  -12.661  -15.625  47.022 1.0000000000
59562  -13.162  -15.464  49.658 1.0000000000
119909  -14.576  -13.012  51.627 1.0000000000
61761  -15.282  -12.359  51.660 1.0000000000
61932  -29.615  -12.139  36.964 1.0000000000
116233  -33.265  -13.762  34.970 1.0000000000
63997  1.177  -11.005  44.799 0.8750000000
63996  1.510  -11.068  44.322 0.8750000000
58528  -12.672  -15.856  43.103 1.0000000000
58494  -12.996  -16.294  45.285 1.0000000000
122210  -13.081  -16.247  47.660 1.0000000000
58417  -14.275  -15.364  51.213 1.0000000000
133182  -14.812  -13.735  51.751 1.0000000000
59727  -32.751  -13.989  34.144 0.8750000000
126092  0.937  -10.807  42.961 0.8750000000
57486  -13.805  -16.853  46.417 1.0000000000
133222  -14.344  -16.998  49.403 1.0000000000
58442  -14.638  -16.694  50.475 1.0000000000
59726  -31.493  -14.519  34.209 0.7500000000
137813  -32.062  -14.347  33.764 0.8750000000
139759  1.541  -11.307  41.940 0.8750000000
126134  1.069  -10.846  42.079 0.8750000000
57455  -14.591  -17.215  48.247 1.0000000000
58443  -15.819  -16.424  51.014 1.0000000000
120074  -16.211  -15.241  50.893 1.0000000000
60687  -15.735  -13.493  48.122 1.0000000000
59739  -31.456  -14.532  33.365 0.7500000000
62996  1.826  -11.800  41.809 0.8750000000
62995  2.050  -12.239  41.169 0.8750000000
64050  1.947  -11.492  40.673 0.8750000000
64051  1.335  -10.864  41.268 0.8750000000
124532  -16.387  -16.741  50.376 1.0000000000
60686  -15.209  -12.789  47.090 1.0000000000
63078  -27.478  -11.669  34.339 0.8750000000
59738  -30.392  -14.654  33.026 0.6250000000
61887  2.204  -12.529  40.619 0.7500000000
63013  2.324  -12.142  40.348 0.8750000000
118638  2.297  -11.544  39.950 0.8750000000
64068  2.049  -10.718  39.881 0.8750000000
65085  2.187  -9.903  39.236 0.8750000000
66085  2.594  -8.051  36.602 0.8750000000
66098  2.004  -8.292  35.498 0.3750000000
66110  1.184  -7.876  34.387 0.2500000000
66120  1.117  -7.821  33.393 0.2500000000
66112  -1.004  -7.610  34.426 0.1250000000
61833  -14.650  -12.296  45.769 1.0000000000
62938  -13.944  -11.069  44.714 0.8750000000
59751  -30.460  -14.796  32.148 0.6250000000
63024  2.515  -12.022  39.486 0.8750000000
130584  2.375  -11.029  39.312 0.8750000000
130471  2.449  -10.327  38.718 0.8750000000
127236  2.635  -9.938  37.233 0.8750000000
65110  2.672  -8.914  36.746 0.8750000000
62953  -13.790  -11.209  44.104 1.0000000000
63092  -26.045  -11.727  33.366 0.8750000000
67135  -1.149  -6.677  32.453 0.2500000000
63113  -25.362  -11.721  32.963 0.8750000000
120527  -26.063  -11.442  32.633 0.8750000000
67136  -2.334  -6.728  32.525 0.1250000000
64056  -14.107  -11.206  41.339 0.8750000000
64070  -13.913  -10.933  40.575 0.8750000000
119962  -25.361  -11.440  32.230 0.8750000000
64079  -13.923  -10.874  39.564 0.8750000000
63135  -23.820  -11.528  31.436 0.8750000000
63112  -24.667  -11.753  32.620 0.8750000000
119869  -14.060  -10.661  37.967 0.7500000000
65101  -13.883  -10.115  37.531 0.7500000000
64110  -15.058  -10.750  36.607 0.8750000000
62038  -21.796  -12.010  31.175 0.8750000000
136746  -22.467  -11.863  31.296 0.8750000000
65122  -14.844  -10.022  35.021 0.8750000000
140589  -15.428  -10.187  34.593 0.8750000000
124589  -19.145  -11.803  30.925 0.8750000000
62017  -19.793  -12.119  31.350 0.8750000000
62037  -21.110  -12.162  31.187 0.8750000000
65139  -15.834  -10.019  33.144 0.8750000000
64158  -17.329  -10.773  32.483 0.8750000000
63132  -17.929  -11.175  31.882 0.8750000000
63133  -18.524  -11.542  31.392 0.8750000000
54556  1.652  -19.707  52.584 0.6250000000
53519  0.285  -20.778  52.223 0.7500000000
53518  1.308  -20.559  52.587 0.7500000000
53524  0.588  -20.051  51.708 0.7500000000
53525  -0.310  -20.616  51.330 0.8750000000
52468  -1.315  -20.978  51.470 0.7500000000
56514  0.747  -17.602  52.042 0.7500000000
55533  0.920  -18.361  51.799 0.7500000000
53534  -0.520  -20.428  50.403 0.8750000000
53572  -1.473  -20.109  47.813 0.8750000000
53557  -1.245  -20.243  48.509 0.8750000000
65985  -14.124  -8.064  48.763 1.0000000000
126355  -14.939  -7.295  48.461 0.8750000000
60642  1.105  -12.802  52.489 0.8750000000
55567  -1.432  -18.485  46.580 0.8750000000
56546  -2.300  -17.513  45.806 0.8750000000
65973  -13.881  -8.657  48.915 1.0000000000
66933  -14.623  -7.774  48.915 0.8750000000
61752  -0.322  -12.123  50.668 0.8750000000
60633  0.847  -13.275  53.570 0.7500000000
60618  0.501  -13.876  54.528 0.8750000000
55576  -2.536  -18.365  45.326 0.8750000000
56555  -2.882  -17.358  45.111 0.8750000000
65004  -14.304  -9.153  49.885 1.0000000000
134209  0.026  -11.955  49.790 0.8750000000
132360  0.173  -11.766  48.703 0.8750000000
59510  -0.818  -14.798  55.442 1.0000000000
58358  -0.601  -15.233  55.130 0.8750000000
58520  -4.584  -15.840  44.082 1.0000000000
122061  -5.659  -15.215  43.705 1.0000000000
61798  -12.471  -13.060  47.687 1.0000000000
140678  -0.330  -11.564  47.839 0.8750000000
138436  -1.803  -15.933  54.583 0.8750000000
58522  -6.342  -15.032  43.044 1.0000000000
58524  -8.309  -14.622  42.888 1.0000000000
59593  -11.774  -14.299  45.812 1.0000000000
64997  -15.591  -9.207  50.860 0.8750000000
65975  -16.136  -8.482  50.501 0.8750000000
61915  -32.035  -12.155  37.613 1.0000000000
61916  -33.083  -12.464  37.354 1.0000000000
62914  -0.277  -11.410  46.965 0.8750000000
138796  -8.592  -14.648  42.249 1.0000000000
59641  -9.857  -14.567  43.566 1.0000000000
59610  -11.194  -14.430  44.901 1.0000000000
60718  -10.848  -13.593  45.367 1.0000000000
63946  -16.149  -10.960  51.249 1.0000000000
64998  -17.053  -9.562  50.851 0.8750000000
61933  -31.282  -11.974  36.965 1.0000000000
61935  -33.400  -12.493  36.428 1.0000000000
62934  0.321  -11.154  46.131 0.8750000000
63998  -0.482  -10.767  44.450 0.8750000000
61762  -15.994  -12.495  51.326 1.0000000000
63953  -16.773  -11.084  50.182 1.0000000000
63053  -30.374  -11.779  36.418 1.0000000000
61953  -29.420  -11.884  36.333 1.0000000000
60877  -33.672  -13.126  35.240 1.0000000000
60887  -33.514  -13.133  34.378 1.0000000000
133801  0.408  -10.779  44.826 0.8750000000
64017  0.617  -10.689  43.963 0.8750000000
137912  0.073  -10.599  43.004 0.8750000000
60655  -15.544  -14.163  51.636 1.0000000000
128085  -15.984  -13.386  51.145 1.0000000000
59740  -32.586  -14.091  33.329 0.8750000000
59753  -32.718  -14.276  32.556 0.8750000000
123915  0.177  -10.544  42.218 0.8750000000
64053  -0.586  -10.179  41.656 0.8750000000
129205  -16.123  -13.515  50.338 1.0000000000
61785  -15.866  -13.144  49.178 1.0000000000
62902  -15.548  -11.797  47.882 0.8750000000
64052  0.375  -10.323  41.461 0.8750000000
65071  -0.223  -9.692  41.089 0.8750000000
65080  0.782  -8.674  40.352 0.8750000000
118595  1.385  -9.206  40.008 0.8750000000
60673  -16.138  -14.072  49.691 1.0000000000
62901  -15.063  -11.602  46.908 0.8750000000
63974  -14.974  -10.908  46.396 0.8750000000
63063  -28.266  -11.688  34.939 0.8750000000
135725  -31.958  -14.542  32.828 0.8750000000
119590  -31.928  -14.822  32.170 0.8750000000
65070  0.757  -9.790  40.718 0.8750000000
65079  1.580  -10.341  40.374 0.8750000000
131215  1.802  -9.776  39.730 0.8750000000
65086  1.994  -8.601  39.340 0.8750000000
66056  2.703  -7.830  38.048 0.8750000000
63984  -14.378  -10.840  45.455 0.8750000000
120593  -14.427  -10.126  45.112 0.8750000000
116468  -28.234  -11.442  34.127 0.8750000000
59752  -31.223  -14.693  32.547 0.7500000000
59767  -31.947  -15.191  31.422 0.8750000000
59768  -32.602  -14.825  31.772 0.8750000000
65091  2.488  -8.985  38.528 0.8750000000
65099  2.707  -8.886  37.627 0.8750000000
67073  2.477  -7.402  36.976 0.6250000000
66087  1.451  -7.507  36.102 0.5000000000
66111  0.367  -7.503  34.187 0.2500000000
63983  -14.072  -10.461  44.777 0.8750000000
65040  -14.160  -9.757  44.428 0.8750000000
63094  -27.645  -11.328  33.483 0.8750000000
118863  -31.208  -14.966  31.777 0.6250000000
59785  -32.679  -15.300  31.071 0.6250000000
65064  -13.559  -9.687  42.704 0.8750000000
66018  -13.600  -8.934  42.217 0.8750000000
128423  -26.777  -11.419  33.033 0.8750000000
116932  -31.204  -15.244  31.007 0.6250000000
59784  -31.970  -15.501  30.650 0.7500000000
58702  -33.763  -15.671  30.290 0.5000000000
135035  -2.335  -7.790  34.264 0.2500000000
65073  -13.506  -9.765  41.683 0.8750000000
65081  -13.468  -9.347  40.708 0.8750000000
63139  -26.952  -10.974  31.908 0.8750000000
63114  -26.683  -11.221  32.383 0.8750000000
58701  -32.822  -15.666  30.236 0.5000000000
58718  -33.448  -15.949  29.559 0.5000000000
66123  -1.998  -7.092  33.286 0.2500000000
124909  -13.582  -10.223  40.895 0.8750000000
64069  -13.589  -10.212  40.088 0.8750000000
63138  -26.157  -11.086  31.842 0.8750000000
58700  -31.940  -15.689  29.814 0.5000000000
64078  -13.586  -10.197  39.163 0.7500000000
64087  -13.685  -10.148  38.308 0.7500000000
63136  -24.605  -11.492  31.843 0.8750000000
63137  -25.321  -11.170  31.460 0.8750000000
65111  -13.743  -9.469  37.171 0.7500000000
63159  -24.565  -11.181  31.026 0.8750000000
64200  -25.295  -10.852  30.708 0.8750000000
131532  -14.182  -10.057  36.613 0.8750000000
63180  -22.133  -11.274  29.885 0.7500000000
63181  -22.940  -11.239  30.192 0.8750000000
65129  -14.945  -9.811  34.276 0.8750000000
63155  -20.438  -11.725  30.210 0.7500000000
63179  -21.465  -11.248  29.549 0.7500000000
120990  -22.750  -10.850  29.441 0.7500000000
65152  -16.016  -9.950  32.325 0.7500000000
64175  -17.319  -10.719  31.525 0.7500000000
135405  -18.536  -11.451  30.528 0.7500000000
63177  -19.901  -11.534  29.711 0.7500000000
64221  -20.169  -11.143  28.934 0.7500000000
54558  0.848  -19.179  51.760 0.7500000000
53533  0.062  -20.097  50.745 0.8750000000
57422  0.186  -17.173  51.180 0.8750000000
54560  0.401  -19.543  50.696 0.8750000000
54563  -0.041  -19.480  49.262 0.8750000000
53556  -0.598  -20.007  49.014 0.8750000000
61724  0.223  -12.705  52.989 0.8750000000
54566  -0.791  -19.724  48.152 0.8750000000
61712  -0.629  -12.859  53.679 0.8750000000
57413  -0.247  -16.744  51.823 0.8750000000
56536  -1.118  -17.824  47.092 0.8750000000
56545  -1.717  -17.635  46.446 0.8750000000
67916  -16.440  -6.596  48.328 0.8750000000
61737  0.270  -12.374  51.695 0.8750000000
60634  0.173  -13.144  53.960 0.8750000000
57468  -2.326  -16.818  46.522 0.8750000000
65003  -13.479  -9.525  48.874 1.0000000000
66934  -15.948  -7.255  49.000 0.8750000000
61753  -1.255  -12.094  50.764 0.8750000000
135750  -0.950  -11.905  49.849 0.8750000000
60609  -0.834  -14.165  55.337 1.0000000000
60610  -1.541  -14.102  55.574 1.0000000000
57414  -1.034  -16.466  51.331 0.8750000000
57469  -3.126  -16.378  46.244 0.8750000000
57484  -3.272  -16.539  45.435 0.8750000000
58505  -5.130  -15.418  44.306 1.0000000000
140167  -12.390  -12.284  47.584 1.0000000000
62879  -12.803  -11.247  48.358 1.0000000000
130440  -16.993  -7.514  49.501 0.8750000000
116475  -0.843  -11.623  48.299 0.8750000000
58359  -1.399  -15.313  55.259 0.8750000000
58386  -2.550  -16.206  54.069 1.0000000000
116983  -2.731  -16.338  52.742 1.0000000000
58396  -1.756  -16.363  52.197 1.0000000000
58488  -4.501  -15.667  45.620 1.0000000000
122890  -5.911  -15.078  44.584 1.0000000000
117314  -7.090  -14.753  43.876 1.0000000000
60701  -11.400  -13.282  45.966 1.0000000000
123282  -17.482  -8.340  50.118 0.8750000000
66920  -16.563  -7.990  50.063 0.8750000000
63054  -31.587  -11.667  36.159 1.0000000000
61934  -32.445  -11.975  36.745 1.0000000000
116421  -1.863  -11.322  45.983 0.8750000000
62937  -3.608  -11.085  45.339 0.8750000000
117407  -3.472  -16.354  53.395 1.0000000000
58397  -2.866  -16.277  51.360 1.0000000000
140140  -3.770  -16.268  51.037 1.0000000000
58412  -3.369  -16.223  50.398 1.0000000000
58508  -8.038  -14.627  43.780 1.0000000000
63947  -16.709  -10.277  51.079 0.8750000000
65976  -17.537  -8.977  50.487 0.8750000000
61954  -32.757  -11.876  35.861 1.0000000000
61955  -33.544  -12.482  35.521 1.0000000000
62952  -1.428  -11.068  45.059 0.8750000000
122234  -1.638  -10.830  43.925 0.8750000000
64019  -2.317  -10.564  43.193 0.8750000000
58387  -4.415  -16.425  52.750 1.0000000000
58398  -3.761  -16.323  52.010 1.0000000000
58413  -4.456  -16.169  50.321 1.0000000000
59640  -8.947  -14.485  43.635 1.0000000000
59624  -10.442  -14.447  44.267 1.0000000000
63954  -17.300  -10.510  50.031 0.8750000000
65006  -18.216  -9.642  49.292 0.8750000000
65977  -18.271  -8.903  49.901 0.8750000000
63064  -29.724  -11.611  35.720 1.0000000000
119929  -33.270  -13.318  33.679 1.0000000000
132364  -1.503  -10.625  43.073 0.8750000000
64036  -0.893  -10.497  42.421 0.8750000000
119498  -16.632  -10.858  48.755 0.8750000000
65013  -17.483  -10.040  48.235 0.8750000000
137497  -29.169  -11.559  35.162 0.8750000000
60899  -33.191  -13.278  32.989 0.8750000000
65072  -1.013  -9.614  41.416 0.8750000000
139910  0.124  -9.123  40.693 0.8750000000
116530  -16.190  -11.384  48.842 0.8750000000
63965  -15.683  -10.993  47.532 0.8750000000
65021  -16.946  -9.605  46.874 0.8750000000
59769  -33.145  -14.329  32.009 0.8750000000
60915  -33.669  -13.855  31.764 0.7500000000
65020  -15.959  -9.782  46.345 0.8750000000
63095  -28.629  -11.162  33.542 0.8750000000
118506  -29.155  -11.350  34.343 0.8750000000
120183  -33.339  -14.755  31.389 0.7500000000
60924  -34.061  -14.097  31.382 0.8750000000
66047  1.979  -7.252  39.397 0.8750000000
67030  2.372  -6.547  38.211 0.7500000000
67074  1.929  -7.080  36.647 0.5000000000
66072  0.720  -7.272  36.694 0.6250000000
120581  -14.811  -9.534  45.009 0.8750000000
65029  -15.610  -9.374  45.441 0.8750000000
63116  -28.967  -10.822  32.850 0.8750000000
64256  -31.362  -10.262  28.533 0.8750000000
64257  -32.320  -10.167  28.502 0.8750000000
64258  -33.156  -10.238  28.576 0.8750000000
119763  -34.125  -15.060  30.906 0.7500000000
66086  2.108  -7.797  36.153 0.6250000000
66088  0.462  -7.782  36.027 0.2500000000
66100  0.417  -7.746  35.145 0.2500000000
65054  -14.190  -9.009  43.829 0.8750000000
128043  -14.660  -9.098  44.416 0.8750000000
64179  -28.415  -10.605  31.465 0.8750000000
64159  -28.292  -10.768  32.281 0.8750000000
118305  -28.193  -10.965  32.956 0.8750000000
64255  -30.368  -10.119  28.482 0.8750000000
127024  -33.357  -15.340  30.808 0.6250000000
59786  -35.055  -15.118  30.773 0.8750000000
60926  -35.501  -14.399  31.209 0.8750000000
121320  -0.534  -7.888  35.101 0.2500000000
124114  -2.457  -8.612  35.735 0.2500000000
65053  -13.763  -9.694  43.575 0.8750000000
66009  -13.780  -8.958  43.063 0.8750000000
63115  -27.450  -11.057  32.542 0.8750000000
65217  -30.916  -9.304  28.168 0.8750000000
65218  -31.916  -9.411  28.299 0.8750000000
66190  -32.472  -8.612  28.507 0.8750000000
58703  -34.592  -15.622  30.273 0.5000000000
59787  -35.902  -15.369  30.536 0.6250000000
66102  -2.988  -8.496  35.201 0.2500000000
66026  -13.544  -8.435  40.978 0.8750000000
116438  -26.839  -10.679  31.065 0.8750000000
66189  -30.947  -8.321  28.171 0.8750000000
125962  -31.628  -8.518  28.312 0.8750000000
58719  -34.182  -15.932  29.748 0.5000000000
58704  -35.332  -15.675  30.190 0.5000000000
66038  -13.469  -8.506  40.184 0.7500000000
66048  -13.453  -8.488  39.266 0.7500000000
67213  -31.346  -7.708  28.573 0.8750000000
119668  -34.965  -16.043  29.460 0.5000000000
65092  -13.461  -9.374  38.766 0.7500000000
65100  -13.552  -9.422  37.898 0.7500000000
64225  -25.024  -10.374  29.389 0.8750000000
130489  -25.366  -10.564  30.032 0.8750000000
67193  -30.603  -7.182  28.837 0.8750000000
67194  -31.365  -7.183  29.122 0.8750000000
58720  -36.053  -15.906  29.632 0.5000000000
65112  -13.754  -8.957  36.472 0.7500000000
64224  -24.269  -10.448  29.339 0.8750000000
65121  -14.250  -9.533  35.628 0.8750000000
65128  -14.525  -9.209  33.940 0.8750000000
64198  -23.583  -10.743  29.669 0.8750000000
125027  -15.090  -9.672  33.490 0.8750000000
65151  -15.583  -9.403  31.850 0.7500000000
64223  -21.997  -10.843  29.137 0.7500000000
65209  -23.166  -9.736  28.075 0.7500000000
65165  -16.240  -9.868  31.500 0.7500000000
64196  -17.281  -10.530  30.558 0.7500000000
64220  -18.274  -10.889  29.281 0.7500000000
131749  -19.685  -10.794  28.466 0.7500000000
64246  -21.231  -10.229  28.058 0.7500000000
55536  0.645  -18.764  50.665 0.8750000000
61725  -1.413  -12.551  52.818 0.8750000000
54562  0.334  -19.196  49.841 0.8750000000
61738  -0.625  -12.455  52.374 0.8750000000
54564  0.172  -18.831  49.115 0.8750000000
57451  -0.579  -17.328  48.426 0.8750000000
67915  -15.412  -6.692  47.814 0.8750000000
132169  -2.042  -12.443  52.375 0.8750000000
61713  -1.584  -12.847  53.862 0.8750000000
56535  -0.503  -18.007  47.856 0.8750000000
139064  -1.149  -16.866  48.355 0.8750000000
65984  -13.545  -8.243  48.089 1.0000000000
120820  -0.702  -12.255  51.423 0.8750000000
57423  -0.449  -16.771  50.668 0.8750000000
57452  -1.037  -17.285  47.749 0.8750000000
124629  -1.656  -16.713  47.976 0.8750000000
62860  -1.898  -11.728  49.277 0.8750000000
60620  -1.101  -13.423  54.782 1.0000000000
57424  -1.250  -16.467  50.322 0.8750000000
57425  -2.042  -16.345  50.008 1.0000000000
57453  -2.318  -16.520  47.546 0.8750000000
57454  -3.038  -16.255  47.163 0.8750000000
58471  -4.484  -15.722  46.501 0.8750000000
67907  -18.282  -6.564  49.069 0.8750000000
61770  -2.554  -11.849  49.964 0.8750000000
62861  -3.022  -11.694  49.083 0.8750000000
58360  -2.014  -14.887  55.930 1.0000000000
58361  -2.907  -15.431  55.700 1.0000000000
57415  -1.935  -16.316  50.911 1.0000000000
58411  -2.808  -16.239  49.751 1.0000000000
58487  -3.810  -16.020  45.933 0.8750000000
62900  -12.290  -11.625  47.512 1.0000000000
66922  -18.934  -7.867  49.313 0.8750000000
63066  -31.866  -11.539  35.297 1.0000000000
63067  -32.936  -11.848  34.994 1.0000000000
62894  -3.158  -11.487  47.101 0.8750000000
62916  -2.886  -11.371  46.106 0.8750000000
58372  -3.149  -16.082  54.696 1.0000000000
58373  -4.166  -16.331  54.162 1.0000000000
136323  -2.614  -16.268  50.468 1.0000000000
58490  -6.365  -15.095  45.489 1.0000000000
58507  -7.745  -14.653  44.802 1.0000000000
118532  -10.096  -13.868  44.873 1.0000000000
65978  -19.340  -8.241  48.897 0.8750000000
61973  -33.482  -12.496  34.663 1.0000000000
62936  -2.582  -11.197  45.195 0.8750000000
63999  -2.607  -10.744  43.823 0.8750000000
59622  -8.656  -14.392  44.462 1.0000000000
59623  -9.542  -14.300  44.315 1.0000000000
66935  -19.248  -8.500  48.168 0.8750000000
140489  -31.168  -11.294  34.002 1.0000000000
63079  -31.001  -11.369  34.741 1.0000000000
63065  -30.740  -11.496  35.563 1.0000000000
61990  -33.318  -12.487  33.628 1.0000000000
117286  -33.282  -12.648  32.714 1.0000000000
64020  -3.102  -10.350  43.465 0.8750000000
140591  -5.284  -16.125  50.413 1.0000000000
65986  -17.969  -9.350  47.546 0.8750000000
119728  -30.234  -11.235  34.170 1.0000000000
120864  -29.993  -11.394  34.960 1.0000000000
60907  -33.429  -13.387  32.318 1.0000000000
65063  -2.184  -9.329  42.009 0.8750000000
128050  -0.566  -8.792  41.007 0.8750000000
66037  0.179  -8.386  40.659 0.8750000000
65990  -17.357  -8.857  46.180 0.8750000000
64230  -31.456  -10.923  29.358 0.8750000000
63160  -31.951  -11.371  30.136 0.8750000000
67004  -0.077  -7.670  40.959 0.8750000000
67003  0.841  -7.484  40.492 0.8750000000
65995  -16.888  -8.505  45.297 0.8750000000
63097  -30.541  -11.085  33.442 0.8750000000
63096  -29.585  -11.050  33.504 0.8750000000
140008  -30.916  -10.811  29.727 0.8750000000
64231  -32.012  -10.714  28.785 0.8750000000
63183  -32.716  -10.803  28.785 0.8750000000
60925  -34.701  -14.252  31.196 0.8750000000
66036  1.444  -7.950  39.881 0.8750000000
68019  1.888  -6.077  37.902 0.7500000000
66001  -15.894  -8.303  44.395 0.8750000000
63118  -30.897  -10.988  32.889 0.8750000000
64229  -30.693  -10.624  29.089 0.8750000000
63195  -33.498  -10.950  28.846 1.0000000000
135892  1.444  -6.644  37.222 0.7500000000
67052  -0.084  -7.285  37.294 0.3750000000
66073  -0.498  -7.837  36.743 0.3750000000
66973  -14.545  -7.855  42.786 0.8750000000
64160  -29.141  -10.648  32.031 0.8750000000
65219  -32.812  -9.461  28.452 0.8750000000
65220  -33.619  -9.565  28.640 0.8750000000
64259  -33.938  -10.345  28.721 0.8750000000
64232  -34.700  -10.311  29.134 1.0000000000
67031  -0.499  -6.957  37.892 0.7500000000
124530  -1.530  -8.285  35.489 0.2500000000
66987  -14.097  -7.428  41.250 0.8750000000
67006  -14.015  -7.113  40.378 0.7500000000
64203  -28.491  -10.516  30.459 0.8750000000
66191  -33.322  -8.727  28.745 0.8750000000
65193  -34.097  -8.966  28.981 1.0000000000
65194  -34.721  -9.351  29.305 1.0000000000
124297  -36.457  -14.904  30.947 0.7500000000
129345  -3.185  -8.707  35.890 0.2500000000
67019  -13.610  -7.677  39.816 0.7500000000
64226  -27.420  -10.372  29.544 0.8750000000
140016  -27.772  -10.555  31.030 0.8750000000
130649  -30.102  -9.483  28.122 0.8750000000
67195  -32.048  -7.452  29.115 0.8750000000
66171  -32.893  -7.885  29.052 0.8750000000
135251  -33.438  -7.659  29.778 0.8750000000
66172  -33.780  -8.237  29.380 1.0000000000
66173  -34.553  -8.597  29.659 1.0000000000
67057  -13.537  -7.763  37.803 0.7500000000
64202  -27.563  -10.483  30.284 0.8750000000
128442  -29.765  -7.511  28.347 0.7500000000
120392  -30.591  -7.788  28.310 0.8750000000
67196  -32.689  -7.215  29.909 0.8750000000
66161  -34.248  -7.835  30.374 1.0000000000
59803  -36.808  -15.539  30.197 0.6250000000
66078  -13.539  -8.690  37.416 0.7500000000
64251  -26.322  -9.908  28.557 0.8750000000
117632  -26.782  -10.478  29.969 0.8750000000
68176  -29.827  -6.919  28.916 0.8750000000
67170  -32.906  -6.945  30.997 0.8750000000
67181  -33.428  -7.349  30.432 1.0000000000
67171  -33.747  -7.296  31.180 1.0000000000
118792  -13.896  -8.721  35.689 0.7500000000
66114  -14.148  -8.672  34.510 0.8750000000
64250  -25.431  -10.029  28.704 0.7500000000
138699  -29.566  -6.492  30.755 0.7500000000
68125  -30.522  -6.580  30.303 0.8750000000
68126  -31.263  -6.659  30.412 0.8750000000
68110  -32.182  -6.729  31.373 0.7500000000
67159  -33.890  -7.309  32.105 1.0000000000
119876  -14.470  -9.395  34.748 0.8750000000
64248  -23.648  -10.276  28.799 0.7500000000
116809  -29.319  -6.476  31.253 0.6250000000
68124  -30.061  -6.499  31.028 0.6250000000
118999  -29.837  -6.496  31.904 0.6250000000
68108  -30.611  -6.524  31.634 0.7500000000
68098  -31.831  -6.681  32.056 0.7500000000
68084  -31.323  -6.729  32.852 0.7500000000
67157  -32.273  -6.876  32.736 0.7500000000
122507  -15.316  -9.527  32.673 0.7500000000
65164  -15.856  -9.309  31.014 0.7500000000
65208  -22.121  -9.828  27.894 0.7500000000
65240  -23.694  -9.059  27.621 0.7500000000
68096  -30.498  -6.588  32.458 0.7500000000
67142  -31.185  -6.954  33.632 0.7500000000
67143  -31.885  -7.016  33.507 0.7500000000
65180  -16.531  -9.836  30.598 0.7500000000
64219  -17.569  -10.482  29.593 0.7500000000
65207  -18.696  -10.226  28.082 0.7500000000
64270  -20.555  -9.863  27.670 0.7500000000
65238  -21.836  -9.008  27.424 0.7500000000
68095  -29.668  -6.589  32.809 0.7500000000
68082  -29.586  -6.715  33.586 0.7500000000
67124  -30.767  -7.087  34.203 0.7500000000
64242  -17.926  -10.247  28.656 0.7500000000
65235  -18.946  -9.506  27.592 0.7500000000
66205  -19.247  -8.605  27.294 0.6250000000
56520  0.526  -17.823  50.621 0.8750000000
55540  0.435  -18.404  49.735 0.8750000000
57429  0.054  -17.191  50.064 0.8750000000
56525  0.259  -17.731  49.489 0.8750000000
55546  0.235  -18.205  49.044 0.8750000000
68934  -16.685  -5.355  47.703 0.7500000000
137332  -2.037  -12.611  53.069 0.8750000000
61714  -2.430  -12.814  53.812 1.0000000000
57430  -0.639  -16.772  49.738 0.8750000000
56526  -0.215  -17.234  49.180 0.8750000000
57436  -0.870  -16.794  48.948 0.8750000000
138052  -12.836  -9.520  48.007 1.0000000000
69792  -17.627  -5.054  48.626 0.7500000000
61739  -1.542  -12.300  51.737 0.8750000000
61740  -2.503  -12.349  51.745 0.8750000000
60622  -2.846  -13.324  54.898 1.0000000000
57431  -1.428  -16.504  49.477 0.8750000000
63952  -12.905  -10.253  48.328 1.0000000000
67918  -17.621  -6.087  48.606 0.7500000000
124439  -2.997  -12.033  50.510 0.8750000000
60621  -1.928  -13.358  54.919 1.0000000000
60611  -2.297  -14.046  55.874 1.0000000000
57432  -2.187  -16.359  49.208 0.8750000000
58422  -2.963  -16.224  48.935 0.8750000000
57439  -3.046  -16.254  48.080 1.0000000000
58455  -4.519  -15.817  47.394 1.0000000000
68928  -18.039  -5.660  48.778 0.7500000000
68929  -18.512  -5.047  49.287 0.7500000000
62862  -4.041  -11.747  49.228 0.8750000000
132144  -3.747  -11.628  48.568 0.8750000000
60604  -3.577  -14.805  56.536 1.0000000000
58352  -3.682  -15.398  56.109 1.0000000000
58423  -3.657  -16.167  49.536 1.0000000000
58436  -3.774  -16.133  48.637 0.8750000000
58437  -4.547  -15.957  48.281 1.0000000000
130857  -5.268  -15.574  46.990 1.0000000000
61797  -11.915  -12.153  46.880 1.0000000000
67899  -19.801  -6.294  49.361 0.7500000000
62895  -4.147  -11.389  47.134 0.8750000000
62918  -4.844  -11.008  46.536 0.8750000000
58363  -5.058  -16.168  55.514 1.0000000000
58424  -4.547  -16.067  49.206 1.0000000000
58456  -5.306  -15.717  47.886 1.0000000000
66936  -19.939  -7.789  48.331 0.8750000000
66923  -19.596  -7.732  48.947 0.7500000000
67900  -20.449  -6.199  48.999 0.7500000000
63080  -32.080  -11.493  34.377 1.0000000000
63081  -33.008  -11.906  34.236 1.0000000000
64001  -4.553  -9.935  44.880 0.8750000000
117011  -5.948  -16.505  53.639 1.0000000000
116818  -5.293  -16.381  52.129 1.0000000000
140815  -4.605  -16.352  51.815 1.0000000000
58438  -5.348  -15.860  48.746 1.0000000000
58457  -6.159  -15.476  47.534 1.0000000000
58473  -5.998  -15.310  46.394 1.0000000000
58491  -7.222  -14.893  45.603 1.0000000000
66937  -20.502  -7.079  48.241 0.7500000000
138466  -31.778  -11.373  33.827 1.0000000000
65038  -4.097  -9.308  44.046 0.8750000000
58400  -6.262  -16.193  51.492 1.0000000000
58425  -5.494  -15.991  49.725 1.0000000000
125101  -5.946  -15.653  48.319 1.0000000000
118439  -6.875  -15.222  46.988 1.0000000000
66946  -19.071  -8.195  46.861 0.8750000000
63098  -31.408  -11.230  33.411 1.0000000000
63119  -31.633  -11.217  32.764 0.8750000000
64182  -31.268  -10.942  31.400 0.8750000000
63140  -31.863  -11.332  31.124 0.8750000000
62005  -33.223  -12.387  31.986 1.0000000000
137927  -33.601  -12.907  31.688 1.0000000000
66008  -3.489  -8.635  43.412 0.8750000000
66017  -2.479  -8.297  42.400 0.8750000000
65991  -18.200  -8.486  46.497 0.8750000000
64162  -30.908  -10.795  32.101 0.8750000000
64206  -31.189  -10.965  30.446 0.8750000000
134934  -32.669  -11.674  29.925 0.8750000000
66016  -1.852  -8.061  41.890 0.8750000000
65996  -17.726  -7.991  45.378 0.8750000000
64181  -30.604  -10.744  31.126 0.8750000000
63182  -32.282  -11.197  29.315 0.8750000000
126074  -33.050  -11.396  29.287 1.0000000000
117089  -34.323  -13.174  31.051 0.8750000000
66986  -0.987  -7.880  41.422 0.8750000000
66985  -0.168  -7.007  41.629 0.8750000000
66984  0.623  -6.666  41.118 0.8750000000
67002  1.772  -6.330  39.596 0.8750000000
66957  -16.618  -7.668  44.173 0.8750000000
63117  -30.005  -10.780  32.660 0.8750000000
64161  -29.974  -10.625  31.678 0.8750000000
64205  -30.351  -10.725  30.078 0.8750000000
63196  -34.231  -11.066  29.051 1.0000000000
62041  -34.890  -13.208  30.958 0.8750000000
67977  0.573  -6.308  41.798 0.8750000000
67991  1.207  -6.220  40.528 1.0000000000
139322  1.637  -5.954  39.428 0.8750000000
67051  0.724  -6.413  37.716 0.7500000000
137705  -15.655  -7.408  43.196 0.8750000000
64180  -29.224  -10.590  31.134 0.8750000000
133703  -34.792  -11.095  29.415 1.0000000000
64233  -35.315  -10.739  29.717 1.0000000000
68020  1.306  -5.852  38.362 0.7500000000
67053  -1.117  -7.728  37.441 0.5000000000
66074  -1.707  -8.316  36.863 0.2500000000
66988  -14.922  -7.017  41.703 0.8750000000
67978  -14.748  -6.777  40.849 0.8750000000
64204  -29.443  -10.588  30.189 0.8750000000
64228  -29.769  -10.511  29.117 0.8750000000
65195  -35.313  -9.795  29.715 1.0000000000
64207  -35.877  -10.316  30.290 1.0000000000
117927  -36.037  -14.051  31.454 0.8750000000
67054  -2.078  -7.969  37.629 0.2500000000
66075  -2.624  -8.356  37.264 0.2500000000
67993  -15.505  -6.323  40.383 0.8750000000
67020  -13.982  -6.917  39.549 0.7500000000
64227  -28.123  -10.383  29.550 0.8750000000
137751  -29.204  -10.347  28.868 0.8750000000
64254  -29.495  -9.989  28.418 0.8750000000
134091  -35.144  -9.046  29.844 1.0000000000
66162  -35.725  -9.281  30.488 1.0000000000
59788  -37.436  -15.134  30.712 0.8750000000
67037  -13.817  -6.935  38.073 0.7500000000
65214  -28.074  -9.614  28.273 0.8750000000
65215  -28.902  -9.409  28.117 0.8750000000
65216  -29.590  -9.191  28.025 0.8750000000
125011  -35.090  -8.504  30.391 1.0000000000
125012  -35.643  -8.525  31.172 1.0000000000
65182  -36.390  -9.971  30.982 1.0000000000
67078  -13.796  -7.210  36.515 0.7500000000
66185  -27.556  -9.003  27.878 0.8750000000
125140  -27.684  -7.128  28.120 0.7500000000
68175  -29.115  -6.827  28.714 0.7500000000
67172  -34.553  -7.608  31.526 1.0000000000
66147  -35.439  -7.974  31.912 1.0000000000
66148  -36.263  -9.184  31.368 1.0000000000
59822  -38.476  -14.841  29.175 0.7500000000
67096  -13.895  -7.188  34.860 0.7500000000
120157  -25.709  -7.987  27.556 0.7500000000
65212  -25.725  -9.473  28.133 0.7500000000
140693  -27.469  -6.420  30.116 0.7500000000
68122  -28.168  -6.451  30.257 0.6250000000
68151  -29.445  -6.618  29.499 0.7500000000
67160  -34.760  -7.582  32.639 1.0000000000
67156  -14.413  -7.396  32.153 0.8750000000
66135  -14.494  -8.231  32.650 0.7500000000
67231  -23.879  -7.358  27.528 0.7500000000
65241  -24.550  -9.106  27.738 0.7500000000
68080  -27.981  -6.524  32.701 0.6250000000
134495  -28.876  -6.508  32.156 0.6250000000
67144  -32.799  -7.192  33.505 0.7500000000
116692  -33.569  -7.449  34.058 0.7500000000
67146  -34.471  -7.547  33.703 1.0000000000
66144  -14.740  -8.164  31.718 0.7500000000
67169  -15.028  -8.268  30.992 0.7500000000
66209  -23.300  -8.210  27.396 0.7500000000
132220  -27.125  -6.587  33.239 0.5000000000
131291  -27.926  -6.625  33.509 0.6250000000
67125  -31.529  -7.188  34.180 0.7500000000
133418  -32.189  -7.247  34.088 0.7500000000
116815  -33.427  -7.520  34.939 0.7500000000
137685  -15.938  -8.695  29.532 0.6250000000
123220  -16.550  -9.490  29.720 0.7500000000
65206  -17.377  -9.478  28.384 0.7500000000
65237  -20.874  -8.952  27.371 0.7500000000
66207  -21.517  -8.209  27.335 0.7500000000
68069  -28.284  -6.755  34.161 0.7500000000
68070  -29.109  -6.795  34.197 0.6250000000
116168  -30.333  -7.253  34.925 0.7500000000
116591  -31.184  -7.289  34.895 0.7500000000
67105  -31.668  -7.441  35.542 0.7500000000
67106  -32.591  -7.483  35.425 0.7500000000
67126  -32.760  -7.377  34.469 0.7500000000
67192  -15.774  -8.082  28.919 0.6250000000
66183  -16.314  -8.442  28.570 0.6250000000
66203  -17.399  -8.315  27.569 0.6250000000
135281  -20.819  -8.089  27.314 0.7500000000
67102  -28.945  -7.325  35.722 0.6250000000
67123  -29.465  -7.138  34.928 0.7500000000
67103  -29.871  -7.356  35.683 0.7500000000
67104  -30.788  -7.426  35.728 0.7500000000
132243  -30.273  -7.496  36.416 0.6250000000
121605  -14.055  -7.642  47.964 1.0000000000
67929  -15.792  -6.049  47.339 0.8750000000
70689  -17.600  -4.524  49.071 0.7500000000
61726  -2.680  -12.573  52.675 0.8750000000
61715  -3.521  -12.777  53.425 1.0000000000
60623  -3.928  -13.302  54.998 1.0000000000
118623  -12.161  -9.778  47.537 1.0000000000
61741  -4.518  -12.356  51.372 1.0000000000
61727  -4.512  -12.581  52.343 1.0000000000
60612  -3.132  -14.060  56.001 1.0000000000
62899  -11.540  -11.220  46.879 1.0000000000
69793  -18.427  -4.261  50.040 0.7500000000
61756  -4.408  -11.947  49.996 1.0000000000
140661  -3.836  -14.081  56.220 1.0000000000
62921  -11.021  -11.631  46.372 1.0000000000
68921  -19.655  -5.398  49.695 0.7500000000
69786  -20.257  -4.685  50.232 0.7500000000
62863  -5.002  -11.714  49.295 0.8750000000
62875  -4.588  -11.584  48.521 0.8750000000
59506  -4.191  -15.295  56.490 1.0000000000
58353  -4.424  -15.701  56.188 1.0000000000
68922  -20.479  -5.356  49.582 0.7500000000
117166  -5.835  -10.688  47.953 1.0000000000
63973  -5.343  -10.215  46.399 0.8750000000
135820  -5.734  -16.425  54.596 1.0000000000
137882  -10.124  -13.272  45.390 1.0000000000
68923  -21.107  -5.274  49.290 0.7500000000
132843  -32.432  -11.617  33.465 1.0000000000
63120  -33.025  -11.992  32.729 1.0000000000
124770  -5.001  -10.085  45.675 0.8750000000
65039  -4.587  -9.073  44.783 0.8750000000
58401  -7.040  -16.191  52.138 1.0000000000
58474  -6.840  -15.122  46.207 1.0000000000
59607  -7.849  -14.615  45.693 1.0000000000
59608  -8.416  -14.319  45.276 1.0000000000
59609  -9.156  -14.049  44.995 1.0000000000
67931  -19.508  -7.315  46.239 0.7500000000
68944  -21.118  -5.971  47.240 0.7500000000
65992  -4.224  -8.376  44.558 0.8750000000
119345  -5.963  -16.072  50.541 1.0000000000
120121  -6.204  -15.708  49.038 1.0000000000
58439  -6.663  -15.487  48.362 1.0000000000
58458  -6.959  -15.307  47.751 1.0000000000
59591  -7.536  -14.820  46.491 1.0000000000
122382  -31.785  -11.205  31.994 0.8750000000
125051  -3.152  -7.683  43.834 0.8750000000
116384  -2.007  -7.542  42.629 0.8750000000
67939  -18.341  -7.041  44.909 0.7500000000
63161  -32.513  -11.763  30.765 0.8750000000
62039  -33.402  -11.903  29.894 1.0000000000
62006  -33.821  -13.080  31.299 1.0000000000
66958  -17.515  -7.316  44.475 0.7500000000
120000  -1.082  -7.224  42.129 0.8750000000
67966  -16.632  -6.423  42.397 0.8750000000
137748  -16.713  -6.673  43.061 0.8750000000
62052  -33.814  -11.557  29.405 1.0000000000
63184  -34.526  -11.631  29.654 1.0000000000
62042  -35.428  -13.143  31.171 0.8750000000
68993  0.892  -5.393  40.928 1.0000000000
123271  1.310  -5.642  39.088 1.0000000000
67980  -16.496  -6.216  41.580 0.8750000000
62043  -36.159  -13.143  31.638 1.0000000000
68003  1.297  -5.648  39.945 1.0000000000
126204  0.449  -5.384  39.293 1.0000000000
130315  -0.909  -6.615  38.364 0.5000000000
67032  -1.497  -7.343  38.035 0.3750000000
63185  -35.145  -11.556  29.930 1.0000000000
63162  -35.768  -11.289  30.367 1.0000000000
60927  -36.870  -14.400  31.488 0.8750000000
60916  -37.224  -13.784  31.941 1.0000000000
122602  -3.117  -7.552  38.295 0.3750000000
66057  -2.937  -8.027  37.814 0.2500000000
67992  -14.657  -6.587  40.023 0.7500000000
67210  -26.848  -6.911  28.112 0.6250000000
62024  -37.629  -13.256  32.356 1.0000000000
62007  -38.084  -12.851  32.899 1.0000000000
68010  -14.629  -6.472  39.332 0.7500000000
135260  -14.382  -6.393  38.191 0.7500000000
68148  -26.453  -6.488  28.759 0.6250000000
65166  -36.720  -9.747  31.613 1.0000000000
65153  -36.810  -9.231  32.176 1.0000000000
60928  -37.976  -14.661  31.292 0.8750000000
59789  -38.417  -14.958  30.248 0.8750000000
60918  -39.449  -13.749  31.214 0.8750000000
68038  -14.925  -5.934  37.827 0.7500000000
67058  -13.762  -7.126  37.288 0.7500000000
67233  -26.310  -7.421  27.729 0.7500000000
68121  -26.758  -6.384  30.413 0.6250000000
121553  -36.152  -8.569  31.949 1.0000000000
66137  -37.250  -9.089  33.012 1.0000000000
60938  -39.084  -14.280  29.653 0.7500000000
62044  -39.996  -13.051  30.659 0.8750000000
63165  -40.265  -12.514  30.968 0.8750000000
69063  -14.716  -5.750  36.070 0.7500000000
126280  -13.854  -7.188  35.705 0.7500000000
68198  -26.043  -6.778  28.062 0.6250000000
121831  -25.571  -7.213  27.691 0.7500000000
66184  -26.455  -8.265  27.644 0.7500000000
134129  -27.830  -6.480  29.402 0.7500000000
134359  -26.766  -6.392  31.317 0.6250000000
139125  -35.576  -7.889  32.758 1.0000000000
67129  -35.993  -7.912  34.272 1.0000000000
62056  -39.738  -12.663  29.766 0.7500000000
138929  -40.323  -11.815  30.703 1.0000000000
63187  -40.025  -11.219  30.085 0.8750000000
67115  -13.988  -7.298  34.016 0.6250000000
68197  -25.260  -6.705  27.955 0.6250000000
139695  -25.098  -7.046  27.664 0.6250000000
68094  -27.168  -6.453  32.114 0.5000000000
67128  -35.063  -7.682  34.358 0.8750000000
132738  -35.441  -7.838  34.889 1.0000000000
62062  -39.036  -12.354  28.413 0.5000000000
63198  -39.175  -11.457  28.901 0.7500000000
127348  -39.436  -10.631  29.425 0.8750000000
68102  -14.333  -6.538  31.857 0.6250000000
67168  -14.724  -7.729  31.090 0.7500000000
67127  -34.210  -7.590  34.604 0.7500000000
136350  -34.003  -7.634  35.299 0.7500000000
65183  -39.895  -9.381  30.496 0.8750000000
67179  -15.016  -7.938  30.301 0.6250000000
68194  -22.370  -6.931  27.737 0.7500000000
67121  -27.807  -7.019  34.883 0.5000000000
123216  -28.160  -7.303  35.598 0.5000000000
67107  -33.439  -7.598  35.760 0.7500000000
66175  -39.458  -8.812  30.087 0.8750000000
67208  -15.453  -7.414  28.828 0.6250000000
66202  -16.662  -8.033  27.854 0.6250000000
67225  -17.995  -7.737  27.193 0.6250000000
67226  -19.495  -7.678  27.231 0.6250000000
67228  -21.169  -7.465  27.428 0.7500000000
67085  -29.438  -7.473  36.465 0.5000000000
138005  -30.817  -7.537  36.370 0.7500000000
117802  -31.359  -7.549  36.305 0.7500000000
117801  -32.071  -7.536  36.132 0.7500000000
67087  -31.939  -7.680  37.035 0.7500000000
66174  -39.142  -8.395  29.797 0.8750000000
67223  -16.411  -7.336  27.764 0.6250000000
67224  -17.124  -7.386  27.405 0.6250000000
130219  -18.709  -7.061  27.149 0.6250000000
123747  -29.853  -7.589  37.241 0.6250000000
67086  -30.823  -7.652  37.067 0.7500000000
67065  -31.251  -7.802  38.100 0.7500000000
67182  -39.494  -8.139  30.453 0.8750000000
68155  -39.038  -7.077  30.260 0.6250000000
69973  -40.094  -4.994  33.114 1.0000000000
69966  -40.496  -4.426  33.823 1.0000000000
70848  -40.759  -3.582  34.313 1.0000000000
71762  -40.650  -2.824  34.181 0.8750000000
69098  -39.150  -6.286  30.927 0.8750000000
129753  -39.358  -5.756  31.603 0.8750000000
69972  -39.612  -4.460  32.656 0.8750000000
70847  -40.358  -3.582  33.762 0.8750000000
71778  -40.097  -2.768  33.564 0.7500000000
69978  -38.560  -4.397  31.390 0.6250000000
131211  -39.055  -4.177  32.062 0.7500000000
70859  -39.814  -3.563  33.164 0.8750000000
72670  -40.458  -2.026  33.924 0.7500000000
72654  -40.771  -1.333  34.348 0.8750000000
140486  -41.077  -0.741  34.623 0.6250000000
71777  -39.435  -2.664  32.882 0.7500000000
72687  -39.785  -1.867  33.225 0.6250000000
72669  -40.203  -1.161  33.611 0.6250000000
73543  -40.619  -0.499  34.022 0.6250000000
73561  -39.539  -0.882  32.787 0.6250000000
73562  -40.058  -0.205  33.191 0.6250000000
74456  -39.536  0.065  32.154 0.5000000000
74430  -40.701  0.369  33.591 0.7500000000
74457  -40.142  0.798  31.618 0.6250000000
66932  -13.121  -7.859  47.278 0.8750000000
66945  -14.501  -6.972  47.324 0.8750000000
67928  -14.934  -6.211  46.711 0.8750000000
68942  -15.436  -5.443  46.673 0.7500000000
65010  -12.371  -9.079  47.545 1.0000000000
65983  -12.740  -8.446  47.454 1.0000000000
68943  -16.075  -5.390  47.225 0.7500000000
69801  -16.845  -4.680  48.106 0.6250000000
61718  -6.208  -12.211  53.672 1.0000000000
60624  -5.062  -12.906  54.564 1.0000000000
60614  -5.546  -13.053  55.367 1.0000000000
61728  -5.375  -12.424  52.498 1.0000000000
61716  -4.723  -12.750  53.483 1.0000000000
60613  -4.617  -13.677  55.889 1.0000000000
60606  -5.240  -14.036  56.656 1.0000000000
63964  -12.065  -10.635  47.413 1.0000000000
69779  -19.571  -4.175  50.731 0.6250000000
62844  -5.772  -11.752  50.853 1.0000000000
60605  -4.382  -14.805  56.775 1.0000000000
135296  -5.234  -15.026  57.119 1.0000000000
136803  -10.576  -12.025  46.081 1.0000000000
69780  -20.588  -4.051  50.858 0.7500000000
62864  -5.773  -11.366  49.420 1.0000000000
62876  -5.432  -11.333  48.573 0.8750000000
58354  -5.146  -15.632  56.589 1.0000000000
60700  -10.535  -12.718  45.756 1.0000000000
61816  -11.264  -12.423  46.179 1.0000000000
69794  -21.714  -4.743  48.727 0.7500000000
69788  -21.494  -4.745  49.439 0.7500000000
64992  -6.282  -9.556  49.411 1.0000000000
63960  -5.444  -10.722  47.097 0.8750000000
58355  -6.634  -16.122  56.375 1.0000000000
58365  -7.168  -16.325  54.943 1.0000000000
60717  -9.393  -13.499  45.393 1.0000000000
124789  -21.029  -5.300  46.695 0.7500000000
68936  -21.328  -5.862  48.220 0.7500000000
65971  -5.579  -8.529  48.416 1.0000000000
65019  -5.435  -9.277  46.618 1.0000000000
65027  -4.936  -9.296  45.410 0.8750000000
58375  -7.570  -16.197  53.730 1.0000000000
58402  -7.701  -15.716  51.790 1.0000000000
139457  -20.557  -5.875  46.243 0.7500000000
67932  -20.209  -6.885  46.655 0.7500000000
136391  -32.350  -11.562  32.587 1.0000000000
63141  -32.608  -11.748  31.796 1.0000000000
65988  -5.069  -8.758  46.049 0.8750000000
65993  -4.573  -8.341  45.388 0.8750000000
58415  -6.848  -15.937  50.711 1.0000000000
58426  -6.539  -15.819  49.881 1.0000000000
58440  -7.129  -15.437  49.190 1.0000000000
59559  -7.333  -15.144  48.344 1.0000000000
59573  -7.455  -14.935  47.506 1.0000000000
59592  -8.291  -14.226  46.148 1.0000000000
67949  -18.806  -6.084  44.615 0.7500000000
62022  -33.172  -12.303  31.143 1.0000000000
66956  -3.680  -7.816  44.433 0.8750000000
67958  -18.545  -5.518  44.017 0.7500000000
140015  -33.044  -12.045  30.421 1.0000000000
62040  -33.672  -12.447  30.621 1.0000000000
67946  -1.711  -6.838  44.853 1.0000000000
66955  -2.919  -7.310  44.859 0.8750000000
66962  -2.173  -7.280  43.427 0.8750000000
67957  -18.093  -5.482  43.369 0.7500000000
62053  -34.254  -12.263  30.229 1.0000000000
67922  -0.923  -6.632  46.190 1.0000000000
67934  -0.875  -6.548  45.456 1.0000000000
129090  -0.668  -6.435  44.733 0.8750000000
67954  -0.937  -6.781  43.058 0.8750000000
66972  0.114  -6.379  42.427 0.8750000000
68968  -17.211  -5.751  42.013 0.7500000000
67956  -17.413  -6.089  42.889 0.7500000000
62054  -34.983  -12.289  30.351 0.8750000000
68938  0.380  -5.620  46.499 1.0000000000
67933  0.123  -5.994  45.158 1.0000000000
137441  -0.338  -6.350  43.660 0.8750000000
67963  0.769  -5.840  42.141 0.8750000000
124875  -35.575  -12.170  30.689 1.0000000000
67964  0.255  -5.819  43.297 0.8750000000
68966  0.816  -5.380  42.337 1.0000000000
68979  0.627  -4.937  41.441 1.0000000000
135902  -0.325  -5.173  39.522 1.0000000000
68022  -1.757  -6.756  38.536 0.5000000000
67033  -2.379  -7.500  38.192 0.3750000000
69001  -16.936  -5.386  40.343 0.8750000000
67994  -16.379  -6.033  40.735 0.8750000000
63163  -36.189  -11.947  31.133 1.0000000000
62023  -36.729  -12.680  32.000 1.0000000000
63143  -37.257  -12.289  32.442 1.0000000000
69803  0.424  -4.638  46.299 1.0000000000
68945  0.488  -5.340  45.684 1.0000000000
68954  0.541  -5.141  44.841 1.0000000000
68960  0.521  -4.884  43.882 1.0000000000
69844  -0.002  -4.328  42.295 1.0000000000
130723  -0.532  -4.828  40.095 1.0000000000
69017  -1.307  -5.304  39.502 0.7500000000
68005  -2.044  -6.030  39.023 0.5000000000
66058  -3.724  -7.889  38.007 0.3750000000
68012  -16.214  -5.825  39.919 0.8750000000
69024  -16.017  -5.652  39.078 0.8750000000
64208  -36.350  -10.949  30.956 1.0000000000
63142  -36.728  -11.631  31.725 1.0000000000
124087  -37.158  -11.416  32.275 1.0000000000
62025  -38.824  -13.561  32.259 1.0000000000
69811  0.247  -4.456  45.449 1.0000000000
69822  0.071  -4.296  44.619 1.0000000000
69832  -0.051  -4.291  43.130 1.0000000000
69859  -1.025  -4.032  41.640 0.8750000000
68995  -1.607  -4.808  40.141 0.8750000000
69018  -2.367  -5.428  39.645 0.5000000000
68006  -3.082  -6.210  39.196 0.3750000000
68024  -3.705  -7.074  38.657 0.3750000000
69040  -15.768  -5.477  38.208 0.7500000000
64183  -36.855  -10.608  31.684 1.0000000000
65167  -37.101  -9.976  32.063 1.0000000000
64163  -37.799  -10.807  33.223 1.0000000000
64164  -38.284  -11.619  33.605 1.0000000000
63122  -38.786  -12.448  33.413 1.0000000000
62026  -40.000  -13.166  31.731 1.0000000000
69823  -0.852  -3.706  44.558 0.8750000000
69833  -0.835  -3.785  43.249 0.8750000000
69054  -14.710  -5.970  36.929 0.7500000000
68173  -25.700  -6.496  28.502 0.6250000000
133022  -25.281  -6.333  30.107 0.6250000000
68120  -25.941  -6.356  30.241 0.6250000000
68093  -26.182  -6.414  31.911 0.5000000000
118013  -36.939  -8.589  33.335 1.0000000000
66127  -37.490  -9.075  33.894 1.0000000000
65140  -37.751  -9.850  33.511 1.0000000000
62009  -40.064  -12.708  32.633 1.0000000000
69812  -0.420  -3.844  45.287 0.8750000000
68056  -14.212  -6.269  35.378 0.7500000000
68147  -25.653  -6.335  29.305 0.6250000000
68119  -24.662  -6.386  30.538 0.5000000000
68092  -25.138  -6.507  32.006 0.5000000000
119356  -25.744  -6.562  32.741 0.5000000000
66126  -36.821  -8.373  34.003 1.0000000000
66115  -36.687  -8.314  34.825 1.0000000000
64209  -40.446  -11.067  30.779 1.0000000000
123969  -14.283  -5.828  34.050 0.6250000000
68172  -25.033  -6.408  28.595 0.6250000000
68171  -24.154  -6.436  28.643 0.6250000000
68118  -23.897  -6.431  30.232 0.6250000000
119435  -24.987  -6.718  32.942 0.5000000000
68079  -26.197  -6.643  33.406 0.5000000000
67120  -26.094  -7.212  34.832 0.3750000000
67109  -34.748  -7.752  35.227 0.8750000000
118325  -34.974  -7.954  36.005 0.8750000000
64185  -40.887  -11.104  31.584 1.0000000000
121938  -40.484  -10.121  30.962 1.0000000000
68088  -14.222  -6.579  32.713 0.5000000000
126009  -23.280  -6.393  28.952 0.6250000000
133603  -23.095  -6.466  29.893 0.6250000000
68068  -26.612  -6.811  34.106 0.5000000000
125237  -26.961  -7.092  34.864 0.5000000000
67090  -34.466  -7.954  36.710 0.7500000000
65168  -40.453  -9.189  31.356 0.8750000000
68114  -14.409  -6.363  30.946 0.5000000000
133831  -21.899  -6.646  28.030 0.6250000000
68143  -21.401  -6.507  29.874 0.6250000000
125289  -32.959  -7.787  37.282 0.7500000000
66163  -39.871  -8.645  30.812 0.8750000000
66149  -40.197  -8.367  31.471 1.0000000000
67191  -14.910  -7.152  29.631 0.6250000000
68165  -15.786  -6.828  28.043 0.6250000000
68189  -15.985  -5.859  27.648 0.6250000000
135874  -19.691  -6.734  27.545 0.6250000000
68192  -20.699  -6.865  27.678 0.7500000000
67083  -27.830  -7.549  36.473 0.3750000000
122916  -29.004  -7.582  37.298 0.5000000000
67066  -32.277  -7.912  38.096 0.7500000000
67173  -40.043  -7.718  31.632 1.0000000000
68099  -40.194  -6.557  32.604 1.0000000000
68190  -16.537  -6.674  27.527 0.6250000000
131090  -17.800  -6.908  27.154 0.6250000000
68166  -18.854  -6.182  27.548 0.6250000000
67064  -30.207  -7.720  38.170 0.3750000000
67042  -30.519  -7.831  39.331 0.6250000000
68129  -39.674  -7.595  31.098 1.0000000000
68111  -39.881  -6.963  31.776 1.0000000000
69088  -40.473  -6.156  33.314 1.0000000000
67022  -29.841  -7.516  40.096 0.5000000000
122117  -39.354  -7.536  30.542 0.8750000000
69092  -39.871  -6.269  32.227 1.0000000000
69082  -40.466  -5.368  33.547 1.0000000000
71763  -41.063  -2.847  34.710 0.8750000000
71745  -41.318  -2.891  35.082 0.8750000000
72671  -40.962  -2.111  34.588 0.8750000000
72655  -41.228  -1.390  34.900 0.7500000000
73531  -41.143  0.009  34.427 0.7500000000
74428  -34.757  0.618  32.605 0.3750000000
75510  -40.814  1.272  32.159 0.6250000000
65981  -11.184  -8.264  47.284 1.0000000000
66931  -12.090  -8.008  46.877 1.0000000000
66944  -13.592  -7.270  46.862 1.0000000000
65008  -10.751  -8.788  47.647 1.0000000000
70688  -16.745  -4.019  49.048 0.6250000000
121333  -17.476  -4.072  49.756 0.6250000000
61709  -5.795  -12.624  54.273 1.0000000000
63962  -10.401  -10.297  47.296 1.0000000000
63963  -11.279  -9.957  47.288 1.0000000000
70672  -18.686  -3.692  51.320 0.6250000000
61729  -6.023  -12.110  52.687 1.0000000000
61706  -6.794  -12.577  56.155 1.0000000000
60615  -6.185  -13.132  56.095 1.0000000000
62898  -10.618  -10.970  46.731 1.0000000000
130045  -11.157  -10.551  46.989 1.0000000000
70674  -20.806  -3.349  51.168 0.6250000000
62845  -6.345  -11.423  52.153 1.0000000000
61703  -6.820  -13.309  56.982 1.0000000000
60607  -6.108  -14.436  57.193 1.0000000000
61815  -9.904  -12.119  46.081 1.0000000000
71591  -21.192  -3.276  50.391 0.7500000000
63929  -6.475  -10.548  51.684 1.0000000000
61832  -9.652  -12.830  45.769 1.0000000000
70699  -21.473  -3.904  48.233 0.7500000000
70690  -21.610  -4.271  49.227 0.6250000000
65960  -6.197  -9.001  50.701 1.0000000000
64985  -6.117  -8.921  50.018 1.0000000000
58351  -7.134  -15.723  57.118 1.0000000000
137091  -7.645  -16.153  55.581 1.0000000000
60699  -8.886  -13.338  46.102 1.0000000000
69810  -21.044  -4.349  46.879 0.7500000000
117550  -21.388  -5.280  47.552 0.7500000000
65966  -5.139  -7.994  49.273 1.0000000000
65980  -5.592  -8.909  47.428 1.0000000000
130285  -8.081  -15.330  51.808 1.0000000000
59532  -7.988  -15.222  51.293 1.0000000000
59574  -7.991  -14.391  47.131 1.0000000000
60716  -8.814  -13.894  45.574 1.0000000000
128770  -20.045  -5.220  45.527 0.7500000000
66915  -3.668  -7.448  48.773 1.0000000000
65979  -5.106  -8.374  46.816 1.0000000000
66928  -4.382  -7.706  47.040 1.0000000000
128954  -7.140  -15.988  51.390 1.0000000000
59540  -7.856  -15.127  50.488 1.0000000000
59548  -7.733  -15.080  49.652 1.0000000000
68955  -19.014  -5.155  44.405 0.7500000000
66907  -1.350  -7.283  49.263 1.0000000000
130778  -2.772  -7.339  48.115 1.0000000000
66927  -3.369  -7.405  47.225 1.0000000000
66941  -4.606  -7.974  46.227 1.0000000000
68970  -18.227  -4.617  43.002 0.7500000000
68961  -18.591  -4.821  43.741 0.7500000000
67903  -0.937  -7.055  48.507 1.0000000000
66925  -1.631  -7.113  47.841 1.0000000000
138107  -2.148  -7.124  46.666 1.0000000000
66948  -3.306  -7.376  45.768 1.0000000000
68969  -17.832  -5.218  42.473 0.7500000000
67901  0.314  -6.080  48.193 1.0000000000
67911  -0.502  -6.644  47.689 1.0000000000
67923  -2.020  -7.010  45.915 1.0000000000
68982  -17.687  -5.042  41.617 0.7500000000
67910  0.302  -5.912  47.331 1.0000000000
116337  -0.324  -6.383  46.755 1.0000000000
128184  -17.105  -5.593  41.145 0.8750000000
126630  0.644  -4.588  48.489 1.0000000000
68931  0.625  -5.321  47.914 1.0000000000
69025  -16.755  -5.153  39.519 0.8750000000
69888  -16.998  -4.365  39.235 0.8750000000
69795  0.538  -4.593  47.657 1.0000000000
68937  0.590  -4.999  47.088 1.0000000000
69789  0.269  -4.139  47.912 0.8750000000
69796  0.112  -4.196  47.112 1.0000000000
69845  -0.857  -3.857  42.553 0.8750000000
69860  -2.237  -4.130  41.611 0.8750000000
68996  -2.631  -4.915  40.326 0.7500000000
69019  -3.432  -5.539  39.901 0.5000000000
68007  -4.052  -6.256  39.313 0.3750000000
69055  -15.557  -5.380  37.344 0.7500000000
65141  -38.171  -10.058  34.344 1.0000000000
63099  -39.204  -11.804  34.054 1.0000000000
63100  -40.095  -12.233  33.382 1.0000000000
69804  -0.254  -3.905  46.183 0.8750000000
69824  -1.422  -3.653  43.821 0.8750000000
126058  -1.707  -3.873  42.194 0.8750000000
69072  -15.297  -5.149  35.840 0.7500000000
68051  -24.177  -7.207  37.306 0.3750000000
138570  -23.669  -6.145  38.065 0.3750000000
66116  -37.300  -8.741  34.562 1.0000000000
65130  -37.920  -9.460  34.913 1.0000000000
64146  -40.093  -11.426  34.513 1.0000000000
139395  -40.306  -11.817  33.937 1.0000000000
63144  -40.565  -12.137  31.541 1.0000000000
139865  -14.762  -5.546  35.431 0.7500000000
69076  -14.805  -5.017  34.150 0.6250000000
68090  -23.276  -7.107  32.564 0.3750000000
67118  -24.288  -7.333  34.666 0.3750000000
67080  -24.234  -7.433  36.560 0.3750000000
68052  -24.943  -7.517  36.993 0.3750000000
121463  -35.760  -8.135  35.951 1.0000000000
66105  -36.528  -8.370  35.686 1.0000000000
128364  -37.721  -9.238  36.357 1.0000000000
64147  -41.034  -11.292  34.111 1.0000000000
64165  -41.119  -11.556  33.235 1.0000000000
70701  -1.007  -3.618  45.822 0.8750000000
69080  -14.330  -5.671  33.233 0.5000000000
130696  -14.465  -5.226  32.588 0.5000000000
68105  -22.210  -7.005  31.525 0.6250000000
68066  -25.019  -7.052  34.162 0.3750000000
67119  -25.202  -7.281  34.813 0.3750000000
67099  -25.482  -7.452  35.583 0.3750000000
67068  -34.787  -8.237  37.539 0.8750000000
66093  -36.301  -8.536  36.689 1.0000000000
66094  -37.239  -9.065  37.085 1.0000000000
64166  -41.377  -10.396  32.657 1.0000000000
65156  -41.007  -9.390  32.282 1.0000000000
133718  -14.325  -5.874  31.580 0.5000000000
69085  -14.418  -5.227  31.847 0.5000000000
68104  -21.267  -6.835  31.473 0.6250000000
68103  -20.805  -6.484  31.833 0.6250000000
67082  -26.709  -7.611  36.708 0.3750000000
67060  -26.567  -7.476  37.814 0.3750000000
67067  -33.875  -8.015  37.450 0.7500000000
67044  -34.208  -8.376  38.473 0.7500000000
66060  -35.181  -8.576  38.355 0.7500000000
66150  -40.592  -8.681  32.029 1.0000000000
67149  -41.119  -8.065  33.721 1.0000000000
69094  -14.481  -5.865  30.159 0.5000000000
69108  -14.651  -5.458  29.457 0.5000000000
119436  -20.813  -6.336  29.240 0.6250000000
116255  -20.759  -6.322  30.319 0.6250000000
68115  -20.740  -6.437  31.128 0.6250000000
67101  -27.321  -7.376  35.673 0.3750000000
135089  -27.379  -7.590  37.447 0.3750000000
120681  -32.599  -8.240  39.018 0.7500000000
67043  -33.225  -8.090  38.201 0.7500000000
66049  -34.084  -8.646  39.800 0.7500000000
67163  -40.684  -7.721  33.050 1.0000000000
119045  -40.894  -7.392  33.695 1.0000000000
130313  -14.710  -6.241  29.461 0.5000000000
69109  -14.943  -5.779  28.766 0.5000000000
69134  -16.614  -5.222  27.444 0.6250000000
68167  -19.477  -5.868  28.279 0.6250000000
140642  -19.918  -5.926  28.907 0.6250000000
68142  -20.264  -6.005  29.606 0.6250000000
67062  -28.610  -7.601  37.986 0.3750000000
118075  -31.631  -8.086  39.085 0.7500000000
67023  -31.117  -8.001  40.152 0.7500000000
116620  -32.490  -8.389  40.909 0.7500000000
68100  -40.582  -6.906  33.242 1.0000000000
68085  -40.915  -6.766  33.932 1.0000000000
69135  -17.428  -5.450  27.401 0.6250000000
68191  -17.605  -6.195  27.280 0.6250000000
69124  -18.713  -5.389  27.955 0.6250000000
70014  -19.178  -5.040  28.702 0.6250000000
67041  -29.410  -7.519  39.262 0.3750000000
134103  -30.348  -7.676  40.371 0.6250000000
116703  -31.565  -8.072  41.040 0.7500000000
121939  -41.165  -5.480  34.598 1.0000000000
69959  -41.157  -4.598  34.708 1.0000000000
70836  -41.398  -4.251  35.106 0.8750000000
67995  -29.749  -6.659  40.862 0.3750000000
67996  -30.219  -6.743  41.566 0.6250000000
69967  -40.803  -4.996  34.202 1.0000000000
70835  -41.163  -3.654  34.809 1.0000000000
70819  -41.421  -3.400  35.272 0.8750000000
71734  -41.500  -2.598  35.526 0.7500000000
116552  -41.312  -2.148  35.110 0.8750000000
72644  -41.432  -1.324  35.351 0.7500000000
72653  -36.592  -1.550  34.704 0.3750000000
73532  -41.456  -0.457  35.084 0.7500000000
74410  -41.847  0.389  35.686 0.7500000000
122371  -36.790  -0.354  34.700 0.3750000000
74420  -41.783  0.500  34.796 0.7500000000
127690  -35.667  -0.754  33.639 0.3750000000
73530  -36.057  -0.197  33.972 0.3750000000
122135  -36.365  0.461  34.264 0.3750000000
75499  -42.809  1.765  34.203 0.7500000000
74418  -35.860  0.652  33.752 0.3750000000
74419  -36.303  1.240  34.196 0.3750000000
74431  -41.498  0.746  33.951 0.7500000000
75498  -41.915  1.379  33.539 0.6250000000
74429  -35.297  0.711  33.168 0.3750000000
75497  -41.010  1.101  33.118 0.6250000000
75511  -41.584  1.628  32.639 0.6250000000
76444  -42.227  2.108  32.236 0.6250000000
74439  -34.246  0.601  32.028 0.2500000000
75496  -35.058  1.348  32.822 0.3750000000
75509  -35.305  1.998  32.951 0.2500000000
75527  -41.451  1.746  31.727 0.7500000000
124743  -42.289  1.949  30.749 0.7500000000
76459  -42.116  2.084  31.462 0.7500000000
75508  -34.745  1.754  32.376 0.2500000000
67912  -9.839  -6.260  46.948 0.8750000000
67905  -9.902  -6.904  47.896 0.8750000000
122608  -10.623  -6.451  46.296 0.8750000000
67913  -10.569  -6.954  47.033 0.8750000000
67914  -11.253  -6.999  46.395 0.8750000000
66942  -11.834  -7.411  46.471 0.8750000000
66929  -10.528  -7.556  47.575 0.8750000000
66943  -12.608  -7.397  46.529 0.8750000000
67927  -14.046  -6.575  46.325 0.8750000000
66917  -9.570  -6.994  48.947 0.8750000000
66911  -9.685  -7.523  49.491 0.8750000000
66918  -9.964  -7.538  48.468 0.8750000000
65972  -10.396  -8.180  47.950 1.0000000000
67938  -14.356  -5.924  45.945 0.8750000000
68941  -14.812  -5.481  46.137 0.7500000000
69808  -15.715  -4.773  46.978 0.7500000000
69799  -16.017  -4.395  47.539 0.7500000000
140640  -6.577  -12.081  54.374 1.0000000000
65967  -9.711  -8.144  49.949 0.8750000000
64994  -9.710  -8.798  49.279 1.0000000000
65002  -10.137  -8.908  48.248 1.0000000000
63951  -9.948  -9.771  48.008 1.0000000000
119502  -16.267  -4.078  48.143 0.6250000000
130999  -6.394  -11.691  52.970 1.0000000000
62831  -6.673  -11.399  53.754 1.0000000000
126702  -6.659  -12.322  55.242 1.0000000000
64993  -9.518  -9.481  49.577 1.0000000000
63950  -9.415  -10.138  48.810 1.0000000000
63961  -9.614  -10.507  47.769 1.0000000000
62897  -9.835  -10.964  46.955 1.0000000000
71590  -20.709  -2.476  50.816 0.6250000000
71603  -20.748  -2.394  49.569 0.6250000000
63919  -6.664  -10.437  53.491 1.0000000000
63917  -6.793  -10.554  54.474 1.0000000000
62826  -7.055  -11.751  55.868 1.0000000000
126850  -7.403  -12.712  57.105 1.0000000000
62865  -8.720  -11.835  49.585 1.0000000000
61782  -8.717  -11.961  48.034 1.0000000000
62919  -9.453  -11.670  46.675 1.0000000000
72521  -19.022  -1.192  48.773 0.6250000000
72539  -18.487  -1.677  46.819 0.6250000000
72538  -17.636  -1.478  46.546 0.6250000000
63923  -6.564  -10.213  52.599 1.0000000000
61700  -7.694  -12.505  57.339 1.0000000000
60601  -6.847  -14.155  57.501 1.0000000000
61758  -8.675  -12.443  50.382 1.0000000000
62877  -8.598  -12.272  48.828 1.0000000000
61814  -9.186  -12.446  46.401 1.0000000000
70698  -20.703  -3.186  47.249 0.7500000000
71616  -20.854  -2.821  48.385 0.6250000000
71614  -19.327  -1.937  47.153 0.6250000000
72549  -17.459  -1.805  45.677 0.6250000000
65955  -5.501  -8.509  51.908 1.0000000000
126703  -5.621  -8.446  50.969 1.0000000000
61704  -7.329  -13.436  57.411 1.0000000000
60602  -7.465  -14.253  57.638 1.0000000000
58357  -8.172  -15.688  56.682 1.0000000000
122850  -8.472  -13.192  49.965 1.0000000000
61772  -8.424  -13.099  49.112 1.0000000000
61795  -8.647  -13.004  46.963 1.0000000000
70707  -20.333  -3.503  46.192 0.7500000000
71627  -19.904  -2.646  46.632 0.6250000000
71625  -18.325  -1.985  45.910 0.6250000000
72548  -16.582  -1.636  45.462 0.6250000000
133681  -4.882  -8.050  51.460 1.0000000000
118236  -5.499  -8.264  50.103 1.0000000000
59505  -8.890  -15.022  56.915 1.0000000000
58366  -8.353  -15.835  55.658 1.0000000000
59518  -8.849  -15.192  53.819 1.0000000000
59533  -8.351  -14.814  51.848 1.0000000000
59541  -8.212  -14.601  50.905 1.0000000000
60660  -8.279  -13.882  49.564 1.0000000000
60684  -8.294  -13.770  47.624 1.0000000000
124264  -8.409  -13.749  46.769 1.0000000000
69827  -19.496  -4.056  44.710 0.6250000000
69819  -19.993  -4.472  45.361 0.7500000000
70716  -19.915  -3.745  45.386 0.6250000000
71636  -18.978  -2.582  45.280 0.6250000000
71635  -18.197  -2.288  45.001 0.6250000000
71634  -17.321  -2.101  44.798 0.6250000000
72560  -16.388  -1.934  44.616 0.6250000000
66897  -3.310  -7.577  51.266 1.0000000000
121532  -4.343  -7.622  49.253 1.0000000000
59549  -8.107  -14.560  50.028 1.0000000000
120877  -8.020  -14.539  49.175 1.0000000000
71650  -18.725  -2.899  44.428 0.6250000000
71649  -18.007  -2.568  44.144 0.6250000000
71648  -17.142  -2.315  43.938 0.6250000000
66900  -2.608  -7.455  50.674 1.0000000000
119357  -1.538  -7.395  50.860 1.0000000000
69838  -18.582  -4.179  43.503 0.6250000000
70737  -18.423  -3.693  43.343 0.7500000000
71662  -17.760  -2.734  43.304 0.6250000000
71661  -16.988  -2.348  43.060 0.6250000000
71660  -16.092  -2.048  42.870 0.6250000000
135586  -0.632  -7.256  50.140 1.0000000000
69852  -18.264  -3.966  42.782 0.7500000000
70746  -17.999  -3.713  42.042 0.6250000000
71685  -17.444  -2.653  41.604 0.6250000000
67896  -0.275  -7.016  49.216 1.0000000000
69851  -18.016  -4.447  42.185 0.7500000000
69865  -17.831  -4.252  41.376 0.7500000000
70757  -17.727  -3.357  41.205 0.6250000000
71692  -17.318  -2.577  40.692 0.6250000000
68925  0.736  -5.499  48.816 1.0000000000
69002  -17.493  -4.856  40.820 0.7500000000
69877  -17.618  -4.064  40.567 0.8750000000
70767  -17.487  -3.316  40.291 0.6250000000
71675  -25.003  -2.935  42.328 0.3750000000
71676  -25.427  -3.317  42.696 0.3750000000
71664  -25.732  -3.085  43.517 0.3750000000
69876  -17.251  -4.629  40.044 0.8750000000
69904  -17.053  -3.613  39.094 0.8750000000
70768  -24.474  -4.098  40.757 0.3750000000
70747  -25.083  -3.611  42.022 0.3750000000
70748  -25.519  -3.707  42.318 0.3750000000
120223  -16.739  -4.027  38.246 0.7500000000
69890  -23.939  -4.567  39.516 0.3750000000
70775  -24.195  -4.329  40.201 0.3750000000
69878  -24.429  -4.612  40.514 0.3750000000
69866  -24.712  -4.301  40.911 0.3750000000
70759  -25.180  -3.927  41.802 0.3750000000
69873  -3.005  -4.568  41.061 0.8750000000
68980  -4.072  -4.928  40.975 0.7500000000
69020  -4.399  -5.669  39.908 0.5000000000
68008  -4.935  -6.123  39.357 0.3750000000
69917  -16.443  -4.078  37.194 0.7500000000
69930  -16.146  -4.218  36.365 0.7500000000
69918  -23.398  -5.050  37.874 0.3750000000
69905  -23.674  -4.799  38.703 0.3750000000
69906  -23.917  -5.248  39.251 0.3750000000
69891  -24.142  -4.933  40.016 0.3750000000
69879  -24.912  -4.738  40.606 0.3750000000
65131  -38.805  -10.396  35.137 1.0000000000
64130  -39.058  -11.033  34.641 1.0000000000
69834  -2.612  -3.683  43.765 0.8750000000
124005  -1.880  -3.752  42.975 0.8750000000
117374  -3.090  -4.322  41.779 0.8750000000
69861  -3.714  -4.588  41.589 0.7500000000
120395  -5.299  -5.488  40.046 0.5000000000
69929  -15.782  -4.798  36.256 0.7500000000
69941  -15.708  -4.509  35.688 0.7500000000
68050  -23.017  -6.884  36.544 0.3750000000
69057  -23.287  -5.829  37.594 0.3750000000
69043  -24.211  -6.048  38.800 0.3750000000
69044  -25.046  -6.193  39.217 0.3750000000
65123  -38.018  -9.444  35.726 1.0000000000
118747  -39.448  -10.101  36.371 1.0000000000
64131  -39.910  -10.952  35.175 1.0000000000
70700  -0.584  -3.727  47.017 0.8750000000
119605  -3.136  -3.883  43.064 0.8750000000
123306  -15.152  -5.006  35.114 0.6250000000
69969  -14.656  -4.578  32.322 0.5000000000
68065  -22.619  -7.199  34.892 0.3750000000
68058  -22.769  -7.096  35.750 0.3750000000
125885  -23.578  -7.155  36.834 0.3750000000
67059  -25.753  -7.526  37.381 0.3750000000
68030  -25.803  -6.746  38.764 0.3750000000
69027  -25.941  -6.130  39.131 0.3750000000
65114  -39.230  -9.826  37.221 1.0000000000
134033  -40.673  -10.435  35.605 1.0000000000
125691  -41.666  -9.885  33.870 1.0000000000
70708  -1.426  -3.552  45.274 0.8750000000
68076  -21.867  -7.093  33.624 0.3750000000
119387  -21.368  -6.839  33.092 0.6250000000
67038  -26.563  -7.126  38.484 0.3750000000
66080  -36.619  -8.951  37.780 0.8750000000
66063  -37.578  -9.433  38.104 0.8750000000
65113  -38.254  -9.597  37.439 1.0000000000
65142  -41.474  -9.613  33.146 1.0000000000
66128  -41.562  -8.964  33.856 1.0000000000
129293  -14.410  -5.362  30.912 0.5000000000
69994  -14.671  -4.703  29.578 0.5000000000
68089  -21.500  -7.033  32.293 0.6250000000
131210  -21.013  -6.589  32.473 0.6250000000
67039  -27.329  -7.376  38.266 0.3750000000
118421  -34.977  -8.713  39.212 0.8750000000
66050  -35.876  -8.999  39.671 0.8750000000
66062  -37.043  -9.299  38.777 0.8750000000
66129  -41.441  -8.255  34.318 1.0000000000
68072  -41.546  -7.053  34.976 1.0000000000
127210  -14.520  -5.191  30.099 0.5000000000
69122  -14.897  -4.975  28.824 0.5000000000
70010  -15.378  -4.502  28.297 0.5000000000
69090  -20.534  -5.845  31.437 0.6250000000
119802  -28.029  -7.481  38.236 0.3750000000
66039  -33.454  -8.597  40.903 0.8750000000
127347  -35.160  -8.895  40.305 0.8750000000
69078  -41.215  -6.423  34.491 1.0000000000
69123  -15.365  -5.349  28.194 0.5000000000
69133  -15.895  -4.910  27.729 0.5000000000
70028  -17.225  -4.661  27.521 0.6250000000
69110  -19.776  -5.512  29.214 0.6250000000
69095  -20.132  -5.449  30.082 0.6250000000
132161  -28.543  -6.987  39.385 0.3750000000
66989  -31.520  -6.605  42.649 0.6250000000
67009  -32.104  -7.777  42.048 0.7500000000
66990  -32.341  -7.148  42.908 0.7500000000
138766  -41.512  -5.376  35.162 0.8750000000
69136  -18.164  -5.749  27.483 0.6250000000
68015  -29.093  -6.596  39.991 0.3750000000
67997  -30.767  -6.867  42.019 0.6250000000
70798  -37.766  -3.466  37.629 0.3750000000
132530  -41.428  -5.072  34.985 0.8750000000
69003  -29.429  -6.097  40.409 0.5000000000
69004  -30.133  -6.050  41.287 0.6250000000
67981  -30.777  -6.310  42.099 0.6250000000
70807  -37.529  -3.365  36.939 0.3750000000
71716  -38.112  -2.810  37.068 0.3750000000
70820  -41.583  -4.014  35.597 0.8750000000
71726  -41.572  -3.214  35.662 0.7500000000
69908  -33.597  -4.680  38.370 0.3750000000
71733  -37.494  -2.167  35.793 0.3750000000
72642  -37.244  -1.318  35.267 0.3750000000
120277  -41.517  -2.031  36.137 0.7500000000
134828  -41.490  -1.890  35.553 0.7500000000
73522  -41.573  -0.559  35.728 0.7500000000
121797  -37.339  0.425  35.255 0.3750000000
74408  -36.845  0.818  34.757 0.3750000000
75475  -36.887  1.631  34.800 0.3750000000
74409  -37.439  1.222  35.431 0.3750000000
122972  -42.243  1.051  35.291 0.7500000000
75488  -42.819  1.824  35.441 0.7500000000
75486  -36.318  1.967  34.166 0.3750000000
76404  -37.583  2.541  35.509 0.3750000000
75485  -35.688  1.519  33.510 0.3750000000
76403  -36.975  2.252  34.813 0.3750000000
76417  -37.161  2.849  34.787 0.3750000000
75512  -42.519  1.896  33.176 0.6250000000
76415  -35.891  2.263  33.532 0.2500000000
76416  -36.492  2.596  34.122 0.5000000000
77348  -36.887  3.198  34.138 0.5000000000
129069  -43.230  2.455  32.940 0.6250000000
76460  -42.938  2.467  31.993 0.7500000000
76443  -35.605  2.586  32.943 0.2500000000
77363  -36.662  3.268  33.472 0.3750000000
77349  -37.594  3.492  34.588 0.5000000000
140235  -42.740  2.306  31.289 0.7500000000
124627  -43.683  2.713  31.541 0.7500000000
75525  -34.442  2.080  31.810 0.2500000000
76442  -35.010  2.337  32.392 0.2500000000
77364  -37.575  3.721  33.641 0.3750000000
75546  -43.176  2.244  30.693 0.6250000000
76472  -44.029  2.619  30.677 0.8750000000
77376  -35.481  2.871  32.218 0.2500000000
67936  -12.558  -6.148  45.306 0.7500000000
67926  -13.080  -6.781  45.984 0.8750000000
67904  -9.368  -6.555  48.404 0.8750000000
120786  -9.397  -6.305  47.721 0.8750000000
67935  -10.817  -6.000  45.611 0.7500000000
125443  -11.601  -6.106  45.344 0.8750000000
68950  -13.035  -5.284  45.132 0.7500000000
67887  -9.429  -7.178  52.757 0.8750000000
67886  -8.947  -6.527  52.268 0.8750000000
67890  -9.431  -7.109  51.873 0.8750000000
67898  -9.430  -6.960  49.955 0.8750000000
65961  -9.680  -8.202  50.960 0.8750000000
69807  -14.917  -4.650  46.319 0.7500000000
62829  -6.886  -11.487  54.882 1.0000000000
67882  -9.105  -6.754  53.182 0.8750000000
66891  -9.603  -7.733  52.381 0.8750000000
65957  -9.670  -8.298  51.944 0.8750000000
126841  -9.660  -8.915  51.330 0.8750000000
64987  -9.493  -9.601  50.579 1.0000000000
70687  -15.852  -3.681  48.730 0.6250000000
70681  -17.772  -3.902  50.588 0.6250000000
71589  -17.509  -3.590  51.486 0.6250000000
71579  -18.494  -3.267  52.132 0.6250000000
71581  -20.240  -2.728  51.615 0.6250000000
72501  -20.228  -1.990  51.273 0.6250000000
72512  -19.434  -1.052  49.920 0.6250000000
129384  -6.525  -9.782  55.066 1.0000000000
63915  -7.300  -11.099  56.600 1.0000000000
66878  -9.492  -7.803  54.112 0.8750000000
129609  -9.568  -8.371  54.197 0.8750000000
64973  -9.640  -8.887  53.284 0.8750000000
64975  -9.666  -9.045  52.378 0.8750000000
62854  -8.929  -11.514  50.462 1.0000000000
62866  -9.046  -10.916  49.523 1.0000000000
71602  -16.126  -3.615  49.748 0.6250000000
71571  -19.109  -2.355  52.452 0.6250000000
72528  -17.868  -1.150  47.438 0.6250000000
64969  -6.563  -9.871  54.113 1.0000000000
125594  -7.352  -10.416  56.966 1.0000000000
63909  -7.607  -10.825  57.050 1.0000000000
64970  -9.641  -9.480  54.362 0.8750000000
63921  -9.649  -10.168  54.091 1.0000000000
137350  -9.542  -11.081  53.042 1.0000000000
63935  -9.278  -10.546  50.758 1.0000000000
65943  -5.413  -8.764  53.867 1.0000000000
62820  -7.773  -11.582  57.215 1.0000000000
62821  -8.204  -11.648  57.411 1.0000000000
61705  -9.579  -12.752  56.484 1.0000000000
62828  -9.728  -11.182  55.183 1.0000000000
62832  -9.604  -11.865  54.057 1.0000000000
61730  -9.253  -12.404  52.665 1.0000000000
72537  -16.797  -1.277  46.290 0.6250000000
131501  -4.733  -8.179  52.399 1.0000000000
60599  -8.692  -13.302  57.564 1.0000000000
61707  -9.705  -13.148  55.057 1.0000000000
61719  -9.417  -12.649  53.527 1.0000000000
60644  -8.891  -13.105  52.087 1.0000000000
61743  -8.546  -13.237  50.685 1.0000000000
66890  -3.734  -7.947  52.980 1.0000000000
60600  -9.320  -13.529  57.137 1.0000000000
60603  -9.681  -13.673  56.355 1.0000000000
59519  -9.304  -14.499  54.290 1.0000000000
60635  -8.736  -14.072  52.430 1.0000000000
60643  -8.544  -13.811  51.375 1.0000000000
60652  -8.364  -13.904  50.421 1.0000000000
72559  -15.500  -1.697  44.395 0.6250000000
72571  -16.220  -2.092  43.743 0.6250000000
72570  -15.329  -1.818  43.528 0.6250000000
66895  -1.196  -7.382  51.683 1.0000000000
71673  -16.859  -2.242  42.191 0.6250000000
72582  -15.191  -1.764  42.681 0.6250000000
71684  -16.730  -2.048  41.259 0.6250000000
72596  -15.365  -1.579  40.307 0.6250000000
72573  -25.472  -2.452  43.949 0.3750000000
72562  -25.555  -2.256  44.839 0.3750000000
118580  0.367  -6.659  49.959 1.0000000000
138377  -16.934  -2.083  40.637 0.6250000000
71690  -16.387  -1.868  40.549 0.6250000000
72606  -15.538  -1.644  39.318 0.6250000000
71663  -25.310  -2.671  43.094 0.3750000000
71651  -25.942  -2.893  44.380 0.3750000000
68918  0.830  -5.760  49.846 1.0000000000
71697  -16.821  -2.323  39.419 0.7500000000
70726  -26.269  -3.288  43.900 0.3750000000
69781  0.840  -4.881  49.530 1.0000000000
70773  -17.028  -2.924  39.155 0.7500000000
71705  -16.815  -3.160  38.362 0.7500000000
71693  -24.504  -3.488  40.993 0.3750000000
70738  -25.919  -3.437  43.068 0.3750000000
70739  -26.570  -3.506  43.471 0.3750000000
136410  0.470  -4.250  49.201 1.0000000000
70794  -16.621  -3.344  37.488 0.6250000000
125367  -24.302  -3.623  40.370 0.3750000000
70786  -24.100  -3.782  39.637 0.3750000000
70749  -26.142  -3.706  42.654 0.3750000000
70683  0.114  -3.922  48.591 0.8750000000
70801  -16.440  -3.393  36.529 0.6250000000
118334  -16.311  -3.042  35.791 0.6250000000
121717  -23.656  -4.229  38.093 0.3750000000
70760  -25.655  -4.050  41.808 0.3750000000
116195  -26.335  -4.090  41.001 0.3750000000
128010  -0.400  -3.716  47.850 0.8750000000
69862  -4.545  -4.659  41.760 0.8750000000
116252  -5.346  -4.534  41.847 0.7500000000
68981  -5.178  -4.930  41.024 0.6250000000
70811  -16.069  -3.719  35.697 0.6250000000
132558  -15.553  -3.469  34.217 0.5000000000
69932  -23.122  -5.308  36.922 0.3750000000
70802  -23.433  -4.397  37.279 0.3750000000
69880  -25.546  -4.457  40.919 0.3750000000
127962  -40.155  -10.253  36.178 1.0000000000
136141  -3.229  -3.440  45.071 0.8750000000
70720  -2.203  -3.529  44.623 0.8750000000
69825  -4.244  -3.666  44.091 0.8750000000
69847  -3.790  -4.322  42.377 0.8750000000
68999  -6.088  -4.875  40.492 0.5000000000
69952  -15.510  -4.135  34.819 0.6250000000
70839  -15.363  -3.357  33.450 0.5000000000
69065  -22.671  -5.800  36.153 0.3750000000
133554  -22.865  -5.054  36.157 0.3750000000
69931  -23.217  -4.401  36.478 0.3750000000
117165  -26.293  -5.360  39.381 0.3750000000
65116  -40.945  -9.634  36.625 1.0000000000
65132  -41.731  -9.660  34.518 1.0000000000
66107  -41.656  -9.113  35.944 1.0000000000
122594  -1.403  -3.522  46.586 0.8750000000
134061  -1.785  -3.458  45.921 0.8750000000
69863  -5.932  -4.494  41.442 0.7500000000
69976  -14.910  -3.852  32.000 0.5000000000
70861  -14.772  -3.826  30.763 0.5000000000
68064  -22.007  -6.944  34.445 0.3750000000
68075  -21.613  -6.528  33.875 0.5000000000
69028  -26.995  -5.970  39.044 0.3750000000
66052  -37.586  -9.168  40.127 0.8750000000
65094  -38.479  -9.534  38.732 1.0000000000
66108  -41.686  -8.660  35.399 1.0000000000
67093  -41.654  -7.908  35.905 1.0000000000
137447  -14.830  -3.812  31.396 0.5000000000
70877  -14.778  -3.932  29.835 0.5000000000
71825  -15.634  -2.780  28.619 0.5000000000
69081  -21.189  -6.007  33.121 0.6250000000
68014  -27.562  -6.802  39.017 0.3750000000
66993  -35.548  -7.535  42.738 0.7500000000
66042  -36.284  -8.832  40.960 0.8750000000
116435  -36.667  -9.226  39.465 0.8750000000
67131  -41.563  -8.031  34.878 1.0000000000
67111  -41.631  -7.929  35.447 1.0000000000
126588  -41.632  -7.229  35.557 0.8750000000
70878  -15.116  -3.322  29.219 0.5000000000
70892  -15.470  -3.648  28.445 0.5000000000
133347  -20.698  -5.220  31.890 0.6250000000
69086  -20.787  -5.929  32.241 0.6250000000
69029  -28.053  -6.272  39.259 0.3750000000
66976  -33.941  -7.344  43.165 0.6250000000
67011  -33.877  -8.316  42.124 0.7500000000
66028  -35.009  -8.368  41.994 0.8750000000
66041  -35.498  -8.818  41.185 0.8750000000
69960  -41.473  -5.920  34.989 0.8750000000
69939  -41.671  -4.910  35.773 0.6250000000
70894  -16.886  -3.818  27.676 0.5000000000
70012  -17.812  -4.164  27.787 0.6250000000
125776  -18.384  -3.692  28.199 0.6250000000
69983  -20.209  -4.715  30.459 0.6250000000
69984  -20.338  -5.448  30.804 0.6250000000
126675  -32.150  -5.745  42.718 0.5000000000
67967  -32.555  -6.405  43.100 0.6250000000
66991  -32.977  -7.708  42.636 0.8750000000
69899  -36.959  -4.508  39.742 0.5000000000
69900  -37.679  -4.380  39.854 0.5000000000
69912  -38.159  -3.812  39.176 0.5000000000
70783  -38.884  -3.720  38.955 0.5000000000
73506  -8.025  -0.368  36.678 0.1250000000
70013  -18.546  -4.558  28.185 0.6250000000
69030  -28.720  -5.978  39.671 0.3750000000
69881  -29.789  -5.450  40.220 0.5000000000
69883  -31.707  -4.863  40.889 0.3750000000
68983  -31.456  -5.908  42.381 0.5000000000
69048  -36.089  -4.970  39.285 0.5000000000
69911  -37.503  -4.070  39.145 0.3750000000
71717  -38.436  -2.982  37.814 0.3750000000
70808  -41.647  -3.450  36.060 0.5000000000
69882  -30.667  -5.023  40.318 0.3750000000
69005  -31.073  -5.620  41.708 0.5000000000
69045  -34.142  -5.019  38.422 0.5000000000
69032  -34.523  -5.165  40.236 0.6250000000
71724  -38.767  -2.072  37.221 0.3750000000
71725  -41.579  -2.789  36.167 0.5000000000
73516  -8.144  -0.427  35.676 0.1250000000
120508  -33.212  -4.315  39.114 0.3750000000
69031  -33.829  -4.806  39.430 0.5000000000
72643  -37.959  -1.183  35.966 0.3750000000
72637  -41.504  -1.318  35.908 0.7500000000
69907  -32.863  -4.101  38.291 0.3750000000
72636  -38.589  -1.077  36.668 0.3750000000
73514  -38.278  -0.164  36.285 0.3750000000
73521  -37.613  -0.318  35.548 0.3750000000
73505  -40.952  -0.299  36.855 0.3750000000
74401  -41.428  0.073  36.410 0.7500000000
75465  -38.104  1.554  36.283 0.3750000000
74399  -37.913  0.632  35.915 0.3750000000
73504  -40.368  0.214  37.328 0.3750000000
74391  -40.942  0.620  37.054 0.3750000000
75454  -40.977  1.592  37.426 0.3750000000
124121  -41.598  0.979  36.650 0.5000000000
75477  -42.226  1.384  36.080 0.7500000000
71732  -30.172  -2.204  35.687 0.1250000000
75466  -38.500  2.057  36.813 0.3750000000
75476  -37.489  1.953  35.546 0.3750000000
134244  -42.028  2.729  37.137 0.5000000000
76389  -38.649  2.612  36.810 0.3750000000
76388  -38.055  2.282  36.237 0.3750000000
76393  -42.553  3.059  36.698 0.5000000000
76406  -43.100  2.915  36.058 0.6250000000
76405  -38.173  2.940  36.141 0.3750000000
77334  -38.560  3.648  35.803 0.3750000000
77366  -43.747  3.187  34.671 0.5000000000
76430  -43.347  2.394  33.934 0.6250000000
133617  -38.225  3.747  35.065 0.3750000000
77350  -38.372  4.031  34.313 0.5000000000
76431  -43.952  3.125  33.826 0.6250000000
76445  -43.996  3.175  32.716 0.7500000000
78256  -39.696  4.782  33.653 0.5000000000
138059  -44.224  2.958  31.211 0.8750000000
77377  -36.186  3.209  32.724 0.2500000000
77378  -37.134  3.616  32.748 0.2500000000
77365  -38.763  4.267  33.328 0.3750000000
75564  -43.817  1.936  29.836 0.5000000000
76487  -44.504  2.631  29.883 0.7500000000
77388  -36.115  3.287  31.746 0.2500000000
116514  -36.854  3.574  31.949 0.2500000000
118210  -37.661  3.807  31.940 0.3750000000
120115  -44.653  2.062  29.241 0.6250000000
125771  -44.927  2.653  29.290 0.5000000000
75565  -45.217  2.243  28.821 0.6250000000
116555  -36.825  3.430  31.099 0.2500000000
75579  -46.031  2.026  27.990 0.6250000000
68933  -9.006  -5.773  47.234 0.8750000000
67924  -10.124  -5.790  46.063 0.7500000000
68947  -10.454  -5.388  45.552 0.7500000000
68949  -12.014  -5.392  44.969 0.7500000000
69816  -12.412  -4.521  45.027 0.6250000000
137443  -8.215  -6.099  50.491 0.8750000000
68920  -8.120  -5.968  49.758 0.8750000000
68939  -8.683  -5.020  46.844 0.7500000000
69814  -10.542  -4.594  45.389 0.7500000000
69815  -11.474  -4.605  45.052 0.7500000000
120354  -12.740  -3.731  45.441 0.6250000000
70714  -13.452  -3.728  45.744 0.6250000000
70706  -15.320  -4.151  47.049 0.6250000000
66873  -9.402  -7.790  55.388 0.8750000000
122190  -9.369  -7.586  54.865 0.8750000000
68919  -7.384  -5.345  49.435 0.8750000000
69790  -7.312  -4.785  48.651 0.7500000000
69805  -8.628  -4.149  46.691 0.7500000000
69813  -9.800  -4.277  45.760 0.7500000000
71621  -11.497  -2.606  46.389 0.6250000000
71622  -12.538  -2.781  46.630 0.6250000000
118391  -13.813  -3.470  46.308 0.6250000000
71624  -14.104  -3.246  47.145 0.6250000000
71613  -15.052  -3.433  48.425 0.6250000000
72511  -18.513  -0.712  49.490 0.6250000000
64965  -5.985  -9.255  55.548 1.0000000000
65936  -6.035  -9.086  56.586 1.0000000000
64962  -6.916  -9.542  57.090 1.0000000000
65937  -9.491  -8.295  55.945 0.8750000000
65938  -9.617  -8.906  55.376 0.8750000000
64967  -9.669  -9.547  55.007 0.8750000000
69797  -7.611  -4.238  47.887 0.7500000000
70695  -8.736  -3.317  46.749 0.7500000000
71607  -9.144  -2.523  46.941 0.7500000000
71609  -11.030  -2.121  47.209 0.6250000000
71610  -12.101  -2.345  47.545 0.6250000000
71599  -13.616  -2.862  48.803 0.6250000000
71587  -14.774  -3.079  50.236 0.6250000000
71578  -15.903  -3.367  51.233 0.6250000000
71570  -17.890  -2.986  52.591 0.6250000000
72500  -19.735  -1.381  51.338 0.6250000000
72520  -18.157  -0.885  48.402 0.6250000000
72527  -17.055  -0.885  47.126 0.6250000000
121101  -5.732  -8.495  56.822 1.0000000000
121992  -7.384  -9.951  57.141 0.8750000000
63910  -7.908  -10.671  57.276 0.8750000000
64960  -9.005  -9.473  57.045 0.8750000000
63913  -9.578  -10.381  56.150 0.8750000000
63916  -9.692  -10.357  55.403 1.0000000000
71606  -8.314  -2.935  47.377 0.7500000000
72526  -9.574  -1.760  47.753 0.7500000000
71597  -11.349  -1.845  48.373 0.6250000000
133958  -12.924  -2.530  49.021 0.6250000000
71576  -13.868  -2.691  50.802 0.6250000000
125423  -15.693  -3.099  51.850 0.6250000000
119166  -17.114  -2.410  53.035 0.6250000000
72492  -18.408  -1.865  52.966 0.6250000000
73406  -18.970  -0.664  50.789 0.6250000000
72547  -15.727  -1.417  45.233 0.6250000000
65942  -4.658  -8.451  54.555 1.0000000000
132899  -8.510  -10.052  57.244 1.0000000000
63912  -9.192  -10.286  56.859 1.0000000000
62825  -9.683  -11.196  55.897 1.0000000000
72518  -10.444  -1.438  48.423 0.6250000000
72508  -11.174  -1.372  49.289 0.6250000000
72498  -12.347  -1.741  51.011 0.6250000000
72499  -13.255  -2.190  51.595 0.5000000000
72484  -14.650  -1.928  53.209 0.5000000000
72485  -15.704  -1.808  53.459 0.5000000000
72486  -16.752  -1.578  53.377 0.5000000000
73429  -17.292  -0.664  48.075 0.6250000000
73437  -16.203  -0.764  46.867 0.5000000000
72536  -15.979  -1.063  46.027 0.5000000000
72546  -14.893  -1.175  44.961 0.5000000000
72558  -14.676  -1.388  44.120 0.5000000000
66884  -3.823  -8.153  54.193 1.0000000000
138756  -9.367  -12.143  56.820 1.0000000000
72497  -11.761  -1.389  50.352 0.6250000000
73403  -12.104  -1.144  51.396 0.5000000000
73396  -13.155  -1.287  52.729 0.5000000000
73391  -14.896  -1.198  53.585 0.5000000000
74284  -16.103  0.944  52.541 0.5000000000
73413  -16.291  0.237  49.348 0.5000000000
73419  -17.624  -0.421  49.092 0.5000000000
73428  -16.443  -0.475  47.764 0.5000000000
73436  -15.427  -0.550  46.563 0.5000000000
73443  -14.424  -0.547  45.432 0.5000000000
72557  -13.972  -0.997  43.787 0.5000000000
132785  -2.826  -7.736  53.039 1.0000000000
73394  -12.029  -0.516  51.660 0.5000000000
73389  -12.801  -0.621  52.688 0.5000000000
118408  -14.086  -0.476  53.471 0.5000000000
74278  -15.119  0.030  53.416 0.5000000000
74308  -15.270  0.500  48.544 0.5000000000
74300  -15.643  0.457  49.044 0.5000000000
74318  -15.141  0.272  47.857 0.5000000000
73426  -14.923  -0.008  47.049 0.5000000000
74332  -13.973  0.089  45.888 0.5000000000
73442  -13.743  -0.163  45.067 0.5000000000
73470  -13.338  -0.549  41.767 0.5000000000
66888  -2.092  -7.544  52.603 1.0000000000
66880  -0.201  -7.056  53.151 1.0000000000
75301  -14.425  1.610  48.720 0.3750000000
74317  -14.444  0.626  47.491 0.3750000000
74325  -14.218  0.370  46.687 0.5000000000
74340  -13.194  0.340  44.626 0.3750000000
72569  -14.512  -1.481  43.275 0.6250000000
72581  -14.420  -1.410  42.465 0.5000000000
73477  -13.226  -0.436  40.931 0.1250000000
66886  -0.254  -7.144  52.061 1.0000000000
128833  0.538  -6.426  53.375 1.0000000000
75300  -13.903  2.200  48.221 0.3750000000
75316  -13.609  1.938  47.425 0.3750000000
74316  -13.803  1.091  47.102 0.3750000000
75339  -13.055  1.392  45.843 0.3750000000
75350  -12.889  1.128  44.993 0.3750000000
74339  -12.714  0.874  44.154 0.3750000000
72588  -15.050  -1.576  41.899 0.6250000000
72587  -13.891  -1.027  41.263 0.5000000000
66894  -0.427  -7.218  51.135 1.0000000000
67885  0.426  -6.622  52.453 1.0000000000
67889  0.368  -6.753  51.502 1.0000000000
135167  0.733  -6.171  52.716 1.0000000000
67888  0.721  -6.212  51.909 1.0000000000
76301  -13.225  2.691  46.937 0.3750000000
75328  -13.324  1.693  46.638 0.3750000000
75338  -12.676  1.956  45.308 0.2500000000
75349  -12.534  1.687  44.473 0.2500000000
75362  -12.411  1.464  43.653 0.2500000000
122940  -14.756  -1.446  41.160 0.6250000000
72605  -14.614  -1.314  39.624 0.6250000000
67891  0.702  -6.225  50.865 1.0000000000
68912  0.771  -5.776  51.457 1.0000000000
76300  -12.796  3.122  46.174 0.3750000000
77249  -12.478  3.499  45.331 0.2500000000
76310  -12.381  2.617  44.704 0.2500000000
130997  -12.288  2.148  43.973 0.2500000000
72613  -14.819  -1.350  38.726 0.5000000000
72572  -25.068  -1.726  43.440 0.3750000000
72561  -25.088  -1.562  44.314 0.3750000000
68915  0.814  -5.506  50.672 1.0000000000
69776  0.313  -4.551  50.924 1.0000000000
76313  -12.107  2.825  43.844 0.2500000000
72607  -16.266  -1.979  39.086 0.6250000000
72621  -15.799  -1.643  37.411 0.5000000000
71686  -24.742  -3.227  41.613 0.3750000000
72589  -24.678  -2.081  41.778 0.3750000000
133972  -24.663  -1.194  42.190 0.3750000000
72583  -24.938  -1.947  42.616 0.3750000000
139788  0.878  -5.232  50.100 1.0000000000
69775  0.775  -4.945  50.404 1.0000000000
70666  -0.966  -3.329  51.308 1.0000000000
72615  -16.574  -2.422  38.541 0.6250000000
133270  -16.278  -2.130  37.772 0.6250000000
72631  -15.795  -1.480  36.586 0.5000000000
135952  -24.378  -2.919  40.548 0.3750000000
72608  -24.473  -1.982  40.336 0.3750000000
69782  0.466  -4.345  49.971 0.8750000000
70675  -0.216  -3.775  49.519 0.8750000000
70670  -1.131  -3.331  50.291 1.0000000000
71713  -16.553  -2.673  37.669 0.6250000000
73509  -15.188  -0.934  36.186 0.5000000000
71699  -24.329  -2.683  39.699 0.3750000000
70684  -0.754  -3.556  48.775 0.8750000000
70676  -1.222  -3.352  49.514 0.8750000000
71728  -16.199  -2.417  35.532 0.5000000000
72639  -15.932  -1.696  35.342 0.2500000000
70761  -26.533  -3.766  41.961 0.3750000000
140545  -1.323  -3.430  48.282 0.8750000000
71741  -15.955  -2.170  34.741 0.2500000000
70813  -23.373  -3.542  36.044 0.5000000000
139997  -23.499  -3.723  36.737 0.3750000000
70691  -1.380  -3.506  47.540 0.8750000000
116219  -4.148  -3.347  44.906 0.8750000000
69836  -4.174  -4.006  43.298 0.8750000000
70733  -5.052  -3.772  43.695 0.8750000000
69864  -6.505  -4.239  41.026 0.3750000000
70765  -6.998  -3.849  40.609 0.3750000000
140913  -15.494  -2.743  33.209 0.5000000000
135832  -15.373  -2.585  32.094 0.3750000000
125703  -22.617  -4.161  34.937 0.5000000000
127588  -22.973  -4.297  35.708 0.3750000000
70776  -26.590  -4.671  39.487 0.3750000000
65095  -39.137  -9.460  38.357 0.8750000000
65104  -39.628  -9.615  37.640 1.0000000000
65105  -40.483  -9.483  37.270 0.8750000000
65106  -41.193  -9.218  36.950 1.0000000000
70692  -2.386  -3.264  47.320 0.8750000000
70709  -2.583  -3.387  45.587 0.8750000000
70722  -4.750  -3.378  44.368 0.8750000000
70734  -5.684  -3.288  43.644 0.8750000000
70745  -6.281  -3.577  42.485 0.8750000000
116267  -6.653  -3.375  41.919 0.7500000000
70851  -15.248  -3.153  32.543 0.5000000000
71782  -15.414  -2.262  31.582 0.5000000000
69954  -22.103  -4.916  34.608 0.5000000000
69893  -27.240  -4.860  39.065 0.3750000000
65090  -38.724  -9.300  39.066 0.8750000000
66064  -39.459  -9.095  38.582 0.8750000000
66065  -40.256  -8.867  38.136 0.8750000000
66066  -40.871  -8.362  37.650 0.8750000000
67092  -41.612  -8.227  36.438 0.8750000000
139587  -3.124  -3.194  46.056 0.8750000000
70756  -6.813  -3.613  41.301 0.6250000000
70867  -15.037  -3.123  30.210 0.3750000000
71810  -15.396  -2.457  29.495 0.5000000000
69953  -21.460  -4.947  33.358 0.6250000000
138141  -27.577  -5.496  39.044 0.3750000000
67982  -35.956  -6.759  42.537 0.7500000000
66994  -36.183  -7.586  42.012 0.8750000000
66043  -37.397  -8.584  40.656 0.7500000000
66044  -38.004  -8.768  40.288 0.8750000000
67027  -39.137  -7.479  39.513 0.7500000000
67028  -39.566  -7.771  38.985 0.7500000000
67045  -40.090  -7.510  38.506 0.7500000000
67069  -41.407  -7.644  37.031 0.8750000000
67070  -41.647  -7.390  36.170 0.8750000000
70893  -16.160  -3.219  27.999 0.5000000000
69977  -20.474  -4.889  31.260 0.6250000000
69971  -21.043  -5.098  32.552 0.6250000000
69894  -28.122  -5.043  39.052 0.3750000000
67968  -33.595  -6.394  43.221 0.6250000000
67969  -34.630  -6.503  43.361 0.6250000000
66977  -34.958  -7.148  43.279 0.7500000000
67984  -37.034  -6.546  41.267 0.6250000000
67998  -37.704  -6.769  40.711 0.7500000000
68016  -38.473  -6.892  40.130 0.7500000000
68017  -39.086  -6.337  39.445 0.6250000000
68033  -39.647  -5.892  38.831 0.7500000000
69051  -40.729  -5.902  37.649 0.7500000000
69061  -41.675  -5.743  36.080 0.6250000000
69068  -41.601  -5.678  35.425 0.6250000000
70895  -18.086  -2.710  28.081 0.6250000000
69997  -19.720  -4.660  29.523 0.6250000000
69006  -31.930  -5.329  41.974 0.5000000000
68971  -33.149  -5.732  42.852 0.6250000000
68972  -34.240  -5.897  42.997 0.6250000000
68985  -34.924  -5.724  42.427 0.6250000000
68986  -35.606  -6.089  42.629 0.6250000000
68987  -36.287  -6.054  41.734 0.6250000000
69011  -37.073  -5.506  40.894 0.6250000000
69035  -37.531  -4.946  40.346 0.6250000000
69036  -38.174  -4.925  40.017 0.6250000000
69902  -39.120  -4.334  39.130 0.6250000000
69913  -39.672  -3.929  38.596 0.5000000000
140302  -40.737  -4.500  37.611 0.6250000000
124240  -41.215  -4.749  37.079 0.6250000000
69925  -41.531  -4.180  36.423 0.6250000000
72619  -8.039  -1.347  37.880 0.1250000000
69996  -19.066  -4.135  28.771 0.6250000000
70880  -19.552  -3.610  29.322 0.6250000000
69896  -29.692  -4.402  39.419 0.3750000000
131773  -30.425  -3.627  39.278 0.3750000000
69884  -32.541  -4.739  41.062 0.3750000000
116488  -32.786  -5.189  42.123 0.5000000000
68984  -33.915  -5.370  42.049 0.6250000000
140632  -34.178  -5.147  41.133 0.6250000000
69008  -34.787  -5.348  41.362 0.7500000000
125005  -35.557  -5.265  40.602 0.7500000000
69034  -36.391  -4.949  40.246 0.5000000000
70791  -39.340  -3.143  38.402 0.5000000000
70792  -40.061  -3.133  38.179 0.5000000000
69924  -41.042  -3.951  37.255 0.3750000000
70799  -41.335  -3.294  36.723 0.5000000000
74374  -7.374  -0.055  37.906 0.1250000000
69897  -31.442  -4.192  39.599 0.3750000000
125658  -32.289  -4.338  39.994 0.3750000000
69898  -33.005  -4.411  40.003 0.5000000000
69007  -33.521  -4.892  40.910 0.6250000000
71709  -38.930  -2.608  37.919 0.3750000000
72618  -39.798  -2.000  37.742 0.3750000000
71711  -40.310  -2.451  37.729 0.3750000000
71718  -41.049  -2.363  36.955 0.3750000000
121772  -31.463  -2.905  38.370 0.5000000000
70781  -31.886  -3.696  39.042 0.5000000000
70782  -32.590  -4.030  39.206 0.3750000000
72626  -39.111  -1.016  37.203 0.3750000000
72627  -39.743  -1.056  37.508 0.3750000000
72628  -40.446  -1.627  37.430 0.3750000000
72629  -41.076  -1.304  36.689 0.3750000000
75457  -7.411  0.974  36.155 0.1250000000
71715  -31.325  -1.908  37.834 0.3750000000
70787  -31.648  -2.876  38.031 0.3750000000
73502  -39.381  -0.096  37.293 0.3750000000
73503  -39.881  -0.178  37.480 0.3750000000
129825  -40.426  -0.719  37.295 0.3750000000
71722  -31.109  -2.412  37.110 0.1250000000
74400  -38.496  0.786  36.684 0.3750000000
74388  -39.045  0.817  37.270 0.3750000000
74389  -39.727  0.751  37.529 0.3750000000
74390  -40.399  0.997  37.483 0.3750000000
72634  -30.619  -1.681  36.690 0.1250000000
75451  -38.748  1.560  37.079 0.3750000000
75452  -39.368  1.600  37.519 0.3750000000
75453  -40.081  1.663  37.700 0.3750000000
76374  -39.028  2.192  37.314 0.3750000000
76390  -39.418  2.904  37.284 0.3750000000
76392  -41.369  2.368  37.416 0.3750000000
129323  -41.247  2.998  37.466 0.3750000000
71731  -29.511  -1.678  35.077 0.1250000000
72666  -29.019  -1.760  34.136 0.1250000000
77321  -39.914  3.662  37.014 0.3750000000
77338  -42.636  3.734  36.413 0.6250000000
77353  -43.375  3.904  35.495 0.5000000000
77320  -38.983  3.366  36.630 0.3750000000
77352  -40.216  4.724  35.552 0.3750000000
78235  -41.306  4.838  35.860 0.5000000000
77367  -43.999  4.047  34.615 0.5000000000
119548  -44.324  4.051  33.713 0.6250000000
77335  -39.506  4.120  36.176 0.3750000000
78247  -42.312  5.421  34.634 0.5000000000
77381  -44.595  4.087  32.805 0.6250000000
78257  -40.435  5.153  34.039 0.5000000000
124268  -41.246  5.467  33.877 0.5000000000
76462  -44.497  3.229  30.664 0.7500000000
77379  -38.051  3.978  32.633 0.3750000000
78264  -39.600  4.688  32.720 0.3750000000
78265  -40.399  5.142  33.189 0.3750000000
78266  -41.280  5.530  32.746 0.5000000000
77399  -44.776  3.809  30.335 0.7500000000
118628  -45.229  2.892  29.012 0.8750000000
136708  -45.625  3.048  28.613 0.8750000000
77389  -37.415  3.661  31.339 0.3750000000
137295  -38.336  4.051  31.863 0.3750000000
77380  -38.879  4.302  32.274 0.3750000000
121471  -40.340  5.022  32.201 0.3750000000
77406  -44.871  3.170  29.732 0.7500000000
76504  -45.593  2.442  28.482 0.7500000000
138471  -45.967  2.624  28.152 0.7500000000
77390  -38.158  3.885  31.116 0.2500000000
135321  -46.467  2.456  27.687 0.6250000000
75591  -47.469  1.554  26.752 0.3750000000
76523  -47.696  2.373  26.543 0.3750000000
68906  -7.761  -5.500  53.264 0.8750000000
68911  -8.023  -5.862  52.304 0.8750000000
68913  -7.277  -5.481  51.484 0.8750000000
67877  -8.876  -6.408  55.160 0.8750000000
68917  -7.480  -5.618  50.444 0.8750000000
68916  -6.721  -5.069  50.834 0.8750000000
67873  -9.144  -7.050  55.499 0.8750000000
119280  -8.892  -6.486  54.105 0.8750000000
138804  -7.018  -4.845  49.300 0.7500000000
66867  -6.137  -8.147  57.262 1.0000000000
66862  -7.609  -7.532  57.512 1.0000000000
65931  -8.576  -8.801  57.332 0.8750000000
66869  -9.205  -7.466  56.147 0.8750000000
71593  -7.539  -2.567  48.521 0.7500000000
71595  -8.630  -2.204  47.742 0.7500000000
133414  -19.157  -1.188  52.090 0.6250000000
65939  -4.764  -8.338  55.592 1.0000000000
66866  -5.456  -7.818  56.878 1.0000000000
64959  -7.818  -9.525  57.404 0.8750000000
66863  -9.088  -8.006  56.817 0.8750000000
72517  -8.883  -1.543  48.297 0.6250000000
73398  -17.838  -1.112  53.192 0.6250000000
73405  -18.524  -0.594  51.962 0.6250000000
66877  -3.975  -8.053  55.209 1.0000000000
66872  -4.329  -7.754  55.903 1.0000000000
72507  -10.373  -0.909  48.896 0.6250000000
73412  -11.243  -0.870  49.858 0.6250000000
73397  -17.230  -0.516  53.070 0.5000000000
73404  -17.692  0.026  51.606 0.6250000000
73415  -18.081  -0.266  50.347 0.6250000000
66883  -2.963  -7.890  53.936 1.0000000000
66871  -3.535  -7.431  55.566 1.0000000000
67870  -2.308  -6.638  55.486 1.0000000000
73401  -11.241  -0.244  50.180 0.5000000000
74292  -16.686  0.469  50.482 0.5000000000
73414  -17.159  0.037  49.832 0.6250000000
73452  -14.177  -0.801  44.617 0.5000000000
66882  -2.144  -7.615  53.664 1.0000000000
66875  -2.302  -7.470  54.649 1.0000000000
67876  -1.630  -6.868  55.171 1.0000000000
67869  -0.844  -6.358  55.283 1.0000000000
67874  0.003  -6.331  54.960 1.0000000000
75269  -12.021  1.830  51.667 0.5000000000
74270  -13.652  0.990  53.310 0.5000000000
130497  -15.175  1.172  53.002 0.5000000000
75271  -15.759  1.614  51.477 0.5000000000
74291  -16.075  0.926  50.929 0.5000000000
128529  -15.823  0.663  49.816 0.5000000000
73459  -13.415  -0.503  43.390 0.5000000000
66881  -1.261  -7.387  53.370 1.0000000000
67875  -0.688  -6.807  54.777 1.0000000000
67880  0.060  -6.707  54.169 1.0000000000
67879  0.704  -6.104  54.270 1.0000000000
75261  -13.046  1.023  53.107 0.5000000000
130506  -14.260  2.452  53.094 0.5000000000
77202  -15.274  3.258  51.749 0.5000000000
76271  -15.439  2.295  50.985 0.3750000000
75289  -15.404  1.296  50.084 0.3750000000
73464  -12.924  -0.040  42.170 0.5000000000
72604  -13.837  -0.922  39.889 0.3750000000
73476  -12.910  -0.027  40.240 0.1250000000
76270  -15.012  3.000  50.541 0.3750000000
76277  -14.760  2.559  49.889 0.3750000000
127537  -14.334  2.570  49.084 0.3750000000
74354  -12.581  0.607  42.484 0.2500000000
130986  -12.608  0.481  41.696 0.2500000000
72594  -13.717  -0.842  40.552 0.5000000000
73483  -13.261  -0.370  39.452 0.1250000000
73453  -24.675  -0.636  44.643 0.3750000000
131334  0.748  -5.751  52.414 1.0000000000
78114  -14.940  3.969  50.332 0.3750000000
77213  -14.625  3.311  49.768 0.3750000000
77219  -13.857  3.066  48.344 0.3750000000
76290  -13.583  2.680  47.707 0.3750000000
75375  -12.313  1.333  42.824 0.2500000000
75388  -12.244  1.259  41.926 0.2500000000
73484  -13.951  -0.988  39.048 0.2500000000
73491  -13.469  -0.449  38.496 0.2500000000
69770  0.576  -5.210  52.746 1.0000000000
69771  0.087  -4.534  52.097 1.0000000000
77230  -13.492  3.496  47.601 0.3750000000
116910  -11.904  3.037  43.107 0.2500000000
119946  -11.881  2.581  42.402 0.2500000000
73492  -14.152  -0.962  38.177 0.3750000000
73466  -24.703  -0.928  42.881 0.3750000000
119212  -0.239  -4.013  51.362 1.0000000000
77240  -13.094  3.637  46.805 0.2500000000
76325  -11.680  2.952  41.540 0.2500000000
73508  -14.297  -0.539  36.681 0.3750000000
73498  -14.419  -0.872  37.458 0.3750000000
78156  -12.574  4.324  45.491 0.2500000000
77256  -12.186  3.495  44.372 0.2500000000
77270  -11.825  3.807  43.104 0.2500000000
77276  -11.723  3.399  42.397 0.2500000000
119417  -11.531  3.540  40.773 0.2500000000
78169  -12.051  4.272  43.859 0.2500000000
78178  -11.847  4.611  43.010 0.2500000000
77275  -11.567  3.986  41.680 0.2500000000
134825  -15.749  -1.370  35.886 0.3750000000
73519  -15.372  -0.922  35.240 0.3750000000
71677  -27.329  -3.193  41.910 0.3750000000
70677  -1.758  -3.162  48.993 0.8750000000
118167  -15.726  -1.814  33.985 0.2500000000
132508  -26.903  -3.700  40.007 0.3750000000
70770  -27.255  -3.269  40.761 0.3750000000
71754  -15.615  -2.129  33.326 0.3750000000
72681  -15.546  -1.990  32.187 0.3750000000
70771  -27.710  -3.203  39.490 0.3750000000
70685  -2.302  -3.110  48.260 0.8750000000
70702  -2.605  -3.277  46.442 0.8750000000
70711  -4.377  -2.841  45.424 0.8750000000
70723  -5.309  -3.099  44.236 0.8750000000
72695  -15.557  -1.454  31.504 0.3750000000
72709  -15.635  -1.136  30.528 0.3750000000
70777  -27.142  -4.032  39.360 0.3750000000
70710  -3.670  -3.121  45.699 0.8750000000
71671  -6.593  -2.709  42.399 0.8750000000
71682  -6.986  -2.819  41.433 0.5000000000
71796  -15.386  -2.155  30.633 0.3750000000
72724  -15.697  -1.561  29.669 0.5000000000
70778  -27.916  -3.973  38.962 0.3750000000
72593  -7.277  -1.926  40.302 0.5000000000
71826  -16.368  -2.370  28.237 0.5000000000
71827  -17.248  -2.039  28.061 0.5000000000
70869  -20.528  -3.762  30.909 0.6250000000
129502  -28.746  -4.096  39.036 0.5000000000
71700  -28.519  -3.219  39.074 0.3750000000
72602  -6.958  -1.084  39.917 0.3750000000
119499  -17.056  -2.896  27.856 0.5000000000
70879  -18.963  -3.174  28.647 0.6250000000
70868  -20.111  -3.807  30.007 0.6250000000
73481  -7.329  -1.085  39.151 0.2500000000
74380  -7.006  0.582  37.591 0.1250000000
70780  -31.082  -2.888  38.817 0.3750000000
71703  -31.108  -1.768  38.390 0.3750000000
74392  -7.035  1.005  36.903 0.1250000000
71708  -31.327  -2.030  38.098 0.3750000000
76395  -6.401  2.292  35.493 0.1250000000
75468  -6.928  1.683  35.774 0.1250000000
72635  -31.056  -1.551  37.443 0.1250000000
76409  -7.053  2.176  34.162 0.1250000000
72651  -28.901  -0.900  34.672 0.1250000000
77354  -43.548  4.641  34.873 0.5000000000
79139  -43.244  5.542  34.140 0.5000000000
76461  -44.357  3.467  31.758 0.7500000000
79138  -42.211  5.770  33.665 0.5000000000
120607  -43.053  5.890  33.473 0.5000000000
78268  -44.720  4.801  32.658 0.6250000000
139315  -44.582  3.850  31.151 0.7500000000
79144  -42.313  5.953  32.839 0.5000000000
77400  -45.009  4.475  30.175 0.7500000000
77407  -45.202  3.629  29.397 0.8750000000
78278  -39.562  4.529  30.899 0.3750000000
78272  -39.595  4.593  31.782 0.3750000000
78274  -41.000  5.352  31.656 0.3750000000
79149  -41.805  5.826  32.001 0.5000000000
76488  -45.758  3.722  28.679 0.8750000000
118012  -37.692  3.482  29.878 0.2500000000
77396  -37.551  3.578  30.610 0.2500000000
77398  -38.901  4.145  30.537 0.2500000000
76505  -46.263  3.152  28.039 0.8750000000
76506  -46.820  2.913  27.496 0.6250000000
75601  -48.088  1.534  26.019 0.3750000000
126472  -48.358  2.077  25.631 0.3750000000
76538  -49.097  2.160  24.197 0.2500000000
75626  -49.734  1.853  23.012 0.1250000000
123658  -7.158  -4.277  54.801 1.0000000000
69769  -7.577  -4.944  54.290 0.8750000000
68910  -7.119  -5.219  52.477 0.8750000000
68909  -6.367  -4.655  51.738 0.8750000000
69761  -7.464  -4.285  56.045 1.0000000000
69765  -7.614  -4.531  55.403 1.0000000000
68903  -8.131  -5.243  55.092 1.0000000000
68894  -7.737  -5.266  56.796 1.0000000000
68901  -8.498  -5.678  55.647 1.0000000000
69777  -6.294  -4.364  50.712 0.8750000000
68886  -7.452  -5.706  57.198 1.0000000000
67866  -7.972  -5.950  57.017 1.0000000000
66868  -8.709  -7.142  56.857 0.8750000000
67868  -8.893  -6.792  56.246 0.8750000000
70678  -6.532  -3.243  49.641 0.7500000000
67858  -5.564  -5.984  57.177 1.0000000000
68891  -5.203  -5.189  56.984 1.0000000000
71584  -7.024  -2.455  49.212 0.7500000000
72505  -8.384  -1.246  48.869 0.7500000000
127473  -4.716  -6.112  56.668 1.0000000000
68890  -4.292  -5.324  56.426 1.0000000000
119628  -3.475  -5.376  55.981 1.0000000000
73410  -9.765  -0.482  48.849 0.6250000000
73411  -10.672  -0.442  49.299 0.6250000000
129344  -3.765  -6.112  56.038 1.0000000000
67862  -2.965  -6.387  55.638 1.0000000000
68889  -2.773  -5.750  55.682 1.0000000000
68888  -1.772  -5.458  55.570 1.0000000000
74298  -10.816  0.261  49.496 0.5000000000
73465  -13.359  -0.551  42.567 0.5000000000
68899  -2.049  -6.110  55.536 1.0000000000
68887  -0.778  -5.295  55.555 1.0000000000
68897  -0.297  -5.837  55.371 1.0000000000
75277  -11.662  1.722  50.788 0.5000000000
73469  -12.718  0.247  40.971 0.2500000000
68902  0.476  -5.752  55.053 1.0000000000
127739  -12.440  1.919  52.340 0.5000000000
76255  -13.340  2.699  53.149 0.5000000000
73482  -12.671  0.395  39.553 0.1250000000
74375  -12.584  0.725  38.112 0.1250000000
68905  0.989  -5.548  53.941 1.0000000000
77201  -12.669  3.634  52.639 0.5000000000
76260  -14.908  3.138  52.448 0.5000000000
77210  -15.272  3.744  51.050 0.5000000000
117995  -12.350  0.951  41.117 0.2500000000
125310  -12.471  0.765  38.937 0.1250000000
125653  -13.089  0.052  38.034 0.2500000000
75459  -12.721  1.238  35.987 0.2500000000
78109  -15.334  4.474  51.538 0.5000000000
78121  -15.076  4.816  50.089 0.3750000000
77220  -14.248  3.550  49.018 0.3750000000
123193  -11.946  2.080  41.730 0.2500000000
75403  -12.108  1.470  40.538 0.2500000000
76343  -11.818  2.037  39.161 0.1250000000
75431  -12.167  1.395  38.658 0.1250000000
75470  -12.651  1.808  35.216 0.1250000000
73460  -24.693  -0.746  43.746 0.2500000000
70662  -0.147  -3.640  52.717 1.0000000000
78991  -14.684  5.011  49.270 0.3750000000
78136  -13.885  5.142  47.863 0.3750000000
120660  -13.347  4.137  47.221 0.3750000000
76331  -11.828  2.267  40.902 0.2500000000
76342  -11.610  2.753  39.555 0.1250000000
76354  -11.610  2.754  38.761 0.1250000000
73497  -13.668  -0.390  37.552 0.2500000000
73507  -13.566  -0.010  36.802 0.2500000000
75471  -13.001  1.195  35.260 0.2500000000
75482  -13.027  1.524  34.639 0.2500000000
71563  -0.800  -3.020  52.243 1.0000000000
70665  -0.455  -3.718  51.958 1.0000000000
79020  -13.269  5.239  46.586 0.2500000000
78157  -12.834  4.787  46.011 0.2500000000
136108  -11.615  2.832  40.339 0.1250000000
73518  -14.524  -0.381  35.689 0.2500000000
74403  -13.905  0.221  35.206 0.2500000000
74412  -13.408  0.856  34.844 0.2500000000
74422  -13.434  1.236  34.077 0.2500000000
122933  -1.654  -2.589  50.814 1.0000000000
71564  -1.352  -2.317  51.730 1.0000000000
79031  -12.581  5.094  45.162 0.2500000000
78163  -12.320  4.271  44.777 0.2500000000
132778  -11.503  4.344  40.932 0.1250000000
74413  -13.940  0.480  34.282 0.2500000000
79042  -12.465  5.658  44.414 0.2500000000
79053  -12.133  5.312  43.610 0.2500000000
78186  -11.553  4.876  41.413 0.2500000000
73525  -15.307  -0.708  34.269 0.2500000000
73537  -14.709  0.062  33.682 0.2500000000
74423  -13.977  1.023  33.333 0.2500000000
71573  -1.980  -2.759  49.884 1.0000000000
78177  -11.652  4.756  42.198 0.2500000000
72663  -15.560  -1.377  33.235 0.2500000000
74424  -15.107  -0.011  32.862 0.2500000000
138489  -15.573  -1.334  32.405 0.2500000000
117840  -15.558  -0.674  31.933 0.2500000000
71687  -27.945  -2.481  41.234 0.3750000000
73570  -15.597  -0.586  31.134 0.2500000000
71694  -28.076  -2.458  40.118 0.3750000000
71631  -4.732  -2.219  45.417 0.8750000000
71647  -5.290  -2.356  44.641 0.8750000000
71658  -5.853  -2.499  43.843 0.8750000000
72567  -6.059  -1.556  43.437 0.8750000000
139286  -28.395  -2.606  39.450 0.3750000000
70693  -3.239  -2.853  47.150 0.8750000000
70703  -3.519  -2.883  46.429 0.8750000000
71618  -4.165  -2.488  46.055 0.8750000000
71646  -4.829  -2.920  44.873 0.8750000000
72556  -5.613  -1.654  44.290 0.8750000000
71659  -6.280  -2.339  43.135 0.8750000000
123429  -6.769  -1.865  41.687 0.7500000000
71688  -7.114  -2.141  41.001 0.5000000000
72737  -16.596  -1.553  28.467 0.5000000000
72739  -18.040  -0.878  28.485 0.5000000000
72578  -6.182  -1.109  42.735 0.8750000000
117660  -6.509  -1.078  41.316 0.6250000000
72738  -17.355  -1.239  28.336 0.5000000000
72726  -18.775  -1.315  28.767 0.5000000000
71812  -18.866  -2.228  28.630 0.5000000000
71798  -20.484  -2.156  30.454 0.6250000000
119050  -20.694  -2.771  30.861 0.6250000000
70779  -29.396  -3.310  39.076 0.3750000000
73468  -5.974  -0.507  41.394 0.7500000000
73475  -6.320  -0.681  40.609 0.6250000000
71813  -19.499  -1.812  29.252 0.5000000000
133435  -19.957  -3.086  29.704 0.6250000000
120645  -20.345  -2.978  30.268 0.6250000000
117491  -6.230  0.057  39.113 0.2500000000
71702  -30.645  -1.590  38.796 0.3750000000
134848  -3.995  1.749  38.482 0.2500000000
75442  -4.683  1.708  38.176 0.2500000000
75429  -5.181  1.127  38.561 0.2500000000
74373  -6.767  0.127  38.469 0.1250000000
77301  -1.429  3.468  37.679 0.1250000000
125421  -2.164  3.294  37.728 0.2500000000
76363  -3.433  2.776  37.670 0.2500000000
76353  -4.089  2.230  37.905 0.2500000000
75443  -5.513  1.558  37.775 0.2500000000
75430  -6.086  0.827  38.211 0.1250000000
78211  -1.123  4.047  37.134 0.1250000000
77302  -2.788  3.330  37.394 0.1250000000
77303  -3.530  3.366  36.960 0.1250000000
76377  -4.994  2.732  36.630 0.1250000000
75455  -5.801  2.022  36.864 0.1250000000
75444  -6.369  1.283  37.323 0.1250000000
76378  -5.716  2.560  36.025 0.1250000000
76379  -6.318  2.043  36.158 0.1250000000
133363  -30.905  -0.919  37.322 0.1250000000
123571  -30.065  -0.014  36.255 0.1250000000
125229  -30.028  -1.146  36.026 0.1250000000
128614  -29.467  -0.509  35.498 0.1250000000
78267  -44.489  4.921  33.424 0.6250000000
79140  -43.976  5.684  33.525 0.5000000000
77382  -44.691  4.292  31.972 0.7500000000
79145  -43.282  6.153  32.875 0.5000000000
79146  -44.499  5.499  32.805 0.5000000000
78275  -44.791  5.200  31.917 0.7500000000
130510  -44.755  4.489  31.058 0.7500000000
78273  -40.250  4.910  31.272 0.3750000000
79150  -42.346  6.221  31.535 0.5000000000
132794  -42.562  6.200  32.268 0.5000000000
80060  -44.196  6.470  31.992 0.5000000000
78281  -44.959  5.255  30.918 0.7500000000
78287  -45.469  4.457  29.368 0.7500000000
117316  -37.466  3.216  29.216 0.2500000000
77397  -38.257  3.776  30.175 0.2500000000
78280  -40.838  5.248  30.739 0.3750000000
125447  -42.165  6.166  30.662 0.5000000000
80061  -44.598  6.496  31.305 0.5000000000
79156  -45.146  6.150  30.717 0.6250000000
78294  -46.047  4.499  28.639 0.8750000000
77405  -38.927  4.045  29.629 0.2500000000
79162  -45.490  6.048  29.939 0.7500000000
77420  -46.964  3.707  27.588 0.6250000000
118171  -47.350  3.052  27.075 0.5000000000
79173  -46.487  5.350  28.458 0.8750000000
78295  -46.742  4.563  28.001 0.8750000000
129107  -48.047  2.204  26.066 0.3750000000
76530  -48.731  2.041  24.951 0.2500000000
76537  -48.755  2.911  24.667 0.2500000000
76551  -49.289  2.706  22.891 0.2500000000
76568  -48.815  3.003  22.217 0.1250000000
75657  -47.648  2.103  20.999 0.1250000000
75641  -46.050  2.200  21.916 0.2500000000
75655  -45.482  1.538  21.517 0.2500000000
125472  -43.923  4.496  15.783 0.2500000000
69772  -6.478  -4.528  52.919 0.8750000000
69768  -6.834  -4.399  53.946 0.8750000000
69760  -6.983  -3.925  56.324 1.0000000000
126743  -6.582  -3.748  54.691 0.8750000000
70664  -5.853  -3.783  52.546 0.8750000000
69757  -6.681  -4.357  56.908 1.0000000000
70660  -6.123  -3.781  53.661 0.8750000000
127083  -5.847  -2.942  50.947 0.8750000000
71583  -6.635  -2.337  49.832 0.7500000000
69756  -5.804  -4.289  56.974 1.0000000000
69755  -4.817  -4.382  56.730 1.0000000000
72503  -7.154  -1.511  49.775 0.7500000000
73409  -8.702  -0.441  49.044 0.6250000000
69753  -2.668  -4.820  55.822 1.0000000000
74297  -10.171  0.064  49.003 0.6250000000
69752  -1.474  -4.644  55.691 1.0000000000
74306  -10.446  0.663  48.957 0.5000000000
68896  0.165  -5.127  55.493 1.0000000000
134629  -11.353  1.588  49.958 0.5000000000
76269  -11.766  2.850  51.102 0.5000000000
74376  -12.882  0.154  38.757 0.1250000000
74383  -13.022  0.385  37.285 0.1250000000
118511  0.836  -5.158  55.077 1.0000000000
76264  -12.159  2.841  51.941 0.5000000000
75445  -12.217  1.535  37.791 0.1250000000
74394  -12.726  0.946  36.767 0.2500000000
118040  -12.279  2.130  35.892 0.1250000000
69767  1.059  -4.286  54.157 1.0000000000
120448  -12.524  2.868  52.499 0.5000000000
78969  -13.349  4.985  52.834 0.5000000000
76366  -11.890  2.290  37.454 0.1250000000
75481  -12.756  2.294  34.472 0.1250000000
70661  0.560  -4.284  53.361 1.0000000000
78975  -14.952  4.714  52.264 0.5000000000
76421  -13.111  2.741  33.685 0.2500000000
132230  -13.088  1.902  34.027 0.2500000000
71560  -0.290  -2.732  52.985 1.0000000000
76365  -11.616  2.838  37.960 0.1250000000
126277  -13.468  1.891  33.455 0.2500000000
71561  -0.826  -2.067  52.498 1.0000000000
78992  -15.488  5.528  49.841 0.3750000000
79000  -14.469  5.471  48.498 0.3750000000
79007  -13.691  5.584  47.220 0.3750000000
79882  -13.571  6.216  46.501 0.2500000000
77286  -11.489  3.524  39.840 0.1250000000
77294  -11.476  3.511  38.402 0.1250000000
76422  -13.619  2.620  33.065 0.2500000000
79032  -13.013  5.658  45.848 0.2500000000
79909  -12.805  6.038  45.057 0.2500000000
118679  -11.386  4.363  39.023 0.1250000000
139292  -14.603  0.586  32.908 0.2500000000
131440  -2.106  -2.002  50.381 1.0000000000
79065  -11.876  5.415  42.678 0.2500000000
78193  -11.435  4.329  40.157 0.1250000000
133492  -14.966  0.727  32.239 0.2500000000
75502  -15.007  1.778  31.714 0.2500000000
71582  -2.446  -2.547  49.076 1.0000000000
126113  -2.762  -1.898  49.076 1.0000000000
79064  -11.692  5.516  41.895 0.2500000000
129272  -11.469  5.046  40.607 0.1250000000
74450  -15.391  0.792  31.380 0.2500000000
72599  -28.603  -1.790  40.663 0.3750000000
71592  -3.022  -2.310  48.449 0.8750000000
72525  -3.601  -1.489  47.500 0.8750000000
73433  -3.754  -0.441  46.743 0.8750000000
74467  -15.719  0.204  30.789 0.2500000000
71604  -3.000  -2.839  47.832 0.8750000000
71605  -3.412  -2.236  47.695 0.8750000000
72534  -4.001  -1.262  46.843 0.8750000000
73434  -4.313  -0.830  46.079 0.8750000000
73441  -4.796  -0.712  45.149 0.8750000000
73449  -5.018  -0.344  44.300 0.8750000000
74468  -16.204  0.261  29.925 0.2500000000
71695  -28.794  -1.954  39.771 0.3750000000
71617  -3.865  -2.143  46.901 0.8750000000
72545  -5.146  -1.583  44.992 0.8750000000
130273  -5.743  -0.654  43.098 0.8750000000
74344  -4.567  0.340  42.915 0.8750000000
73593  -16.544  -0.313  29.221 0.3750000000
132944  -17.437  -0.635  28.598 0.5000000000
71701  -29.084  -2.457  39.201 0.3750000000
74353  -5.225  -0.023  42.595 0.8750000000
74352  -4.673  0.363  42.044 0.7500000000
123616  -18.620  -0.470  28.946 0.5000000000
72727  -19.389  -0.889  29.359 0.5000000000
71797  -20.035  -2.353  29.787 0.6250000000
72609  -29.774  -1.509  39.425 0.3750000000
74361  -5.324  0.001  41.734 0.7500000000
74360  -4.773  0.355  41.069 0.6250000000
125004  -30.115  -2.509  38.999 0.3750000000
74365  -5.138  0.264  40.420 0.6250000000
72616  -31.255  -0.925  38.274 0.3750000000
75427  -3.597  1.445  39.064 0.3750000000
75428  -4.377  1.280  38.869 0.2500000000
74369  -5.629  0.539  39.028 0.3750000000
77291  1.318  2.958  38.071 0.2500000000
122119  0.194  2.953  37.932 0.2500000000
77292  -0.850  3.029  38.104 0.2500000000
76351  -2.151  2.282  38.798 0.2500000000
76352  -3.251  2.128  38.457 0.2500000000
77300  -0.427  3.547  37.559 0.1250000000
72625  -31.209  -0.823  37.846 0.2500000000
77299  0.736  3.600  37.542 0.1250000000
73513  -30.986  0.028  37.562 0.1250000000
74407  -30.131  0.806  36.440 0.1250000000
78283  -39.549  4.475  30.030 0.2500000000
78285  -40.655  5.182  30.010 0.3750000000
79160  -41.399  5.626  30.078 0.5000000000
133639  -43.489  7.003  30.651 0.5000000000
120606  -43.903  6.865  31.420 0.5000000000
80066  -44.898  6.829  30.630 0.6250000000
77418  -38.937  3.953  28.618 0.2500000000
80071  -43.847  7.519  29.997 0.6250000000
80067  -45.346  6.926  30.034 0.6250000000
80072  -45.865  6.511  29.379 0.6250000000
80087  -46.876  6.350  28.200 0.8750000000
78307  -47.529  4.777  27.414 0.6250000000
77435  -48.256  3.817  26.200 0.5000000000
77440  -48.564  3.630  25.318 0.5000000000
77450  -48.637  3.827  24.313 0.3750000000
124507  -48.493  3.965  23.470 0.3750000000
76550  -48.815  3.362  22.959 0.2500000000
77474  -48.204  3.649  22.709 0.2500000000
76549  -46.149  3.273  22.918 0.2500000000
76566  -46.632  2.917  22.273 0.2500000000
76565  -45.586  2.573  22.587 0.2500000000
76577  -48.277  2.605  21.547 0.1250000000
76576  -47.165  2.537  21.626 0.2500000000
76564  -44.612  2.338  22.906 0.2500000000
75640  -45.015  1.888  22.237 0.2500000000
75639  -43.909  1.718  22.524 0.2500000000
75638  -42.824  1.556  22.494 0.2500000000
75653  -43.379  1.174  21.844 0.2500000000
75652  -42.291  1.114  21.862 0.2500000000
75651  -41.277  1.337  21.701 0.2500000000
75650  -40.621  1.827  21.300 0.2500000000
77502  -40.630  2.813  20.132 0.2500000000
77510  -41.423  3.346  18.812 0.2500000000
77512  -42.770  3.719  17.740 0.2500000000
78398  -43.571  4.212  17.559 0.2500000000
78407  -44.249  4.775  16.454 0.2500000000
79291  -44.779  5.205  16.875 0.2500000000
79300  -44.609  5.144  15.795 0.2500000000
79292  -45.362  5.687  16.395 0.2500000000
80252  -45.873  6.169  14.934 0.2500000000
71554  -5.872  -2.649  55.678 1.0000000000
70656  -6.266  -3.142  55.368 1.0000000000
70655  -5.946  -2.987  54.485 1.0000000000
71559  -5.673  -2.036  54.146 1.0000000000
71562  -5.637  -1.954  53.100 1.0000000000
72481  -5.826  -0.901  52.830 0.8750000000
70653  -6.460  -3.339  55.996 1.0000000000
70663  -5.696  -2.924  53.361 0.8750000000
71565  -5.678  -1.891  52.131 0.8750000000
116704  -6.496  -0.941  51.024 0.7500000000
73400  -6.927  -0.179  50.807 0.7500000000
74294  -7.032  0.941  49.962 0.7500000000
70652  -5.904  -2.921  56.193 1.0000000000
70650  -6.301  -3.636  56.569 1.0000000000
70667  -5.606  -2.859  52.332 0.8750000000
71566  -5.989  -1.971  51.142 0.7500000000
134367  -6.938  -0.939  50.431 0.7500000000
73408  -7.957  -0.013  49.629 0.7500000000
74295  -7.714  0.670  49.498 0.7500000000
133669  -7.342  1.087  49.215 0.7500000000
70649  -5.390  -3.422  56.598 1.0000000000
125167  -4.351  -3.644  56.424 1.0000000000
72504  -7.882  -0.870  49.447 0.7500000000
119155  -8.530  0.366  49.091 0.6250000000
74303  -8.090  1.059  48.652 0.7500000000
127543  -3.278  -3.807  56.094 1.0000000000
131045  -2.186  -3.862  55.894 1.0000000000
123790  -1.847  -3.098  55.997 1.0000000000
74305  -9.937  0.658  48.596 0.5000000000
75297  -8.779  1.306  47.894 0.5000000000
74304  -9.121  0.757  48.492 0.5000000000
70645  -1.201  -3.758  55.903 1.0000000000
124976  -10.955  1.087  49.385 0.5000000000
76279  -10.754  2.530  48.471 0.5000000000
75299  -10.465  1.392  48.592 0.5000000000
69750  0.216  -4.204  55.729 1.0000000000
76276  -11.503  2.428  50.160 0.5000000000
76275  -11.316  2.994  49.495 0.5000000000
78251  -13.685  4.270  33.436 0.2500000000
69762  1.037  -4.491  54.994 1.0000000000
77206  -12.306  3.670  52.179 0.5000000000
76396  -12.368  2.665  35.106 0.1250000000
77341  -12.640  3.253  34.352 0.1250000000
77357  -13.626  3.433  33.148 0.2500000000
70658  1.086  -3.472  54.062 1.0000000000
78968  -12.750  5.033  52.535 0.5000000000
128214  -14.198  4.868  52.749 0.5000000000
126045  -12.057  2.927  35.738 0.1250000000
76381  -11.904  2.693  36.576 0.1250000000
70659  0.450  -3.243  53.479 1.0000000000
123013  -15.377  5.364  51.827 0.5000000000
79851  -15.885  5.844  51.264 0.2500000000
77314  -11.821  3.546  36.067 0.1250000000
72477  -0.103  -1.839  53.147 1.0000000000
77305  -11.508  3.534  37.579 0.1250000000
78252  -14.355  4.071  32.806 0.2500000000
72480  -0.467  -1.164  52.616 1.0000000000
79001  -15.181  5.823  49.072 0.3750000000
79872  -14.846  6.208  48.344 0.3750000000
124435  -11.453  4.206  37.088 0.1250000000
77369  -14.804  3.644  32.300 0.2500000000
76434  -14.197  3.017  32.516 0.2500000000
72487  -1.159  -1.259  51.978 1.0000000000
79008  -14.213  5.863  47.814 0.3750000000
120436  -11.388  4.298  37.923 0.1250000000
75501  -14.493  2.243  32.235 0.2500000000
139377  -1.351  -0.984  51.588 1.0000000000
72493  -1.668  -1.400  51.144 1.0000000000
79910  -13.317  6.567  45.575 0.2500000000
117958  -11.325  5.419  38.884 0.1250000000
76448  -15.666  2.548  31.224 0.2500000000
71574  -2.438  -1.958  49.700 1.0000000000
134002  -12.682  6.340  44.422 0.2500000000
79930  -12.431  6.214  43.779 0.2500000000
79087  -11.450  5.932  40.257 0.1250000000
118191  -11.376  5.213  39.708 0.1250000000
75517  -15.609  1.708  31.065 0.2500000000
72494  -2.161  -1.271  50.179 1.0000000000
72514  -3.004  -1.390  48.681 0.8750000000
73424  -2.747  -0.119  48.098 0.8750000000
79939  -11.943  6.130  42.306 0.2500000000
75518  -16.197  2.134  30.711 0.2500000000
73425  -3.203  -0.829  48.012 0.8750000000
127746  -3.595  -0.800  47.320 0.8750000000
74323  -3.854  -0.089  46.155 0.8750000000
75535  -16.003  1.180  30.506 0.2500000000
75536  -16.703  1.141  29.861 0.2500000000
74330  -4.161  -0.036  45.509 0.8750000000
74338  -4.381  0.139  44.665 0.8750000000
119088  -4.501  0.276  43.795 0.8750000000
75556  -17.450  1.081  29.563 0.2500000000
119135  -18.372  0.278  29.187 0.3750000000
73457  -5.141  -0.130  43.454 0.8750000000
74484  -17.610  0.425  29.148 0.5000000000
73596  -19.163  -0.005  29.482 0.3750000000
73583  -19.869  -0.417  30.007 0.3750000000
75387  -4.152  0.570  41.503 0.6250000000
73595  -17.856  -0.195  28.784 0.5000000000
72610  -30.549  -0.800  39.296 0.3750000000
72611  -31.031  -0.626  38.831 0.3750000000
73495  -31.207  0.035  38.726 0.3750000000
78191  2.806  3.671  40.141 0.6250000000
77280  2.698  2.811  39.558 0.6250000000
78199  2.594  3.835  39.269 0.5000000000
76336  2.137  2.175  39.203 0.3750000000
76341  -2.770  1.637  39.253 0.2500000000
119275  -5.265  0.373  39.770 0.5000000000
73501  -31.225  0.044  38.223 0.2500000000
77284  2.270  3.090  38.622 0.3750000000
77285  1.602  2.421  38.623 0.2500000000
76349  -0.324  2.590  38.407 0.2500000000
76350  -1.133  2.523  38.659 0.2500000000
78203  2.173  4.375  38.378 0.2500000000
77290  1.736  3.831  37.916 0.1250000000
78210  -0.016  4.166  37.040 0.1250000000
74398  -30.569  0.434  36.915 0.1250000000
75464  -30.371  1.252  37.043 0.1250000000
79172  -41.553  5.849  29.137 0.3750000000
80085  -42.363  6.732  28.961 0.5000000000
81048  -45.059  8.585  29.043 0.6250000000
79170  -40.198  4.934  28.725 0.2500000000
79159  -40.798  5.314  29.327 0.2500000000
140182  -42.700  6.612  30.419 0.5000000000
81027  -44.681  7.798  29.840 0.6250000000
81029  -45.809  7.520  29.211 0.8750000000
81030  -46.396  7.028  28.689 0.8750000000
122245  -39.569  4.443  29.164 0.2500000000
79186  -47.940  5.855  27.106 0.7500000000
78327  -48.446  4.629  25.578 0.5000000000
78337  -48.435  4.547  24.748 0.3750000000
78346  -48.348  4.402  24.087 0.5000000000
77463  -47.758  4.152  23.191 0.2500000000
77462  -46.755  3.957  23.294 0.2500000000
77461  -45.733  3.604  23.573 0.2500000000
77460  -44.915  3.338  23.800 0.2500000000
76563  -43.796  2.244  23.141 0.2500000000
130786  -43.196  1.972  22.989 0.2500000000
76562  -42.341  2.057  23.055 0.2500000000
120960  -41.378  2.362  22.888 0.2500000000
75636  -40.944  2.043  22.193 0.2500000000
76560  -40.659  2.666  21.795 0.2500000000
78378  -41.625  4.138  20.017 0.2500000000
78388  -42.733  4.222  19.089 0.2500000000
78389  -43.329  4.279  18.553 0.2500000000
78399  -44.233  4.707  17.279 0.2500000000
140419  -46.531  6.469  16.253 0.2500000000
131412  -5.790  -2.278  55.102 1.0000000000
73393  -6.470  -0.112  51.563 0.7500000000
117284  -5.524  -1.795  55.411 1.0000000000
72474  -5.550  -1.341  54.800 1.0000000000
72478  -5.646  -0.897  53.874 1.0000000000
74289  -6.604  0.777  50.776 0.7500000000
71553  -5.507  -2.190  55.882 1.0000000000
134606  -5.379  -1.025  55.217 1.0000000000
75285  -6.639  1.290  49.309 0.7500000000
70648  -4.740  -2.884  56.405 1.0000000000
72470  -5.140  -1.848  56.099 1.0000000000
70647  -3.860  -2.903  56.255 1.0000000000
70646  -2.770  -2.974  56.042 1.0000000000
75315  -10.142  1.846  47.933 0.5000000000
117818  -2.091  -2.157  56.122 1.0000000000
77229  -10.712  3.454  47.996 0.5000000000
77217  -11.154  3.618  48.919 0.5000000000
71547  -0.220  -2.502  56.377 1.0000000000
77205  -11.964  3.735  51.594 0.5000000000
78113  -11.640  4.724  50.564 0.5000000000
77212  -11.465  3.972  49.904 0.5000000000
78241  -14.390  4.761  33.493 0.2500000000
140480  0.924  -1.821  56.118 1.0000000000
123570  -12.336  5.724  51.849 0.5000000000
78254  -15.944  4.531  33.518 0.2500000000
139008  1.499  -2.044  54.704 1.0000000000
78973  -13.096  5.819  52.598 0.5000000000
79842  -13.863  6.317  52.643 0.3750000000
78253  -15.145  4.604  33.102 0.2500000000
72476  0.801  -1.734  53.665 1.0000000000
79843  -15.554  6.297  52.027 0.3750000000
72479  0.396  -0.957  53.211 1.0000000000
132690  -16.192  6.102  50.436 0.2500000000
77370  -15.476  3.835  32.070 0.2500000000
78262  -15.782  4.310  32.657 0.2500000000
73387  0.023  -0.277  52.475 1.0000000000
79873  -15.658  6.481  48.767 0.2500000000
79884  -15.269  6.875  47.999 0.3750000000
77371  -16.320  3.964  32.104 0.2500000000
138340  -0.917  -0.350  51.598 1.0000000000
137811  -0.685  -0.711  52.188 1.0000000000
80820  -13.881  7.149  46.077 0.2500000000
77384  -15.934  3.395  31.514 0.2500000000
73399  -1.615  -0.505  50.583 1.0000000000
117538  -1.422  0.057  49.956 1.0000000000
73407  -2.086  -0.582  49.708 1.0000000000
74302  -1.855  0.040  49.224 0.8750000000
72502  -2.559  -1.255  49.374 1.0000000000
116996  -2.146  0.228  48.485 0.8750000000
74314  -2.374  0.482  47.723 0.8750000000
79920  -13.060  6.831  44.761 0.2500000000
79981  -11.363  6.143  39.344 0.1250000000
137107  -16.606  1.763  30.283 0.2500000000
74322  -3.345  0.320  46.536 0.8750000000
118176  -3.522  0.470  45.773 0.8750000000
119774  -12.161  6.103  43.044 0.2500000000
118948  -11.632  6.317  40.862 0.2500000000
75537  -17.286  1.764  30.052 0.2500000000
75538  -18.219  1.515  29.982 0.2500000000
74451  -19.928  0.818  30.915 0.2500000000
74329  -3.713  0.585  44.981 0.8750000000
74337  -3.816  0.604  44.128 0.8750000000
75361  -3.890  0.584  43.241 0.8750000000
74469  -18.791  0.765  29.721 0.2500000000
73584  -20.229  0.035  30.674 0.3750000000
72600  -29.285  -1.157  40.276 0.3750000000
75360  -3.161  0.751  43.601 0.7500000000
75374  -4.018  0.589  42.353 0.7500000000
74470  -19.566  0.430  30.171 0.3750000000
72601  -30.061  -0.513  39.940 0.3750000000
73479  -30.171  0.185  40.494 0.3750000000
75386  -3.496  0.653  41.710 0.7500000000
124831  -3.701  0.660  41.053 0.6250000000
73487  -30.834  -0.015  39.545 0.3750000000
121496  -2.923  0.925  40.406 0.3750000000
75400  -3.528  0.815  40.422 0.3750000000
75416  -4.043  0.926  39.717 0.5000000000
139326  -31.138  0.057  39.059 0.3750000000
76330  1.643  1.634  39.720 0.6250000000
75398  -1.517  0.974  40.604 0.5000000000
75414  -2.326  1.188  40.018 0.3750000000
75415  -3.210  1.156  39.804 0.3750000000
76337  0.972  1.853  39.113 0.2500000000
75412  -0.257  1.546  39.651 0.2500000000
75413  -1.378  1.394  39.872 0.2500000000
76340  -2.005  1.704  39.449 0.3750000000
79084  2.554  4.513  39.953 0.6250000000
74387  -31.036  0.688  38.014 0.1250000000
78218  0.283  4.908  36.667 0.1250000000
139440  -30.764  0.772  37.520 0.1250000000
80084  -41.555  6.185  28.315 0.3750000000
81046  -43.013  7.836  28.545 0.6250000000
79171  -40.905  5.501  28.555 0.3750000000
81049  -45.690  8.427  28.808 0.6250000000
81050  -46.313  8.056  28.391 0.8750000000
80108  -46.908  7.437  27.831 0.8750000000
81064  -46.546  8.506  27.433 0.8750000000
80088  -47.506  6.650  27.393 0.7500000000
79206  -47.835  6.044  25.714 0.6250000000
78336  -48.011  4.938  24.322 0.5000000000
78335  -47.082  5.001  24.387 0.5000000000
78344  -47.401  4.520  23.773 0.3750000000
77449  -46.328  4.278  23.974 0.2500000000
76547  -44.194  2.823  23.634 0.2500000000
76536  -43.452  3.220  24.181 0.2500000000
129329  -43.054  2.519  23.597 0.2500000000
76545  -41.087  3.182  23.164 0.2500000000
76546  -41.899  2.749  23.534 0.2500000000
77481  -40.744  3.549  21.456 0.2500000000
139976  -40.671  3.181  22.068 0.2500000000
77491  -40.906  3.566  20.489 0.2500000000
77504  -41.954  3.944  19.278 0.2500000000
78390  -44.177  4.671  18.265 0.2500000000
79276  -44.783  5.197  18.919 0.2500000000
79284  -44.840  5.140  17.906 0.2500000000
79277  -45.500  5.557  18.604 0.2500000000
79285  -45.482  5.615  17.487 0.2500000000
80236  -46.184  6.169  17.001 0.2500000000
131220  -47.774  7.123  16.781 0.3750000000
75284  -5.248  1.536  49.929 0.6250000000
75294  -5.396  1.902  48.367 0.6250000000
76286  -4.682  2.614  48.094 0.6250000000
77226  -4.618  3.506  47.613 0.5000000000
73384  -5.595  -0.020  53.978 1.0000000000
73388  -5.800  -0.063  53.283 1.0000000000
74273  -5.815  0.293  52.765 0.8750000000
136530  -5.852  0.523  52.301 0.8750000000
117992  -5.753  1.540  49.240 0.7500000000
76287  -5.418  2.349  47.611 0.5000000000
135737  -5.063  2.979  47.393 0.5000000000
78132  -4.803  4.284  47.245 0.5000000000
73379  -5.209  -0.492  55.382 1.0000000000
116991  -5.452  -0.390  54.704 1.0000000000
74269  -5.571  0.340  53.531 1.0000000000
128385  -5.574  0.581  52.950 0.8750000000
117367  -6.249  1.214  50.231 0.7500000000
75295  -6.185  1.581  48.529 0.6250000000
75311  -6.169  2.079  47.223 0.5000000000
76296  -6.366  2.585  46.428 0.5000000000
77235  -5.945  3.503  46.180 0.5000000000
73378  -4.863  -0.630  55.801 1.0000000000
138971  -4.961  -0.103  55.537 1.0000000000
74266  -4.969  0.638  54.737 1.0000000000
75249  -4.819  0.974  54.164 1.0000000000
137877  -5.359  0.780  53.264 0.8750000000
132743  -4.430  1.361  52.138 0.8750000000
75296  -7.081  1.390  48.388 0.6250000000
75312  -6.970  1.673  47.397 0.5000000000
76297  -7.106  2.346  46.207 0.5000000000
76306  -6.783  3.068  45.839 0.5000000000
77245  -6.592  3.839  45.658 0.5000000000
134601  -3.410  -0.917  56.018 1.0000000000
120162  -4.436  -0.207  55.730 1.0000000000
74265  -4.171  0.527  55.171 1.0000000000
75248  -4.179  0.950  54.623 1.0000000000
75251  -4.011  1.212  53.864 1.0000000000
75257  -3.869  1.440  52.831 0.8750000000
76289  -10.092  2.578  47.449 0.5000000000
76299  -8.970  2.850  46.301 0.5000000000
77236  -7.563  2.765  45.897 0.5000000000
77246  -7.421  3.694  45.512 0.5000000000
71549  -3.338  -2.108  56.142 1.0000000000
72467  -2.851  -1.381  56.061 1.0000000000
73377  -3.453  -0.424  55.805 1.0000000000
128944  -3.468  0.798  54.967 1.0000000000
120289  -3.157  1.172  54.455 1.0000000000
75256  -2.925  1.933  52.494 0.8750000000
136006  -10.234  3.457  47.281 0.5000000000
77228  -9.666  3.084  46.735 0.5000000000
77237  -8.310  3.173  45.843 0.5000000000
131301  -0.788  -1.058  56.293 1.0000000000
74256  -1.299  -0.086  55.824 1.0000000000
74260  -2.081  0.145  55.592 1.0000000000
118046  -2.806  1.667  53.483 0.8750000000
132296  -11.836  5.104  51.140 0.5000000000
77218  -11.308  4.346  49.248 0.5000000000
78125  -11.041  4.301  48.491 0.5000000000
128265  -10.577  5.084  47.415 0.5000000000
77239  -9.963  3.948  46.772 0.5000000000
73372  -0.126  -0.520  56.294 1.0000000000
74255  -0.433  0.028  56.029 1.0000000000
74259  -1.011  0.476  55.599 1.0000000000
75243  -1.172  1.387  55.020 1.0000000000
75246  -1.837  1.668  54.378 1.0000000000
118684  -12.742  6.286  52.124 0.3750000000
79850  -11.991  5.759  51.247 0.5000000000
119600  -11.754  5.986  50.519 0.3750000000
78126  -11.289  5.009  49.073 0.5000000000
77328  -16.799  4.060  34.994 0.2500000000
73370  1.077  -0.437  55.716 1.0000000000
72464  0.651  -1.111  56.223 1.0000000000
75239  0.377  1.201  55.701 1.0000000000
122154  -0.595  1.172  55.429 1.0000000000
119339  -12.428  6.566  51.541 0.5000000000
77343  -16.761  4.213  33.943 0.2500000000
73382  1.472  -0.116  53.908 1.0000000000
73380  1.533  -0.134  54.511 1.0000000000
74257  1.140  0.473  55.418 1.0000000000
74253  0.805  0.418  55.743 1.0000000000
139088  -16.042  6.385  51.547 0.3750000000
80776  -15.332  7.298  52.216 0.3750000000
74271  1.446  1.141  52.905 1.0000000000
74272  0.952  0.596  52.483 1.0000000000
73386  0.973  -0.124  53.238 1.0000000000
73383  1.173  -0.887  53.779 1.0000000000
74279  1.288  1.330  52.071 1.0000000000
77359  -17.416  3.858  33.337 0.2500000000
77373  -18.047  3.477  32.739 0.2500000000
74280  0.143  0.335  51.865 1.0000000000
79883  -14.540  6.569  47.607 0.2500000000
79895  -14.193  6.884  46.880 0.2500000000
77385  -16.850  3.506  31.545 0.2500000000
77372  -17.202  3.816  32.368 0.2500000000
121007  -0.160  0.408  51.234 1.0000000000
76450  -17.362  2.964  31.021 0.2500000000
76436  -17.764  3.338  31.802 0.2500000000
74287  0.134  0.687  50.590 1.0000000000
121633  -0.594  0.510  49.944 1.0000000000
138918  -1.183  0.408  49.439 1.0000000000
74301  -1.360  0.518  48.803 0.8750000000
120330  -13.677  7.506  45.146 0.2500000000
76465  -16.946  2.396  30.507 0.2500000000
76451  -18.265  2.725  31.285 0.3750000000
76452  -19.099  2.333  31.673 0.2500000000
75503  -19.797  1.821  32.135 0.2500000000
75309  -1.568  1.021  47.208 0.8750000000
74321  -2.636  0.740  46.915 0.8750000000
76466  -17.809  2.299  30.543 0.2500000000
75519  -18.723  2.032  30.791 0.3750000000
75325  -2.860  0.888  46.079 0.8750000000
75539  -19.176  1.252  30.412 0.2500000000
75347  -2.453  1.054  44.788 0.7500000000
75348  -3.133  0.865  44.470 0.8750000000
123211  -2.452  0.898  43.991 0.7500000000
75359  -2.419  0.760  43.121 0.7500000000
116789  -0.780  0.758  43.069 0.7500000000
75372  -2.339  0.704  42.326 0.7500000000
117006  -0.665  0.677  42.116 0.7500000000
117017  -1.698  0.723  41.588 0.7500000000
75385  -2.711  0.694  41.674 0.6250000000
78192  2.353  4.548  40.748 0.7500000000
78184  2.579  3.735  41.127 0.7500000000
121080  0.672  0.813  41.007 0.6250000000
75399  -2.383  0.802  40.842 0.6250000000
119056  -3.126  0.713  41.001 0.5000000000
77274  2.747  2.781  40.580 0.6250000000
76329  2.370  1.857  40.162 0.6250000000
75396  1.396  1.206  40.486 0.6250000000
123526  -0.713  1.144  40.317 0.3750000000
75411  0.828  1.411  39.851 0.3750000000
78208  1.836  4.625  37.694 0.1250000000
79107  1.644  5.238  37.239 0.2500000000
78217  1.126  5.240  36.806 0.2500000000
79095  2.293  5.043  39.261 0.6250000000
78209  1.153  4.499  37.225 0.1250000000
79114  0.523  5.639  36.425 0.2500000000
80107  -42.119  7.172  28.064 0.5000000000
81062  -43.758  9.129  28.051 0.6250000000
81954  -44.719  9.328  28.222 0.6250000000
81970  -45.189  9.782  27.445 0.6250000000
81955  -45.496  9.222  28.217 0.7500000000
133717  -46.086  8.896  28.123 0.8750000000
81073  -46.671  8.294  26.682 0.7500000000
119501  -47.269  7.644  26.957 0.7500000000
80143  -47.406  6.767  25.943 0.6250000000
79205  -47.250  6.280  25.471 0.6250000000
77448  -45.257  3.916  24.239 0.3750000000
128926  -43.728  3.804  24.614 0.2500000000
77447  -44.324  3.535  24.266 0.3750000000
77459  -42.447  3.269  24.084 0.3750000000
78363  -41.305  4.314  20.789 0.2500000000
78380  -43.311  4.646  19.427 0.3750000000
78381  -44.059  4.867  19.171 0.2500000000
80230  -46.930  6.442  17.901 0.3750000000
80231  -47.704  6.876  17.783 0.3750000000
81141  -48.197  7.165  18.784 0.3750000000
81149  -48.589  7.546  17.806 0.3750000000
82087  -49.001  8.354  16.179 0.2500000000
82078  -49.199  8.264  17.253 0.3750000000
83669  -49.693  10.932  15.571 0.2500000000
84517  -49.680  11.652  14.911 0.2500000000
129814  -4.302  1.984  49.671 0.7500000000
75283  -4.813  1.923  48.971 0.7500000000
77216  -4.089  3.403  48.322 0.7500000000
75267  -5.919  1.004  51.495 0.8750000000
75276  -5.677  1.249  50.851 0.8750000000
76274  -4.086  2.603  48.885 0.7500000000
75266  -5.230  1.206  51.608 0.8750000000
75275  -4.717  1.566  50.590 0.8750000000
77215  -3.597  3.375  49.065 0.7500000000
78123  -3.748  4.110  48.648 0.7500000000
75265  -4.102  1.635  51.216 0.8750000000
76263  -3.235  2.292  50.952 0.7500000000
76273  -3.631  2.650  49.616 0.7500000000
78996  -4.057  4.828  48.424 0.6250000000
79005  -5.147  5.090  47.024 0.5000000000
78133  -5.437  4.360  46.510 0.5000000000
126976  -3.459  1.811  51.856 0.7500000000
76267  -2.747  3.235  50.656 0.7500000000
77208  -3.203  3.337  49.827 0.7500000000
78989  -4.028  5.377  49.105 0.6250000000
79017  -6.456  5.299  45.630 0.5000000000
78153  -7.720  4.633  45.236 0.5000000000
78117  -2.893  3.883  50.125 0.7500000000
79893  -9.851  5.968  45.871 0.3750000000
78155  -9.164  4.999  45.600 0.5000000000
77247  -8.361  4.035  45.537 0.5000000000
76258  -2.171  2.427  52.755 0.7500000000
77204  -2.140  3.657  51.432 0.7500000000
79019  -10.350  5.671  46.726 0.5000000000
78145  -10.185  4.781  46.816 0.5000000000
76257  -1.407  2.980  53.217 0.8750000000
77203  -1.656  4.181  52.095 0.7500000000
79871  -11.383  6.255  48.875 0.3750000000
77315  -16.757  3.923  36.016 0.2500000000
76248  -0.161  2.106  55.281 1.0000000000
76251  -0.664  2.207  54.788 1.0000000000
80789  -11.952  6.816  50.253 0.3750000000
140308  1.543  0.481  54.506 1.0000000000
75238  0.817  1.198  55.542 1.0000000000
75241  0.633  1.930  55.453 1.0000000000
81698  -13.842  8.631  51.777 0.3750000000
77329  -17.468  3.528  35.365 0.2500000000
128102  1.464  1.917  51.861 1.0000000000
73385  1.420  0.594  53.418 1.0000000000
118652  1.612  1.289  53.698 1.0000000000
136836  -15.781  7.855  51.987 0.3750000000
77344  -17.485  3.710  34.357 0.2500000000
77345  -18.167  3.187  34.733 0.2500000000
79867  -16.819  6.613  49.943 0.2500000000
77360  -18.165  3.384  33.737 0.2500000000
75264  1.278  1.531  51.092 1.0000000000
80803  -16.104  7.108  48.374 0.3750000000
74286  0.760  0.907  51.384 1.0000000000
76437  -18.600  2.952  32.185 0.2500000000
75273  0.975  1.203  50.405 1.0000000000
138243  -0.818  0.773  48.455 0.8750000000
75293  -0.647  0.962  47.847 0.8750000000
75323  -1.003  1.264  46.360 0.8750000000
75324  -2.060  1.150  46.321 0.8750000000
132870  -1.516  1.253  45.641 0.8750000000
75346  -0.916  1.168  44.891 0.7500000000
136256  -1.739  1.029  44.375 0.7500000000
75371  -1.632  0.742  42.626 0.7500000000
77268  2.497  2.903  41.616 0.6250000000
76318  2.165  2.109  42.209 0.6250000000
75369  1.300  0.857  42.323 0.7500000000
75370  0.257  0.672  42.653 0.7500000000
76324  2.421  2.012  41.180 0.7500000000
75382  1.975  1.361  41.743 0.7500000000
75383  1.432  0.941  41.376 0.7500000000
120704  0.485  0.683  41.748 0.7500000000
123192  1.659  5.172  41.189 0.6250000000
75395  2.064  1.375  40.973 0.7500000000
79085  1.862  5.364  40.372 0.6250000000
79106  1.901  5.236  37.816 0.3750000000
81968  -43.285  9.886  27.153 0.5000000000
81969  -44.336  9.930  27.308 0.7500000000
81060  -41.787  7.749  27.327 0.5000000000
81061  -42.681  8.529  27.754 0.5000000000
81071  -45.250  9.254  26.362 0.7500000000
80121  -45.877  8.263  26.306 0.6250000000
81063  -45.887  9.310  27.478 0.8750000000
81072  -46.058  8.777  26.586 0.7500000000
80141  -46.077  7.309  25.976 0.6250000000
80140  -45.020  7.671  25.997 0.6250000000
81115  -39.246  8.066  20.677 0.1250000000
80122  -46.515  7.899  26.315 0.7500000000
80142  -46.908  7.062  25.894 0.6250000000
131430  -45.243  6.365  25.787 0.6250000000
78323  -45.493  5.424  25.341 0.6250000000
79203  -44.466  5.483  25.554 0.6250000000
78334  -45.868  4.728  24.658 0.5000000000
78333  -44.516  4.433  24.941 0.6250000000
77458  -41.594  3.621  23.771 0.3750000000
77472  -40.786  3.740  22.392 0.2500000000
78357  -41.091  4.528  21.582 0.3750000000
78364  -42.164  4.738  20.341 0.3750000000
79267  -44.601  5.465  19.769 0.2500000000
79268  -45.347  5.726  19.608 0.5000000000
80224  -46.924  6.405  19.019 0.3750000000
81140  -47.605  7.099  19.659 0.3750000000
80225  -47.511  6.723  18.611 0.3750000000
139873  -48.319  7.609  19.677 0.3750000000
81142  -48.939  7.860  19.167 0.3750000000
82071  -49.409  8.462  18.470 0.3750000000
120717  -49.431  8.845  16.825 0.3750000000
82079  -49.626  9.119  17.795 0.3750000000
82088  -49.420  9.058  15.951 0.2500000000
82876  -49.623  9.766  16.998 0.3750000000
84511  -49.510  11.807  16.750 0.3750000000
85290  -49.378  13.230  16.191 0.3750000000
123579  -49.526  12.569  15.298 0.2500000000
85301  -49.420  13.395  15.019 0.3750000000
84526  -49.740  12.345  14.164 0.2500000000
79004  -4.587  4.967  47.749 0.6250000000
79016  -5.748  5.213  46.284 0.5000000000
79892  -6.181  6.060  46.212 0.5000000000
79869  -4.620  5.591  48.491 0.6250000000
79027  -7.258  5.355  45.178 0.5000000000
80830  -7.391  7.008  45.378 0.5000000000
78111  -2.495  4.156  50.715 0.7500000000
78112  -2.961  4.598  50.161 0.7500000000
79894  -10.222  6.533  46.090 0.3750000000
79030  -9.263  5.739  45.394 0.3750000000
127604  -7.659  6.155  44.987 0.3750000000
78107  -2.118  4.556  51.432 0.7500000000
79881  -11.102  6.337  48.005 0.3750000000
77199  -1.208  3.885  52.937 0.8750000000
80793  -12.082  7.573  49.643 0.3750000000
119863  -11.802  7.615  48.712 0.3750000000
77193  0.350  3.678  54.878 0.8750000000
77196  -0.727  3.544  53.881 0.8750000000
81704  -13.368  8.180  51.582 0.3750000000
81721  -12.502  8.321  49.971 0.3750000000
74263  1.535  1.086  54.504 1.0000000000
75240  1.004  2.108  55.220 1.0000000000
76246  0.766  2.682  55.177 1.0000000000
81700  -15.010  8.281  52.111 0.3750000000
82590  -14.237  9.869  51.188 0.3750000000
77316  -17.434  3.427  36.365 0.2500000000
75255  1.575  1.711  52.835 1.0000000000
76252  1.675  2.195  53.735 1.0000000000
134510  1.519  2.272  54.429 1.0000000000
80783  -17.090  7.918  51.178 0.2500000000
81708  -16.605  8.780  51.413 0.2500000000
77330  -18.153  3.043  35.713 0.2500000000
76262  1.533  2.515  51.726 1.0000000000
79860  -17.397  7.078  50.101 0.2500000000
81713  -17.571  7.583  50.525 0.2500000000
80804  -17.007  7.294  48.743 0.3750000000
121800  1.480  2.063  50.772 0.8750000000
76266  1.517  2.507  50.049 1.0000000000
75281  1.200  1.394  49.475 1.0000000000
80811  -15.650  7.538  47.629 0.3750000000
139499  1.339  1.663  50.266 1.0000000000
120623  0.584  0.933  49.077 1.0000000000
125688  0.473  1.119  47.770 0.8750000000
118615  -0.242  1.175  47.084 0.8750000000
75322  0.316  1.295  46.157 0.7500000000
75335  -0.611  1.252  45.656 0.7500000000
75333  1.085  1.410  45.438 0.6250000000
75334  0.266  1.178  45.199 0.7500000000
75355  1.429  1.423  43.980 0.6250000000
75357  0.131  0.775  43.505 0.7500000000
78176  1.682  4.721  42.382 0.6250000000
118635  2.087  3.123  42.647 0.6250000000
75368  1.750  1.431  42.486 0.6250000000
131665  1.424  1.140  43.143 0.6250000000
119348  0.940  0.772  43.115 0.7500000000
78175  2.196  3.880  42.056 0.6250000000
78185  1.986  4.584  41.584 0.6250000000
79086  0.784  5.779  41.094 0.6250000000
79977  1.820  5.920  38.932 0.5000000000
79101  2.014  5.419  38.377 0.3750000000
79112  1.766  5.947  37.393 0.3750000000
79113  1.393  6.003  36.778 0.3750000000
79096  1.712  5.817  39.661 0.5000000000
130791  1.925  5.911  37.871 0.3750000000
81976  -41.733  9.733  26.253 0.3750000000
128389  -43.799  10.302  26.437 0.7500000000
81990  -44.237  10.078  25.928 0.7500000000
81967  -42.222  9.258  26.997 0.5000000000
81979  -44.795  10.037  26.714 0.7500000000
82019  -39.601  9.186  21.882 0.2500000000
78322  -43.797  4.955  25.340 0.6250000000
77446  -42.905  3.817  24.599 0.6250000000
77445  -42.066  4.112  24.341 0.6250000000
134109  -41.524  4.549  23.801 0.6250000000
78343  -41.052  4.128  23.211 0.5000000000
78365  -43.057  4.989  20.064 0.3750000000
80214  -45.006  6.058  20.315 0.5000000000
80215  -45.723  6.435  20.229 0.5000000000
81129  -47.182  7.721  20.515 0.3750000000
81130  -47.853  8.056  20.499 0.3750000000
82061  -48.652  8.392  20.195 0.3750000000
82848  -48.518  9.584  20.356 0.3750000000
82062  -49.349  8.928  19.651 0.3750000000
82859  -49.085  10.141  19.654 0.3750000000
82063  -49.642  9.592  18.914 0.3750000000
82868  -49.267  10.638  18.911 0.3750000000
118772  -49.631  10.188  18.193 0.3750000000
83647  -49.333  11.116  18.268 0.3750000000
136951  -49.603  10.793  16.786 0.3750000000
133546  -49.393  11.494  17.633 0.3750000000
85270  -49.298  12.776  16.870 0.3750000000
86103  -49.251  14.001  16.126 0.3750000000
85289  -49.085  13.664  16.645 0.3750000000
79870  -5.347  6.392  48.648 0.6250000000
137171  -5.648  6.366  47.768 0.5000000000
79879  -6.154  6.767  47.142 0.5000000000
80829  -6.656  6.879  46.120 0.5000000000
79863  -4.673  6.067  49.379 0.7500000000
80817  -7.099  7.540  46.039 0.3750000000
78984  -3.985  5.735  49.956 0.7500000000
79864  -5.349  6.693  49.702 0.7500000000
119129  -8.623  7.143  44.912 0.3750000000
133411  -7.969  7.432  45.045 0.3750000000
78982  -2.623  4.970  50.893 0.7500000000
78983  -3.272  5.359  50.427 0.7500000000
79907  -9.438  6.643  45.272 0.3750000000
80832  -9.432  7.711  45.107 0.3750000000
78101  -1.265  4.836  52.841 0.8750000000
78977  -2.290  5.264  51.722 0.7500000000
80809  -11.122  7.119  47.392 0.3750000000
80819  -11.175  7.973  46.825 0.3750000000
125600  -0.668  4.532  53.742 0.8750000000
81720  -12.220  8.261  49.030 0.3750000000
77190  1.188  3.494  54.716 1.0000000000
77192  0.663  3.610  54.912 0.8750000000
78095  0.561  4.383  54.704 0.8750000000
130175  -14.356  10.687  50.711 0.2500000000
82600  -13.784  9.866  50.892 0.3750000000
76256  1.629  2.403  52.735 1.0000000000
83368  -14.718  10.358  51.088 0.2500000000
82593  -15.909  9.761  51.295 0.2500000000
77207  1.566  3.233  51.538 0.8750000000
82594  -16.855  9.621  51.056 0.2500000000
136311  -17.419  8.546  50.954 0.2500000000
80796  -17.862  7.480  49.878 0.2500000000
139037  1.521  2.631  50.889 0.8750000000
75272  1.479  1.946  49.714 1.0000000000
75280  1.487  1.848  48.728 0.8750000000
81729  -17.499  7.877  48.315 0.3750000000
75290  1.540  2.049  47.784 0.6250000000
75308  0.813  1.374  47.006 0.7500000000
75307  1.331  1.797  46.981 0.6250000000
75321  1.164  1.591  46.257 0.6250000000
75332  1.410  1.834  45.631 0.6250000000
77255  1.721  3.104  44.161 0.6250000000
76309  1.663  2.245  44.248 0.6250000000
116701  1.787  3.645  43.590 0.6250000000
77261  1.797  2.725  43.396 0.6250000000
79072  1.014  5.347  41.879 0.6250000000
137985  -0.002  5.988  41.201 0.6250000000
79963  0.075  6.216  40.714 0.6250000000
79962  1.010  6.087  40.214 0.6250000000
79993  1.848  6.351  38.292 0.3750000000
80004  1.832  6.605  37.640 0.3750000000
80017  1.704  6.779  37.083 0.3750000000
80018  1.396  6.963  36.570 0.3750000000
79978  1.276  6.486  39.342 0.3750000000
80905  1.754  7.199  38.058 0.3750000000
80919  1.803  7.438  37.408 0.3750000000
82805  -42.622  10.693  25.577 0.5000000000
81978  -43.361  10.688  25.751 0.7500000000
81989  -43.515  10.216  25.309 0.7500000000
81083  -43.842  9.052  25.374 0.6250000000
81977  -42.710  10.476  26.293 0.5000000000
81084  -44.560  8.912  25.849 0.7500000000
80139  -43.918  7.321  25.616 0.6250000000
80138  -43.193  7.771  25.029 0.6250000000
82819  -40.715  10.368  23.112 0.3750000000
120847  -41.080  10.325  23.652 0.3750000000
123277  -44.399  6.433  25.759 0.6250000000
79202  -43.716  5.865  25.539 0.6250000000
79201  -43.074  6.363  25.202 0.6250000000
82818  -40.224  10.086  22.913 0.2500000000
82834  -40.175  9.945  22.292 0.2500000000
79214  -42.454  5.690  24.773 0.6250000000
79213  -41.956  6.182  24.210 0.6250000000
78321  -43.085  5.243  25.228 0.6250000000
78330  -41.943  5.094  24.329 0.6250000000
78331  -42.577  4.667  24.787 0.6250000000
79218  -41.554  5.593  23.616 0.6250000000
119318  -41.244  4.987  23.125 0.6250000000
140850  -41.266  5.399  22.457 0.6250000000
79242  -41.527  5.530  21.707 0.6250000000
118041  -41.045  4.745  22.414 0.5000000000
120418  -41.834  5.016  21.004 0.5000000000
79255  -42.204  5.823  21.018 0.6250000000
133080  -42.633  5.374  20.555 0.5000000000
140630  -42.952  5.970  20.752 0.6250000000
79257  -44.267  5.928  20.386 0.5000000000
79256  -43.457  5.618  20.391 0.5000000000
137999  -44.625  6.444  20.439 0.6250000000
82060  -45.221  9.497  19.745 0.3750000000
81127  -44.859  7.097  20.498 0.6250000000
82045  -45.872  8.910  20.415 0.3750000000
133487  -47.229  9.890  20.205 0.3750000000
123528  -46.458  8.088  20.614 0.3750000000
83645  -47.562  10.769  18.764 0.3750000000
139988  -47.257  10.745  17.794 0.3750000000
83641  -48.585  10.888  19.131 0.3750000000
83646  -48.990  11.318  18.500 0.3750000000
84493  -48.773  12.604  17.231 0.3750000000
83656  -48.728  11.853  17.778 0.3750000000
85269  -49.088  12.840  17.125 0.3750000000
85288  -48.830  13.407  16.776 0.3750000000
125333  -48.809  14.134  16.458 0.3750000000
79878  -6.000  6.961  48.219 0.6250000000
80808  -6.492  7.511  47.795 0.6250000000
80816  -6.736  7.522  46.841 0.3750000000
79848  -3.492  6.311  52.090 0.7500000000
79839  -4.129  6.764  52.488 0.7500000000
80831  -8.485  8.001  45.047 0.3750000000
79838  -2.083  6.503  53.336 0.7500000000
79855  -3.843  5.976  50.942 0.7500000000
82629  -11.144  8.812  46.294 0.3750000000
81744  -10.651  8.215  45.935 0.3750000000
79829  0.724  6.406  54.186 0.8750000000
79832  0.071  6.668  54.215 0.7500000000
78967  -0.752  5.456  53.700 0.8750000000
81736  -11.721  8.702  47.369 0.3750000000
78100  1.677  5.121  53.187 0.8750000000
134046  1.528  5.531  53.845 0.8750000000
136000  0.428  5.869  54.356 0.8750000000
137406  0.076  6.054  54.335 0.8750000000
78097  0.027  5.292  54.449 0.8750000000
83385  -13.693  10.990  49.880 0.2500000000
82607  -13.019  9.726  49.646 0.3750000000
119524  1.515  4.082  51.173 0.8750000000
119230  1.623  4.105  52.351 0.8750000000
118952  1.674  4.037  53.410 1.0000000000
78093  1.250  4.369  54.468 0.8750000000
119323  0.626  5.168  54.544 0.8750000000
82608  -13.575  10.324  50.258 0.3750000000
123140  1.638  3.193  52.594 0.8750000000
123624  1.676  3.089  53.564 1.0000000000
83370  -16.148  10.594  50.855 0.2500000000
134255  -17.823  9.361  50.590 0.2500000000
120383  -18.242  8.009  50.024 0.2500000000
81723  -18.801  8.523  49.571 0.2500000000
118630  1.490  4.112  49.958 0.8750000000
77211  1.551  3.153  49.481 0.8750000000
76272  1.533  2.435  49.126 0.8750000000
80805  -17.820  7.556  49.201 0.2500000000
117245  1.514  3.860  48.882 0.8750000000
77225  1.564  2.876  47.711 0.6250000000
117232  1.568  3.574  46.962 0.6250000000
76285  1.528  2.546  46.797 0.6250000000
75320  1.438  2.000  46.295 0.6250000000
77234  1.588  3.318  46.059 0.6250000000
76294  1.534  2.450  45.829 0.6250000000
77244  1.618  3.031  45.063 0.6250000000
79049  1.580  4.704  43.929 0.6250000000
78162  1.658  3.942  44.530 0.6250000000
135153  1.533  4.938  43.157 0.6250000000
78168  1.841  4.191  42.947 0.6250000000
79073  0.008  5.824  41.673 0.6250000000
79074  -0.794  5.939  42.114 0.6250000000
79947  -0.755  6.092  41.223 0.6250000000
118752  -0.700  6.566  40.460 0.5000000000
79980  -1.263  7.065  40.009 0.5000000000
138824  -0.461  6.957  39.996 0.5000000000
80890  -1.112  7.717  39.317 0.5000000000
80888  0.764  7.186  39.134 0.3750000000
81816  0.427  8.394  38.508 0.3750000000
81814  1.646  7.868  37.836 0.3750000000
81988  -43.077  10.345  24.952 0.5000000000
81082  -43.238  9.324  24.851 0.7500000000
81997  -42.661  10.083  24.485 0.6250000000
82810  -41.970  10.633  25.188 0.3750000000
82811  -42.547  10.610  25.078 0.5000000000
81996  -41.797  10.386  24.476 0.5000000000
82815  -41.123  10.288  24.544 0.3750000000
82003  -41.455  10.155  23.500 0.5000000000
80156  -42.047  7.655  23.878 0.7500000000
80157  -42.517  6.901  24.605 0.6250000000
81096  -41.732  8.962  23.195 0.7500000000
81105  -41.495  8.476  22.384 0.6250000000
80170  -41.617  7.477  23.100 0.6250000000
129053  -41.691  6.586  23.596 0.6250000000
80187  -41.538  7.126  22.322 0.6250000000
135083  -41.333  5.669  22.917 0.6250000000
80195  -41.660  6.752  21.720 0.6250000000
79232  -41.456  6.099  22.303 0.6250000000
80202  -41.886  6.484  21.305 0.6250000000
80203  -42.510  6.818  20.786 0.6250000000
80204  -43.499  6.412  20.616 0.6250000000
134126  -44.135  6.845  20.512 0.6250000000
139163  -44.615  8.194  20.306 0.5000000000
82044  -44.905  8.850  20.091 0.5000000000
81128  -45.580  7.840  20.615 0.5000000000
81718  -6.780  8.411  49.923 0.6250000000
81719  -7.015  8.634  48.959 0.6250000000
80772  -4.214  7.257  53.323 0.7500000000
80787  -5.777  7.293  50.975 0.7500000000
80791  -5.872  7.225  50.087 0.6250000000
80792  -6.325  7.670  49.664 0.6250000000
81727  -7.159  8.761  48.050 0.6250000000
81734  -6.961  8.153  47.453 0.3750000000
80768  -3.350  7.736  54.221 0.7500000000
79834  -3.481  6.942  53.229 0.7500000000
80779  -4.813  6.989  52.292 0.7500000000
80786  -5.167  6.861  51.280 0.7500000000
79857  -5.409  6.876  50.491 0.7500000000
82638  -7.757  8.878  46.118 0.3750000000
81743  -7.262  8.164  46.499 0.3750000000
129575  -1.724  8.479  54.454 0.7500000000
79833  -2.532  7.364  53.974 0.7500000000
121178  -1.566  7.286  54.111 0.7500000000
79849  -4.402  6.530  51.561 0.7500000000
139672  -10.310  9.516  45.541 0.3750000000
82641  -9.722  9.342  45.333 0.3750000000
118620  -0.220  7.486  54.097 0.8750000000
120696  -0.717  7.079  54.171 0.7500000000
79837  -1.192  6.269  53.653 0.7500000000
79846  1.150  7.029  52.054 0.7500000000
78970  1.544  5.861  52.526 0.8750000000
79830  1.279  6.854  53.568 0.8750000000
79845  1.318  6.312  51.870 0.8750000000
137822  -13.995  10.584  50.627 0.2500000000
78105  1.565  4.983  51.954 0.8750000000
83375  -14.932  11.116  50.675 0.2500000000
78110  1.410  4.900  50.813 0.8750000000
83371  -17.095  10.490  50.650 0.2500000000
82601  -18.582  9.655  50.124 0.2500000000
120342  1.358  4.956  49.934 0.8750000000
81739  -17.971  8.509  47.758 0.3750000000
78116  1.412  4.667  49.153 0.8750000000
77214  1.560  3.053  48.551 0.7500000000
132338  1.498  3.858  47.903 0.6250000000
78142  1.541  4.295  46.295 0.6250000000
127395  1.220  5.554  45.411 0.6250000000
79039  1.519  4.864  44.955 0.6250000000
79040  1.200  5.474  44.553 0.6250000000
79051  0.312  5.873  43.315 0.6250000000
79050  1.128  5.452  43.667 0.6250000000
79062  0.997  5.405  42.772 0.6250000000
79052  -0.584  6.099  42.992 0.6250000000
79948  -1.699  6.198  41.737 0.6250000000
79063  0.126  5.773  42.445 0.6250000000
79964  -1.786  6.503  40.802 0.6250000000
79965  -2.739  6.708  40.797 0.5000000000
80874  -2.372  7.037  40.258 0.5000000000
124849  -2.002  7.462  39.689 0.5000000000
80889  -0.204  7.338  39.485 0.5000000000
80907  -0.214  7.919  38.965 0.3750000000
80908  -0.885  8.453  38.725 0.2500000000
127174  -1.916  8.706  38.574 0.3750000000
79994  1.434  6.924  38.668 0.3750000000
80906  1.186  7.726  38.460 0.3750000000
81815  1.326  8.462  37.982 0.3750000000
82694  0.912  9.145  37.978 0.3750000000
83501  1.831  10.623  35.853 0.1250000000
81710  -6.718  8.429  51.068 0.7500000000
82606  -7.270  9.284  49.591 0.5000000000
83383  -7.716  10.474  49.212 0.3750000000
82577  -2.517  9.440  54.429 0.7500000000
82578  -3.461  9.520  54.784 0.7500000000
81693  -4.189  8.856  54.943 0.7500000000
80769  -4.219  7.965  54.332 0.7500000000
81696  -5.924  7.878  52.774 0.7500000000
80781  -6.196  7.821  51.574 0.7500000000
80788  -6.297  7.784  50.536 0.7500000000
82612  -7.351  9.352  48.652 0.5000000000
83390  -7.644  10.129  48.389 0.3750000000
82576  -1.889  9.304  54.020 0.7500000000
124871  -2.454  8.290  54.651 0.7500000000
80780  -5.536  7.362  51.986 0.7500000000
83396  -7.864  10.209  47.382 0.3750000000
82581  -1.372  9.427  53.193 0.7500000000
81690  -1.424  8.976  54.108 0.7500000000
137791  -1.015  8.552  54.160 0.7500000000
122359  -1.885  7.980  54.464 0.7500000000
83397  -8.246  10.911  46.997 0.3750000000
81695  -0.572  8.876  53.281 0.7500000000
80771  0.380  8.209  53.049 0.7500000000
79831  0.578  7.518  53.724 0.7500000000
80778  0.718  7.805  52.080 0.7500000000
79836  1.096  7.455  52.957 0.7500000000
79835  1.458  6.662  52.807 0.7500000000
82626  -5.174  10.021  46.373 0.5000000000
135801  0.808  7.229  51.376 0.7500000000
79854  0.998  6.543  51.072 0.7500000000
82617  -3.723  9.113  47.516 0.5000000000
82624  -3.796  8.806  46.902 0.5000000000
78976  1.373  5.636  51.469 0.8750000000
81733  -3.176  8.612  47.264 0.6250000000
78981  1.243  5.521  50.475 0.8750000000
81742  -4.185  8.720  46.274 0.5000000000
78987  1.188  5.452  49.435 0.8750000000
78993  1.329  5.080  48.477 0.6250000000
132540  1.414  4.686  47.887 0.6250000000
79002  1.275  5.298  47.682 0.6250000000
120965  1.484  4.614  47.130 0.6250000000
81760  -4.231  7.991  44.916 0.5000000000
79003  1.040  5.802  47.239 0.6250000000
79014  1.480  5.020  46.470 0.6250000000
80828  -3.359  7.576  45.200 0.5000000000
79916  0.669  6.099  45.016 0.6250000000
79926  -0.386  6.257  43.838 0.6250000000
79041  0.520  5.979  44.190 0.6250000000
79936  -1.512  6.249  42.676 0.6250000000
79927  -1.257  6.406  43.507 0.6250000000
79950  -3.408  6.733  41.162 0.5000000000
80892  -4.048  7.587  39.988 0.5000000000
80876  -4.920  8.062  40.125 0.5000000000
80891  -2.937  7.506  39.752 0.5000000000
81806  -4.504  8.354  39.347 0.5000000000
81804  -2.195  8.084  39.118 0.5000000000
81805  -3.462  8.126  39.212 0.5000000000
81817  -2.903  8.630  38.571 0.5000000000
136137  -0.570  9.682  37.979 0.3750000000
83480  -0.490  10.494  37.628 0.2500000000
82709  0.380  9.846  37.834 0.3750000000
84268  0.311  11.397  37.222 0.1250000000
83479  0.875  10.675  37.423 0.3750000000
84283  1.675  12.010  36.266 0.1250000000
85108  1.591  12.575  35.437 0.1250000000
84297  1.719  11.682  35.542 0.1250000000
82579  -4.363  9.516  55.016 0.7500000000
134374  -5.033  9.687  55.047 0.7500000000
82580  -6.531  9.600  54.595 0.7500000000
82598  -7.494  9.922  51.117 0.6250000000
82597  -7.163  9.128  50.586 0.5000000000
83374  -7.694  10.437  50.188 0.3750000000
81694  -6.005  8.922  54.508 0.7500000000
121699  -6.705  9.079  53.906 0.7500000000
82584  -6.979  9.051  52.904 0.7500000000
131452  -7.787  10.724  51.010 0.5000000000
82582  -2.102  9.816  53.313 0.7500000000
84182  -8.336  11.605  47.685 0.3750000000
83391  -7.964  10.800  47.979 0.3750000000
83388  -4.654  10.649  48.863 0.5000000000
82611  -4.149  9.958  48.549 0.6250000000
83394  -4.797  10.456  47.968 0.5000000000
83395  -5.269  11.019  47.294 0.5000000000
83402  -5.327  10.741  46.624 0.5000000000
82610  -3.574  9.414  48.289 0.6250000000
83401  -4.959  10.164  47.161 0.5000000000
81701  -0.005  8.578  51.871 0.7500000000
81717  -2.791  9.198  48.944 0.6250000000
82618  -4.298  9.702  47.739 0.5000000000
81725  -3.008  8.922  47.998 0.6250000000
81750  -4.583  8.666  45.456 0.5000000000
132206  -2.566  8.486  47.669 0.6250000000
81732  -2.525  8.086  46.934 0.6250000000
81741  -3.420  8.335  46.541 0.5000000000
81749  -3.828  8.111  45.773 0.5000000000
79853  1.059  5.994  50.274 0.7500000000
133675  0.908  6.094  49.466 0.7500000000
80815  -2.984  7.770  46.060 0.5000000000
78994  1.056  5.716  48.501 0.6250000000
138248  1.082  5.699  47.836 0.6250000000
80814  -2.105  7.552  46.251 0.6250000000
80827  -2.469  7.332  45.468 0.6250000000
81761  -5.038  8.630  44.517 0.5000000000
132859  1.332  5.313  46.929 0.6250000000
80841  -4.603  7.903  44.144 0.5000000000
79875  0.491  6.486  47.404 0.6250000000
79888  0.677  6.261  46.647 0.6250000000
80850  -4.499  7.534  43.287 0.5000000000
81781  -5.205  8.020  42.729 0.5000000000
79917  -0.201  6.425  44.660 0.6250000000
79904  -1.869  6.943  44.909 0.6250000000
80848  -2.949  6.914  43.787 0.5000000000
79918  -1.201  6.632  44.293 0.6250000000
135020  -1.690  6.606  43.826 0.5000000000
80849  -3.687  7.061  43.378 0.5000000000
80857  -4.679  7.418  42.239 0.5000000000
79929  -3.091  6.751  42.911 0.6250000000
80856  -3.951  6.967  42.592 0.5000000000
80866  -4.720  7.409  41.328 0.5000000000
79928  -2.162  6.577  43.324 0.6250000000
79937  -2.430  6.432  42.344 0.5000000000
79938  -3.306  6.640  42.005 0.5000000000
132799  -4.081  6.944  41.671 0.5000000000
81807  -5.194  8.780  39.652 0.5000000000
82697  -3.405  9.225  38.094 0.5000000000
81818  -3.983  8.724  38.606 0.5000000000
84269  -1.021  11.349  37.241 0.1250000000
83481  -1.921  10.598  37.505 0.2500000000
82710  -1.527  9.821  37.869 0.2500000000
82696  -2.293  9.213  38.166 0.3750000000
128974  -4.312  9.345  38.205 0.3750000000
84285  -1.529  12.074  36.845 0.1250000000
84284  -0.162  12.097  36.846 0.1250000000
84267  1.390  11.377  36.884 0.1250000000
85109  0.839  12.686  36.164 0.1250000000
83362  -3.676  10.234  54.024 0.6250000000
83357  -4.058  9.915  54.757 0.6250000000
83358  -4.728  10.047  54.910 0.7500000000
82573  -5.499  10.182  55.042 0.6250000000
82575  -6.265  10.246  55.047 0.5000000000
83360  -6.965  10.374  54.694 0.6250000000
82583  -2.916  10.054  53.669 0.6250000000
82585  -7.166  9.838  53.723 0.6250000000
83364  -7.629  10.659  53.109 0.5000000000
83367  -7.711  10.657  51.919 0.5000000000
84156  -7.958  11.418  51.479 0.5000000000
84159  -7.952  11.265  50.485 0.3750000000
84169  -7.906  11.053  49.680 0.3750000000
123989  -8.326  12.153  48.611 0.5000000000
84176  -8.013  11.235  48.789 0.3750000000
82605  -3.960  10.125  49.392 0.6250000000
83389  -5.212  11.420  48.182 0.5000000000
129703  -8.694  12.177  47.107 0.5000000000
130202  -0.926  9.231  52.025 0.7500000000
120788  -3.506  9.676  49.001 0.6250000000
84187  -5.357  11.573  46.531 0.5000000000
140863  -1.662  8.411  48.594 0.6250000000
81715  -1.186  8.401  49.212 0.7500000000
83412  -5.435  10.854  45.821 0.5000000000
80784  0.645  7.066  50.556 0.7500000000
118876  -2.296  8.658  48.360 0.6250000000
82637  -5.332  9.995  45.653 0.5000000000
131647  -5.429  11.255  45.113 0.5000000000
82636  -5.221  9.408  45.157 0.5000000000
83419  -5.486  10.420  44.895 0.5000000000
80807  -1.607  7.625  46.982 0.6250000000
82646  -5.475  9.596  44.289 0.5000000000
129151  0.660  6.423  48.797 0.6250000000
81762  -5.411  8.963  43.800 0.5000000000
79868  0.313  6.817  48.171 0.7500000000
81771  -5.124  8.263  43.611 0.5000000000
125317  -5.559  9.631  43.441 0.5000000000
79889  0.076  6.697  46.258 0.6250000000
79890  -0.743  6.979  45.950 0.6250000000
81772  -5.486  8.798  43.083 0.5000000000
79902  -0.009  6.568  45.476 0.6250000000
79903  -0.929  6.812  45.157 0.6250000000
80826  -1.587  7.170  45.679 0.6250000000
81782  -5.505  8.640  42.218 0.5000000000
80858  -5.227  7.921  41.801 0.5000000000
82670  -5.571  9.128  40.937 0.5000000000
81796  -5.366  8.601  40.503 0.5000000000
82687  -5.349  9.450  39.360 0.5000000000
82698  -4.916  9.147  38.779 0.5000000000
83468  -4.902  9.973  38.204 0.3750000000
83482  -3.316  10.731  37.422 0.3750000000
82712  -3.940  9.907  37.762 0.3750000000
84270  -2.314  11.379  37.143 0.1250000000
85110  -0.704  12.779  36.381 0.1250000000
85122  0.061  13.410  35.703 0.1250000000
127088  -4.396  10.449  54.356 0.6250000000
84149  -5.387  11.830  54.315 0.5000000000
84145  -6.000  11.736  54.975 0.5000000000
84146  -6.552  11.724  55.044 0.5000000000
84147  -7.146  11.751  54.908 0.5000000000
84996  -8.038  12.251  52.021 0.5000000000
84999  -8.242  12.916  50.382 0.5000000000
85783  -8.320  13.760  49.968 0.5000000000
83366  -4.151  10.869  51.855 0.6250000000
84151  -4.623  11.351  52.418 0.6250000000
84989  -7.156  12.736  54.841 0.5000000000
128377  -7.638  12.076  54.362 0.5000000000
84993  -7.907  12.358  53.293 0.5000000000
126383  -7.891  11.465  52.595 0.5000000000
84160  -8.134  12.125  50.916 0.5000000000
85004  -8.355  12.902  49.337 0.5000000000
85791  -8.503  13.803  49.019 0.5000000000
85806  -8.784  13.937  47.958 0.5000000000
83365  -3.503  10.525  52.666 0.6250000000
83373  -4.260  10.803  50.755 0.6250000000
84154  -4.695  11.356  51.249 0.6250000000
84158  -5.145  11.919  50.763 0.5000000000
135906  -8.545  12.370  47.784 0.5000000000
86642  -8.671  14.774  47.979 0.5000000000
83381  -3.758  10.289  50.299 0.6250000000
84157  -4.835  11.355  50.278 0.6250000000
84168  -5.287  12.192  49.490 0.5000000000
126133  -5.295  12.230  48.746 0.5000000000
85021  -9.660  13.111  46.616 0.3750000000
82587  -2.723  10.155  52.072 0.6250000000
82604  -3.102  9.738  49.887 0.6250000000
85020  -5.259  12.323  47.845 0.5000000000
82603  -2.182  9.246  49.962 0.6250000000
84181  -5.331  11.755  47.349 0.5000000000
85031  -5.195  12.290  46.994 0.5000000000
116120  -1.352  8.834  50.004 0.7500000000
85043  -5.149  12.246  46.169 0.5000000000
117868  0.372  7.800  51.096 0.7500000000
81716  -1.904  8.804  49.167 0.6250000000
84195  -5.336  11.742  45.641 0.5000000000
80790  0.075  7.624  50.025 0.7500000000
84200  -5.148  11.851  44.884 0.5000000000
129403  0.853  6.447  50.210 0.7500000000
80798  -1.105  7.978  48.461 0.6250000000
79861  0.578  6.794  49.671 0.7500000000
79862  0.153  7.176  49.017 0.7500000000
80806  -0.991  7.566  47.670 0.6250000000
83424  -5.526  10.431  43.906 0.5000000000
80797  -0.380  7.449  48.334 0.7500000000
79877  -0.677  7.168  46.812 0.6250000000
79876  -0.171  7.102  47.543 0.6250000000
80813  -1.355  7.319  46.337 0.6250000000
83429  -5.492  10.390  42.980 0.5000000000
137054  0.108  6.764  46.917 0.6250000000
83439  -5.508  10.310  41.941 0.5000000000
126301  -5.592  9.839  41.030 0.5000000000
82679  -5.509  9.441  40.182 0.5000000000
83451  -5.516  10.213  40.390 0.5000000000
82699  -5.286  9.814  38.862 0.3750000000
84258  -5.106  10.978  38.242 0.3750000000
86741  -4.329  14.115  36.433 0.3750000000
85113  -4.170  12.764  36.902 0.2500000000
85100  -4.282  11.997  37.237 0.2500000000
128482  -4.111  11.255  37.369 0.2500000000
83483  -4.436  10.674  37.705 0.3750000000
128330  -4.522  14.783  36.609 0.3750000000
85937  -3.618  13.389  36.338 0.2500000000
84271  -3.408  11.609  37.093 0.1250000000
86753  -4.256  14.856  35.884 0.2500000000
86752  -3.455  14.629  35.449 0.1250000000
85952  -2.368  13.659  35.858 0.1250000000
85123  -1.218  13.450  35.903 0.1250000000
86751  -2.284  14.481  35.265 0.1250000000
83363  -4.138  10.804  53.168 0.6250000000
84148  -4.777  11.186  53.737 0.6250000000
84987  -6.442  12.560  55.021 0.5000000000
85761  -6.845  13.448  54.897 0.5000000000
84994  -7.965  13.114  52.467 0.5000000000
84997  -8.138  13.016  51.420 0.5000000000
84995  -5.100  12.692  52.500 0.5000000000
135021  -6.766  12.393  55.053 0.5000000000
84991  -7.633  12.931  54.112 0.5000000000
128411  -7.808  13.216  53.329 0.5000000000
84998  -5.141  12.635  51.272 0.5000000000
86643  -9.227  14.647  47.278 0.3750000000
83372  -3.589  10.463  51.345 0.6250000000
85782  -4.950  13.198  49.917 0.5000000000
85010  -5.179  12.803  49.306 0.5000000000
85822  -10.536  14.556  46.375 0.3750000000
85821  -9.846  14.132  46.755 0.3750000000
82596  -3.108  10.073  50.851 0.6250000000
85805  -5.041  12.938  48.485 0.5000000000
82586  -1.786  9.690  52.057 0.7500000000
82595  -2.383  9.722  50.918 0.6250000000
85804  -4.387  13.270  48.050 0.5000000000
85019  -4.919  12.798  47.541 0.5000000000
81702  -1.534  9.295  50.941 0.7500000000
81709  -0.742  8.800  50.900 0.7500000000
85030  -4.768  12.645  46.712 0.5000000000
85042  -4.567  12.490  45.891 0.5000000000
133809  -0.148  8.269  50.752 0.7500000000
80785  -0.627  8.341  49.979 0.7500000000
116149  -0.507  7.861  49.158 0.7500000000
85050  -5.023  12.207  45.473 0.5000000000
85049  -4.333  12.279  44.875 0.5000000000
127323  -5.378  11.205  44.366 0.5000000000
84206  -5.273  11.110  43.476 0.5000000000
84213  -5.236  11.035  42.546 0.5000000000
131651  -5.085  11.147  40.961 0.5000000000
84235  -5.334  10.943  40.164 0.5000000000
83459  -5.447  10.199  39.536 0.3750000000
83469  -5.299  10.402  38.761 0.3750000000
87583  -4.297  15.243  38.177 0.3750000000
86734  -4.539  14.445  37.861 0.3750000000
87587  -4.542  15.211  37.257 0.3750000000
86736  -4.602  14.268  37.138 0.3750000000
85925  -4.640  13.609  37.692 0.2500000000
85101  -4.622  12.764  37.443 0.3750000000
84272  -4.692  11.411  37.718 0.2500000000
87590  -4.512  15.548  36.382 0.3750000000
86770  -2.828  15.185  34.812 0.1250000000
85763  -5.533  13.801  54.523 0.5000000000
85759  -6.225  13.680  54.835 0.5000000000
84988  -6.652  13.111  55.003 0.5000000000
86611  -7.169  14.301  54.276 0.5000000000
86623  -8.000  14.474  51.318 0.5000000000
85777  -8.198  13.794  50.910 0.5000000000
128344  -8.124  14.851  49.948 0.5000000000
85766  -4.924  13.470  53.339 0.5000000000
139814  -6.287  15.400  54.538 0.5000000000
85767  -7.575  13.749  53.760 0.5000000000
86616  -7.839  14.509  52.210 0.5000000000
86629  -7.962  14.929  50.891 0.5000000000
87503  -8.129  15.134  49.443 0.3750000000
86639  -8.473  14.624  48.758 0.5000000000
85769  -4.476  13.541  51.460 0.5000000000
125849  -8.799  15.208  47.593 0.3750000000
85790  -4.889  13.220  49.227 0.5000000000
87510  -9.268  15.418  47.016 0.3750000000
85781  -4.422  13.527  49.690 0.5000000000
85789  -4.400  13.458  48.888 0.5000000000
85820  -4.236  13.071  47.245 0.5000000000
85029  -3.905  12.848  46.449 0.5000000000
85819  -3.189  13.083  47.035 0.5000000000
85041  -3.590  12.622  45.665 0.5000000000
85057  -3.960  12.065  43.818 0.5000000000
84205  -4.782  11.457  43.038 0.5000000000
84212  -4.627  11.416  42.154 0.5000000000
84221  -4.552  11.480  41.340 0.5000000000
84234  -4.741  11.566  40.527 0.3750000000
84244  -5.016  11.672  39.613 0.3750000000
133990  -4.081  15.804  38.230 0.2500000000
87582  -3.776  15.621  38.673 0.3750000000
84245  -5.309  11.020  39.131 0.3750000000
88361  -4.311  15.927  37.696 0.3750000000
86724  -4.281  14.511  38.572 0.3750000000
85915  -4.527  13.783  38.376 0.3750000000
85091  -4.752  12.830  38.309 0.3750000000
123606  -5.051  11.807  38.611 0.3750000000
128127  -4.874  12.059  37.845 0.3750000000
88365  -4.473  16.149  36.864 0.3750000000
88368  -4.465  16.402  36.024 0.1250000000
87596  -4.323  15.790  35.573 0.1250000000
87606  -3.927  16.062  34.859 0.2500000000
140786  -3.283  15.743  34.641 0.1250000000
87603  -1.115  15.579  33.487 0.1250000000
88381  -2.568  16.619  33.476 0.1250000000
86610  -5.415  14.838  54.693 0.5000000000
86605  -6.078  14.478  54.831 0.5000000000
87484  -3.723  15.749  54.785 0.5000000000
87483  -5.771  15.201  54.750 0.5000000000
86609  -3.661  15.132  54.456 0.5000000000
85765  -4.429  13.707  52.718 0.5000000000
87490  -7.372  15.403  53.007 0.5000000000
120259  -7.716  15.036  52.405 0.5000000000
86622  -7.838  15.049  51.579 0.5000000000
87502  -7.836  15.535  49.973 0.5000000000
87506  -8.319  15.314  48.335 0.3750000000
86615  -3.825  14.254  53.443 0.5000000000
86621  -4.023  13.888  52.206 0.5000000000
87509  -8.604  15.656  47.437 0.3750000000
86620  -3.153  14.076  52.646 0.5000000000
86634  -3.035  13.780  50.623 0.5000000000
140510  -2.789  13.556  49.127 0.5000000000
85779  -2.365  13.670  49.992 0.5000000000
85788  -3.532  13.512  48.591 0.5000000000
87497  0.691  14.909  51.854 0.5000000000
86624  0.788  14.339  51.130 0.5000000000
86638  0.446  13.531  49.225 0.5000000000
133197  -1.850  13.482  49.275 0.5000000000
85803  -3.424  13.330  47.798 0.5000000000
85785  -0.389  13.208  48.392 0.5000000000
85801  -1.281  13.029  47.610 0.5000000000
85028  -2.867  12.790  46.280 0.5000000000
138138  1.578  15.281  50.874 0.5000000000
87501  1.433  14.726  50.599 0.5000000000
86632  1.074  14.052  50.016 0.5000000000
85800  -0.094  12.964  47.488 0.5000000000
85817  -1.000  12.787  46.779 0.5000000000
85040  -2.549  12.575  45.508 0.5000000000
85784  0.718  13.293  48.230 0.5000000000
85027  -1.798  12.671  46.121 0.5000000000
138419  -3.219  12.479  44.997 0.5000000000
85839  -0.719  12.633  45.921 0.5000000000
85039  -1.492  12.505  45.276 0.5000000000
85046  -1.203  12.409  44.407 0.5000000000
85048  -3.226  12.267  44.268 0.5000000000
139297  -1.758  12.262  43.965 0.5000000000
85047  -2.411  12.199  43.904 0.5000000000
135572  -4.277  11.770  43.314 0.5000000000
85061  -2.157  12.091  42.553 0.5000000000
139424  -3.637  11.839  43.082 0.5000000000
85062  -3.079  11.827  42.358 0.5000000000
84211  -3.735  11.724  41.761 0.3750000000
84220  -3.950  11.868  40.945 0.3750000000
85073  -4.324  12.188  40.160 0.3750000000
88359  -2.755  16.730  38.639 0.2500000000
88348  -3.119  15.991  39.007 0.3750000000
87570  -3.354  15.177  39.326 0.3750000000
85905  -3.841  13.790  39.572 0.3750000000
85895  -4.006  12.967  39.864 0.3750000000
88360  -3.705  16.330  38.262 0.2500000000
86723  -3.842  14.507  39.217 0.3750000000
85906  -4.434  13.341  39.088 0.3750000000
85083  -4.692  12.490  39.273 0.3750000000
88364  -4.093  16.718  37.382 0.2500000000
89080  -4.298  16.951  36.467 0.1250000000
89085  -4.278  17.188  35.604 0.1250000000
89094  -4.065  17.405  34.804 0.1250000000
88383  -3.897  16.804  34.501 0.1250000000
87485  -4.753  15.699  54.731 0.5000000000
88265  -5.808  16.373  53.861 0.5000000000
88271  -6.301  16.526  52.871 0.5000000000
87493  -7.114  16.024  52.447 0.5000000000
88284  -7.619  15.848  50.460 0.5000000000
88289  -7.554  16.053  49.690 0.5000000000
87505  -7.916  15.696  49.069 0.3750000000
86613  -1.995  15.328  54.009 0.5000000000
86614  -2.830  14.730  53.870 0.5000000000
88277  -5.764  16.949  52.041 0.5000000000
88278  -6.719  16.499  51.658 0.5000000000
88283  -7.046  16.409  50.453 0.5000000000
88300  -8.193  16.100  47.064 0.3750000000
88309  -8.304  16.182  46.090 0.3750000000
86612  -1.293  15.096  53.539 0.5000000000
86627  -2.537  13.896  51.858 0.5000000000
87487  -0.681  15.402  53.188 0.5000000000
117336  -1.488  14.032  52.269 0.5000000000
87492  0.184  15.280  52.493 0.5000000000
86617  -0.258  14.649  52.631 0.5000000000
86626  -0.676  14.009  51.888 0.5000000000
86625  0.210  14.431  51.961 0.5000000000
87491  0.727  15.470  51.986 0.5000000000
86633  0.181  13.703  50.287 0.5000000000
85772  -1.007  13.604  50.475 0.5000000000
87495  1.616  15.970  51.054 0.5000000000
87500  1.889  15.318  50.284 0.5000000000
87504  2.077  14.962  49.093 0.5000000000
86637  1.255  13.836  48.933 0.5000000000
86640  1.483  13.737  47.499 0.5000000000
135265  0.834  13.074  46.381 0.5000000000
85816  0.112  12.824  46.598 0.5000000000
85038  -0.405  12.594  44.990 0.5000000000
131342  2.111  15.106  48.195 0.5000000000
87507  1.821  14.412  47.678 0.5000000000
85798  1.236  13.465  46.609 0.5000000000
124054  -3.040  11.848  41.759 0.3750000000
85067  -3.154  12.016  41.284 0.3750000000
86711  -3.244  14.371  39.812 0.3750000000
85894  -3.166  13.420  40.312 0.3750000000
87569  -2.584  15.578  39.597 0.2500000000
87558  -2.757  14.922  39.877 0.3750000000
89076  -2.453  17.735  37.720 0.2500000000
89073  -3.234  17.216  37.844 0.2500000000
89834  -3.023  17.811  37.276 0.1250000000
89841  -3.220  18.235  36.523 0.1250000000
120571  -3.734  17.463  36.944 0.1250000000
89840  -2.298  18.855  36.444 0.1250000000
88264  -4.972  16.349  54.334 0.5000000000
88263  -3.947  16.143  54.597 0.5000000000
88269  -4.286  16.750  53.795 0.5000000000
88270  -5.345  16.828  53.301 0.5000000000
88299  -7.371  16.330  47.366 0.3750000000
133246  -2.322  15.991  54.323 0.5000000000
88262  -3.166  15.994  54.639 0.5000000000
88276  -4.708  17.106  52.458 0.5000000000
124774  -6.192  16.834  49.830 0.5000000000
88288  -6.905  16.516  49.361 0.5000000000
121138  -7.272  16.338  48.083 0.5000000000
88973  -5.113  17.159  51.191 0.5000000000
88979  -4.488  17.232  50.384 0.5000000000
88287  -6.113  16.831  48.948 0.5000000000
88292  -5.961  16.841  48.120 0.5000000000
88303  -6.602  16.612  46.741 0.3750000000
87517  -8.741  16.086  45.239 0.3750000000
88273  -1.300  16.605  52.957 0.5000000000
88971  -3.018  17.190  51.728 0.5000000000
88987  -4.743  17.206  49.359 0.5000000000
88996  -5.345  17.089  48.642 0.5000000000
88266  -0.943  16.048  53.517 0.5000000000
128486  -0.286  16.205  52.862 0.5000000000
88281  0.069  16.789  51.940 0.5000000000
88969  -1.165  17.109  51.714 0.5000000000
88272  0.430  15.962  52.331 0.5000000000
88977  -0.670  17.308  50.807 0.5000000000
119203  -1.645  17.384  50.435 0.5000000000
88280  0.946  16.196  51.718 0.5000000000
122908  -0.280  17.541  50.190 0.5000000000
88984  -1.324  17.561  49.565 0.5000000000
88974  1.682  16.800  50.793 0.5000000000
88975  1.360  16.945  51.225 0.5000000000
88286  2.003  16.316  50.470 0.5000000000
134405  2.155  15.824  49.730 0.5000000000
88291  2.261  15.919  48.805 0.5000000000
88296  2.096  16.134  47.658 0.5000000000
137196  1.914  15.208  47.401 0.5000000000
85883  -2.710  12.617  40.955 0.3750000000
85072  -3.509  12.467  40.608 0.3750000000
89072  -2.163  17.391  38.293 0.2500000000
88268  -3.228  16.402  54.192 0.5000000000
88304  -7.447  16.352  46.534 0.3750000000
87516  -7.904  16.191  45.238 0.3750000000
88275  -3.457  17.008  52.928 0.5000000000
88972  -4.079  17.217  51.499 0.5000000000
88297  -5.848  16.892  47.264 0.3750000000
88313  -7.236  16.340  44.741 0.3750000000
129374  -2.547  16.535  53.729 0.5000000000
137667  -3.993  17.277  49.780 0.5000000000
88302  -5.733  16.977  46.392 0.3750000000
131753  -6.645  16.579  45.066 0.3750000000
88316  -7.236  16.282  43.814 0.3750000000
119566  -3.243  17.316  49.723 0.5000000000
88995  -4.537  17.241  48.394 0.5000000000
89014  -4.974  17.298  46.052 0.3750000000
88311  -5.687  17.115  44.105 0.3750000000
88985  -2.360  17.396  49.622 0.5000000000
88994  -3.725  17.397  48.162 0.5000000000
131718  -5.547  17.084  45.559 0.3750000000
117406  -2.216  17.540  48.683 0.5000000000
89001  -3.524  17.525  47.300 0.5000000000
89008  -4.150  17.465  46.501 0.3750000000
89013  -4.322  17.536  45.528 0.3750000000
88983  0.716  17.615  50.360 0.5000000000
117683  -0.444  17.870  49.185 0.5000000000
116725  -2.111  17.753  47.806 0.5000000000
89000  -2.706  17.733  47.169 0.5000000000
88990  1.120  18.211  50.230 0.5000000000
88981  1.999  17.280  50.489 0.5000000000
88285  2.272  16.824  49.697 0.5000000000
87521  -8.028  16.076  44.460 0.3750000000
88315  -6.579  16.630  43.262 0.3750000000
136001  -6.050  16.987  43.489 0.3750000000
89012  -3.536  17.771  45.692 0.3750000000
89016  -3.781  17.908  44.833 0.3750000000
89021  -5.467  17.448  43.300 0.3750000000
88991  0.164  18.363  48.970 0.5000000000
136835  -1.443  18.003  47.673 0.5000000000
89005  -1.874  18.030  46.938 0.5000000000
89756  -3.042  18.244  45.043 0.5000000000
89020  -4.784  18.040  43.202 0.3750000000
89791  -5.974  18.615  41.506 0.3750000000
89758  -2.673  18.919  44.561 0.5000000000
89767  -4.244  18.815  43.116 0.3750000000
90535  -5.716  19.319  41.593 0.3750000000
128683  2.066  18.077  50.515 0.5000000000
91283  -4.380  20.529  42.781 0.3750000000
82625  -4.451  9.367  46.862 0.5000000000
119670  -4.838  9.333  45.974 0.5000000000
62942  -22.279  -10.530  46.513 1.0000000000
135188  -21.437  -15.720  48.758 1.0000000000
58479  -21.453  -15.946  47.152 1.0000000000
115905  -29.994  -11.613  48.473 1.0000000000
115958  -29.273  -10.604  47.527 1.0000000000
63959  -29.297  -11.449  48.720 1.0000000000
65026  -28.284  -9.621  46.555 1.0000000000
65032  -26.739  -9.176  45.995 1.0000000000
65057  -24.991  -9.532  44.235 1.0000000000
117830  -19.167  -15.701  42.174 1.0000000000
116290  -18.981  -16.034  43.075 1.0000000000
124750  -18.059  -15.764  41.070 1.0000000000
65042  -23.787  -9.334  45.260 1.0000000000
63001  -17.776  -11.375  41.429 1.0000000000
63017  -17.538  -11.329  40.582 1.0000000000
49234  -0.922  -24.880  54.347 0.5000000000
116859  -12.836  -19.375  39.409 1.0000000000
54672  -11.420  -19.696  41.330 1.0000000000
129915  -12.673  -19.917  40.882 1.0000000000
54655  -12.289  -20.043  41.751 1.0000000000
115407  -31.252  -11.462  48.078 1.0000000000
55680  -13.597  -18.618  38.268 1.0000000000
55665  -12.773  -18.904  38.748 1.0000000000
54715  -14.187  -19.191  38.774 1.0000000000
115409  -30.404  -11.392  47.624 1.0000000000
137969  -14.017  -16.422  37.805 1.0000000000
57587  -14.833  -16.269  37.891 1.0000000000
130243  -14.989  -18.114  37.905 1.0000000000
126720  -16.307  -17.189  37.892 1.0000000000
130098  -14.222  -18.090  37.891 1.0000000000
57588  -15.766  -16.277  38.033 1.0000000000
63977  -28.938  -9.805  46.146 1.0000000000
56596  -32.282  -17.234  41.636 0.7500000000
58593  -16.913  -15.661  40.137 1.0000000000
58611  -17.700  -15.727  39.479 1.0000000000
65046  -27.310  -9.593  44.841 1.0000000000
58572  -17.764  -16.039  41.778 1.0000000000
57550  -16.883  -16.189  41.843 1.0000000000
64008  -26.848  -9.810  44.260 1.0000000000
57488  -18.437  -16.668  45.066 1.0000000000
57520  -18.143  -16.336  43.290 1.0000000000
139871  -21.127  -10.148  41.960 1.0000000000
59597  -17.826  -13.703  47.177 1.0000000000
64058  -19.868  -10.457  41.277 1.0000000000
64072  -18.965  -10.755  40.249 1.0000000000
46960  -3.405  -26.159  55.319 0.3750000000
48046  -5.123  -25.125  54.315 0.3750000000
50394  0.097  -23.248  54.053 0.5000000000
49244  -4.876  -24.472  54.154 0.3750000000
51399  -5.832  -22.694  53.959 0.5000000000
49255  2.182  -23.901  51.973 0.2500000000
50404  2.744  -23.499  51.647 0.2500000000
54619  -10.208  -19.986  44.000 0.8750000000
120868  -8.476  -19.926  45.553 0.8750000000
140069  -9.833  -19.766  43.382 0.8750000000
54618  -9.215  -19.735  43.918 0.8750000000
118508  -10.128  -19.592  41.942 1.0000000000
54669  -8.607  -19.222  41.612 1.0000000000
54651  -8.524  -19.455  42.384 0.8750000000
134992  -9.958  -19.685  42.710 1.0000000000
53673  -11.325  -20.132  43.061 1.0000000000
55647  -10.247  -18.761  39.982 1.0000000000
55648  -10.920  -18.885  39.689 1.0000000000
54654  -11.487  -19.918  42.235 1.0000000000
55678  -11.696  -17.979  38.446 1.0000000000
55661  -9.699  -18.064  39.551 1.0000000000
55664  -12.100  -18.560  38.679 1.0000000000
56640  -10.815  -16.867  38.543 1.0000000000
57585  -12.226  -16.300  38.066 1.0000000000
62943  -30.119  -10.652  45.144 1.0000000000
58624  -15.159  -15.676  38.514 1.0000000000
62972  -26.956  -10.778  42.887 1.0000000000
64028  -26.294  -10.178  43.462 1.0000000000
133833  -18.539  -16.943  46.193 1.0000000000
64062  -23.095  -10.479  41.772 1.0000000000
118082  -18.120  -17.302  47.160 1.0000000000
57444  -18.135  -17.113  49.561 1.0000000000
64076  -21.831  -10.530  40.850 1.0000000000
59579  -17.905  -14.463  48.488 1.0000000000
60736  -16.638  -12.826  44.823 1.0000000000
64074  -20.385  -10.367  40.690 1.0000000000
64073  -19.683  -10.523  40.503 1.0000000000
64082  -18.816  -10.799  39.445 1.0000000000
64081  -17.997  -11.070  39.167 1.0000000000
53532  3.908  -20.619  50.824 0.5000000000
134670  3.509  -19.980  52.253 0.5000000000
50385  -4.522  -23.895  54.259 0.5000000000
51397  -4.216  -22.921  54.492 0.3750000000
51405  -6.458  -22.332  53.754 0.5000000000
52441  -6.082  -21.863  53.893 0.5000000000
52466  3.645  -21.086  51.557 0.3750000000
53515  3.256  -20.511  52.417 0.5000000000
127013  3.125  -22.183  52.031 0.2500000000
50401  2.351  -23.356  52.271 0.2500000000
51412  2.831  -22.083  52.425 0.3750000000
51409  2.226  -22.299  52.482 0.3750000000
132581  1.943  -23.339  52.564 0.2500000000
51421  3.487  -22.373  50.623 0.2500000000
50407  3.192  -22.850  51.298 0.2500000000
53551  -6.435  -20.537  49.441 0.7500000000
53552  -7.489  -20.654  49.789 0.8750000000
122216  -7.355  -20.821  50.749 0.7500000000
132597  -6.687  -20.638  50.199 0.6250000000
132673  3.565  -16.578  51.913 0.6250000000
51428  3.556  -22.342  49.792 0.2500000000
53577  -7.185  -20.177  47.199 0.8750000000
53600  -7.441  -20.050  46.463 0.8750000000
117247  -6.684  -20.336  47.880 0.8750000000
118094  -7.812  -20.387  48.049 0.8750000000
131257  -8.627  -20.643  48.499 0.8750000000
137554  3.739  -16.683  50.156 0.5000000000
50422  3.293  -23.035  49.271 0.2500000000
54615  -6.327  -19.734  44.296 0.8750000000
54599  -6.965  -19.776  45.019 0.8750000000
54617  -8.182  -19.648  44.080 0.8750000000
54600  -7.885  -19.735  44.899 0.8750000000
123655  -8.917  -20.280  46.948 0.8750000000
53578  -8.083  -20.217  47.138 0.8750000000
53602  -9.654  -20.443  46.670 0.7500000000
126926  -7.147  -18.955  41.864 1.0000000000
55634  -8.608  -18.719  40.875 1.0000000000
116993  2.699  -13.966  50.023 0.6250000000
56629  -9.293  -17.222  39.420 1.0000000000
137741  -8.829  -17.214  39.736 1.0000000000
55645  -7.885  -18.002  40.674 1.0000000000
59558  2.557  -14.153  48.461 0.5000000000
58604  -10.159  -15.602  39.062 1.0000000000
58621  -12.434  -15.513  38.402 1.0000000000
58622  -13.177  -15.368  38.492 1.0000000000
127881  -12.046  -14.875  39.655 1.0000000000
62959  -29.145  -10.594  44.082 1.0000000000
127880  -12.995  -14.997  39.813 1.0000000000
58551  -15.166  -16.217  42.066 1.0000000000
58591  -14.872  -15.438  40.354 1.0000000000
58570  -15.495  -15.879  41.210 1.0000000000
129368  -17.029  -16.692  44.072 1.0000000000
123749  -17.401  -16.833  44.888 1.0000000000
62988  -25.334  -10.792  42.275 1.0000000000
64045  -24.612  -10.353  42.631 1.0000000000
62989  -26.114  -10.745  42.642 1.0000000000
136802  -16.776  -17.111  45.620 1.0000000000
130898  -24.523  -11.286  41.299 1.0000000000
63006  -25.234  -11.343  41.574 1.0000000000
63021  -23.145  -11.465  40.282 1.0000000000
139912  -24.526  -12.643  39.799 1.0000000000
61888  -24.349  -12.169  40.207 1.0000000000
59595  -16.547  -14.045  47.503 1.0000000000
59596  -17.165  -13.978  47.295 1.0000000000
140865  -22.984  -12.492  38.989 1.0000000000
61893  -23.165  -12.121  39.543 1.0000000000
60795  -24.378  -12.970  39.294 1.0000000000
60834  -23.677  -13.387  37.387 0.8750000000
61848  -15.970  -12.708  44.216 1.0000000000
60735  -15.790  -12.951  45.063 1.0000000000
64094  -20.207  -10.604  39.313 1.0000000000
61897  -21.989  -12.449  38.235 1.0000000000
63036  -21.749  -11.841  38.641 1.0000000000
60811  -23.000  -13.252  37.808 0.8750000000
64093  -19.915  -10.828  38.373 1.0000000000
63035  -20.659  -11.325  38.156 1.0000000000
63045  -21.308  -11.949  38.113 1.0000000000
61908  -20.876  -12.418  36.931 1.0000000000
60832  -22.013  -13.178  36.894 1.0000000000
64105  -19.188  -10.809  38.250 1.0000000000
140584  -15.947  -11.556  40.101 1.0000000000
63051  -18.821  -11.003  36.933 1.0000000000
61926  -19.870  -11.977  36.001 0.8750000000
63033  -15.196  -11.439  38.674 1.0000000000
63034  -16.063  -11.480  38.773 1.0000000000
64103  -17.546  -11.107  37.505 1.0000000000
116099  -19.080  -11.329  36.177 1.0000000000
64111  -17.178  -11.027  36.774 1.0000000000
52431  -3.368  -22.473  54.694 0.6250000000
122038  0.504  -22.818  53.426 0.5000000000
51393  -0.956  -23.094  54.479 0.5000000000
51404  -5.790  -22.272  54.061 0.5000000000
52450  -5.611  -21.329  53.770 0.5000000000
53521  -6.046  -20.745  52.620 0.7500000000
52442  2.971  -21.273  52.550 0.5000000000
52433  1.011  -22.175  52.789 0.6250000000
135907  -4.736  -20.809  53.043 0.7500000000
53529  -5.639  -20.678  51.666 0.7500000000
130606  -6.493  -20.755  52.015 0.6250000000
119208  3.018  -18.135  53.139 0.6250000000
53549  -4.599  -20.566  49.082 0.8750000000
53560  -5.119  -20.488  48.446 0.8750000000
129192  -4.926  -20.611  49.889 0.7500000000
53539  -5.281  -20.625  50.745 0.7500000000
53540  -6.362  -20.706  51.011 0.7500000000
136041  -4.898  -20.318  46.222 0.8750000000
53619  -4.487  -20.153  45.470 0.8750000000
53575  -5.595  -20.385  47.616 0.8750000000
53598  -5.549  -20.279  46.656 0.8750000000
139157  -4.631  -18.831  43.414 0.8750000000
55588  -4.195  -19.030  43.898 0.8750000000
54614  -5.433  -19.784  44.379 0.8750000000
118112  -5.481  -20.179  45.784 0.8750000000
133960  -5.190  -19.023  43.105 0.8750000000
54633  -5.726  -19.502  43.620 0.8750000000
55631  -6.568  -18.271  41.675 1.0000000000
61863  -30.404  -11.788  43.436 1.0000000000
60659  2.113  -12.987  49.931 0.7500000000
56604  -6.596  -17.455  41.398 1.0000000000
57563  -8.807  -16.468  39.690 1.0000000000
60783  -29.367  -13.257  40.498 1.0000000000
61766  2.081  -13.050  48.959 0.7500000000
119456  -29.410  -12.384  42.382 1.0000000000
60816  -27.832  -13.462  39.019 1.0000000000
134235  -33.114  -15.192  40.141 0.7500000000
58590  -11.105  -14.843  39.568 1.0000000000
62991  -28.198  -11.520  42.708 1.0000000000
61875  -28.123  -12.070  42.182 1.0000000000
119639  -28.217  -12.745  41.538 1.0000000000
60765  -28.094  -13.182  40.832 1.0000000000
60798  -27.954  -13.498  39.709 1.0000000000
57577  -32.870  -16.137  39.518 0.8750000000
58614  -33.070  -15.594  39.244 0.8750000000
58568  -13.726  -15.658  41.600 1.0000000000
62990  -27.413  -11.509  42.388 1.0000000000
60781  -26.062  -13.051  40.114 1.0000000000
118117  -26.461  -13.407  38.625 1.0000000000
60837  -26.473  -13.214  37.721 0.8750000000
63007  -26.706  -11.770  41.813 1.0000000000
137650  -25.866  -13.389  38.975 1.0000000000
117804  -15.901  -17.262  46.227 1.0000000000
121131  -25.638  -12.546  40.526 1.0000000000
61894  -25.011  -12.948  39.629 1.0000000000
60796  -25.651  -13.194  39.528 1.0000000000
57457  -16.747  -17.494  48.464 1.0000000000
57443  -17.344  -17.219  49.585 1.0000000000
60835  -24.607  -13.361  37.363 0.8750000000
60855  -24.242  -13.304  36.654 0.8750000000
60872  -22.485  -13.307  35.610 0.8750000000
63025  -14.505  -11.333  39.966 0.8750000000
61947  -19.922  -12.375  34.963 0.8750000000
121252  -16.144  -11.015  36.776 0.8750000000
63076  -18.554  -11.303  34.818 0.8750000000
140547  2.345  -20.522  52.714 0.6250000000
52434  0.265  -22.432  53.398 0.6250000000
138014  -2.310  -22.198  54.555 0.6250000000
52437  -2.908  -21.826  54.385 0.7500000000
52447  -2.611  -21.361  53.568 0.7500000000
52471  -4.099  -20.857  52.262 0.7500000000
129116  -3.188  -20.716  49.526 0.8750000000
53538  -4.346  -20.662  50.536 0.7500000000
53537  -3.468  -20.759  50.335 0.7500000000
53527  -3.748  -20.794  51.210 0.7500000000
59524  2.298  -14.007  52.556 0.6250000000
58382  2.563  -14.976  52.928 0.6250000000
53618  -3.519  -20.062  45.652 0.8750000000
57547  -6.821  -16.470  41.208 1.0000000000
123639  1.804  -12.651  48.418 0.8750000000
58588  -8.591  -15.489  40.224 1.0000000000
58603  -9.404  -15.570  39.576 1.0000000000
118475  -33.590  -13.853  37.848 1.0000000000
58547  -11.527  -15.139  42.242 1.0000000000
118091  -10.947  -14.814  41.298 1.0000000000
138497  -29.347  -13.120  39.104 1.0000000000
117083  -13.847  -16.711  45.370 1.0000000000
57502  -14.846  -16.850  44.952 1.0000000000
59711  -32.272  -14.427  34.904 0.8750000000
59563  -16.750  -16.012  50.634 1.0000000000
61949  -25.106  -12.499  34.911 0.8750000000
61989  -26.022  -12.033  34.083 0.8750000000
62982  -14.343  -11.658  42.639 1.0000000000
119864  -24.040  -12.144  33.147 0.8750000000
117649  -14.639  -11.165  38.124 0.8750000000
60883  -21.697  -13.122  34.387 0.8750000000
60896  -21.009  -12.880  33.198 0.8750000000
62001  -21.844  -12.485  32.417 0.8750000000
117376  -21.114  -12.623  32.484 0.8750000000
61983  -19.783  -12.420  33.118 0.8750000000
61982  -19.152  -12.006  32.691 0.8750000000
64119  -15.818  -10.675  35.976 0.8750000000
64143  -16.447  -10.353  33.635 0.8750000000
63110  -18.010  -11.192  32.627 0.8750000000
52458  -2.401  -21.174  52.581 0.7500000000
52469  -2.210  -21.055  51.632 0.7500000000
134220  2.409  -17.080  53.575 0.7500000000
53547  -2.378  -20.707  49.355 0.8750000000
53536  -2.643  -20.806  50.127 0.8750000000
53595  -2.435  -20.163  46.689 0.8750000000
54596  -3.004  -19.363  45.144 0.8750000000
61751  0.689  -12.240  50.561 0.8750000000
56568  -3.881  -17.257  43.926 1.0000000000
60784  -30.698  -12.987  40.564 1.0000000000
118255  -32.468  -12.881  40.148 1.0000000000
61780  1.283  -12.133  48.672 0.8750000000
58542  -6.040  -15.652  42.168 1.0000000000
60801  -31.826  -12.663  39.517 1.0000000000
60820  -33.242  -12.983  38.746 1.0000000000
61900  -32.749  -12.508  38.204 1.0000000000
137412  -33.626  -13.411  37.791 1.0000000000
62891  1.367  -11.929  47.388 0.8750000000
132203  -8.523  -14.783  41.603 1.0000000000
122601  -10.017  -14.708  40.609 1.0000000000
60818  -29.521  -12.866  38.602 1.0000000000
61931  -28.716  -12.247  36.730 0.8750000000
62933  1.298  -11.463  46.068 0.8750000000
63979  0.803  -11.018  45.443 0.8750000000
58548  -12.364  -15.484  42.323 1.0000000000
57501  -13.361  -16.400  44.586 1.0000000000
64035  1.651  -11.482  42.693 0.8750000000
64016  1.566  -11.176  43.646 0.8750000000
57441  -15.464  -17.184  49.880 1.0000000000
61972  -27.303  -11.997  35.080 0.8750000000
66122  -0.984  -7.046  33.329 0.1250000000
60719  -15.025  -12.855  46.314 1.0000000000
137287  -15.433  -13.209  46.199 1.0000000000
63093  -26.769  -11.676  33.816 0.8750000000
62968  -14.051  -11.675  43.537 0.8750000000
62997  -13.950  -11.229  42.046 0.8750000000
64088  -13.976  -10.815  38.669 0.8750000000
62021  -23.017  -11.923  31.848 0.8750000000
61999  -19.782  -12.314  32.241 0.8750000000
62020  -22.178  -12.174  31.809 0.8750000000
64142  -15.646  -10.117  33.939 0.8750000000
62036  -20.483  -12.043  30.893 0.7500000000
64157  -16.568  -10.346  32.807 0.8750000000
54555  2.622  -19.334  53.016 0.6250000000
52467  -0.636  -21.026  52.166 0.8750000000
56513  1.455  -17.982  52.829 0.7500000000
53535  -1.294  -20.669  50.108 0.8750000000
53546  -1.465  -20.533  49.276 0.8750000000
54584  -1.904  -19.365  46.294 0.8750000000
54574  -1.048  -19.447  47.429 0.8750000000
56556  -3.366  -17.591  44.479 0.8750000000
55577  -3.094  -18.383  44.689 0.8750000000
57498  -3.497  -16.798  44.688 0.8750000000
63944  -13.927  -10.742  50.426 1.0000000000
138348  -0.423  -11.823  49.334 0.8750000000
58541  -5.473  -15.656  42.871 1.0000000000
60672  -12.807  -13.361  48.911 1.0000000000
58523  -7.359  -14.782  42.899 1.0000000000
59575  -12.623  -15.042  47.785 1.0000000000
119044  -12.335  -14.690  46.764 1.0000000000
125439  -12.003  -13.882  46.466 1.0000000000
61773  -13.440  -12.413  50.265 1.0000000000
62855  -14.435  -11.235  51.109 1.0000000000
63936  -15.283  -11.182  51.440 1.0000000000
60819  -30.888  -12.702  39.139 1.0000000000
61914  -30.916  -12.281  37.746 1.0000000000
117217  -10.049  -14.686  41.666 1.0000000000
58526  -10.749  -14.808  43.598 1.0000000000
116865  -11.147  -15.045  42.954 1.0000000000
58509  -11.155  -14.825  44.253 1.0000000000
58493  -12.401  -15.747  45.087 1.0000000000
58527  -11.601  -15.298  43.800 1.0000000000
119827  -12.920  -14.397  49.437 1.0000000000
59561  -12.821  -15.004  48.747 1.0000000000
60653  -13.930  -13.764  51.225 1.0000000000
123926  -13.785  -12.952  51.012 1.0000000000
118086  -30.386  -12.125  37.162 1.0000000000
118184  -11.912  -15.492  43.031 1.0000000000
134715  -12.763  -16.105  44.651 1.0000000000
121591  -12.667  -15.845  46.007 1.0000000000
58476  -13.133  -16.386  46.753 1.0000000000
58459  -13.007  -15.848  48.526 1.0000000000
59550  -13.510  -14.786  50.663 1.0000000000
63980  -0.190  -10.902  45.351 0.8750000000
57470  -13.726  -16.824  47.410 1.0000000000
58441  -13.652  -16.380  49.551 1.0000000000
58429  -14.890  -15.984  51.189 1.0000000000
59551  -15.767  -14.919  51.318 1.0000000000
61799  -15.149  -12.188  47.227 1.0000000000
61800  -15.497  -12.604  48.003 1.0000000000
62922  -14.608  -11.591  46.058 1.0000000000
61817  -14.850  -12.238  46.544 1.0000000000
66097  2.436  -8.544  36.011 0.6250000000
66109  1.760  -8.416  34.812 0.3750000000
66099  1.423  -7.859  35.376 0.3750000000
66101  -2.142  -8.269  35.063 0.1250000000
64002  -13.776  -10.512  44.084 0.8750000000
64086  2.591  -10.233  37.984 0.8750000000
66071  2.766  -7.945  37.274 0.8750000000
64021  -13.619  -10.418  43.210 0.8750000000
63158  -23.756  -11.158  30.588 0.8750000000
63134  -23.054  -11.557  31.006 0.8750000000
63157  -22.286  -11.617  30.654 0.8750000000
63156  -21.307  -11.712  30.381 0.7500000000
63154  -19.164  -11.603  30.066 0.7500000000
62035  -19.800  -11.836  30.521 0.7500000000
64174  -16.703  -10.337  31.980 0.7500000000
64176  -17.904  -11.122  30.991 0.7500000000
53545  -0.064  -19.924  49.895 0.8750000000
132146  -0.735  -20.359  49.709 0.8750000000
55555  -0.923  -18.613  47.221 0.8750000000
65974  -14.773  -8.311  49.729 1.0000000000
55568  -1.959  -18.407  45.937 0.8750000000
57483  -2.730  -16.870  45.780 0.8750000000
66919  -15.440  -7.761  49.555 0.8750000000
60619  -0.271  -13.578  54.721 1.0000000000
62859  -0.956  -11.741  48.971 0.8750000000
59511  -1.310  -14.639  55.623 0.8750000000
58504  -4.538  -15.698  44.763 0.8750000000
139677  -6.329  -14.902  43.982 1.0000000000
60702  -11.966  -13.115  46.674 1.0000000000
62893  -1.280  -11.519  47.544 0.8750000000
58371  -2.276  -15.674  55.168 1.0000000000
58525  -9.203  -14.609  42.867 1.0000000000
137764  -1.295  -11.391  46.673 0.8750000000
65005  -17.819  -10.087  49.823 0.8750000000
62935  -0.819  -11.206  46.034 0.8750000000
138768  -2.335  -10.998  44.451 0.8750000000
62868  -16.398  -11.821  50.714 1.0000000000
64018  -0.653  -10.659  43.459 0.8750000000
61774  -16.173  -12.747  50.450 1.0000000000
62881  -16.063  -12.194  49.233 1.0000000000
64054  -1.419  -10.038  41.831 0.8750000000
137511  -1.535  -9.558  41.649 0.8750000000
63975  -15.574  -10.406  46.677 0.8750000000
65028  -15.016  -10.107  45.798 0.8750000000
66046  2.423  -7.625  38.754 0.8750000000
67018  2.283  -6.734  38.878 0.8750000000
67029  2.573  -7.085  38.344 0.8750000000
67050  2.290  -6.676  37.417 0.7500000000
66027  -13.762  -8.185  41.696 0.8750000000
126457  -13.501  -8.924  41.459 0.8750000000
64178  -27.616  -10.752  31.729 0.8750000000
64177  -25.928  -10.863  31.115 0.8750000000
65087  -13.449  -9.358  39.693 0.7500000000
64199  -24.544  -10.718  30.137 0.8750000000
63178  -20.737  -11.416  29.574 0.7500000000
64222  -21.124  -10.878  28.817 0.7500000000
137410  -23.162  -10.571  29.133 0.7500000000
64195  -16.806  -10.270  31.233 0.7500000000
64197  -17.976  -11.044  30.096 0.7500000000
140218  -18.598  -11.299  29.789 0.7500000000
63176  -19.163  -11.194  29.097 0.7500000000
64245  -20.398  -10.553  28.244 0.7500000000
54565  -0.240  -19.268  48.594 0.8750000000
54573  -0.491  -18.919  47.868 0.8750000000
61769  -1.770  -11.897  50.146 0.8750000000
58454  -3.782  -15.992  46.839 0.8750000000
58489  -5.343  -15.327  45.326 1.0000000000
123031  -18.401  -7.381  49.407 0.8750000000
66921  -18.092  -8.012  49.738 0.8750000000
124436  -2.393  -11.613  48.519 0.8750000000
119023  -2.289  -11.542  47.753 0.8750000000
58472  -5.110  -15.477  46.171 1.0000000000
58506  -6.791  -14.893  44.739 1.0000000000
62915  -2.131  -11.446  46.859 0.8750000000
62917  -3.909  -11.279  46.258 0.8750000000
58399  -4.360  -16.285  51.236 1.0000000000
138556  -3.330  -10.782  44.333 0.8750000000
64000  -3.716  -10.106  43.791 0.8750000000
58414  -5.175  -16.229  51.120 1.0000000000
63966  -17.163  -10.447  48.811 0.8750000000
140022  -18.646  -8.839  47.519 0.8750000000
64037  -1.919  -10.323  42.447 0.8750000000
65012  -16.443  -10.291  47.521 0.8750000000
66025  -1.437  -8.895  41.469 0.8750000000
65989  -16.492  -9.162  45.817 0.8750000000
65994  -16.147  -8.773  45.032 0.8750000000
133385  1.531  -6.933  39.966 0.8750000000
68002  1.965  -6.043  38.831 0.7500000000
139781  0.643  -6.930  37.210 0.7500000000
65041  -15.340  -8.911  44.710 0.8750000000
66002  -16.536  -8.259  44.718 0.8750000000
66089  -0.774  -8.228  36.008 0.2500000000
66010  -14.362  -8.357  43.282 0.8750000000
66000  -14.969  -8.402  44.012 0.8750000000
66091  -2.745  -8.631  36.543 0.2500000000
120311  -14.351  -7.636  42.119 0.8750000000
135990  -32.098  -7.978  28.664 0.8750000000
67005  -13.668  -7.809  40.638 0.7500000000
66188  -30.182  -8.529  28.052 0.8750000000
67036  -13.616  -7.520  38.811 0.7500000000
66059  -13.439  -8.543  38.322 0.7500000000
64201  -26.028  -10.631  30.407 0.8750000000
138119  -25.978  -10.362  29.419 0.8750000000
68153  -30.976  -6.805  29.617 0.8750000000
129400  -13.730  -8.019  36.070 0.7500000000
121563  -14.108  -8.910  35.145 0.7500000000
65138  -14.687  -9.026  33.083 0.8750000000
66145  -15.255  -8.793  31.381 0.7500000000
128197  -21.828  -10.445  28.476 0.7500000000
64247  -22.670  -10.388  28.668 0.7500000000
65181  -16.994  -10.068  29.916 0.7500000000
64244  -19.141  -10.663  28.385 0.7500000000
64271  -21.326  -9.604  27.638 0.7500000000
55547  -0.075  -18.462  48.477 0.8750000000
57437  -1.598  -16.562  48.723 0.8750000000
57438  -2.298  -16.409  48.409 0.8750000000
61754  -2.226  -12.088  50.845 0.8750000000
59512  -2.839  -14.796  56.290 1.0000000000
129026  -3.793  -16.065  47.751 1.0000000000
61771  -3.459  -11.888  49.923 0.8750000000
118604  -3.611  -15.909  55.286 1.0000000000
66912  -19.666  -7.136  49.140 0.7500000000
118275  -4.040  -11.538  47.910 0.8750000000
62874  -3.162  -11.588  48.076 0.8750000000
58362  -4.305  -16.053  55.345 1.0000000000
119565  -5.061  -16.395  54.391 1.0000000000
63981  -4.095  -10.601  44.825 0.8750000000
140563  -4.078  -10.209  44.290 0.8750000000
118103  -6.129  -16.407  52.586 1.0000000000
66947  -19.809  -7.748  47.310 0.8750000000
65052  -3.420  -9.587  43.317 0.8750000000
64038  -2.788  -9.929  42.742 0.8750000000
66007  -2.977  -8.969  42.730 0.8750000000
134102  -17.073  -7.970  44.780 0.8750000000
135696  -15.748  -7.802  43.757 0.8750000000
66964  -15.044  -7.818  43.302 0.8750000000
66974  -15.174  -7.324  42.582 0.8750000000
139932  -34.249  -9.691  28.851 1.0000000000
66090  -1.871  -8.559  36.168 0.2500000000
129038  -14.148  -6.657  38.788 0.7500000000
122488  -26.914  -10.249  29.074 0.8750000000
64252  -27.732  -10.160  28.886 0.8750000000
123934  -27.213  -9.749  28.389 0.8750000000
66187  -29.270  -8.402  27.975 0.8750000000
67077  -13.601  -7.953  36.913 0.7500000000
68152  -30.208  -6.730  29.549 0.7500000000
67180  -31.753  -6.975  29.759 0.8750000000
68127  -32.055  -6.801  30.614 0.7500000000
135759  -33.274  -7.078  31.733 1.0000000000
130329  -13.951  -7.924  34.436 0.8750000000
66104  -13.862  -8.095  35.191 0.7500000000
66125  -14.217  -8.291  33.664 0.7500000000
65211  -24.931  -9.596  28.223 0.7500000000
64249  -24.568  -10.109  28.747 0.7500000000
68123  -29.059  -6.478  30.372 0.7500000000
119188  -30.774  -6.533  30.946 0.7500000000
68109  -31.411  -6.596  31.308 0.7500000000
67158  -32.618  -6.855  31.902 0.7500000000
116952  -33.117  -7.094  32.517 0.7500000000
65210  -24.095  -9.669  28.186 0.7500000000
116810  -28.494  -6.468  31.169 0.6250000000
68097  -31.132  -6.591  32.077 0.7500000000
65150  -14.944  -8.898  32.211 0.7500000000
66159  -15.497  -8.665  30.489 0.7500000000
65239  -22.755  -9.037  27.525 0.7500000000
68081  -28.783  -6.595  33.311 0.7500000000
68083  -30.427  -6.778  33.398 0.7500000000
66160  -16.063  -9.216  30.268 0.6250000000
65192  -17.171  -9.843  29.178 0.7500000000
123187  -18.095  -9.600  27.908 0.7500000000
64269  -19.600  -10.213  27.862 0.7500000000
65236  -19.890  -9.296  27.451 0.7500000000
68071  -29.946  -6.964  34.201 0.6250000000
66206  -20.122  -8.359  27.317 0.6250000000
117602  -3.513  -12.468  51.883 1.0000000000
133398  -3.003  -12.231  51.132 0.8750000000
61755  -3.797  -12.177  50.762 0.8750000000
62896  -4.997  -11.330  47.621 0.8750000000
137827  -4.979  -10.561  46.017 0.8750000000
58364  -6.021  -16.351  55.414 1.0000000000
67919  -20.430  -7.180  47.620 0.7500000000
58374  -6.583  -16.444  54.191 1.0000000000
138056  -3.836  -8.328  43.988 0.8750000000
66963  -2.842  -7.970  42.993 0.8750000000
66950  -18.669  -7.647  45.818 0.8750000000
67976  0.924  -5.905  41.445 1.0000000000
67947  -17.206  -6.783  43.662 0.8750000000
121388  -29.913  -10.636  30.865 0.8750000000
68004  -0.823  -5.831  38.917 0.7500000000
68021  0.228  -5.975  38.464 0.7500000000
67965  -15.813  -6.741  42.052 0.8750000000
66965  -16.320  -7.201  43.458 0.8750000000
67979  -15.643  -6.523  41.217 0.8750000000
134026  -28.941  -10.461  29.447 0.8750000000
66076  -3.519  -8.412  37.254 0.2500000000
68011  -15.367  -6.175  39.571 0.7500000000
64253  -28.632  -10.154  28.728 0.8750000000
68037  -14.225  -6.470  37.537 0.7500000000
66186  -28.400  -8.656  27.908 0.8750000000
66146  -35.025  -8.028  31.055 1.0000000000
59804  -37.747  -15.414  29.734 0.7500000000
68048  -14.168  -6.467  36.254 0.7500000000
65213  -26.614  -9.178  27.902 0.8750000000
122880  -27.783  -7.996  27.798 0.8750000000
67211  -27.066  -7.609  27.760 0.7500000000
67212  -28.643  -7.493  28.127 0.7500000000
68150  -28.653  -6.529  29.428 0.7500000000
60929  -38.979  -14.383  30.757 0.8750000000
68062  -14.073  -6.423  34.460 0.6250000000
66211  -25.075  -8.523  27.591 0.7500000000
65243  -25.810  -8.796  27.740 0.7500000000
67232  -24.894  -7.592  27.526 0.7500000000
65242  -25.221  -9.132  27.829 0.7500000000
116811  -27.547  -6.430  31.046 0.7500000000
67145  -33.776  -7.349  33.090 0.8750000000
67147  -35.378  -7.748  33.489 1.0000000000
124787  -14.486  -7.141  31.379 0.6250000000
67139  -14.185  -7.402  33.126 0.6250000000
68196  -24.638  -6.924  27.719 0.6250000000
66210  -24.236  -8.322  27.474 0.7500000000
67230  -22.855  -7.447  27.495 0.7500000000
116814  -28.014  -6.467  31.850 0.6250000000
66208  -22.376  -8.219  27.358 0.7500000000
116816  -31.988  -7.341  34.769 0.7500000000
137403  -15.424  -8.339  29.949 0.6250000000
65191  -16.686  -9.162  28.881 0.7500000000
67229  -21.982  -7.481  27.471 0.7500000000
67122  -28.627  -7.022  34.910 0.6250000000
66204  -18.270  -8.712  27.438 0.6250000000
130448  -18.742  -7.971  27.130 0.6250000000
67227  -20.352  -7.493  27.387 0.7500000000
137363  -28.398  -7.439  36.062 0.3750000000
61757  -5.268  -12.130  51.050 1.0000000000
118487  -5.151  -12.368  51.742 1.0000000000
62852  -5.352  -11.824  50.193 1.0000000000
138293  -4.702  -12.143  50.647 1.0000000000
127910  -5.998  -9.582  48.036 1.0000000000
65018  -5.221  -9.535  46.004 0.8750000000
58389  -7.683  -16.000  52.695 1.0000000000
67941  -19.869  -6.375  45.827 0.7500000000
66949  -3.894  -7.710  45.096 0.8750000000
58427  -7.320  -15.528  50.141 1.0000000000
67940  -19.143  -6.702  45.371 0.7500000000
137836  -17.733  -6.176  43.484 0.7500000000
67948  -18.077  -6.349  44.051 0.7500000000
68994  0.251  -4.731  40.809 1.0000000000
69016  0.502  -5.060  40.117 1.0000000000
60917  -38.400  -14.067  31.780 1.0000000000
68028  -15.049  -6.097  38.720 0.7500000000
66136  -36.608  -8.571  32.682 1.0000000000
62008  -39.178  -13.085  32.699 1.0000000000
60939  -39.541  -13.593  30.159 0.8750000000
118956  -27.376  -6.641  28.662 0.6250000000
117825  -26.377  -6.383  29.623 0.6250000000
116812  -26.137  -6.372  31.053 0.7500000000
68149  -27.048  -6.436  29.471 0.7500000000
67161  -36.003  -8.192  32.513 1.0000000000
65154  -37.416  -9.850  32.692 1.0000000000
62055  -39.356  -13.222  29.097 0.7500000000
63164  -40.073  -12.165  30.250 0.6250000000
68174  -28.242  -6.737  28.648 0.7500000000
67148  -36.225  -8.110  33.275 1.0000000000
62063  -39.439  -12.258  29.105 0.6250000000
63186  -39.691  -11.690  29.524 0.6250000000
64234  -39.924  -10.265  30.196 0.8750000000
68074  -14.104  -6.526  33.600 0.6250000000
131720  -24.632  -6.575  28.082 0.6250000000
119355  -26.496  -6.512  32.678 0.5000000000
138974  -35.379  -7.928  35.450 0.8750000000
136783  -38.997  -13.194  28.338 0.5000000000
122580  -38.956  -9.984  29.162 0.8750000000
128341  -14.290  -5.858  32.308 0.5000000000
67178  -14.632  -7.166  30.578 0.5000000000
131721  -24.010  -6.693  27.878 0.6250000000
132657  -23.475  -6.536  28.255 0.6250000000
68195  -23.218  -6.855  27.786 0.7500000000
136695  -27.457  -6.773  34.126 0.5000000000
67108  -34.204  -7.765  35.933 0.7500000000
65196  -39.363  -9.570  29.668 0.8750000000
68170  -22.632  -6.542  28.315 0.6250000000
68193  -21.566  -6.937  27.709 0.7500000000
67088  -32.774  -7.602  36.368 0.7500000000
67089  -33.623  -7.751  36.582 0.7500000000
120896  -39.013  -8.872  29.489 0.8750000000
65222  -38.802  -9.369  29.141 0.8750000000
68141  -15.134  -6.591  28.778 0.5000000000
67084  -28.636  -7.510  36.551 0.3750000000
67214  -38.699  -8.310  29.269 0.6250000000
135380  -17.169  -6.639  27.297 0.6250000000
134924  -18.241  -6.411  27.275 0.6250000000
67198  -39.038  -7.802  29.876 0.5000000000
69091  -39.588  -6.329  31.643 1.0000000000
68128  -39.466  -6.982  31.043 0.8750000000
69087  -40.117  -5.817  32.855 1.0000000000
69980  -39.703  -5.553  32.302 1.0000000000
126364  -40.855  -4.234  34.395 1.0000000000
130068  -40.114  -4.232  33.338 0.8750000000
69979  -39.228  -4.983  31.883 0.8750000000
69987  -38.888  -5.416  31.232 0.6250000000
129305  -38.375  -5.043  30.831 0.5000000000
70858  -39.220  -3.506  32.483 0.7500000000
71791  -38.746  -2.601  32.149 0.6250000000
74440  -40.308  0.607  32.673 0.5000000000
61717  -5.607  -12.508  53.450 1.0000000000
61742  -5.799  -12.021  51.688 1.0000000000
120390  -6.220  -11.358  51.171 1.0000000000
62920  -10.196  -11.499  46.383 1.0000000000
63941  -6.039  -10.934  48.806 1.0000000000
64986  -6.381  -9.717  50.229 1.0000000000
62853  -6.083  -11.354  50.265 1.0000000000
63934  -6.394  -10.597  50.645 1.0000000000
65000  -6.222  -10.142  48.724 1.0000000000
59507  -6.100  -15.412  57.123 1.0000000000
135018  -6.110  -9.287  48.753 1.0000000000
58356  -7.594  -16.044  56.373 1.0000000000
58376  -8.235  -15.902  54.506 1.0000000000
69809  -20.598  -4.913  46.011 0.7500000000
66916  -4.658  -7.744  48.548 1.0000000000
58390  -8.243  -15.668  53.288 1.0000000000
58403  -8.147  -15.458  52.355 1.0000000000
68952  -19.497  -5.698  45.148 0.7500000000
136508  -4.117  -7.682  45.766 1.0000000000
133312  -7.666  -15.004  48.924 1.0000000000
68956  -19.540  -4.781  44.854 0.7500000000
66954  -2.293  -7.142  44.188 0.8750000000
67921  -0.063  -6.140  45.950 1.0000000000
67945  -1.191  -6.699  44.010 0.8750000000
68967  0.630  -5.677  42.656 0.8750000000
67944  0.075  -5.914  44.257 0.8750000000
68978  0.835  -5.387  41.776 1.0000000000
69843  0.605  -4.872  42.050 1.0000000000
125028  0.801  -4.981  42.883 1.0000000000
69858  0.024  -4.455  41.495 1.0000000000
68023  -2.707  -6.913  38.671 0.3750000000
121709  -0.293  -3.969  43.867 1.0000000000
69871  -0.775  -4.432  40.793 1.0000000000
68025  -4.651  -6.792  38.753 0.3750000000
64184  -37.341  -10.705  32.472 1.0000000000
63121  -37.686  -11.792  33.025 1.0000000000
69872  -1.893  -4.397  40.874 0.8750000000
68997  -3.427  -5.017  40.518 0.3750000000
69056  -16.244  -4.764  37.743 0.7500000000
64145  -38.347  -10.881  33.957 1.0000000000
69064  -15.390  -5.304  36.542 0.7500000000
68146  -24.669  -6.329  29.535 0.6250000000
116813  -25.383  -6.378  30.957 0.5000000000
138476  -25.728  -6.405  31.474 0.5000000000
63123  -40.835  -11.960  32.455 1.0000000000
69071  -14.522  -5.673  34.761 0.6250000000
132234  -24.665  -6.473  31.301 0.5000000000
68107  -23.946  -6.538  31.095 0.6250000000
68091  -24.216  -6.856  32.761 0.3750000000
67110  -35.992  -8.032  35.163 1.0000000000
135050  -41.211  -11.086  32.293 1.0000000000
68145  -23.841  -6.392  29.445 0.6250000000
116695  -23.071  -6.646  30.838 0.6250000000
68106  -23.176  -6.898  31.714 0.6250000000
68078  -25.367  -6.777  33.513 0.5000000000
68077  -24.377  -7.066  33.695 0.3750000000
68067  -25.769  -6.905  34.135 0.3750000000
65155  -40.980  -10.152  31.788 1.0000000000
68144  -22.360  -6.465  29.368 0.6250000000
68117  -22.037  -6.727  30.527 0.6250000000
67100  -26.398  -7.429  35.656 0.3750000000
68169  -21.682  -6.473  28.781 0.6250000000
125576  -21.116  -6.556  28.165 0.6250000000
68116  -21.161  -6.640  30.725 0.6250000000
67174  -40.450  -8.040  32.217 1.0000000000
136352  -15.387  -6.082  28.214 0.5000000000
68168  -20.227  -6.274  28.424 0.6250000000
67061  -28.167  -7.599  37.417 0.3750000000
67162  -40.309  -7.298  32.384 1.0000000000
138870  -40.695  -6.441  33.646 1.0000000000
67063  -29.280  -7.640  38.125 0.3750000000
67021  -29.397  -7.105  40.208 0.3750000000
67007  -29.950  -7.221  40.826 0.5000000000
75526  -40.799  1.312  31.191 0.7500000000
65982  -11.982  -8.617  47.193 1.0000000000
65009  -11.461  -9.143  47.347 1.0000000000
126725  -10.629  -9.464  47.605 1.0000000000
61710  -6.203  -12.517  54.742 1.0000000000
62838  -6.612  -11.016  52.838 1.0000000000
62827  -7.263  -12.237  56.669 1.0000000000
120491  -9.136  -11.300  47.607 1.0000000000
140507  -6.530  -10.804  52.301 1.0000000000
64974  -6.384  -9.617  51.977 1.0000000000
64982  -6.425  -9.712  51.110 1.0000000000
59503  -6.813  -14.968  57.554 1.0000000000
65956  -6.119  -8.972  51.497 1.0000000000
138503  -5.892  -8.628  50.441 1.0000000000
64991  -5.878  -8.695  49.314 1.0000000000
59504  -7.823  -15.120  57.417 1.0000000000
66910  -4.521  -7.703  50.041 1.0000000000
65970  -4.990  -8.018  47.677 1.0000000000
59513  -9.014  -15.308  54.864 1.0000000000
59560  -7.904  -14.584  48.209 1.0000000000
66908  -2.586  -7.368  49.185 1.0000000000
66909  -3.602  -7.477  49.603 1.0000000000
120122  -2.874  -7.428  49.971 1.0000000000
118962  -3.980  -7.528  47.903 1.0000000000
69826  -19.016  -4.401  44.206 0.7500000000
66914  -1.836  -7.273  48.580 1.0000000000
66940  -3.832  -7.504  46.426 1.0000000000
67902  -0.133  -6.652  48.507 1.0000000000
67895  0.429  -6.318  49.068 1.0000000000
66938  -1.414  -6.905  46.905 1.0000000000
66926  -2.357  -7.223  47.231 1.0000000000
66939  -2.840  -7.283  46.551 1.0000000000
69041  -16.524  -4.920  38.649 0.7500000000
69846  -2.649  -4.017  42.319 0.8750000000
128608  -3.995  -5.286  40.347 0.5000000000
69916  -16.018  -4.766  36.887 0.7500000000
68039  -23.457  -6.622  37.347 0.3750000000
68040  -24.200  -6.693  38.011 0.3750000000
69042  -23.619  -5.505  38.407 0.3750000000
66106  -37.349  -8.808  35.430 1.0000000000
69962  -14.700  -4.755  33.182 0.5000000000
67140  -22.483  -7.285  33.176 0.3750000000
116694  -24.091  -6.713  31.908 0.5000000000
67141  -23.350  -7.257  33.435 0.3750000000
67097  -23.412  -7.372  35.283 0.3750000000
67117  -23.378  -7.364  34.353 0.3750000000
140376  -24.956  -7.517  36.253 0.3750000000
67079  -23.497  -7.332  36.148 0.3750000000
67098  -24.425  -7.472  35.629 0.3750000000
68041  -24.939  -7.252  37.805 0.3750000000
67091  -35.327  -8.200  36.741 1.0000000000
140593  -37.039  -8.713  36.214 1.0000000000
64132  -40.906  -10.890  34.829 1.0000000000
64148  -41.532  -10.613  33.545 1.0000000000
116250  -22.377  -7.196  32.379 0.6250000000
138662  -21.073  -6.828  32.034 0.6250000000
67081  -25.716  -7.564  36.424 0.3750000000
66079  -35.690  -8.553  37.588 1.0000000000
69975  -14.609  -4.460  31.382 0.5000000000
66138  -40.979  -8.620  32.907 1.0000000000
67130  -41.261  -7.424  34.311 1.0000000000
69096  -20.408  -6.001  30.631 0.6250000000
140875  -27.716  -7.551  37.860 0.3750000000
139785  -33.414  -8.390  39.040 0.7500000000
70027  -16.491  -4.518  27.597 0.5000000000
68032  -27.851  -7.189  38.830 0.3750000000
67040  -28.595  -7.421  38.707 0.3750000000
67024  -32.050  -8.321  39.987 0.7500000000
67025  -32.993  -8.527  39.901 0.7500000000
69083  -40.819  -5.937  33.985 1.0000000000
70029  -18.014  -4.964  27.658 0.6250000000
67008  -30.645  -7.531  41.200 0.6250000000
127946  -31.244  -7.473  41.891 0.7500000000
69948  -41.536  -4.876  35.303 0.6250000000
75487  -42.254  1.169  34.494 0.7500000000
129012  -34.587  1.189  32.346 0.2500000000
75545  -41.509  1.685  30.923 0.7500000000
66930  -11.191  -7.572  46.875 0.8750000000
65968  -9.899  -8.139  48.912 1.0000000000
68951  -14.088  -5.105  45.624 0.6250000000
67937  -13.588  -6.021  45.560 0.7500000000
118572  -9.630  -8.829  50.312 1.0000000000
65001  -9.700  -9.411  48.737 1.0000000000
70697  -15.602  -3.818  47.827 0.6250000000
63943  -9.312  -10.137  49.860 1.0000000000
128415  -9.170  -10.852  48.460 1.0000000000
118823  -20.269  -2.101  48.533 0.6250000000
72522  -19.882  -1.613  49.165 0.6250000000
62823  -7.567  -11.632  57.022 1.0000000000
62878  -8.835  -11.485  48.666 1.0000000000
61796  -8.839  -12.124  47.200 1.0000000000
72529  -18.697  -1.428  47.767 0.6250000000
72530  -19.543  -1.724  48.131 0.6250000000
64971  -6.434  -9.662  53.382 1.0000000000
65944  -5.998  -9.083  53.219 1.0000000000
61701  -8.335  -12.531  57.502 1.0000000000
61781  -8.500  -12.851  48.034 1.0000000000
71615  -20.122  -2.325  47.625 0.6250000000
71626  -19.148  -2.241  46.205 0.6250000000
65947  -5.428  -8.615  52.847 1.0000000000
65948  -6.005  -8.984  52.349 1.0000000000
59501  -8.568  -14.203  57.559 1.0000000000
60670  -8.248  -13.830  48.635 1.0000000000
71637  -19.689  -2.960  45.667 0.6250000000
66898  -4.014  -7.797  51.860 1.0000000000
135701  -4.993  -7.957  50.706 1.0000000000
66902  -4.219  -7.732  50.952 1.0000000000
59508  -9.036  -15.293  55.933 1.0000000000
59514  -9.505  -14.580  55.220 1.0000000000
59526  -8.585  -14.951  52.841 1.0000000000
60625  -9.017  -14.303  53.378 1.0000000000
70715  -19.351  -3.321  44.838 0.6250000000
66901  -3.532  -7.524  50.410 1.0000000000
66896  -2.260  -7.487  51.598 1.0000000000
70725  -18.870  -3.672  44.071 0.6250000000
70724  -18.379  -3.148  43.631 0.6250000000
121649  -1.952  -7.373  50.008 1.0000000000
70736  -18.101  -3.289  42.758 0.6250000000
71674  -17.575  -2.730  42.452 0.6250000000
67892  0.224  -6.913  50.702 1.0000000000
134614  -17.884  -3.129  41.978 0.6250000000
69889  -17.329  -3.888  39.819 0.8750000000
71698  -17.231  -2.746  39.875 0.6250000000
70758  -24.801  -3.890  41.367 0.3750000000
69867  -25.080  -4.188  41.282 0.3750000000
68049  -22.957  -6.193  36.790 0.3750000000
69026  -24.446  -5.521  39.659 0.3750000000
140162  -24.529  -5.079  40.240 0.3750000000
65124  -38.691  -9.967  35.695 1.0000000000
131218  -39.634  -10.464  35.726 1.0000000000
70721  -3.373  -3.596  44.389 0.8750000000
68057  -22.614  -6.497  36.005 0.3750000000
68029  -24.968  -6.770  38.548 0.3750000000
125749  -25.165  -5.535  39.892 0.3750000000
69892  -25.728  -4.935  40.114 0.3750000000
119736  -38.582  -9.740  36.472 1.0000000000
69963  -15.145  -4.118  33.802 0.5000000000
69970  -14.975  -3.962  32.893 0.5000000000
119591  -22.305  -6.727  35.237 0.3750000000
67116  -22.527  -7.279  34.018 0.3750000000
68042  -25.750  -7.219  38.205 0.3750000000
65102  -38.279  -9.643  38.365 1.0000000000
64122  -41.441  -10.187  35.097 1.0000000000
117202  -40.694  -10.034  36.252 1.0000000000
64133  -41.507  -10.485  34.333 1.0000000000
135985  -21.845  -7.159  32.936 0.6250000000
69077  -21.635  -5.654  34.122 0.5000000000
68013  -26.680  -6.708  38.844 0.3750000000
66061  -36.065  -8.876  38.625 0.8750000000
66117  -41.683  -8.825  34.722 1.0000000000
138839  -35.499  -8.785  38.921 0.8750000000
134098  -35.965  -9.007  40.585 0.8750000000
68059  -41.583  -6.470  35.298 0.8750000000
70011  -15.984  -4.069  27.852 0.5000000000
67010  -32.939  -8.278  41.768 0.8750000000
66040  -34.507  -8.786  41.087 0.8750000000
133641  -17.666  -3.438  27.847 0.6250000000
70789  -37.995  -3.565  38.493 0.3750000000
118468  -38.157  -2.043  36.480 0.3750000000
75478  -42.555  2.306  36.466 0.7500000000
77333  -37.810  3.167  35.359 0.3750000000
138996  -36.471  2.935  33.847 0.3750000000
76456  -34.865  2.650  31.556 0.2500000000
67897  -8.945  -6.409  49.199 0.8750000000
68927  -8.818  -6.045  48.114 0.8750000000
67894  -9.449  -6.999  50.951 0.8750000000
66885  -9.559  -7.778  53.221 0.8750000000
67893  -8.881  -6.492  50.441 0.8750000000
68914  -8.306  -6.148  51.260 0.8750000000
66899  -9.612  -7.635  51.468 0.8750000000
69818  -14.111  -4.126  45.858 0.6250000000
63914  -6.940  -10.588  55.736 1.0000000000
68907  -8.522  -6.169  53.194 0.8750000000
123808  -9.629  -8.855  53.967 0.8750000000
129003  -9.555  -9.731  51.574 1.0000000000
71588  -15.624  -3.370  50.393 0.6250000000
64968  -6.115  -9.289  54.277 1.0000000000
64966  -6.472  -9.670  56.212 1.0000000000
63911  -6.940  -10.029  56.769 1.0000000000
66879  -9.507  -8.107  54.723 0.8750000000
138753  -9.648  -10.064  53.489 1.0000000000
133464  -9.635  -9.451  53.729 0.8750000000
124590  -9.607  -9.834  52.374 0.8750000000
63930  -9.446  -10.533  51.900 1.0000000000
61759  -8.910  -12.059  51.064 1.0000000000
131643  -16.618  -3.300  52.076 0.6250000000
64958  -7.069  -9.146  57.338 0.8750000000
63918  -9.683  -10.282  54.742 0.8750000000
63920  -9.623  -10.881  53.643 1.0000000000
62830  -9.692  -12.165  54.949 1.0000000000
62839  -9.389  -11.378  52.402 1.0000000000
119118  -9.493  -11.692  53.223 1.0000000000
61744  -9.071  -12.190  51.802 1.0000000000
65946  -4.650  -8.355  53.452 1.0000000000
62822  -8.946  -11.895  57.314 1.0000000000
61708  -9.729  -12.957  55.685 1.0000000000
61711  -9.576  -12.866  54.367 1.0000000000
60636  -9.121  -13.369  52.999 1.0000000000
140307  -8.748  -12.802  51.243 1.0000000000
60616  -9.602  -13.774  54.722 1.0000000000
60608  -9.735  -13.800  55.530 1.0000000000
60626  -9.367  -13.603  53.881 1.0000000000
66889  -3.072  -7.657  52.193 1.0000000000
66887  -1.095  -7.375  52.486 1.0000000000
71672  -15.940  -1.894  42.022 0.6250000000
71683  -15.700  -1.709  41.206 0.6250000000
71691  -16.952  -2.164  40.136 0.6250000000
130553  -24.491  -2.597  41.082 0.3750000000
70750  -27.088  -3.564  42.936 0.3750000000
133626  -16.551  -2.815  36.966 0.6250000000
70827  -15.980  -3.083  34.969 0.6250000000
70785  -23.876  -4.029  38.877 0.3750000000
71707  -24.112  -3.124  38.857 0.3750000000
69848  -4.994  -4.326  42.691 0.8750000000
69849  -5.820  -4.178  42.263 0.7500000000
116657  -15.695  -2.663  34.001 0.3750000000
70769  -26.361  -4.341  40.084 0.3750000000
69835  -3.548  -3.771  43.734 0.8750000000
69073  -22.250  -6.103  35.453 0.3750000000
69942  -22.466  -5.193  35.438 0.5000000000
65117  -41.392  -9.295  36.396 1.0000000000
65126  -41.700  -9.400  35.287 1.0000000000
66082  -41.374  -8.644  37.042 0.8750000000
69837  -5.727  -3.787  43.049 0.8750000000
132218  -15.112  -3.099  31.411 0.5000000000
68063  -21.924  -6.329  34.707 0.5000000000
137456  -22.030  -5.708  34.894 0.5000000000
65089  -38.088  -9.425  39.416 1.0000000000
128505  -36.935  -8.916  40.645 0.8750000000
65088  -37.427  -9.392  39.601 0.8750000000
66051  -36.750  -9.170  40.260 0.8750000000
65093  -37.892  -9.598  38.940 0.8750000000
71811  -15.897  -1.933  28.837 0.5000000000
68031  -27.226  -7.042  38.735 0.3750000000
66992  -34.690  -7.829  42.792 0.8750000000
66029  -35.867  -8.306  41.736 0.8750000000
66030  -36.647  -8.326  41.238 0.8750000000
68053  -41.668  -6.524  35.772 0.8750000000
69926  -41.535  -5.038  36.443 0.6250000000
69885  -37.039  -4.788  40.426 0.6250000000
69901  -38.450  -4.299  39.493 0.5000000000
70790  -38.696  -3.254  38.479 0.5000000000
69895  -29.070  -5.205  39.501 0.5000000000
139392  -39.031  -2.855  38.234 0.3750000000
116570  -7.855  0.229  36.176 0.1250000000
125135  -38.852  -0.072  36.927 0.3750000000
75467  -41.879  1.895  36.942 0.5000000000
76376  -40.607  2.380  37.669 0.3750000000
77322  -40.983  3.692  37.149 0.3750000000
76418  -43.377  2.629  35.038 0.6250000000
77351  -39.111  4.267  35.098 0.3750000000
78245  -39.913  4.846  34.569 0.5000000000
132594  -39.154  4.465  34.169 0.3750000000
78246  -41.043  5.232  34.895 0.5000000000
68946  -9.840  -5.047  45.796 0.7500000000
68932  -8.313  -5.375  47.623 0.8750000000
68926  -7.989  -5.628  48.619 0.8750000000
69791  -7.749  -4.988  47.951 0.7500000000
121315  -11.841  -3.811  45.230 0.6250000000
70712  -10.311  -3.563  45.658 0.6250000000
70705  -14.570  -3.812  46.607 0.6250000000
70696  -14.839  -3.554  47.495 0.6250000000
120318  -7.214  -3.957  48.459 0.7500000000
128325  -9.350  -3.641  46.184 0.7500000000
122257  -10.606  -2.467  46.502 0.6250000000
136495  -12.890  -2.719  47.397 0.6250000000
71600  -14.479  -3.160  49.102 0.6250000000
65935  -5.418  -8.732  56.072 1.0000000000
64961  -6.519  -9.396  56.906 1.0000000000
64957  -6.423  -8.902  57.159 1.0000000000
64963  -9.451  -9.580  56.408 0.8750000000
70686  -7.647  -3.341  48.006 0.7500000000
71608  -10.082  -2.132  46.960 0.6250000000
120725  -12.901  -2.593  48.207 0.6250000000
122263  -13.985  -2.914  49.720 0.6250000000
132253  -15.363  -3.181  51.015 0.6250000000
65940  -5.399  -8.831  54.978 1.0000000000
65932  -5.064  -8.109  56.358 1.0000000000
66861  -5.942  -7.337  57.261 1.0000000000
65930  -7.629  -8.572  57.519 1.0000000000
140824  -8.470  -9.446  57.337 0.8750000000
62824  -9.362  -11.271  56.694 1.0000000000
71596  -10.504  -1.802  47.732 0.6250000000
71598  -12.278  -2.252  48.731 0.6250000000
71585  -12.546  -2.271  49.657 0.6250000000
71586  -13.287  -2.605  49.757 0.6250000000
71577  -14.872  -2.889  51.417 0.6250000000
71568  -15.279  -2.761  52.312 0.6250000000
71569  -16.049  -2.807  52.680 0.6250000000
133213  -16.203  -2.282  53.172 0.6250000000
120357  -9.660  -1.286  48.430 0.6250000000
72519  -11.848  -1.896  49.491 0.6250000000
139446  -12.738  -1.978  51.315 0.6250000000
73402  -11.648  -0.721  50.836 0.5000000000
71567  -14.279  -2.425  52.303 0.6250000000
73395  -12.476  -0.914  52.196 0.5000000000
73390  -13.922  -1.313  53.276 0.5000000000
72491  -15.388  -2.403  52.964 0.5000000000
73392  -16.173  -0.608  53.411 0.5000000000
73418  -16.758  -0.195  48.719 0.5000000000
73427  -15.659  -0.266  47.413 0.5000000000
73435  -14.696  -0.260  46.230 0.5000000000
66876  -3.163  -7.751  54.906 1.0000000000
74277  -14.286  0.540  53.373 0.5000000000
74285  -16.955  0.493  52.121 0.5000000000
73417  -15.878  0.059  48.374 0.5000000000
74283  -12.397  -0.216  52.273 0.5000000000
74290  -11.638  -0.023  51.106 0.5000000000
129319  -11.825  0.836  51.365 0.5000000000
74275  -12.831  0.185  52.816 0.5000000000
74276  -13.454  0.207  53.240 0.5000000000
75317  -14.083  1.368  47.896 0.3750000000
74299  -15.072  0.968  49.174 0.5000000000
74331  -13.386  0.590  45.469 0.5000000000
74324  -13.581  0.838  46.296 0.3750000000
135976  -14.359  -1.311  41.796 0.6250000000
139371  -12.936  -0.080  41.509 0.2500000000
75288  -14.804  1.814  49.564 0.3750000000
67884  0.859  -5.937  53.348 1.0000000000
76307  -12.869  2.246  46.118 0.3750000000
73458  -12.914  0.008  42.967 0.2500000000
69774  0.622  -5.243  51.482 1.0000000000
72614  -15.814  -1.758  38.376 0.5000000000
72620  -14.996  -1.312  37.854 0.5000000000
73499  -15.099  -1.128  37.022 0.5000000000
70669  -0.240  -3.891  50.537 1.0000000000
72622  -16.331  -2.143  36.954 0.6250000000
72632  -16.151  -1.926  36.093 0.5000000000
134770  -7.133  -3.271  40.857 0.3750000000
71768  -15.489  -2.407  32.698 0.3750000000
65096  -39.976  -9.336  37.948 0.8750000000
66081  -40.772  -9.082  37.531 0.8750000000
70735  -6.173  -3.059  43.159 0.8750000000
139003  -21.841  -4.708  33.974 0.5000000000
66053  -38.350  -9.086  39.776 0.8750000000
66054  -39.106  -8.627  39.299 0.7500000000
66055  -39.810  -8.415  38.635 0.8750000000
135566  -40.394  -8.181  38.206 0.8750000000
67046  -40.705  -7.460  37.831 0.7500000000
67970  -35.403  -6.623  43.206 0.6250000000
67983  -36.449  -6.864  41.851 0.6250000000
66995  -36.751  -7.427  41.521 0.6250000000
67012  -37.294  -7.622  41.040 0.8750000000
67026  -38.575  -8.254  40.024 0.7500000000
67013  -37.962  -7.904  40.544 0.7500000000
68018  -39.611  -6.884  38.885 0.7500000000
68034  -40.303  -6.521  38.210 0.6250000000
68043  -41.052  -6.625  37.360 0.7500000000
69009  -35.645  -5.575  41.697 0.7500000000
137409  -37.420  -6.081  40.826 0.7500000000
137541  -38.511  -5.796  39.880 0.6250000000
69012  -37.848  -5.752  40.440 0.6250000000
69037  -38.976  -5.144  39.455 0.6250000000
69050  -40.230  -5.527  38.227 0.6250000000
68044  -41.539  -6.601  36.535 0.7500000000
69060  -41.330  -5.684  36.949 0.6250000000
69059  -40.762  -5.181  37.609 0.6250000000
69010  -36.395  -5.321  40.973 0.6250000000
134306  -40.257  -4.679  38.175 0.5000000000
69914  -40.424  -3.877  37.942 0.5000000000
69049  -39.660  -4.923  38.765 0.6250000000
74381  -7.596  0.044  37.333 0.1250000000
73496  -7.846  -0.586  37.558 0.1250000000
73490  -7.465  -0.665  38.438 0.2500000000
134167  -35.832  -5.093  39.936 0.6250000000
125403  -40.748  -3.155  37.535 0.3750000000
139357  -39.755  -2.651  38.047 0.3750000000
74393  -7.528  0.443  36.825 0.1250000000
71710  -39.332  -2.542  37.969 0.3750000000
72617  -39.291  -1.882  37.559 0.3750000000
70788  -32.113  -3.592  38.489 0.5000000000
75469  -7.494  1.156  35.218 0.1250000000
129984  -7.863  0.482  34.621 0.1250000000
76375  -39.778  2.313  37.634 0.3750000000
76391  -40.316  3.040  37.536 0.3750000000
77336  -40.580  4.313  36.463 0.3750000000
78236  -42.435  4.622  35.990 0.5000000000
77337  -41.714  4.229  36.619 0.3750000000
131759  -42.007  5.109  35.371 0.5000000000
78259  -44.055  5.005  34.333 0.5000000000
78248  -42.915  4.921  35.286 0.5000000000
77391  -38.910  4.244  31.403 0.3750000000
133058  -8.263  -5.704  54.130 0.8750000000
69784  -6.804  -4.182  49.204 0.7500000000
67859  -6.534  -6.613  57.450 1.0000000000
65929  -6.858  -8.357  57.477 1.0000000000
129093  -8.351  -7.862  57.340 0.8750000000
67861  -8.134  -6.726  57.198 1.0000000000
67860  -7.377  -6.510  57.443 1.0000000000
70679  -7.051  -3.294  48.790 0.7500000000
120371  -7.674  -1.769  49.029 0.7500000000
66865  -4.730  -7.468  56.406 1.0000000000
67865  -5.208  -6.937  56.888 1.0000000000
72506  -9.206  -0.941  48.691 0.6250000000
67864  -4.341  -6.804  56.321 1.0000000000
67863  -3.660  -6.702  55.909 1.0000000000
66870  -2.653  -7.146  55.355 1.0000000000
67871  -3.172  -6.916  55.675 1.0000000000
75287  -11.373  0.723  50.316 0.5000000000
66874  -1.415  -7.269  54.361 1.0000000000
122579  -1.563  -6.366  55.423 1.0000000000
75254  -14.366  1.511  53.184 0.5000000000
75263  -15.531  1.750  52.201 0.5000000000
75279  -15.583  1.611  50.777 0.5000000000
134788  0.887  -5.543  54.595 1.0000000000
77198  -14.018  3.365  53.075 0.5000000000
78103  -14.548  4.028  52.671 0.5000000000
138628  -15.272  3.849  51.565 0.5000000000
74366  -12.475  0.704  40.336 0.1250000000
78115  -15.297  4.608  50.751 0.3750000000
120280  0.897  -5.019  53.671 1.0000000000
78120  -14.610  4.178  49.602 0.3750000000
78127  -13.887  3.905  48.378 0.3750000000
72648  -15.715  -1.420  34.580 0.2500000000
117574  -15.576  -1.847  32.777 0.2500000000
137621  -15.601  -1.188  33.916 0.2500000000
73582  -15.781  -0.388  30.420 0.3750000000
73592  -15.966  -0.682  29.749 0.3750000000
72579  -6.431  -1.782  42.609 0.8750000000
71689  -7.279  -2.675  40.620 0.5000000000
72725  -16.211  -1.114  29.032 0.3750000000
72592  -6.864  -1.442  40.818 0.6250000000
71696  -7.519  -2.584  39.810 0.3750000000
72603  -7.497  -1.762  39.472 0.3750000000
74370  -6.298  -0.361  39.764 0.5000000000
127742  -19.514  -2.710  29.204 0.6250000000
73489  -6.864  -0.489  39.156 0.2500000000
75456  -6.671  1.533  36.546 0.1250000000
76408  -6.496  2.536  34.747 0.1250000000
75479  -7.021  1.887  34.954 0.1250000000
76524  -48.179  2.841  26.014 0.3750000000
124328  -49.345  2.255  23.502 0.2500000000
68900  -7.994  -4.917  56.070 1.0000000000
69764  -6.996  -3.861  55.593 1.0000000000
68893  -7.042  -5.160  57.203 1.0000000000
67872  -8.764  -6.260  55.977 0.8750000000
68895  -8.268  -5.680  56.383 1.0000000000
70668  -5.822  -3.615  51.454 0.8750000000
70671  -6.120  -3.535  50.481 0.7500000000
68884  -6.373  -5.871  57.380 1.0000000000
71575  -6.225  -2.661  50.366 0.7500000000
68892  -6.140  -5.085  57.256 1.0000000000
69754  -3.823  -4.582  56.209 1.0000000000
74296  -9.418  0.104  48.901 0.6250000000
68898  -1.166  -5.921  55.466 1.0000000000
75418  -12.185  1.250  39.606 0.1250000000
69763  1.061  -4.939  54.449 1.0000000000
78102  -12.507  4.366  52.366 0.5000000000
74395  -13.172  0.536  36.424 0.2500000000
133876  -13.310  0.665  35.631 0.2500000000
78986  -15.577  5.347  50.564 0.3750000000
130037  -11.815  2.084  40.025 0.2500000000
127847  -11.496  3.371  39.128 0.1250000000
73517  -13.788  0.075  36.077 0.2500000000
73524  -14.633  -0.214  34.727 0.2500000000
73538  -15.334  -0.654  33.455 0.2500000000
117646  -15.430  -0.676  32.691 0.2500000000
73555  -15.366  0.007  32.127 0.2500000000
137619  -15.525  -0.052  31.500 0.2500000000
72544  -4.725  -1.443  45.601 0.8750000000
73450  -5.308  -1.012  44.580 0.8750000000
72535  -4.354  -1.754  46.187 0.8750000000
73463  -6.373  -1.108  42.033 0.8750000000
73606  -16.842  -0.802  28.696 0.5000000000
73462  -5.842  -0.538  42.280 0.8750000000
118706  -5.423  -0.009  40.934 0.7500000000
73474  -5.681  -0.077  40.248 0.6250000000
139740  -6.156  0.406  38.705 0.3750000000
133031  -5.781  0.115  39.574 0.3750000000
76362  -2.623  2.810  38.062 0.2500000000
77293  -1.761  2.944  38.210 0.1250000000
78212  -2.067  3.776  37.227 0.1250000000
77304  -4.226  2.803  37.199 0.1250000000
76364  -4.902  2.202  37.444 0.1250000000
77326  -4.921  3.265  35.652 0.1250000000
73512  -30.573  -0.545  36.798 0.1250000000
80055  -44.101  6.111  32.650 0.5000000000
80059  -43.358  6.490  32.052 0.5000000000
79151  -44.597  6.003  32.087 0.5000000000
122621  -41.577  5.711  31.089 0.3750000000
79155  -44.868  5.856  31.433 0.6250000000
78286  -45.286  5.280  30.079 0.6250000000
78279  -40.160  4.864  30.418 0.2500000000
80064  -42.964  6.633  31.155 0.5000000000
79163  -45.801  5.416  29.243 0.7500000000
130142  -46.280  6.094  28.814 0.8750000000
79174  -47.248  5.564  27.789 0.8750000000
126666  -47.801  3.992  26.956 0.3750000000
76569  -49.564  2.259  22.239 0.1250000000
78416  -43.625  4.137  15.074 0.1250000000
123010  -5.686  -2.697  51.569 0.8750000000
72495  -6.534  -1.732  50.397 0.7500000000
69751  -0.504  -4.485  55.730 1.0000000000
122774  0.662  -3.923  55.596 1.0000000000
75458  -12.300  1.675  36.829 0.1250000000
70657  1.284  -3.510  54.540 1.0000000000
76380  -11.669  2.951  37.274 0.1250000000
78974  -14.692  5.693  52.481 0.5000000000
79866  -15.982  6.205  49.586 0.2500000000
75490  -13.949  2.003  32.783 0.2500000000
136343  -14.455  1.362  32.512 0.2500000000
73416  -2.574  -0.537  48.816 0.8750000000
121245  -5.576  -0.853  43.916 0.8750000000
74483  -16.900  0.470  29.330 0.3750000000
75402  -4.679  0.540  40.133 0.6250000000
75417  -4.849  0.803  39.328 0.2500000000
76348  0.591  2.412  38.455 0.2500000000
78284  -40.151  4.867  29.598 0.2500000000
80065  -44.399  7.204  30.679 0.5000000000
81013  -44.959  7.336  30.238 0.6250000000
78314  -48.120  5.114  26.748 0.7500000000
79193  -48.144  5.914  26.360 0.5000000000
77473  -47.214  3.591  22.685 0.2500000000
76567  -47.756  3.172  22.091 0.2500000000
76548  -45.193  2.940  23.267 0.2500000000
75637  -41.770  1.676  22.436 0.2500000000
76585  -40.465  2.154  20.555 0.2500000000
77490  -40.569  2.757  20.981 0.2500000000
77503  -41.156  3.478  19.648 0.2500000000
77511  -42.361  3.787  18.539 0.2500000000
78406  -43.707  4.314  16.610 0.2500000000
79301  -45.285  5.694  15.356 0.2500000000
80244  -45.917  6.165  15.891 0.2500000000
80245  -46.489  6.520  15.440 0.2500000000
72482  -6.076  -0.091  52.434 0.8750000000
120047  -6.541  0.345  51.178 0.7500000000
128674  -7.165  0.349  50.298 0.7500000000
71551  -5.282  -2.525  56.278 1.0000000000
71548  -1.087  -2.811  56.188 1.0000000000
116253  -7.845  1.476  47.664 0.5000000000
75313  -8.517  1.771  47.111 0.5000000000
70644  -0.339  -3.536  56.046 1.0000000000
70643  0.470  -3.197  56.020 1.0000000000
70651  1.005  -3.343  55.559 1.0000000000
71555  1.457  -2.728  54.863 1.0000000000
78979  -12.084  5.102  51.619 0.5000000000
71556  1.360  -2.679  54.465 1.0000000000
77313  -11.622  3.488  36.832 0.1250000000
134940  -15.108  4.169  32.527 0.2500000000
76435  -15.014  3.000  31.817 0.2500000000
74288  -0.846  0.227  50.683 1.0000000000
74315  -3.177  -0.031  47.380 0.8750000000
74485  -18.097  0.860  29.456 0.2500000000
75401  -4.146  0.635  40.647 0.6250000000
76338  -0.263  2.087  38.881 0.2500000000
76339  -1.234  1.942  39.239 0.2500000000
79161  -42.178  6.267  29.813 0.5000000000
80070  -42.927  6.937  29.852 0.5000000000
80086  -43.215  7.445  29.295 0.6250000000
81047  -44.084  8.302  29.094 0.6250000000
81028  -45.272  7.796  29.591 0.6250000000
80124  -47.741  6.710  26.482 0.7500000000
78326  -48.168  5.272  25.127 0.5000000000
78325  -47.643  5.590  24.942 0.5000000000
78379  -42.493  4.456  19.700 0.2500000000
80237  -47.030  6.645  16.942 0.2500000000
74274  -6.110  0.290  51.986 0.7500000000
75268  -6.204  1.007  51.030 0.7500000000
72468  -3.859  -1.386  56.120 1.0000000000
73374  -4.174  -0.762  55.999 1.0000000000
72466  -1.740  -1.148  56.118 1.0000000000
116891  -0.999  -1.823  56.330 1.0000000000
127808  0.513  -2.102  56.305 1.0000000000
78990  -11.542  5.372  49.973 0.5000000000
122645  1.500  -1.894  55.128 1.0000000000
73375  1.431  -0.300  55.145 1.0000000000
72475  1.363  -1.694  54.282 1.0000000000
79841  -13.322  6.766  52.326 0.3750000000
80775  -14.438  7.674  52.322 0.3750000000
79859  -16.943  6.833  50.548 0.2500000000
77358  -16.611  4.217  32.949 0.2500000000
76449  -16.475  2.915  30.993 0.2500000000
74313  -1.526  0.710  48.086 0.8750000000
75337  -3.037  0.932  45.278 0.8750000000
75521  -20.180  1.085  31.753 0.2500000000
75373  -3.160  0.673  42.590 0.7500000000
73472  -29.651  -0.342  40.955 0.3750000000
78324  -46.701  5.597  24.992 0.6250000000
80229  -46.233  5.953  18.228 0.2500000000
78124  -4.238  4.189  47.949 0.6250000000
74268  -5.313  0.688  53.819 1.0000000000
74267  -5.390  0.308  54.341 1.0000000000
116492  -4.872  1.060  53.381 0.8750000000
75327  -7.586  1.896  46.752 0.5000000000
74264  -3.025  0.410  55.312 1.0000000000
73376  -2.383  -0.331  55.767 1.0000000000
75247  -2.434  0.973  54.981 1.0000000000
77238  -9.182  3.673  46.113 0.5000000000
75244  -1.712  0.703  55.331 1.0000000000
76254  -1.814  2.217  53.567 0.8750000000
79006  -10.794  5.691  47.685 0.3750000000
122559  0.124  0.191  56.084 1.0000000000
73371  0.537  -0.077  56.046 1.0000000000
74258  -0.177  0.922  55.729 1.0000000000
76253  -1.027  2.582  54.102 0.8750000000
79840  -13.020  7.185  51.877 0.3750000000
136093  -12.052  6.441  50.966 0.3750000000
79865  -11.582  6.156  49.713 0.3750000000
75242  0.178  1.670  55.564 1.0000000000
126808  -12.647  7.716  51.002 0.3750000000
128976  1.585  0.532  54.112 1.0000000000
119016  1.460  -0.791  54.300 1.0000000000
119933  1.451  0.480  54.897 1.0000000000
122278  1.230  1.231  55.123 1.0000000000
74293  -0.439  0.692  49.132 1.0000000000
75520  -19.525  1.598  31.258 0.2500000000
75336  -2.339  1.132  45.539 0.8750000000
75358  -1.682  0.855  43.531 0.7500000000
75384  -0.473  0.784  41.088 0.5000000000
75397  0.225  1.083  40.376 0.5000000000
80123  -47.125  7.455  26.327 0.6250000000
81980  -45.572  9.491  26.903 0.7500000000
79266  -43.862  5.208  19.914 0.3750000000
80223  -46.150  6.030  19.389 0.3750000000
81157  -48.470  7.720  16.518 0.2500000000
137588  -49.591  11.660  15.868 0.3750000000
75274  -3.798  2.066  50.332 0.7500000000
78997  -5.154  5.728  47.773 0.6250000000
78988  -3.448  5.035  49.614 0.7500000000
79028  -8.043  5.424  45.012 0.5000000000
132380  -2.531  2.625  51.713 0.7500000000
77200  -1.760  3.291  52.299 0.7500000000
78106  -1.752  4.887  52.059 0.7500000000
80802  -11.439  6.990  48.338 0.3750000000
125091  -11.664  6.901  49.265 0.3750000000
124696  0.464  2.442  55.291 1.0000000000
76250  -0.228  3.134  54.728 0.8750000000
80794  -12.375  7.626  50.466 0.3750000000
81706  -14.738  9.136  51.757 0.2500000000
75282  0.396  0.849  49.770 1.0000000000
75292  0.066  0.902  48.472 1.0000000000
116790  -0.850  0.918  43.964 0.7500000000
140807  1.913  2.446  42.802 0.6250000000
79204  -46.350  6.350  25.566 0.6250000000
80216  -46.648  6.904  20.205 0.3750000000
138787  -49.569  10.703  17.655 0.3750000000
84495  -49.225  12.232  17.435 0.3750000000
80818  -10.621  7.317  46.322 0.3750000000
78978  -2.993  5.636  51.332 0.7500000000
82613  -12.260  8.928  48.367 0.3750000000
118043  -11.549  7.759  47.801 0.3750000000
77195  -0.082  4.143  54.574 0.8750000000
81711  -12.801  8.298  50.730 0.3750000000
76245  1.203  2.867  54.969 1.0000000000
78092  0.865  4.056  54.824 0.8750000000
77194  1.534  3.819  54.173 1.0000000000
137417  -17.993  8.346  50.423 0.2500000000
75291  1.076  1.270  48.485 1.0000000000
135387  1.209  1.506  47.709 0.8750000000
75343  1.428  1.644  44.851 0.6250000000
75344  1.039  1.165  44.612 0.6250000000
75356  0.992  0.897  43.810 0.6250000000
136765  1.732  1.889  43.146 0.6250000000
78332  -43.420  4.393  24.978 0.6250000000
82046  -46.946  8.856  20.676 0.3750000000
82047  -47.880  9.000  20.673 0.3750000000
82858  -48.006  10.512  19.767 0.3750000000
84494  -49.100  12.278  17.543 0.3750000000
81751  -7.709  8.002  45.586 0.3750000000
79856  -4.714  6.402  50.454 0.7500000000
81753  -9.131  8.651  45.085 0.3750000000
78971  -1.773  5.581  52.706 0.7500000000
139274  -1.267  5.527  53.215 0.7500000000
79847  -2.583  5.937  52.323 0.7500000000
76278  1.553  2.414  48.367 0.6250000000
76305  1.553  2.208  45.124 0.6250000000
81831  1.820  8.376  37.304 0.3750000000
82847  -46.173  9.582  19.999 0.3750000000
125607  -48.198  11.144  18.284 0.3750000000
80800  -5.968  7.135  49.173 0.6250000000
121663  -6.624  7.972  49.124 0.6250000000
123248  -2.877  6.564  53.014 0.7500000000
81752  -8.369  8.784  45.442 0.3750000000
79828  0.945  6.863  53.956 0.8750000000
132439  -0.344  6.214  54.150 0.8750000000
78966  1.557  6.103  53.429 0.8750000000
78096  1.577  4.744  53.991 0.8750000000
126104  1.299  5.199  54.246 0.8750000000
78964  1.263  6.120  53.998 0.8750000000
78094  1.004  4.715  54.652 0.8750000000
84172  -14.478  11.822  50.087 0.2500000000
83377  -16.449  11.364  50.459 0.2500000000
78122  1.439  4.439  48.424 0.6250000000
78151  1.589  4.101  45.449 0.6250000000
79979  0.270  6.727  39.934 0.5000000000
131488  -0.084  9.129  38.265 0.3750000000
81832  1.487  9.037  37.536 0.3750000000
81091  -42.671  8.470  24.408 0.7500000000
118678  -41.454  6.384  22.991 0.6250000000
80773  -5.060  7.507  53.187 0.7500000000
82619  -7.504  9.491  47.722 0.5000000000
81735  -7.372  8.852  47.083 0.3750000000
83403  -8.257  10.252  46.454 0.3750000000
81691  -2.137  8.921  54.672 0.7500000000
80767  -1.105  7.952  54.318 0.7500000000
83414  -10.178  10.120  45.564 0.3750000000
80766  -0.311  8.172  53.884 0.7500000000
79026  1.507  4.980  45.804 0.6250000000
79949  -2.607  6.476  41.442 0.5000000000
80865  -4.097  7.102  40.824 0.5000000000
82708  1.389  9.868  37.430 0.3750000000
83491  1.954  10.212  36.292 0.1250000000
83492  1.869  11.003  36.397 0.1250000000
82588  -7.121  9.087  51.698 0.7500000000
81692  -3.130  8.706  54.957 0.7500000000
80770  -5.299  8.245  54.208 0.7500000000
81697  -6.334  8.505  53.444 0.7500000000
130030  -6.601  8.435  52.216 0.7500000000
83404  -8.751  10.843  46.080 0.3750000000
79015  1.209  5.609  46.316 0.6250000000
80839  -2.778  7.118  44.638 0.5000000000
80840  -3.766  7.389  44.220 0.5000000000
79901  0.747  6.177  45.845 0.6250000000
132804  -4.640  7.565  40.608 0.5000000000
80867  -5.169  7.936  40.926 0.5000000000
85120  1.501  12.996  34.770 0.1250000000
81689  -5.079  9.119  54.964 0.7500000000
82589  -7.380  9.834  52.390 0.6250000000
80799  -1.824  8.135  47.803 0.6250000000
79919  -2.120  6.787  44.140 0.5000000000
82711  -2.756  9.880  37.750 0.3750000000
84286  -2.623  12.032  36.839 0.1250000000
83359  -5.290  10.822  54.741 0.6250000000
83354  -6.088  10.913  55.037 0.6250000000
84150  -7.490  11.427  54.473 0.5000000000
84153  -7.765  11.450  53.748 0.5000000000
84170  -8.134  11.928  49.734 0.5000000000
85011  -8.560  13.004  48.329 0.5000000000
83382  -4.447  10.733  49.798 0.6250000000
84167  -5.092  11.473  49.320 0.5000000000
85807  -9.275  13.749  47.135 0.5000000000
82652  -5.595  9.523  42.569 0.5000000000
82660  -5.599  9.325  41.679 0.5000000000
85111  -2.260  12.795  36.400 0.1250000000
84990  -5.921  12.740  54.797 0.5000000000
84155  -5.067  11.944  51.817 0.5000000000
131325  -5.213  11.883  49.987 0.5000000000
85776  -4.930  13.184  50.795 0.5000000000
122924  -5.395  10.615  41.042 0.5000000000
85938  -4.465  13.452  36.933 0.2500000000
86740  -3.882  14.156  35.928 0.1250000000
85112  -3.476  12.402  36.757 0.2500000000
87605  -3.778  15.345  35.192 0.2500000000
85953  -3.183  14.028  35.763 0.1250000000
86750  -0.979  14.633  34.817 0.1250000000
84152  -5.050  11.944  53.096 0.5000000000
84992  -5.262  12.760  53.909 0.5000000000
86606  -6.473  14.652  54.721 0.5000000000
85768  -7.830  13.865  52.830 0.5000000000
85770  -4.876  13.243  51.899 0.5000000000
85823  -11.258  13.945  46.337 0.3750000000
84199  -4.825  11.746  43.980 0.5000000000
84222  -5.177  11.074  41.676 0.5000000000
86769  -1.580  15.237  34.420 0.1250000000
85762  -4.607  14.440  54.287 0.5000000000
87486  -7.026  15.144  54.077 0.5000000000
135913  -5.695  15.886  54.557 0.5000000000
87489  -6.592  15.921  53.745 0.5000000000
130752  -7.588  14.613  53.259 0.5000000000
87508  -7.934  15.923  48.042 0.3750000000
86628  -3.741  13.822  51.295 0.5000000000
85774  -3.882  13.745  50.277 0.5000000000
85780  -3.519  13.666  49.551 0.5000000000
85818  -2.107  12.929  46.912 0.5000000000
85056  -2.901  12.019  43.315 0.5000000000
85063  -4.029  11.682  42.602 0.5000000000
88374  -4.273  16.621  35.220 0.1250000000
87604  -2.263  15.898  33.999 0.1250000000
128100  -3.273  16.340  34.257 0.1250000000
87614  -1.688  16.169  33.031 0.1250000000
124920  -4.360  15.357  54.752 0.5000000000
88279  -7.492  15.885  51.322 0.5000000000
85787  -2.604  13.405  48.451 0.5000000000
85802  -2.383  13.190  47.686 0.5000000000
129347  -0.016  13.895  51.221 0.5000000000
85778  -0.686  13.427  49.346 0.5000000000
85786  -1.555  13.281  48.437 0.5000000000
86631  1.648  14.475  49.596 0.5000000000
86641  1.321  13.598  48.064 0.5000000000
85799  0.964  13.157  47.273 0.5000000000
121365  -2.275  12.380  44.632 0.5000000000
86619  -1.891  14.442  53.166 0.5000000000
88282  -6.090  16.929  50.863 0.5000000000
87488  -1.470  15.698  53.770 0.5000000000
86618  -0.952  14.533  52.876 0.5000000000
85773  -1.845  13.751  51.179 0.5000000000
86636  1.724  14.173  48.467 0.5000000000
88267  -1.714  16.239  53.709 0.5000000000
88988  -5.372  17.096  50.133 0.5000000000
89003  -5.179  17.113  47.795 0.3750000000
88307  -6.372  16.710  45.795 0.3750000000
88274  -2.321  16.872  52.885 0.5000000000
88970  -2.064  17.112  51.985 0.5000000000
121775  -3.570  17.272  50.593 0.5000000000
88978  -2.475  17.290  50.760 0.5000000000
88986  -3.884  17.297  49.018 0.5000000000
88976  0.391  17.111  51.128 0.5000000000
117003  -3.067  17.383  48.841 0.5000000000
89002  -4.364  17.320  47.503 0.3750000000
89018  -5.267  17.251  44.776 0.3750000000
88993  -2.911  17.554  47.987 0.5000000000
88992  -1.386  17.786  48.447 0.5000000000
116218  -4.950  17.564  43.986 0.3750000000
88998  -0.728  18.169  48.095 0.5000000000
89011  -2.785  18.055  45.831 0.5000000000
88982  1.779  17.720  50.636 0.5000000000
88319  -6.824  16.706  42.043 0.3750000000
89760  -4.119  18.145  43.921 0.5000000000
89030  -5.860  17.930  41.917 0.3750000000
89766  -3.586  19.024  43.616 0.5000000000
89776  -4.867  18.680  42.548 0.3750000000
90516  -3.902  19.740  43.124 0.3750000000
90524  -4.549  19.589  42.585 0.3750000000
48073  -10.450  -24.931  49.104 0.3750000000
48080  -11.607  -25.250  48.276 0.3750000000
48076  -13.251  -25.096  48.656 0.5000000000
48082  -13.933  -25.321  48.079 0.3750000000
48072  -9.625  -25.223  49.379 0.3750000000
48074  -11.336  -24.893  48.903 0.3750000000
48095  -15.111  -25.388  47.512 0.5000000000
48111  -15.432  -25.466  46.636 0.5000000000
119205  -17.023  -25.355  47.057 0.5000000000
48097  -17.709  -25.182  47.588 0.5000000000
139399  -17.188  -25.456  46.281 0.5000000000
48113  -17.754  -25.388  46.712 0.5000000000
48099  -19.152  -25.251  46.898 0.5000000000
46032  -6.402  -27.826  49.779 0.1250000000
48075  -12.277  -24.983  48.769 0.5000000000
139652  -7.448  -27.175  49.331 0.1250000000
46984  -8.508  -26.066  49.838 0.3750000000
120819  -13.179  -25.421  47.781 0.3750000000
48094  -14.409  -25.436  47.574 0.3750000000
48096  -16.109  -25.314  47.511 0.5000000000
46985  -9.011  -25.819  49.286 0.3750000000
49291  -20.087  -24.028  48.270 0.5000000000
50437  -21.680  -23.429  47.953 0.5000000000
50429  -23.236  -23.228  47.691 0.5000000000
52500  -24.603  -21.609  47.850 0.5000000000
54568  -26.952  -19.839  48.879 0.5000000000
48098  -18.416  -25.210  47.204 0.5000000000
49299  -19.805  -24.768  47.535 0.5000000000
55550  -28.049  -19.169  49.477 0.5000000000
46033  -7.099  -27.317  49.884 0.1250000000
117734  -7.754  -26.725  49.910 0.3750000000
48071  -9.052  -25.439  49.885 0.3750000000
48067  -9.873  -24.581  49.675 0.3750000000
48068  -10.804  -24.362  49.335 0.3750000000
48077  -14.218  -25.004  48.808 0.3750000000
50428  -22.361  -23.042  47.825 0.5000000000
52499  -23.686  -21.936  47.721 0.5000000000
49292  -20.903  -23.734  48.106 0.5000000000
52501  -25.395  -21.404  48.093 0.5000000000
56532  -27.766  -18.256  49.476 0.5000000000
126621  -27.630  -19.454  49.124 0.5000000000
56521  -28.082  -18.051  50.920 0.6250000000
120547  3.976  -19.111  50.009 0.3750000000
58452  2.857  -15.774  47.632 0.3750000000
59605  1.962  -14.078  46.673 0.3750000000
59606  1.666  -13.987  45.963 0.6250000000
61812  1.770  -12.568  46.121 0.7500000000
60733  1.718  -12.487  45.343 0.7500000000
46975  -6.970  -27.024  51.405 0.2500000000
48061  -8.481  -25.274  51.466 0.3750000000
48063  -9.283  -24.307  50.402 0.3750000000
46980  -8.045  -26.219  50.679 0.3750000000
48065  -8.710  -25.445  50.598 0.3750000000
48066  -9.291  -24.913  50.199 0.3750000000
48083  -14.707  -25.240  48.233 0.5000000000
55548  -26.844  -18.734  48.633 0.5000000000
58380  -27.256  -15.987  53.084 0.6250000000
56509  -28.204  -17.454  52.059 0.6250000000
48112  -16.377  -25.444  46.274 0.3750000000
56654  -32.672  -16.570  38.469 0.6250000000
55535  3.907  -18.235  50.239 0.3750000000
56519  3.851  -17.366  50.608 0.3750000000
57428  3.553  -16.198  49.506 0.3750000000
58421  3.230  -15.569  48.844 0.3750000000
58435  3.105  -15.859  48.190 0.3750000000
59572  2.392  -14.172  47.779 0.3750000000
61793  1.835  -12.857  46.811 0.5000000000
61813  1.778  -12.468  46.510 0.6250000000
61831  1.803  -12.298  45.799 0.7500000000
61830  1.777  -12.263  45.401 0.7500000000
61844  1.805  -12.190  44.577 0.7500000000
62950  1.866  -11.650  44.278 0.7500000000
48062  -8.906  -24.702  50.971 0.3750000000
49271  -10.704  -23.850  49.587 0.3750000000
49270  -9.952  -24.044  49.863 0.3750000000
122752  -11.459  -24.070  49.460 0.3750000000
49278  -11.842  -24.461  49.199 0.3750000000
128947  -21.631  -22.885  47.906 0.5000000000
48084  -15.503  -25.134  48.346 0.5000000000
52498  -22.634  -21.957  47.652 0.5000000000
53584  -24.768  -20.685  47.985 0.5000000000
54567  -25.984  -19.772  48.521 0.5000000000
56527  -27.949  -18.188  50.174 0.6250000000
49298  -18.368  -24.735  48.158 0.5000000000
57409  -27.490  -16.666  52.482 0.6250000000
61722  -28.177  -12.652  53.069 0.7500000000
59522  -27.647  -14.303  53.268 0.6250000000
57599  -32.898  -15.935  38.034 0.7500000000
61794  1.748  -12.433  47.234 0.7500000000
49258  -8.211  -24.363  52.583 0.3750000000
49259  -8.491  -23.820  52.130 0.3750000000
49265  -9.208  -23.753  50.593 0.5000000000
49266  -9.895  -23.658  49.941 0.5000000000
50409  -11.490  -23.634  49.363 0.5000000000
49272  -12.284  -24.087  49.465 0.5000000000
49279  -12.829  -24.551  49.188 0.5000000000
53543  -9.041  -21.298  49.744 0.5000000000
49280  -13.758  -24.549  49.236 0.5000000000
134120  -14.544  -24.536  49.251 0.6250000000
53553  -8.405  -20.904  49.800 0.5000000000
53579  -9.513  -20.653  47.517 0.6250000000
49287  -15.014  -24.860  48.925 0.3750000000
118105  -19.217  -24.322  48.274 0.5000000000
50426  -20.198  -23.294  48.346 0.5000000000
53585  -25.161  -19.795  48.161 0.5000000000
123788  -27.811  -17.569  49.557 0.6250000000
48086  -16.998  -25.118  48.044 0.5000000000
49297  -17.630  -24.815  48.321 0.5000000000
57418  -27.470  -17.093  51.917 0.6250000000
57402  -26.306  -15.790  53.106 0.7500000000
60630  -28.274  -13.487  53.143 0.7500000000
61721  -27.518  -12.403  53.081 0.7500000000
62836  -28.081  -11.748  53.115 0.7500000000
62842  -28.595  -11.027  52.695 0.7500000000
60746  -31.960  -12.983  43.462 0.8750000000
60755  -32.151  -12.988  42.573 0.8750000000
60747  -32.394  -13.683  42.977 0.7500000000
60789  2.298  -12.795  40.027 0.6250000000
60790  1.974  -13.136  39.709 0.6250000000
61892  2.475  -12.572  39.302 0.6250000000
60791  1.186  -13.450  39.508 0.6250000000
60805  2.393  -12.881  39.102 0.6250000000
135799  0.612  -13.130  35.410 0.3750000000
60806  1.960  -13.243  38.869 0.5000000000
60826  1.765  -13.313  37.975 0.5000000000
60844  1.359  -13.282  36.919 0.5000000000
60827  0.590  -13.481  37.831 0.5000000000
50403  -8.811  -23.383  51.136 0.5000000000
50406  -10.374  -23.430  49.679 0.5000000000
50400  -8.453  -23.285  51.927 0.3750000000
49260  -8.711  -23.632  51.436 0.5000000000
49273  -13.313  -24.110  49.492 0.5000000000
51415  -8.233  -22.748  51.991 0.5000000000
52475  -8.799  -22.195  50.683 0.5000000000
52480  -9.333  -22.148  50.079 0.5000000000
52474  -8.402  -21.982  51.189 0.5000000000
52479  -8.798  -21.734  50.426 0.5000000000
52482  -9.639  -21.563  49.303 0.5000000000
52486  -9.877  -21.352  48.753 0.6250000000
53563  -9.344  -20.898  48.431 0.6250000000
49281  -15.320  -24.226  49.480 0.6250000000
131307  -15.702  -24.742  49.034 0.5000000000
50427  -20.967  -23.084  48.144 0.5000000000
49289  -17.115  -24.488  48.874 0.5000000000
118371  -17.883  -24.351  48.725 0.5000000000
50425  -19.334  -23.519  48.619 0.5000000000
132656  -9.065  -20.164  46.142 0.7500000000
59521  -26.887  -14.700  53.101 0.7500000000
118048  -27.123  -13.784  53.225 0.7500000000
63927  -28.340  -10.399  52.335 0.7500000000
62835  -27.534  -11.594  52.810 0.7500000000
115417  -29.607  -11.288  50.347 0.7500000000
61749  -29.831  -12.286  51.260 0.7500000000
60696  -32.250  -13.079  47.333 0.8750000000
62870  -32.132  -11.392  48.686 0.8750000000
133598  -31.926  -12.141  46.556 0.8750000000
60739  -31.894  -12.954  44.305 0.8750000000
61826  -31.916  -12.476  46.037 0.8750000000
61944  1.275  -12.743  34.990 0.2500000000
63074  0.445  -11.998  33.575 0.2500000000
61977  -0.443  -12.188  33.467 0.1250000000
61978  -1.366  -12.373  33.463 0.1250000000
63087  -1.878  -11.961  32.816 0.1250000000
61907  2.340  -12.949  37.378 0.6250000000
61925  1.445  -13.064  35.838 0.5000000000
61896  2.579  -12.603  38.492 0.6250000000
50405  -9.384  -23.271  50.357 0.5000000000
51420  -9.933  -23.034  49.890 0.6250000000
51424  -12.135  -23.323  49.226 0.6250000000
50410  -12.708  -23.683  49.393 0.6250000000
51419  -9.170  -22.677  50.424 0.5000000000
51422  -9.946  -22.626  49.714 0.5000000000
52483  -9.999  -22.042  49.430 0.5000000000
136285  -10.172  -21.757  48.960 0.6250000000
50412  -14.472  -23.493  49.709 0.6250000000
124242  -10.574  -21.659  48.400 0.6250000000
53564  -10.080  -21.122  48.004 0.6250000000
50413  -15.103  -23.565  49.751 0.6250000000
53580  -10.228  -20.848  47.141 0.6250000000
49282  -16.882  -23.858  49.361 0.6250000000
52520  -23.953  -21.108  47.732 0.5000000000
54578  -26.190  -18.929  48.396 0.6250000000
53622  -9.780  -20.254  45.851 0.7500000000
127350  -17.751  -23.185  49.118 0.6250000000
50420  -19.052  -22.913  48.709 0.5000000000
135984  -20.255  -22.666  48.222 0.5000000000
51448  -21.166  -22.504  47.914 0.5000000000
52519  -23.105  -21.360  47.631 0.5000000000
121154  -19.805  -22.268  48.253 0.5000000000
57426  -27.690  -17.149  51.199 0.6250000000
57416  -25.954  -16.080  52.852 0.6250000000
60627  -26.665  -13.975  53.144 0.7500000000
59520  -25.947  -14.788  53.177 0.7500000000
62834  -27.177  -11.535  52.498 0.7500000000
61720  -26.978  -12.160  53.179 0.7500000000
63926  -27.644  -10.381  52.283 0.7500000000
66892  -27.754  -8.641  52.207 0.7500000000
64981  -29.246  -9.644  51.986 0.7500000000
63970  -26.601  -10.098  48.034 0.8750000000
65016  -27.020  -9.689  47.401 0.8750000000
118912  -28.762  -11.475  49.255 0.8750000000
115413  -29.395  -10.941  51.218 0.7500000000
65015  -26.111  -9.707  47.485 0.8750000000
65030  -24.910  -9.124  46.211 0.8750000000
57624  -30.165  -15.640  35.274 0.3750000000
61960  1.800  -12.087  34.564 0.5000000000
63073  1.286  -11.626  33.831 0.2500000000
63086  -0.792  -11.598  32.781 0.2500000000
123673  2.591  -12.270  38.736 0.7500000000
61906  2.657  -12.558  37.744 0.6250000000
61942  2.561  -12.309  36.241 0.6250000000
51423  -10.845  -23.131  49.369 0.6250000000
51425  -13.271  -23.285  49.391 0.7500000000
51429  -10.620  -22.618  49.232 0.7500000000
51430  -11.587  -22.857  49.049 0.7500000000
50411  -13.775  -23.654  49.602 0.6250000000
52484  -10.936  -22.243  48.826 0.7500000000
52507  -10.989  -21.397  47.540 0.7500000000
51435  -16.527  -22.899  49.480 0.6250000000
50418  -17.066  -23.342  49.355 0.6250000000
56531  -27.583  -17.476  48.883 0.6250000000
51437  -18.214  -22.703  48.847 0.5000000000
51447  -18.959  -22.377  48.486 0.6250000000
52517  -21.370  -21.553  47.615 0.5000000000
53583  -23.266  -20.524  47.584 0.5000000000
54576  -24.371  -19.774  47.857 0.5000000000
52516  -20.541  -21.551  47.592 0.6250000000
53582  -22.613  -20.930  47.540 0.5000000000
58405  -26.742  -15.861  51.907 0.7500000000
59534  -25.878  -14.818  52.791 0.7500000000
61733  -26.770  -12.213  52.931 0.7500000000
135592  -26.217  -13.729  52.723 0.7500000000
64977  -26.187  -10.058  52.269 0.7500000000
133811  -26.603  -11.576  52.295 0.7500000000
134616  -27.869  -11.512  48.871 0.7500000000
62888  -28.397  -11.394  49.135 0.7500000000
62848  -27.718  -11.012  50.814 0.7500000000
64984  -25.912  -9.096  51.622 0.7500000000
63958  -26.952  -10.703  48.369 0.8750000000
120203  -27.705  -10.932  48.627 0.8750000000
63940  -28.773  -10.981  50.326 0.7500000000
65964  -27.619  -8.622  50.680 0.7500000000
63968  -24.702  -10.177  47.797 0.8750000000
65014  -25.325  -9.851  47.625 0.8750000000
124018  -23.116  -9.876  46.425 0.8750000000
122906  -23.720  -9.834  47.008 0.8750000000
65023  -24.567  -9.602  47.118 0.8750000000
63987  -23.276  -9.573  45.672 0.8750000000
58659  -29.538  -15.339  34.483 0.5000000000
63072  2.033  -11.043  34.324 0.5000000000
122545  2.569  -11.437  38.551 0.7500000000
63042  2.743  -12.035  37.351 0.6250000000
63050  2.687  -11.815  36.560 0.6250000000
63059  2.337  -11.736  34.986 0.5000000000
64117  2.457  -10.928  35.185 0.5000000000
63031  2.740  -12.179  38.059 0.7500000000
51440  -12.174  -22.528  48.706 0.7500000000
51431  -12.771  -22.905  49.126 0.7500000000
51432  -13.748  -22.840  49.332 0.7500000000
51433  -14.607  -22.795  49.577 0.7500000000
52487  -11.587  -21.984  48.182 0.7500000000
51427  -14.785  -23.176  49.802 0.6250000000
52528  -11.554  -21.230  46.710 0.7500000000
51444  -16.039  -22.315  49.179 0.6250000000
132501  -10.841  -20.977  46.759 0.7500000000
53623  -10.529  -20.445  45.510 0.8750000000
51445  -17.658  -22.261  48.757 0.6250000000
132634  -18.005  -22.064  48.547 0.6250000000
54577  -25.448  -18.974  48.104 0.5000000000
53638  -10.756  -20.359  44.653 0.8750000000
52515  -19.740  -21.492  47.537 0.6250000000
125225  -20.029  -21.915  48.022 0.6250000000
54575  -23.640  -19.768  47.532 0.6250000000
55559  -26.827  -18.007  48.287 0.6250000000
135967  -21.889  -20.928  47.400 0.6250000000
53608  -22.414  -20.257  47.148 0.7500000000
53609  -23.029  -19.836  47.208 0.6250000000
57448  -27.888  -16.663  49.146 0.6250000000
57433  -27.860  -17.181  50.199 0.6250000000
58419  -27.966  -16.127  50.460 0.7500000000
59535  -26.358  -14.978  51.970 0.7500000000
60647  -27.199  -13.795  51.584 0.7500000000
119737  -26.249  -13.138  52.100 0.7500000000
117288  -26.348  -14.172  51.919 0.7500000000
61791  -28.379  -12.851  49.287 0.7500000000
122237  -28.617  -13.115  50.270 0.7500000000
139521  -27.408  -12.203  51.343 0.7500000000
61745  -26.212  -12.475  51.792 0.7500000000
61790  -27.801  -12.171  48.796 0.7500000000
61763  -28.435  -12.230  50.383 0.7500000000
62849  -27.972  -12.009  50.962 0.7500000000
117849  -27.008  -11.641  51.367 0.7500000000
62886  -25.987  -11.493  48.212 0.8750000000
62887  -26.561  -11.244  48.431 0.7500000000
62885  -24.765  -11.193  48.331 0.8750000000
63955  -24.433  -10.820  48.166 0.8750000000
63956  -25.261  -10.564  48.109 0.8750000000
63976  -23.130  -10.467  47.421 0.8750000000
122750  -24.029  -10.277  47.672 0.8750000000
64109  2.625  -10.759  36.075 0.6250000000
135486  2.451  -10.043  35.462 0.5000000000
64126  1.469  -10.602  33.524 0.2500000000
126056  2.653  -11.361  37.725 0.7500000000
64099  2.661  -11.002  36.997 0.7500000000
63058  2.579  -11.732  35.719 0.6250000000
51442  -14.182  -22.303  49.021 0.7500000000
52488  -12.664  -22.054  48.195 0.7500000000
52508  -12.159  -21.641  47.398 0.7500000000
52529  -12.277  -21.342  46.608 0.7500000000
51443  -15.090  -22.271  49.188 0.6250000000
53604  -11.106  -20.820  46.086 0.7500000000
124874  -16.908  -22.350  49.001 0.6250000000
52493  -17.553  -21.775  48.195 0.6250000000
52514  -18.901  -21.458  47.533 0.6250000000
52536  -20.226  -21.054  46.911 0.6250000000
55556  -24.724  -19.005  47.778 0.6250000000
136091  -25.761  -18.401  47.951 0.5000000000
53581  -21.063  -20.995  47.164 0.6250000000
54588  -23.986  -19.019  47.376 0.6250000000
56537  -25.838  -17.799  47.588 0.7500000000
56538  -26.509  -17.549  47.780 0.6250000000
57447  -27.461  -16.687  48.271 0.7500000000
59554  -28.467  -15.112  49.882 0.7500000000
58450  -28.085  -15.592  49.052 0.7500000000
59543  -28.157  -15.195  50.617 0.7500000000
59584  -27.437  -14.721  47.390 0.7500000000
59570  -28.155  -14.588  48.893 0.7500000000
122953  -28.458  -14.240  50.480 0.7500000000
59536  -27.739  -14.787  51.222 0.7500000000
59615  -26.818  -14.048  45.808 0.7500000000
60693  -27.225  -13.651  47.230 0.7500000000
60694  -27.520  -13.291  48.019 0.7500000000
60666  -28.542  -13.921  49.628 0.7500000000
60648  -28.231  -13.550  51.036 0.7500000000
139728  -26.943  -13.076  51.624 0.7500000000
61823  -25.690  -12.903  46.670 0.7500000000
61824  -26.188  -13.142  46.471 0.7500000000
135472  -26.706  -12.584  47.685 0.7500000000
61808  -27.868  -12.876  48.536 0.7500000000
61805  -25.552  -12.292  47.616 0.8750000000
62906  -26.629  -11.960  48.160 0.7500000000
60679  -23.956  -12.442  48.534 0.8750000000
62884  -24.066  -11.513  48.480 0.8750000000
134669  -25.463  -11.018  48.361 0.8750000000
62903  -22.020  -11.508  47.876 0.8750000000
63967  -23.669  -11.045  48.218 0.8750000000
62923  -21.383  -11.116  46.173 0.8750000000
59737  -29.463  -14.843  33.057 0.6250000000
140613  -19.974  -10.993  43.593 0.8750000000
62957  -20.531  -10.750  43.861 0.8750000000
65119  2.561  -9.519  36.026 0.6250000000
64125  1.855  -9.838  34.025 0.3750000000
129105  2.613  -10.015  36.612 0.7500000000
51441  -13.238  -22.441  48.847 0.7500000000
121159  -13.057  -21.746  47.612 0.7500000000
52490  -14.597  -21.826  48.457 0.7500000000
52491  -15.508  -21.781  48.484 0.6250000000
52512  -16.751  -21.418  47.528 0.6250000000
139287  -18.156  -21.475  47.611 0.6250000000
123286  -19.331  -21.031  46.660 0.6250000000
53606  -20.723  -20.580  46.386 0.7500000000
54586  -22.619  -19.624  46.683 0.7500000000
55569  -23.909  -18.407  46.448 0.6250000000
140390  -24.436  -18.460  47.214 0.7500000000
54585  -21.980  -19.795  46.302 0.7500000000
56547  -25.435  -17.559  46.866 0.7500000000
56548  -26.157  -17.094  47.079 0.7500000000
55591  -24.366  -17.861  44.652 0.7500000000
55580  -25.209  -17.492  45.888 0.7500000000
58463  -27.327  -15.790  47.671 0.7500000000
127920  -27.751  -15.966  48.442 0.7500000000
56570  -25.655  -16.999  44.282 0.7500000000
58480  -26.794  -15.957  46.221 0.7500000000
58464  -27.752  -15.128  48.222 0.7500000000
58533  -25.195  -15.053  42.931 0.7500000000
58511  -26.334  -15.207  44.099 0.7500000000
57507  -26.734  -15.692  45.341 0.7500000000
59585  -27.701  -14.160  48.045 0.7500000000
59645  -24.546  -14.578  42.977 0.7500000000
60726  -25.587  -13.560  45.324 0.7500000000
60727  -26.231  -13.626  45.641 0.7500000000
59613  -23.568  -14.218  45.570 0.8750000000
59627  -24.300  -13.841  44.786 0.7500000000
123666  -25.071  -12.789  46.911 0.7500000000
60691  -23.715  -13.822  47.360 0.8750000000
60678  -23.461  -13.347  48.451 0.8750000000
61804  -24.757  -12.255  47.976 0.8750000000
61803  -21.494  -12.154  48.372 0.8750000000
61787  -21.837  -12.850  49.190 0.8750000000
123179  -23.308  -12.576  48.812 0.8750000000
61820  -20.285  -12.094  46.777 0.8750000000
125350  -20.704  -11.617  46.261 0.8750000000
62940  -19.911  -11.681  45.035 0.8750000000
62956  -19.756  -11.362  44.158 0.8750000000
130859  2.249  -9.086  35.278 0.3750000000
52489  -13.689  -21.899  48.239 0.7500000000
52541  -11.968  -21.080  45.894 0.7500000000
140155  -14.242  -21.648  47.922 0.7500000000
52511  -15.876  -21.459  47.645 0.6250000000
52513  -17.520  -21.281  47.194 0.7500000000
136081  -19.373  -20.710  45.999 0.7500000000
53605  -19.907  -20.681  46.120 0.7500000000
53648  -20.885  -19.805  44.942 0.7500000000
54601  -21.720  -19.543  45.309 0.7500000000
54640  -22.135  -18.856  43.886 0.7500000000
55590  -23.627  -18.258  44.392 0.7500000000
54622  -22.293  -19.041  44.748 0.7500000000
56579  -23.941  -17.594  42.807 0.7500000000
55607  -24.221  -17.787  43.695 0.7500000000
55606  -23.423  -18.163  43.507 0.7500000000
58556  -24.667  -15.356  42.526 0.7500000000
57539  -24.559  -16.269  42.378 0.7500000000
56580  -24.795  -17.039  42.968 0.7500000000
59643  -22.845  -14.632  43.467 0.8750000000
59628  -24.393  -14.140  43.826 0.7500000000
124635  -22.993  -14.689  46.006 0.8750000000
117392  -23.412  -14.337  44.336 0.7500000000
59553  -21.466  -14.447  49.737 0.8750000000
59583  -23.219  -14.283  47.731 0.8750000000
61786  -20.963  -12.787  48.998 0.8750000000
60665  -21.618  -13.626  49.553 0.8750000000
61851  -19.148  -11.929  44.696 0.8750000000
59766  -30.457  -14.993  31.370 0.5000000000
119534  -30.308  -15.256  29.927 0.3750000000
58716  -31.113  -15.425  30.129 0.3750000000
52542  -13.270  -21.240  45.578 0.7500000000
52509  -13.832  -21.559  47.310 0.7500000000
53657  -11.892  -20.514  43.658 0.8750000000
53625  -12.132  -20.935  45.041 0.7500000000
52531  -14.465  -21.378  46.581 0.7500000000
52510  -14.846  -21.518  47.600 0.7500000000
53639  -11.597  -20.622  44.452 0.8750000000
52533  -16.835  -21.138  46.623 0.7500000000
119142  -16.179  -21.242  46.919 0.7500000000
52534  -17.527  -21.015  46.358 0.7500000000
52547  -18.834  -20.763  45.892 0.7500000000
53627  -19.448  -20.450  45.380 0.7500000000
118488  -19.985  -19.988  44.604 0.7500000000
53628  -20.356  -20.264  45.523 0.7500000000
117465  -20.081  -19.382  42.899 0.7500000000
53647  -20.644  -19.627  44.183 0.7500000000
54621  -21.445  -19.332  44.272 0.7500000000
137792  -20.342  -17.931  39.861 0.8750000000
55651  -20.992  -18.283  40.791 0.7500000000
55636  -22.001  -18.349  41.817 0.7500000000
55605  -22.664  -18.481  43.342 0.7500000000
129146  -21.211  -16.737  40.177 0.8750000000
56608  -23.043  -17.169  41.421 0.7500000000
56594  -23.586  -17.302  41.960 0.7500000000
58552  -20.635  -15.279  42.419 0.8750000000
140496  -22.196  -15.097  41.839 0.8750000000
126980  -23.458  -15.135  41.927 0.7500000000
59642  -21.987  -14.941  43.788 0.8750000000
59626  -22.584  -14.758  44.348 0.8750000000
59581  -21.889  -15.528  48.178 0.8750000000
59582  -22.613  -14.895  47.930 0.8750000000
60664  -21.014  -13.986  49.935 0.8750000000
139726  -31.299  -15.557  29.407 0.3750000000
52559  -12.874  -21.125  44.902 0.7500000000
52544  -15.019  -21.261  45.823 0.7500000000
119350  -15.407  -21.317  46.755 0.7500000000
52545  -17.016  -20.949  45.732 0.7500000000
53626  -18.603  -20.549  45.088 0.7500000000
52564  -17.295  -20.775  44.910 0.7500000000
135077  -17.955  -20.614  44.829 0.7500000000
53646  -19.099  -20.233  44.527 0.7500000000
53663  -17.191  -20.488  43.470 0.7500000000
117983  -17.990  -20.226  43.613 0.7500000000
134909  -19.448  -19.921  43.991 0.7500000000
123834  -17.292  -19.671  41.032 0.7500000000
54657  -18.407  -19.641  41.997 0.7500000000
54639  -19.343  -19.681  43.286 0.7500000000
53664  -20.060  -19.653  43.730 0.7500000000
55668  -18.919  -18.235  39.251 0.8750000000
54697  -18.620  -19.113  40.556 0.7500000000
54678  -19.637  -19.114  41.536 0.7500000000
57575  -19.225  -16.208  39.335 0.8750000000
135550  -20.640  -16.858  39.784 0.8750000000
58575  -20.832  -15.345  41.332 0.8750000000
58598  -21.343  -15.885  40.572 0.8750000000
58510  -21.160  -15.412  44.185 0.8750000000
58496  -21.641  -15.606  46.060 0.8750000000
58715  -31.080  -15.506  28.692 0.3750000000
131195  -31.811  -15.710  28.977 0.3750000000
58734  -31.630  -15.631  28.248 0.3750000000
58752  -31.998  -15.681  27.478 0.2500000000
52543  -14.101  -21.286  45.696 0.7500000000
52561  -14.568  -21.212  44.953 0.7500000000
53643  -14.990  -21.070  44.161 0.7500000000
52562  -15.508  -21.174  44.995 0.7500000000
53677  -14.825  -20.661  42.603 0.7500000000
53661  -15.393  -20.860  43.367 0.7500000000
52563  -16.447  -21.005  44.971 0.7500000000
54707  -15.323  -19.561  39.595 0.8750000000
54675  -15.541  -20.040  41.078 0.7500000000
53698  -16.113  -20.194  41.822 0.7500000000
53679  -16.778  -20.350  42.590 0.7500000000
53662  -16.324  -20.708  43.381 0.7500000000
54718  -16.042  -18.866  38.491 0.8750000000
54695  -16.805  -19.542  40.059 0.8750000000
53680  -17.387  -20.057  42.280 0.7500000000
56646  -17.134  -17.096  38.128 0.8750000000
54709  -17.508  -19.074  39.377 0.8750000000
54696  -17.784  -19.318  40.323 0.7500000000
57590  -17.231  -16.469  38.426 0.8750000000
55683  -17.681  -17.738  38.339 0.8750000000
58717  -32.593  -15.885  29.295 0.3750000000
58736  -33.201  -16.099  28.678 0.3750000000
58735  -32.353  -15.854  28.402 0.3750000000
58771  -31.355  -15.389  26.789 0.1250000000
58753  -32.760  -15.775  26.862 0.2500000000
58788  -31.800  -15.363  25.979 0.1250000000
122054  -13.069  -20.665  42.910 0.8750000000
53658  -12.731  -20.733  43.542 0.7500000000
52560  -13.687  -21.187  44.909 0.7500000000
53675  -13.004  -20.454  42.234 0.8750000000
53659  -13.556  -20.877  43.458 0.7500000000
53641  -13.216  -21.015  44.199 0.7500000000
53694  -13.043  -20.256  41.557 0.8750000000
53695  -13.566  -20.428  41.866 0.8750000000
53660  -14.447  -20.917  43.383 0.7500000000
53642  -14.079  -21.089  44.166 0.7500000000
54673  -13.682  -20.194  41.094 0.8750000000
53696  -14.290  -20.444  41.850 0.7500000000
54693  -14.989  -19.844  40.359 0.8750000000
118131  -32.948  -16.001  27.739 0.3750000000
58772  -32.094  -15.560  26.636 0.1250000000
58737  -34.068  -16.147  28.996 0.3750000000
58755  -33.843  -16.151  28.029 0.3750000000
58754  -33.612  -15.946  27.081 0.3750000000
58773  -33.384  -15.567  26.275 0.2500000000
58738  -35.664  -16.044  28.653 0.3750000000
58774  -34.495  -15.902  27.362 0.3750000000
118828  -34.741  -16.114  28.372 0.3750000000
136943  -34.230  -15.560  26.462 0.2500000000
58775  -35.098  -15.422  26.725 0.3750000000
59857  -34.767  -14.964  25.918 0.3750000000
58721  -37.032  -15.745  29.238 0.5000000000
58739  -36.433  -15.899  28.758 0.3750000000
58756  -35.381  -15.790  27.648 0.3750000000
58757  -36.238  -15.667  27.907 0.3750000000
59835  -35.971  -15.273  26.986 0.3750000000
59820  -37.018  -15.485  28.248 0.5000000000
59858  -35.633  -14.765  26.180 0.3750000000
60964  -36.098  -13.969  25.735 0.3750000000
59884  -35.262  -14.249  25.436 0.3750000000
59821  -37.775  -15.248  28.693 0.5000000000
59837  -37.572  -14.780  27.716 0.3750000000
60954  -37.274  -14.250  26.842 0.3750000000
59859  -36.484  -14.534  26.469 0.3750000000
60965  -36.910  -13.671  26.079 0.3750000000
60983  -36.441  -13.074  25.487 0.3750000000
60982  -35.653  -13.394  25.117 0.3750000000
62091  -35.943  -12.414  24.975 0.2500000000
63229  -35.806  -11.544  24.826 0.1250000000
81737  -16.077  8.160  47.206 0.2500000000
80810  -14.857  7.287  47.288 0.2500000000
60948  -38.886  -13.993  28.672 0.6250000000
60955  -37.991  -13.922  27.310 0.3750000000
60966  -37.594  -13.333  26.580 0.3750000000
62092  -36.628  -12.300  25.444 0.3750000000
64285  -36.730  -10.342  25.853 0.1250000000
65244  -37.536  -9.385  27.310 0.1250000000
68178  -38.100  -7.221  28.866 0.3750000000
68154  -38.535  -6.926  29.600 0.3750000000
64299  -36.193  -10.788  25.244 0.1250000000
69097  -38.598  -5.773  30.545 0.3750000000
86653  -24.104  14.366  46.319 0.2500000000
85835  -24.030  13.151  46.709 0.2500000000
85834  -23.434  13.091  47.238 0.2500000000
84186  -22.731  11.821  47.745 0.2500000000
117386  -22.655  11.275  47.522 0.2500000000
83410  -21.295  10.116  47.236 0.2500000000
82634  -20.160  9.620  47.204 0.2500000000
81738  -16.974  8.332  47.495 0.2500000000
138114  -17.931  8.883  47.170 0.2500000000
82635  -20.987  9.907  48.027 0.2500000000
62072  -38.231  -12.914  27.174 0.3750000000
63220  -37.554  -11.855  26.292 0.3750000000
66193  -38.637  -8.847  29.056 0.3750000000
63219  -37.014  -11.742  25.752 0.2500000000
64286  -37.305  -10.947  26.226 0.2500000000
65257  -37.172  -9.884  26.532 0.1250000000
122609  -38.381  -9.186  28.619 0.3750000000
125596  -36.763  -11.102  25.636 0.1250000000
67234  -37.731  -8.283  28.116 0.2500000000
67235  -38.195  -7.940  28.708 0.3750000000
139381  -38.800  -7.384  29.745 0.3750000000
86652  -23.067  14.588  46.291 0.2500000000
85851  -23.749  13.890  46.754 0.2500000000
83400  -22.060  10.752  47.704 0.2500000000
63208  -38.532  -12.100  27.665 0.3750000000
63207  -38.031  -11.997  26.919 0.3750000000
130618  -37.788  -11.296  26.765 0.2500000000
64272  -37.783  -10.395  27.185 0.3750000000
65245  -38.073  -9.688  27.998 0.3750000000
64273  -38.211  -11.276  27.444 0.3750000000
64260  -38.359  -10.499  28.059 0.5000000000
65221  -38.564  -9.862  28.657 0.3750000000
75590  -46.708  1.576  27.425 0.5000000000
74528  -47.878  0.746  26.360 0.3750000000
118443  -43.254  7.378  20.405 0.5000000000
118544  -41.561  8.017  21.642 0.5000000000
81117  -42.315  7.985  20.387 0.5000000000
46973  -6.809  -26.827  52.321 0.3750000000
46027  -5.943  -28.037  50.567 0.1250000000
45053  -5.714  -28.340  49.705 0.1250000000
50392  -6.686  -23.235  53.664 0.3750000000
135198  -6.872  -27.612  49.130 0.1250000000
125386  -5.480  -28.614  49.079 0.1250000000
45058  -6.124  -28.159  48.891 0.1250000000
46028  -6.682  -27.453  50.559 0.1250000000
46029  -7.378  -26.888  50.619 0.2500000000
46025  -6.301  -27.417  51.899 0.2500000000
52464  -7.739  -21.848  52.436 0.5000000000
48060  -7.996  -25.690  52.020 0.3750000000
49254  -8.065  -23.671  52.892 0.3750000000
52473  -7.990  -21.706  51.706 0.5000000000
51414  -7.878  -22.420  52.576 0.5000000000
139107  -8.556  -26.252  49.181 0.3750000000
119331  -6.606  -26.534  53.125 0.3750000000
56515  -28.168  -17.815  51.549 0.6250000000
59556  -32.524  -14.239  48.074 0.7500000000
60710  -31.940  -13.367  46.185 0.8750000000
60681  -32.238  -14.139  47.523 0.8750000000
59523  -28.501  -14.308  53.114 0.7500000000
61764  -31.329  -12.599  50.275 0.7500000000
60695  -31.936  -13.775  46.989 0.8750000000
60668  -32.684  -13.366  48.439 0.8750000000
60657  -32.015  -13.177  49.835 0.7500000000
59528  -28.715  -15.013  52.786 0.7500000000
60728  -31.914  -12.960  45.244 0.8750000000
62837  -28.825  -11.771  52.599 0.7500000000
61809  -32.037  -12.242  46.929 0.8750000000
62883  -23.319  -11.927  48.685 0.8750000000
59567  -21.569  -15.271  49.264 0.8750000000
119315  -20.302  -15.876  44.483 0.8750000000
61819  -19.543  -12.414  46.372 0.8750000000
115414  -29.009  -11.164  50.256 0.8750000000
115837  -28.949  -7.940  51.318 0.7500000000
65969  -28.767  -9.206  50.649 0.7500000000
115731  -29.293  -9.049  51.538 0.7500000000
65017  -27.957  -9.749  47.294 0.8750000000
58595  -18.775  -15.600  40.596 0.8750000000
118587  -19.802  -15.653  42.802 0.8750000000
62955  -18.876  -11.681  43.904 0.8750000000
62971  -19.464  -11.198  43.365 0.8750000000
116186  -30.316  -11.556  49.976 0.7500000000
116124  -31.775  -11.579  49.219 0.8750000000
115712  -30.228  -11.518  49.200 0.8750000000
54692  -13.380  -19.751  40.061 0.8750000000
131878  -29.495  -11.491  49.826 0.7500000000
57589  -16.604  -16.391  38.221 0.8750000000
58612  -18.552  -15.708  39.702 0.8750000000
139227  3.990  -19.478  50.509 0.3750000000
53554  -8.883  -20.902  49.124 0.6250000000
53541  -8.034  -20.933  50.433 0.5000000000
136627  -32.709  -12.169  47.852 0.8750000000
59557  2.825  -15.011  48.190 0.3750000000
52463  -7.331  -21.507  52.846 0.5000000000
51410  -7.201  -22.309  53.374 0.3750000000
52472  -7.529  -21.374  52.201 0.5000000000
53531  -7.927  -21.240  51.227 0.5000000000
61878  -31.550  -12.576  43.063 0.8750000000
60669  2.153  -13.509  47.941 0.3750000000
125865  1.830  -12.715  47.782 0.6250000000
62932  1.805  -12.004  45.895 0.7500000000
62949  1.911  -12.048  44.225 0.6250000000
124778  2.385  -12.483  39.985 0.6250000000
133736  2.612  -10.668  37.480 0.7500000000
60947  -38.285  -14.450  28.198 0.5000000000
62073  -38.741  -12.823  27.859 0.5000000000
63197  -38.696  -11.345  28.211 0.6250000000
122994  -38.820  -10.612  28.768 0.5000000000
69113  -38.742  -6.476  30.230 0.5000000000
75578  -45.568  1.733  28.352 0.3750000000
76517  -47.079  2.328  27.146 0.3750000000
81116  -41.801  7.687  21.042 0.5000000000
127569  -19.370  -15.534  41.284 0.8750000000
122228  -14.208  -19.946  40.438 0.8750000000
55681  -14.545  -18.710  38.294 0.8750000000
54706  -14.359  -19.592  39.592 0.8750000000
54716  -14.919  -19.261  38.871 0.8750000000
126127  -15.954  -18.179  37.967 0.8750000000
53674  -12.261  -20.362  42.774 0.8750000000
60956  -38.554  -13.571  27.882 0.3750000000
66192  -38.269  -8.564  28.649 0.3750000000
67197  -38.579  -7.616  29.326 0.3750000000
59590  2.220  -14.129  47.246 0.3750000000
60698  1.898  -13.259  46.773 0.5000000000
58470  2.399  -15.051  46.947 0.3750000000
60714  1.759  -13.121  46.080 0.5000000000
60715  1.605  -13.100  45.274 0.6250000000
60734  1.681  -12.518  44.495 0.7500000000
119874  -7.590  -26.502  51.229 0.3750000000
48058  -8.581  -24.520  51.829 0.3750000000
46977  -8.016  -25.988  51.438 0.3750000000
58391  -28.406  -15.977  52.748 0.6250000000
57435  3.384  -16.442  48.645 0.3750000000
60683  2.023  -13.425  47.330 0.5000000000
49264  -8.865  -24.082  51.255 0.5000000000
48085  -16.301  -24.946  48.603 0.5000000000
61723  -28.952  -12.569  52.605 0.7500000000
138307  -8.222  -23.446  52.454 0.3750000000
49253  -7.768  -24.388  53.178 0.3750000000
48056  -7.616  -25.620  52.697 0.3750000000
48057  -8.160  -25.104  52.308 0.3750000000
53542  -8.464  -21.276  50.473 0.5000000000
49290  -18.531  -24.014  48.802 0.5000000000
121044  -29.382  -12.025  52.024 0.7500000000
59631  -31.908  -13.720  44.615 0.8750000000
60825  2.429  -12.926  38.248 0.6250000000
61924  2.238  -12.794  36.449 0.5000000000
60845  0.368  -13.329  36.138 0.5000000000
51416  -8.696  -22.981  51.227 0.5000000000
51418  -8.482  -22.469  51.258 0.5000000000
50399  -8.052  -23.057  52.675 0.5000000000
50417  -16.133  -23.574  49.596 0.6250000000
52497  -21.671  -22.008  47.728 0.5000000000
50419  -18.443  -23.342  48.919 0.5000000000
50421  -19.677  -23.002  48.523 0.5000000000
129908  -28.354  -9.181  52.118 0.7500000000
116058  -29.184  -10.778  50.631 0.7500000000
62851  -30.075  -11.868  50.673 0.7500000000
61735  -30.158  -12.953  51.200 0.7500000000
123377  -30.538  -12.345  50.663 0.7500000000
135629  -31.053  -11.770  50.064 0.7500000000
121172  -32.024  -12.823  46.704 0.8750000000
61777  -32.647  -12.750  48.287 0.8750000000
139333  -32.386  -12.076  48.819 0.8750000000
61961  0.870  -12.397  34.247 0.2500000000
61962  -0.095  -12.597  34.099 0.2500000000
130922  -0.889  -12.668  33.984 0.1250000000
63085  0.037  -11.578  33.073 0.2500000000
61923  2.633  -12.455  36.960 0.6250000000
61943  2.175  -12.422  35.499 0.5000000000
51446  -18.243  -22.259  48.609 0.6250000000
63971  -27.562  -10.233  48.090 0.7500000000
119072  -28.286  -10.873  48.494 0.8750000000
63939  -28.271  -10.509  50.488 0.7500000000
63084  0.764  -11.151  33.172 0.2500000000
52494  -18.459  -21.906  48.235 0.6250000000
63925  -25.764  -10.779  52.144 0.7500000000
135097  -28.221  -11.948  49.308 0.7500000000
62907  -27.232  -11.527  48.533 0.7500000000
62858  -28.320  -11.419  50.403 0.7500000000
63932  -27.009  -10.757  51.167 0.7500000000
63938  -27.426  -10.121  50.829 0.7500000000
63957  -26.114  -10.615  48.280 0.8750000000
65120  2.230  -10.002  34.769 0.3750000000
52492  -16.565  -21.839  48.453 0.6250000000
53607  -21.548  -20.406  46.781 0.7500000000
54587  -23.246  -19.169  46.787 0.6250000000
58433  -28.131  -16.125  49.748 0.7500000000
60680  -28.073  -13.615  48.698 0.7500000000
61807  -27.247  -12.480  48.185 0.7500000000
61806  -26.182  -12.495  47.420 0.7500000000
62905  -25.163  -11.546  48.240 0.8750000000
131605  -12.602  -21.133  45.501 0.7500000000
57461  -26.862  -16.733  47.562 0.7500000000
58481  -27.153  -15.308  46.769 0.7500000000
61825  -26.629  -13.006  47.068 0.7500000000
59614  -26.585  -14.284  45.148 0.7500000000
59601  -27.147  -14.335  46.515 0.7500000000
58512  -26.695  -15.102  44.848 0.7500000000
139137  -27.048  -12.974  47.595 0.7500000000
61839  -25.809  -13.287  45.974 0.7500000000
61822  -25.307  -13.222  46.029 0.7500000000
60692  -24.284  -13.121  47.468 0.8750000000
62882  -22.413  -12.069  48.703 0.8750000000
128366  -20.434  -11.190  44.629 0.8750000000
118202  -12.946  -21.490  46.898 0.7500000000
52535  -18.317  -21.088  46.691 0.7500000000
53629  -21.204  -20.075  45.854 0.7500000000
54602  -22.569  -19.197  45.829 0.7500000000
55578  -23.762  -18.278  45.337 0.7500000000
54623  -23.066  -18.699  45.047 0.7500000000
56557  -25.096  -17.488  44.918 0.7500000000
55579  -24.479  -17.877  45.638 0.7500000000
123674  -26.387  -16.640  46.363 0.7500000000
56558  -25.764  -17.084  45.186 0.7500000000
126257  -26.499  -15.908  44.625 0.7500000000
56581  -25.428  -16.747  43.512 0.7500000000
136611  -26.124  -16.574  44.628 0.7500000000
57521  -25.322  -16.013  42.963 0.7500000000
59629  -25.873  -14.328  43.987 0.7500000000
60737  -25.199  -13.835  44.428 0.7500000000
59657  -23.982  -14.838  42.415 0.7500000000
60725  -24.909  -13.502  45.336 0.7500000000
60738  -25.989  -13.907  44.754 0.7500000000
60707  -24.002  -13.816  46.470 0.7500000000
59600  -23.410  -14.333  46.637 0.8750000000
61788  -22.670  -12.680  48.975 0.8750000000
61802  -20.597  -12.347  47.870 0.8750000000
59569  -22.808  -14.069  48.794 0.8750000000
61838  -20.089  -11.923  45.862 0.8750000000
55604  -21.590  -19.011  43.501 0.7500000000
55621  -23.164  -18.012  42.647 0.7500000000
58578  -23.379  -15.867  41.582 0.7500000000
57538  -23.934  -16.461  41.873 0.7500000000
59644  -23.710  -14.450  43.235 0.7500000000
59656  -23.163  -14.723  42.570 0.7500000000
133196  -22.186  -13.870  49.345 0.8750000000
59783  -30.422  -15.169  30.602 0.3750000000
52532  -16.062  -21.193  45.967 0.7500000000
54658  -19.294  -19.451  42.301 0.7500000000
54620  -20.873  -19.308  43.401 0.7500000000
54659  -20.741  -19.092  42.569 0.7500000000
54679  -20.178  -19.100  42.057 0.7500000000
55649  -19.040  -18.718  39.975 0.8750000000
55669  -19.745  -18.223  39.725 0.8750000000
56620  -21.551  -17.505  40.570 0.7500000000
55650  -20.317  -18.347  40.350 0.7500000000
55635  -20.278  -18.762  41.209 0.7500000000
56607  -22.339  -17.474  41.099 0.7500000000
56606  -21.639  -18.170  41.144 0.7500000000
55618  -21.049  -18.697  41.762 0.7500000000
56593  -22.806  -17.835  41.857 0.7500000000
55619  -21.521  -18.827  42.698 0.7500000000
58576  -21.801  -15.366  41.271 0.8750000000
57566  -21.945  -16.604  40.637 0.7500000000
57552  -22.740  -16.399  41.142 0.7500000000
58531  -20.462  -15.551  43.470 0.8750000000
58532  -21.317  -15.142  43.087 0.8750000000
58553  -21.512  -15.105  42.045 0.8750000000
58577  -22.626  -15.530  41.413 0.8750000000
59612  -22.386  -15.098  45.893 0.8750000000
59625  -21.975  -15.188  44.996 0.8750000000
59598  -22.192  -15.413  46.957 0.8750000000
53645  -18.333  -20.366  44.346 0.7500000000
120234  -17.597  -20.554  44.217 0.7500000000
117926  -16.806  -20.782  44.170 0.7500000000
139679  -17.906  -19.875  42.386 0.7500000000
53681  -18.463  -19.823  42.915 0.7500000000
116644  -18.773  -20.031  43.792 0.7500000000
54656  -17.680  -19.800  41.779 0.7500000000
54677  -18.936  -19.312  41.380 0.7500000000
55667  -17.253  -18.574  38.581 0.8750000000
55684  -18.511  -17.527  38.714 0.8750000000
56632  -19.412  -17.236  39.150 0.8750000000
54710  -18.341  -18.862  39.713 0.8750000000
54698  -19.512  -18.853  40.683 0.7500000000
57576  -20.039  -16.581  39.574 0.8750000000
58596  -19.654  -15.553  40.493 0.8750000000
58613  -19.277  -15.693  39.893 0.8750000000
121726  -18.321  -16.144  39.005 0.8750000000
53644  -15.927  -20.997  44.154 0.7500000000
53678  -15.779  -20.540  42.599 0.7500000000
53697  -15.201  -20.350  41.847 0.8750000000
54674  -14.650  -20.168  41.109 0.8750000000
54694  -15.865  -19.762  40.270 0.8750000000
133356  -16.068  -19.495  39.553 0.8750000000
54676  -16.427  -19.872  41.014 0.8750000000
122429  -16.848  -17.958  38.067 0.8750000000
54708  -16.589  -19.166  38.997 0.8750000000
59836  -36.806  -15.066  27.299 0.3750000000
62082  -37.741  -12.545  26.530 0.3750000000
62081  -37.178  -12.646  25.952 0.3750000000
63230  -36.428  -11.643  25.274 0.1250000000
66213  -37.851  -8.936  28.068 0.1250000000
82621  -19.463  9.208  47.779 0.2500000000
136864  -41.420  8.755  21.039 0.5000000000
46971  -7.012  -25.830  53.346 0.3750000000
50395  -7.305  -23.248  53.494 0.3750000000
51411  -7.692  -22.659  53.074 0.3750000000
46976  -7.484  -26.326  51.989 0.3750000000
49251  -7.583  -23.757  53.396 0.3750000000
59571  -32.256  -15.014  47.817 0.7500000000
59616  -31.781  -13.980  45.512 0.8750000000
58392  -29.310  -15.198  52.254 0.6250000000
59529  -29.164  -14.325  52.426 0.7500000000
61765  -31.969  -12.338  49.651 0.8750000000
60656  -31.310  -13.430  50.454 0.7500000000
127144  -30.771  -12.968  50.744 0.7500000000
60638  -29.504  -13.704  52.088 0.7500000000
60639  -29.891  -13.531  51.591 0.7500000000
59530  -29.895  -14.317  51.803 0.6250000000
60649  -30.553  -13.717  51.146 0.6250000000
132805  -30.597  -14.571  51.349 0.6250000000
56523  -31.460  -17.609  50.435 0.1250000000
58420  -31.660  -15.878  50.093 0.3750000000
59537  -31.468  -15.259  50.555 0.5000000000
58434  -32.200  -15.790  49.121 0.5000000000
58465  -31.966  -15.580  47.716 0.5000000000
121081  -31.006  -15.895  46.443 0.3750000000
128110  -31.043  -15.825  45.248 0.2500000000
58498  -31.518  -15.262  44.618 0.3750000000
139455  -31.437  -15.851  44.365 0.3750000000
55542  -29.602  -19.415  50.277 0.5000000000
55534  -29.844  -18.448  51.568 0.5000000000
56510  -29.233  -17.309  52.034 0.5000000000
56517  -30.263  -17.677  51.682 0.3750000000
56511  -30.102  -16.882  51.840 0.5000000000
57419  -30.309  -16.219  51.693 0.3750000000
51458  -26.573  -22.761  47.355 0.1250000000
55551  -29.407  -19.796  49.582 0.2500000000
55543  -30.841  -18.928  50.403 0.2500000000
56518  -31.155  -17.491  51.246 0.2500000000
58407  -30.911  -15.875  51.430 0.2500000000
55544  -31.351  -18.285  50.245 0.1250000000
59545  -31.985  -14.885  49.743 0.5000000000
58451  -32.330  -15.747  48.189 0.5000000000
58482  -31.407  -15.270  46.982 0.3750000000
129491  -31.337  -14.995  45.733 0.3750000000
58513  -31.784  -15.502  43.884 0.6250000000
56621  -32.598  -16.742  40.662 0.6250000000
118352  -4.977  -26.787  54.728 0.2500000000
46019  -6.020  -26.883  53.615 0.2500000000
46014  -4.266  -27.192  55.186 0.2500000000
121204  -5.392  -27.235  54.058 0.2500000000
56528  -28.523  -18.837  50.739 0.5000000000
56522  -28.836  -18.518  51.386 0.5000000000
46018  -5.624  -27.572  53.242 0.2500000000
53568  -28.162  -20.435  48.714 0.3750000000
52503  -27.027  -21.436  48.176 0.2500000000
54569  -28.711  -20.060  49.180 0.3750000000
123160  -25.945  -22.479  47.733 0.2500000000
51459  -26.919  -22.172  47.718 0.2500000000
57410  -28.495  -16.850  52.322 0.5000000000
58408  -31.353  -15.936  51.020 0.3750000000
49312  -24.388  -24.368  46.394 0.2500000000
58393  -30.215  -15.361  51.735 0.3750000000
59544  -31.284  -14.428  50.695 0.5000000000
59617  -31.713  -14.520  44.732 0.6250000000
60740  -32.083  -13.676  43.785 0.6250000000
59648  -32.549  -15.066  42.541 0.6250000000
46964  -5.136  -26.051  54.653 0.2500000000
136602  -7.140  -26.264  52.723 0.2500000000
46989  -9.501  -25.746  48.691 0.2500000000
119346  -9.354  -26.213  47.946 0.1250000000
46990  -10.173  -25.680  48.044 0.1250000000
117519  -9.190  -26.753  46.722 0.1250000000
49310  -22.755  -24.733  46.720 0.2500000000
139651  -25.810  -21.898  48.065 0.3750000000
57411  -29.443  -16.278  52.110 0.5000000000
136636  -19.147  -25.853  44.794 0.2500000000
48130  -20.602  -25.635  45.402 0.2500000000
49311  -23.518  -24.480  46.742 0.2500000000
48165  -16.850  -25.768  42.973 0.2500000000
121705  -18.452  -25.800  44.682 0.2500000000
48149  -19.710  -26.027  44.505 0.2500000000
48131  -21.476  -25.537  45.416 0.2500000000
59658  -32.646  -14.445  42.478 0.6250000000
46968  -5.752  -25.699  54.234 0.2500000000
46970  -6.319  -26.110  53.825 0.2500000000
133061  -10.116  -25.326  48.727 0.2500000000
48079  -10.805  -25.257  48.462 0.2500000000
132286  -24.412  -22.278  47.791 0.3750000000
53566  -26.556  -20.636  48.581 0.3750000000
46994  -10.540  -25.795  47.358 0.1250000000
48090  -11.032  -25.520  47.788 0.1250000000
46993  -9.808  -26.189  47.186 0.1250000000
48116  -20.172  -25.455  46.079 0.2500000000
50438  -22.525  -23.799  47.681 0.3750000000
51452  -25.185  -22.246  47.866 0.3750000000
47013  -10.496  -26.293  45.828 0.1250000000
48148  -18.869  -25.657  45.386 0.2500000000
116895  -17.203  -25.734  43.752 0.2500000000
117808  -16.251  -25.541  43.567 0.2500000000
48147  -17.593  -25.674  44.587 0.2500000000
48204  -12.261  -25.159  41.833 0.1250000000
48048  -6.571  -25.235  53.857 0.2500000000
48049  -7.172  -24.460  53.581 0.2500000000
49250  -6.942  -23.822  53.635 0.2500000000
48081  -12.444  -25.318  48.085 0.1250000000
47004  -11.139  -25.710  47.115 0.1250000000
48092  -12.475  -25.523  47.360 0.1250000000
47003  -10.490  -26.052  46.679 0.1250000000
48107  -11.843  -25.682  46.846 0.1250000000
48108  -12.621  -25.674  46.578 0.1250000000
116830  -14.193  -25.613  45.961 0.1250000000
49301  -21.615  -24.135  47.752 0.3750000000
48123  -11.979  -25.844  46.007 0.1250000000
48124  -12.815  -25.758  45.763 0.1250000000
48125  -13.631  -25.669  45.484 0.1250000000
134568  -15.641  -25.475  45.828 0.2500000000
48126  -16.153  -25.467  45.241 0.2500000000
48128  -18.028  -25.614  45.368 0.2500000000
138088  -11.680  -25.988  44.687 0.1250000000
48142  -12.992  -25.715  44.892 0.1250000000
48143  -13.857  -25.574  44.608 0.1250000000
48144  -14.836  -25.449  44.306 0.2500000000
48127  -17.101  -25.515  45.444 0.2500000000
47034  -10.976  -26.147  43.757 0.1250000000
137114  -11.603  -25.918  43.977 0.1250000000
118081  -13.209  -25.545  43.926 0.1250000000
48145  -15.791  -25.448  44.388 0.2500000000
48162  -11.354  -25.891  43.184 0.1250000000
127332  -12.311  -25.601  43.363 0.1250000000
117809  -14.104  -25.433  43.776 0.1250000000
134873  -14.815  -25.350  43.370 0.1250000000
48183  -13.278  -25.369  43.022 0.1250000000
48185  -14.717  -25.247  42.448 0.1250000000
48181  -10.978  -25.839  42.361 0.1250000000
133455  -12.678  -25.306  42.515 0.1250000000
49246  -6.210  -23.864  53.725 0.2500000000
134227  -13.118  -25.574  47.087 0.2500000000
48110  -14.479  -25.530  46.754 0.2500000000
116828  -14.445  -25.565  45.237 0.2500000000
116827  -15.305  -25.480  45.137 0.2500000000
76284  -26.348  2.207  48.373 0.1250000000
76293  -27.052  2.236  47.680 0.1250000000
75305  -25.882  1.328  48.494 0.1250000000
75306  -26.611  1.371  48.044 0.1250000000
75319  -27.101  1.345  47.275 0.1250000000
74311  -26.317  0.548  48.286 0.2500000000
75331  -27.270  1.142  46.385 0.1250000000
74312  -26.894  0.544  47.794 0.2500000000
118227  -27.395  0.876  45.731 0.1250000000
73422  -26.185  -0.159  48.282 0.2500000000
73432  -27.218  -0.282  47.657 0.2500000000
74320  -27.351  0.429  46.999 0.1250000000
122565  -27.334  1.033  45.148 0.1250000000
73431  -25.517  -0.613  47.789 0.2500000000
72532  -26.739  -1.392  47.720 0.2500000000
72524  -26.758  -0.706  48.055 0.2500000000
73440  -27.876  -0.525  46.718 0.2500000000
74328  -27.673  0.312  46.130 0.2500000000
73446  -25.139  -1.300  46.197 0.2500000000
72540  -25.782  -1.791  46.712 0.2500000000
72542  -27.413  -1.832  47.112 0.2500000000
72533  -27.441  -1.115  47.519 0.2500000000
117595  -28.469  -0.903  46.099 0.2500000000
74335  -27.879  0.317  45.370 0.2500000000
121702  -28.668  -0.205  44.957 0.2500000000
72550  -25.087  -1.419  45.230 0.2500000000
72551  -25.622  -2.064  45.778 0.2500000000
71628  -26.319  -2.415  46.205 0.2500000000
71629  -27.175  -2.412  46.428 0.2500000000
71630  -28.037  -2.043  46.323 0.2500000000
72543  -28.082  -1.413  46.663 0.2500000000
136018  -28.910  -1.173  45.466 0.2500000000
73447  -28.917  -0.791  45.250 0.2500000000
73454  -29.092  -0.488  44.463 0.2500000000
72563  -29.016  -1.212  44.551 0.2500000000
71638  -26.122  -2.695  45.280 0.2500000000
71639  -26.860  -2.840  45.606 0.2500000000
71640  -27.784  -2.583  45.728 0.2500000000
71641  -28.518  -2.058  45.632 0.2500000000
71642  -28.835  -2.063  44.914 0.2500000000
72575  -29.134  -0.577  43.673 0.2500000000
129203  -29.109  -1.530  43.172 0.2500000000
71652  -26.570  -3.093  44.727 0.2500000000
70728  -27.425  -3.090  44.995 0.2500000000
71653  -28.327  -2.565  45.096 0.2500000000
70741  -27.984  -3.085  44.290 0.2500000000
71665  -28.659  -2.384  43.561 0.2500000000
71679  -28.764  -1.960  42.688 0.2500000000
70740  -27.274  -3.455  43.739 0.2500000000
70751  -27.839  -3.175  43.483 0.2500000000
71678  -28.049  -2.730  42.527 0.2500000000
72624  -24.328  -2.026  38.610 0.2500000000
71714  -24.122  -2.661  37.937 0.2500000000
125708  -23.677  -2.963  36.513 0.3750000000
76283  -25.466  2.199  48.701 0.1250000000
137950  -25.990  2.920  48.693 0.1250000000
76292  -26.813  3.186  48.140 0.1250000000
75303  -24.436  1.903  48.339 0.1250000000
128218  -27.410  3.003  47.266 0.1250000000
76304  -27.253  2.201  46.635 0.1250000000
75304  -25.095  1.397  48.500 0.1250000000
75318  -24.162  1.486  47.911 0.1250000000
74319  -24.653  0.598  47.844 0.1250000000
77253  -27.505  3.446  45.609 0.1250000000
76308  -27.151  2.615  45.770 0.1250000000
74327  -24.372  0.286  46.955 0.1250000000
73420  -25.162  0.002  48.028 0.1250000000
74310  -25.665  0.546  48.360 0.1250000000
75342  -27.104  1.643  45.790 0.1250000000
136268  -23.858  0.754  46.498 0.1250000000
74334  -24.229  0.175  46.015 0.1250000000
73430  -24.921  -0.266  47.474 0.1250000000
73439  -25.307  -1.035  47.096 0.2500000000
74342  -24.185  0.149  45.040 0.1250000000
73438  -24.730  -0.493  46.568 0.2500000000
74343  -28.017  0.393  44.645 0.1250000000
73445  -24.662  -0.576  45.586 0.2500000000
130534  -24.355  -0.191  42.182 0.1250000000
118985  -28.958  0.003  44.157 0.1250000000
73455  -29.037  -0.452  44.122 0.2500000000
74351  -29.151  0.038  43.636 0.2500000000
73467  -29.324  -0.006  43.038 0.2500000000
126984  -29.313  -0.819  42.916 0.2500000000
72585  -29.147  -1.239  42.372 0.2500000000
73471  -24.506  -0.925  41.542 0.1250000000
133378  -29.497  -0.024  42.579 0.2500000000
72591  -29.470  -0.438  42.060 0.2500000000
72590  -29.122  -1.080  41.312 0.2500000000
124211  -24.393  -0.682  40.904 0.1250000000
72598  -24.486  -1.530  40.995 0.1250000000
73478  -24.445  -0.931  40.280 0.1250000000
71721  -23.959  -2.372  37.014 0.2500000000
71730  -23.482  -2.644  35.737 0.3750000000
140258  -23.737  -2.202  36.279 0.3750000000
72633  -23.874  -1.514  36.575 0.2500000000
70812  -23.109  -3.347  35.260 0.3750000000
71729  -23.154  -2.290  34.854 0.3750000000
123364  -21.468  -4.083  32.765 0.3750000000
70841  -22.250  -4.024  34.211 0.3750000000
132725  -20.978  -4.171  31.877 0.5000000000
76281  -24.094  2.586  48.425 0.1250000000
77233  -27.465  3.782  47.583 0.1250000000
75329  -23.453  1.890  47.456 0.1250000000
134325  -27.694  4.819  47.853 0.1250000000
78149  -27.979  4.000  46.857 0.1250000000
139844  -27.843  3.639  46.199 0.1250000000
74326  -23.328  1.443  46.636 0.1250000000
138460  -28.348  4.407  46.547 0.1250000000
78150  -28.203  4.069  46.001 0.1250000000
75341  -22.739  1.801  45.944 0.1250000000
75330  -23.932  1.056  47.281 0.1250000000
123846  -28.680  4.767  46.287 0.1250000000
78161  -29.368  4.927  45.042 0.1250000000
78160  -28.708  4.564  45.483 0.1250000000
77254  -27.995  4.051  45.131 0.1250000000
75352  -22.928  1.441  44.952 0.1250000000
77260  -27.205  3.526  44.706 0.1250000000
76312  -26.835  1.986  45.059 0.1250000000
75363  -22.378  1.841  44.367 0.1250000000
76316  -21.845  2.088  43.737 0.1250000000
132669  -22.611  1.654  43.571 0.1250000000
74333  -23.542  0.912  45.636 0.1250000000
77259  -26.656  2.914  44.229 0.1250000000
75353  -26.686  2.099  44.269 0.1250000000
75354  -27.210  1.231  44.330 0.1250000000
74349  -28.187  0.576  43.841 0.1250000000
76322  -21.290  2.269  43.060 0.1250000000
119780  -22.326  1.741  42.764 0.1250000000
75364  -23.137  1.302  43.983 0.1250000000
74347  -23.746  0.699  43.555 0.1250000000
74348  -24.228  0.079  44.085 0.1250000000
75376  -21.553  1.973  42.119 0.1250000000
75377  -23.156  1.222  42.172 0.1250000000
74355  -23.800  0.642  42.625 0.1250000000
75404  -21.743  1.829  41.176 0.1250000000
75389  -22.443  1.611  41.700 0.1250000000
75390  -23.146  1.126  41.264 0.1250000000
131319  -23.778  0.601  41.708 0.1250000000
74359  -29.455  0.261  43.084 0.2500000000
75405  -22.518  1.477  40.820 0.1250000000
74362  -23.737  0.580  40.843 0.1250000000
74363  -24.240  -0.061  41.258 0.1250000000
74358  -29.581  0.240  42.668 0.2500000000
75419  -21.323  1.746  39.718 0.1250000000
116860  -21.913  1.666  40.322 0.1250000000
123011  -22.582  1.379  40.113 0.1250000000
75406  -23.149  1.069  40.413 0.1250000000
74367  -23.736  0.531  39.986 0.1250000000
74368  -24.208  -0.084  40.474 0.1250000000
73473  -29.692  0.182  41.705 0.2500000000
75420  -22.179  1.463  39.553 0.1250000000
75421  -23.033  1.066  39.497 0.1250000000
73485  -24.216  -0.231  39.656 0.1250000000
75434  -22.427  1.222  38.696 0.1250000000
75435  -23.161  0.821  38.692 0.1250000000
74371  -23.722  0.426  39.130 0.1250000000
73493  -24.169  -0.287  38.784 0.1250000000
73486  -24.411  -1.278  39.373 0.1250000000
74378  -23.675  0.334  38.238 0.1250000000
122952  -24.080  -0.272  38.070 0.1250000000
73494  -24.298  -0.987  38.321 0.1250000000
74385  -23.779  0.008  37.461 0.1250000000
73500  -24.111  -0.664  37.646 0.2500000000
117645  -23.919  -0.704  36.963 0.2500000000
70840  -22.313  -3.190  33.757 0.3750000000
71756  -22.677  -2.395  34.058 0.3750000000
76282  -24.676  2.403  48.630 0.1250000000
77222  -25.132  3.107  48.873 0.1250000000
77223  -25.953  3.892  48.758 0.1250000000
75340  -22.056  2.684  46.155 0.1250000000
76302  -22.628  2.986  47.265 0.1250000000
79024  -28.859  5.710  46.707 0.1250000000
78167  -28.633  4.496  44.669 0.1250000000
78166  -27.725  4.141  44.287 0.1250000000
120894  -21.598  2.470  44.651 0.1250000000
118380  -21.579  2.859  45.459 0.1250000000
76303  -22.728  2.377  46.891 0.1250000000
79915  -30.220  6.157  45.182 0.1250000000
79036  -29.212  5.188  45.846 0.1250000000
76315  -20.944  2.725  43.964 0.1250000000
75351  -22.146  2.151  45.287 0.1250000000
79038  -30.342  5.798  44.856 0.1250000000
79037  -29.856  5.605  45.374 0.1250000000
79047  -29.989  5.306  44.613 0.1250000000
78174  -29.329  4.855  44.225 0.1250000000
77267  -26.961  3.712  43.851 0.1250000000
78172  -27.456  4.297  43.418 0.1250000000
79933  -31.083  6.212  43.860 0.1250000000
79048  -30.557  5.720  44.257 0.1250000000
79059  -30.015  5.235  43.800 0.1250000000
77266  -26.557  3.177  43.307 0.1250000000
116698  -20.625  2.388  42.504 0.1250000000
76317  -26.591  2.333  43.542 0.1250000000
75366  -27.453  1.238  43.440 0.1250000000
132346  -28.376  1.159  42.081 0.1250000000
75379  -27.722  1.296  42.545 0.1250000000
75367  -28.291  0.848  43.143 0.1250000000
76334  -21.034  1.938  40.625 0.1250000000
76327  -20.830  2.111  41.578 0.1250000000
75392  -27.769  1.379  41.524 0.1250000000
75380  -28.904  0.767  42.535 0.1250000000
76346  -20.261  2.051  39.944 0.1250000000
121533  -29.593  1.463  40.177 0.1250000000
75393  -29.121  1.023  41.651 0.1250000000
75381  -29.619  0.522  42.179 0.1250000000
76368  -19.648  2.053  37.875 0.1250000000
125676  -30.431  1.317  39.841 0.1250000000
140792  -30.204  0.790  40.599 0.1250000000
116375  -29.992  0.459  40.889 0.2500000000
76369  -20.193  1.838  37.488 0.1250000000
76358  -20.128  1.866  38.305 0.1250000000
74372  -30.813  0.966  39.594 0.1250000000
76384  -20.162  1.881  36.687 0.1250000000
75446  -20.870  1.634  37.884 0.1250000000
75433  -21.641  1.458  38.290 0.1250000000
121269  -21.678  1.530  39.028 0.1250000000
76399  -20.133  1.905  35.861 0.1250000000
126727  -20.770  1.628  36.216 0.1250000000
75460  -20.849  1.625  37.016 0.1250000000
133352  -23.151  0.507  37.210 0.2500000000
75461  -21.470  1.376  36.477 0.1250000000
119383  -22.244  1.192  37.903 0.1250000000
74377  -22.944  0.828  37.949 0.2500000000
139858  -23.408  0.436  37.713 0.1250000000
74397  -23.473  -0.019  36.618 0.1250000000
73511  -23.606  -0.760  36.144 0.2500000000
72640  -23.121  -1.248  34.834 0.3750000000
73520  -23.322  -0.804  35.443 0.3750000000
72649  -22.866  -1.671  34.274 0.3750000000
72665  -22.525  -1.712  33.756 0.3750000000
71770  -21.777  -2.315  32.720 0.3750000000
71755  -22.237  -2.362  33.389 0.3750000000
70862  -21.018  -3.011  31.524 0.5000000000
78129  -24.831  4.033  48.849 0.1250000000
77221  -24.162  3.260  48.633 0.1250000000
77224  -26.914  4.279  48.297 0.1250000000
76280  -23.517  2.970  48.162 0.1250000000
77241  -22.498  3.445  47.071 0.1250000000
78141  -28.362  4.927  47.050 0.1250000000
79025  -29.420  5.862  46.032 0.1250000000
78173  -28.412  4.576  43.824 0.1250000000
78183  -28.162  4.743  42.968 0.1250000000
79925  -31.121  6.841  43.950 0.1250000000
79058  -29.120  4.975  43.363 0.1250000000
79934  -31.616  6.684  43.314 0.1250000000
79061  -31.293  6.094  43.146 0.1250000000
79060  -30.682  5.695  43.478 0.1250000000
79071  -30.759  5.733  42.773 0.1250000000
77273  -26.772  3.921  43.005 0.1250000000
79935  -32.107  6.840  42.837 0.1250000000
79945  -31.791  6.428  42.689 0.1250000000
79944  -31.234  6.021  42.393 0.1250000000
79960  -31.806  6.331  42.000 0.1250000000
78182  -27.194  4.452  42.479 0.1250000000
138951  -26.699  4.024  42.440 0.1250000000
76323  -26.528  2.465  42.674 0.1250000000
80863  -32.450  7.182  42.590 0.1250000000
75391  -26.865  1.784  42.080 0.1250000000
76333  -20.062  2.209  41.077 0.1250000000
75407  -26.786  1.883  41.048 0.1250000000
75423  -27.463  1.702  39.745 0.1250000000
75409  -28.750  1.344  40.756 0.1250000000
117897  -19.961  1.983  39.080 0.1250000000
75438  -29.048  1.931  38.828 0.1250000000
121856  -19.046  2.391  37.806 0.1250000000
133283  -30.589  1.637  39.134 0.1250000000
127175  -31.025  1.004  39.015 0.1250000000
76398  -19.497  2.283  35.481 0.1250000000
76383  -19.515  2.221  36.368 0.1250000000
73488  -31.024  0.514  39.221 0.1250000000
76411  -19.506  2.342  34.546 0.1250000000
76423  -18.772  2.955  33.155 0.1250000000
125498  -21.305  1.379  35.811 0.2500000000
74396  -22.722  0.615  36.363 0.2500000000
75491  -19.979  1.902  33.030 0.1250000000
76425  -20.219  1.854  33.988 0.1250000000
74404  -21.457  1.157  35.122 0.2500000000
75462  -21.972  1.054  35.838 0.2500000000
75492  -20.510  1.441  33.301 0.1250000000
75493  -20.910  1.205  33.842 0.1250000000
74414  -21.941  0.596  34.593 0.2500000000
138813  -21.970  0.826  35.214 0.2500000000
75504  -20.387  1.295  32.584 0.1250000000
74425  -20.948  0.871  33.065 0.3750000000
74426  -21.529  0.505  33.707 0.3750000000
74415  -22.464  -0.000  34.544 0.2500000000
121764  -22.914  -0.403  34.956 0.2500000000
73510  -23.174  -0.104  35.768 0.2500000000
74452  -20.500  0.318  31.423 0.2500000000
73556  -21.018  -0.348  31.891 0.3750000000
117248  -21.871  -0.399  33.377 0.3750000000
73527  -22.551  -0.828  34.071 0.2500000000
72711  -20.409  -0.767  30.610 0.3750000000
73557  -21.532  -0.825  32.591 0.3750000000
137352  -21.599  -1.607  32.472 0.3750000000
72664  -22.042  -1.412  33.171 0.3750000000
72710  -20.105  -1.400  29.979 0.5000000000
72696  -20.849  -1.039  31.227 0.3750000000
71783  -20.972  -1.998  31.200 0.3750000000
71769  -21.346  -2.231  32.023 0.3750000000
78131  -26.171  4.899  48.600 0.1250000000
78140  -26.873  5.149  48.379 0.1250000000
78139  -25.448  5.415  48.468 0.1250000000
77242  -22.865  3.885  47.514 0.1250000000
79012  -27.124  5.899  48.204 0.1250000000
79013  -27.991  5.994  47.538 0.1250000000
77252  -21.427  3.532  45.566 0.1250000000
79914  -29.776  6.359  45.747 0.1250000000
76311  -21.040  3.120  44.884 0.1250000000
132888  -28.817  5.115  42.619 0.1250000000
78190  -28.042  5.024  42.137 0.1250000000
132467  -20.504  2.713  43.255 0.1250000000
80854  -31.544  7.279  43.497 0.1250000000
79958  -30.024  6.085  41.304 0.1250000000
79083  -30.446  5.782  42.088 0.1250000000
78189  -27.222  4.811  41.460 0.1250000000
76326  -19.923  2.511  42.034 0.1250000000
79959  -30.955  6.161  41.617 0.1250000000
78181  -26.636  4.096  41.852 0.1250000000
77279  -26.346  3.345  41.394 0.1250000000
76328  -26.451  2.534  41.761 0.1250000000
120250  -26.170  3.947  40.045 0.1250000000
127666  -26.374  2.590  41.016 0.1250000000
128067  -19.255  2.377  40.638 0.1250000000
76344  -18.460  2.631  40.250 0.1250000000
77283  -26.154  3.099  40.440 0.1250000000
76335  -26.468  2.258  40.448 0.1250000000
76345  -19.294  2.283  39.638 0.1250000000
76357  -19.325  2.233  38.626 0.1250000000
118809  -18.598  2.572  38.467 0.1250000000
75436  -26.931  1.877  39.300 0.1250000000
75422  -26.873  1.862  40.112 0.1250000000
76367  -18.891  2.523  36.974 0.1250000000
76382  -18.845  2.615  36.049 0.1250000000
76397  -18.848  2.725  35.106 0.1250000000
78137  -23.537  4.554  47.883 0.1250000000
78138  -24.558  4.920  48.441 0.1250000000
79886  -26.277  6.585  47.896 0.1250000000
79011  -26.233  5.747  48.374 0.1250000000
79887  -27.207  6.633  47.804 0.1250000000
78148  -22.889  4.489  47.189 0.1250000000
79898  -27.659  7.029  47.307 0.1250000000
140578  -21.673  3.158  45.938 0.1250000000
79899  -28.436  6.725  46.963 0.1250000000
80825  -28.666  7.255  46.438 0.1250000000
80837  -29.298  7.350  45.837 0.1250000000
79082  -29.658  5.674  41.807 0.1250000000
116184  -28.924  5.388  41.932 0.1250000000
76314  -20.170  3.173  43.634 0.1250000000
80846  -30.522  7.386  44.521 0.1250000000
79094  -29.030  5.821  41.065 0.1250000000
79081  -28.129  5.348  41.322 0.1250000000
79080  -27.539  5.216  40.804 0.1250000000
76320  -19.181  2.920  42.430 0.1250000000
80855  -31.971  7.075  43.051 0.1250000000
79975  -30.545  6.513  40.784 0.1250000000
78197  -26.592  4.668  40.046 0.1250000000
76356  -18.537  2.566  39.288 0.1250000000
77317  -18.141  2.938  36.703 0.1250000000
77308  -18.167  2.833  37.796 0.1250000000
77289  -26.052  3.193  39.472 0.1250000000
79091  -26.705  5.134  39.285 0.1250000000
72612  -7.766  -1.549  38.677 0.1250000000
79009  -24.221  5.456  47.682 0.1250000000
124011  -24.888  5.664  48.072 0.1250000000
78147  -22.360  4.029  46.814 0.1250000000
80824  -28.037  7.528  46.725 0.1250000000
77251  -21.259  4.106  45.322 0.1250000000
77265  -20.556  3.422  44.249 0.1250000000
80847  -30.999  7.549  43.907 0.1250000000
81770  -30.560  8.216  44.106 0.1250000000
76321  -19.753  2.916  42.963 0.1250000000
81780  -31.910  7.676  43.071 0.1250000000
77278  -18.509  3.227  42.194 0.1250000000
81786  -32.401  8.056  42.653 0.1250000000
79973  -28.754  6.179  40.127 0.1250000000
79093  -28.123  5.645  40.520 0.1250000000
77297  -17.888  2.897  38.883 0.1250000000
77288  -17.788  2.960  39.835 0.1250000000
77307  -17.372  3.360  37.395 0.1250000000
78243  -16.055  4.541  34.574 0.1250000000
69033  -35.295  -5.241  39.538 0.5000000000
79023  -24.850  6.105  47.532 0.1250000000
78159  -22.592  4.794  46.467 0.1250000000
78158  -21.816  4.248  45.974 0.1250000000
77258  -20.901  3.754  44.871 0.1250000000
80845  -29.738  7.833  45.060 0.1250000000
77272  -19.596  3.513  43.412 0.1250000000
81778  -30.559  8.887  43.817 0.1250000000
81769  -30.052  8.915  44.246 0.1250000000
77271  -18.982  3.576  42.985 0.1250000000
81785  -31.664  8.667  43.045 0.1250000000
77277  -17.698  3.764  41.704 0.1250000000
77296  -17.292  3.368  38.433 0.1250000000
77295  -16.627  3.927  38.059 0.1250000000
77306  -16.710  3.898  37.029 0.1250000000
78233  -16.095  4.435  35.648 0.1250000000
78232  -15.371  4.899  35.234 0.1250000000
78242  -15.148  4.942  34.063 0.1250000000
126118  -14.308  5.112  34.116 0.1250000000
127151  -13.707  4.890  33.938 0.1250000000
78240  -13.220  4.472  33.934 0.1250000000
128972  -32.119  8.945  42.663 0.1250000000
77342  -13.101  3.770  33.742 0.1250000000
78239  -12.703  4.220  34.366 0.1250000000
74384  -22.473  0.963  37.238 0.2500000000
59647  -32.341  -14.518  43.280 0.6250000000
59632  -31.929  -14.915  43.916 0.6250000000
60756  -32.611  -13.722  42.147 0.6250000000
70727  -26.972  -3.386  44.218 0.2500000000
71706  -23.771  -3.406  37.397 0.2500000000
128199  -21.870  -4.005  33.517 0.3750000000
70828  -22.711  -3.220  34.494 0.3750000000
72584  -28.605  -1.855  41.756 0.2500000000
74436  -20.759  0.569  32.245 0.2500000000
73480  -30.549  0.533  39.994 0.1250000000
76438  -19.328  2.445  32.611 0.1250000000
76410  -18.833  2.837  34.138 0.1250000000
48093  -13.782  -25.521  47.283 0.2500000000
116829  -14.906  -25.522  45.926 0.2500000000
140751  -17.704  -25.518  45.992 0.2500000000
48114  -18.472  -25.491  46.222 0.2500000000
49307  -19.801  -25.260  46.698 0.2500000000
46988  -8.731  -26.345  48.588 0.1250000000
49308  -20.501  -25.051  46.911 0.2500000000
59555  -32.472  -15.013  48.584 0.6250000000
125514  -31.863  -13.958  50.017 0.6250000000
48052  -7.407  -25.101  53.322 0.2500000000
59586  -31.904  -14.744  47.325 0.6250000000
59602  -31.640  -14.359  46.507 0.7500000000
57427  -31.459  -16.737  50.687 0.1250000000
137510  -26.438  -22.341  47.723 0.1250000000
124693  -26.144  -21.338  48.266 0.3750000000
50440  -24.750  -23.413  47.447 0.2500000000
50447  -24.957  -23.882  46.923 0.2500000000
134189  -31.968  -14.287  44.048 0.6250000000
135842  -9.155  -26.576  47.334 0.1250000000
47002  -9.793  -26.496  46.278 0.1250000000
48118  -22.053  -25.124  46.308 0.2500000000
49302  -22.926  -24.280  47.281 0.2500000000
50430  -24.056  -23.390  47.602 0.3750000000
129188  -24.215  -23.942  47.220 0.3750000000
48117  -21.031  -25.307  46.192 0.2500000000
120808  -20.278  -25.888  44.823 0.2500000000
49309  -21.376  -24.799  47.058 0.2500000000
47014  -11.201  -25.956  46.315 0.1250000000
47012  -9.731  -26.680  45.392 0.1250000000
133147  -15.463  -25.418  43.706 0.2500000000
48146  -16.681  -25.547  44.482 0.2500000000
48091  -11.752  -25.496  47.592 0.1250000000
48109  -13.523  -25.641  46.412 0.2500000000
119465  -11.288  -26.099  45.363 0.1250000000
48141  -12.169  -25.884  45.191 0.1250000000
48163  -12.316  -25.770  44.348 0.1250000000
48182  -11.827  -25.520  42.517 0.1250000000
122915  -14.084  -25.288  43.079 0.1250000000
71654  -28.806  -2.155  44.488 0.2500000000
72574  -29.125  -1.401  43.833 0.2500000000
72623  -24.175  -1.544  37.550 0.2500000000
74356  -24.329  0.005  43.158 0.1250000000
74350  -29.179  0.277  43.314 0.1250000000
72641  -23.525  -1.618  35.663 0.2500000000
70853  -21.882  -3.183  33.058 0.3750000000
74341  -23.637  0.765  44.514 0.1250000000
75365  -26.833  1.706  43.727 0.1250000000
131031  -23.178  1.249  43.091 0.1250000000
74357  -29.625  0.330  42.799 0.1250000000
74364  -29.730  0.440  41.757 0.2500000000
70852  -21.427  -3.162  32.322 0.5000000000
75378  -26.894  1.743  42.993 0.1250000000
75408  -27.590  1.541  40.489 0.1250000000
75410  -29.842  1.138  40.807 0.1250000000
75424  -28.569  1.623  39.790 0.1250000000
75394  -29.828  0.718  41.425 0.1250000000
75432  -20.832  1.727  38.893 0.1250000000
75447  -21.684  1.368  37.350 0.1250000000
121482  -20.775  1.590  35.434 0.1250000000
126181  -22.087  1.117  36.650 0.1250000000
79900  -29.111  6.545  46.331 0.1250000000
80838  -30.093  6.868  45.189 0.1250000000
79070  -29.839  5.399  42.723 0.1250000000
125210  -26.500  3.414  42.361 0.1250000000
75437  -27.844  1.798  39.034 0.1250000000
75425  -29.843  1.734  39.448 0.1250000000
76424  -19.460  2.410  33.576 0.1250000000
76412  -20.153  1.910  34.988 0.1250000000
75483  -20.821  1.468  34.623 0.1250000000
74405  -22.489  0.423  35.307 0.2500000000
75484  -21.350  1.015  34.370 0.2500000000
73526  -22.126  0.008  34.019 0.2500000000
74437  -21.303  0.074  32.806 0.3750000000
72682  -21.245  -1.331  31.894 0.3750000000
78188  -26.462  4.197  40.871 0.1250000000
78198  -26.984  4.893  40.663 0.1250000000
116663  -19.187  2.618  41.624 0.1250000000
76332  -18.419  2.855  41.230 0.1250000000
76347  -26.428  2.321  39.727 0.1250000000
76359  -26.471  2.392  38.742 0.1250000000
77282  -17.736  3.180  40.758 0.1250000000
79092  -27.309  5.335  40.067 0.1250000000
78202  -26.141  4.273  39.272 0.1250000000
77287  -17.257  3.462  39.401 0.1250000000
78201  -16.772  4.160  39.886 0.1250000000
121886  -32.080  -16.314  48.038 0.2500000000
58668  -29.038  -15.244  33.765 0.3750000000
58678  -28.761  -15.234  33.066 0.3750000000
58677  -28.183  -15.581  32.654 0.3750000000
59750  -28.961  -14.923  32.299 0.3750000000
56601  0.287  -17.906  41.820 0.3750000000
58502  1.489  -14.857  45.648 0.5000000000
59621  1.323  -13.928  45.215 0.5000000000
57497  1.329  -16.338  44.833 0.3750000000
59765  -29.685  -14.850  31.758 0.3750000000
130685  -29.786  -14.776  32.450 0.3750000000
139363  0.915  -14.048  44.618 0.3750000000
58518  0.665  -15.512  44.679 0.3750000000
56577  0.337  -16.991  43.610 0.3750000000
56588  1.611  -17.949  42.719 0.2500000000
130303  -29.124  -14.950  30.566 0.2500000000
59764  -28.867  -14.938  31.282 0.2500000000
137270  0.642  -13.866  43.931 0.3750000000
59638  0.443  -14.689  44.358 0.3750000000
57513  0.423  -16.269  44.204 0.3750000000
56589  0.529  -17.570  42.729 0.3750000000
59639  -0.081  -14.567  43.598 0.3750000000
58519  -0.013  -15.465  44.002 0.3750000000
135399  -0.233  -17.006  43.131 0.3750000000
59654  -0.458  -14.375  42.678 0.3750000000
58540  -0.674  -15.418  43.081 0.3750000000
57529  -0.780  -16.461  42.864 0.3750000000
125379  -29.702  -14.965  30.964 0.2500000000
60744  1.643  -12.591  43.611 0.3750000000
59782  -29.702  -15.093  30.212 0.2500000000
61845  1.796  -12.247  43.877 0.5000000000
60776  1.812  -13.052  40.625 0.5000000000
60762  1.162  -13.299  41.434 0.3750000000
60761  1.822  -12.793  41.638 0.3750000000
60752  1.602  -12.938  42.695 0.3750000000
60775  2.101  -12.693  40.825 0.5000000000
59801  -29.732  -15.053  29.329 0.1250000000
59856  -33.915  -15.145  25.687 0.2500000000
69985  -37.267  -4.432  29.831 0.2500000000
69986  -37.816  -4.254  30.595 0.2500000000
70864  -37.878  -3.247  31.037 0.3750000000
71814  -36.728  -2.814  29.440 0.2500000000
70870  -37.183  -3.298  30.110 0.3750000000
71803  -37.782  -2.204  31.032 0.5000000000
72720  -37.955  -1.321  30.826 0.5000000000
71830  -36.797  -2.205  28.994 0.3750000000
72719  -37.489  -1.757  30.289 0.5000000000
72735  -37.870  -0.973  29.902 0.5000000000
73601  -38.540  -0.505  29.924 0.5000000000
72744  -37.337  -1.586  28.730 0.1250000000
126592  -37.783  -1.188  29.165 0.5000000000
73614  -38.526  -0.782  29.173 0.3750000000
73602  -39.206  -0.275  29.621 0.5000000000
72760  -42.402  -2.064  26.820 0.1250000000
72754  -42.751  -1.539  27.466 0.2500000000
138977  -44.287  -1.195  27.486 0.2500000000
118870  -39.053  -0.652  32.044 0.5000000000
72702  -38.296  -1.847  31.589 0.5000000000
73575  -38.546  -0.857  31.391 0.5000000000
73576  -39.084  -0.205  31.416 0.5000000000
73590  -38.952  -0.195  30.538 0.5000000000
74476  -40.230  0.804  30.638 0.5000000000
71838  -37.955  -1.943  27.221 0.1250000000
72750  -38.530  -1.636  27.766 0.1250000000
72746  -39.032  -1.201  28.300 0.3750000000
73615  -39.554  -0.660  28.802 0.3750000000
74492  -40.517  0.564  29.811 0.3750000000
73604  -41.015  0.034  29.117 0.3750000000
74493  -41.398  0.745  29.630 0.3750000000
74494  -42.331  0.909  29.481 0.3750000000
71839  -38.917  -2.107  27.084 0.1250000000
72751  -39.451  -1.737  27.629 0.2500000000
72747  -39.956  -1.276  28.112 0.2500000000
73616  -40.618  -0.727  28.514 0.3750000000
74504  -41.959  0.149  29.024 0.3750000000
74495  -43.308  1.096  29.308 0.3750000000
71862  -39.695  -3.053  25.686 0.1250000000
71850  -40.231  -2.705  26.353 0.1250000000
130390  -41.104  -1.824  27.476 0.2500000000
72753  -41.916  -1.704  27.484 0.2500000000
73618  -42.545  -0.437  28.463 0.2500000000
73619  -43.459  -0.316  28.411 0.2500000000
74506  -43.858  0.422  28.780 0.3750000000
74496  -44.227  1.261  29.032 0.3750000000
72758  -40.706  -2.319  26.959 0.2500000000
73627  -43.099  -1.007  28.035 0.2500000000
72755  -43.584  -1.373  27.467 0.2500000000
73629  -44.722  -0.682  27.852 0.2500000000
75577  -45.014  1.472  28.698 0.3750000000
74508  -45.419  0.875  28.264 0.3750000000
74517  -45.146  -0.000  28.180 0.2500000000
81090  -42.177  9.592  23.845 0.5000000000
61855  1.871  -12.129  43.706 0.5000000000
61870  1.873  -12.416  42.300 0.5000000000
70865  -38.603  -3.424  31.793 0.5000000000
72703  -38.969  -1.597  32.365 0.5000000000
74475  -39.494  0.380  31.060 0.5000000000
75544  -41.003  1.123  30.364 0.6250000000
75562  -41.832  1.389  30.164 0.3750000000
75563  -42.768  1.618  30.022 0.3750000000
74519  -46.611  0.568  27.513 0.3750000000
71790  -38.213  -2.639  31.535 0.5000000000
133106  1.761  -15.866  45.612 0.5000000000
59802  -30.623  -15.356  29.337 0.2500000000
60981  -34.850  -13.712  24.800 0.2500000000
74518  -45.930  0.233  27.930 0.2500000000
58503  0.945  -14.726  45.049 0.5000000000
138406  1.212  -15.482  45.244 0.3750000000
118384  1.167  -17.025  44.047 0.3750000000
59637  1.325  -13.239  44.379 0.3750000000
57514  -0.260  -16.282  43.560 0.3750000000
116997  1.106  -17.454  43.325 0.3750000000
60745  1.216  -13.154  43.344 0.3750000000
59653  0.399  -13.775  43.042 0.3750000000
59800  -28.984  -14.914  29.881 0.1250000000
60753  1.195  -13.204  42.369 0.3750000000
59819  -30.292  -15.190  28.507 0.2500000000
71802  -37.439  -2.549  30.493 0.3750000000
71815  -37.084  -2.311  29.830 0.5000000000
72734  -37.344  -1.617  29.490 0.5000000000
73589  -38.344  -0.693  30.483 0.5000000000
72745  -38.107  -1.298  28.516 0.2500000000
73626  -42.236  -1.136  28.032 0.3750000000
73628  -43.929  -0.873  28.022 0.2500000000
74491  -39.676  0.298  30.115 0.5000000000
73603  -40.076  -0.091  29.305 0.3750000000
71840  -39.848  -2.295  27.030 0.1250000000
72752  -40.308  -1.841  27.528 0.2500000000
140869  -40.684  -1.412  27.932 0.2500000000
72748  -41.383  -1.261  28.014 0.2500000000
73617  -41.627  -0.568  28.520 0.3750000000
74505  -42.902  0.317  28.879 0.3750000000
73620  -44.309  -0.188  28.337 0.3750000000
74507  -44.661  0.609  28.539 0.2500000000
43940  0.508  -29.534  54.050 0.1250000000
45024  -0.070  -28.493  54.810 0.1250000000
43937  -1.421  -29.471  55.364 0.1250000000
45034  1.034  -29.034  53.020 0.1250000000
45035  0.564  -28.260  53.159 0.1250000000
45026  -1.210  -28.607  55.613 0.1250000000
42965  -2.659  -29.843  54.759 0.1250000000
45032  -3.787  -28.712  54.732 0.1250000000
46023  0.515  -27.557  51.693 0.1250000000
117344  0.154  -26.514  51.561 0.1250000000
45037  -5.076  -27.978  53.725 0.1250000000
46026  0.144  -27.219  50.796 0.1250000000
46981  -0.470  -26.565  50.134 0.1250000000
46979  -0.287  -25.687  50.342 0.1250000000
46021  -5.733  -27.822  52.343 0.1250000000
46031  -0.804  -26.493  49.412 0.1250000000
46986  -1.129  -25.962  48.963 0.1250000000
48089  -1.204  -25.329  48.233 0.1250000000
48105  -1.363  -25.931  47.382 0.1250000000
136066  -1.394  -25.084  46.976 0.1250000000
49296  -0.845  -24.641  47.556 0.1250000000
139595  -1.320  -25.157  47.576 0.1250000000
49306  -0.936  -24.389  46.607 0.1250000000
49319  -1.009  -24.062  45.770 0.1250000000
48121  -1.322  -26.060  45.485 0.1250000000
49320  -1.507  -24.475  45.178 0.1250000000
48122  -1.584  -25.289  45.195 0.1250000000
46017  0.186  -27.350  53.340 0.1250000000
132748  -0.245  -27.742  54.493 0.1250000000
46013  -1.014  -27.703  55.159 0.1250000000
45020  -1.200  -27.882  55.514 0.1250000000
46974  0.280  -26.819  52.229 0.1250000000
45031  0.192  -28.116  54.022 0.1250000000
45027  -1.923  -28.719  55.715 0.1250000000
138102  -3.352  -28.646  55.229 0.1250000000
46978  -0.154  -26.236  50.858 0.1250000000
49286  -0.480  -24.720  48.452 0.1250000000
48070  -0.360  -25.137  49.767 0.1250000000
45041  -5.193  -28.237  52.820 0.1250000000
49295  0.304  -24.334  47.825 0.1250000000
50436  1.196  -23.946  47.326 0.1250000000
126262  -6.329  -27.580  51.167 0.1250000000
50457  -0.333  -23.903  46.194 0.1250000000
50446  0.151  -24.084  46.910 0.1250000000
50456  -0.085  -23.511  45.419 0.1250000000
124398  0.565  -23.615  46.159 0.1250000000
49329  -1.011  -23.724  44.917 0.1250000000
50465  -0.161  -23.213  44.405 0.1250000000
50464  0.665  -23.095  44.855 0.1250000000
48139  -1.378  -25.835  44.669 0.1250000000
49330  -1.543  -24.144  44.383 0.1250000000
124071  -1.094  -23.503  44.062 0.1250000000
50473  -0.553  -23.093  43.672 0.1250000000
51481  0.788  -22.806  44.266 0.1250000000
122299  -1.385  -25.705  43.824 0.1250000000
48140  -1.684  -25.039  44.529 0.1250000000
50466  -1.613  -23.909  43.574 0.1250000000
50474  -1.185  -23.289  43.264 0.1250000000
51491  0.302  -22.746  43.624 0.1250000000
49345  -1.783  -24.603  42.990 0.1250000000
51500  -0.441  -22.790  42.974 0.1250000000
126785  0.691  -22.272  42.719 0.1250000000
50483  -1.679  -23.772  42.728 0.1250000000
51509  -0.402  -22.543  42.064 0.1250000000
119060  -0.224  -27.095  53.948 0.1250000000
45021  -1.610  -28.101  55.807 0.1250000000
45023  -3.036  -27.570  55.822 0.1250000000
46020  0.446  -27.531  52.586 0.1250000000
46972  0.222  -26.596  52.853 0.1250000000
119301  -4.235  -28.002  54.874 0.1250000000
48059  0.275  -25.810  52.282 0.1250000000
45029  -3.629  -28.003  55.383 0.1250000000
46016  -4.764  -27.595  54.505 0.1250000000
48069  0.221  -25.066  50.402 0.1250000000
48064  0.197  -25.556  51.226 0.1250000000
49285  0.521  -24.487  48.659 0.1250000000
50455  1.090  -23.179  45.492 0.1250000000
47020  -0.920  -26.311  44.172 0.1250000000
47031  -0.609  -26.403  43.485 0.1250000000
48160  -1.163  -25.944  42.930 0.1250000000
131437  -1.607  -25.327  43.193 0.1250000000
51499  1.337  -21.719  42.200 0.1250000000
50482  -1.216  -23.098  42.414 0.1250000000
50490  -1.264  -22.980  41.477 0.1250000000
46969  -0.049  -26.328  53.417 0.1250000000
46966  -0.335  -26.107  53.878 0.1250000000
46007  -1.346  -27.274  55.210 0.1250000000
46009  -2.484  -27.010  55.788 0.1250000000
48055  0.274  -25.594  53.039 0.1250000000
49263  0.725  -24.866  51.906 0.1250000000
49277  -0.172  -24.789  49.129 0.1250000000
117467  1.014  -24.650  50.274 0.1250000000
49284  1.363  -24.161  48.105 0.1250000000
50445  1.106  -23.699  46.696 0.1250000000
123227  1.572  -23.325  46.190 0.1250000000
51480  1.577  -22.649  44.756 0.1250000000
118688  1.427  -22.298  43.705 0.1250000000
51490  1.737  -21.778  42.900 0.1250000000
48178  -0.934  -25.909  42.084 0.1250000000
48179  -1.561  -25.334  42.482 0.1250000000
48200  -1.471  -25.262  41.641 0.1250000000
49352  -1.804  -24.540  42.146 0.1250000000
51508  0.520  -22.015  41.701 0.1250000000
123079  -1.718  -24.482  41.250 0.1250000000
130913  -1.684  -23.633  40.900 0.1250000000
131259  -1.349  -22.914  40.508 0.1250000000
121151  -0.494  -22.388  41.076 0.1250000000
51516  0.371  -21.747  40.779 0.1250000000
52598  1.336  -21.311  41.426 0.1250000000
51517  -0.644  -22.205  39.984 0.1250000000
136387  -0.888  -25.544  54.355 0.1250000000
121120  -1.662  -26.821  55.236 0.1250000000
122835  -3.609  -27.188  55.588 0.1250000000
120809  -0.125  -25.172  53.917 0.1250000000
48051  0.091  -25.354  53.493 0.1250000000
134282  1.071  -24.303  52.798 0.1250000000
49268  1.723  -24.393  50.639 0.1250000000
134571  1.491  -24.283  48.955 0.1250000000
52585  2.026  -21.198  42.305 0.1250000000
48199  -0.760  -25.697  41.204 0.1250000000
48219  -1.368  -25.132  40.866 0.1250000000
49360  -1.558  -24.436  40.225 0.1250000000
46963  -0.652  -25.940  54.224 0.1250000000
49252  0.952  -24.129  53.098 0.1250000000
49256  1.359  -24.279  52.305 0.1250000000
123321  3.508  -22.298  48.859 0.1250000000
50434  2.736  -23.383  47.974 0.1250000000
50416  2.360  -24.005  49.297 0.1250000000
120754  2.555  -23.177  47.160 0.1250000000
121452  1.893  -23.497  46.886 0.1250000000
50435  2.085  -23.728  47.624 0.1250000000
51439  3.041  -22.827  47.511 0.1250000000
50444  2.366  -22.995  46.346 0.1250000000
57434  -31.817  -16.712  49.527 0.2500000000
51471  2.664  -22.431  45.697 0.1250000000
50454  2.035  -22.839  45.590 0.1250000000
121247  -32.206  -16.347  48.597 0.1250000000
123012  -31.517  -16.128  47.434 0.1250000000
117850  2.365  -22.361  45.082 0.1250000000
56549  -30.574  -17.307  46.230 0.1250000000
51489  2.166  -21.769  43.478 0.1250000000
52606  0.957  -21.116  40.503 0.1250000000
52597  2.026  -20.668  41.634 0.1250000000
50398  1.295  -23.621  52.908 0.1250000000
48050  0.370  -24.593  53.487 0.1250000000
50402  1.692  -23.817  52.595 0.1250000000
49275  1.639  -24.365  49.800 0.1250000000
50424  2.236  -23.896  48.433 0.1250000000
54561  3.957  -19.985  50.051 0.2500000000
53544  3.904  -20.861  49.944 0.1250000000
52485  3.669  -21.462  48.447 0.1250000000
120085  3.396  -22.242  47.956 0.1250000000
53555  3.852  -20.524  49.022 0.2500000000
52506  3.503  -21.444  47.549 0.1250000000
51456  3.193  -22.150  47.073 0.1250000000
51464  2.830  -22.653  46.627 0.1250000000
126565  3.882  -19.460  49.179 0.2500000000
53571  3.679  -20.612  47.958 0.1250000000
132214  3.523  -20.720  47.167 0.1250000000
52527  3.332  -21.354  46.677 0.1250000000
51463  3.070  -22.058  46.149 0.1250000000
118575  2.654  -22.073  44.976 0.1250000000
57491  -30.730  -16.562  45.823 0.1250000000
131103  3.513  -19.779  47.276 0.1250000000
127538  3.206  -21.235  45.758 0.1250000000
51470  2.951  -21.886  45.256 0.1250000000
52558  2.815  -21.631  44.458 0.1250000000
51479  2.333  -22.031  44.274 0.1250000000
56560  -30.845  -17.383  44.531 0.1250000000
52557  3.123  -21.135  44.833 0.1250000000
52574  2.633  -21.365  43.577 0.1250000000
52575  2.276  -21.394  43.041 0.1250000000
52573  3.040  -20.959  43.970 0.1250000000
55539  3.844  -18.518  49.259 0.2500000000
57492  -31.047  -16.547  44.633 0.1250000000
127477  3.713  -19.702  48.301 0.2500000000
56571  -31.365  -16.965  43.733 0.1250000000
57523  -31.821  -16.693  42.976 0.1250000000
126564  3.512  -18.898  47.827 0.1250000000
53593  3.431  -20.368  46.323 0.1250000000
128104  -31.512  -17.302  43.140 0.1250000000
53616  3.370  -20.403  45.325 0.1250000000
53635  3.285  -20.322  44.445 0.1250000000
55608  -31.388  -17.912  42.936 0.1250000000
53655  2.889  -20.661  43.216 0.1250000000
55637  -31.677  -18.570  41.762 0.1250000000
55622  -31.451  -18.411  42.459 0.1250000000
52584  2.542  -20.921  42.801 0.1250000000
52596  2.403  -20.629  42.204 0.1250000000
56524  3.712  -17.333  49.372 0.2500000000
55545  3.721  -18.926  48.573 0.2500000000
56530  3.550  -18.058  48.362 0.2500000000
137003  3.412  -17.174  48.353 0.2500000000
126342  3.357  -18.778  46.960 0.1250000000
54582  3.434  -19.345  46.314 0.1250000000
118307  3.485  -19.722  45.669 0.1250000000
56582  -31.848  -17.236  42.555 0.2500000000
55554  3.319  -18.107  47.429 0.2500000000
132514  3.230  -18.121  46.743 0.2500000000
121997  3.485  -19.611  44.929 0.1250000000
55623  -31.876  -17.773  42.092 0.1250000000
55638  -32.101  -17.908  41.406 0.2500000000
53671  2.982  -20.070  43.034 0.1250000000
53672  2.724  -20.266  42.525 0.1250000000
53693  1.936  -20.128  41.207 0.1250000000
53712  1.469  -20.078  40.443 0.1250000000
124678  1.237  -19.551  39.894 0.1250000000
53725  0.988  -20.137  39.550 0.1250000000
53724  0.981  -19.525  39.230 0.1250000000
120459  0.790  -19.490  37.963 0.1250000000
54714  0.809  -19.251  38.671 0.1250000000
56609  -32.393  -17.350  41.042 0.5000000000
121381  -32.428  -18.431  39.187 0.3750000000
55670  -32.339  -18.296  39.888 0.5000000000
56534  3.267  -17.467  47.763 0.2500000000
132990  3.310  -18.252  45.642 0.2500000000
54594  3.465  -18.917  45.458 0.1250000000
55652  -32.236  -18.063  40.713 0.1250000000
121339  3.077  -17.396  47.004 0.2500000000
56544  3.153  -17.846  46.209 0.2500000000
54611  3.315  -19.538  44.127 0.1250000000
54631  3.074  -19.467  43.361 0.1250000000
54647  2.859  -19.639  42.736 0.1250000000
53692  2.386  -20.184  41.867 0.1250000000
54687  1.667  -19.519  40.720 0.1250000000
55673  0.518  -18.875  38.763 0.1250000000
118755  0.663  -19.081  37.932 0.1250000000
55674  -0.364  -18.554  38.554 0.1250000000
55653  -32.446  -17.482  40.280 0.5000000000
55685  -32.435  -18.197  38.773 0.3750000000
57465  2.837  -16.498  47.047 0.2500000000
56553  3.095  -17.744  45.580 0.2500000000
55586  3.099  -18.282  44.301 0.3750000000
55599  3.212  -18.940  43.925 0.1250000000
138479  2.867  -19.248  42.988 0.1250000000
126105  -32.245  -18.416  38.231 0.2500000000
58469  2.650  -15.695  47.121 0.2500000000
57466  2.533  -16.190  46.485 0.2500000000
56566  2.701  -17.550  44.648 0.2500000000
55600  2.883  -18.773  43.396 0.1250000000
54666  2.586  -19.699  42.159 0.1250000000
56575  2.615  -17.988  43.822 0.1250000000
55613  2.635  -19.135  42.601 0.1250000000
55627  2.339  -19.274  41.956 0.1250000000
54667  2.189  -19.675  41.540 0.1250000000
55628  1.823  -18.926  41.372 0.1250000000
54703  1.000  -19.137  39.348 0.1250000000
55657  0.692  -18.778  39.647 0.1250000000
55658  -0.166  -18.539  39.402 0.1250000000
55659  -1.199  -18.376  39.276 0.2500000000
56648  -32.699  -16.755  39.078 0.5000000000
55686  -32.445  -17.460  38.548 0.2500000000
58453  2.574  -14.965  47.501 0.2500000000
57482  2.250  -16.308  45.910 0.2500000000
58486  2.006  -15.223  46.291 0.2500000000
55601  2.366  -18.381  43.016 0.1250000000
55614  2.073  -18.665  42.222 0.1250000000
139482  1.435  -18.885  40.663 0.1250000000
55615  1.278  -18.149  41.927 0.2500000000
55629  1.011  -18.382  41.144 0.1250000000
55656  1.288  -19.063  40.035 0.1250000000
55642  0.841  -18.599  40.397 0.1250000000
55643  -0.066  -18.442  40.228 0.1250000000
55644  -1.048  -18.259  40.091 0.2500000000
56615  -2.381  -17.166  40.482 0.2500000000
56626  -2.014  -17.977  39.997 0.2500000000
132488  -32.073  -17.836  37.955 0.3750000000
55630  0.081  -18.214  41.018 0.2500000000
56603  -1.681  -17.185  41.392 0.2500000000
56602  -0.707  -17.711  41.683 0.2500000000
138707  -2.126  -17.121  40.919 0.2500000000
56613  -0.906  -18.056  40.878 0.2500000000
56614  -1.759  -17.688  40.662 0.2500000000
57560  -2.297  -16.307  40.942 0.2500000000
58586  -2.613  -15.455  40.241 0.2500000000
57561  -2.729  -16.438  40.268 0.2500000000
59673  -2.180  -14.698  40.336 0.2500000000
59677  -2.553  -14.575  39.580 0.2500000000
56663  -31.556  -17.749  37.368 0.2500000000
56590  -0.451  -17.347  42.474 0.2500000000
57545  -1.245  -16.801  42.198 0.2500000000
57546  -1.759  -15.977  41.769 0.2500000000
59671  -0.741  -13.916  40.916 0.2500000000
59665  -1.359  -14.432  41.361 0.2500000000
59672  -1.584  -14.313  40.654 0.2500000000
58585  -1.986  -15.100  41.126 0.2500000000
59676  -1.765  -14.142  39.859 0.2500000000
60808  -0.184  -13.549  38.565 0.2500000000
60793  -1.023  -13.727  39.242 0.2500000000
59682  -1.964  -13.891  39.072 0.2500000000
59663  0.246  -13.696  42.114 0.2500000000
57530  -1.234  -15.864  42.436 0.2500000000
59664  -0.668  -14.101  41.780 0.2500000000
60763  0.196  -13.659  41.214 0.2500000000
58562  -1.300  -14.963  42.109 0.2500000000
60778  0.336  -13.619  40.273 0.2500000000
60807  0.986  -13.482  38.680 0.3750000000
60792  0.075  -13.605  39.385 0.2500000000
70806  -36.977  -3.594  36.454 0.2500000000
121152  -36.952  -3.057  35.735 0.2500000000
71723  -37.560  -2.858  36.392 0.2500000000
70834  -36.158  -3.198  35.198 0.2500000000
70833  -35.360  -3.361  34.737 0.2500000000
120517  -36.780  -2.325  35.153 0.2500000000
71744  -35.177  -2.803  34.076 0.2500000000
117565  -35.989  -2.395  34.512 0.2500000000
71761  -35.549  -2.060  33.897 0.2500000000
72652  -36.034  -1.264  34.112 0.2500000000
71760  -34.915  -2.233  33.468 0.2500000000
72668  -35.407  -1.440  33.547 0.2500000000
127628  -35.240  -0.762  33.206 0.2500000000
73542  -35.529  -0.064  33.427 0.2500000000
69046  -34.615  -5.183  38.964 0.3750000000
69047  -35.356  -5.207  38.544 0.3750000000
69909  -36.031  -4.936  38.312 0.3750000000
69921  -35.546  -5.003  37.606 0.2500000000
69910  -36.720  -4.513  38.731 0.3750000000
69923  -37.264  -4.042  38.161 0.2500000000
69922  -36.436  -4.571  37.657 0.2500000000
139546  -35.942  -4.710  37.164 0.2500000000
70797  -37.086  -3.951  37.226 0.2500000000
69938  -36.271  -4.333  36.717 0.2500000000
69947  -35.511  -4.427  36.114 0.2500000000
70818  -36.252  -3.814  35.895 0.2500000000
70817  -35.488  -3.938  35.397 0.2500000000
71776  -34.454  -2.007  32.971 0.2500000000
72667  -34.899  -1.437  33.078 0.2500000000
73541  -35.018  -0.078  32.897 0.2500000000
72685  -33.845  -1.282  32.168 0.2500000000
73560  -34.363  -0.371  32.332 0.2500000000
73642  -47.572  -0.503  26.528 0.2500000000
79185  -40.903  5.733  27.823 0.2500000000
73643  -48.125  -0.087  26.100 0.2500000000
134142  -47.645  0.148  26.684 0.2500000000
80106  -41.353  6.577  27.568 0.3750000000
79192  -40.016  5.431  26.602 0.2500000000
80105  -40.693  6.007  27.091 0.2500000000
80120  -41.070  7.013  26.824 0.3750000000
81069  -40.688  7.544  26.128 0.3750000000
81070  -41.391  8.306  26.593 0.3750000000
139572  -42.083  10.560  25.775 0.2500000000
81080  -40.371  8.054  25.445 0.3750000000
81081  -40.986  8.830  25.876 0.3750000000
81089  -40.136  8.447  24.882 0.3750000000
81987  -41.419  10.093  25.468 0.2500000000
81088  -39.717  8.139  24.338 0.2500000000
81986  -40.644  9.295  25.134 0.2500000000
81995  -40.277  9.348  24.413 0.2500000000
81994  -39.852  9.113  23.873 0.2500000000
82001  -39.759  9.364  23.227 0.2500000000
82826  -40.618  10.230  22.649 0.2500000000
85060  -1.318  12.462  42.827 0.3750000000
85066  -2.482  12.140  41.727 0.2500000000
82012  -41.288  9.767  22.673 0.3750000000
82031  -42.991  8.264  19.940 0.3750000000
81126  -43.975  7.827  20.287 0.3750000000
124353  -43.829  8.671  19.721 0.3750000000
85837  0.967  13.283  45.711 0.3750000000
85838  0.305  12.820  45.709 0.3750000000
133893  0.518  13.055  44.716 0.3750000000
85045  -0.321  12.692  44.036 0.3750000000
85861  -0.524  12.834  43.179 0.3750000000
85872  -0.884  13.001  42.454 0.2500000000
85873  -1.665  12.553  42.090 0.2500000000
85882  -2.042  12.902  41.378 0.2500000000
85836  1.347  13.758  45.909 0.3750000000
85852  1.128  13.671  44.946 0.3750000000
86656  1.109  13.955  44.253 0.3750000000
86667  0.879  14.041  43.561 0.2500000000
85859  0.833  13.586  44.201 0.3750000000
85860  0.297  13.322  43.615 0.3750000000
86668  0.418  13.902  43.012 0.2500000000
85871  -0.152  13.476  42.792 0.2500000000
85881  -1.323  13.290  41.744 0.2500000000
86696  -1.067  14.198  41.440 0.2500000000
86697  -1.817  13.778  41.077 0.2500000000
86710  -2.451  14.260  40.416 0.2500000000
85893  -2.409  13.380  40.804 0.2500000000
128540  1.557  13.976  46.775 0.3750000000
87511  1.708  14.797  46.721 0.3750000000
87515  1.591  15.308  45.652 0.3750000000
125129  1.559  14.347  46.075 0.3750000000
86647  1.443  14.285  45.305 0.3750000000
86655  1.307  14.214  44.630 0.3750000000
86666  1.235  14.526  44.037 0.3750000000
87526  1.094  14.870  43.316 0.2500000000
86681  0.678  14.545  42.793 0.2500000000
86682  0.149  14.221  42.401 0.2500000000
86695  -0.227  14.601  41.715 0.2500000000
87546  -0.756  15.029  41.072 0.2500000000
86709  -1.605  14.661  40.778 0.2500000000
89749  -0.452  18.740  47.694 0.3750000000
89753  -1.395  18.624  46.402 0.3750000000
88290  2.351  16.923  48.428 0.3750000000
124570  1.775  15.790  46.675 0.3750000000
138163  1.482  15.687  44.725 0.3750000000
88310  1.441  16.346  44.244 0.2500000000
88314  1.308  16.140  43.545 0.3750000000
88317  1.080  16.318  42.811 0.2500000000
88318  0.722  15.936  42.014 0.2500000000
87544  0.463  15.080  41.995 0.2500000000
125303  0.553  16.440  41.379 0.1250000000
140120  0.436  15.785  41.488 0.2500000000
87545  0.043  15.408  41.297 0.1250000000
88325  0.284  16.099  40.899 0.1250000000
87556  -1.247  15.427  40.420 0.1250000000
87568  -1.745  15.841  39.822 0.1250000000
89743  2.103  18.708  50.582 0.3750000000
89744  1.789  18.687  50.654 0.3750000000
89746  0.801  18.848  49.519 0.3750000000
89748  0.132  19.107  48.240 0.3750000000
90490  -0.706  19.685  46.483 0.3750000000
91250  -0.767  20.512  46.186 0.3750000000
90479  2.256  19.342  50.650 0.3750000000
90491  -1.143  19.285  46.049 0.3750000000
91263  -1.733  20.687  44.952 0.3750000000
88980  2.265  17.876  50.151 0.3750000000
89745  2.495  18.525  49.713 0.3750000000
90503  -2.554  19.829  44.237 0.3750000000
91274  -3.702  20.658  43.337 0.3750000000
130903  2.427  17.811  47.937 0.3750000000
89750  2.417  18.608  47.423 0.3750000000
92034  -4.861  21.062  42.595 0.3750000000
88997  2.206  17.153  47.501 0.3750000000
132855  2.220  17.877  46.984 0.3750000000
122864  1.660  17.188  45.610 0.3750000000
89010  1.658  17.985  45.290 0.2500000000
125937  1.312  16.947  43.608 0.2500000000
89019  1.280  17.950  43.719 0.2500000000
89022  1.026  17.475  42.842 0.2500000000
88334  0.056  16.419  40.229 0.1250000000
87555  -0.317  15.754  40.618 0.1250000000
88345  -0.277  16.772  39.603 0.1250000000
88346  -1.249  16.496  39.415 0.1250000000
91228  0.871  20.077  49.551 0.3750000000
90484  0.592  19.589  48.856 0.3750000000
90486  0.100  19.924  47.794 0.3750000000
91234  -0.042  20.920  47.587 0.3750000000
91993  -0.576  21.371  46.650 0.3750000000
90481  2.115  19.586  50.855 0.3750000000
91241  -0.345  20.285  46.928 0.3750000000
90483  2.608  19.216  49.128 0.3750000000
90488  2.332  19.376  46.981 0.3750000000
89751  2.133  18.689  46.510 0.3750000000
126927  1.537  19.298  44.942 0.2500000000
89757  1.468  18.538  44.587 0.2500000000
89774  1.024  18.377  43.054 0.2500000000
89775  0.689  18.579  42.392 0.1250000000
89790  0.516  18.065  41.493 0.1250000000
88333  0.431  16.813  40.694 0.1250000000
89042  0.274  17.155  39.989 0.1250000000
89056  0.077  17.470  39.328 0.1250000000
89057  -0.616  17.146  39.037 0.1250000000
89071  -1.041  17.560  38.505 0.1250000000
89826  -0.424  18.147  38.189 0.1250000000
89058  -1.716  16.951  38.883 0.1250000000
89827  -1.490  17.947  37.906 0.1250000000
89833  -2.142  18.315  37.219 0.1250000000
91979  0.735  20.781  49.695 0.3750000000
91233  0.443  20.457  48.546 0.3750000000
91226  1.554  20.309  50.754 0.3750000000
91987  -0.363  21.899  47.577 0.3750000000
91225  2.123  20.364  51.141 0.3750000000
124624  2.600  19.715  49.774 0.3750000000
127630  2.602  20.051  48.706 0.3750000000
90489  1.984  19.446  46.167 0.3750000000
139510  1.095  19.590  43.669 0.1250000000
90513  0.911  19.216  43.112 0.1250000000
90523  0.504  19.542  42.569 0.1250000000
91294  -0.033  19.832  42.006 0.1250000000
123803  0.290  18.924  41.709 0.1250000000
91295  -0.629  20.252  41.417 0.1250000000
90534  -0.248  19.262  40.946 0.1250000000
89041  0.428  17.569  40.637 0.1250000000
89055  0.264  17.863  39.802 0.1250000000
89805  0.001  18.554  40.141 0.1250000000
89816  0.080  18.367  39.297 0.1250000000
140046  0.192  17.932  39.049 0.1250000000
139017  -0.112  17.788  38.757 0.1250000000
91311  -0.841  19.980  40.431 0.1250000000
90545  -0.331  19.150  39.865 0.1250000000
89825  -0.000  18.353  38.552 0.1250000000
91322  -0.617  19.851  39.471 0.1250000000
90557  -0.110  18.999  38.884 0.1250000000
89831  -0.056  18.667  37.967 0.1250000000
91331  0.026  19.834  38.454 0.1250000000
90567  0.127  19.057  38.063 0.1250000000
89832  -0.747  18.564  37.524 0.1250000000
91338  0.421  19.721  37.554 0.1250000000
91337  0.597  20.525  37.780 0.1250000000
134517  0.537  21.400  49.973 0.3750000000
91986  0.187  21.454  48.662 0.3750000000
91970  1.727  21.583  51.267 0.3750000000
92677  0.100  21.972  49.727 0.3750000000
92687  -0.370  22.268  48.523 0.3750000000
91968  2.416  21.099  50.625 0.3750000000
138269  2.576  20.653  48.962 0.3750000000
91232  2.162  20.875  46.864 0.2500000000
118803  1.868  20.038  45.925 0.2500000000
91249  1.628  20.499  45.382 0.1250000000
119378  1.169  20.158  44.038 0.1250000000
90514  0.796  20.173  43.321 0.1250000000
91282  -0.175  20.724  42.242 0.1250000000
91281  0.359  20.468  42.739 0.1250000000
91296  -1.284  20.867  40.928 0.1250000000
91323  -1.330  20.611  39.927 0.1250000000
91332  -0.996  20.596  39.144 0.1250000000
92061  -0.412  20.899  38.555 0.1250000000
92763  0.282  21.529  37.940 0.1250000000
94028  1.263  23.824  50.871 0.2500000000
94029  0.644  24.243  51.302 0.1250000000
93343  1.703  23.528  50.324 0.1250000000
93335  0.169  23.731  51.467 0.2500000000
93336  -0.872  24.034  51.578 0.2500000000
93344  -0.319  23.231  51.306 0.2500000000
93333  1.668  22.882  51.042 0.3750000000
92662  1.228  22.461  51.217 0.2500000000
92663  0.199  22.505  50.901 0.2500000000
92668  2.045  22.861  50.124 0.2500000000
136694  2.084  22.319  50.933 0.3750000000
92669  0.810  21.782  50.971 0.3750000000
92678  -0.418  22.458  49.552 0.3750000000
91977  2.525  21.163  49.340 0.3750000000
92676  2.153  22.681  48.799 0.2500000000
91978  2.353  21.793  48.484 0.3750000000
121951  1.922  21.798  46.622 0.1250000000
92001  1.750  21.168  45.933 0.1250000000
92012  1.476  21.371  45.067 0.1250000000
92020  1.154  21.580  44.275 0.1250000000
91271  0.965  20.941  43.827 0.1250000000
91272  0.615  21.112  43.296 0.1250000000
92033  0.245  21.343  42.845 0.1250000000
92045  -0.315  21.534  42.343 0.1250000000
137550  -0.736  20.971  41.752 0.1250000000
92046  -1.025  21.586  41.668 0.1250000000
131688  -1.752  21.377  40.117 0.1250000000
92058  -1.548  21.188  39.433 0.1250000000
92760  -1.984  21.860  39.228 0.1250000000
92062  -1.366  21.282  38.928 0.1250000000
92764  -1.201  21.950  38.472 0.1250000000
92769  -0.143  22.552  37.793 0.1250000000
92768  0.825  22.281  37.307 0.1250000000
94041  0.951  24.774  50.651 0.1250000000
94709  0.316  25.204  51.203 0.1250000000
94040  1.469  24.334  49.966 0.1250000000
94718  0.593  25.645  50.352 0.1250000000
93355  1.775  23.665  49.079 0.1250000000
93364  1.804  23.245  47.747 0.1250000000
92700  1.691  22.871  46.430 0.1250000000
116705  1.486  23.861  46.177 0.1250000000
121846  1.636  22.016  45.662 0.1250000000
93372  1.454  23.320  45.525 0.1250000000
92744  0.996  22.385  44.066 0.1250000000
92745  0.593  22.531  43.464 0.1250000000
92021  0.797  21.748  43.678 0.1250000000
92032  0.500  21.822  43.260 0.1250000000
130170  0.166  22.244  42.866 0.1250000000
92755  -1.378  22.312  41.498 0.1250000000
93406  -1.750  23.066  41.281 0.1250000000
93411  -2.310  23.079  40.501 0.1250000000
92757  -2.082  22.229  40.432 0.1250000000
93412  -2.609  23.658  40.073 0.1250000000
92758  -2.439  22.778  39.533 0.1250000000
92761  -2.146  22.782  38.657 0.1250000000
95451  0.212  26.291  49.927 0.1250000000
94719  -0.066  26.080  50.903 0.1250000000
94049  1.112  25.185  49.665 0.1250000000
94731  0.721  25.887  49.285 0.1250000000
94048  1.424  24.632  48.837 0.1250000000
136328  1.364  24.873  47.936 0.1250000000
94738  1.213  25.482  47.510 0.1250000000
94055  1.589  24.148  47.896 0.1250000000
135372  1.289  25.850  45.406 0.1250000000
95487  1.266  26.615  45.547 0.1250000000
118626  1.603  23.748  47.019 0.1250000000
119677  1.415  24.615  45.989 0.1250000000
94753  1.319  24.994  45.335 0.1250000000
94759  1.119  25.402  44.688 0.1250000000
95494  1.178  26.320  44.845 0.1250000000
94063  1.336  24.042  45.217 0.1250000000
94065  1.102  24.504  44.612 0.1250000000
94760  0.805  25.878  44.133 0.1250000000
95502  0.574  26.566  43.882 0.1250000000
93381  1.196  23.172  44.616 0.1250000000
139972  1.112  23.873  44.570 0.1250000000
94066  0.777  24.863  44.052 0.1250000000
94765  0.443  25.257  43.577 0.1250000000
132395  0.481  25.896  43.702 0.1250000000
93391  0.807  23.060  43.895 0.1250000000
93382  0.828  23.865  44.059 0.1250000000
94069  0.451  24.302  43.496 0.1250000000
94766  0.116  25.854  43.286 0.1250000000
95509  -0.442  26.242  42.875 0.1250000000
93392  0.518  23.401  43.482 0.1250000000
93400  0.328  23.000  43.095 0.1250000000
93401  -0.109  23.049  42.665 0.1250000000
92754  -0.582  22.306  42.245 0.1250000000
93405  -0.900  23.089  42.071 0.1250000000
94083  -1.234  23.901  41.795 0.1250000000
93407  -2.111  23.832  41.069 0.1250000000
94091  -2.520  24.671  40.637 0.1250000000
94097  -3.046  25.149  39.762 0.1250000000
94777  -2.762  25.627  40.521 0.1250000000
116240  -3.208  27.214  39.787 0.1250000000
95517  -3.251  26.416  39.346 0.1250000000
93416  -2.703  23.499  39.017 0.1250000000
136638  -3.132  24.869  39.092 0.1250000000
118584  -2.861  24.306  38.732 0.1250000000
95518  -3.123  26.284  38.778 0.1250000000
93421  -2.339  23.684  38.319 0.1250000000
124115  -2.479  24.636  38.140 0.1250000000
93420  -1.464  23.149  38.011 0.1250000000
93431  -1.918  23.987  37.857 0.1250000000
93429  0.642  23.402  37.262 0.1250000000
95463  -0.717  26.895  49.513 0.1250000000
95464  -1.801  26.935  49.436 0.1250000000
140659  -1.577  26.501  51.013 0.1250000000
95461  0.339  26.442  48.702 0.1250000000
95452  -0.438  26.600  50.349 0.1250000000
94720  -1.011  26.351  51.206 0.1250000000
94721  -2.947  25.992  51.089 0.1250000000
95472  0.639  26.524  47.668 0.1250000000
95471  1.001  26.234  47.128 0.1250000000
96105  1.181  27.330  45.908 0.1250000000
96113  1.211  27.293  45.097 0.1250000000
96121  0.889  27.394  44.440 0.1250000000
96128  0.490  27.301  43.928 0.1250000000
132980  -0.703  27.672  43.085 0.1250000000
96135  -0.564  26.992  43.014 0.1250000000
96136  -1.253  27.313  42.552 0.1250000000
94769  -0.040  24.751  42.967 0.1250000000
94770  -0.504  25.513  42.644 0.1250000000
96137  -1.848  27.744  42.158 0.1250000000
121683  0.167  23.728  43.033 0.1250000000
138568  -0.829  25.940  42.464 0.1250000000
95510  -1.159  26.437  42.366 0.1250000000
94076  -0.819  24.726  42.240 0.1250000000
94773  -1.271  25.560  42.015 0.1250000000
96144  -2.006  26.969  41.768 0.1250000000
96145  -2.484  27.862  41.420 0.1250000000
94075  -0.435  23.877  42.479 0.1250000000
95512  -1.837  26.136  41.740 0.1250000000
95513  -2.497  26.278  41.124 0.1250000000
95515  -2.826  27.143  40.815 0.1250000000
94084  -1.684  24.694  41.550 0.1250000000
94774  -2.146  25.473  41.336 0.1250000000
119917  -3.000  28.114  40.388 0.1250000000
130829  -3.160  27.047  38.929 0.1250000000
95525  -2.650  26.630  38.373 0.1250000000
94114  -1.646  24.684  37.705 0.1250000000
94798  -2.101  25.319  37.827 0.1250000000
95532  -1.923  26.133  37.816 0.1250000000
118228  -1.085  23.990  37.629 0.1250000000
95473  -0.163  26.853  48.529 0.1250000000
95474  -0.882  27.101  48.291 0.1250000000
96097  0.308  26.875  47.593 0.1250000000
95454  -2.100  26.535  50.680 0.1250000000
95465  -2.655  26.874  48.846 0.1250000000
95476  -3.085  26.902  47.906 0.1250000000
95480  0.818  27.041  46.745 0.1250000000
95455  -2.989  26.515  49.970 0.1250000000
125971  1.158  28.134  45.037 0.1250000000
96717  0.695  28.101  44.362 0.1250000000
96129  -0.002  27.639  43.608 0.1250000000
96734  -1.295  28.191  42.760 0.1250000000
96735  -2.111  28.494  42.033 0.1250000000
96743  -2.636  28.737  41.168 0.1250000000
127568  -2.835  28.934  40.449 0.1250000000
96149  -3.021  28.035  39.294 0.1250000000
96154  -2.373  28.425  38.756 0.1250000000
117853  -2.506  27.584  38.530 0.1250000000
95524  -1.593  27.082  37.964 0.1250000000
94113  -0.584  24.830  37.515 0.1250000000
93430  -0.368  23.411  37.615 0.1250000000
96098  -0.087  27.267  47.445 0.1250000000
96099  -0.781  27.537  47.183 0.1250000000
96106  0.539  27.665  46.728 0.1250000000
139855  1.130  28.395  45.917 0.1250000000
133138  1.037  28.711  45.020 0.1250000000
96718  0.616  28.937  44.577 0.1250000000
96726  0.186  28.420  43.977 0.1250000000
96727  -0.497  28.305  43.443 0.1250000000
97342  -2.273  29.390  41.770 0.1250000000
97350  -2.584  29.564  40.880 0.1250000000
96749  -2.933  28.721  39.869 0.1250000000
96752  -2.597  28.907  39.323 0.1250000000
96758  -1.684  29.175  38.819 0.1250000000
94797  -1.186  25.532  37.623 0.1250000000
120144  0.334  24.916  37.358 0.1250000000
96100  -1.627  27.683  46.817 0.1250000000
96108  -0.913  28.238  46.787 0.1250000000
134112  0.751  29.067  46.258 0.1250000000
121379  0.901  28.403  46.224 0.1250000000
96703  0.908  29.656  45.951 0.1250000000
97325  0.925  29.352  45.360 0.1250000000
97318  0.778  30.039  45.679 0.1250000000
132388  0.496  30.268  45.353 0.1250000000
97326  0.405  29.789  44.824 0.1250000000
97332  -0.246  29.144  43.951 0.1250000000
97333  -1.012  28.868  43.276 0.1250000000
97962  -0.409  29.960  44.208 0.1250000000
97341  -1.658  29.104  42.639 0.1250000000
97955  -0.087  30.537  44.894 0.1250000000
97963  -0.941  30.584  44.007 0.1250000000
122410  -1.174  29.757  43.408 0.1250000000
97969  -1.863  30.062  42.433 0.1250000000
97977  -2.186  30.273  41.460 0.1250000000
97357  -2.595  29.455  40.046 0.1250000000
97362  -2.161  29.537  39.441 0.1250000000
96153  -1.236  28.202  38.249 0.1250000000
94796  0.081  25.724  37.465 0.1250000000
95531  -0.757  26.430  37.636 0.1250000000
96704  -0.011  29.016  46.740 0.1250000000
97313  0.494  29.841  46.425 0.1250000000
97314  -0.390  29.738  46.783 0.1250000000
117334  -0.924  30.314  47.117 0.1250000000
97944  -2.242  30.210  46.559 0.1250000000
97312  0.604  30.332  46.195 0.1250000000
97315  -1.580  29.532  46.526 0.1250000000
97942  0.332  30.884  46.498 0.1250000000
97943  0.099  30.588  46.889 0.1250000000
98587  0.201  31.330  46.352 0.1250000000
98580  0.056  31.293  47.087 0.1250000000
98596  -0.187  31.256  45.421 0.1250000000
97956  -1.246  31.427  43.841 0.1250000000
98597  -0.876  31.764  44.792 0.1250000000
123481  -1.478  30.716  43.137 0.1250000000
138721  -1.485  31.508  42.951 0.1250000000
121613  -1.709  31.132  42.119 0.1250000000
97987  -2.205  30.254  40.604 0.1250000000
96163  -0.141  27.426  37.711 0.1250000000
117744  1.015  27.197  37.447 0.1250000000
97319  -2.751  29.524  45.753 0.1250000000
97951  -3.224  30.455  45.741 0.1250000000
132174  -0.330  31.763  47.747 0.1250000000
99216  -1.099  32.592  45.040 0.1250000000
134653  -1.281  32.179  44.163 0.1250000000
125967  -1.378  32.212  43.308 0.1250000000
126450  -1.125  33.048  42.615 0.1250000000
98612  -1.310  32.153  42.334 0.1250000000
97976  -1.669  31.054  41.088 0.1250000000
99238  -0.847  32.956  41.560 0.1250000000
120312  -1.138  32.076  41.267 0.1250000000
140738  -0.842  32.692  40.900 0.1250000000
125338  -1.095  31.694  40.571 0.1250000000
97994  -1.921  30.171  39.873 0.1250000000
97993  -0.973  30.805  39.575 0.1250000000
96756  0.283  28.478  37.858 0.1250000000
96162  0.897  27.911  37.563 0.1250000000
98588  -0.350  31.960  45.873 0.1250000000
137347  -1.170  33.228  45.530 0.1250000000
99209  -0.637  32.723  46.398 0.1250000000
126542  -1.367  33.357  44.724 0.1250000000
99224  -1.355  33.046  43.825 0.1250000000
136601  -1.281  34.642  43.183 0.1250000000
99834  -1.131  33.881  42.935 0.1250000000
99844  -0.820  33.761  42.035 0.1250000000
98630  -0.727  31.647  39.846 0.1250000000
97361  -1.351  29.968  39.271 0.1250000000
97999  0.908  31.045  37.821 0.1250000000
96757  -0.351  29.176  38.377 0.1250000000
97366  0.279  30.014  38.494 0.1250000000
96755  0.750  29.416  37.947 0.1250000000
96765  1.295  28.662  37.402 0.1250000000
99824  -1.108  33.596  46.245 0.1250000000
99828  -1.405  33.914  45.228 0.1250000000
100447  -1.434  34.088  44.095 0.1250000000
124674  -1.292  35.018  42.699 0.1250000000
100453  -1.022  34.479  42.400 0.1250000000
98626  -0.749  32.354  40.299 0.1250000000
98629  -0.406  32.036  39.422 0.1250000000
97992  -0.169  31.345  39.045 0.1250000000
98001  -0.334  30.485  38.957 0.1250000000
98000  0.456  30.784  38.482 0.1250000000
136130  -0.685  29.752  38.794 0.1250000000
100444  -1.542  34.760  44.944 0.1250000000
99852  -0.842  33.632  41.241 0.1250000000
99245  -0.710  33.004  40.641 0.1250000000
100464  -1.035  34.364  41.668 0.1250000000
46006  -1.071  -27.075  54.731 0.1250000000
46010  -3.197  -26.766  55.666 0.1250000000
49248  0.071  -24.418  53.919 0.1250000000
49262  1.614  -24.367  51.522 0.1250000000
56634  -32.613  -16.802  39.875 0.5000000000
56662  -31.022  -17.134  36.758 0.3750000000
74529  -48.635  0.557  25.535 0.2500000000
82002  -40.426  10.046  23.657 0.2500000000
82820  -40.970  10.339  22.990 0.2500000000
82021  -41.166  9.340  21.734 0.2500000000
88347  -2.249  16.292  39.265 0.1250000000
88989  2.483  17.740  49.095 0.3750000000
89754  -1.688  18.942  45.605 0.3750000000
90495  -2.064  19.337  44.882 0.3750000000
89742  2.290  18.643  50.430 0.3750000000
74520  -47.269  0.759  26.989 0.2500000000
46022  -6.204  -27.198  52.773 0.1250000000
55671  -32.529  -17.632  39.373 0.5000000000
60777  1.019  -13.453  40.718 0.2500000000
123607  1.333  -13.397  40.153 0.2500000000
45030  0.629  -28.941  53.682 0.1250000000
45039  0.893  -28.395  52.270 0.1250000000
45025  -0.719  -28.373  55.261 0.1250000000
45028  -2.831  -28.551  55.591 0.1250000000
45033  -4.446  -28.336  54.188 0.1250000000
46982  -0.756  -25.782  49.656 0.1250000000
46035  -0.790  -26.878  48.743 0.1250000000
48078  -0.806  -25.229  49.085 0.1250000000
48106  -1.524  -24.978  46.008 0.1250000000
119408  -0.655  -26.963  54.333 0.1250000000
46012  -0.655  -27.771  54.855 0.1250000000
45022  -2.259  -27.901  55.920 0.1250000000
49276  0.590  -24.649  49.574 0.1250000000
48161  -1.729  -24.776  43.770 0.1250000000
50491  -1.717  -23.692  41.829 0.1250000000
49257  0.675  -24.884  52.663 0.1250000000
49269  0.894  -24.801  51.007 0.1250000000
48054  0.577  -24.770  53.127 0.1250000000
52481  3.760  -21.528  49.412 0.1250000000
122241  -30.992  -16.729  46.885 0.1250000000
53654  3.142  -20.189  43.644 0.1250000000
134245  3.404  -18.874  44.591 0.1250000000
55566  3.327  -18.521  46.208 0.1250000000
57450  3.112  -16.639  47.778 0.2500000000
57481  2.886  -17.155  46.288 0.2500000000
56554  2.696  -17.102  45.561 0.2500000000
56565  3.051  -17.814  44.963 0.2500000000
57496  2.188  -16.780  45.161 0.3750000000
56567  2.065  -17.265  44.350 0.2500000000
56576  1.902  -17.673  43.516 0.2500000000
60779  -0.829  -13.856  40.060 0.2500000000
127689  -34.803  -0.791  32.813 0.2500000000
86683  -0.544  13.754  42.099 0.2500000000
88301  1.657  16.345  45.937 0.3750000000
88305  1.551  16.392  45.122 0.3750000000
87525  1.354  15.432  43.943 0.3750000000
87534  1.183  15.605  43.216 0.3750000000
87535  0.905  15.349  42.641 0.3750000000
87557  -2.100  15.142  40.179 0.2500000000
90487  -0.355  19.406  47.275 0.3750000000
88295  1.894  16.945  46.634 0.3750000000
89015  1.489  17.353  44.589 0.2500000000
89023  0.795  16.846  42.056 0.1250000000
89029  0.602  17.239  41.361 0.1250000000
88335  -0.763  16.079  39.965 0.1250000000
135760  2.190  19.920  50.913 0.3750000000
129878  2.429  19.790  50.554 0.3750000000
90480  2.478  19.189  50.206 0.3750000000
91264  -2.301  20.723  44.428 0.3750000000
89747  2.551  18.532  48.496 0.3750000000
90485  2.548  19.316  47.962 0.3750000000
89004  1.915  17.943  46.091 0.3750000000
140534  1.758  18.812  45.589 0.3750000000
89765  1.228  18.864  43.716 0.1250000000
129024  0.747  17.721  42.119 0.1250000000
91231  2.430  20.104  47.471 0.3750000000
91240  2.146  20.059  46.581 0.3750000000
90492  1.704  19.684  45.459 0.2500000000
92660  2.143  21.686  51.130 0.3750000000
91223  2.294  20.387  50.944 0.3750000000
91224  2.588  20.394  49.931 0.3750000000
91984  2.496  20.903  48.094 0.3750000000
89804  0.247  18.348  40.782 0.1250000000
92661  1.852  22.153  51.242 0.3750000000
92667  2.364  21.984  50.032 0.3750000000
127595  1.881  20.521  46.115 0.2500000000
91985  2.233  21.545  47.453 0.2500000000
122341  1.467  19.978  44.753 0.1250000000
91262  1.312  20.762  44.527 0.1250000000
92055  -1.607  21.638  40.939 0.1250000000
94710  -0.582  25.505  51.574 0.1250000000
92686  2.044  22.329  47.529 0.2500000000
92734  1.334  22.205  44.778 0.1250000000
118784  1.486  22.708  45.366 0.1250000000
122084  -2.900  24.328  39.552 0.1250000000
94739  0.838  26.040  48.170 0.1250000000
94746  1.307  25.573  46.309 0.1250000000
94060  1.432  24.621  46.962 0.1250000000
95479  1.181  26.531  46.258 0.1250000000
95503  0.058  26.754  43.447 0.1250000000
95462  -0.105  26.662  49.493 0.1250000000
95453  -1.259  26.740  50.482 0.1250000000
96114  1.182  28.068  45.638 0.1250000000
95466  -4.031  26.307  48.273 0.1250000000
134522  1.026  27.917  46.181 0.1250000000
96710  1.110  28.798  45.704 0.1250000000
96107  0.211  28.220  46.777 0.1250000000
97950  0.504  30.685  45.846 0.1250000000
48132  -22.389  -25.439  45.310 0.1250000000
48150  -20.968  -25.848  44.737 0.1250000000
48133  -23.236  -25.276  45.095 0.1250000000
48166  -18.125  -25.979  43.891 0.1250000000
48167  -18.986  -26.117  44.138 0.1250000000
48168  -20.420  -26.153  44.216 0.1250000000
130888  -17.711  -26.096  43.066 0.1250000000
48189  -18.842  -26.474  43.136 0.1250000000
54725  -32.061  -19.266  37.905 0.1250000000
54724  -31.619  -19.777  37.369 0.1250000000
55696  -31.631  -19.250  37.275 0.1250000000
54731  -31.148  -19.627  36.776 0.1250000000
54741  -30.536  -19.795  36.168 0.1250000000
53774  -29.688  -20.241  35.165 0.1250000000
55706  -31.829  -18.601  37.601 0.1250000000
55705  -31.294  -18.858  37.017 0.1250000000
55717  -30.717  -19.208  36.428 0.1250000000
135458  -30.061  -19.924  35.629 0.1250000000
54752  -29.606  -19.780  35.183 0.1250000000
54740  -30.121  -19.495  35.815 0.1250000000
55716  -30.207  -18.794  36.029 0.1250000000
54751  -29.089  -19.602  34.631 0.1250000000
56672  -30.853  -18.308  36.664 0.1250000000
55729  -29.601  -19.228  35.339 0.1250000000
56680  -29.595  -18.340  35.531 0.1250000000
55728  -29.018  -18.859  34.811 0.1250000000
55737  -28.521  -19.259  33.994 0.1250000000
56671  -30.303  -17.722  36.139 0.1250000000
57615  -30.559  -16.506  36.058 0.2500000000
56670  -29.634  -17.065  35.473 0.1250000000
56688  -28.459  -18.063  34.262 0.1250000000
139472  -28.418  -19.679  33.691 0.1250000000
120088  -28.879  -17.036  34.756 0.1250000000
57623  -29.333  -16.196  34.941 0.1250000000
137149  -28.377  -16.929  34.156 0.1250000000
56687  -27.928  -17.357  33.538 0.1250000000
57630  -28.804  -16.085  34.361 0.2500000000
58667  -28.287  -16.118  33.542 0.2500000000
57640  -27.717  -16.589  32.897 0.1250000000
58688  -28.182  -15.304  31.821 0.2500000000
68200  -37.547  -7.551  28.116 0.1250000000
69138  -36.729  -6.116  28.075 0.1250000000
68177  -37.482  -6.712  28.451 0.1250000000
70015  -36.278  -4.192  28.640 0.1250000000
71829  -36.430  -2.852  28.900 0.1250000000
122622  -36.412  -2.583  28.249 0.1250000000
122567  -36.860  -1.983  28.189 0.1250000000
69127  -37.909  -6.403  29.148 0.1250000000
69111  -37.555  -5.448  29.488 0.1250000000
70016  -36.835  -4.774  29.097 0.1250000000
69112  -38.258  -6.076  29.850 0.2500000000
69999  -37.949  -5.168  30.187 0.1250000000
69998  -36.596  -3.635  29.247 0.1250000000
70896  -36.141  -3.351  28.423 0.1250000000
54719  -32.035  -19.613  38.621 0.1250000000
53764  -30.773  -20.122  36.454 0.1250000000
126157  -29.049  -17.935  35.028 0.1250000000
69126  -37.149  -5.776  28.784 0.1250000000
69125  -36.395  -5.108  28.379 0.1250000000
128309  0.304  -18.810  35.914 0.1250000000
55722  0.574  -19.070  34.948 0.1250000000
55723  -0.145  -18.783  34.429 0.1250000000
55701  -0.651  -18.454  36.146 0.1250000000
139648  -0.942  -18.382  35.370 0.1250000000
55675  -1.410  -18.437  38.426 0.1250000000
55693  -1.715  -18.428  37.531 0.1250000000
55703  -2.384  -18.381  36.815 0.1250000000
55694  -2.859  -18.319  37.679 0.1250000000
117805  -1.763  -18.351  35.872 0.1250000000
56627  -2.847  -17.296  39.789 0.1250000000
58601  -3.038  -15.284  39.547 0.1250000000
56638  -3.050  -17.784  38.984 0.1250000000
58602  -3.436  -15.594  39.201 0.1250000000
56628  -3.344  -16.996  39.246 0.1250000000
55677  -3.214  -18.063  38.335 0.1250000000
57570  -3.638  -16.355  38.983 0.1250000000
56652  -4.217  -17.252  37.839 0.1250000000
56659  -4.181  -17.791  37.150 0.1250000000
57597  -4.531  -16.347  37.650 0.1250000000
57583  -4.102  -16.415  38.343 0.1250000000
58618  -3.801  -15.524  38.652 0.1250000000
60810  -2.142  -13.744  38.236 0.1250000000
59689  -3.703  -14.226  37.631 0.1250000000
59678  -3.238  -14.772  38.912 0.1250000000
134362  -3.783  -14.709  38.187 0.1250000000
58631  -4.254  -15.488  37.985 0.1250000000
60828  -0.453  -13.511  37.861 0.1250000000
59688  -3.083  -14.048  38.106 0.1250000000
60829  -1.300  -13.539  37.436 0.1250000000
60830  -2.388  -13.658  37.392 0.1250000000
125473  -0.059  -13.456  37.072 0.1250000000
127358  -1.816  -13.531  36.724 0.1250000000
60846  -0.883  -13.448  36.310 0.1250000000
140010  1.960  -9.165  34.547 0.1250000000
65127  1.596  -8.695  33.900 0.1250000000
64139  1.111  -10.068  32.804 0.1250000000
64140  0.188  -10.727  32.504 0.1250000000
65137  0.767  -9.259  32.143 0.1250000000
64153  -0.055  -10.090  31.895 0.1250000000
64141  -0.598  -10.794  32.182 0.1250000000
134594  1.053  -7.980  32.563 0.1250000000
64154  -0.850  -10.124  31.624 0.1250000000
64155  -1.895  -10.596  31.680 0.1250000000
66124  -3.030  -7.482  33.600 0.1250000000
66077  -4.269  -8.456  36.807 0.1250000000
67075  -4.682  -8.240  36.187 0.1250000000
67076  -5.430  -7.678  36.603 0.1250000000
68035  -5.812  -6.926  37.913 0.1250000000
68036  -6.449  -6.434  37.554 0.1250000000
67055  -4.398  -8.109  37.493 0.1250000000
67056  -5.234  -7.622  37.543 0.1250000000
68046  -6.032  -7.108  37.087 0.1250000000
67034  -4.510  -7.534  38.179 0.1250000000
68009  -5.609  -5.918  39.335 0.2500000000
69022  -6.744  -5.320  39.004 0.1250000000
69887  -7.217  -4.660  39.065 0.1250000000
68026  -5.521  -6.495  38.709 0.2500000000
68027  -6.176  -6.359  38.276 0.1250000000
67035  -5.167  -7.127  38.241 0.1250000000
70766  -7.338  -3.328  40.192 0.2500000000
69000  -6.696  -4.831  39.739 0.2500000000
69875  -7.230  -4.117  39.791 0.2500000000
70796  -32.178  -3.633  37.822 0.2500000000
69919  -32.701  -4.268  37.226 0.2500000000
69058  -33.975  -5.015  37.629 0.2500000000
133247  -34.675  -5.204  37.884 0.2500000000
83406  -11.054  10.306  46.004 0.2500000000
120036  -11.526  9.580  46.567 0.2500000000
82620  -12.231  9.792  47.605 0.2500000000
82614  -12.718  9.707  48.771 0.2500000000
82639  -8.376  9.631  45.852 0.2500000000
80119  -40.401  6.413  26.318 0.2500000000
116505  -40.137  6.942  25.588 0.2500000000
82011  -39.748  9.528  22.588 0.1250000000
83407  -11.800  10.449  46.700 0.2500000000
119897  -40.314  9.697  21.632 0.1250000000
82827  -40.861  9.987  22.347 0.1250000000
82020  -40.746  9.659  21.656 0.1250000000
131236  -40.826  8.920  19.788 0.1250000000
84188  -8.687  11.586  46.664 0.2500000000
84189  -9.278  11.549  46.144 0.2500000000
136839  -41.044  9.321  20.904 0.1250000000
119507  -41.231  9.032  20.168 0.1250000000
82043  -41.645  8.850  19.503 0.1250000000
82056  -41.312  8.478  18.438 0.1250000000
82055  -41.283  8.774  19.149 0.1250000000
82067  -42.067  8.701  18.041 0.1250000000
82029  -41.567  8.725  20.435 0.1250000000
82030  -42.007  8.678  19.827 0.1250000000
116429  -41.880  8.956  18.903 0.1250000000
117736  -42.584  8.909  19.364 0.1250000000
82057  -42.526  9.068  18.767 0.1250000000
85032  -9.121  12.258  46.609 0.2500000000
82058  -43.291  9.207  19.036 0.1250000000
116335  -42.940  9.155  18.223 0.1250000000
82069  -43.500  9.216  17.555 0.1250000000
82854  -43.793  9.413  18.521 0.2500000000
82070  -44.152  9.306  16.983 0.1250000000
82864  -44.854  9.675  17.649 0.2500000000
139965  -10.373  13.726  46.484 0.2500000000
82855  -44.740  9.698  18.770 0.2500000000
82873  -44.929  9.511  16.385 0.2500000000
86931  -48.880  14.905  14.682 0.2500000000
86120  -49.130  14.458  15.455 0.2500000000
86948  -49.017  14.652  13.196 0.2500000000
86947  -48.553  15.356  14.044 0.2500000000
86959  -48.712  15.171  12.684 0.2500000000
87805  -48.290  15.590  12.178 0.2500000000
87817  -47.644  16.059  10.703 0.1250000000
87828  -48.074  16.014  9.263 0.1250000000
82865  -45.564  9.998  18.491 0.2500000000
82857  -46.293  10.155  19.345 0.2500000000
82867  -47.064  10.449  19.324 0.2500000000
82874  -45.680  9.951  17.292 0.2500000000
82866  -46.522  10.368  18.271 0.2500000000
86930  -48.488  15.386  15.174 0.2500000000
87788  -48.159  15.763  13.471 0.2500000000
87804  -47.663  16.063  11.753 0.2500000000
127823  -47.535  16.053  9.958 0.1250000000
86645  -10.481  15.269  46.134 0.2500000000
86646  -11.229  14.904  46.057 0.2500000000
86649  -11.706  15.121  45.489 0.2500000000
80932  1.713  7.740  36.793 0.2500000000
83655  -47.582  11.130  17.116 0.1250000000
85300  -48.071  13.803  16.220 0.2500000000
86101  -48.351  14.709  16.038 0.2500000000
134769  -47.752  15.307  15.547 0.2500000000
86102  -48.929  14.568  16.169 0.2500000000
87751  -46.665  15.912  14.396 0.2500000000
132702  -48.086  15.552  15.345 0.2500000000
86908  -48.469  15.159  15.739 0.2500000000
87770  -45.990  16.084  13.434 0.2500000000
125635  -46.938  16.190  13.520 0.2500000000
87753  -48.077  15.782  14.648 0.2500000000
87802  -45.822  16.140  12.083 0.2500000000
87786  -46.810  16.237  12.520 0.1250000000
87787  -47.616  16.100  12.939 0.2500000000
124682  -45.849  16.043  11.026 0.1250000000
87803  -46.755  16.195  11.403 0.1250000000
87826  -45.662  15.832  10.016 0.1250000000
87816  -46.678  16.118  10.424 0.1250000000
87827  -46.794  16.020  9.569 0.1250000000
87512  -8.979  15.882  46.659 0.2500000000
139346  -9.802  15.913  45.830 0.2500000000
87519  -10.592  15.760  44.973 0.2500000000
125788  -11.304  15.470  44.937 0.2500000000
86658  -12.044  15.057  44.582 0.2500000000
87518  -9.717  15.976  45.246 0.2500000000
87523  -9.940  15.811  44.441 0.2500000000
87528  -8.948  15.679  43.334 0.2500000000
87522  -9.024  15.871  44.266 0.2500000000
87530  -10.258  15.272  43.081 0.2500000000
86669  -11.032  15.074  43.314 0.2500000000
139108  -10.968  15.571  44.560 0.2500000000
89025  -6.107  17.184  42.592 0.2500000000
85896  -13.091  13.883  40.748 0.2500000000
86698  -9.691  15.221  41.699 0.2500000000
86699  -10.421  14.836  41.611 0.2500000000
128395  -11.649  14.331  40.333 0.2500000000
87537  -8.535  15.714  42.609 0.2500000000
88320  -7.180  16.274  42.823 0.2500000000
87547  -8.108  15.958  41.778 0.2500000000
87538  -9.441  15.426  42.661 0.2500000000
86684  -10.104  15.122  42.315 0.2500000000
86686  -11.499  14.596  42.627 0.2500000000
88328  -8.249  16.369  40.825 0.2500000000
88327  -7.525  16.556  41.442 0.2500000000
88326  -7.026  17.210  41.229 0.2500000000
88336  -7.704  17.074  40.694 0.2500000000
136548  -8.757  16.466  40.175 0.2500000000
88350  -9.730  16.608  39.498 0.2500000000
89044  -7.323  17.824  40.620 0.2500000000
89059  -8.737  17.551  39.768 0.2500000000
123329  -8.504  18.302  39.898 0.2500000000
89817  -9.135  18.041  39.615 0.2500000000
86713  -10.890  14.550  40.738 0.2500000000
86712  -10.084  15.037  40.768 0.2500000000
87549  -9.301  15.503  41.035 0.2500000000
87560  -9.640  15.587  40.249 0.2500000000
87561  -10.328  15.193  39.967 0.2500000000
87572  -10.021  15.858  39.633 0.2500000000
88351  -10.507  16.293  39.277 0.2500000000
89062  -11.067  16.851  39.116 0.2500000000
89061  -10.235  17.166  39.293 0.2500000000
89043  -6.701  17.947  41.070 0.2500000000
89818  -9.909  18.090  39.510 0.2500000000
125406  -10.867  17.724  39.362 0.2500000000
89806  -7.040  18.579  40.671 0.2500000000
90558  -9.163  18.797  39.864 0.2500000000
90559  -9.968  18.876  39.871 0.2500000000
86726  -11.805  14.545  39.675 0.2500000000
86714  -12.498  14.196  39.973 0.2500000000
87573  -10.780  15.467  39.411 0.2500000000
129431  -12.860  16.155  38.826 0.2500000000
135149  -12.071  15.825  38.857 0.2500000000
89063  -12.204  17.523  39.291 0.2500000000
90546  -6.789  19.181  40.814 0.2500000000
130687  -8.860  19.522  40.324 0.2500000000
89819  -10.737  18.548  39.775 0.2500000000
89820  -11.682  18.152  39.637 0.2500000000
89809  -11.422  18.923  40.261 0.2500000000
86728  -13.804  14.620  39.370 0.2500000000
87575  -12.572  15.271  38.976 0.2500000000
88354  -13.796  16.415  38.963 0.2500000000
89064  -13.070  17.182  39.189 0.2500000000
89821  -12.649  18.011  39.709 0.2500000000
140303  -7.497  20.021  40.778 0.2500000000
89810  -12.261  18.631  40.274 0.2500000000
91314  -9.088  20.074  40.804 0.2500000000
89808  -10.552  19.344  40.415 0.2500000000
88355  -14.688  16.504  39.192 0.2500000000
89065  -14.170  17.183  39.387 0.2500000000
91284  -5.070  20.370  42.203 0.2500000000
91299  -7.527  20.577  41.226 0.2500000000
91300  -8.513  20.611  41.322 0.2500000000
91273  -2.960  20.726  43.873 0.2500000000
92746  -4.220  21.940  43.729 0.2500000000
92023  -4.381  21.384  43.164 0.2500000000
92002  -1.005  21.230  45.910 0.2500000000
91994  -1.142  21.953  46.088 0.2500000000
92013  -2.086  21.343  44.774 0.2500000000
92014  -2.772  21.571  44.374 0.2500000000
92701  -0.878  22.274  46.923 0.2500000000
92702  -1.568  22.497  46.559 0.2500000000
92688  -0.753  22.471  47.742 0.2500000000
92690  -2.185  22.859  47.295 0.2500000000
92703  -2.401  22.635  46.309 0.2500000000
92679  -0.964  22.768  48.711 0.2500000000
93357  -1.707  23.084  49.828 0.2500000000
92689  -1.304  22.708  47.530 0.2500000000
93365  -1.942  22.995  48.474 0.2500000000
61946  -0.815  -13.057  34.708 0.1250000000
60847  -1.848  -13.470  35.936 0.1250000000
82856  -45.559  9.868  19.322 0.2500000000
65136  1.333  -8.793  32.927 0.1250000000
66121  0.350  -7.258  33.067 0.1250000000
66092  -3.663  -8.638  36.417 0.1250000000
139856  -4.149  -8.542  36.279 0.1250000000
69920  -33.349  -4.648  37.447 0.2500000000
69021  -6.115  -5.442  39.613 0.2500000000
70795  -31.593  -3.040  37.482 0.1250000000
82027  -39.830  9.103  21.041 0.1250000000
131463  -49.278  13.904  13.809 0.2500000000
140249  -40.568  9.960  22.161 0.1250000000
82059  -44.284  9.319  19.366 0.2500000000
83478  1.619  10.671  37.015 0.1250000000
87527  -8.096  15.937  43.423 0.2500000000
126489  -6.101  19.995  41.378 0.2500000000
66103  -3.858  -8.539  35.647 0.1250000000
82707  1.866  9.307  37.051 0.1250000000
55660  -2.223  -18.195  39.190 0.1250000000
57569  -3.187  -16.166  39.680 0.1250000000
60809  -1.212  -13.608  38.415 0.1250000000
59683  -2.638  -14.137  38.813 0.1250000000
80136  -39.630  6.580  25.002 0.2500000000
81104  -39.291  8.452  22.664 0.1250000000
55711  -0.229  -18.602  35.239 0.1250000000
123200  -0.831  -18.445  36.998 0.1250000000
55702  -1.459  -18.397  36.678 0.1250000000
118059  -0.719  -18.477  34.763 0.1250000000
55692  -0.607  -18.510  37.705 0.1250000000
55676  -2.455  -18.302  38.387 0.1250000000
120972  -3.398  -18.241  36.986 0.1250000000
55695  -3.671  -17.955  37.813 0.1250000000
56639  -3.681  -17.325  38.563 0.1250000000
64138  1.521  -9.594  33.384 0.1250000000
65147  0.076  -9.067  31.522 0.1250000000
66133  0.613  -7.834  31.986 0.1250000000
67137  -3.432  -7.068  33.064 0.1250000000
119794  -4.879  -8.167  36.975 0.1250000000
69039  -6.799  -5.775  38.156 0.1250000000
69038  -6.181  -5.931  38.885 0.2500000000
82028  -40.659  9.369  20.801 0.1250000000
134250  -44.175  9.521  17.915 0.1250000000
87771  -47.503  16.041  14.076 0.2500000000
133892  -48.522  15.482  10.865 0.1250000000
86929  -46.529  15.279  14.985 0.2500000000
87815  -44.903  15.762  10.882 0.1250000000
87839  -45.985  15.804  9.040 0.1250000000
135614  -11.571  14.262  41.088 0.2500000000
90548  -8.300  19.118  40.183 0.2500000000
88353  -12.019  16.713  38.944 0.2500000000
92004  -2.241  21.946  45.008 0.2500000000
53569  -29.334  -20.552  48.515 0.1250000000
54579  -30.145  -20.221  48.097 0.1250000000
59818  -29.429  -14.836  28.371 0.1250000000
59883  -34.398  -14.480  25.187 0.1250000000
70832  -34.475  -3.602  34.350 0.1250000000
70856  -32.475  -3.249  32.978 0.1250000000
70857  -33.338  -2.998  33.092 0.1250000000
117499  -34.130  -2.652  33.258 0.1250000000
118494  -32.856  -2.613  32.452 0.1250000000
72686  -34.388  -1.338  32.646 0.1250000000
71788  -32.366  -2.310  31.803 0.1250000000
72700  -32.626  -1.529  31.392 0.1250000000
72701  -33.358  -1.061  31.662 0.1250000000
73559  -33.683  -0.136  31.651 0.1250000000
72699  -31.782  -2.031  31.123 0.1250000000
73574  -32.887  -0.598  31.167 0.1250000000
74438  -33.706  0.731  31.494 0.1250000000
75507  -34.162  1.391  31.738 0.1250000000
72717  -31.399  -1.424  30.484 0.1250000000
72718  -32.143  -1.064  30.798 0.1250000000
73588  -32.379  -0.084  30.602 0.1250000000
74455  -33.111  0.348  31.021 0.1250000000
73587  -31.671  -0.507  30.228 0.1250000000
74473  -32.597  0.801  30.401 0.1250000000
74474  -33.389  1.250  30.915 0.1250000000
72733  -30.990  -0.936  29.861 0.1250000000
73600  -31.192  0.030  29.656 0.1250000000
74472  -31.867  0.418  30.021 0.1250000000
75542  -32.789  1.449  30.147 0.1250000000
73599  -30.498  -0.397  29.316 0.1250000000
74489  -31.416  0.850  29.415 0.1250000000
74490  -32.103  1.133  29.773 0.1250000000
75560  -32.474  1.616  29.388 0.1250000000
74488  -30.733  0.543  29.073 0.1250000000
75559  -31.746  1.392  29.081 0.1250000000
70846  -33.828  -3.354  33.721 0.1250000000
70863  -31.235  -2.993  32.163 0.1250000000
70844  -32.115  -3.737  33.497 0.1250000000
71787  -30.948  -2.595  31.385 0.1250000000
71774  -32.028  -2.915  32.313 0.1250000000
129308  -31.672  -2.603  31.739 0.1250000000
75543  -33.411  1.846  30.423 0.1250000000
75524  -33.884  1.904  31.144 0.1250000000
76469  -33.946  2.272  30.568 0.1250000000
76470  -34.593  2.599  30.666 0.1250000000
75561  -33.106  1.874  29.701 0.1250000000
76482  -33.656  2.190  29.846 0.1250000000
74502  -30.331  0.947  28.431 0.1250000000
74503  -31.045  1.183  28.760 0.1250000000
75574  -31.482  1.520  28.299 0.1250000000
140896  -33.478  2.050  29.351 0.1250000000
137954  -33.619  -4.611  35.390 0.1250000000
69936  -34.687  -4.879  36.450 0.1250000000
69946  -34.759  -4.447  35.613 0.1250000000
69957  -33.189  -4.488  34.926 0.1250000000
69958  -34.058  -4.365  35.026 0.1250000000
69964  -32.480  -4.018  34.009 0.1250000000
70845  -32.968  -3.696  33.668 0.1250000000
70831  -33.562  -3.997  34.314 0.1250000000
70855  -31.647  -3.359  32.852 0.1250000000
76471  -35.334  2.912  30.744 0.1250000000
76484  -35.144  2.669  29.924 0.1250000000
74516  -30.015  1.253  27.737 0.1250000000
75573  -30.749  1.385  28.066 0.1250000000
119860  -32.981  1.725  27.814 0.1250000000
76501  -34.080  2.189  28.973 0.1250000000
75585  -31.242  1.535  27.612 0.1250000000
75586  -32.061  1.596  27.518 0.1250000000
75576  -33.856  1.874  28.011 0.1250000000
75597  -31.433  1.451  26.756 0.1250000000
133898  -32.253  1.439  26.635 0.1250000000
75587  -33.707  1.658  27.083 0.1250000000
116291  -32.058  1.225  25.959 0.1250000000
116978  -32.804  1.293  26.059 0.1250000000
75607  -32.613  1.069  25.324 0.1250000000
69067  -34.945  -5.107  37.147 0.1250000000
69066  -33.798  -4.915  36.686 0.1250000000
69937  -35.491  -4.793  36.831 0.1250000000
70829  -30.583  -3.381  34.035 0.1250000000
70830  -31.182  -3.792  34.477 0.1250000000
69944  -32.505  -4.490  35.373 0.1250000000
69945  -33.251  -4.727  35.835 0.1250000000
70842  -30.560  -3.313  33.296 0.1250000000
70843  -31.265  -3.617  33.541 0.1250000000
69955  -31.868  -4.020  34.158 0.1250000000
69956  -32.460  -4.279  34.593 0.1250000000
70854  -30.859  -3.276  32.724 0.1250000000
76457  -35.543  3.020  31.453 0.1250000000
116374  -35.974  2.952  29.984 0.1250000000
76458  -36.111  3.161  30.858 0.1250000000
118055  -34.919  2.426  29.141 0.1250000000
117684  -35.758  2.615  29.160 0.1250000000
75588  -34.538  1.814  27.261 0.1250000000
76513  -34.679  2.049  28.105 0.1250000000
75599  -33.573  1.440  26.186 0.1250000000
75600  -34.395  1.629  26.359 0.1250000000
80851  -12.772  6.936  43.967 0.1250000000
120117  -12.550  7.347  42.444 0.1250000000
69935  -33.124  -4.673  36.658 0.1250000000
70815  -31.207  -3.686  35.495 0.1250000000
69934  -32.560  -4.467  36.285 0.1250000000
76485  -36.642  2.869  29.210 0.1250000000
77395  -36.903  3.241  30.113 0.1250000000
76503  -36.360  2.570  28.411 0.1250000000
76514  -35.330  2.043  27.442 0.1250000000
76502  -35.433  2.308  28.347 0.1250000000
75589  -35.177  1.862  26.592 0.1250000000
75609  -34.217  1.492  25.359 0.1250000000
74553  -32.442  0.852  24.590 0.1250000000
117429  -33.692  1.285  24.612 0.1250000000
74566  -32.259  0.655  23.820 0.1250000000
80821  -14.546  7.598  46.508 0.1250000000
81756  -14.742  8.459  45.366 0.1250000000
81773  -13.650  8.218  43.629 0.1250000000
80842  -13.319  7.565  44.221 0.1250000000
80859  -13.019  7.996  42.513 0.1250000000
80852  -13.036  7.600  43.273 0.1250000000
80868  -12.307  7.436  41.652 0.1250000000
124032  -11.482  6.875  39.642 0.1250000000
80894  -11.793  8.049  39.445 0.1250000000
117556  -11.425  6.942  38.842 0.1250000000
70805  -32.029  -3.888  36.919 0.1250000000
69933  -31.887  -4.156  35.898 0.1250000000
76486  -37.183  2.874  28.453 0.1250000000
77404  -38.235  3.610  29.309 0.1250000000
118458  -36.126  2.336  27.598 0.1250000000
124271  -36.902  2.638  27.724 0.1250000000
136838  -37.502  2.976  27.817 0.1250000000
76515  -36.686  2.500  26.931 0.1250000000
76516  -37.351  2.884  27.154 0.1250000000
75619  -34.951  1.791  24.826 0.1250000000
76527  -35.685  2.051  26.037 0.1250000000
74554  -33.101  0.992  23.969 0.1250000000
75618  -34.356  1.546  24.488 0.1250000000
75624  -34.021  1.405  23.712 0.1250000000
81745  -14.954  8.245  46.127 0.1250000000
80822  -15.253  7.939  46.896 0.1250000000
81764  -14.531  8.596  44.644 0.1250000000
124287  -14.307  8.687  43.876 0.1250000000
81763  -13.909  8.165  44.449 0.1250000000
118233  -13.434  8.266  42.913 0.1250000000
81789  -12.718  8.040  41.811 0.1250000000
81797  -12.265  8.534  40.056 0.1250000000
81798  -12.961  9.290  40.210 0.1250000000
81808  -12.024  8.675  39.026 0.1250000000
81819  -11.636  7.880  38.597 0.1250000000
79123  -1.292  5.752  35.843 0.1250000000
77430  -37.969  3.292  27.407 0.1250000000
77431  -38.658  3.759  27.661 0.1250000000
135255  -39.591  4.485  28.450 0.1250000000
76522  -37.166  2.840  26.398 0.1250000000
77433  -37.759  3.246  26.652 0.1250000000
76533  -35.721  2.204  25.157 0.1250000000
76528  -37.075  2.979  25.619 0.1250000000
75625  -34.833  1.793  23.957 0.1250000000
74577  -31.871  0.257  22.199 0.1250000000
75634  -34.070  1.360  22.848 0.1250000000
74588  -31.640  0.125  21.397 0.1250000000
74589  -32.454  0.358  21.502 0.1250000000
74578  -32.775  0.622  22.367 0.1250000000
84162  -14.666  11.524  50.331 0.1250000000
137193  -13.985  11.622  49.844 0.1250000000
84177  -13.105  11.426  48.209 0.1250000000
83398  -12.449  10.842  47.444 0.1250000000
82630  -16.260  8.959  45.929 0.1250000000
81748  -17.375  8.818  47.005 0.1250000000
122170  -15.439  8.751  45.661 0.1250000000
83405  -9.616  10.875  45.733 0.1250000000
128120  -10.497  10.967  45.841 0.1250000000
82653  -14.772  9.230  43.409 0.1250000000
82647  -14.946  9.059  44.165 0.1250000000
84190  -9.985  11.498  45.912 0.1250000000
81774  -14.024  8.840  42.967 0.1250000000
82661  -14.061  9.207  42.181 0.1250000000
81790  -12.954  8.735  41.071 0.1250000000
82689  -13.170  9.823  39.579 0.1250000000
136852  -12.843  9.779  38.921 0.1250000000
83460  -13.434  10.332  38.866 0.1250000000
83494  -14.117  10.927  36.543 0.1250000000
80019  0.764  6.419  36.303 0.1250000000
79122  -0.204  6.043  36.072 0.1250000000
82723  -13.945  10.333  35.965 0.1250000000
80030  0.041  6.781  36.003 0.1250000000
78304  -39.102  4.200  26.989 0.1250000000
78305  -39.333  4.306  27.817 0.1250000000
78306  -39.929  4.814  27.964 0.1250000000
122334  -37.547  3.213  26.046 0.1250000000
122235  -38.420  3.686  26.803 0.1250000000
77442  -36.616  3.087  24.166 0.1250000000
76534  -36.486  2.758  24.998 0.1250000000
122944  -35.464  2.256  23.331 0.1250000000
76543  -35.396  2.120  24.299 0.1250000000
75647  -33.709  1.115  22.083 0.1250000000
75635  -34.683  1.705  23.126 0.1250000000
74590  -33.142  0.690  21.556 0.1250000000
85006  -15.236  12.436  49.981 0.1250000000
82615  -19.686  9.157  48.727 0.1250000000
81731  -19.496  9.205  49.298 0.1250000000
85005  -14.671  12.255  49.878 0.1250000000
81730  -19.153  8.701  49.062 0.1250000000
118471  -13.862  12.547  48.615 0.1250000000
84184  -13.328  12.252  48.054 0.1250000000
82631  -17.088  9.092  46.249 0.1250000000
83408  -11.991  11.212  46.765 0.1250000000
85022  -12.990  12.617  47.353 0.1250000000
82642  -15.942  9.210  45.129 0.1250000000
82643  -16.901  9.425  45.336 0.1250000000
84192  -11.731  11.931  46.516 0.1250000000
82655  -15.981  9.726  43.773 0.1250000000
82649  -16.395  9.603  44.489 0.1250000000
84191  -10.770  11.893  46.138 0.1250000000
82663  -15.462  9.750  43.033 0.1250000000
83420  -16.673  9.916  43.863 0.1250000000
82672  -14.583  9.742  41.701 0.1250000000
82673  -15.213  9.878  42.249 0.1250000000
83430  -15.916  10.191  42.315 0.1250000000
83440  -14.862  10.317  40.864 0.1250000000
83441  -15.438  10.233  41.620 0.1250000000
83452  -13.848  10.293  39.730 0.1250000000
83471  -13.936  10.827  38.455 0.1250000000
121440  -14.276  11.201  37.153 0.1250000000
83495  -14.841  11.480  36.676 0.1250000000
80029  0.911  7.234  36.166 0.1250000000
78313  -39.705  4.761  27.221 0.1250000000
78311  -38.771  4.255  26.045 0.1250000000
78312  -39.429  4.793  26.413 0.1250000000
80137  -39.762  5.879  25.721 0.1250000000
77438  -37.605  3.506  25.435 0.1250000000
78342  -38.188  5.002  23.563 0.1250000000
119598  -38.710  5.618  24.148 0.1250000000
79212  -39.248  5.740  24.934 0.1250000000
76544  -36.231  2.883  23.443 0.1250000000
75648  -34.404  1.490  21.473 0.1250000000
130900  -34.488  1.583  22.330 0.1250000000
77480  -37.204  4.031  21.726 0.1250000000
74606  -33.009  0.509  20.821 0.1250000000
75664  -33.725  0.988  21.059 0.1250000000
75649  -34.997  1.905  21.905 0.1250000000
118321  -36.777  3.717  20.970 0.1250000000
75682  -33.580  0.828  20.051 0.1250000000
137897  -17.664  12.012  50.011 0.1250000000
83378  -17.532  11.285  50.250 0.1250000000
85001  -16.254  12.337  50.084 0.1250000000
82602  -19.200  9.977  49.857 0.1250000000
85014  -15.693  12.892  49.639 0.1250000000
127036  -15.831  12.503  50.034 0.1250000000
82623  -20.957  10.153  48.667 0.1250000000
83392  -20.636  10.427  49.108 0.1250000000
85792  -14.734  13.216  48.525 0.1250000000
82622  -20.328  9.600  48.317 0.1250000000
85809  -14.255  13.287  47.884 0.1250000000
83409  -19.373  9.784  45.984 0.1250000000
82633  -18.954  9.378  46.782 0.1250000000
117844  -19.282  10.071  45.134 0.1250000000
83416  -18.605  9.895  45.225 0.1250000000
138346  -18.694  10.367  43.870 0.1250000000
83421  -18.812  10.206  44.450 0.1250000000
85035  -12.376  12.711  46.771 0.1250000000
83426  -17.254  10.213  43.529 0.1250000000
82650  -17.310  9.891  44.435 0.1250000000
119544  -9.852  12.185  46.229 0.1250000000
85034  -11.481  12.859  46.454 0.1250000000
83431  -16.634  10.399  42.314 0.1250000000
83432  -17.198  10.452  42.739 0.1250000000
84223  -16.993  10.915  41.202 0.1250000000
83453  -15.474  10.801  40.299 0.1250000000
134119  -15.706  10.571  40.998 0.1250000000
84246  -15.207  11.147  39.364 0.1250000000
83461  -14.270  10.764  39.166 0.1250000000
84273  -14.766  11.451  37.637 0.1250000000
84287  -15.746  11.683  36.458 0.1250000000
79184  -40.291  5.279  27.477 0.1250000000
77439  -38.170  4.086  25.335 0.1250000000
119097  -37.184  3.647  24.018 0.1250000000
77444  -38.292  4.650  24.514 0.1250000000
76559  -36.002  2.754  22.670 0.1250000000
77470  -36.604  3.273  22.766 0.1250000000
78329  -37.721  4.268  23.837 0.1250000000
117908  -44.931  -1.771  26.351 0.1250000000
71868  -45.337  -2.126  25.660 0.1250000000
121666  -35.488  2.311  22.329 0.1250000000
138835  -36.317  3.007  22.287 0.1250000000
78341  -37.739  4.515  23.123 0.1250000000
72770  -48.482  -1.311  24.961 0.1250000000
73647  -48.731  -0.382  25.367 0.1250000000
75691  -33.593  0.919  19.126 0.1250000000
77471  -37.508  4.325  22.460 0.1250000000
74555  -49.299  0.190  24.807 0.1250000000
139949  -33.112  0.565  19.473 0.1250000000
73650  -49.846  0.029  24.108 0.1250000000
75668  -45.968  1.250  20.822 0.1250000000
74594  -44.970  0.996  20.984 0.1250000000
128317  -18.615  12.890  49.421 0.1250000000
84166  -18.554  11.538  49.942 0.1250000000
84175  -19.636  11.690  49.609 0.1250000000
83386  -20.167  10.792  49.509 0.1250000000
85015  -18.175  13.301  48.984 0.1250000000
85794  -16.352  13.232  49.052 0.1250000000
85795  -17.283  13.216  49.177 0.1250000000
83411  -22.139  10.624  46.779 0.1250000000
85793  -15.438  13.244  48.788 0.1250000000
85810  -15.071  13.461  47.759 0.1250000000
83422  -19.684  10.319  44.616 0.1250000000
83423  -20.690  10.426  44.875 0.1250000000
83418  -21.752  10.542  45.586 0.1250000000
85808  -13.732  13.324  47.227 0.1250000000
83427  -18.593  10.502  43.360 0.1250000000
85036  -13.089  13.203  47.011 0.1250000000
83434  -19.193  10.752  42.889 0.1250000000
85033  -10.568  12.914  46.335 0.1250000000
85824  -12.371  13.694  46.425 0.1250000000
133592  -18.099  10.938  41.975 0.1250000000
84224  -17.718  11.099  41.289 0.1250000000
83454  -16.370  10.937  40.629 0.1250000000
84247  -15.992  11.160  39.873 0.1250000000
84261  -16.342  11.680  38.209 0.1250000000
117008  -17.325  11.646  38.147 0.1250000000
84260  -15.421  11.527  38.381 0.1250000000
84275  -16.667  11.727  37.160 0.1250000000
84288  -16.599  11.560  36.123 0.1250000000
78319  -38.663  4.627  25.267 0.1250000000
78320  -39.220  5.057  25.600 0.1250000000
138341  -39.614  5.260  26.079 0.1250000000
79200  -38.841  5.117  24.875 0.1250000000
73630  -45.585  -0.535  27.660 0.1250000000
73631  -46.416  -0.320  27.435 0.1250000000
77457  -37.248  3.856  23.157 0.1250000000
73639  -45.067  -1.262  27.089 0.1250000000
72762  -46.519  -1.462  26.378 0.1250000000
126138  -35.976  2.724  21.825 0.1250000000
77479  -36.630  3.352  21.853 0.1250000000
73640  -46.064  -1.101  27.041 0.1250000000
72763  -47.288  -1.235  26.203 0.1250000000
73646  -48.051  -0.931  25.868 0.1250000000
74541  -49.122  0.778  24.877 0.1250000000
75683  -34.207  1.360  19.435 0.1250000000
76583  -35.626  2.453  20.998 0.1250000000
76584  -36.210  3.043  20.997 0.1250000000
75612  -49.168  1.337  24.549 0.1250000000
76594  -34.809  1.813  19.647 0.1250000000
75654  -44.450  1.310  21.737 0.1250000000
74592  -42.843  0.735  21.186 0.1250000000
74593  -43.924  0.848  21.097 0.1250000000
74610  -43.399  0.504  20.442 0.1250000000
85017  -20.034  12.710  48.964 0.1250000000
85009  -20.312  12.093  49.200 0.1250000000
135796  -17.785  13.540  48.055 0.1250000000
85829  -16.840  13.525  47.533 0.1250000000
85846  -17.195  13.607  45.434 0.1250000000
116753  -19.308  10.496  43.774 0.1250000000
84208  -20.844  10.694  43.972 0.1250000000
84201  -21.585  10.677  44.627 0.1250000000
85826  -14.264  13.523  47.039 0.1250000000
84207  -20.144  10.799  43.231 0.1250000000
125801  -21.131  10.967  43.271 0.1250000000
85825  -13.432  13.764  46.530 0.1250000000
84215  -19.807  11.056  42.270 0.1250000000
84217  -21.644  11.269  42.669 0.1250000000
85841  -12.832  14.338  45.955 0.1250000000
84214  -18.915  11.024  42.106 0.1250000000
84227  -20.464  11.320  41.499 0.1250000000
85840  -11.999  14.560  46.020 0.1250000000
84225  -18.560  11.215  41.362 0.1250000000
84226  -19.444  11.256  41.453 0.1250000000
84237  -18.154  11.354  40.609 0.1250000000
84238  -19.040  11.374  40.699 0.1250000000
128548  -19.887  11.392  40.755 0.1250000000
123949  -16.739  11.352  39.864 0.1250000000
123469  -17.645  11.460  39.825 0.1250000000
84249  -18.705  11.464  39.806 0.1250000000
119411  -16.118  11.477  39.143 0.1250000000
84248  -17.017  11.576  39.042 0.1250000000
84276  -17.793  11.601  37.356 0.1250000000
84289  -17.531  11.532  36.512 0.1250000000
84300  -17.504  11.323  35.530 0.1250000000
80155  -39.234  6.439  24.340 0.1250000000
80154  -38.902  6.496  23.607 0.1250000000
79217  -38.480  5.836  23.189 0.1250000000
79231  -38.415  6.165  22.246 0.1250000000
75667  -40.898  0.975  20.901 0.1250000000
74591  -41.738  0.775  21.137 0.1250000000
74607  -40.733  0.678  20.024 0.1250000000
74634  -41.059  0.150  19.492 0.1250000000
75684  -40.397  1.189  19.529 0.1250000000
84185  -22.173  11.309  48.192 0.1250000000
84203  -23.258  11.331  45.085 0.1250000000
140111  -15.660  13.573  45.359 0.1250000000
136015  -21.549  10.869  43.918 0.1250000000
85855  -15.174  13.627  44.865 0.1250000000
85827  -15.030  13.614  46.666 0.1250000000
85843  -14.269  13.784  46.164 0.1250000000
117512  -21.291  11.377  41.911 0.1250000000
86659  -12.730  14.705  44.658 0.1250000000
117952  -20.644  11.465  40.652 0.1250000000
137131  -19.498  11.438  40.164 0.1250000000
117787  -18.972  11.536  38.842 0.1250000000
116752  -18.336  11.581  38.120 0.1250000000
118098  -18.746  11.534  37.360 0.1250000000
121747  -39.562  7.138  24.509 0.1250000000
81079  -39.904  7.506  24.967 0.1250000000
81095  -39.442  8.260  23.552 0.1250000000
80168  -38.692  6.615  22.915 0.1250000000
75666  -40.524  1.422  20.405 0.1250000000
76596  -40.420  2.035  19.828 0.1250000000
76603  -40.372  1.876  18.980 0.1250000000
76611  -40.406  1.733  18.093 0.1250000000
76612  -40.930  2.432  17.532 0.1250000000
77518  -42.282  3.227  17.016 0.1250000000
79317  -44.850  5.180  13.919 0.1250000000
79323  -45.764  5.288  12.847 0.1250000000
85796  -19.858  13.162  48.501 0.1250000000
85814  -20.629  13.242  48.129 0.1250000000
85797  -20.557  12.848  48.597 0.1250000000
138217  -19.116  13.586  47.564 0.1250000000
85833  -22.478  13.253  47.586 0.1250000000
117784  -17.796  13.651  46.232 0.1250000000
84194  -23.366  11.910  47.171 0.1250000000
85845  -16.349  13.552  45.444 0.1250000000
84198  -23.887  12.087  46.570 0.1250000000
84210  -22.990  11.381  44.042 0.1250000000
116256  -13.804  14.076  44.053 0.1250000000
84228  -22.226  11.601  41.955 0.1250000000
86671  -12.644  14.539  43.791 0.1250000000
86672  -13.258  14.391  44.336 0.1250000000
85068  -22.315  11.857  41.084 0.1250000000
126640  -21.140  11.669  39.961 0.1250000000
125098  -20.215  11.490  40.051 0.1250000000
84251  -20.441  11.601  39.295 0.1250000000
84250  -19.630  11.489  39.470 0.1250000000
120123  -19.878  11.561  38.687 0.1250000000
84262  -19.304  11.574  38.025 0.1250000000
84277  -19.616  11.642  37.233 0.1250000000
116472  -39.320  7.253  23.914 0.1250000000
134995  -41.752  3.157  17.865 0.1250000000
76604  -40.829  2.609  18.411 0.1250000000
77519  -43.059  3.729  16.831 0.1250000000
79308  -44.721  5.224  14.774 0.1250000000
80262  -45.987  6.065  14.064 0.1250000000
79309  -45.348  5.669  14.422 0.1250000000
79319  -46.206  5.853  13.290 0.1250000000
80268  -46.891  6.182  13.000 0.1250000000
80276  -50.058  6.329  11.639 0.1250000000
79331  -50.773  5.859  10.878 0.1250000000
80277  -51.272  6.473  11.416 0.1250000000
85831  -19.368  13.726  47.009 0.1250000000
85849  -20.745  14.207  46.287 0.1250000000
117388  -21.630  13.890  47.177 0.1250000000
139166  -18.685  13.968  44.713 0.1250000000
85848  -19.692  13.983  46.260 0.1250000000
85850  -22.581  14.064  46.936 0.1250000000
85847  -18.130  13.795  45.255 0.1250000000
117395  -18.744  13.787  46.193 0.1250000000
139039  -16.985  13.602  44.266 0.1250000000
85044  -24.293  12.666  46.406 0.1250000000
116748  -16.468  13.577  43.942 0.1250000000
85869  -25.377  13.151  44.261 0.1250000000
85051  -24.013  11.875  44.841 0.1250000000
116749  -15.494  13.593  44.006 0.1250000000
85065  -24.299  12.432  43.324 0.1250000000
85854  -14.526  13.795  44.218 0.1250000000
116747  -14.947  13.632  43.247 0.1250000000
116746  -15.886  13.604  43.134 0.1250000000
85879  -24.870  13.033  42.938 0.1250000000
85064  -23.275  11.926  42.585 0.1250000000
85863  -13.366  14.135  43.563 0.1250000000
85876  -14.349  13.705  42.495 0.1250000000
85076  -23.484  12.655  41.354 0.1250000000
86657  -11.317  15.313  44.170 0.1250000000
86701  -12.023  14.175  41.851 0.1250000000
85874  -12.819  14.000  42.299 0.1250000000
85886  -13.598  13.778  41.718 0.1250000000
85074  -22.047  11.899  40.303 0.1250000000
85885  -12.734  13.925  41.494 0.1250000000
134884  -22.373  12.423  39.897 0.1250000000
85084  -21.829  12.110  39.476 0.1250000000
84264  -20.985  12.103  38.251 0.1250000000
81173  -47.112  6.895  15.105 0.1250000000
80263  -46.667  6.387  13.745 0.1250000000
81185  -48.629  7.634  13.711 0.1250000000
80265  -48.113  7.001  13.233 0.1250000000
80274  -48.045  6.025  12.106 0.1250000000
81186  -49.484  8.015  13.439 0.1250000000
80270  -48.494  6.630  12.546 0.1250000000
82114  -50.488  8.309  13.158 0.1250000000
82109  -51.900  9.194  13.052 0.1250000000
81195  -51.086  7.699  12.555 0.1250000000
81197  -51.765  7.148  11.877 0.1250000000
117115  -20.451  14.413  45.219 0.1250000000
85858  -21.649  14.589  45.957 0.1250000000
86674  -19.421  14.368  43.741 0.1250000000
85868  -19.469  14.191  44.681 0.1250000000
86660  -20.177  14.501  44.258 0.1250000000
85867  -18.740  14.085  44.009 0.1250000000
131552  -17.468  13.829  43.224 0.1250000000
85857  -18.063  13.830  44.287 0.1250000000
85865  -16.869  13.730  43.031 0.1250000000
85053  -25.351  13.619  45.472 0.1250000000
118993  -16.254  13.718  42.311 0.1250000000
132343  -25.918  14.042  44.897 0.1250000000
85888  -15.348  13.758  41.455 0.1250000000
85880  -25.372  13.715  42.525 0.1250000000
137154  -15.318  13.648  42.290 0.1250000000
85901  -23.637  13.274  40.707 0.1250000000
85891  -24.265  13.152  41.792 0.1250000000
85897  -14.055  13.844  40.725 0.1250000000
85075  -22.818  12.420  40.665 0.1250000000
85092  -21.604  12.453  38.720 0.1250000000
85916  -21.354  12.863  37.901 0.1250000000
81162  -47.112  6.805  16.027 0.1250000000
81163  -47.755  7.290  15.752 0.1250000000
81174  -47.764  7.338  14.784 0.1250000000
82106  -49.125  8.378  14.169 0.1250000000
81175  -48.446  7.820  14.484 0.1250000000
82907  -50.137  9.508  13.983 0.1250000000
82908  -51.595  9.865  13.284 0.1250000000
82108  -50.910  9.174  13.440 0.1250000000
86662  -22.287  14.956  45.358 0.1250000000
135638  -22.690  15.160  45.019 0.1250000000
86675  -20.784  14.815  43.753 0.1250000000
86663  -23.623  14.950  45.713 0.1250000000
124824  -20.017  14.610  43.464 0.1250000000
128427  -25.597  15.253  44.927 0.1250000000
86678  -24.644  15.131  45.362 0.1250000000
86690  -19.457  14.559  42.751 0.1250000000
85890  -17.061  13.948  42.130 0.1250000000
86694  -26.323  14.465  43.491 0.1250000000
85889  -16.516  13.991  41.533 0.1250000000
86722  -25.028  14.664  40.866 0.1250000000
85892  -24.683  13.891  41.331 0.1250000000
85898  -14.999  13.904  40.723 0.1250000000
85908  -23.340  13.794  39.839 0.1250000000
86721  -24.130  14.155  40.333 0.1250000000
124143  -22.373  13.818  38.711 0.1250000000
85907  -22.756  13.552  39.375 0.1250000000
82097  -48.976  8.470  15.108 0.1250000000
82098  -49.544  9.225  14.756 0.1250000000
83676  -50.145  10.742  14.178 0.1250000000
82897  -50.645  9.995  13.783 0.1250000000
86693  -22.491  15.476  43.496 0.1250000000
87541  -22.967  15.847  42.916 0.1250000000
86692  -21.363  15.124  43.041 0.1250000000
86676  -21.908  15.130  44.266 0.1250000000
86691  -20.418  14.840  42.801 0.1250000000
86706  -20.062  14.915  41.880 0.1250000000
86680  -26.574  15.288  44.019 0.1250000000
86705  -19.147  14.728  41.642 0.1250000000
86703  -17.332  14.360  41.239 0.1250000000
86707  -25.894  14.552  42.125 0.1250000000
86717  -15.476  14.397  40.042 0.1250000000
86715  -13.497  14.118  39.934 0.1250000000
86731  -23.022  14.273  39.191 0.1250000000
86735  -22.754  14.658  38.602 0.1250000000
86738  -22.240  14.545  38.025 0.1250000000
82887  -49.646  9.943  15.770 0.1250000000
82896  -49.882  10.068  14.623 0.1250000000
84527  -50.549  11.552  13.536 0.1250000000
87540  -21.850  15.537  42.387 0.1250000000
88321  -23.409  16.369  42.636 0.1250000000
121466  -24.089  16.049  43.506 0.1250000000
121380  -21.268  15.897  41.484 0.1250000000
128626  -26.222  15.370  44.420 0.1250000000
87551  -19.749  15.343  40.990 0.1250000000
87539  -20.944  15.158  42.071 0.1250000000
87533  -26.520  16.004  43.994 0.1250000000
86708  -26.650  15.069  43.233 0.1250000000
87563  -17.497  15.562  39.984 0.1250000000
86730  -15.862  15.171  39.589 0.1250000000
86733  -24.425  14.915  40.033 0.1250000000
86716  -14.499  14.291  39.834 0.1250000000
130641  -14.323  15.785  39.015 0.1250000000
133195  -23.388  15.189  38.965 0.1250000000
87589  -23.033  16.373  38.102 0.1250000000
87584  -22.772  15.487  38.174 0.1250000000
88331  -22.865  16.819  41.952 0.1250000000
87553  -22.335  16.108  42.005 0.1250000000
88322  -24.074  16.999  42.606 0.1250000000
88329  -20.819  16.739  40.991 0.1250000000
89026  -24.668  17.852  42.881 0.1250000000
87542  -24.900  16.466  43.568 0.1250000000
87565  -20.427  15.944  40.875 0.1250000000
136896  -26.985  17.473  43.465 0.1250000000
127806  -27.269  16.626  43.081 0.1250000000
89050  -17.333  17.256  40.343 0.1250000000
88339  -17.721  16.536  40.020 0.1250000000
118637  -27.312  17.325  43.163 0.1250000000
127500  -26.607  15.320  42.504 0.1250000000
89049  -16.428  17.387  40.265 0.1250000000
89068  -16.791  16.844  39.840 0.1250000000
88332  -27.231  17.050  42.287 0.1250000000
87567  -26.539  16.315  41.450 0.1250000000
89067  -15.957  17.017  39.725 0.1250000000
87579  -16.320  15.780  39.548 0.1250000000
88343  -25.568  16.194  40.443 0.1250000000
135116  -25.111  15.347  40.431 0.1250000000
88363  -24.696  16.508  39.563 0.1250000000
87581  -24.638  15.666  39.808 0.1250000000
88362  -23.994  16.746  38.949 0.1250000000
88367  -23.476  16.926  38.339 0.1250000000
83668  -47.823  11.787  16.560 0.1250000000
84510  -47.935  12.661  16.278 0.1250000000
86118  -47.099  14.330  15.539 0.1250000000
86946  -45.633  15.600  14.468 0.1250000000
89039  -23.404  17.444  42.217 0.1250000000
89037  -21.508  17.437  41.523 0.1250000000
89036  -20.578  17.475  41.225 0.1250000000
89789  -27.029  18.640  42.907 0.1250000000
89033  -17.741  17.708  41.053 0.1250000000
89054  -26.916  17.905  41.644 0.1250000000
89032  -16.875  17.747  40.987 0.1250000000
123447  -17.253  18.020  41.650 0.1250000000
89070  -25.979  17.814  40.576 0.1250000000
89048  -15.517  17.529  40.193 0.1250000000
89046  -13.626  17.896  39.934 0.1250000000
89075  -24.572  17.351  39.311 0.1250000000
89069  -25.138  17.899  39.764 0.1250000000
89038  -22.535  17.462  41.854 0.1250000000
89802  -23.768  18.252  42.600 0.1250000000
89800  -21.266  18.058  41.844 0.1250000000
89787  -25.538  18.897  43.284 0.1250000000
89799  -20.223  18.046  41.862 0.1250000000
89797  -18.063  18.089  42.039 0.1250000000
90556  -26.195  19.261  41.735 0.1250000000
89796  -16.513  18.141  41.720 0.1250000000
117506  -17.121  18.267  42.388 0.1250000000
89815  -26.275  18.548  41.115 0.1250000000
89824  -25.561  18.361  40.286 0.1250000000
89813  -15.984  17.899  40.962 0.1250000000
116666  -16.260  18.400  42.524 0.1250000000
89822  -24.218  18.918  39.194 0.1250000000
120188  -14.202  18.135  40.551 0.1250000000
89795  -15.562  18.342  41.829 0.1250000000
89811  -13.568  18.472  40.737 0.1250000000
89793  -14.168  18.490  41.225 0.1250000000
90552  -12.848  18.900  41.006 0.1250000000
89801  -22.375  18.077  42.077 0.1250000000
89786  -23.648  18.699  43.133 0.1250000000
128428  -24.960  19.532  43.479 0.1250000000
91292  -24.909  20.706  43.738 0.1250000000
89784  -20.946  18.353  42.742 0.1250000000
90543  -25.808  19.832  42.420 0.1250000000
89798  -19.188  18.084  41.937 0.1250000000
90555  -25.328  19.700  41.214 0.1250000000
90542  -25.073  20.345  41.992 0.1250000000
90566  -24.755  19.366  40.033 0.1250000000
91321  -24.082  20.563  41.418 0.1250000000
89780  -16.871  18.494  43.270 0.1250000000
89778  -14.870  18.677  42.374 0.1250000000
90541  -14.028  18.857  41.995 0.1250000000
90551  -11.976  19.216  40.878 0.1250000000
89785  -22.161  18.455  42.756 0.1250000000
90531  -23.308  19.082  44.041 0.1250000000
140725  -24.013  20.200  44.761 0.1250000000
89773  -21.864  18.709  43.803 0.1250000000
89783  -19.852  18.333  42.864 0.1250000000
91310  -24.769  20.868  42.794 0.1250000000
89771  -19.572  18.594  43.867 0.1250000000
91309  -23.680  21.093  42.248 0.1250000000
89770  -18.574  18.594  43.967 0.1250000000
91320  -22.937  20.618  40.920 0.1250000000
89769  -17.602  18.648  44.105 0.1250000000
91301  -9.410  20.530  41.514 0.1250000000
90529  -15.122  18.821  43.168 0.1250000000
91315  -9.966  20.010  40.963 0.1250000000
90528  -14.297  19.054  42.858 0.1250000000
90537  -10.803  19.885  41.218 0.1250000000
90526  -12.706  19.648  42.336 0.1250000000
90521  -22.844  19.566  44.823 0.1250000000
89772  -20.643  18.620  43.792 0.1250000000
90512  -23.563  20.820  45.090 0.1250000000
89764  -20.394  18.917  44.761 0.1250000000
90522  -24.575  20.941  44.584 0.1250000000
89763  -19.369  18.867  44.812 0.1250000000
91291  -24.406  21.278  43.662 0.1250000000
92047  -6.246  21.173  42.064 0.1250000000
89762  -18.407  18.849  44.916 0.1250000000
89761  -17.436  18.930  45.210 0.1250000000
91290  -23.149  21.575  43.168 0.1250000000
92049  -7.973  21.165  41.903 0.1250000000
90507  -16.321  18.997  45.051 0.1250000000
90496  -15.998  19.185  45.827 0.1250000000
90518  -14.581  19.226  43.695 0.1250000000
90517  -13.749  19.504  43.353 0.1250000000
91303  -11.159  20.243  41.962 0.1250000000
90527  -13.481  19.338  42.566 0.1250000000
91304  -11.954  19.959  42.143 0.1250000000
91288  -12.266  20.102  42.854 0.1250000000
90520  -21.556  19.090  44.794 0.1250000000
90511  -22.324  20.150  45.315 0.1250000000
91270  -22.562  21.102  45.369 0.1250000000
90509  -20.156  19.375  45.465 0.1250000000
91280  -23.918  21.484  44.483 0.1250000000
91279  -23.008  21.491  44.841 0.1250000000
90498  -17.873  19.367  46.281 0.1250000000
117953  -18.338  19.169  45.710 0.1250000000
92048  -7.078  21.203  41.902 0.1250000000
90497  -16.966  19.142  46.101 0.1250000000
92044  -21.873  21.407  42.294 0.1250000000
92031  -22.359  22.254  44.522 0.1250000000
92050  -8.877  21.035  42.076 0.1250000000
90505  -14.824  19.380  44.587 0.1250000000
91268  -15.130  19.405  45.521 0.1250000000
128437  -22.011  21.993  43.361 0.1250000000
91285  -9.737  20.884  42.289 0.1250000000
91266  -13.384  20.058  44.638 0.1250000000
91287  -11.520  20.415  42.715 0.1250000000
91277  -13.221  19.947  43.818 0.1250000000
90510  -21.161  19.615  45.331 0.1250000000
92024  -5.160  21.558  42.843 0.1250000000
91260  -20.962  20.609  45.689 0.1250000000
91269  -21.672  20.418  45.550 0.1250000000
92019  -21.992  22.019  45.205 0.1250000000
92025  -6.975  21.922  43.218 0.1250000000
130790  -19.321  20.378  46.139 0.1250000000
92011  -21.140  21.538  45.636 0.1250000000
92037  -7.478  21.567  42.578 0.1250000000
91257  -17.472  19.611  46.999 0.1250000000
122635  -19.535  22.166  45.925 0.1250000000
92733  -21.022  22.498  45.378 0.1250000000
140342  -9.952  21.146  42.958 0.1250000000
92040  -11.168  20.820  43.381 0.1250000000
92029  -11.628  20.856  44.003 0.1250000000
91265  -12.704  20.351  44.241 0.1250000000
91267  -14.203  19.750  45.215 0.1250000000
91254  -14.746  19.547  46.234 0.1250000000
91256  -16.630  19.339  46.923 0.1250000000
92742  -21.259  22.848  45.073 0.1250000000
92743  -21.560  22.725  44.713 0.1250000000
91286  -10.614  20.749  42.636 0.1250000000
91275  -11.889  20.510  43.389 0.1250000000
92751  -20.934  23.064  44.017 0.1250000000
92748  -5.649  21.943  43.230 0.1250000000
119515  -6.279  22.185  43.770 0.1250000000
117295  -7.833  21.849  43.373 0.1250000000
92749  -8.103  21.999  44.101 0.1250000000
91243  -13.735  19.841  47.205 0.1250000000
91237  -14.963  19.646  49.110 0.1250000000
91238  -16.076  20.406  49.581 0.1250000000
91991  -16.618  21.260  49.393 0.1250000000
137476  -16.521  22.362  48.095 0.1250000000
92038  -8.367  21.483  42.712 0.1250000000
92027  -9.690  21.457  43.574 0.1250000000
132374  -10.224  21.470  44.215 0.1250000000
119147  -14.443  19.547  47.972 0.1250000000
91239  -16.843  20.471  48.799 0.1250000000
92000  -17.740  21.192  47.406 0.1250000000
130080  -16.792  22.597  47.389 0.1250000000
117913  -10.435  21.161  43.471 0.1250000000
92028  -10.944  21.169  44.095 0.1250000000
92008  -12.004  20.863  45.587 0.1250000000
91253  -13.909  19.834  46.196 0.1250000000
91245  -16.285  19.543  47.715 0.1250000000
92729  -17.440  22.691  46.672 0.1250000000
93388  -17.870  24.335  44.498 0.1250000000
92736  -3.666  22.192  44.383 0.1250000000
92720  -4.350  22.570  45.153 0.1250000000
92721  -5.302  22.580  45.194 0.1250000000
92722  -6.727  22.438  45.599 0.1250000000
91974  -12.153  20.768  50.214 0.1250000000
92674  -12.458  21.680  50.684 0.1250000000
133721  -12.990  22.608  50.644 0.1250000000
92737  -4.782  22.338  44.256 0.1250000000
92738  -5.738  22.405  44.464 0.1250000000
92739  -6.564  22.382  44.679 0.1250000000
133984  -7.233  22.322  45.001 0.1250000000
91996  -10.398  21.599  46.626 0.1250000000
121267  -10.957  21.292  47.485 0.1250000000
91980  -11.550  20.828  49.376 0.1250000000
91227  -13.051  20.078  50.032 0.1250000000
91982  -15.123  20.919  50.495 0.1250000000
91976  -14.363  21.246  50.768 0.1250000000
92684  -14.309  22.622  50.155 0.1250000000
116504  -7.281  22.179  44.111 0.1250000000
92710  -9.067  22.030  46.120 0.1250000000
132672  -11.616  20.911  47.332 0.1250000000
91235  -12.945  20.137  47.538 0.1250000000
91229  -12.937  19.961  48.838 0.1250000000
91230  -15.228  20.326  50.051 0.1250000000
91983  -15.927  21.373  49.956 0.1250000000
92015  -8.675  21.957  44.604 0.1250000000
92006  -10.580  21.503  45.671 0.1250000000
91998  -12.170  20.689  46.796 0.1250000000
92698  -15.340  22.663  48.966 0.1250000000
92007  -11.208  21.232  45.427 0.1250000000
131690  -16.769  23.230  46.370 0.1250000000
93378  -17.381  23.625  45.620 0.1250000000
92719  -3.457  22.479  45.279 0.1250000000
116963  -4.915  22.702  46.052 0.1250000000
116744  -5.917  22.599  46.173 0.1250000000
116743  -6.866  22.389  46.761 0.1250000000
92709  -8.298  22.144  46.424 0.1250000000
93354  -13.604  23.154  50.123 0.1250000000
91995  -9.600  21.884  46.799 0.1250000000
91988  -10.066  21.666  47.766 0.1250000000
91973  -11.173  21.225  49.975 0.1250000000
92673  -11.428  21.582  50.547 0.1250000000
134750  -9.387  21.850  48.354 0.1250000000
92683  -9.921  21.704  49.015 0.1250000000
92697  -14.589  23.117  48.946 0.1250000000
93363  -13.938  23.531  49.017 0.1250000000
92691  -3.089  22.853  47.105 0.1250000000
92712  -15.179  23.084  47.625 0.1250000000
92711  -14.416  23.323  47.645 0.1250000000
93366  -2.972  22.983  48.311 0.1250000000
93367  -3.832  22.884  48.033 0.1250000000
92728  -15.979  23.243  46.463 0.1250000000
131117  -3.987  22.972  49.642 0.1250000000
92692  -4.538  22.769  47.704 0.1250000000
92727  -15.091  23.245  46.464 0.1250000000
93345  -1.377  23.422  51.029 0.1250000000
93347  -3.701  23.520  50.854 0.1250000000
123566  -4.511  22.812  48.822 0.1250000000
93360  -5.661  22.812  49.795 0.1250000000
93346  -2.523  23.505  50.819 0.1250000000
93348  -4.611  23.402  50.725 0.1250000000
92681  -6.653  22.410  49.374 0.1250000000
93351  -6.789  22.813  50.374 0.1250000000
93359  -5.002  22.974  50.005 0.1250000000
93361  -6.170  22.837  50.161 0.1250000000
92705  -3.893  22.784  46.920 0.1250000000
92708  -7.653  22.223  46.789 0.1250000000
92666  -11.609  22.378  50.700 0.1250000000
93342  -12.341  22.838  50.701 0.1250000000
93353  -12.921  23.551  50.156 0.1250000000
135312  -4.543  22.743  46.753 0.1250000000
134321  -9.313  21.909  47.594 0.1250000000
94047  -12.669  24.457  49.473 0.1250000000
92706  -5.286  22.677  47.247 0.1250000000
92693  -6.575  22.332  48.160 0.1250000000
116697  -8.085  22.093  47.395 0.1250000000
92665  -10.718  22.362  50.675 0.1250000000
94038  -11.523  23.992  50.551 0.1250000000
130934  -5.810  22.549  48.376 0.1250000000
93369  -13.842  23.633  47.819 0.1250000000
93371  -13.512  23.681  46.582 0.1250000000
135439  -5.129  22.706  48.671 0.1250000000
94031  -1.612  24.608  51.674 0.1250000000
93337  -2.051  23.982  51.437 0.1250000000
94042  -4.278  23.896  51.113 0.1250000000
122770  -6.214  23.325  50.539 0.1250000000
139550  -5.446  23.153  50.400 0.1250000000
92696  -8.625  21.986  48.194 0.1250000000
132323  -8.995  21.984  49.361 0.1250000000
92671  -8.982  22.389  50.379 0.1250000000
92664  -9.812  22.416  50.595 0.1250000000
93340  -9.969  23.281  50.800 0.1250000000
94037  -10.667  24.157  50.690 0.1250000000
92672  -10.567  21.805  50.319 0.1250000000
139389  -11.755  23.202  50.707 0.1250000000
92695  -7.745  22.083  48.426 0.1250000000
132801  -10.449  21.543  49.719 0.1250000000
94046  -12.001  24.581  50.013 0.1250000000
92694  -7.341  22.177  47.661 0.1250000000
93368  -13.417  24.022  48.221 0.1250000000
92682  -8.067  22.121  49.363 0.1250000000
94717  -11.289  24.902  50.184 0.1250000000
116856  -8.312  22.324  50.141 0.1250000000
94729  -12.015  25.453  49.351 0.1250000000
136829  -13.110  24.476  48.636 0.1250000000
94737  -12.562  25.813  48.445 0.1250000000
94059  -13.047  24.744  47.840 0.1250000000
117075  -7.342  23.154  50.757 0.1250000000
94045  -7.803  23.843  50.748 0.1250000000
94714  -8.498  24.215  50.748 0.1250000000
118509  -12.823  25.398  47.334 0.1250000000
94035  -8.442  23.570  50.876 0.1250000000
94036  -9.067  23.871  50.839 0.1250000000
95460  -12.057  26.207  48.744 0.1250000000
94715  -9.041  24.757  50.645 0.1250000000
95470  -12.468  26.508  48.159 0.1250000000
94725  -8.413  24.964  50.349 0.1250000000
117979  -12.788  26.030  47.709 0.1250000000
139810  -9.631  25.210  50.494 0.1250000000
94727  -9.945  25.880  50.159 0.1250000000
95458  -10.273  26.596  49.522 0.1250000000
96092  -10.825  27.120  48.937 0.1250000000
94726  -9.182  25.573  50.216 0.1250000000
95457  -9.462  26.342  49.691 0.1250000000
96091  -10.076  27.234  49.046 0.1250000000
96094  -10.373  27.766  48.635 0.1250000000
96095  -11.380  27.617  48.457 0.1250000000
96698  -11.900  28.069  47.964 0.1250000000
137568  -9.372  27.846  48.133 0.1250000000
72759  -41.545  -2.220  26.890 0.1250000000
118990  -43.263  -1.883  26.795 0.1250000000
137509  -44.180  -1.691  26.760 0.1250000000
83393  -21.351  10.964  48.766 0.1250000000
84180  -21.579  11.851  48.566 0.1250000000
84196  -22.564  10.858  46.141 0.1250000000
85025  -21.289  12.681  48.390 0.1250000000
83417  -20.046  10.114  45.463 0.1250000000
85812  -18.902  13.468  48.203 0.1250000000
136927  -17.522  13.590  47.072 0.1250000000
85828  -15.915  13.551  47.100 0.1250000000
76455  -34.278  2.322  31.193 0.1250000000
79952  -12.109  6.802  41.956 0.1250000000
77417  -38.017  3.348  28.351 0.1250000000
76597  -40.715  2.735  19.294 0.1250000000
79318  -45.511  5.532  13.595 0.1250000000
79966  -11.581  6.693  40.310 0.1250000000
80877  -11.905  7.002  41.070 0.1250000000
81164  -48.396  7.833  15.443 0.1250000000
123224  -13.461  11.162  49.152 0.1250000000
81714  -18.529  8.736  50.064 0.1250000000
85000  -15.522  12.207  50.160 0.1250000000
83380  -19.422  10.746  49.825 0.1250000000
81740  -18.938  8.733  48.282 0.1250000000
81746  -15.716  8.502  46.448 0.1250000000
86664  -24.848  14.460  45.936 0.1250000000
119308  -20.386  9.905  46.340 0.1250000000
82632  -17.949  9.176  46.617 0.1250000000
54571  -30.466  -19.709  48.601 0.1250000000
73641  -46.874  -0.870  26.842 0.1250000000
70816  -34.836  -4.015  34.993 0.1250000000
139069  -34.509  -2.972  33.743 0.1250000000
71775  -33.763  -2.159  32.610 0.1250000000
71789  -33.162  -1.871  31.973 0.1250000000
140836  -33.864  -0.718  31.926 0.1250000000
136185  -5.901  21.569  42.649 0.1250000000
93356  -0.761  22.861  50.275 0.1250000000
123057  -12.875  10.530  48.404 0.1250000000
87752  -47.476  15.742  14.983 0.1250000000
92718  -2.645  22.385  45.484 0.1250000000
93358  -2.818  23.110  49.680 0.1250000000
75575  -32.283  1.670  28.516 0.1250000000
121325  -33.155  1.893  28.828 0.1250000000
75584  -30.615  1.477  27.280 0.1250000000
136380  -34.777  2.249  28.632 0.1250000000
75598  -32.894  1.542  26.881 0.1250000000
75608  -33.343  1.243  25.383 0.1250000000
125442  -34.402  -5.060  37.153 0.1250000000
69943  -31.802  -4.228  34.952 0.1250000000
76520  -35.929  2.160  26.761 0.1250000000
75610  -35.052  1.776  25.718 0.1250000000
81783  -13.424  8.621  42.127 0.1250000000
117143  -12.289  7.899  40.974 0.1250000000
80878  -11.783  7.530  40.136 0.1250000000
70804  -31.403  -3.385  36.537 0.1250000000
76521  -36.430  2.438  25.980 0.1250000000
74579  -33.416  1.010  23.031 0.1250000000
126409  -32.731  0.725  23.236 0.1250000000
82648  -15.621  9.345  44.373 0.1250000000
82671  -13.725  9.282  41.485 0.1250000000
82681  -14.044  9.823  40.934 0.1250000000
139708  -14.178  10.196  40.376 0.1250000000
77434  -38.071  3.623  26.059 0.1250000000
76535  -37.097  3.318  24.812 0.1250000000
124959  -35.983  2.555  24.231 0.1250000000
82645  -18.357  9.563  45.939 0.1250000000
82644  -17.797  9.719  45.245 0.1250000000
83442  -16.338  10.559  41.566 0.1250000000
83485  -14.082  11.068  37.810 0.1250000000
84259  -14.592  11.197  38.478 0.1250000000
140557  -15.188  11.439  35.953 0.1250000000
77456  -36.773  3.343  23.507 0.1250000000
76582  -34.439  1.478  20.423 0.1250000000
75665  -35.039  1.921  21.103 0.1250000000
85007  -17.738  12.867  49.583 0.1250000000
83433  -18.407  10.723  42.649 0.1250000000
83443  -17.259  10.686  41.921 0.1250000000
84274  -15.602  11.713  37.399 0.1250000000
84298  -15.840  11.435  35.661 0.1250000000
77443  -37.675  3.904  24.659 0.1250000000
126794  -37.081  3.735  22.391 0.1250000000
124751  -16.999  13.426  48.466 0.1250000000
84202  -22.496  10.869  45.299 0.1250000000
84299  -16.558  11.318  35.398 0.1250000000
118521  -35.205  2.106  20.271 0.1250000000
76595  -35.355  2.414  19.331 0.1250000000
74609  -42.368  0.418  20.465 0.1250000000
117785  -16.765  13.564  46.408 0.1250000000
84218  -22.618  11.492  43.036 0.1250000000
85842  -13.621  14.097  45.679 0.1250000000
122173  -21.468  11.560  41.027 0.1250000000
117788  -17.984  11.617  38.969 0.1250000000
75693  -40.269  0.955  18.631 0.1250000000
84204  -24.051  11.963  45.872 0.1250000000
79324  -46.483  5.589  12.573 0.1250000000
85862  -12.916  14.150  43.055 0.1250000000
84252  -21.141  11.887  39.031 0.1250000000
80253  -46.527  6.504  14.561 0.1250000000
80264  -47.366  6.690  13.474 0.1250000000
80275  -48.968  6.212  11.838 0.1250000000
80271  -49.483  6.819  12.336 0.1250000000
80272  -50.590  6.958  12.148 0.1250000000
138407  -21.644  14.276  46.629 0.1250000000
85052  -24.680  12.694  45.701 0.1250000000
85900  -22.866  13.029  39.920 0.1250000000
85093  -22.272  12.871  39.204 0.1250000000
80254  -47.187  6.857  14.242 0.1250000000
81184  -47.865  7.262  13.949 0.1250000000
81193  -48.990  7.284  13.008 0.1250000000
81194  -49.976  7.529  12.770 0.1250000000
81196  -52.230  7.889  12.254 0.1250000000
82115  -51.573  8.491  12.882 0.1250000000
86661  -21.131  14.769  44.781 0.1250000000
86689  -18.445  14.279  42.439 0.1250000000
124049  -21.890  13.117  38.508 0.1250000000
82107  -49.929  8.823  13.787 0.1250000000
87531  -24.085  15.678  44.242 0.1250000000
86704  -18.253  14.561  41.398 0.1250000000
87566  -26.015  15.415  41.382 0.1250000000
132782  -24.019  15.245  39.499 0.1250000000
86720  -17.925  14.958  40.582 0.1250000000
122310  -18.347  15.738  40.262 0.1250000000
87562  -16.691  15.321  39.807 0.1250000000
87564  -19.184  15.843  40.518 0.1250000000
87586  -24.028  15.912  39.197 0.1250000000
88342  -20.125  16.471  40.678 0.1250000000
89027  -26.330  18.138  43.366 0.1250000000
89051  -18.243  17.174  40.508 0.1250000000
88344  -26.410  17.062  40.988 0.1250000000
89035  -19.646  17.606  41.115 0.1250000000
90533  -25.707  19.640  43.015 0.1250000000
89782  -18.815  18.378  42.956 0.1250000000
89781  -17.818  18.410  43.123 0.1250000000
90519  -15.542  18.955  44.122 0.1250000000
91255  -15.641  19.329  46.534 0.1250000000
90499  -18.747  19.743  46.190 0.1250000000
91258  -18.531  20.405  46.560 0.1250000000
137039  -13.447  20.100  45.438 0.1250000000
92010  -20.273  21.860  45.778 0.1250000000
92009  -19.288  21.205  46.221 0.1250000000
91246  -17.154  20.048  47.816 0.1250000000
91247  -17.777  20.424  47.302 0.1250000000
92732  -20.112  22.841  45.524 0.1250000000
92716  -18.759  22.017  46.295 0.1250000000
91248  -18.322  21.132  46.778 0.1250000000
91244  -14.522  19.549  47.096 0.1250000000
134812  -15.304  19.402  47.136 0.1250000000
93390  -20.787  23.283  44.668 0.1250000000
92740  -7.910  22.169  44.844 0.1250000000
91242  -12.998  20.326  46.232 0.1250000000
91236  -13.821  19.683  48.502 0.1250000000
118724  -15.549  19.523  48.288 0.1250000000
117161  -14.425  19.767  49.644 0.1250000000
91999  -17.351  20.912  48.094 0.1250000000
91992  -16.897  21.663  48.472 0.1250000000
92713  -15.980  22.915  47.512 0.1250000000
92005  -9.827  21.788  45.880 0.1250000000
92730  -18.220  22.863  46.102 0.1250000000
92707  -6.103  22.517  47.302 0.1250000000
91981  -12.196  20.387  49.159 0.1250000000
91975  -13.279  20.739  50.678 0.1250000000
92723  -7.611  22.281  45.829 0.1250000000
91997  -11.282  21.201  46.384 0.1250000000
91990  -12.209  20.477  47.941 0.1250000000
118297  -10.788  21.261  48.795 0.1250000000
92685  -15.162  22.034  50.192 0.1250000000
96090  -9.657  26.904  49.214 0.1250000000
43939  -3.108  -29.174  55.072 0.1250000000
45036  -4.632  -28.624  53.298 0.1250000000
46008  -1.728  -27.323  55.653 0.1250000000
46011  -3.854  -26.587  55.419 0.3750000000
46956  -1.071  -26.254  54.500 0.1250000000
46957  -1.461  -26.496  54.803 0.1250000000
46958  -2.102  -26.600  55.381 0.3750000000
46962  -4.665  -25.642  54.738 0.3750000000
46965  -5.250  -25.507  54.424 0.3750000000
46967  -5.608  -26.441  54.253 0.2500000000
47035  -19.720  -26.358  43.763 0.1250000000
48040  -1.753  -25.711  54.763 0.3750000000
48041  -2.981  -25.705  55.017 0.3750000000
48043  -4.108  -25.335  54.772 0.3750000000
48053  -7.883  -24.936  52.880 0.3750000000
48115  -19.368  -25.506  46.078 0.2500000000
48129  -19.734  -25.726  45.283 0.2500000000
49249  -6.395  -24.517  53.822 0.2500000000
49274  -14.336  -24.038  49.641 0.5000000000
49283  -17.681  -23.771  49.102 0.5000000000
49288  -16.264  -24.311  49.273 0.5000000000
49300  -20.734  -24.432  47.675 0.5000000000
49321  -22.980  -25.065  46.012 0.2500000000
50384  -3.905  -23.896  54.502 0.3750000000
50386  -0.440  -23.656  54.291 0.5000000000
50389  -4.403  -23.315  54.361 0.3750000000
50390  -5.152  -23.318  54.078 0.5000000000
50396  -7.753  -23.196  53.204 0.3750000000
50439  -23.445  -23.877  47.478 0.3750000000
50441  -25.856  -23.112  47.296 0.1250000000
51390  -2.404  -23.276  54.634 0.5000000000
51391  -3.065  -23.333  54.626 0.5000000000
51392  -3.726  -23.357  54.538 0.3750000000
51395  -2.857  -22.939  54.673 0.6250000000
51396  -3.590  -22.913  54.613 0.3750000000
51398  -5.032  -22.668  54.294 0.5000000000
51400  -6.434  -22.776  53.742 0.5000000000
51403  -1.815  -22.472  54.546 0.5000000000
51406  -6.963  -22.773  53.572 0.3750000000
51407  -7.443  -22.851  53.358 0.3750000000
51426  -14.164  -23.179  49.648 0.6250000000
51434  -15.499  -22.934  49.715 0.6250000000
51436  -17.362  -22.799  49.156 0.6250000000
51449  -22.055  -22.463  47.733 0.5000000000
51450  -22.986  -22.533  47.684 0.5000000000
51451  -24.609  -22.857  47.739 0.3750000000
51457  -25.282  -22.965  47.625 0.2500000000
52439  -4.747  -21.562  54.201 0.5000000000
52440  -5.335  -21.981  54.254 0.5000000000
52448  -3.517  -21.270  53.810 0.7500000000
52449  -4.859  -21.028  53.725 0.7500000000
52452  -6.718  -21.840  53.526 0.5000000000
52453  -7.575  -22.041  52.979 0.5000000000
52456  -0.071  -21.251  52.690 0.7500000000
52462  -6.267  -21.091  53.252 0.7500000000
52465  -8.091  -22.175  51.922 0.5000000000
52495  -19.349  -21.912  48.113 0.6250000000
52496  -20.676  -22.074  47.998 0.5000000000
52502  -26.373  -21.984  48.011 0.2500000000
52518  -22.244  -21.497  47.613 0.5000000000
52530  -13.569  -21.364  46.360 0.7500000000
52546  -17.941  -20.818  45.624 0.7500000000
53526  -1.065  -20.788  50.772 0.8750000000
53565  -25.679  -20.603  48.335 0.5000000000
53567  -27.378  -20.737  48.560 0.2500000000
53587  -28.867  -21.019  48.054 0.1250000000
53599  -6.159  -20.153  46.279 0.8750000000
53603  -10.358  -20.601  46.342 0.8750000000
53624  -11.350  -20.714  45.264 0.8750000000
53640  -12.404  -20.840  44.292 0.7500000000
53676  -13.820  -20.670  42.607 0.7500000000
53699  -16.958  -20.035  41.749 0.7500000000
54570  -29.725  -20.189  48.854 0.1250000000
54583  -1.337  -19.181  46.853 0.8750000000
54595  -2.376  -19.124  45.668 0.8750000000
54603  -23.273  -18.714  45.895 0.7500000000
54648  -5.983  -19.200  42.866 0.8750000000
54668  -7.945  -19.227  41.908 1.0000000000
54688  -10.095  -19.139  40.637 1.0000000000
54689  -10.930  -19.310  40.451 1.0000000000
54691  -12.407  -19.535  39.986 1.0000000000
54704  -12.166  -19.082  39.244 1.0000000000
54717  -15.723  -19.260  38.952 0.8750000000
54720  -32.352  -18.872  38.641 0.2500000000
55537  -29.848  -18.986  51.146 0.5000000000
55538  -30.943  -18.371  51.202 0.3750000000
55541  -28.325  -18.974  49.974 0.5000000000
55549  -27.317  -18.297  48.913 0.5000000000
55552  -30.737  -19.162  49.217 0.1250000000
55557  -25.122  -18.223  47.524 0.7500000000
55558  -26.315  -18.215  48.084 0.5000000000
55570  -24.705  -17.934  46.624 0.7500000000
55575  3.321  -18.269  45.030 0.2500000000
55589  -22.863  -18.592  44.161 0.7500000000
55602  -4.213  -18.203  43.522 1.0000000000
55620  -22.372  -18.409  42.592 0.7500000000
55666  -16.550  -18.595  38.373 0.8750000000
55679  -12.576  -18.027  38.151 1.0000000000
55682  -15.360  -18.787  38.363 0.8750000000
56516  -29.033  -18.024  51.797 0.5000000000
56539  -27.090  -17.427  48.241 0.6250000000
56559  -25.876  -17.072  46.135 0.7500000000
56569  -25.009  -17.406  43.946 0.7500000000
56595  -24.227  -16.989  42.326 0.7500000000
56617  -8.388  -17.318  40.111 1.0000000000
56619  -20.823  -17.604  40.067 0.8750000000
56630  -10.104  -17.328  38.952 1.0000000000
56633  -20.226  -17.402  39.599 0.8750000000
56645  -15.394  -17.226  37.791 1.0000000000
56647  -17.917  -16.797  38.506 0.8750000000
57408  -26.650  -16.218  52.781 0.7500000000
57417  -26.744  -16.248  52.315 0.6250000000
57420  -30.961  -16.705  51.490 0.2500000000
57440  -13.640  -16.684  48.460 1.0000000000
57467  -1.616  -17.080  47.150 0.8750000000
57471  -14.372  -17.139  47.035 1.0000000000
57475  -19.943  -16.866  48.046 1.0000000000
57476  -26.634  -16.505  46.877 0.7500000000
57477  -26.950  -16.049  47.048 0.7500000000
57485  -3.880  -16.094  45.087 0.8750000000
57490  -26.375  -16.469  45.468 0.7500000000
57499  -4.075  -16.291  44.327 0.8750000000
57500  -12.875  -16.148  43.923 1.0000000000
57503  -15.712  -16.919  44.687 1.0000000000
57518  -15.868  -16.570  43.204 1.0000000000
57522  -26.017  -16.154  43.813 0.7500000000
57531  -5.515  -16.591  42.277 1.0000000000
57536  -16.724  -16.548  43.329 1.0000000000
57551  -22.143  -15.917  40.905 0.7500000000
57553  -23.389  -16.642  41.523 0.7500000000
57564  -19.927  -15.922  39.855 0.8750000000
57565  -20.636  -16.233  40.007 0.8750000000
57572  -10.289  -16.347  38.787 1.0000000000
57573  -16.902  -16.038  38.642 0.8750000000
57574  -17.529  -16.100  38.799 1.0000000000
58377  -25.847  -15.482  53.005 0.7500000000
58378  -26.161  -15.307  53.165 0.7500000000
58379  -27.006  -15.224  53.047 0.7500000000
58388  -6.888  -16.381  53.114 1.0000000000
58404  -25.922  -15.711  52.602 0.6250000000
58406  -27.601  -15.998  51.129 0.7500000000
58416  -7.508  -15.590  50.965 1.0000000000
58418  -15.128  -15.167  51.565 1.0000000000
58428  -13.866  -15.925  50.607 1.0000000000
58430  -20.154  -15.313  50.030 1.0000000000
58432  -21.083  -15.161  49.853 1.0000000000
58449  -20.964  -15.784  49.396 1.0000000000
58461  -20.511  -16.438  48.858 1.0000000000
58462  -21.203  -16.065  48.285 1.0000000000
58492  -11.754  -15.228  44.666 1.0000000000
58497  -26.971  -14.950  45.753 0.7500000000
58521  -4.975  -15.754  43.547 1.0000000000
58534  -25.766  -15.162  43.410 0.7500000000
58544  -7.779  -14.860  41.916 1.0000000000
58554  -22.803  -15.002  41.951 0.8750000000
58555  -24.066  -15.630  42.005 0.7500000000
58574  -19.969  -15.411  41.841 0.8750000000
58587  -7.869  -15.712  40.671 1.0000000000
58597  -20.447  -15.649  40.474 0.8750000000
58620  -11.742  -15.769  38.395 1.0000000000
59502  -9.348  -14.259  56.921 1.0000000000
59509  -9.510  -14.506  56.166 1.0000000000
59527  -25.816  -14.318  52.983 0.7500000000
59542  -14.438  -14.538  51.501 1.0000000000
59568  -22.196  -14.714  49.043 0.8750000000
59578  -17.209  -14.759  48.713 1.0000000000
59599  -22.848  -14.861  46.829 0.8750000000
59630  -26.360  -14.507  44.496 0.7500000000
59646  -25.182  -14.385  43.496 0.7500000000
59655  -22.261  -14.886  42.642 0.8750000000
60598  -7.950  -13.395  57.612 1.0000000000
60628  -26.968  -12.898  53.135 0.7500000000
60629  -27.643  -13.269  53.124 0.7500000000
60631  -29.025  -13.475  52.655 0.7500000000
60637  -26.618  -13.102  52.472 0.7500000000
60645  -25.970  -13.862  52.146 0.7500000000
60646  -26.270  -13.276  51.857 0.7500000000
60654  -15.512  -13.196  51.726 1.0000000000
60662  -16.051  -14.226  50.936 1.0000000000
60663  -20.348  -14.442  49.905 1.0000000000
60667  -32.531  -13.982  49.146 0.7500000000
60675  -20.587  -13.541  49.521 0.8750000000
60676  -21.220  -13.359  49.551 0.8750000000
60677  -22.769  -13.271  49.041 0.8750000000
60682  -32.480  -13.458  47.761 0.8750000000
60706  -18.995  -12.936  46.955 1.0000000000
60708  -24.669  -13.365  46.262 0.7500000000
60709  -26.730  -13.536  46.383 0.7500000000
60722  -17.122  -13.048  45.549 1.0000000000
60724  -24.291  -13.733  45.647 0.7500000000
60754  -30.519  -12.811  41.932 1.0000000000
60797  -26.452  -13.362  39.450 1.0000000000
60897  -21.652  -12.932  33.589 0.8750000000
61699  -7.910  -12.082  57.417 1.0000000000
61702  -9.142  -12.722  57.236 1.0000000000
61731  -25.808  -11.822  52.089 0.7500000000
61732  -26.467  -12.457  52.249 0.7500000000
61734  -29.544  -12.932  51.936 0.7500000000
61746  -26.418  -12.474  51.684 0.7500000000
61747  -27.673  -12.819  51.327 0.7500000000
61748  -28.302  -12.745  50.838 0.7500000000
61760  -14.257  -12.133  51.255 1.0000000000
61775  -28.550  -12.353  49.847 0.7500000000
61776  -32.491  -12.459  48.941 0.8750000000
61778  -32.548  -11.983  48.469 0.8750000000
61789  -24.336  -11.745  48.458 0.8750000000
61792  -32.572  -12.671  47.786 0.8750000000
61810  -32.371  -12.142  47.472 0.8750000000
61821  -21.149  -11.667  47.176 0.8750000000
61847  -15.159  -12.651  44.569 1.0000000000
61852  -31.094  -11.765  44.632 1.0000000000
61858  -15.304  -12.447  43.687 1.0000000000
61889  -26.424  -12.714  40.751 1.0000000000
62833  -9.691  -11.072  54.462 1.0000000000
62840  -26.006  -11.404  52.183 0.7500000000
62841  -27.552  -11.071  52.447 0.7500000000
62843  -29.251  -11.105  52.074 0.7500000000
62846  -25.616  -11.423  52.072 0.7500000000
62847  -25.773  -11.195  51.680 0.7500000000
62850  -29.505  -11.621  51.423 0.7500000000
62857  -15.833  -11.743  51.500 1.0000000000
62869  -28.560  -11.741  49.929 0.7500000000
62871  -32.340  -11.162  48.386 0.8750000000
62873  -1.625  -11.613  48.394 0.8750000000
62889  -32.741  -11.439  48.035 0.8750000000
62890  -32.662  -11.384  47.829 1.0000000000
62904  -22.840  -11.309  48.145 0.8750000000
62908  -31.273  -11.478  46.887 1.0000000000
62909  -31.737  -11.710  46.942 1.0000000000
62911  -32.493  -11.449  47.705 1.0000000000
62931  1.854  -12.001  45.053 0.7500000000
62939  -14.277  -11.646  45.244 1.0000000000
62941  -20.718  -11.326  45.428 0.8750000000
62944  -30.879  -11.298  45.426 1.0000000000
62954  -14.091  -11.731  44.447 1.0000000000
62967  -13.695  -11.004  43.580 0.8750000000
62970  -18.625  -11.467  42.978 0.8750000000
62974  -28.816  -11.199  43.299 1.0000000000
62984  -16.372  -11.769  41.871 1.0000000000
63015  -15.255  -11.540  40.388 1.0000000000
63037  -22.417  -12.080  38.974 1.0000000000
63922  -27.984  -10.978  53.019 0.7500000000
63924  -9.593  -10.448  52.862 1.0000000000
63928  -29.034  -10.326  52.293 0.7500000000
63931  -25.682  -10.134  51.576 0.7500000000
63933  -29.286  -10.302  51.849 0.7500000000
63937  -26.676  -9.681  51.132 0.7500000000
63942  -6.286  -10.607  49.600 1.0000000000
63945  -14.836  -10.466  51.027 1.0000000000
63948  -28.755  -11.294  50.069 0.7500000000
63969  -25.893  -10.141  47.951 0.8750000000
63978  -29.664  -10.409  46.616 1.0000000000
63982  -4.496  -10.695  45.606 0.8750000000
63985  -21.776  -10.547  45.540 1.0000000000
63989  -28.831  -9.803  45.298 1.0000000000
63991  -30.347  -10.708  45.963 1.0000000000
64003  -21.278  -10.297  43.808 1.0000000000
64009  -27.739  -9.949  44.328 1.0000000000
64027  -25.450  -9.878  43.676 1.0000000000
64039  -13.617  -10.512  42.331 0.8750000000
64040  -20.005  -10.463  42.096 1.0000000000
64042  -21.501  -10.075  42.430 1.0000000000
64055  -13.724  -10.706  41.462 0.8750000000
64071  -18.185  -11.059  39.990 1.0000000000
64083  -19.546  -10.581  39.744 1.0000000000
64084  -20.759  -10.510  40.034 1.0000000000
64127  -15.597  -10.402  35.218 0.8750000000
64243  -18.623  -10.688  28.660 0.7500000000
64964  -9.641  -9.609  55.670 0.8750000000
64972  -9.651  -9.573  53.042 1.0000000000
64976  -26.316  -9.291  52.319 0.7500000000
64978  -27.506  -9.735  52.202 0.7500000000
64979  -28.093  -9.777  52.228 0.7500000000
64980  -28.687  -9.751  52.225 0.7500000000
64983  -25.932  -9.228  52.239 0.7500000000
64988  -27.017  -8.974  50.943 0.7500000000
64989  -27.837  -9.284  50.573 0.7500000000
64990  -28.545  -9.834  50.572 0.7500000000
64999  -28.899  -10.243  50.662 0.7500000000
65007  -5.751  -9.921  47.201 0.8750000000
65011  -13.185  -8.906  48.095 1.0000000000
65022  -23.936  -9.390  46.211 0.8750000000
65024  -25.517  -9.334  46.910 0.8750000000
65033  -27.376  -9.387  45.537 1.0000000000
65043  -24.407  -9.324  44.781 1.0000000000
65056  -24.290  -9.502  44.114 1.0000000000
65103  -38.863  -9.688  38.062 1.0000000000
65115  -40.126  -9.901  36.823 1.0000000000
65125  -41.324  -9.783  35.918 1.0000000000
65205  -16.947  -8.799  28.090 0.6250000000
65234  -17.578  -9.028  27.810 0.6250000000
65933  -9.308  -8.827  56.638 0.8750000000
65934  -9.578  -9.016  55.989 0.8750000000
65941  -9.613  -8.782  54.667 0.8750000000
65945  -9.594  -8.330  53.601 0.8750000000
65949  -9.639  -8.335  52.839 0.8750000000
65950  -26.110  -9.294  52.339 0.7500000000
65951  -26.493  -9.061  52.216 0.7500000000
65952  -27.954  -8.959  52.264 0.7500000000
65953  -28.472  -8.495  52.172 0.7500000000
65954  -29.044  -9.021  52.108 0.7500000000
65958  -26.262  -8.995  52.243 0.7500000000
65959  -25.983  -9.095  51.983 0.7500000000
65962  -26.745  -8.925  52.167 0.7500000000
65963  -26.965  -9.496  51.602 0.7500000000
65965  -28.349  -9.021  50.530 0.7500000000
65987  -18.630  -9.130  48.718 0.8750000000
66019  -13.973  -8.291  42.554 0.8750000000
66095  -41.567  -8.863  36.481 1.0000000000
66096  -41.669  -8.512  35.965 1.0000000000
66864  -3.965  -7.188  55.980 1.0000000000
66893  -28.975  -8.931  51.823 0.7500000000
66903  -9.623  -7.545  50.492 0.8750000000
66904  -27.888  -8.936  50.650 0.7500000000
66905  -28.447  -8.158  50.571 0.7500000000
66906  -28.195  -8.266  50.499 0.7500000000
66913  -28.452  -8.024  50.484 0.7500000000
66924  -20.155  -7.134  48.707 0.7500000000
66975  -33.020  -7.042  43.142 0.6250000000
67049  2.639  -7.163  37.738 0.7500000000
67183  -39.849  -8.105  31.081 0.8750000000
67209  -16.048  -7.703  28.292 0.6250000000
67867  -8.480  -6.368  56.627 1.0000000000
67878  -9.243  -7.126  54.578 0.8750000000
67881  -0.650  -7.120  54.015 1.0000000000
67883  -9.347  -7.233  53.648 0.8750000000
67906  -17.531  -6.876  49.047 0.8750000000
67908  -18.941  -6.027  49.270 0.7500000000
67909  -20.805  -6.468  48.487 0.7500000000
67917  -16.983  -6.019  48.177 0.7500000000
67920  -20.936  -6.590  47.860 0.7500000000
67925  -12.013  -6.865  45.861 0.7500000000
67930  -16.406  -5.895  47.666 0.7500000000
67955  -16.039  -6.949  42.804 0.8750000000
68140  -14.582  -6.563  30.146 0.5000000000
68885  -6.991  -5.927  57.403 1.0000000000
68904  -8.571  -5.880  54.850 0.8750000000
68908  0.804  -5.534  53.250 1.0000000000
68924  -21.479  -5.288  48.848 0.7500000000
68930  -21.118  -5.806  48.777 0.7500000000
68935  -17.319  -5.442  48.219 0.7500000000
68940  -9.402  -5.437  46.475 0.7500000000
68948  -11.124  -5.384  45.219 0.7500000000
68973  -35.034  -6.109  43.095 0.6250000000
68998  -4.608  -5.288  40.473 0.5000000000
69074  -34.006  -4.782  35.805 0.1250000000
69758  -7.377  -4.586  56.582 1.0000000000
69759  0.663  -4.569  55.382 1.0000000000
69766  1.146  -4.200  54.639 1.0000000000
69773  -7.129  -4.962  53.347 0.8750000000
69778  -6.754  -4.877  49.954 0.7500000000
69783  -6.408  -4.096  49.959 0.7500000000
69785  -19.303  -4.708  50.002 0.7500000000
69787  -21.061  -4.585  50.123 0.7500000000
69798  -8.120  -4.590  47.327 0.7500000000
69800  -16.287  -4.864  47.450 0.7500000000
69802  -21.580  -5.217  48.323 0.7500000000
69806  -9.235  -4.599  46.237 0.7500000000
69817  -13.345  -4.379  45.373 0.6250000000
69850  -6.370  -3.980  41.788 0.7500000000
69874  -6.719  -4.406  40.351 0.3750000000
69965  -32.938  -4.154  34.270 0.1250000000
69982  -14.584  -4.574  30.420 0.5000000000
69995  -14.937  -4.153  28.975 0.5000000000
70654  1.232  -3.592  55.027 1.0000000000
70673  -19.895  -3.524  51.405 0.6250000000
70680  -16.968  -3.798  50.236 0.6250000000
70682  -21.424  -4.097  49.988 0.7500000000
70694  -8.110  -3.758  47.275 0.7500000000
70704  -13.058  -3.216  46.046 0.6250000000
70713  -11.049  -3.929  45.273 0.7500000000
70774  -17.266  -3.306  39.654 0.6250000000
71546  1.000  -2.459  55.920 1.0000000000
71550  -4.483  -2.101  56.236 1.0000000000
71552  1.306  -2.616  55.370 1.0000000000
71557  1.073  -2.580  53.962 1.0000000000
71558  0.391  -2.435  53.484 1.0000000000
71572  -19.825  -2.249  51.901 0.6250000000
71580  -19.407  -3.066  52.037 0.6250000000
71594  -8.009  -2.593  47.961 0.7500000000
71601  -15.304  -3.372  49.411 0.6250000000
71611  -13.528  -2.917  47.753 0.6250000000
71612  -14.266  -3.184  48.113 0.6250000000
71619  -9.863  -2.793  46.265 0.6250000000
71620  -10.673  -2.870  45.987 0.6250000000
71623  -13.351  -2.998  46.849 0.6250000000
71632  -11.240  -3.267  45.619 0.6250000000
71633  -12.178  -3.138  45.793 0.6250000000
71720  -16.398  -2.617  36.299 0.7500000000
71828  -18.085  -1.702  28.264 0.5000000000
72463  1.206  -1.638  55.745 1.0000000000
72465  -0.139  -1.475  56.460 1.0000000000
72469  -4.699  -1.297  56.061 1.0000000000
72471  1.415  -1.084  55.321 1.0000000000
72472  -5.220  -1.309  55.706 1.0000000000
72473  1.546  -1.154  54.749 1.0000000000
72483  -13.833  -1.831  52.906 0.5000000000
72488  -6.087  -0.898  51.866 0.7500000000
72489  -12.720  -1.601  51.878 0.5000000000
72490  -13.410  -1.883  52.378 0.5000000000
72496  -7.404  -0.457  50.104 0.7500000000
72509  -12.222  -1.951  50.258 0.6250000000
72510  -12.855  -2.248  50.635 0.6250000000
72513  -20.190  -1.684  50.314 0.6250000000
72515  -3.333  -1.647  48.104 0.8750000000
72516  -8.161  -1.984  48.387 0.7500000000
72523  -26.142  -0.785  48.070 0.2500000000
72531  -25.992  -1.360  47.530 0.2500000000
72541  -26.557  -2.000  47.076 0.2500000000
72552  -28.607  -1.543  45.920 0.2500000000
72553  -28.862  -1.442  45.300 0.2500000000
72568  -13.853  -1.066  42.951 0.5000000000
72580  -13.826  -1.026  42.145 0.5000000000
72595  -14.337  -1.228  40.467 0.6250000000
72597  -16.285  -1.866  39.795 0.6250000000
72761  -45.688  -1.639  26.395 0.1250000000
73373  -1.022  -0.534  56.085 1.0000000000
73381  -5.185  0.122  55.074 1.0000000000
73421  -25.616  -0.098  48.192 0.1250000000
73423  -26.684  -0.059  48.113 0.2500000000
73444  -15.179  -0.840  45.750 0.5000000000
73448  -29.044  -0.920  44.899 0.2500000000
73451  -13.548  -0.374  44.232 0.3750000000
73461  -29.117  -0.002  43.432 0.2500000000
73515  -41.354  -0.671  36.287 0.7500000000
73571  -20.632  -0.348  31.156 0.2500000000
73594  -17.159  -0.137  28.888 0.5000000000
73613  -30.049  0.099  28.718 0.1250000000
73632  -47.142  -0.081  27.096 0.2500000000
74254  0.475  0.638  55.852 1.0000000000
74261  -3.889  0.104  55.544 1.0000000000
74262  -4.719  0.242  55.375 1.0000000000
74281  -6.131  0.671  51.583 0.7500000000
74282  -12.011  0.120  51.788 0.5000000000
74307  -14.690  0.864  48.296 0.5000000000
74309  -25.152  0.569  48.254 0.1250000000
74336  -28.314  -0.350  45.741 0.2500000000
74345  -12.624  0.709  43.316 0.2500000000
74346  -13.017  0.137  43.794 0.3750000000
74382  -12.542  1.030  37.355 0.1250000000
74386  -30.728  1.108  37.737 0.1250000000
74509  -46.049  1.168  27.922 0.3750000000
74556  -49.589  0.726  24.286 0.1250000000
74608  -41.347  0.486  20.332 0.1250000000
75245  1.380  1.857  54.775 1.0000000000
75250  1.596  1.735  54.260 1.0000000000
75252  -12.845  2.054  52.867 0.5000000000
75253  -13.512  1.784  53.222 0.5000000000
75258  -5.246  0.989  52.645 0.8750000000
75259  -5.766  0.790  52.135 0.8750000000
75260  -12.685  1.158  52.714 0.5000000000
75262  -15.014  2.104  52.665 0.5000000000
75270  -12.305  0.790  52.193 0.5000000000
75278  -15.123  2.084  50.359 0.5000000000
75286  -11.109  1.995  49.293 0.5000000000
75298  -9.663  1.232  48.095 0.5000000000
75302  -23.776  2.278  48.025 0.1250000000
75310  -5.880  1.851  47.908 0.6250000000
75314  -9.423  1.772  47.488 0.5000000000
75326  -6.820  2.025  46.737 0.5000000000
75345  0.145  0.962  44.345 0.6250000000
75426  -30.849  1.348  39.109 0.1250000000
75611  -48.682  1.341  25.267 0.3750000000
75620  -49.586  1.484  23.834 0.2500000000
76247  0.049  3.008  55.085 1.0000000000
76249  1.264  2.623  54.809 1.0000000000
76259  -12.828  2.972  52.857 0.5000000000
76261  -15.318  2.539  52.115 0.5000000000
76265  -15.458  2.402  51.596 0.5000000000
76268  -3.257  2.702  50.229 0.7500000000
76288  -9.202  2.321  46.835 0.5000000000
76291  -23.107  2.666  47.629 0.1250000000
76295  -5.621  2.820  46.878 0.5000000000
76298  -8.270  2.345  46.348 0.5000000000
76319  -12.111  2.174  43.176 0.2500000000
76355  -11.842  2.125  38.303 0.1250000000
76429  -36.145  2.796  33.486 0.3750000000
76483  -34.345  2.449  29.860 0.1250000000
76529  -48.525  2.689  25.369 0.2500000000
76561  -40.814  2.827  22.478 0.2500000000
76575  -35.433  2.258  21.628 0.1250000000
77191  0.872  3.442  54.959 1.0000000000
77197  -13.124  3.544  53.039 0.5000000000
77209  -11.691  3.886  50.852 0.5000000000
77227  -5.195  3.569  46.926 0.5000000000
77231  -23.432  3.665  48.137 0.1250000000
77232  -24.017  4.097  48.524 0.1250000000
77243  -27.554  3.204  46.440 0.1250000000
77248  -8.987  4.385  45.713 0.5000000000
77250  -12.770  3.966  46.114 0.2500000000
77262  -11.982  3.484  43.668 0.2500000000
77269  -11.682  4.101  42.497 0.2500000000
77323  -41.952  3.469  37.058 0.5000000000
77419  -46.330  3.860  28.177 0.8750000000
77451  -48.968  3.089  23.710 0.2500000000
78091  1.020  4.053  54.791 0.8750000000
78098  -12.926  4.312  52.817 0.5000000000
78099  -13.673  4.195  52.969 0.5000000000
78104  -15.115  3.854  52.059 0.5000000000
78108  -11.871  4.518  51.319 0.5000000000
78118  -3.300  4.138  49.443 0.7500000000
78119  -11.455  4.705  49.776 0.5000000000
78128  -14.117  4.696  48.476 0.3750000000
78130  -25.412  4.695  48.761 0.1250000000
78134  -10.549  4.295  47.565 0.5000000000
78135  -13.652  4.359  47.805 0.3750000000
78143  -6.118  4.453  45.831 0.5000000000
78144  -9.585  4.495  46.198 0.5000000000
78146  -13.115  4.422  46.672 0.2500000000
78152  -6.890  4.529  45.381 0.5000000000
78154  -8.487  4.810  45.318 0.5000000000
78258  -43.288  5.182  34.732 0.5000000000
78315  -48.275  4.588  26.350 0.5000000000
78345  -48.076  4.466  23.728 0.3750000000
78965  0.983  5.588  54.407 0.8750000000
78972  -12.625  5.584  52.259 0.5000000000
78980  -15.506  5.143  51.158 0.2500000000
78985  -11.730  5.385  50.727 0.5000000000
78995  -3.649  4.697  48.995 0.6250000000
78998  -10.919  5.006  48.161 0.3750000000
78999  -11.157  5.646  48.537 0.3750000000
79010  -25.505  6.096  48.051 0.1250000000
79018  -9.787  5.255  46.099 0.3750000000
79029  -8.687  5.431  45.176 0.5000000000
79075  -11.578  5.648  41.114 0.2500000000
79194  -48.297  5.371  25.919 0.5000000000
79844  -16.177  6.985  51.725 0.3750000000
79852  -16.435  6.493  51.133 0.3750000000
79858  -12.333  7.104  50.999 0.3750000000
79874  -16.544  6.731  49.174 0.2500000000
79880  -10.726  6.434  47.050 0.3750000000
79891  -5.620  5.888  46.994 0.6250000000
79905  -6.860  6.150  45.467 0.5000000000
79906  -8.519  6.191  44.949 0.3750000000
79908  -10.018  7.199  45.584 0.3750000000
79924  -30.626  6.369  44.584 0.1250000000
79951  -11.781  6.239  41.559 0.1250000000
80774  -13.678  7.783  52.091 0.3750000000
80777  -16.453  7.886  51.612 0.3750000000
80782  -12.791  7.471  51.410 0.3750000000
80795  -17.318  7.067  49.545 0.2500000000
80801  -6.378  7.532  48.652 0.6250000000
80812  -16.546  7.708  47.939 0.3750000000
80833  -10.175  7.786  45.572 0.3750000000
80834  -14.313  7.877  45.723 0.1250000000
80875  -3.306  7.069  40.450 0.5000000000
80893  -11.585  7.470  39.341 0.1250000000
81699  -14.244  8.542  51.988 0.3750000000
81703  -12.991  8.102  51.215 0.3750000000
81705  -14.211  9.229  51.594 0.3750000000
81707  -15.658  8.833  51.763 0.3750000000
81712  -13.323  8.817  51.103 0.3750000000
81722  -18.284  7.905  49.594 0.2500000000
81724  -19.177  9.242  49.723 0.1250000000
81726  -6.776  8.093  48.354 0.6250000000
81728  -12.622  9.013  49.354 0.3750000000
81747  -16.549  8.689  46.740 0.1250000000
81754  -9.959  8.464  45.332 0.3750000000
81755  -14.198  8.161  45.080 0.1250000000
81757  -15.175  8.945  44.904 0.1250000000
81779  -31.200  8.228  43.574 0.1250000000
81788  -5.471  8.543  41.339 0.5000000000
82574  -5.721  9.595  54.995 0.7500000000
82591  -14.569  9.724  51.399 0.3750000000
82592  -15.096  9.818  51.446 0.2500000000
82599  -13.067  9.200  50.349 0.3750000000
82609  -19.879  9.948  49.484 0.1250000000
82616  -20.242  9.740  48.992 0.1250000000
82627  -7.805  9.579  46.735 0.3750000000
82628  -10.818  9.560  45.842 0.2500000000
82640  -8.911  9.346  45.329 0.3750000000
82654  -15.351  9.430  43.752 0.1250000000
82662  -14.664  9.450  42.593 0.1250000000
82680  -13.580  9.829  40.285 0.1250000000
82688  -12.565  9.268  39.400 0.1250000000
82695  -1.197  9.168  38.276 0.3750000000
82806  -43.059  10.667  25.311 0.5000000000
83355  -6.735  10.982  55.035 0.5000000000
83356  -7.182  11.066  54.740 0.5000000000
83361  -7.439  10.793  54.175 0.5000000000
83369  -15.335  10.570  51.015 0.2500000000
83376  -15.596  11.310  50.578 0.2500000000
83379  -18.561  10.599  50.083 0.2500000000
83384  -13.217  10.396  49.368 0.1250000000
83387  -20.646  11.255  49.260 0.1250000000
83399  -21.562  10.508  48.205 0.2500000000
83413  -9.117  10.108  45.547 0.1250000000
83415  -18.107  10.013  44.657 0.1250000000
83425  -16.433  10.141  43.090 0.1250000000
83428  -20.110  10.549  44.078 0.1250000000
83462  -14.643  10.609  39.984 0.1250000000
83477  1.918  10.149  36.796 0.1250000000
84161  -14.129  11.163  50.335 0.2500000000
84163  -15.208  11.773  50.328 0.1250000000
84164  -15.912  11.929  50.300 0.2500000000
84165  -16.783  11.987  50.183 0.1250000000
84171  -14.272  12.060  49.762 0.1250000000
84173  -14.948  12.032  50.149 0.1250000000
84174  -18.420  12.383  49.727 0.1250000000
84178  -13.765  11.980  49.065 0.1250000000
84179  -21.016  11.674  48.935 0.1250000000
84183  -12.585  11.846  47.251 0.1250000000
84193  -22.910  11.164  46.840 0.1250000000
84197  -23.330  11.384  46.192 0.1250000000
84209  -22.016  11.121  43.511 0.1250000000
84216  -20.726  11.143  42.466 0.1250000000
84236  -17.270  11.229  40.583 0.1250000000
84486  -49.117  11.753  17.883 0.3750000000
85002  -17.207  12.414  49.901 0.1250000000
85003  -5.215  12.577  50.185 0.5000000000
85008  -19.397  12.551  49.385 0.1250000000
85012  -14.271  12.467  49.319 0.1250000000
85013  -14.853  12.842  49.379 0.1250000000
85016  -19.183  13.094  49.009 0.1250000000
85018  -20.824  12.332  48.778 0.1250000000
85023  -13.652  12.907  47.827 0.1250000000
85024  -14.254  12.917  48.653 0.1250000000
85026  -22.206  12.393  48.069 0.1250000000
85037  -23.886  12.543  46.840 0.2500000000
85054  -1.102  12.424  43.571 0.5000000000
85055  -1.889  12.173  43.319 0.3750000000
85058  -23.706  11.832  43.685 0.1250000000
85059  -24.716  12.522  44.587 0.1250000000
85069  -22.987  12.102  41.603 0.1250000000
85070  -23.826  12.512  42.216 0.1250000000
85760  -6.507  13.901  54.891 0.5000000000
85764  -7.214  13.520  54.521 0.5000000000
85771  -7.996  13.828  51.862 0.5000000000
85775  -4.476  13.542  50.513 0.5000000000
85811  -16.088  13.448  48.129 0.1250000000
85813  -19.742  13.510  47.798 0.1250000000
85815  -21.542  13.270  47.865 0.1250000000
85830  -18.457  13.626  47.184 0.1250000000
85832  -20.502  13.801  47.281 0.1250000000
85844  -15.041  13.670  45.733 0.1250000000
85853  -13.778  14.128  44.789 0.1250000000
85856  -17.406  13.670  44.621 0.1250000000
85864  -14.099  13.837  43.378 0.1250000000
85866  -17.335  13.706  43.811 0.1250000000
85870  -25.949  13.791  43.928 0.1250000000
85875  -13.511  13.890  42.754 0.1250000000
85877  -17.611  13.963  42.694 0.1250000000
85878  -18.073  13.942  43.383 0.1250000000
85884  -12.239  14.054  40.881 0.2500000000
85887  -14.609  13.716  41.579 0.1250000000
85899  -15.902  14.037  40.910 0.1250000000
86119  -48.797  15.004  15.642 0.2500000000
86607  -6.832  13.974  54.761 0.5000000000
86608  -2.897  15.647  54.463 0.5000000000
86630  -8.137  14.523  50.427 0.5000000000
86635  -8.296  14.502  49.620 0.5000000000
86644  -9.879  15.004  46.663 0.2500000000
86648  -10.979  15.449  45.595 0.2500000000
86650  -12.440  14.794  45.374 0.1250000000
86651  -13.113  14.471  45.181 0.1250000000
86654  -24.600  13.571  46.294 0.1250000000
86665  -25.620  14.595  45.348 0.1250000000
86670  -11.814  14.828  43.541 0.1250000000
86673  -18.813  14.254  43.274 0.1250000000
86677  -23.215  15.363  44.722 0.1250000000
86679  -26.263  14.752  44.661 0.1250000000
86685  -10.737  14.876  42.457 0.2500000000
86687  -12.275  14.347  42.863 0.1250000000
86688  -17.747  14.189  41.972 0.1250000000
86700  -11.175  14.501  41.725 0.2500000000
86702  -16.642  14.333  40.834 0.1250000000
86718  -16.306  14.623  40.188 0.1250000000
86719  -17.096  14.806  40.358 0.1250000000
86725  -11.034  14.726  39.828 0.2500000000
86727  -13.031  14.616  39.323 0.2500000000
86729  -15.098  14.837  39.496 0.1250000000
86732  -23.709  14.577  39.615 0.1250000000
87494  -7.605  15.475  52.010 0.5000000000
87496  1.233  15.189  51.421 0.5000000000
87498  -7.797  15.392  50.842 0.5000000000
87499  -7.992  15.083  50.261 0.5000000000
87513  -9.741  15.652  46.283 0.2500000000
87514  -10.260  15.734  45.720 0.2500000000
87520  1.438  14.892  44.700 0.3750000000
87524  -10.560  15.537  44.027 0.2500000000
87529  -9.695  15.601  43.643 0.2500000000
87532  -25.456  15.810  44.323 0.1250000000
87536  -7.848  15.979  42.557 0.2500000000
87543  -26.923  15.916  43.401 0.1250000000
87548  -8.929  15.563  41.831 0.2500000000
87550  -18.805  15.109  40.802 0.1250000000
87552  -20.499  15.392  41.404 0.1250000000
87554  -26.992  16.051  42.414 0.1250000000
87559  -8.959  15.983  40.527 0.2500000000
87571  -3.954  15.041  38.836 0.3750000000
87574  -11.658  15.137  39.193 0.2500000000
87576  -13.551  15.397  38.973 0.2500000000
87577  -15.122  15.641  39.249 0.2500000000
87578  -15.837  15.887  39.381 0.1250000000
87580  -16.899  16.137  39.709 0.1250000000
87585  -23.443  16.113  38.611 0.1250000000
88293  -6.749  16.573  48.492 0.5000000000
88294  -7.492  16.195  48.811 0.3750000000
88298  -6.627  16.596  47.669 0.3750000000
88306  -5.986  16.882  44.921 0.3750000000
88308  -7.251  16.403  45.670 0.3750000000
88312  -6.467  16.655  44.197 0.3750000000
88323  -25.940  17.114  43.591 0.1250000000
88324  -27.079  16.709  43.542 0.1250000000
88330  -21.866  16.730  41.522 0.1250000000
88337  -8.377  16.985  40.159 0.2500000000
88338  -9.318  16.204  39.889 0.2500000000
88340  -18.708  16.549  40.357 0.1250000000
88341  -19.512  16.549  40.534 0.1250000000
88349  -9.018  16.845  39.730 0.2500000000
88352  -11.313  15.995  38.996 0.2500000000
88356  -15.507  16.491  39.411 0.1250000000
88357  -16.234  16.412  39.558 0.1250000000
88358  -25.382  17.148  40.053 0.1250000000
88366  -22.975  17.003  37.783 0.1250000000
88999  -1.071  18.402  47.212 0.5000000000
89006  -2.071  18.309  46.057 0.5000000000
89007  -3.216  17.722  46.499 0.3750000000
89009  -5.046  17.193  46.917 0.3750000000
89017  -4.540  17.585  44.718 0.3750000000
89024  -5.374  17.942  42.558 0.3750000000
89028  -27.117  18.141  43.193 0.1250000000
89031  -6.411  17.463  41.693 0.2500000000
89034  -18.675  17.683  41.110 0.1250000000
89040  -27.327  18.040  42.695 0.1250000000
89045  -8.033  17.707  40.166 0.2500000000
89047  -14.604  17.659  40.043 0.1250000000
89052  -19.163  17.139  40.624 0.1250000000
89053  -20.001  17.026  40.715 0.1250000000
89060  -9.444  17.385  39.504 0.2500000000
89066  -15.091  17.105  39.593 0.2500000000
89752  -0.805  18.975  46.798 0.3750000000
89755  -2.350  18.597  45.287 0.5000000000
89759  -3.336  18.542  44.289 0.5000000000
89768  -16.597  18.737  44.169 0.1250000000
89777  -5.436  18.603  41.992 0.3750000000
89779  -15.547  18.570  42.651 0.1250000000
89788  -26.598  18.864  43.125 0.1250000000
89792  -6.488  18.618  41.088 0.3750000000
89794  -14.714  18.492  41.680 0.1250000000
89803  -26.912  18.686  42.217 0.1250000000
89807  -7.750  18.499  40.286 0.2500000000
89812  -14.973  18.098  40.912 0.1250000000
89814  -25.531  19.004  40.602 0.1250000000
89823  -24.940  18.609  39.734 0.1250000000
90482  1.343  19.459  50.197 0.3750000000
90493  -1.021  19.936  45.883 0.3750000000
90494  -1.513  19.805  45.321 0.3750000000
90500  -19.917  19.967  45.824 0.1250000000
90501  -20.794  19.950  45.599 0.1250000000
90502  -1.977  20.066  44.699 0.3750000000
90504  -3.015  19.209  43.993 0.5000000000
90506  -15.546  19.202  44.986 0.1250000000
90508  -19.180  19.276  45.615 0.1250000000
90515  -3.236  19.864  43.634 0.3750000000
90525  -5.148  19.424  42.067 0.3750000000
90530  -15.963  18.623  43.318 0.1250000000
90532  -24.753  20.007  44.232 0.1250000000
90536  -6.299  19.292  41.179 0.2500000000
90538  -11.600  19.711  41.444 0.1250000000
90539  -12.384  19.458  41.602 0.1250000000
90540  -13.171  19.182  41.815 0.1250000000
90544  -26.536  19.177  42.708 0.1250000000
90547  -7.465  19.370  40.550 0.2500000000
90549  -9.595  19.469  40.327 0.2500000000
90550  -11.277  19.439  40.825 0.1250000000
90554  -24.468  20.037  40.636 0.1250000000
91251  -1.244  20.607  45.553 0.3750000000
91252  -12.777  20.444  45.097 0.1250000000
91259  -20.180  20.882  45.883 0.1250000000
91261  -21.809  21.176  45.544 0.1250000000
91276  -12.536  20.220  43.535 0.1250000000
91278  -13.998  19.679  44.185 0.1250000000
91289  -12.972  19.771  43.076 0.1250000000
91293  -25.330  20.368  43.067 0.1250000000
91297  -5.819  20.585  41.810 0.2500000000
91298  -6.601  20.632  41.509 0.1250000000
91302  -10.291  20.426  41.739 0.1250000000
91312  -6.857  19.927  40.955 0.2500000000
91313  -8.173  19.983  40.643 0.2500000000
91969  2.130  20.947  51.283 0.3750000000
91971  1.876  20.863  51.282 0.3750000000
91972  1.221  21.126  50.883 0.3750000000
91989  -11.537  20.858  48.299 0.1250000000
92003  -1.584  21.496  45.368 0.2500000000
92016  -10.026  21.678  45.013 0.1250000000
92017  -11.438  21.067  44.742 0.1250000000
92018  -12.115  20.714  44.585 0.1250000000
92022  -3.583  21.468  43.753 0.2500000000
92026  -8.775  21.716  43.644 0.1250000000
92030  -21.599  22.581  43.972 0.1250000000
92035  -5.485  21.110  42.308 0.3750000000
92036  -6.659  21.579  42.552 0.1250000000
92039  -9.241  21.322  42.859 0.1250000000
92043  -20.710  22.322  43.028 0.1250000000
92670  -7.593  22.546  50.294 0.1250000000
92675  -13.506  21.912  50.727 0.1250000000
92680  -6.160  22.516  49.209 0.1250000000
92699  -16.235  22.264  48.766 0.1250000000
92704  -3.248  22.658  46.136 0.2500000000
92714  -17.366  21.772  47.543 0.1250000000
92715  -17.973  21.899  46.803 0.1250000000
92717  -1.860  22.244  45.716 0.2500000000
92724  -8.482  22.109  45.493 0.1250000000
92725  -9.264  21.907  45.229 0.1250000000
92735  -2.914  22.183  44.837 0.1250000000
92747  -4.900  21.984  43.432 0.1250000000
93334  0.959  23.328  51.289 0.2500000000
93339  -9.016  23.034  50.840 0.1250000000
93341  -11.024  23.154  50.766 0.1250000000
93352  -8.134  22.908  50.793 0.1250000000
93362  -13.341  23.938  49.234 0.1250000000
94030  -0.877  24.785  51.759 0.1250000000
94039  -12.255  23.830  50.350 0.1250000000
94054  -12.778  25.085  48.614 0.1250000000
94098  -3.239  25.601  39.043 0.1250000000
94104  -2.985  25.000  38.674 0.1250000000
94716  -10.366  25.123  50.434 0.1250000000
94728  -10.903  25.771  49.841 0.1250000000
94730  1.115  25.409  48.587 0.1250000000
94745  -12.871  25.446  47.992 0.1250000000
94780  -3.169  25.838  39.792 0.1250000000
94786  -2.756  25.652  38.343 0.1250000000
95456  -8.816  25.952  49.638 0.1250000000
95459  -11.333  26.366  49.190 0.1250000000
95469  -11.755  26.857  48.593 0.1250000000
95495  0.964  26.731  44.447 0.1250000000
96093  -9.603  27.457  48.671 0.1250000000
97986  -1.416  30.949  40.302 0.1250000000
115410  -31.758  -11.313  47.952 1.0000000000
115412  -31.172  -11.453  47.367 1.0000000000
115415  -29.014  -9.027  50.799 0.7500000000
115416  -29.299  -9.926  51.376 0.7500000000
115418  -29.230  -8.433  50.959 0.7500000000
115419  -29.341  -9.102  51.009 0.7500000000
115420  -29.132  -9.674  50.867 0.7500000000
115421  -29.128  -7.997  51.462 0.7500000000
115422  -27.769  -9.084  51.505 0.7500000000
115722  -30.370  -11.548  48.731 0.8750000000
115773  -32.129  -11.309  47.799 1.0000000000
115779  -27.151  -9.014  52.319 0.7500000000
115813  -29.744  -11.635  49.177 0.7500000000
115836  -28.082  -9.432  51.127 0.7500000000
115842  -30.868  -11.426  49.374 0.7500000000
115963  -29.161  -8.421  51.605 0.7500000000
116172  -9.359  -21.740  49.785 0.5000000000
116355  -23.046  21.875  44.207 0.1250000000
116373  -18.125  -19.500  41.183 0.7500000000
116483  -22.933  -9.629  44.081 1.0000000000
116610  -4.057  22.701  45.999 0.1250000000
116655  -13.803  9.142  51.427 0.3750000000
116750  -16.729  13.571  44.726 0.1250000000
116751  -15.974  13.548  44.709 0.1250000000
116853  -18.082  10.264  43.920 0.1250000000
116936  -9.774  21.919  49.994 0.1250000000
116962  -2.618  -0.783  55.941 1.0000000000
116987  -19.086  13.960  45.412 0.1250000000
117012  -5.172  -16.483  53.238 1.0000000000
117252  -17.880  10.476  43.109 0.1250000000
117631  -10.736  21.380  44.844 0.1250000000
117786  -15.785  13.580  46.109 0.1250000000
118095  -6.064  22.528  45.208 0.1250000000
118097  -4.797  -20.393  46.941 0.8750000000
118152  -14.163  -16.623  44.357 1.0000000000
118186  -12.260  -15.753  44.318 1.0000000000
118314  -29.712  0.179  42.556 0.2500000000
118333  -21.212  -11.322  38.687 1.0000000000
118472  -14.289  4.274  48.951 0.3750000000
118507  -12.375  5.046  52.105 0.5000000000
118513  -18.866  -8.627  49.319 0.8750000000
118605  -12.524  6.818  43.194 0.2500000000
118643  -21.941  3.448  46.374 0.1250000000
118744  -1.810  -0.574  55.933 1.0000000000
118786  -8.005  6.800  44.899 0.3750000000
118799  -13.479  4.814  47.227 0.3750000000
118944  -7.449  16.245  42.112 0.2500000000
119061  -29.691  0.223  43.148 0.2500000000
119099  -21.331  -3.453  49.339 0.6250000000
119204  -2.046  -21.797  54.198 0.6250000000
119219  1.878  -12.912  47.370 0.5000000000
119414  -8.604  -18.140  40.317 1.0000000000
119458  -2.170  -22.950  54.667 0.6250000000
119610  -18.101  -18.428  38.872 0.8750000000
119675  -22.232  -24.509  47.221 0.2500000000
120013  -20.422  -4.212  45.885 0.7500000000
120285  -23.936  -12.483  39.666 1.0000000000
120362  -11.563  3.265  50.324 0.5000000000
120551  -20.586  -1.472  30.688 0.5000000000
120762  0.022  24.160  37.439 0.1250000000
120829  -14.660  6.738  52.457 0.3750000000
121038  -25.698  -11.871  51.811 0.7500000000
121179  -15.369  -7.970  29.510 0.6250000000
121197  -19.011  -24.895  47.659 0.5000000000
121656  -3.061  26.416  40.257 0.1250000000
122116  -18.803  -11.128  42.229 1.0000000000
122122  -11.393  5.670  49.252 0.5000000000
122203  -0.145  24.583  51.630 0.1250000000
122340  -9.096  -6.651  51.355 0.8750000000
122420  -14.397  13.838  45.245 0.1250000000
122570  -6.438  1.676  47.883 0.5000000000
122807  -18.062  19.873  46.770 0.1250000000
123129  -27.049  -10.025  52.394 0.7500000000
123180  -12.990  18.412  40.315 0.2500000000
123299  -13.381  -0.521  40.212 0.1250000000
123698  -8.886  12.954  47.279 0.5000000000
123867  1.612  6.428  38.783 0.3750000000
123870  -28.782  -8.428  50.580 0.7500000000
123886  -9.770  24.418  50.736 0.1250000000
124068  -12.097  1.605  41.238 0.2500000000
124174  -12.775  -21.260  46.133 0.7500000000
124202  -13.315  -0.620  53.113 0.5000000000
124210  -5.455  -23.883  53.870 0.3750000000
124321  -24.885  -13.405  38.105 0.8750000000
124771  -22.739  -14.760  45.206 0.8750000000
125064  -22.277  3.004  46.809 0.1250000000
125080  -47.821  3.184  26.604 0.3750000000
125089  -24.024  -20.407  47.775 0.5000000000
125431  -12.164  4.425  51.888 0.5000000000
125545  -12.287  4.929  44.370 0.2500000000
125745  -11.319  11.116  46.225 0.1250000000
125805  -16.837  -6.010  27.324 0.6250000000
125886  -6.317  -9.468  52.694 1.0000000000
125951  -26.867  -10.789  52.172 0.7500000000
126010  -18.463  8.158  48.894 0.1250000000
126037  -22.956  3.289  47.657 0.1250000000
126430  -20.059  -15.432  41.063 0.8750000000
126665  -31.082  -15.228  51.195 0.3750000000
126962  -23.864  -22.716  47.766 0.5000000000
127213  1.344  19.407  44.272 0.1250000000
127368  -8.714  -10.986  57.250 1.0000000000
127583  -20.556  11.745  38.627 0.1250000000
127663  -2.538  17.945  46.497 0.5000000000
127744  -18.714  -16.733  38.858 0.8750000000
127789  -6.698  -7.458  57.517 1.0000000000
127804  -16.416  -3.558  50.856 0.6250000000
127819  -12.664  -17.015  37.893 1.0000000000
127844  -0.032  -17.798  48.684 0.8750000000
127949  -4.234  14.002  38.983 0.3750000000
128109  -27.949  -15.210  53.217 0.6250000000
128248  -27.655  -13.352  40.286 1.0000000000
128276  -49.493  12.320  16.102 0.3750000000
128439  -25.654  -9.949  52.050 0.7500000000
128960  -9.703  -12.040  55.741 1.0000000000
129248  -6.264  18.097  41.445 0.2500000000
129449  -17.911  10.323  50.382 0.2500000000
129553  -0.598  32.600  39.780 0.1250000000
129662  -7.289  22.267  49.465 0.1250000000
129674  1.536  2.933  54.319 1.0000000000
129712  -21.573  -4.727  47.951 0.7500000000
129793  0.264  -28.904  54.254 0.1250000000
129934  -22.305  10.989  44.368 0.1250000000
130048  -3.003  -0.058  55.600 1.0000000000
130290  -5.457  22.205  43.806 0.1250000000
130296  -7.531  9.948  49.668 0.3750000000
130346  -15.877  13.757  41.706 0.1250000000
130372  -21.058  10.206  46.006 0.1250000000
130576  -26.887  2.878  45.040 0.1250000000
130705  -3.690  -25.020  54.726 0.3750000000
130714  -24.726  1.185  48.241 0.1250000000
130920  0.434  7.720  38.901 0.3750000000
130974  -7.440  9.736  50.219 0.5000000000
131102  -13.247  -16.485  45.967 1.0000000000
131163  -13.436  9.405  40.803 0.1250000000
131201  -27.173  -16.604  51.778 0.6250000000
131228  -9.174  -11.375  51.390 1.0000000000
131281  -10.484  8.988  45.626 0.3750000000
131352  -12.298  14.689  39.354 0.2500000000
131456  -14.411  15.039  39.224 0.1250000000
131459  -11.573  17.405  39.224 0.2500000000
131632  -19.578  2.146  37.191 0.1250000000
131654  -17.600  9.402  45.871 0.1250000000
131684  -15.459  -13.351  46.927 1.0000000000
131948  -28.649  -8.202  50.591 0.7500000000
131950  -31.666  -11.398  47.722 1.0000000000
131951  -32.406  -11.674  47.751 1.0000000000
131961  -28.993  -8.381  52.032 0.7500000000
131999  -30.613  -11.562  48.419 1.0000000000
132019  -26.984  -8.705  52.264 0.7500000000
132023  -28.977  -8.054  50.913 0.7500000000
132208  -13.982  6.232  47.239 0.2500000000
132239  -8.832  22.011  47.054 0.1250000000
132281  -0.747  31.110  44.584 0.1250000000
132315  -18.528  8.976  47.375 0.2500000000
132333  0.430  7.055  54.053 0.8750000000
132437  -22.045  -18.722  43.214 0.7500000000
132445  -27.039  -10.154  52.244 0.7500000000
132580  -1.706  -7.453  52.084 1.0000000000
132593  -22.920  12.485  47.614 0.2500000000
132775  -12.077  1.868  42.405 0.2500000000
132970  1.198  6.008  51.040 0.8750000000
133124  1.537  3.231  50.487 0.8750000000
133132  -8.250  -7.270  57.287 1.0000000000
133228  -32.550  -13.042  49.204 0.8750000000
133299  -5.541  19.972  41.745 0.2500000000
133361  -12.606  2.689  45.545 0.2500000000
133371  0.658  3.055  55.065 1.0000000000
133436  -30.078  8.239  44.567 0.1250000000
133530  1.006  12.012  36.762 0.1250000000
133607  -25.308  -23.404  47.250 0.2500000000
133686  -13.678  19.790  49.565 0.1250000000
133859  -19.533  -22.637  48.408 0.5000000000
133896  -5.553  17.048  49.358 0.5000000000
134066  -1.885  -23.206  54.615 0.5000000000
134125  -14.081  -6.627  36.903 0.7500000000
134184  -5.893  -6.579  57.290 1.0000000000
134185  -17.615  -20.133  42.884 0.7500000000
134262  -15.646  -15.642  51.396 1.0000000000
134284  -12.255  6.643  42.595 0.1250000000
134295  -46.188  8.993  26.935 0.7500000000
134360  -13.926  7.100  52.470 0.3750000000
134393  -0.122  2.631  55.062 1.0000000000
134511  -23.125  -13.312  35.926 0.8750000000
134538  -8.564  -12.553  49.584 1.0000000000
134556  0.834  6.125  47.994 0.6250000000
134649  -11.243  -6.537  45.835 0.8750000000
134711  -29.814  -6.536  30.263 0.7500000000
134799  -28.706  -13.014  52.995 0.7500000000
134958  -19.061  -7.024  49.310 0.8750000000
135044  -19.861  14.162  45.544 0.1250000000
135052  -9.407  -21.205  49.096 0.6250000000
135122  -21.138  -3.901  50.657 0.7500000000
135217  -4.936  17.348  45.341 0.3750000000
135302  -16.925  7.158  51.156 0.2500000000
135587  -14.203  20.258  50.350 0.1250000000
135609  -28.719  -12.420  42.106 1.0000000000
135643  -15.314  2.954  51.166 0.5000000000
135665  0.512  23.058  51.312 0.2500000000
135695  -8.677  15.848  41.200 0.2500000000
135782  -9.453  21.728  44.369 0.1250000000
135814  -19.836  15.994  40.616 0.1250000000
135843  -25.183  20.255  43.574 0.1250000000
135877  -13.786  5.561  52.742 0.5000000000
135896  0.027  0.600  55.929 1.0000000000
135915  -9.793  -20.051  44.889 0.8750000000
135944  -23.190  -9.798  43.339 1.0000000000
136258  -12.183  20.560  43.925 0.1250000000
136299  -9.292  16.020  45.934 0.2500000000
136397  -11.621  4.105  36.444 0.1250000000
136471  -16.610  12.773  49.735 0.1250000000
136622  0.920  -4.032  55.287 1.0000000000
136626  -7.502  9.836  49.114 0.3750000000
136676  -8.300  -21.613  51.013 0.5000000000
136748  -33.059  1.051  24.776 0.1250000000
137190  -20.701  -6.524  47.087 0.7500000000
137235  -13.551  18.785  41.377 0.1250000000
137343  -27.208  -8.624  52.298 0.7500000000
137399  -11.625  2.888  40.891 0.2500000000
137420  -3.603  -11.519  47.564 0.8750000000
137488  -6.647  16.675  42.672 0.3750000000
137551  -17.199  -22.042  48.666 0.6250000000
137582  0.885  18.057  42.596 0.2500000000
137717  -12.064  -19.806  41.155 1.0000000000
137761  -9.589  -11.904  56.316 1.0000000000
137919  1.283  26.158  45.871 0.1250000000
137932  -9.234  -3.027  46.470 0.7500000000
137967  -7.821  10.664  48.600 0.3750000000
138009  -11.909  8.243  48.245 0.3750000000
138029  -40.443  5.224  28.105 0.3750000000
138054  -7.629  2.281  46.249 0.5000000000
138072  -10.573  14.840  40.288 0.2500000000
138134  -20.009  -5.762  45.670 0.7500000000
138302  -8.611  10.237  45.922 0.2500000000
138324  -4.632  1.226  52.741 0.8750000000
138511  -11.453  6.414  39.882 0.1250000000
138536  -26.730  2.488  44.655 0.1250000000
138553  1.422  1.660  48.180 1.0000000000
138709  -17.580  13.415  48.715 0.1250000000
138716  -0.913  -26.605  54.439 0.1250000000
138799  -17.766  10.662  42.475 0.1250000000
138819  -23.926  -3.498  38.247 0.3750000000
138889  -6.336  7.568  49.158 0.6250000000
138911  -14.582  -7.617  31.593 0.7500000000
138934  -22.358  -15.031  45.354 0.8750000000
138978  -6.087  -20.081  45.756 0.8750000000
138997  -18.312  11.507  36.786 0.1250000000
139020  -28.527  -12.159  52.948 0.7500000000
139098  -8.376  -25.708  51.059 0.3750000000
139099  -6.906  16.512  46.186 0.3750000000
139294  -22.224  -13.275  49.246 0.8750000000
139438  -12.801  -15.723  47.752 1.0000000000
139450  -1.837  1.176  45.046 0.8750000000
139564  -35.050  1.930  22.603 0.1250000000
139573  -4.946  -23.874  54.039 0.3750000000
139659  -32.173  -17.103  42.073 0.2500000000
139797  -7.110  22.179  48.603 0.1250000000
139836  -23.084  -15.358  41.680 0.7500000000
139919  -23.774  -12.015  48.669 0.8750000000
140113  -27.114  -8.436  27.701 0.7500000000
140114  -6.294  21.876  43.067 0.1250000000
140239  -16.454  -11.614  49.804 0.8750000000
140411  -9.536  -8.354  55.195 0.8750000000
140450  -5.028  11.566  38.061 0.3750000000
140555  -15.171  3.427  52.081 0.5000000000
140625  -27.666  3.476  47.032 0.1250000000
140665  -5.850  -0.320  40.795 0.6250000000
140672  -13.726  -7.930  41.157 0.8750000000
140675  -7.179  -21.786  53.201 0.6250000000
140730  -7.715  15.432  51.418 0.5000000000
140740  1.967  14.592  48.377 0.5000000000
140754  -13.697  -25.411  43.442 0.1250000000
140761  -0.516  0.369  55.825 1.0000000000
