#!ascii label  , from subject sub-v2s7x29677_ses-1 vox2ras=TkReg
4558
145  27.216  -82.522  -21.394 0.6000000238
1186  13.854  -77.987  -22.978 1.0000000000
1176  13.790  -78.031  -22.143 1.0000000000
1199  14.210  -77.613  -23.526 1.0000000000
892  14.601  -78.285  -23.336 1.0000000000
884  15.049  -78.954  -23.018 1.0000000000
117269  15.500  -79.618  -21.617 1.0000000000
116614  15.581  -79.502  -20.460 1.0000000000
86  19.113  -83.976  -20.730 0.8999999762
85  25.653  -83.749  -20.219 0.6000000238
95  26.248  -83.112  -22.183 0.6000000238
1177  13.292  -77.550  -21.701 1.0000000000
1187  13.432  -77.254  -23.151 1.0000000000
1162  13.181  -77.385  -20.776 1.0000000000
1541  13.947  -76.799  -23.705 1.0000000000
1539  15.577  -77.190  -23.684 1.0000000000
891  15.444  -78.493  -23.524 1.0000000000
638  15.870  -79.250  -23.231 1.0000000000
1185  16.831  -77.378  -23.211 1.0000000000
1520  17.301  -76.670  -22.562 1.0000000000
391  15.657  -80.435  -18.428 0.6999999881
396  15.928  -80.850  -19.488 0.8000000119
121906  22.703  -84.691  -20.127 0.6000000238
676  17.338  -79.932  -27.777 0.8000000119
32  24.322  -84.430  -19.632 0.6000000238
84  26.171  -83.333  -20.846 0.6000000238
139582  27.405  -82.136  -24.491 0.8000000119
432  29.989  -80.073  -25.332 0.6999999881
460  27.975  -80.339  -28.445 0.8999999762
122911  30.425  -79.194  -27.988 0.8000000119
693  28.798  -79.469  -30.278 0.8999999762
1523  12.512  -76.145  -22.239 1.0000000000
1543  12.685  -75.901  -23.148 1.0000000000
138053  17.594  -75.062  -21.594 1.0000000000
1509  18.101  -76.271  -21.787 1.0000000000
134  16.304  -82.064  -18.024 0.6999999881
138  16.663  -82.526  -18.958 0.6999999881
653  18.697  -79.479  -25.118 0.8999999762
53  23.259  -84.009  -22.231 0.8000000119
89  24.712  -83.845  -22.080 0.6999999881
277  22.296  -81.925  -26.917 0.8999999762
285  21.684  -81.971  -27.205 0.8999999762
117171  25.505  -83.450  -22.141 0.6999999881
272  27.672  -81.287  -26.580 0.8999999762
931  29.645  -79.267  -30.094 0.8000000119
1869  12.119  -75.624  -21.397 1.0000000000
2289  11.757  -74.695  -21.107 1.0000000000
1163  12.804  -76.877  -21.310 1.0000000000
1510  13.024  -77.080  -22.345 1.0000000000
128769  13.703  -75.020  -23.591 1.0000000000
1893  13.838  -75.876  -23.699 1.0000000000
2321  14.607  -75.178  -23.454 1.0000000000
876  14.973  -79.043  -22.163 1.0000000000
131265  15.864  -80.259  -20.258 1.0000000000
403  16.161  -80.788  -20.646 1.0000000000
82  17.016  -83.179  -18.874 0.6000000238
233  16.264  -81.734  -19.161 0.8000000119
35  21.065  -84.745  -19.824 0.6999999881
42  22.313  -84.398  -20.916 0.8000000119
670  16.764  -79.498  -27.026 0.8000000119
431  19.898  -80.282  -24.864 0.8999999762
48  23.626  -84.259  -21.371 0.6999999881
88  25.355  -83.754  -21.210 0.6000000238
128756  27.470  -82.323  -21.979 0.6000000238
160  26.048  -82.940  -23.813 0.8000000119
639  31.166  -78.926  -23.379 0.6000000238
117438  30.569  -79.608  -23.038 0.6000000238
421  30.061  -80.128  -23.504 0.6000000238
283  23.325  -81.560  -27.667 0.8999999762
452  28.079  -80.720  -27.741 1.0000000000
135353  27.707  -79.599  -29.056 0.8999999762
1241  30.784  -78.084  -29.800 0.8000000119
946  29.741  -78.368  -32.441 0.8000000119
1649  26.061  -76.987  -34.668 0.8999999762
1882  12.267  -75.228  -22.737 1.0000000000
1892  14.744  -76.110  -23.705 1.0000000000
131440  16.509  -75.814  -22.693 1.0000000000
637  16.232  -79.852  -22.766 1.0000000000
628  16.028  -80.115  -22.070 1.0000000000
420  16.707  -80.464  -22.332 1.0000000000
143  16.747  -82.200  -19.975 0.8999999762
137  17.069  -82.938  -19.715 0.8000000119
132123  19.606  -84.640  -19.532 0.6000000238
46  18.881  -84.355  -19.794 0.6999999881
44  20.544  -84.438  -20.494 0.8000000119
50  21.666  -84.039  -21.404 0.8000000119
98  23.319  -83.484  -22.864 0.8000000119
97  24.004  -83.703  -22.807 0.6999999881
103  25.220  -83.172  -23.758 0.8999999762
104  24.425  -83.214  -23.594 0.6999999881
647  26.194  -79.557  -24.838 1.0000000000
164  26.355  -82.481  -24.703 0.8999999762
437  22.575  -80.833  -25.726 0.8999999762
259  29.023  -81.058  -24.285 0.6000000238
264  28.706  -81.187  -25.033 0.6000000238
447  23.420  -81.143  -26.956 0.8999999762
663  30.243  -79.692  -26.220 0.6999999881
443  28.964  -80.779  -26.590 0.6999999881
133769  26.671  -80.628  -26.845 1.0000000000
902  31.239  -77.940  -26.069 0.6000000238
903  30.940  -78.797  -26.362 0.6999999881
671  30.357  -79.455  -27.117 0.6999999881
916  30.954  -78.612  -27.313 0.6999999881
462  24.196  -80.888  -28.529 0.8999999762
284  22.494  -81.856  -27.669 0.8999999762
1233  30.961  -78.100  -28.930 0.8000000119
124709  30.964  -77.187  -30.098 0.8000000119
1634  27.174  -76.384  -33.029 0.8999999762
1627  30.910  -76.671  -31.789 0.8000000119
937  30.263  -78.692  -30.458 0.8000000119
129938  29.501  -78.781  -31.757 0.8000000119
701  27.847  -78.637  -31.393 0.8999999762
1639  30.549  -76.552  -33.471 0.8000000119
115885  25.691  -76.697  -34.185 0.8999999762
1647  29.837  -76.619  -34.738 0.8999999762
957  28.643  -78.046  -34.012 0.8999999762
1646  30.365  -76.319  -34.121 0.8000000119
1280  25.981  -77.612  -35.450 0.8999999762
119629  11.613  -74.538  -20.088 0.8999999762
2312  11.882  -74.388  -22.716 1.0000000000
1895  12.644  -75.083  -23.295 1.0000000000
2325  11.985  -73.872  -23.239 1.0000000000
2323  13.470  -74.239  -23.563 1.0000000000
2843  13.990  -73.555  -23.293 1.0000000000
2310  15.316  -74.389  -22.753 1.0000000000
2296  17.386  -74.416  -21.477 1.0000000000
889  17.091  -78.492  -23.338 1.0000000000
1184  17.520  -77.709  -22.879 1.0000000000
1508  18.838  -76.689  -21.611 1.0000000000
2294  18.779  -75.118  -20.993 1.0000000000
643  17.310  -79.223  -23.132 1.0000000000
1866  19.444  -75.577  -20.847 1.0000000000
246  16.870  -81.240  -21.629 1.0000000000
152  16.921  -81.868  -21.025 1.0000000000
131561  17.578  -83.208  -20.240 0.8999999762
134850  20.557  -83.658  -21.333 1.0000000000
80  18.137  -84.099  -19.493 0.6999999881
93  18.680  -83.322  -21.135 1.0000000000
101  20.978  -82.644  -21.620 1.0000000000
52  19.993  -83.995  -21.061 1.0000000000
92  19.395  -83.497  -21.246 1.0000000000
122879  21.831  -82.796  -21.871 1.0000000000
51  20.866  -84.069  -21.167 0.8999999762
134938  22.166  -83.182  -22.047 1.0000000000
249  23.663  -81.463  -22.706 1.0000000000
106  23.037  -83.019  -23.145 0.8999999762
49  22.448  -84.010  -21.811 0.8000000119
429  25.061  -80.847  -24.682 1.0000000000
105  23.690  -83.192  -23.402 1.0000000000
262  25.027  -81.573  -25.042 1.0000000000
275  25.992  -81.083  -26.013 1.0000000000
169  25.720  -81.648  -25.613 1.0000000000
165  25.434  -82.306  -25.070 1.0000000000
655  30.649  -79.231  -25.470 0.6999999881
453  27.557  -80.497  -27.727 1.0000000000
1548  31.493  -76.882  -24.637 0.6000000238
678  29.802  -79.593  -28.717 0.8999999762
461  27.652  -80.045  -28.489 1.0000000000
1232  31.181  -77.392  -28.315 0.6999999881
115621  27.438  -79.096  -28.299 0.8999999762
690  27.911  -79.451  -29.781 0.8999999762
932  27.781  -78.858  -30.029 0.8999999762
1618  31.172  -76.207  -29.943 0.6999999881
695  27.908  -79.079  -30.571 0.8999999762
947  29.129  -78.462  -33.025 0.8999999762
125827  24.538  -78.993  -34.147 0.8999999762
2009  30.979  -74.765  -34.790 0.6999999881
960  25.364  -77.963  -35.199 0.8999999762
1283  28.641  -76.856  -35.728 0.8999999762
2019  29.222  -75.402  -37.520 0.8000000119
2465  28.652  -74.672  -39.112 0.8000000119
2803  11.607  -73.583  -20.937 1.0000000000
2844  13.165  -73.484  -23.616 1.0000000000
1881  15.541  -75.417  -23.153 1.0000000000
2829  14.808  -73.568  -22.747 1.0000000000
2308  16.942  -75.017  -21.936 1.0000000000
123823  19.521  -76.342  -21.165 1.0000000000
2801  18.363  -73.273  -20.520 1.0000000000
1519  18.204  -77.103  -22.172 1.0000000000
2800  19.211  -73.459  -20.202 1.0000000000
883  17.771  -78.464  -22.923 1.0000000000
425  16.981  -79.989  -22.915 1.0000000000
151  17.659  -82.307  -21.359 1.0000000000
241  22.013  -81.458  -21.518 1.0000000000
148  20.132  -82.615  -21.686 1.0000000000
146  22.191  -82.204  -21.911 1.0000000000
240  22.813  -81.531  -21.698 1.0000000000
251  22.691  -82.200  -22.367 1.0000000000
239  23.617  -81.221  -21.854 1.0000000000
257  23.978  -81.440  -23.401 1.0000000000
423  24.986  -80.553  -23.708 1.0000000000
904  27.103  -78.374  -25.358 1.0000000000
895  26.697  -78.921  -25.018 1.0000000000
648  25.918  -79.627  -23.996 1.0000000000
1571  27.911  -76.858  -26.415 1.0000000000
905  26.816  -79.020  -25.779 1.0000000000
435  25.456  -80.980  -25.406 1.0000000000
665  27.120  -79.423  -27.319 1.0000000000
129279  27.716  -77.435  -27.009 1.0000000000
1581  31.296  -76.611  -27.628 0.6999999881
1242  27.729  -78.087  -29.748 0.8999999762
1240  31.087  -77.026  -29.238 0.6999999881
1254  30.634  -77.602  -31.457 0.8000000119
940  30.192  -78.256  -31.879 0.8000000119
118386  27.689  -77.898  -31.164 0.8999999762
135051  31.289  -75.610  -30.521 0.6000000238
1982  31.369  -74.768  -32.465 0.6999999881
958  28.122  -78.163  -33.917 0.8999999762
478  22.706  -80.591  -32.773 0.8999999762
2459  30.975  -74.193  -37.130 0.6999999881
117212  30.165  -74.068  -38.496 0.8000000119
6123  10.614  -67.794  -20.304 1.0000000000
6121  12.220  -67.035  -20.044 1.0000000000
117192  15.123  -72.822  -22.338 1.0000000000
6105  12.408  -66.900  -19.242 1.0000000000
2297  16.671  -74.208  -21.813 1.0000000000
2814  16.356  -73.344  -21.664 1.0000000000
3331  16.911  -72.952  -21.184 1.0000000000
6741  11.626  -65.929  -17.392 1.0000000000
1859  20.002  -75.253  -20.513 1.0000000000
1865  20.136  -75.929  -20.725 1.0000000000
127129  19.514  -74.162  -20.298 1.0000000000
7344  11.337  -65.471  -16.768 1.0000000000
2287  19.468  -74.809  -20.573 1.0000000000
3314  18.825  -72.732  -20.054 1.0000000000
1183  18.487  -78.003  -22.437 1.0000000000
3304  20.842  -73.050  -19.019 1.0000000000
134555  20.175  -70.661  -17.971 1.0000000000
881  19.161  -78.683  -22.376 1.0000000000
123419  19.550  -77.136  -21.548 1.0000000000
3804  21.134  -71.019  -17.479 1.0000000000
4394  19.860  -69.878  -17.798 1.0000000000
418  18.339  -80.536  -22.553 1.0000000000
4384  20.607  -70.084  -17.317 1.0000000000
253  17.834  -81.224  -22.281 1.0000000000
5561  22.877  -68.430  -20.523 1.0000000000
252  18.799  -81.371  -22.227 1.0000000000
409  21.759  -80.608  -21.398 1.0000000000
410  20.822  -80.777  -21.693 1.0000000000
243  19.532  -81.981  -21.909 1.0000000000
116316  18.790  -82.157  -21.890 1.0000000000
5562  22.357  -68.662  -20.982 1.0000000000
401  23.273  -79.969  -20.907 1.0000000000
132166  21.309  -81.312  -21.588 1.0000000000
900  19.677  -78.439  -24.447 0.8999999762
5010  21.939  -69.478  -20.791 1.0000000000
407  23.333  -80.713  -21.184 1.0000000000
901  18.966  -78.642  -24.738 0.8999999762
406  24.207  -80.630  -21.347 1.0000000000
909  18.186  -78.790  -25.181 0.8999999762
624  25.479  -79.805  -21.573 1.0000000000
632  26.102  -79.197  -21.937 1.0000000000
651  20.535  -79.583  -24.538 0.8999999762
911  16.634  -78.634  -26.309 0.8000000119
888  26.618  -78.515  -23.168 1.0000000000
129956  16.353  -78.918  -27.192 0.8000000119
887  26.966  -78.058  -23.631 1.0000000000
659  21.813  -80.447  -25.066 0.8999999762
430  20.812  -80.452  -24.821 0.8999999762
271  18.733  -81.174  -26.061 0.8000000119
1561  27.730  -77.120  -25.480 1.0000000000
649  22.240  -79.494  -24.747 0.8999999762
658  22.588  -79.996  -25.256 0.8999999762
127469  21.801  -81.259  -25.620 0.8999999762
1231  15.699  -77.743  -27.684 0.8000000119
907  23.776  -78.682  -25.468 0.8999999762
1933  28.837  -74.798  -27.696 1.0000000000
119788  27.401  -77.886  -25.667 1.0000000000
667  24.316  -79.259  -27.111 0.8999999762
657  23.181  -80.038  -25.798 0.8999999762
1583  28.046  -76.678  -27.410 1.0000000000
917  24.591  -78.817  -27.768 0.8999999762
455  23.935  -80.919  -27.649 0.8999999762
668  23.793  -80.037  -26.731 0.8999999762
1591  14.683  -76.597  -27.799 0.8000000119
1951  13.780  -75.405  -28.260 0.6999999881
2887  28.560  -73.237  -29.094 0.8999999762
133742  28.127  -76.307  -28.934 0.8999999762
691  24.511  -80.138  -28.887 0.8999999762
1604  14.455  -76.075  -28.528 0.6999999881
1963  14.290  -75.508  -29.315 0.6999999881
121122  24.477  -80.093  -29.819 0.8999999762
288  23.672  -81.415  -29.027 0.8999999762
1614  15.739  -76.527  -29.857 0.6999999881
2397  13.655  -74.827  -29.043 0.6999999881
1609  27.852  -77.081  -29.334 0.8999999762
696  24.421  -79.879  -30.762 0.8999999762
293  23.738  -81.235  -29.913 0.8999999762
1977  14.928  -75.546  -30.387 0.6999999881
2893  13.184  -74.156  -28.744 0.6999999881
120175  24.545  -78.169  -30.340 0.8999999762
473  23.708  -80.886  -31.263 0.8999999762
3426  12.563  -72.673  -29.703 0.6999999881
1628  27.611  -75.556  -31.719 0.8999999762
128093  24.347  -79.527  -31.775 0.8999999762
481  24.008  -80.188  -33.146 0.8999999762
3433  13.149  -73.391  -31.309 0.6000000238
1262  24.497  -77.648  -32.601 0.8999999762
134550  23.763  -80.571  -31.874 0.8999999762
298  22.002  -81.063  -30.071 0.6999999881
2409  14.036  -74.523  -30.986 0.6000000238
135502  12.360  -72.358  -31.152 0.5000000000
2460  30.308  -74.452  -37.620 0.8000000119
1659  29.036  -76.228  -36.233 0.8999999762
1287  27.731  -77.144  -36.703 0.8999999762
1273  26.659  -77.498  -35.226 0.8999999762
1274  25.102  -77.711  -34.519 0.8999999762
486  23.900  -80.099  -33.968 0.8999999762
970  25.445  -78.518  -36.540 0.8999999762
961  24.784  -78.644  -34.843 0.8999999762
709  24.255  -79.603  -34.516 0.8999999762
491  22.875  -79.989  -34.924 0.8999999762
487  23.238  -80.180  -34.197 0.8999999762
483  22.608  -80.325  -33.718 0.8999999762
137063  26.060  -78.201  -36.829 0.8999999762
132697  24.142  -79.152  -36.927 0.8999999762
713  23.325  -79.755  -35.594 0.8999999762
2949  30.933  -73.766  -38.120 0.6999999881
1668  27.830  -76.335  -38.122 0.8000000119
1292  27.440  -77.019  -37.589 0.8000000119
973  25.644  -78.374  -37.263 0.8000000119
2468  29.525  -73.038  -39.793 0.6000000238
2470  28.233  -74.083  -39.722 0.6999999881
1669  27.008  -76.657  -38.465 0.8000000119
974  25.005  -77.955  -38.401 0.8000000119
138448  25.176  -78.357  -37.774 0.8000000119
722  23.286  -79.171  -37.078 0.8999999762
1673  26.585  -75.957  -39.265 0.8000000119
2471  27.429  -74.509  -39.674 0.6999999881
117638  11.384  -73.169  -22.074 1.0000000000
2830  11.585  -73.586  -22.714 1.0000000000
118675  11.353  -72.878  -22.755 1.0000000000
2845  12.377  -73.308  -23.523 1.0000000000
3362  12.942  -72.704  -23.595 1.0000000000
132569  14.704  -72.287  -22.526 1.0000000000
2815  15.779  -72.670  -21.792 1.0000000000
115082  15.882  -71.833  -21.418 1.0000000000
3315  17.954  -72.324  -20.267 1.0000000000
1858  20.663  -75.389  -20.349 1.0000000000
2285  21.206  -74.904  -19.886 1.0000000000
2792  20.489  -73.596  -19.542 1.0000000000
3307  18.664  -71.972  -19.709 1.0000000000
2790  22.375  -73.909  -18.921 1.0000000000
1507  20.382  -76.771  -21.111 1.0000000000
3815  19.537  -71.098  -18.690 1.0000000000
3824  18.600  -71.113  -19.278 1.0000000000
635  18.851  -79.623  -22.594 1.0000000000
875  19.863  -78.447  -22.023 1.0000000000
4973  23.138  -69.790  -16.435 1.0000000000
5539  22.987  -68.171  -16.784 1.0000000000
4975  21.857  -69.365  -16.496 1.0000000000
634  19.847  -79.319  -22.181 1.0000000000
417  19.372  -80.345  -22.340 1.0000000000
5538  23.750  -68.572  -17.012 1.0000000000
873  22.076  -78.721  -21.317 1.0000000000
416  20.296  -80.127  -21.958 1.0000000000
6099  23.565  -67.735  -18.387 1.0000000000
618  23.621  -79.234  -20.760 1.0000000000
625  21.906  -79.665  -21.333 1.0000000000
5000  23.745  -68.854  -19.506 1.0000000000
863  24.359  -78.629  -20.572 1.0000000000
1207  19.219  -77.737  -24.466 0.8999999762
5018  21.210  -69.365  -21.302 1.0000000000
862  25.642  -78.641  -20.694 1.0000000000
617  24.550  -79.404  -20.668 1.0000000000
616  25.296  -79.357  -20.822 1.0000000000
400  24.005  -80.075  -20.828 1.0000000000
1213  17.868  -78.001  -25.203 0.8999999762
872  26.419  -78.557  -21.454 1.0000000000
1205  21.145  -78.350  -24.086 0.8999999762
879  26.921  -77.963  -22.763 1.0000000000
1204  22.034  -78.146  -23.962 0.8999999762
125095  21.058  -79.037  -24.349 0.8999999762
1532  27.796  -76.617  -23.717 1.0000000000
1190  27.342  -77.367  -23.190 1.0000000000
1221  16.010  -78.185  -26.890 0.8000000119
126536  27.671  -77.073  -24.597 1.0000000000
896  23.403  -78.368  -24.696 0.8999999762
898  21.771  -78.889  -24.342 0.8999999762
1549  28.033  -76.422  -24.757 1.0000000000
1212  24.088  -77.951  -25.041 0.8999999762
1560  28.193  -76.255  -25.704 1.0000000000
1921  28.758  -75.128  -26.903 1.0000000000
1225  24.724  -77.842  -27.397 0.8999999762
1937  14.057  -75.909  -27.544 0.8000000119
1598  25.198  -76.415  -28.089 0.8999999762
134430  24.763  -78.069  -28.128 0.8999999762
4482  11.085  -70.710  -27.179 0.8999999762
128980  28.666  -75.069  -28.328 1.0000000000
681  24.389  -79.969  -27.871 0.8999999762
1945  28.443  -75.432  -29.023 0.8999999762
1235  24.795  -77.745  -28.813 0.8999999762
5067  10.841  -69.916  -27.726 0.8999999762
1969  27.865  -74.757  -31.105 0.8999999762
4497  11.503  -70.489  -28.965 0.8999999762
1250  24.578  -77.239  -30.793 0.8999999762
474  22.994  -81.144  -31.139 0.8999999762
2911  13.470  -73.947  -30.864 0.6999999881
2894  12.808  -73.364  -29.006 0.6999999881
1256  24.495  -77.363  -31.667 0.8999999762
116589  23.211  -80.833  -31.905 0.8000000119
2902  12.961  -73.384  -30.230 0.6999999881
2002  26.468  -75.827  -33.228 0.8999999762
1635  25.359  -75.809  -32.905 0.8999999762
119030  24.627  -76.740  -32.263 0.8999999762
492  21.964  -79.762  -34.913 0.8000000119
1288  27.076  -77.619  -37.036 0.8000000119
1293  26.544  -77.489  -38.019 0.8000000119
715  21.456  -79.263  -35.486 0.6999999881
971  21.332  -78.321  -36.544 0.6999999881
1672  27.412  -76.025  -38.790 0.8000000119
1295  24.014  -77.637  -38.812 0.8000000119
1675  24.355  -76.033  -39.625 0.6999999881
1296  23.223  -77.349  -38.690 0.6999999881
2966  26.639  -73.568  -39.652 0.6000000238
2028  24.832  -75.326  -39.829 0.5000000000
3869  11.973  -70.561  -23.251 1.0000000000
3363  12.090  -72.486  -23.519 1.0000000000
3868  12.962  -71.206  -23.377 1.0000000000
118988  13.804  -72.053  -23.125 1.0000000000
3866  14.710  -71.572  -22.429 1.0000000000
4429  16.171  -69.903  -21.106 1.0000000000
4416  17.151  -70.396  -20.089 1.0000000000
3316  17.076  -72.311  -20.740 1.0000000000
3834  18.026  -71.527  -19.807 1.0000000000
3823  19.230  -71.712  -19.268 1.0000000000
2274  21.809  -74.429  -19.432 1.0000000000
2778  22.087  -73.268  -18.558 1.0000000000
3291  19.936  -71.971  -19.012 1.0000000000
2789  23.290  -73.953  -18.902 1.0000000000
3813  21.329  -72.004  -18.056 1.0000000000
2283  23.415  -75.243  -19.910 1.0000000000
134991  22.707  -75.357  -19.972 1.0000000000
2284  22.026  -75.134  -19.859 1.0000000000
129682  22.693  -71.291  -16.918 1.0000000000
1494  22.464  -76.545  -20.656 1.0000000000
1495  21.674  -76.302  -20.616 1.0000000000
1173  20.305  -77.777  -21.650 1.0000000000
116565  22.061  -70.855  -16.836 1.0000000000
1172  21.953  -77.810  -21.254 1.0000000000
4382  22.910  -70.620  -16.599 1.0000000000
126962  21.234  -79.102  -21.592 1.0000000000
116290  21.215  -78.232  -21.546 1.0000000000
4981  23.879  -69.384  -16.690 1.0000000000
865  22.627  -78.159  -21.125 1.0000000000
626  21.101  -79.937  -21.609 1.0000000000
5547  24.065  -68.380  -17.862 1.0000000000
1155  25.459  -77.304  -20.456 1.0000000000
121056  24.249  -77.878  -20.545 1.0000000000
126797  21.726  -68.853  -21.286 1.0000000000
121449  25.104  -78.079  -20.470 1.0000000000
129422  22.457  -69.874  -20.287 1.0000000000
5571  21.121  -68.631  -21.758 1.0000000000
1504  27.316  -76.655  -21.704 1.0000000000
1170  26.972  -77.407  -21.595 1.0000000000
1208  18.417  -77.412  -24.784 0.8999999762
5019  20.611  -69.272  -21.634 1.0000000000
3880  16.749  -71.710  -23.743 1.0000000000
1182  26.825  -77.974  -21.897 1.0000000000
117550  22.918  -77.931  -24.067 0.8999999762
1214  17.011  -77.881  -25.567 0.8999999762
1531  28.135  -75.903  -23.413 1.0000000000
1518  27.605  -76.689  -22.669 1.0000000000
1551  23.957  -76.890  -23.979 0.8999999762
897  22.606  -78.687  -24.445 0.8999999762
1215  16.229  -77.548  -26.117 0.8000000119
130097  28.630  -75.211  -24.219 1.0000000000
1900  28.526  -75.550  -24.999 1.0000000000
1203  23.686  -77.604  -24.341 0.8999999762
131947  15.701  -76.939  -26.300 0.8000000119
2330  29.003  -74.562  -24.790 1.0000000000
1211  24.574  -77.415  -25.531 0.8999999762
128564  29.057  -74.576  -26.330 1.0000000000
2871  26.777  -73.264  -26.703 1.0000000000
1573  25.017  -76.823  -26.087 0.8999999762
2359  29.197  -73.965  -27.392 1.0000000000
1584  25.424  -75.945  -27.343 0.8999999762
914  24.469  -78.447  -26.826 0.8999999762
2879  29.090  -72.931  -28.202 0.8999999762
1934  25.730  -75.113  -27.441 0.8999999762
1938  13.412  -75.191  -27.302 0.8000000119
2380  26.495  -73.634  -28.469 0.8999999762
1599  24.945  -76.818  -28.859 0.8999999762
133906  28.374  -73.833  -29.717 0.8999999762
2392  25.867  -74.206  -29.911 0.8999999762
1610  25.015  -76.243  -29.598 0.8999999762
2402  27.421  -73.986  -31.065 0.8999999762
2404  25.966  -74.116  -30.649 0.8999999762
1622  24.802  -76.387  -30.462 0.8999999762
933  24.659  -78.382  -29.464 0.8999999762
2427  26.647  -74.733  -32.208 0.8999999762
1629  24.699  -76.379  -31.480 0.8999999762
943  24.419  -78.396  -31.744 0.8999999762
476  24.072  -80.216  -32.279 0.8999999762
1636  24.897  -76.024  -32.354 0.8999999762
950  24.425  -78.828  -32.462 0.8999999762
3442  12.718  -72.695  -31.740 0.5000000000
714  22.309  -79.593  -35.654 0.8000000119
976  22.828  -78.588  -37.708 0.6999999881
723  22.316  -78.906  -37.085 0.8000000119
1674  25.467  -76.095  -39.509 0.8000000119
1300  24.097  -76.808  -39.254 0.8000000119
1298  22.312  -77.195  -38.002 0.6999999881
1676  23.393  -75.970  -39.220 0.6999999881
2477  24.945  -74.312  -39.724 0.5000000000
3319  11.679  -72.580  -20.266 1.0000000000
3333  11.354  -72.528  -21.421 1.0000000000
3870  11.016  -71.574  -22.579 1.0000000000
127095  11.402  -69.628  -22.641 1.0000000000
5583  13.097  -68.658  -22.632 1.0000000000
3867  13.999  -70.954  -22.871 1.0000000000
5029  14.222  -68.930  -22.419 1.0000000000
3853  14.808  -70.708  -22.288 1.0000000000
5573  15.586  -68.005  -21.832 1.0000000000
4430  15.640  -69.876  -21.588 1.0000000000
5563  16.370  -68.289  -21.354 1.0000000000
6773  11.602  -66.654  -18.724 1.0000000000
5012  16.521  -69.369  -20.846 1.0000000000
6135  17.562  -67.525  -20.687 1.0000000000
5011  16.917  -69.680  -20.347 1.0000000000
6118  18.290  -67.912  -19.835 1.0000000000
5002  17.964  -69.515  -19.398 1.0000000000
3825  17.783  -70.809  -19.673 1.0000000000
4395  18.925  -70.378  -18.738 1.0000000000
2777  22.865  -73.292  -18.400 1.0000000000
3289  21.440  -72.820  -18.561 1.0000000000
4984  19.606  -69.122  -17.840 1.0000000000
3802  23.505  -71.166  -16.837 1.0000000000
4380  24.432  -69.821  -16.910 1.0000000000
6090  22.530  -67.400  -17.181 1.0000000000
1854  24.744  -75.747  -20.244 1.0000000000
1493  23.834  -76.547  -20.465 1.0000000000
1156  24.593  -77.128  -20.446 1.0000000000
1158  22.748  -77.389  -20.938 1.0000000000
4990  24.812  -68.903  -18.086 1.0000000000
4980  24.454  -69.084  -17.285 1.0000000000
5555  23.480  -68.247  -19.731 1.0000000000
1491  25.295  -76.455  -20.376 1.0000000000
4991  24.240  -68.565  -18.592 1.0000000000
115491  26.145  -76.944  -20.602 1.0000000000
1194  20.512  -77.008  -23.775 1.0000000000
1206  20.283  -77.799  -24.110 0.8999999762
134613  27.449  -75.626  -21.437 1.0000000000
138463  26.379  -77.469  -20.781 1.0000000000
1535  21.726  -76.669  -23.396 1.0000000000
4415  21.979  -70.458  -20.647 1.0000000000
126373  21.327  -70.012  -20.995 1.0000000000
1534  22.606  -76.598  -23.379 0.8999999762
1192  22.305  -77.352  -23.648 0.8999999762
1552  18.963  -76.833  -24.444 0.8999999762
3879  17.403  -71.441  -23.243 1.0000000000
2302  28.588  -74.797  -22.956 1.0000000000
1517  27.917  -76.139  -22.965 1.0000000000
132442  24.096  -76.244  -23.714 1.0000000000
1554  17.194  -76.310  -25.194 0.8999999762
3359  17.347  -72.238  -23.454 1.0000000000
1885  28.460  -75.338  -23.528 1.0000000000
1209  17.641  -77.079  -25.115 0.8999999762
1564  16.785  -76.984  -25.551 0.8999999762
1555  16.727  -75.698  -25.243 0.8999999762
138132  29.563  -73.256  -25.955 1.0000000000
1910  25.402  -75.475  -25.010 0.8999999762
1202  24.322  -77.178  -24.688 0.8999999762
1912  16.044  -75.958  -25.626 0.8999999762
3889  16.171  -71.308  -24.228 1.0000000000
2343  26.292  -73.993  -25.940 1.0000000000
1563  24.826  -76.660  -25.183 0.8999999762
3383  14.723  -73.048  -25.389 1.0000000000
3391  29.452  -71.995  -27.006 1.0000000000
3899  13.869  -71.875  -25.403 1.0000000000
2358  29.420  -72.722  -27.330 1.0000000000
3405  28.625  -72.076  -27.934 0.8999999762
1572  25.304  -76.236  -26.565 0.8999999762
1585  25.070  -76.884  -27.138 0.8999999762
1914  14.551  -75.228  -26.060 0.8999999762
1928  13.955  -75.549  -26.726 0.8000000119
3404  29.107  -72.210  -27.729 1.0000000000
2881  26.700  -73.414  -27.568 0.8999999762
2888  28.079  -72.822  -29.296 0.8999999762
123231  25.228  -76.055  -28.860 0.8999999762
2885  12.798  -73.842  -27.910 0.6999999881
2906  27.193  -73.524  -30.621 0.8999999762
3952  12.223  -71.944  -29.575 0.6999999881
2417  25.840  -74.436  -31.406 0.8999999762
122822  25.319  -75.070  -31.360 0.8999999762
3959  12.164  -71.986  -30.586 0.6999999881
3969  12.140  -72.003  -31.647 0.5000000000
3960  11.635  -71.195  -30.937 0.5000000000
1286  21.409  -77.802  -36.603 0.6999999881
978  21.697  -77.893  -37.128 0.6000000238
2474  23.707  -74.851  -39.342 0.6000000238
5558  10.025  -68.456  -19.680 1.0000000000
4432  10.655  -70.238  -22.066 1.0000000000
3854  10.917  -71.709  -21.826 1.0000000000
4444  13.204  -70.232  -23.114 1.0000000000
6136  16.772  -67.437  -21.246 1.0000000000
5022  15.252  -68.910  -22.038 1.0000000000
118492  15.399  -70.525  -21.791 1.0000000000
6782  18.963  -66.106  -20.349 1.0000000000
6134  18.306  -66.798  -20.480 1.0000000000
4404  17.662  -70.114  -19.618 1.0000000000
6116  19.671  -66.390  -19.805 1.0000000000
6117  19.015  -67.074  -19.892 1.0000000000
4992  19.001  -68.926  -18.463 1.0000000000
5542  20.059  -68.659  -17.509 1.0000000000
2775  24.469  -73.096  -18.586 1.0000000000
2776  23.747  -73.256  -18.426 1.0000000000
2271  24.609  -74.510  -19.679 1.0000000000
3288  22.296  -72.549  -17.975 1.0000000000
5540  21.526  -68.478  -16.674 1.0000000000
3287  23.383  -72.632  -17.834 1.0000000000
3812  24.116  -71.790  -17.356 1.0000000000
3803  22.063  -71.649  -17.371 1.0000000000
124745  24.889  -71.959  -17.797 1.0000000000
115209  25.049  -75.102  -20.100 1.0000000000
1856  22.237  -75.814  -20.289 1.0000000000
3801  24.436  -70.686  -16.970 1.0000000000
1853  25.921  -75.138  -20.289 1.0000000000
1855  23.966  -75.815  -20.239 1.0000000000
4989  25.498  -69.214  -18.544 1.0000000000
5001  22.742  -69.098  -20.205 1.0000000000
116629  26.078  -76.016  -20.442 1.0000000000
4997  26.600  -69.081  -20.018 1.0000000000
4414  22.775  -70.401  -20.328 1.0000000000
1851  27.103  -75.128  -20.931 1.0000000000
124067  26.586  -74.882  -20.572 1.0000000000
115590  21.173  -75.977  -23.239 1.0000000000
3832  22.717  -71.173  -20.861 1.0000000000
2303  28.124  -75.008  -22.117 1.0000000000
4426  21.114  -70.825  -21.185 1.0000000000
5026  19.187  -69.737  -22.147 1.0000000000
4454  16.047  -70.455  -24.352 1.0000000000
124766  28.575  -74.251  -22.471 1.0000000000
1533  23.441  -76.449  -23.513 1.0000000000
1537  19.326  -76.174  -23.928 1.0000000000
132920  18.295  -76.739  -24.690 0.8999999762
3345  17.945  -72.007  -22.905 1.0000000000
2314  28.847  -74.606  -23.794 1.0000000000
2344  25.865  -74.666  -25.197 1.0000000000
1904  17.414  -75.596  -24.800 0.8999999762
3360  16.746  -72.493  -23.981 1.0000000000
1902  25.007  -75.706  -24.409 1.0000000000
1890  19.632  -75.411  -23.480 1.0000000000
2333  18.296  -74.821  -23.888 1.0000000000
133105  16.919  -74.973  -24.871 0.8999999762
2859  29.705  -72.460  -25.770 1.0000000000
3906  29.343  -71.675  -26.435 1.0000000000
118978  25.641  -75.293  -25.721 0.8999999762
2348  16.112  -75.076  -25.343 0.8999999762
127381  13.304  -71.160  -25.495 1.0000000000
3394  27.430  -72.472  -26.663 1.0000000000
2335  15.925  -74.212  -25.187 0.8999999762
2360  26.291  -74.145  -26.774 0.8999999762
122962  25.929  -74.792  -26.879 0.8999999762
2349  15.225  -74.724  -25.562 0.8999999762
127293  14.390  -74.424  -25.783 0.8999999762
2350  13.899  -74.877  -26.260 0.8999999762
3384  13.977  -72.850  -25.462 1.0000000000
2880  28.029  -72.412  -28.645 0.8999999762
2875  12.894  -73.970  -26.469 0.8999999762
2889  27.420  -72.882  -29.204 0.8999999762
120796  25.928  -74.604  -28.109 0.8999999762
2886  12.399  -73.446  -26.978 0.8999999762
3409  12.079  -72.686  -27.159 0.8999999762
2381  25.898  -74.414  -28.940 0.8999999762
117530  12.414  -72.969  -27.900 0.6999999881
3939  12.100  -71.742  -28.698 0.6999999881
1958  25.398  -75.269  -29.472 0.8999999762
121675  11.901  -71.409  -30.041 0.6000000238
6153  11.352  -67.784  -21.129 1.0000000000
6106  11.212  -67.026  -19.646 1.0000000000
5574  13.687  -67.885  -22.272 1.0000000000
5575  12.670  -67.973  -22.226 1.0000000000
5023  10.731  -69.269  -21.894 1.0000000000
6122  11.486  -67.367  -20.393 1.0000000000
120213  14.717  -67.925  -22.146 1.0000000000
5564  15.762  -66.919  -21.476 1.0000000000
6791  16.728  -66.072  -20.625 1.0000000000
7366  17.529  -65.668  -20.303 1.0000000000
130132  18.535  -65.390  -20.001 1.0000000000
129019  17.031  -68.706  -20.574 1.0000000000
5557  17.724  -68.717  -19.847 1.0000000000
121806  19.540  -65.666  -19.907 1.0000000000
5549  18.905  -68.079  -18.964 1.0000000000
6781  20.249  -66.030  -19.483 1.0000000000
6780  20.980  -66.163  -18.820 1.0000000000
6092  20.371  -68.018  -17.440 1.0000000000
6091  21.659  -67.606  -16.936 1.0000000000
2788  24.270  -73.820  -19.065 1.0000000000
6750  22.489  -66.757  -17.908 1.0000000000
6115  23.442  -67.321  -19.147 1.0000000000
2787  25.641  -73.736  -19.712 1.0000000000
116214  25.754  -72.360  -18.876 1.0000000000
6133  23.526  -66.918  -20.932 1.0000000000
121717  23.372  -67.766  -20.360 1.0000000000
2281  25.395  -74.450  -19.934 1.0000000000
3286  25.040  -72.509  -18.385 1.0000000000
4392  25.762  -70.127  -18.214 1.0000000000
4393  25.082  -69.765  -17.543 1.0000000000
3313  26.623  -72.793  -19.951 1.0000000000
133560  26.232  -71.526  -18.868 1.0000000000
4999  24.778  -68.893  -19.025 1.0000000000
5570  21.999  -68.214  -21.636 1.0000000000
2797  26.848  -73.531  -20.418 1.0000000000
126742  27.110  -71.815  -19.884 1.0000000000
125310  26.844  -69.744  -19.525 1.0000000000
4402  26.187  -69.402  -19.082 1.0000000000
5009  24.199  -69.431  -19.761 1.0000000000
117355  23.210  -69.719  -20.030 1.0000000000
5581  20.547  -68.120  -22.271 1.0000000000
2807  27.658  -73.543  -21.079 1.0000000000
2292  28.242  -74.023  -21.810 1.0000000000
136816  27.011  -68.952  -20.531 1.0000000000
4413  23.689  -70.393  -20.494 1.0000000000
5572  20.256  -68.831  -22.002 1.0000000000
2819  28.815  -73.439  -22.377 1.0000000000
2315  25.320  -74.272  -23.649 1.0000000000
1887  22.902  -75.908  -23.105 1.0000000000
1888  22.054  -75.955  -23.076 1.0000000000
1878  21.566  -75.120  -22.828 1.0000000000
3864  18.671  -71.146  -22.391 1.0000000000
2835  29.060  -73.833  -23.198 1.0000000000
2818  29.354  -72.816  -22.995 1.0000000000
120848  24.544  -75.575  -23.697 1.0000000000
1889  20.542  -75.269  -23.139 1.0000000000
3343  19.186  -71.752  -22.239 1.0000000000
2834  29.554  -72.873  -23.816 1.0000000000
1536  20.253  -76.213  -23.551 1.0000000000
1903  18.110  -75.516  -24.356 1.0000000000
118709  29.645  -72.175  -23.539 1.0000000000
118351  17.606  -74.874  -24.388 1.0000000000
128629  15.614  -71.047  -24.697 1.0000000000
3892  29.572  -71.624  -25.383 1.0000000000
2860  26.787  -73.014  -25.733 1.0000000000
118693  17.067  -74.187  -24.472 1.0000000000
3893  29.139  -71.212  -25.740 1.0000000000
3378  27.830  -71.892  -26.076 1.0000000000
3898  14.775  -72.271  -25.229 1.0000000000
123956  16.452  -73.915  -24.769 1.0000000000
2864  15.137  -73.746  -25.383 1.0000000000
2866  13.284  -73.479  -25.801 0.8999999762
136024  10.957  -70.550  -26.321 0.8999999762
2876  12.575  -73.161  -26.144 0.8999999762
3386  12.418  -72.505  -25.852 0.8999999762
3398  12.056  -72.571  -26.447 0.8999999762
3418  12.028  -72.096  -27.790 0.8999999762
3940  11.675  -71.153  -28.153 0.8000000119
4538  11.285  -70.591  -31.631 0.5000000000
4419  10.459  -69.876  -21.235 1.0000000000
6151  13.157  -67.469  -21.705 1.0000000000
6152  12.318  -67.634  -21.543 1.0000000000
6786  14.965  -66.511  -20.563 1.0000000000
6104  13.404  -66.993  -18.861 1.0000000000
6772  12.694  -66.754  -18.392 1.0000000000
6758  12.982  -66.592  -17.616 1.0000000000
7972  19.426  -65.066  -19.211 1.0000000000
7964  19.909  -64.792  -18.322 1.0000000000
7971  20.346  -65.151  -18.852 1.0000000000
7365  20.054  -65.546  -19.364 1.0000000000
7364  20.890  -65.818  -18.923 1.0000000000
6766  20.944  -66.620  -18.086 1.0000000000
7362  23.146  -65.447  -19.286 1.0000000000
6779  21.976  -65.907  -18.680 1.0000000000
7969  22.985  -64.701  -18.789 1.0000000000
133346  22.712  -66.072  -19.078 1.0000000000
6765  21.980  -66.266  -18.433 1.0000000000
6751  21.751  -66.892  -17.504 1.0000000000
126436  23.531  -64.386  -20.039 1.0000000000
7370  23.480  -65.211  -20.581 1.0000000000
6789  23.478  -66.086  -19.867 1.0000000000
6778  22.990  -66.574  -18.831 1.0000000000
116358  23.069  -64.795  -21.396 1.0000000000
7369  23.632  -66.101  -20.824 1.0000000000
137519  23.622  -66.514  -20.401 1.0000000000
117149  23.489  -66.911  -19.901 1.0000000000
3303  25.132  -73.217  -19.103 1.0000000000
135122  22.576  -64.498  -21.923 1.0000000000
7374  22.660  -65.221  -22.009 1.0000000000
6148  22.233  -67.452  -21.964 1.0000000000
7376  21.360  -65.367  -22.758 1.0000000000
6798  21.740  -66.221  -22.530 1.0000000000
3302  26.425  -72.130  -19.369 1.0000000000
3822  26.333  -70.466  -18.797 1.0000000000
6800  20.180  -66.652  -22.987 1.0000000000
6162  20.766  -67.331  -22.531 1.0000000000
3821  26.818  -71.022  -19.319 1.0000000000
4998  25.793  -69.110  -19.442 1.0000000000
5008  25.229  -69.155  -19.751 1.0000000000
2806  28.454  -72.999  -21.684 1.0000000000
3312  27.328  -72.642  -20.474 1.0000000000
4412  24.987  -69.712  -20.452 1.0000000000
3323  28.715  -71.872  -21.689 1.0000000000
4424  25.869  -69.483  -21.167 1.0000000000
5033  17.946  -69.274  -22.948 1.0000000000
3339  29.071  -72.433  -22.310 1.0000000000
2838  24.963  -73.941  -23.063 1.0000000000
1876  23.169  -75.200  -22.847 1.0000000000
3850  19.831  -71.267  -21.862 1.0000000000
4451  16.787  -70.733  -23.636 1.0000000000
131888  21.647  -74.295  -22.522 1.0000000000
118865  19.485  -72.470  -22.366 1.0000000000
3344  18.690  -72.475  -22.669 1.0000000000
3875  29.466  -70.895  -23.710 1.0000000000
2317  24.052  -75.052  -22.959 1.0000000000
2304  24.284  -74.252  -22.754 1.0000000000
2319  19.040  -74.736  -23.435 1.0000000000
3358  17.970  -72.761  -23.225 1.0000000000
126616  29.518  -71.183  -24.334 1.0000000000
3887  28.516  -71.024  -24.969 1.0000000000
2331  26.244  -73.832  -25.151 1.0000000000
1901  25.332  -74.966  -24.189 1.0000000000
137038  17.347  -72.992  -23.756 1.0000000000
4460  15.356  -70.370  -24.934 1.0000000000
3894  28.572  -71.346  -25.787 1.0000000000
2306  20.799  -74.335  -22.661 1.0000000000
2841  17.916  -73.508  -23.564 1.0000000000
2842  16.733  -73.323  -24.345 1.0000000000
3373  16.114  -72.659  -24.536 1.0000000000
3890  15.608  -71.900  -24.751 1.0000000000
2320  18.471  -74.095  -23.479 1.0000000000
137707  17.382  -73.632  -24.025 1.0000000000
3374  15.408  -72.826  -25.073 1.0000000000
3393  28.427  -71.869  -27.141 1.0000000000
3900  12.738  -71.971  -25.539 0.8999999762
129223  11.465  -70.181  -25.587 0.8999999762
4483  10.661  -70.045  -26.679 0.8999999762
4523  11.132  -70.139  -30.659 0.5000000000
120261  10.392  -68.831  -31.611 0.5000000000
5094  11.182  -69.965  -29.591 0.6999999881
136927  12.770  -67.374  -21.198 1.0000000000
128765  15.820  -66.264  -20.608 1.0000000000
139164  14.818  -66.811  -21.296 1.0000000000
6753  16.851  -65.730  -18.131 1.0000000000
7353  17.645  -65.131  -18.249 1.0000000000
6785  15.175  -66.447  -19.552 1.0000000000
7965  19.117  -64.743  -18.318 1.0000000000
7358  18.412  -64.893  -18.922 1.0000000000
7959  19.675  -64.710  -17.798 1.0000000000
7963  20.753  -64.868  -18.195 1.0000000000
130118  21.087  -65.330  -18.556 1.0000000000
5548  19.604  -68.218  -18.078 1.0000000000
8504  9.456  -62.378  -12.412 1.0000000000
8598  23.125  -63.446  -20.698 1.0000000000
7979  22.812  -63.985  -21.445 1.0000000000
7980  22.162  -63.841  -22.107 1.0000000000
135703  21.023  -66.650  -22.664 1.0000000000
6149  21.425  -67.816  -22.146 1.0000000000
122747  27.743  -71.536  -20.507 1.0000000000
3843  28.357  -71.190  -21.123 1.0000000000
3830  28.035  -70.536  -20.684 1.0000000000
6163  19.800  -67.672  -22.726 1.0000000000
135860  19.852  -68.411  -22.366 1.0000000000
3842  28.845  -70.727  -21.819 1.0000000000
5016  28.072  -69.394  -21.552 1.0000000000
3847  22.116  -71.848  -21.341 1.0000000000
136577  18.240  -67.939  -23.347 1.0000000000
127484  29.217  -71.364  -22.392 1.0000000000
4425  24.496  -70.662  -21.070 1.0000000000
121082  17.245  -69.056  -23.542 1.0000000000
4435  29.200  -70.453  -23.350 1.0000000000
4436  28.715  -69.901  -22.865 1.0000000000
3357  25.814  -72.802  -23.335 1.0000000000
3340  25.409  -72.292  -22.674 1.0000000000
3341  24.701  -72.671  -22.330 1.0000000000
3326  23.285  -72.508  -21.777 1.0000000000
3327  22.383  -72.498  -21.708 1.0000000000
2825  20.201  -72.886  -22.305 1.0000000000
2836  26.055  -73.266  -23.931 1.0000000000
2821  24.490  -73.470  -22.563 1.0000000000
2822  23.749  -73.706  -22.392 1.0000000000
2808  23.305  -73.220  -22.152 1.0000000000
2809  22.634  -73.134  -22.077 1.0000000000
2826  19.358  -73.163  -22.653 1.0000000000
124166  16.233  -69.028  -24.500 1.0000000000
4447  29.242  -70.634  -24.017 1.0000000000
3356  26.566  -72.377  -24.012 1.0000000000
118608  21.362  -73.654  -22.360 1.0000000000
132584  20.688  -73.522  -22.425 1.0000000000
5037  15.823  -69.644  -24.677 1.0000000000
129907  22.456  -74.573  -22.581 1.0000000000
2840  18.600  -73.335  -23.079 1.0000000000
2839  19.216  -73.962  -23.021 1.0000000000
122048  14.892  -71.235  -25.169 1.0000000000
4463  12.857  -70.482  -25.607 1.0000000000
5044  12.310  -69.772  -25.571 1.0000000000
128569  11.311  -71.110  -26.403 0.8999999762
3901  12.036  -71.958  -25.833 0.8999999762
3929  11.558  -71.534  -27.107 0.8999999762
5079  10.671  -69.202  -28.327 0.8999999762
5095  10.850  -69.263  -29.264 0.8999999762
5109  10.683  -69.258  -30.754 0.5000000000
6138  13.221  -67.130  -20.854 1.0000000000
5565  10.675  -68.305  -20.943 1.0000000000
116951  14.102  -66.835  -20.615 1.0000000000
139207  10.129  -66.799  -18.236 1.0000000000
134225  21.453  -64.789  -17.867 1.0000000000
7962  22.489  -64.593  -18.070 1.0000000000
6795  22.691  -66.105  -22.053 1.0000000000
6161  22.281  -66.761  -22.176 1.0000000000
9298  8.919  -62.740  -18.554 1.0000000000
6803  20.148  -65.839  -23.278 1.0000000000
10114  8.523  -61.999  -18.732 1.0000000000
6171  19.253  -67.002  -23.283 1.0000000000
4422  28.386  -70.106  -21.295 1.0000000000
5007  27.366  -69.008  -21.056 1.0000000000
5017  26.690  -68.966  -20.757 1.0000000000
3861  25.708  -71.244  -22.418 1.0000000000
3862  24.954  -71.802  -22.045 1.0000000000
9318  9.357  -62.928  -20.430 1.0000000000
2811  21.079  -72.961  -22.146 1.0000000000
5588  16.745  -68.716  -24.084 1.0000000000
4453  28.785  -70.511  -24.173 1.0000000000
4449  28.374  -70.146  -23.423 1.0000000000
3878  26.153  -71.820  -23.148 1.0000000000
5041  15.122  -69.570  -25.286 1.0000000000
3877  26.992  -71.186  -23.664 1.0000000000
3888  27.452  -71.474  -24.544 1.0000000000
5042  14.333  -69.525  -25.775 1.0000000000
5043  13.448  -69.568  -25.887 1.0000000000
5057  13.102  -68.797  -26.044 1.0000000000
4464  11.866  -70.678  -25.526 0.8999999762
6272  10.018  -67.998  -31.385 0.5000000000
6119  14.223  -66.842  -19.422 1.0000000000
6769  15.564  -66.487  -18.586 1.0000000000
6103  14.077  -67.065  -18.488 1.0000000000
6771  13.604  -66.948  -18.035 1.0000000000
7342  17.745  -65.519  -17.266 1.0000000000
125575  16.169  -66.293  -18.107 1.0000000000
6755  15.628  -66.831  -17.500 1.0000000000
117744  14.360  -67.087  -17.867 1.0000000000
6757  13.855  -66.819  -17.149 1.0000000000
7330  19.576  -65.547  -15.698 1.0000000000
7351  19.116  -64.815  -17.494 1.0000000000
6754  16.397  -66.459  -17.370 1.0000000000
117593  15.135  -66.820  -15.795 1.0000000000
6725  13.609  -66.141  -16.182 1.0000000000
7343  12.432  -65.750  -16.700 1.0000000000
7951  19.897  -64.758  -17.129 1.0000000000
7333  12.774  -65.275  -15.916 1.0000000000
7944  10.725  -64.498  -15.506 1.0000000000
7950  20.830  -64.776  -16.723 1.0000000000
6716  15.455  -66.435  -14.484 1.0000000000
7332  14.220  -65.900  -15.320 1.0000000000
138473  13.526  -65.418  -15.475 1.0000000000
7943  11.944  -64.608  -15.593 1.0000000000
7937  10.314  -64.147  -14.757 1.0000000000
8567  23.016  -63.922  -17.676 1.0000000000
7315  15.215  -65.857  -13.829 1.0000000000
8542  10.483  -63.053  -13.707 1.0000000000
7956  22.655  -64.053  -16.880 1.0000000000
7317  13.835  -64.353  -14.001 1.0000000000
7934  13.282  -64.415  -14.577 1.0000000000
7935  12.489  -64.176  -14.801 1.0000000000
8555  12.057  -63.539  -14.328 1.0000000000
8522  9.924  -62.590  -13.162 1.0000000000
8566  23.159  -63.281  -17.052 1.0000000000
8570  23.448  -62.979  -17.991 1.0000000000
7961  23.309  -63.791  -18.549 1.0000000000
8518  14.242  -63.457  -11.975 1.0000000000
9234  11.940  -62.051  -12.367 1.0000000000
9235  10.596  -61.894  -12.612 1.0000000000
9226  10.002  -61.616  -11.980 1.0000000000
8585  23.150  -62.598  -20.089 1.0000000000
9282  23.291  -62.349  -17.331 1.0000000000
10118  22.715  -61.142  -19.069 1.0000000000
9301  23.123  -61.801  -19.545 1.0000000000
8599  22.406  -63.088  -21.589 1.0000000000
8586  22.640  -62.370  -20.938 1.0000000000
8611  21.483  -62.995  -22.332 1.0000000000
9285  9.922  -62.883  -17.392 1.0000000000
136446  8.971  -62.688  -17.905 1.0000000000
10075  8.957  -62.141  -16.419 1.0000000000
10106  20.807  -60.793  -18.793 1.0000000000
9323  21.841  -62.194  -21.596 1.0000000000
7987  20.963  -64.473  -22.915 1.0000000000
6805  18.712  -66.496  -23.751 1.0000000000
125986  8.228  -61.378  -18.123 1.0000000000
123999  21.475  -63.916  -22.571 1.0000000000
7381  20.533  -65.226  -23.180 1.0000000000
10088  21.226  -60.658  -17.776 1.0000000000
9315  21.309  -61.592  -21.260 1.0000000000
9324  20.796  -62.173  -22.069 1.0000000000
138634  20.460  -64.013  -23.080 1.0000000000
7382  19.634  -65.226  -23.577 1.0000000000
9296  10.216  -63.316  -18.199 1.0000000000
4439  26.172  -70.030  -22.087 1.0000000000
117022  20.470  -61.692  -21.388 1.0000000000
9340  19.724  -62.633  -22.553 1.0000000000
125012  17.982  -66.790  -24.016 1.0000000000
6172  18.449  -67.277  -23.545 1.0000000000
8571  11.851  -63.315  -18.654 1.0000000000
9310  8.774  -62.430  -19.273 1.0000000000
8002  19.378  -64.332  -23.572 1.0000000000
122229  17.680  -67.672  -23.795 1.0000000000
8592  12.701  -64.079  -20.041 1.0000000000
4437  27.965  -69.685  -22.665 1.0000000000
3860  26.568  -70.680  -22.860 1.0000000000
118374  19.079  -62.406  -21.939 1.0000000000
8635  19.132  -63.756  -23.443 1.0000000000
118907  18.556  -64.233  -23.721 1.0000000000
6181  17.263  -67.064  -24.441 1.0000000000
6182  16.528  -67.419  -24.860 1.0000000000
8613  18.284  -63.378  -22.895 1.0000000000
8637  17.981  -63.897  -23.377 1.0000000000
8018  17.340  -65.125  -24.293 1.0000000000
5593  15.662  -68.781  -25.117 1.0000000000
4450  27.503  -70.212  -23.219 1.0000000000
8614  17.344  -63.740  -22.689 1.0000000000
7398  16.662  -65.612  -24.757 1.0000000000
120653  15.915  -66.347  -25.481 1.0000000000
8594  10.217  -64.055  -20.389 1.0000000000
8606  9.835  -63.503  -20.951 1.0000000000
7988  17.302  -64.209  -23.367 1.0000000000
7399  15.851  -65.501  -24.805 1.0000000000
5596  15.875  -67.875  -25.274 1.0000000000
5597  14.875  -68.789  -25.751 1.0000000000
7976  10.923  -64.568  -20.991 1.0000000000
6821  14.598  -66.469  -25.995 1.0000000000
6196  14.738  -68.004  -26.142 1.0000000000
5608  14.027  -68.635  -26.234 1.0000000000
6212  14.670  -67.184  -26.217 1.0000000000
5609  13.546  -68.116  -26.278 1.0000000000
7994  11.188  -64.942  -21.869 1.0000000000
136467  10.683  -64.907  -22.516 1.0000000000
5598  12.140  -68.898  -25.566 0.8999999762
5599  11.235  -68.844  -25.223 1.0000000000
5046  10.686  -69.243  -25.547 0.8999999762
5059  10.374  -69.402  -26.211 0.8999999762
5068  10.412  -69.336  -27.244 0.8999999762
6249  9.989  -67.520  -29.405 0.6000000238
5648  10.453  -68.439  -29.004 0.8000000119
6261  10.004  -67.715  -30.400 0.5000000000
6736  17.374  -66.292  -16.375 1.0000000000
134585  18.060  -65.750  -16.474 1.0000000000
6723  16.725  -66.729  -15.893 1.0000000000
6738  15.323  -66.976  -16.564 1.0000000000
7331  18.698  -65.635  -16.089 1.0000000000
6735  18.009  -66.165  -15.713 1.0000000000
122519  16.446  -66.795  -15.224 1.0000000000
118091  15.961  -66.894  -15.956 1.0000000000
6717  14.943  -66.469  -15.155 1.0000000000
6739  14.517  -66.826  -16.392 1.0000000000
7942  21.150  -65.012  -15.850 1.0000000000
7948  22.310  -64.264  -16.128 1.0000000000
7940  22.306  -64.004  -15.355 1.0000000000
7302  15.691  -65.966  -13.130 1.0000000000
8539  13.564  -63.641  -13.327 1.0000000000
8520  12.282  -62.691  -13.086 1.0000000000
8559  22.583  -63.101  -15.629 1.0000000000
7303  15.033  -64.806  -12.598 1.0000000000
10086  23.006  -61.579  -17.600 1.0000000000
9271  22.548  -62.148  -15.906 1.0000000000
10105  22.003  -60.782  -18.468 1.0000000000
9264  20.531  -62.305  -14.437 1.0000000000
10046  21.766  -61.694  -15.575 1.0000000000
10119  21.799  -60.884  -19.494 1.0000000000
10098  10.744  -62.433  -16.888 1.0000000000
10099  8.436  -61.729  -17.113 1.0000000000
8517  19.626  -63.600  -12.250 1.0000000000
9314  22.172  -61.609  -20.854 1.0000000000
9284  11.015  -62.846  -17.613 1.0000000000
8001  20.163  -64.456  -23.307 1.0000000000
10127  20.640  -61.320  -20.684 1.0000000000
7383  18.837  -65.722  -23.906 1.0000000000
115605  13.223  -63.681  -19.702 1.0000000000
9316  19.754  -61.676  -20.862 1.0000000000
8581  10.458  -63.875  -19.539 1.0000000000
8591  13.474  -63.933  -20.278 1.0000000000
8600  17.864  -63.138  -22.123 1.0000000000
8604  13.919  -64.094  -20.977 1.0000000000
6809  16.708  -66.384  -24.995 1.0000000000
6194  16.000  -67.020  -25.474 1.0000000000
7975  11.925  -64.410  -20.503 1.0000000000
7983  13.483  -64.470  -21.510 1.0000000000
7974  12.913  -64.375  -20.901 1.0000000000
7984  11.953  -64.739  -21.336 1.0000000000
8019  16.546  -65.209  -24.345 1.0000000000
7412  14.496  -66.026  -25.521 1.0000000000
7384  15.280  -65.276  -24.218 1.0000000000
6822  13.763  -66.427  -25.795 1.0000000000
6214  13.474  -67.500  -26.236 1.0000000000
6811  12.248  -66.679  -24.663 1.0000000000
6215  12.797  -67.414  -25.819 1.0000000000
6198  11.017  -68.243  -24.889 1.0000000000
5622  9.995  -68.739  -26.740 0.8999999762
6225  9.816  -67.919  -27.312 0.8999999762
5635  10.263  -68.541  -27.865 0.8999999762
6236  10.026  -67.711  -28.375 0.8000000119
6262  9.676  -66.941  -30.216 0.5000000000
125238  17.894  -66.498  -14.874 1.0000000000
6721  18.855  -66.130  -15.112 1.0000000000
7329  20.572  -65.427  -15.327 1.0000000000
6706  15.956  -66.454  -13.759 1.0000000000
7322  19.934  -65.878  -14.780 1.0000000000
6705  16.865  -66.618  -13.688 1.0000000000
7324  13.915  -65.048  -14.749 1.0000000000
127299  21.859  -64.598  -14.834 1.0000000000
6711  20.276  -65.998  -13.929 1.0000000000
7323  14.703  -65.826  -14.558 1.0000000000
8521  11.189  -62.438  -13.199 1.0000000000
7910  14.683  -64.179  -12.285 1.0000000000
120034  13.058  -63.003  -13.038 1.0000000000
8552  22.258  -63.496  -14.963 1.0000000000
7285  15.303  -64.877  -11.793 1.0000000000
9262  22.094  -62.576  -15.053 1.0000000000
9263  21.408  -62.564  -14.492 1.0000000000
7896  14.827  -63.993  -11.457 1.0000000000
10066  22.090  -61.320  -16.382 1.0000000000
10073  11.483  -61.749  -16.499 1.0000000000
10074  10.401  -62.055  -16.181 1.0000000000
10076  8.551  -61.554  -16.232 1.0000000000
10047  20.907  -61.483  -15.482 1.0000000000
10072  12.523  -61.362  -16.863 1.0000000000
8538  19.821  -63.265  -12.963 1.0000000000
128210  13.098  -61.557  -17.470 1.0000000000
9221  18.693  -63.306  -11.747 1.0000000000
10113  13.455  -62.020  -18.069 1.0000000000
9283  11.925  -62.693  -18.020 1.0000000000
9211  18.144  -62.931  -9.738 1.0000000000
10120  20.794  -60.977  -19.843 1.0000000000
134763  20.030  -60.999  -19.374 1.0000000000
9294  12.823  -62.749  -18.550 1.0000000000
10123  8.565  -61.677  -19.632 1.0000000000
116940  19.236  -61.404  -19.376 1.0000000000
8580  11.487  -63.839  -19.322 1.0000000000
8582  9.717  -63.538  -19.474 1.0000000000
9317  18.862  -62.168  -21.064 1.0000000000
8577  14.643  -63.415  -20.024 1.0000000000
7982  14.176  -64.396  -21.736 1.0000000000
10128  9.156  -62.194  -20.905 1.0000000000
9327  9.602  -62.767  -21.263 1.0000000000
7989  16.588  -64.289  -23.006 1.0000000000
8603  15.242  -63.830  -21.268 1.0000000000
121564  16.037  -64.703  -23.358 1.0000000000
8006  14.363  -65.090  -23.273 1.0000000000
136264  10.330  -64.144  -21.792 1.0000000000
121563  14.070  -65.580  -24.383 1.0000000000
7993  12.132  -65.131  -22.155 1.0000000000
7413  13.939  -65.908  -25.043 1.0000000000
7388  11.428  -65.823  -23.253 1.0000000000
6824  11.853  -67.446  -24.931 1.0000000000
6183  10.552  -67.589  -24.619 0.8999999762
6199  10.017  -68.150  -25.187 0.8999999762
6216  9.667  -68.125  -26.191 0.8999999762
6226  9.726  -67.070  -27.781 0.8999999762
6713  17.763  -66.604  -14.032 1.0000000000
6714  17.045  -66.723  -14.597 1.0000000000
6712  19.327  -66.263  -14.185 1.0000000000
6704  17.800  -66.560  -13.110 1.0000000000
139349  20.485  -65.925  -13.284 1.0000000000
6696  16.717  -66.351  -12.159 1.0000000000
116374  15.085  -65.241  -13.199 1.0000000000
7314  21.252  -65.177  -13.457 1.0000000000
116339  15.716  -65.315  -11.103 1.0000000000
7925  14.445  -64.385  -13.163 1.0000000000
115307  9.396  -61.917  -10.518 1.0000000000
7923  21.437  -64.678  -13.642 1.0000000000
7268  15.787  -65.245  -10.374 1.0000000000
9225  11.091  -61.495  -11.772 1.0000000000
8536  21.475  -63.864  -13.767 1.0000000000
7933  21.906  -64.213  -14.446 1.0000000000
8502  13.587  -62.718  -11.668 1.0000000000
7882  15.336  -64.593  -10.900 1.0000000000
8490  13.860  -62.606  -10.688 1.0000000000
9209  8.827  -62.352  -9.794 1.0000000000
8484  14.134  -62.676  -9.750 1.0000000000
10067  20.413  -60.811  -16.587 1.0000000000
10029  20.210  -61.720  -15.105 1.0000000000
123872  20.579  -60.646  -17.251 1.0000000000
10048  19.138  -61.541  -15.517 1.0000000000
10921  14.393  -60.864  -17.055 1.0000000000
122287  13.957  -60.497  -16.389 1.0000000000
9277  9.647  -62.469  -16.652 1.0000000000
10089  19.746  -60.669  -17.134 1.0000000000
10095  13.928  -61.395  -17.609 1.0000000000
10097  11.861  -62.089  -17.307 1.0000000000
119918  17.915  -62.917  -10.833 1.0000000000
10094  14.821  -61.341  -17.677 1.0000000000
128126  18.477  -62.585  -8.363 1.0000000000
9204  17.659  -62.121  -9.366 1.0000000000
9212  17.380  -62.236  -10.131 1.0000000000
10090  19.048  -60.871  -17.814 1.0000000000
10110  16.156  -61.782  -18.294 1.0000000000
10112  14.362  -61.910  -18.220 1.0000000000
9293  13.877  -62.543  -18.721 1.0000000000
9961  18.484  -62.133  -8.336 1.0000000000
9305  16.451  -62.567  -19.416 1.0000000000
9292  14.847  -62.462  -18.837 1.0000000000
9306  15.326  -62.933  -19.547 1.0000000000
115420  18.159  -62.259  -20.213 1.0000000000
116402  16.780  -62.744  -19.968 1.0000000000
8589  15.531  -63.388  -20.490 1.0000000000
10136  8.624  -60.742  -21.041 0.8999999762
9303  19.027  -61.817  -20.139 1.0000000000
138963  18.049  -62.553  -20.887 1.0000000000
125652  14.668  -63.747  -20.737 1.0000000000
124241  9.948  -63.798  -19.888 1.0000000000
8615  16.384  -63.962  -22.159 1.0000000000
137347  9.857  -63.164  -21.536 1.0000000000
7990  15.631  -64.451  -22.575 1.0000000000
8007  13.828  -65.048  -22.882 1.0000000000
7386  13.679  -65.390  -23.606 1.0000000000
7377  12.967  -65.214  -22.787 1.0000000000
7401  13.352  -65.824  -24.354 1.0000000000
7378  12.059  -65.497  -22.831 1.0000000000
7387  12.563  -65.755  -23.572 1.0000000000
7389  10.574  -65.494  -23.240 1.0000000000
6812  11.089  -66.988  -24.193 1.0000000000
6200  9.572  -67.409  -25.654 0.8999999762
6217  9.564  -67.250  -26.716 0.8999999762
6237  9.768  -66.895  -28.706 0.8000000119
6250  9.668  -66.724  -29.446 0.6000000238
120144  17.041  -66.530  -12.862 1.0000000000
6702  19.692  -66.282  -13.250 1.0000000000
7284  15.998  -65.831  -11.708 1.0000000000
6693  19.691  -66.279  -12.439 1.0000000000
120636  15.530  -65.487  -12.490 1.0000000000
135390  20.846  -65.513  -13.009 1.0000000000
8519  13.597  -63.170  -12.524 1.0000000000
7924  21.071  -64.314  -13.062 1.0000000000
7883  14.886  -63.802  -10.603 1.0000000000
132398  12.792  -62.182  -11.793 1.0000000000
9215  11.410  -61.493  -10.801 1.0000000000
9216  10.191  -61.421  -11.173 1.0000000000
118260  9.696  -61.704  -9.647 1.0000000000
7909  20.582  -64.695  -12.284 1.0000000000
7246  15.988  -65.187  -8.684 1.0000000000
7870  15.424  -64.399  -9.154 1.0000000000
9208  10.558  -61.548  -10.167 1.0000000000
9988  10.835  -61.523  -9.140 1.0000000000
139053  9.033  -61.901  -9.219 1.0000000000
9193  8.374  -62.466  -8.900 0.8999999762
8516  20.416  -63.880  -12.613 1.0000000000
10051  12.096  -61.116  -15.985 1.0000000000
10052  11.077  -61.565  -15.656 1.0000000000
133659  9.490  -62.070  -16.041 1.0000000000
10035  8.710  -61.051  -14.800 1.0000000000
8499  19.560  -63.869  -11.475 1.0000000000
10904  13.028  -60.706  -16.256 1.0000000000
8500  18.840  -63.553  -10.703 1.0000000000
9265  18.683  -62.524  -14.011 1.0000000000
115581  20.200  -61.223  -15.852 1.0000000000
10903  14.858  -60.487  -16.425 1.0000000000
10055  8.193  -60.908  -15.690 1.0000000000
135228  19.043  -63.252  -12.599 1.0000000000
10920  15.271  -60.873  -17.089 1.0000000000
124335  18.644  -63.579  -8.965 1.0000000000
123954  17.779  -62.879  -11.699 1.0000000000
10069  18.517  -61.106  -16.247 1.0000000000
10092  16.508  -61.332  -17.712 1.0000000000
10939  8.036  -60.128  -19.298 1.0000000000
10932  7.959  -60.294  -18.498 1.0000000000
10889  8.000  -60.349  -14.917 1.0000000000
10917  18.180  -60.976  -17.360 1.0000000000
10108  18.662  -61.351  -18.657 1.0000000000
129499  18.184  -61.223  -18.037 1.0000000000
9290  16.729  -62.144  -18.808 1.0000000000
10944  8.331  -60.507  -20.139 1.0000000000
11767  8.102  -58.981  -21.427 0.6000000238
9190  19.536  -62.333  -7.484 1.0000000000
9984  18.956  -61.404  -8.287 1.0000000000
9985  17.949  -61.606  -8.792 1.0000000000
9986  17.308  -61.347  -9.596 1.0000000000
10122  18.337  -61.863  -19.403 1.0000000000
9304  17.358  -62.340  -19.516 1.0000000000
9983  20.149  -61.578  -8.276 1.0000000000
8587  17.401  -62.659  -20.407 1.0000000000
10135  9.064  -61.310  -21.514 0.8000000119
8588  16.614  -63.093  -20.711 1.0000000000
9342  10.155  -63.505  -22.599 1.0000000000
135814  12.636  -66.155  -24.337 1.0000000000
7402  10.696  -66.243  -23.783 1.0000000000
6813  10.071  -66.816  -24.339 0.8999999762
7390  10.124  -65.282  -23.635 1.0000000000
6814  9.695  -66.072  -24.642 0.8999999762
6836  9.439  -66.458  -26.141 0.8999999762
119233  9.583  -66.305  -28.153 0.6999999881
6843  9.521  -66.419  -27.237 0.8999999762
135475  9.425  -65.683  -28.367 0.6999999881
6849  9.478  -66.036  -29.035 0.5000000000
6682  16.747  -66.244  -11.230 1.0000000000
6680  18.307  -66.486  -11.924 1.0000000000
7283  19.523  -66.020  -11.051 1.0000000000
119650  16.263  -65.854  -10.779 1.0000000000
7282  20.140  -65.375  -11.351 1.0000000000
7267  16.402  -65.815  -9.928 1.0000000000
8489  14.432  -63.153  -10.373 1.0000000000
9223  13.098  -62.084  -11.031 1.0000000000
9224  12.195  -61.738  -11.389 1.0000000000
9207  11.692  -61.587  -9.812 1.0000000000
7264  19.978  -64.928  -10.774 1.0000000000
7877  14.847  -63.555  -9.667 1.0000000000
9214  12.460  -61.735  -10.428 1.0000000000
8483  14.453  -62.954  -9.002 1.0000000000
9966  8.244  -61.856  -8.067 0.8000000119
8498  20.081  -64.132  -12.022 1.0000000000
7871  14.987  -63.661  -8.700 1.0000000000
10886  12.621  -60.516  -15.419 1.0000000000
10034  9.544  -61.419  -14.747 1.0000000000
10884  14.427  -60.192  -15.723 1.0000000000
127499  18.326  -62.106  -14.806 1.0000000000
9232  18.123  -62.959  -12.594 1.0000000000
10070  17.612  -61.135  -16.261 1.0000000000
10902  15.727  -60.692  -16.397 1.0000000000
9247  17.369  -62.503  -13.059 1.0000000000
135997  16.829  -61.105  -17.182 1.0000000000
129164  7.840  -60.111  -16.337 1.0000000000
9995  16.918  -61.588  -10.563 1.0000000000
10901  18.842  -60.787  -16.933 1.0000000000
10091  17.393  -61.267  -17.726 1.0000000000
11737  7.788  -59.135  -18.969 0.8999999762
117219  8.572  -57.477  -17.078 0.8999999762
12573  7.994  -58.074  -16.561 0.8999999762
123541  16.887  -61.643  -18.239 1.0000000000
10109  17.648  -61.729  -18.621 1.0000000000
115195  21.301  -61.675  -8.143 1.0000000000
10954  8.695  -60.374  -21.802 0.8000000119
127914  21.101  -61.426  -8.799 1.0000000000
116031  9.519  -61.562  -22.325 0.8000000119
9343  9.887  -62.667  -22.215 0.8999999762
9359  10.058  -62.862  -23.417 1.0000000000
8638  10.155  -63.984  -23.215 1.0000000000
7404  9.824  -65.310  -24.262 0.8999999762
8009  9.981  -64.618  -23.795 1.0000000000
120438  9.492  -66.032  -25.405 0.8999999762
115614  9.439  -65.708  -26.896 0.8000000119
7424  9.460  -65.735  -27.704 0.6999999881
125536  9.292  -65.104  -28.070 0.6000000238
6664  18.688  -66.260  -10.674 1.0000000000
125554  18.213  -66.450  -11.199 1.0000000000
7266  19.145  -65.900  -10.154 1.0000000000
6651  18.353  -66.160  -9.892 1.0000000000
7256  16.556  -65.737  -9.105 1.0000000000
8473  14.013  -62.405  -8.523 1.0000000000
9205  13.637  -62.154  -9.232 1.0000000000
9987  11.874  -61.532  -8.986 1.0000000000
9989  9.793  -61.610  -8.853 1.0000000000
7253  19.302  -65.338  -9.853 1.0000000000
9965  8.909  -61.735  -8.556 0.8999999762
7869  18.461  -64.653  -8.011 1.0000000000
7875  18.738  -65.025  -8.658 1.0000000000
10887  11.665  -60.944  -15.117 1.0000000000
10053  9.972  -61.791  -15.457 1.0000000000
10871  9.251  -60.971  -13.981 1.0000000000
10031  17.601  -62.355  -14.017 1.0000000000
11711  14.042  -59.902  -14.967 1.0000000000
10885  13.533  -60.258  -15.627 1.0000000000
10870  10.201  -61.020  -14.049 1.0000000000
8482  18.670  -64.200  -8.450 1.0000000000
121967  18.114  -62.720  -13.426 1.0000000000
10032  17.384  -61.856  -14.823 1.0000000000
10033  16.663  -61.393  -14.773 1.0000000000
10888  10.604  -61.341  -14.840 1.0000000000
10855  10.871  -60.607  -13.332 1.0000000000
8471  18.633  -63.602  -7.660 1.0000000000
10865  16.084  -60.780  -14.531 1.0000000000
9174  19.689  -62.785  -6.481 1.0000000000
9222  17.231  -62.365  -11.133 1.0000000000
10003  16.771  -61.806  -11.602 1.0000000000
10004  16.495  -61.095  -12.190 1.0000000000
10882  16.156  -60.819  -15.501 1.0000000000
117566  7.802  -59.754  -17.078 1.0000000000
11722  7.773  -59.119  -16.516 1.0000000000
9172  21.089  -61.925  -7.404 1.0000000000
10825  16.950  -60.658  -10.260 1.0000000000
10807  20.153  -60.881  -8.912 1.0000000000
10969  8.368  -59.612  -21.932 0.6000000238
9958  22.093  -61.489  -8.266 1.0000000000
9982  22.017  -61.410  -9.041 1.0000000000
116112  9.481  -64.779  -26.079 0.8000000119
8655  9.770  -63.439  -24.994 0.8999999762
7419  9.438  -64.949  -26.774 0.8000000119
126450  17.222  -65.981  -8.808 1.0000000000
7853  15.574  -64.499  -7.300 1.0000000000
7254  18.755  -65.646  -9.269 1.0000000000
8472  14.531  -63.070  -8.205 1.0000000000
9177  12.930  -61.919  -7.664 1.0000000000
9962  12.423  -61.632  -8.361 1.0000000000
9963  11.445  -61.459  -8.225 1.0000000000
9964  10.540  -61.388  -8.333 1.0000000000
7243  18.207  -65.424  -8.355 1.0000000000
7231  16.147  -65.160  -7.838 1.0000000000
115521  9.744  -61.284  -8.138 1.0000000000
9947  8.831  -61.239  -7.719 0.8999999762
10868  12.249  -60.427  -14.493 1.0000000000
10869  11.245  -60.782  -14.235 1.0000000000
7852  18.473  -64.209  -7.183 1.0000000000
10872  8.460  -60.458  -14.004 1.0000000000
8452  18.922  -63.414  -6.834 1.0000000000
10013  16.834  -62.050  -13.486 1.0000000000
10866  15.576  -60.303  -14.921 1.0000000000
10856  9.883  -60.734  -13.212 1.0000000000
9173  20.322  -62.314  -7.016 1.0000000000
9233  17.246  -62.486  -12.119 1.0000000000
11730  7.885  -58.467  -17.351 1.0000000000
12574  7.803  -58.723  -15.856 1.0000000000
9162  20.499  -62.315  -6.206 1.0000000000
10809  17.815  -60.752  -9.095 1.0000000000
9945  21.845  -61.537  -7.376 1.0000000000
10808  18.724  -60.669  -8.780 1.0000000000
7824  14.808  -64.064  -5.469 1.0000000000
7244  17.492  -65.671  -8.278 1.0000000000
7208  16.273  -65.131  -7.111 1.0000000000
124038  14.979  -63.812  -7.102 1.0000000000
8441  14.482  -63.504  -6.445 1.0000000000
8454  14.103  -62.609  -7.678 1.0000000000
9176  13.602  -62.194  -7.899 1.0000000000
7229  17.705  -65.300  -7.550 1.0000000000
7230  17.013  -65.504  -7.430 1.0000000000
7832  16.411  -64.974  -5.858 1.0000000000
7834  15.232  -64.208  -6.393 1.0000000000
7205  17.869  -65.000  -6.968 1.0000000000
7195  17.177  -65.033  -5.800 1.0000000000
7823  15.670  -64.612  -5.454 1.0000000000
7854  15.028  -63.752  -7.851 1.0000000000
11698  12.840  -59.958  -13.769 1.0000000000
10854  11.867  -60.329  -13.506 1.0000000000
10785  7.923  -60.864  -7.039 0.8000000119
124283  18.310  -64.394  -6.091 1.0000000000
135042  18.460  -64.016  -4.789 1.0000000000
7820  17.974  -64.554  -5.383 1.0000000000
11681  15.092  -59.536  -13.553 1.0000000000
11697  13.759  -59.685  -14.061 1.0000000000
10848  8.751  -60.268  -12.476 1.0000000000
8439  19.244  -63.342  -6.083 1.0000000000
8423  19.074  -63.342  -4.650 1.0000000000
10008  16.748  -62.003  -12.588 1.0000000000
124713  16.494  -61.512  -13.042 1.0000000000
135430  15.261  -59.872  -14.331 1.0000000000
11696  14.591  -59.678  -14.273 1.0000000000
11683  13.461  -59.500  -12.861 1.0000000000
11684  12.407  -59.830  -12.731 1.0000000000
11672  9.131  -60.098  -11.742 1.0000000000
9156  19.769  -62.708  -5.010 1.0000000000
11694  15.977  -60.463  -13.745 1.0000000000
11695  15.706  -60.221  -14.266 1.0000000000
11669  12.837  -59.387  -12.029 1.0000000000
120578  11.960  -59.730  -11.983 1.0000000000
11686  8.087  -59.735  -12.715 1.0000000000
12533  7.537  -58.982  -13.064 1.0000000000
9163  19.880  -62.772  -5.752 1.0000000000
9155  20.375  -62.218  -5.449 1.0000000000
10853  16.211  -60.738  -13.050 1.0000000000
11659  10.604  -59.433  -11.482 1.0000000000
12543  7.668  -58.949  -14.232 1.0000000000
9936  21.592  -61.315  -6.454 1.0000000000
10824  17.484  -60.250  -9.649 1.0000000000
11650  17.253  -59.755  -10.337 1.0000000000
12508  16.994  -58.495  -11.176 1.0000000000
12553  9.126  -57.311  -16.480 0.8000000119
13435  8.149  -57.727  -15.909 0.8999999762
127203  7.866  -57.877  -14.453 0.8999999762
9161  21.182  -61.902  -6.717 1.0000000000
11629  18.399  -59.920  -9.350 1.0000000000
11649  17.995  -59.323  -9.923 1.0000000000
10781  22.750  -60.394  -7.773 1.0000000000
9935  22.226  -60.747  -6.980 1.0000000000
10823  19.625  -59.971  -9.412 1.0000000000
11648  19.152  -59.055  -9.898 1.0000000000
9957  22.613  -61.181  -8.623 1.0000000000
10806  21.489  -61.044  -9.492 1.0000000000
10822  20.836  -60.347  -9.864 1.0000000000
11614  23.371  -59.821  -9.142 1.0000000000
9981  22.755  -61.012  -9.555 1.0000000000
10002  22.526  -60.767  -10.622 1.0000000000
10836  21.284  -60.005  -10.753 1.0000000000
10984  8.995  -60.084  -23.742 0.6000000238
10820  23.489  -60.265  -10.533 1.0000000000
9993  22.746  -60.895  -10.227 1.0000000000
10833  23.811  -60.117  -11.461 1.0000000000
10834  22.899  -60.589  -11.248 1.0000000000
8425  14.363  -64.061  -4.385 1.0000000000
8434  13.994  -63.602  -5.324 1.0000000000
8435  13.089  -63.349  -5.150 1.0000000000
7815  15.792  -64.554  -4.383 1.0000000000
8442  13.730  -63.013  -6.215 1.0000000000
9165  12.502  -62.170  -6.698 1.0000000000
9178  11.972  -61.663  -7.362 1.0000000000
9166  11.502  -61.902  -6.053 1.0000000000
9946  10.810  -61.231  -7.198 1.0000000000
124463  9.782  -60.932  -7.453 1.0000000000
11682  14.409  -59.438  -13.336 1.0000000000
135262  7.804  -60.467  -6.551 0.6999999881
7812  17.829  -64.315  -4.441 1.0000000000
10846  10.518  -60.438  -12.393 1.0000000000
11671  10.090  -60.123  -11.745 1.0000000000
9147  20.067  -62.032  -4.715 1.0000000000
9148  19.402  -62.522  -4.295 1.0000000000
11667  16.101  -59.334  -12.233 1.0000000000
12511  9.974  -58.558  -11.066 1.0000000000
12514  7.523  -58.467  -11.540 1.0000000000
9937  21.015  -61.788  -5.928 1.0000000000
9930  20.658  -61.569  -5.229 1.0000000000
10826  16.839  -60.056  -10.908 1.0000000000
10845  16.324  -60.088  -12.308 1.0000000000
12522  13.581  -59.122  -11.989 1.0000000000
121512  13.050  -58.521  -11.691 1.0000000000
135388  11.254  -58.569  -11.494 1.0000000000
13412  7.339  -57.645  -11.884 1.0000000000
14253  15.242  -56.329  -12.091 1.0000000000
14254  14.440  -56.498  -12.130 1.0000000000
15100  13.925  -55.916  -12.787 1.0000000000
13434  9.013  -57.016  -15.899 0.8999999762
14270  7.524  -57.300  -12.990 0.8999999762
10769  22.024  -60.025  -6.499 1.0000000000
12501  17.620  -58.907  -10.584 1.0000000000
13419  7.782  -57.496  -13.730 0.8999999762
11606  22.587  -59.479  -7.578 1.0000000000
11647  20.325  -59.480  -10.213 1.0000000000
12500  18.454  -58.531  -10.338 1.0000000000
119953  23.451  -59.173  -9.536 1.0000000000
10835  22.210  -60.433  -11.264 1.0000000000
10821  21.821  -60.706  -10.377 1.0000000000
11628  23.575  -59.743  -9.954 1.0000000000
10844  22.204  -60.058  -11.988 1.0000000000
11654  21.566  -59.712  -11.574 1.0000000000
11645  24.210  -59.382  -11.449 1.0000000000
10842  23.466  -60.375  -11.960 1.0000000000
10843  22.830  -60.419  -12.008 1.0000000000
119418  24.380  -59.818  -12.125 1.0000000000
8418  15.312  -63.854  -3.184 1.0000000000
121763  14.328  -63.760  -3.086 1.0000000000
8426  13.318  -63.743  -4.047 1.0000000000
8419  12.506  -63.314  -3.540 1.0000000000
9134  17.367  -62.656  -3.285 1.0000000000
9135  16.480  -62.945  -3.050 1.0000000000
7807  15.924  -64.336  -3.630 1.0000000000
7808  14.965  -64.200  -3.736 1.0000000000
126335  12.136  -62.507  -5.780 1.0000000000
9158  11.619  -62.547  -5.015 1.0000000000
9132  18.415  -61.746  -3.855 1.0000000000
8415  17.953  -63.268  -3.521 1.0000000000
7806  16.768  -64.232  -3.610 1.0000000000
9938  10.662  -61.325  -5.847 1.0000000000
11609  8.904  -59.882  -6.944 0.8999999762
9133  18.195  -62.423  -3.556 1.0000000000
8424  18.346  -63.715  -4.091 1.0000000000
9931  10.889  -61.831  -4.887 1.0000000000
10782  10.205  -60.804  -6.560 1.0000000000
7821  17.217  -64.727  -4.812 1.0000000000
11668  15.548  -59.343  -12.705 1.0000000000
11660  9.546  -59.498  -11.260 1.0000000000
10772  8.090  -60.065  -6.674 0.6999999881
12519  15.906  -58.719  -11.963 1.0000000000
12531  14.968  -59.160  -12.634 1.0000000000
9913  20.084  -61.191  -4.680 1.0000000000
13398  7.591  -57.993  -10.922 1.0000000000
11566  21.073  -59.701  -5.807 1.0000000000
9929  21.243  -61.135  -5.710 1.0000000000
11658  16.628  -59.441  -11.582 1.0000000000
12509  16.372  -58.769  -11.745 1.0000000000
136209  15.543  -56.879  -11.815 1.0000000000
12510  12.182  -58.123  -11.661 1.0000000000
132749  11.458  -57.563  -11.681 1.0000000000
13395  10.678  -57.812  -11.353 1.0000000000
14241  7.382  -56.578  -11.492 1.0000000000
12451  22.080  -58.641  -7.533 1.0000000000
13433  10.250  -57.234  -15.996 0.6000000238
13426  8.923  -56.579  -15.359 0.8000000119
12473  22.651  -58.758  -8.178 1.0000000000
136046  22.447  -60.042  -7.078 1.0000000000
11655  20.798  -59.200  -11.068 1.0000000000
14289  9.932  -56.642  -15.682 0.6999999881
13364  22.687  -57.931  -8.885 1.0000000000
136763  19.241  -58.355  -10.427 1.0000000000
12506  18.858  -57.790  -10.666 1.0000000000
14259  7.514  -56.646  -12.607 0.8999999762
12499  23.740  -58.792  -10.216 1.0000000000
12504  21.136  -58.935  -11.863 1.0000000000
119090  24.114  -58.084  -10.759 1.0000000000
11665  22.535  -59.970  -12.656 1.0000000000
11666  21.785  -59.473  -12.339 1.0000000000
12502  25.000  -58.131  -11.924 1.0000000000
11646  23.818  -59.575  -10.760 1.0000000000
124583  23.950  -60.368  -12.788 1.0000000000
12503  24.729  -59.045  -12.057 1.0000000000
10852  23.315  -60.315  -12.753 1.0000000000
11678  22.943  -59.828  -13.540 1.0000000000
11664  24.938  -59.594  -12.755 1.0000000000
10851  24.299  -60.282  -13.393 1.0000000000
9897  16.698  -62.052  -3.346 1.0000000000
138036  15.711  -63.280  -2.956 1.0000000000
9136  14.871  -63.192  -2.852 1.0000000000
9150  11.861  -63.082  -4.151 1.0000000000
9920  11.018  -61.772  -3.881 1.0000000000
10731  18.028  -60.653  -4.649 1.0000000000
9902  11.532  -61.627  -3.501 1.0000000000
10760  10.556  -60.680  -4.968 1.0000000000
10771  10.136  -60.254  -6.366 0.8000000119
10730  19.134  -60.694  -4.635 1.0000000000
15055  15.151  -55.508  -9.669 0.8999999762
10784  8.446  -60.532  -7.082 0.6999999881
11568  19.296  -59.954  -5.313 1.0000000000
9914  19.291  -61.644  -4.229 1.0000000000
12520  15.418  -58.656  -11.982 1.0000000000
12521  14.817  -58.305  -11.842 1.0000000000
115447  13.948  -58.427  -11.760 1.0000000000
11588  20.499  -59.186  -6.084 1.0000000000
121591  9.806  -57.375  -10.902 1.0000000000
13396  9.099  -58.078  -10.650 1.0000000000
12434  20.709  -58.629  -6.686 0.8999999762
10750  20.679  -60.764  -5.173 1.0000000000
13408  15.476  -57.662  -11.761 1.0000000000
13380  8.686  -57.313  -10.499 1.0000000000
13381  7.881  -57.284  -10.585 1.0000000000
12507  17.935  -57.979  -10.729 1.0000000000
136084  15.870  -58.024  -11.766 1.0000000000
129413  7.469  -57.228  -10.986 1.0000000000
13391  18.398  -57.152  -11.041 1.0000000000
13407  17.849  -56.575  -11.489 1.0000000000
15089  7.465  -55.697  -11.101 0.8999999762
124487  22.137  -57.291  -8.644 1.0000000000
139229  16.542  -56.343  -11.861 1.0000000000
13363  23.163  -57.362  -9.553 1.0000000000
13389  20.142  -57.629  -11.610 1.0000000000
13390  19.349  -57.227  -11.209 1.0000000000
13406  18.900  -56.422  -11.663 1.0000000000
15098  15.720  -55.773  -12.653 1.0000000000
13379  23.673  -57.746  -10.111 1.0000000000
12482  23.295  -58.327  -9.525 1.0000000000
12517  21.381  -58.688  -12.654 1.0000000000
13388  24.674  -57.598  -11.259 1.0000000000
10864  23.791  -60.254  -13.516 1.0000000000
11679  22.061  -59.251  -13.122 1.0000000000
11693  23.005  -59.363  -14.242 1.0000000000
13402  25.582  -57.777  -12.408 1.0000000000
123617  25.321  -58.733  -12.616 1.0000000000
11676  25.505  -59.388  -13.531 1.0000000000
132654  25.114  -59.986  -14.240 1.0000000000
11692  23.653  -59.878  -14.260 1.0000000000
13416  25.891  -58.294  -13.148 1.0000000000
11690  25.080  -59.907  -15.097 1.0000000000
10754  16.469  -60.370  -5.222 1.0000000000
10734  15.379  -60.899  -4.353 1.0000000000
10733  16.254  -60.829  -4.544 1.0000000000
9917  16.013  -61.430  -3.724 1.0000000000
118018  13.603  -62.293  -2.879 1.0000000000
9900  12.972  -61.684  -3.097 1.0000000000
9138  12.807  -62.750  -2.983 1.0000000000
9916  16.920  -61.328  -3.962 1.0000000000
118823  13.370  -63.615  -3.100 1.0000000000
11590  18.486  -59.023  -6.350 0.8999999762
14212  14.895  -56.277  -9.351 0.8999999762
14200  14.146  -56.910  -9.247 0.8999999762
120969  10.427  -60.743  -5.600 1.0000000000
11599  9.478  -59.690  -6.907 0.8000000119
12436  18.880  -58.596  -6.663 0.8999999762
10752  18.266  -60.103  -5.243 0.8999999762
15995  15.432  -54.251  -10.421 0.8999999762
11601  7.703  -59.635  -6.185 0.6999999881
12435  19.807  -58.613  -6.591 0.8999999762
16971  14.983  -53.600  -11.143 0.8999999762
15982  14.745  -54.890  -10.202 0.8999999762
13409  14.198  -57.423  -11.727 1.0000000000
13410  13.516  -57.740  -11.708 1.0000000000
12446  7.835  -58.612  -6.191 0.6999999881
123398  20.821  -58.171  -7.220 0.8999999762
123081  16.106  -57.121  -11.758 1.0000000000
14238  10.818  -56.928  -11.592 1.0000000000
14240  9.107  -56.406  -10.549 1.0000000000
14193  21.023  -56.458  -8.506 0.8999999762
14239  10.109  -56.266  -11.299 1.0000000000
14228  8.214  -56.458  -10.383 1.0000000000
15075  7.747  -55.593  -10.610 0.8999999762
13347  22.106  -57.931  -8.156 1.0000000000
13404  20.445  -57.371  -12.370 1.0000000000
15119  13.552  -55.350  -13.442 1.0000000000
15103  10.866  -55.036  -12.545 1.0000000000
16016  9.725  -54.730  -11.218 1.0000000000
15073  8.472  -55.472  -10.385 1.0000000000
14211  22.556  -56.773  -9.157 0.8999999762
123093  18.111  -56.003  -11.956 1.0000000000
15118  14.440  -55.354  -13.404 1.0000000000
15134  8.322  -55.846  -14.050 0.8999999762
123715  7.892  -55.256  -13.388 0.8999999762
15104  7.556  -55.674  -12.316 0.8999999762
12529  22.365  -58.939  -13.857 1.0000000000
13405  19.832  -56.848  -11.891 1.0000000000
127894  17.052  -55.384  -13.271 1.0000000000
15116  16.251  -55.315  -13.302 1.0000000000
119466  23.628  -56.962  -10.014 1.0000000000
12530  21.666  -58.391  -13.410 1.0000000000
14248  20.174  -56.767  -12.624 1.0000000000
14249  19.587  -56.290  -12.494 1.0000000000
14268  18.555  -55.499  -13.376 1.0000000000
12541  22.713  -58.658  -14.541 1.0000000000
13387  25.255  -57.265  -11.772 1.0000000000
12540  23.404  -59.257  -14.849 1.0000000000
12538  26.332  -58.885  -14.835 1.0000000000
13423  26.751  -58.140  -14.355 1.0000000000
11708  24.663  -59.470  -15.762 1.0000000000
12537  26.858  -58.262  -15.120 1.0000000000
11689  25.848  -59.476  -15.390 1.0000000000
10755  15.620  -60.390  -5.252 0.8999999762
11570  17.485  -59.687  -5.834 0.8999999762
11571  16.521  -59.882  -5.849 0.8999999762
11593  15.951  -59.501  -6.525 0.8999999762
11573  14.880  -60.038  -5.815 0.8999999762
9919  14.035  -61.453  -3.353 1.0000000000
137684  12.428  -61.317  -3.299 1.0000000000
12455  18.346  -58.122  -7.203 0.8999999762
11591  17.720  -59.170  -6.389 0.8999999762
15981  15.853  -54.917  -9.739 0.8999999762
14199  15.689  -56.560  -8.908 0.8999999762
10756  14.598  -60.484  -4.895 0.8999999762
10735  13.877  -60.751  -4.033 1.0000000000
10737  11.639  -60.408  -4.092 1.0000000000
14201  13.359  -57.370  -9.144 0.8999999762
11576  10.955  -59.757  -5.458 0.8999999762
11598  10.334  -59.621  -6.388 0.8999999762
13334  18.678  -57.547  -7.565 0.8999999762
15994  16.347  -54.146  -10.180 0.8999999762
15070  13.708  -55.154  -10.387 0.8999999762
10759  10.927  -60.392  -4.647 1.0000000000
11610  8.562  -59.595  -6.741 0.8000000119
121419  13.261  -56.590  -9.647 0.8000000119
13333  19.541  -57.537  -7.536 0.8999999762
17951  16.425  -52.455  -11.906 0.8999999762
16995  14.897  -52.909  -11.835 0.8000000119
16972  13.877  -53.801  -11.323 0.8000000119
15996  13.803  -54.458  -10.793 0.6999999881
129441  20.409  -57.611  -7.578 0.8999999762
14256  12.443  -56.707  -12.296 1.0000000000
14255  13.446  -56.763  -12.120 1.0000000000
117701  11.912  -56.054  -12.709 1.0000000000
121718  12.193  -55.476  -13.164 1.0000000000
16031  7.518  -54.866  -11.578 0.8999999762
16042  14.919  -54.820  -13.980 1.0000000000
16001  8.225  -54.443  -10.344 0.8999999762
15049  23.217  -55.113  -9.702 0.8999999762
14210  23.263  -56.480  -9.659 0.8999999762
13418  20.697  -57.099  -13.131 1.0000000000
15115  17.740  -55.251  -13.695 1.0000000000
124630  7.841  -54.376  -13.655 0.8000000119
128848  7.551  -53.996  -11.920 0.8999999762
15086  25.580  -55.960  -11.298 1.0000000000
14226  24.559  -56.225  -10.521 1.0000000000
14227  23.947  -56.198  -10.094 0.8999999762
122465  20.219  -56.349  -13.361 1.0000000000
15114  19.142  -55.528  -13.912 1.0000000000
15132  17.697  -54.911  -14.413 1.0000000000
16041  15.855  -54.875  -14.009 1.0000000000
14236  25.535  -56.592  -11.660 1.0000000000
12542  22.051  -58.036  -14.121 1.0000000000
13425  21.719  -57.157  -14.492 1.0000000000
14266  20.997  -56.755  -13.893 1.0000000000
14247  25.836  -56.959  -12.193 1.0000000000
13431  23.496  -58.134  -15.937 1.0000000000
12552  23.120  -58.447  -15.219 1.0000000000
13424  22.440  -57.834  -14.856 1.0000000000
14277  21.240  -56.469  -14.555 1.0000000000
13415  26.521  -57.832  -13.565 1.0000000000
13414  27.157  -57.422  -13.930 1.0000000000
12570  24.291  -58.672  -16.269 1.0000000000
12568  26.431  -58.597  -16.166 1.0000000000
11721  25.018  -59.073  -16.342 1.0000000000
12438  17.145  -58.823  -6.966 0.8999999762
116572  14.125  -59.644  -6.393 0.8999999762
14183  18.175  -57.020  -8.011 0.8999999762
13350  17.355  -57.120  -8.141 0.8999999762
13336  16.975  -57.735  -7.822 0.8999999762
13337  16.120  -57.869  -8.039 0.8999999762
13352  15.790  -57.257  -8.507 0.8999999762
127120  14.976  -57.097  -8.823 0.8999999762
10757  13.544  -60.277  -4.819 0.8999999762
10758  12.434  -60.031  -4.793 1.0000000000
11575  11.970  -59.571  -5.765 0.8999999762
11574  13.229  -59.812  -5.674 0.8999999762
14196  18.551  -56.409  -8.353 0.8999999762
16970  16.611  -53.494  -10.624 0.8999999762
12474  12.842  -58.422  -8.211 0.8999999762
118804  9.819  -59.164  -7.041 0.8000000119
11608  9.136  -59.029  -6.996 0.6999999881
132666  8.614  -58.657  -6.751 0.6999999881
17952  15.374  -52.383  -12.228 0.8000000119
11597  11.110  -59.305  -6.415 0.8999999762
12445  8.055  -57.800  -6.310 0.6999999881
15963  20.001  -55.106  -9.035 0.8999999762
15037  19.683  -55.783  -8.684 0.8999999762
15976  20.834  -55.099  -9.123 0.8999999762
14194  20.213  -56.412  -8.380 0.8999999762
17970  15.927  -51.661  -12.717 0.8999999762
17971  14.963  -51.665  -12.643 0.8000000119
17953  14.135  -52.150  -12.381 0.6999999881
15088  9.461  -55.469  -10.835 1.0000000000
15975  21.987  -54.361  -9.592 0.8999999762
15036  20.520  -55.764  -8.757 0.8999999762
15050  22.456  -55.104  -9.440 0.8999999762
13417  21.344  -57.540  -13.659 1.0000000000
16002  7.899  -54.300  -10.518 0.8999999762
15993  23.636  -54.397  -10.079 0.8999999762
119960  22.847  -55.846  -9.458 0.8999999762
16043  14.024  -54.838  -13.942 1.0000000000
15121  11.971  -54.783  -13.468 1.0000000000
16028  11.317  -54.719  -13.076 1.0000000000
16015  10.323  -54.449  -11.955 1.0000000000
16000  8.997  -54.587  -10.570 0.8999999762
15069  23.894  -55.303  -9.999 0.8999999762
14279  19.854  -55.783  -14.020 1.0000000000
16056  15.396  -54.322  -14.592 1.0000000000
16029  10.888  -54.209  -12.741 1.0000000000
139448  24.442  -55.623  -10.267 1.0000000000
14287  21.710  -56.510  -15.132 1.0000000000
15129  20.235  -55.585  -14.801 1.0000000000
16055  16.302  -54.428  -14.703 1.0000000000
119847  27.165  -56.304  -12.798 1.0000000000
15085  26.189  -55.458  -11.465 1.0000000000
14265  26.832  -57.003  -13.213 1.0000000000
13422  27.326  -57.638  -14.708 1.0000000000
138029  22.849  -57.716  -15.490 1.0000000000
14276  27.699  -57.125  -14.292 1.0000000000
12569  25.741  -58.814  -16.516 1.0000000000
119367  24.933  -58.250  -16.859 1.0000000000
13450  23.963  -57.631  -16.684 1.0000000000
13451  22.986  -57.122  -16.110 1.0000000000
13447  26.408  -58.099  -16.710 1.0000000000
13464  25.343  -57.392  -17.235 1.0000000000
13429  27.847  -57.260  -15.981 1.0000000000
13446  27.074  -57.821  -16.232 1.0000000000
13449  24.621  -57.361  -17.127 1.0000000000
125509  17.714  -56.451  -8.427 0.8999999762
15980  16.892  -54.639  -9.637 0.8999999762
13338  15.120  -57.948  -8.291 0.8999999762
13353  14.238  -57.638  -8.739 0.8999999762
12459  13.774  -58.687  -7.860 0.8999999762
11596  12.113  -59.153  -6.904 0.8999999762
118736  18.945  -55.874  -8.614 0.8999999762
15053  17.478  -55.194  -9.229 0.8999999762
12444  10.519  -59.008  -7.067 0.8000000119
15964  19.025  -55.173  -9.006 0.8999999762
12462  9.878  -58.456  -7.448 0.6999999881
128500  20.380  -54.450  -9.380 0.8999999762
15974  22.822  -54.374  -9.789 0.8999999762
16045  12.699  -54.413  -13.979 1.0000000000
16046  11.440  -54.105  -13.404 1.0000000000
16962  24.090  -53.823  -10.649 0.8999999762
15131  18.507  -55.167  -14.307 1.0000000000
16057  14.408  -54.189  -14.528 1.0000000000
16999  9.585  -53.787  -11.123 0.8999999762
16977  8.029  -53.605  -10.350 0.8999999762
16017  7.592  -54.162  -10.976 0.8999999762
16013  26.047  -54.521  -11.165 1.0000000000
16961  24.776  -54.077  -10.794 0.8999999762
16014  25.249  -54.645  -10.783 0.8999999762
129159  8.086  -53.902  -15.528 0.6999999881
17013  7.490  -53.178  -12.107 0.8999999762
15095  26.808  -55.793  -12.145 1.0000000000
14288  21.079  -55.911  -15.092 1.0000000000
14245  27.833  -55.891  -12.928 1.0000000000
14264  27.606  -56.668  -13.547 1.0000000000
13421  28.001  -57.126  -15.081 1.0000000000
14263  28.195  -56.193  -13.588 1.0000000000
116598  28.212  -56.631  -14.227 1.0000000000
13463  26.185  -57.385  -17.171 1.0000000000
15997  13.014  -54.634  -10.769 0.6999999881
12460  12.970  -58.991  -7.469 0.8999999762
16945  19.155  -53.835  -9.800 0.8999999762
15978  18.668  -54.443  -9.473 0.8999999762
16969  17.960  -53.366  -10.472 0.8999999762
17932  16.881  -52.933  -11.119 0.8999999762
12442  12.098  -58.670  -7.775 0.8999999762
16967  19.662  -53.370  -10.293 0.8999999762
17969  16.984  -51.916  -12.518 0.8999999762
18939  16.000  -50.670  -13.075 0.6999999881
18940  15.123  -50.894  -12.921 0.8000000119
14202  12.239  -56.959  -9.553 0.8000000119
13355  12.627  -57.771  -8.872 0.8000000119
12475  11.926  -58.111  -8.530 0.8000000119
12461  11.229  -58.338  -8.076 0.8000000119
132796  20.911  -53.104  -10.847 0.8999999762
130185  20.716  -53.919  -9.687 0.8999999762
137617  18.887  -50.788  -13.764 0.6999999881
18938  17.518  -51.343  -13.181 0.6999999881
18926  13.473  -51.103  -12.073 0.6000000238
16997  13.067  -53.132  -11.673 0.6999999881
16973  12.769  -53.862  -11.184 0.6999999881
14214  12.240  -55.952  -10.151 0.6999999881
15058  11.108  -55.400  -10.033 0.6000000238
13339  10.365  -57.931  -8.077 0.6999999881
13323  8.452  -57.077  -6.540 0.6999999881
16965  21.742  -53.254  -10.693 0.8999999762
20981  19.670  -49.801  -13.388 0.5000000000
118663  16.938  -50.545  -13.239 0.6999999881
125336  13.154  -51.857  -12.026 0.6000000238
17954  12.576  -52.242  -11.508 0.6000000238
15998  12.157  -54.349  -10.747 0.6999999881
15072  11.686  -54.904  -10.396 0.6000000238
13356  10.046  -57.198  -8.446 0.6000000238
16964  22.654  -53.377  -10.794 0.8999999762
18953  18.017  -50.480  -13.478 0.6000000238
20971  16.858  -49.249  -12.205 0.6999999881
19970  15.286  -50.012  -12.599 0.6999999881
116440  14.611  -49.642  -11.856 0.6000000238
15999  11.445  -54.005  -10.359 0.6000000238
14216  10.553  -55.878  -9.552 0.6999999881
13340  9.582  -57.407  -7.768 0.6999999881
17008  23.394  -53.331  -12.369 0.8999999762
16941  23.089  -53.802  -10.267 0.8999999762
18012  15.113  -52.459  -15.845 1.0000000000
139104  13.035  -53.871  -14.409 1.0000000000
122680  11.635  -53.338  -13.918 1.0000000000
17010  10.396  -53.511  -12.145 0.8999999762
16991  23.801  -53.423  -11.496 0.8999999762
16963  23.381  -53.513  -10.826 0.8999999762
16053  18.133  -54.663  -14.983 1.0000000000
17024  16.594  -53.976  -15.302 1.0000000000
16054  17.241  -54.446  -14.985 1.0000000000
124421  9.022  -52.848  -10.598 0.8999999762
17976  7.517  -52.586  -11.278 0.8999999762
16989  25.349  -53.890  -11.177 0.8999999762
16990  24.594  -53.608  -11.374 0.8999999762
14304  22.040  -55.785  -16.201 1.0000000000
15140  20.620  -55.263  -15.539 1.0000000000
16052  18.947  -54.881  -15.117 1.0000000000
17991  11.058  -52.537  -13.563 1.0000000000
17973  10.467  -52.472  -12.477 0.8999999762
17011  9.817  -52.743  -11.414 0.8999999762
15084  26.833  -54.910  -11.598 1.0000000000
14302  23.490  -56.644  -16.846 1.0000000000
14303  22.734  -56.215  -16.525 1.0000000000
16065  18.584  -54.305  -15.601 1.0000000000
17025  15.853  -53.843  -15.190 1.0000000000
18955  10.717  -51.703  -13.170 0.8999999762
15094  27.566  -55.253  -12.187 1.0000000000
14321  24.826  -56.569  -17.428 1.0000000000
15154  21.025  -54.870  -16.213 1.0000000000
16064  19.396  -54.486  -15.783 1.0000000000
17029  7.753  -53.174  -15.049 0.6999999881
133205  7.608  -52.578  -14.309 0.8000000119
17012  7.518  -53.006  -12.953 0.8000000119
15113  28.449  -55.725  -13.298 1.0000000000
14275  28.715  -56.475  -14.946 1.0000000000
14319  26.709  -56.643  -17.296 1.0000000000
14322  23.987  -56.173  -17.319 1.0000000000
15151  23.277  -55.837  -17.068 1.0000000000
15128  28.786  -55.968  -14.036 1.0000000000
15174  23.196  -55.180  -17.241 1.0000000000
14284  29.128  -56.199  -15.677 1.0000000000
14285  28.513  -56.730  -15.791 1.0000000000
15172  24.544  -55.651  -17.578 1.0000000000
15171  25.395  -55.786  -17.630 1.0000000000
19026  28.315  -51.601  -18.363 1.0000000000
17928  20.135  -53.018  -10.857 0.8999999762
16968  18.797  -53.347  -10.378 0.8999999762
17930  18.419  -52.903  -10.962 0.8999999762
17947  20.511  -52.939  -11.599 0.8999999762
17949  18.713  -52.547  -11.690 0.8999999762
116328  10.898  -57.530  -8.742 0.6999999881
17945  21.870  -53.171  -12.619 0.8999999762
19987  19.892  -50.009  -14.167 0.6999999881
18936  19.306  -51.448  -13.699 0.8000000119
18937  18.493  -51.444  -13.403 0.8999999762
15983  11.000  -54.427  -9.888 0.6000000238
17946  21.348  -53.096  -11.644 0.8999999762
16948  11.623  -52.983  -9.935 0.6000000238
17965  23.837  -53.265  -13.357 0.8999999762
17009  22.815  -53.253  -13.179 0.8999999762
115397  17.995  -49.557  -12.869 0.5000000000
19940  13.419  -50.554  -11.262 0.6000000238
18917  12.993  -50.969  -10.603 0.6000000238
16974  11.804  -53.420  -10.726 0.6000000238
17007  24.285  -53.379  -12.328 0.8999999762
133122  13.166  -52.547  -15.030 1.0000000000
18004  12.530  -52.481  -14.748 1.0000000000
17964  24.861  -53.232  -13.328 0.8999999762
17023  17.277  -53.635  -15.726 1.0000000000
17006  25.272  -53.401  -12.060 0.8999999762
17047  17.807  -52.969  -16.314 1.0000000000
17035  16.343  -53.328  -15.703 1.0000000000
18003  12.959  -53.181  -14.705 1.0000000000
17028  12.223  -53.023  -14.430 1.0000000000
17974  9.928  -51.935  -11.551 0.8999999762
17955  9.194  -51.901  -10.731 0.8999999762
16012  26.845  -54.112  -11.468 0.8999999762
18011  15.962  -52.502  -16.083 1.0000000000
17990  11.722  -52.369  -14.307 0.8999999762
18944  7.539  -51.718  -11.349 0.8999999762
136008  28.093  -54.656  -12.039 1.0000000000
15170  26.343  -55.868  -17.565 1.0000000000
15152  22.549  -55.362  -16.827 1.0000000000
16076  19.882  -54.029  -16.387 1.0000000000
17045  19.579  -53.293  -16.695 1.0000000000
17992  7.518  -52.311  -13.370 0.8000000119
15112  28.985  -55.323  -13.347 1.0000000000
14298  28.815  -56.307  -16.281 1.0000000000
15169  27.348  -55.890  -17.417 1.0000000000
16074  21.502  -54.456  -16.787 1.0000000000
15127  29.484  -55.380  -14.097 1.0000000000
15167  29.075  -55.338  -17.100 1.0000000000
127133  24.287  -54.992  -17.644 1.0000000000
126926  23.009  -53.974  -17.544 1.0000000000
16094  22.133  -54.051  -17.288 1.0000000000
14274  29.314  -55.886  -14.877 1.0000000000
132432  29.643  -55.726  -15.579 1.0000000000
126370  25.006  -55.023  -17.753 1.0000000000
17948  19.385  -52.598  -11.825 0.8999999762
17966  20.886  -52.939  -12.455 0.8999999762
17967  19.985  -52.638  -12.356 0.8999999762
17989  19.759  -52.126  -13.454 0.8999999762
126585  19.094  -52.211  -12.736 0.8999999762
17999  22.994  -51.637  -15.279 0.8999999762
17933  12.495  -51.696  -10.672 0.6000000238
17984  24.439  -52.952  -14.369 0.8999999762
17985  23.245  -52.846  -14.454 0.8999999762
128646  21.158  -49.725  -12.480 0.5000000000
15041  10.545  -54.919  -9.338 0.6000000238
15042  10.100  -55.463  -8.774 0.6000000238
17998  24.622  -52.096  -15.205 0.8999999762
19986  20.265  -49.740  -14.143 0.6999999881
15955  10.444  -54.771  -8.517 0.6000000238
17983  25.424  -52.768  -14.420 0.8999999762
17944  26.645  -53.141  -12.120 0.8999999762
18010  16.904  -52.775  -16.196 1.0000000000
16988  27.113  -53.558  -11.703 0.8999999762
17963  25.868  -53.130  -12.972 0.8999999762
18013  14.342  -52.323  -15.612 1.0000000000
18928  8.614  -50.976  -10.666 0.8999999762
127543  27.517  -53.861  -11.588 0.8999999762
17062  21.065  -52.998  -17.266 1.0000000000
17046  18.689  -53.120  -16.501 1.0000000000
18979  13.414  -51.575  -15.300 1.0000000000
20023  12.871  -51.248  -15.012 0.8999999762
18941  10.261  -51.404  -12.077 0.8999999762
16026  28.715  -54.461  -12.200 1.0000000000
16010  29.017  -53.802  -11.875 1.0000000000
17057  26.933  -53.755  -18.008 1.0000000000
16091  24.488  -54.278  -17.776 1.0000000000
131869  22.541  -53.424  -17.546 1.0000000000
17044  20.452  -53.508  -16.871 1.0000000000
18022  19.247  -52.411  -16.977 1.0000000000
18977  14.841  -51.780  -15.995 1.0000000000
20021  14.281  -50.605  -15.647 0.8999999762
20006  12.970  -50.411  -14.864 0.8999999762
125752  11.182  -51.869  -13.888 0.8999999762
116028  7.479  -51.543  -12.431 0.8999999762
16039  29.648  -54.741  -13.311 1.0000000000
17055  28.955  -53.921  -17.742 1.0000000000
16090  25.476  -54.358  -17.863 1.0000000000
132254  20.218  -52.721  -17.130 1.0000000000
129155  23.729  -53.897  -17.715 1.0000000000
15138  30.198  -55.228  -15.876 1.0000000000
17059  25.102  -53.624  -17.962 1.0000000000
122064  23.325  -53.167  -17.777 1.0000000000
15168  28.226  -55.559  -17.329 1.0000000000
16089  26.396  -54.425  -17.863 1.0000000000
17060  24.258  -53.423  -17.895 1.0000000000
18046  29.870  -52.279  -18.095 1.0000000000
18963  20.883  -51.704  -14.816 0.8000000119
18950  20.247  -51.717  -14.342 0.8999999762
18964  20.052  -50.804  -14.461 0.8999999762
120027  20.432  -50.350  -14.669 0.8000000119
20003  25.529  -50.837  -15.460 0.8000000119
129439  22.566  -49.988  -12.065 0.5000000000
17997  26.142  -51.968  -15.202 0.8999999762
19985  21.844  -49.337  -14.267 0.6000000238
132813  26.699  -52.794  -12.906 0.8999999762
17982  26.471  -52.654  -13.989 0.8999999762
18015  12.956  -51.974  -15.082 1.0000000000
20008  11.510  -50.790  -14.042 0.8999999762
17961  28.100  -52.317  -12.230 0.8999999762
17962  27.380  -52.585  -12.571 0.8999999762
134202  15.931  -51.779  -16.345 1.0000000000
19989  10.573  -50.652  -12.620 0.8999999762
18942  9.566  -51.127  -11.111 0.8999999762
16986  28.675  -53.273  -11.682 0.8999999762
19988  11.133  -50.303  -13.384 0.8999999762
19956  8.036  -50.173  -10.953 0.8999999762
17005  29.707  -53.629  -12.143 1.0000000000
18049  26.974  -52.321  -18.340 1.0000000000
18992  17.074  -51.264  -16.735 1.0000000000
18994  15.445  -51.224  -16.277 1.0000000000
20984  10.700  -49.581  -12.428 0.8999999762
16038  30.259  -54.341  -13.582 1.0000000000
16025  29.397  -54.274  -12.488 1.0000000000
18035  27.453  -53.084  -18.204 1.0000000000
17061  21.846  -53.250  -17.406 1.0000000000
18040  20.027  -51.893  -17.317 1.0000000000
18991  18.591  -51.675  -17.071 1.0000000000
16049  30.913  -54.162  -15.110 1.0000000000
17054  29.957  -53.814  -17.582 1.0000000000
18037  25.628  -52.966  -18.141 1.0000000000
126081  22.430  -52.652  -17.677 1.0000000000
124306  20.985  -52.099  -17.431 1.0000000000
16071  30.835  -54.079  -16.711 1.0000000000
18038  24.836  -52.991  -18.083 1.0000000000
121850  21.888  -51.966  -17.666 1.0000000000
18032  30.572  -53.001  -17.705 1.0000000000
18961  23.981  -50.644  -15.264 0.8000000119
19984  23.286  -49.474  -14.624 0.6999999881
19982  25.951  -49.758  -15.153 0.6999999881
120904  22.818  -49.429  -13.435 0.6000000238
20002  26.797  -50.784  -15.286 0.6999999881
118010  23.812  -49.413  -13.910 0.6000000238
18934  28.717  -50.552  -13.863 0.6000000238
20001  27.647  -50.668  -15.060 0.6000000238
18949  28.342  -51.029  -14.226 0.6000000238
133237  28.556  -51.589  -12.691 0.6999999881
18935  28.086  -51.826  -13.119 0.8000000119
18925  28.830  -52.004  -11.899 0.8000000119
20020  15.113  -50.310  -16.063 1.0000000000
21004  13.732  -50.061  -15.164 0.8999999762
16985  29.924  -52.961  -11.800 0.8999999762
121752  28.399  -52.783  -11.775 0.8999999762
19013  19.049  -51.051  -17.342 1.0000000000
18024  17.515  -52.100  -16.604 1.0000000000
20033  15.937  -50.449  -16.465 1.0000000000
19973  9.000  -50.267  -10.837 0.8999999762
16024  30.067  -54.051  -12.845 1.0000000000
17960  30.607  -52.631  -12.066 1.0000000000
135023  29.319  -53.237  -11.737 0.8999999762
19029  25.578  -51.619  -18.389 1.0000000000
20059  25.052  -50.923  -18.433 1.0000000000
17022  30.622  -54.264  -14.266 1.0000000000
19030  24.648  -51.705  -18.313 1.0000000000
20031  17.551  -50.505  -17.090 1.0000000000
20032  16.704  -50.473  -16.752 1.0000000000
17032  31.384  -53.571  -15.252 1.0000000000
19032  23.137  -51.310  -18.069 1.0000000000
17042  31.289  -53.583  -16.663 1.0000000000
18033  29.443  -53.092  -17.932 1.0000000000
18051  25.160  -52.338  -18.244 1.0000000000
19009  22.253  -51.253  -17.843 1.0000000000
17052  31.351  -53.100  -17.228 1.0000000000
18047  28.862  -52.337  -18.208 1.0000000000
131994  22.583  -51.887  -17.830 1.0000000000
19962  27.400  -49.543  -13.180 0.5000000000
19963  27.428  -49.466  -13.892 0.6000000238
19965  25.806  -50.051  -13.200 0.4000000060
19979  28.581  -49.700  -14.776 0.6000000238
19946  29.209  -50.993  -12.476 0.6999999881
22998  15.059  -47.604  -13.605 0.8999999762
22985  14.674  -46.889  -12.439 0.8999999762
22986  13.769  -47.116  -12.366 0.8999999762
18923  30.427  -51.483  -11.679 0.6999999881
18924  29.631  -51.723  -11.705 0.6999999881
21947  15.297  -48.200  -14.666 1.0000000000
21936  14.216  -47.766  -13.326 0.8999999762
20992  13.997  -49.127  -14.733 0.8999999762
20993  13.198  -49.551  -14.500 0.8999999762
20994  12.427  -49.850  -14.245 0.8999999762
20983  11.346  -49.376  -13.042 0.8999999762
121830  10.082  -49.718  -11.673 0.8999999762
18922  31.142  -51.163  -11.716 0.6999999881
17941  30.145  -52.230  -11.700 0.8999999762
17942  29.286  -52.606  -11.704 0.8000000119
21026  18.562  -49.506  -17.410 1.0000000000
21011  16.452  -49.174  -16.498 1.0000000000
21012  15.812  -49.676  -16.295 1.0000000000
21002  15.258  -49.405  -15.763 1.0000000000
21003  14.512  -49.745  -15.490 1.0000000000
17979  31.286  -53.058  -13.687 1.0000000000
135915  31.423  -52.549  -13.157 1.0000000000
128598  26.934  -50.898  -18.470 1.0000000000
20057  26.510  -50.207  -18.515 1.0000000000
117418  24.476  -50.227  -18.417 1.0000000000
20042  18.843  -50.333  -17.431 1.0000000000
17995  31.609  -53.017  -14.560 1.0000000000
19011  20.577  -51.228  -17.516 1.0000000000
21027  17.820  -49.755  -17.247 1.0000000000
19027  27.403  -51.609  -18.404 1.0000000000
20061  22.632  -50.533  -18.023 1.0000000000
20039  21.846  -50.523  -17.817 1.0000000000
21024  20.524  -49.711  -17.670 1.0000000000
132868  20.159  -50.481  -17.581 1.0000000000
19025  29.246  -51.563  -18.312 1.0000000000
123875  30.862  -52.145  -17.920 1.0000000000
19024  30.225  -51.469  -18.231 1.0000000000
20054  29.583  -50.819  -18.397 1.0000000000
20967  28.177  -49.159  -13.912 0.4000000060
19978  29.265  -49.752  -13.705 0.6000000238
121266  28.773  -48.949  -14.055 0.6000000238
19961  29.702  -50.296  -12.423 0.6000000238
22984  15.638  -46.650  -12.771 0.8999999762
22976  13.370  -46.580  -12.130 0.8999999762
19944  30.657  -50.815  -11.629 0.6999999881
20952  30.353  -50.177  -11.842 0.6999999881
22977  12.663  -46.483  -12.459 0.8999999762
21938  12.515  -47.893  -12.779 0.8999999762
20982  11.731  -48.383  -12.738 0.8999999762
19960  31.867  -50.861  -11.980 0.6999999881
22996  16.982  -47.299  -14.412 1.0000000000
21973  16.565  -48.384  -16.100 1.0000000000
21974  15.879  -48.876  -15.978 1.0000000000
21961  15.444  -48.705  -15.399 1.0000000000
21948  14.536  -48.340  -14.293 0.8999999762
18947  32.261  -51.612  -13.928 0.8000000119
121014  25.522  -50.058  -18.491 1.0000000000
134579  20.879  -49.050  -17.722 1.0000000000
21950  12.651  -48.834  -13.577 0.8999999762
20973  10.091  -48.805  -11.769 0.8999999762
18008  32.259  -52.312  -15.730 1.0000000000
20056  27.371  -50.227  -18.494 1.0000000000
21043  24.823  -49.515  -18.462 1.0000000000
21023  21.468  -49.665  -17.813 1.0000000000
21022  22.215  -49.941  -17.962 1.0000000000
21025  19.551  -49.767  -17.560 1.0000000000
18976  32.644  -51.636  -16.010 1.0000000000
128599  27.816  -50.894  -18.438 1.0000000000
21045  22.889  -49.746  -18.176 1.0000000000
118936  19.229  -48.960  -17.489 1.0000000000
18020  32.263  -52.146  -16.629 1.0000000000
18030  32.157  -51.900  -17.265 1.0000000000
132221  31.295  -52.570  -17.573 1.0000000000
21036  31.937  -49.746  -18.273 1.0000000000
20055  28.213  -50.222  -18.475 1.0000000000
20053  30.580  -50.613  -18.345 1.0000000000
21038  29.459  -49.616  -18.500 1.0000000000
20965  29.801  -49.220  -12.867 0.4000000060
20964  30.741  -49.383  -11.758 0.5000000000
128908  31.340  -50.233  -11.581 0.6999999881
133531  32.125  -50.229  -11.816 0.6999999881
135923  16.847  -47.775  -15.526 1.0000000000
116751  26.529  -48.938  -18.536 1.0000000000
116161  25.565  -49.063  -18.521 1.0000000000
21988  21.525  -48.731  -17.893 1.0000000000
21992  17.824  -49.018  -17.183 1.0000000000
18990  32.618  -51.502  -16.900 1.0000000000
21046  22.215  -49.230  -18.057 1.0000000000
116582  20.068  -48.846  -17.618 1.0000000000
116752  27.379  -48.922  -18.521 1.0000000000
125335  32.882  -50.774  -17.151 1.0000000000
20038  32.579  -50.209  -17.774 1.0000000000
21040  27.792  -49.582  -18.500 1.0000000000
21044  23.881  -49.432  -18.392 1.0000000000
21922  30.299  -48.462  -12.464 0.4000000060
22964  31.842  -48.008  -11.509 0.5000000000
25111  14.683  -44.612  -12.518 0.8000000119
25112  13.545  -44.889  -12.687 0.8999999762
20951  31.554  -49.383  -11.532 0.6000000238
24048  17.352  -45.672  -12.794 1.0000000000
24049  16.244  -45.724  -12.420 0.8999999762
24050  15.061  -45.748  -12.014 0.8999999762
22975  14.035  -46.250  -11.987 0.8999999762
21915  32.829  -48.638  -11.748 0.6000000238
20949  32.507  -49.206  -11.742 0.6999999881
24047  18.428  -45.623  -13.067 1.0000000000
20979  33.074  -49.793  -12.900 0.8000000119
19959  32.477  -50.453  -12.471 0.6999999881
24059  19.015  -46.080  -13.385 1.0000000000
24085  18.630  -46.923  -15.229 1.0000000000
23005  17.702  -47.251  -15.207 1.0000000000
19999  33.102  -50.450  -14.800 0.8999999762
136707  32.995  -50.529  -14.211 0.8000000119
22007  26.026  -48.281  -18.542 1.0000000000
24057  19.830  -45.683  -14.853 1.0000000000
24083  19.177  -46.743  -16.725 1.0000000000
23019  18.057  -47.301  -16.131 1.0000000000
20019  33.211  -50.377  -15.666 1.0000000000
116863  24.634  -48.793  -18.480 1.0000000000
21990  19.396  -48.141  -17.438 1.0000000000
20028  33.224  -50.274  -16.535 1.0000000000
22006  26.960  -48.158  -18.538 1.0000000000
21989  20.804  -48.317  -17.715 1.0000000000
20051  32.670  -49.306  -18.111 1.0000000000
22004  28.615  -48.244  -18.529 1.0000000000
22009  23.817  -48.462  -18.418 1.0000000000
21987  22.261  -48.373  -18.138 1.0000000000
121116  31.112  -49.982  -18.381 1.0000000000
21037  30.318  -49.767  -18.468 1.0000000000
22003  29.600  -48.119  -18.548 1.0000000000
116754  29.074  -48.924  -18.518 1.0000000000
116755  30.005  -49.000  -18.520 1.0000000000
117113  30.062  -47.661  -12.682 0.4000000060
21916  32.124  -48.825  -11.491 0.6000000238
26145  15.802  -44.395  -13.123 0.8000000119
21914  33.253  -47.980  -11.783 0.6000000238
124426  15.721  -45.034  -12.367 0.8999999762
20978  33.592  -49.207  -13.488 0.6999999881
21946  33.755  -49.198  -14.431 0.6999999881
24081  21.050  -45.855  -17.290 1.0000000000
21001  33.550  -49.719  -15.972 0.8000000119
23052  25.637  -47.735  -18.527 1.0000000000
117065  24.490  -48.022  -18.490 1.0000000000
24101  20.429  -46.720  -17.462 1.0000000000
127177  19.609  -46.238  -16.840 1.0000000000
21971  33.835  -49.019  -16.309 0.8999999762
21021  33.158  -49.505  -17.544 1.0000000000
23055  23.053  -47.991  -18.298 1.0000000000
115811  21.550  -47.763  -17.930 1.0000000000
23037  20.671  -47.505  -17.663 1.0000000000
21035  33.268  -48.737  -17.871 0.8999999762
136391  27.505  -47.822  -18.527 1.0000000000
23048  32.710  -47.556  -18.469 1.0000000000
117880  32.043  -49.033  -18.411 1.0000000000
22001  31.610  -48.410  -18.540 1.0000000000
115808  28.931  -47.608  -18.538 1.0000000000
24119  28.768  -46.910  -18.512 1.0000000000
115810  31.193  -47.792  -18.613 1.0000000000
118399  30.541  -46.875  -12.316 0.4000000060
24029  32.032  -46.499  -11.577 0.5000000000
119240  32.907  -46.618  -11.380 0.5000000000
25124  18.564  -45.097  -13.431 0.8999999762
22971  33.829  -47.803  -12.435 0.6999999881
115523  33.065  -47.360  -11.522 0.6000000238
24046  19.149  -45.621  -13.409 1.0000000000
25125  15.596  -44.418  -14.493 0.8000000119
21934  34.182  -47.916  -13.377 0.6999999881
25148  21.260  -44.929  -16.906 1.0000000000
24068  19.749  -45.571  -16.812 1.0000000000
25139  15.736  -44.979  -15.808 0.6999999881
127050  34.005  -48.565  -13.872 0.6999999881
24096  26.105  -46.217  -18.355 1.0000000000
24098  24.555  -46.252  -18.245 1.0000000000
23035  23.045  -46.976  -18.241 1.0000000000
21958  34.168  -48.341  -15.727 0.6999999881
24097  25.268  -46.398  -18.357 1.0000000000
21970  34.060  -48.284  -16.670 0.8000000119
24121  27.027  -46.466  -18.412 1.0000000000
115989  21.279  -46.817  -17.723 1.0000000000
21986  33.775  -48.147  -17.472 0.8000000119
21999  33.292  -47.886  -18.106 0.8999999762
133460  26.438  -46.910  -18.489 1.0000000000
23054  23.818  -47.626  -18.407 1.0000000000
23050  29.599  -47.159  -18.557 1.0000000000
25161  27.263  -45.249  -17.897 1.0000000000
116750  31.288  -47.087  -18.667 1.0000000000
25085  32.530  -45.797  -11.389 0.4000000060
24036  33.975  -46.954  -12.138 0.6999999881
25084  33.450  -45.817  -11.352 0.5000000000
25122  19.670  -44.995  -15.387 1.0000000000
123316  18.260  -44.631  -14.641 0.8000000119
26156  16.413  -44.430  -14.010 0.8000000119
22983  34.329  -47.189  -12.936 0.6999999881
24055  34.691  -46.691  -14.453 0.6999999881
135972  34.301  -47.966  -14.192 0.6999999881
26194  25.757  -44.922  -17.626 1.0000000000
25165  23.372  -45.476  -17.675 1.0000000000
26169  16.190  -44.492  -15.061 0.8000000119
136268  34.669  -46.745  -15.103 0.6999999881
121978  34.431  -47.004  -16.597 0.6999999881
25186  26.870  -45.837  -18.230 1.0000000000
24094  34.242  -46.733  -17.317 0.6999999881
25185  27.731  -45.862  -18.271 1.0000000000
23034  33.829  -47.351  -17.748 0.8999999762
23049  31.969  -47.677  -18.618 1.0000000000
24118  29.413  -46.397  -18.473 1.0000000000
137104  29.187  -45.809  -18.310 1.0000000000
120046  30.694  -45.811  -18.636 1.0000000000
25182  29.916  -45.804  -18.466 1.0000000000
26120  32.198  -44.935  -11.528 0.4000000060
126467  32.982  -45.175  -11.102 0.5000000000
24026  34.067  -46.163  -11.804 0.6000000238
25140  14.927  -44.910  -15.283 0.6999999881
25108  34.715  -45.783  -13.138 0.6999999881
120092  34.406  -46.399  -12.563 0.6999999881
25151  18.241  -44.699  -15.973 0.8000000119
25137  17.348  -44.650  -16.000 0.8000000119
25138  16.446  -44.792  -16.044 0.6999999881
25167  21.776  -45.367  -17.208 1.0000000000
27207  17.111  -44.314  -17.792 0.6999999881
25163  25.288  -45.650  -18.093 1.0000000000
119559  34.734  -45.405  -16.675 0.6999999881
24114  33.542  -46.196  -18.331 0.6999999881
25162  26.295  -45.425  -18.027 1.0000000000
25179  33.155  -45.596  -18.628 0.6999999881
131443  32.934  -46.271  -18.625 0.8999999762
25180  32.283  -45.754  -18.770 0.8999999762
24116  31.401  -46.237  -18.716 1.0000000000
119623  30.408  -45.028  -18.500 0.8999999762
25183  29.437  -45.200  -18.195 1.0000000000
26211  28.903  -44.800  -17.846 1.0000000000
26191  28.731  -44.193  -17.405 1.0000000000
25181  31.365  -45.406  -18.738 1.0000000000
26210  29.580  -44.310  -18.006 1.0000000000
136078  32.932  -44.324  -10.945 0.4000000060
27119  33.292  -43.406  -10.729 0.4000000060
27141  34.575  -44.031  -11.589 0.6000000238
130069  34.125  -45.332  -11.484 0.6000000238
25147  22.010  -44.695  -16.944 1.0000000000
24056  19.561  -45.346  -16.076 1.0000000000
25136  19.232  -44.787  -15.127 1.0000000000
24071  15.255  -45.964  -16.525 0.6999999881
135458  34.874  -44.197  -12.406 0.6999999881
26142  35.152  -44.271  -13.410 0.6999999881
25145  23.913  -44.883  -17.554 1.0000000000
25146  22.948  -44.812  -17.273 1.0000000000
26167  19.726  -44.916  -16.440 1.0000000000
25168  17.489  -44.795  -16.859 0.6999999881
25169  16.709  -44.820  -17.391 0.6999999881
117013  34.767  -46.005  -16.011 0.6999999881
122351  35.401  -43.907  -14.698 0.6999999881
26185  18.253  -44.733  -16.824 0.8000000119
26177  34.887  -44.509  -16.647 0.6999999881
26193  26.615  -44.795  -17.496 1.0000000000
25159  34.357  -45.411  -17.617 0.6999999881
127265  27.357  -44.641  -17.365 1.0000000000
26178  26.922  -44.143  -16.779 1.0000000000
26179  24.531  -44.326  -17.461 1.0000000000
26205  34.116  -44.756  -18.080 0.6999999881
26192  27.904  -44.156  -17.003 1.0000000000
26207  32.692  -44.960  -18.785 0.8000000119
126040  31.982  -44.999  -18.824 0.8000000119
26209  31.335  -44.573  -18.706 0.8000000119
27201  29.218  -43.523  -17.437 1.0000000000
27128  34.597  -43.215  -11.280 0.4000000060
25133  20.750  -44.576  -16.871 1.0000000000
26184  19.620  -44.702  -16.867 0.8999999762
28120  35.423  -42.769  -12.728 0.6000000238
26182  21.739  -44.090  -16.808 0.8999999762
27158  35.539  -43.330  -14.384 0.6000000238
26195  19.181  -44.255  -17.377 0.8000000119
27166  35.466  -43.397  -15.346 0.6999999881
26190  34.600  -44.636  -17.364 0.6999999881
123850  26.038  -43.846  -16.803 1.0000000000
27205  19.517  -43.292  -17.559 0.8000000119
124119  34.368  -43.966  -17.880 0.6999999881
27200  34.540  -43.126  -17.733 0.6999999881
27217  33.966  -43.379  -18.279 0.6999999881
27181  25.879  -43.047  -16.713 1.0000000000
27180  26.802  -43.301  -16.337 1.0000000000
27218  32.994  -44.222  -18.753 0.6999999881
122524  31.944  -42.802  -18.709 0.8000000119
136647  30.651  -43.327  -18.439 0.8999999762
118110  30.240  -42.724  -18.240 0.8999999762
28175  29.526  -42.817  -17.675 1.0000000000
28176  28.952  -42.857  -16.901 1.0000000000
27219  32.458  -43.555  -18.765 0.8000000119
28199  29.956  -43.471  -18.063 1.0000000000
26181  22.531  -44.247  -17.099 0.8999999762
27185  21.533  -43.555  -16.757 0.8999999762
27186  20.920  -43.743  -16.726 0.8999999762
26180  23.521  -44.330  -17.389 1.0000000000
27184  22.285  -43.697  -17.006 0.8999999762
29046  35.951  -41.597  -15.279 0.5000000000
27183  23.173  -43.837  -17.343 0.8999999762
27176  35.312  -43.131  -16.351 0.6000000238
28174  34.629  -42.261  -17.652 0.6000000238
28158  24.937  -43.188  -17.325 1.0000000000
28156  26.769  -42.427  -16.210 1.0000000000
28155  27.602  -42.643  -16.040 1.0000000000
121780  33.528  -42.903  -18.500 0.6000000238
28196  32.845  -42.834  -18.691 0.6999999881
28198  31.047  -42.730  -18.568 0.8000000119
118997  30.558  -41.956  -18.430 0.8000000119
29096  29.697  -42.044  -18.067 0.8000000119
29071  29.102  -42.172  -17.281 1.0000000000
128982  28.661  -42.304  -16.531 1.0000000000
28157  25.421  -42.538  -17.121 0.8999999762
28159  22.944  -43.306  -17.460 0.8999999762
28162  21.173  -43.167  -16.806 0.8000000119
27203  23.937  -43.353  -17.689 0.8999999762
28173  35.184  -41.793  -17.063 0.6000000238
29068  35.203  -40.834  -17.130 0.5000000000
29069  34.645  -41.379  -17.598 0.6000000238
29073  27.959  -41.193  -16.110 1.0000000000
29058  26.780  -41.635  -16.162 0.8999999762
28194  34.062  -42.615  -18.164 0.6000000238
28195  33.337  -42.147  -18.436 0.6000000238
29094  31.917  -41.255  -18.500 0.6000000238
115408  29.992  -41.224  -18.379 0.6000000238
29097  29.022  -41.316  -17.833 0.6999999881
29072  28.503  -41.668  -16.728 1.0000000000
30019  28.621  -40.443  -18.121 0.6000000238
29996  28.230  -40.878  -17.170 0.8000000119
28160  22.189  -43.074  -17.046 0.8999999762
28179  22.120  -42.460  -17.437 0.8000000119
29074  25.436  -41.795  -17.237 0.8999999762
139289  24.265  -42.296  -18.079 0.8999999762
116635  26.078  -42.095  -16.662 0.8999999762
115541  25.399  -40.892  -17.271 0.8999999762
29985  27.269  -40.950  -16.098 0.8000000119
29998  26.887  -40.173  -16.425 0.8000000119
29999  26.077  -40.077  -16.789 0.8000000119
29093  32.805  -41.370  -18.391 0.6000000238
30016  31.514  -40.442  -18.353 0.5000000000
129861  28.994  -39.832  -18.462 0.4000000060
31007  27.111  -39.721  -16.876 0.4000000060
29997  27.505  -40.482  -16.472 0.6999999881
28178  22.812  -42.698  -17.744 0.8999999762
29077  22.700  -42.061  -18.116 0.8000000119
29075  24.677  -41.642  -17.945 0.8999999762
31008  26.481  -39.422  -16.843 0.5000000000
29076  23.680  -42.100  -18.299 0.8999999762
30021  23.320  -40.892  -19.024 0.8000000119
29098  24.045  -41.234  -18.567 0.8000000119
30020  24.134  -40.328  -18.594 0.8000000119
120599  26.003  -38.666  -17.156 0.5000000000
136831  12.432  -76.249  -21.375 1.0000000000
413  15.907  -80.200  -21.135 1.0000000000
1861  11.842  -75.488  -20.380 1.0000000000
1522  12.906  -76.610  -22.976 1.0000000000
646  30.424  -79.527  -24.745 0.6000000238
123936  29.400  -80.613  -24.749 0.6999999881
636  17.855  -79.853  -22.836 1.0000000000
419  17.460  -80.541  -22.570 1.0000000000
244  18.100  -81.936  -21.969 1.0000000000
150  18.399  -82.603  -21.540 1.0000000000
117767  24.845  -80.402  -21.668 1.0000000000
633  25.719  -79.712  -22.457 1.0000000000
118963  26.525  -78.860  -24.020 1.0000000000
642  25.562  -79.919  -23.286 1.0000000000
1224  27.651  -77.735  -27.834 1.0000000000
121294  27.424  -78.318  -27.172 1.0000000000
948  28.291  -78.536  -32.733 0.8999999762
2288  18.756  -74.205  -20.680 1.0000000000
669  17.371  -80.101  -26.698 0.8000000119
1570  28.357  -76.039  -26.637 1.0000000000
1582  28.502  -75.666  -27.508 1.0000000000
122456  27.545  -77.312  -32.423 0.8999999762
949  27.837  -78.263  -32.409 0.8999999762
1653  29.328  -76.407  -35.508 0.8999999762
3347  14.373  -72.868  -22.857 1.0000000000
915  24.055  -78.983  -26.329 0.8999999762
135933  31.385  -77.079  -25.450 0.6000000238
1261  27.521  -77.532  -33.275 0.8999999762
1652  30.049  -75.819  -35.396 0.8000000119
959  27.818  -77.962  -34.190 0.8999999762
2015  30.153  -75.261  -36.079 0.6999999881
3290  20.693  -72.364  -18.705 1.0000000000
1219  24.703  -77.592  -26.470 0.8999999762
1927  14.747  -76.011  -26.384 0.8000000119
129176  28.654  -74.355  -29.100 1.0000000000
2475  27.594  -73.865  -39.869 0.6000000238
3836  16.674  -70.901  -20.533 1.0000000000
2273  22.764  -74.671  -19.455 1.0000000000
2341  29.467  -73.503  -25.195 1.0000000000
132108  12.873  -74.410  -27.156 0.8999999762
2898  27.469  -73.188  -30.014 0.8999999762
1970  25.437  -74.883  -30.569 0.8999999762
6100  23.082  -67.156  -18.017 1.0000000000
5569  22.823  -67.813  -21.263 1.0000000000
2329  29.321  -73.725  -24.237 1.0000000000
3953  11.874  -71.223  -29.225 0.6999999881
6137  15.029  -67.245  -21.768 1.0000000000
4513  11.563  -70.730  -29.907 0.6999999881
7359  17.441  -65.275  -19.335 1.0000000000
3324  28.032  -72.346  -21.082 1.0000000000
2334  17.777  -74.194  -23.939 1.0000000000
6784  16.019  -65.983  -19.731 1.0000000000
7957  22.052  -64.575  -17.464 1.0000000000
4410  27.236  -69.255  -20.287 1.0000000000
9339  20.566  -62.914  -22.681 1.0000000000
120009  10.620  -68.833  -29.896 0.6999999881
7340  19.304  -65.129  -16.614 1.0000000000
7335  10.311  -65.120  -15.847 1.0000000000
4438  27.124  -69.660  -22.434 1.0000000000
5610  12.874  -68.096  -26.038 1.0000000000
6756  14.789  -67.061  -17.211 1.0000000000
8523  9.192  -63.262  -12.769 1.0000000000
6823  12.903  -66.805  -25.537 1.0000000000
6715  16.230  -66.692  -14.482 1.0000000000
8616  15.667  -64.033  -21.831 1.0000000000
7991  14.532  -64.720  -22.556 1.0000000000
7992  13.542  -64.792  -22.202 1.0000000000
8005  15.195  -64.954  -23.409 1.0000000000
139363  18.099  -66.525  -12.527 1.0000000000
7299  20.533  -65.400  -12.241 1.0000000000
8486  8.353  -63.323  -9.610 0.8999999762
8481  19.005  -63.975  -9.874 1.0000000000
133912  8.284  -61.016  -19.062 1.0000000000
9191  18.756  -62.647  -7.864 1.0000000000
7881  19.540  -64.782  -10.136 1.0000000000
7874  19.056  -64.702  -9.258 1.0000000000
10918  17.477  -61.028  -16.963 1.0000000000
9206  12.724  -61.722  -9.355 1.0000000000
10837  16.706  -60.917  -11.143 1.0000000000
124495  7.913  -62.555  -8.061 0.8000000119
9949  7.825  -61.733  -7.392 0.8000000119
7228  18.158  -64.925  -7.483 1.0000000000
8440  18.646  -63.955  -6.425 1.0000000000
9944  22.497  -61.092  -7.847 1.0000000000
7245  16.761  -65.653  -8.319 1.0000000000
11680  15.969  -59.923  -12.987 1.0000000000
11607  22.063  -59.345  -6.952 1.0000000000
12498  24.497  -58.520  -11.380 1.0000000000
13332  21.334  -57.887  -7.675 0.8999999762
12452  21.443  -58.654  -7.036 1.0000000000
13392  17.415  -57.453  -11.226 1.0000000000
10732  17.117  -60.733  -4.618 1.0000000000
9918  15.057  -61.511  -3.509 1.0000000000
13348  21.517  -57.214  -8.310 0.8999999762
14258  11.012  -55.955  -12.212 1.0000000000
12456  17.477  -58.237  -7.348 0.8999999762
11600  8.151  -59.153  -6.522 0.6999999881
14192  21.777  -56.561  -8.765 0.8999999762
14235  26.068  -56.222  -11.890 1.0000000000
13430  27.347  -57.735  -15.487 1.0000000000
12439  16.263  -58.995  -7.085 0.8999999762
12458  15.692  -58.528  -7.648 0.8999999762
11594  15.098  -59.612  -6.527 0.8999999762
11578  7.518  -58.869  -5.509 0.6000000238
16942  22.326  -53.711  -10.089 0.8999999762
15039  17.207  -55.901  -8.818 0.8999999762
133051  13.798  -59.213  -7.191 0.8999999762
138657  21.678  -56.031  -15.617 1.0000000000
16947  17.310  -53.863  -10.088 0.8999999762
134782  16.677  -51.252  -13.004 0.8000000119
138609  16.138  -49.270  -12.044 0.5000000000
16992  23.017  -53.332  -11.546 0.8999999762
126605  26.145  -53.670  -11.587 0.8999999762
15150  28.646  -55.988  -16.838 1.0000000000
14203  11.068  -56.822  -9.441 0.6999999881
19954  15.501  -49.381  -11.943 0.6000000238
20968  20.404  -49.723  -12.972 0.6000000238
139380  25.950  -53.311  -12.100 0.8999999762
18965  12.272  -51.738  -14.726 0.8999999762
16051  30.094  -54.832  -14.189 1.0000000000
122003  27.678  -55.084  -17.617 1.0000000000
18001  21.272  -52.675  -14.139 0.8999999762
20004  22.512  -50.339  -15.064 0.8000000119
17981  27.538  -52.101  -13.716 0.6999999881
17996  27.204  -51.753  -14.838 0.8999999762
19981  27.062  -49.727  -15.171 0.6000000238
19964  26.543  -49.833  -13.345 0.5000000000
18948  31.767  -51.968  -13.038 1.0000000000
18009  31.837  -52.967  -15.466 1.0000000000
18031  31.818  -52.476  -17.209 1.0000000000
20060  24.072  -51.061  -18.336 1.0000000000
21041  26.972  -49.582  -18.520 1.0000000000
19023  31.263  -51.372  -18.036 1.0000000000
20052  31.683  -50.562  -18.122 1.0000000000
24061  16.734  -46.525  -13.155 1.0000000000
116756  31.083  -49.199  -18.500 1.0000000000
22965  30.907  -47.796  -11.998 0.5000000000
123877  33.473  -49.809  -15.047 0.8000000119
22972  31.495  -47.161  -11.755 0.5000000000
25086  31.479  -45.594  -11.931 0.4000000060
23004  34.474  -47.497  -15.021 0.6999999881
24045  34.631  -46.571  -13.500 0.6999999881
24103  15.276  -45.902  -17.240 0.6999999881
138726  22.500  -46.535  -17.993 1.0000000000
26133  31.939  -44.029  -11.698 0.4000000060
25098  34.490  -45.607  -12.194 0.6999999881
135625  35.035  -45.365  -14.498 0.6999999881
27129  32.529  -43.374  -11.135 0.4000000060
26196  18.401  -44.465  -17.388 0.8000000119
26206  33.456  -44.862  -18.555 0.6999999881
27220  31.453  -43.625  -18.685 0.8999999762
27221  30.565  -44.060  -18.449 0.8999999762
27167  21.044  -44.153  -16.695 0.8999999762
28180  20.999  -42.433  -17.217 0.8000000119
123157  21.261  -41.710  -17.737 0.8000000119
30014  33.271  -40.769  -18.102 0.5000000000
459  28.609  -80.366  -28.255 0.8999999762
482  23.400  -80.332  -33.405 0.8999999762
885  14.409  -78.472  -22.612 1.0000000000
610  15.699  -79.952  -19.429 0.8999999762
126311  15.676  -79.049  -19.481 0.6999999881
154  27.391  -82.336  -22.746 0.6000000238
1848  11.991  -76.184  -19.756 1.0000000000
395  16.415  -81.450  -20.237 1.0000000000
422  29.494  -80.653  -23.118 0.6000000238
1238  16.202  -78.167  -28.494 0.8000000119
1200  31.545  -77.504  -24.046 0.5000000000
1530  31.757  -76.414  -23.985 0.5000000000
117692  22.988  -81.714  -29.014 0.8999999762
297  22.862  -81.348  -30.257 0.8999999762
1603  15.256  -76.748  -28.867 0.8000000119
133777  31.327  -77.254  -26.244 0.6999999881
1607  31.300  -75.747  -29.133 0.6000000238
2953  31.570  -72.816  -38.659 0.5000000000
471  21.706  -80.715  -30.994 0.6999999881
484  21.217  -80.059  -33.424 0.6999999881
2452  31.736  -73.838  -36.532 0.5000000000
711  21.177  -79.447  -34.740 0.6999999881
124065  26.792  -74.111  -39.854 0.6999999881
2408  14.703  -75.018  -31.091 0.6999999881
716  20.768  -78.945  -35.217 0.6999999881
972  20.978  -78.251  -36.077 0.6999999881
1291  21.987  -77.476  -37.405 0.6000000238
2476  25.837  -74.112  -39.816 0.6000000238
139622  26.030  -73.610  -39.585 0.5000000000
1671  22.637  -76.607  -38.144 0.5000000000
6799  20.845  -65.988  -22.937 1.0000000000
7354  10.692  -65.963  -17.240 1.0000000000
120777  15.690  -66.754  -15.169 1.0000000000
6855  9.388  -66.117  -30.030 0.5000000000
8505  8.978  -63.356  -11.975 1.0000000000
9217  9.179  -62.361  -11.436 1.0000000000
8485  8.777  -62.879  -10.503 0.8999999762
11755  8.053  -59.297  -20.534 0.8999999762
12630  7.998  -58.183  -20.819 0.6999999881
10955  8.347  -59.948  -21.148 0.6999999881
116241  7.857  -58.242  -18.285 0.8999999762
138546  17.215  -66.379  -10.924 1.0000000000
10968  8.655  -59.781  -22.859 0.6000000238
10163  9.421  -60.913  -23.924 0.6000000238
129875  9.760  -61.770  -23.182 0.8999999762
9365  9.849  -62.735  -24.485 0.8999999762
133092  9.658  -62.691  -25.218 0.8000000119
8677  9.383  -63.479  -26.358 0.6999999881
129470  8.277  -57.390  -15.218 0.8999999762
14280  8.316  -56.841  -14.463 0.8999999762
13394  12.091  -57.313  -11.924 1.0000000000
14257  11.605  -56.738  -12.135 1.0000000000
14269  7.898  -56.675  -13.569 0.8999999762
15133  8.823  -55.969  -14.909 0.8000000119
15144  8.543  -55.152  -14.767 0.6999999881
16059  8.021  -54.232  -14.684 0.8000000119
17018  7.663  -53.366  -13.888 0.6999999881
13351  16.570  -57.237  -8.296 0.8999999762
137401  14.218  -58.983  -7.483 0.8999999762
16079  8.419  -54.074  -16.281 0.6999999881
15979  17.805  -54.482  -9.592 0.8999999762
17039  7.946  -53.323  -16.022 0.6999999881
16930  11.452  -53.423  -9.196 0.6000000238
15966  10.925  -54.126  -9.078 0.6000000238
15027  9.915  -55.207  -7.881 0.6000000238
19983  24.628  -49.657  -14.959 0.6999999881
20975  8.169  -49.297  -11.515 0.8999999762
25100  13.295  -45.436  -12.389 0.8999999762
135190  11.977  -46.098  -12.831 0.8999999762
24051  11.283  -46.205  -13.355 0.8000000119
25128  12.364  -45.158  -13.676 0.8000000119
122414  13.884  -44.409  -13.375 0.8000000119
25126  14.738  -44.313  -13.865 0.8000000119
24072  14.573  -46.022  -15.939 0.6999999881
24105  14.269  -46.864  -17.590 0.6999999881
26118  34.180  -44.538  -11.217 0.6000000238
27118  34.032  -43.364  -10.769 0.4000000060
27140  35.011  -43.451  -12.052 0.4000000060
27204  20.553  -43.164  -17.098 0.8000000119
28181  20.133  -42.323  -17.474 0.8000000119
27199  35.030  -42.748  -17.098 0.6000000238
28154  35.386  -42.375  -16.528 0.6000000238
31010  24.836  -39.565  -17.753 0.8000000119
3318  11.741  -71.819  -20.020 1.0000000000
3827  11.360  -71.182  -20.203 1.0000000000
703  20.616  -79.745  -31.898 0.6999999881
475  21.331  -80.414  -31.845 0.8000000119
132105  20.510  -79.068  -34.519 0.6999999881
12615  8.064  -57.443  -19.644 0.6999999881
116307  9.741  -61.864  -24.134 0.6999999881
25114  11.879  -45.661  -13.451 0.8000000119
120913  10.003  -46.709  -14.525 0.8000000119
25142  12.770  -45.236  -14.488 0.6999999881
25141  13.853  -44.822  -14.636 0.6999999881
24073  13.636  -46.042  -15.587 0.6999999881
24063  11.170  -45.962  -14.003 0.6999999881
24062  11.924  -45.590  -14.262 0.6999999881
23008  11.219  -46.996  -15.575 0.6999999881
144  27.896  -82.025  -21.458 0.6000000238
866  15.106  -78.885  -21.059 1.0000000000
47  24.434  -84.126  -21.260 0.6000000238
155  26.570  -82.834  -22.924 0.6999999881
1521  16.348  -76.844  -23.264 1.0000000000
5  21.575  -84.860  -18.856 0.6000000238
41  23.175  -84.490  -20.685 0.8000000119
34  21.948  -84.710  -19.964 0.6999999881
40  23.985  -84.386  -20.506 0.6999999881
677  16.693  -79.268  -27.910 0.8000000119
159  26.948  -82.499  -23.709 0.8000000119
261  27.836  -81.705  -25.244 1.0000000000
158  27.801  -82.044  -23.515 0.6999999881
260  28.338  -81.562  -24.189 0.6999999881
427  29.480  -80.585  -23.918 0.6000000238
466  28.405  -80.088  -29.005 0.8999999762
680  27.952  -79.981  -29.145 0.8999999762
922  30.954  -78.335  -28.131 0.8000000119
672  29.587  -80.026  -27.908 0.8000000119
117470  30.319  -78.833  -29.821 0.8000000119
699  28.559  -79.256  -30.868 0.8999999762
938  29.380  -79.118  -30.937 0.8000000119
652  19.598  -79.320  -24.661 0.8999999762
661  17.792  -79.744  -25.736 0.8000000119
123733  18.540  -80.410  -25.575 0.8000000119
96  24.925  -83.482  -22.937 0.6999999881
268  21.302  -81.812  -26.063 0.8000000119
266  27.408  -81.624  -25.993 1.0000000000
170  26.813  -81.814  -25.939 1.0000000000
265  28.279  -81.221  -26.040 0.6999999881
445  27.024  -81.005  -27.143 1.0000000000
451  28.821  -80.602  -27.452 0.8000000119
43  21.382  -84.431  -20.684 0.8000000119
440  19.273  -80.858  -25.394 0.8000000119
414  30.059  -80.204  -22.670 0.6000000238
248  28.524  -81.494  -22.158 0.5000000000
138104  28.036  -81.922  -22.770 0.6000000238
138731  31.042  -78.937  -24.031 0.6000000238
893  31.292  -78.392  -24.059 0.6000000238
1253  31.000  -76.691  -30.833 0.8000000119
1264  30.024  -77.223  -33.995 0.8000000119
1265  29.326  -77.988  -33.718 0.8999999762
1259  30.466  -77.591  -32.273 0.8000000119
1640  26.839  -76.646  -33.825 0.8999999762
1650  25.572  -77.255  -34.648 0.8999999762
2322  14.348  -74.311  -23.300 1.0000000000
142  17.290  -82.609  -20.582 1.0000000000
100  21.508  -83.213  -21.693 1.0000000000
166  24.592  -82.288  -24.622 1.0000000000
666  26.717  -79.743  -26.553 1.0000000000
428  25.630  -80.225  -24.801 1.0000000000
434  25.963  -80.308  -25.552 1.0000000000
168  26.301  -82.071  -25.546 1.0000000000
255  28.995  -81.120  -23.585 0.6000000238
433  29.190  -80.729  -25.651 0.6999999881
442  29.611  -80.286  -26.136 0.6999999881
454  26.991  -80.319  -27.342 1.0000000000
645  30.989  -78.868  -24.661 0.6000000238
912  31.254  -77.933  -26.737 0.6000000238
137418  27.448  -76.212  -32.291 0.8999999762
1266  27.420  -77.539  -34.096 0.8999999762
1992  30.984  -75.719  -32.977 0.6999999881
1626  31.217  -75.673  -31.278 0.8000000119
942  28.176  -78.802  -31.895 0.8999999762
1249  27.732  -78.361  -30.571 0.8999999762
2001  30.774  -75.633  -33.749 0.8000000119
1643  25.099  -77.039  -33.979 0.8999999762
2003  25.913  -75.682  -33.183 0.8999999762
1270  29.189  -77.531  -34.361 0.8999999762
1271  28.238  -77.809  -34.636 0.8999999762
2006  30.535  -75.587  -34.609 0.8000000119
965  25.628  -78.190  -35.873 0.8999999762
1279  26.668  -77.828  -35.930 0.8999999762
2813  17.124  -73.642  -21.329 1.0000000000
245  17.420  -81.618  -21.789 1.0000000000
149  19.254  -82.818  -21.650 1.0000000000
147  21.428  -82.079  -21.645 1.0000000000
156  23.021  -82.480  -23.038 1.0000000000
258  23.460  -82.003  -23.326 1.0000000000
424  24.525  -80.869  -23.274 1.0000000000
162  23.935  -82.094  -23.980 1.0000000000
122149  31.431  -76.153  -26.114 0.5000000000
1595  31.264  -76.311  -28.416 0.6000000238
121222  24.706  -77.481  -33.470 0.8999999762
2005  31.062  -74.827  -34.081 0.6999999881
2453  30.837  -74.540  -36.205 0.6999999881
2445  31.405  -74.231  -35.424 0.6000000238
966  25.040  -78.700  -35.729 0.8999999762
1284  28.018  -77.244  -35.927 0.8999999762
1660  28.358  -76.673  -36.456 0.8999999762
1665  28.125  -76.537  -37.283 0.8000000119
2023  28.128  -75.521  -38.709 0.8000000119
2016  29.557  -75.515  -36.702 0.8999999762
134917  29.829  -75.025  -37.324 0.8000000119
2022  28.950  -75.129  -38.335 0.8000000119
2464  29.412  -74.374  -38.817 0.6000000238
1210  27.400  -77.696  -24.946 1.0000000000
913  27.163  -78.612  -26.302 1.0000000000
1597  27.886  -76.966  -28.401 1.0000000000
1932  31.634  -74.760  -27.624 0.6000000238
118599  27.832  -77.164  -30.421 0.8999999762
115623  27.694  -76.858  -31.529 0.8999999762
479  21.739  -80.444  -32.652 0.8000000119
2954  30.691  -73.281  -39.009 0.6000000238
6120  13.218  -66.985  -19.858 1.0000000000
3332  16.410  -72.451  -21.257 1.0000000000
1496  20.904  -76.117  -20.652 1.0000000000
2275  21.047  -74.222  -19.594 1.0000000000
7334  11.052  -64.962  -16.160 1.0000000000
3814  20.458  -71.522  -18.318 1.0000000000
4993  18.584  -69.606  -18.835 1.0000000000
4982  21.011  -69.348  -16.856 1.0000000000
4383  21.462  -70.159  -16.819 1.0000000000
411  19.899  -81.054  -22.014 1.0000000000
269  20.396  -81.801  -25.986 0.8000000119
139588  19.114  -81.445  -26.528 0.8000000119
115076  23.590  -79.382  -25.881 0.8999999762
1222  15.589  -77.395  -26.755 0.8000000119
1596  28.302  -76.049  -28.240 0.8999999762
924  24.698  -78.628  -28.634 0.8999999762
1578  14.495  -76.364  -27.003 0.8000000119
1608  28.156  -75.942  -29.813 0.8999999762
2396  14.160  -74.958  -30.131 0.6999999881
1620  27.978  -75.859  -30.850 0.8999999762
1243  24.734  -77.262  -29.757 0.8999999762
1619  28.222  -75.015  -30.438 0.8999999762
1993  27.024  -75.339  -32.530 0.8999999762
964  27.253  -77.645  -35.521 0.8999999762
117450  24.864  -76.594  -33.100 0.8999999762
712  24.262  -79.459  -35.464 0.8999999762
975  23.839  -78.800  -37.616 0.8000000119
2957  30.948  -72.453  -39.336 0.5000000000
1670  26.104  -76.845  -38.919 0.8000000119
1299  25.080  -76.839  -39.216 0.8000000119
2027  25.811  -75.301  -39.741 0.6999999881
3881  12.714  -72.003  -23.507 1.0000000000
4974  22.598  -69.373  -16.416 1.0000000000
6089  23.349  -67.848  -17.432 1.0000000000
5541  20.667  -68.621  -17.079 1.0000000000
126767  22.895  -78.740  -21.037 1.0000000000
1171  26.585  -77.883  -21.052 1.0000000000
134340  28.903  -74.898  -25.542 1.0000000000
1946  25.514  -75.422  -28.308 0.8999999762
119025  11.260  -70.383  -28.158 0.8999999762
2401  28.079  -74.052  -30.415 0.8999999762
1984  25.521  -74.980  -32.011 0.8999999762
1297  22.846  -76.651  -38.543 0.6999999881
126639  10.767  -71.048  -22.121 1.0000000000
3882  11.957  -71.629  -23.436 1.0000000000
3835  17.279  -71.415  -20.245 1.0000000000
1159  21.862  -77.021  -20.974 1.0000000000
1875  27.806  -75.953  -22.259 1.0000000000
130237  20.349  -70.814  -21.559 1.0000000000
2342  29.258  -74.118  -25.702 1.0000000000
2870  27.598  -72.475  -27.647 0.8999999762
5584  12.099  -68.706  -22.532 1.0000000000
5030  13.445  -69.439  -22.786 1.0000000000
4443  14.146  -70.014  -22.620 1.0000000000
3851  16.022  -70.799  -21.156 1.0000000000
134712  17.050  -66.724  -21.104 1.0000000000
6790  17.574  -66.381  -20.775 1.0000000000
3811  25.109  -71.017  -17.537 1.0000000000
1195  19.775  -76.941  -24.077 1.0000000000
3848  21.330  -71.694  -21.455 1.0000000000
4442  17.589  -70.662  -23.032 1.0000000000
5005  10.263  -69.304  -19.752 1.0000000000
4418  10.750  -70.917  -21.257 1.0000000000
6767  20.243  -66.545  -18.977 1.0000000000
6102  19.554  -67.302  -18.917 1.0000000000
2279  27.041  -74.351  -20.742 1.0000000000
2293  27.617  -74.638  -21.354 1.0000000000
3329  20.790  -72.256  -21.869 1.0000000000
3863  19.254  -71.017  -22.100 1.0000000000
122964  18.752  -69.123  -22.503 1.0000000000
5027  18.453  -69.867  -22.497 1.0000000000
5035  16.574  -69.650  -23.978 1.0000000000
2332  25.840  -74.011  -24.308 1.0000000000
128918  12.315  -71.312  -25.535 0.8999999762
4462  13.821  -70.320  -25.661 1.0000000000
5577  10.951  -68.476  -21.600 1.0000000000
5578  10.453  -68.974  -21.138 1.0000000000
7367  16.792  -65.633  -19.874 1.0000000000
6752  20.950  -67.356  -17.386 1.0000000000
6794  23.300  -66.330  -21.433 1.0000000000
116026  22.844  -71.942  -21.345 1.0000000000
3372  27.109  -72.303  -25.038 1.0000000000
6740  13.078  -66.341  -16.965 1.0000000000
7970  21.718  -65.037  -18.265 1.0000000000
136743  25.129  -70.117  -21.085 1.0000000000
3844  25.219  -70.695  -21.636 1.0000000000
5582  18.451  -68.499  -22.959 1.0000000000
134096  17.795  -68.465  -23.388 1.0000000000
5034  17.305  -69.903  -23.289 1.0000000000
6768  16.425  -65.785  -18.997 1.0000000000
3328  21.586  -72.400  -21.746 1.0000000000
137940  17.259  -68.353  -23.777 1.0000000000
3845  24.504  -71.426  -21.551 1.0000000000
3325  24.197  -72.195  -21.793 1.0000000000
6273  9.687  -67.162  -31.221 0.5000000000
121568  17.049  -66.074  -17.214 1.0000000000
7936  11.398  -64.008  -14.930 1.0000000000
7949  21.735  -64.579  -16.882 1.0000000000
7316  14.547  -65.082  -13.923 1.0000000000
8543  9.551  -63.434  -13.440 1.0000000000
8576  23.488  -62.728  -19.051 1.0000000000
7926  13.018  -63.848  -14.136 1.0000000000
9276  22.957  -62.700  -16.458 1.0000000000
134110  14.145  -63.719  -12.677 1.0000000000
9302  22.451  -61.276  -20.027 1.0000000000
10107  19.629  -60.954  -18.666 1.0000000000
129317  21.328  -60.801  -16.888 1.0000000000
127648  19.929  -63.553  -23.163 1.0000000000
121937  18.782  -64.951  -23.909 1.0000000000
6808  17.613  -66.252  -24.454 1.0000000000
8593  11.105  -64.256  -20.063 1.0000000000
6820  15.350  -66.709  -25.862 1.0000000000
8008  10.262  -64.816  -23.109 1.0000000000
5600  10.588  -68.678  -25.261 0.8999999762
7328  21.478  -65.101  -14.950 1.0000000000
6697  16.388  -66.351  -13.020 1.0000000000
10065  22.867  -61.778  -16.773 1.0000000000
9245  19.897  -62.757  -13.773 1.0000000000
10922  7.959  -60.600  -17.563 1.0000000000
9307  14.336  -63.014  -19.352 1.0000000000
10121  19.882  -61.317  -20.061 1.0000000000
9326  18.348  -62.662  -21.631 1.0000000000
10071  13.488  -61.008  -16.966 1.0000000000
10030  19.422  -62.161  -14.614 1.0000000000
8602  16.064  -63.614  -21.351 1.0000000000
6184  9.830  -67.408  -24.907 0.8999999762
7257  15.867  -65.197  -9.538 1.0000000000
9213  13.358  -62.090  -10.093 1.0000000000
10068  19.467  -60.939  -16.376 1.0000000000
10111  15.288  -61.857  -18.296 1.0000000000
9291  15.828  -62.397  -18.927 1.0000000000
121017  16.962  -63.422  -21.693 1.0000000000
7300  20.079  -66.002  -11.861 1.0000000000
117682  15.509  -64.435  -8.263 1.0000000000
10883  15.278  -60.337  -15.697 1.0000000000
10049  17.974  -61.561  -15.550 1.0000000000
120723  7.780  -59.414  -17.966 1.0000000000
11712  7.768  -59.355  -15.065 1.0000000000
121128  7.887  -59.822  -14.376 1.0000000000
7403  10.069  -65.937  -23.915 0.8999999762
6653  17.133  -66.172  -9.463 1.0000000000
8453  14.543  -63.231  -7.397 1.0000000000
10867  13.175  -60.051  -14.779 1.0000000000
10050  17.056  -61.330  -15.559 1.0000000000
10881  16.684  -61.022  -16.444 1.0000000000
133844  16.921  -61.930  -14.221 1.0000000000
12601  8.173  -57.348  -18.511 0.8000000119
8021  9.779  -64.389  -24.675 1.0000000000
10014  16.418  -61.317  -13.870 1.0000000000
11685  11.467  -60.178  -12.534 1.0000000000
10838  16.606  -60.293  -11.627 1.0000000000
8029  9.569  -64.080  -25.677 0.8000000119
9164  13.469  -62.432  -7.054 1.0000000000
134178  15.580  -59.858  -13.640 1.0000000000
11673  8.426  -59.821  -11.997 1.0000000000
124085  11.077  -60.006  -11.869 1.0000000000
137585  7.623  -58.310  -13.707 1.0000000000
11657  17.031  -59.323  -10.897 1.0000000000
13393  16.462  -57.911  -11.592 1.0000000000
11615  23.047  -59.690  -8.316 1.0000000000
126918  23.294  -60.430  -9.685 1.0000000000
12472  23.128  -58.963  -8.898 1.0000000000
10001  23.238  -60.505  -11.028 1.0000000000
10783  9.287  -60.447  -7.126 1.0000000000
12513  7.984  -58.748  -11.021 1.0000000000
15099  14.859  -55.831  -12.722 1.0000000000
129410  19.698  -57.965  -10.910 1.0000000000
11589  19.412  -59.219  -6.004 0.8999999762
15097  16.639  -55.775  -12.492 1.0000000000
15096  17.733  -55.615  -12.684 1.0000000000
14237  24.964  -56.598  -11.136 1.0000000000
11709  24.208  -59.764  -15.010 1.0000000000
16994  15.890  -53.090  -11.343 0.8999999762
15102  11.529  -55.340  -12.910 1.0000000000
15034  22.101  -55.868  -9.144 0.8999999762
125667  8.184  -54.962  -14.117 0.8000000119
14267  19.379  -55.838  -13.246 1.0000000000
130049  23.832  -59.051  -15.582 1.0000000000
14198  16.276  -56.764  -8.626 0.8999999762
15054  16.605  -55.431  -9.258 0.8999999762
14181  19.889  -56.984  -7.942 0.8999999762
16976  8.608  -53.672  -10.474 0.8999999762
135610  7.646  -53.764  -12.911 0.8000000119
15992  24.506  -54.748  -10.344 0.8999999762
12463  9.097  -58.041  -7.142 0.6999999881
15051  21.637  -55.099  -9.249 0.8999999762
19971  14.567  -50.263  -12.481 0.6999999881
17017  10.946  -53.379  -13.104 1.0000000000
14286  22.229  -56.462  -15.822 1.0000000000
14300  27.538  -57.168  -16.551 1.0000000000
132511  14.308  -53.505  -14.991 1.0000000000
17935  8.251  -52.912  -10.394 0.8999999762
16068  8.497  -54.579  -15.498 0.6999999881
17975  7.468  -52.375  -12.255 0.8000000119
16946  18.279  -53.846  -9.908 0.8999999762
17931  17.660  -52.921  -11.008 0.8999999762
17968  18.028  -52.116  -12.418 0.8999999762
14184  9.325  -56.479  -7.574 0.6000000238
16993  22.209  -53.212  -11.586 0.8999999762
17037  14.669  -53.010  -15.406 1.0000000000
15141  19.792  -55.059  -15.311 1.0000000000
18918  8.371  -51.662  -10.559 0.8999999762
16027  27.511  -54.425  -11.692 1.0000000000
17033  19.036  -53.847  -16.193 1.0000000000
14299  28.168  -56.656  -16.560 1.0000000000
16093  22.769  -54.653  -17.247 1.0000000000
122310  25.902  -55.093  -17.749 1.0000000000
17986  22.047  -53.018  -13.739 0.8999999762
18929  7.861  -51.183  -10.811 0.8999999762
16011  28.185  -53.921  -11.684 1.0000000000
15149  29.413  -55.748  -16.353 1.0000000000
16087  28.473  -54.751  -17.583 1.0000000000
16073  29.909  -55.045  -16.748 1.0000000000
16086  29.486  -54.599  -17.355 1.0000000000
16050  30.445  -54.770  -15.025 1.0000000000
18000  21.977  -52.320  -14.696 0.8999999762
17943  27.576  -52.970  -11.897 0.8999999762
19950  23.575  -49.885  -12.602 0.5000000000
20007  12.162  -50.808  -14.525 0.8999999762
19972  9.916  -50.490  -11.508 0.8999999762
17058  26.001  -53.698  -18.033 1.0000000000
18036  26.517  -53.005  -18.198 1.0000000000
139490  27.838  -54.584  -17.748 1.0000000000
123336  7.540  -50.750  -12.727 0.8999999762
16061  31.098  -54.061  -16.009 1.0000000000
124074  11.976  -49.320  -13.540 0.8999999762
17980  30.973  -52.952  -12.825 1.0000000000
17016  30.696  -53.684  -13.410 1.0000000000
17021  31.113  -53.641  -14.372 1.0000000000
18039  24.160  -52.533  -18.096 1.0000000000
123215  31.548  -53.459  -15.997 1.0000000000
20980  28.868  -49.602  -14.413 0.6000000238
122054  19.772  -51.154  -17.445 1.0000000000
18021  31.842  -52.911  -16.461 1.0000000000
22997  15.931  -47.452  -14.023 1.0000000000
21937  13.349  -48.031  -13.198 0.8999999762
21926  12.053  -47.348  -12.534 0.8999999762
19945  29.964  -50.936  -11.748 0.6999999881
21960  16.085  -48.100  -15.231 1.0000000000
21949  13.417  -48.810  -14.034 0.8999999762
20972  10.830  -48.597  -12.292 0.8999999762
18932  31.559  -51.601  -12.210 0.8000000119
17978  31.735  -52.417  -13.859 1.0000000000
128695  23.487  -50.394  -18.263 1.0000000000
17994  32.066  -52.343  -14.762 1.0000000000
20966  29.308  -48.865  -13.671 0.4000000060
22978  11.523  -46.968  -12.671 0.8999999762
18931  32.171  -51.226  -12.811 0.8000000119
23020  17.272  -47.833  -16.206 1.0000000000
128830  32.752  -50.670  -13.536 0.8000000119
19977  32.758  -50.993  -14.479 1.0000000000
20000  32.864  -51.011  -15.377 1.0000000000
21991  18.598  -48.583  -17.306 1.0000000000
21917  31.294  -48.692  -11.629 0.5000000000
131714  33.092  -50.097  -17.214 1.0000000000
24060  18.053  -46.404  -13.459 1.0000000000
25110  16.629  -45.002  -12.669 0.8999999762
22963  32.591  -48.030  -11.533 0.6000000238
19943  32.576  -49.770  -12.049 0.6999999881
20963  32.985  -49.182  -12.205 0.6000000238
19976  33.297  -49.975  -14.047 0.8000000119
20962  33.412  -49.075  -12.756 0.6000000238
24069  19.491  -46.132  -15.980 1.0000000000
23017  19.221  -47.370  -17.177 1.0000000000
23039  18.721  -47.884  -17.175 1.0000000000
115809  30.450  -47.493  -18.597 1.0000000000
24037  31.174  -46.371  -12.081 0.5000000000
135646  33.541  -47.377  -11.834 0.6000000238
121361  21.994  -46.137  -17.690 1.0000000000
21945  34.131  -48.457  -14.775 0.6999999881
23051  27.172  -47.307  -18.519 1.0000000000
23053  25.034  -47.561  -18.509 1.0000000000
119319  33.679  -48.932  -17.188 0.8999999762
23047  33.251  -46.979  -18.356 0.8000000119
24120  27.890  -46.712  -18.456 1.0000000000
25153  15.884  -45.456  -16.779 0.6999999881
25164  24.277  -45.551  -17.907 1.0000000000
24100  22.851  -46.101  -17.892 1.0000000000
23016  34.377  -47.590  -16.156 0.6999999881
26119  33.597  -44.893  -11.058 0.5000000000
25120  34.870  -45.944  -14.072 0.6999999881
25144  24.865  -44.927  -17.636 1.0000000000
24067  34.622  -46.753  -15.810 0.6999999881
24113  34.076  -46.099  -17.832 0.6999999881
26143  34.796  -44.975  -12.783 0.6999999881
25150  18.952  -44.734  -16.840 0.8000000119
26165  35.011  -44.793  -15.949 0.6999999881
24086  14.791  -46.659  -16.703 0.6999999881
121546  35.178  -43.620  -12.833 0.6000000238
26153  35.232  -44.581  -14.410 0.6999999881
27151  35.415  -43.435  -13.551 0.6999999881
25119  35.065  -45.091  -15.171 0.6999999881
27179  27.709  -43.474  -16.369 1.0000000000
28129  35.667  -42.692  -13.822 0.4000000060
28137  35.734  -42.589  -14.803 0.6000000238
129087  35.924  -41.887  -14.211 0.4000000060
125051  32.389  -42.067  -18.606 0.6000000238
134492  35.639  -42.478  -15.775 0.6000000238
29095  30.976  -41.171  -18.488 0.5000000000
29972  35.909  -40.878  -15.933 0.6000000238
29070  34.027  -41.018  -17.926 0.5000000000
29059  26.292  -41.046  -16.555 0.8999999762
30017  30.473  -40.306  -18.424 0.5000000000
30018  29.455  -40.517  -18.384 0.6000000238
31006  27.884  -40.092  -17.512 0.6000000238
31009  25.746  -39.287  -17.052 0.6999999881
31027  27.571  -39.382  -18.210 0.4000000060
126823  25.306  -38.538  -17.360 0.5000000000
1956  31.545  -74.821  -28.983 0.6000000238
1908  32.258  -74.503  -25.485 0.5000000000
2357  31.973  -74.363  -26.876 0.5000000000
1546  32.885  -74.658  -24.367 0.5000000000
132421  32.408  -74.115  -30.734 0.5000000000
2400  31.984  -74.308  -30.013 0.5000000000
138749  33.763  -75.698  -28.007 0.4000000060
1594  33.811  -75.628  -28.770 0.4000000060
1943  33.341  -75.150  -28.442 0.5000000000
2399  33.275  -74.633  -30.554 0.4000000060
2378  31.850  -74.297  -28.405 0.5000000000
131665  31.518  -74.756  -31.619 0.5000000000
2435  31.706  -74.103  -33.653 0.5000000000
2415  31.916  -74.254  -31.101 0.5000000000
2425  32.635  -73.999  -32.382 0.5000000000
2444  32.959  -73.588  -35.054 0.5000000000
2441  31.557  -74.181  -34.506 0.5000000000
122813  31.613  -74.751  -30.724 0.5000000000
465  20.929  -81.009  -28.076 0.5000000000
2413  33.603  -74.580  -31.954 0.4000000060
2426  31.796  -74.121  -32.802 0.5000000000
133039  31.718  -75.776  -24.595 0.5000000000
1920  31.820  -74.849  -26.068 0.5000000000
1919  32.358  -74.370  -26.137 0.5000000000
464  21.347  -81.021  -28.752 0.5000000000
856  15.556  -78.460  -20.190 0.8000000119
136343  15.204  -78.346  -20.603 0.8999999762
136048  15.898  -77.692  -19.954 0.6999999881
867  14.447  -78.414  -21.698 0.8999999762
1547  32.276  -75.194  -24.051 0.4000000060
682  21.291  -80.124  -28.805 0.5000000000
480  20.880  -80.062  -32.694 0.6999999881
127765  19.520  -78.501  -34.024 0.5000000000
1475  13.892  -76.951  -19.023 0.8000000119
1482  15.294  -77.043  -20.112 0.8000000119
1160  14.703  -78.225  -20.883 0.8999999762
1483  14.189  -77.158  -19.929 0.8999999762
291  21.437  -81.366  -28.138 0.8000000119
292  20.435  -81.296  -27.478 0.6999999881
296  21.840  -81.249  -29.109 0.6999999881
118910  20.100  -80.696  -27.885 0.5000000000
485  20.550  -79.562  -33.474 0.6000000238
1485  12.582  -76.849  -19.625 0.8999999762
279  20.870  -81.952  -26.765 0.6999999881
685  18.404  -79.958  -28.391 0.6999999881
450  17.931  -80.653  -27.253 0.6999999881
468  21.522  -80.799  -29.458 0.5000000000
684  19.328  -79.941  -28.311 0.5000000000
706  19.704  -78.836  -32.811 0.6000000238
963  19.677  -78.304  -34.403 0.6000000238
968  20.062  -78.057  -34.990 0.6000000238
457  18.621  -80.879  -27.446 0.6999999881
120155  18.879  -80.524  -27.962 0.6000000238
927  18.321  -79.196  -28.814 0.6000000238
120966  21.419  -80.435  -30.209 0.6000000238
936  17.250  -78.094  -29.403 0.6000000238
1663  21.807  -77.170  -36.216 0.4000000060
1247  16.011  -77.080  -29.532 0.6000000238
1613  16.545  -76.802  -30.022 0.6000000238
1625  16.212  -76.067  -30.451 0.6000000238
1976  15.646  -75.588  -30.790 0.6000000238
3309  11.712  -72.787  -19.452 0.8999999762
3826  11.825  -71.431  -19.462 0.8999999762
4406  11.378  -70.627  -19.451 0.8999999762
5013  10.757  -70.364  -20.408 0.8999999762
5004  10.656  -69.972  -19.813 0.8999999762
4976  10.764  -69.754  -17.377 0.8999999762
4995  10.171  -69.184  -18.996 0.8999999762
4994  10.876  -69.912  -19.094 0.8999999762
5522  10.254  -68.489  -15.600 0.8000000119
124175  10.440  -69.148  -15.966 0.8999999762
4970  10.604  -69.928  -15.867 0.8999999762
5550  9.771  -68.319  -18.839 0.8999999762
130139  10.011  -68.938  -17.329 0.8999999762
6107  10.173  -67.578  -19.399 0.8999999762
128748  10.681  -68.513  -14.764 0.8000000119
6774  10.552  -66.920  -18.822 0.8999999762
6055  10.974  -67.477  -13.465 0.8000000119
6072  9.671  -67.049  -15.673 0.8000000119
6743  9.733  -66.518  -16.113 0.8000000119
6093  9.726  -67.204  -17.749 0.8999999762
139306  10.156  -66.176  -16.976 0.8999999762
7336  9.850  -65.743  -15.808 0.8999999762
6726  9.639  -66.324  -15.364 0.8000000119
6708  9.702  -65.847  -13.865 0.8000000119
6699  9.898  -65.558  -12.929 0.8000000119
7286  11.215  -65.636  -10.010 0.8000000119
7345  10.398  -65.602  -16.507 0.8999999762
6056  10.042  -66.727  -14.142 0.8000000119
135007  11.571  -66.217  -11.823 0.8000000119
10173  9.399  -60.930  -24.829 0.5000000000
7945  9.906  -64.956  -15.127 0.8999999762
6667  11.589  -66.367  -9.688 0.8000000119
7326  9.566  -65.259  -14.369 0.8000000119
137461  8.038  -64.421  -6.613 0.6999999881
117797  8.341  -65.114  -6.729 0.6999999881
7318  9.437  -65.067  -13.606 0.8000000119
7249  8.795  -65.793  -8.470 0.8000000119
7304  10.886  -65.671  -11.851 0.8000000119
7250  8.620  -65.207  -9.071 0.8000000119
134749  7.712  -63.328  -5.446 0.6000000238
132330  9.178  -63.939  -13.032 0.8999999762
7897  8.995  -64.148  -11.697 0.8000000119
7288  9.565  -64.834  -11.834 0.8000000119
8444  7.862  -63.667  -7.039 0.6999999881
128917  9.083  -64.453  -11.163 0.8000000119
7855  8.115  -64.455  -8.108 0.6999999881
8436  7.691  -62.982  -6.335 0.6999999881
7270  10.087  -65.511  -10.002 0.8000000119
7872  8.240  -64.452  -8.860 0.8000000119
8491  8.848  -63.680  -11.095 0.8000000119
136140  7.724  -62.665  -7.252 0.6999999881
137547  8.162  -63.931  -9.222 0.8000000119
132533  7.519  -61.508  -6.027 0.6999999881
8474  7.996  -63.539  -8.603 0.6999999881
10773  7.666  -61.170  -6.682 0.6999999881
10761  7.516  -60.654  -5.921 0.6000000238
15143  9.017  -55.305  -15.480 0.6000000238
18026  7.915  -52.665  -16.714 0.6000000238
18005  7.650  -52.169  -14.967 0.6999999881
18041  8.200  -52.388  -17.668 0.6000000238
117910  7.531  -51.466  -13.333 0.8000000119
18956  7.618  -50.932  -13.832 0.8000000119
19974  7.665  -49.937  -11.984 0.8000000119
17071  8.417  -53.039  -18.090 0.6000000238
134499  7.828  -51.946  -16.302 0.6000000238
18980  7.766  -51.629  -15.627 0.6999999881
134323  8.322  -51.640  -17.588 0.5000000000
19990  7.673  -50.011  -13.292 0.8000000119
20974  9.135  -49.009  -11.336 0.8000000119
20024  7.921  -50.716  -15.518 0.8000000119
20009  7.813  -50.289  -14.511 0.8000000119
128694  7.972  -51.198  -16.329 0.6999999881
21939  8.782  -47.805  -12.551 0.8000000119
20985  7.877  -49.125  -12.580 0.8000000119
20035  8.253  -50.342  -16.267 0.5000000000
21006  8.169  -49.673  -15.373 0.6999999881
21031  9.744  -49.869  -17.250 0.6000000238
21927  11.060  -47.756  -12.433 0.8000000119
21940  8.163  -48.301  -13.056 0.6999999881
20996  7.962  -49.161  -14.030 0.8000000119
21005  8.692  -48.957  -15.783 0.6999999881
21016  8.553  -49.646  -16.203 0.6999999881
22979  10.526  -47.411  -12.599 0.8000000119
22989  9.110  -47.250  -13.217 0.6999999881
21952  8.320  -48.135  -14.170 0.6999999881
21979  9.501  -48.573  -16.167 0.6000000238
21015  9.198  -49.347  -16.547 0.6999999881
20045  10.366  -50.475  -17.895 0.6000000238
24042  10.917  -46.709  -12.969 0.8000000119
24064  10.445  -46.499  -13.704 0.6999999881
23000  8.816  -47.324  -14.120 0.6999999881
23010  9.440  -47.144  -14.838 0.6999999881
21978  10.573  -48.491  -16.504 0.6000000238
21951  8.864  -47.994  -15.180 0.6999999881
21963  9.870  -47.779  -15.743 0.6999999881
23025  10.894  -47.729  -16.078 0.6000000238
21030  10.969  -49.897  -17.604 0.6000000238
24074  12.513  -46.106  -15.224 0.6000000238
23024  12.004  -47.777  -16.294 0.6000000238
21976  12.954  -48.643  -16.960 0.6000000238
23023  13.269  -47.915  -16.547 0.6000000238
23006  13.469  -47.066  -16.135 0.6000000238
126764  18.590  -43.832  -17.762 0.6999999881
137392  17.319  -43.661  -18.019 0.6000000238
25171  14.790  -46.175  -17.529 0.6000000238
26198  15.861  -44.994  -17.584 0.6000000238
131544  13.593  -46.616  -17.801 0.5000000000
126034  16.643  -43.526  -17.875 0.6000000238
26199  15.119  -44.918  -17.619 0.6000000238
29101  21.753  -41.256  -18.404 0.6999999881
125908  18.622  -42.852  -17.877 0.6999999881
30038  22.888  -40.338  -19.303 0.6999999881
30023  21.630  -40.645  -18.848 0.6999999881
26197  17.635  -44.609  -17.396 0.6999999881
27209  15.298  -44.025  -17.574 0.6000000238
26200  14.332  -45.282  -17.556 0.5000000000
27188  14.216  -43.082  -17.035 0.6000000238
27210  14.167  -44.088  -17.273 0.5000000000
27208  16.311  -44.314  -17.734 0.6000000238
125455  15.892  -43.421  -17.644 0.6000000238
28185  16.081  -42.469  -17.478 0.6000000238
31029  23.570  -39.962  -19.097 0.6999999881
31052  22.987  -39.712  -19.394 0.6000000238
31030  21.092  -40.012  -18.980 0.5000000000
32047  19.592  -39.093  -18.606 0.4000000060
139084  22.109  -38.644  -19.569 0.4000000060
31055  20.847  -39.128  -19.342 0.5000000000
139315  20.191  -38.869  -19.079 0.4000000060
32071  19.694  -38.181  -19.036 0.4000000060
2388  32.579  -74.345  -28.781 0.5000000000
2000  31.201  -74.797  -33.265 0.5000000000
287  19.797  -81.448  -27.110 0.6999999881
687  17.205  -79.354  -28.455 0.6999999881
7269  10.456  -66.081  -9.277 0.8000000119
21930  8.446  -48.484  -11.972 0.8000000119
21013  11.488  -49.282  -17.230 0.6000000238
25172  13.866  -46.026  -17.667 0.5000000000
23007  12.278  -46.981  -15.794 0.6000000238
1569  31.478  -75.518  -26.945 0.5000000000
2370  32.293  -74.177  -27.424 0.5000000000
127794  32.802  -74.577  -25.749 0.5000000000
1568  33.821  -75.656  -26.374 0.5000000000
1476  13.116  -77.157  -18.394 0.8000000119
951  20.026  -78.905  -31.940 0.5000000000
692  21.388  -79.789  -29.411 0.5000000000
686  17.796  -79.670  -28.513 0.6999999881
697  21.075  -79.468  -30.236 0.5000000000
939  20.863  -78.438  -30.479 0.5000000000
6052  11.515  -67.606  -12.407 0.8000000119
7248  9.069  -66.324  -8.566 0.8000000119
7826  7.867  -64.188  -5.248 0.6000000238
16067  8.921  -54.730  -16.079 0.6000000238
17048  8.507  -53.797  -17.025 0.6000000238
17064  8.234  -53.213  -17.364 0.6000000238
21977  11.790  -48.584  -16.742 0.6000000238
30001  20.042  -40.783  -17.904 0.6999999881
120061  17.550  -41.797  -17.655 0.6000000238
30024  20.367  -40.257  -18.388 0.5000000000
30003  18.529  -40.480  -17.580 0.6000000238
6051  11.886  -66.815  -11.702 0.8000000119
30002  19.277  -40.633  -17.728 0.6000000238
1161  13.841  -77.847  -21.160 0.8999999762
1484  13.227  -77.189  -19.385 0.8999999762
7927  9.401  -64.275  -13.643 0.8999999762
116517  7.593  -51.796  -14.132 0.6999999881
21928  10.210  -48.006  -12.050 0.8000000119
9939  7.580  -62.027  -6.602 0.6999999881
29079  20.503  -41.592  -17.671 0.6999999881
29102  20.913  -40.898  -18.229 0.6999999881
136005  16.602  -78.062  -29.160 0.6999999881
125892  32.071  -73.764  -34.966 0.5000000000
2938  32.659  -73.338  -36.490 0.5000000000
24087  14.280  -46.899  -16.434 0.6000000238
23022  14.033  -47.725  -16.848 0.6000000238
29080  19.691  -41.421  -17.659 0.6999999881
698  20.545  -79.200  -31.106 0.5000000000
23009  10.296  -47.079  -15.313 0.6000000238
24075  11.526  -46.242  -14.938 0.6000000238
1931  33.150  -74.869  -27.407 0.5000000000
2434  32.709  -73.854  -33.211 0.5000000000
1268  18.914  -77.730  -33.610 0.5000000000
935  17.822  -78.465  -29.207 0.6000000238
5523  9.733  -67.769  -16.079 0.8000000119
139424  9.704  -68.368  -17.231 0.8999999762
122589  9.832  -67.444  -18.567 0.8999999762
6060  10.518  -67.676  -14.405 0.8000000119
6084  9.646  -67.139  -16.379 0.8000000119
6698  11.164  -66.568  -12.628 0.8000000119
121530  9.640  -65.663  -15.065 0.8000000119
120890  8.463  -65.149  -8.325 0.6999999881
123013  9.045  -65.867  -9.106 0.8000000119
7271  9.442  -64.956  -10.681 0.8000000119
7884  8.832  -64.493  -10.477 0.8000000119
124240  7.552  -62.325  -5.560 0.6000000238
8455  7.925  -63.891  -7.798 0.6999999881
7878  8.456  -64.375  -9.672 0.8000000119
18053  8.590  -52.567  -18.445 0.6000000238
22980  9.628  -47.590  -12.489 0.8000000119
22990  8.547  -47.679  -13.403 0.6999999881
21014  10.194  -49.199  -16.903 0.6000000238
137776  17.907  -42.491  -17.907 0.6000000238
28184  17.134  -42.691  -17.873 0.6000000238
28183  18.377  -41.909  -17.746 0.6999999881
29083  16.716  -41.729  -17.483 0.6000000238
32068  23.513  -38.933  -18.946 0.4000000060
31031  20.273  -39.561  -18.766 0.5000000000
31011  18.939  -40.001  -17.746 0.5000000000
21994  12.673  -49.226  -17.505 0.6000000238
117674  17.220  -41.029  -17.420 0.5000000000
1450  12.579  -76.815  -17.388 0.6999999881
1486  12.053  -76.433  -18.852 0.6999999881
2225  10.992  -74.824  -15.709 0.6000000238
2237  11.272  -75.193  -16.592 0.6000000238
1818  11.820  -76.117  -16.507 0.6000000238
138158  11.257  -74.781  -18.152 0.6999999881
1478  11.987  -76.384  -17.886 0.6999999881
119057  11.620  -75.460  -19.432 0.6999999881
2737  10.498  -73.861  -15.308 0.6000000238
2251  11.088  -74.495  -17.472 0.6000000238
2263  11.200  -73.870  -18.249 0.6999999881
2276  11.363  -74.427  -19.019 0.6999999881
3775  9.612  -71.696  -14.234 0.6999999881
3240  9.626  -72.499  -13.903 0.5000000000
3262  10.430  -73.114  -15.995 0.6000000238
4375  11.211  -70.790  -17.022 0.8000000119
3791  11.005  -71.872  -16.898 0.6999999881
115162  10.824  -74.128  -16.742 0.6000000238
117731  10.703  -72.979  -16.785 0.6000000238
2766  11.007  -73.447  -17.543 0.6999999881
4340  9.492  -70.731  -12.578 0.6000000238
3751  9.370  -71.722  -12.776 0.5000000000
4352  9.916  -70.289  -13.996 0.6999999881
4364  9.624  -71.089  -14.009 0.6999999881
4369  10.391  -70.761  -15.642 0.6999999881
3783  10.672  -71.311  -16.283 0.6999999881
3252  10.170  -72.764  -15.348 0.6000000238
4969  10.759  -70.141  -16.634 0.8000000119
3273  11.250  -72.471  -17.557 0.6999999881
3805  11.937  -71.294  -18.260 0.8000000119
3308  11.896  -72.115  -19.465 0.8000000119
4940  9.855  -69.837  -12.452 0.6000000238
4946  10.367  -69.610  -13.414 0.6999999881
118096  10.613  -69.259  -15.212 0.6999999881
118807  10.602  -69.400  -14.322 0.6999999881
5494  10.032  -68.964  -11.120 0.5000000000
4939  10.631  -69.219  -12.916 0.6999999881
5486  10.388  -68.455  -10.670 0.6000000238
5496  11.097  -68.467  -12.812 0.6999999881
6035  11.149  -67.838  -10.494 0.6000000238
6045  11.671  -67.569  -11.437 0.6999999881
137420  9.937  -54.605  -16.877 0.5000000000
135240  9.123  -53.815  -18.436 0.5000000000
17070  8.795  -53.274  -18.731 0.5000000000
31028  24.105  -39.519  -18.537 0.5000000000
6034  11.267  -67.257  -9.656 0.6999999881
2779  11.490  -73.318  -18.938 0.6999999881
129323  33.745  -75.341  -25.102 0.4000000060
3816  11.818  -72.073  -18.198 0.6999999881
137072  11.322  -70.327  -17.758 0.8000000119
121971  10.355  -70.105  -14.954 0.6999999881
5499  10.962  -68.651  -13.783 0.6999999881
7247  9.257  -66.634  -8.651 0.5000000000
1831  11.517  -75.596  -17.462 0.6999999881
3784  10.155  -71.699  -15.548 0.6999999881
136761  10.823  -67.731  -9.765 0.6000000238
30056  14.655  -40.790  -20.017 0.3000000119
29110  13.766  -41.035  -19.442 0.3000000119
29120  14.618  -41.685  -20.112 0.4000000060
133357  14.765  -40.061  -20.016 0.3000000119
27226  13.821  -42.877  -19.835 0.4000000060
28207  13.879  -42.036  -19.668 0.4000000060
23100  13.322  -47.709  -22.512 0.3000000119
23099  14.081  -47.390  -23.099 0.3000000119
36  20.269  -84.722  -19.705 0.6999999881
38  17.837  -84.069  -18.830 0.6999999881
39  24.839  -84.157  -20.395 0.6000000238
45  19.719  -84.406  -20.267 0.8000000119
81  17.551  -83.598  -19.421 0.6000000238
87  18.217  -83.722  -20.318 0.8999999762
90  22.002  -83.568  -21.768 0.8000000119
91  20.713  -83.199  -21.536 1.0000000000
94  26.932  -82.703  -22.107 0.6000000238
99  22.706  -83.440  -22.390 1.0000000000
102  25.760  -83.230  -22.992 0.6999999881
107  24.801  -82.899  -24.291 0.8999999762
108  24.142  -82.737  -23.964 1.0000000000
141  17.905  -83.046  -20.954 1.0000000000
153  27.891  -82.048  -22.224 0.6000000238
157  22.571  -82.832  -22.484 1.0000000000
161  25.464  -82.800  -24.431 0.8999999762
163  23.500  -82.598  -23.546 1.0000000000
167  26.987  -82.083  -25.426 1.0000000000
231  15.887  -81.239  -18.208 0.6999999881
238  24.306  -80.916  -22.346 1.0000000000
242  20.543  -81.757  -21.721 1.0000000000
250  23.152  -81.815  -22.526 1.0000000000
254  17.154  -81.016  -22.136 1.0000000000
256  28.450  -81.542  -23.181 0.6000000238
263  24.484  -81.406  -24.235 1.0000000000
267  22.107  -81.618  -26.207 0.8000000119
270  19.502  -81.523  -25.941 0.8000000119
273  27.029  -81.377  -26.503 1.0000000000
274  26.404  -81.612  -26.083 1.0000000000
276  22.920  -81.715  -27.128 0.8999999762
278  21.647  -81.985  -26.652 0.8000000119
280  19.850  -81.685  -26.664 0.8000000119
281  19.155  -81.378  -27.038 0.6999999881
282  27.558  -81.025  -27.158 1.0000000000
286  20.371  -81.704  -27.081 0.6999999881
289  23.104  -81.716  -28.389 0.8999999762
290  22.323  -81.663  -28.538 0.8999999762
294  23.187  -81.514  -29.552 0.8999999762
295  22.467  -81.457  -29.450 0.8999999762
299  23.570  -81.142  -30.634 0.8999999762
399  24.796  -80.051  -20.959 1.0000000000
402  16.547  -81.237  -21.067 1.0000000000
408  22.588  -80.232  -21.121 1.0000000000
412  16.423  -80.709  -21.583 1.0000000000
415  25.107  -80.334  -22.569 1.0000000000
426  30.018  -80.090  -24.358 0.6000000238
436  23.223  -80.720  -26.291 0.8999999762
438  21.043  -81.273  -25.371 0.8999999762
439  20.122  -81.166  -25.287 0.8000000119
441  18.052  -80.683  -26.346 0.8000000119
444  28.199  -81.055  -27.019 0.8000000119
446  26.553  -81.134  -26.546 1.0000000000
448  22.815  -81.391  -26.499 0.8999999762
449  18.539  -81.151  -26.803 0.8000000119
456  19.413  -81.062  -27.445 0.6999999881
458  18.098  -80.346  -27.989 0.6999999881
463  23.708  -81.364  -28.258 0.8999999762
467  24.238  -80.859  -29.457 0.8999999762
469  24.140  -80.733  -30.485 0.8999999762
470  22.331  -81.080  -30.861 0.6999999881
472  24.135  -80.385  -31.421 0.8999999762
477  23.561  -80.478  -32.564 0.8999999762
488  22.494  -80.096  -34.383 0.8999999762
489  21.705  -80.030  -34.136 0.8999999762
490  20.871  -79.582  -34.062 0.6999999881
619  22.723  -79.427  -21.073 1.0000000000
623  25.945  -79.063  -21.102 1.0000000000
627  20.602  -79.425  -21.821 1.0000000000
629  15.558  -79.538  -22.583 1.0000000000
640  30.592  -79.438  -23.954 0.6000000238
641  26.146  -79.187  -23.027 1.0000000000
644  16.557  -79.530  -23.149 1.0000000000
650  21.396  -79.651  -24.593 0.8999999762
654  31.145  -78.342  -25.478 0.6000000238
656  26.431  -79.637  -25.677 1.0000000000
660  19.181  -80.064  -25.077 0.8999999762
662  17.126  -79.390  -26.244 0.8000000119
664  29.641  -80.189  -26.910 0.6999999881
673  27.255  -80.001  -27.925 1.0000000000
679  29.092  -80.078  -28.723 0.8999999762
688  29.116  -79.762  -29.478 0.8999999762
689  28.315  -79.736  -29.716 0.8999999762
694  28.196  -79.358  -30.394 0.8999999762
700  28.132  -79.089  -31.106 0.8999999762
702  20.983  -80.114  -31.034 0.6000000238
704  24.307  -79.634  -32.813 0.8999999762
705  20.233  -79.408  -32.744 0.6000000238
707  24.285  -79.674  -33.699 0.8999999762
708  19.854  -79.000  -33.618 0.5000000000
710  23.710  -79.940  -34.758 0.8999999762
717  24.630  -79.082  -36.369 0.8999999762
718  23.790  -79.464  -36.309 0.8999999762
719  22.775  -79.399  -36.389 0.8999999762
720  21.736  -79.050  -36.381 0.6999999881
721  21.037  -78.733  -35.938 0.6999999881
724  21.754  -78.479  -36.959 0.6000000238
864  23.450  -78.191  -20.799 1.0000000000
874  20.517  -78.702  -21.817 1.0000000000
880  26.547  -78.578  -22.358 1.0000000000
882  18.264  -78.980  -22.767 1.0000000000
886  31.661  -78.087  -23.437 0.5000000000
890  16.303  -78.536  -23.557 1.0000000000
894  27.022  -78.226  -24.508 1.0000000000
899  20.389  -78.744  -24.343 0.8999999762
906  24.323  -78.190  -25.908 0.8999999762
908  23.083  -79.245  -25.117 0.8999999762
910  17.372  -78.778  -25.644 0.8999999762
921  16.195  -78.561  -27.838 0.8000000119
923  27.645  -78.922  -29.321 0.8999999762
926  19.119  -79.118  -28.501 0.5000000000
928  17.571  -78.940  -29.002 0.6999999881
929  16.787  -78.739  -28.762 0.8000000119
930  30.025  -79.259  -29.392 0.8000000119
941  28.683  -79.092  -31.518 0.8999999762
953  28.504  -78.308  -33.465 0.8999999762
954  27.861  -78.137  -33.427 0.8999999762
955  24.511  -78.630  -33.346 0.8999999762
956  19.275  -78.333  -33.414 0.5000000000
962  20.222  -78.577  -34.822 0.6999999881
967  20.614  -78.439  -35.484 0.6999999881
969  26.665  -77.925  -36.599 0.8999999762
977  22.060  -78.255  -37.527 0.6000000238
979  24.395  -78.360  -38.090 0.8000000119
980  23.283  -78.100  -38.347 0.6999999881
981  22.376  -77.905  -38.084 0.6999999881
982  22.024  -77.681  -37.655 0.6000000238
1146  16.001  -77.003  -19.942 0.6999999881
1147  15.351  -77.776  -20.320 0.8999999762
1148  13.562  -77.396  -20.324 0.8999999762
1154  25.996  -77.870  -20.579 1.0000000000
1157  23.666  -77.312  -20.637 1.0000000000
1174  19.384  -77.891  -21.974 1.0000000000
1175  18.889  -77.363  -21.900 1.0000000000
1181  27.219  -77.357  -22.289 1.0000000000
1191  23.190  -77.171  -23.764 0.8999999762
1193  21.283  -77.444  -23.716 1.0000000000
1196  16.778  -77.988  -23.457 1.0000000000
1197  16.060  -77.779  -23.692 1.0000000000
1198  15.060  -77.814  -23.755 1.0000000000
1201  27.369  -77.499  -24.099 1.0000000000
1216  16.122  -76.689  -25.853 0.8999999762
1217  31.307  -76.882  -26.844 0.6999999881
1218  27.555  -77.685  -26.321 1.0000000000
1223  31.230  -77.683  -27.501 0.6999999881
1234  27.665  -78.002  -28.819 1.0000000000
1239  15.905  -77.544  -28.816 0.8000000119
1246  16.660  -77.489  -29.611 0.6999999881
1248  30.706  -77.827  -30.660 0.8000000119
1255  27.682  -77.946  -31.798 0.8999999762
1260  30.117  -77.683  -33.163 0.8000000119
1267  24.746  -77.989  -34.086 0.8999999762
1272  27.439  -77.703  -34.839 0.8999999762
1277  28.955  -77.193  -35.069 0.8999999762
1278  28.284  -77.315  -35.297 0.8999999762
1285  27.323  -77.576  -36.127 0.8999999762
1289  26.345  -78.027  -37.285 0.8999999762
1290  25.799  -78.067  -37.934 0.8000000119
1294  25.598  -77.482  -38.592 0.8000000119
1301  23.412  -76.879  -39.035 0.8000000119
1477  12.591  -76.965  -18.114 0.6999999881
1490  26.837  -76.241  -20.918 1.0000000000
1492  24.491  -76.330  -20.367 1.0000000000
1497  14.472  -77.622  -20.518 0.8999999762
1498  13.030  -77.276  -20.033 0.8999999762
1499  12.815  -77.019  -20.387 1.0000000000
1505  26.747  -77.112  -21.072 1.0000000000
1506  21.180  -76.724  -20.903 1.0000000000
1538  18.574  -76.154  -24.359 0.8999999762
1540  14.837  -77.021  -23.794 1.0000000000
1542  13.203  -76.402  -23.430 1.0000000000
1550  24.558  -76.357  -24.325 0.8999999762
1553  17.873  -76.233  -24.746 0.8999999762
1558  33.583  -75.294  -25.760 0.4000000060
1559  31.693  -75.477  -25.293 0.5000000000
1562  25.277  -76.007  -25.717 0.8999999762
1565  15.489  -76.323  -26.103 0.8999999762
1577  15.137  -76.699  -26.665 0.8000000119
1590  15.089  -77.013  -27.247 0.8000000119
1612  17.113  -77.155  -29.887 0.6000000238
1615  14.995  -76.106  -29.550 0.6999999881
1621  25.095  -75.679  -30.211 0.8999999762
1632  31.128  -75.694  -32.140 0.6999999881
1633  30.760  -76.686  -32.673 0.8000000119
1641  26.099  -76.340  -33.942 0.8999999762
1642  25.504  -76.281  -33.588 0.8999999762
1648  26.650  -77.042  -34.529 0.8999999762
1658  29.609  -75.832  -35.970 0.8000000119
1664  28.805  -76.052  -37.007 0.8999999762
1667  22.291  -76.972  -37.681 0.5000000000
1843  11.525  -75.540  -18.475 0.6999999881
1852  26.614  -75.517  -20.662 1.0000000000
1857  21.448  -75.602  -20.270 1.0000000000
1860  12.343  -76.365  -20.566 1.0000000000
1867  18.798  -75.913  -21.290 1.0000000000
1868  18.134  -75.460  -21.465 1.0000000000
1870  11.954  -74.919  -22.022 1.0000000000
1874  28.198  -75.537  -22.844 1.0000000000
1877  22.414  -75.355  -22.856 1.0000000000
1879  17.429  -75.716  -21.975 1.0000000000
1880  15.617  -76.386  -23.467 1.0000000000
1886  23.726  -75.766  -23.265 1.0000000000
1891  18.815  -75.481  -23.863 1.0000000000
1894  13.072  -75.585  -23.546 1.0000000000
1899  32.228  -74.776  -24.797 0.5000000000
1907  32.827  -74.628  -25.181 0.5000000000
1909  28.633  -75.448  -25.998 1.0000000000
1911  25.026  -76.050  -24.919 1.0000000000
1913  15.333  -75.571  -25.827 0.8999999762
1918  33.174  -74.866  -26.414 0.5000000000
1922  25.616  -75.465  -26.547 0.8999999762
1944  31.434  -75.239  -28.379 0.6000000238
1955  33.485  -75.113  -29.520 0.4000000060
1957  28.413  -74.744  -29.778 0.8999999762
1962  15.505  -76.004  -30.261 0.6000000238
1968  31.500  -74.945  -29.790 0.6000000238
1971  24.997  -75.636  -30.975 0.8999999762
1983  27.267  -74.672  -31.783 0.8999999762
1985  25.047  -75.545  -31.783 0.8999999762
1989  15.250  -75.260  -31.073 0.6000000238
1994  26.266  -75.157  -32.653 0.8999999762
1995  25.748  -75.222  -32.581 0.8999999762
1996  25.293  -75.478  -32.351 0.8999999762
2010  30.617  -75.006  -35.395 0.6999999881
2018  30.284  -74.845  -36.833 0.8000000119
2020  28.536  -75.871  -37.836 0.8000000119
2025  27.984  -74.865  -39.378 0.6999999881
2026  27.374  -75.346  -39.273 0.8000000119
2029  23.929  -75.152  -39.589 0.6000000238
2030  23.393  -75.269  -39.191 0.6000000238
2031  26.053  -74.592  -39.831 0.6000000238
2032  25.291  -74.690  -39.849 0.6000000238
2033  24.570  -74.757  -39.775 0.5000000000
2272  23.753  -74.564  -19.476 1.0000000000
2280  26.222  -74.232  -20.255 1.0000000000
2282  24.241  -75.144  -19.974 1.0000000000
2286  20.284  -74.521  -20.087 1.0000000000
2295  18.098  -74.686  -21.214 1.0000000000
2298  11.652  -74.064  -21.930 1.0000000000
2305  23.453  -74.446  -22.601 1.0000000000
2307  20.012  -73.761  -22.650 1.0000000000
2309  16.189  -74.801  -22.417 1.0000000000
2311  12.234  -74.569  -23.127 1.0000000000
2316  24.771  -74.697  -23.344 1.0000000000
2318  19.874  -74.580  -23.069 1.0000000000
2324  12.656  -74.213  -23.492 1.0000000000
2351  13.580  -74.242  -26.051 0.8999999762
2356  32.496  -74.353  -26.765 0.5000000000
2361  25.955  -74.762  -26.170 1.0000000000
2367  13.347  -74.755  -26.680 0.8999999762
2371  26.165  -74.326  -27.514 0.8999999762
2376  32.644  -74.378  -27.985 0.5000000000
2377  32.191  -74.071  -28.154 0.5000000000
2379  28.949  -73.975  -28.400 0.8999999762
2385  13.217  -74.683  -28.013 0.8000000119
2389  32.095  -74.115  -28.997 0.5000000000
2390  31.844  -74.342  -29.201 0.6000000238
2391  26.569  -73.616  -30.315 0.8999999762
2403  26.551  -73.842  -31.004 0.8999999762
2414  32.446  -74.050  -31.578 0.5000000000
2416  26.636  -74.281  -31.664 0.8999999762
2428  26.049  -74.673  -32.174 0.8999999762
2451  32.317  -73.641  -35.728 0.5000000000
2461  29.652  -74.759  -38.007 0.8000000119
2463  29.884  -73.578  -39.288 0.6000000238
2469  29.085  -73.857  -39.539 0.6999999881
2472  26.670  -74.989  -39.691 0.6999999881
2473  24.223  -74.555  -39.553 0.5000000000
2751  10.623  -73.785  -16.138 0.6000000238
2786  25.952  -72.979  -19.500 1.0000000000
2791  21.439  -73.625  -19.079 1.0000000000
2793  19.752  -73.169  -19.760 1.0000000000
2794  11.592  -73.538  -19.767 0.6999999881
2798  26.233  -73.470  -19.988 1.0000000000
2799  19.848  -73.792  -19.966 1.0000000000
2802  17.547  -73.060  -20.844 1.0000000000
2810  21.855  -73.069  -22.055 1.0000000000
2812  17.875  -73.884  -21.004 1.0000000000
2820  25.170  -73.161  -22.877 1.0000000000
2823  22.939  -73.801  -22.347 1.0000000000
2824  22.134  -73.752  -22.318 1.0000000000
2827  16.033  -74.037  -22.152 1.0000000000
2828  15.589  -73.468  -22.219 1.0000000000
2837  25.539  -73.610  -23.504 1.0000000000
2846  11.712  -73.060  -23.225 1.0000000000
2853  29.693  -72.652  -24.796 1.0000000000
2854  26.424  -73.204  -24.665 1.0000000000
2855  15.971  -73.438  -24.886 1.0000000000
2865  14.155  -73.653  -25.601 1.0000000000
2869  29.613  -72.520  -26.552 1.0000000000
2897  28.071  -73.343  -29.894 0.8999999762
2901  13.454  -74.166  -29.847 0.6999999881
2905  27.676  -73.565  -30.416 0.8999999762
2917  14.003  -74.038  -31.868 0.6000000238
2958  30.287  -72.918  -39.514 0.5000000000
2961  25.870  -73.458  -39.427 0.5000000000
2962  24.669  -74.083  -39.424 0.5000000000
2964  28.147  -73.387  -39.896 0.6000000238
2965  27.438  -73.462  -39.759 0.6000000238
2967  25.413  -73.841  -39.575 0.5000000000
3272  23.000  -71.932  -17.273 1.0000000000
3285  25.649  -71.474  -18.275 1.0000000000
3292  12.033  -71.744  -18.840 0.8999999762
3293  11.817  -72.474  -18.861 0.8000000119
3305  20.203  -72.757  -19.297 1.0000000000
3306  19.421  -72.459  -19.589 1.0000000000
3317  16.521  -71.626  -20.837 1.0000000000
3330  20.006  -72.031  -22.029 1.0000000000
3338  29.520  -71.863  -22.981 1.0000000000
3342  23.967  -72.989  -22.111 1.0000000000
3346  15.298  -72.083  -22.032 1.0000000000
3348  11.112  -72.355  -22.365 1.0000000000
3355  29.645  -71.448  -23.676 1.0000000000
3361  13.651  -72.929  -23.330 1.0000000000
3364  11.392  -72.202  -23.081 1.0000000000
3370  29.757  -71.878  -24.294 1.0000000000
3371  27.870  -71.524  -25.332 1.0000000000
3377  29.627  -71.939  -26.327 1.0000000000
3385  13.064  -72.688  -25.568 1.0000000000
3392  29.116  -71.798  -27.215 0.8999999762
3410  11.812  -72.183  -26.941 0.8999999762
3415  28.588  -72.542  -28.472 0.8999999762
3434  12.573  -72.697  -30.679 0.5000000000
3765  9.486  -71.695  -13.607 0.6999999881
3774  9.780  -72.124  -14.771 0.5000000000
3792  10.486  -72.275  -16.182 0.6999999881
3806  11.584  -71.554  -17.581 0.6999999881
3831  27.490  -70.442  -20.030 1.0000000000
3833  21.843  -71.240  -21.046 1.0000000000
3837  11.353  -71.779  -20.853 1.0000000000
3846  23.667  -71.509  -21.264 1.0000000000
3849  20.565  -71.495  -21.636 1.0000000000
3852  15.387  -71.275  -21.823 1.0000000000
3859  29.477  -71.007  -23.128 1.0000000000
3865  18.022  -71.280  -22.735 1.0000000000
3876  27.945  -70.583  -24.083 1.0000000000
3883  11.381  -71.355  -23.060 1.0000000000
3886  29.240  -70.913  -24.834 1.0000000000
3902  11.667  -71.290  -25.857 0.8999999762
3907  28.919  -71.455  -26.518 1.0000000000
3913  11.701  -71.796  -26.387 0.8999999762
4353  9.562  -70.930  -13.363 0.6000000238
4363  9.860  -71.085  -14.769 0.6999999881
4368  10.721  -70.595  -16.310 0.8000000119
4374  22.315  -70.067  -16.494 1.0000000000
4381  23.770  -70.272  -16.617 1.0000000000
4385  11.687  -70.871  -17.767 0.8000000119
4396  11.551  -70.526  -18.488 0.8000000119
4403  18.226  -70.267  -19.222 1.0000000000
4405  11.932  -71.086  -18.897 0.8999999762
4409  27.835  -69.636  -20.785 1.0000000000
4411  25.967  -69.064  -20.265 1.0000000000
4417  16.570  -70.208  -20.624 1.0000000000
4421  28.620  -69.894  -22.047 1.0000000000
4423  26.827  -69.201  -21.604 1.0000000000
4427  20.579  -70.028  -21.408 1.0000000000
4428  19.701  -70.416  -21.833 1.0000000000
4431  14.974  -69.840  -22.171 1.0000000000
4440  18.904  -70.462  -22.238 1.0000000000
4441  18.230  -70.577  -22.588 1.0000000000
4445  11.077  -70.739  -22.696 1.0000000000
4448  28.941  -70.212  -23.588 1.0000000000
4461  14.627  -70.313  -25.386 1.0000000000
4472  11.311  -70.648  -25.884 0.8999999762
4947  9.803  -70.233  -13.159 0.6000000238
4977  10.430  -69.456  -16.623 0.8999999762
4983  20.266  -69.293  -17.362 1.0000000000
4985  10.876  -69.801  -18.303 0.8999999762
4986  10.076  -69.057  -18.152 0.8999999762
5003  17.381  -69.545  -19.921 1.0000000000
5014  10.372  -69.513  -20.477 0.8999999762
5020  19.949  -69.547  -21.830 1.0000000000
5021  15.958  -69.082  -21.458 1.0000000000
5025  27.620  -69.286  -21.919 1.0000000000
5028  17.864  -70.050  -22.812 1.0000000000
5031  12.522  -69.488  -22.961 1.0000000000
5045  11.349  -69.550  -25.460 0.8999999762
5058  10.884  -70.001  -25.840 0.8999999762
5078  11.064  -69.839  -28.696 0.8999999762
5493  11.013  -68.364  -11.674 0.6000000238
5497  10.285  -69.138  -12.031 0.6999999881
5531  23.204  -68.940  -16.538 1.0000000000
5532  22.426  -68.683  -16.482 1.0000000000
5533  9.927  -68.596  -16.552 0.8000000119
5534  9.603  -67.705  -17.004 0.8000000119
5543  9.648  -68.161  -17.887 0.8999999762
5554  23.851  -68.261  -18.823 1.0000000000
5556  18.379  -68.816  -19.163 1.0000000000
5566  10.289  -68.688  -20.415 1.0000000000
5576  11.729  -68.148  -21.951 1.0000000000
5585  11.311  -68.778  -22.187 1.0000000000
5591  16.938  -67.906  -24.228 1.0000000000
5592  16.329  -68.294  -24.662 1.0000000000
5611  10.095  -68.785  -25.800 0.8999999762
5658  10.345  -68.477  -30.607 0.5000000000
6021  10.685  -66.902  -9.040 0.6999999881
6022  10.277  -67.578  -9.315 0.6000000238
6044  11.991  -66.985  -10.542 0.6999999881
6061  9.795  -66.932  -14.879 0.8000000119
6071  10.057  -67.718  -15.218 0.8000000119
6083  22.252  -67.989  -16.676 1.0000000000
6101  20.205  -67.322  -18.066 1.0000000000
6139  12.297  -67.321  -20.773 1.0000000000
6147  22.887  -66.913  -21.700 1.0000000000
6150  14.133  -67.156  -21.665 1.0000000000
6195  15.358  -67.501  -25.843 1.0000000000
6197  11.999  -68.162  -25.374 1.0000000000
6213  14.088  -67.698  -26.376 1.0000000000
6652  17.625  -66.290  -9.853 1.0000000000
6654  9.751  -66.721  -8.880 0.5000000000
6665  17.783  -66.405  -10.614 1.0000000000
6666  16.981  -66.279  -10.376 1.0000000000
6679  19.256  -66.342  -11.862 1.0000000000
6681  17.477  -66.452  -11.485 1.0000000000
6683  11.834  -65.924  -10.869 0.8000000119
6692  20.329  -65.968  -12.634 1.0000000000
6694  18.784  -66.462  -12.683 1.0000000000
6695  17.552  -66.519  -12.350 1.0000000000
6703  18.634  -66.470  -13.609 1.0000000000
6707  10.271  -66.413  -13.497 0.8000000119
6718  9.618  -66.123  -14.602 0.8000000119
6722  17.258  -66.630  -15.440 1.0000000000
6724  14.477  -66.508  -15.738 1.0000000000
6737  16.602  -66.630  -16.581 1.0000000000
6742  9.941  -66.157  -16.479 0.8999999762
6759  10.880  -66.356  -18.057 1.0000000000
6760  10.141  -66.466  -17.591 0.8999999762
6761  9.766  -66.741  -16.931 0.8999999762
6770  14.728  -66.882  -18.587 1.0000000000
6783  18.193  -65.970  -20.559 1.0000000000
6804  19.480  -66.151  -23.517 1.0000000000
6807  18.268  -66.132  -24.145 1.0000000000
6810  13.142  -66.257  -25.043 1.0000000000
6825  9.594  -66.765  -25.101 0.8999999762
6834  13.992  -66.970  -26.324 1.0000000000
6835  13.390  -66.948  -26.071 1.0000000000
7206  17.397  -65.181  -6.771 1.0000000000
7207  16.743  -65.222  -6.557 1.0000000000
7232  9.053  -66.682  -8.121 0.5000000000
7233  8.885  -66.321  -7.938 0.8000000119
7234  8.395  -65.105  -7.579 0.6999999881
7255  17.863  -66.027  -9.085 1.0000000000
7258  9.480  -66.306  -9.033 0.8000000119
7259  9.602  -65.852  -9.457 0.8000000119
7265  19.677  -65.401  -10.529 1.0000000000
7287  10.714  -65.286  -10.818 0.8000000119
7298  21.063  -65.009  -12.931 1.0000000000
7301  16.046  -66.060  -12.492 1.0000000000
7320  21.557  -65.041  -14.137 1.0000000000
7321  20.884  -65.574  -14.445 1.0000000000
7325  13.040  -64.763  -15.218 1.0000000000
7339  20.197  -65.079  -16.272 1.0000000000
7341  18.517  -65.218  -16.966 1.0000000000
7352  18.371  -64.842  -17.905 1.0000000000
7363  21.933  -65.512  -18.640 1.0000000000
7372  23.258  -65.613  -21.449 1.0000000000
7375  22.107  -65.542  -22.399 1.0000000000
7379  11.285  -65.362  -22.593 1.0000000000
7385  14.565  -65.304  -23.959 1.0000000000
7396  18.065  -65.521  -24.260 1.0000000000
7397  17.307  -65.762  -24.610 1.0000000000
7400  14.808  -65.606  -24.856 1.0000000000
7411  15.329  -65.988  -25.508 1.0000000000
7414  9.570  -65.182  -25.247 0.8999999762
7813  17.576  -64.009  -3.757 1.0000000000
7814  16.563  -64.610  -4.212 1.0000000000
7816  15.132  -64.334  -4.645 1.0000000000
7822  16.482  -64.838  -5.060 1.0000000000
7830  18.203  -64.578  -6.747 1.0000000000
7831  17.814  -64.852  -6.289 1.0000000000
7833  15.954  -64.840  -6.447 1.0000000000
7835  8.104  -64.459  -7.328 0.6999999881
7836  7.861  -63.923  -6.093 0.6000000238
7876  15.363  -64.454  -10.042 1.0000000000
7894  20.178  -64.632  -11.440 1.0000000000
7895  19.556  -64.334  -10.742 1.0000000000
7911  9.044  -64.076  -12.375 0.8000000119
7938  9.681  -64.494  -14.346 0.8999999762
7941  21.891  -64.639  -15.524 1.0000000000
7958  20.678  -64.735  -17.547 1.0000000000
7977  10.269  -64.145  -21.262 1.0000000000
7981  14.963  -64.220  -21.888 1.0000000000
7986  21.929  -64.699  -22.430 1.0000000000
7995  10.603  -64.483  -21.789 1.0000000000
8003  17.709  -64.469  -23.826 1.0000000000
8004  16.805  -64.697  -23.790 1.0000000000
8017  18.120  -64.828  -24.074 1.0000000000
8020  15.966  -65.066  -24.003 1.0000000000
8034  9.390  -64.165  -26.609 0.6999999881
8041  9.242  -64.376  -27.542 0.8000000119
8416  17.094  -63.556  -3.292 1.0000000000
8417  16.211  -63.798  -3.208 1.0000000000
8427  12.508  -63.415  -4.271 1.0000000000
8432  19.397  -63.218  -5.398 1.0000000000
8433  18.772  -63.855  -5.555 1.0000000000
8443  12.920  -62.697  -6.028 1.0000000000
8456  7.841  -63.251  -7.789 0.6999999881
8492  8.595  -63.745  -10.293 0.8000000119
8501  14.349  -63.240  -11.139 1.0000000000
8503  12.919  -62.591  -12.434 1.0000000000
8537  20.740  -63.476  -13.297 1.0000000000
8540  12.637  -63.268  -13.620 1.0000000000
8541  11.637  -63.005  -13.758 1.0000000000
8553  21.840  -63.288  -14.390 1.0000000000
8554  21.098  -62.973  -13.931 1.0000000000
8556  10.911  -63.467  -14.354 1.0000000000
8557  9.915  -63.727  -14.115 1.0000000000
8562  22.696  -63.564  -16.246 1.0000000000
8572  10.901  -63.576  -18.781 1.0000000000
8573  10.103  -63.578  -18.936 1.0000000000
8578  13.877  -63.501  -19.808 1.0000000000
8579  12.529  -63.594  -19.291 1.0000000000
8590  14.114  -63.730  -20.363 1.0000000000
8595  9.655  -63.487  -20.111 1.0000000000
8601  17.529  -62.924  -21.228 1.0000000000
8605  10.104  -63.677  -21.791 1.0000000000
8612  19.081  -63.218  -23.081 1.0000000000
8617  10.341  -64.260  -22.396 1.0000000000
8636  18.624  -63.664  -23.345 1.0000000000
8639  9.952  -63.672  -24.084 1.0000000000
9137  13.847  -63.099  -2.834 1.0000000000
9139  11.733  -62.543  -3.450 1.0000000000
9149  18.729  -62.945  -3.855 1.0000000000
9151  11.346  -62.447  -4.205 1.0000000000
9157  12.319  -62.997  -5.066 1.0000000000
9175  19.210  -62.767  -7.137 1.0000000000
9192  13.275  -61.916  -8.509 1.0000000000
9203  18.225  -62.534  -8.824 1.0000000000
9246  18.942  -62.959  -13.276 1.0000000000
9272  21.205  -61.956  -14.937 1.0000000000
9278  9.033  -62.590  -17.285 1.0000000000
9286  8.670  -62.266  -17.923 1.0000000000
9289  23.342  -61.863  -18.401 1.0000000000
9295  11.215  -63.190  -18.220 1.0000000000
9297  9.448  -63.271  -18.769 1.0000000000
9308  13.454  -63.193  -19.217 1.0000000000
9309  9.149  -63.021  -19.515 1.0000000000
9313  22.754  -61.846  -20.337 1.0000000000
9319  8.880  -62.369  -20.050 1.0000000000
9325  19.785  -62.042  -21.721 1.0000000000
9341  18.733  -62.850  -22.433 1.0000000000
9896  17.598  -61.861  -3.577 1.0000000000
9898  15.638  -62.362  -3.078 1.0000000000
9899  14.511  -62.318  -2.934 1.0000000000
9901  12.157  -61.867  -3.206 1.0000000000
9915  17.785  -61.233  -4.120 1.0000000000
9921  10.673  -61.060  -4.430 1.0000000000
9932  10.557  -61.119  -5.092 1.0000000000
9948  8.185  -61.293  -7.449 0.8000000119
9959  20.293  -61.982  -7.684 1.0000000000
9960  19.203  -61.974  -7.895 1.0000000000
9980  23.079  -60.715  -10.290 1.0000000000
9994  22.293  -61.054  -9.939 1.0000000000
10054  8.966  -61.712  -15.564 1.0000000000
10087  22.288  -60.997  -17.403 1.0000000000
10093  15.690  -61.334  -17.715 1.0000000000
10096  12.632  -62.102  -17.804 1.0000000000
10104  22.762  -61.170  -18.189 1.0000000000
10126  21.600  -61.145  -20.442 1.0000000000
10129  8.743  -61.488  -20.560 0.8999999762
10148  9.321  -60.821  -23.053 0.6000000238
10721  11.855  -61.096  -3.463 1.0000000000
10736  12.796  -60.705  -3.775 1.0000000000
10738  11.141  -60.975  -3.853 1.0000000000
10749  21.203  -60.325  -5.607 1.0000000000
10751  19.979  -60.477  -4.950 1.0000000000
10753  17.296  -60.235  -5.259 1.0000000000
10770  21.693  -60.612  -6.181 1.0000000000
10790  23.062  -60.550  -8.721 1.0000000000
10841  24.052  -60.254  -12.244 1.0000000000
10847  9.550  -60.488  -12.366 1.0000000000
10857  9.022  -60.620  -13.168 1.0000000000
10858  8.451  -60.209  -13.194 1.0000000000
10905  8.057  -60.843  -16.637 1.0000000000
10919  16.117  -60.987  -17.105 1.0000000000
11567  20.373  -59.890  -5.446 1.0000000000
11569  18.436  -59.496  -5.838 0.8999999762
11572  15.681  -59.929  -5.955 0.8999999762
11577  10.601  -60.240  -5.444 1.0000000000
11587  21.402  -59.329  -6.367 1.0000000000
11592  16.830  -59.354  -6.456 0.8999999762
11595  13.065  -59.448  -6.619 0.8999999762
11656  19.988  -58.663  -10.558 1.0000000000
11661  8.582  -59.439  -11.361 1.0000000000
11670  11.469  -59.436  -11.683 1.0000000000
11677  24.848  -60.049  -13.491 1.0000000000
11691  24.430  -60.095  -14.188 1.0000000000
11699  7.958  -59.735  -13.609 1.0000000000
11707  25.405  -59.431  -15.887 1.0000000000
11710  14.865  -60.004  -15.023 1.0000000000
11743  7.864  -58.428  -19.866 0.6999999881
12437  18.002  -58.645  -6.812 0.8999999762
12440  15.380  -59.151  -7.148 0.8999999762
12441  14.565  -59.269  -7.124 0.8999999762
12443  11.310  -58.832  -7.301 0.8000000119
12453  20.080  -58.103  -7.131 0.8999999762
12454  19.218  -58.066  -7.099 0.8999999762
12457  16.603  -58.378  -7.498 0.8999999762
12464  8.519  -57.828  -6.767 0.6999999881
12505  20.448  -58.414  -11.356 1.0000000000
12512  8.871  -58.792  -10.852 1.0000000000
12518  20.783  -58.140  -12.118 1.0000000000
12523  12.194  -59.057  -11.689 1.0000000000
12524  7.820  -59.160  -11.931 1.0000000000
12525  7.480  -58.490  -12.268 1.0000000000
12528  26.164  -58.728  -13.998 1.0000000000
12532  14.278  -59.120  -12.337 1.0000000000
12534  7.442  -58.084  -12.938 1.0000000000
12539  25.719  -59.577  -14.558 1.0000000000
12550  26.401  -58.817  -15.560 1.0000000000
12551  26.007  -59.190  -15.987 1.0000000000
12554  7.825  -58.338  -15.144 1.0000000000
12567  26.834  -58.272  -15.742 1.0000000000
12586  8.292  -57.442  -17.817 0.8999999762
13335  17.822  -57.624  -7.673 0.8999999762
13341  8.877  -57.143  -7.170 0.6999999881
13349  20.737  -57.097  -8.067 0.8999999762
13354  13.532  -58.064  -8.549 0.8999999762
13378  24.199  -57.059  -10.579 1.0000000000
13397  8.281  -58.095  -10.613 1.0000000000
13401  26.185  -57.390  -12.834 1.0000000000
13403  21.055  -57.854  -12.875 1.0000000000
13411  12.812  -57.529  -11.799 1.0000000000
13432  22.299  -57.121  -15.313 1.0000000000
13448  25.728  -58.067  -17.002 1.0000000000
13462  26.957  -57.354  -16.901 1.0000000000
14182  19.024  -56.987  -7.957 0.8999999762
14195  19.380  -56.410  -8.325 0.8999999762
14197  16.915  -56.596  -8.515 0.8999999762
14204  10.125  -56.470  -8.902 0.6000000238
14213  14.041  -56.275  -9.619 0.8999999762
14215  11.402  -56.246  -9.849 0.6000000238
14229  7.688  -56.390  -10.703 1.0000000000
14246  26.484  -56.606  -12.511 1.0000000000
14250  18.738  -55.855  -12.493 1.0000000000
14251  17.273  -56.077  -11.905 1.0000000000
14252  15.946  -56.281  -12.000 1.0000000000
14278  20.632  -56.124  -14.266 1.0000000000
14301  24.147  -56.891  -17.143 1.0000000000
14317  28.006  -56.180  -17.125 1.0000000000
14318  27.486  -56.678  -17.037 1.0000000000
14320  25.807  -56.608  -17.445 1.0000000000
15035  21.318  -55.793  -8.895 0.8999999762
15038  18.153  -55.696  -8.786 0.8999999762
15040  16.414  -56.171  -8.891 0.8999999762
15052  18.223  -55.009  -9.242 0.8999999762
15056  14.360  -55.662  -9.849 0.8999999762
15057  13.423  -55.846  -10.045 0.8000000119
15068  25.031  -55.594  -10.708 1.0000000000
15071  12.699  -55.184  -10.487 0.6999999881
15074  7.930  -55.802  -10.415 1.0000000000
15087  10.283  -55.331  -11.711 1.0000000000
15092  29.048  -54.816  -12.783 1.0000000000
15093  28.405  -55.186  -12.656 1.0000000000
15101  12.878  -55.932  -12.923 1.0000000000
15117  15.350  -55.320  -13.360 1.0000000000
15120  12.761  -55.150  -13.507 1.0000000000
15122  7.835  -56.015  -13.242 0.8999999762
15126  29.905  -55.339  -14.943 1.0000000000
15130  19.403  -55.349  -14.590 1.0000000000
15139  21.359  -55.501  -15.863 1.0000000000
15142  9.579  -55.974  -15.407 0.6000000238
15153  21.760  -55.119  -16.489 1.0000000000
15173  23.812  -55.410  -17.436 1.0000000000
15977  19.536  -54.455  -9.383 0.8999999762
16030  7.664  -54.657  -12.672 0.8999999762
16040  16.874  -54.990  -14.087 1.0000000000
16044  13.308  -54.832  -13.848 1.0000000000
16058  13.517  -54.329  -14.264 1.0000000000
16062  30.682  -54.600  -15.715 1.0000000000
16063  20.230  -54.661  -15.975 1.0000000000
16066  17.881  -54.156  -15.454 1.0000000000
16072  30.547  -54.598  -16.393 1.0000000000
16075  20.726  -54.209  -16.554 1.0000000000
16078  9.068  -54.323  -16.863 0.5000000000
16085  30.304  -54.354  -17.102 1.0000000000
16088  27.267  -54.494  -17.800 1.0000000000
16092  23.612  -54.624  -17.542 1.0000000000
16106  9.777  -54.151  -18.432 0.5000000000
16943  21.400  -53.686  -9.917 0.8999999762
16944  20.004  -53.860  -9.730 0.8999999762
16949  11.290  -53.689  -9.776 0.6000000238
16966  20.576  -53.422  -10.184 0.8999999762
16975  11.470  -53.489  -10.216 0.6000000238
16978  7.809  -53.519  -10.618 0.8999999762
16987  27.908  -53.396  -11.678 0.8999999762
16996  14.019  -53.082  -11.867 0.6999999881
16998  12.332  -53.022  -11.262 0.6000000238
17000  7.551  -53.366  -11.197 0.8999999762
17004  30.363  -53.345  -12.446 1.0000000000
17026  15.020  -53.685  -15.069 1.0000000000
17027  12.402  -53.674  -14.258 1.0000000000
17034  18.206  -53.670  -15.964 1.0000000000
17036  15.492  -53.143  -15.567 1.0000000000
17038  13.799  -52.923  -15.160 1.0000000000
17043  21.283  -53.747  -17.056 1.0000000000
17049  8.159  -53.446  -16.695 0.6999999881
17053  30.783  -53.697  -17.225 1.0000000000
17056  27.912  -53.947  -17.912 1.0000000000
17063  8.743  -53.695  -17.801 0.6000000238
17929  19.287  -52.876  -11.012 0.8999999762
17934  12.045  -52.515  -10.687 0.6000000238
17936  7.913  -53.007  -10.485 0.8999999762
17950  17.343  -52.486  -11.679 0.8999999762
17956  7.721  -52.902  -10.749 0.8999999762
17959  31.248  -52.300  -12.449 0.8000000119
17972  14.300  -51.037  -12.541 0.6000000238
17987  21.196  -52.885  -13.308 0.8999999762
17988  20.362  -52.539  -13.371 0.8999999762
18002  20.675  -52.484  -13.993 0.8999999762
18014  13.612  -52.163  -15.353 1.0000000000
18016  7.762  -52.496  -15.786 0.6999999881
18023  18.320  -52.376  -16.714 1.0000000000
18025  16.601  -51.950  -16.447 1.0000000000
18034  28.425  -53.129  -18.093 1.0000000000
18048  27.906  -52.349  -18.308 1.0000000000
18050  26.066  -52.291  -18.294 1.0000000000
18919  7.840  -52.230  -10.637 0.8999999762
18927  12.877  -51.310  -11.389 0.6000000238
18933  30.881  -51.920  -11.836 0.6999999881
18943  7.611  -50.809  -11.574 0.8999999762
18951  19.774  -51.204  -14.188 0.8999999762
18952  19.459  -50.527  -13.934 0.6999999881
18954  11.078  -51.162  -13.670 0.8999999762
18959  32.508  -51.666  -15.046 1.0000000000
18960  28.106  -50.773  -14.737 0.6000000238
18962  21.820  -51.254  -15.168 0.8000000119
18966  11.608  -51.474  -14.273 0.8999999762
18967  7.706  -51.260  -14.790 0.6999999881
18978  14.106  -51.505  -15.630 1.0000000000
18993  16.270  -51.189  -16.535 1.0000000000
18995  7.994  -51.767  -16.997 0.6000000238
19006  32.197  -51.237  -17.639 1.0000000000
19007  31.650  -51.983  -17.654 1.0000000000
19008  23.228  -52.228  -17.945 1.0000000000
19010  21.438  -51.259  -17.645 1.0000000000
19012  19.339  -51.652  -17.253 1.0000000000
19014  8.792  -51.287  -17.917 0.5000000000
19028  26.493  -51.603  -18.418 1.0000000000
19031  23.823  -51.775  -18.190 1.0000000000
19955  13.874  -50.160  -11.944 0.6000000238
19967  21.831  -49.633  -12.830 0.5000000000
19968  18.887  -50.081  -13.506 0.6000000238
19969  16.240  -49.781  -12.719 0.6999999881
19980  27.931  -49.553  -15.179 0.6000000238
20005  21.280  -50.314  -14.930 0.6999999881
20022  13.551  -50.904  -15.309 0.8999999762
20029  32.952  -50.951  -16.283 1.0000000000
20030  18.328  -50.867  -17.252 1.0000000000
20034  8.796  -50.061  -16.864 0.6999999881
20040  21.015  -50.474  -17.661 1.0000000000
20041  19.478  -50.563  -17.493 1.0000000000
20043  18.203  -50.197  -17.336 1.0000000000
20044  11.514  -50.497  -18.309 0.6000000238
20047  8.375  -50.935  -17.110 0.5000000000
20058  26.017  -50.886  -18.497 1.0000000000
20063  10.836  -50.985  -18.527 0.6000000238
20950  32.056  -49.629  -11.612 0.6999999881
20960  8.702  -49.638  -11.041 0.8999999762
20995  11.727  -50.089  -13.903 0.8999999762
21009  33.477  -49.623  -16.839 0.8999999762
21010  17.098  -49.626  -16.930 1.0000000000
21039  28.622  -49.584  -18.504 1.0000000000
21042  26.229  -49.577  -18.529 1.0000000000
21921  33.392  -48.555  -12.290 0.6000000238
21929  9.333  -48.196  -11.859 0.8000000119
21935  33.799  -48.545  -13.009 0.6999999881
21959  33.849  -49.102  -15.380 0.8000000119
21962  14.825  -48.923  -15.118 1.0000000000
21964  8.333  -48.755  -14.955 0.6999999881
21972  17.972  -48.066  -16.875 1.0000000000
22000  32.571  -48.394  -18.363 1.0000000000
22002  30.627  -48.350  -18.569 1.0000000000
22005  27.795  -48.280  -18.525 1.0000000000
22008  25.224  -48.245  -18.522 1.0000000000
22010  22.996  -48.888  -18.264 1.0000000000
22987  12.955  -47.179  -12.409 0.8999999762
22988  9.951  -46.980  -13.063 0.6999999881
22994  34.478  -47.319  -13.907 0.6999999881
22995  18.869  -46.660  -14.095 1.0000000000
22999  9.511  -46.845  -13.871 0.6999999881
23018  18.593  -47.332  -16.758 1.0000000000
23021  14.522  -47.142  -17.237 0.6999999881
23033  34.190  -47.543  -17.023 0.8000000119
23036  22.094  -46.965  -18.007 1.0000000000
23038  19.907  -47.404  -17.449 1.0000000000
24027  33.519  -46.724  -11.628 0.6000000238
24028  32.373  -47.308  -11.469 0.6000000238
24039  13.966  -45.417  -12.097 0.8999999762
24040  13.385  -45.942  -12.176 0.8999999762
24041  12.862  -45.802  -12.511 0.8999999762
24058  19.603  -45.984  -13.827 1.0000000000
24070  19.435  -46.383  -14.798 1.0000000000
24076  10.704  -46.490  -14.721 0.8000000119
24080  34.563  -46.328  -16.620 0.6999999881
24082  20.150  -46.053  -17.113 1.0000000000
24084  18.792  -46.759  -16.012 1.0000000000
24095  33.843  -46.687  -17.975 0.6999999881
24099  23.691  -46.198  -18.096 1.0000000000
24102  19.715  -46.746  -17.185 1.0000000000
24104  14.793  -46.469  -17.304 0.6999999881
24115  32.288  -46.800  -18.682 0.8999999762
24117  30.392  -46.564  -18.607 1.0000000000
24122  25.647  -47.033  -18.490 1.0000000000
24123  24.820  -46.913  -18.448 1.0000000000
24124  24.054  -46.887  -18.359 1.0000000000
25109  17.554  -45.108  -13.053 0.8999999762
25113  12.708  -45.333  -12.930 0.8999999762
25121  19.744  -44.977  -16.350 1.0000000000
25123  19.493  -45.190  -14.124 1.0000000000
25127  13.031  -44.694  -13.540 0.8000000119
25132  34.902  -45.467  -15.788 0.6999999881
25134  19.990  -44.879  -16.868 1.0000000000
25135  19.352  -44.867  -16.000 1.0000000000
25149  20.454  -45.223  -17.032 1.0000000000
25152  16.602  -45.005  -16.865 0.6999999881
25160  28.110  -44.839  -17.637 1.0000000000
25166  22.505  -45.402  -17.408 1.0000000000
25170  15.880  -45.357  -17.247 0.6999999881
25178  33.827  -45.496  -18.239 0.6999999881
25184  28.559  -45.427  -18.112 1.0000000000
26109  33.751  -44.097  -10.848 0.4000000060
26132  34.548  -44.811  -11.867 0.6999999881
26144  16.744  -44.613  -13.162 0.8000000119
26154  35.006  -45.161  -13.727 0.6999999881
26155  17.405  -44.653  -13.730 0.8000000119
26164  35.241  -44.295  -15.278 0.6999999881
26166  20.223  -44.591  -16.865 1.0000000000
26168  16.983  -44.479  -14.910 0.8000000119
26176  35.149  -43.978  -16.113 0.6999999881
26183  20.402  -44.441  -16.808 0.8999999762
26208  32.162  -44.321  -18.806 0.8000000119
27177  34.893  -43.735  -17.068 0.6999999881
27178  28.350  -42.808  -16.279 1.0000000000
27182  24.222  -43.822  -17.491 1.0000000000
27187  20.115  -44.008  -17.093 0.8000000119
27202  28.523  -43.518  -16.807 1.0000000000
27206  17.908  -43.334  -18.018 0.6999999881
28106  35.108  -42.755  -11.782 0.4000000060
28161  21.591  -42.837  -16.971 0.8000000119
28177  24.694  -42.542  -17.668 0.8999999762
28182  19.239  -42.158  -17.690 0.6999999881
28197  31.462  -41.973  -18.587 0.8000000119
29055  35.648  -41.630  -16.277 0.6000000238
29056  28.193  -42.017  -16.060 1.0000000000
29057  27.509  -41.752  -15.964 0.8999999762
29078  21.969  -41.868  -17.897 0.8000000119
29081  18.871  -41.253  -17.638 0.6999999881
29082  18.048  -41.107  -17.526 0.6000000238
29092  34.068  -41.816  -18.045 0.6000000238
29099  23.271  -41.574  -18.585 0.8000000119
29100  22.545  -41.455  -18.568 0.6999999881
30000  24.751  -40.642  -17.947 0.8000000119
30004  17.722  -40.345  -17.450 0.5000000000
30022  22.361  -40.840  -19.035 0.6999999881
30025  19.619  -39.963  -18.146 0.5000000000
30039  22.146  -40.071  -19.371 0.6000000238
30993  35.551  -40.144  -16.833 0.5000000000
31053  22.565  -39.176  -19.487 0.4000000060
31054  21.673  -39.290  -19.511 0.5000000000
32069  21.422  -38.499  -19.566 0.5000000000
115308  34.845  -46.014  -15.114 0.6999999881
115425  24.556  -79.148  -30.081 0.8999999762
115561  11.419  -72.923  -18.240 0.6999999881
115699  26.303  -47.565  -18.525 1.0000000000
115807  28.098  -47.555  -18.516 1.0000000000
115892  26.113  -78.050  -36.284 0.8999999762
116108  31.373  -77.907  -24.752 0.6000000238
116286  20.169  -60.700  -17.899 1.0000000000
116566  23.707  -42.811  -17.922 0.8999999762
116567  20.915  -49.467  -13.608 0.6999999881
116645  9.102  -60.772  -22.313 0.8000000119
116753  28.210  -48.933  -18.511 1.0000000000
116866  9.293  -64.645  -12.904 0.8000000119
117072  24.906  -77.279  -28.065 0.8999999762
117098  34.234  -43.876  -11.064 0.4000000060
117116  7.800  -59.793  -15.740 1.0000000000
117392  35.398  -43.914  -14.093 0.6999999881
117462  32.482  -74.285  -29.783 0.5000000000
117557  19.994  -83.298  -21.456 1.0000000000
117588  33.835  -75.721  -27.173 0.5000000000
117645  24.824  -78.763  -37.226 0.8000000119
117757  16.927  -56.853  -11.578 1.0000000000
117772  31.858  -74.206  -31.983 0.5000000000
117778  33.264  -74.477  -31.295 0.4000000060
117782  18.575  -63.157  -8.310 1.0000000000
117843  12.770  -67.099  -20.335 1.0000000000
118027  26.573  -73.505  -29.524 0.8999999762
118161  24.477  -78.893  -30.952 0.8999999762
118372  22.000  -80.354  -33.356 0.8999999762
118428  17.157  -48.675  -16.705 1.0000000000
118458  17.288  -53.307  -10.623 0.8999999762
118564  14.124  -62.858  -6.975 1.0000000000
118664  10.305  -68.199  -29.835 0.6000000238
118739  34.435  -46.007  -17.240 0.6999999881
118991  22.274  -80.840  -31.754 0.8000000119
119012  30.211  -78.483  -31.233 0.8000000119
119054  23.460  -55.772  -9.756 0.8999999762
119062  15.874  -53.697  -10.680 0.8999999762
119237  17.215  -49.905  -13.014 0.6999999881
119369  16.279  -72.011  -24.240 1.0000000000
119417  12.404  -72.435  -28.771 0.6999999881
119549  14.099  -60.063  -5.569 0.8999999762
119756  9.297  -62.995  -17.988 1.0000000000
119853  19.191  -68.414  -22.620 1.0000000000
119965  12.039  -66.387  -17.932 1.0000000000
120233  27.772  -77.563  -35.372 0.8999999762
120385  29.001  -81.140  -22.851 0.5000000000
120445  10.910  -69.472  -30.022 0.6999999881
120539  20.981  -76.659  -23.518 1.0000000000
120551  25.655  -55.241  -10.998 0.8999999762
120610  28.276  -75.857  -24.089 1.0000000000
120642  24.618  -79.313  -29.217 0.8999999762
120701  14.738  -51.092  -15.982 0.8999999762
120843  18.485  -66.432  -14.366 1.0000000000
120877  28.840  -78.828  -32.282 0.8999999762
120977  21.806  -81.764  -27.770 0.8999999762
121051  32.017  -74.180  -27.670 0.5000000000
121127  12.829  -64.735  -21.724 1.0000000000
121190  24.785  -77.401  -38.922 0.8000000119
121367  12.698  -77.049  -18.802 0.8000000119
121411  8.999  -65.317  -9.853 0.8000000119
121431  18.892  -67.799  -23.082 1.0000000000
121595  26.340  -80.451  -26.256 1.0000000000
121741  15.313  -45.584  -17.471 0.6000000238
121849  13.001  -77.122  -17.696 0.6999999881
121954  30.511  -78.880  -28.741 0.8000000119
121965  29.418  -73.561  -26.548 1.0000000000
122079  9.397  -65.174  -27.401 0.8000000119
122097  35.761  -42.045  -13.268 0.4000000060
122163  24.477  -60.149  -12.793 1.0000000000
122285  21.164  -54.398  -9.450 0.8999999762
122306  20.035  -51.791  -14.020 0.8999999762
122486  26.826  -55.140  -17.673 1.0000000000
122805  15.993  -66.856  -16.773 1.0000000000
123155  21.370  -44.379  -16.832 1.0000000000
123334  11.463  -59.939  -4.857 1.0000000000
123685  23.112  -75.996  -20.343 1.0000000000
124191  16.442  -66.559  -21.192 1.0000000000
124331  25.185  -43.749  -17.191 1.0000000000
124480  13.357  -52.514  -11.966 0.6999999881
124548  11.751  -66.312  -23.911 1.0000000000
124641  13.894  -48.417  -13.971 0.8999999762
124949  24.461  -78.023  -31.085 0.8999999762
124972  14.958  -57.128  -11.757 1.0000000000
125083  24.278  -72.585  -18.008 1.0000000000
125207  24.595  -79.386  -28.469 0.8999999762
125212  22.740  -77.429  -38.331 0.6999999881
125240  22.533  -80.933  -21.293 1.0000000000
125732  9.447  -65.520  -26.088 0.8000000119
125880  18.564  -61.172  -4.226 1.0000000000
125911  17.831  -44.152  -17.805 0.6999999881
126208  7.903  -57.862  -19.054 0.6999999881
126231  31.371  -75.686  -27.785 0.6000000238
126471  14.142  -70.962  -25.434 1.0000000000
126712  28.598  -46.175  -18.370 1.0000000000
126723  21.644  -52.598  -17.497 1.0000000000
126746  23.476  -63.580  -19.591 1.0000000000
126840  21.088  -81.731  -27.371 0.6999999881
126904  19.855  -52.786  -11.485 0.8999999762
126990  21.152  -77.389  -21.267 1.0000000000
126994  18.486  -71.743  -22.558 1.0000000000
127018  11.971  -64.103  -19.804 1.0000000000
127070  16.105  -62.928  -19.914 1.0000000000
127240  21.561  -59.983  -6.002 1.0000000000
127260  21.614  -67.055  -22.378 1.0000000000
127262  13.428  -77.654  -22.507 1.0000000000
127590  13.230  -41.626  -19.126 0.4000000060
127707  21.145  -61.116  -16.086 1.0000000000
128250  20.966  -65.576  -13.679 1.0000000000
128265  18.531  -78.113  -24.857 0.8999999762
128339  7.650  -54.979  -10.748 0.8999999762
128393  14.722  -58.721  -7.724 0.8999999762
128422  19.509  -69.010  -22.215 1.0000000000
128425  7.912  -55.110  -10.400 0.8999999762
128448  22.935  -84.251  -21.458 0.8000000119
128519  33.742  -44.120  -18.427 0.6999999881
128659  20.809  -63.616  -22.831 1.0000000000
128690  19.236  -69.713  -18.313 1.0000000000
128890  9.420  -49.797  -11.182 0.8999999762
129188  21.224  -83.623  -21.462 1.0000000000
129299  30.553  -78.627  -29.319 0.8000000119
129327  13.058  -74.858  -23.561 1.0000000000
129369  28.691  -50.875  -18.423 1.0000000000
129445  21.957  -77.313  -37.072 0.6000000238
129489  25.419  -44.347  -17.309 1.0000000000
129497  16.609  -79.048  -23.384 1.0000000000
129523  29.094  -70.462  -22.610 1.0000000000
129611  7.979  -59.544  -19.765 0.8999999762
129749  10.677  -58.534  -7.622 0.8000000119
129763  14.020  -63.945  -3.563 1.0000000000
130135  14.624  -60.951  -4.016 1.0000000000
131347  25.031  -78.862  -20.563 1.0000000000
131478  29.046  -50.215  -18.483 1.0000000000
131971  20.154  -48.032  -17.598 1.0000000000
132095  16.575  -76.331  -25.496 0.8999999762
132265  9.503  -64.768  -13.970 0.8000000119
132333  23.992  -84.117  -22.023 0.6999999881
132593  26.596  -82.999  -21.458 0.6000000238
132765  33.501  -41.423  -18.206 0.5000000000
132798  24.437  -47.405  -18.462 1.0000000000
132928  24.066  -58.885  -10.915 1.0000000000
133150  28.237  -69.519  -22.215 1.0000000000
133250  15.266  -77.159  -28.027 0.8000000119
133257  26.135  -44.412  -17.187 1.0000000000
133384  17.208  -64.470  -4.100 1.0000000000
133465  19.958  -78.763  -34.267 0.6999999881
133595  33.289  -43.506  -18.637 0.6999999881
133603  26.174  -78.437  -20.868 1.0000000000
133710  19.537  -70.354  -18.296 1.0000000000
133729  15.434  -51.967  -16.180 1.0000000000
133977  21.005  -67.976  -17.003 1.0000000000
134092  11.924  -65.159  -16.256 1.0000000000
134164  25.431  -80.202  -24.089 1.0000000000
134233  18.837  -44.737  -16.112 0.8000000119
134291  11.994  -54.097  -13.871 1.0000000000
134318  18.821  -66.365  -11.329 1.0000000000
134389  23.279  -64.351  -20.839 1.0000000000
134406  7.460  -61.417  -5.236 0.6999999881
134568  11.754  -57.496  -9.095 0.6999999881
134580  13.666  -53.672  -14.691 1.0000000000
134594  14.282  -58.250  -8.268 0.8999999762
134655  18.042  -52.591  -11.493 0.8999999762
134858  18.838  -62.231  -3.883 1.0000000000
134881  16.062  -60.150  -5.606 0.8999999762
134939  21.634  -64.686  -16.258 1.0000000000
134952  12.032  -76.410  -17.149 0.6999999881
135115  15.021  -66.980  -17.925 1.0000000000
135169  23.166  -76.753  -20.649 1.0000000000
135202  21.577  -42.262  -17.395 0.8000000119
135330  17.843  -51.391  -16.962 1.0000000000
135356  25.343  -40.095  -17.304 0.6999999881
135530  16.507  -74.464  -24.936 1.0000000000
135604  14.090  -62.505  -9.127 1.0000000000
135606  16.104  -65.896  -25.215 1.0000000000
135642  15.779  -55.812  -9.300 0.8999999762
135820  25.426  -75.691  -20.290 1.0000000000
135884  15.324  -68.202  -25.669 1.0000000000
136126  25.000  -73.965  -19.482 1.0000000000
136194  27.245  -72.837  -28.382 0.8999999762
136345  31.503  -76.336  -24.991 0.5000000000
136384  12.884  -64.963  -22.221 1.0000000000
136410  22.137  -54.725  -16.947 1.0000000000
136504  19.310  -72.950  -19.920 1.0000000000
136660  23.566  -53.839  -10.397 0.8999999762
136661  20.442  -65.071  -11.785 1.0000000000
136744  8.691  -65.731  -7.771 0.8000000119
136806  22.793  -60.835  -8.216 1.0000000000
136846  14.607  -54.210  -10.739 0.8999999762
136942  12.545  -61.735  -17.374 1.0000000000
137092  20.319  -79.189  -34.024 0.6999999881
137205  13.445  -61.087  -3.518 1.0000000000
137261  12.385  -72.308  -30.122 0.6999999881
137364  16.788  -80.871  -21.966 1.0000000000
137480  14.589  -64.048  -21.322 1.0000000000
137530  9.489  -62.091  -21.632 1.0000000000
137542  27.354  -55.816  -12.510 1.0000000000
137639  8.627  -65.618  -7.151 0.6999999881
137711  27.043  -75.641  -20.961 1.0000000000
137750  21.160  -53.320  -10.360 0.8999999762
137852  12.536  -72.314  -32.224 0.5000000000
137936  17.999  -46.966  -14.193 1.0000000000
138055  20.955  -49.667  -14.409 0.8000000119
138137  18.125  -60.969  -16.753 1.0000000000
138310  25.994  -83.341  -21.554 0.6000000238
138404  18.070  -51.887  -16.832 1.0000000000
138482  16.382  -49.871  -16.626 1.0000000000
138489  17.310  -65.595  -17.705 1.0000000000
138552  27.745  -51.527  -14.556 0.6000000238
138766  22.660  -53.280  -12.262 0.8999999762
138944  22.910  -60.737  -10.664 1.0000000000
139109  8.235  -58.398  -6.510 0.6999999881
139130  12.455  -66.202  -17.314 1.0000000000
139353  27.910  -45.342  -18.018 1.0000000000
139358  8.535  -52.276  -10.483 0.8999999762
139472  32.596  -73.715  -34.176 0.5000000000
139495  22.374  -47.612  -18.155 1.0000000000
139496  15.925  -62.713  -19.449 1.0000000000
139499  12.204  -75.483  -22.121 1.0000000000
139658  25.058  -82.628  -24.665 1.0000000000
139669  29.784  -50.204  -18.460 1.0000000000
