global_signal	global_signal_derivative1	global_signal_derivative1_power2	global_signal_power2	csf	csf_derivative1	csf_power2	csf_derivative1_power2	white_matter	white_matter_derivative1	white_matter_derivative1_power2	white_matter_power2	csf_wm	tcompcor	std_dvars	dvars	framewise_displacement	rmsd	t_comp_cor_00	t_comp_cor_01	t_comp_cor_02	t_comp_cor_03	t_comp_cor_04	t_comp_cor_05	c_comp_cor_00	c_comp_cor_01	c_comp_cor_02	c_comp_cor_03	c_comp_cor_04	c_comp_cor_05	c_comp_cor_06	c_comp_cor_07	w_comp_cor_00	w_comp_cor_01	w_comp_cor_02	w_comp_cor_03	w_comp_cor_04	w_comp_cor_05	w_comp_cor_06	w_comp_cor_07	w_comp_cor_08	w_comp_cor_09	w_comp_cor_10	w_comp_cor_11	w_comp_cor_12	w_comp_cor_13	w_comp_cor_14	w_comp_cor_15	w_comp_cor_16	w_comp_cor_17	w_comp_cor_18	w_comp_cor_19	w_comp_cor_20	w_comp_cor_21	w_comp_cor_22	w_comp_cor_23	w_comp_cor_24	w_comp_cor_25	w_comp_cor_26	w_comp_cor_27	w_comp_cor_28	w_comp_cor_29	w_comp_cor_30	w_comp_cor_31	w_comp_cor_32	w_comp_cor_33	w_comp_cor_34	w_comp_cor_35	w_comp_cor_36	w_comp_cor_37	w_comp_cor_38	w_comp_cor_39	w_comp_cor_40	w_comp_cor_41	w_comp_cor_42	w_comp_cor_43	w_comp_cor_44	w_comp_cor_45	w_comp_cor_46	w_comp_cor_47	w_comp_cor_48	w_comp_cor_49	w_comp_cor_50	w_comp_cor_51	w_comp_cor_52	w_comp_cor_53	w_comp_cor_54	w_comp_cor_55	w_comp_cor_56	w_comp_cor_57	w_comp_cor_58	w_comp_cor_59	a_comp_cor_00	a_comp_cor_01	a_comp_cor_02	a_comp_cor_03	a_comp_cor_04	a_comp_cor_05	a_comp_cor_06	a_comp_cor_07	a_comp_cor_08	a_comp_cor_09	a_comp_cor_10	a_comp_cor_11	a_comp_cor_12	a_comp_cor_13	a_comp_cor_14	a_comp_cor_15	a_comp_cor_16	a_comp_cor_17	a_comp_cor_18	a_comp_cor_19	a_comp_cor_20	a_comp_cor_21	a_comp_cor_22	a_comp_cor_23	a_comp_cor_24	a_comp_cor_25	a_comp_cor_26	a_comp_cor_27	a_comp_cor_28	a_comp_cor_29	a_comp_cor_30	a_comp_cor_31	a_comp_cor_32	a_comp_cor_33	a_comp_cor_34	a_comp_cor_35	a_comp_cor_36	a_comp_cor_37	a_comp_cor_38	a_comp_cor_39	a_comp_cor_40	a_comp_cor_41	a_comp_cor_42	a_comp_cor_43	a_comp_cor_44	a_comp_cor_45	a_comp_cor_46	a_comp_cor_47	a_comp_cor_48	a_comp_cor_49	a_comp_cor_50	a_comp_cor_51	a_comp_cor_52	a_comp_cor_53	a_comp_cor_54	a_comp_cor_55	a_comp_cor_56	a_comp_cor_57	a_comp_cor_58	a_comp_cor_59	edge_comp_00	edge_comp_01	edge_comp_02	edge_comp_03	edge_comp_04	edge_comp_05	edge_comp_06	edge_comp_07	edge_comp_08	edge_comp_09	edge_comp_10	edge_comp_11	edge_comp_12	edge_comp_13	edge_comp_14	edge_comp_15	edge_comp_16	edge_comp_17	edge_comp_18	edge_comp_19	edge_comp_20	edge_comp_21	edge_comp_22	edge_comp_23	cosine00	cosine01	cosine02	cosine03	cosine04	trans_x	trans_x_derivative1	trans_x_power2	trans_x_derivative1_power2	trans_y	trans_y_derivative1	trans_y_derivative1_power2	trans_y_power2	trans_z	trans_z_derivative1	trans_z_derivative1_power2	trans_z_power2	rot_x	rot_x_derivative1	rot_x_power2	rot_x_derivative1_power2	rot_y	rot_y_derivative1	rot_y_derivative1_power2	rot_y_power2	rot_z	rot_z_derivative1	rot_z_power2	rot_z_derivative1_power2	motion_outlier00	motion_outlier01	motion_outlier02	motion_outlier03	motion_outlier04	motion_outlier05	motion_outlier06	motion_outlier07	motion_outlier08	motion_outlier09	motion_outlier10	motion_outlier11	motion_outlier12	motion_outlier13	motion_outlier14	motion_outlier15	motion_outlier16	motion_outlier17	motion_outlier18	motion_outlier19	motion_outlier20	motion_outlier21	motion_outlier22	motion_outlier23	motion_outlier24	motion_outlier25	motion_outlier26	motion_outlier27	motion_outlier28	motion_outlier29	motion_outlier30	motion_outlier31	motion_outlier32	motion_outlier33	motion_outlier34
1097.4045043343135	n/a	n/a	1204296.6461332403	1132.094653148816	n/a	1281638.3036881378	n/a	1071.5472829666105	n/a	n/a	1148213.579633125	1076.334760078753	1033.524256889455	n/a	n/a	n/a	n/a	-0.0296143082	-0.0903056778	-0.034423002	0.0414797739	-0.0048211979	0.0157194066	-0.0995237403	-0.0411464749	0.0528902877	-0.1416069631	0.0764016503	-0.0575629326	0.0349309553	-0.028052153	0.0357430455	-0.0060424418	0.154765745	-0.1453758713	0.1206671823	-0.1444811377	0.1342269272	-0.0367626035	0.1264488632	-0.0351081846	0.0791922634	-0.0320289652	0.1123478603	-0.0132077974	0.0296286609	-0.0457487603	0.0605848762	-0.0278624148	0.0395099948	-0.0430921865	0.0541409251	-0.0428038137	0.0524548689	-0.0925389166	0.0001658184	0.021180096	-0.0802927182	0.0910291565	-0.1396383844	0.0191374017	-0.0331297395	-0.0015844759	0.122578508	0.0182646549	-0.0850723836	-0.0131930696	0.0826721793	0.0371528635	-0.053915752	-0.0705438508	0.1092378403	-0.0220594182	-0.0249336069	-0.1273262547	-0.03394075	0.0812752245	0.1569066533	-0.1659061491	-0.1017938904	-0.0197920311	0.0616042062	0.020978453	0.0539112665	-0.0692937245	-0.0607582612	0.0236631864	0.0104911216	0.0352288763	0.1453636746	-0.0020827457	0.0628699458	-0.0132098957	0.1346867996	-0.0105271722	0.1890158941	0.0369167817	-0.1694698972	0.0797547771	-0.1967515075	0.0347749353	-0.0067046591	-0.0584478191	0.061655847	-0.0608120637	0.0261713135	-0.0775654476	0.0036403742	-0.0156048986	0.0022121577	-0.0342216849	0.048535213	-0.0260841986	0.1111263772	-0.0052115262	0.0351185335	-0.0596451271	0.0638200609	0.0053320237	-0.1321694251	0.0412821107	-0.0149292553	0.0346219617	0.0862232157	-0.0205281478	-0.0357903408	0.063568075	0.1468549175	-0.0867654678	-0.1162240069	0.1191005855	0.0167067997	-0.0011767676	-0.0441968668	-0.0046985443	0.1518723678	0.1482506925	-0.0091038025	-0.137631753	0.0383469663	0.0144592544	0.0183010077	0.0465692178	-0.0874688089	-0.0110224395	-0.0925140033	0.0163874321	0.0966791716	0.0993545775	-0.0882254637	-0.1186737723	-0.1518928408	0.1413970794	-0.0134145058	0.0308330314	-0.1277566017	0.0111452615	-0.0589326034	0.1413028424	-0.0535814732	0.1986623448	-0.0947799429	0.0494160728	-0.0607204498	0.0790074807	-0.2047240595	0.0424065241	-0.0016535937	0.0040282658	-0.029720318	0.1601855183	-0.0702756576	0.0151389009	-0.0106625242	-0.0912166136	0.1111058879	0.1110902189	0.1110641056	0.1110275503	0.1109805565	-0.0365818252564196	n/a	0.0013382299390912	n/a	0.001226163535307	n/a	n/a	1.5034770153165608e-06	-0.0288765856465147	n/a	n/a	0.0008338571986004	0.0035880456368376	n/a	1.2874071492029337e-05	n/a	-0.0003520827096787	n/a	n/a	1.2396223445469577e-07	0.0002331323134918	n/a	5.435067559403892e-08	n/a	0.0	0.0	0.0	0.0	0.0	0.0	0.0	0.0	0.0	0.0	0.0	0.0	0.0	0.0	0.0	0.0	0.0	0.0	0.0	0.0	0.0	0.0	0.0	0.0	0.0	0.0	0.0	0.0	0.0	0.0	0.0	0.0	0.0	0.0	0.0
1098.184029141114	0.7795248068005094	0.6076589244173715	1206008.1618606113	1122.6059699374591	-9.488683211356827	1260244.1637392233	90.03510908548495	1073.294985720333	1.7477027537224783	3.0544649153691346	1151962.1263724098	1078.1107921216817	1040.014658128034	1.307507	25.992641	0.0912591987307255	0.0482149623664841	0.0191658433	0.0653062324	-0.112839931	-0.1104669807	-0.0424705111	-0.0811592012	-0.0538937034	0.101365703	-0.0222102094	-0.0747025118	0.0692500295	-0.0475126064	0.0525685343	0.0906450667	-0.0333407743	-0.038277644	0.0985200879	-0.1151916218	0.1810534107	-0.1041473825	0.1240425054	0.0131633098	0.0200335829	0.084600161	0.0336390907	0.0303386672	0.0357051546	-0.0722943202	-0.0521651427	-0.037028571	0.0938689822	0.0946483603	0.1560081697	-0.0370563775	-0.005447949	0.0370637859	0.0010414932	0.0328525491	0.0915859736	0.0074819117	-0.0209708801	0.1547998449	-0.045929639	0.040930707	-0.0993586361	-0.1246064698	0.0510344477	0.1059550879	0.0760939365	0.0590588024	-0.0084674735	-0.0755001492	-0.0210663496	0.0393481642	-0.1148600866	0.0418951593	0.0637140099	-0.1033885509	0.040967299	0.0351494484	-0.0624541638	-0.1349931736	-0.0144808718	0.0379704465	0.0552962838	-0.0252637126	-0.0167499781	0.040147952	0.0575683653	0.0030949143	-0.0133180161	-0.1853385273	0.0066065432	-0.0789881833	-0.004143031	-0.0431114009	0.0253811655	-0.091709263	0.2081191625	-0.0482766022	-0.0862508754	0.1126509807	-0.1024118157	-0.0621706736	-0.0163923443	-0.0036831486	-0.0164764786	-0.0666712571	0.0799985983	-0.0488019979	0.0894237012	-0.0082567636	0.1588233358	-0.0459828497	0.0729149332	-0.0917334164	-0.0182372823	0.0723217336	0.0181619281	-0.0367131591	0.0841249701	0.073035776	-0.0296305941	0.0311658973	-0.0798629816	0.1556924347	0.0408206889	-0.1305540425	0.0117490777	0.0451922785	-0.0586697343	-0.0043359234	0.0267354232	-0.1175165262	-0.0074903006	0.028019699	-0.0370611836	0.1402081251	0.0682274677	-0.0067921186	-0.0815547553	-0.0981227576	-0.0291522957	0.0906316812	-0.0087712821	-0.0387079244	-0.0605165511	-0.0400990675	0.0873988588	-0.0253388058	-0.0678884794	-0.0737363052	-0.0578938553	0.0340416046	-0.1147411748	0.1363268865	-0.0848712105	-0.1143783664	-0.0023575041	-2.85836e-05	0.0328442253	0.1171709397	-0.0216999602	0.1383692011	-0.0455042428	-0.0121935934	-0.1209501552	0.085061674	-0.1766785783	0.0136431	-0.0203989911	0.1148159895	-0.0043201552	0.1583470144	-0.1125875558	0.0011713948	-0.1034829417	-0.0915099122	0.1110641056	0.1109231287	0.1106882998	0.1103598175	0.1099379598	-0.0359839968275679	0.0005978284288516	0.0012948480276864	3.573988303432908e-07	-0.0370749114015609	-0.0383010749368679	0.0014669723413195	0.0013745490554335	-0.0058239182168335	0.0230526674296812	0.0005314254756234	3.3918023396365096e-05	0.003426007739562	-0.0001620378972755	1.1737529031538726e-05	2.6256280153497772e-08	-0.0005449986433236	-0.0001929159336449	3.7216557454083454e-08	2.970235212245646e-07	1.93358570580544e-06	-0.0002311987277859	3.738753681695122e-12	5.3452851729862414e-08	0.0	0.0	0.0	0.0	0.0	0.0	0.0	0.0	0.0	0.0	0.0	0.0	0.0	0.0	0.0	0.0	0.0	0.0	0.0	0.0	0.0	0.0	0.0	0.0	0.0	0.0	0.0	0.0	0.0	0.0	0.0	0.0	0.0	0.0	0.0
1097.6891635570153	-0.4948655840987612	0.2448919463254081	1204921.4997905	1141.4117315550702	18.805761617611097	1302820.7409315438	353.6566700184148	1072.594289146492	-0.7006965738410145	0.4909756885925362	1150458.5091096684	1077.7911435330402	1069.2418262582642	1.336163	26.562294	0.070930326864686	0.0379309217503378	-0.1534866136	0.028601397	0.0315347379	0.0304899564	-0.0444339358	-0.0207836549	-0.0934896138	-0.1031292307	-0.053250642	0.0041107232	0.0925816541	-0.1124892334	0.0356332536	0.0280899106	-0.0250085515	-0.1097456491	0.202730524	-0.0876297523	0.1463732358	-0.1487925552	0.0359381358	0.0212941289	0.0366319937	0.0189919561	0.1328401072	0.0580299069	-0.0182205942	0.0277255505	0.0375130303	-0.1011736694	-0.0169969138	0.0557472872	-0.0318182526	-0.062241507	-0.0371454176	-0.0129226389	0.002712752	-0.0025879606	-0.0293575827	-0.086678247	0.026343768	-0.0712316727	0.1461552019	-0.1174535251	0.075593709	0.067531065	0.010081381	0.0701234374	0.1407183164	-0.0096739291	-0.1419047687	-0.008724344	0.1406336878	-0.0480359354	-0.0200306152	0.1326557769	-0.0375983524	0.0591874211	0.06211511	-0.012876478	0.0552882836	0.0497836945	-0.071787186	-0.015695755	0.0775859647	-0.076640752	0.0067243291	-0.0964102025	0.1491954729	-0.0834223593	-0.1145522076	0.0561932437	-0.0896713009	-0.2215629434	0.0530144664	-0.1339296834	0.1523439506	-0.0660260171	0.1502072062	-0.1239993263	-0.1099358639	0.0176570734	-0.1530593286	-0.0119676245	0.0761894229	0.0302091815	-0.0718426339	-0.0173379901	0.0032254963	-0.1043007879	-0.0352577302	0.025883592	-0.0181404315	0.0335332242	0.0576108163	-0.0096440179	-0.0066169815	-0.0827379549	-0.0276787172	-0.0265580588	-0.108286124	0.0511628743	0.1439384931	0.0466790692	0.0682206721	-0.0801415714	-0.0123680851	-0.0732236111	-0.0822726824	0.0422191021	-0.1778881187	0.1473995946	0.0556232096	0.0070810915	0.1233779046	-0.0075508952	0.018230981	0.0250374991	-0.0261188067	-0.0236117943	0.1937223102	-0.0392851588	0.0069159049	-0.0369589157	-0.0149155751	0.0630428379	-0.1110673784	0.1024302699	0.0801389568	-0.1248266304	-0.0162378343	-0.0724201379	-0.09678204	0.2399473895	-0.1203582198	0.1346272447	-0.0064154781	0.0560152947	0.0625225261	0.0454301525	-0.0348145595	0.0718504085	-0.109045188	0.1796714458	-0.0973141649	0.0189936002	-0.0683692877	-0.0225590939	-0.1704218435	0.0310278314	-0.056110442	0.1419205939	-0.0079287856	0.1480431434	-0.0159291702	0.0135075941	-0.0339604524	0.0119431023	0.1109805565	0.1105891995	0.1099379598	0.1090283678	0.1078625611	-0.0412569996141627	-0.0052730027865948	0.001702140017163	2.7804558387436543e-05	-0.0050885105590197	0.0319864008425411	0.0010231298388597	2.5892939709254986e-05	-0.0171061514806893	-0.0112822332638558	0.00012728878742	0.0002926204184802	0.003097005953011	-0.000329001786551	9.591445872985572e-06	1.0824217555374997e-07	-0.0004269990060443	0.0001179996372793	1.3923914398046368e-08	1.8232815116282012e-07	1.1612101022207349e-06	-7.723756035847051e-07	1.3484089014994897e-12	5.965640730128375e-13	0.0	0.0	0.0	0.0	0.0	0.0	0.0	0.0	0.0	0.0	0.0	0.0	0.0	0.0	0.0	0.0	0.0	0.0	0.0	0.0	0.0	0.0	0.0	0.0	0.0	0.0	0.0	0.0	0.0	0.0	0.0	0.0	0.0	0.0	0.0
1095.5544474451422	-2.134716111873104	4.557012878290622	1200239.5473168308	1126.955858851716	-14.455872703354316	1270029.5078002086	208.97225561558443	1072.3930954116606	-0.2011937348313495	0.0404789189353873	1150026.951086603	1077.3799790910437	1033.030809442417	1.472438	29.271393	0.0669217068941008	0.0345868901451723	-0.0114144751	-0.1111778409	-0.103429636	0.057925672	0.0149083609	-0.0515322131	-0.0834070144	0.0091127018	0.0469306604	-0.1017365625	0.054851237	0.0179601661	0.0312002266	-0.0045290108	-0.0339766006	-0.1284014576	0.1480811595	0.0137604911	0.1189970752	-0.0438654756	0.0403645156	-0.1932917504	-0.0452526928	0.0944326717	0.0081071463	0.0147788889	-0.0067820299	-0.0091345554	0.0477833193	0.0481590776	0.0018288556	-0.0088065607	-0.0731207779	-0.0818731859	0.0978785321	0.050678913	0.009131478	-0.1665359218	-0.0348043827	-0.0263020906	-0.0332092268	-0.0869277133	-0.0916486086	0.1056193213	-0.0265817043	0.0795806054	-0.1347474406	0.0739771656	-0.0267442489	0.0452034024	-0.0116996754	0.0909874077	0.0338995145	-0.0335312378	0.0657551237	-0.0290186707	-0.0958039839	-0.1613179015	-0.0800625142	0.0164898064	-0.0041371095	0.0722749136	0.1016685564	-0.039198463	-0.1091047178	0.0444623499	-0.0442331263	-0.0411285131	-0.0220004538	-0.0706882597	-0.0146387547	0.0073519737	-0.1121625417	0.0760172188	0.0333817751	-0.1390994091	0.0581690487	-0.1448765937	0.0933278703	0.1025412891	-0.1287722322	-0.026325805	-0.0222867764	-0.1450712299	0.0431813215	0.0534349756	0.0100166023	0.0589793668	0.0141542116	0.0140271248	0.0285188495	0.0580435775	-0.0858563126	-0.0837259288	0.0157276017	-0.0701550233	0.0598236829	-0.122105252	0.0575718143	-0.0354186653	-0.0482166666	-0.0775510008	-0.1211854926	-0.0927033062	-0.0924218519	-0.1324475344	-0.0599556432	0.0119410653	-0.0232419969	0.0395834405	0.0127341669	0.0539922119	-0.0880703119	0.0499386839	-0.0034254197	-0.0443282863	0.1357958499	0.0422799149	0.0313163227	0.068585792	-0.1094231635	0.1401893941	0.0535754706	-0.1001294363	-0.0144202544	-0.0493314003	0.0742739205	0.0405293581	-0.0355949833	-0.0855836548	-0.0381232015	-0.0689007156	-0.0305726499	-0.037446531	-0.0482229604	0.1361209092	0.0950030945	-0.1186762482	-0.0829189429	0.0396841951	0.0095778211	0.016968251	0.0016573444	0.1700993505	-0.0904690447	0.095673269	-0.0359410774	-0.0136600695	-0.070971399	-0.0889039362	0.0459324272	0.1562768394	-0.033945638	-0.0136055436	0.0491196078	-0.0181299773	-0.1191551999	-0.1046636772	0.1108552722	0.1100889337	0.1088156246	0.1070412087	0.1047738574	-0.029567151531836	0.0116898480823267	0.0008742164497065	0.0001366525481878	0.0025974307668406	0.0076859413258603	5.90736940645672e-05	6.746646588530148e-06	0.0116116967060406	0.0287178481867299	0.000824714804476	0.000134831500393	0.0031110302743181	1.4024321307099918e-05	9.678509367723752e-06	1.9668158812477678e-10	-0.0002562004263657	0.0001707985796786	2.9172154820227072e-08	6.563865846996649e-08	0.0001928996951002	0.0001917384849979	3.721029236975013e-08	3.676364662932032e-08	0.0	0.0	0.0	0.0	0.0	0.0	0.0	0.0	0.0	0.0	0.0	0.0	0.0	0.0	0.0	0.0	0.0	0.0	0.0	0.0	0.0	0.0	0.0	0.0	0.0	0.0	0.0	0.0	0.0	0.0	0.0	0.0	0.0	0.0	0.0
1096.038381181873	0.4839337367309326	0.2341918615463636	1201300.133023781	1126.7008887079332	-0.254970143782657	1269454.8926152466	0.0650097742205488	1071.0908542696716	-1.3022411419890432	1.6958319918889273	1147235.618100135	1075.9008923365786	1045.516470473092	1.406821	27.966946	0.0953489978989506	0.0509769507718331	-0.0897291979	0.1124356502	-0.0969977169	0.0387136971	0.0779050691	0.0175176703	-0.1177340502	0.0449150692	-0.0746984718	0.0678857869	0.0729163968	0.0541184846	-0.1349564238	0.0033710995	0.0810097446	-0.0908594203	0.1210959777	0.091446887	0.031635707	0.0229127132	0.0332008166	0.1295712266	0.0208218934	-0.0574731463	-0.0246946874	0.0633451561	-0.0769519682	0.0123069383	-0.0356157589	-0.0385596776	-0.0142676719	-0.0421677917	-0.0404566774	-0.0412042382	0.0641464261	0.0369770607	-0.0157167952	0.0593282647	-0.0446346413	0.0266460224	0.0156345096	-0.0024918667	-0.0295217169	-0.0814102136	0.1378574537	0.0538165886	0.0778092892	-0.0575407219	0.0508809335	-0.0049700682	0.1724277463	0.0831150133	-0.0833977193	0.1897667717	-0.0496097972	-0.0514044457	-0.1079925151	-0.0381357135	-0.0414476084	0.1082303262	-0.1312758871	0.0387384272	0.1488383002	-0.0241890113	-0.0639485231	0.1454629157	-0.0590195244	0.219029846	-0.0868998034	-0.0979850129	-0.0513863521	-0.0504990314	0.0595427845	-0.0265940485	0.1160567982	-0.0503853733	0.0466495102	-0.1330720063	-0.0226881041	-0.0566009511	0.0877745297	0.0639267981	-0.0207020349	0.0835466517	-0.028910328	0.0535130327	-0.0774305781	-0.0128021782	-0.042727021	-0.0178472789	-0.0065124414	-0.0470697338	-0.0532700949	-0.0852422769	-0.019438281	-0.0100803616	-0.0250652443	0.0086413201	-0.0271826087	0.0565837205	0.0314633764	0.0032039978	-0.0187422741	0.0565924235	0.1813319951	-0.1094050776	0.0515083334	0.0409811884	0.0540351638	-0.0962264418	-0.0330546859	-0.1638223491	-0.0724034913	-0.1380361279	-0.1477661183	-0.0701974853	0.1057297697	0.0152366734	-0.047530167	0.0673690838	-0.1149483297	0.0390272189	-6.92119e-05	-0.0372195244	0.0102807735	-0.0389879863	0.2001528585	-0.1712631831	-0.0473319492	0.0280280223	0.0075979615	-0.1339281061	0.0811534437	0.0342774558	0.0283415175	0.1346217889	-0.1008601785	-0.0736462604	0.0930137311	0.0809347279	-0.0059514124	0.0447063442	0.0372591964	-0.0073210994	-0.0564684662	0.0770988265	0.0236617145	-0.0504143717	-0.0469420195	-0.055415835	0.0427953243	-0.0248876107	-0.0462839858	-0.1192278488	-0.0344323509	-0.0263842257	0.0587020765	-0.1002480118	0.1106882998	0.1094230837	0.1073250918	0.1044102912	0.1007008652	-0.0284757585201305	0.0010913930117054	0.0008108688232967	1.1911387059995957e-06	-0.0267939811857758	-0.0293914119526163	0.0008638550965684	0.0007179174277837	0.0249894267899435	0.0133777300839029	0.0001789636621977	0.0006244714512899	0.0023980028229159	-0.0007130274514021	5.750417538712626e-06	5.084081464531162e-07	-0.0003809993555896	-0.0001247989292239	1.5574772735432e-08	1.451605089596905e-07	9.568187117829207e-07	-0.0001919428763884	9.15502047217928e-13	3.6842067796259163e-08	0.0	0.0	0.0	0.0	0.0	0.0	0.0	0.0	0.0	0.0	0.0	0.0	0.0	0.0	0.0	0.0	0.0	0.0	0.0	0.0	0.0	0.0	0.0	0.0	0.0	0.0	0.0	0.0	0.0	0.0	0.0	0.0	0.0	0.0	0.0
1094.3716901593586	-1.666691022514442	2.7778589645302363	1197649.3962222512	1131.6097296898922	4.908840981958974	1280540.580328831	24.096719786159948	1070.950902719624	-0.139951550047499	0.0195864363606976	1146935.8360359778	1076.0552331495076	1036.8543263199092	1.508039	29.979118	0.0618013968086387	0.0282316939237658	-0.1004615951	-0.1539141886	-0.0561485503	0.0342980338	0.051722107	-0.0642047722	-0.1341139998	-0.0391453496	-0.0027850568	-0.1354420468	-0.0068302747	0.0204298169	0.0063269185	-0.0188339482	0.0700305759	-0.0497135555	0.0775267006	-0.0126134329	-0.036235304	-0.0286401929	0.0595016995	-0.0615400564	-0.0132433863	0.0333160114	-0.0810578369	-0.0171184166	-0.0240118766	0.1531573852	0.002831516	0.1716562394	0.0396678872	0.0422125342	-0.065486682	-0.0184567726	0.0016705212	-0.0032799251	-0.0973361344	0.0637757538	-0.021164196	0.0060830653	0.0438751483	0.0840930143	0.0229658766	-0.005970627	-0.0414684884	0.0580519847	0.0910374862	0.0850948518	-0.0661796209	0.0549716801	0.0334533655	-0.1343681756	-0.1539540558	-0.0946412124	-0.0190022511	-0.1800988246	0.0827405613	0.1655926263	0.030747507	-0.009832901	0.1407685558	-0.0254906398	0.0313778935	0.1012981091	-0.0804470777	-0.0434103441	-0.0084070331	0.0933451105	0.1096910538	0.0211180884	0.042292121	-0.0092441673	-0.0272465526	0.0065551419	0.1012823505	-0.0351596868	0.0696510402	0.0140966275	0.0130480542	0.0613758416	-0.0463940185	0.0309947666	0.0054442259	-0.0533538558	-0.0235792259	0.0629107533	0.090108593	0.1128658875	-0.1349571067	0.0524893725	0.0849941933	0.0588576265	-0.0107766982	-0.0515012816	-0.020728285	0.0951135239	-0.0912838781	0.002985579	-0.0192757879	0.0382773893	0.0633040513	0.0820682404	0.0125180936	0.0250526062	-0.051991474	-0.0019019061	0.0721581463	-0.1225387719	0.0154293487	0.0556524455	0.1232007532	-0.0868012821	0.1215214493	0.0462085088	0.0285555979	0.0979470596	-0.1245571548	-0.1937745986	-0.0167581493	0.0111276292	-0.0013427335	0.0763548348	-0.1919193687	0.1044650334	-0.0193383013	-0.0741437631	0.0378832988	-0.0657747557	0.0768850242	-0.0644822964	-0.0054189544	0.040048105	-0.0140035738	-0.0136462066	0.0219482424	0.1358807007	0.063910066	0.0698537426	-0.0983678792	0.032568373	0.0555872659	-0.0085981962	-0.0125820105	0.0123776856	-0.1178856881	0.0484288662	-0.0855234147	0.0517980051	-0.0307084268	0.0043223659	0.0901777621	-0.0530741331	-0.0228236834	-0.1214012254	-0.0637594484	-0.012446402	0.0241178119	-0.0060249446	0.110479702	0.1085926509	0.1054714048	0.1011514379	0.095681848	-0.0388308840422553	-0.0103551255221247	0.001507837555503	0.0001072286245789	-0.0061291791449349	0.0206648020408409	0.0004270340433871	3.756683699070491e-05	0.0200685470991146	-0.0049208796908289	2.4215056931612336e-05	0.0004027465826693	0.0022054490655474	-0.0001925537573685	4.8640055807239e-06	3.707694947672725e-08	-0.0004887390862331	-0.0001077397306434	1.1607849559133922e-08	2.388658944119655e-07	-0.0002159614843731	-0.0002169183030848	4.6639362732632725e-08	4.7053550213225134e-08	1.0	0.0	0.0	0.0	0.0	0.0	0.0	0.0	0.0	0.0	0.0	0.0	0.0	0.0	0.0	0.0	0.0	0.0	0.0	0.0	0.0	0.0	0.0	0.0	0.0	0.0	0.0	0.0	0.0	0.0	0.0	0.0	0.0	0.0	0.0
1095.1410422860326	0.7693521266739936	0.5919026948177967	1199333.902499338	1114.6274835548072	-16.982246135085006	1242394.427095722	288.3966837926096	1070.420170784568	-0.5307319350561102	0.2816763868884031	1145799.3420224637	1075.2593175150005	1025.5750142795546	1.574419	31.298725	0.0489052749893388	0.0260776157659532	-0.0066114929	0.0711337719	-0.1720001029	-0.1014548844	-0.1053959604	0.0301895184	-0.0968684948	0.1377261197	-0.007521942	0.0256238792	-0.0685131796	0.0063433399	0.0543455149	0.0231274883	0.1220013607	-0.0258007731	-0.004106558	0.0286529656	0.0376293764	0.0344021224	0.1015330443	-0.0834259573	-0.0884867137	-0.1038112166	-0.1319109912	0.0737250688	-0.0476915328	0.1061262539	-0.0643210066	0.0860607659	-0.1475706341	0.1415338394	-0.033595711	-0.0199620411	0.0354600134	-0.0888799085	0.0403549633	0.003017851	-0.060203325	-0.0533389401	-0.0188544346	0.0425595216	-0.0095586165	0.0726104644	-0.0841223326	-0.0634933638	-0.0306116486	-0.0860197556	0.0555822031	-0.020844985	-0.0025913937	-0.0110494175	-0.0269866661	0.1310259177	-0.1434634376	0.0519841954	0.1245448051	-0.0572973997	0.030074023	-0.068944932	0.0270171094	0.0273903505	-0.1115960184	0.0024834517	-0.0439213888	0.1078454378	0.0007897072	-0.212406067	-0.1208557537	-0.0102014851	0.1877068914	-0.0355832882	0.1417713943	0.160085531	0.1071556983	0.0458932978	-0.0550355652	-0.0818511856	0.0224995818	0.0715784762	0.0036857141	0.1057908773	0.0884771513	0.0541900317	0.0028866681	0.1560332396	-0.0083084773	-0.0175022102	-0.1459625278	0.1058399425	-0.0113499622	0.2105835753	0.0052971062	-0.0077139593	0.0222533939	0.0664085603	0.0332073	-0.0430752743	-0.0704692967	-0.0491815588	-0.0429825512	0.0322524058	-0.0155174518	-0.0295740398	-0.0698158866	0.0860925378	0.023174681	0.0681140399	0.0470660867	-0.0773206524	-0.0715675088	0.0217679704	0.037027497	-0.1425388254	-0.0782165187	0.0684408959	-0.043066379	0.0252093369	0.1417665704	-0.0621811751	-0.0013853181	-0.0384808035	0.0763948936	0.0079552018	0.0888883833	0.0418779507	0.0750131072	0.23173139	-0.1027571439	0.0405509093	-0.0390895843	0.1276214992	0.0826628168	-0.1821018595	0.0714553708	0.0866063577	-0.0345380844	-0.1241957922	0.0710324931	-0.0991120605	-0.0032435944	0.0411375971	-0.0674576913	-0.0340218682	0.0714527618	0.0007601593	0.0232528646	0.0228245946	0.0568188396	0.0448468582	-0.0488809235	-0.0515348882	0.0190957351	-0.0253229694	-0.0455833884	0.0231394666	0.091519067	0.0620561687	0.1102295573	0.1075988845	0.103260836	0.0972842479	0.0897639565	-0.0307367788025629	0.0080941052396923	0.0009447495711576	6.551453963121594e-05	-0.0236875262834246	-0.0175583471384897	0.0003082955542357	0.0005610989014279	0.0213735544773214	0.0013050073782067	1.7030442571741849e-06	0.000456828830995	0.0018924705437891	-0.0003129785217583	3.581444759109412e-06	9.795555508201065e-08	-0.0004366352475722	5.210383866089996e-05	2.714810003201093e-09	1.9065033942243642e-07	-0.0001420875401333	7.38739442398e-05	2.0188869061132142e-08	5.4573596375450805e-09	0.0	1.0	0.0	0.0	0.0	0.0	0.0	0.0	0.0	0.0	0.0	0.0	0.0	0.0	0.0	0.0	0.0	0.0	0.0	0.0	0.0	0.0	0.0	0.0	0.0	0.0	0.0	0.0	0.0	0.0	0.0	0.0	0.0	0.0	0.0
1099.089821595078	3.948779309045449	15.592858031545452	1207998.4359339003	1122.0108490429968	7.383365488189611	1258908.3453701865	54.51408593218941	1072.2073179663682	1.7871471818002649	3.193895049416628	1149628.5327006327	1077.0301899170202	1046.189865261155	1.435243	28.531965	0.0891890706491641	0.0441917995565607	-0.064049969	0.0019554997	-0.002236678	0.0294453979	0.0986467306	0.0919171345	-0.0558817963	0.0500253327	-0.0158513471	0.1343021045	-0.0055656323	-0.019919349	-0.1181398544	-0.0646866642	-0.0088587941	0.0429540404	0.0548007669	-0.0382068334	-0.0376201467	-0.1247035905	-0.0298214126	4.9154e-06	0.0267352342	-0.0229546018	-0.0438498824	-0.064373012	0.0565178457	-0.0711623278	-0.1057186985	0.0208692309	-0.0664076597	-0.0284263109	0.1089350334	-0.0474123369	-0.0516244787	0.0087046423	0.1103664425	0.1318758138	-0.0294139017	0.0636195729	0.0779155464	-0.0988222354	0.1276116067	0.1634256141	0.013176511	0.0353383022	0.069335262	-0.0814816693	-0.1059792609	0.0122056636	-0.0183080771	-0.0721130573	0.0482816159	-0.1191178592	-0.0559165627	0.0174666421	0.0825949641	0.0584328895	-0.0804809585	-0.0386938456	-0.1081021316	-0.1289034327	-0.0308356238	-0.1057053513	-0.1191664154	-0.0435555813	0.1227134188	0.0423849621	-0.016056215	0.1069377102	-0.0897376486	-0.1021720931	-0.0525999007	0.0878198724	-0.0133960722	0.0320394321	0.0610365587	-0.005750352	0.0221062042	-0.0747881719	-0.1195801478	0.0068531259	0.0687472403	0.0232891461	-0.06520835	-0.1019777486	0.0244294743	-0.0741099959	0.0178740834	0.113047557	-0.0537880235	-0.016799778	0.0404861816	0.0312934194	0.0627390579	-0.0504358577	0.0008620093	0.1130433846	-0.1226058899	0.0940709738	-0.035155714	-0.0448091756	0.1167529042	-0.2013103344	-0.0464221224	-0.020596586	0.1063718423	0.0368514648	0.0517860685	-0.0028727285	0.1087429547	0.006768279	0.0943846966	0.0076363082	0.1117532798	0.0824955276	0.0145356507	-0.0262577502	-0.0785421167	-0.0658847884	-0.0999405384	-0.0470499726	-0.0150471062	-0.0403227908	0.1656692453	0.0087116661	-0.0725398407	-0.0649479301	0.0919065183	0.1530473671	-0.0214774543	-0.0690800066	-0.078281922	0.0253166125	0.0934507891	-0.004386296	0.0976672292	0.0413485556	0.0327539673	0.1002838009	-0.0107413829	0.0466130249	0.0393254374	-0.0585588661	-0.0242387446	-0.0825708766	-0.0423792061	-0.1587953598	0.0945736974	-0.111347126	-0.0771867238	-0.0172492368	0.0315569186	-0.1050102523	0.0784236284	0.0946051035	0.1420916887	0.0121183776	0.1099379598	0.1064432791	0.1007008652	0.092831979	0.0830027857	-0.0272260290439305	0.0035107497586324	0.0007412566575009	1.2325363867737456e-05	-0.0069686015613967	0.0167189247220279	0.0002795224438608	4.856140772150052e-05	0.0018518986915125	-0.0195216557858089	0.0003810950446196	3.42952876362571e-06	0.0011869683873709	-0.0007055021564182	1.4088939526178748e-06	4.977332927107304e-07	-0.0002546442175561	0.0001819910300161	3.3120735006321024e-08	6.484367753475837e-08	-0.0002433491613529	-0.0001012616212195	5.921881433115976e-08	1.0253915932021745e-08	0.0	0.0	0.0	0.0	0.0	0.0	0.0	0.0	0.0	0.0	0.0	0.0	0.0	0.0	0.0	0.0	0.0	0.0	0.0	0.0	0.0	0.0	0.0	0.0	0.0	0.0	0.0	0.0	0.0	0.0	0.0	0.0	0.0	0.0	0.0
1097.8560757631703	-1.233745831907754	1.5221287777497563	1205287.963090108	1138.9982817811992	16.987432738202415	1297317.0859005242	288.5728710349512	1072.2425525826882	0.0352346163199399	0.0012414781872133	1149704.0915690388	1077.421094787458	1031.2219412410582	1.342912	26.696461	0.0818241132536085	0.0395372643870673	-0.0055617144	-0.021953416	-0.0597659365	0.0308516001	-0.096559782	0.0491042431	-0.0594957675	-0.0186380601	-0.1141083791	-0.0549658776	-0.0597032051	0.1211107469	-0.0841551331	-0.0038603958	-0.0053975101	-0.0594955205	0.0659084996	0.0445259385	-0.0649189988	0.0003557315	-0.0982141423	0.0265785491	-0.0579256826	-0.0020398386	-0.0897895223	-0.1055649016	-0.057514518	-0.0030393106	0.0577040244	-0.0637322083	0.0796869095	-0.0280809349	-0.0024708721	0.0755876008	0.1365672212	0.1271739078	0.0021760492	0.1008462999	0.0532727457	0.0637540618	-0.1408858908	-0.0549608181	-0.0652526668	-0.0286440655	0.1594419873	-0.0839893963	-0.0851514647	0.0387849411	-0.0142918913	-0.0952491642	-0.0564683509	-0.1039379427	-0.0538746114	0.0122929856	0.1154070055	-0.0027226382	0.1128868917	0.0293287228	0.0964324315	0.0259295115	0.0162569364	-0.1330324312	-0.0347662165	0.0073393498	-0.0821827645	0.0966498322	-0.0548038279	-0.2106419111	0.0174584969	-0.024860235	0.1227263353	0.1190589247	0.0085841365	0.0378854294	0.0312879401	-0.0796731097	0.0486701003	-0.0323603161	-0.0434819524	0.024526701	0.015641109	-0.0499929427	0.1293683575	0.0475019786	-0.0522635872	-0.0528398817	0.0288103618	0.1088366807	-0.000343717	-0.1028898697	-0.0021647084	-0.0503315736	0.0268407625	-0.1386365849	-0.144770318	-0.0681548074	-0.0506023224	0.1203639338	-0.0528899492	-0.0818705308	0.0770872384	-0.1273480366	-0.0391579148	-0.0269791831	0.1355463732	0.0032923718	-0.1366315474	-0.0281418346	-0.0665478994	-0.0455862479	0.0555799981	0.0618254331	0.0718984739	0.0390551365	0.0351859999	-0.0281374263	-0.1435938039	0.0532866437	0.0056008775	0.046826197	-0.0242636893	-0.1274171282	-0.0532437125	-0.0035374228	0.1097462753	-0.0386975147	0.0702855645	0.2367524471	-0.051837301	-0.0730401173	-0.0166620823	0.0805214418	0.0504536846	-0.0216276856	0.0509436907	0.0363978299	-0.0394753961	-0.0767189297	0.0042963367	-0.0048198246	0.0752088013	-0.0100185567	-0.0113002468	-0.0459484745	0.0445016209	0.0904617529	0.1273831517	-0.0017859513	0.0372622673	-0.0169963357	0.1359764975	-0.0635635847	0.1532458475	-0.0978875151	0.1098094384	-0.0246104804	0.0186816465	0.0789613472	0.1096050192	0.105127573	0.0978001546	0.0878214077	0.0754618528	-0.0286296914976418	-0.0014036624537113	0.0008196592352501	1.9702682839588305e-06	-0.0196483942555829	-0.0126797926941862	0.0001607771427675	0.0003860593968228	0.0213223933809985	0.0194704946894859	0.0003791001634533	0.000454644459494	0.0016904354493082	0.0005034670619373	2.857572008277816e-06	2.534790824557771e-07	-0.0006691658600332	-0.0004145216424771	1.7182819208191277e-07	4.4778294823397226e-07	-0.0001959345974428	4.74145639101e-05	3.8390366475072086e-08	2.2481408707849576e-09	0.0	0.0	0.0	0.0	0.0	0.0	0.0	0.0	0.0	0.0	0.0	0.0	0.0	0.0	0.0	0.0	0.0	0.0	0.0	0.0	0.0	0.0	0.0	0.0	0.0	0.0	0.0	0.0	0.0	0.0	0.0	0.0	0.0	0.0	0.0
1097.2145164204703	-0.6415593427000204	0.4115983902056822	1203879.6950438065	1130.167303827379	-8.830977953820138	1277278.134640447	77.98617162085732	1071.298704231729	-0.9438483509591152	0.890849709608241	1147680.9136885817	1076.4102195688608	1046.2057586601188	1.181142	23.48056	0.0501566944658743	0.0257068548399042	-0.0797655907	0.0372692388	-0.0353073597	0.0629744824	-0.0315687951	0.1146508191	-0.0846572674	-0.0001199253	-0.2086579674	0.0397267067	-0.0641360766	-0.0464801655	-0.0449421683	-0.0419799981	0.0671753339	-0.0181962815	0.0109021246	0.0975045427	-0.0419622669	0.130720338	-0.0347502303	0.1339767267	0.0426388131	-0.0051052378	0.0703981757	-0.0722730775	0.0652733047	-0.0560221506	-0.0473840138	-0.0483091025	0.0033782689	-0.0829721566	0.0656884134	0.0357752504	0.085221477	0.0282253916	-0.0244944946	-0.0249034109	-0.1990767432	0.1598812294	0.0151516942	0.2233426926	0.0153026321	0.0728869985	-0.1053086367	0.0285148171	0.0037640586	-0.1203317003	-0.0296695906	0.0529705937	4.66614e-05	0.1001189955	0.1015971755	0.0754480274	-0.0056687437	0.1092952833	-0.0386800765	0.0738494949	-0.1614138788	-0.0388932528	-0.1081309694	0.2247761245	0.0269073415	-0.0479134357	-0.0290269424	-0.0745925118	0.0019097806	0.0233779093	-0.1028497962	0.0331955621	-0.0049948229	0.0588253035	0.026528643	-0.0463393259	0.0729250944	0.0034970827	0.0202275383	-0.0284487683	-0.0965345027	-0.0345148737	0.154367454	-0.0194842266	-0.034493141	0.0186083704	0.000223685	-0.1203953131	0.0242452543	-0.0615358718	0.0557158925	0.0346230352	-0.0776268605	-0.1089339321	0.0561608615	-0.0540857899	-0.0394238538	-0.0333465278	0.0979407192	-0.166073312	-0.123909365	0.0858388476	0.2044477988	0.0742056809	0.0083510446	-0.0029241915	-0.0761063207	0.0890184856	0.0904733366	0.2061463814	0.1042360499	0.0291703323	-0.0892080135	0.0066570744	-0.0483571646	-0.0562999986	-0.0425868179	-0.0974227903	0.0618943625	-0.0783843458	-0.1127975116	-0.0271568299	0.0115392637	0.1730219087	0.1613551498	-0.0716589406	-0.0285629161	-0.0101729843	-0.0314706164	-0.0150176121	-0.0336833968	0.1203623934	-0.0163533136	0.057969132	0.0267667955	0.0463050517	0.036414964	0.0673455863	0.0436634148	0.0133662692	0.1040614211	-0.0046611456	0.1170984695	-0.1184081256	-0.0442554427	0.0095102232	0.0665379859	-0.0450788859	0.1683209074	-0.1284971963	-0.0642015944	-0.0108506258	0.0515433147	-0.101144194	0.1465420471	-0.111922388	0.0833210342	-0.0728032745	0.1399468319	-0.0553836898	0.1092308605	0.103653745	0.0945685192	0.0822826681	0.0672120005	-0.0288537707050409	-0.000224079207399	0.000832540083899	5.0211491188608846e-08	-0.037703138022465	-0.018054743766882	0.0003259737724877	0.001421526616741	0.0126463530032054	-0.008676040377793	7.52736766370962e-05	0.0001599302442816	0.0019899613506421	0.0002995259013339	3.959946177049331e-06	8.971576556988534e-08	-0.0005566432803443	0.0001125225796889	1.2661330939844865e-08	3.0985174155246295e-07	-0.0001439464561896	5.198814125319999e-05	2.0720582249544436e-08	2.7027668309626744e-09	0.0	0.0	0.0	0.0	0.0	0.0	0.0	0.0	0.0	0.0	0.0	0.0	0.0	0.0	0.0	0.0	0.0	0.0	0.0	0.0	0.0	0.0	0.0	0.0	0.0	0.0	0.0	0.0	0.0	0.0	0.0	0.0	0.0	0.0	0.0
1100.400632261769	3.186115841298715	10.15133415417462	1210881.551482101	1134.7129741745655	4.545670347186388	1287573.533760088	20.66311890528961	1071.7789165087115	0.4802122769824564	0.2306038309646754	1148710.0458725877	1076.554497948148	1025.4527162753784	1.392549	27.683222	0.1270539940479528	0.0662024606223383	0.0341491425	-0.0741353912	-0.0616278542	-0.0102275725	0.0515708848	0.1216838298	0.0101605246	0.0309411466	0.0488348683	-0.0150366653	-0.170407419	0.0463727517	-0.1482374099	0.0553638736	0.045601048	0.0662011504	-0.0746088258	0.0500809557	-0.12661924	0.1353796804	-0.0249848323	0.0094895207	0.0277273988	-0.1331856048	0.0042563135	-0.1526564417	0.0790341192	-0.0068206768	0.0914229799	-0.0176629181	0.0315890524	-0.0375134041	0.0041215405	0.0129006248	0.0409447363	-0.0032986236	0.015810749	0.1088528596	0.0065171015	-0.0210395356	0.0262173836	-0.01120057	0.0111762119	-0.0640153148	0.0984958355	-0.0327229408	0.1048990423	-0.1101103696	-0.0267228797	0.0385188359	-0.1637714127	0.1347952101	0.0483128463	-0.0832580412	-0.0288960457	-0.0145538944	0.2046512721	0.0157992248	-0.2637779854	0.0591761751	-0.1396793749	-0.0540361051	0.0503863758	0.1442848734	0.0560095628	0.0189158305	-0.0564878256	-0.0184889985	-0.1118391757	0.1386510113	0.0996482757	0.0602435618	0.0473876104	0.0648145425	0.0075737882	0.0792244296	-0.0318502417	0.0483714602	-0.1103900208	0.1301501571	0.0960990066	-0.0144845075	0.0565984258	0.1172400026	-0.0069589292	-0.1398052901	0.0930473349	0.0389335786	0.0030104114	-0.0294715975	-0.0873543611	-0.0382255045	-0.0158055399	0.0028755235	-0.034574988	-0.0005230634	0.0012418352	0.1044156427	-0.0674436079	0.0589741012	-0.0627066671	0.003403523	0.024357204	0.0475271866	0.1544205997	0.0198998112	0.1089766067	0.0772912237	0.081060988	0.0348286628	-0.0073995193	0.162408167	-0.1061916095	-0.0186653738	0.1100413876	0.1457135323	-0.104676758	-0.008674321	-0.1291749398	0.0528762835	-0.2570718206	0.008827765	0.1334514116	0.113587344	-0.1096093296	0.0393886166	0.018832751	0.0237753803	-0.046856534	0.1553223911	0.0374503167	0.1219281133	0.1176492034	-0.0152101862	0.1349464561	-0.0339863506	0.0233793331	-0.0253488795	-0.1034306097	0.0205887405	0.0619915717	-0.0149402016	-0.0187621469	-0.1138407444	0.0238975818	0.0583725105	0.0569725377	-0.0120642587	0.1573136966	-0.0684318289	-0.0366027419	-0.1629989336	-0.0172777216	0.0070144984	0.2437881907	0.0661800746	0.016290905	0.1036014196	0.1088156246	0.1020240119	0.0910168938	0.0762490709	0.0583307311	-0.0137471365642483	0.0151066341407926	0.000188983763716	0.0002282103950637	-0.014272747341181	0.0234303906812839	0.0005489832074775	0.0002037113166651	0.0299993381964611	0.0173529851932557	0.0003011260951173	0.0008999602922256	0.0008720218569969	-0.0011179394936452	7.60422119080322e-07	1.2497887114516864e-06	-0.0004849609645434	7.168231580089997e-05	5.138354398579953e-09	2.351871371308649e-07	8.971141501671053e-05	0.0002336578712063	8.048137984300476e-09	5.45960007766648e-08	0.0	0.0	0.0	0.0	0.0	0.0	0.0	0.0	0.0	0.0	0.0	0.0	0.0	0.0	0.0	0.0	0.0	0.0	0.0	0.0	0.0	0.0	0.0	0.0	0.0	0.0	0.0	0.0	0.0	0.0	0.0	0.0	0.0	0.0	0.0
1103.5920120789765	3.191379817207462	10.184905137679134	1217915.3291245238	1133.053037549989	-1.6599366245764031	1283809.185901257	2.755389597610103	1073.652330033413	1.873413524701391	3.5096782345340896	1152729.3257861766	1078.4604925031226	1055.89773412567	1.266035	25.168186	0.0893406346308809	0.0460992402202744	0.0451788043	0.0831597321	-0.0035439474	0.050500283	0.1313932254	-0.0051774618	0.061507919	0.0925399995	-0.0002595637	0.0212684312	0.0465896895	-0.1050132906	0.0159010894	-0.0232949872	-0.037436148	0.1022371281	-0.0876625856	-0.0403182286	0.0192274545	-0.081007299	-0.1126579911	0.0565335405	-0.0449036861	-0.0882044809	0.0822204654	0.130813957	-0.0428336946	-0.0528475472	-0.0898855548	-0.0400549771	-0.0702808316	-0.0056377275	-0.103762974	0.025949738	0.0027272778	-0.0125572579	-0.0433658827	-0.0371072663	-0.0193093977	0.0359021594	0.0386199297	-0.089528971	-0.0430613308	-0.0030281193	0.1388235404	-0.0975707728	-0.0396039296	-0.0272913731	0.0334124109	-0.0479545343	-0.0574779493	-0.0998539719	0.0978184365	0.1275962182	-0.0224496688	-0.13073643	-0.0058490685	0.0475544895	0.0089793757	-0.1603131666	0.0866441568	0.0251341114	-0.0215049357	0.1623210387	0.1800591355	0.0382080406	-0.0897150881	0.1478834859	-0.0230354417	-0.0266994303	-0.1267591768	0.0400853493	-0.079153125	-0.1294335234	-0.0781895994	0.0784983703	-0.0468659583	0.0362109382	0.0140418826	-0.1294843333	-0.0309784465	-0.0560586064	0.0378896825	0.0933659148	0.1165974652	0.0472849693	-0.130989344	-0.1239757771	0.0215393081	0.0189932887	0.0118539545	0.0075233438	-0.0755028722	-0.0232900841	-0.0621736105	0.0556802419	-0.0395560253	-0.0461642397	0.041978908	0.0369639943	-0.0060989235	-0.0706644001	-0.0128497479	-0.0857641089	0.1542430486	0.0800731301	-0.0849832179	0.0408261996	-0.0538873811	-0.0113164954	-0.1011815007	0.0408318088	0.1033344579	0.0957326306	-0.1202970493	0.0190313104	-0.0235678748	-0.0451126103	0.0903741344	-0.1109117205	0.0372445057	-0.0382302924	-0.0537642186	0.1520791785	-0.2052950772	0.0025899363	0.0586805482	-0.0665908854	-0.0500459352	-0.0040981956	0.0310429263	-0.110904634	0.0506558517	0.1512044309	-0.0111882829	-0.0190143767	-0.0109924756	-0.0078928314	0.0145153206	-0.0223528126	-0.0634496281	-0.011701183	0.0478693579	-0.0492345293	0.0366055761	-0.0599808734	-0.1095273794	-0.1396747976	0.0513518728	-0.1064449931	0.0331162542	-0.0594306061	-0.0542505093	-0.0779421926	-0.0162944516	-0.0376145477	0.0837280081	0.2309068821	0.1083594676	0.100240825	0.0871572961	0.0697569027	0.0489014791	-0.0197031533715232	-0.0059560168072748	0.0003882142527817	3.547413620854109e-05	0.0047563052635553	0.0190290526047363	0.0003621048430338	2.262243976012385e-05	0.0069786605464656	-0.0230206776499955	0.000529951599465	4.870170302279554e-05	0.0014990258567319	0.000627003999735	2.2470785191508068e-06	3.9313401568368797e-07	-0.0006689446213048	-0.0001839836567614	3.3849985955296656e-08	4.4748690637262233e-07	7.40013201356261e-05	-1.571009488108443e-05	5.47619538181542e-09	2.4680708117267526e-10	0.0	0.0	0.0	0.0	0.0	0.0	0.0	0.0	0.0	0.0	0.0	0.0	0.0	0.0	0.0	0.0	0.0	0.0	0.0	0.0	0.0	0.0	0.0	0.0	0.0	0.0	0.0	0.0	0.0	0.0	0.0	0.0	0.0	0.0	0.0
1101.6365433819765	-1.9554686970000148	3.823857824946936	1213603.0737145892	1144.6096306616705	11.556593111681424	1310131.2066034458	133.55484434896252	1071.2531884222394	-2.3991416111734907	5.755880470464133	1147583.393704814	1076.1837996388838	1058.355952710504	1.267641	25.200125	0.0472598180543706	0.0351066671957495	-0.0028315158	-0.0747397833	0.059982611	-0.0515435623	0.0161257186	0.0229444444	0.024943818	-0.0457314447	0.0537111203	-0.0570938798	0.0323748651	-0.0369157479	0.0389445672	0.0355026611	0.0256527494	0.0041079462	0.0843976226	-0.009975802	-0.1390930348	0.1378288454	-0.0587340686	-0.1542352331	-0.0334142533	-0.0546547758	-0.003904995	-0.0018942468	-0.188975868	-0.1210314275	-0.056582574	-0.0834921482	-0.0061522746	-0.0942822215	-0.0895620054	0.1378078146	-0.0085655522	0.0782697651	-0.0571862646	0.0345922209	0.039269337	0.0375050424	0.0634205711	0.021624249	-0.0912829516	0.0955610971	0.0566802197	-0.0391009605	-0.1082684625	-0.0010094786	-0.083049574	-0.1246332229	-0.1063440744	0.0706477004	0.0099268609	-0.0292516161	-0.0583279388	0.0642918646	-0.1582100895	0.0085835596	-0.0628753044	-0.0289457968	0.1147004606	0.1137392383	-0.1380947026	-0.0136276647	-0.0142015661	-0.0185809948	0.0318951007	0.1108329861	0.1799352928	0.0665435543	0.0439058786	-0.0630822418	-0.0490753526	-0.0342172765	0.0226366375	-0.0046095239	0.088276769	0.0315625922	-0.0129591488	0.1658178051	0.0624003372	-0.0547628241	0.2280315767	0.0054739086	-0.0101412416	-0.0596285958	-0.1952738299	-0.0344580716	-0.0170968553	-0.0160272039	-0.0077117859	-0.1013765134	-0.06010021	0.0559652321	-0.1599170585	-0.0173798492	-0.0818518901	0.0153206519	0.0420653777	0.077942494	0.0212848701	-0.0039374106	-0.0476049464	-0.0501555977	-0.0190094119	0.0678263742	-0.070077597	0.1194758846	-0.0917001162	0.0045828567	0.021332252	0.1563778478	-0.019466786	-0.0441970183	0.0480658721	-0.090995444	0.1710256365	-0.1232949382	0.1209888605	0.035267759	0.135494035	0.0527344706	0.0466648672	0.0503669934	0.0234382157	-0.0267377216	-0.0005510792	-0.0487343538	0.1857733644	-0.0942207043	-0.03271235	0.0171708997	0.0620483379	0.067320732	-0.0368262138	-0.0048724751	0.0289906534	0.0375567753	0.0179258926	0.034115391	-0.0058924473	0.0751454002	0.1008368436	-0.0433615916	-0.0031579327	0.1100448381	0.0712949324	0.0135879635	0.1490633165	-0.0599041598	-0.0578840442	0.0316848103	0.1307111483	0.0558345972	0.0209728739	-0.0062012528	-0.0519241631	0.1984528913	0.1078625611	0.0983068664	0.0830027857	0.0628452084	0.0390128266	-0.0178906814188479	0.0018124719526752	0.0003200764816307	3.285054579234612e-06	-0.029512336089212	-0.0342686413527673	0.0011743397801645	0.0008709779814426	0.0071521336690949	0.0001734731226293	3.0092924274760275e-08	5.115301602060088e-05	0.0016900354613095	0.0001910096045776	2.8562198604836142e-06	3.648466904089112e-08	-0.0006689132052848	3.1416019999970686e-08	9.869663126385581e-16	4.474448762043851e-07	0.000103064932064	2.90636119283739e-05	1.0622380221356934e-08	8.446935383231176e-10	0.0	0.0	0.0	0.0	0.0	0.0	0.0	0.0	0.0	0.0	0.0	0.0	0.0	0.0	0.0	0.0	0.0	0.0	0.0	0.0	0.0	0.0	0.0	0.0	0.0	0.0	0.0	0.0	0.0	0.0	0.0	0.0	0.0	0.0	0.0
1102.312915007633	0.6763716256564294	0.457478575993121	1215093.7625926249	1148.7785571095578	4.168926447887316	1319692.1732747175	17.37994772789435	1071.36387721116	0.1106887889204699	0.0122520079926803	1147820.5573929292	1076.3253417053272	1065.0136204710952	1.278885	25.423641	0.084133664163613	0.052939171522756	-0.0343980908	0.0567138713	0.0453401404	0.0287394195	-0.1589965388	0.0661903469	0.0248742689	-0.092002709	0.0287332556	0.0214423705	-0.0051713219	-0.1542939436	-0.0022670427	0.0037264521	0.0633670484	0.0863699899	0.0420133167	-0.0787736799	-0.0447738273	-0.0187486926	-0.0903575784	0.0632658641	-0.0596541827	-0.1065549211	-0.0421970645	0.2368763226	0.0143488244	-0.0967265101	0.0390416803	0.1785420389	-0.0553235052	-0.0257786683	-0.0428571977	0.1941594636	-0.2275463998	-0.0068945363	-0.0091479608	-0.0597904235	-0.0201542988	0.0384355405	-0.0382159587	-0.0139165853	0.0453012638	-0.0291879687	-0.0743043229	0.0458806698	-0.0966035542	-0.0720445456	0.026710501	0.0442892057	-0.0380336657	-0.0485931333	0.0877516686	-0.2165787948	0.1836744757	0.0938529177	-0.0529215023	-0.0241874932	0.0777395393	0.0882781237	0.0223385804	0.1061895117	-0.0686173877	0.0134769659	-0.004866707	-0.0333000807	-0.0397544187	0.0187407062	0.000340006	0.0244588868	0.0494761161	-0.0349539121	-0.0277299065	0.0123921707	0.0333790945	0.0927027582	0.0837555712	0.0819612347	0.0356394378	-0.0857509469	0.0186348188	-0.0407815188	0.0491562648	0.1263367769	0.0818350502	0.1908168181	-0.033041431	0.0163543547	0.1111198041	0.179838143	0.0719078166	-0.0319185584	-0.0418451485	0.2769693387	-0.0934387007	0.0545256164	-0.0591286015	-0.042517066	0.0219867504	-0.0491586127	0.0633341408	-0.0271928137	0.0243463837	0.0406633777	-0.123673723	-0.0333594006	-0.0529166193	0.015417298	0.0672033985	-0.0037718358	0.0149389972	0.029819699	0.0130329215	0.1976240917	0.1738048953	-0.0738689428	0.0037260336	0.0995040156	-0.074523412	0.0575396657	0.1522603043	0.0507405363	0.038230269	0.0535826014	0.0389736163	-0.0401196849	0.024464604	-0.0041257618	0.0263465727	0.0421179435	-0.0251665559	0.0066328971	0.0039615085	-0.0934506191	-0.058928997	-0.0051970175	0.0082254646	-0.0168480401	0.0406950563	0.0228928846	-0.109023597	0.0661786124	-0.1454779426	-0.0788085991	0.042223819	-0.1203567134	0.0463758815	-0.0908696017	0.0645757782	0.0736366667	-0.0226908506	0.0641396392	0.0387056613	-0.0943484536	0.0339435021	-0.0973926249	0.1509367518	0.2260308507	0.1073250918	0.0962250449	0.0785674201	0.0555555556	0.0287576717	-0.0186615053416545	-0.0007708239228066	0.0003482517816165	5.941695199709588e-07	0.0180487682215755	0.0475611043107875	0.0022620586432616	0.0003257580343161	-0.015003103775939	-0.0221552374450339	0.0004908545462458	0.0002250931229115	0.0014560436958463	-0.0002339917654632	2.1200632442137525e-06	5.47521463045852e-08	-0.0006688972031581	1.6002126700001392e-08	2.560680589228973e-16	4.4742346839272857e-07	0.0001419871341738	3.89222021098e-05	2.016034627088868e-08	1.5149378170761191e-09	0.0	0.0	0.0	0.0	0.0	0.0	0.0	0.0	0.0	0.0	0.0	0.0	0.0	0.0	0.0	0.0	0.0	0.0	0.0	0.0	0.0	0.0	0.0	0.0	0.0	0.0	0.0	0.0	0.0	0.0	0.0	0.0	0.0	0.0	0.0
1104.549491995911	2.2365769882781024	5.002276624495146	1220029.5802684252	1135.190615189522	-13.587941920035746	1288657.7328143655	184.63216562226472	1071.666915738159	0.3030385269992166	0.0918323488458549	1148469.9782877385	1076.3974798295123	1033.0775857195124	1.491962	29.659504	0.0696670373871211	0.0558035385126652	0.1422465581	-0.0684488984	-0.0017544881	-0.0867420568	0.0238170201	0.0726855786	0.1180041007	0.066435733	0.0966181632	-0.0816881474	-0.0975717663	-0.034195442	0.0137054241	-0.170749674	0.0676958513	0.1968144879	-0.0738078935	-0.0052054452	-0.0211464593	0.0784678932	0.1041215493	-0.0661760315	-0.1347133777	-0.056428082	-0.1841647468	0.1137960571	0.0262513339	0.077068568	0.0582964711	0.1015568536	0.0444935516	-0.0161675283	0.0860790148	0.0598238921	-0.0833147958	-0.0369764961	0.0075474887	-0.0799397248	0.1458396752	0.0075247728	-0.0137319798	0.0514848584	-0.0242447039	-0.1542186599	-0.0838345322	0.1007971087	-0.0666420626	0.0158950275	-0.0436253119	0.051117339	0.1372936555	-0.0202231136	-0.0423566412	0.0066764895	0.1338119573	-0.1156584105	-0.1872288753	-0.0135125922	0.111503562	-0.1070114004	-0.0104987103	0.0660216791	0.143841035	0.0195151571	0.0902086144	-0.1114653713	-0.0779187661	-0.0435819569	-0.0852112737	-0.0537968717	0.0254653677	0.0096056184	-0.1341407602	-0.0809134241	-0.0397315671	0.2162722908	-0.0305971407	0.0360716017	-0.0039080747	0.1271157558	0.0423991581	0.1039789562	0.0936329862	0.0332450855	0.0169657178	0.2178521972	0.110693274	0.0779003302	-0.0266510111	0.060402634	0.0415045812	-0.0140388548	0.054708476	0.1114294118	0.0497659288	0.0115599931	0.0381352314	0.063389429	0.1674478657	-0.0494938145	0.0593943511	0.0131183928	-0.0111054683	0.1483728882	-0.0712066447	-0.1222172896	-0.0837968762	-0.044077292	0.0311118734	0.0001120463	0.0656813476	-0.1678599993	-0.0225975785	0.1342703196	-0.136561241	-0.0868052815	0.0959649529	-0.0047211563	-0.0599309837	-0.1043678188	0.0602892701	0.0589199361	-0.0844197416	-0.0503943047	-0.1707468151	-0.0531126601	-0.0758509862	0.0549441708	-0.1086202392	-0.0360718763	-0.0896363581	-0.019794663	0.0200917849	0.0807113076	-0.094492019	-0.0524375396	0.0396246123	-0.0439137617	-0.1175053902	0.0745671633	0.0420712297	0.1093442144	0.079217269	-0.0306509135	0.157493503	-0.1018718094	0.0292140685	0.0141361842	0.0814061383	-0.111094781	0.08008943	-0.0395681174	0.0100384358	-0.0939372897	0.0051058867	-0.0013091067	-0.1115719648	0.0270188683	0.106747262	0.0939984918	0.0738662073	0.0479317851	0.0182323554	-0.0193917894900153	-0.0007302841483607	0.000376041499625	5.333149373470546e-07	-0.0369012169719269	-0.0549499851935024	0.0030195008727661	0.0013616998140092	-0.024737243113762	-0.0097341393378229	9.475346864815315e-05	0.0006119311968693	0.0015220550045449	6.601130869860004e-05	2.316651436860176e-06	4.357492876101869e-09	-0.0006688775347267	1.966843140004809e-08	3.8684719373839776e-16	4.473971564620678e-07	0.0001610087311925	1.90215970187e-05	2.592381152021872e-08	3.618211531418168e-10	0.0	0.0	0.0	0.0	0.0	0.0	0.0	0.0	0.0	0.0	0.0	0.0	0.0	0.0	0.0	0.0	0.0	0.0	0.0	0.0	0.0	0.0	0.0	0.0	0.0	0.0	0.0	0.0	0.0	0.0	0.0	0.0	0.0	0.0	0.0
1110.827090880094	6.277598884182908	39.408247750694485	1233936.8258331325	1141.624081262594	6.433466073071941	1303305.5429186618	41.3894857133677	1075.1326198253053	3.4657040871461504	12.011104819661533	1155910.1502124243	1079.7424839500588	1064.31538170952	1.465698	29.137398	0.0503389680571653	0.0294914876870144	0.1300391596	0.1406008127	0.1088648173	-0.082704686	-0.0177236761	0.0743088534	0.2235618746	0.098079911	0.1125516314	0.0103314545	0.0525709776	-0.1352116116	0.0132661678	0.034061111	-0.1509072679	0.168638354	-0.1186123349	-0.0378867227	0.0725335536	0.0358722626	0.0192248764	0.1341544917	-0.0088643025	0.0210292933	-0.0964004969	-0.0231969532	-0.0023850878	-0.001295023	0.0013425555	0.037076198	0.0152519838	-0.0340925823	-0.0011801543	0.0446973289	-0.046772084	0.0129096434	0.2205194439	0.0544258361	0.0352316348	0.0785124586	-0.0167794538	0.0440298366	-0.0034515292	-0.0592870497	0.0929499777	-0.1180864654	-0.0415907536	0.0839137949	0.0436143086	-0.1592836908	0.0617236073	-0.0429778471	-0.0590072691	0.0177003096	0.0666377856	0.0395158827	-0.1066509304	0.0320782288	0.0703690936	0.0058409835	-0.063665122	0.1476157252	0.0055327528	-0.0748810001	0.0376772904	-0.0354827667	0.0085688748	0.0235807683	-0.0302486187	0.1018934973	-0.0374391762	0.0542968119	0.1877909198	0.043167973	-0.2256934576	0.1119228954	-0.0803286328	0.0348422764	0.0461384086	-0.101404972	0.1169211372	0.0673029468	-0.0251175005	0.0207293253	-0.0680247676	0.0083680834	0.0538862387	0.0252689083	-0.0212778596	0.025798939	0.0485308218	0.0079958	-0.0553625754	0.0658523781	-0.0056467882	-0.0792530525	0.1101558892	0.1742531122	-0.0417971148	-0.0286178644	0.1170466197	-0.0149705292	0.0497760888	-0.013965808	0.0651286577	0.0489481272	-0.1650190129	-0.0665094498	-0.1405599228	-0.068863036	0.0150440521	-0.0712284362	-0.006394512	-0.0036251661	-0.0311175567	-0.1241302996	0.0700104659	0.0021486111	-0.0487555128	-0.0486486026	0.1383656843	0.027272247	0.0573504085	-0.0668390502	-0.0222430325	-0.039355202	-0.0022667202	-0.0916454134	-0.0367973535	0.0835703115	0.1649457761	0.1437067084	0.0043252785	0.0043065927	-0.1046968944	-0.1369107376	-0.1621025555	-0.0059657997	0.0346727699	-0.065130716	-0.0099702522	0.1913990056	0.0694867559	-0.1278807637	0.1304497325	-0.0576955603	0.0212583066	-0.0011532899	0.0815596754	0.0158771522	-0.1227373765	-0.0514849587	2.99876e-05	0.0344449088	-0.1093224659	0.0095063319	-0.2034339872	0.0193728904	0.1061292888	0.091630556	0.0689150546	0.0400197472	0.007535757	-0.0096319934335156	0.0097597960564996	9.277529750328764e-05	9.525361906446708e-05	-0.0564304415331378	-0.0195292245612109	0.0003813906119622	0.0031843947316248	-0.0260679941259667	-0.0013307510122047	1.7708982564838353e-06	0.0006795403177514	0.0011530625382449	-0.0003689924663	1.3295532171037717e-06	1.361554401861566e-07	-0.0006688925162015	-1.4981474799982165e-08	2.244445871825006e-16	4.474171982303739e-07	0.0001863852119627	2.5376480770200014e-05	3.473944723838061e-08	6.43965776280331e-10	0.0	0.0	0.0	0.0	0.0	0.0	0.0	0.0	0.0	0.0	0.0	0.0	0.0	0.0	0.0	0.0	0.0	0.0	0.0	0.0	0.0	0.0	0.0	0.0	0.0	0.0	0.0	0.0	0.0	0.0	0.0	0.0	0.0	0.0	0.0
1111.4553713921016	0.6282805120076773	0.3947364017686292	1235333.0425963544	1153.1891471357098	11.565065873115827	1329845.209071586	133.75074864950835	1075.690510675955	0.5578908506497555	0.3112422012387078	1157110.0747582968	1080.5042117831167	1086.177288454073	1.327451	26.389116	0.078310043920055	0.0474033605529417	0.0805313461	0.026508727	0.2172050137	-0.037617089	0.0288903897	0.0121654051	0.1859127383	-0.0577354222	-0.0115616817	0.1162424375	0.0510549036	-0.0289945081	0.0340249616	-0.1692262202	-0.2330210968	0.0221881153	-0.0519147343	0.0227265608	-0.0449123087	0.108497301	0.0436127472	0.0234830388	0.0400727214	0.1568218293	-0.0377084557	0.0185952931	0.0216482765	0.1259607622	-0.0205000707	0.0052838339	0.0196821124	-0.0398467271	-0.010543187	0.001466968	-0.0609508459	0.0605888876	-0.0329651629	-0.1190399582	0.0901688049	-0.1757473197	-0.0918837147	-0.0990516856	-0.0033997676	-0.1005564384	0.0228638639	-0.1033247143	-0.0451098138	0.026158899	0.0140194327	0.0264409351	-0.0130713112	0.0928640483	0.0635313123	0.0014417432	-0.0265097112	0.0291535221	0.0140192168	0.0892932883	0.0140717796	-0.0547956557	0.0608622371	-0.1029273431	0.1650944875	-0.0704923097	-0.093152104	-0.0734676671	-0.0713679231	0.0987462609	0.0076430733	-0.0274189229	-0.0182476689	0.0446976333	0.0280937904	0.0083239555	-0.2360169923	-0.0691047183	-0.0169091969	0.0525745086	-0.052815593	-0.0339231347	0.1147184204	-0.0098135557	-0.0411220911	-0.1740152529	-0.0782972483	0.0566014552	0.0310317333	0.0218756299	-0.1060167284	0.0219250464	-0.0277574901	-0.0573932695	0.0148114897	0.0514569061	0.025139557	-0.043474035	-0.0559379743	-0.0283859033	0.1317053607	-0.1257718398	-0.1902757845	-0.0625321145	-0.0460890831	0.0728918651	0.0713991987	0.0663887171	-0.0611005899	0.0352087054	-0.0476110112	0.0573085531	-0.0821772014	0.0061839094	-0.0514992049	-0.0661303195	0.0469667743	-0.0038628583	-0.0027341101	-0.0199035148	-0.0838746604	0.0241492308	-0.0813966253	0.0006567075	-0.1781873963	-0.1227136117	-0.0494309154	-0.1499545536	-0.041816593	-0.0749382679	-0.049192417	-0.0362717541	0.0085606778	0.0359219563	-0.0560234788	-0.0458326417	-0.080521566	-0.2010342696	0.0401457567	0.0957460729	0.1020058587	0.0008268103	-0.0579936167	0.0672723225	0.0700361831	-0.0463888373	0.0082410095	-0.0453684987	0.0254253148	-0.1022058816	0.0986743116	0.1527685772	-0.1120559916	0.0134257125	-0.0055206038	0.060744322	0.0659473813	-0.0177283463	-0.0541043363	-0.0205306894	0.1054714048	0.0891247992	0.0637307152	0.0318670259	-0.0032316354	-0.0063018320726797	0.0033301613608359	3.971308747225453e-05	1.1089974689204412e-05	-0.0121097165187507	0.0443207250143871	0.0019643266658009	0.0001466452341645	-0.0208752419050597	0.0051927522209069	2.6964675627734573e-05	0.0004357757245947	0.0008990539045437	-0.0002540086337012	8.082979232752723e-07	6.452038599475047e-08	-0.0004603947386268	0.0002084977775746	4.347132325358906e-08	2.1196331535523949e-07	0.0002332069071653	4.68216952026e-05	5.4385461549604863e-08	2.1922711416451762e-09	0.0	0.0	0.0	0.0	0.0	0.0	0.0	0.0	0.0	0.0	0.0	0.0	0.0	0.0	0.0	0.0	0.0	0.0	0.0	0.0	0.0	0.0	0.0	0.0	0.0	0.0	0.0	0.0	0.0	0.0	0.0	0.0	0.0	0.0	0.0
1111.6850778035644	0.2297064114627574	0.0527650354670976	1235843.712211117	1159.2349479301515	6.045800794441675	1343825.6645026212	36.55170724607159	1076.0728281461024	0.3823174701474272	0.1461666479799289	1157932.7314743514	1080.970273866477	1061.1048956521863	1.343515	26.708447	0.0940252909863868	0.0458272303752382	0.1832883696	-0.0447557008	0.1312955392	0.0620691531	0.0092002003	-0.0093251606	0.2019464675	-0.0693847288	0.0288627252	0.0201977386	-0.0453409283	0.1370939657	-0.0875075292	-0.1153585695	-0.2586036836	-0.0086493815	-0.1474493568	0.0557355719	-0.0435986596	0.0242873713	-0.103902199	-0.0185038426	0.159041912	-0.0942757613	0.0684091932	-0.1281508568	-0.0055453172	-0.0179881711	-0.0158814111	0.0396658246	0.0399622354	0.0766395718	0.0549093403	-0.0901843992	-0.0439446344	-0.0417450207	0.0883371071	0.0918631093	0.0987697134	0.0089624444	0.0785317205	-0.015850758	0.0507316697	0.0188378333	-0.1695227038	0.0767497053	0.0934240833	-0.0585270467	0.0081085826	-0.1766386919	0.0613517655	0.0382944211	-0.1592629984	-0.1149747534	0.0242638053	0.1128966414	-0.0501166967	-0.0138283169	0.123763365	0.0436904826	-0.1564480217	-0.0554532341	0.025226783	-0.0218292117	0.0246499143	-0.0348658189	0.043147595	-0.0130460533	0.1188663473	-0.0983622282	0.0778921376	0.0824993962	-0.005150292	-0.0824612856	-0.2497810328	-0.1004793291	-0.1080491737	0.0517059479	-0.1049998488	0.0539508401	-0.0033029549	-0.1264282361	-0.0708579695	0.1035386706	-0.0530970919	-0.1844765065	-0.0018416652	-0.0272293012	-0.0385733895	0.0033699178	0.0557496971	0.0523111293	0.0149081076	0.0335413523	0.1105165787	-0.0240978214	0.023522424	0.1441787769	0.0007809595	0.0984161063	-0.0285436958	0.0318814596	0.0851899539	0.0618225542	-0.1535485186	-0.0421092207	0.1212541502	-0.0400514696	-0.0703204571	-0.1966674421	0.1564240638	-0.0687273106	-0.0895622564	-0.0817703629	0.1042425438	-0.0421094421	-0.0043893534	0.1012261085	-0.108548477	-0.0880655358	0.0604576394	-0.0720604531	0.0106072095	-0.0048063096	0.0329414487	0.041096884	-0.0223541184	-0.0119076748	0.0423976737	-0.1510964887	-0.0324217084	0.0689365379	-0.0213056902	-0.0037420559	-0.0141251083	-0.2265466796	0.0326817198	0.0206140982	-0.1292838367	0.067349057	-0.0390974323	-0.0245555529	0.0829420073	-0.1129561409	0.0170000506	-0.0522253449	0.0114082272	0.0151477049	0.0495031968	0.0536036291	0.0097731299	-0.0435649146	0.0050390903	-0.0205436248	-0.094192902	0.0470605234	-0.0553221891	-0.0603922526	0.1047738574	0.0864849902	0.0583307311	0.0235226525	-0.0139686685	-0.0018850004489365	0.0044168316237432	3.553226692490806e-06	1.9508401592498e-05	0.0159490588664965	0.0280587753852472	0.0007872948761197	0.0002543724787269	-0.0064617349631959	0.0144135069418638	0.0002077491823631	4.175401873458832e-05	0.0004589950777647	-0.0004400588267789	2.1067648141222306e-07	1.9365177102610985e-07	4.205342398955203e-05	0.0005024481626163	2.524541561165481e-07	1.76849046924503e-09	0.00023299035585	-2.1655131530001173e-07	5.4284505919109625e-08	4.6894472158165096e-14	0.0	0.0	0.0	0.0	0.0	0.0	0.0	0.0	0.0	0.0	0.0	0.0	0.0	0.0	0.0	0.0	0.0	0.0	0.0	0.0	0.0	0.0	0.0	0.0	0.0	0.0	0.0	0.0	0.0	0.0	0.0	0.0	0.0	0.0	0.0
1112.1315839280935	0.4465061245291508	0.1993677192420415	1236836.6599704102	1153.785326251379	-5.449621678772473	1331220.5790730012	29.698376441746912	1074.6919181461358	-1.3809099999666614	1.9069124280079248	1154962.7189286207	1079.4585406977071	1089.632454799317	1.41049	28.039896	0.0573910615222382	0.0425873136516024	0.148430294	0.1053719499	0.1615987966	-0.1284166257	-0.0077163498	-0.1114015607	0.2220805285	0.0178244231	-0.0109689746	0.045486698	0.0309976972	0.0023224719	0.038348236	0.0709122079	-0.1176982012	0.063469215	-0.2148372534	0.0481698218	-0.0337220456	0.125966204	-0.0958683117	-0.0541463519	-0.0595254974	0.0827021982	-0.0002370998	-0.0468473758	-0.0336725905	0.0148070575	-0.1615832165	0.0060596673	0.072035673	0.0829058838	0.0155904989	-0.0367273205	0.027178039	0.089885076	0.0726168707	0.0714092412	-0.012075049	-0.0704817202	-0.0183063519	0.0964868442	0.1143159462	-0.1019787934	0.0238458933	-0.0520364988	-0.0095427194	-0.0252640448	0.0443455298	0.0513394643	-0.1077426057	-0.0181013608	-0.0634677309	-0.0130078456	0.026268211	-0.0913236713	0.0725178537	-0.0360006471	0.0091662037	-0.0353287185	0.014041821	0.104588062	-0.0374758295	0.0616208862	0.0592984423	-0.0611020536	0.0470091743	-0.0539928562	0.034458575	-0.135884892	-0.0619291558	0.0070240666	-0.0550300474	-0.0137613832	-0.1659660042	0.0404029743	-0.1757428852	0.0601852296	-0.0813663147	-0.0019172725	0.1285080769	-0.0966708353	0.0936232445	-0.0993421207	-0.0039580842	-0.0318702155	-0.0089168214	-0.0777325017	-0.0886309521	0.0079197345	0.1263583754	0.0642367494	0.0524643548	-0.0539069498	0.0397913077	-0.0998490683	-0.0179402371	0.0424016979	-0.068341164	-0.059822462	0.0210083328	0.1162887462	0.1313805819	0.0854847878	0.0620287696	0.0287642767	-0.0731171292	-0.044872292	0.0658406776	-0.0296297897	-0.0012725035	0.0978646762	0.0018347486	0.0419874917	-0.017350836	0.0526532479	-0.0877271571	-0.0328955134	0.0237731458	-0.0284395855	0.0306376792	0.1201273235	0.0345078048	0.0414830331	-0.0777609503	0.0871254357	-0.0578825622	-0.0073480744	-0.0396114309	-0.1042244163	-0.0145732586	-0.0520155842	-0.1378332472	-0.0990542566	-0.0442484807	-0.2218705598	-0.1245058251	0.0703927849	0.0154874999	-0.0904396889	0.0269422821	-0.0290555139	0.0349227121	-0.0964072454	0.0753834877	-0.0499676733	-0.0887309187	0.0916928769	0.0545573584	0.122783487	-0.0242718957	0.0496933168	0.0291573733	-0.023721121	-0.0106532494	-0.0759494647	-0.1348221097	-0.1491589544	0.1040369087	0.0837150996	0.0527333744	0.0150368111	-0.0245744743	-0.0063338378333384	-0.0044488373844019	4.011750169902888e-05	1.9792154072851936e-05	-0.0256133599153542	-0.0415624187818507	0.0017274346549979	0.0006560442061534	-0.0082405865145744	-0.0017788515513784	3.164312841841696e-06	6.790726610418545e-05	0.0003850088427242	-7.398623504050004e-05	1.4823180897582777e-07	5.4739629754681165e-09	-7.595514760239119e-05	-0.0001180085715919	1.3926022969170787e-08	5.769184447301032e-09	0.0002330146253097	2.426945969999416e-08	5.4295815608219885e-08	5.890066741296405e-16	0.0	0.0	0.0	0.0	0.0	0.0	0.0	0.0	0.0	0.0	0.0	0.0	0.0	0.0	0.0	0.0	0.0	0.0	0.0	0.0	0.0	0.0	0.0	0.0	0.0	0.0	0.0	0.0	0.0	0.0	0.0	0.0	0.0	0.0	0.0
1110.8467836924112	-1.284800235682269	1.650711645609214	1233980.5768397746	1165.3686976364093	11.583371385030205	1358084.2014307806	134.17449264353655	1073.368598454173	-1.3233196919627517	1.751175007136392	1152120.1481474757	1078.3048670583055	1103.0117458128714	1.28892	25.62314	0.0397286821984301	0.030878133721737	0.0357489934	-0.0154136311	0.2246997557	-0.0285765812	-0.0560519131	-0.1497256915	0.1470851763	-0.1781915558	-0.0087960953	-0.0381464076	-0.0155255694	0.0227358474	0.0946945135	-0.02345335	-0.0333294903	0.0602253551	-0.1207037696	-0.0486047034	-0.0318066192	0.1026228973	-0.0321530696	0.0887636642	0.0407843831	0.004561418	0.0623602373	-0.0254232858	0.036639873	0.0254149845	0.0229895513	0.0637867542	-0.0335398219	0.0734225051	0.0502828615	0.017885142	0.0084420895	4.87264e-05	0.005896123	-0.118455328	-0.0651981832	-0.0300958614	-0.1053760337	-0.0732935573	-0.033423559	-0.1056395349	-0.0731903659	-0.0335152425	0.1168383456	-0.0348625339	-0.0490895672	0.1067514301	-0.0369872653	0.1269013815	-0.1217610744	0.0238437102	-0.0562267773	-0.1127104443	-0.1904329841	-0.0056542264	-0.0312125201	-0.0068722853	0.0204356147	-0.0630291226	0.0565486373	-0.0805875088	0.0550253042	0.0875775486	0.0089100678	-0.0695235522	0.130089248	0.0164952815	-0.022177059	-0.0299323117	-0.1493756657	0.0410617979	-0.0621329126	0.044396876	-0.0468684339	0.1548145113	-0.0348823683	-0.0035157974	0.1166479669	-0.0477747533	-0.1062635575	0.0117254414	0.0254707368	-0.03373642	0.0306042825	0.0276467484	0.0314917359	0.052620246	0.0141097164	0.0633384062	0.0811727481	0.0268114838	0.0289835293	-0.014511967	0.0149500204	-0.1237935285	-0.0345138489	-0.0577897024	-0.0483243246	-0.053270383	-0.0541366206	0.1048431473	0.0045016364	-0.0219350759	0.0146943106	-0.0868780384	0.0869741954	0.003946102	0.1298303836	0.0160945162	-0.1904080229	0.0262796227	-0.1429552526	0.0602835032	0.1262950938	-0.1060578728	0.0230038751	0.0200637463	-0.0431877748	-0.1409267774	-0.04458279	-0.0736951491	-0.0222948384	0.049880372	0.0400343208	0.0827279726	0.1505805487	-0.0239360361	-0.0222418783	-0.1694962063	0.1211320111	0.0662896161	-0.0767385234	-0.2113980679	0.0457462444	0.0790474549	0.0600294473	-0.0118012935	-0.0062380139	-0.1072644083	-0.0505691796	-0.053043383	-0.0599225002	-0.0264577112	-0.0378056393	0.1362425294	0.0274688833	0.0915990436	0.0744806982	0.0127173811	-0.0859519217	-0.0093367528	0.0248131613	-0.0166659194	-0.1119271436	0.0170322341	0.103260836	0.0808192935	0.0469575846	0.0064605365	-0.0349494174	-0.0062390344541256	9.480337921280012e-05	3.892555091976633e-05	8.987680710165983e-09	0.004201809089011	0.0298151690043652	0.0008889443027588	1.765519962049545e-05	-0.0127096356398936	-0.0044690491253192	1.997240008451631e-05	0.0001615348380988	0.00048700939709	0.0001020005543658	2.371781528539653e-07	1.040411309093052e-08	-8.09432155004508e-05	-4.988067898059612e-06	2.4880821355652836e-11	6.5518041355524206e-09	0.0002330192168365	4.591526800017424e-09	5.429795541509582e-08	2.108211835527825e-17	0.0	0.0	0.0	0.0	0.0	0.0	0.0	0.0	0.0	0.0	0.0	0.0	0.0	0.0	0.0	0.0	0.0	0.0	0.0	0.0	0.0	0.0	0.0	0.0	0.0	0.0	0.0	0.0	0.0	0.0	0.0	0.0	0.0	0.0	0.0
1109.1301860166857	-1.716597675725552	2.946707580306368	1230169.769533408	1150.643011967112	-14.725685669297263	1323979.3409887473	216.8458184309468	1072.1545254969728	-1.2140729572001874	1.473973145404808	1149515.326543639	1076.9649493891136	1086.363671387155	1.269732	25.241688	0.0419918738383345	0.0239629208061518	0.1439016635	0.0826208526	0.0727888792	-0.0743412439	-0.1024816391	-0.1636477852	0.174678587	0.0203580936	-0.057063922	0.066202158	0.0065877207	0.0944625927	0.1195605583	0.0520331029	0.0784047052	0.0979216161	-0.1781170436	-0.0212279051	0.0145215189	0.0191511147	-0.1125190105	0.1158548505	0.0171127837	0.0839201697	-0.0631588837	-0.0822723161	-0.065885082	-0.101525504	-0.0290556185	-0.1389708332	0.0483360898	0.105528825	-0.0565990004	0.0459686584	-0.0488463599	0.014314593	-0.1011210712	-0.1175088046	-0.011272606	-0.0326696672	0.0142891022	-0.0838934982	-0.0019552023	0.0485598248	-0.0978665663	0.0236558367	-0.1022651429	0.1903002593	0.0261978717	-0.0518306642	0.1090899373	-0.1008485609	-0.020227968	0.0182250454	-0.1404314858	-0.0447652008	0.147763735	-0.0285769966	0.0566956023	-0.0197143602	-0.035115048	0.0114361377	-0.037040316	0.0186542795	-0.0667110875	-0.008106479	0.142763384	-0.0357662001	-0.0864024094	-0.0840716395	-0.1289978099	-0.0303893939	-0.1446005051	0.0437445895	-0.0039096067	0.1515042287	-0.1547050693	0.0455709054	-0.0256520576	-0.0902918726	0.0829497733	-0.0723835575	0.036490762	0.0060009873	-0.1230112128	-0.0812878061	-0.0300777979	-0.0279530121	0.0838840931	-0.1582012395	0.0732695097	0.0317211139	0.0230136805	0.0126825251	-0.0384756574	0.0134177362	-0.0961685506	-0.1349407255	0.0805495056	-0.0325510635	-0.0256934988	-0.035425049	-0.0625369575	-0.0749500263	-0.1212334863	-0.0418787092	-0.1190280298	-0.0835473662	-0.1224136602	0.0245161369	-0.0284936948	-0.1119212155	0.110421633	-0.0869772692	-0.0272780251	0.1287932155	-0.0594938791	0.0478961411	0.0525573532	-0.076167904	-0.0174715221	0.0994456836	0.0050954778	0.0138989765	0.1087944238	0.1532531493	-0.0158394021	-0.0029116772	-0.0321583469	0.0465688243	-0.0637113885	-0.1759216569	-0.1050129386	-0.1031916627	-0.0044361719	-0.2286046032	0.0059771475	-0.0859406568	0.0462995963	-0.0440708634	0.0264872028	-0.12916237	-0.0241301122	-0.0518214054	0.0203704139	-0.0802329343	-0.0904956079	0.1306978242	-0.0039471485	0.0669641576	-0.0230836996	0.0217628258	0.0151964173	0.0072507637	-0.0517807298	0.0583698142	-0.0092565753	-0.0558331264	0.1024459312	0.0778019275	0.0410229053	-0.0021545924	-0.0449960313	-1.5241258253695378e-05	0.0062237931958719	2.3229595315583747e-10	3.873560174498142e-05	0.0014107217484564	-0.0027910873405546	7.790168542604149e-06	1.990135851567882e-06	-0.0109863825395137	0.0017232531003798	2.969601247968937e-06	0.0001207006013045	7.30038426729771e-05	-0.000414005554417	5.3295610450207915e-09	1.714005990881465e-07	-0.0001219977011785	-4.10544856780492e-05	1.685470794289147e-09	1.4883439092838582e-08	6.300445290100867e-05	-0.0001700147639354	3.96956108535542e-09	2.890501995604084e-08	0.0	0.0	0.0	0.0	0.0	0.0	0.0	0.0	0.0	0.0	0.0	0.0	0.0	0.0	0.0	0.0	0.0	0.0	0.0	0.0	0.0	0.0	0.0	0.0	0.0	0.0	0.0	0.0	0.0	0.0	0.0	0.0	0.0	0.0	0.0
1107.9650860566394	-1.165099960046291	1.3574579168998688	1227586.6319204962	1171.1120492017235	20.469037234611505	1371503.43178546	418.98148531191225	1072.0848860029384	-0.0696394940343907	0.0048496591293659	1149366.0027959335	1077.0004424325427	1103.003661921647	1.43231	28.47366	0.0324430623074647	0.0167227425679559	-0.0549179367	0.0148228813	0.2213689324	-0.0086817941	-0.0142067907	-0.0484902483	0.1101957405	-0.1962145694	-0.0431825612	0.0391441662	-0.0130930173	0.022748781	0.0727123038	0.1504744073	0.0620269037	0.0544804603	-0.0918362136	-0.0510545397	-0.1246022857	0.0296199262	-0.104915135	0.0748453471	0.035217613	0.1016502663	0.0104122571	0.0806588718	-0.0097018061	0.0646038349	0.0683215541	-0.0030128991	0.015253889	-0.0580613394	-0.0833701045	-0.0776305759	0.0289644568	-0.0975103142	-0.029745576	0.0346672557	-0.0647890136	-0.1049313316	0.1270992789	-0.1114842575	0.0094159449	0.1609607061	-0.0314764456	0.0502286203	0.0144251061	-0.0881635745	0.0869363347	0.0302199784	0.1153955652	0.0311848742	-0.0705052373	0.0085999594	-0.0596055238	0.2048514349	-0.0694762381	0.0405880802	0.144409433	0.0663386714	-0.0658112728	-0.0349889268	-0.0537797987	0.0460881728	-0.1586032172	0.0683163764	-0.0018499485	-0.0496865225	-0.0085713893	0.0158431148	-0.0206449318	0.0167887218	0.0214432398	-0.0349783343	0.0295120441	0.0788591012	-0.0130970778	0.1753576032	-0.0702130908	-0.0796055492	0.0563893743	-0.1129284541	-0.0153431461	-0.0614000222	-0.0456246071	0.0804901147	-0.0106191418	0.0476619416	0.017944325	-0.0442944546	-0.0087707609	-0.0486969134	-0.0990779592	-0.049567238	0.03519669	0.1129226447	0.0223133223	-0.0308041957	-0.026672838	0.0781072459	-0.174651727	0.0267540848	-0.0605761297	-0.1307683248	-0.0519991454	-0.0541027175	0.083077032	-0.0120934857	0.1289506886	-0.1524973106	-0.0186335868	-0.0612823815	-0.021002957	-0.1775403259	0.071844449	-0.0717548169	0.0472546231	0.0717223079	-0.0440039217	0.0122802044	0.0875892098	-0.0338599644	-0.0721037174	0.0458966667	0.1837456125	0.0441010763	0.049223802	0.0808627189	-0.0415376998	0.0208990391	0.0757659073	-0.0014228062	-0.0198795807	0.0115201935	-0.0156717037	-0.1487829615	-0.0780420823	0.1607930928	0.0295593958	0.1008473946	0.0344843764	-0.2049470572	-0.0085129062	-0.0230097551	0.0214564428	-0.0789402403	0.0329256237	0.0713569213	-0.0104601239	-0.0037125839	-0.0520174077	0.11064358	-0.0017300356	0.0481416482	0.0950958808	0.0108792282	0.0368421923	-0.1676831347	0.1015925006	0.0746675401	0.0349494174	-0.0107567634	-0.0546199342	-0.0062762899443669	-0.0062610486861132	3.939181546576106e-05	3.920073064987989e-05	0.0010728739861605	-0.0003378477622958	1.1414111048834687e-07	1.1510585901799208e-06	-0.0059413582861651	0.0050450242533486	2.5452269716875603e-05	3.5299738284582695e-05	9.098765295832688e-05	1.7983810285349784e-05	8.27875299086493e-09	3.234174323794527e-10	0.0001060106006245	0.000228008301803	5.198778569108793e-08	1.123824744476724e-08	0.0002329951729268	0.0001699907200257	5.428675060718944e-08	2.8896844894886977e-08	0.0	0.0	0.0	0.0	0.0	0.0	0.0	0.0	0.0	0.0	0.0	0.0	0.0	0.0	0.0	0.0	0.0	0.0	0.0	0.0	0.0	0.0	0.0	0.0	0.0	0.0	0.0	0.0	0.0	0.0	0.0	0.0	0.0	0.0	0.0
1104.9939973333803	-2.971088723259072	8.827368201477224	1221011.7341428024	1144.3139602265371	-26.79808897518637	1309454.4395693408	718.1375727220055	1073.475396616213	1.3905106132745004	1.9335197656290275	1152349.4271403358	1078.3711909695896	1064.1353246322624	1.524368	30.30373	0.1012977081225815	0.058376277078682	0.1104867661	-0.0695672697	-0.0061595268	0.1101693969	-0.046797518	-0.0902527076	0.0583007538	-0.005248547	-0.0582765558	-0.1271045936	0.0232153794	0.0876673466	0.1194390426	-0.0036931842	-0.0252734213	-0.063196683	-0.085400819	0.0489250005	0.124976248	0.1552378887	-0.0238666665	0.0652622979	0.0851066649	0.0415480506	-0.0252012185	-0.144520216	0.0346433253	0.071289715	0.1226651776	0.0151969349	0.0021103275	0.1437918321	0.0409979063	0.0530894829	0.0783975087	0.0202776042	-0.1472751932	0.1135121239	0.0977776027	-0.0289614568	0.0700002383	-0.0523767096	0.0165584414	0.032478886	-0.0614916629	0.1260205292	-0.0522571334	0.0072444892	0.0362903807	0.2114351171	-0.046371745	-0.0915207444	0.1449984492	0.0897561778	0.0195359052	-0.0130800194	0.0075734426	0.0083357732	-0.1128460053	0.049238947	0.1025329872	-0.0198947315	0.0013918432	-0.0374131153	0.1425703933	-0.0499299521	-0.0765089812	0.0205379503	-0.053935223	0.0250216703	-0.0697690988	-0.0565133466	0.0310515448	0.0685728866	-0.0141510197	-0.0420668068	-0.1158121156	-0.0433546307	0.0075471782	0.0487873492	0.1397317234	-0.0700794019	-0.1415043319	0.0098047784	-0.0645527657	-0.0688914896	0.0924576583	0.1539918296	0.0349832661	-0.0692535498	-0.0597153956	0.0951652152	0.142758745	-0.0602837625	-0.0923417347	0.0546131324	-0.1161212283	0.0278475958	0.0282341575	0.0760012083	-0.1121443592	-0.0103572101	0.0233482196	0.0094616631	-0.0926380017	-0.0676891143	0.06720628	-0.009674209	0.126066026	0.1067632449	-0.1708507233	0.0496634711	0.1735741311	0.0686487635	-0.0916789068	0.0049162791	-0.020702525	-0.0258448801	0.0355824968	0.1152749062	-0.0133762169	-0.0257733034	0.0702175341	-0.0571733839	-0.1176834794	-0.0589951678	-0.0902208723	-0.0808154346	-0.0518970814	0.0120916895	0.0291196938	-0.0638957073	0.0102857879	-0.0036747587	-0.0564786637	-0.0866200944	0.0408560453	-0.0115958133	-0.072841264	-0.2126714617	0.1000295569	-0.1612101215	0.0089063671	-0.0422935278	-0.1324136142	0.0422391329	0.0617483208	0.0694222961	0.0565421599	-0.032503191	-0.0556589393	0.0216929107	-0.0016844337	0.0772675617	0.0905088144	0.0490873808	-0.0986926213	-0.1395716501	0.1007008652	0.0714208455	0.0287576717	-0.019294242	-0.0637307152	-0.0062357234073715	4.0566536995400096e-05	3.888424641324083e-05	1.6456439237991647e-09	-0.0524816124090961	-0.0535544863952566	0.0028680830130597	0.0027543196410585	0.0030612789982171	0.0090026372843822	8.10474780741485e-05	9.37142910492509e-06	0.0005030005465419	0.0004120128935835	2.5300954982145014e-07	1.6975462447910877e-07	-4.799371235408856e-05	-0.0001540043129785	2.3717328416007065e-08	2.303396425526993e-09	2.501202137001496e-05	-0.0002079831515567	6.256012130140851e-10	4.3256991331492626e-08	0.0	0.0	1.0	0.0	0.0	0.0	0.0	0.0	0.0	0.0	0.0	0.0	0.0	0.0	0.0	0.0	0.0	0.0	0.0	0.0	0.0	0.0	0.0	0.0	0.0	0.0	0.0	0.0	0.0	0.0	0.0	0.0	0.0	0.0	0.0
1103.154967720276	-1.8390296131042303	3.382029917874296	1216950.8828059237	1141.2457821980677	-3.068178028469447	1302441.9353848794	9.413716414382662	1073.424467607334	-0.0509290088789384	0.0025937639453909	1152240.0876580884	1078.616071190615	1079.6408838095963	1.396822	27.768166	0.1252616377248598	0.0726506110131516	-0.0304711273	0.100299784	0.0055076921	-0.0591703794	0.0832865213	-0.1425758951	-0.0288226939	0.0408695706	-0.0866767271	0.0412733832	0.0317589796	0.1514767702	0.0314356561	0.0590811352	-0.0487716517	-0.1332727911	-0.0624112504	0.0823935693	0.0167211824	-0.0179872464	-0.0891636096	0.0756266942	-0.0993737855	-0.0722388153	-0.029848393	-0.0820419124	-0.1340543914	0.0563708925	0.1226950455	-0.0764971812	-0.006472211	0.0803573967	0.0538708632	-0.0243621623	-0.0645999346	-0.1182477824	-0.1129035595	-0.0889020368	-0.0853628693	-0.0984800017	0.1334388319	-0.049010276	-0.0142863579	-0.1076426205	0.0655016729	-0.0104863532	-0.0104622517	0.0643218304	-0.0109360609	0.0511175855	0.0787930627	-0.0066639348	-0.0138329803	0.0262818374	-0.0353923377	0.0209644251	-0.0734860998	0.1916655488	0.0237187651	-0.0047521166	0.1440805732	-0.0103432759	-0.048385634	-0.1423415153	0.054851013	-0.1810739271	0.1195464271	-0.0010880195	0.0343826131	-0.0135482653	0.0009679447	-0.0007686263	0.0845681079	0.1025421555	-0.0033894029	-0.1202501643	-0.101032486	-0.0501427518	-0.0655617651	-0.0927371234	0.0271810424	-0.0299493281	0.0963970632	0.1081477745	0.0374676365	-0.0385938521	-0.0365242301	0.1628859121	-0.0096379439	-0.1315593201	-0.0430935053	0.054812861	0.0602164783	0.0543205853	0.0905490003	0.1195449135	-0.0084578671	-0.1511828399	0.0344881802	0.0590963092	-0.1229074469	0.0831963939	-0.05169311	0.0310182554	0.0827542136	-0.0246050124	-0.0912558228	-0.0673673563	-0.0146761256	0.0708625163	-0.0368446224	-0.0755599837	0.0493556907	-0.0117060183	-0.0023511867	-0.0055574153	0.018030184	-0.1788953328	-0.0093254295	0.0386796286	0.1794490793	-0.0445493102	-0.0645997098	-0.1345357889	0.0454181919	0.0522810238	-0.1876440445	-0.0597804427	0.0402779519	0.0261612127	-0.0139426071	0.0409163217	0.0352779143	-0.0077461198	0.0294911713	-0.0673501514	-0.0360977896	-0.0335358698	0.1509549825	0.0007377274	0.0180052731	-0.2109829818	0.016869386	0.0272362411	-0.0337229996	0.1138095713	-0.0813835817	0.1388979225	-0.021269411	0.0663743361	-0.019831834	-0.1227474458	-0.1347183787	-0.0223871169	0.0837867621	0.0529813276	0.0700886715	-0.1207985976	0.0997713604	0.0680667272	0.0224686191	-0.0277156827	-0.0722427837	0.0043831725869551	0.0106188959943266	1.9212201927034665e-05	0.0001127609521383	0.0157597560026658	0.0682413684117619	0.0046568843627098	0.0002483699092635	0.0119130254413732	0.0088517464431561	7.835341509392668e-05	0.0001419201751668	0.0001150092526244	-0.0003879912939175	1.3227128189223062e-08	1.505372441557759e-07	0.0001059894191428	0.0001539831314968	2.3710804785588072e-08	1.1233756970228135e-08	-0.0001840060907279	-0.0002090181120979	3.385824142496417e-08	4.3688571184976544e-08	0.0	0.0	0.0	0.0	0.0	0.0	0.0	0.0	0.0	0.0	0.0	0.0	0.0	0.0	0.0	0.0	0.0	0.0	0.0	0.0	0.0	0.0	0.0	0.0	0.0	0.0	0.0	0.0	0.0	0.0	0.0	0.0	0.0	0.0	0.0
1100.9898333925246	-2.1651343277515025	4.68780665720795	1212178.613233699	1149.030061749285	7.784279551217423	1320270.082803566	60.59500813150173	1072.2210611718	-1.203406435533907	1.4481870490844233	1149658.004020381	1077.3709112032968	1067.9165149778933	1.303494	25.912849	0.0526114477789373	0.0299984204084241	-0.044036588	-0.0864293096	0.013640746	0.109636394	-0.0360300767	-0.0633794446	-0.0722840894	-0.0818262119	-0.0215386576	-0.0161009437	-0.0178013575	0.1275323896	0.0057450383	0.0093916828	0.0372597101	-0.1706247563	-0.0902168967	-0.026264318	-0.0762973976	-0.0759051714	0.009462186	-0.0389068802	0.0507270853	0.0019094323	0.0184693945	0.0134087949	0.0670136823	0.0545655658	0.0050193296	-0.0397336173	0.0594735923	0.065318643	-0.0765385047	0.0433756197	-0.0644258544	-0.0539833675	-0.0423931064	0.0832460606	-0.1341584807	0.0228349406	0.0177560365	0.0115825878	-0.0223051017	-0.0645645294	-0.0134656956	-0.0685713082	-0.0361488881	0.0429284559	-0.0995427592	-0.0052228113	-0.0699027913	0.0484169421	-0.0136797657	0.0802367415	0.0250713647	-0.0824916122	0.0211271372	-0.0418902858	0.1122550229	-0.0573638074	-0.1139909532	0.0673653587	0.0443924119	0.0025263121	-0.058405019	-0.0217823728	-0.0784279001	-0.0720207686	0.0335773515	0.1506499969	0.0251464668	-0.0054120748	0.0775250982	0.0248040426	0.0993573295	-0.1312644455	-0.0842077282	0.1104452787	-0.051922124	0.018072878	-0.090047512	0.0008257585	-0.02915801	0.0021428607	-0.0092929344	0.0186401366	0.0631288979	-0.0483361735	-0.0374632063	-0.0950447076	0.0659960009	0.0141330481	-0.0225226213	0.0768936823	-0.0202783157	0.0806798427	-0.0388916329	-0.0365747328	-0.1201005818	0.0724182912	0.035231684	0.0326324675	-0.004221539	0.0418056635	0.0433956893	0.0529426377	-0.0851305978	0.0223663042	-0.0127161467	0.0409408012	0.0550134137	0.078016895	-0.0369216335	-0.0005254129	-0.1500328072	0.0240078339	-0.0024007959	0.0821544844	-0.0483129932	-0.1267470573	-0.0160562339	0.0892136963	-0.0376037602	-0.0101942949	0.0087942029	-0.0586562467	-0.0054886813	0.1189169749	0.0496761409	0.0725936718	0.1079238402	0.0427646645	0.0671583205	-0.0156891572	0.0390036726	-0.0136923811	0.0563824924	0.0146361107	-0.0638753206	0.049405539	0.0284072817	-0.204216079	0.0218836296	-0.0572626619	-0.1079383243	-0.0415990093	0.036715085	0.1275216365	-0.0161172842	0.0403774124	0.0110384524	-0.1027815394	-0.0167349659	-0.0585628996	-0.1437319738	0.0032900388	0.0264693741	-0.0465909152	0.0988043356	0.0646102301	0.0161035399	-0.035970438	-0.080076174	0.0042797387967397	-0.0001034337902154	1.8316164168318976e-05	1.0698548958323389e-08	0.0123655349450046	-0.0033942210576612	1.1520736588270726e-05	0.0001529064544761	0.0135530768530429	0.0016400514116696	2.6897686329197704e-06	0.0001836858921844	-0.0001419949375038	-0.0002570041901282	2.016256227670807e-08	6.605115374345197e-08	-0.0003760018246037	-0.0004819912437464	2.3231555904829797e-07	1.4137737210531156e-07	2.647330578522009e-05	0.0002104793965131	7.008359191977674e-10	4.430157635652723e-08	0.0	0.0	0.0	0.0	0.0	0.0	0.0	0.0	0.0	0.0	0.0	0.0	0.0	0.0	0.0	0.0	0.0	0.0	0.0	0.0	0.0	0.0	0.0	0.0	0.0	0.0	0.0	0.0	0.0	0.0	0.0	0.0	0.0	0.0	0.0
1099.091093396265	-1.8987399962595648	3.6052135733957713	1208001.2315829974	1135.2444188450531	-13.785642904231963	1288779.8905188425	190.04395028300107	1070.9303943116593	-1.2906668601408455	1.665820943865829	1146891.909460526	1075.8049347069757	1061.026058792853	1.419885	28.226646	0.0683056433775779	0.0358853349131253	-0.0485772796	0.1017381898	-0.1072778286	-0.032035436	0.0321878298	-0.1135636144	-0.0624509946	0.0860090216	0.0552366866	0.0163565349	0.1057412631	0.0593188522	0.0906497369	0.073890299	0.1209479667	-0.0492251745	-0.0546644173	-0.0214030966	0.1050800708	0.0266067348	-0.1467190968	-0.0464503529	0.0214585242	0.163164336	0.0115460943	0.0314874194	-0.0562420536	-0.1080668152	0.0781379282	0.0570418197	-0.0766258451	-0.0375826144	-0.0280728943	-0.0477437217	0.0011435108	-0.0936047593	-0.0362871825	0.0513953815	0.1418034811	-0.1277958931	0.057812588	-0.0752968583	0.1210943581	-0.105854338	0.118284099	0.0407162977	-0.0493642035	-0.1139546698	-0.1003002761	-0.0025391361	-0.0313827445	0.0959356212	-0.0085050098	-0.0379796883	-0.0158222901	-0.0389106376	0.1638503435	-0.0855898709	0.0112019645	0.1573707997	0.0078748728	-0.0736956692	-0.1395895979	-0.0448773285	0.117787737	-0.0096912362	0.0180789426	0.0655040493	-0.0191896737	0.0583414456	-0.069374116	0.1399330314	0.0388903422	0.1167306915	0.1228191974	0.0241208534	-0.0974740257	-0.0416048207	0.0665778522	-0.0402845885	0.0151678467	-0.158420523	0.0006149764	-0.1031163553	-0.0273734998	0.0231809744	-0.0927640447	0.0706281045	0.1466736969	0.0393295383	-0.0073247728	0.0278343602	-0.0682786833	-0.0119129449	0.006006361	0.1034668109	-0.0283244462	0.1230384375	0.1212318714	0.0059243632	-0.1768285503	0.0543805271	0.1139732685	0.0354875305	0.1181757071	-0.0936179542	-0.0332326741	0.1190231563	0.039938968	0.0151734233	0.0791844888	0.0605744984	-0.0687451007	0.0270494799	0.0159197262	0.1508053244	-0.144790916	0.0847597044	0.0552527714	0.0621241303	0.0227754247	-0.0870258233	0.1266994221	0.0078282821	0.0532434469	0.0040704762	-0.0878010126	-0.1397060619	-0.0363538346	0.013408062	0.1451941876	0.0475084081	-0.0113133787	0.000365849	0.0046071641	0.0995743837	-0.0919499354	-0.0461993057	0.0453256086	-0.109200262	-0.0558772204	-0.2338496009	0.1243347106	0.1106069491	0.1763506871	-0.1398824376	0.0643061028	0.1882425897	-0.1048195622	0.032630196	0.0848975841	-0.1292873873	0.0042292794	0.091743329	-0.0022530359	-0.0170593948	0.1227045637	-0.0035367742	0.0978001546	0.0610565531	0.0096839714	-0.0440088629	-0.0871572961	0.0050522564221893	0.0007725176254495	2.5525294955553024e-05	5.967834816302879e-07	-0.0008062413966598	-0.0131717763416644	0.0001734956919948	6.50025189687945e-07	0.0059682400667355	-0.0075848367863074	5.752974907492196e-05	3.561988949418696e-05	0.0003779996150342	0.000519994552538	1.428837089660034e-07	2.703943346691949e-07	1.4009827744132508e-05	0.0003900116523478	1.5210908896708658e-07	1.962752734202649e-10	5.199735338251932e-05	2.5524047597299232e-05	2.7037247587865942e-09	6.514770057491966e-10	0.0	0.0	0.0	0.0	0.0	0.0	0.0	0.0	0.0	0.0	0.0	0.0	0.0	0.0	0.0	0.0	0.0	0.0	0.0	0.0	0.0	0.0	0.0	0.0	0.0	0.0	0.0	0.0	0.0	0.0	0.0	0.0	0.0	0.0	0.0
1098.3122292344483	-0.7788641618167276	0.6066293825624736	1206289.7528859433	1142.340523271808	7.096104426754891	1304941.8711089082	50.354698035410365	1071.4065544027214	0.4761600910621837	0.2267284323203471	1147912.0048171117	1076.4389865071396	1056.0803876969192	1.418196	28.193071	0.0657048286870617	0.037282140646537	-0.1603166317	-0.0989563841	0.0056686137	0.0156687315	0.0645051232	0.01224007	-0.1320841006	-0.05688323	0.1136751074	0.0497738307	0.0736680613	-0.0421897135	0.0122807711	-0.0421756455	0.0980645597	-0.0286101967	-0.0308647771	-0.0941823894	-0.0760262494	-0.0505723161	-0.1123981021	-0.0370085315	0.030981642	0.2215044274	0.13264117	0.0234490698	0.0606182024	0.0183424716	0.0191482617	0.1298215688	-0.0356922588	-0.1322249403	-0.054691977	-0.0121377726	0.0245156062	0.1600364545	-0.0117541964	0.0324374746	-0.0279915363	-0.0355476263	-0.1089308542	-0.0135737786	0.0674980845	0.0955355736	-0.0044040046	0.1640729201	-0.0289951533	0.207244367	0.0383804666	-0.0112602813	0.0311975947	0.1060388092	-0.0487221969	0.0556302733	0.0269087078	-0.0530974105	0.1040592334	-0.1176674685	-0.0129907465	-0.0005169638	-0.0452142978	0.0787840249	0.0495320676	-0.0448698503	0.0163325578	-0.0479407789	0.0570778845	0.176098766	-0.0012806161	0.0092872813	0.114795296	-0.0114558858	0.1420581511	-0.0171074732	0.1121092252	0.0077704332	0.0158099249	0.1517137885	0.010832563	-0.0447779976	-0.0626178705	-0.1532309252	-0.0672340596	-0.2200364694	0.0531167567	-0.0125978365	0.0281167602	0.0405259061	0.0582723416	0.117720714	-0.0064023487	-0.083465157	-0.0835348079	-0.0946916285	-0.0606978972	-0.0414492742	-0.0880847661	0.0097971266	-0.0749633299	-0.1193400642	0.049279678	-0.0045011903	0.0172552247	-0.0752065775	-0.066777746	-0.1741918382	0.0141334766	-0.0577255084	-0.1179227411	0.0755443399	-0.0143283493	-0.0238802457	-0.0841943393	-0.0471752323	-0.0624918695	0.0066817167	-0.0734937836	0.0782049165	0.0500225795	-0.0621682194	-0.0849440397	0.1617333453	0.0291792309	-0.0229698941	0.0232825293	-0.0246946093	0.0113323562	-0.202281552	0.0404612085	0.0140479348	-0.0383886939	0.1518435913	0.1237675387	0.0108152408	0.0174037796	0.1031810119	0.0724804989	0.1466167023	0.0593820286	0.0200176159	-0.0433214589	-0.1351668101	0.1146566268	0.0453207116	0.0880178989	-0.0801434791	0.1392192933	0.0583815558	0.0042384262	-0.0639753142	-0.0294599083	-0.0318463969	0.0093119973	0.0489948263	-0.0643030158	-0.0750365822	0.0539961215	-0.003315752	0.0967591949	0.0574110412	0.0032316354	-0.0517826133	-0.0934196269	0.0052563424149099	0.0002040859927205	2.7629135582780835e-05	4.1651092424752735e-08	-0.0260292310370857	-0.0252229896404258	0.000636199206401	0.0006775208683819	0.0070454233220687	0.0010771832553332	1.160323765570231e-06	4.963798978714956e-05	-8.200763483956896e-05	-0.0004600072498737	6.725252171980085e-09	2.1160666993642813e-07	-9.19931958032194e-05	-0.0001060030235473	1.1236641001180441e-08	8.462748074089463e-09	-0.000166003769168	-0.0002180011225505	2.7557251377982633e-08	4.752448943328655e-08	0.0	0.0	0.0	0.0	0.0	0.0	0.0	0.0	0.0	0.0	0.0	0.0	0.0	0.0	0.0	0.0	0.0	0.0	0.0	0.0	0.0	0.0	0.0	0.0	0.0	0.0	0.0	0.0	0.0	0.0	0.0	0.0	0.0	0.0	0.0
1101.974888886184	3.662659651735794	13.415075724453366	1214348.655735718	1140.4159208841902	-1.924602387617824	1300548.4726061355	3.7040943504242296	1072.355645770235	0.9490913675135744	0.9007744238887868	1149946.6310152975	1077.0254168214997	1037.6744817147385	1.372278	27.280245	0.0971002861096864	0.0525942797237157	0.0224841304	-0.0963970189	-0.0606187898	0.0885575533	0.0508803073	0.1404481613	-0.0359776502	0.0148606731	0.1773934228	-0.026978161	-0.0032794463	-0.0391853534	-0.0479954867	-0.1202324247	-0.011897319	0.0143715476	0.0083373564	-0.0919810065	-0.0408307634	-0.107595672	0.0390781336	-0.1835038113	0.0352423862	0.0379421892	0.1632902202	-0.11272534	0.0479428754	-0.0265530382	0.019881952	-0.0212141998	0.0123053013	-0.0523042102	-0.0643298209	0.1117031434	-0.2218982287	-0.2569397698	-0.0171209641	-0.1054498399	0.0613022874	0.0657924017	0.0547331169	0.0359055647	-0.0111486894	0.1167612459	-0.1508410911	-0.0905668711	-0.1891783917	-0.1753315549	0.141325906	-0.0678348749	0.1065744962	0.0968954868	0.1298957851	0.0247142082	-0.0043113542	0.0682431692	0.0865421034	0.0712197422	0.0043996614	-0.0214360326	-0.0811992007	-0.0465347441	0.1201347092	0.1025057888	-0.0437612546	0.1553340602	0.0469722054	-0.076741865	-0.0720930046	-0.0695002526	-0.0371961546	0.069069366	0.0467208978	-0.0571522831	-0.0120137538	0.0169028656	0.0171067965	0.0546447689	0.0672067082	0.085823354	-0.2040939122	-0.0130302886	-0.0166317402	-0.1152764793	0.0605958435	-0.1785849316	0.0003175309	-0.0554974297	0.0112546188	-0.0286198561	-0.0157158646	-0.0264114894	-0.0562113931	0.2614082453	0.035159027	0.1989713486	0.1057974663	0.0087155242	0.1647539621	0.0150213937	0.0317728617	-0.0213659997	-0.0540767269	-0.0986882959	-0.1846932312	0.1271748565	-0.0624078091	0.1968686039	0.0583028638	-0.1145370453	-0.2184272649	-0.0875461859	-0.0455652689	-0.0476574659	0.0624421692	0.0247278334	-0.0458915421	0.0767795641	-0.1342545091	-0.0207061595	-0.0729984316	-0.0404531434	-0.0795716985	-0.0047084187	0.0090320288	0.1232740032	0.1304444792	0.0899220001	-0.1432503595	-0.0073215554	0.0349021977	0.0270016096	-0.0137743915	0.078944519	0.0364087845	0.0624565809	0.0743480331	0.0099575769	-0.1094427034	-0.0159692002	-0.1113175072	-0.0585895402	0.0369198672	0.0056457695	0.0582555126	0.0670536589	0.1606667663	-0.0891734716	0.128799027	0.1185203437	-0.0144379156	-0.0768786838	-0.175067329	0.1452862815	-0.2015481882	0.0899979682	-0.072928111	0.0710995711	0.095681848	0.0536791777	-0.0032316354	-0.059244937	-0.0988043356	0.0115988762114369	0.006342533796527	0.0001345339293682	4.022773496008721e-05	0.0195053913597291	0.0455346223968148	0.0020734018368205	0.0003804602920961	0.0135214660447928	0.0064760427227241	4.193912934654778e-05	0.0001828300440004	-0.0001639628489616	-8.195521412203103e-05	2.6883815839604453e-08	6.716657121787953e-09	-0.0004560133286872	-0.0003640201328839	1.325106571448709e-07	2.079481559403803e-07	0.0001629626276984	0.0003289663968663	2.6556818026367324e-08	1.0821889026726177e-07	0.0	0.0	0.0	0.0	0.0	0.0	0.0	0.0	0.0	0.0	0.0	0.0	0.0	0.0	0.0	0.0	0.0	0.0	0.0	0.0	0.0	0.0	0.0	0.0	0.0	0.0	0.0	0.0	0.0	0.0	0.0	0.0	0.0	0.0	0.0
1104.647321475624	2.67243258943995	7.141895945100716	1220245.7048432706	1145.8789447267736	5.463023842583425	1313038.5559681442	29.84462950463497	1074.3845204188062	2.028874648571218	4.116332339614984	1154302.0977155482	1079.129531740616	1058.447352725536	1.202699	23.909105	0.0582539892498914	0.0312074233357901	0.0141480918	-0.098457805	0.0174871733	0.0535243941	0.0547210471	0.0639899576	-0.0223119836	-0.034922251	0.0717249616	0.0103709703	-0.001940902	-0.0863639478	-0.0236689286	0.0604135367	-0.1338661155	0.0491581972	0.0674558861	-0.0041916076	-0.0427520441	-0.1312756752	0.0376977279	-0.1058452082	-0.0392178868	-0.0416260012	0.1838088509	-0.0162680922	0.0920556427	-0.0652010493	0.022996462	-0.1244812882	-0.0777237433	-0.1656394008	0.0037808771	-0.036191182	-0.0577144338	0.015827422	-0.0232503334	-0.0608873499	0.0742229821	0.0034405809	-0.0714029097	-0.1560545041	0.0136947424	0.0472988967	-0.0356398654	-0.0919000933	0.1225089766	-0.1135898521	-0.1334133156	0.0032781238	0.1785161074	0.0777997241	-0.0558893818	0.0478940081	-0.1188487245	-0.0248586308	-0.0031090099	0.057043993	-0.0179207955	0.0340376729	0.073947909	0.0170054805	-0.0705004229	0.0792800367	-0.0016201671	0.0344837456	-0.0390772506	-0.0528797001	0.0482411507	0.1196205933	-0.0468699859	0.0128610214	-0.0525007138	0.0929599877	-0.1213259052	-0.0276734982	0.1006168768	0.000319671	-0.0011520339	-0.0114740018	-0.1732481752	0.0247640749	0.0145847425	-0.0707350098	0.1499247749	-0.1079001595	-0.0264086987	-0.1029378481	0.0778721498	-0.0176520225	-0.1697856009	-0.1106906514	-0.0841395738	0.0375005523	0.0459873668	-0.0282227291	-0.0125610803	-0.0241962796	0.0747785415	-0.0138182794	-0.1245100924	-0.170077411	0.0160392802	-7.11498e-05	0.0262035552	0.1181563347	0.0824259749	0.0495788446	0.0786761407	0.0070862643	0.145010514	-0.1690190577	-0.0532021102	-0.0620022692	-0.0643446186	0.0343474031	0.029077852	-0.0852121229	0.0578961279	0.0383271867	0.0726002633	-0.0269203802	0.0149385201	0.116854314	-0.0099773218	-0.0087281209	0.0401776027	0.0237138999	0.0638820536	0.047141166	0.1079732495	-0.036649916	-0.0325591804	-0.0988746334	0.0644476979	0.0345240454	0.0071443299	0.1099818391	-0.1324121992	0.0095229346	-0.0627632185	-0.102094464	0.0258100608	0.0052771571	0.0853745838	0.035575431	0.0858306593	-0.1731128424	0.0693328125	0.018342322	0.1143825694	0.1724147603	-0.1541496081	0.1011572037	-0.1268218528	0.143218877	0.0717119838	0.1071731455	0.0945685192	0.0498665756	-0.0096839714	-0.0663509546	-0.103260836	0.0028589665587759	-0.008739909652661	8.17368978419891e-06	7.638602073667693e-05	0.0152554372349129	-0.0042499541248162	1.806211006304224e-05	0.0002327283652283	0.019037569961867	0.0055161039170741	3.0427402423961323e-05	0.0003624290700529	-0.0006298879448217	-0.0004659250958601	3.96758823031705e-07	2.170861949522434e-07	-0.0004561551737798	-1.418450926000091e-07	2.012003029470515e-14	2.0807754256607958e-07	0.0004918561178525	0.0003288934901541	2.419224406689324e-07	1.081709278657451e-07	0.0	0.0	0.0	0.0	0.0	0.0	0.0	0.0	0.0	0.0	0.0	0.0	0.0	0.0	0.0	0.0	0.0	0.0	0.0	0.0	0.0	0.0	0.0	0.0	0.0	0.0	0.0	0.0	0.0	0.0	0.0	0.0	0.0	0.0	0.0
1100.901036133594	-3.746285342029978	14.03465386390867	1211983.091360021	1141.7983970752025	-4.080547651571123	1303703.5795635018	16.65086913674261	1073.5248153588584	-0.859705059947828	0.7390927900998985	1152455.529191271	1078.7227965905734	1053.654639121219	1.204578	23.946445	0.0312329415191053	0.0202028826536018	0.0056576593	-0.04025058	-0.0724495667	0.0966187148	0.0050596315	-0.0015489784	-0.0302909605	0.0339470166	0.0802293229	-0.017707806	0.10779314	0.0313813649	-0.0169666035	0.0247823977	-0.0755147377	-0.108891131	0.0350826265	-0.0244750082	-0.0306798009	0.0338924322	0.0558581225	0.0075553916	-0.0838483904	-0.07114799	0.0494524839	0.0365772555	-0.028677478	-0.0510701404	0.0663446067	-0.1103563799	-0.1561844264	-0.107398699	0.1133380588	0.0233799737	0.1186869256	-0.013381729	-0.1917266952	0.0371849023	-0.0094459819	-0.0231056662	0.0382749746	0.0179994313	0.0323981142	0.0724116177	0.1156383185	0.0805882672	0.071448292	-0.0201235421	-0.012312869	-0.0310406622	-0.0955389938	-0.1471551302	-0.0052026416	-0.030051274	0.0804336146	-0.0181070341	-0.0253443474	0.1070337954	-0.0035350884	-0.0898239984	-0.0623204047	-0.0826742994	0.0994246931	0.0559118278	0.0849468453	0.0847624238	0.0112391159	-0.0442972488	-0.0518731917	-0.129249182	0.130075927	-0.0435663446	0.0301015844	0.0938781547	-0.0137734368	-0.1448361272	0.0061702528	-0.0124182736	0.0253332622	0.0454029217	0.0178036331	0.0878468164	0.0816976445	0.0496333109	0.0938821643	0.0056993867	-0.0810354898	-0.0129660465	0.1091257961	-0.0008152776	-0.2286533982	-0.0596973618	0.057629181	-0.1113642166	-0.0473010277	0.1036720298	-0.0463634809	-0.0400315342	0.0275651195	0.0277963179	0.0188600513	0.0559866656	0.0197292419	-0.0298249509	0.0917696188	-0.0525060494	0.0752540408	-0.032404326	-0.0094661182	-0.0780783443	0.0816430518	0.0870047732	0.1271208153	0.0338479753	0.0422957623	-0.0657409608	-0.0193738062	-0.0297121433	-0.0926027977	-0.0444220957	-0.0619559706	-0.0740572796	-0.0636240819	0.030284306	-0.1298122292	0.0767625561	0.0429246799	-0.0116740526	-0.1093539582	-0.0762394966	-0.1125608817	0.0326770315	0.033141433	-0.2203845816	0.0652891382	0.0412830868	0.0337512471	0.0011310738	-0.0291611856	-0.1559577761	-0.0882049302	-0.084006791	-0.0253760726	-0.0367863011	0.0147022117	0.198263474	0.0944856454	-0.1256704306	0.0476381634	0.0001185013	0.0252527528	0.1778853584	-0.0873190208	0.0459948199	0.1360900149	-0.0454936516	-0.0132733469	-0.0076901528	0.0934196269	0.0459789694	-0.0161035399	-0.0730579298	-0.106747262	0.0027421476130484	-0.0001168189457274	7.519373531747038e-06	1.364666608088451e-08	-0.0033030698668028	-0.0185585071017157	0.0003444181858444	1.0910270544980669e-05	0.0135304474800648	-0.0055071224818022	3.0328398029571225e-05	0.0001830730090107	-0.000610915747679	1.897219714269997e-05	3.732180507621917e-07	3.59944264421473e-10	-0.0004561132285711	4.194520869998724e-08	1.7594005328854854e-15	2.080392772775525e-07	0.0003698604004067	-0.0001219957174458	1.3679671578900444e-07	1.4882955075115484e-08	0.0	0.0	0.0	0.0	0.0	0.0	0.0	0.0	0.0	0.0	0.0	0.0	0.0	0.0	0.0	0.0	0.0	0.0	0.0	0.0	0.0	0.0	0.0	0.0	0.0	0.0	0.0	0.0	0.0	0.0	0.0	0.0	0.0	0.0	0.0
1099.713084789701	-1.187951343893019	1.4112283954572298	1209368.86885768	1132.5869938743217	-9.211403200880795	1282753.2986932728	84.84994892919696	1072.8056551409727	-0.7191602178857011	0.517191418989409	1150911.9737024517	1077.9188729367731	1055.4198523839316	1.226176	24.375807	0.0285785182466809	0.0154421756288628	-0.0702837403	0.0718110638	-0.105078862	0.0583097822	0.1130821284	0.0212115886	-0.0931715623	0.0832954117	0.0005752638	0.1243905122	-0.005551009	-0.0136694268	-0.0580520524	-0.0636756463	-0.008176115	-0.0635472917	-0.0083958586	0.0733850898	0.035890517	0.1002659311	0.1248667005	0.0299335107	-0.1622079653	-0.0200873779	0.0317965202	0.1898088867	0.2277556476	-0.0542929685	-0.0959304312	-0.1804403807	-0.0579254689	-0.1542014854	0.0103433636	-0.1035977021	-0.1594269278	-0.0162191531	0.0028093927	0.0173563461	0.0499393355	0.1080129002	0.0513916201	0.0251997321	0.0542088939	-0.0589144332	0.0417291672	0.0348709212	0.1501405304	0.1882445324	-0.0127907603	0.0631526026	0.0556232081	-0.0530853226	0.1027412901	-0.0177954145	0.0131914707	-0.0042047328	0.0214705766	0.0122925461	-0.0150794893	-0.0450582812	0.0086560214	0.0957086442	0.1282757087	-0.1935900126	-0.064228404	0.1368704643	0.0539293633	-0.0379604873	0.0147063624	0.0871379132	-0.0393923427	-0.0272380905	-0.0914031461	0.0596587638	0.0232050596	-0.0710519461	-0.0375523973	-0.0892840036	-0.0449247145	-0.0019403966	0.115822818	0.1498685182	0.0389631094	-0.05646943	0.1440148819	0.140770523	0.093953955	-0.2719123844	0.1008482099	-0.0098737182	-0.1432946873	-0.1486841114	-0.0866485352	0.0669654603	0.1333725061	-0.0162617054	-0.0290959023	0.0203859491	0.0244984451	0.0601635486	0.0911694572	-0.00651339	0.11515936	-0.0090227114	0.0534484608	-0.0176956427	0.0821609635	-0.1583214321	-0.0598176652	0.1817068887	-0.0548464355	-0.0859124894	0.0495234795	0.0432944679	0.0032219203	-0.0059236395	0.0252011936	-0.0061659028	-0.0231244316	-0.0433998612	-0.0328472504	0.041590326	0.0284219673	-0.228837536	0.0142094322	0.0178284912	0.1223197468	0.0764317267	0.1172463851	0.0692267771	0.0122625272	-0.0706953309	0.0037027193	0.001162608	0.1272920049	0.074764388	0.0240199978	-0.0345265477	0.1192219647	-0.0194824253	-0.0857006527	-0.0231951875	0.0394372818	-0.051628311	-0.0103409914	0.1179835192	-0.0301889222	-0.175524344	-0.004445853	-0.0279177475	0.0713627141	0.0018801057	-0.1110330905	-0.0362766968	-0.09202105	-0.0328315906	0.1194155953	-0.0690455434	0.0922356034	0.0420222065	-0.0224686191	-0.0793255261	-0.1092308605	0.0056849112459502	0.0029427636329018	3.231821587433106e-05	8.659857799129401e-06	-0.0033148816179391	-1.1811751136299889e-05	1.3951746490588166e-10	1.0988440140950544e-05	0.0227996678900126	0.0092692204099478	8.591844700819288e-05	0.0005198248558948	-0.0008009470921872	-0.0001900313445081	6.41516244483131e-07	3.6111911895594194e-08	-0.000456093015466	2.0213105100016625e-08	4.085696177843181e-16	2.0802083875686889e-07	0.0002328175089661	-0.0001370428914406	5.420399248118005e-08	1.878075409440008e-08	0.0	0.0	0.0	0.0	0.0	0.0	0.0	0.0	0.0	0.0	0.0	0.0	0.0	0.0	0.0	0.0	0.0	0.0	0.0	0.0	0.0	0.0	0.0	0.0	0.0	0.0	0.0	0.0	0.0	0.0	0.0	0.0	0.0	0.0	0.0
1101.3589459671257	1.6458611774246492	2.7088590153536525	1212991.5278618182	1151.5378086408896	18.950814766567877	1326039.324729462	359.133380316767	1071.086143353274	-1.7195117876985933	2.956720788034412	1147225.5264833905	1076.3470377526835	1048.807020689131	1.308336	26.009111	0.0772859942421797	0.0599399878946727	-0.0535095436	-0.0986433102	-0.0136297124	0.0467674095	0.0132727029	0.0695482362	-0.0428185699	-0.0857304457	-0.0130787527	0.0849131616	-0.1993962545	0.1210261433	-0.1498694705	0.0740168246	0.1175222939	-0.0312740044	-0.0936607921	0.1716171014	-0.0890769487	0.0341549071	0.1740457557	0.0458039981	0.0696146318	0.1050361069	-0.0004639932	-0.0133800158	0.0346061	0.098814263	0.1180133408	0.0634298794	-0.0633949313	-0.1285621938	0.0694501387	0.0011988124	-0.0538553126	0.0461470967	0.0433115289	-0.0522107181	0.0217578161	0.0272835078	-0.0284432863	0.1047706958	-0.0684604795	0.1141694961	0.0955201532	0.0285221022	-0.0352906129	0.0113175658	0.0022616715	0.0513395501	-0.0933312349	-0.0485575937	-0.0583401619	0.0234167129	-0.0216143076	-0.0364814022	0.0272260839	-0.0924467894	0.1275081673	-0.0567129125	-0.0069777337	0.042238782	-0.0782185859	-0.0115149898	0.0283324652	0.0562553881	0.087812451	-0.090656649	0.1506118584	-0.0354850786	0.0562758136	0.0444335172	-0.0588913659	-0.0176783011	0.1081149581	0.014477922	-0.0467740593	0.0330010546	-0.2364238377	0.0808854802	0.0333178859	0.1284235904	-0.1406270725	-0.1006658302	-0.0439940596	0.0267131765	0.0579586049	0.12413374	-0.0055734042	0.0833983714	-0.1240192729	-0.061054326	-0.0271242775	0.0207200806	0.0514770557	-0.0279311079	0.008259341	0.0419797911	0.0402786935	-0.068199676	0.1417092905	0.0672769561	-0.0920030671	-0.0872775053	0.0187230905	-0.0260973567	-0.0294343025	-0.0332216252	0.0420875446	-0.0280230324	0.0550019087	0.1114435208	0.0207792985	0.002555223	-0.0602508111	0.0169885473	-0.0279899949	0.0431978666	0.113645115	-0.0953596077	0.0572040507	-0.0075452317	0.0235331884	0.0028795613	0.041036816	0.087565579	0.0117990367	0.1094738296	0.1094651378	-0.1190110745	-0.0417146614	-0.0154177877	0.059308196	-0.0121463865	0.2342977876	-0.0049578788	0.0813553222	0.0541918705	-0.0455133182	0.0671508615	0.0432142109	0.0279329137	-0.034270334	-0.0967832232	-0.0890833006	0.0681810789	-0.0183227439	0.0323720896	-0.163561387	-0.0005329083	-0.0371688133	-0.0052848923	-0.023701349	-0.0497170597	-0.1672026607	-0.0318756515	0.0108811076	-0.0298781999	0.0910168938	0.0380022381	-0.0287576717	-0.0851160492	-0.1106882998	0.0114488617847001	0.0057639505387498	0.0001310764361651	3.3223125813155253e-05	-0.0031268756451368	0.0001880059728022	3.5346245809339114e-08	9.77735130014968e-06	0.0321351060083401	0.0093354381183275	8.715040486112213e-05	0.0010326650381672	-0.0019559388376208	-0.0011549917454336	3.825696736513406e-06	1.3340059320197538e-06	-0.0005402273996411	-8.413438417509997e-05	7.0785946005233115e-09	2.918456433229847e-07	0.0002319716463288	-8.458626372999942e-07	5.381084470049387e-08	7.154836011801015e-13	0.0	0.0	0.0	0.0	0.0	0.0	0.0	0.0	0.0	0.0	0.0	0.0	0.0	0.0	0.0	0.0	0.0	0.0	0.0	0.0	0.0	0.0	0.0	0.0	0.0	0.0	0.0	0.0	0.0	0.0	0.0	0.0	0.0	0.0	0.0
1102.3389177755057	0.9799718083800144	0.9603447452195956	1215151.089642473	1137.2907011928064	-14.24710744808317	1293430.1390196253	202.98007063722696	1071.9579877024998	0.8718443492257393	0.7601125692768528	1149093.9273991927	1076.7462163984103	1053.8681203893177	1.405498	27.940645	0.0258772820405664	0.0150631213524705	0.0498235856	0.11536962	-0.1018350179	-0.0350622811	-0.0101226553	0.050380077	0.0225982469	0.1146677579	0.0008865103	0.0415073186	-0.0548924305	0.0172569304	-0.0309942912	0.1966199085	0.0962840284	0.0432809142	-0.12638707	0.0806194129	0.0235868455	-0.0794238743	0.0687785567	-0.0199049472	-0.0534830372	0.0023767074	-0.0194006241	-0.0674819272	-0.1058813833	0.0552680647	-0.0406205459	0.000622136	0.0522457511	-0.0636954448	-0.1067243867	-0.1103221	0.0960958626	-0.0394395328	0.0300449165	-0.0294055123	-0.0054521951	0.1085613604	0.0124541562	-0.0027925012	-0.02501643	0.1143795288	-0.0126788983	-0.0015573465	0.0112105527	0.0367704098	-0.1231871638	0.1450083396	-0.0215757316	-0.1129092509	0.1712435417	-0.0617725778	0.0168436059	-0.053336512	0.1295665745	-0.1324941073	0.0752816184	0.016320312	0.1081079286	-0.0161099501	0.0479674373	0.0597583035	-0.0690309802	-0.0235551331	-0.0306965393	-0.0221732452	0.068554133	0.0639907621	0.0191190572	-0.0994718576	-0.0374240665	-0.0595564329	0.0490921182	0.1108747219	-0.1344575308	-0.0366592701	-0.0616058849	-0.0017774735	-0.0621193254	0.0868839991	0.0348800046	-0.0232242028	-0.005278765	-0.0405592513	-0.0260820697	0.0658574587	-0.1206413253	-0.0264469734	0.0318432785	-0.0098777683	-0.1036166231	-0.1435759981	0.002313097	0.0185067824	0.0869609499	-0.02643513	0.0202981873	0.0396733162	0.0448342211	-0.0472985514	0.0102199225	-0.1127018791	-0.0482169555	0.0357675663	0.0683366997	-0.0233124105	0.0799561527	0.1752168353	0.0197939596	0.0084379186	0.1008262131	0.1627057262	0.0236253831	0.0773066331	-0.0332148538	0.1525700475	0.097218112	0.0263149323	-0.0390408039	0.0893026932	-0.1154090585	0.0263904036	-0.0050509847	-0.0749331831	-0.0122874351	0.0583899678	0.1168562367	-0.0124232514	0.0123022911	0.0368435464	-0.1431225933	-0.0386914864	0.1777816081	-0.0094368377	-0.1030937551	-0.0358696469	-0.0451106578	-0.1028022682	0.0077814357	0.0389838597	-0.1229080558	-0.0112432744	0.045171808	0.0403491713	-0.1415381186	-0.0201171592	-0.1237421393	-0.0464686991	-0.173729682	0.0134410539	-0.0187092741	0.0962070364	-0.0830316413	0.0404584078	-0.0225321136	0.1010358248	0.0897639565	0.0339251109	-0.0349494174	-0.0903946745	-0.1111058879	0.0124765515681559	0.0010276897834558	0.0001556643390328	1.0561462910194297e-06	-0.002990407368614	0.0001364682765228	1.8623590497103447e-08	8.942536230260907e-06	0.0215147776745823	-0.0106203283337578	0.0001127913739168	0.0004628856583867	-0.0019599043335284	-3.965495907600012e-06	3.841224996583402e-06	1.5725157793192442e-11	-0.0004564179039519	8.380949568919993e-05	7.0240315676780225e-09	2.0831730304784586e-07	0.0004260525676686	0.0001940809213398	1.8152079041700698e-07	3.7667404028105644e-08	0.0	0.0	0.0	0.0	0.0	0.0	0.0	0.0	0.0	0.0	0.0	0.0	0.0	0.0	0.0	0.0	0.0	0.0	0.0	0.0	0.0	0.0	0.0	0.0	0.0	0.0	0.0	0.0	0.0	0.0	0.0	0.0	0.0	0.0	0.0
1104.010456123219	1.6715383477132946	2.7940404478760907	1218839.087229398	1155.54940153886	18.2587003460535	1335294.4193968172	333.38013832697425	1072.6156459196236	0.6576582171237533	0.4325143305503938	1150504.323871571	1077.6970980171675	1077.3416090724704	1.420297	28.234852	0.0725908501327016	0.0395877877267636	-0.0990096402	-0.0077814908	0.0955761657	-0.0644594903	-0.0541305249	0.0609890382	-0.0013943757	-0.0977431904	0.0692258142	0.1126339678	-0.0752478398	-0.0719524586	-0.0644758726	0.0629099722	0.0558494147	0.0730215187	-0.0585833413	0.0325560526	-0.1589980007	-0.0585228695	0.1361702528	0.0202104239	0.0935392609	-0.0091631641	0.0115624898	0.0163881886	-0.0104841499	0.0992376466	-0.0522321483	-0.1213427983	-0.0163860161	0.0446714679	0.0617481547	-0.0792888186	0.1611652493	-0.0180321049	0.0424111601	0.0231709117	0.0707556956	0.0589714585	-0.0063297089	0.0879109034	0.0762522496	-0.1059314225	-0.0616088008	0.0665452625	0.0692911967	-0.0763693025	0.022713262	-0.0102391925	0.050232093	-0.135398081	0.1266751181	-0.1021342831	0.03542978	0.0714833989	0.0112540409	0.1003137984	-0.1061923428	-0.0727104886	0.1235929566	-0.0603798778	-0.0746676017	0.0545063394	-0.0161948629	0.0816677554	-0.0968844473	0.0889912306	-0.1305079004	-0.0336335576	0.0110188884	-0.0178658741	0.0208473463	-0.0730721545	0.0259720676	0.0796457706	0.0294285376	0.1284430912	-0.1416279675	-0.0195709838	-0.059590476	0.1123947561	-0.0451724272	-0.0041699462	-0.0676556817	0.013832572	-0.0483388475	-0.0678533393	-0.0982578454	-0.0615172045	-0.1108482725	0.0286198865	0.1012965475	-0.1426481396	0.0174958377	-0.0634360216	0.1024277851	0.0142057816	0.0038265196	0.0391853832	0.0210942425	-0.0012063747	0.1158241373	0.1141434874	-0.0305798228	0.0368723824	0.1290741981	0.0428302196	-0.0011774857	0.0634868182	-0.10772777	-0.0901827057	0.1491348831	0.0939404224	0.1745384561	-0.035419856	-0.0131076251	-0.1099431469	0.0126022207	0.022180912	0.0080944223	-0.0995128143	0.0227943219	0.0871955854	-0.0283574725	-0.1134550109	0.0839624346	-0.0124292602	-0.1105557446	0.0277209425	-0.0675302128	0.0172083072	-0.0906696747	0.0681637694	0.1084406407	-0.0480183886	0.0690963813	0.1302438852	0.1034384147	-0.022685896	-0.0044044483	0.0757450415	-0.119209095	-0.0266720704	-0.0319264235	-0.0275821216	-0.0639629734	-0.0622461784	-0.0954159005	-0.060057637	-0.1066118609	0.1039962974	0.0476952462	0.0086615968	0.0204971991	-0.0472779257	0.044092211	-0.0899023098	0.0884772626	0.029796957	-0.0410229053	-0.0951296555	-0.110479702	0.0067342016314455	-0.0057423499367104	4.534947161296323e-05	3.2974582795637934e-05	-0.0169826756473412	-0.0139922682787272	0.0001957835715838	0.0002884112721427	-0.0060566339953567	-0.0275714116699389	0.0007601827414732	3.6682815353710464e-05	-0.0014838966083221	0.0004760077252063	2.2019491441898315e-06	2.2658335445607647e-07	-0.0004563380512765	7.98526754000107e-08	6.376449768539475e-15	2.082444170428336e-07	0.0004556613947334	2.960882706479998e-05	2.0762730665038737e-07	8.766826401532317e-10	0.0	0.0	0.0	0.0	0.0	0.0	0.0	0.0	0.0	0.0	0.0	0.0	0.0	0.0	0.0	0.0	0.0	0.0	0.0	0.0	0.0	0.0	0.0	0.0	0.0	0.0	0.0	0.0	0.0	0.0	0.0	0.0	0.0	0.0	0.0
1102.4865198271282	-1.5239362960908238	2.322381834543019	1215476.5264005328	1143.8414893246522	-11.70791221420768	1308373.3527004386	137.0752084155934	1072.8801152005276	0.2644692809039952	0.0699440005418763	1151071.741592697	1077.797093194198	1045.9877637452907	1.542057	30.655382	0.0782836265444659	0.0396695869562274	0.1204142436	-0.0607031075	-0.0856822108	0.1031473575	-0.0848692948	0.0133970924	0.0080854496	0.0383707528	0.0696493523	0.0141278833	-0.0723644246	0.152868248	0.0297519956	-0.0751871708	0.001904309	0.0028188837	-0.0788014307	0.1549071535	0.0033784729	0.0512136711	0.0605501805	-0.0751207706	0.0769809827	-0.0734909327	0.0695367188	0.0414334928	-0.0631675496	-0.0304982879	-0.0508773113	0.0133311526	-0.0848350567	0.0823569172	0.2016720788	-0.0367121245	-0.0129237258	-0.0158270991	0.0079016843	0.0264338736	-0.0694620885	0.0626800328	-0.0500988565	0.0870886423	-0.0983620721	0.1389397711	0.0211911645	-0.0183968657	0.0392166474	0.0840339788	0.1206237245	-0.0658395318	0.0167116378	-0.0251306709	0.0032610047	-0.0875189812	0.1722785383	0.1414224955	-0.0829350869	-0.033526027	-0.0173340387	0.1016068989	0.1277818692	0.0104846017	0.0807902215	0.1084718667	-0.0594241413	-0.0711844671	0.0969858157	-0.0484967843	-0.0139481919	-0.0175931262	-0.0741529031	-0.0003612585	-0.0950496568	-0.0300924058	-0.0112830864	0.0110777949	-0.0794859168	-0.0686190737	-0.1252868812	0.1322692671	-0.017190622	0.013225194	-0.0670029526	0.0493802499	0.0160071507	-0.0093580738	-0.1323551698	-0.0574187131	0.0193450545	0.0758945045	-0.0511205154	0.0712068209	0.1641654014	0.0029110306	0.109481458	0.0030199914	0.0157658616	0.0153209777	-0.1062221946	-0.0369322641	0.1276769479	0.0147062814	-0.1081667001	-0.0656311174	-0.042551641	0.0056747385	0.0534250068	-0.095322961	-0.0635683285	-0.0344279608	-0.0225120948	-0.0281745572	-0.023723401	0.044384211	0.1540134145	-0.1898884277	0.0353929945	0.035262799	0.0259733922	0.1942505802	0.0419406823	0.0815127943	-0.0750574238	0.0150014172	0.0077529004	0.1165455389	-0.0381995385	0.02298402	-0.0115564634	0.006576172	-0.019652485	-0.0678315154	-0.0270637035	0.0597137232	0.140494516	-0.0731188169	0.1029839867	-0.1161271915	-0.1416806475	-0.0515639777	-0.0351704799	0.0515279572	-0.0548692429	0.0295154388	-0.0436413051	-0.0055012333	-0.0739340165	-0.0268537093	-0.117182161	-0.0355412087	-0.0266472636	0.0659994197	0.0601123113	-0.0293088312	0.0050225014	-0.0413835383	0.1002336778	0.1020964411	0.0871572961	0.0256239856	-0.0469575846	-0.0992925156	-0.1088156246	0.0100119368669737	0.0032777352355282	0.0001002388798282	1.074354827422311e-05	0.0114120165753348	0.028394692222676	0.0008062585464204	0.0001302341223157	0.00741623461046	0.0134728686058167	0.0001815181884696	5.500053579738479e-05	-0.0019229485769774	-0.0004390519686553	3.6977312296994073e-06	1.927666311800946e-07	-0.0004562234928517	1.1455842480000538e-07	1.312363269265848e-14	2.0813987542980522e-07	0.0002320613122046	-0.0002236000825288	5.3852452622120835e-08	4.9996996906886174e-08	0.0	0.0	0.0	1.0	0.0	0.0	0.0	0.0	0.0	0.0	0.0	0.0	0.0	0.0	0.0	0.0	0.0	0.0	0.0	0.0	0.0	0.0	0.0	0.0	0.0	0.0	0.0	0.0	0.0	0.0	0.0	0.0	0.0	0.0	0.0
1104.32460216563	1.838082338501863	3.3785466831124773	1219532.826948277	1139.02734133146	-4.814147993192137	1297383.2843006146	23.17602090035588	1073.6047588095382	0.7246436090106272	0.5251083600799468	1152627.1781384868	1078.5252897453713	1072.0429874734837	1.550297	30.819191	0.0589702522682872	0.0349124624247261	-0.0150398007	0.1284563646	0.0197204242	-0.1316421905	0.1364287468	0.0322278178	0.038868956	0.1024395091	0.0185204957	0.072336256	-0.0317185405	-0.030374118	0.0483863662	0.102661699	-0.0809247727	-0.0954735871	-0.089592339	0.0557441931	-0.0129103553	-0.0940581103	-0.0167013247	0.0052484865	-0.0371533006	0.0199194023	-0.0807780971	-0.0097564984	-0.0029724113	-0.0690065641	0.1003260113	-0.0976883248	0.00595245	0.0374705875	-0.0623896343	-0.0874260811	0.0619947176	0.0183650042	0.0099021586	-0.141152498	-0.0265203797	0.0464151251	-0.051574692	-0.0846428164	-0.0645550021	-0.0638161404	-0.0426069923	-0.0239355434	0.0570036441	-0.0474080227	-0.16352768	-0.1205465518	-0.2005137005	-0.0645146625	0.0399858256	0.1009521581	-0.0052504043	-0.0355338007	-0.1261748784	-0.0239599821	-0.0040135289	0.0098285089	-0.0659290827	-0.0323692947	0.0525555788	0.0473867319	-0.0751324632	-0.0856406906	0.0932256993	0.1885726254	0.0316641235	-0.0454621436	0.0369360443	-0.0576730321	0.0988691462	-0.0562834869	-0.0551048032	-0.0878491296	-0.1212351051	-0.0230560675	-0.0416921368	-0.0750726247	-0.0660791265	0.0171482736	0.0783299794	0.005767188	-0.0447194183	0.012825537	0.0049573075	0.0491304129	0.0628564149	-0.083018662	-0.0100474805	0.0605446533	-0.0737224325	-0.0358749104	0.0097015069	-0.1008040226	0.0848509266	-0.1251688619	0.0567729974	0.0392388117	-0.0266507472	-0.1291860235	-0.0251273335	0.1042578946	0.060508132	0.0948798381	0.0501397905	0.0937188737	-0.1309288964	0.0044384785	0.1250326542	0.1658762894	0.0624003576	0.0499121603	-0.1052608057	-0.0747079311	0.113937652	0.0503711339	-0.0246035705	-0.0560478995	-0.0673613778	0.0201623904	-0.1216914517	0.0392991844	0.0237108018	0.0318885408	-0.0107522886	-0.1799142747	0.0573594522	-0.0031400915	-0.0426781722	0.0923740066	-0.0689137131	0.0421517314	0.0600291453	-0.0123525064	-0.1612712904	0.0655466247	0.0449088304	0.0024318245	-0.0739946714	0.0631013123	-0.0083844212	0.0620679339	0.0376016372	0.0223421257	-0.132358975	0.0495156257	-0.0173131316	-0.143278555	-0.0454959345	-0.0427378383	0.0063355623	0.0830266104	0.0284561211	0.0550577101	-0.0340579042	0.0313638321	0.0858045533	0.0214124734	-0.0527333744	-0.1028582188	-0.1061292888	0.0089440878913933	-0.0010678489755804	7.999670820896823e-05	1.1403014346481115e-06	-0.003234705323436	-0.0146467218987707	0.0002145264623799	1.0463318529465196e-05	-0.007979811911511	-0.015396046521971	0.0002370382485066	6.367739814309284e-05	-0.0013659475929227	0.0005570009840546	1.8658128266113184e-06	3.102500962379041e-07	-0.0004561591597578	6.43330938999878e-08	4.138746970744647e-15	2.080811790309421e-07	0.0002321886924953	1.2738029069999325e-07	5.3911588922676974e-08	1.6225738458814782e-14	0.0	0.0	0.0	0.0	1.0	0.0	0.0	0.0	0.0	0.0	0.0	0.0	0.0	0.0	0.0	0.0	0.0	0.0	0.0	0.0	0.0	0.0	0.0	0.0	0.0	0.0	0.0	0.0	0.0	0.0	0.0	0.0	0.0	0.0	0.0
1103.8042604788875	-0.5203416867425403	0.270755470962072	1218383.8454513438	1153.5096952454844	14.482353914024316	1330584.6170253304	209.7385748910554	1073.248857621408	-0.3559011881302467	0.1266656557125212	1151863.1103856573	1078.5704002773252	1084.1194243748982	1.346687	26.771505	0.0700303673099566	0.0449662074922747	-0.0565011288	-0.0370186162	0.0313828819	0.0916962946	-0.0965730206	-0.1527436186	-0.0501380684	-0.1056693895	0.0134664197	0.0979247014	0.0080690285	0.0666004868	0.0312004569	0.0409273269	-0.0443848767	-0.0930493547	0.0223991486	0.0650955067	-0.1268932231	0.0192634039	-0.035094664	0.0422965527	-0.0749582796	-0.015592489	-0.0531533326	-0.121310523	0.162933728	-0.122569196	0.0100564286	0.0214191372	-0.0158821447	0.0086439086	-0.0384980142	0.0011082026	0.0589511134	-0.0493568962	0.1436643791	0.0200593316	-0.0320028822	-0.0008147567	-0.1104669984	0.1066966525	0.011024861	-0.0555216164	-0.1133513197	0.0076557717	0.0467361208	0.0269523758	0.1082245558	-0.0265412899	0.1365116174	0.0253377037	-0.0856727359	0.1468444993	0.0260402778	0.0150509925	-0.0245461467	-0.0454630348	0.0061674961	0.0405300196	0.1165192178	-0.0503992305	-0.1622190537	-0.0372606074	0.0640594643	0.0104168652	0.0284381333	0.0667874831	-0.0651629256	0.1480994015	-0.0816982802	-0.1006865055	-0.0610090616	0.0198490334	0.0085246123	-0.1261650485	0.0355954366	0.0296483129	-0.1176570046	0.0062922287	0.0298369413	0.0032484693	0.0835791623	0.0292092546	-0.0165270795	-0.0834822971	0.1719793197	-0.0289552186	0.1251506474	0.0239608647	0.0289302935	0.0717817885	-0.0328959229	-0.0230638213	-0.0338355562	-0.0218411133	0.1311662747	0.0243535802	-0.0930807376	-0.1175950218	0.042416812	0.0168661773	0.0315857228	0.0961602268	-0.0767014285	0.0132715702	0.0099768359	-0.0019235173	-0.047018609	-0.0187067496	-0.0850062621	-0.1440652436	-0.0844094952	-0.0262365133	-0.1052210821	-0.0676289364	-0.0791154365	-0.057915735	0.1831485952	0.0879544759	0.0679183255	-0.116536158	0.0444633823	0.073287682	0.060836482	0.0043785582	-0.0246553172	-0.0542619036	0.0662756003	0.1886422591	0.0148477866	-0.1114530765	0.0333031746	-0.037860023	0.0485941166	-0.0045621881	0.0806645651	0.0345806786	0.008099715	-0.1184212394	0.0087139251	0.0950760528	0.0038312983	0.0114194014	-0.1147851052	-0.0838652638	0.015477218	0.0020394618	-0.0679342306	0.0396908867	0.0457673863	0.1593256175	0.0146573193	-0.0455102919	0.0787921672	-0.1135927055	0.0165554315	-0.0406390914	0.0844195428	0.0171687548	-0.0583307311	-0.1058053206	-0.1024459312	0.000230001165093	-0.0087140867263002	5.290053594413745e-08	7.593530747348306e-05	-0.0452446378683362	-0.0420099325449002	0.001764834432427	0.0020470772558368	-0.0035536357931249	0.0044261761183861	1.9591035030971443e-05	1.2628327350178436e-05	-0.0010684465674449	0.0002975010254778	1.141578067484789e-06	8.850686016034268e-08	-0.0004561243455798	3.481417800002334e-08	1.2120269898173093e-15	2.080494186306008e-07	0.0002322562912469	6.759875160000196e-08	5.3942984823764837e-08	4.5695912178787656e-15	0.0	0.0	0.0	0.0	0.0	0.0	0.0	0.0	0.0	0.0	0.0	0.0	0.0	0.0	0.0	0.0	0.0	0.0	0.0	0.0	0.0	0.0	0.0	0.0	0.0	0.0	0.0	0.0	0.0	0.0	0.0	0.0	0.0	0.0	0.0
1099.8147180911142	-3.9895423877733274	15.916448463840096	1209592.414129837	1142.9355746662238	-10.57412057926058	1306301.7278376112	111.8120260247421	1072.1344082311225	-1.114449390285472	1.2419974435076602	1149472.1893130993	1077.191503503889	1066.1348003065264	1.184741	23.552097	0.145192751422827	0.0673251350123756	-0.0450509092	0.0117702933	-0.0935170884	-0.0702998618	0.0022763045	-0.1080251689	-0.0771856687	0.0364844289	-0.0359188622	0.0559036966	-0.0109122009	0.1653730104	-0.0091139012	0.0548509194	0.0286935532	-0.0872806935	0.0062011208	0.1195924812	0.0373481883	-0.1116565694	0.0067357159	0.0090229663	0.0076036502	-0.0293770637	-0.0043781287	0.1356180694	0.0199023645	-0.1248007644	0.0321990259	0.0470764287	0.1607411471	0.0262428066	-0.0186731149	0.0435759658	-0.0846525181	-0.0485360606	-0.0520906617	0.0109936345	0.0167487899	0.0272453444	-0.1184736819	-0.0527727815	-0.0563768445	-0.0154400407	0.1903475495	0.1007159669	0.0930969005	-0.0980342178	-0.0033637709	0.0090263134	0.0761182565	0.0545919695	0.0627447863	0.0367973198	-0.0200633554	-0.038349192	0.0635774925	-0.0816653553	-0.1081886971	-0.044347819	-0.0214381795	-0.1410950723	0.0233467809	0.0402023169	0.1035943572	0.0254383147	0.1193634763	0.0574761046	-0.06081725	-0.0471880906	0.0715391857	-0.0540607973	-0.0119856002	-0.1692178722	0.0657077888	-0.0676094925	-0.0316426668	-0.1045369232	-0.0823709219	-0.0027743131	-0.1067767817	0.00805495	-0.0388202325	0.069168686	0.0279737678	0.0854302354	-0.0282374599	-0.0086045375	0.1063478554	-0.0388602205	0.1628275822	-0.1109427066	0.0183739461	0.0811415973	-0.0114119162	0.0666980806	-0.0363265639	0.0415663066	0.0269850894	-0.0783404034	0.023718708	-0.1150873368	-0.0560959104	-0.0171498086	0.1739632007	-0.1120021332	0.1263367082	0.119911804	0.0273444091	0.0304199825	-0.0380285084	-0.0378495633	-0.0317497622	0.0453784847	0.0137888173	0.035734243	-0.0442238972	0.0047936534	0.0534420999	-0.022150595	-0.1326620314	-0.1096058382	0.0490981436	0.0466186679	-0.0622836628	0.0918654696	-0.0171652529	-0.0731716793	-0.0112009801	0.0197883351	-0.1788208042	0.0244292148	-0.0025363203	0.1252932525	0.1509753686	0.0305080215	0.0229329885	-0.058688135	0.0483235356	0.0270315856	0.0145098248	0.0674626842	0.0166153953	0.0310799626	-0.066364082	0.0642701884	-0.1467891324	0.0323626177	-0.0266875186	0.0779258565	-0.0191926066	0.0650024508	0.0933122874	0.0128922411	0.0362731983	0.0152465059	0.0388433571	0.0572589411	0.0830027857	0.0128992127	-0.0637307152	-0.1081160967	-0.0978001546	0.0036091237947317	0.0033791226296386	1.3025774565698544e-05	1.141846974613636e-05	0.0001319780528774	0.0453766159212136	0.0020590372724613	1.7418206441309794e-08	0.0196945609320948	0.0232481967252197	0.0005404786509745	0.0003878757303079	-0.0018137580145987	-0.0007453114471538	3.2897181355210183e-06	5.554891532584917e-07	-0.0007890605817413	-0.0003329362361615	1.1084653734938615e-07	6.226166016579188e-07	0.0006177849308667	0.0003855286396198	3.8165822080597334e-07	1.4863233196709366e-07	0.0	0.0	0.0	0.0	0.0	0.0	0.0	0.0	0.0	0.0	0.0	0.0	0.0	0.0	0.0	0.0	0.0	0.0	0.0	0.0	0.0	0.0	0.0	0.0	0.0	0.0	0.0	0.0	0.0	0.0	0.0	0.0	0.0	0.0	0.0
1097.897974803942	-1.9167432871722667	3.6739048289199463	1205379.963078597	1144.201254984831	1.2656803186071102	1309196.511908862	1.601946668909396	1070.1900736987106	-1.9443345324118584	3.7804367739292393	1145306.7938432517	1075.3502081621116	1064.2705419845408	1.164995	23.159555	0.0474870426229341	0.0216694854339926	-0.1389866039	-0.0514697004	-0.0429025188	0.0233753617	-0.0427799149	-0.0346517534	-0.1367050303	-0.055211045	-0.0572304132	-0.0020333998	-0.1094609606	0.0176596921	0.0501717267	0.0353393794	0.1621283731	-0.0462007057	0.0500822858	0.0493711615	-0.038830811	-0.0348415153	0.0106741265	-0.0312498863	-0.0522863528	0.0008786172	0.1071124168	-0.0131464267	-0.0095047588	0.1214937863	-0.0746510532	-0.0538919782	0.0290482836	0.0796618527	0.0052362778	0.0307745166	0.084235018	0.0021693361	0.0529209769	-0.0453466401	0.054646008	0.0049040338	0.0263785759	-0.0167065764	0.0167354283	-0.0979365991	-0.0044689725	-0.0433873475	-0.1603289892	-0.0215787822	0.2080973968	-0.0193047737	-0.059081273	-0.0492124969	-0.0297189638	-0.0076735013	0.0386226372	-0.1087675235	0.0230331406	-0.0030204063	0.0088991646	0.0434358403	-0.1245656963	0.0343922093	0.0153721607	-0.0800067636	0.0152100968	0.0018005738	-0.066596918	0.0591653938	-0.0146993486	-0.0311869647	0.0276698954	-0.020942529	-0.0362179882	0.0911516888	0.1742265934	0.0104895563	0.0450008823	-0.0038313621	-0.0652952937	0.0069277288	-0.0209226086	-0.0005358198	-0.0109634677	-0.0488520773	0.1024911909	-0.0091656266	0.0041267376	-0.0598596292	-0.1372658136	-0.0818135775	0.0274726206	0.067922011	0.0588808452	-0.0526827972	-0.0187903689	-0.0475783505	0.0569521362	0.0102980914	0.0608077938	-0.0082375571	0.025372697	0.0127172723	0.0127652784	0.0447684105	-0.010804389	-0.0476307042	-0.1954058989	-0.0723315381	-0.0043099954	-0.1797031582	-0.1225889399	0.0428821382	0.0287712379	0.0311416985	-0.0346874291	0.0749113236	-0.0185315006	0.0522705078	-0.0947366024	-0.0046957061	-0.0637591842	0.0118042033	0.0452682587	-0.0183835767	0.0056128515	-0.0727728473	0.027826119	-0.0462683175	0.0073991872	0.0170608046	-0.0331081614	-0.0501691823	0.1147691976	0.0102353459	0.1151035953	0.0877298805	0.0153284098	0.0286318735	-0.012312236	0.0115749394	-0.0054129052	-0.0127183471	-0.1395216411	0.0364207712	-0.0935433923	-0.0173718153	-0.0385039063	0.0825508854	-0.0294086921	-0.0467397667	0.1540521361	-0.0391230967	0.0152690737	-0.0298872706	0.0576603831	-0.0042576916	-0.063607868	0.0503911339	0.0815548146	0.008610269	-0.0689150546	-0.1097766499	-0.0922356034	0.0091341795825456	0.0055250557878139	8.34332366461929e-05	3.052624145845588e-05	0.011295548298122	0.0111635702452446	0.0001246253006205	0.0001275894113552	0.0097376439571092	-0.0099569169749856	9.91401956467564e-05	9.482170983542532e-05	-0.0015757666595573	0.0002379913550414	2.483040565372372e-06	5.663988507444173e-08	-0.0008819199479035	-9.28593661622e-05	8.622861884045533e-09	7.777827945101122e-07	0.0005318056597725	-8.597927109420006e-05	2.82817259766064e-07	7.392435057889947e-09	0.0	0.0	0.0	0.0	0.0	0.0	0.0	0.0	0.0	0.0	0.0	0.0	0.0	0.0	0.0	0.0	0.0	0.0	0.0	0.0	0.0	0.0	0.0	0.0	0.0	0.0	0.0	0.0	0.0	0.0	0.0	0.0	0.0	0.0	0.0
1096.8826046412096	-1.0153701627323244	1.030976567367067	1203151.448364484	1128.53521860436	-15.66603638047104	1273591.7396303904	245.42469587424225	1069.1791941677448	-1.0108795309658944	1.0218774261258268	1143144.149241188	1073.9793309693011	1049.797294673619	1.197714	23.809998	0.0578439052024218	0.0423710004661813	-0.0535188272	0.0601869394	-0.1659853325	-0.0462902454	0.0739662815	0.0072616032	-0.1191426336	0.1202280884	0.0017873977	0.0285056155	-0.0533381445	0.020533562	0.047000265	0.0027284507	0.2221136854	0.04519347	0.0095696195	0.0599382414	0.0394008847	-0.1455920243	0.0691367285	-0.0612176385	-0.0448812315	-0.1509947813	-0.1458803324	-0.0495181771	0.0339134827	0.0814893656	-0.130728285	-0.0628372663	0.0627299445	0.0655782084	0.1218459275	-0.009315912	0.0719953998	0.0377893645	0.0821988273	0.0349712155	0.0165834098	-0.0620470905	-0.1241695912	-0.1385463289	0.1087806876	0.0161295632	-0.0539579069	-0.0255312378	0.0279421028	0.0064805328	0.0772078359	-0.112795606	-0.0082339437	0.1458925086	0.0663873822	0.0563763763	0.0692934856	0.0480564563	0.0714268637	0.0369994696	0.1028860368	0.1311268047	-0.0150902351	0.0750081182	-0.0299127649	-0.0576044351	-0.081753911	-0.0479487745	-0.094401869	0.0550255572	0.1426704978	0.0487060079	-0.0585380981	0.0810730971	0.0886822077	-0.0464471689	0.1729164149	0.1482318671	-0.0288590753	-0.109959043	-0.0097548323	-0.0054567892	-0.1470549176	0.0912273866	0.0882009156	0.1230632518	-0.0386794418	0.0234865584	0.0820214242	-0.0695918297	-0.1458642603	-0.0233108627	0.015260757	0.0088580622	0.155841989	-0.0355674543	0.0312937175	-0.0963572594	0.0349756117	0.0298167873	-0.0529174784	-0.1113039262	-0.1349517974	-0.1172028184	0.1115741942	-0.0021201501	0.0111630186	0.0109944963	0.0323024859	0.0289959423	-0.1100151988	-0.0772145638	-0.0707853145	0.0097262135	-0.1047637732	-0.042853475	-0.0428172989	-0.0105713871	-0.093209859	0.0870217059	-0.0929379464	0.0888181433	0.1128973498	0.0824614879	-0.0031569757	-0.0416694394	0.1118706813	-0.0836134173	-0.0209931749	-0.0171017842	0.0670412305	-0.0920747703	0.1775017113	0.0429551877	0.0073963332	0.0583882713	0.1217802344	0.084835369	-0.0048690628	-0.083403813	0.0629031905	-0.0521303941	0.037159453	0.0465904366	-0.0278947342	0.0680680766	0.0134390371	-0.0223689701	-0.0843390767	0.0572225808	-0.0338094574	-0.0863792937	-0.0220669993	-0.1193701196	-0.006762937	0.0751151505	0.07436848	0.0362956274	-0.0211420664	-0.008983539	0.080076174	0.0043083746	-0.0738662073	-0.1107769935	-0.0858045533	0.010446971060702	0.0013127914781564	0.0001091392043431	1.723421465120067e-06	-0.0303803965396554	-0.0416759448377774	0.0017368843781214	0.0009229684939067	0.0044020966692812	-0.005335547287828	2.846806486064872e-05	1.9378455085696635e-05	-0.0015273084669871	4.845819257019994e-05	2.3326711533304856e-06	2.348196427170581e-09	-0.000773881359992	0.0001080385879115	1.1672336477910926e-08	5.988923593430675e-07	0.000497910008281	-3.38956514915e-05	2.4791437634638543e-07	1.1489151900332263e-09	0.0	0.0	0.0	0.0	0.0	0.0	0.0	0.0	0.0	0.0	0.0	0.0	0.0	0.0	0.0	0.0	0.0	0.0	0.0	0.0	0.0	0.0	0.0	0.0	0.0	0.0	0.0	0.0	0.0	0.0	0.0	0.0	0.0	0.0	0.0
1099.9480590047708	3.06545436356123	9.397010455076584	1209885.7325083627	1140.759473421388	12.224254817028168	1301332.1762006425	149.43240583163637	1071.5165807368974	2.337386569152613	5.463375973655025	1148147.782794092	1076.3350668690923	1049.561202713391	1.302238	25.887894	0.0694227218355269	0.0402463327661786	-0.1132720439	-0.0593444228	-0.0266645588	-0.0427855193	-0.0224223032	0.0720571381	-0.1053654107	-0.0364896947	0.1271194838	0.0449588744	-0.0484225299	-0.1156494718	0.0061480009	0.0347154218	0.0562885602	0.0357439783	0.0495407838	-0.0066956075	-0.0598646159	-0.1441877899	-0.0100338277	-0.0468976166	0.0648191211	0.0351536738	-0.0388364856	0.1013559636	-0.0925000725	0.062421361	0.0383356086	0.1161119771	-0.0013582759	0.0461848547	-0.0095665194	-0.0229892135	0.060001961	0.0621150515	0.0509778132	0.0741163496	-0.0550869048	-0.0240040693	0.0656996238	-0.0490678923	0.1114074533	0.0109865182	-0.0556942202	-0.0192014504	-0.0804957378	-0.0507426423	0.0697200777	-0.0471099757	-0.0516617134	-0.020681174	-0.0795300535	0.0725219149	0.0281378509	0.0350583564	-0.1533412195	0.0011124553	-0.0208025804	-0.0394220545	0.0133814665	0.0111176628	-0.0663903762	-0.1145617324	-0.0039322756	0.0624172145	-0.001479055	-0.0119704551	-0.1003671269	0.0124857959	0.0069107717	-0.1629185539	0.0071661641	0.0309536757	0.0481957824	0.0516345104	0.0838697823	0.0562789475	-0.0206606382	-0.0395218885	-0.1569793689	-0.0290767388	-0.0320940658	-0.0123723565	-0.0340702684	0.1238839545	-0.0689957425	0.1061345807	-0.0556209715	0.0743945746	0.0574408101	0.051013371	0.0049434191	-0.0487329722	-0.0133499547	-0.0524106489	0.0047015825	0.0164660792	-0.0885669933	0.0645595793	-0.0686012178	0.0209742616	0.1059555579	-0.0195162035	-0.0584002769	0.0064964592	-0.0571281742	0.026075606	-0.0182873101	-0.1131449186	-0.0340720352	0.0415178836	0.0063911563	-0.0296882293	-0.0310348915	-0.1206551614	0.0552469197	-0.0615966749	0.0360293147	0.0069649872	0.0560231774	-0.0543478355	0.0495052886	-0.055485252	0.0130468657	-0.0507391138	0.1039831277	-0.0702947226	-0.0399990043	0.0811524019	-0.0947328931	-0.0356604197	-0.1155145301	-0.1152944003	0.072150109	0.0845268882	-0.0032540773	0.0982413896	-0.0519604061	0.0620234368	-0.0726278013	0.0977785591	-0.1009718251	0.0426147154	0.0444412051	-0.1106028521	-0.0147980292	-0.0067927444	0.0289661247	-0.0205740097	0.0069923823	0.0719938943	0.0178511032	-0.0205853741	0.0402509645	-0.0899507732	-0.0040933658	0.0236887826	0.0785674201	0.0	-0.0785674201	-0.1111111111	-0.0785674201	0.0106084089320148	0.0001614378713128	0.0001125383400688	2.60621862940082e-08	0.0049305895291666	0.035310986068822	0.0012468657371525	2.4310713105127315e-05	-0.0133800391460709	-0.0177821358153521	0.0003162043541556	0.0001790254475503	-0.001718770937048	-0.0001914624700609	2.9541735340408604e-06	3.665787744182104e-08	-0.0008819493138545	-0.0001080679538625	1.1678682652027438e-08	7.778345922084234e-07	0.0005217428259584	2.383281767740007e-05	2.7221557643905734e-07	5.680031984441932e-10	0.0	0.0	0.0	0.0	0.0	0.0	0.0	0.0	0.0	0.0	0.0	0.0	0.0	0.0	0.0	0.0	0.0	0.0	0.0	0.0	0.0	0.0	0.0	0.0	0.0	0.0	0.0	0.0	0.0	0.0	0.0	0.0	0.0	0.0	0.0
1099.9871004054671	0.0390414006963055	0.0015242309683294	1209971.6210584273	1126.669510349417	-14.08996307197117	1269384.185550995	198.52705936951125	1071.5633921997437	0.0468114628463354	0.0021913130538138	1148248.1035026216	1076.4610639500115	1046.9923396392985	1.237105	24.593079	0.1241877951044725	0.0796865039317829	0.0357040822	0.0030783301	-0.1588795046	-0.0586048077	0.0201439296	-0.054250443	-0.0707792627	0.1476618991	0.0178786538	0.0027494967	-0.0033020171	0.0437033141	0.0586057298	-0.0412786355	0.0600687096	0.0143912857	0.039148235	0.0402055801	0.0713193235	-0.0508122028	0.0419061469	-0.0620891213	0.0054150597	-0.0527253014	-0.1712917804	0.0624377053	-0.1264559964	-0.0471250343	-0.1728695819	0.0618308489	0.0642529009	-0.103191655	-0.1338713835	0.0099455564	-0.0075438851	-0.0384657471	-0.0661657615	0.0124347431	-0.0217033652	-0.0560886791	-0.0524421773	0.0853504421	0.012147066	-0.0021154979	0.0291583849	-0.0447729883	-0.066034887	0.0426525174	0.0848910337	0.0311448577	0.0892028178	-0.046710841	0.0312736064	0.0201906772	-0.0568050944	0.0577317053	-0.1435448996	-0.0031720347	-0.1894656227	-0.0322157158	-0.0885930024	-0.0372865736	-0.1412628496	0.0243072033	0.0963339957	-0.058074507	0.0905269083	0.088177741	0.1093148185	0.0341831604	0.0185330981	0.1759596458	0.0320007581	-0.0536864689	0.0461809755	0.0446586085	-0.0152950053	-0.1334039343	0.0477701502	0.0458684104	-0.0670552716	0.0518131002	0.0818056909	0.0391054233	-0.1229872763	0.0811341868	-0.0691707801	-0.0593697371	-0.1014230359	0.0937850903	0.1489991641	-0.0977707369	-0.100788296	-0.0487209766	-0.0400651123	0.0893339326	-0.0361232087	-0.0561270937	-0.0080741977	-0.114308633	0.0256380759	0.0393610736	0.0264807966	-0.0049009334	-0.0294394836	0.0450545451	-0.092244314	-0.0050855295	0.0221717163	0.0302874213	-0.1001400042	-0.042527578	0.0384679123	-0.0504805726	0.0341060024	-0.0749014034	0.1538814083	-0.1045326396	0.0262531981	-0.0334551166	-0.0413275726	-0.1130340775	0.1552621793	0.1007264541	0.0023467566	0.0796716744	-0.0993706147	-0.1301264843	0.0502216559	-0.0417087573	0.0368206376	0.1304373001	0.0103101743	0.1216208359	0.0147150095	0.0847728162	0.0041905352	-0.0677934496	-0.0121456264	-0.088476148	0.020807535	0.1510533134	0.1031789356	-0.0180905525	0.0179067839	-0.0698081822	-0.0545336921	0.0092562397	0.0750637087	-0.0113172284	0.0584831424	0.0460019679	0.0608213345	-0.0577782973	-0.0115466336	0.053551147	0.0104008315	-0.106373846	0.0770291202	-0.0043083746	-0.0830027857	-0.1107769935	-0.0705921926	0.0031005526338958	-0.007507856298119	9.61342663555818e-06	5.6367906193205135e-05	-0.0652273999854173	-0.0701579895145839	0.0049221434927284	0.0042546137088576	-0.0121257766868012	0.0012542624592696	1.5731743167332743e-06	0.0001470344602581	-0.0009033106101648	0.0008154603268832	8.159700584363033e-07	6.649755447204554e-07	-0.0008816962451945	2.5306866000007495e-07	6.404374667423355e-14	7.773882687900798e-07	0.0004321024848516	-8.964034110680002e-05	1.8671255741492726e-07	8.035390753743462e-09	0.0	0.0	0.0	0.0	0.0	0.0	0.0	0.0	0.0	0.0	0.0	0.0	0.0	0.0	0.0	0.0	0.0	0.0	0.0	0.0	0.0	0.0	0.0	0.0	0.0	0.0	0.0	0.0	0.0	0.0	0.0	0.0	0.0	0.0	0.0
1101.0387406101831	1.0516402047160227	1.105947120175158	1212286.308324458	1144.8840280142572	18.214517664840287	1310759.4376021505	331.76865376277885	1071.131701670603	-0.4316905291407238	0.1863567129497981	1147323.1223237617	1076.1624869832576	1054.9006882628878	1.443009	28.686352	0.0589596978969409	0.0331562662017495	-0.1286949612	-0.0716306423	0.051171607	-0.0790890542	0.0473426036	0.1282454854	-0.0780092219	-0.0650430999	-0.0002536958	0.0632978567	-0.0685855297	-0.1060568448	0.0483713021	0.0229826117	0.0737953736	0.0168130564	0.1559947151	0.0645567903	-0.0845044222	-0.0133837113	-0.0697452388	0.0262174527	0.0190932919	-0.0457675147	0.097390337	0.0126866597	0.0436535804	0.0649316656	0.0728518394	0.0612852743	0.034972207	-0.0634180269	0.014944099	-0.0394450877	0.1065550607	0.0280094662	0.0523323649	-0.0319624902	0.0800983279	-0.0412496463	0.0810731817	0.1249796771	-0.1282150078	-0.0886998747	-0.0253609313	-0.0999689209	-0.0810462774	-0.009383923	-0.164639759	-0.0734391075	-0.0400101573	-0.1627545393	-0.0062804517	-0.0351383714	0.0021579273	0.0925785619	0.0347351217	0.0650222672	-0.0356734952	0.030705876	-0.0393208944	-0.0748257977	-0.1149722784	-0.0445611324	-0.017425025	-0.0543851785	-0.088917289	0.0975717325	0.0568505871	-0.1702832813	-0.014205711	-0.1356945828	-0.1028518383	0.0078965868	0.0702074877	0.0185443937	0.1669858733	-0.0030550718	-0.0689318096	-0.0003340814	0.0059996673	-0.0660220819	-0.0224725561	0.0450921428	0.0911198496	0.0045842382	0.0330055079	0.0677772101	-0.0355104674	0.0262883412	-0.0106243121	-0.0237177003	-0.039949624	-0.0850541001	-0.0165834004	-0.0988523012	0.0790169152	0.0818898776	0.0836880644	0.0984817804	-0.0081239555	0.1146220188	-0.1057038768	0.1374182559	0.0026741018	0.1636401132	-0.0863014851	0.1051673371	-0.044430574	0.0336919637	0.1117482067	0.0284883896	0.1644824144	-0.0098137442	0.085102873	-0.0621557267	-0.0161282077	0.0047142705	-0.0232240951	0.0049843858	-0.0398239558	-0.0409934334	0.0357379952	0.0369967677	0.1048905793	-0.0823603227	-0.0768851983	-0.0660397941	0.0022206044	-0.1295206812	-0.0740784386	-0.1624657537	0.0959371335	-0.1004894519	0.0461841601	0.0789252648	-0.0316982927	0.1574258255	0.0323389403	0.0918069153	0.0923999182	0.1228005164	0.0255359846	0.0872881398	0.0950720799	-0.0080986495	0.1185003284	0.0443956702	-0.0053105497	0.0598877031	-9.78026e-05	0.0048889483	0.027434735	-0.0053305372	0.1643498235	-0.1530959288	-0.1606308986	0.0945834621	0.0754618528	-0.008610269	-0.0871572961	-0.1097766499	-0.0619537931	0.0064359839460053	0.0033354313121095	4.1421889353237954e-05	1.1125102037800504e-05	-0.0507733534112873	0.0144540465741299	0.0002089194623671	0.0025779334166274	-0.0035254178575598	0.0086003588292414	7.396617199171051e-05	1.242857107040153e-05	-0.0014677724294873	-0.0005644618193225	2.1543559047630515e-06	3.186171454728668e-07	-0.0008818811062136	-1.8486101910006325e-07	3.4173596382713953e-14	7.777142854965229e-07	0.0005188530281392	8.675054328759993e-05	2.692084648092174e-07	7.525656760693751e-09	0.0	0.0	0.0	0.0	0.0	0.0	0.0	0.0	0.0	0.0	0.0	0.0	0.0	0.0	0.0	0.0	0.0	0.0	0.0	0.0	0.0	0.0	0.0	0.0	0.0	0.0	0.0	0.0	0.0	0.0	0.0	0.0	0.0	0.0	0.0
1103.8102312243236	2.771490614140476	7.68116022426875	1218397.0265554949	1132.655716887812	-12.228311126445078	1282908.9729986435	149.5315930051405	1072.9402649213066	1.808563250703628	3.270901031795674	1151200.8120894036	1077.6942506334606	1031.572395149867	1.620112	32.207073	0.0507096770028992	0.0227844028041649	0.1358804814	-0.056838236	-0.0880651145	0.0627630452	0.014971553	0.157724458	0.0441747114	0.1263013328	0.0899258681	-0.0645391365	-0.0342850543	-0.0719204193	-0.0095518956	-0.072336717	-0.0673607613	0.0683241962	0.0596177128	-0.0026554601	0.0116871712	0.0847881397	-0.0516756631	-0.1637628197	-0.0057790635	-0.003697365	-0.0562586273	-0.0236990974	0.0764596979	-0.106924008	0.0588065878	0.1069826032	0.0560742261	-0.0811158397	-0.0618850085	0.0912702956	0.0091815515	-0.110771159	0.0763471607	-0.0709423299	-0.0036230456	-0.020072905	0.0375287817	0.0155123755	-0.0733417145	-0.1077244864	0.0710796904	-0.1124708668	0.0520442694	0.1365951299	0.0439857257	-0.0310326668	-0.0403830204	0.1015093698	0.0167925195	-0.173611459	-0.1157524934	-0.0086393517	0.0107230619	0.010447563	-0.0115488161	-0.178753849	0.0436543227	-0.0019198283	-0.0837412225	-0.0684993074	0.0207885412	0.1322773232	-0.1325001036	-0.0107716067	-0.0049368657	-0.06546522	-0.028721386	-0.0138107127	-0.0198831657	0.1046120354	-0.0865947445	0.0341592331	0.0486298425	-0.0605746596	0.0551046938	0.1373187905	-0.016138363	-0.0757675738	0.0724590464	-0.0244630991	-0.0052946559	-0.0126909867	0.0717591792	0.0068638238	0.0775331145	0.0969952203	0.0501669136	-0.0254924396	-0.0827984413	0.1058125563	-0.0764932896	0.0392274085	0.1572247821	0.0033458127	0.0292107768	0.0093839718	-0.0263508503	0.0173698001	-0.0633805842	0.0552965738	0.1067682561	0.0909545283	-0.0412101852	-0.0869409259	-0.0961468901	0.1151317819	-0.0718144888	0.0425315044	-0.1047299517	-0.0448197928	0.1559198599	0.1246364223	0.0418840086	-0.1150422426	0.0552123264	-0.1536854597	0.0414024746	-0.0576825513	0.0645160937	-0.024619813	-0.0219051139	-0.128997235	0.1101074764	0.0629281552	-0.058470844	-0.073955509	0.0233974816	-0.1300225205	-0.0189441604	-0.0460900549	0.0131271598	0.0060775078	0.0303982968	-0.0659526093	-0.1022281455	-0.1109379424	-0.0041640505	0.0725540398	-0.0383244168	0.1533493751	0.0855402129	0.0325061508	0.0813428197	-0.0986797903	0.0803959528	-0.0796875427	0.0533618032	-0.0214974987	0.1251635603	0.0239750535	-0.0180709183	-0.1143278807	-0.1391044873	-0.0948296231	0.0738662073	-0.0128992127	-0.0910168938	-0.1081160967	-0.0527333744	0.0087523296285922	0.0023163456825869	7.660327392753289e-05	5.365457321238973e-06	-0.0376002852487289	0.0131730681625584	0.0001735297248154	0.0014137814507857	-0.0120895030070187	-0.0085640851494589	7.334355444718245e-05	0.0001461560829567	-0.0012817246310067	0.0001860477984806	1.642818029729261e-06	3.4613783319478006e-08	-0.000750971384166	0.0001309097220476	1.7137355326579893e-08	5.63958019836198e-07	0.0007350190677769	0.0002161660396377	5.402530299956232e-07	4.672775669264772e-08	0.0	0.0	0.0	0.0	0.0	1.0	0.0	0.0	0.0	0.0	0.0	0.0	0.0	0.0	0.0	0.0	0.0	0.0	0.0	0.0	0.0	0.0	0.0	0.0	0.0	0.0	0.0	0.0	0.0	0.0	0.0	0.0	0.0	0.0	0.0
1106.403708302714	2.5934770783903787	6.726123356136294	1224129.165745997	1143.3360791824737	10.680362294661563	1307217.3899603516	114.07013874522842	1072.8589274663111	-0.0813374549954915	0.0066157815851436	1151026.2782441634	1077.7264464838122	1067.8384501659486	1.409574	28.021675	0.0523398416849677	0.0257365064581176	0.025550579	0.1025680265	0.052400184	-0.0333009685	0.1313169981	0.1161233441	0.0458553892	0.0973056048	0.0134479323	0.0523087016	0.0485294696	-0.1051172307	-0.1785310825	-0.1550184713	-0.0503078227	0.1454411561	0.0246341939	0.0489698594	0.108485393	-0.0730467858	0.0287239255	-0.0176276763	0.0988780191	-0.0090560471	0.0799671682	0.0765340804	-0.0664198054	-0.100527588	-0.1428578789	0.0392230593	-0.1130285843	0.0245270007	0.0160750066	0.1059035107	0.1331677535	0.0758938185	-0.0182326129	-0.021453315	-0.1248273308	0.0486059198	-0.0054250043	-0.0230266738	-0.0364029832	0.0161246563	-0.0362165462	0.1215779344	0.0309041157	0.0268626756	-0.0672245351	-0.0947651518	0.0003182314	-0.0067131904	-0.0780575517	-0.1176564748	0.0098128129	-0.0896429608	0.114251995	0.0272883459	-0.0018421844	-0.0547940524	-0.0531113231	0.0040014253	0.0714294104	-0.0518958077	0.1289455753	-0.087975182	-0.0591049475	-0.1824630945	-0.1175797185	-0.0528040751	-0.0799660844	0.1584792831	0.1098387757	-0.0643644469	-0.0975472626	0.1109889192	0.0373508929	-0.1028517563	0.0110237942	-0.0464894098	-0.0696705527	0.0028604377	-0.1010144421	0.0034919759	0.013124661	-0.0147496382	-0.1796931214	-0.138496376	0.0061865466	0.1164798148	0.0073371878	0.0336594654	0.0528308208	-0.049244129	-0.1659254925	-0.0366198776	0.0016382845	-0.0983770638	-0.0861500655	0.0283966772	0.0601919085	-0.0124402578	-0.0418555082	-0.0263936535	-0.0344994926	-0.0937847901	0.0369473212	-0.0010853183	-0.1091802346	-0.0525080017	0.1486027901	-0.0257513836	0.006293449	0.0165544069	0.0363206009	0.1403723498	-0.122727151	-0.0249718149	-0.0838233519	-0.0772206949	0.0040990285	0.0191584725	0.0579038161	-0.1098707671	-0.1554545301	-0.0378051497	-0.1078459464	0.0777492097	-0.1958582233	-0.0096109265	0.0770875162	0.0707160296	-0.1399627314	0.0384361148	-0.0254788761	-0.0355734852	-0.0215663111	-0.0446977443	0.1589376641	0.0735485637	-0.0187753446	0.1647978136	0.0999488845	0.0677618503	-0.004322644	0.082536911	-0.0201129741	-0.1195603223	0.0584612135	-0.0270247501	0.0866245607	-0.08220066	0.0444744611	-0.0332239034	-0.069670625	-0.0338073726	-0.0063395344	-0.1040807875	0.0722427837	-0.0171687548	-0.0945685192	-0.1058053206	-0.0430175569	-0.0061600897688407	-0.0149124193974329	3.794670596017587e-05	0.0002223802522849	-0.0377792591074381	-0.0001789738587091	3.2031642101260655e-08	0.0014272724187069	-0.0217638489173594	-0.0096743459103407	9.35929687929258e-05	0.0004736651196976	-0.0010640974516316	0.0002176271793751	1.1323033865688652e-06	4.736158920276196e-08	-0.0010569066073813	-0.0003059352232153	9.359636080379544e-08	1.1170515767262494e-06	0.0007629387155562	2.7919647779299983e-05	5.820754836945443e-07	7.795067321201705e-10	0.0	0.0	0.0	0.0	0.0	0.0	0.0	0.0	0.0	0.0	0.0	0.0	0.0	0.0	0.0	0.0	0.0	0.0	0.0	0.0	0.0	0.0	0.0	0.0	0.0	0.0	0.0	0.0	0.0	0.0	0.0	0.0	0.0	0.0	0.0
1106.015614673932	-0.3880936287819168	0.1506166647011162	1223270.5399025558	1155.4626255090368	12.12654632656313	1335093.8789482366	147.05312581028173	1073.5814335285622	0.7225060622511137	0.5220150099896101	1152577.0944172426	1078.5357156566142	1060.247522863826	1.422807	28.28475	0.0680703663455065	0.0354593538241396	0.0865906299	-0.0939312667	0.0466569751	0.0692859355	-0.0037251397	0.0393783001	0.0390512962	-0.0642947156	-0.0336077024	-0.100107658	-0.0433289832	0.0064200926	-0.1887643357	-0.0959271441	-0.0764714623	0.0893063356	0.1087682384	-0.0236257414	-0.0180916232	0.1057329133	0.0769162818	-0.0146060812	-0.0046942014	-0.0612271779	-0.0091282128	-0.041635001	0.0652643536	0.0446507297	0.1056498282	0.1232664092	-0.0776056554	-0.0078822855	0.0124820012	-0.1664766039	-0.0225864913	0.0938832905	-0.0339355917	-0.0719250465	-0.0371735361	-0.1622858352	-0.1023751656	-0.0757537961	-0.0648168471	0.0502946288	-0.0651072454	-0.106982197	0.044892745	-0.0537049808	-0.0356925478	-0.0817648603	-0.0655862651	-0.150224386	0.0650996152	0.0045524863	-0.2087851675	-0.0064412878	-0.0087092598	-0.1847252024	-0.0472822819	0.0577867993	-0.0141299802	0.0760809775	0.1491997927	0.0523500908	0.0953028214	-0.0982300399	0.004538707	-0.1149677832	-0.1246999983	0.1053382482	-0.0573969937	-0.0494308931	-0.0055697901	0.0120086911	-0.0866750082	0.018777551	0.1351959872	-0.0018387939	0.0356686923	0.1004170704	0.0766201587	0.0537108816	-0.0302667348	0.0319155155	0.0308944444	-0.0045460588	0.0825131182	0.101338843	0.0112090753	0.1009820712	-0.0478427657	0.0781750582	-0.0819259108	-0.023724211	0.1313557442	-0.0623611095	-0.0654522475	-0.0832771905	-0.0337732484	-0.1043013859	-0.1317085617	-0.0337267229	-0.1062737926	0.0158197842	0.0170757204	0.132454795	0.0830733528	0.0014913152	-0.0404550402	-0.0800525163	0.0745669661	0.0362204696	0.1210444673	-0.0436479954	-0.0125078465	0.1417610043	0.137439689	0.1936605772	0.092365011	0.058441473	-0.0805050824	0.0799121034	0.031239737	-0.0196660353	-0.1806015477	0.0576516211	-0.0971736544	0.0933391084	0.0021301959	0.1943761249	0.0145902738	-0.0552925719	0.0149036924	0.0469016316	-0.079358293	-0.037708158	-0.0294366617	-0.0126594873	-0.1797615523	0.1487219569	0.0355028239	0.0765689567	0.0375467696	0.0365274896	-0.0571728483	-0.0001536826	0.0301608676	-0.0231472959	-0.0285238756	0.0462112028	0.1158170202	-0.1877108401	0.0498383622	0.0847405992	-0.0461664833	0.1475880203	0.0638301779	-0.0510125726	0.0705921926	-0.0214124734	-0.0978001546	-0.1028582188	-0.0328976148	0.0029592846700836	0.0091193744389243	8.757365758591802e-06	8.316299015730588e-05	-0.0083181900168938	0.0294610690905443	0.0008679545919578	6.919228515715169e-05	-0.0355976809693174	-0.0138338320519579	0.0001913749092417	0.0012671948903933	-0.0009420037343248	0.0001220937173067	8.873710354818685e-07	1.4906875805792765e-08	-0.0011359078135546	-7.900120617329999e-05	6.241190576836252e-09	1.290286560894392e-06	0.0008749656073577	0.0001120268918014	7.655648140588287e-07	1.2550024486704972e-08	0.0	0.0	0.0	0.0	0.0	0.0	0.0	0.0	0.0	0.0	0.0	0.0	0.0	0.0	0.0	0.0	0.0	0.0	0.0	0.0	0.0	0.0	0.0	0.0	0.0	0.0	0.0	0.0	0.0	0.0	0.0	0.0	0.0	0.0	0.0
1105.684627726607	-0.3309869473250728	0.1095523592995705	1222538.4959909257	1136.472674762825	-18.98995074621189	1291570.1404825696	360.6182293435535	1072.6537562764097	-0.9276772521525344	0.8605850841612771	1150586.080853891	1077.5374131401477	1071.9888767047507	1.520645	30.229723	0.1228594516358193	0.0923570918620411	0.0291219431	0.1598561149	0.0022028348	-0.1094004203	0.0171004471	0.039620533	0.0543675882	0.1219943259	-0.1250567331	-0.0672170111	-0.0037299104	-0.147791482	-0.0805685347	0.0677183378	-0.0191563024	0.1529358536	0.079094687	-0.0985289264	0.1182518255	0.109431192	0.0626726217	0.1925681406	-0.1314530426	0.0328978936	-0.0167619071	-0.0301586655	0.0949509217	-0.021303284	-0.0743913379	0.0776566366	-0.0037518854	0.0621788657	-0.0250147812	0.1099993098	-0.0768487588	0.0918157258	0.0511042978	0.0106677637	0.0432019739	-0.0596667658	-0.0323289341	-0.019311195	-0.036300643	0.1085808114	-0.0722604737	-0.0807733265	0.0334689517	-0.0108440396	-0.0389777344	-0.0467711831	-0.1040360323	0.1110098896	0.0675940988	-0.058265216	0.0411593051	-0.0929851924	0.0524418818	0.1094672927	0.0306935091	-0.0570194914	0.0534349971	-0.212269138	-0.0933244517	-0.0564877202	-0.1123879616	0.0015623761	0.0187201067	-0.017116263	-0.0695403682	-0.1030291731	-0.0034678058	0.1054506328	0.1338506824	-0.0199830303	-0.0693974342	0.1186241458	0.0766439702	-0.0521088142	0.1426040061	-0.1045115047	0.2020206544	0.123314632	-0.0033133259	-0.0123745804	0.0716289599	-0.0107073268	0.1073542393	-0.0213062508	0.0268480832	0.0490484761	0.0552213165	0.0319606707	0.0493714038	0.0583293047	-0.0906093318	-0.0360435955	-0.095082085	0.0754125225	-0.0096614635	-0.0840777493	-0.0470585017	-0.0183285277	-0.0467901557	-0.132445371	-0.0581727129	0.1188556362	0.0467202823	0.0543210379	-0.0948486837	0.0328213404	-0.0021672749	0.095326875	-0.1140119907	0.1051683835	-0.0096239737	0.1061806735	-0.0522108504	-0.0923012101	-0.0506214096	-0.0191662443	-0.0471830844	-0.1157471846	-0.1159532268	-0.0462566288	0.1839696717	0.011861414	-0.0619200595	0.0470529329	-0.1790795387	-0.0189188509	0.0025381642	0.0503391053	0.0724384038	0.0115069249	-0.1211622397	0.0228097686	-0.1690521063	-0.0324061923	0.0667073243	-0.0811271291	0.1315709422	0.1413789423	-0.0325149139	-0.0646022572	0.0157187075	0.0130528764	-0.0772754034	-0.0133665814	0.0151243975	-0.0668680776	0.1260810537	-0.0760000136	0.020208813	0.0352432189	0.0503416622	0.1544606793	-0.0291012549	0.0530557512	0.0689150546	-0.0256239856	-0.1007008652	-0.0992925156	-0.0224686191	0.0002432306075377	-0.0027160540625459	5.9161128443158655e-08	7.376949670672089e-06	-0.0997028164992883	-0.0913846264823945	0.0083511499573267	0.0099406516178907	-0.0313545610582934	0.0042431199110239	1.8004066579328282e-05	0.0009831084991582	-0.0006659592399778	0.000276044494347	4.4350170931180905e-07	7.620056285929091e-08	-0.0013047769520599	-0.0001688691385053	2.8516785939522193e-08	1.7024428946267226e-06	0.0008295662166129	-4.539939074479991e-05	6.88180107745441e-07	2.0611046799990235e-09	0.0	0.0	0.0	0.0	0.0	0.0	1.0	0.0	0.0	0.0	0.0	0.0	0.0	0.0	0.0	0.0	0.0	0.0	0.0	0.0	0.0	0.0	0.0	0.0	0.0	0.0	0.0	0.0	0.0	0.0	0.0	0.0	0.0	0.0	0.0
1107.777340811284	2.092713084676916	4.379448054777973	1227170.6368149195	1158.5973279881546	22.124653225329663	1342347.7684212914	489.5002803410904	1073.1829126060136	0.529156329603893	0.2800064211598638	1151721.563909527	1078.1051998958492	1078.9631313057632	1.363433	27.104412	0.1309968600026517	0.0862826156181278	-0.0083243473	-0.0563209428	0.1175083114	-0.0947085696	-0.0601847102	-0.0072861917	0.0499675223	-0.1142125009	-0.0698963722	-0.100976541	-0.0307177006	-0.0454935253	-0.0694261308	-0.1030174499	-0.1097513346	0.1058241986	0.186540288	-0.0943020735	-0.0768633257	-0.0421083105	-0.0540234255	0.0223928539	0.0598375666	0.0386785212	-0.128651241	0.0693826329	-0.153012819	-0.005928934	-0.0315644307	0.1119675113	0.1197011998	0.0395609514	0.109335015	0.0720586921	-0.0152900044	0.0996638415	0.0959910253	-0.0486903719	0.0099993166	0.0759296755	0.2034859828	0.0481757715	-0.0130755419	-0.0916650195	-0.0402420362	0.1213367299	0.0466644795	0.0538970678	0.0216428922	0.0754866029	-0.0223021046	0.1299356863	0.0625160084	0.1502607994	0.0373001564	-0.0145610328	-0.0195533613	0.1212456834	-0.010919149	-0.1432284508	0.0133937115	-0.1259350574	-0.0147543651	0.1112170688	-0.0760932664	-0.0344567851	0.0094154048	-0.1186618285	-0.0005366856	0.1002459066	0.0036987505	-0.0176565904	0.0667820192	0.1665405082	-0.116206782	0.0151201213	0.2213227634	0.0429076599	0.0790613262	-0.0398947647	-0.0183241382	-0.0323639452	0.0699271707	0.031842423	-0.1344887059	0.0713474572	-0.0798406262	0.1142615216	-0.0513567548	0.068220616	0.1569108918	-0.0746905765	0.1079415889	0.0582042944	-0.016668721	-0.1415647282	0.0149591168	0.0162865098	0.0217071292	0.1944873067	0.028256713	0.0936567502	-0.0034383701	0.032913977	-0.0197258901	-0.1195032971	0.0504245946	-0.0024610735	-0.026007683	0.101099779	-0.1163523402	0.0039048974	-0.0816170312	-0.0054612719	-0.1377746268	-0.0706422048	-0.053196086	-0.1478601686	-0.0366699489	-0.0499074896	-0.0651671316	-0.0649640973	-0.139082945	0.086101801	0.0496486735	0.0663993465	-0.1064596132	0.1367822081	-0.0146217988	0.111083958	0.0478241776	0.0081247397	0.0954090257	-0.137208302	-0.1709240793	-0.033627449	0.1004654966	0.0483597445	0.0268763607	0.1127191137	0.0829065937	0.085447595	-0.1039274455	0.0249699983	-0.0040498332	-0.0284094196	-0.0697283352	-0.0833753334	-0.0102688564	0.1559600091	0.0331925888	-0.0136437067	-0.0109182343	-0.068507117	0.0918529685	0.0127989197	0.0540211	0.0437190722	0.0672120005	-0.029796957	-0.103260836	-0.0951296555	-0.0118285441	-0.0059714655612737	-0.0062146961688114	3.5658400949477825e-05	3.862244847063909e-05	-0.0183504607179685	0.0813523557813198	0.0066182057911704	0.0003367394085617	-0.0553023690093539	-0.0239478079510604	0.0005734975056608	0.0030583520180467	-0.0005068382476766	0.0001591209923012	2.568850093078865e-07	2.5319490190918583e-08	-0.0014572306001434	-0.0001524536480834	2.3242114813967644e-08	2.123521021994293e-06	0.0009076315782574	7.806536164449993e-05	8.237950818500187e-07	6.094200688686561e-09	0.0	0.0	0.0	0.0	0.0	0.0	0.0	0.0	0.0	0.0	0.0	0.0	0.0	0.0	0.0	0.0	0.0	0.0	0.0	0.0	0.0	0.0	0.0	0.0	0.0	0.0	0.0	0.0	0.0	0.0	0.0	0.0	0.0	0.0	0.0
1106.919049043349	-0.8582917679348157	0.7366647589046714	1225269.7811350322	1151.6648074982834	-6.9325204898711945	1326331.8288300582	48.059840342483945	1073.99050321175	0.8075906057363227	0.6522025864735606	1153455.600989028	1079.020481940284	1067.1590434733812	1.42087	28.246241	0.0642605834724933	0.0309368763369591	0.1320381551	0.0347610884	-0.0236374758	-0.0007124813	-0.2120827202	-0.0284560089	0.0754060482	0.0045978538	-0.13538786	-0.110904	0.0768614568	0.1599918136	-0.0736214885	-0.1230953799	-0.1312336191	0.0422989633	0.1523697111	0.0126616028	0.0957485636	-0.0023180843	-0.0886752469	-0.034981938	-0.0178336016	-0.0624895402	-0.0298319079	0.0559059558	-0.1380660045	-0.0322966949	-0.0221134331	-0.1950390881	0.1259359328	0.1372735877	-0.0222521527	-0.0619100436	0.025838093	-0.1560174574	0.1175240246	-0.0153178286	-0.0460959712	-0.0880344541	0.2133225717	0.0942691986	0.0110923697	0.146343272	-0.021074986	-0.0345895527	-0.0546751587	0.0812112081	-0.076519337	0.1011253209	-0.0431145488	0.1126758972	-0.110932499	0.052658391	0.0282618949	-0.0094925675	-0.0085319614	-0.1417720352	-0.0810938343	-0.0216072474	-0.0425913967	0.0695125602	-0.038425804	0.0111486858	-0.0330086159	-0.0483928919	0.0697645796	-0.0433730605	-0.0398930239	-0.0467730886	-0.0167600459	0.0478015542	-0.0753667455	-0.0316927706	-0.1223909254	-0.0345610896	0.0971595706	-0.1526484616	0.0774373657	0.0125281564	-0.0062372085	-0.0644182791	0.0694669677	0.1021681413	-0.0506249896	0.0438734052	-0.1138497799	-0.0639193348	-0.0269312574	-0.2531468088	0.1049247522	0.0610356019	-0.0006391068	0.0021912068	0.0788179122	0.0154232339	0.1514309165	0.0019619646	0.003144806	0.0838867581	-0.0600739332	0.2145696507	0.0048312915	-0.1739212911	-0.1064614203	-0.0084922948	-0.0647782572	-0.0506771219	0.0804914383	0.0671379465	0.0688562465	0.0814296518	-0.1220605019	-0.0569158045	-0.0649256274	-0.0698141943	0.0433658582	-0.0133107006	0.0773838071	-0.0156608091	-0.0872693352	0.1064444054	0.1105948069	-0.0027210103	0.0416150716	0.049089035	-0.0215457356	0.0107422636	-0.0340839009	-0.0082389862	-0.0799117104	-0.0222888824	-0.018834056	0.067804516	-0.1186133419	-0.0529160792	-0.0493787836	-0.201092523	-0.0475650745	0.0781313331	0.0858526077	0.0331395514	-0.0351934196	-0.0004781088	-0.0064254377	0.0123150797	0.0717262265	-0.0244881928	0.0388530906	0.053318628	0.1740966924	0.0878569113	0.1042334987	-0.1187558567	-0.0594997037	0.1200758415	0.0127592328	0.0060061725	0.0654836707	-0.0339251109	-0.1054714048	-0.0903946745	-0.0010773469	-0.0060356175615652	-6.415200029149994e-05	3.642867934947425e-05	4.1154791414006085e-09	-0.0345482715228939	-0.0161978108049254	0.0002623690748721	0.0011935830652196	-0.0374140915580625	0.0178882774512913	0.0003199904701743	0.001399814247115	-0.0006610297974302	-0.0001541915497536	4.369603930906113e-07	2.3775034015416933e-08	-0.0015964037561022	-0.0001391731559588	1.936916733953251e-08	2.548504952497213e-06	0.0012164737368647	0.0003088421586072	1.4798083524815673e-06	9.538347893321665e-08	0.0	0.0	0.0	0.0	0.0	0.0	0.0	0.0	0.0	0.0	0.0	0.0	0.0	0.0	0.0	0.0	0.0	0.0	0.0	0.0	0.0	0.0	0.0	0.0	0.0	0.0	0.0	0.0	0.0	0.0	0.0	0.0	0.0	0.0	0.0
1105.2478044917702	-1.671244551578866	2.7930583511820446	1221572.7093338785	1155.3884969925675	3.723689494284145	1334922.578982744	13.865863449842108	1073.5379269431378	-0.4525762686121197	0.2048252789108695	1152483.68058537	1078.584671578026	1082.6022785929947	1.492588	29.671951	0.0461099823891814	0.0220864729670363	-0.0644898967	0.0895536993	0.1000906646	0.0297591477	0.0155780479	0.0857486988	0.0263770216	-0.0441508572	-0.182385142	0.0231101522	0.1106190006	-0.1311180032	-0.0005738605	-0.068464338	-0.0999347561	-0.0129699261	0.1739028489	-0.0136675055	0.0827558774	0.1089865309	-0.1198236421	0.0856034071	-0.049449426	0.0240580693	0.0505414331	-0.0735926637	0.0140939631	0.1184330438	-0.1387007962	0.0485696215	-0.0168057769	-0.0848873272	-0.0704930744	-0.1889222334	-0.0798120315	0.1518119133	0.1178838761	0.0410807645	0.0194786485	0.0460364954	-0.0237580996	-0.0174037052	0.0495735879	-0.0151423158	0.0447277089	0.0190638469	-0.1930215078	-0.0048117448	-0.0347754022	0.077004178	0.0366940316	-0.0115021504	0.0402599308	0.0106822385	0.0203134671	-0.0010827125	-0.0491617114	0.0312228392	-0.1554803965	0.0508319884	-0.0092084946	0.1512976539	-0.0168720742	0.1273518593	-0.0244741403	-0.027924611	-0.106976355	0.0232036246	-0.078088778	0.0012466889	0.0625956351	-0.0131989894	0.1324532557	-0.1250590873	-0.0670986613	-0.0756927575	0.1328300438	-0.0889349962	0.0781110696	-0.1129368517	0.1652039422	-0.1124175543	-0.0069410107	-0.0563983483	0.0493927726	-0.0552286326	0.0600280633	-0.032985924	-0.1662202647	0.074946854	-0.0136839313	-0.0074390125	-0.1442996707	-0.0669585063	0.1383622066	-0.1439938243	-0.0755713537	0.0793799269	-0.0309957081	-0.003741689	0.0187825914	-0.052345049	0.0496816474	-0.050117912	-0.0378089957	-0.0653346041	-0.1401223801	0.0837200745	0.096359792	0.08367298	-0.0517074383	-0.010327801	0.0435785624	0.016773756	0.025965348	-0.0294070302	0.0599761518	-0.0430626826	-0.041726328	0.0973247251	-0.0006680666	0.1429695681	0.0921674693	0.0978898288	-0.0725776277	-0.0561821441	0.0414342176	0.0199609776	-0.0663392064	0.00506875	-0.0274249632	0.1106580519	-0.0024510882	0.0947287288	-0.1291614874	0.0362988792	-0.1662561784	0.1031058813	0.0639213141	0.0493569784	0.0925948515	0.0499239253	0.0036434076	0.0376954457	-0.0983404014	0.0808745682	0.0766486861	-0.1195605697	0.0036880073	0.1524171429	-0.0367951387	-0.1043099897	0.0617471632	-0.073431519	-0.0762577713	0.0645306378	0.0565966041	-0.1169817955	0.0637307152	-0.0380022381	-0.1073250918	-0.0851160492	0.0096839714	0.0028807344865811	0.0089163520481463	8.298631182177673e-06	7.950133384648272e-05	-0.0522317516597752	-0.0176834801368813	0.0003127054697514	0.0027281558814484	-0.0418301154883664	-0.0044160239303038	1.9501267353016656e-05	0.00174975856177	-0.0004901233127126	0.0001709064847176	2.402208616643731e-07	2.9209026518527245e-08	-0.0015477796987171	4.862405738510008e-05	2.364298956589505e-09	2.3956219957607968e-06	0.0011341217534904	-8.23519833743e-05	1.2862321517401394e-06	6.7818491656809835e-09	0.0	0.0	0.0	0.0	0.0	0.0	0.0	0.0	0.0	0.0	0.0	0.0	0.0	0.0	0.0	0.0	0.0	0.0	0.0	0.0	0.0	0.0	0.0	0.0	0.0	0.0	0.0	0.0	0.0	0.0	0.0	0.0	0.0	0.0	0.0
1106.2923947108895	1.0445902191193	1.0911687258797071	1223882.862595155	1158.0601291711462	2.671632178578648	1341103.2627758917	7.137618497616892	1074.1570576176057	0.6191306744678968	0.3833227920670728	1153813.3844297123	1079.3419209546234	1076.4867199725934	1.421214	28.253075	0.0561410503063073	0.026466202263082	0.0277689947	-0.0736439812	0.0458302226	0.0315583655	-0.0070133556	-0.0976680326	0.0654985854	-0.0802220644	-0.0014359558	-0.1297221107	-0.0135888256	-0.0568107928	0.0293304258	-0.0997508805	-0.1211765567	0.0197663517	0.1178218091	-0.0494799995	0.0050100602	0.0775569836	0.1509710852	0.0047185708	-0.1042743988	-0.0830861621	0.0352830376	-0.0796519944	-0.0344450429	0.0795769779	0.0690528429	0.0611553969	-0.0362633879	0.2131961153	0.0141980219	0.0424406871	-0.0980260913	-0.1076201156	-0.1834503866	0.0660522096	-0.0597740098	0.0741310199	-0.0751716868	0.0425630213	-0.0170079541	-0.0491537857	0.0664543747	0.0913269977	-0.0883496739	-0.0184641778	-0.1267716312	0.119554334	-0.0210473202	-0.0446753304	-0.0929001328	-0.0129987495	-0.0573768516	0.1249722823	0.0717377806	0.0214485546	-0.0418664458	0.130843058	-0.0135974936	0.0664658728	-0.1008876314	-0.000577462	-0.0171554452	0.0427744458	0.0598259797	0.0133471256	0.0303753974	0.0229533231	0.1782648037	0.0391041728	0.0192328923	-0.0765283231	-0.1008145682	-0.0633754847	0.1196358758	-0.0088266232	0.0562318716	0.084047189	0.0665298355	0.1417343907	-0.0067091607	0.0374300096	0.0915994024	-0.0375887487	0.0331489048	0.0851472071	-0.0483223325	-0.0522063154	0.0228539158	0.1820217409	0.1034880164	0.0789372482	0.0496991973	0.1974743151	-0.1295488503	-0.055633593	-0.0502997582	0.0023373056	0.0927392937	-0.0413176357	-0.0523466082	0.0793997922	-0.0011934518	-0.0996059189	-0.0356969825	0.0405396859	0.1650588825	0.0958993093	0.0988670203	0.0603196799	0.0955545787	-0.1115013333	0.0494445602	-0.0218902388	-0.0643943061	0.0177695913	-0.0142400817	0.0572907505	0.0594124625	-0.0091656935	0.1330615262	0.0290316161	0.0418873668	-0.0049030775	0.0709757773	-0.0215819697	0.0589121129	-0.0354969098	-0.0626152389	0.2260784233	-0.0964760385	0.0047115706	-0.1717713104	9.35916e-05	0.0515441614	-0.0307895007	-0.0200679053	0.0435482973	0.0235513539	0.0310951239	0.0375302296	0.0926195973	-0.0543755464	-0.0196222612	0.0503303183	0.0612009581	0.0176550815	0.0362917687	0.1541283694	-0.1169897927	-0.1197237267	-0.067440079	0.0142381215	0.0955856759	-0.0259253644	-0.0198698417	0.0619537931	-0.0420222065	-0.1088156246	-0.0793255261	0.0203543145	-0.002792605565034	-0.0056733400516151	7.798645841858867e-06	3.2186787341260026e-05	-0.0388034169084789	0.0134283347512963	0.0001803201741928	0.0015057051637732	-0.0552594399030823	-0.0134293244147159	0.0001803467542356	0.0030536056984023	-0.0002617602608256	0.000228363051887	6.851843414748615e-08	5.2149683467144674e-08	-0.0013046499656201	0.000243129733097	5.9112067115818526e-08	1.7021115327925275e-06	0.00113482999028	7.082367896001692e-07	1.2878391068389052e-06	5.015993501431544e-13	0.0	0.0	0.0	0.0	0.0	0.0	0.0	0.0	0.0	0.0	0.0	0.0	0.0	0.0	0.0	0.0	0.0	0.0	0.0	0.0	0.0	0.0	0.0	0.0	0.0	0.0	0.0	0.0	0.0	0.0	0.0	0.0	0.0	0.0	0.0
1103.6031741426789	-2.689220568210658	7.231907264487253	1217939.965977796	1145.3736455735968	-12.68648359754934	1311880.787974551	160.94686607088846	1072.6212535957725	-1.5358040218332007	2.3586939934790347	1150516.3536653663	1077.5108157237878	1077.9204945760805	1.294768	25.739395	0.0513868179304225	0.0260176790310345	0.0089242638	0.1350208993	-0.0153520629	0.0671549457	0.0851018539	-0.0566461071	0.0461292773	0.0604441002	-0.1281911437	0.0036875614	0.072936992	-0.0676748472	0.0713334908	0.066186995	0.0006747063	0.0321109466	0.0540824588	-0.0588656341	0.0656278627	-7.86464e-05	-0.0006207041	0.1112813271	-0.0443274921	0.0188943133	0.067308581	-0.0869915541	-0.0639369146	-0.0145712579	-0.0318373105	-0.0057013918	-0.0155233347	0.0092989553	-0.0060300773	0.1196621494	-0.0911101279	-0.0449002041	-0.0434775694	0.1259556269	0.0120335864	0.0033375804	0.0298471943	-0.0239101819	0.0296824811	-0.0408308117	0.1038390085	0.0238508956	0.1712748951	0.0026805958	-0.00821646	0.1079846933	-0.059484093	-0.0303532329	-0.0988299553	0.0278615475	0.0446948926	-0.0299633481	-0.1156845955	-0.1188946978	0.0750523271	0.0254009093	0.1124884983	0.0213294156	0.0690148564	-0.006432275	-0.1206380091	0.133680935	-0.0772499163	0.0564404847	0.0461503693	-0.0905932897	0.0828965371	0.1259675749	0.0571403317	0.015958279	-0.0031576915	0.0215176008	0.0306041947	-0.0470800593	0.0835134206	-0.1079885785	0.0712937749	0.0449519584	-0.0021943356	-0.0072591583	0.0355089921	-0.1196037237	-0.0270734163	0.0076836105	-0.0163808623	-0.0301875102	0.025222826	-0.0220692242	0.0276065358	0.0993009459	-0.072876055	0.125916769	-0.0724599462	0.0820135357	-0.0434829478	0.0305807324	0.0259056561	0.0470789635	0.0531862558	0.0195118316	0.1219162942	-0.076440611	0.0926139985	-0.1456476181	0.0904071633	0.0037376332	0.075882369	0.0493326229	-0.0497210533	0.04749455	-0.0762218306	-0.0577355067	0.077443793	0.0210530364	0.1185483409	0.0656276234	-0.0282189674	0.0220137801	-0.1126719955	-0.0601571258	0.0562733503	-0.0151240932	0.1493607981	0.0190964821	-0.0973629049	-0.1614315661	0.0413533687	0.0735511545	0.1420985691	0.0631512135	-0.1360351742	0.0390862209	-0.1687914452	-0.049504332	0.0065141105	0.0110624607	0.0212534265	-0.0375977135	0.0861844847	0.0694039405	-0.0262089712	-0.0091431822	0.0359672413	-0.0232831647	0.0036386916	-0.034330728	-0.0164693467	-0.0770850047	-0.1376182891	0.0087141177	0.0629354652	0.0178403509	0.0848343577	0.0125588166	0.0601535728	-0.0459789694	-0.1099379598	-0.0730579298	0.0308334408	0.0083909010789966	0.0111835066440306	7.040722091750631e-05	0.000125070820857	-0.0571607897370256	-0.0183573728285467	0.0003369931371662	0.0032673558833604	-0.042594648769807	0.0126647911332752	0.0001603969344494	0.0018143041038232	-0.000295858032901	-3.40977720754e-05	8.75319756320492e-08	1.162658060505928e-09	-0.001304647061213	2.904407099806744e-09	8.435580601407821e-18	1.7021039543317175e-06	0.0009853077202711	-0.0001495222700089	9.708313036258324e-07	2.2356909228614405e-08	0.0	0.0	0.0	0.0	0.0	0.0	0.0	0.0	0.0	0.0	0.0	0.0	0.0	0.0	0.0	0.0	0.0	0.0	0.0	0.0	0.0	0.0	0.0	0.0	0.0	0.0	0.0	0.0	0.0	0.0	0.0	0.0	0.0	0.0	0.0
1102.998641774188	-0.6045323684909363	0.3654593845532611	1216606.003755703	1149.5279560363945	4.154310462797639	1321414.521709211	17.258295421309935	1072.0735463812864	-0.5477072144860813	0.2999831928001022	1149341.6888505484	1077.169462972594	1072.9310767794514	1.487388	29.56859	0.0600054907779381	0.0274256864477601	-0.0401420996	-0.1154067517	0.0743061464	-0.0660453081	-0.0264870376	-0.0855193883	-0.0067697352	-0.0867740344	-0.0146785945	-0.099361709	-0.0434653836	-0.010130469	0.1913071932	-0.1070808838	0.0198207788	0.056425579	0.1509036544	-0.0909240502	0.0017697363	0.1016720085	0.0712343094	-0.1206263487	0.0523046577	0.0821797615	-0.074404958	-0.0726072542	0.0140625624	-0.0077336158	0.169037359	0.0361183417	0.0521279649	0.1077383547	0.0095484685	-0.0069480732	-0.040064131	0.0307547721	-0.1684861795	-0.1588193804	-0.0788320963	0.0209342945	-0.0354247107	0.035943334	0.1009083977	0.0264642294	0.0657427715	-0.0041185471	0.0452944457	-0.114185045	0.0659074019	-0.0530034345	0.1126483219	-0.1786965597	-0.1030192997	0.0097315962	0.071659862	-0.0622781785	-0.0786587427	0.0246507243	0.1249380091	0.1416734339	-0.1364450561	0.0141644441	0.1154349347	0.0097589164	0.0147692113	-0.0628055342	-0.0819302658	0.1150240645	-0.0804113634	0.0624174655	-0.0240721074	0.0402361482	-0.0121530966	-0.034089301	0.0127229548	0.0330218663	0.1549424721	0.0234158521	0.0984036031	0.1545788408	0.0357758046	0.0174636609	-0.0312524512	-0.0931698336	-0.0865920933	-0.0121378727	0.0645177435	0.1490653617	0.081221726	-0.0529917166	0.0679572898	0.1056233334	0.018385296	0.06112968	0.0530593137	0.0096062529	-0.0600943417	-0.1999794356	0.0801811424	-0.062088309	0.0950954353	0.0328791464	0.0347589633	-0.0236645886	0.1327275238	-0.010639113	0.0233688097	-0.0490673092	0.0780113945	-0.2323150783	0.0915570076	-0.1353097249	0.1296591306	0.0070857292	-0.0443135005	-0.0455413016	0.0054359869	0.1067148317	-0.1511500157	0.0524633429	0.0306397876	0.0387778633	-0.0566457604	0.026914807	-0.0261211613	-0.0990721108	0.0104960369	-0.0878105107	-0.0390952748	0.0718477219	0.0145856939	-0.0296613615	0.1012803166	0.1482783896	-0.1664988092	0.0297486212	0.1360488995	0.0604565337	0.0353275211	0.0292406375	0.064075586	0.0283145824	0.0002575769	0.0314044962	-0.0493064207	-0.034641868	-0.0096036825	0.1057765224	0.0092523811	0.0067658464	0.0206186298	0.0192213345	-0.1282628324	-0.2262716407	-0.1087692029	-0.0460883556	0.0313751602	0.0689425443	0.0583307311	-0.0498665756	-0.1106882998	-0.0663509546	0.0410229053	-0.0059701124714877	-0.0143610135504843	3.564224292221297e-05	0.0002062387101971	-0.0574152856226675	-0.0002544958856419	6.476815580865532e-08	0.0032965150231324	-0.0552959309704874	-0.0127012822006803	0.0001613225695413	0.0030576399818929	-1.5132882884668643e-05	0.0002807251500163	2.290041444010972e-10	7.880660985169173e-08	-0.0015280096392342	-0.0002233625780211	4.98908412602766e-08	2.33481345759263e-06	0.0011349939750562	0.000149686254785	1.288211323413874e-06	2.2405974871589852e-08	0.0	0.0	0.0	0.0	0.0	0.0	0.0	0.0	0.0	0.0	0.0	0.0	0.0	0.0	0.0	0.0	0.0	0.0	0.0	0.0	0.0	0.0	0.0	0.0	0.0	0.0	0.0	0.0	0.0	0.0	0.0	0.0	0.0	0.0	0.0
1104.934848552609	1.9362067784211376	3.74889668880396	1220881.0195459772	1139.7614270520828	-9.766528984311662	1299056.1105958002	95.3850884013998	1072.9544018909878	0.880855509701405	0.775906428971322	1151231.1485372474	1077.8699603783105	1059.965078411661	1.522308	30.262774	0.050675362940174	0.02950222301079	0.1382618655	0.0506944299	-0.0395884853	-0.0244044109	-0.1799648251	0.0469143885	0.0556695291	0.0573268185	0.0030016235	-0.0262133576	-0.0223087884	0.01431036	0.1221424699	-0.0701769641	-0.0043870446	0.0812751293	0.0410465939	-0.0387476625	0.1897622942	0.0342888956	-0.0363345864	-0.019315423	0.0568470303	0.0746754914	-0.008443551	-0.025184876	-0.0697777235	-0.1228501166	0.0826279886	-0.0127427072	-0.1724370891	-0.1368766087	-0.0702680018	0.0004670362	0.1128026337	-0.0592565946	0.0413802622	-0.0519113748	0.0107748833	-0.0413007241	-0.0081001122	-0.0075169034	-0.0343240456	0.0147638823	0.0333086636	0.025860774	0.0937865203	0.0368789335	0.0314254692	0.0920965639	9.2098e-05	-0.0510666234	-0.0213726742	-0.0006720329	0.0011672406	0.0222954493	-0.0483087206	-0.0119372392	0.0161350184	0.0597685334	0.0367411101	0.0508512767	0.0368143763	0.0677929914	-0.1378198575	0.0712163303	-0.0499836045	-0.0952329002	0.03827168	-0.0462879791	0.0997440734	-0.0426442889	-0.0787306359	-0.0236699315	-0.0442301852	0.0832763986	-0.0062959294	-0.109781121	0.1421310315	-0.0042555901	0.0341407719	-0.0446037088	-0.0527421212	-0.0457719226	-0.0735317597	-0.0221620163	-0.0974298803	0.0379053426	0.1163872036	0.0473081909	-0.1261369213	0.027415064	-0.1611224143	-0.0649518886	-0.0791216822	0.0369311136	0.1206237252	-0.031881393	0.034546319	-0.037004493	-0.0164081258	0.0374067461	-0.0169536575	0.0165127109	0.0210350477	-0.0625865697	0.0422302054	-0.1395816049	0.0589768779	-0.0006276621	0.0490486357	-0.0035725155	0.0071123351	-0.0023003699	-0.0093147543	-0.0306164909	0.0678425027	0.0163897995	-0.0064420593	0.0968969054	-0.0124248757	0.0479073991	-0.0309398256	0.0332497075	-0.0004410847	-0.0238098951	0.0746999559	0.1373005496	0.0493400529	-0.0729889314	-0.0212643672	0.0411644236	-0.0898221669	-0.1652118882	-0.1199688015	-0.05525845	-0.0014043127	-0.2083690884	-0.0007478614	0.0399751741	0.0379665267	0.0355989821	-0.0158767074	0.0310512304	0.0493798722	-0.0164423795	0.105106691	0.0556351817	0.0489358299	0.0165909346	-0.1481616385	0.0798706099	-0.0532781504	-0.0322030035	-0.0790416653	0.0774284938	0.1216883097	0.1041069973	0.0564859537	-0.0536791777	-0.1110641056	-0.059244937	0.0508269837	0.0066671162470726	0.0126372287185603	4.445043905197944e-05	0.0001596995496852	-0.0554811536720478	0.0019341319506196	3.740866402407965e-06	0.0030781584127813	-0.0528769907665349	0.0024189402039525	5.851271710297772e-06	0.0027959761525242	-0.0005277351573948	-0.0005126022745101	2.785043963505144e-07	2.627610918329601e-07	-0.0014357826661393	9.222697309489995e-05	8.5058145662474e-09	2.0614718643860764e-06	0.0010661219813204	-6.887199373580011e-05	1.1366160790545352e-06	4.743351521144089e-09	0.0	0.0	0.0	0.0	0.0	0.0	0.0	1.0	0.0	0.0	0.0	0.0	0.0	0.0	0.0	0.0	0.0	0.0	0.0	0.0	0.0	0.0	0.0	0.0	0.0	0.0	0.0	0.0	0.0	0.0	0.0	0.0	0.0	0.0	0.0
1103.4533489312112	-1.4814996213979157	2.194841128202168	1217609.2932675052	1162.3777338737027	22.6163068216199	1351121.9962053644	511.49733424965086	1073.0068965495627	0.0524946585749148	0.0027556891788968	1151343.800042924	1078.1613095969335	1091.9612721443175	1.505222	29.923119	0.033535410076825	0.0177138554724207	-0.0762298475	0.0476545156	0.1251735962	0.0200984908	-0.1021559468	-0.0102145642	0.0059257985	-0.1558210625	-0.0762282388	0.0320889143	0.0297696153	-0.1080202448	0.1578835956	0.1304010404	-0.0342781495	0.0034774859	0.0900061091	-0.0647108103	0.0095182536	0.0250144028	-0.085407929	0.1159388557	0.0694691141	0.0803144505	0.1378602746	0.1870848678	0.014695753	0.1145190507	-0.0574398636	-0.0769847253	-0.00071369	0.1218674102	-0.0065623397	0.0443388639	0.0104595966	-0.1336971901	0.0704544177	0.0483513134	-0.0754917258	0.0808283904	0.1174480775	-0.0628980406	-0.0254341005	0.001693592	-0.0058168033	0.0117471396	0.0568424318	-0.0433926144	0.0907851512	0.0831287481	-0.0900740235	0.0138824276	-0.047165387	-0.0923309614	0.014435899	-0.039545682	0.1601876329	0.0889455398	0.0551842826	0.0930764081	-0.0933728326	0.068887254	0.1121235786	-0.0957095038	0.0528237352	0.0106712137	-0.0777160052	0.0058878769	0.1723853848	0.0458286823	0.0188711991	-0.0709365582	-0.0461849531	-0.0192227141	-0.0115725917	-0.0310620646	0.1048068118	0.0511685659	0.0425924132	-0.1379930394	0.0853652763	-0.1038741565	-0.1293028051	-0.0221931861	0.0422927078	0.1258007847	-0.0831543485	-0.1274259651	-0.0482145614	-0.097287583	-0.0043587366	0.0460563308	0.0732782819	0.0519665223	-0.0234269445	0.070641868	0.0977677432	0.0233332243	-0.0724660346	0.1697880264	0.0017009711	0.0032674699	-0.0185061899	-0.0296103857	-0.016537172	-0.0230713858	0.0519486089	-0.0816933453	0.0874945174	-0.0568069062	-0.0444913372	0.0926123392	-0.0227242796	0.030529751	0.0571265538	0.0961354784	-0.1536013604	0.0361971483	-0.1431564371	-0.0242100224	-0.003157172	0.0306054096	-0.0179470581	-0.0480930844	-0.0368295679	-0.0782192186	0.0445329347	-0.0176701627	0.2174457028	-0.0517494311	0.0421013338	-0.0691353553	0.0847831232	0.0128371553	-0.130173376	0.0137239945	-0.0962066649	0.1128700961	0.0199799802	0.0233941085	0.0296136302	-0.0488549536	-0.0457751671	0.0910977367	-0.0518330091	-0.1015118092	0.0665957266	-0.0096110052	0.0332889566	-0.0266964732	-0.1274406492	0.1101119676	0.0093229372	-0.0408560889	-0.008657738	-0.0231444833	0.057267879	0.09155385	0.0546199342	-0.0574110412	-0.1110641056	-0.0517826133	0.0601535728	0.0071311950973012	0.0004640788502285	5.085394351577267e-05	2.153691792294993e-07	-0.0456453557162319	0.0098357979558158	9.674292142763222e-05	0.0020834984984613	-0.0551539843109054	-0.0022769935443705	5.184699601104955e-06	0.0030419619853675	-0.0004360389186882	9.16962387066e-05	1.9012993861077466e-07	8.408200192937768e-09	-0.0016952481494625	-0.0002594654833232	6.732233703614177e-08	2.8738662882560308e-06	0.0011341310538188	6.800907249840003e-05	1.2862532472361416e-06	4.6252339420926325e-09	0.0	0.0	0.0	0.0	0.0	0.0	0.0	0.0	1.0	0.0	0.0	0.0	0.0	0.0	0.0	0.0	0.0	0.0	0.0	0.0	0.0	0.0	0.0	0.0	0.0	0.0	0.0	0.0	0.0	0.0	0.0	0.0	0.0	0.0	0.0
1101.302850464875	-2.150498466336103	4.624643653713931	1212867.968442059	1129.0745520907794	-33.303181782923275	1274809.3441789942	1109.1019168664327	1073.7479392525474	0.7410427029847142	0.5491442876468914	1152934.6370490922	1078.705019840018	1044.1977807392946	1.552357	30.86013	0.0241461046920928	0.0128809402117233	0.0858116932	-0.0854610913	-0.081081791	0.0652240058	-0.0181199933	0.0232954923	-0.0208621378	0.0601367966	0.0083685046	-0.101821784	-0.0289078765	0.0210984328	0.1133207784	-0.103542748	-0.0770725637	-0.0386706744	0.0409894752	-0.0548555412	0.106571019	-0.0776485767	-0.0518072958	0.0308635569	-0.0575300072	-0.0666643465	-0.1086623196	-0.1009701558	0.0784816595	0.112907097	-0.0574058965	-0.0097755827	0.0189578732	-0.0154574555	0.0219763624	0.1109287237	0.1528463347	0.1073476137	-0.1898374532	0.0736134273	0.1294079445	0.0510139212	-0.0514206705	-0.0456587655	0.0339038783	0.0605636302	0.020350179	0.0735849851	-0.051019502	0.0354580488	-0.0538669315	-0.1238692938	0.1019661089	0.1196225156	-0.0630613437	-0.0507358897	-0.0048479749	-0.035029091	0.0505485685	0.0213736988	-0.0308391067	0.0212201923	0.0218318998	0.1089541326	0.0323205352	-0.042232997	-0.1074561011	0.0444446128	-0.0172001959	-0.0368986821	-0.0164797889	0.0299705076	-0.0344350796	0.0946610733	-0.1033935902	0.0367541603	-0.0585786819	-0.0638438354	-0.0024281195	-0.0663571384	0.1181694521	0.0102004303	-0.0628108997	-0.023158131	0.0303554507	0.0900419533	0.0008960286	-0.020730216	0.1612636875	0.0365729806	-0.0617751914	-0.0193313939	-0.0333116266	-0.050938313	0.1449835336	-0.1842649861	-0.1559438421	0.0432568375	-0.1691160881	0.044365171	0.0857498781	-0.0128822344	0.0399451832	-0.1048809158	0.0473738871	-0.0431692692	-0.0249027837	-0.0799239269	-0.0384847027	0.0412967731	-0.0855307691	-0.0425734771	0.0792637754	-0.0725512748	-0.0744387399	-0.0560945677	-0.0009313178	0.0708918975	0.0170849907	-0.0628282605	0.0003687006	0.016574312	0.0360487471	0.1314323613	0.0621247352	-0.0704351285	0.0567161147	-0.0091801843	0.0619461263	0.1092764685	0.0035058964	0.023339788	0.055799413	-0.0546835895	0.1243891336	0.06587994	-0.095258289	0.0137193519	0.0987201045	-0.1203011081	-0.0793524071	-0.0388881498	0.0184097213	-0.0558488529	0.0101267727	0.119704124	0.0102115949	0.0309391211	0.1273224916	-0.0180964553	0.0733166492	-0.0441216228	-0.0696283554	0.0168155798	-0.0345049076	-0.0123773605	0.1702687163	-0.0575349617	-0.0872965179	-0.0661975396	0.0527333744	-0.0610565531	-0.1106882998	-0.0440088629	0.0689150546	0.0052556641671515	-0.0018755309301496	2.7622005837880276e-05	3.517616269948198e-06	-0.0484071580940224	-0.0027618023777905	7.627552373969265e-06	0.0023432529547396	-0.0527296443828078	0.0024243399280976	5.877424086968293e-06	0.0027804153967373	-0.0002536281767699	0.0001824107419183	6.432725205162363e-08	3.3273678767184654e-08	-0.0015366452712628	0.0001586028781996	2.5154872973228844e-08	2.3612786896943246e-06	0.0011348060628219	6.750090031000262e-07	1.287784800217342e-06	4.556371542660911e-13	0.0	0.0	0.0	0.0	0.0	0.0	0.0	0.0	0.0	1.0	0.0	0.0	0.0	0.0	0.0	0.0	0.0	0.0	0.0	0.0	0.0	0.0	0.0	0.0	0.0	0.0	0.0	0.0	0.0	0.0	0.0	0.0	0.0	0.0	0.0
1103.19042685204	1.887576387164927	3.5629446173825983	1217029.1178979862	1140.5904949529026	11.515942862123213	1300946.6771769074	132.61694000368652	1072.4323901534335	-1.3155490991139231	1.730669432179455	1150111.231450206	1077.524364987171	1067.3487185574195	1.473529	29.293076	0.0583445184065551	0.0295665567091811	-0.0325311267	0.1486775808	-0.0052561154	-0.0524314074	0.0726711171	-0.0090917972	0.0143249918	0.0537502997	-0.0717725834	0.0689437353	0.0453052048	-0.0443571345	-0.003453566	0.0322642339	0.050724699	0.0090208613	0.0287237491	0.0236288765	0.0715843481	-0.0674676164	-0.0302034311	0.0339050028	0.0005650409	0.1679891244	-0.0841239572	0.0718688082	0.0474124862	0.0056294451	0.0773584382	0.0512017614	-0.0133366324	0.0500425022	0.0268091047	-0.0049482626	-0.1246887196	0.0912281429	-0.0155120262	0.1714606706	-0.0800883793	0.0422545065	0.0187653488	0.0131618615	-0.0890974223	0.0414181613	0.1403048515	0.059132108	0.0318440262	-0.1162324932	-0.0407834213	-0.0576959652	0.0813787506	0.1431251436	0.0872781481	-0.0846986463	-0.1726286156	-0.0347024967	-0.0350350257	0.0269649975	0.1943266899	0.0016569903	0.0127867185	-0.0272446855	-0.0198041561	0.2042747793	0.1157258502	-0.051854495	0.0856575231	0.0132484095	0.1345067839	0.1520791774	-0.0121710688	-0.0272204364	-0.133689243	0.0396164406	0.0420866511	0.0262401572	0.0016586462	-0.0757883411	0.0109730302	-0.0944238675	-0.0233046567	-0.0308595886	-0.0266446519	-0.0983425297	-0.0611583392	0.115312538	0.0493631463	0.0662983174	0.09033058	0.0055239628	0.0124236959	-0.0049221117	0.0134555298	0.0571460945	0.0233221273	-0.0097281234	-0.1711504704	0.1143182648	-0.109450804	0.0747431251	0.0699216784	0.0159964436	-0.1092197424	-0.0519632832	0.1059039677	-0.073482683	0.0743674077	0.148366105	0.0258217078	-0.0092992575	-0.0008755458	-0.0469807026	-0.0940117077	-0.0336783222	0.0213588174	0.1418977152	0.0675529544	0.0598150541	-2.80526e-05	-0.0982588004	0.209845027	-0.0456849719	-0.1179988458	0.1974604258	-0.1128934482	0.0625049683	-0.0341513646	0.0064636241	0.2221056184	-0.0059936414	0.0520148674	-0.0107918732	-0.0728235094	-0.075384972	-0.0566234199	0.0025612255	-0.0846021056	-0.1059061031	0.1294643556	0.1441022261	-0.0375563135	-0.009742432	0.0320915395	-0.0174413698	0.0177016686	-0.0028638016	-0.0308308838	0.0399400203	0.0434398518	-0.0895556478	0.0039700691	0.0038999986	-0.1092521002	-0.0699116726	0.0455819152	-0.0482451012	-0.0234698281	0.051329419	0.0508269837	-0.0646102301	-0.1099379598	-0.035970438	0.0770291202	-0.0059849300494505	-0.011240594216602	3.5819387696815566e-05	0.0001263509583423	-0.0338754476039611	0.0145317104900613	0.0002111706097669	0.0011475459503687	-0.0469866430911309	0.0057430012916768	3.298206383620249e-05	0.0022077446289733	-0.0007040815431712	-0.0004504533664013	4.957308194343384e-07	2.029082353022639e-07	-0.0016219002180468	-8.525494678399983e-05	7.268405951142642e-09	2.6305603173002573e-06	0.0011339301278429	-8.75934979000046e-07	1.2857975348298153e-06	7.672620874358111e-13	0.0	0.0	0.0	0.0	0.0	0.0	0.0	0.0	0.0	0.0	0.0	0.0	0.0	0.0	0.0	0.0	0.0	0.0	0.0	0.0	0.0	0.0	0.0	0.0	0.0	0.0	0.0	0.0	0.0	0.0	0.0	0.0	0.0	0.0	0.0
1102.4534342737768	-0.7369925782631981	0.5431580604150361	1215403.5747420448	1159.4287827901262	18.83828783722356	1344275.1023621936	354.88108863808515	1072.812969905411	0.3805797519773932	0.1448409476151741	1150927.668397268	1077.8936012184502	1075.0103800888537	1.3409	26.656473	0.0575853285471288	0.0306402434577079	-0.0729865831	-0.0580580027	0.0709702657	0.0312002036	-0.0141024459	-0.0351415019	-0.0162198811	-0.145676119	-0.0528824695	-0.066804078	0.0484033123	-0.0823378057	-0.0033666855	0.0919908401	0.0125271976	-0.0336906935	0.0208699625	-0.0948043887	-0.0184309111	-0.0681478483	0.0265215725	0.1929385803	-0.0641861901	-0.1115819377	0.0577686598	-0.0494351332	0.0096648959	0.0796330288	0.0935754561	0.015315778	0.1751488898	-0.078353002	-0.0667215287	0.0131953454	0.0985132034	0.0879555697	-0.0788646944	0.0538646944	-0.0470100512	-0.0664013298	0.0595393759	0.0541249301	0.0029860723	-0.0439194674	-0.1890509876	-0.066973484	0.0208137229	-0.0345395664	0.0992206839	0.0685910468	-0.0376501411	0.2182106022	-0.0059446539	-0.0594853007	0.0192335831	0.0727745914	0.0898941547	-0.0456002157	0.1146063676	-0.1160729788	0.0878672121	0.1168180159	-0.0081849143	0.0199678135	0.1175089471	0.1102198794	0.117519785	0.0502803981	0.0770200243	-0.122201724	0.0126651141	-0.0481887016	-0.0274977258	0.0082258647	0.0316713766	-0.0324395672	0.0459834861	0.1018172949	0.0450734107	-0.1041500836	0.0110698841	0.0625683313	-0.0606617047	0.1152180475	0.1006689522	-0.032770848	0.1038543824	0.1336574467	-0.0448788259	-0.0884814655	0.0549662124	-0.1540196183	-0.019601351	-0.1145843378	-0.0829995095	-0.0141844346	-0.0465973071	-0.0490363325	-0.0557039917	0.0237575347	-0.0741914956	0.0578661123	0.0033872789	0.1053173281	-0.1372328631	0.1049906877	0.0056399314	-0.0190030873	0.0815412399	-0.0001773987	-0.1172249289	0.0087608286	-0.2312278474	0.006890393	0.0773279757	0.0179829891	-0.0979989508	0.0117551332	0.0809513914	-0.136313565	0.1340665995	0.082187318	-0.0146509463	-0.0527636305	-0.0452502855	0.15086781	0.1106481372	-0.0482445557	0.0098455557	-0.117043792	-0.0524034975	-0.0254821666	-0.0326181324	-0.01670716	-0.1039565229	0.0498631184	-0.0157913671	0.1003198016	-0.0499833856	0.0512295173	0.052579711	-0.0334856314	0.0057526017	-0.0562293395	-0.0631533678	-0.0721932863	0.0397995893	-0.0150789287	0.0104615922	-0.0350171758	-0.0885180902	0.0880733203	0.0341031411	0.0533944608	0.1020700349	0.0250690192	0.004426782	0.073388974	0.0489014791	-0.0680667272	-0.1088156246	-0.0277156827	0.0844195428	-0.00042567715262	0.0055592528968305	1.8120103826267078e-07	3.090529277091831e-05	-0.0574428195730547	-0.0235673719690936	0.0005554210215296	0.0032996775205025	-0.0552899480481556	-0.0083033049570247	6.894487320935096e-05	0.0030569783551677	-0.000352551405822	0.0003515301373492	1.2429249374706858e-07	1.2357343746474746e-07	-0.0016732020303922	-5.1301812345400056e-05	2.631875949922641e-09	2.7996050345085803e-06	0.0011342061526319	2.760247890000716e-07	1.2864235966680567e-06	7.618968414253406e-14	0.0	0.0	0.0	0.0	0.0	0.0	0.0	0.0	0.0	0.0	0.0	0.0	0.0	0.0	0.0	0.0	0.0	0.0	0.0	0.0	0.0	0.0	0.0	0.0	0.0	0.0	0.0	0.0	0.0	0.0	0.0	0.0	0.0	0.0	0.0
1102.2122878756572	-0.2411463981195538	0.0581515853260343	1214871.927544091	1143.7856769177	-15.643105872426304	1308245.674722081	244.70676133593832	1071.844278898227	-0.9686910071839064	0.9383622673989712	1148850.1582068603	1076.7298598689388	1057.0177211999894	1.159668	23.053656	0.0529524809483531	0.0255953782376369	0.0431758209	-0.1204549452	-0.0021377316	0.0194837786	-0.00910513	0.030317903	-0.0043422975	-0.0201458548	-0.0161236221	-0.1793987873	0.045332894	-0.0049011921	0.0353432661	-0.028766774	0.0693931424	-0.0185680242	-0.0053043035	-0.1206056638	-0.0158145098	0.1536744909	-0.0103776984	-0.0258690433	0.1330660073	-0.0393936293	-0.0473712082	-0.0440846861	0.0602158984	0.0944580719	-0.0733986242	-0.0121260198	0.1011376088	-0.0063847856	-0.0160435797	0.0204727899	-0.0296557181	0.0080860475	-0.0235061625	0.1094529039	-0.0046339201	0.0979373027	-0.006473382	0.0559989997	-0.1203086821	-0.0116150957	0.0886496529	0.0167393981	-0.036109407	0.086534961	-0.0093998647	-0.0274816622	0.1081630281	0.0999924255	0.0238272478	0.0348490964	-0.0595294331	0.0004520935	0.0656545561	0.1183916155	-0.0747103602	0.0718119075	0.0492049945	-0.0588962046	0.1353051016	0.0658257072	-0.0173566573	-0.0125379735	0.0131888668	0.0004438476	0.019950586	-0.0065862719	-0.0723148119	-0.0643461495	-0.0346313991	0.0166786088	0.0616410271	0.0156006492	-0.0181406972	0.074300964	0.097622369	0.1254909361	0.0996549411	-0.0586004734	-0.0373148909	0.0404618079	-0.1099670556	-0.0226779877	0.0744201393	-0.0990385563	-0.1146503866	-0.0549363218	0.018523572	-0.0678391108	0.0078108426	-0.0120402084	-0.0034810035	0.0391356553	-0.0625729919	0.0955916915	-0.0418703009	0.0707233393	0.0975569942	-0.0428034364	-0.1437030295	0.0018729399	0.0586062713	-0.0376251757	-0.0094182302	0.0618386173	-0.060642126	0.1015697071	-0.0662123447	-0.1058673893	-0.0235506185	-0.1324924058	0.0431665135	0.0157958373	-0.0582082485	-0.0524263373	-0.0819379053	0.1206590282	-0.0410154508	0.0093156203	-0.080385166	0.0117061737	-0.0941485628	-0.0109838899	-0.0044923099	-0.0598020862	0.0360033279	0.0052146891	0.0025825251	-0.0543175337	-0.1590654355	-0.0838775717	-0.1230511747	0.0356501712	0.1107898951	0.0106389098	-0.0703402023	-0.0258915997	-0.0320711822	-0.0450619868	-0.036022789	-0.0258781627	-0.0257008411	0.0649978609	0.0057370199	0.0078999892	0.0377543292	-0.0151431121	-0.1794478663	-0.0474800994	0.02673281	0.0594750851	-0.0664091043	-0.0086126767	0.0570683681	0.1116553102	0.0469575846	-0.0714208455	-0.1073250918	-0.019294242	0.0910168938	0.0133464074689868	0.0137720846216068	0.0001781265923282	0.0001896703148246	-0.0407698675801668	0.0166729519928879	0.0002779873281571	0.0016621821025043	-0.0629370140307941	-0.0076470659826385	5.8477618142826926e-05	0.0039610677351123	-0.0001671138483305	0.0001854375574915	2.7927038303829356e-08	3.438708772841338e-08	-0.0015620958958295	0.0001111061345626	1.2344573137464772e-08	2.4401435877673686e-06	0.0011348700276021	6.638749701999482e-07	1.287929979549591e-06	4.407299760579822e-13	0.0	0.0	0.0	0.0	0.0	0.0	0.0	0.0	0.0	0.0	0.0	0.0	0.0	0.0	0.0	0.0	0.0	0.0	0.0	0.0	0.0	0.0	0.0	0.0	0.0	0.0	0.0	0.0	0.0	0.0	0.0	0.0	0.0	0.0	0.0
1104.3206364712862	2.108348595628968	4.445133800690641	1219524.0681363468	1141.7836519620605	-2.002024955639399	1303669.9078878197	4.008103923002938	1073.4790382029412	1.63475930471418	2.672437984349589	1152357.2454611117	1078.5104220123565	1047.3646214365422	1.291545	25.675316	0.0281604116894665	0.013204552166758	0.1274676514	0.0247558425	-0.0209086496	-0.0147752171	-0.1404225406	0.0762161339	0.0816805855	0.0377281066	-0.0341228798	-0.1188881406	0.0816573554	0.0922136579	-0.0051949305	-0.0274782678	-0.0249838976	-0.0061008849	-0.0863616297	-0.1499198399	0.0279372449	-0.0588312072	-0.1345784453	-0.0224577163	-0.0034897521	-0.1224805282	-0.1214466845	-0.0805991575	-0.0542447039	0.0033647615	-0.0527423388	-0.1499430902	-0.0486592515	-0.1417543567	0.0417369951	-0.0608389363	-0.0966723298	0.1360876313	-0.0062349961	0.0549117488	0.0577470259	0.0682537354	0.0153664905	-0.0161601703	-0.05073116	0.1032068757	0.0540318753	-0.1275636647	-0.0350460256	-0.0937180756	0.0199130041	0.0408557566	0.0265161827	-0.0835191197	0.0136087272	-0.0463050928	0.1188350565	-0.018634044	-0.1143861605	-0.137345977	-0.0157006576	-0.0361692649	-0.074420496	-0.0012139277	0.0987763716	-0.1793985745	0.1178126838	0.0440559207	0.1504886329	-0.1184484351	0.0289137106	-0.0987938826	-0.0349129767	-0.1086549789	0.0323336721	0.0672725021	-0.0315370317	0.0019298759	-0.088104617	0.0560500688	0.1269904255	-0.0168246371	-0.0655608344	-0.0780360114	0.1468855696	0.1312645139	-0.0810153635	-0.0661104245	-0.0125506896	-0.035618575	-0.0349054589	-0.0176608303	-0.13832831	-0.1155791745	-0.0565210195	-0.0253626677	0.0836110622	-0.08237034	-0.1390175706	0.0816898383	0.0280060659	-0.0244877361	0.1057511546	-0.0423614351	0.0054748188	-0.1333375209	0.0117680853	0.0675420086	-0.0972249003	-0.069109876	0.1032659779	-0.1371034911	0.0334391208	-0.0125098261	0.0119513639	0.1771266834	-0.0253372976	-0.0703985867	0.1129482936	0.0709671159	0.0294705839	-0.041058214	-0.0294476725	-0.0737276608	0.0804115954	-0.2223432878	-0.0423925849	0.1437956891	-0.0263370874	0.0215933389	0.0313376165	-0.0304955816	-0.0302443781	-0.1018883075	-0.0375432733	-0.0588496514	-0.0946740617	-0.0388184806	0.0674836825	-0.1756387919	-0.0057475078	-0.0096553749	-0.0641563423	-0.0679587528	-0.0997789837	-0.0670353747	0.0507863072	0.0388296682	0.0012397025	0.0294895115	-0.0014478735	-0.0962519717	-0.1580050605	0.0823768664	0.064294209	-0.0387074817	-0.0480363396	-0.0716229948	-0.0406205136	0.0090700474	0.0449960313	-0.0746675401	-0.1054714048	-0.0107567634	0.0967591949	0.0115452298111051	-0.0018011776578816	0.0001332923313912	3.2442409552522056e-06	-0.0346439566032756	0.0061259109768911	3.752678529679608e-05	0.0012002037291296	-0.0615442123037155	0.0013928017270786	1.939896650953144e-06	0.0037876900680848	-0.0002535485928769	-8.643474454640002e-05	6.4286888949856e-08	7.470965064801427e-09	-0.0014496679170601	0.0001124279787694	1.2640050410172696e-08	2.1015370697533687e-06	0.0013128177308386	0.0001779477032364	1.7234903944042105e-06	3.166538508714546e-08	0.0	0.0	0.0	0.0	0.0	0.0	0.0	0.0	0.0	0.0	0.0	0.0	0.0	0.0	0.0	0.0	0.0	0.0	0.0	0.0	0.0	0.0	0.0	0.0	0.0	0.0	0.0	0.0	0.0	0.0	0.0	0.0	0.0	0.0	0.0
1104.070883024141	-0.2497534471451672	0.0623767843608938	1218972.5147417064	1152.9001145596462	11.116462597585723	1329178.6741516455	123.57574068352233	1073.0503785537765	-0.4286596491647287	0.1837490948220283	1151437.114914403	1078.1060785184757	1081.0555854546392	1.373496	27.304472	0.0690033215121589	0.0355424449882033	-0.0119567097	0.1311894963	0.0669384323	0.1124731267	0.0842732752	-0.0238923182	0.0539249283	-0.0234218322	-0.0869854982	0.1035368674	0.169633909	0.0087484129	-0.0028227812	0.1128864427	0.0123637071	-0.1074597178	-0.1212572671	0.0185562818	0.0675038098	0.0089413869	-0.0084550042	0.0296580913	0.1708732774	0.0167435661	0.0723261073	0.0433899804	-0.0185717606	-0.056141893	-0.0360161483	-0.032965967	-0.0827404972	0.0409114046	-0.120502246	0.1609757092	-0.0561761172	0.0363150981	0.0795220212	0.1272030406	0.0675651672	-0.1161350958	0.0352417192	0.0189402801	0.0345388795	-0.0083454606	-0.0789328629	-0.0842719939	0.0485970284	-0.0561519085	-0.1058393979	-0.0493323256	-0.0324848076	-0.1736498814	0.0107257101	0.0526923523	-0.1488896119	-0.0696361825	-0.1013720105	0.015879523	-0.0289230129	0.158852248	-0.0204983563	-0.0700118773	-0.0616642245	0.0461851736	-0.074841829	-0.1028492013	-0.0330264131	-0.0752982599	-0.0143118135	-0.0259318443	-0.0217751511	-0.0261927973	-0.0066084821	-0.1476616195	0.0380896669	-0.0637576164	-0.1408146753	0.022601122	-0.0220260857	-0.0653613253	0.0317995437	-0.0364797083	-0.1466066873	0.001476189	-0.0520548882	-0.0225245103	-0.1005637667	-0.1055613891	0.0009468897	-0.0117806725	0.0002311363	0.0601065037	-0.0789711562	0.1362131851	-0.1726520323	-0.0310698022	-0.055200617	0.1130391409	-0.0466973475	-0.0118090628	-0.0815104464	0.1117968167	0.0610231954	0.0340117111	-0.0180103148	0.1298323865	0.0377855076	0.0056511015	-0.0023614814	-0.0451179615	0.0999227921	0.0117891671	0.1815717103	-0.0553898548	-0.1154436623	0.0942125263	0.1558552598	0.0072254276	-0.0301438659	0.1536972555	-0.0351649674	-0.0499851464	-0.0290527888	0.0849097741	0.0781667914	-0.0445621847	-0.0931015418	0.0792058389	-0.005211151	-0.0053438031	-0.0451797839	-0.023544755	-0.0570378742	0.1490165881	-0.0366548594	-0.0199795372	-0.0981771733	-0.0440595529	0.0830797263	0.1221262563	-0.0201940997	-0.120626016	0.1367559185	-0.0667045649	-0.0740433361	0.034369419	0.0319471257	-0.0348843625	-0.0610113375	-0.1646100857	-0.184201759	0.0265553956	0.0196206041	-0.0751346522	-0.0151372075	-0.1155380118	0.0416002116	-0.0171475163	0.0430175569	-0.0778019275	-0.103260836	-0.0021545924	0.1015925006	0.0139269370969543	0.0023817072858492	0.0001939595769025	5.672529595467165e-06	-0.0575260419602727	-0.0228820853569971	0.0005235898302849	0.003309245503615	-0.0423798237107178	0.0191643885929976	0.0003672737901434	0.0017960494577515	-0.0005611753959874	-0.0003076268031105	3.149178250616152e-07	9.463424999198633e-08	-0.001454818493543	-5.150576482900035e-06	2.652843810620289e-11	2.116496849154724e-06	0.0011340923049057	-0.0001787254259328	1.2861653560463234e-06	3.1942777874896475e-08	0.0	0.0	0.0	0.0	0.0	0.0	0.0	0.0	0.0	0.0	0.0	0.0	0.0	0.0	0.0	0.0	0.0	0.0	0.0	0.0	0.0	0.0	0.0	0.0	0.0	0.0	0.0	0.0	0.0	0.0	0.0	0.0	0.0	0.0	0.0
1101.146126863406	-2.9247561607351145	8.554198599758006	1212522.79270628	1149.9325408056077	-2.96757375403854	1322344.8484036406	8.806493985658392	1072.916970802996	-0.1334077507804068	0.0177976279682871	1151150.8262370771	1077.9728366402176	1065.6878848944698	1.537357	30.561935	0.0541837714004488	0.0258778105850285	-0.0050900082	-0.1375565683	0.0037446109	0.056811636	0.006310074	-0.1179854518	-0.038205649	-0.0666110723	0.061929349	-0.131768719	0.1104678666	-0.000492384	0.0791910272	0.0717178576	0.050934203	-0.1253619063	-0.108605868	-0.1530853465	0.0501566399	0.1516107205	-0.081727087	-0.034979177	0.1034536944	-0.0802983507	0.144146601	-0.0068194858	0.0846245124	-0.0902281867	0.0630009177	-0.1232671219	0.109784543	-0.0524176739	-0.0059534918	-0.0053332672	0.0226922684	0.044287562	0.038752716	0.0322258118	-0.0290339371	-0.0022328808	0.0040550689	-0.0436609669	-0.0582984171	-0.1391146781	0.1052638565	0.021614929	-0.1344013722	-0.0570074537	0.0585595201	0.0127830056	-0.0066612953	-0.0667745926	0.0109478956	0.0312768398	0.0091044554	-0.0382714036	-0.0020040142	0.0210236382	0.0512934058	-0.087855507	0.0872600589	-0.0350787628	0.0044788899	-0.0743128805	-0.0176574642	-0.055902436	0.0306884136	-0.1039380943	-0.1325381558	0.1054697521	-0.0603010502	0.0430261332	-0.0314349999	-0.096174095	0.0864436013	-0.0744474919	-0.1103599209	0.131126152	0.1255436775	0.1127199909	0.0873416175	-0.1194342155	-0.1045607841	0.0707036978	0.0562784963	-0.0925090434	-0.0047445476	-0.0855490189	0.0922350156	-0.1207250802	-0.0091213759	-0.1045195408	-0.0514461302	0.0200670494	0.0157755577	-0.0743406982	0.0416927107	0.0127176742	-0.0558630014	0.0121525711	-0.0315315156	-0.0273650395	-0.0323522071	0.073455479	0.1124821401	-0.0549408564	-0.1464723517	0.0476075021	0.0199713547	-0.0510338211	-0.094407501	0.0191195784	0.085779891	0.0711877909	-0.0134252465	0.0148421573	-0.0206224625	-0.0540457504	0.0720331207	-0.023915446	0.0277741353	-0.041401481	-0.0608036736	-0.0919550317	-0.0061360087	-0.0399794605	-0.0899771107	0.1109356734	-0.0644089168	0.1406103716	0.0058555057	0.0309993749	-0.0891252019	0.114784732	-0.0812766665	0.0530053924	0.043288304	0.0861637431	-0.1174745453	-0.0811260724	-0.0135666183	-0.0487642667	0.0593474832	-0.1252376715	-0.1112251005	-0.0054715305	-0.0242862858	0.0872504374	-0.0016473587	-0.0227453831	-0.1203791506	-0.0144096598	0.0638616104	0.0455059215	-0.0524647848	-0.0953203985	0.0207037673	0.0473512718	0.0410229053	-0.0808192935	-0.1007008652	0.0064605365	0.1054714048	0.0108357584885965	-0.0030911786083578	0.0001174136620231	9.555385188768876e-06	-0.0688037032829953	-0.0112776613227226	0.00012718564491	0.0047339495854544	-0.0552620489138462	-0.0128822252031284	0.0001659517261841	0.0030538940501563	-0.0002535438682186	0.0003076315277688	6.42844931112508e-08	9.463715687736599e-08	-0.0016851459901507	-0.0002303274966077	5.3050755693570086e-08	2.839717008120983e-06	0.001134787405854	6.951009483000588e-07	1.2877424564848512e-06	4.831653283276412e-13	0.0	0.0	0.0	0.0	0.0	0.0	0.0	0.0	0.0	0.0	1.0	0.0	0.0	0.0	0.0	0.0	0.0	0.0	0.0	0.0	0.0	0.0	0.0	0.0	0.0	0.0	0.0	0.0	0.0	0.0	0.0	0.0	0.0	0.0	0.0
1101.3562334553585	0.2101065919525808	0.0441447799819283	1212985.5529709742	1130.37718231465	-19.555358490957587	1277752.5742976076	382.412045709867	1072.6827981148206	-0.2341726881754766	0.054836847887329	1150648.385371441	1077.5129859111114	1051.4759477815112	1.424953	28.327414	0.0698473414465755	0.0434823352027631	0.0288596392	0.0716504006	-0.0879811945	-0.145637973	-0.0591430776	-0.0725237223	-0.014555653	0.1103460236	-0.0408413641	-0.0616243231	0.0024437669	0.0522983263	-0.015771791	-0.0907967787	0.0600050906	-0.1178899981	-0.1587543331	-0.027613411	0.1017670337	-0.0357344795	-0.0513735432	-0.0954080363	0.036797051	0.0244133581	-0.0806093134	-0.0211768779	-0.0860498842	-0.1051324667	0.0411485619	0.0194367927	-0.0595422704	0.0402862527	-0.0399901964	-0.0725270434	0.0245021077	-0.0122214731	0.0225838926	-0.122867607	-0.2410370053	0.070176744	-0.0506479711	0.0175271604	0.0888424586	-0.1142912908	-0.2042710107	-0.0852229645	0.0565799612	-0.0589991551	-0.0658660011	-0.0532506341	-0.0076203179	0.0645376143	-0.032989844	0.0302269975	-0.0507894582	-0.0149012282	-0.0427978432	0.0908197201	-0.0692002263	0.0451272653	-0.0830018449	-0.0442206701	0.0615459549	-0.0173920805	0.0084650391	0.1134650763	0.0305259731	-0.0564269973	0.0569711133	0.032427964	0.0727805957	-0.0011047627	0.016065437	0.0676281556	0.0716955804	-0.022956816	-0.2232955126	-0.0103223829	0.0738475002	-0.0025207628	-0.0671915326	-0.0707935286	0.0246873989	-0.028999627	-0.0973255027	-0.0016415855	-0.0708926245	0.0482241383	0.0389603864	0.0232824989	0.0320326162	0.0988256202	-0.0871826271	0.0213245007	0.0451986885	-0.0556496122	0.0908049439	-0.2523315478	-0.1264569218	0.0410415349	0.0363161741	-0.0305258066	0.0896760974	0.1089446833	-0.0640037159	0.0889238799	0.0203100497	0.0814182493	-0.0304219736	-0.0353371726	0.1047586209	-0.0533530385	-0.0931847451	-0.0502840391	-0.0662301949	0.038178768	0.019255232	-0.0302042581	-0.1522277339	0.0309786684	-0.0763242095	-0.1097340435	0.0182531659	-0.0515416164	-0.046699995	0.0821171103	0.1018263961	0.0211601862	0.0405080258	-0.0254822807	0.0044253767	0.0744022546	0.0034082834	-0.1231770532	-0.0272220299	0.0077638934	0.0024744954	-0.1275842068	0.0795216193	-0.0438700081	-0.0516891394	-0.0743476127	-0.0517863475	-0.0147388097	0.0753370842	-0.0136200368	-0.0921269951	0.1130138502	0.0122235634	0.1234203719	-0.0277783044	-0.0753665302	0.1098935167	0.0695179927	0.0815238209	-0.0490475691	-0.0861643388	-0.0487072818	0.0390128266	-0.0837150996	-0.0978001546	0.0150368111	0.1083594676	0.0121592014777291	0.0013234429891326	0.000147846180576	1.7515013454842354e-06	-0.0283672785732562	0.0404364247097391	0.0016351044433063	0.0008047024936527	-0.0551972280967874	6.482081705880272e-05	4.2017383241707695e-09	0.0030467339895687	-0.0005048965570792	-0.0002513526888605	2.549205333504298e-07	6.317817419745358e-08	-0.0016113478383439	7.379815180680012e-05	5.446167210099516e-09	2.5964418561355588e-06	0.0013700896237995	0.0002353022179454	1.8771455772430555e-06	5.5367133770071555e-08	0.0	0.0	0.0	0.0	0.0	0.0	0.0	0.0	0.0	0.0	0.0	0.0	0.0	0.0	0.0	0.0	0.0	0.0	0.0	0.0	0.0	0.0	0.0	0.0	0.0	0.0	0.0	0.0	0.0	0.0	0.0	0.0	0.0	0.0	0.0
1101.1407913546811	-0.2154421006773645	0.0464152987442757	1212511.0423852135	1145.489198844096	15.11201652944601	1312145.504668489	228.37304358624945	1072.7899228789329	0.1071247641123136	0.0114757150861188	1150878.2186305868	1078.056995505345	1073.043940945587	1.422013	28.268951	0.0981869452435189	0.050824540746141	-0.1251352126	-0.0248058293	0.0668356607	-0.0176695801	-0.0135096685	0.0248585854	-0.0549092348	-0.0874065835	-0.0328390394	0.0087223036	-0.0014483085	0.0194182716	-0.1267214831	0.0449411931	0.0652638571	-0.1155181117	-0.097330007	-0.0651999367	-0.1121257664	-0.0296326969	-0.1096302396	0.025999399	-0.0948730897	0.0944604995	0.0250794564	-0.0269646333	0.0610682838	-0.0356654668	-0.0342288763	-0.0677390362	-0.0887512214	0.1070568027	0.0058248393	-0.0044403812	-0.0122984319	0.0158819104	-0.0305792689	0.0042639716	-0.058119622	0.0789999634	-0.1603635954	0.0573286772	0.2322492881	0.0084916867	-0.0868704028	0.1331188424	0.0570077786	0.1250727673	0.0140412366	-0.0440079537	-0.0757130967	-0.0326321467	0.0588117132	-0.031136495	0.068229406	0.0209956112	-0.0276438139	-0.0358729245	0.0268030873	-0.0433835511	0.0476103806	-0.1203280222	0.0275158775	0.079248895	-0.0489001905	0.1268398173	-0.120284747	-0.0330299072	0.0766414076	-0.0906922221	0.0134407166	0.0158438706	-0.0438883529	-0.0617932434	0.0983731802	-0.0608153213	-0.0653786177	0.1581365492	-0.0407234464	-0.1053749446	-0.0042706817	-0.0797542763	0.0881833825	-0.0808165611	0.0357928958	-0.0295572062	0.0425238384	-0.0298943653	0.0742265587	-0.0307125767	-0.0424410776	0.0875995322	0.0791901761	0.0006236414	-0.0100227704	0.0086819947	-0.0290240739	-0.0967561134	-0.0731236458	-0.0988901598	0.113712241	-0.0439410884	0.2335856163	0.0147790913	-0.0962957054	-0.0891938939	0.0979097882	-0.0144940613	-0.1168660027	0.0910473725	0.000884909	0.0343655472	0.0246518443	0.0252587064	0.0515290797	-0.0507430602	-0.0171910187	0.0493182069	0.0121697597	0.0026072609	-0.0586096499	-0.083511675	-0.1174071422	0.0348459738	0.0202620211	-0.0234048415	0.0981906924	0.0933207629	-0.0648021119	-0.1669716568	-0.0136906739	-0.0691888087	0.0646697997	0.0711781184	0.0459919202	0.034902936	0.1015006103	0.044733018	0.0899638245	0.1166487267	0.0331946074	-0.2037911117	-0.0586864497	-0.0475823377	0.0057731337	-0.0579293722	-0.090930509	-0.0455429492	0.0309976888	-0.0614284719	0.0540239492	0.029644963	0.2182175402	0.0902103418	-0.0354514257	-0.0867233911	-0.2422244404	-0.0012663061	0.0369880768	-0.0864849902	-0.0945685192	0.0235226525	0.1102295573	0.0085532693409788	-0.0036059321367503	7.315841641932791e-05	1.3002746574848594e-05	-0.0379407059690493	-0.009573427395793	9.165051210252182e-05	0.0014394971694298	-0.0168448927023519	0.0383523353944355	0.0014709016302072	0.0002837504101537	-0.0007572919230025	-0.0002523953659233	5.734910566448243e-07	6.370342073955651e-08	-0.0017383106497526	-0.0001269628114087	1.6119555480801175e-08	3.021723915043307e-06	0.0008163427948007	-0.0005537468289988	6.664155586230178e-07	3.066355506262263e-07	0.0	0.0	0.0	0.0	0.0	0.0	0.0	0.0	0.0	0.0	0.0	0.0	0.0	0.0	0.0	0.0	0.0	0.0	0.0	0.0	0.0	0.0	0.0	0.0	0.0	0.0	0.0	0.0	0.0	0.0	0.0	0.0	0.0	0.0	0.0
1102.22163678827	1.08084543358882	1.1682268513098044	1214892.5366042128	1153.0870764124977	7.5978775684016	1329609.8057895214	57.72774354442021	1073.669166914255	0.8792440353220172	0.7730700736493447	1152765.4799823505	1078.743381429775	1041.9496375292272	1.471989	29.262449	0.1080525865513903	0.0529581180188009	0.0592934062	-0.0606278289	-0.039890577	0.0906529703	-0.0243183749	0.0767912242	0.0493093256	-0.0562725453	0.0929691556	-0.0119981183	-0.040459331	0.1306867107	-0.1803301947	0.050932692	0.018209669	-0.0756638258	-0.1963718737	0.0518220141	-0.0314723177	-0.0684929735	0.011931009	-0.086172973	0.1422392913	-0.1089401843	-0.0423764196	0.1478754361	0.139564677	-0.0517098852	0.0037870237	-0.0055958865	0.0346515523	0.0549241286	0.0832728369	-0.0110728439	-0.0116324501	0.1120637295	0.0091027091	-0.1724166278	0.0507351945	-0.1153274568	0.0204229064	0.1298739856	-0.0880806181	0.0053279085	0.0985781671	-0.0348251839	-0.1954866534	-0.0256460082	0.075478379	0.1769290308	-0.0705724917	0.0414213624	-0.130375187	0.0922322291	-0.0736768766	0.2050423589	-0.0630540593	-0.0007951061	-0.075101058	-0.1038869393	-0.0184275001	-0.0393667597	0.0448075518	0.0698866992	-0.071118624	0.111696399	-0.1853617318	-0.0471641665	0.0844104975	0.0104211345	-0.0509098446	0.1093156021	0.0590880638	0.0761092104	0.0186716271	-0.0257296467	-0.1837616126	0.0772171138	-0.09293685	0.0897223997	-0.1332551056	-0.0434304949	-0.0910711244	0.1226821806	-0.038452821	0.1189162335	0.045552604	-0.0979240088	0.0699997695	0.0697137542	0.0108798091	-0.0114097587	0.058052481	0.02113326	0.0493695249	-0.1983461342	-0.0111806171	-0.0774674332	0.1356628543	-0.0672892714	-0.0177712978	0.1136664324	-0.139242183	0.0090460356	0.0092769525	-0.0228115324	-0.1147701124	0.0289404126	0.1870932911	0.019777029	-0.098677228	0.1535779328	-0.0200817764	-0.2087945156	0.0658030308	-0.1768573234	0.0301235942	-0.048670912	0.0566077046	-0.0525069698	-0.1082395289	-0.0609295571	-0.0324507009	0.021420792	-0.0413391756	-0.104509344	0.0913530805	0.0940559959	-0.064227973	-0.063104928	0.1824077562	0.0126687255	0.0486278575	-0.0160049829	0.0885775635	-0.065726757	0.1172354401	-0.0900566732	-0.1092747237	0.049735091	-0.0662183647	-0.0257585983	-0.0424108569	-0.1027045192	-0.0687769816	0.0109821827	-0.0386481315	0.02868198	-0.0247278836	-0.0586877221	-0.1035212123	-0.0983593998	0.1421169251	0.1370479636	0.1167874988	-0.0572778982	0.0028511202	-0.0080107142	0.0349494174	-0.0891247992	-0.0910168938	0.0318670259	0.1110641056	0.0125400964751207	0.0039868271341419	0.0001572540196053	1.589479059753012e-05	-0.027651121431333	0.0102895845377162	0.0001058755499588	0.0007645845164103	-0.049894638805199	-0.0330497461028471	0.0010922857174626	0.0024894749815012	-0.001385912801296	-0.0006286208782935	1.920754292796126e-06	3.951642086264914e-07	-0.0016539160210027	8.439462874990002e-05	7.122453361833451e-09	2.735438204529404e-06	0.001317855863291	0.0005015130684903	1.736744076410467e-06	2.515153578665563e-07	0.0	0.0	0.0	0.0	0.0	0.0	0.0	0.0	0.0	0.0	0.0	0.0	0.0	0.0	0.0	0.0	0.0	0.0	0.0	0.0	0.0	0.0	0.0	0.0	0.0	0.0	0.0	0.0	0.0	0.0	0.0	0.0	0.0	0.0	0.0
1102.0282308705607	-0.1934059177092422	0.0374058490049541	1214466.221635698	1142.609439201245	-10.477637211252611	1305556.3305517838	109.78088153062544	1073.3211175633742	-0.3480493508807285	0.1211383506484964	1152018.2214074903	1078.2662596048551	1072.797294300526	1.485022	29.521544	0.0945349946370621	0.0577689101788669	-0.0017307768	0.1025274572	-0.023480182	0.052733355	0.1529583013	-0.1080341328	0.0202388075	0.0591033353	0.1262627461	0.0569075468	0.18613503	-0.0418302399	-0.0213825028	0.1062664677	0.0474579701	-0.1045662799	-0.2001182814	-0.1136955168	0.0475840049	-0.1527712383	0.0386702693	-0.0234255272	-0.0427425727	-0.0434799219	0.1095698437	0.013818446	-0.0231632542	0.053309737	-0.0617569117	0.1106377221	-0.1239525782	-0.0021437797	-0.1108899924	-0.1585599176	-0.062218116	0.0654288767	0.0700274473	-0.0182075177	-0.0085396072	-0.0216728013	-0.0496174884	0.0001371837	-0.2215178655	-0.0967290537	-0.0249230745	0.0831660271	0.0116041357	0.0961578765	0.054694351	-0.0133321063	-0.0161151286	0.0043024551	-0.0034855946	-0.0599998755	0.1187527788	0.0744920006	0.0363236319	4.90652e-05	-0.0248002334	-0.0600707714	-0.1224536179	-0.10164818	0.0699737203	-0.055600379	0.0374035149	-0.0267324421	-0.058655068	0.1554039532	-0.0405669078	0.1381195483	-0.0139680779	-0.0198639528	-0.0642916507	0.1140738751	0.0606216235	-0.0330268808	-0.2145973247	0.0941245791	0.0778117389	-0.1017747655	-0.1324740282	0.055110074	-0.0281821909	-0.0140491352	0.1184969632	-0.0143031113	-0.0307932733	-0.0532604508	-0.0930857296	0.113634361	-0.0117830377	0.0978231172	-0.1814363872	-0.0457700068	0.0861363058	-0.0315723015	-0.0728022041	0.0237370831	-0.0363772448	-0.0109962465	0.0133705859	-0.013000476	-0.1865170253	0.1189588531	-0.0465899033	-0.0864014164	0.0199233014	-0.0732885351	-0.0978474309	0.0382269383	-0.0284600995	0.0041229285	-0.0522107984	0.0749830196	0.0949124881	-0.1295471988	-0.0513983448	0.046351881	-0.0614694328	-0.0796025811	-0.1014537708	-0.0620308031	-0.005085959	-0.0139409016	-0.0214218563	-0.1063171633	-0.0265292046	-0.1100394811	0.0654494116	0.1318344404	-0.0086954425	-0.0659049364	0.1060582426	-0.0164563343	-0.0185521565	0.0313984062	-0.1249292629	0.0199720043	-0.0766938336	0.0481264191	-0.2473134516	-0.1160647468	0.0800122595	-0.1020545544	-0.0214949079	-0.0527280434	-0.2084726697	-0.0434748642	0.0109293581	-0.0339033511	0.0075764797	-0.0596524119	0.0533737945	0.0894401193	-0.0200005809	-0.0862339427	0.1595823035	-0.0015078162	0.0328976148	-0.091630556	-0.0871572961	0.0400197472	0.1108552722	0.0074052057154432	-0.0051348907596775	5.483707168803264e-05	2.6367103113821376e-05	0.0082198720580066	0.0358709934893396	0.0012867281739122	6.756629664999767e-05	-0.0578308962716391	-0.00793625746644	6.298418257362619e-05	0.003344412563581	-0.0005598558750015	0.0008260569262945	3.134386007736953e-07	6.82370045479117e-07	-0.0017388705041383	-8.495448313559982e-05	7.217264204836914e-09	3.023670630162185e-06	0.001317010214289	-8.45649002000114e-07	1.7345159045415577e-06	7.15122234583789e-13	0.0	0.0	0.0	0.0	0.0	0.0	0.0	0.0	0.0	0.0	0.0	0.0	0.0	0.0	0.0	0.0	0.0	0.0	0.0	0.0	0.0	0.0	0.0	0.0	0.0	0.0	0.0	0.0	0.0	0.0	0.0	0.0	0.0	0.0	0.0
1099.3849495324375	-2.643281338123188	6.986936232470312	1208647.26725844	1144.519220885351	1.9097816841058373	1309924.2469760107	3.647266080946129	1072.5834281219495	-0.7376894414246635	0.5441857119894321	1150435.2102818333	1077.7492367044586	1067.6908620516458	1.397047	27.772642	0.1103786759514843	0.0815863716496037	-0.0804149178	-0.1139338163	0.0160869451	0.0539126945	0.0457371217	-0.1153146686	-0.0792598462	-0.0616141585	0.1482479813	-0.0377627413	0.0601183794	0.0370258973	0.0637891191	-0.069003247	0.0980558128	-0.1489686396	-0.1102222956	-0.0817371421	-0.1335986239	-0.0192200668	0.1092951028	0.0582473715	0.0254110073	-0.0113808079	-0.0512391313	-0.0314945864	0.1214123145	-0.0690182147	0.0324543598	0.0539004366	-0.1111337597	0.1024652529	-0.1189208604	-0.0018972486	0.0123859922	-0.0112199489	-0.1131844573	0.0156812658	0.1603914686	0.0725237204	-0.0093104246	-0.0532593121	-0.0578735063	-0.0368297464	-0.1109113446	-0.015718342	-0.0958664867	0.1170147497	-0.0479137329	0.1029224348	0.0252141979	0.0084451745	-0.046252658	-0.1202906245	0.0626831052	0.0177140434	-0.0873234368	0.0451348371	-0.0559409443	-0.0155169997	-0.0394921467	-0.0329568465	-0.1385415708	-0.0219797498	-0.0165017325	-0.2288768781	0.0891006378	0.0345248018	-0.0452733811	-0.0340984206	0.0820429681	0.0342753673	-0.0007726849	0.0005355208	0.1399125939	-0.0867373652	-0.088623688	0.176395074	-0.0401264583	0.0370249077	-0.0196476067	0.1300896941	-0.0034203722	0.0308744756	-0.0603146441	-0.014102508	0.1044146345	-0.0396336517	0.1104106379	0.0240815311	-0.0001566634	0.1479858868	-0.044502725	-0.0331654148	-0.0730421889	0.0600596837	-0.119734356	0.0377415216	0.1008865539	0.0518103665	-0.0117259127	-0.1266883789	-0.030145674	0.0927291842	-0.1676143246	0.0140120393	-0.114490064	-0.0823574927	0.0309574147	0.1137192099	0.040682117	0.0082930508	-0.0087697588	0.0312742825	0.0566395483	-0.0288549953	0.0663944822	-0.0805092187	-0.063572695	-0.0054994752	0.0263917814	0.0088381082	0.0604150817	0.0378548671	0.1159408658	0.0003631034	-0.2204448595	-0.0821020136	-0.0358339437	0.0237046023	-0.0973971976	0.088141175	0.0254411809	0.0025314892	0.0020943019	0.0479993026	0.1077002429	0.098977337	0.014792682	-0.0996174642	-0.1329914858	-0.0066147143	0.0933701848	-0.1346412851	-0.1574670597	0.0144493103	-0.0549185291	0.089656209	0.0240572799	-0.0053677545	0.0919541097	-0.0333563696	0.1288894007	-0.0516360468	-0.1017355741	-0.1579310993	-0.0241119721	-0.1340185525	0.0308334408	-0.0939984918	-0.0830027857	0.0479317851	0.1096050192	0.0033814342557718	-0.0040237714596714	1.1434097626106986e-05	1.6190736759666113e-05	-0.0723038709694634	-0.08052374302747	0.006484073191154	0.0052278497571688	-0.0500999677445861	0.0077309285270529	5.9767255890401817e-05	0.0025100067680085	-0.0002647984620626	0.0002950574129389	7.011822551071821e-08	8.705887693019657e-08	-0.0017381849889885	6.85515149799823e-07	4.699310206050738e-13	3.021287055944952e-06	0.0013832719449461	6.626173065710011e-05	1.9134412736749665e-06	4.3906169496740815e-09	0.0	0.0	0.0	0.0	0.0	0.0	0.0	0.0	0.0	0.0	0.0	0.0	0.0	0.0	0.0	0.0	0.0	0.0	0.0	0.0	0.0	0.0	0.0	0.0	0.0	0.0	0.0	0.0	0.0	0.0	0.0	0.0	0.0	0.0	0.0
1098.2572435156624	-1.1277060167751642	1.271720860270907	1206168.972934621	1124.099563334792	-20.41965755055889	1263599.8282894702	416.9624144820969	1072.9159846190362	0.3325564970866708	0.1105938237545568	1151148.710051036	1077.8073601709466	1041.7312912675177	1.470008	29.223085	0.0863487082725721	0.0561908605836597	0.0187403392	0.0243668574	-0.1561423449	-0.0547200012	-0.050618728	-0.0591839618	-0.0783353516	0.1454494688	0.0052013167	-0.0308785232	0.0640283403	0.0699608151	-0.0830274443	-0.0145666204	0.0530936789	-0.1475339632	-0.0890933504	-0.0908160288	-0.002838487	0.0791330154	0.0055938615	-0.1485096075	-0.1147305109	0.0557446345	-0.1835922314	-0.0265610717	-0.0762111677	0.0335012369	-0.0365502977	-0.0856808374	0.0161229773	0.0248699486	0.0285538881	0.1995434031	-0.0895740353	0.0660557688	0.0943294985	-0.0317794651	0.0399543239	0.0263053101	-0.0009565428	-0.1043973893	-0.0179987391	0.1232313754	-0.0609221186	-0.0001560868	0.1031918916	-0.0933324025	-0.0274373709	0.0372973039	0.0097595186	-0.073709542	-0.1067173578	-0.0830563568	0.0103674531	-0.0509320426	0.0499377511	-0.0424264849	-0.0525868812	-0.0479953191	0.0269933792	0.100617087	-0.0627198199	0.0318116503	0.0392247036	-0.0096816901	-0.0395944443	0.0071807187	-0.0903942445	-0.0577412317	-0.1494134389	-0.0674332283	0.0771516899	-0.0639029292	0.0890585631	-0.0684078198	-0.1588866765	0.0248489741	0.108387925	0.049601411	0.0220810323	0.0030646206	0.2097258932	-0.1091111277	-0.0916149272	0.049516927	-0.0042782005	0.0191292304	-0.1005586139	-0.0407414104	-0.0325677569	-0.0045741596	0.0953233229	0.2103641589	-0.1085583885	-0.0911823119	0.012558956	0.0226704958	0.0106358339	-0.0404984489	-0.0183047185	-0.0960065688	0.0008693747	-0.0780542185	-0.0546446473	0.0381853225	0.0936700032	-0.0688685702	0.0814708951	-0.0833727271	0.0946409239	-0.0032717503	0.0197553141	0.0721377359	0.0230910298	0.0218597396	-0.0316116429	-0.0960764512	0.0918221591	-0.0448323604	0.0065951917	0.1047251748	0.0942444795	0.0516991948	-0.0528809073	-0.019271331	-0.0034888323	-0.0503743621	-0.1109838393	0.0236070448	0.0427872523	-0.08315146	-0.1357482583	-0.0181239776	0.0314621294	0.0884513871	0.0346791858	-0.1339689704	-0.0358189999	-0.0471218916	-0.1104980613	-0.0837462919	0.0183917357	-0.1076068103	0.100912039	-0.033788515	-0.1381277706	0.0136484793	0.0146898351	0.2291486696	0.0236046495	-0.002459422	0.0819069991	0.1936203069	-0.0064130183	-0.0057819451	0.0352522036	-0.0291822033	0.0287576717	-0.0962250449	-0.0785674201	0.0555555556	0.1073250918	0.0128561493535244	0.0094747150977526	0.0001652805762001	8.977022618358105e-05	-0.0195471831146534	0.05275668785481	0.0027832681134098	0.0003820923677177	-0.0348908965941916	0.0152090711503945	0.0002313158452577	0.0012173746651465	-0.0003089150339767	-4.411657191410003e-05	9.542849821682575e-08	1.9462719174519603e-09	-0.0017381946542578	-9.665269299968457e-09	9.341743064091276e-17	3.021320656090393e-06	0.0012492334987372	-0.0001340384462089	1.5605843343671857e-06	1.79663050620962e-08	0.0	0.0	0.0	0.0	0.0	0.0	0.0	0.0	0.0	0.0	0.0	0.0	0.0	0.0	0.0	0.0	0.0	0.0	0.0	0.0	0.0	0.0	0.0	0.0	0.0	0.0	0.0	0.0	0.0	0.0	0.0	0.0	0.0	0.0	0.0
1099.378326941622	1.1210834259595686	1.2568280479612437	1208632.7057489597	1126.3769063812167	2.277343046424676	1268724.9352289203	5.186291351098823	1074.0994043731364	1.183419754100214	1.400482314394611	1153689.5304747263	1079.1943499951926	1057.736652976006	1.448121	28.787973	0.0726886400562774	0.0375137138729595	-0.1500111387	0.0221603098	-0.0030448504	-0.0716751292	0.1148199627	0.0527279229	-0.1256646679	0.0685121655	-0.0175249714	0.0326286673	0.1071972437	-0.1370597418	-0.0747219164	-0.034910616	-0.0472485972	-0.1265449484	0.05144148	-0.0508770318	-0.085257652	0.0300079237	0.1611716767	0.0523621607	-0.0456862851	0.1257221154	-0.1261782779	-0.0579970648	-0.1411307748	0.0627352752	0.0136539838	-0.1057608944	-0.1306992514	-0.1876336109	0.1792964987	0.1902596784	0.0349344237	-0.0797332885	0.1196761556	-0.1899667614	0.0779898576	0.1290004284	-0.0398318278	-0.0476444471	0.1220087003	0.0677479928	0.0762882675	-0.0481499887	0.087849452	0.0369791231	0.1342087004	-0.0693514034	-0.0778559365	-0.0354133051	-0.007499573	-0.0237704855	-0.0281768335	0.1282981569	0.0472438271	0.0124633942	0.0401215341	-0.0123170078	-0.0795642779	0.0655288242	-0.0555803971	0.0399919364	0.0626084902	-0.0352533094	0.0305515914	0.1576537552	-0.0376202274	0.0598639895	0.0649141931	0.0234198568	-0.0385610063	0.0519538909	0.0186036206	-0.1292314431	0.0252868786	0.032544807	0.0416999537	-0.0664889768	0.0578772932	0.1888669861	0.1079054597	-0.1331492537	-0.1324612711	-0.0100501936	-0.0857452709	0.106926303	-0.0751806694	0.0735241251	-0.2395200242	-0.0903468861	0.1296846608	0.1104346332	-0.0864331494	-0.031643964	0.2385133947	-0.0295683027	0.1339999045	-0.0507203492	0.1002434159	-0.0954167654	0.0939801637	-0.0774479524	0.0621220378	0.0281012626	0.0280397646	-0.1326612707	-0.0508094823	-0.0741520692	-0.026712691	0.0789817533	0.0086344617	-0.0922771784	0.0574708098	-0.0170528585	-0.047947713	0.0724829599	-0.0055643635	-0.0451915921	0.0906198399	0.0110229274	0.0630611982	0.0917427718	0.0081197714	0.045687945	0.0154563023	-0.1304410023	0.0252761623	0.0971239494	-0.0280172469	0.0278271594	0.10823085	-0.0170124595	-0.040182469	0.1293577923	0.0086502385	0.0725460894	0.0793344799	0.1159829498	-0.1580188084	-0.0976122504	-0.0261585301	-0.1282427859	0.2394951184	0.0245231685	-0.0479240123	-0.0832646851	-0.0158609798	-0.0209752451	0.1340176756	0.0661161534	-0.0922184243	0.0438370816	-0.0524245597	0.0704994871	0.0537319465	-0.1569722114	0.0266710879	-0.0983068664	-0.0738662073	0.0628452084	0.1040369087	0.0068513261555125	-0.0060048231980119	4.6940670089209694e-05	3.605790163938186e-05	-0.0169613873993768	0.0025857957152766	6.686339481142824e-06	0.0002876886625117	-0.0651859044476879	-0.0302950078534963	0.0009177875008434	0.004249202138663	-2.092646286964842e-05	0.000287988571107	4.37916848234774e-10	8.293741708828132e-08	-0.0019680129871777	-0.0002298183329199	5.2816466146082046e-08	3.873075117700094e-06	0.0010909801369743	-0.0001582533617628	1.1902376592724623e-06	2.504412650925928e-08	0.0	0.0	0.0	0.0	0.0	0.0	0.0	0.0	0.0	0.0	0.0	0.0	0.0	0.0	0.0	0.0	0.0	0.0	0.0	0.0	0.0	0.0	0.0	0.0	0.0	0.0	0.0	0.0	0.0	0.0	0.0	0.0	0.0	0.0	0.0
1099.8589132902553	0.4805863486333237	0.2309632384927105	1209689.6291440213	1153.0901033033213	26.713196922104544	1329616.786336064	713.5948897991357	1074.2754407589691	0.1760363858327309	0.0309888091370501	1154067.7226178774	1079.717486838178	1062.559865484796	1.419513	28.219269	0.1985096020891122	0.1256509665531791	-0.0538070732	-0.0667600863	-0.0515606614	0.1333832128	-0.0093562189	-0.0822883298	-0.0570560199	-0.0910707743	0.0961505177	0.0112492288	0.0292202234	0.0293002356	-0.1106845506	0.0773741916	-0.0558497003	-0.0682657585	-0.0460401109	0.0468426627	-0.1158266713	0.012800299	0.0906355656	0.0942004045	0.092073998	-0.0868730991	0.0517897748	0.0244748498	0.0246805641	-0.117828824	-0.0501088085	0.025628991	0.0652889206	-0.0319261505	0.0644440089	-0.0688691832	0.0113142933	-0.1329158447	-0.0912740337	0.0050705405	0.0014136386	-0.0310823929	-0.0113805117	0.0402461409	0.0836382502	0.1554470378	0.1320897819	-0.0535786567	-0.0005761958	0.1328488943	0.021177825	-0.090427191	-0.0080159332	-0.0256362149	-0.0592043295	0.1092005328	0.0214044023	0.0272741575	0.0035838463	0.0083399946	0.1316815934	0.0586807883	0.0840268979	0.1033987598	-0.0326568906	0.0753424909	0.1244496666	-0.0568762183	-0.1357995634	0.0094387855	-0.0968245066	0.1091435104	-0.1229408459	0.1216010078	0.1136481486	0.0724964631	-0.0095097	-0.1118761865	0.0013113419	0.082843719	-0.1273749995	0.047264426	0.0291374453	0.1119975089	-0.0699976312	0.115328213	-0.0146602722	-0.0683712705	-0.0283494452	-0.0788560112	0.1102872568	0.0424934188	0.0803355105	-0.072813208	0.0290721775	-0.0796372504	0.0890159718	0.1330156084	0.0334917481	-0.0076214144	0.0378363716	-0.0632864746	0.0156692885	0.052170249	0.064938249	-0.1679358817	0.0670674052	0.0430098239	-0.010584116	-0.06307281	-0.0876810321	0.002434337	0.0237423241	0.0078554626	0.0488833709	-0.1057448999	-0.0752252248	-0.077051634	-0.075226126	0.0746036783	0.0317971058	0.0356264717	0.1819865079	0.0623923105	0.0014592494	0.0664670876	-0.1101683114	-0.0868959415	-0.0299728033	-0.0292289165	-0.1288816964	0.0900884444	0.2096842023	0.0495236223	0.0597235082	0.0214776613	0.0593503919	0.0655903566	-0.0146639366	0.0184977009	-0.0883282547	-0.0401238982	0.061479079	0.0766986281	0.1344232813	-0.290847334	-0.0505347834	0.0262493942	0.1431254193	0.0527338726	-0.120348851	0.0082708823	0.0393617939	0.0950365563	-0.2060363561	0.0566450798	0.0031137943	0.0848454078	-0.0361914181	-0.0079871866	0.0245744743	-0.100240825	-0.0689150546	0.0697569027	0.0997713604	0.0131815707666334	0.0063302446111208	0.0001737538078757	4.007199683662518e-05	-0.1282248508290422	-0.1112634634296654	0.0123795582943644	0.0164416123701301	-0.0430163703435795	0.0221695341041084	0.0004914882423932	0.0018504081175359	-0.0009402020418523	-0.0009192755789826	8.83979879503234e-07	8.450675901138892e-07	-0.0020396014573473	-7.15884701695999e-05	5.124909061223695e-09	4.159974104813231e-06	0.0012750432867064	0.000184063149732	1.6257353829750588e-06	3.387924308930144e-08	0.0	0.0	0.0	0.0	0.0	0.0	0.0	0.0	0.0	0.0	0.0	0.0	0.0	0.0	0.0	0.0	0.0	0.0	0.0	0.0	0.0	0.0	0.0	0.0	0.0	0.0	0.0	0.0	0.0	0.0	0.0	0.0	0.0	0.0	0.0
1096.6544913341745	-3.2044219560807505	10.268320072612385	1202651.073363417	1123.5380921377573	-29.552011165563957	1262337.8444845516	873.3213639296166	1072.9964356826829	-1.2790050762862393	1.6358539851659688	1151321.3509877415	1077.991756467272	1051.8219660729976	1.344646	26.730944	0.0857123502000471	0.0387154127865201	-0.0744341311	0.0420881744	-0.1363202163	-0.0706581937	0.0466792503	-0.0604041575	-0.1265771743	0.1257861903	0.107951501	0.0330715515	0.0159636176	0.0080247332	0.0198078181	-0.0006905279	0.0152446208	-0.0842056621	0.0655143929	-0.0081871629	0.0733257827	0.1517257342	0.0985174909	0.0677937642	0.0040174347	0.0695777353	0.0510834902	0.0206168774	-0.1343054765	-0.2367901378	-0.0915397852	0.0698879492	-0.0196658638	-0.0425863122	0.1357753127	-0.1342287145	-0.0154630576	-0.0881099703	0.0040439467	0.0111594682	0.2450456724	-0.0097920318	-0.0698842512	-0.050732885	0.1029831735	-0.0693318739	-0.1276867002	0.0236002217	-0.0249330891	-0.1378218944	-0.0617207307	0.0721540108	0.0291749359	-0.0280195488	0.0340747714	0.2297955692	0.0417132725	0.0055419237	0.0708193583	0.0865884088	0.069610947	-0.0777834106	0.0454364476	-0.0009414218	-0.1046160434	0.0511324325	-0.0841507474	-0.0035756301	0.0062468891	0.0616762754	-0.0160025068	-0.0552153606	0.0578805006	0.015836254	-0.1159957464	0.0350500316	0.0521614767	-0.0617745528	-0.0037949721	-0.091737523	0.0798150753	0.0105000019	0.1609317347	0.1022433268	0.0002387993	-0.0684250834	-0.0273813221	-0.0862100787	-0.2098920256	-0.0284886474	0.1510287993	0.1450246974	0.0658593805	-0.0385953109	0.0492840214	-0.0470469195	0.1463705701	-0.0067339648	0.0415655375	0.1173748375	0.1708994923	-0.0327299214	-0.1164296974	-0.1012343252	0.160321499	0.1321087264	-0.0885393462	0.0259157363	0.0387614497	0.1326540128	0.0915860513	0.0418044404	-0.0530009471	-0.0483944747	0.0867985263	-0.0235167734	-0.1579392572	-0.0665816837	-0.1280683784	-0.0569632506	0.0361431304	-0.0491165265	0.0402639029	0.0034707666	-0.0619417469	0.0745602809	0.0896677849	-0.0230242159	0.0546384614	0.0165263679	-0.0009774834	-0.0281799314	-0.1218076362	0.0071575148	-0.0395633392	-0.0403753692	0.0633943678	0.1076990254	0.0472423189	0.0039693302	0.093032528	-0.1428320065	0.0101817517	0.0259420565	0.0796096353	-0.1153074858	0.1290381182	0.0489291807	-0.0303807944	-0.0297398875	-0.0671114779	0.1477591647	0.0568801275	0.1043348651	-0.2192530562	0.0707549683	0.088510073	0.0427040529	-0.0169674289	0.091700086	0.0224686191	-0.1020240119	-0.0637307152	0.0762490709	0.0945685192	0.0045179380079929	-0.0086636327586404	2.041176384406685e-05	7.505853257658877e-05	-0.1033394411641808	0.0248854096648614	0.0006192836141879	0.0106790401001251	-0.0355748891159493	0.0074414812276302	5.537564286117276e-05	0.001265572735612	-0.000661165266152	0.0002790367757003	4.37139509165845e-07	7.786152219321953e-08	-0.0017383185234534	0.0003012829338939	9.077140625571617e-08	3.021751288981209e-06	0.0009609264653223	-0.0003141168213841	9.233796717568094e-07	9.866937747645057e-08	0.0	0.0	0.0	0.0	0.0	0.0	0.0	0.0	0.0	0.0	0.0	0.0	0.0	0.0	0.0	0.0	0.0	0.0	0.0	0.0	0.0	0.0	0.0	0.0	0.0	0.0	0.0	0.0	0.0	0.0	0.0	0.0	0.0	0.0	0.0
1098.4011248211075	1.7466334869329785	3.050728537675655	1206485.031008274	1133.569053847783	10.030961710025622	1284978.799841358	100.62019282800014	1072.5695405946208	-0.4268950880621105	0.1822394162115571	1150405.419411356	1077.7030042929257	1041.5183192381987	1.264334	25.134373	0.0868031627476679	0.0488234572361285	-0.1390799854	-0.0541246144	-0.0353522449	-0.0279439645	0.0471275143	0.0940949879	-0.1354464468	-0.0311869323	0.058209748	0.1188581588	-0.1042193481	-0.0362362003	-0.0242141322	-0.021797341	0.0340954238	0.0115788271	0.062338935	0.006744424	-0.2243863827	0.0309818895	-0.0345703399	-0.0333371964	-0.0362721422	-0.0412655428	-0.0656098489	-0.0440871976	-0.0814678626	0.0222021538	0.0601317559	0.0186781633	0.0300268419	-0.1088382206	0.1669267566	-0.11809501	-0.1001659756	-0.1445184994	-0.0421804855	0.1706939766	0.0023703696	-0.1298567567	-0.0385741094	0.0007236491	-0.0168573056	-0.1093985065	-0.0247374317	-0.0620788012	-0.0569738375	0.0589951173	-0.0335070085	0.0446602131	0.0702133934	0.1083364061	0.2461210503	0.0364610476	-0.1789439888	-0.0519904308	-0.0359236843	-0.1176576881	0.0730910535	-0.0391205402	0.0024691361	-0.0126441268	0.0584366387	-0.0410911774	0.0392162047	0.0390188549	-0.03981203	-0.0060088202	-0.0108693309	-0.0462663728	0.0145787273	0.0426080147	-0.0319677702	-0.084132896	0.0464916973	0.0034100884	0.1059148261	0.0753880706	-0.0901266334	0.0462010092	-0.009089112	-0.0059007851	0.1850932243	0.0333825339	-0.058952232	-0.0173910679	-0.0376979773	0.1027323121	-0.0025311871	0.0414159588	-0.0655397999	-0.1196092591	0.0556335061	0.0118115397	0.2081952428	0.1372903911	0.0063321975	0.1093437917	-0.0858972166	-0.0350720822	-0.1285211749	0.0422273512	-0.0188821665	0.1047102565	0.0061549806	0.0331768215	-0.0277724564	0.0768999097	-0.0122551492	0.1792173757	-0.1437882964	-0.0800271274	-0.0441797891	-0.0376906498	-0.0498271536	0.1475980016	0.1500440312	0.1779409659	0.0354490969	-0.0472308837	-0.004208893	-0.0059918063	-0.047437902	-0.0443313535	-0.0831700793	-0.0417280432	0.0352290378	0.002544523	-0.022754244	-0.0310207377	-0.0442136921	0.001722662	-0.0860231812	0.0682294443	0.1558277421	0.0725518846	0.1067742491	0.0557353892	0.1033502542	0.0702397464	0.0448031171	0.015971426	0.0314988805	-0.0407744755	0.1031280439	-0.032490451	0.0713916087	-0.0412165226	-0.0207302417	0.0125396097	0.0464306486	-0.0215036059	-0.1163476569	0.0360993303	-0.003164113	0.081544916	-0.2009004228	0.0356467776	0.0203543145	-0.103653745	-0.0583307311	0.0822826681	0.0884772626	0.0110479462964576	0.0065300082884646	0.0001220571173694	4.264100824741768e-05	-0.0676384226731414	0.0357010184910394	0.0012745627212975	0.0045749562217105	-0.0267470246662355	0.0088278644497137	7.79311907425207e-05	0.0007154033284962	-0.0013072213015166	-0.0006460560353646	1.7088275311387536e-06	4.173884008310253e-07	-0.0017390862008168	-7.676773634000041e-07	5.89328534276782e-13	3.024420813871411e-06	0.0008928647476813	-6.806171764100002e-05	7.972074576519915e-07	4.6323974082432145e-09	0.0	0.0	0.0	0.0	0.0	0.0	0.0	0.0	0.0	0.0	0.0	0.0	0.0	0.0	0.0	0.0	0.0	0.0	0.0	0.0	0.0	0.0	0.0	0.0	0.0	0.0	0.0	0.0	0.0	0.0	0.0	0.0	0.0	0.0	0.0
1103.8120711530914	5.410946331983951	29.27834020761057	1218401.0884232775	1142.5146293090468	8.945575461263843	1305339.6781851884	80.02332033316581	1074.3107695109834	1.7412289163626156	3.0318781391773286	1154143.6294872812	1079.257689702544	1039.0617193780504	1.344135	26.720778	0.0475904890876796	0.0250984002207065	0.0489257866	-0.1312227144	-0.0060531648	0.0028148955	0.0987761137	0.1771287664	0.0418277581	0.0009763206	0.0889951538	0.0054915541	-0.1479620955	-0.0824208388	-0.1262257341	0.1538510115	-0.0565166703	0.0629350284	-0.0323682789	0.0550124443	-0.0954197177	0.0602730634	0.0507526648	-0.0741518566	-0.0672601343	-0.015477228	0.182559957	-0.0986600595	-0.0521340695	0.0788239185	0.0748659644	-0.0741950127	0.1462391858	-0.0534143117	0.0020953417	0.0571397465	-0.0549269846	0.1368675072	0.0183828026	0.0609026617	-0.1172615831	-0.0527395365	-0.0477689252	0.0090084247	0.0787863389	0.0768497212	0.0791418391	0.0190467519	0.0017025154	-0.0113842009	-0.0501655031	-0.0417308569	0.0442518811	-0.0068347728	0.1353985119	-0.060140324	0.0321128469	-0.013196706	-0.0350608571	-0.1384029359	-0.0745721122	-0.1622821821	0.0356844954	-0.0958567895	-0.0760007664	-0.1368319258	-0.089181217	-0.1508410925	-0.0418562277	0.0137315592	0.0588032815	0.0775463703	-0.02095033	-0.1928573122	-0.0040475633	0.0843005835	-0.0819674088	0.0323648535	0.0203375686	0.0545343587	-0.087128815	0.1257122567	0.0002858112	0.0220513062	0.008143672	-0.0699854731	0.1626414551	-0.1202282859	-0.0337986767	0.1030188958	-0.0944929278	-0.1284677655	-0.019048769	-0.1379455047	0.0376678852	0.0658213904	-0.032848014	-0.0621891232	-0.0493264076	-0.0252966393	-0.1555292216	-0.0645889339	-0.0082291355	0.0225459684	0.0592221097	-0.1007020185	0.0496627746	0.0164060941	0.0287596733	0.123786836	-0.0603336315	0.0568932922	-0.0406683614	-0.0319731893	-0.0070661157	0.1160697622	0.0727955562	-0.0492207834	0.112838714	0.0014054131	0.1241875058	-0.1102376535	-0.1185217812	0.0063346299	-0.0066255563	-0.0193487873	0.0588997991	-0.1406320074	-0.1675104837	-0.0663558007	0.1088911587	0.0409337932	-0.0212345521	-0.0565552213	-0.0462911206	-0.2255498444	0.1047583289	0.0070468709	-0.0344239015	0.1479662888	-0.1566831868	0.032834305	0.0428771754	-0.0108156817	0.008683564	0.0198780081	0.1648535559	0.0483314157	0.1309469542	-0.0483987899	-0.1185276357	0.0706111257	-0.0350277214	-0.0689208742	-0.0260343956	-0.0056225142	-0.0442601679	0.0391404149	-0.020758292	0.0694998596	0.0182323554	-0.105127573	-0.0527333744	0.0878214077	0.0815548146	0.0189812019806083	0.0079332556841507	0.0003602860286286	6.293654575010939e-05	-0.0519487914092309	0.0156896312639104	0.0002461645291974	0.0026986769288797	-0.0441633291746939	-0.0174163045084584	0.0003033276627313	0.0019503996437923	-0.0013071804723404	4.08291761999028e-08	1.7087207872680717e-06	1.6670216291627089e-15	-0.0016851365386598	5.394966215699999e-05	2.9105660468544366e-09	2.839685153926332e-06	0.0009699002089713	7.703546129000005e-05	9.407064153625714e-07	5.934462296163096e-09	0.0	0.0	0.0	0.0	0.0	0.0	0.0	0.0	0.0	0.0	0.0	0.0	0.0	0.0	0.0	0.0	0.0	0.0	0.0	0.0	0.0	0.0	0.0	0.0	0.0	0.0	0.0	0.0	0.0	0.0	0.0	0.0	0.0	0.0	0.0
1105.25733579977	1.4452646466786518	2.088789898939168	1221593.7783392058	1139.770863821596	-2.7437654874506734	1299077.622016627	7.528249050125431	1074.9453920938136	0.6346225828301613	0.4027458226380249	1155507.5959837225	1080.1039607384946	1046.4191029022406	1.327293	26.385977	0.0653563654936844	0.0366934792531134	0.1388478718	-0.0163754066	-0.0131187546	0.013240224	-0.0565093387	0.0529658868	0.0895599097	0.0573842744	0.0305909398	-0.0558621527	0.0059951793	0.0359617684	-0.005600253	0.0040176342	-0.1159055798	0.0333839685	-0.0224103676	0.1198173896	0.0443319818	-0.0715892	-0.065523993	-0.0746311288	-0.14901897	-0.0747511081	-0.0756213975	0.1134880038	-0.010925636	-0.0191378652	0.0359866145	0.0566528292	0.0099277704	-0.0577594301	0.1665928871	-0.0372115151	0.1121494389	-0.0404106035	-0.0860093834	-0.0261327969	-0.1086217652	-0.1506452963	0.0919886972	0.075859148	0.0605243217	-0.0542547049	-0.0174189537	-0.0641047365	0.0060774038	-0.0402157171	0.0142905956	0.0664313798	0.0501262601	0.0761912622	0.0102339025	0.018661314	0.2012924325	-0.0390587332	0.1578034106	-0.0129648222	0.0535324575	-0.0126184304	-0.0046875699	-0.0667022521	-0.0255068424	-0.1580493542	-0.039512875	-0.0683675011	0.1193197926	0.0819393111	-0.0401297836	0.0249352617	0.0130250954	0.0486868805	-0.0143045984	-0.0400848233	-0.1246648102	-0.015537096	-0.0310124632	-0.1116005812	-0.0558713026	0.0315434344	-0.0930651057	-0.0324760968	0.1230004483	0.0767227897	0.1006505122	0.152147425	-0.0044752502	0.0702971361	0.0745437695	0.0685173379	-0.003705007	-0.0563115522	0.1118713841	-0.1078867107	0.0445180786	0.0534825676	0.0418151684	-0.088132111	-0.0296847928	-0.0301123266	-0.0807187661	0.1893307456	0.0303066554	0.0155207322	0.0560584062	0.0640807527	-0.0405884715	0.0046484326	0.0377902869	-0.0227619083	-0.0155436894	-0.0768872519	-0.0907499898	0.1226702973	-0.0212288707	-0.005288032	-0.2141748418	0.0023387461	-0.028154748	-0.0143798844	-0.0124244301	-0.0017553495	0.0063039437	-0.1621783519	0.1312065302	-0.0164983306	-0.0729660215	-0.0893023138	0.0143210419	0.0418540371	-0.066938363	0.0676948978	-0.0544510499	0.0170037647	0.0786159463	-0.0732825137	0.027267285	-0.0239033287	-0.0099129562	-0.1827841882	0.0520667299	-0.0373793018	-0.0391348446	0.0823224536	0.1598594146	0.0741623649	0.1008115076	-0.0433314816	-0.0856840754	-0.0807326922	0.0901282317	0.1249178839	0.1435625558	-0.0620259686	-0.1030365614	0.0487473901	-0.041509667	0.0936974838	0.0161035399	-0.1064432791	-0.0469575846	0.092831979	0.0738662073	0.0072484886086243	-0.0117327133719839	5.254058710935624e-05	0.0001376565630691	-0.0813036928166894	-0.0293549014074584	0.0008617102366416	0.0066102904656305	-0.040626252566227	0.0035370766084669	1.251091093416372e-05	0.0016504923975748	-0.0012398514759531	6.73289963873001e-05	1.5372316824230805e-06	4.53319375452107e-09	-0.0013381026341441	0.0003470339045157	1.20432530883412e-07	1.790518659503379e-06	0.0009701707901838	2.705812125000261e-07	9.41231362125859e-07	7.321419255798424e-14	0.0	0.0	0.0	0.0	0.0	0.0	0.0	0.0	0.0	0.0	0.0	0.0	0.0	0.0	0.0	0.0	0.0	0.0	0.0	0.0	0.0	0.0	0.0	0.0	0.0	0.0	0.0	0.0	0.0	0.0	0.0	0.0	0.0	0.0	0.0
1105.2697472786542	0.0124114788841325	0.0001540448080912	1221621.2142494202	1139.2703980987285	-0.5004657228676024	1297937.0399840353	0.2504659397653918	1075.0183842852832	0.072992191469666	0.0053278600155443	1155664.526551341	1080.1622918200528	1073.8409960759318	1.282496	25.495436	0.0249607711159808	0.0140088190419362	0.0208618185	0.1070837843	0.0603660469	-0.0259484021	0.099858703	0.0468743084	0.049499331	0.0629334182	-0.0408970711	0.110023134	-0.0234704771	0.016513192	0.0226891299	0.0084876811	-0.1189581485	0.024260159	-0.0079506699	0.155457435	-0.0124031997	-0.001924037	0.0266094441	0.1202903279	-0.0065754102	0.1452209531	-0.0124070532	0.0372656574	-0.025125689	-0.0570662854	0.0322376555	0.0689606268	-0.0556427891	-0.0464706337	0.0298898248	0.0493188765	0.0101341118	-0.0715069284	-0.0240147847	-0.0433781719	-0.0193576797	0.0749672451	0.0127566009	0.0338800983	-0.1864748776	0.0845514107	-0.0192150918	0.0338471438	-0.0709513256	-0.0700258253	-0.0437239558	-0.1488617838	-0.026232587	0.0071117384	0.0225941306	0.0712395366	-0.0036727939	-0.1557281166	0.0122050926	0.07800589	-0.0453105576	0.0974355753	0.0367120407	0.0966111054	-0.102855487	-0.1358851372	0.0060410891	-0.100665619	-0.0594716784	-0.0654832736	0.0247021929	-0.0479412238	-0.0914179938	-0.142384703	0.0820376842	0.0070511803	-0.113404834	-0.0395550197	0.0026659832	-0.0840927034	-0.1297292179	-0.0747434332	0.0530940143	0.0571339679	-0.0290418833	-0.0739155338	-0.0247929689	0.0298416535	-0.0523848374	0.0626560677	0.1117723067	0.0701703523	-0.0027654436	-0.0099936959	0.0060802074	-0.0106779126	-0.0373004808	0.0693362855	0.0489908025	0.0203672216	0.0279624815	0.0553609804	0.0946005527	-0.0111065685	-0.1778519653	-0.0584271198	-0.0361258246	0.0443943174	-0.017586833	0.1501009715	-0.1294186609	-0.0909500408	0.009795263	0.0326710525	0.0525663009	0.0662131918	-0.1201406592	0.0817572657	0.0021214233	-0.1118523705	-0.0045257819	0.0897033092	0.0750466087	0.0728988843	0.0901573787	-0.0461265541	0.0920001346	-0.0721831695	-0.1140889262	0.0368823472	0.028280366	-0.0394401208	0.0266658122	-0.1130248855	0.0498319583	0.0039320061	0.107030105	-0.0890068485	-0.0124159845	-0.0077594958	0.1807475992	-0.0277666122	0.01546724	0.023440681	0.0045498118	0.0183784586	0.0260469083	0.1769764951	0.0022211076	-0.0591034608	-0.0709737182	-0.0604844033	-0.0136769927	0.0073421465	-0.1088176648	-0.1335642811	-0.0642548489	0.0259832323	0.017469372	-0.0374580553	0.0139686685	-0.1075988845	-0.0410229053	0.0972842479	0.0654836707	0.0120118315774107	0.0047633429687863	0.000144284097844	2.268943623828683e-05	-0.0696792552862177	0.0116244375304716	0.0001351275478998	0.0048551986172418	-0.0405330714581992	9.318110802779972e-05	8.682718893288482e-09	0.0016429298818354	-0.0013073033669057	-6.745189095259995e-05	1.7090420931229792e-06	4.549757593081435e-09	-0.0014401358379609	-0.0001020332038168	1.041077468112067e-08	2.073991231779344e-06	0.0009700596947793	-1.110954045000683e-07	9.410158114353086e-07	1.2342188901033792e-14	0.0	0.0	0.0	0.0	0.0	0.0	0.0	0.0	0.0	0.0	0.0	0.0	0.0	0.0	0.0	0.0	0.0	0.0	0.0	0.0	0.0	0.0	0.0	0.0	0.0	0.0	0.0	0.0	0.0	0.0	0.0	0.0	0.0	0.0	0.0
1105.7692281507348	0.4994808720805395	0.2494811415743362	1222725.5859250715	1157.2192178335931	17.948819734864628	1339156.318123393	322.1601298746659	1073.514482318452	-1.5039019668311084	2.261721125838476	1152433.3437474542	1078.9128758079848	1072.8986309493985	1.366767	27.170691	0.0436355531380596	0.0236718148120907	0.0378250185	-0.0961998147	0.0962045554	0.0721723496	-0.0075358427	-0.0613397844	0.0339775434	-0.1162067363	0.0479271082	0.0268122342	-0.0932416656	0.0678880488	-0.0462686462	0.0847070362	-0.0036259701	0.0121976249	0.0082943562	0.0568840366	-0.0267599004	0.0954972797	0.1215519518	0.0012879756	-0.0197100744	-0.0976811599	0.0482425662	0.113760739	0.0590420345	0.0557146507	0.0545136011	0.0792628783	0.0829959046	-0.0266659444	-0.1653715514	-0.166048924	0.0152376146	-0.0001526845	0.002961453	-0.0939095832	-0.0224390407	-0.0504282622	0.0307911877	0.005175687	0.3393786184	0.0683773738	0.1195466315	-0.1329853611	-0.0203535728	0.0736598074	0.0406799677	-0.0616423074	-0.0351611201	0.0802484568	-0.0971804397	-0.0650839138	-0.026024858	-0.0080440603	0.1192619779	0.0126785435	0.0182455968	0.0602074896	-0.1055219705	-0.0011601103	0.0017278737	-0.0869574856	0.0139776132	-0.0060702835	0.0286431506	-0.039741471	0.0676454245	0.0023299426	0.0156408686	-0.1393145179	-0.0062378363	-0.0781286308	-0.0053080929	-0.0134968162	0.0431462103	0.0318185584	-0.0902380447	0.1076317497	0.0811151697	0.0862967848	-0.1025044757	0.0473199591	0.1255094873	0.1128943823	0.0568147119	0.0244731825	-0.0428269774	-0.0157250352	0.1028331033	0.01101343	-0.1712612213	-0.039540388	0.0984903857	-0.0093757861	0.0138005307	-0.095519319	0.0462502614	-0.0617851165	-0.0488822241	0.0373999709	0.2644902771	-0.1680482626	0.0862524933	0.0530481214	-0.0852486211	-0.0488817349	-0.0233654581	-0.0491647648	0.0519475686	0.0352233873	-0.0977203577	-0.1471070405	0.1198411364	0.1008829093	-0.0937646172	0.0337414609	-0.0674488257	-0.0143412355	-0.0300108844	0.0111530479	0.0374640817	-0.0499303577	0.0337884498	-0.0261143616	-0.0231755597	-0.0482858039	0.1343678748	-0.0099463889	-0.0366829395	-0.0275632358	-0.0558037652	-0.0646576788	0.0951087919	-0.1003763752	-0.0199092496	0.1036851688	-0.1376233789	0.0188389347	0.0760242906	0.0263154353	-0.0092883594	-0.0315373782	-0.0347411512	-0.0325130073	0.0350641092	0.0908598102	-0.1817078483	-0.0482429685	-0.0130812498	0.0063047539	-0.0836056541	-0.1649231764	-0.0549216066	0.0753006262	0.0762884332	-0.0067494644	0.0118285441	-0.1085926509	-0.0349494174	0.1011514379	0.0564859537	0.0171602728757989	0.0051484412983882	0.0002944749651718	2.650644780294917e-05	-0.0694403985554856	0.000238856730732	5.705253781602476e-08	0.0048219689515446	-0.0581400768180486	-0.0176070053598494	0.0003100066377417	0.0033802685324085	-0.0015302114796515	-0.0002229081127458	2.341547172457233e-06	4.9688026727894325e-08	-0.0016292481545803	-0.0001891123166193	3.5763468297156176e-08	2.654449549203313e-06	0.0009692551291627	-8.045656165999717e-07	9.394555054082022e-07	6.473258314148927e-13	0.0	0.0	0.0	0.0	0.0	0.0	0.0	0.0	0.0	0.0	0.0	0.0	0.0	0.0	0.0	0.0	0.0	0.0	0.0	0.0	0.0	0.0	0.0	0.0	0.0	0.0	0.0	0.0	0.0	0.0	0.0	0.0	0.0	0.0	0.0
1103.719848542269	-2.0493796084658698	4.199956779595722	1218197.504066169	1139.621628555166	-17.597589278427222	1298737.4562707285	309.6751484122167	1072.3222980935093	-1.192184224942821	1.4213032262025147	1149875.110988545	1077.3715998400305	1076.540886241117	1.457746	28.979305	0.0380181254830003	0.0185019084794919	0.0463681715	0.1442804433	-0.0241222249	-0.0246662758	-0.0124456593	-0.0875251676	0.0460742624	0.0895717133	-0.0181551879	0.0669190339	-0.0493513602	0.0329852909	0.0109363824	0.0770746896	0.0848343442	0.1010933868	-0.0770214962	0.1220820011	0.0608691335	-0.0438381141	0.0598527008	0.0179528017	-0.1796679137	0.0817896721	0.1188012304	-0.0006051759	0.1007437641	-0.0414882211	-0.022883342	0.0024233053	-0.1365669162	0.0616234732	-0.0672116628	-0.1050243391	-0.0261686335	-0.0473615196	0.0326546508	0.0206824157	0.0503506925	-0.1248106223	0.0989237832	0.0219082259	-0.0834446857	-0.0933372774	0.1520193175	0.0582553562	0.0503421716	0.0054664742	-0.0658942112	-0.178338733	0.0720723956	0.0682085078	-0.1296310101	-0.0001786139	0.0987520396	0.0179927371	0.0164325412	0.0420912385	-0.0854049459	-0.1043828436	0.2167123549	0.0799632515	0.080133623	0.0900716955	-0.1805053365	0.0049126962	0.0856196988	-0.0535290814	0.0177606629	-0.0784939264	0.0081478054	-0.0405479253	0.1457135948	0.009998651	0.0244171311	0.1327876989	-0.0733551849	-0.0963034118	-0.0979756502	-0.0757112834	-0.0039990106	0.0750858366	0.0078228681	-0.1166375638	0.1670200162	-0.0059901653	0.0525811506	-0.101644342	0.0726259784	-0.0337434154	-0.0349398708	0.15608787	-0.0836274552	-0.0251349935	0.0637942393	0.0550648096	-0.0347206707	0.1022178149	0.0511922015	0.0351432053	-0.0887956601	0.1069169453	-0.0615391959	0.0435804058	0.1411636236	-0.0877996442	0.0038725029	0.0735700189	-0.1582918409	-0.0129665788	0.080829002	-0.0747229943	-0.081879876	0.0173133425	0.1053238352	-0.1288989251	-0.0410132012	-0.2138068949	0.1393437675	0.0631861766	-0.0403023511	0.1608203424	-0.1227128685	0.0012122576	0.031214972	0.1007177021	0.0371226545	0.1015618418	-0.0517337083	-0.0298278102	-0.0031951251	0.0465643743	0.0409756502	0.0312541171	0.0929494994	-0.0798279158	-0.053545272	-0.007209472	0.079465182	-0.2112169599	0.0413487066	-0.0164729601	-0.0821439731	0.0814011861	0.0338597975	0.017352179	-0.0764169642	0.0207190166	-0.08831874	0.0142005568	-0.025379007	-0.0067072392	-0.1074992456	-0.0685686921	0.0171664307	-0.0004553595	-0.0314005217	0.05892697	0.0096839714	-0.1094230837	-0.0287576717	0.1044102912	0.0469575846	0.0086740948250252	-0.0084861780507737	7.523992103352895e-05	7.201521790943332e-05	-0.0721486080084332	-0.0027082094529475	7.3343984410347345e-06	0.0052054216375545	-0.0486522686223196	0.009487808195729	9.001850435894243e-05	0.0023670432420983	-0.0013998161286481	0.0001303953510034	1.959485194023354e-06	1.7002947563299922e-08	-0.0014136809141223	0.0002155672404579	4.6469235158677166e-08	1.998493726953662e-06	0.0009700111333723	7.560042095999852e-07	9.40921598866214e-07	5.715423649328983e-13	0.0	0.0	0.0	0.0	0.0	0.0	0.0	0.0	0.0	0.0	0.0	0.0	0.0	0.0	0.0	0.0	0.0	0.0	0.0	0.0	0.0	0.0	0.0	0.0	0.0	0.0	0.0	0.0	0.0	0.0	0.0	0.0	0.0	0.0	0.0
1104.3067229673811	0.586874425112228	0.3444215908508081	1219493.3383909562	1151.0396922438565	11.418063688690609	1324892.3731208318	130.37217839899498	1072.7473499564162	0.425051862906912	0.1806690861606363	1150786.8768385137	1077.9401135783737	1070.1867925708762	1.459868	29.0215	0.054176521220691	0.028213636234535	-0.0609414236	-0.055085346	0.1061482677	-0.0956001034	0.0138347138	0.0439830907	0.0092046309	-0.0793094239	-0.0472568109	0.0825494363	-0.1505930675	0.0386842923	-0.0041832862	0.0214696825	0.0334145889	0.1406268959	0.0158720805	0.0516003162	-0.1172246721	-0.1182126958	-0.0677397106	0.0308321447	0.051806878	-0.0788156769	0.0424516976	0.0475797006	-0.0529244237	0.059426009	0.0214419853	-0.0783636461	0.0514241788	-0.0702076714	0.0182378195	-0.0002954802	-0.0498758583	-0.0276947915	-0.0128787365	0.0075235577	0.0179018078	-0.0746492266	-0.0810003427	-0.2048512043	0.0329006414	0.0244244718	-0.0205335346	0.0962952921	-0.0350194027	0.0069082474	-0.0768077253	-0.0448705288	-0.0835727111	-0.0479050677	-0.0564378741	0.0203507659	-0.0359741739	-0.0083666943	0.0463969814	-0.0209880069	-0.0417104739	-0.024175738	0.0610735513	0.1595111927	-0.0296422077	0.2165569287	0.0133432293	-0.009423837	0.1246653842	-0.015694921	-0.0297249062	0.01150772	0.0432278482	-0.0132621847	-0.0483935765	0.1145568157	-0.0164965705	0.1235002752	0.1004746195	0.0570727007	-0.1300022783	-0.0720659974	-0.0948743452	-0.052720662	0.0057205444	0.0939992114	0.0101787377	0.0090336609	-0.062367256	0.0191402059	-0.0513589184	-0.0674870816	-0.0354182448	-0.1281657332	-0.0046858778	0.0453422289	0.0476410206	0.0271650689	-0.0210743077	-0.0024085728	0.0014892682	-0.0523010297	-0.1610900611	-0.1210962984	0.0118268968	0.0117467223	-0.0252535863	-0.074759834	-0.0053360051	0.0326310805	-0.0514604923	0.0056384547	0.077835815	0.0969671125	0.0955823703	-0.0200458126	-0.0201822941	0.046874333	-0.0381262616	-0.0192069936	0.0833466437	0.0330673363	0.0264406449	0.1906280982	0.0183118452	0.1543324707	-0.0281999449	0.1753110634	0.031182283	0.0841282367	-0.0007379626	0.0556948914	-0.0185902176	-0.0168916839	0.0824012756	-0.0071150629	0.1272529369	-0.0900429186	0.0540276836	0.13533067	0.0450676527	0.0912877134	0.1129491255	-0.0173133515	-0.0494108867	0.0804852664	0.0583936424	-0.095365411	-0.054449788	-0.0154862199	-0.0511387367	-0.1138986852	0.0245302564	0.0188688654	0.0255519217	0.0204088603	0.0362013699	0.0950675808	-0.1166930482	0.0067960404	0.007535757	-0.1100889337	-0.0224686191	0.1070412087	0.0369880768	0.0128911166669496	0.0042170218419244	0.0001661808889209	1.778327321526747e-05	-0.058325247590929	0.0138233604175042	0.0001910852932322	0.0034018345065431	-0.049582755029732	-0.0009304864074124	8.658049543792415e-07	0.0024584495963384	-0.0018487716564244	-0.0004489555277763	3.41795663759822e-06	2.015610659208962e-07	-0.0016078422090068	-0.0001941612948845	3.769860843122578e-08	2.585156569063867e-06	0.0009090149049561	-6.099622841620003e-05	8.263080974323474e-07	3.7205398810012475e-09	0.0	0.0	0.0	0.0	0.0	0.0	0.0	0.0	0.0	0.0	0.0	0.0	0.0	0.0	0.0	0.0	0.0	0.0	0.0	0.0	0.0	0.0	0.0	0.0	0.0	0.0	0.0	0.0	0.0	0.0	0.0	0.0	0.0	0.0	0.0
1106.6363246011726	2.329601633791526	5.427043772164148	1224643.954926792	1153.5714680784374	2.5317758345809125	1330727.1319646414	6.409888876567876	1074.3878036453318	1.6404536889156134	2.691088305476844	1154309.15262184	1079.369798248376	1058.65211208017	1.505338	29.92543	0.0784285175073993	0.0401721746580519	0.116018554	-0.0310294275	0.0225283516	0.0597506184	0.0083246238	0.1284065461	0.1289425326	0.0137855073	-0.0083235373	-0.0484104861	-0.0707725385	0.0489439656	-0.0967685103	0.1420790918	-0.0446067137	0.1163951645	-0.1134588791	0.1196508337	0.0859726618	0.0708666738	-0.0963624721	-0.0802456996	0.0640102938	-0.1106545361	0.1319506149	0.0630986916	0.1017881979	0.0887016821	-0.0398907518	0.0331411863	-0.0059471104	-0.0030763353	0.0284092028	0.1393951933	0.202070089	-0.1157948395	-0.117351819	0.0050939483	0.0210534791	0.0270080263	-0.0159963969	-0.1304750369	0.0455282411	0.1038331322	-0.0609965938	-0.0041104387	0.1187953313	0.071656206	0.0499356896	0.1926667967	0.1727051029	-0.0100713355	0.0911525801	-0.0690373377	-0.0223570665	-0.0057950732	-0.1019869303	-0.0229526188	0.0366031405	-0.0385226168	0.0192231076	0.0551178328	-0.0711941822	-0.0075757328	0.0809098322	0.0216342379	0.0252070352	0.0483167146	0.088609665	-0.0803481737	0.0539866484	-0.0876430068	0.201782661	-0.0306805831	-0.1024324844	0.0979029689	-0.0782128406	-0.042026755	-0.0737498584	0.1276690713	-0.0134234503	-0.161509231	-0.1458759811	0.081652192	0.1484157433	0.0339188319	0.028316768	-0.0725356009	-0.0247252636	0.0543777353	-0.0670925646	-0.0255670885	0.1418274454	-0.1049917417	-0.1581256045	0.1513956931	0.0896972548	-0.0485408471	0.0098273497	-0.0078725216	-0.0826070409	-0.112133286	0.0387631802	-0.0875307095	-0.0175226798	0.0263126166	0.0949249225	-0.1522072075	0.1384838798	0.0935269373	-0.0741108608	-0.1362885443	0.0129818473	0.0495255651	-0.0058031178	0.0094330096	0.1259619718	-0.0170033798	0.0210227843	-0.0772132813	0.0831512029	0.0099185202	0.0359195073	0.0212414436	0.0229815476	0.0573139302	-0.0280028101	-0.0958672379	-0.0275313025	-0.1344750688	0.0511386234	0.088870935	0.0423160081	-0.0529909762	0.0766331134	-0.1022000492	-0.0706016152	0.0401375225	-0.0849767904	-0.1522969613	0.0678450286	0.0301118014	-0.0858518776	0.0496401968	-0.0433757718	0.1830450393	0.1384018269	-0.021077317	0.0018479199	-0.038671049	-0.0568316604	-0.0056421414	0.0269270517	0.0328236515	0.1131033784	-0.0046557122	0.0196902393	-0.1347003963	0.0053847087	-0.1105891995	-0.0161035399	0.1090283678	0.0266710879	0.0183204065584874	0.0054292898915377	0.0003356372964682	2.9477188726354524e-05	-0.0899462016316334	-0.0316209540407044	0.0009998847344443	0.0080903191879584	-0.0559801649700091	-0.006397409940277	4.092685394395624e-05	0.0031337788700694	-0.0013933946070738	0.0004553770493506	1.9415485310223493e-06	2.073682570752589e-07	-0.0014136002689559	0.0001942419400509	3.772993127473748e-08	1.998265720392193e-06	0.00085901662166	-4.9998283296099895e-05	7.379095562881597e-07	2.499828332557061e-09	0.0	0.0	0.0	0.0	0.0	0.0	0.0	0.0	0.0	0.0	0.0	1.0	0.0	0.0	0.0	0.0	0.0	0.0	0.0	0.0	0.0	0.0	0.0	0.0	0.0	0.0	0.0	0.0	0.0	0.0	0.0	0.0	0.0	0.0	0.0
1104.6245294476569	-2.011795153515777	4.04731973970957	1220195.3510574573	1153.6101295844967	0.0386615060592703	1330816.3310799592	0.0014947120507709	1074.7052732390116	0.3174695936797889	0.1007869429112102	1154991.4243277386	1079.915134807223	1080.9696883495862	1.429193	28.411692	0.1261210232666165	0.0767574919988625	0.0024466429	0.0995907892	0.0070242263	0.1463189751	-0.0041302058	-0.1193069648	0.0483627348	-0.0215081933	-0.1313079826	0.1383116418	0.1137869888	0.0599949058	-0.0777912075	-0.0725787006	-0.0787642565	-0.0913940832	-0.0138424852	0.1752974229	-0.0196368379	-0.0761428285	-0.1570734319	-0.0188966462	-0.0377296394	0.0774291674	-0.0658650584	0.0991022428	0.0506105726	0.117538385	-0.029642875	0.0151461636	0.0418797202	0.0598564476	0.0746640462	-0.0048218955	-0.0887318037	-0.0536313656	0.040068592	0.0406285447	0.0453054505	-0.095674633	-0.0487379945	0.0604573987	-0.1720440111	0.000735843	-0.0230908346	0.0626603878	-0.0216608951	-0.035242987	-0.0484191759	-0.0247923328	0.0508523016	-0.069490423	0.0448672737	-0.0714767917	-0.0613851561	-0.0090087723	-0.0321608115	0.0384455083	-0.1638511392	0.149814302	0.0218687307	0.0649452027	0.0462179944	0.0640575892	-0.0364718775	0.1666085122	0.0176808777	-0.0898773433	0.1144380616	0.0792013758	0.1491862692	0.0356304871	0.0523655833	-0.1021994961	-0.0404876745	-0.1059883504	-0.0475891372	-0.0943946402	-0.1441368648	-0.1031374329	-0.0465989013	-0.1543778804	0.0551756752	-0.050768105	-0.0243385366	0.1300780445	0.0642951627	-0.0130549338	-0.0575196667	-0.0124508481	0.0415895239	0.0078796936	0.0874246983	0.0535487159	0.086257104	0.0195053061	-0.00733946	0.1141155957	0.0051546822	-0.0563494705	0.0028649065	0.0644576823	-0.1768429268	0.0560422848	-0.0476806063	-0.0076930074	0.0386050906	0.0481304087	0.010315692	0.0234017042	0.0431582959	-0.0344735276	0.1060277119	0.0130208845	0.0564903024	0.0473794924	0.1053959114	-0.0310918695	-0.0519735735	0.1455107605	-0.0610504248	-0.0218787357	0.0763831419	0.0485901414	-0.0490192821	0.0478383905	0.1717275443	0.0721051447	0.1266840822	-0.04245475	0.0856135381	0.1750201531	-0.0405911205	-0.0091555943	0.0812274946	-0.0570676828	-0.0232743073	-0.0581011435	0.0308518781	-0.0566138613	-0.0285814259	-0.0765896376	0.0226905675	0.0930554594	-0.1750055483	-0.0327343251	-0.0263957053	-0.1671745216	0.0280176665	0.1311421285	0.0990904257	0.0053798107	-0.0094992533	-0.1004777384	0.1374019232	0.0340494867	-0.0725990623	-0.0431303077	0.0032316354	-0.1109231287	-0.0096839714	0.1103598175	0.0161035399	0.0114853020427005	-0.0068351045157868	0.000131912163012	4.6718653741730464e-05	-0.0207563944216246	0.0691898072100088	0.0047872294217581	0.000430827909386	-0.0408002505723033	0.0151799143977058	0.0002304298011216	0.0016646604467627	-0.0009690864252527	0.000424308181821	9.391284996090568e-07	1.8003743316032758e-07	-0.0014127851119178	8.151570380999021e-07	6.644809967638052e-13	1.995961772456591e-06	0.0005858160176569	-0.0002732006040031	3.4318040654338934e-07	7.46385700276587e-08	0.0	0.0	0.0	0.0	0.0	0.0	0.0	0.0	0.0	0.0	0.0	0.0	0.0	0.0	0.0	0.0	0.0	0.0	0.0	0.0	0.0	0.0	0.0	0.0	0.0	0.0	0.0	0.0	0.0	0.0	0.0	0.0	0.0	0.0	0.0
1098.9036432582573	-5.720886189399607	32.72853879206316	1207589.217166271	1137.658424883136	-15.951704701360768	1294266.6917075778	254.4568828794152	1072.4638810190013	-2.241392220010312	5.023839083922753	1150178.7760903386	1077.6796296939597	1062.6465113334827	1.393183	27.695837	0.1033051751930062	0.0686150280491268	-0.02009808	-0.0393953941	-0.0750464124	-0.1314644831	-0.0094711252	-0.1248728716	-0.0771025109	0.0389524066	0.027332446	-0.004032174	0.0427052399	0.1335935003	0.077126332	0.0127709982	0.0570213042	-0.0493273417	0.0368630035	0.1933589285	0.0236831898	0.1251925088	-0.0271184604	-0.026012476	-0.0692824676	0.0618385901	-0.0050306129	0.1011433222	0.011505606	0.1367354834	0.0405594025	0.0200995411	0.1134756875	0.0273656036	-0.0936271331	0.0365102978	0.0723149232	-0.0946009236	0.0704287765	-0.0513047201	0.0656633571	-0.0150857778	0.049153454	-0.0576345987	-0.0093961381	0.0813088242	-0.1636677569	0.031273113	0.0487437277	-0.022461119	-0.0341633444	-0.0857178377	-0.0292298476	-0.0809384775	0.0578727924	-0.0156248975	0.0887180356	0.0504267323	0.0818842743	0.0044487178	-0.0057694578	0.0617400576	-0.0163899389	-0.009137158	0.0329577226	-0.0130079207	0.1022227931	0.0853979045	0.0969297375	-0.0348158582	-0.1733500218	0.0247741709	-0.095850038	0.0997855081	-0.1447760881	0.0552087073	0.0675566984	-0.02789754	-0.0041004029	-0.1233735915	-0.1269511103	0.0778549254	0.1174130978	-0.0770368846	-0.0235362932	-0.0836911119	0.0619014573	0.1500332739	0.0565302348	0.0561822915	-0.0875773197	-0.0759816611	0.0670459337	0.0134419635	-0.0186747898	-0.0056210517	-0.0644250496	0.0319835929	0.1290472837	0.0279477129	0.0750371809	0.0404723643	-0.0917845517	-0.0382664809	-0.0131432248	-0.0263079558	-0.1573524754	0.0493308465	0.0929609744	0.008754145	-0.063531205	-0.0287856661	0.0385103952	-0.0116764407	0.0677514877	0.0884501869	0.0139586553	-0.0170369668	-0.1019755587	0.0790701011	-0.0469952677	0.0476695072	0.0206849599	-0.0375093702	0.0848008997	-0.0389260178	-0.0468493234	0.1404398549	0.0514612782	0.043364943	-0.0596153538	0.1736352568	-0.0360907835	-0.1550249308	0.031228996	0.0618026892	0.1156013872	0.0417282314	-0.0875733966	0.0664954044	-0.0725905946	-0.0428355057	0.0723964227	0.0705056369	0.0953700599	0.0235545689	0.0186136661	-0.0003383976	-0.0745916096	0.0480321312	0.1025097019	0.0943707454	-0.0080820544	0.0797817507	0.1019678522	-0.0818172452	0.0652526013	0.1393643061	0.0700051824	-0.0808100448	0.0010773469	-0.1110902189	-0.0032316354	0.1110275503	0.0053847087	0.0121181837151169	0.0006328816724164	0.0001468503765533	4.0053921128058004e-07	-0.0807205925213878	-0.0599641980997632	0.0035957050537476	0.0065158140570039	-0.0405078503607967	0.0002924002115065	8.549788368910159e-08	0.0016408859408526	-0.0014323161753105	-0.0004632297500577	2.051529626056099e-06	2.145818013386118e-07	-0.0014136964925997	-9.113806818999894e-07	8.306147473404898e-13	1.9985377731886937e-06	0.0009699887911036	0.0003841727734467	9.408782548666234e-07	1.4758871985772954e-07	0.0	0.0	0.0	0.0	0.0	0.0	0.0	0.0	0.0	0.0	0.0	0.0	0.0	0.0	0.0	0.0	0.0	0.0	0.0	0.0	0.0	0.0	0.0	0.0	0.0	0.0	0.0	0.0	0.0	0.0	0.0	0.0	0.0	0.0	0.0
1100.0825589546116	1.178915696354352	1.3898422191106663	1210181.6365161266	1143.3917854594908	5.733360576354926	1307344.7750562422	32.87142349850089	1071.5566102510647	-0.907270767936552	0.8231402463521811	1148233.5689727522	1076.8057296195411	1066.6967259937578	1.304226	25.927404	0.0900975172833755	0.0486076207738339	-0.1282403357	-0.0108075422	0.0223184037	-0.0501954368	-0.0141552822	-0.001632567	-0.0928503778	-0.060372422	0.1400764758	0.0556021801	-0.0643219217	-0.0264701551	0.0371702292	-0.1216851574	0.1352596685	0.0847998852	0.045960867	0.0687420937	-0.0408019022	0.0482619864	-0.1053223033	-0.0170024939	-0.0333098309	0.1221409227	0.0673186726	0.0610254369	0.0503077902	-0.035685229	0.0334624646	0.1257078144	0.1211147078	0.0232499841	-0.042886941	-0.0130618542	0.1496167674	-0.099108927	-0.0568459285	-0.0235964911	0.1203268867	0.1252620962	-0.010770943	-0.0242151144	0.0828053028	-0.0515137611	0.0811809998	-0.0309466544	0.1238361327	0.0459583724	0.1132957446	-0.1233802193	0.019409738	0.0245204273	-0.0188930841	-0.0398103853	-0.0684480233	-0.024558928	-0.1841265196	-0.0527749634	-0.052136186	0.0324665431	0.0333343866	-0.039708541	0.0652490724	0.0063105794	0.0231817278	0.0156883793	0.1106785415	-0.0758464013	-0.1009495508	0.0061851789	-0.061842785	-0.0550814169	0.0210037365	0.0062703597	0.0957205888	0.1106423985	0.0817460122	0.0132972785	-0.0883941172	0.0274345274	0.0502496585	-0.1221374347	-0.0371395182	-0.09298073	0.0930136728	0.0403527437	0.0498204213	0.0391301891	0.0864793902	0.0239557963	0.170626691	0.0064312237	0.0168679675	-0.1157756229	-0.0454604762	0.0970818402	0.1079268193	0.0394142238	0.1143743318	0.0476964683	0.0945259375	-0.0952340787	0.1054118623	0.0255977109	0.1273616943	-0.0050205089	0.046166694	-0.0973839292	-0.1159787308	-0.0689640606	-0.0221588025	-0.0298368686	-0.062228322	-0.0446601271	0.0284957176	0.01269378	0.1801992637	-0.0213485573	0.0051159524	0.0583667186	-0.0078132037	-0.0513412691	0.0038451287	-0.0381661328	-0.0647271084	0.1262669986	-0.0092826233	-0.0155581452	-0.0425479103	0.0540700119	-0.0314068068	-0.017457033	-0.1500751656	-0.041734659	0.048005415	0.0098015101	0.0449222955	0.064439579	0.0728476795	-0.0272184054	-0.0952254414	0.1488446177	-0.0798711339	-0.0182894406	-0.0533653645	-0.0778326857	0.0233270097	0.1571277851	0.0394099316	0.0358574833	0.0579712625	-0.1164347434	-0.0595888637	-0.0769745844	0.1531258414	0.0987270021	-0.0376667297	-0.0381251036	-0.0010773469	-0.1110902189	0.0032316354	0.1110275503	-0.0053847087	0.0140495360972892	0.0019313523821722	0.000197389464549	3.730122024122617e-06	-0.0551408952990755	0.0255796972223123	0.0006543209099851	0.0030405183343836	-0.0758173778854427	-0.0353095275246459	0.0012467627340137	0.005748274789424	-0.0011521868605711	0.0002801293147393	1.3275345616726874e-06	7.847243297636582e-08	-0.0016790605218501	-0.0002653640292504	7.041806802000714e-08	2.81924423603553e-06	0.0009700342501987	4.545909509999328e-08	9.409664465585542e-07	2.0665293273102334e-15	0.0	0.0	0.0	0.0	0.0	0.0	0.0	0.0	0.0	0.0	0.0	0.0	0.0	0.0	0.0	0.0	0.0	0.0	0.0	0.0	0.0	0.0	0.0	0.0	0.0	0.0	0.0	0.0	0.0	0.0	0.0	0.0	0.0	0.0	0.0
1101.8655105825355	1.7829516279239217	3.1789165075165617	1214107.6034113115	1135.405108910816	-7.98667654867495	1289144.7613407818	63.78700229315441	1071.7594875480968	0.202877297032046	0.041159197651029	1148668.399149359	1076.5517882122135	1047.884487162141	1.412005	28.069996	0.0546717937437778	0.0286960984653501	0.0714979965	0.0851449031	-0.1048890501	-0.0088275783	0.0189923683	0.0633615346	-0.0120149196	0.1122059023	0.1511256469	0.1222532268	-0.1202259666	0.0009692915	-0.0476009548	0.0404638297	0.1468171915	0.1944934438	0.0081005312	0.0640924929	0.0765136246	-0.072700525	0.0270972455	0.0533813491	0.1486617796	-0.0385678986	0.0004040807	-0.0273385881	0.0217420146	-0.1487323936	0.1542357871	0.0271653924	0.0519004084	-0.0432613941	0.0410635568	-0.0373348517	-0.0292806339	-0.0080760179	0.1061947769	0.0322983608	0.1489213999	0.0611091709	0.004835947	0.0180754039	0.0035782437	0.0530088365	0.0204460637	-0.0574728683	-0.1016179105	0.0236356322	-0.0804603347	0.009444914	-0.0695571238	-0.1303293063	0.0554113014	0.0408676267	-0.0154574921	-0.0136866252	0.0459119286	0.0653343042	0.038048001	-0.0064338619	-0.0977312724	-0.0372657383	0.1904050752	0.0414820545	-0.0595721068	0.0613678165	0.0713000084	0.1364644662	0.1296360262	-0.1047729903	-0.0162533823	0.0803160608	0.0413125604	0.178758967	0.0517065632	0.2439724645	0.0126495538	-0.0953799365	-0.0228640929	0.0038213218	-0.0585458772	0.0406806393	-0.1200873745	0.1090138064	-0.0743684844	-0.0706268744	-0.0053864504	0.0633229865	0.159425133	0.0036788318	0.01818795	-0.0353364067	-0.0787268347	0.032855313	0.0267243175	-0.0769654437	0.064732153	0.1840370859	0.071344511	0.0275993373	0.0363514549	-0.0244607899	-0.0021188721	-0.0437536483	0.0051435119	0.0528960213	-0.0601927649	0.0134058798	0.0046449177	0.0487153357	0.0274754706	0.0550745334	0.1640506469	-0.0352392267	-0.0043464006	-0.0325850662	-0.0160023926	0.0762714456	-0.1002090884	-0.0514907536	-0.1133831253	0.0350095128	-0.1670982705	-0.0373010574	-0.0086664825	0.1009733154	0.0761357676	-0.1285272196	0.034475179	-0.1088083071	0.0088559003	-0.0144545616	0.0592749897	-0.0395365692	0.1027405564	-0.040175321	-0.0959260649	-0.0821825294	-0.0845020324	-0.0325428849	-0.0354541766	0.1499278512	0.0429449487	0.03552613	0.0406231638	-0.0792181149	-0.0182509097	0.0528566708	0.024838117	0.0741817774	-0.1010600825	-0.0984054346	0.0049466746	-0.0273031448	0.0117290893	0.1237887785	0.0526990275	-0.0371649684	-0.0032316354	-0.1109231287	0.0096839714	0.1103598175	-0.0161035399	0.018784122036962	0.0047345859396727	0.0003528432406994	2.241630402014736e-05	-0.0576163485410035	-0.0024754532419279	6.127868752971816e-06	0.0033196436191983	-0.0582080720122206	0.017609305873222	0.0003100876533366	0.0033881796473798	-0.0014838154535951	-0.0003316285930239	2.201708300327632e-06	1.099775237110778e-07	-0.0014137216543466	0.0002653388675034	7.040471460803991e-08	1.998608915968488e-06	0.0009699527369471	-8.151325160004904e-08	9.4080831191117e-07	6.644410186412895e-15	0.0	0.0	0.0	0.0	0.0	0.0	0.0	0.0	0.0	0.0	0.0	0.0	0.0	0.0	0.0	0.0	0.0	0.0	0.0	0.0	0.0	0.0	0.0	0.0	0.0	0.0	0.0	0.0	0.0	0.0	0.0	0.0	0.0	0.0	0.0
1106.925883592644	5.060373010108378	25.60737500143333	1225284.9117673554	1140.1177983421414	4.712689431325543	1299868.594096532	22.209441676127472	1073.7469709220888	1.9874833739920632	3.950090161894876	1152932.557564361	1078.4786791138074	1074.3529380387015	1.470865	29.240122	0.0751446065149112	0.0503868080043507	-0.0222320261	0.0154269176	0.140738212	-0.1115818678	0.0253330003	0.1906683184	0.0527637227	0.0169646308	0.0787206019	0.1027086901	-0.1220508933	-0.1957868733	0.0439703883	-0.1212840337	0.019741546	0.2148946889	-0.0396076366	-0.1000492097	-0.0094212489	-0.0823496473	0.004702011	-0.0625818445	0.1622665495	0.1353948288	0.0113913389	-0.1173006252	-0.0490683103	0.1271556576	-0.00048116	-0.032594486	-0.0568466806	0.0230272289	-0.0089994436	-0.0143912832	-0.005076877	0.0396313105	0.0038196335	-0.0887236941	-0.0289500372	0.0664758156	0.0147724112	0.0405455012	-0.0170529304	-0.0657997772	-0.0384829017	0.0343341799	0.1502396047	0.0900846773	-0.1523570822	0.138881786	-0.0117593179	0.0587545875	0.0784544513	0.1642845529	0.0123060179	0.0960460353	0.0808701301	-0.0942738718	-0.0394232101	0.0549265108	-0.029892354	0.1396341225	0.0029329357	-0.0625105747	-0.0098335412	-0.0122884851	0.0464440477	-0.0328253982	-0.0937097014	-0.1284996976	-0.0607109943	0.1428717988	-0.0361609494	-0.0725028842	-0.0709213305	0.2098736658	0.0482235702	0.103790722	0.0437506164	-0.0570685939	-0.106758902	-0.0514315871	-0.098553895	-0.1324486716	-0.1394493546	-0.0897358196	-0.0281533944	0.0327645893	-0.1267148497	-0.0134920107	-0.0959017407	0.0542260349	-0.0058325492	0.0059468964	0.0090707486	-0.0431110047	0.0128230935	-0.0828509137	0.0260074665	0.0520165614	0.0398486591	-0.0042855937	-0.0215557896	0.0604900926	0.0532745106	0.0177991363	0.1331978121	0.0001437211	0.02072736	0.2170215758	0.0085897434	0.0042853219	-0.0250320688	-0.0495830009	-0.1500821096	-0.0812877756	-0.0757910969	0.0716825507	-0.007941068	0.0012304751	-0.0081103219	0.1192750771	0.1702414815	-0.1464970351	0.0240134419	0.060815543	-0.0157341898	-0.0074935044	-0.1312735547	-0.0584188037	-0.0531088365	0.0138040647	-0.0958605614	0.1021317838	0.0176406522	-0.0955840947	0.0271698949	0.1512587658	0.096730141	0.0324554085	-0.124625944	0.099298064	-0.1305572441	0.1370992746	0.0340618479	-0.0391908005	-0.0300581221	-0.0832862119	0.0771261492	0.0346085259	-0.114897828	-0.0664826461	0.0370792924	0.0291822584	-0.0556697142	0.0839335636	0.0237847818	-0.0259633512	-0.0053847087	-0.1105891995	0.0161035399	0.1090283678	-0.0266710879	0.0109901907895419	-0.0077939312474201	0.0001207842935905	6.074536428951144e-05	-0.0136933690545646	0.0439229794864389	0.0019292281269661	0.0001875083560645	-0.0816357677932728	-0.0234276957810522	0.0005488569296095	0.0066643985831971	-0.0014838154535951	0.0	2.201708300327632e-06	0.0	-0.0014137216543466	0.0	0.0	1.998608915968488e-06	0.0009699527369471	0.0	9.4080831191117e-07	0.0	0.0	0.0	0.0	0.0	0.0	0.0	0.0	0.0	0.0	0.0	0.0	0.0	0.0	0.0	0.0	0.0	0.0	0.0	0.0	0.0	0.0	0.0	0.0	0.0	0.0	0.0	0.0	0.0	0.0	0.0	0.0	0.0	0.0	0.0	0.0
1109.06641336203	2.1405297693861485	4.581867693628318	1230028.3092477173	1150.2813932435313	10.163594901389844	1323147.2836422794	103.2986613195576	1075.8760464930667	2.129075570977875	4.532962786934765	1157509.2674175515	1080.7761224594228	1059.1760291368037	1.544432	30.702599	0.0459878409311314	0.0328923072753472	0.1660319629	-0.0651030378	0.0487850718	0.0958040969	0.0192771899	0.0329311144	0.1150098681	-0.0236261293	0.0656023285	-0.0080786469	-0.0652398461	0.0880336218	-0.0199217801	-0.1496991561	-0.1758857418	0.0827054648	0.0434147305	-0.0088251521	-0.0043137551	-0.142322702	-0.082463678	-0.1282072728	0.0488022318	-0.0535541648	-0.114660565	-0.0477692758	0.1242758934	0.0844078063	0.1041713123	-0.0004735585	-0.0662829087	0.1048482752	-0.1508940208	-0.1182086638	0.0448865486	-0.07253848	-0.041623303	0.0431950149	-0.0065464319	0.2082714189	-0.0500623491	0.0808353678	0.0659254733	0.0734078492	0.0082408474	-0.0072487881	0.0350434961	0.0087381742	0.0360851564	-0.090036134	-0.1039084849	0.0396988537	0.1325250871	-0.0115929536	-0.0234359085	0.0155008471	0.040641031	0.1082816823	0.0309075727	-0.1130909045	0.0738768774	-0.018947824	0.0102265107	-0.0249902037	0.0370075096	-0.1030874018	-0.1805955108	0.0793772844	-0.0639387808	-0.0656172527	-0.0512413607	-0.0023437064	-0.0560492649	0.0120884233	-0.1907014186	-0.0038449772	0.0651752467	-0.0151386977	0.0156440179	0.0432702344	-0.1933012917	-0.0887004232	0.012331721	0.0733199737	-0.0650697735	0.0488968528	0.1512045396	0.0263841927	-0.0124962901	-0.0601446363	-0.046062607	0.1908629246	-0.1061360082	-0.0544967164	0.0293846226	0.084943123	0.0049176936	-0.0168096856	-0.0199607286	0.0675040254	0.1583714772	-0.096230528	0.1223170223	-0.0329802508	0.0122846739	0.0901355018	0.1137224879	0.0945683829	-0.1008056851	0.0490903969	-0.128325999	0.0832048533	0.0146350113	-0.0247477951	0.0524478716	0.0396154659	-0.0359512543	-0.0293078233	-0.0334844941	-0.0405983367	0.0545977124	0.01971944	-0.0787948197	0.0051854475	-0.0751490664	-0.1289501661	-0.0858901175	0.0028484418	-0.0762932039	0.0218291493	-0.0257562591	-0.1454988548	0.1328506705	-0.0158477659	0.0165363001	-0.1658714184	0.0985568561	-0.0837852036	-0.1287525834	0.079707743	-0.1214859581	0.0195525043	-0.0282475829	0.1715044979	-0.0469989956	0.042944791	-0.0150548545	-0.0706072264	0.0514639495	-0.0563883265	0.0794720524	-0.0733960722	0.0208472853	0.0444488758	0.0595228356	0.0713290384	0.0160246804	0.0749943754	-0.007535757	-0.1100889337	0.0224686191	0.1070412087	-0.0369880768	0.0124284465801025	0.0014382557905606	0.0001544662843944	2.0685797190810985e-06	0.0172426928662616	0.0309360619208262	0.0009570399271691	0.0002973104572802	-0.0723786162718482	0.0092571515214246	8.569485429061385e-05	0.0052386640934274	-0.0014838776566871	-6.22030920001404e-08	2.2018929000151997e-06	3.869224654377931e-15	-0.0014136571015341	6.455281250012691e-08	4.167065601676542e-15	1.9984264007177925e-06	0.0008829520588852	-8.700067806189998e-05	7.796043382896137e-07	7.569117983230363e-09	0.0	0.0	0.0	0.0	0.0	0.0	0.0	0.0	0.0	0.0	0.0	0.0	1.0	0.0	0.0	0.0	0.0	0.0	0.0	0.0	0.0	0.0	0.0	0.0	0.0	0.0	0.0	0.0	0.0	0.0	0.0	0.0	0.0	0.0	0.0
1106.5236354113044	-2.542777950725622	6.465719706696393	1224394.5557238497	1145.455871538058	-4.825521705473193	1312069.1536410125	23.28565972999291	1074.9211884445954	-0.9548580484713513	0.9117538927305172	1155455.5613671413	1080.032146596667	1087.360092571727	1.527722	30.370415	0.0796089664243082	0.0416372675207691	-0.005415822	0.1382381957	0.0914022229	0.0604788763	0.082498008	0.002568895	0.0653335418	0.0286652861	-0.027755986	0.1536043055	0.1079985975	-0.0982941788	0.1015164257	0.0018291665	-0.0902551564	0.0098822281	0.0511849299	0.0268333589	0.0046869315	-0.0093637764	0.0172284768	0.0455627405	-0.0454973788	-0.0259700315	0.0942222775	-0.0985631847	-0.1243034709	0.1229886752	-0.0586775949	0.0703323211	-0.0561725105	0.0412161491	-0.1089665136	0.0775608144	0.0634757754	-0.0378043801	0.1641726827	-0.0471281937	-0.0442292164	0.0561733565	-0.1044320111	-0.0234083485	-0.1115472527	-0.0955566509	0.0192103945	0.1334474142	-0.0129634549	-0.1000799673	0.0122946897	-0.0272424035	0.0761271932	-0.0267186762	0.0679779523	-0.0402291882	-0.000666448	0.0961058392	-0.0241773911	-0.1200821199	0.0443525279	0.0287297388	-0.0522424735	-0.0301621168	-0.0393816098	-0.0123173889	0.0603557701	-0.0341762232	-0.0629057912	0.0453067504	0.0535620015	0.0528250956	-0.0565263094	0.0355606538	-0.0787605013	0.0609633734	-0.0789238355	-0.036094282	0.0445348888	-0.0479769124	-0.00567271	-0.0967249515	0.0326795566	0.0332023077	-0.0023086695	-0.0140787754	0.0719176914	-0.085637286	-0.0619116893	0.0300889012	-0.2073505531	0.0325516825	0.0118715635	0.1170782615	-0.0563643127	0.0184769075	-0.0976943663	4.83153e-05	0.1288330002	0.0127082372	-0.048163432	-0.0393917017	0.0508896559	-0.0761776703	-0.1210438601	0.1013970412	0.0074570936	-0.1497353153	0.0193611915	0.0839737918	0.037407349	-0.0492463393	-0.0126878657	-0.0454576521	-0.0117914298	0.0635537636	0.0471622764	-0.0392096473	0.044452949	0.1419925328	0.0406969659	-0.050417187	0.0255431394	-0.0670556216	0.0673273423	0.0355316571	0.0267213498	-0.006568431	-0.0922602861	-0.0144282751	0.0511250318	0.0105466618	0.0837496327	-0.0806142156	0.0737863629	0.0456496651	-0.0061110932	-0.05146496	-0.214802637	0.0722663382	0.0203164557	-0.0273409507	-0.1529737013	-0.0398911587	-0.0389945532	0.103947109	-0.1053899095	-0.0336443275	-0.0186041877	-0.1094733272	0.1070360071	-0.0575068472	0.0886324283	-0.0539433413	-0.0406571169	-0.0841638417	-0.0689093045	-0.0210564303	-0.0699971494	-0.0624342872	-0.0096839714	-0.1094230837	0.0287576717	0.1044102912	-0.0469575846	0.0104353556496192	-0.0019930909304832	0.000108896647534	3.972411457174783e-06	-0.0155803286618976	-0.0328230215281592	0.001077350742238	0.0002427466412127	-0.0649222622481175	0.0074563540237307	5.559721532720515e-05	0.0042149001354133	-0.0010027337658894	0.0004811438907977	1.0054750052547382e-06	2.3149944365194905e-07	-0.0015919925504415	-0.0001783354489074	3.1803532337003924e-08	2.5344402806612323e-06	0.0009702027180188	8.72506591336e-05	9.412933140510672e-07	7.612677519247657e-09	0.0	0.0	0.0	0.0	0.0	0.0	0.0	0.0	0.0	0.0	0.0	0.0	0.0	1.0	0.0	0.0	0.0	0.0	0.0	0.0	0.0	0.0	0.0	0.0	0.0	0.0	0.0	0.0	0.0	0.0	0.0	0.0	0.0	0.0	0.0
1106.9715879948724	0.4479525835679396	0.2006615171251919	1225386.0966278894	1147.7405654511465	2.284693913088404	1317308.4055821174	5.219826276503203	1074.3526697200437	-0.5685187245517227	0.3232135401659175	1154233.6589345853	1079.3201076176424	1065.684153689028	1.53908	30.596205	0.0825773943520905	0.05214541035957	0.0716497863	-0.1640248766	0.0633564178	0.0492132049	0.063120247	-0.0414161522	0.0312361507	-0.060972357	0.1116002671	-0.0111035294	-0.1016564278	0.0084627824	0.1384141342	-0.1640559669	-0.0808676266	0.0740017915	0.0477581707	0.0371088871	-0.0376291567	0.0452481262	0.1113437532	-0.0917769596	0.0352887541	-0.0164814142	0.0890598665	-0.032293964	-0.0683199844	-0.1070903035	-0.1410983035	0.0324109515	-0.0398627747	-0.0451352217	-0.0633962131	0.0645721416	-0.0880359564	0.0448120064	-0.02036286	0.0235051987	-0.0903859031	0.0671383776	0.0914504163	0.0278559096	0.1222114049	-0.2986111664	-0.0912654019	0.0759408797	-0.1009680458	-0.0585135382	-0.0452565983	-0.0914929296	0.0733824444	-0.064139621	0.0242711105	-0.0856641696	0.0901859559	0.0568413798	0.0252492238	-0.1226291682	0.0095269607	0.0188948397	0.0495366576	-0.056050512	0.0430561064	0.0411555815	0.1115676835	0.0487893782	0.0628937392	-0.0672092411	0.1012465123	0.0664338611	0.0951752234	0.0843732833	-0.0604050975	0.0719122019	-0.0977469924	0.0205335194	0.0807665657	-0.0001768939	-0.0354315072	0.1122662007	-0.0030389133	0.0700623725	-0.0086021313	-0.0612509659	0.0140635123	-0.0944830819	-0.0957261543	-0.0975282816	-0.0515450255	0.0898842317	0.0652617906	-0.0309384546	-0.0537387593	0.124391826	-0.0685739983	-0.0123434558	-0.0623543654	-0.0949635019	-0.0517875405	0.1287209429	0.0378787276	0.0737687231	0.1686506534	0.2226944357	-0.0472615312	-0.1198438467	-0.13664898	0.0885523665	-0.0267112252	-0.0107894457	0.0580090621	-0.1238725336	0.0105510525	0.1338096955	0.0998124802	-0.0009367028	-0.0352347672	0.1101122623	0.0822739139	0.0399428293	-0.0144226871	-0.1020624797	0.0295830927	-0.0211307446	-0.0602265909	0.1338684339	0.0044462906	0.1097868771	0.0879670502	-0.0056081911	0.0469221119	0.0442074646	0.096068503	-0.0061298587	-0.0405026071	-0.0740360049	0.1447302198	0.1211171665	-0.0643338362	-0.0568653769	-0.0120503611	0.0791208458	0.0726068503	0.1024184052	-0.0195981942	-0.0389020985	0.0195717775	-0.0005911224	0.0053679922	0.0639652426	0.027168372	-0.0511261137	-0.0587188286	-0.0972699061	-0.1035190651	-0.0714174139	0.0871708971	-0.0593904723	-0.0118285441	-0.1085926509	0.0349494174	0.1011514379	-0.0564859537	0.0137850806974029	0.0033497250477836	0.0001900284498339	1.1220657895749502e-05	-0.064456932802301	-0.0488766041404034	0.0023889224322976	0.0041546961862803	-0.0779610245079709	-0.0130387622598534	0.0001700093212689	0.0060779213423324	-0.0009533824601489	4.935130574050008e-05	9.089381153195688e-07	2.435551378292316e-09	-0.0013449402885672	0.0002470522618743	6.103482009720771e-08	1.8088643798112236e-06	0.0009203602275526	-4.984249046620002e-05	8.470629484606737e-07	2.4842738558732397e-09	0.0	0.0	0.0	0.0	0.0	0.0	0.0	0.0	0.0	0.0	0.0	0.0	0.0	0.0	1.0	0.0	0.0	0.0	0.0	0.0	0.0	0.0	0.0	0.0	0.0	0.0	0.0	0.0	0.0	0.0	0.0	0.0	0.0	0.0	0.0
1109.9355060919056	2.963918097033229	8.784810485921078	1231956.827683495	1152.522016343878	4.781450892731527	1328306.9981573585	22.86227263960312	1074.5808674555635	0.2281977355198705	0.0520742064963967	1154724.0407015514	1079.5638428096076	1078.1178736838135	1.534517	30.505489	0.0730242535864231	0.0410062130717308	0.1182935638	0.0420952012	0.061570723	-0.0572262894	-0.1553739944	0.1113758689	0.1460688883	0.005119014	0.0630121821	0.049579713	-0.0644012004	0.0550367559	0.0019683015	-0.1050595175	-0.0592658437	0.1274784543	-0.0093182563	0.073193089	0.0040712979	0.0092000255	0.0999866962	-0.0125943737	-0.0576304339	0.0159162682	-0.060620956	0.0130377005	0.0177743058	-0.0392181105	-0.0588868188	-0.0532353415	-0.0835189247	0.0295678567	-0.0208021403	0.0901182516	0.0669079364	0.095959555	-0.0773345294	0.0329117117	0.095504534	0.0450565341	0.0874799622	0.0939539537	-0.0146268133	-0.0406759076	0.0176824688	0.0616043837	-0.0576035668	-0.1393998468	0.195266463	0.0426897041	0.006439267	-0.0170662152	0.046327014	0.0934467846	-0.0870698688	-0.0455962848	0.0625374657	-0.0904199147	0.0292784053	0.0594296405	-0.0664455408	-0.1588811567	0.0735489538	-0.1209441848	-0.0495338511	0.0018228162	0.0845037263	0.0448230946	-2.72795e-05	0.1213612214	0.083580669	-0.0676473093	-0.0231059237	-0.1415537725	-0.1128292337	0.0906003882	0.0049878289	-0.0634672859	-0.0516552917	0.0323164071	0.0081729045	0.1053524081	0.0495699667	-0.0322839856	-0.0092828678	0.0373057456	-0.0042187734	-0.0691641324	0.0283667433	0.0109596872	-0.0498977935	0.0374064335	0.0432860975	-0.0431424081	-0.1403107493	-0.0453276226	-0.0949915538	0.0197585592	0.1009330872	0.0466796088	0.0819466735	0.0685911336	0.0095823176	0.0494582061	-0.0059126209	-0.0869373668	0.0173463358	0.024207665	0.1018099438	-0.1608666451	-0.1880537678	-0.0107351123	0.0007141918	-0.0248954783	-0.0444252308	0.0901495959	-0.0246233153	0.1109698648	0.0463771858	0.0397049932	-0.0971587686	-0.1210818841	-0.0524956928	-0.0901310225	0.050954754	-0.0580006157	0.0132711588	-0.0561020674	0.1304849771	0.1004489149	-0.1238522952	0.0881740329	-0.1026951909	0.0649858166	0.0070709618	-0.1555070399	0.0046222062	-0.1007563931	0.0279820826	0.0121998433	-0.1097629179	0.1135819765	-0.0844339766	0.0843586247	0.060207899	0.0173478609	0.0470157272	0.0227501377	0.1272162585	-0.0332007746	0.0806650063	0.122289079	-0.013920653	0.0389522711	-0.1430660154	-0.087046172	-0.0195632459	-0.101519379	-0.0139686685	-0.1075988845	0.0410229053	0.0972842479	-0.0654836707	0.0091839860966587	-0.0046010946007441	8.43456006236203e-05	2.117007152499742e-05	-0.0326566227896876	0.0318003100126133	0.0010112597168983	0.0010664550120279	-0.0771535302926054	0.0008074942153655	6.520469078487591e-07	0.0059526672366119	-0.0014832673770362	-0.0005298849168872	2.2000821117798483e-06	2.807780251446607e-07	-0.0014137708786636	-6.883059009639989e-05	4.737650133018622e-09	1.9987480973572475e-06	0.0010379518157229	0.0001175915881703	1.0773439717624652e-06	1.3827781608413469e-08	0.0	0.0	0.0	0.0	0.0	0.0	0.0	0.0	0.0	0.0	0.0	0.0	0.0	0.0	0.0	1.0	0.0	0.0	0.0	0.0	0.0	0.0	0.0	0.0	0.0	0.0	0.0	0.0	0.0	0.0	0.0	0.0	0.0	0.0	0.0
1109.7180894470878	-0.2174166448178311	0.0472699974438429	1231474.2380460948	1159.898535780673	7.376519436794979	1345364.6133061491	54.41303900141411	1074.1176320877044	-0.4632353678591698	0.2145870060356204	1153728.687561697	1079.3241553737655	1088.3642626599149	1.340992	26.658295	0.1040853286747345	0.0557821083020921	0.0722192426	0.0638757558	0.1163804628	0.0996651452	-0.0278503242	0.0269732542	0.1350058687	-0.0582933691	-0.1307371593	0.1118118872	-0.0398952556	0.0365094077	0.0533503495	-0.0632597895	-0.0295614516	0.0895598817	-0.0029524934	0.0870473642	-0.069609002	-0.1225364403	0.1039385096	0.0079908588	0.0627953519	-0.0855725431	0.0299964649	-0.0952458425	0.0523983879	0.0168403385	-0.0429866945	-0.1321334489	0.0456099105	-0.013472235	-0.0435007485	0.0396898095	-0.1553085118	0.0915491346	0.0800245001	-0.0002510791	-0.0570177826	-0.0559324335	0.0782534692	-0.1036932152	-0.0622133802	0.0156067071	0.005258649	0.0223939025	-0.0364452502	-0.0158403863	0.1008866198	0.1822829995	0.0449309139	-0.064078194	-0.1174790873	0.1036278799	0.0262595708	-0.0785982104	0.0269196933	-0.0552348107	0.1250421632	0.0381283058	0.0356197461	-0.0591249071	-0.1429555832	0.0047159188	-0.0594230891	-0.0905393059	-0.1188014292	0.0070715586	-0.0685173033	0.0238823586	0.1173131195	-0.0448401739	0.0881063371	-0.071221852	-0.0599795803	0.056046857	0.0424031356	-0.0128969961	-0.1296423336	-0.0555612395	-0.1012746169	0.1000009672	-0.0318117412	0.0410994135	-0.0342943119	-0.1050257608	0.0474323837	-0.0939000936	-0.0787590608	-0.0976993768	-0.0237348163	-0.0620761442	-0.0683325442	0.1536778986	0.0127715289	-0.1016084839	-0.0652286608	-0.0281208432	-0.0520694721	0.0128147955	-0.0888627178	0.0138546473	-0.0791347732	-0.042044281	-0.0029850821	-0.0620612984	-0.0549656445	-0.132876873	0.1618306414	-0.0807865331	-0.0581108926	-0.0293674366	0.0241647486	0.0384010632	-0.1399567949	-0.004298373	-0.0949288603	0.026364036	0.0997791979	0.0181077381	0.0472392796	-0.013640755	-0.0255630791	0.0969403599	0.094215751	-0.190008501	-0.0602918053	0.0185121089	-0.0389549757	-0.013108716	-0.0692175824	0.0892392241	0.0107703865	-0.0299084894	0.036648877	-0.1497548978	-0.0864235538	0.0048638799	-0.0006270282	0.0545703704	0.1185936525	-0.0028771086	0.1359080389	0.1248187262	-0.0490263555	-0.0834144992	0.1326418848	-0.0976737779	-0.118726148	0.0118126647	0.0831509004	0.0477352404	0.0996166139	0.1816016278	-0.0856740089	-0.0745063692	0.0237999943	-0.0041710742	-0.0161035399	-0.1064432791	0.0469575846	0.092831979	-0.0738662073	0.0114483331982029	0.0022643471015442	0.000131064333017	5.127267796271619e-06	-0.078836628292322	-0.0461800055026344	0.0021325929082233	0.0062152139605017	-0.0540967879479694	0.023056742344636	0.0005316133675469	0.0029264624662875	-0.0017289884779096	-0.0002457211008734	2.989401156744156e-06	6.037885941443566e-08	-0.0011637637433883	0.0002500071352752	6.25035676885621e-08	1.3543460504251492e-06	0.0008819953773532	-0.0001559564383697	7.779158456724137e-07	2.432241066896206e-08	0.0	0.0	0.0	0.0	0.0	0.0	0.0	0.0	0.0	0.0	0.0	0.0	0.0	0.0	0.0	0.0	0.0	0.0	0.0	0.0	0.0	0.0	0.0	0.0	0.0	0.0	0.0	0.0	0.0	0.0	0.0	0.0	0.0	0.0	0.0
1105.5307402740468	-4.187349173040957	17.533893096966786	1222198.217690882	1154.8383450466893	-5.060190733983745	1333651.6031901762	25.60553026429496	1074.0368487546216	-0.0807833330827634	0.0065259469039606	1153555.1524827578	1079.2771613903835	1079.9130891890138	1.393205	27.696268	0.0884455306544689	0.0579614904624498	0.0474418164	-0.0129409762	0.0366051673	-0.1420498687	-0.0656110991	-0.1617472713	0.0653939626	-0.0115213943	-0.1292080084	-0.0551239053	0.0379076604	0.1141986658	0.1939147797	0.1273516872	0.0314799797	0.068505981	0.0195306607	-0.0615537185	0.0021369532	0.0011797942	0.0066620473	-0.0621861411	-0.1588888233	0.0932259596	-0.0888067399	-0.0119541483	0.0083790863	0.0431014309	0.0284473684	-0.1473712561	-0.0246343156	0.0023533966	-0.0821282044	-0.0300651126	0.0195475985	-0.0313364045	0.1380181404	0.0777325609	-0.0705024779	-0.1395364499	0.0381341804	0.0073748224	-0.0900640702	-0.0575967006	0.0633220317	-0.0248694715	0.1738775917	0.0061076938	0.0074475245	-0.0288934194	-0.038513827	-0.0469156213	-0.1040122817	0.0480952535	-0.030350144	0.0013118283	-0.0403431442	0.0403242341	0.0132245404	0.0364060236	-0.0440287048	-0.1600135001	-0.107545539	-0.0141176667	0.1567593648	0.0790911312	-0.1599757386	0.0113526728	-0.0749983445	0.0202469302	-0.0041194268	0.0592834623	-0.1403390834	-0.0647007176	0.0030690328	0.0566329663	0.0231098953	-0.0027512124	0.0541664632	-0.0075719119	0.0092140794	0.0216058636	0.146332908	-0.1153195572	-0.0237656654	0.0797861442	0.058644047	-0.034665982	-0.0281777597	-0.1652520882	-0.043483061	0.0482367669	-0.1033864955	-0.0339249152	-0.0147070287	0.0084608072	0.0455664683	0.0532224233	-0.1164448884	-0.0373354798	-0.0938077929	0.1139768916	-0.0759677484	0.0117663329	0.1038253792	-0.005377717	0.0717323117	-0.1292626788	-0.0449661017	-0.0382525693	0.0933690001	0.0285763969	-0.0367008006	-0.0086144006	-0.0714552975	-0.0064756435	-0.0348290181	-0.0076357789	0.0253994021	-0.0140580785	0.0410349438	-0.2949623272	0.0682459243	0.0787056854	-0.0717622505	-0.0898989646	0.0182586456	0.0155065402	-0.065775464	0.052447891	-0.0603847779	-0.0712294201	0.0288880172	0.1309086629	-0.0601611017	-0.0209276925	-0.1102064028	0.0853296915	-0.0128456867	-0.0916822391	0.1260527221	-0.0875863643	0.0313686706	0.1526714848	0.0653149988	0.0398019772	-0.0431950897	0.0701375751	0.0165920543	0.0892639148	0.0939383429	0.0817855702	0.0916558416	0.0142619328	0.0060867657	-0.121802119	0.1752346507	0.0980211636	-0.0182323554	-0.105127573	0.0527333744	0.0878214077	-0.0815548146	0.0116532704377618	0.0002049372395588	0.0001357987118956	4.199927215802167e-08	-0.0699034663882116	0.0089331619041104	7.980138160504947e-05	0.0048864946130878	-0.059224981581849	-0.0051281936338796	2.6298369946563304e-05	0.0035075984433703	-0.0006729078388359	0.0010560806390737	4.5280495956680165e-07	1.115306316226315e-06	-0.001499267755362	-0.0003355040119736	1.125629420504486e-07	2.24780380226821e-06	0.0007899952708622	-9.2000106491e-05	6.240925279846407e-07	8.464019594355341e-09	0.0	0.0	0.0	0.0	0.0	0.0	0.0	0.0	0.0	0.0	0.0	0.0	0.0	0.0	0.0	0.0	0.0	0.0	0.0	0.0	0.0	0.0	0.0	0.0	0.0	0.0	0.0	0.0	0.0	0.0	0.0	0.0	0.0	0.0	0.0
1104.8092341000586	-0.7215061739882458	0.5205711591031568	1220603.443752758	1161.821738251348	6.983393204658796	1349829.751473384	48.76778065087465	1073.0358092661031	-1.0010394885184724	1.0020800575733246	1151405.8479673609	1078.341132262066	1094.1102651936517	1.316933	26.180019	0.0360758009855093	0.0198733657637566	-0.0834429861	0.0304095846	0.0670302619	-0.0136690549	-0.143702722	-0.0493302559	-0.0178345357	-0.1594946286	-0.0649713549	-0.0383790556	-0.0430911117	-0.0239747199	0.1310623733	-0.0828556321	0.0808899291	0.0896348168	0.0799543089	-0.1362831368	-0.1104360996	0.0312804872	-0.018148415	0.0515013253	0.0969745268	0.0145201279	-0.0689773042	0.1468313529	0.0544756927	-0.0054011375	-0.0923178921	-0.0952538729	-0.0832173427	0.1030852106	-0.0829059721	0.0211476932	0.059028321	-0.074646002	0.0126173704	-0.0142570939	-0.08115457	-0.061775302	-0.1024184825	0.0395182426	0.0168149239	0.0385442204	0.0495913063	0.0599688551	-0.0251228385	-0.0447141495	0.0223208969	0.0497114555	-0.0402325743	-0.0880776462	0.0333967648	-0.0512203174	-0.1029634343	-0.1445907627	-0.1042474691	-0.010266328	0.0061171826	-0.1532162451	-0.1393413335	0.0048577341	-0.0242259776	-0.0498118806	-0.1413597945	-0.0308656008	0.2490689515	-0.0145616335	0.0191072001	-0.0258583126	-0.0614633673	0.008257652	0.1182958002	-0.0219570025	0.057873439	0.0709643778	0.1449411533	0.1319127414	0.0284901589	-0.0176811968	0.0504489733	0.0002819296	-0.0037586256	0.0508276016	-0.1143160364	0.1221579137	-0.0040167141	-0.2011847036	0.0298263508	-0.0365564416	0.0102787355	0.1188351888	-0.0052637262	-0.0306375478	-0.035984084	0.0661606678	0.038754994	-0.0489897549	-0.0555378171	-0.1169895121	0.0487324579	0.027996271	-0.0145836975	-0.0432288545	0.0348228917	-0.0680465869	-0.0169537757	0.0145211194	0.0370880168	-0.0443469401	0.0088358776	0.0699342752	0.0967249829	0.038463329	-0.0483961914	0.113254309	0.2055335083	-0.0894699866	-0.0293957128	-0.1885724266	-0.0915156341	0.0430314771	-0.0735289085	-0.0453555642	0.1889762338	0.1870749042	-0.0406371485	-0.0493308598	-0.0110842614	0.0190684268	0.0159899967	0.0323481639	-0.0120863066	0.0100883469	-0.0556156937	-0.0196951917	0.0356057605	-0.0167976457	0.0994131666	-0.0493142798	0.0611599928	0.0220705915	-0.1017450625	-0.0330489903	-0.1530602505	-0.044734869	0.0238330111	0.1336458035	0.0590399779	-0.0262930247	0.0675060608	0.0188229621	-0.0731177398	0.0982597049	-0.0534194434	0.0547525079	0.0254173332	0.0882342095	-0.0203543145	-0.103653745	0.0583307311	0.0822826681	-0.0884772626	0.0137811958041993	0.0021279253664375	0.0001899213577936	4.528066365128174e-06	-0.0809295751039229	-0.0110261087157113	0.0001215750734106	0.0065495961265014	-0.0699417813786595	-0.0107167997968104	0.0001148497978849	0.0048918527824202	-0.0009029196385344	-0.0002300117996985	8.152638736510915e-07	5.29054280005429e-08	-0.0014988515223977	4.1623296430002253e-07	1.7324988056998385e-13	2.246555886193903e-06	0.000776323961394	-1.367130946820002e-05	6.026788930344728e-07	1.8690470257529552e-10	0.0	0.0	0.0	0.0	0.0	0.0	0.0	0.0	0.0	0.0	0.0	0.0	0.0	0.0	0.0	0.0	0.0	0.0	0.0	0.0	0.0	0.0	0.0	0.0	0.0	0.0	0.0	0.0	0.0	0.0	0.0	0.0	0.0	0.0	0.0
1105.0174726350838	0.2082385350252025	0.0433632874694424	1221063.614828828	1142.6408343796083	-19.1809038717397	1305628.0763917277	367.9070733369191	1073.9955955025473	0.959786236444188	0.9211896196676987	1153466.5391588712	1078.9762264636483	1068.188442113378	1.326622	26.372635	0.0304087774751775	0.0179763486736154	0.0570696883	0.0011168721	-0.0575123462	-0.0927643254	0.0265630489	-0.1099341267	0.0253056162	0.0629070058	-0.0378948365	0.0117048472	-0.0741030632	0.0554348381	0.1334237039	0.0575810542	0.0313560177	0.0527298349	-0.0328620381	-0.0448252188	-0.0124382588	-0.1179567523	0.0866547097	-0.0214714624	-0.1373332602	0.1532999379	0.0757139826	-0.1238789994	-0.0074380861	-0.035547241	-0.0470694398	-0.1955133155	-0.0289157238	-0.0801181748	0.0798667625	0.0596485643	0.0861168299	-0.1025554885	-0.1164427845	-0.0133171278	-0.058439291	-0.0239049568	0.0254117766	-0.0105048718	-0.1045755881	-0.103272339	-0.0308392761	-0.0842652273	-0.0689152662	0.0206189177	0.0535396349	0.0601476652	-0.1246175722	0.1548594174	-0.0784773325	-0.0124773473	0.0840517823	0.0270627089	-0.1312374189	0.1162542057	-0.0067777028	0.081373322	-0.0251084534	-0.0384402914	0.0883667777	0.1174368009	0.0817159138	-0.0522790182	0.0853166584	0.0083144615	0.0066161146	0.0631814126	0.0764420246	-0.0324523885	0.0496922012	-0.0342330958	-2.6632e-05	0.0767287177	-0.0361930529	-0.0108990684	0.03623248	-0.0560079378	-0.0928430105	0.1165741973	0.113055162	-0.1835448013	0.0203643077	-0.1177155564	-0.0200424878	-0.0715385454	0.0622504466	-0.1247396324	-0.1112347108	-0.0795970103	0.1046408007	-0.092203566	-0.0215776427	0.111161636	0.040819751	-0.0840562131	0.0068089962	0.0419946372	-0.0159660857	0.0384294653	-0.0891382705	0.1146914432	-0.0198942477	0.0309339811	-0.1495334143	-0.0739466652	0.0515428579	-0.033526619	5.26274e-05	0.132667354	-0.1708762557	-0.0137951901	-0.0204244231	-0.0612472692	0.0080728632	-0.0326152111	-0.1432938015	0.0866797943	0.0380713111	-0.0293567779	-0.077686411	0.055548676	-0.100180833	0.0805677856	-0.0169041156	-0.0108859905	0.0561336365	0.0356714671	-0.029796862	0.0794035378	0.0378860035	0.0126993461	-0.0038842524	-0.0145211662	0.035303248	-0.0725820905	0.034802841	-0.0184742339	0.1147402476	-0.0306141618	0.1095291113	0.0825391413	0.0627622773	-0.0475497137	-0.0176975899	0.1086689441	-0.033128816	0.0050273426	0.0536881534	0.0006220937	0.0049905221	0.0438315794	-0.0407155134	-0.0419625162	0.0903818338	0.1392598346	-0.0224686191	-0.1020240119	0.0637307152	0.0762490709	-0.0945685192	0.0144954284908891	0.0007142326866897	0.0002101174471344	5.101283307361289e-07	-0.0809012606546843	2.8314449238606158e-05	8.017080356856047e-10	0.0065450139755171	-0.0659645177960754	0.0039772635825841	1.5818625605349717e-05	0.0043513176080687	-0.0012147946253292	-0.0003118749867948	1.4757259817287116e-06	9.72660073882567e-08	-0.0015860423282902	-8.719080589249988e-05	7.602236632183591e-09	2.515530267128198e-06	0.00089103750384	0.000114713542446	7.939478332494181e-07	1.3159196820510248e-08	0.0	0.0	0.0	0.0	0.0	0.0	0.0	0.0	0.0	0.0	0.0	0.0	0.0	0.0	0.0	0.0	0.0	0.0	0.0	0.0	0.0	0.0	0.0	0.0	0.0	0.0	0.0	0.0	0.0	0.0	0.0	0.0	0.0	0.0	0.0
1104.99628984959	-0.0211827854936927	0.0004487104012718	1221016.8005813593	1166.6335308063958	23.99269642678746	1361033.7952017975	575.6494818279798	1074.8789795287512	0.8833840262038848	0.7803673377521858	1155364.8206327695	1080.2930074420185	1089.892977172727	1.319584	26.232721	0.047539235542505	0.0287062617690337	-0.1085666087	0.0077505309	0.0877527701	0.0359092825	-0.0324830373	-0.0305442272	0.003674235	-0.1423407777	-0.0526124016	0.0235383062	-0.0227670552	0.0362801916	0.053879957	0.0799659566	-0.0383524716	-0.0255781326	0.0372364726	-0.0147374537	-0.0580252317	-0.1930028258	-0.0564927033	0.0685260466	-0.0067015136	0.009907548	0.0551729603	-0.0478253392	-0.1597788551	-0.0976644137	0.0724071385	0.0799951777	0.1331282967	0.0531717639	-0.0317905705	-0.1514859711	0.0302914301	0.0673781578	-0.0487805872	-0.0263877131	-0.0491746792	0.0616460649	-0.0287161515	0.0777434107	0.0697064917	0.0382002742	0.0089872654	-0.1071236609	-0.0744194819	0.0286524155	-0.0828873168	-0.0043758739	0.0983023687	-0.1238427671	0.0020643179	0.0028335139	0.091297525	-0.1303397853	-0.0866127288	0.1032484117	-0.0055421487	-0.024017777	0.0036627992	0.0326727776	-0.0134963056	-0.035286685	0.0240168375	0.1233986224	-0.0655928361	0.0076993621	-0.0497005974	0.0519233372	0.002245113	0.1008866218	0.0748809029	0.1049573637	-0.0059455963	-0.0627376716	0.0696749198	0.0586179556	-0.0417752306	-0.1007825954	-0.1295388736	-0.002562988	0.0022803481	0.048257443	0.0238575585	-0.0825003555	-0.0981440057	0.162175652	0.0587544278	-0.0598702711	0.2024588554	0.0190071245	-0.0614460752	-0.1331541877	0.0808694942	-0.0471659359	-0.0412581694	-0.0430609843	-0.0121124544	-0.0158711997	0.0999624081	0.0177171091	0.0479737952	-0.0877909863	0.0073289948	0.0795079165	-0.1055420137	0.0200792807	0.0033901922	0.0333115866	0.0675036594	-0.0991089852	0.0819045618	0.0869233036	-0.0620125055	-0.0151451558	0.0306185949	-0.0815677963	-0.0761486237	-0.0039391512	-0.0180625412	-0.0556059124	-0.0015598559	-0.0194805173	-0.0416452136	-0.041883623	0.1191641318	-0.0160198321	-0.0941163241	0.0015660763	0.1338577061	0.0865183832	0.0411164952	-0.0630886696	0.0104388819	-0.0053691082	-0.064256403	0.0084314446	0.0258102205	0.1185182203	0.0131510443	0.0095223146	-0.0347685256	-0.0387094035	-0.1346206401	-0.0102919239	0.0771528269	0.1620646921	0.0352622597	-0.046396131	0.051693245	0.0445178983	-0.1073965771	0.042702641	0.0584173594	-0.0948332762	0.0439274729	0.0325606741	-0.0245744743	-0.100240825	0.0689150546	0.0697569027	-0.0997713604	0.0144621377735347	-3.3290717354399896e-05	0.0002091534289806	1.1082718619705423e-09	-0.0546078626055503	0.0262933980491339	0.0006913427809702	0.0029820186583466	-0.0689148864064321	-0.0029503686103567	8.704674936978152e-06	0.0047492615684114	-0.0014109118983574	-0.0001961172730281	1.990672384926482e-06	3.846198478001749e-08	-0.0015430415977004	4.300073058979988e-05	1.8490628312565515e-09	2.380977372233803e-06	0.0007649119441448	-0.0001261255596952	5.850902822953776e-07	1.5907656808427474e-08	0.0	0.0	0.0	0.0	0.0	0.0	0.0	0.0	0.0	0.0	0.0	0.0	0.0	0.0	0.0	0.0	0.0	0.0	0.0	0.0	0.0	0.0	0.0	0.0	0.0	0.0	0.0	0.0	0.0	0.0	0.0	0.0	0.0	0.0	0.0
1100.0914545941273	-4.904835255462785	24.05740888323069	1210201.2084710228	1133.7590789794922	-32.87445182690362	1285409.6491684264	1080.729582919407	1073.685359455022	-1.1936200737291074	1.42472888040908	1152800.25110806	1078.689993216786	1067.2599195553375	1.453745	28.899782	0.0709237788894203	0.0358224675149694	0.0076418935	0.0308626011	-0.1355578898	0.1538915436	0.0568210411	-0.1251135685	-0.0793544555	0.1015246099	-0.1379157014	-0.0498784877	0.0723869926	-0.0310883075	0.1065613615	0.0293352288	0.0151453769	-0.0881090565	0.0285492612	0.0494083493	0.0904122805	-0.0341914115	-0.0977347192	0.1449061572	-0.0357721203	-0.0625044643	0.0128851379	-0.1390629011	0.1376664639	0.0019880687	-0.0909933776	0.0979066781	0.026729239	0.0300420547	0.1426140971	0.0035312345	0.0562212297	0.1131896627	-0.0610897995	-0.1141242142	-0.060264165	-0.0178888239	0.1186599557	-0.0777264338	-0.0115506345	0.0730482671	0.0632752419	-0.0895111678	-0.0130034177	0.0575066943	0.0817504308	0.0449031595	-0.0063039008	0.0124719559	0.033366639	-0.045619527	-0.0245793707	0.0506920962	-0.0637315273	0.0548170133	-0.0128867098	0.0700994894	-0.0865393987	-0.1189035309	-0.0456770117	0.1505896485	0.0174913586	-0.0593470852	0.1143177273	-0.0307417667	-0.0385865498	0.0189648022	0.0458662778	0.0917741742	-0.188885865	0.08817212	0.0461398647	-0.0593961035	-0.0441837742	-0.1221029179	0.036118466	-0.1048764202	0.046697996	-0.0412041731	-0.0120051116	0.0958501558	0.0537041453	-0.1395773534	0.1655501539	0.0003239836	0.0090828059	0.130232007	0.0296809255	-0.0254565524	0.1460367078	-0.0854058888	0.0055658496	-0.0936498548	-0.051566813	-0.1119530496	0.0143156057	0.0897188175	-0.0493683817	0.022610758	-0.083091072	-0.1321132966	0.0581951985	0.0224255337	-0.0663957826	-0.0907140589	0.0142403373	-0.0221554433	-0.0425252092	0.0136676049	-0.053006255	-0.0227727932	0.042470971	-0.0163083617	0.0537280698	0.0584922718	-0.1216196048	0.0391841404	-0.0342689821	-0.0708498027	-0.0356884566	0.1569060883	0.0401678514	0.1568200391	-0.0948898355	0.0148214556	0.0106858342	0.0487180422	-0.0706256409	-0.0214295215	0.0667978477	-0.0249957373	-0.0412395475	0.0943373998	-0.0320860099	-0.038922092	-0.0604956529	-0.14012803	0.1247909965	-0.0980565999	0.041558027	0.0358098082	-0.1258994234	-0.1072852436	-0.0657662727	-0.0701036197	0.0391876759	-0.072121767	-0.0582981377	-0.0572099978	-0.0762776721	0.0509431143	-0.0074596387	-0.042345753	0.0529728315	0.1054062589	-0.0266710879	-0.0983068664	0.0738662073	0.0628452084	-0.1040369087	0.0125515985035207	-0.001910539270014	0.0001575426249935	3.650160302265628e-06	-0.0809687182211149	-0.0263608556155646	0.0006948947087846	0.0065559333303703	-0.0596503472517753	0.0092645391546568	8.5831685748169e-05	0.0035581639272573	-0.0009990790553957	0.0004118328429617	9.98158958930364e-07	1.6960629054191628e-07	-0.001571269356932	-2.8227759231599925e-05	7.968063912371748e-10	2.4688873920335008e-06	0.0005372156493544	-0.0002276962947903	2.886006539112696e-07	5.1845602661276735e-08	0.0	0.0	0.0	0.0	0.0	0.0	0.0	0.0	0.0	0.0	0.0	0.0	0.0	0.0	0.0	0.0	0.0	0.0	0.0	0.0	0.0	0.0	0.0	0.0	0.0	0.0	0.0	0.0	0.0	0.0	0.0	0.0	0.0	0.0	0.0
1099.8585610657308	-0.2328935283965165	0.054239395568979	1209688.85434958	1145.8850095457576	12.125930566265424	1313052.455101681	147.03819209789012	1073.7587546770114	0.0733952219893581	0.0053868586108671	1152957.8632455263	1079.1122318097573	1075.7541309895817	1.561066	31.033274	0.0787513421425259	0.0518598094919598	-0.1387182379	-0.0803828785	-0.0120807474	-0.0381841994	-0.026223497	0.076951963	-0.121525842	-0.0380685155	-0.0508022152	-0.0699562175	-0.0429628831	0.0270272825	0.0145279618	-0.0389169867	-0.0155527981	-0.1311217101	0.1398097707	0.0448729165	-0.0562198154	0.0605024148	-0.1515482146	-0.1813987151	0.0300489685	-0.0050124026	-0.0368482818	-0.1094318892	0.0837124807	0.0256708004	0.0028470671	-0.0394435876	-0.022460307	-0.0455720894	-0.0009275524	0.01002165	-0.0840467012	0.1623899175	0.0699111985	-0.1009145285	0.043872914	-0.0286433314	0.1085557898	0.1152279889	-0.0506612821	0.0773409514	0.0346889246	0.0934898737	0.0373347663	0.0178869109	0.0320334222	-0.0765394626	-0.0134873267	0.0064154909	-0.1031621684	0.0997691517	0.0170969548	-0.0440378616	0.099312757	0.1791597056	0.152995018	-0.0710560277	0.0405465277	0.0655491439	0.0320789721	0.0088397897	0.0583059907	0.0857721456	0.0667318223	-0.0309290208	0.0251465837	-0.0341764736	0.0104855058	-0.0282207574	-0.0140603828	-0.1036997647	0.0564886083	-0.1467818724	0.0980191756	-0.0507966539	-0.0131298242	0.1236601377	-0.021096164	-0.1867546762	0.0956890658	-0.0344710841	-0.0180889525	-0.0810555718	0.0889622859	-0.0235267865	-0.0470264173	0.0188560564	-0.0872771833	0.0076010602	-0.0582087806	0.0609500961	-0.0056858592	-0.1849658545	-0.0319018049	-0.0003290125	0.1095444177	-0.0138418973	0.0630931104	0.1326818247	-0.0730175279	-0.0953742238	0.0123221343	-0.0245565483	0.0591962486	-0.0268839902	-0.0765531692	-0.0615397546	-0.0093862469	-0.004520722	0.0378162861	-0.0551201303	-0.0736072732	-0.0122436419	-0.1902797382	-0.1227624411	-0.014880466	-0.1171042379	0.1686306643	0.0104440831	-0.0897600326	-0.0446760187	-0.0504122528	0.0153452179	0.1159831368	0.017749179	0.0243647221	-0.0258579148	-0.0402436906	0.0624569403	-0.1673971433	0.0310511511	0.0091977758	0.0921457082	0.0896579083	0.0089895562	0.1082279201	0.0913539305	0.0118321985	-0.0387736312	-0.0255494586	0.1049158204	-0.0808137648	0.2052750171	0.0747603445	0.0604391771	0.2230351117	-0.0049651901	-0.1612650034	-0.0254506435	0.0100874332	0.0876041492	-0.0458931041	0.0020786306	0.0186066204	-0.0216655098	-0.0287576717	-0.0962250449	0.0785674201	0.0555555556	-0.1073250918	0.0172473317796715	0.0046957332761507	0.000297470453518	2.204991100074992e-05	-0.0324602199517585	0.0485084982693564	0.0023530744043481	0.0010536658793165	-0.0583646243747466	0.0012857228770287	1.6530833165149646e-06	0.0034064293784052	-0.0010068954938175	-7.816438421800066e-06	1.013838535469987e-06	6.10967096017923e-11	-0.0014129321908875	0.0001583371660444	2.507065815100353e-08	1.9963773760461507e-06	0.0008562897992879	0.0003190741499335	7.33232220364512e-07	1.0180831315578564e-07	0.0	0.0	0.0	0.0	0.0	0.0	0.0	0.0	0.0	0.0	0.0	0.0	0.0	0.0	0.0	0.0	1.0	0.0	0.0	0.0	0.0	0.0	0.0	0.0	0.0	0.0	0.0	0.0	0.0	0.0	0.0	0.0	0.0	0.0	0.0
1098.65970085782	-1.198860207910684	1.4372657981116486	1207053.1382889948	1139.403863428649	-6.481146117108665	1298241.1639961314	42.005254991312725	1071.862398295633	-1.896356381378382	3.596167525194512	1148889.0008800663	1077.124680986041	1054.1002235610742	1.559163	30.99543	0.042887114947102	0.0218023079232955	-0.0452523032	0.0779447571	-0.1561517839	0.1957111692	-0.1876129829	0.0526911914	-0.1289733172	0.0126995424	-0.06560195	0.0565800325	-0.0375984529	-0.0109580777	0.0715501833	-0.0668643855	0.1318697893	-0.0643573102	0.0887881781	0.0686116514	0.0032253957	-0.0007912617	-0.0555391567	0.0527779686	0.0583236821	-0.1808556186	-0.1238616017	-0.0078198484	-0.0559218565	-0.02982975	0.1101852737	0.0327337474	-0.1550232849	0.0401140959	0.0195508203	-0.0313850781	-0.2633158148	0.1223172873	-0.0790003257	-0.0785707088	-0.119809902	-0.0439504278	0.0153979696	-0.0780565076	-0.0647416307	-0.0018258651	-0.0232525725	0.0075889208	0.089534085	-0.0794668728	0.024618032	0.0607231047	0.0233715258	0.0504045453	-0.0373097562	-0.0874639634	-0.0193087491	-0.0315951219	0.1543789249	-0.0013310507	0.0268293814	-0.0499271365	0.0400855576	0.0204713517	-0.005800417	-0.0697290366	0.0069894082	0.0396997625	-0.0579514668	0.1283237378	-0.0945911928	-0.1501209601	-0.0446211866	-0.0242582343	0.0509093632	-0.049536565	0.1598059533	-0.009260883	0.0417872047	-0.0890729188	-0.0371099852	-0.066444362	0.0236990692	-0.0301348572	0.0380058477	0.1961035555	-0.0780889886	0.009393989	-0.0339464805	0.0754700178	0.0192524535	0.0826691602	-0.0931117495	0.0750324658	-0.0766194795	0.2291350899	0.107724434	-0.0515106801	-0.192115954	-0.1572379043	-0.0396366063	0.0049240279	-0.0523438156	-0.0239934858	-0.0930487754	0.0210329948	0.0177560652	0.0247739797	0.0908410001	-0.039677283	0.0413015015	-0.0393402837	0.0088975544	-0.0445039452	-0.0532790112	0.0375066069	0.0508133025	0.0956685463	-0.0983156872	-0.0397666693	0.0204172798	-0.0759482035	0.0186870108	0.04413424	0.0104222577	-0.0585756225	-0.0031130906	-0.1199840053	0.0541772745	-0.1561174223	-0.1380707837	-0.0724314106	-0.0533662499	-0.0187737962	-0.0719100774	-0.0400255368	0.0559305481	0.098449807	-0.0486223079	-0.1751975081	-0.0644239338	0.0535093954	-0.0175516842	-0.0699135028	-0.08013503	0.0211487675	-0.0869339674	-0.2080058525	0.1180196976	-0.0599524557	0.0920065453	-0.0017275164	-0.0461909006	0.0691843025	-0.0148917888	0.0144722705	-0.0637790217	-0.0467686009	0.0493935382	-0.0728171031	-0.0308334408	-0.0939984918	0.0830027857	0.0479317851	-0.1096050192	0.0222403551960468	0.0049930234163753	0.0004946333992463	2.4930282836472088e-05	-0.0225805762882345	0.0098796436635239	9.760735891820984e-05	0.0005098824255087	-0.0500693975356938	0.0082952268390527	6.881078831134184e-05	0.0025069445695873	-0.001341938114981	-0.0003350426211635	1.8007979044387597e-06	1.1225355799610859e-07	-0.0014130366991638	-1.0450827630007453e-07	1.0921979815212716e-14	1.996672713183728e-06	0.0007970525081647	-5.923729112319994e-05	6.352927007716391e-07	3.509056659614743e-09	0.0	0.0	0.0	0.0	0.0	0.0	0.0	0.0	0.0	0.0	0.0	0.0	0.0	0.0	0.0	0.0	0.0	1.0	0.0	0.0	0.0	0.0	0.0	0.0	0.0	0.0	0.0	0.0	0.0	0.0	0.0	0.0	0.0	0.0	0.0
1097.8054223430784	-0.8542785147417362	0.7297917807493468	1205176.7453258648	1131.4188334000555	-7.985030028593428	1280108.5765723423	63.760704557538766	1071.6652096109713	-0.1971886846617963	0.0388833773586493	1148466.321490527	1076.721565015842	1051.850618175773	1.571227	31.235258	0.0717026559415962	0.0390381534996308	-0.0686006743	-0.0704231495	-0.1084458807	-0.1889001508	0.0880696973	-0.0257305186	-0.124971468	0.1031104714	-0.0212721481	-0.0606211153	-0.0524952024	0.0063893455	0.1729491467	0.0469834674	0.1423380189	0.0249739873	0.0858347039	0.0191913232	0.0336434366	0.1179506102	0.0101541272	-0.0268714363	0.0781868237	0.0279766545	-0.0044792094	-0.0363647178	-0.0143712808	-0.0496302875	-0.1608222617	-0.0065392063	0.0110100426	-0.0739795799	0.072432915	0.0073896387	0.0679717982	0.0868721419	-0.1216990841	0.1506249786	-0.0686487408	-0.1198493086	0.1180554725	-0.0593939077	-0.1619731084	-0.0133034001	-0.211343593	-0.0131355095	0.009228926	0.0639915179	-0.1426481881	-0.0910912732	-0.0603400085	-0.0126929801	-0.0639621807	-0.0146160509	-0.0177004389	0.1895811092	-0.0291794506	-0.0720812049	0.0624740986	0.0163549395	0.0304155126	0.0416566898	0.0314461616	-0.1027849896	0.0387625212	0.0686627774	-0.0985842956	0.1492556914	-0.0125658791	0.0471706102	-0.0155096166	-0.0472612717	0.0245885606	-0.0655013096	0.1235875564	0.0780215116	0.0436601182	-0.0875520808	0.0397279912	0.0895157711	0.0867877914	-0.0278044487	0.0087800342	-0.0467735893	-0.0912124344	-0.0794266421	-0.0440469625	-0.0960172856	-0.0219441771	0.0752526032	0.0068067069	-0.1128798348	0.0813410932	-0.1053082256	-0.054811387	-0.0090931098	-0.1151129893	-0.0048196626	-0.1135030443	0.1425602745	-0.1704591002	0.0627113366	-0.1120142287	0.1127745936	-0.1573255584	0.0909216861	0.0252291319	-0.0180514945	-0.0785878325	0.0061909272	0.151987357	0.0322047262	0.0118358671	-0.0503673921	0.0393139973	-0.0901570377	0.010438233	0.1192242737	0.0912700987	-0.0110549127	0.0908255299	0.0085067341	0.0111698164	-0.1300051806	-0.0231030174	-0.1129021461	0.0872095094	-0.0975241962	-0.0087483008	0.0257059553	0.0313903761	-0.0104646312	0.0489843659	0.0824698839	-0.0164236792	0.139375334	0.0720687667	0.0366419776	0.0550058251	0.0341743621	0.0611016277	-0.0107015705	0.0713755563	0.1160830026	0.0759300397	0.0084298564	-0.1293219449	0.0663466983	0.1826082436	-0.0249962057	-0.1573875497	0.0337023661	-0.0824851506	-0.054459646	0.0288965039	-0.068943705	0.000580721	0.0081991683	-0.0328976148	-0.091630556	0.0871572961	0.0400197472	-0.1108552722	0.0178662298747127	-0.0043741253213341	0.000319202169936	1.9132972326736157e-05	-0.0522163510918574	-0.0296357748036228	0.000878279148211	0.0027265473213481	-0.065368933715348	-0.0152995361796541	0.0002340758073125	0.0042730974950815	-0.0009239587876788	0.0004179793273021	8.536998413288778e-07	1.747067180519996e-07	-0.0014128562645858	1.8043457800012014e-07	3.2556636938081445e-14	1.99616282437934e-06	0.0007673478773052	-2.9704630859500028e-05	5.888227648047963e-07	8.823650944991614e-10	0.0	0.0	0.0	0.0	0.0	0.0	0.0	0.0	0.0	0.0	0.0	0.0	0.0	0.0	0.0	0.0	0.0	0.0	1.0	0.0	0.0	0.0	0.0	0.0	0.0	0.0	0.0	0.0	0.0	0.0	0.0	0.0	0.0	0.0	0.0
1100.6799108205696	2.8744884774912407	8.262684007229911	1211496.266083977	1141.8143366393165	10.39550323926096	1303739.9793550824	108.06648759748514	1073.4509100219047	1.7857004109334866	3.188725957608023	1152296.8562268554	1078.599462197656	1051.3545097982562	1.368323	27.201624	0.0564324154457142	0.0343476679688563	-0.0950330826	0.0280739893	-0.0706587984	0.0132271137	-0.1032252177	0.1017953011	-0.0819657753	-0.0300970953	0.0430594446	0.059635355	-0.1119416371	-0.0893066364	0.0303155602	-0.0206744808	0.0287810657	0.0115662344	0.0385451744	-0.031604567	0.0080334137	-0.0865550427	0.0385741831	0.0415951061	0.0168754531	0.0849683765	0.0212795937	0.0089620438	0.0029671995	0.0107151588	-0.0346814157	0.0984004909	-0.0466480485	0.0534174103	0.0490196335	0.0294295454	0.0005769212	-0.0092820965	-0.1359528309	-0.0775925364	0.1211378881	0.0018067343	0.0073677733	-0.1284586211	-0.0134553142	-0.0156794933	-0.0799276182	-0.1132929794	-0.0891097773	0.0461033636	0.070276457	0.0415423527	-0.1207125117	0.0181944334	0.038651407	-0.0470434803	-0.1413528352	-0.0089038654	-0.0130801896	0.1017846493	-0.1397564679	-0.097190487	0.0618482443	0.0533153975	-0.0009296043	-0.0893871977	0.011478247	0.0720741357	-0.1491980799	-0.1046916547	0.0636217965	0.0983523755	-0.038885892	-0.047154176	0.057494212	-0.0631189048	0.0398846726	0.0166888023	0.0586871278	0.0264595822	0.0177212139	-0.0867566263	-0.0585270939	0.0362813725	-0.0540470075	-0.0689472746	0.001122348	-0.0013917886	-0.0175809751	0.0410957201	0.024624612	0.1107249011	0.024593468	0.0338394995	0.1127722799	-0.0104723815	-0.0067256516	0.0467176012	-0.0677193615	-0.0461921034	0.1154936026	0.0470212355	-0.0891554655	-0.1234939663	-0.0035574557	0.0246797569	-0.0846622727	0.0994595185	-0.0904833178	-0.0673300998	0.0047755138	0.0317490109	-0.1046488012	0.1312465873	0.0389437759	-0.0450153393	0.0513383301	0.1120038898	0.0863174014	-0.1589512904	0.0020632549	-0.0182533408	-0.0460106331	-0.0418223867	0.0384180741	-0.0673951984	-0.0949448569	-0.0998003801	0.0283262726	0.1333623754	0.0734441893	0.0480345845	0.1458977457	0.0145142708	0.0391609962	-0.0553588756	0.0415142026	0.0827891866	0.0339128418	-0.1033421721	0.0082266903	0.1129831199	-0.0326947391	0.0076854553	-0.0679187436	-0.0436108112	0.0199156425	-0.2478681649	0.058352753	0.057453714	0.0842674357	-0.156447516	0.0384480421	0.0470179857	-0.0658258135	0.0191266478	-0.0507281284	-0.125361706	-0.0128871779	-0.0228581791	-0.0349494174	-0.0891247992	0.0910168938	0.0318670259	-0.1110641056	0.017448372086676	-0.0004178577880366	0.000304445688475	1.746051310229229e-07	-0.0361014629433071	0.0161148881485502	0.0002596896200402	0.0013033156266469	-0.0621099562742557	0.0032589774410922	1.0620933961548456e-05	0.0038576466683899	-0.0015243656781509	-0.0006004068904721	2.3236907207244534e-06	3.6048843412637626e-07	-0.0014136869525791	-8.306879932999753e-07	6.9004254221274e-13	1.9985107998923826e-06	0.0008989241402005	0.0001315762628953	8.080646098352082e-07	1.731231295749311e-08	0.0	0.0	0.0	0.0	0.0	0.0	0.0	0.0	0.0	0.0	0.0	0.0	0.0	0.0	0.0	0.0	0.0	0.0	0.0	0.0	0.0	0.0	0.0	0.0	0.0	0.0	0.0	0.0	0.0	0.0	0.0	0.0	0.0	0.0	0.0
1103.0330012356294	2.353090415059796	5.537034501446284	1216681.80181488	1145.487499028187	3.673162388870424	1312141.6104298504	13.492121935012277	1075.4620064431397	2.0110964212349245	4.044508815503921	1156618.5273027038	1080.5010680191965	1056.0805723987185	1.334141	26.522097	0.12145800554955	0.0843620688161451	0.0226742591	-0.044541764	-0.0953113245	-0.1164724972	0.0944676767	-0.0080236288	-0.004655913	0.0857011738	0.0619266811	-0.0345134293	0.0564923043	-0.0237167041	-0.0042803732	0.1537765652	-0.0423818739	0.0097742135	-0.0365345334	-0.0444934215	0.0831147291	0.1098150844	0.1024241612	-0.0771047532	0.0486891382	0.1088309413	-0.0380631198	-0.0358355045	-0.0736141907	-0.0163814434	0.0357416555	-0.0050940041	-0.0025686798	0.0067869086	-0.0262005962	-0.2279785371	0.0410336705	0.0183537237	0.1441070366	0.1562261806	-0.1272118468	0.0695519454	-0.0854000401	-0.1058533103	-0.056737756	0.0734316245	0.0147807945	-0.1257630883	-0.1141448066	-0.0972393532	0.1023883982	0.1356699151	0.0793867871	0.0505591539	0.0119369113	-0.1187147845	0.0671335583	-0.0462023441	-0.035301268	0.1747948168	-0.009279651	0.0406425091	0.0219305405	0.0168772007	-0.0449131277	0.1398070296	-0.0689757519	0.0266410905	0.0194705329	0.1285549699	0.0846361545	-0.1107803985	-0.0432666781	-0.0596559668	0.0379055831	0.033221741	-0.0467010742	-0.000844336	-0.0570559728	-0.0216499148	0.0861890504	0.1116149883	0.0473142962	0.0582910887	-0.0352390322	-0.130423577	-0.1091991463	0.0034770365	-0.0803821535	0.0456028781	0.0062593658	-0.025146413	-0.012452044	0.0721526048	-0.1151745827	-0.1200458312	0.1535172278	-0.0551946489	0.0296880513	0.0946930305	-0.2307279427	-0.0077453165	-0.0380099296	-0.1554604322	-0.0262826152	-0.0942403982	0.0005408693	0.0702389267	-0.0918222531	0.0421978538	0.1597406807	-0.022036649	-0.114495674	-0.0317109604	-0.0515513275	0.1207003763	0.0806144834	0.0011783951	0.0084992916	-0.1225594928	-0.1186540143	0.0565563793	0.0511861878	0.0341698049	-0.0806162283	0.1518644296	0.0600519159	0.0202876324	0.0521953494	-0.1061500167	-0.0153319916	-0.1182953523	0.0118277261	-0.0769049669	0.1252734762	0.0261720837	-0.0366748157	0.122406413	-0.0672576469	0.0513168134	-0.0704755218	-0.0190567387	0.126750405	0.1183497838	0.1999610297	-0.0502949392	0.0570593617	-0.0031634626	-0.0498768057	0.0315685499	0.1486762796	0.0398356306	-0.1088547474	0.0393236881	0.0333445808	0.0429524329	-0.0474581534	-0.1736675669	0.04605037	-0.059343793	-0.0369880768	-0.0864849902	0.0945685192	0.0235226525	-0.1102295573	0.0170690736771064	-0.0003792984095696	0.0002913532761944	1.4386728350202848e-07	-0.1181076206989502	-0.0820061577556431	0.0067250099098434	0.013949410067167	-0.0619310551517884	0.0001789011224673	3.2005611620060716e-08	0.0038354555922138	-0.001052933718458	0.0004714319596929	1.1086694154657906e-06	2.2224809261988813e-07	-0.0015523867740274	-0.0001386998214482	1.9237640469790285e-08	2.409904696175197e-06	0.0007311829561043	-0.0001677411840962	5.346285152974227e-07	2.813710484199525e-08	0.0	0.0	0.0	0.0	0.0	0.0	0.0	0.0	0.0	0.0	0.0	0.0	0.0	0.0	0.0	0.0	0.0	0.0	0.0	0.0	0.0	0.0	0.0	0.0	0.0	0.0	0.0	0.0	0.0	0.0	0.0	0.0	0.0	0.0	0.0
1103.5225366113666	0.4895353757372049	0.2396448840981664	1217761.9888091849	1154.8724728894852	9.38497386129825	1333730.4286378743	88.07773437725137	1075.6356796375644	0.1736731944247367	0.0301623784616924	1156992.115309365	1081.045291924956	1075.6454093219998	1.418567	28.200455	0.1279493987815185	0.0906478954542494	-0.1243736165	0.0344299429	0.0104532663	0.0018701873	-0.0792334815	0.0102779176	-0.0545280798	-0.0922835576	-0.0094045425	-0.069891699	0.0670793651	-0.0690089185	-0.084490026	-0.0125070622	-0.0845579687	-0.1429828251	0.089133911	0.0404928775	-0.0023556898	0.0451066146	-0.0473632746	0.0169676019	-0.0932535819	0.0185697072	0.0467791686	-0.0153553562	0.0169111276	-0.0759785072	0.0535817502	0.0838164866	0.0339701594	0.158119213	0.1171249694	0.1010107132	-0.009187896	0.0434853651	0.1012511668	-0.0246673753	0.0712697943	-0.0589458702	-0.0822440524	0.0534369217	0.0527880118	0.0454212306	0.0300484098	-0.0925825342	0.0388413529	0.021384265	0.0601685706	-0.0225744644	-0.049752741	0.0083165722	0.0663396443	0.0400267727	0.0315795388	-0.1140338407	-0.0699208638	-0.1838704213	-0.1295865501	-0.0030255323	-0.0728480606	-0.0323076372	0.0111679263	-0.0475365912	-0.0652799734	0.0372344763	0.0202140367	0.061510353	0.1463812484	-0.0198827576	-0.009828976	0.1333595125	0.1077660688	-0.0619750952	-0.005295779	-0.1757238216	0.0509029296	-0.0334117515	-0.0042155311	-0.0051143349	0.0499374716	-0.0343026681	0.0264806572	-0.0022320782	0.0984220226	-0.0250751592	0.0120246007	0.0856909543	0.0874956429	0.0259186025	0.0927552375	0.0909056625	0.1615949647	0.0926378239	-0.0355529091	-0.1057618593	0.0611182791	0.0754764446	0.0061613556	-0.1395828867	0.0321235099	0.032520321	0.0621652953	-0.0482107492	0.0225440174	0.0601605868	0.0213175559	-0.0168790218	-0.0671452321	-0.0190191694	-0.0589119127	0.0481822295	-0.0502498793	0.0531236072	-0.068602196	-0.0016993371	0.1068301704	0.0458457007	0.0257658231	0.0039896102	-0.2100563958	-0.0117464489	0.0750639055	-0.0245710397	0.0254325815	-0.0175867111	0.0265321519	-0.0923641741	0.0218443997	-0.1594639256	0.1104844901	0.1252104095	-0.0921442107	0.0335190721	-0.0555142323	0.083445531	-0.0004244008	-0.0232112099	0.0512014901	0.0094085807	-0.1023067249	0.0565949586	-0.134924692	-0.1226054519	-0.0879303947	-0.0377130472	0.0066213413	0.0618092476	0.0809027914	0.0269481925	0.1831830617	-0.0662762964	0.050846601	0.1206155419	0.1264790228	-0.0207247661	-0.0397830811	0.0419040303	-0.0390128266	-0.0837150996	0.0978001546	0.0150368111	-0.1083594676	0.0133537444989286	-0.0037153291781777	0.0001783224921426	1.3803670902219318e-05	-0.0303879014915224	0.0877197192074278	0.0076947491378299	0.0009234245570584	-0.0817876425008563	-0.0198565873490678	0.0003942840611511	0.0066892184658478	-0.0010237614543163	2.9172264141699884e-05	1.0480875153438258e-06	8.510209951531089e-10	-0.001733939012058	-0.0001815522380306	3.296121513391971e-08	3.0065444975366736e-06	0.0008536137148689	0.0001224307587645	7.286563742122838e-07	1.4989290691675672e-08	0.0	0.0	0.0	0.0	0.0	0.0	0.0	0.0	0.0	0.0	0.0	0.0	0.0	0.0	0.0	0.0	0.0	0.0	0.0	0.0	0.0	0.0	0.0	0.0	0.0	0.0	0.0	0.0	0.0	0.0	0.0	0.0	0.0	0.0	0.0
1103.0369009596209	-0.4856356517457243	0.2358419862464944	1216690.4048786045	1138.874293170676	-15.99817971880907	1297034.655645007	255.94175431531383	1074.0970964032665	-1.538583234297903	2.3672383688625955	1153684.572501928	1079.171630619904	1061.875225330473	1.41669	28.163141	0.1589475826650584	0.0912975678399339	0.0224647386	0.0201290582	-0.0975063829	0.0564356179	0.1471649853	-0.0040227775	-0.0346796794	0.1040390294	-0.1237226071	-0.024038437	0.007369822	0.0423282648	-0.1690969607	0.0024972616	-0.0321551992	-0.0169723838	0.0576983936	0.1914931825	0.0110036593	0.0743131242	-0.0208393719	0.0795621657	0.0361999378	-0.0546132873	-0.0161665516	-0.0911064459	0.04778242	-0.2287669734	0.0070720436	-0.0397671958	0.0078747814	0.0975755143	-0.1215650755	0.0175817991	-0.1204244615	0.0654540502	-0.0339822515	-0.0638398463	0.0084997941	0.0553300417	-0.0694702679	0.0191321641	0.0157716162	0.0116027319	0.0437839288	0.0542862395	0.0277676005	0.1461629245	0.0088625812	0.1106620869	0.0335789894	-0.018241971	-0.0526958957	-0.1035842654	-0.0191692261	0.1233410715	0.0323224202	-0.0228347232	0.0734298191	0.0269161721	-0.0493159021	0.0174893096	-0.1033742094	-0.04049547	-0.092184597	0.0537555583	-0.1108144298	-0.089417369	0.0146570749	0.0366983395	-0.1256888757	0.0361312319	-0.0636379779	0.0091117734	-0.0228859366	-0.0328891786	0.0122479292	-0.1677857933	-0.1198748408	0.0036453698	0.0997965658	0.0007083895	-0.0017256844	0.0688929315	-0.0505231058	-0.1467390792	0.0266072134	-0.0516189263	0.1459367285	-0.0209228857	0.0801299431	0.0577656895	-0.0928947035	0.1026767099	-0.0502745688	-0.0854515482	-0.0919101892	-0.0868077146	0.0277753704	-0.0576049887	0.0681493503	-0.0455940665	0.0108608195	-0.0112070044	-0.0236607596	-0.0765970568	0.0207460247	-0.1107587751	0.0493880315	0.142508354	0.0060786923	0.0069900584	0.0190128329	-0.0814623035	0.1054477411	-0.0308546471	0.0019979481	0.0372441321	-0.0067341624	-0.0215429107	0.0558265741	-0.0197513541	0.0598969055	0.0171230084	0.137699752	-0.0732927066	0.0352535411	0.0942232956	-0.0330347535	0.0028605708	0.1637856186	-0.1204491014	-0.0376999421	0.0418312532	0.0195723313	0.0581600692	0.0079472506	-0.0824863318	-0.0200190527	0.0292143827	0.1787170455	0.0979894971	0.1516897361	-0.1783009773	-0.1195261167	0.000214687	-0.1040302881	-0.093884458	0.0014953718	-0.118372325	-0.0114600724	-0.1455583486	0.1329824737	0.0456229164	-0.0423638052	-0.0020556269	0.0392831228	-0.014383144	-0.0410229053	-0.0808192935	0.1007008652	0.0064605365	-0.1054714048	0.0180671509284451	0.0047134064295164	0.0003264219426712	2.221620016980747e-05	-0.108655306943973	-0.0782674054524506	0.0061257867562582	0.0118059757270889	-0.0535078809415949	0.0282797615592613	0.0007997449138486	0.0028630933228598	-0.0015829504967713	-0.0005591890424549	2.505732275228505e-06	3.126923852017397e-07	-0.0014136191663385	0.0003203198457195	1.026048035617644e-07	1.998319147439556e-06	0.0007793824185668	-7.423129630209995e-05	6.074369543710347e-07	5.5102853506901575e-09	0.0	0.0	0.0	0.0	0.0	0.0	0.0	0.0	0.0	0.0	0.0	0.0	0.0	0.0	0.0	0.0	0.0	0.0	0.0	0.0	0.0	0.0	0.0	0.0	0.0	0.0	0.0	0.0	0.0	0.0	0.0	0.0	0.0	0.0	0.0
1103.861416998115	0.8245160384940391	0.6798266977339038	1218510.027937086	1159.280289751652	20.40599658097585	1343930.790206674	416.4046964627982	1073.4808920837847	-0.616204319481767	0.3797077633479876	1152361.2256689982	1078.65381634288	1066.280151738562	1.39497	27.731352	0.1202522508912052	0.0806562607946197	-0.0643196093	-0.0814882704	0.0357820661	-0.0643107967	-0.0057387867	0.1273044219	-0.007934485	-0.0691627482	-0.0497228805	-0.1910772047	-0.0232511667	-0.1439964925	-0.174520258	0.0824875078	0.0661849638	-0.047789241	-0.0774983638	-0.1044451581	-0.0352390228	0.1314974302	0.1293132221	0.0315524333	-0.0132879215	-0.0719323969	0.1579288043	0.0274707271	-0.1308193894	0.0416023607	0.0466338257	0.1338505929	0.0704406759	-0.1620410799	-0.004288453	0.0860493606	-0.109488613	0.0860522395	0.0524280167	-0.0324687555	-0.0066202149	-0.1061264215	0.0160505268	0.0717557038	0.0423261595	-0.0491035585	-0.0474483864	0.0555927425	0.1129102866	0.0738776206	-0.0633313222	-0.0344544259	-0.0179664725	0.0595457623	0.0162486858	0.0414850238	-0.011943059	-0.1075744533	5.61266e-05	0.1166605452	-0.0837145114	0.1171107625	-0.1809378385	-0.0457017799	-0.0424902296	0.0095141248	0.0184353254	0.021166485	-0.0162901998	-0.1419733298	0.048125527	-0.1137166064	-0.0249238387	-0.0743462466	0.0498337872	-0.0296748028	0.0673588721	-0.0072101978	-0.0478926062	0.1528131427	0.0485400206	0.0882722549	0.1225724196	0.1008055248	-0.0733617677	0.0027454115	0.1612618391	-0.0297956463	-0.1089363386	0.1212038174	-0.0987323611	0.0915500211	0.0221351768	-0.1785707436	-0.0764811449	0.1073218603	-0.0253280279	-0.0579447565	-0.0292643285	0.0009702046	-0.0031942882	-0.0618030718	-0.0276480728	0.137870197	-0.0071864536	0.0283966512	-0.0151454306	-0.0174491163	0.0632358917	-0.0125163326	-0.0851030079	0.0691092285	0.0517716065	-0.0064204239	-0.0345746417	-0.0482499008	-0.1195406564	0.0735663925	-0.0224638207	-0.0494535248	-0.2107420234	0.0352485152	-0.0465444401	-0.0900369379	0.1157502146	0.0361354047	0.037683776	0.0359825698	-0.0013861623	0.0521816265	-0.0094491004	-0.1201773285	-0.0189262936	-0.0490290054	-0.0613187969	0.0224886713	-0.0653343223	0.0716119865	-0.025998237	0.1302976357	-0.0171555176	0.024538625	0.0269697944	0.0253663925	-0.2170263929	-0.159733895	0.0313464121	0.1578582159	-0.0318628556	-0.0429349804	-0.0547526398	0.0721878589	0.0249616035	-0.1882848019	0.0707208276	-0.040856434	-0.0554580145	-0.2034457599	0.0138727475	0.0077128615	-0.0430175569	-0.0778019275	0.103260836	-0.0021545924	-0.1015925006	0.0124218683467205	-0.0056452825817245	0.0001543028132232	3.1869215427523154e-05	-0.0325072470720044	0.0761480598719686	0.0057985270222649	0.0010567211122003	-0.0774802243996219	-0.023972343458027	0.0005746732508696	0.0060031851730157	-0.0016173329014988	-3.4382404727500114e-05	2.6157657142705274e-06	1.1821497548456222e-09	-0.0016271648051982	-0.0002135456388597	4.5601739875997444e-08	2.647665303275696e-06	0.0008211856745693	4.18032560025e-05	6.743459121178363e-07	1.7475122124105516e-09	0.0	0.0	0.0	0.0	0.0	0.0	0.0	0.0	0.0	0.0	0.0	0.0	0.0	0.0	0.0	0.0	0.0	0.0	0.0	0.0	0.0	0.0	0.0	0.0	0.0	0.0	0.0	0.0	0.0	0.0	0.0	0.0	0.0	0.0	0.0
1108.5959358805685	4.734518882453585	22.415669048309542	1228984.9490509136	1142.0465513773545	-17.233738374297445	1304270.3255129084	297.0017383537324	1074.4531561835586	0.972264099773838	0.9452974797090318	1154449.5848328106	1079.3336051977087	1039.075075915053	1.504741	29.913548	0.1226591969296342	0.064143769678364	0.1670014508	-0.057998213	-0.036140872	-0.0040564679	-0.0409028127	0.1541739825	0.1142524564	0.0943871461	-0.0246405071	-0.2016972973	-0.0222124511	-0.0943742258	-0.1795966437	-0.1078149948	0.0448967492	-0.0329784513	-0.2116377183	-0.2725208434	0.1289888979	0.0230017871	0.0322785843	-0.0136664072	-0.0855539146	-0.2215023834	0.0258333041	0.0528740672	-0.0452820489	0.0566226178	-0.0082787268	0.08096002	0.0351852512	-0.1214706587	0.1172146932	0.0052023679	0.0120382767	-0.0684512355	-0.0137313977	-0.0873468951	-0.0706535569	0.0367657414	0.1686390436	0.0926096987	-0.0205155257	0.1085499536	0.0514835781	0.1907283025	-0.0506913998	0.0326225541	0.0920938874	-0.2218518096	-0.0651163588	-0.007817805	0.1002122226	0.0766275951	-0.0624145035	-0.1623256416	-0.0013034304	0.0013736191	-0.0835510021	0.2235854015	0.1132676127	-0.0485978186	-0.097843528	-0.0071083092	-0.1067027234	0.0094519573	-0.0225529165	0.0378870691	0.0845481877	0.0374250802	-0.0693150126	0.0332977555	-0.0365212393	-0.0170744933	0.0130407242	0.0526376176	-0.2239006749	0.1503585221	0.2534692665	0.0372061345	0.0022895174	0.0614575393	0.0184710101	0.177966145	0.1584291846	0.0380667443	-0.0089934219	0.0365446585	-0.0742125578	0.0727372976	-0.0320754255	-0.1270317779	0.0249268076	0.014196172	0.0715184012	0.0566345471	0.095585922	-0.0671840792	0.0468818939	0.1135862523	0.0835618804	0.146933749	-0.0344264363	-0.1159998565	-0.0351140741	-0.1314572268	0.0372894306	0.0909770716	-0.2420753646	-0.0950305884	-0.0836179015	0.04432063	0.0903426756	-0.0094846219	-0.0739508046	0.1165497038	0.0029722047	-0.0591062898	0.0320217882	0.2505455704	-0.0027472368	0.0158588805	0.0297448034	0.092153956	0.070797918	-0.0744494051	0.0289918131	-0.0596287097	0.0782861444	-0.0539668206	0.0803753406	-0.0035004392	-0.1395435513	0.0183444389	-0.1916879771	-0.032934219	0.1476269328	-0.0748000695	-0.113319716	0.0581712002	0.0398797296	-0.0136793624	-0.170522353	-0.1288473527	0.2614671168	0.0578214923	-0.0574095514	-0.1872240715	-0.1740573352	0.0576578738	0.0238622532	-0.0953382416	-0.0875804082	0.0275977889	0.0572437721	-0.1474800709	0.0184600126	-0.2300628419	-0.0449960313	-0.0746675401	0.1054714048	-0.0107567634	-0.0967591949	0.0164714856503991	0.0040496173036786	0.0002713098395313	1.639940030625313e-05	-0.0228174807883903	0.0096897662836141	9.38915706310646e-05	0.0005206374295285	-0.1168162178568934	-0.0393359934572715	0.0015473203812705	0.0136460287543891	-0.0007277175079041	0.0008896153935947	5.295727713101538e-07	7.914155485206532e-07	-0.0014129048716096	0.0002142599335885	4.590731914139125e-08	1.9963001762181403e-06	0.0011089867450874	0.000287801070518	1.229851600779546e-06	8.282945619136431e-08	0.0	0.0	0.0	0.0	0.0	0.0	0.0	0.0	0.0	0.0	0.0	0.0	0.0	0.0	0.0	0.0	0.0	0.0	0.0	1.0	0.0	0.0	0.0	0.0	0.0	0.0	0.0	0.0	0.0	0.0	0.0	0.0	0.0	0.0	0.0
1110.7866193420002	2.1906834614317177	4.799094028190452	1233846.9137092298	1177.6873737082358	35.64082233088129	1386947.5501918015	1270.2682164214466	1076.0489819482193	1.5958257646607308	2.546659871155006	1157881.4115517992	1081.4969713623586	1090.8024176842994	1.653856	32.877888	0.0676975051982693	0.04511738093171	0.0421308832	0.1218594818	0.0806818578	-0.0631603078	0.0511032272	-0.0930167321	0.100528317	-0.0482553375	-0.0713771399	0.0246860608	0.1735028488	0.1279638815	-0.196223946	0.1444658463	-0.0992917749	-0.0284400067	-0.0001095278	-0.0248697276	0.0622519747	0.039452943	0.1164290188	0.1391098552	-0.0365440212	-0.0525340793	-0.0400609627	0.0714181732	0.010708748	0.093689363	0.0677137955	-0.081185164	0.0343990431	-0.0818171512	-0.1028884651	-0.0322765696	-0.0709268807	-0.1257986221	0.0163718333	0.0994379018	0.024260112	0.1226439764	-0.0251412992	-0.0090895087	0.0507120527	0.1059484248	-0.0910088842	0.0263683687	-0.1270958455	0.0216456467	-0.2053454444	-0.0020252972	-0.0805120033	0.1148784424	-0.1370576045	0.1293316932	0.0397409124	-0.0294764157	-0.0756910241	-0.0187314087	0.051354053	-0.0741603166	0.0148833858	-0.126669409	0.0376102911	-0.0338712204	-0.0280545339	0.00891912	0.0033773765	-0.0292513884	-0.0709499131	-0.080983942	0.0063344355	-0.0515868598	-0.1102932253	-0.0041148491	-0.080007001	-0.0729171737	-0.0117774695	-0.0154209485	0.0309011803	-0.0415717661	0.0873849772	0.1303199424	-0.0713508192	0.0659707386	0.0011032871	0.1103225364	0.0478822681	0.0206872367	-0.0404544087	-0.1400598499	-0.0569070483	-0.0809802666	-0.0960004429	0.0123828409	0.0593356272	0.1451582756	0.0066273634	0.0712496865	-0.0150613056	0.0384682573	0.0530645053	-0.0940278341	0.0647362972	-0.0698168413	-0.1765762199	-0.016548307	-0.0681971557	0.1185303009	0.0122390865	0.0650111235	0.1661872512	0.0845405655	-0.0924677159	-0.0733487574	-0.143869993	-0.0941811325	-0.0258507382	-0.0333054187	0.0490578209	-0.0221859491	-0.0418733767	-0.0553957917	-0.1235529259	-0.0670058465	0.0213306358	-0.0525877916	0.0229578727	-0.0010468881	-0.0554307805	-0.0110770668	-0.1405084095	-0.0718872206	-0.0739891161	0.000154422	-0.0860726625	-0.0743030419	-0.100754077	-0.0761154072	0.0505928312	0.1861550857	0.0151677092	-0.0621294984	0.0515408274	-0.0823887162	0.0880654314	0.1328217372	-0.0973409841	-0.0253948126	-0.1089009568	-0.0424714717	0.0681537327	0.1176073616	-0.048167753	0.0997641505	0.0698900709	0.074475417	0.0534462907	0.0017345321	-0.0469575846	-0.0714208455	0.1073250918	-0.019294242	-0.0910168938	0.0141582943781912	-0.0023131912722078	0.0002004572996995	5.350853861818801e-06	-0.0245947871345322	-0.0017773063461419	3.1588178480362806e-06	0.0006049035541929	-0.0820441223040688	0.0347720955528246	0.0012090986291347	0.0067312380046449	-0.0012792353973669	-0.0005515178894627	1.6364432018764502e-06	3.041719823975012e-07	-0.0014136951140604	-7.902424507999668e-07	6.244831310463379e-13	1.998533875518247e-06	0.0010845966364591	-2.4390108628299934e-05	1.176349863818393e-06	5.948773989002707e-10	0.0	0.0	0.0	0.0	0.0	0.0	0.0	0.0	0.0	0.0	0.0	0.0	0.0	0.0	0.0	0.0	0.0	0.0	0.0	0.0	1.0	0.0	0.0	0.0	0.0	0.0	0.0	0.0	0.0	0.0	0.0	0.0	0.0	0.0	0.0
1104.9821251106246	-5.8044942313756565	33.69215328207327	1220985.496813992	1157.217250988875	-20.47012271936069	1339151.765986249	419.0259241456866	1076.0057090827834	-0.043272865435938	0.0018725408830367	1157788.285978743	1081.1466670925756	1094.7104736439817	1.62576	32.319347	0.1016011289700433	0.0706693374106977	-0.075666671	-0.1066342336	0.0534071426	0.0111170183	-0.0454163817	-0.132651511	-0.0396368117	-0.0766506547	-0.0022445759	-0.1739670811	0.0908932594	-0.1206949694	-0.0640156667	0.0400830399	-0.0685752338	-0.1062848422	0.0094208989	-0.1920871293	-0.0302553101	0.1283000332	0.0671193908	0.0665405823	0.0017781796	0.0288483007	0.0028572129	0.0971534113	0.1087554027	0.0084149721	-0.1292587084	0.0496721105	-0.0006818147	-0.0926708455	-0.0548970213	-0.185492081	0.1026335608	-0.0478225118	-0.0403760256	0.0514577779	-0.0149462124	-0.0509792823	0.0576761175	-0.0400272085	-0.0248748461	0.1316171054	-0.0440955636	0.0416185807	0.0264209035	-0.0573051162	0.0333014761	0.0063740926	-0.0457732381	0.0150470322	0.0500586392	-0.0289619854	0.0662228856	-0.0519331488	-0.1141989396	-0.0933172697	0.0554194625	-0.0502341813	-0.0028178935	0.0088867151	-0.1089585469	0.039843412	-0.073485426	-0.077466616	-0.1423276073	-0.1204113941	-0.0922710928	0.0470126137	0.1410635215	0.104021219	-0.0756838666	0.1057767886	-0.0075826452	-0.1360809057	0.0194221489	0.1589852905	0.1343912251	0.0293361022	0.1284080426	0.0550678076	-0.0453790196	-0.0386776489	0.0017630981	0.0848026725	0.0682149018	-0.1304499611	0.0113303838	0.0946123001	0.0349771833	-0.0542642301	-0.0744179815	-0.1926404639	0.0820435461	0.0692132514	0.0213008278	-0.0196458335	-0.020861434	0.0511348978	-0.0854462739	0.026821038	0.0223166111	-0.0868798471	-0.0800724247	-0.0159366296	0.0952810889	0.008070746	0.0035897071	-0.0682285139	-0.0075154126	0.0528341438	-0.0360947931	0.1220899361	-0.0418923549	-0.0164370955	0.1200438242	0.0584339685	0.0452304094	-0.0144706241	0.0331869725	0.0291148578	0.0143080305	0.0924350475	0.0359902018	-0.1404910611	-0.0511229246	0.1665296611	-0.0872854006	0.0416836263	-0.0292667028	0.0685666001	0.0153716212	-0.0934684779	-0.1263898653	0.0719344074	-0.0099501769	0.1075553013	-0.0680361963	-0.0265640275	0.1005627585	-0.0178643181	0.0196621335	-0.2218807626	-0.0757690206	0.0765802308	-0.0138945532	-0.0311190036	-0.0431299577	0.0438871979	0.1540157751	0.1850102458	-0.0994272875	0.0145258959	0.0001803075	-0.0215205126	-0.1102428497	0.0657807145	-0.0489014791	-0.0680667272	0.1088156246	-0.0277156827	-0.0844195428	0.0134774758691236	-0.0006808185090676	0.0001816423558028	4.635138422890301e-07	-0.0930827174504287	-0.0684879303158965	0.004690596598955	0.0086643922879563	-0.0667340791382145	0.0153100431658542	0.0002343974217403	0.0044534373184254	-0.0010007789311516	0.0002784564662152	1.0015584690369388e-06	7.753800357711249e-08	-0.0014130122016666	6.829123937999483e-07	4.663693376055757e-13	1.9966034820586924e-06	0.0010212892754837	-6.330736097540004e-05	1.0430317842180209e-06	4.007821953669604e-09	0.0	0.0	0.0	0.0	0.0	0.0	0.0	0.0	0.0	0.0	0.0	0.0	0.0	0.0	0.0	0.0	0.0	0.0	0.0	0.0	0.0	1.0	0.0	0.0	0.0	0.0	0.0	0.0	0.0	0.0	0.0	0.0	0.0	0.0	0.0
1104.6986771941033	-0.2834479165212542	0.0803427213802399	1220359.1673944015	1139.1314494218195	-18.08580156705557	1297620.4590618557	327.0962183229097	1074.532008408174	-1.4737006746092902	2.171793678343877	1154619.0370937043	1079.7158912545192	1065.6965700212363	1.395353	27.738964	0.0811862395337477	0.0653160301295891	0.0572656959	0.0207174925	-0.0714346991	-0.0974926891	-0.1043660504	0.0223513202	0.0019850452	0.0955634475	-0.0887279952	-0.0985513652	0.00930712	-0.0489630662	-0.0708050412	-0.0746200402	0.0019387729	-0.0068626744	0.0160183146	-0.057257263	0.0816369312	0.0270181305	-0.1159360695	0.1439192181	-0.0419505725	0.044115398	-0.1242520376	0.0787926409	-0.0499644961	-0.0671220802	0.0931579207	-0.0653441703	0.027132671	-0.0997836944	0.08612871	0.0093068759	-0.0131680045	-0.0221130618	-0.0167678026	0.0873519567	-0.0711741976	0.0770733519	-0.1379417123	0.0335518721	-0.0702493647	-0.0459395702	-0.0674734529	0.0612847484	-0.03914181	0.0249237136	0.1068631549	0.0608462431	0.020752236	-0.002602628	-0.0629051011	-0.1389577256	0.0071761345	0.1276656112	0.0263218758	-0.0897323804	-0.030122857	0.0445779845	-0.0109288374	0.0243165903	-0.0534946718	0.0399403345	0.0143434065	0.1038428181	-0.0257439724	-0.0216796746	-0.045706543	0.0707913414	-0.1397084137	-0.0562204046	0.0134938364	0.0423459776	0.0009450019	-0.0011161062	-0.025963832	-0.0594502025	0.1024315659	-0.0759507812	0.0875873466	-0.0533358952	0.0629683983	0.0565223612	-0.0892431118	0.0916957422	-0.0181340317	0.0750710439	0.1404123152	-0.0432719827	-0.048564124	-0.1473080782	0.0264261058	-0.0375754998	0.0214333739	0.0419596681	0.0122423671	0.0192633931	-0.1234035177	-0.0567164068	0.1503135414	-0.0608379742	-0.0656503786	0.1048684217	-0.1094025577	-0.0818095615	-0.0217226995	-0.0705299989	0.0513192159	-0.0044964213	-0.0217863173	-0.0006653662	-0.0420317826	0.011691687	0.1608212612	-0.0243622113	-0.0223779893	0.0543534112	0.0494929224	0.0031006428	0.0115101862	-0.0082431814	0.07880621	0.035334753	0.0187067805	0.0128310118	0.0826976036	-0.013824115	-0.0164508037	0.1223766845	0.0944740971	-0.1072457808	-0.0750615967	-0.0205901283	-0.0864944786	0.0350924397	0.0373734993	-0.1125167516	0.0593537226	-0.0202052964	0.025335507	-0.0250222872	-0.0841059849	-0.0465125478	0.0463879611	0.120473377	-0.0732692988	-0.0220148259	-0.0244616762	0.2047283628	-0.0584597065	-0.0098414595	0.1129314936	-0.0088204918	-0.0171529296	0.09779847	0.0114301701	0.1900175869	-0.0508269837	-0.0646102301	0.1099379598	-0.035970438	-0.0770291202	0.0177355400311398	0.0042580641620162	0.0003145493801961	1.813111040784672e-05	-0.0284867932291064	0.0645959242213223	0.0041726334260068	0.0008114973884778	-0.0733428483549687	-0.0066087692167541	4.36758305603179e-05	0.0053791734048199	-0.0009518254696737	4.895346147789997e-05	9.059717247195596e-07	2.3964413906682356e-09	-0.0014129569671199	5.5234546700094415e-08	3.0508551491649104e-15	1.996447390932666e-06	0.0009558283328352	-6.546094264849999e-05	9.136078018505178e-07	4.285135012430204e-09	0.0	0.0	0.0	0.0	0.0	0.0	0.0	0.0	0.0	0.0	0.0	0.0	0.0	0.0	0.0	0.0	0.0	0.0	0.0	0.0	0.0	0.0	0.0	0.0	0.0	0.0	0.0	0.0	0.0	0.0	0.0	0.0	0.0	0.0	0.0
1105.7972699348493	1.0985927407459712	1.2069060100197448	1222787.6021953658	1157.605525431784	18.474076009964392	1340050.5525101966	341.2914844219419	1074.3499462305606	-0.1820621776134885	0.0331466365173654	1154227.8069656084	1079.6264008476353	1090.8562726278562	1.291596	25.676332	0.0465579418870718	0.0260299965533926	-0.0905539056	-0.0059816632	0.1010304792	-0.0612138108	-0.0431065782	0.0017544158	-0.0457238314	-0.1037398215	-0.0977548033	-0.0321816959	0.0303804999	-0.0613210577	-0.1435544531	-0.0070863271	0.0145030362	0.0077871001	0.0471437237	-0.1201806812	-0.0051228896	-0.0562611781	-0.0611716402	0.0545228461	0.0911965731	0.1040346942	-0.0030217374	0.1533111048	0.1028482713	0.0273171629	0.1673651988	-0.1045294945	0.1270885459	-0.0562321518	0.0385310567	0.0687888894	-0.0132375092	0.055454535	0.0174304241	0.0097878658	0.0115355671	-0.0675459247	-0.1052559677	-0.1322683114	0.0251318551	-0.0149746387	0.0468674079	0.1193381154	-0.035473161	0.0448191503	0.0138917199	0.0530669216	0.0592673639	-0.1013956771	-0.0306790856	0.0496716996	0.120386916	0.0773216522	0.0328667857	0.0374758782	-0.1683353906	-0.0414003151	0.0347788275	0.0113252019	0.0036035059	-0.0407794521	0.0383366309	-0.1075741989	0.0350133161	-0.0242203538	-0.0058387547	0.0056607064	0.0523252053	0.1095892628	0.0130964928	-0.0040528326	0.027091758	-0.0035589403	0.0835847756	0.1040019727	0.0630676215	-0.0890812523	-0.0387000096	-0.0873314873	-0.1182557602	-0.0358968878	-0.0441506962	0.1413640481	0.0576008534	0.0363650204	0.1191040293	-0.1346043013	-0.045873864	-0.1636217466	0.0294494029	0.0539430001	-0.0204302704	-0.0526210859	0.0104031659	0.0247091739	-0.0345385923	-0.0949134053	-0.0780234819	-0.1151510485	-0.0167184813	-7.74166e-05	0.0276716433	-0.1157837456	-0.0186953348	-0.0338037043	0.0046095686	0.014125652	-0.011085054	-0.0247870794	0.1363169821	0.0124854055	0.0421245479	-0.1456613441	-0.058553134	-0.0955047999	-0.0213388943	-0.004712101	-0.0905622663	0.0515382803	0.0862060551	-0.0414468474	-0.0471150774	0.0230815243	-0.1181723366	-0.0079150023	-0.0200145909	-0.0054728683	0.0266632038	0.1334808532	-0.0121240103	-0.0270785745	-0.0512415288	0.0100570274	0.0736917058	0.0141237055	0.0780297153	0.1611638881	0.0405485633	-0.1046477753	-0.072100691	-0.0097748163	0.0505748567	-0.0488607593	-0.0250734528	-0.040146837	-0.1304696966	0.0003795894	0.0414363597	0.0359293334	0.1666105359	0.0121477956	0.0665024478	0.1320366109	-0.0280833534	0.0545819133	-0.0527333744	-0.0610565531	0.1106882998	-0.0440088629	-0.0689150546	0.0164924657320426	-0.0012430742990971	0.0002720014259225	1.5452337130759916e-06	-0.0135132157103328	0.0149735775187736	0.0002242080237107	0.0001826069988339	-0.0827857743878297	-0.009442926032861	8.916885206208418e-05	0.0068534844409926	-0.0013453429266076	-0.0003935174569338	1.809947590173102e-06	1.5485598891172377e-07	-0.001413628685948	-6.717188280999566e-07	4.5120618402397913e-13	1.998346061735069e-06	0.0009320502278704	-2.37781049648e-05	8.687176272732645e-07	5.653982757170463e-10	0.0	0.0	0.0	0.0	0.0	0.0	0.0	0.0	0.0	0.0	0.0	0.0	0.0	0.0	0.0	0.0	0.0	0.0	0.0	0.0	0.0	0.0	0.0	0.0	0.0	0.0	0.0	0.0	0.0	0.0	0.0	0.0	0.0	0.0	0.0
1104.5502551858006	-1.2470147490487309	1.555045784345069	1220031.2662310172	1145.1221341399707	-12.483391291813176	1311304.702097281	155.83505814451706	1073.7953959225486	-0.5545503080120397	0.3075260441162482	1153036.5523044628	1078.8477360879906	1043.9700251690977	1.68529	33.502792	0.035817134263157	0.0218687170212547	0.1374461619	0.0157738234	-0.0977494519	0.0088966159	-0.117374283	0.0512871496	0.03276766	0.0887250866	-0.1209713758	-0.0939565913	-0.0395755799	0.0756414169	-0.1032222623	0.02128139	0.0776489636	0.0254581416	-0.0620356648	0.0355066499	0.0966244672	0.0076287214	-0.1883647747	-0.0609977478	-0.0758683126	-0.0038272646	-0.0527607732	0.1003914176	-0.0458286888	-0.0173742046	0.0417335485	-0.1458656202	0.0458300967	-0.0098143399	0.0550338596	-0.0283692864	-0.103672585	-0.0021242194	-0.0961517366	-0.0967399067	0.0479059892	0.1082881942	-0.0866800725	0.119151544	0.1111204232	0.0658374372	-0.035965309	0.024518771	0.0456722406	-0.1181912955	-0.0252453477	-0.0140659743	-0.1250960412	0.167270135	0.0075956031	-0.050594953	-0.0377032304	0.0449910851	0.0116243372	-0.0585362806	-0.0223808679	-0.0085041261	0.0471077309	-0.0543242483	0.0381647669	0.095682878	0.0296096582	-0.1884047832	-0.231201243	0.0172634857	-0.0341813606	-0.0126265185	0.1720494397	-0.1087670905	0.080994175	-0.0244414042	0.0399313911	0.08274614	-0.0973124379	-0.0685954089	0.0287978223	-0.0027327246	-0.0084611777	-0.1854617077	0.0885127192	0.0261315166	0.0203927631	0.0958447436	-0.0409123112	0.0235627912	0.0626000102	-0.1274894638	-0.0214568022	-0.0725946985	0.0520886611	0.0719985386	0.0903665167	-0.0033603676	-0.0364478127	-0.0998818777	0.1058910466	-0.056023063	0.1439400402	-0.0216877559	0.1334178836	-0.0035632713	-0.0738846867	0.0349157804	0.1263040013	0.0920323946	0.049421457	0.0062452195	0.0265395349	0.1124888652	-0.1466307743	-0.0231785861	0.0751579883	0.0232492092	0.0313786813	0.0554163076	0.0425184793	0.0754529012	0.0087893235	0.0293691345	-0.0411128907	0.1028948904	-0.1029175547	-0.1882734755	-0.1507205462	0.0779978226	-0.0440853655	-0.0028547532	-0.1245785502	0.0632431201	0.1927538915	0.0473953151	-0.010374617	0.0156904462	-0.1250116867	-0.1270777535	-0.1602669735	0.0157465579	0.0673746179	-0.0783535423	-0.1235963644	-0.0680020489	-0.0154396226	0.1132508868	-0.0334494445	-0.0404193806	-0.0232831361	0.0530925463	-0.0912501638	0.0235825855	0.0800550195	-0.1950836904	-0.0763814055	0.0541823981	-0.0664697616	0.0346265295	-0.0546199342	-0.0574110412	0.1110641056	-0.0517826133	-0.0601535728	0.0159324140618934	-0.0005600516701492	0.0002538418178396	3.13657873236911e-07	-0.0129718655481667	0.000541350162166	2.9305999807726216e-07	0.0001682692957997	-0.066746163151663	0.0160396112361667	0.0002572691286073	0.0044550502954684	-0.0016038957751382	-0.0002585528485306	2.572481657506168e-06	6.684957548328747e-08	-0.0012987493545473	0.0001148793314006	1.3197260783071828e-08	1.6867498859370284e-06	0.0009319599839082	-9.02439621999502e-08	8.685494116061725e-07	8.143972713546039e-15	0.0	0.0	0.0	0.0	0.0	0.0	0.0	0.0	0.0	0.0	0.0	0.0	0.0	0.0	0.0	0.0	0.0	0.0	0.0	0.0	0.0	0.0	1.0	0.0	0.0	0.0	0.0	0.0	0.0	0.0	0.0	0.0	0.0	0.0	0.0
1106.7284189922602	2.178163806459679	4.744397567770919	1224847.793405108	1146.6656959819518	1.5435618419810453	1314842.2183417738	2.382583160019917	1074.9993481800502	1.203952257501669	1.449501038343365	1155623.5985875328	1080.0856842183202	1079.1002409473197	1.513177	30.081255	0.1232783068741624	0.0662628090816883	-0.0331896048	0.0815449381	0.0866794577	0.0287772753	0.1100780116	0.1563911806	0.0449693672	0.0214132511	-0.1488893731	0.0157727885	0.0412699602	-0.1560077918	0.0189581691	-0.009714414	-0.0024567253	-0.0143281957	-0.0227295894	-0.1105009107	0.0156617981	-0.0599416235	-0.1051147607	0.0810243653	-0.1067139766	-0.0593987402	-0.0937857111	0.0206608455	-0.0178976526	-2.37931e-05	-0.1051263852	0.0582958322	0.0288818984	0.0134325964	-0.0192628021	-0.0352207084	0.1188143226	0.1435442738	0.1446737692	-0.100771124	0.1212360495	0.0074520678	0.0425107572	0.1172669123	0.0392237639	0.0053785029	0.0023969518	-0.005623236	0.0271235019	0.0559091816	-0.0898632183	0.0743316478	0.1836513165	-0.1234565893	0.100698465	-0.0265404117	-0.1655553036	0.0637284761	0.0372045264	0.1068427126	0.0621027848	0.0767682336	0.0102812252	0.049336201	0.1667018195	0.0417130567	0.1732541276	-0.0221256636	-0.0260110304	-0.1343338628	0.1003365035	0.0384480604	0.1361982758	-0.0401129878	-0.0105198788	0.0251184432	-0.0088363688	0.0070841774	-0.0336069889	0.0482861485	0.0896617068	-0.1465515235	0.017490063	-0.0275451761	0.1216285017	0.0895998281	0.0169897759	0.0409508558	0.0398029173	0.001505439	-0.0799439749	0.0601685834	0.0641168444	0.0190842701	-0.0247549678	-0.1185394945	-0.070518563	-0.2201540211	0.0530588941	0.0380787645	0.1226963318	-0.0295605012	0.0337425952	0.0583544521	0.0057535215	-0.0557783563	-0.0177613604	0.0007418669	0.0502438144	-0.0097393409	0.0787609753	0.1465992291	0.0136317782	-0.1970734558	0.1388588328	-0.1061926704	0.0470094629	0.0862007577	0.0191867897	0.0707874255	-0.0712936263	0.0512340333	0.0891252554	-0.0645197961	-0.0151725892	-0.0489557976	-0.208698384	0.0666418263	-0.0487722435	0.1593331607	0.1356207713	-0.0411655516	-0.0519467256	0.0270717082	0.1254326763	-0.012440499	-0.0879742616	0.0166447123	0.0134030745	0.0340043473	0.146484742	0.0206613287	0.0718650245	-0.0751200926	-0.0339109246	-0.0693627309	-0.0510218197	0.0764521953	-0.0067061854	-0.1624238168	-0.0615416482	-0.1603739618	-0.1281361981	0.0019998751	0.0436754794	-0.0903462676	-0.0561679419	0.1050429991	-0.147013038	-0.0958216018	-0.0564859537	-0.0536791777	0.1110641056	-0.059244937	-0.0508269837	0.013024767353329	-0.0029076467085643	0.0001696445646083	8.454409381825388e-06	-0.0670327272340358	-0.0540608616858691	0.0029225767662186	0.0044933865204326	-0.0827636191089169	-0.0160174559572539	0.0002565588953425	0.0068498166480058	-0.0009012088718179	0.0007026869033203	8.121774306432921e-07	4.937688840978728e-07	-0.0014130054880152	-0.0001142561334679	1.3054464035034581e-08	1.9965845091610736e-06	0.0011208637975695	0.0001889038136612	1.256335652701921e-06	3.5684650815783135e-08	0.0	0.0	0.0	0.0	0.0	0.0	0.0	0.0	0.0	0.0	0.0	0.0	0.0	0.0	0.0	0.0	0.0	0.0	0.0	0.0	0.0	0.0	0.0	1.0	0.0	0.0	0.0	0.0	0.0	0.0	0.0	0.0	0.0	0.0	0.0
1106.8411714247686	0.1127524325083868	0.0127131110365583	1225097.378760954	1161.5644905464108	14.898794564458967	1349232.0656983429	221.9740794739521	1075.0178719347136	0.0185237546634198	0.0003431294868305	1155663.4249790404	1080.1788535661433	1070.432959538537	1.449479	28.814974	0.0541599801184077	0.0324085074981176	0.0745180069	-0.0838762284	0.0031359035	0.1262088424	-0.0202687242	-0.0380113646	0.0236226173	-0.0937519605	0.0204902689	-0.0668013799	0.0681660455	0.0558811618	0.0330979563	-0.0598875273	-0.066181081	-0.0786166565	-0.0085373553	-0.024820788	0.0365068776	-0.1032452868	0.037358017	-0.0281557768	0.1432237949	-0.0859540889	-0.1156416795	-0.069867769	0.211606473	0.0739777706	-0.1223343846	0.0652701948	-0.0175018065	0.0833861875	-0.0011001318	0.1275538256	-0.0075014157	-0.1123715346	0.006013541	0.0042206219	-0.0063237782	-0.0213847791	-0.0066599109	-0.0245566364	0.1118139173	0.0403668891	0.1158576507	0.0540388259	-0.1174087274	-0.0827018411	-0.212854121	-0.0608383005	0.0095628508	0.0767950146	-0.039536079	0.0793293052	0.0488343669	-0.0793964527	-0.0495388394	-0.1247807622	-0.0208726817	0.071924685	0.0612424983	0.0345444313	0.0364322584	-0.0345699916	0.1127695379	0.0295172722	0.0537548169	0.0794732437	0.0269321077	-0.0627160264	0.0401556486	-0.0823840784	-0.1509668885	0.0441909351	-0.0329206421	-0.0923705664	-0.0216100995	0.0126146397	0.0312914975	0.0329034972	-0.1367344443	0.0053001665	-0.1050125073	0.1069181973	-0.1148537569	-0.00516484	0.2199408147	-0.1164882138	-0.0797358156	0.0705727347	0.0111611674	0.0729337231	0.1048697911	0.0870211144	-0.0687613291	0.1039408477	0.0070775231	0.0176306029	0.0275607145	-0.0147356212	-0.038164018	0.0015196212	0.0804235821	-0.0966384244	0.0594575269	-0.0951433405	-0.0902535527	0.2121698866	0.0036899297	0.0308740517	0.1613418587	0.0050823172	-0.0459357138	0.0355990908	-0.1064811781	-0.0307390471	-0.0051370862	0.0363033585	0.0896139309	0.0913561451	0.0225780034	0.0326757009	0.0266532087	-0.00916177	-0.0886057156	0.0270648252	0.0432253639	-0.0969976201	0.1244177869	-0.0267683904	-0.1422324752	-0.116682	0.0014363337	-0.0152199072	-0.0410237572	-0.0393211525	0.1124452847	-0.0837626838	-0.0632647265	-0.0027654949	0.0461039177	-0.0057343377	0.0812157101	-0.0320081297	-0.1098661609	0.0163452058	0.0997024389	0.0172609688	-0.1186537955	-0.0380680399	-0.093265537	-0.0619684248	-0.0398537342	0.1113402903	0.0742884775	0.1937703072	-0.0169892153	0.0397942222	-0.0583307311	-0.0498665756	0.1106882998	-0.0663509546	-0.0410229053	0.0174484943973567	0.0044237270440277	0.0003044499567345	1.956936096006207e-05	-0.0582797759151674	0.0087529513188684	7.661415679048016e-05	0.0033965322807221	-0.0827083880206203	5.5231088296595066e-05	3.05047311442628e-09	0.0068406774489694	-0.0014778451300123	-0.0005766362581943	2.184026228301072e-06	3.325093742644387e-07	-0.0011858191802891	0.0002271863077261	5.161361841821826e-08	1.4061671283415128e-06	0.0011061249501457	-1.4738847423800005e-05	1.2235124053348273e-06	2.17233623382056e-10	0.0	0.0	0.0	0.0	0.0	0.0	0.0	0.0	0.0	0.0	0.0	0.0	0.0	0.0	0.0	0.0	0.0	0.0	0.0	0.0	0.0	0.0	0.0	0.0	0.0	0.0	0.0	0.0	0.0	0.0	0.0	0.0	0.0	0.0	0.0
1104.9658585982763	-1.8753128264922907	3.516798197206505	1220949.548667826	1142.748405698397	-18.816084848013816	1305873.918726228	354.0450490076551	1075.1367466323843	0.1188746976706625	0.0141311937462914	1155919.0239592677	1080.242166222009	1087.5595167447857	1.504691	29.912563	0.0378294786513939	0.021093176708481	-0.0357701416	0.1196075508	-0.0106506333	0.0195797175	0.1785240224	-0.0641556612	-0.0138717087	0.094602346	0.0545600502	0.0555663589	0.1933454186	-0.0479762575	0.0148738249	-0.0073248006	-0.02315041	-0.1126700798	-0.014119936	-0.0277157962	0.0586391126	0.034635205	-0.0223667663	0.010886881	-0.0530587483	-0.0032306047	0.0878931703	0.0377128173	-0.0594217584	0.0452497555	0.0399142571	0.0739178144	-0.0734409789	0.1064748652	-0.0492205422	0.1467199636	0.0400139578	-0.1020535042	-0.0187655952	0.0688292524	-0.2295754742	-0.041764915	-0.1006509121	0.1219931229	-0.0287996908	-0.0595534345	0.1128170134	-0.1196070639	0.0298010921	-0.0422511878	-0.052484318	0.0037121324	0.0690523086	-0.1206080622	0.2507570648	0.1536919655	0.0767420143	0.1017762736	0.0981537934	-0.0062697887	0.1093175416	-0.0720800065	-0.0164132485	0.0756520468	0.0324071663	0.0448643661	-0.1005392714	-0.0431147038	0.0209563733	-0.0448681648	0.0446372634	-0.1073122839	-0.0459170095	0.0069853309	0.0220481083	0.1746032325	0.0176540788	-0.0951108392	-0.0690601098	-0.0344486009	0.0729854129	-0.0450386306	0.0422826385	-0.0102027758	-0.0044887199	-0.0046135269	0.0977414535	0.0351153487	-0.0759039217	0.0410846968	-0.0342646291	0.0181796686	0.0009313922	0.130767033	0.0276534598	0.048630229	-0.1360630028	0.1501466998	0.0490565096	-0.0549793249	-0.1919890351	-0.0707469109	0.0421197369	0.077648912	-0.0532283182	0.0322013208	0.1967422677	0.1405638425	0.0042815894	0.1568392145	0.0398758471	0.1197926221	-0.12062986	-0.0842074391	0.142946509	0.0213141404	-0.0181291514	-0.1474351495	-0.0565132966	0.1563569675	-0.0348260426	-0.0790933636	0.0175702194	0.1170410343	-0.0498042482	-0.0084677062	0.0585979776	0.0726943901	0.0053166977	0.0637242528	-0.0384972707	-0.0838274254	0.0264920912	-0.0473474481	-0.0079916886	-0.1341558013	-0.0691439052	0.065343741	-0.1121187727	0.0366747594	0.0875368583	-0.0996817564	-0.105498962	-0.0538435226	0.141395787	0.0406382928	0.0582011594	-0.0374442247	0.0561576137	0.0049552086	-0.1631746497	-0.0446027713	0.0278186806	-0.095099624	0.0616849172	-0.0887460719	0.1618550009	0.0490894947	0.0246168323	0.0288399211	-0.0601535728	-0.0459789694	0.1099379598	-0.0730579298	-0.0308334408	0.0183953744992493	0.0009468801018925	0.0003383898029676	8.965819273601389e-07	-0.0495638374494262	0.0087159384657412	7.59675833385871e-05	0.0024565739827131	-0.0828273327490904	-0.00011894472847	1.4147848430825704e-08	0.0068603670503285	-0.0011899585518329	0.0002878865781794	1.4160013550802526e-06	8.287868189584378e-08	-0.0012370266495023	-5.120746921320014e-05	2.62220490322084e-09	1.5302349315788862e-06	0.0008842646904325	-0.0002218602597132	7.81924042745685e-07	4.9221974840008557e-08	0.0	0.0	0.0	0.0	0.0	0.0	0.0	0.0	0.0	0.0	0.0	0.0	0.0	0.0	0.0	0.0	0.0	0.0	0.0	0.0	0.0	0.0	0.0	0.0	1.0	0.0	0.0	0.0	0.0	0.0	0.0	0.0	0.0	0.0	0.0
1103.9341333801992	-1.0317252180770993	1.064456925616238	1218670.5708418917	1151.4533548932254	8.704949194828487	1325844.828494864	75.77614048454512	1075.2687619772028	0.1320153448184555	0.0174280512675357	1156202.9104839864	1080.5113704208068	1075.0216712556444	1.339364	26.625929	0.0875119398227279	0.0644514708467209	-0.0356258651	-0.0952914878	0.0172914189	0.082393518	-0.0022513959	-0.0735801136	-0.0858675404	-0.0556526866	0.1041010045	0.0044377916	0.0293150718	0.0859443264	-0.0015894653	-0.0953226695	-0.0547128733	-0.0874960245	0.0323321623	0.014495218	-0.0208043783	-0.0596291037	0.0595820482	-0.117540892	0.087704354	0.0456392019	-0.0448894658	0.075006963	-0.0368936528	0.059537899	-0.0252530671	-0.0380283729	0.0222957491	-0.0407722389	0.0397479958	0.086531147	0.0982717141	0.0328830678	-0.0871602107	0.1474808493	-0.0753905567	-0.0483959049	-0.0485903537	-0.1406439063	0.0302914991	-0.1025996608	0.0205991873	-0.0351528819	0.0091451662	-0.0918444912	-0.0903808239	0.0234419408	-0.0462882345	-0.0847770326	-0.0726261741	-0.0247292659	-0.0125747883	0.0611381778	-0.047691354	0.0296291762	0.0718972011	-0.036400339	-0.0326558616	0.0633525122	0.0996605588	-0.0937056223	-0.0124999368	0.0225472425	0.0194828073	-0.0984159527	-0.0144816673	0.1251860668	-0.0745219328	-0.0168422945	0.0514246322	0.1389113009	-0.0027250576	-0.1130304728	0.0286258833	0.0081625292	-0.0114027681	0.0658630201	-0.1147597436	0.0018578779	-0.0361250765	-0.0761643436	-0.0753803782	0.0897338819	-0.0554413303	-0.0167580449	-0.0573940733	-0.0079042434	-0.0138366556	-0.0748711463	0.0833075098	-0.0410031931	-0.0826140803	0.0394161636	-0.0570350927	-0.0029876625	-0.1220505318	0.0174124453	-0.0953866904	-0.0649929138	0.0599736618	0.1129206117	0.1032017741	0.0019009759	-0.0529721837	0.0061406898	0.0693042947	-0.0961918688	0.1344107301	0.0439475528	0.0840689644	-0.0088011842	-0.0208739502	-0.0396761546	0.0604197237	0.0149013809	-0.0379460987	-0.0621428515	0.0452833693	0.0307050232	-0.0399750984	-0.1529747963	-0.0178325329	0.0154566203	0.0078880304	0.0509664483	0.0203823948	0.1181788377	0.1371733789	-0.0095897127	-0.0482254275	-0.147566766	-0.0128059186	0.0093316876	0.171942753	0.0127531525	-0.0037654878	-0.0217715529	-0.1867817572	0.0065137707	-0.013817573	0.017770906	-0.0921554276	-0.0153640751	-0.0374483821	0.0149550044	-0.059222546	0.1337209409	-0.0747478235	-0.0854671458	-0.0450146521	-0.2049946915	0.0018863966	0.0937668402	-0.0217764989	-0.0218888048	-0.0619537931	-0.0420222065	0.1088156246	-0.0793255261	-0.0203543145	0.0155035411030439	-0.0028918333962054	0.0002403597867337	8.362700391408858e-06	0.0132137549979773	0.0627775924474035	0.0039410261134922	0.0001746033211465	-0.0917543580857795	-0.008927025336689	7.969178136188911e-05	0.0084188622277334	-0.0010539862313734	0.0001359723204594	1.1108869759247024e-06	1.8488471931140938e-08	-0.0012799255039595	-4.2898854457199855e-05	1.8403117137400159e-09	1.6382092956859798e-06	0.0008048260925006	-7.943859793189999e-05	6.477450391697843e-07	6.310490841386065e-09	0.0	0.0	0.0	0.0	0.0	0.0	0.0	0.0	0.0	0.0	0.0	0.0	0.0	0.0	0.0	0.0	0.0	0.0	0.0	0.0	0.0	0.0	0.0	0.0	0.0	0.0	0.0	0.0	0.0	0.0	0.0	0.0	0.0	0.0	0.0
1103.908071724168	-0.0260616560312882	0.0006792099150931	1218613.0308177706	1143.0906824337303	-8.362672459495116	1306656.3082668113	69.93429066479808	1073.443086558037	-1.825675419165691	3.333090736145821	1152280.0600792454	1078.52421109591	1066.7120673235472	1.254996	24.948732	0.0741888534297732	0.0384487395096242	0.0385085155	0.0708269647	-0.0513880268	-0.0322463149	0.0762522718	-0.0262563187	-0.0142620457	0.0891882944	0.0751585408	0.0538014237	0.0391683833	0.0993174844	-0.010084117	0.1179251856	0.0369180574	-0.0425138565	-0.0084360747	0.0534445743	0.1153650512	-0.0105598207	-0.1044347081	-0.0125133778	0.0755342007	-0.008324515	0.0869233992	-0.0478086572	-0.1392765472	0.0747307953	0.0357148614	0.1230189054	-0.0786649166	-0.0527326573	0.0059108808	0.0605258462	0.0926717913	-0.0974642455	0.0712236809	-0.0380249198	0.1037312986	0.0519277	-0.0085577315	0.0495145519	-0.0260515026	-0.0311528762	0.0317625536	-0.0588300692	-0.0439555134	0.0079014056	-0.0035176268	0.0098566722	-0.0279177161	0.0804142865	-0.1835228491	-0.0924450731	0.0091777767	0.0220895385	0.1019387238	-0.0288609692	0.0477062657	-0.1202343888	0.1095808505	-0.0516744769	0.0896345771	-0.0702658059	-0.142745646	-0.1433419222	0.0804341595	0.0286751362	-0.0049478204	0.2327473934	-0.0431006756	-0.066456075	0.039453845	-0.1120081999	0.0412439381	-0.0006152867	-0.0639766883	-0.0931671306	0.0299501189	-0.0077265922	-0.0220808309	-0.1256106743	-0.0890274729	0.0246161106	0.0267210662	-0.0698772315	-0.1172446216	0.1082164506	-0.0853727774	0.0927241404	-0.0350423717	0.0544324696	-0.0048272373	-0.0323831055	-0.0677933025	0.0756461607	0.1285444262	0.1159448363	0.0860308057	-0.0168075041	0.081027083	-0.0041494885	-0.0315491762	0.0509967783	0.0015673419	0.0063010995	-0.0878402399	-0.0413850124	0.0289232569	-0.0285951263	0.0718624622	0.0228411901	-0.1284865919	-0.0405122622	0.123741489	0.0215139305	-0.0901680771	-0.0851345205	0.1171966307	-0.0509098112	-0.0532675827	0.1094662263	-0.1929914246	-0.0697609334	0.0791380249	-0.0622465967	-0.1056158281	0.020330948	0.1245941164	0.1975715671	-0.000447958	0.0540797483	0.006629449	0.098932272	0.0312762281	0.0147657719	-0.0710411562	-0.0571775357	-0.0177329838	0.0372995563	-0.123048884	-0.0499731303	0.0535602275	0.0647004127	0.1403184447	-0.0581670924	-0.0199759881	0.0986439572	-0.123048164	-0.0733347019	-0.0508604814	0.0002605798	0.065207681	-0.0962049012	0.0266052631	0.14013217	-0.1244875619	0.0802150332	-0.0637307152	-0.0380022381	0.1073250918	-0.0851160492	-0.0096839714	0.0185148739299876	0.0030113328269436	0.0003428005566433	9.068125394628722e-06	-0.009858933011003	-0.0230726880089802	0.0005323489319597	9.719856011544468e-05	-0.0749266156624202	0.0168277424233593	0.0002831729150669	0.005613997734624	-0.0014930611336031	-0.0004390749022296	2.2292315486761736e-06	1.927867697680205e-07	-0.0010941008616047	0.0001858246423547	3.4530797706289256e-08	1.1970566953641472e-06	0.0008041838336753	-6.422588252999765e-07	6.467116383447026e-07	4.124963986757058e-13	0.0	0.0	0.0	0.0	0.0	0.0	0.0	0.0	0.0	0.0	0.0	0.0	0.0	0.0	0.0	0.0	0.0	0.0	0.0	0.0	0.0	0.0	0.0	0.0	0.0	0.0	0.0	0.0	0.0	0.0	0.0	0.0	0.0	0.0	0.0
1104.5244005754175	0.616328851249591	0.3798612528826405	1219974.151466485	1152.1338378290625	9.043155395332178	1327412.3802707244	81.77865950412549	1072.9135501703238	-0.5295363877132786	0.2804087859124277	1151143.486139088	1078.0140081333611	1079.0480820373373	1.310488	26.051888	0.1107191130045257	0.0527725947001717	-0.0523280994	-0.0976975641	0.0844611096	0.004866595	0.0071668213	-0.0397471794	-0.0277799911	-0.0687992002	0.0941181559	-0.071482369	0.0619032871	-0.0673806245	0.0558923971	0.0077820961	0.0876359744	0.0043233931	0.0425011792	-0.1544842094	-0.1353336955	0.0618286929	0.0281406756	-0.0910053544	0.0553538697	0.0448774365	0.0402915784	0.1032530203	0.1275418266	-0.0128398462	-0.0221747043	-0.0486571997	0.0402477821	0.1055013928	0.1090797313	0.0158417061	-0.0201862893	-0.0224541838	0.0936625263	-0.0275596139	0.03323662	0.1296848115	0.0768598533	0.0003846373	0.1073446529	-0.1476695994	0.060026985	-0.0097198844	-0.0536330745	-0.0083286242	-0.1283261899	-0.0377167741	0.0049395492	0.076589475	-0.0933419205	0.0236008957	-0.0497720524	0.0349514042	0.0283989292	-0.0147838526	0.0590353718	0.1392174749	0.0337687432	0.0874266815	0.0063877015	0.0385637819	0.0023843765	-0.0738757755	0.0006072885	0.034746684	-0.0253167923	-0.1143502576	-0.0572586479	-0.0327226355	0.0972078157	0.0794428588	0.0806512537	0.0285206785	0.0820849972	0.1718176312	0.0578924454	0.0806821279	0.0050524223	-0.0107227612	-0.000387751	-0.0519620409	-0.0036049836	0.0668104825	0.0306431915	-0.1322564402	0.0442466183	-0.0387901645	0.0327670752	0.0532616131	0.1039972333	0.1109527963	0.0579992957	-0.0966309933	0.0877551579	0.0583710411	0.0581754921	0.1535438563	0.0403747797	-0.0184892977	0.0768255401	0.0655535247	0.1187628954	-0.0441714136	-0.0889043265	0.074889889	0.0307532228	0.0501768319	0.1147865548	-0.0072768444	-0.0380177344	-0.1314880582	-0.0098072864	0.0527430073	-0.0619500956	0.0702296832	0.0038776311	0.0897936746	0.076006938	0.0950165915	-0.0124041353	0.0074644457	0.0225561284	0.0590488406	-0.036056432	-0.0834193276	-0.0790245213	-0.0503652719	0.0366078194	-0.0512410013	0.0924462951	-0.0735715774	-0.1049803803	0.0408730692	0.0753776155	0.1201851144	0.0041666407	-0.0322038939	-0.0945715748	0.0112844088	0.0167931307	0.0215189319	0.0840619342	-0.0658534165	0.0938510836	0.1360774337	-0.1610272497	-0.0524337163	-0.0552736205	-0.0205297817	0.0371878647	-0.1905216649	0.0245818744	0.0338765883	-0.1314692881	0.08711149	-0.0654836707	-0.0339251109	0.1054714048	-0.0903946745	0.0010773469	0.0168098440265112	-0.0017050299034763	0.0002825708561956	2.9071269717487354e-06	-0.0349392768403049	-0.0250803438293019	0.000629023646596	0.0012207530661234	-0.1058841079974826	-0.0309574923350623	0.0009583663316754	0.0112114443264225	-0.0009597662267588	0.0005332949068442	9.211512100268244e-07	2.844034576660705e-07	-0.0012035867431599	-0.0001094858815551	1.1987158259919242e-08	1.448621048310255e-06	0.0012209279840095	0.0004167441503342	1.4906651421375022e-06	1.7367568683777437e-07	0.0	0.0	0.0	0.0	0.0	0.0	0.0	0.0	0.0	0.0	0.0	0.0	0.0	0.0	0.0	0.0	0.0	0.0	0.0	0.0	0.0	0.0	0.0	0.0	0.0	0.0	0.0	0.0	0.0	0.0	0.0	0.0	0.0	0.0	0.0
1105.6800814848525	1.1556809094349774	1.3355983644324565	1222528.44259235	1140.664352021231	-11.46948580783146	1301115.1639720148	131.5491046960473	1075.0377313903623	2.1241812200385084	4.512145855564286	1155706.1239129368	1079.9972964479036	1055.4164569498182	1.427934	28.386665	0.0879272639795233	0.0464347866118583	0.117509506	0.0072384533	-0.0558632669	0.0313345579	-0.0654835708	0.0573783322	0.0393728146	0.0740266571	0.1642345006	-0.0177150174	0.0457670113	0.0404948487	0.040577805	-0.1294524227	-0.0089402636	0.019231239	-0.0839448442	-0.0633851467	0.1600061362	-0.0002721052	0.0758730611	-0.0252064446	0.0931493282	-0.0035296794	-0.0663328359	-0.1275998777	0.0369064735	0.0392966049	0.0038817059	-0.0034715596	-0.0774109044	0.0205636213	0.009448224	0.0327032949	-0.0127349276	-0.026030356	0.0493660041	-0.0148848045	0.0735591051	-0.0809733368	-0.0252985048	0.0618737469	0.1490508314	-0.0272742893	0.136642338	-0.0887171422	-0.0564584492	-0.0330714285	0.0264035409	0.0233155566	0.0337535132	-0.0246472496	-0.0074470802	-0.1749773597	-0.1042881953	-0.0265134036	0.0296088879	-0.0340293012	-0.026685146	-0.1240105639	0.0380830374	0.0893855871	-0.0514498178	-0.0598575334	-0.0902725413	0.1290433528	0.1068847532	0.079175579	-0.118078911	0.0793223424	0.1600170936	0.053188112	-0.0402259038	-0.0373522595	-0.0258504075	0.040957031	-0.1053710447	-0.0251315481	0.1103723722	0.026883333	-0.0299502858	0.0589253794	-0.1071379922	-0.0003069357	-0.0883968835	-0.0696345249	0.0572372047	0.0143116467	-0.0385649749	0.0281436543	-0.0797241265	0.0805364975	0.0298344647	0.0437749332	-0.0101670076	0.006100193	0.0025664349	0.0705722889	0.0476588246	-0.1340036824	-0.014020553	0.0774007268	0.1277598169	-0.0360299624	0.1150089977	0.0096863642	-0.1006692071	-0.0021034157	0.0586410899	0.0111257818	-0.0123709237	-0.0301253463	0.0071936378	0.0243784011	0.1720912029	0.1406720647	0.0773116306	-0.0937474462	0.1080311309	-0.0893086197	-0.0034774709	0.0221879124	0.0331941582	-0.0558999093	0.0867037149	0.0055499623	0.1650103142	0.0171701902	0.0140248622	0.1475008324	-0.1429335004	0.0984783918	0.0500212807	0.0120330022	-0.0243449051	-0.0288650878	0.0573827613	-0.1488384021	-0.0030535742	-0.1116336804	-0.0753057244	0.0439660053	0.0577801865	-0.0125932595	0.0623069777	0.0185581677	0.1090719031	0.0176923046	0.0318673473	-0.0938535098	-0.0815623754	0.0907957158	-0.040670551	0.0212880169	-0.035181346	-0.0415958072	-0.1100580317	0.0001621804	-0.0672120005	-0.029796957	0.103260836	-0.0951296555	0.0118285441	0.0150880302157361	-0.0017218138107751	0.0002276486557909	2.9646427989758743e-06	-0.0656791488804628	-0.0307398720401579	0.0009449397330452	0.0043137505976619	-0.0815700498071123	0.0243140581903703	0.0005911734256847	0.0066536730255347	-0.0013609026596516	-0.0004011364328928	1.8520560490467987e-06	1.6091043779395985e-07	-0.0010173120771928	0.0001862746659671	3.469825118115468e-08	1.0349238624023294e-06	0.001185308684105	-3.561929990450008e-05	1.4049566766147266e-06	1.2687345256867192e-09	0.0	0.0	0.0	0.0	0.0	0.0	0.0	0.0	0.0	0.0	0.0	0.0	0.0	0.0	0.0	0.0	0.0	0.0	0.0	0.0	0.0	0.0	0.0	0.0	0.0	0.0	0.0	0.0	0.0	0.0	0.0	0.0	0.0	0.0	0.0
1108.493030608515	2.81294912366252	7.912682772313738	1228756.7989076502	1151.2071509677326	10.542798946501534	1325277.9044392435	111.15060962635388	1076.5820986367823	1.5443672464200515	2.385070191815053	1159029.0151051786	1081.611324014082	1070.7972024814503	1.275123	25.348845	0.111580294868049	0.0821006038996532	0.0616757426	0.0668211536	0.0445855792	0.0274471567	0.1991532711	0.0316991808	0.0888179292	0.0550871557	0.1511108102	0.0838333346	0.0763017834	-0.0099778725	-0.0150198816	0.0592193347	-0.1339023412	-0.0103596048	-0.0655509776	-0.007918002	0.0576904874	-0.0085541215	0.0641736062	0.0143743672	-0.0438130665	0.0114823509	-0.0202902863	0.1393765484	-0.0308196321	0.0076316774	0.0699622251	-0.0193752788	-0.1070837721	-0.0480799623	-0.119440436	0.0326392008	0.1215318206	0.119834492	-0.1016627496	0.0651093315	0.0065407661	0.0736078595	0.0191946682	0.0438739087	-0.0554810044	-0.0771436617	-0.0153735119	-0.160568302	-0.0807151918	-0.0673832523	0.1393981442	-0.052614729	0.104062205	0.0447373996	-0.1396617291	0.0516094238	-0.1140861771	0.0076073167	0.1280820469	-0.1119681573	-0.0223137317	0.0278841514	0.0272322171	0.0134024287	0.0421054074	0.11263466	0.0049857105	-0.0945885982	-0.0128327114	0.0093751602	-0.0648295726	-0.1381182711	-0.0012476413	-0.0215760932	-0.1325554353	-0.0654615153	-0.1278431077	-0.0414788427	-0.073013433	-0.0042551539	0.0286693276	-0.0374380755	-0.0020964482	0.0650365687	-0.0270894649	-0.0165826206	0.028387365	0.153124733	-0.0681870416	0.0246100451	0.0395986563	-0.0015152155	-0.0729117868	0.0348927308	-0.1005489635	-0.0942851316	-0.1342107914	-0.0429408368	-0.101350663	-0.0118980017	-0.0018549271	0.0591389683	0.0604786226	-0.0423096394	-0.0224058622	0.102905228	0.0269178093	0.1128605829	-0.1192278356	0.003877458	0.0633386	-0.1684206653	-0.0736821829	-0.0927233498	-0.0670778143	-0.1711346932	0.0334698617	0.0842740952	-0.070630518	0.0593030823	0.1344165642	0.0699928898	-0.0558178718	0.0989495632	0.0083061798	0.0773655813	-0.0746092563	0.0176319858	-0.0500452048	-0.0013526046	-0.0844507266	-0.0611070161	-0.116303258	-0.0660189064	-0.0659463261	0.0314773705	-0.0180447571	-0.0280811295	-0.0809052304	0.0084025193	-0.0263237342	0.06924741	-0.158388402	-0.0248347764	0.1641090896	0.1071229563	0.0607681482	0.1251498411	-0.0192472398	-0.0651093194	-0.0089791276	0.0766240218	-0.1028492786	-0.0313797653	-0.1330813843	-0.0289504102	0.0889743976	-0.1108268578	-0.0728798659	0.0682885527	-0.0689150546	-0.0256239856	0.1007008652	-0.0992925156	0.0224686191	0.0159554460970383	0.0008674158813021	0.0002545762601554	7.524103111352714e-07	0.0139116915938473	0.0795908404743101	0.006334701887407	0.0001935351630023	-0.0716045994540905	0.0099654503530217	9.93102007385422e-05	0.0051272186629807	-0.0011699718790647	0.0001909307805868	1.368834197802185e-06	3.645456297552295e-08	-0.0010610839078508	-4.377183065800002e-05	1.9159731591526308e-09	1.125899059499925e-06	0.0009968795321616	-0.0001884291519434	9.937688016427304e-07	3.550554530210896e-08	0.0	0.0	0.0	0.0	0.0	0.0	0.0	0.0	0.0	0.0	0.0	0.0	0.0	0.0	0.0	0.0	0.0	0.0	0.0	0.0	0.0	0.0	0.0	0.0	0.0	0.0	0.0	0.0	0.0	0.0	0.0	0.0	0.0	0.0	0.0
1105.9881318580606	-2.5048987504544584	6.274517750028307	1223209.7478108827	1164.771434289234	13.564283321501534	1356692.4941361996	183.9897820259647	1075.4638952474795	-1.1182033893028347	1.250378819848347	1156622.5899808817	1080.7965828329789	1107.4202744289562	1.47353	29.293091	0.0453154590533593	0.0225714857235484	-0.0351312254	-0.0622756102	0.0898903702	0.0715604652	-0.0057846917	-0.1249718742	-0.0059378962	-0.0962766604	0.0833554713	-0.0123356404	0.1978072515	0.0844359994	0.0606063695	0.0043597505	-0.0758835252	-0.1124038002	0.0281949064	-0.0494440444	-0.1165266562	0.0860458746	-0.0016233754	-0.0275836714	0.1051521233	0.0044830332	-0.1457147989	0.0696293583	0.0353155752	0.085730662	0.1265295378	-0.0608869217	0.010010578	-0.0164103614	-0.0343449535	0.0017024425	0.0149619383	-0.1011073747	0.1128997318	0.078642429	0.0981028021	-0.0124469499	0.0264230435	0.0632948664	-0.1498400635	-0.0199346787	-0.0719756171	-0.0797486894	0.1131780843	0.1073666716	0.0094387024	-0.0132011652	-0.0781514126	-0.0463612676	0.0933857954	-0.0201305539	0.0493945619	0.0836137163	0.0614870002	-0.0379002752	-0.0016433904	-0.0021698558	0.0540973427	-0.0144551706	0.0620196959	0.0846883372	-0.0397395482	-0.0797621826	0.1564336094	0.0520433701	0.0466821379	-0.0292943825	-0.0534502874	0.0937219647	0.0394372948	-0.0337758359	-0.0191705394	-0.1442264128	0.0352897539	0.0865138763	-0.0021891625	0.0951020512	0.0393437665	-0.0230478426	0.0186682129	0.0413058151	-0.1601713094	0.127965452	0.0487960067	0.016116605	-0.0170759151	-0.0687986155	-0.0682393935	0.0199460337	-0.0624937723	0.0427018807	-0.010162036	0.0240115795	0.1151493683	0.1726867642	0.0051766752	0.0320972625	0.0043025343	0.0270649165	-0.1054365583	0.0829938372	-0.0117167594	0.1607465539	0.1000725953	-0.0940578166	-0.0765512858	0.0634244542	-0.0568209899	0.0457798525	0.020628714	0.0255261592	0.0466974903	-0.0411817344	-0.0409871452	0.0702949219	0.0085604876	0.0020116866	-0.0454370187	0.0789985022	-0.0778557648	-0.0356338936	0.0544906086	0.1845623707	-0.0996287983	-0.0083553402	-0.0102236532	-0.0527513255	0.0644592738	0.047056955	0.0414991287	0.0729537573	-0.0433605065	0.0077907715	0.0271428521	0.0538946844	0.0215022506	-0.0102791086	-0.2003579259	-0.0976123208	0.0609881054	0.0228288296	-0.0691336271	0.0997149507	0.0151738438	0.0545434992	0.0790725782	-0.0893003942	0.0731329559	0.1317271448	0.1019983572	-0.020488505	-0.112684221	0.1349085124	0.0160882045	-0.0020307728	-0.0705921926	-0.0214124734	0.0978001546	-0.1028582188	0.0328976148	0.0086947029998469	-0.0072607430971913	7.559786025554668e-05	5.271839032341256e-05	-0.0022301430742572	-0.0161418346681045	0.0002605588264524	4.973538131657356e-06	-0.0762532822900539	-0.0046486828359633	2.161025210938069e-05	0.0058145630600066	-0.0008959645174774	0.0002740073615873	8.027524165785102e-07	7.508003420403341e-08	-0.0010319661459319	2.911776191889988e-05	8.47844059165736e-10	1.0649541263495396e-06	0.0010390383776974	4.215884553580005e-05	1.0796007503280448e-06	1.777368256911448e-09	0.0	0.0	0.0	0.0	0.0	0.0	0.0	0.0	0.0	0.0	0.0	0.0	0.0	0.0	0.0	0.0	0.0	0.0	0.0	0.0	0.0	0.0	0.0	0.0	0.0	0.0	0.0	0.0	0.0	0.0	0.0	0.0	0.0	0.0	0.0
1101.5746641926914	-4.413467665369126	19.4786968332588	1213466.740791241	1148.5717897442644	-16.199644544969715	1319217.1561963423	262.42848338336705	1073.0492029336156	-2.414692313863952	5.830738970633647	1151434.5919164678	1078.3264764034614	1076.8121885482255	1.498057	29.78068	0.0891579479714021	0.049718436766118	-0.0503003145	0.0917375902	-0.0658786875	0.1730394557	-0.1603717855	0.0058661016	-0.1037461839	-0.0410375093	-0.0604519892	0.1354903727	-0.0108360038	0.0462080601	0.064081428	-0.1379226431	0.0323630663	-0.1023984972	0.0519746233	0.0606883765	0.0909393346	-0.0163472442	-0.0571840081	0.0063445287	0.0591008282	0.0417710957	0.0339881014	-0.11190846	0.0227883985	0.0008117579	-0.0702294411	0.043368528	-0.0582387024	-0.0432094276	-0.0359825512	0.037458138	-0.1379274912	-0.1351708886	0.0808003637	0.1792213283	-0.0194051717	-0.0037251554	-0.0616233794	0.01719296	0.1217517477	-0.0087747997	-0.1253539842	-0.0841017278	0.0294933803	0.0560608972	0.0902931511	-0.0707589005	0.074765659	-0.0336826056	-0.0311130194	0.0399181476	-0.0143942411	-0.0465086693	-0.0427849803	0.0524226061	-0.1890308521	-0.1568987987	0.0822305577	0.0422797305	0.083461754	-0.0625386495	0.117714665	0.028013439	-0.0006918838	0.0542504596	-0.0208818277	-0.06084619	0.0400077519	-0.0236447562	-0.0121063525	0.0046685883	0.0779733091	-0.078480523	0.0026389688	-0.1003968169	-0.0080094642	-0.0774295511	0.0035291275	-0.0765909178	-0.0678827016	-0.0541123085	-0.0382364353	-0.1196426665	0.0375630506	-0.0458251957	-0.039258589	0.0566508264	0.0030126151	0.0185319196	-0.0457893518	0.1261402317	0.0325571536	0.1400855313	0.0113234863	0.1171681735	-0.1400718335	-0.0448883365	0.0041249901	-0.0017707487	0.1593894325	0.0395462725	-0.0926825541	0.1013990133	-0.0363736639	-0.0360822033	-0.0845034123	-0.0374448411	-0.0632113843	-0.0946223624	0.0135304249	-0.0554716931	-0.0301926737	0.0050291209	0.0418016068	-0.1705667466	0.0566888316	-0.0154879844	-0.0588619294	-0.0234579972	0.061957099	-0.0810151302	-0.1865843145	0.0423535149	0.0265502874	-0.0489542808	-0.0141985092	-0.0445684166	-0.0606561907	-0.0218636635	0.0778670975	-0.033173605	0.0463891207	0.0281908921	0.0462765974	-0.1068583305	0.0731067843	-0.059884492	-0.0360787569	-0.0279952561	0.0456885191	0.0424946021	-0.0243941812	-0.1635491088	0.1852723681	-0.091701357	-0.1206626844	0.1406087103	-0.0330791107	0.0551386318	0.1010334538	-0.009180378	0.0308316567	-0.0209052961	0.0506657705	-0.1086913826	-0.0722427837	-0.0171687548	0.0945685192	-0.1058053206	0.0430175569	0.0179805101766135	0.0092858071767666	0.0003232987462113	8.622621492409009e-05	-0.0414951326943793	-0.0392649896201221	0.0015417394098682	0.0017218460373241	-0.0712189194215255	0.0050343628685284	2.5344809492017525e-05	0.0050721344835697	-0.0013730867367069	-0.0004771222192295	1.885367186520404e-06	2.276456120824832e-07	-0.0010320538319397	-8.768600780000546e-08	7.688835963902616e-15	1.0651351120214188e-06	0.000804792516815	-0.0002342458608823	6.476909951214221e-07	5.487112334053669e-08	0.0	0.0	0.0	0.0	0.0	0.0	0.0	0.0	0.0	0.0	0.0	0.0	0.0	0.0	0.0	0.0	0.0	0.0	0.0	0.0	0.0	0.0	0.0	0.0	0.0	0.0	0.0	0.0	0.0	0.0	0.0	0.0	0.0	0.0	0.0
1100.9975881738503	-0.5770760188411259	0.3330167315215235	1212195.6891646353	1140.1435512575704	-8.428238486694	1299927.317474224	71.03520398858996	1072.9617105910856	-0.087492342529913	0.0076549100013716	1151246.8323945487	1078.0414615959753	1053.1421272419595	1.425428	28.336843	0.0735024498478073	0.0364255350626646	-0.0179815435	-0.0199653465	-0.0929670892	-0.1555897738	0.0432590684	-0.0500575907	-0.0613587483	0.0819107413	0.0190966901	0.0519595906	-0.0868319975	0.0651334797	-0.0012464901	0.1460088985	0.0979246763	-0.036028663	-0.0339092731	0.0800276375	0.0391560415	0.0256952457	0.096918349	-0.0417523421	-0.0003914148	-0.0057266233	-0.0806555701	-0.094710908	-0.0767397708	0.0593848449	-0.0477463238	0.0196597786	0.1769676301	0.0865764477	-0.0611740493	-0.0847698264	-0.0037642962	0.066593129	-0.0613135396	-0.0132634632	0.0562770124	0.0627022744	-0.0978290438	-0.1247354922	-0.003355205	-0.0398680199	0.0478512946	0.0598176025	0.1179609074	-0.0038176635	-0.0111614352	-0.0977442475	-0.0679018108	0.1165501586	0.0985632396	0.0484405717	0.0544907562	0.0503776999	-0.1777594968	0.089986479	0.0857452427	-0.1386589198	-0.0839661798	0.0170262856	-0.0918271055	0.0797484251	0.0495289544	0.0509715637	0.1144531637	-0.1821732964	-0.0656933288	0.0606571108	-0.0101335065	-0.0044655444	0.0443062635	-0.2310853186	0.0903454821	0.02294974	-0.0740712919	-0.0678573055	-0.0312819958	0.0828424589	0.0019022346	0.0644343558	0.0004929017	-0.0180520669	-0.0546910315	-0.041688691	0.0209139845	0.0642782072	-0.1415210312	-0.0780785673	0.1530645872	-0.008356255	0.0261916476	-0.0541478213	0.0417130952	-0.035991596	-0.0791275517	-0.0266993574	0.0395873201	-0.0144946425	-0.0203674307	-0.1845648638	0.039760654	0.0339094173	0.0810084269	-0.0435834617	0.1283322502	0.0347249307	-0.1089024237	0.0189006574	-0.0268214675	0.0919951553	-0.0991012412	0.0299921096	-0.0366025907	-0.1049033156	0.0853602569	-0.0380402016	-0.0938941464	-0.1284617328	0.14555508	-0.1010363986	0.0071886202	0.07185692	-0.0236475046	0.1193097691	0.0042229441	0.1317109296	-0.0217678152	0.0751687019	-0.0530458772	0.0911900552	-0.2007007531	0.1036770461	0.0924539206	0.0580662268	-0.08316949	0.0192118277	-0.0918162011	0.0849337349	0.0364079473	0.0340397153	0.0418877289	-0.0217009909	0.070386637	0.0057365842	-0.1385869076	0.0879171444	0.076747905	0.0561972254	-0.082776416	0.0649223424	-0.0181363289	-0.0673383088	0.0350456896	0.1116431931	-0.0548855554	-0.1184677499	-0.0738662073	-0.0128992127	0.0910168938	-0.1081160967	0.0527333744	0.0154596864244496	-0.0025208237521638	0.0002390019043423	6.354552389473679e-06	-0.0215737554826915	0.0199213772116878	0.0003968612700103	0.0004654269256269	-0.0596620976310049	0.0115568217905206	0.0001335601298978	0.0035595658937315	-0.0018659346448053	-0.0004928479080983	3.481712098684681e-06	2.4289906051696884e-07	-0.0010330289352351	-9.751032953998588e-07	9.508264366996642e-13	1.0671487810329643e-06	0.0011010380472899	0.0002962455304749	1.212284781579956e-06	8.77614143263549e-08	0.0	0.0	0.0	0.0	0.0	0.0	0.0	0.0	0.0	0.0	0.0	0.0	0.0	0.0	0.0	0.0	0.0	0.0	0.0	0.0	0.0	0.0	0.0	0.0	0.0	0.0	0.0	0.0	0.0	0.0	0.0	0.0	0.0	0.0	0.0
1102.8331328963782	1.8355447225278567	3.3692244283998667	1216240.9190140406	1148.9398193359375	8.79626807836712	1320062.7084556967	77.37433210650039	1072.6647682356436	-0.29694235544207	0.0881747624554846	1150609.705014027	1077.9120763716635	1070.156147402471	1.219932	24.251686	0.0716142945570633	0.0349669762738969	-0.0917620276	0.0165325492	0.0122085423	-0.0184641706	-0.1228918008	0.0818008139	-0.0500900939	-0.0514001337	0.0241811768	-0.0156176222	-0.0946376293	-0.122489637	0.0435909633	0.0173749787	0.1488270302	0.1027310361	0.0139406935	-0.0459177581	-0.0534092016	0.0573648126	-0.0348165062	-0.0077862376	0.0251483941	-0.0006886915	0.0490902649	-0.0896717865	-0.0504482287	-0.0374757314	-0.0720561815	-0.0475012041	-0.0416500712	0.0852964237	-0.0042090069	-0.0908881628	0.0382545997	-0.01230442	-0.0306635886	-0.0968908948	0.1048040851	-0.1137800414	0.0348540218	0.025316378	0.0680941394	-0.0546886652	0.1271703886	-0.1655749969	0.0377197885	-0.0904721097	-0.0127084833	0.0539903543	0.006126621	-0.0154868582	0.0164522058	-0.0359354802	0.1259375316	0.0360194542	-0.0424331661	-0.0329155569	0.0242790527	0.0613541397	0.0406037744	0.1100568435	0.0020942087	0.0056691418	-0.0594203054	-0.0194926131	-0.0155999646	-0.0214372161	0.0657399093	0.0928533678	-0.0198985945	-0.1434250531	-0.1537359466	-0.011425611	0.1011454131	0.1441550039	0.0591643987	0.0846054942	-0.0031444152	-0.0015753834	0.0591101176	-0.0277381969	0.0215938272	-0.0050326076	-0.0191200969	-0.1116180714	-0.071271852	-0.0457394869	-0.009736128	-0.0185714198	0.0062065314	0.1207918845	0.027099882	-0.0608598962	0.0628330064	-0.0182658507	-0.0070873159	-0.023719352	0.1419328631	-0.058904086	-0.0852804366	0.072932406	0.0943532015	0.0209714321	0.1503740572	0.1025574979	-0.0456889408	-0.0295620671	0.0999019223	-0.0098546838	0.0100406598	-0.0021064955	-0.0536979157	0.1113604389	0.0648766836	-0.1227435454	0.0345041813	0.0191099993	0.0057055964	0.068162021	0.0484787033	0.0764276882	0.0193615015	0.0242445335	0.009499057	-0.0828233378	0.0359471637	0.0506681564	0.1792974852	0.0386326694	-0.0297996667	-0.0891964982	-0.1166277457	-0.0344564098	0.0062856705	0.0437454977	-0.0332462082	0.056721223	0.034042901	-0.0606346516	-0.0040296955	0.0502073113	-0.1488719692	-0.0434806211	0.0257308282	-0.0784431327	0.0701960104	-0.0054770296	0.0270806183	0.020963151	-0.0767275318	0.0260549325	-0.00050841	-0.0366942618	0.0218371786	0.0075619856	-0.0436173379	-0.0454650868	-0.0754618528	-0.008610269	0.0871572961	-0.1097766499	0.0619537931	0.0132191041979723	-0.0022405822264773	0.0001747447157968	5.020208713605975e-06	-0.0412893054844545	-0.019715550001763	0.000388702911872	0.0017048067473886	-0.0823498058525729	-0.022687708221568	0.000514732104347	0.0067814905239564	-0.0015873515663059	0.0002785830784993	2.5196849950537943e-06	7.760853162620281e-08	-0.0012408334794085	-0.0002078045441734	4.3182728579114616e-08	1.5396677236210047e-06	0.0010480165878176	-5.3021459472299935e-05	1.0983387683408454e-06	2.811275164572744e-09	0.0	0.0	0.0	0.0	0.0	0.0	0.0	0.0	0.0	0.0	0.0	0.0	0.0	0.0	0.0	0.0	0.0	0.0	0.0	0.0	0.0	0.0	0.0	0.0	0.0	0.0	0.0	0.0	0.0	0.0	0.0	0.0	0.0	0.0	0.0
1103.7433331107395	0.910200214361339	0.8284644302234275	1218249.3453864048	1137.4133406894696	-11.526478646467922	1293709.107578379	132.85970998748098	1074.1393726693293	1.4746044336857267	2.1744582358456026	1153775.3919184604	1079.1710622418602	1064.279539128252	1.320398	26.248899	0.0379085045065893	0.0177148069052393	0.0700532201	-0.0407868774	-0.0750783296	-0.1241016532	0.0267692276	-0.104400799	-0.0084685765	0.120723949	0.0305287809	-0.0639905789	-0.0159630077	0.0593373127	0.108471529	0.0309840065	0.0384723137	0.070349367	-0.0128983958	-0.0193870883	-0.0227450285	0.0198801026	0.0672728019	-0.0162511653	-0.1410376629	-0.0778820354	0.0239048269	-0.1019924618	-0.1001446127	-0.1101936403	0.0239848846	-0.034492722	-0.0251707179	0.1504289521	-0.1162383329	0.0814913282	-0.0141030039	-0.0331450559	-0.0280736106	0.075445233	0.0544812177	0.0777398916	0.0765131907	-0.0971309243	-0.0046750545	0.0133219331	0.0039286244	0.0273584856	0.0111969678	0.187713712	-0.0034664127	0.0292770393	0.1646397572	0.0979481389	0.0631262266	0.1400313974	0.0233804761	0.0453447136	0.044384776	-0.0795839427	-0.0223727837	-0.0125237611	-0.0874093631	-0.0602347483	0.0836158454	0.1128583208	-0.018641235	-0.048867298	-0.0865077174	0.0484200312	0.045775845	0.1237958822	-0.063990579	-0.0422942429	0.0524709907	0.0819077226	0.00234705	0.0840677818	-0.0221222389	-0.0216101451	0.0232520449	0.0562602243	0.0232381478	0.1143117975	0.1467514137	0.0469851244	0.0636489898	-0.1071397546	-0.0671931103	0.0247289326	0.0302446768	-0.0980482663	0.0614827479	0.1172144218	-0.0259048914	0.0455815662	-0.1151647648	0.076534148	-0.0669929673	0.0300522313	-0.0003112332	0.1084796296	-0.0402075184	-0.0946496498	0.035689765	-0.0517432836	-0.0234811314	-0.0747904213	-0.004780681	-0.0708272638	-0.0566353637	0.1360318899	-0.104953359	-0.1582612973	-0.0690318584	-0.1081559636	-0.1038998446	-0.1182098322	-0.0203519032	0.1093794813	-0.015476255	-0.0415071345	-0.1209880988	0.0262946136	-0.0216916963	0.0863993507	-0.0415260089	-0.0705661527	-0.0579343739	0.0183248137	0.0752530234	0.0563353295	0.1446333055	-0.0206197644	0.0053041412	-0.0601251386	0.0062815367	-0.0069242582	0.0515775003	-0.0133858014	-0.0351369948	-0.0126651723	0.0213748242	0.0418776339	0.0247262305	0.0116126132	0.0282130568	-0.0053164303	-0.1651042607	0.0286724025	0.0985311896	-0.0156681009	-0.0481677056	0.1012304629	-0.1201509494	-0.097846479	0.0044354019	0.0048328726	0.0301235937	-0.0525896805	-0.0770291202	-0.0043083746	0.0830027857	-0.1107769935	0.0705921926	0.0136277323880591	0.0004086281900867	0.0001857150900405	1.669769977336139e-07	-0.0333942696542237	0.0078950358302308	6.233159076062817e-05	0.001115177245739	-0.0755323296952212	0.0068174761573517	4.647798115605896e-05	0.0057051328291875	-0.0014320076342383	0.0001553439320676	2.050645864516773e-06	2.413173723022313e-08	-0.0010326851775321	0.0002081483018764	4.332571557402903e-08	1.0664386758945048e-06	0.0009557615351832	-9.225505263440006e-05	9.134801121357472e-07	8.510994736575924e-09	0.0	0.0	0.0	0.0	0.0	0.0	0.0	0.0	0.0	0.0	0.0	0.0	0.0	0.0	0.0	0.0	0.0	0.0	0.0	0.0	0.0	0.0	0.0	0.0	0.0	0.0	0.0	0.0	0.0	0.0	0.0	0.0	0.0	0.0	0.0
1103.8926211608616	0.1492880501220952	0.0222869219092572	1218578.9190533976	1163.339724054254	25.92638336478444	1353359.313562628	672.1773543777715	1075.220368149855	1.080995480525644	1.1685512289168678	1156098.8400843097	1080.5717177391832	1073.5515777772612	1.413855	28.106781	0.0901900026990568	0.0411841656681164	-0.1115117422	-0.0081379333	0.0909452362	-0.020263785	0.0173144	0.1087833734	-0.0301585879	-0.1308753442	0.0959729341	0.0885059997	-0.0168891626	-0.0750587535	-0.073886295	0.0126630845	-0.0343617608	0.0558483385	0.0207481753	-0.0028432693	-0.2358345668	0.0058583851	0.0935183388	0.055034113	0.0072703228	-0.1263266012	0.0384704837	0.1604564284	-0.1256885648	-0.1327108576	0.0401632342	0.0288830236	-0.0274002975	0.1926872924	-0.0324189627	0.0233835872	0.1085222647	0.1488878345	0.0268206698	0.0136872837	-0.0055267978	-0.0486779703	-0.0109924002	-0.0076539929	0.0318312451	0.1306345687	-0.0110870027	0.0021986281	0.1545526979	-0.0619373748	0.0379671575	0.0046221786	-0.0274700555	0.0896537767	-0.0719193627	-0.0707745557	-0.0417683285	0.0209795108	-0.0651326049	0.0325224965	-0.1271752521	0.0074757278	0.1188072182	-0.0417035286	0.1280660522	0.0101111226	-0.123200542	0.0100259718	0.0317203288	0.0648406324	-2.10391e-05	0.0109386455	-0.0325744576	0.0984845362	-0.1160608018	-0.0093751841	-0.0324199563	0.0050533573	0.1148379303	0.1556391355	-0.1247572391	0.0264129455	0.0146757284	0.1234372678	0.0465139075	0.1409555658	0.0444226753	0.068112423	-0.1925607946	-0.0048243967	0.0802092248	0.0046715885	0.0803927562	0.1223930367	0.0350680914	-0.020695214	-0.103543738	-0.1420465019	-0.030194902	-0.0127675658	-0.0662328116	-0.0187230019	-0.0529395306	-0.0205011887	0.0033739758	-0.0601498791	-0.0293859605	0.0083966549	0.2108699269	-0.0305477086	0.0225296978	-0.0530052413	0.0071538844	0.0121504754	-0.1080524788	-0.0515057212	0.1173070381	-0.0288389909	0.0899256704	-0.1434502512	0.0167421036	0.1036134762	-0.1078209805	0.087393251	-0.1342588307	-0.0400910481	-0.0432444572	-0.0052189457	0.0412788319	-0.0361511658	0.0149998114	0.0174560343	-0.0163909785	0.0082671818	-0.0843704052	0.0973765714	0.0427396057	-0.0076058714	-0.0322419585	0.0928906274	0.0362100262	0.0981567799	-0.0142771368	0.1234353969	0.0191420582	-0.0376403085	0.0434215011	-0.0710148255	0.1330043857	0.0279383749	-0.0393978881	-0.0998816787	-0.0178469642	0.0382838268	0.0040412886	0.105172517	0.1118967553	0.0010385451	0.0529683579	-0.0657500833	-0.0785674201	-0.0	0.0785674201	-0.1111111111	0.0785674201	0.0163530431056244	0.0027253107175652	0.0002674220188144	7.427318507276284e-06	-0.0526272867528945	-0.0192330170986708	0.0003699089467177	0.0027696313109713	-0.0902843384749019	-0.0147520087796807	0.0002176217630357	0.0081512617738506	-0.0019006654101523	-0.000468657775914	3.612529001349411e-06	2.196401109246571e-07	-0.0013581713250458	-0.0003254861475137	1.0594123222331013e-07	1.844629348176664e-06	0.0012312109338183	0.000275449398635	1.5158803635537302e-06	7.58723712084382e-08	0.0	0.0	0.0	0.0	0.0	0.0	0.0	0.0	0.0	0.0	0.0	0.0	0.0	0.0	0.0	0.0	0.0	0.0	0.0	0.0	0.0	0.0	0.0	0.0	0.0	0.0	0.0	0.0	0.0	0.0	0.0	0.0	0.0	0.0	0.0
1107.4174137474013	3.524792586539661	12.424162778124954	1226373.328270983	1145.5390736252843	-17.800650428969675	1312259.7692022747	316.8631556943783	1076.6148811702703	1.3945130204153884	1.9446665641080492	1159099.602357275	1081.511499068463	1054.235231937374	1.463326	29.090235	0.0980769822127289	0.0551817667223068	0.1243179074	-0.1150671333	0.0040744246	0.0442917302	0.1144268775	0.092300047	0.094362759	0.0363400821	0.1570370315	-0.0631397818	-0.0426036644	-0.1293746008	-0.0436784922	-0.0217449967	-0.1625029364	0.043002773	-0.0662476862	-0.0444422404	-0.0088262059	-0.0516372814	0.0787344541	-0.0321997936	0.0940006717	0.0294422893	0.005575786	-0.0551191741	0.0437913791	0.0375198398	-0.0095553274	0.0708874743	0.0046386643	-0.0471887128	0.0132946972	-0.11336622	-0.0955190722	0.1157928256	-0.1481396429	0.0249798983	0.001733004	-0.1196022075	0.162027631	0.0815215604	-0.0108747491	-0.0029266466	0.0105487216	0.1087786891	0.126648367	-0.026638016	0.1612656155	-0.0898650626	-0.0273572154	-0.1173789073	0.0403334817	0.004307321	0.0450082848	0.0541417661	0.0152381625	-0.0819484992	0.0501675985	-0.0523183158	0.0408685647	0.0823764743	-0.0516175544	0.0935792036	0.0476291042	0.0829818876	0.074845212	0.0708365573	-0.0076489396	-0.0331916272	0.0123873817	-0.017030742	0.168886332	0.0180568416	-0.1697672869	-0.023249755	-0.0316584472	0.0523686497	0.0309503477	0.0618098443	-0.0841577969	0.0529899544	-0.0747660304	-0.0334593211	-0.0404534925	-0.0434625589	0.065543386	0.019699549	-0.0135198936	0.0858546806	-0.0009357448	-0.0609072133	-0.0358380205	-0.0401833801	0.0887907406	-0.0071749038	-0.1899960297	-0.0211264835	0.0425244078	0.0581417452	-0.0318445074	0.207958073	-0.0124407096	0.0250743341	0.0531575006	-0.0197251155	0.1592478811	-0.0568430924	-0.0803421945	-0.102567436	-0.1200259747	0.0062525879	0.0748412876	0.0767015406	0.0593377464	-0.0619538558	-0.0108501768	0.050065073	0.1180297509	-0.0757799153	0.0456138181	0.0528024312	0.0109588507	0.0734712138	0.0208403828	0.1550796921	0.0631851884	-0.0745849379	-0.076640486	-0.0031584556	0.0355390332	0.0520606936	0.1299526878	0.0296769401	-0.0845830353	-0.041187599	0.045851864	0.1027584675	-0.1405482611	-0.1628804879	-0.0656454428	0.0708711198	0.0033968782	0.0371195919	0.132382234	-0.0042892782	0.0832051045	-0.0274294914	-0.0579201503	-0.0772322245	0.0103297811	-0.170521477	0.0385318112	0.1074559851	-0.0014405758	-0.0077015451	0.2111828225	-0.1310901372	-0.080076174	0.0043083746	0.0738662073	-0.1107769935	0.0858045533	0.0159825187000848	-0.0003705244055395	0.0002554409039985	1.372883351004732e-07	-0.046868761303628	0.0057585254492664	3.316061534984994e-05	0.0021966807861364	-0.1160522815296047	-0.0257679430547028	0.0006639868892704	0.0134681320482266	-0.0010263013909667	0.0008743640191856	1.0532945451001834e-06	7.645124380463963e-07	-0.0010326963192806	0.0003254750057651	1.0593397937785693e-07	1.066461687855699e-06	0.0013549716949319	0.0001237607611135	1.8359482940666256e-06	1.531672599141756e-08	0.0	0.0	0.0	0.0	0.0	0.0	0.0	0.0	0.0	0.0	0.0	0.0	0.0	0.0	0.0	0.0	0.0	0.0	0.0	0.0	0.0	0.0	0.0	0.0	0.0	0.0	0.0	0.0	0.0	0.0	0.0	0.0	0.0	0.0	0.0
1108.7165856383522	1.2991718909509018	1.687847602236942	1229252.4672695654	1149.4587659258664	3.919692300582028	1321255.4545638156	15.363987731242032	1076.2974098528762	-0.3174713173941654	0.1007880373679869	1158416.11445601	1081.5690793393971	1085.8387315415048	1.491631	29.652929	0.0609133666428326	0.034253137735042	0.0623387875	0.1554398673	0.0509509373	0.1297010209	0.0874306962	-0.0693010167	0.0847914809	0.0448693254	0.0201277409	0.1640993596	0.1561194723	-0.0471998281	-0.0464850606	-0.0505167653	-0.1168379504	0.0176424681	-0.0287542713	0.0284611519	-0.0031134347	-0.0732686618	-0.0776133223	-0.0032973259	-0.0668736385	0.1032555077	-0.0327150579	0.0259939062	-0.0577880247	0.0262953404	-0.0316175536	-0.0543994092	-0.0945630558	0.0223121288	0.1688491813	-0.159213667	-0.1066250559	-0.022951466	-0.1456392817	-0.0263532344	0.1510801162	0.0279943178	0.051488394	-0.0463904632	0.0138938671	-0.0313636122	-0.0327904917	-0.0214855653	0.0984615467	0.0178479616	0.0073617313	-0.0129331055	0.0915700744	0.0257514862	0.025762875	-0.0397158715	0.0480768383	-0.0943277509	-0.0080789021	-0.0337583803	-0.0573509635	0.062671077	-0.1809163808	0.0408282618	-0.1139073039	0.023751836	-0.0484444244	-0.0625080126	-0.0476568782	-0.1066726653	0.0581227613	-0.0405783144	0.0072484806	-0.1271426086	0.0750234595	0.1074333496	-0.109894345	-0.035710708	-0.0258542488	-0.0400517127	-0.0263899107	-0.117782211	-0.0458849944	-0.0443404792	0.0965495453	-0.0846935794	-0.010929469	0.0300685169	-0.0708658049	0.000966023	0.0484217598	0.0030069744	-0.0784951439	0.0171273341	0.107460194	-0.0276753485	0.2169273405	0.0646476941	-0.1398925664	0.0273941074	0.1526027191	0.0621053296	0.0059349097	-0.019585963	0.0516320637	0.0127047289	0.0201230133	0.0265948993	0.0489736922	-0.0748786517	-0.0353636882	-0.0265970407	0.0241698243	-0.0948989149	-0.0474195186	0.0628467693	-0.054106453	0.0267779119	0.0507040253	0.0197181316	-0.1135751921	-0.0097900403	-0.0727876809	0.0340189403	0.1557690488	0.0838039713	0.1110324084	-0.0222573247	-0.08805094	0.0566461158	0.0245351204	-0.0596942362	0.0283580104	-0.0377609323	0.0567533934	-0.1251881317	-0.0070235875	-0.1187682251	-0.0094403016	-0.0478631513	0.0805442488	-0.126160684	-0.1166600143	0.0899097727	0.0627354717	0.0083828089	-0.0982928537	-0.0142276124	-0.0773606251	-0.1435079295	0.0088479118	-0.0616308301	0.0633072646	0.0089444975	-0.097294506	0.1048142641	0.1307079081	-0.0647448317	0.0778538504	-0.037980904	-0.0815548146	0.008610269	0.0689150546	-0.1097766499	0.0922356034	0.0144901102539449	-0.0014924084461399	0.0002099632951714	2.2272829701097108e-06	-0.0414365694763319	0.0054321918272961	2.950870804854257e-05	0.0017169892899668	-0.092588167804763	0.0234641137248416	0.0005505646328923	0.0085725688174429	-0.0014698872888916	-0.0004435858979248	2.160568642045098e-06	1.9676844883783966e-07	-0.0010328738639138	-1.7754463319994386e-07	3.15220967781026e-14	1.066828418756223e-06	0.0011882420845989	-0.0001667296103329	1.4119192516119396e-06	2.7798762961793974e-08	0.0	0.0	0.0	0.0	0.0	0.0	0.0	0.0	0.0	0.0	0.0	0.0	0.0	0.0	0.0	0.0	0.0	0.0	0.0	0.0	0.0	0.0	0.0	0.0	0.0	0.0	0.0	0.0	0.0	0.0	0.0	0.0	0.0	0.0	0.0
1103.9834807391003	-4.7331048992518845	22.40228198732219	1218779.5257448193	1163.524219831747	14.065453905880531	1353788.6101350754	197.8369935784499	1075.2220046703255	-1.0754051825506394	1.1564963066567742	1156102.3593272734	1080.6237181806478	1081.8551037246043	1.614294	32.091419	0.084335648536297	0.0446315672468799	-0.0001249524	-0.1468800824	0.0652474784	-0.0236282486	0.0699895608	-0.1057041737	0.0076059594	-0.0881544174	0.0896444936	0.0550144398	0.039418005	0.2072148871	0.0056320213	-0.0157718751	-0.0607414563	-0.0178808343	0.0216171907	0.0396344116	-0.0987121216	-0.0483770377	-0.0783302583	-0.1857069124	-0.0977165439	-0.1209892363	0.1559277327	0.087030835	-0.131361152	-0.0103354519	-0.0556354983	0.0246013971	0.0272450268	-0.1136732558	0.0500785179	-0.0802826489	-0.0115270512	-0.039996068	-0.0169305653	0.0650619591	-0.0212499319	0.0824755948	-0.2091701362	0.021696048	-0.0506929953	-0.0990944747	0.0202920518	0.0363520697	-0.0537145284	0.2246294756	-0.0128692765	0.0757425172	0.0052133144	-0.0570063938	-0.1200776446	-0.0849110736	-0.1965438527	0.0028693773	0.0871792948	0.0634500223	0.0471819589	0.0744856984	-0.132132096	-0.0655512405	-0.0970189263	-0.0093303301	-0.0629497183	-0.07355439	0.0717564983	-0.0183539847	-0.2014418987	-0.1216246359	0.0044235546	0.025428379	0.030505602	-0.0660321211	-0.0420088527	-0.0655395025	0.0387397306	0.0155111654	-0.0765883362	0.0972006628	-0.1068780548	-0.0799782173	0.1223836724	0.02528024	0.1810999526	-0.0033291619	-0.166234806	-0.0634808849	-0.0540249207	0.0180860395	0.0449222086	-0.0829713945	-0.0677242357	-0.0672510815	0.1181151547	0.040955582	0.0218555416	0.0356819367	-0.0937387955	-0.1105424729	0.1310506576	-0.0888105921	-0.0664248221	0.1341394623	0.0014971181	-0.0870012958	-0.1042293259	-0.17150816	0.0046006585	0.1033547302	0.1022164259	-0.0053742323	0.1053114802	-0.2119825439	0.0213250329	0.1826647025	-0.0222526802	0.0309701324	-0.0815517273	-0.0075983635	0.011508265	-0.003785133	0.029605484	0.0310480685	0.1661996048	-0.0003519903	-0.0927094103	-0.0179532202	-0.1867656326	0.0514552449	-0.1245433125	-0.0192476224	0.0148801751	0.0459045425	0.0890222427	-0.0555256554	0.0535563331	0.083737441	-0.0721711571	0.1256522738	-0.0073689937	0.0255483196	0.166746993	0.0588549386	0.0031703913	0.0875176782	-0.0816292976	0.0405067666	0.0730390651	0.0081917502	0.0955884326	0.1635398487	0.0670662368	0.0262452703	0.070063169	-0.0313686154	0.1188530756	0.0171484902	-0.0830027857	0.0128992127	0.0637307152	-0.1081160967	0.0978001546	0.0115089598631072	-0.0029811503908377	0.0001324561571306	8.887257652791776e-06	-0.0125104270811817	0.0289261423951502	0.0008367217138645	0.0001565107857535	-0.0688109676907089	0.0237772001140541	0.0005653552452637	0.0047349492745317	-0.001969929478124	-0.0005000421892324	3.880622148781895e-06	2.500421910123315e-07	-0.001033600476084	-7.266121702001038e-07	5.279652458829045e-13	1.0683299441610716e-06	0.0011159877732764	-7.225431132250001e-05	1.245428710102418e-06	5.220685504688753e-09	0.0	0.0	0.0	0.0	0.0	0.0	0.0	0.0	0.0	0.0	0.0	0.0	0.0	0.0	0.0	0.0	0.0	0.0	0.0	0.0	0.0	0.0	0.0	0.0	0.0	1.0	0.0	0.0	0.0	0.0	0.0	0.0	0.0	0.0	0.0
1101.7922565957624	-2.1912241433378767	4.801463246346811	1213946.1766943824	1153.5855435857854	-9.93867624596146	1330759.6063701122	98.77728552203858	1073.975435817655	-1.2465688526706344	1.5539339044485818	1153423.2367397218	1079.333115560704	1075.7071821632685	1.623477	32.27396	0.0641261483112982	0.0334605411788718	-0.1056444302	0.0601120202	0.0015255795	-0.009313765	-0.1071134385	-0.0185252036	-0.0269881949	-0.0620043887	0.1075952047	-0.0158133421	0.0329477196	-0.0616849422	-0.0204998955	0.0717476608	0.0586457403	0.0066091386	0.0680944048	-0.0360203608	-0.0943794274	0.0549813433	0.0092576382	0.0755040256	-0.0566740699	-0.0998424479	0.1434814678	-0.0931626685	-0.0491872692	-0.0975272069	-0.0442540609	-0.0743213379	0.0466903232	0.195073317	0.1128981859	-0.1418831797	0.0289234433	-0.0576960316	0.0817918081	-0.084155362	0.0927026203	0.0375821206	-0.0897507544	-0.0880099778	-0.2176674432	0.0020595299	-0.0466374953	0.0968124666	-0.0682211213	-0.0966251445	0.0867240629	-0.0434691437	-0.1472442715	0.0026074433	-0.0034785316	-0.0609878997	-5.46371e-05	-0.1974914754	0.0868509172	-0.1131411285	0.0697619954	-0.0313224098	0.0260766007	0.0995974487	0.0687007236	-0.0819145654	0.1803293255	0.0486368071	0.0231171489	0.0091480423	0.0405173442	-0.0589531942	0.0285024435	0.0220854686	0.0574769884	0.0718933793	0.0644299858	0.0019142132	0.0865508867	0.0547328638	-0.0211610927	0.0033153826	0.0913019872	0.0559535848	0.0459418191	0.1114861511	0.0972618644	-0.1687763891	-0.0826334409	-0.0761551605	0.0541134738	-0.096823419	0.0846287029	0.1406648952	0.0970241577	-0.0493937683	0.1592616546	-0.0670005636	0.0978486933	0.0520369036	0.0882632719	-0.0250935441	-0.0016298291	-0.1192539012	-0.1725433424	0.0686305622	-0.077615198	-0.0776822345	0.0083170419	0.0233726744	-0.0307007498	-0.1274141379	-0.0377025053	0.1483290638	-0.0049019163	0.1944471298	-0.0683865799	0.1598451166	-0.0682089319	0.0707158879	0.0756488393	-0.0900955896	0.0343005158	0.0353521282	0.0712853307	-0.0871952989	-0.1539326256	0.0271900283	0.0626696026	-0.083187191	-0.0080769974	-0.1038495954	0.039127097	-0.0052469796	0.026773974	-0.1289811772	0.0354628386	0.047356248	-0.122796358	0.0491446005	0.0107108158	-0.1277832232	-0.1091724084	0.0919930633	-0.1273129259	-0.1254371319	-0.0471162336	-0.0339372726	0.0629883852	0.1121547349	0.0845569159	-0.0089692148	0.1794988473	-0.008335682	-0.004977332	0.0514953566	-0.0324144414	-0.0399172147	-0.1007098776	0.1087983352	-0.0844195428	0.0171687548	0.0583307311	-0.1058053206	0.1024459312	0.0083098797105236	-0.0031990801525836	6.905410080337177e-05	1.023411382265431e-05	-0.0412850704858556	-0.0287746434046739	0.0008279801030661	0.001704457045022	-0.0783384537307796	-0.0095274860400707	9.07729902437423e-05	0.0061369133329294	-0.0017018209216875	0.0002681085564365	2.896194449493292e-06	7.188219803446398e-08	-0.0011789847495806	-0.0001453842734965	2.1136586980134146e-08	1.39000503974363e-06	0.0011549937176227	3.9005944346299885e-05	1.3340104877479052e-06	1.521463694346644e-09	0.0	0.0	0.0	0.0	0.0	0.0	0.0	0.0	0.0	0.0	0.0	0.0	0.0	0.0	0.0	0.0	0.0	0.0	0.0	0.0	0.0	0.0	0.0	0.0	0.0	0.0	1.0	0.0	0.0	0.0	0.0	0.0	0.0	0.0	0.0
1104.623088843804	2.830832248041588	8.013611216552192	1220192.1684068264	1140.1058095003068	-13.47973408547864	1299841.2568563498	181.70323101521467	1072.9454065573434	-1.030029260311494	1.0609602770978437	1151211.8454525028	1077.9552639020665	1057.1866843469509	1.732392	34.439148	0.0440247044964756	0.02149566464873	0.1024922706	-0.1108164563	-0.0576035862	-0.0924159667	0.1280303006	-0.0472532269	0.0535587002	0.119556199	0.0795692407	0.0203882906	-0.1070280616	0.0109431381	-0.0238000218	-0.0183350508	0.0844928722	0.1364525446	-0.033382772	0.060933671	0.062362001	0.0531318534	-0.0210614223	-0.1316857681	-0.0772091766	0.0897316276	-0.0924863478	-0.0458944513	0.1804455036	-0.0924195457	-0.0718635819	0.0443741269	0.0413131617	-0.0527927868	0.0028235887	-0.0314683784	0.0510655774	-0.0758740562	-0.077821893	0.0911913309	-0.0162468396	-0.0149597285	-0.0204160936	-0.0543413764	-0.082777645	0.0101772562	0.0184608549	0.1411192894	-0.0077730681	-0.082897813	0.0304320284	-0.1159379086	-0.0548284236	-0.0828389828	-0.0803866816	0.0858308259	0.0897252108	0.1258977645	0.0668365663	0.0232011533	-0.0859686601	-0.1130112613	-0.1562087779	0.0064903817	-0.1052967192	-0.038969845	-0.0438025091	-0.0800131818	-0.137764189	-0.0082885228	0.2286334626	-0.1553148497	0.0093503669	0.0268396558	-0.058127149	0.031827884	0.0059196487	0.1776437442	-0.0404646297	-0.0943327922	-0.0009854501	0.0759178404	0.0010386731	-0.0455014417	0.0839933546	-0.1374898932	-0.0306399779	-0.0005663201	0.1761145291	-0.0977054198	0.0833886382	0.0646224422	0.0471419104	-0.0502042447	-0.000102264	-0.0580651675	0.0037483161	0.0873355176	0.0041058269	-0.007855377	-0.0595712057	0.0195509443	-0.0439928356	-0.0391173927	0.0028423934	0.049380019	-0.014997119	-0.0688019039	0.0593656315	0.0727535461	-0.0696894417	-0.1581453258	0.0121718242	0.0839726848	0.126085471	-0.037462718	0.0348599355	-0.17747211	-0.082208765	-0.0488188764	-0.0365538286	-0.1162818641	-0.0680499167	-0.0049328961	0.1396206035	0.0452052213	0.0538987971	-0.1547000184	-0.093386338	0.0730514474	0.0605151747	-0.23909154	-0.0192893031	-0.0473450149	-0.0037112033	0.026823139	0.0846898883	-0.048325557	0.1572419526	0.0426970605	-0.0217020661	-0.0296423176	0.0655953464	0.0845060143	0.1659309291	0.0685932531	0.0697478841	0.0184880933	-0.1624041186	-0.024278405	-0.0198732162	0.1392056862	0.024329377	-0.0939067878	0.050301098	0.0440760348	-0.1097555162	-0.1223710426	-0.085528087	0.036918281	-0.0858045533	0.0214124734	0.0527333744	-0.1028582188	0.1061292888	0.0153393794753782	0.0070294997648546	0.0002352965626896	4.941386694409089e-05	-0.0377658661315081	0.0035192043543475	1.2384799287658407e-05	0.0014262606446629	-0.0681602329294861	0.0101782208012935	0.0001035961786798	0.0046458173530018	-0.0020139133775583	-0.0003120924558708	4.0558470923082805e-06	9.74017010114674e-08	-0.0010336552316916	0.0001453295178889	2.1120668769849155e-08	1.0684431380034152e-06	0.0011464600998629	-8.533617759799933e-06	1.3143707605776507e-06	7.282263207037284e-11	0.0	0.0	0.0	0.0	0.0	0.0	0.0	0.0	0.0	0.0	0.0	0.0	0.0	0.0	0.0	0.0	0.0	0.0	0.0	0.0	0.0	0.0	0.0	0.0	0.0	0.0	0.0	1.0	0.0	0.0	0.0	0.0	0.0	0.0	0.0
1106.6297667600716	2.006677916267563	4.0267562596359285	1224629.4406794503	1165.683234354948	25.57742485464109	1358817.4028562123	654.204662194812	1074.344639039601	1.3992324822575029	1.957851539404493	1154216.4034331304	1079.4982913062329	1076.0459064204413	1.612133	32.048454	0.1336656536289484	0.0806957135981869	-5.45277e-05	0.0544982843	0.0932072095	0.0213754554	0.0032949267	0.0923626038	0.1018265184	-0.0885792947	0.020986175	0.0542291046	-0.0588649652	0.0017280746	-0.0925910289	0.0707455131	0.0344216548	0.1014314641	-0.1083086455	-0.0050645001	0.0026751836	-0.1624989708	0.0740696409	0.0285425482	0.0127700521	-0.0191373865	0.097064444	0.0455083663	-0.0773993413	0.0610831556	0.1782251248	0.0415604838	0.0366761755	-0.0156083079	-0.0158045434	0.0681956998	-0.0453260813	0.0177332282	0.0272800864	0.0902663724	0.1285210015	-0.0395345365	-0.0982099778	0.112967679	-0.0730143258	0.151881634	0.0727464771	-0.0544218534	0.1092862055	-0.1111206387	-0.0646517653	0.0934000964	0.0581345637	0.0550376895	-0.0010319994	0.0726739724	0.1335277581	0.0761231249	-0.0029709644	0.1238063069	-0.0963414742	-0.0032010734	-0.1241162743	0.0560594991	-0.0937270379	-0.2064457406	0.1101350177	0.025457132	-0.0745915375	-0.0486767671	0.038006538	0.0035676974	-0.0438011287	0.0467229831	-0.1590199722	-0.0306418447	-0.0162615439	0.1118492354	-0.0389646131	0.0765597145	-0.0604965032	-0.0414128287	-0.1392220979	0.0781364947	-0.1170375773	0.0422648285	0.0939174701	0.0333802331	-0.0728261772	0.1443976859	0.0130352746	-0.0671139181	-0.0177553475	-0.0274516042	-0.0334103075	0.0305539377	-0.0398835542	0.0324958456	-0.0583450419	0.182900514	0.020216028	-0.1291117666	0.0540598076	0.0265133082	-0.0935925303	-0.0810518586	0.0298169239	0.0969152644	0.1304651859	0.0431773536	0.1458803123	-0.0085919216	0.0300353322	0.0111534599	-0.0345582643	-0.0201084913	-0.0666115375	-0.1189266981	-0.0487083327	-0.0956788423	-0.1298356562	-0.036736302	0.053176312	-0.0983116868	0.2535973174	-0.1357700592	0.0064682379	-0.046138557	-0.0383883686	0.069404565	0.0801494032	-0.0071441464	-0.0037624103	-0.1317319599	0.0609491749	0.0693471608	0.103196647	-0.0974965187	-0.1512066442	-0.0101526346	-0.0464204613	0.152879613	-0.1644546792	0.0601243487	-0.1181072972	-0.0400876038	-0.0739587543	0.0851496765	0.0378974934	0.108488645	-0.0303842341	-0.0490956268	0.0814106498	-0.0775139288	-0.0278682342	0.0396391622	-0.0428812336	-0.0584153984	0.0437214474	0.028967956	-0.0871572961	0.0256239856	0.0469575846	-0.0992925156	0.1088156246	0.0108383313028355	-0.0045010481725427	0.00011746942543	2.025943465154999e-05	0.0371588409932996	0.0749247071248077	0.0056137117377382	0.0013807794639653	-0.0820465339121341	-0.0138863009826479	0.0001928293549806	0.0067316337269949	-0.0024770885956071	-0.0004631752180487	6.135967910486754e-06	2.145312826145531e-07	-0.0010329962124673	6.590192242999626e-07	4.3430633799692446e-13	1.0670811749717874e-06	0.000803222390157	-0.0003432377097059	6.45166208049524e-07	1.1781212536415169e-07	0.0	0.0	0.0	0.0	0.0	0.0	0.0	0.0	0.0	0.0	0.0	0.0	0.0	0.0	0.0	0.0	0.0	0.0	0.0	0.0	0.0	0.0	0.0	0.0	0.0	0.0	0.0	0.0	1.0	0.0	0.0	0.0	0.0	0.0	0.0
1106.0755859085184	-0.5541808515531557	0.3071164162281807	1223403.2017428724	1138.838837248963	-26.844397105984854	1296953.8972265702	720.621655983808	1074.562590745723	0.217951706121994	0.047502946201488	1154684.76143016	1079.5165875353648	1076.4857236859364	1.424429	28.316978	0.1754967880948655	0.119939188996452	0.0832127438	0.0110013495	0.0108921157	0.0859072129	0.1497539888	-0.085634792	0.0824320008	0.1112790592	-0.0239165674	0.0351798862	-0.0103706955	-0.0232556544	0.1591905947	0.0342135765	-0.0105391684	0.0331084574	-0.08869894	-0.0355626205	0.0019478764	-0.082648806	0.0001073376	0.0062021402	-0.178805745	0.0212774536	0.0739943648	-0.1149423091	0.0077619613	-0.0101774555	0.0691709205	0.0667792139	0.1781384288	-0.1236935588	0.044273608	0.1241537343	0.0538991536	-0.02851112	0.0267892878	-0.0822745952	-0.0921434264	-0.0319879966	-0.0129533294	-0.0697154703	0.0179095664	0.0663406803	-0.1487371583	-0.0888331542	0.0578992509	-6.10569e-05	-0.0470919713	0.0562037687	-0.0007334722	-0.1532265147	-0.0654685562	0.0161492056	-0.0726563146	-0.0854881099	0.0316871598	0.1025854394	0.0061931269	0.0372169913	0.083997919	0.1457188937	0.0388040295	0.0180105415	-0.0959322247	0.0803596936	-0.0236643358	0.1052207015	0.013472855	0.0751625941	0.0310409859	0.1211520945	-0.0410030444	-0.1515962717	-0.0410999866	0.0566390958	-0.0853610733	0.0259882398	0.031761533	-0.0646937164	-0.0531273804	0.0310808705	0.0789728001	-0.0701153457	0.1431304723	-0.109411777	0.0891771096	0.1414787206	-0.000225601	-0.0178158667	0.086865181	-0.1369535167	0.0266516969	0.0230356306	-0.0829453993	0.0037777363	0.1466684253	-0.0869428942	-0.0683199716	-0.0364877161	-0.0645130971	-0.0240778027	-0.0543424815	-0.0094774142	-0.0620149131	0.1464775206	0.020867778	-0.0943588711	0.0476954698	-0.0203232328	0.0895814498	-0.0547117004	0.1416720922	-0.0053080821	-0.0537919641	0.096078404	-0.0387258307	-0.103209809	-0.0060418346	0.0661132887	0.0238440415	0.1219234949	-0.0689637455	-0.0184867494	0.0008887412	-0.0099477063	0.1555961801	-0.0002109762	0.0667704849	0.0302201924	-0.01472354	0.0505024336	0.0725099733	0.1861688693	-0.0149963847	-0.052240422	0.0470404313	0.0597648775	-0.0088255791	-0.1639406011	0.0945662043	-0.052347906	0.1370724779	0.0145536045	-0.0702246313	-0.1377993886	-0.1182731506	-0.0773220983	-0.0652347981	-0.1899352227	0.082249103	-0.0639307808	0.0464951743	-0.017484693	-0.1196412176	-0.0382042156	-0.087251608	0.0894586932	-0.0884772626	0.029796957	0.0410229053	-0.0951296555	0.110479702	0.0118663071689155	0.0010279758660799	0.000140809245827	1.0567343812429255e-06	-0.0718462556761636	-0.1090050966694632	0.011882111099919	0.0051618844546846	-0.0824063495646214	-0.0003598156524872	1.2946730377486126e-07	0.0067908064485665	-0.0013610113911	0.001116077204507	1.8523520067039568e-06	1.245628326420383e-06	-0.0012180477119745	-0.0001850514995072	3.424405746986325e-08	1.4836402286463146e-06	0.0008041716842794	9.492941223999182e-07	6.46692097796767e-07	9.011593308230308e-13	0.0	0.0	0.0	0.0	0.0	0.0	0.0	0.0	0.0	0.0	0.0	0.0	0.0	0.0	0.0	0.0	0.0	0.0	0.0	0.0	0.0	0.0	0.0	0.0	0.0	0.0	0.0	0.0	0.0	0.0	0.0	0.0	0.0	0.0	0.0
1107.1925798130428	1.1169939045244064	1.2476753827446787	1225875.4087930613	1171.279799447623	32.44096219865992	1371896.368594064	1052.4160283748818	1076.592303850715	2.0297131049921973	4.119735288577067	1159050.9887105904	1082.0482192663892	1089.714295247224	1.453383	28.892584	0.0858012869042005	0.0509734132557813	-0.0367035821	0.0307186501	0.1163788779	0.0313883417	-0.035999759	0.0112216335	0.0500264853	-0.1428059239	-0.0020572729	0.0654909503	0.0060534564	0.0777057445	0.0194129227	-0.0571581247	-0.1139249569	-0.0247438777	-0.0396474227	0.0733302233	-0.1676943835	-0.0025452246	-0.0133734642	-0.0347840366	-0.0115463927	0.2573687734	0.0670936545	0.0860227854	0.0261763834	-0.086087567	-0.1564356572	0.0502036181	-0.0690355116	0.0150912019	0.000157886	0.0972728118	0.0862485551	0.0917268177	-0.0025505585	-0.0274767673	-0.0191929112	-0.0416872344	-0.0456752783	0.0236596585	-0.0252271718	0.1682602209	0.0481237286	-0.0102524755	-0.1213366057	-0.0106168015	-0.0795587476	0.0946580794	0.0391319859	0.1207403749	0.1394276783	0.0613275066	0.0290754401	-0.029115177	0.0570202496	0.0572329109	0.2084018867	0.0394651217	-0.0347357127	-0.1086078652	0.0133955567	-0.0665819814	0.0934129751	0.0798305804	0.0081284753	0.0268813588	-0.0744824128	0.0146067126	0.0667636817	-0.0264560316	0.0089208524	-0.0819177919	-0.0824611909	-0.0920812122	0.0173704659	0.0792899682	-0.1581752211	0.000167375	-0.0180617339	-0.0375894459	0.0293073976	-0.233098871	-0.0038567855	0.0301178142	-0.0759038348	-0.1183268288	0.0935054786	0.1061927867	0.0372987953	0.0157630784	0.0723373621	-0.0935841969	-0.1503424044	-0.0378024853	-0.0381519252	0.0122699447	0.0175443681	-0.0877094759	0.0077647736	0.0196179088	-0.1068832924	-0.2066040511	-0.0348857552	-0.0400690695	-0.0493023589	0.1253902033	0.0725626476	0.1094313463	-0.0329833978	-0.0102182666	-0.088696779	0.0167080314	-0.1012345357	0.042925125	-0.0757494497	0.1469228475	-0.0838224097	-0.0282708995	0.1055836185	-0.1033784849	-0.0886850421	-0.0668787648	-0.0074377992	-0.0253565856	0.0285893314	-0.0216413419	-0.0059282848	0.0370630773	-0.0742646428	0.0434031929	-0.0767812492	0.0501456348	0.0583495964	-0.1020954719	0.0360109719	-0.0119972241	0.1803376113	0.0163820463	-0.0260868855	0.0560558187	0.0144274569	0.0185785823	-0.0680569042	0.1670164063	0.174750357	0.1218000177	-0.1117896942	0.0651899981	-0.0076800272	-0.0909573912	0.0072255233	0.018277665	-0.0868207214	-0.1807562387	0.0788198233	0.1498590242	-0.0897639565	0.0339251109	0.0349494174	-0.0903946745	0.1111058879	0.0140861808104233	0.0022198736415078	0.0001984204898239	4.927838984261104e-06	-0.0358385686296003	0.0360076870465633	0.0012965535264432	0.0012844030014185	-0.082193337503682	0.0002130120609393	4.5374138105646804e-08	0.0067557447299941	-0.0021089919523463	-0.0007479805612463	4.447847055061458e-06	5.594749200023302e-07	-0.0011229592435497	9.508846842480016e-05	9.041816827374216e-09	1.2610374626737144e-06	0.0009083169377121	0.0001041452534327	8.250396593346869e-07	1.0846233812561312e-08	0.0	0.0	0.0	0.0	0.0	0.0	0.0	0.0	0.0	0.0	0.0	0.0	0.0	0.0	0.0	0.0	0.0	0.0	0.0	0.0	0.0	0.0	0.0	0.0	0.0	0.0	0.0	0.0	0.0	0.0	0.0	0.0	0.0	0.0	0.0
1103.561474150665	-3.631105662377877	13.18492833135268	1217847.9272295886	1144.5605045285624	-26.71929491906053	1310018.7485266775	713.9207209717339	1075.463533048095	-1.1287708026200107	1.2741235248474232	1156621.810916291	1080.554250254747	1068.4358101962923	1.539315	30.600866	0.1401788661682282	0.095706417587545	0.0542527258	0.0037121654	-0.0430993333	0.1990611973	0.1083293226	-0.0955035037	0.0235957813	0.073642261	-0.0793185336	0.063126752	0.0708818473	-0.0313474383	0.0226703038	0.0026612194	-0.0841474156	-0.1739088907	-0.0291444436	0.0791569931	0.0393571364	-0.0836547459	0.0613733979	0.0489501247	-0.0590312717	0.0440662787	-0.0209236287	-0.0163922586	0.0343890658	-0.0803154377	-0.0455440381	0.1468866775	0.1707391148	-0.0317952946	-0.0467187105	0.0118056246	-0.0289952698	0.0100007372	0.0061228675	-0.0821594825	0.042984214	-0.0369428192	0.1476407512	-0.0860224595	-0.0145775391	-0.0843372951	-0.0009790338	0.1288925839	0.034031512	-0.1692172268	-0.0314962395	0.0130702837	-0.0347471954	-0.017573557	0.0537231496	-0.0821213051	-0.0271371612	0.0879561268	0.0072106346	0.0157439781	0.0419500025	-0.0248066108	-0.0194847787	0.0470010172	0.0284424018	0.0274303967	-0.1043736974	0.074190181	-0.0235322195	0.0469049113	-0.1287041629	-0.0206346048	-0.2660282679	-0.1174192987	0.0569857849	0.0180736818	-0.0143569347	-0.1667558012	-0.0939994625	-0.0795037518	-0.0284848312	-0.0778086531	-0.044603528	0.0831427167	-3.47173e-05	-0.0438251805	0.0225861177	-0.0182027176	0.0873472545	0.0424626756	0.0080696528	0.0795418374	0.2070563425	-0.096158874	-0.0274788021	0.0517377471	-0.0204570155	-0.0467245184	0.0355210842	-0.0233411131	0.1099205098	0.134850146	-0.123604137	0.0151427108	-0.0114977763	0.0558887821	0.0293993198	-0.0863557241	0.0930546713	0.0851303275	0.0718484281	-0.0371518536	0.0041401183	0.0209811844	0.0494753446	0.0578101562	0.1042280495	-0.0090699493	0.0301405782	-0.0139921661	-0.0319516143	-0.0594603274	0.0106534057	0.0751611333	-0.0512269321	-0.014455873	0.0928052833	0.0084855375	0.0794503734	-0.0435776453	-0.1445060346	0.1252341441	0.1038096051	-0.1812944682	-0.0649289836	0.0066001846	0.0295442365	-0.0051330931	-0.0839457362	0.0210440653	-0.1814866757	-0.0312028415	-0.0677903591	-0.1892144172	-0.004978831	0.1459538776	-0.1188184909	-0.0620126446	-0.1199784192	-0.1781051794	0.0519042096	0.0896174295	0.0214076136	-0.0251427573	-0.0631589164	-0.0776922464	0.1137396828	0.0013575677	-0.104697151	0.1106730539	-0.0910168938	0.0380022381	0.0287576717	-0.0851160492	0.1106882998	0.0133947952029558	-0.0006913856074674	0.0001794205385291	4.780140582132028e-07	0.0520402265752011	0.0878787952048014	0.0077226826466474	0.0027081851819982	-0.0714552150720777	0.0107381224316043	0.0001153072733561	0.0051058477609968	-0.0015210001497374	0.0005879918026089	2.313441455501193e-06	3.457343599352637e-07	-0.0012481127009595	-0.0001251534574098	1.5663387901626663e-08	1.5577853142964186e-06	0.0008040509392437	-0.0001042659984683	6.464979128986761e-07	1.0871398436612382e-08	0.0	0.0	0.0	0.0	0.0	0.0	0.0	0.0	0.0	0.0	0.0	0.0	0.0	0.0	0.0	0.0	0.0	0.0	0.0	0.0	0.0	0.0	0.0	0.0	0.0	0.0	0.0	0.0	0.0	1.0	0.0	0.0	0.0	0.0	0.0
1101.471493081989	-2.0899810686760247	4.368020867424178	1213239.450072266	1151.9933164744969	7.432811945934418	1327088.6012019103	55.24669342362539	1074.4848663369253	-0.978666711169808	0.9577885315519284	1154517.72798708	1079.962978896234	1094.0261302372355	1.650512	32.811413	0.0932740295954395	0.0763065549469803	-0.1137142906	-0.0129422136	0.0147603471	0.0003336136	-0.0207926602	-0.0224100074	-0.0930438662	-0.0514116112	0.0550320239	0.0200101143	0.0925687489	0.0885730664	-0.0470601909	-0.0103107628	-0.0245304573	-0.080785734	0.0430943296	0.0896016899	-0.070154264	0.0266056605	-0.0048576108	-0.0064885243	0.1326099232	-0.1242465485	0.0022786446	0.0007568682	-0.0131722359	0.0837065318	-0.0806281116	-0.1242002113	-0.2400823141	-0.0398013333	-0.0957169388	0.0013783938	0.0598465607	-0.0168589363	0.0814415928	-0.1832947817	0.0585391537	0.0186257653	0.0859907235	-0.0328327153	-0.0200571605	-0.0403378224	0.0029925326	0.1547721866	-0.0091447735	-0.0088415837	-0.0493750054	0.0592720087	0.0566749352	0.0285612647	0.0754887436	-0.0147464659	-0.0245142356	-0.1343970025	-0.0401796163	0.1134754888	0.0052088631	-0.0244505886	-0.0081547219	-0.0063253009	-0.0934949908	-0.0501001697	0.0247715003	0.0496258516	-0.0094273752	0.0604089964	0.0518240811	0.08087609	0.004244969	0.106646896	0.0013974462	-0.0166834216	0.0227218017	-0.1048115377	0.0374046737	-0.0247859561	-0.0948570013	0.0369427653	0.0068642197	-0.0174937829	-0.023715294	0.100416276	-0.0600515123	-0.0051774038	-0.0825022991	-0.138928348	-0.1328160317	0.0337747594	-0.2360124981	0.0983472116	-0.1087222509	-0.0202776885	-0.0696323078	-0.0399413209	0.0915180373	-0.0809805999	0.1651805971	0.0608483374	-0.0316936726	-0.0029846242	-0.0262638845	-0.0276599542	-0.0254816496	-0.1314581916	0.0169377642	0.0465673411	-0.0123721257	0.0806086632	-0.0106161679	-0.0543729627	-0.0054372052	0.1243374776	-0.0841023546	0.0985885137	0.0307682376	-0.1055504887	-0.0598531017	-0.0668993102	0.0396943555	-0.0669226672	0.010137044	0.0256474584	0.0288122418	-0.0145753673	0.023749728	-0.0531341414	0.0329000332	0.0004997134	0.0556947978	0.0714755518	0.0730421293	0.0443835718	0.0559415352	0.0341816118	0.0021359942	0.0314387548	0.0934358352	-0.0117272405	-0.0463700038	-0.0526032544	0.0358860452	0.0460128633	-0.043418675	0.1288151318	0.105402566	0.0630422528	0.1106113132	-0.0273370604	0.0675438277	0.0407078516	0.1347513796	0.0657906676	-0.0621966403	0.1576568126	-0.0253842102	-0.1207503831	-0.0922356034	0.0420222065	0.0224686191	-0.0793255261	0.1092308605	0.0124653472281863	-0.0009294479747695	0.0001553848815192	8.638735378031272e-07	-0.0235500621545838	-0.0755902887297849	0.0057138917502522	0.0005546054274847	-0.0684075506252526	0.003047664446825	9.28825858044172e-06	0.0046795929825464	-0.0014630860893213	5.791406041609991e-05	2.1406209047654958e-06	3.3540383938796712e-09	-0.0010320888019401	0.0002160238990194	4.666632494754394e-08	1.065207295090151e-06	0.0008042455486894	1.9460944569997966e-07	6.46810902586714e-07	3.787283635565332e-14	0.0	0.0	0.0	0.0	0.0	0.0	0.0	0.0	0.0	0.0	0.0	0.0	0.0	0.0	0.0	0.0	0.0	0.0	0.0	0.0	0.0	0.0	0.0	0.0	0.0	0.0	0.0	0.0	0.0	0.0	1.0	0.0	0.0	0.0	0.0
1098.7513316224763	-2.7201614595126102	7.399278365817774	1207254.4887421648	1139.767526368243	-12.225790106253951	1299070.0141635833	149.46994372217705	1072.405212115058	-2.0796542218672585	4.324961682530312	1150052.9389715423	1077.8673473699275	1063.0918620461816	1.418961	28.208279	0.0516620596052273	0.0295275172211082	-0.0480281381	0.0132672272	-0.1122562958	0.1466800879	-0.0923881103	-0.038569526	-0.1482125444	-0.002287866	-0.0924988025	0.1099244971	-0.0299858611	0.0609689001	0.010173143	-0.1494914214	0.0848681434	-0.028029086	0.0653488707	0.1104759494	-0.0417752249	-0.0677289968	0.010062061	0.0581108373	0.1249660354	0.0431830547	-0.0598749176	-0.0869745689	0.0306736228	-0.0768273271	-0.045183173	0.0711164611	0.0880094689	-0.1115627608	-0.0603262175	0.0495984687	-0.0007112053	-0.0454551711	0.015663932	-0.0690084263	-0.1018755464	0.0608690476	0.1561428453	-0.0080183087	-0.0452294925	-0.020254225	-0.0209741506	0.0273592085	0.0721463792	0.0777186322	0.0860313125	0.0707848959	-0.0272726081	-0.0156688885	-0.01062193	-0.0185604752	-0.0089922793	-0.1132324097	-0.0199876109	-0.04322609	-0.0261144711	-0.1046958646	-0.0413663995	-0.0306544242	0.0286633524	0.0718578915	0.0041924274	-0.0951855646	0.0593474135	0.0079116053	-0.0139610559	-0.0630062398	0.1754866674	-0.0682882769	-0.0868190956	0.0919888806	0.0976340183	-0.0044309993	0.0497584076	-0.0676918431	-0.1074701079	-0.0453823721	-0.031895971	0.0186690385	-0.0426757107	0.0023668539	-0.1545201265	-0.088526001	0.0713436715	-0.0001276736	0.0100869615	0.0814197384	0.0967840059	-0.117935291	-0.0833742705	0.0338041303	-0.0515335121	0.0240912398	0.092659671	-0.096612812	0.0035048452	0.1392457835	0.0271800064	0.0633579508	-0.0357465233	-0.032211605	0.0024713755	-0.0371940076	-0.010504553	-0.145773892	0.0080535421	5.87669e-05	-0.0400893223	-0.0003756573	-0.0296060596	0.0624297479	-0.0512535971	0.0464259233	0.0298411276	-0.0166520253	0.0100081835	-0.0649923788	-0.0809925049	0.0284687625	-0.034008806	0.0835348109	-0.0485724887	0.0412701723	-0.0756612419	0.0160874172	-0.002324635	-0.0395650796	-0.2016230377	0.0195082841	0.0510785021	-0.0719536109	0.1218633289	0.0498719625	0.0368998866	-0.0939315189	-0.0424232486	0.0410753101	0.0719720018	-0.0045192422	0.0658794265	-0.0406352592	-0.1266466946	-0.1667073319	0.0474952844	-0.0849974496	0.0399271171	0.1088849216	-0.0233609169	0.0919139478	-0.0411415901	-0.0072412074	0.0086034398	0.0491421433	-0.0129668171	-0.0676730993	-0.0934196269	0.0459789694	0.0161035399	-0.0730579298	0.106747262	0.0189878025157952	0.0065224552876089	0.0003605366443788	4.25424229788573e-05	-0.0233342304664176	0.0002158316881662	4.6583317616672126e-08	0.0005444863114598	-0.0553101658685903	0.0130973847566622	0.000171541487464	0.0030592144484109	-0.0019350209134949	-0.0004719348241735	3.7443059356626368e-06	2.2272247826776658e-07	-0.0011962790816517	-0.0001641902797115	2.6958447951773398e-08	1.4310836411974345e-06	0.0008038428951188	-4.026535706000249e-07	6.46163400032974e-07	1.6212989791694925e-13	0.0	0.0	0.0	0.0	0.0	0.0	0.0	0.0	0.0	0.0	0.0	0.0	0.0	0.0	0.0	0.0	0.0	0.0	0.0	0.0	0.0	0.0	0.0	0.0	0.0	0.0	0.0	0.0	0.0	0.0	0.0	0.0	0.0	0.0	0.0
1097.7258079393528	-1.025523683123538	1.0516988246472667	1205001.9494161047	1132.225260314062	-7.5422660541808	1281934.0400932457	56.885777232048014	1072.0930762836554	-0.3121358314026565	0.0974287772454276	1149383.5642153516	1077.334969497339	1048.1009755006446	1.269686	25.240772	0.0525686637640434	0.0265229507686765	-0.063624143	-0.0066505658	-0.1121957273	-0.1485957529	-0.0685132869	0.0652369092	-0.1109055637	0.0788336047	-0.1055969381	-0.0600153766	-0.1150439014	0.056428167	0.0119133622	0.0555260049	0.1668288834	0.0127530966	0.0527930276	0.099512736	0.0952643393	0.0770515233	0.0471072921	0.0356344342	-0.0519024397	0.0709525187	-0.0081331089	-0.0054111388	-0.0107002775	0.0270131503	-0.0201052574	-0.1404607784	0.0691266262	-0.0621081713	-0.1832214476	-0.0937722059	-0.0174082677	0.0512722022	-0.063251549	-0.0260620927	-0.0368150243	0.0420972415	0.0568404121	0.1880224759	0.1071571844	0.0478121199	-0.0430058698	-0.0400253902	-0.0582497829	-0.1042967958	-0.0950849654	0.0675472942	-0.0005902689	-0.0525023437	-0.0351635607	-0.0638107969	0.080367904	-0.0403548224	-0.0002121291	0.0137697736	0.0392641855	0.0014194864	0.0510176253	-0.1241247451	-0.0304780989	0.0015032497	0.1834668468	0.0399478308	0.0621164029	-0.0778827989	0.0857348424	0.0631174403	-0.1260890467	0.0709953664	0.1824188181	0.018278024	0.1412955453	0.0774350171	0.0092248446	-0.1235274162	-0.0313812895	0.0355821475	0.1046947342	0.0448169957	-0.0175434702	-0.0777632868	-0.0074271541	0.0261858925	0.0211748451	-0.0046624588	-0.0395108107	-0.155015893	0.0164127917	-0.0503350144	-0.1450316005	-0.0912096647	0.0039884005	-0.0287005845	-0.0667467812	-0.0828861861	0.05255794	0.0064218282	0.1286602664	0.1305143	0.1283065569	-0.0593780248	-0.0822382516	0.0925231257	-0.0336983772	0.1050422622	0.124445666	0.0254166884	0.0792920298	0.0121946612	0.0193297351	0.1153856679	0.0269142755	0.0219727262	-0.0849460974	-0.0313688613	0.0375616939	-0.0233106264	0.0420478376	-0.1717515249	-0.0318004013	-0.0232031311	-0.0414603528	0.1218809267	-0.0814301477	-0.048836887	-0.0306575232	-0.0004513384	0.2454699983	0.0070112933	0.0233758068	-0.0297673092	0.076532231	0.1121044085	-0.107344591	0.0428339122	0.0200870455	-0.0740949943	0.1321117805	-0.0141808547	-0.0723878407	-0.007286865	0.0684016623	0.0577295496	0.025746991	0.0858231028	0.10118913	0.051996329	-0.1099669488	-0.0406867992	0.02885454	-0.0467175864	-0.0478067825	0.0399433563	0.0603592234	-0.0606865775	-0.0945685192	0.0498665756	0.0096839714	-0.0663509546	0.103260836	0.0165803641720998	-0.0024074383436954	0.0002749084760794	5.79575937869485e-06	-0.0423830672055487	-0.0190488367391311	0.000362858181114	0.00179632438575	-0.0629037744161422	-0.0075936085475519	5.7662890773453295e-05	0.0039568848357969	-0.0016285856090685	0.0003064353044263	2.652291086065017e-06	9.390259579890042e-08	-0.0010326560613005	0.0001636230203512	2.6772492788849213e-08	1.0663785409406618e-06	0.0008041601730145	3.172778957000536e-07	6.466735838627107e-07	1.0066526309985405e-13	0.0	0.0	0.0	0.0	0.0	0.0	0.0	0.0	0.0	0.0	0.0	0.0	0.0	0.0	0.0	0.0	0.0	0.0	0.0	0.0	0.0	0.0	0.0	0.0	0.0	0.0	0.0	0.0	0.0	0.0	0.0	0.0	0.0	0.0	0.0
1100.6977502622158	2.971942322863015	8.832441170424412	1211535.5374323032	1143.4531533628788	11.227893048816668	1307485.113935511	126.06558231566564	1073.1173988378196	1.0243225541642005	1.0492366949694714	1151580.951688448	1078.5024104814463	1052.5142340621233	1.154298	22.946903	0.0338172795731069	0.0212117689705186	-0.0525310334	0.0160799486	-0.0710060644	0.0762145596	-0.1161757412	0.0993159917	-0.0937703398	-0.0251578849	-0.1206410708	-0.002038935	-0.0908998575	-0.0414083089	0.0012061594	-0.0330982995	0.0848329166	0.0098560395	0.0238883384	-0.0028222747	-0.0956721406	0.0008925849	0.0093094278	0.0615222542	-0.0140917648	0.0373051497	-0.0659067338	-0.0949318268	0.0752483627	-0.0327119412	0.0544802983	0.0578687853	-0.1212569515	-0.1049784966	0.1855645018	0.0172782976	0.115410228	-0.0859937112	0.0664515337	-0.0791699082	-0.1696352805	-0.0266734909	0.0887348144	-0.017113355	0.0906667473	0.0324142046	0.0713846977	-0.0114666664	-0.1228526624	0.0009088372	-0.1297941994	0.0266080719	0.1450483963	0.0056023897	-0.0357977556	-0.0948528363	-0.1135328841	0.0794049135	-0.080493815	-0.1030302329	-0.0058744314	-0.0144571219	0.1195638493	-0.1941714643	0.0441454056	-0.0010899162	0.1382151816	-0.090318917	-0.1196612727	-0.0568727648	0.0777245472	-0.1797529624	-0.1102990611	0.0528147663	0.1216345054	-0.0991180728	0.0785525499	0.0364334419	0.0464181469	0.0435901149	-0.040448765	-0.0489128936	0.0143769662	0.0403698942	0.0560917265	-0.0019395349	-0.0586155549	-0.0455885272	0.086590499	0.0846225992	0.078495239	0.1406290679	-0.1504696745	-0.0116150005	0.0988609699	-0.0175209198	0.0098536779	0.0101094433	0.1857163395	-0.1003497056	-0.0812754657	0.0457099723	-0.0684803013	0.0699923694	-0.0041477762	-0.1207819153	0.0368584161	-0.0637133169	-0.1377215448	0.0854687452	0.0467612094	0.0662884916	0.1259540432	-0.1178246868	-0.0134956714	-0.0918173331	0.1336899276	0.0323206484	0.0739728352	0.0302763832	0.1368799059	0.0329534391	-0.0024473125	-0.1621068422	-0.0662786775	-0.0356815872	-0.1042145974	-0.0369526705	-0.1833439286	-0.0463343187	-0.129259408	-0.1988469154	0.0702291048	-0.0473509973	-0.0465903055	0.0958477659	0.0331496761	0.0499500155	0.0659724253	-0.0206598458	0.0130045126	-0.0448250447	0.114045861	-0.016576291	-0.1332409498	-0.0225267527	-0.0025708272	-0.1488679626	0.0373411749	-0.0904662555	0.0392934197	0.0144357468	-0.0834532762	-0.028699866	-0.0920056406	0.0034458301	-0.0836652152	0.0231730076	0.0759921413	-0.0970993583	-0.095681848	0.0536791777	0.0032316354	-0.059244937	0.0988043356	0.0199736519644346	0.0033932877923348	0.0003989467727963	1.1514402041608384e-05	-0.0368625789400027	0.0055204882655459	3.047579069003107e-05	0.0013588497261079	-0.0823000006782734	-0.0193962262621311	0.0003762135932117	0.0067732901116438	-0.0016280293074855	5.563015829999733e-07	2.6504794260317167e-06	3.094714512482762e-13	-0.0010327451974156	-8.91361151000858e-08	7.945247015135742e-15	1.0665626427849866e-06	0.0009136602803783	0.0001095001073637	8.347751079409537e-07	1.1990273512683713e-08	0.0	0.0	0.0	0.0	0.0	0.0	0.0	0.0	0.0	0.0	0.0	0.0	0.0	0.0	0.0	0.0	0.0	0.0	0.0	0.0	0.0	0.0	0.0	0.0	0.0	0.0	0.0	0.0	0.0	0.0	0.0	0.0	0.0	0.0	0.0
1101.350673449974	0.6529231877582333	0.4263086891123732	1212973.3059087114	1143.975287445684	0.5221340828052234	1308679.458286435	0.2726240004268519	1073.6589734111324	0.5415745733128006	0.293303018458942	1152743.5911862466	1078.789172380992	1065.3843163060712	1.274862	25.34366	0.0347463041536218	0.0195107786449371	-0.0226529248	-0.0141379588	-0.0647101689	-0.1922458503	-0.0621825237	-0.0067680484	-0.0219657578	0.0509656335	-0.0912002613	-0.0944869896	-0.0772903074	0.0991126622	-0.0263860466	-0.0026972857	0.0783239232	0.0474189992	-9.24537e-05	0.0892151138	0.056373033	0.0629663675	-0.1475960583	-0.0124404429	0.0793518416	-0.0106641563	-0.0086658374	0.106752022	-0.0514537526	0.065456434	0.0836946903	-0.1495247093	-0.0890698831	0.0045679113	0.1066334496	-0.0957921351	-0.0658575246	0.0643332696	-0.0143947391	0.0992430952	-0.0035847943	-0.0235466917	0.0353865015	0.0578773902	0.0209653779	-0.0105861668	-0.1608404513	-0.0237557242	-0.0202740344	0.0192941284	0.0356631674	-0.0918730641	0.0873881261	0.0233218645	0.0506103553	-0.035476928	0.018957086	-0.1384457436	-0.0724718649	0.0604893201	0.0740618997	0.0220663107	0.0755601903	-0.1015002905	0.0522336772	-0.1110739377	-0.0913081042	0.0207863381	-0.0751886261	0.0753804865	-0.0768452635	0.1017774919	0.0780082555	0.1817232587	-0.0466247885	0.0122500533	0.0485882369	0.0769781176	-0.0078391759	-0.0764595643	-0.0409580072	0.0490298597	0.0392158243	-0.1730586503	-0.0319088867	0.0488266802	-0.036219135	0.1014288809	-0.0992109572	0.0165007915	0.0282894937	-0.083181555	-0.1579504487	-0.0055449821	0.0456014275	-0.0100922503	0.1190729914	-0.0395250985	-0.0888137735	0.0427536534	-0.056339961	0.0219465242	0.017398331	0.0872754958	0.0447983485	0.0258780432	-0.1166540479	0.0560272919	-0.0075205933	0.0085280405	-0.1151248973	-0.0345835856	-0.0291841554	-0.119972736	-0.0329430776	0.0909533587	-0.0590230181	0.0919636399	0.0636496251	0.0009593687	-0.0339447546	0.0251663347	0.0243681458	-0.0811223496	-0.1305861295	-0.0912775681	0.0547356324	-0.0981970545	0.0620266563	-0.0175573673	-0.0472794946	0.0714989193	0.0380572056	0.1041508628	0.1102113914	0.0304839821	0.0717803489	0.0205300378	0.0140837146	-0.0472433186	0.0896959687	0.0273930466	0.1351964201	-0.0334747031	-0.0398980058	0.0359052958	0.0716039303	0.0309475965	-0.0232518678	0.1080226901	0.0780592551	0.0380571709	0.0361023712	0.0261582969	-0.0291808786	0.0170512297	5.5921e-06	0.0305893726	0.0592262537	0.0132644576	-0.0967591949	0.0574110412	-0.0032316354	-0.0517826133	0.0934196269	0.0199537644756588	-1.988748877580077e-05	0.00039815271675	3.9551220980760144e-10	-0.0358045163153661	0.0010580626246365	1.1194965176528862e-06	0.0012819633885773	-0.0683139239019539	0.0139860767763194	0.0001956103435931	0.0046667921988819	-0.0018621063492511	-0.0002340770417655	3.4674400559212595e-06	5.4792061481734426e-08	-0.000982750194876	4.999500253959999e-05	2.499500278934609e-09	9.65797945528816e-07	0.0008040867794057	-0.0001095735009725	6.465555488150309e-07	1.2006352115392364e-08	0.0	0.0	0.0	0.0	0.0	0.0	0.0	0.0	0.0	0.0	0.0	0.0	0.0	0.0	0.0	0.0	0.0	0.0	0.0	0.0	0.0	0.0	0.0	0.0	0.0	0.0	0.0	0.0	0.0	0.0	0.0	0.0	0.0	0.0	0.0
1101.289930319948	-0.0607431300259122	0.0036897278453448	1212839.510624116	1151.3307788640002	7.355491418316205	1325562.5623595854	54.10325400492334	1073.0494151907494	-0.6095582203829508	0.37156122403643	1151435.0474412094	1078.3653740931984	1064.18564021974	1.152706	22.915262	0.0837067947258825	0.0504796558941209	-0.0844961293	-0.0124492936	-0.0233696709	-0.0088677169	-0.0891368328	0.0378073167	-0.0518227851	-0.0732684527	-0.0742286231	-0.0267844985	-0.1207712864	-0.0652830439	-0.0057757767	0.1152188325	0.0997448878	0.0171351444	0.0463602188	0.0807714592	-0.0116792735	-0.0714110264	-0.0525944398	-0.0372390485	-0.0763449726	0.0564474433	0.1364086052	0.0142035214	0.0763005684	0.1668794049	0.1040147413	0.0105611043	-0.1107127869	0.0647596519	0.0442341799	0.1102424049	-0.0933373041	0.0677228965	0.0247111134	0.0765917066	0.0479110395	0.0562642294	0.1686454552	0.012232359	-0.0305206299	-0.0305714649	-0.0070293761	-0.1698333953	-0.0670120214	0.0799034227	0.0186524403	-0.0583667656	-0.058241089	-0.0025932843	0.1298449469	-0.0354756598	0.0699819212	-0.0373367958	-0.1545554306	-0.1191467775	0.0357600021	0.1029244379	-0.0069552958	-0.034164633	-0.0940560928	0.0881253483	-0.091060356	0.0577189622	0.034124542	-0.0322434854	-0.1918046878	0.0371434864	-0.032484708	0.0243313829	0.0249429458	0.0130902044	0.0934012892	0.0432344996	0.0706708856	-0.0053261971	-0.0817247817	-0.0424173072	-0.0677064963	-0.0654353851	-0.0434287276	-0.082328078	0.1748825534	0.0429967311	0.0692868689	0.0716826402	-0.0381496214	-0.0291028359	-0.1227969107	0.086216801	0.073338394	0.1195374081	-0.0430747614	-0.0177876376	-0.070918526	0.1136183467	0.000920485	0.1603935332	0.04004872	0.0747791411	-0.0020738826	-0.0311786535	-0.0154538379	0.11246414	-0.1478654239	-0.0736369384	-0.0973401858	0.0279493146	-0.0403790728	0.0366021323	-0.0577355192	0.1203732856	-0.0360017312	-0.0388782074	0.1661144276	0.1362317857	-0.0090140097	0.1059227009	0.0095694241	-0.0217243366	0.0041772979	0.1062796438	0.0748665973	-0.0096624039	0.0611150916	0.0076227952	-0.1451732189	0.1387494171	0.0101995891	0.0517984232	-0.1621584555	-0.0501056668	0.047012896	0.057637424	-0.0737122755	0.0528406156	-0.0933111189	0.070152044	0.0702457044	-0.0677647141	-0.1577021003	0.0369969658	0.0134911893	-0.0966459313	0.0150572962	0.0161050113	0.0613900736	0.1058986474	0.0198289517	-0.0238017256	-0.0194016556	0.0632276332	0.0227123005	-0.012844379	0.0803088416	0.003906053	-0.0978001546	0.0610565531	-0.0096839714	-0.0440088629	0.0871572961	0.0188257010900372	-0.0011280633856215	0.0003544070215314	1.2725270019800649e-06	0.0107800938308315	0.0465846101461976	0.0021701259024732	0.0001162104230015	-0.0777932700771373	-0.0094793461751833	8.985800390896406e-05	0.0060517928692944	-0.0017878704004112	7.423594883989985e-05	3.196480568666505e-06	5.510976100160228e-09	-0.0011789486228448	-0.0001961984279688	3.8493823137428416e-08	1.3899198553076506e-06	0.0010639479029746	0.0002598611235689	1.1319851402440488e-06	6.752780354249114e-08	0.0	0.0	0.0	0.0	0.0	0.0	0.0	0.0	0.0	0.0	0.0	0.0	0.0	0.0	0.0	0.0	0.0	0.0	0.0	0.0	0.0	0.0	0.0	0.0	0.0	0.0	0.0	0.0	0.0	0.0	0.0	0.0	0.0	0.0	0.0
1101.9402732801389	0.6503429601907555	0.4229459658696746	1214272.365876707	1142.519556270896	-8.811222593104276	1305350.936461445	77.63764358523123	1073.4107278232143	0.3613126324648874	0.1305468183787068	1152210.5906059626	1078.532930432454	1060.8317045115136	1.1882	23.620863	0.0751237326073488	0.0470099652589347	0.0198187285	0.0234926176	-0.1103948777	-0.1900152724	-0.0660742961	-0.0701632261	-0.0107500957	0.0920491748	-0.0783244611	-0.0794254191	-0.0825296771	0.0518670013	0.1073553349	0.0229427836	0.0488069969	0.0436911986	0.0152494742	0.0881017631	0.0907347026	0.0233178621	0.0049289863	-0.0447656183	-0.0102890192	-0.0840410778	-0.0366315214	-0.012816047	0.029560835	0.0193345747	-0.0249179495	0.0610690809	-0.0705878841	-0.0088287271	0.0594018567	-0.0121789012	-0.033996288	-0.0639392453	0.1649850987	0.0747788189	-0.1293531152	-0.1523386345	0.0310071724	-0.1979278614	0.02616277	0.0933210843	0.0435910583	0.0060575242	-0.0361563799	0.1909814718	0.0079501318	0.0275813016	-0.0359407719	0.0148007337	0.0588936708	0.0658685042	0.042513366	-0.0566847465	-0.0475808312	0.0077429606	0.0435237111	-0.0111241295	-0.1308846908	-0.0145240589	0.038538901	0.0889666431	0.0716210215	-0.0124177943	-0.0528130016	0.0263594682	-0.0191912658	-0.0294994223	0.0389733184	0.0538672498	-0.0802934583	-0.0138844551	0.0253552912	0.0652509907	-0.0208182116	-0.1340819675	-0.0060302269	0.0505345098	-0.0022344898	-0.0177376354	7.8451e-06	0.0480607416	0.0179924401	0.0138541499	0.0312850541	-0.0127476371	-0.0403253094	0.1066875992	-0.0475463096	0.0211136309	-0.0026566804	0.0594140777	0.0540022823	0.0114436235	0.0645131742	0.0407436041	-0.1723348245	-0.0362046187	-0.2115108482	-0.0036269827	0.0023025137	-0.1583327636	-0.0050595616	-0.0928868186	-0.0922796521	-0.1195919444	-0.0768284637	0.0600233994	-0.020082433	0.040366689	-0.0116707847	0.0103910622	-0.1221675508	-0.0411102628	0.0051141808	0.0884225567	-0.11308528	-0.0687374656	-0.0098672464	-0.0044303945	-0.0016939519	0.0885919255	-0.1003371956	-0.0025884886	0.0125710749	-0.008533862	-0.00245416	-0.0091577191	-0.0138849351	-0.0049144528	0.0182416258	-0.0059165319	0.019246212	0.0363761405	0.0189034621	-0.0547837105	0.0607591334	-0.0645560102	0.1170000614	-0.0336521092	-0.0699932501	0.0209749929	0.0925594628	-0.050424491	-0.1074638534	0.0506555967	0.1404715809	0.0123169403	0.0819444431	-0.0019060076	-0.0644067009	-0.068553792	-0.0951148046	-0.01484807	0.0604044334	-0.0965679947	-0.0988043356	0.0646102301	-0.0161035399	-0.035970438	0.080076174	0.0155534333501634	-0.0032722677398738	0.0002419092889779	1.0707736161418789e-05	-0.0329295921847005	-0.043709686015532	0.0019105366515763	0.0010843580414506	-0.0757963871299693	0.0019968829471679	3.987541504690311e-06	0.0057450923019561	-0.0014449336002327	0.0003429368001785	2.087833109081432e-06	1.1760564891666853e-07	-0.0010327939814711	0.0001461546413736	2.136117919507484e-08	1.0666634081629271e-06	0.0010977543795179	3.380647654329999e-05	1.2050646777507295e-06	1.1428778562726922e-09	0.0	0.0	0.0	0.0	0.0	0.0	0.0	0.0	0.0	0.0	0.0	0.0	0.0	0.0	0.0	0.0	0.0	0.0	0.0	0.0	0.0	0.0	0.0	0.0	0.0	0.0	0.0	0.0	0.0	0.0	0.0	0.0	0.0	0.0	0.0
1103.0723784578224	1.1321051776835702	1.281662133337948	1216768.6721165974	1149.7981306620222	7.278574391126312	1322035.7412738807	52.97764516715977	1074.0069840254516	0.5962562022373277	0.355521458706481	1153491.0017354467	1079.2625731810724	1069.03317486037	1.371707	27.268892	0.0628622037007096	0.0314242645051706	-0.0931074715	-0.0112255161	0.0433370324	-0.0921226267	0.0198682071	0.1096178453	-0.0469981479	-0.0683679031	-0.0725175178	0.0780883381	-0.1533756115	-0.0351792898	0.0579415642	-0.0454615092	0.0194077603	0.0794990914	0.0603435739	0.0532590279	0.0048682714	0.0157775542	-0.0595551974	0.090699325	0.0970155213	-0.0002507806	0.0084308158	-0.0016820902	0.0321702025	0.1468884709	0.0335302064	-0.1045216993	-0.1008706557	0.0091500564	0.0355814122	-0.0069417805	-0.0483759078	0.1042877672	-0.0564146796	-0.1695729484	-0.0212394848	-0.0141708918	-0.175578123	0.0650975917	0.0572375473	-0.0579415651	-0.0535058517	0.0175280751	-0.0429151103	0.0888119533	0.0059772525	-0.1053928323	0.0462575539	0.0417209871	0.0060400301	0.1969957688	0.0356108905	0.0463560907	0.0480740758	-0.009744647	-0.0540165411	0.0520930656	0.0863963537	-0.024383051	-0.1232873714	0.0328576789	-0.0379198426	0.0836689292	0.0713437244	-0.0642220211	0.0828252894	0.0059505675	-0.0553695193	-0.1450458182	-0.0561167345	0.0581362966	-0.0034027816	0.0636036371	0.0917050042	-0.0110833184	-0.0578680219	-0.0764647662	0.0544427735	-0.0787499976	-0.110889411	0.0210969329	-0.0361358059	0.0192714055	0.0263437623	0.0226380682	-0.0641980916	-0.0312689742	-0.1729986785	0.0201536435	0.0384884558	0.0116800167	0.0532656919	-0.0889365877	-0.0731842497	-0.1547113367	0.0591825357	-0.1674194278	0.0677402533	-0.0400307368	0.0151441254	0.064526736	-0.0189070951	0.0199620806	-0.0424339246	0.0700229348	-0.1492188451	0.0547046485	-0.0601954735	-0.0549357598	-0.0043677365	-0.0860071263	-0.0995095671	-0.0641713768	-0.0842332767	-0.0330411475	0.0774715788	0.1033688189	-0.0399422588	-0.0064181736	0.0075833391	0.0639782079	0.1267486174	0.0802209213	0.053169535	0.0689477924	0.0882869396	-0.0076918932	0.0452729263	-0.073637471	-0.0433784689	-0.0438302398	0.042836233	-0.0198661424	0.088190411	0.0540318354	0.0772069771	0.1208251365	0.1441142541	0.0264945393	-0.0538587332	0.0394694497	0.0229528848	-0.056265202	-0.0658061116	-0.028041797	0.0744404296	-0.0143820754	-0.038846805	-0.0330412366	-0.0510051639	0.1595127389	0.0627120494	0.0667870793	0.0236608296	-0.0575699535	-0.0997713604	0.0680667272	-0.0224686191	-0.0277156827	0.0722427837	0.0203670822353103	0.0048136488851469	0.0004148180387798	2.3171215589476e-05	-0.0192306530445449	0.0136989391401556	0.0001876609335656	0.0003698180165196	-0.0822001298483314	-0.006403742718362	4.100792080297557e-05	0.0067568613470825	-0.0019100871731849	-0.0004651535729522	3.648433009165482e-06	2.163678464301977e-07	-0.0010327695155889	2.446588220016664e-08	5.98579391832431e-16	1.066612872329731e-06	0.0008040149592114	-0.0002937394203065	6.464400546357092e-07	8.628284704199868e-08	0.0	0.0	0.0	0.0	0.0	0.0	0.0	0.0	0.0	0.0	0.0	0.0	0.0	0.0	0.0	0.0	0.0	0.0	0.0	0.0	0.0	0.0	0.0	0.0	0.0	0.0	0.0	0.0	0.0	0.0	0.0	0.0	0.0	0.0	0.0
1104.7051775974269	1.632799139604458	2.666033030293059	1220373.5294105625	1151.107313260565	1.3091825985427477	1325048.0466419563	1.7139590763271413	1074.3881074369183	0.3811234114666604	0.1452550547679853	1154309.805401883	1079.5616093851177	1050.7955909698933	1.520928	30.23534	0.0032138020846588	0.0025106160547785	0.0877074282	-0.0343838332	-0.0270646868	-0.006694923	-0.0244807774	0.1159357911	0.0377112365	0.0234464359	0.0123455382	-0.0448232719	-0.1813866008	0.0315769757	-0.0130064024	0.0918623664	-0.0238313943	0.0768408444	0.0004063834	0.1153445543	0.179705905	0.0647071727	0.0627194182	-0.0392898818	0.055942016	-0.0500691331	0.1302745724	0.0455192291	0.0182464319	-0.0025357702	0.0775731721	0.0039807805	0.0070154213	0.0088375131	-0.0138157568	0.0691410358	-0.0479096422	0.1456596097	-0.0006200155	0.0551285018	-0.0125629752	0.0475366896	-0.0693496032	-0.0907118096	0.0529300939	0.0417321642	-0.0810484599	0.0095835716	-0.0907219214	0.0343278911	0.1180637249	-0.078831705	-0.1171553674	0.0036463104	-0.0320505824	0.0616254078	-0.0875174113	0.0764592301	-0.0882366672	0.1653022157	0.0137459886	0.0624891595	0.0747093424	-0.0465365692	-0.0203738334	-0.0150114651	0.1389481492	-0.0063019512	0.102351783	0.0472411446	-0.0621418985	-0.0533537992	0.1534022159	-0.0448693612	-0.0405059845	0.1788433338	-0.0580700181	0.0613591979	-0.0081386114	-0.1276390144	-0.0182360839	0.0964951131	0.021632811	-0.0209999116	-0.2035150362	-0.0051154247	0.1201495077	0.0108447337	-0.0367549561	0.024034031	0.0188375826	-0.0158625228	-0.0254527303	-0.0224351339	-0.0069174701	0.0674892262	-0.0557480859	-0.0907342486	-0.0975527098	-0.0182579346	-0.0879414762	-0.0233369973	-0.0214992806	-0.1223194817	0.0376431122	0.0002341956	-0.1076456953	-0.00573304	-0.0615828986	-0.0268193337	-0.0852884783	-0.0747248859	-0.0644242978	0.1259604141	0.0549542582	-0.1091808521	-0.0135883943	-0.0333767576	0.0074958655	-0.0629113509	-0.0332881927	0.0978288718	0.151615283	-0.1221356275	-0.0440223579	0.028340467	-0.0827004208	0.0955924518	0.0026017148	-0.1244956216	-0.0413522369	0.0273923148	-0.156915924	0.0592581996	0.043812905	-0.1686533127	0.0306853308	-0.0438196548	-0.0895793652	-0.0486948989	-0.1043390112	0.0127799326	0.0893214602	-0.0283101572	-0.1100766875	0.024624123	0.0388135724	0.0879603956	0.0946155102	0.0375359889	0.0365260939	-0.0980612192	0.041261715	-0.0194338559	-0.0834232933	-0.0237472716	0.0334081622	-0.1594715263	-0.0044461696	-0.1058938586	-0.1007008652	0.0714208455	-0.0287576717	-0.019294242	0.0637307152	0.0227290693573678	0.0023619871220574	0.000516610593852	5.578983164765467e-06	-0.0183796482540969	0.0008510047904479	7.242091533654404e-07	0.0003378114699443	-0.0822009400204848	-8.101721533926298e-07	6.563789181328509e-13	0.0067569945402513	-0.0019100871731849	0.0	3.648433009165482e-06	0.0	-0.0010327695155889	0.0	0.0	1.066612872329731e-06	0.0008040149592114	0.0	6.464400546357092e-07	0.0	0.0	0.0	0.0	0.0	0.0	0.0	0.0	0.0	0.0	0.0	0.0	0.0	0.0	0.0	0.0	0.0	0.0	0.0	0.0	0.0	0.0	0.0	0.0	0.0	0.0	0.0	0.0	0.0	0.0	0.0	0.0	1.0	0.0	0.0	0.0
1104.8349645665248	0.1297869690979496	0.0168446573476321	1220660.298928714	1142.2753191901215	-8.831994070443443	1304792.904830894	78.00411926034813	1074.1914212933248	-0.1966861435935243	0.0386854390816924	1153887.2095801733	1079.2582428785483	1068.3325896911792	1.21632	24.179878	0.0553912120571553	0.0323987695661489	0.0143418232	0.0571944759	0.0318805289	0.0033881324	0.0730905313	0.0870569446	0.0304026321	0.0430195991	-0.1546362751	0.0159745086	-0.1271272584	-0.1496339266	0.0884304894	-0.0212780352	0.0099000411	0.099694953	0.0575584383	-0.0408490972	-0.0125180038	0.0331241755	-0.0667581363	0.0942273365	-0.1846150118	-0.019941151	0.0154131218	-0.1030287334	0.1328747919	0.0603742389	-0.0575904939	0.0103893815	-0.0020455419	-0.0612711608	-0.0082888518	-0.0926515019	-0.062694007	-0.0436129045	0.0059257817	-0.0759800256	-0.1454987329	-0.0265376345	-0.1678139237	0.025431802	-0.0331025004	0.0006496351	-0.0042119307	0.0961025337	-0.0865633441	-0.1990134718	0.0387251861	0.0232709561	-0.0445553538	-0.0491992009	-0.0217193141	0.0056921031	-0.0648489004	0.0871490363	-0.0254683868	0.073183161	0.0323766745	-0.0107204652	0.0166019294	-0.0706556599	0.1228162174	-0.0396091453	-0.115231733	-0.1435213473	0.1309196089	0.0097064478	0.0263666691	0.0440350976	-0.0600948876	0.1115770883	-0.0246792265	-0.0576708006	-0.0269466073	0.0839109198	0.0632387251	-0.0223283738	0.0382864198	-0.1231446678	0.1024131407	-0.002183303	0.1155437502	-0.0220085217	0.1096715693	-0.0756902249	0.1845478932	-0.0507492387	-0.0375736347	0.0284834089	-0.0315996535	-0.0270073945	-0.0488616922	-0.005850637	0.1448296283	0.0297488011	0.0474125445	-0.1171756263	-0.0774654577	-0.1276230922	0.0592640421	-0.0548651578	-0.0821460664	0.0553546971	-0.0173112262	-0.0693386118	0.0231414676	0.1735842812	0.0992745158	-0.1322040567	-0.0139388501	0.0551753822	0.0588068826	-0.040477327	0.0553590638	-0.0226738052	0.0297692839	-0.0201731114	-0.0485015518	-0.0001930083	-0.0190480089	0.0091552492	-0.1608564397	-0.0951426311	0.0443324493	0.0639112136	-0.1146731924	-0.0248410661	0.0290684833	0.0069295034	0.0252223763	0.07575677	-0.0803501807	0.0722426782	0.0043134136	-0.0175553726	-0.0337170706	0.0142928915	0.0602426306	-0.0312545779	0.1587711736	-0.0981450771	-0.0226157817	0.1102146567	-0.0213600622	0.0087200208	-0.009388839	-0.1164384689	0.0589690937	0.037642624	0.0512003393	-0.1123557701	-0.0788701323	0.0951173938	-0.0665019926	-0.1014271062	-0.2009401786	0.0842199255	-0.1015925006	0.0746675401	-0.0349494174	-0.0107567634	0.0546199342	0.019192275961501	-0.0035367933958668	0.0003683434565824	1.250890752504702e-05	-0.0253960179707064	-0.0070163697166094	4.922944400015486e-05	0.0006449577287684	-0.0563804689598157	0.025820471060669	0.0006666967257948	0.0031787572801287	-0.001530085659135	0.0003800015140498	2.341162124290588e-06	1.444011506802163e-07	-0.0010326157400706	1.53775518299884e-07	2.364691002839796e-14	1.066295266641553e-06	0.0008042112273234	1.962681119999912e-07	6.467556981530093e-07	3.852117178804108e-14	0.0	0.0	0.0	0.0	0.0	0.0	0.0	0.0	0.0	0.0	0.0	0.0	0.0	0.0	0.0	0.0	0.0	0.0	0.0	0.0	0.0	0.0	0.0	0.0	0.0	0.0	0.0	0.0	0.0	0.0	0.0	0.0	0.0	0.0	0.0
1107.1432465030398	2.308281936514959	5.3281654984412485	1225766.1682772906	1155.233947204238	12.958628014116355	1334565.472773084	167.92604000824124	1075.2210827704623	1.0296614771375516	1.0602027575010848	1156100.3768340854	1080.3280558646145	1065.079443861128	1.161177	23.08367	0.0786570778071151	0.0397602770578796	0.0705578991	-0.0578188158	0.0512094939	-0.0814319597	-0.0218194299	0.1079315149	0.0917683231	-0.026517404	-0.0238555423	-0.0434405023	-0.21667671	0.0114851884	0.0062602131	0.0068283009	-0.0581306452	0.1282514755	0.029592795	-0.0474185068	-0.1052251632	-0.0578862292	0.0293593585	-0.097830142	-0.0530191672	0.0362610727	-0.0715678988	-0.0683409119	0.0684053314	-0.065514558	-0.0094775741	0.0165457651	-0.0152755555	0.0126150971	-0.0431591828	-0.0345667243	-0.04367439	-0.0704105712	-0.2301855403	0.1151463372	0.0041525955	0.0259043197	0.0793937553	0.1287811619	-0.0342329357	0.0001604169	-0.0198548111	0.0263128312	-0.0464224806	0.1079192933	0.0489678939	0.041858975	-0.1911147106	-0.0845852913	-0.0376385789	0.051923909	-0.0918744799	-0.0858538703	-0.0246554613	0.0330317182	-0.0810651396	0.0819159782	-0.0479358505	0.0267154729	0.009347832	-0.1307500882	-0.004213386	0.1033260304	0.0386145112	0.0032991081	0.0485871308	0.0807968077	-0.1544797928	0.0653902184	-0.0469400428	-0.0127851782	-0.1013673275	0.0761333132	0.0788625698	0.0422308425	-0.0031792937	0.0808272962	-0.0981024726	0.0438784871	0.1290032343	-0.0468352002	-0.0388690775	-0.043587741	0.0959344165	-0.0277574099	0.089373475	0.0051398056	0.0173026801	0.0172347873	-0.0130149821	-0.0623451652	0.0087592652	0.1663501939	-0.1572325757	-0.0252495902	0.0065273475	0.0842632019	0.1007640222	0.1057299277	-0.0159934684	0.0502881562	-0.0518290102	0.0138870169	-0.0174161583	-0.0707834902	-0.0070500861	0.0360940395	-0.0512374129	0.1923444377	0.1249894052	-0.0723215493	-0.0662559806	0.078994376	0.0214337663	-0.0642294075	-0.0173427484	0.0453874113	-0.0578415484	-0.0419796347	0.0514207232	-0.0950690233	0.0076634312	0.0145703311	0.1005287156	-0.1007645044	0.0854443971	0.0167599052	0.1156874451	-0.0744708283	-0.1071522898	0.0358537683	-0.0019954934	-0.1039295803	0.1052927183	-0.0496844528	0.0268371287	0.0708860481	0.0847397482	-0.0013846596	-0.0958165452	0.0311322178	-0.0176704347	0.0730423337	0.0348708926	0.0425912641	0.0169662366	-0.1064520476	0.0132116577	-0.1285598747	-0.1210954978	0.1408749797	-0.1187235246	0.0037095544	0.008349529	0.0814966073	-0.1024459312	0.0778019275	-0.0410229053	-0.0021545924	0.0449960313	0.0221295924410753	0.0029373164795743	0.000489718861608	8.627828101178776e-06	-0.005144212043433	0.0202518059272734	0.0004101356433159	2.646291754780112e-05	-0.0850507906393431	-0.0286703216795273	0.0008219873452075	0.0072336369883773	-0.0019101438394675	-0.0003800581803325	3.6486494874556425e-06	1.444442204376511e-07	-0.0008767689823918	0.0001558467576788	2.4288211878994637e-08	7.687238484843524e-07	0.0008041634909199	-4.7736403500009065e-08	6.4667892012848e-07	2.278764219115677e-15	0.0	0.0	0.0	0.0	0.0	0.0	0.0	0.0	0.0	0.0	0.0	0.0	0.0	0.0	0.0	0.0	0.0	0.0	0.0	0.0	0.0	0.0	0.0	0.0	0.0	0.0	0.0	0.0	0.0	0.0	0.0	0.0	0.0	0.0	0.0
1110.5392003298175	3.3959538267777134	11.532502393606196	1233297.3154691905	1147.988919986428	-7.24502721780982	1317878.5604116055	52.49041938680511	1076.267991215743	1.0469084452806785	1.096017292800007	1158352.7889155706	1081.2185805300317	1072.6598843306035	1.263963	25.126991	0.0494319006618397	0.0232802188214294	0.1113658315	0.0693046362	0.0633441751	-0.0011484238	0.092344993	0.0446213863	0.1657931354	0.078139683	-0.0556977734	0.0813073413	-0.099044823	-0.0553653858	0.0034247952	0.0662017873	-0.119934122	0.0801896003	-0.1280826572	0.0332414222	0.0011227852	-0.0528793699	0.0165575856	-0.0338972359	-0.1279562477	0.0972244676	-0.0258429277	0.0612463861	0.0278500746	0.0305675735	0.0708891591	-0.053383835	0.0777296901	0.0376567481	0.0120476724	-0.0406775008	0.0242626367	0.0246852985	0.197561138	-0.0113998591	-0.0520129639	0.0418487243	0.0354102619	0.0404033987	0.1014024597	-0.0494049447	0.0092350977	0.1972937792	-0.0605564463	-0.0176640815	-0.0034111415	0.1473438234	-0.1149184556	-0.0074039296	-0.0527335135	-0.0113266641	-0.1144612399	0.0251638956	-0.0430497965	-0.0833603042	-0.0865601655	0.0876317323	0.0931987015	0.0108221841	-0.1207471131	0.0381596554	0.0519544558	0.1399346827	0.0514101599	0.1165518566	-0.0573791297	-0.0006791385	-0.0179504636	0.0281687017	0.0299164626	0.1351138173	-0.1616488124	0.0565531117	-0.0952094215	0.0181726718	-0.0449289721	-0.063779804	-0.0461267551	0.0239271217	0.0443352359	-0.1065952062	0.0514111084	0.1029061139	0.0665423794	0.0546357484	0.0075756574	-0.0879015575	0.0321914555	0.0172424672	-0.0165439163	0.03005793	0.0426872568	-0.1517639199	0.1389624488	-0.0037501758	-0.066880585	0.0361558546	0.0189886463	0.0597628632	0.0760452124	0.0264551899	-0.0488140176	-0.2099695756	0.0171443617	0.0016838822	0.1185451719	0.0940980438	-0.0218039382	0.1464887968	0.037544237	-0.0172965696	-0.0177249296	0.0832056196	0.0228365587	-0.0454722295	0.1694892005	0.0947034631	0.0319976953	-0.0532280543	0.0872816739	0.0555964057	0.0351020157	0.0622956491	0.1072106979	-0.1364206483	-0.0670949819	0.0484739339	0.0751812343	-0.0074933605	0.0683257792	-0.0418523832	0.0258125033	-0.1374398102	-0.0754289016	-0.0484397612	-0.048666468	0.1150906731	0.0947693195	-0.0328927295	0.011961723	0.025570099	-0.0153113979	-0.0096632859	-0.0865977392	-0.0356607774	-0.0825472933	-0.0418969628	0.018543826	-0.0146749901	-0.1546720392	0.0156167438	0.0378206326	-0.1828302723	-0.0189666404	0.0689486161	-0.103260836	0.0808192935	-0.0469575846	0.0064605365	0.0349494174	0.0187218525892376	-0.0034077398518377	0.0003505077643731	1.1612690897802836e-05	0.0083674337046915	0.0135116457481244	0.0001825645708228	7.001394680240732e-05	-0.0771325604596455	0.0079182301796975	6.26983691786737e-05	0.0059494318830608	-0.0021810611863546	-0.000270917346887	4.757027898622535e-06	7.33962088443452e-08	-0.0010973785381616	-0.0002206095557697	4.866857609694848e-08	1.20423965601769e-06	0.0008038046959332	-3.5879498669995e-07	6.461019892042642e-07	1.2873384248101732e-13	0.0	0.0	0.0	0.0	0.0	0.0	0.0	0.0	0.0	0.0	0.0	0.0	0.0	0.0	0.0	0.0	0.0	0.0	0.0	0.0	0.0	0.0	0.0	0.0	0.0	0.0	0.0	0.0	0.0	0.0	0.0	0.0	0.0	0.0	0.0
1109.6816446254677	-0.8575557043498065	0.7354017860628929	1231393.3524186828	1162.9252423992762	14.936322412848083	1352395.1194094152	223.09372722054803	1075.542302685902	-0.7256885298409088	0.5266238423426596	1156791.2448668927	1080.6738144115468	1091.8606920661152	1.457458	28.973593	0.107589308160132	0.0541665119139991	0.0740373955	-0.0158543041	0.1226693623	-0.0962169804	-0.0459196756	-0.038491346	0.1182502567	-0.0322564328	0.0332753926	-0.0543167859	0.0231666552	-0.0184638718	0.1853642402	0.020070328	-0.0851909539	0.0266479811	0.0351329129	-0.0014189859	0.0361383329	0.1521719582	0.0924320698	-0.0015790741	-0.0473737937	-0.0885743774	-0.068426435	0.1220348985	0.0310462961	0.0425098098	0.1345280478	-0.0972608398	0.0012724529	0.0041735716	-0.0879541622	0.0135293453	0.0648872051	-0.0102672984	0.0030498452	-0.1067586254	0.0120176982	0.016037603	0.0789289668	-0.2358826016	-0.008199006	-0.0251076622	-0.0973716147	-0.017233279	-0.0735536099	0.0853049262	-0.0340320746	-0.0690275424	0.0890081129	-0.084219073	0.0156348316	0.0310591893	0.0731533645	0.0784903853	0.1177207661	-0.018906251	-0.1019865753	-0.0275826407	-0.0977003769	-0.1126974093	0.0511649886	0.0579235955	0.0348821486	0.0528571642	0.023692659	0.0138795958	0.1967696386	0.1154139161	-0.0099927023	-0.0304150978	0.1940442517	-0.0830699068	-0.0974540683	-0.0084758769	0.0240483703	-0.0286399776	0.0404336003	0.0970850365	0.1138864135	0.0569530312	0.0007425946	0.0553273889	0.024393204	0.1735146072	0.0264950617	0.0195386649	0.0020904595	-0.1006740073	-0.080614447	-0.0014842523	-0.0555486491	0.0410228086	-0.0691889266	-0.0310786395	0.0445240105	-0.0984217708	0.0630093002	0.1147568646	-0.1724131038	-0.16348521	-0.0114019839	-0.00362378	-0.0716546598	6.92769e-05	-0.0696385348	-0.0200345087	-0.0761757041	0.0026495114	0.0197817195	-0.1071707325	0.0629433511	-0.025935911	0.0735290705	-0.093826924	-0.1118744814	0.0571881041	-0.0163847586	-0.0768832154	-0.1897965541	-0.0838823133	0.0197674482	0.0206683449	-0.0005747862	0.0548559034	0.0226135291	-0.0455139419	0.1620643996	-0.0504488689	0.1306374128	0.1306915491	-0.0182732959	0.0505492169	-0.0942243919	-0.0947219224	-0.0326059277	0.1035053704	0.0073953615	-0.0994483644	0.0224815728	0.0021710865	-0.0896779092	-0.0062388857	0.0134625958	0.0929920563	-0.0635268291	0.0411187896	0.0598158654	-0.1204899303	-0.0315062845	0.1352450833	0.0396118688	0.0052399913	-0.0493259781	0.0554663928	0.1816024273	0.0116357989	-0.1040369087	0.0837150996	-0.0527333744	0.0150368111	0.0245744743	0.0178600603741045	-0.000861792215133	0.0003189817565666	7.426858220640135e-07	-0.0274566848993202	-0.0358241186040117	0.0012833674737542	0.0007538695456605	-0.1010763221368478	-0.0239437616772022	0.0005733037232546	0.0102164228967118	-0.0016102065176991	0.0005708546686554	2.5927650296406623e-06	3.2587505272578055e-07	-0.0007301486321034	0.0003672299060581	1.348578039035143e-07	5.331170249624662e-07	0.0008049128344952	1.1081385619999716e-06	6.478846711350973e-07	1.2279710725913648e-12	0.0	0.0	0.0	0.0	0.0	0.0	0.0	0.0	0.0	0.0	0.0	0.0	0.0	0.0	0.0	0.0	0.0	0.0	0.0	0.0	0.0	0.0	0.0	0.0	0.0	0.0	0.0	0.0	0.0	0.0	0.0	0.0	0.0	0.0	0.0
1108.2180676490011	-1.4635769764665838	2.1420575660430674	1228147.285463686	1172.306377993537	9.38113559426074	1374302.2438843255	88.00570503790581	1075.5314986954097	-0.0108039904923771	0.0001167262105593	1156768.004685994	1081.1437064858849	1103.0249151779724	1.27163	25.279411	0.054690815247757	0.031177682050613	-0.0134764621	0.0524612072	0.1004862572	0.0278636027	-0.1450167548	-0.1113682564	0.0552610257	-0.1451341327	0.0156909551	0.0441416184	0.042318795	-0.0385231095	0.0413971558	0.0068470028	-0.0439046762	0.0373423957	0.0219032428	-0.0062434131	-0.0767572448	-0.0290483593	-0.0924010573	0.1507177795	0.1532479317	0.0143841046	-0.0926483465	0.0106357613	0.0134807485	-0.0270935112	-0.0362973686	0.0940312801	-0.0664112929	-0.0922591636	0.026858668	0.0120554025	-0.0395510654	-0.0848397111	-0.0252412675	-0.0238533967	-0.1465959752	0.0256042605	-0.0092577179	-0.0515452655	0.0287786249	-0.09387979	0.0098753839	-0.1368668451	0.034826867	-0.0077121655	0.07570279	-0.0142059534	-0.0676078615	-0.0468599273	-0.1000575377	0.0980717843	0.2562323484	-0.1205529642	0.1628166862	-0.0787100688	-0.174036274	-0.0249588073	0.0087500449	-0.0294117722	-0.0198977033	0.1433125719	-0.0215329503	0.0183507103	-0.053836483	-0.1145540688	0.0083680204	0.1259102986	0.0050105919	-0.1038079642	-0.0796046745	-0.1509043803	-0.0398082893	-0.0132730896	0.0753889935	0.0639360996	-0.0613631157	-0.1269611973	0.0383659426	-0.0596634463	-0.0404585404	0.0856659865	-0.1660020024	0.0064133362	-0.0035548633	-5.8288e-05	0.0439203241	0.1541785585	-0.0053784743	-0.055906736	-0.0120215649	0.0250339841	0.0292552041	0.1228974933	0.036833427	-0.0887486162	-0.0874756966	0.014644185	0.0244226348	-0.0158432813	0.0428991666	0.0166334182	0.0829394942	0.0978832785	-0.1115523992	-0.0797145105	-0.0399587685	-0.0794941473	0.0066144444	0.0206536648	-0.0598073875	0.1580071545	-0.0657208715	-0.0961647715	-0.2475950963	-0.0544139713	0.0335184422	0.0595428806	-0.2179691892	0.0233821304	0.0749183418	0.1377282634	-0.0823636578	-0.0402680304	0.01508526	0.1501590272	0.0670024328	0.0552849861	-0.0382464905	0.0084712367	-0.1476836608	0.0825935938	-0.0462999467	-0.0959371945	0.070348829	0.0051230989	0.0624516545	-0.0479954196	-0.0457568795	0.0537085612	-0.0723839741	0.0022893202	-0.0788857567	-0.1232670708	0.0055362586	-0.0216572668	-0.0544987337	0.1352034797	-0.0648426992	0.0880135156	-0.0818767215	0.019443911	0.092381339	-0.0168173799	0.0824907527	0.0578217626	-0.1047738574	0.0864849902	-0.0583307311	0.0235226525	0.0139686685	0.0200081907638463	0.0021481303897417	0.0004003276976424	4.614464171332255e-06	-0.0004612231626879	0.0269954617366323	0.0007287549543739	2.127268057998291e-07	-0.1056858085537157	-0.0046094864168679	2.1247365027289772e-05	0.0111694901296526	-0.0017856104245346	-0.0001754039068354	3.188404588206634e-06	3.0766530533156725e-08	-0.0009727191523736	-0.0002425705202701	5.8840457304155495e-08	9.461825493944148e-07	0.0008041325275106	-7.803069845999881e-07	6.46629121800586e-07	6.08878990215526e-13	0.0	0.0	0.0	0.0	0.0	0.0	0.0	0.0	0.0	0.0	0.0	0.0	0.0	0.0	0.0	0.0	0.0	0.0	0.0	0.0	0.0	0.0	0.0	0.0	0.0	0.0	0.0	0.0	0.0	0.0	0.0	0.0	0.0	0.0	0.0
1107.181788572213	-1.0362790767881052	1.0738743249888076	1225851.5129459647	1154.0808626114465	-18.225515382090407	1331902.6374459805	332.169410942814	1075.4210780955402	-0.1104205998694851	0.0121927088755369	1156530.495212174	1080.7630568974078	1076.3073639161953	1.299756	25.838551	0.0818683503174377	0.0534727200952709	0.0957400405	0.0232503043	-0.0162471481	-0.0775273221	-0.1203547418	-0.0710995987	0.0760973449	0.0142035724	0.0493849943	0.038085273	0.0130042326	0.1395057859	-0.020770628	-0.1410046497	-0.0412044689	0.0097069982	-0.0297064129	0.1197181363	0.0841298422	-0.0047923513	0.0225974836	-0.0167891446	0.1348313039	-0.0692304823	-0.0891297853	-0.0356947113	-0.0411579091	-0.0901893094	0.0482551251	-0.0064274582	0.0703028592	-0.1471091341	-0.1231827065	0.0321202407	-0.0005053096	-0.0772996416	0.0499391871	0.0182281518	0.0155025896	0.0935774727	-0.0825439076	0.0215452828	-0.0167455495	-0.0367968554	0.0402268318	0.0693348858	0.0786763477	0.0087669173	0.0959136231	0.1024893088	-0.1910089065	0.0642074366	0.0708533541	-0.0288595558	-0.0503184516	-0.0715474491	-0.0662614604	-0.0066267878	0.1762886606	0.1961970884	0.1056056203	0.0431627932	0.1106236621	-0.0628011432	-0.0725241162	-0.0744511481	-0.0959279641	-0.0869184336	0.0106910185	0.008453616	0.0583652154	-0.0471782316	0.0870778291	0.0379336086	-0.0500334379	0.0007695855	-0.0600039417	-0.1181398503	-0.0530445172	0.0722885545	-0.0215504411	0.0020356084	-0.0742994482	0.0843735042	-0.1217577589	-0.0376056203	-0.0157260727	0.0312459358	0.0160968856	-0.0035389916	0.0390450863	-0.115880689	-0.1743487833	0.0389426032	-0.0552022518	0.0513683279	0.1052395682	0.003844065	-0.0038923045	-0.0447637143	0.099811392	-0.0563107655	0.0359400509	0.0873799148	0.0526406033	-0.0740524483	0.1013832607	-0.0867551983	0.0421770375	0.0152599545	-0.0726829251	0.1659090533	-0.0567244487	0.0451203557	-0.0597050519	0.09336595	0.064835065	0.0815198949	-0.0483174107	0.1707197352	0.1283094069	0.0437677872	-0.1541599486	-0.086699802	-0.0062091629	-0.1460921213	-0.0159599941	0.0434267989	0.0248853564	-0.0325971452	0.0386171977	0.0502953218	-0.0508073749	-0.1256545431	0.0591827389	-0.0907322473	-0.011159942	-0.0965859963	-0.0397052504	0.0867124984	-0.0316103279	0.0313406237	0.0329805588	-0.008064064	0.0739678229	-0.0713583695	0.0038322395	0.0664928127	-0.0263231974	0.0094609725	0.0893616308	0.1198351406	0.042786321	-0.1097040423	-0.1484349076	0.0023891959	0.0077025155	-0.0037594896	-0.1054714048	0.0891247992	-0.0637307152	0.0318670259	0.0032316354	0.0198551751877431	-0.0001530155761031	0.0003942279817359	2.341376653019397e-08	0.008322835391084	0.0087840585537718	7.715968467609327e-05	6.926958894708034e-05	-0.0759580851694181	0.0297277233842976	0.0008837375376133	0.0057696307026045	-0.002645115130535	-0.0008595047060003	6.996634053785189e-06	7.387483396368339e-07	-0.0009690650890263	3.654063347300024e-06	1.3352178946081454e-11	9.390871467695508e-07	0.000803220240793	-9.12286717600014e-07	6.451627552195649e-07	8.32267055109408e-13	0.0	0.0	0.0	0.0	0.0	0.0	0.0	0.0	0.0	0.0	0.0	0.0	0.0	0.0	0.0	0.0	0.0	0.0	0.0	0.0	0.0	0.0	0.0	0.0	0.0	0.0	0.0	0.0	0.0	0.0	0.0	0.0	0.0	0.0	0.0
1108.491052766106	1.3092641938928864	1.7141727294099895	1228752.4140625098	1162.7506947366237	8.669832125177209	1351989.178110501	75.16598907875475	1075.8326128677677	0.4115347722274691	0.1693608687523149	1157415.810909888	1081.0759208233933	1088.2118490799053	1.376171	27.357651	0.0890543601182259	0.0526420227434972	-0.0132565753	0.0456788209	0.1203637701	0.0217428537	0.0352235111	0.0482508877	0.0350809175	-0.0533006847	-0.0207112594	0.0706274545	0.0512700287	-0.0549340932	-0.0640555784	0.0151755693	-0.0526341327	0.0390856273	-0.0288406352	-0.0403643641	-0.0330695825	0.0401707065	-0.0947135354	0.0970606184	0.0288632468	0.0026974906	-0.0384794279	-0.0483700584	0.0059359436	0.123980886	-0.1523267148	-0.0095971711	0.0101504371	-0.0103415733	-0.1633480914	0.0283453391	-0.0515004775	-0.0347258718	-0.129842475	-0.165571666	-0.02195413	-0.0203009186	-0.0302014334	0.0229120031	-0.0559679694	-0.0354763246	0.0759495943	-0.1376124724	0.1013049386	0.0501886199	-0.070003372	-0.0557478867	-0.0581043797	0.0297628262	0.0487861025	-0.1022956075	0.0487354544	0.0882773374	-0.0700144179	-0.0226682172	0.0503414114	0.130773589	-0.088610781	-0.0913630019	-0.0776063572	-0.0200896636	-0.0227890358	0.1112336918	-0.0218013919	0.151010524	-0.0565789604	-0.1338870053	0.0418591758	-0.0273890673	0.0322827691	0.0986458094	-0.0632360884	0.0136112918	0.0050317758	0.0702717079	-0.0018114735	-0.1135967002	0.0977961913	-0.068674065	0.0114615097	0.0174901126	-0.0533655964	-0.0285725433	0.0579445471	-0.0720995218	-0.1789800027	0.0062578343	0.0302875684	0.0013687654	-0.0545866096	0.000193616	-0.0711778355	0.0969322648	-0.0613919116	-0.1455816677	0.1283941689	-0.033903603	0.0195016178	-0.0023530986	-0.0550926715	-0.0077390563	0.1154985976	0.1328241855	0.0212109184	-0.0234816639	-0.0658243989	0.1022128228	0.0691853746	0.0687106885	-0.0915117977	0.0438617964	0.1140407952	-0.0449841512	0.059392352	0.1259009857	-0.0628914828	0.0569257677	0.0371944124	-0.1119738865	0.0454417686	0.0547981378	0.1115907914	-0.0395741216	0.1353918501	-0.1411890825	-0.091795304	-0.0277628731	-0.0738734214	-0.0435839677	0.014489023	-0.0329915163	-0.0447004152	-0.038441758	-0.131424418	0.1147331378	-0.0366474009	-0.0053052005	0.0357527795	0.0610051153	0.0219124529	-0.091457935	-0.0650829605	-0.0172197636	0.0020146825	-0.085668526	-0.0411312073	0.0254737371	-0.0611610758	0.0216046744	0.0584795274	0.0818692426	0.0176111189	0.0597853276	0.0175666532	0.0269837129	-0.1061292888	0.091630556	-0.0689150546	0.0400197472	-0.007535757	0.0171762055223183	-0.0026789696654248	0.0002950220361449	7.176878468266275e-06	-0.034744391237595	-0.043067226628679	0.0018547860094859	0.001207172722471	-0.0903905828656803	-0.0144324976962622	0.0002082969897526	0.0081704574707974	-0.0020686126117967	0.0005765025187382	4.279158137684365e-06	3.323551541116036e-07	-0.0009688334116124	2.3167741389999025e-07	5.367442411138739e-14	9.38638179456522e-07	0.000803999367198	7.791264049999795e-07	6.464149824547844e-07	6.070379549681921e-13	0.0	0.0	0.0	0.0	0.0	0.0	0.0	0.0	0.0	0.0	0.0	0.0	0.0	0.0	0.0	0.0	0.0	0.0	0.0	0.0	0.0	0.0	0.0	0.0	0.0	0.0	0.0	0.0	0.0	0.0	0.0	0.0	0.0	0.0	0.0
1107.424668410942	-1.066384355163791	1.1371755929380944	1226389.396205085	1157.8049281227486	-4.945766613875094	1340512.2515853231	24.46060739892151	1075.9668779418057	0.1342650740380122	0.0180271101064329	1157704.7224278366	1081.1612066331595	1087.8793169146186	1.177356	23.405294	0.0572996853779597	0.0390365896018561	0.0580051608	-0.0456568266	0.0309984574	-0.0208966053	-0.0438604438	-0.0971877325	0.0424092135	0.0039057965	-4.40474e-05	-0.1383308609	0.0673754315	0.0562403829	-0.0026685113	-0.0450571345	-0.0672740342	0.0071291341	-0.0179134928	-0.0619633084	0.0290646147	0.0004576079	-0.0762070659	-0.0291479449	0.1026300996	-0.086777455	-0.0522958382	0.1202811775	0.0909436324	-0.1311017368	-0.0460748401	0.0075637741	0.1737960856	-0.0430859597	0.0142175314	-0.0121897528	0.1004473564	0.027227002	-0.068358762	-0.025042583	0.0220259681	0.0120681011	-0.0513772463	-0.0353428319	-0.0238773892	-0.1052698052	-0.0934988429	-0.0948207259	0.0064373936	-0.0416319575	-0.091276445	-0.0517195436	0.0238405272	-0.0350916427	0.1406873464	0.038067572	0.03612284	-0.0135765796	0.0578663359	-0.0912904383	0.1064276952	0.0434938977	0.0562193574	0.0484337582	-0.1134626447	-0.0322043433	-0.0947248095	0.059141043	0.0436224694	0.0910014043	0.0124191506	0.0250534726	0.1493723273	0.0278526856	-0.0171872608	-0.0698622649	-0.0699783057	-0.0137601921	-0.0125769366	0.0276165209	0.0637690747	0.0621027644	-0.046732986	-0.084210646	-0.0316558245	0.114490787	-0.0564585152	0.0574557681	0.0274704335	-0.0912507169	0.1079238348	0.0152953951	0.1384399453	-0.1326338674	0.0308687465	-0.0726480539	-0.0479275955	-0.0506935633	0.0193232683	-0.0428067727	0.0150613293	-0.0043457763	-0.0593205536	-0.0727601113	0.0186417708	0.1099145772	0.0246253608	0.1446143176	0.0095304534	0.0772420492	-0.0195036922	0.0634669218	0.009537673	-0.056500235	0.0435076294	0.1234205451	-0.0334687956	0.0479418633	-0.0055581529	0.1337165491	0.0799558546	0.0268025946	0.0688663387	0.0184816851	0.0276306364	-0.0008678288	0.1709001497	-0.0216281718	0.1121705115	0.0097583342	0.0651384007	-0.0143698995	-0.1281348217	0.1000362266	0.1149162877	0.1080928064	-0.0624377417	-0.0407662584	0.0584733164	0.0159241684	0.0162188781	-0.0827363383	-0.0201276372	-0.011865278	-0.0266436711	-0.0045890587	-0.0017214751	0.0846502753	-0.0414309999	0.0090171988	0.0109096237	0.0037104017	0.1330245993	0.0707892002	0.1227645296	-0.0330361615	0.0139101243	0.0481484598	0.0969587999	0.0662517862	-0.106747262	0.0939984918	-0.0738662073	0.0479317851	-0.0182323554	0.0174743681230751	0.0002981626007567	0.0003053535413007	8.890093649005868e-08	-0.0011063965788906	0.0336379946587044	0.001131514684659	1.2241133897808234e-06	-0.0943378897129889	-0.0039473068473085	1.5581231346809326e-05	0.0088996374355	-0.0017286313021323	0.0003399813096644	2.9881661787116114e-06	1.1558729092112069e-07	-0.00092069621757	4.813719404239995e-05	2.317189450275665e-09	8.476815250477048e-07	0.000804205288915	2.059217170000084e-07	6.467461467188586e-07	4.240375353223154e-14	0.0	0.0	0.0	0.0	0.0	0.0	0.0	0.0	0.0	0.0	0.0	0.0	0.0	0.0	0.0	0.0	0.0	0.0	0.0	0.0	0.0	0.0	0.0	0.0	0.0	0.0	0.0	0.0	0.0	0.0	0.0	0.0	0.0	0.0	0.0
1105.9983006820823	-1.4263677288597592	2.034524897932547	1223232.241111654	1152.516026389702	-5.288901733046714	1328293.191085108	27.972481541824536	1075.0648087272596	-0.9020692145461452	0.8137288678318996	1155764.342963779	1080.447069152812	1095.127042133314	1.193091	23.718102	0.0402523752425056	0.0230768851499348	-0.0577514611	0.0732282908	0.0575092249	0.0259055418	-0.0653670029	-0.0010289576	-0.0084752367	-0.0157551897	-0.1237987903	0.0524699185	0.0531480526	-0.0272505657	-0.0355400259	-0.1966635038	-0.0015192978	0.0180680549	0.0181854042	-0.0615615759	-0.0537297001	-0.0650588364	0.0516542182	0.0864383644	0.0586251667	0.0248603032	-0.0621658806	-0.0186773653	-0.1093795901	-0.0155727155	-0.1196519136	-0.0925649814	0.0960945645	0.0260307667	-0.0233712044	0.0856107385	-0.0164980428	-0.1139003397	0.0195202896	0.0364345639	-0.009126408	-0.2611083609	-0.1832344076	0.0658806639	0.0082636855	0.0446508283	-0.0191976277	0.1199917625	-0.0305842096	0.009063584	0.1088511076	-0.1372349247	0.0674100055	-0.0349686736	0.0021648213	-0.0237292964	-0.1013504464	0.0244202624	0.0239346932	0.0177258862	-0.0051958482	-0.0056878244	0.107647913	-0.0737428089	0.1012593719	-0.0600043128	-0.0080084784	0.008310399	-0.0745971886	-0.0362656641	0.0067027453	-0.0282840917	0.022040813	-0.1709040504	0.0176006038	0.1325209032	-0.0004152098	0.0033644832	0.0395129337	0.0476065349	0.0122389336	-0.1022275228	-0.0019201826	0.0754253297	0.0212784238	0.0119848152	-0.1450221887	-0.0438207188	-0.0750718047	-0.0781757127	-0.0746156412	-0.0992070814	0.0894267886	-0.0581296453	0.0613789994	0.0104422449	-0.0586811264	0.1096084471	0.031917958	0.0183681877	-0.0392965845	-0.2877911158	-0.0811908161	0.0886843621	-0.0301515397	0.0217889086	-0.065018525	-0.085480524	0.0716947375	0.062276153	-0.1184790916	-0.0924533199	-0.0546580832	-0.0472182263	0.0728929334	-0.0767759961	0.0819278522	0.0364817408	0.0334199904	-0.0045943041	0.0627245651	0.0267857875	-0.0236073247	-0.0539812757	-0.0801480184	-0.0743358114	-0.0467631198	-0.0523869481	0.0145198137	-0.0142646723	0.0136061458	-0.0125133255	-0.0030614191	-0.0754678752	0.1136059477	-0.2072714613	-0.0230126124	-0.0188195909	0.0455472923	0.0045299891	0.1240151013	-0.0070266556	0.0203065074	-0.0063072467	0.0373354559	-0.0147633746	-0.0043325913	-0.0842184464	0.0396599208	-0.0666705663	-0.044487173	0.054080152	0.037056548	0.0169148023	0.1025999	0.100245284	-0.058837804	0.1243622413	0.0397875319	0.0271447682	-0.1073250918	0.0962250449	-0.0785674201	0.0555555556	-0.0287576717	0.0184668762758661	0.000992508152791	0.0003410255193881	9.850724333566063e-07	-0.0184294210589541	-0.0173230244800635	0.0003000871771368	0.0003396435605682	-0.0866249584302778	0.007712931282711	5.948930897182345e-05	0.0075038834230473	-0.001951156908282	-0.0002225256061497	3.807013280736573e-06	4.95176453922914e-08	-0.0008587858504793	6.191036709070005e-05	3.832893553305236e-09	7.375131369834546e-07	0.0008041630356166	-4.225329839995223e-08	6.466781878521051e-07	1.785341225675406e-15	0.0	0.0	0.0	0.0	0.0	0.0	0.0	0.0	0.0	0.0	0.0	0.0	0.0	0.0	0.0	0.0	0.0	0.0	0.0	0.0	0.0	0.0	0.0	0.0	0.0	0.0	0.0	0.0	0.0	0.0	0.0	0.0	0.0	0.0	0.0
1105.882529231004	-0.1157714510784444	0.0134030288848086	1222976.168458362	1157.9975500628996	5.481523673197671	1340958.3259516775	30.047101779826487	1074.637963971655	-0.426844755604634	0.1821964453871797	1154846.753609144	1079.8402877079227	1055.468437704954	1.51784	30.173948	0.0550829576644093	0.0381510767368607	0.0807251891	-0.0513492393	-0.0239992694	-0.0047573605	-0.0136399595	0.006766528	0.049362495	-0.0051566699	0.0493288885	-0.054225536	0.0383003362	0.0886631953	0.0090125317	0.0982958044	-0.0006742074	-0.0214251442	-0.048826226	-0.0173105784	0.0651248064	0.119458312	0.0583926587	-0.0453753624	0.1416937917	0.1859785029	0.082495182	-0.0415297682	-0.1728193687	0.0576334398	0.0224512057	-0.0428670957	0.2161826687	0.105081493	0.0927736603	-0.0618589316	-0.1024723633	-0.0828613705	-0.0540756087	-0.1357356972	-0.0791982406	0.0354387386	0.0771660793	-0.0119030703	-0.0374939238	0.0700290706	0.115539444	0.0639205012	-0.0172346388	0.0138986558	0.0049792626	-0.118988535	0.1365366316	-0.0463432191	0.0095095902	-0.0830338748	-0.0261600019	0.0150551808	0.0235623405	-0.0416634296	-0.0919399964	-0.1345667856	-0.0162717584	-0.0214870496	-0.0240669462	-0.0999035856	-0.0441993796	-0.0187804358	-0.1103796411	0.0309139636	-0.0307785636	0.0478984922	0.1712482585	0.0442998848	-0.1126584099	-0.0288924353	-0.0008610782	-0.0118514654	-0.0575891723	0.0151784234	0.0312483423	0.1069971725	0.0744830072	-0.0265438496	-0.1481378816	-0.1581736292	-0.0877103396	-0.0640410939	-0.1475970658	0.0883326759	-0.0530610641	-0.1556404349	0.1417312797	-0.0334964902	0.1223084726	0.0630237593	0.169896585	0.0620355583	0.0278192833	-0.1047841949	0.0553277991	0.0698372681	0.0412498627	0.0244742544	-0.1054945549	-0.1419987138	0.0737487438	-0.0766534146	-0.0026201242	0.0184547318	-0.0949188692	-0.0168659591	-0.0080080198	-0.1124363341	0.0636174097	0.0161754613	0.1348132947	0.0039198944	0.042499071	-0.033063787	0.0654439597	-0.1113463105	-0.0509387457	-0.0141289272	0.0748762217	-0.0234400518	0.0141761003	-0.1184299928	-0.0008844763	0.0763609353	0.0632833256	0.0658563334	-0.1079378831	0.0346850873	0.117352222	0.0227450238	0.0059101968	-0.0165684114	-0.0541155887	-0.0531033189	-0.1071846333	0.0762885547	-0.0074997465	0.0096453307	0.0161549149	-0.014363977	0.0198592261	0.0731447804	0.0256354937	0.0602251509	-0.023946037	0.0608778357	0.023469959	0.0618057848	0.0249878893	-0.1053243105	0.0738316058	-0.0963965261	0.0203260081	-0.0455970927	-0.1078625611	0.0983068664	-0.0830027857	0.0628452084	-0.0390128266	0.0213099295912968	0.0028430533154307	0.000454113099186	8.082952154381498e-06	0.0182502788539409	0.036679699912895	0.0013454003857	0.0003330726782466	-0.0826723500128991	0.0039526084173786	1.562311330113293e-05	0.0068347174566552	-0.0020090870323685	-5.793012408649985e-05	4.036430703631266e-06	3.3558992766772693e-09	-0.0010328088216455	-0.0001740229711662	3.0283994493512073e-08	1.066694062068766e-06	0.0008039642104952	-1.9882512139999826e-07	6.463584517571703e-07	3.9531428899724045e-14	0.0	0.0	0.0	0.0	0.0	0.0	0.0	0.0	0.0	0.0	0.0	0.0	0.0	0.0	0.0	0.0	0.0	0.0	0.0	0.0	0.0	0.0	0.0	0.0	0.0	0.0	0.0	0.0	0.0	0.0	0.0	0.0	1.0	0.0	0.0
1105.4961822831433	-0.3863469478606021	0.1492639641212028	1222121.8090426049	1154.0517694654657	-3.9457805974338953	1331835.4866063723	15.569184523085788	1074.5016756905725	-0.136288281082443	0.018574495560407	1154553.8510618482	1079.8569534710855	1086.720991899516	1.36798	27.194799	0.0525278973521585	0.0303927313353855	-0.0565012946	0.0809815503	0.0544709921	0.0789660548	-0.002915855	0.0216988051	-0.00864988	-0.0259384518	-0.0848898238	0.039230908	0.101447565	-0.0955333914	0.0018434203	0.0028468086	0.0417252446	-0.0094750505	0.0136350512	-0.0962158021	-0.0126591477	-0.060183434	-0.1858379444	0.1450983614	-0.1021243926	-0.0785927979	0.0729246011	-0.0959690902	0.03329683	-0.0508026297	0.1769736879	0.007479165	-0.0596482678	0.0368514449	-0.1017960335	0.0187265792	0.1057692317	-0.0639579417	0.054057869	0.0401992458	0.1501278044	-0.0235361593	0.1242848823	0.0598650418	0.0084875992	0.0337569753	0.0304539053	0.1234243048	-0.0057641398	-0.0399984249	-0.0117176266	-0.0705087112	0.0595408101	-0.0507160494	-0.0493391626	0.0593025903	-0.0781515682	0.1280444821	-0.0641162118	-0.0599883924	0.0667743102	-0.1340822664	-0.1212542663	0.0586371084	0.0458922378	-0.0387140963	-0.006927075	-0.0040021448	-0.0531966233	-0.0536880528	-0.061621444	0.0412574636	0.1741639055	-0.0834138587	0.0542216065	-0.0915887103	0.0494370322	0.0023098528	0.0246648866	0.0685160876	0.0513084145	-0.1661282086	0.0299708092	-0.1012368863	0.0512531689	0.1297077871	0.1151730972	-0.1150300173	0.0717438741	0.1008147832	0.0993374956	-0.0808630208	-0.0523273851	0.1008465786	-0.1087609202	-0.0610449526	-0.1028694649	0.0371246959	0.0744933207	0.1299661023	0.1068870676	0.0633392586	-0.0259561292	0.0787425825	0.0285442607	0.0027161143	-0.0422197956	-0.0953799106	0.0704302749	0.0427873305	0.0072218062	-0.0824513108	0.0140023112	-0.0369990867	0.0637712587	-0.1510853634	0.0052661455	-0.123876385	0.0758103297	0.0670846222	0.0317158133	-0.1665631148	0.025297777	-0.0119353672	0.0523396452	-0.0290899301	-0.074026172	-0.1241114443	0.0450138802	0.0542673284	0.0051582105	0.0580549235	-0.1328698198	0.1473094076	-0.0932117373	-0.0673649333	-0.0554562222	0.0318768145	-0.0784107663	0.0838181109	0.0308521531	-0.0937590742	-0.0323416221	-0.0255032462	-0.0427716873	-0.0298863647	-0.0521436331	-0.0326365642	0.0059149162	-0.1114997306	0.005624443	-0.0309799472	-0.0335297651	0.018318592	0.0517248105	-0.000599415	-0.0679691585	0.1054740218	-0.0072840188	0.026036405	-0.1083594676	0.100240825	-0.0871572961	0.0697569027	-0.0489014791	0.0152516759317791	-0.0060582536595177	0.000232613618728	3.670243740305963e-05	-0.0093000799739684	-0.0275503588279093	0.0007590222715465	8.649148752220808e-05	-0.0874548921154456	-0.0047825421025465	2.2872708962629896e-05	0.0076483581549242	-0.0017831092036954	0.0002259778286731	3.179478432303243e-06	5.106597905180894e-08	-0.0009762184437713	5.659037787419995e-05	3.202470867944739e-09	9.530024499592588e-07	0.0008041308591916	1.6664869639999337e-07	6.466264387042209e-07	2.7771788011817163e-14	0.0	0.0	0.0	0.0	0.0	0.0	0.0	0.0	0.0	0.0	0.0	0.0	0.0	0.0	0.0	0.0	0.0	0.0	0.0	0.0	0.0	0.0	0.0	0.0	0.0	0.0	0.0	0.0	0.0	0.0	0.0	0.0	0.0	0.0	0.0
1104.4494361390343	-1.0467461441089654	1.095677490206987	1219808.556987831	1153.6659425850903	-0.3858268803753617	1330945.1070807448	0.1488623816201837	1074.9590766877357	0.4574009971631767	0.2092156722058684	1155537.016553349	1080.2404305478492	1079.5932814224343	1.228538	24.422766	0.0392742262645374	0.0201932945355886	0.0092801062	-0.0768110359	-0.0210560919	0.0281424226	-0.0037422788	-0.0748354088	-0.0250576444	-0.006602125	0.0106956195	-0.1335109848	0.0824022318	0.0968214637	-0.0799533225	-0.0383955616	0.0177492382	0.015148565	-0.0366991351	-0.1254134589	-0.0842972843	0.034367782	0.0547752864	-0.028761432	0.0374392079	0.0081711479	-0.1141589533	-0.0162684646	-0.0215978676	-0.1280907432	0.039408923	-0.0052970432	-0.0105799855	0.0715376995	-0.0393489516	-0.0578969323	0.0932624962	0.0070875633	0.0368344434	0.0322752422	-0.0161630029	-0.0090526727	0.0080024362	-0.0801027965	-0.1245239766	0.0070026379	0.1506635737	-0.0222607326	-0.023461654	0.0196340887	0.036152669	0.000862715	0.1422023066	0.1264872948	0.094219897	-0.0773280983	0.120658083	-0.0280688145	0.0809938091	0.1564277018	-0.0648683389	0.1745957838	0.0687353273	0.0962260965	-0.0491749933	-0.1028643411	0.0569402228	0.1005526668	0.0831477859	-0.0784268284	-0.0790270866	-0.1146313184	0.0792457141	-0.0965049717	-0.0131625222	-0.0561966153	0.0145363632	0.0116023619	-0.0069232067	0.1141902521	0.0494513901	0.0796744876	0.000257517	0.0685858335	0.0683021188	0.0239816863	-0.121922737	0.0028776093	-0.0286394299	-0.018604074	0.101211538	-0.0341519086	0.0308848382	0.0830024675	-0.0531402656	-0.0762977459	-0.0182901719	-0.0141877053	0.0038561772	0.0690743643	-0.0334841893	0.0175944126	-0.0629399727	-0.0673525754	-0.1294820013	-0.0967345828	0.134264811	-0.0578004221	-0.0297371293	0.0284218001	-0.0265768699	0.0403988482	-0.0871554653	-0.1172596743	-0.0824695764	0.0833464566	0.0755743815	0.0600582054	-0.0697441172	-0.0886701924	-0.1346333121	0.1791952828	0.1153724199	0.0207983468	0.1568602291	-0.0913945843	0.0309335747	0.0474328902	0.0860724665	0.0453140568	-0.0155866967	-0.0587938487	-0.1104715201	0.0037461781	0.0149774693	-0.0643588678	-0.0680276704	0.0187451991	0.1038246043	-0.0428760006	0.0022311965	-0.0335259101	-0.023795119	0.021186422	0.0386559439	-0.0272999154	-0.0384184959	0.0786549061	0.031445013	0.0257967026	0.0370672501	0.020523086	0.054759228	0.0084415452	0.0734236344	-0.0223517828	0.1322681003	0.0206808107	0.0127916663	-0.0498527917	-0.1088156246	0.1020240119	-0.0910168938	0.0762490709	-0.0583307311	0.0231396259089251	0.007887949977146	0.0005354422872049	6.221975484195757e-05	-0.0045431639216104	0.004756916052358	2.2628250329181216e-05	2.0640338418622392e-05	-0.0950442965024791	-0.0075894043870334	5.759905894992328e-05	0.0090334182976511	-0.0014731373916517	0.0003099718120436	2.170133774682374e-06	9.608252426165481e-08	-0.0009060935509348	7.012489283650001e-05	4.917500595330611e-09	8.21005523045635e-07	0.0008048332712714	7.024120797999647e-07	6.47756594545423e-07	4.93382729848912e-13	0.0	0.0	0.0	0.0	0.0	0.0	0.0	0.0	0.0	0.0	0.0	0.0	0.0	0.0	0.0	0.0	0.0	0.0	0.0	0.0	0.0	0.0	0.0	0.0	0.0	0.0	0.0	0.0	0.0	0.0	0.0	0.0	0.0	0.0	0.0
1103.4948690074498	-0.954567131584554	0.911198408701563	1217700.925925769	1150.9046072836225	-2.7613353014678523	1324581.4150666692	7.624972647132555	1074.0127093999467	-0.9463672877889168	0.8956110433969502	1153503.2999526144	1079.3351309144732	1077.535422740541	1.21677	24.188818	0.0831652011088881	0.0479265197064879	-0.0608813085	0.0931232173	-0.015955002	0.0770065269	-0.0201528426	0.0643403872	-0.0305786278	0.0205780309	-0.1203825164	0.0853272763	0.0840268606	-0.0006027116	-0.1097327113	-0.0964609244	0.0461793712	-0.0662518399	0.0450855923	0.0498802476	0.0120024998	-0.0825252964	0.051808598	0.0121537097	-0.0514677383	-0.0090324353	0.0070904741	0.0141941618	0.1812352648	-0.0038698877	-0.0540305964	0.0038024198	0.0808549258	-0.0017318599	0.0702180199	0.0001362232	-0.0135623748	-0.0826980731	0.0662984317	0.0333231653	-0.0147616628	0.0572488235	-0.0032676611	-0.0022035644	-0.0533251353	-0.0938439243	-0.0078703615	-0.0777485484	0.0841382805	-0.0641670112	0.0829323953	0.0553849167	0.0562781164	-0.0476106585	-0.0226145008	-0.0002485011	-0.0708627207	-0.061003573	-0.0364384414	0.1061599377	-0.0052768612	0.027633994	-0.0547852533	0.1214257677	-0.08393651	-0.0424172295	-0.043451312	-0.1821591497	-0.0136860444	-0.0758767413	-0.0076907866	-0.0414813936	0.0170518733	-0.0284262812	-0.0173529862	0.0289342901	0.0699260109	-0.0360970357	0.0073965979	-0.0608520333	-0.0289164033	-0.0850308529	-0.0482804902	0.0581269739	-0.0067823663	-0.0143885516	0.0452110598	0.0103448527	0.1551718585	-0.1197345094	0.015889771	-0.0052433216	0.0554139101	-0.0282179771	0.0424413131	0.0557366596	0.0601506224	-0.0212991112	0.117634633	0.0496453279	-0.0431610532	0.0498753484	0.0231456575	-0.0278807163	-0.024496717	0.1172033286	0.059559651	0.079267321	0.0246739455	-0.0649962248	0.092276889	-0.073473375	-0.0399699025	-0.0600654372	0.0388054629	-0.0327033919	-0.0582260475	0.0597497044	0.0685974774	-0.0888579835	-0.1079861026	0.0098392603	0.0884868502	0.0744283817	0.0660878847	0.0182177549	0.0354266848	-0.0758150258	-0.1109652291	0.004074012	0.025929686	-0.0485480067	-0.0575167452	0.0239543361	-0.0740897968	-0.0898150525	0.0451772216	0.0356779373	-0.0429646876	-0.0700674284	0.0716656413	0.1238301426	-0.0046720065	-0.0114743835	0.093354132	-0.0369893791	-0.0671809284	-0.0011429155	0.0389584872	-0.051035511	-0.022492325	0.1239296052	-0.009028314	-0.0321562458	0.0692032639	0.0191196153	-0.0672214794	0.0301896186	-0.0779554097	0.042563124	-0.1092308605	0.103653745	-0.0945685192	0.0822826681	-0.0672120005	0.0245818562181057	0.0014422303091806	0.0006042676551276	2.0800282647191704e-06	0.0138792412775359	0.0184224051991463	0.0003393850133215	0.00019263333844	-0.0617197694473929	0.0333245270550862	0.0011105241034451	0.0038093299406393	-0.0020571439412991	-0.0005840065496473	4.231841195223594e-06	3.410636500310609e-07	-0.0008913286016305	1.47649493043e-05	2.1800372795854908e-10	7.944666760845826e-07	0.0008040839993136	-7.492719578000052e-07	6.465510779521535e-07	5.614084667454528e-13	0.0	0.0	0.0	0.0	0.0	0.0	0.0	0.0	0.0	0.0	0.0	0.0	0.0	0.0	0.0	0.0	0.0	0.0	0.0	0.0	0.0	0.0	0.0	0.0	0.0	0.0	0.0	0.0	0.0	0.0	0.0	0.0	0.0	0.0	0.0
1103.0906711508665	-0.4041978565833233	0.1633759072665528	1216809.028780069	1154.0572052441687	3.1525979605462453	1331848.0329759812	9.938873900840344	1074.287832018714	0.2751226187672273	0.0756924553573371	1154094.3460234683	1079.2725543785623	1055.6389731450124	1.401202	27.855247	0.0604203544412882	0.0348757841838136	0.0250386124	-0.0966781216	-0.0564393075	-0.0113218673	0.06754509	0.0026374709	0.0052511244	-0.0131911936	0.0381636279	-0.1796408435	0.0061903494	-0.0657495925	-0.028324096	0.1757398319	0.0336017365	0.0041596498	-0.003449837	-0.1325140838	0.0194636643	0.144602879	-0.1153699841	-0.2018541262	-0.0932383093	-0.0129836255	0.1075741437	0.0889877497	0.0932660708	-0.0453252912	-0.0405680004	0.0934451908	-0.0148756968	0.1462095273	0.0718769692	-0.0100586382	-0.0698467894	0.05476494	0.0375583675	-0.0059708219	-0.0773701018	0.1661836617	-0.0030959116	-0.0720439967	-0.07067073	0.1057036784	0.021274235	-0.1211054809	0.1400898778	-0.0029866409	-0.0462958737	0.0843200991	0.0123777737	-0.0871471903	-0.0890568111	0.155197639	0.0056112122	0.0801774796	0.0098323551	0.0286293063	0.0467119161	-0.1046475624	0.1035921779	-0.017094738	-0.0289445913	-0.0234152755	0.0890618663	0.0244877253	0.0505856704	0.0881331976	0.0365213931	0.0873470044	0.0639492724	-0.0400985191	0.0318866046	0.015843834	0.0256800515	0.0300573038	-0.0113168605	0.063090286	0.1413748418	0.1338810459	0.0380398754	-0.1608476672	0.0613615227	-0.0612530977	0.1781022059	0.0355029316	-0.0083156742	-0.0926009152	0.0510717601	0.082435262	0.0694237581	0.1313488293	0.0653783704	0.0928714792	0.0689608447	-0.0775907623	-0.0052193414	-0.0187475325	-0.1059033114	0.0829734853	0.0513602459	-0.1366230819	-0.0707389689	-0.1010827134	0.0629193513	0.1456431745	0.0935400849	-0.0764808499	0.0939212872	0.0484057585	0.0439865683	-0.0142441736	0.0511402681	-0.0528120372	-0.0821415031	-0.113791278	-0.1024246462	-0.05793783	0.1616356033	-0.0495328723	0.0558446924	-0.0725086075	-0.0552447511	-0.0165964835	-0.0173051139	0.0135553608	0.0128269462	-0.0552472149	0.086553177	0.0630610713	-0.0238176612	0.0529634377	0.0567909163	-0.0141745009	-0.0470935745	0.0737362005	-0.0529438559	0.0395200847	-0.1469285849	-0.0288381721	0.00124574	-0.0320034687	-0.0206732522	-0.0271238275	0.0173692106	0.0770326724	-0.0083975591	0.0269120816	0.0314019673	-0.0899750266	0.0309140005	0.0240846236	0.0401957115	-0.0479538256	0.1449648185	-0.012040698	-0.0357427571	-0.0196737162	-0.1096050192	0.105127573	-0.0978001546	0.0878214077	-0.0754618528	0.0210691157843712	-0.0035127404337345	0.0004439076399352	1.2339345354793244e-05	0.0032035180194895	-0.0106757232580463	0.0001139710670823	1.0262527701193927e-05	-0.0928739209341102	-0.0311541514867173	0.0009705811548573	0.0086255651896753	-0.0018970871986689	0.0001600567426301	3.598939839353414e-06	2.5618160861390073e-08	-0.0010327642899563	-0.0001414356883258	2.0004053932192864e-08	1.0666020786089409e-06	0.0008040216450138	-6.235429980000224e-08	6.46450805650697e-07	3.88805870354856e-15	0.0	0.0	0.0	0.0	0.0	0.0	0.0	0.0	0.0	0.0	0.0	0.0	0.0	0.0	0.0	0.0	0.0	0.0	0.0	0.0	0.0	0.0	0.0	0.0	0.0	0.0	0.0	0.0	0.0	0.0	0.0	0.0	0.0	0.0	0.0
1103.7507148103684	0.6600436595019801	0.4356576324487658	1218265.640444399	1141.6872092914855	-12.369995952683212	1303449.6838597802	153.01679986939905	1074.4981118903693	0.2102798716553024	0.0442176244233704	1154546.1924559686	1079.742672398099	1077.1610079609595	1.34821	26.801783	0.0628523526269534	0.0404545022108732	-0.0386307018	0.1057040293	-0.0468609838	0.0744216407	0.0829975694	-0.0227315274	-0.0294352711	0.0773948476	-0.0132269942	0.038049942	0.1124539787	-0.023397304	0.0308059174	-0.0384319387	0.0551552961	-0.0340903319	0.0235378352	-0.0088157773	0.0766783175	-0.0303853352	0.0541342409	0.0500035078	-0.0079149053	0.0614253899	0.0137191599	0.0924161248	-0.0149954977	-0.0277676593	-0.0737967162	-0.1013696908	-0.0208746047	0.0173829056	-0.0952922156	0.0200631151	-0.0432003661	0.0391909816	-0.0342132068	-0.0427946789	0.0710777749	-0.1837832617	-0.0414025415	0.1731040016	-0.0533005383	0.0462747646	-0.031380671	-0.0669395202	0.1363014244	0.0096902171	-0.0707102436	-0.0506625778	-0.0127451892	0.1039288465	0.002966499	-0.0420894681	-0.0582713004	0.0072765928	0.0606421712	-0.0078833004	-0.016386052	-0.0585988931	-0.0430216385	0.1580401921	0.0149982708	0.0547940953	0.0912628245	-0.2216772474	0.0136870669	0.0589564906	-0.0239253103	0.0716243356	0.0461901321	0.1541121853	0.005708721	0.1445378286	0.0650853768	-0.0050958459	-0.0193494685	-0.062738461	0.0456487118	-0.0789055881	0.0186551654	0.0690970306	-0.0236242617	-0.0440497915	-0.0168063077	0.0619383413	-0.0606213679	-0.1261234425	0.0076655077	-0.0785325342	0.0220469772	0.0133137148	-0.0442848906	0.0062403853	-0.0423401116	-0.0170818069	-0.0886108622	0.0138573675	0.0967348638	-0.1412960998	-0.0027826708	0.1637265104	-0.0572399019	0.0403516605	-0.0021884907	0.1469959317	0.1128840231	0.0331517301	-0.0523041936	0.0357383161	0.0583551609	0.0103182734	-0.0991567393	-0.0772055487	0.0165157132	0.0333125038	0.0140949671	-0.0012053875	-0.0232378643	-0.0844911939	0.0298693722	0.1870990499	0.0683693372	0.0332211296	-0.1128993502	0.027934986	-0.1463790636	-0.0587492288	0.0098896696	0.0576226738	0.055383777	0.1086141414	0.0522459501	-0.0722619855	-0.0502648266	0.0692683857	-0.0012563465	-0.0330530528	0.1251515995	-0.1058378258	-0.0144150109	0.0081297257	0.0715268105	-0.0662792097	-0.07081209	-0.0107169131	0.0075655019	-0.0731148395	-0.014327222	-0.0361711064	-0.0050425263	-0.0589442414	-0.0425026081	-0.0449962685	-0.0364994629	-0.0176052362	-0.0292428256	-0.0082866746	-0.1099379598	0.1064432791	-0.1007008652	0.092831979	-0.0830027857	0.0186200674634591	-0.002449048320912	0.0003467069123437	5.997837678162365e-06	-0.034139998245493	-0.0373435162649825	0.001394538207033	0.0011655394802022	-0.0858789829522663	0.0069949379818439	4.892915736984248e-05	0.0073751997129156	-0.0015760856445665	0.0003210015541023	2.4840459590086e-06	1.0304199773615593e-07	-0.0010326347550415	1.2953491480014248e-07	1.6779294152280172e-14	1.0663345373196189e-06	0.0008041875571809	1.6591216709998732e-07	6.467176271245833e-07	2.752684719181412e-14	0.0	0.0	0.0	0.0	0.0	0.0	0.0	0.0	0.0	0.0	0.0	0.0	0.0	0.0	0.0	0.0	0.0	0.0	0.0	0.0	0.0	0.0	0.0	0.0	0.0	0.0	0.0	0.0	0.0	0.0	0.0	0.0	0.0	0.0	0.0
1102.6798901169868	-1.07082469338161	1.1466655239558188	1215902.9400684102	1154.5150017862018	12.827792494716276	1332904.8893493935	164.55226028749925	1075.3277844724057	0.8296725820364372	0.6883565933830087	1156329.8440583327	1080.88938384456	1073.3935894905983	1.256362	24.975897	0.0779386114635066	0.0381927228537346	-0.0469996669	-0.1021848172	-0.0082963872	0.0327256104	0.0461534641	-0.0612658968	-0.0954350754	-0.060093007	0.0813666502	-0.016257692	0.0819167328	0.093117631	-0.0152251599	-0.0440719981	-0.0495745812	-0.0926680289	0.0410961936	-0.0150585622	-0.0996142174	-0.0409510423	0.0350535082	-0.1270670968	-0.0647851348	0.0006671726	-0.0228840019	-0.0780815973	0.0064551596	-0.1624520084	0.0840113831	-0.0224663809	-0.0629808536	0.0177649227	-0.1229408016	0.0649441985	-0.0079960532	0.0402822701	0.0577010856	0.0718743391	0.0401456066	-0.2237185227	0.0029999449	0.0663064184	0.1111024823	0.0864393795	-0.1190332505	0.051374369	-0.0726488371	0.0252369728	0.0449207065	0.0635620941	0.0204060509	0.0042750376	0.0401933027	-0.0775569319	0.182537903	-0.045650564	-0.0236915174	0.0531393367	-0.0607042418	0.1255019115	0.0364566667	0.049692986	0.1465894518	0.083017927	0.0341634118	-0.0936569437	-0.0128896769	-0.0419087325	0.0036088877	-0.0185001314	-0.0321051061	-0.0545620216	-0.0115209181	-0.0220955369	0.0012519405	-0.119794804	0.0396237152	0.0353706209	-0.0096308375	0.1099899808	-0.0965496127	0.041652067	0.1245517114	-0.0330994906	-0.0133862088	-0.0515585977	0.0154385398	0.0208032395	0.1262112365	-0.0411124404	-0.0125317138	0.0774625857	-0.1157776061	0.0418938706	-0.1193785953	-0.0249177629	-0.0398012307	0.0474955492	-0.0261411581	-0.1676399234	-0.1218840748	0.1633901062	0.0908888891	-0.0404216107	-0.1735826088	-0.060555576	-0.033804222	-0.0203315492	0.0266427523	-0.0016547243	-0.0296136089	-0.0319690364	-0.0170067028	0.1137564777	0.0360379673	-0.05984602	-0.0219881752	0.0009726799	-0.1406204839	0.1618556812	-0.0237564468	0.1305902668	-0.0430507019	0.0111710712	-0.1229057409	0.0559238594	-0.085853192	0.0381006869	0.0287965316	0.0135062514	-0.0114597797	-0.0791067245	0.0256596717	0.0591212457	-0.0157580019	0.042003481	0.1324249772	-0.0071731709	0.0312342329	0.0174894715	-0.064938699	0.0680054568	0.129660769	-0.0014437717	-0.0107050606	0.0333367555	0.0728526789	0.0780238841	-0.0165083115	0.0541673096	-0.0420592827	-0.0571358577	0.0034823947	0.0021717661	0.047124126	0.0415109883	-0.0245367872	-0.0383308918	-0.1102295573	0.1075988845	-0.103260836	0.0972842479	-0.0897639565	0.022802259069266	0.0041821916058068	0.0005199430186619	1.7490726627681693e-05	-0.0044198859652482	0.0297201122802448	0.0008832850739503	1.9535391945798014e-05	-0.0919381679970712	-0.0060591850448049	3.671372340718741e-05	0.0084526267346576	-0.0020010627857944	-0.0004249771412279	4.004252272691245e-06	1.806055705662385e-07	-0.000886995524572	0.0001456392304694	2.121078545174813e-08	7.867610606107575e-07	0.0009931136361365	0.0001889260789555	9.862746942802604e-07	3.569306330953758e-08	0.0	0.0	0.0	0.0	0.0	0.0	0.0	0.0	0.0	0.0	0.0	0.0	0.0	0.0	0.0	0.0	0.0	0.0	0.0	0.0	0.0	0.0	0.0	0.0	0.0	0.0	0.0	0.0	0.0	0.0	0.0	0.0	0.0	0.0	0.0
1101.1899978227311	-1.4898922942556965	2.219779048482503	1212619.4113048266	1144.6249754847986	-9.890026301403168	1310166.3345035757	97.81262024244644	1074.1005413768737	-1.2272430955320033	1.5061256155309737	1153691.9729860933	1079.414995480036	1064.0920726900702	1.31686	26.17857	0.1277339004770466	0.074404556488079	-0.0481891488	0.088499275	-0.0653663982	0.1186258167	0.0272884018	0.0598509044	-0.0877854428	0.042422221	-0.0225899784	0.1553118025	0.0308639961	-0.0014986848	-0.0387757849	-0.0383428217	0.0543674233	-0.104138548	-0.0425652607	0.0360061467	-0.0794467198	-0.102141916	0.05819496	0.039324248	-0.076247951	0.0488708109	-0.0123997596	0.0375525533	-0.0791456223	0.0548597995	-0.150558553	0.0277710836	0.0627706947	-0.0260255192	-0.028847601	-0.0047016656	-0.0954059453	0.1376047004	-0.0022494007	0.0455485604	0.0162835364	0.2081105553	0.1584578996	-0.1632165093	0.0590861531	-0.0086438586	0.0585570759	-0.1280578893	0.0407409884	-0.062099851	0.0140810234	0.000832627	-0.0072719842	-0.0342635694	-0.0099078129	0.0607804747	-0.0773551548	0.152560726	0.0455980397	-0.1026004024	-0.1204046144	0.0692098683	0.166058657	-0.0597614866	0.1576860027	-0.1486261197	-0.0426771913	-0.0999078082	-0.0244140765	-0.1033182328	-0.0053789479	-0.1886422664	0.0409591452	0.1742427522	-0.0398020759	0.0076961676	0.0900616889	-0.0642404998	-0.0568812682	0.011976516	-0.0706733628	-0.1074727976	-0.0457795659	0.0906587931	0.0789163434	-0.0686752306	0.020120981	0.0242074396	-0.03980887	-0.0239081518	-0.1391348564	0.0326759611	0.0983455709	-0.0784885671	-0.010210494	0.0692501934	0.0042736136	-0.0740348602	-0.105803808	0.0189468017	0.0096074045	0.2509020846	0.0303676877	-0.1447751553	0.0742355431	-0.0962477593	0.0926636964	0.0587346164	0.0109049603	-0.0250599218	0.0438963663	-0.0541699738	-0.0316421887	-0.0118426033	0.0128336817	-0.0718913553	0.0648171965	-0.012608781	-0.0078622956	0.0511930522	0.1407610902	0.1898193911	-0.0885872761	-0.0039218905	-0.0195053245	-0.257368004	-0.0271076256	0.0508567727	-0.1270021755	0.0880550455	-0.1258314401	-0.1176796707	-0.0326086915	0.0240047544	0.0815138327	-0.0004836981	0.0840048879	0.0770618121	-0.134165726	-0.0531545808	-0.0188686802	0.0750372613	-0.1056732565	-0.0364183412	0.0425189378	0.0230627339	-0.0653219265	0.0136838197	0.0408068299	-0.0461356142	-0.0351410899	0.160485198	-0.0966484412	-0.0791466987	0.0021044076	-0.0824910636	-0.0438483314	-0.0974861853	-0.1671519762	0.027123836	-0.110479702	0.1085926509	-0.1054714048	0.1011514379	-0.095681848	0.0222212537123311	-0.0005810053569349	0.0004937841165477	3.375672247870515e-07	0.0583509002346289	0.0627707861998771	0.0039401716001506	0.0034048275581916	-0.0541891419568116	0.0377490260402596	0.0014249889669881	0.0029364631060154	-0.0021985868131893	-0.0001975240273948	4.833783975129882e-06	3.9015741398301153e-08	-0.0010328856942669	-0.0001458901696948	2.1283941613606696e-08	1.0668528574212158e-06	0.0008038661756268	-0.0001892474605096	6.462008283168572e-07	3.581460130937044e-08	0.0	0.0	0.0	0.0	0.0	0.0	0.0	0.0	0.0	0.0	0.0	0.0	0.0	0.0	0.0	0.0	0.0	0.0	0.0	0.0	0.0	0.0	0.0	0.0	0.0	0.0	0.0	0.0	0.0	0.0	0.0	0.0	0.0	0.0	0.0
1102.698793372773	1.5087955500418957	2.2764640118262265	1215944.6289057697	1142.4359443510643	-2.189031133734261	1305159.8869453082	4.791857304457904	1074.0018086359548	-0.0987327409188765	0.0097481541293539	1153479.884953302	1078.9846813656525	1059.7859184591082	1.563185	31.075401	0.0918274378611593	0.0524518241569329	0.0033979187	-0.1318729037	-0.0361662658	-0.0656196734	0.1131465209	0.0152433402	-0.0543707834	0.0388931701	0.1297393448	-0.1296151919	-0.0714772369	-0.0746821857	0.0250872943	0.0515426462	0.0213351737	-0.0176720739	0.0363459836	-0.0703400702	0.0520357432	0.0052914951	-0.0061539188	-0.1479360299	0.0140556157	-0.0281678246	-0.0106282247	-0.088866327	-0.0578412106	-0.0267938646	0.1632778014	0.0942283035	-0.1573843979	-0.0543996774	0.0334673873	-0.0293109541	0.1054678498	0.1095985162	0.0281440356	0.0417801499	0.0249619528	0.0320206348	0.004402979	-0.013055253	0.0662838254	-0.1101339455	-0.0163753364	0.1000639476	0.0790221314	-0.0366965634	0.0652106148	0.0319568697	-0.0507752495	0.0711230294	0.0840716198	0.1375224116	-0.066582811	0.0073941437	0.0024430168	-0.0228750454	0.0346280416	-0.0443019114	-0.0323762843	0.0357152055	-0.0856390275	-0.0406901377	-0.076509774	-0.0656382048	0.065194674	-0.0730021374	0.0551371641	-0.0327524761	-0.1073100538	0.0515260032	-0.000170393	-0.0197117219	0.0249667964	0.0071216069	0.0059928001	-0.0001710448	0.126336963	0.1276292242	-0.0790240285	-0.0253396989	0.0174227699	-0.0005148148	0.0226929154	-0.0420473078	-0.0406315862	0.1820656764	0.044478143	0.1285550185	-0.1278423674	0.0728384162	-0.0560214336	-0.0417567778	-0.03093423	-0.0967541217	-0.0013604781	0.0190831247	-0.0408487001	0.0438992932	-0.0077477332	0.0015763942	0.1027918616	0.1257643865	0.0756526108	-0.0755482538	0.0837291554	0.0228558054	0.0036365595	-0.029303144	-0.1228987242	0.0466458705	-0.0244321829	-0.0375686364	-0.1329691818	0.028478825	0.0383338015	-0.0058691413	0.0072553436	-0.0680480715	0.0118087312	0.0483606306	0.016743132	-0.0312748826	0.159628088	0.1089687436	-0.113416814	0.0794028819	0.0014872457	-0.0222690911	0.0620178043	-0.0806562596	0.0581335769	0.0645129612	-0.0534420173	0.0711068224	0.0794225255	0.0902279714	-0.0993778044	-0.026567929	-0.1097743878	-0.0524449529	-0.0714191192	0.0563024515	0.0568317358	-0.0105960705	-0.0960223276	0.0517124951	0.0531440455	-0.1712681771	-0.0417624838	-0.1193291519	-0.0622090595	-0.0038450618	-0.0312169274	0.1662306542	-0.0373295979	-0.0294982093	-0.1106882998	0.1094230837	-0.1073250918	0.1044102912	-0.1007008652	0.0265154636376365	0.0042942099253053	0.0007030698119188	1.8440238882591394e-05	0.0420268954579228	-0.0163240047767061	0.0002664731319499	0.0017662599418311	-0.0998276542954244	-0.0456385123386128	0.0020828738084817	0.0099655605621267	-0.0018256417088174	0.0003729451043718	3.332967648973716e-06	1.3908805087496738e-07	-0.0008947347472789	0.0001381509469879	1.908568415368117e-08	8.005502679882371e-07	0.0008041843406776	3.181650507999784e-07	6.467124537910661e-07	1.0122899955055285e-13	0.0	0.0	0.0	0.0	0.0	0.0	0.0	0.0	0.0	0.0	0.0	0.0	0.0	0.0	0.0	0.0	0.0	0.0	0.0	0.0	0.0	0.0	0.0	0.0	0.0	0.0	0.0	0.0	0.0	0.0	0.0	0.0	0.0	1.0	0.0
1106.523420077754	3.824626704981029	14.62776943245404	1224394.07918057	1140.7853020439918	-1.6506423070725305	1301391.1053596016	2.724620025897726	1075.5817771066088	1.5799684706539665	2.4963003682606337	1156876.1592438107	1080.792267564116	1069.233816488369	1.442799	28.682177	0.0980689597510628	0.0774577659100264	0.0473725823	0.1116381481	-0.0497564821	0.0309310069	0.0958016708	-0.0280191512	0.0443202505	0.1042730584	0.0457322901	0.0794854488	-0.0046597119	-0.0620606825	0.0159132531	0.0089716608	-0.0214805873	-0.0146701387	-0.0810169227	0.0065902837	0.0701190962	-0.0435934556	0.1670508844	0.1493445732	-0.002901905	0.0280802722	-0.0448144931	0.0294189103	-0.0234092619	-0.0807792515	0.0858318284	0.0134247271	-0.090436977	0.1008018653	0.1936760292	-0.0387786808	0.0166698488	0.040730078	0.0561184634	0.0715548971	-0.0948349873	0.0282815188	0.039668149	0.0179666405	0.0226254191	-0.0344434878	0.0225295994	-0.0044456302	-0.1400931508	0.1311653116	-0.2101283489	-0.0977358319	-0.0760467163	0.0644605476	0.0191175965	-0.1274265807	-0.0406213072	0.052833414	0.0110803969	0.0336944804	0.0431958731	-0.1192028058	-0.0835724842	0.0985129364	0.0057045484	0.0343766677	0.0242389894	0.1205540037	-0.0275307514	0.029917602	-0.0574268725	0.0760236088	0.0026410845	-0.0944881501	-0.0357080132	-0.1954316077	-0.0283902573	0.0059147204	-0.0988277619	-0.0239616968	0.0099988255	-0.0791203828	0.0135154389	0.2097460172	-0.0642609081	0.0431143511	-0.049154116	0.0335209383	-0.0555898037	0.0962750517	0.1355318909	0.0383642311	-0.06097123	0.0751600611	0.1449192947	-0.0180284788	0.0677517813	-0.0894669857	0.0054776611	0.037000388	-0.1205769755	0.0868384464	0.0112826805	0.0338825083	0.0143835084	-0.0225613839	-0.0270700012	-0.0211334179	-0.1404166553	0.0905121803	-0.1125717068	0.1561544723	0.1388537515	0.0739132531	-0.0034837397	-0.0445967537	0.1042842174	0.0293571446	0.013859065	0.0352394535	-0.0597960393	-0.1523342681	0.069538628	0.0422554824	0.022102737	0.0172635897	-0.0627469804	-0.0276925168	0.1370355872	0.0752284032	0.0009983853	0.0729479166	-0.0585313543	-0.0262115996	-0.0055235664	0.1163051947	-0.0430723824	-0.0161193819	0.0309112697	-0.1184447645	0.0789578122	-0.0734734062	-0.0194617585	0.0672548802	0.0653305705	-0.0656243914	0.0518240385	-0.0731623471	-0.0425061362	0.0062253785	-0.1366844134	-0.1539891763	0.0057211975	-0.0435246922	-0.0862554429	-0.0022431918	0.1034849116	-0.0293336323	0.0558492431	-0.0433627914	-0.1108552722	0.1100889337	-0.1088156246	0.1070412087	-0.1047738574	0.0291435085366913	0.0026280448990548	0.0008493440898281	6.906619991447966e-06	-0.0335545079002486	-0.0755814033581714	0.0057125485335906	0.0011259050004278	-0.0998033034454977	2.43508499266909e-05	5.929638921522222e-10	0.009960699378634	-0.0019787350799202	-0.0001530933711027	3.9153925165068e-06	2.343758027561962e-08	-0.0006517971248436	0.0002429376224352	5.901868839451636e-08	4.248394919543836e-07	0.0008048565600177	6.722193401000748e-07	6.477940822035256e-07	4.5187884120458e-13	0.0	0.0	0.0	0.0	0.0	0.0	0.0	0.0	0.0	0.0	0.0	0.0	0.0	0.0	0.0	0.0	0.0	0.0	0.0	0.0	0.0	0.0	0.0	0.0	0.0	0.0	0.0	0.0	0.0	0.0	0.0	0.0	0.0	0.0	0.0
1104.4506975328811	-2.0727225448729314	4.296178748024521	1219811.3432808677	1166.7434841672691	25.95818212327731	1361290.3578467786	673.8272191452338	1075.600141187871	0.0183640812622343	0.0003372394806059	1156915.6637233682	1081.219812904247	1086.959889338145	1.489845	29.617432	0.1021645276132541	0.06577077367096	-0.0247358186	-0.092008011	0.0527736456	-0.0287151272	-0.01122473	-0.0605591372	-0.0170075998	-0.0852111228	0.1016170187	0.0477298984	0.0679332001	0.1303960933	0.0316024963	0.1110184716	-0.0158364854	-0.0797410149	0.0079610993	0.0315045599	-0.0261046094	0.0237619594	0.0658180831	0.0402328737	0.0185633175	-0.0078363658	0.0575122051	0.0292209212	0.0239628449	0.0994605347	0.0993530225	-0.0813256154	0.0054653084	-0.0087233312	0.0211917148	0.0411582835	0.0834230601	0.0797268672	-0.0597884642	0.0785042998	0.0185945682	0.1105565433	-0.010894611	0.024417656	-0.0130961891	-0.0232828064	-0.0740977489	-0.0360734464	-0.0248252858	-0.0915548972	0.0600814206	-0.0338141705	0.1832121999	0.0473210944	-0.069717249	-0.1369439564	-0.0600331222	-0.2380033464	-0.0134426287	-0.1293530151	0.027079357	-0.139184621	-0.1059835357	0.0446759194	-0.1155194844	0.169099379	-0.0594463313	0.0276069309	-0.0793756809	0.0102413871	0.16914701	-0.0608640702	-0.1408613617	0.1328091147	-0.0286064352	0.0806793009	0.0199360547	-0.0906749911	0.0076621731	0.0264339355	-0.0525922366	0.0502235709	0.0153500053	0.0329782866	-0.0909990446	0.0083370324	0.0380913009	0.0483452434	0.0185157483	0.0462328103	-0.0049395288	-0.1204694036	-0.0821545867	-0.031402663	0.0521264953	-0.0681829083	-0.0635717815	-0.0215739871	-0.0506195431	0.0332849463	-0.0299075161	0.0433577077	0.1066509266	-0.0481170027	0.0183067115	0.0508559534	-0.0531740351	0.0228555825	-0.0547488602	-0.0090269348	0.042912533	-0.1466326885	0.0321226056	-0.1808074939	-0.1130193871	0.0461619748	-0.00074143	0.1597972296	0.0895118529	-0.0184682688	0.053896052	-0.2023567177	-0.0663339634	0.0851131418	0.0145762835	0.2267897814	0.0231430858	-0.0555666297	0.0177784391	0.0115502892	-0.0355671696	-0.185269423	0.1345973149	-0.0404837742	-0.1149306486	0.1095123691	0.0163035043	-0.0049963998	0.0569820479	0.0237950122	-0.0218551574	0.1012478919	-0.0412178042	0.0230644726	0.0894193325	0.0208924398	0.0097842994	0.1184212646	-0.0046281154	0.089782072	-0.0562342798	0.0383788935	-0.1181892477	0.0919347894	0.0445722632	-0.0016391579	0.0755576126	-0.0391498558	0.0224391687	0.0181934063	-0.1109805565	0.1105891995	-0.1099379598	0.1090283678	-0.1078625611	0.0263887738146451	-0.0027547347220462	0.0006963673834404	7.588563388846968e-06	0.0280635132921105	0.0616180211923591	0.003796780535662	0.0007875607782964	-0.0811507860835689	0.0186525173619288	0.000347916403937	0.0065854500819811	-0.0023237256266956	-0.0003449905467754	5.399700788161859e-06	1.190184773643895e-07	-0.0006889356885453	-3.713856370169994e-05	1.379272913825224e-09	4.746323829513866e-07	0.0008042005837564	-6.559762613000042e-07	6.467385789141345e-07	4.303048553891314e-13	0.0	0.0	0.0	0.0	0.0	0.0	0.0	0.0	0.0	0.0	0.0	0.0	0.0	0.0	0.0	0.0	0.0	0.0	0.0	0.0	0.0	0.0	0.0	0.0	0.0	0.0	0.0	0.0	0.0	0.0	0.0	0.0	0.0	0.0	0.0
1102.6962316844051	-1.754465848476002	3.078150413468618	1215938.9793709873	1159.2185897167546	-7.524894450514466	1343787.7387449015	56.62403649138341	1074.6675877098962	-0.9325534779748068	0.8696559892829084	1154910.4240742074	1080.1470568751868	1074.4578146998947	1.408931	28.008894	0.0119754048117772	0.0071707373619805	-0.0835492851	0.0922795081	-0.0210578329	0.0795183398	-0.1476597674	0.0459634284	-0.0583450927	-0.0676213031	0.0500167497	0.0792473997	0.0457702296	-0.0953964521	-0.0414037664	0.0390156623	-0.0024595382	-0.0485182137	0.0114569933	-0.0203988906	-0.064699597	0.036986108	-0.0833099423	0.039280429	0.0335163641	-0.0315626319	-0.009722066	0.0054830341	-0.1615976688	0.1495279558	-0.1211639593	0.2047149533	-0.0872867661	-0.0584421378	-0.0139746799	-0.1195350457	-0.0567439545	-0.1322930809	-0.0676301774	0.0244979177	0.1794324609	0.0626770575	-0.0939217907	-0.0109895919	-0.0142625761	0.1075981673	0.0208360549	-0.0067973928	-0.0100635076	-0.0174986615	0.0232870992	0.0944017678	-0.0740533124	0.008942027	-0.1457398072	0.0654348746	0.0572931569	0.0559978078	-0.0018155688	-0.0424926129	0.0205582787	-0.0213957234	0.0488202476	-0.0880342578	0.030567876	0.0134935293	0.1017743281	0.0511825686	0.0592491353	0.0036416002	0.0494987371	0.0668921788	-0.1525342907	0.0539226273	0.0476582789	-0.0324137526	0.028742714	-0.0560340735	0.0287839084	0.0548568758	-0.02399385	-0.0476595127	0.0486420941	-0.0746225405	0.0131181752	0.0361810677	-0.0194180415	0.0085540772	-0.0976380256	0.0462609743	-0.1739912012	0.2111816232	0.027119946	0.0328782172	-0.0372094176	-0.0750921059	0.1349106508	0.2018519202	-0.0468141835	0.1164446421	0.1232968321	-0.0591640657	0.0639602367	-0.1072545045	0.000932912	-0.0397783369	-0.0709818356	-0.0012013275	0.0149457114	-0.0666702199	0.0911442623	-0.0149439149	0.0221679005	0.1014283169	-0.0351101183	-0.0367889783	-0.0353080615	-0.0823587654	-0.0828604404	-0.0244762645	0.1032683152	0.0073889024	-0.0132897038	-0.0771497659	-0.0457214109	-0.0371984413	-0.0469569452	0.075464425	-0.0376179301	-0.0419809479	0.0109720504	0.0061776841	0.1381846198	-0.0445315981	-0.0582582785	0.0846056862	0.0087205975	0.0600077697	-0.1129718098	-0.0233418392	-0.0311034567	0.0086492901	-0.1139162409	0.02867899	-0.0938124859	-0.0470069065	0.0225253031	-0.1271846476	0.1075087701	-0.0040394411	-0.0748338059	0.0011804515	-0.0717517557	0.0597104131	0.0351913827	-0.0031516473	-0.0562646527	-0.0130673359	-0.0544175398	-0.024842442	-0.1110641056	0.1109231287	-0.1106882998	0.1103598175	-0.1099379598	0.0265325020216806	0.0001437282070355	0.0007039736635304	2.0657797497640284e-08	0.0263973562819757	-0.0016661570101348	2.7760791824213384e-06	0.0006968204186775	-0.0874166732906758	-0.0062658872071068	3.926134249218589e-05	0.0076416747692087	-0.0023797342887792	-5.600866208359994e-05	5.663135285191444e-06	3.136970228394885e-09	-0.0006669580006659	2.197768787939999e-05	4.830187645243252e-10	4.448329746522547e-07	0.0008042068815434	6.2977870000143635e-09	6.467487083217603e-07	3.966212109754991e-17	0.0	0.0	0.0	0.0	0.0	0.0	0.0	0.0	0.0	0.0	0.0	0.0	0.0	0.0	0.0	0.0	0.0	0.0	0.0	0.0	0.0	0.0	0.0	0.0	0.0	0.0	0.0	0.0	0.0	0.0	0.0	0.0	0.0	0.0	0.0
1104.8427576726313	2.1465259882261307	4.607573818130167	1220677.5191816646	1142.9128281431172	-16.305761573637483	1306249.7327340986	265.87786049631273	1075.1501157082398	0.4825279983435848	0.2328332691854666	1155947.7713074414	1080.1198515481217	1062.4010936066911	1.657457	32.949486	0.0704493828328278	0.0328465532348242	0.058909131	-0.1456439811	-0.0413600621	-0.1230873477	0.0870981391	-0.0108909817	-0.0030778164	0.0806788785	0.0742093504	-0.1663620302	-0.0374675288	-0.0331234753	-0.0431166263	-0.042080037	-0.0070005676	0.0001457145	0.0264948134	-0.0117765707	0.1417539646	0.0214177663	-0.046689644	-0.1090359125	0.015349408	-0.1185093752	0.0784762414	-0.0048377753	-0.0144569268	0.093364748	-0.1405909311	-0.0409930293	0.0587788864	-0.0290200422	0.1260718461	0.1244863368	0.0532165294	-0.0021359085	-0.0442280778	0.0015695098	0.0861289106	-0.1116010581	-0.0822276574	0.1136577519	0.0508519179	-0.02921335	0.0633168794	0.0529293337	-0.0098201306	-0.0252594964	-0.1231997558	0.1163314623	-0.0437397976	-0.0031138715	-0.0522680739	-0.0476894802	0.0711698991	-0.0156567474	-0.0451197067	0.0836335692	0.0414286412	-0.0528887644	-0.122947355	-0.0736368669	0.0646423899	0.1773341464	-0.088003881	0.0490472713	-0.0012158256	0.0458806175	-0.1262552405	-0.0191224609	-0.1642056793	-0.1458528461	-0.0177631484	0.0296388769	-0.0126008764	0.0099539571	-0.0210329013	-0.0836007671	0.1120459941	0.0956977438	-0.0316160407	-0.082323624	-0.0302142761	0.0517454015	0.0905035786	-0.0290083775	-0.029889377	-0.078688412	-0.137398381	0.0072214985	-0.0332952455	-0.1025044548	0.1768907013	-0.0354805413	-0.0454405942	0.0007889425	-0.0139604393	0.0452519844	0.0776883734	-0.1408949092	0.0005619822	0.0984176222	0.0454927039	0.0645809297	0.0238661911	-0.0513283697	-0.0233161297	0.0329880186	0.1229195908	0.0742034441	0.1227337449	0.0435382341	0.0192770234	0.0196676638	-0.0056192494	-0.0744868233	0.0054434451	-0.0470455238	-0.1526871411	-0.05023836	-0.0831922121	0.0242840338	-0.1326875824	0.130118135	0.0061366852	0.0100460308	0.0293235506	-0.0104048697	-0.0973297301	0.1066560177	0.0125824166	-0.2066973018	-0.0346320187	-0.0435238188	-0.0625003765	0.0469158444	0.108391753	0.0484274105	-0.0541710196	0.0096496484	0.0306093037	-0.0184342402	0.0298977111	0.0469846277	0.1675788852	0.0300767679	-0.0989493514	-0.016110395	0.0378419359	-0.0477198606	0.05907984	0.0141042345	0.0210652234	-0.0549284137	0.0154119736	-0.0302266503	-0.0281581607	0.0286613735	-0.1111058879	0.1110902189	-0.1110641056	0.1110275503	-0.1109805565	0.0225869689307245	-0.0039455330909561	0.0005101711654775	1.556723137182961e-05	0.012093585223269	-0.0143037710587067	0.0002045978664998	0.0001462548035524	-0.0932392978072158	-0.00582262451654	3.390295626061271e-05	0.0086935666555826	-0.0018980439949592	0.0004816902938199	3.60257100680068e-06	2.3202553916039785e-07	-0.0009479217090304	-0.0002809637083645	7.894060541793184e-08	8.985555664511144e-07	0.0009691019626914	0.0001648950811479	9.391586140923236e-07	2.7190387786805492e-08	0.0	0.0	0.0	0.0	0.0	0.0	0.0	0.0	0.0	0.0	0.0	0.0	0.0	0.0	0.0	0.0	0.0	0.0	0.0	0.0	0.0	0.0	0.0	0.0	0.0	0.0	0.0	0.0	0.0	0.0	0.0	0.0	0.0	0.0	1.0
