global_signal	global_signal_derivative1	global_signal_power2	global_signal_derivative1_power2	csf	csf_derivative1	csf_derivative1_power2	csf_power2	white_matter	white_matter_derivative1	white_matter_power2	white_matter_derivative1_power2	csf_wm	tcompcor	std_dvars	dvars	framewise_displacement	rmsd	t_comp_cor_00	t_comp_cor_01	t_comp_cor_02	t_comp_cor_03	t_comp_cor_04	c_comp_cor_00	c_comp_cor_01	c_comp_cor_02	c_comp_cor_03	c_comp_cor_04	c_comp_cor_05	c_comp_cor_06	c_comp_cor_07	w_comp_cor_00	w_comp_cor_01	w_comp_cor_02	w_comp_cor_03	w_comp_cor_04	w_comp_cor_05	w_comp_cor_06	w_comp_cor_07	w_comp_cor_08	w_comp_cor_09	w_comp_cor_10	w_comp_cor_11	w_comp_cor_12	w_comp_cor_13	w_comp_cor_14	w_comp_cor_15	w_comp_cor_16	w_comp_cor_17	w_comp_cor_18	w_comp_cor_19	w_comp_cor_20	w_comp_cor_21	w_comp_cor_22	w_comp_cor_23	w_comp_cor_24	w_comp_cor_25	w_comp_cor_26	w_comp_cor_27	w_comp_cor_28	w_comp_cor_29	w_comp_cor_30	w_comp_cor_31	w_comp_cor_32	w_comp_cor_33	w_comp_cor_34	w_comp_cor_35	w_comp_cor_36	w_comp_cor_37	w_comp_cor_38	w_comp_cor_39	w_comp_cor_40	w_comp_cor_41	w_comp_cor_42	w_comp_cor_43	w_comp_cor_44	w_comp_cor_45	w_comp_cor_46	w_comp_cor_47	w_comp_cor_48	w_comp_cor_49	w_comp_cor_50	w_comp_cor_51	w_comp_cor_52	w_comp_cor_53	w_comp_cor_54	w_comp_cor_55	w_comp_cor_56	w_comp_cor_57	a_comp_cor_00	a_comp_cor_01	a_comp_cor_02	a_comp_cor_03	a_comp_cor_04	a_comp_cor_05	a_comp_cor_06	a_comp_cor_07	a_comp_cor_08	a_comp_cor_09	a_comp_cor_10	a_comp_cor_11	a_comp_cor_12	a_comp_cor_13	a_comp_cor_14	a_comp_cor_15	a_comp_cor_16	a_comp_cor_17	a_comp_cor_18	a_comp_cor_19	a_comp_cor_20	a_comp_cor_21	a_comp_cor_22	a_comp_cor_23	a_comp_cor_24	a_comp_cor_25	a_comp_cor_26	a_comp_cor_27	a_comp_cor_28	a_comp_cor_29	a_comp_cor_30	a_comp_cor_31	a_comp_cor_32	a_comp_cor_33	a_comp_cor_34	a_comp_cor_35	a_comp_cor_36	a_comp_cor_37	a_comp_cor_38	a_comp_cor_39	a_comp_cor_40	a_comp_cor_41	a_comp_cor_42	a_comp_cor_43	a_comp_cor_44	a_comp_cor_45	a_comp_cor_46	a_comp_cor_47	a_comp_cor_48	a_comp_cor_49	a_comp_cor_50	a_comp_cor_51	a_comp_cor_52	a_comp_cor_53	a_comp_cor_54	a_comp_cor_55	edge_comp_00	edge_comp_01	edge_comp_02	edge_comp_03	edge_comp_04	edge_comp_05	edge_comp_06	edge_comp_07	edge_comp_08	edge_comp_09	edge_comp_10	edge_comp_11	edge_comp_12	edge_comp_13	edge_comp_14	edge_comp_15	edge_comp_16	edge_comp_17	edge_comp_18	edge_comp_19	edge_comp_20	edge_comp_21	edge_comp_22	edge_comp_23	cosine00	cosine01	cosine02	cosine03	cosine04	trans_x	trans_x_derivative1	trans_x_derivative1_power2	trans_x_power2	trans_y	trans_y_derivative1	trans_y_derivative1_power2	trans_y_power2	trans_z	trans_z_derivative1	trans_z_derivative1_power2	trans_z_power2	rot_x	rot_x_derivative1	rot_x_power2	rot_x_derivative1_power2	rot_y	rot_y_derivative1	rot_y_derivative1_power2	rot_y_power2	rot_z	rot_z_derivative1	rot_z_derivative1_power2	rot_z_power2	motion_outlier00	motion_outlier01	motion_outlier02	motion_outlier03	motion_outlier04	motion_outlier05	motion_outlier06	motion_outlier07	motion_outlier08	motion_outlier09	motion_outlier10	motion_outlier11	motion_outlier12	motion_outlier13	motion_outlier14	motion_outlier15	motion_outlier16	motion_outlier17	motion_outlier18	motion_outlier19	motion_outlier20	motion_outlier21	motion_outlier22	motion_outlier23	motion_outlier24	motion_outlier25	motion_outlier26	motion_outlier27	motion_outlier28
1093.3397302744663	n/a	1195391.7657966428	n/a	1533.7892069516029	n/a	n/a	2352509.3313612267	1046.1617636588542	n/a	1094454.4357418043	n/a	1087.398736919898	1054.0459448356023	n/a	n/a	n/a	n/a	-0.0259149838	-0.0245426774	-0.0901380093	-0.0018580879	0.0427479642	-0.0246459826	0.0008848801	0.0823677603	0.049070625	-0.1670640852	0.0900846318	-0.1679626686	0.1910101511	-0.0226712718	-0.016424404	0.1157634876	-0.1497153209	0.0562528181	-0.0219610521	0.0941046416	-0.0537639028	0.1293324368	-0.0484903535	0.1190448546	-0.0424915068	0.0017974767	-0.1106550575	0.1375039572	-0.0335198272	0.0008223791	-0.0226542813	0.0360343176	-0.0176985647	0.0807859921	-0.0500225949	0.0521996651	-0.0971170336	0.0626402018	-0.0155491191	0.0323638488	-0.0070328839	-0.035277426	0.020461911	-0.0765761729	0.0267144591	0.0226646227	-0.0537455294	-0.1096176501	0.0990981972	-0.0509871152	-0.0015611752	0.0184730303	0.0769376273	-0.0258005178	-0.0508417326	-6.71028e-05	0.1170524557	0.0103177663	-0.0245952971	-0.0025268998	-0.0246944605	0.0331153892	0.031578193	-0.0668949766	-0.0542018451	-0.0181074528	-0.0003547458	0.0429614722	0.0117268406	0.0324606986	-0.2000753313	-0.0572200589	0.0255285133	-0.0815439933	0.1605139849	-0.0484400586	0.0671134529	-0.0218510884	0.0053273301	-0.1426782192	0.0329396021	-0.0528111839	0.0415194826	-0.0231654249	0.1074158416	-0.034289911	0.042006916	-0.1296933147	0.1866579617	-0.0411879982	0.0534927964	-0.0725113489	0.1031909957	-0.0072925343	0.0472747469	-0.0029060189	0.0484628426	-0.022547775	0.0286414426	-0.0520915325	0.0285869578	0.0274828484	-0.051270756	0.0679674044	0.0462243627	-0.0638418557	0.0872394399	-0.0288071187	-0.1113067358	0.1387501706	0.0584598831	-0.028730768	-0.0228530704	-0.0765157646	0.0746407738	0.0374054863	0.058180046	-0.1356203841	-0.0047225408	-0.0361623444	0.0602796117	-0.0372183413	-0.0552725041	-0.0778809983	0.0907384032	0.001375837	0.024225479	-0.013082103	-0.0170434767	0.003320364	-0.0212723599	0.0270922549	-0.0525941115	0.079655374	-0.1311090021	0.0086011717	-0.0436565068	0.104142753	-0.135878171	0.1050382218	-0.1026206091	0.0512427855	-0.0242794172	0.0547082247	-0.0581032296	0.0271809059	-0.0495787564	0.0864786152	-0.001276105	-0.0381017699	0.0261011423	0.1111058879	0.1110902189	0.1110641056	0.1110275503	0.1109805565	-0.0274885594434692	n/a	n/a	0.0007556209002771	0.0080599289392893	n/a	n/a	6.496245450639314e-05	-0.0799010189161322	n/a	n/a	0.0063841728238361	-0.0009483840846838	n/a	8.994323720815292e-07	n/a	0.0003248404824034	n/a	n/a	1.0552133900807365e-07	-0.0007178460614144	n/a	n/a	5.153029678881665e-07	0.0	0.0	0.0	0.0	0.0	0.0	0.0	0.0	0.0	0.0	0.0	0.0	0.0	0.0	0.0	0.0	0.0	0.0	0.0	0.0	0.0	0.0	0.0	0.0	0.0	0.0	0.0	0.0	0.0
1094.876966324509	1.537236050042793	1198755.5713879603	2.3630946735511684	1535.5959805776151	1.8067736260122729	3.2644309356535364	2358055.0155661274	1046.2539777539062	0.092214095051986	1094647.3859658712	0.0085034393262567	1087.8374634658144	1051.5598489144352	1.212639	23.715332	0.0594906254348288	0.0313177490866074	-0.0088878034	-0.0547946797	0.0709421452	0.0536177292	0.0517529472	-0.078326562	-0.0313030746	0.146556045	0.0271052881	0.0115095916	-0.0736920231	-0.1036672347	0.1097260138	-0.0068840686	0.0311983556	0.0793859945	-0.1590328397	-0.038300254	0.0528260589	0.1657882715	-0.026138616	0.0305878997	-0.0857446029	0.0846634552	0.1458988921	0.065668005	-0.1337059944	0.1581843624	-0.1193493462	-0.0217428029	0.0392955252	-0.0340615884	-0.118014169	0.1348764905	0.1048571627	-0.0335286905	-0.0375848044	-0.1173886527	-0.0025963092	0.1326520214	-0.0292189619	-0.1239667442	-0.0665796285	0.0706407139	-0.0438673161	0.0596278852	-0.0685490111	0.0655428419	-0.0272422274	-0.0760995962	0.1571684776	-0.0950970357	-0.0716491854	0.1138255169	0.0502006276	-0.047979936	0.0196327512	0.0365321564	0.0092036364	0.0235202996	0.0658404035	0.0823987009	-0.1085668696	-0.0091628833	-0.1013542981	0.0360938731	-0.0253238472	0.0272063716	-0.0869438324	-0.2112994892	0.0539114839	-0.030678274	0.069029771	-0.0684676102	0.0240093108	-0.1313014089	0.0956499403	0.0632276497	0.0808704564	-0.1481922132	0.1446273137	0.0871523601	-0.0470861466	-0.1039005344	0.1064636075	0.0722700357	-0.0584500997	-0.1513648396	0.1704948349	0.0331213389	-0.0777579161	-0.0034593147	0.0228411132	0.077966449	0.1153809322	0.082473827	-0.0467067923	0.0422978783	-0.0818859156	-0.0213198102	-0.1117811358	-0.0032470511	-0.1465588316	0.12404803	0.0345692523	-0.0432500112	0.0295199769	0.1196595693	0.0627817485	0.0641762224	-0.0875776857	-0.0862607739	-0.0475672223	0.0677936092	-0.0852500166	0.0524019429	-0.0253857656	0.1213434003	0.0801336475	-0.0416994079	-0.0333653098	0.1449271187	0.0274990799	0.0810806599	0.1259575091	-0.0366319395	-0.0767023291	0.0026767814	-0.0300421577	-0.0156670387	0.0348667637	-0.0231397586	0.0355977896	-0.0795336724	-0.1167404796	0.0037442493	-0.0733232624	0.2049989588	-0.0418189799	-0.0179458623	-0.0454795594	0.1168040567	0.1580443641	0.1040657208	-0.0062482025	-0.0355482861	0.0076348148	0.0755686591	-0.0745515753	-0.1249510893	0.1042718522	0.1110641056	0.1109231287	0.1106882998	0.1103598175	0.1099379598	-0.0325786344649685	-0.0050900750214993	2.590886372449112e-05	0.001061367423602	0.0179783137710245	0.0099183848317352	9.83743576703949e-05	0.0003232197660494	-0.0798752027414479	2.581617468430664e-05	6.664748753306347e-10	0.0063800480129874	-0.0013847693522957	-0.0004363852676119	1.917586159057453e-06	1.9043210178870966e-07	0.0004392314817469	0.0001143909993435	1.308530073080462e-08	1.9292429455757733e-07	-0.0010561967825972	-0.0003383507211828	1.1448121052492093e-07	1.1155516435686772e-06	0.0	0.0	0.0	0.0	0.0	0.0	0.0	0.0	0.0	0.0	0.0	0.0	0.0	0.0	0.0	0.0	0.0	0.0	0.0	0.0	0.0	0.0	0.0	0.0	0.0	0.0	0.0	0.0	0.0
1094.8796942538045	0.0027279292953608	1198761.5448893043	7.441598240487721e-06	1557.8780396963507	22.28205911873556	496.4901585708265	2426983.9865681445	1045.3368275585938	-0.917150195312388	1092729.0830502652	0.8411644807615514	1087.6097093655171	1067.0763641923754	1.2393	24.23674	0.0671319711633215	0.0305820714258803	-0.0045829197	0.1096630614	-0.0151807282	0.094965829	-0.0483810919	0.0580550529	0.026745793	0.035591001	-0.1490799613	-0.1212008249	-0.0459625934	-0.0025423914	-0.0473624699	-0.0298290584	0.0693895002	0.075869087	0.0538777644	0.0811019491	0.144480733	0.0229874162	-0.0145988682	0.0563473831	-0.0593628584	0.0441770386	-0.0279847816	0.0515165148	-0.0776615753	-0.0187877895	0.086928023	0.1440706825	0.0256944064	-0.0121101059	-0.0749286959	0.0888554063	0.0148550506	0.019814835	-0.0272778492	0.0599217294	-0.0412749105	-0.0872429955	0.0697258675	-0.0341137539	-0.1752664323	0.0906489881	0.0621350353	0.106484919	-0.002738323	-0.0005780383	0.0609044445	0.1076097212	-0.0926331817	0.0076922757	-0.0937002845	-0.0004966043	-0.0124853863	0.0567713578	-0.1529379355	0.0214208908	-0.0264635905	-0.1121233759	0.0180795068	-0.091801319	0.0671864621	-0.1006499997	0.0530174603	-0.0052949035	-0.0360098719	0.1027436291	0.0179054919	-0.0025098009	0.0324555335	-0.0307355986	0.0022547545	0.0113374142	0.0830759206	0.1135956789	0.0071866776	0.1101384503	0.1290319659	-0.0673304219	0.0665106596	0.0100078027	-0.0615762011	0.0167484281	0.0302288028	-0.0742726688	0.0398159762	0.0083535642	0.0584722728	0.0465820283	0.1744456559	0.0475856208	-0.0415580736	0.0819837484	0.0018555849	-0.0464645537	-0.0177311365	0.041690352	0.091371636	0.0186786762	0.0878819337	0.0091443642	-0.117192502	0.0520359572	0.1074810894	-0.0689499766	-0.0552167923	0.0851579573	-0.0606283336	-0.1530189434	0.0495477883	-0.0170487854	0.120303587	-0.0060519031	-0.0161357324	-0.0687416289	-0.089562025	-0.0499166779	-0.0447891929	-0.0429948629	0.1111640982	0.0496154126	-0.0726793048	0.0256736527	-0.1251265755	-0.0813571556	-0.0723432685	0.008409357	-0.0454956286	-0.0525294528	-0.112856777	-0.0378605892	0.0032886435	-0.0853799327	-0.074806857	-0.0294205155	-0.0404787491	0.1786760298	0.003264085	-0.103412016	-0.0076810206	0.0502385155	0.0585072869	0.0185793134	0.0440557634	-0.0906470375	0.0398615517	0.1215900272	-0.0518488919	-0.0670734588	0.044001876	0.1109805565	0.1105891995	0.1099379598	0.1090283678	0.1078625611	-0.0162780303962222	0.0163006040687463	0.000265709693006	0.0002649742735803	0.0105791227094584	-0.0073991910615661	5.474802836555968e-05	0.0001119178373017	-0.091306146962367	-0.0114309442209191	0.0001306664857817	0.0083368124731133	-0.0016408173403418	-0.000256047988046	2.6922815443663384e-06	6.556057218245575e-08	0.0005006014775175	6.136999577059996e-05	3.7662763808834566e-09	2.50601839292704e-07	-0.0007335901301721	0.0003226066524251	1.0407505218892932e-07	5.381544790859186e-07	0.0	0.0	0.0	0.0	0.0	0.0	0.0	0.0	0.0	0.0	0.0	0.0	0.0	0.0	0.0	0.0	0.0	0.0	0.0	0.0	0.0	0.0	0.0	0.0	0.0	0.0	0.0	0.0	0.0
1094.4912425369346	-0.3884517168698949	1197911.0799900428	0.1508947363391689	1543.8857004142903	-13.992339282060357	195.78555858428933	2383583.055943724	1047.8150344270834	2.4782068684896785	1097916.34637143	6.141509283029419	1089.8371183536078	1066.131298697575	1.449949	28.356359	0.1280451330638719	0.064342676209335	0.03960467	-0.1149710465	-0.0543520122	0.038934921	0.0136881532	-0.0030341742	-0.0144903706	0.0676818623	0.1070930182	0.040558954	0.0907262184	-0.0001394828	-0.0975513802	-0.0240726789	-0.1053453228	0.12513861	-0.0686908586	0.0494003426	0.1983462137	-0.0855544967	0.0108011392	0.0112850749	-0.0865522259	-0.0063726906	0.0566396267	0.0367742343	0.0555379015	0.0660705484	-0.0863637702	0.1172008131	0.0322381868	-0.0764793073	-0.0165797925	-0.1038896451	-0.0313219438	0.1437121723	-0.0679476859	0.1027877575	0.1528839059	0.0227295561	0.0586750846	-0.0125828528	-0.0254633707	0.0941730671	0.1003491591	-0.0639664112	-0.0314183314	-0.0158888844	-0.141721151	0.1502469952	-0.0059943476	-0.0521277444	0.161468861	-0.1020729791	-0.0332298934	-0.0143152556	-0.0338459956	-0.1888084334	-0.0749122417	0.0343107224	0.0318292308	0.145499023	0.0067077323	0.0189392078	0.1925912113	-0.0885312533	0.0088238738	0.0695746122	0.1069670481	0.0588650757	0.0164805774	-0.0199259047	-0.0212094793	-0.1329648597	0.0658326037	-0.0311757255	-0.0570782641	0.0038847279	0.1624582442	-0.0210717634	-0.035669555	-0.0013340539	0.0550352802	0.1000965377	0.046240397	0.2070801831	0.003268696	-0.0651705769	0.0346262566	0.0859461533	0.0548330211	-0.0572206545	0.0166520733	0.0983919266	-0.045130886	0.0355843633	-0.0832168927	-0.0250367905	0.207660916	0.1420304392	0.0194052218	0.0563090384	-0.0308916638	-0.0844666442	-0.0400921272	-0.0187538956	0.1199333055	-0.0822746313	-0.0082266335	-0.1383078721	-0.1002811204	0.1657258872	0.0346234669	-0.0384706581	0.0626262733	-0.1633951376	0.2047296264	-0.0818906315	-0.0394618446	-0.0801642045	-0.0866766661	-0.0870736403	0.0199823052	0.0116690377	-0.0045358743	0.0653503969	-0.1537812639	0.0186790826	-0.0109554504	-0.0515380351	0.0262035967	0.0631687683	-0.0797540416	-0.085969	-0.147587863	-0.0106848998	0.0834400486	0.1024115336	0.0137967054	-0.0106704326	0.0576076104	-0.0438588368	-0.1007023191	-0.0089259758	-0.0188694764	0.0782775185	0.0139005108	0.1798669392	-0.0590105367	-0.0386124195	-0.0969041587	0.1108552722	0.1100889337	0.1088156246	0.1070412087	0.1047738574	-0.0231685242729753	-0.0068904938767531	4.747890586557199e-05	0.0005367805169874	-0.032670029799064	-0.0432491525085224	0.0018704891927054	0.0010673308470717	-0.0987587140625834	-0.0074525671002163	5.554075638322785e-05	0.0097532836032951	-0.0010870495416517	0.0005537677986901	1.181676706005171e-06	3.0665877486607924e-07	-0.0001791962221318	-0.0006797976996493	4.6212491244847995e-07	3.2111286026309406e-08	-0.0005580972369439	0.0001754928932282	3.0797755573604426e-08	3.114725258844156e-07	0.0	0.0	0.0	0.0	0.0	0.0	0.0	0.0	0.0	0.0	0.0	0.0	0.0	0.0	0.0	0.0	0.0	0.0	0.0	0.0	0.0	0.0	0.0	0.0	0.0	0.0	0.0	0.0	0.0
1096.617321699678	2.1260791627435083	1202569.5502517752	4.520212606252137	1539.6921013697245	-4.193599044565872	17.586272946583794	2370651.7670203177	1047.2378887565103	-0.5771456705731453	1096707.1956471931	0.3330971250613255	1089.214938602394	1061.1020900867547	1.595499	31.202858	0.077715474630893	0.035925815550702	0.0086989566	0.0156186746	0.159636307	0.0508233839	0.0393136356	-0.0591827534	-0.0769391138	0.0044310099	-0.0306217846	0.1156351399	0.0230614413	0.0120577374	-0.0764278127	0.0049886955	-0.0471094552	0.1370848008	-0.0125175341	0.0019339626	0.0005548381	0.0989021898	0.0559712514	-0.0265990209	-0.0641949659	0.0030777561	0.0065012503	0.1526616358	0.1119928279	0.0594784418	0.0764577416	0.0583494285	0.0229675097	0.0403310357	0.0494354058	0.051265939	0.0264338932	-0.0346891686	0.0993683902	0.0325863568	-0.0243123036	0.0883769793	-0.0463594703	-0.134704352	0.1036751971	0.0071728294	0.0393784264	0.0428557583	0.2063060826	0.0849901426	0.0049537701	0.0668804826	-0.0220195479	-0.0243779062	-0.0701948184	0.1450204527	0.0063277828	0.0349718839	-0.0352946857	-0.0540622681	-0.1352479007	-0.0707768586	-0.1219232641	0.0691475387	-0.0451238702	0.0022776986	-0.0567271531	-0.0052655218	0.0051703319	-0.1774320064	0.1104853788	-0.1703585914	0.0281431253	-0.002905995	0.0789941576	-0.1045891913	-0.0416249583	0.0224792888	0.1099876087	0.0326964607	0.0197214296	-0.0079539744	0.0754154418	-0.0024013973	-0.0160115073	0.1132488114	0.1354672659	0.0511987762	0.0268284281	0.0401824429	0.0842285716	-0.0004035275	-0.0164905195	-0.0736062591	-0.1598444303	-0.0049672584	0.0384742755	0.0246397315	0.0139802487	0.1054879662	-0.1485668643	0.0031530998	-0.0481592379	-0.0116637712	0.0591901704	-0.0854715604	0.0646724684	0.1038656326	-0.053707522	-0.0009097641	-0.0020238766	-0.1301235449	0.0144992558	0.1151270964	-0.0428270045	0.1678796163	-0.0463263987	-0.0540026442	-0.0720953898	-0.0585086051	-0.0607999768	-0.0422145766	-0.0709133729	-0.0054612685	0.079672409	0.1682871509	0.0964635491	-0.1304873416	0.121476792	0.0139075343	-0.0327865	-0.0881820943	0.0375682761	-0.0247713092	0.1372954728	0.0643088901	-0.1363134521	0.1020690039	0.0510860045	0.0854817484	-0.0099813748	0.0361934652	0.0355350567	-0.0373072329	-0.0586151035	0.1023209059	-0.0522759853	0.0955246489	-0.1368600556	-0.0356203632	-0.0231879781	-0.0137977928	0.0458790615	0.1106882998	0.1094230837	0.1073250918	0.1044102912	0.1007008652	-0.0385484884835847	-0.0153799642106093	0.0002365432991196	0.001485985964369	-0.0516891900467157	-0.0190191602476516	0.0003617284565258	0.0026717723676854	-0.1153355001864753	-0.0165767861238919	0.0002747898381972	0.0133022776032644	-0.0010889356189104	-1.8860772587000769e-06	1.185780782131776e-06	3.557287425785597e-12	0.0001749008863154	0.0003540971084472	1.2538476221066812e-07	3.0590320033912474e-08	-0.0007369053322128	-0.0001788080952689	3.1972334933692025e-08	5.43029468643657e-07	1.0	0.0	0.0	0.0	0.0	0.0	0.0	0.0	0.0	0.0	0.0	0.0	0.0	0.0	0.0	0.0	0.0	0.0	0.0	0.0	0.0	0.0	0.0	0.0	0.0	0.0	0.0	0.0	0.0
1097.9717835342612	1.3544618345831625	1205542.0374374066	1.8345668613423856	1559.7397305230263	20.04762915330184	401.9074346683179	2432788.026972043	1048.036534876302	0.7986461197917833	1098380.5784355265	0.6378356246584715	1090.8387190219512	1077.6756970856372	1.423883	27.846586	0.1114697727778928	0.0570395091897125	0.0047782033	0.093089206	-0.0589541701	0.1325477443	-0.0951164389	0.067095296	0.0366534436	-0.0012708168	-0.1304877116	-0.0424881371	0.0201600934	0.0191271716	-0.0211664203	0.0178175475	-0.0938574803	0.0983058246	-0.0130592819	0.0531679194	-0.0068834605	-0.004644426	-0.0175767022	0.0193165677	-0.0721672771	-0.0856402955	0.1513435324	-0.1248465329	0.0656217516	-0.0395582856	-0.0596503243	0.0433563155	-0.1781072127	0.074001032	-0.0895402955	-0.0057999707	-0.0863811843	-0.026581077	-0.1045111222	-0.0309851415	-0.0392110418	0.0382972379	-0.1015492863	0.2477558161	0.0100143334	-0.0898037403	-0.0180464587	0.0149159927	0.0115840569	0.0665126558	-0.0018622273	-0.1219733996	0.015270877	0.1555758512	0.0828378487	-0.0142680556	0.0878042177	0.0477160151	0.0344140023	0.0854768115	-0.0239768445	-0.0183768121	0.0179858645	-0.0523096912	-0.0030756195	0.1112317475	0.0547986785	0.1095901712	0.1421409727	-0.0800989486	0.0004722635	0.0241336845	0.1675430067	0.0279337642	-0.010028765	-0.0980856248	0.0295260601	0.0929579732	0.0618930526	-0.0442789133	0.0094746569	0.0322585569	-0.0117910498	-0.0608273867	0.0293910538	-0.1101330972	0.0067123719	0.1537970702	-0.003794246	0.1064333217	0.0643721411	-0.0426877998	0.0441267911	0.2183451393	0.1403496224	-0.0667500858	-0.0705845907	-0.0226834718	0.0882274666	-0.1061159235	0.1321226586	-0.0382778474	-0.159355933	0.0463701617	0.131580132	-0.0278587269	0.0655873765	0.0534053569	-0.0200488327	0.0090381588	0.1173857075	0.1160864164	0.1066351947	-0.0176128568	-0.0016207156	0.0692636382	0.0238025285	0.0415095577	-0.0271062249	0.0501845259	0.0543671283	0.1175486958	-0.0619391688	-0.0167758797	0.0439196148	0.0917985917	-0.1094646587	0.0422228081	0.1486808994	0.0177432023	-0.0103765473	-0.1324313596	-0.0551682551	-0.0479370517	-0.0314167449	0.1094645352	-0.0793208891	-0.0756377845	-0.0671446822	0.0919414217	0.1150962605	-0.0885491386	-0.0738477379	0.0317028824	-0.0457800817	0.1063896152	-0.1305267573	0.0708993505	-0.1764063978	0.086820689	-0.015749536	0.0839395259	0.0633189823	0.110479702	0.1085926509	0.1054714048	0.1011514379	0.095681848	-0.0595314140597622	-0.0209829255761775	0.0004402831657354	0.0035439892599548	-0.0399263243556617	0.0117628656910539	0.0001383650092657	0.0015941113765535	-0.1229182421820667	-0.0075827419955914	5.749797617170552e-05	0.0151088942611292	-0.000740018386652	0.0003489172322584	5.47627212583029e-07	1.2174323496686228e-07	-2.1902803911899585e-05	-0.0001968036902272	3.8731692487082895e-08	4.797328192031238e-10	-0.0016140092000285	-0.0008771038678157	7.693111949372612e-07	2.6050256977766386e-06	0.0	0.0	0.0	0.0	0.0	0.0	0.0	0.0	0.0	0.0	0.0	0.0	0.0	0.0	0.0	0.0	0.0	0.0	0.0	0.0	0.0	0.0	0.0	0.0	0.0	0.0	0.0	0.0	0.0
1095.5700382144537	-2.40174531980756	1200273.7086332196	5.768380581217519	1559.330886086979	-0.4088444360472749	0.1671537728868143	2431512.812304803	1046.1252396289062	-1.911295247395856	1094378.0169886365	3.6530495227179856	1088.930359003546	1065.3673737946428	1.31338	25.685499	0.212901797160947	0.0985949837933127	0.0067316228	-0.0765154077	-0.0060783422	0.074936206	-0.0044691677	0.0957088886	0.0918965905	-0.0004927519	0.1052466656	0.0860688834	0.0862470212	0.2164999973	-0.0308089617	0.025524459	0.002909988	-0.0113462807	-0.110107755	0.0049332687	-0.0964295483	-0.0409978394	-0.0588112863	-0.1039091744	-0.0008706287	0.1925593018	0.0911700977	-0.0747385644	-0.0687904007	-0.1034532054	0.1414550195	0.0366989381	0.0394601112	-0.0797576081	-0.1274390199	-0.0782490836	0.1010655003	0.0217499497	-0.0666778074	0.0654681617	-0.0067989717	0.0167997801	0.0069746926	-0.0039630499	0.0217549867	-0.0408377484	-0.044068966	-0.1170647847	-0.0447281129	-0.1034892362	0.0071272555	-0.1111137868	-0.1109405117	-0.1211631749	-0.0249343578	0.0267361315	-0.0855976723	-0.0995426807	0.0719221295	0.0126848556	-0.0685843655	-0.0331123466	-0.0649237155	-0.0291421581	0.0191565099	-0.0213691166	0.0212768712	0.0135656568	-0.005922337	-0.0012285072	0.0024315248	0.0944977963	0.1640414982	0.0083813122	-0.1276494329	0.0216605947	0.1169050335	-0.1253410589	0.0492142915	0.085436899	0.0033657293	-0.0018102854	-0.0702789843	0.1251166365	-0.0212562488	-0.1369047008	0.0755513251	0.0045409543	-0.0549746815	0.1131100131	-0.0408128185	-0.0973454994	0.1054133375	-0.117696302	-0.0366514999	0.1668966565	-0.0732973061	0.0654812593	-0.006803275	-0.1242002542	-0.0079915602	-0.019367576	0.0457853011	0.0080264115	0.0491716761	-0.0554431801	-0.1180915043	-0.0221752056	-0.1094582667	0.0061650686	-0.0940486301	0.1363765022	-0.0940913465	-0.0848515659	0.1161980173	-0.0060624487	-0.0257384696	0.0672197667	-0.0075945051	-0.0721142289	-0.0673476639	0.0549775568	0.0419058249	-0.0672131721	-0.0875683185	0.0239410449	-0.0148530076	0.0816256465	0.0915480595	-0.0102581042	0.0264625208	-0.0516264695	0.0629546138	0.0637510643	-0.0464163547	-0.1296327334	-0.0206392348	-0.1010988943	0.0114856399	0.064130249	-0.0083111655	0.0178003945	-0.0024554413	-0.138445062	-0.0495642068	-0.1464203078	-0.0132149345	0.0647617806	-0.1819956047	0.0435342508	-0.0179108791	0.080512147	-0.0649775593	0.1102295573	0.1075988845	0.103260836	0.0972842479	0.0897639565	-0.0152999326834049	0.0442314813763572	0.001956423944747	0.0002340879401167	-0.016749642606058	0.0231766817496037	0.0005371585769224	0.0002805505274306	-0.0634283992729507	0.059489842909116	0.0035390414093513	0.0040231618343288	-0.0006419442662136	9.80741204384e-05	4.120924409245173e-07	9.618533099765789e-09	-0.0009572031348146	-0.0009353003309027	8.74786708986701e-07	9.162378412988972e-07	-0.0009273078288522	0.0006867013711763	4.715587731754106e-07	8.598998094505811e-07	0.0	0.0	0.0	0.0	0.0	0.0	0.0	0.0	0.0	0.0	0.0	0.0	0.0	0.0	0.0	0.0	0.0	0.0	0.0	0.0	0.0	0.0	0.0	0.0	0.0	0.0	0.0	0.0	0.0
1094.5755374452162	-0.9945007692374476	1198095.607173484	0.9890317800138748	1538.8583504386006	-20.472535648378425	419.1247158741255	2368085.022714611	1046.0636928059896	-0.0615468229166253	1094249.2494069035	0.0037880114111304	1088.4228165427955	1053.158864309558	1.290164	25.231485	0.0801238213702923	0.0443463229426096	0.0122703816	0.0793250068	0.0776824754	0.0394971058	0.085098004	-0.0528211781	-0.0978184456	0.0016074357	-0.1248787679	0.1374537593	0.1474486586	-0.0113463918	0.035077851	0.0179615321	0.0617977701	0.0033257228	-0.0197597439	0.0774453428	-0.0768386773	-0.0585815022	0.0423168867	0.0343759026	-0.0225835932	-0.0634042661	0.058014848	-0.0101615455	0.0800309407	0.0093199785	0.0788541565	-0.086120292	-0.0535911164	0.0314044919	-0.0717431649	0.0788733202	0.0472691999	-0.0137969136	-0.0087877363	0.097797409	0.0219752565	-0.1846334216	-0.059838182	-0.0955130145	-0.0409171375	0.051811533	0.0337095335	-0.0922406463	-0.0179281779	-0.0181486368	0.0431352184	-0.0111102828	-0.0417030942	0.0463396084	0.0735141712	-7.1801e-05	0.0187641993	-0.0443842108	0.1112854727	-0.0006157282	0.0264574912	0.088023564	0.1147723775	0.0181051627	0.0143347008	0.0080517902	0.0327609071	0.1617551738	-0.0014564014	0.0261125568	-0.039314782	0.0025468187	-0.0414499591	0.0294579334	0.0731133177	0.0301536408	-0.0535661501	0.0051157276	0.1314856769	0.0383167864	0.0620883289	0.1031567479	-0.0435683973	-0.129991397	-0.0514534588	-0.0308576414	0.0029119571	0.0155746569	0.0380962662	0.0574238395	0.0195677452	-0.1213174421	-0.1185459091	0.0038897694	-0.0285502453	0.0792448775	-0.0367553951	0.0208683544	0.0508587962	0.0821573034	0.0140626677	-0.0178173909	0.0825053744	-0.0015832111	0.0460922222	-0.0108971433	-0.0376891687	-0.1675624312	-0.0643256259	-0.0157200069	-0.054952656	0.010478844	-0.0233744753	-0.0232984822	-0.0519999614	-0.0765763151	0.0884692943	0.0722844042	0.0860516209	0.0432095112	0.1241598478	0.0226650682	-0.0821317025	0.0242556036	-0.056424216	0.0207380029	-0.1008586716	0.0201443404	-0.0814971083	0.0113925631	0.0335444732	-0.0969211689	-0.0498905094	0.0085100741	0.0758655892	-0.047227101	-0.0466922889	9.85458e-05	0.0642397676	0.0459741271	-0.0588197176	0.082517808	-0.0209883567	-0.1330719735	-0.1299310421	-0.1466969401	-0.0025829725	0.0340923097	-0.1238148814	-0.0537387409	0.000963711	-0.0353288868	-0.0433875636	0.1099379598	0.1064432791	0.1007008652	0.092831979	0.0830027857	-0.0193153850329963	-0.0040154523495914	1.6123857571839097e-05	0.0003730840989728	-0.0088755557173243	0.0078740868887337	6.200124433132799e-05	7.877548929132805e-05	-0.103200410141568	-0.0397720108686173	0.0015818128485334	0.0106503246533878	-0.0009037978184853	-0.0002618535522717	8.168504966987872e-07	6.856728283730792e-08	-0.0009572204615408	-1.7326726199965413e-08	3.002154408085679e-16	9.16271011992382e-07	-0.0006199332825831	0.0003073745462691	9.447911169413515e-08	3.843172748542577e-07	0.0	0.0	0.0	0.0	0.0	0.0	0.0	0.0	0.0	0.0	0.0	0.0	0.0	0.0	0.0	0.0	0.0	0.0	0.0	0.0	0.0	0.0	0.0	0.0	0.0	0.0	0.0	0.0	0.0
1094.4250307314085	-0.150506713807772	1197766.1478914444	0.0226522709012145	1545.5730801376003	6.71472969899969	45.08759493062847	2388796.146046029	1044.890147011719	-1.1735457942706944	1091795.4193221717	1.377209731250435	1087.416534831299	1077.520797159371	1.471479	28.777426	0.0875811696197811	0.047245552004266	0.0082391305	-0.0329394529	-0.109424348	0.0291957334	-0.094818538	0.0088193214	0.0006425851	-0.0772258873	0.0288856214	-0.0730704589	0.1151269153	-0.0449448992	-0.0249745807	0.0050682987	0.0625218353	-0.051852452	-0.0051549336	0.0316922013	0.0661248458	0.0640758936	-0.030982398	0.0230778022	0.1241389024	0.0278400124	0.0099708331	-0.0833700638	0.0110489211	-0.1335472803	0.0947602994	-0.1288790344	-0.0391692302	0.0426332117	0.0434271677	0.0003345652	-0.130514686	0.1290023296	0.1568628231	0.0079633163	0.0274039055	-0.112167163	-0.0772751502	-0.0199504768	-0.1408994657	0.1050209176	-0.0170666223	-0.0064603318	-0.0519000793	0.0772714994	-0.0967715566	0.050881742	0.0228764355	0.0207920173	-0.0392699997	0.0478137271	-0.0413019933	0.0236327753	-0.0037349744	-0.0926322785	-0.0048233329	0.1590185326	0.0971615365	0.0139946253	-0.229156192	0.1662332346	-0.0844897057	-0.0838429915	-0.0061483122	-0.1050292384	-0.0310445518	0.005838951	-0.1485765991	-0.0074972039	0.0200017221	0.0661122127	0.0858502601	0.0287132217	-0.0625106219	-0.095213203	-0.0025974771	0.0029340152	0.0619476928	-0.0130026258	-0.0596209039	-0.0462578013	-0.0687260781	-0.0799912262	0.0408466928	0.07946157	-0.1481970321	-0.0828475109	-0.0194458224	-0.0957679612	0.0556221676	-0.0371686474	-0.0144160984	-0.0516052792	-0.0917345988	0.2365661794	0.0824798072	0.0110357417	-0.0251608201	0.0520466137	0.0552053136	-0.0782661791	-0.0350051316	-0.0778423841	-0.0623214102	0.0491502067	0.1319595052	-0.0498369174	-0.0168391612	-0.0477175652	0.0651731057	0.0177126813	0.0801603606	-0.0554398366	0.1052175806	0.1269042729	0.0272495037	-0.0082054422	-0.2382645749	0.0147502847	0.2084956472	-0.0509761486	0.0824694152	-0.1083025253	-0.0513858236	-0.0038472667	0.013853725	-0.0338008426	-0.0611542204	0.0986942281	-0.0636370633	0.0807767408	-0.0591653431	-0.0029891986	-0.0045802023	-0.0745398848	-0.0198984582	0.1119036788	-0.0102705357	-0.1733723313	0.059959816	-0.0096075208	-0.0097209454	0.0122177101	-0.0776826675	-0.0994692203	0.0755567534	-0.0520796803	-0.0561289017	0.1096050192	0.105127573	0.0978001546	0.0878214077	0.0754618528	-0.0162752712390101	0.0030401137939862	9.24229188038517e-06	0.0002648844539033	-0.0440159999788534	-0.0351404442615291	0.0012348508228976	0.0019374082541384	-0.0811247174017921	0.0220756927397759	0.0004873362099409	0.0065812197735206	-0.0009231384012056	-1.9340582720300037e-05	8.521845077804313e-07	3.740581399607682e-10	-0.0005192556520285	0.0004379648095122	1.918131743711452e-07	2.696264321635427e-07	-0.0005307402983259	8.919298425719992e-05	7.955388440705113e-09	2.8168526426706536e-07	0.0	0.0	0.0	0.0	0.0	0.0	0.0	0.0	0.0	0.0	0.0	0.0	0.0	0.0	0.0	0.0	0.0	0.0	0.0	0.0	0.0	0.0	0.0	0.0	0.0	0.0	0.0	0.0	0.0
1093.6109188673122	-0.8141118640962759	1195984.8418658068	0.6627781272623132	1551.856928238877	6.28384810127659	39.48674695991741	2408259.9257230028	1045.551988606771	0.6618415950520102	1093178.9608795731	0.4380342969409891	1088.479858261664	1068.92366191292	1.350487	26.411211	0.0963618536451158	0.0535443959447564	0.0145701008	-0.0853960265	0.0656005236	-0.0094967877	-0.0818662346	0.0705287187	0.0597529625	0.0276666042	0.0450843036	0.0979926175	-0.0184682181	0.068837688	0.0271607047	-0.0015129333	-0.0077503189	-0.1404474628	0.0105461086	0.0123557022	0.0583193725	0.0346725217	0.0640025439	0.0188116419	0.114063777	0.0208963085	-0.0731144277	0.006745786	0.1398631547	0.012085441	0.1223201787	0.0206702509	-0.0611414514	-0.0035024028	0.0206349415	0.0122099141	0.0696444253	0.047743027	-0.0349234425	-0.071055248	0.0348430772	0.0433795118	-0.055706752	-0.0170253892	0.0706694636	0.0339846895	0.0234071391	-0.1122055051	0.0174550197	-0.0961723306	0.0082605683	-0.0965012126	0.1224911952	0.0622478525	-0.0014830091	-0.0188519556	0.019300394	0.2758549767	0.0192559484	-0.0229117898	0.1091528717	-0.0394593046	0.1214818682	-0.0476532657	-0.0553835026	0.0568173342	-0.0380006544	-0.1888364446	0.0086545213	-0.0879923855	0.0324205806	0.0665624154	-0.0542263694	0.0058191403	-0.0937093116	0.0427049341	-0.0330248749	-0.0558179741	-0.0063070837	0.0007889013	0.041397604	0.0158898206	0.0621484468	0.081324768	-0.0707528583	0.1112844063	-0.0640575308	-0.0022176727	0.1369403551	0.0730517234	-0.1057999664	-0.0845778877	0.0366247344	-0.0598350803	0.0754772567	-0.0138589968	0.018128652	-0.0019071295	0.0042416555	-0.0023091727	-0.0867240322	0.056864564	-0.0766099849	-0.0410788705	0.01102027	0.1048229886	-0.0125079039	-0.124932676	0.0735479676	-0.1721777094	0.0780761414	0.0654160283	0.0127793034	0.0437479041	-0.089686012	-0.063248311	0.0355413	-0.0369279118	-0.1183812151	-0.0281981863	0.0935040997	-0.0258160934	-0.0637717469	-0.0752661163	0.1394479645	-0.08993257	-0.0680515516	-0.0709291883	0.1128359122	-0.0106469644	-0.0143750729	0.0200094177	0.0864269837	0.0744136836	0.0600171444	-0.0866975897	0.068566193	-0.0084785138	0.0385186616	-0.0304569551	0.1078920992	-0.0821707581	-0.1199661431	-0.060178645	-0.0530095867	-0.0332479221	0.0072599647	0.0273826613	-0.0939313865	-0.1698254485	0.0637945182	-0.1506937864	-0.0299049697	0.1092308605	0.103653745	0.0945685192	0.0822826681	0.0672120005	-0.0220394193588759	-0.0057641481198657	3.322540354775241e-05	0.0004857360056763	-0.0820607258632719	-0.0380447258844185	0.0014474011676205	0.006733962729207	-0.0462004367291655	0.0349242806726265	0.0012197053805003	0.0021344803539656	-0.0010147143367576	-9.1575935552e-05	1.029645185221416e-06	8.386151972224061e-09	-0.0006481644165936	-0.000128908764565	1.6617469581700383e-08	4.201171109381218e-07	-0.0006628295775729	-0.0001320892792469	1.7447577691991927e-08	4.39343048905469e-07	0.0	0.0	0.0	0.0	0.0	0.0	0.0	0.0	0.0	0.0	0.0	0.0	0.0	0.0	0.0	0.0	0.0	0.0	0.0	0.0	0.0	0.0	0.0	0.0	0.0	0.0	0.0	0.0	0.0
1091.8803102231263	-1.7306086441858497	1192202.6118529506	2.995006279330785	1549.301653626424	-2.5552746124528767	6.529428345046199	2400335.613929572	1044.7381986067708	-0.8137900000001537	1091477.9036281204	0.6622541641002501	1087.647715091082	1047.8429238050437	1.53367	29.993668	0.1834384773387294	0.1055551682796205	-0.0024469577	0.1264159213	0.040957885	-0.0084317312	0.0735835781	0.0287041154	-0.0484643798	-0.0649139899	-0.1246043346	0.0147201838	0.0318407085	0.0172837157	0.0329046996	0.0133655652	0.0145817663	-0.0115542625	0.1122277498	0.1357151246	-0.1397033271	-0.0142491533	0.072749316	-0.0685156853	-0.1376995385	-0.0383729272	0.0596563309	-0.0097337607	-0.0763665736	0.1454247846	-0.033333241	-0.0422292309	0.0106178794	0.0917091234	0.0388020398	-0.1016089604	0.0056277289	-0.1408214369	0.0025251739	-0.0302138536	0.0291879141	-0.0199815966	0.1156102752	-0.0099919194	0.0370323394	0.0907837844	-0.0757221363	-0.055363736	-0.0232924069	0.0229765893	-0.0212630624	-0.1620575028	0.0640218596	0.0985962618	0.1086737368	-0.0803473747	-0.0265257809	-0.0596559813	-0.1117485028	0.0472583058	-0.0109184177	0.015395098	-0.0349302757	-0.0402596993	0.0364675692	-0.000941281	-0.0600911728	-0.0543611131	-0.072112687	0.0571295123	0.1396572619	0.0265006864	-0.1899056181	0.0408550855	-0.0093749861	0.0506876768	-0.0414608523	0.1006180237	0.114312677	0.0828653195	-0.0434930668	0.1633473168	0.0026206257	-0.0841844819	0.0992838971	-0.0983911144	0.0317212079	-0.0168045116	-0.0059483429	-0.124742619	0.0853507726	0.0204072598	-0.0878660928	-0.005360362	-0.0255199553	-0.0989826868	-0.0569429243	0.0630530574	0.0456216314	-0.0436706748	-0.0139259563	0.1493273185	0.0297177312	-0.0547621725	-0.0742178084	-0.0610632335	-0.10809629	0.014582304	0.0331334114	-0.04176921	0.119750705	0.118813788	0.0726243021	-0.0158451058	0.0042982937	0.0076328801	-0.0181244235	-0.0620789197	0.0475085584	0.1386536219	-0.0328967223	-0.0145671162	0.1851783213	0.0041521188	0.0272205118	-0.0071403011	-0.0243791411	0.0108112364	-0.0062473972	0.0058466955	0.0004870089	-0.0039077894	-0.1017401801	-0.063269936	0.0462181309	-0.0528642798	-0.009267625	0.0831159914	-0.096927892	-0.0195531523	-0.0491065068	-0.0529140122	-0.0598329416	-0.0370609885	-0.1120054283	-0.147463203	0.0121225199	-0.1161136595	0.0400895267	-0.0858038749	0.0102787873	-0.0172920114	-0.0700270613	0.1088156246	0.1020240119	0.0910168938	0.0762490709	0.0583307311	-0.0321349775591244	-0.0100955582002485	0.0001019202953746	0.0010326567827254	0.0113047453988741	0.093365471262146	0.0087171112240026	0.0001277972685333	-0.0819682545453304	-0.0357678178161648	0.0012793367913303	0.006718794753208	-0.0013540349830605	-0.0003393206463029	1.8334107353516489e-06	1.1513850100741778e-07	-0.0001040518780293	0.0005441125385643	2.9605845462288693e-07	1.0826793321424322e-08	-0.0006620701612367	7.594163361999149e-07	5.767131716873021e-13	4.3833689839999e-07	0.0	1.0	0.0	0.0	0.0	0.0	0.0	0.0	0.0	0.0	0.0	0.0	0.0	0.0	0.0	0.0	0.0	0.0	0.0	0.0	0.0	0.0	0.0	0.0	0.0	0.0	0.0	0.0	0.0
1091.8084589925368	-0.0718512305895728	1192045.711127658	0.0051625993372359	1547.0194797548363	-2.282173871587702	5.2083175801576	2393269.2707409244	1044.386916295573	-0.3512823111977923	1090744.030929376	0.1233992621604626	1086.4744012955523	1054.8597787991537	1.468048	28.710321	0.1823373361320371	0.107627256490286	-0.0309257855	-0.023069702	-0.1200931382	-0.026932533	0.0112127432	-0.0468295784	0.0165001864	-0.1355963424	0.0644225347	-0.0646023929	0.0608199123	0.0381443706	-0.0955323028	-0.0292393501	0.0856498491	-0.0465622102	-0.0045947502	0.0896833401	0.0341443257	-0.0433635675	-0.0393727887	-0.118940223	0.0929715001	-0.0673449318	-0.0468115777	-0.0505395915	-0.0493236125	0.0212193323	-0.1023168542	-0.0538891547	0.059684121	-0.0120911436	0.0470405312	-0.0709406882	-0.045005068	0.0654886127	0.0560710627	-0.1033772531	-0.0801267917	0.0018528541	-0.0279309015	-0.0197120224	-0.0474417974	-0.1165437561	-0.2796083272	0.0875162829	0.0906508305	0.0067449922	0.0566872661	0.0830628288	0.1360225448	0.0173749648	-0.0653191226	0.1075628744	-0.0302966483	-0.1172159137	0.0783745628	0.1080836308	0.0556212007	-0.0423963495	-0.0150751353	0.0012223483	-0.0257047718	0.1121069022	0.0641352535	-0.0643277699	-0.0466285898	-0.0172498036	0.0942024473	0.066908944	-0.0049709252	-0.0546815176	0.0016728314	0.0854882696	0.1113831886	0.0072695612	-0.1133117829	-0.0018740628	-0.0032099534	0.1028900856	0.0312852753	0.0109513732	0.0606436736	-0.0117876938	-0.1233878036	0.0030101633	-0.0602426774	-0.0332864178	-0.0131018183	0.0545445735	-0.0646522451	0.0190676531	0.0581485693	-0.0084586799	0.0071534755	-0.1233436515	0.0124019247	0.0899464204	-0.0829501641	-0.146565342	-0.0184972126	-0.0343455799	-0.129337431	0.0376532205	-0.1122581322	0.2226345462	-0.0300440745	-0.0284295706	-0.0792201125	-0.0401416842	0.0339529629	-0.138397418	-0.1232135164	0.1237880479	-0.0159482236	0.134292685	0.0326224812	0.0806700136	-0.0201399413	0.0739915762	0.0590088479	0.006804475	0.1007949337	0.0105712288	-0.022921123	0.064406137	-0.084861836	-0.01537693	-0.0511238143	0.0895120641	-0.0577707206	0.0319830441	-0.0973405602	0.0322949444	0.0715788656	0.1468506418	-0.0788680759	-0.0668259662	0.1037937252	-0.0888266859	0.0384270957	0.0220872295	0.0415259055	0.0557184872	0.0359663854	-0.1323728051	0.0738837361	-0.0931716077	0.0251114691	0.0526657324	-0.0245798321	0.1083594676	0.100240825	0.0871572961	0.0697569027	0.0489014791	-0.0431143435314851	-0.0109793659723606	0.000120546477155	0.0018588466181509	-0.0882609296721312	-0.0995656750710053	0.009913323652345	0.0077899917065888	-0.0479299114943643	0.0340383430509661	0.0011586087976552	0.0022972764158575	-0.0016179563845625	-0.0002639214015019	2.6177828623465564e-06	6.965450617077986e-08	0.0001938791092901	0.0002979309873193	8.876287320511248e-08	3.7589109019122535e-08	-0.000468843509304	0.0001932266519327	3.7336539017120826e-08	2.1981423621648997e-07	0.0	0.0	0.0	0.0	0.0	0.0	0.0	0.0	0.0	0.0	0.0	0.0	0.0	0.0	0.0	0.0	0.0	0.0	0.0	0.0	0.0	0.0	0.0	0.0	0.0	0.0	0.0	0.0	0.0
1092.332945707339	0.5244867148021513	1193191.2642776722	0.2750863140039531	1541.945418401715	-5.074061353121351	25.74609861523968	2377595.67333004	1045.2948743880208	0.9079580924478704	1092641.3744218682	0.8243878976415758	1087.6839040376892	1054.5758549212935	1.195147	23.373245	0.1468017369396136	0.0739466486416896	-0.0220008921	-0.1013443462	-0.0088074925	-0.0298988423	0.0251879905	-0.0741681317	0.0082470561	0.0441009522	0.0575995959	-0.0080334121	-0.0261485068	-0.0034006161	-0.057255432	-0.014223609	0.0266709427	-0.0100352089	-0.0211651526	-0.0031400927	-0.0895947253	-0.0635226166	-0.0235605307	-0.1356212949	-0.02123163	0.0469882636	-0.0002986614	0.1040202327	0.0586557333	-0.077293706	0.0842961697	-0.059242514	-0.0531889178	-0.013671511	0.0701924411	-0.1151056195	0.1209409261	0.0072385098	0.0372893473	-0.0176181004	-0.0924728762	0.0184015524	0.062677591	-0.0665077938	0.0097849684	-0.0982493413	-0.0079195056	0.006571792	-0.0280084436	0.0838717738	0.0160348353	0.1520063401	0.1041555898	0.0734717986	0.0076682779	-0.1183246972	0.007018528	-0.0740835292	0.1573104833	0.0488787494	0.143433222	0.0259098691	-0.1390580015	-0.0025913182	0.0897954886	-0.1513454346	-0.0326780386	0.0574271026	-0.0651559206	0.1280083775	-0.2133289833	0.0836586791	0.0289493616	-0.0358513303	0.0561398013	-0.0070444445	-0.0068880636	-0.080334425	-0.0577522838	0.0672108078	-0.0740649175	0.1205291266	-0.0591137728	0.0137783025	0.0603134221	0.0021026565	0.0829365138	-0.0026432186	0.0479857614	-0.0054531594	-0.1659474869	-0.0264441171	-0.062326879	-0.0347146742	-0.0658677352	0.0387484807	-0.0848577286	-0.1152759953	0.046098421	-0.0829000149	-0.1797981272	-0.0292167662	0.0358759284	0.0239642952	-0.042960974	-0.0085045172	-0.0237017344	0.0077997468	0.0867846474	0.1118746582	0.0298883792	-0.114539911	0.0207406961	0.0468716098	-0.176475687	-0.0915353932	0.0412000109	0.165637238	0.0487861202	0.0374376738	-0.0860979614	0.1032612569	0.0929190958	-0.0198109342	-0.1212464481	-0.0866681558	0.0838269573	0.0207571255	-0.1632499481	-0.0206206566	-0.0225661163	0.0573923365	0.0473353599	0.1595275732	0.0158348598	-0.0257076214	0.0871249323	0.0072065732	-0.0196340734	-0.0915723955	0.0412876137	-0.0551624971	0.1218839932	-0.0222897345	-0.0200254477	-0.0357712335	0.0113340542	-0.0862208986	0.0894212072	-0.2509580914	0.1161182654	-0.0222852955	-0.1225125482	0.1078625611	0.0983068664	0.0830027857	0.0628452084	0.0390128266	-0.0132591567917614	0.0298551867397236	0.0008913321752637	0.0001758052388285	-0.0884689714245468	-0.0002080417524155	4.3281370748151394e-08	0.0078267589049172	-0.0373054539430199	0.0106244575513443	0.0001128790982603	0.0013916968938947	-0.0012143616246801	0.0004035947598824	1.474674155495692e-06	1.6288873020453214e-07	-0.0005588021914371	-0.0007526813007271	5.665291404643896e-07	3.122598891549053e-07	0.000497161448009	0.000966004957313	9.33165577553291e-07	2.471695053864056e-07	0.0	0.0	0.0	0.0	0.0	0.0	0.0	0.0	0.0	0.0	0.0	0.0	0.0	0.0	0.0	0.0	0.0	0.0	0.0	0.0	0.0	0.0	0.0	0.0	0.0	0.0	0.0	0.0	0.0
1093.086454952247	0.7535092449081731	1194837.998000071	0.5677761821620851	1545.8265163545104	3.881097952795472	15.0629213191932	2389579.618664721	1045.1618838216143	-0.1329905664065336	1092363.3633935456	0.0176864907531306	1087.8961142161536	1050.0684983884212	1.322266	25.859295	0.1561745380435621	0.0854512037471476	-0.0354431858	-0.0101483227	0.1287155999	-0.0237052728	0.0400945181	-0.0199921504	0.0466639679	0.0555375384	-0.0158764478	0.0329029181	-0.1197714038	-0.076513402	0.0142069577	-0.0497891365	0.022691732	-0.0749987498	0.0823384399	-0.0606007873	0.0049010633	-0.0743354447	0.0469032803	-0.0422616864	-0.0162997315	-0.1001256318	0.1688849292	-0.0038904917	-0.0180369902	-0.0640373035	0.144313465	-0.0633860599	-0.0153094523	-0.0199987139	0.1002551557	-0.106067484	0.0237793276	-0.0602927989	-0.0747507374	0.0280743299	-0.0129398399	0.0087859695	-0.0871461873	0.0517910778	-0.0459481504	-0.116091575	0.022522067	-0.1524237552	-0.0550430131	-0.0825887836	-0.013077647	-0.0781246751	0.0151420964	-0.0226214095	-0.0849164605	0.045516708	-0.0125309745	-0.0300145243	-0.0383038351	0.0153062168	0.000643091	-0.0925446779	-0.0845630889	0.0670403865	0.0937437601	-0.0360337981	-0.1955944647	0.0087862818	0.1208901853	0.0049837784	-0.0067863547	-0.0672173066	0.0261269171	-0.0293875331	-0.0159008667	0.0292137731	-0.1245197691	0.013290861	0.0031802604	0.0518352863	0.0501907959	0.055004692	-0.001506082	0.0180466404	-0.0887374488	-0.085756159	-0.0820111533	0.0025943103	0.0114200869	0.0111484249	-0.150903031	0.0301958442	-0.0300439094	-0.0165186636	-0.0782663634	-0.0376824881	-0.111731535	-0.0292797521	0.06772165	-0.1403582048	0.040299952	-0.0510238953	-0.0294262086	0.1752600044	0.0474623423	-0.0096478457	-0.1113000404	-0.0401529744	-0.0370658853	-0.0426027739	0.0288404772	0.0773878143	-0.0124199819	-0.055354027	-0.0439698989	0.0341353001	-0.0089522353	0.0246362903	-0.1155302535	-0.0804857786	-0.0078909413	-0.1061945616	0.0508674758	0.0273253121	-0.081353448	0.0544407924	0.1285616051	-0.0046724158	0.1180113789	-0.0312880944	-0.0337121799	0.0178348506	0.0827621869	-0.0397020287	0.0810578341	-0.0010532712	0.1284260832	0.1037134424	-0.0820814975	-0.084368445	0.0397057143	0.0158562692	-0.0006183532	0.0136967634	0.0184671588	0.0331296077	0.1038798097	0.0199196543	-0.0750838101	-0.1489543381	0.0718739791	0.0028809698	0.0487512175	0.1073250918	0.0962250449	0.0785674201	0.0555555556	0.0287576717	-0.0282204680431732	-0.0149613112514117	0.0002238408343616	0.0007963948165757	-0.1079144796002822	-0.0194455081757354	0.0003781277882125	0.0116455349073997	-0.0373926957120431	-8.724176902320108e-05	7.611126262297568e-09	0.0013982136926134	-0.0006570315344507	0.0005573300902293	4.316904372626415e-07	3.10616829475111e-07	-7.070724262936423e-05	0.0004880949488077	2.3823667905162617e-07	4.9995141602477825e-09	-0.0008910230499017	-0.0013881844979106	1.9270562002395817e-06	7.939220754561273e-07	0.0	0.0	0.0	0.0	0.0	0.0	0.0	0.0	0.0	0.0	0.0	0.0	0.0	0.0	0.0	0.0	0.0	0.0	0.0	0.0	0.0	0.0	0.0	0.0	0.0	0.0	0.0	0.0	0.0
1091.367464112596	-1.7189908396510418	1191082.9417235586	2.9549295068041936	1549.7313342898626	3.904817935352185	15.247603108248098	2401667.208479838	1044.7915213020833	-0.3703625195309996	1091589.3229847215	0.13716839587335	1087.2754170251271	1053.3561150575465	1.28362	25.103506	0.15158991856382	0.0879451918263647	-0.0375084555	0.1155243095	-0.0400868751	0.0072755284	-0.0205515375	-0.0335062424	0.0101923317	-0.07248984	-0.0926177026	-0.0784301074	-0.0737428996	0.0243579184	-0.0482232796	-0.0166426905	0.0428932776	-0.0399490148	0.0058850851	0.0175793024	0.1169152422	0.0118489641	0.0178873851	-0.0531366335	0.1067533109	-0.0831191137	-0.0118183222	-0.0205211706	-0.0537706959	-0.0408114218	-0.0855554237	0.0681415942	0.0354065972	-0.0404424534	0.2099959715	0.0004368332	0.0060268967	0.081115029	0.0662660297	-0.0205124872	-0.0097289336	-0.1198667592	0.0557650345	-0.0778161378	0.1347654914	0.0360339745	0.082216626	0.0732458272	0.005067627	-0.0052670889	0.1094539206	-0.0051324334	-0.0904120731	-0.0486933891	0.0600062549	-0.0229599512	0.1075164229	-0.0629529126	-0.138794313	-0.0147662931	0.0583067889	0.0089679514	-0.0077825825	-0.0427412679	0.1409258402	-0.0653489997	-0.0037371195	0.020303975	0.0244992913	-0.0338093286	-0.1006194951	0.1062332729	-0.0028893391	-0.0220560918	0.0249644606	0.0472699545	0.0032751502	0.055744836	-0.05230425	-0.072978578	0.0764013452	0.025195967	0.0672304289	0.0170975643	0.0306907013	0.0369971511	-0.135004992	0.0167786186	-0.0840317661	-0.0455675767	-0.073700017	0.0275317145	0.0443046786	-0.0504984986	-0.0945188516	-0.0675714175	0.1009757395	-0.1028268888	0.0300122611	0.0620963316	-0.0130137933	0.0135697234	0.1127005392	-0.131720201	0.0860749528	-0.032176079	0.0330907955	0.0272146169	0.0122712275	0.111953919	-0.1376700055	0.0005389612	0.0031720046	0.046758334	-0.0782797319	-0.0816802578	-0.0704458297	-0.1367064467	-0.0299581336	-0.0186596315	0.0340697387	-0.0121944065	0.0916561855	0.0316647263	-0.1216127976	-0.0850002161	-0.0697650841	0.121075783	0.0660596795	-0.0212642576	-0.0138087735	0.03485137	-0.0850904822	-0.0776211075	-0.023652404	0.0256196856	0.1187461111	0.0699516123	-0.0588197953	0.073890249	0.0708001951	-0.0653635021	-0.0160125794	0.103053754	-0.0115941992	-0.0698930982	0.0823096893	-0.0410500716	0.1010920177	0.00349154	0.0997697153	0.1577273417	-0.0230380281	0.106747262	0.0939984918	0.0738662073	0.0479317851	0.0182323554	-0.0183969965908374	0.0098234714523358	9.650059137485643e-05	0.0003384494835632	-0.0287550069140252	0.079159472686257	0.0062662221159662	0.0008268504226256	-0.0454219354675871	-0.0080292397555439	6.446869105200821e-05	0.0020631522216216	-0.0011149458537455	-0.0004579143192948	1.243104256784282e-06	2.096855238152201e-07	0.0002037965874774	0.0002745038301067	7.535235274328326e-08	4.1533049067433555e-08	-0.0005318865059096	0.0003591365439921	1.2897905723058958e-07	2.82903255168723e-07	0.0	0.0	0.0	0.0	0.0	0.0	0.0	0.0	0.0	0.0	0.0	0.0	0.0	0.0	0.0	0.0	0.0	0.0	0.0	0.0	0.0	0.0	0.0	0.0	0.0	0.0	0.0	0.0	0.0
1091.3913724044853	0.0239082918892563	1191135.127758946	0.0005716064210618	1544.4911950678395	-5.240139222023117	27.45905906618504	2385453.051642083	1045.038503795573	0.2469824934896678	1092105.4744152897	0.0610003520903738	1088.1001422102045	1063.1877890362402	1.447548	28.309412	0.100807585343452	0.0552263076672159	-0.0079889079	-0.1002206833	-0.0699581152	-0.0457330506	-0.0288454231	-0.006483379	0.0223284808	0.0208307847	0.1104202598	-0.0271890337	0.0132553974	-0.061663956	-0.0242364239	-0.0204040522	0.0045173531	-0.122756273	-0.0342544876	-0.0466792072	0.0846732266	0.0970995296	-0.096246371	-0.0233978595	0.1116418605	-0.184928932	-0.2238924666	-0.1031051218	-0.0463774386	0.1397594742	-0.0776371323	-0.0802576909	-0.1467594642	-0.0023509126	-0.0541438667	0.0572737403	-0.1217041451	0.0300265984	0.0249309802	-0.0354948899	0.0053091128	-0.0841151256	-0.0551345862	0.1092084633	0.0756265247	-0.1100174242	0.0967169104	0.0909000234	0.0717769342	-0.1329198984	0.0247832828	0.0011513105	-0.094508489	0.0287632101	-0.0930940126	-0.0866041158	0.0582868088	-0.0444153262	0.046338653	0.0588505483	-0.033120809	-0.112649794	0.0966900198	-0.0320666612	0.0745459018	0.0319142248	-0.0137084053	0.0872292228	0.0088512992	-0.0465643695	0.0210402265	-0.1196108128	0.1001067104	-0.0080517775	-0.013163473	0.0296454668	-0.0246739175	-0.0588255678	-0.1877578172	-0.0864778989	-0.0434889754	-0.0647645301	0.1385939148	-0.0769064413	0.0972400623	0.1097810612	-0.2157484303	-0.0577606543	0.0532408013	-0.0573134712	0.0692179175	-0.1291762366	-0.0777802795	0.1326993407	0.1589113089	-0.0649654315	0.0371751645	-0.0397801368	-0.0502268936	-0.0120441473	0.0258512485	-0.1683505874	0.0770202981	0.0024393113	0.173381062	-0.0020582967	0.0860586191	0.0503040843	-0.0444481132	-0.0493078349	-0.0443566042	0.0718309423	0.0647443262	0.0782122623	0.0355395392	-0.0151881179	-0.0393580195	0.1063610854	-0.0316765789	0.0314929535	-0.0012770799	-0.118280381	-0.0084741441	-0.0247773939	-0.0495602303	0.1125705836	-0.1395297087	-0.14017735	0.047710321	-0.0230606989	-0.0170831233	0.0952664575	0.0722692835	0.0447477986	-0.0895318248	0.0910517018	0.0234144007	0.0264433039	-0.076126055	-0.0680482051	0.0001316157	-0.0166027104	0.1248503879	-0.0643691861	0.0378139163	-0.0113348326	0.0829878305	-0.0004692591	0.1142978101	-0.0637837327	0.1684619362	-0.005385926	0.1385568845	0.1061292888	0.091630556	0.0689150546	0.0400197472	0.007535757	-0.0260324127899878	-0.0076354161991504	5.829958053424834e-05	0.0006776865156683	-0.0753100372497357	-0.0465550303357105	0.0021673708495589	0.0056716017105565	-0.0275130214461256	0.0179089140214614	0.0003207292014281	0.0007569663490949	-0.0007079902696722	0.0004069555840733	5.012502219505145e-07	1.6561284740844087e-07	3.668829708480814e-05	-0.0001671082903925	2.7925180717934804e-08	1.3460311429831415e-09	-0.0005319871271863	-1.006212767000643e-07	1.0124641324750902e-14	2.830103034919326e-07	0.0	0.0	0.0	0.0	0.0	0.0	0.0	0.0	0.0	0.0	0.0	0.0	0.0	0.0	0.0	0.0	0.0	0.0	0.0	0.0	0.0	0.0	0.0	0.0	0.0	0.0	0.0	0.0	0.0
1092.3242759047346	0.9329035002492674	1193172.3237308026	0.8703089407773348	1545.399224809325	0.9080297414855067	0.8245180114222362	2388258.7640412627	1045.2686494791667	0.2301456835937188	1092586.549584001	0.0529670356768201	1088.522567736201	1052.7787925013247	1.514849	29.625597	0.061470662370251	0.0263405673900247	-0.0156519011	-0.0225224139	0.0961418042	-0.0453952839	-0.0072265911	0.025670528	0.0400235246	0.0537836691	0.0139887467	0.0845319869	-0.0696391245	0.0268391668	0.011980733	-0.0268794219	0.0133441554	-0.0984064789	0.0173575204	0.0251627374	-0.0190780934	0.0378311743	-0.0544187123	-0.0905857633	-0.1224592554	0.0179825135	-0.0651691107	-0.0028279264	0.1066404567	0.0111107258	0.1111014924	0.0406114858	0.0537249485	0.0784436411	-0.043835653	-0.0903682146	0.0074191734	0.0202813142	-0.0094377772	-0.0502981499	0.1039976939	-0.1245294923	0.0560314515	0.0989020761	0.0374086939	-0.0048105282	0.0808938394	0.1232847142	-0.0625503249	0.001181295	0.1453189908	0.0592744998	0.0590110328	-0.1865860269	0.0411311698	0.0730139577	0.010043662	-0.0345062784	-0.0945321898	0.0241602414	0.1181432716	0.1400326062	0.0576130818	-0.1934081099	0.0395927893	-0.0027071175	0.049565531	-0.0972666928	0.0463120868	-0.0182332373	0.0399097469	0.1648082289	-0.0110293031	0.013894759	-0.0603024035	0.0429828884	-0.1040778267	-0.0324214583	0.0122149697	0.1046000936	0.0177746546	-0.0145556471	0.0826561448	-0.0314055329	0.0987111119	-0.013679004	0.0507437829	-0.0436183009	0.0686110677	0.1294874851	-0.0385715552	-0.0162132261	-0.0207437315	-0.0148318525	-0.0369054858	-0.0616278155	-0.152582613	-0.0111951217	-0.0266499325	-0.010397606	0.1062409531	-0.0240484802	0.0971199483	-0.1839009874	0.0149957673	0.0002851804	0.1236552862	0.0533037373	0.0756892877	-0.0317674896	-0.1210459856	-0.0845448433	-0.084799383	-0.1205818883	-0.0124562025	0.0169775454	-0.0838363693	-0.0974159624	0.040487303	0.1024839354	0.0296551547	0.0996603797	0.009864871	0.001097542	-0.040766419	-0.2545993336	-0.082529072	-0.0280763234	0.1157589656	-0.0194817409	-0.0332404515	0.0347537991	0.0764897176	-0.0680766388	0.0544317542	-0.016386842	0.1162293249	0.0511718742	-0.1052184905	-0.1082055858	0.0724105401	0.0570710581	-0.0282847162	0.0043578821	0.0697739719	0.1455728329	0.040528227	-0.0335094245	0.0459488451	-0.0732723929	0.0776138447	0.1206480273	0.0445823548	0.1054714048	0.0891247992	0.0637307152	0.0318670259	-0.0032316354	-0.0147680397155625	0.0112643730744252	0.0001268861007598	0.0002180949970404	-0.089557973590999	-0.0142479363412632	0.0002030036899846	0.008020630633726	-0.0374672140306984	-0.0099541925845728	9.908595001076412e-05	0.0014037921272221	-0.0009269399294295	-0.0002189496597573	8.592176327707665e-07	4.793895350783748e-08	0.0002647123713284	0.0002280240742435	5.199497843464709e-08	7.007263953430474e-08	-0.0004588776537874	7.310947339890007e-05	5.344995100664477e-09	2.105687011454289e-07	0.0	0.0	1.0	0.0	0.0	0.0	0.0	0.0	0.0	0.0	0.0	0.0	0.0	0.0	0.0	0.0	0.0	0.0	0.0	0.0	0.0	0.0	0.0	0.0	0.0	0.0	0.0	0.0	0.0
1090.032314346077	-2.2919615586574764	1188170.446318665	5.253087786363609	1550.246031701057	4.846806891732058	23.49153704574137	2403262.758804875	1045.0805611588542	-0.1880883203125449	1092193.3793121057	0.0353772162379945	1088.1088028139316	1054.0789854633065	1.359853	26.594368	0.063591493291556	0.0282770781072069	0.0192554607	0.077278675	-0.0978863378	-0.046525618	-0.06958679	0.0832004452	0.0087719878	-0.1103448714	-0.0135809945	-0.0426080043	-0.0023777117	0.0193936601	0.0423089047	-1.6211e-06	0.0172747145	-0.1539142245	0.0808914393	0.0480140724	0.054380164	0.0037445011	0.0049957817	0.0816868883	-0.007354564	-0.0913731344	-0.0252272445	-0.0388053547	-0.0042098756	-0.0595786541	0.0310747371	-0.0143346541	0.0872362736	0.0931272042	0.0854094502	-0.0884304336	0.0496404364	-0.1353332177	-0.1143356431	-0.00361461	-0.0924512136	-0.0030184094	0.0461970478	0.0154842633	-0.0798924176	-0.1465028753	0.1443269728	0.1167118546	0.0729673924	0.104328202	-0.0927343428	0.0166345363	-0.076128745	0.0656037365	-0.1620738355	-0.1615843044	0.0807377617	0.0994021784	0.0324155625	0.0627157676	-0.0640211935	0.0678248206	-0.0950924669	-0.1053770652	-0.0075563343	-0.1861493604	0.1907856172	0.0204913842	-0.0337757745	-0.0759741349	0.0266807315	0.0024853762	0.0472500356	0.0273671474	-0.0890989334	0.0908114327	-0.0320096453	0.0877435496	-0.0714192066	-0.050146423	0.0284764245	-0.0056343754	0.0482091311	-0.0932386981	-0.0081100401	-0.0250320423	-0.1028107082	-0.0502708636	-0.0185268917	0.0279649373	-0.0567354977	0.050146556	0.0124045549	0.0041564233	-0.0421511041	-0.04029358	-0.0950995997	-0.0466335526	0.1369290919	-0.1498726961	-0.0946363956	-0.0655936648	0.0006929696	0.0961598979	-0.0699319923	0.0446673197	0.2269326633	-0.0556667552	-0.0509270701	0.0417680741	0.1080967358	-0.0953293211	0.0828300035	0.1372668889	0.1114648099	-0.0933479849	-0.0982771183	-0.0457387725	-0.054378256	-0.0179970385	-0.1340067023	0.1792181903	0.0736304827	0.0098441619	0.00094573	-0.0153469052	-0.1015817161	0.1106386433	-0.0455460824	0.0050022163	-0.0224065198	0.0623303699	-0.0601176181	-0.06751906	-0.0886105247	-0.0177429003	0.0745031647	0.0855209084	-0.0241439869	-0.0149697484	0.2036351263	-0.0650662801	-0.003882335	-0.0065908654	0.0023816056	0.0921503925	0.0994099578	-0.0952320342	0.1333412174	0.1156434558	0.0650364809	0.1701608716	-0.0664676809	0.1047738574	0.0864849902	0.0583307311	0.0235226525	-0.0139686685	-0.0259830542445484	-0.0112150145289859	0.0001257765508853	0.0006751191078751	-0.079420513536121	0.0101374600548779	0.0001027680963642	0.0063076179703411	-0.0560079775355006	-0.0185407635048022	0.000343759911341	0.0031368935476171	-0.0012159003830321	-0.0002889604536025	1.4784137414576075e-06	8.34981437462203e-08	0.0003768236292738	0.0001121112579453	1.256893415810001e-08	1.4199604757907826e-07	-0.0005317710462972	-7.289339250980003e-05	5.3134466715877715e-09	2.827804456800188e-07	0.0	0.0	0.0	0.0	0.0	0.0	0.0	0.0	0.0	0.0	0.0	0.0	0.0	0.0	0.0	0.0	0.0	0.0	0.0	0.0	0.0	0.0	0.0	0.0	0.0	0.0	0.0	0.0	0.0
1090.0114370655476	-0.0208772805294756	1188124.9329337005	0.0004358608423064	1542.821535854567	-7.424495846490117	55.123138574549	2380298.2914966447	1043.9037945638022	-1.1767665950519586	1089735.132304705	1.3847796192301802	1086.7188932146346	1056.7838247795446	1.397145	27.323683	0.0819753607305567	0.0389984160508097	0.006580781	-0.1250667929	-0.0187340725	-0.096319988	-0.0808217326	0.014051325	4.96575e-05	-0.0572368491	0.1266300679	0.0643150865	0.0056193202	-0.0097092548	-0.0686400399	0.0295400693	0.0700071564	-0.0680283681	0.0167016819	-0.12733778	-0.0506342636	-0.043317541	-0.1425003355	0.0446652589	0.1328386346	-0.1016405997	-0.0082224847	-0.0638026635	0.0327517429	0.0439378523	0.0740791476	-0.0210647035	0.0076065969	0.1138191706	-0.0289462009	-0.0563586623	-0.11306031	-0.0980260315	0.1185151285	-0.0665785007	0.0269198801	0.157066608	-0.1390086452	0.0868025597	0.0363076913	0.1010020311	-0.1148809271	-0.0176375646	-0.1221994165	0.0513882127	-0.1478046605	0.0320410579	-0.1401183174	0.0112664865	-0.1001500635	0.0172025274	-0.1763770146	-0.0609276526	-0.0758583159	-0.0545813483	-0.072809061	-0.0155161372	0.0320211112	-0.0305281613	0.0663745445	0.0115649224	-0.038553049	-0.0251503496	-0.0952645424	0.0017814141	-0.2259300082	-0.0473211433	0.1042172919	0.0135548339	-0.0081377924	0.0860978973	-0.007939429	-0.0923279382	-0.1446531202	0.0257268863	-0.0878327296	-0.0664786003	-0.0453877155	-0.0105096144	-0.1275313749	0.0064028639	-0.1380395527	-0.0165629929	-0.001849647	0.0914027976	0.0483380763	0.0316569045	-0.0526949435	0.018875083	0.0472602983	-0.1630131573	-0.0880245711	0.1078460644	-0.0107736894	0.054686066	-0.0416150549	-0.0248341301	-0.1140908684	0.0620705318	0.1125202257	0.0302343585	-0.2034992349	0.1364116957	0.0371559743	0.0848572678	0.0559236816	-0.0958786488	0.0110675296	-0.0566198631	0.2415006824	0.0659023	-0.0041956639	0.0356081699	-0.0188145019	-0.0092867894	-0.0843313815	-0.1068733271	-0.0340290525	0.0098526745	-0.0893636546	-0.0942148597	0.0786158491	0.0458683881	0.0407704636	-0.0201120106	-0.0224391538	0.1090601371	0.1284660279	0.0109645494	-0.0420545176	0.1209572692	0.0289222883	0.0755882404	0.0380214859	-0.0756485723	0.0995551661	-0.0860119228	0.1413912883	0.0151101634	0.0211109487	-0.0024540948	-0.0120103125	0.1367199737	0.1260640721	0.0212016364	0.0191686641	0.1504562739	0.0046195398	0.1040369087	0.0837150996	0.0527333744	0.0150368111	-0.0245744743	-0.0261023365814594	-0.0001192823369109	1.42282758989487e-08	0.0006813319750117	-0.0952828552648981	-0.015862341728777	0.0002516138851205	0.0090788225074315	-0.030167184782357	0.0258407927531436	0.0006677465701109	0.0009100590376928	-0.0008189694300032	0.0003969309530288	6.707109272797664e-07	1.5755418147243078e-07	0.000292586121265	-8.423750800879998e-05	7.095957755532641e-09	8.560663835689728e-08	-0.0002098806291004	0.0003218904171968	1.0361344068312999e-07	4.404987847157967e-08	0.0	0.0	0.0	0.0	0.0	0.0	0.0	0.0	0.0	0.0	0.0	0.0	0.0	0.0	0.0	0.0	0.0	0.0	0.0	0.0	0.0	0.0	0.0	0.0	0.0	0.0	0.0	0.0	0.0
1090.6569309345862	0.6454938690385461	1189532.5409956507	0.4166623349663517	1539.456854214254	-3.364681640312938	11.321082540658962	2369927.405987247	1044.0848438476562	0.1810492838540085	1090113.1611523847	0.0327788431840493	1087.0598376162802	1051.9836016009083	1.488795	29.116055	0.1122490280815285	0.0650455185243721	-0.0192746192	0.0077118487	0.1452605385	-0.0877813729	0.0205728159	-0.0221740259	-0.0089411772	-0.0451182629	0.0094943846	0.1376719977	-0.03788945	-0.1328721086	-0.0075005288	-0.0106232991	0.0962827323	0.0262867721	0.1139037599	-0.1453016135	-0.0852617749	-0.1266161912	-0.0336174545	0.160159737	0.019442805	-0.0030045475	-0.0756034816	0.0815816445	0.1279959535	0.0273210387	0.0846174588	0.0768018414	0.0523225769	-0.2271467538	0.1144943718	-0.0215587749	0.0730769803	-0.114079016	0.0952110346	0.0584052094	-0.0176161774	0.2015645525	-0.1291958149	-0.007257385	0.1366058685	-0.0237690619	0.0605436051	0.1297124304	0.0291518902	0.0529030188	-0.1182897646	0.0418664218	-0.0812956194	0.0487749317	0.0684330514	0.1967478123	-0.0675839015	0.1131289159	-0.0670391985	0.078687671	0.1237291135	0.0190573002	0.0227022353	0.1466094957	-0.1095358172	-0.1430774939	-0.0536596849	0.1076918439	0.0286137958	0.1019452807	0.1622464419	-0.0080669383	-0.074613215	0.0208389609	0.0677193264	0.0985346862	-0.1422628708	0.053112717	0.0143628786	0.0470689525	-0.1086988075	-0.1580492864	-0.1915657477	-0.0851543474	-0.0678348144	0.1117706764	-0.010484561	0.0280138548	0.1289632369	-0.03735372	-0.0942621699	0.0149645279	-0.0070983748	0.0073029772	-0.2725050748	0.0459912303	0.0454981163	0.1003628606	-0.0106476075	-0.0193814766	-0.1061502793	0.0004373774	-0.1494829064	0.0613894728	0.0939147682	0.0399015851	0.0444716137	0.1722457541	0.0794635198	0.0049006203	-0.0764278851	-0.1129987379	-0.0218129671	0.0852168472	0.0853567265	0.0413679677	0.1410053576	-0.1028996267	-0.0295068565	-0.0527298571	0.2844966351	0.0867913968	0.113566183	0.0183787534	0.0286653966	0.0972022404	0.2085519075	-0.0110865866	0.0451522529	-0.0218079684	0.0013234508	-0.0224688803	0.1274606959	-0.118052868	0.095949522	0.1133493446	0.097373831	-0.0492080737	0.011474853	-0.1959923973	-0.0575332952	-0.0115698327	0.0444141422	-0.0318542497	-0.1277601871	0.1202358056	0.0618109786	0.2460347322	0.0768480568	0.1114485474	0.0646206453	0.0816871399	-0.0363415135	0.103260836	0.0808192935	0.0469575846	0.0064605365	-0.0349494174	-0.0130602839603142	0.0130420526211451	0.0001700951365727	0.000170571017124	-0.1258590612500683	-0.0305762059851701	0.0009349043724475	0.0158405032987484	-0.0350017770260819	-0.0048345922437249	2.337328216308496e-05	0.0012251243949835	0.0002260059379071	0.0010449753679103	5.1078683969267946e-08	1.0919735195392668e-06	0.0002159941637698	-7.65919574952e-05	5.866327952946524e-09	4.665347878261519e-08	-5.5524409876134056e-05	0.0001543562192242	2.3825842413209645e-08	3.082960092092933e-09	0.0	0.0	0.0	0.0	0.0	0.0	0.0	0.0	0.0	0.0	0.0	0.0	0.0	0.0	0.0	0.0	0.0	0.0	0.0	0.0	0.0	0.0	0.0	0.0	0.0	0.0	0.0	0.0	0.0
1091.4014539214631	0.7445229868769729	1191157.1336218836	0.5543144779882092	1551.7398599107992	12.28300569654516	150.87222894136087	2407896.5928359865	1045.458347747396	1.3735038997397169	1092983.1568747151	1.8865129626002104	1087.8151199682754	1040.688949334941	1.381752	27.022638	0.1819515280516886	0.1229101055114866	-0.0890867934	0.1073408878	0.0276108848	-0.0414867738	0.0184904634	-0.0403982498	0.056679695	-0.1299056669	-0.0865443533	-0.0166451777	-0.0776318969	0.0070535389	-0.0554005996	-0.0586520809	-0.0138167686	0.0381749751	0.0811593201	-0.2012115944	0.0471215299	-0.0771589153	0.1703120234	-0.1312522742	-0.0849518323	0.1881555061	-0.1924754396	-0.1273076383	0.1028693919	-0.0136828043	-0.0991142224	0.0699289536	0.0023395694	0.0197531426	0.0444683273	0.1661373537	-0.0121821116	-0.1403771295	-0.0261100222	-0.0863398371	-0.052931287	-0.1476642968	0.2195452308	0.061211263	0.0226490492	0.089246317	-0.0444396851	-0.0536452835	-0.0288388327	0.000867261	-0.0568820693	-0.1080555645	-0.1013000549	-0.0118553764	-0.0817349184	0.1062891441	0.0854370227	-0.0167563089	-0.0498894301	-0.0198255143	0.0696742928	0.0562600896	-0.1116851432	0.0757720792	0.1637343314	0.0483553776	-0.0102904783	-0.0108660497	-0.0801972296	0.0518715657	-0.1462676549	-0.0530823959	0.0257720193	-0.0598948798	0.0155313305	0.017961334	-0.0714945744	0.0890018717	-0.0199354739	-0.0560379415	-0.0059952714	-0.0888993512	-0.1381136133	0.2838599413	0.1914261966	0.031642404	0.0548335429	-0.1215461043	0.0311694272	0.1451689956	0.0222021685	0.0691797997	-0.008643917	0.1712991633	-0.0024009412	-0.0693777086	0.2031885816	-0.023814238	0.115686181	-0.0470874306	0.0312605669	0.1731981454	0.2360147088	-0.0728135504	-0.0308955251	-0.0524794047	-0.0409145631	0.0816931911	-0.091420953	0.0336735677	0.0884041239	0.04967572	-0.058002817	-0.0079918134	-0.0445568962	0.021153536	-0.0026257224	-0.0321489485	-0.1876308896	0.0853485929	-0.0172106539	-0.0321333422	-0.0521970204	-0.0647918272	-0.1803236035	-0.0426054508	0.1199717793	0.0491017965	-0.0721857623	-0.0452578204	0.0294193354	0.0643330017	-0.007597746	-0.1417583703	0.0482680161	0.096034657	0.1879738774	-0.1669431433	0.0165521687	-0.0353885096	-0.2575272264	0.0354902726	-0.1051765332	0.1981855313	0.1969639525	-0.0653687471	-0.0336886845	0.2357894934	0.2870123131	-0.0909064795	-0.0828671812	0.0020049991	-0.0331852824	0.1024459312	0.0778019275	0.0410229053	-0.0021545924	-0.0449960313	-0.0039083165441411	0.0091519674161731	8.375850758669413e-05	1.5274938209207027e-05	-0.0106122860964319	0.1152467751536363	0.0132818191833128	0.0001126206161925	0.0030748960651152	0.0380766730911971	0.0014498330336938	9.45498581126094e-06	6.499885326289155e-05	-0.0001610070846442	4.2248509254909075e-09	2.5923281305627305e-08	7.400100695065248e-05	-0.0001419931568191	2.0162056583467022e-08	5.476149029710517e-09	3.0997596474151167e-05	8.652200635028522e-05	7.486057582878796e-09	9.608509871743087e-10	0.0	0.0	0.0	0.0	0.0	0.0	0.0	0.0	0.0	0.0	0.0	0.0	0.0	0.0	0.0	0.0	0.0	0.0	0.0	0.0	0.0	0.0	0.0	0.0	0.0	0.0	0.0	0.0	0.0
1092.0134917896032	0.612037868140078	1192493.4662505218	0.3745903520374515	1550.4786314696223	-1.2612284411768542	1.5906971808333976	2403983.9866439127	1045.7622661328126	0.3039183854166367	1093618.7172672355	0.0923663849942553	1088.7909996282042	1037.1915931010317	1.290122	25.230658	0.2208286170207767	0.098119538677047	-0.0291705816	0.1193628564	-0.0509621372	0.019632123	0.0740075476	0.0029265646	-0.0166283251	0.0366359071	-0.1248925618	-0.0704624792	-0.0609694377	0.0956262375	0.139182878	-0.0030745018	-0.0822171681	0.0552757595	0.1574620761	-0.0180184183	-0.0980795197	0.0329427789	0.121903063	0.0246556514	0.010538782	-0.0688008555	-0.1948016238	0.0338333586	-0.1253851583	-0.022841474	-0.2038834976	0.1000536041	-0.0520235882	-0.1780149155	0.1378174145	-0.0068434212	0.0215111888	-0.1219681926	0.0097622374	0.0035326125	0.0334517463	0.1001178432	0.0231944746	0.0148907531	-0.110842143	-0.0016566911	-0.2204831593	0.0847612102	-0.157999267	-0.043726224	0.0789911381	-0.0239238798	-0.0068205747	0.0170935224	0.0168548355	-0.0180309153	0.0210337321	0.0192816845	0.0211329005	-0.0913267312	-0.0483042523	-0.1472925317	0.0816311201	-0.0439532303	-0.0639231536	-0.0083135493	-0.0859523051	-0.0974757548	-0.0042862282	-0.0206299688	-0.0093820176	-0.1181201951	-0.048082308	0.0254121496	0.0255354449	-0.0539772897	-0.0975321416	0.1230798116	0.0392997672	-0.0542095081	-0.1570772666	0.0365693124	-0.0411901784	-0.0385082484	0.1540689781	0.1547070773	-0.0630282179	-0.0757478728	-0.103879016	-0.2124294147	-0.0442908637	0.0390304034	0.0746080473	0.1224868181	-0.0531647681	0.0024997563	0.124892953	0.0221973615	-0.0080773519	0.0227519174	0.0760424692	0.0800505146	-0.0761846749	-0.0185428924	-0.1708443031	0.1163679805	-0.0986682458	0.040033893	0.0493631736	0.0954642726	-0.0621560535	0.1517777456	0.0583854539	-0.0935806264	0.072881444	0.0170210956	-0.0349253761	0.0295278682	-0.016541244	-0.0896643596	-0.0317503084	-0.1414379046	-0.0072601854	0.0377680244	0.1011485376	-0.0222837766	-0.0344126355	-0.1041562339	-0.0409841273	-0.0121717858	0.0325838114	-0.0248544199	-0.0634287486	-0.1129545377	-0.0480146234	0.0920954152	0.0778153677	-0.1594673564	0.0274703438	-0.1262186156	-0.1899514972	0.0241699764	-0.0145912592	-0.0461607568	0.0815155104	-0.156072093	-0.1542388629	0.2346064758	0.0026334394	0.1224732693	-0.1593011442	0.0642727189	-0.028499988	0.1015925006	0.0746675401	0.0349494174	-0.0107567634	-0.0546199342	-0.0232444418789441	-0.019336125334803	0.0003738857429632	0.0005403040782636	-0.0614555732606731	-0.0508432871642412	0.0025850398496654	0.0037767874847979	-0.0502160750575626	-0.0532909711226778	0.002839927603198	0.0025216541941867	-0.0003142400839162	-0.000379238937179	9.874683033966045e-08	1.4382217147272698e-07	-0.000496848268676	-0.0005708492756266	3.258688954834739e-07	2.468582020863387e-07	-0.0009660788587012	-0.0009970764551753	9.94161457465044e-07	9.333083612294132e-07	0.0	0.0	0.0	0.0	0.0	0.0	0.0	0.0	0.0	0.0	0.0	0.0	0.0	0.0	0.0	0.0	0.0	0.0	0.0	0.0	0.0	0.0	0.0	0.0	0.0	0.0	0.0	0.0	0.0
1092.4807856288016	0.4672938391984189	1193514.2669681236	0.2183635321527978	1548.6752024298023	-1.8034290398200028	3.252356301666097	2398394.8826209893	1046.386311002604	0.6240448697915326	1094924.3118536384	0.3894319995131309	1088.928694442051	1056.6215160700392	1.504457	29.422363	0.1067450724565572	0.0528493224705664	0.0032764533	-0.0443145053	-0.1143415349	0.022813401	0.0296901235	-0.0165184435	0.019968554	0.0255313195	0.0211086108	-0.144093286	0.0165364177	0.0559396891	-0.0591194358	0.0129276118	-0.1150229975	-0.0315051845	-0.0182463295	0.0370640606	-0.0791533925	-0.0257196604	-0.0720442506	0.0774614152	0.0084567427	-0.1895577425	-0.2401060092	-0.042973646	-0.1286879806	-0.0902889004	-0.0351143354	-0.0019631485	0.0349559465	0.0246829634	-0.0368820192	0.0829898075	0.0145060742	-0.0018504107	0.0899522193	0.0555722517	-0.0084209937	-0.0909996023	0.0678347823	0.0626672279	0.0243168553	0.0338105482	-0.0409755321	-0.124521308	0.057235094	0.0767508916	-0.2151054702	0.0544417981	0.1212280788	0.0128407736	0.0777248571	0.0156764264	-0.050612158	-0.0357276849	0.046332969	-0.0568185013	0.0961142542	-0.0769431582	-0.0132584714	-0.0001320642	0.0230791263	0.0246427049	0.0016939579	-0.0115758571	0.0896153276	0.120603484	0.1110434205	0.0171247695	-0.0255256997	0.0055282199	-0.0447474332	-0.067354248	0.0236790591	-0.0045848874	-0.065672229	-0.0743026179	-0.0726284659	0.0047274881	-0.0349267099	-0.1757146175	0.020762167	0.0737441294	-0.0897838524	-0.2228224718	-0.1304024112	0.0117907141	0.0584497681	-0.0152672045	0.0268672159	0.1248860145	-0.0510667562	-0.0306924444	0.0417657102	-0.0087932701	-0.1185623054	-0.0065946371	-0.0209117453	0.043451017	0.0939738316	-0.042961675	0.0223133147	0.0072559244	-0.0664974181	-0.0116214043	0.0190961353	-0.0914307803	0.1701109351	-0.0267332191	-0.1531133314	0.0203330231	-0.066383834	0.0640020415	0.1495024806	0.0709777912	0.0603598184	0.0126147869	0.0544721673	-0.1015431409	0.1090150188	0.1249531888	0.0209794363	0.0049878936	-0.0226343701	0.0674663288	6.57275e-05	-3.27328e-05	0.0238626017	0.0147859101	0.0240720969	-0.0364050523	-0.1507553897	-0.0391723801	0.0256588714	-0.0395507713	0.0127916106	-0.0844278398	-0.1032819247	0.0885044682	-0.1082134489	-0.0353075792	0.0112530664	0.0428999587	0.0483243138	-0.0402342329	0.1285503038	0.1663070834	0.0268001974	0.1002908032	0.0862840798	0.1007008652	0.0714208455	0.0287576717	-0.019294242	-0.0637307152	-0.0259795668908964	-0.0027351250119523	7.480908831007079e-06	0.0006749378958385	-0.0223935999259623	0.0390619733347108	0.0015258377608016	0.000501473317644	-0.0389602204783585	0.011255854579204	0.0001266942623081	0.0015178987797223	-0.0006070396395643	-0.0002927995556481	3.6849712400235533e-07	8.573157978772482e-08	-0.0001498385366256	0.0003470097320504	1.204157541376904e-07	2.2451587058101278e-08	-0.0005320457557859	0.0004340331029153	1.883847344262834e-07	2.830726862497896e-07	0.0	0.0	0.0	1.0	0.0	0.0	0.0	0.0	0.0	0.0	0.0	0.0	0.0	0.0	0.0	0.0	0.0	0.0	0.0	0.0	0.0	0.0	0.0	0.0	0.0	0.0	0.0	0.0	0.0
1090.201439179394	-2.27934644940774	1188539.1779888216	5.19542023642767	1545.2399829559067	-3.435219473895586	11.800732833831466	2387766.604925571	1045.1529720833332	-1.2333389192708637	1092344.7350546247	1.521124889788222	1087.862760657445	1063.33824868993	1.290823	25.244366	0.0649131557286755	0.0360250867751613	0.0289993435	-0.1005154299	0.045197027	-0.0594133124	-0.1118378568	-0.004308499	0.0173015365	0.0543317133	0.0710278406	0.0945816291	-0.0758166164	0.0645197625	-0.08617141	-0.0003903681	-0.043007388	-0.0383070431	-0.0147366358	-0.1144250141	-0.0271443336	-0.0686339223	-0.0387464544	0.0456886963	0.0597931891	-0.0124048331	-0.0520326721	0.0917069376	-0.0735139091	-0.1005181179	-0.1209523534	-0.0701684466	-0.0841094903	-0.0962654762	0.0399657449	0.0369212947	-0.0001675122	0.0771551991	-0.0306542455	0.0118166096	-0.0232390205	0.1311568557	0.1781487853	-0.1026292221	-0.0337080462	0.024094828	-0.085283258	0.0475498486	-0.0194391143	-0.0298145742	-0.0075096226	0.0729407803	-0.1460580694	-0.0206164053	0.1791345884	-0.0888157531	-0.0022550213	-0.1086753089	0.0890438906	0.0460772967	-0.0748609542	-0.010517292	-0.0779190976	-0.1003000523	-0.1558553078	0.0867346911	0.0624987412	-0.0521411172	0.0213180105	0.005346015	-0.010202077	0.0624043923	-0.1496531428	0.0011454682	-0.0331590207	-0.0336306197	-0.0501708458	-0.0980168177	-0.0822322329	-0.0066380534	-0.0106756474	-0.0338914676	-0.1095369028	-0.0087456424	-0.0514880733	0.0404675261	-0.0022736155	-0.0323276065	-0.147840893	-0.1038296176	-0.0758556134	-0.0061036323	0.0209722484	-0.0205186873	0.0952923069	0.0396178136	0.1638794746	-0.0174060187	-0.0762360505	0.0156009236	-0.0322514324	0.1127572065	0.0504816929	0.0745794041	-0.0856591873	-0.0107917053	-0.0073149394	0.0929717015	0.0050900567	0.0859085592	-0.1128300953	0.0481868919	0.0773691822	0.0435066038	0.0618589783	0.0025676616	-0.0188984307	0.1029214562	0.1856398869	-0.131148033	-0.016902565	0.1298070234	-0.0414284861	-0.0872521521	0.1783168204	-0.095756117	-0.066642079	0.088150289	-0.0046852688	-0.0012178947	0.0302531902	0.0637766972	0.0950214194	-0.0089789844	-0.0121839507	-0.0470503353	0.0053802707	-0.0464170011	0.2045501916	0.0415734738	-0.02778794	0.0359023712	0.0493550541	0.0404415346	0.1386446507	-0.035614908	-0.0002100764	-0.0062487583	0.1521699778	0.1444585206	-0.0120814968	-0.0418773942	-0.0206010928	0.0997713604	0.0680667272	0.0224686191	-0.0277156827	-0.0722427837	-0.0217953339645617	0.0041842329263346	1.750780518182344e-05	0.0004750365826267	-0.0222573632794365	0.0001362366465257	1.8560423856595653e-08	0.0004953902201528	-0.0237432294740074	0.0152169910043511	0.0002315568152265	0.0005637409458553	-0.0006609991414169	-5.3959501852599966e-05	4.36919864953879e-07	2.911627840180739e-09	-0.0004670015299503	-0.0003171629933247	1.0059236433468372e-07	2.1809042897592093e-07	4.345652066079409e-06	0.0005363914078519	2.8771574241742853e-07	1.8884691879420232e-11	0.0	0.0	0.0	0.0	0.0	0.0	0.0	0.0	0.0	0.0	0.0	0.0	0.0	0.0	0.0	0.0	0.0	0.0	0.0	0.0	0.0	0.0	0.0	0.0	0.0	0.0	0.0	0.0	0.0
1089.2956055035816	-0.905833675812346	1186564.9161694143	0.8205346482357063	1538.7425218936328	-6.497461062273942	42.21700025576602	2367728.5486835768	1043.8526084440105	-1.300363639322768	1089628.2681553646	1.6909455944727538	1086.7753559728742	1044.9096414953945	1.487646	29.093594	0.1260861866111895	0.0675723138779153	0.030111841	0.0816778343	0.0836942	-0.0890386313	0.0209935476	-0.0404319699	-0.0630751581	-0.0443240085	-0.0273772731	0.072881548	-0.0821821515	-0.0493043836	-0.0078248142	0.0182216813	0.1007812421	-0.0191914988	0.0696903234	-0.1286310371	0.0908990624	-0.1263890275	0.0714037266	0.1251328604	-0.0459289633	-0.027449613	0.0389158232	0.0418316292	-0.0314625624	-0.0030907505	-0.0976842427	0.0157498917	0.0779447239	-0.0357433299	-0.1291331162	0.0899285077	-0.0415166687	0.0926319807	0.1655085079	-0.0129623329	0.0864588332	0.0335173035	0.0158441646	0.059311387	-0.0647565216	-0.0021886199	-0.1447883605	-0.1296154408	0.1440770188	-0.0130246324	0.1324312037	0.0326710416	-0.0070729046	-0.0450479626	-0.0295096612	-0.0129475985	0.1031824515	0.1345181785	0.1355055163	-0.0219821957	0.2112225998	-0.0074064652	-0.1785633031	-0.097936517	-0.0814448493	-0.0382442882	0.0941552387	0.0598552403	-0.0532803755	-0.0307530342	0.0593801167	0.031932825	0.1917387148	0.0281574821	0.102086391	0.0943527812	-0.1142751308	0.0615456286	-0.0049177791	-0.0680827946	0.0754779392	-0.0681498538	-0.1138591244	-0.0308330875	-0.0621575791	-0.0051617248	-0.009629478	0.0110210577	-0.0099334031	-0.026287954	0.0250979175	0.1543605263	0.0259388305	0.0350743631	0.0453880666	0.0225017001	0.0363464662	0.0085965137	-0.2462357578	0.0413926405	0.0561761957	-0.0819672779	-0.0451990073	-0.052016269	-0.1092321648	-0.0713046253	-0.0680097022	-0.0295530628	-0.0892142814	-0.0391640344	-0.0630258731	-0.0747339878	-0.0223260158	0.011414064	-0.212393408	-0.1369550619	0.086113453	0.0795022677	-0.1792258044	-0.0174775195	-0.0905501287	0.1690005263	0.0527455184	-0.0624529001	0.1278462618	-0.0197492625	-0.1007397348	0.0369351817	-0.0141857411	0.0307488383	0.0269059242	-0.0040796112	-0.0495646319	-0.0397325191	0.1140622158	0.028995637	-0.046957404	-0.058574915	0.1109147349	-0.0410344687	-0.0288560839	0.0732550613	0.1112817987	0.0245186888	-0.0607964294	0.0644457285	0.0162184938	-0.0419456156	0.0789407728	0.0380858178	-0.0570531989	-0.0811901775	0.0034004088	0.0988043356	0.0646102301	0.0161035399	-0.035970438	-0.080076174	-0.026069981923527	-0.0042746479589652	1.8272615173086195e-05	0.000679643957493	-0.0477300857704108	-0.0254727224909743	0.0006488595911021	0.0022781610876507	-0.0828974173250713	-0.0591541878510639	0.0034992179403189	0.006871981799167	-0.0010719329965671	-0.0004109338551501	1.1490403491293223e-06	1.6886663330860554e-07	-0.000435663986146	3.133754380429997e-05	9.820416516864196e-10	1.898031088246221e-07	0.0003057668193153	0.0003014211672492	9.085472006588265e-08	9.349334779419533e-08	0.0	0.0	0.0	0.0	0.0	0.0	0.0	0.0	0.0	0.0	0.0	0.0	0.0	0.0	0.0	0.0	0.0	0.0	0.0	0.0	0.0	0.0	0.0	0.0	0.0	0.0	0.0	0.0	0.0
1090.5308185717838	1.2352130682022562	1189257.4662548448	1.5257513238576317	1549.608390496171	10.865868602538283	118.0671004876273	2401286.1638961337	1045.872883938802	2.0202754947915764	1093850.089358467	4.081513074855349	1088.5377605277952	1042.4002168582235	1.21877	23.835243	0.0503897455860817	0.0237204597876819	0.0106837446	0.0736581836	-0.1074806068	-0.0665173389	0.0132636283	0.049435952	0.0055483212	-0.0281833073	0.0231001843	-0.1412539431	-0.083130092	-0.0916969451	0.0554203403	0.0081994201	-0.1055731456	0.0582990097	0.0357552197	-0.0507124209	-0.0049507269	-0.0179935566	0.0114544452	0.0054556831	0.2045245605	0.1559814001	-0.0345027897	-0.0656492661	-0.1006377378	-0.0720385234	-0.0411464749	0.0754500945	-0.0207325788	-0.0670070235	-0.0751585037	0.0992754707	0.0467045761	0.0560004456	0.00560321	-0.0008969532	-0.0267585673	0.0909709222	0.0043768828	0.0353157419	0.1088280184	-0.1008611884	0.0317958787	-0.0661670701	0.0440332043	0.0803734275	0.0582611047	0.0012977521	0.0089018383	-0.0345243079	-0.0983823943	-0.1987670009	-0.0652040155	-0.0449249961	-0.0336694194	-0.0695959257	-0.052883823	0.1456498888	0.0332424126	0.051310013	0.0980844485	0.1400911859	-0.1457007874	0.1937867033	-0.0295527252	0.0375337348	0.0452740814	0.0722942999	0.0032682077	0.0079565743	-0.0418617394	-0.0630976668	0.049188518	0.0727401904	-0.0216238419	-0.0925683906	-0.1045842746	-0.0545262199	-0.1024551876	0.1734261231	-0.054208717	0.0298371741	-0.0188249376	0.0263426187	-0.0241926099	-0.0393902442	0.0120227207	-0.0788568535	0.1768943186	0.0013743757	0.0439373009	0.0291745252	0.122487566	0.019563507	-0.0950850474	-0.1074849653	-0.0889956665	-0.0716205976	-0.1014834576	-0.0608816569	0.0632461759	-0.0004200809	-0.0073746214	-0.0384971963	-0.0197098946	-0.0310157752	0.0259884028	-0.0347568612	-0.0057911284	-0.0604988455	-0.0144214901	-0.1550839556	-0.0775531185	0.0433982025	0.0315301918	0.0048681862	-0.0823677868	-0.0551873006	-0.1326951718	0.0803605935	-0.1310603102	0.0111283906	0.0957439621	0.0030335021	0.2037981339	0.0191990804	0.0277050598	0.0123699184	-0.1168691026	0.039833577	-0.0113737143	0.0274169344	-0.0018601829	-0.1558384233	0.0566070479	-0.0590051215	-0.0211444863	0.1166893196	-0.0076099963	0.1148962323	0.0109869607	0.0622664423	-0.057967143	-0.0933645153	-0.0198937684	-0.0210827719	-0.1475242348	-0.0507566209	-0.1058344943	0.0978001546	0.0610565531	0.0096839714	-0.0440088629	-0.0871572961	-0.0099791322931963	0.0160908496303307	0.0002589154418259	9.958308132511324e-05	-0.0398353763706893	0.0078947093997215	6.23264365060511e-05	0.0015868572105944	-0.0718387910575018	0.0110586262675695	0.0001222932149257	0.0051608119006033	-0.0011478865979032	-7.595360133609997e-05	1.3176436416457825e-06	5.768949555923207e-09	-0.0005832235021596	-0.0001475595160136	2.177381076616788e-08	3.40149653471309e-07	0.0003891649077348	8.339808841949996e-05	6.955241152026732e-09	1.5144932541223538e-07	0.0	0.0	0.0	0.0	0.0	0.0	0.0	0.0	0.0	0.0	0.0	0.0	0.0	0.0	0.0	0.0	0.0	0.0	0.0	0.0	0.0	0.0	0.0	0.0	0.0	0.0	0.0	0.0	0.0
1091.1384410710127	0.6076224992289099	1190583.09758288	0.3692051015691865	1536.025470181259	-13.582920314912144	184.49572428125305	2359374.2450455576	1046.1194982421875	0.2466143033855132	1094366.0046024865	0.0608186146343219	1088.3240402349904	1038.979540953333	1.329779	26.006222	0.09289671935732	0.0500137902800915	0.0149955389	-0.0731557709	-0.045732778	-0.0263402839	0.1537303894	-0.0988423572	-0.0311545831	0.0331993606	0.1072379155	-0.0563624887	-0.0478585948	0.0103348511	-0.0629778793	-0.0003513915	-0.092374974	0.0064738111	-0.0041858247	0.0561846629	-0.1097673001	-0.1125798911	-0.0507357175	-0.10447777	-0.0515685745	0.0463175824	-0.0880021098	0.111005892	0.0798841305	-0.1126098122	-0.0376060798	-0.0856808672	0.011254778	-0.0136469836	-0.1705653799	0.037711136	-0.0532745331	-0.0091321918	0.0890341826	0.0215573015	-0.0044748377	-0.0662981187	-0.0452004882	0.0422310625	0.1702303322	0.1008731555	0.1725200119	-0.0162108181	-0.0249639671	0.0337484288	0.0775429728	-0.0705799635	0.1662764499	-0.0008305078	-0.0005116598	-0.0579002744	0.0821526805	0.1471756756	-0.0233453746	-0.1434641167	0.062252749	-0.1067138716	0.0553197258	0.0879267134	-0.0878178003	-0.0242384737	-0.0511982562	-0.1002958144	-0.0316288946	-0.014091606	-0.0555636888	-0.0583339872	0.0705292255	-0.0092329337	0.0150573518	-0.0767121362	0.0123046436	-0.0709707741	-0.0584554595	0.0223731508	-0.0771451067	0.1891540324	-0.1164936115	-0.0093280543	0.0788061269	0.0239506333	0.1686932109	-0.0729627335	0.0287265462	0.068065234	-0.0295038876	0.0322116665	-0.0017643643	0.1004255831	0.0230125956	0.0374774041	-0.022466047	0.1113119249	-0.1062980594	0.0493406622	-0.0597847412	0.027592441	0.0078279971	-0.1381753946	0.1696660418	0.0548688034	0.1506776983	-0.1394964586	0.1092005474	-0.0693668152	0.0745123707	0.0292635121	-0.0586345516	-0.0126795018	-0.1157511868	-0.077819582	-0.0074008425	-0.0831894601	-0.0642978371	-0.0020973811	0.0487576358	-0.1587157112	0.0374168886	0.0111980427	0.1247990262	0.0106743723	0.0431636221	-0.0617187568	-0.0151673821	0.0302759552	0.0450149878	0.018925595	-0.0145441061	0.1000026687	-0.0617484856	-0.1794075824	-0.0318944804	-0.0528337824	0.0837012717	0.0162174421	-0.0899473824	0.0594578358	0.0329342115	0.1023754201	-0.0719367406	-0.0853984571	0.0467953739	-0.1340475266	0.1192281106	-0.0289385771	-0.0920888577	-0.1513617333	-0.0096136038	0.0967591949	0.0574110412	0.0032316354	-0.0517826133	-0.0934196269	0.0028234602104504	0.0128025925036467	0.0001639063748144	7.971927559996617e-06	0.0029586119999294	0.0427939883706187	0.0018313254406646	8.753384966126243e-06	-0.0640603204919472	0.0077784705655545	6.050460433919928e-05	0.0041037246615309	-0.0014297981005005	-0.0002819115025973	2.044322608194838e-06	7.947409529666752e-08	-0.0007039129876762	-0.0001206894855165	1.4565951914261576e-08	4.95493494219234e-07	0.0005769972779709	0.0001878323702361	3.528099930851134e-08	3.32925858785828e-07	0.0	0.0	0.0	0.0	0.0	0.0	0.0	0.0	0.0	0.0	0.0	0.0	0.0	0.0	0.0	0.0	0.0	0.0	0.0	0.0	0.0	0.0	0.0	0.0	0.0	0.0	0.0	0.0	0.0
1092.9820223484485	1.84358127743576	1194609.7011769044	3.398791926511669	1542.0028933601443	5.977423178885374	35.72958785947613	2377772.9231310566	1046.4603959830729	0.3408977408853388	1095079.3603610497	0.1162112697407276	1089.30903967137	1064.909329866345	1.483678	29.015999	0.0705770125293042	0.0359491384020187	0.0360891926	-0.0500037065	0.0961046531	0.0149896592	-0.0649472271	-0.040347843	-0.0591328224	0.0832412207	-0.0435609425	0.0661739202	-0.0492571689	0.0151358799	0.016745482	0.0333885881	-0.1303648867	0.0084945557	0.0764508318	-0.0740292563	-0.0751267762	-0.036495336	0.0676539778	0.0627373507	-0.1654389674	-0.0624717035	0.0350406421	-0.0390828311	0.0148370025	-0.0756235508	-0.0307997604	-0.1772695778	-0.0131780095	-0.0055129083	0.0652323907	-0.0225999989	0.0047994951	0.0358978333	0.0782590561	0.1422393075	-0.0921590505	-0.0321662005	-0.0155567854	-0.0337512392	-0.0756217293	-0.0514892812	-0.0029852523	0.0208520439	0.1312164914	-0.0006083043	0.0554147022	0.0161751327	0.1052733468	-0.0824578786	0.0196678289	0.0107430779	-0.1377624314	-0.0264285981	-0.0745763331	-0.0049432105	-0.1908470339	0.0861022631	0.1715243824	0.1014471282	0.0885893267	0.0860348253	0.1945342798	0.0985128259	-0.0184338925	0.0115828483	-0.0316846184	0.0487588844	-0.0186252578	0.0475860793	0.0406988891	-0.1130612542	-0.1464380123	0.0241775219	0.0104032517	-0.075257522	-0.067116156	0.0661847716	-0.0642945854	-0.1202466437	0.0402536479	-0.111454487	0.0572106365	-0.0693202595	-0.0373951343	0.0188972297	-0.0170282832	0.0559060688	-0.0967271031	-0.0013385362	-0.0071820592	0.1201920444	-0.0090012879	-0.1230594621	-0.0338682876	0.0588077378	-0.0375624888	0.0328687389	-0.0779677541	0.0863591509	-0.0035482295	-0.0077293491	0.017057459	0.0015913076	-0.0337339457	-0.1595015368	0.0201624051	-0.0730623338	0.0266095658	-0.0724140995	0.037799991	0.0029840542	-0.085958658	-0.0954137549	0.2272826859	-0.0793554305	-0.0146107947	0.0112903268	-0.1323516339	-0.1414273123	-0.189597288	0.0788334864	-0.0762745927	0.0485515423	-0.0770401077	0.0248020674	0.0444496131	-0.0366928429	0.0221233873	0.049239724	0.1057032336	0.0135048229	-0.0542493578	0.0657771126	0.16695429	-0.0610397057	-0.083816245	0.1118390945	0.0066847364	0.0493388885	0.1807740155	0.0072397767	-0.0868812795	-0.0575387064	-0.0052725005	-0.0550547745	-0.0933104306	-0.0408289353	0.0005978132	0.095681848	0.0536791777	-0.0032316354	-0.059244937	-0.0988043356	-0.0099194802047577	-0.0127429404152081	0.0001623825304255	9.839608753257986e-05	-0.016019119691137	-0.0189777316910664	0.0003601543001381	0.0002566121956789	-0.0725915865323969	-0.0085312660404497	7.278250025293045e-05	0.0052695384352904	-0.0009702548847502	0.0004595432157503	9.41394541381624e-07	2.111799671421268e-07	-0.0008502805672536	-0.0001463675795774	2.1423468351346543e-08	7.229770430491038e-07	0.0005775879702948	5.906923238999974e-07	3.4891742151437946e-13	3.336078634292668e-07	0.0	0.0	0.0	0.0	0.0	0.0	0.0	0.0	0.0	0.0	0.0	0.0	0.0	0.0	0.0	0.0	0.0	0.0	0.0	0.0	0.0	0.0	0.0	0.0	0.0	0.0	0.0	0.0	0.0
1092.3010355169497	-0.6809868314987853	1193121.552191401	0.4637430646747549	1562.3634150438454	20.36052168370111	414.550843232463	2440979.440667467	1046.401499186198	-0.0588967968749329	1094956.0974991226	0.0034688326821271	1090.2824419892468	1063.956386135967	1.370406	26.800758	0.1002515868683826	0.044354359067181	0.0483235052	0.1114577621	-0.0460506309	-0.0027191196	-0.1410635816	0.1733186172	0.0364252516	-0.0154164574	-0.0406220782	-0.0581330254	-0.0222069902	0.0592514985	0.0222858476	0.043138424	-0.1893874648	0.0399813905	0.027804682	0.001619153	-0.1467460427	-0.0357467877	0.1435019346	-0.0433296578	0.1803214152	0.1368566064	0.1345174118	-0.0184482076	-0.0746780142	-0.1162735939	-0.1910236932	0.0696604648	0.0262443528	0.0316477842	-0.0306460116	0.0534146748	0.0202863781	-0.1425883083	-0.0533475001	0.0296639347	0.0772735061	-0.0418041628	-0.1803502042	0.0834415502	-0.0722646866	0.0920477901	0.1624127381	-0.1437499092	-0.023685762	-0.0584810071	0.0014142971	0.0369661829	0.0822920644	0.0538573003	-0.0768201145	-0.0241652601	-0.0685340174	-0.0660264162	0.0650432688	0.1035263089	-0.1032660022	0.0902911025	0.0123935083	-0.0262831111	-0.0531645068	-0.0677846733	0.1132670351	-0.0084202532	0.0183321087	-0.0308428743	-0.0374253396	-0.0456883334	-0.076646852	0.0860118494	-0.1577117161	-0.0830610657	0.0070503432	0.0890209208	0.103735935	-0.1322568875	-0.1602855572	0.0669062796	-0.1432304934	0.1994786368	-0.021598165	0.0051756469	-0.0015627253	0.1042187851	-0.1476851801	-0.0667926626	0.0519116039	-0.036465906	0.033497599	0.0382307137	-0.0656441679	0.0006704263	-0.0038500787	0.0885629964	0.0247702172	0.0458645862	0.0965106673	-0.0453672807	-0.1048599642	0.1409755106	0.0830872404	-0.0053237619	0.0484577037	-0.2940014701	-0.0905048406	-0.1053053439	-0.0028111407	-0.0044441872	-0.0447799328	-0.0467018306	0.0438679035	0.0726736111	-0.058688825	0.0772649151	0.0566965076	0.0925975168	-0.0714542942	0.0915372802	0.0262669217	0.0135433981	-0.0055497912	0.0019821189	0.0092417258	-0.0073511585	-0.1170192241	0.0257663294	0.0636695358	-0.0516278516	-0.0624659949	0.0624108534	0.0357066035	0.0288165296	0.0381183006	-0.2464156411	0.1370246449	-0.0706589813	0.0846676065	-0.0210207156	-0.1013403212	-0.0221211308	-0.0614397502	-0.0543594492	-0.0380134411	-0.0906795611	-0.0128750055	-0.0668255754	-0.0096760362	-0.088813341	0.0634249396	0.0945685192	0.0498665756	-0.0096839714	-0.0663509546	-0.103260836	0.0067554069319584	0.0166748871367161	0.0002780518610222	4.56355228163516e-05	-0.0422540052569786	-0.0262348855658416	0.0006882692206528	0.0017854009602567	-0.064259663574802	0.0083319229575948	6.94209401712969e-05	0.0041293043627467	-0.0006430012909146	0.0003272535938356	4.13450660117842e-07	1.070949146783159e-07	-0.0013322413798251	-0.0004819608125715	2.3228622485458058e-07	1.7748670941182865e-06	0.0007485713880523	0.0001709834177575	2.923532914803577e-08	5.603591230105471e-07	0.0	0.0	0.0	0.0	0.0	0.0	0.0	0.0	0.0	0.0	0.0	0.0	0.0	0.0	0.0	0.0	0.0	0.0	0.0	0.0	0.0	0.0	0.0	0.0	0.0	0.0	0.0	0.0	0.0
1090.3413507292823	-1.9596847876673564	1188844.2611101558	3.840364467014852	1545.5635633972272	-16.799851646618208	282.2350153483805	2388766.7285011346	1044.505979251302	-1.895519934895901	1090992.7406917214	3.592995823587762	1087.4337112141814	1036.8101616107008	1.326773	25.947435	0.1058803102261602	0.0601313810913186	0.0258403502	-0.0911350368	-0.0711156847	-0.0426575542	0.0844075799	0.0522154875	0.0055711638	-0.0675499604	0.1327446319	0.0441506805	0.0711698544	0.0825113518	-0.0163322545	0.0330221244	0.018745001	-0.0184444085	-0.091219292	-0.0429960004	-0.0189376005	-0.0475380753	-0.0776245302	-0.0033979357	0.0797487828	0.0673600788	0.0468631997	0.0679534339	0.0152013078	-0.0933904839	-0.0421397702	-0.0073386811	0.1140106884	0.0901401532	0.0263064793	0.0826203607	-0.1016474683	-0.0427576491	0.0378658655	-0.0979267051	0.0026439484	0.0585749772	0.0898972371	-0.0761328657	0.0947015838	0.1117790509	0.1350970561	0.0243323087	-0.0625917145	-0.0593340932	0.0713880763	-0.0507051233	-0.0220316308	0.1105438061	0.0298583801	-0.0120006387	0.0994281652	0.0190489711	-0.0366190926	-0.0506235259	-0.0270258952	-0.1025161808	-0.1468139305	0.0796129612	-0.17760099	0.0222258184	0.1287814326	0.0673643088	-0.0228941246	-0.0186468372	0.0825801413	0.0471052869	-0.0090195127	0.0248167995	-0.0631931016	0.0528073569	0.0738587984	-0.1012668611	-0.0405642632	-0.0174839636	0.0109640083	-0.031894198	-0.0789243064	0.0673043674	-0.0959127451	0.02009291	0.0548102204	0.0306770163	-0.1286043439	0.0627759463	-0.0199933142	0.0681643	-0.0008556647	-0.0706096474	-0.0157821618	-0.1428371455	0.0597716465	0.1295836763	0.0066196796	0.0567783658	-0.0565957451	0.0666179448	0.0712202578	0.0079179091	0.0862645038	-0.1174025837	0.1022655785	-0.047722295	0.0890521126	0.0584692795	-0.0831093453	0.0744312617	0.0635951417	-0.0040745167	-0.0062492192	-0.0252743979	-0.0258428827	-0.1065364321	-0.0333343461	-0.0152169873	-0.0041551328	0.0164030866	-0.0494192321	0.0171532147	0.1414297396	0.1988845738	-0.0363952916	0.0422004681	-0.1355458983	0.0245010431	0.0611290372	0.036102795	0.0238790082	0.1029842917	-0.0712567871	-0.121943209	-0.0262168346	-0.0796434534	0.0614456535	-0.0227514545	-0.0857852956	0.0942107657	-0.0255936809	0.0501810468	-0.0387948528	-0.121557029	-0.0625998077	-0.1174173528	0.0143940314	-0.0256288515	-0.0113467708	-0.0090601365	0.0181672528	0.0934196269	0.0459789694	-0.0161035399	-0.0730579298	-0.106747262	0.0038382011794908	-0.0029172057524675	8.510089402230053e-06	1.4731788294244567e-05	0.0051904149132866	0.0474444201702652	0.0022509730052926	2.6940406972067943e-05	-0.0652714186200995	-0.0010117550452974	1.023648271684928e-06	0.0042603580886802	-0.0010837473364327	-0.0004407460455181	1.1745082892249718e-06	1.942570766398431e-07	-0.0007893480893055	0.0005428932905196	2.947331248911989e-07	6.230704060902435e-07	0.0006420721389274	-0.0001064992491248	1.134209006416751e-08	4.122566315868065e-07	0.0	0.0	0.0	0.0	0.0	0.0	0.0	0.0	0.0	0.0	0.0	0.0	0.0	0.0	0.0	0.0	0.0	0.0	0.0	0.0	0.0	0.0	0.0	0.0	0.0	0.0	0.0	0.0	0.0
1091.3689313995492	1.0275806702668433	1191086.144424194	1.0559220339060549	1539.8470964058092	-5.716466991417974	32.677994863971264	2371129.0803094017	1044.4328565625	-0.0731226888019591	1090839.9918673038	0.0053469276176281	1086.800384642586	1040.2032531737807	1.349322	26.388414	0.1186466469895507	0.0685626486015465	0.0017911049	-0.0144403507	0.1148624532	-0.0187902819	0.0965625336	-0.1268778515	-0.0579179332	-0.0785656349	0.0297432406	0.0669095088	-0.0158973624	0.085011048	-0.0019407306	0.0082433964	0.0590070517	0.1381366705	0.0037231284	-0.076000918	-0.0435672417	0.0399589102	-0.0608036031	0.06513201	0.0543122809	-0.0396246051	0.0577857538	0.1142614629	0.0923170545	-0.0447478314	-0.0623424254	0.0227919921	0.0661655191	0.2052594195	-0.0145651645	-0.0093624487	0.127557326	0.1228970307	-0.1286711608	-0.0098646428	-0.0668685177	0.0712097845	-0.0492836197	0.0401651447	-0.0197064052	-0.1001200499	0.0383118683	0.0321459034	0.0582318005	-0.1427246858	-0.0962120927	-0.0939279279	-0.0204957358	-0.1167415592	0.0856816151	0.0583769717	0.1198891181	0.1178236082	-0.176380312	-0.0037775965	0.0013503525	0.2324015859	-0.078720906	0.0357635199	0.0801040438	0.0747089521	-0.0707999004	-0.087727168	0.0428099511	0.05103803	-0.0305303715	-0.0172224756	0.0601435606	-0.0298894989	0.1192156302	0.0016832488	-0.0150640425	-0.0252608112	0.0377055023	0.0297318846	-0.0571922795	0.0069825966	-0.0166549107	0.0012106325	-0.1764524107	0.1086416341	0.0938992292	0.115446379	-0.1535255979	0.1452751611	0.07426706	0.0131602528	-0.0644942991	-0.0778568858	0.0428574686	-0.0107571162	-0.0779979292	-0.1118032793	0.0311289884	-0.044916001	-0.0070245625	0.0133919824	-0.0714477947	-0.0259960435	-0.1019965002	0.0044160323	0.1044111731	0.0811672472	0.0121760392	-0.0814144787	-0.0113806319	0.1621652496	-0.0764916243	0.2322833283	0.0522279033	0.0829818708	-0.0210375911	-0.2027191874	-0.1520913465	0.1178656481	-0.0100644908	0.046499896	-0.1157841437	0.0226250819	-0.0744257995	-0.1004313184	0.105953438	-0.0149580445	-0.010169482	0.0133832955	0.0121763617	0.0161685327	0.0319387811	-0.0109717858	0.0833408599	-0.0905319521	0.021489252	0.0677051576	0.1157688067	-0.0061483818	-0.0171750104	0.0965018043	0.0795552385	0.0189014958	0.0820317343	0.0084490829	0.0745687904	-0.1040000968	-0.0749602886	0.0178825639	-0.0953310144	-0.0412279634	-0.00489841	0.0922356034	0.0420222065	-0.0224686191	-0.0793255261	-0.1092308605	0.001916115014751	-0.0019220861647398	3.694415224684154e-06	3.671496749754225e-06	-0.0541245178125109	-0.0593149327257975	0.0035182612442658	0.0029294634284368	-0.0524233934316811	0.0128480251884183	0.0001650717512422	0.0027482121788928	-0.001044957978848	3.8789357584699926e-05	1.0919371775580972e-06	1.5046142618337175e-09	-0.000311140015647	0.0004782080736585	2.286829617121734e-07	9.680810933681541e-08	0.0002678375119587	-0.0003742346269687	1.4005155602240208e-07	7.173693281222677e-08	0.0	0.0	0.0	0.0	0.0	0.0	0.0	0.0	0.0	0.0	0.0	0.0	0.0	0.0	0.0	0.0	0.0	0.0	0.0	0.0	0.0	0.0	0.0	0.0	0.0	0.0	0.0	0.0	0.0
1091.673553766508	0.3046223669587107	1191751.1479931965	0.0927947864515274	1541.4899401299183	1.6428437241090703	2.69893550184456	2376191.235521739	1045.5428439583334	1.1099873958332864	1093159.83855248	1.2320720189087608	1087.8056219562206	1056.274466051364	1.293976	25.306034	0.0855114874480322	0.0509986025648739	-0.0083037951	0.0767078606	-0.0247543386	-0.0116228388	-0.0951811804	-0.0341839902	-0.0416687246	-0.0075335034	-0.1136919164	-0.0595778648	0.0113131194	-0.0199142851	0.0724406755	0.0306754097	-0.0689374088	0.0077906412	-0.0057807027	-0.1169251231	0.1304151139	0.0235749707	-0.0391695088	0.0690913278	0.0079906471	0.0397464601	0.0465043746	-0.1150277873	0.0318820042	-0.088010203	-0.0039184558	-0.1089827654	0.2248397307	-0.058860265	0.0177389744	-0.103723665	-0.0837727266	0.0148968039	-0.0767497799	-0.0264090129	0.0453852263	0.0194064702	0.0382668468	0.0544960879	0.0739382481	-0.0457930153	0.0218871921	0.0362632456	9.74044e-05	-0.0183388797	0.0083018233	0.0750942939	0.0779263759	0.0255846266	-0.0307787197	-0.0418876861	-0.1106352264	-0.0673294803	0.0471140814	0.0640234922	-0.0956541503	0.1591339787	0.0294588412	0.0771680926	0.0346307423	-0.0527511939	0.0327695391	-0.0671313918	-0.1049741989	0.1092422567	-0.0833161554	-0.036012975	0.0209045011	0.0095324849	0.065783988	-0.0657154687	-0.0081205906	0.051585798	-0.0883168508	-0.1856073208	-0.001216857	-0.1043382432	0.0189228207	0.0293815494	-0.0051638283	-0.0904093142	-0.0262007203	0.0028366749	-0.0101633349	0.0824976718	-0.136645379	0.1683387886	-0.0295151752	-0.0984006492	0.0429911481	0.0084186336	-0.0412655525	0.1070398536	0.0246787278	-0.1050409107	0.0645736278	-0.0423507549	-0.0038055691	-0.0969461625	-0.013667887	0.0449193509	0.0414508304	-0.0129902861	0.0036116812	-0.0686773086	-0.039043509	0.0210930316	0.0459762984	0.0055421416	0.0352178785	0.0357908496	-0.0675243325	-0.026705178	0.1650797369	0.0215799756	-0.0614781524	0.0821911548	0.0688198038	0.0055100532	-0.1532600865	-0.0102227723	0.1889872572	-0.0929791199	-0.0558349735	-0.0020902672	-0.0078748871	-0.0028029007	-0.0406841909	-0.0054619759	0.0067437774	0.1212288711	0.0957402974	-0.0625489523	0.0948503666	0.0387674322	0.0955221532	-0.0107901938	0.0738779494	0.0780989225	0.0141918972	0.0028479947	0.0655911232	-0.0823359352	-0.1530812251	0.0033283361	0.0031423165	0.0414988331	0.1062695747	0.0910168938	0.0380022381	-0.0287576717	-0.0851160492	-0.1106882998	-0.0026109133406606	-0.0045270283554116	2.0493985730700656e-05	6.816868472439494e-06	-0.0990770143990431	-0.0449524965865321	0.0020207269493621	0.0098162547822281	-0.052505587646749	-8.21942150679017e-05	6.755888990628478e-09	0.0027568367341304	-0.0007139989560258	0.0003309590228222	5.097945092059322e-07	1.0953387478742557e-07	-0.0001780047240846	0.0001331352915623	1.7725005859405253e-08	3.1685681796434585e-08	1.2936460522888608e-05	-0.0002549010514358	6.497454602308217e-08	1.6735201086025538e-10	0.0	0.0	0.0	0.0	0.0	0.0	0.0	0.0	0.0	0.0	0.0	0.0	0.0	0.0	0.0	0.0	0.0	0.0	0.0	0.0	0.0	0.0	0.0	0.0	0.0	0.0	0.0	0.0	0.0
1090.6678864232904	-1.0056673432175105	1189556.4384750477	1.0113668052141656	1558.7190220587502	17.229081928831874	296.8412641104011	2429604.9897277863	1045.623196809896	0.0803528515625657	1093327.8697069464	0.0064565807542357	1089.539502333526	1054.3217209159675	1.312881	25.675745	0.0516869462713103	0.0282806930535572	0.033059799	-0.0826449914	-0.0235004741	-0.0525707765	-0.0366821929	0.1385111584	0.1272443191	0.0763864967	0.1190075305	0.0297436094	0.0100419951	0.1063236641	0.0795925913	0.0271302931	-0.1235470956	-0.1482100575	0.0009990614	0.0711185965	0.0563528622	-0.0611993002	-0.0309755807	-0.1225874436	0.0093715513	0.0510234963	0.0339691987	0.0423560701	0.1041351463	0.0720751985	0.063073431	0.0085258531	0.0080375792	0.0200370004	-0.0600629929	-0.0935223523	-0.0249291979	0.0064826313	-0.0963486868	-0.0426061189	0.1404946493	-0.0067084722	-0.0366627693	-0.0417811758	-0.0376789222	-0.0664034198	-0.0047567426	0.0100666652	-0.1127923738	0.0448312865	-0.0530838395	0.0102474851	-0.2491155203	0.0482605366	-0.0867534063	0.0539022044	0.0983869709	0.0336077859	0.0288586949	-0.0350598337	0.0286387384	-0.0012525073	0.1322972845	0.0596369172	-0.0699980163	0.0910726099	0.0565153421	0.0711366348	0.0872708519	-0.0896458922	-0.0638784035	-0.1426734246	-0.0239101983	0.0662925933	-0.2101749301	-0.0119358567	-0.0108113348	-0.0543238028	-0.0819249264	0.0250997967	0.035667612	0.0734136824	0.0226353514	0.0526284592	0.0742879738	0.0329753612	0.0185657447	0.0966389952	0.1148340094	0.0512144205	-0.0552916345	0.0240443213	-0.0184669262	-0.0512708344	0.0662550395	-0.0423364369	-0.1171033105	0.0839920068	0.0556268179	-0.048049743	0.07341561	-0.1117444411	0.020420074	0.0027706632	0.0151271902	0.0197944044	-0.0352285831	-0.0221880106	-0.106968067	0.1787441996	0.0055695637	-0.0419218105	0.0708051697	0.0414011016	0.0936048697	-0.0456643227	0.0353246066	0.0386947939	-0.0535127907	0.0309303213	0.1468479324	-0.0225807711	-0.1928588643	-0.0491448274	0.0817600695	0.0776231677	-0.0498146203	0.0324600373	-0.0613766278	0.0040594919	0.005486314	0.0460831215	0.0933055182	0.0529202738	-0.04349019	-0.0596974727	0.0386403312	-0.1321993039	-0.0185353607	-0.0812308138	0.0375993858	-0.0186856111	0.1068128987	-0.0530039979	-0.057193986	0.0077364343	0.075449023	-0.079769885	-0.128462935	0.089310147	0.0061289211	-0.0661596293	0.106885817	0.0897639565	0.0339251109	-0.0349494174	-0.0903946745	-0.1111058879	0.000578250313481	0.0031891636541416	1.01707648128978e-05	3.343734250408748e-07	-0.0839189620874378	0.0151580523116052	0.0002297665498813	0.0070423921978328	-0.0343711202180401	0.0181344674287089	0.0003288589089229	0.0011813739050429	-0.0007229970937929	-8.998137767099999e-06	5.227247976329794e-07	8.096648327571136e-11	-0.000473004401895	-0.0002949996778104	8.70248099082398e-08	2.237331642120467e-07	1.2829018563296632e-05	-1.0744195959197637e-07	1.1543774680963883e-14	1.6458371729740954e-10	0.0	0.0	0.0	0.0	0.0	0.0	0.0	0.0	0.0	0.0	0.0	0.0	0.0	0.0	0.0	0.0	0.0	0.0	0.0	0.0	0.0	0.0	0.0	0.0	0.0	0.0	0.0	0.0	0.0
1088.3015943500156	-2.3662920732747352	1184400.360264786	5.599338176042845	1537.5535740763	-21.16544798245013	447.9761882978024	2364070.993154804	1044.344601236979	-1.2785955729168563	1090655.646132825	1.6348066390825842	1086.7198895337758	1036.689318480771	1.374225	26.875437	0.0784631342481518	0.0433554923137515	0.0194974241	0.0548093777	0.0965704597	-0.0642044139	0.0758165465	0.0100641847	-0.0522222439	-0.0706832739	-0.0711732891	0.141645057	0.0861823313	-0.034349939	0.0339410295	-0.0027011385	-0.0302724929	-0.0995306441	0.0448148687	-0.0481428475	0.0139768786	0.013492647	0.0512414231	-0.0934778798	-0.0066363806	0.0599517589	0.0658330974	0.0424699521	-0.0447058244	0.1347507541	0.0512366403	-0.1296973268	0.0287514841	0.0815970189	-0.0440178356	-0.0499924862	0.0173895599	0.0327151518	-0.0527356408	-0.1201944481	0.0389529118	-0.0664912006	0.0782452843	0.020170387	-0.0469231879	-0.0576797123	0.0832321401	0.015217389	0.0923450693	0.042963429	0.0622240429	0.0663699175	-0.0941041991	-0.0392911955	0.0671347834	-0.0238974645	-0.2091142296	-0.0991320094	-0.1734546075	0.0073629107	-0.0289237742	-0.0439870456	-0.0967112555	-0.11765265	-0.0555954874	0.03695571	-0.0783165016	-0.0079053424	0.1237823221	-0.008603069	0.0374354684	-0.1037687177	0.0678281822	0.0160502155	-0.0369189469	0.0141577214	-0.0990984316	0.0062040101	-0.0159864985	0.0247030217	0.0605368749	0.0811264465	0.0296152328	0.1103850205	-0.0421007822	-0.0608571241	0.0301042821	-0.064342638	-0.0120579313	-0.0594018066	0.023862623	-0.0479448971	-0.1836342865	-0.1090223723	0.0758573186	0.0077476179	-0.0444362537	0.0254588785	0.0775966974	-0.0207723329	0.0393242521	-0.0363295222	0.069932586	-0.1535747013	-0.0903740836	-0.2309974429	0.0423231547	0.0591528989	0.0317199119	-0.0681865249	-0.0322591273	-0.0929623806	0.07570547	-0.0068065633	0.1938072129	0.0372379095	-0.0157611096	0.0936615097	-0.0425061747	0.0353127965	-0.0515281429	-0.0635854668	0.0401086497	0.1327684802	0.0205984648	0.0227269412	0.0006476586	-0.0245939223	0.0060547872	0.0156318381	-0.0075848844	0.0519613273	-0.0417791843	-0.0063794179	0.109777465	-0.125759958	0.0932622866	0.1253497083	0.0920880159	-0.02955403	0.0217355296	-0.0270587319	0.0038586298	0.0252010221	-0.0517161572	-0.0646509542	0.0612394878	-0.1159003432	-0.1942559035	-0.024215072	-0.1405022872	-0.0716982531	0.0649010087	0.0884772626	0.029796957	-0.0410229053	-0.0951296555	-0.110479702	0.0003295111578012	-0.0002487391556798	6.18711675682998e-08	1.0857760311548733e-07	-0.0691925205364469	0.0147264415509909	0.0002168680807547	0.0047876048981866	-0.0524686232685525	-0.0180975030505124	0.0003275196166633	0.0027529564276972	-0.0014459972408622	-0.0007230001470693	2.090908020581096e-06	5.227292126622296e-07	-0.0006570092440669	-0.0001840048421719	3.385778194270583e-08	4.316611467893594e-07	1.2024997985122946e-05	-8.04020578173686e-07	6.464490901267483e-13	1.4460057654221091e-10	0.0	0.0	0.0	0.0	0.0	0.0	0.0	0.0	0.0	0.0	0.0	0.0	0.0	0.0	0.0	0.0	0.0	0.0	0.0	0.0	0.0	0.0	0.0	0.0	0.0	0.0	0.0	0.0	0.0
1088.8776341275002	0.5760397774845387	1185654.5021031022	0.3318218252444369	1546.0655358751546	8.5119617988546	72.45349366516004	2390318.641220929	1041.3270861914064	-3.017515045572736	1084362.100435885	9.105397050257832	1083.9174598985917	1056.594987980067	1.203098	23.528751	0.0984213414679877	0.0628179505368832	0.0086226158	0.0877784766	-0.0564597851	-0.0193278466	-0.0608052766	0.027531889	-0.0314187814	-0.1067803678	-0.0464042888	-0.0138535665	0.0388417994	-0.0694814411	-0.0027166939	0.0227017496	0.1671152255	-0.0096755426	0.1117108378	0.0517946968	-0.1262693856	0.0571611486	0.0909475377	0.0386029864	0.068141989	0.1057757734	0.0498807875	0.0314961809	-0.0272656645	0.0211003616	0.0221866374	-0.1400976622	0.031060472	0.0016689113	0.1098687699	0.0156905208	-0.0150428761	0.1401155936	-0.0189924928	0.116037888	0.0136489959	-0.0298351464	0.0229547932	-0.0937739538	0.0124467628	0.0754822987	0.0722437967	0.0223441265	0.0163332769	-0.0186980724	0.0249107718	-0.0906923549	0.036923589	-0.0621711997	0.0231207734	0.1285086791	0.0148857615	0.0603739252	0.1113495429	0.0536496555	-0.0109456087	-0.0064170535	-0.1574790071	-0.0923475464	0.0254264746	-0.0414923619	-0.1104368756	-0.1257618873	0.0496997577	-0.0611607264	-0.0869156987	0.1088840148	-0.1239733963	0.0002660584	0.045541731	0.1481372491	0.0475617615	0.0927864253	0.0735812256	0.0291978712	-0.0851185713	0.0581921101	0.0039999098	0.0148458906	-0.0736548274	-0.0408758777	0.0234582829	-0.0723253953	0.0406246434	-0.0547624098	-0.0017832169	-0.0001309981	-0.0717915326	-0.2800540814	0.0270774295	0.080794836	0.0911469813	-0.0701595395	0.0179158208	0.0988978954	0.0009539206	0.0489394568	0.1008043063	0.0556170953	0.0450191736	0.0301704486	0.0899398339	-0.0087323781	0.0263376067	-0.0074099947	-0.0153285668	0.0833996691	-0.0042458428	-0.045175144	-0.0909924181	0.0882807225	0.038103875	0.0679979662	-0.1257273379	-0.0470561812	-0.0352967132	0.0334791438	0.0239873119	-0.0218296057	0.0513512658	-0.1896709196	0.0298165997	0.0894540573	0.0645109808	0.0138560178	0.0274292639	0.0283394992	-0.1363079029	0.0084869696	0.0090534343	0.0357347896	0.05422787	0.105238505	0.0222880304	-0.0103705571	0.0218250399	-0.0660327861	-0.0542742728	0.0257096535	0.0294605352	-0.0863393659	-0.0346170441	-0.0789920158	-0.1746666583	-0.0444548617	-0.1071351119	0.0259124872	-0.017629743	0.0871572961	0.0256239856	-0.0469575846	-0.0992925156	-0.1088156246	-0.0099572163207568	-0.010286727478558	0.0001058167622181	9.914615685834556e-05	-0.010738675495503	0.0584538450409438	0.0034168520000706	0.0001153191513977	-0.0625936413616017	-0.0101250180930492	0.0001025159913845	0.0039179639389048	-0.0010689960043667	0.0003770012364955	1.1427524573519696e-06	1.42129932319136e-07	-0.0006710066694191	-1.3997425352200044e-05	1.959279164904125e-10	4.502499504049135e-07	1.2141353246156413e-05	1.163552610334668e-07	1.3538546770166194e-14	1.4741245864795283e-10	0.0	0.0	0.0	0.0	0.0	0.0	0.0	0.0	0.0	0.0	0.0	0.0	0.0	0.0	0.0	0.0	0.0	0.0	0.0	0.0	0.0	0.0	0.0	0.0	0.0	0.0	0.0	0.0	0.0
1089.6950057663564	0.8173716388562298	1187435.2055921396	0.6680963960065189	1544.996522087864	-1.0690137872907144	1.1427904774176367	2387014.2532635955	1042.3320549739583	1.004968782551941	1086456.112826235	1.0099622539039312	1085.1908213667955	1042.8514248039185	1.164219	22.768394	0.1099289697103071	0.0552210509598096	-0.0401968736	0.0069979527	-0.0769422181	-0.0181514268	0.0619976548	-0.0341668181	0.0268928229	-0.0301884587	0.082677822	-0.0777556824	-0.0343205327	-0.0505900006	0.0435693508	0.0079710051	0.1771174208	0.0338265315	0.0740455028	0.0155168491	-0.1365846939	0.1632449439	-0.0207829092	0.1204448956	0.0500399569	-0.0113585812	0.0231965869	0.0585072914	0.0970066066	-0.0088889394	0.0186826238	0.0112587734	-0.1396009975	-0.1017998224	0.0922900767	-0.0982325624	-0.0175594034	0.03463262	-0.1152180367	0.028856073	-0.0269321667	0.0261474206	0.0423408051	0.0508567354	-0.0493431953	0.0705538716	0.0418996241	0.0189939987	0.1130072304	-0.0553922621	-0.1053070422	-0.0169093226	0.0281904914	0.0103312083	-0.0666629818	-0.0213103173	0.1315662068	-0.1415653604	0.0326539108	-0.1173547656	-0.006382267	-0.0426105964	0.0460251501	-0.0109257249	0.1172477108	-0.0094832086	0.0205025678	0.1356550427	0.0978170745	-0.0676554728	-0.021011098	-0.0049503238	0.03071588	-0.0224333756	0.0695388931	0.1348739859	0.0586374978	0.0148947894	0.0786697946	0.0798676699	-0.188789491	-0.0513798234	0.0785260473	-0.0768396299	-0.1069824084	0.0639418699	0.0032430467	0.0438771945	0.0871842154	-0.0450006754	-0.1197024095	-0.0135126468	0.0306044983	0.0060666091	0.0703798335	0.031732647	0.0287108001	-0.0662061593	0.0534933142	-0.0723578915	0.0547063929	0.1141992481	-0.0135951817	0.1682126686	0.0172028152	0.017670951	0.0840221667	0.0868060547	-0.102829613	0.0034266017	0.0189895628	0.0250875563	-0.0280831848	0.072520076	-0.1184965541	0.0096472764	-0.0132858722	-0.0330773628	0.0378060257	0.0200815607	-0.0644490401	-0.1626520473	-0.0153125357	0.0733131601	-0.0839504042	0.0149288767	-0.1182861145	0.0738029847	0.0678334004	-0.0120011769	0.00749407	0.0591574466	-0.0472103944	0.0346195051	-0.0395167798	0.1281625338	0.0466062689	0.0364513933	-0.0865758042	-0.0611867132	-0.0719267528	-0.1268435372	0.0035022163	0.0159682711	0.0380517342	-0.0869432686	-0.013707982	0.0242575821	-0.1913851981	-0.0403457464	-0.0663165976	0.0092477747	0.0948276538	0.0858045533	0.0214124734	-0.0527333744	-0.1028582188	-0.1061292888	-0.0098982212825973	5.899503815949905e-05	3.480414527440749e-09	9.797478455926214e-05	-0.0502887140143855	-0.0395500385188825	0.001564205546845	0.0025289547572206	-0.0391371769355544	0.0234564644260472	0.0005502057233704	0.0015317186184848	-0.0005150399537379	0.0005539560506288	2.6526615394633815e-07	3.068673060282576e-07	-0.0004699556801086	0.0002010509893105	4.04215003027308e-08	2.2085834126633683e-07	-0.0001701210413589	-0.000182262394605	3.321958048716929e-08	2.8941168713036562e-08	0.0	0.0	0.0	0.0	0.0	0.0	0.0	0.0	0.0	0.0	0.0	0.0	0.0	0.0	0.0	0.0	0.0	0.0	0.0	0.0	0.0	0.0	0.0	0.0	0.0	0.0	0.0	0.0	0.0
1091.7960186747844	2.101012908427947	1192018.5463941102	4.414255241380861	1542.116337842795	-2.880184245068904	8.29546128554313	2378122.7994416733	1044.270261953125	1.9382069791668075	1090500.3799996483	3.75664629409092	1087.0808044789774	1051.7089199929867	1.108497	21.67865	0.0833309271740192	0.0403919879322858	-0.007290951	-0.0756580392	-0.0588662543	0.0349770874	0.0726538103	-0.0753079658	-0.023571307	0.034640939	0.0283487371	-0.0852270633	-0.040041608	0.0070506966	0.0691280554	0.0219800098	0.0356438997	0.04161399	0.0179633722	0.0717503466	-0.1017649319	-0.0162460379	-0.0601426035	-0.023634463	0.1212835226	-0.0158599987	0.1711003507	0.0184283716	-0.0307720189	0.0502219814	-0.0129006877	0.0089257023	0.0768915462	-0.1160145773	-0.0152530089	0.0271650193	-0.1246453268	0.0284565249	-0.0298993811	-0.0530126755	-0.0732466634	-0.0190248468	-0.0393025835	-0.059534426	-0.0498651703	-0.1358095553	-0.1223897389	-0.1272096155	-0.1228709375	-0.0199850149	0.0426196534	0.1343573433	-0.1049317517	-0.032699502	-0.031365897	-0.0572663185	0.174605244	0.0199767741	-0.1179824266	0.0076620884	-0.0917372947	-0.1172626408	0.1157958653	0.0252522066	0.0083001225	0.0206815412	0.0748418896	-0.1387613093	0.0804385465	0.0398777151	0.0403592066	0.1205885094	-0.1079410128	-0.0025733681	0.0832824734	-0.0044796389	0.0596601262	-0.0336211273	-0.0206771701	0.0411432088	-0.1411958879	0.118667728	0.0018598312	-0.0164630333	-0.0745638058	-0.0663000879	-0.0473612867	0.1135985745	0.0461792766	-0.0952054892	-0.0132109603	0.1046076756	0.0812357877	0.023013187	0.0680252081	-0.0352360326	0.0474697864	0.0070636184	0.0348050304	-0.0520465379	-0.0086529547	-0.2198285226	0.0265325438	-0.0227220043	-0.0679393681	0.0660365187	-0.18465376	-0.0900490896	-0.0862755241	0.0910507623	-0.0446655177	-0.0097055646	-0.0720724923	0.0418609367	0.0253610854	0.0511621797	-0.1115227504	-0.1477910032	0.02748315	-0.1401010731	0.0729353702	-0.1224490852	0.0286203955	-0.1384550512	0.1269108546	-0.046360888	-0.0845940904	-0.0382813561	-0.0644435552	0.0088190238	0.0066560122	0.0063714898	0.0384058717	0.0428503288	-0.0740742034	0.0288939886	-0.0100230437	0.0451444113	-0.151810491	-0.0873783205	0.0096235451	-0.1914272558	0.0323601317	0.0448325268	0.0779061009	-0.0254005171	-0.1636288642	0.0007340845	-0.1192246757	0.0394840633	-0.0211031528	-0.062298607	0.1017156416	0.0844195428	0.0171687548	-0.0583307311	-0.1058053206	-0.1024459312	-0.0222425043485117	-0.0123442830659143	0.0001523813244114	0.0004947289996935	-0.0692809915951926	-0.0189922775808071	0.0003607066077064	0.0047998557964131	-0.0709374743872359	-0.0318002974516814	0.0010112589180154	0.0050321252724397	-0.000594984671462	-7.994471772410007e-05	3.540067592747441e-07	6.391157891986041e-09	-0.0003930230957231	7.69325843855e-05	5.9186225402320785e-09	1.5446715377176904e-07	7.688303804382528e-05	0.0002470040794027	6.101101524158783e-08	5.9110015388482864e-09	0.0	0.0	0.0	0.0	0.0	0.0	0.0	0.0	0.0	0.0	0.0	0.0	0.0	0.0	0.0	0.0	0.0	0.0	0.0	0.0	0.0	0.0	0.0	0.0	0.0	0.0	0.0	0.0	0.0
1091.248486368439	-0.5475323063453743	1190823.2590014092	0.2997916264918848	1548.0316443370189	5.915306494223842	34.99085092060675	2396401.9718687744	1045.591127623698	1.3208656705728572	1093260.8061653962	1.7446861196978838	1088.5248319638322	1058.6345915258107	1.311227	25.643402	0.0617991050778572	0.0287794053320676	0.0231983398	-0.042090804	0.1047624886	0.0176693527	0.0200636783	-0.0092848755	-0.0015062535	0.1247265795	-0.0209741746	0.01627672	-0.0906418245	0.0879593142	0.0558649423	0.002478735	-0.0923439554	-0.116205886	0.0195936217	0.0497944383	0.092846576	0.0856638863	0.0069639945	-0.0754884657	-0.0141156471	-0.0699405948	0.0789254502	0.1105314034	0.042670807	0.1215422443	0.0790079658	0.0068544551	-0.0291883879	0.0844519954	0.0326869543	0.093258835	0.0745968766	-0.1206176478	0.0492268656	-0.1106811294	-0.0347764927	0.0268528412	-0.131922715	0.0107281051	0.1285797018	0.0193473944	-0.1528216932	0.0077651823	-0.0691863451	-0.126799031	0.0392396708	0.0676804094	-0.0008344719	0.0133823881	0.1389960098	-0.0485771343	-0.0142730066	0.0144984549	0.0746211538	0.0734214655	-0.0457107309	-0.0019354104	-0.0864887243	0.0961613189	0.0848515657	-0.0297907942	0.0744042258	-0.0523742033	-0.0880507812	-0.0258365864	-0.1201272667	-0.0466536539	0.1439725151	0.0219942733	-0.051385613	-0.0583866653	-0.1215959515	-0.0383502561	-0.0104259533	0.0291684454	0.0914209257	0.1115566397	0.1906610163	0.0215727617	-0.0818685656	0.0200436036	0.0455823214	0.012882499	0.0525160167	0.0015029436	0.0582560595	-0.0081224282	-0.0646539975	0.0953511396	-0.0462280412	-0.1505266672	-0.006232551	0.0116754229	0.0926766676	-0.0087262361	-0.0783375467	-0.0463932392	-0.0957317871	-0.0954819332	0.0392480493	0.127685397	-0.1782654436	-0.0042230415	0.0923413067	-0.0194121963	-0.1203871378	0.0634738707	0.0491876715	0.0851908648	-0.0203339095	0.0045057984	0.0436087196	0.0942877886	0.0142676585	0.0189806326	-0.0808968139	0.0638420852	0.0246146817	-0.1069736202	-0.0508370694	0.0754222254	-0.0067380428	0.0433405201	-0.1324979164	0.0117520479	-0.0210918066	0.0047856821	0.070437718	-0.0427198414	0.0535619536	-0.0950688486	0.0384893932	0.1923536449	-0.0496998084	-0.099022497	0.0815248759	-0.0528414649	-0.0737087562	-0.0220711431	0.0579231543	0.0765188329	0.0104415992	-0.084348826	-0.0794777083	0.0920788072	-0.0045616076	0.0368508727	0.0513008284	0.0830027857	0.0128992127	-0.0637307152	-0.1081160967	-0.0978001546	-0.0115380819606087	0.0107044223879029	0.0001145846586586	0.0001331273353297	-0.0788616254050822	-0.0095806338098895	9.178854419919952e-05	0.0062191559615315	-0.0673767715032198	0.003560702884016	1.267860502824054e-05	0.004539629338197	-0.0008020009424715	-0.0002070162710094	6.432055117251743e-07	4.2855736462678736e-08	6.908169486896654e-06	0.0003999312652099	1.599450168924687e-07	4.7722805659689975e-11	0.0002290024217453	0.0001521193837014	2.3140306897716493e-08	5.2442109165212253e-08	0.0	0.0	0.0	0.0	0.0	0.0	0.0	0.0	0.0	0.0	0.0	0.0	0.0	0.0	0.0	0.0	0.0	0.0	0.0	0.0	0.0	0.0	0.0	0.0	0.0	0.0	0.0	0.0	0.0
1089.5267078204388	-1.721778548000202	1187068.447054044	2.9645213683536844	1553.8593131200216	5.827668783002764	33.96172344438492	2414478.7649698253	1043.3769934244792	-2.2141341992187336	1088635.5504075058	4.902390252149982	1086.7033567426809	1062.108660973379	1.377595	26.941339	0.1468894574047977	0.0946847023539424	0.0384171083	0.1048986857	-0.065966486	-0.0513413507	-0.1674871224	0.0885533044	-0.0284086035	-0.0191950048	-0.0787636915	-0.0299543835	-0.0388380019	-0.0636792797	-0.0230352045	0.0433872743	0.0033278157	-0.1591761783	-0.0251934385	0.0051340682	0.1379492118	0.0579086661	-0.0107523079	0.1011338958	-0.1018882179	-0.0148348938	-0.0026627994	-0.1124517576	0.0384490343	-0.0053261323	-0.0184055301	0.0439768845	0.1049614113	-0.0269609403	0.0333030543	-0.0524375236	0.0576944116	0.0128824908	-0.0401134071	-0.0053054522	-0.0719882463	-0.0492038532	0.0735235041	0.001446311	-0.0098301277	0.0345478426	0.0010014416	0.0364151823	-0.0827677932	0.0601961162	-0.0198916723	-0.1420282126	0.0516527507	-0.2130187592	0.0577920312	-0.0892887781	-0.0549511623	-0.0088677507	0.0546728728	-0.0454857219	0.0588168591	-0.1590348667	0.1117414449	0.035741833	-0.1008695642	-0.0046353206	-0.1313170248	0.2047920859	-0.0227841388	0.0268866842	0.0326988234	0.0092775222	-0.0610149011	0.0601861981	-0.0406264021	0.0550781535	-0.0306811032	0.0193947975	-0.0486291798	-0.1075499284	0.102267402	-0.1087994014	0.1104712483	-0.086136296	0.064704234	-0.1026516399	-0.0578969487	0.0120976701	0.0446960176	0.0192403322	-0.023176577	0.0890336473	0.01809639	-0.0191114009	-0.0210578981	0.0527764373	-0.0070387432	-0.056583938	0.0335946449	-0.0222498411	-0.0321410941	0.1162273671	0.0129468782	-0.0776202123	-0.0858383276	0.0316396379	0.0614632893	-0.001567629	0.0785548676	0.0109292644	0.0448385798	0.0708182423	-0.2385031665	-0.0822399337	0.0765358315	-0.1625485134	0.0073027372	0.0620014413	0.0524765486	-0.0744674949	0.0893239233	-0.0694577048	0.025141285	0.0740361015	0.0299509641	0.1093493136	-0.0007966757	-0.0194039731	0.0291762179	0.0223119787	0.0375081486	0.0390435571	-0.0577847055	-0.0824870337	-0.0155609517	0.1289343035	-0.0417733957	-0.0558124823	0.0135590894	0.0720034953	0.1562152288	-0.0554396214	-0.0457827916	0.0419808803	-0.0279885385	0.0571466185	-0.0676068675	-0.1011300269	0.0464979011	0.0828046488	0.0849133658	0.0706085242	0.0288199643	0.0815548146	0.008610269	-0.0689150546	-0.1097766499	-0.0922356034	0.000434894052546	0.0119729760131547	0.0001433521546115	1.8913283693988305e-07	0.0111595243838706	0.0900211497889528	0.008103807409325	0.0001245349844742	-0.0718722146407628	-0.0044954431375429	2.0209009002882382e-05	0.0051656152373678	-0.0003380166766109	0.0004639842658606	1.1425527366707776e-07	2.1528139896619997e-07	6.691330398034268e-05	6.000513449344602e-05	3.600616165576545e-09	4.477390249565743e-09	0.0005130107906942	0.0002840083689489	8.066075363301455e-08	2.631800713686884e-07	0.0	0.0	0.0	0.0	0.0	0.0	0.0	0.0	0.0	0.0	0.0	0.0	0.0	0.0	0.0	0.0	0.0	0.0	0.0	0.0	0.0	0.0	0.0	0.0	0.0	0.0	0.0	0.0	0.0
1088.7657606925377	-0.7609471279010904	1185410.8816564002	0.5790405314609185	1549.882947294635	-3.976365825386665	15.811485177302975	2402137.150314704	1044.3952832421876	1.0182898177083644	1090761.507658529	1.036914152848534	1087.1468924842072	1029.160679130592	1.385601	27.097927	0.0575511907916051	0.0275764219379687	0.0190560825	-0.0790482261	-0.0303807338	-0.078925977	0.0979135599	0.0596034112	0.0358373288	0.0111622387	0.1044233708	-0.0096674115	-0.0353578142	0.0472023657	-0.0760758385	0.0416744896	0.0097538085	-0.0468293289	-0.2171741568	-0.086713591	0.0154101905	-0.0213064901	-0.0455103863	0.0119892782	-0.0366921189	0.0544705517	0.0770415852	-0.0467829928	-0.132320052	0.1292141786	0.0192831407	0.0035483747	0.0960825472	0.1421006112	-0.0794370008	-0.0868522053	-0.1089253377	-0.145981117	-0.0279081592	0.0992254823	0.0680210981	0.0836629606	0.2073415012	-0.0395728721	-0.048151176	0.0673340153	-0.0754332843	-0.0503184745	0.1319544408	0.128697728	0.0540831876	-0.0633958616	0.0687507479	-0.0165110048	0.0918089312	0.0079938877	0.1399250436	0.0515901095	-0.0702801112	0.1766945973	-0.0091810762	-0.0815583294	-0.012704414	0.0164516489	0.0363878042	0.0044737076	0.0911247708	0.0896760053	-0.0178592237	0.0381852456	-0.0036006427	-0.0757227867	-0.0960968296	0.0176389783	-0.0505495184	0.0163942078	0.0918781631	-0.1728379013	-0.0012374406	-0.0656023077	0.0634850636	-0.0855574209	-0.0225694119	0.0526038281	-0.0102512293	-0.1645729657	0.0155911571	-0.0514662621	-0.0093844083	-0.0428471955	0.2043807373	0.0549399755	-0.0150006301	-0.0681381361	-0.0087513211	-0.0531197402	-0.1315650852	0.1710902429	-0.0044471377	-0.0375822366	0.0136874389	0.1686757067	0.0527649781	-0.0052473169	-0.1249002573	-0.1052026112	0.0276108329	0.12215736	-0.0453337965	0.0367338677	0.0953585647	0.008859275	0.0542869857	-0.0073033862	-0.1330900326	-0.0074717195	-0.1337868006	0.0341372251	-0.0505723654	-0.113047848	0.0713821072	0.121983991	0.018054447	0.0052568742	-0.0322462898	0.1369082622	-0.1210031679	-0.0231819878	-0.039945628	0.0153964506	0.0277070376	0.0842457921	0.0712764971	0.0015648055	-0.0677940448	-0.0516192028	-0.078654267	-0.0115755494	-0.0826704001	0.032618855	-0.0069088239	0.0614482862	0.0318202036	0.0329705291	-0.1438038588	0.0065667559	-0.1018068466	-0.0359835004	-0.0063993347	-0.0001712083	0.043007461	-0.0106082744	0.0575993554	0.080076174	0.0043083746	-0.0738662073	-0.1107769935	-0.0858045533	-0.0084067437634303	-0.0088416378159763	7.817455926890216e-05	7.067334070397423e-05	-0.0019528702777904	-0.013112394661661	0.0001719348937631	3.813702321877154e-06	-0.0729689060454035	-0.0010966914046407	1.2027320370128065e-06	0.0053244612494629	-0.0004809492185157	-0.0001429325419047	2.3131215079086253e-07	2.04297115353674e-08	-0.0003010803106326	-0.0003679936146129	1.3541930039589897e-07	9.064935345062293e-08	0.0003339276090254	-0.0001790831816688	3.207078595662043e-08	1.1150764806942041e-07	0.0	0.0	0.0	0.0	0.0	0.0	0.0	0.0	0.0	0.0	0.0	0.0	0.0	0.0	0.0	0.0	0.0	0.0	0.0	0.0	0.0	0.0	0.0	0.0	0.0	0.0	0.0	0.0	0.0
1090.6246583124184	1.858897619880736	1189462.1453190795	3.455500361198265	1541.2773892664218	-8.605558028213181	74.05562897694433	2375535.9906639173	1044.4119104817707	0.0166272395831583	1090796.2387561824	0.0002764650961557	1087.0677774552205	1040.8479175126067	1.285874	25.147575	0.0340379894170754	0.0175256514382473	-0.0108303577	0.024386763	0.0739855992	-0.0188394842	0.1090263627	-0.1243288129	-0.0737924653	-0.0466477716	-0.0029804675	0.061676981	-0.0469536448	0.0290761381	0.0434433337	-0.0016807725	0.0330068936	0.0770332509	0.0231542758	-0.0182968612	-0.1139734235	0.1233366871	-0.0168374549	0.0030841825	-0.195843028	-0.0332369905	0.0662023567	-0.0621902922	0.0566487223	-0.0146842922	-0.023984026	0.0810260565	-0.136061671	0.0974073988	0.0594958412	0.17855997	-0.1235540416	0.1124075329	-0.0108944263	0.0879264984	0.1202233264	-0.0577469617	0.0481151027	0.0542101507	0.0324547456	-0.0339629099	-0.0525693146	-0.0837597457	0.0779672301	0.0478330635	0.0660524389	0.044969158	-0.0996231603	0.0229235431	-0.0284327392	-0.0628214427	-0.1086380622	0.0669017698	0.0279477709	0.0523673986	0.015441109	-0.0153386977	0.0974859143	-0.0562307919	-0.0527164075	-0.1095635807	-0.1322273085	-0.0182454295	0.0030131782	0.0220188506	0.0507074363	0.02095801	0.049058798	-0.0089184206	0.122934695	-0.0078594494	-0.083833283	0.0068134171	0.1117206434	0.0259594469	-0.0685815662	0.018941067	0.067325487	-0.1212277259	0.0612933768	-0.086679246	0.1388254206	0.0645201006	-0.0345286647	0.1102052827	0.1127826127	-0.0672277852	0.0865948468	-0.0117814275	0.0761086291	-0.1107426979	0.1338732894	-0.0568405984	-0.0108303864	0.0048812009	0.1676332833	0.004011144	0.0662447235	-0.0380291063	0.0597798723	-0.0552960898	-0.0448697229	-0.0397333877	-0.0984355606	-0.0735936441	0.0237501565	-0.0796614512	0.071835123	0.0369468871	0.0407023249	-0.0726371315	0.006600769	0.0637524016	-0.0143118665	-0.0883892818	0.0422391245	0.0521892954	0.0451279734	0.1190380715	-0.0138587671	0.004458309	0.0089067224	-0.0692695064	0.1847759053	0.0152922774	0.0217854879	0.0163298236	-0.0235674004	-0.0852814603	0.0330980509	-0.0523795866	-0.0701094666	0.0831799528	-0.0717628304	0.0364709424	-0.0561006261	0.072826421	0.0566249635	-0.0190085728	0.0332373623	0.0387921127	-0.0540047279	-0.0467104638	0.0195274913	0.0460236232	-0.037911651	0.0043405767	-0.0403285449	0.0785674201	0.0	-0.0785674201	-0.1111111111	-0.0785674201	-0.0084053710039029	1.3727595273987925e-06	1.884468720064156e-12	7.065026171325165e-05	0.0112736123046488	0.0132264825824392	0.0001749398415035	0.0001270943343955	-0.0778795309854274	-0.0049106249400238	2.411423730158468e-05	0.0060652213465101	-0.0006329742012554	-0.0001520249827396	4.0065633945491153e-07	2.3111595377006072e-08	-0.000167095579789	0.0001339847308436	1.7951908099231936e-08	2.7920932785022073e-08	0.000301947139907	-3.1980469118400026e-05	1.0227504050329378e-09	9.117207529801742e-08	0.0	0.0	0.0	0.0	0.0	0.0	0.0	0.0	0.0	0.0	0.0	0.0	0.0	0.0	0.0	0.0	0.0	0.0	0.0	0.0	0.0	0.0	0.0	0.0	0.0	0.0	0.0	0.0	0.0
1091.9810026312848	1.3563443188663769	1192422.510107626	1.839669911321096	1537.8192604233907	-3.4581288430310906	11.958655095003548	2364888.077729144	1042.7017418229166	-1.7101686588541725	1087226.9224005442	2.924676841727079	1084.0015461413243	1054.7462257034374	1.282757	25.086628	0.1155588440060417	0.0690500495503205	0.0091307098	-0.0310159885	-0.0529914531	0.0453497827	0.053424686	-0.0640879204	-0.047960722	0.0229401233	0.0229189515	-0.1358831251	0.0738314255	-0.0361834882	0.0273418556	0.0404734217	0.107907846	0.1423776975	-0.0406533585	0.0827751981	-0.089556939	0.192115865	-0.0603819142	-0.0098719595	-0.0343081888	-0.0266715993	-0.0602423469	0.0845038149	-0.0193614662	0.0313146951	0.0359740202	-0.0699371785	0.0333859684	0.0236783012	0.006290775	-0.0201962667	-0.0214399906	0.0388304712	-0.0559254694	0.0021031201	0.1646143953	0.0028304	-0.0195903749	-0.0041896525	-0.0729773512	0.0263545403	-0.0612876351	-0.1102837458	-0.1064059625	0.0996926048	0.0967866705	0.0429313257	0.0971755949	0.1981644665	-0.1026936932	0.0814954863	-0.0536123546	0.1065697234	-0.0888342986	-0.0227958451	-0.0044330763	-0.0339915049	0.0341290303	-0.0479510633	0.0874938893	0.0884790519	0.0231321522	0.0612587624	0.041702879	-0.0190436375	-0.0519493759	0.0931826054	-0.016389119	-0.0268395056	0.1218689318	0.0124887316	0.184415918	-0.0281382703	0.0553893887	0.0927377327	-0.1211240653	-0.012256928	0.1537143536	-0.0546355768	0.0033831189	0.0580517814	0.0862800793	-0.0884646059	-0.0226628949	-0.0137722251	0.0374252698	0.0302453485	-0.0618244345	-0.0457584779	0.0268901255	0.0282345398	-0.0678210882	0.0180266652	0.0208689894	0.0359384561	0.1255935719	-0.031238997	-0.0429150369	-0.0116811851	-0.0528026828	0.0804788074	-0.1256375188	-0.0921575232	0.0685489321	0.0098941873	0.1134278353	-0.1295633446	0.1877374887	-0.1254332345	-0.1047247455	0.0793596391	0.0163710974	-0.0627941887	-0.0989525766	-0.0218702455	0.0416449425	0.0002237262	-0.0295970606	-0.0611927263	-0.0773165011	-0.0154018969	-0.0077585481	0.0457617758	0.0619636588	0.0204665017	-0.0101789467	-0.0167644681	-0.0402300077	0.0601795934	-0.0371120719	0.0888599467	-0.0971841065	0.1496598559	-0.0430680026	0.023669299	-0.0203512221	0.0133098472	0.1170416922	-0.0494936546	-0.0372405138	0.0558080763	-0.0035445041	0.0051124635	0.0523632364	-0.034984435	-0.0163947349	-0.1237627104	0.0582349609	0.0770291202	-0.0043083746	-0.0830027857	-0.1107769935	-0.0705921926	-0.0040229970486507	0.0043823739552522	1.920520148367281e-05	1.6184505253452245e-05	-0.0516431344986898	-0.0629167468033386	0.0039585170283154	0.0026670133408497	-0.1022114224173833	-0.0243318914319559	0.0005920409406564	0.0104471748725847	-0.000549908682954	8.306551830139996e-05	3.023995595882029e-07	6.899880330680211e-09	-0.0003701358273904	-0.0002030402476014	4.122534214603782e-08	1.37000530717976e-07	0.0004943980103141	0.0001924508704071	3.70373375204504e-08	2.4442939260254095e-07	0.0	0.0	0.0	0.0	0.0	0.0	0.0	0.0	0.0	0.0	0.0	0.0	0.0	0.0	0.0	0.0	0.0	0.0	0.0	0.0	0.0	0.0	0.0	0.0	0.0	0.0	0.0	0.0	0.0
1093.1107146426548	1.1297120113699748	1194891.0344665754	1.276249228633594	1544.7937531219432	6.974492698552467	48.64354840216168	2386387.739684579	1043.493335514323	0.7915936914064332	1088878.3412628074	0.6266205722744634	1086.8294270975805	1074.9563631620758	1.446551	28.289909	0.1179431293871713	0.0685589767597463	0.048209708	-0.0652835661	0.123093743	0.0765813688	-0.0750969141	0.0249629138	-0.0228611362	0.179820262	-0.0473451244	0.0560629374	-0.0095945409	-0.1217420294	0.1395069363	0.0411901921	0.0794926278	0.0661339263	-0.0425212415	-0.014058999	0.0104034305	0.0859135522	0.0534882023	0.019148445	-0.0287744144	-0.0901519365	0.0766381815	-0.0469026692	0.1408020155	0.0485768971	0.0010866385	-0.0223261028	0.0693177102	-0.0273568235	-0.0483246846	-0.0795626864	0.0597160747	-0.0336744306	0.0963929706	-0.0852378643	-0.0635563224	0.0279632087	0.1029402297	-0.0784960285	-0.1038966611	0.0035252929	-0.1010124968	0.0965815526	-0.0516166068	0.0571365291	-0.0263738583	-0.0943706727	0.0442318704	-0.0307671627	-0.0290431899	0.0502304654	-0.1112014987	0.0259671092	0.1440705697	-0.0019970134	-0.031963032	0.0536062921	0.0216753764	-0.0679242518	0.0220629454	-0.0627119793	-0.0026672426	0.0291237094	-0.0100293035	-0.0809958645	0.1941947789	-0.0629319919	0.0654246642	0.0546141445	0.0629530776	-0.0062114891	-0.0346318427	-0.0386576304	0.1556351754	0.0667124624	0.0280728465	-0.0853741375	0.1027273278	-0.0121169469	0.0148502451	-0.0135147773	-0.1012162009	0.1351701975	0.0678539125	0.03030229	-0.0587950451	0.078637574	-0.1128750745	0.0072205238	-0.030977974	0.0258860078	-0.0303543601	0.0218635473	-0.060062876	0.0525810906	-0.1399145276	0.0288946752	0.0207955752	-0.0036854381	-0.1358627832	0.0331291497	0.0124462886	0.0144370475	0.0006916039	0.0788596744	0.0558093158	0.046911807	-0.0649953948	-0.1583416076	0.064180534	0.0146710406	0.0902147404	0.011292874	0.0879954132	0.0413692357	-0.070735888	0.1131554315	0.0027305462	0.0055060941	0.0131988283	0.0549522944	-0.0851254098	-0.0982380681	0.1183378398	0.0395698015	0.0398020986	-0.119908503	0.1220063151	-0.0361824047	0.0992503401	0.0208906042	-0.1230647665	0.0163858588	-0.1125536295	0.0289471306	0.0578758172	0.0044737055	-0.0936936728	0.0289215425	0.0142170102	0.1724159919	-0.0873705255	0.0827767771	0.0571124109	-0.0093303443	0.0407368191	0.0585938205	-0.049479553	0.0754618528	-0.008610269	-0.0871572961	-0.1097766499	-0.0619537931	-0.0084370426164781	-0.0044140455678274	1.9483798274856712e-05	7.118368811226762e-05	0.0061311707966069	0.0577743052952967	0.0033378703523541	3.759125533716529e-05	-0.1088979655623205	-0.0066865431449371	4.470985922910653e-05	0.0118587669036123	0.0001161502289144	0.0006660589118684	1.3490875676867522e-08	4.43634474079317e-07	-0.0003699531846881	1.826427023000096e-07	3.3358356703449933e-14	1.3686535886086746e-07	0.0008095211633256	0.0003151231530115	9.930260156390925e-08	6.553245138720328e-07	0.0	0.0	0.0	0.0	0.0	0.0	0.0	0.0	0.0	0.0	0.0	0.0	0.0	0.0	0.0	0.0	0.0	0.0	0.0	0.0	0.0	0.0	0.0	0.0	0.0	0.0	0.0	0.0	0.0
1092.787854309292	-0.3228603333627688	1194185.2945259064	0.1042387948591182	1557.7593456573743	12.965592535431142	168.10658979482776	2426614.178982891	1043.743306497396	0.2499709830728989	1089400.089858117	0.0624854923784315	1086.2509333392377	1046.006561092433	1.732397	33.880135	0.0398003330678693	0.0198645913931132	0.0107032404	0.1455668239	-0.0459453323	0.096679792	0.0361221992	0.0488834012	0.0240510727	-0.0306278607	-0.0925720676	-0.1059348346	-0.0157982412	-0.0138534419	-0.0233131105	0.0250084909	0.077826108	0.0591103243	-0.0304816997	0.1051618333	-0.0465745141	0.048719848	0.0366417516	0.118944205	-0.0314549478	-0.0020758476	0.0351970023	-0.0126897905	0.0657995685	0.0454904354	0.0292570606	0.0032240452	-0.0771943897	-0.0108314005	-0.0309919624	-0.0689873284	-0.0376128078	-0.1319886417	0.0020235518	-0.0091686751	-0.0759971193	0.0092852806	-0.0386378615	-0.1191622237	-0.0607998863	0.053752054	0.0055412703	0.0753758504	0.2264869318	-0.1033952719	-0.0190144608	0.0752715748	-0.1000511733	0.0522445596	0.1456495343	-0.1003450258	0.0738347524	0.042399161	-0.0389508217	-0.0143220356	0.0821229603	-0.049767334	0.0520620579	-0.0293481338	0.0056810828	0.0680929627	-0.1834718453	-0.0415099978	-0.1074533452	0.0981283358	-0.1438678832	-0.0604871563	-0.0118154732	-0.0032342447	0.0137320703	0.0412867737	0.1229713062	0.0507801266	0.1462041251	0.024020031	0.0043469211	-0.0262049259	0.0284388326	-0.0740641625	-0.0572606259	-0.0385329978	0.0077395876	0.007147118	0.0955632036	-0.0190445975	-0.0138477166	0.004104594	-0.0359779154	0.081237222	-0.0141765516	0.0167132218	-0.030131892	0.0757378357	0.1263436047	0.1131469298	-0.0808934309	0.092565097	-0.0009041785	0.0857605676	-0.0403644012	-0.0733997011	0.0318810777	0.1114311377	-0.0596607706	0.0187475968	-0.084700551	0.0247228844	0.1117143407	0.2243420238	-0.0362126995	-0.128823419	0.0117986974	0.1370412648	0.0054279781	-0.086861984	0.0139914784	-0.1047857457	-0.0812984116	0.0728274377	-0.04461865	-0.0899148121	0.0050929874	-0.1769994649	-0.0303968274	0.0299983072	0.0459712714	-0.1189869256	-0.1163645708	-0.0784149494	-0.0160040726	0.0023733596	-0.0565674291	-0.0665745063	-0.1171845091	0.0976156006	0.0174561484	-0.0557667771	-0.0263367185	0.0080331803	-0.0640655362	0.0229504021	-0.0600217604	0.0608494096	0.0573617459	0.0262102683	-0.0239671668	-0.0013927294	-0.047813327	0.0738662073	-0.0128992127	-0.0910168938	-0.1081160967	-0.0527333744	-0.0034789924910825	0.0049580501253956	2.458226104593533e-05	1.2103388753008418e-05	0.0148165417532766	0.0086853709566697	7.543566865496153e-05	0.0002195299095265	-0.1060985572675434	0.002799408294777	7.836686800866801e-06	0.0112569038542541	-6.24035711129384e-05	-0.0001785538000273	3.89420568764756e-09	3.188145950420275e-08	-0.0003700166376998	-6.345301170000013e-08	4.026284693800352e-15	1.369123121746651e-07	0.0005209883425441	-0.0002885328207815	8.325118866812923e-08	2.714288530668485e-07	0.0	0.0	0.0	0.0	1.0	0.0	0.0	0.0	0.0	0.0	0.0	0.0	0.0	0.0	0.0	0.0	0.0	0.0	0.0	0.0	0.0	0.0	0.0	0.0	0.0	0.0	0.0	0.0	0.0
1092.9757131309605	0.187858821668442	1194595.9094941316	0.0352909368786555	1543.8318391244293	-13.927506532945015	193.97543822522613	2383416.7474943176	1044.1120883203123	0.3687818229163895	1090170.0529766036	0.1360000329135352	1086.7399301224395	1060.628005082226	1.585208	31.001595	0.1016767061317996	0.0540738910376511	0.0474353454	-0.0805488467	-0.0756627354	0.101270244	0.0792252796	-0.0256671667	-0.0716008621	0.0955905692	0.0294551362	-0.1060510659	0.064108151	0.0137309083	0.0312244333	0.06247562	0.0181219204	0.0488355726	-0.1792878452	-0.0183149726	0.087979037	0.0237303843	0.0319474875	-0.0242977646	0.0638210035	0.0630811861	-0.100339128	0.0433259338	-0.071797897	-0.0761719528	0.0504379021	0.0216282092	-0.1643987171	-0.0682758318	-0.1125049823	-0.1287711128	-0.0575603198	-0.0852678655	0.0377797477	-0.0129509316	0.0281115483	-0.0324215493	-0.0257733042	0.1267037214	0.0014503243	0.113143602	0.0860142001	0.0054852078	0.0433127839	-0.0810836699	0.0274717017	-0.0184316394	-0.0738972524	0.0314521942	-0.0087247109	0.0958014007	-0.1998623341	0.0193686287	0.1343360613	0.0416808874	0.0507342877	-0.073695686	0.0733027485	-0.0548142696	-0.0356389595	-0.0460791197	-0.0657910762	0.0560778143	-0.1543275869	-0.0775293676	0.1643603462	0.0665998226	-0.0490629985	0.0351369854	0.0746433715	-0.0509232274	0.0981668938	-0.1163606909	0.0155791807	-0.057200575	0.0683662113	-0.0401022737	0.0323536898	0.0728304163	0.025345012	0.0546696451	0.0155740872	-0.0790612263	0.0452307859	-0.1099967007	-0.0897455134	-0.1369067577	0.0782018966	0.1193474637	0.0210126288	0.0295411804	-0.125828834	0.1142360792	-0.039985218	0.0592327983	0.0254496531	0.0750437973	-0.0178108647	0.0303190438	0.0636914442	-0.0708926426	0.0636538472	-0.0146701141	-0.0656340974	-0.0813089975	-0.0742022831	-0.0241211353	-0.0044510528	-0.099903481	0.1136095413	0.019098118	0.1969603581	0.1255543779	-0.0265109712	0.0043043735	0.0779726806	0.021611925	0.0972215892	-0.0170377798	-0.0109189074	0.0027195809	-0.0334824236	-0.0115178342	0.0942880572	0.0467287046	0.0180754669	-0.0930461419	2.49621e-05	0.0680522473	-0.0982686637	-0.0620871646	-0.160544878	0.0683902648	-0.1122813953	0.0236872525	0.0542625737	0.0325906742	0.0540072025	-0.0784812355	-0.065924694	0.0615766202	-0.0621976064	0.0584770771	0.0189211623	0.05487298	-0.060702773	0.0674500622	-0.1120808852	0.0722427837	-0.0171687548	-0.0945685192	-0.1058053206	-0.0430175569	-0.001766212908663	0.0017127795824195	2.9336138979531167e-06	3.1195080387278144e-06	-0.0229166879547761	-0.0377332297080527	0.0014237966242006	0.0005251745868165	-0.1388681855207778	-0.0327696282532343	0.0010738485358551	0.0192843729498331	-0.0005769175718559	-0.0005145140007429	3.328338847161076e-07	2.647246569605284e-07	-0.0003701286483235	-1.1201062369997369e-07	1.2546379821657104e-14	1.3699521630978113e-07	0.0004463929821489	-7.459536039519996e-05	5.564467792489766e-09	1.9926669451178817e-07	0.0	0.0	0.0	0.0	0.0	1.0	0.0	0.0	0.0	0.0	0.0	0.0	0.0	0.0	0.0	0.0	0.0	0.0	0.0	0.0	0.0	0.0	0.0	0.0	0.0	0.0	0.0	0.0	0.0
1091.8893634943938	-1.086349636566638	1192222.3821121925	1.180155532868466	1537.828696814672	-6.003142309757322	36.03771759119848	2364917.100746712	1043.728578684896	-0.3835096354162033	1089369.345963593	0.1470796404570691	1086.2629082531043	1060.0758683494446	1.183945	23.154173	0.115425479266153	0.0490773956368818	0.0519320545	-0.0784331833	0.0770560202	0.0482510694	-0.0519455438	-0.0142005629	-0.0574464937	0.0884229466	0.0079477212	0.0846346156	0.0270004795	-0.0463166215	-0.0082346329	0.0384407128	-0.0367062943	-0.0230580635	-0.1169671541	-0.0662149861	-0.0439764501	0.0702907288	0.0863965676	-0.0610079574	0.1215518822	0.1086839501	-0.0368078652	-0.1131475177	-0.0743125982	0.0012326315	0.0583516747	0.1499825198	-0.1878353033	0.0063753333	0.0209385468	0.0068636291	0.0226969672	0.0580879319	0.0196916046	-0.0603941776	0.0036847349	-0.1285296045	-0.0517197109	-0.1008455451	-0.133331373	-0.0151259478	-0.0731412568	0.0051340726	0.0105544689	0.1576623	-0.0810335737	0.0176627613	0.1655153886	-0.0585653209	-0.1063086933	-0.0045394855	-0.0968078191	0.0632920851	-0.1947625256	-0.1206307768	-0.0939410104	-0.0036574834	-0.0263320087	0.0188493296	0.0162087587	-0.1273770521	-0.1523545369	-0.0167615696	0.0036172506	-0.0495583265	0.0560361828	0.027385658	0.0877249517	0.0335881109	0.0184521839	-0.059107277	-0.0100397199	-0.1174190106	0.0764071713	-0.0506312614	-0.0211907044	-0.0008941809	0.0182203658	0.1463430458	0.0056310126	-0.0357020831	-0.0697000305	-0.0570905969	0.0302821758	-0.0452425308	0.0219212505	-0.2520903367	0.1231105741	-0.0144709221	0.0198776246	0.063582109	0.0043082397	-0.1216671473	0.0805729993	0.2097113071	0.013947499	-0.0063789587	-0.0275160139	-0.035704864	-0.1350741642	0.0185097914	-0.0554884764	-0.0315497885	0.031661772	-0.0309301836	0.2044283481	-0.1887625987	-0.074742407	-0.0707714042	0.0797088446	0.0246605151	-0.0153680468	-0.1192096551	-0.034912499	0.002380132	-0.128658394	-0.0462279103	0.0251041197	0.1684391701	-0.0120546142	0.0581586476	0.0757192826	0.0232313954	0.0392726567	0.0351258459	0.0155191562	-0.0699919165	0.0862273898	0.0346970427	0.070884079	-0.0102399432	-0.0929175816	0.0719611887	0.0653190899	0.0688543362	0.1304675132	0.0017647794	-0.0939128373	-0.0458111733	-0.0934253718	0.0696667288	-0.0268513952	0.0996578059	0.0835313363	-0.0496042883	0.046833146	-0.0839621709	-0.1079129918	0.0705921926	-0.0214124734	-0.0978001546	-0.1028582188	-0.0328976148	0.0134387307428482	0.0152049436515112	0.0002311903114456	0.0001805994839787	-0.0383542095308371	-0.0154375215760609	0.0002383170724113	0.0014710453887353	-0.109767655828918	0.0291005296918597	0.0008468408283468	0.0120489382661757	-6.775461220797876e-05	0.0005091629596479	4.590687475453584e-09	2.592469194774308e-07	-0.0005920281135223	-0.0002218994651988	4.9239372655513485e-08	3.504972872007734e-07	0.0008289802442366	0.0003825872620877	1.4637301311176245e-07	6.87208245334573e-07	0.0	0.0	0.0	0.0	0.0	0.0	0.0	0.0	0.0	0.0	0.0	0.0	0.0	0.0	0.0	0.0	0.0	0.0	0.0	0.0	0.0	0.0	0.0	0.0	0.0	0.0	0.0	0.0	0.0
1091.4719551251374	-0.4174083692564636	1191311.0288246898	0.1742297467253402	1546.749788677469	8.921091862797084	79.58588002446434	2392434.9087737952	1043.364919251302	-0.3636594335941936	1088610.3547242756	0.1322481836420497	1085.8669342211983	1061.657988035454	1.251919	24.483524	0.1151892625687782	0.0683881014895855	0.0318207222	0.0904622731	0.107823336	0.0038144824	-0.0602593809	0.0483441543	-0.0603717593	-0.0020064171	-0.0595158439	0.0681363787	-0.0484868277	-0.1275830186	-0.0305980368	0.0286026471	0.0794519825	0.0272382666	0.0173144178	0.0560694607	-0.0521584769	-0.0929224053	0.0976095949	0.0071463389	-0.1274543241	0.0701486614	-0.0194546692	-0.1018022438	0.0959181489	-0.0384703202	0.1107068192	0.1339511203	0.0044479288	-0.1325969011	0.0518979266	0.0120526641	0.1126430121	0.0870867739	0.0471025727	0.0243233277	-0.0982263071	0.0454951201	0.0099058474	0.0618996757	0.1591372205	-0.125283066	-0.0351305448	0.0816109275	0.0133388744	0.0563918011	0.0533283636	0.0542892389	0.1414141039	0.0035204349	0.0567965987	0.0649509864	0.0693378596	-0.1251172098	-0.050371294	0.0416813229	-0.0365955864	-0.034503703	0.1164108779	-0.0692229609	-0.0479006675	-0.0020834629	0.1616703714	-0.072752646	0.0159937822	-0.1332823376	-0.0459880356	-0.0490547016	-0.0266631498	0.0190683992	0.0211516843	0.0439661718	0.0461676189	0.0488748387	0.1272705233	0.0545691995	0.0374765414	-0.0321399396	-0.0904815596	0.0012067381	0.0941473615	-0.0777261467	-0.0127799606	0.032431635	0.1528078561	0.1055664079	-0.0455175741	0.009430635	0.1306228725	3.40888e-05	-0.1029547944	0.1308410433	0.0622750499	-0.1489951731	-0.00497476	-0.0970801849	-0.090124494	-0.0367337943	-0.0495454936	-0.0623237498	0.0883176371	0.0562223082	0.0081646264	0.1337770652	0.1474828662	-0.0811800479	-0.0236966098	-0.0784245856	0.0551017633	-0.0688775602	-0.0871023153	0.1034343285	-0.1059038091	0.0158522502	0.1225585013	-0.0095384883	0.049644798	0.0111513831	-0.0098342824	0.0350857614	0.0803415121	-0.0390578971	-0.15977661	0.0634584009	-0.0485383251	0.035701121	0.0419868523	-0.0749697882	-0.0298092264	-0.0512498043	0.1418440837	0.0668910914	-0.1083044581	-0.0159594841	-0.020118652	0.0582927271	0.0063364838	-0.0408517556	0.0076577	-0.0429710965	-0.0878448467	0.0221494993	-0.0991508001	0.0416062737	0.0668587053	-0.1100544958	0.08086105	-0.0134655068	-0.132780193	0.0689150546	-0.0256239856	-0.1007008652	-0.0992925156	-0.0224686191	0.0097820704131805	-0.0036566603296677	1.3371164766565496e-05	9.568890156842131e-05	0.0233016690081058	0.0616558785389429	0.0038014473584088	0.0005429677785633	-0.1344878427023417	-0.0247201868734237	0.0006110876390569	0.0180869798347298	0.0001662118910816	0.0002339665032895	2.7626392736921663e-08	5.474032466155248e-08	-0.0004459209454648	0.0001461071680575	2.1347304557782555e-08	1.9884548960422122e-07	0.0009520373094244	0.0001230570651878	1.5143041292634463e-08	9.063750385360508e-07	0.0	0.0	0.0	0.0	0.0	0.0	0.0	0.0	0.0	0.0	0.0	0.0	0.0	0.0	0.0	0.0	0.0	0.0	0.0	0.0	0.0	0.0	0.0	0.0	0.0	0.0	0.0	0.0	0.0
1092.927473004606	1.4555178794687436	1194490.461248234	2.118532297453188	1550.1718303673922	3.4220416899231623	11.710369327572172	2403032.703664591	1043.9759658007813	0.6110465494793971	1089885.817169674	0.3733778856306772	1086.5170396364929	1038.0217136787444	1.371113	26.814575	0.1530847805331136	0.0896205196679042	-0.0240570206	0.0810207885	-0.1015119783	0.0794712095	0.1018304258	0.0098414244	-0.0006287671	-0.0545577386	-0.0460249187	-0.1014135648	0.0032807815	-0.0252254148	0.0146137346	-0.027700502	0.0353927096	0.0910301474	0.0642792299	0.1556178635	0.0120360471	0.0560596084	0.0160334224	-0.023914895	0.1458826239	-0.0301562878	-0.0016693834	0.036411399	0.1196995611	0.1588296892	-0.017079756	-0.1159248926	0.012427463	0.0854567096	0.0113032931	0.061276219	0.0524468269	0.0221865157	0.0875101147	0.1679736057	0.042875201	-0.0817161189	0.0150547374	0.0005264651	0.0164199272	-0.0756484513	-0.0421357973	0.0138829171	-0.1550311119	-0.0472102358	-0.0517809866	-0.0659904696	-0.0132301477	-0.0528411378	0.0193139195	-0.0759912047	-0.0111737052	-0.0296060895	0.1140726158	0.1607562975	-0.0618778131	-0.0091111071	-0.1043751183	0.0398575153	-0.0677311052	-0.0202656504	0.1009993525	0.0073819945	-0.1170439552	0.0921229955	0.0494534607	-0.0164979972	-0.0194013949	-0.048454477	0.0155792829	0.0206550985	0.1130979696	0.1179019091	0.0417944195	0.0142637703	-0.020270749	0.0890325476	0.0652158531	-0.0006629118	-0.0674784003	0.1395264501	0.0196072646	0.056660207	0.1061167065	0.0002739709	0.102988422	-0.0565280063	-0.1769835689	-0.047993305	-0.0505568055	-0.0529634276	0.0077104477	-0.0885800228	-0.0972015134	-0.0262037896	0.0336403937	-0.0204814055	0.1253592039	-0.0065594417	0.0510186259	0.135559126	-0.0953221978	-0.0614826816	0.0265009127	0.0249039634	0.0152730717	0.1135093537	-0.0389357641	-0.0146361422	0.0852145335	-0.0416914292	-0.0205706941	0.0416691722	0.0826105084	-0.0980754388	-0.0557570351	0.1564546918	0.080780827	-0.1040785393	0.0158214708	0.034688289	0.1062087457	-0.0105184983	-0.0703359636	0.0054236187	-0.0163566831	-0.0474763465	-0.1320402243	0.0166205017	-0.0442246787	-0.06848703	0.009222883	-4.44231e-05	-0.128469738	-0.0075648165	0.0513286722	-0.0405565035	-0.0834197628	-0.0362072187	0.0041683021	0.0601443926	0.0374120211	0.0109930798	0.0440344971	0.0067929997	-0.0175391675	-0.0431813678	-0.1317079435	0.0672120005	-0.029796957	-0.103260836	-0.0951296555	-0.0118285441	0.0133290060044259	0.0035469355912453	1.258075208844335e-05	0.000177662401066	-0.0514415499727505	-0.0747432189808563	0.0055865487836202	0.0026462330635989	-0.0925906569718648	0.0418971857304769	0.001755374172134	0.0085730297584815	-0.0002928462903431	-0.0004590581814247	8.575894976771524e-08	2.1073441393295285e-07	-0.0003701216277212	7.579931774360002e-05	5.7455365703952375e-09	1.369900193069906e-07	0.000828946003982	-0.0001230913054424	1.5151469475514233e-08	6.871514775177259e-07	0.0	0.0	0.0	0.0	0.0	0.0	0.0	0.0	0.0	0.0	0.0	0.0	0.0	0.0	0.0	0.0	0.0	0.0	0.0	0.0	0.0	0.0	0.0	0.0	0.0	0.0	0.0	0.0	0.0
1092.535711372525	-0.3917616320811703	1193634.280624269	0.1534771763709022	1545.0601812489394	-5.11164911845276	26.128956710178883	2387210.9636810054	1045.5694666145832	1.5935008138019384	1093215.509516704	2.53924484358744	1087.3902755951012	1068.9177370824311	1.766231	34.541824	0.1098632034704942	0.0542942513234051	-0.013394753	-0.0986832091	-0.0104039789	0.0647223287	-0.0597549707	-0.0556441838	0.0551020318	0.0565262042	0.0465214712	-0.0216019779	0.0320149	0.0291720434	-0.0851982041	-0.0193488956	-0.0515321061	0.0795693313	-0.1623926991	0.014873586	0.0107199595	0.1894428673	-0.1046612323	-0.0627215589	-0.1558740512	-0.0488737318	-0.0209834976	0.0039673263	-0.0294517902	-0.0404569551	-0.0136907935	-0.004210988	0.0606173617	-0.1042317894	-0.0392953132	0.0253028391	-0.1302858905	-0.0798162532	-0.0949804349	0.1508358068	-0.1941901757	0.005881807	-0.0795946493	0.0323197453	0.0703684474	0.0652075629	0.0185265313	0.0321848451	-0.0766704085	-0.0306607807	-0.1742970699	0.0433557919	0.0258630848	0.0015517325	-0.0591220838	-0.0578940985	0.0170786358	0.046055128	-0.0047206487	-0.0253284566	0.0902028989	-0.0007235238	-0.0881993868	-0.115364897	0.0841142334	0.1960066042	0.0581526357	-0.0624172758	-0.029061185	-0.0317771875	-0.0259126598	0.1129583463	-0.0398420284	-0.0719199952	-0.0020607914	-0.1200040713	0.1438583847	-0.1260047238	-0.0534458104	0.005335261	-0.0101903447	-0.0313879631	0.1775705579	-0.0424834597	0.0387299487	-0.0574110641	0.0783713138	-0.1063709995	-0.0556058419	0.0476903013	0.08232943	0.1053819418	0.0186524649	0.097796747	-0.0431692522	0.1504455331	0.0424818563	0.0179065717	0.1186875252	-0.04149385	0.0288189719	0.0347904552	-0.0061754962	0.2215694429	0.1573038541	0.0149216653	-0.0253120881	0.0855395382	0.1242146041	-0.0106959837	0.0366455456	-0.0034952909	-0.0758263024	0.0467307217	0.0378683191	-0.0193560193	0.0316060832	-0.0918154325	-0.0428945244	0.0604970802	-0.1162367002	0.0158402109	-0.0398483708	-0.128706633	0.1220051256	-0.1281496948	-0.0931306293	-0.0261464615	0.0305075971	-0.0252023782	-0.0184135217	0.0147522205	0.0608980871	0.0555149087	-0.0424968091	0.0569343168	-0.0316721012	0.1130933947	-0.0092339745	0.1300476776	-0.0343377677	-0.092221073	0.0765576823	0.0302562408	-0.0481509252	-0.1457531567	0.0293952881	0.0523651846	0.0727019207	-0.0770488675	0.1203474146	-0.019714835	0.0732284828	0.0654836707	-0.0339251109	-0.1054714048	-0.0903946745	-0.0010773469	0.0035004732238377	-0.0098285327805882	9.66000566190968e-05	1.22533127908047e-05	-0.0079494920172322	0.0434920579555183	0.0018915591052061	6.319442333203848e-05	-0.0744560334018871	0.0181346235699777	0.0003288645720247	0.0055437009099429	0.0002060419713666	0.0004988882617097	4.245329396463482e-08	2.488894976717261e-07	-0.0001009146616541	0.0002692069660671	7.247239057905274e-08	1.0183768936761481e-08	0.0008290105594934	6.455551140004123e-08	4.167414052120854e-15	6.872585077515601e-07	0.0	0.0	0.0	0.0	0.0	0.0	1.0	0.0	0.0	0.0	0.0	0.0	0.0	0.0	0.0	0.0	0.0	0.0	0.0	0.0	0.0	0.0	0.0	0.0	0.0	0.0	0.0	0.0	0.0
1091.2537597214243	-1.2819516511005986	1190834.7681061442	1.6434000357595508	1548.5084525113211	3.448271262381695	11.89057469896745	2397878.4274990065	1045.2556736523438	-0.313792962239404	1092559.423302415	0.09846602315098	1088.662962050665	1064.6760452099093	1.502249	29.379183	0.0965379869800766	0.0478419993524438	0.0219525034	0.0207550465	0.1130299008	0.0010760664	-0.0439158848	0.0971681206	0.0223041893	0.0836316283	-0.0437705529	0.1366238181	0.0409988255	-0.0488764606	0.0095721256	-0.0042016864	-0.0685282611	-0.0534668291	0.0392985582	0.0508562577	-0.0405166219	-0.0226791323	0.0674860046	-0.0519314876	-0.0293287115	-0.0794501117	0.0004139387	0.0224577468	-0.1025742164	0.0018755266	0.1008221141	0.2153843724	-0.0012119804	-0.073559066	0.0365790903	-0.0100236769	0.0136666655	-0.0007620821	-0.0055477444	-0.1187984724	-0.0509974339	-0.0864093564	-0.1043541679	0.0512910688	0.0587822864	0.0320896706	-0.101259965	0.0871974401	0.145148354	-0.0121860334	0.0069744917	-0.0062767952	-0.0624882843	-0.0904808269	-0.0121739539	0.0501794458	-0.0100538899	-0.028932041	0.0386645882	0.1589592715	0.1299024276	0.0721080916	-0.0066054565	0.0467285952	-0.1335647085	0.0544876607	0.0552858491	-0.1573572861	0.0630878687	0.123789891	-0.0503967011	-0.086544914	0.0971582964	0.0417613351	-0.097766752	-0.0380418234	-0.0762798941	0.0188565082	0.0964133284	0.0991166331	0.0374546536	0.0413125831	0.0202243686	-0.007773186	0.0203684833	-0.0064295509	-0.115922629	-0.0220265872	-0.0146020502	-0.0471387997	-0.0137878051	-0.0159237403	0.1581948694	0.0648243682	-0.0912944062	0.0124969248	-0.0196642837	-0.0720338688	0.0793966894	0.057133324	0.0257924117	-0.0585399091	-0.0874560857	-0.1431911563	0.0526264485	-0.0312830431	0.0126417933	0.1729248053	-0.1181912291	-0.044406571	-0.0485923157	0.0078995641	-0.0670500274	0.0231211213	0.0101969817	0.0173754864	-0.0455177122	0.0887457675	-0.0339221514	0.124780119	0.088382206	0.0489880458	0.0192058655	-0.0804843545	0.1083305518	-0.0016518138	0.0477626658	-0.0983920674	-0.1223906649	-0.0073468895	-0.0001265066	-0.0648733791	0.055922062	-0.047230103	0.0639397479	-0.0290799043	0.0125473521	0.013132352	-0.029885017	-0.0337984304	0.0086170718	0.0955300673	-0.022442744	-0.0859133741	-0.1095179601	0.0808047294	0.0645668542	0.0101679712	0.0902394203	-0.01819731	0.0238054166	0.0865083488	-0.0544348499	0.0637307152	-0.0380022381	-0.1073250918	-0.0851160492	0.0096839714	0.0107262634963518	0.007225790272514	5.2212045062359376e-05	0.0001150527285931	-0.0390809090176986	-0.0311314170004663	0.0009691651244569	0.0015273174496496	-0.0787136847823433	-0.0042576513804561	1.812759527750055e-05	0.0061958441720141	0.0007587015498119	0.0005526595784453	5.756280416869789e-07	3.0543260964733666e-07	-0.0003690881532523	-0.0002681734915982	7.191702159596986e-08	1.362260648711933e-07	0.0010866400559827	0.0002576294964893	6.63729574613303e-08	1.1807866112660857e-06	0.0	0.0	0.0	0.0	0.0	0.0	0.0	1.0	0.0	0.0	0.0	0.0	0.0	0.0	0.0	0.0	0.0	0.0	0.0	0.0	0.0	0.0	0.0	0.0	0.0	0.0	0.0	0.0	0.0
1088.8972948598011	-2.3564648616231807	1185697.318752993	5.5529266440647564	1546.6858163342972	-1.822636177023924	3.322002633796384	2392237.0144496914	1044.6974997070313	-0.5581739453125465	1091392.8658941225	0.3115581532257736	1087.3885005377476	1053.9027175207243	1.353742	26.474869	0.0767246596214403	0.0467538697731942	-0.0242992106	0.0236761858	-0.1197473561	-0.0301261739	-0.0699418795	0.0675502524	0.0236472174	-0.1157455707	0.0541809392	-0.0478083879	0.1344133438	0.0100939994	0.0872833736	-0.04418176	-0.0337720497	-0.0185677803	0.0116795136	0.083368165	0.1914706953	-0.0738077771	0.0152661296	-0.0556619464	-0.0018461414	0.0324500211	-0.0366826902	0.0039466417	-0.2225943485	0.0042942401	-0.001400178	-0.0206634589	-0.0563515362	0.0464354234	0.0462352352	-0.0525560132	0.0487598569	0.0201055497	-0.0207670293	-0.0642792672	0.0175620867	0.1683852405	-0.1650764715	0.1620781842	0.0622189809	0.0079052578	0.0719577878	-0.0266568683	-0.0306932758	-0.0635536265	-0.0161641814	0.0847326739	0.0231872088	-0.1496125032	0.0485750974	0.0698069015	0.0254993566	0.0186076608	-0.0769968076	-0.0762269788	0.1011671413	0.1320531127	-0.0557132211	-0.0488773706	0.0351224746	0.0104712448	0.0957956048	0.0223609386	0.0377202608	0.0309741154	0.0238676606	-0.0658564662	-0.1168432913	-0.0274617377	-0.0850893061	0.0139617714	0.0671757704	0.0937146244	-0.0890629683	-0.0172748752	0.177643611	0.02274199	-0.0081967947	0.0599323859	0.0632895774	0.0126452626	-0.0110936839	-0.0349327535	-0.126187093	-0.1234361566	-0.010424079	-0.0902600231	0.0108508215	-0.0442597965	0.0507879201	-0.075985074	-0.0839676803	-1.91241e-05	-0.0691838242	-0.1005894971	0.0309564665	-0.0398021562	-0.2404979942	0.0146174128	0.07213349	-0.0647690266	-0.0152100285	0.0667203911	0.0716696013	-0.0543029574	-0.1380262847	-0.0711052134	-0.1719032778	0.0559337863	-0.0378567686	0.0282287104	0.0263094165	-0.0741595194	-0.0943739703	0.1149689535	-0.0103790576	0.0504050845	-0.1006256383	-0.0075227706	-0.0625245174	-0.0204264293	-0.0021399821	-0.0615102234	-0.0906322231	-0.0287697924	-0.056069206	0.0676810908	-0.1026018287	0.0506658853	-0.0603323699	0.0196302241	0.0243426981	0.0440858494	-0.0654540584	0.0323788759	0.055847812	0.0219656175	0.0523041174	-0.0419248331	0.1050110411	0.0421135689	0.1095047951	-0.0062404726	0.0031664098	-0.004461166	0.0526519867	0.0083102026	-0.0908686416	0.0619537931	-0.0420222065	-0.1088156246	-0.0793255261	0.0203543145	0.0124229542517468	0.001696690755395	2.878759519442858e-06	0.0001543297923409	-0.0580495287825471	-0.0189686197648485	0.0003598085357834	0.0033697477918757	-0.0759357855604747	0.0027778992218685	7.716724086858136e-06	0.0057662435286863	-4.834661360596563e-05	-0.0008070481634178	2.33739504716454e-09	6.513267380761499e-07	-0.0003700200754077	-9.319221553999684e-07	8.684789037253229e-13	1.3691485620472e-07	0.0008289911439694	-0.0002576489120133	6.638296186163722e-08	6.872263167796946e-07	0.0	0.0	0.0	0.0	0.0	0.0	0.0	0.0	0.0	0.0	0.0	0.0	0.0	0.0	0.0	0.0	0.0	0.0	0.0	0.0	0.0	0.0	0.0	0.0	0.0	0.0	0.0	0.0	0.0
1090.9852954058067	2.08800054600556	1190248.9147916953	4.359746280119516	1540.982604603548	-5.703211730749217	32.52662404575548	2374627.3876907346	1044.7972347591146	0.0997350520833606	1091601.2617602926	0.0099470806140706	1088.0131250233655	1056.814497122787	1.306924	25.559256	0.0822302663033093	0.0569666882103601	0.0076424647	-0.1029786252	0.0226410575	-0.0202815806	-0.0557122867	0.0120702116	0.0139031502	0.0119450019	0.1121067269	0.135700492	0.1638285904	-0.0426394512	0.0038610629	-0.0108971183	-0.0254504595	-0.0027022314	-0.0455526089	-0.0210841836	0.0748823355	-0.1761235855	0.0915201986	-0.0222345425	-0.0385566599	-0.0296096356	-0.0404785604	0.100919748	-0.0045090957	-0.0011565059	0.0258922803	0.0684361577	-0.1844701672	-0.0394553956	-0.1312523661	-0.0232194695	0.0356609617	0.0843593838	0.0240720424	-0.1190132284	0.0199767056	-0.0431473932	-0.0578946992	-0.0452381093	0.1117244924	0.0027477901	0.0633779633	-0.0514385696	-0.0318992458	0.0757130024	-0.1614957882	-0.0224212746	-0.0239461161	0.048653647	0.0471715439	0.0748194153	0.0284078396	-0.0749410348	-0.0093236677	0.0940602321	0.0215407034	0.1057412395	-0.0172573268	-0.0215629056	0.0869649994	0.09220056	-0.0557771762	0.14557367	-0.1080812712	0.083082115	0.0294465747	0.000107678	-0.0957526845	0.0020524012	-0.0341821354	-0.0265902229	-0.046509191	-0.0764575191	0.0007404258	0.0644065869	0.1690384498	0.0035966461	-0.1371067035	0.0412826624	0.0080175733	0.1102648857	-0.0130039897	0.0511167196	0.0095882047	-0.0526948292	-0.06245662	-0.0681280805	0.0447639433	0.1138230733	0.0852595048	0.1115437487	-0.0243676323	-0.0127169369	-0.0104550039	0.0469023532	-0.0158746963	-0.0049439119	0.030709655	-0.0259648055	0.151378122	-0.0460000865	-0.0520643395	0.0550852974	0.0722053154	0.070906515	0.1245144748	-0.0153764807	-0.020190279	0.1240204689	-0.0317908118	0.0837893733	0.0151699898	0.0864429051	-0.018463285	0.0718713726	0.076506988	0.022064086	-0.0097658811	0.0269163121	-0.1247490865	-0.0984217994	0.0561035059	0.0534566623	-0.0537927508	-0.0163575164	-0.00195647	0.0067096021	0.1147797183	0.0280948108	0.0108912568	-0.025617414	-0.0035008614	-0.069429931	0.0184137127	0.0510958346	0.107119033	0.0011258882	-0.0412218359	0.0169807987	-0.1041106063	0.0550417055	0.0465086345	0.1701512509	0.0203521113	-0.0231189796	0.0580847412	-0.0158209718	-0.0987524902	0.0601535728	-0.0459789694	-0.1099379598	-0.0730579298	0.0308334408	0.0143444345820142	0.0019214803302674	3.692086659604517e-06	0.0002057628034776	-0.0461037094299996	0.0119458193525475	0.0001427026000036	0.0021255520232058	-0.0734963522702685	0.0024394332902061	5.950834777366233e-06	0.0054017137970354	0.0010342510746281	0.001082597688234	1.0696752853693798e-06	1.1720177545697434e-06	-0.0006050711050824	-0.0002350510296747	5.524898655113673e-08	3.661110422056368e-07	0.0008298130926664	8.219486969999979e-07	6.755996604999944e-13	6.885897687605755e-07	0.0	0.0	0.0	0.0	0.0	0.0	0.0	0.0	0.0	0.0	0.0	0.0	0.0	0.0	0.0	0.0	0.0	0.0	0.0	0.0	0.0	0.0	0.0	0.0	0.0	0.0	0.0	0.0	0.0
1090.5773793298897	-0.4079160759170008	1189359.02030605	0.1663955249915244	1544.050221132867	3.0676165293189115	9.410271170950605	2384091.085380455	1044.488027207031	-0.3092075520835351	1090955.2389788358	0.095609310265492	1087.6877718970889	1045.6891280754794	1.540871	30.134508	0.1697611532137917	0.1030210056524713	-0.0090655812	0.0979726275	0.0676378124	0.0289793557	0.055658803	-0.0605586908	-0.076890816	-0.0654702442	-0.1282041524	0.0161266321	0.0628791059	0.0627022497	-0.0086726663	-0.0533340217	0.0519605744	0.067666244	0.0095251952	-0.0120678055	-0.0160278918	-0.1544574559	0.037688959	0.0390215803	-0.0474038949	-0.0149464336	0.0816167099	-0.1004787587	-0.0066570301	-0.068802049	0.0349951051	0.0398172067	-0.0571086875	0.0625323818	-0.1177449382	0.0312085465	0.2321969059	0.0487774396	-0.0088104672	0.0518146994	0.0491467584	0.0314996751	0.0048704527	-0.0239768577	-0.0625848717	-0.1388408361	0.0849886392	0.0789374647	0.0242143552	0.0108828441	-0.1127823283	0.0478161517	-0.0366473327	0.1812735475	0.0178904069	-0.0644953149	0.0879925235	-0.013098731	0.0521527499	-0.0348258336	0.0278600164	-0.01698537	0.0753767556	-0.0170165986	0.0175183709	-0.0979769768	-0.0367387269	-0.0928657721	0.0236421195	0.0019633251	0.1239021754	0.037207023	0.1320763372	-0.0305370969	0.0879823926	0.0193405461	-0.0682591998	0.0749069244	0.0720194655	-0.0056447914	0.0637329463	-0.0024704623	-0.1574255727	-0.0423624373	0.0246734111	-0.0551348682	-0.0157890555	0.1243394048	-0.0648772203	0.0900307366	0.001756843	-0.1332942308	0.0509686454	0.0327455543	-0.0367435142	0.0621118246	-0.0658951435	-0.0368463641	-0.0933606567	-0.1704752259	-0.0523889623	-0.136495926	0.0470837219	0.0609737172	-0.0972246175	0.0469810675	0.0744861872	-0.1204852896	0.0065820355	0.1040189461	0.065006744	-0.0153698808	0.1156980695	0.158499352	0.0241030117	-0.0080333227	0.0972255594	0.0153788601	0.0533333223	0.1301302117	0.0212493365	-0.1280680668	0.0970485417	0.1055291184	0.0339319458	-0.0577579509	-0.0510568606	0.0690549251	-0.0351859559	0.0025606878	0.0230393669	-0.056508801	-0.0407259647	-0.0621867761	0.0464519353	0.0258887107	-0.0508042995	-0.0889571515	-0.0527628827	0.1471576265	-0.0907919049	0.0858172637	0.0825144188	0.0506442164	-0.114496888	-0.0755550048	0.0586034926	0.0814168251	0.1138434932	-0.0686005592	0.0666360181	0.075116647	0.009820992	0.0583307311	-0.0498665756	-0.1106882998	-0.0663509546	0.0410229053	0.0222766951311683	0.0079322605491541	6.292075741966651e-05	0.000496251145967	0.0459344227236471	0.0920381321536467	0.0084710177703321	0.0021099711909547	-0.1139801559834694	-0.0404838037132009	0.0016389383630889	0.012991475958016	0.0006846537342974	-0.0003495973403307	4.6875073588737483e-07	1.222183003662993e-07	-0.0003692159206554	0.000235855184427	5.56276680210942e-08	1.3632039606541466e-07	0.0008291264814683	-6.866111981000114e-07	4.714349373563331e-13	6.874507222720033e-07	0.0	0.0	0.0	0.0	0.0	0.0	0.0	0.0	1.0	0.0	0.0	0.0	0.0	0.0	0.0	0.0	0.0	0.0	0.0	0.0	0.0	0.0	0.0	0.0	0.0	0.0	0.0	0.0	0.0
1091.8581379197992	1.2807585899095102	1192154.1933416913	1.640342565626997	1551.6013557655035	7.551134632636604	57.019634240203935	2407466.7672133488	1044.4984351757812	0.010407968750087	1090976.9810846555	0.0001083258135027	1087.3285376597742	1045.4387269157403	1.437702	28.11684	0.1848066911700961	0.1197483499548847	-0.0329911289	-0.0450460889	-0.1183834477	0.0177247089	0.0343077971	0.0413677359	0.0706626344	0.0045384571	0.1107860539	-0.1128221909	0.0192032978	-2.06228e-05	-0.0173149828	-0.0218477921	0.0189793004	0.0405185247	-0.041381544	0.1146757932	0.0171114475	-0.0837103823	-0.0761287454	-0.0129581686	0.033253864	-0.0071326751	-0.0972407394	0.1362359358	0.0087714937	-0.0330425672	0.0096669393	0.0097909833	0.0080866284	0.0766096118	-0.1290424847	-0.0325478706	0.0059547578	0.0089022329	0.0292847099	0.1425537788	0.0541881133	-0.0625524433	-0.1030937554	-0.0416596012	0.0606161426	-0.0106141498	-0.0494493815	-0.1098811689	-0.0449053357	0.029600139	-0.0852971952	0.0510953947	-0.0190607184	0.0595897459	0.0293501647	0.0017724317	0.0400891691	-0.0307830908	0.0531135721	-0.0885638404	0.0582601039	-0.0374810787	-0.0964027515	0.0532734066	0.0187991299	-0.0686579736	0.0542781998	0.0339224604	0.0612357152	0.0004370041	-0.0922138707	-0.0879979939	-0.1012580549	-0.0313527348	-0.0665772578	0.0215277803	0.1215234537	-0.0162790564	-0.051221466	0.051151077	0.0358481667	0.0247096887	-0.0431596684	-0.0336792524	-0.0044627252	0.1649240531	0.0832253915	-0.0259178549	-0.0310705363	0.0481247115	0.0845992275	0.0029790467	0.0112718949	0.0344895997	-0.0243867529	0.0381146128	-0.1605160348	0.0301113572	-0.0779069103	0.0129299998	-0.0094805069	-0.0496975689	0.0563647519	0.0477451596	0.1065500939	0.0454288997	-0.0861176959	-0.0692667203	-0.0351326071	0.034543511	0.0174416109	-0.0344793623	0.0068842917	0.0107430836	-0.0904064167	-0.0414859479	0.1493955793	0.0211410126	-0.0010370516	-0.0963484725	-0.0017128695	-0.0066836243	0.0087189251	0.0900687281	0.0310773751	0.0361078749	-0.0014315501	0.1150030202	-0.0370741172	-0.0321824449	-0.0547593229	0.0173783806	-0.056094446	0.099480332	-0.0972500662	-0.0352397	-0.0085362409	-0.0354906947	-0.0487097484	0.0674995702	-0.0287610098	0.1020030866	0.0423617037	-0.0684230281	0.0631729394	0.0575193343	0.1839917606	0.0813487518	-0.0426982204	-0.0167854069	0.0248290742	-0.0437485094	-0.015350605	0.0564859537	-0.0536791777	-0.1110641056	-0.059244937	0.0508269837	0.0224612281922844	0.000184533061116	3.40524506448779e-08	0.0005045067719058	-0.0647745288139844	-0.1107089515376315	0.0122564719505616	0.0041957395830736	-0.0774344408081759	0.0365457151752935	0.0013355892976736	0.0059960926232748	0.0003520762924771	-0.0003325774418203	1.2395771572442046e-07	1.1060775480773505e-07	-0.0003699269520027	-7.110313473000004e-07	5.055655768432539e-13	1.3684594981800794e-07	0.0004150651267148	-0.0004140613547535	1.7144680550030384e-07	1.7227905941477298e-07	0.0	0.0	0.0	0.0	0.0	0.0	0.0	0.0	0.0	0.0	0.0	0.0	0.0	0.0	0.0	0.0	0.0	0.0	0.0	0.0	0.0	0.0	0.0	0.0	0.0	0.0	0.0	0.0	0.0
1092.289154760455	0.4310168406557295	1193095.597607309	0.1857755169288465	1545.5093138530672	-6.092041912436343	37.11297466288106	2388599.0392065784	1045.3484541992188	0.8500190234376532	1092753.3906966962	0.7225323402059016	1088.114320961946	1055.6833684252651	1.265927	24.757481	0.1510745468172742	0.117406111302903	-0.0242936906	-0.0755916695	0.0537033174	0.0483828228	-0.0178476348	-0.1050079457	-0.0169119719	0.0352936242	-0.0047367582	0.018436084	0.0464241398	0.0021999519	-0.0665515731	-0.0461556093	-0.04349248	-0.0095590896	-0.1627695005	0.0079384722	0.0564941403	-0.1108426069	-0.021453583	-0.0115691167	-0.196507415	-0.103972114	-0.0164413227	-0.099735572	-0.0394794899	-0.0910330275	-0.0539865822	0.0439942712	-0.0995095815	0.0686776144	-0.0042248571	-0.0587073037	0.0286930353	-3.73812e-05	-0.0002162323	0.1265793758	-0.1227797316	-0.0971883026	-0.0630863258	-0.0859484178	0.0038077646	-0.0865617498	-0.0004837745	0.1437148513	-0.1436865796	-0.0882179969	0.0705872737	-0.1200213642	-0.0428665425	0.0212902914	0.1091244746	-0.0143691506	0.0390376534	0.0226790587	0.0969971888	-0.0299945522	-0.1828182434	0.0047340181	-0.0034713589	0.1365436543	-0.0180719081	-0.0828390414	-0.0857899301	-0.14923756	0.0505705539	0.0196636463	-0.0224292853	-0.0126626802	0.0310341614	-0.0466655784	0.0432479999	-0.0661736497	-0.0479728552	-0.1012422094	-0.0223281359	-0.0653288104	0.1568959328	0.022729206	-0.0524676277	-0.1419303435	0.1537094691	-0.0970081868	0.0243222748	0.0120342268	-0.0821316748	0.0522315092	0.042262195	-0.0531022083	0.0774423104	0.1253904062	-0.0274559764	0.0470579877	-0.104342475	-0.1476230918	0.0656084841	0.0174496748	-0.0291781893	-0.0339105101	0.0900001872	0.0165791252	-0.0015180836	0.0801735798	0.0222790184	-0.0391726111	0.0750569322	0.1068354825	-0.0740526997	0.2655886693	0.022593651	0.065311386	0.017278236	0.0092880047	0.0092951198	-0.0765305038	0.1213511755	-0.0670890685	-0.036810442	-0.0560454796	0.0085161109	-0.073245057	-0.0244517103	0.0108357199	0.1993573289	-0.0388249967	0.0787716204	-0.0195248486	-0.0181074001	0.0044289166	0.0724025213	0.0069053589	0.0201322865	-0.0186849567	-0.0781589839	0.0002010923	0.0163612057	0.2817259107	-0.0399227163	0.0232253132	-0.0293305403	0.1476384326	0.0940246179	-0.0630425916	0.0925234342	0.0749820035	0.0284250175	-0.1036321139	0.0738917747	0.0384506052	0.0295323053	0.0546199342	-0.0574110412	-0.1110641056	-0.0517826133	0.0601535728	0.0007451956772541	-0.0217160325150303	0.0004715860681938	5.553165973981967e-07	0.0500850061093558	0.1148595349233402	0.013192712762806	0.0025085078369742	-0.0889322688340996	-0.0114978280259237	0.0001322000493137	0.0079089484399805	0.0004120762790024	5.9999986525300015e-05	1.6980685971646382e-07	3.599998383036183e-09	-0.0003699145021671	1.2449835600002266e-08	1.5499840646708382e-16	1.3683673891353342e-07	0.0004150757174135	1.0590698700017972e-08	1.1216289895456238e-16	1.7228785118633174e-07	0.0	0.0	0.0	0.0	0.0	0.0	0.0	0.0	0.0	0.0	0.0	0.0	0.0	0.0	0.0	0.0	0.0	0.0	0.0	0.0	0.0	0.0	0.0	0.0	0.0	0.0	0.0	0.0	0.0
1091.983909929426	-0.3052448310288582	1192428.859544757	0.0931744068698362	1556.4981359192625	10.988822066195326	120.7542104025013	2422686.447120139	1044.8095827734376	-0.5388714257812808	1091627.0642552048	0.2903824135235504	1088.1058355393752	1055.7038340649042	1.393347	27.249397	0.1802839932039177	0.1324590101764828	-0.044778695	0.0978269864	0.069429861	0.0147398981	-0.0355013407	0.0723358425	0.0810370786	0.0028884798	-0.0960526146	-0.0165720898	-0.0887773732	-0.0259869199	-0.0910601352	-0.0553640092	-0.0641474463	0.0005626826	0.0134379005	0.0812760771	0.1458118315	0.0081504225	-0.0278182497	-0.0430350443	0.0104949432	0.059155322	-0.0856862598	-0.1165132779	0.0265762132	0.1054596504	0.1125159712	0.0396198721	0.0656484419	0.0983411482	-0.0460061178	0.0987089681	-0.069910377	-0.0165871208	0.065959206	0.0034125591	-0.1339798496	-0.1106863744	0.0038119305	-0.0814868617	-0.0339499381	-0.1451946457	0.0293338493	-0.0485388139	0.0480480742	-0.0784121578	0.0635753642	-0.0255067988	-0.0639358304	0.0181457787	-0.0040199597	0.0719301742	-0.0355139282	0.0087709926	-0.1255588413	-0.1183336825	0.0714955832	-0.1238264433	0.0202778013	0.1168984595	-0.0363002138	-0.1488099406	0.0244090705	0.0943465875	0.0582471476	0.0078345479	0.0413226362	0.1264548106	-0.0962578011	-0.0269783675	-0.0867424232	-0.0304447572	0.0030191245	0.1100117592	-0.0416212113	0.0045042837	0.1124141821	-0.0459925346	0.0660689896	0.0606203454	0.0476102197	-0.0081976655	-0.041466166	-0.04896426	0.1274798729	0.1129120751	0.1476253325	-0.0442539282	0.0579480595	0.0292830493	-0.0119686244	-0.0791418016	-0.0200499713	-0.0331180058	-0.0059514191	0.0520807376	-0.1182910304	-0.1629724791	0.1157604056	-0.0036966266	-0.0416378405	-0.086775797	0.0221651161	-0.0350590117	-0.0766777503	-0.0710396111	-0.0702669714	0.0011742688	-0.0405792679	-0.0354824314	-0.0193855705	-0.073924253	0.0742200744	-0.221048266	0.0110364274	-0.1606433811	0.0925519084	-0.0754746154	0.070895343	-0.0060600886	-0.0013386993	0.0693102825	0.0087518729	-0.0015924145	-0.0011517157	-0.0405990467	-0.0810707604	-0.0275690747	-0.0506289748	-0.0442662477	0.051228926	-0.0216767617	0.0380209162	-0.1073674176	-0.0639353702	0.0721120394	-0.0686102079	0.0328015883	0.1852652365	-0.0780773655	0.057187875	-0.0073217895	0.2094924789	0.0370866539	-0.0480077249	0.0220749886	0.0714031883	-0.0797825334	0.0909891348	0.0527333744	-0.0610565531	-0.1106882998	-0.0440088629	0.0689150546	0.0164346031510831	0.015689407473829	0.0002461575068798	0.0002700961807335	-0.0790564329565768	-0.1291414390659326	0.0166775112840199	0.0062499195918177	-0.0810917085322984	0.0078405603018012	6.147438584618102e-05	0.0065758651926872	0.0007616135011349	0.0003495372221325	5.800551251109604e-07	1.221762696561047e-07	-0.0003692652855062	6.492166609000228e-07	4.214822727901753e-13	1.363568510799754e-07	0.0006171410058672	0.0002020652884537	4.0830380797877e-08	3.808630211227794e-07	0.0	0.0	0.0	0.0	0.0	0.0	0.0	0.0	0.0	0.0	0.0	0.0	0.0	0.0	0.0	0.0	0.0	0.0	0.0	0.0	0.0	0.0	0.0	0.0	0.0	0.0	0.0	0.0	0.0
1091.8703210320605	-0.1135888973656165	1192180.7979506548	0.0129024376047365	1546.7279765114467	-9.770159407815754	95.45601485413069	2392367.4333231947	1044.430435201823	-0.3791475716145669	1090834.933975869	0.1437528810612231	1086.9228450030728	1043.0029319499904	1.370913	26.810663	0.103972424092086	0.0791152781666646	-0.0468414716	-0.012933027	-0.1130359302	0.0425188714	0.0816197658	-0.0547999593	0.0402695289	-0.0292900035	0.0344519492	-0.0696741371	0.0839196484	0.0347011633	-0.0259340166	-0.043361816	-0.0044337711	0.00640358	-0.0315054246	0.1049089809	0.1277260699	-0.0357754787	-0.0039416841	0.0120312395	0.0205950698	-0.0151105368	-0.0095179126	0.2003256941	-0.093303768	0.0514005636	-0.0556809983	-0.0911117984	-0.0516008159	-0.1017845914	0.0534244119	0.0431131199	-0.0243528213	-0.0001032246	0.1094928044	0.0883708533	-0.1503586866	0.0093149582	-0.0087829375	0.1134015395	-0.1420835368	0.1250676589	0.1453291657	-0.0243358007	0.1526208093	-0.0480040795	0.0789363217	-0.0884236049	-0.0420021625	-0.0364760387	-0.0621041742	0.0350484389	0.0919746255	-0.1701548168	-0.0243585566	0.036975069	-0.0428781971	0.1501635454	0.0309949788	0.0673229495	-0.083069668	-0.0378452927	-0.0111179141	0.0865463436	0.0328683989	-0.0498999614	0.0187094474	0.0851259942	0.1202330317	-0.0680001737	-0.0025293379	-0.0128441491	0.0719181041	0.0027303394	-0.0679625061	-0.0260123391	0.1368107167	0.074602862	0.019031064	-0.0481284028	-0.0792956268	0.0829523785	0.0846990944	-0.0730576067	0.0494124571	-0.1914159219	0.0182305986	0.041060261	-0.0408490272	0.0763019016	-0.0459402726	0.0110806068	0.0683148729	-0.1090949302	-0.099976592	0.0288895726	-0.0124103106	0.0637924009	-0.0618534437	0.1176477435	0.093440444	-0.1637801657	0.1397087791	-0.028862591	-0.2002104906	-0.0137440541	-0.1408794622	0.032001923	-0.0332295553	-0.0337780407	-0.015187675	-0.0108298999	-0.1366348246	-0.0143301064	0.036128694	0.1119033648	0.036410201	0.042245085	-0.0165484496	0.0290518917	-0.081946793	0.0231476527	0.0619867533	0.1145338748	0.0590207669	-0.0337315471	-0.0255762276	0.0144403718	-0.0708263393	0.0552217982	-0.0892199123	-0.0365919297	0.0070870539	0.0469680797	0.0331663321	0.1153771074	-0.0791218184	0.1523424891	-0.1199824476	-0.0331404769	0.065942403	0.0180913968	0.1915366435	0.0795778471	-0.0492774725	-0.0573691573	0.0405740216	0.0216725417	-0.02960001	0.0508269837	-0.0646102301	-0.1099379598	-0.035970438	0.0770291202	0.0363930937539862	0.0199584906029031	0.0003983413471461	0.0013244572729864	-0.0023333222498678	0.076723110706709	0.0058864357165139	5.4443927217281325e-06	-0.0825328507385023	-0.0014411422062039	2.076890858502266e-06	0.0068116714510239	0.0008076009478127	4.598744667779994e-05	6.522192909079713e-07	2.1148452519434924e-09	-0.0003692795911915	-1.4305685300047224e-08	2.0465263190398726e-16	1.363674164705614e-07	0.0005461491467049	-7.099185916230007e-05	5.039844067319849e-09	2.982788904464904e-07	0.0	0.0	0.0	0.0	0.0	0.0	0.0	0.0	0.0	0.0	0.0	0.0	0.0	0.0	0.0	0.0	0.0	0.0	0.0	0.0	0.0	0.0	0.0	0.0	0.0	0.0	0.0	0.0	0.0
1092.5847593953338	0.7144383632733025	1193741.4564629593	0.5104221749166353	1539.8581216867371	-6.869854824709591	47.19490531258565	2371163.0349246063	1044.1612686979167	-0.2691665039062627	1090272.755048843	0.0724506068251201	1087.6262713321005	1064.6317269765395	1.382539	27.038031	0.1495338689514876	0.0735003215815318	-0.0501976483	-0.0969883339	0.0430065042	0.0627742131	-0.1134745913	-0.0569780231	0.0245452646	0.0774570436	-0.016924079	0.1083609054	-0.0082658541	-0.0202252886	-0.0234183749	-0.0432844485	0.0214689542	-0.0145541907	0.012489109	-0.1119417561	0.0575498615	-0.0643255686	-0.0431893765	0.000166873	-0.1531174677	-0.0550751022	0.0054351693	0.0104630209	-0.0601728746	-0.1220113669	-0.0555294867	-0.1128400661	-0.105279486	0.0920874395	0.1708427237	0.0173051599	0.0374836152	0.1205417075	-0.0165772922	-0.0243368332	0.020341216	0.0787353629	0.0308323315	-0.0535830403	-0.1101857814	-0.0506906796	-0.0410381673	-0.099970669	-0.1103276247	0.0340558354	-0.0433575882	0.0008162837	-0.0311693035	0.1225777418	-0.207738378	0.0179321128	0.0923889487	0.1115010282	0.081984419	-0.0880942344	0.0219873408	0.0094079203	0.0590629223	0.0233261328	-0.006039325	0.0862594439	-0.0086467802	-0.1556076056	-0.088103071	-0.0740897626	0.059632695	0.0053853518	-0.0085882542	-0.014422772	0.0470573547	-0.0241302255	-0.1195320154	-0.0401176112	-0.0528183803	0.044273483	0.087038258	-0.0870962234	-0.0617331544	-0.0719706992	0.0977760603	-0.0496831009	0.019115806	-8.65548e-05	-0.1367220142	-0.0039315534	-0.1501454489	0.0093816041	-0.0095968716	-0.0734986547	0.0807497418	-0.0998737717	0.043766663	-0.1567081019	-0.0693619833	-0.0186936127	0.0176633553	0.0345178195	-0.0227063536	0.1712947035	-0.0396260572	0.0952297563	-0.0587888721	-0.1280804948	-0.0453841606	0.1006470009	0.1536422489	-0.0317362649	0.0910747011	-0.0870151958	-0.0347791865	0.0147368882	0.0353442806	-0.0730062814	-0.0877629168	-0.0453776682	0.0275269457	-0.0340946178	-0.0468045137	-0.112493466	0.1248716409	-0.1016683179	0.0233681144	-0.1259727126	0.0830736053	-0.0521783537	-0.0327537728	-0.0030353617	0.130187069	0.0142974868	0.0055962319	0.0686291393	0.0430383427	-0.0960513218	0.0204279738	0.0984082939	0.0296433318	-0.0752767082	0.0137848353	-0.0182278285	0.1741182834	-0.1109697653	-0.0023816351	0.1127119759	-0.0939773359	-0.002494795	0.0543112214	-0.0549666363	0.0475287027	0.0489014791	-0.0680667272	-0.1088156246	-0.0277156827	0.0844195428	-0.0023297784200195	-0.0387228721740057	0.0014994608294043	5.427867486388557e-06	-0.0495535235556872	-0.0472202013058194	0.0022297474113621	0.002455551696784	-0.0572059186547448	0.0253269320837575	0.0006414534887752	0.0032725171291332	0.0014510915592221	0.0006434906114094	2.105666713245626e-06	4.140801669720436e-07	-0.0003030633902738	6.621620091770003e-05	4.384585263973218e-09	9.184741852424961e-08	0.0006017196021359	5.5570455431e-05	3.088075516808757e-09	3.6206647959458573e-07	0.0	0.0	0.0	0.0	0.0	0.0	0.0	0.0	0.0	0.0	0.0	0.0	0.0	0.0	0.0	0.0	0.0	0.0	0.0	0.0	0.0	0.0	0.0	0.0	0.0	0.0	0.0	0.0	0.0
1091.694402009447	-0.890357385886773	1191796.667378764	0.7927362746031281	1557.7644278609164	17.906306174179235	320.6358008034494	2426630.0127088483	1043.695450436198	-0.4658182617188231	1089300.193261218	0.2169866529507459	1087.0933014742354	1056.4606783491852	1.564844	30.603334	0.0919595651156899	0.0411125275212595	-0.0500255672	0.1180515599	0.068138633	0.0500816834	-0.011592316	0.0745152995	0.097137641	-0.0532096961	-0.1028298136	0.0497598173	-0.0546261335	0.0193664297	-0.0631541145	-0.0646531447	0.0783361293	0.0373461759	0.0858161583	0.0136682603	0.1237313268	-0.0813605836	0.0593644505	0.0567110717	0.0716032192	0.0687353225	0.0961358358	0.0137638129	-0.0565075716	0.0475872399	-0.0307299367	-0.0986694479	0.0677114305	-0.0820436157	0.0653340748	0.1091956866	0.0544173617	0.1436295956	-0.0469503141	0.0248146772	0.070701066	0.0060133193	0.0574699678	0.110517224	0.0234793176	-0.0582714651	0.076719918	0.1190837084	-0.1036195104	-0.0367733205	-0.0118088141	0.036362788	0.1069999923	0.0719260937	-0.0836313463	0.1105392342	-0.0852263356	-0.002484152	0.0440360724	-0.0247054849	-0.0413694191	-0.0409069605	-0.014834361	0.1006890218	-0.006169417	-0.0962071659	-0.0840481317	-0.0136726092	-0.1124925409	-0.1572458068	-0.1050463642	-0.0580905891	0.0175183349	-0.0392904435	-0.0383739512	0.0726085905	0.0112394354	0.1428162817	-0.0061418422	0.0469674049	0.1271792819	-0.0753580945	-0.0514128166	0.0936950732	-0.0645576396	0.0087421747	-0.0513719449	0.0766744447	0.0112806772	-0.0861844086	-0.0208315831	0.0636668122	-0.0540903506	-0.1333024902	0.0067458234	0.0199589791	0.1077161735	-0.0689874213	-0.0862467037	-0.1255556884	0.0754954989	-0.1090039536	0.0317032759	0.0713729791	0.0766558245	0.103651421	0.1236264695	-0.0444523616	0.0388962681	-0.0060607895	-0.0059940294	-0.0196418624	0.0356154985	-0.1289338078	-0.0052592378	0.080499163	0.0952618583	-0.0102700151	0.0790031589	0.005901432	-0.0268290402	0.0174703198	-0.0245806943	-0.0126974454	-0.0305430332	0.1459805477	0.0949722887	-0.0747272995	0.0521476282	-0.0373598971	-0.06372883	-0.0353377709	-0.0578129111	-0.090731364	0.0690866354	-0.0308597935	0.0722895423	-0.0214296401	-0.1147226426	0.0237381432	-0.0928415859	-0.1080186274	-0.1180329197	-0.0455937268	-0.026945067	-0.0237063828	0.0883175386	0.0350878447	-0.0482964592	-0.0557745293	0.0867087672	-0.1046523953	0.1560993967	0.0469575846	-0.0714208455	-0.1073250918	-0.019294242	0.0910168938	0.0084575015107901	0.0107872799308096	0.0001163654083056	7.152933180501682e-05	-0.0258460162382618	0.0237075073174254	0.0005620459032057	0.0006680165553884	-0.0808766095542097	-0.0236706908994648	0.000560301607658	0.006541025972984	0.0011140477215861	-0.000337043837636	1.2411023259711808e-06	1.1359854848840237e-07	-0.0001245756291212	0.0001784877611526	3.1857880881267585e-08	1.5519087370942773e-08	0.0007620697427071	0.0001603501405712	2.5712167581203614e-08	5.807502927496656e-07	0.0	0.0	0.0	0.0	0.0	0.0	0.0	0.0	0.0	1.0	0.0	0.0	0.0	0.0	0.0	0.0	0.0	0.0	0.0	0.0	0.0	0.0	0.0	0.0	0.0	0.0	0.0	0.0	0.0
1090.966533447709	-0.7278685617379779	1190207.977102911	0.5297926431665125	1545.5406992455764	-12.223728615339953	149.41954126148076	2388696.0530245053	1043.97505765625	0.2796072200521848	1089883.9210083708	0.0781801975053109	1087.3346021251518	1043.9539354209749	1.405316	27.483482	0.047997985485577	0.0280807779746126	-0.0523636952	-0.0036485994	-0.1322484808	0.0419664216	0.0414832253	-0.0001601488	0.0420683066	-0.0359445609	0.0555252963	-0.0502070262	0.0141519832	0.0277925062	0.0376221626	-0.0256933076	0.017839111	0.0021476509	-0.0138181839	0.1378084009	0.0842506555	-0.0542863694	-0.1243719465	0.0226475425	0.0289695801	0.0644371833	0.0147530905	0.0887678644	0.1342781643	0.0054432492	0.0690048312	-0.0845310533	0.0816482987	-0.0493846234	0.0268274295	0.0898235711	0.1162093844	-0.045570945	-0.0368882016	-0.1780260872	0.1758368195	-0.0203960371	0.0135760456	0.1779824136	-0.1195837033	0.0772686344	-0.0199874061	0.1514790022	0.0002153339	0.0146537833	0.0240191669	-0.1066023314	0.1242269903	0.0070249112	0.0468512958	-0.0460749498	0.0472896947	-0.1228334203	0.0337953081	-0.150171239	-0.0676847742	-0.0494707146	-0.0767828432	-0.1073284278	-0.0176508857	-0.0327915604	-0.0414385229	0.0572286957	0.0080979204	-0.0054456543	0.0027402249	0.0922913958	0.0258132014	-0.02790291	-0.0441933758	0.0282211756	0.0881025533	0.0231384457	-0.0612234613	0.0585998336	0.1008236696	0.0081819162	-0.0156192942	-0.051938503	-0.0713124209	0.0593206158	0.1078772187	0.0477700273	0.0983437303	0.0474554573	-0.1273979986	-0.0138014388	-0.1383624348	0.0014280857	-0.0718191104	-0.1114274633	0.0848830179	0.0838631871	-0.0527980138	-0.0491930519	0.147260348	-0.0487545913	-0.0751712979	-0.1539014947	-0.119571747	0.0800941378	0.143387529	-0.0338662268	-0.0192037813	0.0304323156	0.016164908	0.0942728431	-0.0085968805	-0.0825628254	-0.0544340878	0.0347597819	0.0244257154	0.0362249215	0.0733703975	0.1593273446	-0.1512292904	-0.1056258021	0.0741142945	0.1301645671	0.0517853051	-0.0256889328	-0.0790678377	0.2480180249	-0.0006410887	-0.0375216685	-0.0388447337	0.0063523885	-0.0520900281	-0.0186626745	-0.1519167443	-0.0269964845	0.0290975717	0.0154871712	-0.087434353	-0.0461198085	-0.0341928345	-0.010972168	-0.0859402685	-0.1179567882	0.1467784278	-0.0834690718	0.0638272842	0.0628561056	-0.0929448264	0.0974644654	-0.0324054709	0.0375573973	-0.0827763847	0.0449960313	-0.0746675401	-0.1054714048	-0.0107567634	0.0967591949	0.0097840212197297	0.0013265197089395	1.7596545382052002e-06	9.572707122812104e-05	-0.0460546516989239	-0.0202086354606621	0.0004083889471819	0.0021210309431091	-0.08188323727056	-0.0010066277163503	1.013299359324637e-06	0.0067048645459068	0.0012430333968443	0.0001289856752581	1.545132025670279e-06	1.6637304421813805e-08	-0.000157742159802	-3.3166530680800004e-05	1.100018757400448e-09	2.4882588978999704e-08	0.0004150978966536	-0.0003469718460535	1.203894619537737e-07	1.723062638062428e-07	0.0	0.0	0.0	0.0	0.0	0.0	0.0	0.0	0.0	0.0	0.0	0.0	0.0	0.0	0.0	0.0	0.0	0.0	0.0	0.0	0.0	0.0	0.0	0.0	0.0	0.0	0.0	0.0	0.0
1091.4598956853515	0.4933622376424864	1191284.7038894785	0.2434062975316012	1545.081910726362	-0.4587885192145222	0.210486905363054	2387278.110853825	1045.315081770833	1.3400241145830023	1092683.6201775635	1.7956646276639592	1088.1246277525088	1053.8997859647045	1.265655	24.752163	0.099499369194041	0.0512307233729522	-0.0217027686	-0.0810380554	0.0290106386	0.0279170629	-0.0300393769	-0.069670235	0.0306510183	0.0189703617	0.0660285308	0.0722490125	-0.0110529252	0.0537401499	-0.110917815	-0.0473449206	-0.1375420962	-0.0645618153	-0.0399150773	0.0987938814	0.0184100925	-0.0443442	-0.0612592341	-0.0256579539	-0.0263239685	-0.0725252122	0.0877075275	-0.0484271787	0.049939573	-0.0438504956	0.0575724147	0.0149577792	0.0434776484	-0.0219556454	-0.1219628807	-0.0521537003	-0.0569731672	0.0429539291	0.0674592372	-0.0512939272	0.0235942612	0.0931719048	0.0564224458	-0.1174221228	-0.0017990253	0.0954740176	-0.0817937899	0.105004009	-0.0425246688	0.0400729508	0.1618113722	0.0253573566	-0.0040668766	-0.0348512993	-0.1543392869	-0.1051061503	-0.1080533141	-0.0419343304	0.036637447	-0.0027732272	0.0675516473	-0.0302597208	-0.1082870358	0.0062066424	0.1844016422	0.0557599489	-0.1012011615	-0.0949630927	0.1700793491	0.0574730596	-0.0017899848	-0.0860192527	-0.0573000446	-0.0482943215	-0.0577420618	-0.1079973245	-0.0150835933	-0.0654191115	-0.0762261111	-0.0057634862	0.0497710587	0.1424095726	0.0296168645	-0.0990313916	-0.0201971462	-0.0922889665	-0.0265421138	0.0499060118	0.0241436992	0.0807698019	-0.0343250071	0.037240654	0.0569520449	-0.0139232372	0.0419967543	0.0535115698	-0.0278842841	0.1073977225	-0.0631107329	0.0840343641	-0.066569928	0.0004126321	0.0138685834	-0.0838240675	-0.089286996	0.0089362834	-0.0353510504	0.0704540312	0.0620342594	0.1256223126	-0.0455561876	-0.0615948233	0.030328082	-0.073474135	0.0123148987	-0.0208147525	-0.083413939	0.0784493712	-0.0692668704	0.1449807096	-0.1349859756	-0.1525582259	0.0453792768	-0.1453302558	-0.0602799185	0.007775897	0.1116574088	-0.1218089196	0.0605068135	-0.036415716	-0.0345596658	-0.0139604961	0.1616298485	-0.0682451915	-0.0749943839	0.0396601819	0.0739872758	0.0775184277	0.1079307943	0.0304360345	0.0955603685	-0.1205157703	-0.0719130936	0.0598956925	-0.0593679886	-0.1115428363	-0.051068641	0.1031383629	-0.0829813177	0.0523000718	-0.1178720078	0.0495074928	-0.0040611235	0.0430175569	-0.0778019275	-0.103260836	-0.0021545924	0.1015925006	-0.0235765258932474	-0.0333605471129771	0.0011129261036771	0.0005558525731949	-0.0395585205435367	0.0064961311553871	4.219971998799221e-05	0.0015648765475934	-0.0711172518151954	0.0107659854553645	0.0001159064428251	0.0050576635057459	0.0019809939345286	0.0007379605376842	3.924336968639103e-06	5.445857551793009e-07	3.196056215504228e-05	0.000189702721957	3.598712271791089e-08	1.021477533266321e-09	0.0004649687464185	4.9870849764899975e-05	2.487101656273224e-09	2.1619593514599138e-07	0.0	0.0	0.0	0.0	0.0	0.0	0.0	0.0	0.0	0.0	0.0	0.0	0.0	0.0	0.0	0.0	0.0	0.0	0.0	0.0	0.0	0.0	0.0	0.0	0.0	0.0	0.0	0.0	0.0
1091.7567729395378	0.2968772541862563	1191932.851259353	0.088136104053171	1551.4805513346216	6.398640608259711	40.94260163367021	2407091.9011695813	1045.920414355469	0.6053325846357893	1093949.5131655158	0.366427538021845	1089.2422538892672	1057.243302631757	1.233117	24.115828	0.110485972728245	0.0525204565156557	-0.0181198728	0.051354319	0.0849972603	0.0029473457	-0.0262188766	-0.0069515412	0.0097292015	0.0183195303	-0.095648266	0.0607783251	-0.0463053911	0.0305853742	-0.1117951891	-0.0339439469	-0.1320430383	0.0304676924	0.1008348938	0.0297864415	0.0029506412	0.0950624599	0.0805526854	0.00086876	0.0263143243	-0.010397013	0.0781673008	-0.0155767312	0.0135373625	0.0365901346	0.0117806518	-0.0341754044	-0.0185851384	-0.1020821602	-0.039773292	-0.0307426577	-0.0770880768	-0.0544648802	0.0129231189	0.0174040472	0.0028034625	0.1308553751	0.0921777027	-0.0763673766	-0.0511470183	0.0154305192	0.0487153422	-0.1440925276	0.0549314452	0.0632740656	0.1157732751	-0.0790989654	0.0018164226	0.1181983806	-0.0772241163	0.1932910589	-0.0199700863	0.0124112094	-0.0335984627	-0.0435897488	0.1510098639	0.0064661127	-0.0466073756	0.0926052392	0.0272326796	0.1239036146	0.0676684078	-0.0836932396	-0.1036399554	0.0867450792	0.025144921	-0.0033372008	0.0960056838	-0.0054955166	-0.0232764249	-0.1028113317	-0.0812792691	0.1096115066	0.023809233	-0.0507916473	-0.0658907115	0.074921168	0.0818360546	-0.0041326118	-0.0044846451	-0.0067856902	0.0002877878	0.0572373252	0.0488638583	-0.0519430265	-0.0018163811	0.0130128877	-0.0004324675	-0.0319856811	0.0161345168	0.0792865051	0.0312998809	0.1434707817	-0.0129234477	-0.0070504521	-0.0486154869	0.0391800357	0.0032976474	0.0994989939	-0.0760645256	-0.1690107042	-0.0489606336	0.0167914132	-0.0478851917	0.0316636298	0.0429870854	-0.0294343681	0.0947411813	-0.1493633956	-0.1397451575	0.0894147801	0.0165401296	-0.0863386389	-0.1253756751	0.0191285958	0.1056906986	-0.0315375062	0.0050824966	-0.1422936545	-0.0153510798	0.0140239737	0.0844930204	-0.0141669188	-0.0783236067	-0.0263829739	-0.0261034352	-0.0620874084	0.0332182495	-0.0926507831	0.0214473238	0.1152894092	0.0307097433	0.0424825852	0.0292665776	-0.0933184378	-0.0833619377	-0.0121649911	0.0860556566	-0.1062420964	-0.0884311919	-0.0762213713	-0.0321165088	0.0132995604	-0.0799311107	0.0971153809	-0.0337498191	0.0560080984	0.0074031315	0.0410229053	-0.0808192935	-0.1007008652	0.0064605365	0.1054714048	0.0044859009770163	0.0280624268702637	0.0007874998018488	2.012330757559579e-05	-0.0555742986794456	-0.0160157781359088	0.0002565051492986	0.0030885026737122	-0.1023368989727657	-0.0312196471575702	0.0009746663686431	0.010472840891362	0.0020770627643811	9.606882985250002e-05	4.314189727178456e-06	9.229220069228598e-09	-0.000135559865622	-0.000167520427777	2.806309372260324e-08	1.8376477167454696e-08	0.000905141900079	0.0004401731536605	1.9375240520343014e-07	8.192818592786224e-07	0.0	0.0	0.0	0.0	0.0	0.0	0.0	0.0	0.0	0.0	0.0	0.0	0.0	0.0	0.0	0.0	0.0	0.0	0.0	0.0	0.0	0.0	0.0	0.0	0.0	0.0	0.0	0.0	0.0
1090.6075088355217	-1.1492641040160834	1189424.7383284224	1.320807980779891	1556.452525722107	4.9719743874854885	24.7205293098117	2422544.4648267264	1044.2697245833333	-1.6506897721355926	1090499.2576813507	2.7247767238330547	1088.0852110021256	1073.794378504379	1.381953	27.026583	0.0903716102990318	0.0490952212732097	-0.0002351806	-0.0158800656	-0.1022484032	-0.0127506154	-0.1549448158	0.0888828425	0.0517018855	-0.0067948162	0.0523508266	-0.0469273753	0.0066390941	0.1110396189	-0.0246987901	-0.0224423113	-0.0008096397	-0.0253059444	0.0698181278	0.1113245994	-0.0199649985	-0.0388000173	-0.0406965769	-0.0334452403	0.0330172031	-0.0192099235	-0.0901638314	-0.0603766421	0.0380748593	0.0128493489	-0.1768450491	0.0614338171	-0.0413801221	-0.1305745054	0.124375075	0.0176600962	0.048284844	-0.0235321589	-0.0868223105	-0.0261043172	0.039162103	0.1300819429	0.0293027557	-0.1315970111	-0.0794670228	0.0321127481	0.0397563298	0.0402633198	0.0651211926	-0.0087536004	0.0772049558	-0.146606538	-0.064997821	-0.0305782388	-0.0464062165	-0.0987155507	-0.0783361572	-0.056678455	-0.1108994579	-0.0689397199	0.0912628679	0.0775153655	0.0962899405	0.1050632882	-0.0629113591	-0.0336439956	-0.0049486803	0.0082971809	0.0540102662	0.0285937396	-0.1173069606	0.0229941457	-0.0302589481	0.0104295114	-0.0920845915	0.0343790841	0.0424571989	0.0665904007	-0.0337570476	0.0434499728	-0.0492173992	0.0154481046	-0.0189665549	-0.0709117074	0.1586379665	0.0724880664	-0.0970348304	0.1334410014	-0.0341980312	-0.0375524538	-0.0501725053	-0.0368459406	0.0149734599	-0.015199876	-0.0302468377	0.0225084632	0.1696177416	0.0272880089	0.0172034532	0.0619388115	-0.0327452329	0.0774284432	-0.0775373231	0.0359999417	-0.1371838691	-0.0153679885	0.0541049799	0.0457402028	-0.1004170399	-0.0269889075	-0.050424117	0.0205613642	0.0568030707	-0.0668393235	0.0518222296	-0.2227464659	-0.1047866384	-0.1034161601	-0.0119278225	0.0503582086	0.1389104184	-0.079619892	-0.0252166624	0.0388016866	-0.0364101464	-0.0146427124	0.1084742373	0.0597599461	0.0201252106	-0.0212890447	0.012725562	-0.0074231198	0.0057982586	0.0145520952	-0.0890498962	0.1012249833	0.026719052	-0.0467766884	0.0107822099	-0.0991034584	-0.0183898119	0.0084140529	-0.1624474385	-0.0567481301	0.0631209275	0.021575462	-0.086310749	-0.0624409308	-0.0348232424	-0.0200105441	-0.0368673147	0.0313274986	-0.0550758588	0.0390128266	-0.0837150996	-0.0978001546	0.0150368111	0.1083594676	0.0018758881928278	-0.0026100127841885	6.812166733627404e-06	3.518956511990749e-06	-0.0181021820974649	0.0374721165819807	0.0014041595211335	0.0003276889966897	-0.092957348641363	0.0093795503314026	8.797596441931644e-05	0.0086410686664319	0.0018843341669561	-0.0001927285974249	3.55071525275814e-06	3.714431226540762e-08	-0.0006580505193078	-0.0005224906536858	2.729964831890145e-07	4.330304859612652e-07	0.0010081212609974	0.0001029793609183	1.0604748775162086e-08	1.0163084768749875e-06	0.0	0.0	0.0	0.0	0.0	0.0	0.0	0.0	0.0	0.0	0.0	0.0	0.0	0.0	0.0	0.0	0.0	0.0	0.0	0.0	0.0	0.0	0.0	0.0	0.0	0.0	0.0	0.0	0.0
1089.432787907977	-1.1747209275447403	1186863.799368947	1.379969257611575	1550.155245389402	-6.297280332705213	39.655739588675885	2402981.2848082767	1043.255446490885	-1.014278092448194	1088381.926632896	1.0287600488203472	1087.1375936128843	1055.5299434257004	1.283421	25.099613	0.0870491640488138	0.0526079778880377	-0.0146443643	-0.0990066801	0.0365012664	-0.0706123027	-0.0525513882	0.08409737	0.0535979988	-0.0581500635	0.0659411111	0.1298551463	0.0567179443	0.1275503021	0.0530159342	-0.0207233529	0.0800626559	-0.1151179152	0.0039300189	-0.0594108938	-0.0630525953	-0.0089966898	-0.0605926025	-0.0551151028	-0.0912875956	0.0083776438	0.005356407	0.0102806635	-0.082031834	0.0307406884	0.0396032225	0.0572866277	0.0434929358	-0.0113851804	0.0787302468	-0.0651049515	0.0939070697	0.0309378968	-0.0159933506	-0.0472079875	0.1118937421	-0.0329059982	-0.0853489749	-0.1409013574	0.0941345841	0.0870518472	0.0004571656	-0.0700814064	-0.1151690922	-0.09963133	-0.0558308155	0.046962867	0.0371000374	0.0255695412	-0.0600416047	-0.0191453595	0.0108444557	-0.0571183656	0.0663743256	-0.0478204224	-0.0281924371	0.0063670456	-0.0250946304	-0.0702301585	-0.0066831885	0.092246887	0.0212427753	0.0635887147	-0.0737468344	-0.0879177324	0.0343939008	0.0505430382	0.0642455782	0.0139012041	-0.0990363603	0.1230810562	-0.0552132379	-0.0869501998	0.0029642986	0.157208755	0.0140749129	-0.0821466448	-0.0021059286	0.0199572046	0.0528778208	-0.0281074241	-0.0150268197	-0.0051217431	-0.1056507403	-0.0199547124	-0.0545837526	-0.0092888574	-0.0177747715	-0.1277052434	-0.0649946851	0.0032433705	-0.0406655116	0.0229935269	0.0538403129	0.0192324758	0.048642918	0.0302345054	0.0449703685	0.0037573311	0.0975167174	0.0507254589	-0.1600895784	-0.0718408787	0.0566214626	0.0428827194	-0.0672481106	0.0203069507	0.0034946503	0.0543959801	-0.0254671922	-0.0007549343	-0.049756544	0.0394993767	0.0022397595	0.0836089421	-0.0551858676	-0.0200205655	-0.1015555346	0.0575665485	-0.0117185686	0.0234942979	-0.0315595063	0.0287590115	0.0288109887	-0.0456575684	-0.0078320339	0.0952615723	0.134775169	0.0030652101	-0.0180404812	-0.1132843428	0.0370892576	-0.1049643341	0.0561233384	-0.0625126093	-0.0164007107	-0.0267568329	-0.0159640278	-0.1352261425	0.0692332875	-0.0777321599	-0.0743968012	-0.0094991096	-0.0290119779	0.0796267903	0.0067803903	0.0804141274	-0.0970239952	0.0369880768	-0.0864849902	-0.0945685192	0.0235226525	0.1102295573	0.0122752872241846	0.0103993990313568	0.0001081475002133	0.0001506826764362	-0.0392510154995591	-0.0211488334020942	0.0004472731542695	0.0015406422177466	-0.0466312344370152	0.0463261142043478	0.0021461088572742	0.0021744720251198	0.0018318887955153	-5.244537144080013e-05	3.3558165591344963e-06	2.7505169855634943e-09	-0.0007460382673751	-8.798774806730004e-05	7.741843809954661e-09	5.565730963880412e-07	0.0010511844897096	4.306322871220009e-05	1.8544416671192542e-09	1.1049888314060325e-06	0.0	0.0	0.0	0.0	0.0	0.0	0.0	0.0	0.0	0.0	0.0	0.0	0.0	0.0	0.0	0.0	0.0	0.0	0.0	0.0	0.0	0.0	0.0	0.0	0.0	0.0	0.0	0.0	0.0
1088.65578724058	-0.7770006673970329	1185171.4230924067	0.6037300371354345	1534.5222209559995	-15.633024433402396	244.39145293535637	2354758.446607733	1043.451068977865	0.1956224869798006	1088790.133351049	0.0382681574121622	1086.57837643236	1035.665964756135	1.445638	28.272051	0.1286791725961173	0.0741600189913402	-0.0127140865	0.047015235	0.0951038353	-0.0563567769	0.1235743061	-0.1042819725	-0.0765429774	-0.1305743695	-0.0415628204	0.1489634407	0.0638085542	-0.014352856	0.0365302745	-0.0118225406	0.0910143508	-0.0884484635	-0.0933891887	-0.1506680572	0.1326671162	-0.0365663769	0.0384840448	0.1330097041	0.0197771846	-0.0567064744	-0.0670524665	-0.1015922412	0.0582925864	0.0438036887	0.1158734263	0.0159275643	-0.1103734914	-0.0029413249	0.1468397667	0.1374053151	0.0361717428	-0.0812510191	-0.0712071018	0.0565842366	-0.0308424962	0.0701911829	0.0854456604	0.0286933926	0.0451243321	0.096982897	-0.0704793339	-0.2002622687	-0.1037620023	0.0513170364	-0.0268690134	0.0500566521	0.0551734054	-0.1377957747	0.032196788	0.0808834185	-0.0434960829	-0.0396141309	-0.0179270143	0.0882858544	-0.0595215296	-0.036184209	-0.0477822943	0.0278377872	-0.1153281962	-0.017481214	0.1055071528	0.0472007847	0.142909469	-0.0007133329	-0.0071577012	0.1472787874	-0.0276282273	-0.0106741019	0.0957799643	0.0815975366	-0.1117054089	-0.0610615435	-0.0448234047	-0.1168669303	0.1569367296	-0.124548977	-0.0257466841	-0.0462162364	-0.0695651856	0.0262588822	-0.0531323855	-0.0507367112	0.069597386	0.0594727245	0.0046854566	-0.1374408603	0.0080061653	-0.0002486301	-0.0254371033	-0.0912436062	0.1539988333	0.0223242882	0.0838614504	-0.1227360802	-0.008413142	0.1850786201	0.0242832654	0.0317642599	-0.0190903845	0.0269746526	-0.1826012395	-0.0140495221	0.0518059114	-0.0637824474	-0.0089309633	-0.0690942394	-0.155662758	-0.0893753513	0.0054087879	0.0976527726	-0.0350956984	0.031105212	-0.0070530103	-0.0782242327	0.0390778638	0.1105906532	-0.0029807147	0.0404998269	0.055429517	0.0405553623	-0.0063196307	0.1637200235	-0.0070128416	-0.0036553719	0.0018047425	0.0334734233	0.0091112773	-0.101447188	0.0542767418	-0.1021815869	0.0601226881	0.1126691283	0.1209783936	-0.0457984524	-0.0681148414	0.0075958407	-0.1662072649	-0.0706987359	-0.0856895615	0.0074740301	-0.0849447971	-0.0214717816	-0.0520577835	0.0371257681	0.0104500092	0.1148375135	0.0143559238	0.0349494174	-0.0891247992	-0.0910168938	0.0318670259	0.1110641056	0.0124977419375937	0.000222454713409	4.948609951792462e-08	0.0001561935535386	0.003028322598567	0.0422793380981261	0.0017875424300156	9.17073776099159e-06	-0.1018857542714073	-0.055254519834392	0.0030530619621292	0.0103807069234535	0.0018311880776092	-7.007179060999815e-07	3.3532497755780773e-06	4.910055839291425e-13	-0.0003038774669801	0.000442160800395	1.9550617340594705e-07	9.234151493824179e-08	0.0012267801704123	0.0001755956807026	3.083384308144453e-08	1.5049895865168317e-06	0.0	0.0	0.0	0.0	0.0	0.0	0.0	0.0	0.0	0.0	0.0	0.0	0.0	0.0	0.0	0.0	0.0	0.0	0.0	0.0	0.0	0.0	0.0	0.0	0.0	0.0	0.0	0.0	0.0
1089.733029455248	1.0772422146681038	1187518.0754857124	1.1604507890630409	1542.510198277956	7.987977321956578	63.807781696092576	2379337.7117914995	1043.8241114648438	0.3730424869788749	1089568.7756753706	0.139160697091384	1086.584364214843	1053.1398391453724	1.25923	24.626505	0.106587900611127	0.0552048979584977	0.0104964769	0.0871971272	-0.0497702013	-0.0231417817	-0.0606809041	-0.0359187613	-0.0508811923	-0.0667532657	-0.1242604534	-0.0457759214	-0.011077428	0.0162109901	0.027563121	-0.0083187886	0.0735732098	0.0141019448	0.1135678907	-0.0901671474	0.0572032798	-0.1191230044	0.0096581895	0.0987644518	0.1165288924	-0.0431818748	-0.0688676286	-0.1358330484	0.0878252471	0.0844240683	-0.073322912	-0.0396401045	0.0964924272	-0.0064273851	-0.0355011885	0.0481679965	-0.1980427521	-0.0165194543	-0.0996559007	0.0522862483	0.0677974566	-0.0820334102	0.0591452549	-0.033167295	0.0867731187	0.0545857761	0.0834602687	0.0313297373	-0.0383016126	-0.0322090694	0.0470004878	0.003292865	0.0114524209	0.1137596147	-0.0487010734	0.0684491124	0.0637503477	0.1117704496	0.0824056903	0.1328318456	-0.137799447	0.0800128004	-0.0854059467	-0.1323689433	0.1805588497	0.0176649728	-0.133470551	0.0302178427	0.0542705451	-0.0059148721	0.1267573478	-0.0867158886	-0.0679869334	-0.0235443096	0.1071002969	0.0501204234	-0.0204651402	0.098399086	-0.1131745192	-0.0888504516	-0.0255842115	-0.0347540366	-0.0990397655	-0.016712397	-0.0096678419	0.0306347311	-0.1862302142	-0.003860713	0.0958443465	0.0446804906	0.0945377567	0.1392993462	-0.016958503	-0.0770713907	0.1147485789	0.014080685	0.0713583719	0.1440664049	0.077657692	0.0646127984	0.0948730929	0.0400602218	0.1463285621	-0.0239977204	0.0788501901	0.0927291009	0.080186649	-0.0839431647	0.0433890466	-0.0150528188	0.0216631006	0.0498721115	0.0979963341	0.0319087971	-0.012417465	0.1543906742	0.0448146456	0.0457598688	-0.0955608847	0.0141926098	-0.0610818137	0.0818763571	0.0230064842	-0.032453446	-0.0813513828	-0.0345544197	-0.0068613776	-0.1170657117	0.0782852652	0.0111420055	0.0040189653	0.0456533199	-0.1305675817	0.0113006888	0.0281415483	0.0563438001	-0.0079489673	0.0782167289	0.2302106561	-0.002206008	-0.0133551791	-0.101373669	-0.0613795785	-0.0858574022	0.0644122894	-0.0632500374	-0.1989766843	-0.0559933259	-0.0117269947	0.0081177917	0.0777569789	-0.0105782664	0.0641759006	0.0328976148	-0.091630556	-0.0871572961	0.0400197472	0.1108552722	-0.0029524182106683	-0.015450160148262	0.0002387074486069	8.716773290685807e-06	0.0017872055927909	-0.0012411170057761	1.5403714220266324e-06	3.194103830903072e-06	-0.1273917246151512	-0.0255059703437438	0.0006505545231759	0.0162286515004225	0.0013621839325842	-0.0004690041450249	1.8555450661905564e-06	2.1996488805063117e-07	-0.0011181690144879	-0.0008142915475078	6.630707243426478e-07	1.2503019449608415e-06	0.0012222628006782	-4.517369734099996e-06	2.0406629314562676e-11	1.493926353921717e-06	0.0	0.0	0.0	0.0	0.0	0.0	0.0	0.0	0.0	0.0	0.0	0.0	0.0	0.0	0.0	0.0	0.0	0.0	0.0	0.0	0.0	0.0	0.0	0.0	0.0	0.0	0.0	0.0	0.0
1090.4894018370062	0.7563723817581831	1189167.1355188317	0.5720991798865467	1548.4645397569698	5.954341479013692	35.454182448702966	2397742.430884764	1045.1775137109375	1.353402246093765	1092396.035166977	1.831697639731648	1088.5346192830973	1059.2839640221505	1.338273	26.172342	0.116594081490502	0.0619357261984858	-0.0148596843	-0.0704074757	-0.0731257444	-0.0378708363	-0.0166067147	0.05900051	0.0932577969	0.0468735505	0.0843989414	-0.0553192832	0.0235437065	-0.0411638096	-0.0008753758	-0.0174899304	-0.0808334387	-0.0570741888	0.0228573567	-0.0964192755	-0.1205426282	0.0636386169	-0.1135257603	-0.0048753485	-0.1111204018	0.0736427843	-0.1324461379	-0.0087428212	0.0684620063	-0.0086688137	-0.0216466181	-0.0571445493	0.2020317412	0.053490264	0.0870200147	-0.0673157468	0.0443851902	-0.1555295324	-0.0486802244	-0.0189159373	0.0579376163	-0.0659020205	0.0197998038	0.0556754904	-0.0598847097	0.0678587298	-0.0320019883	-0.1039499503	0.0264326059	-0.0357031581	0.0818315087	0.0484591356	-0.0760391151	0.0934196578	0.0518901235	0.0043444394	-0.0264744277	-0.0081456202	0.0487053211	-0.1019561086	-0.0246657183	0.0526051416	0.1029226223	-0.0527584159	-0.0696258773	-0.0324196351	0.0408335417	0.0479498359	-0.0145942702	0.0711898614	0.0251601277	-0.0390914923	0.1463070053	-0.0019984479	-0.1123508578	-0.026060709	0.0068191929	-0.0342198596	-0.0842955199	0.0056158988	-0.1809957306	-0.1193446424	-0.0041690102	-0.0281744037	0.1134016428	-0.0100328925	0.0787124052	-0.1207330822	-0.0187524504	0.0926923218	-0.0164605125	0.1062872428	-0.1218584517	-0.0202559609	-0.1081582588	-0.0794642142	-0.0426216446	0.0486501991	0.1040759956	-0.0397495684	0.0477805776	0.0937922763	-0.0505417281	-0.0758842689	-0.0612551071	-0.0547650786	-0.0425405588	-0.1124008706	-0.0887019072	-0.0847933128	-0.0467552665	-0.002225875	0.0772104876	-0.0327181982	0.0339811329	-0.0162997579	0.0570564782	0.0022820469	0.0756882127	-0.038418679	0.0276546954	-0.0173852407	-0.0545733782	0.0215861868	0.0205400532	-0.0609277435	-0.0365694698	-0.0283572814	-0.0638643896	-0.0207347441	-0.02908539	0.0602710467	0.0245757842	0.0924148021	-0.0468550139	0.0346616675	0.0240254288	-0.0547051197	0.0370914286	-0.1217058772	-0.0777052171	0.018792606	-0.0845258045	-0.1028067233	-0.1081757349	0.0251563609	-0.1160516975	-0.050106992	-0.0552861688	-0.0118216756	0.0583831004	0.0820182456	0.125823544	0.0308334408	-0.0939984918	-0.0830027857	0.0479317851	0.1096050192	0.0047948844978691	0.0077473027085374	6.0020699257710936e-05	2.299091734790541e-05	-0.0446009017613562	-0.0463881073541471	0.0021518565038998	0.0019892404379261	-0.0917171399598686	0.0356745846552825	0.0012726759903269	0.0084120337624181	0.0017290819316168	0.0003668979990325	2.989724326243684e-06	1.3461414169412566e-07	-0.0009494442601332	0.0001687247543547	2.8468042732053893e-08	9.014444030998796e-07	0.0012223217827416	5.89820634000482e-08	3.4788838029273042e-15	1.4940705405646032e-06	0.0	0.0	0.0	0.0	0.0	0.0	0.0	0.0	0.0	0.0	0.0	0.0	0.0	0.0	0.0	0.0	0.0	0.0	0.0	0.0	0.0	0.0	0.0	0.0	0.0	0.0	0.0	0.0	0.0
1088.0648844440582	-2.424517392948019	1183885.1927602617	5.878284588707458	1547.3774007767995	-1.0871389801702662	1.1818711622056466	2394376.820434764	1043.8165065690105	-1.3610071419270753	1089552.899385933	1.852340440376506	1087.830055996194	1049.5862135250554	1.298672	25.397871	0.0957471644302939	0.0492122351204739	-0.0161675935	-0.0571819634	0.0619771367	-0.0733584366	-0.0323094523	0.0720334093	0.0522036068	0.0047192087	0.049672425	0.0891944364	-0.054877856	0.0249240071	-1.1929e-06	-0.0144148996	0.0058112936	-0.0916392541	0.0522843059	0.0105832069	0.002777369	0.0798551026	0.0656525942	-0.1137771745	0.0830651977	0.0316072426	-0.0582155761	0.087428086	-0.0172989486	-0.0190543244	-0.0493930121	-0.0040956858	0.0982876444	0.0111215633	-0.1059834571	0.0518213693	-0.0354677855	-0.0624542677	0.0343928859	-0.1296261908	-0.0241050705	0.0128982065	-0.0730494788	-0.2041827025	-0.0309307578	-0.0080792809	0.043166601	0.0270531319	-0.0285970588	0.0548547856	0.1445365598	-0.0263488354	-0.0410439416	-0.0145087223	0.0911839993	0.0442606207	0.0012814142	-0.0012230404	0.062607156	0.040595703	-0.0946127834	0.0228734084	0.0625120652	-0.1436657912	0.0125800631	-0.0163034428	0.0689967468	-0.029970739	0.073069736	-0.0707519311	-0.0084683233	-0.0092050952	0.0391402032	0.0204926691	-0.1032644853	0.0698988937	-0.1001100344	-0.023516015	0.0059586144	0.0589167058	0.0076688089	0.05145457	0.0805735716	0.1246099419	-0.0050620635	0.1151305649	0.0179423217	-0.0645896198	-0.050905242	0.0072172623	0.0481338391	0.013607628	-0.0047639876	0.0012659294	-0.006307047	0.0264530907	0.0426235461	0.1336534693	0.052081865	0.16949001	-0.1042485196	-0.1048247697	-0.0255678811	-0.0576751925	-0.0458454172	-0.0592805477	0.0629448242	-0.1335386553	-0.0024568806	0.1076168604	-0.1035322256	0.0810100634	0.0473438431	-0.0419599705	0.0013554667	0.0721696625	-0.0668999709	-0.0492191609	0.0901632036	-0.0254599398	0.0141596431	0.1498518707	0.0045823727	-0.0190220455	-0.0096934569	-0.0218867345	-0.1127955077	-0.0274071895	0.1352543183	-0.0402634876	-0.0457279278	0.1130445815	0.0492371997	0.0075824473	0.0583874897	-0.1808682102	0.0639957904	-0.010176844	0.045100568	-0.0403790745	-0.0072601464	-0.0275723377	-0.1332139697	-0.0003117293	0.1502548405	0.0101934932	-0.0399680075	-0.0322428629	0.0379345983	0.0438964975	0.0397906381	0.0352043539	0.0037519076	0.0287576717	-0.0962250449	-0.0785674201	0.0555555556	0.1073250918	0.0110383905930007	0.0062435060951315	3.898136835994543e-05	0.0001218460668836	-0.0278857013236404	0.0167152004377157	0.000279397925673	0.0007776123383112	-0.052690738843097	0.0390264011167716	0.0015230599841271	0.0027763139598314	0.0014909083597338	-0.0002381735718829	2.2228077371241303e-06	5.672665034350651e-08	-0.0006140138398664	0.0003354304202667	1.1251356684036204e-07	3.770129955474811e-07	0.0013239589262053	0.0001016371434637	1.033010893146074e-08	1.7528672382786911e-06	0.0	0.0	0.0	0.0	0.0	0.0	0.0	0.0	0.0	0.0	0.0	0.0	0.0	0.0	0.0	0.0	0.0	0.0	0.0	0.0	0.0	0.0	0.0	0.0	0.0	0.0	0.0	0.0	0.0
1087.5743780439725	-0.4905064000856782	1182818.0277777335	0.2405965285250114	1537.4644753295274	-9.912925447272071	98.26609092317425	2363797.012900299	1043.7936300651045	-0.0228765039059908	1089505.142164488	0.0005233344309608	1086.6731340110914	1040.218811895258	1.350382	26.409151	0.0934882212979931	0.0437764569991456	-0.0514787442	0.1068590006	0.0206288351	-0.110358635	-0.0188485951	-0.0580142755	-0.0454568515	-0.1634980559	-0.0436052051	0.0700264444	0.0056143446	-0.1226542746	0.0300759791	-0.0545262475	0.0860014501	0.0119254942	0.1262890877	-0.0716671525	0.0750006124	0.0031992101	-0.0579543079	0.0039905906	-0.0047289995	-0.1305511849	0.0114516936	-0.0178339892	-0.0800616461	-0.0256367824	-0.0943998485	-0.0900588621	-0.0058854082	0.0950616212	0.0258661788	-0.0189001229	0.1168132973	-0.1308877892	0.0509984352	0.0493141986	0.1446696696	-0.075135328	0.013938983	-0.0556568417	0.0439692072	-0.0254999895	0.0994007342	-0.1118420838	0.0811179324	-0.0194846845	-0.0307046128	0.2966007523	0.0985031523	-0.0504043471	0.0695855777	-0.1051973742	-0.0234191852	-0.0676507558	-0.0668893932	-0.0718733931	-0.0223169803	-0.1259344564	-0.021923626	0.0064514515	-0.0393912833	0.089298701	-0.116944046	-0.035524696	0.0196343214	0.1016310207	-0.0306281115	-0.0803378295	0.0928435184	-0.0441587247	0.0772672001	0.0855494684	-0.0645863806	0.119467477	-0.1284083955	-0.0129992648	0.0236890944	-0.0328600779	0.0018834482	-0.0353298833	0.0248257459	-0.011511377	-0.0410701453	0.0019446135	-0.2095097964	-0.0437546443	0.0145440601	-0.0705628428	-0.1594788253	-0.0169457766	-0.0865984053	-0.0643725914	-0.0674549802	0.074887791	-0.0183370341	0.0030410051	0.0007159199	0.0389194363	0.080241393	0.0033612081	0.0004482597	-0.0365735985	-0.0342441911	-0.06862211	0.0518758195	-0.1086229449	0.0102381292	-0.1750414535	-0.035921438	0.1387434028	-0.060929724	0.0149540157	-0.1109443586	0.165060558	0.0826150534	-0.0490991743	-0.062422119	-0.2132859696	-0.0448181371	0.0512316451	0.0745750074	0.0080261041	-0.0041668639	-0.0742920377	-0.0222014429	-0.043771296	-0.0622213645	0.0913332892	-0.0966895275	-0.0178249574	0.0888143607	0.0666928678	0.0675061633	-0.0331793135	0.0899262148	-0.0129827332	-0.0563263293	-0.0793537222	0.0602628977	-0.0011273007	-0.0582856393	-0.0635698124	0.0087764504	-0.0167332627	0.028162223	-0.0024223685	0.0976874738	-0.0190002943	0.0750762515	0.0266710879	-0.0983068664	-0.0738662073	0.0628452084	0.1040369087	0.0115178845790779	0.0004794939860772	2.299144826842021e-07	0.0001326616651769	-0.0451344441269441	-0.0172487428033036	0.0002975191282945	0.0020371180466482	-0.0716260093213492	-0.0189352704782522	0.0003585444680845	0.005130285211302	0.0017261569367834	0.0002352485770495	2.9796177704054502e-06	5.5341893003861546e-08	-0.0001729601695026	0.0004410536703638	1.9452834014137961e-07	2.9915220234368125e-08	0.0017841509593991	0.0004601920331938	2.1177670741504358e-07	3.1831946459247294e-06	0.0	0.0	0.0	0.0	0.0	0.0	0.0	0.0	0.0	0.0	0.0	0.0	0.0	0.0	0.0	0.0	0.0	0.0	0.0	0.0	0.0	0.0	0.0	0.0	0.0	0.0	0.0	0.0	0.0
1089.103333392925	1.5289553489524224	1186146.0708075806	2.337704459090224	1539.2540145822034	1.7895392526759224	3.202450736867899	2369302.92140743	1043.0244958723958	-0.7691341927086341	1087900.0989898655	0.5915674063935623	1086.2742256855545	1032.6825946383583	1.357313	26.544695	0.0686459472302154	0.0322775361824362	-0.0316341761	-0.0550244105	-0.103000362	-0.0655103625	0.1079872631	-0.043600749	0.004577225	-0.021743965	0.0584620286	-0.1224523331	-0.0406396582	-0.1187901136	-0.0304289529	-0.0142075154	0.0454338888	0.0153840311	-0.0179750971	-0.025220522	-0.0040049441	0.1816348757	-0.2537195785	-0.033689637	0.0707891188	0.0396392166	0.0310354735	-0.0396640268	-0.0186028337	-0.0831551057	-0.0467532991	0.1089967404	-0.0024497733	0.0760156781	0.034347115	-0.0887791169	0.0841018813	0.0200472675	0.1367389477	-0.0893728517	0.0251862959	0.1359384717	0.0211691616	0.0672568822	0.022462483	-0.0464235733	0.0547234064	-0.0731965292	0.0644239365	0.0244176199	0.0167495885	-0.1129583463	-0.0407794192	0.0136302785	0.1320819997	-0.0070966778	0.0456388824	0.057415916	-0.0405844333	-0.0498985504	-0.0855261718	0.0251332794	-0.0051406542	-0.0137550676	0.0020139901	-0.140233129	0.1054008067	-0.0341726686	-0.0623852529	-0.0798876554	-0.0109598696	-0.0646846108	-0.0507305255	-0.0259989301	0.0413632413	0.0388009628	0.0484236139	-0.026804161	-0.0986881478	0.0012241227	-0.1847777189	-0.1067055885	0.1389845697	0.0055336863	-0.0209384703	-0.0310888809	0.0348374156	0.1302580883	-0.0732836283	0.0316461384	-0.0222905814	-0.1084509096	0.0848034419	0.0068888559	-0.0550965682	-0.1540505237	-0.0851443575	-0.0059972748	-0.1513171687	-0.0432042914	-0.0686011317	0.0311872611	-0.1383211506	-0.0833783887	-0.0370366008	-0.1369804083	0.0326081685	-0.031961803	0.0325659401	0.0116792803	0.0165310303	0.1202330932	0.0438190766	0.0824789508	-0.0100395405	0.0364684882	0.0290303221	-0.1534893553	0.0114697795	-0.0556608046	-0.01389881	0.0953241281	0.0813747496	-0.0239424823	-0.019247752	0.0157773841	-0.0725845065	0.0071051142	0.0193889565	-0.0191453804	-0.0564837701	0.0659514165	-0.0181503803	0.0965173555	-0.0810959743	-0.0356913487	-0.0072845681	-0.1281460704	-0.0306675491	-0.133663751	-0.067455503	0.0644574181	0.0448744537	0.0007714188	-0.0265331622	0.1218947224	-0.09531655	-0.1192313831	0.0023599385	0.0019386251	-0.0316469365	0.0526191565	0.0870963582	0.0245744743	-0.100240825	-0.0689150546	0.0697569027	0.0997713604	0.0075989099213273	-0.0039189746577505	1.5358362368091426e-05	5.774343199244647e-05	-0.0601183714972108	-0.0149839273702667	0.0002245180794374	0.0036142185914766	-0.0834371124144723	-0.011811103093123	0.0001395021562763	0.0069617517280652	0.0016519559225245	-7.420101425889992e-05	2.728958369963772e-06	5.505790517049469e-09	-0.0005972420011826	-0.00042428183168	1.800150726937359e-07	3.566980079765968e-07	0.0015239949631565	-0.0002601559962426	6.768114238097977e-08	2.3225606477263817e-06	0.0	0.0	0.0	0.0	0.0	0.0	0.0	0.0	0.0	0.0	0.0	0.0	0.0	0.0	0.0	0.0	0.0	0.0	0.0	0.0	0.0	0.0	0.0	0.0	0.0	0.0	0.0	0.0	0.0
1089.2073649275628	0.1040315346378975	1186372.683812445	0.010822560199116	1539.5649216764018	0.3109070941984555	0.0966632212229273	2370260.148056465	1045.4067977148438	2.382301842447987	1092875.3727084044	5.675362068531073	1088.5409643477751	1046.716296379711	1.349054	26.383175	0.061058958696088	0.0347174076313603	-0.0117353267	-0.0486924579	0.0684835443	-0.060140485	0.0098474893	-0.1163532617	-0.026565935	0.0567754899	0.0008756654	0.0264315303	-0.1004127983	0.0353406785	0.0526459833	-0.0418426938	0.0025538844	-0.0180857887	0.0463512128	-0.2159853616	-0.0841709307	0.0353086947	-0.0147698919	-0.0606773224	0.0870497491	-0.050828903	-0.026852427	0.0017642841	-0.0869493433	-0.0379317069	-0.0239427567	0.0623758704	-0.086251047	0.0904575054	-0.0850481815	0.0428962121	-0.0963110733	0.0295060227	-0.0251818733	-0.0492872917	-0.1523784789	0.053390835	0.1047790953	-0.0874098653	-0.0787888591	0.0116950989	0.024098202	0.0802459214	0.1185771715	0.0081575726	-0.0493061396	-0.0138397203	0.0784667885	0.1149058676	0.0217762358	-0.0556454716	-0.0522462371	0.0513833198	-0.013040877	-0.0266960527	0.0305144109	0.1362121353	-0.0321751231	-0.0328594155	0.041308453	-0.0576504529	0.1209150688	-0.0286114622	0.0983188833	0.0218922596	-0.0518071558	-0.0571904204	-0.0045665211	-0.0362688541	0.0759126449	-0.0351938376	-0.1438602417	-0.0850701505	-0.053980327	0.0184405542	-0.151828488	0.0094516296	-0.0038777833	0.0931984633	-0.0398928707	0.0014516728	-0.0939689577	-0.0652268386	-0.0671047349	0.001302076	0.0912702074	-0.0196719606	0.1323593718	0.0422126574	0.1470913557	-0.0096462927	0.0350289453	-0.0380091543	0.0391902153	0.0702718545	-0.1206319545	0.0172265253	-0.0140070587	0.0936383435	-0.1014541682	-0.031298454	0.1077309551	0.0182316042	0.0132310269	-0.0328132157	0.0709991601	-0.0610787604	0.137179361	0.0400592264	-0.0322171712	-0.0705218482	0.0809681787	-0.020644604	0.0641670747	0.1582901774	-0.0658208141	0.1003871502	-0.009306408	-0.0378831988	-0.0362523974	0.0153650767	-0.0543701654	0.1016702228	-0.0987433558	-0.0180932396	-0.0538512424	0.0635445435	0.0019167983	0.0529961331	0.1014983713	-0.0541829351	-0.0058878818	0.0613560778	0.1637782222	0.01835723	0.0225445933	0.0243479441	-0.0150901541	0.1032359233	0.0575214492	0.0903088968	0.0020307354	-0.0745929809	0.046664531	-0.056427556	-0.0228457715	-0.0278647554	-0.0110934722	0.0224686191	-0.1020240119	-0.0637307152	0.0762490709	0.0945685192	0.0100924142999758	0.0024935043786485	6.217564086339243e-06	0.0001018568264023	-0.0334139323763196	0.0267044391208911	0.0007131270687613	0.0011164908768492	-0.0844860904042406	-0.0010489779897683	1.100354823018347e-06	0.0071378994717935	0.0013179583786922	-0.0003339975438323	1.7370142879649722e-06	1.1155435928600922e-07	-0.0005263571202214	7.088488096120005e-05	5.024666348883501e-09	2.770518180077653e-07	0.0017353532824986	0.0002113583193421	4.4672339155117174e-08	3.011451015078666e-06	0.0	0.0	0.0	0.0	0.0	0.0	0.0	0.0	0.0	0.0	0.0	0.0	0.0	0.0	0.0	0.0	0.0	0.0	0.0	0.0	0.0	0.0	0.0	0.0	0.0	0.0	0.0	0.0	0.0
1088.3844432618796	-0.822921665683225	1184580.6963344717	0.6772000678508535	1547.1061068637205	7.541185187318661	56.86947402943438	2393537.305895017	1043.5516932291666	-1.8551044856772023	1089000.1364414608	3.4414126527796776	1087.0042515374478	1049.9574678420074	1.20225	23.512156	0.0592353338268992	0.0372638494369021	-0.0097979431	0.0758214087	-0.0321312722	-0.0937867666	-0.1155699383	0.0780319897	0.0388012872	-0.0304429863	-0.0626240142	-0.0615946076	-0.0754088646	-0.1107417155	0.0244907287	-0.0018282483	0.0081371349	-0.0192343764	0.1185252573	0.0285933712	-0.0406446659	0.1378781619	-0.0223028823	-0.0463633101	0.0032846091	0.1221364693	-0.0109589939	-0.1470471917	-0.062592534	0.0174238011	-0.0506254913	0.1025418668	0.1001694011	0.0140300796	-0.0704667615	-0.0160512384	0.0967041513	0.0081668905	0.0281767282	0.0976135102	0.0176721307	0.0410038659	0.0747846714	-0.0145635298	0.1590376489	0.1096511155	-0.0184558357	0.0944993442	-0.0372898172	-0.0963957983	-0.1741804763	0.1005362246	-0.0130868746	-0.0876316591	-0.007099987	0.0345791456	0.0468501055	0.1256677556	-0.0216818973	0.1440076747	0.0295387699	0.0497109313	0.1353266688	-0.0872314872	0.0644148757	0.0356487785	-0.0164162362	0.0347666478	-0.0105891423	-0.0740230861	-0.0031184159	0.0831166494	-0.0029756624	0.0209464916	-0.0540312902	0.045653374	0.011453674	0.1306250737	0.0054611399	0.0132432994	-0.1431141107	-0.0515169328	0.1007320328	0.0947407851	0.0935364098	-0.097382968	-0.0349875092	-0.0040856306	-0.0184258738	0.0112704762	0.0861075468	0.0066518552	0.0858479989	-0.0938517576	-0.0579960736	0.0714936969	-0.0165386099	0.0523062717	-0.0913452007	0.0027615518	-0.0350781934	0.1080051022	0.0512166621	-0.0441584404	0.0173178553	0.2139387893	0.010114896	0.0542569818	0.0597923245	-0.0463804235	-0.0463794376	-0.0413016275	-0.1094957987	0.1486037635	0.1209629027	0.0263838943	0.0320715192	0.0433432643	-0.0542540928	0.1007885015	0.0788655811	0.0805178341	-0.0511081472	-0.0048511299	-0.0577561958	-0.0424123929	-0.1670218047	-0.0456233713	0.0251912806	-0.0170250397	-0.0465922384	0.0545085379	-0.081748155	0.0666097794	0.0531477043	0.0452438514	0.0097585734	-0.1689328762	0.0903175111	-0.0512009192	0.0740773032	-0.0103984154	0.062870627	0.0404821695	0.0466075877	0.0613328691	-0.0372675523	-0.1062208401	-0.0071314953	-0.0006256687	0.0493923575	0.0322998017	0.0412900048	0.0203543145	-0.103653745	-0.0583307311	0.0822826681	0.0884772626	0.0049466246052958	-0.00514578969468	2.6479151581874892e-05	2.4469094985717827e-05	-0.0661793865234443	-0.0327654541471246	0.0010735749854673	0.0043797112006194	-0.083390945491331	0.0010951449129096	1.1993423802717785e-06	0.0069540497899381	0.0015740850718139	0.0002561266931217	2.4777438133073705e-06	6.560088292945747e-08	-0.0006721327804146	-0.0001457756601932	2.1250543104763324e-08	4.517624745078609e-07	0.0017380298306274	2.6765481288000114e-06	7.1639098857828416e-12	3.020747692150709e-06	0.0	0.0	0.0	0.0	0.0	0.0	0.0	0.0	0.0	0.0	0.0	0.0	0.0	0.0	0.0	0.0	0.0	0.0	0.0	0.0	0.0	0.0	0.0	0.0	0.0	0.0	0.0	0.0	0.0
1088.327150853847	-0.0572924080327084	1184455.987285652	0.0032824200181863	1541.2522648124109	-5.853842051309584	34.2674667616804	2375458.543789386	1043.628593958333	0.076900729166482	1089160.6421274473	0.0059137221463366	1086.648693504298	1023.6343071566084	1.199117	23.450886	0.0295971178028985	0.0181144792034879	-0.0012735781	-0.0628384681	-0.0228459515	-0.081264432	0.0964242862	0.001643585	0.0397353549	0.0107432804	0.1010070429	-0.0191934216	-0.0575474793	-0.0173866776	-0.0929266024	-0.0238438301	0.0036947554	-0.0376693637	0.1075280095	-0.0254700972	-0.1770288704	-0.005816591	-0.0548208724	-0.1329308228	0.0823192311	-0.0079020534	-0.0885448096	0.0182074154	0.0013137946	0.058413451	0.0658135888	0.1375900876	0.0564389776	0.0213796942	0.0756402708	0.0921187507	-0.1645726153	0.1256205369	-0.1541207762	-0.0146921554	-0.0320151434	0.0535459027	-0.1349726452	0.079711919	-0.0834671411	-0.0006194079	-0.0102992975	-0.0265630684	0.0366799877	0.0093622013	-0.0592361811	-0.0743884292	0.1642725728	-0.0235344989	0.1591179795	-0.031341052	0.0549438095	0.0269003774	-0.0282998957	-0.0126720681	-0.0372024353	-0.0043645638	-0.0242860321	0.0066315121	-0.0747675167	0.0711689814	0.0324591894	0.0402040385	-0.020147961	0.078345513	0.0407091904	-0.0168142379	0.0958276514	-0.0149111613	-0.0524442468	0.0251768925	-0.0254774735	-0.0570414328	-0.0619534469	0.160532246	-0.1786534311	0.1133606048	-0.0450123644	0.0491395799	-0.0165765585	0.0786821921	-0.0636918955	-0.0681565845	0.0330864208	0.050582222	0.0760688073	0.0103636986	0.0862622706	-0.0807468193	0.03926059	-0.0397314072	0.0931187628	-0.0706526292	0.1081634192	0.0275907804	0.1379621986	-0.0095082614	-0.1684185863	0.042028887	-0.0133696318	-0.0791648681	0.0247817223	0.0577165153	0.1397652576	-0.0872243577	0.0607034712	0.1018192283	-0.1109429215	0.0455596306	-0.0656760741	-0.006782772	-0.0207519241	-0.0425557131	0.019917717	-0.0352236864	-0.0514412397	0.0306372509	-0.030475088	0.081848462	0.0550083197	0.0998487618	0.0084145193	-0.0492434277	-0.1270045091	-0.0064998711	-0.077657201	0.082878091	0.0035242421	0.1208227204	0.0252700111	-0.1092991989	-0.0288031128	-0.0705256754	0.0534622464	-0.0572686634	0.0347456176	-0.0798449876	0.0533020878	0.1059949491	-0.1353372177	0.0768556993	-0.0284597555	-0.0574573905	0.0627025581	-0.0064770563	-0.0052204832	-0.0322732449	0.0196464207	0.0182323554	-0.105127573	-0.0527333744	0.0878214077	0.0815548146	-0.0003773576600138	-0.0053239822653095	2.834478716133113e-05	1.4239880357109066e-07	-0.0648949367164135	0.0012844498070307	1.64981130678145e-06	0.0042113528114273	-0.0817059087110578	0.0016850367802731	2.8393489508734527e-06	0.0066758555182997	0.0012551210670771	-0.0003189640047367	1.5753288930207583e-06	1.0173803631773728e-07	-0.0006723431553585	-2.103749438999835e-07	4.42576170209212e-14	4.520453185574241e-07	0.0018449284299524	0.000106898599325	1.1427310537646896e-08	3.403760911646628e-06	0.0	0.0	0.0	0.0	0.0	0.0	0.0	0.0	0.0	0.0	0.0	0.0	0.0	0.0	0.0	0.0	0.0	0.0	0.0	0.0	0.0	0.0	0.0	0.0	0.0	0.0	0.0	0.0	0.0
1089.7626378761236	1.435487022276675	1187582.6069107272	2.060622991124755	1542.1332892136843	0.8810244012734074	0.776203995639166	2378175.081701017	1044.0063303320312	0.3777363736980987	1089949.2177733544	0.1426847680145897	1087.0039865203487	1038.3015887773972	1.278566	25.00465	0.0776558683890683	0.0458269548665381	-0.017296654	0.0790594219	0.0912413573	-0.0104702168	0.1126645585	-0.0874614661	-0.0615040258	-0.0218715865	-0.0821023841	0.0394205649	-0.0714411497	0.0598568325	0.0011519617	-0.0148218249	0.0156474296	0.0328398031	0.1493890758	-0.042700454	-0.1142756219	0.0480764116	0.0959768706	-0.0094656874	0.0579101968	-0.0231279622	0.0409154676	-0.0364610598	-0.00565965	0.1301644854	0.031052224	-0.0684403691	-0.1557498654	0.0520633157	-0.0209261812	-0.0521263294	0.0568997633	0.0338972232	-0.0444461269	0.0298529951	-0.0485397668	0.1421660134	-0.0694450951	-0.0161758946	0.0927954847	0.0537923505	0.0135734568	0.0477103536	-0.0739474521	-0.0385299905	0.1017555382	-0.0741793704	-0.0444472743	-0.0042112692	0.0555333723	-0.078783618	-0.0925710929	-0.0353013634	-0.0450026555	0.108814265	0.05846783	0.0226000036	-0.0367468207	0.1076496306	-0.0641547695	0.1491250429	0.0363739873	0.0296833803	0.1269656284	0.0758909092	0.1610367869	0.0557005537	0.020516087	-0.0074431059	0.0959897824	-4.4415e-05	-0.1084807921	0.101370582	0.0837611315	0.0301827906	-0.1009344235	0.1011237906	-0.0102984725	0.0261486039	-0.044420954	0.0039272971	-0.0321621292	0.0136062771	0.0362513967	-0.0395672436	0.0917450206	-0.1498141533	-0.0788915392	-0.0384009334	0.1088192659	0.0417710302	-0.020667647	-0.005997703	0.0042821613	-0.0547130499	-0.0418344567	0.0977523526	-0.0694547263	0.0361630084	0.0625396802	0.0177054169	-0.0524218205	0.0572043242	0.0939439296	0.0092164527	-0.1073565168	0.053463003	0.0384285515	-0.0157290869	0.0786084511	-0.0502564746	-0.0884330949	0.0490186769	-0.0418160002	0.0810517792	0.140054657	-0.0167124289	0.0823998678	-0.0684628553	0.0884503089	0.0043391865	0.0636967893	0.0943899137	0.0476196405	0.0007154948	-0.0383910037	-0.0245580927	-0.0660730718	-0.0097118824	0.1144416042	-0.022584688	-0.0148734492	0.0314949482	0.054364138	-0.0785904444	-0.0832692561	0.0102103861	0.1154577827	0.1196212621	-0.0853762041	0.012208241	-0.0176708577	-0.0510458769	0.0385901121	-0.004657721	-0.0800469877	0.0868633695	-0.0675103672	0.0161035399	-0.1064432791	-0.0469575846	0.092831979	0.0738662073	0.000698309234238	0.0010756668942518	1.1570592673893131e-06	4.87635786622062e-07	-0.0326244008934537	0.0322705358229598	0.0010413874823009	0.0010643515336567	-0.1049142597690746	-0.0232083510580168	0.0005386275588321	0.0110070019028928	0.001676621756227	0.0004215006891498	2.8110605134537097e-06	1.7766283095384059e-07	-0.0006719548817513	3.882736071999767e-07	1.507563940480818e-13	4.515233631094036e-07	0.0018450657594721	1.3732951969981817e-07	1.8859396980982743e-14	3.4042676567763567e-06	0.0	0.0	0.0	0.0	0.0	0.0	0.0	0.0	0.0	0.0	0.0	0.0	0.0	0.0	0.0	0.0	0.0	0.0	0.0	0.0	0.0	0.0	0.0	0.0	0.0	0.0	0.0	0.0	0.0
1091.2389314266084	1.4762935504847974	1190802.405461086	2.179442647203009	1544.785455044124	2.652165830439799	7.033983592152428	2386362.1021158816	1043.9465948632812	-0.0597354687499773	1089824.4929266395	0.0035683262267795	1086.1719991817529	1047.8604402947567	1.32184	25.850967	0.0600341017496192	0.0319421458407619	-0.0147638683	0.0133246046	-0.1113009866	0.0342756168	0.0557087307	-0.1180192989	-0.0154068826	-0.0205565724	0.0155745031	-0.1210296982	0.0250972352	0.0840932504	-0.0172274901	-0.0003540165	0.0374292043	0.2062804129	0.0546295095	-6.96565e-05	-0.0171285936	-0.0290905451	-0.0393662618	0.0016542607	0.1036162996	0.1226020128	0.1001378449	-0.0611468863	0.1350196222	0.0141697047	-0.0346582164	-0.0706269996	0.0202826732	0.0170488905	-0.0206274602	0.0250476359	-0.0685122889	-0.0826866017	0.1630687416	0.0262905406	-0.0303272725	-0.0291668015	0.0715296935	0.0129121235	0.1141813665	-0.1032919568	-0.0554189433	0.1080277989	0.043822642	0.0136408527	-0.1329276379	-0.0964017838	0.0260971568	-0.0750813658	0.0296485136	-0.0146176869	-0.0487225285	-0.0380508109	0.0973172752	-0.0485691299	0.059839777	-0.0710564785	0.0747266766	0.0116133996	0.1346851427	0.1334098737	0.0262382848	-0.0178592599	0.0471538866	0.0482465628	-0.0109486585	-0.0666536175	-0.0490010584	-0.0476155816	0.1470529139	-0.0376660585	0.0847341494	0.0950188049	-0.0108932628	-0.0457952016	-0.0880396747	0.0233968323	-0.0713731653	0.0861416028	-0.0449039586	-0.0269345072	0.0544419853	0.1435624655	0.0533841927	0.0624153505	0.031880514	0.0274026317	-0.0762066848	-0.0170801628	-0.0399771365	-0.0386403426	0.0386539416	0.0894843209	-0.0569300358	0.0562202774	-0.1249039261	-0.0313632569	0.0896214165	-0.0080814105	0.0751154075	0.0236703336	0.0121451106	0.1916787621	0.0141184175	0.0145192666	0.1104454504	0.0833015991	-0.0842654858	-0.0428569926	0.0132725642	-0.065240102	0.0868407532	0.0484275069	0.0721305595	-0.0179011151	-0.0445813739	-0.081777597	-0.0329504854	-0.0877491264	-0.0887693532	0.0204077241	-0.1170933355	-0.049179566	-0.0347098906	0.0167129456	-0.019072218	-0.0501797907	-0.0905502878	0.0514272341	-0.0579193199	0.0883920111	-0.040713307	0.0431539729	0.0245526194	-0.0530552516	0.0459713528	0.0011365757	-0.0190658166	0.1430929633	0.0073861418	0.1428721588	-0.015653369	-0.0400934494	0.1055938633	-0.010483416	-0.1038564539	-0.0077722039	-0.1140370382	0.0139686685	-0.1075988845	-0.0410229053	0.0972842479	0.0654836707	-0.0154659415723585	-0.0161642508065965	0.0002612830041385	0.0002391953487196	-0.0284288378947934	0.0041955629986602	1.7602748875727382e-05	0.0008081988240484	-0.106301761576347	-0.0013875018072724	1.925161265184179e-06	0.0113000645142345	0.0020132263866731	0.0003366046304461	4.053080483996827e-06	1.1330267723775567e-07	-0.000243143364575	0.0004288115171763	1.8387931726304025e-07	5.9118695736851365e-08	0.0018447461843527	-3.195751193999473e-07	1.0212825693949056e-13	3.403088484683845e-06	0.0	0.0	0.0	0.0	0.0	0.0	0.0	0.0	0.0	0.0	0.0	0.0	0.0	0.0	0.0	0.0	0.0	0.0	0.0	0.0	0.0	0.0	0.0	0.0	0.0	0.0	0.0	0.0	0.0
1092.7840751941667	1.5451437675583293	1194177.03499797	2.3874692624243483	1534.4062423186165	-10.379212725507614	107.7280568013392	2354402.516466337	1045.743310377604	1.796715514322841	1093579.07119951	3.228186639408391	1087.9055425221848	1051.4293569321574	1.289965	25.227581	0.0401251171059642	0.0269908921858809	0.0129262715	-0.0809696331	0.0366811974	0.0993240756	0.0743026786	-0.0848233502	-0.0368566026	0.1610108761	0.0095770233	-0.0448951468	0.0964614095	-0.0283994474	0.0368557235	0.0086368003	-0.0683714966	0.1286642896	-0.0556722641	-0.0921973722	-0.0634892232	-0.0757205519	0.0272586201	-0.0711409888	-0.0827551865	0.0265729235	0.0013466033	0.0812079411	0.0286221722	0.0259523239	-0.082148488	0.0483198027	0.0478141538	-0.0727585529	0.0514482333	-0.0660980537	-0.0879982367	0.0843396308	-0.040310098	-0.0298199295	0.0197655062	0.0599995865	0.0350471195	0.0878352443	-0.0379179012	-0.0103122839	0.1369156038	-0.0267601442	0.0386125542	0.0456750985	0.0841877799	0.1073924766	-0.0497515584	-0.1719950875	-0.0464508834	-0.0825470789	-0.1236157859	0.0326916556	0.0178109969	0.1684211712	0.1353023332	-0.0057918825	0.099555389	0.0868030706	0.0653144017	0.0057452998	-0.1443111253	-0.0439825596	-0.0504938569	-0.1116374831	-0.1509550471	0.0825393438	0.0051086829	-0.0072125388	0.0926961836	-0.146406569	0.0067358215	-0.085622281	0.024299865	0.0231177298	-0.076372907	0.0150744777	-0.1041687571	0.0320472719	0.1167772848	0.0134211544	0.0544258324	0.0553338362	0.0234549306	-0.0703368855	-0.0576626001	0.1692396672	0.015326923	-0.0296818648	0.0589835124	-0.0117869757	0.0041814594	-0.0275288525	-0.0114017196	-0.0357027291	0.0884891667	-0.0157071859	-0.0497377926	-0.0329111178	-0.0350422095	-0.1044786917	0.0726705596	-0.0097050808	0.0540746938	-0.0603975729	-0.0531067732	-0.1464724804	-0.1049861817	0.0021206682	0.0654678587	-0.1134898287	-0.0838858415	0.1732388764	-0.0603109546	0.0104248683	0.1046323642	-0.0021939965	0.0349363726	-0.0898544064	-0.0937403529	-0.0915818905	0.0652030643	-0.0213649226	0.1247408556	0.0392251824	-0.0122037228	-0.1155279073	0.0761258905	0.060480666	-0.0026906897	-0.0063974962	-0.0862758478	-0.0333472782	-0.0550902301	-0.0525592977	0.0125147956	-0.1248168802	0.106496464	0.2057380443	-0.043666434	0.0008085648	-0.109908226	-0.0400373203	0.0861311152	0.0630915443	-0.0912841856	0.0575689927	-0.0465252141	0.0118285441	-0.1085926509	-0.0349494174	0.1011514379	0.0564859537	-0.0100113495238218	0.0054545920485367	2.9752574415959797e-05	0.0001002271192881	-0.0210158896873053	0.0074129482074881	5.495180112690107e-05	0.0004416676193489	-0.1316834979146364	-0.0253817363382894	0.0006442325395464	0.017340543623034	0.0019947439187571	-1.8482467916000004e-05	3.979003301418432e-06	3.4160162026596955e-10	-0.000262161004441	-1.9017639866e-05	3.616706260728725e-10	6.872839224951401e-08	0.0018447628868037	1.6702450999963453e-08	2.7897186940618016e-16	3.4031501085283204e-06	0.0	0.0	0.0	0.0	0.0	0.0	0.0	0.0	0.0	0.0	0.0	0.0	0.0	0.0	0.0	0.0	0.0	0.0	0.0	0.0	0.0	0.0	0.0	0.0	0.0	0.0	0.0	0.0	0.0
1093.4225887106309	0.6385135164641724	1195572.9575026573	0.407699510707443	1549.030473140476	14.624230821859555	213.868127131027	2399495.406717807	1045.9764169466146	0.2331065690104878	1094066.664808478	0.0543386725158413	1087.8884473499686	1053.2256695944834	1.281578	25.063557	0.1291874290295829	0.0566637453871533	0.004548735	0.0677190691	0.0739748841	0.1358280132	0.1396722896	-0.064231605	-0.0240889305	0.0787332547	-0.1159479065	-0.0467537345	-0.0063777526	0.0950368169	-0.0418901208	-0.025474922	-0.0789618653	0.0718074444	0.086202099	-0.032734385	0.035739532	0.0193168043	0.1524451576	-0.0613751771	-0.0774516236	-0.0858410119	0.1280913177	0.0867571477	0.0743400561	0.0732165901	0.0132683732	-0.0395592622	0.0181082487	-0.0703348608	0.0148329117	-0.0384256188	-0.1043168906	0.0357506605	0.0347940132	-0.043753207	-0.0005779262	-0.1908627126	-0.1248715935	0.0007152457	-0.0400508489	-0.0453113368	-0.0382071768	-0.0399364834	-0.0637771141	0.1201024642	-0.0945163205	0.0564235072	-0.0222350245	-0.0515327553	0.0249810791	-0.0387777232	0.0725786037	0.1091877013	-0.065297631	-0.0096292138	-0.0034888624	-0.0121077576	0.0585911225	-0.0918918189	0.0215594866	-0.0786742026	0.0393067662	0.1615212783	-0.0690965635	0.0075700822	0.0596512724	-0.050707897	-0.0691004615	-0.034933264	0.0417421142	-0.1397052837	-0.0498242406	0.0591760586	0.0544847909	0.0519118945	0.0619997413	0.1199893721	0.050613493	0.0836529914	-0.0445437779	-0.0268313539	-0.0076304094	-0.0054124272	0.0815279594	-0.0563698647	-0.0668393357	0.1800491326	-0.1174429956	0.0680057843	0.0288907173	0.031031575	-0.0209527774	-0.0666405964	0.0808983938	0.0722947488	0.1395762381	-0.0812724203	0.0173524757	-0.0398191268	0.0816813161	-0.0224211102	-0.0859485923	-0.0343147874	0.050496954	0.0582823961	0.1015934643	-0.1052128935	-0.0667158158	0.0896605659	0.03985919	-0.0488330077	-0.0166736066	-0.0559694839	-0.0774522313	-0.1070579493	0.0396835838	0.0285773687	-0.041321304	0.1712867342	-0.0282106961	-0.0059677804	-0.120840868	0.0290944308	-0.0030476131	0.0234851753	-0.0430151532	-0.1365758647	-0.0906823157	0.0080038916	0.0605868148	-0.1221626062	0.0069961202	0.1780314664	-0.0264553248	-0.1044008152	0.0008057923	-0.037863024	0.051649032	0.0269051704	-0.0482123248	-0.0631250604	0.1089969488	-0.014668549	0.0864201161	0.0412942726	-0.1115842485	-0.0123211178	-0.0625935309	0.0096839714	-0.1094230837	-0.0287576717	0.1044102912	0.0469575846	0.0182310920673245	0.0282424415911463	0.0007976355070293	0.0003323727179672	-0.051573150415038	-0.0305572607277327	0.0009337461831826	0.0026597898437321	-0.1079310230253725	0.0237524748892639	0.0005641800633651	0.0116491057313034	0.001495962341562	-0.0004987815771951	2.237903327371662e-06	2.487830617492316e-07	-0.0005442343949462	-0.0002820733905052	7.956539763109906e-08	2.961910766424564e-07	0.0016929128180752	-0.0001518500687284	2.3058443372850152e-08	2.865953809603315e-06	0.0	0.0	0.0	0.0	0.0	0.0	0.0	0.0	0.0	0.0	0.0	0.0	0.0	0.0	0.0	0.0	0.0	0.0	0.0	0.0	0.0	0.0	0.0	0.0	0.0	0.0	0.0	0.0	0.0
1093.428703980367	0.0061152697360284	1195586.3306881848	3.739652394438602e-05	1541.886316848573	-7.144156291903073	51.038969123138266	2377413.414084858	1045.1160001627604	-0.8604167838541343	1092267.453796207	0.7403170419378922	1087.4484940900188	1065.8648830639215	1.359049	26.57865	0.0730381084854375	0.0559929256664342	-0.0095455364	-0.0087709438	-0.0754440925	0.1157429217	-0.0128827896	0.0150108992	0.0201269328	0.0926371494	-0.0203721926	-0.136344791	0.0910919677	-0.0860167282	-0.0142420731	0.0366207157	-0.0701776322	0.084617699	0.0334704459	0.0112647321	-0.1176848528	0.0664156412	-0.0428551089	0.0680919137	0.0936547202	0.0759168339	0.0559187073	-0.0491301861	-0.1397225536	0.005377542	0.0522062348	0.0427267721	0.0238163242	-0.052253237	-0.1003982513	-0.0680105069	-0.1300184867	-0.0523969769	-0.0105430088	0.0588650883	0.1933759247	-0.0937130148	-0.0650481979	0.1331108605	-0.0652035738	-0.0997811616	-0.1364591404	0.1340013425	0.0424587234	0.0218398761	0.0341548496	0.2181920872	-0.0683787755	-0.0630808409	-0.1534683845	0.1179505466	0.1598277971	0.0005335371	0.0389225134	-0.0184614671	0.0503179311	0.0279091462	0.0056252295	0.0921477749	-0.0992185356	-0.2067768225	0.0470763818	-0.0469592806	-0.0344027672	0.125248992	-0.0390916403	-0.0013152833	-0.0975953375	0.0137582061	0.0162488293	-0.0802859591	0.080925868	0.072867834	0.0378772212	-0.0325012587	-0.1869641393	-0.0631567265	-0.0045902467	0.0062050545	-0.06028137	-0.1094170306	-0.018033547	-0.0794656558	0.0616352883	-0.0948024186	0.0276136446	-0.0259415482	0.0951903335	0.0298351764	-0.035142099	-0.047953386	-0.1563078145	0.0737971565	-0.0719778965	-0.005298598	0.223735468	-0.2356385808	0.0325234361	-0.0572181368	-0.0251623572	0.1763505575	0.0328674488	0.0992756329	-0.2035951374	0.0859846735	-0.0717332865	-0.157948761	-0.0767099435	-0.0041903988	-0.0712637766	0.0338167009	-0.0014523446	-0.0118467851	0.0124273565	-0.1114445301	0.040231914	0.0527526455	0.030375601	5.83873e-05	0.0499695151	-0.0792697988	0.1491144698	-0.0248734263	-0.1065033998	0.0141949741	-0.0105321549	-0.136494551	-0.0122757366	0.0997635009	-0.0362181744	0.1995587438	-0.0266042398	0.0275005432	-0.0749536948	-0.1401602984	-0.0214086649	0.0490663376	0.0641607193	0.0535366871	0.0894636085	-0.0084859855	0.0035813224	-0.0837241538	-0.0070741814	0.0419986033	-0.0089655646	-0.0721214639	-0.0085025383	0.007535757	-0.1100889337	-0.0224686191	0.1070412087	0.0369880768	0.017938397745155	-0.0002926943221695	8.566996623026451e-08	0.0003217861136633	-0.0559877528780106	-0.0044146024629726	1.948871490608376e-05	0.0031346284723291	-0.1146056200480529	-0.0066745970226804	4.455024541517411e-05	0.0131344481465986	0.0025563406178893	0.0010603782763272	6.534877354670647e-06	1.1244020889068554e-06	-0.0004053799984	0.0001388543965461	1.9280543440209345e-08	1.6433294310278406e-07	0.0016590211973964	-3.389162067880011e-05	1.1486419522356712e-09	2.7523513334105845e-06	0.0	0.0	0.0	0.0	0.0	0.0	0.0	0.0	0.0	0.0	0.0	0.0	0.0	0.0	0.0	0.0	0.0	0.0	0.0	0.0	0.0	0.0	0.0	0.0	0.0	0.0	0.0	0.0	0.0
1092.9016038416123	-0.5271001387545766	1194433.9156795684	0.2778345562750939	1551.4810623025976	9.594745454024633	92.05914032752636	2407093.486683597	1044.3472571484374	-0.7687430143230358	1090661.1935134644	0.5909658220704672	1087.0757099197915	1065.107044775531	1.299457	25.413212	0.0841681886480332	0.0435349115913755	0.0199983764	-0.0783019122	0.0946214267	0.102584274	-0.0318298519	0.044731187	0.0597409582	0.1357044472	-0.0049349586	0.0526488349	-0.0500686981	-0.0950638549	-0.1139208062	0.0309464213	0.033954544	-0.0281196123	-0.0716134625	-0.1600508818	-0.0068944384	-0.0395248329	-0.0029980913	0.1470449327	0.0055617287	0.0334675377	-0.1240696389	0.0472993133	0.0075935674	0.035370732	0.2002071317	-0.0708070252	0.1122184871	-0.0076059549	-0.0572123797	-0.1004969963	0.0420548423	0.0111324739	-0.0184013844	-0.0415372158	-0.0918508719	-0.0356354344	-0.06485962	0.0994897432	-0.0731129096	-0.0514112842	-0.0135821444	-0.0406506149	0.1297728754	0.0742733181	-0.0459825268	-0.0594220859	-0.013540229	-0.0079429259	-0.03635943	-0.0687763147	0.1113648406	-0.0372160349	0.0474241671	0.0603777786	0.0122611964	-0.0728769543	-0.0227565669	0.0390589248	-0.1059212281	0.0920076634	-0.0461057135	-0.1547828704	-0.173342157	0.0110954715	-0.073338998	0.1521260266	-0.1080168299	0.0126374094	-0.0225386307	-0.0015866837	-0.0033967427	-0.1051412118	0.0299529301	0.0582994106	0.0479719936	-0.217144522	-0.0832943066	0.0086976684	-0.1332298822	0.0062757746	-0.0441781054	-0.2262767166	0.1316326311	0.0789211568	-0.0386604652	0.0384765344	-0.05426505	-0.0297497935	0.00836051	0.0713924944	-0.1015962642	-0.0496573954	0.0115291473	-0.0596970854	-0.0597010262	-0.0134094818	-0.1255842278	-0.0274266064	-0.0136947578	-0.0665006566	0.0408898953	0.0621246284	-0.1481514281	-0.0215453888	0.1215914714	0.0430362441	-0.0373963419	0.0258579811	-0.0303189308	-0.0461019467	-0.0851391935	0.0661934435	0.0188701597	-0.1442306225	0.0049593085	0.0010535628	0.0509956013	-0.0871863815	0.1567637263	-0.1282016113	0.0362123954	-0.0146613969	-0.0804848579	0.0122341575	0.0006935946	-0.1317310189	0.1389478424	0.0515479695	0.0635436725	-0.0219843738	0.0787350331	-0.0436888664	-0.0329338395	-0.0956861989	0.1127865542	0.0792636799	-0.0689658501	0.0412290882	-0.0022911329	0.0643644117	-0.0007472218	-0.0054313841	-0.0253261064	0.0039971707	-0.0527910312	-0.0932596434	-0.0098897593	0.0053847087	-0.1105891995	-0.0161035399	0.1090283678	0.0266710879	0.0267428514192147	0.0088044536740597	7.751840449866336e-05	0.0007151801020301	-0.0771348669863272	-0.0211471141083165	0.0004472004351101	0.0059497877049983	-0.079787924906256	0.0348176951417969	0.0012122718949871	0.0063661129608463	0.0026870550984014	0.0001307144805121	7.220265101844958e-06	1.7086275415548236e-08	-0.0006617723234894	-0.0002563923250894	6.573702436474857e-08	4.379426081365591e-07	0.0016598929062721	8.717088757000547e-07	7.598763639742535e-13	2.7552444602924384e-06	0.0	0.0	0.0	0.0	0.0	0.0	0.0	0.0	0.0	0.0	0.0	0.0	0.0	0.0	0.0	0.0	0.0	0.0	0.0	0.0	0.0	0.0	0.0	0.0	0.0	0.0	0.0	0.0	0.0
1092.5910405744946	-0.3105632671176863	1193755.1819436569	0.0964495428828113	1551.7843279083097	0.303265605712113	0.0919700276079348	2408034.6003418444	1044.4131048828126	0.065847734375211	1090798.733650957	0.0043359241223483	1087.3021590459914	1043.2906546170982	1.580376	30.907101	0.1545383742481731	0.0873969059270503	-0.0220285151	0.1461142655	-0.0074048541	0.1216553752	0.0650718668	-0.0121967155	-0.0044403591	-0.0066263371	-0.1193220468	-0.0499731997	-0.0347613593	0.0057588882	-0.0538534208	0.0148771749	-0.0032001716	0.047987073	0.0348811982	-0.0688885115	-0.1043696025	0.1521183234	0.0755141334	0.1934676319	-0.1080380164	0.0629689246	-0.0422597699	0.0449753831	-0.0973442146	-0.0165065474	0.0638366769	-0.0923829187	0.0257838563	0.0149953362	0.0034016266	0.0528606219	0.0227352482	0.0065046748	-0.0281719476	-0.08260967	-0.2017914729	-0.1360107864	-0.0302499814	0.2160794356	0.0605627638	-0.0126978735	0.0794915011	-0.0417498948	-0.1854847023	0.12149256	0.0330192715	-0.0888585107	0.0123168129	0.0515866232	-0.012838919	-0.0776165975	-0.0436853575	-0.014691033	-0.0533943783	0.0630603189	-0.0269289288	-0.1163445712	-0.0968825814	0.0181278048	-0.0547630111	-0.0067792464	0.0271673719	-0.0534369016	0.0243353982	0.0290989056	0.0674389999	-0.0980983293	0.0142891144	-0.004499597	0.049382185	-0.0150910969	-0.0172525065	0.0674089078	0.1269053426	-0.0196511802	-0.0830877295	-0.1388655654	0.0320064079	-0.0414672759	-0.1083106	-0.0384276224	0.1178369238	-0.1955166907	0.0012582774	-0.0565208042	-0.0119157063	0.0432274793	-0.0399364083	0.0874531354	0.1052669117	0.0426378736	0.0179683908	-0.1150993443	0.1125737491	-0.2026131906	-0.0147206124	-0.0026636754	-0.004570172	-0.0734272327	0.1692069925	-0.1000031383	0.0185501659	-0.090855464	0.1200281564	0.0549081077	0.0968251304	0.0889603222	-0.0236579637	-0.1144105491	0.0831576816	-0.0057557646	-0.0294951587	0.0176073386	-0.062862691	0.0303687564	-0.0717161201	-0.0089382679	0.0914853777	-0.0038104073	0.0843909712	0.1272845035	-0.001684779	-0.0733525471	-0.1261216675	0.0106050594	0.0154798463	-0.1108405099	-0.1168249126	-0.0273262566	0.0264214139	-0.0333654074	0.0445132549	-0.0780932255	-0.0870404243	0.0845932753	-0.0145232185	0.0255501321	0.0940726556	0.1069807371	-0.0202641536	-0.1307210135	0.0559753896	-0.0717289131	0.0175113719	0.0398911982	0.0132576291	0.0814935296	-0.0494910888	0.0032316354	-0.1109231287	-0.0096839714	0.1103598175	0.0161035399	0.0469684794355202	0.0202256280163054	0.0004090760286539	0.0022060380604848	0.0004783067297893	0.0776131737161165	0.006023804734288	2.287773277617345e-07	-0.0934333601507972	-0.0136454352445412	0.0001861979030129	0.0087297927890685	0.0021699437535355	-0.0005171113448659	4.708655893507736e-06	2.674041429890197e-07	-0.000663071956334	-1.299632844600036e-06	1.6890455307631812e-12	4.396644192765981e-07	0.0013172211385584	-0.0003426717677137	1.1742394038803201e-07	1.735071527865087e-06	0.0	0.0	0.0	0.0	0.0	0.0	0.0	0.0	0.0	0.0	1.0	0.0	0.0	0.0	0.0	0.0	0.0	0.0	0.0	0.0	0.0	0.0	0.0	0.0	0.0	0.0	0.0	0.0	0.0
1094.4057555983716	1.8147150238769427	1197723.9578868423	3.293190617884693	1542.6908233226666	-9.093504585643132	82.69182564911266	2379894.9763639667	1046.6537269140624	2.240622031249813	1095484.0240630968	5.020387086922041	1088.2841640867773	1062.2744683189449	1.601597	31.322105	0.1230498987282545	0.0893263501862361	0.0043062952	-0.0847759233	-0.0712538432	0.148519411	0.0808897879	-0.113596731	-0.0196621316	0.0507310492	0.0466343453	-0.1253653597	0.0623988798	0.0045638902	-0.0914750477	-0.0025771636	-0.07908178	0.2058978854	-0.1426210249	-0.0470801272	-0.0371115399	-0.0707566824	-0.0638512961	0.044553219	0.1628546948	-0.1479206333	-0.002122542	0.1508745938	0.0028217486	-0.1107686063	0.0589835225	-0.0044555617	-0.0299957663	-0.0036930788	0.0145806522	-0.0335691236	0.0227410141	-0.1260642589	-0.0055483865	-0.0201737327	0.0070414679	-0.1152683293	0.066468632	0.0668503001	-0.0074874298	0.0347660784	-0.0678601149	-0.0328768597	-0.0369830348	0.0344646423	0.0580936441	-0.0936209171	-0.0538225115	0.0138756467	0.1278778344	0.0117883657	-0.0118537377	0.0398019142	-0.0424659128	0.0452632196	0.0689777964	0.070152643	0.10581962	-0.0807941465	0.026238793	-0.0532966381	-0.0447308882	0.0199295595	0.1437904256	-0.063044742	-0.1861795953	0.0645591561	-0.0527769591	-0.0628351136	0.0983765897	-0.1700208109	0.1385378	-0.0851256079	-0.003766888	-0.0428575943	-0.0494475514	0.0314195458	-0.1036697523	-0.0299119033	-0.168548272	0.1346337597	-0.0308187837	-0.0233709948	-0.0866671869	-0.0008391657	-0.0872157881	-0.0250922231	-0.0126800391	0.1462745838	-0.0961333251	-0.0539032149	-0.0716079735	0.0449979163	0.0780582694	-0.0354566617	0.0432176129	0.0394731131	0.0340969531	-0.1260553727	-0.0333563202	-0.043696915	-0.0326808497	0.0103905841	-0.0297530224	0.008852923	0.0546682925	0.044337934	0.0775057946	-0.0457941173	0.0319147349	-0.0447620145	0.0367964323	-0.0433900658	-0.0247297803	0.0128945236	0.116630597	0.053449701	-0.0737085888	0.0734403725	-0.084775515	-0.0754585439	-0.0913977591	0.0431755139	0.0268333237	0.0165217057	-0.0036969849	-0.1222247012	0.0100275361	0.114017613	-0.1126750011	0.0141989313	-0.0130131132	0.0766638578	0.0131256376	-0.0764831416	0.0308038957	0.1609154201	0.1772206862	-0.0594464935	0.0479671568	-0.0146533053	0.0852790173	0.0006784505	0.020822976	0.0302998078	-0.0879406424	-0.0810809069	-0.0015032693	0.0010773469	-0.1110902189	-0.0032316354	0.1110275503	0.0053847087	0.0353359188641348	-0.0116325605713853	0.0001353164654469	0.0012486271619727	-0.0858140236502862	-0.0862923303800755	0.0074463662824241	0.0073640466550518	-0.0878549995204736	0.0055783606303236	3.111810732194435e-05	0.0077185009407424	0.0024779688146877	0.0003080250611522	6.140329446564766e-06	9.487943829781657e-08	-0.0006627669616423	3.049946917000083e-07	9.302176196518313e-14	4.39260045444566e-07	0.0013998240256439	8.260288708550009e-05	6.823236954859877e-09	1.959507302769894e-06	0.0	0.0	0.0	0.0	0.0	0.0	0.0	0.0	0.0	0.0	0.0	1.0	0.0	0.0	0.0	0.0	0.0	0.0	0.0	0.0	0.0	0.0	0.0	0.0	0.0	0.0	0.0	0.0	0.0
1094.9343067702737	0.5285511719021088	1198881.1361424995	0.2793663413190925	1541.844872443802	-0.8459508788646417	0.7156328894518597	2377285.610681244	1047.4012566471354	0.7475297330729518	1097049.3924259983	0.5588007018281186	1090.21557671327	1065.77983124893	1.284584	25.122356	0.0813525852464004	0.0369221827117493	-0.0093312032	-0.0567004775	0.0932586257	0.1290217667	-0.0677066142	-0.0223172602	-0.0099877165	0.1865366866	-0.026840626	0.0363270027	-0.0178340648	-0.0636894208	-0.0679281679	0.0213514919	-0.2191964328	0.0177815656	-0.09313354	-0.1494263511	0.0326059698	-0.0398598942	0.0355256515	-0.0367114064	0.0832673582	-0.0428990935	0.1430648504	0.0704060964	0.100848795	-0.062010134	0.059199772	-0.0165901979	0.008132941	-0.0345480693	-0.0250862057	0.006634003	0.1325280272	-0.0104455692	0.1169131169	0.0346346786	-0.0355193633	-0.0382341907	0.0470735552	0.0103539453	0.0779632066	-0.0220231834	-0.2894855817	0.0711093244	0.1148063374	-0.1087961067	-0.0088042445	-0.0747123505	0.0072869212	-0.0748383738	-0.0521814107	-0.0482556201	0.1008996983	0.0299247187	-0.0091070291	-0.0484736761	-0.0776717139	-0.0390561472	-0.0160894807	-0.1949027041	-0.0191746432	-0.0096613224	-0.1010660496	0.0950555679	-0.0784692877	-0.080235461	0.0204029117	0.0099465846	-0.1081023954	0.0269393507	-0.0208550076	-0.2158615509	-0.1096267135	-0.0923966039	0.0364201098	-0.1038266329	0.0117168861	0.0213105516	-0.0342990221	0.1055893957	-0.148053987	-0.0114755388	-0.0006237239	0.0917654465	0.0270013453	0.0500341901	-0.0777081182	0.0424374845	-0.0154963719	0.068733551	-0.1264872026	0.0091673508	-0.0364762083	-0.0687271215	-0.0809379898	-0.011693363	-0.0949392296	0.0010006146	0.0414892564	-0.0921595342	-0.0245685606	0.151032785	-0.0912185925	0.1427642834	-0.1593596563	-0.0335368626	-0.0582761115	0.1279478021	0.0321295016	0.0168829864	-0.0711004524	-0.0422926537	0.0157486489	0.0090365605	-0.013244344	-0.0673542402	-0.1743491483	0.0212692233	-0.059013204	0.1541283476	0.0358630373	-0.0077706095	-0.1143058028	-0.1088621416	0.1430157028	-0.0011772423	-0.0116494898	-0.1498792149	0.1477446116	0.0345287107	0.0696905612	0.1661009376	0.0694416596	-0.0194254955	-0.0322084362	0.0164269146	0.1152256579	0.0628181269	0.0184204708	0.222268892	0.022030124	0.0158344933	0.043533828	-0.0262838662	-0.0217144144	-0.0657207752	-0.0912722255	-0.0085705134	-0.0031422568	-0.0010773469	-0.1110902189	0.0032316354	0.1110275503	-0.0053847087	0.0231110541272272	-0.0122248647369076	0.0001494473178356	0.0005341208228716	-0.0857796144792502	3.440917103600394e-05	1.1839910513849724e-09	0.0073581422602087	-0.0706438930931767	0.0172111064272968	0.0002962221844517	0.0049905596313601	0.0030022744290447	0.0005243056143569	9.01365174729568e-06	2.74896377246271e-07	-0.0003376169163711	0.0003251500452712	1.0572255193986344e-07	1.1398518221993033e-07	0.0015880124642389	0.0001881884385949	3.541488842082404e-08	2.5217835865781035e-06	0.0	0.0	0.0	0.0	0.0	0.0	0.0	0.0	0.0	0.0	0.0	0.0	0.0	0.0	0.0	0.0	0.0	0.0	0.0	0.0	0.0	0.0	0.0	0.0	0.0	0.0	0.0	0.0	0.0
1094.686515806244	-0.2477909640297184	1198338.567888014	0.0614003618547772	1562.3665991788016	20.521726734999675	421.1412681860004	2440989.390229534	1046.3605689257813	-1.040687721354061	1094870.4402026848	1.0830309333771078	1089.479209453964	1072.033776355358	1.388913	27.162687	0.2284700161656	0.125276326672213	0.0821002781	0.1152289422	0.0545447776	0.1463284394	-0.0748722287	0.1326793973	0.0377276529	0.0517147525	-0.1676428793	-0.0204675695	-0.046927106	0.0443345284	-0.087584669	0.0070897635	-0.174299318	-0.0311238843	0.0210539187	0.1236535108	-0.0325576182	-0.0843041859	0.0324260663	0.0080239938	-0.0535181003	-0.0224895284	-0.0275212044	-0.1244104295	0.0722614439	0.0181244637	-0.0874265399	-0.1361586261	0.0585545436	-0.0092298348	0.0034727092	-0.0136955872	-0.006607655	0.0050658782	0.0697597233	-0.0238434059	-0.0853832092	-0.0227372612	0.0004470315	-0.1265408845	0.0335175182	-0.1569769673	0.0509323712	-0.1188991082	0.0891348672	-0.163398193	-0.0179352438	-0.0619802613	-0.0688487893	0.0356528562	-0.1131076729	0.0692940761	0.0126195376	0.0042954914	-0.0543169867	-0.0929322924	-0.0813833903	0.010317133	-0.1254597447	-0.0531972413	-0.1406529889	0.0756532351	-0.0518765145	0.0889781694	-0.1389934438	0.1727327023	-0.0025714927	0.0481162542	-0.0098395199	0.0319782073	-0.1421815873	-0.1224797048	0.0247974661	0.0904084631	0.0231796267	-0.0358843171	0.0496797465	0.0527948853	-0.0559295905	-0.0737357718	0.0980744178	-0.0865083757	-0.0734182174	0.0130378522	0.0363084807	0.0505793483	-0.0088222311	0.0499620846	-0.1248349018	-0.0104245007	0.0187720603	0.0418610996	0.0517178279	-0.03367215	-0.0244471982	0.0653948637	-0.196795387	-0.0890295872	0.1113539528	0.0679574707	0.0296445625	-0.0746863219	-0.0090462372	-0.0393424076	-0.0957956094	-0.1186949631	-0.0096327179	0.1177158839	0.0692558179	0.0001122664	0.0327443052	0.0315050044	-0.025726777	-0.0401757648	-0.1043451516	-0.1547251529	-0.077043304	-0.0360235889	-0.0979251647	0.1740441192	0.0430217813	-0.092670506	0.1175972875	0.0824092526	-0.1342693465	0.0730824321	0.0907519883	-0.2233848267	-0.0442582374	-0.1279856141	-0.0130564001	-0.0755839178	0.083581256	-0.0328556672	-0.0862331943	-0.0657758554	0.0559670794	0.0625803575	0.102350206	-0.0824550011	0.0395743423	0.0480044411	-0.0009714972	0.0594931025	0.1259493883	-0.0418387747	0.0345594491	-0.2671634553	0.1267818411	-0.0032316354	-0.1109231287	0.0096839714	0.1103598175	-0.0161035399	0.0357579677920085	0.0126469136647813	0.0001599444252444	0.0012786322606143	0.0165805563417933	0.1023601708210435	0.0104776045705132	0.0002749148486033	-0.1366134016196269	-0.0659695085264502	0.0043519760552213	0.0186632215020854	0.0033149172648264	0.0003126428357817	1.0988676472644142e-05	9.774554276562306e-08	-0.0006489101071605	-0.0003112931907894	9.690345063184581e-08	4.210843271750516e-07	0.0012620800277435	-0.0003259324364953	1.0623195315982787e-07	1.5928459964290338e-06	0.0	0.0	0.0	0.0	0.0	0.0	0.0	0.0	0.0	0.0	0.0	0.0	0.0	0.0	0.0	0.0	0.0	0.0	0.0	0.0	0.0	0.0	0.0	0.0	0.0	0.0	0.0	0.0	0.0
1092.335176495267	-2.3513393109769822	1193196.137808946	5.52879655534571	1560.7695490692502	-1.5970501095514464	2.550569052418287	2436001.5853018304	1045.6205323502604	-0.7400365755208895	1093322.297672442	0.5476541331086853	1089.2341662922493	1048.5904452358006	1.458666	28.526844	0.3256880113456822	0.2024290673422317	0.176101969	0.0490804487	-0.126812519	0.1070197797	-0.0041768004	0.2089496664	-0.0460464829	0.0265778454	0.0084184944	-0.0593141113	0.0601500113	0.274934304	-0.0143253147	0.1624688298	-0.1286867378	-0.043208391	-0.0236406243	0.2064416956	-0.1665881428	-0.1066144502	-0.0538974514	0.0585115255	-0.0870711661	-0.1498261217	0.0175143215	-0.0666455817	-0.141405711	-0.0849105876	-0.039103883	-0.092707859	0.0739848708	-0.121512865	0.0237039712	0.1208023913	0.1116726095	0.036407961	0.0312248814	0.0151505881	0.1585624535	0.0242668183	0.1247626585	-0.0127275867	0.0443756412	0.1454130368	0.0083598678	0.0275026183	0.0968816464	0.0654939374	-0.1770970271	-0.0212360178	-0.1004061679	-0.081230629	-0.0413839247	-0.0373090656	-0.0285060296	0.0961201675	0.042301287	0.1146248479	-0.0029970523	-0.0003563952	-0.0943350943	0.0357050784	0.0513742532	-0.0882059874	-0.0010602621	0.0165302942	0.0538278085	-0.1936841083	-0.0241707749	-0.050002634	0.0859106754	0.1705440343	-0.1578018396	-0.0709677475	0.1094367334	-0.0121711129	0.0819745697	0.0390223804	0.0083210014	0.1279416109	-0.0803530651	-0.2567303885	-0.0115085367	-0.1198970413	-0.0633763916	-0.0585791574	-0.1785995657	-0.0351951745	-0.0172125318	0.0200843875	-0.0202762022	-0.0738864421	-0.1042834022	0.0782158262	0.1761944857	0.0728543928	-0.1418718317	-0.0412704247	0.0182117194	0.0888218259	0.0477636754	-0.0790795748	0.0160060626	0.0531345558	0.021174059	0.0323166061	-0.0819729931	0.0198653232	0.1088903133	-0.0682200409	-0.0475857489	0.1686586477	0.0568137705	-0.0135817118	0.0848021575	0.0440692751	-0.0551774256	0.0352597727	-0.103487807	0.1337827257	0.0095939839	-0.0845731677	-0.0521712006	0.1856810322	0.0171383443	0.0267278208	0.1043512588	0.1548641596	0.2360226791	-0.0979708883	-0.0271936887	-0.0788169592	-0.1916196425	-0.0323489143	0.0430933136	0.1375931639	0.0326206585	0.0092698563	0.0742398094	0.0297455615	-0.2261323754	0.0456451507	-0.0472552214	-0.1227778592	0.0004432847	0.0065636763	0.165893717	-0.0808554749	-0.1462627999	-0.0511022092	0.236968595	-0.0053847087	-0.1105891995	0.0161035399	0.1090283678	-0.0266710879	-0.0008106301574741	-0.0365685979494826	0.0013372623559909	6.571212522064841e-07	0.2077164018087813	0.1911358454669879	0.0365329114223803	0.043146103580387	-0.1696533608098036	-0.0330399591901766	0.0010916389032885	0.0287822628340614	0.0028962239596974	-0.000418693305129	8.388113224725287e-06	1.75304083759846e-07	-0.0013389509288164	-0.0006900408216559	4.761563355515497e-07	1.7927895897783005e-06	0.0010719419797477	-0.0001901380479958	3.615247729565319e-08	1.1490596079454184e-06	0.0	0.0	0.0	0.0	0.0	0.0	0.0	0.0	0.0	0.0	0.0	0.0	0.0	0.0	0.0	0.0	0.0	0.0	0.0	0.0	0.0	0.0	0.0	0.0	0.0	0.0	0.0	0.0	0.0
1090.7098773219136	-1.625299173353369	1189648.0364875838	2.6415974029031446	1543.0283672196292	-17.741181849620943	314.7495334213196	2380936.5420444747	1044.3557936393229	-1.264738710937536	1090679.02370802	1.59956400694394	1087.7926062290965	1087.0384368119317	1.654682	32.360291	0.2100880631453116	0.0962414579853948	0.0914355409	-0.0852823901	-0.0239631788	0.0205139517	-0.154781078	0.0747371843	-0.1023603575	-0.0578204939	0.0393843294	0.0786103612	0.262341388	0.0111293629	0.0675134691	0.167381216	-0.0531611091	-0.0401096107	-0.1917997375	0.033452433	-0.080544033	0.0462797412	-0.0054192276	0.040127755	-0.041047414	0.0790563741	0.0226155298	0.048053539	0.0708783652	-0.0445258042	0.0148135368	0.0632054208	-0.124276406	-0.1050552636	0.1271691808	0.2088497051	-0.0120412123	-0.0271372455	0.0409550667	-0.0247148266	0.0281020567	-0.0277312243	0.0435343272	-0.0670400482	-0.1645966269	-0.2117322379	0.1094181092	0.0519911787	0.0091898105	-0.1323969805	-0.0152646499	0.0421279197	0.0245171049	-0.0206492625	0.0292266808	-0.069646383	-0.0555300696	0.0053351671	-0.0384467664	0.0753130506	0.0309205732	-0.114378217	-0.1538676231	0.01556053	0.0984590028	0.1518332129	0.1635209172	0.0468760658	-0.004290214	-0.0679626404	-0.0420510067	-0.0896838568	-0.0584025589	0.1335959913	-0.0400968682	-0.0223345787	0.0961020704	-0.130140222	0.0888944595	-0.1100464417	-0.020432027	-0.0309443774	-0.0024232316	-0.0511612458	-0.0633074733	-0.0357301483	0.144172693	0.0404863342	0.0307693529	-0.0134688592	-0.1070949004	-0.1412255853	0.0023978872	0.0837993814	-0.088274236	-0.0255392065	0.184913459	-0.1062192273	0.065790781	0.0354867065	0.0718385755	-0.1910537693	0.1837845699	0.1231512256	-0.118836835	-0.0793474317	0.035693863	0.0585691695	0.1783128196	-0.0821996429	-0.0513444585	-0.0209203254	0.0598719912	0.0816875893	0.0151472369	0.0167030985	-0.0802944281	0.076554294	-0.1279630729	0.0202596509	-0.0338184416	-0.0389148186	0.0096361568	-0.1574123603	-0.03759312	0.1033477334	-0.0835490263	0.0495134775	-0.034780649	0.0749815144	0.2173539248	0.0014804701	0.1559187784	-0.0739724273	-0.1273531783	0.1555766787	-0.0495141144	0.0149210902	-0.0522656237	0.0916451703	-0.0259825841	0.0238751767	0.1139185121	-0.0188672672	0.0787871098	-0.1867627805	0.0004887795	-0.1716806423	0.0550721165	-0.0169793185	0.0192862729	0.1827124008	0.02545487	-0.007535757	-0.1100889337	0.0224686191	0.1070412087	-0.0369880768	0.022238420932922	0.023049051090396	0.0005312587561676	0.0004945473655898	0.1756055989268503	-0.0321108028819309	0.0010311036617222	0.0308373263744578	-0.0971739533212741	0.0724794074885294	0.0052532645098883	0.0094427772040851	0.0037363178584649	0.0008400938987675	1.3960071139483735e-05	7.057577587463788e-07	-0.0006687584121696	0.0006701925166468	4.491580093693714e-07	4.472378138476046e-07	0.0009332523614729	-0.0001386896182747	1.923481021720973e-08	8.709599701947444e-07	0.0	0.0	0.0	0.0	0.0	0.0	0.0	0.0	0.0	0.0	0.0	0.0	1.0	0.0	0.0	0.0	0.0	0.0	0.0	0.0	0.0	0.0	0.0	0.0	0.0	0.0	0.0	0.0	0.0
1088.7696555781044	-1.940221743809161	1185419.3629076642	3.764460415149862	1557.2795934920823	14.251226272453096	203.09745026865733	2425119.732306865	1043.6294861002605	-0.7263075390624181	1089162.5042578937	0.5275226412989059	1088.0873478480748	1063.1676859224683	1.48591	29.059637	0.1598665484526085	0.0773723487714491	0.117825477	-0.0309496322	0.093070427	-0.0680623332	-0.1155085729	0.2050238356	-0.0280013863	-0.0225029198	0.0533687158	0.1160839405	0.0013003774	0.1169467952	0.354733459	0.1553786637	0.057009244	-0.0415870455	-0.1551298204	0.0057499197	-0.065255126	0.0773296464	0.1481591437	0.0822753405	-0.0582773909	-0.0681037741	-0.0839327941	0.0419953949	0.1384870209	-0.1019194239	-0.1960897333	0.0164326714	-0.0263839599	0.1416568363	-0.0479204024	0.0593730739	0.0993033019	0.1626562078	-0.0623327098	-0.1563937297	0.116549933	0.0040972564	-0.0983627918	0.0352678954	-0.052508506	-0.01219219	-0.0081520513	0.0072644744	-0.0344731481	0.0891167568	0.0556936215	0.0947360787	-0.1354545006	-0.0147154841	-0.0658055966	0.0519793046	-0.0413352687	-0.2279085853	-0.029271104	0.0067623649	-0.0887281485	0.0692237868	-0.0551322267	-0.0348596835	-0.0844124076	-0.0136174434	-0.0151082023	0.0785181109	-0.0390255263	0.0263334405	0.0940633204	0.0595188176	-0.0880260069	0.1647014966	-0.0854724244	0.1273349389	0.0316579172	-0.1073665294	0.2686240397	-0.0754294264	0.0167277344	-0.1258861128	0.0383990091	-0.0281915088	0.0437467187	0.1840160568	0.0335850035	0.0851096483	-0.2244479224	0.1531514495	-0.0165478434	0.0330455657	-0.0907438079	0.0780385842	0.1617216358	-0.0172374682	0.0310579017	-0.1326819823	-0.0373871983	0.0259165989	0.0661583112	-0.0688295525	-0.061031412	-0.0483092099	0.0274495864	-0.0343180935	-0.0181580037	-0.0240159363	-0.0811602146	0.1079354853	-0.060160858	-0.1283563708	0.0132165575	-0.078031471	0.0475894253	0.0208217164	-0.0538472882	0.0662447465	0.0834130141	-0.028953333	-0.0103452744	0.0386996043	-0.0364039318	0.0713037164	-0.0264002558	-0.0390538722	0.0852218658	0.0385080803	-0.0170439876	0.0731630055	0.216672534	0.0141291567	0.1981401516	-0.203225432	-0.0196790182	-0.0147989196	0.0397476213	-0.0886560355	-0.0614289181	0.0096800128	0.0263220261	0.0692018372	-0.0803972491	-0.1149798231	0.0525116114	-0.0250864463	0.0557492355	-0.0959387484	0.0209065905	-0.1436079601	-0.0142318341	-0.0931529042	-0.0253676784	-0.0096839714	-0.1094230837	0.0287576717	0.1044102912	-0.0469575846	0.0461060320191109	0.0238676110861889	0.0005696628589615	0.0021257661885472	0.1160497164062093	-0.0595558825206409	0.0035469031428123	0.0134675366779616	-0.0651187292959605	0.0320552240253135	0.001027537387313	0.0042404489051205	0.004138207091111	0.0004018892326461	1.7124757928921367e-05	1.6151495531687126e-07	-0.0007459188696159	-7.716045744630008e-05	5.953736193322285e-09	5.563949600490621e-07	0.000524545435156	-0.0004087069263169	1.6704135161940798e-07	2.751479135429973e-07	0.0	0.0	0.0	0.0	0.0	0.0	0.0	0.0	0.0	0.0	0.0	0.0	0.0	0.0	0.0	0.0	0.0	0.0	0.0	0.0	0.0	0.0	0.0	0.0	0.0	0.0	0.0	0.0	0.0
1085.3426050050664	-3.427050573038059	1177968.5702391835	11.74467563016049	1535.956034528742	-21.323558963340247	454.69416686304817	2359160.940005258	1042.704559765625	-0.9249263346355292	1087232.7989560256	0.855488724502315	1085.838655239928	1042.8230710029602	1.329746	26.005571	0.1780583293022059	0.0932003506963823	0.0580116217	0.0966632188	0.0166362336	-0.1219928728	-0.0601530161	0.0551027847	-0.1412978656	-0.1606885072	-0.0474669849	0.0690240365	0.0878634243	-0.0920399831	0.069587432	0.0933094299	0.0992249579	-0.0382430235	0.1108445733	0.0610699816	0.0281622846	-0.0476989642	0.1173259757	0.1021742393	0.0664979285	-0.008463872	0.0236023758	0.0605760263	0.047262396	-0.2431899675	-0.0653116678	-0.0510981363	-0.0544329905	0.0254858942	-0.148190512	-0.052016001	-0.0948231627	0.0123818997	-0.129482224	-0.1294789633	-0.0600253521	-0.023658774	-0.0123999861	-0.0246584149	-0.0087709731	0.1540099225	-0.1088593155	-0.0092704114	-0.0815006146	-0.0715812325	0.0140498347	0.0528971961	0.0450967485	-0.113598331	0.1557804143	0.0811697742	-0.0769690947	0.0552688434	-0.0726235164	-0.0404612523	-0.1048124856	-0.1494903953	-0.0631792872	0.0887804283	0.0900899929	-0.0872483429	0.0009056416	-0.0375192806	0.0282763397	0.1237726813	-0.0887934167	0.0343563405	0.1093997799	0.086851245	0.0164210671	0.1457876405	0.0116265124	0.0917050009	0.0592624406	-0.0142487052	0.0514949759	0.1071863154	-0.0484519843	0.0236626698	-0.1593439737	0.0341722792	0.0490599075	-0.0365447737	-0.1195401566	0.0694455013	-0.1532756055	0.04993968	0.0151343268	0.1223020248	0.2400891136	0.0844413627	-0.0658134581	0.0783006226	0.100811939	0.1505658304	0.042457447	0.107567676	0.0029282039	-0.0381906423	-0.0638785274	0.0560113981	-0.0167766108	-0.0107412589	0.0916035041	-0.0324952836	-0.1097954095	0.017793279	-0.1129744787	-0.0236700274	0.0233116599	0.1307711308	0.040627726	-0.0609331676	0.0494022913	-0.1242947916	-0.0184825211	-0.0772893299	0.1247334004	-0.0791495801	-0.0267824789	0.0198752179	0.0665221095	0.0725766587	0.0322982814	0.042567209	0.1131012602	0.0906618218	-0.049407952	-0.189538682	0.010482275	0.0563619065	-0.0569583196	0.0557813006	0.0028897842	0.0921493945	0.0233089043	0.0551446409	0.0092284647	-0.0237158901	0.0573221435	-0.2263292161	0.0570811378	-0.0277323746	-0.0717354047	-0.1121910563	0.07266787	0.0100804357	-0.0893585867	-0.0118285441	-0.1085926509	0.0349494174	0.1011514379	-0.0564859537	0.0568457510358655	0.0107397190167546	0.0001153415645588	0.0032314394108316	0.0860820647873339	-0.0299676516188753	0.0008980601435502	0.0074101218780507	-0.0787509095392664	-0.0136321802433058	0.0001858363381859	0.0062017057532617	0.0025119720747455	-0.0016262350163655	6.310003704301212e-06	2.644640328453299e-06	-0.0005391469583659	0.00020677191125	4.27546232819779e-08	2.906794427152015e-07	-0.0001168232056939	-0.0006413686408499	4.11353733465648e-07	1.3647661388599271e-08	0.0	0.0	0.0	0.0	0.0	0.0	0.0	0.0	0.0	0.0	0.0	0.0	0.0	0.0	0.0	0.0	0.0	0.0	0.0	0.0	0.0	0.0	0.0	0.0	0.0	0.0	0.0	0.0	0.0
1084.8154476034274	-0.5271574016389877	1176824.5553590246	0.277894926102769	1552.2301589991814	16.274124470439347	264.8471272793527	2409418.466506624	1043.3239012760416	0.6193415104166888	1088524.7629738594	0.3835839065252255	1087.5731819672856	1062.7501189325158	1.294707	25.320333	0.1864076516332186	0.1128758649433171	0.0764170811	0.0197556082	-0.0883216941	-0.1928128966	-0.1990298499	0.1779703018	-0.0171089257	-0.1695581037	0.1075258921	-0.0088962267	-0.0029853789	-0.0486281208	0.1800599998	0.0836261355	-0.0117609882	-0.1197496088	-0.027262517	0.0498335178	0.0120447768	-0.0110873337	0.0149413452	0.1074280287	0.0099474872	0.1082828098	-0.0342798333	-0.0435282741	0.1080015508	0.0334248832	-0.0928095786	0.0369670474	-0.0153176785	0.0783236931	0.1697380594	-0.0907478215	-0.002088828	-0.0008123184	-0.011953444	0.0449180627	-0.0724027979	-0.0035307158	0.0831736059	0.0072787183	-0.0067304434	-0.0879619622	-0.0762600705	-0.1403967138	-0.0468440656	0.0098340624	0.0262820622	0.0530152378	0.0897461177	-0.0706112864	0.0007750341	0.0305427024	0.1443626101	-0.0504133192	-0.1069113106	-0.0642135526	0.0285171142	-0.094127087	0.2097159237	0.0681496974	0.0840769495	0.0313522362	-0.0389302766	0.0162419914	-0.0427233908	-0.0488699955	-0.0265361505	-0.0973554769	0.0258140386	0.0919807264	-0.1260465423	0.13125923	0.0494216535	0.0169124163	-0.0385931325	-0.1615540276	-0.0399221675	-0.0474707857	-0.0312773761	-0.0246446283	0.0529099083	0.0310932606	0.0874615658	0.0964427912	0.0319507271	0.0192511975	-0.0023844607	0.0388536655	-0.014399785	-0.0230942299	0.0515662131	-0.0794596327	-0.0453475263	-0.1651927397	0.0876294057	-0.0586397077	-0.0483178239	0.0550190155	0.0084046337	0.0257884107	-0.065538906	0.0178405611	-0.1644178431	0.0588118461	0.022579172	-0.0386749347	0.0386607515	-0.0628403718	-0.0931718083	-0.0595354122	-0.080481587	0.0360310641	-0.1640482035	-0.0754054449	0.0566652893	-0.0738668386	0.1367843926	-0.136931079	-0.0796167167	0.0283086026	-0.0495487492	0.0712642467	-0.1128486437	-0.0988911955	0.0169691635	0.0247953623	0.0487969427	0.1625734967	-0.0034663061	-0.151073512	-0.0868815812	0.1005619142	-0.0816683926	-0.0300270913	-0.0108761741	-0.0189622186	0.1361709657	0.0774121002	-0.02040511	-0.1673805633	0.0016110405	0.0469553071	0.0809094174	0.0080083662	-0.0593713614	0.050132344	0.0073915664	-0.1996546806	-0.0583646257	-0.0139686685	-0.1075988845	0.0410229053	0.0972842479	-0.0654836707	0.044264879799627	-0.0125808712362385	0.0001582783210628	0.0019593795836754	-0.0167402416273176	-0.1028223064146515	0.0105724266964284	0.0002802356897409	-0.0395418410879528	0.0392090684513136	0.0015373510488197	0.0015635571966249	0.0027059934239175	0.0001940213491719	7.322400410284755e-06	3.764428393452309e-08	-0.0001517325898232	0.0003874143685427	1.5008989295333896e-07	2.302277881445546e-08	-0.0001712955985995	-5.447239290560001e-05	2.967241588862062e-09	2.934218209956103e-08	0.0	0.0	0.0	0.0	0.0	0.0	0.0	0.0	0.0	0.0	0.0	0.0	0.0	0.0	0.0	0.0	0.0	0.0	0.0	0.0	0.0	0.0	0.0	0.0	0.0	0.0	0.0	0.0	0.0
1082.209519988161	-2.6059276152664097	1171177.445153006	6.790858736008077	1531.397055604795	-20.8331033943864	434.01819704119407	2345176.941915036	1042.9543915625	-0.3695097135416745	1087753.8628795044	0.1365374284016503	1086.6075038678391	1003.931278534892	1.663659	32.535843	0.1514549179462584	0.0837539771034231	0.0197760275	-0.0335135042	-0.067576661	-0.2330585583	0.1602277268	0.0100603228	-0.0160743264	-0.1121060461	0.1656852214	0.0252859393	-0.0355484628	0.0084957608	0.01550748	0.0296870694	0.0624014966	-0.1962583469	0.0035145373	-0.0022925006	-0.0299159964	-0.1306412172	-0.0415113376	-0.0406092338	0.0523474509	0.0491841331	0.0698766521	0.2912276599	-0.1164564904	0.087494829	-0.0850139309	-0.0675372078	-0.1169323567	-0.0392981886	-0.0135196356	-0.1643996066	-0.0138228908	-0.0722501351	-0.1105227786	0.1729939056	-0.1484728785	-0.086596193	0.0805132762	-0.0076892131	0.0923442761	-0.0210317497	0.0434215621	0.0359308577	-0.1199922499	0.0209625592	0.0886999024	0.1015254013	0.0359917464	0.0535425455	0.0040689085	0.0561813925	-0.0275792302	0.0420065209	0.0289306636	-0.0458274635	0.014350876	0.002057074	0.0029571984	0.007789518	0.0295477034	0.0732059469	-0.0599656229	0.0213376721	-0.1127319468	-0.1425866452	0.0990699218	-0.0983563679	0.0028667842	0.0424721086	-0.0498180805	0.1578646896	-0.0614385301	-0.0921941702	-0.1323485041	-0.0262839522	-0.0088738689	0.149793031	-0.0800435973	-3.39563e-05	-0.059627027	0.0651572445	0.1238018325	0.0057952533	0.0021005381	-0.3057956828	0.0123567082	0.0297010689	-0.0277787033	0.0183913731	-0.0132751821	0.0795414319	-0.1558691404	-0.0486910825	0.1420118538	-0.1129933022	-0.0555294745	0.0721683486	0.1531378391	0.0478355952	0.0922493643	0.010918656	0.0671219483	-0.0294827377	0.0523250142	0.0534119719	-0.1170397945	-0.0409326048	0.0687645944	-0.1026826721	-0.0394266995	0.0249379542	0.0900228092	-0.0238853722	-0.0119527364	-0.0260546028	-0.006102235	0.0546072548	-0.1039857494	0.0744370388	0.0466177894	0.0750484807	0.0255138185	-0.178823876	0.1378241303	0.0217474462	-0.0162783384	0.2561812935	0.0122000629	-0.1119900028	-0.0860705899	-0.1369897976	-0.1270909708	0.03396953	-0.1632353565	0.0663520142	0.0266658928	-0.0362713893	-0.0067822394	0.1094143085	-0.130306424	0.0359062738	-0.0114021501	-0.0414189615	-0.0724041463	0.042209421	-0.0059057869	-0.0014976619	0.1677211714	-0.0161035399	-0.1064432791	0.0469575846	0.092831979	-0.0738662073	0.0162113972627651	-0.0280534825368618	0.000786997882446	0.0002628094012111	0.0295693384813802	0.0463095801086978	0.0021445772098438	0.0008743457782264	-0.0346442534616926	0.0048975876262601	2.3986364556897003e-05	0.0012002242979179	0.001523003627392	-0.0011829897965254	2.3195400490491905e-06	1.3994648586834437e-06	5.591007193816999e-05	0.0002076426617613	4.311547498334671e-08	3.1259361441313435e-09	-0.0001180427033976	5.3252895201900006e-05	2.8358708473845446e-09	1.3934079825413768e-08	0.0	0.0	0.0	0.0	0.0	0.0	0.0	0.0	0.0	0.0	0.0	0.0	0.0	1.0	0.0	0.0	0.0	0.0	0.0	0.0	0.0	0.0	0.0	0.0	0.0	0.0	0.0	0.0	0.0
1082.5022777887375	0.2927578005765099	1171811.181417805	0.0857071297983955	1533.3677323713416	1.9706767665466032	3.8835669182065753	2351216.6026776303	1042.4430666210935	-0.5113249414064285	1086687.5471463895	0.2614531957042875	1086.327560323649	1049.2814500859856	1.649284	32.254707	0.07420536286034	0.0398079774929605	0.0429817308	-0.0665153562	0.0675926024	-0.2255409859	-0.1041812573	-0.0109075692	-0.0524149617	-0.083801917	0.1139405932	0.0968304016	-0.2319911096	-0.088387262	-0.0297623598	0.0678911707	0.0381681576	-0.2862856803	0.0156892645	-0.0148145961	0.0433012534	0.0324618563	-0.0103921683	0.0930681186	0.0423225568	0.0032327628	0.1169128249	0.086128142	0.0978942277	0.0677770403	-0.0746570896	0.1226278906	-0.0229179277	-0.0086505252	-0.1340843028	-0.028501615	-0.086963854	0.0503841952	-0.0273950297	0.1705195815	0.0105801358	-0.0226593873	-0.0403478053	-6.86342e-05	-0.0677539101	0.0010209002	-0.0599767759	0.0400564476	0.1180916172	0.0248038511	-0.0694302085	-0.0751834919	-0.0833322982	0.0772307242	0.1009680049	0.0240797249	-0.1281481428	0.034502882	0.00238874	-0.1339292457	0.0432158708	0.1055586971	-0.1080987143	0.053758059	0.0165338867	0.0218918168	-0.0155529335	-0.0237299857	0.0809621925	-0.0885626663	-0.0359261191	0.092894283	0.0805744581	0.0665738694	-0.0086666154	0.1551618783	-0.155509938	-0.0868773082	-0.1160034817	-0.1601637465	-0.0300067532	0.1006431477	0.0903132892	-0.0900929664	-0.1251572789	-0.0097016291	0.0445548056	0.1077921434	0.1318336254	-0.0155925893	0.1433541066	0.0599328374	0.0807395488	0.0302318084	0.0262342016	0.1323391146	-0.0556677704	-0.0118430254	0.047695306	0.1062237472	0.0903825707	-0.0109935423	-0.022640239	0.0093396579	-0.0986245226	-0.0528631135	0.0266589968	0.054318897	-0.053333608	-0.0335510226	0.0442584009	0.0140826653	0.0273655148	0.0506104553	0.0203066639	-0.062226243	0.2245146091	0.0083023366	-0.0072874534	0.0679158301	-0.0413330767	-0.0372002175	-0.0171723862	-0.0282276003	0.0066761387	-0.0563384073	0.1052324504	0.1933712611	0.0854988901	0.003786985	0.0046170526	0.2306713028	0.0556287216	-0.1506186211	0.0435170449	0.039321263	-0.1084798697	0.1542481176	-0.0332092867	0.0613977166	0.0390159338	0.0446068166	0.1401620266	-0.026129511	0.1501241343	0.0268571126	-0.0898295764	0.0534041159	-0.1164584192	0.0377204342	0.0033814311	-0.0632815331	-0.0480741948	-0.0182323554	-0.105127573	0.0527333744	0.0878214077	-0.0815548146	0.0275513397053401	0.011339942442575	0.0001285942946009	0.000759076319559	0.0103521104174575	-0.0192172280639227	0.0003693018544608	0.0001071661900952	-0.0335406684437913	0.0011035850179013	1.2178998917362183e-06	0.0011249764396563	0.0021230035728464	0.0005999999454544	4.5071441703185805e-06	3.599999345452831e-07	-9.928859501684428e-06	-6.583893143985442e-05	4.33476489314185e-09	9.858225100418915e-11	6.701056642696756e-05	0.0001850532698245	3.4244712672764204e-08	4.490416012863031e-09	0.0	0.0	0.0	0.0	0.0	0.0	0.0	0.0	0.0	0.0	0.0	0.0	0.0	0.0	1.0	0.0	0.0	0.0	0.0	0.0	0.0	0.0	0.0	0.0	0.0	0.0	0.0	0.0	0.0
1081.5475837835318	-0.954694005205738	1169745.1759879957	0.9114406435757736	1554.8860838336068	21.518351462265173	463.0394496535697	2417670.73369941	1042.1348594661458	-0.308207154947695	1086045.0653145234	0.0949916503609524	1086.866136688033	1027.0741192934647	1.54578	30.230513	0.1545711648020611	0.0717257371657171	0.0240823983	0.1198951018	0.0220438145	-0.2751409359	-0.0376749349	0.162875375	0.0347158525	-0.1122516362	0.0676551053	0.0307406455	-0.2802561626	-0.1063193737	0.0513727919	0.0677986308	0.1041410825	-0.1644187715	-0.0802163249	0.0086643697	0.0520807208	0.0346130289	0.0564290085	0.0243728337	-0.1605554127	0.1992090575	-0.0656744846	0.0233707459	0.0059138205	-0.0122683001	-0.0016840917	0.1391655868	0.007870783	0.0352590214	-0.0403616806	0.0510925109	-0.0609658405	0.0083059527	0.1390673473	0.0611413039	-0.0113043256	0.0201189513	0.001830147	0.05712339	0.0617568561	-0.0643539004	-0.11607842	-0.0118619813	-0.0917867798	0.0193831124	-0.028241433	-0.0241716549	-0.0645103887	0.1915611547	-0.0116059758	-0.0423369896	-0.041317644	-0.0757970605	-0.0358677532	0.0228141929	0.1046279271	0.1000318549	-0.0432005739	0.0590597595	0.0828243121	0.0062968944	0.0310379272	-0.0199260008	0.09888525	-0.0592382876	-0.0294819557	-0.0826584569	-0.0366041212	0.0945844654	-0.0985744164	0.2162352871	-0.0290296419	-0.0421144945	0.037123288	-0.0921439368	0.0504731354	-0.1050353727	0.0341858093	0.0355924472	0.1169553795	0.0042920917	0.1884600402	-0.022959756	0.0856650987	0.0278808625	0.0689924148	0.0478123828	0.1762295147	0.0549561851	-0.0203681217	-0.034121185	-0.005875355	-0.0254057676	-0.0823919422	-0.0393008337	-0.0299901982	-0.0368990686	0.0074334909	-0.0016621567	0.0693913979	-0.0659657943	-0.1512238482	0.0572029	0.0181921223	0.0376237916	0.0370065357	0.0001173576	0.1381009236	-0.0387906251	0.0178630687	-0.0765610368	0.1031013054	-0.0660479219	-0.0120633002	0.1465875368	-0.0370290313	0.0222657721	0.0416043267	-0.0635797144	0.0102309405	-0.003378771	0.04947408	-0.0518803505	-0.0001193945	0.0017425416	0.0501136534	0.1937943086	-0.015381832	-0.1538813964	0.0707295232	0.0807102001	0.046134684	-0.0731003705	0.017353531	0.068617425	0.0721916644	0.0328122188	-0.0344610256	-0.0404338708	-0.2157515246	0.0698031065	-0.0289005669	0.0287505577	-0.0408850117	-0.0161433593	-0.0192693537	-0.1142282662	-0.0225817701	-0.0203543145	-0.103653745	0.0583307311	0.0822826681	-0.0884772626	0.0438119613004488	0.0162606215951087	0.0002644078146593	0.001919487952992	0.0016941033804869	-0.0086580070369706	7.496108585223244e-05	2.8699862637771424e-06	-0.0069752609969668	0.0265654074468244	0.0007057208728157	4.865426597580628e-05	0.0032181442994984	0.001095140726652	1.0356452732394048e-05	1.1993332111718704e-06	-0.0005336812307781	-0.0005237523712764	2.743165464176683e-07	2.8481565608482765e-07	0.0005098600429617	0.0004428494765347	1.961156588670865e-07	2.599572634089065e-07	0.0	0.0	0.0	0.0	0.0	0.0	0.0	0.0	0.0	0.0	0.0	0.0	0.0	0.0	0.0	1.0	0.0	0.0	0.0	0.0	0.0	0.0	0.0	0.0	0.0	0.0	0.0	0.0	0.0
1082.94623961225	1.398655828718347	1172772.557890313	1.9562381272078064	1529.0668690826053	-25.81921475100148	666.6318503583325	2338045.4901260813	1041.489548033854	-0.6453114322919191	1084700.4786637614	0.4164268446466481	1084.6418343153098	1012.7317572059084	1.34738	26.350443	0.1424962529358914	0.0845377620766833	-0.0141235597	0.0062201671	-0.1041522197	-0.2164660215	0.1208478228	-0.1812202393	-0.08178794	-0.2032507583	0.1736578666	-0.0431137517	-0.1494500839	0.070249704	0.0023604947	0.0340390011	0.2213327682	-0.1036168032	-0.0517370572	0.1455463364	0.0988390743	-0.041063976	0.0632716485	0.1148568372	-0.0736749582	0.0816884167	-0.0192022056	0.0192411315	-0.0650345415	-0.0971055364	0.0818912799	-0.0413906589	0.0685028364	0.0306932577	0.0262354876	0.0308052764	-0.0756703442	0.0127931814	0.0383647541	0.0359943127	0.0803559125	0.0562231195	0.0503797615	0.0050675794	0.0335967701	-0.0970930486	-0.006357669	-0.0541950079	0.0781503418	-0.0964061436	0.1313620304	-0.0218054101	0.0289661881	-0.0033303784	0.0275129836	0.0624587082	0.0323363552	0.0237669859	0.0498508257	0.0762588468	-0.077163549	0.1294127139	0.1411240097	0.0341134084	-0.0822615362	0.1222244833	-0.0207482287	-0.1020698906	0.0690549013	0.1188099741	-0.0163930997	-0.165636116	0.0850672902	-0.0058100713	0.1750169604	0.2342860074	0.017262987	-0.0041574489	-0.0256232419	-0.1414773993	0.1180610745	0.0740560873	0.0211357872	-0.1497491768	0.0405656214	-0.0369144465	0.1348723256	-0.0471104778	0.0602571565	-0.0120078182	-0.0370001428	0.0104346624	0.1579500029	-0.1139811518	0.0314680567	-0.0273888335	0.0163974285	0.0912034962	-0.0810731056	-0.0140211482	-0.0616534896	-0.0849965987	-0.0062175783	-0.0948369756	-0.0728126304	-0.0048039733	0.0205063214	-0.0757182819	-0.0874398808	-0.1432829179	0.0011152632	0.1219415226	0.0434282067	0.0438140546	-0.047520727	0.1331120385	-0.0757185203	0.0450085802	0.0320395381	0.1052455503	0.1105046675	0.0137046648	-0.1493046913	-0.0278905905	0.0023026663	0.0116120815	0.0736300039	-0.0974297862	-0.1755508638	0.0129099872	0.0784894111	0.2348731092	-0.0869050995	-0.0815657234	-0.0740331134	0.0105504274	-0.0667471546	-0.0070639656	-0.073757226	0.066947088	-0.0842513019	0.0987801543	-0.0028714739	-0.0106540383	0.0620219305	0.1188012565	-0.0611033392	0.0484252215	-0.0306632403	-0.0477785299	-0.0632040148	-8.90551e-05	-0.0695452481	-0.0224686191	-0.1020240119	0.0637307152	0.0762490709	-0.0945685192	0.0468090791489572	0.0029971178485083	8.982715397847596e-06	0.0021910898907733	0.0735572803316557	0.0718631769511688	0.005164316201515	0.0054106734897897	-0.020438314072436	-0.0134630530754692	0.0001812537981129	0.0004177246821235	0.0024825846121413	-0.0007355596873571	6.163226356440768e-06	5.410480536648751e-07	-0.0002717609667641	0.000261920264014	6.860222470116347e-08	7.385402305655828e-08	0.0005958381928055	8.597814984380003e-05	7.392242250562931e-09	3.5502315200572415e-07	0.0	0.0	0.0	0.0	0.0	0.0	0.0	0.0	0.0	0.0	0.0	0.0	0.0	0.0	0.0	0.0	0.0	0.0	0.0	0.0	0.0	0.0	0.0	0.0	0.0	0.0	0.0	0.0	0.0
1086.819629469062	3.873389856811855	1181176.906999269	15.00314898285296	1525.7075385462483	-3.3593305363569925	11.28510165250056	2327783.493176852	1044.4014737955729	2.911925761718976	1090774.4384663648	8.479311641762639	1086.718152600599	1019.4284043360608	1.272546	24.886932	0.1544197420980203	0.11975779713641	-0.0039319802	-0.0607267482	-0.0031788835	-0.1192821588	0.101567503	-0.1054905554	-0.060669649	0.0314170508	0.0593067381	-0.0158712336	-0.0573276626	-0.0517005561	0.1135327961	-0.0023860489	0.0483864928	-0.0117195187	-0.0093507173	-0.0663216024	0.0120180493	0.0225746347	-0.0295190177	-0.034702175	-0.0669968879	-0.0165232824	-0.0312274445	0.0309601279	-0.1019169947	-0.0913588946	0.1061226152	-0.0414060128	0.1468258811	-0.0579848031	-0.0285711334	-0.0838933336	-0.0945593412	0.1721922957	-0.0633192154	-0.007097566	-0.018496909	0.0930143658	-0.0230899878	-0.0491124918	0.1377821611	0.0547968596	-0.0086026829	0.1611476209	0.0215827704	-0.0638821675	-0.0254706423	0.0721520165	0.0682838756	0.2004626776	0.0804244432	-0.0892669242	-0.0279140304	-0.0076913211	-0.0981288753	-0.0187028384	-0.0514025066	-0.0060369444	0.1960325211	-0.0304445948	0.0456504609	-0.113166758	0.0124861146	0.1686111748	-0.0695778569	0.0639270595	0.0984640436	-0.0851286826	-0.0198468782	-0.0162721603	0.0793743989	0.0003150044	-0.0250435716	-0.0892435112	-0.0562424704	0.0367470973	-0.0197515966	0.0190216084	0.0643927895	0.0125313961	0.0355601129	-0.0473924586	-0.0077751668	-0.1307423017	-0.0597826191	-0.0027226788	-0.0856127466	0.1545907363	0.1280857382	-0.1216561241	0.0849614931	0.0758117216	-0.0390632087	0.0715800191	-0.0417861119	-0.0082535928	-0.004993486	-0.0219310056	-0.0831097033	-0.0391352122	0.0599406231	0.1598258117	0.0293885788	0.0392175641	0.1078098488	-0.0330393612	-0.0719958715	-0.0307205178	0.1486943844	0.1104346361	0.0472747656	-0.0147026159	0.0753170134	-0.0791995574	0.1714304113	0.0492744308	0.0802429702	-0.1037622262	0.1272108052	0.1872038396	-0.1084301282	0.0463108913	-0.0975453647	-0.0234860409	-0.0941400651	-0.0010905031	0.0222375346	0.1406682209	0.0493234668	0.0165084848	-0.0021458932	-0.06812791	-0.0076981128	-0.0237080072	0.0046049695	0.0513340629	0.0129019276	-0.1023940975	0.1068316667	0.0209328971	-0.0579890829	-0.0113977222	-0.0871329064	0.1295576781	-0.0634673826	0.0874010564	-0.0520761591	-0.0213572374	-0.1100713082	-0.0245744743	-0.100240825	0.0689150546	0.0697569027	-0.0997713604	0.0439893026238138	-0.0028197765251433	7.951139651749771e-06	0.0019350587453294	-0.0430923015866255	-0.1166495819182812	0.0136071249617097	0.0018569464560326	-0.0205087598354367	-7.044576300069966e-05	4.962605524750745e-09	0.0004206092299876	0.0024828108998056	2.2628766430023847e-07	6.164349964193494e-06	5.1206107014457413e-14	-0.0007700143827897	-0.0004982534160256	2.482564665811796e-07	5.929221497030026e-07	0.0007949572469475	0.000199119054142	3.964839772240473e-08	6.319570244743485e-07	0.0	0.0	0.0	0.0	0.0	0.0	0.0	0.0	0.0	0.0	0.0	0.0	0.0	0.0	0.0	0.0	0.0	0.0	0.0	0.0	0.0	0.0	0.0	0.0	0.0	0.0	0.0	0.0	0.0
1087.442827690625	0.6231982215631433	1182531.9034957823	0.3883760233594646	1532.5168589343407	6.809320388092374	46.36684414769048	2348607.922917978	1044.6108433007812	0.2093695052083148	1091211.8139415693	0.0438355897111745	1087.658727587104	1043.3912776728728	1.284923	25.128979	0.0907707213158018	0.0427356443075155	0.0134928523	0.0135653503	0.1050382	-0.1051001233	0.0271169623	-0.0422605825	-0.0562066406	0.0511292095	-0.0328407578	0.059311435	-0.088855469	-0.0661883823	0.0696922391	-0.0106966265	-0.0021683736	0.0121418217	0.105900377	-0.0035853222	0.0322902639	-0.087713447	0.0384637899	-0.0873475743	-0.1170464718	0.0604845048	-0.0045560968	-0.0540796887	-0.0052152607	-0.0269576091	0.0083305186	0.0971867906	-0.0752667455	0.172828819	0.0743033086	-0.0705031048	-0.2233582469	-0.1024198094	-0.0080434696	0.1619066496	0.0652165813	0.1292213404	-0.148951369	-0.0187441695	-0.0031187592	0.1296843661	0.0433417424	0.0108418719	0.0698942191	0.0777039526	0.1038910273	-0.0496041533	0.1151283262	-0.0668549454	-0.0879946424	0.0388885577	0.0238344236	-0.1101124577	0.1118833162	-0.0054496582	-0.0345967955	-0.0413951736	-0.0387734946	-0.0062583579	0.0195748381	-0.1085587078	0.0026421899	0.0388740423	-0.0554908158	-0.0967783496	-0.0489583137	0.1619942158	0.0087586511	0.019073993	0.0484295543	-0.0061524703	-0.1133889353	0.076643416	-0.0238828715	0.0030730775	0.0477441173	0.0758492279	-0.050771086	0.0220159713	0.1821656072	-0.0459314316	0.0582271448	-0.0020239693	0.0596308857	0.0533994231	0.0930126338	0.0054260257	0.1225638196	-0.0924069658	-0.019239627	-0.1399207139	-0.1298147017	0.0862333102	0.0266525425	0.1557513129	0.0867011582	0.0713975424	-0.1188709346	0.206067722	0.1170140812	0.0339159736	0.086113437	-0.0033196707	-0.0284432098	0.0244889924	-0.0321085969	-0.00763978	-0.0329755381	-0.1537670951	-0.125203748	-0.0273810052	-0.0893488475	0.0650491797	0.018723199	-0.0870107019	-0.0903868496	0.0378157941	0.0645392196	0.0507028501	-0.0689355655	-0.0012324027	-0.0251129158	0.130251804	0.0583974308	0.0074477401	-0.0097640241	0.0804967093	-0.0189295588	-0.0048853342	0.1338077297	0.0173450803	-0.0123498875	0.1068214926	0.0534331912	-0.0764270361	-0.0732794075	0.023753605	0.0830628519	-0.074383651	-0.0829976565	0.0956861089	-0.0168113237	0.0761288081	0.0324729709	0.0436658664	-0.0150068866	0.1069282986	-0.0521148864	-0.0266710879	-0.0983068664	0.0738662073	0.0628452084	-0.1040369087	0.0417112606157701	-0.0022780420080436	5.189475390411766e-06	0.0017398292621566	-0.0597041064573602	-0.0166118048707347	0.0002759520610633	0.0035645803278717	-0.0316074916225801	-0.0110987317871434	0.0001231818472829	0.0009990335266714	0.0022567920474008	-0.0002260188524048	5.093110345211494e-06	5.108452164238281e-08	-0.0004078953592949	0.0003621190234947	1.311301871768275e-07	1.6637862413431557e-07	0.0014224622240455	0.000627504977098	3.937624962827616e-07	2.0233987788364704e-06	0.0	0.0	0.0	0.0	0.0	0.0	0.0	0.0	0.0	0.0	0.0	0.0	0.0	0.0	0.0	0.0	0.0	0.0	0.0	0.0	0.0	0.0	0.0	0.0	0.0	0.0	0.0	0.0	0.0
1086.729448371919	-0.7133793187060746	1180980.8939587355	0.5089100523575432	1545.686431397368	13.169572463027407	173.43763885892977	2389146.5442059305	1043.2319738997396	-1.3788694010415838	1088332.951366747	1.9012808251287765	1086.3404015620326	1032.4002831529126	1.30949	25.609436	0.0629854072975162	0.0294719251300174	-0.0261478056	0.0736181066	-0.1080332749	-0.1205469244	-0.0169602264	0.0491115014	0.0602207776	-0.0443902672	0.0240641909	-0.1079777387	-0.0864041664	-0.087149786	0.0092629803	-0.0161356291	0.0682129649	-0.0761379689	0.0641933195	0.1263128396	0.0378408683	0.0823242952	0.0224849598	-0.0110174295	0.084643063	-0.0207116647	0.0621095295	-0.145806789	-0.0049992896	0.0450696222	-0.039026685	0.0581646179	-0.0201809182	-0.0546338302	-0.0268856748	-0.017251304	0.0905460714	-0.1251051002	-0.1064227206	0.095414014	-0.0296339276	0.1472533151	0.0120941933	0.0390908114	-0.016892863	0.03212398	0.0829316477	-0.0300107226	-0.0587580327	0.1884962736	-0.0378838607	-0.0785693804	0.034900216	-0.1356511289	-0.1146735793	-0.1345222234	0.0486338731	0.0346107597	0.0837042532	-0.0855997758	0.0728746186	-0.0116103535	-0.0447041739	-0.194833224	-0.0746222594	0.054728601	0.088312591	0.0841872301	-0.0700989301	0.0598388578	0.021825624	-0.0113327001	-0.0144373176	-0.0088193705	-0.0393124166	0.0990054714	0.0516969861	0.0796960347	-0.0147168748	-0.0334763456	-0.0188393065	0.0824200437	0.1084459439	-0.0037060089	0.0320484276	-0.0531712362	-0.1310664678	0.0956944195	0.0759928651	-0.0450451991	0.0535101437	-0.0535838398	0.0212018715	-0.0013751761	-0.0356019125	0.0581275793	0.0246695504	0.1012048686	0.0240396315	-0.1530338104	-0.022210749	0.1137285647	-0.1195116154	0.0860951815	-0.0356828269	0.0411413675	0.0802144319	-0.0356633927	0.0265157892	0.1227835957	0.1054261655	-0.014615896	-0.1648741722	-0.0577703947	0.00129194	-0.1415605842	-0.0498451209	0.0432459807	-0.1033788565	-0.0136926413	-0.1502547415	0.037244272	-0.0694967596	0.0253100207	0.0482924314	-0.0786922694	-0.0885177545	-0.0100013989	-0.067997376	-0.0124913754	-0.0079611505	0.1173012844	-0.1350072139	0.0779690003	0.0284675447	0.0598132068	0.0514718618	-0.0862467831	0.0125226628	0.0341384348	0.0086795575	-0.0718543437	-0.0679297557	-0.0042987737	-0.0506492705	0.1554400687	-0.0057241832	0.0582245173	0.0367693611	0.0258552713	0.0239537402	-0.0083987917	-0.0954467536	-0.0287576717	-0.0962250449	0.0785674201	0.0555555556	-0.1073250918	0.0602923408175541	0.018581080201784	0.0003452565414651	0.0036351663612601	-0.0678525166109409	-0.0081484101535806	6.639658803097703e-05	0.004603964010438	-0.0161990128216586	0.0154084788009214	0.0002374212189584	0.0002624080163962	0.00232793112598	7.113907857920002e-05	5.41926332730651e-06	5.0607685010975955e-09	-0.0005140664141933	-0.0001061710548983	1.127229289823906e-08	2.6426427820155744e-07	0.0016621008533925	0.000239638629347	5.7426672675308846e-08	2.762579246848077e-06	0.0	0.0	0.0	0.0	0.0	0.0	0.0	0.0	0.0	0.0	0.0	0.0	0.0	0.0	0.0	0.0	0.0	0.0	0.0	0.0	0.0	0.0	0.0	0.0	0.0	0.0	0.0	0.0	0.0
1087.6073165994196	0.8778682275005849	1182889.6751205905	0.7706526248550187	1538.5489730964937	-7.137458300874414	50.943310996721074	2367132.942616275	1043.0453608333332	-0.1866130664063803	1087943.6247559383	0.0348244365535921	1085.992568025135	1030.647447569013	1.229409	24.043304	0.0935874740277997	0.0562622198885355	-0.0073187289	-0.0864634693	-0.0350487313	-0.0838198402	0.1447065603	-0.0439245329	0.0253534768	0.0738766366	0.1107161037	-0.0519398878	-0.0742180218	-0.0547346289	-0.0384972435	0.0088177607	0.1430099578	0.012163534	-0.0409812587	0.0297315331	0.0071367071	0.0500263644	-0.0617803795	-0.2700072265	-0.0210844746	-0.0247570657	0.0391920215	0.0203614721	0.043280935	-0.0583270488	-0.029826998	0.0087404194	-0.0481475207	0.0031431606	0.0662245157	0.1468664134	0.0166352333	-0.159725168	0.1026613653	0.1100159847	-0.068487809	0.111477685	0.0032970415	0.0947073272	-0.0784117663	-0.0103837126	0.0246856478	-0.1058495668	-0.01385313	-0.0932642522	-0.1249589784	0.0643691181	-0.0285700949	0.0382248097	0.0319410728	0.0114747842	-0.0281301725	0.0093370353	0.0196954334	0.0906245686	-0.0144055	-0.0417927146	0.0132104907	0.0292753397	-0.0566450553	-0.1565626561	-0.104086331	-0.1184455816	-0.080911494	0.0641191457	-0.0028483631	0.122410028	-0.0310902224	-0.0075703628	0.0756318358	0.0903067475	0.055833446	-0.0955327582	-0.071429621	0.0940012791	-0.0221931234	0.1106913094	0.0911651244	0.096184945	0.097064221	-0.0349921927	0.0618270484	0.0159285348	-0.0044281691	0.0479687407	-0.0034536773	-0.0341199322	-0.0085954616	0.1292245919	-0.1986782619	-0.158379747	0.1091639918	-0.0122208415	-0.1128768707	-0.04579395	-0.0137388574	0.0426239201	-0.0272016674	0.2346398387	0.0045966021	0.0145920458	-0.0360696895	-0.0833468979	-0.0689104221	-0.0408690803	0.0042889489	0.0192425414	-0.0557722534	0.0437186146	0.0969897406	0.0150931177	0.0316899123	0.065105124	0.0139238399	-0.1031771881	0.0416683102	0.054598085	0.152882314	0.0307474031	-0.0048956669	-0.117861558	0.0595452763	-0.0561853492	0.0078717762	0.0031041303	0.0253649997	0.1279272136	-0.0171174274	0.1350248631	0.0016864386	-0.1379531677	-0.0236627278	-0.0631985385	-0.0352474156	0.0173665138	-0.1502766605	-0.0843719763	0.018095228	-0.0577984047	-0.066578252	0.0803337235	-0.0534340348	0.0421136552	0.0491499409	-0.0225208227	0.0844480764	0.0205237552	0.0420890834	-0.0308334408	-0.0939984918	0.0830027857	0.0479317851	-0.1096050192	0.0682333667066501	0.007941025889096	6.305989217129296e-05	0.0046557923321241	-0.0165543179997627	0.0512981986111781	0.0026315051807518	0.0002740454444372	-0.0162123307733992	-1.3317951740598327e-05	1.7736783856490603e-10	0.0002628396691061	0.0021446766778595	-0.0001832544481204	4.599638052554462e-06	3.358219275594895e-08	-0.0008833633296287	-0.0003692969154354	1.3638021175010096e-07	7.803307721327032e-07	0.0015279535854327	-0.0001341472679598	1.7995489501078384e-08	2.3346421592366434e-06	0.0	0.0	0.0	0.0	0.0	0.0	0.0	0.0	0.0	0.0	0.0	0.0	0.0	0.0	0.0	0.0	0.0	0.0	0.0	0.0	0.0	0.0	0.0	0.0	0.0	0.0	0.0	0.0	0.0
1089.902316645546	2.295000046126461	1187887.0598293282	5.2670252117204575	1546.2004165779388	7.651443481445085	58.54458734974848	2390735.728225792	1043.834461809896	0.7891009765628496	1089590.3836619554	0.6226803512124429	1086.2509768958853	1033.3129953623054	1.213885	23.73971	0.0328532392202278	0.017999713959152	-0.0472516366	-0.0158043901	0.1006528653	-0.016524822	0.1556243272	-0.1921859049	-0.018157459	-0.005969763	0.0039175296	0.0540011451	-0.1633839104	0.2426820166	0.0805969779	-0.034647425	0.1407648343	0.0668350851	-0.0740991911	-0.0209419177	0.1706667774	0.0349279892	0.0504387342	-0.170206568	-0.0072283378	-0.0442894079	0.0454869938	0.0198438567	0.0465773242	0.0728189285	0.0095486946	-0.0951139389	-0.0266954366	-0.0249500284	-0.0249661253	0.0487133505	0.0706892785	-0.0814349037	-0.0043410831	-0.0373872785	0.0587966131	0.0983260243	-0.0260566995	0.0191288486	0.0742214856	6.04878e-05	-0.0035473459	-0.0394508266	0.0626921807	0.1412245292	-0.0926599365	-0.0870958712	-0.1304643766	0.0013752476	-0.0761964802	-0.0010768956	-0.1196042941	0.0308389378	0.0021473118	-0.0592064835	-0.0747689762	-0.053744422	0.1338331032	0.0510159611	0.1397581528	-0.0218665312	0.1916138633	-0.1244537412	-0.0227586404	0.0902413639	0.0183320485	0.0620664829	-0.1110603374	-0.0576686894	0.1749844273	0.0356171817	-0.0395818164	-0.0765949635	0.0004003516	0.0357855837	0.1731154014	0.0524822041	0.1165543692	0.1133199125	0.086922951	0.0580583889	-0.004699651	0.0882538139	-0.0349844642	0.0240434098	0.0327505779	-0.053576873	-0.0974338386	-0.0208039009	-0.0381400972	-0.0104445678	0.079596515	0.1420128918	-0.0135508092	-0.0845558576	-0.0871792848	-0.0231676198	-0.1290768998	-0.0106847786	0.0618165431	-0.0130263406	-0.0006069654	0.0480991945	-0.1250266664	0.032502183	0.1600362265	-0.0468500339	0.019234015	-0.0395475417	0.1460300787	0.0012309638	0.076296414	-0.0738475475	0.0293669559	-0.0767771681	0.0065496497	-0.0939728049	0.0325326604	-0.1812563449	-0.1211430138	-0.0117313531	-0.0842157432	0.039867453	-0.125234046	-0.0117144581	-0.000803309	0.0616980598	-0.0473627744	0.0799689337	0.1675224209	-0.1304022266	0.0245790769	0.0646234226	0.0037759947	0.0349737652	-0.1464588424	-0.0917770611	-0.0383968005	-0.0227130256	0.1033526195	0.0938710861	-0.0210409807	0.0917252421	-0.0306377374	-0.0351389247	0.0384841307	0.0300748986	-0.0007393523	-0.0328976148	-0.091630556	0.0871572961	0.0400197472	-0.1108552722	0.0662586131099374	-0.0019747535967127	3.899651767729756e-06	0.0043902038112523	-0.0328240446265084	-0.0162697266267457	0.000264704004509	0.001077417905643	-0.0147838783123148	0.0014284524610844	2.0404764335780794e-06	0.0002185630579533	0.0020820611604524	-6.261551740710004e-05	4.334978675864395e-06	3.9207030201588494e-09	-0.0007800116692233	0.0001033516604053	1.068156570855312e-08	6.084182041245188e-07	0.0014303146325315	-9.763895290119994e-05	9.533365123642742e-09	2.04579994803372e-06	0.0	0.0	0.0	0.0	0.0	0.0	0.0	0.0	0.0	0.0	0.0	0.0	0.0	0.0	0.0	0.0	0.0	0.0	0.0	0.0	0.0	0.0	0.0	0.0	0.0	0.0	0.0	0.0	0.0
1091.5935552646522	1.691238619106116	1191576.4898953233	2.860288066755962	1547.2128294338763	1.012412855937555	1.0249797908676364	2393867.5395647814	1043.7642341796875	-0.070227630208592	1089443.7765527095	0.0049319200447147	1085.3065250215077	1049.914403173869	1.182351	23.122993	0.0977848307000304	0.056175814070334	-0.0668565815	0.0993985161	-0.0063258632	0.0734298232	0.0485008024	-0.1131827347	0.0004218529	0.0022145109	-0.0587714417	-0.0739406228	-0.041574673	0.1408174347	0.1098167063	-0.068848123	0.1547202431	0.2106806354	-0.0176794002	0.0336495975	0.1004608352	0.0154551327	0.2153796416	-0.1351720087	-0.0120429019	-0.1169915161	-0.0621439783	-0.0349072811	-0.0574265432	0.0381565832	-0.027514814	0.0491245271	0.0527027269	-0.0462682439	-0.0547543676	-0.0982361965	-0.0094191922	0.0371486489	-0.0133111614	-0.1624604519	-0.1243658258	-0.1072760932	0.0826074512	-0.0687183146	0.0675910507	-0.0242376246	0.0283061145	-0.0274598836	-0.0781242347	0.0684217853	-0.0479259642	-0.0201525244	-0.0966635883	0.0634327191	-0.0947904256	0.0092458695	0.0526938697	0.0038075337	-0.0478457214	0.0230624398	-0.0943406223	0.0312332828	-0.0602004569	0.0313803597	-0.1105495111	-0.0176564055	-0.0119223973	0.0549438654	-0.0071104639	-0.0386525298	-0.1414376207	0.0675092169	0.0832080346	-0.0956952306	0.1862939047	0.0150570313	0.0901863752	0.0598745228	0.1257302902	0.0682359346	0.1082959563	0.0298397329	0.0545692288	0.145104355	0.1655390844	0.1200386131	-0.1772371514	-0.0084869982	-0.0543747723	-0.0435660478	-0.0261884007	0.1302662268	0.0481377578	0.0553927444	0.0764428492	0.0416383303	-0.0234820294	-0.0129720935	0.0699597333	-0.0550564141	-0.0918176688	-0.0274683808	0.1171018854	-0.0768900895	0.0418622626	-0.0652644917	-0.0341394499	-0.0329080511	-0.0267527856	0.1181147608	0.0685790254	-0.0283779264	0.0327255818	0.054887956	0.0814695005	0.0559169617	-0.0982529324	-0.0454535244	-0.0150149841	0.0120033599	-0.008005777	0.0477379962	-0.053825609	0.0359742387	0.0312610976	0.033194042	0.0821762017	0.1240854237	-0.0116514988	-0.0237472179	-0.0380932535	-0.0037849627	-0.1377434373	0.0903494971	0.0887639556	0.0557839005	0.0739462625	0.0429119696	0.0375683123	0.0517812494	-0.0924088968	-0.2317415661	-0.0143972341	0.0148106002	-0.0412379642	0.0062737801	0.057119244	0.1009946045	0.0192182544	-0.0311549224	-0.042809737	-0.0268502597	-0.0074690912	-0.0349494174	-0.0891247992	0.0910168938	0.0318670259	-0.1110641056	0.058143033241194	-0.0081155798687434	6.586263660595316e-05	0.0033806123144865	-0.0817764742010496	-0.0489524295745412	0.0023963403612504	0.0066873917327549	-0.004103647979349	0.0106802303329658	0.0001140673199652	1.6839926738415126e-05	0.0022272391915076	0.0001451780310551	4.960594416187428e-06	2.1076660701064555e-08	-0.0003249086688035	0.0004551030004198	2.071187409911045e-07	1.0556564306366245e-07	0.0014298638455309	-4.50787000600035e-07	2.0320891990997602e-13	2.0445106167564136e-06	0.0	0.0	0.0	0.0	0.0	0.0	0.0	0.0	0.0	0.0	0.0	0.0	0.0	0.0	0.0	0.0	0.0	0.0	0.0	0.0	0.0	0.0	0.0	0.0	0.0	0.0	0.0	0.0	0.0
1093.46735970926	1.873804444607913	1195670.8667495404	3.5111430966323693	1534.2720233975724	-12.940806036303911	167.46446086923976	2353990.641780481	1043.748824251302	-0.015409928385452	1089411.6081259754	0.0002374658928447	1084.9183748019063	1045.3594307066076	1.240647	24.263083	0.1180143105621414	0.0553289259350823	-0.0642876659	-0.0800237866	-0.0558597169	0.116415604	0.1583588099	-0.1471445636	0.0015569332	0.1317594188	0.0502012047	-0.0917950676	0.0852824148	0.0087959763	0.0776921025	-0.067807625	0.0906694066	0.0782280583	-0.0594249392	0.0120099311	0.0035286789	0.1021051105	-0.0541249305	-0.1669533829	0.0568555033	-0.045573973	0.0144230788	0.0511101449	-0.0870373065	0.0010047909	-0.0043432406	0.0166436494	0.0144360229	-0.0576749206	0.0334829544	-0.0825180647	-0.0560865668	0.0778638098	0.0223813743	0.0087422449	-0.001045943	-0.0616384848	0.161135712	0.0200349225	0.0614377078	-0.0384989483	0.0509032224	0.0046500615	0.092022044	-0.0997741596	-0.0394561079	-0.0276602822	-0.001900635	-0.0183315849	-0.062477993	-0.0862501344	0.0796378724	0.1714164267	0.0201131309	-0.0555585824	-0.075620903	-0.0150989928	-0.0024328518	0.0263705412	-0.1382003558	0.047007857	-0.0929774707	0.0628939097	0.095651605	0.0380561095	-0.0131150771	0.0481299782	0.09535225	-0.1045044535	0.1215301337	-0.0446942193	0.1055556907	-0.0844647008	-0.0283666547	0.1026532115	-0.028037917	0.0264532505	0.1356982062	0.0838856746	0.0688360314	-0.0037517525	-0.0712827914	0.0104520076	-0.0132958371	-0.1166166701	-0.077110961	0.0282163549	0.0679757644	-0.0644003689	0.0129384704	-0.0394096563	-0.0128752051	-0.0575538693	-0.084647969	-0.0379461028	-0.0269880434	-0.0171959259	0.1408269422	-0.0294197597	0.0273535603	0.0239091097	0.1238129792	-0.0248382996	-0.0916057998	-0.1132148363	0.0175420612	0.0485576986	0.0214504306	0.0883998431	0.0189482133	-0.0182182187	-0.0414608089	-0.0068389185	-0.016160575	-0.0510142622	0.0152990903	-0.0166294487	-0.0889137671	0.0800506185	0.162987703	0.0608457488	0.0386379151	0.150542121	0.1341116995	-0.0147100328	-0.0130810605	-0.041053218	-0.0330138519	0.2007132414	0.0054505218	0.0195804635	-0.0214598091	0.0025574658	-0.1307605552	0.0246693546	-0.2197974269	-0.174601844	-0.0274443467	0.0469833776	-0.0126779343	0.0434525546	0.0037424038	0.1160248654	-0.0539787672	-0.1116355188	0.0498990633	-0.0707002937	0.0949533043	-0.0369880768	-0.0864849902	0.0945685192	0.0235226525	-0.1102295573	0.0709755570550925	0.0128325238138984	0.0001646736674342	0.0050375296992806	-0.0413708564737902	0.0404056177272593	0.0016326139439214	0.0017115477653749	-0.0245426456844626	-0.0204389977051136	0.0004177526271896	0.000602341457193	0.0023710534065829	0.0001438142150752	5.621894256868375e-06	2.0682528457724633e-08	-0.0008840238968892	-0.0005591152280857	3.126098382773244e-07	7.81498250271167e-07	0.0012460498623745	-0.0001838139831563	3.378758040382128e-08	1.5526402595235106e-06	0.0	0.0	0.0	0.0	0.0	0.0	0.0	0.0	0.0	0.0	0.0	0.0	0.0	0.0	0.0	0.0	0.0	0.0	0.0	0.0	0.0	0.0	0.0	0.0	0.0	0.0	0.0	0.0	0.0
1096.3869390897985	2.91957938053838	1202064.3202066976	8.52394375926487	1532.9868304043043	-1.2851929932680832	1.6517210299453755	2350048.622193035	1046.3551467903646	2.606322539062603	1094859.0932146856	6.792917177625734	1088.327852820816	1059.9573641415268	1.325785	25.928108	0.1057257189204708	0.0502126272000262	-0.0092813863	-0.010967938	0.1072840781	0.2128800904	0.0903276014	-0.068941567	-0.0606864909	0.1728070132	-0.1192950372	0.0141101342	0.1264212516	-0.0419047096	0.1927843865	-0.0545826277	-0.0939987678	0.0800068392	-0.007647204	0.0371323919	-0.0229927366	0.1173696387	0.0469054429	-0.0419750497	-0.0024022806	0.063122435	0.0050878116	-0.0265721929	0.0198425647	0.0129471819	0.207977388	-0.0748497815	-0.1450718966	-0.0329665294	0.0567908572	0.0276391171	0.0046349301	0.143568107	0.0484063944	-0.0822849985	-0.0951975767	0.0566001334	0.1094438545	0.0674327301	0.0374429626	0.1660330515	-0.0265744411	0.0088228861	-0.0710299016	-0.1056730254	0.0955112762	0.1302088214	-0.005063032	-0.0740540518	-0.0217161567	-0.0708961761	-0.0354118591	0.0791938514	0.1664110761	-0.0550432596	0.0218462063	0.0974785229	0.0263559194	0.091576104	-0.0096684025	-0.0064322391	0.0738228403	0.0748578709	-0.0470157964	0.0483759095	0.0837248099	-0.0870419455	0.1423221166	-0.036487915	0.0517174008	-0.1704134549	-0.0360589397	0.0147366849	0.1281848317	0.0457126615	-0.0017504841	0.0251906598	0.1104098219	0.0297216887	0.0196721851	-0.055044592	0.0332296151	-0.0560289969	0.1456657329	-0.0302359774	-0.1589663663	-0.1459039552	0.0388770441	-0.0693918294	0.1402133935	-0.090536493	0.0891191521	-0.0388350775	-0.0664051976	-0.0432751026	-0.0765242695	0.0940374547	-0.0123296751	-0.0675730938	0.0319124385	0.0483560491	-0.0149270801	-0.0745146705	0.0404434784	-0.0357584852	-0.2036921774	-0.0849721395	-0.0903197822	-0.0452472932	0.0439013798	-0.046964855	0.0831617426	0.0595011654	0.0793199099	0.120449669	-0.0094042416	0.0031239978	-0.1135275651	-0.0626520935	0.0154435416	0.1057478635	0.0064784889	0.0100006528	-0.0462595686	0.0154572921	0.0295146602	-0.1816392865	0.0266648173	0.0215516259	0.0629797246	-0.1503214348	0.0015618944	0.0223873973	-0.1269628781	-0.0292933024	-0.0933251983	-0.0823896274	-0.038307342	0.0285099525	0.1903346173	0.0595212672	-0.0231652175	0.0786974042	-0.1214237589	0.0640694702	-0.0383910432	0.0396040066	0.0294983865	-0.0390128266	-0.0837150996	0.0978001546	0.0150368111	-0.1083594676	0.0601843357165705	-0.0107912213385219	0.0001164504579769	0.0036221542656448	-0.029084582788883	0.0122862736849072	0.0001509525210604	0.0008459129560033	-0.0529579309285992	-0.0284152852441366	0.0008074284355056	0.0028045424482382	0.0025867055196305	0.0002156521130476	6.691045445286895e-06	4.65058338618949e-08	-0.0006557181450608	0.0002283057518284	5.2123516317930986e-08	4.2996628576197634e-07	0.0006053489541924	-0.0006407009081821	4.104976537453678e-07	3.664473563418324e-07	0.0	0.0	0.0	0.0	0.0	0.0	0.0	0.0	0.0	0.0	0.0	0.0	0.0	0.0	0.0	0.0	0.0	0.0	0.0	0.0	0.0	0.0	0.0	0.0	0.0	0.0	0.0	0.0	0.0
1094.7127154715165	-1.6742236182819852	1198395.9294150216	2.8030247240132224	1552.6566645087742	19.669834104469828	386.90237369736434	2410742.717843512	1047.1623266992187	0.8071799088540956	1096548.9384581214	0.6515394052577062	1089.049671225098	1077.2386205473392	1.468612	28.721346	0.0966820585016618	0.0542355932912773	0.0111717134	0.0808533494	-0.0655777221	0.1592612143	-0.129092457	0.0587523696	0.0534800548	0.0698954142	-0.175655035	-0.113033184	0.1027088455	-0.0489706571	-0.0561325881	-0.0347972267	-0.1942278812	0.0593852168	0.0124894145	0.0936741777	0.0691371504	0.001619126	-0.0657022034	0.0863979938	0.0694147817	0.052760832	0.1146976966	-0.1716618291	-0.017630312	-0.0396218903	0.1668990269	-0.0728838605	-0.143862075	0.1214610144	0.2139772632	-0.1311838195	0.0546183521	0.0006689938	-0.0198534174	-0.1044044954	0.013735773	-0.071361567	-0.0529977269	-0.0945731223	0.0529079098	0.207248713	-0.034242442	0.0723196478	0.1216044584	0.0407148886	0.0388451782	0.0818796868	-0.0156937065	0.0723382702	-0.0166316753	0.0590585056	0.0181976621	0.0363270206	-0.0048843765	0.0465048585	0.0105418596	-0.0809699914	-0.0884334178	0.0423738973	-0.0285610069	0.0776981584	0.0643705617	-0.0015926596	0.0701657418	0.0262659532	0.0007641647	-0.0219458395	-0.0787947678	-0.037045347	-0.1022617185	-0.1949369587	0.1059023104	0.1209257907	-0.0045376074	-0.0357380893	0.0796582099	-0.0146071659	0.0002343604	-0.0062595344	-0.092487067	-0.2003688492	-0.0652374103	-0.0187136259	0.0499866069	0.0018777866	-0.1138741863	-0.1626634008	-0.0115600051	-0.0940942788	0.0228126482	-0.1520235522	-0.0667522013	-0.0453265092	0.144810525	0.1361138846	-0.0201823231	0.206517571	-0.0820182459	-0.0540876161	0.0587334954	0.0956628885	0.0081983705	0.0183947594	-0.0601671546	0.0825165697	-0.0349678111	-0.0886766249	0.1302002173	0.0774755847	-0.13187221	0.1006294208	0.0171449769	-0.027625786	-0.0128174395	-0.0366807096	-0.0188180247	-0.0447229843	0.0898926378	-0.0910295657	0.049700817	0.0108929759	0.0373266054	0.0917684374	0.0241631341	0.0003370154	-0.0162510099	-0.1210032129	-0.0797883104	0.0773468325	-0.0289952381	-0.0101319887	0.0388231251	0.0356546716	0.116657298	0.0469776735	0.1379623736	-0.0885868439	-0.074566724	0.0239229047	0.0669199299	-0.0467601697	0.1278090375	0.0758154077	-0.0347865772	0.1971541253	-0.0023907225	0.1092050085	0.1243583829	-0.0410229053	-0.0808192935	0.1007008652	0.0064605365	-0.1054714048	0.060252116151048	6.778043447749904e-05	4.59418729795854e-09	0.0036303175006793	-0.0758192624017652	-0.0467346796128822	0.0021841302785187	0.0057485605511477	-0.0344106875842271	0.018547243344372	0.0003440002356753	0.0011840954200192	0.0022828131357643	-0.0003038923838662	5.211235812818036e-06	9.235058097188197e-08	-0.0007130070503027	-5.728890524190006e-05	3.282018663815404e-09	5.08379053781357e-07	0.0008708147672829	0.0002654658130905	7.047209791980028e-08	7.583183589179713e-07	0.0	0.0	0.0	0.0	0.0	0.0	0.0	0.0	0.0	0.0	0.0	0.0	0.0	0.0	0.0	0.0	0.0	0.0	0.0	0.0	0.0	0.0	0.0	0.0	0.0	0.0	0.0	0.0	0.0
1093.3249399312938	-1.3877755402227194	1195359.424275767	1.9259209500404608	1551.398515106669	-1.2581494021051185	1.5829399180174673	2406837.3526751776	1045.4886778515624	-1.6736488476562954	1093046.575515808	2.801100465261245	1088.6018997092651	1086.1522047192952	1.488514	29.110573	0.072857627003914	0.0481487264841272	0.045374243	-0.1303007334	0.0013888073	0.080509363	-0.1570075426	0.0988001171	0.0442770447	0.1078573341	0.0715283821	0.0711189218	0.1228115707	-0.0004865708	-0.1177417693	0.0205772925	-0.0601851072	-0.0708527586	-0.0547097331	0.0051277541	-0.0186155365	-0.0024547976	-0.0817963885	0.0888956245	0.0738793648	-0.0095337882	-0.0505217911	-0.0221180244	-0.0125025581	0.0530044604	-0.0606239571	0.0211487676	-0.006030124	0.0311471235	-0.0393604379	-0.0331711152	0.0434892987	0.0302143548	-0.0294265483	-0.0569140927	-0.0395588396	-0.0616386988	-0.0411426818	-0.0516489104	-0.1077860179	-0.0184709247	0.0769142552	-0.0600384998	0.0036224678	-0.1430138306	-0.0396055247	-0.0142458329	0.1172443476	0.0428832947	-0.0604079015	0.133360452	-0.0491258698	-0.1230485329	-0.0642237192	0.2060573037	0.1176028651	-0.0657143658	0.0001674797	-0.0055969265	0.0990035989	-0.2338012273	-0.0309790112	-0.0546833872	-0.019252992	0.1476562712	0.1542346877	-0.0425301577	-0.0054037431	0.0431274984	-0.1214139521	-0.0280465487	0.0183911318	-0.0627650187	-0.0506060989	0.0170480025	-0.004685435	-0.122639347	-0.012018901	-0.0447739419	-0.0550454355	0.0327874294	-0.0774002108	0.0341461368	-0.0204187549	-0.0244813067	0.0499761349	-0.0754550528	-0.0437132561	0.0235679279	0.0349716021	0.0275207939	-0.0504322871	-0.063508397	-0.0185520281	0.0762709732	-0.0304517822	-0.0377440613	0.056030892	0.0892633051	-0.059896212	0.0134493262	0.0281414736	-0.0875475638	-0.0465191209	-0.1179121457	-0.0247026138	0.0162072513	-0.0587487333	-0.019861425	0.0297114796	0.1207896982	-0.0361516543	-0.0147649175	-0.0643035147	0.0713968903	0.101036396	0.03582171	0.3618126984	0.0666745011	-0.1208308563	0.0123928311	0.0338454335	-0.1232482615	-0.1176819215	0.0106072058	0.0231838929	-0.075614631	0.1462184266	0.073199225	-0.0479540686	-0.0001386657	-0.0499167826	-0.1361146295	0.0531243753	0.0336241223	0.073374828	0.006270879	0.043400155	-0.0071089228	-0.0026625756	-0.0481022462	0.0488123179	0.0137286306	0.0067875748	0.0790951849	0.092778473	0.1270786615	0.0908526149	-0.0430175569	-0.0778019275	0.103260836	-0.0021545924	-0.1015925006	0.0575409390396259	-0.0027111771114221	7.350481329499098e-06	0.0033109596655619	-0.0372462377167011	0.0385730246850641	0.0014878782333545	0.001387282224049	-0.0343579443743493	5.274320987779663e-05	2.7818461882133036e-09	0.0011804683416308	0.0028793021875023	0.000596489051738	8.290381086955529e-06	3.557991888432986e-07	-0.0006792477905632	3.375925973950005e-05	1.1396876181590287e-09	4.613775609849888e-07	0.0008709800957564	1.6532847350002322e-07	2.7333504149847883e-14	7.586063272038278e-07	0.0	0.0	0.0	0.0	0.0	0.0	0.0	0.0	0.0	0.0	0.0	0.0	0.0	0.0	0.0	0.0	0.0	0.0	0.0	0.0	0.0	0.0	0.0	0.0	0.0	0.0	0.0	0.0	0.0
1091.52017951908	-1.8047604122136816	1191416.302297365	3.2571601454936987	1548.2783184798857	-3.120196626783354	9.73562698979022	2397165.7514749025	1045.4590196484376	-0.0296582031248817	1092984.5617642722	0.0008796090125967	1088.6608472808068	1044.6053049374952	1.942764	37.994236	0.1085468785484049	0.0670705472794283	0.0070363981	0.1181698294	0.0904690891	0.0064893733	0.0388161789	0.1369186798	0.0156255178	-0.0290047201	-0.0830161199	0.1118251768	0.109133504	-0.0577599089	0.088708076	-0.0061666017	-0.0163987526	0.097256803	0.0696121073	0.0043987894	0.0129734088	0.0814615092	0.1084388388	-0.0065198345	0.1013246814	-0.1350792325	-0.0218409927	0.0108577653	0.0531794945	-0.0284313601	-0.0795520955	-0.0185356145	-0.1106676282	0.0501494938	-0.1016402886	-0.0624898972	0.0642788987	0.010798695	0.0674477781	0.0157159991	0.1460658346	0.0004967586	0.0302644115	0.0301418752	0.0920507157	-0.0459343494	0.0325063253	0.0808900119	-0.0244972382	-0.0235152345	0.0901507203	-0.0968760708	0.1355593841	-0.0009170549	0.0355607841	-0.0593767974	0.096635536	-0.137307901	-0.1025357821	-0.1395039182	0.1987302552	-0.0437772967	-0.0370272857	0.0306158573	-0.043954362	-0.0517853182	0.132791326	-0.1065979514	-0.1176207849	-0.0207764149	0.1276161622	-0.0087669289	-0.020802005	0.0286147293	-0.0774858402	-0.0102441731	-0.0203178247	0.1056724285	0.150198326	0.0533782652	0.016114899	0.0012013697	0.0448631731	0.0638383096	-0.05835236	0.1658694507	-0.0887066913	0.0901580833	-0.1347686512	0.0227550033	-0.0086201417	-0.1389330007	-0.125462485	0.0777057561	0.0137871264	0.0337178739	-0.131124415	0.0256369134	-0.1604134378	0.0089904259	0.0668566424	0.0618120695	0.0523625486	0.0338306443	0.0596752884	-0.0209911697	0.0660654858	0.1566535577	0.1144551948	-0.0245453991	-0.0120502939	0.0110969538	0.0098158017	-0.1086029813	-0.1992492499	-0.1996279919	-0.0665729415	-0.1774049984	0.0374047608	-0.025498024	-0.0462003683	-0.0196814598	0.1307164248	-0.0608226788	0.0877343067	0.0008871166	-0.0318835352	-0.103556196	-0.0482898235	-0.0005237154	-0.0213320015	-0.093197788	-0.0199864242	-0.0509552436	0.07791875	-0.044126118	0.053283648	-0.0811390599	0.0637652785	-0.0525033454	0.0291990188	0.0924463265	0.0721425723	-0.0614751362	-0.1286377886	-0.0131246759	0.1306268476	0.0195980052	-0.0617558248	0.1075684372	-0.0734375552	0.1324033156	0.0230799112	-0.0449960313	-0.0746675401	0.1054714048	-0.0107567634	-0.0967591949	0.0804471025580966	0.0229061635184707	0.0005246923271349	0.0064717363099929	-0.0987725292858243	-0.0615262915691232	0.0037854845542487	0.009756012541519	-0.0372367846952954	-0.002878840320946	8.287721593505025e-06	0.0013865781344437	0.0028046757830333	-7.46264044689999e-05	7.866206247933455e-06	5.569100243970769e-09	-0.0004719796237904	0.0002072681667727	4.2960092957357233e-08	2.2276476527332754e-07	0.0007281630042009	-0.0001428170915555	2.0396721640372073e-08	5.3022136068688e-07	0.0	0.0	0.0	0.0	0.0	0.0	0.0	0.0	0.0	0.0	0.0	0.0	0.0	0.0	0.0	0.0	1.0	0.0	0.0	0.0	0.0	0.0	0.0	0.0	0.0	0.0	0.0	0.0	0.0
1092.8131553037113	1.2929757846311531	1194240.592404853	1.671786379642546	1537.4179334884202	-10.86038499146548	117.94796216284864	2363653.9022118044	1044.7452752148438	-0.7137444335937744	1091492.6900837396	0.5094311164860978	1086.4067906882806	1062.0838074659282	1.642137	32.114944	0.0831787574837214	0.0489493176163682	-0.0214661978	-0.0339316127	-0.1048226864	0.0413576163	-0.050016744	-0.0818236344	-0.0554442073	-0.0838207353	-0.0025567928	-0.0520601342	0.2301719949	-0.0605319926	-0.0139653775	-0.0294326517	0.026686666	0.0839015605	-0.0888968751	0.0323376998	0.1409831139	0.0084693462	-0.0482136548	-0.0493509441	0.066604307	0.0923780416	-0.1391263197	-0.115154119	0.012733342	0.0052524588	0.0044619692	-0.0559785871	0.0307725195	0.0694702148	0.0311423878	0.030873407	0.0592357331	-0.0647886743	0.0598988995	0.0858218118	0.0987729671	0.0086579346	-0.1352516564	-0.0553404745	-0.162137434	-0.0239191642	-0.0302821554	0.0322987509	0.0202267294	-0.0127972707	-0.1197682369	-0.0188887399	-0.0396245814	-0.0016083438	0.1376899772	-0.0710483888	-0.0364972216	-0.0422409866	0.0003513256	0.0670732079	0.0275373969	0.0573077304	-0.0338254658	-0.0490621076	-0.0154609274	0.0548259509	-0.1291592012	-0.120369234	0.0526691199	-0.0830952166	0.0776283037	-0.0699896521	0.093667488	-0.0761474447	0.0643295953	-0.0143714048	0.1468892234	0.029833533	-0.066267132	-0.0927855535	0.0930646961	-0.0540777239	-0.0025027996	0.0427349525	0.0413179517	0.0506378228	0.0084490196	-0.0601455962	-0.0077432449	0.1107352093	0.0407427216	-0.1728402327	-0.1197077947	-0.0615309211	-0.1139711874	0.0182350701	0.0020856273	-0.0071181284	-0.025436153	0.1212030524	0.0777910825	-0.0303711949	-0.0637099589	0.0499440617	-0.1295860541	-0.0550011421	-0.0777958053	0.0661050391	0.0427519072	0.0228421242	0.030851008	0.0999303665	-0.0293857684	0.1208131563	0.0630888879	-0.0290407417	0.0334126356	0.0812619232	0.0603597247	0.091090152	-0.0558850776	0.0207917207	0.0345513304	0.0012165314	0.0920480803	-0.027475524	0.0551497895	-0.1406358535	0.0616072383	-0.0131937347	0.000939314	-0.0251484809	-0.0533390164	0.1265356114	-0.0510935356	0.070256782	-0.009483207	0.0273119752	0.1589695926	0.0696358811	0.0199636411	0.1689059501	-0.0418863767	-0.0288004194	0.0267941963	0.0466737429	0.1187301164	0.0385016408	-0.079201618	-0.0373611492	0.0387889539	0.0765659541	-0.0449039045	-0.0469575846	-0.0714208455	0.1073250918	-0.019294242	-0.0910168938	0.089312437148493	0.0088653345903964	7.859415739967892e-05	0.0079767114294035	-0.0537592846166035	0.0450132446692208	0.0020261921956511	0.0028900606824889	-0.0341813906683512	0.0030553940269442	9.335432659886294e-06	0.0011683674680224	0.0025927261817865	-0.0002119496012468	6.722229053721203e-06	4.492263346867756e-08	-0.0006986694536068	-0.0002266898298163	5.138827894218838e-08	4.881390054032244e-07	0.0006419067513209	-8.625625288000008e-05	7.440141160898521e-09	4.120442773913517e-07	0.0	0.0	0.0	0.0	0.0	0.0	0.0	0.0	0.0	0.0	0.0	0.0	0.0	0.0	0.0	0.0	0.0	1.0	0.0	0.0	0.0	0.0	0.0	0.0	0.0	0.0	0.0	0.0	0.0
1093.1749388710296	0.3617835673182981	1195031.4469756791	0.1308873495815535	1544.6774860492558	7.259552560835573	52.70110338353432	2386028.5359074487	1046.7185916015626	1.9733163867188068	1095619.8100043589	3.893977562092968	1089.6090104004247	1069.727692066025	1.180157	23.080101	0.080648586924057	0.0412757564507549	-0.0028022933	-0.0730976464	0.0505362884	0.0654275527	-0.1361023664	0.0496008537	0.0652446392	0.0788503126	-0.0039577149	0.1008561597	0.0418455481	-0.082494902	-0.0748240964	-0.03064518	-0.0924418619	0.0618752783	0.0147728232	-0.1314995516	0.0326267121	-0.0800562609	0.1208724756	-0.1604308212	-0.0758234321	-0.0032219262	-0.0786797842	0.0371081876	-0.0243738475	0.1178672965	-0.0422999824	-0.0597093585	0.1136270779	0.0171734601	-0.0412928828	-0.0302801408	0.0565224199	-0.0377739375	-0.0234111183	0.0163350726	0.2347219215	0.0331305855	0.0546415029	0.0447041261	0.0006286386	-0.0002228271	0.0032381972	0.1253012789	-0.03157475	-0.0827173647	-0.0325837386	-0.0413700884	0.026397605	0.1213713063	0.0473245952	0.0221546555	-0.0914606284	-0.0296047228	-0.0891042093	0.0350112837	0.0710190245	-0.0813138757	-0.0293384447	-0.0139291684	-0.1246764073	0.0721717986	-0.0404646467	-0.0230508196	0.1584985059	-0.0889428178	-0.0395992875	0.1074441377	-0.0453717972	-0.0011891876	-0.0593100035	-0.0963898242	-0.0828906467	-0.0125629539	0.0153910226	0.0545355544	0.0572059823	-0.0508892465	-0.0946890101	0.1821973644	0.1404211996	0.0604238323	-0.0372929442	-0.048723986	-0.0448973032	-0.0200894511	0.0743064697	0.076892761	-0.1571137149	-0.0546713298	-0.0740032029	0.0178886363	-0.0545246262	0.0752541415	-0.1097615426	-0.028279321	0.1333049287	0.0020903298	0.0682041567	-0.0010309002	-0.0391899892	0.0377729164	0.0222905386	0.1250710233	0.084341571	-0.1011570197	0.036212646	0.0278022134	0.1988455596	-0.0224999833	0.0230929346	0.0130071232	0.0476752745	0.0515834037	-0.0122502957	0.0467761354	0.076810881	-0.0679274194	0.0353190109	-0.0743065395	0.1889742137	-0.0571702653	0.0302933328	0.0936429001	0.1012409657	-0.0241308941	-0.0227172029	-0.0503829483	0.0634335729	0.10494545	0.0669091657	-0.0014580445	0.0317593058	-0.1113511768	0.0824711226	0.0468555121	0.0527920195	0.0533794751	-0.0756062002	-0.0483020759	0.0198199742	0.0440089462	0.0911026968	0.0255487558	-0.0316424463	-0.0247933621	0.074234473	0.0465436993	0.0577319937	-0.0489014791	-0.0680667272	0.1088156246	-0.0277156827	-0.0844195428	0.087148411775118	-0.0021640253733749	4.683005816610798e-06	0.0075948456749255	-0.0868487155321844	-0.0330894309155809	0.001094910438317	0.0075426993895902	-0.0149402036073951	0.0192411870609561	0.0003702232795147	0.0002232096838304	0.0027178818688629	0.0001251556870764	7.386881853093691e-06	1.56639460075658e-08	-0.0008673182716121	-0.0001686488180052	2.8442423814584796e-08	7.522409842722004e-07	0.0008711811177221	0.0002292743664012	5.256673508867175e-08	7.589565398755275e-07	0.0	0.0	0.0	0.0	0.0	0.0	0.0	0.0	0.0	0.0	0.0	0.0	0.0	0.0	0.0	0.0	0.0	0.0	0.0	0.0	0.0	0.0	0.0	0.0	0.0	0.0	0.0	0.0	0.0
1091.6125998903422	-1.5623389806874002	1191618.0682393522	2.4409030905753446	1553.5459409905454	8.868454941289656	78.6494930456849	2413504.9907682	1045.1842388411458	-1.534352760416823	1092410.0931219452	2.3542383933987248	1088.323026233605	1056.1031337363245	1.242861	24.306391	0.1576571057158158	0.1117227097238336	-0.0089587509	0.0761765927	-0.0728724913	0.0446083394	-0.0514527595	0.1229530472	0.0520684372	-0.0689973499	-0.054430081	-0.0300160947	0.1199521282	0.0072161325	-0.0473031598	-0.0212557182	-0.031116772	-0.0127149774	0.0105767544	0.1042765596	0.0287175014	-0.0072722884	-0.0070469659	-0.0337312478	-0.1305787576	-0.0171022081	-0.0199917667	-0.1370005244	0.018172332	-0.0584371726	-0.1026905674	-0.1868497248	0.0273834033	-0.0445254404	0.0198094975	0.141340643	0.0373866998	-0.0453736849	-0.17138213	-0.0697192009	-0.0026467331	0.0547259716	-0.0947826754	0.1034549307	-0.0324564887	-0.005308893	-0.0342844834	0.0513283328	0.076813266	-0.0219824464	0.0824254318	0.0124064473	-0.0389875314	0.0516619676	0.1062870002	0.1923199901	0.1028714497	0.1069601953	0.0188584695	-0.0999994128	0.0179579235	0.1243674858	0.0472319524	-0.0478897559	0.0926521285	0.0384810705	-0.0844321421	0.0278658471	-0.0208838929	-0.0030380891	-0.0588320431	0.0642970594	-0.0894100637	0.0006327844	-0.1136033391	0.0123205551	0.0588284401	0.0773424909	0.019656113	0.0223225822	0.0750292635	0.0047904501	0.0122845705	-0.0553657106	0.1061380295	-0.0972174363	0.0120698296	-0.036474706	-0.0982182764	0.0996705153	-0.0267849698	0.0118904146	-0.1677579497	0.0756585629	0.0267337808	0.0228095758	0.1713291675	0.0547543508	0.0483594052	-0.055691488	0.0982384633	-0.039605047	-0.1572805786	0.0193238032	-0.0373355421	0.0310593106	0.0817084666	0.0326795619	-0.0344136124	-0.0360960057	-0.0657526321	0.0738781376	0.0222604136	-0.016736185	-0.1196859545	0.1044571272	0.1454143018	-0.1066607381	-0.0538575742	-0.0310987664	0.0821972714	0.0261281736	-0.1578612362	0.0135606872	-0.0779458569	-0.14416808	-0.0244490869	-0.0876465943	0.0493296504	-0.0152461899	0.0250775184	-0.0270186719	-0.1016846186	0.0503357441	-0.0089498947	-0.0484336849	0.0276098565	-0.0816205251	0.0228146759	0.0845285468	-0.0075769314	0.0948261745	-0.1594807476	0.0319710973	0.0163921013	0.0190013796	0.0675651153	-0.0953658306	-0.003821698	-0.0758866745	0.111819295	0.1760401639	-0.0006935139	-0.0508269837	-0.0646102301	0.1099379598	-0.035970438	-0.0770291202	0.0977448198555066	0.0105964080803886	0.0001122838642061	0.0095540498085854	0.0212635745128295	0.1081122900450139	0.0116882672587772	0.0004521396010626	-0.0343993329294534	-0.0194591293220583	0.0003786577139725	0.0011833141059913	0.0024978085965413	-0.0002200732723216	6.23904778495562e-06	4.843224519033713e-08	-0.0006979139218035	0.0001694043498085	2.8697833734074483e-08	4.87083842247142e-07	0.0008708731744852	-3.079432368999994e-07	9.482903715244915e-14	7.584200860379296e-07	0.0	0.0	0.0	0.0	0.0	0.0	0.0	0.0	0.0	0.0	0.0	0.0	0.0	0.0	0.0	0.0	0.0	0.0	0.0	0.0	0.0	0.0	0.0	0.0	0.0	0.0	0.0	0.0	0.0
1091.811925799347	0.1993259090047558	1192053.2813176785	0.0397308180005722	1537.3558938385477	-16.19004715199776	262.1176267839108	2363463.14432012	1044.2086080208333	-0.9756308203125172	1090371.6170648062	0.9518554975436752	1086.6428025260805	1056.20933755613	1.413897	27.651291	0.1678629161827283	0.1212680415372986	-0.0227357988	-0.1118177679	-0.0143265617	0.0403044017	-0.0011402837	-0.0659775321	-0.0042619477	-0.056141525	0.0662655801	0.1102503363	0.1136712725	-0.0230790137	-0.149836521	-0.036022442	0.0807822154	0.0035698333	0.0155626598	-0.0892205208	-0.0595633193	-0.0943504793	-0.1256264126	-0.0431052157	0.0552855104	-0.0795092402	0.0424794652	-0.062083363	-0.029961859	0.0256820532	0.032442728	0.0445379102	0.0610413653	-0.0127709619	-0.0363022753	-0.0194719372	0.195164945	0.1476504687	0.0426897739	0.0458336147	-0.0042010453	-0.0385149255	-0.0823984222	0.0065222054	-0.0671241103	-0.0733255306	0.0724095824	-0.0714017417	-0.049509724	-0.0483415028	0.1758145626	-0.0464315292	-0.0008841636	-0.2170286009	-0.0392013444	0.0299667784	-0.0704134852	0.1085093003	0.0351223951	-0.0487459705	0.0184861574	-0.0345029872	-0.0283565717	-0.0333949058	0.181684721	0.0070612995	0.0652887502	-0.0252919554	0.0235769053	-0.0077372121	-0.025567467	-0.0553624784	-0.1703230283	-0.050210632	0.0463310593	0.0396867516	-0.0070161167	-0.0600841541	-0.1099470108	0.1039191514	-0.0251765641	-0.0098778948	-0.1058499905	-0.0163741183	-0.0624454129	-0.0486892984	-0.1278127236	0.0536599804	-0.050829929	0.0518935773	0.0323191622	-0.0607429421	-0.0418371889	-0.1019429756	-0.0788055074	0.127668636	-0.0740480986	-0.1572183394	-0.0636549476	-0.016477041	-0.0004866138	-0.0743691953	-0.0239904549	-0.0753985387	-0.0335721736	-0.0684789982	-0.0099100822	-0.1098844614	0.0934484359	-0.0347163006	-0.0861590642	0.016395844	-0.1140972867	-0.0562165232	0.0091333644	0.0021437865	-0.0150689391	-0.013238373	-0.1659019171	-0.072211013	-0.0863697355	-0.0721389796	-0.0824510305	-0.1505374834	-0.1447248544	-0.0569184506	-0.0447107255	-0.0737943061	0.0548032864	-0.0295650706	-0.0521899024	0.000279372	0.0389087617	0.1512195744	-0.039150955	-0.03777119	-0.0556249344	-0.0285392151	0.0945489034	-0.0003543673	0.0485461816	-0.0660085825	0.1672608687	-0.0318124729	0.0996080509	-0.1179428188	0.0437977856	0.0619414047	0.0440431372	0.0620214826	0.1079907048	-0.0178200287	-0.0341311056	-0.0527333744	-0.0610565531	0.1106882998	-0.0440088629	-0.0689150546	0.0731125747438454	-0.0246322451116612	0.0006067474992409	0.0053454485856743	-0.0963674323258629	-0.1176310068386924	0.0138370537698844	0.0092866820130797	-0.0171307413147587	0.0172685916146947	0.0002982042563551	0.0002934622979931	0.0024092735432314	-8.853505330990016e-05	5.804599006114784e-06	7.838455664586863e-09	-0.0006199522319068	7.796168989670008e-05	6.078025091549227e-09	3.843407698462227e-07	0.0008707484653382	-1.2470914700002042e-07	1.5552371345472703e-14	7.582028898888305e-07	0.0	0.0	0.0	0.0	0.0	0.0	0.0	0.0	0.0	0.0	0.0	0.0	0.0	0.0	0.0	0.0	0.0	0.0	0.0	0.0	0.0	0.0	0.0	0.0	0.0	0.0	0.0	0.0	0.0
1094.0215069141018	2.209581114754883	1196883.057590602	4.882248702681431	1543.688948662155	6.333054823607426	40.10758339881729	2382975.570221669	1046.3775862239584	2.168978203125107	1094906.0529518777	4.704466445631818	1088.7562353153746	1060.2008253931408	1.554629	30.403566	0.1148148843068488	0.0563309193096641	-0.0279595054	-0.0083353762	0.128724223	0.0649153612	0.0183203779	-0.0437707627	0.0038414294	0.0295123315	-0.0559140605	0.0684079575	-0.0066153845	-0.0936341637	-0.0841026829	-0.0434628398	-0.0202193937	0.0225844909	-0.050618186	-0.1978263932	-0.0044570938	-0.0834147656	0.0242602421	0.1065713128	0.0112616409	-0.0297296636	0.0873452534	-0.0898819009	-0.1366423727	-0.0370300234	0.114292348	0.0551720589	-0.0401423983	0.0481137575	0.0017398417	0.0451657947	0.0056391038	-0.0083340542	0.0155444282	0.039903068	0.0197666207	-0.1085246166	-0.0390324563	-0.2261309223	-0.0674135615	0.0263437822	0.1010382651	0.1188562204	-0.1581400397	-0.0356950131	0.0166584405	-0.1185416704	0.1081848843	0.1147818431	-0.0404369667	-0.076669824	0.0442744966	-0.0676550125	0.0198488352	-0.0521999895	0.2183006013	0.0401254528	0.1097424757	-0.0869422176	-0.086942995	0.0122346875	0.0455598814	0.0067785287	-0.0120907727	0.0382278561	-0.1037506864	0.004169154	0.0427127471	-0.039148376	0.0423206112	-0.0420716267	-0.0910684806	-0.0280972115	0.0387382708	-0.0215180864	0.0593695554	-0.1400820013	-0.1281716311	0.0255386996	-0.1215925362	-0.1211920113	-0.1102159366	-0.0603607707	-0.0399507143	-0.003042374	0.0304425549	-0.0775438586	0.065884524	-0.0301871978	-0.0602603518	0.0238668831	-0.0745466905	-0.0303490205	0.0689676371	0.0855413605	0.040049681	-0.0142723128	0.1051999939	0.0927856584	0.033841312	0.0260744493	0.004708735	-0.0832495025	0.0855347867	0.1256136504	0.0482651829	0.0546903779	0.0862473759	-0.0633145987	-0.0905975786	-0.2431451986	-0.0413823893	-0.0566469458	0.0440910177	0.1749032632	0.1573309233	-0.0124813163	-0.0624033893	0.041804849	-0.0098323506	-0.0597914044	-0.0417834506	-0.0699073296	-0.0491477106	-0.0247254268	-0.0540624879	-0.1365065207	0.0806774567	-0.0171196982	0.0955485369	0.0799192882	0.03550076	0.0642246175	-0.0369308289	-0.0633080339	-0.0160283774	0.1199366958	-0.0587116849	0.0217412079	-0.0805704337	0.0448508056	0.0548319661	0.0177812221	-0.130228291	-0.1125079438	0.0222086919	0.0280090162	0.049024823	-0.0546199342	-0.0574110412	0.1110641056	-0.0517826133	-0.0601535728	0.080606259726224	0.0074936849823785	5.615531461512649e-05	0.0064973691070514	-0.0904721265399786	0.0058953057858842	3.475463030908081e-05	0.0081852056806659	-0.0512685231994396	-0.0341377818846809	0.001165388152006	0.0026284614710514	0.0030250713824137	0.0006157978391823	9.151056868698331e-06	3.792069787415898e-07	-0.0002927927209299	0.0003271595109769	1.0703334562264437e-07	8.572757742953428e-08	0.0004679435824193	-0.0004028048829189	1.6225177370330878e-07	2.189711963274082e-07	0.0	0.0	0.0	0.0	0.0	0.0	0.0	0.0	0.0	0.0	0.0	0.0	0.0	0.0	0.0	0.0	0.0	0.0	1.0	0.0	0.0	0.0	0.0	0.0	0.0	0.0	0.0	0.0	0.0
1093.3718035698478	-0.6497033442540214	1195461.900841582	0.4221144355348595	1557.9807502837564	14.29180162160128	204.25559359120496	2427304.0182547364	1046.2226014778646	-0.1549847460937599	1094581.7318431106	0.0240202715217472	1089.3530301874982	1059.1433322117132	1.392749	27.237703	0.0711356631340183	0.0464351792448091	-0.0319023112	0.1053219489	-0.0810749136	0.1207908586	-0.0205451851	0.0328475877	0.0672081309	-0.0315690436	-0.1015634359	-0.1540477461	-0.0598221488	0.0627999157	-0.047954386	-0.0582313727	-0.0768907472	0.0052781405	0.0587251444	0.0325970993	0.0146991638	-0.0804225821	0.019204901	0.097753976	0.1157750291	-0.0424292917	0.0391538167	-0.1263606199	0.0330815184	0.1226196477	0.0006792367	0.0497614064	0.0012706076	-0.0157411435	-0.0954887577	-0.0152162391	0.0129658806	-0.0714677379	0.0028150501	-0.10712822	-0.0852146378	0.1216015051	0.0029422964	-0.0341041184	-0.0616423947	0.0120531023	0.1041145173	-0.0437194161	-0.1378279697	0.0664540458	-0.0206192233	0.0783693743	0.0029160127	0.0783655925	0.0962090308	-0.0099852081	0.0664025043	0.0460422403	0.1107885607	0.0496317912	-0.1558864464	0.0415869778	0.0350725552	0.0207975634	0.0450123465	-0.0946192286	-0.0910369961	-0.0763781803	0.0721173504	-0.0450276566	-0.0328774719	0.011932047	0.0220240566	-0.0420933293	-0.0562428579	-0.0442436511	-0.0022569209	0.1005612216	-0.0012256594	-0.0518153495	-0.0107379929	0.0005413506	-0.0723461303	-0.0038991743	-0.0642567591	-0.0046419772	-0.1502503131	0.0831202014	0.1276585204	-0.0166555296	0.0812043273	0.005899467	0.0024130922	0.1053603569	0.064024465	-0.0191724609	-0.0068390935	0.1163711275	-0.0045760724	-0.076420884	-0.0760437132	0.0269040706	-0.042131681	0.0161776592	-0.0581859474	-0.0129720078	-0.0277331317	-0.1893056442	0.119636865	0.1595519804	-0.0104747395	0.0457068547	0.0218036417	0.0992711518	0.035113296	0.1145212853	-0.0077883738	0.0222696952	0.0795399478	-0.0255180982	0.0290522184	0.0768628539	-0.003779509	0.0283067653	-0.0662687535	-0.0008917104	0.0352103135	-0.0729842828	0.0368571424	-0.0240529622	-0.0381568598	-0.1254384258	-0.1065981212	0.0026968198	-0.0530526818	-0.0439349005	0.0385188655	-0.0518106861	-0.0604309732	0.0086332708	0.1218857425	-0.0650657477	-0.004537886	0.0697335101	0.0714164841	-0.0828147762	-0.0382776966	-0.0121428503	-0.0472085823	0.0255924565	0.0257198899	0.0249412343	-0.0703257071	-0.0564859537	-0.0536791777	0.1110641056	-0.059244937	-0.0508269837	0.0729981177906751	-0.0076081419355489	5.788382371145778e-05	0.0053287252009812	-0.049829521122902	0.0406426054170766	0.0016518213750881	0.0024829811753377	-0.0515238723904474	-0.0002553491910078	6.520320934833884e-08	0.0026547094261071	0.0026515517681102	-0.0003735196143035	7.030726778968327e-06	1.395169022694355e-07	-0.0002138802462969	7.891247463299997e-05	6.227178652703864e-09	4.5744759756022615e-08	0.0004677843395481	-1.5924287119999493e-07	2.5358292028018172e-14	2.188221883264521e-07	0.0	0.0	0.0	0.0	0.0	0.0	0.0	0.0	0.0	0.0	0.0	0.0	0.0	0.0	0.0	0.0	0.0	0.0	0.0	0.0	0.0	0.0	0.0	0.0	0.0	0.0	0.0	0.0	0.0
1093.2109897106486	-0.1608138591991519	1195110.2680241358	0.0258610973105246	1545.2199932403823	-12.760757043374042	162.83692032002023	2387704.8275098074	1046.0426044205728	-0.1799970572917573	1094205.130262975	0.0323989406336921	1088.9252121627053	1064.310364499703	1.446214	28.283308	0.0563740118509327	0.0299578920466961	0.0023133004	-0.1037005371	-0.0122742051	0.0945165883	-0.0115851223	-0.0233761941	0.0023161417	0.0685971646	0.0234164715	-0.0047367289	0.0065279232	0.0518539676	-0.1315079722	-0.0030508253	-0.0565531257	-0.0637437167	-0.0350818517	-0.0167789631	-0.1120007363	-0.0511707838	-0.073679894	0.0211429854	0.0189439063	-0.0556968954	0.0051631855	-0.0183504544	0.1888391603	0.0265649154	0.0689018354	-0.0159588753	0.0609817844	-0.2796391182	-0.1138562217	0.1376152569	-0.0189340864	-0.0933999526	0.0396866203	-0.0090073231	-0.0401847606	-0.0049004207	0.0218247329	-0.0900592415	-0.047976695	-0.0296077053	0.1039189559	-0.0780958141	-0.0772419071	-0.0469295679	0.0036184758	0.0330613519	0.0180595099	-0.074413714	-0.0790331773	0.1101577161	0.0172370234	-0.050641512	-0.0231591843	-0.0450565182	0.0022336386	0.0748591224	0.086736512	-0.1177483807	-0.0327615039	0.0050968511	0.0502710681	-0.0900983824	0.1093612081	0.0171492622	0.0735865837	0.009109296	0.1241612191	-0.0148471089	-0.034116591	-0.0448105149	-0.0063029274	-0.0898306431	-0.0516103202	-0.0059609151	-0.1096673896	0.0275463989	-0.0429279783	-0.1091221091	-0.0552499661	-0.0169762236	-0.0484425269	0.0314798982	0.1505256378	0.1145070144	-0.0318280797	0.0391611236	-0.0282652821	0.0788488481	-0.0982633274	0.1516708131	0.1644248938	0.1525861424	-0.0274212655	0.0182787234	-0.0637431599	-0.1091452084	0.123814399	0.0573251325	-0.0134106046	-0.0431712461	-0.0094808001	-0.0858048804	0.0103950479	-0.0206672872	-0.0643673672	-0.0535378608	-0.0981362966	-0.1213406509	0.0470067373	0.0819366257	-0.0924630516	-0.0349224713	-0.0303445322	0.1425486662	0.0557308827	-0.0013049902	-0.0636337776	0.0373478181	0.0605745486	-0.0715824854	-0.1074091594	0.0705543368	-0.0176846166	-0.0189611152	-0.0072046056	-0.115918186	0.103735335	0.0895661113	-0.0647239175	0.0515239182	-0.0041589701	0.0964237455	-0.0032021409	-0.0567847671	0.0461383738	-0.0018619672	0.017426198	0.0393717768	-0.1312597234	-0.145606255	-0.0865584387	-0.0010597955	-0.0292095144	-0.0465765809	0.0263047614	0.0055232612	-0.0519020949	-0.0583307311	-0.0498665756	0.1106882998	-0.0663509546	-0.0410229053	0.0728769643028215	-0.0001211534878535	1.4678167619089909e-08	0.0053110519259947	-0.0559614487426785	-0.0061319276197764	3.760053633417785e-05	0.0031316837453794	-0.0574066882084451	-0.0058828158179976	3.4607521948483914e-05	0.0032955278510616	0.003101659646831	0.0004501078787208	9.620292564779804e-06	2.0259710248653845e-07	-0.0004990434707234	-0.0002851632244265	8.131806456531841e-08	2.4904438567165704e-07	0.0006172755349069	0.0001494911953588	2.234761748980293e-08	3.810290859945996e-07	0.0	0.0	0.0	0.0	0.0	0.0	0.0	0.0	0.0	0.0	0.0	0.0	0.0	0.0	0.0	0.0	0.0	0.0	0.0	0.0	0.0	0.0	0.0	0.0	0.0	0.0	0.0	0.0	0.0
1092.547485856705	-0.6635038539436664	1193660.0088518069	0.4402373641980981	1559.9026664460944	14.682673205712035	215.5808924657341	2433296.328785635	1045.3684715755207	-0.6741328450520996	1092795.2413641403	0.4544550927780381	1088.948055078558	1056.3502450472313	1.396865	27.318203	0.0955011389168147	0.0638291389250418	-0.0212884408	0.0460271202	0.1105198875	0.0498114896	-0.0010321325	0.0645778182	0.0882982798	0.0309576002	-0.0901152238	0.0748681366	-0.0884184718	0.028918576	-0.0446569139	-0.0127468789	-0.0219633116	0.0263846687	-0.0392059908	0.0112313785	-0.0452807167	0.0947394566	0.1385613843	0.0787828772	-0.0056082598	0.0030791642	0.0306101647	-0.0578473429	-0.028308502	0.2342819383	0.063908642	0.1331370689	0.0708766776	-0.035488646	0.0284632282	-0.015938373	0.0594454311	0.0278576831	0.0352751773	0.0251888259	0.1038571948	-0.1196625882	0.0281353177	-0.0099323496	0.0306031875	0.0277949188	0.0359295846	-0.1160712278	0.0215642236	0.0413159707	0.0005551847	0.0868702005	-0.0127368282	0.0150658471	0.1275986256	-0.0526088017	0.0548080976	-0.0170469349	0.1662472653	-0.0466707186	-0.0258801514	0.0762868041	0.0412981336	0.0968921844	-0.0796650696	0.0386232237	-0.0983338347	0.0296124737	0.0925526876	0.0511832631	-0.0806538216	-0.0536878708	0.0096119777	0.0009002305	-0.0570239992	-0.0184293642	-0.0192090266	0.0041567963	0.1674688558	-0.000810493	-0.0072300619	-0.0658534483	0.0582545551	-0.0019320804	-0.0119495368	0.0355263676	-0.0692136054	0.016134545	0.1607204834	-0.0740954139	0.1564659543	0.0235167031	-0.0036769557	-0.0738624436	-0.0906839626	0.0331094758	-0.0040797673	0.0071140882	0.0391548827	-0.0557393665	0.1066983292	0.0353044859	0.0398490756	-0.1223897008	-0.0019685879	-0.0842805709	-0.110784308	-0.1122997439	-0.006838332	0.0247788981	0.0641768333	-0.0033514894	-0.0365120446	0.1681498035	-0.1203162685	-0.012919237	0.0053770515	0.0708609487	0.139066063	0.0067751518	0.0889361844	0.0011432335	-0.0954857876	-0.0242107934	0.0039850373	-0.0154430938	0.0726695973	-0.0041511542	0.0567650886	-0.0236782333	0.0152559802	-0.1142264414	0.0230893867	-0.0655723159	0.0731581163	-0.0047185929	0.0198555169	0.0093616729	-0.1110190169	-0.041135183	-0.069327413	0.0038112646	-0.0218327625	-0.0264847877	-0.0399862694	-0.0765529351	-0.1860266738	-0.1216149679	-0.037593966	-0.0263361337	0.0860236164	0.0661530888	-0.0568656294	-0.0601535728	-0.0459789694	0.1099379598	-0.0730579298	-0.0308334408	0.0706715880395876	-0.0022053762632339	4.8636844624355285e-06	0.0049944733560371	0.0056809962667472	0.0616424450094257	0.00379979102674	3.227371858279562e-05	-0.0689941977416452	-0.0115875095332	0.000134270377182	0.0047601993220132	0.0032681100987798	0.0001664504519488	1.0680543617746515e-05	2.7705752953959872e-08	-0.0003119139653615	0.0001871295053619	3.5017451776989394e-08	9.7290321787535e-08	0.0006650117398153	4.773620490839997e-05	2.278745259056749e-09	4.422406140921723e-07	0.0	0.0	0.0	0.0	0.0	0.0	0.0	0.0	0.0	0.0	0.0	0.0	0.0	0.0	0.0	0.0	0.0	0.0	0.0	0.0	0.0	0.0	0.0	0.0	0.0	0.0	0.0	0.0	0.0
1092.3994138432324	-0.1480720134725288	1193336.4793650378	0.0219253211738087	1547.8543093679712	-12.048357078123216	145.16290828196185	2395852.963028999	1045.2541957617188	-0.1142758138018962	1092556.3337574776	0.0130589616200856	1087.9156205121208	1058.5300110416947	1.323523	25.883867	0.0846431344184932	0.0442284191424552	-0.0331178669	-0.0087645826	-0.0952944929	0.0525229853	0.0424320375	-0.0644500882	0.0269363935	-0.0588779245	0.0096680846	-0.0835712722	0.053795044	0.079575404	-0.0279149836	-0.0577344654	-0.0035969436	0.0586389712	0.0095952503	0.0780041533	0.0163626867	-0.0437353171	-0.0122478698	-0.0208722268	-0.0194572601	-0.0925843951	-0.0523159514	-0.038897068	-0.0506874207	0.0597785925	0.0895505634	0.082071061	0.1103576019	-0.1318628269	0.1354095361	0.0626656359	-0.0645777224	0.0457457477	0.0808634839	0.1055327984	-0.0698507344	-0.0256098346	-0.1944012391	0.0115488558	-0.0386601587	0.1482425834	-0.034312449	-0.0616926356	0.0113709754	0.0969507785	0.0655383346	0.0022561458	-0.0524280331	0.0361451278	0.0636250844	-0.1122213493	0.081795716	-0.1343900651	-0.056596967	-0.0153701131	-0.090576494	0.0274125098	-0.1772347977	-0.0029957603	0.1197753313	0.0118451927	-0.0932286211	-0.0728743594	-0.1445093316	-0.0889481141	0.112044795	-0.0169122593	0.0718848654	-0.0752155965	0.0296026277	-0.0222983791	0.0675181058	0.0398720917	-0.0320802487	-0.0120671304	0.0233371261	0.06263758	-0.0196980026	-0.1200680747	0.0245000847	0.0611978675	-0.0695650747	-0.107255274	0.073726225	0.0124663213	0.0672596553	0.0605129834	0.0666064961	-0.035935001	-0.1632214157	0.0138723795	0.1155903267	-0.0573651736	0.0724042094	0.0292116179	0.1092930328	-0.0108146226	-0.1341442513	-0.0020102937	0.099665094	-0.1725251137	-0.1616211859	-0.0589616209	-0.0068372969	0.1196804286	-0.0917059639	-0.0212828653	0.0075200305	0.0680506476	-0.0161548338	0.0156204544	-0.0653745908	-0.0331635282	0.0570181214	0.0883847268	-0.1587655911	-0.0813609273	0.1222641237	-0.011573087	0.0352728893	-0.0014463786	0.0390250031	0.0156265022	0.0524798592	-0.0313474132	0.0194290475	-0.0664217198	-0.0764668896	0.0963417082	-0.0648958239	-0.0428968631	0.0356929228	0.1497110934	-0.0267369168	-0.048748876	-0.0323295617	0.080064877	-0.1409921518	-0.0943262033	0.0030190232	-0.0251899078	-0.1468577692	-0.0434663595	0.1231698271	0.0303396938	0.1029169965	0.0047363757	-0.1100462223	-0.0619537931	-0.0420222065	0.1088156246	-0.0793255261	-0.0203543145	0.0730915457812813	0.0024199577416936	5.856195471583238e-06	0.0053423740646971	-0.0002223538884038	-0.005903350155151	3.484954305432133e-05	4.9441251688289546e-08	-0.0589817791757667	0.0100124185658784	0.0001002485255383	0.0034788502747389	0.0029409274827919	-0.0003271826159879	8.649054459040702e-06	1.0704846420468569e-07	-0.00060899176589	-0.0002970778005285	8.825521956685126e-08	3.7087097092182057e-07	0.0013668994824143	0.0007018877425989	4.926464032107199e-07	1.8684141950244809e-06	0.0	0.0	0.0	0.0	0.0	0.0	0.0	0.0	0.0	0.0	0.0	0.0	0.0	0.0	0.0	0.0	0.0	0.0	0.0	0.0	0.0	0.0	0.0	0.0	0.0	0.0	0.0	0.0	0.0
1091.587378698519	-0.8120351447134908	1191563.0053339037	0.65940107624986	1545.7554861065476	-2.098823261423604	4.405059082692814	2389360.022828489	1044.977767578125	-0.2764281835939073	1091978.5347325618	0.0764125406850269	1088.2333986996491	1068.4429234852266	1.375683	26.903963	0.0579726290015352	0.0304096003723779	-0.0411988874	-0.0977129613	0.0773483038	0.0322070774	-0.1292852751	-0.0037810464	0.0558556845	0.102059756	-0.0019219123	0.0691230183	-0.0429236999	-0.0321023069	-0.0163417982	-0.0518026305	0.0228554997	-0.0024023196	-0.0720806433	-0.0885774832	-0.1175823951	-0.1671808143	-0.0979836513	-0.0418471772	-0.124005774	0.0064121438	-0.0818854376	-0.0724024281	-0.0098223057	0.0784154397	0.0173021811	0.1121626185	0.0096283411	0.028637286	-0.0436743777	0.03593303	0.0641134184	0.0295642101	-0.0596399747	-0.0054047694	0.0556302556	0.0911050722	-0.1089955701	0.0255568372	-0.0996611785	0.0338970157	-0.0205571901	0.186708557	0.0003123423	-0.0709368874	0.0544058758	0.0394164917	0.0934092065	-0.0012148508	-0.1216606179	-0.0059448854	0.0187299664	0.1706094153	-0.0794177893	-0.0305475002	-0.1535380351	-0.1381967114	-0.1740215765	0.082234848	-0.0372169868	0.1622797966	0.0294873023	0.0614716826	-0.0794515366	0.0563685761	-0.0354093616	-0.0329010867	-0.0160838228	-0.0268992438	-0.0113427942	-0.0002892736	-0.0806292523	-0.1213545513	0.0125599531	0.1324666611	0.0103703632	-0.0985917525	-0.1724532204	-0.0484024663	0.133430564	-0.0638120334	-0.0286410442	-0.0328446462	0.0425141944	0.0527937498	0.1235350679	-0.0260715321	0.026541649	0.0230288038	-0.0371582152	0.0135480746	-0.0203141751	-0.033088554	-0.0071562478	0.0342745052	0.0821518969	-0.0566537121	-0.1161555627	-0.0016465384	-0.110240687	0.1710128298	0.0958197564	0.0050698403	0.1014216041	0.0173062052	-0.0926480281	0.004683571	0.0763682571	0.0076564147	0.0231449982	0.0871594542	-0.0238147253	0.0187690972	-0.1744480182	-0.0691670552	-0.166100117	-0.074882369	-0.0999414057	0.0080546298	0.0611909129	0.2206787942	0.0388535506	0.0790005997	-0.0754935588	-0.055603131	-0.0023103509	-0.0216029005	0.0891758226	0.0691747835	0.0829157256	-0.0093818427	-0.01011951	-0.011777825	-0.0500484967	0.0835777377	0.0393578351	-0.0256483785	-0.1247298713	-9.07886e-05	0.092515765	-0.110184071	-0.1192451681	-0.0770535492	0.1118713794	0.0412590995	0.2121353419	-0.0508080002	-0.0616977295	-0.0637307152	-0.0380022381	0.1073250918	-0.0851160492	-0.0096839714	0.078928598931256	0.0058370531499747	3.4071189475629664e-05	0.006229723729251	0.0124172232454924	0.0126395771338962	0.0001597589101237	0.0001541874331283	-0.0342723160827773	0.0247094630929893	0.0006105575663438	0.0011745916496777	0.0029938471334522	5.291965066029974e-05	8.963120658479954e-06	2.8004894260081627e-09	-0.0006093178319654	-3.260660753999631e-07	1.063190855267344e-13	3.712682203510154e-07	0.0011244144866565	-0.0002424849957577	5.8798973167660217e-08	1.2643079378030006e-06	0.0	0.0	0.0	0.0	0.0	0.0	0.0	0.0	0.0	0.0	0.0	0.0	0.0	0.0	0.0	0.0	0.0	0.0	0.0	0.0	0.0	0.0	0.0	0.0	0.0	0.0	0.0	0.0	0.0
1090.5673768878078	-1.0200018107111646	1189337.2035319535	1.0404036938540544	1556.2844657832964	10.528979676748804	110.85941303338936	2422021.3384384	1044.2266981054688	-0.7510694726561269	1090409.39703625	0.5641053527559525	1087.242433541206	1044.587234998057	1.662025	32.503887	0.1602265952606245	0.0941264800398458	-0.0688701872	0.1365127963	0.0071465072	-0.0100601254	0.0144543047	0.063360149	0.0842982419	-0.071962746	-0.1063299092	-0.0206352248	-0.1018172848	-0.0052998212	-0.0365342337	-0.0584936768	0.0652457932	0.0062251149	0.0452691452	0.1283701271	-0.1334850373	-0.1198443801	-0.0556210898	0.0662995012	-0.0739934377	0.0598501785	-0.1042601459	0.1050231611	-0.2658771012	0.0488430289	-0.0067935342	-0.1243526598	0.0340452609	0.1206607326	-0.0260869379	0.1111867091	-0.0367606383	0.0097083815	0.1525593808	-0.1214810938	-0.0915989327	-0.0153424028	-0.0813443428	-0.078203045	0.0200583217	-0.0295167333	-0.0301127601	-0.022098017	0.025805727	0.1366683911	-0.0961367101	-0.1090426775	-0.0514582035	-0.1904638992	-0.0220218563	0.003293707	-0.0816218784	0.0841194512	0.0077714014	-0.1318867798	0.0045660142	0.0992887994	0.0647604342	-0.0069195599	0.143680641	-0.0439108982	0.0515018373	0.0369810948	0.0465701237	-0.027520185	0.070055664	-0.046339357	-0.06596363	-0.0410319656	-0.0642392837	0.0787798221	0.0494778105	0.0760284338	0.0399637195	0.1720569461	0.0315193045	0.0132974622	-0.1388906901	-0.1067531397	0.0054771568	-0.0569385986	0.0879054749	-0.2140216108	-0.0867905341	-0.1583188757	0.093424553	0.0219999464	-0.026558812	-0.0221044107	0.0762905606	-0.0897365086	0.0249506052	-0.0015968725	-0.0487327803	0.1310082876	-0.2078832605	-0.1569201759	-0.0856941696	-0.0822540041	0.0245802732	-0.0202261198	-0.0165967903	0.0049948433	-0.0098439885	0.067123079	0.1117442701	0.007989891	-0.1623145547	-0.0386313518	0.0551086849	-0.106248168	0.1052763297	-0.1228686536	-0.0157918752	0.0024015833	-0.0558418256	0.0200791987	-0.0454381662	-0.0211162007	-0.1447946415	-0.0078871856	-0.0681651311	-0.0387165871	0.1156730075	-0.0724593809	-0.0656651368	-0.0162664854	-0.1270581903	-0.0501270981	0.0278556123	-0.0527549665	0.0742774229	0.0480412055	-0.0170144339	-0.0264298012	0.0205979261	0.0222739941	-0.0318884944	-0.1495852039	-0.0189286268	-0.0840698716	-0.0445245039	-0.0415004707	0.1251607391	0.096261718	0.0634887908	-0.0929240975	-0.0843425968	-0.0654836707	-0.0339251109	0.1054714048	-0.0903946745	0.0010773469	0.0921956732892255	0.0132670743579694	0.0001760152620198	0.0085000421732536	-0.0736257363201389	-0.0860429595656313	0.0074033908908128	0.0054207490486826	-0.0343175198770495	-4.520379427219723e-05	2.043383016603131e-09	0.0011776921705116	0.0027500256782987	-0.0002438214551534	7.562641231302224e-06	5.9448901993170175e-08	-6.204007334686956e-05	0.0005472777586185	2.995129450785224e-07	3.848970700884955e-09	0.0006980865495735	-0.000426327937083	1.8175550993744648e-07	4.873248306954346e-07	0.0	0.0	0.0	0.0	0.0	0.0	0.0	0.0	0.0	0.0	0.0	0.0	0.0	0.0	0.0	0.0	0.0	0.0	0.0	1.0	0.0	0.0	0.0	0.0	0.0	0.0	0.0	0.0	0.0
1091.5142771427993	0.9469002549915332	1191403.4172065677	0.8966200929030304	1542.780426441303	-13.504039341993348	182.35907855010413	2380171.4442104087	1045.3370215885416	1.1103234830727615	1092729.488703603	1.232818237062829	1088.1485537631393	1054.8943762483284	1.484959	29.041044	0.0669336881755174	0.0367749545062724	-0.085921103	-0.0166277819	-0.0914937024	-0.0171329288	-0.0696776299	-0.0674894941	0.0322643985	-0.0672181902	0.0045052611	-0.0280149399	0.0701719218	-0.030534822	-0.0681942814	-0.0782502322	-0.0667241714	-0.0117285107	-0.0139527573	-0.0195817824	0.0483498949	-0.0567365192	-0.1492914378	0.1474943546	-0.0112111381	0.1312845448	-0.0052336566	0.1146673307	-0.0431107103	0.1065344236	-0.1301392442	0.0011539852	-0.1078194537	0.1166004797	0.1051225819	0.0534379693	0.010493391	-0.1249664034	0.0999235216	-0.1687546833	0.0298772783	-0.0207268698	-0.0261838389	-0.0151424478	0.1616390833	-0.0823157307	0.0098484295	0.0357940731	0.05646941	0.1566545899	0.0344194196	0.0579834275	0.0559742615	-0.0544761085	-0.0146205256	0.0090436175	0.1028294707	0.0404934661	0.025148986	0.1103943349	-0.0657058079	-0.0238837374	0.1144530083	0.0469942946	-0.0008205068	0.0068417359	-0.0066068427	0.0326690765	0.1293765436	-0.0347792043	0.0003236837	0.253876064	0.1055983509	-0.083417207	-0.0173247188	-0.0283089174	-0.0070369227	0.0364813142	-0.1389745152	-0.0808901259	0.0086425391	-0.1238816029	-0.0863891618	-0.0665171319	-0.0074078935	-0.0048205347	0.1730341049	0.0642780013	-0.0077837614	-0.1640405782	0.0740045879	-0.0629410375	-0.0362983271	0.04365087	0.0179493215	-0.2000780362	0.0324488428	0.0010689768	0.0691474667	0.0789775074	-0.1296252103	-0.0719237551	-0.0574359566	-0.1640643943	0.0521341536	0.0892241844	0.0678236894	0.0135770283	0.0293121762	0.0236505976	0.1054675527	-0.0679257424	-0.0414353879	0.0430402965	-0.0641542366	0.0548382517	-0.1638841546	0.0499478266	0.0232798062	-0.0130404273	0.1252758883	0.0394843147	-0.0157477359	-0.035335025	0.011278973	-0.0212612198	-0.0664096904	0.1952476065	0.1121802818	-0.0854762146	-0.0900910431	0.0353497908	-0.0159445049	0.0142756757	-0.0567882276	0.1747817199	-0.0393171878	0.0464358298	0.042598747	0.003304298	0.0542222295	0.0419346464	-0.0677842004	-0.0358928432	-0.0402253852	-0.0755611243	-0.0681938747	-0.0406354534	0.0506154492	0.0123759976	0.0034625663	-0.0922742269	-0.0584596413	-0.0672120005	-0.029796957	0.103260836	-0.0951296555	0.0118285441	0.0745666570164047	-0.0176290162728207	0.0003107822147473	0.0055601863386021	-0.0734802912184733	0.0001454451016656	2.115427759851688e-08	0.0053993531975516	-0.0339623270641169	0.0003551928129326	1.261619343589733e-07	0.00115343965961	0.0030269955535328	0.0002769698752341	9.162702081107343e-06	7.671231178719304e-08	0.0001292888195327	0.0001913288928795	3.6606745250521806e-08	1.6715598856159072e-08	0.0001903046379252	-0.0005077819116482	2.578424697972019e-07	3.6215855215841467e-08	0.0	0.0	0.0	0.0	0.0	0.0	0.0	0.0	0.0	0.0	0.0	0.0	0.0	0.0	0.0	0.0	0.0	0.0	0.0	0.0	0.0	0.0	0.0	0.0	0.0	0.0	0.0	0.0	0.0
1092.2994514372951	0.785174294495846	1193118.0916102158	0.6164986727370495	1550.3839062198465	7.603479778543487	57.81290474271973	2403690.2566655097	1044.7848401497397	-0.5521814388018811	1091575.362206717	0.3049043413573155	1087.8924646714154	1058.9777497909038	1.12131	21.929228	0.077034238578024	0.040833593551513	-0.0848343363	-0.0923937355	-0.0316662457	-0.0029241896	-0.0273642653	0.0044599952	0.1360577718	0.0300660093	0.0886574576	-0.0117664381	0.031472523	0.0003843276	-0.1221058784	-0.0938921012	-0.0168973959	0.0196313471	0.0356016497	0.0703367178	-0.0133213409	-0.0282991781	-0.2370948163	-0.0064243678	-0.0569064311	-0.0231459545	0.0987692345	0.017682251	0.1783851229	0.0931959234	-0.264640821	0.1218646736	-0.0361576624	0.018833378	0.0076160939	-0.0621953591	-0.0773950843	0.1636308054	0.0567694371	-0.0573722007	-0.2029342997	-0.1243571574	0.0591547722	0.1012761673	-0.0281668178	0.0657601155	0.0701649419	0.0935437866	-0.0863593242	0.0671580176	-0.0928685705	0.0762341874	0.0384811757	0.0129795045	-0.0229563182	0.1365617795	-0.1571788188	-0.0407070749	0.0431439761	0.1218174916	0.0448691956	-0.0539718848	-0.0045596183	-0.0951039666	-0.1522454576	0.0564610179	0.0066549638	-0.0843918586	-0.001248242	0.0362953168	-0.0438956779	-0.0076415117	-0.00307502	-0.0871967523	-0.0864425448	-0.0183865604	0.0619501767	-0.0074005135	-0.1270359044	0.1376957308	-0.0775528706	-0.039758012	-0.0027386186	-0.0689063962	0.015850643	-0.032953936	0.0070614688	0.2784214028	0.0461447125	0.017699715	0.0969679415	0.1547914053	-0.0238269575	0.1269357943	0.0993142576	-0.0128911073	0.0154390256	-0.2521034301	-0.0009019657	0.1194741833	0.002485005	0.1023140456	0.0605182436	-0.0336976719	0.0973725877	-0.0618914245	0.1305469606	0.0308472998	0.0537564077	0.0393083631	0.0289417208	-0.0621341434	-0.0583352679	-0.1009416321	0.1282027125	0.1247406606	0.0825524592	0.0785384486	0.0655374703	0.007742374	0.0439882295	0.1077979881	0.0703960643	-0.0376493223	0.1352874399	-0.0711149411	0.0326747511	-0.0725913422	-0.0330015995	-0.0926988049	-0.1259904772	0.0340981194	0.0838386237	-0.0184327484	-0.1030833865	0.0027655742	-0.0289517301	-0.0620140242	-0.0912743459	-0.0506182288	0.0433216642	-0.0494223318	-0.0071051631	-0.0492687534	-0.0492250754	-0.0110937672	-0.0370970893	-0.0054301748	0.0767528075	-0.0026110915	-0.0542799341	-0.0928203002	0.05322245	-0.0689150546	-0.0256239856	0.1007008652	-0.0992925156	0.0224686191	0.0757570109487062	0.0011903539323014	1.4169424841456228e-06	0.0057391247078823	-0.1037266345814487	-0.0302463433629754	0.000914841286831	0.0107592147215933	-0.0102659366117308	0.0236963904523861	0.0005615189204719	0.000105389454516	0.0029599983390661	-6.69972144667001e-05	8.76159016727407e-06	4.48862674629701e-09	0.0003270259684291	0.0001977371488963	3.909998005367705e-08	1.069459840269907e-07	1.7015984681079078e-05	-0.0001732886532441	3.0028957343161184e-08	2.895437346667179e-10	0.0	0.0	0.0	0.0	0.0	0.0	0.0	0.0	0.0	0.0	0.0	0.0	0.0	0.0	0.0	0.0	0.0	0.0	0.0	0.0	0.0	0.0	0.0	0.0	0.0	0.0	0.0	0.0	0.0
1091.181556237326	-1.117895199969098	1190677.1886725128	1.2496896781139497	1543.9252543798702	-6.458651839976255	41.71418359002867	2383705.191111947	1045.7191881770834	0.9343480273437308	1093528.6205217384	0.873006236201121	1088.7636792621915	1045.3549953812758	1.171266	22.906208	0.0488899679782904	0.0258034846423507	-0.110431941	-0.0508624092	0.1084814362	-0.0133326152	0.0664244777	-0.055924454	0.0899133491	0.027349634	0.0158904096	0.0937087159	-0.0075376905	0.0110194127	-0.0994414531	-0.1239237625	-0.0327917755	-0.0546674985	0.1611690809	0.0016515486	0.056215241	0.0039005396	-0.0617064326	-0.0355252507	0.0701978641	-0.0613293425	0.0222509835	0.2389316944	0.0631675889	-0.1615948061	0.1118723437	0.1271550302	-0.0172884034	0.0639498187	0.0087611258	0.2306010323	-0.0360774335	-0.0227083328	-0.1248103442	0.0283714568	0.1543768163	-0.0966055528	0.1261620277	-0.0493753205	-0.1249408936	-0.0280623225	-0.0276238824	0.0876259438	0.0437468135	0.1408123643	-0.0470325306	-0.0509171846	0.0090958	-0.0041477901	-0.0239382061	0.0680507853	0.0060069653	-0.0006341077	0.137961612	0.1047238645	0.0189334517	-0.0328051871	0.08836974	0.1456687767	0.1270463679	0.1517176571	0.0291275983	0.0463923985	-0.1658583672	0.1311468682	0.0607440179	0.0002309706	-0.0228552059	-0.0937232359	-0.0651374655	-0.0060513761	-0.139647479	0.043496829	-0.0758125627	0.1320040726	0.0380204408	0.0988768444	0.0457824413	0.0007110055	-0.2037964429	0.1524819528	0.1029536489	-0.0175472287	-0.0855539876	0.1120268704	-0.0554810148	-0.0174802096	0.1407775603	0.0096645371	-0.0906264083	-0.0885266209	0.1196641219	0.016171365	0.0418934369	0.0385587024	0.1491790839	-0.013368616	0.0997254652	0.0021176524	-0.1241100132	0.0927091339	0.1385945853	0.0415316108	-0.0645026024	0.1020438993	0.1910816023	-0.049550066	-0.0373043322	-0.0740377898	-0.07557192	-0.0380853992	0.0505261645	0.1479370151	0.0460117625	-0.0701125075	0.1037241227	-0.0159431721	-0.058769695	-0.149780961	-0.1526508126	0.0797342009	0.002009685	-0.1150045457	-0.094616913	-0.1070639474	-0.1738939653	0.0254331929	0.11093578	-0.0935040669	0.0262683043	-0.0747490546	-0.019779596	0.0707585641	-0.0551480745	-0.0303531365	-0.0001523518	-0.0014563392	-0.0480863047	0.0201881591	0.0259165564	-0.0173264928	0.0167787914	-0.0228412692	0.111601649	0.0861104361	-0.1172163229	-0.0952467939	0.0012712199	-0.0705921926	-0.0214124734	0.0978001546	-0.1028582188	0.0328976148	0.0749965276538944	-0.0007604832948117	5.783348416877994e-07	0.0056244791601413	-0.0937063200968566	0.0100203144845921	0.0001004067023701	0.0087808744260945	-0.0137382717739313	-0.0034723351622005	1.2057111478653982e-05	0.0001887401113343	0.0028519351596401	-0.0001080631794259	8.133534154791403e-06	1.1677650747655852e-08	0.0007402706934924	0.0004132447250633	1.7077120279264245e-07	5.480006996437189e-07	0.0001884447809255	0.0001714287962444	2.9387832181811186e-08	3.551143545805969e-08	0.0	0.0	0.0	0.0	0.0	0.0	0.0	0.0	0.0	0.0	0.0	0.0	0.0	0.0	0.0	0.0	0.0	0.0	0.0	0.0	0.0	0.0	0.0	0.0	0.0	0.0	0.0	0.0	0.0
1092.1961016612115	1.0145454238854654	1192892.3244839474	1.0293024171269387	1549.653439562406	5.7281851825357535	32.812105485422165	2401425.782747596	1045.9974873372396	0.2782991601561662	1094110.7435158186	0.0774504225436274	1088.5749968128937	1051.8034924729222	1.225699	23.970739	0.0624321457394022	0.0313325170086733	-0.1222923729	0.1080551105	0.0184116557	0.0123877959	-0.0278953917	-0.0868877371	0.0618570001	-0.1132297276	-0.0999428274	0.0716776184	-0.0205989235	0.0533230714	-0.0672515685	-0.1212056342	-0.0545147009	0.0684488306	0.0763766886	-0.0123668731	0.0001740097	0.0237390904	-0.0251098124	-0.0178286654	0.0642300528	-0.0097939907	-0.0593517081	0.0813470245	0.0571072519	-0.1045973925	0.1153844366	0.0556486515	0.0831621372	0.1127601899	0.0043558168	0.0321184216	0.1620948771	0.0676631124	-0.1385728971	0.1548171871	-0.0983778466	0.0456864901	0.0643897732	0.0182953861	-0.0250183718	-0.0063609494	-0.0758258019	-0.0660634022	0.0900163819	0.0611818948	0.1643988775	0.0470611203	-0.0923208396	0.1064632845	-0.0025280644	-0.0234140292	-0.0551930437	-0.1312807939	-0.1376059787	0.1203829706	-0.0319740435	0.0214311943	0.0526417552	-0.0109608608	0.0176156006	0.0531175715	-0.0461480028	-0.000416896	-0.0700690135	-0.1437211954	0.0828151197	-0.0586891753	-0.0333811124	-0.1229400254	0.0128495177	-0.0553066665	-0.0178740811	0.0932262026	-0.0426582565	-0.0057981167	-0.0531781159	0.0615681293	0.0006413533	-0.0135575831	-0.067732476	0.1436881426	0.0671986186	-0.037554626	-0.0895902033	0.1871051353	0.0599249316	-0.0448102045	0.0926587593	-0.1102435488	-0.0451138834	0.0874682989	-0.0338375325	-0.1167897079	0.0848057927	-0.1670836176	-0.043174777	0.0608411669	-0.0391771332	-0.0403883325	-0.0900768409	-0.0671697642	-0.0260417473	-0.0039234992	-0.1071791057	-0.0462428641	-0.0959517557	-0.100787823	0.1610389189	-0.065150923	0.024965273	0.0444032013	-0.0870511465	0.0365851325	0.0263869419	0.0581297613	0.0166040069	-0.0173261941	0.0382492552	-0.0011064067	0.0256870173	0.0496030851	-0.0251063757	-0.0915723628	0.1041436025	-0.1130570434	-0.1524223711	-0.0139139808	-0.0594986111	-0.1234078437	-0.0175055241	0.1110647386	0.0224893051	0.0574796351	0.0496260315	0.0289255602	0.008576214	-0.0719455812	0.0275640682	-0.0380419137	-0.0898204122	-0.0743452724	0.0537543832	0.0463561547	0.0959718771	-0.0200900453	-0.1399040039	-0.1383216552	-0.0402611043	-0.0722427837	-0.0171687548	0.0945685192	-0.1058053206	0.0430175569	0.0888119371897318	0.0138154095358373	0.0001908655406429	0.0078875601873928	-0.1016087654758308	-0.0079024453789741	6.244864296767058e-05	0.0103243412215223	-0.0192563083155761	-0.0055180365416447	3.0448727274927294e-05	0.0003708054099445	0.0033270083650372	0.000475073205397	1.1068984661027502e-05	2.2569455048627507e-07	0.0006920147870974	-4.825590639500005e-05	2.3286325020030067e-09	4.788844655614598e-07	7.84880705868244e-06	-0.0001805959738668	3.2614905776904255e-08	6.16037722444233e-11	0.0	0.0	0.0	0.0	0.0	0.0	0.0	0.0	0.0	0.0	0.0	0.0	0.0	0.0	0.0	0.0	0.0	0.0	0.0	0.0	0.0	0.0	0.0	0.0	0.0	0.0	0.0	0.0	0.0
1093.1458500151643	0.9497483539528276	1194967.8494053762	0.9020219358361052	1548.8890343687196	-0.7644051936863434	0.5843153001346562	2399057.240787665	1045.3779270442708	-0.6195602929687993	1092815.0103513768	0.3838549566235844	1087.8832191787849	1056.9536097345665	1.258906	24.620178	0.0261766651253333	0.0139939439234126	-0.1634815997	-0.0662701807	-0.0506194539	0.0294908889	0.0421144153	-0.0754088436	0.1356725621	-0.0024230655	0.064541126	-0.088839976	0.0973527276	-0.0699169447	-0.0701214893	-0.162110786	-0.007048548	0.0266744784	-0.0060627396	0.044895996	-0.0734895129	0.1100191449	-0.1047602597	-0.0425732252	0.0109020758	0.0300909239	-0.091997674	0.0042640623	-0.0567182376	-0.092961493	0.1132184328	-0.0726546449	0.0661411073	-0.0999443822	-0.0310222745	-0.1287184956	0.0745179875	-0.0554637868	-0.0213075198	-0.0298010264	-0.011904453	-0.0711189645	0.158754783	0.1479235102	-0.0686410403	-0.045457315	-0.0243002429	-0.0903626485	-0.0099668602	-0.0246518184	-0.0890321622	-0.0879029709	0.0396687858	0.0888972211	0.0225097035	0.1413208797	-0.0167463557	-0.097607356	-0.0375727256	-0.0326470741	-0.0251157208	0.0963843637	-0.0918991182	0.1058043557	-0.0351481435	0.0359010414	0.0274353212	0.0393180528	0.1171112132	-0.0483593674	-0.0208619518	-0.0898842597	-0.0060354953	-0.1571662009	-0.0345209773	-0.0305926253	0.0632161202	0.0073050253	-0.0425715629	0.0853625203	-0.1317495463	-0.0246436793	0.0765042448	-0.0235216884	0.0257864071	0.0182760829	0.0048921443	-0.093514878	0.010107898	-0.0082949118	-0.1490252	-0.0558893522	-0.0011578676	0.015337977	-0.0474558111	0.0481276532	-0.1095850374	0.007743546	-0.0198681698	-0.1780981813	0.0008629423	0.0066456897	0.0906034395	-0.0111255928	-0.0679975576	-0.1074539373	-0.0102754192	0.0117415299	-0.0865590478	-0.0613436046	0.0778315737	0.096601657	-0.0080713386	-0.109522718	-0.00526091	0.1440155067	0.0868115464	-0.0687509081	0.0627217217	0.1340156965	-0.0147666006	0.0430773775	-0.0499947895	0.0522225938	0.0140542094	0.1225185382	0.0723859192	0.0578188424	-0.0177041466	-0.1373319029	-0.1840701167	0.0103088201	0.038156492	0.0193515396	-0.0776833728	0.103364567	-0.053278078	-0.012933977	-0.1083741665	-0.064793596	-0.1230055497	0.0363637476	-0.039978232	-0.0075140429	-0.0327511584	0.0064597266	0.032245583	-0.0300331576	0.0480431701	-0.0536349623	-0.1223599602	-0.0862546819	0.0802828857	-0.0738662073	-0.0128992127	0.0910168938	-0.1081160967	0.0527333744	0.0862960519914821	-0.0025158851982496	6.329678330771881e-06	0.0074470085893165	-0.093424666872707	0.0081840986031238	6.697946994565296e-05	0.0087281683802762	-0.0129662544110971	0.0062900539044789	3.95647781212515e-05	0.0001681237534532	0.003329940740159	2.932375121800137e-06	1.1088505332970668e-05	8.598823854952368e-12	0.0006923163335372	3.015464398000616e-07	9.093025535609216e-14	4.793019056823916e-07	0.0001883474338867	0.000180498626828	3.257975428679994e-08	3.547475585170483e-08	0.0	0.0	0.0	0.0	0.0	0.0	0.0	0.0	0.0	0.0	0.0	0.0	0.0	0.0	0.0	0.0	0.0	0.0	0.0	0.0	0.0	0.0	0.0	0.0	0.0	0.0	0.0	0.0	0.0
1092.399297220859	-0.746552794305444	1193336.2245686264	0.5573410746852665	1558.874650789485	9.985616420765382	99.71253530265923	2430090.1768740388	1046.6048112174478	1.2268841731770408	1095381.6308635096	1.505244774392311	1090.222346136127	1056.207882483879	1.219479	23.8491	0.0467318135148459	0.0234162538089376	-0.1154664452	-0.0113772107	0.0847633021	0.0257102185	0.0041534646	0.007153016	0.1444092573	0.0804515956	-0.0692996687	0.0685164695	-0.0563692673	0.03538105	-0.036217519	-0.1342732424	-0.0692610309	-0.0392613923	0.0811259847	-0.0559395694	0.0888452571	0.0523284071	0.0461148843	0.0733262134	-0.0997760582	-0.0776954166	0.0179404153	0.0503889683	-0.0431691848	0.0104644443	0.0552487875	0.0021979687	-0.038641264	-0.1086812656	-0.0235646581	-0.0660714018	-0.1062095071	-0.0160869247	-0.0476040258	-0.0722190295	-0.0064108034	0.0525309157	0.0639813729	-0.0998771066	-0.0679388922	-0.0263541643	-0.0691049029	-0.1228837301	0.035586666	-0.0786108504	-0.1098542982	0.0451874884	0.15240915	0.0004719113	0.0196385111	0.0087849967	0.0396643266	-0.0439774293	0.0312471085	-0.0055778656	-0.0504478142	-0.0042566899	-0.0744487713	0.0037728757	-0.0058958813	-0.092492806	0.0633942694	0.0401510211	0.1474850907	-0.1598772342	-0.0625619287	0.1042646467	-0.0925722423	-0.0816939107	-0.0955397737	-0.0478431184	-0.1656929567	0.0377216023	-0.0165036737	0.0807271143	0.0591860867	-0.0859200726	0.0856630892	-0.0375597631	-0.0178801534	0.0299217855	-0.0037497656	-0.0123999677	0.0198051539	-0.0892236092	-0.1076781061	0.0861304743	0.0525564619	0.0572017571	0.0632590649	0.0310219987	-0.0168414162	0.0668566668	-0.0043067276	-0.0150586798	0.0002560508	-0.004220203	0.0545448863	0.1591617903	-0.081411801	-0.0244896137	-0.1395667766	-8.32875e-05	-0.0334556117	-0.0457043707	0.0362848403	0.0096917229	-0.0357681725	0.0681357626	-0.128875844	0.0909886947	-0.0456473116	-0.1151196886	0.0948219992	-0.016158239	-0.0485184872	0.1006508768	0.0278955606	0.0185833595	-0.0101555888	0.1267267968	-0.0258306548	0.0568777695	0.1124961898	-0.1373603047	-0.1794462124	0.0008261644	0.0770579759	-0.1470040516	-0.0124250199	-0.0960902133	0.0102548212	0.0184776906	-0.0297871514	-0.0316511248	0.0036264201	0.0391725955	-0.019564676	-0.0044747481	0.0837753455	0.0019443962	0.0549014456	-0.0486104835	0.0451075249	0.0096746376	-0.1513917915	-0.0028845155	0.0849809596	-0.0754618528	-0.008610269	0.0871572961	-0.1097766499	0.0619537931	0.0858101936300954	-0.0004858583613867	2.360583473293731e-07	0.0073633893308344	-0.0854531374782965	0.0079715293944104	6.354528088595056e-05	0.0073022387048846	-6.698114793834975e-05	0.0128992732631587	0.0001663912507176	4.486474179139095e-09	0.0032540600153316	-7.588072482739988e-05	1.0588906583379896e-05	5.757884400331581e-09	0.0008022853559292	0.0001099690223919	1.2093185885852185e-08	6.436617923384431e-07	-0.0001333058688117	-0.0003216533026984	1.0346084713678857e-07	1.7770454659642173e-08	0.0	0.0	0.0	0.0	0.0	0.0	0.0	0.0	0.0	0.0	0.0	0.0	0.0	0.0	0.0	0.0	0.0	0.0	0.0	0.0	0.0	0.0	0.0	0.0	0.0	0.0	0.0	0.0	0.0
1090.9852606897443	-1.4140365311145615	1190248.8390422694	1.9994993113265025	1544.8492379521592	-14.025412837325804	196.71220525742345	2386559.1680013672	1045.2089932421875	-1.3958179752603428	1092461.839554347	1.948307820059883	1088.0465476184777	1061.1977784853823	1.332199	26.053545	0.051157520608874	0.0252477330012137	-0.1440725472	0.0424112688	-0.0701010096	-0.0416289227	-0.1424258088	-0.0400663832	0.0695607017	-0.1195502834	-0.0327366857	-0.0191483946	0.1275020345	-0.0772721546	-0.0398009374	-0.126752922	-0.0395804012	0.0103684293	0.0475164488	-0.0484469079	0.1535811407	0.135132032	0.0115371082	0.1584183306	-0.0487163255	0.1376939558	-0.0376557921	0.1653468767	0.0355694468	-0.0837961392	-0.1601520018	-0.0239005689	0.0146385693	-0.0030006068	-0.0693226504	-0.0664171764	0.0888637858	-0.0687760104	-0.0938851688	0.0792249953	-0.0562395762	-0.0431827854	-0.1756665376	-0.0823544885	0.0530989387	0.0404024821	-0.1587349159	-0.094202397	0.0254097189	-0.1449662913	0.0260861682	-0.0204009374	-0.0251999756	-0.0297371763	-0.1812203441	-0.1798632725	-0.0979639942	0.1140268807	0.0120099147	0.0624232521	0.0878497474	-0.0209402612	0.0219853332	-0.0476686226	0.0189099963	0.0146456947	-0.0163415775	-0.0147338985	0.1047079199	0.0170093825	0.0838560232	0.0848311648	0.0683468373	-0.1188214355	-0.0236892784	-0.017559164	-0.0385808568	0.1133611461	-0.099968516	-0.1042305359	0.0176627851	-0.1597819715	0.0921390522	0.0045771154	-0.0039004222	0.1074126007	0.2215941778	0.0450589668	-0.0867463717	-0.0660112581	-0.0513452324	0.0662623635	-0.0269629265	0.0312852598	0.044922971	0.1968663658	-0.0730890288	0.0254852758	0.1442570239	0.0852723345	-0.0989246787	-0.015056226	-0.064277416	0.0283968386	-0.0129223592	0.1941218994	-0.1276645901	-0.0878751867	-0.1045790663	-0.1511656796	-0.0346877096	-0.0051675447	-0.0410632459	0.0196431102	0.0753938158	-0.1860236529	-0.0033743901	0.1067463144	-0.1697298228	0.0927223599	-0.0366353361	-0.0353796096	0.0515274952	-0.0570735379	0.0779583574	-0.032568037	-0.0479190811	0.0878595979	0.0409056988	-0.1482258844	-0.1993479645	0.0521242394	-0.0490490586	-0.0613118038	-0.0475612189	0.1443933107	-0.0560015844	-0.0548612917	0.10652756	0.0707314804	0.0891020209	0.0629880782	-0.039470668	0.039938549	0.0301994205	0.0108051851	0.048754222	-0.0649013928	-0.0285149926	0.0100698524	-0.1149880147	-0.0237887821	-0.0059144546	-0.0770291202	-0.0043083746	0.0830027857	-0.1107769935	0.0705921926	0.0922724157607888	0.0064622221306934	4.17603148664236e-05	0.0085141987103318	-0.0934182333562603	-0.0079650958779638	6.344275234515599e-05	0.0087269663234047	-0.0151690089852252	-0.0151020278372868	0.0002280712447981	0.0002300988335938	0.0032540507767579	-9.238573700325048e-09	1.0588846457718692e-05	8.535124401633764e-17	0.0004486554068687	-0.0003536299490605	1.2505414087253182e-07	2.0129167411251878e-07	-0.0002122301764361	-7.892430762439998e-05	6.229046333990921e-09	4.5041647790098136e-08	0.0	0.0	0.0	0.0	0.0	0.0	0.0	0.0	0.0	0.0	0.0	0.0	0.0	0.0	0.0	0.0	0.0	0.0	0.0	0.0	0.0	0.0	0.0	0.0	0.0	0.0	0.0	0.0	0.0
1091.9865162852295	1.0012555954851905	1192434.551748752	1.0025127674904035	1549.659732526165	4.810494574005816	23.140858046539392	2401445.2866130653	1045.4320775455728	0.2230843033853489	1092928.2287612527	0.0497666064169263	1089.2512903065683	1061.7141293865566	1.334707	26.102594	0.1480510104789	0.0936015068222804	-0.0778259632	-0.1142732872	0.0003312207	-0.0024180949	-0.0618644266	0.01489789	0.1114344841	0.0229919481	0.0851357189	0.058810901	0.0557418179	0.0282218862	-0.0361545674	-0.0955320468	-0.0273495	-0.0215166839	0.0504631396	-0.0633466908	-0.1436165733	0.0604560351	-0.1257732342	0.0208141897	-0.0470521367	0.0547557431	-0.0851701961	-0.0486726878	-0.0037728224	0.0880164714	-0.0419195749	-0.0442219659	-0.1597533993	-0.0246128454	-0.08369767	-0.0876730379	-0.0610442682	0.1088861612	-0.0748973357	-0.0162115029	0.1180247562	0.0349410773	0.0467115457	-0.1244274563	0.1238954026	-0.0557129378	-0.1214309717	-0.0071596523	0.0320311492	-0.0244752687	-0.0268670836	-0.0949167491	-0.0719174525	-0.030949258	0.0685348255	0.0486681152	0.0782206778	-0.2256544231	0.1408188491	-0.0483290351	-0.066055805	0.0593846035	0.0403969011	0.0069678089	0.0575529809	-0.0987944807	-0.005012647	-0.0188334464	-0.1898150495	-0.0512918797	-0.0558091328	0.0483485222	0.0678249951	-0.0608285761	-0.0839431628	-0.0058592921	-0.0610267172	-0.0379949352	-0.0356459541	0.1079732248	-0.177838936	-0.0897129457	-0.0037930584	-0.0645624308	0.09860107	0.0083791967	0.0244994348	0.0763292533	-0.0099818015	-0.0179158651	0.0184470359	-0.1254971763	-0.0110541153	-0.0880153545	0.2160040362	0.0665777332	-0.0044040001	0.0716403967	-0.0317450473	0.011538331	0.0119975534	0.0147289991	0.0936056274	-0.0012715167	0.0660331128	-0.0146666128	-0.1107851596	0.1662437412	-0.1113190761	0.0764203729	-0.01710524	0.1268980124	-0.0111992679	0.0297485114	-0.0924750968	-0.0410925029	-0.0258971315	0.0757226907	0.1587477037	-0.0357415559	-0.0327014188	0.0302537953	-0.0540721515	0.0669811238	-0.1666133726	-0.0553058541	0.0303872724	0.0219957576	-0.0446789097	-0.1096898237	-0.082918368	0.0208344816	0.158155603	-0.1005244233	-0.1499618677	-0.0634012444	-0.0568160319	-0.1326080659	0.0496221265	0.0193712781	0.0036438754	0.0603032583	0.0332935924	0.0583029016	-0.0792859472	0.0320188155	-0.0640479233	-0.015048661	-0.0365894802	-0.191014136	-0.0597763007	0.0428619324	0.0236515492	-0.0785674201	-0.0	0.0785674201	-0.1111111111	0.0785674201	0.0923543235665249	8.190780573609502e-05	6.70888864050188e-09	0.0085293210814303	-0.0065780735075975	0.0868401598486628	0.0075412133625413	4.327105107135608e-05	-0.0305226141231713	-0.0153536051379461	0.0002357331907319	0.000931629972912	0.0038520206624104	0.0005979698856525	1.4838063183636656e-05	3.5756798414726386e-07	0.0001320931410788	-0.0003165622657899	1.002116681220353e-07	1.7448597920063758e-08	-0.0002112555741474	9.746022887000003e-07	9.498496211392793e-13	4.462891760834761e-08	0.0	0.0	0.0	0.0	0.0	0.0	0.0	0.0	0.0	0.0	0.0	0.0	0.0	0.0	0.0	0.0	0.0	0.0	0.0	0.0	0.0	0.0	0.0	0.0	0.0	0.0	0.0	0.0	0.0
1091.8243919196575	-0.1621243655720263	1192080.5027907295	0.026284309912132	1543.827656292631	-5.832076233534053	34.01311319375275	2383403.832333998	1045.671623046875	0.2395455013022456	1093429.143245486	0.0573820471941441	1089.2168836777062	1041.08029756314	1.550687	30.326481	0.1222384456695251	0.0717787065691206	-0.1210204327	0.0378008152	0.1209871941	-0.0096622557	0.1035873256	-0.0838056582	0.0296601702	-0.0094025648	-0.0799164887	0.094955149	0.0674325417	-0.0204426337	-0.0039950243	-0.1044969533	-0.0190376467	-0.0161253679	0.1312585073	-0.0993084099	1.227e-07	0.0486461702	-0.0249569091	0.0335103777	-0.1129951469	0.1409462433	0.0027044454	0.0555123861	0.1117649187	0.0199925915	0.0551532358	-0.0716109521	-0.062660875	-0.029139933	-0.0541559329	0.0513030614	-0.1024640972	0.0051409066	0.0173402686	-0.0276500399	0.0533137539	0.0828596371	-0.0494019002	0.032980415	-0.0713106889	-0.0481765813	0.0768055589	-0.0268516994	-0.0494835868	-0.0888260808	-0.0775183037	0.111236938	-0.1257349052	-0.1414498494	0.0804229464	-0.1237042078	0.0358614771	-0.0194601986	-0.0944694083	0.0046504669	-0.0490078496	-0.0906500125	-0.0617774276	-0.1931155199	-0.0856370806	-0.0240556118	-0.0342272518	0.0662958675	-0.0621818131	0.0004572429	-0.0748033008	-0.1044319474	-0.1078861986	-0.0579973088	0.0158605279	-0.0098328417	-0.1943865209	0.0750548139	-0.0033926954	0.0674955344	-0.0321575716	-0.0641754664	0.0108211723	0.0167813601	-0.030119105	-0.0182532918	0.1977270901	-0.0022542625	0.0804972502	0.0532092765	-0.0537407299	-0.0367698786	-0.0579401208	0.0076578989	0.0915965344	-0.0378664871	0.0662153316	0.0902681458	-0.057226895	-0.0068622556	0.0900197155	-0.0478848577	0.0158956405	0.0552273296	-0.0137505722	-0.1109796367	-0.0156435301	0.0211518492	0.0314040247	0.0214248877	-0.1377495195	-0.0143351766	-0.032726294	0.1415668358	0.1645243731	-0.0082435471	-0.0439996697	0.0244907433	-0.0574015322	-0.120467484	-0.0797644774	0.0164159105	-0.0066874657	0.216902748	0.0627725671	-0.0366694348	-0.0800684916	-0.0505182569	-0.0804049995	-0.1066226519	-0.1045180671	-0.023727626	0.004771825	-0.1384562422	0.0898436006	-0.0537218494	-0.1735527415	-0.020701405	0.0354479833	0.0617775153	-0.1159303399	0.1226567206	0.0078117622	0.116946714	-0.0353992363	-0.0248972665	-0.0468367101	-0.1593228563	-0.1140239286	0.0225388635	0.0899952915	0.1718445031	-0.0188764353	-0.080076174	0.0043083746	0.0738662073	-0.1107769935	0.0858045533	0.0922781938200358	-7.612974648910087e-05	5.795738300494766e-09	0.008515265054688	0.0459648878109675	0.052542961318565	0.0027607627841242	0.0021127709114748	-0.0702118921383174	-0.0396892780151461	0.0015752387893635	0.0049297097976427	0.0032540221455883	-0.000597998516822	1.0588660123979084e-05	3.57602226121431e-07	0.0001326566018735	5.634607947000055e-07	3.174880671639617e-13	1.7597774020624283e-08	-0.0002112160199777	3.955416970000125e-08	1.5645323406564973e-15	4.461220709522016e-08	0.0	0.0	0.0	0.0	0.0	0.0	0.0	0.0	0.0	0.0	0.0	0.0	0.0	0.0	0.0	0.0	0.0	0.0	0.0	0.0	1.0	0.0	0.0	0.0	0.0	0.0	0.0	0.0	0.0
1095.4024978177108	3.578105898053309	1199906.63222528	12.802841817683875	1548.568413183677	4.740756891045976	22.474775899999905	2398064.130310212	1045.7791667773438	0.1075437304687056	1093654.0656655154	0.0115656539631256	1088.0241104482157	1065.6215000441437	1.667367	32.608364	0.2650179792614593	0.1510621586491258	-0.0074754064	0.082928051	-0.0543587028	0.1379223546	0.0222562549	-0.1305641523	-0.0494571052	-0.0807619264	-0.1415227113	-0.0192881173	0.0148369758	0.2222358485	0.0607647594	-0.0426679082	-0.032547423	0.1206558932	0.0216808943	0.0460309117	0.1432468853	-0.0272977333	0.0110116401	0.0864657986	0.0096579582	0.0033497381	0.0717978659	-0.0890780589	-0.0031784438	-0.130447807	-0.0080993966	-0.0456439045	0.0048537045	0.028013295	-0.0659243727	0.0755233692	-0.0927129676	0.1448820879	-0.0818242203	0.1434712804	-0.0082194621	0.0838511537	0.0168523707	0.0078607104	0.1395117217	-0.0155440603	-0.0911055835	-0.0604399451	0.0419313762	-0.0057880173	0.0376049078	-0.1192774498	-0.0523455321	0.0001919132	-0.00542039	0.0975824102	-0.1089658072	0.0105479878	-0.0732660893	0.0237800176	0.0521461603	-0.1448766791	-0.0387192641	-0.1089473696	-0.1331920712	-0.1432390001	0.0599578287	0.0766663721	0.0290393135	-0.0094910683	-0.1623607902	-0.1145803087	-0.0075021899	-0.086334229	0.115824637	-0.10884218	0.0575891021	0.0998347256	-0.0301281094	-0.1072742838	0.1181758636	0.0576871073	0.0009648786	-0.0389712618	-0.0603666521	-0.0394401946	0.0191846028	0.0490259926	-0.1049503371	0.1435720531	0.0335907372	0.012749905	0.1050756802	-0.1262355104	0.157277519	0.1228497035	0.0501385054	0.0391328461	-0.0233989505	-0.0283099782	-0.0276304142	0.0408775523	-0.0212508349	0.007266799	0.1064181427	-0.0092667563	-0.0614228569	0.1131632328	-0.016042444	-0.0962565591	-0.0306128395	-0.0084417854	0.057022951	-0.1177633978	0.0332957151	-0.0643610093	0.0885903781	0.0435745824	-0.1269868955	-0.1426406965	0.0533878769	0.0694791382	0.0566314679	0.0867197779	0.0256927949	0.0376252355	-0.0466904671	0.0394353957	-0.1490932088	0.0074052675	0.0021744067	-0.1505648782	-0.1167400721	-0.1993884878	-0.2263843541	-0.2049821962	0.1562131665	0.0327635205	0.2198690524	0.0597952407	0.0836680781	0.0034224257	0.3161399424	-0.003311719	0.1273154627	0.2170410816	-0.3206839117	0.1433440954	-0.0480178047	-0.3015545663	0.0886809892	0.0328606147	0.1426048174	-0.0815548146	0.008610269	0.0689150546	-0.1097766499	0.0922356034	0.0925119418382109	0.0002337480181751	5.4638136000789765e-08	0.0085584593826765	0.0923518852754909	0.0463869974645234	0.0021517535337737	0.0085288707139374	-0.1791334868422183	-0.1089215947039009	0.0118639137928408	0.0320888061082512	0.0048139695895371	0.0015599474439488	2.3174303208988e-05	2.4334360278823942e-06	-0.0004940048284147	-0.0006266614302882	3.9270454821085276e-07	2.440407704970373e-07	-0.0002083121127175	2.9039072602000005e-06	8.432677375842274e-12	4.339393630482842e-08	0.0	0.0	0.0	0.0	0.0	0.0	0.0	0.0	0.0	0.0	0.0	0.0	0.0	0.0	0.0	0.0	0.0	0.0	0.0	0.0	0.0	1.0	0.0	0.0	0.0	0.0	0.0	0.0	0.0
1096.9013345056655	1.4988366879547357	1203192.53764031	2.246511417159122	1552.2173159532692	3.6489027695922687	13.31449142193813	2409378.595945171	1046.9478578385415	1.1686910611977055	1096099.8170327109	1.365838796523419	1092.3476043473215	1088.953811098175	2.14432	41.936039	0.6487857083651313	0.3732846680537091	0.279880087	-0.0352092966	-0.0229618696	0.1512712176	-0.0421315366	0.0922329662	-0.2067199099	0.2615166561	-0.0536451321	-0.0445314024	0.0151283799	0.3268324522	0.143208296	0.2853575429	-0.1560736321	0.081217505	-0.1418037063	-0.0476894448	0.010300348	0.1050006209	0.0825577875	0.0909808386	0.0598841791	-0.1724905494	-0.0663267345	0.0806329438	0.0731282231	0.0412241353	0.0120670496	0.085037695	0.1121749444	0.1045659718	0.149971015	-0.0489083012	-0.0414968445	-0.0159029449	-0.0132616643	0.0835898128	-0.0091661232	0.1268350511	0.001603596	-0.0046880517	0.0962398809	-0.0300465455	0.06983944	-0.0043662335	-0.1227050859	0.0279713026	0.0323104445	0.0677901822	-0.0882828893	0.000818017	-0.0741116823	0.1060407258	0.0637476931	-0.0653755699	0.0426294957	-0.1665920612	0.1003730605	0.0857787232	-0.0705832135	-0.0458858986	0.093590667	-0.0092602133	-0.0632295056	-0.0430822532	0.0480034845	-0.0384671461	0.027579259	-0.0565654005	-0.0234292421	0.2962583272	0.0796440867	-0.2155481457	-0.0335186668	-0.099231938	0.0998607085	-0.1900345455	-0.0325360203	-0.0537877817	0.0960686012	-0.1566251424	0.0437250327	0.239330211	-0.0658887834	0.0526000602	-0.0204023931	0.0139254322	0.0416667294	0.1037254888	0.0517239343	-0.1866958592	-0.0442767197	-0.1697252089	-0.0515909344	0.0596369227	0.0356098498	-0.1154849058	-0.0786189201	-0.0300637084	0.0504731635	0.1056324712	0.0434541264	-0.0161231927	0.0206671373	-0.0179924778	0.0368858392	0.1442586485	-0.1072987055	-0.0498999042	-0.0608018634	-0.068952502	-0.0695570499	0.0454551138	0.1089807423	-0.0296120207	-0.1184673478	0.1408167117	-0.0786769782	-0.0863180925	-0.0140807092	0.0632503751	0.0124095185	-0.0948466806	-0.0252641593	0.0329022257	-0.0224133215	0.2832779383	0.0650274197	-0.0743643954	0.1670883516	-0.0474325509	-0.1631548576	0.1024119466	0.2794915727	0.1214514351	0.1836273349	0.1825649682	-0.3055168474	-0.1895872193	0.0635867465	-0.0370053892	-0.1013105948	0.1916829893	0.0412762933	-0.184702099	-0.0185506856	0.1218181416	0.0116908186	-0.0629153906	-0.0469450396	-0.0830027857	0.0128992127	0.0637307152	-0.1081160967	0.0978001546	0.0604874126393326	-0.0320245291988783	0.0010255704704098	0.0036587270878008	0.3774074879732723	0.2850556026977814	0.0812566966293954	0.1424364119782956	-0.3992553910054397	-0.2201219041632214	0.0484536526924424	0.1594048672469065	0.0064079690705983	0.0015939994810612	4.106206760974445e-05	2.540834345623375e-06	-0.0010634593147647	-0.00056945448635	3.242784120241424e-07	1.1309457141598055e-06	-0.0001400926340237	6.821947869379999e-05	4.6538972732538314e-09	1.9625946107698346e-08	0.0	0.0	0.0	0.0	0.0	0.0	0.0	0.0	0.0	0.0	0.0	0.0	0.0	0.0	0.0	0.0	0.0	0.0	0.0	0.0	0.0	0.0	1.0	0.0	0.0	0.0	0.0	0.0	0.0
1092.9348737341702	-3.966460771495349	1194506.6382243263	15.73281105181148	1533.1719835271624	-19.045332426106825	362.72468722091605	2350616.3310726136	1044.7600332747395	-2.187824563801996	1091523.5271282347	4.786576321975395	1088.2845199456735	1076.392148571431	1.575348	30.80876	0.2454339390530748	0.1344507678621384	0.1973827764	0.0472846674	0.0857615903	0.0281039205	-0.0407317641	0.1303622784	-0.2064095138	0.0575299237	-0.0865244961	0.0312608247	0.0579924378	-0.1635666793	-0.0742566315	0.1800324925	-0.0310218007	0.0113608357	0.0579787547	-0.0062987172	0.0670049284	0.1164121798	0.0362544963	-0.0144783455	-0.1073617895	-0.0584601905	0.0569599421	0.0217123968	-0.1058082962	-0.1034707843	0.0489068337	0.0040065241	-0.0641383278	-0.0086568989	0.0962481456	-0.0774599103	-0.1065677406	-0.1534461527	0.0212165885	-0.163436075	0.0204576047	0.0754856446	0.0993935079	-0.0108151558	-0.064364597	-0.1832116803	0.1356005297	0.0664819892	0.0198154835	-0.0830519787	-0.0063959446	0.0193943625	-0.0068352759	-0.0414095933	0.0941194161	0.0877094453	-0.151559052	0.0653865576	0.1102612708	-0.1299243116	0.0615792704	-0.010621499	-0.0286393451	-0.0594953241	0.0665244012	-0.0156426741	-0.0824745048	-0.0151734164	-0.035928987	0.0907158607	0.0758830215	0.0474602274	-0.0057929418	0.2089436188	0.0331885291	-0.0607690103	-0.0127994137	0.0749002309	0.0316833385	0.063455819	0.0341211415	-0.0530185632	0.161269626	0.0107199843	0.0303627976	-0.1073877298	-0.0192085473	-0.0397333434	-0.0739180525	-0.1411248739	-0.2025237362	0.0109392135	0.0503378554	0.0532100961	-0.03702733	-0.1465639528	-0.0405977505	0.0700397343	0.0508005756	0.0134858953	-0.0526852645	-0.0805014209	0.0547430858	0.1036953139	-0.1270439327	-0.1560810174	0.1248665091	0.0702109914	0.1665392458	-0.0981153642	0.0061533405	0.0162134449	-0.0302289094	-0.035970476	0.0286081728	0.0273202816	0.1280671344	0.0803633009	-0.0122178777	-0.1050078655	-0.0069753183	-0.0294452847	-0.0566992833	-0.0016953593	-0.0810872795	-0.122138423	0.0375080425	-0.0217825227	0.0137321895	0.204111976	0.0495815956	-0.0450313248	0.0265130605	-0.055158632	0.0999722965	0.0706040763	-0.170278571	-0.128840726	-0.0419785382	-0.0250329181	-0.1150464578	-0.1468703372	0.0481313356	-0.2081802019	0.0617667182	0.1229206322	0.1366621482	-0.1823655871	0.0428226178	0.057745974	0.0243224691	0.0571281388	0.1186591297	-0.0844195428	0.0171687548	0.0583307311	-0.1058053206	0.1024459312	0.0768581535953956	0.016370740956063	0.0002680011594505	0.0059071757740934	0.3407911876868326	-0.0366163002864396	0.0013407534466667	0.1161386336050019	-0.3355899996383726	0.0636653913670671	0.0040532820579218	0.1126206478572829	0.0043788580369677	-0.0020291110336306	1.9174397707916618e-05	4.117291586801442e-06	-0.0015459547449414	-0.0004824954301766	2.328018401413987e-07	2.389976073406829e-06	-0.0002041162990865	-6.402366506279999e-05	4.099029688073596e-09	4.1663463552769525e-08	0.0	0.0	0.0	0.0	0.0	0.0	0.0	0.0	0.0	0.0	0.0	0.0	0.0	0.0	0.0	0.0	0.0	0.0	0.0	0.0	0.0	0.0	0.0	1.0	0.0	0.0	0.0	0.0	0.0
1091.0504251126415	-1.8844486215286904	1190391.0301384758	3.551146607181382	1544.8020246983388	11.630041171176345	135.25785764325684	2386413.2955120867	1043.4117937825522	-1.3482394921873038	1088708.1714045233	1.8177497282934787	1086.8444099276674	1041.6005378995894	1.482896	29.00069	0.0991859521786731	0.0418624170078676	0.2032627503	0.0724854339	-0.1325253424	0.0524965844	0.0990386964	0.1434217136	-0.1750980678	-0.0095572238	0.050713411	-0.1521190157	0.0855885942	-0.0024720478	0.002147965	0.2247857621	0.0958697984	0.0707865462	-0.006922879	0.0823032522	-0.03750699	-0.0859365797	-0.1222523486	0.0317345885	0.0758096433	0.0110878975	0.1466600013	-0.0471874161	-0.0471655607	-0.00110371	-0.005656207	0.0563096002	0.135675233	0.0247390207	0.1471046034	0.096189267	-0.0665019247	0.0117687862	-0.0109691038	-0.1158322737	-0.0045819708	-0.0158711724	-0.025312087	-0.0799948958	0.0699185238	-0.0293978154	-0.0736423552	-0.0318392727	-0.1518300967	-0.1026746867	-0.0132235847	0.0026385474	-0.0154222583	0.1313979647	0.0663017367	-0.0108528744	-0.1067789111	0.0175760228	-0.1271290693	-0.0025323946	0.1534348279	0.0164909346	-0.0291963627	0.0321820199	-0.0172007925	0.0526494943	0.0319978177	0.2150740409	-0.1358633197	-0.0121790111	0.0005186355	0.1570045283	0.1411400691	0.1774381857	0.0298681251	0.0552501779	0.234635295	0.0107316414	-0.0037779098	0.0980942657	-0.0031502874	-0.0221355028	-0.0618475615	0.0238556844	-0.1353991772	-0.1033630598	-0.0625331803	0.0847565541	-0.0854324172	0.0140427521	-0.0118675569	0.0962575396	0.0332548742	-0.0571124388	-0.0555910497	-0.1244731238	0.0930540664	-0.0027919073	0.110159372	0.0570193756	0.0137749123	-0.05281743	0.0511075576	-0.0134453643	0.0256943092	0.0185344059	-0.1789577565	0.0320324859	0.1551997647	-0.0825277641	-0.0541852846	0.0306201448	0.0887033841	-0.0570440273	0.038550187	-0.1274764362	0.0794083474	-0.0462747967	-0.0561392966	0.0364988352	0.1475744467	0.0540200599	-0.0080756711	0.0940551322	-0.0499862026	0.0431027383	0.0402873445	0.115976207	-0.0226020164	0.2208970862	0.049052942	-0.0115571522	-0.0758439313	-0.0467192822	-0.1351568257	-0.031109535	-0.0455607052	-0.0169050112	0.0283683147	-0.0539515502	-0.0196684995	-0.1043788288	-0.0277511593	-0.062771314	0.0856968837	0.0936999174	0.1183384219	0.0188462066	-0.0425898441	-0.13372313	-0.1226468305	0.0398431537	-0.0819916945	-0.0858045533	0.0214124734	0.0527333744	-0.1028582188	0.1061292888	0.0842317175814599	0.0073735639860642	5.436944585658444e-05	0.0070949822467228	0.3567842409976975	0.0159930533108649	0.0002557777542041	0.1272949946243031	-0.3579531633385215	-0.0223631637001489	0.0005001110906796	0.1281304671440542	0.0039377070771162	-0.0004411509598514	1.5505537025171007e-05	1.946141693778997e-07	-0.0012109840819971	0.0003349706629442	1.1220534503334377e-07	1.4664824468503592e-06	-0.0004971180999226	-0.0002930018008361	8.585005529319761e-08	2.471264052706561e-07	0.0	0.0	0.0	0.0	0.0	0.0	0.0	0.0	0.0	0.0	0.0	0.0	0.0	0.0	0.0	0.0	0.0	0.0	0.0	0.0	0.0	0.0	0.0	0.0	0.0	0.0	0.0	0.0	0.0
1090.3082267159557	-0.7421983966858079	1188772.0292444918	0.5508584600429839	1532.7992972352845	-12.00272746305427	144.0654665523572	2349473.685604982	1043.5651407942707	0.1533470117185515	1089028.203080966	0.0235153060030095	1086.9231506005722	1065.5524796970196	1.535984	30.038937	0.105721252208415	0.049545443781716	0.2096746863	-0.0975187377	-0.0169718144	0.0029961193	0.024105213	-0.0137144837	-0.2221753321	0.0239009699	0.0922110711	-0.0163636774	0.0005914455	-0.0575644968	-0.0622525179	0.2143774846	0.049845719	0.0074410323	0.0019559454	-0.0480394376	0.0392752584	-0.1577576068	-0.113211627	-0.0763821696	0.0073203418	-0.0096764481	0.1663182171	0.0795541828	0.0401892261	0.0018136937	-0.0482181399	0.02230172	-0.038246206	0.1208851851	0.0118654228	-0.0454237598	-0.0420155581	-0.0018514097	-0.0186450216	-0.0473835438	-0.0768184823	-0.0039694988	0.1399747212	0.0648583193	-0.0418326691	0.1448433191	0.0104813698	-0.0609828836	0.050354483	-0.0047372636	-0.0469218817	-0.0679985192	0.0249234656	-0.0683735172	-0.1285955908	-0.1197825123	0.0871682402	-0.0788964391	-0.0977423483	0.0129556899	-0.0313494663	0.0053754259	0.1054252404	0.0713657439	-0.0823583008	-0.0637376497	-0.0445101598	-0.1000043434	-0.0167676363	-0.0447289132	0.0836151142	-0.1706385604	-0.0642988079	0.168638277	0.1327326921	0.0025095582	0.0502019048	-0.0932816947	-0.1069824406	0.0596079804	0.0494634669	0.0959106092	-0.0951399299	0.0539510344	-0.09097591	-0.1009024771	0.0326344372	0.1292170677	-0.0078744057	-0.0082339645	-0.0036559163	0.0928193499	0.0090024052	0.0293762201	0.0723779382	-0.1383691856	-0.0697311746	-0.0549767399	-0.0119158321	0.0080129753	-0.0195490212	0.1619439992	0.0350513916	-0.0078440244	-0.0128409298	0.0100463146	0.0593293319	-0.0214466529	-0.1461524118	-0.0393443902	0.0427027409	-0.0133887312	-0.0468357984	-0.018721522	0.0462592523	-0.0311909328	-0.1604904938	-0.0017991454	0.0008375964	0.0920207912	-0.0042579427	-0.0971740269	0.0900384927	0.0655144117	0.0945475379	0.0792619699	0.0210211144	-0.1277712838	-0.0146850359	0.2085624344	0.0259934248	0.031760009	0.0539908154	0.0480162703	-0.002606901	0.0064727248	-0.1700229566	0.0092682521	0.0377251421	-0.004813556	0.020549185	-0.1775033681	-0.0341409757	0.0149397864	0.0153415967	-0.051054506	0.1091051278	0.005329375	0.0574177657	-0.1232304753	-0.0843918444	0.0675872236	-0.094452656	-0.0871572961	0.0256239856	0.0469575846	-0.0992925156	0.1088156246	0.0981402232637265	0.0139085056822665	0.0001934465303136	0.009631503422254	0.3863791150058517	0.0295948740081541	0.0008758565675585	0.1492888205127051	-0.3601502592019159	-0.0021970958633943	4.8272302329447565e-06	0.1297082092032072	0.0036244783863761	-0.0003132286907401	1.3136843573307496e-05	9.81122127027573e-08	-0.00164107920401	-0.0004300951220128	1.8498181397929128e-07	2.6931409538340957e-06	-4.002637958360183e-05	0.0004570917203389	2.089328408024649e-07	1.602111062570577e-09	0.0	0.0	0.0	0.0	0.0	0.0	0.0	0.0	0.0	0.0	0.0	0.0	0.0	0.0	0.0	0.0	0.0	0.0	0.0	0.0	0.0	0.0	0.0	0.0	1.0	0.0	0.0	0.0	0.0
1088.874910531533	-1.4333161844226652	1185648.570785054	2.0543952845279474	1540.4295227206749	7.630225485390383	58.22034095790091	2372923.1144694462	1044.101897734375	0.5367569401041692	1090148.772852523	0.2881080127499906	1088.6069543590954	1064.5507017596003	1.354463	26.488962	0.1121945239822639	0.0577290714781304	0.2187342058	0.0124801477	0.1053025037	-0.073098683	0.0024123889	0.0827233615	-0.1754511074	0.042194132	0.0240375051	0.0663948798	-0.0905352682	-0.065988869	-0.0363749616	0.2057963013	0.0037030122	-0.0790005859	0.0304381416	-0.0092952606	0.0758101706	0.0196079428	-0.0079209193	-0.0942320029	-0.0871499605	-0.0054780791	0.0572560388	-0.0130944754	-0.0361623427	0.0049005239	0.0095187869	-0.0547000357	-0.0920130383	-0.1670858315	0.0446944396	0.0164799539	-0.0465463853	0.0064595025	0.0163639041	0.107832292	0.0579812431	-0.092026074	-0.0381772695	0.0899117637	0.1396913174	-0.006551618	0.0444903028	-0.020249357	0.0718527807	0.0148104938	-0.0650629715	-0.0776295122	0.1452588558	0.0287152624	-0.0520409176	0.0192276907	-0.0109866255	-0.0662323644	-0.0371333291	0.0374977106	-0.0504823709	0.0225463231	-0.0109620357	-0.113087301	0.022419133	0.0022614121	0.0503526983	-0.0837085581	0.0296843963	0.0748754075	-0.0870154005	-0.1245350412	0.0174975638	0.2054244337	0.0614097756	0.0121545157	-0.0503877596	-0.0167587958	-0.0693013991	-0.0089650946	0.0555006075	0.0317793301	0.0866794636	0.0113766037	0.0484027112	-0.0926719304	0.0108759258	0.0059991879	0.0440816644	-0.0831298269	-0.0288730879	-0.0257599902	-0.0103188479	0.0246983512	-0.0831474225	0.1049553281	0.0604508532	-0.0193272905	-0.019173649	-0.0122880792	0.0731780116	-0.0111562695	0.0186665931	-0.0016501162	0.2443051188	0.03421255	-0.0096763866	0.0750026127	-0.0453301917	-0.1175142721	0.1370527105	0.0139933797	0.0529892316	-0.048299602	-0.0462775198	0.060072547	-0.0599445736	-0.0019992901	0.0327698566	0.0318251735	-0.0625687078	0.0467178172	0.0061154194	0.0057047491	-0.0470027938	-0.037773159	-0.01085945	-0.0880951607	-0.0929542911	0.2072390629	0.0481457556	0.0414071226	0.0203294528	0.0023070516	0.1323351892	0.0249971862	-0.0685799385	-0.0354731166	0.04604039	-0.0802543121	-0.0218661109	-0.0249747294	0.0096113082	-0.1141196867	0.0826827837	0.0077809767	0.1285653583	0.0141938107	0.0376305357	-0.0219502973	-0.0085007863	0.0665729463	-0.0775446301	-0.0884772626	0.029796957	0.0410229053	-0.0951296555	0.110479702	0.117932808812327	0.0197925855486005	0.0003917464426986	0.0139081473943648	0.379464132752247	-0.0069149822536047	4.7816979567668026e-05	0.1439930280454149	-0.3552983516575523	0.0048519075443635	2.3541006819052403e-05	0.1262369186905737	0.0044090784845709	0.0007846000981948	1.9439973083106027e-05	6.155973140872902e-07	-0.0018131526977216	-0.0001720734937116	2.9609287238116065e-08	3.287522705255116e-06	0.0006160010012239	0.0006560273808075	4.303719243691511e-07	3.794572335088473e-07	0.0	0.0	0.0	0.0	0.0	0.0	0.0	0.0	0.0	0.0	0.0	0.0	0.0	0.0	0.0	0.0	0.0	0.0	0.0	0.0	0.0	0.0	0.0	0.0	0.0	0.0	0.0	0.0	0.0
1088.6276436025405	-0.2472669289925306	1185110.14641562	0.0611409341733972	1550.150307975392	9.720785254717155	94.4936659683265	2402965.9773162026	1044.729916751302	0.6280190169270554	1091460.5989551824	0.3944078856220251	1089.0895574845742	1046.2596529500845	1.35271	26.454672	0.0807718513938267	0.0460732163884567	0.1713863688	0.1053430896	-0.0921130091	-0.0966914043	-0.0083381103	0.1307309423	-0.1219202851	-0.0851015488	0.0378110785	-0.0741927088	-0.0836774812	0.0101407491	-0.038683614	0.1722999187	-0.0744806781	-0.0662293501	0.1024223003	0.0166798184	0.0561957367	0.0209427435	0.011627227	-0.0222243541	0.0594092371	0.0838387305	0.0092811655	-0.0124497744	-0.0608981576	0.0368583756	-0.0736032521	0.0942005541	0.1029753836	-0.0276188376	0.0372071194	-0.0385857409	0.0868123465	0.0067654124	-0.0474571509	-0.0372531809	-0.1072102835	-0.1009437658	-0.07882637	0.1694472794	0.0042183907	-0.1044006546	-0.0263939987	0.0601823046	0.066555506	0.0522822824	0.0795746275	-0.0483259883	-0.0070015691	0.1261979278	0.0157966092	-0.1076915357	-0.0059806057	0.0993353379	0.1734519931	-0.0512566461	0.0164715438	0.0072499879	-0.0369144087	0.0866276551	-0.0582028299	-0.0040638903	-0.0144404228	0.0046648085	0.0063644512	-0.0057405236	-0.0442391301	0.0106443197	-0.1915049103	0.1566473675	-0.0594834504	0.0159565297	0.0620170397	0.0824612534	-0.0844892055	-0.0713468386	-0.0458890441	0.0338651726	0.027595733	0.1309729957	-0.0311313758	-0.0245876186	-0.0340656326	1.95612e-05	0.0049631127	-0.0586896482	0.020807165	0.0786139375	0.0284461308	0.055329519	-0.0457416443	0.0413993559	0.0002851689	-0.1472309301	0.1001248817	-0.1018877904	0.0136461034	-0.0567162307	-0.1461271328	-0.1644434077	-0.0178936936	-0.0327549919	0.0751087074	-0.0056105211	0.0255930577	-0.0320122556	0.041185457	0.0920419836	0.0706145077	0.0253348108	-0.0467565097	-0.133377179	0.1017037618	0.0768398677	0.0168127948	-0.0672159998	-0.015822724	-0.0372770214	-0.032401768	-0.061889231	0.0709947529	-0.0399981796	0.1060290867	0.0311577019	-0.0769875983	0.1748106697	0.0466889544	0.0724552185	-0.1127199081	-0.0007521379	0.0286801757	-0.0110019616	-0.0485575935	-0.1576180788	-0.0099385276	-0.0816412687	0.1252379621	-0.0517587431	-0.0717368797	0.0029910794	0.060069079	0.0953564475	-0.0102051005	0.0585714292	-0.0297372929	-0.0545648929	-0.0334576008	-0.0375160393	-0.0600149544	-0.0897639565	0.0339251109	0.0349494174	-0.0903946745	0.1111058879	0.1156831054103975	-0.0022497034019294	5.061165396653145e-06	0.0133825808773931	0.3392475719793282	-0.0402165607729188	0.0016173717604018	0.1150889150938694	-0.3393434929440388	0.0159548587135134	0.0002545575165681	0.1151540062034609	0.0041439864290535	-0.0002650920555174	1.717262352417958e-05	7.027379789844046e-08	-0.0018799719829736	-6.681928525199984e-05	4.464816881588123e-09	3.5342946567656893e-06	0.000500897771884	-0.0001151032293399	1.3248753404473622e-08	2.508985778783557e-07	0.0	0.0	0.0	0.0	0.0	0.0	0.0	0.0	0.0	0.0	0.0	0.0	0.0	0.0	0.0	0.0	0.0	0.0	0.0	0.0	0.0	0.0	0.0	0.0	0.0	0.0	0.0	0.0	0.0
1087.4882776021325	-1.1393660004080175	1182630.753922053	1.2981548828857623	1545.4148382027672	-4.7354697726248105	22.42467396744328	2388307.022137285	1043.4288192578124	-1.3010974934895785	1088743.7008577525	1.6928546875648638	1088.1299176925816	1047.3674691963308	1.44121	28.185455	0.1289481254512189	0.0886950263856079	0.160834983	-0.0773228287	-0.0215474598	-0.0996442044	0.0821556259	0.0679713229	-0.0908702354	-0.0191027509	0.1576674835	0.0117668627	-0.1015715717	0.081448743	0.0405073936	0.1674988923	0.0283856552	-0.1232310617	-0.0324162627	0.0077909533	0.0477969851	0.0294459908	0.0175909643	-0.185834738	0.1184230351	-0.0341647355	-0.0226162953	-0.044078772	-0.0301408867	-0.0586912066	-0.0222082676	0.0388527153	0.0020486308	-0.1263988047	-0.1197327952	0.0828441429	0.0810189101	0.0410959867	-0.0589565073	0.0079655585	-0.0701151482	0.0209685429	-0.0189059392	-0.0490504042	0.1012199868	-0.0268714425	-0.0200776014	-0.1170721722	0.1659331035	0.1411978349	0.0701932178	0.089952063	0.0559072122	0.1038502619	0.121296826	0.07628719	-0.0388111437	0.0464764319	0.0259967493	-0.0070691582	-0.1242439671	-0.116255263	0.047284082	-0.0590842296	-0.0350241134	0.0286894494	-0.1107975836	0.0486269919	-0.0124593208	0.0339260144	-0.0311073311	0.0161059042	-0.0483731636	0.1581103222	-0.0302051505	0.0779775469	0.023796872	-0.1269470294	-0.0667971648	-0.0238651908	0.0116221345	0.1519226002	0.0831876188	0.1409599346	0.0068693304	0.0202667588	-0.0917650525	-0.0032427319	-0.056160563	0.0544061805	0.0315362929	-0.0547755561	0.0659017343	0.0417034576	-0.0099668677	0.1957276982	0.1248483707	0.0569179228	0.0269027067	-0.0188316749	-0.0797861084	-0.0029394028	-0.0970833748	-0.1169674643	0.0015702155	-0.0542356257	0.0025140074	-0.0514857228	0.0098010825	-0.0273812664	0.0281688424	-0.0476118997	0.07530774	0.050612683	-0.1538533576	0.1378142697	0.0706691461	0.0525855369	0.061061496	-0.2135799878	0.0212415985	-0.0259657954	0.0302151848	0.1182794575	0.0061785952	-0.0053184864	-0.0058324134	-0.0641388612	0.1165779726	0.1520721474	0.0705912192	0.12394142	0.0408047521	0.0486299272	-0.0079008279	-0.0851665051	-0.0155257048	0.0199173793	0.0311353595	-0.0784102005	0.0413420839	-0.0517964174	-0.0102399036	0.1079847877	-0.0768323811	-0.1545116632	0.0870655761	0.1579463031	-0.0311103971	-0.0666760804	-0.0934975213	0.035758999	-0.0371782902	-0.0910168938	0.0380022381	0.0287576717	-0.0851160492	0.1106882998	0.1127443409530428	-0.0029387644573547	8.6363365358113e-06	0.0127112864169359	0.4195738100322757	0.0803262380529474	0.0064523045197387	0.1760421820650001	-0.3016758050804071	0.0376676878636317	0.0014188547089919	0.0910082913709117	0.0042170577425228	7.307131346930007e-05	1.7783576003771493e-05	5.339416852128714e-09	-0.0018717861515278	8.185831445799976e-06	6.700783645904772e-11	3.503583397051252e-06	0.0005799493285146	7.905155663060002e-05	6.249148605720963e-09	3.363412236445355e-07	0.0	0.0	0.0	0.0	0.0	0.0	0.0	0.0	0.0	0.0	0.0	0.0	0.0	0.0	0.0	0.0	0.0	0.0	0.0	0.0	0.0	0.0	0.0	0.0	0.0	0.0	0.0	0.0	0.0
1087.6522712901897	0.1639936880571895	1182987.4632427085	0.0268939297225987	1534.2946250694574	-11.12021313330979	123.65914013023551	2354059.996517027	1042.290572265625	-1.1382469921873053	1086369.6370338043	1.2956062152234475	1087.195806682455	1059.792632965961	1.324399	25.901012	0.134604809399298	0.0687172708621491	0.1278096157	0.0302050477	0.0945364539	-0.1406859907	-0.0286759382	0.0575545834	-0.1802489528	-0.0688230147	0.0191086137	0.1152861242	-0.0196040934	-0.1139607517	0.0831368594	0.1257067431	0.1388751008	-0.0239955263	0.0860185535	-0.031654488	-0.0459771812	0.0827753311	0.0560306838	0.0218959493	-0.012838295	-0.0574335255	-0.0439357751	0.007968346	-0.0056591939	-0.0570933222	0.0223176366	0.0706150941	-0.0891040948	-0.0181064664	-0.0949402103	-0.1409328991	0.0595581119	-0.0739027646	0.1243432486	0.0872966825	0.1584738361	-0.026479995	-0.019758671	-0.0505530608	0.0023627549	-0.1374740212	0.1030771122	0.079500295	-0.0229702185	0.0622759846	0.0013651335	-0.1019244551	-0.0119946057	-0.0519242246	-0.0627582206	-0.0130299949	-0.079321465	0.0572910653	-0.0559348333	0.0598801828	-0.1971157222	-0.0110466721	-0.0368735076	0.119611212	-0.0679988844	0.132520454	0.0889932513	0.0184189505	0.0113238285	0.0788557236	-0.1258129948	0.095226775	-0.0409325045	0.1535177046	0.0966777192	0.1431033583	-0.0861041817	0.0501073027	0.0517315905	0.0081536346	-0.0450919735	-0.0198028917	0.0507920926	-0.0242769325	0.0339556787	0.0562366425	-0.0203585159	0.0100135339	-0.0104582118	-0.0200667202	-0.0229684105	-0.1233262021	0.040454369	0.0238175013	-0.0926929407	0.0926007763	-0.1521734961	0.0485457887	-0.0984605254	0.0635861555	0.0366759939	-0.0498130552	0.0309854226	-0.015490636	0.0370879337	0.0248758174	0.0870199763	0.0110841155	0.0576631355	-0.0114703551	0.1507215165	0.056704407	0.0722406951	-0.0412409296	0.1682047967	0.0349847738	-0.1799483723	0.0441121016	-0.0040284165	-0.1536105301	-0.0204015796	-0.0261104687	-0.1217176906	-0.0828804806	0.0040186129	-0.0079601708	0.0605662728	0.1966125252	-0.0356934326	0.1165143327	0.0714125649	0.0823597494	-0.0183269392	-0.0210100706	0.1562188334	0.0879740685	-0.0976986922	0.0342257315	0.0082025468	-0.146343822	0.0035307102	0.0326074237	0.0551059743	0.0721016774	0.0526039572	-0.0260211212	0.0033058376	-0.0064159924	-0.0307850523	0.1048833617	0.0609116898	-0.0265187279	0.0531066179	-0.0922356034	0.0420222065	0.0224686191	-0.0793255261	0.1092308605	0.0854701369628401	-0.0272742039902026	0.0007438822032991	0.0073051443124466	0.3631850774167731	-0.0563887326155025	0.0031796891659826	0.1319034004582274	-0.2945594890320393	0.0071163160483677	5.064195410025661e-05	0.0867652925788161	0.004659754398586	0.0004426966560631	2.171331105514157e-05	1.959803292895389e-07	-0.001713019055354	0.0001587670961738	2.5206990827460665e-08	2.9344342840059103e-06	0.0008549967111821	0.0002750473826674	7.565106271224215e-08	7.310193761322073e-07	0.0	0.0	0.0	0.0	0.0	0.0	0.0	0.0	0.0	0.0	0.0	0.0	0.0	0.0	0.0	0.0	0.0	0.0	0.0	0.0	0.0	0.0	0.0	0.0	0.0	0.0	0.0	0.0	0.0
1087.909506557218	0.2572352670283635	1183547.0944575695	0.0661699826031534	1546.7612586858122	12.466633616354784	155.41695372442717	2392470.391371318	1043.1272584960936	0.8366862304685583	1088114.477417576	0.7000438482556854	1087.571983713529	1037.2621656529598	1.407404	27.524313	0.0983707183441529	0.0474156572684427	0.0979161236	0.1014490648	-0.0996091163	-0.1128494085	0.050998249	0.083546821	-0.0857720487	-0.1216254427	0.0772408645	-0.092808103	-0.0670892497	-0.0571730536	0.1127600785	0.1298842063	0.1237674527	0.0090225664	0.0586945888	0.0302912616	0.0184491624	0.0867566762	0.0450548608	0.0269689658	0.0225571406	0.0832354204	-0.0054717586	-0.0195816975	0.0006180002	-0.0534797509	-0.013306005	0.0810541821	0.0261834598	-0.0096602026	-0.0497049418	-0.0462459869	0.0079236584	0.0106916514	0.148015708	-0.0746908619	0.0877475859	-0.0510554598	0.051659512	0.037039091	-0.0169568264	0.06910883	0.0039200316	-0.0728804715	0.0028305308	-0.124561154	0.0398501001	-0.0132960123	0.0196456211	-0.0044258207	-0.0171885908	-0.1270633224	0.1573844328	-0.0475124025	0.0129944039	0.0166798516	0.0046263461	-0.0022270518	-0.0740145642	0.0808114307	0.1192660655	-0.0136657851	-0.0257625276	-0.0360105557	0.0132092571	0.015964298	0.0175654656	0.0115830325	0.0658622245	0.111098202	0.0419739072	0.1521812373	0.0886306466	0.059948896	0.0380945754	-0.0211983871	-0.0511033476	-0.0495232922	0.0410366601	0.0952470127	-0.023780066	0.0149769541	0.0333313761	0.0146365796	0.0236643778	0.0002002891	-0.0473149321	0.0285360758	0.060384358	0.0492557513	-0.0064529752	-0.0221138567	-0.0459141493	-0.0007203279	-0.1482351523	0.0309950397	0.0380123781	0.0627145192	0.0602519267	-0.0553083079	0.0089739243	-0.0533348744	-0.0627175888	-0.0660954463	-0.0045076881	0.0078905958	-0.0110047668	0.0565781593	-0.0246788924	0.0939910198	-0.1048718264	-0.0517040597	-0.106186963	-0.0017611724	-0.0094537984	0.0507855256	-0.109093904	-0.1059769489	0.0598875971	-0.1179139752	-0.0322797681	-0.0116989992	0.0382327305	0.0309998303	-0.0134198162	0.1070304578	0.0768440257	0.0767765725	-0.1163224394	-0.0031883293	-0.0162427999	-0.0146743243	0.0353267691	-0.0865441316	-0.0603885854	-0.1190760815	0.1090563693	0.0347895655	-0.0584464998	0.149782431	-0.0279602741	0.0156393727	-0.0019553545	0.0909649424	-0.0960144	0.020723472	0.0347467379	-0.0655878078	-0.035375047	-0.0934196269	0.0459789694	0.0161035399	-0.0730579298	0.106747262	0.1212740732769361	0.0358039363140959	0.0012819218555838	0.0147074008491796	0.3420580489600695	-0.0211270284567035	0.0004463513314103	0.1170037088583693	-0.291204884754336	0.0033546042777033	1.1253369859985572e-05	0.0848002849047861	0.0046995456685062	3.979126992020073e-05	2.208572949037539e-05	1.5833451618622715e-09	-0.0020828316073611	-0.0003698125520071	1.3676132362200416e-07	4.338187504622423e-06	0.0005028975471964	-0.0003520991639856	1.2397382127942882e-07	2.529059429761554e-07	0.0	0.0	0.0	0.0	0.0	0.0	0.0	0.0	0.0	0.0	0.0	0.0	0.0	0.0	0.0	0.0	0.0	0.0	0.0	0.0	0.0	0.0	0.0	0.0	0.0	0.0	0.0	0.0	0.0
1088.462141173639	0.5526346164210736	1184749.832768303	0.3054050192668671	1541.267482075212	-5.493776610600207	30.1815814471779	2375505.451302464	1043.8498496028649	0.7225911067712332	1089622.5085159235	0.5221379075848757	1087.6299202428368	1043.6626569316782	1.271573	24.867891	0.0887908249278752	0.052269072819773	0.0845548096	-0.0662973289	-0.0582919151	-0.0875071936	0.1318274862	-0.0313765943	-0.0599243602	0.0188321015	0.1345719634	-0.0871221039	-0.0842626566	-0.0143070241	-0.0024635268	0.1055473517	0.0744031226	0.0055894436	-0.0742814079	-0.0161492044	0.0043149561	-0.0641837056	0.013744681	-0.0540975082	-0.0679451234	0.0457232136	-0.0459294716	-0.0325140886	0.0506295366	-0.0619973883	-0.0212207365	-0.0581102109	-0.1260549637	-0.1363342041	-0.0896124855	-0.0778273607	-0.0424941002	-0.0137110428	0.0471789902	0.0091641585	0.0106376407	0.0287742458	0.0112699015	0.0447805227	-0.0231418735	0.1110488327	-0.126307046	0.0374047028	-0.0849690138	0.0126453071	0.0791465529	0.0414246502	-0.029477466	-0.0118935419	-0.0407275684	-0.0185431585	0.2421667283	0.0649685699	-0.1273901076	0.0990876423	-0.0708896099	0.1311342778	-0.0676366221	-0.0070982866	0.0512492845	0.0064234969	-0.0159255797	-0.0136119116	0.1222840976	0.1749035457	0.1855639958	0.0312696087	-0.0536680235	0.0663938173	0.0707570497	0.0598830812	0.0580524044	-0.1053205104	-0.0071404751	-0.023450803	0.0087479516	0.0344230357	-0.074902394	0.0211615922	0.0711957614	-0.0476725023	0.064432927	-0.0503381283	0.1022663001	-0.0011684457	-0.1124289652	0.0020270038	0.007284947	0.1657003976	0.0472463713	0.0723580955	0.0033838422	0.0546676268	-0.1305287269	0.0048710524	0.0871148992	0.1113292592	-0.0125418398	-0.03263072	0.005496575	0.1075442832	-0.0520362706	0.0445445439	-0.0707705663	0.1435510889	-0.0931715556	0.008605503	-0.0036231495	0.0642155324	-0.0491618167	0.0709170844	-0.1243978164	-0.1659492911	-0.103526949	0.0300661947	-0.0759237758	0.0961722807	0.0527892425	0.0153799945	0.0143030656	-0.009319983	0.0110781029	-0.0592331763	3.98673e-05	0.0946962175	0.0823810798	0.1069858588	0.0054799104	0.0722787303	-0.0238168797	-0.070185847	-0.0052304461	-0.0030353265	-0.0564765353	-0.078735987	0.0182429864	0.0434531922	0.0436866445	0.1289264892	-0.0514597465	-0.1009872139	0.0101419125	0.1067757142	-0.032929425	0.0716176378	0.0116013831	-0.0317901832	0.0525017429	-0.0945685192	0.0498665756	0.0096839714	-0.0663509546	0.103260836	0.1212839941253491	9.920848413003114e-06	9.842323323378639e-11	0.0147098072309977	0.3860325250907976	0.043974476130728	0.0019337545509719	0.1490211104279772	-0.2752322927083668	0.0159725920459691	0.0002551236966669	0.0757528149495041	0.0047309383965049	3.13927279986994e-05	2.2381778111524352e-05	9.85503371200325e-10	-0.0019668086136084	0.0001160229937526	1.3461335079339025e-08	3.868336122564197e-06	0.0009321585435003	0.0004292609963038	1.842650029478168e-07	8.689195502206007e-07	0.0	0.0	0.0	0.0	0.0	0.0	0.0	0.0	0.0	0.0	0.0	0.0	0.0	0.0	0.0	0.0	0.0	0.0	0.0	0.0	0.0	0.0	0.0	0.0	0.0	0.0	0.0	0.0	0.0
1089.1706836798758	0.7085425062366539	1186292.778187688	0.5020324831441187	1538.4940569226137	-2.7734251525982927	7.691887077064863	2366963.9631862026	1045.030435891927	1.1805862890621484	1092088.611940471	1.3937839859215344	1088.96700543173	1045.8123395807577	1.177016	23.018656	0.1243914060387399	0.0651437317547723	0.0639973806	-0.046837519	0.1037951756	-0.0996733969	0.0355123084	-0.037120898	-0.0678613449	0.0340702312	0.0494707053	0.0316280963	-0.102373355	-0.0644397886	0.0788106445	0.0485748705	0.0123561691	-0.0580234312	0.0327052838	-0.1043423203	-0.0841087851	-0.0183868409	-0.0106429594	-0.0973153284	0.0588829813	-0.0159989301	-0.0020239816	-0.0961972367	-0.0236612473	-0.0087475661	0.0563703275	-0.1493176427	-0.0909815539	-0.0203201495	0.0231801994	0.0749767273	-0.082462142	-0.1465771048	-0.0273518348	0.0691494369	0.0327055649	-0.1362208161	-0.0160511847	-0.0051739748	-0.0050123182	0.0315846081	-0.0409584998	0.0891871015	-0.0833562185	-0.1297459606	0.0316209687	-0.0592413865	-0.1327935336	-0.1446774982	0.0651255517	-0.0118380058	0.0135417964	0.046935826	-0.1333845183	0.0298448626	0.0504547236	0.1012694454	0.0594879671	0.1403402539	-0.1165316947	-0.0954092027	0.0474560315	0.0182554434	-0.1065363328	-0.1857074424	0.1073807875	-0.0463406123	0.0059071199	0.0464501769	0.0740370626	0.0157508709	-0.0951160933	-0.0529740401	-0.0373062491	-0.0353534154	-0.0808486301	0.1000125004	-0.0273509759	0.0466739036	-0.0082631593	-0.1004856653	-0.0537325246	-0.1139680793	0.0175047786	0.0080778918	0.0017106583	-0.1371430168	-0.0853035033	0.0723488444	-0.009674646	-0.0532032144	0.0194319705	0.0695129064	0.0536624575	0.0370031726	0.0959304887	-0.0149533433	0.0998501572	0.0162906903	0.0258410927	0.0925244262	-0.0138881406	0.0194761874	-0.0711801875	-0.035667457	-0.1357142165	0.0761122456	-0.0698904994	0.0116996577	0.1134929119	-0.1566355459	-0.0320512587	-0.1935356559	-0.007237444	0.0311929235	0.0628439358	0.0788082682	-0.0454576884	-0.0533147037	0.0715156309	0.0732445844	0.0303475308	0.0332618269	-0.0354817442	0.0518466317	0.0923259997	0.0619126016	0.0184930136	0.0642220567	0.1472410173	-0.0119981709	-0.0379924373	0.0903792991	-0.0030424284	-0.0487642404	0.0582784702	0.1366740344	0.0282672789	0.1789509141	0.0739073914	-0.0440133248	-0.0283360145	0.0708564083	-0.0185200706	0.0660500134	0.1036937386	-0.0542884067	0.043904826	-0.095681848	0.0536791777	0.0032316354	-0.059244937	0.0988043356	0.1405582989369378	0.0192743048115887	0.00037149882597	0.0197566354000455	0.3307335381175278	-0.0552989869732697	0.0030579779602698	0.1093846732357382	-0.2607462844261903	0.0144860082821764	0.0002098444359512	0.0679886248420637	0.0045809538186714	-0.0001499845778334	2.098513788880009e-05	2.249537358789307e-08	-0.0020788584411828	-0.0001120498275743	1.2555163859452768e-08	4.321652418476982e-06	0.0013767662575265	0.0004446077140262	1.9767601937160333e-07	1.8954853278635248e-06	0.0	0.0	0.0	0.0	0.0	0.0	0.0	0.0	0.0	0.0	0.0	0.0	0.0	0.0	0.0	0.0	0.0	0.0	0.0	0.0	0.0	0.0	0.0	0.0	0.0	0.0	0.0	0.0	0.0
1089.4792751432456	0.3085914633697939	1186965.0909666517	0.0952286912647108	1544.83032751652	6.3362705939061925	40.14832503920034	2386500.740814798	1045.1161929492189	0.0857570572918575	1092267.8567646688	0.0073542728753589	1088.928092915226	1048.8834390652837	1.341798	26.241274	0.1173861971494614	0.0601317273359454	0.0419690708	0.1335701042	0.0070470514	-0.0812542088	-0.0066198328	0.0073234146	-0.0668686801	-0.0127582472	-0.0608085069	-0.0575950251	-0.1501580736	-0.047532541	0.0808542164	0.0777006821	-0.0484226189	-0.0104018522	-0.0223274117	-0.0433748871	-0.1115029282	0.085008458	0.0665425763	-0.0070838632	0.0024884091	0.0532492994	0.020577441	-0.0896954463	0.0175241137	-0.0562882352	-0.0668957979	-0.1456275978	-0.0207278815	0.1696585531	-0.0418509303	-0.0375490579	0.151160249	0.003330556	0.1067363252	0.0869411145	-0.080897865	-0.0353218055	-0.0223190923	-0.0265361044	0.0312836572	0.0958785514	0.1002963177	0.094639961	0.0476455661	0.0152624744	-0.0270197163	0.1533213253	0.0041730841	-0.0180989554	-0.0247076681	0.2151466502	0.1188490984	0.0120614863	-0.006744383	0.040695877	-0.0079840556	-0.1011509649	-0.0056640393	-0.0134319067	0.0182968118	0.0709316693	-0.0121603017	0.0381319482	-0.0174950505	-0.0187246427	-0.0203638211	0.1228831582	0.0864732238	0.0667333731	0.0299747988	-0.0097455223	0.0050286684	0.0441717756	0.0584951995	-0.1590813246	-0.1269829615	0.0076884687	0.0068437385	0.0617161413	0.0284168433	-0.1169911184	0.0619234109	-0.080343876	-0.0723636061	0.0602319928	0.0804163707	-0.0494725878	-0.1601157574	0.0314969852	-0.0198005248	-0.0023506365	-0.1039325569	-0.1048209058	-0.0702289457	0.0352991363	-0.1357393916	0.0744128647	0.0370852236	0.0130328691	0.0703300499	0.0752587238	0.1042203047	-0.0348311417	-0.013792958	0.1027431184	-0.0558811425	-0.131458529	-0.0398539024	0.1058667933	-0.0480683482	0.1928436813	0.0253815176	-0.0047661985	-0.0310953657	-0.0144883701	0.0442507147	-0.0545747056	-0.0803561837	-0.0391211462	-0.016031149	-0.0222157266	-0.0033100719	0.0848305201	-0.0213159242	0.0603620813	0.0719057732	0.0233190021	-0.0879595318	-0.0389391926	0.0738928009	0.083223815	0.0659529316	-0.040712452	-0.0247390366	-0.0211335515	0.0314921526	0.0539925216	0.0675282149	0.1780708122	-0.0634236616	-0.0376477467	0.0374282554	0.0046830882	-0.0266366048	0.0953183494	0.1372194834	-0.1022633162	0.0377233838	-0.0967591949	0.0574110412	-0.0032316354	-0.0517826133	0.0934196269	0.1401577900852828	-0.0004005088516549	1.604073402539991e-07	0.0196442061215902	0.3411666607999706	0.0104331226824427	0.0001088500489069	0.1163946904414022	-0.276374245012704	-0.0156279605865137	0.0002442331520936	0.0763827233063421	0.0053767565114406	0.0007958026927691	2.890951058331889e-05	6.333019258187092e-07	-0.0013871987026667	0.0006916597385161	4.7839319388416e-07	1.924320240680176e-06	0.0010457365882348	-0.0003310296692917	1.095806419513723e-07	1.09356501197296e-06	0.0	0.0	0.0	0.0	0.0	0.0	0.0	0.0	0.0	0.0	0.0	0.0	0.0	0.0	0.0	0.0	0.0	0.0	0.0	0.0	0.0	0.0	0.0	0.0	0.0	0.0	0.0	0.0	0.0
1090.2101196266565	0.7308444834109196	1188558.1049363683	0.5341336589321739	1552.3751170663654	7.544789549845518	56.92384935145814	2409868.504086812	1044.8938765820312	-0.2223163671876591	1091803.213318625	0.049424567119518	1088.8785960506436	1044.2131452495316	1.384692	27.080135	0.1254311490703531	0.0581257199938679	0.0206212376	-0.059781444	-0.0895611621	-0.0470890064	0.1247284315	0.0183293687	0.0440576958	0.0381132788	0.1137637133	-0.1033994221	-0.0879501651	0.0401264562	0.0431740185	0.0538312155	-0.0248084539	-0.1151233164	-0.0256968493	0.0100575506	-0.0446855296	0.039049051	0.0600838986	-0.1759152714	-0.0296807905	0.0618157363	-0.0632315079	-0.0121323003	0.1357770158	0.0530647118	-0.0484041256	-0.2457657718	-0.0297446082	0.0220571794	-0.0239595727	0.0114558862	0.107745337	0.1473932673	0.0134585902	0.0198287191	-0.0828037286	0.1474203588	-0.014124442	-0.0313112365	-0.1392646052	0.0625594261	-0.025143843	-0.0209191282	-0.0395925838	0.1340805223	-0.0421862839	0.0817854286	0.0246927928	0.0701335287	0.0314894538	-0.1328949899	0.0765696211	0.1178024177	-0.0109305863	0.0781694039	0.200545109	0.0537752472	0.0076549177	0.0794733735	-0.0272366517	-0.1844378391	-0.0165110765	0.1249645943	0.0654942187	0.1084288125	-0.1078324509	-0.0466876729	-0.0340755889	0.0398302823	-0.0618345184	0.0287619768	0.0308374321	-0.0793214628	-0.0253364197	-0.0415235824	-0.0601484058	0.1418840703	0.0425814607	0.0892850522	0.112841909	-0.0323431949	0.067105405	-0.0749119162	0.1049269669	0.0826836071	-0.0598214795	0.0056242893	-0.239911181	-0.0018881175	0.1104350991	0.0579804012	0.0644137811	-0.1240083295	-0.1165681378	-0.0659023513	-0.0415776837	0.0616687754	-0.1168221747	0.0684416692	-0.1234744204	0.0675713476	-0.0083356849	-0.0799827134	0.0437308609	0.1648406138	0.033753651	-0.1155403168	0.058486185	0.1176738525	-0.0310402401	-0.1757588733	0.0462500007	-0.0012755334	-0.0661969586	-0.0186216091	0.170067676	0.0941191312	0.0875368253	0.1223228532	-0.0668897095	0.0616345657	0.0668664171	-0.0155883144	-0.004146198	0.0300423694	0.0888605323	0.0652659092	0.0097698443	0.0497409148	-0.0896445625	-0.0722330272	0.0384889477	0.003517135	-0.1606381511	-0.1055232948	-0.0571783611	0.1135953486	0.0300636107	0.1171727291	-0.085971216	-0.0560331781	0.0211803144	0.0635853285	-0.0677881645	0.0074180946	0.033392349	-0.0093716542	0.0353720953	-0.0978001546	0.0610565531	-0.0096839714	-0.0440088629	0.0871572961	0.1542171638351419	0.014059373749859	0.0001976659902382	0.0237829336213549	0.3601660543153286	0.018999393515358	0.0003609769539514	0.1297195866810722	-0.233483114955348	0.042891130057356	0.001839649037597	0.0545143649692522	0.005123993884041	-0.0002527626273995	2.6255313323689576e-05	6.388894580994873e-08	-0.0016480513642576	-0.0002608526615908	6.804411105905654e-08	2.7160732992313365e-06	0.0005697268422697	-0.0004760097459651	2.2658527825375918e-07	3.245886748026036e-07	0.0	0.0	0.0	0.0	0.0	0.0	0.0	0.0	0.0	0.0	0.0	0.0	0.0	0.0	0.0	0.0	0.0	0.0	0.0	0.0	0.0	0.0	0.0	0.0	0.0	0.0	0.0	0.0	0.0
1089.8952471975815	-0.3148724290749669	1187871.649863877	0.09914464659157	1541.4357330738178	-10.93938399254762	119.67012213640707	2376024.119196818	1045.0452524023435	0.1513758203122961	1092119.5795686778	0.0229146389752205	1088.5411024220073	1050.8771721956864	1.281311	25.05835	0.0891925271146135	0.0479657809193306	-0.0251948883	-0.0293441263	0.0912798202	-0.0586052482	0.0407748255	-0.0758049913	0.0043089925	-0.0170632788	0.0333632866	0.095584271	-0.0723824238	-0.005801652	0.0589822955	-0.0001657983	0.0187338373	-0.0696409165	-0.0576192569	-0.0552181637	0.0195885513	0.0318897323	0.1264974289	0.0720925379	0.064720111	-0.1250332615	0.0294502387	-0.0204224512	-0.0960603334	0.1290805388	-0.0296990236	0.0325954909	0.0600619051	0.0030213018	0.0115107702	0.0462042657	0.1509691026	0.0479267175	0.0286397382	0.0913217251	-0.0455351515	-0.0769720754	0.0178074935	0.0851296679	-0.1341926606	0.2198357344	0.0157044035	0.0473998455	0.0269426197	-0.0336413904	0.042780486	-0.0017140166	-0.0785925041	0.0166877654	0.1276910413	0.0299655556	-0.0621826139	0.0761467337	-0.0297552907	0.0061983214	0.0158412222	-0.0539838155	0.1181818358	-0.0719767172	0.0969868113	0.0757818305	0.1506294406	-0.0739005289	-0.1530965705	0.025941483	-0.1410458325	-0.034684982	0.0261959042	-0.0173672617	0.0133680386	0.042038865	-0.0557345163	-0.0507422253	0.07696679	-0.1018140903	0.079611297	0.0035037324	0.0365480076	0.0137029751	-0.1123410744	0.002355143	-0.145914867	-0.0822758542	-0.0084619337	-0.0651194526	0.1697672374	0.0221638575	-0.0686245641	0.0210860769	-0.0883014355	0.0617970732	0.0231757828	-0.1359965769	-0.0365106047	-0.0059918917	0.1082839114	0.1739462839	-0.0571957631	-0.081123423	-0.0352350023	-0.0179022843	0.0377308249	-0.0649168564	-0.0642480613	0.0037676607	-0.0903243259	0.0107816579	0.0324146193	0.001887589	0.0958602612	0.0423684784	0.0351871012	-0.0150442065	0.03290822	0.0068742316	0.0584902747	-0.0539473758	-0.013008408	-0.0938112574	-0.0876278579	-0.0860732893	-0.172926133	-0.0052817167	-0.044227142	-0.021585113	0.0988367789	0.0523749686	-0.0068850853	0.034034602	0.1238374385	-0.0150462791	0.0288798491	0.1434490138	-0.0271574486	-0.0531745696	0.0165983511	0.0980552206	-0.0291712064	0.05267454	0.0414411654	-0.0642358334	0.0462476702	0.0575864106	-0.010625745	0.0669436744	0.0023332541	-0.0037578184	0.0470644571	-0.0988043356	0.0646102301	-0.0161035399	-0.035970438	0.080076174	0.1548423411851303	0.0006251773499884	3.908467189385233e-07	0.0239761506236922	0.3675278740509071	0.0073618197355784	5.419638981915278e-05	0.1350767382043794	-0.1969584791665113	0.0365246357888366	0.0013340490195071	0.038792642515585	0.0052810600062224	0.0001570661221813	2.788959478932173e-05	2.4669766737102325e-08	-0.001820015069931	-0.0001719637056733	2.9571516068927726e-08	3.3124548547759427e-06	0.0011343148992191	0.0005645880569494	3.18759674049899e-07	1.286670290590437e-06	0.0	0.0	0.0	0.0	0.0	0.0	0.0	0.0	0.0	0.0	0.0	0.0	0.0	0.0	0.0	0.0	0.0	0.0	0.0	0.0	0.0	0.0	0.0	0.0	0.0	0.0	0.0	0.0	0.0
1091.316014463429	1.4207672658474166	1190970.643424343	2.018579623703544	1547.016689268044	5.580956194226246	31.147072041872303	2393260.63687386	1044.4137292773437	-0.6315231249998305	1090800.0379030083	0.3988214574095516	1087.7967935115128	1054.218792301807	1.229874	24.052404	0.096518554210739	0.0546731016748345	-0.0755843393	0.0350930048	-0.0873903859	-0.0325381695	-0.0066212275	-0.0370198409	0.0517906834	-0.074337913	0.0187493193	-0.065372573	-0.0038541302	-0.0261451104	0.1190751632	-0.0258818322	0.0890060501	0.0436942112	-0.0487443752	-0.020652394	-0.0799167519	-0.0890885791	0.0799529531	0.0118046029	0.040278931	0.1153010661	-0.0235219094	-0.0404132206	0.0043497235	-0.0999632438	-0.0135890298	-0.0867942961	0.133404185	-0.0371216638	-0.0182886213	-0.0644717053	-0.0490484328	-0.0591143136	-0.0531134729	0.0237034096	-0.0568217238	-0.0273889726	0.0085437492	0.0400110118	-0.0509164382	0.020769546	0.0291975423	0.1413404107	-0.0262386461	0.1800196664	0.0140199962	0.05677252	-0.1555201111	-0.0515550148	0.0956698637	-0.0604116436	-0.0189282658	-0.0169157864	0.1088067726	-0.113261135	0.0374410215	-0.2056347114	-0.0020885423	0.1412132446	0.0671994101	0.0791841423	0.0110069525	-0.0095382583	0.1508883578	-0.0838901394	0.117935099	0.049104867	0.1309467209	-0.0620892293	0.0389525445	0.0947499637	0.0824455233	0.0078623326	0.0632491681	-0.1087095793	-0.0639535297	0.0173384773	-0.1371603267	0.0522859755	0.0372322667	-0.0330711075	0.0200143299	-0.0882845902	-0.0134536925	0.0512757933	-0.0510454283	0.0607832887	-0.045214378	-0.0204239719	-0.020665368	0.0405702327	-0.0318828027	0.0644241526	0.1028188392	-0.0486417495	0.0208287126	-0.0442878304	-0.0184498074	-0.0198425576	-0.0225424019	-0.0910511928	0.1223920562	0.0699914228	-0.0226674506	0.2040599343	-0.0401926132	-0.0357283292	-0.1013173735	-0.0247315872	0.0758237701	-0.0310293148	0.1052835712	0.0354259088	0.1248889533	-0.0304553053	0.0013108632	-0.1339880046	0.0021525045	-0.1620554974	0.0857892358	0.192777102	-0.0883109899	0.0339609399	0.1406256101	-0.0458259809	0.1105145822	0.030253561	-0.0558696539	0.0721209286	-0.0043222013	0.1243638228	0.1115661196	0.0535412817	-0.0942561853	0.0156125307	-0.0324332763	0.0493358925	-0.0396685544	0.0557267305	0.0185892002	0.044388149	-0.0535154037	-0.0341048675	-0.0375038349	0.0375987531	-0.0008249493	0.0633306901	-0.0303785373	-0.0997713604	0.0680667272	-0.0224686191	-0.0277156827	0.0722427837	0.1605476628102451	0.0057053216251148	3.2550694846002654e-05	0.0257755520338321	0.3518701372632904	-0.0156577367876166	0.0002451647213102	0.1238125934976868	-0.1930968273986337	0.0038616517678775	1.4912354376352106e-05	0.0372863847514177	0.0060321938147602	0.0007511338085378	3.638736221883122e-05	5.642019983285007e-07	-0.0018200638767327	-4.8806801699989584e-08	2.382103892182105e-15	3.3126325153872645e-06	0.0018090091644822	0.0006746942652631	4.552123515789145e-07	3.272514157180588e-06	0.0	0.0	0.0	0.0	0.0	0.0	0.0	0.0	0.0	0.0	0.0	0.0	0.0	0.0	0.0	0.0	0.0	0.0	0.0	0.0	0.0	0.0	0.0	0.0	0.0	0.0	0.0	0.0	0.0
1091.8657492805355	0.5497348171065823	1192170.8144519452	0.3022083691392075	1548.8839890774104	1.8672998093663864	3.486808578059743	2399041.611620352	1044.3576505664062	-0.0560787109375269	1090682.9022965836	0.0031448218204147	1088.3569630157158	1053.9769045518194	1.276196	24.958302	0.1121292067201311	0.0517984720998229	-0.0722900373	-0.0792077948	0.0417038832	-0.0183618941	-0.0176393534	-0.0081493946	0.0776311104	0.1315910279	0.0394332592	0.0296654524	-0.0548384098	-0.0282550263	0.1453502378	-0.0398441917	0.056593533	0.0100888118	-0.1730328935	0.0287785049	-0.066939181	-0.1021649598	0.1458356359	0.0908133406	0.0598826597	0.0217044329	-0.0895641105	0.1751125434	0.0618240891	0.1267824149	0.0303347195	-0.0664404815	-0.0566462423	-0.0285049369	0.1715131819	-0.0028462474	-0.028052441	-0.0344126044	-0.0535714033	-0.0733120271	0.0683090395	-0.0634646414	-0.0392406637	0.0494478626	0.0598184737	0.0367751497	-0.0673944684	0.0982819997	0.0815594394	-0.0932023445	-0.0472360205	-0.036070072	0.0547254639	0.0396023311	-0.1271529553	-0.0844049741	-0.0920591953	0.109862864	0.0058900949	-0.0672273279	-0.1404635117	0.0643321419	0.0057455482	-0.1009137775	0.0352357635	-0.0779696671	0.1028219249	0.000804293	0.0194807648	0.1220616599	-0.1004003887	-0.0038939898	0.0117675502	-0.0437108537	-0.010018852	0.0398549348	0.0027322224	-0.1405052219	0.1732883384	-0.023978968	0.0664915635	-0.0281910992	-0.1186963053	-0.0230111954	-0.0138520254	0.1817122819	-0.0025998855	-0.0446137002	0.1479451118	-0.1685442154	-0.0875198567	0.0330175369	-0.0755166462	-0.0278840276	0.0096005787	-0.1212972715	0.0578559541	-0.0096229154	0.0855433226	0.0477048482	0.0127633575	0.0137544727	-0.0645451814	-0.0366986308	0.0591407275	0.1737153358	0.0535950805	0.0273481584	-0.0864381635	-0.1312928959	0.0654411558	0.0084161784	0.1151096887	0.0153214385	0.0703030011	-0.042231539	0.0359520393	-0.083970608	0.0280442113	-0.0429380588	-0.1976526055	0.0534069967	-0.0506373824	-0.0246010533	-0.1170820086	-0.0255372024	-0.0180104493	-0.0961452127	-0.081044024	-0.0663309424	0.1115328958	0.0240112913	0.0859516301	0.0922369281	0.0748821766	-0.0277422359	0.1402853223	-0.0323534084	-0.1256758323	0.0947241648	-0.0197470283	0.0137472981	-0.0109307238	-0.0464300095	0.0711785134	0.0289283599	-0.1344612285	-0.0714859812	0.0112222191	0.0901473359	-0.0023690266	-0.0155552804	-0.076533799	-0.1007008652	0.0714208455	-0.0287576717	-0.019294242	0.0637307152	0.1789866767128103	0.0184390139025651	0.0003399972336989	0.032036230440696	0.3183915123460252	-0.0334786249172652	0.0011208183263509	0.1013731551339891	-0.167432202210108	0.0256646251885257	0.0006586729860675	0.0280335423369264	0.0063720238658178	0.0003398300510576	4.0602688146551625e-05	1.1548446360181113e-07	-0.0021687499149447	-0.000348686038212	1.2158195324398045e-07	4.703476193572644e-06	0.0018114319294481	2.42276496589984e-06	5.8697900799916535e-12	3.2812856350240662e-06	0.0	0.0	0.0	0.0	0.0	0.0	0.0	0.0	0.0	0.0	0.0	0.0	0.0	0.0	0.0	0.0	0.0	0.0	0.0	0.0	0.0	0.0	0.0	0.0	0.0	0.0	0.0	0.0	0.0
1090.923242912691	-0.942506367844544	1190113.521927142	0.8883182534275149	1554.6615542098243	5.777565132413884	33.38025885928465	2416972.5481381067	1044.46178984375	0.1041392773438474	1090900.4304436098	0.0108449890856987	1087.4740605344514	1046.8089584895847	1.337998	26.166952	0.0769059269942951	0.0491417333054699	-0.0699096197	0.1239442355	0.0031197312	-0.0092765124	0.0047526833	-0.0793446956	0.0430818315	-0.0835573023	-0.1161057531	-0.0252626886	-0.0619347128	0.1363446868	0.0166637422	-0.0733440629	0.0931596196	0.0252697412	-0.0257445151	0.0566442231	-0.033629963	-0.0381071267	0.1138363572	-0.08647479	0.0579214857	-0.0666247025	-0.0057163872	0.0221758859	-0.0452386741	-0.1783921632	-0.0161089479	0.0826206266	0.0740679567	0.1845204167	0.1210453707	0.0480765265	-0.0376635897	-0.0369950509	0.0282154972	0.069928317	-0.0222222307	0.0256879473	0.0548064822	-0.0220007584	0.094587218	-0.0564993407	-0.1019476466	0.0261573581	-0.0491150777	-0.0463774545	-0.045156349	0.078024132	0.0165040242	-0.0611263507	-0.0759971669	-0.0290915783	-0.0510373491	-0.0026480415	0.0716395164	0.0146008018	0.0042637309	0.1002480383	0.0412376221	-0.1309682025	-0.1681449322	0.0073030968	0.0128597395	0.0572456954	0.134563601	0.0719923356	0.0331300751	-0.1239197178	0.0228723452	-0.1083879771	0.0707867313	0.0756728033	0.0326007774	0.0155533322	0.1015978233	-0.0723783203	0.0182095708	0.1258767279	-0.0234313262	0.0161788229	0.0361389938	0.0519039771	-0.0313675938	-0.057194376	-0.1581533593	0.0661051052	0.011699842	0.0716851491	0.1363711457	-0.0478029064	-0.0966146813	-0.151852178	-0.0460234171	-0.0690423734	0.0202271849	0.0192631956	-0.0689502323	0.0093609415	0.0726457842	0.0528289844	0.0130903814	0.1199507704	-0.062742306	0.0197409476	-0.0145404008	-0.0430687755	0.000955396	-0.0332401364	-0.0131617788	-0.0165652415	0.0692528007	-0.0471832599	0.014320233	0.0700140171	0.0493646623	0.0168721959	-0.0125876262	0.2086225152	-0.0763994917	0.0451948146	0.1076743238	0.0251723371	-0.0021046878	-0.1565023138	0.0081408006	-0.0746419587	0.0927407903	-0.0047204236	-0.1265005868	0.0005917843	0.056070735	-0.0684027986	0.0843183745	0.0311436677	0.0403870545	0.1016864444	0.0565081185	-0.0012769725	0.0787202648	-0.0730766131	-0.0946035803	-0.0675398288	-0.0815339827	0.0277703104	0.1075332675	0.0567424731	0.0605168796	0.0114702245	0.1189340428	-0.1015925006	0.0746675401	-0.0349494174	-0.0107567634	0.0546199342	0.1789848487082821	-1.8280045281926505e-06	3.3416005550928344e-12	0.0320355760671266	0.2989390512108087	-0.0194524611352164	0.0003783982442171	0.0893645563388185	-0.1676438042537285	-0.0002116020436205	4.477542486437253e-08	0.0281044451046624	0.0055077087101485	-0.0008643151556693	3.033485523584565e-05	7.47040688319647e-07	-0.0021717986468923	-3.048731947600039e-06	9.294766488317128e-12	4.716709362643226e-06	0.0015339951008464	-0.0002774368286016	7.6971193864569e-08	2.353140969420757e-06	0.0	0.0	0.0	0.0	0.0	0.0	0.0	0.0	0.0	0.0	0.0	0.0	0.0	0.0	0.0	0.0	0.0	0.0	0.0	0.0	0.0	0.0	0.0	0.0	0.0	0.0	0.0	0.0	0.0
1091.742154298632	0.8189113859409645	1191900.931472618	0.6706158580237512	1542.9495917845015	-11.71196242532278	137.1700638521727	2380693.44278796	1044.8066502734375	0.3448604296875146	1091620.9364556011	0.1189287159642572	1087.6020905965738	1059.610847659002	1.461929	28.590651	0.0874886586207539	0.0425137563499653	-0.0664926555	-0.0980207563	-0.088105893	-0.031255233	0.0120338892	-0.0737740461	0.0485703487	0.0659106293	0.0854846865	-0.1089550024	0.0883501012	-0.0631091622	0.122430346	-0.0745200532	0.0494178524	0.0607242315	-0.1568274265	-0.0120446815	-0.0557234869	-0.1208744244	0.0822969507	-0.0578970078	0.0871542422	-0.0636535436	-0.0644973435	-0.0237833376	0.0535416511	0.125996791	-0.0614086293	-0.0474347618	0.1069199861	0.0483034705	0.062951913	-0.1683322866	-0.0812977024	-0.0086299306	0.0080140072	0.0640845894	0.0132914808	0.0494993879	-0.0223389994	0.0306168461	-0.0718941693	-0.1106043336	0.014355514	-0.0987064728	0.0619734587	-0.072036345	0.0254381179	0.0359390439	0.0659084609	-0.0772787634	-0.0808314928	-0.0334617198	-0.051839502	-0.017418937	0.0624360175	0.0775944766	0.1032506707	-0.0221107044	0.0191286338	0.0331115913	0.0332784592	0.078436961	0.0294773683	0.0838114525	0.0255131079	0.0027174707	0.0163551064	-0.0301226881	0.0504522567	-0.1050176099	0.0461763843	-0.0040013815	0.098805183	-0.118584075	0.0490067887	-0.0705136646	-0.0229503812	0.0576830273	-0.1209439806	0.0070190232	0.1085337676	0.0916058207	-0.1249922857	0.0193439334	0.0897237344	-0.0410103035	0.0193652726	0.0893869531	-0.1163873679	-0.0825780189	-0.002083755	-0.0565325248	-0.1418822907	-0.0202395162	-0.0031825619	-0.01839198	-0.0011033567	-0.0763244844	-0.0155014389	0.1159237439	-0.0658610341	-0.0540146616	-0.0213956715	0.0025803129	-0.0153055137	-0.1469005008	-0.0286821636	-0.023741816	-0.0717758331	-0.0147072122	-0.0504140101	-0.0520409416	-0.0477895696	0.0715831243	-0.0597608807	-0.0082386694	0.0309823364	0.0330577556	0.0213077764	-0.0432355032	-0.0914568582	0.0957073685	-0.0358928894	-0.0267633036	0.0259979547	-0.0761955085	0.1005784132	0.044938167	-0.0130383372	0.1693467723	-0.0259139834	0.0669730744	-0.0128377507	0.0891930555	-0.0005874931	0.0769540967	-0.0528500221	0.1027253994	0.0340200443	-0.0861789415	-0.075033448	0.0280649506	-0.0925479446	-0.0093651475	0.0824303774	0.0257710955	0.0123096091	0.022153029	0.1090975946	-0.1024459312	0.0778019275	-0.0410229053	-0.0021545924	0.0449960313	0.176110223036531	-0.002874625671751	8.26347275269041e-06	0.0310148106579766	0.3246173704121844	0.0256783192013757	0.0006593760770077	0.1053764371733213	-0.1676615818839906	-1.7777630262116872e-05	3.1604413773653364e-10	0.028110406039842	0.0058810221451968	0.0003733134350483	3.458642147229518e-05	1.3936292078756166e-07	-0.002645041224915	-0.0004732425780227	2.2395853765357135e-07	6.996243081499844e-06	0.0018657978101227	0.0003318027092763	1.1009303788309285e-07	3.481201468258663e-06	0.0	0.0	0.0	0.0	0.0	0.0	0.0	0.0	0.0	0.0	0.0	0.0	0.0	0.0	0.0	0.0	0.0	0.0	0.0	0.0	0.0	0.0	0.0	0.0	0.0	0.0	0.0	0.0	0.0
1092.451909361078	0.7097550624459927	1193451.1742666648	0.5037522486677151	1550.005618470694	7.056026686192354	49.78751259625865	2402517.4172907183	1045.4339170963542	0.6272668229166811	1092932.0750154268	0.393463667131987	1089.2705392476	1064.1240119583676	1.26945	24.826384	0.078238198030982	0.0435334888917573	-0.0714575964	-0.0586867332	0.1083657791	-0.0185834278	-0.0492928328	-0.006407387	0.0997991739	0.1409850404	-0.0202541982	0.0360607888	-0.0555575183	-0.0804251978	0.101818445	-0.0849456045	-0.0293352676	0.001801312	-0.049476275	0.0058894715	-0.129901593	-0.1102974283	0.1174258478	-0.0139302993	-0.0104222521	0.0696639387	-0.003779316	-0.0040155815	0.1121508652	0.0322855748	0.0279873329	0.1538225225	0.0488774584	0.1499251097	0.0030527825	-0.0265539936	-0.0739799664	0.004154878	0.0365610675	-0.0646841653	-0.1060910307	0.0322143785	0.069312159	0.0079188766	0.0224763524	0.0546782007	0.0564950502	-0.1020399642	0.0635432511	-0.0358321655	0.0258711718	-0.0013282764	0.0008681958	-0.0155241755	0.058469013	0.014448453	-0.0934296273	0.0559786001	0.1414507096	-0.1923589198	-0.122779688	0.0446666228	0.0324805379	-0.111411141	-0.0422903696	-0.0565520144	0.0548264399	-0.10862647	-0.0909902282	0.0470360201	0.0562652594	-0.0022543503	-0.0571838662	-0.0505872643	-0.0495498935	-0.0239564507	-0.077925472	-0.0624373072	0.1504981231	0.0288400345	-0.0374641687	0.0344134682	-0.1260095939	0.0446558819	0.0700339821	0.021912309	0.0025615664	0.0400764252	0.1078223277	0.0517656788	0.0554536708	0.0671318047	0.1259243111	-0.0309253858	0.0438210044	-0.1555312739	-0.0339179766	0.0054305337	0.044776831	0.0486184351	-0.1523128503	0.0505207082	-0.0031185304	-0.035855902	-0.0697366968	-0.074206251	0.041257719	-0.1285931088	0.0080092388	-0.1005802224	-0.0211836709	0.0034734363	-0.0903212815	-0.0192598327	-0.0079592927	0.0439235591	0.1590390671	-0.0264548502	0.1061365752	-0.0383919359	-0.1266338418	-0.036053312	0.046008967	-0.0393072142	0.0630985221	-0.1601532085	-0.0154161398	0.0457131379	-0.0460596283	-0.0764170742	0.0971531839	-0.010312076	0.0826381395	0.0540159543	0.1070151576	0.0197095133	0.0889124152	0.0106266774	-0.0604783701	0.0962921055	-0.0004843174	0.0530809143	0.0471592886	-0.0122118129	0.0408965713	0.0704066157	-0.0886143019	-0.0921493393	0.0021061138	0.0708229736	-0.001450896	-0.0749891966	0.005248694	-0.103260836	0.0808192935	-0.0469575846	0.0064605365	0.0349494174	0.1715579887875975	-0.0045522342489335	2.072283665716316e-05	0.0294321435168454	0.3083805620128288	-0.0162368083993555	0.0002636339469973	0.0950985710273481	-0.1742188243417786	-0.0065572424577879	4.299742865021752e-05	0.0303521987550315	0.0065642122273464	0.0006831900821495	4.308888216564399e-05	4.667486883475769e-07	-0.002337993463646	0.000307047761269	9.427832770030487e-08	5.46621343605142e-06	0.0018381973950432	-2.760041507950009e-05	7.617829125606959e-10	3.378969663143606e-06	0.0	0.0	0.0	0.0	0.0	0.0	0.0	0.0	0.0	0.0	0.0	0.0	0.0	0.0	0.0	0.0	0.0	0.0	0.0	0.0	0.0	0.0	0.0	0.0	0.0	0.0	0.0	0.0	0.0
1091.3932462210971	-1.0586631399808084	1191139.2178970242	1.1207676439540248	1555.3823226460809	5.376704175386976	28.908947789623745	2419214.1695999173	1044.8800065559897	-0.5539105403645408	1091774.2281004451	0.3068168867269376	1088.5701625108052	1052.4923080709034	1.328028	25.971975	0.0916256596121423	0.0432802285904924	-0.0909442033	0.1342121637	0.0295876714	-0.0078778186	-0.0014975461	0.0414256856	0.0943479991	-0.0652545805	-0.0991140418	-0.0108798217	-0.0739543356	-0.0098432684	0.0277583148	-0.0627170004	0.0056278204	-0.0544807307	0.0118221602	0.0179869532	-0.0663965943	-0.0125112563	0.0546436839	0.1550561287	0.0218326345	-0.0624421909	0.0119764317	-0.0250936511	0.001559308	0.0718092634	0.0060094052	-0.1090816867	-0.0088616332	0.0168763691	-0.170029461	0.1205311687	0.0087923681	-0.0078773271	0.1289483049	-0.0120654848	-0.0166936211	0.104912863	0.0541737523	0.1449975397	0.0989554045	-0.047906714	-0.0432305429	-0.0109552117	0.0004661829	-0.0193797229	0.0546021674	0.0761780106	0.0518099722	0.0902834166	-0.0598461697	-0.0883434031	-0.0607974396	-0.0893621789	-0.1337315572	-0.0966915956	0.0150932798	-0.0700735465	0.0634897718	0.026608327	0.0468017689	-0.0235791066	0.0467167933	-0.121163236	-0.0108425438	-0.1043273295	-0.0826108316	0.0426780158	0.0157007821	-0.0524100194	-0.0688631682	0.0470680899	-0.0241609454	0.0531204171	0.0847893732	-0.0419725369	-0.006221232	-0.0203712572	-0.030355358	-0.0665763522	-0.1269648425	-0.0325175809	-0.0248077615	-0.0534023133	0.0232562279	0.0184501593	0.077192302	0.0244772251	-0.084664401	0.0978390397	0.115816199	-0.0308580983	0.0429269162	0.0726629505	-0.2012495834	-0.1169538664	-0.0919149109	-0.0599477391	-0.0129740228	-0.0132713961	0.0381857519	-0.0083943971	-0.0571078116	0.0348814604	0.0460423684	-0.0976482544	-0.0062862949	-0.1050856444	0.1206217383	-0.0965472643	0.0277211522	-0.0384071369	-0.025595062	-0.0712263604	0.0301649394	0.0134625378	-0.0604243289	-0.1281983044	0.022929407	0.0182749691	0.0138213294	0.0002320945	-0.0397085178	-0.0259949574	0.0254670261	-0.0864990206	0.0836807422	-0.0316246823	-0.073617303	-0.0550432877	0.0471821249	-0.1058029872	0.1065037467	-0.0514382622	-0.0581919212	0.0313888895	0.0710014096	0.0306454638	0.0480409515	-0.0560847667	-0.0383443325	-0.0012650367	0.0244014034	-0.0343961087	0.0375731917	0.0123154346	-0.0096600274	0.0123419374	0.026461214	-0.1040369087	0.0837150996	-0.0527333744	0.0150368111	0.0245744743	0.1833187953935748	0.0117608066059772	0.0001383165720231	0.0336057807445513	0.3112039455398729	0.002823383527044	7.971494540783913e-06	0.0968478957195841	-0.1532997721787126	0.020919052163066	0.000437606743401	0.0235008201500451	0.0060870263038617	-0.0004771859234846	3.705188922390424e-05	2.277064055719459e-07	-0.0021578449082801	0.0001801485553659	3.24535020004208e-08	4.656294648190353e-06	0.0013730835275727	-0.0004651138674705	2.1633090971336585e-07	1.8853583736914892e-06	0.0	0.0	0.0	0.0	0.0	0.0	0.0	0.0	0.0	0.0	0.0	0.0	0.0	0.0	0.0	0.0	0.0	0.0	0.0	0.0	0.0	0.0	0.0	0.0	0.0	0.0	0.0	0.0	0.0
1092.1039899465306	0.7107437254335309	1192691.124857132	0.5051566432431344	1547.0520805475862	-8.330242098494637	69.39293341953233	2393370.139926615	1045.8497087695312	0.9697022135414954	1093801.6133333133	0.940322382947276	1088.576165674603	1053.6561981736727	1.326075	25.933779	0.0635586617004561	0.0355483804271561	-0.1047940151	0.0145407246	-0.1017811136	-0.0315398217	-0.0114154943	-0.0911810303	0.0581221297	-0.095072679	0.008955812	-0.0580444626	0.0208156093	-0.004339557	0.0136831103	-0.1117523564	-0.0352377324	0.0260137345	-0.1051312747	0.0621258489	0.0763505275	0.0019786683	0.0278563925	0.11656725	0.0718257036	0.0076170817	3.79413e-05	-0.0533564485	-0.0326754624	-0.1245841337	0.0611054287	-0.082152141	-0.0321994184	-0.0763376078	-0.010445978	-0.0356614689	-0.1271796482	-0.0600338559	0.0733571575	-0.0263962522	0.0136607374	0.1239482745	0.0050088129	-0.0125335426	-0.0486505463	-0.1147183515	0.0907523265	0.0229319588	-0.1029451675	0.2105616045	0.0744260436	-0.0007829218	0.0149641585	-0.0413993264	0.1290714154	-0.077707337	0.0413555028	0.0252089505	-0.0943233953	0.1248675267	0.0258445565	0.1135158507	-0.0349947837	-0.0852247749	-0.0397257753	0.094270383	-0.0759275254	-0.0598942397	-0.2338158645	0.016115695	-0.0225951053	-0.005281641	0.0743954802	-0.1451594221	0.0107154064	-0.0296691965	0.0804038531	-0.0021062481	-0.0042514676	-0.1824989155	0.0686531964	0.0386337617	-0.0245583871	-0.0601751728	-0.0673946297	-0.0332047051	0.003376521	-0.0578467422	0.027151933	-0.0192277178	-0.1118167639	-0.0658549109	0.0441035393	0.0086794915	0.0345827061	0.0093545653	0.0307449663	0.1237913832	-0.0374279018	-0.0163596029	0.0244742838	-0.0528957577	-0.0782053104	0.0269630923	-0.0297904848	-0.1342629671	0.0285705582	0.0344354561	0.1893854341	0.1118860968	0.0750803615	0.007437806	0.0291483683	-0.0189724194	0.044326569	-0.0107263285	-0.1795975199	-0.0217253265	0.0546109326	-0.0635790372	0.0179591308	0.1505410444	0.0075721021	0.0457413351	0.0351882008	-0.2012187863	0.0540800272	-0.064757201	0.0640753863	-0.1045999528	0.1037660941	0.0269293183	-0.091827413	0.0981703035	-0.0160732991	0.0897530049	0.0244860549	0.0900306722	0.0484846421	0.0859704814	0.0501149817	0.0745635756	0.0493473434	-0.0942641272	0.0662197528	0.02823518	-0.0465895423	0.0723303172	-0.0146769574	0.0156989476	-0.1070524839	0.0067212119	-0.0206551651	-0.1047738574	0.0864849902	-0.0583307311	0.0235226525	0.0139686685	0.2044054638064096	0.0210866684128347	0.0004446475847528	0.0417815936339134	0.3097032531100296	-0.0015006924298432	2.252077768988981e-06	0.095916104986935	-0.1520693236865895	0.001230448492123	1.5140034917679797e-06	0.0231250792064967	0.0061691332408394	8.210693697769961e-05	3.805820494322964e-05	6.741549099859936e-09	-0.0027037847927788	-0.0005459398844987	2.98050357486454e-07	7.310452205661898e-06	0.0015398537534094	0.0001667702258367	2.781230822562397e-08	2.3711495818890176e-06	0.0	0.0	0.0	0.0	0.0	0.0	0.0	0.0	0.0	0.0	0.0	0.0	0.0	0.0	0.0	0.0	0.0	0.0	0.0	0.0	0.0	0.0	0.0	0.0	0.0	0.0	0.0	0.0	0.0
1093.3531027300498	1.2491127835191946	1195421.007249427	1.5602827459510704	1553.283116940136	6.231036392549868	38.82581452528087	2412688.4413712644	1046.090195748698	0.240486979166917	1094304.6976415494	0.0578339871488292	1090.0341432288246	1075.2295947821872	1.367514	26.744196	0.1131790018965423	0.0618534791845637	-0.0990855957	-0.0996678578	0.0141576626	0.0253035123	-0.1346238422	0.01157773	0.1610730109	0.1028822362	0.031236549	0.0659313157	0.0276342596	-0.0060308349	0.0551797248	-0.0540322325	-0.0664233159	-0.0863409573	-0.0908995111	0.0448306384	0.0007009646	0.1050439212	0.1033060392	0.047224245	0.0249220491	-0.1419917211	-0.0348027987	0.0330586992	0.0494945233	-0.1098835002	-0.0133147392	0.0253697892	0.1797250792	0.034293273	-0.0967122297	0.014201026	-0.0385564328	0.0239056982	-0.1886871891	-0.0958148541	0.0233114965	0.0173763158	-0.0610443434	-0.0532250641	0.0855828008	0.0403668742	0.0329697204	0.0172909836	0.0193428158	-0.0782612077	-0.1943731572	-0.0799079746	0.124551601	-0.1604093498	-0.0451458193	0.0028677364	0.0753775042	-0.0459885385	0.0039817837	0.0984162096	-0.0166298341	-0.0360754376	0.0497438878	0.1846474714	-0.0054179211	0.0033953867	-0.0750758738	-0.0229560297	-0.0956437529	-0.0487189863	0.0355382803	0.0310204488	-0.0380886386	-0.052593478	-0.1282420625	-0.0218811088	-0.0155729133	-0.0850649927	0.1164731105	-0.0498686013	0.0309738522	0.0095464351	0.1181360669	-0.0284646737	-0.0418345195	0.0787870485	-0.0863677319	-0.050184455	-0.0740856846	0.1370136829	-0.0317409441	0.1586787325	0.0124035587	-0.0239185234	0.0806523351	0.0392989378	-0.0308762018	0.0872652428	0.0440224401	0.0199316743	0.0078900105	-0.0255592464	-0.0058434609	0.0609041458	0.0225089295	0.1635498776	0.1032386258	0.0319958691	0.0074436047	-0.0851541827	0.0867126841	0.1110083457	-0.2290196111	0.0855251003	-0.059353226	0.0230114658	-0.127393483	0.0756839015	0.0151050858	0.0678692981	0.1067959222	-0.0440859951	0.0556446335	0.0200045837	0.0062144016	0.036362042	0.1164659343	0.0564325396	0.060202652	-0.1139772204	0.1016749419	-0.0140083073	0.0982148414	0.1158448628	0.0411610862	0.0376196588	0.144839562	-0.1085110817	-0.0805396713	0.1477358975	0.0764574555	-0.0427108899	-0.0193811872	-0.0630009583	-0.0150832506	0.0642746495	-0.0073486094	-0.0511100161	-0.0189437715	0.010115059	-0.1342222357	-0.0788781476	-0.0623794766	-0.1054714048	0.0891247992	-0.0637307152	0.0318670259	0.0032316354	0.204952703391271	0.0005472395848614	2.9947116323929295e-07	0.0420056106273903	0.3013230178892456	-0.008380235220784	7.022834235566893e-05	0.0907955611098826	-0.1351874917851176	0.0168818319014719	0.0002849962483495	0.0182756579351512	0.0072504364161973	0.0010813031753578	5.256882822531994e-05	1.1692165570390768e-06	-0.0030277259905224	-0.0003239411977436	1.0493789959555818e-07	9.167124673684847e-06	0.0018820032840964	0.0003421495306869	1.170663013493343e-07	3.541936361349635e-06	0.0	0.0	0.0	0.0	0.0	0.0	0.0	0.0	0.0	0.0	0.0	0.0	0.0	0.0	0.0	0.0	0.0	0.0	0.0	0.0	0.0	0.0	0.0	0.0	0.0	0.0	0.0	0.0	0.0
1090.8645363016983	-2.4885664283515325	1189985.4365607193	6.192962868318303	1557.6886421996446	4.405525259508522	19.40865281216763	2426393.9060377725	1044.0055181184896	-2.084677630208489	1089947.521861856	4.345880821891682	1088.1695534414937	1053.2606973089314	1.667263	32.606327	0.1943396372006267	0.0949871823760072	-0.0811257807	0.1422749484	0.0451667107	0.0194153596	0.0133830989	0.0847657206	0.0945486446	-0.072715541	-0.0791412745	0.0136426417	0.0195328463	0.0611805837	0.0279643031	-0.0847339885	0.0524102316	-0.0773271927	0.05710019	0.2150284024	-0.099767314	-0.0271486452	0.1114236705	0.0299844089	-0.1010168222	-0.050564894	0.0520166308	-0.0289733656	0.0363777318	-0.0568064961	0.0853918882	0.0549249966	0.0422460429	0.0802387543	-0.03828005	0.0345856872	-0.1156214182	-0.0235200491	-0.0121747566	-0.0726436406	0.0029385175	0.0486081402	-0.0186048222	0.0185648264	0.0044381433	0.0278760677	-0.0028393885	0.0620081558	0.0703772898	-0.0527048594	-0.0653542534	-0.018927714	-0.0586758933	0.0160226613	-0.0928822033	-0.1303948046	-0.0497733081	-0.1009199997	-0.048914513	0.030956171	0.1008459529	-0.0191208582	0.0128774995	0.0565326708	-0.0253215722	0.0148265261	-0.1102906282	-0.0002284127	0.0063413505	-0.1005974535	-0.0348014619	0.0762529826	-0.1348108201	-0.0655614631	-0.1240749316	0.107128248	0.0142978625	0.0857514423	0.159275361	0.0839873905	0.0607402949	0.1019325598	0.01607129	-0.1091493958	-0.00839784	-0.0505792956	0.0028592823	-0.0288671332	0.0120205969	0.1050634397	0.0079822542	0.0810930377	0.0740320585	0.0147609435	0.0428911677	-0.0825316463	-0.0058358261	0.053179148	0.0357325642	0.039050028	-0.0083226217	-0.0359839343	0.0001412301	0.0796809475	0.0354862061	-0.0369795214	0.0034560761	0.0805447741	-0.0324720684	-0.0445310172	0.0239303857	-0.035673618	0.0624968917	0.0541970316	0.0735686448	-0.0860431543	-0.0428454822	0.0673848698	0.0097540884	0.0742070037	0.0046278163	-0.096757359	0.0462544628	0.0114249602	0.0456396749	0.0062691355	0.083471745	0.0087503425	0.0858205814	-0.0854324751	0.0819530063	-0.0327223645	-0.080850869	-0.0564963265	0.0609846212	-0.0898412031	0.1246887372	-0.0048113109	-0.0673373974	0.065047886	0.0316386211	0.0042476666	0.0904374629	-0.0564255199	-0.0644686915	0.0207400031	0.0540063437	0.0314600277	-0.0005245724	0.0109630088	-0.1005031082	0.0776660171	0.011135759	-0.1061292888	0.091630556	-0.0689150546	0.0400197472	-0.007535757	0.2040614155105231	-0.0008912878807479	7.943940863681e-07	0.0416410613001583	0.3657522903885848	0.0644292724993392	0.0041511311547941	0.1337747379244956	-0.1564456380174022	-0.0212581462322845	0.0004519087812331	0.024475237654672	0.0063796038127977	-0.0008708326033995	4.069934480826296e-05	7.583494231437243e-07	-0.002251142291864	0.0007765836986584	6.030822410219609e-07	5.067641618218702e-06	0.0013742009743893	-0.000507802309707	2.578631857438654e-07	1.8884283180125016e-06	0.0	0.0	0.0	0.0	0.0	0.0	0.0	0.0	0.0	0.0	0.0	0.0	0.0	0.0	0.0	0.0	0.0	0.0	0.0	0.0	0.0	0.0	0.0	0.0	0.0	1.0	0.0	0.0	0.0
1091.9707597621627	1.1062234604644343	1192400.140175555	1.2237303444819083	1538.050940388512	-19.63770181113273	385.6393324229657	2365600.6952299858	1044.7071699609376	0.7016518424479727	1091413.0709677914	0.4923153080106348	1088.0795485723586	1069.0941067486558	1.737178	33.97364	0.0715510844826115	0.0367302726500948	-0.0863437643	-0.092194831	-0.1287608716	0.0193472497	-0.0315227889	-0.1150156475	0.0298806249	-0.0832027926	0.0825514029	-0.0046921306	0.1156001557	-0.0424855184	0.0812594108	-0.0769735547	0.0123090582	0.0522018165	-0.1406764406	0.1224893485	-0.0149551031	-0.1080566699	0.0400751206	-0.0384875448	0.0489693344	0.0056329241	-0.0804711363	-0.0443489915	0.0770005505	0.0343133864	-0.0362974312	0.0278294962	-0.0762183411	-0.0201052245	0.0642021878	-0.1061710879	-0.0324286579	0.0363006264	-0.0269255672	0.0535333702	0.0972761597	0.0394330632	-0.0169255388	0.0443476795	-0.1392323608	-0.0551643605	-0.0789870314	0.0009493543	-0.0013344327	-0.0167887974	0.022609975	-0.0730451851	0.144925574	0.0096064424	0.0996316099	0.0554413848	-0.060337365	0.1205395494	-0.0624390078	0.0346277733	-0.007849063	-0.0492984115	0.0216189511	-0.0619590597	0.0680342321	-0.0817889489	0.0023631726	0.109279716	-0.0185913669	-0.0562817135	0.0229245988	-0.0358452805	0.1266533449	-0.0995046105	0.042588979	0.0104753524	0.0822919514	-0.0453931739	0.0326540207	-0.1053456087	0.0339774882	0.1091787485	-0.098941045	-0.0697008143	0.1495570696	0.0806318839	-0.0233610575	0.0853641229	0.1041235518	-0.0086470431	-0.0349524479	-0.1061928755	-0.0144874568	-0.0254429891	0.0001091345	0.0042297051	-0.0725741377	-0.0331706082	0.0145501814	0.0682168351	0.1317670904	-0.0341022653	-0.0755144401	-0.0022796538	-0.1332768745	0.0322115985	-0.0097628675	0.0444572928	0.1031068866	-0.0977782761	0.0488999637	0.0868369166	0.0304046734	-0.0674042343	0.0250257529	0.0653549527	0.0089221863	-0.0123463267	-0.0533611911	-0.0004885316	0.0414052969	0.031520361	0.0232183858	0.078888804	-0.0753706721	0.0953905472	-0.1327154014	0.0123486801	0.0379675759	-0.0894007891	0.0842083749	0.0046069188	-0.0295626164	0.1343150924	-0.0837972997	0.1149716277	-0.0386736613	0.0608094524	-0.0209866042	-0.0034476051	-0.0585397927	0.0234107957	0.0375836386	-0.0859175562	0.0378295022	0.0382824136	0.0370465675	0.0409324932	-0.0010215035	0.0377063644	-0.0601328795	-0.042317057	0.0363736981	-0.106747262	0.0939984918	-0.0738662073	0.0479317851	-0.0182323554	0.1923000965545327	-0.0117613189559903	0.0001383286235845	0.0369793271348826	0.3452604457020385	-0.0204918446865463	0.0004199156986575	0.1192047753663702	-0.175365444793627	-0.0189198067762248	0.0003579590884496	0.0307530392276666	0.0063823868012015	2.7829884038004307e-06	4.073486128015112e-05	7.745024455687669e-12	-0.0026531382321861	-0.0004019959403221	1.6160073603544953e-07	7.039142479087584e-06	0.0013769843269404	2.7833525510999844e-06	7.747051423714791e-12	1.8960858366395065e-06	0.0	0.0	0.0	0.0	0.0	0.0	0.0	0.0	0.0	0.0	0.0	0.0	0.0	0.0	0.0	0.0	0.0	0.0	0.0	0.0	0.0	0.0	0.0	0.0	0.0	0.0	1.0	0.0	0.0
1092.6186748155292	0.6479150533664324	1193815.568555643	0.4197939163788269	1551.5171193345443	13.466178946032414	181.33797540656667	2407205.3715881626	1045.118426328125	0.4112563671874341	1092272.5250505763	0.1691317995522056	1089.154040541591	1072.6969602573238	1.425907	27.886173	0.0869350063437386	0.0487124529159253	-0.0620942272	-0.0618297429	0.0989764747	0.0185455966	-0.1466526715	0.025350587	0.1162190962	0.0766218615	-0.0075331207	0.0807283381	-0.0100375925	-0.0071906444	-0.0293264406	-0.069711659	-0.0663406122	-0.0482628257	-0.0460526896	-0.0428794771	-0.0618466468	-0.0239459366	0.1015121394	-0.028585632	0.0076550323	0.0801724518	0.0969249735	0.0529220903	-0.1410420317	-0.0062176733	0.041724061	0.0056070232	0.0222371454	-0.0200988272	0.1051516499	0.0132106288	-0.0092509138	0.1801739203	0.1062710199	-0.116547931	0.0766995476	0.1109121236	-0.0128998959	0.0215403896	-0.0167712731	0.0222644589	0.1523208928	-0.0881792252	0.0232101979	-0.0968570954	-0.11862823	-0.1304051361	-0.165318114	0.1180845604	-0.0209059836	0.0567588759	0.1310507485	-0.0712381751	0.0509681077	0.1144506225	-0.0018245398	-0.2535458553	0.1547134529	-0.1333166672	0.1025450825	0.0368590006	0.0282956029	-0.0581634905	0.07950955	0.0646132944	0.0564118536	0.0170078402	0.004641652	-0.0539094657	-0.117377934	-0.0391546661	-0.0564488254	-0.0932641519	0.0931150746	0.0427018609	0.0153096596	-0.0178650888	-0.046977044	0.0981643648	-0.0469330976	-0.0547115823	0.0078184611	-0.009891497	-0.0353359256	-0.0921249899	-0.0772885668	0.05411367	0.0875225795	-0.1751689603	0.0312700474	-0.0627542372	0.0768411573	-0.0764653313	-0.1404333677	0.0191375184	0.0055870007	-0.033142682	-0.0284925392	0.0807548466	0.094140092	-0.0783112253	-0.0366010947	-0.0352487189	-0.062596248	0.0544219016	0.0672607371	0.1537188735	0.0589339428	0.118827502	0.0438945878	0.1610336513	-0.0290687576	0.0820190938	-0.0880813454	0.0260603458	0.1765696355	-0.1631961811	0.1346181126	-0.1129898829	-0.0276897163	-0.0587733594	-0.2189341661	-0.0094546901	-0.0460196796	-0.0964685697	0.085289781	-0.020537138	0.1197792207	0.0160966596	0.0676020817	-0.0136944497	0.0687168172	-0.0475423269	-0.0131356247	0.0736920652	0.0751540128	-0.0502738465	-0.0564275654	-0.0288933734	0.0483065231	0.0751846132	0.0191890661	-0.0267957173	-0.0038442712	0.0052598572	-0.1084415754	-0.011866899	-0.0199563734	-0.1073250918	0.0962250449	-0.0785674201	0.0555555556	-0.0287576717	0.1853354755840115	-0.0069646209705211	4.850594526302361e-05	0.0343492385099517	0.3419363306121141	-0.0033241150899244	1.104974113106322e-05	0.116920454192477	-0.1366341322199389	0.0387313125736881	0.0015001145736807	0.0186688860874957	0.0070203212990034	0.0006379344978018	4.928491114124078e-05	4.069604234857614e-07	-0.0025336983256469	0.0001194399065391	1.42658912740928e-08	6.419627205385905e-06	0.0013779090767914	9.247498509998894e-07	8.551622869243176e-13	1.898633423904128e-06	0.0	0.0	0.0	0.0	0.0	0.0	0.0	0.0	0.0	0.0	0.0	0.0	0.0	0.0	0.0	0.0	0.0	0.0	0.0	0.0	0.0	0.0	0.0	0.0	0.0	0.0	0.0	0.0	0.0
1090.7641591594506	-1.8545156560785472	1189766.4509068234	3.439228318640444	1560.3135269788909	8.796407644346573	77.37678744551883	2434578.302473306	1045.7538308333333	0.6354045052082711	1093601.074702592	0.4037388852389678	1090.2163548488245	1065.654186915625	1.266083	24.760521	0.1241937745710704	0.0632697230001489	-0.085745032	0.0641886797	-0.02349081	-0.0199727184	-0.0932236519	0.0577864901	0.1026518934	-0.1195898113	-0.0784562456	0.0096869101	0.0295344789	0.0694488553	-0.000175775	-0.0978273449	-0.1308945097	-0.0825705131	0.0073147207	0.1326092258	-0.0196935984	0.0199961945	0.0534443504	0.0579854552	0.0342703516	0.0666870833	0.0079331681	0.0077677351	-0.0983850331	0.0322735273	-0.0238388097	0.0427305818	-0.0945629462	0.0107506671	-0.0212698816	-0.0669864493	0.0518979223	0.0249149707	-0.0778686879	0.01471445	0.049949297	-0.0416633107	0.2001313171	0.0344644003	0.0276303499	-0.129708564	-0.0796992325	-0.0636054582	-0.0741303944	0.0017002008	-0.115741995	0.0946771642	-0.0660615564	-0.0096196875	0.0415178509	0.0672246063	-0.0397115974	0.2038093276	-0.1000908027	0.0365668004	-0.0001400496	0.057090368	-0.0856417475	0.0517086881	0.0051710544	-0.0130600621	0.0329208829	-0.0618393359	-0.1549685296	-0.1279806514	0.0586783105	0.0562236471	0.0765110314	-0.0584750929	-0.162857737	-0.0204233197	-0.0340158296	0.0747418793	0.026011968	-0.085099631	-0.0040856288	0.0771034003	0.0080912746	-0.0329028149	0.0293727802	-0.0042856137	0.0570285743	0.0493189768	-0.0458096429	-0.1479469212	-0.0109538225	-0.1094002494	0.0692420301	-0.0238589887	0.0816667364	-0.0065475902	-0.0480853749	0.0049913684	-0.0105408251	-0.1350965024	0.0107938572	-0.0067727839	0.1552929313	-0.0803683541	-0.1390072873	0.03272013	-0.0958265206	0.0461876192	0.025415776	-0.067157758	0.0818331724	-0.0894100507	-0.0685954707	0.100365703	0.0966800863	0.0799922467	0.0849403381	-0.1229405415	-0.0852352352	-0.0154177516	0.0209744991	0.0792948059	-0.0023177473	-0.1078896525	0.0524856248	-0.0445393135	0.0298510529	0.0136548995	0.0392211904	-0.1145770676	0.065748378	-0.0058729449	-0.0673968574	-0.0198679922	-0.0131377225	-0.0513703985	-0.0091015695	-0.030817067	0.0054563874	0.0003916914	0.0851695682	-0.0435886603	0.0473356963	-0.0359215904	-0.026357329	-0.0260181578	0.016264924	0.0087604872	0.0263316782	0.043497925	-0.0780046611	0.0718557188	0.0656524625	-0.1078625611	0.0983068664	-0.0830027857	0.0628452084	-0.0390128266	0.1877407415934868	0.0024052660094752	5.785304576337228e-06	0.0352465860540723	0.3019645697457633	-0.0399717608663507	0.0015977416667567	0.0911826013817439	-0.1449957367106833	-0.0083616044907444	6.991642965963712e-05	0.0210237636642737	0.0060709368261582	-0.0009493844728451	3.68562739472038e-05	9.01330877279558e-07	-0.0022840219747712	0.0002496763508756	6.233828018660563e-08	5.216756381237733e-06	0.0016479511171605	0.0002700420403691	7.292270356670667e-08	2.71574288455054e-06	0.0	0.0	0.0	0.0	0.0	0.0	0.0	0.0	0.0	0.0	0.0	0.0	0.0	0.0	0.0	0.0	0.0	0.0	0.0	0.0	0.0	0.0	0.0	0.0	0.0	0.0	0.0	0.0	0.0
1090.0057678542782	-0.7583913051723812	1188112.5739555948	0.5751573717610678	1550.4682780823066	-9.84524889658428	96.928925835694	2403951.8813395128	1044.747404016927	-1.0064268164062469	1091497.1382001082	1.0128949367816134	1088.9750587783942	1063.3703454517442	1.260615	24.653585	0.0926076120824555	0.055398803559729	-0.0977613213	-0.1016183252	-0.0101358982	-0.0784981905	-0.1416888304	0.0223177506	0.1260888768	-0.1043329954	0.1104602637	0.1731472539	0.1092857727	-0.001097852	0.0474006059	-0.1140513676	-0.0400153215	-0.0923375288	-0.1520279726	-0.0095568913	-0.0168669302	0.0360321476	-0.0441228667	-0.0124108571	0.0517306294	0.1195580578	0.1524845316	0.020986753	0.0229232907	0.0631390621	-0.042248599	-0.0654502513	0.0068708539	-0.0989935404	0.1075466093	0.1377304865	0.0216870305	-0.0835616521	-0.1440924012	0.1165644208	0.0402424834	-0.0776709315	-0.0061739836	-0.08489325	0.1668400334	-0.015793873	-0.0182610291	0.1073199668	0.0555459817	0.1274610231	-0.014138057	-0.002869051	0.0335473538	0.0776232217	-0.0766923313	-0.049017858	-0.0442422644	-0.0730621515	-0.1261770501	-0.0956897819	-0.0134550379	0.0780909911	-0.0267387224	-0.0610875666	-0.0193161202	-0.0746236384	-0.0514407657	-0.1702520158	0.0320536981	0.1698932892	0.0802832055	0.0801102679	0.0643891913	-0.0910688019	-0.1330526127	0.0312974563	-0.0076083348	-0.1313821515	-0.0397913084	-0.084803411	-0.0015134412	-0.0092511329	0.0178037414	0.0440223263	-0.0259200085	-0.0611288258	0.0925313767	0.1547505641	-0.0390695576	-0.0857797969	0.0643470349	-0.0945376486	-0.0677304825	-0.1322866589	-0.1095166446	0.075248552	0.1653679842	0.0649879981	0.1773860757	-0.0314352152	0.0104272015	-0.0561341796	0.0743502637	-0.0201607026	0.1069085594	0.1014694644	0.0589248294	0.0650860422	-0.0526355294	-0.0329515806	0.0811697539	-0.1407837737	0.0733495359	-0.0658652218	0.0272061553	-0.0379796282	-0.0341042546	-0.1630316999	0.1169639142	0.0298186397	-0.0744801484	-0.062173701	0.1462623561	0.0429094295	0.0575777839	-0.1482226694	0.0750125618	-0.0391852711	-0.0009535074	-0.1393148253	0.0732491466	0.0645015512	0.0755860356	0.0124570881	-0.0251322948	0.003296256	-0.0702811682	0.0007611456	0.1234734994	0.027826266	0.0654320162	-0.1534499503	-0.0600417071	-0.0688691938	-0.0367802622	-0.0111032949	0.0382368075	0.0077378355	0.0627362747	-0.032752724	-0.1017886617	-0.0066316149	-0.0533211296	-0.1083594676	0.100240825	-0.0871572961	0.0697569027	-0.0489014791	0.1849090159402067	-0.0028317256532801	8.018670175444631e-06	0.0341913441759756	0.3028508322235694	0.000886262477806	7.854611795670061e-07	0.0917186265785085	-0.094215741319374	0.0507799953913093	0.0025786079319413	0.0088766059123591	0.0065847949787054	0.0005138581525472	4.3359524911583854e-05	2.640502009392219e-07	-0.0023566831373318	-7.266116256059987e-05	5.27964454465792e-09	5.553955409784056e-06	0.0014722778610671	-0.0001756732560934	3.086109290645732e-08	2.1676021001883147e-06	0.0	0.0	0.0	0.0	0.0	0.0	0.0	0.0	0.0	0.0	0.0	0.0	0.0	0.0	0.0	0.0	0.0	0.0	0.0	0.0	0.0	0.0	0.0	0.0	0.0	0.0	0.0	0.0	0.0
1092.5828521392425	2.5770842849642577	1193737.288788722	6.641363411809739	1547.4795811407814	-2.988696941525177	8.932309408281947	2394693.0540476483	1045.277106028646	0.5297020117188822	1092604.228387621	0.2805842212190308	1088.8379513638138	1042.437248460349	1.69671	33.182209	0.1231337479964114	0.0608416883363895	-0.1368876842	0.0677830212	0.0830898974	-0.0250441344	0.1007054475	-0.1492509561	0.041812445	-0.1210288762	-0.1105289918	0.0917531832	0.0119266748	0.1150812729	-0.0236495289	-0.1236461218	0.0962895046	0.0166327569	-0.0374178549	-0.0901087599	-0.0312707011	0.0224582492	0.034755185	-0.0319883703	-0.0256927726	0.0171105962	0.1061004452	0.002312817	-0.0691688837	-0.0237572358	-0.039357277	0.0120429707	-0.0382307583	0.007417757	0.0019435274	0.0749348206	-0.0411780176	-0.0506357093	-0.1229083161	-0.00086439	0.0019916466	-0.065841502	-0.0938925872	-0.0213525111	0.0419430537	-0.1161478915	0.0141797465	-0.0121561419	0.0095413447	0.1064752835	-0.0136761288	0.0567417149	0.0249846554	-0.1220916665	0.1539255129	0.1114369797	0.0963999563	-0.0909082635	0.0327412784	-0.1136563814	0.1384337374	-0.0218750835	-0.1062682195	-0.0905601606	-0.0150646871	0.0302608736	-0.0276049775	0.0407243179	0.0266801257	-0.048726104	-0.0086556183	-0.1406541661	-0.0133666107	-0.1206926133	0.1002742782	0.0753941479	-0.0982756243	-0.0081054488	0.0412663837	-0.0339092366	-0.0033761775	0.0120528894	-0.0225534437	0.0366027428	0.0187360543	-0.074257449	0.0511293523	0.0510202115	-0.1181072773	-0.0402150638	0.0553399215	-0.0837582149	-0.0058124592	0.0238473065	-0.0036576216	0.0206255567	0.0230736411	0.0500142268	0.1348044082	-0.0491985146	0.0616118011	-0.1542896351	0.0462080569	0.026877106	0.0144478242	-0.0919614141	0.0144431857	0.0912957608	0.0374381147	0.0997091063	-0.0356686171	0.0048693797	-0.1829406419	-0.0004553423	-0.2052672467	0.0232064212	0.0992176173	0.0273565547	-0.0234124967	0.0094442065	-0.0413580901	0.0092913152	-0.0109053842	0.137553981	0.0829571583	-0.0092412602	-0.0561630672	-0.0583512091	-0.0689301825	-0.1211636956	0.0454568358	-0.0149270013	-0.0335049129	-0.0544081839	0.0761451561	0.0238377059	-0.0929237752	0.0199990261	0.0465371154	-0.0233925678	-0.1175667825	-0.073539853	-0.0388491317	-0.0300099993	-0.1497700096	0.0051721945	0.0890699871	-0.0182389492	0.0345544065	-0.0900014906	-0.0912032015	0.0509593213	0.1559605511	-0.1088156246	0.1020240119	-0.0910168938	0.0762490709	-0.0583307311	0.1948644571038613	0.0099554411636546	9.911080876298844e-05	0.0379721566423826	0.341482323226927	0.0386314910033576	0.0014923920971425	0.1166101770764594	-0.1354138522170132	-0.0411981108976391	0.0016972843415341	0.018336911372251	0.006281990573606	-0.0003028044050994	3.946340556687464e-05	9.169050774760182e-08	-0.0020917104839737	0.000264972653358	7.021050702763175e-08	4.375252748765491e-06	0.0013730808208894	-9.91970401777e-05	9.84005278001623e-09	1.8853509406943084e-06	0.0	0.0	0.0	0.0	0.0	0.0	0.0	0.0	0.0	0.0	0.0	0.0	0.0	0.0	0.0	0.0	0.0	0.0	0.0	0.0	0.0	0.0	0.0	0.0	0.0	0.0	0.0	1.0	0.0
1092.8078644443503	0.2250123051078389	1194229.0285914217	0.0506305374499432	1550.0274132853676	2.5478321445862093	6.491448636986763	2402584.981936128	1043.0999413606771	-2.177164667968782	1088057.487666648	4.740045991451616	1086.2324296425927	1057.391020540921	1.368471	26.762918	0.1491889522521811	0.0993711165755224	-0.1181517373	-0.0022128552	-0.1204332015	0.04346245	-0.0113691082	-0.0337982825	0.0973405436	-0.0215795932	-0.0620912276	-0.1682277638	0.0932968027	-0.0466121332	0.0629224581	-0.1222107928	0.1913499851	0.0583725857	-0.0568430261	-0.0026098669	0.0113340663	0.0158414017	-0.0683454841	-0.0026834777	0.0234433661	0.0533473501	0.0154245059	-0.1377468081	0.028564274	-0.070286857	-0.1264678555	0.0152624593	-0.0645827653	-0.0876883125	0.0004901788	-0.0691414229	0.0996197815	-0.1024211276	-0.1073286516	-0.0973379293	-0.0819315432	-0.0833040631	-0.1102215533	-0.0643045127	0.000272052	0.1154052974	-0.004345773	-0.0092012328	0.1172107829	-0.0761602952	0.0166127079	0.0900873354	-0.1046252695	0.0648479328	-0.0514260078	0.0722542245	-0.0206497111	-0.0695999573	0.0520910431	-0.08229178	0.0792659456	-0.0332230926	-0.0273247009	0.0800523332	0.0166235964	0.0353044643	0.1564745663	0.024988814	-0.021123106	-0.0586616565	0.0168037125	-0.117627185	-0.1077798608	-0.129168423	0.0629848865	0.117759436	0.0996093851	0.011769645	0.0289908537	0.0501772388	-0.0336810761	-0.1637306472	0.0067125244	0.0278805777	0.1055704228	-0.0694254861	-0.1088472977	0.1160031877	-0.0627119028	-0.0072227383	-0.0852217837	-0.0629905744	-0.0328153871	0.1349962271	-0.0085531975	0.0795926828	-0.0080494377	0.0461087699	0.1584696478	0.0621939709	-0.0563527484	0.0505189503	-0.0445273979	0.0196075173	0.0194887696	0.0150568518	0.0185903886	-0.0494177337	-0.1746352051	-0.0034218256	-0.1547749258	-0.064583121	0.0059324871	-0.0046024192	-0.0568061938	0.0435161561	0.1567795674	-0.0105240016	-0.0227944779	0.0391553753	-0.0118636729	-0.0720422116	-0.0056136381	-0.048707279	0.0127749685	0.0544522856	-0.0146286559	-0.006149326	-0.0842789555	-0.1002867831	0.0263358663	-0.0176158891	-0.0337845955	0.0126049669	-0.0957843441	0.0802816827	-0.0921938492	-0.0155302038	-0.0121002037	-0.0328950461	-0.0609876101	-0.0312360213	-0.0966521707	0.0569881917	-0.0316065603	0.1131657205	0.1060777211	-0.0380992006	-0.0240801495	-0.128144158	-0.0054798261	0.2096927295	0.07821812	-0.1092308605	0.103653745	-0.0945685192	0.0822826681	-0.0672120005	0.1778434389480878	-0.0170210181557735	0.0002897150590591	0.0316282887768822	0.4378697052942044	0.0963873820672773	0.0092905274217833	0.1917298788144334	-0.1487679820296534	-0.0133541298126402	0.0001783327830528	0.0221319124771752	0.0065208065045237	0.0002388159309177	4.25209174694386e-05	5.703304886008786e-08	-0.0020169880164127	7.472246756100006e-05	5.5834471584047065e-09	4.068240658352439e-06	0.0012380907750383	-0.000134990045851	1.8222312478882027e-08	1.5328687672349386e-06	0.0	0.0	0.0	0.0	0.0	0.0	0.0	0.0	0.0	0.0	0.0	0.0	0.0	0.0	0.0	0.0	0.0	0.0	0.0	0.0	0.0	0.0	0.0	0.0	0.0	0.0	0.0	0.0	0.0
1091.7718992145433	-1.0359652298070614	1191965.8799145308	1.0732239573691975	1539.7734679265973	-10.253945358770352	105.14339542064803	2370902.3325307	1043.922252298177	0.8223109374998785	1089773.6688432987	0.676195277931929	1086.7186119642356	1042.0663990955486	1.249436	24.434959	0.1772854304797306	0.1143684693049164	-0.1350123813	-0.1151633585	0.0038206762	0.0314109241	0.106537223	-0.0862897208	0.1293784703	0.0629736051	0.0377408541	0.0219532917	-0.0389701551	-0.082264764	0.0465057586	-0.1399993998	0.0934337532	-0.0554141727	-0.0282202028	-0.0847256559	-0.0102577225	-0.0052643711	-0.1194315504	0.0108310104	-0.0590614181	-0.1689212766	0.1688481149	-0.0865552509	0.0212057305	0.0150696474	0.0211735111	0.0808745715	-0.0682992703	-0.0183342388	-0.04375541	0.1394296678	0.061098418	-0.0680667152	0.0458693773	-0.1017713586	0.0463959485	-0.0245988553	0.1102474234	0.1775240588	0.0408422841	0.0516847039	0.0289973692	-0.0509341811	-0.0105215659	-0.0757508052	0.1407337874	0.1092683222	0.0499074097	0.0372020946	-0.0296459761	-0.0435150658	-0.036418835	0.0370283401	0.0670914804	-0.041047048	-0.02403917	0.1157866671	-0.0543253114	0.1234256589	0.0243623271	0.0281445897	-0.1263980118	0.0978439269	0.0279321915	-0.0132508624	0.0739801555	0.0174237049	-0.1985109069	-0.1477155529	0.0023978204	0.0512239189	-0.0403481318	-0.1105104674	-0.0113554405	0.1327095	0.004709321	-0.0648482783	0.0543279997	-0.0198852002	-0.1107329222	-0.1689691699	-0.1180814335	0.0949135365	-0.0253583359	0.0162273728	0.0127292253	0.0224806902	0.0145664549	0.2118042329	-0.0119012366	-0.1337573	0.0713325587	0.0351752698	-0.0848107664	-0.1194581513	0.0631585651	0.1056358676	0.0100069389	-0.0784155143	0.0213413094	0.0055053273	0.0100523871	-0.1221811107	0.0836316475	-0.1271412318	-0.0774539531	-0.12675353	0.0720695098	-0.0361354381	-0.1064916121	-0.0513144849	0.033622918	0.0785947988	-0.0268711428	-0.0097067484	-0.0660683916	-0.0240297431	-0.1115878755	-0.0354591259	-0.0363184575	-0.0095785312	0.142404209	0.0291068673	0.0407235198	-0.1273357435	0.0356449166	-0.0259346678	0.0722103333	-0.0131550893	-0.0923217743	-0.1599298702	-0.1406927251	-0.0296860857	0.0095677806	-0.0906198564	-0.0292410929	-0.1016326211	0.0583275724	0.0288113643	0.0838330396	0.0095025221	0.0749806621	0.0351195083	0.0102329023	-0.097283149	-0.0457731089	0.1200106214	-0.1126748188	-0.1096050192	0.105127573	-0.0978001546	0.0878214077	-0.0754618528	0.1845435318570025	0.0067000929089147	4.489124498808921e-05	0.0340563151502565	0.3300077991442691	-0.1078619061499353	0.0116341907982974	0.1089051474960442	-0.1185728851696978	0.0301950968599556	0.0009117438743821	0.0140595290974663	0.0060427066167655	-0.0004780998877582	3.651430325630156e-05	2.285795026744038e-07	-0.0020711377146171	-5.4149698204399976e-05	2.932189815627598e-09	4.289611432909344e-06	0.0011197736697824	-0.0001183171052559	1.3998937396135738e-08	1.2538930715379434e-06	0.0	0.0	0.0	0.0	0.0	0.0	0.0	0.0	0.0	0.0	0.0	0.0	0.0	0.0	0.0	0.0	0.0	0.0	0.0	0.0	0.0	0.0	0.0	0.0	0.0	0.0	0.0	0.0	0.0
1091.8658556870666	0.0939564725233594	1192171.0468152503	0.0088278187290328	1539.053016760077	-0.7204511665202062	0.519049883340326	2368684.188398294	1045.077211608073	1.1549593098959576	1092186.3782225049	1.3339310075153468	1087.937420530346	1052.3711147936951	1.25073	24.460283	0.0760303701996027	0.0452382631064883	-0.1313164612	-0.0427290714	0.1338675856	-0.0015664049	-0.0060793726	-0.1493980957	0.0575364988	0.0366805259	-0.0455087016	0.0837990502	0.0341999819	-0.0268350499	0.079332451	-0.0980409091	-0.0285310787	-0.076380924	-0.0388837622	-0.0959325267	-0.0324353308	0.1939633008	-0.028109566	-0.0668790908	-0.0804732379	-0.2077738115	0.0457107794	0.0611594453	-0.0275715529	-0.0279149374	-0.0326498184	0.0031869866	0.1178834132	-0.0205324773	-0.0338413014	0.0324176353	-0.0277166444	-0.0070686881	0.1237540324	0.0450274643	0.0006333618	0.0215117015	-0.0920572832	-0.0708449856	-0.0108281811	-0.0287885058	0.0400878016	0.0183888504	-0.0397358895	0.0147156866	0.1521659799	-0.0401163143	0.0150104339	0.0062251361	0.0058646725	0.0508553072	0.0378160079	0.0236940702	0.0040739855	0.0385208202	-0.0302938876	0.0218353882	0.008819855	0.1164944772	-0.0107778787	-0.0881689216	0.0422395771	0.0588211124	0.0159568602	-0.0377326411	-0.0469277904	0.076727449	-0.0024603111	-0.1194635986	0.0427692778	-0.045513362	-0.1191118788	-0.0961652301	0.0138387878	-0.0122033239	-0.0615221703	0.0116453838	0.2170414697	-0.0578134004	-0.0264473447	-0.0307337402	-0.043954793	-0.0483922957	-0.1330039365	0.0340700214	0.0535484633	0.0995122988	-0.0536854938	0.0323205886	-0.1140679971	0.037762906	-0.0172589427	-0.0118354768	-0.0545287158	0.0756368596	-0.0192105465	-0.0671462505	-0.0402420027	-0.0209598401	0.0528165262	-0.0473258077	0.0111124332	-0.0502862325	0.062841962	0.0232742971	-0.0614488277	-0.0009623289	0.0464857047	-0.0568499389	-0.0559009182	-0.089689944	-0.1057566206	-0.0140889068	-0.0166291593	-0.0678646089	0.0859503757	0.0729246996	-0.0312533464	-0.0789013014	-0.0247827652	0.053524082	0.0939392246	0.1100237859	-0.0328470648	-0.1360526077	0.0358860333	-0.0542314375	0.0798227402	-0.0664570521	0.0622518494	0.0661291046	-0.1259622562	0.0928104192	0.112309264	-0.0538676413	-0.0717479882	-0.0793442859	-0.029455547	0.0517508603	0.0625539478	0.0055534169	0.0139236212	-0.0630706456	-0.0494492073	-0.1469675536	0.0275874207	-0.0404253646	-0.0836651348	-0.1099379598	0.1064432791	-0.1007008652	0.092831979	-0.0830027857	0.1844663657779932	-7.716607900931649e-05	5.9546037496720755e-09	0.0340278401033403	0.3094979822440393	-0.0205098169002297	0.0004206525892809	0.0957890010131316	-0.1277093558366715	-0.0091364706669737	8.347509624847095e-05	0.0163096795682175	0.0067513573940257	0.0007086507772601	4.558082666186549e-05	5.021859241114851e-07	-0.0020161980616308	5.493965298629996e-05	3.018365470255058e-09	4.065054623723796e-06	0.0012823215706037	0.0001625479008213	2.6421820061411185e-08	1.64434861043554e-06	0.0	0.0	0.0	0.0	0.0	0.0	0.0	0.0	0.0	0.0	0.0	0.0	0.0	0.0	0.0	0.0	0.0	0.0	0.0	0.0	0.0	0.0	0.0	0.0	0.0	0.0	0.0	0.0	0.0
1092.4460081348643	0.5801524477976727	1193438.2806898	0.3365768626856313	1551.8424684436804	12.789451683603374	163.5700743672252	2408215.0468653752	1045.2256032747396	0.1483916666666118	1092496.561741043	0.0220200867360948	1088.6868250144296	1066.6770222223297	1.325661	25.925684	0.103546592203838	0.05895571889388	-0.1183345252	0.1221641188	0.0279676022	0.0453841198	-0.0695598261	0.0256046288	0.110905434	0.0037927834	-0.1579116007	-0.0117146909	-0.0196691327	-0.1517501492	-0.020937535	-0.0828320915	-0.1189371401	-0.0861286282	0.0966609391	-0.1254782628	0.1128553188	0.105517253	0.0074894597	-0.0173769122	0.0215789479	0.1452405241	0.0742535275	-0.0002590623	0.0444836387	-0.0819483498	-0.0996382041	0.0171190885	0.0797312569	-0.0414754438	0.114519326	-0.0724748876	-0.0532992569	0.1312295024	0.3088852113	0.0667535979	0.0199633836	-0.0367888289	-0.0843925046	0.0484813349	-0.131924434	0.0401021525	-0.0360032942	0.0709192778	-0.0577195204	-0.0006512335	-0.1016689593	-0.0838290168	0.0317890736	0.0716507711	0.0860864015	0.023309452	0.0068958859	-0.0124798176	-0.0032959176	-0.0004262405	-0.0619094544	0.01604651	-0.0579968761	0.0543329871	0.0931427702	0.0157255382	-0.0289837036	0.0698165442	0.0868831044	0.0555896703	0.0272461798	0.0055979944	-0.0306586747	-0.0799537464	-0.0740774178	-0.035148941	-0.0893802184	0.1224292472	-0.0814279786	-0.1774550215	-0.0808537966	-0.0844623423	0.0966836436	0.1386128866	-0.029868511	-0.0705005342	0.063891055	0.0305864317	0.0737098244	-0.0055850342	-0.1209136873	0.1336764698	0.0012025326	-0.0520900596	-0.1239159893	0.0164336445	-0.0245202847	-0.1847499661	-0.1779074271	0.2119881631	0.0790180663	-0.0011359493	-0.0234267791	0.0224652268	0.0409661613	-0.0780834305	-0.0560239143	0.0227300303	0.0800629136	0.1091757608	0.0328791661	0.1190917415	0.0216650014	0.000520937	0.0267234549	0.0310300412	0.122313409	0.0042539346	-0.000564136	0.0390631627	-0.0411182913	-0.0095870718	-0.0084665233	0.0981276862	-0.0819975331	0.1509524628	-0.0108508347	0.0573187937	0.0271062521	-0.1219943169	0.005988292	-0.1154887653	-0.0519861602	-0.1773518159	-0.0133232347	-0.0074769869	-0.1429263964	-0.1430392027	0.0155451716	-0.1594348962	-0.064728946	-0.2092247055	0.0797118902	0.0111121598	0.0810503287	-0.0809863298	0.0280269276	-0.1413678756	-0.0583793125	0.0341053513	0.218128954	-0.1827286446	-0.1737064525	-0.1102295573	0.1075988845	-0.103260836	0.0972842479	-0.0897639565	0.177106554010038	-0.0073598117679551	5.416682925973175e-05	0.0313667314733105	0.2562658493352643	-0.0532321329087749	0.0028336599740174	0.0656721855355243	-0.1479955626929694	-0.0202862068562978	0.0004115301886165	0.0219026865768086	0.0065371118690903	-0.0002142455249353	4.273383158900127e-05	4.5901144954845056e-08	-0.0020181079645427	-1.9099029118997864e-06	3.6477291328832834e-12	4.072759756550679e-06	0.0010451081850348	-0.0002372133855688	5.62701902930596e-08	1.092251118426734e-06	0.0	0.0	0.0	0.0	0.0	0.0	0.0	0.0	0.0	0.0	0.0	0.0	0.0	0.0	0.0	0.0	0.0	0.0	0.0	0.0	0.0	0.0	0.0	0.0	0.0	0.0	0.0	0.0	0.0
1091.82685750484	-0.6191506300242509	1192085.8867688945	0.3833475026594267	1549.4721725567845	-2.370295886895974	5.618302591435972	2400864.013527842	1044.5150933007812	-0.7105099739583238	1091011.7801331398	0.504824423094258	1087.9421172468824	1060.2889448154529	1.409218	27.559786	0.1376920342471358	0.0718090168633475	-0.0551315895	-0.0060488836	-0.1224832346	0.0332608066	0.0091442509	0.0616864756	0.1100785242	0.0151342593	0.0663780068	-0.0109192197	0.0607682084	0.0503572305	-0.0317890065	-0.0841607432	-0.0719646563	-0.0204094055	0.0754646087	0.1789095418	0.0066661105	-0.0147802528	-0.1291476186	0.1038282725	-0.0201179571	0.0007249885	-0.1250972745	0.1045916765	0.0212658234	-0.0401620575	0.0265146404	0.1661434974	-0.0615851054	0.0151651701	-0.0365444461	-0.1015351214	0.1024372926	-0.0628889874	0.1227976146	0.0976139467	0.0012201604	0.0531176814	0.0796445666	-0.0131908656	0.0066983318	0.0549170253	0.0606629103	-0.0089516749	-0.1307533243	-0.0044855713	0.0901343754	-0.0504117874	-0.0333136877	0.0167033236	-0.089576601	0.0974287897	0.0245152587	0.0037170931	-0.0586203798	0.0170425643	-0.0865769512	-0.0199951214	0.0033750577	-0.1178662386	-0.0392416059	0.052083388	-0.0831220272	0.1316160558	-0.0069879899	0.1224955193	-0.1337611827	-0.0658051092	0.0004663421	-0.0739406963	-0.148455304	-0.0268777725	0.0749369576	0.0735953758	-0.0363298797	0.075657961	-9.60527e-05	0.003136755	0.0219616909	-0.1494862602	-0.0136339956	0.1242329445	0.0691604434	0.0250623184	0.0399946543	-0.0236740094	0.0143541343	-0.039298027	0.1466962709	0.03366911	-0.1162609289	0.0436872497	-0.1126364691	0.0061694588	-0.085344423	0.0320221892	-0.0775382354	0.1981009076	0.0338174159	-0.071880857	0.0223353895	0.0165041491	0.0178197077	-0.0182022877	0.0688047952	0.0817261149	-0.0171168795	0.0432198771	0.0928323831	-0.1263711496	0.0989612855	0.0492913481	-0.0730112127	0.1070342616	-0.1660640848	-0.0960206895	0.0072120919	-0.0256645872	-0.1456833376	0.1363163186	-0.0808291053	-0.0595473142	0.0105956728	-0.0235264724	-0.1833232615	-0.0700709073	-0.0135024561	-0.0978083166	-0.0581134623	-0.1208254981	-0.2226571569	-0.0653667405	-0.1163286168	0.0805438346	0.1218247587	-0.1697664775	-0.0415031856	0.0599479132	-0.0731964439	0.1631955942	-0.0529546624	0.0696998189	0.044034559	0.0975998608	-0.0921127483	0.0895980569	0.2925484372	-0.0696094913	-0.0706970361	-0.110479702	0.1085926509	-0.1054714048	0.1011514379	-0.095681848	0.168700030151669	-0.0084065238583689	7.066964338132699e-05	0.028459700173174	0.2875686558602837	0.0313028065250193	0.0009798656963427	0.0826957318332902	-0.1986769940423869	-0.0506814313494174	0.0025686074836257	0.0394725479617186	0.0064581362225319	-7.897564655839993e-05	4.17075234687786e-05	6.237152749317306e-09	-0.0012750394252203	0.0007430685393223	5.521508541307248e-07	1.6257255358661134e-06	0.000921126920629	-0.0001239812644058	1.5371353923660917e-08	8.484748039074641e-07	0.0	0.0	0.0	0.0	0.0	0.0	0.0	0.0	0.0	0.0	0.0	0.0	0.0	0.0	0.0	0.0	0.0	0.0	0.0	0.0	0.0	0.0	0.0	0.0	0.0	0.0	0.0	0.0	0.0
1093.275932574217	1.4490750693769314	1195252.2647460238	2.0998185566897587	1544.2200226271984	-5.252149929586039	27.58507888285064	2384615.478282745	1045.0128506966146	0.4977573958333323	1092051.858121065	0.2477624251067807	1089.9350587618674	1063.9468248762937	1.680742	32.869938	0.6506564924655726	0.3406153787086776	0.1593291474	-0.0731446393	-0.0253874658	0.0682811024	0.0158744646	0.0548282504	-0.1351852508	0.1047643578	0.006064511	0.0177451704	0.0702894617	0.1514875491	-0.0238897927	0.1048413358	-0.0492599541	0.0280996239	0.035327018	-0.0701051853	0.0513051131	0.0504114073	-0.1807619981	-0.0418327987	0.0255738214	-0.0352231674	-0.1734791213	-0.0393008487	0.0773439163	0.0012186632	0.0482620299	-0.0732900444	-0.0694137441	-0.0220244578	0.1058700294	-0.0063412231	-0.0334782965	0.1810057288	-0.1388408047	-0.0239680906	0.0823045274	-0.0505474222	-0.014269615	-0.0669255596	0.1209801527	0.0084170728	0.0367530289	-0.066616572	-0.0074703198	0.1639631341	0.075209601	-0.1110120001	-0.1011449084	-0.0806219134	0.0073970674	-0.0398063948	-0.0126799395	0.0528908968	0.0973668218	0.0516610589	0.0162017516	-0.0949951762	-0.0905538141	0.0534658186	-0.018789963	-0.0819423246	0.0405122772	-0.1104977357	0.0414658269	0.0860340271	0.0020540646	-0.0790040791	0.0479196468	0.1483199771	0.0510430998	-0.0987876497	-0.0559666181	-0.0202505988	-0.1412486525	0.0492908928	-0.043347188	-0.0745563833	0.0374363342	-0.13766897	0.1218823539	0.1383859061	-0.0487391809	0.0161078465	0.0108605649	0.075034683	-0.0840392676	-0.159523684	-0.0197911585	-0.2002024219	0.1209981645	-0.00092723	0.0965238154	0.0034680993	0.0815163172	-0.0373850308	0.0389526503	0.0056573967	0.0113497322	-0.157741806	0.1011762236	-0.0543556394	0.0559687361	-0.058571109	-0.0577994808	0.142203452	0.0165451421	0.0339459663	-0.0627214593	-0.0053194384	-0.035510368	-0.0675622422	0.0468199086	0.0137661337	-0.082504509	-0.0951634849	-0.0341431269	0.0565302067	0.143064713	-0.060146818	0.0298222965	0.1085034868	0.0262196717	-0.0255721875	-0.0460183978	0.1585014043	-0.1702152628	-0.0211759832	0.1276543403	-0.0488341461	-0.1515091566	-0.0162327848	0.1560975668	0.0656477069	0.1147482222	0.0758465449	-0.1286819996	0.0305054681	-0.1262285163	0.1299419544	-0.0681886722	0.0795544712	0.0761734611	0.0119733385	-0.0706585922	0.1634932257	0.199982365	-0.1658710781	-0.1251919047	-0.1106882998	0.1094230837	-0.1073250918	0.1044102912	-0.1007008652	0.1400722763448811	-0.0286277538067879	0.000819548288022	0.0196202426004367	0.5373162937659828	0.2497476379056991	0.0623738826394761	0.2887087995464119	-0.3998673155187475	-0.2011903214763606	0.0404775454557613	0.1598938700201695	0.0081790105314608	0.0017208743089288	6.689621327374666e-05	2.961408387131518e-06	-0.0023941519077597	-0.0011191124825394	1.252412748575499e-06	5.731963357429411e-06	0.0003392981265628	-0.0005818287940662	3.385247456045286e-07	1.1512321868902585e-07	0.0	0.0	0.0	0.0	0.0	0.0	0.0	0.0	0.0	0.0	0.0	0.0	0.0	0.0	0.0	0.0	0.0	0.0	0.0	0.0	0.0	0.0	0.0	0.0	0.0	0.0	0.0	0.0	1.0
1092.081503190882	-1.1944293833350912	1192642.0096116562	1.4266615517742465	1529.7043251544492	-14.515697472749252	210.70547312037905	2339995.322396229	1043.263271061198	-1.7495796354164668	1088398.252745311	3.061028900664017	1087.510449857026	1076.1709952155552	1.384261	27.071707	0.3187614694879198	0.176564008085145	0.2100525697	-0.0234438451	0.0908393624	0.0492824908	0.0127722819	-0.0012130707	-0.2549195496	0.0462949404	-0.0035176429	0.0613710932	0.0795168293	-0.0127548133	-0.1028557098	0.1502947738	0.0469598144	0.1593842298	0.141152858	-0.078100346	0.0305926766	-0.0968590872	-0.1561944425	0.0871759859	-0.1612455142	-0.0222983119	0.071995823	-0.0024575122	-0.0482017628	0.0931675499	-0.0579278866	0.0226273347	0.0210385183	-0.1034722857	-0.0123556728	-0.1123738153	0.0812769299	0.0080807163	-0.0097755844	-0.0752014514	0.0271279354	-0.1206572307	-0.0873137295	-0.0785446127	-0.0072120625	0.0064312061	-0.06624678	-0.1408325554	0.0868032868	0.0581794767	0.0124838673	-0.1186794446	-0.0418013959	0.0391519586	0.0191939968	-0.0141344055	-0.0684268551	0.0377787859	-0.048435105	0.0228499991	0.0312748464	0.0855806637	0.0029906806	-0.077078496	-0.0757830336	0.0130081454	-0.0091192867	-0.0505441887	-0.0603853845	-0.0313578104	0.0130380225	0.0190759313	0.038742719	0.1778772847	0.1715952162	-0.0655401243	-0.0591955273	0.0805330502	-0.0928012121	0.1916741918	0.0290496415	-0.1199006913	-0.0961942186	-0.1222171725	0.0302346182	-0.0531989627	0.0081887642	0.1186900793	-0.042108403	-0.0867571589	0.0025960449	0.0264381655	-0.0454372787	-0.0158747849	-0.0265952831	0.1273168619	-0.0580894289	0.0262111962	0.0702880257	0.0683155803	0.007080148	0.0100694518	-0.0797985382	-0.1287462003	-0.0089268162	-0.1163764652	-0.1195625353	-0.0565480181	-0.1305023928	-0.0409137483	0.0852124611	0.0735284499	-0.0094116332	0.0124902971	0.0148944723	-0.0385415264	0.0120815018	-0.0648192344	-0.0064006742	0.0574273314	-0.0110831111	0.0811009687	0.0041100392	0.038971501	0.0393483988	-0.0154566058	-0.0387133571	-0.0199133838	0.051026813	0.1976196398	-0.2098949342	-0.0269152291	0.0098723637	0.0070842029	0.0969543342	-0.0444652973	-0.194429438	0.0352436275	0.072007305	-0.0672540385	0.0995304969	0.0649792662	-0.1219907513	-0.1751538983	0.1012139678	-0.0780202099	-0.0880649175	0.0946603722	0.166792916	0.01950887	0.0073040199	0.0012129563	0.3081479936	-0.1108552722	0.1100889337	-0.1088156246	0.1070412087	-0.1047738574	0.1250922215350272	-0.0149800548098538	0.0002244020421062	0.0156480638885683	0.5487212299901643	0.0114049362241814	0.0001300725702776	0.3010949882419187	-0.4352942048893169	-0.0354268893705694	0.0012550644904745	0.1894810448102226	0.0050532390000477	-0.003125771531413	2.553522439160308e-05	9.770447666592594e-06	-0.0034868477797627	-0.001092695872003	1.1939842686923967e-06	1.215810743923607e-05	0.001259822504813	0.0009205243782502	8.473651309529174e-07	1.5871527436333016e-06	0.0	0.0	0.0	0.0	0.0	0.0	0.0	0.0	0.0	0.0	0.0	0.0	0.0	0.0	0.0	0.0	0.0	0.0	0.0	0.0	0.0	0.0	0.0	0.0	0.0	0.0	0.0	0.0	0.0
1092.1054443467542	0.0239411558723077	1192694.3015718216	0.0005731789445021	1549.9763338781097	20.27200872366052	410.9543376921682	2402426.6355822254	1044.6834152604167	1.420144199218612	1091363.4381201684	2.0168095465742724	1089.023412088631	1079.16088155313	1.319916	25.813341	0.1761132324567704	0.1020791075964732	0.1999246036	0.1223502937	-0.0392603587	0.0581295079	-0.0900485145	0.1221458773	-0.1677131062	0.0039420655	-0.0932746398	-0.1049112824	-0.0017762081	-0.0728704417	-0.1779552287	0.1725104093	-0.0314117981	0.1989787244	0.1609643766	0.0301980919	0.1315062559	-0.0131288878	-0.0769554831	-0.0557613335	-0.0683980431	0.0939170736	-0.1127774864	0.0411985831	0.0609463384	-0.0722250426	0.061678459	0.0064999136	0.0091637583	-0.0085149717	-0.032899964	0.0637391011	0.0439930455	-0.1301702718	-0.0460624947	-0.0776100191	-0.011392514	-0.0335512045	-0.0602654817	-0.1459352877	-0.0350887321	-0.0275795942	0.0127492803	-0.0567985007	-0.0315760135	-0.0489437594	0.0094212713	0.0767383987	0.151850269	0.0120737738	0.0380814981	-0.097358793	-0.0248991018	-0.0280039471	0.0743374167	0.1506274891	-0.0317173971	0.0149221166	0.0827939247	-0.0155840744	0.0348420969	0.0254214581	0.059276976	-0.0158281012	0.0351695355	-0.1705993425	0.0364371561	-0.0608619042	-0.0216079255	0.1773311127	0.0658376099	-0.1033831112	0.0963930531	0.1958383278	-0.1275712463	0.1419820236	0.0457034088	-0.0938746093	-0.0127508154	0.0930655843	0.0474587777	0.0845920365	0.1091802249	-0.0279625	0.0122376967	0.1092524806	-0.0508930422	-0.0189155988	-0.0050236212	0.0860893392	-0.0492321912	0.0419069643	0.0168517169	0.0597151083	0.1131548652	0.0653344334	-0.0559755	-0.0793330041	0.0030832506	0.0647707469	-0.0482879614	0.0566617789	-0.0474733957	-0.1299853935	0.0938922805	-0.0587416984	0.0216383764	-0.0106242648	0.0363202858	0.0536062875	-0.0470373191	0.0161564766	-0.1228701408	0.0823171991	0.1222832972	0.0629851596	0.003614701	0.0712011964	0.0210332129	-0.0989254709	0.0071596977	0.0367146136	-0.0976133221	-0.0684386493	0.0962860206	0.217184332	-0.249772097	0.0022437404	-0.082302125	0.0113440391	0.0287619359	0.1023020645	0.0337790458	-0.0908240345	-0.0071134625	0.0675774481	0.1033127907	-0.0014914658	-0.0405960308	0.0015466711	0.0665017941	-0.0951654886	-0.0976037253	-0.002451674	0.0361963737	-0.0115960946	0.0254829128	0.0362317274	0.10924341	-0.1109805565	0.1105891995	-0.1099379598	0.1090283678	-0.1078625611	0.1260898665147038	0.0009976449796766	9.952955054739428e-07	0.0158986544376958	0.5843201345451519	0.0355989045549876	0.0012672820055151	0.3414300196348643	-0.4877447116670481	-0.0524505067777311	0.0027510556612408	0.2378949037591718	0.0065398050824106	0.0014865660823629	4.276905051592352e-05	2.209878717231781e-06	-0.0033191395098284	0.0001677082699343	2.8126063804356066e-08	1.1016687085703912e-05	0.0013468716754033	8.704917059029998e-05	7.577558100459148e-09	1.8140633100036925e-06	0.0	0.0	0.0	0.0	0.0	0.0	0.0	0.0	0.0	0.0	0.0	0.0	0.0	0.0	0.0	0.0	0.0	0.0	0.0	0.0	0.0	0.0	0.0	0.0	0.0	0.0	0.0	0.0	0.0
1091.088329341664	-1.017115005090318	1190473.7424255833	1.0345229335798776	1544.6616940344009	-5.314639843708847	28.24539666833759	2385979.749017225	1043.902372467448	-0.7810427929687194	1089732.1632431666	0.6100278444483779	1088.2916026851822	1053.8243658904582	1.306514	25.551224	0.147031041691055	0.0622236779299082	0.2240699613	-0.0381553681	-0.0510147979	0.0469086017	0.1331293994	0.1116556432	-0.1558673115	0.0553997817	0.1250477753	-0.0985843062	-0.0446480483	0.0642893896	-0.2143071764	0.1990216353	-0.0149783015	0.091118183	0.1030512045	-8.57715e-05	0.0604792595	-0.0444600771	-0.0674134102	0.0239501551	0.033344175	0.0178501085	-0.1608709667	-0.0199129358	-0.0215028179	0.1835193299	0.1157618853	-0.0179671001	-0.0569407612	0.0296331536	-0.1401550974	0.0543021565	-0.0566275885	0.0595581886	-0.0277499313	0.0170475613	-0.0887546028	0.0469684474	0.1091849223	-0.0896780248	-0.0689445484	0.0124817854	0.0386415734	0.0546880717	0.0534877004	-0.096704729	-0.0603011426	0.0919070439	0.0948211518	0.0080652237	-0.0576905386	-0.0076594268	-6.87997e-05	-0.0457552785	0.0037289475	-0.0432352143	0.0005806912	0.0955256807	-0.0685065911	-0.0055427007	-0.0560318096	0.0187994803	0.0201104403	-0.0316982275	0.0561556696	-0.1291247224	-0.0766603907	0.0381910191	-0.0409523355	0.1903600431	0.014814267	-0.0614276164	0.1137416507	0.0642038326	-0.1218148119	0.1518296258	0.0306599193	-0.0616090452	-0.0392941343	0.0326310323	-0.0638619429	0.092267139	-0.0367645191	-0.1283354003	0.1338020471	0.0471874605	0.1499981196	-0.0312717237	0.0110324131	0.0071981036	0.1531475033	0.0359687045	0.0205418937	-0.0105113155	-0.0619138023	-0.015116916	-0.0582529396	0.0133493955	0.0974421436	0.1546942378	-0.0952101283	-0.0117573206	0.0125897498	0.0725160362	0.022441774	-0.0395220251	-0.0386042932	-0.0868821419	0.0471339713	0.0622166469	-0.0446492825	-0.0140218118	-0.0356743435	-0.0469480775	0.0681343686	0.098638493	-0.0597140036	0.058813175	-0.1136576747	-0.0287479189	0.0038480273	0.0426668618	0.0626602251	0.0051584077	0.0361876368	0.2415755446	-0.2890946192	0.0426265209	0.0496173871	0.0438727147	-0.0463911325	0.0027733226	0.1025477893	-0.031573276	-0.0935762243	0.0722050931	-0.033507809	0.0986440542	-0.0247208799	-0.0241021206	-0.1088497347	-0.0691843499	-0.0801230398	-0.0057327714	0.0214975579	-0.0961752548	-0.0447875116	-0.0175463462	-0.0157451085	-0.1110641056	0.1109231287	-0.1106882998	0.1103598175	-0.1099379598	0.1441579824757752	0.0180681159610713	0.0003264568143827	0.0207815239114859	0.6206509389974002	0.0363308044522483	0.0013199273521475	0.3852075880783546	-0.5038997175839484	-0.0161550059169002	0.000260984216175	0.2539149253811829	0.0070462539137686	0.0005064488313579	4.9649694217299306e-05	2.5649041878388333e-07	-0.0027960548836634	0.000523084626165	2.736175261301779e-07	7.817922912457949e-06	0.0008468628257096	-0.0005000088496937	2.500088497720172e-07	7.171766455688482e-07	0.0	0.0	0.0	0.0	0.0	0.0	0.0	0.0	0.0	0.0	0.0	0.0	0.0	0.0	0.0	0.0	0.0	0.0	0.0	0.0	0.0	0.0	0.0	0.0	0.0	0.0	0.0	0.0	0.0
1091.4513276534603	0.3629983117964457	1191266.0006365012	0.1317677743670696	1536.444573904424	-8.21712012997682	67.52106323047028	2360661.9286803477	1044.6833965755209	0.7810241080728701	1091363.399080567	0.6099986573910223	1088.9395656981055	1063.3711066922874	1.21697	23.800032	0.087995018003462	0.0480588322620827	0.1978068454	0.028875223	0.0821625739	0.0746793394	0.1050695107	-0.0004918898	-0.2316733876	0.0094953349	0.0148505855	0.0327766223	-0.0844232014	0.045034501	-0.2361663022	0.2049113669	-0.0752375801	0.0631731971	0.1323449447	-0.0180610004	0.1073050085	-0.0439844676	-0.0174477582	-0.0800113652	-0.0086456148	-0.0188362074	0.0158146747	0.073798946	-0.1439716496	0.1241339965	0.1273923875	-0.0231342717	-0.0049309	0.1260165048	-0.0432169672	0.0994395733	0.0598801223	0.0084287877	-0.1030684393	0.1097054102	-0.1185368069	0.0867293865	0.0264211753	0.1046395307	-0.0960844781	-0.0083002162	-0.0947434836	0.1023310886	-0.0854418718	-0.0368901195	-0.0411955726	-0.0225252822	-0.0528809195	-0.0411682589	-0.0417078783	0.1105101479	0.0632824976	-0.1252322702	0.0863847534	-0.1439349206	-0.040633344	-0.0387909241	0.1005989708	-0.0347749171	-0.0046970711	0.0238890527	-0.0684001739	0.0218931236	0.0505788573	0.1624319693	0.0122010676	0.1470679324	0.1003369083	0.1974214484	0.0824529627	-0.1029178966	-0.0243238694	0.0688326432	-0.1259204987	0.1051589111	0.1250844784	0.1050971575	-0.0001334652	0.0711040107	-0.1094465609	0.0114999856	0.0726705622	-0.1348043134	0.0082026002	-0.0042160028	0.1876164909	-0.0100128223	0.0111360196	-0.0155381794	-0.0036799179	-0.0540612915	5.96354e-05	-0.1013671997	-0.0185559966	-0.1789400787	0.0223194028	-0.0054360651	-0.0323673017	0.1008610054	-0.0783244948	0.1070654361	-0.0076779169	0.0922752781	-0.1000284061	0.1090376323	-0.0746332139	0.0879483441	-0.0872558439	-0.1032168721	0.040325084	0.0725453909	0.0371403995	0.0094587525	0.0958232918	0.0229516449	0.0901953918	-0.1273608435	-0.0671003761	0.0745552812	-0.0093776365	-0.1287169394	0.0040953592	0.0811277798	0.0383314158	0.2432337397	-0.3224984644	0.0135618112	0.0058137176	-0.0033241671	0.0622178581	-0.0107834871	0.123659335	-0.0145578171	-0.1422808865	0.0955318201	-0.0146767274	0.1169004003	0.1302219544	-0.0795282016	0.0493263217	-0.0865338536	-0.0984752917	-0.0364456005	-0.0571001008	-0.0653681972	-0.0862369884	0.147069159	-0.2008360721	-0.1111058879	0.1110902189	-0.1110641056	0.1110275503	-0.1109805565	0.1382453028213603	-0.0059126796544148	3.495978069573175e-05	0.0191117637521696	0.6543254744788243	0.033674535481424	0.0011339743398896	0.4281418265519385	-0.5359349483998415	-0.0320352308158931	0.0010262560134275	0.2872262689163407	0.0068107703715147	-0.0002354835422538	4.6386593053502485e-05	5.5452498672444137e-08	-0.0027350505263741	6.100435728930006e-05	3.7215316082805773e-09	7.48050138181924e-06	0.000877826367201	3.096354149140007e-05	9.587409016896535e-10	7.70579130953305e-07	0.0	0.0	0.0	0.0	0.0	0.0	0.0	0.0	0.0	0.0	0.0	0.0	0.0	0.0	0.0	0.0	0.0	0.0	0.0	0.0	0.0	0.0	0.0	0.0	0.0	0.0	0.0	0.0	0.0
