#!ascii label  , from subject sub-v2s7x29676_ses-1 vox2ras=TkReg
3125
41254  2.063  -24.214  45.735 0.6250000000
41255  1.759  -24.323  45.516 0.6250000000
122873  1.548  -23.278  45.215 0.5000000000
40451  1.937  -25.379  45.777 0.6250000000
111321  1.540  -25.275  45.408 0.5000000000
41256  1.252  -24.351  44.982 0.5000000000
39522  2.140  -25.902  45.832 0.6250000000
121395  1.145  -25.262  44.973 0.2500000000
40450  1.926  -26.385  45.853 0.5000000000
40452  1.788  -26.169  45.704 0.3750000000
40453  1.332  -25.992  45.254 0.2500000000
39524  1.627  -26.777  45.570 0.3750000000
39523  1.924  -26.913  45.876 0.5000000000
40457  1.062  -25.764  44.639 0.2500000000
39527  1.193  -26.643  44.906 0.2500000000
42195  3.965  -23.089  44.535 0.6250000000
121753  3.355  -23.716  44.842 0.6250000000
42208  3.870  -23.961  43.973 0.6250000000
41253  2.612  -23.942  45.478 0.6250000000
42184  1.958  -23.228  45.580 0.6250000000
41287  3.766  -24.770  43.791 0.7500000000
41267  3.267  -24.608  44.732 0.6250000000
40456  3.096  -25.470  45.027 0.6250000000
117108  2.409  -25.089  45.584 0.6250000000
40469  3.529  -25.434  44.153 0.6250000000
39526  3.375  -26.287  44.663 0.6250000000
110678  2.699  -26.014  45.571 0.6250000000
41288  1.156  -24.694  43.790 0.2500000000
41268  1.083  -24.941  44.446 0.2500000000
39537  3.764  -26.085  43.714 0.6250000000
39519  2.314  -26.696  45.893 0.6250000000
110742  1.259  -26.270  43.064 0.2500000000
40487  1.212  -25.399  43.266 0.2500000000
40470  1.069  -25.514  44.032 0.2500000000
39520  1.961  -27.001  45.948 0.5000000000
39538  1.097  -26.265  44.237 0.2500000000
38617  1.519  -27.409  45.352 0.3750000000
117655  1.187  -26.906  44.344 0.2500000000
37727  3.554  -28.964  46.433 0.2500000000
36865  2.716  -28.996  46.359 0.3750000000
37731  4.066  -28.542  45.644 0.2500000000
121162  1.858  -29.332  45.624 0.3750000000
108937  5.776  -23.643  43.869 0.6250000000
128114  4.325  -23.532  43.948 0.6250000000
42206  5.253  -23.909  43.280 0.6250000000
42207  4.570  -23.842  43.480 0.6250000000
42225  4.850  -24.182  42.887 0.7500000000
41286  4.245  -24.503  43.143 0.8750000000
40468  3.975  -25.388  43.229 0.7500000000
127870  4.291  -25.012  42.733 1.0000000000
39521  3.039  -26.697  45.535 0.6250000000
110304  1.386  -25.062  42.401 0.2500000000
38619  3.565  -27.298  44.967 0.7500000000
38612  2.929  -27.321  45.981 0.5000000000
123107  1.342  -25.818  42.553 0.2500000000
39554  1.233  -26.783  43.667 0.2500000000
39536  4.073  -26.300  42.984 0.8750000000
38614  1.967  -27.484  45.951 0.6250000000
38618  4.116  -27.871  44.121 0.5000000000
38613  2.248  -27.449  46.017 0.5000000000
122673  3.992  -28.003  45.025 0.3750000000
37729  2.167  -28.091  46.075 0.5000000000
37734  4.336  -28.543  44.549 0.3750000000
37728  2.831  -28.175  46.244 0.5000000000
42192  6.453  -23.548  44.546 0.6250000000
41310  5.525  -24.365  42.418 0.7500000000
40504  1.482  -25.728  41.772 0.2500000000
41311  4.723  -24.689  42.411 1.0000000000
40486  4.380  -25.578  42.379 1.0000000000
39592  1.581  -26.445  41.138 0.2500000000
38651  4.747  -26.957  41.469 0.8750000000
38637  4.539  -27.608  42.219 0.5000000000
38624  4.282  -27.761  43.147 0.6250000000
39573  1.390  -26.613  42.135 0.2500000000
114371  1.321  -26.982  42.877 0.2500000000
37760  4.994  -27.909  41.368 0.3750000000
123349  4.601  -28.310  42.684 0.5000000000
36919  6.999  -29.342  39.154 0.3750000000
36906  6.548  -29.515  39.919 0.1250000000
37775  6.033  -28.886  40.200 0.3750000000
36895  5.296  -28.772  41.308 0.3750000000
110566  6.327  -28.075  39.286 0.5000000000
37789  5.979  -28.192  39.837 0.3750000000
110930  7.464  -28.258  37.943 0.5000000000
37804  7.460  -29.116  38.372 0.2500000000
37805  6.840  -28.365  38.733 0.3750000000
125531  8.023  -24.542  43.096 0.5000000000
41308  7.320  -24.412  42.786 0.5000000000
129505  6.788  -24.225  43.181 0.6250000000
41309  6.488  -24.317  42.506 0.7500000000
128434  7.070  -24.462  42.071 0.7500000000
41334  5.491  -24.750  41.631 0.8750000000
41335  5.133  -24.679  42.024 1.0000000000
41333  6.326  -24.565  41.630 0.8750000000
40503  4.874  -25.128  41.809 1.0000000000
39553  4.386  -26.602  42.216 1.0000000000
39572  4.687  -25.994  41.604 1.0000000000
119727  4.200  -27.070  42.828 0.7500000000
39590  5.583  -26.538  40.155 0.7500000000
128586  6.035  -26.255  39.646 0.7500000000
38714  8.194  -27.434  36.954 0.3750000000
37816  8.037  -28.166  37.325 0.5000000000
38682  5.686  -27.487  40.041 0.5000000000
39629  6.399  -26.404  39.152 0.7500000000
111563  8.394  -28.755  37.186 0.2500000000
37803  7.983  -28.911  37.718 0.3750000000
38715  7.641  -27.433  37.534 0.5000000000
38698  7.059  -27.439  38.203 0.5000000000
108556  8.764  -24.625  42.951 0.5000000000
41307  9.302  -24.704  42.448 0.5000000000
108442  7.967  -24.639  42.238 0.7500000000
108554  8.810  -24.733  42.028 0.5000000000
41332  7.316  -24.644  41.388 0.7500000000
41357  6.696  -24.791  40.742 0.8750000000
41358  5.887  -24.877  40.920 1.0000000000
41373  6.930  -24.959  39.946 0.7500000000
40514  5.568  -25.642  40.500 0.8750000000
40527  7.159  -25.260  39.233 0.8750000000
40528  6.459  -25.611  39.543 0.7500000000
40541  6.862  -25.866  38.946 0.8750000000
39628  6.888  -26.519  38.526 0.7500000000
39660  8.799  -26.947  36.148 0.5000000000
39661  8.428  -26.723  36.627 0.6250000000
39647  7.953  -26.628  37.218 0.6250000000
40540  7.500  -25.652  38.393 0.8750000000
109439  10.826  -24.944  41.282 0.6250000000
125725  9.437  -24.768  41.892 0.6250000000
109438  10.017  -24.884  41.407 0.7500000000
108933  9.126  -24.834  41.286 0.7500000000
41354  10.503  -24.982  40.580 0.6250000000
41355  9.560  -24.939  40.444 0.7500000000
41356  8.629  -24.875  40.566 0.7500000000
125841  8.922  -24.922  39.935 0.8750000000
108346  8.224  -24.907  39.826 0.8750000000
41372  7.861  -25.006  39.103 1.0000000000
39672  9.822  -26.554  35.144 0.3750000000
40570  9.448  -25.904  35.734 0.7500000000
40554  7.864  -25.971  37.607 0.7500000000
39686  10.701  -26.311  34.173 0.1250000000
40569  10.057  -25.697  35.222 0.5000000000
41353  11.316  -24.965  40.722 0.6250000000
114613  11.053  -25.021  39.977 0.7500000000
114612  10.232  -24.998  39.640 0.8750000000
124357  10.956  -25.016  39.301 0.7500000000
41370  9.574  -24.953  38.877 0.8750000000
113115  8.723  -24.943  39.160 1.0000000000
41369  10.499  -24.977  38.611 0.8750000000
41385  8.877  -25.003  38.257 0.8750000000
127832  8.204  -25.090  38.508 1.0000000000
128330  10.418  -24.905  37.719 1.0000000000
40539  8.243  -25.386  37.796 0.8750000000
41416  9.909  -25.158  35.960 0.7500000000
41397  8.978  -25.126  37.350 0.8750000000
41433  10.640  -25.023  35.366 0.7500000000
40562  9.198  -25.430  36.492 0.7500000000
128211  11.401  -25.687  33.541 0.2500000000
40578  10.576  -25.608  34.663 0.6250000000
41368  11.583  -24.990  39.478 0.5000000000
116095  11.705  -24.964  40.121 0.5000000000
41382  12.680  -24.728  38.825 0.8750000000
114698  12.022  -24.946  38.994 0.5000000000
112135  12.855  -24.698  38.111 0.8750000000
109437  11.182  -24.977  37.970 1.0000000000
109683  11.736  -24.888  37.336 0.8750000000
108697  10.868  -24.853  37.124 1.0000000000
122865  11.205  -24.796  35.850 0.7500000000
41448  12.153  -24.608  34.403 0.7500000000
41432  11.502  -24.733  35.132 0.7500000000
41415  10.631  -24.884  36.284 0.7500000000
41467  11.645  -25.092  33.668 0.8750000000
41449  11.447  -24.915  34.370 0.7500000000
41381  13.545  -24.434  38.514 0.6250000000
41366  13.257  -24.507  39.441 0.5000000000
41352  12.215  -24.825  40.739 0.5000000000
41396  12.572  -24.756  37.431 0.8750000000
41411  14.013  -24.269  36.957 0.8750000000
41395  13.387  -24.508  37.581 0.8750000000
41430  13.126  -24.445  35.707 0.8750000000
41413  12.222  -24.750  36.675 1.0000000000
119381  12.550  -24.603  36.076 1.0000000000
41465  12.962  -24.388  33.859 0.8750000000
41447  13.008  -24.401  34.839 1.0000000000
41431  12.373  -24.559  35.359 1.0000000000
41484  12.657  -24.700  32.880 0.8750000000
42470  19.371  -23.789  28.386 0.1250000000
41543  18.051  -24.212  28.344 0.5000000000
42471  18.738  -23.871  28.110 0.3750000000
42472  17.607  -23.539  28.232 0.7500000000
41394  14.182  -24.203  37.831 0.7500000000
41412  13.119  -24.549  36.648 0.8750000000
42369  14.479  -23.925  35.500 0.8750000000
42351  14.619  -23.930  36.366 0.8750000000
42370  13.763  -24.202  35.189 0.8750000000
42385  13.603  -24.196  34.440 1.0000000000
42401  13.822  -24.078  33.723 0.8750000000
42428  14.601  -23.805  31.503 0.7500000000
42415  13.929  -24.030  32.836 0.8750000000
43374  19.660  -22.761  27.415 0.2500000000
125640  19.768  -23.318  28.032 0.2500000000
44224  18.634  -21.818  27.440 0.5000000000
43377  18.056  -22.236  27.871 0.6250000000
43362  17.537  -22.666  28.321 0.7500000000
43363  16.998  -23.123  28.732 0.7500000000
42368  15.172  -23.563  35.773 0.8750000000
42350  15.333  -23.511  36.639 0.8750000000
110233  14.993  -23.603  35.043 0.8750000000
42383  15.159  -23.400  34.328 0.8750000000
42399  15.263  -23.254  32.909 0.8750000000
43316  15.773  -22.866  31.566 0.7500000000
42413  15.180  -23.261  31.992 0.7500000000
43333  15.824  -23.033  30.647 0.7500000000
42427  15.229  -23.439  31.074 0.7500000000
44193  17.517  -21.555  29.457 0.7500000000
44194  16.951  -22.132  29.843 0.7500000000
43332  16.406  -22.599  30.243 0.7500000000
45025  19.216  -20.535  27.198 0.7500000000
45026  18.710  -20.956  27.563 0.8750000000
44207  18.186  -21.428  28.082 0.8750000000
43348  17.168  -22.333  29.029 0.7500000000
43274  16.386  -22.576  34.628 0.8750000000
43261  16.406  -22.667  35.540 0.8750000000
43262  15.694  -23.139  35.066 0.8750000000
43275  15.815  -22.937  34.129 0.8750000000
113667  16.401  -22.421  32.910 0.7500000000
43290  15.855  -22.857  33.315 0.8750000000
43299  16.365  -22.395  32.042 0.7500000000
43300  15.810  -22.831  32.470 0.7500000000
44171  16.913  -21.936  31.600 0.7500000000
43315  16.344  -22.447  31.141 0.7500000000
44996  17.825  -20.982  30.320 0.8750000000
44182  17.390  -21.445  31.074 0.7500000000
44183  16.864  -22.002  30.702 0.7500000000
45884  19.267  -19.290  28.943 0.8750000000
45013  18.411  -20.550  28.627 0.8750000000
45006  17.994  -20.924  29.401 0.8750000000
107931  30.283  -16.795  44.490 0.3750000000
47694  29.161  -17.163  44.370 0.6250000000
46675  27.960  -17.862  43.046 0.6250000000
46693  30.666  -17.968  42.371 0.5000000000
46713  29.965  -18.238  41.744 0.6250000000
112814  29.093  -18.143  41.890 0.6250000000
46695  28.825  -17.909  42.694 0.7500000000
47737  27.327  -17.848  41.663 0.8750000000
47753  26.098  -17.479  40.901 0.7500000000
108722  25.296  -17.315  40.736 0.6250000000
47771  23.646  -17.223  39.226 0.8750000000
46802  21.537  -18.357  37.611 0.8750000000
46803  20.893  -18.859  37.268 0.8750000000
46757  29.611  -18.565  39.435 0.7500000000
113527  29.040  -18.423  38.903 0.7500000000
46781  28.278  -18.100  38.961 0.6250000000
47768  27.296  -17.699  39.687 1.0000000000
47787  25.812  -17.106  38.594 1.0000000000
129102  24.936  -17.028  38.492 1.0000000000
47807  23.502  -17.191  37.888 0.8750000000
46819  22.087  -17.894  37.130 0.8750000000
46820  21.430  -18.378  36.786 0.8750000000
45789  20.183  -19.378  36.040 0.8750000000
44136  17.015  -22.183  35.094 0.8750000000
109665  29.844  -18.633  38.456 0.7500000000
46800  28.804  -18.168  36.947 0.8750000000
124404  27.205  -17.272  36.677 0.8750000000
112188  26.479  -17.096  37.099 0.8750000000
47786  26.779  -17.398  39.102 1.0000000000
47788  25.288  -16.969  37.826 1.0000000000
47827  23.208  -17.236  36.564 0.8750000000
47829  21.988  -17.934  36.347 0.8750000000
46837  20.737  -18.912  35.537 0.8750000000
45808  19.521  -19.831  34.775 0.8750000000
128270  18.523  -20.652  34.247 0.8750000000
44961  18.116  -21.070  34.210 0.8750000000
44145  17.529  -21.617  34.650 0.8750000000
43289  16.402  -22.473  33.756 0.8750000000
46818  28.814  -18.182  36.002 0.8750000000
127605  27.560  -17.398  35.958 0.8750000000
47824  26.287  -16.973  36.375 0.8750000000
126137  25.466  -16.828  36.488 1.0000000000
126651  23.193  -17.150  34.962 1.0000000000
47852  22.620  -17.451  35.203 1.0000000000
46850  21.293  -18.404  35.060 0.8750000000
45807  19.974  -19.399  34.264 0.8750000000
44161  18.040  -21.075  33.235 0.8750000000
44151  17.519  -21.571  33.751 0.8750000000
44146  16.990  -22.094  34.197 0.8750000000
47892  27.326  -17.556  33.064 1.0000000000
47873  26.614  -17.064  34.565 0.8750000000
48798  25.159  -16.631  34.400 0.8750000000
48799  24.291  -16.689  34.610 1.0000000000
47876  22.723  -17.296  34.456 1.0000000000
110073  22.218  -17.501  33.806 1.0000000000
47897  21.086  -18.284  33.310 1.0000000000
46863  19.958  -19.193  32.783 0.8750000000
45832  18.831  -20.230  32.540 0.7500000000
44976  18.212  -20.832  32.379 0.7500000000
126703  17.483  -21.548  32.921 0.8750000000
47918  27.504  -17.823  31.619 1.0000000000
111727  26.139  -17.004  32.227 1.0000000000
47907  26.003  -16.858  33.182 0.8750000000
48819  24.599  -16.510  33.123 1.0000000000
108199  23.167  -16.800  32.974 1.0000000000
47896  21.719  -17.738  33.150 1.0000000000
47909  21.154  -18.039  32.507 1.0000000000
46872  20.031  -18.946  32.018 0.8750000000
118685  19.165  -19.807  31.983 0.7500000000
127854  17.829  -21.226  32.650 0.7500000000
47957  27.030  -18.151  28.290 1.0000000000
47945  26.419  -17.518  29.821 1.0000000000
47919  26.697  -17.385  31.357 1.0000000000
48840  25.364  -16.666  31.815 0.8750000000
48841  24.604  -16.500  32.196 1.0000000000
48861  22.889  -16.713  31.676 1.0000000000
47908  21.869  -17.457  32.327 1.0000000000
46871  20.593  -18.296  31.722 0.8750000000
46883  19.933  -18.776  31.169 0.8750000000
45845  18.978  -19.789  31.168 0.7500000000
44986  18.609  -20.319  31.710 0.7500000000
44170  17.552  -21.412  32.078 0.7500000000
47958  26.412  -17.693  28.219 1.0000000000
47959  25.535  -17.106  28.485 0.8750000000
48887  25.012  -16.767  29.558 0.8750000000
117036  23.847  -16.443  30.646 0.8750000000
48876  22.696  -16.554  30.228 0.8750000000
47935  21.517  -17.253  30.578 0.8750000000
46882  20.383  -18.208  30.717 0.8750000000
46895  19.812  -18.711  30.272 0.8750000000
45859  18.855  -19.773  30.276 0.8750000000
44995  18.423  -20.332  30.785 0.8750000000
44987  17.999  -20.878  31.400 0.7500000000
47972  25.628  -17.066  27.040 1.0000000000
48902  24.957  -16.754  28.739 0.8750000000
48889  23.533  -16.390  28.797 0.8750000000
48905  22.627  -16.479  28.884 0.8750000000
47947  21.363  -17.178  29.678 0.8750000000
46906  20.164  -18.182  28.882 0.8750000000
45870  19.307  -19.251  29.826 0.8750000000
45005  18.363  -20.368  29.794 0.8750000000
47961  20.631  -17.647  28.374 0.8750000000
114580  30.191  -18.566  40.164 0.7500000000
121799  30.508  -18.771  37.670 0.7500000000
46798  30.272  -18.803  36.965 0.7500000000
46817  29.653  -18.600  36.426 0.7500000000
46835  28.788  -18.168  35.117 0.8750000000
46847  29.447  -18.534  34.639 1.0000000000
46848  28.729  -18.224  34.273 1.0000000000
46869  28.793  -18.457  32.449 1.0000000000
46870  28.040  -18.052  32.786 1.0000000000
46880  28.759  -18.537  31.642 1.0000000000
46905  27.897  -18.449  30.133 1.0000000000
46893  28.153  -18.327  31.091 1.0000000000
46914  28.168  -18.773  28.330 1.0000000000
128875  30.083  -18.824  35.779 0.8750000000
46846  30.122  -18.817  35.054 0.8750000000
111783  29.226  -18.646  33.041 1.0000000000
128541  29.144  -18.706  31.962 1.0000000000
46904  28.627  -18.938  29.811 1.0000000000
46925  28.191  -18.676  27.412 1.0000000000
45910  28.964  -18.730  25.947 0.8750000000
45943  28.650  -18.771  23.947 0.8750000000
121868  28.795  -19.019  22.908 0.7500000000
45959  29.337  -19.548  22.150 0.7500000000
46857  30.171  -18.894  34.089 0.8750000000
45818  30.538  -19.143  33.368 0.8750000000
45829  30.426  -19.254  32.650 1.0000000000
45819  29.863  -18.916  33.213 1.0000000000
46879  29.387  -19.001  31.435 1.0000000000
46903  29.244  -19.300  29.647 1.0000000000
45882  29.627  -19.294  28.229 1.0000000000
46891  29.200  -19.139  30.469 1.0000000000
45868  29.732  -19.484  29.104 1.0000000000
45894  29.567  -19.049  27.330 1.0000000000
45869  28.877  -19.139  28.888 1.0000000000
45883  28.866  -19.009  27.864 1.0000000000
45895  28.873  -18.824  26.930 1.0000000000
107101  29.815  -18.747  25.716 1.0000000000
45924  29.133  -18.676  24.918 1.0000000000
45942  29.294  -18.682  23.810 0.8750000000
107723  30.117  -20.037  21.612 0.6250000000
107095  30.495  -21.984  22.528 0.6250000000
107555  30.454  -21.168  21.951 0.7500000000
111499  31.065  -19.181  33.843 0.6250000000
110231  31.227  -19.593  32.125 0.8750000000
45806  30.880  -19.018  34.694 0.6250000000
45842  30.906  -19.680  31.180 1.0000000000
111208  31.495  -19.837  30.727 1.0000000000
45830  30.234  -19.373  31.771 1.0000000000
45856  30.846  -19.790  30.214 1.0000000000
45843  30.032  -19.515  30.841 1.0000000000
45857  29.889  -19.568  29.947 1.0000000000
45881  30.403  -19.511  28.544 1.0000000000
45867  30.523  -19.691  29.335 1.0000000000
45893  30.438  -19.238  27.615 1.0000000000
45908  30.164  -18.958  26.689 1.0000000000
107869  30.392  -18.540  24.988 1.0000000000
107098  29.824  -18.590  23.838 1.0000000000
124758  29.713  -18.631  24.714 1.0000000000
122293  29.802  -18.588  22.772 0.7500000000
128543  30.693  -20.167  21.361 0.6250000000
113050  32.112  -19.840  30.806 0.8750000000
45866  31.368  -19.790  29.377 0.8750000000
121452  32.130  -19.738  29.281 0.8750000000
115533  31.033  -19.670  28.797 0.8750000000
115827  31.115  -19.463  28.154 1.0000000000
107118  31.278  -19.184  27.475 1.0000000000
46934  30.708  -18.745  25.981 1.0000000000
122292  30.630  -18.228  24.225 0.8750000000
48018  30.567  -17.948  23.400 0.6250000000
107625  30.079  -18.793  22.025 0.6250000000
107097  30.434  -19.357  21.484 0.6250000000
45879  32.675  -19.408  28.817 0.8750000000
107920  32.402  -18.063  26.754 1.0000000000
121303  31.728  -19.332  27.902 1.0000000000
107967  31.932  -19.004  27.375 1.0000000000
107897  32.171  -17.612  26.497 1.0000000000
107112  31.506  -18.884  26.961 1.0000000000
107107  31.858  -18.055  26.088 1.0000000000
107830  31.414  -18.619  26.312 1.0000000000
107803  31.259  -18.271  25.345 1.0000000000
107104  31.630  -17.832  25.370 1.0000000000
107102  31.284  -17.751  24.716 1.0000000000
124264  30.315  -18.269  22.071 0.6250000000
120157  30.584  -17.463  23.164 0.7500000000
127643  30.370  -17.549  22.173 0.6250000000
46945  31.827  -17.531  25.833 1.0000000000
107105  31.629  -17.527  25.248 1.0000000000
48017  31.128  -17.357  24.217 1.0000000000
47993  31.954  -17.202  26.397 1.0000000000
48935  31.743  -16.799  26.363 1.0000000000
48004  31.653  -17.115  25.619 1.0000000000
108017  31.475  -17.334  24.922 1.0000000000
48936  31.457  -16.640  25.785 1.0000000000
48946  31.308  -16.779  24.929 1.0000000000
48947  30.809  -16.636  23.908 0.8750000000
48964  30.329  -16.861  22.638 0.7500000000
127251  31.826  -16.562  26.770 1.0000000000
49806  31.530  -16.219  26.387 1.0000000000
49807  31.166  -16.112  25.582 1.0000000000
49812  30.875  -15.977  24.777 1.0000000000
49813  30.513  -15.814  24.109 0.8750000000
49822  30.152  -16.011  23.225 0.7500000000
50621  30.011  -15.180  23.799 0.8750000000
50622  29.566  -14.422  23.428 0.8750000000
51422  28.922  -13.653  22.344 0.8750000000
51451  28.671  -13.141  20.655 0.6250000000
49798  31.923  -16.204  27.154 0.8750000000
50596  31.541  -15.558  26.890 1.0000000000
127922  31.168  -14.905  26.636 1.0000000000
50597  31.106  -15.492  26.156 1.0000000000
50607  30.796  -15.359  25.395 1.0000000000
50598  30.653  -14.534  25.937 1.0000000000
127609  30.534  -14.838  25.246 1.0000000000
50608  30.458  -15.123  24.706 1.0000000000
50609  29.976  -14.357  24.312 1.0000000000
51412  29.232  -13.635  23.093 0.8750000000
51404  29.662  -13.580  23.948 0.8750000000
52332  28.966  -12.945  22.643 1.0000000000
52354  28.560  -12.560  20.952 0.7500000000
52333  28.782  -12.394  22.121 0.8750000000
50576  32.442  -15.553  28.348 0.7500000000
49792  31.993  -15.593  27.636 0.7500000000
50577  32.027  -15.002  27.975 0.8750000000
50584  31.525  -14.767  27.339 0.8750000000
51379  31.700  -14.203  27.990 0.8750000000
51387  31.275  -13.910  27.372 0.8750000000
50585  30.995  -14.118  26.793 1.0000000000
51396  30.215  -13.550  25.513 1.0000000000
118121  30.285  -14.343  25.078 1.0000000000
51403  29.950  -13.580  24.747 1.0000000000
53184  29.720  -11.990  24.249 1.0000000000
52319  29.377  -12.698  23.526 1.0000000000
52306  29.719  -12.905  24.304 1.0000000000
53208  29.080  -11.543  22.200 0.8750000000
53195  29.427  -11.759  23.359 1.0000000000
52343  28.618  -12.660  21.557 0.7500000000
50552  33.061  -15.161  29.727 0.7500000000
51372  32.532  -14.666  29.195 0.7500000000
50567  32.280  -14.841  28.547 0.7500000000
51373  31.971  -14.037  28.702 0.8750000000
119786  31.573  -13.465  28.252 0.8750000000
51380  31.281  -13.320  27.692 0.8750000000
51388  30.877  -13.141  27.027 0.8750000000
51395  30.548  -13.405  26.302 1.0000000000
53164  31.006  -11.561  27.111 0.8750000000
52284  30.767  -12.226  26.949 1.0000000000
53170  30.757  -11.505  26.520 1.0000000000
52293  30.233  -12.565  25.781 1.0000000000
53178  30.077  -11.745  25.140 1.0000000000
52305  29.894  -12.729  25.017 1.0000000000
54093  30.097  -10.511  23.506 1.0000000000
118671  30.087  -10.998  24.379 1.0000000000
54113  29.568  -10.469  21.131 0.8750000000
54105  29.472  -10.692  21.982 0.8750000000
51358  32.199  -13.822  29.330 0.7500000000
53123  32.103  -11.791  30.007 0.8750000000
52248  32.017  -12.838  29.611 0.8750000000
54042  32.211  -10.904  29.503 0.8750000000
53141  31.791  -11.881  29.242 0.8750000000
116996  31.867  -11.027  28.843 0.8750000000
52274  31.339  -12.645  28.071 0.8750000000
54931  33.515  -9.806  28.927 0.5000000000
54053  32.591  -10.249  28.750 0.7500000000
53163  31.264  -11.649  27.747 0.8750000000
52275  31.033  -12.442  27.444 0.8750000000
54937  33.402  -9.644  28.233 0.7500000000
54938  32.634  -9.900  27.824 0.7500000000
54057  31.812  -10.723  28.051 0.8750000000
54944  33.320  -9.416  27.427 0.5000000000
54064  32.134  -10.131  27.216 0.8750000000
54058  31.465  -10.828  27.240 0.8750000000
115776  31.163  -10.895  26.679 1.0000000000
54948  32.375  -9.697  26.530 1.0000000000
54065  31.710  -10.273  26.569 1.0000000000
53177  30.463  -11.552  25.869 1.0000000000
54951  31.898  -9.838  25.906 1.0000000000
110628  31.527  -9.868  25.341 1.0000000000
54080  30.556  -10.809  25.128 1.0000000000
54950  32.109  -9.382  25.215 1.0000000000
54956  31.563  -9.517  24.560 1.0000000000
54079  31.080  -10.141  25.036 1.0000000000
54973  30.007  -10.058  21.742 1.0000000000
54972  30.556  -9.666  22.237 1.0000000000
54983  30.168  -9.963  21.027 1.0000000000
130308  29.728  -10.610  19.743 0.7500000000
54131  30.171  -10.610  18.982 0.7500000000
50534  33.279  -14.898  30.423 0.5000000000
51342  32.804  -13.849  30.650 0.6250000000
116497  32.725  -14.414  29.844 0.6250000000
52218  32.651  -12.634  31.239 0.5000000000
126535  32.395  -13.595  29.926 0.7500000000
54027  32.602  -10.808  30.277 0.7500000000
108025  35.059  -9.592  29.233 0.5000000000
54930  34.082  -9.797  29.466 0.5000000000
54041  33.062  -10.192  29.571 0.5000000000
112942  34.341  -9.483  28.534 0.5000000000
54943  33.977  -9.307  27.784 0.5000000000
55808  34.028  -8.929  27.011 0.5000000000
55818  33.192  -8.865  25.787 1.0000000000
54955  32.241  -9.062  24.590 1.0000000000
54965  31.318  -9.359  23.594 1.0000000000
54991  30.465  -9.852  20.464 0.8750000000
130446  30.622  -9.651  20.930 1.0000000000
51504  32.995  -13.142  16.988 0.1250000000
52398  31.844  -12.266  16.959 0.2500000000
53261  30.863  -11.588  17.557 0.5000000000
54140  30.599  -10.925  18.083 0.5000000000
55003  30.861  -9.954  19.227 0.8750000000
53260  31.499  -11.626  17.108 0.2500000000
54149  31.384  -10.877  17.490 0.5000000000
51326  33.156  -13.478  31.610 0.3750000000
52207  33.049  -12.418  32.061 0.5000000000
53110  32.862  -11.546  31.639 0.7500000000
54014  33.508  -10.785  31.769 0.3750000000
52247  32.328  -12.761  30.382 0.7500000000
54012  35.411  -10.057  31.577 0.2500000000
54025  34.008  -10.306  31.019 0.3750000000
54026  33.051  -10.776  31.045 0.3750000000
54917  35.639  -9.838  30.650 0.2500000000
54908  34.876  -10.053  31.014 0.3750000000
54040  33.617  -10.211  30.274 0.3750000000
54929  35.740  -9.637  29.794 0.2500000000
130051  35.828  -9.456  29.077 0.3750000000
55807  34.739  -9.082  27.675 0.5000000000
55817  33.799  -8.666  26.136 0.7500000000
55822  33.626  -8.467  25.322 1.0000000000
55841  31.866  -8.834  23.043 1.0000000000
54971  31.185  -9.243  22.665 1.0000000000
54981  31.123  -9.272  21.823 1.0000000000
54990  31.527  -9.365  20.490 0.8750000000
108981  31.051  -9.377  21.103 1.0000000000
55014  30.841  -10.323  18.556 0.7500000000
108659  30.913  -9.678  20.013 0.8750000000
117471  30.899  -9.550  20.598 0.8750000000
51502  34.589  -13.217  16.786 0.1250000000
52396  33.361  -12.457  16.437 0.1250000000
123158  31.892  -11.114  16.966 0.5000000000
51312  33.423  -13.202  32.332 0.2500000000
54867  39.366  -9.041  34.354 0.2500000000
108889  38.176  -9.489  33.968 0.2500000000
52206  33.480  -12.355  32.834 0.1250000000
54879  39.472  -9.093  33.498 0.2500000000
53098  33.374  -11.466  32.367 0.1250000000
54880  38.606  -9.325  33.343 0.2500000000
54882  37.015  -9.770  33.158 0.2500000000
53981  35.310  -10.468  33.505 0.2500000000
53999  33.968  -10.763  32.438 0.2500000000
54881  37.821  -9.541  33.285 0.2500000000
53996  36.202  -9.965  32.860 0.2500000000
53998  34.778  -10.371  32.223 0.2500000000
54893  38.254  -9.361  32.593 0.2500000000
54894  37.566  -9.553  32.687 0.2500000000
108538  37.010  -9.710  32.276 0.2500000000
110462  37.675  -9.483  32.196 0.2500000000
129520  36.831  -9.737  31.584 0.2500000000
54895  36.218  -9.895  31.970 0.2500000000
54013  34.428  -10.339  31.676 0.2500000000
54905  38.123  -9.340  31.802 0.2500000000
54906  37.428  -9.542  31.632 0.2500000000
54907  36.323  -9.809  31.160 0.2500000000
122959  37.072  -9.622  31.007 0.2500000000
54916  36.563  -9.595  30.297 0.2500000000
55794  35.457  -9.249  28.368 0.5000000000
55806  35.655  -8.770  27.428 0.5000000000
55816  34.449  -8.539  26.407 0.7500000000
55839  33.148  -8.374  23.817 1.0000000000
55852  32.522  -8.576  22.567 1.0000000000
55867  31.703  -9.062  21.339 1.0000000000
55002  31.593  -9.630  19.578 0.8750000000
53274  32.131  -11.663  16.717 0.5000000000
55013  31.600  -9.930  18.600 0.8750000000
129576  33.826  -12.211  16.128 0.1250000000
53273  32.835  -11.669  16.379 0.5000000000
52407  33.532  -11.699  16.011 0.1250000000
53982  34.574  -10.706  33.021 0.2500000000
54914  37.888  -9.366  30.978 0.2500000000
54915  37.352  -9.405  30.423 0.2500000000
54927  37.246  -9.255  29.712 0.2500000000
54928  36.471  -9.384  29.397 0.3750000000
54936  36.319  -9.188  28.645 0.5000000000
55821  34.460  -8.209  25.674 0.8750000000
55831  34.233  -8.042  24.705 1.0000000000
55851  33.343  -8.304  23.049 1.0000000000
55866  32.440  -8.752  21.695 1.0000000000
124217  32.224  -9.403  19.998 1.0000000000
54989  32.468  -9.080  20.773 1.0000000000
55023  31.880  -10.259  17.766 0.6250000000
54160  32.467  -11.019  16.574 0.3750000000
54148  32.174  -10.625  17.124 0.6250000000
120361  39.006  -9.210  32.820 0.2500000000
54892  38.981  -9.179  32.030 0.2500000000
129574  38.574  -9.182  31.325 0.2500000000
55767  37.995  -9.164  30.108 0.2500000000
55793  36.171  -8.975  28.002 0.5000000000
128552  35.520  -8.412  26.742 0.7500000000
55820  35.292  -7.940  25.664 1.0000000000
55865  33.321  -8.552  22.033 1.0000000000
128192  33.075  -8.813  21.274 1.0000000000
55001  32.594  -9.571  19.098 1.0000000000
55012  32.541  -9.807  18.083 0.8750000000
55022  32.640  -10.107  17.307 0.7500000000
55780  37.087  -9.064  28.890 0.5000000000
55792  36.835  -8.832  28.159 0.5000000000
55814  36.180  -8.291  26.839 0.5000000000
56748  35.978  -7.830  25.659 1.0000000000
56758  34.910  -7.858  25.105 1.0000000000
56797  34.250  -8.152  23.157 1.0000000000
56787  33.820  -8.139  23.849 1.0000000000
108107  33.957  -8.361  22.520 1.0000000000
55890  33.040  -9.337  19.945 1.0000000000
114006  33.840  -8.843  21.239 1.0000000000
55000  33.427  -9.433  18.323 1.0000000000
55889  33.687  -9.366  19.171 1.0000000000
55031  33.270  -9.587  16.605 0.8750000000
55021  33.160  -9.527  17.507 1.0000000000
55766  38.650  -9.068  30.621 0.2500000000
126537  38.002  -8.822  29.170 0.2500000000
55791  37.587  -8.637  28.324 0.5000000000
56735  36.986  -8.149  26.930 0.5000000000
113047  35.002  -7.786  24.517 1.0000000000
56786  34.656  -7.902  23.883 1.0000000000
55850  34.724  -8.381  22.462 1.0000000000
55864  34.269  -8.614  21.851 1.0000000000
116997  33.851  -9.283  19.907 1.0000000000
55879  33.436  -9.074  20.603 1.0000000000
127939  33.764  -9.160  17.855 1.0000000000
55919  33.499  -8.463  16.319 0.6250000000
55044  33.583  -9.036  15.707 0.3750000000
55958  35.275  -8.639  14.445 0.1250000000
55937  34.040  -8.473  15.072 0.3750000000
55804  37.286  -8.407  27.627 0.5000000000
56747  36.624  -7.873  26.152 0.5000000000
110545  37.126  -7.879  24.032 1.0000000000
56773  36.465  -7.768  24.425 1.0000000000
56757  36.571  -7.721  25.260 1.0000000000
56774  35.675  -7.739  24.946 1.0000000000
56783  37.397  -8.102  23.353 1.0000000000
56784  36.568  -7.989  23.616 1.0000000000
55846  38.725  -8.127  22.480 1.0000000000
55847  37.750  -8.298  22.401 1.0000000000
55838  38.162  -8.092  23.140 1.0000000000
56794  36.828  -8.302  22.826 1.0000000000
56796  35.124  -8.089  23.154 1.0000000000
55848  36.935  -8.534  21.996 1.0000000000
129795  36.299  -8.459  22.428 1.0000000000
55849  35.576  -8.432  22.436 1.0000000000
55860  38.450  -8.141  21.642 1.0000000000
55861  37.609  -8.335  21.413 1.0000000000
55862  36.831  -8.555  21.135 1.0000000000
110990  36.036  -8.724  20.904 1.0000000000
55877  35.247  -8.879  20.652 1.0000000000
55863  35.230  -8.703  21.626 1.0000000000
55875  37.377  -8.180  20.582 1.0000000000
55876  36.635  -8.402  20.315 1.0000000000
116282  35.902  -8.662  20.052 1.0000000000
114028  34.599  -8.849  21.168 1.0000000000
55886  36.338  -8.208  19.692 1.0000000000
55887  35.647  -8.508  19.340 1.0000000000
129036  35.170  -8.840  19.285 1.0000000000
55888  34.592  -9.112  19.373 1.0000000000
55900  34.786  -8.384  18.420 1.0000000000
55901  34.288  -9.034  18.504 1.0000000000
57739  33.900  -7.160  17.225 0.8750000000
55910  33.528  -8.962  17.121 0.8750000000
56882  33.857  -7.004  15.641 0.3750000000
56861  33.596  -7.477  16.363 0.5000000000
55959  34.644  -8.053  14.645 0.1250000000
56881  34.185  -7.519  15.013 0.5000000000
55938  33.695  -7.953  15.611 0.3750000000
56772  37.954  -7.896  24.024 1.0000000000
108529  37.259  -7.733  24.707 1.0000000000
56806  38.836  -7.818  21.256 1.0000000000
55874  38.119  -7.977  20.913 1.0000000000
56818  37.029  -7.985  19.991 1.0000000000
56830  36.028  -8.025  19.284 1.0000000000
56829  36.546  -7.725  19.592 1.0000000000
56847  35.162  -7.671  18.491 1.0000000000
56848  34.380  -7.882  17.845 1.0000000000
58657  34.927  -6.268  14.713 0.3750000000
58627  34.090  -6.134  15.778 0.6250000000
56780  41.434  -7.432  23.509 0.7500000000
56769  40.603  -7.718  23.990 0.8750000000
123303  41.286  -7.164  22.818 0.8750000000
56781  40.734  -7.669  23.048 0.8750000000
56791  40.520  -7.457  22.434 0.8750000000
57693  40.707  -7.070  22.229 0.8750000000
109096  40.183  -7.776  22.650 1.0000000000
108773  38.982  -7.958  23.442 1.0000000000
56756  37.487  -7.700  25.577 0.8750000000
56792  39.878  -7.719  22.125 0.8750000000
55845  39.222  -7.963  21.863 1.0000000000
56805  39.447  -7.606  21.589 1.0000000000
56815  39.031  -7.461  21.144 1.0000000000
56816  38.395  -7.523  20.733 1.0000000000
56828  37.193  -7.508  19.998 1.0000000000
57717  36.760  -7.026  19.582 1.0000000000
57727  35.431  -6.792  18.562 1.0000000000
57726  36.152  -6.543  19.078 1.0000000000
57738  34.621  -6.971  17.960 1.0000000000
58609  34.856  -6.008  18.033 1.0000000000
58610  34.194  -6.258  17.335 0.8750000000
59524  34.582  -5.350  17.182 0.7500000000
58626  34.083  -5.859  16.620 0.6250000000
57754  33.805  -6.584  16.507 0.6250000000
59560  35.725  -5.113  14.588 0.3750000000
59549  35.238  -4.810  15.105 0.3750000000
120979  34.366  -5.371  16.135 0.6250000000
110835  35.939  -5.681  14.392 0.2500000000
114490  41.061  -6.542  22.504 0.8750000000
57698  40.170  -6.742  21.853 0.8750000000
57699  39.527  -7.164  21.414 0.8750000000
58571  38.681  -6.439  20.765 1.0000000000
57708  38.890  -7.075  20.929 0.8750000000
58579  38.532  -5.630  20.605 1.0000000000
57709  38.224  -6.973  20.446 1.0000000000
128143  37.533  -5.665  19.803 1.0000000000
57716  37.503  -6.971  20.074 1.0000000000
58592  37.029  -5.591  19.430 1.0000000000
59506  35.979  -4.740  18.227 1.0000000000
58594  35.669  -5.805  18.536 1.0000000000
59523  35.246  -4.440  17.128 0.7500000000
112348  35.230  -5.198  17.893 1.0000000000
60372  35.660  -3.700  16.368 0.6250000000
59539  34.741  -4.819  16.461 0.7500000000
62177  37.663  -1.976  14.631 0.8750000000
61262  37.141  -2.443  14.685 0.7500000000
61254  36.673  -2.777  15.145 0.3750000000
60384  35.655  -3.941  15.431 0.6250000000
59538  35.055  -4.296  16.040 0.5000000000
61280  39.056  -2.509  12.195 0.3750000000
61271  37.943  -2.388  13.355 0.7500000000
61272  37.480  -2.453  14.096 0.6250000000
123260  36.963  -3.185  14.291 0.5000000000
60393  36.256  -3.553  14.876 0.5000000000
60394  35.917  -4.396  14.707 0.3750000000
61292  40.221  -1.854  11.322 0.2500000000
126787  40.190  -0.912  11.370 0.5000000000
58563  40.423  -5.975  22.072 0.8750000000
59485  40.622  -4.944  22.286 0.7500000000
58564  39.781  -6.150  21.611 0.8750000000
58565  39.176  -5.907  21.162 0.8750000000
59486  39.774  -5.295  21.624 0.8750000000
59494  37.994  -5.203  20.072 1.0000000000
59504  37.517  -4.699  19.447 1.0000000000
59505  36.799  -4.732  18.907 1.0000000000
58593  36.370  -5.617  19.015 1.0000000000
60351  36.758  -3.939  18.071 0.8750000000
61245  37.493  -2.420  16.369 0.8750000000
60371  36.362  -3.161  16.571 0.6250000000
60362  36.863  -3.269  17.327 0.7500000000
59522  36.082  -3.780  17.335 0.8750000000
62164  39.037  -1.489  14.821 1.0000000000
62165  38.309  -1.823  15.326 1.0000000000
60383  36.167  -3.231  15.707 0.6250000000
62175  38.960  -1.066  13.856 0.8750000000
62176  38.300  -1.590  14.336 0.8750000000
62183  38.865  -1.119  12.967 0.6250000000
63082  39.436  -0.780  12.379 0.6250000000
63088  39.964  -0.430  11.853 0.8750000000
62202  40.896  -1.129  10.877 0.3750000000
63087  40.574  -0.253  11.345 0.8750000000
62212  41.608  -0.854  10.520 0.3750000000
59482  41.388  -5.191  22.875 0.7500000000
59489  39.036  -5.027  21.028 0.8750000000
60326  40.090  -4.237  21.680 0.8750000000
59488  39.502  -4.459  21.282 1.0000000000
59493  38.538  -4.629  20.413 1.0000000000
60329  39.784  -3.595  21.063 1.0000000000
60330  39.111  -4.043  20.760 1.0000000000
60338  38.189  -4.158  19.743 1.0000000000
60349  37.980  -3.641  18.998 1.0000000000
61232  38.611  -2.955  18.326 1.0000000000
107999  41.989  -2.156  17.559 1.0000000000
62148  41.274  -2.222  17.198 1.0000000000
61243  40.463  -2.258  16.944 1.0000000000
116710  39.891  -2.397  17.686 1.0000000000
61238  38.532  -2.688  17.479 1.0000000000
61239  37.651  -2.849  17.240 1.0000000000
129290  37.362  -3.437  17.885 0.8750000000
130143  42.517  -1.975  17.155 1.0000000000
108281  41.920  -2.025  16.765 1.0000000000
116319  41.140  -2.042  16.393 1.0000000000
62154  40.224  -2.013  16.103 1.0000000000
124528  39.350  -2.289  16.796 1.0000000000
61244  38.300  -2.372  16.677 1.0000000000
108891  40.920  -1.691  15.575 1.0000000000
62155  39.280  -1.878  15.748 1.0000000000
125546  38.664  -2.065  16.124 1.0000000000
62156  38.011  -2.081  16.021 1.0000000000
62174  40.635  -1.176  14.702 0.8750000000
63061  39.877  -0.754  13.912 0.8750000000
63081  39.944  -0.235  12.469 0.8750000000
63935  40.500  0.121  11.921 0.8750000000
63098  41.221  -0.167  10.807 0.7500000000
60323  41.345  -4.015  22.641 0.6250000000
60325  40.703  -3.865  22.049 0.7500000000
61198  41.893  -3.057  22.440 0.6250000000
60328  40.521  -3.291  21.387 1.0000000000
61207  40.384  -2.752  20.551 0.8750000000
60336  39.557  -3.111  20.297 1.0000000000
60337  38.822  -3.613  20.036 1.0000000000
62130  43.585  -1.985  18.743 0.5000000000
61218  40.317  -2.438  19.608 1.0000000000
61219  39.445  -2.792  19.380 1.0000000000
60348  38.690  -3.239  19.190 1.0000000000
123409  42.664  -2.148  18.901 1.0000000000
62142  42.005  -2.186  18.414 1.0000000000
61236  41.267  -2.246  18.020 1.0000000000
61230  40.293  -2.348  18.542 1.0000000000
61231  39.350  -2.648  18.465 1.0000000000
60361  37.954  -3.246  18.095 1.0000000000
108359  43.773  -1.833  17.731 0.6250000000
61237  40.678  -2.299  17.650 1.0000000000
128089  39.169  -2.579  17.735 1.0000000000
62153  42.627  -1.724  16.493 0.7500000000
62161  42.793  -1.303  15.774 0.7500000000
63050  42.206  -1.128  15.178 0.7500000000
63059  41.586  -0.800  14.467 0.7500000000
63071  40.247  -0.311  13.297 0.8750000000
63955  42.232  0.918  10.663 0.6250000000
63956  41.676  0.510  10.806 0.7500000000
63944  41.133  0.368  11.387 0.8750000000
62108  45.875  -1.597  20.179 0.5000000000
61201  42.342  -2.352  21.769 0.7500000000
61206  41.187  -2.527  20.833 0.8750000000
62110  43.567  -1.866  20.514 0.5000000000
62099  42.682  -2.021  20.750 0.5000000000
61205  41.918  -2.289  21.040 0.7500000000
62129  44.899  -1.745  19.707 0.5000000000
62109  44.322  -1.763  20.377 0.5000000000
62111  42.061  -2.170  20.133 0.6250000000
61217  41.173  -2.275  19.885 0.8750000000
126122  44.377  -1.852  19.039 0.6250000000
123361  43.003  -2.054  19.732 0.6250000000
129865  42.436  -2.152  19.501 0.7500000000
62131  41.937  -2.184  19.291 0.8750000000
61229  41.161  -2.202  18.961 0.8750000000
62140  44.409  -1.798  18.312 0.3750000000
62146  44.566  -1.582  17.506 0.5000000000
62152  43.424  -1.426  16.333 0.6250000000
63049  42.920  -0.871  15.217 0.7500000000
63058  42.536  -0.585  14.633 0.7500000000
63911  43.018  -0.084  14.094 0.7500000000
63069  42.121  -0.208  13.868 0.7500000000
63922  43.553  0.527  13.631 0.8750000000
63924  41.621  0.335  13.025 1.0000000000
63923  42.608  0.403  13.320 0.8750000000
63925  40.713  0.114  12.689 1.0000000000
64766  43.651  1.539  12.154 0.8750000000
63932  43.119  0.985  12.734 0.8750000000
63933  42.118  0.894  12.381 0.8750000000
63934  41.210  0.614  12.075 1.0000000000
64776  44.218  1.922  11.482 1.0000000000
64767  42.679  1.356  11.782 1.0000000000
63943  41.853  0.960  11.376 0.8750000000
64777  43.231  1.691  11.150 0.8750000000
64778  42.508  1.356  11.007 0.7500000000
63954  42.978  1.269  10.366 0.3750000000
114660  46.851  -1.586  20.121 0.3750000000
62127  46.428  -1.600  19.484 0.3750000000
62128  45.708  -1.664  19.242 0.3750000000
62139  45.641  -1.614  18.540 0.3750000000
108779  45.144  -1.621  18.052 0.5000000000
108234  45.896  -1.432  17.904 0.3750000000
62151  44.741  -1.188  16.813 0.5000000000
108123  43.998  -1.550  16.920 0.5000000000
63043  44.202  -1.074  16.261 0.6250000000
63042  44.847  -0.736  16.297 0.6250000000
63048  43.633  -0.840  15.609 0.6250000000
63047  44.523  -0.464  15.762 0.6250000000
63057  43.368  -0.408  14.858 0.7500000000
63910  43.854  0.144  14.408 0.6250000000
63921  44.448  0.779  14.007 0.7500000000
64755  45.504  1.795  13.356 0.8750000000
64757  44.065  1.131  13.112 0.8750000000
64765  44.703  1.731  12.568 0.8750000000
64775  45.172  2.139  11.767 0.8750000000
62126  47.270  -1.536  19.210 0.3750000000
62137  47.172  -1.445  18.390 0.3750000000
62138  46.409  -1.546  18.656 0.3750000000
62144  46.709  -1.338  17.819 0.3750000000
63041  45.522  -0.762  16.644 0.5000000000
63046  45.340  -0.199  15.983 0.6250000000
63902  44.889  0.150  15.322 0.6250000000
63901  45.623  0.518  15.562 0.6250000000
63909  44.478  0.352  14.721 0.6250000000
63908  45.168  0.873  14.752 0.7500000000
63900  46.467  0.691  15.755 0.6250000000
64754  46.358  2.055  13.619 0.7500000000
64746  45.735  1.575  14.264 0.7500000000
64763  46.242  2.240  12.763 0.8750000000
65630  46.028  2.404  11.958 0.8750000000
63037  46.166  -1.094  17.182 0.3750000000
63040  46.435  -0.468  16.569 0.5000000000
63896  46.960  0.087  16.172 0.3750000000
63045  46.108  0.055  16.054 0.6250000000
63906  46.898  1.300  15.266 0.3750000000
64744  47.394  1.841  14.716 0.3750000000
63907  46.024  1.192  15.085 0.6250000000
65613  48.026  2.294  14.131 0.3750000000
64745  46.554  1.789  14.517 0.7500000000
65618  48.845  2.580  13.594 0.5000000000
65620  47.067  2.428  12.979 0.7500000000
65628  47.785  2.743  12.351 0.7500000000
65642  46.596  2.690  11.317 0.8750000000
63899  47.352  0.697  15.815 0.2500000000
65606  49.732  2.266  15.129 0.1250000000
64739  49.379  1.607  15.576 0.1250000000
64741  47.743  1.324  15.364 0.2500000000
64743  48.226  1.902  14.859 0.1250000000
65617  49.576  2.851  13.634 0.5000000000
65627  48.650  2.814  12.613 0.6250000000
63895  47.856  0.071  16.222 0.2500000000
63898  48.194  0.720  15.835 0.1250000000
64737  49.042  0.863  15.942 0.1250000000
65604  50.106  1.905  15.811 0.1250000000
66521  51.254  2.831  15.836 0.1250000000
120081  50.526  2.641  15.330 0.1250000000
66530  51.104  3.173  15.207 0.1250000000
124987  50.090  2.744  14.671 0.1250000000
66529  51.699  3.533  15.597 0.1250000000
66535  50.736  3.287  14.526 0.2500000000
66536  50.070  3.064  14.029 0.2500000000
42183  2.287  -23.095  45.557 0.6250000000
39525  3.923  -26.966  43.747 0.7500000000
110241  1.148  -26.034  43.697 0.2500000000
38616  1.901  -27.445  45.847 0.5000000000
38620  1.266  -27.423  44.723 0.3750000000
128260  3.493  -28.387  46.147 0.3750000000
36869  4.412  -29.218  46.016 0.2500000000
111973  2.162  -28.592  46.079 0.3750000000
36866  2.431  -29.305  46.221 0.3750000000
36870  1.696  -28.711  45.443 0.3750000000
41285  6.611  -23.994  43.826 0.6250000000
42194  4.877  -23.339  44.054 0.6250000000
37730  2.009  -28.026  45.952 0.3750000000
38615  3.494  -27.944  45.744 0.6250000000
38638  1.329  -27.594  43.207 0.2500000000
42205  6.051  -24.048  43.139 0.6250000000
38666  1.471  -27.364  41.258 0.2500000000
39591  1.871  -26.288  40.350 0.2500000000
40516  1.749  -25.578  40.898 0.2500000000
39571  5.077  -26.315  40.895 0.8750000000
38664  5.200  -27.266  40.721 0.5000000000
38652  1.377  -27.698  42.191 0.2500000000
37746  4.900  -28.503  42.011 0.3750000000
36918  7.649  -29.956  38.821 0.1250000000
36070  7.213  -30.247  39.688 0.1250000000
37788  6.417  -28.746  39.493 0.3750000000
125770  5.697  -29.013  40.785 0.5000000000
36907  6.124  -29.567  40.626 0.2500000000
37776  5.495  -28.244  40.577 0.5000000000
38699  6.457  -27.358  38.951 0.6250000000
40502  5.183  -25.407  41.169 1.0000000000
39609  6.000  -26.949  39.549 0.7500000000
40529  5.911  -25.818  39.969 0.8750000000
38730  8.603  -27.398  36.453 0.5000000000
37830  8.600  -28.176  36.665 0.3750000000
36950  8.896  -29.071  36.822 0.2500000000
41331  8.257  -24.779  41.344 0.7500000000
129067  7.644  -24.821  40.489 0.7500000000
40513  6.208  -25.173  40.224 0.8750000000
122808  7.556  -24.957  39.704 0.8750000000
39648  7.415  -26.577  37.853 0.7500000000
39673  9.247  -26.797  35.687 0.5000000000
38729  9.105  -27.694  35.977 0.5000000000
40553  8.429  -25.850  36.985 0.7500000000
111384  8.878  -26.225  36.239 0.7500000000
41371  9.414  -24.954  39.623 0.8750000000
39687  10.268  -26.248  34.714 0.3750000000
38743  9.796  -27.571  35.236 0.3750000000
40577  11.086  -25.534  34.040 0.3750000000
41383  11.392  -24.992  38.766 0.8750000000
41384  9.685  -24.934  37.949 1.0000000000
108654  9.893  -24.899  36.945 1.0000000000
41450  10.983  -25.064  34.669 0.7500000000
41367  12.352  -24.806  39.697 0.5000000000
109703  12.074  -24.930  38.207 0.8750000000
41414  11.419  -24.803  36.538 0.8750000000
110767  11.872  -24.688  35.939 0.7500000000
41380  14.344  -24.100  38.567 0.7500000000
42352  13.868  -24.254  36.068 0.8750000000
120130  13.324  -24.297  33.125 0.8750000000
42486  19.136  -23.410  27.729 0.3750000000
41542  18.810  -24.318  28.726 0.3750000000
41526  18.173  -24.811  29.113 0.5000000000
117290  18.958  -22.968  27.373 0.3750000000
42487  18.440  -23.417  27.792 0.6250000000
42488  18.000  -22.929  27.841 0.7500000000
42328  14.789  -23.873  37.250 0.7500000000
42384  14.365  -23.863  34.541 0.8750000000
42400  14.646  -23.628  33.501 0.8750000000
42414  14.567  -23.645  32.436 0.7500000000
43375  19.137  -22.266  27.181 0.3750000000
43376  18.554  -22.648  27.520 0.3750000000
44208  17.688  -21.886  28.563 0.7500000000
111647  15.366  -23.221  33.648 0.8750000000
116948  17.300  -21.604  30.286 0.8750000000
45897  19.446  -19.827  27.304 0.7500000000
45885  18.945  -20.174  27.827 0.8750000000
123323  18.918  -19.836  28.549 0.8750000000
45014  17.936  -21.247  28.819 0.7500000000
44162  16.956  -21.958  32.488 0.7500000000
111990  19.284  -19.461  28.093 0.7500000000
46917  19.673  -18.795  28.476 0.8750000000
45871  18.813  -19.805  29.337 0.8750000000
46673  29.318  -17.669  43.222 0.5000000000
121644  29.558  -17.379  43.666 0.3750000000
46674  28.652  -17.710  43.366 0.6250000000
121812  27.260  -17.802  42.397 0.7500000000
47710  28.206  -17.609  43.810 0.5000000000
128656  29.733  -18.487  40.588 0.7500000000
46735  29.319  -18.354  41.022 0.6250000000
46672  30.116  -17.624  43.091 0.6250000000
46758  28.778  -18.353  39.613 0.7500000000
46714  28.561  -18.178  41.299 0.7500000000
46736  28.463  -18.236  40.473 0.6250000000
46715  28.124  -18.002  42.015 0.8750000000
110868  27.517  -17.895  40.353 0.7500000000
110670  25.789  -17.333  40.258 0.8750000000
47769  25.850  -17.235  39.542 1.0000000000
109457  25.104  -17.204  40.005 0.8750000000
114579  25.021  -17.109  39.201 0.8750000000
47770  24.203  -17.182  39.750 0.8750000000
47754  24.515  -17.263  40.574 0.6250000000
47790  23.602  -17.194  38.550 0.8750000000
47772  22.991  -17.425  39.048 0.8750000000
46801  22.236  -17.876  37.929 0.8750000000
46782  22.313  -17.831  38.744 0.7500000000
46783  21.650  -18.325  38.430 0.7500000000
46821  20.816  -18.897  36.413 0.8750000000
46780  28.722  -18.210  38.054 0.7500000000
47804  27.914  -17.677  37.340 0.8750000000
47785  27.576  -17.635  38.351 0.8750000000
113693  27.586  -17.762  39.159 0.7500000000
109023  26.667  -17.266  38.271 1.0000000000
109018  23.793  -17.067  37.213 1.0000000000
47806  24.313  -17.024  37.984 1.0000000000
115934  22.610  -17.523  36.002 0.8750000000
47808  22.882  -17.411  37.392 0.8750000000
46836  21.365  -18.409  35.943 0.8750000000
46799  29.629  -18.574  37.423 0.7500000000
47823  28.086  -17.708  36.417 0.7500000000
47846  28.123  -17.752  35.563 1.0000000000
123557  26.985  -17.137  35.938 0.8750000000
47849  25.648  -16.785  35.783 1.0000000000
47825  25.743  -16.937  37.101 1.0000000000
47826  24.047  -16.930  36.361 1.0000000000
47851  23.379  -17.127  35.672 1.0000000000
47853  21.957  -17.918  35.522 0.8750000000
46851  20.609  -18.896  34.625 0.8750000000
45797  20.109  -19.383  35.151 0.8750000000
44960  18.944  -20.276  34.301 0.8750000000
112185  18.524  -20.615  33.732 0.8750000000
44144  18.067  -21.173  35.139 0.8750000000
111026  28.088  -17.825  34.707 1.0000000000
47847  27.339  -17.336  35.184 0.8750000000
47848  26.457  -16.964  35.472 0.8750000000
47874  25.812  -16.757  34.934 0.8750000000
48759  24.863  -16.774  36.086 1.0000000000
48778  24.998  -16.698  35.241 1.0000000000
47850  23.722  -16.939  35.043 1.0000000000
126072  24.223  -16.826  35.517 1.0000000000
47877  21.929  -17.836  34.576 0.8750000000
125144  21.618  -17.952  33.804 1.0000000000
46862  20.416  -18.891  33.606 0.8750000000
46861  21.139  -18.371  34.163 0.8750000000
45820  19.705  -19.519  33.465 0.8750000000
119193  19.436  -19.818  34.033 0.8750000000
44969  18.533  -20.574  33.053 0.8750000000
44152  16.968  -22.019  33.337 0.8750000000
124068  26.632  -17.168  32.862 1.0000000000
47872  27.437  -17.524  34.091 1.0000000000
46849  28.131  -17.955  33.995 1.0000000000
47893  26.659  -17.148  33.641 0.8750000000
48818  25.281  -16.619  33.570 0.8750000000
119487  24.631  -16.562  33.886 1.0000000000
48820  23.850  -16.622  33.646 1.0000000000
48821  22.969  -17.041  33.738 1.0000000000
127066  19.612  -19.399  32.215 0.7500000000
45831  19.388  -19.709  32.731 0.8750000000
45821  19.047  -20.099  33.403 0.8750000000
47933  27.361  -17.933  30.793 1.0000000000
47906  26.986  -17.448  32.236 1.0000000000
47934  26.750  -17.576  30.528 1.0000000000
47905  27.611  -17.790  32.330 1.0000000000
48858  25.466  -16.765  31.098 1.0000000000
47920  25.948  -16.977  31.440 1.0000000000
121560  25.344  -16.619  32.696 0.8750000000
48842  23.880  -16.523  32.659 1.0000000000
48860  23.761  -16.498  31.659 1.0000000000
47895  22.413  -17.228  33.076 1.0000000000
48843  22.644  -16.985  32.369 1.0000000000
119436  21.234  -17.776  31.832 1.0000000000
45844  19.516  -19.330  31.545 0.7500000000
115866  26.870  -17.917  29.057 1.0000000000
126921  27.500  -18.304  29.417 1.0000000000
46915  27.526  -18.401  28.697 1.0000000000
46926  27.542  -18.444  27.894 1.0000000000
112549  26.033  -17.409  28.978 1.0000000000
47944  27.139  -17.961  29.978 1.0000000000
115430  26.038  -17.141  30.638 1.0000000000
48859  24.676  -16.536  31.148 0.8750000000
114544  23.126  -16.521  30.907 1.0000000000
126994  23.294  -16.440  30.230 0.8750000000
48862  22.299  -16.860  30.959 0.8750000000
123309  23.273  -16.678  32.283 1.0000000000
47922  21.015  -17.748  31.093 1.0000000000
47921  21.683  -17.360  31.437 1.0000000000
45858  19.394  -19.265  30.711 0.8750000000
47971  26.301  -17.568  27.312 1.0000000000
114029  25.818  -17.261  27.880 1.0000000000
47946  25.689  -17.103  29.749 0.8750000000
48913  25.094  -16.748  27.785 0.8750000000
126515  25.940  -17.386  28.395 0.8750000000
48888  24.350  -16.526  29.211 0.8750000000
48873  25.228  -16.764  30.389 0.8750000000
48903  24.337  -16.480  28.287 0.8750000000
111417  23.054  -16.412  29.587 0.8750000000
48874  24.471  -16.554  30.125 0.8750000000
48891  21.921  -16.744  29.189 0.8750000000
48877  22.017  -16.811  30.044 0.8750000000
47936  20.839  -17.661  30.200 0.8750000000
47948  20.716  -17.615  29.284 0.8750000000
46894  20.251  -18.159  29.795 0.8750000000
48914  24.292  -16.427  27.322 0.8750000000
110774  22.927  -16.383  27.982 0.8750000000
48904  23.691  -16.364  27.870 0.8750000000
47960  21.273  -17.125  28.755 0.8750000000
46816  30.512  -18.894  36.301 0.8750000000
46834  29.497  -18.520  35.511 0.7500000000
46859  28.588  -18.265  33.398 1.0000000000
46858  29.336  -18.588  33.774 0.8750000000
46881  28.162  -18.134  31.974 1.0000000000
120011  28.811  -18.737  31.024 1.0000000000
117771  28.087  -18.700  29.213 1.0000000000
113018  27.510  -18.356  27.021 1.0000000000
46868  29.573  -18.920  32.360 1.0000000000
46935  28.164  -18.570  26.332 0.8750000000
45909  29.483  -18.851  26.547 1.0000000000
45960  28.199  -19.268  22.889 0.8750000000
45075  28.757  -20.232  22.297 0.7500000000
107892  29.649  -21.290  22.050 0.7500000000
111837  31.197  -19.397  33.043 0.8750000000
45855  31.918  -19.837  30.071 0.8750000000
45907  30.926  -18.989  26.838 1.0000000000
45880  31.801  -19.594  28.591 1.0000000000
107896  32.483  -19.129  27.948 0.8750000000
107861  31.966  -18.541  26.778 1.0000000000
53219  29.019  -11.174  21.306 0.7500000000
51423  28.679  -13.171  21.920 0.7500000000
53194  29.748  -11.223  23.701 1.0000000000
122641  29.543  -11.036  22.881 1.0000000000
52265  31.666  -12.987  28.832 0.8750000000
52292  30.544  -12.408  26.452 1.0000000000
54957  30.736  -10.099  24.213 1.0000000000
54966  30.616  -9.794  23.153 1.0000000000
54104  30.000  -10.238  22.591 1.0000000000
54992  29.884  -10.297  20.412 0.8750000000
54122  29.177  -10.968  20.321 0.7500000000
53122  32.449  -11.678  30.821 0.7500000000
53155  31.491  -11.808  28.492 0.8750000000
123293  32.728  -9.641  27.111 0.8750000000
54071  31.086  -10.584  25.916 1.0000000000
54946  33.141  -9.173  26.558 0.8750000000
54947  32.596  -9.281  25.840 1.0000000000
55823  32.806  -8.827  25.078 1.0000000000
54121  30.320  -10.121  19.796 0.8750000000
51341  33.496  -14.542  31.242 0.3750000000
118019  34.913  -8.672  26.926 0.5000000000
55834  32.063  -9.002  23.888 1.0000000000
51503  33.810  -13.199  16.843 0.1250000000
52397  32.513  -12.407  16.724 0.2500000000
54139  31.196  -10.406  18.054 0.6250000000
117886  34.742  -9.873  30.201 0.3750000000
55832  33.370  -8.388  24.507 1.0000000000
55840  32.591  -8.559  23.422 1.0000000000
55833  32.688  -8.664  24.224 1.0000000000
55853  31.762  -8.857  22.181 1.0000000000
111825  34.134  -12.657  16.359 0.1250000000
53997  35.426  -10.196  32.504 0.2500000000
55032  32.845  -10.365  16.591 0.5000000000
55805  36.523  -8.575  27.494 0.5000000000
55815  35.772  -8.066  26.232 0.7500000000
56785  35.627  -7.820  23.942 1.0000000000
55878  34.410  -9.074  20.396 1.0000000000
55909  34.074  -8.631  17.825 1.0000000000
56849  33.695  -8.088  17.065 0.6250000000
56795  35.991  -8.180  23.075 1.0000000000
56793  39.546  -7.976  22.593 1.0000000000
118894  36.162  -8.648  21.764 1.0000000000
124551  35.215  -8.914  19.783 1.0000000000
56838  35.486  -8.163  18.907 1.0000000000
55899  35.044  -8.703  18.933 1.0000000000
56903  34.905  -7.075  14.583 0.1250000000
56817  37.669  -7.790  20.380 1.0000000000
56837  35.947  -7.470  19.096 1.0000000000
59550  34.760  -4.947  15.730 0.5000000000
58656  35.312  -5.651  14.663 0.3750000000
58643  34.676  -5.669  15.185 0.5000000000
57772  34.406  -6.608  15.056 0.3750000000
56779  42.054  -7.236  23.882 0.6250000000
56827  37.781  -7.381  20.326 1.0000000000
57725  36.714  -6.260  19.414 1.0000000000
58581  37.249  -6.336  19.766 1.0000000000
59559  36.284  -4.987  14.335 0.1250000000
57707  39.367  -6.601  21.292 0.8750000000
58580  37.938  -6.237  20.215 1.0000000000
62185  37.856  -1.902  13.970 0.7500000000
59558  36.615  -4.164  14.263 0.3750000000
61281  38.505  -1.856  12.813 0.5000000000
62193  39.069  -1.487  12.255 0.6250000000
118075  38.444  -2.728  12.731 0.3750000000
62184  38.340  -1.574  13.537 0.6250000000
60404  37.536  -3.104  13.645 0.6250000000
61293  39.500  -1.932  11.759 0.6250000000
60429  39.879  -2.698  11.731 0.2500000000
62203  39.632  -1.140  11.767 0.7500000000
60350  37.376  -3.915  18.639 1.0000000000
61246  36.745  -2.632  16.012 0.7500000000
62163  39.975  -1.574  15.250 1.0000000000
108044  39.664  -1.167  14.516 0.8750000000
62166  37.370  -2.190  15.471 0.8750000000
63072  39.436  -0.607  13.099 0.7500000000
62141  42.829  -2.034  17.929 1.0000000000
108122  41.885  -1.655  15.892 0.7500000000
62162  41.474  -1.334  15.156 0.7500000000
63060  40.725  -0.655  14.022 0.8750000000
61202  41.345  -2.958  21.804 0.7500000000
110059  43.971  -1.890  19.655 0.5000000000
62147  43.204  -1.794  17.076 0.6250000000
63070  41.173  -0.246  13.591 0.8750000000
109550  45.025  -1.745  18.819 0.3750000000
62145  45.341  -1.313  17.322 0.5000000000
63056  44.130  -0.197  15.101 0.6250000000
63920  45.142  1.281  13.994 0.7500000000
64756  44.762  1.353  13.447 0.8750000000
64764  45.533  2.065  12.491 0.8750000000
64753  47.181  2.201  13.872 0.7500000000
65629  46.895  2.609  12.142 0.8750000000
64740  48.598  1.416  15.446 0.2500000000
65612  48.702  2.283  14.386 0.2500000000
65619  47.934  2.532  13.251 0.6250000000
65607  48.986  2.053  14.993 0.1250000000
65603  50.858  2.136  16.079 0.1250000000
40594  12.969  -25.204  32.084 0.6250000000
125952  18.097  -26.079  31.317 0.1250000000
112139  18.476  -25.637  30.914 0.1250000000
39727  17.751  -25.971  30.616 0.1250000000
39730  15.114  -26.873  31.058 0.1250000000
40612  17.291  -25.691  29.877 0.2500000000
40602  14.116  -25.397  31.039 0.6250000000
41499  13.610  -24.879  31.630 0.6250000000
41483  13.357  -24.523  32.368 0.6250000000
41527  17.418  -24.687  28.907 0.2500000000
41544  17.349  -24.160  28.595 0.5000000000
116814  21.135  -17.385  27.016 0.7500000000
47974  20.604  -17.795  27.501 0.7500000000
46938  21.168  -18.507  26.086 0.6250000000
46939  20.750  -18.101  26.694 0.7500000000
38754  16.811  -27.741  34.063 0.1250000000
39713  17.709  -26.787  32.816 0.1250000000
118323  17.376  -26.817  32.078 0.1250000000
38781  16.983  -27.234  32.573 0.1250000000
38782  16.206  -27.636  32.287 0.1250000000
39712  18.084  -26.342  32.106 0.1250000000
111232  16.573  -26.697  30.935 0.1250000000
39729  15.993  -26.968  31.058 0.1250000000
39728  17.373  -26.512  31.282 0.1250000000
39745  16.895  -26.257  30.428 0.1250000000
39746  15.848  -26.331  30.469 0.2500000000
40615  14.846  -25.931  30.625 0.2500000000
40624  17.600  -25.198  29.409 0.2500000000
40625  16.828  -25.122  29.350 0.2500000000
40613  16.328  -25.663  29.868 0.2500000000
40614  15.462  -25.410  30.124 0.2500000000
41513  14.726  -25.022  30.509 0.6250000000
41498  14.248  -24.533  31.169 0.6250000000
41482  13.953  -24.162  31.918 0.6250000000
40626  16.019  -24.890  29.558 0.3750000000
41512  15.325  -24.568  30.014 0.5000000000
42473  16.973  -23.798  28.658 0.6250000000
42456  16.468  -23.581  29.135 0.6250000000
41529  15.900  -24.100  29.512 0.6250000000
42440  15.448  -23.743  30.223 0.6250000000
47973  21.184  -17.176  27.843 0.7500000000
47999  21.707  -18.031  25.703 0.6250000000
47986  21.908  -17.295  26.019 0.6250000000
46948  22.185  -18.403  25.386 0.6250000000
43349  16.621  -22.822  29.429 0.6250000000
42439  16.048  -23.297  29.813 0.6250000000
121836  21.985  -16.668  28.159 0.7500000000
120890  22.141  -16.763  26.578 0.7500000000
47998  22.411  -17.590  25.391 0.6250000000
48916  22.470  -16.516  27.237 0.7500000000
110867  22.783  -16.531  26.503 0.7500000000
48927  22.564  -16.848  25.894 0.7500000000
45944  24.088  -18.994  24.285 0.5000000000
46947  22.781  -18.332  25.006 0.3750000000
48940  22.978  -16.996  25.328 0.7500000000
46961  23.504  -18.250  24.562 0.5000000000
48915  23.386  -16.361  26.989 0.7500000000
124603  28.104  -18.767  23.883 0.7500000000
45961  27.576  -19.012  23.281 0.7500000000
46975  27.003  -18.749  23.574 0.6250000000
45962  26.849  -19.462  23.084 0.6250000000
48926  23.412  -16.556  25.864 0.7500000000
119350  27.576  -19.765  22.831 0.7500000000
45077  27.178  -20.431  22.812 0.6250000000
45078  26.386  -20.264  23.075 0.6250000000
126040  25.746  -20.140  23.330 0.5000000000
129519  24.635  -19.232  23.886 0.5000000000
46960  24.126  -18.150  24.197 0.6250000000
47997  23.145  -17.554  24.895 0.5000000000
46977  25.565  -18.600  23.568 0.6250000000
45964  25.195  -19.480  23.570 0.6250000000
44276  27.537  -21.375  22.827 0.5000000000
45925  28.264  -18.584  25.031 0.7500000000
46957  27.553  -18.568  24.168 0.7500000000
46976  26.326  -18.667  23.477 0.6250000000
46978  24.757  -18.521  23.820 0.6250000000
48948  24.279  -17.037  24.721 0.7500000000
48939  23.650  -16.919  25.027 0.7500000000
46958  26.702  -18.172  24.291 0.6250000000
46959  25.864  -17.942  23.944 0.6250000000
48007  24.623  -17.575  24.232 0.6250000000
42305  14.919  -23.809  38.139 0.6250000000
42304  15.585  -23.376  38.546 0.6250000000
46784  21.009  -18.840  38.111 0.6250000000
43245  15.856  -23.152  36.044 0.7500000000
46936  27.425  -18.250  26.096 0.7500000000
46937  26.683  -17.777  25.552 0.6250000000
48938  24.381  -16.681  25.341 0.6250000000
127446  27.835  -18.447  25.680 0.7500000000
46946  27.430  -18.306  25.137 0.7500000000
48006  25.303  -17.421  24.409 0.6250000000
47996  24.799  -17.010  24.735 0.6250000000
48005  25.947  -17.508  24.745 0.6250000000
48019  25.241  -17.910  23.865 0.6250000000
42327  15.595  -23.375  37.565 0.6250000000
118540  20.574  -19.257  39.656 0.5000000000
44115  18.184  -21.251  37.843 0.5000000000
43244  16.454  -22.702  36.459 0.7500000000
46738  22.413  -17.912  40.359 0.6250000000
46762  21.126  -18.793  38.948 0.5000000000
45779  19.911  -19.787  38.281 0.5000000000
44939  18.757  -20.658  37.344 0.6250000000
44128  17.575  -21.719  36.466 0.6250000000
45778  20.383  -19.328  37.775 0.6250000000
121837  19.071  -20.348  36.722 0.6250000000
44134  18.082  -21.205  36.029 0.6250000000
45783  20.258  -19.345  36.919 0.7500000000
44946  19.088  -20.303  36.036 0.7500000000
44953  18.570  -20.724  35.617 0.7500000000
44952  19.055  -20.287  35.202 0.7500000000
116026  18.543  -20.688  34.801 0.7500000000
47970  26.921  -18.069  27.581 0.8750000000
47983  26.850  -17.911  26.685 0.8750000000
47984  26.158  -17.383  26.390 0.8750000000
48925  24.217  -16.426  26.319 0.7500000000
47995  25.253  -16.927  25.190 0.6250000000
47994  25.910  -17.245  25.577 0.6250000000
42326  16.107  -23.045  38.157 0.6250000000
44116  17.613  -21.743  37.357 0.6250000000
43243  17.052  -22.258  36.914 0.6250000000
43260  17.021  -22.215  36.010 0.6250000000
48924  24.947  -16.605  26.731 0.7500000000
48937  24.869  -16.616  25.907 0.6250000000
117081  32.116  -19.632  31.992 0.7500000000
45827  32.846  -19.419  32.321 0.6250000000
45839  33.180  -19.293  31.732 0.6250000000
45854  32.695  -19.663  30.518 0.6250000000
45853  33.220  -19.320  31.049 0.6250000000
107119  32.468  -18.560  27.273 0.8750000000
45815  33.228  -19.083  32.924 0.6250000000
45826  33.463  -18.922  32.338 0.6250000000
45838  33.600  -18.853  31.550 0.6250000000
108230  33.814  -18.519  31.099 0.7500000000
45864  33.386  -19.193  30.194 0.7500000000
107126  33.853  -18.568  29.731 0.7500000000
45865  32.738  -19.584  29.660 0.7500000000
107898  33.375  -19.035  29.248 0.7500000000
107121  33.581  -17.929  28.066 0.7500000000
107120  33.265  -18.767  28.384 0.7500000000
107949  33.047  -18.429  27.661 0.8750000000
47982  32.819  -17.294  27.396 0.6250000000
107122  33.132  -17.757  27.496 0.8750000000
107123  32.655  -17.677  27.032 0.8750000000
127368  33.755  -18.499  32.059 0.5000000000
107857  33.875  -18.279  31.601 0.5000000000
107936  33.875  -18.532  30.451 0.6250000000
111853  34.025  -17.785  30.003 0.6250000000
126771  33.838  -17.355  29.321 0.6250000000
46913  33.857  -18.113  28.967 0.7500000000
47956  33.697  -17.354  28.597 0.6250000000
47968  33.349  -16.913  28.546 0.6250000000
47969  33.344  -17.317  27.943 0.7500000000
48912  32.900  -16.891  27.946 0.6250000000
50633  28.846  -13.977  21.604 0.6250000000
51434  28.845  -13.789  20.830 0.6250000000
53231  28.709  -11.780  20.670 0.6250000000
53242  29.406  -11.328  19.338 0.5000000000
107939  33.996  -17.657  31.667 0.3750000000
46890  33.915  -17.247  30.961 0.3750000000
107132  34.018  -18.018  30.938 0.6250000000
47943  33.771  -16.971  30.016 0.6250000000
47955  33.571  -16.924  29.206 0.6250000000
48886  33.487  -16.537  29.717 0.5000000000
48900  33.322  -16.625  29.092 0.6250000000
48901  33.025  -16.513  28.615 0.7500000000
49791  32.494  -16.257  27.967 0.8750000000
114957  29.176  -14.447  22.417 0.7500000000
109334  34.022  -17.061  31.824 0.2500000000
47942  33.773  -16.688  30.820 0.5000000000
48872  33.902  -16.250  31.275 0.1250000000
123514  33.650  -16.416  30.453 0.5000000000
49778  33.526  -16.015  30.178 0.5000000000
49784  33.239  -16.179  29.308 0.5000000000
49785  32.872  -15.986  28.755 0.7500000000
50566  32.816  -15.435  29.061 0.6250000000
58560  41.054  -5.806  22.524 0.7500000000
49728  34.504  -15.753  32.341 0.1250000000
49750  34.169  -15.774  31.682 0.1250000000
49764  33.781  -16.000  30.913 0.3750000000
49765  33.817  -15.698  30.995 0.5000000000
50551  33.492  -15.519  30.317 0.5000000000
125954  33.068  -15.838  29.189 0.6250000000
61184  46.322  -2.276  25.209 0.2500000000
61176  45.706  -2.753  25.550 0.2500000000
60308  44.198  -3.721  24.993 0.2500000000
59469  43.870  -4.890  25.226 0.3750000000
62066  46.616  -1.945  24.533 0.2500000000
61185  45.657  -2.369  24.698 0.2500000000
61186  44.682  -2.782  24.461 0.2500000000
60317  43.741  -3.239  24.198 0.3750000000
59478  42.483  -5.095  23.867 0.3750000000
58559  41.632  -6.008  22.965 0.6250000000
62067  46.058  -1.837  23.930 0.2500000000
61192  45.270  -2.026  23.760 0.2500000000
60319  42.434  -4.144  23.658 0.3750000000
61193  44.386  -2.307  23.580 0.2500000000
61196  43.292  -2.343  22.792 0.2500000000
61197  42.562  -2.714  22.660 0.2500000000
111352  34.625  -15.635  32.613 0.1250000000
124881  34.452  -15.595  32.123 0.2500000000
50518  34.213  -15.532  31.687 0.2500000000
50533  33.786  -15.315  31.060 0.3750000000
61163  46.204  -2.573  26.575 0.2500000000
61175  46.414  -2.409  25.848 0.2500000000
61164  45.769  -2.902  26.116 0.2500000000
60295  45.171  -3.476  25.959 0.2500000000
58551  43.467  -5.831  24.844 0.3750000000
60296  44.506  -4.105  25.675 0.2500000000
120105  42.455  -6.482  23.868 0.6250000000
129443  47.915  -1.947  25.031 0.2500000000
59477  43.193  -5.075  24.582 0.3750000000
58555  42.829  -5.902  24.230 0.3750000000
57692  41.859  -6.608  23.244 0.7500000000
62079  44.967  -1.727  22.778 0.2500000000
62089  43.679  -1.817  22.075 0.3750000000
62098  43.238  -1.903  21.401 0.3750000000
61200  43.032  -2.132  22.100 0.2500000000
50519  34.100  -15.074  31.766 0.2500000000
62053  47.195  -1.999  25.292 0.2500000000
61174  47.272  -2.040  26.074 0.2500000000
57687  42.502  -6.894  24.028 0.5000000000
62065  47.563  -1.879  24.435 0.2500000000
57688  41.961  -7.041  23.439 0.6250000000
62077  46.876  -1.702  23.535 0.2500000000
62078  45.897  -1.666  23.135 0.2500000000
126150  42.204  -6.756  23.621 0.7500000000
62086  46.511  -1.566  22.521 0.3750000000
62087  45.729  -1.584  22.361 0.3750000000
62095  46.109  -1.542  21.718 0.3750000000
62096  45.162  -1.584  21.710 0.3750000000
62097  44.182  -1.693  21.277 0.3750000000
110471  47.442  -1.604  22.687 0.2500000000
114207  45.019  -1.638  20.723 0.3750000000
115278  45.723  -1.568  21.059 0.3750000000
56755  38.310  -7.653  25.361 0.7500000000
56746  37.437  -7.848  26.398 0.6250000000
45798  19.590  -19.837  35.636 0.7500000000
44135  17.540  -21.677  35.574 0.7500000000
45817  31.906  -19.316  33.513 0.6250000000
45841  31.745  -19.771  31.380 0.7500000000
45840  32.601  -19.632  31.400 0.6250000000
107113  32.370  -17.308  26.897 0.8750000000
52353  28.760  -12.572  20.152 0.6250000000
50565  33.230  -15.717  29.630 0.5000000000
57788  35.495  -6.346  14.453 0.1250000000
56782  39.982  -7.881  23.258 0.8750000000
59481  41.922  -4.623  23.277 0.6250000000
60322  42.125  -3.621  23.098 0.3750000000
122724  46.500  -1.550  20.930 0.3750000000
42441  14.856  -24.164  30.691 0.6250000000
60321  42.926  -3.202  23.513 0.3750000000
47987  21.335  -17.712  26.298 0.6250000000
48917  21.718  -16.850  27.243 0.7500000000
115955  20.593  -18.970  26.460 0.6250000000
38767  16.533  -27.724  33.158 0.1250000000
38798  16.630  -27.083  31.659 0.1250000000
38799  15.735  -27.387  31.579 0.1250000000
41528  16.664  -24.362  29.034 0.5000000000
127192  21.611  -17.128  26.629 0.6250000000
48008  23.851  -17.548  24.534 0.6250000000
45963  26.000  -19.426  23.272 0.6250000000
45079  25.266  -20.533  23.707 0.3750000000
115619  20.500  -19.298  38.633 0.5000000000
43226  16.417  -22.775  37.428 0.7500000000
44938  19.304  -20.181  37.201 0.5000000000
45784  19.789  -19.794  37.445 0.6250000000
45790  19.604  -19.878  36.573 0.7500000000
129049  32.255  -16.836  27.127 0.7500000000
47932  33.984  -16.644  31.583 0.2500000000
60307  44.967  -3.170  25.269 0.2500000000
60309  43.569  -4.225  24.731 0.3750000000
60318  42.971  -4.145  24.234 0.3750000000
118890  41.930  -5.456  23.313 0.6250000000
58556  42.254  -6.013  23.540 0.5000000000
124042  43.659  -2.571  23.405 0.2500000000
61195  44.058  -1.970  22.778 0.2500000000
112201  34.494  -15.472  32.205 0.2500000000
62088  44.397  -1.679  22.116 0.3750000000
35161  0.797  -30.908  39.054 0.1250000000
35168  1.304  -31.349  38.706 0.1250000000
35169  0.966  -30.743  38.257 0.1250000000
36094  1.105  -30.574  37.475 0.1250000000
36095  0.827  -30.217  37.790 0.1250000000
36107  1.284  -30.632  36.702 0.1250000000
35152  0.866  -31.437  40.378 0.1250000000
121714  0.690  -30.957  39.798 0.1250000000
36071  0.654  -30.447  39.340 0.1250000000
36081  0.740  -30.342  38.598 0.1250000000
36938  0.679  -29.770  38.151 0.1250000000
36108  0.860  -30.172  36.926 0.1250000000
35128  1.165  -31.789  43.317 0.1250000000
35129  1.074  -31.076  42.879 0.1250000000
35135  0.937  -31.194  41.994 0.1250000000
36055  0.970  -30.386  41.486 0.1250000000
35144  0.836  -31.309  41.137 0.1250000000
115774  0.681  -30.478  40.001 0.1250000000
36896  1.150  -29.562  41.383 0.1250000000
36927  0.624  -29.847  38.932 0.1250000000
37818  0.778  -29.143  37.745 0.1250000000
37817  1.178  -28.490  37.440 0.1250000000
36951  0.712  -29.664  36.407 0.1250000000
116598  0.710  -29.695  37.296 0.1250000000
36119  0.923  -30.224  35.972 0.1250000000
35120  1.386  -31.616  44.237 0.1250000000
36039  1.272  -30.869  43.761 0.1250000000
114318  1.330  -28.156  44.390 0.1250000000
36871  1.462  -28.698  44.794 0.1250000000
36877  1.308  -29.603  43.035 0.1250000000
36884  1.278  -29.435  42.284 0.1250000000
36920  0.780  -29.780  39.816 0.1250000000
37777  1.183  -29.086  40.733 0.1250000000
37790  1.220  -28.510  39.261 0.1250000000
118790  0.832  -29.303  39.256 0.1250000000
37806  1.138  -28.529  38.296 0.1250000000
37807  0.801  -29.221  38.587 0.1250000000
113120  0.805  -29.071  36.862 0.1250000000
37831  1.367  -28.388  36.452 0.1250000000
37832  0.828  -29.058  35.962 0.1250000000
36963  0.769  -29.628  35.547 0.1250000000
37848  0.817  -29.097  35.247 0.1250000000
125712  2.780  -30.226  46.384 0.2500000000
34133  1.918  -32.183  45.406 0.1250000000
36028  1.831  -30.157  45.455 0.1250000000
36025  2.202  -29.669  45.954 0.2500000000
36867  2.031  -28.751  45.916 0.2500000000
36031  1.512  -30.580  44.640 0.2500000000
36874  1.553  -29.517  44.914 0.2500000000
36032  1.392  -30.045  44.125 0.2500000000
37733  1.456  -28.055  45.139 0.1250000000
129298  1.356  -28.968  43.121 0.1250000000
37738  1.336  -28.281  43.587 0.1250000000
37761  1.331  -28.744  41.769 0.1250000000
37748  1.364  -28.441  42.711 0.1250000000
37791  1.089  -28.982  39.873 0.1250000000
38684  1.396  -28.124  40.345 0.1250000000
126215  1.381  -28.206  41.267 0.1250000000
38716  2.467  -27.206  37.408 0.1250000000
38717  1.812  -27.861  37.354 0.1250000000
38732  2.154  -27.653  36.546 0.1250000000
113764  1.826  -27.981  35.655 0.1250000000
37847  1.169  -28.601  35.412 0.1250000000
37862  0.935  -28.853  34.628 0.1250000000
37861  1.571  -28.196  34.662 0.1250000000
38665  1.660  -27.113  40.430 0.1250000000
125701  1.610  -27.841  38.785 0.1250000000
38683  1.641  -27.598  39.641 0.1250000000
38700  2.097  -27.333  38.262 0.1250000000
38731  2.880  -27.055  36.634 0.1250000000
38745  2.570  -27.435  35.819 0.1250000000
117933  2.260  -27.680  35.110 0.1250000000
38758  2.327  -27.618  34.381 0.1250000000
38770  2.335  -27.556  33.519 0.1250000000
38759  1.711  -28.012  33.831 0.1250000000
37873  1.065  -28.675  33.717 0.1250000000
110917  0.999  -28.902  32.793 0.1250000000
110356  2.023  -27.094  39.177 0.1250000000
114072  1.920  -26.865  39.848 0.1250000000
39631  2.415  -26.515  38.792 0.1250000000
39649  3.045  -26.503  37.462 0.1250000000
39663  3.205  -26.962  35.955 0.1250000000
38757  3.117  -27.162  34.125 0.1250000000
38771  1.511  -28.155  32.939 0.1250000000
38787  2.292  -27.485  32.642 0.1250000000
37884  1.214  -28.623  32.097 0.1250000000
38803  2.105  -27.426  31.743 0.1250000000
38788  1.582  -27.944  32.119 0.1250000000
116810  1.478  -28.171  31.312 0.1250000000
38832  1.840  -27.233  29.972 0.1250000000
41312  1.264  -24.434  43.024 0.1250000000
39610  2.215  -26.163  39.620 0.1250000000
41359  1.964  -24.614  40.519 0.1250000000
125535  2.626  -26.721  38.091 0.1250000000
40543  2.514  -25.726  39.084 0.1250000000
40530  2.339  -25.021  39.635 0.1250000000
40542  2.716  -25.001  38.866 0.1250000000
41386  2.552  -24.139  39.144 0.1250000000
40571  4.232  -25.077  35.800 0.1250000000
39662  3.532  -26.267  36.582 0.1250000000
123531  3.710  -26.479  35.643 0.1250000000
38744  3.054  -27.176  35.102 0.1250000000
39689  3.918  -26.530  34.733 0.1250000000
39702  3.763  -26.772  33.838 0.1250000000
39718  3.131  -27.112  33.243 0.1250000000
113044  3.953  -26.596  33.150 0.1250000000
39733  3.724  -26.404  31.677 0.1250000000
39734  3.159  -26.905  32.308 0.1250000000
39748  2.719  -26.829  31.311 0.1250000000
39759  2.960  -26.135  30.017 0.1250000000
112522  2.368  -26.722  30.420 0.1250000000
41360  1.667  -23.874  41.254 0.1250000000
41336  1.424  -24.155  42.150 0.1250000000
41374  2.285  -23.924  39.773 0.1250000000
42266  1.980  -23.497  40.425 0.1250000000
39630  2.881  -25.868  38.333 0.1250000000
128871  2.838  -24.274  38.600 0.1250000000
40555  3.388  -25.571  37.458 0.1250000000
41398  3.496  -24.560  37.345 0.1250000000
123005  3.974  -25.817  36.044 0.1250000000
129989  4.182  -25.941  35.445 0.1250000000
39688  4.502  -25.606  34.890 0.1250000000
39701  4.449  -26.164  34.003 0.1250000000
40597  4.839  -25.859  33.113 0.1250000000
39717  4.102  -26.396  32.452 0.1250000000
40596  5.283  -25.255  32.418 0.1250000000
40605  4.640  -25.929  32.053 0.1250000000
39732  4.290  -25.894  31.165 0.1250000000
39747  3.315  -26.292  30.829 0.1250000000
129730  4.383  -25.301  29.945 0.1250000000
40628  3.520  -25.555  29.604 0.1250000000
42196  1.312  -23.246  44.646 0.3750000000
42209  1.302  -23.089  43.999 0.3750000000
42244  1.464  -23.240  41.893 0.1250000000
42226  1.347  -22.850  43.245 0.2500000000
42286  2.238  -23.032  39.677 0.1250000000
42267  1.654  -22.931  41.075 0.1250000000
41387  2.458  -23.260  39.104 0.1250000000
43190  1.932  -22.594  40.284 0.1250000000
41399  3.085  -23.898  37.951 0.1250000000
42307  2.398  -22.637  39.031 0.1250000000
40563  3.800  -25.284  36.641 0.1250000000
40587  4.969  -25.153  34.125 0.1250000000
40586  5.304  -24.962  33.229 0.1250000000
40584  12.041  -25.090  33.070 0.3750000000
40604  5.123  -25.340  31.501 0.1250000000
40616  4.784  -25.339  30.627 0.1250000000
43149  2.244  -22.231  45.508 0.5000000000
42185  1.490  -22.379  44.923 0.3750000000
43159  1.379  -22.356  44.397 0.3750000000
43165  1.348  -22.162  43.762 0.2500000000
129340  1.436  -21.892  41.517 0.1250000000
43172  1.359  -21.836  42.858 0.1250000000
43200  2.220  -22.295  39.477 0.1250000000
43201  1.875  -21.802  40.100 0.1250000000
41417  3.293  -23.527  37.075 0.1250000000
42330  2.519  -22.624  38.279 0.1250000000
43212  2.202  -21.600  39.172 0.1250000000
44101  1.816  -21.100  39.950 0.1250000000
43225  17.092  -22.241  37.805 0.5000000000
42329  2.760  -22.990  37.622 0.1250000000
43229  2.418  -22.051  37.812 0.1250000000
44108  2.365  -21.750  38.291 0.1250000000
110099  3.837  -24.287  36.517 0.1250000000
42353  2.759  -22.576  36.563 0.1250000000
43228  2.487  -22.300  37.280 0.1250000000
41451  4.548  -24.414  35.055 0.1250000000
42371  3.497  -23.337  36.153 0.1250000000
41434  4.096  -24.076  35.807 0.1250000000
112969  4.804  -24.178  34.326 0.1250000000
41468  5.100  -24.418  33.771 0.1250000000
42182  3.129  -23.018  45.296 0.5000000000
43148  3.035  -22.045  45.435 0.5000000000
43141  1.922  -21.552  45.345 0.3750000000
44060  1.510  -21.298  44.680 0.3750000000
125644  1.485  -21.015  43.991 0.3750000000
44081  1.373  -20.914  42.833 0.1250000000
44093  17.718  -21.645  40.663 0.2500000000
43188  17.184  -22.076  41.094 0.2500000000
43189  16.593  -22.536  40.664 0.3750000000
44087  1.284  -20.713  41.631 0.1250000000
113211  1.335  -20.467  42.170 0.1250000000
43199  16.554  -22.590  39.708 0.3750000000
116091  1.356  -20.652  41.033 0.1250000000
44100  17.742  -21.649  39.726 0.5000000000
129037  16.732  -22.491  38.999 0.3750000000
42303  16.215  -22.926  38.953 0.3750000000
128312  16.118  -22.964  39.556 0.3750000000
110192  2.036  -20.941  39.306 0.1250000000
123501  1.553  -20.667  40.438 0.1250000000
43209  17.137  -22.190  38.619 0.3750000000
44107  17.626  -21.765  38.240 0.5000000000
127864  2.446  -22.062  36.546 0.1250000000
116943  2.398  -21.940  37.004 0.1250000000
42372  2.964  -22.516  35.463 0.1250000000
108228  3.837  -23.389  35.315 0.1250000000
42402  4.624  -23.547  33.770 0.1250000000
44219  23.433  -20.849  27.349 0.1250000000
43157  4.739  -22.619  45.064 0.5000000000
43139  3.711  -21.327  45.598 0.5000000000
44050  2.778  -21.075  45.426 0.3750000000
44052  1.850  -21.211  45.205 0.3750000000
44890  1.925  -20.431  44.851 0.3750000000
45743  1.709  -20.083  43.760 0.2500000000
44086  17.728  -21.629  41.551 0.2500000000
42263  15.970  -23.040  40.166 0.3750000000
44079  18.290  -21.198  42.129 0.2500000000
44920  1.386  -20.021  41.470 0.1250000000
44085  18.383  -21.138  41.101 0.2500000000
42284  15.256  -23.514  39.962 0.5000000000
42285  14.931  -23.755  39.106 0.5000000000
44099  18.314  -21.165  39.683 0.3750000000
43360  20.535  -22.216  27.423 0.1250000000
44222  19.829  -21.928  26.898 0.1250000000
112559  20.510  -21.593  26.902 0.1250000000
44220  22.592  -21.103  27.733 0.1250000000
44221  21.409  -21.537  27.406 0.1250000000
44218  24.242  -21.164  27.741 0.1250000000
111172  25.583  -21.899  27.085 0.2500000000
44236  24.019  -20.895  26.784 0.1250000000
43390  26.802  -22.729  26.657 0.1250000000
123893  26.225  -22.362  27.106 0.2500000000
44234  25.244  -21.699  26.069 0.2500000000
115915  27.211  -22.888  25.804 0.1250000000
43388  28.053  -23.257  25.692 0.1250000000
43406  27.521  -22.919  24.888 0.1250000000
114161  6.429  -23.098  45.282 0.5000000000
42181  5.757  -22.608  45.472 0.3750000000
43146  5.160  -21.999  45.661 0.3750000000
42193  5.628  -23.138  44.718 0.5000000000
44895  18.700  -20.687  44.604 0.2500000000
44080  17.614  -21.748  42.511 0.2500000000
43170  17.058  -22.236  42.336 0.2500000000
42222  16.030  -22.986  42.081 0.2500000000
42242  15.437  -23.361  41.589 0.5000000000
44904  19.379  -20.257  43.231 0.2500000000
44914  18.839  -20.726  42.707 0.2500000000
43178  17.263  -22.053  41.824 0.2500000000
43179  16.677  -22.489  41.670 0.2500000000
42264  15.416  -23.370  40.741 0.3750000000
113821  14.865  -23.715  41.139 0.5000000000
42241  16.040  -22.971  41.145 0.5000000000
41365  14.092  -24.194  39.263 0.5000000000
45749  20.018  -19.803  42.841 0.3750000000
117566  19.010  -20.609  41.023 0.3750000000
110685  14.581  -23.948  39.913 0.5000000000
44929  18.779  -20.784  39.293 0.3750000000
44127  18.138  -21.217  36.912 0.5000000000
45041  19.820  -20.382  26.771 0.2500000000
109270  20.899  -21.008  26.636 0.1250000000
45040  20.451  -20.504  26.546 0.1250000000
45023  22.712  -20.647  26.981 0.1250000000
45039  21.240  -20.213  26.323 0.1250000000
45037  23.206  -20.408  26.401 0.1250000000
44249  24.689  -21.117  25.361 0.2500000000
43408  25.939  -22.214  25.465 0.2500000000
43407  26.678  -22.565  25.115 0.2500000000
118719  26.525  -22.563  25.891 0.2500000000
43422  27.884  -22.701  23.890 0.2500000000
43420  29.860  -23.033  23.876 0.2500000000
43421  28.899  -23.013  23.874 0.2500000000
44257  31.025  -22.652  23.807 0.2500000000
43419  30.623  -22.908  23.998 0.2500000000
41266  7.207  -23.913  44.561 0.5000000000
127512  19.773  -18.933  47.556 0.2500000000
45689  19.211  -19.197  47.486 0.2500000000
44869  18.099  -20.373  46.646 0.2500000000
44883  17.774  -21.005  46.142 0.2500000000
45694  20.093  -19.069  46.961 0.2500000000
45695  19.410  -19.618  46.471 0.2500000000
44868  18.799  -20.139  46.379 0.2500000000
44882  18.580  -20.556  45.680 0.2500000000
44054  17.337  -21.555  45.608 0.2500000000
44065  16.918  -22.135  45.094 0.2500000000
109135  20.838  -18.530  47.048 0.2500000000
44881  19.201  -20.103  45.813 0.2500000000
44053  18.040  -21.129  45.113 0.2500000000
43154  17.059  -22.191  44.069 0.2500000000
42202  15.999  -23.069  43.022 0.2500000000
42223  15.416  -23.431  42.491 0.2500000000
46641  20.704  -18.874  46.394 0.2500000000
45722  19.875  -19.796  44.600 0.2500000000
112719  19.250  -20.203  45.042 0.2500000000
44063  18.179  -21.210  44.093 0.2500000000
44072  17.638  -21.719  43.570 0.2500000000
43171  16.554  -22.587  42.616 0.2500000000
42243  14.814  -23.767  41.974 0.5000000000
46646  20.955  -18.915  45.680 0.2500000000
45735  19.941  -19.811  43.727 0.2500000000
121249  13.635  -24.321  40.872 0.5000000000
46659  21.195  -18.875  44.879 0.3750000000
118481  20.487  -19.391  44.208 0.3750000000
42265  14.351  -24.025  40.642 0.5000000000
41351  13.043  -24.562  40.306 0.5000000000
45734  20.610  -19.335  43.354 0.3750000000
45760  20.058  -19.775  41.952 0.3750000000
44924  19.489  -20.181  40.506 0.3750000000
44918  19.486  -20.200  41.453 0.3750000000
45775  19.814  -19.921  39.690 0.3750000000
44928  19.402  -20.224  38.898 0.3750000000
45913  20.502  -19.805  26.461 0.3750000000
44237  20.066  -21.135  26.665 0.2500000000
45912  21.158  -19.347  26.106 0.2500000000
45038  22.273  -20.265  26.396 0.1250000000
45052  23.227  -19.850  25.535 0.1250000000
45053  22.640  -19.879  25.933 0.1250000000
113234  24.358  -20.519  24.894 0.2500000000
45051  23.952  -20.544  25.732 0.2500000000
44248  25.349  -21.643  24.933 0.2500000000
43423  26.919  -22.395  24.200 0.1250000000
44247  26.060  -22.088  24.501 0.2500000000
43439  27.866  -22.140  23.182 0.3750000000
43437  29.261  -22.488  23.077 0.3750000000
43438  28.461  -22.513  23.335 0.2500000000
107858  31.201  -22.308  23.367 0.5000000000
107089  30.358  -22.565  23.249 0.3750000000
107087  32.183  -22.046  23.990 0.3750000000
107736  32.294  -21.555  23.224 0.3750000000
124270  31.384  -21.845  22.800 0.5000000000
45690  17.886  -19.277  47.820 0.2500000000
45691  17.071  -19.606  47.693 0.2500000000
44871  16.540  -20.743  47.118 0.2500000000
46628  19.261  -18.148  48.579 0.2500000000
44860  17.587  -20.001  47.380 0.2500000000
44870  17.309  -20.650  46.948 0.2500000000
44038  16.974  -21.279  46.525 0.2500000000
43128  15.781  -22.065  46.326 0.2500000000
43143  15.403  -22.678  45.789 0.2500000000
43142  16.186  -22.468  45.523 0.2500000000
43156  15.776  -23.046  44.972 0.2500000000
43155  16.438  -22.633  44.540 0.2500000000
42203  15.381  -23.523  43.436 0.2500000000
41302  14.162  -24.198  42.336 0.5000000000
45748  20.659  -19.298  42.427 0.3750000000
45733  21.409  -18.801  42.912 0.3750000000
45747  21.287  -18.845  41.946 0.3750000000
45769  20.631  -19.254  40.672 0.3750000000
44933  19.323  -20.240  37.920 0.3750000000
120927  20.043  -19.716  39.030 0.3750000000
107657  31.687  -16.962  43.639 0.3750000000
47707  31.014  -17.453  43.115 0.3750000000
46671  31.405  -17.749  42.365 0.3750000000
46712  30.803  -18.237  41.551 0.6250000000
45896  20.004  -19.438  26.856 0.3750000000
46928  19.723  -19.025  27.600 0.5000000000
45929  21.737  -18.866  25.711 0.1250000000
45911  21.918  -19.626  25.969 0.2500000000
45927  23.299  -19.089  24.904 0.2500000000
45928  22.522  -19.162  25.454 0.1250000000
116719  24.569  -19.970  24.167 0.2500000000
45926  23.865  -19.862  24.878 0.2500000000
44261  24.883  -20.949  24.424 0.2500000000
44277  26.712  -21.140  23.040 0.3750000000
44278  25.945  -20.916  23.347 0.3750000000
45076  28.068  -20.623  22.538 0.5000000000
44258  27.171  -21.976  23.365 0.2500000000
44273  29.761  -22.070  22.546 0.5000000000
123554  33.132  -21.116  23.502 0.2500000000
44039  16.139  -21.387  46.737 0.2500000000
129830  22.129  -18.330  42.857 0.3750000000
46717  21.825  -18.413  41.453 0.3750000000
45758  21.228  -18.829  41.109 0.3750000000
47708  30.284  -17.229  43.702 0.3750000000
121995  32.773  -16.259  45.211 0.3750000000
107854  33.962  -17.115  46.214 0.3750000000
107458  31.836  -17.383  42.636 0.3750000000
46692  31.339  -18.022  41.924 0.6250000000
107528  32.909  -16.351  44.344 0.3750000000
122137  32.465  -16.792  43.135 0.3750000000
46711  31.572  -18.148  41.297 0.3750000000
46691  32.038  -17.790  41.805 0.3750000000
115504  31.156  -18.491  39.932 0.6250000000
46756  30.525  -18.647  39.258 0.6250000000
46733  31.791  -18.256  40.519 0.3750000000
110763  31.116  -18.864  36.962 0.3750000000
46832  31.335  -18.972  36.075 0.5000000000
45796  31.547  -19.015  35.227 0.5000000000
46833  30.723  -18.955  35.535 0.5000000000
122079  31.604  -21.409  22.294 0.2500000000
46739  21.781  -18.372  40.711 0.3750000000
45768  21.203  -18.774  40.297 0.3750000000
129946  21.277  -18.674  39.623 0.3750000000
122208  33.579  -16.132  45.074 0.3750000000
122136  32.644  -17.278  42.058 0.3750000000
107637  33.460  -17.054  41.395 0.2500000000
107159  33.216  -16.804  42.448 0.2500000000
122241  33.404  -17.491  40.388 0.2500000000
46754  32.834  -18.012  39.497 0.2500000000
125029  32.216  -18.293  39.077 0.2500000000
46779  30.919  -18.699  38.434 0.5000000000
46753  33.441  -17.649  39.617 0.2500000000
46778  31.906  -18.465  38.326 0.2500000000
46797  31.291  -18.728  37.752 0.3750000000
109647  32.083  -18.641  37.340 0.3750000000
45828  32.044  -19.504  32.707 0.6250000000
45816  32.695  -19.295  33.164 0.5000000000
122352  30.978  -20.844  21.605 0.5000000000
47727  23.242  -17.689  41.872 0.3750000000
47722  27.168  -17.742  43.101 0.5000000000
46760  22.395  -17.822  39.548 0.5000000000
46716  22.308  -18.071  41.032 0.3750000000
122233  33.659  -16.339  42.848 0.2500000000
123728  33.093  -16.471  43.236 0.2500000000
45803  33.206  -18.993  33.655 0.3750000000
47696  27.678  -17.339  44.383 0.3750000000
47712  26.644  -17.599  43.536 0.3750000000
47755  23.773  -17.333  40.495 0.5000000000
47695  28.447  -17.279  44.431 0.3750000000
47711  27.445  -17.613  43.727 0.3750000000
120184  23.044  -17.632  40.951 0.5000000000
107552  34.084  -17.989  33.456 0.2500000000
45814  33.612  -18.587  33.307 0.2500000000
47724  25.512  -17.507  42.417 0.5000000000
47740  24.725  -17.416  41.857 0.5000000000
47739  25.480  -17.429  41.485 0.3750000000
49823  29.625  -15.251  22.787 0.5000000000
49832  29.847  -16.062  21.976 0.6250000000
49833  29.384  -15.219  21.998 0.6250000000
51325  33.737  -14.152  32.065 0.2500000000
60437  43.857  -2.937  10.815 0.1250000000
61317  43.503  -2.233  10.348 0.1250000000
60438  43.038  -2.800  10.832 0.1250000000
61302  44.340  -2.421  10.330 0.1250000000
61303  42.648  -2.038  10.430 0.1250000000
119892  44.013  -1.561  9.811 0.1250000000
62226  46.175  -1.768  9.273 0.1250000000
115467  45.378  -1.514  9.358 0.1250000000
62230  42.785  -0.521  9.933 0.2500000000
62211  42.304  -1.139  10.245 0.2500000000
62228  44.693  -1.272  9.437 0.1250000000
62229  43.477  -0.805  9.699 0.2500000000
62238  46.627  -1.331  8.668 0.1250000000
63110  45.062  -0.747  9.011 0.1250000000
113399  46.265  -0.670  8.383 0.1250000000
63117  45.597  -0.282  8.525 0.1250000000
63097  41.995  -0.156  10.340 0.3750000000
63111  44.185  -0.504  9.323 0.1250000000
63971  46.293  0.134  8.029 0.1250000000
63983  46.783  0.878  7.674 0.1250000000
64790  43.890  1.805  10.409 0.6250000000
64796  43.610  1.309  9.864 0.2500000000
63112  43.357  0.043  9.604 0.2500000000
63966  43.287  0.835  9.817 0.2500000000
63118  44.821  0.166  8.815 0.1250000000
63965  44.076  0.761  9.323 0.2500000000
63972  45.495  0.639  8.445 0.1250000000
64807  47.226  1.578  7.445 0.1250000000
65644  44.821  2.211  10.818 0.5000000000
130280  44.148  1.574  9.699 0.3750000000
64795  44.730  1.559  9.245 0.3750000000
63973  44.859  0.978  8.816 0.2500000000
64801  45.486  1.603  8.693 0.3750000000
64800  46.086  1.178  8.129 0.2500000000
64806  48.071  1.467  6.945 0.1250000000
65654  45.505  2.440  10.237 0.5000000000
65655  44.693  2.051  9.905 0.3750000000
65653  46.895  2.928  10.614 0.6250000000
124383  46.233  2.659  10.614 0.5000000000
65667  46.542  2.483  8.382 0.1250000000
65668  46.050  2.378  8.915 0.3750000000
65674  46.964  2.364  7.798 0.1250000000
64808  46.572  1.771  7.893 0.1250000000
123791  46.116  1.943  8.368 0.2500000000
111849  1.194  -24.037  44.255 0.1250000000
35111  2.266  -30.648  45.953 0.2500000000
37732  1.830  -28.038  45.728 0.2500000000
38625  1.261  -27.501  44.020 0.1250000000
111650  1.592  -24.838  41.494 0.1250000000
40585  11.765  -25.802  33.071 0.1250000000
41466  12.248  -24.703  33.562 0.5000000000
44223  19.329  -21.302  27.009 0.3750000000
46916  20.099  -18.278  27.982 0.6250000000
51311  33.867  -13.584  33.054 0.1250000000
63967  42.614  0.472  10.092 0.3750000000
36862  2.949  -29.779  46.517 0.2500000000
40515  2.061  -25.538  40.204 0.1250000000
41350  13.836  -24.280  40.066 0.5000000000
47741  23.989  -17.374  41.308 0.5000000000
44274  28.951  -21.500  22.416 0.5000000000
65643  45.724  2.474  11.133 0.7500000000
46927  20.229  -18.567  27.142 0.5000000000
44275  28.347  -21.856  22.758 0.3750000000
121738  15.690  -23.267  39.382 0.5000000000
44934  18.771  -20.755  38.359 0.3750000000
43210  16.612  -22.607  38.322 0.3750000000
44260  25.553  -21.406  23.985 0.2500000000
118760  1.401  -31.064  37.804 0.1250000000
36061  0.722  -30.804  40.542 0.1250000000
36040  1.279  -30.174  43.365 0.2500000000
36045  1.147  -30.317  42.492 0.1250000000
35134  1.032  -31.870  42.444 0.1250000000
36908  0.859  -30.051  40.649 0.1250000000
36875  1.362  -29.158  43.929 0.1250000000
110181  1.542  -28.013  38.017 0.1250000000
113203  1.772  -31.343  45.233 0.2500000000
35114  2.366  -31.661  46.011 0.1250000000
34132  2.200  -32.521  45.786 0.1250000000
38816  1.888  -27.391  30.833 0.1250000000
39760  2.219  -26.562  29.601 0.1250000000
40556  3.149  -24.876  38.164 0.1250000000
40617  3.880  -25.767  30.363 0.1250000000
108292  1.267  -23.785  43.544 0.2500000000
110042  1.348  -23.516  42.740 0.1250000000
42306  2.695  -23.469  38.510 0.1250000000
110029  1.387  -22.620  42.407 0.1250000000
110957  1.473  -22.415  41.653 0.1250000000
43191  1.585  -22.019  40.966 0.1250000000
43211  2.382  -22.143  38.648 0.1250000000
40595  12.373  -25.525  32.555 0.3750000000
43150  1.843  -22.236  45.371 0.3750000000
117138  1.469  -21.804  44.676 0.3750000000
43151  1.650  -21.615  45.048 0.3750000000
44066  1.424  -21.556  44.255 0.3750000000
44073  1.403  -21.319  43.561 0.1250000000
43180  1.381  -21.871  41.991 0.1250000000
109915  1.368  -21.349  41.411 0.1250000000
44094  1.540  -21.251  40.669 0.1250000000
44109  2.267  -21.188  38.423 0.1250000000
117567  17.566  -21.826  38.969 0.5000000000
125958  5.462  -24.633  32.576 0.1250000000
43158  3.778  -22.442  45.166 0.5000000000
118204  2.853  -21.468  45.465 0.5000000000
43140  2.255  -21.601  45.448 0.5000000000
44051  2.220  -21.137  45.338 0.3750000000
44891  1.647  -20.802  44.581 0.3750000000
121288  1.706  -21.010  44.964 0.3750000000
119839  1.507  -21.065  44.357 0.3750000000
44900  1.578  -20.636  44.113 0.2500000000
44908  1.494  -20.584  43.458 0.2500000000
110492  1.321  -21.169  42.135 0.1250000000
43198  17.164  -22.122  40.209 0.2500000000
44092  18.173  -21.276  40.285 0.3750000000
117726  1.538  -19.984  40.541 0.1250000000
110070  23.566  -21.153  28.271 0.1250000000
43147  4.019  -22.034  45.459 0.5000000000
44880  2.063  -20.742  45.157 0.3750000000
45717  1.841  -20.221  44.391 0.2500000000
44071  18.243  -21.240  43.105 0.2500000000
46728  1.613  -19.279  41.673 0.1250000000
45772  1.589  -19.411  40.924 0.1250000000
44925  18.756  -20.781  40.233 0.3750000000
45024  21.873  -20.815  26.873 0.1250000000
110240  24.791  -21.380  27.020 0.2500000000
43391  26.034  -22.276  26.384 0.2500000000
43405  28.466  -23.191  24.757 0.2500000000
43138  4.630  -21.419  45.779 0.3750000000
44905  18.778  -20.728  43.640 0.2500000000
43163  17.090  -22.198  43.101 0.2500000000
44919  18.913  -20.695  41.796 0.3750000000
121707  19.242  -20.379  39.724 0.3750000000
44235  24.516  -21.140  26.205 0.2500000000
45696  18.503  -19.725  47.181 0.2500000000
44055  16.591  -21.888  46.048 0.2500000000
44064  17.553  -21.670  44.584 0.2500000000
45705  20.227  -19.247  45.991 0.2500000000
45706  19.756  -19.730  45.481 0.2500000000
43164  16.523  -22.633  43.546 0.2500000000
42188  15.954  -23.137  43.999 0.2500000000
42224  14.797  -23.903  42.892 0.3750000000
45721  20.480  -19.314  45.045 0.2500000000
41327  14.218  -24.092  41.445 0.5000000000
45770  20.056  -19.715  41.078 0.3750000000
44259  26.337  -21.713  23.651 0.2500000000
46636  18.619  -18.815  48.098 0.2500000000
127815  18.525  -19.258  47.726 0.2500000000
44861  16.929  -20.219  47.400 0.2500000000
42173  15.001  -23.296  45.317 0.2500000000
42189  15.272  -23.521  44.412 0.2500000000
107523  32.286  -16.554  44.183 0.3750000000
107152  33.347  -17.064  46.611 0.3750000000
44040  15.398  -21.439  46.691 0.2500000000
46710  32.359  -17.967  40.992 0.2500000000
114603  31.472  -18.504  39.131 0.3750000000
128167  33.104  -17.614  40.729 0.2500000000
107750  32.880  -17.618  41.125 0.2500000000
46777  32.724  -18.143  38.625 0.2500000000
109426  32.593  -18.310  37.908 0.2500000000
61290  42.144  -2.649  10.853 0.1250000000
62210  43.113  -1.421  10.029 0.1250000000
62227  45.824  -1.081  8.809 0.1250000000
64794  45.418  2.179  9.397 0.3750000000
65661  46.281  2.707  9.776 0.5000000000
44878  3.397  -20.675  45.428 0.2500000000
45703  2.942  -20.123  45.137 0.2500000000
45704  2.360  -20.181  45.009 0.2500000000
130335  3.401  -21.075  45.551 0.2500000000
44879  2.612  -20.617  45.265 0.2500000000
44877  4.242  -20.652  45.495 0.2500000000
45702  3.650  -20.139  45.233 0.2500000000
43136  6.326  -22.171  45.777 0.2500000000
44048  4.913  -21.322  45.794 0.2500000000
42180  6.458  -22.648  45.646 0.2500000000
43137  5.525  -21.672  45.833 0.2500000000
128655  7.016  -23.483  45.115 0.3750000000
45692  15.066  -19.873  47.075 0.1250000000
44872  13.708  -21.218  46.258 0.1250000000
44056  12.047  -21.801  45.729 0.1250000000
44057  11.192  -21.794  45.827 0.1250000000
44045  9.832  -22.026  46.065 0.1250000000
46624  18.065  -17.910  48.206 0.1250000000
46631  17.047  -18.543  47.865 0.1250000000
45688  15.844  -19.421  47.366 0.1250000000
44863  15.483  -20.244  47.089 0.1250000000
44864  14.853  -20.500  46.821 0.1250000000
44030  14.001  -21.409  46.220 0.1250000000
44042  13.300  -21.882  45.932 0.1250000000
44043  12.411  -22.298  45.859 0.1250000000
43133  11.021  -22.704  45.942 0.1250000000
43134  10.403  -22.482  45.919 0.1250000000
42162  9.416  -22.602  45.603 0.1250000000
42163  8.555  -22.113  45.655 0.1250000000
43126  7.721  -21.892  45.733 0.2500000000
44866  6.369  -20.859  45.756 0.2500000000
44876  5.044  -20.574  45.510 0.2500000000
45713  3.913  -19.638  44.992 0.2500000000
47659  19.070  -17.327  48.884 0.1250000000
45686  17.324  -18.932  47.924 0.1250000000
45687  16.674  -19.176  47.665 0.1250000000
44028  15.145  -20.918  46.831 0.1250000000
43123  14.316  -21.635  46.196 0.1250000000
43131  13.687  -22.087  45.934 0.1250000000
110907  12.798  -22.520  45.742 0.1250000000
43132  11.838  -22.744  45.850 0.1250000000
42167  11.361  -23.210  45.762 0.1250000000
42168  10.609  -23.022  45.788 0.1250000000
42170  9.255  -23.190  45.418 0.1250000000
42171  7.762  -22.598  45.508 0.2500000000
43135  6.955  -22.036  45.748 0.2500000000
44036  5.533  -21.306  45.780 0.2500000000
44027  15.782  -20.771  47.032 0.1250000000
44041  14.812  -21.535  46.444 0.1250000000
43130  14.255  -22.285  46.052 0.1250000000
42165  13.345  -22.904  45.797 0.1250000000
41248  11.262  -23.721  45.603 0.2500000000
113243  10.756  -23.679  45.535 0.2500000000
41243  10.380  -23.453  45.586 0.1250000000
41251  8.478  -23.746  45.211 0.3750000000
126315  7.063  -23.126  45.476 0.3750000000
41265  8.046  -24.124  44.676 0.3750000000
41252  7.624  -23.609  45.181 0.3750000000
43144  14.620  -22.838  45.886 0.1250000000
41284  7.500  -24.267  43.709 0.3750000000
107629  33.936  -15.575  46.601 0.2500000000
46629  18.353  -18.306  48.281 0.1250000000
45685  17.905  -18.734  48.060 0.1250000000
42166  12.317  -23.121  45.759 0.1250000000
42177  11.978  -23.654  45.650 0.1250000000
41250  9.333  -23.925  45.217 0.3750000000
41245  9.042  -23.586  45.303 0.2500000000
47658  19.615  -17.507  49.150 0.1250000000
42164  13.993  -23.064  45.870 0.1250000000
42175  13.555  -23.563  45.645 0.1250000000
41246  13.091  -24.095  45.370 0.1250000000
112272  11.753  -24.220  45.243 0.2500000000
109870  10.935  -24.079  45.303 0.2500000000
41249  10.211  -23.929  45.325 0.2500000000
42191  13.843  -24.068  45.148 0.1250000000
41261  11.900  -24.663  44.392 0.3750000000
118958  10.518  -24.625  44.222 0.3750000000
41264  9.807  -24.365  44.627 0.3750000000
117620  8.891  -24.249  44.683 0.3750000000
41283  8.434  -24.426  43.851 0.3750000000
48673  20.881  -17.071  50.175 0.1250000000
47657  20.429  -17.362  49.477 0.1250000000
47666  20.024  -17.808  48.976 0.1250000000
42190  14.564  -23.864  44.818 0.1250000000
41259  14.029  -24.251  44.252 0.3750000000
41278  13.414  -24.518  43.662 0.3750000000
115598  12.672  -24.674  44.043 0.3750000000
41306  10.469  -24.795  43.154 0.3750000000
109013  9.604  -24.689  43.105 0.3750000000
107924  36.075  -11.129  46.097 0.1250000000
107182  35.570  -11.905  46.245 0.1250000000
53812  35.200  -11.029  46.496 0.1250000000
46627  20.085  -18.162  48.377 0.1250000000
46635  19.499  -18.664  48.033 0.1250000000
41303  13.475  -24.492  42.728 0.3750000000
122321  36.753  -14.027  45.291 0.1250000000
122273  35.976  -12.684  46.065 0.1250000000
107957  35.243  -12.456  46.367 0.1250000000
108749  21.595  -16.766  49.750 0.1250000000
47665  20.748  -17.712  48.802 0.1250000000
46634  20.201  -18.590  47.648 0.1250000000
108555  10.703  -24.894  42.080 0.3750000000
122046  36.248  -14.645  45.440 0.1250000000
107655  35.922  -15.628  45.421 0.1250000000
107174  35.424  -13.186  46.198 0.1250000000
52933  35.124  -11.865  46.521 0.1250000000
52056  34.289  -13.141  46.939 0.1250000000
47664  21.484  -17.366  48.635 0.1250000000
109461  35.404  -15.965  45.559 0.1250000000
128490  35.470  -15.026  45.771 0.1250000000
107922  34.812  -13.603  46.385 0.2500000000
47673  21.648  -17.625  47.951 0.1250000000
107589  33.420  -15.941  43.840 0.1250000000
107728  35.020  -15.570  46.091 0.2500000000
51236  34.116  -14.064  46.774 0.2500000000
122942  33.693  -12.245  47.347 0.1250000000
110109  32.932  -12.784  47.771 0.1250000000
47682  21.731  -18.025  47.099 0.1250000000
46640  21.334  -18.480  46.302 0.1250000000
122250  34.565  -16.504  46.122 0.2500000000
51231  33.361  -13.308  47.324 0.2500000000
52042  32.406  -12.367  48.162 0.1250000000
52916  32.179  -11.691  48.170 0.1250000000
46645  21.668  -18.460  45.473 0.1250000000
107716  33.267  -16.075  47.081 0.2500000000
49600  32.056  -15.260  47.583 0.2500000000
50413  31.983  -14.865  48.011 0.2500000000
122151  31.763  -16.289  44.956 0.2500000000
122163  31.686  -16.540  46.680 0.2500000000
122346  31.475  -16.708  47.071 0.2500000000
122380  30.976  -16.901  44.191 0.2500000000
107160  30.805  -16.015  45.627 0.2500000000
41280  11.242  -24.802  43.790 0.3750000000
49570  22.140  -15.431  50.204 0.1250000000
48659  20.974  -16.456  50.812 0.1250000000
41304  12.196  -24.832  42.466 0.3750000000
41305  11.373  -24.888  42.743 0.3750000000
50389  22.182  -14.403  51.047 0.1250000000
48657  21.838  -15.881  50.272 0.1250000000
107576  35.004  -15.542  42.152 0.1250000000
110398  35.498  -8.382  46.668 0.1250000000
126736  22.167  -15.463  50.031 0.1250000000
41328  13.414  -24.450  41.762 0.3750000000
126572  11.595  -24.919  41.659 0.3750000000
129463  34.821  -15.963  41.573 0.1250000000
122236  34.512  -15.226  43.381 0.1250000000
57480  35.808  -6.244  46.745 0.1250000000
54718  34.851  -8.656  47.039 0.1250000000
123682  34.944  -10.215  47.121 0.1250000000
126275  22.487  -15.459  49.657 0.1250000000
109136  23.116  -15.963  49.041 0.1250000000
122162  34.277  -16.399  41.266 0.1250000000
107574  33.922  -15.730  43.355 0.1250000000
122234  34.142  -15.530  44.650 0.1250000000
58349  34.945  -5.664  47.232 0.1250000000
55595  34.563  -8.224  47.201 0.1250000000
122670  34.008  -9.382  47.205 0.1250000000
126983  22.726  -16.650  48.394 0.1250000000
107689  34.054  -16.879  40.464 0.1250000000
107758  33.791  -16.566  42.064 0.1250000000
123147  34.163  -6.951  47.304 0.1250000000
56518  34.127  -7.865  47.241 0.1250000000
53809  32.602  -10.620  47.772 0.1250000000
52926  32.644  -11.201  48.186 0.1250000000
47662  22.919  -16.849  47.796 0.1250000000
47681  22.601  -17.521  46.704 0.1250000000
56519  33.029  -7.855  47.555 0.1250000000
55590  32.118  -8.150  48.141 0.1250000000
51224  31.581  -13.723  48.257 0.2500000000
46639  22.134  -18.069  46.159 0.2500000000
119748  31.840  -8.910  48.332 0.2500000000
112436  31.333  -13.001  48.421 0.2500000000
49586  31.331  -14.859  48.225 0.2500000000
45720  21.217  -18.914  44.000 0.2500000000
46776  33.349  -17.810  38.836 0.1250000000
52044  30.931  -12.188  48.546 0.2500000000
111931  31.095  -15.555  48.326 0.2500000000
122110  31.522  -17.135  48.103 0.2500000000
120601  31.897  -18.882  36.556 0.3750000000
114863  30.173  -15.532  49.004 0.2500000000
107148  30.039  -16.170  47.201 0.2500000000
107919  29.896  -16.063  46.434 0.2500000000
45805  31.731  -19.133  34.353 0.3750000000
107167  29.651  -16.076  47.130 0.2500000000
109804  29.291  -16.346  46.348 0.2500000000
50388  22.834  -14.679  50.785 0.1250000000
51217  23.705  -14.554  51.135 0.1250000000
107831  34.657  -16.324  40.305 0.1250000000
49574  22.963  -14.970  49.735 0.1250000000
49573  23.940  -14.752  49.507 0.1250000000
122347  34.021  -17.133  39.853 0.1250000000
107170  34.363  -17.020  39.144 0.1250000000
48671  23.833  -15.927  48.513 0.1250000000
48683  23.533  -16.321  48.056 0.1250000000
46775  33.887  -17.462  38.958 0.1250000000
58351  33.332  -4.911  47.735 0.1250000000
58342  32.887  -4.900  48.230 0.1250000000
47671  23.130  -17.030  47.136 0.1250000000
46814  33.442  -18.447  36.522 0.1250000000
46830  33.503  -18.720  35.041 0.1250000000
57468  31.356  -5.670  48.805 0.1250000000
46658  21.984  -18.381  44.543 0.2500000000
46815  32.677  -18.744  36.559 0.1250000000
108350  33.150  -18.825  35.830 0.2500000000
114413  31.074  -6.763  49.162 0.1250000000
45804  32.523  -19.144  33.996 0.5000000000
52919  30.126  -11.791  48.619 0.1250000000
46621  29.347  -17.189  48.325 0.1250000000
47686  27.899  -17.018  45.253 0.2500000000
107739  28.945  -16.247  47.021 0.2500000000
51216  24.514  -14.328  51.104 0.1250000000
107731  34.437  -17.211  38.156 0.1250000000
118489  24.424  -11.407  51.424 0.1250000000
51215  25.193  -14.128  50.987 0.1250000000
122083  34.256  -17.571  37.289 0.1250000000
52899  25.729  -10.915  51.124 0.1250000000
50392  25.219  -14.534  49.874 0.1250000000
49594  24.480  -15.595  48.525 0.1250000000
53795  26.394  -10.644  50.768 0.1250000000
119819  25.371  -14.949  49.248 0.1250000000
109636  24.277  -16.080  48.027 0.1250000000
107598  34.133  -18.031  36.484 0.1250000000
60108  31.282  -3.583  49.347 0.1250000000
51221  26.641  -14.494  49.996 0.1250000000
49602  25.137  -15.828  48.199 0.1250000000
47691  22.904  -17.586  45.930 0.2500000000
58335  30.346  -5.201  49.475 0.1250000000
48670  26.928  -15.872  47.921 0.2500000000
48688  25.346  -16.137  47.197 0.2500000000
47701  23.190  -17.639  45.138 0.2500000000
130024  22.738  -17.976  44.653 0.2500000000
55584  30.459  -7.852  49.229 0.1250000000
48687  26.477  -16.221  47.176 0.2500000000
47678  25.192  -16.744  45.958 0.2500000000
46656  23.410  -17.735  43.523 0.2500000000
50406  29.405  -14.546  49.177 0.1250000000
47653  28.677  -17.071  49.177 0.1250000000
47698  25.871  -17.281  44.577 0.2500000000
109159  25.338  -17.449  43.946 0.2500000000
47714  24.083  -17.515  43.017 0.2500000000
46676  23.339  -17.734  42.701 0.2500000000
47697  26.780  -17.366  44.324 0.1250000000
107599  34.703  -17.465  36.496 0.1250000000
107165  34.675  -17.199  37.321 0.1250000000
122148  34.529  -17.921  35.641 0.1250000000
107164  33.913  -18.417  35.664 0.1250000000
107921  34.437  -18.028  34.813 0.1250000000
123587  34.026  -18.384  34.830 0.1250000000
46845  33.628  -18.639  34.209 0.1250000000
54702  27.714  -9.341  50.436 0.1250000000
107155  34.081  -18.227  34.105 0.1250000000
128048  28.805  -8.939  50.056 0.1250000000
53799  28.348  -10.706  49.737 0.1250000000
51220  27.966  -13.451  49.677 0.1250000000
112681  29.480  -9.855  49.336 0.1250000000
52047  28.890  -13.086  49.372 0.1250000000
128156  27.554  -15.013  49.129 0.1250000000
48680  26.713  -16.018  47.748 0.2500000000
125458  28.093  -15.496  48.760 0.1250000000
48668  28.544  -16.391  49.143 0.1250000000
47677  26.130  -16.738  45.786 0.2500000000
47676  27.011  -16.851  45.588 0.1250000000
50658  30.975  -14.500  20.158 0.1250000000
50673  30.640  -13.889  19.880 0.1250000000
49854  31.256  -15.345  20.312 0.1250000000
49856  29.692  -14.740  20.690 0.2500000000
49843  29.641  -15.365  21.192 0.3750000000
50660  29.391  -14.109  20.456 0.2500000000
50645  29.164  -14.510  21.042 0.3750000000
51449  29.782  -13.594  19.863 0.2500000000
51450  29.038  -13.431  20.199 0.3750000000
52385  30.600  -12.214  17.777 0.2500000000
51465  29.749  -12.889  19.124 0.2500000000
53252  30.335  -11.687  17.963 0.2500000000
116049  29.182  -14.736  21.649 0.5000000000
125982  28.904  -11.725  19.931 0.5000000000
51466  29.238  -13.014  19.679 0.3750000000
53253  29.935  -11.463  18.512 0.3750000000
52375  29.540  -12.070  18.844 0.5000000000
54171  34.306  -10.392  15.187 0.2500000000
129033  33.656  -9.649  15.587 0.3750000000
54187  34.723  -9.790  14.783 0.2500000000
55043  34.021  -9.480  15.173 0.2500000000
55064  34.553  -8.944  14.725 0.2500000000
57686  43.034  -6.433  24.557 0.3750000000
57682  43.437  -6.611  25.067 0.3750000000
56768  41.602  -7.470  24.276 0.5000000000
62064  48.578  -1.976  24.689 0.1250000000
56766  42.976  -6.816  24.621 0.5000000000
62035  48.194  -1.513  26.823 0.1250000000
61162  47.152  -1.884  26.676 0.1250000000
62044  49.234  -1.637  26.382 0.1250000000
59443  45.227  -4.352  27.002 0.1250000000
119960  44.888  -5.234  26.685 0.1250000000
60285  45.399  -3.503  26.588 0.1250000000
59457  44.834  -4.426  26.323 0.1250000000
58538  44.478  -5.770  26.009 0.2500000000
57681  43.959  -6.315  25.530 0.2500000000
110376  48.264  -1.886  25.578 0.1250000000
127455  44.629  -5.177  26.220 0.1250000000
62076  48.112  -1.804  23.605 0.1250000000
59468  44.384  -5.077  25.815 0.1250000000
56750  43.215  -7.018  25.105 0.3750000000
58550  43.977  -5.772  25.399 0.2500000000
56767  42.466  -7.193  24.564 0.5000000000
109470  41.821  -7.453  25.043 0.5000000000
122825  47.872  -1.570  22.060 0.2500000000
126223  43.583  -6.244  25.075 0.2500000000
62106  48.049  -1.546  20.677 0.2500000000
56770  39.646  -7.817  24.018 0.6250000000
56771  38.811  -7.732  24.587 0.6250000000
62107  47.347  -1.555  20.811 0.2500000000
61150  46.845  -1.857  27.278 0.1250000000
60273  45.608  -3.482  27.239 0.1250000000
58517  45.253  -5.050  27.420 0.1250000000
61151  46.150  -2.595  27.291 0.1250000000
57672  44.347  -6.387  26.123 0.1250000000
57673  43.793  -6.809  25.697 0.1250000000
109522  43.303  -7.196  25.753 0.3750000000
56753  40.849  -7.550  25.138 0.5000000000
56754  39.911  -7.590  25.807 0.6250000000
108441  39.807  -7.658  24.846 0.6250000000
113866  47.717  -1.559  20.043 0.2500000000
62125  48.392  -1.430  19.312 0.2500000000
58524  44.777  -5.975  26.632 0.1250000000
56742  43.665  -7.174  26.371 0.1250000000
108533  42.832  -7.407  26.387 0.1250000000
108532  41.389  -7.502  26.663 0.3750000000
56733  40.652  -7.545  27.047 0.5000000000
57663  44.181  -6.794  26.338 0.1250000000
56752  41.558  -7.492  25.818 0.5000000000
108531  39.936  -7.576  26.702 0.6250000000
56745  39.160  -7.620  26.403 0.6250000000
56751  42.551  -7.363  25.515 0.3750000000
56744  40.704  -7.537  26.200 0.6250000000
108700  38.262  -7.690  26.196 0.6250000000
108530  39.040  -7.612  25.537 0.6250000000
63033  47.511  -1.243  17.771 0.2500000000
60258  45.932  -2.851  28.519 0.1250000000
108701  38.603  -7.752  26.907 0.5000000000
56722  38.547  -7.982  27.577 0.3750000000
108896  37.856  -7.961  27.072 0.3750000000
108372  47.029  -0.968  17.145 0.2500000000
63039  47.430  -0.448  16.647 0.2500000000
55803  37.934  -8.267  27.783 0.2500000000
56734  39.240  -7.700  27.222 0.3750000000
121424  47.496  2.985  11.437 0.6250000000
66561  48.103  3.459  11.255 0.5000000000
66566  48.367  3.801  11.221 0.5000000000
51210  23.768  -13.472  51.604 0.1250000000
52024  23.942  -12.204  51.644 0.1250000000
41330  9.925  -24.779  42.331 0.3750000000
112959  12.969  -24.590  41.059 0.3750000000
123751  29.772  -17.051  44.200 0.2500000000
126405  31.509  -15.914  45.988 0.2500000000
50659  30.119  -14.339  20.302 0.2500000000
54159  33.182  -10.837  16.030 0.2500000000
111312  33.315  -9.920  15.947 0.3750000000
108067  33.995  -17.964  32.201 0.1250000000
52374  30.114  -12.376  18.329 0.3750000000
62045  48.256  -1.730  26.241 0.1250000000
62085  48.341  -1.698  22.698 0.1250000000
62094  47.095  -1.531  21.715 0.2500000000
45795  32.368  -19.029  34.852 0.5000000000
43145  5.900  -22.219  45.735 0.2500000000
46633  20.947  -18.104  47.934 0.1250000000
42204  14.747  -23.988  43.864 0.2500000000
41277  14.132  -24.274  43.282 0.3750000000
46678  22.010  -18.410  43.570 0.2500000000
44862  16.317  -20.023  47.387 0.1250000000
43129  15.022  -22.147  46.300 0.1250000000
46657  22.707  -18.067  43.961 0.2500000000
46677  22.703  -18.057  43.171 0.2500000000
120588  22.640  -18.043  42.414 0.2500000000
122298  34.293  -14.839  46.435 0.2500000000
46831  32.295  -18.975  35.781 0.3750000000
107151  34.972  -16.661  45.844 0.1250000000
47726  23.985  -17.486  42.213 0.2500000000
45794  33.069  -18.969  34.496 0.2500000000
47725  24.639  -17.479  42.536 0.3750000000
110209  26.104  -17.492  43.944 0.2500000000
42174  14.244  -23.491  45.544 0.1250000000
122164  32.854  -16.806  47.160 0.2500000000
109663  33.204  -18.021  37.998 0.1250000000
44049  4.154  -21.091  45.704 0.2500000000
44037  5.059  -20.820  45.763 0.2500000000
43127  6.222  -21.598  45.819 0.2500000000
42172  6.967  -22.686  45.589 0.2500000000
45693  14.478  -20.259  46.786 0.1250000000
111657  11.503  -22.456  46.032 0.1250000000
44044  10.665  -22.361  46.128 0.1250000000
43124  9.786  -22.272  45.844 0.1250000000
46630  17.636  -18.410  48.023 0.1250000000
44029  14.609  -21.079  46.500 0.1250000000
42161  10.149  -22.675  45.753 0.1250000000
42169  9.985  -23.125  45.582 0.1250000000
43125  9.167  -22.109  45.796 0.1250000000
129194  8.144  -22.302  45.536 0.2500000000
44034  6.899  -21.378  45.863 0.2500000000
44033  7.831  -21.376  45.904 0.2500000000
44867  5.623  -20.951  45.661 0.2500000000
44035  6.126  -21.204  45.773 0.2500000000
45700  5.305  -19.993  45.408 0.2500000000
41242  10.853  -23.416  45.655 0.1250000000
113781  8.617  -22.701  45.449 0.2500000000
41244  9.722  -23.552  45.415 0.2500000000
42178  8.501  -23.225  45.342 0.3750000000
42179  7.713  -23.188  45.347 0.3750000000
107634  33.718  -14.769  46.909 0.2500000000
42176  12.775  -23.555  45.660 0.1250000000
41247  12.442  -24.034  45.473 0.1250000000
121312  12.539  -24.436  44.929 0.3750000000
41263  10.532  -24.345  44.879 0.3750000000
41262  11.142  -24.524  44.679 0.2500000000
41260  13.286  -24.415  44.612 0.2500000000
41279  12.030  -24.827  43.414 0.3750000000
41281  9.924  -24.654  43.849 0.3750000000
41282  9.245  -24.535  43.893 0.3750000000
47656  21.182  -17.224  49.420 0.1250000000
112480  12.780  -24.699  43.091 0.3750000000
129439  35.036  -9.980  46.878 0.1250000000
128460  12.878  -24.656  42.326 0.3750000000
107169  34.960  -13.011  46.486 0.1250000000
107149  35.072  -15.240  44.461 0.1250000000
52924  34.067  -11.049  47.172 0.1250000000
47655  22.045  -16.791  49.008 0.1250000000
52925  33.030  -11.250  48.041 0.1250000000
49599  32.970  -14.935  47.307 0.2500000000
52051  32.965  -11.937  48.008 0.1250000000
51232  32.730  -13.600  47.617 0.2500000000
47672  22.371  -17.366  47.481 0.1250000000
51233  32.168  -13.972  48.066 0.2500000000
53803  32.103  -10.159  48.027 0.1250000000
52043  31.760  -12.290  48.402 0.2500000000
122290  32.649  -16.336  47.273 0.2500000000
49601  31.092  -15.440  47.058 0.2500000000
122011  32.536  -16.438  47.314 0.2500000000
107509  31.109  -16.595  47.004 0.2500000000
49569  22.537  -14.853  50.300 0.1250000000
41329  12.538  -24.730  41.658 0.3750000000
116231  36.006  -6.607  46.611 0.1250000000
128056  34.301  -15.995  42.389 0.1250000000
56525  35.489  -6.836  46.912 0.1250000000
56517  34.666  -7.316  47.147 0.1250000000
115744  34.661  -9.480  47.126 0.1250000000
49583  22.719  -15.727  49.368 0.1250000000
49595  23.634  -15.588  48.903 0.1250000000
54713  33.287  -8.885  47.275 0.1250000000
130006  34.101  -6.168  47.318 0.1250000000
55596  33.944  -8.747  47.212 0.1250000000
54714  32.490  -9.467  47.476 0.1250000000
57466  32.315  -6.039  48.104 0.1250000000
55597  32.332  -9.035  47.823 0.1250000000
124190  32.080  -9.446  48.019 0.1250000000
56512  31.635  -7.606  48.361 0.1250000000
56511  32.253  -7.253  48.154 0.1250000000
46644  22.439  -18.040  45.324 0.1250000000
55591  31.502  -8.345  48.455 0.1250000000
108881  31.270  -10.801  48.413 0.1250000000
52917  31.450  -11.505  48.380 0.2500000000
49587  30.538  -14.924  48.536 0.2500000000
48664  31.174  -16.223  48.258 0.2500000000
118138  30.573  -12.999  48.529 0.1250000000
50405  30.267  -14.364  48.712 0.2500000000
48665  30.480  -16.071  48.635 0.2500000000
49588  29.719  -15.062  49.101 0.1250000000
45681  29.439  -17.438  48.332 0.2500000000
50393  24.620  -14.469  49.929 0.1250000000
49581  24.181  -15.264  48.935 0.1250000000
110756  33.667  -18.042  37.269 0.1250000000
49580  24.745  -15.343  48.734 0.1250000000
59232  33.422  -4.259  48.159 0.1250000000
124183  32.894  -5.362  47.889 0.1250000000
57467  31.838  -6.091  48.432 0.1250000000
59222  32.633  -4.197  48.390 0.1250000000
47680  23.398  -17.094  46.418 0.1250000000
58343  31.790  -4.860  48.430 0.1250000000
58334  31.207  -5.067  49.155 0.1250000000
124312  31.085  -8.378  48.920 0.1250000000
56505  30.525  -6.901  49.198 0.1250000000
55592  31.227  -8.985  48.579 0.1250000000
53805  30.784  -10.461  48.677 0.1250000000
51226  30.073  -13.615  48.861 0.1250000000
54711  30.714  -9.607  48.886 0.1250000000
52034  29.856  -12.095  48.676 0.1250000000
47669  28.678  -16.313  47.561 0.1250000000
48697  27.616  -16.723  46.178 0.1250000000
52031  24.642  -13.153  51.309 0.1250000000
52901  24.068  -11.249  51.591 0.1250000000
52900  25.056  -11.182  51.318 0.1250000000
52030  25.392  -12.927  51.100 0.1250000000
52908  25.553  -11.858  51.115 0.1250000000
54699  25.443  -9.493  51.345 0.1250000000
54698  26.061  -9.188  51.250 0.1250000000
52907  26.192  -11.581  50.732 0.1250000000
52029  26.032  -12.642  50.728 0.1250000000
50399  25.830  -14.590  49.952 0.1250000000
49593  25.256  -15.560  48.509 0.1250000000
54697  26.514  -8.926  51.142 0.1250000000
114101  27.223  -10.133  50.494 0.1250000000
49579  25.655  -15.305  48.808 0.1250000000
125885  24.325  -16.235  47.418 0.1250000000
60109  30.848  -3.285  49.705 0.1250000000
60941  31.219  -2.867  49.345 0.1250000000
59224  30.745  -3.984  49.830 0.1250000000
59223  31.319  -4.381  49.185 0.1250000000
115883  26.156  -15.659  48.400 0.2500000000
120891  27.316  -14.296  49.775 0.2500000000
52037  27.176  -13.270  50.157 0.1250000000
49592  25.929  -15.875  48.146 0.2500000000
48694  24.781  -16.394  46.619 0.1250000000
47670  23.868  -16.607  46.842 0.2500000000
57458  31.009  -5.974  49.281 0.1250000000
56506  29.752  -7.010  49.318 0.1250000000
59215  30.123  -4.606  50.100 0.1250000000
49591  27.293  -15.673  48.125 0.2500000000
49578  26.507  -15.347  48.702 0.2500000000
47689  24.621  -17.062  45.496 0.2500000000
47679  24.256  -16.821  46.165 0.2500000000
47700  23.383  -17.700  44.343 0.2500000000
55585  29.683  -8.101  49.294 0.1250000000
54705  29.939  -9.234  49.335 0.1250000000
53797  30.185  -10.163  49.025 0.1250000000
48679  27.928  -15.972  47.786 0.2500000000
47699  24.944  -17.263  44.697 0.2500000000
108141  24.295  -17.484  43.940 0.2500000000
49589  28.823  -15.229  49.244 0.1250000000
114574  29.268  -15.571  49.192 0.1250000000
52046  29.711  -12.893  49.032 0.1250000000
107178  28.028  -16.257  47.363 0.1250000000
47654  28.442  -17.225  49.078 0.1250000000
48692  26.764  -16.538  46.332 0.2500000000
119750  28.128  -8.719  50.351 0.1250000000
53794  28.068  -10.046  50.141 0.1250000000
52913  27.389  -11.958  50.193 0.1250000000
52906  26.880  -11.229  50.452 0.1250000000
55582  27.264  -8.681  50.838 0.1250000000
57460  29.208  -6.636  50.082 0.1250000000
56502  28.580  -7.082  50.267 0.1250000000
55586  29.268  -8.494  49.651 0.1250000000
53798  28.845  -10.095  49.620 0.1250000000
55580  28.483  -7.989  50.214 0.1250000000
52912  28.159  -11.566  49.773 0.1250000000
52036  28.473  -12.294  49.505 0.1250000000
50397  27.675  -14.500  49.427 0.2500000000
52911  28.941  -11.243  49.388 0.1250000000
52035  29.296  -12.188  49.163 0.1250000000
50407  28.368  -14.832  49.283 0.1250000000
49577  27.587  -15.444  48.656 0.2500000000
49590  28.125  -15.617  48.197 0.1250000000
107177  27.523  -16.140  47.499 0.2500000000
118101  28.395  -16.814  48.652 0.1250000000
49855  30.312  -15.207  20.570 0.1250000000
113867  47.959  -1.565  21.357 0.2500000000
56721  39.287  -7.941  28.140 0.3750000000
52902  23.137  -11.698  52.076 0.1250000000
52910  29.762  -11.558  48.978 0.1250000000
52038  26.337  -13.572  50.372 0.1250000000
66539  49.426  2.996  12.876 0.5000000000
65641  48.406  3.139  11.826 0.5000000000
65652  47.453  3.329  10.666 0.2500000000
67456  48.791  4.014  11.461 0.3750000000
66560  48.762  3.627  11.558 0.3750000000
45714  3.174  -19.680  44.890 0.1250000000
46653  2.849  -19.385  44.645 0.1250000000
45701  4.482  -20.089  45.305 0.1250000000
44875  5.822  -20.433  45.561 0.1250000000
46652  3.351  -19.262  44.688 0.1250000000
46667  2.856  -19.081  44.347 0.1250000000
46654  2.502  -19.375  44.467 0.1250000000
45712  4.779  -19.587  45.156 0.1250000000
111491  2.096  -19.122  43.307 0.1250000000
45729  2.093  -19.556  44.054 0.1250000000
45699  6.508  -20.310  45.676 0.1250000000
45755  1.598  -19.956  43.019 0.1250000000
46651  4.170  -19.239  44.763 0.1250000000
114372  7.222  -20.830  45.914 0.1250000000
40603  13.491  -25.740  31.551 0.1250000000
39714  12.866  -26.092  32.029 0.2500000000
43404  29.485  -23.289  24.738 0.1250000000
116612  30.472  -23.751  26.662 0.1250000000
43403  30.511  -23.226  24.755 0.1250000000
43418  31.223  -22.896  24.443 0.1250000000
43417  32.043  -22.678  24.836 0.1250000000
107096  30.942  -19.774  21.123 0.3750000000
47006  30.664  -18.814  21.128 0.3750000000
47020  31.165  -18.591  20.563 0.3750000000
112615  30.484  -17.975  21.510 0.3750000000
45991  32.119  -19.642  20.974 0.1250000000
48973  30.348  -17.137  21.424 0.3750000000
47005  32.418  -18.876  20.656 0.1250000000
48057  31.167  -17.781  20.289 0.3750000000
47018  32.631  -18.030  20.370 0.1250000000
47019  31.834  -18.341  20.247 0.1250000000
48056  31.970  -17.502  20.065 0.1250000000
116008  30.197  -16.249  21.066 0.3750000000
129349  30.136  -15.787  20.856 0.3750000000
126048  30.318  -13.475  19.394 0.1250000000
51478  30.503  -13.179  18.736 0.1250000000
53966  36.344  -10.405  34.753 0.1250000000
54869  37.853  -9.651  34.769 0.1250000000
53980  36.235  -10.139  33.812 0.1250000000
54868  38.631  -9.319  34.575 0.1250000000
55739  40.113  -8.786  34.075 0.1250000000
55757  39.266  -8.995  31.179 0.1250000000
55779  38.763  -8.821  29.809 0.1250000000
55790  38.381  -8.334  28.335 0.2500000000
55789  38.955  -8.415  29.004 0.1250000000
108534  39.989  -7.640  27.528 0.2500000000
60413  39.625  -3.396  12.172 0.1250000000
60403  38.153  -3.478  13.076 0.1250000000
115648  48.124  5.421  6.492 0.1250000000
68358  47.668  5.396  7.365 0.1250000000
108812  48.140  6.036  6.761 0.1250000000
69214  47.960  6.322  7.323 0.1250000000
69219  48.757  6.277  6.170 0.1250000000
67461  47.715  4.113  10.205 0.1250000000
67460  48.189  4.050  11.035 0.1250000000
68347  47.535  4.719  9.433 0.1250000000
66571  47.347  3.559  9.841 0.1250000000
69208  47.562  5.893  8.097 0.1250000000
70051  47.841  7.550  9.217 0.1250000000
69207  47.868  6.687  7.883 0.1250000000
112900  48.552  6.598  6.786 0.1250000000
69218  49.275  7.098  6.521 0.1250000000
70060  48.679  7.135  7.315 0.1250000000
69198  49.425  5.297  12.239 0.2500000000
68338  49.163  4.451  11.824 0.2500000000
70045  48.352  7.254  11.886 0.1250000000
69199  48.661  5.870  11.815 0.1250000000
118058  47.929  6.425  11.190 0.1250000000
68342  47.659  4.813  10.135 0.1250000000
66567  47.821  3.740  10.766 0.1250000000
65660  46.984  3.133  9.985 0.1250000000
70052  47.506  6.486  9.665 0.1250000000
68334  49.783  4.585  12.247 0.1250000000
67447  50.358  4.623  12.703 0.1250000000
66559  49.407  3.944  11.915 0.2500000000
66547  49.147  3.322  12.097 0.2500000000
70872  49.011  8.351  12.919 0.1250000000
126598  48.892  7.531  12.576 0.1250000000
70044  49.152  6.493  12.468 0.1250000000
70873  48.545  8.393  12.182 0.1250000000
70880  47.894  7.981  10.021 0.1250000000
70876  49.219  9.215  10.329 0.1250000000
70883  48.908  8.137  8.565 0.1250000000
70054  49.334  7.854  7.771 0.1250000000
69191  50.775  5.701  13.357 0.1250000000
66538  50.057  3.307  13.194 0.3750000000
69192  50.014  6.040  12.906 0.1250000000
69197  50.222  5.199  12.709 0.1250000000
67448  49.985  4.179  12.341 0.2500000000
70040  49.618  7.233  13.211 0.1250000000
70870  49.606  8.358  13.627 0.1250000000
72595  50.152  10.545  11.940 0.1250000000
72596  49.352  10.067  11.983 0.1250000000
72600  49.878  10.003  11.242 0.1250000000
71749  49.123  9.609  11.498 0.1250000000
71746  48.611  9.090  11.694 0.1250000000
72598  51.812  10.474  10.310 0.1250000000
71748  50.448  9.772  10.379 0.1250000000
113363  49.572  9.554  10.736 0.1250000000
71750  48.798  9.206  10.980 0.1250000000
72603  51.336  10.012  9.906 0.1250000000
71754  50.281  9.168  9.210 0.1250000000
115798  49.990  9.363  9.986 0.1250000000
70039  50.325  7.557  13.998 0.1250000000
72582  50.029  10.512  13.879 0.1250000000
71742  49.697  9.417  13.787 0.1250000000
73351  51.502  11.821  12.874 0.1250000000
72593  49.420  10.152  12.880 0.1250000000
71743  49.191  9.190  13.162 0.1250000000
73355  52.337  10.931  10.770 0.1250000000
73356  51.327  10.752  11.318 0.1250000000
72599  50.842  10.259  10.832 0.1250000000
119762  50.123  10.817  12.898 0.1250000000
73352  50.874  11.142  12.373 0.1250000000
113093  51.852  11.308  11.779 0.1250000000
73358  53.129  11.340  10.449 0.1250000000
53097  33.867  -11.412  33.128 0.1250000000
53979  37.206  -9.849  34.108 0.1250000000
39731  14.199  -26.330  31.179 0.2500000000
45716  2.224  -19.861  44.639 0.1250000000
114353  31.556  -22.508  24.086 0.1250000000
45742  1.808  -19.577  43.354 0.1250000000
45715  2.651  -19.724  44.772 0.1250000000
66546  49.814  3.608  12.450 0.2500000000
46687  2.480  -19.044  43.947 0.1250000000
42511  30.117  -23.501  25.672 0.1250000000
127991  30.763  -23.395  25.420 0.1250000000
42512  29.031  -23.423  25.654 0.1250000000
43387  31.829  -23.388  26.118 0.1250000000
43402  31.388  -23.206  25.292 0.1250000000
45992  31.341  -19.377  20.848 0.2500000000
48045  30.717  -17.938  20.854 0.3750000000
48984  30.665  -17.091  20.661 0.3750000000
48983  31.282  -16.955  20.209 0.3750000000
53967  35.421  -10.837  34.517 0.1250000000
67491  48.713  5.380  5.727 0.1250000000
68339  48.574  4.425  11.374 0.1250000000
68341  47.988  4.581  10.790 0.1250000000
69203  47.697  5.657  10.482 0.1250000000
70056  47.573  6.491  8.754 0.1250000000
70055  48.265  7.409  8.177 0.1250000000
69201  48.844  4.947  11.719 0.1250000000
110203  48.284  5.245  11.245 0.1250000000
70047  47.818  7.724  10.914 0.1250000000
70050  47.614  7.012  10.273 0.1250000000
69204  47.495  5.554  9.581 0.1250000000
70874  48.238  8.494  11.376 0.1250000000
70877  48.459  8.704  10.346 0.1250000000
70879  49.357  8.977  9.677 0.1250000000
125001  48.615  8.399  9.436 0.1250000000
112982  49.640  8.675  8.917 0.1250000000
115641  50.601  6.588  13.649 0.1250000000
71745  48.876  9.380  12.349 0.1250000000
72602  51.868  10.490  9.590 0.1250000000
36882  5.789  -30.062  41.919 0.2500000000
36894  5.697  -29.506  41.277 0.2500000000
36883  5.267  -29.303  41.945 0.2500000000
37846  9.613  -28.301  35.633 0.1250000000
38756  10.378  -27.108  34.516 0.1250000000
39715  12.307  -26.400  32.568 0.1250000000
107603  31.378  -20.414  21.401 0.2500000000
122103  33.574  -21.253  24.344 0.1250000000
122351  32.449  -21.187  22.736 0.1250000000
108915  30.668  -16.170  20.522 0.1250000000
52384  31.249  -12.448  17.416 0.1250000000
53284  34.734  -11.272  15.387 0.1250000000
52406  34.301  -11.984  15.849 0.1250000000
53285  33.896  -11.060  15.593 0.1250000000
115840  33.709  -10.203  15.568 0.1250000000
109383  48.661  -1.658  21.923 0.1250000000
62105  48.885  -1.566  20.979 0.1250000000
62136  47.900  -1.371  18.456 0.1250000000
63032  48.764  -1.189  18.351 0.1250000000
112564  48.267  -1.100  17.700 0.1250000000
122086  33.174  -21.747  24.658 0.1250000000
107845  32.878  -21.530  23.970 0.1250000000
122296  32.061  -20.888  21.922 0.2500000000
36020  4.743  -30.815  47.282 0.1250000000
36021  3.999  -30.646  47.119 0.1250000000
36022  3.443  -30.441  46.765 0.1250000000
36024  4.342  -30.147  46.978 0.1250000000
36861  3.525  -29.844  46.747 0.1250000000
36864  4.100  -29.560  46.698 0.1250000000
124935  5.459  -30.223  44.958 0.1250000000
36868  5.044  -29.678  45.440 0.1250000000
36030  5.678  -30.531  44.247 0.1250000000
36872  5.175  -29.736  44.373 0.1250000000
36038  5.516  -30.169  43.480 0.1250000000
128592  4.726  -29.084  44.140 0.1250000000
36876  5.038  -29.396  43.450 0.1250000000
37747  4.535  -28.590  43.498 0.1250000000
116793  5.925  -30.560  42.701 0.1250000000
36044  5.383  -29.765  42.671 0.1250000000
37737  4.926  -28.995  42.683 0.1250000000
43373  26.025  -22.182  27.801 0.1250000000
43372  26.707  -22.644  27.534 0.1250000000
107092  31.566  -19.968  21.144 0.1250000000
57785  38.055  -6.794  14.146 0.1250000000
57786  37.356  -5.958  14.076 0.1250000000
58672  37.913  -5.150  13.656 0.1250000000
114984  37.040  -4.967  14.035 0.1250000000
59573  37.468  -4.073  13.673 0.1250000000
61291  41.180  -2.303  10.943 0.1250000000
36873  4.656  -29.108  45.004 0.1250000000
61304  41.778  -1.709  10.575 0.1250000000
36060  6.636  -30.217  40.440 0.1250000000
40623  18.203  -25.381  29.999 0.1250000000
58655  36.576  -5.587  14.211 0.1250000000
121565  3.350  -31.010  46.717 0.1250000000
36863  4.759  -29.832  46.381 0.1250000000
36054  6.214  -30.210  41.172 0.1250000000
45092  32.750  -20.379  22.000 0.1250000000
57796  38.451  -6.007  13.919 0.1250000000
38681  6.081  -27.617  39.525 0.7500000000
43227  15.951  -23.131  36.824 0.7500000000
44106  18.162  -21.340  38.871 0.5000000000
44894  19.322  -20.255  44.134 0.2500000000
44913  19.442  -20.244  42.334 0.3750000000
44947  18.609  -20.731  36.446 0.6250000000
45101  32.089  -20.289  21.449 0.1250000000
45680  30.138  -17.470  48.658 0.2500000000
45682  29.639  -17.409  48.678 0.1250000000
45683  29.140  -18.250  49.015 0.1250000000
45684  28.903  -18.119  49.140 0.1250000000
45759  20.647  -19.282  41.535 0.3750000000
45825  33.820  -18.282  32.677 0.5000000000
46006  31.752  -19.008  20.594 0.2500000000
46619  31.214  -17.215  48.222 0.2500000000
46620  30.051  -17.240  49.041 0.2500000000
46622  29.141  -17.963  49.159 0.1250000000
46623  18.795  -17.787  48.648 0.1250000000
46625  28.764  -17.398  48.000 0.2500000000
46626  29.043  -18.026  49.142 0.1250000000
46694  29.705  -17.958  42.536 0.6250000000
46696  22.501  -18.045  41.658 0.2500000000
46697  21.951  -18.401  42.212 0.3750000000
46709  32.985  -17.736  40.652 0.2500000000
46731  33.102  -17.795  40.118 0.2500000000
46732  32.558  -18.033  40.278 0.2500000000
46734  30.941  -18.405  40.749 0.6250000000
46737  27.817  -18.031  41.129 0.7500000000
46755  32.031  -18.300  39.752 0.2500000000
46759  27.969  -18.069  39.703 0.6250000000
46761  21.794  -18.296  39.966 0.3750000000
46796  32.991  -18.390  37.263 0.1250000000
46860  27.887  -17.892  33.472 1.0000000000
46892  28.541  -18.713  30.511 1.0000000000
46907  19.732  -18.718  29.372 0.8750000000
47647  21.147  -16.304  50.823 0.1250000000
47648  21.034  -16.266  50.998 0.1250000000
47649  31.750  -16.653  47.880 0.2500000000
47650  31.070  -16.793  48.306 0.2500000000
47651  30.124  -16.758  48.811 0.2500000000
47652  29.349  -16.675  49.145 0.1250000000
47661  28.479  -17.718  49.089 0.1250000000
47663  22.215  -17.131  48.230 0.1250000000
47685  28.820  -16.978  45.289 0.2500000000
47687  26.427  -17.046  45.094 0.2500000000
47688  25.541  -17.027  45.310 0.2500000000
47690  23.719  -17.216  45.692 0.2500000000
47709  28.881  -17.495  43.801 0.6250000000
47713  25.845  -17.540  43.298 0.5000000000
47723  26.483  -17.648  42.755 0.3750000000
47738  26.451  -17.624  41.802 0.7500000000
47752  26.962  -17.753  40.995 0.8750000000
47756  23.196  -17.436  39.914 0.7500000000
47789  24.277  -17.091  38.865 0.8750000000
47791  22.916  -17.440  38.265 0.8750000000
47805  27.010  -17.294  37.582 0.8750000000
47828  22.547  -17.571  36.692 0.8750000000
47875  23.462  -16.929  34.418 1.0000000000
47894  25.929  -16.813  34.055 0.8750000000
47985  25.474  -16.896  26.118 1.0000000000
48655  21.424  -15.887  50.793 0.1250000000
48658  21.265  -16.291  50.710 0.1250000000
48660  21.975  -16.078  49.953 0.1250000000
48661  21.165  -16.661  50.548 0.1250000000
48666  29.684  -16.085  49.114 0.1250000000
48667  29.013  -16.220  49.231 0.1250000000
48669  28.166  -15.922  47.934 0.1250000000
48672  22.317  -16.233  49.382 0.1250000000
48678  28.448  -16.258  47.987 0.1250000000
48681  25.747  -16.032  47.775 0.2500000000
48682  24.543  -15.875  48.215 0.1250000000
48684  22.940  -16.290  48.774 0.1250000000
48693  25.789  -16.370  46.465 0.2500000000
48844  22.280  -17.086  31.766 1.0000000000
48857  34.267  -16.166  32.070 0.1250000000
48875  23.761  -16.425  29.767 0.8750000000
48890  22.453  -16.579  29.590 0.8750000000
49582  23.322  -15.280  49.298 0.1250000000
50394  23.375  -14.556  50.014 0.1250000000
50398  26.956  -14.910  49.187 0.2500000000
50400  24.746  -14.956  49.207 0.1250000000
50403  31.648  -14.292  48.172 0.2500000000
50404  31.060  -14.318  48.391 0.2500000000
50411  33.240  -14.135  47.235 0.2500000000
50412  32.494  -14.398  47.559 0.2500000000
51214  25.792  -13.812  50.566 0.1250000000
51223  32.174  -13.117  48.190 0.1250000000
51225  30.844  -13.674  48.475 0.2500000000
51227  29.191  -13.853  49.273 0.1250000000
51228  28.369  -13.974  49.455 0.1250000000
51435  28.623  -13.244  21.239 0.7500000000
52023  24.852  -12.074  51.313 0.1250000000
52028  26.611  -12.339  50.417 0.1250000000
52045  30.142  -12.402  48.564 0.1250000000
52055  34.662  -12.294  46.751 0.1250000000
52365  29.143  -12.269  19.423 0.5000000000
52905  27.679  -10.871  50.164 0.1250000000
52918  30.796  -11.306  48.592 0.1250000000
53220  28.703  -11.985  21.488 0.7500000000
53786  24.210  -10.178  51.589 0.1250000000
53789  26.585  -9.823  50.948 0.1250000000
53790  25.999  -10.067  51.129 0.1250000000
53791  25.232  -10.350  51.301 0.1250000000
53792  24.465  -10.665  51.435 0.1250000000
53804  31.941  -10.867  48.279 0.2500000000
53806  30.176  -11.058  48.796 0.1250000000
53807  34.191  -9.995  47.121 0.1250000000
53808  32.923  -11.029  47.966 0.1250000000
54701  28.469  -9.326  50.083 0.1250000000
54703  27.074  -9.420  50.765 0.1250000000
54706  29.196  -9.271  49.679 0.1250000000
54710  31.491  -9.886  48.375 0.2500000000
54712  34.254  -8.921  47.202 0.1250000000
54717  35.193  -8.929  46.883 0.1250000000
54982  30.577  -9.645  21.473 1.0000000000
55601  35.232  -7.882  46.975 0.1250000000
56507  29.089  -7.487  50.083 0.1250000000
56513  31.086  -7.726  49.166 0.1250000000
56804  40.092  -7.312  21.899 1.0000000000
57459  29.780  -6.030  49.318 0.1250000000
57472  34.895  -6.362  47.170 0.1250000000
57473  34.157  -5.950  47.310 0.1250000000
57474  33.381  -5.636  47.382 0.1250000000
61240  37.003  -2.811  16.717 0.6250000000
61783  31.091  -2.226  49.346 0.1250000000
65611  49.416  2.540  14.359 0.2500000000
73350  52.332  11.762  12.131 0.1250000000
107131  33.623  -18.896  30.885 0.7500000000
107139  30.405  -17.601  48.304 0.2500000000
107140  30.546  -17.378  48.432 0.2500000000
107141  31.088  -17.814  47.985 0.2500000000
107142  35.230  -16.212  45.682 0.1250000000
107147  29.816  -16.652  47.450 0.2500000000
107153  34.859  -14.473  46.234 0.2500000000
107161  34.525  -16.653  39.726 0.1250000000
107162  33.831  -17.389  39.619 0.1250000000
107535  32.131  -16.675  47.475 0.2500000000
107623  30.943  -15.774  46.864 0.2500000000
107635  36.087  -13.608  45.756 0.1250000000
107687  32.213  -16.029  46.165 0.2500000000
107693  28.433  -16.729  46.148 0.3750000000
107733  29.691  -16.628  45.208 0.6250000000
107762  31.055  -17.535  48.259 0.2500000000
107878  28.898  -16.881  48.113 0.1250000000
107914  34.190  -16.670  32.229 0.2500000000
107993  29.243  -16.435  47.394 0.2500000000
108193  24.787  -16.868  37.022 1.0000000000
108363  37.961  -7.700  24.859 0.7500000000
108782  24.948  -17.489  43.193 0.3750000000
109601  24.920  -16.023  47.825 0.1250000000
109706  30.146  -18.418  40.970 0.7500000000
111194  33.812  -17.637  38.095 0.1250000000
111428  20.530  -18.611  32.661 1.0000000000
111741  32.906  -18.965  35.225 0.2500000000
112713  30.069  -3.876  50.027 0.1250000000
113932  29.338  -18.476  40.215 0.7500000000
114412  33.999  -6.927  47.285 0.1250000000
115408  28.366  -15.687  49.117 0.1250000000
115647  29.095  -12.140  22.790 1.0000000000
116705  26.052  -14.954  49.215 0.1250000000
118114  29.472  -10.624  49.204 0.1250000000
119006  24.017  -17.366  44.883 0.2500000000
119396  38.867  -9.279  33.927 0.2500000000
119749  30.664  -8.960  49.083 0.1250000000
121061  32.887  -9.867  47.341 0.1250000000
121118  26.612  -17.514  40.119 1.0000000000
121126  17.155  -22.156  39.378 0.3750000000
121226  27.892  -12.518  49.955 0.1250000000
121721  20.106  -19.667  40.323 0.3750000000
122066  33.362  -15.356  47.081 0.2500000000
122109  30.914  -16.129  45.831 0.2500000000
122152  33.458  -17.138  45.812 0.3750000000
122165  31.477  -16.706  47.356 0.2500000000
122169  31.312  -15.733  46.730 0.2500000000
122299  33.472  -16.673  46.568 0.2500000000
122305  36.348  -15.059  45.323 0.1250000000
122306  35.534  -14.071  46.017 0.1250000000
122348  27.412  -16.443  46.920 0.1250000000
122349  28.157  -16.466  46.878 0.1250000000
122365  30.868  -16.075  46.827 0.2500000000
122366  32.708  -15.616  47.300 0.2500000000
122567  8.147  -21.747  45.787 0.2500000000
122585  32.236  -5.482  48.266 0.1250000000
122642  30.667  -4.609  49.474 0.1250000000
123007  32.323  -10.689  48.009 0.1250000000
123246  27.170  -17.095  44.909 0.1250000000
123407  35.060  -8.277  26.285 0.7500000000
124559  45.061  -5.621  27.153 0.1250000000
124965  25.435  -17.032  29.105 0.8750000000
125161  20.843  -19.137  44.531 0.2500000000
125540  24.796  -17.329  41.191 0.6250000000
125565  26.161  -17.088  37.745 1.0000000000
125781  24.083  -14.376  50.055 0.1250000000
125865  25.121  -15.246  48.859 0.1250000000
125976  35.893  -15.308  45.462 0.1250000000
126920  21.748  -18.279  39.216 0.6250000000
127046  28.756  -17.813  49.210 0.1250000000
127353  29.948  -8.634  49.294 0.1250000000
128012  45.839  -0.288  16.305 0.6250000000
128703  32.825  -18.106  27.194 0.8750000000
128716  23.543  -16.568  47.440 0.1250000000
129042  21.191  -17.724  48.346 0.1250000000
129740  29.279  -11.604  22.797 1.0000000000
129818  42.092  0.489  10.471 0.6250000000
130259  14.907  -23.722  40.474 0.5000000000
130274  30.132  -12.937  48.612 0.1250000000
130304  34.274  -18.210  35.231 0.1250000000
