global_signal	global_signal_derivative1	global_signal_derivative1_power2	global_signal_power2	csf	csf_derivative1	csf_power2	csf_derivative1_power2	white_matter	white_matter_derivative1	white_matter_derivative1_power2	white_matter_power2	csf_wm	tcompcor	std_dvars	dvars	framewise_displacement	rmsd	t_comp_cor_00	t_comp_cor_01	t_comp_cor_02	t_comp_cor_03	c_comp_cor_00	c_comp_cor_01	c_comp_cor_02	c_comp_cor_03	w_comp_cor_00	w_comp_cor_01	w_comp_cor_02	w_comp_cor_03	w_comp_cor_04	w_comp_cor_05	w_comp_cor_06	w_comp_cor_07	w_comp_cor_08	w_comp_cor_09	w_comp_cor_10	w_comp_cor_11	w_comp_cor_12	w_comp_cor_13	w_comp_cor_14	w_comp_cor_15	w_comp_cor_16	w_comp_cor_17	w_comp_cor_18	w_comp_cor_19	w_comp_cor_20	w_comp_cor_21	w_comp_cor_22	w_comp_cor_23	w_comp_cor_24	w_comp_cor_25	w_comp_cor_26	w_comp_cor_27	w_comp_cor_28	w_comp_cor_29	w_comp_cor_30	w_comp_cor_31	w_comp_cor_32	w_comp_cor_33	w_comp_cor_34	w_comp_cor_35	w_comp_cor_36	w_comp_cor_37	w_comp_cor_38	w_comp_cor_39	w_comp_cor_40	w_comp_cor_41	w_comp_cor_42	w_comp_cor_43	a_comp_cor_00	a_comp_cor_01	a_comp_cor_02	a_comp_cor_03	a_comp_cor_04	a_comp_cor_05	a_comp_cor_06	a_comp_cor_07	a_comp_cor_08	a_comp_cor_09	a_comp_cor_10	a_comp_cor_11	a_comp_cor_12	a_comp_cor_13	a_comp_cor_14	a_comp_cor_15	a_comp_cor_16	a_comp_cor_17	a_comp_cor_18	a_comp_cor_19	a_comp_cor_20	a_comp_cor_21	a_comp_cor_22	a_comp_cor_23	a_comp_cor_24	a_comp_cor_25	a_comp_cor_26	a_comp_cor_27	a_comp_cor_28	a_comp_cor_29	a_comp_cor_30	a_comp_cor_31	a_comp_cor_32	a_comp_cor_33	edge_comp_00	edge_comp_01	edge_comp_02	edge_comp_03	edge_comp_04	edge_comp_05	edge_comp_06	edge_comp_07	edge_comp_08	edge_comp_09	edge_comp_10	edge_comp_11	edge_comp_12	edge_comp_13	edge_comp_14	edge_comp_15	edge_comp_16	edge_comp_17	edge_comp_18	edge_comp_19	edge_comp_20	edge_comp_21	edge_comp_22	edge_comp_23	cosine00	cosine01	cosine02	cosine03	cosine04	trans_x	trans_x_derivative1	trans_x_derivative1_power2	trans_x_power2	trans_y	trans_y_derivative1	trans_y_derivative1_power2	trans_y_power2	trans_z	trans_z_derivative1	trans_z_derivative1_power2	trans_z_power2	rot_x	rot_x_derivative1	rot_x_derivative1_power2	rot_x_power2	rot_y	rot_y_derivative1	rot_y_derivative1_power2	rot_y_power2	rot_z	rot_z_derivative1	rot_z_derivative1_power2	rot_z_power2	motion_outlier00	motion_outlier01	motion_outlier02	motion_outlier03	motion_outlier04	motion_outlier05	motion_outlier06	motion_outlier07	motion_outlier08	motion_outlier09	motion_outlier10	motion_outlier11	motion_outlier12	motion_outlier13	motion_outlier14	motion_outlier15	motion_outlier16
976.0411097291231	n/a	n/a	952656.2478812584	1653.013291258423	n/a	2732452.941077004	n/a	927.5406157399538	n/a	n/a	860331.5938472525	1019.135921819418	833.7120619884397	n/a	n/a	n/a	n/a	-0.0349602147	-0.0205303467	0.0045629123	0.0824082918	-0.007504686	-0.0412641098	-0.0071730809	0.0213944273	-0.0581632455	0.0646018082	0.0459045575	-0.0103677411	0.1306503716	-0.0609626684	-0.0022625653	0.043087891	-0.1657846034	0.0316620784	-0.2584358377	0.0085225532	-0.1343239698	0.1395924436	-0.089585571	0.0775256352	-0.0485113137	-0.0245162576	0.034792566	-0.0106830581	0.0056657861	-0.2329803358	0.0017113792	-0.1449682958	0.1801363804	-0.0939646858	0.0633938245	-0.0354278493	0.0870787287	-0.0912477094	0.0751104165	-0.0688150616	0.0837376131	-0.0634762249	-0.0454799713	0.0181321283	0.1148464291	-0.0271736228	-0.0220617894	-0.0227038905	0.072590152	-0.1343446432	0.0609093734	0.0376663238	-0.0523154341	0.0087277407	0.0348434806	-0.0721217241	0.0038426174	-0.0152668429	0.122356667	-0.0122532638	-0.0030343131	0.0370787882	-0.1341490194	0.0661424847	-0.0280676605	0.052833892	-0.2834351289	0.0130574531	-0.0473323545	0.1370120557	-0.0227560762	0.0683978477	0.024382797	-0.0589849208	0.1440669748	-0.1630817085	0.0212366357	-0.0163501394	0.0249057161	-0.0081402897	0.1310861202	-0.1135495312	0.0230311386	-0.0308818326	0.0271809023	-0.1726270869	-0.0184447592	-0.0121107616	0.084497991	-0.0639595689	0.014673699	-0.068077888	0.0776863969	-0.0399977699	0.0180616314	-0.0251631154	-0.0493192649	0.0183270921	-0.0384477032	0.0059537912	-0.0655316126	0.032731103	-0.0058160376	0.0498376748	-0.041149193	0.0886960875	-0.0670992465	0.0342631421	-0.0192410536	0.0033967098	0.1111058879	0.1110902189	0.1110641056	0.1110275503	0.1109805565	0.0120082092374786	n/a	n/a	0.000144197089091	-0.0103649192749628	n/a	n/a	0.0001074315515764	-0.0273070946831595	n/a	n/a	0.000745677420035	0.0048063190066112	n/a	n/a	2.3100702393312074e-05	0.000786721378035	n/a	n/a	6.189305266572894e-07	0.0005061130864364	n/a	n/a	2.561504562621789e-07	0.0	0.0	0.0	0.0	0.0	0.0	0.0	0.0	0.0	0.0	0.0	0.0	0.0	0.0	0.0	0.0	0.0
975.8336693217992	-0.2074404073239293	0.0430315225907177	952251.3501820464	1660.148792221391	7.135500962968081	2756094.012314143	50.91537399251841	927.2833358394272	-0.2572799005265551	0.0661929472149541	859854.384925496	1020.2858907181076	836.0300034497974	0.907523	22.040514	0.1208145495201283	0.0739972705315539	-0.0629288133	-0.0176701168	-0.0161918902	0.0818830059	0.010094712	-0.0769407646	-0.0160054006	0.0029828777	-0.0786607907	0.0701145798	0.0374082298	0.008256	0.1352171723	-0.1019512841	-0.0212432401	-0.0010108096	-0.2154248096	0.0454590713	-0.1280853826	0.0138177328	-0.2123957522	0.0785791486	-0.0393961618	-0.1027920126	-0.0932653905	0.0176098233	-0.0045194606	-0.0229602107	0.0602823759	-0.1227827902	0.0972831701	0.0753917874	0.0355530652	-0.0700274438	0.0389441597	0.0055598707	0.0411930546	-0.0428213933	0.1269308009	0.0624050574	0.1101699675	-0.1313203382	-0.0416641974	0.0024603576	-0.0056726745	-0.0466266008	-0.0353011135	0.0252659299	0.158072805	0.0767876607	0.0027772022	0.0215617361	-0.0749208666	0.0164627782	0.0467513162	-0.0726153834	-0.0377766854	-0.0015868227	0.1351250155	-0.0345753287	0.0255764686	0.0846331281	-0.1229451712	0.0885450288	-0.0275934007	0.0528112218	-0.2229681595	0.0631661496	-0.0813542933	0.1071524828	0.0025380291	0.0231394817	0.1427800006	0.0222736779	0.190123738	0.0036592515	0.0381879287	-0.0258605349	0.0911104213	-0.0918519949	0.0834541264	-0.0319105224	0.1584079199	0.052287392	-0.0340533186	-0.0476805103	-0.0213153335	-0.0019703725	0.1096654053	-0.0677616017	0.0148546541	-0.0675622907	0.0952324672	-0.0507511389	0.0135726945	-0.0716998802	-0.0558200816	0.0307696381	-0.0665785015	-0.0058342711	-0.0703537257	0.0221843859	-0.0185341123	0.0929096374	-0.0228092803	0.1402586526	0.0420508536	0.0852594749	0.0468090452	-0.0306568852	0.1110641056	0.1109231287	0.1106882998	0.1103598175	0.1099379598	0.0106418617316847	-0.0013663475057939	1.866905506589212e-06	0.0001132492211162	-0.0069534614717383	0.0034114578032244	1.163804434318133e-05	4.835062643894896e-05	-0.0846275174148445	-0.057320422731685	0.003285630862139	0.0071618167037998	0.0054441142358111	0.0006377952291998	4.067827543901524e-07	2.9638379812561075e-05	0.0008501724599587	6.345108192369999e-05	4.026039797288087e-09	7.227932116722273e-07	0.0009791932049013	0.0004730801184649	2.238047984867639e-07	9.588193325248795e-07	0.0	0.0	0.0	0.0	0.0	0.0	0.0	0.0	0.0	0.0	0.0	0.0	0.0	0.0	0.0	0.0	0.0
974.7703778514436	-1.0632914703555798	1.130588750930931	950177.2895366462	1655.8746944745674	-4.2740977468236	2741921.003801242	18.267911549402573	926.6873909695624	-0.595944869864752	0.3551502879181162	858749.5205819746	1019.0691994737142	829.2522042396245	0.840376	20.409742	0.1087713977480474	0.0522112164774478	-0.0511107919	-0.0233764835	-0.0397671291	0.1119299724	-0.0038521234	-0.0623064096	0.0506818046	0.0377960399	-0.0601817418	0.0690810463	0.0610933264	-0.0067954415	0.1315864767	-0.0807092165	-0.0113948585	0.0313865091	-0.1272031591	-0.0060836065	-0.1472552797	-0.0490437015	-0.0931956489	0.0799166004	0.0366448945	0.0156445499	-0.0263527967	0.087317532	0.1006076396	0.0429339713	-0.0278583161	-0.1195154415	-0.0171034212	-0.060736714	-0.0626977635	0.1188387254	-0.008328705	0.1817520216	-0.0216598331	-0.0698022854	0.0765247375	-0.1407591596	-0.0739681111	0.1655629087	-0.0608877329	-0.002742712	-0.0729119447	-0.1425320285	-0.0281043549	0.1394369369	-0.0338848536	0.047843489	-0.1026623111	-0.0598086671	-0.0605129383	0.0092485719	0.0289832469	-0.0927104817	-0.0113086512	-0.0033728849	0.1436923349	-0.055781067	-0.0044456349	0.0378266752	-0.073497007	0.0528868479	0.0063842887	0.0553427721	-0.1848458137	0.0530325149	-0.0567056263	0.0574107866	-0.0681081982	0.0639555728	0.0113702099	0.0497504337	0.0558550675	-0.0686338222	-0.0146354752	-0.0548292976	0.1101800945	0.171101091	-0.0370756979	0.006217143	0.1549939227	-0.0342719528	-0.043044984	0.1105331546	-0.0218958248	-0.0088574845	0.0959676201	-0.065361629	0.0283755263	-0.0514614648	0.0633671468	-0.0728498178	-0.0078397834	-0.0455280359	-0.0082616713	0.0058613826	-0.0327389057	0.0341779566	-0.0474803286	0.0237281061	-0.0108520955	0.0983472772	-0.0349360651	0.1141110892	-0.014190174	0.0482691313	0.0733549721	-0.0397639026	0.1109805565	0.1105891995	0.1099379598	0.1090283678	0.1078625611	0.0094909897225221	-0.0011508720091626	1.3245063814739602e-06	9.007888591302012e-05	0.019218822724639	0.0261722841963773	0.0006849884600559	0.0003693631469211	-0.0540969757020519	0.0305305417127926	0.0009321139772765	0.0029264827801083	0.0049177961231215	-0.0005263181126895	2.770107557451419e-07	2.418471870858886e-05	0.0007050598987861	-0.0001451125611726	2.105765541007158e-08	4.971094608762655e-07	0.0006322698821692	-0.0003469233227321	1.203557918554809e-07	3.997652038982541e-07	0.0	0.0	0.0	0.0	0.0	0.0	0.0	0.0	0.0	0.0	0.0	0.0	0.0	0.0	0.0	0.0	0.0
975.1973307879294	0.4269529364858044	0.1822888099738513	951009.8339759024	1655.971108007387	0.0964135328197244	2742240.310555213	0.00929556931078	926.3085676702505	-0.3788232993119891	0.1435070921016208	858047.562539311	1018.468539408792	828.1075955075694	1.042637	25.321947	0.0609990198475987	0.0272745839552498	-0.0519281174	-0.0306494803	-0.0514723773	0.0820649759	-0.0075142398	-0.052135125	0.0871921623	0.0294784823	0.0186962227	-0.1102891091	0.0456140705	-0.0162069783	-0.1286224822	-0.1652267077	-0.0064548849	-0.0451433856	-0.045405112	-0.0731021492	-0.3667651481	-0.2510883203	-0.0443205783	-0.0589972958	-0.1389619937	0.0492839029	0.001977768	0.0332096238	0.0775436751	-0.0740662227	0.0019135201	0.0138022	-0.0108113263	0.1191553343	-0.1158065371	0.0287800133	-0.0801398919	-0.1281048142	-0.2184794579	0.0083030045	-0.0694585259	-0.017692168	-0.1434281846	-0.0556077333	-0.0245649329	0.0323122927	-0.0751553592	0.2626208686	0.0370728739	-0.0041579691	-0.008042773	-0.1452492796	-0.0150389323	0.0522554018	-0.0121238637	0.0222209936	-0.1249947675	0.0202623482	-0.1338764916	0.1446820423	-0.0081626519	-0.0471956675	-0.1100990429	0.0061091846	0.1068174438	0.0008324211	0.0778114102	-0.1102142754	-0.3179347708	-0.0825036942	-0.0256890899	0.116599717	-0.1243898035	0.190080767	0.0501541646	0.0732466084	-0.1220699074	0.0169114302	0.0120639322	-0.088969795	0.1041201806	-0.0003033216	0.1246254372	0.0875923613	-0.2002608608	-0.0369078553	0.1010171824	0.1118287017	-0.01899468	-0.0120259792	0.0789758865	-0.0509436039	0.0100716837	0.0281274464	-0.0134509757	-0.029808522	-0.0289270403	-0.0290397469	0.0068493441	0.0897012055	0.0845771535	0.0974410594	-0.0742557622	-0.1159842171	-0.0425459232	0.2062865152	0.0167136042	0.0645847584	-0.0066090811	0.153188432	0.1652328185	-0.162055716	0.1108552722	0.1100889337	0.1088156246	0.1070412087	0.1047738574	0.0112068632088124	0.0017158734862903	2.9442218209540323e-06	0.000125593782981	0.0009809172508994	-0.0182379054737396	0.000332621196069	9.621986531120364e-07	-0.040288952122033	0.0138080235800189	0.0001906615151863	0.0016231996630914	0.0052053751205019	0.0002875789973803	8.270167973431599e-08	2.709593014514017e-05	0.0005099879417354	-0.0001950719570506	3.8053068427590145e-08	2.6008770071550976e-07	0.0005701764904493	-6.209339171989994e-05	3.855589295280938e-09	3.251012302610808e-07	0.0	0.0	0.0	0.0	0.0	0.0	0.0	0.0	0.0	0.0	0.0	0.0	0.0	0.0	0.0	0.0	0.0
973.1761102285268	-2.02122055940265	4.0853325497519615	947071.7415195258	1653.591144292536	-2.379963714851101	2734363.6724826987	5.664227284007853	926.7150112463248	0.4064435760743663	0.1651963805321192	858800.7120692759	1018.3775221703468	817.436610283772	1.024637	24.884787	0.1042622166116186	0.0539097136141412	-0.0564546086	-0.0298721162	-0.0528394227	0.0869243891	0.0072032344	-0.0892431945	-0.0223801619	0.0972370569	-0.0182542158	-0.0139282744	0.0439010567	0.0369477769	-0.007224043	0.0747667282	-0.0624694196	-0.1258568119	-0.005227417	0.0521469306	-0.0564297768	0.031418998	0.1145546371	-0.0100030357	-0.053224505	-0.0733603191	0.1574956913	-0.1339830926	0.1350249527	0.0052486228	-0.0100817468	0.2297996536	-0.0547833234	0.1192257461	-0.0651325698	-0.0487226737	-0.1050012241	-0.087834336	-0.1154735879	-0.0679610851	0.1087779195	-0.1421474053	0.1265019405	-0.05798437	0.0029351171	0.0474843572	0.0656663361	0.1003844312	0.0025388924	-0.0276634722	-0.0607662867	0.198409545	0.0148158245	0.1073870739	-0.0310814926	0.007522997	-0.0382356951	-0.0354257801	0.0104945942	-0.076754184	-0.0271036129	0.0136747492	-0.0945500069	0.0810482912	-0.0231203795	-0.0183983036	-0.0512990333	-0.1878629972	-0.0514782053	-0.0169312152	0.1844679011	-0.0356792592	-0.0887702103	-0.0063422481	0.0333581264	0.0283897811	-0.1280655109	0.1178584263	0.0364090838	0.0058035281	-0.0591272113	-0.0308409936	-0.0374612049	0.19979713	0.0835807783	0.0033242067	-0.1325991462	-0.0299621248	-0.0174648723	-0.005216964	0.0736682685	-0.0841395953	0.006203707	-0.0261210861	0.0553825909	-0.0297535776	-0.0228882735	-0.0010414818	0.0022751781	0.0266180756	-0.0197814681	0.0733751384	-0.0211409366	-0.0141777503	-0.0466394897	0.0701470054	-0.0352469356	0.0686306687	-0.0496652626	0.0368939915	0.0431650238	-0.0589057409	0.1106882998	0.1094230837	0.1073250918	0.1044102912	0.1007008652	-2.3008864289408848e-05	-0.0112298720731018	0.0001261100267782	5.294078358884338e-10	-0.0316648431652168	-0.0326457604161162	0.0010657456731464	0.0010026622926777	-0.0414023375766987	-0.0011133854546657	1.2396271706611529e-06	0.0017141535568149	0.005292032053614	8.66569331120998e-05	7.509424056394938e-09	2.800560325647801e-05	0.0001121551610014	-0.000397832780734	1.5827092142654693e-07	1.2578780139249954e-08	-0.0001307977690593	-0.0007009742595086	4.913649124936301e-07	1.710805639088998e-08	0.0	0.0	0.0	0.0	0.0	0.0	0.0	0.0	0.0	0.0	0.0	0.0	0.0	0.0	0.0	0.0	0.0
970.6559311523804	-2.5201790761464054	6.351302575846149	942172.9366812946	1652.2806562778603	-1.310488014675684	2730031.3671099967	1.717378836608616	924.546835686846	-2.1681755594788683	4.700985256721504	854786.8513785597	1018.3452563679116	806.3446124841604	1.296118	31.478109	0.1974270357427475	0.0960687934859374	-0.0367886966	-0.0389893589	-0.1289256455	0.1458046527	0.0029043888	-0.0527374849	0.0322557318	0.1189189407	-0.0450544022	0.1868364715	0.1046373944	-0.1784544841	0.2682914835	-0.1887040462	0.1962647413	0.1043324904	0.315205849	-0.1086617941	0.1186906099	0.1007281957	0.0654545863	0.0215081621	-0.0245855329	-0.0221769522	0.1615360665	0.0567092348	-0.0666819044	0.0244086409	0.0772511395	0.3233954595	-0.0621692792	-0.0911663772	0.1270985826	0.0077885237	0.0160934515	0.0102195723	0.07452559	0.0968792335	-0.0658062317	-0.0953074302	-0.1533322817	-0.0197569308	0.0255318109	0.0413352371	-0.0751029309	-0.0605949326	0.0922686814	0.1354861545	0.0549487892	0.00989391	-0.0013216578	0.025304885	-0.0916437691	-0.0711874329	0.0648681551	-0.167480621	0.0263460087	0.040851197	0.3673987824	0.09362688	0.0444743434	-0.2591208965	0.0612145419	-0.1164667221	0.0901965663	0.179984033	0.1715285282	-0.0532508092	0.131185632	0.0799934476	0.0125614245	-0.1710209674	-0.1609681615	0.0173580058	-0.1391245649	0.2037267842	-0.0339758354	0.1694929826	-0.1938600667	0.0932984776	-0.0051861135	-0.059821328	-0.0810521199	0.0233477488	-0.0414335159	0.0271565344	-0.0134066095	-0.012020971	0.0971644874	-0.0852886301	0.0649594955	-0.0625320877	0.0837302435	-0.1425087902	-0.0295293622	0.0338568931	0.0754208217	-0.0899191779	-0.1011913219	0.0549727101	0.0483042332	0.2182259726	-0.1281146386	-0.0404724407	-0.0079436509	0.0837859192	-0.1464453952	-0.3145176429	0.0007650789	0.0222194154	0.110479702	0.1085926509	0.1054714048	0.1011514379	0.095681848	0.0154152221776229	0.0154382310419123	0.0002383389777034	0.0002376290747854	0.0062546527538955	0.0379194959191123	0.0014378881707595	3.9120681071812566e-05	0.0178442488231951	0.0592465863998938	0.00351015800004	0.000318417216064	0.0044190026668123	-0.0008730293868017	7.621803102193523e-07	1.9527584569294217e-05	5.590722265291781e-05	-5.624793834848219e-05	3.163830568454653e-09	3.1256175447629262e-09	0.0006363793534271	0.0007671771224864	5.885607372665129e-07	4.049786814682939e-07	0.0	0.0	0.0	0.0	0.0	0.0	0.0	0.0	0.0	0.0	0.0	0.0	0.0	0.0	0.0	0.0	0.0
973.513745884409	2.8578147320286007	8.167105042599703	947729.0134258936	1655.2481328123322	2.9674765344718708	2739846.381178712	8.805916982641184	926.403477665217	1.8566419783710444	3.4471194358495456	858223.4034302082	1018.2425176276588	802.850218549008	1.005734	24.425703	0.0608625562427628	0.0317623175600915	-0.0223263658	-0.0297749464	-0.1370305613	0.1341628636	0.0023269192	-0.0443387364	0.0348103493	0.0762005069	-0.0672896753	0.1588147739	0.0587701565	-0.1396391597	0.20061804	-0.0886501662	0.1656774631	0.0920297183	0.2136722618	0.0188477372	0.1105553429	0.0179854587	-0.1639468523	-0.0443414815	-0.0195385074	0.0579293798	0.1421142478	-0.0804294279	-0.1289735248	-0.2326128922	0.0142539294	-0.0233432841	0.106696993	-0.1018731153	0.0032750134	0.0135537224	0.0189272845	-0.0323523371	-0.0180480086	0.1804762316	0.0167529728	0.1708800082	0.0460875083	0.0249932089	0.0459869127	-0.0192002032	0.0621677416	0.1364338073	-0.1650660089	0.0232323724	-0.1398215155	0.0663139477	-0.0803500459	-0.0648658719	-0.0728589816	-0.0313726367	0.0833060964	-0.1234978998	0.0847270585	0.0152729966	0.2689087562	0.0757592352	0.0823451434	-0.1481629881	0.0227110073	-0.0541727725	0.1412716295	0.0899577659	0.1208833772	-0.0590253597	0.1229295618	0.0499006161	0.0579488592	-0.0459464995	-0.2152691526	-0.0255035577	0.1472809097	0.0589614597	-0.0416865693	-0.0314233608	0.0779000587	-0.0170558127	0.1062077939	-0.0380531132	-0.0475253506	0.1532006271	-0.0222249723	-0.1194166335	-0.0140431602	0.0013353937	0.0931026018	-0.0864997659	0.0431811871	-0.0192595739	0.04512599	-0.106613116	-0.0158734173	0.0416608253	0.078959137	-0.0362397433	-0.1047634571	0.0056617638	0.0529468967	0.1666374435	-0.1071939215	-0.0643531048	-0.042517358	0.0124431973	-0.0783337647	-0.1771083943	-0.0247800156	0.0078097684	0.1102295573	0.1075988845	0.103260836	0.0972842479	0.0897639565	0.0162814607960655	0.0008662386184425	7.503693440813431e-07	0.0002650859656538	-0.0017159184934172	-0.0079705712473127	6.353000600848795e-05	2.944376276051153e-06	0.0067110113870967	-0.0111332374360983	0.0001239489758085	4.503767383774158e-05	0.0049089816915179	0.0004899790247056	2.400794446514512e-07	2.409810124765794e-05	0.0001590107062621	0.0001031034836091	1.0630328332348902e-08	2.5284404705971852e-08	0.0004116116829237	-0.0002247676705034	5.0520505703525016e-08	1.6942417751928057e-07	0.0	0.0	0.0	0.0	0.0	0.0	0.0	0.0	0.0	0.0	0.0	0.0	0.0	0.0	0.0	0.0	0.0
978.4480091139554	4.9342632295464455	24.34695361845412	957360.5065390632	1659.3176466315083	4.069513819176109	2753335.052422727	16.56094272446532	929.0065719567788	2.6030942915617743	6.776099890761496	863053.2107388856	1019.0446925217028	822.3267750371327	1.112506	27.018816	0.1091568373336601	0.0619751960111558	-0.0044091781	-0.0109692828	-0.0702909684	0.104409732	0.0050108542	-0.0592083152	-0.0236046106	0.0161021292	-0.0495677085	0.0389140256	-0.0452574337	0.0192184491	0.0984132246	0.0751067247	0.0133539707	-0.0705509479	-0.0741703392	0.0839534758	0.0828135245	-0.0100356653	0.166458249	0.1374298624	-0.0297519216	-0.0033852867	-0.0927508593	-0.0132779651	0.091094123	0.0245902398	-0.0304601312	0.0474784935	0.0408101075	0.0081736148	-0.0963871067	-0.0573001764	0.0059806406	0.0146336544	-0.1120076338	0.0697316821	-0.0780657295	0.0056411934	0.0616043878	0.0277980807	0.0102958343	-0.0388626952	0.0456863702	-0.0514690952	0.0471621044	-0.173725627	0.0078713403	0.0292622967	0.1335665797	-0.1431128349	-0.0213655701	0.0279829719	0.0655010624	-0.0003099634	0.0672776875	-0.1053185861	0.0457967807	0.0338486456	0.0126290378	0.0250592553	-0.0350212019	0.0653995514	-0.0279641373	-0.1475670127	0.0100373466	0.0739555812	-0.0762866229	-0.0908516801	-0.0271728147	-0.0422243225	0.0383313338	-0.0025245388	-0.0968179149	0.0076171269	-0.0210096942	0.0051773391	0.0199383563	-0.1336005972	-0.1407145038	0.1389073508	-0.0309789764	-0.0800455046	-0.10398137	0.0001863546	-0.0204397854	0.013768055	0.0784788298	-0.0711448333	0.0023855786	0.0149604854	0.0151034361	-0.0245504235	0.0216735322	0.0051586758	0.0487200106	0.0378197939	-0.0121428091	0.0140442823	-0.0558386971	-0.0098543328	-0.0290086569	0.013941997	-0.0765103446	-0.0077092163	0.0389049738	0.0816927426	0.0203109524	-0.0005632099	0.1099379598	0.1064432791	0.1007008652	0.092831979	0.0830027857	0.0162089434655001	-7.251733056539908e-05	5.258763232331363e-09	0.0002627298482677	-0.0436158020326615	-0.0418998835392443	0.0017556002406022	0.0019023381869523	-0.0360536134169038	-0.0427646248040005	0.0018288131346269	0.0012998630404155	0.0048768915610079	-3.209013050999975e-05	1.029776476148817e-09	2.3784071297830075e-05	0.0004269658438376	0.0002679551375755	7.179995575310512e-08	1.8229983180395386e-07	0.0005999626480352	0.0001883509651115	3.5476086058433515e-08	3.5995517903740935e-07	0.0	0.0	0.0	0.0	0.0	0.0	0.0	0.0	0.0	0.0	0.0	0.0	0.0	0.0	0.0	0.0	0.0
980.931746678759	2.483737564803618	6.16895229081661	962227.0916422412	1662.8152115399637	3.497564908455388	2764954.4277286944	12.232960288858546	930.30625339277	1.2996814359912603	1.689171835060305	865469.7251016928	1020.8712100593016	843.7793938572765	0.998513	24.250345	0.111540350463233	0.0688303562357977	0.016536351	0.0251766203	-0.0170319344	0.0388127166	0.0297247328	-0.020378975	-0.0954453128	-0.0258400537	-0.0536234617	0.0325050704	-0.092689212	0.0292263077	0.0521786024	0.0582979412	-0.0857945991	-0.0041441984	-0.0847213897	0.0335814701	0.1573342653	-0.0138291561	0.0415581215	0.0047926058	-0.0525339428	0.1443208735	-0.020644227	0.0639771798	-0.0027705131	0.0102751508	-0.0038063459	0.0161811117	0.01855216	0.0548975145	-0.1835043168	-0.0397363088	0.0396060755	0.0344243271	-0.1489585553	0.1580209169	-0.1832415046	0.1686337897	0.0230251698	0.0034774712	-0.0139376989	-0.0564894721	0.0438978759	0.077302933	0.0681467856	-0.0725481384	0.1169233821	0.0010254783	0.0488004422	-0.1197729854	-0.0261645622	0.0232967434	0.0836796833	0.0411840784	0.0237137866	-0.1401762616	-0.0088222918	0.0308042986	0.072347156	0.0460593744	0.0222197501	0.0849567091	-0.0610217626	-0.0680706222	0.0534110992	-0.0021679569	-0.1377904033	-0.0535822498	-0.0159101081	-0.0063308783	-0.0615132708	-0.1268955821	0.0233256321	0.0025997253	-0.0075945373	0.0211522159	0.1285901501	-0.0767639825	-0.155213334	0.1613368227	-0.1384532221	0.0149333218	0.0554454044	0.1225850707	-0.0214263476	0.0287683368	0.066959278	-0.0709363885	-0.025803861	0.0187514861	0.0100048648	0.0219864447	0.0470155604	-0.0236593014	-0.0004851338	0.0732315248	0.0166701269	-0.0886824285	-0.0155546306	-0.0090736304	0.021628831	0.0201882361	-0.0283296811	-0.0229247431	0.0698842162	0.0944830015	-0.095611939	0.0213869651	0.1096050192	0.105127573	0.0978001546	0.0878214077	0.0754618528	0.0176687284180587	0.0014597849525586	2.1309721077165142e-06	0.0003121839639111	0.0115031535016072	0.0551189555342687	0.0030380992591886	0.0001323225404815	-0.0699222147018545	-0.0338686012849507	0.0011470821529989	0.0048891161088122	0.0051269424393395	0.0002500508783316	6.252544175440466e-08	2.6285538776300467e-05	0.0002560413182735	-0.0001709245255641	2.9215193439312684e-08	6.555715666323171e-08	0.0006008474179686	8.847699333999542e-07	7.828178350485594e-13	3.610176196795335e-07	0.0	0.0	0.0	0.0	0.0	0.0	0.0	0.0	0.0	0.0	0.0	0.0	0.0	0.0	0.0	0.0	0.0
979.3617913201532	-1.5699553586058528	2.464759828015232	959149.5182978192	1656.0785453369813	-6.736666202982406	2742596.148325452	45.38267153040538	928.3765543277224	-1.929699065047657	3.723738481645803	861883.0266254145	1019.0266299479348	853.9561424388521	0.898418	21.819391	0.0971727198788155	0.0573584974593574	0.0171017705	0.0358882247	-0.0080546209	0.0227193275	-0.0092522565	-0.0165231373	0.0016758549	-0.0455999827	-0.0537931371	0.0699312326	-0.0344014228	0.0472668255	0.0409099967	0.0648269641	-0.0595628654	-0.005112766	-0.1272897451	-0.0031260764	0.136263463	0.0208173635	0.0195260659	0.0283611487	0.0395465727	0.0850926234	-0.0654178914	0.0934434742	0.0295434348	0.0375203547	-0.1439116377	-0.0007230109	-0.1075417695	-0.0667213975	-0.0332994667	0.0596240165	-0.1232010756	0.1550876696	0.0006284179	-0.111687052	-0.0143074443	-0.0446318293	-0.0267433394	0.1060146358	0.1377501342	0.0429648449	-0.0443040715	0.0016928565	0.1486433628	0.09014497	-0.0002800306	0.0648581539	0.1993120399	0.0503265822	-0.0265654561	0.0232061426	0.0837560592	-0.0228946223	0.0146092077	-0.0506134352	-0.0105048104	-0.0202837354	0.0690681523	0.081660204	-0.0474871552	0.0671392683	-0.0912362298	0.0036019531	0.0697940854	0.066782598	-0.0940780384	-0.069768308	0.052571654	0.0859279518	-0.0625760562	-0.035049414	-0.0665996566	-0.0455994882	-0.0038184427	-0.0366092249	-0.031128899	0.2460195975	-0.1176121527	0.0156135239	0.0247720409	-0.1123822662	-0.0147784386	0.0498044182	-0.0176366816	0.0264870446	0.0568547067	-0.0703232137	-0.0105171478	0.0226891038	0.0146863721	0.027601366	0.0329704624	-0.0233541114	0.0012218249	0.0120624105	-0.0048796733	-0.1008479863	0.016847078	-0.0141757994	0.0304214503	-0.0022530774	0.0170012719	-0.0035552205	0.0379071883	-0.0027297965	-0.1093316221	0.065754849	0.1092308605	0.103653745	0.0945685192	0.0822826681	0.0672120005	0.0183803993625133	0.0007116709444545	5.064755331809008e-07	0.0003378390807254	-0.0365566717553917	-0.0480598252569989	0.0023097468037332	0.0013363902498314	-0.0406668422538274	0.0292553724480271	0.0008558768170727	0.0016537920588976	0.0051698592301633	4.291679082379929e-05	1.8418509346137426e-09	2.6727444459704663e-05	0.0004279900610317	0.0001719487427582	2.956637013612564e-08	1.831754923419183e-07	0.0007688989089733	0.0001680514910047	2.8241303628902768e-08	5.912055322203311e-07	0.0	0.0	0.0	0.0	0.0	0.0	0.0	0.0	0.0	0.0	0.0	0.0	0.0	0.0	0.0	0.0	0.0
979.04830388906	-0.3134874310932218	0.0982743694534275	958535.5813480451	1659.0997825993188	3.021237262337536	2752612.088621107	9.127874595336808	927.0704088509278	-1.3061454767945406	1.7060160065508378	859459.5429670265	1018.3253408368788	850.7736495755453	0.803992	19.526102	0.0717867567110503	0.0461645241911087	0.0145868019	0.0313277312	-0.0343565227	0.001921485	-0.0064276315	0.0012534295	0.0191966126	-0.0456104328	-0.0467925698	0.0412773484	0.0015487556	0.0073732815	-0.0027703171	0.0786317723	-0.1119868757	-0.0176912915	-0.108865496	-0.0661869117	0.1478883731	-0.0370063368	0.0933181219	-0.0247134213	0.019816181	0.1551689793	-0.0864899235	0.0468774821	-0.1144477202	0.1285768246	-0.130336677	0.0787466507	-0.0856012506	0.1443918537	0.0608887081	-0.0089962983	-0.0156972788	0.1610851952	-0.0150044769	0.0395187187	0.0646311215	0.0327423713	-0.0825741495	0.0596540536	0.114914786	-0.0391700267	0.0011783815	-0.0221503039	-0.1465030502	-0.1218388278	-0.0230403083	-0.1178967781	-0.1360165719	0.1640627049	-0.0282552204	0.0140378123	0.0399101695	-0.0192011854	0.035697245	-0.0238738975	-0.0343090067	-0.0376551848	0.0558304586	0.0735105432	0.0400538504	0.0515537277	-0.1255766836	-0.0080914867	0.0903908905	0.002977663	-0.1903302595	-0.0980068372	0.0318432506	0.0300254175	-0.10103182	-0.1320767856	-0.1303963975	0.0066545493	0.0718570135	-0.031166048	-0.1132634097	0.1508181055	-0.0722009238	-0.1304488637	0.0147972152	0.0789741691	-0.0138998093	0.2063497129	-0.0171352548	0.0301571813	0.0496097878	-0.0549490141	-0.0044081901	0.0504233012	0.0044634511	0.0484168475	0.0344190979	-0.0375342823	0.0110358852	0.0137707899	-0.0077850935	-0.1127902651	-0.0004250402	-0.028433333	0.0304655219	-0.0117835895	0.0113201341	-0.0609174985	0.0953562838	0.0042332815	-0.0987726855	0.0342299438	0.1088156246	0.1020240119	0.0910168938	0.0762490709	0.0583307311	0.0196638149662362	0.0012834156037229	1.6471556118794187e-06	0.0003866656190263	0.0074750515492638	0.0440317233046555	0.0019387926571777	5.587639566415114e-05	-0.0417785009756244	-0.0011116587217969	1.235785113747337e-06	0.0017454431437702	0.005081964543674	-8.789468648929925e-05	7.725475913052205e-09	2.582636362315969e-05	0.0001760283220637	-0.0002519617389679	6.348471790377855e-08	3.0985970168561695e-08	0.0006015561528131	-0.0001673427561602	2.800359803929216e-08	3.618698049872977e-07	0.0	0.0	0.0	0.0	0.0	0.0	0.0	0.0	0.0	0.0	0.0	0.0	0.0	0.0	0.0	0.0	0.0
980.6936603750707	1.645356486010769	2.7071979660577057	961760.0554998546	1663.7569891197982	4.657206520479349	2768087.3188449764	21.689572574395363	926.8721893130364	-0.1982195378914184	0.0392909852018874	859092.0553219413	1016.8730466557608	849.0942929051656	0.865394	21.017353	0.0957650679833194	0.0533772291573276	0.0215998095	0.0427139428	-0.0271832261	-0.0151229711	0.0066230981	0.0162274302	0.0209798766	-0.0715685559	-0.0147914477	6.90936e-05	0.0062629626	-0.0025529718	-0.0456361097	0.1575115254	0.011627613	-0.010162064	-0.073354741	-0.0509944345	0.1015798193	-0.0449656699	0.1384124893	-0.0639925647	0.0712611698	0.0205940794	-0.1058477408	0.0035269011	-0.0480274849	0.0555204166	0.0294312831	-0.0025574604	-0.0166429638	0.0505687175	0.1216901432	-0.0499223794	-0.0968026949	0.0689054934	0.1430512303	-0.0968871228	0.0039900625	0.0216920288	0.0384773343	-0.0841941528	0.0083283256	-0.0237968069	-0.0603173618	-0.0112383872	0.0409596976	-0.0584321932	0.0334051973	-0.1023896621	0.0114487496	0.0628210633	0.0063926926	0.0179870437	0.0085172491	0.0097151857	0.1258655635	-0.003741494	-0.0842960642	-0.0422267805	-0.012305089	0.0211576124	0.0526120083	0.0478748153	-0.0389560856	-0.0304402439	0.0929365602	0.0236119325	-0.0992244286	-0.1675225491	0.0263431153	-0.0251615419	0.0126889732	-0.0115930795	0.0050363708	-0.0060020416	0.0495459664	-0.0287413886	-0.1442309628	0.0060402967	-0.0690100419	-0.0714168903	0.0909143647	-0.0061783236	0.0563021675	-0.0908781881	-0.0151359872	0.0273041693	0.0163658456	-0.0383620502	-0.019284255	0.0661454891	-0.0362853895	0.0348849268	0.0513018013	0.0035374702	0.0277536392	0.0037006309	0.0348958442	-0.109726973	0.0489027272	-0.0044752848	0.0436264422	-0.0644128536	0.0161368737	-0.1450585237	0.0851224154	0.0002881762	-0.0804606412	0.035602245	0.1083594676	0.100240825	0.0871572961	0.0697569027	0.0489014791	0.0256351124160829	0.0059712974498466	3.565639323454569e-05	0.0006571589885852	0.0212950677565544	0.0138200162072905	0.0001909928479697	0.0004534799107562	-0.015263157026375	0.0265153439492493	0.0007030634647469	0.0002329639624117	0.0042880197251558	-0.0007939448185182	6.303483748518986e-07	1.838711316332522e-05	-1.820919759465412e-05	-0.0001942375196583	3.772821404302951e-08	3.3157487704115737e-10	0.0006025420221752	9.858693621000005e-07	9.71938399127462e-13	3.630568884869792e-07	0.0	0.0	0.0	0.0	0.0	0.0	0.0	0.0	0.0	0.0	0.0	0.0	0.0	0.0	0.0	0.0	0.0
982.7328886504168	2.0392282753460904	4.15845195897099	965763.9304351924	1662.3105617002211	-1.4464274195770486	2763276.4035401046	2.0921522801043198	926.999301679333	0.1271123662966147	0.0161575536655247	859327.705313971	1017.074416099549	850.4751061967563	0.8493039999999998	20.626577	0.0659154114469277	0.0344925717246899	0.0508614678	0.0535158388	-0.0006396851	-0.0283158055	0.0279241565	0.0223097467	-0.0683837189	-0.0458086665	-0.0089434659	-0.0195924006	0.0034393454	0.0101845852	-0.0897637086	0.157367131	-0.0566125263	-0.1425560967	-3.7509e-05	-0.0581407046	0.1263590588	0.1111238693	0.1043591189	-0.1052127036	0.0873286452	0.0299969919	0.0333108102	-0.0510140642	-0.1387724283	0.0470972272	0.0809884204	-0.1904915064	0.0157399724	0.0310592064	0.0264670338	0.0421992764	0.097363214	-0.0486851454	0.0689150762	0.1392767864	-0.00838581	-0.0049492604	0.0200839906	-0.0201607457	-0.0309558299	0.2057813529	0.0212740908	0.0384993407	-0.021881015	0.0573540734	0.055541899	0.049851394	0.0455689778	-0.0572786296	0.0106474985	0.0122462754	0.0007621215	0.0304761798	0.1155837855	-0.0352786266	-0.1353614619	0.037894909	-0.0093654899	0.0326072384	0.0504989925	-0.0528858393	-0.1837050836	-0.0282558807	0.1617057017	-0.0378279532	-0.0166563756	-0.0973090301	0.024940987	-0.1044290401	0.0352014124	-0.055470306	0.0674435172	-0.1633028002	0.047266145	-0.0222789899	0.0159594299	-0.0994311239	0.0605243359	-0.0848257614	0.0252672215	0.0708651235	-0.0204586334	-0.0422809045	-0.0191300721	0.0381124698	0.0067516222	-0.0244330544	-0.0476213147	0.0760812107	-0.0366329999	0.0887894537	0.0541818057	0.004071509	0.0302877552	0.0355941463	0.0468437271	-0.1174574476	0.0432202363	-0.0396136132	0.0425798435	-0.0745167465	-0.0008870868	-0.1626068889	0.0651798411	0.00631517	-0.1153198567	0.0396876397	0.1078625611	0.0983068664	0.0830027857	0.0628452084	0.0390128266	0.0178344130273018	-0.007800699388781	6.0850910954129805e-05	0.0003180662880283	0.0302730614744461	0.0089779937178917	8.060437119850285e-05	0.0009164582510355	-0.0464300297796427	-0.0311668727532677	0.0009713739572183	0.0021557476653385	0.0040930160464078	-0.0001950036787479	3.8026434725253054e-08	1.675278035615174e-05	-1.9101522179099103e-05	-8.923245844449821e-07	7.962431640049102e-13	3.6486814955861496e-10	0.0004390411137679	-0.0001635009084073	2.6732547050012312e-08	1.927570995785581e-07	0.0	0.0	0.0	0.0	0.0	0.0	0.0	0.0	0.0	0.0	0.0	0.0	0.0	0.0	0.0	0.0	0.0
983.9021293718408	1.1692407214239893	1.3671238646360908	968063.4001824426	1655.085750723191	-7.224810977030074	2739308.8422469487	52.197893653814255	928.5023570007552	1.5030553214221527	2.2591752992554506	862116.6269559579	1017.227238071665	867.4425951805206	0.8369569999999998	20.326702	0.050004031095434	0.0302510138089895	0.0604859406	0.0707509554	0.0033739753	-0.0348545757	-0.0080748903	0.0280229227	-0.0213719156	-0.0880726467	-0.0141797975	-0.0195885687	-0.03476391	0.0113954701	-0.0497676056	0.1185437282	0.019799824	-0.0856456031	-0.0082811276	-0.0287965768	0.1271481219	0.1591363754	0.0961502734	-0.0763460152	-0.0445292824	0.0879417155	-0.1222216626	-0.0092275368	-0.050913776	-0.01971977	0.0223722227	-0.0629356935	-0.0675681089	0.0843999036	0.0002117303	0.1139902768	-0.0236878701	-0.1869737765	0.140013423	-0.0348941807	-0.2058639064	-0.0366734327	-0.0048283698	-0.0778454228	-0.0599459756	-0.0228841045	-0.0635089659	-0.0263769197	-0.0939229714	0.1239362985	-0.0289798441	-0.0852242251	0.057501752	-0.0119683715	0.024457834	0.0375940589	0.0258838193	0.0458540425	0.0947339695	0.007192456	-0.0903114991	0.0186234082	0.0288023192	-0.0022598841	-0.0160596749	-0.0232826807	-0.1385059958	-0.0687569426	0.1542686782	-0.0987801982	-0.0727070043	-0.0705284489	0.0905161066	-0.0039832428	-0.0071641536	0.0190949886	-0.0768944411	-0.0794757561	-0.0198866036	-0.0146681559	-0.0909780564	-0.1514433514	0.0199964393	-0.0710484068	-0.090349428	-0.1698602225	0.1292621247	-0.0597107523	-0.0146295709	0.0438944095	-0.0068322272	-0.0177197246	-0.0431392972	0.0746560952	-0.0569213706	0.0812920705	0.0533331355	-0.0004324562	0.0565768606	-0.0114791624	0.0583462784	-0.1169163415	0.0469861565	-0.0280706358	0.0904963867	-0.0611039679	0.0315701269	-0.1267179316	0.0697984472	-0.023805407	-0.1063528946	0.078307407	0.1073250918	0.0962250449	0.0785674201	0.0555555556	0.0287576717	0.0095806322270561	-0.0082537808002457	6.812489749850455e-05	9.178851387010591e-05	0.0219553014516833	-0.0083177600227628	6.918513179627106e-05	0.0004820352618342	-0.0182505345002041	0.0281794952794386	0.0007940839542039	0.0003330820095431	0.0041160315210301	2.301547462230016e-05	5.297120720897424e-10	1.694171548211336e-05	-7.20365413260371e-05	-5.293501914693799e-05	2.8021162520866916e-09	5.18926328621785e-09	0.0004681505198584	2.910940609050002e-05	8.473575229416396e-10	2.1916490924369017e-07	0.0	0.0	0.0	0.0	0.0	0.0	0.0	0.0	0.0	0.0	0.0	0.0	0.0	0.0	0.0	0.0	0.0
983.0097297158152	-0.8923996560256455	0.7963771460746905	966308.12871596	1663.4026493873212	8.316898664130122	2766908.3739887592	69.1708033894094	929.0517341952444	0.5493771944892387	0.3018153018248668	863137.1248111911	1018.5393281965586	860.7945170536815	1.010512	24.541746	0.1757929140305244	0.1019961108877266	0.0309829252	0.0626450366	0.035089339	-0.0497266982	0.0058770213	0.0059394791	-0.0447499953	-0.0789385407	-0.0176792488	-0.0168012609	-0.055149598	0.0661006207	-0.0189503979	0.1150633249	-0.0246568555	-0.0414574322	-0.0526119128	0.0220634243	0.0526726469	0.1061976454	0.0453900876	-0.0444042254	-0.007148589	-0.0085967671	0.0857782483	0.0062588354	-0.0658406076	0.085892547	-0.0423373631	-0.0244506055	0.0128078469	-0.1447713233	0.0483960357	0.0048994922	0.0684153347	-0.0886804006	-0.0092580106	-0.1052185512	-0.0484603704	-0.0633835578	0.0388821926	-0.1207846793	-0.0547535472	-0.2327807466	-0.057755212	0.0080313776	0.0307005819	-0.170281288	-0.225148134	-0.0048390603	-0.1274950881	-0.0420849788	0.0205007189	0.0379003904	0.0340918532	0.0372820021	0.0527181424	-0.080973121	-0.0854422607	-0.0137447811	0.0087060441	0.0494464178	-0.0437716893	0.0201472076	-0.0847059284	-0.0341329679	0.0815172267	-0.0130786156	0.0214753231	-0.0410806873	0.0238972832	-0.0511730473	0.0737540826	-0.0906699367	-0.0102869408	-0.0344427358	-0.0829483199	0.0754760261	-0.0099344423	0.0409317548	0.0531538747	0.0149004189	-0.0978026614	-0.0430860954	0.0915156661	-0.1049774351	-0.0151663305	0.0255661346	-0.038124533	0.0080759425	-0.0357364884	0.0122764106	-0.0247934398	0.0723979003	0.0283018893	-0.0135525355	0.0328444856	-0.0409686736	0.0495850228	-0.0616815048	-0.0195847965	-0.02757946	0.1420107381	-0.0901672453	0.0043749526	-0.0608394196	0.040543905	0.0331534464	-0.0334011264	0.0648278926	0.106747262	0.0939984918	0.0738662073	0.0479317851	0.0182323554	-0.004427947948713	-0.0140085801757691	0.0001962403185409	1.9606723036511663e-05	-0.0283527153796399	-0.0503080168313232	0.0025308965575006	0.0008038764693988	-0.0160991619658688	0.0021513725343353	4.628403781492293e-06	0.0002591830160032	0.0026489661102532	-0.0014670654107769	2.1522809194979957e-06	7.017021453269968e-06	0.0003712548267009	0.0004432913680269	1.965072369671934e-07	1.378301463487153e-07	0.0001920084088803	-0.0002761421109781	7.625446545544131e-08	3.686722908074447e-08	0.0	0.0	0.0	0.0	0.0	0.0	0.0	0.0	0.0	0.0	0.0	0.0	0.0	0.0	0.0	0.0	0.0
983.953654545221	0.9439248294057734	0.8909940835687183	968164.794292896	1660.8705183076377	-2.532131079683495	2758490.878583481	6.411687804699103	928.5426623663286	-0.5090718289158076	0.2591541269956853	862191.4758343498	1018.5380528957608	854.8240026929213	0.931099	22.613098	0.0735680433130631	0.0467899683399305	0.0409854117	0.0598583151	0.0165098296	-0.0484934997	0.002600488	0.018829849	-0.0450763901	-0.0699580199	-0.0007544975	-0.0611598351	-0.0484896514	0.0540918747	-0.1220272055	0.0701936972	-0.0425990635	-0.0125183896	0.0480449446	-0.0741437435	-0.0096031056	0.0946607272	-0.0122416245	0.0102446732	-0.087209482	-0.1006703315	-0.0238641528	-0.0120903455	-0.0714126713	0.006488409	0.0759713362	0.0328272727	-0.0007741061	0.0309573517	-0.0468076205	-0.0835311092	0.1631921147	-0.207707055	0.1522787435	-0.0245824098	0.1174195417	-0.011640901	-0.0151690339	0.0986839025	0.1005218775	-0.0952965823	-0.1316100497	0.1127838666	-0.0045972888	0.0069621707	-0.0981187459	0.0471349095	-0.0906388941	0.0698931472	0.0237606322	0.0289559881	-0.0113714911	0.0677885361	0.0012192506	-0.0229561582	-0.1472285675	-0.0147590247	0.0060804571	-0.0140023319	0.0227529937	-0.0221289217	-0.0855107652	-0.0363175319	0.0354478461	-0.0550264882	0.0396878936	0.0728134194	0.0680520553	-0.0318540084	0.0567266623	0.0635428153	-0.0650203798	0.0706320169	0.0063345685	0.0632072528	-0.0085494225	-0.1069695369	0.1432118982	-0.05577913	-0.1091304369	0.0692050238	-0.0102639188	-0.0879766588	-0.0139512487	0.0201991232	-0.0633678088	0.0446967839	-0.0272365816	0.0482043066	-0.0769620943	0.0702395194	0.01575953	0.0116890292	0.0495016453	-0.0282383872	0.0775789473	-0.0533904093	0.0396017124	-0.0329944088	0.0762947246	-0.1048826162	0.0041145713	-0.1409614996	0.0457040296	0.0310424768	-0.008102521	0.0460056848	0.1061292888	0.091630556	0.0689150546	0.0400197472	0.007535757	-0.0001577470905544	0.0042702008581586	1.823461536901845e-05	2.488414457837807e-08	-0.0317748238603599	-0.00342210848072	1.171082645381576e-05	0.0010096394313568	0.0057133984709807	0.0218125604368495	0.0004757877928112	3.26429220882046e-05	0.0019349818902007	-0.0007139842200524	5.097734664839765e-07	3.7441549154046735e-06	0.0002066835597616	-0.0001645712669393	2.7083701902006352e-08	4.271809387572688e-08	0.0001893004251254	-2.70798375490001e-06	7.333176016802358e-12	3.5834650952657166e-08	0.0	0.0	0.0	0.0	0.0	0.0	0.0	0.0	0.0	0.0	0.0	0.0	0.0	0.0	0.0	0.0	0.0
983.7500029926348	-0.2036515525861659	0.0414739548707559	967764.068388009	1661.99771395088	1.1271956432424304	2762236.401177952	1.2705700181447164	929.6529593468756	1.110296980546991	1.2327593850117655	864254.6248224035	1018.9617409404984	863.4580521075993	0.959233	23.296356	0.0739087044249999	0.0530854229859898	0.0157688345	0.0485037556	0.0880931326	-0.0945901996	0.0032362406	0.0374086522	-0.0295535704	-0.0578903247	0.012897268	-0.0648379793	-0.0797065645	0.0816156812	-0.0593407774	0.0776806148	-0.0385268522	-0.0494884308	0.0630797323	0.0563256	0.1000473807	-0.0234986763	0.0162936476	-0.0528986088	-0.0014750522	-0.1375645817	-0.0042120273	-0.0878712291	-0.032540686	0.0248270848	0.1345543436	-0.0156046616	0.0042125807	0.0406980808	-0.0220742001	-0.1646180722	-0.0266111462	0.0888585976	-0.0173908393	-0.1054371446	0.0135900221	0.0835903215	-0.1648054427	-0.0659414652	-0.1969403267	-0.0001012366	-0.1246894074	-0.1660274853	0.0384514768	0.0936175825	-0.0082498369	-0.0657818523	-0.2003556131	-0.0201555248	0.0447368485	0.0318431391	0.0030545663	0.0743931299	-0.0111954106	-0.0773427752	-0.1347240406	0.0128005798	0.0325970706	0.0558602598	0.0211756234	-0.0349537587	0.0455164601	-0.0444943856	0.091215134	-0.0109846419	0.0509303284	-0.0745677949	0.0232752469	-0.085210457	0.1324382099	0.0488094532	0.0389887951	0.1221313074	0.1143168858	0.1003512007	0.1141829154	-0.0282092849	-0.0040647648	-0.0782736831	0.0274845274	-0.0177438322	0.179882941	0.0058409646	-0.0162312643	0.0036178832	-0.0947661029	0.0628547069	-0.0341527612	0.0072754033	-0.0456577361	0.0888987326	0.0185840988	0.0032951869	-0.0169685944	-0.0478735586	0.0451827942	-0.0621454614	0.0615563672	-0.0094798407	0.0811152546	-0.1414029695	0.0169717302	-0.0963777089	0.0096236642	-0.0115375317	-0.0133902918	0.0604228147	0.1054714048	0.0891247992	0.0637307152	0.0318670259	-0.0032316354	-9.357058888781468e-05	6.417650166658531e-05	4.1186233661612276e-09	8.755455104812428e-09	-0.0421987698065038	-0.0104239459461438	0.0001086586490881	0.0017807361731822	-0.0068818754576938	-0.0125952739286745	0.0001586409253383	4.736020981520825e-05	0.000954984336723	-0.0009799975534777	9.603952048222773e-07	9.119950833862684e-07	0.0002060736581515	-6.099016100999952e-07	3.7197997400256663e-13	4.246635258394128e-08	0.0001534017192429	-3.5898705882499995e-05	1.2887170840382396e-09	2.3532087466677517e-08	0.0	0.0	0.0	0.0	0.0	0.0	0.0	0.0	0.0	0.0	0.0	0.0	0.0	0.0	0.0	0.0	0.0
983.1144757198336	-0.6355272728011414	0.4038949144740564	966514.0723698834	1657.6373660597203	-4.36034789115979	2747761.6373574072	19.01263373194163	928.122028603586	-1.5309307432895594	2.3437489407491228	861410.4999792358	1018.526828785594	857.3456723311067	0.96666	23.476727	0.0678091337318362	0.0324396876336229	0.0293063623	0.0471719037	0.0396374472	-0.0879881039	-0.0146639488	0.0329142474	0.0060403802	-0.056942058	0.0294635745	-0.1251647994	-0.0501594832	0.0230426929	-0.1309021432	-0.0712136257	0.0046432179	-0.0419646297	0.034191142	-0.1399727588	-0.084692747	-0.1054257338	-0.0074427235	-0.0361844144	0.1209498331	-0.2844440869	-0.1892747144	0.0163711901	0.1523329284	0.0463416299	0.0681989188	0.0872454106	-0.030914647	-0.086705527	0.0675354849	0.1623104397	0.1604512317	0.1197771972	0.020785766	0.1549230506	-0.0105956295	0.2718194708	-0.0732569523	-0.0620988832	0.1261862877	-0.1257439662	0.017885904	-0.0683648968	-0.0386919127	-0.0198971368	-0.1126544274	-0.0035877472	0.0562134777	-0.0329493351	0.0373416727	0.0409708284	-0.0658820193	0.0995266752	-0.1022145007	0.0852100914	-0.1081783967	0.0152912445	-0.0375671891	-0.004927918	0.1050104561	-0.0602196738	-0.0172885908	0.1233178438	-0.0682227919	-0.0082160457	-0.0575450891	0.0176584704	0.0365982316	-0.0078385133	0.1991683669	0.3068046825	-0.0762524372	0.017481573	0.0009153368	0.0494198376	-0.1032981784	0.0416370186	-0.0397257421	-0.13353636	-0.0395016767	0.2391803097	0.0417237286	0.0608847418	-0.010602681	0.0148773121	-0.1026513927	0.0800234921	-0.0162757355	0.0631729939	-0.0716500861	0.1173842181	-0.0315351308	0.0112176581	0.0106688132	-0.0431836596	0.0429428631	0.0247878055	0.0935649187	-0.0600516898	0.0009713337	-0.0526589375	0.0668723891	-0.0258298284	-0.0133455411	-0.0680557866	0.1450415887	0.0304727087	0.1047738574	0.0864849902	0.0583307311	0.0235226525	-0.0139686685	0.0053102669479869	0.0054038375368747	2.9201460124936183e-05	2.8198935058882103e-05	-0.0575866512418201	-0.0153878814353163	0.0002367868950673	0.003316222401247	-0.0005808776500586	0.0063009978076352	3.97025733718236e-05	3.3741884433760134e-07	0.0014340074629456	0.0004790231262225	2.2946315545607293e-07	2.0563774037836764e-06	-0.0001069061266896	-0.0003129797848411	9.795634571918125e-08	1.1428919923772804e-08	0.0001310762912664	-2.2325427976499984e-05	4.98424734333888e-10	1.718099413215413e-08	0.0	0.0	0.0	0.0	0.0	0.0	0.0	0.0	0.0	0.0	0.0	0.0	0.0	0.0	0.0	0.0	0.0
983.0050883706868	-0.1093873491468002	0.0119655921533639	966299.0037626618	1659.4927462569954	1.8553801972750532	2753916.1748795845	3.4424356764404163	928.6066606105768	0.4846320069907506	0.2348681821998829	862310.3301303269	1019.8740741891094	853.0501336227453	1.047489	25.439796	0.1178030593153962	0.0664738804444303	0.0383533021	0.0836150834	-0.0123155056	-0.083816178	-0.0044652069	0.0105420615	-0.0135260571	-0.0302760708	0.0003754295	-0.0760388213	-0.0436810986	0.045111039	-0.1436454919	0.0731514427	-0.0342822312	-0.0219655075	0.0468215572	-0.0343668416	-0.0427933533	0.0684241456	0.0256665197	0.086523658	-0.1077319444	-0.1236790435	-0.0007733564	-0.0508756814	0.0475811675	-0.1198106715	0.0034002119	0.048313837	0.0903873039	0.1585329527	0.0647190754	0.1198933198	0.0151064598	-0.1168933169	0.0680547673	0.1019574512	0.1692676706	0.0337502747	0.1374292271	0.3256918286	-0.0896919157	0.0338634013	0.0411924114	-0.0060743055	0.0766226895	0.001280253	-0.0087330085	0.2151895057	0.0603692022	-0.0859629257	0.0097883701	0.0313370672	-0.0316165289	0.0724666348	-0.0367799841	0.0127065078	-0.1576501859	0.016726937	-0.0244713096	-0.0036537455	-0.006548785	-0.041385118	-0.0544052744	-0.0337007952	-0.0497915814	-0.0283640164	0.0798408271	0.080019576	0.026508811	-0.1163711525	-0.0290589218	0.0668388219	-0.0016882076	0.0994943656	0.0098077449	-0.1926414079	-0.1391720953	-0.1009165752	0.0256494813	0.0296510869	0.1590436908	0.0292502183	-0.1509169558	0.0768309044	-0.0229777859	0.0314664679	-0.1105684124	0.0541478383	-0.0340308428	0.0888369242	-0.1029695206	0.1190623627	-0.0583117665	0.0058153302	0.070873948	-0.0253921439	0.0475504525	0.0419414882	0.0928699011	0.0008518161	0.016704625	-0.0205905459	0.0401950663	-0.0267060629	-0.0007327823	0.0280938805	0.018608305	0.0165757308	0.1040369087	0.0837150996	0.0527333744	0.0150368111	-0.0245744743	0.0137505011669105	0.0084402342189236	7.123755367028887e-05	0.0001890762823412	0.0045508144434336	0.0621374656852537	0.003861064641786	2.0709912098563867e-05	-0.0191752143238375	-0.0185943366737789	0.0003457493563378	0.0003676888443651	0.0013029804976807	-0.0001310269652648	1.7168065626529293e-08	1.6977581773362449e-06	-0.0002675973446166	-0.000160691217927	2.5821667518862622e-08	7.16083388458554e-08	-0.0001498259802905	-0.0002809022715569	7.890608616582639e-08	2.2447824370009294e-08	0.0	0.0	0.0	0.0	0.0	0.0	0.0	0.0	0.0	0.0	0.0	0.0	0.0	0.0	0.0	0.0	0.0
982.4548156171992	-0.5502727534876612	0.3028001032308924	965217.4647294248	1658.9945576193134	-0.4981886376820057	2752262.942210501	0.2481919187154527	928.7803993316858	0.1737387211089753	0.0301851432125823	862633.0301827256	1019.6144049433397	856.8184699811912	1.150051	27.930664	0.0771364577853222	0.0369309787262492	0.0379658909	0.06249783	-0.003401164	-0.1062823196	-0.0223925372	0.0213775461	0.0984902138	-0.0325058487	0.0636165733	-0.1806899071	-0.0508335934	-0.2659974929	-0.1724186234	-0.4790047124	0.3072939446	-0.0003633469	0.0702185626	-0.1094499343	0.1045976662	-0.0974321134	0.19429352	0.0083009671	0.1844953998	0.1289671141	-0.0316362778	-0.1436726686	-0.0176033454	0.1550226789	0.0520176945	-0.1350595323	0.0621837983	0.0934202763	-0.1464091983	0.0042886279	-0.0605954569	0.017860794	-0.0383511351	-0.1394533175	0.0199367007	-0.0910748439	0.1116263999	-0.0047032925	-0.0240039783	0.0515931453	0.0904623788	-0.0957654262	-0.0172612754	-0.0826389742	-0.0265638729	-0.0076597332	-0.009693124	0.0566644236	0.0363273392	0.0270611742	-0.1419283192	0.1432202128	-0.2672600518	0.3557852173	0.1816053886	0.1218021818	-0.0374545577	-0.344789938	0.2391105707	-0.0353339965	0.0806316955	-0.011218472	0.0361346256	0.0947459505	-0.0700681232	-0.2992919194	-0.0833437721	-0.1338161897	0.0252309005	0.0133901275	-0.029972619	-0.2111937234	-0.0110593512	-0.0062820387	0.1373384203	-0.040277052	-0.0907468695	0.0036219033	0.0937468256	-0.166159198	0.0528461428	0.0573237327	-0.0155874932	0.0297234429	-0.1345404942	0.0821537116	-0.0334837605	0.1701768148	-0.1497664114	0.1503750226	-0.1476151082	0.0188527274	0.1241708724	0.0255761125	0.2073211999	0.2286918064	0.1127791064	-0.1658210323	-0.0735457512	0.1669529842	0.1589470044	0.0487796983	-0.0964579677	-0.0647673577	0.1906626558	-0.2493901106	0.103260836	0.0808192935	0.0469575846	0.0064605365	-0.0349494174	0.0145866669737699	0.0008361658068594	6.991732565608319e-07	0.0002127708534036	-0.022056595602379	-0.0266074100458125	0.000707954269346	0.0004864934095668	-0.0035678625038073	0.0156073518200302	0.0002435894308342	1.2729642846074097e-05	0.0016189315280376	0.0003159510303569	9.982505358358676e-08	2.620939292474159e-06	-0.0002789082596095	-1.1310914992899968e-05	1.2793679797660927e-10	7.778981727840024e-08	-0.0005042746371931	-0.0003544486569026	1.2563385038005705e-07	2.5429290971623264e-07	0.0	0.0	0.0	0.0	0.0	0.0	0.0	0.0	0.0	0.0	0.0	0.0	0.0	0.0	0.0	0.0	0.0
977.1487465554952	-5.306069061703965	28.154368887572	954819.6728949754	1652.5933859499085	-6.401171669404903	2731064.899285383	40.97499874119195	926.853260446528	-1.927138885157774	3.713864282687148	859056.9664003594	1018.919370557632	840.2243281251775	1.11567	27.095655	0.1035279977284784	0.0476452321243427	-0.0052385227	0.0531971901	-0.0652742518	-0.1448696886	-0.0086302615	0.0068649597	0.0601519331	0.0330247985	0.0348310939	-0.1321702629	0.0080337066	-0.0226451181	-0.2233862172	-0.1351461982	-0.0257412711	0.0165487999	0.1439493669	-0.1147314618	-0.0835915694	-0.0737047001	0.0422142576	-0.0412447747	-0.0353025315	-0.0985077667	-0.1091140712	0.056109883	0.0865007682	-0.2210394636	0.0790207139	-0.0349037534	-0.0055621836	0.0256876252	0.0599761439	-0.0203470511	0.0998101612	0.2340933964	0.124707925	-0.0427301891	0.0068195967	-0.0454304812	-0.0907807153	-0.0413320728	0.1150481424	-0.0119674555	0.0476254677	-0.0419837833	-0.0591818815	0.0646020559	-0.0155655415	-0.0599631863	0.0726287384	-0.0101777692	0.0043059832	0.0134827019	-0.1281028423	0.0649340315	-0.158939186	0.1277723897	-0.1131706215	0.0115325814	-0.071782115	-0.1100129587	0.126328953	-0.0821045276	0.0068591619	0.0104064159	-0.0670947954	-0.0592102337	0.0048608052	0.0839516929	0.0075550802	0.0449827773	-0.0301077715	0.2156303989	0.0238285591	0.1183311714	0.0806036254	-0.1549037923	-0.0209695825	0.0302384476	-0.0094195413	0.0726155409	0.0703945032	0.0870023942	0.0791952039	-0.1243973355	-0.0178914711	0.0245949894	-0.1508429895	0.0566447051	-0.0042128761	0.1373817366	-0.0673446498	0.1441318744	-0.1384135001	0.0255260063	0.0808815683	-0.0640901634	0.0784758873	0.1143438232	0.0875919842	-0.0673683737	-0.0091524513	0.0058541432	0.1044461577	0.0486991211	-0.0773927986	-0.0659240195	0.0585622529	-0.0982999247	0.1024459312	0.0778019275	0.0410229053	-0.0021545924	-0.0449960313	0.0004581129293086	-0.0141285540444612	0.0001996160393872	2.0986745599970637e-07	0.0059569759843185	0.0280135715866974	0.000784760193043	3.548556287774736e-05	0.0010125096750073	0.0045803721788145	2.09798092964588e-05	1.0251758419833884e-06	0.0009429868179577	-0.0006759447100799	4.569012510850002e-07	8.892241388419884e-07	-0.0001430849390686	0.0001358233205408	1.8447974402756066e-08	2.0473299788264978e-08	-0.0001799326694438	0.0003243419677493	1.0519771204348797e-07	3.23757655331718e-08	0.0	0.0	0.0	0.0	0.0	0.0	0.0	0.0	0.0	0.0	0.0	0.0	0.0	0.0	0.0	0.0	0.0
976.3832995503126	-0.7654470051826365	0.5859091177430672	953324.3476407556	1652.7624751859362	0.1690892360277303	2731623.7993827425	0.0285911697404414	926.199199744082	-0.6540607024460314	0.427795402484196	857844.9576065779	1017.2877832302617	827.0089939854879	1.301109	31.599312	0.3089936596903334	0.1875263240463646	-0.0714641407	-0.0337106591	0.0435667158	-0.1287914949	-0.0100134123	0.042896568	0.0765008528	0.0682247594	0.0446573649	-0.0701792477	0.0617744015	0.057555701	-0.1200372182	0.0216733446	-0.061315815	0.0199740821	0.1278890784	0.0402962961	0.044732033	0.041513489	-0.0689821908	0.0415858709	0.0124200558	-0.0067494746	0.1581214246	-0.0828709557	0.1651686014	-0.1034183841	0.0569566683	0.0117264618	0.0327565017	-0.048136116	-0.0434760039	0.0013202861	-0.1218459038	-0.1539415044	-0.1187714323	-0.1098276174	-0.1555641997	-0.0486207597	0.0579134138	-0.0599353254	-0.0635174892	-0.0364584036	0.1638081751	-0.1027727702	-0.0987814271	-0.0319223931	-0.028166068	0.0834067933	0.0590626332	-0.0690832348	0.0261830027	-0.0141623474	-0.1016341538	-0.0190547942	-0.0254220681	0.0074580141	-0.1370139867	-0.0312663574	0.039177417	0.0241961932	0.0490975755	-0.0834344833	0.0837988919	0.0122763604	0.0340389601	0.0229587378	0.1970723256	0.016213461	-0.0687256925	-0.0378111808	-0.0877982687	0.056514989	0.0937960952	0.0454814811	-0.0335854445	-0.0458514587	0.0378199667	-0.0848389803	-0.035115021	0.151532482	-0.0110236459	-0.2343433053	-0.0004356919	-0.0743795669	-0.0024211159	-0.0512483179	-0.1451315667	0.0996197224	0.0507581192	-0.0094623218	-0.0471439947	-0.0348067028	-0.0645668124	-0.0039703576	-0.0792929541	-0.0690855386	-0.0895491048	0.0938540589	-1.6527e-06	0.059545115	-0.0551031077	-0.0470439267	0.0383030957	0.0553816485	-0.0824822697	-0.0936878787	0.0802100723	0.0024482238	0.1015925006	0.0746675401	0.0349494174	-0.0107567634	-0.0546199342	0.0128481871379761	0.0123900742086674	0.0001535139388962	0.0001650759127324	-0.0397802147392667	-0.0457371907235851	0.0020918906152856	0.0015824654847021	0.0434225730063531	0.0424100633313457	0.0017986134717687	0.001885519846492	-0.0021820676567638	-0.0031250544747215	9.76596546997687e-06	4.76141925869466e-06	0.0003851339891214	0.00052821892819	2.790152360981924e-07	1.4832818957656265e-07	0.0003359205561794	0.0005158532256232	2.661045503858601e-07	1.1284262006387741e-07	0.0	0.0	0.0	0.0	0.0	0.0	0.0	0.0	0.0	0.0	0.0	0.0	0.0	0.0	0.0	0.0	0.0
976.9532164382396	0.5699168879269791	0.3248052591443729	954437.5871090216	1655.521157664186	2.758682478249739	2740750.3034737664	7.610329015802121	924.500468975028	-1.6987307690540092	2.885686225730826	854701.1171350466	1014.421970543017	820.1796760503319	1.153353	28.010843	0.3583497371083488	0.1742098331823292	-0.0798102077	-0.106482961	0.1030349818	-0.0859594597	0.0028008252	0.06967747	0.023935696	0.05823308	0.0535214168	-0.0085403086	0.1124474517	0.0541278059	-0.0071960086	0.0942529833	0.0017130738	0.0414855667	0.0959407719	0.0769949016	0.0342615503	-0.1085749769	-0.1742488657	-0.0293235803	0.1960807572	0.0197379472	0.1143614228	-0.0129483854	0.0565867039	0.0932951277	-0.0161207268	-0.026303463	0.0186215568	0.0458516117	-0.1011913366	0.0371662265	0.0221033197	0.0672270454	-0.0072233958	-0.1607727721	-0.0954464515	0.0665904586	0.024727792	0.0454447179	-0.1038358762	0.0132632315	0.0652682229	0.0634185721	0.118340269	0.0387170088	0.0964479273	-0.087542663	-0.1306752757	-0.1658080424	0.0414855003	-0.0445618637	-0.0728289805	-0.0697771164	0.1059750782	-0.031340294	-0.0793856092	-0.0540586316	0.0324739167	0.0500207173	0.0167933095	-0.0496439684	0.1831959352	0.0543175775	0.0518769092	0.1013820612	0.1014617107	-0.0432447776	-0.12246392	0.0887375334	0.0014264493	-0.0195399907	0.0961106949	-0.0995817987	-0.0288064794	0.086106361	0.0894627044	-0.034892729	-0.0638963546	0.1409173541	0.0600946081	0.0693138277	0.1065776354	0.0105393104	0.0417465082	-0.0966363881	-0.0913002622	0.1213539519	0.0558374497	-0.0958176577	0.0106820071	-0.1085826708	-0.0038332323	0.0796090016	-0.1771088433	-0.0463735675	-0.1087033773	0.0079988084	-0.0524298471	0.1015942375	-0.0865396713	-0.0629418936	-0.0055430002	0.0630524269	-0.0007007411	-0.0074833123	0.0204292266	0.0112040132	0.1007008652	0.0714208455	0.0287576717	-0.019294242	-0.0637307152	-0.0231437333608823	-0.0359919204988583	0.0012954183411961	0.0005356323938796	0.0057821107362769	0.0455623254755436	0.0020759255027393	3.343280456656859e-05	0.0907237484766199	0.0473011754702668	0.0022374012008689	0.0082307985376489	-0.0048682472896872	-0.0026861796329234	7.21556102033249e-06	2.3699831673546764e-05	0.0016118406915539	0.0012267067024325	1.5048093337928184e-06	2.598030414948955e-06	-0.0003410794217383	-0.0006769999779176	4.583289701005662e-07	1.163351719333331e-07	0.0	0.0	0.0	0.0	0.0	0.0	0.0	0.0	0.0	0.0	0.0	0.0	0.0	0.0	0.0	0.0	0.0
979.9931785188912	3.0399620806516623	9.241369451799985	960386.6299435594	1646.3740475354775	-9.147110128708391	2710547.5043983506	83.66962370671963	926.1898349984688	1.6893660234408117	2.853957561156221	857827.6104544908	1014.0353373674412	828.9111274472284	1.072753	26.053349	0.2370828900965318	0.110815979940717	-0.0173012261	-0.0735846354	0.0820337	-0.160476535	-0.0163893116	0.1241895336	0.0048660683	0.0243671286	0.1080440617	-0.1170884872	0.0252756561	-0.0199898982	-0.1592679815	-0.0059876606	-0.0140010063	-0.0093761221	0.1170873641	-0.0952859649	-0.0487173924	0.009781553	-0.128294832	-0.0713357543	0.0408678654	0.016470368	0.0520715783	-0.0084477824	-0.0766078836	0.1183136095	-0.3211075866	-0.0660434977	-0.1632263614	-0.1898430997	0.0965416227	0.0282505725	-0.0645480401	-0.1006932524	0.018414928	0.1277026983	0.0684473886	-0.0443695451	-0.018865982	0.1321670409	-0.1016986367	-0.0563627258	0.0295778663	0.0956659033	0.0452337417	0.0400914111	0.0097670774	-0.0547083992	-0.0227594921	-0.0353472549	0.0950919459	-0.0237767942	-0.1160196021	0.069276237	0.032495512	0.1051270105	-0.1244118967	0.009446	0.010725149	-0.0590398454	0.124729923	-0.1051163668	0.0246325559	0.0468217832	0.0228223725	-0.0014213631	0.1412394774	0.0575394182	0.0553075889	0.2593240037	0.0663171286	-0.1724401995	-0.0194829821	-0.2057539053	-0.0991619561	0.1062470125	-0.0537745658	0.1415189483	0.0730926462	-0.08257216	-0.0935778203	0.0734704686	-0.180996859	0.0273349376	0.0335391771	-0.0660369075	-0.1533517664	0.1671487433	0.0202470225	0.0076293129	-0.0395748924	-0.0178385765	-0.030170615	0.124717265	-0.1357547561	-0.0110280598	-0.0605448199	0.0542170817	-0.0783237054	-0.0320895484	-0.0903487232	-0.0546825267	-0.0153008601	0.0234465788	-0.0567642284	-0.0323368174	-0.0076896348	0.002347735	0.0997713604	0.0680667272	0.0224686191	-0.0277156827	-0.0722427837	-0.0287696806297788	-0.0056259472688965	3.1651282672404004e-05	0.0008276945235394	-0.0819362025142567	-0.0877183132505336	0.0076945024795187	0.0067135412824572	0.1053429727055217	0.0146192242289018	0.0002137217170549	0.0110971418984362	-0.003694084491378	0.0011741627983091	1.3786582769332898e-06	1.364626022943946e-05	0.0021460201505763	0.0005341794590223	2.853476944414637e-07	4.605402486679525e-06	0.0005329664278941	0.0008740458496324	7.639561472596239e-07	2.840532132621969e-07	0.0	0.0	0.0	0.0	0.0	0.0	0.0	0.0	0.0	0.0	0.0	0.0	0.0	0.0	0.0	0.0	0.0
984.7182596909358	4.725081172044611	22.326392082410475	969670.0509687454	1650.6633610327674	4.289313497289868	2724689.5314559923	18.39821027803304	929.879732914	3.689897915531219	13.615346627041635	864676.317684212	1019.8724319782664	846.9523467307444	1.064244	25.846714	0.2005200007937305	0.1120830142116674	0.016237882	0.016209405	0.0715517897	-0.1241857076	0.0093573775	0.0860319358	-0.1492891869	0.021054348	0.0574640579	-0.1323621737	-0.0849050552	0.0301976256	-0.143842784	0.0410387387	-0.0360476694	0.0607006011	0.083239258	-0.0146142444	0.0126876809	0.0349780213	-0.1611685263	-0.0146206952	-0.0773973577	0.0695925464	0.0332876415	0.0032149517	-0.0264922911	-0.0524116587	-0.1660027732	0.013169946	-0.133863629	-0.2092614269	-0.0617363787	-0.057290178	-0.0626234411	-0.0350437472	0.0992348917	0.2103031229	0.0959785845	-0.1161944822	0.0557349998	0.0058090579	0.0581495172	0.1303793368	0.008429985	0.0011760093	-0.0450522612	-0.1196845872	0.1529385164	0.0505212031	-0.1113131342	0.0436325664	0.0517832278	0.0026086226	-0.0627716548	0.1479089325	-0.0324635511	-0.0197179292	-0.1658715646	0.1068206302	0.0555793349	-0.0521097705	0.0078133281	-0.0150711873	0.0100234845	0.0548987944	-0.0181032243	-0.0862963086	0.0683468754	0.1460872865	0.085548653	0.1692710605	-0.1076403046	-0.139120333	0.0230529869	-0.0644179969	-0.0794041643	0.1178955418	0.0135072863	0.0492565461	-0.1114885046	-0.0089226209	0.0109647529	0.0779293096	-0.2613281962	-0.0811926521	0.0018721985	-0.0243813515	-0.1578698788	0.1786505028	0.0016373622	0.0050410581	-0.0701855249	0.0281541711	-0.0544726638	0.0431452664	-0.0738977518	-0.0199362577	-0.0790365865	0.0530864428	-0.0386186014	0.033413835	-0.0567684695	-0.0719571329	-0.0591597965	0.0032690309	0.0246723263	0.0288464356	0.0393543318	0.0657816383	0.0988043356	0.0646102301	0.0161035399	-0.035970438	-0.080076174	-0.0180254316266825	0.0107442490030963	0.0001154388866405	0.0003249161853282	-0.0625808083290024	0.0193553941852543	0.0003746312840665	0.0039163575711113	0.0200968366628018	-0.0852461360427199	0.0072669037102139	0.0004038828438513	-0.0028359017139296	0.0008581827774484	7.364776795090505e-07	8.042338531068843e-06	0.0013536723106135	-0.0007923478399627	6.278150994937148e-07	1.832428724521692e-06	0.0005859202417361	5.295381384199998e-05	2.804106400413189e-09	3.433025296760898e-07	0.0	0.0	0.0	0.0	0.0	0.0	0.0	0.0	0.0	0.0	0.0	0.0	0.0	0.0	0.0	0.0	0.0
983.706211243936	-1.01204844699987	1.0242420590748489	967677.9100398992	1655.318130479178	4.654769446410683	2740078.1130930814	21.66687859923841	930.8560842734678	0.9763513594677988	0.9532619771346188	866493.0496289333	1019.4296480537604	856.7481378937678	1.000474	24.297951	0.1572249619229588	0.0861031710190967	0.011923097	-0.0122375549	0.1218219409	-0.1128790596	-0.020908587	0.0606745266	-0.0328216344	-0.0607493168	0.0471115708	-0.0909720868	-0.1328091749	0.0925795589	-0.0823106744	-0.0190999964	-0.1017371597	0.1011440534	0.1279528182	0.0819308794	0.0286911787	0.0536549137	-0.0767358381	-0.00126819	-0.0926632128	-0.0901590234	0.083005292	-0.0148213321	-0.086996051	0.0465501155	0.0760065736	-0.0114348131	-0.030151971	-0.0395747259	0.1157947604	-0.0326900111	-0.0534327313	0.0846943437	-0.0840400471	-0.0131406796	-0.0106758931	-0.0873920703	0.0589327428	0.0714529692	0.0991603651	0.0472380215	-0.0185263062	-0.0364367967	0.0675818842	0.0578673131	0.0984448002	-0.0914790238	0.1040227871	-0.0043966172	0.071521938	0.0227394216	-0.0034842374	0.1212491569	-0.1004345344	-0.0491535383	-0.11575091	-0.0485414884	0.0736286297	-0.0082970509	0.0153048785	-0.0245172829	0.1070631258	-0.0324447026	0.0765677383	-0.0533694195	0.12413918	0.1585663239	0.0348556414	-0.0615756563	0.0566461646	-0.0824033279	0.0830186933	0.039544648	0.0685244911	0.0260608396	-0.0216450023	0.0823357027	0.0539372923	0.0047684001	0.0161860106	-0.0431735251	-0.0562842337	-0.0242410085	0.0190494252	-0.0525118021	-0.1567413122	0.1630129281	0.009849183	-0.0304932309	-0.0551650242	-0.0146497681	-0.0291206169	0.0760903747	-0.0830814901	-0.0347151046	-0.0634743458	0.0486137991	-0.0163843502	0.0596392261	-0.0378734762	-0.0234077262	0.0329799729	0.0867482294	0.0089044373	0.0127706818	-0.0299953561	0.0641518318	0.0978001546	0.0610565531	0.0096839714	-0.0440088629	-0.0871572961	-0.021535992517542	-0.0035105608908595	1.2324037768432248e-05	0.0004637989737156	-0.0472315509945957	0.0153492573344066	0.0002355997007178	0.002230819409355	0.0588597237711852	0.0387628871083834	0.0015025614169772	0.0034644670824202	-0.0041219987386645	-0.0012860970247349	1.6540455570319627e-06	1.699087360155173e-05	0.0012570536968405	-9.6618613773e-05	9.335156527416148e-09	1.5801839967403677e-06	-2.340925154218406e-05	-0.0006093294932782	3.712824313787704e-07	5.479930577652467e-10	0.0	0.0	0.0	0.0	0.0	0.0	0.0	0.0	0.0	0.0	0.0	0.0	0.0	0.0	0.0	0.0	0.0
979.9468474443812	-3.7593637995547615	14.13281617740282	960295.8238161812	1658.570327793754	3.252197314575824	2750855.5322378804	10.5767873729342	928.949772570969	-1.9063117024987832	3.6340243070838096	862947.679959655	1018.9238215607588	860.7557129812127	1.038654	25.225222	0.0388996085252097	0.0199510687518224	-0.0231231071	-0.0122049677	0.1145269462	-0.1671378643	-0.019091035	0.0575117556	0.0174988693	-0.0530569384	0.0450028792	-0.1010986706	-0.0610789498	0.0802366924	-0.065082821	-0.0462659517	-0.1823974963	0.1459081978	0.0703009193	0.0834008128	0.0771673645	0.0270851216	-0.0198312405	-0.0059822396	-0.1050040791	0.0991536661	0.1797719653	0.0944980745	-0.0861893026	-0.0496633947	0.0373332524	-0.0423125085	0.1764540739	-0.0834344619	0.0430453522	0.009503263	-0.0639175636	-0.0621640067	-0.1002039343	-0.1445164403	0.0459859539	0.1086159537	-0.1110747556	-0.1718378893	0.0727225213	0.0397787235	-0.1092553321	-0.1033110263	-0.0539850912	-0.0389999244	0.1128437209	-0.0357571133	0.088084567	0.0045512493	0.0555103779	0.0140317596	-0.0500053592	0.0811223966	-0.1250635021	-0.0475166186	-0.0922044442	-0.1072281735	0.0275238932	0.0232631377	0.0082096667	0.0242344627	0.0278218478	0.0252334742	0.1562247344	0.0161725566	0.0367195361	0.1710718716	0.0002618004	-0.0034809018	-0.1164950148	-0.1540434019	0.0744337144	0.111715627	-0.0606202095	-0.0114390339	0.1596015318	0.0215480761	0.1834959175	-0.1532708862	0.0266473584	-0.1593429314	0.0951867731	0.0821196434	0.0179096349	-0.0513912928	-0.1663777302	0.1374338117	0.0085445549	-0.0276361509	-0.0072585882	-0.0016394979	-0.0288632029	0.0404955648	-0.1094223662	-0.0332825913	-0.0244057311	-0.0167859107	-0.0639472573	0.0004699982	0.0015380569	-0.0417819766	-0.002003503	0.0872027982	-0.0189453275	-0.0302557246	-0.1032361484	0.0752978237	0.0967591949	0.0574110412	0.0032316354	-0.0517826133	-0.0934196269	-0.0378152354715837	-0.0162792429540417	0.0002650137511567	0.0014299920337713	-0.0385527841091288	0.0086787668854668	7.53209946522768e-05	0.001486317162565	0.0516257887197184	-0.0072339350514668	5.2329816328839975e-05	0.002665222060933	-0.0042250224114228	-0.0001030236727582	1.0613877148609168e-08	1.785081437702493e-05	0.0012569887568223	-6.494001819992191e-08	4.2172059638061904e-15	1.5800207347776713e-06	7.655408366004281e-06	3.106465990818834e-05	9.650130952114042e-10	5.860527725028835e-11	0.0	0.0	0.0	0.0	0.0	0.0	0.0	0.0	0.0	0.0	0.0	0.0	0.0	0.0	0.0	0.0	0.0
980.5622299843018	0.6153825399205743	0.3786956704390973	961502.2868717868	1664.719555432593	6.149227638839193	2771291.1982396906	37.81300055426384	926.5524753659814	-2.3972972049875807	5.747033889041266	858499.4896068276	1017.6380981140704	862.4938985993015	1.027836	24.962498	0.2616673264493954	0.1515980022611983	-0.0333075075	-0.0435626695	0.1168994787	-0.1505472102	0.0048537607	0.0942229628	0.0708884121	-0.0406897877	0.0384882759	-0.0068341791	0.023160394	0.0927159382	-0.0054358214	0.1047279254	-0.0155303923	0.1220967249	0.0805361013	0.0153867785	-0.0544212748	-0.0099370957	-0.1022952896	0.1089631186	0.0527478565	-0.0033517015	-0.0046993233	0.1299390901	-0.0793806867	-0.0890633214	0.039371553	0.1627798264	0.0355525638	-0.0071998662	0.0472943021	0.0495271346	0.0285375436	-0.0097062234	-0.1671373499	-0.0181292966	-0.0138884826	-0.0628381179	-0.0607488065	0.0389063374	0.0395406541	-0.0012481933	0.0665726096	-0.2038766417	0.0144161491	0.0082765986	-0.0027083667	0.0099233618	-0.0438389227	0.1320278797	0.038451547	-0.0224048031	-0.0171484485	-0.0104797937	0.0319252481	-0.0345532841	-0.0974778672	-0.1162972611	0.0339653064	0.0013279545	-0.0882149815	-0.037628743	0.1064298449	0.1630088898	0.0052827995	0.0604875957	-0.028728206	0.0949736835	0.0243664329	-0.0203021133	-0.1404591706	0.0511729273	-0.0252116731	0.1281541267	0.0458573917	0.067033852	-0.0803572249	0.0330294332	0.1349206743	0.0976823904	0.0023365064	-0.0996097384	-0.0542779659	0.1746662524	0.0339549797	-0.0654530192	-0.1167163635	0.103994514	0.0507896971	-0.0279276752	0.033236142	-0.0775384838	0.0400891038	-0.01495716	-0.0773558964	-0.0330141861	-0.0764972951	-0.0625378061	-0.1035144733	0.0085468438	0.0930365116	-0.0385504233	-0.0074063593	0.046086427	0.0621260551	0.0007931314	-0.0291671653	0.0177302514	0.095681848	0.0536791777	-0.0032316354	-0.059244937	-0.0988043356	-0.0170402056734246	0.020775029798159	0.0004316018631143	0.0002903686093926	-0.1623722001520349	-0.1238194160429061	0.0153312477892062	0.0263647313822124	0.0717079343154338	0.0200821455957154	0.0004032925717275	0.0051420278437865	-0.0053032025075737	-0.0010781800961509	1.1624723197359649e-06	2.8123956836335975e-05	0.0008168673617285	-0.0004401213950938	1.9370684241931285e-07	6.672722866572801e-07	0.0004291686173736	0.0004215132090075	1.776733853678811e-07	1.841857021383675e-07	0.0	0.0	0.0	0.0	0.0	0.0	0.0	0.0	0.0	0.0	0.0	0.0	0.0	0.0	0.0	0.0	0.0
979.7032596568804	-0.8589703274213889	0.737830023390408	959818.4769823168	1657.4986661706464	-7.220889261946695	2747301.828357472	52.141241733297086	923.9476706285642	-2.6048047374172256	6.7850077200712215	853679.2980599498	1013.2475239048068	854.5049401079875	1.093635	26.560501	0.3247512734932099	0.1537922067011703	-0.0287111063	-0.017206743	0.1118951774	-0.0670198041	-0.0039854672	0.0623438651	0.0050328679	0.0204523211	0.0712196375	0.0078890536	0.0971216871	0.0405744117	0.0426228708	0.1389244853	0.0814656816	0.058742011	0.0121201057	0.0886682982	-0.0595894169	-0.0694534622	-0.0394892011	0.136426368	0.1325269123	-0.0423801248	0.0222069842	0.142554012	-0.0132998397	0.0900520616	-0.0572201831	0.0205411674	0.0540481793	-0.0515412094	-0.1564909813	-0.0863609073	0.0637065235	0.087623168	0.1130397334	-0.0319787083	-0.0185928703	0.0474841668	-0.0614738246	-0.1009498768	0.0735248956	0.0375922215	0.0588670922	0.0259211786	0.2128151897	0.1451838099	-0.0568594089	0.1626993676	-0.0588882726	0.0811292357	0.0699630811	-0.0362488488	-0.0282164791	-0.0586392548	0.1263462584	-0.0198707845	-0.0475622307	-0.0399123753	-0.0422514575	0.0464267255	-0.1291143008	-0.0128296286	0.1124357169	0.1426593098	-0.0141200344	0.181046336	-0.0597855822	0.0191424063	-0.1238065962	-0.0961089515	0.0360094139	-0.0172825071	-0.0739172723	-0.0174812319	-0.1588221715	0.0650720907	0.07419455	0.1005376058	-0.0514101292	0.0485823334	-0.0451996506	0.0006734224	-0.0183778138	-0.1571685548	0.0176704682	-0.0399295564	-0.0635376062	0.0844145147	0.023667825	-0.1249590828	0.0086800982	-0.0948229768	0.0221730858	-0.0640188417	-0.0965143492	0.0355357751	-0.0280028012	-0.039969172	-0.1065499129	0.0515565355	0.0269442929	-0.0580101759	-0.111878946	-0.0329603261	0.0182653805	0.0430153637	-0.0462013026	0.0737687133	0.0945685192	0.0498665756	-0.0096839714	-0.0663509546	-0.103260836	-0.0372379291152356	-0.020197723441811	0.0004079480322318	0.0013866633647913	-0.0494181119047283	0.1129540882473066	0.0127586260517803	0.0024421497842282	-0.0151223804939135	-0.0868303148093473	0.0075395035698903	0.0002286863918026	-0.0069368444204146	-0.0016336419128409	2.6687858993904745e-06	4.811981051303717e-05	0.0012514290112475	0.000434561649519	1.8884382723267418e-07	1.5660745701918955e-06	0.0004563479949086	2.717937753500001e-05	7.387185631900633e-10	2.0825349245709965e-07	0.0	0.0	0.0	0.0	0.0	0.0	0.0	0.0	0.0	0.0	0.0	0.0	0.0	0.0	0.0	0.0	0.0
981.662322610338	1.9590629534576465	3.837927655610197	963660.9156327234	1656.506753503675	-0.9919126669713024	2744014.6244032853	0.9838907388981216	924.8900849329624	0.9424143043981984	0.8881447211343404	855421.6692073024	1016.1196123708291	866.8970795565402	0.982909	23.871361	0.1757516738726662	0.1319817330101722	-0.0202495511	0.0082110659	0.1264418498	-0.0839791015	0.0132375766	0.0432402566	-0.0819339373	0.0157421847	0.0826321268	-0.0389660621	0.0693581664	0.0004496965	-0.0346403568	0.1418790416	0.1127650871	0.0587578957	0.0187504528	0.2065322682	0.043141704	-0.0232915749	0.0882507725	-0.0067956027	0.0924505777	0.0489163808	0.0276698492	0.1151565262	0.0896586968	0.1222767366	0.0017380059	0.0149635122	0.091981855	-0.1303193145	-0.0116725524	-0.0936182604	-0.0823902918	-0.0733161372	0.0819750621	-0.038915397	0.072691893	0.120948306	-0.0203512094	-0.1007134351	-0.0151267287	0.1285346347	0.2046612304	0.0055734368	-0.1136390778	0.0486925854	-0.0266039599	-0.0948499204	0.0348622211	-0.0483098792	0.0434999325	-0.050895443	-0.0678038374	0.0100535209	0.0741903476	0.0124091712	-0.0875381422	0.0737612607	-0.1397071193	0.0038651467	-0.1773314304	0.0556314756	0.0928288768	0.0300762034	0.1222598882	0.1030448042	0.0011881297	-0.0452386603	-0.1389200043	-0.021602607	-0.011979541	-0.0298778867	0.0887152045	0.0641506316	-0.0630388331	0.1063857023	0.0289542657	0.0322445109	-0.0742681519	-0.1093616828	-0.0203881797	-0.0577801966	0.0038768802	-0.0481164499	0.0056143832	-0.0324943513	-0.0972348831	0.049684064	-0.0244496827	-0.1082211896	-0.0245311008	-0.0622340531	0.0510357531	-0.021786485	-0.1101336732	0.0574178279	0.0207093857	-0.0106407911	-0.1290710141	0.0277910447	0.0436270649	-0.0089815145	-0.0819399637	-0.0597651944	0.0420993203	0.0428784759	-0.1282351554	0.0375631395	0.0934196269	0.0459789694	-0.0161035399	-0.0730579298	-0.106747262	-0.0374209811916017	-0.000183052076366	3.3508062661939405e-08	0.0014003298333422	-0.1826621448425101	-0.1332440329377817	0.0177539723135246	0.0333654591584661	-0.0256938019734818	-0.0105714214795683	0.0001117549520986	0.0006601714598524	-0.0065313672584802	0.0004054771619344	1.6441172885037594e-07	4.265875826514716e-05	0.0011271823200453	-0.0001242466912022	1.5437240274694848e-08	1.270539982622705e-06	0.000561687489351	0.0001053394944423	1.1096409089380416e-08	3.154928356934297e-07	0.0	0.0	0.0	0.0	0.0	0.0	0.0	0.0	0.0	0.0	0.0	0.0	0.0	0.0	0.0	0.0	0.0
980.886823984987	-0.7754986253510197	0.6013981179213211	962138.9614673548	1654.910356968286	-1.5963965353892036	2738728.2896008994	2.5484818982026525	925.6621350009568	0.772050067994428	0.5960613074902009	856850.3881745297	1016.2561798606614	862.9998342026959	1.118587	27.166508	0.1888711424469975	0.1231988363906998	-0.0107864167	-0.0733038663	0.1252139892	-0.0358180965	-0.0271694295	0.0282030493	0.0100213142	-0.0115361131	0.0921066667	-0.0208748544	0.043476995	0.0111875407	0.0449152755	0.0985431699	0.1115774355	0.0801237579	-0.0593629491	0.2218387282	-0.0867439657	-0.0228542027	0.0384880199	0.0290757404	0.1167394339	-0.0024153569	-0.0549078809	-0.0438837337	0.0399806862	-0.0984861041	0.0327640767	0.070776777	0.1086259172	0.0333486591	0.1729458351	-0.0699357577	0.0084417777	0.0877679233	-0.0386756445	0.077745333	0.0042940186	-0.1260375118	0.0092636537	-0.0104949694	-0.1817502656	0.0463167933	-0.0520636487	0.1792893249	-0.0760216172	0.0346159414	-0.0234069309	-0.1020590931	-0.0251238025	-0.1277449517	0.057138421	-0.0421016198	-0.0478272192	-0.0123321211	0.0356813041	0.0012396803	-0.0033649455	0.0233968869	-0.1047101139	0.0610884342	-0.2065552599	0.0824204276	0.1574016187	0.001482365	-0.047132935	0.0750430636	0.0046694069	-0.1147811456	-0.0201424005	-0.0374996619	-0.0431412865	0.0735648839	0.1091393101	0.0775101828	0.0195498057	-0.0623516261	-0.0960414782	-0.0154879051	0.0383445568	-0.0013122326	-0.0565728102	0.1308301361	0.0307076403	0.0107963558	0.0531842873	-0.068231815	-0.0053322741	0.0824776978	0.0204234848	-0.0851700339	0.0997678701	-0.0382372974	0.0427172734	-0.1022120748	-0.0981966937	0.0987036788	-0.0568224961	0.0623277918	-0.0953189751	-0.0172896585	0.0744455739	0.0613273492	0.0111982861	-0.0264465823	0.0147586661	0.0682379007	0.0104393041	-0.0488640251	0.0922356034	0.0420222065	-0.0224686191	-0.0793255261	-0.1092308605	-0.0108260598365461	0.0265949213550555	0.0007072898418815	0.0001172035715844	-0.1825355445754866	0.0001266002670234	1.602762761041926e-08	0.0333192250334694	0.0018994482617316	0.0275932502352134	0.0007613874585431	3.6079036989951967e-06	-0.0086647435282391	-0.0021333762697589	4.551294308370404e-06	7.507778041016138e-05	0.0011326957931383	5.513473093000064e-06	3.039838554723569e-11	1.2829997597932026e-06	0.0011139251582932	0.0005522376689421	3.049664429987148e-07	1.2408292582785306e-06	0.0	0.0	0.0	0.0	0.0	0.0	0.0	0.0	0.0	0.0	0.0	0.0	0.0	0.0	0.0	0.0	0.0
980.56112254134	-0.3257014436470626	0.1060814303937807	961500.1150395328	1656.9575786538128	2.0472216855268925	2745508.417458306	4.191116629691571	926.097563762986	0.4354287620292325	0.18959820680231	857656.697607738	1015.9528232932424	855.402998792926	1.075452	26.118914	0.1950158420353941	0.1052916560343449	-0.0029281472	-0.0907724017	0.0697072788	0.0753743207	-0.0182866889	0.0363561169	0.0490886325	0.0046156142	0.0922310924	0.0001573922	0.0259300591	0.0308136325	0.1209410896	0.0598474615	0.0749252957	0.1737974613	-0.1130248486	0.0466158356	-0.1102805974	-0.1413202161	-0.0039184699	-0.0725302454	0.0950961681	0.0322468534	-0.1142254832	-0.017446204	-0.0105143422	-0.0075888694	-0.0119047518	0.1833437792	0.0331873144	-0.0200312472	0.0007630134	0.0819200095	0.0336160585	-0.0156012443	0.0035515898	0.0351735819	-0.0269063238	0.0009578617	0.1234428391	0.1139258382	-0.0422557134	-0.0377159051	-0.0811627022	-0.0202065483	-0.0170487876	-0.0563157087	-0.1329214342	-0.021848305	0.1216282903	0.066764112	0.0732600251	-0.0444530995	-0.022296872	-0.020680054	0.0358561561	-0.0143936987	0.0654700049	-0.1136635662	-0.0905862905	0.0447792454	-0.0812862316	0.1554504565	0.187288739	0.0440066355	-0.1054043737	0.0096432325	-0.0617872748	-0.0998410024	0.0375739292	0.0797992278	-0.0605616952	0.07632185	-0.0383716835	0.0438049262	-0.027303303	0.039624766	-0.1521798896	-0.0588600223	-0.0402549098	-0.0130506858	0.0662523575	0.0366423196	-0.0236887527	0.0524023451	0.0759266839	-0.066824868	0.0278212694	-0.0014680436	0.0314934188	-0.0708957488	0.0034988951	-0.1418323157	0.1068560139	-0.0489039423	-0.0079158407	0.0010079801	0.0337714307	0.0980545854	-0.1029884216	0.0237953847	0.0940814574	0.1774094995	-0.0012274847	-0.042031401	0.0345168364	0.0784318627	0.0897625974	-0.0481729473	0.0910168938	0.0380022381	-0.0287576717	-0.0851160492	-0.1106882998	-0.0109176344170833	-9.157458053719868e-05	8.385903800563891e-09	0.000119194741265	-0.1226787634435453	0.0598567811319413	0.0035828342474771	0.0150500790000373	0.0562212299373072	0.0543217816755756	0.0029508559644089	0.0031608266956635	-0.0100793047788856	-0.0014145612506465	2.0009835318305904e-06	0.0001015923848256	0.0011891419781711	5.644618503279999e-05	3.186171804757093e-09	1.4140586442486769e-06	0.0009700185010257	-0.0001439066572674	2.0709126005905693e-08	9.40935892332146e-07	0.0	0.0	0.0	0.0	0.0	0.0	0.0	0.0	0.0	0.0	0.0	0.0	0.0	0.0	0.0	0.0	0.0
980.323855610392	-0.2372669309479533	0.0562955965214608	961034.8618788248	1656.436635235053	-0.5209434187597708	2743782.326548824	0.2713820455491179	925.8598258366554	-0.2377379263306238	0.0565193216159851	857216.4170982819	1015.4095932741512	841.5291804236273	1.086554	26.388531	0.259963722878545	0.1592477117376747	0.0435639598	-0.1466564217	0.0182957619	0.0446392946	-0.0086035471	0.0463711126	-0.0081592872	0.0652971365	0.1121074366	0.0214440983	0.0155095357	-0.0067890909	0.1132826723	0.0492280437	0.0264064713	0.1729523849	-0.096435206	0.0084402736	-0.041819154	-0.0795023081	0.0017398533	-0.0233934667	0.041408915	0.0373518756	-0.0275521224	0.0441749069	0.01230329	-0.0217494052	0.0916935164	0.1476786175	-0.0071354515	0.0915977732	0.028574185	0.0900831634	0.1045138469	-0.1474237214	-0.0073462051	0.0785563194	0.0363642982	-0.0151453723	0.0420434836	0.0515851677	0.0057622191	0.0424418259	-0.006061843	-0.0942780472	-0.1180092076	-0.0820636602	0.184040317	0.0508302608	0.0710976772	0.0653119339	0.079109522	-0.0826748645	-0.0090217969	-0.0132085853	0.0365116029	-0.0445174243	0.075743338	-0.0763738385	-0.0768463769	-0.0010235503	-0.0347730521	0.1625942582	0.0795023659	0.0475085525	-0.0430394899	0.0583258521	0.010826184	-0.0218152916	-0.0030031166	0.0584364356	-0.0946198515	0.0468233377	-0.0220649308	0.0540819627	0.0302209185	0.0648202237	-0.1032811414	-0.1809309061	0.0228219909	-0.0035701888	0.025476904	0.0208512338	-0.0162602947	0.1691742025	0.1148346046	-0.0720189418	0.0632611833	-0.0081331491	-0.0074987375	0.0617644483	0.1268528843	-0.0330032035	0.1452717168	-0.0471979299	-0.0450950246	0.0976827246	0.0026983099	0.0861436121	-0.0557756693	0.0213261161	0.0737656304	0.1326348002	0.0506566253	-0.0462057475	0.0626242735	0.143190746	0.0906693351	-0.1355046535	0.0897639565	0.0339251109	-0.0349494174	-0.0903946745	-0.1111058879	-0.0021716889893781	0.0087459454277052	7.649156142439747e-05	4.716233066586073e-06	-0.1430245603167321	-0.0203457968731868	0.0004139514504049	0.0204560248537945	0.0750215558780453	0.0188003259407381	0.0003534522554779	0.0056282338463626	-0.0125961674385261	-0.0025168626596404	6.334597647492644e-06	0.0001586634341393	-0.0002851980528468	-0.0014743400310179	2.1736785270618624e-06	8.133792934760611e-08	0.0012202489031056	0.0002502304020799	6.261525412506844e-08	1.48900738553042e-06	0.0	0.0	0.0	0.0	0.0	0.0	0.0	0.0	0.0	0.0	0.0	0.0	0.0	0.0	0.0	0.0	0.0
983.4185458281725	3.094690217780453	9.57710754402603	967112.0362787972	1655.8238595810426	-0.6127756540104201	2741752.65395786	0.3754940021478981	926.8773309076586	1.0175050710031428	1.0353165695171107	859101.5865505052	1017.442748115438	867.7098952254703	1.129536	27.432426	0.1734568256440735	0.0982215148647233	0.0669484836	-0.1037183811	0.0612998929	0.061998838	-0.0052829708	0.0883198755	-0.0234392241	0.0424818461	0.0974277798	0.0237646875	-0.0208398293	-0.016596374	0.1292386759	-0.001005035	0.014346798	0.1087580494	-0.0913929836	0.0225208535	-0.045707251	-0.0016077856	0.0009587383	0.0256151549	0.0906336879	-0.0756911212	0.0195495509	-0.0798659148	-0.0737341572	-0.011306986	-0.0814804759	-0.0608847746	0.0535207123	0.017433368	-0.0453404447	0.1172966789	0.0787017405	-0.1360802719	-0.0714174331	-0.0821134619	-0.1732389297	0.011171813	-0.080286621	0.1187419979	0.1104793619	0.1291520051	-0.1083642734	0.1464752947	0.0582697181	-0.0504721867	-0.1240079762	-0.0291664175	-0.0101967677	0.2118907164	0.061763902	-0.0762853303	0.0110954415	0.0069707346	-0.0080321722	-0.030735565	0.0855478921	0.0030595342	0.0159992147	0.04653197	-0.0869971417	0.0775458085	0.0388363335	0.1628687208	-0.0405250586	-0.0082684135	-0.0028443985	0.0058010483	0.1032813131	-0.0734378666	0.0329502841	0.0031745608	-0.0655995762	-0.1449516978	-0.0761174069	-0.0661339168	-0.0364278637	-0.0770304433	0.0760809978	-0.0104839645	-0.14103474	-0.0822281887	0.0903695258	0.0715098458	0.1093631974	-0.0314310307	0.0920150727	0.0006971502	-0.0007012396	-0.0206929646	0.0151232411	-0.0881369355	0.0809973599	-0.074952847	-0.0072648336	0.0718974051	-0.0340679933	0.0292381459	-0.0179071891	-0.0577234471	0.1224686997	0.0828626095	-0.0302398809	-0.0320288477	-0.1268644636	0.0323765773	0.0293698005	-0.0416495603	0.0884772626	0.029796957	-0.0410229053	-0.0951296555	-0.110479702	-0.0235740958697903	-0.0214024068804122	0.0004580630202747	0.000555737996078	-0.1864234966031688	-0.0433989362864366	0.0018834676707941	0.0347537200857516	0.0605173437900106	-0.0145042120880347	0.0002103721682946	0.0036623488993983	-0.0124979252340263	9.824220449979916e-05	9.651530744980358e-09	0.0001561981351553	0.001234085954564	0.0015192840074108	2.30822389517422e-06	1.5229681432521389e-06	0.0009547497072324	-0.0002654991958732	7.048982300931585e-08	9.115470034603536e-07	0.0	0.0	0.0	0.0	0.0	0.0	0.0	0.0	0.0	0.0	0.0	0.0	0.0	0.0	0.0	0.0	0.0
980.9497654058248	-2.4687804223476637	6.094876773767107	962262.4422497428	1665.2532579612557	9.429398380213115	2773068.4131505764	88.91355381276573	926.2657298795664	-0.6116010280921955	0.3740558175634305	857968.2023493259	1014.1768000771598	852.9228546598362	1.175793	28.555826	0.3717746690832345	0.1758031114954142	0.0857295197	-0.1391014606	-0.0136776452	0.1025669341	0.003317001	0.0858101317	0.0754157795	-0.0206557911	0.1386078304	0.0520968779	-0.0332270082	-0.0480945923	0.1036725537	-0.0126557389	-0.0392890139	0.0448124389	-0.1349989222	-0.1020564419	-0.0268606598	0.0118250586	0.0074490411	-0.060972375	0.1255215303	-0.0847866506	0.1987018971	0.005123708	0.0083655939	0.0295959809	-0.0219731869	-0.1811300623	-0.0315628854	0.0715135554	-0.0048075657	-0.0202452491	-0.0101740767	0.1152905101	0.0579805438	0.0496279965	-0.1006226972	0.0757732866	0.0546768904	-0.0115837221	-0.0580630217	-0.0482815293	0.0563856754	0.0938617276	-0.0316211512	0.0283255036	0.0187072563	0.0099608443	0.0920190258	0.0415043575	0.1175021067	-0.0911393808	0.0386051456	0.0074069242	0.0381308719	0.0266019905	0.1290488806	-0.1816686673	-0.0542021739	0.0645331257	0.0676521137	0.0768478571	-0.031653768	0.0013273907	0.014570072	0.0866421933	0.1346562933	-0.0324188148	0.0323529615	-0.0299185268	0.0984391102	-0.0402277343	0.0488356637	-0.1410161278	-0.0028357702	-0.1638886236	0.0493947312	0.0883920432	-0.1058633611	-0.0006876903	-0.0405725611	0.128287919	0.1414452979	-0.1148349351	0.1591148823	-0.0357991791	0.0877614644	-0.043175194	-0.0569248127	-0.0702629602	0.0235895575	-0.0672855685	0.0068521103	0.1501524397	0.0703445606	-0.0674796245	-0.0022218929	-0.0364979906	0.0137861008	-0.1156008175	0.0238817204	0.1534355002	0.0492176483	0.050950114	0.0966907183	0.057355362	-0.0447606047	-0.0470042548	0.0871572961	0.0256239856	-0.0469575846	-0.0992925156	-0.1088156246	-0.0919276116375442	-0.0683535157677539	0.0046722031178125	0.0084506857813831	-0.1621074475874167	0.0243160490157521	0.0005912702397364	0.026278824563307	0.1446679829018791	0.0841506391118685	0.0070813300629359	0.0209288252768983	-0.0132583485944212	-0.0007604233603948	5.78243687034271e-07	0.0001757838074511	0.0030401387838085	0.0018060528292445	3.261826822022063e-06	9.242443824816624e-06	-0.0003778634068854	-0.0013326131141178	1.7758577119187405e-06	1.4278075426304136e-07	0.0	0.0	0.0	0.0	0.0	0.0	0.0	0.0	0.0	0.0	0.0	0.0	0.0	0.0	0.0	0.0	0.0
980.7789382131576	-0.1708271926671614	0.0291819297545434	961927.3256425288	1663.2546574691366	-1.998600492119067	2766416.055592775	3.9944039270985767	926.7007695541532	0.4350396745868465	0.1892595184646293	858774.3162922598	1017.4558777672928	852.1217589497851	1.028632	24.981817	0.145945171702273	0.0672247065580861	0.0821428117	-0.1104095477	-0.0233451438	0.0821763094	0.0222280496	0.0303196229	-0.089041932	0.0701454846	0.1126150505	0.0860226795	-0.0624694427	-0.0813446822	0.1351137046	-0.0058460161	-0.0567782632	-0.0895941547	-0.1160510927	-0.0310056609	-0.0277255182	0.0592987079	0.0725057355	-0.0519998763	0.0011126923	-0.0565425231	0.1264435788	-0.088346451	0.0153662454	-0.1319644313	0.0234373232	-0.1461043723	-0.1492474073	-0.0564837426	-0.0493525399	-0.0017753598	-0.0877707542	0.0827741825	-0.0039691489	0.0345214032	0.0017017027	0.012716795	0.0229845367	0.0054060966	0.11108634	0.0052154706	-0.0438546824	0.0421761616	-0.0257317547	-0.0154391835	0.1082449619	-0.1020960782	-0.0702609339	-0.0067439962	0.0633869452	-0.1149483844	0.0683981139	0.0166985199	-0.0245763751	-0.0632750816	0.1440103284	0.0270143471	-0.0948258447	0.0771200997	-0.0026916435	0.0045196916	-0.141052851	0.0295372115	-0.0179889565	-0.0151248436	0.0915057077	-0.017951035	0.0916534253	-0.0279174519	0.0141824784	-0.0335305783	0.0127696364	-0.1042547667	0.0927991603	-0.0753142458	0.0805152356	0.0595535609	-0.0868392269	0.0444366879	0.0211600013	0.0345717616	-0.0157056401	-0.0573956217	0.1294013888	-0.014473623	0.0819536392	-0.060684043	-0.0729261992	-0.0616441042	0.0493731447	-0.043814782	0.0214706627	0.1411778534	0.0322067544	0.0038650724	0.0858320181	-0.0518659703	0.0294196339	-0.0715528768	0.026894021	0.0835480101	-0.0511822562	0.0412409542	-0.1254174892	-0.0012770942	-0.0827950906	-0.040137309	0.0858045533	0.0214124734	-0.0527333744	-0.1028582188	-0.1061292888	-0.0790908991161956	0.0128367125213486	0.0001647811883557	0.0062553703230082	-0.1750758018522447	-0.012968354264828	0.000168178212338	0.0306515363942064	0.0965801419806027	-0.0480878409212763	0.0023124404444699	0.0093277238249933	-0.0137015724650638	-0.0004432238706426	1.9644739950740906e-07	0.0001877330880153	0.0023926011109365	-0.000647537672872	4.193050377884853e-07	5.724540076054574e-06	-0.0007281471432672	-0.0003502837363818	1.226986959735944e-07	5.301982622481843e-07	0.0	0.0	0.0	0.0	0.0	0.0	0.0	0.0	0.0	0.0	0.0	0.0	0.0	0.0	0.0	0.0	0.0
982.7159696512164	1.9370314380587388	3.7520907920279054	965730.6770075304	1655.526051494203	-7.728605974933544	2740766.5071759867	59.73135031577847	925.8218708184312	-0.8788987357220321	0.7724629876537865	857146.1364857398	1018.7341279672283	849.9863328967857	1.211208	29.415934	0.3526427578961876	0.2078517067754218	0.0495634611	-0.0930345296	0.0398592342	0.0174107815	0.0056571026	0.0319299616	-0.0453387654	0.0580437372	0.0527906262	0.0670038714	-0.0106385225	-0.0378487781	0.0682871373	0.0135178391	-0.0112452147	-0.075420534	0.0867352147	0.0519877597	-0.0230759971	0.0569660743	-0.0111389176	-0.1509593251	-0.0972634625	-0.0161109312	-0.0400740009	0.0243804533	0.0804992075	-0.1618806853	0.0513146943	-0.1248214726	0.0162418126	0.1282231074	-0.0750389211	0.0301986075	0.0698410337	0.057316064	0.1575356159	-0.1029726955	-0.0393445586	0.1328478494	-0.0149095456	0.0107368353	0.0098785861	-0.0574615827	-0.0204897574	0.025869353	0.0514828331	-0.0343007535	-0.138770076	0.0965070934	-0.0839431963	0.0491068815	0.006846306	-0.073843673	0.0355893994	-0.0065067515	-0.0096506145	-0.0078203758	0.0728324477	0.0616671587	-0.0406240006	0.0372688497	-0.1209037325	-0.1177143584	-0.0410279715	0.0260770556	0.1022823586	-0.2314461761	-0.07219766	0.1099831391	0.0604709813	0.0174042218	-0.0287790987	0.1022753641	-0.0238468812	0.0327144452	0.0330822971	-0.172499921	0.1010752832	-0.1441716291	-0.0942764923	-0.0446160168	0.091527814	0.0619489367	0.1730754322	-0.0372113919	0.0819317186	-0.0447100616	0.0219016061	0.0654585678	-0.0040822907	-0.0518055879	0.1777456517	0.0306246164	0.0248432496	0.0485749442	0.0918249812	0.0021431724	-0.0619576458	-0.0618695551	0.105825006	-0.0713082429	0.0029996177	-0.0572099402	-0.0466407826	0.0721100266	0.0355062405	-0.0151059158	-0.0073065664	-0.0998428329	0.0844195428	0.0171687548	-0.0583307311	-0.1058053206	-0.1024459312	-0.0661412818280382	0.0129496172881573	0.0001676925879097	0.0043746691618559	-0.207674752180111	-0.0325989503278663	0.0010626915624786	0.0431288026930705	0.0400179930931088	-0.0565621488874939	0.003199276686771	0.0016014397712001	-0.0101393486086247	0.0035622238564391	1.2689438803383854e-05	0.0001028063902072	0.0010541599984164	-0.0013384411125201	1.7914246116840428e-06	1.1112533022612644e-06	-0.000618171284373	0.0001099758588942	1.2094689539516992e-08	3.821357368233645e-07	0.0	0.0	0.0	0.0	0.0	0.0	0.0	0.0	0.0	0.0	0.0	0.0	0.0	0.0	0.0	0.0	0.0
985.506890437926	2.7909207867096484	7.789238837688003	971223.8311006305	1665.448621987641	9.922570493437888	2773719.1124805324	98.4574051972442	925.8520833142028	0.0302124957715932	0.0009127949007485	857202.0801772495	1020.888286314102	872.4660597384687	1.495592	36.322628	0.3764730217463288	0.2348657380051692	0.1004903359	-0.0534818361	0.012839411	0.1218739171	0.0922962497	0.0452907667	-0.1125948904	0.0934360799	0.0879666467	0.1315988117	-0.0159406561	-0.040338414	0.067595627	-0.0157657307	0.0662326016	-0.2353070552	0.0754735926	0.1247322436	-0.0082227586	-0.0060052083	0.0187053032	-0.1543562705	-0.0227278231	0.0766097679	-0.2354516275	-0.2697941835	-0.0114574039	-0.1466720256	-0.1897885454	0.0819659273	0.079582343	-0.0657325093	0.0702955323	-0.0819164744	-0.0785224366	0.0878579062	-0.1257328864	-0.1560298469	0.0090722423	-0.0153813209	-0.1414200118	0.1046939892	-0.0287644909	-0.1368849671	-0.1106428268	0.0052113693	-0.0199507897	0.0260353249	0.1936117004	0.1584147228	-0.067664884	0.053182408	-0.0335321843	-0.1623762897	0.054295132	-0.0383874821	-0.0392103795	-0.1247747131	0.046828886	0.3157098072	0.0184376467	0.074628668	-0.0403284369	-0.192065739	0.109759587	-0.1628401267	-0.1603343858	-0.1206185712	0.0149152737	-0.4220583741	0.1492962336	0.1142698653	0.0333690222	-0.0062320653	0.1325072819	0.1518271404	-0.0319228091	0.0064792957	0.0173799976	0.2094664907	0.1481120879	0.0574784547	-0.0332423341	-0.0199055149	0.0853407036	0.0860666091	0.1038792363	0.0389376797	0.1714523934	-0.0307009987	0.0486157114	-0.103458058	-0.0781666378	-0.021593181	0.0328348148	-0.1662665174	0.0590310871	0.0342147975	0.0025248506	0.0755824124	0.1570932253	-0.0064142141	0.0378557189	-0.1226059593	-0.1460480338	-0.2184277809	-0.3744329494	-0.1378501755	0.1808432663	0.0408963353	0.0830027857	0.0128992127	-0.0637307152	-0.1081160967	-0.0978001546	-0.0321962991293531	0.0339449826986851	0.001152261850414	0.0010366016776267	-0.2237187425465663	-0.0160439903664552	0.0002574096268789	0.0500500757666168	-0.0314981206108697	-0.0715161137039785	0.0051145545193203	0.0009921316020168	-0.0143606223739345	-0.0042212737653097	1.781915220169277e-05	0.0002062274749667	0.0010442589098738	-9.901088542599997e-06	9.80315543284049e-11	1.0904766708508171e-06	0.0002500125613188	0.0008681838456918	7.537431899202032e-07	6.250628081718675e-08	0.0	0.0	0.0	0.0	0.0	0.0	0.0	0.0	0.0	0.0	0.0	0.0	0.0	0.0	0.0	0.0	0.0
982.27919862261	-3.227691815316007	10.41799445465794	964872.424046677	1650.319511217769	-15.129110769871886	2723554.4891060563	228.8899926870535	926.7359595316492	0.8838762174464136	0.78123716776738	858839.5386890465	1013.1024570004298	858.8963524733068	1.307077	31.744253	0.2625180074770742	0.116816919809974	0.0970963434	-0.0804504858	-0.0088663509	0.1269431057	-0.0850459133	-0.0100906381	0.132412137	-0.1173619343	0.0789112333	0.1230554279	-0.0725280104	-0.0113907997	0.0957199038	-0.0723384505	0.002359162	-0.0885095089	0.0230428241	0.0067504853	-0.0900149149	-0.0190659132	0.1103414375	-0.0654929011	-0.0189354375	0.012805488	-0.0379224289	0.0236525937	-0.027802013	0.0802754016	-0.0274164113	0.1412433284	-0.0906795111	0.1408564197	-0.070877365	-0.1000789441	-0.0920700323	-0.0929949356	0.1533054983	0.0190199447	0.0935792246	0.0975053368	-0.0904776205	-0.0494263479	-0.0275681086	-0.0186608668	0.0005236427	-0.0693131064	0.097857904	-0.0461797034	-0.0233053659	-0.1451420672	0.0834989107	0.0012138035	0.093944746	-0.0277607603	0.1442083239	-0.0465765447	0.003054713	0.1040549456	0.1581418146	-0.1412964894	-0.0629127642	0.0391617695	0.0407183365	-0.0504947285	0.066473334	-0.2319193355	0.0300809297	-0.0096759769	-0.0558948864	0.0021290476	0.0327674397	0.1128084832	0.0635175667	-0.0297346716	-0.2473472382	0.0811290869	-0.0037937205	0.0860658222	-0.0155012743	-0.1908632325	-0.0517749405	-0.0788891287	-0.0701544649	0.0747349725	-0.0579750149	0.0036532223	0.1221702007	0.0091381895	0.1323871391	-0.111158884	-0.027734627	-0.1019423152	-0.0054698741	0.0365812341	0.0651414704	-0.0198961398	0.0107948074	-0.0798447284	0.1134234995	0.0486137032	0.0636654774	0.0213191525	-0.079093538	0.0408768419	0.0344157298	-0.066600834	0.0564532248	-0.0149049672	0.094465165	0.0493739779	0.0815548146	0.008610269	-0.0689150546	-0.1097766499	-0.0922356034	-0.0642616661576767	-0.0320653670283236	0.0010281877626611	0.0041295617373606	-0.1502324362328266	0.0734863063137397	0.0054002372156367	0.0225697848964503	0.0268701753311262	0.0583682959419959	0.0034068579711724	0.0007220063223254	-0.0152707306863568	-0.0009101083124222	8.282971403401661e-07	0.0002331952156952	0.0012561551527505	0.0002118962428767	4.4900017745261496e-08	1.5779257677816322e-06	-0.0005999436472425	-0.0008499562085613	7.224255564719001e-07	3.599323798666333e-07	0.0	0.0	0.0	0.0	0.0	0.0	0.0	0.0	0.0	0.0	0.0	0.0	0.0	0.0	0.0	0.0	0.0
981.8836742674184	-0.3955243551915828	0.1564395155497173	964095.549792886	1650.0905746404017	-0.228936577367449	2722798.904517091	0.0524119564567219	927.5211560958172	0.7851965641680181	0.6165336443812606	860295.4950053213	1016.0261933243536	866.5197804689976	0.926896	22.511005	0.1167637605057421	0.0579488536687322	0.094245544	-0.0791283688	-0.0014089803	0.079819404	-0.042849405	0.0031070824	-0.0491257029	0.0376688738	0.056659078	0.1030922982	-0.0947373565	0.001841834	0.1028634939	-0.1180939719	-0.084924777	-0.1318487228	-0.0132056257	0.0740709023	-0.0231470268	0.131843259	0.0360132457	-0.0972708932	-0.0165347354	0.0286030862	-0.0390898066	-0.0113120333	-0.0129668465	-0.0031190405	0.0957250118	-0.0370613297	-0.0625381469	0.0903857798	-0.0262569374	0.0606208804	-0.0209212498	-0.0548337467	-0.006910016	0.1398740547	0.0794826142	-0.0737370572	-0.0109772516	-0.2036456396	-0.009952179	-0.0397431674	-0.0519339716	-0.0852393191	0.0336645903	0.0403861122	0.0260540286	-0.0107294546	-0.0541142978	-0.137202641	0.0650686502	-0.0414300634	0.1164619756	-0.0127885932	-0.0863903699	-0.0330428054	0.1384224638	-0.0348565102	-0.0196969393	0.0485393314	-0.0391369474	-0.0867939382	-0.0885783511	-0.0830381893	0.0606587488	-0.1047244466	-0.037316448	0.0357043186	0.0445808728	0.025561278	0.0625843185	-0.012687622	0.0054761238	-0.0945133969	0.0526276968	0.0186617319	0.0536555368	-0.1305932188	-0.041937538	-0.0026526553	0.0542854584	0.0102027388	-0.0794136618	0.0541944051	0.1063004026	0.0067291276	0.1009023243	-0.0519628142	-0.0538872002	-0.0774981985	0.0890903803	0.0278355391	0.005058712	0.0653846421	0.0540706826	-0.0213788814	0.1023598742	-0.0521056186	0.0983606015	-0.0335380469	-0.0002047452	0.0050970034	-0.0204751849	0.0528328225	-0.0756494557	-0.0432536633	-0.005066243	-0.024313345	0.080076174	0.0043083746	-0.0738662073	-0.1107769935	-0.0858045533	-0.0791681569855313	-0.0149064908278545	0.0002222034688009	0.0062675970804857	-0.174258950591664	-0.0240265143588374	0.0005772733922354	0.0303661818613079	0.023372740988151	-0.0034974343429751	1.2232046983422352e-05	0.0005462850212991	-0.0142707810398621	0.0009999496464946	9.99899295524875e-07	0.0002036551914876	0.0014386807933914	0.0001825256406408	3.3315609491370936e-08	2.069802425273308e-06	-0.0002957525148566	0.0003041911323859	9.253224502221613e-08	8.74695500440034e-08	0.0	0.0	0.0	0.0	0.0	0.0	0.0	0.0	0.0	0.0	0.0	0.0	0.0	0.0	0.0	0.0	0.0
982.2870167546872	0.4033424872687874	0.1626851620361719	964887.7832848232	1657.7408800973026	7.650305456900924	2748104.8255457794	58.52717358388805	925.4309958051912	-2.090160290626045	4.368770040509953	856422.5279969878	1018.2208954482156	863.3255512392891	1.055835	25.642473	0.1217947761880867	0.066942842653095	0.0881824795	-0.0898934386	-0.0084460985	0.1131882183	-0.0003773962	0.0155072445	-0.04284384	0.0786288596	0.0546529222	0.1176386036	-0.0158760849	-0.0067263715	0.0426524798	-0.1474777049	-0.1394837916	-0.1543837696	0.0456070214	0.0296083	-0.0886016977	0.1042578668	-0.045215244	-0.0011956465	0.0456265402	-0.0465993427	-0.0488067797	-0.0678881736	0.0472378914	0.0711585283	-0.0760075518	-0.0592680514	-0.0032337622	-0.0343502691	-0.0387306575	0.0464353221	-0.0093580134	0.0908014077	0.0915616576	0.0542480572	-0.0341547153	-0.0171478318	0.0949584018	-0.1071802681	0.1169566834	0.1922943294	-0.013997473	-0.0267791365	-0.0169233607	-0.1504988478	-0.0106899241	0.0169250172	-0.0090991622	0.0075861613	0.001083988	-0.0950672383	0.0660354364	-0.0536556684	-0.1413725423	-0.0209019499	0.0871128281	0.0410205553	0.0045923228	0.0703686155	-0.0447831155	-0.1707745132	-0.1138190989	0.0427121313	-0.029227741	-0.0991895025	-0.0708974385	0.06967109	0.005168811	0.0131167583	0.1022954859	0.0166570878	0.0038565636	-0.1545770451	-0.0585981028	-0.055511277	-0.0093364059	0.0036418039	-0.1155112163	-0.0709423078	0.0066401581	0.0207819951	-0.0751068221	-0.0387904527	0.1303054363	0.0126493063	0.1669383729	-0.001789098	0.017233357	-0.0889979169	0.0355070665	0.0668397024	-0.0790817412	-0.0733014046	0.1074339638	-0.0629735168	-0.042654332	-0.0510723963	0.1369614512	-0.1085225295	-0.1313500868	-0.0643223781	0.0202625	-0.0111564794	0.0228675714	-0.0302493028	0.0164612159	0.0585299673	0.0785674201	0.0	-0.0785674201	-0.1111111111	-0.0785674201	-0.0832837499724519	-0.0041155929869206	1.6938105633990043e-05	0.0069361830094738	-0.1914829717203474	-0.0172240211286834	0.0002966669038413	0.0366657284588553	0.0207511181328783	-0.0026216228552727	6.872906395288186e-06	0.0004306089037646	-0.0151481997438343	-0.0008774187039722	7.698635820802575e-07	0.0002294679554791	0.0018345220791251	0.0003958412857337	1.5669032349130874e-07	3.36547125879748e-06	-0.0009791633094949	-0.0006834107946383	4.670503142281528e-07	9.587607866610055e-07	0.0	0.0	0.0	0.0	0.0	0.0	0.0	0.0	0.0	0.0	0.0	0.0	0.0	0.0	0.0	0.0	0.0
980.6482540793866	-1.6387626753006543	2.685543105958558	961670.9982289491	1660.789490536306	3.048610439003369	2758221.7318758424	9.294025608800313	924.6025090187352	-0.8284867864559828	0.6863903553321613	854889.7996837402	1014.7666080155047	863.6419771208115	1.21377	29.478174	0.14153101347743	0.0808895557886527	0.0856289585	-0.0438376059	-0.056400995	0.0988014679	-0.0156747966	0.0695240691	0.1286621888	-0.0074138818	0.0484491318	0.1379125489	0.0094924212	0.0413024267	0.0252239742	-0.0947939297	-0.0335708037	-0.1842018293	0.0377547648	-0.0305409614	-0.0425729828	0.0833836312	-0.0460612768	-0.0048999733	-0.0542969737	-0.020635247	-0.0765394536	0.1365138512	-0.1597262156	0.1183622762	0.0200916475	-0.0284866961	0.0607488354	0.0349682973	-0.0973612694	0.1378736039	-0.0276846796	-0.0554041207	-0.1387622179	0.0783617529	0.1173309996	-0.0801880951	0.017434468	0.014675287	0.060131516	-0.155648728	0.1572466471	-0.0484977357	-0.0276462624	0.0224281829	0.0551236383	0.0348573223	0.0762673614	-0.0157163149	0.0441433784	-0.0688267991	0.0908112017	-0.1015899074	-0.0201621402	0.0522592243	0.0716501194	-0.1061171255	0.0554428703	0.0142337223	0.0308626278	-0.1650723821	-0.0658945089	-0.1316112654	0.012751047	-0.0865142424	-0.1032086095	0.0676069556	-0.0100577968	-0.092963474	0.099389178	0.0245675023	-0.0004861444	-0.0473705376	-0.0659465098	0.0343495467	0.0393891021	0.1123403028	0.1414929491	0.1101042417	0.0045860637	-0.0875966166	-0.1988460894	0.1439813552	0.1047469431	0.0222345292	0.0871455766	-0.0998357216	-0.0173022545	-0.1135457517	-0.1339346245	-0.1208465328	-0.0480277906	0.1418054616	0.1527417607	-0.0916890473	0.1239013586	-0.0712861353	0.1405579433	0.0141108116	-0.0458489494	-0.0158950546	-0.0133702493	-0.014531455	-0.0064440095	-0.0702896816	-0.1077769288	0.0673036345	0.0770291202	-0.0043083746	-0.0830027857	-0.1107769935	-0.0705921926	-0.0891073550772318	-0.0058236051047799	3.391437641641854e-05	0.0079401207288598	-0.1804295889584608	0.0110533827618865	0.0001221772704807	0.0325548365717191	0.0920543630877119	0.0713032449548335	0.005084152741089	0.0084740057634842	-0.0153044689423798	-0.0001562691985455	2.4420062414052908e-08	0.0002342267696082	0.0022732427801706	0.0004387207010454	1.9247585352585495e-07	5.167632737597759e-06	-0.0014511890230225	-0.0004720257135275	2.2280827423123987e-07	2.105949580540998e-06	0.0	0.0	0.0	0.0	0.0	0.0	0.0	0.0	0.0	0.0	0.0	0.0	0.0	0.0	0.0	0.0	0.0
979.114500436526	-1.5337536428605745	2.3524002369880828	958665.2049650678	1662.8968751734271	2.1073846371211857	2765226.017461549	4.441070008774392	924.1230841327388	-0.4794248859964227	0.2298482213126829	854003.4746270049	1014.7899830931271	841.5551448744635	1.364187	33.13126	0.1514576140381337	0.109923667753726	0.1166662132	-0.1235179636	-0.1060253853	0.0702377278	0.0208058859	0.0551371895	0.0093391323	0.0684614158	0.076613653	0.153400886	0.0195538205	-0.0380118468	0.0178141758	-0.0543856868	-0.0280727202	-0.1138150579	0.0786915452	0.02409504	-0.0414060275	0.0744674881	0.0526777134	0.0779148521	-0.1269835451	-0.1041131187	0.0374101972	0.2048505535	-6.74945e-05	0.1705986718	0.060391934	-0.0588611861	-0.0396149335	0.0455308934	-0.0034052932	-0.1081294862	0.0309957792	0.0702077843	-0.1158415958	0.0508975846	0.003841112	-0.1286031566	0.1286056989	0.0677373982	-0.134245155	-0.1027991617	-0.0285524516	-0.0101059111	0.0497022147	-0.0221993075	-0.1696601669	0.0202179291	0.0049611055	-0.1134004107	0.0344857617	-0.1178485159	0.0821559515	-0.0860320457	-0.0009358574	-0.0069896585	0.078262505	-0.0079593293	-0.0343275424	-0.0528747067	0.0152440606	-0.1338245961	-0.095893073	-0.079240778	0.0199404897	0.0524082471	-0.0337861388	0.1405691083	-0.1117711436	-0.1274284681	0.1573419226	-0.1132738849	0.0295598388	0.0465051665	0.1135691686	-0.0191414083	-0.0253579511	0.0581400375	-0.112438125	0.134355124	0.0256495139	-0.0490932538	-0.0381812603	0.0273778113	0.1677952027	0.0212023994	0.123661991	-0.0778822412	-0.1011621607	-0.029946558	0.1504299375	0.1622391336	-0.1391093519	0.0967695368	0.0590874329	-0.0996448257	-0.0448932615	-0.0705320989	0.1107523174	-0.0575659806	-0.1965083037	-0.0221068809	0.151079492	0.0173274884	0.1830573856	0.0339351967	-0.0911807025	0.0333327335	0.0754618528	-0.008610269	-0.0871572961	-0.1097766499	-0.0619537931	-0.1065944586453753	-0.0174871035681434	0.0003057987912029	0.0113623786139006	-0.1808659585354064	-0.0004363695769455	1.9041840768367706e-07	0.0327124949569313	0.1015258508992715	0.0094714878115596	8.970908136452229e-05	0.0103074984008211	-0.017293886863852	-0.0019894179214722	3.957783666274772e-06	0.0002990785228597	0.0027479097659777	0.000474666985807	2.253087474151976e-07	7.551008081955618e-06	-0.0014683571773729	-1.7168154350399997e-05	2.9474552379915834e-10	2.15607280034251e-06	0.0	0.0	0.0	0.0	0.0	0.0	0.0	0.0	0.0	0.0	0.0	0.0	0.0	0.0	0.0	0.0	0.0
993.388009334438	14.273508897912052	203.73305625877447	986819.7370894375	1757.9041764165806	95.0073012431535	3090227.0934628565	9026.387289507318	925.2157384228868	1.0926542901480616	1.1938933977789643	856024.1626254078	1045.755960785414	915.3606760006816	3.520595	85.502739	1.4410734414450057	0.7968962846629006	0.1692725693	0.236249118	-0.235416947	0.2015714873	0.63985446	-0.1646166243	0.0304662836	0.0362168208	-0.2477192236	0.2657867407	0.0001960419	-0.5288934574	-0.3014643852	0.0263955461	-0.2026366553	0.0915011725	-0.1104653976	0.2304619642	0.2443850177	-0.1364813891	-0.2071922026	0.2005250025	-0.0674314861	-0.1549586172	-0.0127993525	-0.1148524764	0.1011021216	0.0729746102	0.0203306314	0.0410558412	-0.0584252809	0.0248755601	-0.0023655473	0.0897565711	0.0163365765	-0.055166111	0.0274100808	-0.0618449879	0.0553273625	-0.0203453516	-0.0324021507	-0.001538203	-0.0185421109	-0.023704459	-0.0509257289	0.0353225022	-0.0833390323	0.0156285604	-0.0252525955	-0.0557513104	0.0517128758	0.0239578999	-0.6149836932	-0.3417351031	0.0846886619	0.2209449432	0.004004828	0.2280862715	-0.0282906941	0.1142703685	0.3118309342	0.1668907311	0.0159980849	0.1895159832	0.0343805507	-0.148759664	0.1108047087	0.2207975064	0.094389959	0.1074298064	-0.0940877633	0.0353102415	0.0573675424	0.0814201059	-0.0481628739	-0.0223387659	0.0396095321	-0.0089689767	-0.0393866496	-0.038006126	0.0466927282	-0.0724082156	0.0514679238	-0.0059644844	-0.001514391	-0.0243778901	-0.1184604322	0.387629231	0.3400505977	0.328832061	0.1954919322	0.1714583518	-0.0522563153	-0.2771611299	-0.2949686168	-0.0657475741	-0.0176772589	0.2697928378	0.2016999554	-0.0407595467	0.0460616433	0.1977498579	0.1051352966	-0.174472729	0.0692121418	0.1676162195	0.2261031044	0.0270221148	0.0355323623	-0.0559089731	0.0738662073	-0.0128992127	-0.0910168938	-0.1081160967	-0.0527333744	0.0528931666890315	0.1594876253344068	0.0254363026348081	0.0027976870823936	-0.2788146602598971	-0.0979487017244906	0.0095939481695132	0.0777376147758418	-0.5606982725601313	-0.6622241234594027	0.4385407896915743	0.3143825528519152	-0.0117440676513206	0.0055498192125314	3.080049329178266e-05	0.0001379231249987	-0.0011700624352759	-0.0039179722012536	1.5350506169795982e-05	1.36904610244377e-06	-0.0005078887726238	0.0009604684047491	9.224995565212812e-07	2.5795100535731e-07	1.0	0.0	0.0	0.0	0.0	0.0	0.0	0.0	0.0	0.0	0.0	0.0	0.0	0.0	0.0	0.0	0.0
988.380080043776	-5.007929290661991	25.07935578027032	976895.1826273412	1607.8483973222517	-150.05577909432895	2585176.4687717333	22516.73683960605	927.5150943758606	2.299355952973769	5.287037798475912	860284.2502950616	1012.3183383448524	883.8876726071989	3.123435	75.85714699999998	0.7236898912637909	0.3985874768493398	0.0952374911	0.3689627083	-0.2125603991	0.1428045778	-0.2657420216	-0.3404858927	-0.185066123	-0.4107718582	-0.293554992	0.0806748707	-0.082837638	-0.0409795845	-0.2006940136	-0.0024308966	0.2554530884	-0.1754261797	-0.3421297294	-0.0103709392	0.0163061552	-0.2427924149	0.0668386144	-0.2756272862	-0.0221715876	-0.0374113792	0.2214723571	0.2538079107	-0.1449362247	-0.1261519258	0.1004578972	0.0436280807	0.0093036012	-0.1365221242	0.1064288094	-0.0948557477	0.0348525482	-0.0539155046	0.0146245519	0.1175344829	-0.0883128693	-0.0599956459	-0.0529942995	0.0880750246	0.094016087	0.0724707125	0.0384994972	-0.0668622461	0.0650965471	0.0269256903	0.0042610953	0.1009760699	-0.0656609099	-0.072009596	-0.1005921398	0.3411262232	0.2624878841	-0.0775750388	0.0746698936	0.4512615728	-0.0459908008	0.1294592405	-0.3144363645	0.2687047695	0.1987141801	0.2717287639	-0.0304505002	0.095103871	0.0423147553	-0.2099226442	-0.0840477994	0.038672202	0.0009107498	-0.112459904	-0.0621940506	-0.1208802421	0.1313076245	0.1127149496	0.0175883097	0.0996310121	0.0197573231	0.0454559558	0.0219556131	0.1118988241	-0.0797594112	0.0292122772	-0.0684008072	-0.0179437329	-0.2213682194	0.3983335926	0.0976104769	-0.1980598449	-0.2330650276	0.0237636947	-0.116148329	-0.0640503335	0.066010505	0.1653360456	-0.2336735233	0.1045696091	-0.1958357841	0.2338235432	-0.200660377	-0.3212357409	-0.1214799038	-0.0298882221	0.1214496465	0.0664952245	0.0469108263	-0.2518866702	-0.0559214172	0.1952964865	0.0722427837	-0.0171687548	-0.0945685192	-0.1058053206	-0.0430175569	0.0174610235565637	-0.0354321431324678	0.0012554367669596	0.0003048873436428	-0.4863263404752871	-0.20751168021539	0.0430610974258142	0.2365133094400849	-0.6698451323946344	-0.1091468598345031	0.0119130370117326	0.4486925013927852	-0.0050200198879897	0.0067240477633309	4.521281832355529e-05	2.520059967581212e-05	-0.0013620287865558	-0.0001919663512798	3.6851080023717944e-08	1.855122415406665e-06	8.081274393999336e-06	0.0005159700470177	2.6622508941955e-07	6.530699583110934e-11	0.0	1.0	0.0	0.0	0.0	0.0	0.0	0.0	0.0	0.0	0.0	0.0	0.0	0.0	0.0	0.0	0.0
989.2380725495428	0.8579925057667879	0.7361511399519716	978591.9641815346	1625.4601782567995	17.611780934547824	2642120.7910986263	310.1748276865022	932.1765787644744	4.661484388613758	21.72943670528978	868953.1739970403	1015.726727088892	900.1984929052912	2.274615	55.242325	0.7762768720871861	0.3987790084337652	0.0029214463	0.2436400897	0.0691741685	0.050435318	-0.1583615295	-0.263251931	-0.1253351716	-0.0283154564	-0.2447712282	0.0384996218	-0.1934470071	0.1241954403	0.0414941362	-0.0842229838	0.1276347134	0.0208286021	0.1001628022	-0.029051806	-0.0106963182	0.0006579943	-0.050677495	0.0554508981	-0.0641967228	0.1120005301	0.0072320055	-0.0836979665	0.1448400454	0.052121253	-0.2075647403	-0.0460647927	-0.0253672784	0.1040991387	0.0610911128	-0.1349448758	-0.0101936643	-0.0820501545	0.1298935604	-0.0466954763	0.0693827284	0.1540980392	0.1418970257	0.0691151444	-0.0022393688	0.0989745525	-0.0715488562	-0.0138342322	0.0427409194	0.0136099865	-0.0712428993	-0.1467079943	0.0216648031	-0.0037437401	-0.0303333525	0.2843963767	0.2265471937	-0.0151131686	-0.0709026154	-0.0814829099	0.0212143583	0.091075649	0.0394358241	-0.2034641702	-0.017591376	-0.048840955	0.0498140175	-0.0506489831	-0.0475915396	0.0713757359	0.1222380259	-0.0560782125	-0.0845784168	0.2530830218	-0.0018982912	-0.1791421129	-0.008266703	0.0157523162	0.0661417873	-0.1209617327	-0.0698385353	-0.1702654107	-0.0426873608	-0.1160819371	0.0814064505	-0.0365214732	-0.0797756427	-0.166230428	-0.1972151933	0.1383028991	-0.0109884729	-0.0541747081	-0.086637641	-0.1329597269	0.0630592363	0.2322470625	0.0499286837	-0.1512790354	-0.0951029334	-0.0231319412	-0.0533773597	0.0837974861	0.0819263097	0.1418235964	-0.1270050031	-0.0575790593	0.0440288323	-0.1745458433	0.0823684371	0.2247020147	-0.0402803909	-0.058811564	0.0705921926	-0.0214124734	-0.0978001546	-0.1028582188	-0.0328976148	0.0110747709267968	-0.0063862526297669	4.078422265120465e-05	0.000122650551081	-0.2250208521204797	0.2613054883548074	0.0682805582443443	0.0506343838890267	-0.4259960188903875	0.2438491135042468	0.059462390156807	0.1814726081104594	-0.0086651746943391	-0.0036451548063494	1.328715356225213e-05	7.508525248341471e-05	-0.0021313937324698	-0.000769364945914	5.919224200012524e-07	4.542839242811546e-06	0.0008882818740979	0.0008802005997039	7.747530957191063e-07	7.890446878508774e-07	0.0	0.0	1.0	0.0	0.0	0.0	0.0	0.0	0.0	0.0	0.0	0.0	0.0	0.0	0.0	0.0	0.0
978.01915410765	-11.21891844189281	125.8641310058426	956521.4658014432	1645.5773570745173	20.117178817717782	2707924.8381163534	404.7008835840332	928.4698905486026	-3.706688215871736	13.739537529682396	862056.3376553342	1018.4901772557532	900.3580166779725	1.778018	43.181744	0.1717602751261794	0.0785234505323353	-0.0946469666	0.3016576796	-0.0001363173	-0.0376665491	-0.0904313772	-0.2901719014	-0.0077285389	0.0308910451	-0.2631934577	0.0263323679	-0.054643674	0.1488333605	0.0035072051	-0.1214587963	-0.0010154341	0.0283906795	-0.0581754549	-0.0809626423	-0.091302842	0.1021497449	0.0628411936	0.0577621501	-0.0372670643	-0.0559979386	-0.0049539643	0.0416509015	-0.0592578018	-0.033634785	-0.0074427597	0.0338439421	-0.1005227879	-0.0682073287	0.0980567345	-0.0673253547	0.0233221945	-0.0880348881	-0.2007444644	-0.2840028238	-0.0809933772	0.1441497836	-0.1184043515	0.00411101	-0.0109030991	0.1370670514	0.0348030893	-0.0254932197	0.0106699952	-0.1385090024	0.0304130487	0.0320885677	-0.0424290222	-0.0916121383	-0.1308584365	0.2277496947	0.1146682797	-0.0782690882	-0.1643656231	-0.0631269542	-0.0314091149	0.0043720375	0.0040982092	-0.110636105	-0.067913409	0.018014815	-0.147182128	0.103859313	-0.0951726518	0.1476525669	0.0759830975	0.0327168923	0.0720541276	0.0897523338	0.1103183414	-0.0906586806	-0.023982035	0.0588114566	0.1106543112	0.1348937549	-0.0966625383	0.0225270752	0.1150126338	0.0764482327	-0.0547764053	-0.1840602321	0.3049357077	0.0842932662	-0.2283670839	0.1512866085	-0.061461652	-0.1698922235	-0.0769004096	-0.1144329975	0.0034633604	0.0229592775	0.0514647801	-0.1112398972	-0.0991356172	-0.0740063187	0.0679147844	0.0130040609	0.0056097626	0.0909641239	0.1074855399	0.0285705076	0.1050259594	-0.0400793516	-0.143160726	0.0802780693	-0.1489230316	-0.1537976428	0.0689150546	-0.0256239856	-0.1007008652	-0.0992925156	-0.0224686191	0.0181557324472123	0.0070809615204154	5.0140016053604976e-05	0.0003296306206947	-0.2396462983141987	-0.014625446193719	0.0002139036763653	0.0574303482956979	-0.3823021404883775	0.04369387840201	0.0019091550098096	0.1461549266219951	-0.007648025331985	0.001017149362354	1.0345928253373505e-06	5.849229147868428e-05	-0.0024360131577385	-0.0003046194252686	9.279299425103307e-08	5.934160104675099e-06	0.0016937128666758	0.0008054309925779	6.487190838050212e-07	2.868663274743156e-06	0.0	0.0	0.0	1.0	0.0	0.0	0.0	0.0	0.0	0.0	0.0	0.0	0.0	0.0	0.0	0.0	0.0
973.0212851045562	-4.997869003093797	24.978694572085782	946770.421266522	1658.8215838536332	13.244226779115934	2751689.0470586764	175.40954297665164	925.6444048619808	-2.825485686621846	7.983369365304925	856817.5642522905	1019.7993073482436	861.383979754118	1.451717	35.257053	0.2456456285115078	0.1200119395677274	-0.1775919525	0.2029724253	-0.0777734091	-0.0990324894	-0.0257024068	-0.2079260775	0.1559392413	0.066002784	-0.2564444566	0.0349077744	0.0752419886	0.110956521	-0.0326846292	-0.1421430863	-0.0307704716	0.0124647612	0.0046257445	-0.1160959976	0.0213225982	0.2378424504	-0.0931628738	0.050661323	0.0537190916	0.0884596463	-0.0380051303	0.102906621	0.079345639	-0.0492653939	-0.1756379317	0.0110637835	0.0625200958	0.0803945248	0.0652446582	-0.0297877066	-0.0697257816	-0.0075245618	-0.0707370332	0.0418371497	-0.1803408024	0.0763276668	-0.0516811417	-0.0005681093	-0.0918025493	0.020249593	0.1763433888	0.0237347668	-0.0085080456	0.0637323651	-0.0544790359	0.0576537537	-0.0212305864	0.1482600152	-0.1717165018	0.1662646691	0.0231218371	-0.144235893	-0.1097620024	-0.0254553708	-0.0232999202	-0.0727302922	0.1609547206	-0.1608279943	-0.0773520294	-0.0739466454	-0.1889350381	0.0763813791	0.0010514309	0.0423768468	-0.0166871891	-0.0460262583	0.020390612	0.1129488142	-0.0381858232	-0.0199060927	0.0761964603	0.0402381526	-0.1107801184	-0.091301722	-0.0206430657	0.0105088715	-0.0113467694	0.0755372083	-0.1516627148	0.0190717771	0.024579681	0.0025662924	-0.212135095	0.0556165674	-0.1266072093	-0.096511933	0.0196142193	-0.0143753533	0.1210146332	0.0646793064	-0.0927286589	-0.1737256534	0.0822768417	-0.0477998691	0.0114061361	-0.1409818803	0.0444813236	0.0244697383	0.0796623907	0.0308944669	-0.0829506932	0.0293127284	-0.0833921524	0.1106853894	0.0325255547	-0.0220950174	0.0672120005	-0.029796957	-0.103260836	-0.0951296555	-0.0118285441	0.0129828809368177	-0.0051728515103945	2.6758392748591685e-05	0.0001685551974195	-0.277339524512783	-0.0376932261985842	0.0014207793012576	0.0769172118569765	-0.2811810383966886	0.1011211020916889	0.0102254772882377	0.07906277635384	-0.0064958182388132	0.0011522070931718	1.3275811855554106e-06	4.219565459169822e-05	-0.0030812752189155	-0.0006452620611769	4.163631275943903e-07	9.494256974702762e-06	0.0014580130468078	-0.0002356998198679	5.55544050858076e-08	2.125802044661764e-06	0.0	0.0	0.0	0.0	0.0	0.0	0.0	0.0	0.0	0.0	0.0	0.0	0.0	0.0	0.0	0.0	0.0
972.7403196779252	-0.2809654266310417	0.0789415709619633	946223.729527112	1652.3894143633402	-6.432169490293063	2730390.776700022	41.37280435185692	925.3957455866764	-0.2486592753043623	0.0618314351948906	856357.2859499208	1017.8979839723656	822.1486881499643	1.381534	33.552547	0.3646564336364863	0.1763885621232129	-0.1911161841	0.1773094724	-0.140696486	-0.0933707978	-0.0230249299	-0.1028832557	0.1661165189	0.0761397687	-0.1909066762	-0.0703460394	0.0822176496	0.1563559571	-0.1531793881	-0.023224962	0.0280572433	-0.1042920603	0.0397568725	-0.0089701173	0.0183413256	0.1277520268	0.0220703658	0.0987165159	-0.1800028069	0.1038647801	-0.0374393066	-0.0474096965	0.0309287276	-0.0708383635	0.0556210421	0.1817453684	0.1094508574	0.0425040625	-0.0637460974	0.1851614004	-0.0867585681	0.269714494	-0.0087101531	0.0676043359	-0.0783703625	-0.0431020688	0.1580428393	-0.0991282374	0.049857418	0.0438642819	-0.107185892	0.1264131687	0.0535914373	0.1392007143	0.0096867113	-0.1124302767	0.0334824928	0.0287382959	-0.1081294353	0.1663128773	-0.0726517968	-0.0881150707	-0.0291038531	0.0035283349	-0.166870215	-0.0199949513	0.1595714564	-0.1138905871	-0.0820708828	-0.0901716375	-0.125493489	-0.1749229804	-0.048481268	-0.1299684543	-0.0769891539	0.0093584687	-0.0758043795	-0.1151660306	-0.1178198036	0.0938931895	-0.0689475278	0.0581992065	-0.1509233638	-0.1137082363	-0.0986975225	0.0736359856	-0.0719113071	0.1067017347	0.1628086031	0.0534558434	-0.0163684614	-0.0579964585	-0.2250470496	0.0446468787	-0.1876738622	-0.0903113567	0.0087950068	0.0306926115	-0.0411086271	-0.0526019467	-0.15268153	0.0248258533	0.2197370824	0.0464564231	0.0374858753	-0.1937958632	-0.01280739	-0.1294829627	-0.1774504591	0.1949380614	-0.4700329874	0.1898237457	0.0196632959	0.135593229	0.2357655318	0.3998943599	0.0654836707	-0.0339251109	-0.1054714048	-0.0903946745	-0.0010773469	-0.0981977615185201	-0.1111806424553377	0.0123611352567816	0.0096428003672481	-0.2235934332308318	0.0537460912819511	0.0028886423280878	0.0499940233839504	-0.247639706032217	0.0335413323644716	0.0011250209767839	0.0613254240037228	-0.0056491311879285	0.0008466870508846	7.168789621358301e-07	3.1912683178426464e-05	-0.0021482773546388	0.0009329978642766	8.704850147448831e-07	4.615095592453881e-06	-8.606938872531477e-05	-0.0015440824355331	2.3841905677218755e-06	7.4079396755493425e-09	0.0	0.0	0.0	0.0	0.0	0.0	0.0	0.0	0.0	0.0	0.0	0.0	0.0	0.0	0.0	0.0	0.0
976.0107111542032	3.270391476278064	10.695460408112217	952596.9082877336	1653.494090774538	1.1046764111979428	2734042.7082263166	1.2203099734571663	925.8366216529832	0.4408760663068278	0.1943717058421824	857173.4499938092	1019.4254206907166	836.5105427710139	1.423484	34.571373	0.4080491533270249	0.1833414504973293	-0.1823615439	0.1544250803	-0.0572570009	0.0096731219	-0.0046944678	-0.1908111112	-0.0829029158	0.1100948453	-0.2068942898	-0.0493569968	0.0726847988	0.1282371285	0.0091109537	-0.0618587474	0.054470377	0.0890188022	-0.0596936296	0.0921476111	-0.0758415324	-0.0218212945	0.1459875599	0.1288124925	0.0705655813	0.0636689206	0.0483674689	-0.1712475174	-0.0297901329	0.0844306497	0.1274669959	-0.0650752213	0.0072089171	-0.1006868791	0.0916051201	0.1282436077	0.0883612462	-0.0218629346	0.0890922956	0.1202196518	-0.0378614265	-0.0292130853	0.0544199454	-0.0061599198	-0.007132725	-0.2195313623	-0.0221182425	0.0298049379	0.1108345364	-0.1460132116	-0.002483455	-0.0374661706	-0.0820312755	-0.0179967337	-0.1428304137	0.1518928953	-0.042585096	-0.0891468431	-0.0677253485	-0.1416102632	-0.0485924887	0.0463585579	-0.0858050688	-0.1049012442	-0.0288042611	0.1343179431	0.0350113002	-0.0308803717	-0.1084321111	0.0139213433	0.0329148225	-0.0119396192	-0.0944244166	-0.2484164526	-0.061908783	0.0155455992	0.0330402977	-0.2905920445	-0.1296864314	0.1149584778	-0.0651133183	-0.0531328849	0.0187737457	-0.0184595507	-0.0311864936	0.142560327	0.0092164867	-0.0045797194	-0.2152771305	0.0232782761	-0.0719635163	-0.0714224538	0.0712918134	-0.0979179961	0.052384807	0.0431288105	-0.0797168756	-0.1160300009	0.0444622445	-0.0315571084	-0.0446361836	0.0757011403	-0.0242846002	0.0619238649	-0.075896708	-0.0105799432	-0.0046137701	-0.0982830848	0.0377371567	0.0195235066	-0.083584747	-0.0853205892	0.0637307152	-0.0380022381	-0.1073250918	-0.0851160492	0.0096839714	-0.0242534412041521	0.073944320314368	0.0054677625067538	0.0005882294102432	-0.1558412927373353	0.0677521404934965	0.0045903525414504	0.0242865085220438	-0.3009338098955467	-0.0532941038633296	0.0028402615065953	0.090561157938249	-0.0085372533352563	-0.0028881221473278	8.341249537885342e-06	7.288469451034481e-05	-0.0018110843951419	0.0003371929594969	1.1369909193427817e-07	3.280026686326502e-06	0.0009497872775666	0.0010358566662919	1.0729990331013993e-06	9.020958726273738e-07	0.0	0.0	0.0	0.0	0.0	0.0	0.0	0.0	0.0	0.0	0.0	0.0	0.0	0.0	0.0	0.0	0.0
967.2278459723362	-8.78286518186701	77.13872080285182	935529.7060242854	1662.3823883273424	8.88829755280426	2763515.205020919	79.00183338718621	922.9333174901744	-2.9033041628088085	8.429175061782956	851805.9085334191	1019.3817020900332	861.1988115151913	1.528168	37.113762	0.2266947012436507	0.1102744165077496	-0.2399664587	0.18581429	-0.0426544232	-0.1045651451	-0.0108164147	-0.1551377986	0.1972600499	0.0424896169	-0.192081781	-0.0653357147	0.1704337673	0.1694899823	-0.0410008948	-0.036402704	-0.0135137956	0.0467426607	0.0158230109	0.0299025709	0.0147475496	0.0227399866	0.0102581012	-0.010550191	0.0714310426	0.1052028574	0.0393726726	-0.0407281162	0.0155019754	0.057084869	0.0417035906	0.0201501849	0.0252350682	-0.0099753289	-0.1775022082	-0.1246741727	0.1755431376	0.0593767995	0.1221301325	0.059516656	0.013793052	-0.1044542339	-0.073881458	-0.0358550087	-0.0867525729	-0.1236640933	0.0566426767	0.1872508002	-0.1697384613	0.0300230401	0.1525887574	0.021604099	0.0859114196	0.0360706153	-0.1629691458	0.1372378064	-0.126027098	-0.1431447454	-0.0920766778	-0.0423716778	-0.1097241679	-0.1169124867	0.0679448626	-0.0305805932	-0.100714819	-0.0080703355	0.0273097987	0.0245704211	-0.0144917921	-0.0319958252	-0.0578212833	-0.0954243378	-0.0480138405	-0.1082268024	-0.0893361371	0.0300227791	-0.0827714926	0.013154475	-0.008077423	0.0892345821	0.2371584768	0.0375009069	-0.0480661113	-0.0145398523	-0.0720602822	0.1866445029	0.031595832	-0.0441977704	-0.2336508293	-0.0203382498	-0.1688240187	-0.1154415338	0.0730971376	-0.0549931042	0.0071827061	-0.0585510316	-0.0759031049	-0.0872209681	0.099618061	-0.0468748377	0.0670389287	-0.1021055838	-0.0088065641	0.0809313584	0.1344295743	0.1165396162	0.0311939975	0.0929521561	-0.0440990951	-0.0915897835	-0.1468078595	-0.1556766844	0.0619537931	-0.0420222065	-0.1088156246	-0.0793255261	0.0203543145	-0.0132792764984372	0.0109741647057148	0.0001204322909881	0.0001763391843219	-0.2062306312444519	-0.0503893385071166	0.0025390854351847	0.0425310732634851	-0.2128945034390525	0.0880393064564941	0.0077509194813404	0.0453240695945607	-0.0073564730153009	0.0011807803199554	1.394242163993977e-06	5.411769522485032e-05	-0.0020549731843571	-0.0002438887892152	5.948174150485634e-08	4.22291478842676e-06	0.0010709559998825	0.0001211687223159	1.46818592676677e-08	1.1469467536843256e-06	0.0	0.0	0.0	0.0	1.0	0.0	0.0	0.0	0.0	0.0	0.0	0.0	0.0	0.0	0.0	0.0	0.0
958.535274588945	-8.692571383391282	75.56079725535304	918789.872631304	1656.3057040731148	-6.07668425422753	2743348.5853451365	36.9260915255768	920.1527897350746	-2.780527755099797	7.731334596880317	846681.1564572405	1014.664489010446	796.5452893766982	1.625527	39.478287	0.1978752013825086	0.1109712207565303	-0.2935960821	0.0011290593	-0.0798851396	-0.0709440326	0.0085716976	-0.1507147582	0.1761264382	0.1144419741	-0.112974986	-0.0953909715	0.2813029967	0.0892732386	-0.0013230984	0.0117286526	-0.0235178852	0.0801647422	0.0400093521	0.0547777288	0.0268216828	0.0033660316	0.080475953	-0.0098541256	0.0359130525	0.1461168552	-0.076446759	-0.0281926142	0.0761127911	0.0726754691	0.0444678547	-0.063511415	-0.0220740696	-0.0626403347	-0.106217676	-0.1190545528	0.0108564543	0.0694767119	0.0904228689	0.0064968571	0.1495319112	-0.0138135566	-0.0902916754	0.1175408395	0.1257109097	-0.1082850133	-0.077519462	-0.0522416646	-0.0427173873	0.1194652815	-0.0926938495	0.0953967523	0.0006012015	-0.0093131089	-0.1151618037	0.0853381953	-0.2253167431	-0.1748812069	0.049816355	-0.0911443216	-0.046832193	-0.0919359973	-0.050547737	-0.0802863157	-0.0303653902	0.0403742713	0.0391100653	-0.1731764646	0.058465337	0.0029040376	-0.059655443	-0.0872934969	-0.0631855322	0.0310275534	-0.0753952451	0.0547622684	0.0025084121	0.0108559016	0.0448507245	0.0515287855	0.1603774254	0.0881370488	-0.0537303452	-0.1795516683	-0.0609391543	0.0338489687	-0.0874475267	-0.0097986331	-0.1765969218	-0.1216434279	-0.1415263886	-0.0947211072	0.1713836148	0.0002296035	0.1397359903	-0.0117385644	-0.0619908111	-0.0682754394	0.1168035206	-0.0280240958	-0.0437976673	-0.0351021592	-0.0672459502	0.0244258362	0.0180961964	0.0397950748	0.1175117935	-0.0219390362	0.0745843517	-0.2361540667	-0.006985277	-0.1584908077	0.0601535728	-0.0459789694	-0.1099379598	-0.0730579298	0.0308334408	-0.026291384012822	-0.0130121075143848	0.0001693149419659	0.0006912368733096	-0.19219656071364	0.0140340705308119	0.0001969551356638	0.0369395179501519	-0.1191553167821055	0.093739186656947	0.0087870351151059	0.0141979895174439	-0.0081873020668934	-0.0008308290515924	6.902769129700919e-07	6.703191513455692e-05	-0.0021838068377852	-0.000128833653428	1.6598110255631757e-08	4.769012304757395e-06	0.0016530900284692	0.0005821340285866	3.388800272385807e-07	2.7327066422243e-06	0.0	0.0	0.0	0.0	0.0	1.0	0.0	0.0	0.0	0.0	0.0	0.0	0.0	0.0	0.0	0.0	0.0
957.3901067998494	-1.1451677890955807	1.3114092651820604	916595.816598227	1648.529532512102	-7.776171561012916	2717649.619564569	60.46884414630605	919.0033908612928	-1.14939887378182	1.321117771050916	844567.2324145541	1011.5777975775846	771.5541773544006	1.681945	40.848469	0.5728824943127628	0.3524712883305318	-0.2313069773	-0.161307657	-0.1498589528	-0.0355257849	-0.0063197829	0.0681000714	0.168910754	0.1037048044	-0.0035055495	-0.0849453395	0.2850518053	0.0451183274	0.0510413013	0.0025809126	-0.0311753485	0.1022061715	-0.0017105128	-0.1106894331	0.0627695848	-0.0686791332	-0.0073044745	-0.0471980163	-0.0855185345	-0.0619730872	-0.0445117529	-0.0870153242	-0.1103471223	0.1706184668	0.052481378	-0.0901531872	-0.0054081285	0.2102404443	0.0733387814	-0.0295739777	0.0017662391	-0.0267887599	-0.0779520198	0.0460754839	0.0953007781	-0.0244558975	0.0080797698	0.0561126697	0.0311160368	-0.0144004156	-0.1621197573	-0.0428477744	-0.126871833	0.021701439	0.0431275813	0.0554241348	-0.0275285878	-0.1015308279	-0.0242436648	-0.0002567485	-0.2411889972	-0.1670840448	0.1197632704	-0.0218480242	0.0076061056	-0.1039032527	0.0953985915	-0.0387944221	0.1364408868	0.0653018193	0.0784427621	-0.0180006996	-0.0290481035	-0.0893307011	-0.090614522	0.0048397705	0.0089802821	-0.1036899544	0.1456659364	-0.0651635815	0.0350251427	0.0171560979	0.2249728601	-0.1184384544	-0.0488087975	-0.0482752541	0.0296629605	-0.1687282289	0.056395731	-0.0204133825	-0.1283778716	0.135230715	-0.0573705033	-0.1810844417	-0.0453124904	-0.1352951693	0.1990642577	0.2063384921	0.0490824568	-0.081717919	0.0321737288	0.090598071	0.0397810599	0.0941938477	-0.0340279432	0.0070384359	-0.0035968969	0.0438207857	-0.0789650658	0.055248823	0.1391005223	-0.0417018221	0.062672545	-0.182731144	-0.0064039807	-0.0123029725	0.0583307311	-0.0498665756	-0.1106882998	-0.0663509546	0.0410229053	-0.0537415563900509	-0.0274501723772288	0.0007535119635395	0.002888154883225	-0.1421510144812146	0.0500455462324254	0.0025045566977018	0.0202069109180384	0.052426390906838	0.1715817076889434	0.029440282413454	0.0027485264635165	-0.0138454515324853	-0.0056581494655919	3.2014655374977915e-05	0.0001916965281383	-0.0021019499746202	8.185686316499992e-05	6.700546047213521e-09	4.41819369580586e-06	0.0009169949969428	-0.0007360950315264	5.418358954378518e-07	8.408798244181258e-07	0.0	0.0	0.0	0.0	0.0	0.0	1.0	0.0	0.0	0.0	0.0	0.0	0.0	0.0	0.0	0.0	0.0
961.4217328079192	4.031626008069793	16.254008268944773	924331.748315382	1638.373357092755	-10.156175419346935	2684267.257231384	103.14789914854693	919.6747380533392	0.671347192046369	0.4507070522685442	845801.623813478	1009.9942219847288	767.4628031665214	1.28112	31.113855	0.1605734662461522	0.0919491110799998	-0.2010665302	-0.1619847805	-0.1134326395	-0.0901161774	-0.0188717321	0.10833323	-0.0096696326	0.1228456436	0.0319654914	-0.0967754076	0.2453767608	-0.052381065	0.0339809797	0.1335049565	0.0869956528	0.0907715282	-0.0053521219	-0.1235794215	0.0692075932	-0.0608894694	0.0625171921	-0.0015253865	-0.0589153388	0.048012779	-0.0244341365	0.0486984489	0.025946274	-0.0875553827	-0.120136815	-0.1044211661	-0.1564066745	0.1299443034	0.1728330502	0.0091395248	-0.0257604845	0.005024575	-0.1184558553	0.0130840485	0.0214559018	-0.0761220878	0.0172891555	-0.1318475079	-0.0714188561	0.1168540695	-0.0808619962	-0.0132223006	-0.0298350608	-0.0664073294	-0.0890285232	0.0080496477	0.0275620675	-0.1127873472	0.0166871121	-0.0169632918	-0.2173950599	-0.0965717327	0.2272088362	-0.0098845965	-0.0057998361	0.0741197636	-0.0027161318	-0.0999919305	0.0582923389	0.1369861617	-0.0263101766	0.1026256015	0.0481164241	-0.0244904367	-0.0853024941	0.0190654511	-0.0195612588	0.1339737085	-0.0044429235	-0.0341138633	-0.0827629694	-0.0794682888	0.2133376075	-0.2118539227	-0.1072095476	0.0418565489	0.0256046744	0.0234393157	-0.0184115792	-0.0618389761	0.0219126252	0.0170026033	-0.0474359797	-0.1839296338	-0.0252401384	-0.1055468837	0.166839972	0.1827058587	0.0835643745	-0.051263275	0.0727662132	0.0997100823	-0.009168328	0.1452179794	-0.0183383637	-0.0854363772	-0.0637041795	-0.0084749676	-0.0522178893	-0.0745028094	0.0697904381	-0.1552093681	0.090880907	-0.1203387263	0.0176833862	-0.0402956166	0.0564859537	-0.0536791777	-0.1110641056	-0.059244937	0.0508269837	-0.0453206188637693	0.0084209375262815	7.091218882153764e-05	0.002053958494195	-0.203643865788095	-0.0614928513068804	0.0037813707618501	0.0414708240731196	0.0517901054055727	-0.0006362855012652	4.048592391204258e-07	0.0026822150179203	-0.0147755958484609	-0.0009301443159755	8.651684485417148e-07	0.000218318232677	-0.0015527322127268	0.0005492177618934	3.016401499791957e-07	2.410977324439464e-06	0.0012381007573083	0.0003211057603655	1.0310890933990597e-07	1.532893485247386e-06	0.0	0.0	0.0	0.0	0.0	0.0	0.0	0.0	0.0	0.0	0.0	0.0	0.0	0.0	0.0	0.0	0.0
970.8477672333344	9.426034425415196	88.85012498911239	942545.3871419504	1645.565096973171	7.19173988041598	2707884.4883763217	51.72112250756566	924.3856556131416	4.710917559802397	22.192744255254567	854488.8403033376	1015.1590540854316	810.8042127636566	1.308112	31.769402	0.371580373014869	0.1997797030119368	-0.1069181445	-0.1212729272	-0.0592428728	-0.015263624	0.014442238	0.0723758206	-0.1695466687	0.0792985568	0.0126628167	-0.0782120484	0.0733489193	-0.0134482946	0.1228099796	0.066103649	0.0536732156	0.10494049	0.0634432782	-0.0604504998	0.0930633585	-0.1103236355	0.0134438228	0.0128336131	-0.2427224452	-0.0895491226	-0.1974444505	-0.0389734433	0.0193832983	0.0895664265	0.0754004367	-0.0627034487	-0.1353970582	0.0051961112	0.1488705491	0.1201778278	0.0006841739	-0.0383504527	0.0230390302	-0.0402492583	-0.0807320142	0.0010095546	-0.0544379092	-0.0281334609	0.0516175106	0.1372264109	0.1123328676	0.0833014926	0.0827661855	-0.0453606373	0.0105251759	0.1514047932	0.0265360147	0.045729968	0.008150866	-0.0107557193	-0.1053663351	0.0056346969	0.1209017632	-0.1468379265	0.0265955556	0.1595048059	0.0366297098	-0.101449228	0.0816782456	0.1347808364	0.0633342819	0.0815730571	-0.0118532327	-0.087650032	-0.1316890057	0.1346920595	-0.0272653781	-0.012258624	0.1235295756	0.0617771733	-0.0427270838	-0.0319245081	0.0533832949	0.0596114538	-0.1634633074	-0.0066069747	0.0450416894	-0.0496733993	0.0714813942	-0.0677789772	0.1105808201	-0.0347734841	-0.0341313403	-0.1079796759	0.0531259967	-0.1125184098	0.1681401073	0.1981434883	0.0060657959	0.0209090622	0.1704157977	-0.0129437178	-0.071552747	0.0809666232	0.0666356653	0.0931329827	-0.0530086326	0.0096918017	-0.0166870313	-0.1047123763	0.0363801983	-0.084034154	-0.04355444	-0.0012641827	0.0801038153	0.1218770334	0.0546199342	-0.0574110412	-0.1110641056	-0.0517826133	0.0601535728	-0.0153998494404135	0.0299207694233558	0.0008952524428856	0.0002371553627874	-0.2496758969421932	-0.0460320311540981	0.0021189478921718	0.0623380535138886	-0.0293936449590574	-0.0811837503646301	0.0065908013232665	0.0008639863639791	-0.0178639075211068	-0.0030883116726458	9.53766898740091e-06	0.0003191191919226	-0.0026932361516134	-0.0011405039388866	1.3007492346158497e-06	7.253520968357357e-06	0.0011780399273851	-6.006082992320006e-05	3.6073032910635637e-09	1.3877780705134916e-06	0.0	0.0	0.0	0.0	0.0	0.0	0.0	0.0	0.0	0.0	0.0	0.0	0.0	0.0	0.0	0.0	0.0
977.2460184886544	6.39825125532002	40.93761912620421	955009.7806519276	1659.2600353443763	13.694938371205351	2753143.864891021	187.55133699111272	926.8660948332306	2.48043922008901	6.152578724555779	859080.7577514033	1016.632081033982	827.9385926724618	1.140958	27.70982	0.1868145014577344	0.0816477126150869	-0.0426491831	-0.1141681753	-0.0370266249	0.0832647926	0.0248987133	0.0503462048	-0.087917354	-0.0400973425	0.0300340015	-0.1090645056	-0.0261871459	-0.0363718066	0.1570620528	-0.0065338457	0.0201742638	0.1166563094	-0.0660292777	-0.0541581734	0.1097174962	-0.0999907355	0.0886735814	0.0210648472	-0.1607949671	-0.0403880386	-0.1284110052	-0.1078248667	0.098293665	-0.150664739	0.0605177953	0.0186370192	-0.1061442243	-0.1202240942	-0.2342738305	-0.1222054029	-0.0511443099	-0.1521980981	-0.076568706	-0.0029262419	0.0429484391	0.1018412573	0.0794197453	-0.0323814881	0.1112719485	-0.038378908	-0.020718835	0.0069643046	0.0402556104	0.0382882895	0.1353459797	-0.0092567484	-0.0704326671	-0.0638213869	0.0322661366	0.0038555044	-0.0788986759	0.0864456537	0.0515952265	-0.1482433173	0.1120024629	0.064201358	-0.0238422013	-0.0839918794	0.1049239641	0.2279912186	0.0447278851	-0.1092585995	-0.0276169628	-0.0261304821	-0.0317931011	-0.0137819341	0.1314152649	0.1019054741	0.0085478601	0.1396570569	-0.073223635	0.0874387493	0.0183732192	0.1187754941	0.190441959	-0.0675705895	0.0574369015	0.0597859502	-0.024383841	-0.1048536662	-0.1164017854	-0.1857311108	-0.0110098254	-0.1067489215	0.0603735422	-0.0701321418	0.1090735714	0.2115478702	-0.025581325	0.0453194812	0.2003451415	-0.0127300552	0.0428618991	0.0788174493	0.048334739	0.2017307314	-0.0409895495	0.0186848266	0.0213991995	-0.1473060787	-0.025987918	-0.1001157998	-0.0503842787	0.0639212676	0.1138249429	0.094721728	0.0527333744	-0.0610565531	-0.1106882998	-0.0440088629	0.0689150546	-0.0243830177120827	-0.0089831682716692	8.069731219712425e-05	0.0005945315527477	-0.2072849993068075	0.0423908976353857	0.0017969882023337	0.0429670709376231	0.0140919752282471	0.0434856201873045	0.0018909991630745	0.0001985837658335	-0.018759213165404	-0.0008953056442972	8.01572196710427e-07	0.000351908078585	-0.0033599481894626	-0.0006667120378491	4.445049414130328e-07	1.1289251835873003e-05	0.0014551185525062	0.000277078625121	7.677256449899902e-08	2.1173700018477383e-06	0.0	0.0	0.0	0.0	0.0	0.0	0.0	0.0	0.0	0.0	0.0	0.0	0.0	0.0	0.0	0.0	0.0
982.0614881908172	4.815469702162773	23.188748452447623	964444.7665875624	1662.5346035769398	3.2745682325635244	2764021.3080907324	10.722797109714204	928.4493040630808	1.5832092298502405	2.506551465482991	862018.1102152191	1015.9904983861976	842.0813613390866	1.377712	33.45974	0.6251557437126559	0.2879519483496982	-0.0347352078	-0.1348609292	0.0448979613	0.0595024368	0.0039471532	0.1646990761	0.0861875784	-0.1779339784	0.0238731095	-0.1440055829	-0.0945944575	-0.0517354144	0.1089965278	0.099586835	0.0090257318	0.1783546315	-0.0080253228	-0.1164247129	0.1062297937	-0.024895112	-0.1201314041	-0.0712544769	-0.0675348268	0.017629787	0.0071294623	-0.0494816518	-0.147066284	-0.1182829881	0.137212382	-0.1283205439	-0.0253094978	-0.0109766023	-0.1032515463	0.134332928	-0.0913152397	0.0858704963	-0.0698043347	-0.0989611857	-0.0084929209	-0.1745480535	0.1080313234	-0.0532870551	0.0523554586	-0.0870943974	0.1265433501	0.0051650765	0.1306808725	0.1029796918	-0.0504654891	-0.0740735744	0.0434426158	-0.1235302506	0.0839023491	0.0468284645	-0.0640979137	0.1567647774	0.1407948355	-0.0479004872	0.0872525041	-0.1089705971	0.1837444894	-0.0080628288	0.1178991653	0.1250725477	0.1013792672	0.0075365125	0.0302522259	-0.1564026344	-0.0137558298	0.0671533849	0.1511247514	-0.078488097	-0.1061814181	0.0591131204	0.0581425908	-0.1423986257	-0.0014882193	-0.1059880701	0.0643466935	0.1438868709	0.0596220255	0.2492528602	0.0391926681	-0.13684303	0.0578550436	-0.1151762495	-0.0066260123	-0.2014534482	-0.0135615163	0.0604143818	0.0001985283	0.1698548664	0.0227908167	-0.0088098257	0.1026811861	0.2493288734	0.2149605889	0.1640705294	-0.10331885	-0.068155507	0.0759760632	-0.0541999551	0.123284262	-0.0330203226	0.0133738263	0.1785659395	0.0168414164	0.1038327962	-0.2024559662	0.0336736274	0.0508269837	-0.0646102301	-0.1099379598	-0.035970438	0.0770291202	-0.0734168752908033	-0.0490338575787206	0.0024043191890502	0.0053900375774653	-0.1437447925270589	0.0635402067797485	0.0040373578776132	0.0206625653786472	0.1333427426011439	0.1192507673728968	0.0142207455190247	0.0177802870043949	-0.0153664440001486	0.0033927691652554	1.1510882608707825e-05	0.0002361276012097	-0.001003970087539	0.0023559781019235	5.550632816743528e-06	1.0079559366730674e-06	-0.0006627524199406	-0.0021178709724468	4.485377455932755e-06	4.392407701371215e-07	0.0	0.0	0.0	0.0	0.0	0.0	0.0	1.0	0.0	0.0	0.0	0.0	0.0	0.0	0.0	0.0	0.0
981.6413764447452	-0.4201117460719388	0.1764938791876132	963619.791948334	1649.4976034820024	-13.037000094937412	2720842.343892869	169.96337147539808	926.3139911837632	-2.1353128793176666	4.559561092579903	858057.6102627929	1015.788213325818	862.713618853667	1.555613	37.780304	0.4472714540932144	0.3052728898464891	0.0335773744	-0.0751936759	0.0076618761	0.0256060691	-0.0006536458	0.0810418467	-0.133166032	-0.0072713558	0.0481812291	-0.1055181494	-0.0510907224	-0.0437175407	0.0783213114	0.0164868771	-0.0895370754	0.0774585855	-0.0864522323	-0.2143390405	0.073119232	-0.1020296785	0.0383968325	0.0553267389	-0.1271724042	-0.130694808	0.0572456306	-0.0286726338	0.0218676111	0.0358237806	-0.0959049197	-0.0053732399	0.2483997363	0.0598589678	-0.0184452643	0.0067197561	-0.1313864167	0.0077523992	0.1046678995	0.1398760574	-0.0338516136	0.0215930268	-0.060559164	-0.0622488926	-0.1744580861	0.0506380218	0.0978501836	-0.1012946579	0.1296902575	-0.0759485382	0.0537041481	0.0307408704	-0.1257582168	0.0680000568	0.055834171	-0.0033497774	-0.0560026551	0.1045341377	0.0293034699	-0.1058251417	0.0300233879	0.0563456678	0.0753396929	0.0148021821	0.2127122999	0.1020495642	-0.0710067097	0.1513694046	-0.1340197604	0.0665175918	0.0216623473	0.0328109132	0.0680614907	-0.0988640216	0.047513491	-0.0935206655	0.0257164919	0.1857674233	-0.2159381939	-0.1000884314	0.0346393023	-0.1308311704	-0.1609940112	-0.1052814718	0.0507340598	-0.0066543503	-0.0275938922	0.1213849386	0.0452074872	-0.0586836932	0.0789391444	0.002051505	0.0059354157	0.1431915796	-0.1433245654	0.1002765616	0.0145658467	-0.0555670754	-0.0739706365	0.0063415636	-0.2048627895	-0.0071647416	-0.0384200673	-0.0706664664	0.0368577022	0.0715708214	0.0507089496	0.0115820105	-0.0285735003	0.1088139914	0.0143290226	0.0768185729	0.0489014791	-0.0680667272	-0.1088156246	-0.0277156827	0.0844195428	-0.0627253804432541	0.0106914948475492	0.0001143080620751	0.0039344733517509	-0.170905075477151	-0.027160282950092	0.000737680969929	0.0292085448238506	0.079955504678189	-0.0533872379229549	0.0028501971730421	0.0063928827283439	-0.0209705293584403	-0.0056040853582917	3.140577270301941e-05	0.0004397631015732	8.49760593870652e-05	0.001088946146926	1.1858037109051236e-06	7.220930668954033e-09	-0.000235135157706	0.0004276172622346	1.8285652296101472e-07	5.528854238942549e-08	0.0	0.0	0.0	0.0	0.0	0.0	0.0	0.0	1.0	0.0	0.0	0.0	0.0	0.0	0.0	0.0	0.0
981.7254006205214	0.0840241757762214	0.0070600621148733	963784.7622235232	1648.837960261582	-0.6596432204203211	2718666.6191995745	0.4351291782464923	925.5488373276548	-0.7651538561083271	0.5854604235174425	856640.6502785736	1013.6154890494538	856.584887169995	1.218221	29.586266	0.203052505186761	0.0930603126217916	0.0393560581	-0.0506048028	-0.0095383719	0.0065930829	-0.0236656574	0.1122145056	-0.0332630988	-0.0737505567	0.0498598206	-0.059998245	-0.0561470675	-0.0704135496	0.0575880697	0.0571304211	-0.0075901279	-0.0376998591	-0.0385415527	-0.2284573384	0.0660280384	0.0085139114	-0.0659755443	0.0699612675	-0.0103072724	-0.0792145296	0.0265261475	0.0573342531	-0.0832181718	-0.0708242763	-0.0765130858	0.118442471	0.0452483994	-0.0219010768	-0.0942909675	-0.0754337302	0.1133304155	0.0460511558	0.0092444145	-0.0001565124	0.0610930602	-0.0558049268	-0.0611229104	-0.0422083265	-0.1480543501	0.0270469828	0.0815811683	0.0388031403	-0.0591746248	-0.0897325126	-0.0246213457	0.0013519329	-0.0635015549	0.0636517594	0.0710511644	-1.82495e-05	-0.0113653897	0.0890139701	0.0903026168	0.008970742	0.0422556328	0.0105949213	0.0732637029	0.0135206128	0.1195413783	-0.0217528395	-0.112933837	0.1181713607	-0.0526835825	0.1025748492	0.002543416	-0.0011406834	0.1301398538	0.0253411101	-0.0078411062	-0.0234751455	-0.0965395368	0.1592938915	-0.0580063416	0.0783203274	0.0945490414	0.014305699	0.0371003857	0.0369132357	0.0911293725	0.1283904444	0.0228877413	-0.0283538161	0.0489356651	-0.0487869977	0.0424471403	-0.0210104177	-0.0478867789	0.1166799618	-0.1318906912	0.0309985431	0.0636872572	0.0823586132	-0.0751421021	-0.0152755976	0.0430064909	-0.0619386563	0.0258396209	0.1280688362	0.0169201766	0.0679417303	-0.0155053901	0.0994268398	-0.0321422447	0.1311296084	0.0147539205	0.0581199873	0.0469575846	-0.0714208455	-0.1073250918	-0.019294242	0.0910168938	-0.057087220372253	0.005638160071001	3.17888489862311e-05	0.0032589507298301	-0.1202753579409545	0.0506297175361965	0.002563368297795	0.0144661617278247	0.1086285510662392	0.0286730463880501	0.0008221435891712	0.0118001621067505	-0.0223499934535125	-0.0013794640950722	1.902921189593365e-06	0.000499522207372	-0.0003108520106356	-0.0003958280700226	1.5667986101786794e-07	9.66289725161952e-08	-0.0008220746164414	-0.0005869394587354	3.444979282206044e-07	6.758066749972749e-07	0.0	0.0	0.0	0.0	0.0	0.0	0.0	0.0	0.0	0.0	0.0	0.0	0.0	0.0	0.0	0.0	0.0
985.769308376683	4.043907756161502	16.353189940343157	971741.129337444	1653.211876558886	4.373916297303822	2733109.508795353	19.13114377581997	925.3978591475162	-0.1509781801386225	0.0227944108779703	856361.1977148063	1012.031312281392	883.9654040334333	1.101536	26.752388	0.173329540595542	0.1086163474328795	0.0609745543	-0.0464574806	0.0622038974	-0.0028460497	-0.0121463845	0.1234388708	-0.0698683244	-0.0909054633	0.061528628	-0.0770381382	-0.0442164523	-0.0917060482	0.0627546454	0.0981442535	0.012652307	-0.127722501	-0.0729320732	-0.15236176	0.0819073308	-0.008137532	0.0145062555	0.0713439448	0.0396435891	0.0346592836	0.0709099228	0.0671863427	0.0565402037	-0.0719020613	-0.1200687893	-0.0223563422	0.2380695475	-0.0302184435	0.0093834915	0.0034826587	-0.0091100379	-0.0525824939	0.0229483942	-0.0624920902	0.0802561076	0.0109964065	-0.0561549804	0.0784567556	-0.0260630294	-0.1469969397	-0.019408587	-0.104978243	0.01497242	0.0754800045	-0.0513210383	-0.1005519381	-0.0283740643	0.1969556453	0.0997875767	0.0093141488	-0.0134277855	0.1037204978	0.1488447415	0.0134104783	0.0508364618	0.0486730751	0.0136280402	0.049310393	0.0820811807	-0.0098814528	-0.1558608716	0.0504172298	-0.0031720469	0.1329020889	0.0180107546	-0.0581422957	-0.009572233	0.0317026051	-0.0387218436	-0.0039856884	0.0100226668	0.0888405313	-0.1855653722	-0.078388908	0.1115715989	-0.0151714632	0.0898490659	-0.0211655359	0.0490645664	-0.0122113308	-0.0088629806	0.0725788112	0.0562956613	-0.0420320274	0.0750009386	0.0501183534	-0.060016351	0.1062194231	-0.0683254525	0.0999289387	0.0205612519	-0.020361901	-0.0713624241	0.0045787624	-0.1315137689	-0.1224099704	-0.031081887	-0.0527442975	0.0482443428	0.0365259699	-0.0259475955	0.0215375928	-0.0725467543	0.037828692	0.0498182278	-0.0372706538	0.0449960313	-0.0746675401	-0.1054714048	-0.0107567634	0.0967591949	-0.0710671630093742	-0.0139799426371211	0.0001954387961371	0.0050505416582009	-0.2198816669824594	-0.0996063090415049	0.0099214168008717	0.0483479474749851	0.1022151232119483	-0.0064134278542909	4.11320568421944e-05	0.0104479314132337	-0.0222387431824713	0.0001112502710412	1.2376622806740494e-08	0.0004945616983359	0.0003807583632597	0.0006916103738953	4.783249092795967e-07	1.449769311922057e-07	-0.0005583380401254	0.000263736576316	6.955698168688529e-08	3.117413670510728e-07	0.0	0.0	0.0	0.0	0.0	0.0	0.0	0.0	0.0	0.0	0.0	0.0	0.0	0.0	0.0	0.0	0.0
986.7506754479316	0.9813670712486556	0.9630813285311636	973676.8954969492	1670.3976226303143	17.18574607142841	2790228.217689006	295.34986803161706	925.827277701766	0.4294185542497644	0.1844002947339578	857156.1481366629	1016.3048039774496	906.140588485654	1.191844	28.945654	0.2724217211875023	0.1700276955432955	0.0927882724	0.023640781	0.039444821	-0.0611508833	0.0276271367	0.0394173125	-0.1139386284	-0.0839917956	0.0559391561	-0.0233523439	-0.0804265944	-0.0674280743	0.0064810583	0.0168974804	-0.0382302035	-0.1163121167	-0.0231468535	-0.0945516304	-0.0100970514	-0.0274394895	0.0269538022	-0.0284750829	0.033119891	-0.0165331341	0.0206983156	0.1711871367	2.14205e-05	0.0727621558	0.0090189589	0.0965334331	0.0472814763	-0.1015835556	0.1258264654	0.161338128	0.0495420935	0.0529474109	-0.0703483918	-0.1345492163	0.047599139	0.0030111739	0.0428748379	-0.0225709481	-0.0484526489	-0.1000823355	0.093547156	0.050194518	-0.0747830355	0.0958118659	0.007948572	-0.0149865833	0.0373773145	-0.0166821831	0.0460892765	-0.0339258562	0.0293540121	0.1003257803	0.0083881965	-0.0094894902	0.0214556049	0.0479659308	-0.0340518956	0.0569450506	0.0668785542	-0.0438246001	-0.1063759395	0.0401992824	-0.0022697623	0.0434729316	-0.0192147032	-0.0129569743	-0.1298905934	0.0349788102	0.0541656299	0.0418720179	0.0198198978	0.0522997855	-0.1444256498	0.0573309763	-0.1382539055	0.1927583362	0.1194518058	0.0878363675	0.0204506357	0.0311600522	0.1199358914	0.0671306898	0.0716170445	0.0348839335	0.0136948202	-0.0056769373	-0.0675465739	0.0194638856	-0.1579659576	0.0215948861	0.0142917748	-0.0336170963	-0.0785309398	-0.1207173402	0.0985859769	-0.0532456975	-0.1669939596	0.0206650544	0.0197101419	0.0326297883	-0.0053753458	-0.0135911718	0.0803431855	-0.0011370215	0.0564783834	-0.0098832848	0.0430175569	-0.0778019275	-0.103260836	-0.0021545924	0.1015925006	-0.0710465445805113	2.061842886290355e-05	4.2511960877461407e-10	0.0050476114968305	-0.1943945057554259	0.0254871612270334	0.0006495953874127	0.0377892238678963	0.1245523498690843	0.022337226657136	0.0004989516947322	0.0155132878579107	-0.0252816426923063	-0.0030428995098349	9.259237426954076e-06	0.0006391614572214	0.0006658685920881	0.0002851102288284	8.128784258258263e-08	4.4338098192938853e-07	-0.0017218625989514	-0.001163524558826	1.353789398991238e-06	2.9648108096676696e-06	0.0	0.0	0.0	0.0	0.0	0.0	0.0	0.0	0.0	0.0	0.0	0.0	0.0	0.0	0.0	0.0	0.0
985.9954476304551	-0.7552278174764524	0.5703690562902457	972187.0227479816	1661.8262790151955	-8.571343615118849	2761666.5816254904	73.46793136843866	926.04523534585	0.217957644083981	0.0475055346146393	857559.7779067507	1012.9647128428606	886.1843676567078	1.20581	29.284847	0.09255321622762	0.0405889467532209	0.1001271618	-0.0011659497	-0.0040700016	-0.0053854556	-0.0116948319	0.0552277048	-0.0378676393	-0.1054789712	0.059553522	-0.0078410183	-0.0921807093	-0.0326140027	0.0114134077	0.0092350309	-0.0004799826	-0.0083136881	-0.0552321646	-0.0682553577	-0.0166949944	0.0506781244	0.0437244078	0.033177252	-0.0223250002	0.0042580662	0.139150932	0.1015492517	0.0564347418	0.0647728709	-0.0048274515	0.1761399864	-0.0327057402	-0.0584103638	-0.0460836461	0.1490907273	-0.0698857904	0.0888223975	0.0354130335	-0.1010684874	0.1454276474	0.027247255	0.0256376283	0.0307872417	-0.2067399544	-0.0139991984	-0.1926395685	0.1170563745	-0.0782796229	0.0492004595	0.0202170603	-0.0679531834	0.0606478248	-0.0565602683	0.0922593258	-0.0015781375	0.0594172422	0.0836965046	0.0400543989	0.0282812338	0.0434785762	-0.0532484268	-0.0562268682	-0.0230752827	0.0324363121	0.0281541115	-0.0727811538	-0.1135330903	-0.0179670892	0.0933883372	0.0962582871	0.0522923932	-0.0325309515	0.0890932333	-0.0194580965	0.012871254	-0.0674185875	0.0391664628	-0.1405280739	0.0870322223	-0.0558635989	0.1161561134	-0.103310076	0.0088749139	0.1559206917	0.0739567355	0.1084373762	0.0727745606	0.0660165118	0.0217041792	0.0058290778	-0.006628116	-0.1551671826	0.0459557346	0.0370537961	0.1088245824	-0.027913384	0.0810724606	-0.046281427	-0.0784508628	0.1434556771	0.0321005795	-0.1724553823	0.0703545115	0.0397377626	-0.0103054858	-0.0654658467	0.0784740019	0.0395147235	0.0429742204	0.0326040847	-0.0646148782	0.0410229053	-0.0808192935	-0.1007008652	0.0064605365	0.1054714048	-0.0958283410157321	-0.0247817964352208	0.0006141374345567	0.0091830709418274	-0.1701241920826675	0.0242703136727584	0.000589048125774	0.0289422407317803	0.1215681731100986	-0.0029841767589856	8.905310928870389e-06	0.0147788207133268	-0.0257739260149894	-0.0004922833226831	2.423428697919152e-07	0.0006642952622261	0.0004840241538837	-0.0001818444382044	3.306739970587386e-08	2.342793815428317e-07	-0.001858073425277	-0.0001362108263256	1.8553389208302785e-08	3.4524368537206035e-06	0.0	0.0	0.0	0.0	0.0	0.0	0.0	0.0	0.0	0.0	0.0	0.0	0.0	0.0	0.0	0.0	0.0
987.6887044751564	1.6932568447012954	2.867118742127787	975528.976947813	1656.7384376176228	-5.087841397572674	2744782.250679682	25.886130086854266	926.835910005484	0.7906746596340781	0.6251664173874653	859024.8040756937	1015.7284533484584	895.3066124690746	1.102764	26.782225	0.1729675158203157	0.0831659850262439	0.1072611039	-0.0057424586	0.0231351401	0.066882655	-0.0091770248	0.0469688805	-0.0803050958	-0.0304572457	0.0578329127	-0.0100040438	-0.1046324469	-0.0735132143	0.0015805818	0.0598644985	-0.0169914052	-0.0692571025	0.0235413046	-0.0369606273	-0.0103835021	0.0470596151	0.0265825952	0.0270186239	0.0366985133	0.1169843736	-0.0698028113	-0.0937313119	0.0805598906	-0.1019191505	0.0507052369	0.025934502	0.0162894996	-0.165133842	-0.0313398221	-0.0354300711	0.0376461205	-0.0125630836	0.0004334382	-0.03350413	-0.0223034865	-0.0252503927	0.0437506392	0.0391974523	-0.0933918674	-0.0355882962	0.070039804	0.0559895962	-0.157209948	-0.0029921394	0.0057643969	0.1286998596	0.1700338278	0.0681043788	0.0604433595	-0.0311853764	0.0489441143	0.0979685544	0.0053675842	-0.0249041912	0.022037988	0.070274099	-0.0359029634	0.0304856594	-0.0179070256	-0.0593550279	-0.1138213854	-0.0062154576	-0.0289348632	-0.0249547626	0.0478413494	-0.0775788637	0.0056709536	0.0288521888	-0.1885858875	0.1382023659	0.003683321	0.0024471059	0.0185393507	0.0746219925	0.0471511368	0.0056484208	0.0120303773	-0.0625117438	-0.0002979357	-0.0206168261	0.0148422364	-0.0779454296	0.0596349543	0.0283358428	0.0370645977	0.0510478823	-0.1106212996	0.0792495911	-0.0167054402	0.0459213001	-0.0192426779	-0.0520829789	0.0175426103	-0.078980933	-0.0559066312	0.0844134546	-0.0569913652	0.0458016961	0.0882388198	-0.0839449492	-0.1998105997	0.0127359222	-0.1562068595	-0.0811496661	0.0410134095	-0.0628035684	0.0390128266	-0.0837150996	-0.0978001546	0.0150368111	0.1083594676	-0.0424114847893264	0.0534168562264056	0.0028533605291124	0.0017987340420352	-0.1892375804336268	-0.0191133883509593	0.0003653216142545	0.0358108618483733	0.1403852455812142	0.0188170724711156	0.0003540822163832	0.0197080171768978	-0.0253706664789141	0.0004032595360753	1.626182534356676e-07	0.0006436707175842	0.0001512193774393	-0.0003328047764444	1.1075901922420708e-07	2.286730011312947e-08	-0.00096173376236	0.000896339662917	8.034247913181613e-07	9.249318296631208e-07	0.0	0.0	0.0	0.0	0.0	0.0	0.0	0.0	0.0	0.0	0.0	0.0	0.0	0.0	0.0	0.0	0.0
986.6068504164872	-1.0818540586692509	1.1704082042591304	973393.0772887408	1658.110824361184	1.3723867435612649	2749331.5058637257	1.8834453739026924	925.9626478857944	-0.8732621196896844	0.7625867296849206	857406.8252796716	1016.8612395944036	886.1061479174614	0.982714	23.866634	0.1563697292204961	0.0798691571730326	0.0893215538	-0.0236016985	0.0276634657	0.091263254	0.007278386	0.0209958105	-0.0271553742	-0.0155924089	0.0526824	-0.0051644246	-0.0788836242	-0.0262248116	0.0182264161	0.0487854124	-0.0026955655	-0.0879849045	0.0311366615	0.0031602908	-0.1041789242	0.0239788784	0.026156462	0.1051635035	-0.0233100631	-0.0417729869	-0.0016825431	-0.0600974165	-0.003674537	-0.0085480062	0.0590764215	-0.0483255964	-0.1284766548	-0.2155031282	-0.0276446561	-0.1514619291	0.0621469477	-0.0865027028	0.0127775509	-0.0098796667	-0.0635674907	-0.0003678907	-0.1199709107	-0.0213607895	0.1008657872	0.0397483864	-0.0334565197	0.028548727	-0.132478505	0.1037497348	-0.1464685403	-0.0344220095	0.1235384403	-0.0197815183	0.0296074869	-0.0320115719	0.0284771713	0.0703898358	-0.0248715543	-0.0098292157	0.0188178988	0.0415453993	-0.0664343544	0.0506412329	-0.0675647106	-0.0617957833	-0.0435599501	-0.0335780941	-0.0639453986	-0.0131258157	0.0513984425	0.0508642632	0.0230638312	-0.0205499132	-0.0226289533	0.1078912244	-0.1239294491	0.0341869392	0.1694732987	0.1232574802	0.0615750236	0.1007329868	0.0430050828	-0.1646448215	-0.1651109209	-0.1295920748	-0.0362076083	-0.2104644831	0.0520025455	-0.0066169695	0.0400508661	0.0608358561	-0.0889029404	0.0839972203	0.016502004	0.0538907133	0.05336599	-0.091959298	0.0213690064	-0.1287146012	-0.0915818555	0.1278444175	0.0257582791	0.0911571907	-0.0002589197	-0.0539542781	-0.0644349831	0.0810434981	0.1108374398	-0.0062458648	0.0705850351	-0.0163126151	0.0369880768	-0.0864849902	-0.0945685192	0.0235226525	0.1102295573	-0.0241867865731109	0.0182246982162155	0.0003321396250721	0.0005850006447332	-0.1970084278774351	-0.0077708474438083	6.038606999494231e-05	0.0388123206547385	0.1337573895532244	-0.0066278560279898	4.3928475527761e-05	0.017891039260093	-0.0246525349134484	0.0007181315654656	5.157129453182154e-07	0.0006077474776587	-0.0007379508730653	-0.0008891702505046	7.906237343824132e-07	5.445714910578384e-07	-9.410902768064965e-05	0.0008676247346793	7.527726802274131e-07	8.85650909099728e-09	0.0	0.0	0.0	0.0	0.0	0.0	0.0	0.0	0.0	0.0	0.0	0.0	0.0	0.0	0.0	0.0	0.0
986.9702218301824	0.3633714136951766	0.1320387842908312	974110.2187795194	1664.3259037587754	6.215079397591353	2769980.7139224648	38.627211918364495	926.4857287178564	0.5230808320620781	0.2736135568707559	858375.8055178574	1015.5988597072786	890.3685484428679	0.975761	23.697777	0.1627504187074107	0.0861040936414844	0.0902196794	0.0120027464	0.0373088512	0.0353815958	0.00478947	0.0839358022	0.0488773776	-0.0719619136	0.0484634222	-0.0006056324	-0.0922475746	-0.0278063801	-0.0214449925	0.0506993427	-0.0159645993	-0.0266722745	0.0282941918	-0.03336826	-0.0568865081	0.0041044659	-0.0599134355	0.058549291	0.0423363024	0.1279291969	-0.0278671445	-0.0295320233	-0.0227268796	0.0523667847	-0.0150781306	0.0231760676	0.0710941853	-0.0484784385	-0.0220726535	-0.0971964898	0.0457511033	-0.0511910494	-0.0212210516	0.0507863263	0.0165150932	-0.0337247526	0.1049959127	-0.0080518774	0.0366297759	0.0083921705	0.0107905693	-0.0756166236	-0.018442173	0.0651059958	-0.040152277	-0.1149453616	-0.0310873013	0.0159808233	0.0584226845	-0.0165072686	0.0481824309	0.0813867466	0.0162954278	0.0327282693	-0.0093561754	-0.0464902782	0.0272797421	0.0177274268	0.0039514439	-0.083406734	-0.0075628473	0.0036882099	-0.0844398903	0.017393084	0.0042242521	-0.0535195244	-0.0410723168	-0.0201250533	-0.1026639377	-0.0506460653	0.0317804454	0.0157599488	0.0254649974	0.037435926	0.0235489801	-0.0501259475	0.00573993	-0.0388520568	-0.0262291285	-0.0942878785	-0.1236456648	-0.0417321259	0.0489401592	0.0225384497	0.0146775802	0.0867560909	-0.069948458	0.0820666543	-0.0915525673	-0.0369197568	0.0636299412	-0.1164330113	0.0216267825	-0.1240405844	-0.074200263	0.0921770101	0.0811145252	0.166375047	0.0056554072	0.0023969685	-0.0424058359	0.0284377713	0.0453424884	0.0280794496	-0.0217049987	0.0548789923	0.0349494174	-0.0891247992	-0.0910168938	0.0318670259	0.1110641056	-0.0204076141039593	0.0037791724691516	1.4282144551593404e-05	0.0004164707134161	-0.1596829231300205	0.0373255047474146	0.0013931933046492	0.025498635939348	0.1367699542060165	0.0030125646527921	9.075545787252514e-06	0.0187060203735158	-0.0261683348816819	-0.0015157999682334	2.2976495436966758e-06	0.0006847817504798	-0.0010026921004873	-0.000264741227422	7.008791749690717e-08	1.005391448379634e-06	-0.0006862313687862	-0.0005921223411055	3.506088668363177e-07	4.709134915061816e-07	0.0	0.0	0.0	0.0	0.0	0.0	0.0	0.0	0.0	0.0	0.0	0.0	0.0	0.0	0.0	0.0	0.0
985.0159184886184	-1.9543033415640136	3.819301550848271	970256.3596759764	1662.3708354554844	-1.955068303291	2763476.794572965	3.82229207053315	926.5311523677744	0.0454236499180069	0.0020633079718736	858459.976307956	1015.560547884535	881.0467187399369	0.9009680000000002	21.881311	0.1714449029345573	0.0831075896197078	0.0633049165	0.0092451959	0.0488961167	0.017547633	0.0108271881	0.0511904337	0.0327763455	-0.0376571859	0.0347675311	0.002799689	-0.0896191872	-0.0175145005	-0.010932956	0.060164576	0.0496328668	-0.0116687628	-0.0239471854	-0.0595083994	-0.095641281	0.0550769918	-0.0339101689	0.1176010638	0.1189604428	0.0745495813	-0.0159871505	-0.1028697794	0.0033015724	0.0587206278	0.0999977188	0.125222896	0.0220602971	-0.0418793229	-0.0078515702	-0.0773870818	-0.0577395625	-0.0318597361	0.0405040515	0.0159547997	-0.0383726923	-0.0083061064	0.0149913521	-0.0792704932	0.096309211	0.056668779	0.0090103799	-0.0668631649	0.0165741918	-0.0114583899	-0.0804211078	0.044485912	-0.0360987146	0.0044047155	0.0555331506	-0.0080718041	0.0529103622	0.0746945003	0.0195303975	0.0277151152	-0.0024366886	-0.0877944425	-0.0019087297	0.0013366784	-0.0626459599	-0.0409581605	-0.0269613257	0.0137413264	-0.1102956683	0.0721213707	0.0769779338	-0.0808924628	-0.0313682913	-0.0830693288	-0.101992369	0.069910401	-0.0151321812	-0.0168610312	0.0727577979	0.0996490513	-0.0673803392	-0.0253577262	-0.0669855903	-0.0632115165	-0.0140488493	-0.125315845	-0.0898333308	-0.0906311726	0.0472839291	-0.0074126937	-0.0060784553	0.0300880487	-0.0997388431	0.0132228956	-0.0680108515	-0.0080366586	0.0415520207	-0.0040894076	-0.0267644298	-0.1059009412	0.0051897354	0.0576947601	0.0359135825	0.1619268011	-0.0020906561	0.0563651513	0.0251744696	0.0538998841	0.0335252901	0.0575248512	-0.0511519078	0.0192369776	0.0328976148	-0.091630556	-0.0871572961	0.0400197472	0.1108552722	-0.0608036789815287	-0.0403960648775694	0.0016318420575927	0.0036970873776887	-0.1731569767763829	-0.0134740536463623	0.000181550121665	0.0299833386063368	0.1525343562968899	0.0157644020908734	0.0002485163732827	0.0232667298509065	-0.025548766784003	0.0006195680976789	3.838646276614517e-07	0.0006527394841833	-3.697917114475757e-05	0.0009657129293425	9.326014618993544e-07	1.3674590985532711e-09	-0.0011371579881598	-0.0004509266193736	2.033348160597036e-07	1.293128290035644e-06	0.0	0.0	0.0	0.0	0.0	0.0	0.0	0.0	0.0	0.0	0.0	0.0	0.0	0.0	0.0	0.0	0.0
984.5677455057104	-0.4481729829079768	0.2008590226086336	969373.6454901972	1659.791175447179	-2.579660008305382	2754906.7460923283	6.654645758450123	925.9155628330308	-0.6155895347436626	0.378950475285919	857319.6294964082	1017.2874771037972	887.1221301386066	0.974506	23.667284	0.0564097252272541	0.0273416662718338	0.0540195965	-0.0076942186	0.0477927369	-0.009002757	0.0074387607	0.0714912103	0.0156334106	0.0002171345	0.0453342969	0.0035451141	-0.0748149006	-0.0164957795	-0.0454169296	0.0247145522	-0.0824217801	-0.0411513893	0.0409773634	-0.0630527683	-0.0577543444	0.0633133012	-0.0717497214	0.0685177574	0.1427921169	0.0541881329	0.0022073057	-0.0211268155	-0.0439314662	-0.0474956152	0.1170491368	-0.0396620242	-0.081915542	0.0454668398	-0.002685155	-0.0137631284	0.1611421939	0.0276903869	0.0653876906	-0.0625270242	-0.0591951194	0.030129139	-0.0501044567	0.1283904533	0.0491089822	0.0429719443	0.0254913002	-0.0903119811	0.082104735	-0.0092188823	0.1438338811	-0.0132001795	-0.1785407621	-0.0614849667	0.0303331597	-0.0358155254	0.0277644096	0.0632347819	-0.051557568	0.0220757792	-0.0324182396	-0.0402192023	0.031077299	0.0568002379	-0.0254379136	-0.1383608809	-0.0612759533	0.1389357216	-0.0470716513	-0.0026214582	0.0228779392	0.0053435793	-0.0075470709	-0.0708448598	-0.115058117	0.0193125736	0.0295225332	-0.0962094372	0.1978875887	0.0544471015	-0.0124623395	-0.0969822115	0.0069963034	0.0449369664	0.0327790877	0.0330386293	0.0062652484	0.060073451	0.0370838184	-0.0126196171	0.0102102476	0.0822013938	-0.1637192452	0.0660029987	0.0739733578	0.0351569865	-0.0426545146	-0.0155755268	-0.0681700912	-0.0148475243	-0.0534271471	-0.0398301662	0.0800623875	0.1067326994	0.007869115	0.0266289784	0.0094756994	0.1032805984	-0.0605479092	0.0061953263	0.0041247437	-0.0504292242	0.0308334408	-0.0939984918	-0.0830027857	0.0479317851	0.1096050192	-0.0443506615974058	0.0164530173841229	0.0002707017810422	0.0019669811841276	-0.1835124669839984	-0.0103554902076155	0.00010723617744	0.0336768255385531	0.1663511455302284	0.0138167892333384	0.0001909036647184	0.0276727036192192	-0.0256119199417466	-6.315315774360272e-05	3.988321332988369e-09	0.0006559704431024	-0.0002011075025671	-0.0001641283314223	2.6938109175482282e-08	4.044422758877613e-08	-0.0010487509092822	8.840707887759996e-05	7.81581159567018e-09	1.0998784697202414e-06	0.0	0.0	0.0	0.0	0.0	0.0	0.0	0.0	0.0	0.0	0.0	0.0	0.0	0.0	0.0	0.0	0.0
984.7504586413622	0.1827131356518521	0.0333840899397321	969733.4657943732	1657.7887411073848	-2.002434339794263	2748263.510142408	4.009743285187286	924.1924581955226	-1.723104637508186	2.969089591802217	854131.6997854827	1015.033366759571	900.0805954780669	1.102579	26.777733	0.2184036220032509	0.1138382587733607	0.0501084744	0.0168422206	0.064315959	-0.049574998	-0.0026526737	0.0671181959	0.0279773566	-0.0490858222	0.0460859995	0.0068278547	0.0027228885	-0.0478755885	-0.0555643264	0.0422715065	0.0544309627	-0.074884983	-0.0146851596	0.0434274814	-0.0276595748	0.0016981673	-0.1440772935	-0.0714786794	0.111407655	0.0702030035	-0.0054667291	-0.0354026557	0.0608965377	0.0531653304	0.1068190305	0.0014376229	0.154045034	0.0389111511	-0.0133195959	0.0967178319	0.0407187126	-0.0380744573	-0.0405428177	0.0088546711	-0.094854801	0.0197832615	-0.0258835238	0.0562877095	0.0625289032	0.1932589817	-0.1168881726	-0.0174369993	-0.0147112199	-0.0167128429	0.050782804	0.0581994826	-0.0292407695	-0.0385902556	0.0321975461	-0.0307609737	0.0038210409	0.0187413491	0.02894419	0.1081627156	-0.0306946974	-0.0155718699	0.0306803305	0.0806633441	-0.0707869908	-0.0893020741	-0.0054271634	0.1227290321	0.0046964036	-0.0354372825	-0.0139705096	-0.1060155272	-0.1303448799	-0.0382651476	-0.0450917152	0.0673609321	0.1023480629	-0.0437219314	-0.0246689052	0.0154865979	0.0066231698	-0.1188793516	0.0205801975	-0.0417319157	0.059897568	-0.0621217943	0.0442116924	0.0711642046	0.0413541477	0.0377582466	-0.0045871077	0.0930100176	-0.0148041406	0.0554542404	-0.0728681558	-0.0638531775	0.1012170152	-0.1857271257	-0.0733399062	-0.0902134237	-0.0448323617	-0.0509292758	0.0726012727	-0.0328499143	-0.1335678974	0.0036323537	0.0043708681	0.0617291098	-0.1023082902	-0.0588173097	-0.02562865	-0.0075349714	0.0287576717	-0.0962250449	-0.0785674201	0.0555555556	0.1073250918	-0.0578171105587728	-0.0134664489613669	0.0001813452476291	0.0033428182733653	-0.2260306701761862	-0.0425182031921878	0.0018077976026921	0.0510898638602958	0.1288553877342622	-0.0374957577959662	0.0014059318526937	0.016603710948147	-0.0272444429866755	-0.0016325230449288	2.66513149222392e-06	0.0007422596736542	-0.0009077124700593	-0.0007066049674922	4.992905800846532e-07	8.239419283011557e-07	-0.0012080871379357	-0.0001593362286534	2.538803376152041e-08	1.459474532845671e-06	0.0	0.0	0.0	0.0	0.0	0.0	0.0	0.0	0.0	0.0	0.0	0.0	0.0	0.0	0.0	0.0	0.0
984.2617417480408	-0.4887168933214525	0.238844201817772	968771.1762688868	1660.5295189106607	2.7407778032759325	2757358.2831736705	7.511862966930046	923.9456823613016	-0.2467758342210118	0.0608983123554763	853675.6239540912	1015.0634634534192	893.6939327488083	0.8963259999999998	21.76857	0.1858693974911888	0.1040574831652522	0.0454823065	0.0267331779	0.0543391258	-0.046370451	-0.0037639565	0.0614611616	0.0401817804	-0.0187706154	0.0426278319	0.0195494414	0.0028737898	-0.0179157175	-0.0877091614	0.0372856915	0.0504627767	-0.0428247903	0.0231535688	-0.0116769543	-0.0657992894	0.0783714015	-0.084235717	-0.0393256632	0.1311904546	0.0378711718	-0.0171408498	-0.0540420063	-0.0279377706	0.0525934244	0.0526600748	0.057982913	-0.0191859252	0.0064957708	0.0455901724	-0.0125906433	0.0764160385	-0.0239791349	-0.0665938576	-0.0345272649	-0.049801076	-0.0051956769	0.0140310604	0.0497100857	0.079604975	0.0267474518	-0.0641225305	0.0805416203	-0.0457260604	0.0248790585	0.0834632843	-7.38609e-05	-0.0037666672	0.0589774507	0.0268935269	-0.0364549745	0.0073862342	0.00838805	0.0237401092	0.0971376987	-0.051423065	-0.0513961471	0.0279256831	0.0001532827	-0.0719908491	-0.0840073462	-0.0326781187	0.060322804	-0.0355947825	-0.0444717666	0.0723540795	-0.1036165126	-0.0677729656	-0.0138440102	-0.0028121906	0.0300302788	0.0493544939	-0.0459735902	0.0521543089	0.0910529207	-0.0694083864	-0.0161987127	0.0961995453	0.0289365363	-0.0694963401	0.0614619457	-0.0091488026	0.0338248878	0.039596311	0.0186795325	-0.0404749744	0.0649185875	-0.1229455355	0.0275226367	-0.0278560035	-0.1311455978	0.0085867636	-0.0537539564	-0.0336411502	-0.069040925	0.0328693801	-0.0818593566	0.0372333001	0.0439399694	-0.073175574	0.0117695511	0.0451931243	-0.0307203824	-0.0732136368	-0.0425647	0.0321976583	-0.0330580147	0.0266710879	-0.0983068664	-0.0738662073	0.0628452084	0.1040369087	-0.0749998564672296	-0.0171827459084568	0.0002952467569545	0.005624978470105	-0.2116536712982935	0.0143769988778927	0.0002066980967349	0.044797276574046	0.2208251211610914	0.0919697334268292	0.008458431866602	0.0487637341358107	-0.0276754910579866	-0.0004310480713111	1.858024397810215e-07	0.0007659328053006	-0.0005229219325588	0.0003847905375005	1.4806375774992373e-07	2.734473475510302e-07	-0.0016390469146843	-0.0004309597767486	1.857263291752032e-07	2.6864747885361228e-06	0.0	0.0	0.0	0.0	0.0	0.0	0.0	0.0	0.0	0.0	0.0	0.0	0.0	0.0	0.0	0.0	0.0
983.3488857403504	-0.9128560076903796	0.8333060907764183	966975.0310867887	1665.0063702717057	4.4768513610449645	2772246.2130453605	20.04219810889015	924.2777081457656	0.3320257844640082	0.11024112154894	854289.281775189	1014.0071685434024	891.2759793323662	0.920414	22.353588	0.3204394719143797	0.1594509418172602	0.0184847901	0.001076809	0.0686920417	-0.0319133533	0.0011429687	0.0878906093	0.0981977678	-0.0560928273	0.0511690381	0.0035977126	-0.0086769111	-0.0562085453	-0.0269064616	0.0652539299	-0.0137445985	-0.0374711625	0.0042599017	0.0264254779	-0.0962605401	0.0734888383	-0.1291018669	-0.1266166662	0.1010906344	0.0517621666	0.0975055126	0.0363253322	0.0727335865	-0.0102889688	0.0559467585	0.004938248	-0.2087511145	0.1806694435	0.0167198372	-0.0108025334	-0.0175637273	0.0337150764	-0.0738496932	0.0614933297	-0.0152457197	0.10887398	0.0153398267	-0.0344004155	0.1240110224	-0.0229714967	0.0752472989	-0.0239530099	-0.0821739676	0.0794493867	-0.0482667731	0.044115015	0.0611445639	-0.0959218553	0.0516590815	-0.027014298	0.0020430815	0.0389119024	0.072843694	0.1071009611	0.020899008	-0.1458080759	0.0217049395	0.0667252752	-0.0848051935	-0.086516157	-0.0448710585	0.0435043731	0.0590660889	-0.0636007599	0.1269952719	-0.0146239316	-0.1139180495	0.0871279281	-0.0388953318	0.0130097273	0.0094148406	-0.083343816	0.1851091907	-0.0406853729	-0.0464376064	0.0455629556	-0.0594652828	0.0923280261	-0.0734180825	0.0645628552	0.0204566787	0.0363577065	0.0317129982	-0.041848529	-0.0187744908	0.0820020359	-0.2445726727	0.0304206685	0.1159181817	-0.096015963	-0.0822060663	0.1084695842	-0.0054870639	-0.0617528857	-0.0133188241	-0.2220513226	-0.004640355	-0.0465206938	0.0159366697	-0.0193656962	0.0857306672	0.0221780017	-0.0281002074	-0.0768092046	0.0407009467	-0.1325429834	0.0245744743	-0.100240825	-0.0689150546	0.0697569027	0.0997713604	-0.0907142347665228	-0.0157143782992931	0.0002469416853332	0.0082290723892758	-0.1973236233826725	0.0143300479156209	0.0002053502732639	0.0389366123448667	0.297098591724712	0.0762734705636205	0.0058176423118194	0.0882675732048071	-0.025908910848498	0.0017665802094886	3.120805636556787e-06	0.0006712716613554	0.0013389324241031	0.0018618543566619	3.466501645420898e-06	1.7927400363146037e-06	-0.0022930438512507	-0.0006539969365664	4.277119930382358e-07	5.258050103758642e-06	0.0	0.0	0.0	0.0	0.0	0.0	0.0	0.0	0.0	0.0	0.0	0.0	0.0	0.0	0.0	0.0	0.0
985.9929651698892	2.644079429538806	6.9911560297102575	972182.1273645104	1666.457771413158	1.4514011414523793	2777081.5039033093	2.1065652734092697	924.8014629605092	0.5237548147435973	0.2743191059670999	855257.7458938981	1020.9886334554982	900.9751705379076	1.254447	30.46607	0.3769256778814738	0.2698958934496892	0.0354093158	-0.0074044095	0.0921411449	-0.017751408	0.0603556872	-0.0020745286	-0.2006601265	0.0517844921	0.0307343235	0.0203263131	-0.0208030483	-0.0470826468	0.0058933967	0.0409731639	-0.0340604963	-0.0455844526	0.1310589375	0.119680031	0.0106674486	-0.0658677978	0.0267339946	0.0246059073	0.0647232282	0.0625812493	-0.0516217382	0.0594211278	0.1609623566	0.0232030201	-0.1572799804	-0.0357273961	-0.1050264936	0.0679273438	0.0962959044	-0.016040663	0.1167786855	0.065813696	-0.1598950922	0.0546733841	-0.0097496931	-0.0898435432	-0.024555561	-0.0765239915	0.0682072515	0.0101302135	0.1948330669	-0.095232711	0.0666575278	-0.1063693967	0.0004862535	-9.50092e-05	-0.0993533679	-0.0594502071	-0.04625641	-0.0812577601	-0.0043874887	0.0443222465	-0.0699784828	-0.0813607476	-0.0328795081	0.1846489571	-0.0534279663	0.0711793227	-0.0834130046	-0.081438323	0.0612682999	0.172005251	0.0844867025	-0.0442239824	-0.1066811841	-0.0421494498	-0.193302256	0.0810379682	-0.005554803	-0.0090913753	-0.0776730667	-0.0799131487	0.051510355	-0.0979527911	-0.0131483165	0.0582333284	-0.0076519588	0.1058788629	-0.0825300162	0.0293021598	-0.1018333149	0.0735150016	0.0365486065	0.0160897695	0.0533283004	0.1138941225	0.0321765545	-0.1249153421	-0.0328574543	0.0642864813	-0.1230301167	-0.0485028865	0.0068238713	0.0674988614	-0.1048620455	-0.2174929236	-0.1264947783	-0.184332319	0.0122330147	-0.0311019667	-0.0118772689	-0.0987898483	-0.1175721844	-0.0807410155	-0.0350307682	-0.1114280443	0.0224686191	-0.1020240119	-0.0637307152	0.0762490709	0.0945685192	-0.1032639531828749	-0.0125497184163521	0.0001574954323297	0.0106634440269549	-0.2041002168161867	-0.0067765934335141	4.5922218563147695e-05	0.0416568985044144	0.0522977466934193	-0.2448008450312926	0.0599274537280349	0.002735054309209	-0.0260320311510329	-0.0001231203025348	1.5158608896284642e-08	0.0006776666458483	0.0034077670500602	0.0020688346259571	4.280076709559053e-06	1.1612876267475996e-05	-0.002357059342765	-6.401549151429991e-05	4.097983153817404e-09	5.5557287453157735e-06	0.0	0.0	0.0	0.0	0.0	0.0	0.0	0.0	0.0	0.0	0.0	0.0	0.0	0.0	0.0	0.0	0.0
985.4108531573156	-0.5821120125735888	0.338854395182474	971034.5495202286	1651.8599239108105	-14.597847502347577	2728641.2082226286	213.09715170179535	925.1043249914794	0.3028620309702319	0.0917254098034137	855818.0121179408	1012.6553024546802	906.2874777304528	1.147409	27.86648	0.2249365399348998	0.1271669008162805	0.0453195608	0.0273150222	0.0901025173	-0.014093952	-0.0585704444	0.0228905977	0.0459857806	-0.1053879235	0.0406730304	0.0156765575	-0.0366873181	0.0006142425	-0.0421455582	0.0271477713	0.0526777015	-0.0333007793	0.0956106754	0.0918438033	-0.0263458689	-0.053201494	-0.0413252402	-0.0638471089	0.0428862218	0.1278802891	0.0150319835	0.1211610586	0.0689252715	-0.0337593839	0.0127285757	-0.0153934714	0.0427032979	0.0970474691	0.0302082835	0.0022474587	-0.0734729634	-0.0129903192	0.0880267358	-0.0698690427	0.187865151	0.0501496056	-0.1164045437	-0.0932446059	0.0107613001	0.0390873259	-0.0501561591	0.0596661416	0.1773250903	-0.0758568209	-0.036636848	0.0381779188	0.0620754634	-0.0237193005	0.0670102477	0.0145058193	0.0577492315	0.0128137857	0.0443558361	0.0998623528	-0.018957879	-0.0389515165	-0.0477052407	0.0070098979	-0.0223180773	-0.0716958838	0.1096705274	-0.0848558971	0.091843981	0.0258538719	-0.032762408	0.028147299	-0.1309628247	0.1297671212	-0.0666431302	0.011215966	0.0300042043	0.0467884105	-0.0935743175	-0.073266576	0.0349164767	-0.0392969277	0.0355578767	-0.0482834677	0.0167435722	0.0572876251	0.0565680269	0.0076587544	0.0426376731	0.0323544739	-0.0196496922	0.0467159302	0.0648771655	-0.1397030618	-0.155935754	-0.0618106531	0.0379190825	-0.0518332809	0.0463366904	-0.0989676601	0.0583088277	-0.0635498464	-0.1760324283	-0.1069271415	-0.0427507326	0.062299857	0.036779933	-0.0726814769	0.0508973114	-0.0594696095	0.0124961304	-0.0295858612	0.0203543145	-0.103653745	-0.0583307311	0.0822826681	0.0884772626	-0.1052721203512021	-0.0020081671683272	4.032735375947304e-06	0.0110822193232379	-0.2093681885606031	-0.0052679717444164	2.7751526299969567e-05	0.0438350383811482	0.0969654465185954	0.0446676998251761	0.001995203407672	0.0094022978185505	-0.0275736277864514	-0.0015415966354185	2.376520186333645e-06	0.0007603049493057	0.0018188924105977	-0.0015888746394624	2.5245226199270887e-06	3.308369601329912e-06	-0.0026864420918236	-0.0003293827490586	1.0849299537740089e-07	7.216971112721561e-06	0.0	0.0	0.0	0.0	0.0	0.0	0.0	0.0	0.0	0.0	0.0	0.0	0.0	0.0	0.0	0.0	0.0
981.1912929213952	-4.219560235920426	17.80468858456084	962736.3533047593	1658.4629601916515	6.603036280841025	2750499.390327656	43.60008812610287	924.040085062427	-1.0642399290524054	1.1326066265894688	853850.0788021773	1013.709964791324	877.2015613502421	1.437768	34.918289	0.0915440283872639	0.0463893609166992	0.0445802348	-0.0008581436	0.0050077327	0.0396125682	0.020978608	-0.0969453011	-0.106210306	0.0350354092	0.0404842826	0.0343334409	-0.0014696976	0.0202643383	-0.0234135775	-2.79285e-05	0.0208493622	0.0420922214	0.0617207646	0.1094637081	-0.0809864091	0.033057327	0.1864798953	0.1225692956	-0.0227950644	-0.0669151036	0.1913394542	0.0938569419	0.0271909758	-0.0880161434	0.1116631711	-0.1594816274	-0.0636302121	0.0486141499	0.0383868666	-0.0463087364	-0.0830211984	0.0465478385	-0.0284015347	-0.0580002733	0.0686730582	0.0100117961	-0.1087938541	0.0903128996	-0.0763773249	0.0591275087	-0.1557270608	-0.0013253381	-0.0718121178	0.0111925712	-0.1077829606	-0.0146667728	0.0366167475	0.0001734337	0.0252732103	-0.0316851539	0.0310748531	-0.0141556794	-0.0271013806	-0.0438495391	-0.0091409306	0.0011637671	-0.2535683545	-0.07767673	-0.0261792726	0.0252792706	0.0129572357	-0.1674064742	0.0565290346	0.1932001987	0.1508269467	0.13751925	-0.0305537618	-0.0767111728	0.00074091	-0.0056975596	0.0412367961	0.050917637	0.195804029	-0.1352911674	0.0775441899	0.1020729391	0.0188880677	-0.0706117451	0.002713093	-0.031466429	0.1162538741	0.0243837308	0.0201542807	0.0246154197	-0.0412993834	-0.0221796918	-0.0298358903	-0.1322255968	0.1078404355	0.0870749884	-0.0471635742	0.184651325	0.0210635938	0.0157302452	0.1928858824	0.1470870599	-0.1326110338	0.0944995271	-0.0038020795	-0.0596171803	-0.0491224392	0.0019925525	-0.0208609026	-0.0257270841	-0.0112674141	-0.0153588169	0.0182323554	-0.105127573	-0.0527333744	0.0878214077	0.0815548146	-0.1082706886358124	-0.0029985682846103	8.991411757470762e-06	0.011722542017673	-0.2223536513379826	-0.0129854627773794	0.0001686222435427	0.0494411462633331	0.0614311145823762	-0.0355343319362192	0.0012626887461534	0.003773781838833	-0.0279666786236405	-0.000393050837189	1.5448896061505105e-07	0.0007821351132379	0.0016890109372411	-0.0001298814733566	1.6869197121281222e-08	2.852757946120059e-06	-0.0024088610945882	0.0002775809972354	7.705121002619919e-08	5.802611773020661e-06	0.0	0.0	0.0	0.0	0.0	0.0	0.0	0.0	0.0	0.0	0.0	0.0	0.0	0.0	0.0	0.0	0.0
983.0585809036684	1.867287982273183	3.4867644087418546	966404.1734883344	1652.646210975542	-5.816749216109429	2731239.498651816	33.83457144310965	924.131591856936	0.0915067945089731	0.0083734934413074	854019.1990680345	1015.9250248133494	878.1866577635517	1.300119	31.575279	0.1778875559110484	0.0948884504975924	0.0545297392	-0.0387375466	0.0262644682	0.0430887119	0.0124186516	-0.0341749559	-0.0779843167	0.0325346008	0.0365384494	0.0040927535	0.0102455915	0.0114657934	-0.0421804486	0.0299246597	-0.0329406225	-0.0760337089	0.055274089	0.1281421877	0.0087945696	-0.0930415988	0.0787795114	0.0817811353	0.0220230649	-0.0796977783	-0.1228937051	-0.047378403	-0.1382427936	-0.1415451822	-0.0812344103	-0.0907557415	0.0843011095	-0.0161480086	0.0723156435	-0.0269405403	0.0872620186	0.0241370341	-0.1585180914	0.1460753231	-0.0443443507	-0.0091202207	-0.1031735436	-0.0558324954	0.0161917286	0.0177078104	-0.0292185716	0.0470873551	0.0505402999	0.0093656037	0.0044417478	-0.0626544782	-0.0217309717	0.0460660729	-0.0039908278	-0.0376741431	0.0008287499	0.0009081643	-0.0261601819	-0.0285464539	-0.0734788556	0.1768422166	-0.1115617795	0.0599194958	-0.0207865838	-0.0673748406	0.0752923433	-0.0418201286	0.0122432633	0.0334118002	-0.1514612854	0.0366569777	0.1429856497	-0.0637994123	-0.0054258542	0.0118092246	0.0261917826	-0.0174883176	0.0385786413	-0.0924677363	0.0646579352	-0.0327202675	0.1663768478	-0.0442160578	-0.1060343975	0.0628774276	-0.0757666832	0.0450474544	0.0301703809	0.0399144116	0.0245686382	0.1034324313	0.0983204985	-0.0987571622	0.066363845	0.1476889521	-0.0895048821	-0.0509734402	0.0444076892	0.128293107	-0.1503440503	0.0444153271	-0.0474333242	-0.099415588	-0.0691114701	-0.0784858473	-0.1102621372	-0.0470934367	-0.0560958437	-0.0292167806	-0.0746761432	-0.0606160787	0.0161035399	-0.1064432791	-0.0469575846	0.092831979	0.0738662073	-0.0790778694925791	0.0291928191432333	0.0008522206895295	0.0062533094434853	-0.2540789103725132	-0.0317252590345305	0.001006492060808	0.0645560926960835	-0.0202775881626635	-0.0817087027450396	0.0066763121042772	0.0004111805816945	-0.0276885882064423	0.0002780904171981	7.733428013746772e-08	0.0007666579168659	0.0021050967055233	0.0004160857682821	1.7312736656698855e-07	4.43143213960505e-06	-0.0023978217803037	1.1039314284499916e-05	1.2186645987196383e-10	5.749549290098806e-06	0.0	0.0	0.0	0.0	0.0	0.0	0.0	0.0	0.0	0.0	0.0	0.0	0.0	0.0	0.0	0.0	0.0
983.5485765526628	0.4899956489944088	0.2400957360334519	967367.8024387693	1663.9457785993625	11.299567623820394	2768715.554118639	127.68022848529009	924.901227652831	0.7696357958950557	0.5923392583230158	855442.280913714	1013.5060613453868	875.5368867169417	1.333457	32.384937	0.2335937801161206	0.1588684940208353	0.047230349	0.0099005783	0.0328755992	0.0368360621	-0.0039905724	0.0996156989	0.2086679573	-0.1286616832	0.0371977852	-0.0014974514	-0.0262833984	0.0114974336	-0.0312449078	-0.0145747923	0.0652931663	-0.0091944384	0.04556746	0.0527548577	-0.0595738762	-0.039018539	-0.0719957356	-0.0431923013	-0.0359224823	0.0493081052	0.1049388696	-0.0434179464	-0.0634601964	0.1397267177	0.0694885938	0.0630198419	-0.0263586091	0.0475979247	0.1004748519	0.0228158693	-0.0788735807	-0.0648678525	0.0096160026	0.0118062041	-0.0543830788	0.1488032459	0.1381403688	0.0816719357	0.0189907855	-0.1318803971	-0.1028013442	-0.0653928188	0.1130962608	-0.0684723238	0.0737377423	-0.0457076396	0.0522626791	0.0165513319	0.0667903385	0.0145449962	0.0252128792	0.0170418999	0.0599490316	0.117756931	0.0026533792	-0.1097728429	0.0774665855	-0.0164026833	0.0128446451	-0.0741072313	0.1356782695	-0.1499482413	-0.0444740923	-0.0180583896	0.0398697951	0.0274252444	-0.0288562951	-0.0548069435	0.0263452768	-0.12973944	0.054794265	-0.0254715792	-0.0202862227	0.0576727436	-0.1268555281	-0.0747519328	-0.0245992063	-0.052349028	-0.0422749412	0.0046353967	0.0438754242	0.0667662209	0.0269992667	0.0098741963	-0.0411380855	0.0156512821	0.0311417696	-0.1164620537	-0.1594947445	-0.0848186272	0.0009817063	0.0791271645	0.0608632631	-0.0525414209	-0.0195924027	0.0587137591	0.0080429143	0.1028475893	-0.0144698552	0.1126778717	0.0046822599	-0.1451209524	0.1413946328	0.0102822878	0.0012711951	0.0759013425	0.0139686685	-0.1075988845	-0.0410229053	0.0972842479	0.0654836707	-0.0723580138851645	0.0067198556074146	4.515645938450146e-05	0.0052356821734056	-0.1936143208411351	0.060464589531378	0.003655966587198	0.037486505234774	0.1256830354876896	0.1459606236503531	0.0213045036564	0.0157962254093998	-0.0279313656262109	-0.0002427774197685	5.8940875549498015e-08	0.000780161185745	0.0019429199020859	-0.0001621768034373	2.6301315573172984e-08	3.774937745921484e-06	-0.0024018417836372	-4.020003333499687e-06	1.6160426801348598e-11	5.768843953625526e-06	0.0	0.0	0.0	0.0	0.0	0.0	0.0	0.0	0.0	0.0	0.0	0.0	0.0	0.0	0.0	0.0	0.0
985.8123551911528	2.2637786384900664	5.124693724083939	971825.9996475276	1653.0805045249372	-10.865274074425315	2732675.1544404207	118.0541807123789	928.1220345963228	3.220806943491766	10.373597367244772	861410.5111032178	1017.2987820175103	888.4905462504003	1.277719	31.031248	0.2033460999886118	0.1302950721951892	0.0685843609	0.0036443008	0.0868566289	-0.0456864288	0.00613867	0.0175917659	-0.1588172922	0.0132481158	0.0203557328	-0.0204072687	-0.1374988336	0.0474716951	0.0006653928	-0.0491501109	-0.0513831646	0.0032689361	0.0349740397	0.1027415354	0.0252855267	-0.0791338794	-0.030619577	0.0025866348	0.048583685	0.033222442	0.0192592269	0.002185143	0.0356412506	0.0388943018	0.0329403094	-0.0234423461	-0.0284864834	-0.0015906619	0.0677976131	-0.0173852881	-0.0807961317	-0.087124988	0.1628786392	0.0644448587	-0.0528896878	-0.0136876822	0.1221277815	0.0259198326	-0.1617955152	0.0271613065	-0.0427021445	0.0269433556	0.0156709491	0.0588489318	0.084082398	0.0706988487	-0.0831574304	0.0787711665	0.042504732	0.0118607814	0.0644965437	0.0879183057	-0.0776802176	-0.0837736525	-0.0376509155	0.0703235993	0.0038331881	0.0076895542	0.0348592758	-0.0044324897	0.0750246922	-0.0024293605	-0.0134675871	0.0527745174	-0.0224087991	0.0464482552	-0.0647567201	0.0245353988	0.0196583873	-0.0811069711	0.1509799704	-0.0917243698	-0.0192349559	0.0753130948	-0.0773498321	-0.1551725413	-0.1324002502	-0.0074853657	0.0292641901	0.0820086527	-0.0257209483	-0.0413295444	0.0261940882	0.0320603959	-0.0291402698	0.0529085529	0.0002231336	-0.135431146	0.0709443504	0.1405434414	-0.0226580212	0.0785174751	-0.0620171946	0.1278279316	0.0456599102	-0.0217409192	-0.0896829237	0.0537106173	-0.0118622829	0.0515190238	-0.0087643476	-0.0558031867	0.0964333154	-0.0681885671	0.0940836606	0.0039467059	0.0118285441	-0.1085926509	-0.0349494174	0.1011514379	0.0564859537	-0.082216095795033	-0.0098580819098685	9.718177894167668e-05	0.006759486407778	-0.2090557674238482	-0.015441446582713	0.0002384382725667	0.0437043138931741	0.0057968260997895	-0.1198862093879001	0.0143727032013994	3.360319283120075e-05	-0.0283182115892148	-0.0003868459630039	1.4964979909241678e-07	0.0008019211076115	0.0026972365561832	0.0007543166540973	5.689936146485458e-07	7.27508504001101e-06	-0.0023797971585758	2.204462506139992e-05	4.859654940977014e-10	5.663434515965451e-06	0.0	0.0	0.0	0.0	0.0	0.0	0.0	0.0	0.0	0.0	0.0	0.0	0.0	0.0	0.0	0.0	0.0
985.7953514622296	-0.0170037289232141	0.0002891267972941	971792.4749645408	1665.2376019192004	12.157097394263246	2773016.2708456093	147.7950170536022	928.353253352676	0.2312187563532006	0.0534621132895207	861839.7630104978	1021.428346128012	922.956195944192	1.341088	32.570267	0.1827622223165344	0.1034076752398597	0.0412641869	0.0580584225	0.1337736002	-0.0061839824	0.0267726444	-0.1021116775	-0.0578264609	-0.0607870943	-0.0268831202	-0.0204704554	-0.1191546258	0.0727421517	-0.0041653801	-0.1411094474	-0.1309249909	0.0604429678	0.0505574993	0.1564921949	0.0381346374	-0.1072148276	0.0924531045	0.0103386413	0.0935690852	0.0059474858	0.0111857404	0.0176581796	-0.0691793842	-0.0053639764	-0.1301022748	-0.000658271	0.0016173456	0.0187185767	0.0734355876	0.1442649479	-0.0765045848	-0.0661835717	0.0682797628	0.0699116731	-0.0684531174	-0.0728861485	-0.1206219254	-0.0669252029	-0.0248326242	-0.0443814108	-0.0115160552	0.0455803301	-0.0124840952	-0.0177064567	0.0806807239	0.0537323722	0.0353769144	-0.0059765275	-0.0294994539	0.0275591626	0.043874161	0.066807218	-0.234163604	-0.0938579031	-0.0159130664	-0.0118649345	-0.0816038181	0.0689091504	0.0339031695	0.0027434728	0.155903884	-0.0255934176	0.1066235822	0.0715591658	-0.1286155453	0.0048462642	0.0642560431	0.0070238147	-0.0296762204	-0.0513968959	-0.0394208689	-0.0907635621	-0.1235211076	-0.0816839897	-0.0822965328	0.0279404337	0.0528514368	-0.0566356774	-0.1042080464	0.0429835379	0.0069848491	0.0498868022	0.0067232545	0.0352037916	-0.0059875881	0.0527717901	0.1535557788	-0.1951013371	-0.1410634817	0.0920585674	0.0606375622	0.0548731315	-0.0067145913	0.1287583361	0.0983043229	0.0459562704	0.0873272244	0.0353261514	0.0723106149	0.0484180896	-0.0437017054	0.0316864877	-0.1427555505	0.0056655996	-0.2155990814	0.0113756901	0.0096839714	-0.1094230837	-0.0287576717	0.1044102912	0.0469575846	-0.0722783908030493	0.0099377049919836	9.875798050769766e-05	0.0052241657770783	-0.2132974069893407	-0.0042416395654924	1.7991506203551215e-05	0.0454957838283764	-0.0673340571428937	-0.0731308832426832	0.0053481260838549	0.0045338752513224	-0.0274434582907272	0.0008747532984876	7.651933332149391e-07	0.0007531434029548	0.001692882813407	-0.0010043537427762	1.008726440628562e-06	2.865852219928799e-06	-0.0024097300076395	-2.9932849063699862e-05	8.959754530702378e-10	5.806798709718264e-06	0.0	0.0	0.0	0.0	0.0	0.0	0.0	0.0	0.0	0.0	0.0	0.0	0.0	0.0	0.0	0.0	0.0
979.420443514389	-6.374907947840597	40.639451343441216	959264.4051739224	1657.8510571754273	-7.386544743773129	2748470.1277776817	54.56104325176244	924.2079174476356	-4.145335905040383	17.183809765616974	854160.2746728957	1015.1408652866796	903.188854690042	1.375687	33.410553	0.4330687767503338	0.2149274491374533	-0.0561882116	-0.010186865	0.1183049663	0.0105031988	-0.0182288238	-0.0639209908	0.1629027543	-0.0233364439	-0.0229619515	0.0044732534	0.0361353758	0.1087552977	0.0320941084	-0.1305285007	-0.0920171657	-0.006236584	0.0650951269	0.1307189882	0.105009666	-0.0261318729	-0.0310773088	0.0539025201	0.1642177735	-0.1813355328	-0.0784055595	0.1316512652	-0.1888326307	-0.0320712565	0.0441240341	-0.0878863302	-0.020044653	0.0426861222	-0.1397671771	0.0169344298	-0.0324189486	-0.0348649008	0.0013222446	0.0106732682	-0.0029889479	-0.0649962784	-0.0642415671	0.0107823506	-0.0360107996	0.0294028413	-0.0254861765	0.0313693463	0.025402241	-0.0576935983	0.0167216795	0.1054130629	-0.0406595926	0.1511557288	-0.0038875945	0.0442206459	-0.0120144012	-0.074054004	-0.1101117381	-0.0006961625	0.0059789861	-0.0987733114	0.0299780664	0.0632827674	0.006269331	-0.1022327199	0.1377632615	-0.0042805418	0.1633427781	0.2060254347	-0.1595933592	0.0987929749	0.2102969969	-0.08307821	0.1062761543	0.0521174832	0.0587777019	-0.0348091554	0.0037654434	0.0561741917	0.1284393367	-0.0252524881	-0.0037668311	0.1207211385	0.0090005559	-0.0030834477	0.0044379874	0.0632602586	-0.0235063481	-0.0638245228	0.0329938881	-0.0430724458	0.159591519	-0.2605592537	-0.1265572157	0.0648120517	0.0940890098	0.1206294497	-0.0754692465	0.052223854	0.1838134275	0.015077359	0.134297074	-0.0324096989	-0.0024251453	-0.0353404431	0.0703884699	0.1240756429	-0.0175320375	-0.0080127982	0.0477223174	0.0639222647	0.007535757	-0.1100889337	-0.0224686191	0.1070412087	0.0369880768	-0.1006363124865998	-0.0283579216835504	0.0008041717222103	0.0101276673909005	-0.3429695303280908	-0.1296721233387501	0.01681485957118	0.1176280987334712	-0.0541517595511606	0.0131822975917331	0.000173772969797	0.0029324130624867	-0.0236693176902693	0.0037741406004579	1.4244137272024723e-05	0.0005602365999228	0.0009370151575422	-0.0007558676558647	5.713359131825475e-07	8.779974054638339e-07	-0.0031168504340428	-0.0007071204264033	5.00019297436785e-07	9.71475662819279e-06	0.0	0.0	0.0	0.0	0.0	0.0	0.0	0.0	0.0	0.0	0.0	0.0	0.0	0.0	0.0	0.0	0.0
976.3107332845271	-3.1097102298618893	9.670297713707685	953182.6479265712	1654.4372984958725	-3.413758679554803	2737162.7746543204	11.653748322235751	922.0853860948114	-2.1225313528242395	4.505139343721896	850241.4592496174	1016.164337520368	875.5084684433971	1.343704	32.633797	0.3808359870792622	0.2132257600555875	-0.0147812446	-0.029216015	-0.0090148647	-0.0294310315	0.0088111655	-0.1437734002	-0.0031223857	0.1380954365	-0.0039073006	0.0375927629	0.1045649376	0.0471967252	-0.0019799854	-0.0747263225	-0.0736036652	0.028251529	0.0874654064	0.0942469784	-0.0748994515	-0.0536614233	0.1248057066	0.0278437381	0.0418451523	-0.0777787449	-0.0130115219	0.0815398006	-0.1002960478	0.0154288183	-0.0222675138	-0.0256472051	-0.0161732976	-0.0429599434	0.0292461333	0.0187756384	-0.1293631327	-0.0306745012	0.0107628326	0.0093076247	-0.0238810226	0.037441223	0.1310314682	0.0111325625	0.0312550907	0.0622181522	-0.1134220354	-0.007654679	-0.0556263864	0.0127655153	0.0639086358	-0.0067167609	-0.0470035774	0.0099022138	-0.0561120071	-0.02854291	-0.0400413209	-0.1105062359	-0.1000617186	-0.0509640034	-0.0212683311	-0.0086718757	-0.1631563197	-0.0031027977	0.0163034246	-0.0513650386	0.087981137	-0.0440518597	0.0590576696	0.0940638124	-0.0300297159	0.0703122517	0.0647434273	-0.0081203606	0.0586421217	-0.0706198983	0.0202970515	-0.0147816514	-0.0402162831	-0.0350357033	-0.1200467224	0.015276292	-0.0118782789	-0.0270783795	-0.008716208	-0.0511131061	-0.0545049286	-0.0436709745	0.0133627618	0.0117657789	-0.012472446	0.0050907637	0.1129158654	-0.1208149787	0.0774006974	0.0980717665	-0.0548763302	0.0233135022	-0.0310644257	0.0499350425	0.019630427	0.0982784036	0.0045227625	-0.0865879938	0.0311003163	-0.0173620718	0.0263000176	0.0545650071	0.0598447366	0.0353915826	-0.0332841861	0.0039572327	0.0053847087	-0.1105891995	-0.0161035399	0.1090283678	0.0266710879	-0.0877035707317333	0.0129327417548665	0.000167255809298	0.0076919163190961	-0.2522995665452612	0.0906699637828296	0.0082210423323796	0.0636550712789266	-0.0139081096119895	0.040243649939171	0.0016195513604265	0.0001934355129791	-0.0276275123719416	-0.0039581946816723	1.566730513801888e-05	0.0007632794398617	0.0014739573089357	0.0005369421513935	2.883068739430804e-07	2.1725501485649707e-06	-0.0028721946350607	0.000244655798982	5.985645997556972e-08	8.249502021671468e-06	0.0	0.0	0.0	0.0	0.0	0.0	0.0	0.0	0.0	0.0	0.0	0.0	0.0	0.0	0.0	0.0	0.0
975.5645182960272	-0.7462149884999008	0.556836809061907	951726.1293581596	1645.8595937908951	-8.57770470497735	2708853.80247353	73.57701800579056	920.4867335356432	-1.5986525591681584	2.555690004934902	847295.8266151183	1013.843928965793	856.639116637519	1.093561	26.55871	0.0763478689039843	0.0367910291404652	-0.0365215232	-0.0453655581	-0.0314182829	-0.0118102603	-0.0192230806	-0.0232951039	0.0821889428	0.1136438096	0.0224130904	0.0222323222	0.149064809	0.00943354	-0.0329438222	0.0462820174	0.0185919103	-0.0690483023	0.0245550185	0.0879296594	0.0118385391	-0.0977398141	-0.0650423412	-0.0239030668	0.0034753506	-0.0410052285	-0.0752449415	-0.0116573995	-0.1050154108	-0.0580336893	0.0072748882	0.0389959447	0.0775517671	-0.0063124756	-0.0847471626	-0.0258983998	-0.1449197123	-0.0004073669	0.1079382751	-0.006273507	-0.1220518032	0.1179479567	0.1005336296	-0.0127157358	0.0083442363	-0.1157936523	0.0059207338	-0.1203169358	-0.1133585076	-0.1093789871	-0.0499711007	-0.0362620233	0.0962957711	-0.0517985122	-0.0318504372	-0.033394339	-0.0790625336	-0.1150670388	0.0325058712	0.0622085017	-0.0635193214	0.0715363778	0.0050178889	0.0919754251	-0.0098963823	-0.0915861331	0.1365674812	-0.0418861428	-0.0126779594	0.0497050764	-0.1099015168	-0.0065860146	0.1410593314	0.0136271273	-0.0138396727	-0.0350267901	0.0412358531	0.1027657928	-0.0789811629	0.0171000901	-0.0423447299	-0.1049909826	-0.1680060425	-0.0121976979	-0.0084636823	-0.0526875845	0.1076706273	-0.0287762014	0.0072723292	-0.0002018531	-1.78947e-05	0.0063634734	0.1588476425	-0.0979815084	-0.0635280242	0.0051420434	-0.053948039	0.0274211401	-0.0367052911	0.0728627523	-0.0728098455	0.0631861881	0.1314052007	-0.0616286688	-0.0301629705	0.0152077813	-0.006271806	-0.0346834345	-0.0059835516	0.0876696269	-0.058902316	0.003225217	0.0032316354	-0.1109231287	-0.0096839714	0.1103598175	0.0161035399	-0.0794103770692231	0.0082931936625101	6.877706112389918e-05	0.0063060079862761	-0.2772929066111373	-0.0249933400658761	0.0006246670476485	0.0768913560568529	0.0122939570542186	0.0262020666662081	0.0006865482975804	0.0001511413800509	-0.0274547488474528	0.0001727635244887	2.984723539379185e-08	0.0007537632342767	0.0016022319005544	0.0001282745916186	1.6454370854944217e-08	2.5671470631541643e-06	-0.0028360473809804	3.614725408030003e-05	1.306623977545767e-09	8.043164747165785e-06	0.0	0.0	0.0	0.0	0.0	0.0	0.0	0.0	0.0	0.0	0.0	0.0	0.0	0.0	0.0	0.0	0.0
975.5839248941992	0.0194065981719404	0.0003766160526071	951763.9945119704	1650.409465676158	4.549871885262974	2723851.404393461	20.70133417230645	922.4883376271048	2.0016040914615587	4.006418938955652	850984.7330580193	1014.5921188688202	853.0874381930277	1.034298	25.119434	0.1056872385449343	0.0684330253051357	-0.0312644183	-0.0301876612	-0.0379940015	-0.0919984837	-0.0048885603	-0.0502639413	0.025158888	0.1008775239	0.0015649186	0.0509066071	0.0879371754	0.0545950122	-0.0421208591	-0.0460616052	0.0926551389	-0.0145964375	0.0295197285	0.0412652188	0.0798841364	-0.0912446634	0.0549648614	-0.0646388122	0.032759531	-0.1640639236	-0.0707100513	0.1321535528	-0.0043617715	-0.1048017189	-0.1687726505	-0.0652889256	0.0692629028	-0.0272735503	0.0544725881	-0.1086433205	0.0025145471	-0.0690373458	0.023263225	-0.0123584012	0.0266316088	0.0337948076	0.2077908896	0.022846118	-0.017924244	-0.0430856093	0.0519037601	-0.0572214074	0.0695300369	0.084264039	0.0032512144	-0.0398448426	0.1712759332	0.0250069397	-0.0248863641	-0.0171892883	-0.0136203173	-0.1119898884	-0.0162048718	0.0367185414	-0.0591748752	0.061178152	-0.0543280689	-0.0281561586	0.0298339393	0.0128208889	0.0985828397	0.0275968696	0.0912611935	0.0951676861	-0.0480019463	-0.0761014088	0.0599068005	0.0851035182	0.1850010226	-0.0615243965	0.0592636918	0.095125345	-0.0313175484	-0.0735332775	-0.0109904329	-0.0086803608	0.0168117776	0.1242089945	0.0275085313	0.024686814	-0.0969730077	-0.1714312356	0.0125559315	0.0219443513	-0.0470105731	-0.0174679837	0.1612870635	-0.1028534783	-0.0247021447	-0.0027618141	0.009751016	0.0288444774	-0.1182432739	0.0580038246	0.0414721345	-0.0246272249	0.0780226981	-0.0794366503	-0.0786427489	0.0202335672	0.0380878058	-0.0566934901	0.0384041998	0.0479986765	0.0985337065	0.0125201117	0.0010773469	-0.1110902189	-0.0032316354	0.1110275503	0.0053847087	-0.089817381491116	-0.0104070044218928	0.0001083057410372	0.0080671620179206	-0.2632651879590924	0.0140277186520449	0.0001967768905809	0.0693085591911362	0.0032517389424171	-0.0090422181118015	8.176170838139108e-05	1.0573806149631882e-05	-0.0287858594692727	-0.0013311106218199	1.7718554875217635e-06	0.0008286257053847	0.0015104418222771	-9.17900782772998e-05	8.425418470152826e-09	2.2814344984837662e-06	-0.0028573526280671	-2.1305247086700167e-05	4.5391355342534595e-10	8.164464041121963e-06	0.0	0.0	0.0	0.0	0.0	0.0	0.0	0.0	0.0	0.0	0.0	0.0	0.0	0.0	0.0	0.0	0.0
978.288333138496	2.7044082442968147	7.31382395182058	957048.0627548968	1649.5364418047268	-0.8730238714313145	2720970.472841799	0.7621706800889204	924.508883691684	2.0205460645792077	4.082606399086522	854716.6760248437	1016.9258870675096	867.9423625487879	1.225647	29.766602	0.202685306301864	0.1568411787746587	-0.0218576018	0.0049768777	-0.0148240393	-0.0732967389	-0.0202946248	0.0140736322	0.0442619091	0.0729920103	0.0135793206	0.0392677636	0.0105812441	0.010765653	-0.0391381243	-0.0211039375	0.0459082288	0.0928505995	-0.0124531599	0.0868930229	0.0870130971	0.0448216352	-0.0602209905	-0.0979801179	0.0107056806	-0.0023718839	0.120888054	-0.0359223513	-0.0355585488	0.0139785421	-0.0113262156	-0.0218445479	-0.0695828042	0.1762414838	-0.0752742383	-0.0247225807	0.0576497761	0.0353729081	-0.0751264073	-0.0850321466	0.0479156393	0.043463096	0.0119801569	0.0608233945	-0.0254989564	0.0257813686	0.1220089804	0.1100991153	0.0696909062	-0.0860302344	-0.1398050386	-0.0360992873	0.0398441658	0.104227236	-0.0106136519	-0.0328469449	0.0006171744	-0.0400088947	-0.0221856249	0.0430176507	-0.0142466189	-0.0188412341	0.1008445955	-0.0333070622	-0.0429167478	0.0916896159	0.0655013892	-0.0312193694	0.1189015906	-0.0762015337	0.1184392888	-0.0165916559	-0.0077858152	0.0062252005	0.0314219116	-0.1028950248	-0.0315578135	-0.06088404	0.0814084056	-0.035977082	0.0555818883	-0.0382106284	-0.0025153434	0.1397646248	-0.021227149	0.1051533351	0.0981248091	0.0581800086	-0.0010423173	0.004201462	-0.061531919	-0.0247775333	-0.0937651951	-0.019534235	0.1379002298	-0.0566951814	-0.0638470918	0.0962926888	-0.0897185684	0.078008829	0.1105662195	-0.0413375229	0.0443967034	-0.0014143944	0.1181041203	-0.0718230417	0.0938369367	-0.0330336984	-0.0703915217	-0.0114493746	0.053088706	0.0932875321	-0.0010773469	-0.1110902189	0.0032316354	0.1110275503	-0.0053847087	-0.0837827527633834	0.0060346287277325	3.641674388157554e-05	0.0070195496606102	-0.2607017016297561	0.0025634863293362	6.571462160694016e-06	0.0679653772326503	0.1565937259424572	0.1533419870000401	0.0235137649771204	0.0245215950045414	-0.0292662462262337	-0.000480386756961	2.3077143626350707e-07	0.0008565131681745	0.0015553994122172	4.495758994010001e-05	2.021184893222181e-09	2.4192673315256115e-06	-0.0025677928900731	0.000289559737994	8.3844841867154e-08	6.593560326309963e-06	0.0	0.0	0.0	0.0	0.0	0.0	0.0	0.0	0.0	0.0	0.0	0.0	0.0	0.0	0.0	0.0	0.0
978.4844535420287	0.1961204035327455	0.0384632126818469	957431.8258234428	1653.6100279740735	4.073586169346754	2734426.124616416	16.594104279093163	924.5736131499168	0.0647294582328186	0.0041899027631142	854836.366133092	1017.7115127739386	888.3015362702008	1.118309	27.159744	0.1578587354103721	0.1076464486465758	-0.0214361471	-0.0127762294	0.0120819838	-0.0551391829	-0.0134179388	-0.0609270917	-0.0292409034	0.0682624505	-0.0020121268	0.0342116706	0.0095353517	0.0516762342	-0.0260193409	-0.1046154375	-0.0874332458	0.1294548783	-0.0174663523	0.0514715484	0.0715155059	0.0279373554	0.0595798173	-0.0921010659	0.0091588661	-0.0486022398	0.0280083926	0.0340418085	0.0473897393	-0.1161370636	-0.1744703752	0.0350258023	0.041932781	-0.0260781697	0.0435587723	-0.0081857747	0.0888044359	-0.0048197596	0.1012489166	-0.0588640703	0.0368881177	-0.0639558987	-0.0099182501	-0.0241891038	0.1419391771	-0.1122883198	0.0668041587	0.0390423339	0.0208152132	-0.0852530014	-0.025420802	-0.0527791858	-0.045574958	-0.1501511003	-0.0260371909	-0.0204616718	0.0034492885	-0.0509209835	-0.1376643148	-0.0311924297	-0.0124040676	-0.0396638598	-0.0218758608	-0.0085332761	0.0086931273	0.1020966127	0.0183628623	0.0726649325	0.1260094245	-0.0360708886	0.0511612694	0.005763935	0.0351304068	0.087173504	0.0226113306	-0.0472542657	-0.044972971	0.0306279192	-0.089006456	-0.0980697853	-0.0428485439	0.0077207504	0.0415197353	0.0779522201	-0.0095255612	0.056022535	-0.0594010183	-0.0878526394	0.0128198394	0.0002993976	-0.0144235779	-0.0010842625	0.0167895583	-0.0408490565	0.1043276198	0.0016642388	-0.0790397596	-0.0392116983	-0.0144114867	0.0160767173	-0.0319761592	0.0488935039	0.0426155734	-0.1097518979	0.1292576001	-0.0324343535	0.068470311	0.035618662	0.0191970905	0.0019227187	-0.0139242565	0.0422812055	-0.0032316354	-0.1109231287	0.0096839714	0.1103598175	-0.0161035399	-0.0819571789483717	0.0018255738150116	3.3327197540563507e-06	0.0067169791811754	-0.2514304141756724	0.0092712874540836	8.595677105624938e-05	0.0632172531725501	0.0813568853324255	-0.0752368406100317	0.0056605821849793	0.0066189427909934	-0.0279407917103172	0.0013254545159165	1.7568296737634452e-06	0.0007806878413993	0.0015310474399445	-2.43519722727e-05	5.930185535703495e-10	2.344106263360608e-06	-0.0024870987076374	8.069418243569987e-05	6.5115510789660145e-09	6.185659981531626e-06	0.0	0.0	0.0	0.0	0.0	0.0	0.0	0.0	0.0	0.0	0.0	0.0	0.0	0.0	0.0	0.0	0.0
973.5253603896628	-4.959093152365995	24.592604893843298	947751.6273218228	1655.419635594383	1.8096076203094071	2740414.1699114395	3.274679739481876	923.2828969548782	-1.2907161950386126	1.6659482961349537	852451.3078093922	1017.1730214263096	863.5350358635259	1.087348	26.40782	0.0482765131720833	0.0313942705215389	-0.0537426011	-0.0356563794	-0.049047819	-0.0283100331	-0.0105160255	-0.008219189	0.1009804711	0.064732614	0.0039385403	0.0148116204	0.0553193391	0.0487468572	-0.0045508708	-0.0889207833	-0.071777607	0.0264997537	-0.0225300331	-0.0315424321	0.0116445	-0.051392526	-0.1090169349	-0.0473471188	-0.0784826521	-0.0170793303	-0.0244217602	-0.0403661205	-0.1262847477	-0.0308530263	-0.0835895896	0.0689900163	0.0579314035	-0.0565963895	-0.0078284957	0.0261985201	-8.169e-07	0.0898533078	0.0692877031	-0.0163220998	0.0392956655	0.0990238771	0.0539342789	-0.0875493996	0.04342529	0.04493016	-0.0211575577	0.0118133522	-0.0113189716	-0.0354096087	-0.1397715615	0.0439080475	-0.0051269657	-0.1266634551	-0.0244842048	-0.0201496472	-0.042403597	-0.0717630474	-0.0920189604	0.0237105821	-0.013497881	-0.0521396331	0.0939810455	0.0523207446	0.0524883271	-0.0025599172	0.0434112525	0.0392718735	-0.054914856	-0.0616337879	-0.0492087166	0.0308923596	0.1125601746	0.0313913177	-0.0113213254	-0.0629964582	-0.001496381	0.0666900964	-0.1005954044	-0.0003800009	-0.0522485118	0.0448900466	-0.0239646818	-0.044415996	0.1017023651	0.0226047035	0.0584013869	-0.1297122946	0.0139992824	-0.0136425792	-0.0135911363	-0.0164319076	0.0980002858	-0.0383933813	-0.0432986998	-0.0804701728	-0.0924585294	-0.0389995884	0.0075250403	-0.0285839727	-0.0907199893	0.0374474814	0.101142773	-0.0867890879	0.0432250618	0.0516767362	0.0934028256	-0.0126445231	0.0230787791	0.0861429682	-0.0282391908	0.0435602408	-0.0053847087	-0.1105891995	0.0161035399	0.1090283678	-0.0266710879	-0.082724505406901	-0.0007673264585292	5.887898939591123e-07	0.0068433437948163	-0.224456592649517	0.0269738215261554	0.0007275870477248	0.0503807619838312	0.0773761900501668	-0.0039806952822586	1.584593493019663e-05	0.0059870747866795	-0.0279393852329303	1.4064773868997793e-06	1.9781786398604318e-12	0.000780609247194	0.0018522148540547	0.0003211674141101	1.0314850788623264e-07	3.430699865580874e-06	-0.0024956182142431	-8.5195066056999e-06	7.258199280456421e-11	6.22811027126192e-06	0.0	0.0	0.0	0.0	0.0	0.0	0.0	0.0	0.0	0.0	0.0	0.0	0.0	0.0	0.0	0.0	0.0
970.1226637489444	-3.402696640718318	11.578344428755727	941137.9827193476	1653.83391844822	-1.585717146163006	2735166.6298097936	2.514498867635348	921.0497326211702	-2.233164333708032	4.987022941345639	848332.609961529	1013.7133554360156	845.6193022616438	1.164936	28.29215	0.1537424384234582	0.0891846425243352	-0.0687831635	-0.0331623346	-0.084391661	-0.0509403117	9.86545e-05	-0.0413672836	0.0765384557	0.0888453047	0.0265107159	0.0408021571	0.1349268854	0.0035464746	-0.0133917921	-0.0300637278	-0.0768178131	0.0576002473	-0.0967393687	-0.0381878553	-0.0283424042	0.1481509717	0.0354671666	-0.112178146	-0.0197993245	0.0070427142	0.0501826852	-0.0252482522	0.0764281444	-0.0467595243	-0.0085516693	0.038463159	-0.0170152617	-0.0420555838	-0.0043482337	0.0957250128	-0.0165671858	-0.0489417877	0.0485852082	0.050380881	0.0834532513	-0.0257904098	-0.1359241423	0.020557346	-0.0501863567	0.0615937981	0.0187898321	-0.0066514004	-0.0311645916	-0.1186612027	-0.0406820567	-0.026184022	-0.02135536	0.0944478582	-0.0083128618	-0.0480360728	-0.0578207703	-0.1131041087	0.0148423871	0.0230212062	0.0181453959	-0.1126747425	-0.0378318251	-0.0194749781	-0.0281401986	0.081335832	-0.1428054653	-0.0476581353	0.0650664101	-0.0364513061	0.1174770369	0.0224275603	0.0830511875	0.12179645	0.0037708239	0.0333671178	-0.0518253977	-0.0358201645	-0.1089329264	0.0077109944	0.0178358962	-0.0317772209	0.0300472549	-0.0843062272	0.0012799623	0.0397244184	0.0212064346	0.0830967443	0.0160734051	-0.014136269	-0.05204889	-0.0737008033	0.0168975117	-0.017977942	0.0369732095	-0.147432975	-0.0538473404	0.0261895786	-0.0070848965	-0.0904655351	0.1048132893	0.0174514443	-0.0704359184	-0.1165585955	0.0678944761	-0.0458768849	0.0274766918	-0.0366199431	0.0330284347	0.0405715263	0.0756122581	-0.0110706259	-0.007535757	-0.1100889337	0.0224686191	0.1070412087	-0.0369880768	-0.0837191299007287	-0.0009946244938277	9.892778837220091e-07	0.007008892711335	-0.201715915812926	0.022740676836591	0.0005171383829862	0.0406893106922474	0.1525629918886863	0.0751868018385195	0.0056530551707048	0.0232754664940273	-0.0286970084546911	-0.0007576232217607	5.739929461512138e-07	0.0008235182942486	0.0015658809895489	-0.0002863338645058	8.198708196282585e-08	2.4519832734306423e-06	-0.0025480678330669	-5.244961882379992e-05	2.7509625147619063e-09	6.492649681910248e-06	0.0	0.0	0.0	0.0	0.0	0.0	0.0	0.0	0.0	0.0	0.0	0.0	0.0	0.0	0.0	0.0	0.0
973.6223998651086	3.499736116164172	12.248152882783884	947940.5775190934	1639.5546658635683	-14.279252584651658	2688139.502354997	203.89705437628103	921.2140271028126	0.1642944816424005	0.026992676698145	848635.2837309815	1014.1077639822377	823.8097404252374	1.404975	34.121849	0.1422907066312088	0.0680947237560441	-0.0375434866	-0.0824024457	-0.127458871	0.049762188	-0.0144079896	0.0083550021	-0.0938082624	0.1734841729	0.0388731836	0.0542075812	0.1335349462	-0.0111567863	-0.0186040871	0.0384938144	0.0608246973	-0.0243978076	0.0007219348	0.0092396994	-0.0493317263	0.0847648008	0.0498764636	-0.0201428248	-0.1449153643	-0.1762292312	0.0538633012	-0.0704107515	0.028732232	0.0613747851	-0.0680975689	-0.0069578683	0.0181179922	-0.1285609694	-0.0052962576	-0.0094125196	-0.1465257476	0.1363084212	0.0248781442	-0.0248930257	-0.0180020147	0.075085408	0.022670223	0.0566437735	-0.0056565537	0.0461924449	0.0700589035	-0.022109912	0.0765519938	0.087096447	0.1782901021	-0.1153277148	-0.0126007611	0.0494119472	-0.0147382215	-0.0725512872	-0.049636635	-0.1129701525	0.065128527	0.0015406106	-0.0220771114	0.1329254141	-0.057891521	-0.034928528	-0.0285319312	0.0165657102	-0.049209131	-0.02921622	-0.0539215909	-0.0878414966	0.1394410979	0.0860098841	0.0716380867	-0.0644621871	0.1503796677	-0.0493049074	0.0282897795	0.0172148301	-0.0891375514	-0.0110927268	-0.0338301208	0.1102644591	-0.1429556793	-0.0252909261	0.0663831856	-0.0531600429	-0.0123701457	0.0024691265	0.0176234573	-0.0191999009	-0.0052780536	-0.0277974581	-0.0377761795	0.0183928742	0.1366033554	-0.0283128826	-0.1433809839	0.0883475047	0.0598226941	0.0280839866	-0.0800323798	0.119673407	0.0352581741	-0.0248267202	-0.0049616304	-0.1251571866	-0.0615100255	-0.0630649433	0.0335332392	0.0952775262	0.0067337225	-0.0097974061	-0.0096839714	-0.1094230837	0.0287576717	0.1044102912	-0.0469575846	-0.083496737173661	0.0002223927270676	4.945852505260829e-08	0.0069717051186474	-0.2383561528571505	-0.0366402370442245	0.0013425069706569	0.0568136556048613	0.1100841177469647	-0.0424788741417216	0.0018044547483482	0.0121185129801275	-0.0280797686041726	0.0006172398505185	3.80985033068102e-07	0.0007884734048638	0.0020778686892597	0.0005119876997108	2.621314046551565e-07	4.317538289805825e-06	-0.0024183113289323	0.0001297565041345	1.6836750365232444e-08	5.848229683642307e-06	0.0	0.0	0.0	0.0	0.0	0.0	0.0	0.0	0.0	0.0	0.0	0.0	0.0	0.0	0.0	0.0	0.0
978.2251535121546	4.602753647046029	21.18534113539552	956924.4509638784	1648.7875422961552	9.232876432586863	2718500.3596309954	85.24600721941792	924.0757377886443	2.861710685831781	8.189388049403803	853915.9691696274	1016.0714091641868	865.116455527877	1.395322	33.887405	0.0775263955712014	0.0341712760236361	-0.0175699833	-0.0223753336	-0.0236564661	-0.0453712387	-0.0092964453	0.0702618324	0.0144279692	0.0455230395	0.0329559846	0.0279640537	0.0305118392	0.0071496339	-0.0276006096	-0.0092253142	0.0737387449	0.0208659976	-0.0272865835	0.0043263429	-0.016795426	0.0437708826	-0.0659332701	-0.1505070653	-0.1151573874	-0.1167840878	0.0396952443	-0.052722951	0.072991105	0.0053009093	-0.0268390081	0.0285792698	-0.0127187111	0.0233949171	0.0050319619	-0.0592488163	0.0745550565	0.0783094811	-0.0179271354	0.0324551909	-0.0324811586	-0.0677223574	0.0803980844	0.0029078473	-0.049273913	-0.0949444717	0.0803201652	-0.0457968104	0.0696960575	-0.0414191493	-0.0034917318	-0.075900164	0.035858694	0.1564668727	0.0124676199	-0.0358746631	-0.0111899704	-0.0347608787	0.024017389	0.042604526	-0.0145486674	0.0415284375	0.0691922579	-0.023130263	-0.0319315099	0.0303854068	0.0195891349	0.02033988	-0.0454075004	-0.1808213134	0.0911294324	0.0042463907	0.0308437924	0.0086659044	0.1330965274	-0.0271191458	0.0014387459	0.0401837273	-0.0441386953	0.0153945843	0.0404622038	-0.0182761888	-0.0722756978	0.0888337044	-0.0055515838	0.096853446	0.0061377584	-0.0029142207	0.0259336115	0.0042904327	-0.0319264927	-0.0075925801	0.037005605	-0.0238297991	-0.0518636324	-0.0960644969	-0.0223798856	-0.0384892329	0.0012662469	-0.0033540582	-0.0726046826	-0.0495656118	0.020506389	-0.0650289537	-0.0587166266	0.0537460799	0.0531840495	-0.1012143816	0.0752402505	0.0579712757	0.0029801537	0.0032859195	-0.0118285441	-0.1085926509	0.0349494174	0.1011514379	-0.0564859537	-0.0886924594365581	-0.005195722262897	2.699552983316449e-05	0.0078663523609055	-0.2136762755400809	0.0246798773170696	0.0006090963443856	0.0456575507286805	0.0950038009220151	-0.0150803168249495	0.0002274159555408	0.0090257221896298	-0.0285408027294829	-0.0004610341253103	2.1255246470063606e-07	0.0008145774204432	0.0020578565383586	-2.0012150901100017e-05	4.0048618368839817e-10	4.234773532465241e-06	-0.0025886746360466	-0.0001703633071142	2.9023656410921268e-08	6.701236371310997e-06	0.0	0.0	0.0	0.0	0.0	0.0	0.0	0.0	0.0	0.0	0.0	0.0	0.0	0.0	0.0	0.0	0.0
976.8133072856938	-1.4118462264608524	1.9933097671717488	954164.2372904152	1652.6363783940385	3.84883609788335	2731206.999191364	14.813539308369933	924.304515178788	0.2287773901437049	0.0523390942409649	854338.8367798944	1015.7786774305082	867.2291315663686	1.01161	24.568405	0.0945786664914795	0.0632609140578285	-0.0096397244	-0.0034266572	-0.0407746957	-0.0361828658	-0.011716868	-0.0117037505	-0.0053919142	0.0409874133	0.0178486312	0.0200331962	0.0187417128	0.0468023579	-0.0019107534	-0.0563945273	0.0188710942	0.0614638285	-0.0529596653	-0.0249272159	0.0667479344	0.058607685	0.0284896394	-0.0617377606	0.002544194	0.0156194972	0.0167063926	0.0850936073	0.1201883385	0.0458812862	0.0852790033	0.0663748295	-0.0926635556	-0.105991894	-0.176229132	0.0711387784	-0.066723544	0.0894265322	0.0749914162	-0.064397253	-0.0351812705	0.0038492936	-0.0619042636	0.1217324996	-0.0174084696	0.0209743862	-0.0052064076	0.0886523533	-0.0179272262	-0.152257409	0.1278421576	-0.0286492379	-0.0726130267	-0.0068799623	0.0189470611	-0.0171501718	0.0052456559	-0.0406562533	-0.0309336183	-0.0063895946	0.0192731769	-0.0677577212	-0.0154901404	-0.0729649881	-0.0111300399	0.1314849229	-0.0623329033	-0.0660723167	0.0822741882	-0.0297252757	0.0416822005	0.0442495255	-0.0328101375	0.0580026696	0.0038378856	0.1289318288	-0.0280819272	-0.0372739309	-0.0655575842	0.123881109	0.0735664007	0.1001331043	-0.1749831	0.0489994715	0.0464725931	0.0033757579	0.0594643504	0.075965056	0.0231120332	0.0142664773	-0.0462374346	-0.0338000731	-0.0281982476	-0.0242690015	0.0520840175	-0.0942959452	-0.0305705374	0.0241205401	0.0608061532	-0.0096672411	0.0923084554	0.0355127464	-0.0720880559	-0.061014395	0.0470389284	-0.0752803809	-0.0069639417	-0.06471155	-0.013487461	0.0072108859	0.0364527462	-0.0254865551	-0.0139686685	-0.1075988845	0.0410229053	0.0972842479	-0.0654836707	-0.0880712046079565	0.0006212548286015	3.8595756206079314e-07	0.0077565370810965	-0.2316240174177295	-0.0179477418776486	0.0003221214385067	0.0536496854447286	0.1143534874698346	0.0193496865478195	0.0003744103694988	0.0130767200965136	-0.029529402683196	-0.000988599953713	9.773298684815392e-07	0.0008719856228263	0.0019141220929892	-0.0001437344453694	2.0659590785649084e-08	3.6638633868693554e-06	-0.0025878093703809	8.652656657000095e-07	7.486846722392805e-13	6.696757337431189e-06	0.0	0.0	0.0	0.0	0.0	0.0	0.0	0.0	0.0	0.0	0.0	0.0	0.0	0.0	0.0	0.0	0.0
977.2857262160254	0.4724189303316279	0.2231796457356795	955087.390665584	1649.4160800797474	-3.2202983142910853	2720573.40522564	10.370321233026006	923.5811861940372	-0.7233289847508786	0.5232048201807368	853002.2074915847	1017.5950438462344	849.482965204198	0.986939	23.969246	0.1056482786855261	0.0585676164125154	-0.0025385357	-0.048386295	-0.0710019866	0.0408978606	0.0055097397	0.0090903551	-0.1069860036	0.1008762534	0.013629379	0.0381116664	0.0382434771	8.96783e-05	-0.0229451823	-0.0237783532	0.0110128537	0.0178468501	-0.032665314	0.0510925408	0.0165940281	-0.0139912851	0.0372812179	-0.0907714552	-0.1205636215	0.0336899981	-0.0337478668	0.0103799326	0.0485275341	-0.006570275	0.0489447151	-0.067381064	-0.0791498638	-0.0144989442	-0.0339493727	-0.0045622323	0.0221519801	0.0445769702	-0.0272556094	0.0405353637	0.0295562484	0.0408257686	-0.0506886641	0.0685132424	-0.0390956026	-0.0662623187	0.0538326371	0.0159776693	0.039868719	0.0419482943	0.0949792379	0.067724389	-0.0744156158	0.0311769759	-0.0255172675	-0.0570460165	-0.0101717833	-0.0419038174	-0.0355391196	-0.0283478442	-0.0075184211	0.0940371018	-0.0431066425	-0.0238547657	-0.0156623595	0.0936835869	-0.0191001142	-0.0394993504	0.0184284024	-0.1595655937	0.007221327	0.0546128882	0.0024618178	0.0382754493	-0.019173388	0.0326398593	0.0338149202	-0.0345343489	0.0690462942	0.0433675384	0.089995901	0.050356416	-0.0436371656	0.0195086903	-0.0034226602	0.0142265334	-0.0039906998	0.077461784	0.0248315115	0.0046117887	-0.0059166715	-0.0114607829	-0.0448530699	0.0200156067	0.1062597583	-0.0290483831	-0.0962475955	0.0007970748	0.0842473631	0.0057309135	-0.1021021643	0.0877165731	-0.0136525449	-0.0487089339	0.0274734615	-0.0726897764	-0.0561585852	-0.0729775535	0.0379126784	0.0232612799	0.0436370488	-0.0193923186	-0.0161035399	-0.1064432791	0.0469575846	0.092831979	-0.0738662073	-0.0780934893242886	0.0099777152836679	9.955480228194012e-05	0.0060985930748427	-0.223666896768222	0.0079571206495075	6.33157690308189e-05	0.0500268807099264	0.1007929068223489	-0.0135605806474857	0.0001838893474969	0.0101592100656987	-0.0285798443089587	0.0009495583742373	9.016611060841852e-07	0.0008168075007243	0.0023113995276913	0.000397277434702	1.578293601234813e-07	5.342567776611565e-06	-0.0027240308035388	-0.0001362214331578	1.8556278851592195e-08	7.420343818628239e-06	0.0	0.0	0.0	0.0	0.0	0.0	0.0	0.0	0.0	0.0	0.0	0.0	0.0	0.0	0.0	0.0	0.0
981.3161746297496	4.03044841372423	16.24451441569216	962981.4345899652	1658.5525595641377	9.136479484390293	2750796.5928367525	83.47525736868471	925.2334230891364	1.652236895099236	2.7298867575271637	856056.8872012409	1015.469370786766	859.7743798312822	0.942406	22.887703	0.1489539929943865	0.0845747636623314	0.0243903169	-0.0142914774	-0.056395927	0.0328579024	-0.0157736175	0.0742724501	0.0810727691	-0.0499643839	0.0308773547	0.0325802547	-0.0274456683	0.0348917309	-0.0206209623	-0.0012404832	0.0593470858	0.0732721318	-0.0864487262	-0.0206564809	-0.0203232923	0.0578123789	-0.0347484866	0.0076478676	-0.1339472476	-0.064643035	-0.0065223983	-0.0621395623	-0.0875817594	0.0965334642	0.0612845209	0.0651521033	-0.1325006418	0.0954996329	-0.028160041	0.0049517678	0.0159055001	0.0171487037	0.0811478215	-0.0221738983	-0.0800044432	-0.0280234429	-0.0364716006	0.0435672201	-0.0008396404	-0.0494083591	0.1435952684	0.0434860753	-0.1357270285	0.0007261716	-0.0413246894	-0.0132688265	-0.120180017	0.059680417	0.0488534633	-0.0150388908	0.0440091287	-0.006834944	0.048280015	0.0475117711	0.0093667244	-0.0841008455	0.0928288208	-0.0673711496	-0.0215243421	0.1066739671	-0.0031725811	-0.1315398591	-0.0663448301	-0.1024924393	0.0515155079	0.058282388	0.051490934	-0.1001713458	0.0635222396	0.0057652429	-0.0912624658	-0.0189415629	0.038785261	0.0849555975	-0.063012261	0.0099407369	0.023613534	0.056477712	-0.0631886805	0.0638020259	0.0826704838	-0.0117054099	0.0292728147	0.0129100354	-0.0393491424	-0.0200969968	-0.0774242197	0.014205771	0.0219674615	-0.1401010047	-0.0481464404	0.0320231653	0.1289764468	-0.0196763123	-0.0340393555	0.0930833764	-0.0068697358	0.0292916265	0.0441154674	-0.0636269004	-0.0524895257	-0.1641438289	0.1303666801	-0.0013446988	0.084282239	0.0316745	-0.0182323554	-0.105127573	0.0527333744	0.0878214077	-0.0815548146	-0.0916801221962231	-0.0135866328719344	0.0001845965927967	0.0084052448059143	-0.2191200185680628	0.0045468782001591	2.067410136708296e-05	0.0480135825372681	0.1546851092436867	0.0538922024213378	0.0029043694818224	0.0239274830217312	-0.0297033034910025	-0.0011234591820438	1.2621605337185252e-06	0.0008822862382786	0.0019247945744811	-0.0003866049532102	1.4946338984666097e-07	3.7048341539518793e-06	-0.0027525322583039	-2.8501454765100364e-05	8.123329237270621e-10	7.576433833003569e-06	0.0	0.0	0.0	0.0	0.0	0.0	0.0	0.0	0.0	0.0	0.0	0.0	0.0	0.0	0.0	0.0	0.0
982.755834429584	1.4396597998343168	2.072620339258985	965809.0301053878	1660.871183145385	2.318623581247266	2758493.087002751	5.376015311515897	927.4881260194326	2.254702930296162	5.0836853038860985	860234.2239070388	1019.737427467268	865.910668893418	0.91681	22.266064	0.134283236855401	0.0651810289308537	0.0368681995	0.0010000658	-0.0084021393	0.025431884	0.013494443	0.0461491672	-0.0889224338	-0.0155945735	0.0189639923	0.0055410423	-0.1142062327	0.025875599	-0.017901483	-0.0453425917	0.0249616775	0.0815629575	-0.0437058862	0.0490924887	-0.0424773552	0.0820523003	0.0571947674	0.0236867102	-0.0953967643	-0.0053672809	-0.0478637462	-0.083910178	-0.0035449685	0.0903759534	0.0238480062	0.0414694125	0.0047157848	0.0293544288	-0.0621851449	-0.1050095531	0.0028263049	-0.037364993	-0.0303444835	0.0376738198	-0.0955417301	-0.0046499918	-0.1081930657	0.1381634856	-0.0659418057	0.0641187938	0.1366049597	-0.0050551418	-0.0484953872	0.0626590969	-0.0968510302	-0.1053281391	0.0279828555	-0.0385470106	0.0204544013	-0.0192722835	0.0527743359	0.0681421619	-0.0835137647	-0.0625434365	-0.0084255927	0.0327301531	0.0598443468	-0.0865138111	-0.0447253092	0.083641265	-0.0130394406	-0.0602775058	-0.0905971481	-0.1038526889	0.0590071332	-0.0379217157	0.0141370098	-0.0875726426	0.0430672742	-0.0490455307	0.0030230409	0.0240786739	0.0392588092	0.0701202778	0.0011992753	-0.050865782	-0.0561959859	0.0124165914	-0.127059692	-0.070366484	-0.0151698049	0.0913828091	0.0295318341	0.0095566145	-0.0367352617	-0.0158381253	-0.1136853778	0.0086234231	0.0482715552	-0.0395838222	-0.042209715	0.0213563701	0.0669681935	0.01800576	-0.0154089223	0.0632294527	0.0016521739	0.0778604164	0.0634203742	0.0335999238	0.0074349659	-0.0410355693	0.0518406031	0.0182116403	0.0058141046	0.0472230619	-0.0203543145	-0.103653745	0.0583307311	0.0822826681	-0.0884772626	-0.0816788523507341	0.0100012698454889	0.0001000253985222	0.006671434921333	-0.1860376955143863	0.0330823230536765	0.0010944400986278	0.0346100241523035	0.1153679817619561	-0.0393171274817305	0.0015458365134146	0.013309771215827	-0.0291834477777532	0.0005198557132492	2.702499625979379e-07	0.0008516736241968	0.0022548860145528	0.0003300914400717	1.0896035880860889e-07	5.084510938625811e-06	-0.002940235434473	-0.000187703176169	3.5232482343968085e-08	8.644984410130631e-06	0.0	0.0	0.0	0.0	0.0	0.0	0.0	0.0	0.0	0.0	0.0	0.0	0.0	0.0	0.0	0.0	0.0
982.1363095765616	-0.6195248530223125	0.3838110435123179	964591.7305886676	1654.3367460606626	-6.534437084722413	2736830.0693665813	42.69886801419555	926.494056419708	-0.9940695997245256	0.9881743690964788	858391.2365810452	1021.128857568754	881.2966685383872	1.120487	27.212656	0.2164758729294726	0.1050189991381736	0.0220160286	0.0079200449	-0.0011185792	-0.0539758196	-0.003099091	0.0237905838	-0.0483749796	-0.0177707076	0.0082456419	0.0068422089	-0.0615031637	0.0327223945	-0.0088095264	-0.0250958275	-0.0317901619	0.0503973254	-0.0826242529	-0.0235676198	0.061413154	0.0159168102	-0.1121959369	-0.0062648227	-0.0322915135	0.0516015942	-0.056289667	-0.1633491859	0.0194436236	-0.0235585401	-0.0774539403	0.0848068484	0.036443627	-0.0282859812	0.0158984666	-0.0073924848	0.1049399998	0.146404656	0.0110750234	0.026105675	0.0646116269	-0.069932774	-0.030408215	0.0065491973	-0.0246155238	0.0792724721	-0.0923384638	-0.1100613141	0.0813348684	-0.0242679549	-0.1915242817	0.0425514499	0.0322813512	-0.1152772503	-0.0200107832	-0.0302573394	0.0213347388	0.0357832969	-0.1100493319	-0.0244738365	-0.0354111947	0.0372720579	0.1112086077	0.0634652898	-0.0405404098	0.0703214426	-0.0068220392	0.1291149282	-0.0619717123	-0.0899401748	-0.0106818522	-0.0778174998	0.0726288671	0.0094125857	-0.0926233757	0.0108509815	-0.0476333841	0.0429157049	0.0479150907	-0.0010641753	0.0310185374	0.0299153814	-0.0412502777	-0.1118010396	0.1368121411	0.0265617341	-0.0490174953	0.0653527705	0.023740489	0.0203290035	-0.0218897244	0.0287992249	-0.0537388298	0.0810166271	0.0489217017	-0.033619541	-0.0121588937	-0.1066256132	-0.026901492	0.0796174069	-0.0699612349	-0.0453974635	0.1238114693	0.0270433688	-0.0024513827	0.0862857755	0.027554024	0.0393485088	-0.0255085743	-0.0078167539	-0.0041377138	0.0079709281	-0.0224686191	-0.1020240119	0.0637307152	0.0762490709	-0.0945685192	-0.0933226398622082	-0.0116437875114741	0.0001355777876123	0.0087091151108514	-0.24598984509106	-0.0599521495766737	0.0035942602388638	0.0605110038879237	0.0756116484098612	-0.0397563333520949	0.0015805660416028	0.0057171213752564	-0.0297726853630154	-0.0005892375852621	3.472009318856275e-07	0.0008864127937251	0.0009148892145953	-0.0013399967999575	1.7955914238963408e-06	8.370222749828048e-07	-0.0027669977699081	0.0001732376645648	3.001128842390073e-08	7.6562766586764e-06	0.0	0.0	0.0	0.0	0.0	0.0	0.0	0.0	0.0	0.0	0.0	0.0	0.0	0.0	0.0	0.0	0.0
980.760679937013	-1.375629639548606	1.892356905204628	961891.511310512	1659.2720862387737	4.935340178111119	2753183.8561711726	24.35758267367789	924.2933599595922	-2.2006964601158643	4.843064909566496	854318.2152653922	1016.045936717051	886.7398122200249	0.986241	23.952295	0.1995331912685277	0.0958518062221627	0.0209811692	0.0168878378	0.0082212927	-0.0798445234	-0.0204458444	0.0504934036	0.0967059761	-0.066170633	0.0246032895	0.0309918382	-0.0160345245	0.0154606382	-0.0209800356	0.0138372645	0.0495811102	-0.0332454336	-0.038856157	-0.0190914954	-0.0297238179	-0.0057696636	0.079471826	0.0725843654	-0.0954416433	-0.0669836658	0.0211613116	-0.0314233367	-0.1098427288	0.0741645069	0.0305924191	0.0826471685	0.2186306061	0.0488636241	-0.0337069792	-0.0477141444	0.008823619	-0.0620718661	0.0071438811	-0.1089426918	-0.0351531367	-0.0580456525	0.0310295914	-0.0623164932	0.1853568291	0.0484188348	0.0569048484	0.0467847227	0.0223532115	0.0521029021	-0.0030586548	0.0798608906	0.0365662735	-0.0701666475	0.0322178008	-0.0071170194	0.0382420656	-0.0109315049	0.0004552255	0.0682595429	-0.0122743158	-0.0627542033	0.0294095333	0.0160328777	-0.0463590816	-0.0110597403	-0.0107789641	0.0094181525	-0.0323243471	0.0043450949	-0.0527815482	-0.0509647257	-0.0389300353	-0.1868850411	0.0557604322	-0.0300388372	-0.1358929464	0.15328674	-0.0925909065	-0.0314065109	-0.003901954	-0.0317525255	0.1427164872	-0.0130967496	0.0480457331	-0.1251799051	-0.0295381799	-0.1201522587	0.024337511	0.0337338152	-0.0410705458	0.0011387259	0.0249791212	0.0662609676	-0.0286171059	-0.077129274	0.1378210119	-0.1227815663	-0.0341569254	-0.0518439209	0.0600362146	-0.0251244716	0.0907493401	-0.0349131081	-0.0963844483	0.0642603561	-0.0444701256	0.0450045755	0.0555782345	-0.0767381707	-0.0230800084	0.0063602886	-0.0245744743	-0.100240825	0.0689150546	0.0697569027	-0.0997713604	-0.0760238851047887	0.0172987547574195	0.0002992469161573	0.0057796311064261	-0.1792878741024424	0.0667019709886176	0.0044491529337663	0.0321441418001732	0.0324089836498089	-0.0432026647600523	0.0018664702423694	0.0010503422212135	-0.0301315645877709	-0.0003588792247555	1.2879429796111002e-07	0.000907911184507	3.308766407683628e-05	-0.0008818015505184	7.775739744967667e-07	1.0947935140615623e-09	-0.0025610825299333	0.0002059152399748	4.240108605387951e-08	6.5591437251295525e-06	0.0	0.0	0.0	0.0	0.0	0.0	0.0	0.0	0.0	0.0	0.0	0.0	0.0	0.0	0.0	0.0	0.0
980.9606104212032	0.1999304841901903	0.0399721985085239	962283.7191979396	1662.527516798619	3.2554305598453084	2763997.7441125824	10.597828129974738	924.1385247526456	-0.1548352069465863	0.0239739413101922	854032.0129319961	1015.7868963656936	880.202397272069	0.918388	22.304373	0.2399764626265214	0.1453193287440891	0.0347054098	0.0316786931	-0.0073827256	-0.1046184351	0.0084432319	0.0299602991	-0.0092514244	0.0166715043	0.0336869866	0.0264846121	0.0048096531	0.0300188444	-0.0213200624	0.0090917521	0.1199951717	0.0141604664	-0.0886133306	-0.0459487344	-0.0189900936	0.0773524096	0.1212266381	5.55964e-05	-0.0067827142	-0.0604035225	0.0217668264	-0.0575261105	0.0041622987	0.0166835907	-0.0808684832	-0.0368991826	0.0203083348	-0.0788678134	-0.010361873	0.009019298	0.0428156115	-0.0149283945	-0.0123007731	-0.0817547305	0.0393360082	-0.0572102258	0.0965177745	-0.1097612235	0.0470059996	0.0086328063	0.0403976261	-0.0285768358	-0.1406196475	0.0582201194	0.0662773689	0.0245839919	-0.0396410529	-0.1110158265	0.0364124892	-0.0208068524	0.0298574004	-0.020066095	0.0053059951	0.0173054174	-0.0318699124	-0.0038854585	-0.0546290833	-0.0679706304	-0.0522647452	0.0741127892	-0.0466866987	0.044438346	-0.0442709129	0.0311607183	0.063341975	-0.1373868748	-0.009302185	-0.0694295805	0.0965387362	-0.025488732	-0.054529347	-0.0248429528	-0.0279191924	-0.0385668217	0.0020294751	0.0660900358	0.0603447638	0.0211754267	0.0917666699	-0.0879619574	-0.0685152738	-0.1379870089	0.0151478132	0.0556757073	-0.0782246701	-0.0278256875	0.0404151381	0.0523710438	0.0181830034	-0.047250779	0.1557094931	-0.0206095831	-0.0536370977	0.063321927	0.1211896791	0.0182302688	0.1045700519	0.0074936172	-0.0235907375	0.0170447322	-0.0397399854	0.0427330646	-0.0240543301	-0.0588808233	-0.1015800958	0.0752365912	-0.0266710879	-0.0983068664	0.0738662073	0.0628452084	-0.1040369087	-0.0746877119197222	0.0013361731850664	1.7853587804907549e-06	0.0055782543118034	-0.297137732462744	-0.1178498583603016	0.0138885891155431	0.0882908320531012	-0.0158261596707163	-0.0482351433205252	0.0023266290511516	0.000250467329923	-0.0309245531467627	-0.0007929885589917	6.288308546918895e-07	0.0009563279873269	0.0003610754091112	0.0003279877450343	1.0757596089272677e-07	1.3037545106482046e-07	-0.0022309530787469	0.0003301294511864	1.089854545406337e-07	4.977151639570272e-06	0.0	0.0	0.0	0.0	0.0	0.0	0.0	0.0	0.0	0.0	0.0	0.0	0.0	0.0	0.0	0.0	0.0
982.8406261110704	1.8800156898671505	3.534458994146657	965975.6963344008	1651.138817424407	-11.38869937421191	2726259.394405669	129.70247343617476	925.1494403424524	1.0109155898068138	1.0219503297144583	855901.4869659529	1018.5319709438302	873.3383171754691	1.063129	25.81962	0.1641349056303745	0.0828847152368907	0.0442573495	-0.0058509894	-0.0084646316	-0.0370420001	-0.0072320573	0.0385212656	-0.0728991648	0.0416526215	0.0240570642	0.0248252583	-0.0249423874	-0.0385786498	-0.0392061302	0.0434961436	0.063856448	0.0196396739	-0.023272432	0.031775257	-0.0263004055	0.0602069851	-0.0627382263	-0.0964974912	-0.1207270263	0.200247012	0.0206490668	-0.0538927068	0.024830381	-0.0366933273	0.0057836506	-0.0571323262	0.0363249643	0.0104540145	0.0418279428	0.018591811	0.12298775	0.009401094	0.0155331431	0.0765167581	-0.0445046495	-0.002783402	-0.0208040973	-0.0660975131	-0.0536932449	-0.0076911305	-0.0773698533	-0.2287945577	0.0101076426	-0.0206419546	0.0923949135	0.0396053067	0.0523346441	0.0533906935	-0.0012079196	-0.0398674661	0.0206291656	0.0254891793	-0.0009210329	0.0254148748	-0.0269841392	0.0885589326	-0.0002871931	-0.0248277864	-0.0949362452	0.0244903976	-0.0089135242	0.0462749299	-0.0460318563	-0.162826061	0.0294658995	-0.0327109077	-0.0345563944	0.0601546998	-0.1301434781	-0.1156232585	0.0302705085	-0.0223717666	0.0258338331	-0.005873848	0.0890328076	-0.1259363678	-0.0007882837	-0.1081021671	0.0692524696	-0.032780185	0.0514104067	0.0775008726	0.0298775028	0.0308342679	-0.0112539065	0.0265406781	-0.0724052349	0.1117907634	0.1339603324	0.0503842675	0.003217171	-0.1067493782	-0.0437310328	0.1008334234	-0.0675211234	-0.0346779094	0.0663314664	0.0289976456	-0.0804862717	0.0737668401	-0.0777328629	0.005328703	-0.0132700374	-0.0835392159	-0.0158791343	-0.0385618901	-0.0287576717	-0.0962250449	0.0785674201	0.0555555556	-0.1073250918	-0.0663015300825407	0.0083861818371815	7.032804580627306e-05	0.004395892891286	-0.2779490032785503	0.0191887291841936	0.0003682073277043	0.0772556484235395	0.0335550469271481	0.0493812065978644	0.0024385035650609	0.0011259411742831	-0.0299522963641374	0.0009722567826252	9.45283251360898e-07	0.0008971400574851	0.0011098229905395	0.0007487475814283	5.606229406947287e-07	1.231707070330039e-06	-0.0022083816825778	2.2571396169100005e-05	5.094679250224624e-10	4.876949655945155e-06	0.0	0.0	0.0	0.0	0.0	0.0	0.0	0.0	0.0	0.0	0.0	0.0	0.0	0.0	0.0	0.0	0.0
985.2380168140144	2.3973907029439943	5.747482182562299	970693.949775612	1657.5995677420024	6.460750317595284	2747636.326978473	41.74129466630757	928.1586291765504	3.0091888340980404	9.055217439260325	861478.4409148933	1017.9929494923268	900.0594692274608	1.118824	27.172272	0.0886507614232446	0.0559422919495962	0.0636092952	0.0530749844	0.0384770163	-0.0802469681	-0.0270470738	0.0851514682	0.0891268086	-0.0912497432	0.0175589695	-0.0058781984	-0.1048295509	0.0503882607	-0.0277257855	-0.0030154855	0.1014354964	0.0631928954	-0.0920368228	0.0158533895	0.0292417851	-0.0122102927	-0.0628513495	-0.0160747824	-0.036838909	0.0751568765	-0.0436955644	-0.0896183968	-0.0186677888	0.1619116371	0.0146617818	-0.0011168233	-0.008686464	-0.0503007293	0.0014154346	0.03621405	0.1289139755	0.0150670859	-0.1141013539	0.1254801915	0.1133806675	-0.0564363692	-0.0306097452	-0.0306909569	0.0194037039	0.054538627	-0.0189993273	-0.0361802283	0.0711019903	0.0976762549	0.0143924534	-0.024883188	0.0498404606	0.0058377521	0.0632824646	0.025524518	0.0635086441	0.0563849954	-0.0077397975	0.0620329255	-0.0265962287	-0.0639661511	0.1230130463	-0.0484056588	-0.0805828895	0.0980483496	0.0516539786	-0.0153491652	-0.0420532508	-0.0726703264	-0.0433447727	-0.1006773243	-0.0789409213	-0.0397944562	0.0100767171	-0.0211390944	-0.0345642766	-0.0498710272	0.0033804135	0.0809523162	0.0286648515	0.045138555	0.0888440262	-0.1076628041	0.1309744236	0.0356872354	-0.0971890257	0.0222163084	0.0284734977	0.0555318794	-0.0580781619	0.0181845498	0.0169566257	0.0664102387	-0.0759008632	-0.1032917986	0.1580087606	-0.1055420221	0.0229814856	0.0417556269	0.0422366197	-0.0626528069	0.0905274941	0.0320402608	-0.0693659125	0.0931636151	-0.0326720252	-0.0021747211	0.004877343	-0.0999474222	-0.0918460524	0.0071768708	-0.0308334408	-0.0939984918	0.0830027857	0.0479317851	-0.1096050192	-0.0708918408562055	-0.0045903107736648	2.107095299882325e-05	0.0050256530999815	-0.2812079129436142	-0.0032589096650638	1.06204922050467e-05	0.0790778903021033	0.0244658804936221	-0.0090891664335259	8.261294645633572e-05	0.0005985793083281	-0.0309570013357371	-0.0010047049715996	1.0094320799571513e-06	0.0009583359317008	0.0008439127237647	-0.0002659102667747	7.070826997624525e-08	7.121886853319549e-07	-0.0023720139352231	-0.0001636322526453	2.677551410577529e-08	5.626450108892577e-06	0.0	0.0	0.0	0.0	0.0	0.0	0.0	0.0	0.0	0.0	0.0	0.0	0.0	0.0	0.0	0.0	0.0
981.3609819714304	-3.877034842583953	15.031399170609976	963069.3769359302	1664.7463601262716	7.146792384269247	2771380.44355367	51.07664138384891	926.994651248881	-1.163977927669407	1.3548446161015677	859319.0834440346	1018.341226906456	898.5360357159362	1.064841	25.861208	0.0896900164001548	0.0439738370857697	0.0475879926	0.0462883619	0.0230878726	-0.0903098248	-0.0039083811	0.0059977597	-0.0023024684	-0.0425181893	0.0166354114	0.0272072363	-0.086688209	0.0254746577	0.001310655	-0.029801031	-0.0025691222	0.1211978996	-0.0799366485	-0.0248774671	-0.0021594284	0.1044529487	0.0627614364	0.0080053958	0.0150827427	0.0352128486	-0.0098046698	0.0318260535	0.0989835706	0.1088270753	-0.0493731323	-0.0461470161	0.0087869157	0.0002504579	-0.023899614	0.0888068822	0.0268925477	-0.1019467384	-0.117163609	0.0496145029	0.0678660327	0.0862190057	-0.1685526607	-0.0434007715	-0.0258663635	0.0340728263	-0.011461758	0.0735238282	-0.004714013	0.1610675714	-0.0922666549	0.1336526798	0.010231503	-0.0800179019	0.037428941	-0.0069029222	0.0673926413	0.0364439476	-0.0644467984	-0.0195310783	0.0133948938	-0.115207953	-0.0115850718	-0.0802550648	-0.0617383906	0.1279006533	-0.0963714794	0.0523997392	0.0510615917	0.0132106014	0.0122109159	-0.0578641849	-0.112718569	0.0188252052	0.0514427231	0.0306313127	-0.0531820039	-0.0210900789	-0.0036741202	-0.0384076656	0.0212206625	0.0559903828	0.1239322128	-0.0806053845	-0.0556057068	-0.0580605117	-0.0337530971	0.0536665905	0.0310843377	0.0488037949	-0.0709239163	-0.0306502108	-0.0753213935	0.0770337108	0.1019125838	-0.0170023843	0.1096449838	-0.102649001	-0.0097117759	-0.025015208	0.1308348402	0.0225470906	-0.0452124061	-0.0010983083	-0.0114672992	0.0647833419	0.0156515884	0.070518133	0.0378883182	-0.1266272139	-0.0685175865	0.0670631193	-0.0328976148	-0.091630556	0.0871572961	0.0400197472	-0.1108552722	-0.0783046307613091	-0.0074127899051035	5.494945417720573e-05	0.0061316151986649	-0.2426813720906437	0.0385265408529705	0.0014842943500956	0.0588942483597974	0.0431746529042627	0.0187087724106406	0.0003500181651131	0.0018640506534035	-0.0312072396415217	-0.0002502383057846	6.261920968194816e-08	0.0009738918060433	0.000704913460225	-0.0001389992635397	1.9320795264578985e-08	4.969029864063826e-07	-0.0024836146305276	-0.0001116006953045	1.2454715192447864e-08	6.168341632970747e-06	0.0	0.0	0.0	0.0	0.0	0.0	0.0	0.0	0.0	0.0	0.0	0.0	0.0	0.0	0.0	0.0	0.0
981.5629281114568	0.2019461400263935	0.0407822434715597	963465.781842737	1656.4640460280953	-8.282314098176357	2743873.135783768	68.59672682085085	924.696622607016	-2.2980286418650167	5.280935638831973	855063.8438608223	1018.5434890085634	886.7018609763899	0.998386	24.247244	0.1121132713855322	0.0486772653858719	0.0345716408	0.0344907929	-0.0302511607	-0.0585511067	-0.0064487895	0.0292716311	-0.0288047208	0.0168204138	0.0190035068	0.021803038	-0.0109875546	0.0104964494	-0.0263602299	-0.0432941204	0.0628162874	0.0490857188	-0.0856585989	-0.0592047119	0.0252779738	0.0148500971	0.0116962044	0.0848236713	0.0297513974	0.0488109238	-0.0186704181	0.0438627096	0.0821962066	0.0064619521	-0.045429901	0.0127083792	0.0284698424	0.0428791748	-0.0055331257	0.0568757329	-0.0165401746	-0.0611967742	0.0665381441	-0.0520919814	-0.0498555927	-0.1075622176	0.0344496501	-0.0706356656	0.1378524276	-0.0432135247	-0.1105140505	0.0075625855	-0.0397460515	0.1226189618	0.0297818849	0.1178670367	-0.078523815	-0.066605424	0.0038038371	-0.0333487395	0.0145294651	-0.0110087615	-0.0627208104	0.0300245791	-0.0052542662	0.0111861823	0.0335038039	-0.0332536929	-0.0377993829	0.0981878448	-0.0602513091	0.1034697412	-0.0511400052	0.0023995661	-0.0334547196	-0.0393466745	-0.0833733898	-0.0434652283	-0.0644962586	0.0747084936	-0.0532340015	-0.010512059	-0.035699235	-0.0700076837	-0.0388408461	0.0180098075	0.0065214398	0.0402294303	-0.0203902956	-0.0907093243	-0.1047716723	-0.0691703404	0.0202352949	0.0359113316	-0.0408430718	-0.0012319916	-0.082860749	0.1196324838	0.083669183	-0.0824749176	0.046754442	-0.1301536637	0.0213030147	0.0308557336	0.0920324155	-0.0133419797	-0.0018274883	-0.0035061402	0.0985216654	-0.05455754	-0.0364480364	0.0619202994	-0.0880825244	-0.0536353584	-0.061670622	0.0020581529	-0.0349494174	-0.0891247992	0.0910168938	0.0318670259	-0.1110641056	-0.0707707251342526	0.0075339056270564	5.675973399739356e-05	0.0050084955360279	-0.2832140706423303	-0.0405326985516865	0.0016428996518818	0.0802102098097988	0.0569281145185769	0.0137534616143141	0.0001891577063764	0.0032408102226402	-0.0306238347352126	0.000583404906309	3.403612847055296e-07	0.0009378192538896	0.0008591244911309	0.0001542110309059	2.3781042053060456e-08	7.380948912609279e-07	-0.0022153664558931	0.0002682481746345	7.195708319474122e-08	4.907848533896354e-06	0.0	0.0	0.0	0.0	0.0	0.0	0.0	0.0	0.0	0.0	0.0	0.0	0.0	0.0	0.0	0.0	0.0
978.05128892107	-3.511639190386859	12.331609803460871	956584.3237601664	1660.7516553836826	4.287609355587392	2758096.060859642	18.38359398612053	923.7960638583892	-0.9005587486268496	0.8110060597283573	853399.167600253	1016.0889555952192	872.0701452287115	1.175265	28.543013	0.1018201952325333	0.0593688307956841	0.0330686224	-0.0096344266	-0.0347203165	-0.0340111977	-0.0093501027	-0.0040338853	0.0410499437	-0.0346494948	0.0281787399	0.0231464306	0.0001954721	-0.0699786899	-0.0249522646	0.0353663867	0.0038425974	0.0593264714	-0.003161817	-0.0561436723	-0.0022226263	0.1321456414	0.0822126835	-0.0107364915	0.0335359001	-0.005945382	-0.0119749627	0.0276119998	0.1102688768	-0.0388580022	0.0170047546	-0.0846098939	0.1045426963	0.0686223103	0.1048044967	0.0597086107	0.1005405042	0.0229174292	-0.100982278	0.0158139181	-0.1129188021	-0.0153188925	0.0753331628	-0.0601842534	-0.0130958965	-0.0885668513	-0.1379920835	-0.0545456233	-0.0372494365	0.1121753163	0.0408712623	0.0237499172	-0.0017933842	0.0434071475	0.02528548	-0.0238989285	0.0186019251	0.0074288521	0.0151195797	0.0426672281	0.015225937	-0.0533957398	-0.0521187112	-0.0662540603	-0.0580560128	0.001240784	-0.1066006572	0.0872631958	0.0430773893	0.0061021398	-0.0037599534	-0.0699555691	-0.0457955399	-0.0452357125	-0.0033766226	0.0505995423	0.0571544308	0.0695652499	0.0052861907	-0.199586711	-0.0428128456	-0.0672473501	0.0394017893	-0.0315645599	-0.0069833461	-0.0675967602	0.0567863804	-0.002412579	0.0387657618	0.0406826785	-0.0315766323	-0.0218929094	-0.046018273	0.1263864613	0.1486702161	0.0371105202	0.092707017	-0.1741866738	-0.0260698484	-0.1007990087	0.0333698028	0.0294742097	-0.0498665856	-0.0929810664	-0.1504056887	0.0900446265	-0.0003586908	0.0604871144	0.1041591566	-0.0818814518	-0.0790406122	0.0367152813	-0.0369880768	-0.0864849902	0.0945685192	0.0235226525	-0.1102295573	-0.0753211868281056	-0.0045504616938529	2.0706701627223465e-05	0.0056732811851943	-0.2769074410977481	0.0063066295445821	3.9773576212596646e-05	0.0766777309353028	0.0081086783630439	-0.048819436155533	0.0023833373465441	6.57506647952963e-05	-0.0305525352830714	7.129945214120331e-05	5.083611875635741e-09	0.0009334574122233	0.0002188898408619	-0.000640234650269	4.099004074050688e-07	4.79127624325479e-08	-0.0023467057102542	-0.0001313392543611	1.724999973612977e-08	5.50702769053967e-06	0.0	0.0	0.0	0.0	0.0	0.0	0.0	0.0	0.0	0.0	0.0	0.0	0.0	0.0	0.0	0.0	0.0
987.3266054241024	9.2753165030324	86.03149623142518	974813.8257782812	1776.7282767850909	115.97662140140824	3156763.3695277185	13450.576711685584	926.7380808670308	2.942017008641642	8.655464079136715	858843.4705291074	1040.688880107671	889.1707357816238	2.975556	72.26567799999998	1.6753867625798176	1.083902685854533	-0.0483623569	0.2166605181	-0.0347915863	0.2633608959	0.5987683747	-0.1874500957	0.0390949333	-0.3499745525	-0.3452437893	0.0053330105	-0.0680652635	-0.3852350984	0.0148720502	0.268360823	-0.1992707568	0.2269991536	0.2344760736	-0.1344481501	-0.3867304568	0.0622908946	0.2133519375	-0.1642555556	0.0912298969	0.0279457981	-0.1091017873	0.047345819	-0.1167475057	0.0405113249	-0.0388000895	-0.0287941359	0.1152643346	-0.0225159246	-0.1343439358	-0.0791457324	-0.0746283383	0.0540767871	-0.0285847721	-0.0006917583	-0.0006953967	-0.0224067868	0.0688457323	-0.0059364622	-0.0057658181	-0.0017819676	0.0037171262	0.0181687577	0.0801984676	-0.0331041872	0.0743546927	0.030696281	-0.0200964434	-0.034726207	-0.4877679791	-0.0199321055	0.0062482563	0.373052474	0.2965281981	-0.1338854783	0.0388905781	-0.330779779	-0.3553777192	-0.1817386	0.0495160113	-0.2427393951	0.0362030055	0.1190149149	-0.1082676156	-0.1327212917	-0.0804879919	-0.0533303826	0.0804262975	0.0122282758	0.0515424356	-0.088936694	0.0520697991	0.0242463072	-0.0599110238	0.0122378349	0.0507859578	0.0053138663	-0.0608950523	0.0462668187	-0.0196220837	-0.0207372342	-0.0197093036	0.0270357413	-0.304296988	0.0793422453	0.3038876713	0.3782114035	0.208274994	0.1441988363	0.2190695332	0.0958644995	0.0879633735	0.2921323981	-0.0033337491	-0.3903293004	0.0567705079	-0.0436145684	-0.1222048346	-0.0037978732	-0.0413400808	0.2961270071	-0.0045877578	-0.2342988577	-0.2060261953	0.0499993931	-0.0633408794	0.0948441466	-0.0390128266	-0.0837150996	0.0978001546	0.0150368111	-0.1083594676	-0.0020294766133304	0.0732917102147752	0.0053716747862065	4.11877532405503e-06	-0.2648049514454698	0.0121024896522783	0.0001464702557835	0.0701216623100376	-0.7685152468941752	-0.776623925257219	0.6031447212819305	0.590615684708815	-0.0175886964432562	0.0129638388398151	0.0001680611174647	0.000309362242573	-0.0028243007017749	-0.0030431905426368	9.26100867879406e-06	7.976674454046192e-06	-0.0026070490769131	-0.0002603433666589	6.777866856329045e-08	6.796704889433448e-06	0.0	0.0	0.0	0.0	0.0	0.0	0.0	0.0	0.0	1.0	0.0	0.0	0.0	0.0	0.0	0.0	0.0
985.7424374718314	-1.5841679522709455	2.5095881010023207	971688.1530329074	1612.9697876273767	-163.75848915771417	2601671.5357987047	26816.842771217187	928.205264413693	1.467183546662227	2.152627559596351	861565.0128852938	1011.4610789163928	876.3103187407827	3.182591	77.29383099999998	0.8930366745778501	0.4942453043539645	-0.1932128888	0.2717348875	0.1495364114	0.2334516837	-0.2347929987	-0.2174558063	0.080951148	-0.2483965587	-0.3066345255	-0.1715806748	-0.0474481663	0.0471262674	0.1501772737	0.1792333684	0.2434131216	-0.1933042445	0.0153352845	0.0292213513	-0.0299137444	0.0421484134	-0.1166461865	0.0799444785	0.175121294	-0.1455914962	0.1000077915	-0.1354565469	0.0496392353	-0.1120304015	-0.0167259287	-0.0749865217	-0.1243760047	0.0658216929	-0.0792499855	0.238339983	-0.2276793559	-0.0153329772	-0.0140587734	0.0742513054	0.2013004075	-0.0436377067	-0.1193336293	-0.0848432538	0.0389396269	-0.0307248658	0.055707869	-0.140409617	-0.0795595432	-0.0185453802	-0.0286423157	-0.0487671269	0.0193943871	0.0483662585	-0.0328770165	0.4310749235	0.0452710789	0.01705551	0.25361405	0.077425383	0.0790904478	0.1202649943	0.0736137271	0.1500543408	-0.1087800181	-0.1182396536	0.122051327	-0.0658281697	-0.0076916915	0.1704502111	0.2636144046	0.0140209374	0.197352536	0.0314543327	-0.0142520284	0.2599514825	-0.1274244545	-0.158944105	-0.0267595474	-0.1746153644	0.0564323486	0.0747747412	-0.0208328553	-0.08472255	0.02358257	-0.0707546548	-0.1001500594	0.1534403702	-0.3810267181	-0.0472822773	0.0610077096	0.0100458409	-0.2749568939	-0.085074211	-0.1656150633	-0.186088655	0.247319819	0.2569699143	0.0546072337	0.0143094897	-0.2235406043	-0.0343503583	0.1755530353	-0.0607317374	0.1126188345	-0.1221397585	-0.0431417756	0.0317132118	-0.0181212925	0.0572141365	0.1530434114	-0.2914785308	-0.0410229053	-0.0808192935	0.1007008652	0.0064605365	-0.1054714048	-0.0400622244508355	-0.0380327478375051	0.0014464899080712	0.0016049818279491	-0.3644966691363152	-0.0996917176908454	0.0099384385761512	0.1328578218114684	-0.5223456124037256	0.2461696344904496	0.0605994889451615	0.2728449387974231	-0.0087649051125404	0.0088237913307158	7.78592934480153e-05	7.682356163183686e-05	-0.0035945835798172	-0.0007702828780423	5.933357122051289e-07	1.2921031112291438e-05	-0.003195826359336	-0.0005887772824228	3.4665868829729497e-07	1.0213306119026792e-05	0.0	0.0	0.0	0.0	0.0	0.0	0.0	0.0	0.0	0.0	1.0	0.0	0.0	0.0	0.0	0.0	0.0
980.2776756783044	-5.464761793527032	29.863621459992785	960944.3214332588	1632.675558164511	19.705770537134185	2665629.4782277974	388.3173924621857	928.5650220279122	0.3597576142191201	0.1294255409886332	862233.0001336971	1016.5269978755994	883.0240900109662	2.273793	55.222355	0.6714541221747039	0.3347365303723952	-0.2220482728	0.0387383733	0.2984338467	0.1891256964	-0.118519319	-0.1800013484	-0.0422742316	-0.0418738364	-0.2489275449	-0.150575786	-0.0794094699	0.0563109116	0.2597908782	0.0252808736	-0.0205060669	-0.1438657815	0.2101347126	-0.0054335986	0.0695122502	-0.108172203	-0.1085138011	-0.1995556021	0.0192793406	-0.1622769507	-0.0089019966	0.0113207331	0.0508965998	0.1136181981	0.0687940706	-0.0353599796	-0.0009016046	0.0014392429	0.048885977	-0.031535075	0.1978633461	-0.0111083687	-0.0761280509	-0.1016665727	-0.0751801349	-0.0134291762	0.0765611259	0.074626919	-0.1681688975	0.0388028335	-0.0860710431	0.0327602442	-0.0391833863	-0.073833722	0.0138337157	-0.0768062368	0.0946635386	0.0606936752	-0.0392481263	0.3071449573	0.0095306415	0.0305825082	0.0561889737	-0.1818876072	0.156541648	0.0646731413	0.0866367886	0.1168104419	0.103274567	-0.1649884937	0.1175209972	0.1118354665	0.133244244	-0.0766550172	0.0403470558	0.0209720245	-0.1393527781	0.0282642755	0.2210963845	0.0809843094	0.0273201887	0.0054648015	0.1429712292	0.0879638134	-0.0069173217	-0.0447759911	0.0137166805	-0.0195246434	0.0886261059	0.029204424	0.1205472269	0.0572808702	-0.24096685	-0.2267183624	0.1494962231	0.0643211884	-0.0317673088	-0.1649612022	0.0948348381	0.1637260087	0.1194606737	-0.1248239457	0.0199844626	-0.0726317655	-0.0230074718	-0.0394684362	0.1080395085	0.0701413687	0.0195087324	-0.1844085785	0.1673351204	0.1733096361	0.0819046228	0.0199193271	0.2655664833	0.1918854697	-0.0430175569	-0.0778019275	0.103260836	-0.0021545924	-0.1015925006	-0.0660239068928518	-0.0259616824420163	0.00067400895522	0.0043591562813959	-0.2346619314617157	0.1298347376745994	0.016857059107032	0.0550662220773429	-0.3604685009945925	0.161877111409133	0.0262041991981648	0.1299375402092885	-0.0134065360677155	-0.004641630955175	2.1544737924039703e-05	0.0001797352093349	-0.0012669273608896	0.0023276562189276	5.417983473512331e-06	1.6051049377706868e-06	-0.0033021509982124	-0.0001063246388764	1.1304928832196918e-08	1.090420121499515e-05	0.0	0.0	0.0	0.0	0.0	0.0	0.0	0.0	0.0	0.0	0.0	1.0	0.0	0.0	0.0	0.0	0.0
977.4686729910068	-2.809002687297607	7.890496097245177	955445.0066787996	1655.2157876227122	22.54022945820134	2739739.303595476	508.0619440283674	925.9819664537008	-2.583055574211357	6.672176099464366	857442.6021974627	1018.959583116182	888.5196509868831	2.029116	49.280022	1.066349128380888	0.6978010296450973	-0.0731203436	-0.0510922739	0.0175512196	0.0990115272	-0.0310930677	-0.1159515785	0.0379305447	0.0343879962	-0.0511915037	-0.1395247493	-0.0221021514	-0.0115754313	0.1842348068	-0.1007192493	-0.2364012066	-0.1525659786	-0.0361401427	-0.0525879188	0.0582654909	-0.2683330215	-0.0168450528	-0.103891797	0.0466994408	0.0510718055	0.0668150636	-0.0575391546	0.0700560589	0.0557198752	-0.0475315673	0.0333242594	0.0541038435	-0.0780867145	0.095216438	0.0152915444	-0.1045602624	-0.0779026363	0.0582721178	-0.0221923568	0.0249539764	-0.0647628303	-0.0721379792	0.0014563984	0.0335875382	0.0635794792	-0.0765077727	0.071405999	-0.0962224389	0.0485664434	-0.0381641541	0.0868577886	0.0419709941	-0.105398847	-0.0158082283	0.0960645132	-0.1033929297	0.0152492551	-0.1134836374	-0.1395871214	0.1689783912	-0.0481746051	0.0637405722	0.2970393246	0.3034723238	0.0070922735	0.0489197787	-0.0319006075	0.0013355409	-0.0239526883	0.0016111915	-0.0959308256	-0.1538457124	0.0834233374	-0.0294308072	0.0199140432	0.0222248499	-0.019846818	-0.0486224327	-0.0454672664	-0.1111827626	0.0716928721	0.0235171262	-0.0995608591	-0.0418844804	-0.0378203169	-0.0363992944	-0.1123946699	-0.0152937738	-0.098564229	0.106302536	-0.0858434043	0.1234397745	0.0015324707	-0.2261755335	0.0899672273	-0.0614294325	-0.0388311963	0.0229360524	-0.0463298391	-0.0722162765	-0.0113180103	-0.0981269057	-0.111709221	0.2044138754	-0.020219842	0.1842504936	0.2348789076	-0.0823118084	0.021053173	-0.0219767666	0.0744461895	-0.0449960313	-0.0746675401	0.1054714048	-0.0107567634	-0.0967591949	-0.1049794469385858	-0.038955540045734	0.0015175341002547	0.0110206842795313	-0.2294427243679138	0.0052192070938019	2.7240122687992226e-05	0.0526439637653704	-0.1270678201661752	0.2334006808284172	0.0544758778111687	0.0161462309217834	-0.0249035170986948	-0.0114969810309792	0.0001321805728266	0.0006201851638849	0.0029052510417801	0.0041721784026697	1.740707262370349e-05	8.440483615764357e-06	-0.0031958364236027	0.0001063145746097	1.130278877444152e-08	1.0213370446425697e-05	0.0	0.0	0.0	0.0	0.0	0.0	0.0	0.0	0.0	0.0	0.0	0.0	1.0	0.0	0.0	0.0	0.0
965.8559267961152	-11.612746194891542	134.855874186968	932877.6713271828	1645.4409939235334	-9.774793699178872	2707476.0644840654	95.54659186150698	920.4951628671024	-5.486803586598398	30.10501359790905	847311.3448617334	1012.7454948965308	812.1710269058519	1.687924	40.99369	0.3647807183192887	0.2199915224393273	-0.0721553786	-0.0778625615	-0.1721001789	-0.0334799069	-0.0360770756	-0.0234172411	0.0428661177	0.0891219822	0.0068794183	0.0030566099	0.1363575537	-0.025648143	-0.0289237054	-0.061153815	-0.0839950354	-0.0732616235	-0.0038656084	-0.170795684	0.0700895856	-0.0644657821	-0.0805157606	0.1376049895	0.0623412453	0.1472471572	-0.005212564	0.052557614	-0.0332887156	-0.0369556501	-0.0333826697	0.0593254418	-0.0605906988	0.0188335286	-0.0602893776	-0.1039351655	0.0906184239	-0.0427958905	-0.0863144702	0.0436984729	-0.0246503038	0.1787315555	0.0914547339	-0.0059500207	-0.081194538	0.022736186	-0.0964622425	-0.1361529724	-0.0540130348	-0.0127029394	0.0074955253	-0.0341061786	-0.0253657694	-0.09121751	-0.0010771778	-0.0083149098	-0.0793405875	-0.1133807094	0.0121144003	0.030066839	0.0117827113	-0.0268319887	0.0734138002	-0.0054521913	0.1685028112	-0.0635607267	-0.1325907889	0.01818566	-0.042999342	0.185112299	-0.0663014904	-0.0361588683	-0.0333124188	0.1419811275	-0.1070222724	-0.1217437929	0.0069495345	0.0681187764	0.1797480714	0.0691965598	0.0560491266	-0.0860109223	0.0173927887	-0.0129127081	0.021145418	-0.0031112562	-0.0233477896	0.0525372549	0.0090027923	-0.0423632748	-0.0072548424	-0.167237075	0.0175472239	0.1008216091	-0.0333396607	0.0200996893	-0.1087922768	0.0490625543	-0.1324275833	-0.0500661561	0.0177171199	0.0072699453	0.0342939861	0.1221974679	-0.0763591551	0.0178019056	0.0275540402	0.0857318149	-0.0099567062	0.1479645169	-0.027703613	-0.0261193008	-0.0469575846	-0.0714208455	0.1073250918	-0.019294242	-0.0910168938	-0.0968788569662422	0.0081005899723436	6.561955790003369e-05	0.0093855129270856	-0.2539749305109211	-0.0245322061430073	0.000601829138243	0.0645032653280272	-0.0369641335727024	0.0901036865934728	0.0081186743377347	0.0013663471707805	-0.0281716290587891	-0.0032681119600943	1.0680555783711406e-05	0.000793640683826	0.0013801187559021	-0.0015251322858779	2.326028489427453e-06	1.9047277803927604e-06	-0.0031481959573657	4.76404662369998e-05	2.2696140232787182e-09	9.911137785973736e-06	0.0	0.0	0.0	0.0	0.0	0.0	0.0	0.0	0.0	0.0	0.0	0.0	0.0	1.0	0.0	0.0	0.0
969.9998830737792	4.1439562776639605	17.172373631190545	940899.7731631452	1638.6567189407174	-6.784274982815987	2685195.842529557	46.02638704246286	919.8056222334644	-0.6895406336379892	0.4754662854378796	846042.3826922907	1013.4753855561931	825.5694856109369	1.126986	27.370499	0.2281693464375859	0.1369101270384522	-0.0581142012	-0.0636919981	-0.1252547544	-0.0489117532	-0.0208027435	-0.0070648091	-0.1212401793	0.1539393616	0.0254875351	0.0122042057	0.1762796654	-0.0152232127	0.0094492707	0.0146897015	-0.0116533854	-0.1550956755	0.007843328	-0.0443873695	0.0646804962	0.0047349313	0.016302584	0.0943066473	0.0497819508	-0.0886884308	-0.074953862	-0.0047616212	0.0178431312	-0.0228041189	0.0309427433	0.067191649	0.0554064196	-0.1055769209	-0.0328248012	0.0071664523	0.0512838651	-0.0660619783	0.0400409329	-0.0264004025	0.0388070003	-0.0457054343	0.0363878026	0.0517813291	-0.0472294018	0.1766721957	0.0108757582	-0.0037509128	0.0552152435	-0.0427371263	-0.0584664591	-0.1861865475	-0.0911497986	-0.0733467544	-0.020288567	-0.0434274028	-0.0947084226	-0.1224500282	0.0498711994	-0.0091427005	-0.0224331461	0.1674459501	-0.0542958103	0.0361781156	0.0465108952	-0.0625133986	-0.1233402775	0.0860492419	0.0164173547	0.1032118119	-0.0251650442	0.0264281336	0.0311843508	-0.0071514922	0.0387612047	0.0627599436	-0.0141232529	-0.0335917657	-0.0465478433	0.139944766	-0.0107284302	-0.104180061	0.0090916753	0.036531697	0.1046946724	-0.0358948343	-0.0513557596	-0.0146400452	-0.0033709753	-0.0182618881	0.0170372403	-0.0948729395	0.1124236572	0.0688427662	-0.0358636562	0.0534060059	-0.0078892369	0.0484921526	-0.1330054849	0.0437750282	0.0546356743	-0.0572076291	0.0238959709	-0.0192832414	-0.097007545	-0.1170722644	-0.0615658843	0.1129028768	-0.1161385859	0.081458817	-0.0094177038	-0.0600343602	-0.0489014791	-0.0680667272	0.1088156246	-0.0277156827	-0.0844195428	-0.0837932864039459	0.0130855705622962	0.0001712321569408	0.0070213148463737	-0.3209940679763861	-0.0670191374654649	0.0044915647866148	0.1030371916760287	-0.1509179935174671	-0.1139538599447647	0.012985482196311	0.0227762407673382	-0.0285388613120126	-0.0003672322532234	1.3485952780760868e-07	0.0008144666049862	0.0016633104041137	0.0002831916482116	8.01975096168026e-08	2.7666015004328803e-06	-0.0031164042894996	3.179166786609986e-05	1.0107101457084062e-09	9.711975695611508e-06	0.0	0.0	0.0	0.0	0.0	0.0	0.0	0.0	0.0	0.0	0.0	0.0	0.0	0.0	0.0	0.0	0.0
973.8465291284972	3.846646054718008	14.796685870277614	948377.0622956208	1646.96397956766	8.307260626942707	2712490.349993344	69.01057912395254	921.0413779987174	1.235755765252975	1.5270923113559656	848317.2199857762	1012.4793857362014	847.0832600996432	1.004748	24.40176	0.1552025240898914	0.0984701151394374	-0.0273449358	-0.0576561757	-0.067026897	-0.034346456	-0.0305704688	0.0746295225	0.0638545066	0.0271979014	0.0222322553	0.0141958303	0.125645631	-0.0603839068	-0.0110365675	0.0380202923	0.0301345957	-0.1404481463	0.0753702981	-0.0009938819	0.0300996778	-0.0482093077	-0.113120541	0.0307007117	-0.0818618456	0.1546322166	-0.0788299055	0.0946840473	-0.0267882222	0.0070390895	0.0408221323	-0.0165165911	0.0045472692	-0.0256492503	-0.0431698625	0.091371844	0.0346937208	-0.1215097227	-0.0494657218	-0.0197918714	-0.0334293586	-0.0017864436	-0.024380646	-0.1186481686	-0.1017816125	-0.1030208636	0.0012918024	0.1413813904	0.0255042449	0.0438076308	0.0197710122	-0.1139619194	-0.0793895827	0.0779302831	0.0256609971	-0.0185763544	-0.0518565047	-0.0778189192	0.1294610238	0.0900721757	0.0139412541	0.0612889406	0.07130064	0.0018833569	0.0050359114	-0.1128038087	-0.0343507329	-0.0547078758	0.0315087804	-0.0004454421	-0.1521077496	0.0697659533	-0.116254307	0.1096895282	-0.0507536781	0.0041858055	0.0125402856	-0.0483065577	-0.0696021553	0.0765754346	0.0474249402	-0.0272936141	0.1426805605	0.0312218048	-0.0293206615	-0.0412294782	0.1258554055	-0.0412653561	0.0199417853	-0.0219631994	0.0366959358	-0.0606991143	0.0504248067	0.0760444043	-0.0684100191	0.0310858991	-0.0280664749	-0.0876526504	-0.0377921867	-0.039796909	-0.0250926879	-0.129752594	-0.0748196108	-0.0449380747	-0.1189167765	-0.0994263516	0.0123192501	0.0414207738	-0.0023149129	0.0941213534	-0.0447754828	-0.0995112146	-0.0508269837	-0.0646102301	0.1099379598	-0.035970438	-0.0770291202	-0.0829508614874328	0.000842424916513	7.096797399620966e-07	0.0068808454215072	-0.247731450123382	0.073262617853004	0.0053674111746753	0.0613708713802337	-0.0908910518121928	0.0600269417052743	0.0036032337304883	0.0082611832995267	-0.0282457886096151	0.0002930727023974	8.58916088905734e-08	0.000797824574179	0.001692950253944	2.9639849830300023e-05	8.785206979627361e-10	2.8660805623290545e-06	-0.0030177060494254	9.869824007420004e-05	9.741342593744424e-09	9.106549800738655e-06	0.0	0.0	0.0	0.0	0.0	0.0	0.0	0.0	0.0	0.0	0.0	0.0	0.0	0.0	0.0	0.0	0.0
975.6175657378608	1.7710366093635912	3.1365706717060857	951829.6345762692	1651.428493282972	4.464513715312023	2727216.0684268675	19.931882714209163	922.6848977308108	1.6435197320934094	2.701157109780392	851347.4205005168	1014.5463557051352	857.6575833764451	1.020125	24.775211	0.0951178461859543	0.0475422379455156	-0.0039932263	-0.0214666602	-0.0531901523	0.0095048477	-0.0153926271	0.0016747501	-0.0606645562	0.0318040071	0.0227745696	0.003439813	0.0522491515	-0.0168664397	-0.0034773403	-0.000662498	0.0106785457	-0.0437325863	-0.0147721405	-0.0391554465	0.050373402	0.0288930018	0.0165362824	0.0478857847	-0.0134159617	0.0815626126	0.0113430145	0.1505667835	0.0393380937	-0.1054939084	0.0345133774	0.0390876843	-0.0493639707	0.0212903511	0.04897648	0.0005683479	0.0455388663	-0.1264352314	-0.0491493911	-0.0219521673	0.1767898553	0.0007937206	0.1046784821	-0.0460180998	0.0245896945	-0.0446425301	-0.0509210052	0.1126137806	0.1205259636	-0.011655891	0.1116259988	-0.0913118742	-0.0374275921	-0.0017035624	0.0277001468	-0.0175001647	-0.0208434611	-0.0334241314	0.0496169058	0.0030136639	0.0205698883	0.0269190277	-0.0361279663	-0.0678160323	0.0213111693	0.0376416387	-0.1073498624	-0.0731804681	0.0508046506	0.0484524159	-0.031978203	0.0593488138	-0.1028894256	0.0963376637	-0.048293042	0.0235961726	0.0457579125	0.0189894067	-0.0143783589	0.0340957456	-0.0255417453	-0.0570079524	0.1737645924	0.1612245838	0.00024158	0.0597332523	-0.0829038558	-0.0079542029	0.0248150483	-0.0186490954	0.0206962022	-0.0756832933	0.0017461001	0.0268064252	-0.0881847694	-0.0237106498	-0.0073877158	-0.010927566	0.0558811264	-0.0432588303	0.1110467424	-0.0447360979	-0.1861879703	0.0202052588	0.024484667	-0.1087455215	-0.0272185999	0.0286887663	-0.0827614784	0.0886139973	0.0258156037	-0.0827133209	-0.0527333744	-0.0610565531	0.1106882998	-0.0440088629	-0.0689150546	-0.0911092414890788	-0.0081583800016459	6.655916425125731e-05	0.0083008938847152	-0.2703952742432136	-0.0226638241198315	0.0005136489237346	0.0731136043330626	-0.0620130759116861	0.0288779759005066	0.0008339374921102	0.0038456215840285	-0.028538812388529	-0.0002930237789139	8.586293500898335e-08	0.0008144638125476	0.0019871915178242	0.0002942412638801	8.657792136981736e-08	3.948930128512447e-06	-0.0031387943299107	-0.0001210882804853	1.4662371670886689e-08	9.85202984547956e-06	0.0	0.0	0.0	0.0	0.0	0.0	0.0	0.0	0.0	0.0	0.0	0.0	0.0	0.0	0.0	0.0	0.0
975.5484815392108	-0.069084198649989	0.0047726265031111	951694.83983346	1648.5019632478463	-2.9265300351257792	2717558.722832004	8.564578046493295	922.942961999162	0.2580642683511769	0.0665971665996282	851823.7111037866	1015.9361596238444	848.520605190614	1.020045	24.77327	0.1311053387806069	0.0757411386176436	0.0143904128	-0.0566550561	-0.0550305712	0.0905225418	0.0037871967	-0.0105220914	-0.1002404754	0.0592946496	0.0159770303	0.0036624272	0.0409271968	-0.0027168687	0.0270273786	-0.005553414	-0.0821984482	-0.0653973987	0.051610186	-0.0371486585	0.0272410705	0.001138603	0.0127154197	0.092442001	-0.0754559383	0.0590907461	-0.0585432793	0.107092681	0.0411509941	-0.0764098042	0.1171321741	-0.0389657468	-0.004758905	-0.0977932233	-0.058060411	0.0042907404	0.0017960154	-0.058467556	0.0427116412	-0.0749310775	0.0811382134	0.040901849	-0.0726027619	0.0166332717	0.1098383202	-0.0484922489	-0.0139693878	0.0646432651	-0.0243556762	-0.1209139563	0.0067976732	-0.1198035346	-0.0062957409	0.0582112127	-0.0012038089	-0.0243048074	-0.0258299665	-0.0215511248	0.0050415024	-0.0671545379	0.0136431051	0.080766329	-0.0597180335	-0.0182827535	0.0299175601	-0.0369040269	-0.1169147769	-0.0816449242	0.0104440395	0.0364245379	-0.0878265412	0.1688526328	0.0151923977	0.0638161614	-0.1052764318	0.1009007768	0.0241831683	0.0412593624	0.0082737958	0.0759280192	0.0711755848	0.0217004467	0.0179939334	-0.0565113007	-0.0109277809	-0.0152089954	0.0361508067	0.0037009233	0.0197813647	-0.0164974086	0.0497546178	-0.065054743	0.0210090854	0.0262672767	-0.0010013756	0.0982975383	-0.0311302585	0.0089244617	0.0629932475	-0.0196873662	0.0249437116	0.056093321	-0.1352328836	0.0555637876	-0.1125995121	-0.1223612084	-0.0493013555	0.0917338679	-0.0342552461	0.0636506267	-0.0605790131	-0.0416526597	-0.0546199342	-0.0574110412	0.1110641056	-0.0517826133	-0.0601535728	-0.0969687176535103	-0.0058594761644314	3.433346092154087e-05	0.0094029322033662	-0.2904692912668594	-0.0200740170236458	0.0004029661594656	0.0843724091690716	-0.1266082609203707	-0.0645951850086846	0.0041725379263061	0.0160296517332806	-0.027903652895974	0.000635159492555	4.034275809827251e-07	0.0007786138449389	0.0020379342482843	5.074273046010028e-05	2.574824694546389e-09	4.153176000330095e-06	-0.0030131633412489	0.0001256309886618	1.5783145312141388e-08	9.079153321046237e-06	0.0	0.0	0.0	0.0	0.0	0.0	0.0	0.0	0.0	0.0	0.0	0.0	0.0	0.0	0.0	0.0	0.0
979.009105583604	3.460624044393171	11.975918776632149	958458.8288156082	1656.5179322327526	8.015968984906294	2744051.6598086744	64.25575876697964	923.850512129406	0.907550130243976	0.823647238905858	853499.7687617657	1015.172833661038	857.5958635671611	0.97035	23.566351	0.1464574907476843	0.0970498999621791	0.0434851878	-0.0291705835	-0.0460461238	0.0657135572	-0.008970252	0.0815050321	0.0278153284	-0.0544132603	0.0163167929	0.0101658429	0.0085057926	-0.0120154803	0.0223857918	-0.0076803739	-0.0175438025	-0.0196150817	-0.0477639976	-0.0445347742	0.0422209009	0.016317131	-0.0366159915	0.0493576505	0.006568962	0.0525391268	-0.1129099116	0.051670885	-0.0731603149	-0.013011997	0.1045930779	-0.0549967446	-0.0676668438	0.0342440773	0.0047674284	-0.0241835299	-0.0453814496	-0.0488045487	0.0339027175	0.0584632246	0.0212708579	0.0173898276	-0.0262052153	-0.0452814541	-0.0327542446	0.0417431174	0.0704603578	0.0296517694	0.0684245832	0.0163739519	-0.0991650944	-0.0037164799	0.1254522814	0.1533461197	0.0365887452	-0.0053118596	0.0114516736	-0.0122076621	0.0586483337	-0.002872042	0.0305234254	0.0106850545	0.0643070087	-0.0290566991	0.0473802105	0.0213423285	-0.0609731201	-0.101940591	-0.01209757	0.0088775079	-0.1291757599	0.0518869943	0.0535764386	-0.008607633	-0.037228342	0.07245788	0.0920343619	-0.0636492567	-0.0170331324	0.0652739787	-0.0003331035	-0.0249980204	0.0392315011	0.0251179603	-0.1181997181	0.0202024632	0.0109624092	-0.0313408043	0.0296892772	0.0124887922	0.0242811372	-0.0139710348	0.0433032559	0.0329913398	-0.10542497	-0.0118820874	0.0013891208	-0.0191091795	0.1645345586	-0.0183395636	-0.0549860169	0.021077108	-0.0983545405	0.0209272704	-0.090859568	-0.1356695012	-0.0567010147	-0.0273483198	0.0144061095	0.0584287539	-0.0802259799	-0.0418722513	-0.0564859537	-0.0536791777	0.1110641056	-0.059244937	-0.0508269837	-0.1045470184717345	-0.0075783008182242	5.743064329149768e-05	0.0109300790713291	-0.3319253669400552	-0.0414560756731958	0.0017186062102217	0.1101744492182903	-0.1110715870418062	0.0155366738785645	0.0002413882352088	0.0123368974479855	-0.0293291357841637	-0.0014254828881896	2.032001464521642e-06	0.0008601982058459	0.0019732737486848	-6.466049959950003e-05	4.180980208456943e-09	3.893809287248564e-06	-0.0031607487610137	-0.0001475854197648	2.1781456127152263e-08	9.99033273024964e-06	0.0	0.0	0.0	0.0	0.0	0.0	0.0	0.0	0.0	0.0	0.0	0.0	0.0	0.0	0.0	0.0	0.0
978.9308536089832	-0.0782519746207981	0.006123371532054	958305.6161476125	1657.1966358415584	0.6787036088057903	2746300.689844579	0.4606385886060032	923.6408143918362	-0.2096977375697406	0.0439731411418678	853112.3540104144	1015.4455616585508	861.3311730883287	0.847338	20.578838	0.1201363493346408	0.0663156553820642	0.05730286	-0.008154577	-0.0204430189	0.0654463188	0.0163385526	0.0479020002	-0.0836120886	-0.0083457763	0.0288915807	0.0026174544	-0.0018646658	-0.0085486841	0.0167954298	0.0271652994	0.011898972	0.0079283808	-0.0253971143	-0.0582884266	0.0395543991	0.0072944534	0.0212021146	0.1266959453	0.1105171991	0.0289894806	0.012014225	0.0189763848	0.0107861084	-0.0785931239	0.1071567946	-0.0096046866	-0.049001186	-0.0021224407	0.1027873573	0.0186581932	-0.1431942041	0.0098145971	0.0322898173	-0.0485904988	-0.0369434662	-0.0049771759	-0.0146992574	0.1649152018	0.0440273378	-0.0897202489	0.0126461156	0.0712223516	0.0777060323	-0.1112930777	0.0532581715	0.0636572905	0.0326095237	-0.160217861	0.029228758	-0.0262474054	0.0066476366	0.0140067325	0.0600617249	-0.0458003809	0.0085579768	0.05445632	0.0141953501	-0.0478655098	0.0683410215	0.0319978024	-0.0479225722	-0.0720086113	-0.0672106318	0.1229510347	-1.15967e-05	0.0171688175	0.0297259677	-0.0532235133	-0.10210135	0.0521956144	0.1413010778	-0.0493594002	-0.0123793244	-0.0113982859	-0.0903518923	0.00312022	-0.044743892	0.1376423872	-0.1473728103	0.0204173251	-0.0036095825	0.0289968016	0.0321089934	0.0063349623	0.0002894711	-0.0531016209	-0.0301559834	-0.0147563938	-0.0810962037	0.0317648131	-0.0156545106	0.0314128454	0.1207006287	-0.0035479019	0.0061637608	0.055844235	-0.1226419426	0.1264462327	-0.0783003648	-0.0494568849	-0.0099813923	-0.0138946822	0.0233875328	0.0566382169	-0.0529477177	-0.0187820858	-0.0583307311	-0.0498665756	0.1106882998	-0.0663509546	-0.0410229053	-0.1055924928438685	-0.0010454743721339	1.0930166627889708e-06	0.0111497745449824	-0.280170473154115	0.0517548937859402	0.0026785690307939	0.0784954940274006	-0.0921608997611045	0.0189106872807016	0.0003576140934284	0.0084936314447763	-0.0292990473604667	3.0088423696998656e-05	9.053132405701104e-10	0.0008584341762308	0.0022302689257194	0.0002569951770345	6.604652101904538e-08	4.974099481029567e-06	-0.0038421710381994	-0.0006814222771856	4.643363198449448e-07	1.4762278286778257e-05	0.0	0.0	0.0	0.0	0.0	0.0	0.0	0.0	0.0	0.0	0.0	0.0	0.0	0.0	0.0	0.0	0.0
977.3292943417958	-1.6015592671873264	2.564992086313606	955172.5495786326	1647.8713470917028	-9.325288749855645	2715479.976565823	86.96101026818425	924.6246715873486	0.983857195512428	0.96797498116158	854930.7833080123	1016.1348417789296	862.3759677157482	0.888111	21.569065	0.0815626126901243	0.0361691775784908	0.045876344	-0.0148548007	-0.0181633415	0.0134707867	-0.0091371687	0.0418631038	-0.0514039975	0.0148001527	0.0332664565	-0.0045318225	-0.0329273302	-0.0091557366	-0.0115393025	-0.004105977	0.0200514148	-0.0068564502	-0.0058405627	-0.0476093414	0.0439583857	0.0267816359	-0.0083412126	0.1529192326	0.0518876072	-0.0462156752	-0.0076140115	-0.0209162913	0.0551813144	-0.0576213566	0.0649157676	-0.0719947197	0.105260806	0.0525417997	0.1180044496	-0.0318418083	-0.0872284941	0.0096318836	0.0174082205	0.0224384907	-0.0592007283	0.1425504238	-0.0955703348	0.0735012397	0.0412774133	-0.132452394	0.0410960464	0.1130086113	0.0236626988	0.0821347772	0.0306977709	0.0340398369	0.0176920687	-0.074938417	0.0301910734	-0.0182483061	0.0128748092	0.0262566794	-9.06692e-05	-0.008508924	-0.0082749339	0.0643914803	0.0283269201	-0.0393137101	0.0252389489	0.0163866468	-0.0463372828	-0.0417224784	-0.0543694568	0.1136701924	0.0288731036	0.0239503257	0.0204278084	-0.1051121199	-0.0252488389	0.0837617914	0.1276278423	0.0352894973	-0.0007569729	-0.1111904871	-0.0298728797	-0.0038971125	-0.0321440315	-0.0116619669	-0.1781159962	0.040357849	0.0499987071	0.0093128831	0.02662867	-0.0059559145	0.0103816793	-0.0493299187	-0.0706539515	0.0102132875	-0.0007235816	0.0762389017	-0.0687576673	0.0353116632	0.0326269785	0.0854950139	-0.0110045127	0.0181963683	-0.0677911444	0.139342142	-0.04017305	-0.0366911519	0.0391786672	0.0149358819	-0.0531821229	0.0502759061	-0.0697540395	0.0048725041	-0.0601535728	-0.0459789694	0.1099379598	-0.0730579298	-0.0308334408	-0.1017397517316851	0.0038527411121833	1.484361407750814e-05	0.0103509770824249	-0.3028115827634252	-0.0226411096093102	0.0005126198443407	0.0916948546556907	-0.1026883900159703	-0.0105274902548657	0.0001108280510662	0.010544905444072	-0.0290470868767887	0.0002519604836779	6.348408533525141e-08	0.0008437332560277	0.0024289234995991	0.0001986545738796	3.946363972332509e-08	5.899669366904738e-06	-0.0034019606614818	0.0004402103767175	1.937851757698511e-07	1.1573336342269688e-05	0.0	0.0	0.0	0.0	0.0	0.0	0.0	0.0	0.0	0.0	0.0	0.0	0.0	0.0	0.0	0.0	0.0
978.4426720724008	1.1133777306049524	1.239609971007034	957350.0625321796	1654.6885840097334	6.817236918030631	2737994.3100521364	46.47471919655977	923.7327188758342	-0.8919527115144774	0.7955796395780286	853282.1359217409	1018.1828784617647	859.5764748964788	0.866782	21.051052	0.1120444399012704	0.0567621460045758	0.0377336801	-0.0212567914	-0.0044752555	0.026878096	0.0150484108	0.0211502978	-0.0585769781	0.0231790914	0.0330327789	-0.0131347623	-0.0064396579	-0.0289290192	-0.022335064	0.0320364715	-0.017188778	-0.0109249058	0.0385292114	0.0018285572	-0.0493878181	-0.0768826227	0.0240084886	0.0774593944	-0.0093770812	-0.0112006656	-0.0102564205	0.0052255042	0.0844331336	-0.0400872755	-0.0061898308	0.1102240926	-0.1296425846	0.0440430613	0.0730731318	-0.1307828217	-0.1064118425	0.0502467324	-0.0178636875	0.1067405459	-0.1030916517	-0.1218152175	-0.079572329	-0.0135821238	-0.0090645954	-0.0914220876	0.0125336359	0.0284908106	0.0488072726	-0.0496460367	-0.0594877993	0.0553426461	0.037273903	-0.0178205105	-0.0108377822	-0.0372372001	-0.0210530446	0.0336220934	-0.0193351634	-0.0106539689	-0.0368549727	0.089789867	-0.0239643393	0.0344185252	0.0088088817	-0.0289749677	0.0340136648	0.0231000862	-0.0686700693	0.0280463755	-0.0263322343	0.0487121612	0.0206868219	0.0235026614	-0.0853100935	0.0414351344	-0.1000587583	0.0617110218	0.0731480377	-0.0136546032	-0.090042703	0.0313242698	-0.219887056	0.0253493551	-0.2144712617	0.0122978054	0.0273020812	0.0132629238	0.0281080918	0.004260869	0.0336471013	0.0095512721	0.0224212117	0.0015938048	-0.0605595206	0.0869822321	-0.0752422248	-0.0470385026	0.0737111521	0.0694434578	-0.1476098024	-0.0355727592	-0.0860474488	0.03032575	-0.0898819255	0.0171884354	0.0335868242	-0.014132086	-0.0638719866	0.0303857011	-0.0245055335	-0.0437506947	-0.0619537931	-0.0420222065	0.1088156246	-0.0793255261	-0.0203543145	-0.1150972295797601	-0.0133574778480749	0.0001784222144618	0.013247372256936	-0.2823470144375193	0.0204645683259058	0.0004187985567656	0.0797198365617807	-0.150455790151355	-0.0477674001353846	0.0022817245156939	0.0226369447900685	-0.0292049465762552	-0.0001578596994664	2.4919684715653193e-08	0.0008529289045219	0.0027728429958966	0.0003439194962975	1.1828061993352633e-07	7.688658279892833e-06	-0.0035092813375559	-0.000107320676074	1.1517727513001824e-08	1.2315055506118126e-05	0.0	0.0	0.0	0.0	0.0	0.0	0.0	0.0	0.0	0.0	0.0	0.0	0.0	0.0	0.0	0.0	0.0
979.2040327952916	0.7613607228907995	0.5796701503608007	958840.5378425624	1655.554435083125	0.8658510733916955	2740860.4875234053	0.7496980812935513	923.9084110022268	0.1756921263926187	0.0308677232763599	853606.7519206596	1014.9932204008284	866.10647939987	0.923657	22.432337	0.1312407149975241	0.065352008793206	0.0341041799	0.0083332608	0.001851496	-0.0191919224	-0.0221270518	0.0779871562	0.0879025596	-0.0854505354	0.0273265301	-0.012066886	-0.0116012382	0.018743761	0.0025314453	-0.0013559816	0.0188009883	-0.0023659467	-0.0674181889	-0.0468399674	-0.0303920656	-0.0036121121	-0.0555273244	0.1369868537	0.0595922005	-0.015882897	0.0194433216	-0.0103576234	-0.0433933559	0.0191083793	-0.0395745191	0.0587619432	0.074184033	0.102755782	0.1002249549	-0.0062780028	-0.0750917809	-0.0106626057	-0.038328172	0.041668954	-0.1112099563	0.0206958866	-0.0544874278	0.0028944906	0.062701583	-0.022809066	0.0600834221	0.0813253106	-0.0043121286	0.0344409003	0.066784623	-0.1565207894	-0.0231173842	-0.0205946336	0.0507244454	0.0099058342	0.0106461546	0.009180783	0.0303674524	0.0485637382	0.0012659804	-0.0647371588	0.0884909757	0.0114762119	-0.005851228	0.0021634527	-0.0119475383	-0.0107086455	-0.0984821436	0.0942366674	-0.0470679154	-0.010146843	0.0053610295	-0.0722453774	0.0046179021	-0.0211577925	0.0202917147	0.0331040378	-0.0407112963	-0.0453280961	-0.0572583776	-0.0295182898	0.0573056558	-0.005482402	-0.157509127	0.0901070853	-0.0203327595	0.0596853252	0.0296350894	0.0109625904	-0.013373131	-0.0138809506	0.003340925	-0.0170546127	-0.1574976908	-0.0255129759	-0.0204373514	0.0106772085	0.0611064418	0.0392848325	-0.0539915207	-0.0804127565	-0.0620943552	0.106772058	-0.0649695992	0.0911976852	0.0742039145	-0.0755960587	-0.031272926	0.0334429243	0.0408276434	-0.0309727304	-0.0637307152	-0.0380022381	0.1073250918	-0.0851160492	-0.0096839714	-0.1147491381446599	0.0003480914351002	1.2116764719011721e-07	0.0131673647049422	-0.2709369983813161	0.0114100160562032	0.0001301884664028	0.0734068570918772	-0.1131523669427494	0.0373034232086055	0.0013915453830803	0.0128034581447466	-0.0300035212868908	-0.0007985747106356	6.377215684667358e-07	0.0009002112896129	0.0023566146880089	-0.0004162283078876	1.7324600428705799e-07	5.553632787739286e-06	-0.0039380620049849	-0.0004287806674289	1.838528607608585e-07	1.5508332355105688e-05	0.0	0.0	0.0	0.0	0.0	0.0	0.0	0.0	0.0	0.0	0.0	0.0	0.0	0.0	0.0	0.0	0.0
977.6241382393704	-1.5798945559212143	2.4960668078294908	955748.9556682716	1648.3851964585176	-7.169238624607488	2717173.755903586	51.39798245656386	922.567296745322	-1.3411142569048025	1.7985874500733203	851130.417023971	1013.4889235425786	862.3296510821596	0.817671	19.858322	0.0953111804435389	0.0470820176609639	0.0357560586	0.0005414922	0.0111543502	-0.0113765212	-0.0210805808	0.0519210814	-0.0416123983	-0.0090368434	0.0270867754	-0.0074495074	0.0168552082	-0.0023822675	-0.0578178382	0.0309448823	0.0551835856	-0.0281193635	-0.0012854968	-0.0342261375	-0.0157517085	-0.026957779	-0.0443628096	0.0425544477	-0.100350478	0.0163954786	0.0608523008	0.0904748512	-0.0134095941	0.0811850478	0.0028592316	-0.0889502615	0.0181622782	-0.034264545	0.0978118032	-0.1126494766	-0.0137259264	0.1285055834	-0.0362323165	-0.0044374984	0.0035246999	-0.0836252262	0.06373459	-0.0752111836	-0.0477905266	0.0541613707	-0.0823337113	0.0158473577	-0.1424363799	-0.1243953089	0.0363850294	0.2101278395	0.0297258664	0.1729991379	0.0445835698	-0.0050399424	-0.0013882616	-0.0007791197	0.0503804283	0.0466570671	-0.0540251303	0.0405241313	0.0025033464	-0.03172256	0.0008767714	-0.0110749961	-0.0438385556	0.0209999446	-0.0497840505	0.0467201946	-0.0529077347	0.0677329334	-0.0930120786	-0.0182437742	0.0259480237	-0.1043161198	0.0693671363	0.0814220863	0.0800394405	-0.0256425807	0.0355242559	0.1152612876	-0.0521002519	-0.0775652803	0.0637320288	0.0303813705	0.0250231895	-0.0492791848	0.0235301727	0.0079380389	-0.010457708	-0.0336123567	-0.0323562849	-0.0365958194	-0.0532965655	0.063562641	-0.0248789644	0.062112438	-0.0006607803	0.0937063656	0.0159241935	-0.0760124896	-0.0804952921	0.121167351	-0.0805323091	0.0800500886	0.0599092776	-0.0212000702	-0.0576509644	-0.045333334	0.0625311627	0.0097709348	-0.0654836707	-0.0339251109	0.1054714048	-0.0903946745	0.0010773469	-0.1052550729617962	0.0094940651828636	9.01372736964646e-05	0.011078630384193	-0.2880797552922587	-0.0171427569109426	0.0002938741145076	0.0829899454092476	-0.1442990885984869	-0.0311467216557374	0.0009701182698999	0.0208222269703539	-0.0298773200413343	0.0001262012455565	1.5926754380012417e-08	0.0008926542528523	0.002925815925407	0.0005692012373981	3.2399004865552816e-07	8.56039882936522e-06	-0.0039932122559102	-5.515025092529997e-05	3.0415501771235502e-09	1.5945744120751427e-05	0.0	0.0	0.0	0.0	0.0	0.0	0.0	0.0	0.0	0.0	0.0	0.0	0.0	0.0	0.0	0.0	0.0
978.7826694110678	1.1585311716974047	1.3421944757945614	958015.5139394556	1648.6614300542528	0.2762335957352206	2718084.510948534	0.0763049994128093	923.3771533211132	0.8098565757911729	0.6558676733522038	852625.3672754025	1015.868813849308	874.879646380363	0.854875	20.761889	0.1197033435582724	0.0588989931173684	0.0309191668	0.0006015528	0.0253770505	-0.0228698628	-0.0152792025	0.0469469034	-0.0368499099	-0.0107425456	0.0393841827	-0.0104459583	-0.0004135121	-0.0255355088	-0.0196763909	0.0351689165	0.0352033665	-0.0209924037	0.0276789343	0.0168261038	0.0408544113	-0.0016341974	-0.0005275132	0.1216832698	-0.0359056427	0.0185449388	0.0883917196	0.0421873939	0.0295132503	-0.0707658418	-0.0197842097	-0.0865461958	-0.0559714991	0.0319829235	0.0204819863	-0.0441946283	-0.0003636867	0.109300555	0.0509676915	-0.0131230306	-0.0559763439	-0.0598368365	0.098386287	0.057031912	0.1588373419	-0.0004718502	-0.007412227	0.0417432604	-0.0110140392	-0.0845143871	-0.0763761958	-0.0482432022	-0.1789247992	0.0778909062	0.0264370667	-0.0222342627	-0.0053963214	0.0150102937	0.0210104429	0.0184150685	-0.0196716366	0.0780671216	0.0054334546	0.0067544482	-0.0320614384	-0.0032486157	-0.0234347937	0.0373219579	0.0290769202	0.029720174	-0.0159184926	0.0886954035	-0.0486113058	-0.0705773283	-0.0736155188	-0.0400705383	-0.0330117759	-0.0105719734	0.0446880253	-0.0993201919	0.0129074652	0.0516988912	-0.0421934192	0.0586905212	-0.0398673546	0.0772780761	-0.0190883455	-0.0777171577	0.0265854626	0.0017189871	0.010155079	-0.0129351222	-0.0797905795	-0.0291196793	-0.0158365006	0.0800828575	-0.0948992754	0.0557142418	-0.0249822709	0.138043043	-0.0157090644	-0.1496849185	-0.0774189877	0.1146333956	0.0273491318	0.0668740731	0.0479270247	-0.0625573859	-0.0304023898	-0.0814076205	0.1201735499	-0.019141026	-0.0672120005	-0.029796957	0.103260836	-0.0951296555	0.0118285441	-0.11873853357217	-0.0134834606103737	0.0001818037100315	0.0140988393548693	-0.269673465041123	0.0184062902511357	0.000338791520809	0.0727237777472857	-0.128750649453174	0.0155484391453128	0.0002417539598554	0.016576729734614	-0.029393729497792	0.0004835905435423	2.338598138035376e-07	0.0008639913337893	0.0037027180724162	0.0007769021470091	6.035769460275044e-07	1.371012112379754e-05	-0.0041780226363877	-0.0001848103804775	3.4154876732238586e-08	1.745587315016803e-05	0.0	0.0	0.0	0.0	0.0	0.0	0.0	0.0	0.0	0.0	0.0	0.0	0.0	0.0	0.0	0.0	0.0
979.5853775597632	0.8027081486953875	0.6443403719819764	959587.5119289038	1654.881593733944	6.220163679691268	2738633.089279399	38.690436202150416	924.4536215362782	1.0764682151650504	1.1587838182606294	854614.4983715403	1015.9109357956902	874.0427965247831	0.88143	21.406803	0.180935048162885	0.1078702797010688	0.0383799488	0.0074296704	0.0279416345	-0.0087225168	-0.0118782043	0.0501278343	0.0299965709	-0.0506737791	0.0252244287	-0.0289142735	-0.0439824518	0.022928869	-0.0071232759	0.0024823935	-0.0035362577	-0.0192908333	-0.042593155	-6.5184e-06	-0.041313075	-0.0356787067	-0.047853874	0.0200312356	0.0282183219	0.0539006173	0.0532484117	-0.0068702866	-0.1078813427	-0.0601136878	0.0191385403	-0.0253299557	0.1102163542	0.0478672589	-0.1457193576	-0.1482804228	0.0218130667	0.0975804732	-0.0587365996	0.0963493405	0.0206683554	-0.0115959937	-0.0393802419	0.0531111721	0.0077997635	0.0342996587	-0.0740688638	-0.0171917959	-0.0704367291	-0.0748811715	-0.1150120929	0.042186632	-0.0013505948	-0.0182847169	0.0455024222	0.0098943676	0.010011974	0.0394734231	-0.005761304	0.0224797263	-0.0098873003	-0.047024008	0.041279996	0.0353119992	-0.0238418743	-0.0118867826	-0.0025785075	-0.0047370571	-0.0601205623	0.0136571729	-0.0660659775	-0.0221591014	0.0149760332	-0.0728530952	-0.0767020076	-0.0336357226	0.0334542597	0.0911893891	0.0627640305	-0.0485663511	0.1785913119	0.0087681207	-0.0262042225	-0.0470291806	0.0108771304	0.0829826965	-0.0432102979	0.0315282148	0.02729422	0.0027038599	0.0073178136	-0.0069355869	-0.049749121	-0.0094995213	-0.0574123393	0.0496535614	-0.0714551742	0.0028040602	0.0229440417	0.1070204748	-0.1024154775	-0.0782400957	-0.04611622	0.0948531823	0.105423274	0.1052762393	0.0103626871	-0.1463072087	0.0014429997	-0.0817533378	0.1418672166	0.0373736509	-0.0689150546	-0.0256239856	0.1007008652	-0.0992925156	0.0224686191	-0.1123391899719195	0.0063993436002505	4.095159851406708e-05	0.012620093603547	-0.3569462786192616	-0.0872728135781386	0.0076165439898445	0.1274106458201395	-0.1253694473862481	0.0033812020669258	1.1432527417383852e-05	0.0157174983379332	-0.0300708019540811	-0.0006770724562891	4.5842711106535676e-07	0.0009042531301615	0.0032872731300026	-0.0004154449424135	1.7259450017703937e-07	1.0806164631237092e-05	-0.003592906256739	0.0005851163796487	3.423611777332018e-07	1.2908975369714257e-05	0.0	0.0	0.0	0.0	0.0	0.0	0.0	0.0	0.0	0.0	0.0	0.0	0.0	0.0	0.0	0.0	0.0
980.7107813248128	1.1254037650496684	1.2665336343879694	961793.6366067248	1656.5230253343732	1.6414316004290868	2744068.5334629444	2.694297698887193	926.4008204470364	1.9471989107581749	3.7915835980578234	858218.4801249421	1018.0738706796504	876.02579880307	0.903522	21.943344	0.2379834543209785	0.1221433199541604	0.0399270843	0.0037448651	0.0625361326	0.0191471767	0.0120818026	0.0383875557	-0.0307614565	-0.0026965073	-0.0079107303	-0.0208026051	-0.1138795905	0.0412578265	0.0218847871	-0.0445969158	-0.0137649861	-0.0129607031	0.0215020249	-0.0169145568	0.0386135516	-0.0076283104	-0.036864545	0.1251100414	0.0842274885	0.0128499109	-0.0668830201	0.0335287278	-0.0351303354	-0.0097703021	0.0929969615	0.0902949174	-0.1202789986	0.0411520695	0.0245903223	-0.197813115	-0.0228229522	0.0247209203	0.0132027608	-0.0003366012	0.0940637617	-0.0211593785	0.1099210006	-0.0072382967	0.0104443553	0.0700640137	0.0123451994	0.0049634619	0.0881822252	0.0116246668	0.0359187016	0.0536503283	-0.0148134369	-0.021508404	0.0286881499	0.0228456741	0.0506492006	0.0741890308	-0.0632256742	-0.0555221777	0.0042258819	-0.0020268775	0.0502882012	-0.0396312543	-0.0109513649	-0.0272643568	-0.0059333099	0.0024082829	-0.0137982633	0.0905868459	-0.0710556712	-0.0060460559	-0.0013092761	-0.0201044194	-0.0385026534	0.0209752713	0.0374031104	0.0131788046	0.1908069704	0.1210913688	-0.0460392894	-0.0050892628	-0.0228805656	0.0664666013	0.055695292	0.0819059831	-0.1557805719	-0.0745247781	0.015870296	-0.0131379622	0.0242682396	-0.0090812991	-0.0400962709	-0.0268713475	-0.0347125405	0.0984201657	-0.0113467541	0.0154119006	-0.0546548243	0.0780680185	-0.0293894231	-0.0061735543	0.0279548066	0.1022273327	0.0664049494	0.0761586822	-0.0537416765	-0.0114441237	0.0235056617	-0.1306128612	0.028270292	0.0749165706	-0.0705921926	-0.0214124734	0.0978001546	-0.1028582188	0.0328976148	-0.0856448467055912	0.0266943432663283	0.0007125879624205	0.0073350397672242	-0.3074011179263323	0.0495451606929293	0.0024547229480881	0.0944954473023588	-0.1736084801265391	-0.0482390327402909	0.0023270042797188	0.0301399043718469	-0.0289102145795187	0.0011605873745623	1.3469630539936437e-06	0.0008358005070338	0.0022819062481775	-0.0010053668818251	1.010762567070725e-06	5.207096125471514e-06	-0.0034887621606979	0.0001041440960411	1.0845992740217865e-08	1.217146141391748e-05	0.0	0.0	0.0	0.0	0.0	0.0	0.0	0.0	0.0	0.0	0.0	0.0	0.0	0.0	0.0	0.0	0.0
978.795276975985	-1.915504348827881	3.6691569103785233	958040.1942304953	1667.6660210734435	11.14299573907033	2781109.957842931	124.16635404093952	925.0019971896334	-1.3988232574030235	1.9567065054516053	855628.6948048105	1019.2943737464628	892.7152879794628	1.112294	27.013674	0.1753051760283756	0.1053114068837316	0.0213590735	0.0225244234	0.0468859553	-0.0521856452	0.0329374557	-0.0440406528	-0.0064771161	-0.0542855927	0.0106953605	-0.0149319189	-0.0652009469	0.0041046019	-0.0048129988	-0.079008826	-0.1316837911	0.0890068253	-0.0364300985	0.0085535075	0.0526280133	-0.0366477574	0.0819434133	-0.0234771497	0.0463706931	0.0039876498	-0.0254232281	0.0039774326	0.0532636313	-0.1632421201	0.0176727391	0.0198174178	-0.1182956207	-0.020237259	-0.0025451864	-0.0127309268	0.043274644	0.0216689117	0.0329911476	0.1036639821	-0.0215940063	0.0663029573	0.0721448701	-0.029307113	-0.2250591076	0.1496644303	-0.0038222016	-0.0084984262	0.0569436026	0.1751574345	-0.0874310097	0.0393032596	0.0670654608	-0.0353326715	-0.0098021359	-0.0106264288	0.0070224493	0.0542975552	-0.1316910851	-0.039054315	0.0077538437	-0.0741510987	-0.0858584434	0.032093363	0.064201814	0.0697580521	-0.004127423	0.0514157457	0.0816285287	0.028144879	-0.0292812001	-0.0156343613	0.0634883546	0.0712410762	-0.0656660694	0.0623746203	-0.0186828542	-0.0274910894	0.095064745	-0.0169253671	-0.0095225277	-0.0677058436	-0.0588246387	0.0271481722	0.0583396741	0.0396356814	0.0341522235	-0.1284739842	0.0169921992	0.0224593962	-0.0074335402	0.0137879026	0.0024670947	0.0017632795	0.0649309175	0.085438237	0.023124234	-0.041262148	-0.056474914	0.0188577384	0.0470096994	-0.0150274132	-0.0018525978	-0.0657183487	0.1148388464	0.0380808984	-0.0303724959	0.0760203346	0.0494200026	-0.115541426	0.0049085381	0.0183206066	-0.0722427837	-0.0171687548	0.0945685192	-0.1058053206	0.0430175569	-0.0886541555170055	-0.0030093088114143	9.055939522455825e-06	0.0078595592904333	-0.3255813689867892	-0.0181802510604568	0.0003305215286212	0.1060032278313117	-0.2143108336630135	-0.0407023535364744	0.0016566815834081	0.0459291334253358	-0.0306308367058899	-0.0017206221263711	2.960540501758149e-06	0.0009382481573028	0.0017698061729725	-0.000512100075205	2.622464870249668e-07	3.1322138898915663e-06	-0.0034532191098735	3.55430508244001e-05	1.2633084619058887e-09	1.1924722220795527e-05	0.0	0.0	0.0	0.0	0.0	0.0	0.0	0.0	0.0	0.0	0.0	0.0	0.0	0.0	0.0	0.0	0.0
977.5182128785904	-1.2770640973946	1.6308927088542848	955541.8565093532	1656.4301702991525	-11.235850774291066	2743760.9090772797	126.24434262213715	923.5607319958436	-1.441265193789718	2.077245358829713	852964.4256846985	1016.1793818852552	874.62878087392	1.066316	25.89703	0.0613100950961192	0.0370923539843068	0.0076959317	-0.0044058813	-0.0005691452	0.0257725156	-0.0056267368	-0.0077454523	0.1245742092	-0.0032315869	0.0221255333	-0.0156527705	-0.0115847929	-0.0050264738	0.0146180651	-0.0359871637	-0.0522220136	0.0079985975	-0.0131474141	0.0442421482	0.0003900965	0.0136720078	0.033768547	-0.0385966922	0.041531684	0.0425919908	-0.0281863763	0.0154074938	0.0118409943	0.0693427005	0.0656704157	0.0429304767	0.0263728442	0.0029786878	-0.0073929289	0.0762786679	-0.0965292814	0.0233031569	0.0401542445	-0.0598435624	-0.045107253	-0.0455555086	0.0367404596	-0.0817485155	-0.055169999	0.0262159259	-0.0503476689	-0.0419563513	-0.0703288788	-0.0760875792	-0.1271439302	0.1685839382	-0.0833815759	0.1026441103	0.0174383548	0.0017158719	-0.0153514974	0.0034258562	-0.050309152	0.0306773065	0.0419064193	-0.104133113	-0.0034083229	0.052331241	-0.010455515	-0.0078991753	0.0155256712	-0.0622908368	0.0669833535	0.0053043288	-0.0391956586	-0.0175148472	-0.0164261257	-0.0019933055	-0.0360016286	0.0604050195	-0.0152372416	-0.0082417368	-0.0761734959	0.0186919667	-0.0757895119	0.0127103564	-0.0872185427	-0.0560183444	0.0945164456	-0.0787961314	0.0791528592	-0.0610690853	0.0213286274	0.0094401564	0.0101642389	0.0158000186	0.0372909972	-0.0070633434	-0.0303352402	-0.0039834046	-0.0148238887	-0.0490414501	0.0639079814	-0.0662604665	-0.0072790269	0.0499164407	-0.0520089041	-0.0971294773	0.1396835668	0.050186644	-0.0804313897	-0.0069709357	0.0636586733	-0.0837431405	0.0061958729	-0.0122065889	-0.0738662073	-0.0128992127	0.0910168938	-0.1081160967	0.0527333744	-0.0845556873546939	0.0040984681623116	1.6797441277481846e-05	0.0071496642640247	-0.3254646422645209	0.0001167267222683	1.362512769150368e-08	0.1059272333643725	-0.1808459218551092	0.0334649118079043	0.0011199003223108	0.0327052474516242	-0.0304807223783537	0.0001501143275361	2.2534311331645343e-08	0.0009290744367062	0.0020768400410644	0.0003070338680919	9.426979615547436e-08	4.313264556168379e-06	-0.0034686706823181	-1.5451572444600062e-05	2.3875109101072395e-10	1.2031676302373116e-05	0.0	0.0	0.0	0.0	0.0	0.0	0.0	0.0	0.0	0.0	0.0	0.0	0.0	0.0	0.0	0.0	0.0
975.5800033451862	-1.93820953340412	3.756656195378615	951756.3429269936	1655.3825766633784	-1.047593635774092	2740291.475120685	1.097452425714381	922.5719090638368	-0.9888229320068832	0.9777707908626888	851138.9273936923	1015.497216825153	848.5762797175843	1.044205	25.360025	0.0626489635686906	0.0318783747903345	0.0146423973	-0.015883636	-0.0347072925	0.0481758927	0.0191394758	-0.0354666738	0.0067270188	0.0750064535	0.0160341416	0.002836665	0.0112655723	0.0070271442	-0.049269766	-0.0089194363	-0.0435292939	0.0003153869	0.0196772651	0.0320424983	-0.0064206817	-0.0197971254	0.0343564352	-0.0089030166	0.0400347933	0.0634782259	0.0050383012	-0.0142114409	-0.0272659493	-0.046185934	0.080532796	-0.0052674169	4.44962e-05	0.0243839227	0.1148666887	-0.0078689221	-0.0321625448	0.0041214161	-0.0070220101	-0.0302414858	0.0740558056	0.0820741685	0.0452208615	0.043855599	0.0002278728	0.0013685329	0.154317046	-0.0952482598	-0.0121689081	0.0841063419	0.1194269033	0.129675765	0.0034858793	0.1930498381	2.49455e-05	-0.0188428638	-0.0148702742	-0.0123568355	-0.0289595379	-0.0205564742	-0.0308549804	-0.0007696606	-0.0733089151	-0.014218821	0.0303400886	-0.0213071442	-0.0075497771	-0.0854578344	0.0062698632	0.0269042416	0.0558771586	-0.0234307273	0.0102161754	0.016216598	-0.0801743115	-0.0154841299	0.1350763027	-0.0291723178	0.0326411869	0.0113521562	-0.0608115962	0.0178264343	0.0532242808	0.0176857684	0.0629457952	0.0030823736	0.0092005767	0.0003223729	0.0169544196	0.0060436466	-0.0114392253	-0.0150835593	0.0233278894	-0.0137008886	-0.0280944291	-0.0196756651	-0.0240152168	0.0326716371	0.0664707556	-0.0733140014	-0.0092066769	0.1275965235	0.0103009907	0.0037995151	0.0976259492	0.0101592726	-0.1266736513	-0.0867924942	0.1147657903	-0.0587315449	-0.0245257305	-0.0161664954	-0.0754618528	-0.008610269	0.0871572961	-0.1097766499	0.0619537931	-0.0928139138209189	-0.0082582264662249	6.8198304367459e-05	0.0086144225987569	-0.2957391236956397	0.0297255185688811	0.0008836064541888	0.0874616292842648	-0.1836520560412538	-0.0028061341861445	7.874389070649348e-06	0.0337280776881798	-0.0308257752943957	-0.0003450529160419	1.190615148690859e-07	0.0009502284225005	0.0021440815412858	6.72415002213999e-05	4.521419352024522e-09	4.597085655682492e-06	-0.0034437834116327	2.4887270685400226e-05	6.193762421683813e-10	1.1859644186236558e-05	0.0	0.0	0.0	0.0	0.0	0.0	0.0	0.0	0.0	0.0	0.0	0.0	0.0	0.0	0.0	0.0	0.0
974.7265823764894	-0.8534209686968097	0.7283273498114011	950091.9103913512	1648.809986134607	-6.572590528771343	2718574.370377203	43.198946258894765	921.808537319508	-0.7633717443287651	0.5827364200395415	849730.9794751308	1015.5149698548472	846.5712276836568	0.953043	23.146027	0.0927291014518572	0.0529443312801752	0.0102821692	-0.0152861622	-0.0366099074	0.0149391554	0.0032704354	-0.0219572815	-0.0218785734	0.0741424481	0.025987499	0.0200803573	0.0431602601	-0.0155164606	-0.0240390443	-0.0166935978	0.0123473699	0.0119016014	-0.0039258103	0.0098273373	-0.0136667175	-0.0001296597	0.033498929	0.0330472456	-0.0595193219	0.0327416018	0.0744435492	-0.1132901011	-0.0872485075	0.0292007791	0.0277481585	-0.0275296953	0.0205956396	-0.1139888146	0.0770481763	0.0234538161	-0.1015760292	0.0080301123	-0.0368214362	-0.0113146671	0.0085898774	0.1479704983	0.0029767231	0.0706244104	0.0089618584	-0.0730303108	-0.0389925945	-0.0952609996	0.0039609464	-0.0133933622	-0.0827488412	-0.0239572701	-0.0694019394	0.0079607226	-0.0112499993	-0.0347086439	-0.0244800408	-0.0324580196	-0.0124083615	0.0136372968	-0.0023245936	0.0553522704	-0.0597762681	-0.0131071787	0.035479526	0.0043569155	0.0241213763	-0.050506307	-0.0625132209	-0.0013567302	0.0931082417	0.0151636767	0.0704296357	-0.0687006199	-0.0686805239	-0.0996941942	0.0610548844	-0.0235745398	-0.0222138359	0.0432464271	-0.0332177985	0.0575076708	-0.0637786409	-0.0973269591	0.0437413997	-0.107277355	0.0338538515	0.0250702956	0.0068678182	0.0061446175	-0.0168513111	-0.0154243482	0.0157952065	-0.0076924411	0.0270361906	0.0437023472	-0.057321425	0.0765544382	-0.0111958478	0.0520159192	-0.0432757259	0.0999867498	0.0591072952	0.0362377798	0.0993214875	0.0536550317	-0.0369131791	-0.0192220876	0.0621032781	-0.0659165452	-0.059392807	0.0413067044	-0.0770291202	-0.0043083746	0.0830027857	-0.1107769935	0.0705921926	-0.0875909344156014	0.0052229794053175	2.7279513868370792e-05	0.0076721717917981	-0.3374800226239927	-0.0417408989283529	0.0017423026433469	0.1138927656702906	-0.2136345336116107	-0.0299824775703569	0.0008989489612569	0.0456397139514504	-0.0307669592657114	5.881602868429772e-05	3.459325230192132e-09	0.0009466057824579	0.0023680335103331	0.0002239519690472	5.015448444016277e-08	5.607582706060504e-06	-0.0034108964984077	3.288691322499973e-05	1.081549061468662e-09	1.163421492284991e-05	0.0	0.0	0.0	0.0	0.0	0.0	0.0	0.0	0.0	0.0	0.0	0.0	0.0	0.0	0.0	0.0	0.0
975.2453089915562	0.5187266150667256	0.2690773011785828	951103.4127100358	1648.9347972327914	0.1248110981844092	2718985.965525147	0.0155778102299982	921.7034012798456	-0.1051360396623977	0.0110535868358932	849537.1599308361	1016.378072760636	850.8341069806447	0.853919	20.738667	0.0466505645853153	0.0260867984137475	0.0041928965	-0.0240946529	-0.0066297133	-2.28002e-05	-0.0069949685	-0.0098865826	-0.0004790888	0.0508263694	0.0241241425	-0.0012925699	0.0526506161	-0.0005232323	-0.0231038614	0.0006070852	-0.0014910547	-0.0218498618	0.0311815695	0.049983004	-0.0106001063	-0.0753362144	0.0492578444	-0.0030053975	-0.0736288737	0.0778143068	0.0765914555	-0.0297561927	-0.0277153448	0.0746913585	-0.0247001729	-0.1124889506	-0.0580025247	-0.1122780266	-0.1215284059	0.0733158084	0.0618430453	-0.0247791197	-0.0797473864	-0.0461160009	-0.0581264393	-0.0290385229	-0.0956986311	0.1286336977	-0.0729297254	-0.0581142095	0.0512876638	-0.1421006311	0.0120323974	-0.083688496	-0.0106057142	0.0624763439	0.0865048405	-0.0717984351	-0.0241731033	-0.0328199134	-0.0441244661	-0.0269410818	-0.0199416227	0.0207729866	-0.036334227	0.0572437987	-0.0323264547	0.0419513368	0.0115902653	-0.0186672995	0.0757959308	-0.0157722043	-0.025732284	-0.0428696321	0.0308647076	0.0207652379	-0.00900649	-0.0126927757	-0.038802984	-0.1042761215	-0.1013751695	-0.0988097161	-0.016503908	0.0729585017	0.1337851103	0.0272037768	-0.0490664116	-0.0017913279	0.0031803851	-0.1478784152	0.0783482041	0.1040188098	0.0131507684	-0.0026678834	0.0069827427	0.0206109624	0.0257602683	0.0091726497	0.0192570002	0.0367885351	-0.0749836918	-0.0234334834	-0.0242106357	0.0394773794	-0.1318508147	0.0473368921	0.0641594643	-0.0191423204	0.0499487544	0.0782748883	-0.0045444576	-0.0479500704	0.0378380918	-0.0573105585	-0.0219752601	0.0182575871	-0.0785674201	-0.0	0.0785674201	-0.1111111111	0.0785674201	-0.0825769662468758	0.0050139681687255	2.513987679699351e-05	0.0068189553545376	-0.3368530260734843	0.0006269965505084	3.931246743494419e-07	0.1134699611748634	-0.1981489285807143	0.0154856050308963	0.0002398039631729	0.039262997897685	-0.0303657025871378	0.0004012566785735	1.6100692209991676e-07	0.0009220758936105	0.0024341928810645	6.61593707314001e-05	4.37706233557484e-09	5.925294982225091e-06	-0.003367832651009	4.306384739870013e-05	1.8544949527785315e-09	1.134229676520231e-05	0.0	0.0	0.0	0.0	0.0	0.0	0.0	0.0	0.0	0.0	0.0	0.0	0.0	0.0	0.0	0.0	0.0
975.9751504155632	0.729841424007077	0.5326685041966779	952527.4942286812	1654.6557578533532	5.720960620561755	2737885.6769972546	32.72939042201834	924.2882486956922	2.584847415846639	6.681436163209047	854308.7666769498	1016.253365816338	849.9603892094195	0.900883	21.879246	0.1112173115625813	0.0548309089652953	0.0037241465	-0.0095090386	-0.0095039716	-0.0041788996	-0.007854344	0.0420795478	0.1307407842	0.009404352	0.0140978562	-0.008163863	-0.0382263818	0.0208293812	0.0263800299	-0.0097787945	0.0136353855	0.0074700127	-0.0149641305	0.0253916568	-0.0235355476	-0.0411891088	-0.116731562	-0.1445376038	-0.0687472959	0.0589308391	0.0383906952	-0.061553685	-0.0376291217	0.074522856	0.1387943581	0.0591994738	0.0069106352	-0.056796255	0.0836350787	-0.071652618	-0.0154102062	0.0987877325	0.0430906624	-0.0521806442	0.0657269614	-0.0714599597	-0.0563663979	-0.1193931589	0.0363880096	-0.1010889971	0.0536503392	0.1062234463	0.1433576811	-0.0409240281	-0.0418846413	0.0391692818	0.1339814366	0.0176720312	0.0277368056	0.0088554037	0.0083958358	0.0167129751	0.0014871355	0.0429302359	0.03302367	-0.084218094	0.1176816135	0.0417605977	-0.0267837957	-0.0057564238	0.0935950581	-0.0584824761	-0.0366928144	-0.1121836038	0.0007823135	-0.005185258	-0.0458426135	-0.0093437195	-0.007123386	-0.0361447226	0.0581501639	0.0532778882	0.0136606334	0.1033114194	-0.0038963127	0.0680452703	-0.0047150649	-0.0417569648	0.042910186	0.1162920925	0.089540837	-0.112302757	0.0162890184	-0.0121742627	-0.0034275072	0.0053381952	-0.0053738931	0.0002178781	-0.0543004021	-0.0428764596	-0.0468565852	-0.0002297546	-0.0099186987	0.0012359004	-0.0178006848	-0.0052314178	0.0219990919	0.0898659805	-0.0216947245	0.1040109096	0.0456662033	-0.0647203659	0.0276043688	-0.0069182676	-0.015045767	0.0543751455	-0.080076174	0.0043083746	0.0738662073	-0.1107769935	0.0858045533	-0.0894671158650908	-0.006890149618215	4.747416176138838e-05	0.0080043648212175	-0.3207035091474353	0.0161495169260489	0.0002608068969447	0.1028507407794791	-0.1563358222307869	0.0418131063499274	0.0017483358626303	0.0244408893125762	-0.0305059659960428	-0.0001402634089049	1.967382387765074e-08	0.0009306139613517	0.0020652292554215	-0.000368963625643	1.3613415704762785e-07	4.265171877448843e-06	-0.0037858963898288	-0.0004180637388197	1.747772897159898e-07	1.433301147451874e-05	0.0	0.0	0.0	0.0	0.0	0.0	0.0	0.0	0.0	0.0	0.0	0.0	0.0	0.0	0.0	0.0	0.0
975.2435407860318	-0.7316096295314765	0.5352526500231842	951099.9638448764	1652.9709666791473	-1.684791174205884	2732313.0166841946	2.8385213006820416	923.7421760283804	-0.5460726673118188	0.2981953579850443	853299.6077736473	1016.4293984975552	857.7095495929582	0.8832729999999999	21.451567	0.1298894871808079	0.0705688750467507	-0.0017606092	6.04747e-05	0.0227353927	-0.0286548053	0.0028299479	-0.0073649038	-0.0749377004	0.0273718545	0.0184377524	-0.0004795576	-0.041572448	0.0320281692	0.0028078711	0.0101752338	0.0185891069	0.0273516013	0.0118834871	-0.0367258715	0.0158711726	-0.0296369292	0.0076725133	-0.0718258356	0.0115541334	-0.0328804545	-0.028966697	-0.0369102682	-0.031126774	0.0575605064	-0.0558954721	0.0445400091	-0.0852982783	-0.0320731626	0.0036037877	0.0215212986	0.0823352282	0.0550557901	0.0387332419	-0.155451515	-0.0471569046	0.039255857	-0.0039691658	0.0644222481	-0.0210479847	-0.0855438742	0.1273646466	-0.0007186157	-0.1245955075	0.0156896181	0.108059655	0.0701912375	0.0479778119	0.0095723135	0.0130423046	-0.0076732481	0.0127575087	0.0201014101	-0.0252426802	-0.0396488724	-0.0254648596	0.0208628593	-0.0002178428	-0.0100988568	0.0229587491	0.0224663509	0.0416289426	0.0576858742	-0.011118553	-0.0438752494	0.0238283225	-0.0683241302	-0.002896346	-0.0145032497	0.0699294043	-0.0434827792	-0.055293842	-0.0042165369	0.0514642517	0.0962565613	-0.0351129411	0.0849154737	-0.0135243167	0.0688274045	0.058881282	0.0635291584	0.0930442896	0.0259744577	0.0071899108	-0.0054004809	-0.0125740577	0.0093385115	0.0226638709	-0.0241747776	-0.0342185863	-0.0024171484	0.0152329985	0.0184728184	-0.0693146719	-0.0059157258	0.0178485164	0.0132807763	0.0770142756	0.007272286	0.0185237294	0.0677118974	-0.0212580025	-0.0137473505	0.0352403409	-0.0224023566	-0.0116263433	0.0010696285	-0.0815548146	0.008610269	0.0689150546	-0.1097766499	0.0922356034	-0.0780088194256762	0.0114582964394146	0.0001312925572935	0.0060853759081877	-0.3063458417255731	0.0143576674218621	0.0002061426137968	0.0938477747425498	-0.2162680129596381	-0.0599321907288512	0.0035918674855593	0.0467718534295101	-0.0306269792465255	-0.0001210132504827	1.4644206792388749e-08	0.0009380118577671	0.0017411798570894	-0.0003240493983321	1.0500801255939604e-07	3.031707294733863e-06	-0.00334813238683	0.0004377640029987	1.9163732232153322e-07	1.1209990479739951e-05	0.0	0.0	0.0	0.0	0.0	0.0	0.0	0.0	0.0	0.0	0.0	0.0	0.0	0.0	0.0	0.0	0.0
973.6425526171996	-1.6009881688321457	2.563163116740507	947979.8202669364	1656.4311349992902	3.460168320142884	2743764.1049950365	11.972764803720429	923.0967920212836	-0.6453840070968226	0.4165205166163516	852107.6874399849	1015.6510468234226	863.7030775894128	0.850442	20.654215	0.0853901551300654	0.03998916767742	-0.0139551478	-0.0121688615	0.0206743149	-0.0531470368	-0.0044543684	0.0227317721	0.0198509192	-0.0055445996	0.0100312712	0.0086337808	-0.0241292015	0.0161550913	0.0274381222	-0.0047447073	-0.0029217869	0.0077388688	0.0031832705	-1.042e-06	0.0200501256	0.0377984457	-0.0588556498	0.0115052909	0.0489901516	-0.0636972426	-0.0241536575	0.0344349114	-0.1025646618	-0.0203925667	-0.0557798994	-0.0084718481	-0.1140499385	0.0113168688	-0.0403611777	0.0049487408	0.0389382214	0.0346070444	0.104012872	-0.0161809106	-0.1198006991	0.0273206098	-0.0337834703	0.0103534557	0.0466842929	0.1209420425	-0.0877563194	0.0351263996	-0.1295164703	0.0259995104	0.0552622356	-0.0633247472	0.1949261426	-0.0145836942	0.0173332653	-0.0018798869	0.0156153308	0.0056631508	-0.0213526002	-0.0008243766	0.0134845971	-0.0232245799	0.0279384394	0.0128953703	-0.0527184017	-0.0108487542	-0.0020552556	0.0622123806	0.0455135533	0.0138340987	-0.0317646326	0.0280305111	0.0803732863	-0.0144812586	0.0456050013	-0.0152431227	-0.055418533	-0.0427017144	0.0830427371	0.0152905143	0.0007294892	0.0395995428	0.0065509564	-0.0069604361	-0.0208062867	0.0579279026	0.0223901787	-0.0794852889	0.0052020439	-0.0139336315	-0.0051744351	-0.0098806314	-0.0007333968	-0.0209174216	0.0247348984	0.0252331533	0.0013563085	0.017529164	-0.1315704238	0.0021894435	0.0810485233	-0.0370163189	0.0774761316	-0.0158353297	0.0416734339	-0.0299816899	-0.0556050394	0.0208932338	0.0013244581	-0.0505555872	0.0030071911	-0.0238719786	-0.0830027857	0.0128992127	0.0637307152	-0.1081160967	0.0978001546	-0.0758956431674988	0.0021131762581773	4.465513898124598e-06	0.0057601486518083	-0.3213918949616925	-0.0150460532361194	0.0002263837179841	0.1032927501470676	-0.2189504392261767	-0.0026824262665386	7.195410675416278e-06	0.0479392948373357	-0.0302224111961369	0.0004045680503886	1.636753073952332e-07	0.0009133941385083	0.0012166340398334	-0.0005245458172559	2.751483144007648e-07	1.4801983868813394e-06	-0.00372998850657	-0.0003818561197399	1.4581409618288917e-07	1.39128142591443e-05	0.0	0.0	0.0	0.0	0.0	0.0	0.0	0.0	0.0	0.0	0.0	0.0	0.0	0.0	0.0	0.0	0.0
973.9860627024595	0.3435100852599362	0.1179991786752886	948648.8503386396	1657.0133607927316	0.5822257934414665	2745693.2778456234	0.3389868745485452	922.5378451269148	-0.5589468943687734	0.3124216307244967	851076.0756914115	1016.422507048482	865.7204387381993	0.8235249999999998	20.000492	0.091689570880633	0.0443798921384528	-0.0233566186	-0.0169353215	0.0267886466	-0.03718755	0.0089031717	-0.017858392	-0.0247618832	0.004915189	0.0041680385	0.0185040761	-0.0029657179	-0.0019025759	0.0164255264	0.0044603022	0.0082712365	0.0069399682	0.0102809726	0.0327938818	0.0197931475	-0.0214326875	0.1403678137	0.0565633085	-0.0675512724	-0.0938015048	0.0968610445	-0.0520096307	-0.0547180547	0.0550278953	-0.1187258381	-0.0571083675	-0.0069960644	0.0787998806	-0.0386335557	0.0366044612	0.0673202806	0.0238466456	-0.0511077064	0.0295646639	0.0103627511	0.1010535946	0.0203312966	-0.1388704917	0.0666725104	-0.0064672522	0.0448982025	0.0036127908	-0.0166959106	0.1449441063	0.0793895577	-0.0454397462	0.0136016708	0.0741418919	-0.0113835135	-0.0141598647	0.0095516447	-0.0056619326	-0.0238380559	-0.0261416682	0.0002368849	0.0198489961	-0.058020071	-0.0017444943	-0.0102421362	0.0118878456	0.0142021719	0.0314417006	0.055967974	0.029218555	0.0119502821	-0.0145433173	0.0056729225	-0.1184484541	0.0707293056	-0.1068861948	-0.1966542229	-0.0009914459	-0.0097201861	-0.1102069677	0.0406787291	0.0553630369	0.0825826179	-0.0084969079	-0.0110684167	-0.0068037076	0.0138571566	-0.0291971126	0.0050789004	-0.0108855613	0.0132956253	0.0279169669	0.0451260048	-0.0244911321	0.0323997811	0.0297094148	0.0034573815	-0.0355785928	-0.0830945673	-0.0356335322	0.0128652772	-0.0308347575	0.0375131352	-0.1275607131	0.0553495008	-0.0413268196	-0.0751715398	-0.0008867522	0.0624611084	-0.0455224539	-0.0095500694	-0.0526309261	-0.0844195428	0.0171687548	0.0583307311	-0.1058053206	0.1024459312	-0.0754693065434537	0.0004263366240451	1.817629170021786e-07	0.0056956162301497	-0.3434579933821311	-0.0220660984204386	0.0004869126995004	0.11796339321808	-0.237688988554126	-0.0187385493279493	0.0003511332309159	0.0564960552798834	-0.0300756704577743	0.0001467407383625	2.1532844295200913e-08	0.0009045459534846	0.0017500382927897	0.0005334042529562	2.845200970718684e-07	3.062634026230288e-06	-0.0034009617677249	0.0003290267388451	1.0825859487504177e-07	1.1566540945526477e-05	0.0	0.0	0.0	0.0	0.0	0.0	0.0	0.0	0.0	0.0	0.0	0.0	0.0	0.0	0.0	0.0	0.0
973.8818226901384	-0.1042400123211564	0.0108659801687148	948445.804566266	1658.4383863524272	1.4250255596955412	2750417.8813272426	2.0306978457855904	921.9639474354505	-0.5738976914643672	0.32935856026813	850017.520370758	1015.5693824766772	862.109794966304	0.8615	20.922775	0.1530069141036302	0.0895565579780117	-0.0240278882	0.0004446771	-0.002440533	-0.0516207137	0.0032193383	-0.0011613073	0.054569407	-0.011826004	0.0130838387	0.0300602989	0.0104215042	0.015655633	-0.043502985	0.0066686383	0.0343351628	-0.0039178379	-0.0278854694	0.0152542614	-0.0112475137	-0.0550378119	0.044246696	-0.0327125871	0.0245363541	-0.0030668427	0.164611818	-0.0660581805	-0.0323717508	-0.105294107	-0.1362363407	0.0535494169	-0.0247656776	0.1124119963	-0.1193059817	-0.0061493889	0.1380759539	0.1251573348	0.0132923309	-0.0312777737	0.0559697823	0.0359116521	0.1070497464	-0.0137117079	-0.0483787933	0.0076616295	-0.1136574942	0.0723802366	0.0382521198	0.0555753737	0.0942441318	0.0184698452	-0.0775350272	-0.0202248485	-0.0044020782	-0.0208917947	0.0097134874	-0.0254840566	-0.0141153731	0.0361023212	-0.0350078887	-0.0227703204	-0.0254644908	0.0137966268	-0.0028183306	0.0071840868	0.0423812512	0.0221577123	-0.005714651	0.0162211914	0.069481397	-0.1037425793	0.0198370136	-0.0026109012	-0.0184827779	-0.1044877558	-0.1387691465	0.0320149453	0.0283882853	-0.1250066194	0.0888585832	0.0091962078	0.0314506096	0.1057503891	0.1146327595	0.1658013668	0.0358520346	-0.0299394131	0.0079438203	-0.0031610652	-0.0242815349	-0.0094017215	-0.0097831435	-0.013678724	0.0206002304	-0.0472035479	-0.0177385879	0.01496797	-0.0912398142	-0.011355179	0.0523955438	0.0036309183	0.0620741484	-0.0059138608	0.1339124114	0.0231698519	-0.0617861929	-0.0578038116	0.0478030309	-0.0165818791	0.0530375839	-0.0027487925	-0.0858045533	0.0214124734	0.0527333744	-0.1028582188	0.1061292888	-0.0808424052322465	-0.0053730986887928	2.8870189519506984e-05	0.0065354944837347	-0.3572521289331689	-0.0137941355510377	0.0001902781756004	0.1276290836272815	-0.1760394465827914	0.0616495419713346	0.0038006660252753	0.0309898867531754	-0.0311003001080586	-0.0010246296502843	1.0498659202417294e-06	0.0009672286668113	0.0015669313542263	-0.0001831069385634	3.352815095006078e-08	2.455273868857466e-06	-0.0036370279367265	-0.0002360661690016	5.5727236147092025e-08	1.322797221252902e-05	0.0	0.0	0.0	0.0	0.0	0.0	0.0	0.0	0.0	0.0	0.0	0.0	0.0	0.0	0.0	0.0	0.0
974.044490899706	0.1626682095676415	0.0264609464039421	948762.6702520676	1652.865343896745	-5.573042455682298	2731963.845054905	31.05880221283738	924.1369420628616	2.1729946274111853	4.7219056507578765	854029.0876852969	1017.2299404281716	845.6588749197048	0.989477	24.030878	0.1382659576514232	0.0778076385094471	-0.0255905469	-0.0235104324	-0.000955635	-0.0201426181	0.0005226002	0.001162831	-0.0089997601	0.0055084271	-0.0048128483	-0.0029937676	-0.0595249044	0.0318010869	-0.0115265299	-0.0039915778	-0.0048517785	-0.0042081384	0.0598101751	0.0730328374	-0.0883868747	-0.0742561197	0.0099241708	0.0452092266	-0.042032581	0.014190279	0.0862284122	-0.0369853611	-0.0415914057	-0.0021511768	-0.1008195048	0.0373788973	-0.0440913881	0.0313232719	-0.1495700005	0.1806487887	0.0530656748	0.0265780312	-0.0381132802	0.0056783577	0.0825455572	0.0846954875	0.0013692987	0.0486858481	0.0065200703	-0.0356906246	0.0163174625	-0.0986318201	0.0273233737	0.0580172557	-0.0091743343	-0.0233809078	0.0852303164	0.0202969079	-0.0035212904	0.0046399406	0.0199025898	0.0273362559	-0.0543043453	-0.0270081879	-0.0291445386	-0.0008025252	-0.0049299876	0.028030577	-0.0125592483	-0.0439918329	0.1043023786	-0.0198423559	-0.0630417067	-0.0294589118	0.0611738436	0.0387768303	-0.0055951372	-0.033530618	-0.05578883	-0.0675515944	-0.1861301144	-0.0554083021	-0.0212760884	-0.0372331915	0.0577133722	0.0286276922	0.0411997768	0.0553685867	0.1178026613	0.0194556502	-0.0409805615	0.1133186813	-0.0032225484	-0.0065928795	-0.0087986737	0.0029417652	0.0187183082	-0.0315469331	0.023872401	0.0230190595	-0.0033985024	0.0713968574	-0.1242498249	0.0085615357	0.0176328326	0.0207263124	0.139234534	-0.0249115705	0.0082259628	0.0517906518	-0.0791191127	0.0090026714	0.0464577958	-0.0452797618	0.0338736691	-0.0105256205	-0.0871572961	0.0256239856	0.0469575846	-0.0992925156	0.1088156246	-0.0854959576315081	-0.0046535523992615	2.165554993267328e-05	0.0073095587713286	-0.3658922651713681	-0.0086401362381992	7.465195421464308e-05	0.1338771497122347	-0.2394600563570037	-0.0634206097742123	0.0040221737441329	0.0573411185904993	-0.0303966669077861	0.0007036332002725	4.95099680525723e-07	0.0009239573591028	0.0019272592318826	0.0003603278776563	1.2983617941629365e-07	3.7143281468767096e-06	-0.0038041000435927	-0.0001670721068662	2.7913088892711033e-08	1.4471177141661985e-05	0.0	0.0	0.0	0.0	0.0	0.0	0.0	0.0	0.0	0.0	0.0	0.0	0.0	0.0	0.0	0.0	0.0
973.4830869352724	-0.5614039644336799	0.3151744112818525	947669.3205490272	1659.5039719451358	6.638628048390956	2753953.4329016823	44.07138236488312	922.7303550615107	-1.4065870013508857	1.9784869923692765	851431.3081519417	1017.3491632394127	863.9268496581649	1.079992	26.22917	0.1607049845350466	0.0914570385655919	-0.0428056262	-0.0158980229	0.0100268934	-0.0540927625	0.0076776028	-0.0352559873	-0.0023444591	-0.005731176	-0.0050882964	0.0103332372	-0.0046843916	0.0298888304	0.004193793	-0.0225496475	-0.08961571	0.0071214413	-0.0134278766	0.0841107166	-0.0310946502	-0.0361540175	0.0637850112	-0.0357928881	0.0817962244	-0.0708356899	0.0367577971	-0.1349517801	-0.1244673137	0.0009777208	-0.0900220027	0.095892267	-0.0247875565	-0.0486156072	0.0501943412	0.0515441697	0.1374081056	-0.0202264053	-0.013151304	-0.1104702949	0.006326432	-0.0541103624	0.12913919	-0.1264998121	0.0331948267	0.0498024466	0.0359423986	0.0385860165	0.04105126	0.1183455272	-0.062032833	-0.0371806068	-0.0342410698	0.0604626999	-0.024630408	-0.0087292667	0.0027683513	-0.006264148	-0.0814807241	-0.0324342887	-0.012809131	-0.0315634732	-0.0506432078	0.0794240804	-0.0366498881	-0.0085698959	0.0419141541	0.0615307366	0.0354534175	-0.0125521994	0.0240168596	-0.0611773029	0.0710714025	-0.0445794344	0.0403538219	-0.053548579	-0.130656528	-0.0725879266	0.0060594222	0.0426846925	-0.0952146544	-0.0091790697	0.1576981629	0.0120021582	0.0886583969	0.0331122815	0.0050335801	-0.1005417199	-0.0015916452	-0.0177087872	0.001965116	0.0183498532	0.0247743575	0.0023704783	0.0489058211	-0.0083995783	0.0276871378	-0.043680828	-0.1414323236	-0.0621037961	0.0677570953	-0.0016701772	0.1119790883	-0.1188474967	0.0568346831	-0.0280762536	-0.0970172511	0.0469929362	0.0416407259	0.0074789441	-0.0238648878	-0.0616534642	-0.0884772626	0.029796957	0.0410229053	-0.0951296555	0.110479702	-0.0954218457071931	-0.009925888075685	9.852325409102584e-05	0.0091053286381673	-0.3434528304209863	0.0224394347503817	0.0005035282319166	0.1179598467241867	-0.2254806129074538	0.0139794434495499	0.0001954248391591	0.050841506797121	-0.030225606286277	0.000171060621509	2.9261736231078988e-08	0.000913587275373	0.0003553384107926	-0.00157192082109	2.47093506777626e-06	1.2626538618461056e-07	-0.0032598771210032	0.0005442229225895	2.96178589471857e-07	1.0626798844040111e-05	0.0	0.0	0.0	0.0	0.0	0.0	0.0	0.0	0.0	0.0	0.0	0.0	0.0	0.0	0.0	0.0	0.0
973.5754178395222	0.0923309042498203	0.0085249958795894	947849.0942214002	1658.4503090104083	-1.0536629347275266	2750457.427456719	1.110205580018624	921.533303520024	-1.1970515414867575	1.4329323929758229	849223.6294965287	1015.747394994102	859.7358018184476	0.918392	22.304491	0.0996319813062356	0.0524238670256131	-0.0366039078	-0.0247190404	0.000362083	-0.0036856053	0.0071100207	-0.0364447999	0.0378792452	0.0039899434	-0.0006686585	0.0058645858	0.0397451275	0.0080094123	0.0029285115	-0.0344713876	-0.0425637412	0.0318742498	0.0125394686	0.075858182	-0.0844332388	-0.0328731408	0.0376582189	-0.102718924	-0.0704194041	0.0367833957	-0.0287981444	0.0907588879	-0.0144279382	0.0111601754	-0.0526062265	-0.0136077174	-0.1056355061	0.0142006563	-0.069836827	0.0679417404	0.0593282917	-0.1600043734	0.1068868477	0.018669669	-0.0113032037	0.020032991	0.0632611627	-0.0247751746	0.0039293109	-0.1151228799	0.0658047201	-0.0528831733	-0.009751208	0.1730327164	-0.1026638252	-0.0403014853	-0.1046560012	-0.0330018608	-0.0213127241	-0.0076944213	-0.0198234741	-0.0313569848	-0.0354076957	-0.0101814431	0.0145289808	-0.0548160753	-0.0805382331	0.0181111798	-0.0225425952	-0.001546728	0.0574808639	-0.0152605333	0.0356353478	-0.0793118895	-0.0071116041	0.0511665578	-0.0199603311	0.1087183046	0.0108455824	-0.0328782826	-0.0955622467	-0.074547305	-0.0592287778	0.0096916665	-0.0310074912	-0.0626881575	0.0576966335	0.0466129878	-0.0357096461	-0.0791161335	-0.0335125589	-0.056286097	-0.002988208	-0.0128782103	0.012328643	0.0404128632	0.0665215421	-0.024497437	0.0404961926	-0.0113605067	0.0273862246	-0.0315966974	-0.0360395592	-0.105057183	0.0164352822	0.079657386	0.057985029	-0.1685677245	0.0527503435	-0.0302287908	-0.1064965049	0.0370207025	0.1127040275	0.0071671009	0.0184673358	-0.0676566686	-0.0897639565	0.0339251109	0.0349494174	-0.0903946745	0.1111058879	-0.0894842646741693	0.0059375810330238	3.5254868523724015e-05	0.0080074336242767	-0.3705849770732357	-0.0271321466522493	0.0007361533819591	0.1373332252323706	-0.2616417013871412	-0.0361610884796874	0.0013076243200357	0.0684563799047579	-0.0302237878202767	1.8184660003015e-06	3.3068185942525337e-12	0.0009134773502051	0.0008220582920364	0.0004667198812438	2.1782744754822682e-07	6.757798355058031e-07	-0.0033993620765846	-0.0001394849555814	1.9456052833545158e-08	1.1555662527721565e-05	0.0	0.0	0.0	0.0	0.0	0.0	0.0	0.0	0.0	0.0	0.0	0.0	0.0	0.0	0.0	0.0	0.0
972.0793606431312	-1.496057196391007	2.23818713487332	944938.2833883588	1651.7488129866658	-6.701496023742493	2728274.14120286	44.91004895623645	920.5709140559868	-0.9623894640371872	0.9261934804897846	847450.8078058751	1014.912397903154	841.7915073098886	0.975181	23.683685	0.2203136394592418	0.1082379983225848	-0.0174001547	-0.0202429489	-0.0547593407	0.0288283575	0.004284368	-0.0291790534	0.0206158988	0.0476693339	0.0066034179	0.0156662694	0.082805748	-0.0149861648	-0.0199472142	-0.0012317544	-0.0036104473	0.0042483234	-0.0210355459	0.0908994362	-0.0754642634	0.0595673535	0.0638964564	-0.0965010318	-0.0184371556	0.0562577237	-0.0786821282	0.0113171487	-0.0201486199	-0.1250575039	-0.0118105522	0.0101232781	0.0995924532	0.0994306744	0.043418336	0.1389152288	-0.0516588359	-0.1030648826	0.1246378789	-0.0931795042	0.033772643	-0.0005718212	0.0072150159	0.1582235883	0.008659609	0.0926337189	0.1132081129	-0.0886582883	0.022051841	-0.0270268539	-0.0204569506	-0.0482948286	-0.0612777443	-0.0377917384	-0.0286384564	-0.0281477596	-0.0412504019	-0.0564820103	0.0082151445	0.0292490028	0.0009964869	-0.0152404337	-0.0808459204	0.014348023	-0.0377618014	0.0027974356	0.0238508545	-0.0910969538	0.0074395431	-0.0846638445	0.035034028	-0.0203234676	0.061498264	0.0504533405	-0.0602184279	-0.0087362889	0.0908973972	-0.0331013778	-0.1136484788	-0.0883605028	-0.163803227	-0.1594868837	0.0604386515	0.0659044976	0.1015262136	-0.108230132	0.0209719764	0.0937373942	0.0058321575	-0.0058696029	-0.0281245294	0.0093208436	0.0230060218	0.0077612092	0.0173002206	-0.0939564217	-0.0134267765	-0.0036641029	0.0304244995	-0.1134891877	-0.0003841821	0.1769441942	0.0933460668	-0.0535406417	0.040397783	-0.0247059405	-0.0805630583	-0.000280138	0.040698895	0.0608556663	-0.0902123439	-0.0013711178	-0.0910168938	0.0380022381	0.0287576717	-0.0851160492	0.1106882998	-0.0956713702324094	-0.0061871055582401	3.828027518880561e-05	0.0091530110821467	-0.31620405577479	0.0543809212984456	0.0029572846012677	0.0999850048884265	-0.1863983483869304	0.0752433530002108	0.0056615621707143	0.0347443442813754	-0.03138126974934	-0.0011574819290633	1.3397644161081072e-06	0.0009847840910808	0.0005612340600962	-0.0002608242319402	6.802927996719525e-08	3.14983670212065e-07	-0.003671101107628	-0.0002717390310433	7.38421009924057e-08	1.3476983342427526e-05	0.0	0.0	0.0	0.0	0.0	0.0	0.0	0.0	0.0	0.0	0.0	0.0	0.0	0.0	0.0	0.0	0.0
969.9752944235368	-2.104066219594415	4.427094656438333	940852.0717920267	1649.6420723646745	-2.106740621991321	2721318.966915618	4.4383560483483775	920.600699359052	0.0297853030651822	0.0008871642786847	847505.6476603756	1014.5586775968648	834.5798059183544	1.006376	24.441305	0.1368003497149821	0.0718842019931601	-0.0223103551	-0.0176382696	-0.0594568809	-0.0461850349	0.0005508766	0.0047164666	-0.0041387618	0.059837608	0.0202048264	0.0147442774	0.0657311344	0.0160045817	-0.0448761166	0.0360305873	0.0592180323	-0.0066700729	-0.0386131964	0.0436200424	-0.0589381462	-0.0313695804	-0.0563630904	-0.0516538647	-0.0508138763	-0.0134184799	-0.0606990143	-0.0187384764	-0.1108926106	0.0058737645	-0.0170314275	0.098831885	-0.0027287217	0.0398634678	-0.0032374814	0.010339625	-0.0516522363	-0.0369179564	0.0625176898	-0.0612501002	-0.1108033018	-0.085659939	-0.0379683545	0.0512500647	-0.003553497	0.0613785598	0.0394956723	-0.0235462947	-0.0463420213	0.0481717314	0.0509012867	-0.0745808606	-0.1012077514	-0.1316654536	-0.0131699844	-0.030362564	-0.0313984938	-0.0465105191	0.0261241628	0.0453403244	-0.0540128408	0.0161377094	0.004782361	0.0314539641	-0.0317153397	0.0068608802	0.0755341021	0.0097287464	-0.0820082362	-0.0444160199	0.0130252554	-0.0205947217	0.0556916277	0.0058513132	0.0183498287	-0.0687651952	-0.013278775	0.012867807	-0.0144289458	0.0667654747	-0.0996636353	-0.058229624	-0.0311223912	0.0750725119	0.0324725023	-0.0956476099	0.0371445795	0.0214040799	-0.0005578642	0.002987637	-0.0475080934	-0.0071548512	0.0095659763	0.0053764368	0.0564964991	-0.0624748456	-0.0202769654	0.0722396042	-0.0773129266	-0.0171481592	0.0033456276	0.0746275374	0.1334117565	-0.0017924377	-0.0550537082	0.0328308108	0.0230171774	-0.0121399404	-0.0008714173	0.0492809461	-0.0622728892	0.032037881	-0.0922356034	0.0420222065	0.0224686191	-0.0793255261	0.1092308605	-0.0750663890909493	0.0206049811414601	0.0004245652478399	0.0056349627711537	-0.369924322211375	-0.053720266436585	0.0028858670260176	0.1368440041635452	-0.2047277938735376	-0.0183294454866072	0.0003359685718465	0.0419134695843257	-0.0317384944130042	-0.0003572246636641	1.2760946032999812e-07	0.0010073320276042	0.0010707653065356	0.0005095312464394	2.5962209109808864e-07	1.1465383416802776e-06	-0.003654943884725	1.6157222902999594e-05	2.6105585193721465e-10	1.3358614800488676e-05	0.0	0.0	0.0	0.0	0.0	0.0	0.0	0.0	0.0	0.0	0.0	0.0	0.0	0.0	0.0	0.0	0.0
971.8455647011632	1.870270277626446	3.497910911372903	944483.8016293228	1648.9271925986086	-0.7148797660659056	2718960.8864911287	0.511053079930444	921.1796700623372	0.578970703285222	0.3352070752625846	848571.9845361564	1014.5277939836908	839.463309531337	0.944728	22.944078	0.1136957526980112	0.0614767222262964	-0.0248267993	-0.024426401	-0.034422544	-0.0432523102	-0.0197581158	0.0350904401	0.0226898976	0.0274519714	0.013725979	0.0335709861	0.0513538949	-0.0026306166	-0.0129084417	0.0310748672	0.047608308	0.000806198	0.0179101457	0.0558222177	-0.0043649435	0.0098398899	-0.0794194519	-0.0722938461	-0.1615813678	-0.0140302973	-0.0393358626	0.0114243453	0.0983259508	0.0527218477	-0.0727672431	0.0154235438	0.0181148066	0.0349335658	-0.016168061	-0.0106003262	-0.0066487445	-0.0482675127	0.0991373829	-0.0270695574	-0.0119975101	-0.0314445291	-0.169640777	-0.0553982753	-0.0459947868	0.113807417	0.0489714956	-0.1386362298	-0.0004899919	-0.0420326201	0.0084711631	0.020589816	-0.0215074392	-0.0763211244	-0.007007277	-0.0316713979	-0.0106139997	-0.0456003064	0.0434357965	0.0408901214	-0.0152160206	0.0395320228	0.0632697556	0.0173624427	-0.0673810928	0.0160162097	0.0525475048	-0.0007382171	-0.0080285711	-0.103381393	0.0270312193	0.034909476	-0.0417878353	0.1026634611	0.0680709943	-0.0408283526	-0.0550546366	0.0846923519	-0.0398373601	0.0085981405	0.0343393637	-0.0668189661	-0.0603190994	-0.0588413983	0.01249902	-0.0989047458	0.033244964	0.0212129082	0.0091103784	-0.0051723574	-0.0210681219	0.0193889891	0.0351669917	0.0162419516	0.006334497	-0.1079963507	-0.0107210108	-0.0205551879	-0.0767564761	-0.0513101844	-0.0145362334	-0.0284709617	0.1070756566	-0.0994819268	-0.0852830335	-0.0286671722	-0.0125278366	-0.0578004424	-0.0303550787	0.0464977979	0.0486682149	-0.028816973	-0.0934196269	0.0459789694	0.0161035399	-0.0730579298	0.106747262	-0.0782660680648916	-0.0031996789739422	1.0237945536288443e-05	0.0061255774103382	-0.3297359468499508	0.0401883753614242	0.0016151055141907	0.1087257946450335	-0.1727710343265229	0.0319567595470146	0.0010212344807457	0.0298498303022565	-0.0312881685595664	0.0004503258534378	2.0279337427448385e-07	0.0009789494918118	0.0013778655678169	0.0003071002612813	9.431057047904274e-08	1.8985135229753888e-06	-0.0036453512231315	9.592661593500144e-06	9.201915644741271e-11	1.3288585539986324e-05	0.0	0.0	0.0	0.0	0.0	0.0	0.0	0.0	0.0	0.0	0.0	0.0	0.0	0.0	0.0	0.0	0.0
975.0303516490052	3.184786947841985	10.142867903144667	950684.1866367828	1657.0989845072206	8.171791908612022	2745977.044454862	66.77818299765691	923.6799462887956	2.500276226458368	6.251381208592896	853184.6431760723	1014.9419113908004	848.2934003975624	0.909671	22.092682	0.1620624378738202	0.0778105248538695	0.0012399119	-0.0132597946	-0.0017715095	-0.0480008508	-0.0030460925	0.0601815279	0.0018944293	-0.0450782462	0.0165589677	0.0113900679	-0.0469924449	-0.0024838587	0.0014033605	0.0402389531	0.0755870278	0.0330770848	0.0680488549	0.0036080854	0.0177977786	0.0467146835	-0.0083983225	-0.0131172394	-0.081515858	-0.0682731724	0.0196873811	0.0124393678	0.0187264646	0.0963526223	-0.0428516795	-0.0483470844	0.1282135799	0.0439405946	-0.0107542517	-0.1035468486	-0.0073080142	0.0044682353	-0.0280816413	0.020796655	-0.0033942144	-0.0042719917	-0.0523885909	0.0311768385	0.025346449	0.0027047415	0.0119254237	0.0133390929	-0.1590430386	-0.0815306885	-0.0601315601	-0.0990129918	0.0938526302	-0.0065040259	0.0376796438	-0.005464146	0.0362307699	0.0273002002	0.0614875499	0.0052312029	0.0010653105	-0.0051054758	0.0664056777	-0.081777704	-0.0236594768	0.0128893059	0.0397249851	-0.0650961916	0.0259455296	-0.0523906071	0.026572344	0.0023749586	-0.0730029842	-0.038689687	0.1327449786	-0.0305183021	0.0137609448	0.099126032	-0.0023711459	-0.0885886017	0.0475037847	0.0164688108	0.0194077154	-0.0707540862	-0.1046711032	0.0103427548	-0.0149292446	-0.0013868103	0.0184025184	-0.0036672882	-0.0272273459	-0.0060202031	-0.0357086565	-0.0297995315	0.0072940919	-0.0684871863	-0.0306533901	0.0252227785	-0.0368784409	0.0013460551	0.017863036	-0.1114547864	-0.0483332814	0.0071888872	-0.0879875417	-0.0580515975	0.077148143	-0.1230046209	0.0482891632	0.0453431229	0.147187049	-0.0140712204	-0.0945685192	0.0498665756	0.0096839714	-0.0663509546	0.103260836	-0.1182020275342381	-0.0399359594693465	0.0015948808587372	0.0139717193132047	-0.3163273521879119	0.0134085946620388	0.0001797904108108	0.1000629937422152	-0.151203901608163	0.0215671327183599	0.0004651412136913	0.022862619861531	-0.0308840454136088	0.0004041231459575	1.6331551709866724e-07	0.0009538242611098	0.0021101636103095	0.0007322980424925	5.362604230384936e-07	4.452790462274423e-06	-0.0042519450551628	-0.0006065938320312	3.679560770584166e-07	1.8079036752123383e-05	0.0	0.0	0.0	0.0	0.0	0.0	0.0	0.0	0.0	0.0	0.0	0.0	0.0	0.0	0.0	0.0	0.0
979.0068914208272	3.97653977182199	15.812868556882083	958454.4934494712	1661.8748319583897	4.7758474511690565	2761827.9570967257	22.808718876837972	924.503846442754	0.8239001539584478	0.678811463692754	854707.3620874473	1016.2289296715524	871.4525481902899	0.886865	21.538807	0.1580607389365925	0.0800574136811376	0.0407875662	0.0265915269	0.0549706045	-0.0539082008	0.020263556	0.0472320169	-0.1287200683	-0.0609182859	0.0037124343	0.0331532981	-0.0890909207	0.0025289011	-0.0272331084	0.0489847421	0.120428383	0.0487793588	0.0436096289	-0.0109531548	0.0610175138	0.0431335903	0.0439024643	-0.0054393684	0.0525443173	-0.0897616312	-0.0186728825	-0.0301103975	0.1247008782	0.1152871865	-0.102809191	-0.0744610741	0.0845647547	0.0752567932	0.0722376762	-0.0539272062	0.0515141214	-0.0710242417	-0.0221425553	0.0399261382	0.0823836612	-0.0273753274	-0.210245475	-0.0547600056	0.0361689502	-0.0707089243	-0.0240600531	0.0912486516	-0.0234716364	0.0782100346	0.1474915628	0.0287350421	-0.0430853152	-0.0682949336	0.0229474822	-0.0141472547	0.0802819281	0.0551634271	0.0489723871	-0.0469227529	-0.0439467077	0.0584810973	0.0266371094	-0.1226428677	0.0028307502	0.0610960834	0.019830214	0.0218646027	0.0534512471	0.0116701253	0.0556808454	-0.1174217419	-0.0904380729	-0.0335114083	0.1650917936	0.0281750158	0.0120323922	0.0098594218	-0.0410069336	-0.0886226742	0.0307179593	-0.0186930267	0.089887992	-0.053787552	-0.15251004	0.0811232428	-0.0688050413	0.0588504719	0.0118266031	0.0324115726	-0.0498206269	0.0395637966	-0.0155502913	-0.0290502484	0.023927349	-0.0505488642	0.0625927404	0.0251453001	0.0133750179	0.0465194607	0.0519788468	-0.0805444365	-0.0673198826	-0.0155149669	-0.0681879196	-0.0777466516	0.0451469489	-0.034626072	-0.0803263725	-0.0161503697	0.0388876137	-0.0012754281	-0.095681848	0.0536791777	0.0032316354	-0.059244937	0.0988043356	-0.1014666490299163	0.0167353785043218	0.0002800728936829	0.0102954808653602	-0.3116679131076552	0.0046594390802567	2.171037254262371e-05	0.0971368880608809	-0.1984002831479969	-0.0471963815398339	0.0022274984304535	0.0393626723532053	-0.0320774481238777	-0.0011934027102689	1.4242100288771615e-06	0.00102896267814	0.0019969471294571	-0.0001132164808523	1.28179715366018e-08	3.987797837846952e-06	-0.0047347166602851	-0.0004827716051223	2.330684227123622e-07	2.241754185318129e-05	0.0	0.0	0.0	0.0	0.0	0.0	0.0	0.0	0.0	0.0	0.0	0.0	0.0	0.0	0.0	0.0	0.0
980.519665855804	1.5127744349767909	2.288486491119349	961418.8151299774	1652.848188781389	-9.026643177000778	2731907.1351579176	81.48028704489471	924.7090482930764	0.2052018503223962	0.0421077993757351	855086.8239950872	1014.6164142807188	884.5161438803115	0.8108119999999999	19.69175	0.1100684240120466	0.0556591026456948	0.0599927085	0.0345793113	0.0836057445	-0.0493191452	-0.0261534126	0.0442907544	-0.0505998413	-0.099995329	0.0082791432	0.0086262756	-0.1001003368	0.0267725663	0.0002991296	0.0149262165	0.0895921214	0.1044262628	0.0076308999	0.0121269334	-0.0502120443	0.0132773755	-0.043657413	0.0228359816	0.0278144925	-0.141947495	-0.0082643938	0.043845409	0.154972042	0.0295305798	0.0038854299	0.0538261975	0.0343947523	0.0591584789	-0.0583316209	-0.0624163572	-0.0280221522	-0.0319869817	0.0602908904	0.1481380901	-0.0364379716	-0.0431146604	-0.0303400001	-0.0014995841	0.0203466293	-0.1351058732	-0.1028812183	-0.0796541734	-0.0764184864	-0.1757925222	0.1273648943	-0.0808964967	-0.0078950928	-0.0667466117	0.0525266371	0.0232769351	0.0786633417	0.05655461	0.0119053796	-0.0103296214	-0.0147576604	0.0051288148	0.038451322	-0.0823525489	-0.0499141397	0.0694175322	0.0470953631	0.0370010829	-0.0307928605	0.0417217808	0.0194331318	0.0192161934	-0.0140307613	0.0397194724	0.1221368449	0.072351033	-0.0078329979	0.1051522842	-0.0440109431	-0.0026221821	0.0661969553	-0.101516214	-0.1265494585	-0.0152321001	-0.1381840119	0.0933162247	-0.0885070545	0.1058784658	0.0130207025	0.0375518493	-0.0434577021	0.04873496	-0.0405096298	-0.0255454893	0.0678198594	-0.0123703781	0.1100061038	0.0080926752	0.02281726	0.0374102632	0.0920919905	-0.0660438791	-0.0642721988	-0.0062392926	-0.1153913325	-0.0853397485	0.0531583023	0.0453159	-0.0456172407	-0.021692796	-0.0223058712	0.0089428016	-0.0967591949	0.0574110412	-0.0032316354	-0.0517826133	0.0934196269	-0.1038925629949005	-0.0024259139649842	5.885058565505388e-06	0.0107936646456493	-0.3514009644485441	-0.0397330513408888	0.0015787153688577	0.1234826378153669	-0.2097644783554955	-0.0113641952074985	0.0001291449327141	0.0440011363797531	-0.0319503163611963	0.0001271317626813	1.6162485082479746e-08	0.0010208227155805	0.0012390184657171	-0.00075792866374	5.744558593187023e-07	1.5351667583879566e-06	-0.004488871816733	0.000245844843552	6.04396871011565e-08	2.0149970187059823e-05	0.0	0.0	0.0	0.0	0.0	0.0	0.0	0.0	0.0	0.0	0.0	0.0	0.0	0.0	0.0	0.0	0.0
981.9500084445984	1.430342588794474	2.045879921319278	964225.819084347	1657.0728898192633	4.224701037874411	2745890.5621739645	17.848098859417124	923.8476097896066	-0.8614385034697989	0.7420762952602867	853494.4061139693	1015.4923804725258	902.3322817026288	0.996891	24.210936	0.1658014198632746	0.0898809151232837	0.0641892753	0.0421275154	0.1143615059	-0.0039652022	-0.0019227634	0.0183709059	-0.0648440944	-0.0599971641	0.0019865283	0.0147057086	-0.0620802328	-0.0032659258	0.0143188618	-0.0284515632	0.0497251883	0.0033071874	0.070391393	-0.0005227907	0.0243285279	0.0562878438	-0.0888523247	-0.0141913103	-0.05779145	-0.0049860535	-0.0086951288	0.1289639751	0.1318784388	0.0623755923	0.0309937399	-0.037896366	0.2045530115	-0.0457855243	-0.028267121	0.1492809421	0.0941631414	0.0413269348	0.0723119775	0.0070250221	-0.0044538916	-0.0244826359	0.0096129937	-0.0900341466	0.0095500448	0.03399059	-0.0006263327	0.154766104	0.0522746058	-0.1624254927	0.0544934606	0.0647183336	-0.0578480075	-0.1314790794	0.0287839312	0.0103209445	0.0635628572	0.0397996732	-0.0087461428	-0.0048837822	0.0191512721	0.0289098513	0.0477093312	-0.0684905614	-0.0440092316	-0.0311234822	-0.0337657521	0.0484717923	0.0724812774	-0.0280604912	-0.0686737557	0.094454455	-0.1409279333	0.0301231273	0.0700584939	0.0867938103	0.0509647552	-0.0099757318	-0.2499757265	-0.0423503418	0.0522857885	-0.0372034573	0.0208210956	-0.027925644	0.0269488836	0.0820197701	0.0771234408	0.0119449904	0.0154572984	0.0402204599	-0.0054090174	0.1009647021	0.0143073808	-0.0536873182	-0.0005745919	-0.0058855504	0.0936773278	-0.0716536027	0.143406943	0.0077449049	0.0208378571	-0.0805021863	-0.1379355171	-0.0822188871	-0.0440551081	-0.0643152838	0.0866206155	0.0929898382	-0.0099129387	-0.0222616545	-0.023674672	-0.0338520526	-0.0978001546	0.0610565531	-0.0096839714	-0.0440088629	0.0871572961	-0.1265710387118872	-0.0226784757169867	0.0005143132608459	0.016020227840606	-0.3443608541847709	0.0070401102637731	4.956315252608417e-05	0.118584397894865	-0.2389278518856201	-0.0291633735301246	0.0008505023556575	0.0570865184066768	-0.0315101528712443	0.000440163489952	1.93743897886727e-07	0.0009928897339691	0.0014687265280182	0.000229708062301	5.276579388612602e-08	2.1571576141043964e-06	-0.0059573894715277	-0.0014685176547947	2.156544102443726e-06	3.549048931546909e-05	0.0	0.0	0.0	0.0	0.0	0.0	0.0	0.0	0.0	0.0	0.0	0.0	0.0	0.0	0.0	0.0	0.0
977.6944778424617	-4.255530602136787	18.109540705722683	955886.4920036438	1655.3257077231965	-1.7471820960668083	2740103.198649301	3.052645276816406	922.6311790387896	-1.2164307508170396	1.4797037715333066	851248.292534507	1014.632429719042	877.139133033889	1.144573	27.797607	0.1591177183538403	0.0679611562127456	0.064130567	0.0340270573	0.0464777355	0.0654562027	0.0095138805	-0.0345094913	-0.0342474296	-0.0273273697	0.0218985622	0.030273792	-0.0269801522	0.03697709	-0.015848277	0.0031492875	0.0118340701	0.0461801957	-0.0179851897	0.0317890624	0.0135889346	0.0673567658	0.0114338735	-0.139138373	-0.0628022051	0.0251437806	-0.0419897789	0.0251957446	-0.0112042839	0.0135634835	-0.0357845718	-0.0434674345	0.1626371347	-0.0806395155	-0.0101371516	0.0414621775	-0.1387847659	0.1445290193	-0.0552227714	0.0790194771	0.0103988919	0.1123823846	0.009178697	0.1079606142	0.0741980288	0.110923419	-0.0476537167	0.0559181448	-0.1032175956	-0.0711159774	-0.0961925682	-0.0298034826	0.0951509142	-0.0106565576	0.0223123914	-0.0146838635	0.0470233557	0.0007749976	-0.0150548038	-0.0175710383	-0.0210346651	-0.0350678527	-0.0752422925	-0.0403418846	-0.0374626895	0.0483418131	-0.0243851105	-0.0761971369	0.0755261853	-0.0860370398	-0.0209546698	-0.0148506682	0.0322080055	0.0663761042	0.026227692	0.0215196984	0.1343394574	0.0907350908	-0.0997735185	-0.0982497813	0.0426680826	0.1435262504	-0.0239623177	-0.173647652	0.0252458519	-0.0244811312	0.0051338652	0.0490638686	0.0154594582	0.0470779077	-0.0424876244	0.052313559	-0.0057445195	-0.0463323155	0.0197484798	-0.0584792787	0.1001634255	0.0072639999	0.1798631025	-0.0377256067	0.0328910551	0.0997778313	-0.0862033598	0.0006269843	0.0014196137	-0.0606688712	0.0268085624	0.0516508277	-0.0427852306	-0.0034122185	0.0079248356	0.0284002332	-0.0988043356	0.0646102301	-0.0161035399	-0.035970438	0.080076174	-0.1033098997652643	0.0232611389466229	0.000541080585094	0.0106729353895089	-0.3192622712614223	0.0250985829233486	0.0006299388647602	0.101928397851002	-0.1995214621883363	0.0394063896972838	0.0015528635489741	0.0398088138737717	-0.0322714443140949	-0.0007612914428506	5.795646609575494e-07	0.0010414461181177	0.0016243171047263	0.0001555905767081	2.4208427560359167e-08	2.63840605670643e-06	-0.0054472393553547	0.000510150116173	2.602531410313254e-07	2.9672416594525088e-05	0.0	0.0	0.0	0.0	0.0	0.0	0.0	0.0	0.0	0.0	0.0	0.0	0.0	0.0	0.0	0.0	0.0
976.2389226100784	-1.45555523238329	2.118641034518373	953042.4340188864	1651.792154471225	-3.533553251971398	2728417.321572692	12.485998584517642	922.6560784729256	0.0248994341360457	0.0006199818202952	851294.2391430375	1014.7886332041168	862.7812250840635	0.968709	23.526512	0.1266350494581714	0.0684703348642841	0.0583416743	0.0111108245	0.0132000983	0.0540806262	0.0153823112	-0.0173405437	0.0044020353	0.0020501909	0.00142696	0.021460394	-0.0226633265	0.0158315525	0.0039424097	-0.0152129556	-0.0471438612	-0.0015871903	0.032832148	0.0100895632	0.0153792081	0.0406638923	0.1043808331	0.0274907774	0.0690604764	0.004316463	-0.0352215801	-0.0479991887	-0.0424417998	0.0265303175	0.0401844913	-0.0213407222	-0.0304436587	-0.1144319455	0.1325131318	0.1324054131	0.0162572345	0.0447291945	-0.1026511737	0.0788557587	0.0692155282	0.035959627	0.0596125034	-0.0338252273	-0.0114963274	0.0569767213	0.0308024713	-0.0031491326	0.0262658946	-0.1320077176	-0.0881296183	-0.0451473903	-0.1670738056	-0.0915443106	0.0055136876	-0.0048213447	0.0302280173	0.0022915088	-0.0159730246	-0.0227246473	-0.0059114262	0.0129260897	-0.0527657569	-0.0147790695	0.0291739678	-0.0331088488	-0.0317470174	-0.0170886073	0.040083715	0.0277780302	-0.0165092744	0.0357331842	0.0658294091	-0.0623333144	-0.018584455	0.0334772223	0.0645315893	-0.1270908014	0.0024552781	0.0292721072	-0.125902754	0.0440881702	0.0248967677	-0.0816976722	0.0833692799	-0.0032889885	-0.0396591653	0.0642300521	0.0076750702	0.0372905563	-0.0293815075	0.032023536	-0.0221993122	-0.0290679982	0.0802878201	0.0331856373	0.0582588576	0.052434865	0.095766515	0.0363302468	0.0074742968	0.1152581821	-0.0303946577	0.0505077161	0.0158823418	-0.0440752089	0.0243866565	0.1114716855	-0.0473349968	0.0346668989	-0.1136895662	0.0502196444	-0.0997713604	0.0680667272	-0.0224686191	-0.0277156827	0.0722427837	-0.1032678436560559	4.205610920839098e-05	1.7687163217481083e-09	0.0106642475333716	-0.3257969474689446	-0.0065346762075222	4.270199313715795e-05	0.1061436509800822	-0.241049453048042	-0.0415279908597057	0.0017245740248438	0.0581048388147602	-0.0316300468850345	0.0006413974290604	4.113906620052911e-07	0.0010004598659494	0.001433322663618	-0.0001909944411082	3.6478876534271854e-08	2.0544138580409988e-06	-0.0047090246998887	0.000738214655466	5.449608775447853e-07	2.217491362416186e-05	0.0	0.0	0.0	0.0	0.0	0.0	0.0	0.0	0.0	0.0	0.0	0.0	0.0	0.0	0.0	0.0	0.0
976.3151028250568	0.0761802149784216	0.0058034251541585	953191.1800043012	1650.0216477426447	-1.770506728580358	2722571.4380193525	3.134694075948321	921.4938779589438	-1.1622005139818157	1.3507100346995966	849150.9671158128	1015.503306601061	879.0694823686149	1.113814	27.050591	0.0846679466334257	0.0447344352674809	0.0317131115	0.0194804405	0.0458870285	-0.0123810741	-0.0006818914	0.0101646694	0.042583723	0.0283521818	0.0070085825	0.0226571433	0.0214109109	0.0177983727	-0.0606597624	-0.0450837129	-0.0301345049	-0.0364651985	-0.0164096507	0.0230852879	-0.0097896126	0.0015342286	0.0355179687	0.0253941646	-0.0444748628	-0.0380153399	-0.0334821099	-0.0532782464	0.0948972826	0.008220166	0.058406763	-0.0741227827	-0.0096494364	-0.154136275	-0.0287076869	-0.0308894125	-0.0459471279	-0.0242519988	0.0017191184	0.1005194766	-0.1949859359	0.0031306173	0.019922105	0.0329285029	-0.1324715486	-0.0200085592	-0.04256434	-0.000823895	0.1650969791	0.0598148441	0.0007774478	0.1293978857	-0.0782363528	0.1049392005	-0.0122775918	-0.0170207084	0.0008390788	-0.025498026	-0.0575292977	0.0546577144	-0.0510371582	0.0145753775	0.0105111729	0.0444945906	-0.002588071	-0.0508903947	-0.006691469	0.0621759583	-0.060130518	-0.0084621824	-0.0153257869	0.0427914247	0.0182846671	-0.0646618011	0.0265495552	0.0497406467	0.0321233014	-0.0587016861	-0.0471213503	0.055464021	0.0445126933	-0.0351615307	-0.171467022	-0.0456982189	-0.0332112885	-0.1374875325	0.0493029878	-0.0649541543	0.0068947156	0.0355650311	-0.0099988105	0.0743426185	0.0502213959	-0.0207401288	-0.0086595936	-0.0003211814	0.0467357765	-0.0394870283	0.0600235963	0.0184329632	-0.116566589	0.026170168	0.1059218623	-0.0235380557	-0.068744685	0.0396261174	0.0761470035	0.0698559848	0.0207322725	0.0742597528	-0.0887236405	-0.0059436897	-0.1007008652	0.0714208455	-0.0287576717	-0.019294242	0.0637307152	-0.1033448046288327	-7.696097277680447e-05	5.922991330752039e-09	0.0106801486437716	-0.3632414774804289	-0.0374445300114842	0.0014020928277809	0.1319443709621649	-0.2437691955260916	-0.0027197424780495	7.3969991469073634e-06	0.0594234206874378	-0.0310531153025253	0.0005769315825091	3.328500508965697e-07	0.0009642959699919	0.0014297378131604	-3.584850457600012e-06	1.2851152803355017e-11	2.044150214380683e-06	-0.0050170425303442	-0.0003080178304555	9.487498387851328e-08	2.517071575128253e-05	0.0	0.0	0.0	0.0	0.0	0.0	0.0	0.0	0.0	0.0	0.0	0.0	0.0	0.0	0.0	0.0	0.0
973.7336659284454	-2.5814368966114216	6.663816451186808	948157.2521624492	1655.565546166886	5.543898424241206	2740897.2776548592	30.73480973830413	920.3123607522884	-1.1815172066553714	1.3959829096227117	846974.8413534503	1012.809896894175	876.8459104506668	1.127926	27.393318	0.1622631591613814	0.0766603790489412	0.0130165129	0.0421389416	0.0310116363	-0.0862664981	0.0014122397	-0.0161127687	0.0861704131	-0.0072643505	-0.0029682833	0.0455972227	0.0652448233	0.0205804094	-0.0136842612	-0.0064912513	-0.0066894878	0.0254082739	-0.0607760962	-0.0187905809	-0.0064835814	0.0701591168	0.0141846129	-0.0927424358	0.1401255667	-0.0934665874	-0.1107248286	0.0600633035	0.0401053375	-0.0527016113	0.0677607053	0.0533787473	-0.0267025628	-0.0757449329	-0.1257208937	0.0487891669	-0.0335973786	-0.0501809125	0.0253970653	0.0340087411	0.0213407938	-0.0387162967	0.0374155613	-0.0940157145	-0.0855917133	0.120498954	0.080690927	-0.0258890444	0.0009542519	-0.0416487297	0.0166821693	-0.0473251283	0.021757554	0.007846444	0.0025152764	-0.0097535252	0.0134711361	-0.0670211589	0.0259404417	0.0553448157	-0.0092831	-0.1077761745	-0.0298384725	-0.0053153204	-0.0402909301	0.0007312119	-0.0359142124	0.0596523302	0.0844251508	0.0401444153	-0.0286189549	-0.0633937201	0.0753011119	0.1018115934	0.0889933292	0.1713545895	0.0315386782	-0.025377759	-0.0749096411	0.126879752	0.0110572331	-0.0529691391	-0.0105762744	0.0448685428	0.0819809458	-0.0367927513	-0.0479412725	-0.0404570597	0.0109380484	0.0387413484	-0.0539689691	0.0284414281	0.0105080215	-0.0197804545	0.0181189829	-0.0819979275	0.1063269047	-0.013767597	0.0231120298	-0.0196004364	0.1015822348	-0.0570646808	-0.0314873048	-0.0603260603	-0.0258001042	-0.046542923	0.0687403784	0.0490471745	-0.0400604445	0.0507739332	-0.0039377079	-0.0097460451	-0.1015925006	0.0746675401	-0.0349494174	-0.0107567634	0.0546199342	-0.1114638754598615	-0.0081190708310287	6.591931115926258e-05	0.0124241955325315	-0.3223650528338453	0.0408764246465835	0.0016708820918878	0.1039192272885678	-0.1987054769622176	0.045063718563874	0.002030738730804	0.0394838665747823	-0.0320407141338694	-0.0009875988313441	9.75351451672233e-07	0.0010266073622083	0.0011786879222293	-0.0002510498909311	6.302604773651726e-08	1.3893052180092245e-06	-0.0051424727104669	-0.0001254301801226	1.573273008561294e-08	2.6445025577896787e-05	0.0	0.0	0.0	0.0	0.0	0.0	0.0	0.0	0.0	0.0	0.0	0.0	0.0	0.0	0.0	0.0	0.0
974.884405365906	1.1507394374606292	1.3242012529272054	950399.603825636	1648.7501062905428	-6.815439876343135	2718376.9129930763	46.45022070804812	921.08889593662	0.7765351843315784	0.6030068925048785	848404.7542177417	1014.075294058414	860.3642788560408	1.140777	27.705414	0.1314257914787809	0.062079215465527	0.034263097	0.0101635718	-0.0105829587	0.0015640367	0.0084314854	-0.0851817699	-0.0614298661	0.079935715	0.0072930514	0.0452374782	0.0378657891	0.0050419636	-0.0198003286	0.0124905453	0.0118424589	-0.0019439173	0.0424492171	0.0189823774	0.0132870079	0.0556187594	0.072751753	-0.0288092303	-0.0141228001	-0.0075061055	-0.0100355388	0.102444709	0.0667862414	0.0270895868	0.0703161746	0.0002364023	0.0215513852	-0.0314418291	0.0274357909	0.0433190538	0.0423488775	-0.0395563857	-0.1051777783	0.0170796776	0.0673481802	-0.064692745	0.0713376104	0.1279400463	0.0128062962	0.0884712884	-0.0477562349	-0.0684539066	-0.0833995594	-0.0149334739	-0.0002718254	-0.0883642426	-0.0283573112	0.0959431686	-0.0088446113	-0.0235785352	0.0149968816	-0.0465464824	0.0109059369	-0.0122275866	-0.0150636045	0.0146678446	-0.1381737211	-0.0386549469	-0.0053187227	0.012463774	-0.0513734907	-0.0176354527	0.0974972681	-0.0285995773	0.0368766194	0.0862023321	-0.0594183725	0.0064190184	-0.0035639894	0.0848466475	0.037185812	-0.0081689899	0.0029026964	0.0379277645	-0.0265202922	-0.0256564209	0.0160604475	-0.0100260862	0.0975510585	-0.0944900268	-0.088404908	0.1174710555	0.0127114129	0.0481744177	-0.0324755338	0.0312892612	-0.0003332789	-0.0234266075	0.1165625988	0.0119311714	0.0358466674	0.0185837669	0.1060060584	0.0184116768	0.0301785348	0.0637031826	-0.0774888877	-0.0332932457	-0.0237047956	-0.0858609751	0.045868712	0.0594766897	-0.0279757314	0.0703892275	0.0326780758	0.0072497228	-0.1024459312	0.0778019275	-0.0410229053	-0.0021545924	0.0449960313	-0.1014767678059485	0.009987107653913	9.974231929084768e-05	0.0102975344043423	-0.3357505617337892	-0.0133855088999438	0.0001791718485104	0.112728439704555	-0.2314675614212618	-0.0327620844590441	0.0010733541781015	0.0535772319903056	-0.0316339771875627	0.0004067369463066	1.654349434908973e-07	0.0010007085127032	0.0020461861587086	0.0008674982364792	7.525531902946953e-07	4.186877796090655e-06	-0.0049108860839353	0.0002315866265315	5.3632365588286697e-08	2.411680212938939e-05	0.0	0.0	0.0	0.0	0.0	0.0	0.0	0.0	0.0	0.0	0.0	0.0	0.0	0.0	0.0	0.0	0.0
975.5548348232402	0.670429457334194	0.4494756572614218	951707.2357469994	1650.8981920223953	2.1480857318524613	2725464.8404228133	4.614272311388125	922.1753552585104	1.086459321890402	1.1803938581225522	850407.3858461599	1015.5836271664908	858.5285495705707	0.940274	22.835917	0.0973832656014751	0.0490701794708602	0.039275199	0.0116007775	-0.0151685557	0.0254483435	0.0086329647	0.0127275723	0.010560841	0.0494389498	-0.0109225014	0.0430217992	0.012148353	0.0307410997	-0.0321307587	-0.0061745366	0.0016197774	0.0242160659	0.0055882774	-0.0081350202	0.05450079	0.0052688821	-0.0158406395	0.003184478	0.0758356792	0.0081487832	-0.0376315899	-0.0461948336	-0.0322980787	-0.0357211958	0.000205208	-0.1389882717	0.0350833345	-0.020956687	-0.0565371151	0.004885734	-0.0425145941	-0.0727260782	-0.0309836045	0.1543412698	-0.0008877939	-0.1806165442	-0.0711120001	0.1107765192	0.0420635632	-0.0390952146	-0.0555380936	0.0284982607	0.1662495457	-0.0295834132	0.0056193292	-0.1453342715	0.1688809322	0.0889519872	-0.0172778246	-0.0183775476	0.0208062737	-0.0350192794	0.0001984977	0.0069453474	-0.0356924849	0.0281742516	0.0497255447	-0.0146168517	0.0294088566	0.00243352	0.0341536966	-0.0132291478	0.0226515734	-0.0477853349	-0.0147136366	0.005210076	0.0867678713	-0.045629881	-0.0383075819	0.0722906879	0.0784143587	-0.1315367939	-0.0183527651	-0.0462235808	0.0687966151	-0.0308558343	-0.0106600043	-0.0114928907	-0.1264176887	-0.0289607667	-0.1553108698	0.0911125109	0.0176778127	0.0450153175	-0.0343701071	0.0302539884	0.017211263	-0.0262482834	-0.0134532992	-0.0590890289	0.0321903549	-0.0102761933	0.146401851	-0.0094551864	-0.0569584185	0.0538507648	-0.014661705	0.0108122714	-0.0888992641	-0.0404331195	0.0767319849	-0.0034558871	-0.0554578844	0.1215162246	-0.0450295816	-0.0120421466	-0.103260836	0.0808192935	-0.0469575846	0.0064605365	0.0349494174	-0.1056212735741723	-0.0041445057682237	1.7176928062840325e-05	0.0111558534314301	-0.3236313037007647	0.0121192580330244	0.000146876415271	0.1047372207350566	-0.1936881168220949	0.0377794445991668	0.0014272864342215	0.0375150865980894	-0.0314162000689702	0.0002177771185924	4.74268733824515e-08	0.0009869776267735	0.0017821240811237	-0.0002640620775848	6.97287808184537e-08	3.175966240520992e-06	-0.0052958480317791	-0.0003849619478437	1.481957012876923e-07	2.8046006375698565e-05	0.0	0.0	0.0	0.0	0.0	0.0	0.0	0.0	0.0	0.0	0.0	0.0	0.0	0.0	0.0	0.0	0.0
972.8130052400332	-2.741829583206936	7.5176294633487215	946365.143164145	1648.1411041916235	-2.757087830771752	2716369.0993259843	7.601533306589686	921.5199724435546	-0.6553828149558285	0.4295266341394257	849199.0596123696	1013.9153795081842	853.223432365636	1.019164	24.751867	0.0424755703198065	0.0228104473726628	0.0260733768	0.0187879792	-0.0204540235	-0.0597079836	-0.0127902649	0.0255434198	0.026797112	0.0084818798	-0.0065699072	0.0468394386	0.0205705889	0.0179716591	-0.0413236336	-0.0128792917	0.0220409469	0.0361264424	0.0185513269	-0.0702931874	0.1002495918	0.0809563807	-0.119137397	-0.0977006151	0.0891283096	-0.1155877996	-0.0053426027	0.073439695	0.0580585452	-0.0244665004	0.0207836852	-0.0493314889	0.0324169662	0.0442459109	-0.0833761495	-0.0974675178	-0.0399479207	-0.0641604512	-0.0243503609	-0.0753580449	0.0162616827	-0.1582453701	0.012150583	-0.0099416566	0.0954805338	0.0416719896	-0.120721695	-0.0413136838	0.0803889244	-0.0373267161	0.0642455108	-0.0466442892	0.1158269914	-0.0118750652	0.0024911887	-0.0058080582	0.0311155999	-0.0421523708	0.0145971683	0.0582041301	-0.0335065064	-0.0378576209	0.0733798155	-0.0198070935	0.0256740212	-0.0125013013	0.0014832662	0.1108393054	0.0705876951	0.0178813668	0.0262821874	-0.0101008073	0.0268387716	0.0322061824	0.1044848244	0.0292031928	0.1111978802	0.0885988342	0.07513597	-0.0145563335	0.1168142134	-0.0661816692	-0.0656254586	0.0828852546	-0.0017986309	-0.0737516274	-0.0997957967	0.0297099688	0.0121004567	0.044501942	-0.062233816	0.0002855265	-0.0050836363	-0.0243849565	0.0279990719	-0.0430727181	0.0397877083	0.0296210331	-0.0055894568	0.0354983898	0.0199770904	-0.0393052752	0.0544792784	0.0583125327	-0.1597238149	0.037094864	0.161381851	0.0218209437	-0.0799370688	0.1038876034	0.0274735434	0.0335790616	-0.1040369087	0.0837150996	-0.0527333744	0.0150368111	0.0245744743	-0.1091987389403641	-0.0035774653661918	1.2798258446301835e-05	0.0119243645861657	-0.3148418684759662	0.0087894352247985	7.72541715709291e-05	0.0991254021454375	-0.1921545839856335	0.0015335328364614	2.35172296050536e-06	0.0369233841466918	-0.0315544763840427	-0.0001382763150724	1.9120339310028062e-08	0.0009956849798711	0.0018126527675208	3.052868639710012e-05	9.320006931324855e-10	3.285710055600816e-06	-0.0048931502954016	0.0004026977363775	1.621654668835627e-07	2.394291981338876e-05	0.0	0.0	0.0	0.0	0.0	0.0	0.0	0.0	0.0	0.0	0.0	0.0	0.0	0.0	0.0	0.0	0.0
973.6496829776528	0.8366777376195387	0.7000296366281497	947993.7051624836	1651.9384407533844	3.797336561760858	2728900.6120387227	14.419764963285774	921.2553616108112	-0.2646108327434149	0.0700188928051634	848711.4412966665	1014.7122120478906	864.8408723467005	1.047041	25.428902	0.0403853127457923	0.0242945041519885	0.0252845694	0.0158996667	-0.0041428009	-0.0843696849	-0.0073398553	0.0185662405	-0.021989685	0.019076799	0.0068178451	0.0512449048	0.029142383	0.0100045358	-0.0181018397	0.0214113897	0.0276198822	0.0940574281	0.0093251598	-0.1057623203	0.0148245536	-0.0042755231	-0.0470643494	-0.0833647286	0.0640223704	0.0306554616	0.0516706208	0.026462477	0.1930253307	-0.0164561268	-0.1071141214	-0.0589247247	-0.0511980438	-0.0362487204	0.0109816421	-0.0313543202	0.0095084974	-0.1241853155	-0.0326428634	-0.0525899481	-0.0981313096	0.0415424364	0.0889809577	-0.081843496	0.1484762005	-0.0972089548	-0.1950913062	-0.0658490884	0.1207519033	-0.016896119	-0.0924192633	0.1016380501	0.0065527433	0.0960265662	-0.0068031179	-0.0286171238	0.0259387119	-0.0401193983	0.0237763316	0.0235700236	-0.0356319434	0.0014636943	0.0092381933	-0.0403601767	-0.0024657401	0.0473190036	-0.0130483771	0.1736429678	0.0480365664	-0.036989343	0.0440420856	-0.026902746	-0.0544417028	0.1635535989	-0.0012359956	0.0447646277	-0.0542941045	-0.0195325148	-0.0187045876	-0.0726827192	0.0524106468	-0.0251823277	-0.0286590433	-0.0344449933	-0.147031773	-0.0734861997	-0.0174566022	-0.0706024024	0.0180522475	0.0511246648	-0.0381169159	0.0326489999	0.0153825513	0.0137963599	0.0456655096	-0.0613200517	0.0632857679	-0.0656624236	0.0143309589	0.0038812759	-0.0015660189	-0.0971630849	-0.0111477967	-0.0936905722	-0.1164529378	-0.0954004886	0.0914370625	-0.0180916707	-0.0998371471	0.0943388359	0.0067292706	-0.0054642744	-0.1047738574	0.0864849902	-0.0583307311	0.0235226525	0.0139686685	-0.109206035077193	-7.296136828899291e-06	5.3233612626020606e-11	0.0119259580972811	-0.3015659267312287	0.0132759417447375	0.0001762506292096	0.0909420081652647	-0.1927218371775794	-0.0005672531919458	3.217761837728046e-07	0.0371417065251014	-0.0314682125289259	8.62638551167999e-05	7.441452699612245e-09	0.0009902483997656	0.001478079840925	-0.0003345729265958	1.1193904321087862e-07	2.184720016148873e-06	-0.0050030099471346	-0.000109859651733	1.2069143078896132e-08	2.5030108531127752e-05	0.0	0.0	0.0	0.0	0.0	0.0	0.0	0.0	0.0	0.0	0.0	0.0	0.0	0.0	0.0	0.0	0.0
975.4134481397244	1.7637651620716497	3.110867546937633	951431.3948118268	1652.2610752908165	0.3226345374321226	2729966.6609211653	0.1040930447440397	923.1308404825304	1.875478871719224	3.517420998265214	852170.548649983	1016.030967386858	863.1551461800186	1.051084	25.5271	0.182267130747511	0.1073417559118561	0.0393546992	0.0386192407	-0.0225116334	-0.0712240914	0.0036581426	-0.0053552647	-0.0313358701	0.0051085352	-0.0159193033	0.0627658567	-0.0276072337	0.0630526667	-0.0638486078	-0.0020606868	0.0304327215	0.0640740789	-0.0480712728	-0.0101680309	0.0498585289	0.0281924118	-0.0626144583	-0.0752167421	0.0870292999	-0.0994413443	-0.1056454795	-0.104700079	-0.0806392585	0.0535623154	0.0545594273	-0.0099426287	0.0419475632	-0.0847013066	-0.0375436748	-0.054337663	-0.1171071502	-0.0265923135	-0.1838089065	-0.0048214384	0.2515036278	0.1092034817	0.0374249355	-0.0536580158	0.0095580826	-0.0247991571	0.0241122586	0.1128412867	0.0652294755	0.0448990587	-0.0516826411	0.0813858033	-0.1059925391	0.0377023041	-0.0091350685	-0.011771001	0.0671012806	-0.0224511454	-0.0104559415	0.0132125012	-0.0775974044	-0.0411321403	0.0393420331	-0.0332465751	0.0035188443	0.0642946807	0.049456955	-0.0004153089	0.0021773654	0.0007568083	0.0500640282	-0.0821040505	0.0803772793	-0.0131094833	0.1325061685	0.0758442306	0.1478379585	0.0083006105	0.0390300018	0.0771618941	0.027952773	0.1091852585	0.088990153	-0.0314953196	0.0480126776	-0.0216654204	-0.1133865775	0.038593805	0.02185827	0.0610208783	-0.0748648078	0.0072425189	-0.0118026232	-0.010990814	0.0548013785	-0.1003624701	0.0465866981	-0.0025572525	0.0525228366	0.041610569	0.0140483462	-0.0051391596	0.0481945904	0.0350013625	-0.0213396218	-0.0108991264	0.1560236246	-0.0835566938	-0.0307908037	0.1072901202	0.1329844007	0.1177561316	-0.1054714048	0.0891247992	-0.0637307152	0.0318670259	0.0032316354	-0.1050559971053815	0.0041500379718115	1.722281516747732e-05	0.0110367625278059	-0.3784863597577725	-0.0769204330265438	0.005916753016991	0.14325192452269	-0.1577884291145537	0.0349334080630256	0.0012203429988978	0.0248971883624385	-0.0322898360389629	-0.0008216235100369	6.75065192245519e-07	0.0010426335114231	0.0018501366204013	0.0003720567794763	1.384262471542762e-07	3.4230055141499443e-06	-0.0048714252029253	0.0001315847442092	1.7314544908626854e-08	2.3730783507695804e-05	0.0	0.0	0.0	0.0	0.0	0.0	0.0	0.0	0.0	0.0	0.0	0.0	0.0	0.0	0.0	0.0	0.0
973.2991412429524	-2.114306896772064	4.470293653737914	947311.2183442684	1652.0407437758092	-0.220331515007274	2729238.619095329	0.0485459765054006	923.4116574639228	0.2808169813923769	0.0788581770383265	852689.0891402691	1017.0401577927292	878.4847174382722	1.188539	28.865402	0.3474786845652576	0.172112742908603	0.0305055289	0.0362641144	0.0036079267	-0.0233817631	0.0014338038	-0.0140541498	0.0368452781	-0.0061056676	-0.0159185694	0.0435016339	-0.0400520948	0.0355953941	-0.0068465076	-0.0569124115	-0.0416467643	0.0718498106	-0.0369416437	-0.0319834287	0.0811268934	0.0492038281	-0.0946935478	-0.1341573558	0.104604734	-0.0417084705	-0.1546405955	0.0447256306	0.0499389124	-0.0702868648	0.0637854826	0.0408904988	-0.0392814249	-0.0329966676	0.0882945499	-0.0827574739	-0.1791471503	0.0166060675	-0.0880884979	0.0075922878	-0.0181786297	-0.0443965822	0.0630045597	0.0384904005	-0.0989600883	-0.1641260724	0.0133693973	0.0509542273	-0.1268724677	0.0711937609	-0.0356329438	-0.0653788655	-0.122996861	0.0237072702	-0.0151391817	-0.0035457149	0.0438460901	-0.0163975195	-0.0857916917	-0.0017805202	0.0042597901	-0.0820130768	0.0520889435	-0.0003214391	0.0165999657	0.0528417351	0.0170107391	0.0224922946	0.0662507688	-0.0543714082	0.0069476603	-0.0570950652	0.0879524017	0.1024057969	-0.0105116274	0.1629825166	0.2090651018	0.0429344738	0.0588461458	0.0087507659	-0.1361670381	0.1235722003	-0.1239812857	0.0698234852	-0.0693872898	-0.0452612154	-0.033772092	-0.0226414562	0.0196450151	0.042195067	-0.0373345162	-0.0190717986	-0.0649615202	-0.0171362221	0.0959074859	-0.0071216214	-0.0627107539	-0.0494093908	0.0579185826	0.0214327583	-0.0161016705	0.0311496205	-0.0684429024	-0.0150196179	0.1540439768	0.0289247018	0.1648460659	0.0055126024	-0.1406980491	0.0157027694	0.0546418386	0.2214704649	-0.1061292888	0.091630556	-0.0689150546	0.0400197472	-0.007535757	-0.0720962664198481	0.0329597306855333	0.0010863438468628	0.0051978716316817	-0.2822514572443566	0.0962349025134159	0.0092611564617666	0.0796658851165628	-0.1508479246680352	0.0069405044465185	4.817060197214311e-05	0.0227550963766532	-0.0308452408762389	0.0014445951627239	2.0868551841655724e-06	0.0009514288847131	0.0038540572394476	0.0020039206190462	4.015697847438904e-06	1.4853757204938457e-05	-0.0040930700462998	0.0007783551566255	6.058367498455073e-07	1.6753222403916644e-05	0.0	0.0	0.0	0.0	0.0	0.0	0.0	0.0	0.0	0.0	0.0	0.0	0.0	0.0	0.0	0.0	0.0
967.1743956760504	-6.124745566901993	37.51250825928561	935426.3116513332	1654.9669547950753	2.92621101926602	2738915.621463685	8.562710929273882	921.029928654934	-2.3817288089887825	5.672632119567124	848296.1294781128	1018.0486347873988	848.2854956936438	1.231031	29.897369	0.0621394530432123	0.0319715315816094	-0.0130728361	0.0085143941	-0.0818804342	-0.05627024	0.0186435948	-0.0960226368	0.0286132078	0.038053917	-0.0215913637	0.0469582272	0.0564454493	0.0422602352	-0.0326229256	-0.0748189327	-0.0877980021	0.0543438874	-0.0607131958	-0.0702274052	0.0063170204	0.0553142067	0.005011283	-0.0360645676	0.0707297714	-0.0301210978	0.007575843	-0.1058058571	-0.00635277	-0.0586685916	0.0429424154	0.1189842939	0.0139270011	0.0226606618	-0.0110645117	-0.049533997	0.028472436	-0.0588373227	-0.075417234	-0.0256276374	0.002042403	-0.0518452585	-0.0635723273	-0.072010989	-0.0313844995	-0.0011180086	-0.0734740703	-0.1234210204	0.0333270272	0.0473865824	0.004685189	-0.0867302486	0.0540562016	0.0089479318	-0.0733266102	-0.0370919439	-0.0169372481	-0.0741697754	-0.1146780429	-0.0087215709	-0.0184732506	-0.0940919582	-0.0198512236	0.0479807486	0.0339136687	0.0460260797	-0.0665283014	0.0760708158	0.0348336878	-0.0253041209	0.0706984795	-0.0619984475	0.1234825725	0.0144683706	-0.0394649533	0.0909855835	-0.053271426	0.0419381063	0.0304852042	0.0791215785	0.0157841137	-0.0791778672	0.0525449708	-0.0310145397	-0.0059293854	-0.0258706317	0.011813836	0.063689125	0.0239560515	0.0491512405	-0.050000299	-0.0333552606	0.0284526058	0.0127478751	0.0583624285	-0.064684791	-0.0804129823	-0.0433823853	0.0060537571	-0.0403463843	-0.1103621961	0.018013584	0.0383378546	-0.0367122527	0.1186205442	0.1042156265	0.1658472449	-0.0498873256	0.0193782311	0.0480224069	0.0658506802	0.0947202327	-0.106747262	0.0939984918	-0.0738662073	0.0479317851	-0.0182323554	-0.0742673891723342	-0.002171122752486	4.7137740063628135e-06	0.0055156450944749	-0.3060966084103427	-0.0238451511659861	0.0005685912341287	0.0936951336803146	-0.14806493613289	0.0027829885351451	7.745025186749582e-06	0.0219232253120367	-0.0309648367003897	-0.0001195958241507	1.4303161154309032e-08	0.0009588211118818	0.0035189403740454	-0.0003351168654021	1.1230331347699616e-07	1.238294135608678e-05	-0.0038809789240609	0.0002120911222388	4.4982644132555924e-08	1.50619974090049e-05	0.0	0.0	0.0	0.0	0.0	0.0	0.0	0.0	0.0	0.0	0.0	0.0	0.0	0.0	0.0	0.0	0.0
967.665062943702	0.4906672676515882	0.2407543675446752	936375.6740418389	1647.1838906543392	-7.783064140736087	2713214.769631166	60.576087418811966	919.5063214697255	-1.5236071852084478	2.3213788548188097	845491.8752227862	1013.6350877418188	824.3210211432919	1.239694	30.107769	0.1379837705932015	0.0682604179463667	-0.0294880867	-0.0103223552	-0.124403763	-0.0434711397	-0.001081754	-0.0133599094	0.1189643509	0.0758492562	0.012468786	0.0194092161	0.0989519475	-0.0345921362	-0.0702528578	-0.0121448046	-0.0435647057	0.0465169715	-0.0964879288	-0.1037893882	-0.0634689537	0.1184216903	-0.0585022852	-0.030897972	0.0563906552	0.0482011339	0.0814687305	-0.1281290545	-0.1137141424	-0.0742599195	0.0034286457	0.0133164101	-0.0590109731	0.0880731786	0.084814135	-0.0532169358	-0.0466025139	0.0478813009	0.0428073727	-0.0592979376	-0.0224837138	0.0324888192	-0.1020389211	-0.0960184653	-0.1112541053	-0.0379714929	0.0681986996	0.0182978426	0.0879511588	-0.1047678943	-0.0189956962	0.0127916259	0.0258102548	-0.0776458767	-0.0233990432	-0.0308462162	-0.0543270385	-0.0739644275	0.0125722209	0.0820086827	-0.0245094636	-0.0825724838	0.0469006702	0.0029798236	0.0282754237	0.0057733303	-0.0915250087	0.0075336311	-0.0830678242	0.0256545292	0.1252191866	-0.0766459107	0.1691968436	0.040661339	-0.0660049462	-0.1018098818	0.0512654478	-0.0364444075	0.0491453973	-0.0451374349	-0.0489205856	-0.0431715143	-0.0362766468	0.0115232433	-0.080296687	0.0611460549	0.1572571824	-0.0314969232	0.010086558	0.0150228451	-0.0337050247	-0.0431884046	-0.0646374741	0.1044155177	0.0579084115	-0.0781958156	-0.136026049	0.0097942993	-0.03100915	0.1143489072	-0.0606995975	0.0598851147	0.0357414432	-0.0003032846	0.1311323283	0.054323216	-0.0309470826	-0.1218134464	-0.282257758	0.1207133891	-0.1618877702	0.123774267	-0.1073250918	0.0962250449	-0.0785674201	0.0555555556	-0.0287576717	-0.0777878775924847	-0.0035204884201505	1.2393838716413762e-05	0.0060509539003433	-0.3424641557757013	-0.0363675473653585	0.0013225985013715	0.1172816979911638	-0.1120448605937625	0.0360200755391275	0.0012974458418444	0.0125540507854756	-0.0313823396147018	-0.000417502914312	1.743086834590954e-07	0.0009848512396924	0.003207741243479	-0.0003111991305664	9.684489886528328e-08	1.02896038851162e-05	-0.0043937900645537	-0.0005128111404927	2.629752658135261e-07	1.9305391131370807e-05	0.0	0.0	0.0	0.0	0.0	0.0	0.0	0.0	0.0	0.0	0.0	0.0	0.0	0.0	0.0	0.0	0.0
977.2116042514906	9.54654130778863	91.13645094131464	954942.519483772	1648.5499336896523	1.3660430353131687	2717716.883868157	1.8660735743276151	923.574044613616	4.067723143890476	16.546371575342214	852989.0158839537	1017.3084108430752	837.9771207569322	2.462286	59.800182	1.2596988850205433	0.9237481935437406	-0.2465816304	-0.0531718362	0.2842734101	0.2205624809	-0.0044673353	0.0261808548	0.1867585241	-0.0787682458	0.0114265532	-0.4450952293	0.0266814512	-0.2931319835	0.0716205926	-0.127931644	0.1160647952	-0.0634836928	-0.1363687572	0.2528806653	-0.0156166396	0.3093166341	-0.0350750559	0.0899221613	-0.0173004867	-0.0212080953	-0.1072016904	0.1418771861	-0.2115846308	-0.0440821362	-0.1471950972	0.0686837166	-0.0559506175	0.0158294176	0.0255926882	-0.0663831345	0.0643674157	0.0078045551	0.042080493	-0.0507590078	0.0015443453	0.0519236889	-0.0306797002	0.0327748808	-0.0671824455	-0.075850067	-0.0787637103	0.0502528659	0.0825513073	-0.0523963468	0.0293660606	0.1099968349	0.1071622114	-0.0981058629	0.0240005236	0.1494557556	-0.3715219342	0.275409744	-0.0450020649	0.2040088115	0.265476554	0.0737854157	0.0165434663	-0.0325074699	-0.3729945664	-0.0176911313	-0.1069924069	-0.1115933256	0.0775011057	0.0892390807	-0.143087485	-0.0094226943	0.1975071956	0.0285538572	0.0453933351	-0.1795229447	0.041663074	0.0610137576	0.0264034177	0.0452462292	-0.0742074071	0.0114272753	0.0616719578	0.0810924103	0.0195179363	0.0817010047	-0.0311652001	-0.0472824159	-0.1824905416	-0.357798275	0.1423720832	0.1601131441	-0.2587867115	-0.0194072595	-0.1159446514	-0.0118177053	-0.1002206804	-0.1051650145	-0.0127323162	0.277805328	0.200891001	0.1363630616	0.0040731443	-0.0976205553	-0.2374457583	0.1105130491	-0.0942940283	-0.1153876061	0.0049953216	-0.0387821836	-0.2319951964	-0.055837637	-0.1078625611	0.0983068664	-0.0830027857	0.0628452084	-0.0390128266	-0.0827895255085877	-0.0050016479161029	2.501648187665745e-05	0.006854105533937	-0.2211154244798905	0.1213487312958107	0.0147255145871028	0.0488920309429221	-0.237392856152212	-0.1253479955584495	0.015712119990521	0.0563553681521048	-0.0149913946110389	0.0163909450036629	0.0002686630781131	0.0002247419123838	0.000636955442917	-0.002570785800562	6.608939632371205e-06	4.0571223626159163e-07	-0.0055920694653324	-0.0011982794007787	1.4358735223305607e-06	3.1271240905102994e-05	0.0	0.0	0.0	0.0	0.0	0.0	0.0	0.0	0.0	0.0	0.0	0.0	0.0	0.0	1.0	0.0	0.0
971.5855543738896	-5.626049877600963	31.65243722525381	943978.4894680184	1641.113622174145	-7.436311515507441	2693253.920885542	55.29872895566857	923.6616216609912	0.0875770473751345	0.0076697392269465	853150.791329412	1017.8476788096482	852.1110408084205	1.511089	36.698982	0.1362821965384036	0.0635830514202037	-0.2496436332	-0.0372349082	0.2477637572	0.2150610433	-0.0558247668	-0.0642904201	-0.0539601029	0.0571148802	-0.0344613772	-0.3473453121	0.0267370694	-0.1468312848	0.1067502429	-0.0228882659	-0.065885304	-0.0207061049	-0.1074449006	0.2197432486	0.019487331	0.0810392075	-0.0076910941	-0.0561839572	-0.0715486295	-0.0090624416	0.0873501852	0.103637059	0.1300303801	0.0908226607	0.0475925651	0.0834684562	-0.0432785886	-0.0317845346	0.0082084501	-0.0129207342	0.0071592304	0.061538532	-0.0925354527	0.0901429771	-0.068895453	0.1551482142	0.06215874	-0.0176456403	0.1243845628	0.0361453667	-0.0118214763	-0.0809302065	-0.0268111743	0.0717256516	0.0019915704	-0.053379357	-0.1528334197	0.1526838655	-0.0095414885	0.138130244	-0.2803035734	0.1687178492	-0.0784157271	-0.0316510337	0.1604762561	0.0954589517	-0.0492762495	0.1316388145	-0.1661162281	0.0979526977	-0.0924331025	0.016072379	0.0788202781	-0.0579207374	0.0872504063	0.0899383713	-0.1913952533	-0.0490121213	0.0329766932	-0.0805788904	0.0422156685	0.0736805065	0.0099799857	0.0767004979	-0.0355926864	0.0191415161	-0.1116207415	0.0147838934	-0.0591241076	-0.0160012197	-0.0113687634	0.1097377224	-0.1623459048	-0.3222810633	0.1643976264	0.1067835463	-0.1718792441	-0.0711234129	-0.0195427809	-0.0446554772	-0.0978501889	-0.1532315588	0.0187627802	0.0012094625	0.1412121389	0.0408968799	-0.0443196319	-0.0079275727	-0.0331902066	-0.0143222366	0.0122280303	-0.0336072621	0.1227758767	-0.1005852217	0.0070721974	0.1312944898	-0.1083594676	0.100240825	-0.0871572961	0.0697569027	-0.0489014791	-0.0900479202257003	-0.0072583947171125	5.2684293869408e-05	0.008108627936974	-0.1696261887276762	0.0514892357522142	0.0026511413983471	0.0287730439022772	-0.2282744616626502	0.0091183944895618	8.314511806727117e-05	0.0521092298473727	-0.015368525559504	-0.000377130948465	1.422277522901857e-07	0.0002361915778731	0.0010652148789864	0.0004282594360694	1.8340614458248054e-07	1.1346827384140108e-06	-0.0050291364182766	0.0005629330470558	3.168936154675277e-07	2.529221311363599e-05	0.0	0.0	0.0	0.0	0.0	0.0	0.0	0.0	0.0	0.0	0.0	0.0	0.0	0.0	0.0	1.0	0.0
967.1110834258736	-4.474470948016005	20.02089026463925	935303.8476851672	1656.547505297429	15.433883123284204	2744149.637307136	238.20474826319696	923.0969187563212	-0.5647029046699572	0.3188893705426868	852107.9214174142	1018.9829487441262	855.2907504104487	1.591128	38.642849	0.6003037426338439	0.4322587607265125	-0.1295623775	-0.065440212	0.0213832369	0.129138196	-0.0018259947	-0.0527874636	0.0498243557	0.0565930257	-0.0234076462	-0.1191266131	0.0087016258	-0.0422440435	0.173731208	-0.0406073885	-0.2133255728	-0.1297324938	-0.0124099814	0.0199879817	0.0093871822	-0.0305258101	-0.0237499019	-0.0179419483	-0.0555073805	0.0492991133	0.1035760765	-0.0525309928	0.0424194357	0.0392098354	0.0224152303	0.00851216	0.1450723366	0.1320614062	0.0503056039	-0.0945514807	0.0149027486	-0.0309525562	0.0909451493	0.0295455987	-0.0702508004	-0.171734217	-0.0204455216	0.1756557879	0.1604781021	0.0198472903	0.1201536241	-0.0066223924	0.0038031127	0.1509135856	-0.0653422	-0.0390569415	-0.0901131023	-0.0573181658	-0.0351100934	0.0349399084	-0.1218629147	0.0292774191	-0.090477088	-0.1453806111	0.157493506	-0.0702250613	0.0513185886	0.2344723496	0.0846637665	-0.0490791855	-0.0490402644	-0.0378174284	-0.0226473877	-0.0827295577	0.086243027	-0.043909124	-0.1507905766	-0.1202705487	-0.0365315547	-0.0454566652	0.0029073466	0.081720935	-0.0611822246	-0.0910504237	-0.0234098668	-0.0611135717	0.0516881931	0.0347233164	-0.0911786199	-0.0591281907	-0.0672063206	-0.0881849725	-0.0340270411	-0.1614179437	0.1503563702	-0.0742876396	-0.0209027105	0.0077917049	-0.1480232609	-0.010012482	-0.1704566666	-0.0818041969	-0.0595548409	-0.1756073684	-0.0209713604	-0.0115749655	-0.0656108213	-0.0130850667	0.1179832445	-0.0138469022	0.0776727734	0.0650739949	-0.0190772997	-0.0855872477	-0.0821829622	0.1153979236	-0.1088156246	0.1020240119	-0.0910168938	0.0762490709	-0.0583307311	-0.0880344951879976	0.0020134250377027	4.053880382448124e-06	0.0077500723430055	-0.2115897562135984	-0.0419635674859222	0.0017609409961455	0.04477022493453	-0.1483159291803062	0.079958532482344	0.00639336691673	0.0219976148486176	-0.0229521351903507	-0.0075836096308466	5.751113503307081e-05	0.0005268005097961	0.0028947982734328	0.0018295833944463	3.347375397234011e-06	8.37985704386952e-06	-0.0049149650910122	0.0001141713272644	1.303509196931477e-08	2.415688184586856e-05	0.0	0.0	0.0	0.0	0.0	0.0	0.0	0.0	0.0	0.0	0.0	0.0	0.0	0.0	0.0	0.0	1.0
959.1650835952826	-7.945999830591063	63.13891330775321	919997.6575883452	1652.9781583022022	-3.5693469952268515	2732336.7918241406	12.740237972334954	918.3917967201766	-4.705122036144644	22.13817337501392	843443.4922829141	1014.0964875550676	815.0212402128661	1.339086	32.521648	0.2740635169324618	0.2003239529825471	-0.1041427453	-0.0585630885	-0.1457119712	0.0189500494	0.0003860185	-0.0477574902	0.0748402346	0.0573125054	-0.0029214863	0.0167316845	0.1427804945	0.0051589423	0.0404722361	-0.050946768	-0.1750713407	-0.0768227975	-0.0094496541	-0.0751736266	0.0173695604	-0.0493536901	0.0354505094	-0.005066993	0.0792799127	0.0198506837	0.0970674376	-0.0213344853	0.0655598983	0.0552510373	0.0034733674	0.0459935427	0.0331891043	0.0145970177	0.0592640188	-0.0801352197	0.0237846989	-0.0068810292	-0.0350576889	-0.0117841986	0.0526909039	-0.0042647963	0.0418167167	0.057809652	0.1099980877	-0.0454759095	0.1271014497	0.0033661766	-0.003365577	0.0023121988	0.0122315381	0.0074962835	0.1397806294	-0.0955503966	-0.0431544213	-0.0277341401	-0.0850607566	-0.1152518207	-0.0366977632	-0.0513071277	0.0321267976	-0.0862506191	-0.0254651714	0.1027500094	0.1307120234	-0.0634887163	-0.0979010955	0.0194560682	-0.0021477828	0.0917312472	0.0556712084	-0.0674966487	-0.0883564512	-0.0170707338	-0.0015552259	-0.0350158137	-0.0031488341	0.051183072	-0.0010264349	0.0217343096	0.0338916966	-0.0068293663	0.0522739046	0.0308960552	-0.0382797431	0.0530259523	-0.0801680005	0.0058040126	-0.006104929	-0.0665219136	0.0486660076	-0.1561367333	0.0247112705	0.0418836739	-0.0763002404	-0.0547524439	-0.1452536259	0.0242898742	-0.1413072236	-0.2026775479	0.0764337185	-0.0423057836	-0.0186104018	0.0561813997	0.0389665016	-0.040689929	-0.0319646582	0.0158564675	0.0147161986	-0.0310731534	-0.0002974938	-0.0489166514	-0.1092308605	0.103653745	-0.0945685192	0.0822826681	-0.0672120005	-0.100769351642171	-0.0127348564541734	0.0001621765689084	0.0101544622303835	-0.1996640941874261	0.0119256620261723	0.0001422214147624	0.0398657505076853	-0.1378080243705852	0.0105079048097209	0.0001104160634901	0.0189910515809238	-0.0267393534845221	-0.0037872182941714	1.4343022407706536e-05	0.0007149930247702	0.0024109276470802	-0.0004838706263525	2.341307830468574e-07	5.812572119455669e-06	-0.0054217780433361	-0.0005068129523239	2.5685936864326776e-07	2.9395677151201423e-05	0.0	0.0	0.0	0.0	0.0	0.0	0.0	0.0	0.0	0.0	0.0	0.0	0.0	0.0	0.0	0.0	0.0
960.4086868483806	1.2436032530980583	1.546549051116073	922384.8457738308	1641.7525517807217	-11.225606521480586	2695351.441278511	126.01424177510746	918.2776190088116	-0.1141777113649595	0.01303654977254	843233.7855724922	1014.3071042285832	794.5902938048815	1.186337	28.811918	0.2732210447622928	0.1515561370558778	-0.0801573014	-0.0907665988	-0.1835153581	0.0254743378	0.0210922663	-0.0747185386	-0.0891000065	0.1354529807	0.0102642622	0.0202530786	0.1422979598	-0.0270765864	0.0067887251	0.0072482293	-0.0590698559	-0.0684931466	-0.0172665976	-0.0324262003	0.0055685867	-0.0171505373	0.1639337243	0.0486349351	0.0193153911	0.0174899078	0.1980199061	-0.1527349895	0.0493162764	-0.0922452761	0.0680389002	0.0113264214	0.011145352	-0.0720084159	0.0246879481	0.0207736636	0.204074133	0.0168597022	0.0472612767	0.0378119869	0.0938359951	0.0727986305	-0.0844367899	-0.0175789871	-0.0666955686	0.0026720418	0.0445517991	0.010321386	0.0629946617	-0.0955147802	0.0908863229	-0.0365877809	0.132455945	0.1077853816	-0.064613865	-0.0582167412	-0.0842506614	-0.0987183514	0.0215721823	-0.059221186	-0.0009068055	0.0921935642	-0.146195764	0.0364914083	0.0937100588	0.0050710564	-0.0949586497	-0.0271387684	-0.0100433071	0.0425572209	0.1898261296	-0.0172455651	0.0488687343	-0.0925081031	-0.1145803191	-0.0084284381	-0.0876616526	-0.0842732715	-0.0322349182	0.0573681243	0.1075789565	-0.0822106681	0.1005669615	-0.0398825363	0.0892708077	0.1938876008	0.0784655351	0.0176638559	-0.0023613268	-0.0298080554	0.0435977353	-0.1242334988	0.0452613884	0.0893369353	0.0849821241	0.0619578226	-0.1518528865	0.0570383596	-0.1286343694	-0.0749577376	0.0022853507	0.0451382588	-0.040388089	-0.0036391658	0.035129302	-0.1122187122	-0.1103632134	0.0258802997	-0.0486097912	-0.0033739002	-0.0249485486	-0.0042864586	-0.1096050192	0.105127573	-0.0978001546	0.0878214077	-0.0754618528	-0.0992766461852028	0.0014927054569682	2.228169581262673e-06	0.0098558524777819	-0.3133584925543857	-0.1136943983669596	0.0129264162200249	0.098193544855957	-0.1996460763243703	-0.061838051953785	0.003823944669439	0.0398585557917162	-0.0276194592825651	-0.0008801057980429	7.745862157489038e-07	0.0007628345310612	0.002813060600489	0.0004021329534088	1.6171091221728426e-07	7.913309942023534e-06	-0.0047800990150963	0.0006416790282397	4.117519752827733e-07	2.284934659412462e-05	0.0	0.0	0.0	0.0	0.0	0.0	0.0	0.0	0.0	0.0	0.0	0.0	0.0	0.0	0.0	0.0	0.0
966.2389251310692	5.830238282688583	33.99167843292752	933617.660438444	1642.7271642326543	0.9746124519326712	2698552.536107858	0.9498694314622136	918.4743748908228	0.196755882011189	0.0387128771060009	843595.1773310876	1011.6574646734005	809.5336637528814	1.230362	29.88113	0.1548781505736215	0.0820914717694728	-0.0396208119	-0.0492323951	-0.1485245689	-0.0151373561	-0.0212494485	0.076664143	0.0859281069	0.0175414831	0.01725827	0.0377610782	0.1410777979	-0.039737023	-0.0358246399	0.09710102	0.0339096339	-0.1400207837	0.0487451832	-0.0949395602	-0.1078271263	-0.0509249985	-0.076693504	0.1019807225	-0.0145408313	-0.0117950818	0.0175785385	-0.0763452594	-0.077453396	0.1457574298	0.001320979	0.0089194954	-0.072689448	0.0075496834	0.0545832808	0.0405070769	-0.0920255061	-0.007754175	0.0802034672	0.0332582217	-0.1013425033	0.1354054702	-0.00097013	-0.0907626887	0.0258539386	0.0087138879	-0.0592554587	0.0556858024	0.0477628417	-0.0480653166	0.0355399718	0.1105123896	0.0779984824	0.0068027698	0.0001712443	-0.032255893	-0.0491684629	-0.0992777837	0.1666639001	0.0997581315	-0.0306051057	0.0188877718	0.0570874916	0.0540319333	0.0531441353	-0.144233773	0.0060244695	-0.0422920269	-0.1483306334	0.0132887735	-0.0228795627	0.0456561085	-0.0386757201	-0.0555837351	0.0401539487	-0.0459734821	-0.0586419975	-0.0624268509	-0.0075971207	0.0024621076	-0.1063722048	-0.006916671	-0.0448652157	-0.1075099071	-0.113229469	0.0276836549	0.0533533052	-0.0959304682	0.0108581775	0.0057180104	0.0146311183	-0.0751886779	0.0891311441	0.0796402309	-0.0841293812	-0.0476423431	-0.0930528684	0.0143043245	-0.0681930856	-0.0951172825	-0.1346079486	-0.0377753904	0.0644918263	-0.0127230039	-0.0605026151	-0.0204450247	-0.0810570732	-0.0833485669	0.0842866999	0.0509927007	-0.0459717101	-0.1300672726	-0.1099379598	0.1064432791	-0.1007008652	0.092831979	-0.0830027857	-0.0997468414475974	-0.0004701952623946	2.2108358477833865e-07	0.0099494323787721	-0.2920580520626572	0.0213004404917284	0.0004537087651416	0.0852979057746338	-0.1634228595683069	0.0362232167560633	0.0013121214321567	0.0267070310294825	-0.0288211970143455	-0.0012017377317804	1.4441735759847042e-06	0.0008306613973397	0.0027638651236796	-4.919547680940026e-05	2.4201949385042393e-09	7.63895042189245e-06	-0.0054668517677752	-0.0006867527526788	4.716293433120461e-07	2.988646825082683e-05	0.0	0.0	0.0	0.0	0.0	0.0	0.0	0.0	0.0	0.0	0.0	0.0	0.0	0.0	0.0	0.0	0.0
967.622642350675	1.3837172196058418	1.9146733438337216	936293.5779897023	1645.3740008473942	2.6468366147398683	2707255.6026645605	7.005744065127606	921.1386505734235	2.66427568260076	7.098364912897745	848496.4135802276	1013.0623541730354	818.3831731117995	1.009052	24.506298	0.0609054627094921	0.0426998250346214	-0.0173389515	-0.0219224221	-0.1145339513	-0.0668393625	-0.0147353571	0.041157013	-0.0340542052	0.0112143949	0.0119732213	0.0470166524	0.0373731863	0.0118622425	-0.0260560349	0.0677638668	0.071301519	-0.0722488991	-0.0086823026	-0.1098383435	-0.0121122513	-0.0212717061	-0.0369109515	0.0417190847	-0.0497211048	0.022715369	-0.0564343008	0.0040941807	0.0179240023	0.0974139736	0.0121521077	-0.0520022541	0.0003207597	-0.1172704992	-0.0845581205	0.0159168423	-0.0229159863	0.0154908042	-0.0123964181	-0.0405015985	-0.0522747493	0.0156561105	-0.0182677149	0.0663100645	-0.1107028639	0.0821643363	-0.0573488783	-0.0324389687	0.0900457875	0.1474189023	-0.0398256573	-0.015530565	0.0159240604	-0.0822568916	0.0184277653	-0.0174116538	0.0194026202	-0.0480151585	0.1085612625	0.0235606068	-0.0409722481	0.0330639602	0.0271509751	-0.0374669358	0.036409455	-0.0161490104	-0.0548631548	0.0022605716	-0.1034069089	-0.0169987947	-0.0519065211	-0.035166509	-0.0724908687	0.0155937795	0.0634097658	0.0112368759	-0.0044542313	-0.0127912333	0.0240692092	0.0935667681	0.0909500714	0.0656967687	-0.0114806923	-0.0225249412	0.0326303318	-0.0892111584	0.0058771926	-0.0600861157	0.0113080984	0.0184332478	-0.0212340322	-0.1006469543	0.0430072628	0.058772284	-0.037106159	-0.0292329464	-0.0111337212	0.0898937784	-0.1393236264	-0.0587727356	0.0480861112	-0.0726751532	0.033955259	0.0355575915	-0.0484976464	-0.03741382	-0.1080954863	-0.0553468077	0.0043078418	0.0365045423	0.0533056731	-0.1128722727	-0.1102295573	0.1075988845	-0.103260836	0.0972842479	-0.0897639565	-0.1006521024203692	-0.0009052609727717	8.194974288237431e-07	0.0101308457216404	-0.291996922370032	6.112969262522805e-05	3.73683932045486e-09	0.0852622026735704	-0.1596940406213818	0.0037288189469251	1.3904090738947735e-05	0.0255021866099835	-0.0295776372327585	-0.000756440218413	5.722018040327073e-07	0.0008748366242726	0.0024862343520366	-0.000277630771643	7.707884536308761e-08	6.181361253246851e-06	-0.0055569858396626	-9.013407188740009e-05	8.124150915003004e-09	3.0880091622210655e-05	0.0	0.0	0.0	0.0	0.0	0.0	0.0	0.0	0.0	0.0	0.0	0.0	0.0	0.0	0.0	0.0	0.0
974.1633492736096	6.5407069229345325	42.78084705172372	948994.2310679768	1653.4114799984652	8.037479151071011	2733769.522190715	64.60107110390118	923.7616397032664	2.622989129842836	6.880071975273676	853335.5669872673	1015.12411958779	831.3244561491263	1.024197	24.874119	0.1642056814128382	0.0936449692592148	0.0285282817	-0.0199942152	-0.0674984733	-0.0706018193	0.0219306683	0.0624981702	-0.1278605901	-0.0408375972	0.005246365	0.0490177758	-0.0752275106	0.0189707909	0.0011488269	0.076752852	0.0913081522	-0.0426373785	0.0567671758	-0.030916844	0.0414199097	-0.0665935238	0.0341437459	0.0478534029	-0.0503548944	0.0330874051	-0.0615346067	0.0041235742	-0.009667604	-0.0494938212	-0.0375383655	-0.0007216073	-0.094239035	0.0455661273	-3.98285e-05	0.0770108949	0.1446830498	0.0139434807	-0.0923107516	-0.1143680202	0.078542733	0.0725878717	0.0366581651	0.092876678	0.0328470143	0.1015906054	0.0434076266	0.0772213975	-0.0199050071	-0.056893962	0.075021997	0.0389601698	-0.0570553608	-0.0400651346	0.025706259	-0.0120659808	0.0900949849	0.0336158445	0.0918763073	-0.0616173087	-0.0473699767	0.1207719042	0.0076217876	-0.0866717093	0.0415550891	0.0056089078	0.016496536	-0.022481109	-0.0319663398	0.0130368528	-0.0573438381	-0.0209481413	-0.0405029526	0.0260868061	0.012561065	-0.015422168	-0.0561439742	-0.0358543142	0.0981495001	0.021649798	0.0171355786	-0.0226184729	0.1075084558	0.1333467427	0.1338788074	0.0852734785	0.0339269812	0.0576907742	0.0094107564	0.0431323056	-0.0053306823	-0.0510534178	0.0376823997	0.0329655845	0.056737225	0.0994228019	0.0317718532	0.0971863804	-0.1145746561	0.0718297209	0.0201951238	-0.0968151232	-0.0021200858	0.0324278738	-0.035687367	-0.0615650106	-0.1205859777	-0.0238597165	0.0375299739	-0.0309926458	0.1446273757	-0.0938943507	-0.110479702	0.1085926509	-0.1054714048	0.1011514379	-0.095681848	-0.116081844180087	-0.0154297417597178	0.0002380769307715	0.01347499454825	-0.3217501464084193	-0.0297532240383873	0.0008852543406784	0.1035231567138392	-0.2419914955857649	-0.0822974549643831	0.0067728710936146	0.0585598839358352	-0.0296733027937611	-9.566556100260026e-05	9.151899561942232e-09	0.0008805048986902	0.0028890972406512	0.0004028628886146	1.622985070228998e-07	8.34688286593838e-06	-0.0057929626030524	-0.0002359767633897	5.56850328599256e-08	3.355841572036364e-05	0.0	0.0	0.0	0.0	0.0	0.0	0.0	0.0	0.0	0.0	0.0	0.0	0.0	0.0	0.0	0.0	0.0
982.4256238268568	8.262274553247266	68.26518079323732	965160.1063515889	1662.2347327554917	8.823252757026466	2763024.306778721	77.84978921437514	926.250401072916	2.4887613696496373	6.193933155060339	857939.8054877378	1016.7850386602672	871.9273938033348	1.175708	28.553768	0.0999946156687328	0.0474271772713417	0.093963883	0.0268524835	0.0306325829	0.0112960048	0.0260933505	0.0198819558	-0.1439804572	-0.1448541505	-0.0118154248	0.0209565037	-0.1582293202	0.0524936101	0.0384450975	0.0310965352	0.0389352686	0.0263254428	0.0398816373	0.0281835987	0.0025662565	-0.0777790609	0.0552020627	0.0955210316	-0.0449165422	0.079302718	-0.0433502076	-0.0082492364	0.0490263056	-0.0742455334	0.0127621819	-0.009929933	-0.0233250706	0.0204855514	0.0532424863	0.098005768	0.072043726	0.0500679162	0.089446568	-0.105322201	-0.0928368304	-0.116247978	0.0461244065	-0.0251223469	-0.0114274141	-0.0072057086	0.0336359566	0.0284301603	-0.0286625905	-0.0139164154	-0.0217138764	-0.0511769067	-0.002595841	0.067773249	0.0383019754	0.0240708453	0.1305539549	0.0934733599	0.0303381336	-0.1105297226	-0.0106270456	0.058154273	-0.0098303195	-0.0767876844	0.0198239633	0.0603464077	0.0572725639	-0.0729978047	-0.0285244199	-0.0030293429	-0.085025192	0.0482185392	-0.0659177969	0.011788751	-0.0675984218	0.0704514555	-0.0556324062	-0.0802046593	-0.0497129218	-0.0177259482	-0.045609364	-0.0627839256	0.0426962642	0.0963790356	0.0487271188	0.0430343554	0.0929829591	-0.0439028399	0.0161211731	0.071511661	0.01881916	0.0304581422	0.0699954714	0.0111527008	-0.0295557026	0.1116903088	0.1305028951	0.0090765316	0.0609107969	0.0251477934	-0.0355618722	-0.0319116815	-0.078666046	-0.0412115665	0.0384849378	-0.0537168781	-0.1583308323	0.0436559628	0.0783597558	-0.1103699525	0.0312703974	-0.1063920504	-0.1106882998	0.1094230837	-0.1073250918	0.1044102912	-0.1007008652	-0.1000935724279941	0.0159882717520929	0.0002556248336187	0.0100187232413981	-0.2933789986307289	0.0283711477776903	0.0008049220262235	0.0860712368375692	-0.2723904393845444	-0.0303989437987794	0.0009240957840813	0.0741965514681051	-0.0298261673859494	-0.0001528645921883	2.336758354489556e-08	0.0008896002609346	0.002646858016206	-0.0002422392244452	5.867984185981211e-08	7.005857357953961e-06	-0.0056833413728825	0.0001096212301699	1.2016814103962273e-08	3.230036916071794e-05	0.0	0.0	0.0	0.0	0.0	0.0	0.0	0.0	0.0	0.0	0.0	0.0	0.0	0.0	0.0	0.0	0.0
982.3460565366942	-0.0795672901626858	0.006330953663833	965003.774793194	1657.145458578954	-5.089274176537629	2746131.070888852	25.90071164397276	925.6774652490672	-0.5729358238488658	0.3282554582493785	856878.7696699379	1016.1617591705444	884.2778792310728	1.00034	24.294699	0.1343467793708498	0.0647486391216601	0.1197558757	0.0538043954	0.04119221	0.0480836918	0.0239653788	0.036129457	-0.0594034114	-0.1070020442	-0.024176143	0.0392849588	-0.1548035749	0.0549617644	0.0099719708	-0.0246407324	-0.0484367112	0.0991268374	0.0507520948	-0.0370049747	-0.0087444268	-0.090703075	-0.0111071405	0.0814570095	-0.0328606982	0.1296129222	-0.0126288206	0.0631868818	-0.0971730319	0.026178712	0.0950666259	-0.026871376	0.0328356717	0.0384656673	0.0673930995	0.0432677164	-0.0301204475	0.0367483118	0.0814810831	-0.0203747527	0.1211168516	0.1093938881	-0.0443144044	0.0258122084	-0.0983843226	-0.041690578	0.0542936533	-0.010258192	-0.0459405964	0.0362290035	-0.0047187958	0.0051443933	0.0206185296	0.0122056986	0.0294496838	0.0241160208	0.1316378428	0.0743766882	-0.0219621793	-0.082937951	-0.014728945	-0.0463917048	0.0582276356	-0.074404053	0.1208232908	0.0255395787	0.0770133631	-0.1043418175	-0.0675133458	0.0532463881	-0.075252087	0.0817079792	-0.0070215095	-0.0328926829	-0.1329205118	-0.0599007755	0.0963461808	-0.0118283153	-0.0057469018	0.0009618861	-0.050642218	0.0517005652	0.0434225682	-0.0584077711	0.0314652682	0.0443265644	0.0655992448	0.0644641216	0.0198617885	0.0792992447	-0.0126099868	0.0170955073	0.0287424332	-0.0255892443	-0.0725743275	0.1047783356	0.1179850578	0.0630978303	0.1292168989	0.0112991243	-0.0588324634	0.0593515345	0.0046332155	0.1272362383	0.0620484811	0.0600889902	-0.1085030311	0.0533958803	0.111270721	-0.0453953768	-0.0206228871	-0.0924453846	-0.1108552722	0.1100889337	-0.1088156246	0.1070412087	-0.1047738574	-0.1083599957069338	-0.0082664232789397	6.833375382659618e-05	0.0117418886696067	-0.2412125034726102	0.0521664951581187	0.002721343217082	0.0581834718315239	-0.2445293776705028	0.0278610617140415	0.0007762387598336	0.0597946165439234	-0.0301996660623684	-0.0003734986764189	1.395012612867427e-07	0.0009120198302785	0.0026787295394001	3.187152319410018e-05	1.0157939907120655e-09	7.175591945254672e-06	-0.0061990271576644	-0.0005156857847819	2.659318286261243e-07	3.842793770146077e-05	0.0	0.0	0.0	0.0	0.0	0.0	0.0	0.0	0.0	0.0	0.0	0.0	0.0	0.0	0.0	0.0	0.0
978.9272929078852	-3.4187636288089607	11.687944749667013	958298.6447999604	1641.8094304326912	-15.336028146262834	2695538.205857718	235.19375930296584	923.4572708994092	-2.220194349657959	4.929262950253126	852773.3311769848	1014.3200167157726	873.8772704459034	1.107155	26.888865	0.1375457305351806	0.0653856724081343	0.0962122916	0.049935366	0.0343727839	-0.0402457239	-0.0287063967	0.009943467	-0.0178923596	-0.0143230103	-0.0084765416	0.0458235664	-0.0695677564	0.0717448305	-0.0164611328	0.0012657665	0.01894701	0.032536642	0.0160177303	-0.0708415817	-0.0571917844	-0.0777042233	0.0224305686	0.1171384075	-0.0148733281	-0.0978561843	0.0539201519	0.0421483591	-0.0989989005	-0.0229300374	-0.1311048535	-0.021887689	-0.0547708395	0.0304737262	-0.1048783386	0.0381103624	-0.0468250563	-0.0288035255	0.051449629	-0.0223645555	-0.0814685641	-0.0569395574	0.071450623	-0.0334999361	0.0067646382	-0.0636651905	-0.0797962059	-0.0101674136	-0.216769625	0.0124043381	0.039163104	0.1208812058	-0.0734738237	-0.0521914782	0.02574978	0.0189817413	0.0948119481	0.0060010898	-0.0270463162	-0.0032070579	-0.0571924515	0.0100407869	0.0154999086	-0.0231242264	0.01533239	-0.0325428995	0.043994412	0.0871663407	-0.100177839	0.1077668411	-0.0465066841	0.0876929534	0.0922986933	-0.0251879224	0.0215454227	-0.0890895421	-0.1553600211	0.0110951077	0.0160358362	-0.0816861433	0.0292590417	0.0490705441	-0.0888855026	0.0113807574	-0.0102053244	-0.0470893962	-0.007986295	-0.0142820259	0.0152193668	0.0691674962	-0.011680516	-0.0103991721	-0.0067779064	-0.0043060993	0.0056438908	0.1574318815	0.0738558287	0.0642056931	-0.060854765	0.1284277059	-0.0353119746	-0.0666904863	0.0905044851	0.1522674856	0.0532594792	0.1548837574	0.0034724433	0.0710394431	0.0179064824	-0.0816433983	0.0322643164	0.0212310544	-0.1109805565	0.1105891995	-0.1099379598	0.1090283678	-0.1078625611	-0.09848513181349	0.0098748638934438	9.75129369140401e-05	0.0096993211883205	-0.2900911903662972	-0.048878686893687	0.002389126032451	0.0841528987281352	-0.243292533398808	0.0012368442716948	1.5297837524242903e-06	0.0591912568076101	-0.0298232805967886	0.0003763854655798	1.4166601869972304e-07	0.0008894280655547	0.0031014250872423	0.0004226955478421	1.7867152616561747e-07	9.618837571775908e-06	-0.0054470014615593	0.000752025696105	5.655426476023598e-07	2.9669824922229152e-05	0.0	0.0	0.0	0.0	0.0	0.0	0.0	0.0	0.0	0.0	0.0	0.0	0.0	0.0	0.0	0.0	0.0
980.5481956044778	1.620902696592566	2.627325551821052	961474.7639031973	1647.2042236144557	5.3947931817644985	2713281.7542933016	29.10379347401272	923.4046903335368	-0.0525805658724038	0.0027647159074622	852676.222129975	1015.0483201244296	885.6055817387838	0.992901	24.114031	0.0518782298998619	0.0250121245048914	0.0977648499	0.0442367053	0.0529172179	-0.0077117456	-0.01226966	0.0513711153	-0.004369796	-0.0402201313	-0.0155372392	0.0571719469	-0.0572462235	0.0353975981	-0.0118117953	0.05761383	0.0582926724	-0.0147784137	0.078560915	0.0522124809	-0.0275829665	-0.1662853557	0.0039696455	0.0924383445	-0.0726018937	0.0640714786	0.0323817126	0.0414427559	-0.1154083864	-0.1088503398	-0.0368494869	0.0011500136	-0.0335071559	0.0414073724	-0.1066729168	0.0261362653	0.0256252189	0.06440747	0.016804581	0.001695368	-0.0221944768	-0.0853618847	-0.0596604224	-0.1124239632	-0.070397904	-0.0504833493	-0.007483721	-0.1411104052	-0.0337895984	-0.0026394678	-0.0414431865	0.0243569779	0.0453588022	0.0075465952	0.0146754093	0.0093134847	0.0946061173	0.0073493395	0.0332394742	0.018442846	-0.0518158637	0.0422318636	0.0178008438	0.0192243775	-0.0310423412	-0.0532181526	0.1267130637	0.0365929736	-0.0083856814	0.0138706686	-0.1299677136	0.076355645	-0.0010491838	-0.0200424327	-0.1444135765	-0.0248112269	-0.1757942193	0.0043324574	0.0330932931	-0.0480368262	0.0792149096	0.0398527342	-0.0087649491	0.037086135	0.0671909709	-0.0389614719	0.0572659601	-0.0420328704	0.0191250974	0.0758939433	0.0104520864	0.0364826706	0.0516422737	-0.01081859	-0.0232085272	0.1161076817	0.0958492359	-0.0361807134	0.0584232022	0.052353594	-0.0843049401	-0.0686852032	-0.0011403894	0.0003946632	0.0480525389	0.070030005	-0.0449850893	0.059442413	0.017210155	-0.1110328168	0.0814462195	-0.0114202734	-0.1110641056	0.1109231287	-0.1106882998	0.1103598175	-0.1099379598	-0.0893659756517308	0.0091191561617592	8.31590091025509e-05	0.0079862776041857	-0.289424762026357	0.0006664283399402	4.441267322755032e-07	0.0837666928740133	-0.2564558900689206	-0.0131633566701126	0.0001732739588245	0.0657696235510423	-0.0297165603105832	0.0001067202862053	1.1389219487761917e-08	0.0008830739566925	0.0034761687504403	0.000374743663198	1.4043281310705626e-07	1.2083749181537678e-05	-0.0055441232867169	-9.712182515759971e-05	9.432648921943373e-09	3.07373030183166e-05	0.0	0.0	0.0	0.0	0.0	0.0	0.0	0.0	0.0	0.0	0.0	0.0	0.0	0.0	0.0	0.0	0.0
979.633398634152	-0.914796970325824	0.8368534969173067	959681.5957194992	1658.8318206829067	11.627597068450996	2751723.0093101677	135.20101358625018	923.0839767272536	-0.3207136062832205	0.1028572172551886	852084.0280906009	1015.3146857956642	886.9292096297895	0.937488	22.768257	0.1391798715190047	0.0715242130083402	0.0936966269	0.0548218821	0.0196014272	0.0083831225	0.0153065631	-0.0271768148	0.0601356741	-0.0502087182	-0.0069455282	0.0584549482	-0.0568714589	-0.0036383641	0.0162698442	0.0334162163	0.0726744929	-0.0108924646	0.0575878948	0.0053235674	0.0229662628	-0.1127725883	0.051050238	-0.0150101846	-0.0376209468	0.0996577899	-0.0627790307	0.0466434333	0.0499030935	-5.44141e-05	0.0872212274	-0.0415752871	-0.0200800906	0.0243939682	0.0405582603	-0.07762294	-0.0853935653	0.0371818613	-0.0148868568	0.0804708716	0.0610656156	0.02096649	0.0375451469	-0.0284738488	0.029267962	0.0820439617	0.0704949022	0.1474285069	-0.1101946938	0.0341726182	-0.0492285369	0.0011703512	-0.0951009616	0.0497875809	0.0141188106	0.0031901758	0.0859389874	0.0087438283	0.0273036957	0.0212400443	0.0185965533	-0.0292789314	-0.0562095479	-0.0531216727	0.0070738074	-0.0166414366	0.0629995461	-0.0699889833	0.0582082861	-0.0059341061	-0.1100415319	-0.0317565624	-0.1122534243	0.0220935113	-0.0775372268	0.0627520301	0.0207043694	0.0474782433	0.1103642288	-0.0628638787	-0.0685842762	0.0998132501	-0.0336696218	-0.0975947286	0.024733479	-0.0003836272	0.0044845233	-0.0831404696	0.0297451384	0.0750253996	-0.0090258348	-0.0050626976	0.0341408618	-0.0257750278	-0.077991136	0.0533576973	0.0854049715	-0.004779014	0.1230958265	-0.0585449201	-0.0566116606	0.0270604257	-0.0732699816	0.0596498774	0.0439521878	0.0877328991	0.0409406825	0.0254051438	0.108224797	-0.0345302704	0.0137961109	-0.0514267769	-0.1111058879	0.1110902189	-0.1110641056	0.1110275503	-0.1109805565	-0.1030352909404399	-0.0136693152887091	0.0001868501804621	0.010616271179181	-0.2349536741309066	0.0544710878954503	0.0029670994165138	0.0552032289876122	-0.2121649892726154	0.0442909007963052	0.0019616838933481	0.045013982673049	-0.0301087362806501	-0.0003921759700668	1.5380199149791398e-07	0.0009065360004177	0.003421076578252	-5.509217218830015e-05	3.035147436425313e-09	1.1703764954264413e-05	-0.0056318264952325	-8.770320851560036e-05	7.691852783930875e-09	3.171746967240279e-05	0.0	0.0	0.0	0.0	0.0	0.0	0.0	0.0	0.0	0.0	0.0	0.0	0.0	0.0	0.0	0.0	0.0
