#!ascii label  , from subject sub-v2s7x29660_ses-1 vox2ras=TkReg
2893
37180  -3.972  -42.284  50.214 0.3333329856
37194  -5.680  -41.572  49.935 0.3333329856
38242  -6.603  -41.154  49.762 0.3333329856
38254  -5.109  -40.258  48.615 0.4444440007
38256  -6.256  -40.893  49.070 0.3333329856
133445  -6.720  -40.283  48.543 0.4444440007
39273  -6.365  -39.766  48.017 0.5555559993
39274  -7.166  -39.712  48.155 0.4444440007
40201  -8.465  -38.913  48.290 0.5555559993
41099  -8.187  -38.472  47.487 0.6666669846
41108  -8.384  -37.464  46.459 0.7777780294
38239  -2.613  -39.956  49.293 0.3333329856
37178  -2.958  -41.132  49.437 0.4444440007
37192  -3.766  -41.327  49.678 0.4444440007
37193  -4.664  -41.562  49.748 0.3333329856
147778  -4.481  -40.779  49.234 0.4444440007
38267  -5.906  -40.394  48.441 0.4444440007
39272  -5.607  -39.693  48.107 0.6666669846
39282  -6.790  -39.190  47.576 0.6666669846
40208  -7.235  -38.519  47.093 0.7777780294
40213  -6.601  -38.105  46.776 0.6666669846
41098  -7.885  -37.972  46.785 0.7777780294
139260  -7.684  -37.499  46.264 0.7777780294
41109  -9.159  -37.262  46.892 0.5555559993
133194  -8.855  -36.840  46.139 0.5555559993
39262  -2.407  -39.507  49.355 0.2222220004
38240  -2.813  -40.209  49.391 0.4444440007
39257  -3.035  -39.632  49.731 0.4444440007
39264  -4.317  -39.934  49.030 0.5555559993
39271  -4.881  -39.454  48.447 0.6666669846
39281  -6.001  -39.179  47.595 0.6666669846
40207  -6.353  -38.602  47.186 0.6666669846
40206  -5.703  -38.545  47.444 0.6666669846
41097  -5.861  -37.864  47.041 0.6666669846
41106  -6.489  -37.469  46.474 0.6666669846
41107  -7.155  -37.819  46.497 0.7777780294
42009  -7.963  -36.999  45.888 0.6666669846
42008  -7.114  -37.093  45.980 0.7777780294
42016  -7.451  -36.435  45.443 0.7777780294
42018  -9.371  -36.172  45.611 0.5555559993
42896  -10.038  -35.583  45.246 0.5555559993
42897  -10.930  -35.350  45.577 0.5555559993
43795  -12.314  -34.569  45.500 0.3333329856
42017  -8.348  -36.417  45.413 0.6666669846
42895  -8.629  -35.831  44.999 0.7777780294
136470  -9.288  -35.648  44.951 0.7777780294
43793  -10.510  -35.064  44.748 0.5555559993
154023  -11.567  -34.414  44.246 0.5555559993
43805  -12.196  -34.314  44.664 0.3333329856
42904  -9.625  -35.213  44.535 0.7777780294
43804  -10.883  -34.615  44.159 0.6666669846
44746  -12.765  -33.887  44.213 0.4444440007
44745  -12.003  -34.073  43.847 0.7777780294
44760  -13.329  -33.457  43.682 0.5555559993
41096  -1.822  -37.556  48.014 0.1111110002
137339  -2.115  -38.186  49.803 0.2222220004
137231  -2.366  -38.857  49.677 0.2222220004
40184  -2.649  -38.937  49.819 0.2222220004
141397  -4.227  -39.110  49.008 0.5555559993
40199  -5.329  -38.932  47.936 0.6666669846
41091  -5.115  -38.032  47.840 0.6666669846
41105  -5.851  -37.008  46.712 0.6666669846
42007  -6.375  -36.716  46.170 0.7777780294
42015  -6.767  -36.397  45.673 0.7777780294
42894  -7.793  -35.781  44.942 0.7777780294
151424  -8.242  -35.535  44.693 0.7777780294
43802  -9.129  -34.741  43.974 0.7777780294
43803  -10.024  -34.729  44.027 0.7777780294
43810  -10.410  -34.245  43.502 0.7777780294
45691  -14.740  -32.816  44.568 0.5555559993
44757  -10.823  -33.796  42.974 0.7777780294
44748  -14.065  -33.137  44.120 0.6666669846
45698  -15.230  -32.314  43.466 0.5555559993
44758  -11.678  -33.790  43.093 0.7777780294
44769  -12.176  -33.376  42.565 0.7777780294
45696  -13.978  -32.936  43.114 0.6666669846
42000  -1.746  -36.597  48.109 0.1111110002
41089  -1.777  -37.121  48.921 0.2222220004
41078  -2.291  -37.404  50.109 0.2222220004
41079  -2.714  -37.454  50.297 0.2222220004
40185  -3.171  -38.602  49.929 0.3333329856
40192  -3.721  -38.675  49.550 0.6666669846
41090  -4.463  -37.893  48.757 0.7777780294
146444  -2.035  -36.133  46.709 0.1111110002
40198  -4.679  -38.644  48.458 0.5555559993
41996  -4.779  -37.165  48.340 0.7777780294
138281  -5.283  -37.136  47.427 0.6666669846
42887  -6.200  -35.827  46.010 0.7777780294
42893  -6.885  -35.650  45.258 0.7777780294
42901  -7.330  -35.168  44.785 0.7777780294
42902  -7.906  -35.160  44.502 0.7777780294
43801  -8.252  -34.612  44.093 0.7777780294
43808  -8.679  -34.078  43.591 0.7777780294
44756  -9.955  -33.725  42.983 0.8888890147
45708  -14.819  -32.500  42.910 0.6666669846
45705  -12.691  -32.945  42.026 0.7777780294
45706  -13.567  -32.832  42.214 0.6666669846
45717  -13.227  -32.575  41.453 0.7777780294
45718  -14.107  -32.466  41.653 0.6666669846
46653  -14.972  -32.170  42.040 0.5555559993
142497  -1.709  -35.879  48.131 0.2222220004
136530  -2.756  -38.128  50.117 0.3333329856
41080  -3.174  -37.563  50.282 0.4444440007
41995  -4.420  -37.251  49.207 0.6666669846
145335  -1.796  -36.020  47.456 0.1111110002
153850  -5.453  -36.345  47.114 0.7777780294
43775  -5.612  -35.050  47.220 0.7777780294
43776  -5.881  -34.290  47.271 0.4444440007
44716  -6.226  -33.489  47.732 0.4444440007
42006  -5.884  -36.330  46.506 0.7777780294
42886  -5.664  -35.678  46.783 0.8888890147
143456  -6.141  -34.238  46.323 0.7777780294
151506  -6.362  -33.643  46.121 0.6666669846
43792  -6.829  -34.721  45.040 0.8888890147
44734  -6.471  -34.126  45.577 0.7777780294
44743  -7.321  -33.461  44.409 0.7777780294
44754  -7.775  -32.934  43.837 0.7777780294
135561  -9.138  -33.567  43.153 0.8888890147
44766  -9.533  -33.055  42.684 0.8888890147
44767  -10.385  -33.223  42.472 0.7777780294
45704  -11.776  -32.905  41.917 0.7777780294
46666  -14.634  -31.980  41.144 0.6666669846
46679  -15.136  -31.535  40.554 0.6666669846
45669  -7.006  -32.272  47.623 0.2222220004
45677  -6.970  -32.348  46.752 0.2222220004
136676  -7.331  -31.800  47.195 0.1111110002
45683  -6.650  -33.377  45.596 0.7777780294
45684  -7.011  -32.536  45.732 0.5555559993
46631  -7.461  -31.888  45.439 0.2222220004
152994  -6.994  -33.147  45.037 0.7777780294
46638  -7.370  -32.496  44.690 0.5555559993
46644  -8.420  -31.580  43.548 0.6666669846
45690  -8.421  -32.420  43.277 0.8888890147
46651  -8.832  -31.717  42.859 0.6666669846
45702  -9.935  -32.414  42.140 0.8888890147
45715  -11.322  -32.255  41.339 0.7777780294
45728  -12.870  -32.165  40.781 0.8888890147
46678  -14.288  -31.744  40.378 0.6666669846
47598  -16.374  -30.523  40.289 0.6666669846
47607  -15.159  -30.800  39.198 0.7777780294
47608  -16.011  -30.448  39.416 0.7777780294
48490  -16.728  -29.939  39.697 0.6666669846
47563  -8.660  -30.898  44.026 0.1111110002
46645  -8.885  -31.032  43.224 0.4444440007
46662  -10.030  -31.571  41.745 0.8888890147
46664  -11.291  -31.610  40.895 0.8888890147
46676  -12.519  -31.588  40.234 0.8888890147
47605  -13.292  -30.563  39.049 0.8888890147
47616  -16.389  -29.875  38.877 0.6666669846
48508  -15.161  -29.799  38.072 0.7777780294
49437  -17.262  -28.750  38.083 0.6666669846
50285  -17.829  -28.249  38.395 0.6666669846
50308  -18.112  -27.689  37.709 0.6666669846
47550  -9.096  -30.225  45.560 0.1111110002
48444  -9.827  -29.908  43.347 0.4444440007
47584  -10.190  -30.152  41.721 0.5555559993
151900  -9.197  -31.168  42.628 0.5555559993
47594  -10.727  -30.095  40.957 0.6666669846
141195  -10.320  -30.851  41.386 0.7777780294
47595  -11.405  -30.454  40.356 0.6666669846
46675  -11.660  -31.264  40.431 0.8888890147
47603  -11.851  -30.001  39.788 0.6666669846
47604  -12.567  -30.372  39.341 0.7777780294
47613  -13.779  -30.215  38.602 0.7777780294
48516  -14.674  -29.197  37.769 0.7777780294
139369  -16.045  -29.580  38.065 0.7777780294
152497  -17.596  -28.247  37.739 0.6666669846
158054  -18.389  -27.209  37.317 0.6666669846
51186  -19.176  -26.007  36.484 0.7777780294
52055  -19.605  -25.383  37.041 0.6666669846
52986  -20.011  -24.545  36.697 0.6666669846
48415  -9.652  -29.603  46.038 0.1111110002
49324  -10.620  -28.317  45.981 0.1111110002
48433  -9.762  -29.783  44.226 0.1111110002
48434  -10.345  -29.169  44.708 0.1111110002
48457  -10.353  -29.447  42.944 0.4444440007
49361  -10.910  -28.834  43.369 0.4444440007
139056  -10.319  -29.599  42.206 0.4444440007
49378  -11.219  -28.623  41.724 0.4444440007
48473  -11.042  -29.311  41.047 0.5555559993
49396  -11.503  -28.799  40.744 0.6666669846
48489  -11.360  -29.634  40.432 0.6666669846
49417  -11.845  -29.118  39.937 0.6666669846
48505  -12.799  -29.158  38.906 0.7777780294
49453  -14.253  -28.516  37.729 0.7777780294
48517  -15.441  -29.189  37.616 0.8888890147
49468  -16.345  -28.198  36.859 0.7777780294
51184  -16.236  -26.889  36.098 0.8888890147
50341  -17.433  -27.150  36.066 0.7777780294
50342  -18.184  -26.835  36.069 0.7777780294
51207  -16.033  -26.182  35.966 0.8888890147
51209  -17.680  -26.550  35.509 0.8888890147
52081  -18.721  -25.786  34.885 0.8888890147
52082  -19.408  -25.384  34.993 0.7777780294
140127  -20.026  -24.563  35.882 0.7777780294
55080  -37.797  -22.446  36.474 0.2222220004
52100  -18.999  -25.229  34.283 0.7777780294
53000  -20.259  -24.111  35.425 0.7777780294
144907  -20.236  -24.091  36.125 0.7777780294
55094  -36.370  -22.158  35.738 0.3333329856
54067  -19.543  -23.870  33.270 0.7777780294
54068  -20.222  -23.766  33.575 0.7777780294
56259  -34.724  -21.836  34.239 0.3333329856
56260  -35.704  -21.814  34.400 0.3333329856
56275  -33.744  -21.594  32.740 0.5555559993
135027  -33.774  -21.514  32.016 0.4444440007
49314  -10.496  -28.236  46.846 0.1111110002
49325  -11.020  -27.752  45.486 0.1111110002
49362  -11.324  -28.309  42.848 0.3333329856
49348  -11.333  -28.122  43.768 0.1111110002
50219  -11.676  -27.592  43.258 0.3333329856
49379  -11.850  -28.004  41.291 0.4444440007
49397  -12.050  -28.235  40.322 0.5555559993
50263  -12.890  -27.863  39.209 0.7777780294
49434  -13.039  -28.463  38.763 0.7777780294
50304  -13.938  -27.776  37.903 0.7777780294
51183  -15.569  -26.873  36.487 0.8888890147
140029  -40.355  -22.655  37.197 0.1111110002
146800  -16.616  -25.913  35.516 0.8888890147
52098  -17.551  -25.397  34.762 0.8888890147
52099  -18.270  -25.362  34.475 0.8888890147
55052  -40.049  -23.087  37.782 0.1111110002
53025  -18.058  -24.200  33.854 0.8888890147
54065  -18.346  -23.535  33.498 0.8888890147
53027  -19.232  -24.582  33.767 0.7777780294
54060  -20.560  -23.484  35.026 0.7777780294
55067  -38.429  -22.802  37.145 0.2222220004
54066  -18.985  -23.436  33.051 0.8888890147
54081  -19.575  -23.228  32.834 0.8888890147
152998  -20.620  -23.396  34.120 0.7777780294
56238  -36.997  -21.871  35.091 0.3333329856
56220  -38.988  -21.855  35.843 0.3333329856
55131  -20.502  -22.672  32.679 0.8888890147
55132  -20.834  -21.957  32.365 0.7777780294
56261  -36.669  -21.659  34.391 0.3333329856
56278  -36.298  -21.490  33.617 0.3333329856
56262  -37.499  -21.500  34.507 0.3333329856
56277  -35.252  -21.604  33.407 0.3333329856
56295  -36.023  -21.286  32.777 0.3333329856
56311  -34.193  -21.358  31.519 0.4444440007
56312  -34.983  -21.245  31.694 0.4444440007
56331  -32.999  -21.363  30.713 0.5555559993
56332  -33.832  -21.219  30.809 0.5555559993
57497  -29.322  -20.811  29.358 0.8888890147
57498  -30.160  -20.968  29.199 0.8888890147
57477  -31.647  -21.271  29.853 0.8888890147
50203  -11.260  -27.217  44.908 0.1111110002
50220  -11.885  -26.965  43.556 0.1111110002
50229  -12.055  -27.087  42.751 0.4444440007
50238  -12.390  -27.418  40.848 0.4444440007
150896  -13.026  -26.176  41.040 0.3333329856
50248  -12.998  -26.764  40.408 0.4444440007
51132  -13.504  -26.354  39.706 0.3333329856
50284  -13.399  -27.595  38.610 0.7777780294
52039  -13.763  -25.697  39.863 0.4444440007
51161  -13.900  -26.996  38.098 0.7777780294
51162  -14.410  -26.634  37.587 0.7777780294
134943  -15.424  -26.045  36.499 0.7777780294
52078  -16.277  -25.387  35.689 0.8888890147
52998  -16.538  -24.569  35.424 0.8888890147
54058  -17.009  -23.847  34.903 0.7777780294
55118  -18.064  -22.830  33.615 0.8888890147
55082  -40.136  -22.245  36.563 0.1111110002
55119  -18.504  -22.314  33.095 0.8888890147
56284  -18.920  -21.891  32.588 0.8888890147
55121  -21.045  -22.264  33.207 0.6666669846
56239  -37.811  -21.722  35.190 0.3333329856
56221  -39.782  -21.751  35.933 0.2222220004
57441  -18.985  -21.139  32.395 0.8888890147
56285  -19.686  -21.769  32.132 0.8888890147
56286  -20.493  -21.577  31.906 0.8888890147
57443  -21.503  -20.482  32.322 0.8888890147
58524  -21.861  -19.451  32.423 0.6666669846
59403  -22.381  -18.434  32.412 0.7777780294
56263  -38.294  -21.303  34.632 0.2222220004
58523  -21.522  -19.888  31.668 0.8888890147
58538  -21.771  -19.110  31.487 0.8888890147
59418  -22.981  -17.615  31.858 0.6666669846
57434  -36.893  -21.093  33.025 0.2222220004
56280  -37.992  -21.092  33.955 0.2222220004
60368  -23.685  -17.028  31.172 0.8888890147
60370  -25.701  -17.291  31.556 0.8888890147
61344  -24.256  -16.052  29.932 0.8888890147
61345  -25.191  -16.383  30.090 0.8888890147
137077  -26.484  -17.192  29.421 0.7777780294
60417  -27.135  -17.373  28.725 0.8888890147
60418  -27.783  -17.579  28.486 0.8888890147
58578  -28.449  -19.316  28.733 0.8888890147
58564  -28.821  -20.155  28.922 0.8888890147
57499  -31.089  -20.865  29.202 0.8888890147
138904  -32.557  -21.186  29.957 0.7777780294
60419  -28.482  -17.840  28.496 0.8888890147
59449  -28.843  -18.720  28.524 0.8888890147
58579  -29.205  -19.581  28.590 0.8888890147
139046  -30.026  -19.692  28.525 0.8888890147
57518  -30.513  -20.353  28.748 0.8888890147
51092  -11.954  -26.328  43.752 0.1111110002
51144  -14.161  -26.154  38.303 0.6666669846
52040  -14.076  -25.192  39.505 0.3333329856
154746  -14.457  -25.624  38.167 0.5555559993
52047  -14.726  -25.047  38.027 0.4444440007
52053  -14.608  -25.854  37.666 0.6666669846
52984  -15.651  -24.666  36.598 0.7777780294
144027  -16.558  -23.789  35.622 0.7777780294
54044  -16.852  -23.158  35.475 0.7777780294
55108  -17.577  -22.571  34.370 0.7777780294
56270  -17.986  -22.007  33.807 0.7777780294
57429  -18.439  -21.386  33.215 0.7777780294
134145  -18.614  -20.374  33.022 0.8888890147
56241  -39.382  -21.392  35.306 0.2222220004
56243  -41.157  -21.222  35.625 0.1111110002
147170  -19.076  -20.392  32.204 0.8888890147
58522  -19.502  -19.926  31.582 0.8888890147
56305  -20.666  -20.855  31.523 0.8888890147
57457  -21.146  -20.437  31.490 0.8888890147
56264  -38.972  -21.144  34.796 0.2222220004
57399  -40.825  -20.759  34.951 0.2222220004
58535  -20.256  -19.724  30.996 0.8888890147
59416  -20.231  -18.896  30.762 0.8888890147
59417  -21.408  -18.726  30.726 0.8888890147
59430  -21.820  -17.778  30.536 0.8888890147
60367  -22.654  -17.385  30.845 0.8888890147
150977  -38.336  -20.662  33.503 0.2222220004
134199  -23.770  -16.532  30.414 0.8888890147
60392  -24.509  -16.627  30.704 0.8888890147
134604  -28.505  -15.049  30.003 0.6666669846
133748  -29.365  -15.957  31.674 0.3333329856
61348  -30.132  -17.098  30.679 0.3333329856
60395  -30.661  -17.485  30.117 0.4444440007
57445  -35.797  -21.053  31.963 0.3333329856
57435  -37.687  -20.865  33.272 0.2222220004
62343  -25.777  -15.262  29.165 0.7777780294
136945  -26.466  -15.768  28.890 0.7777780294
62346  -28.263  -15.443  29.053 0.7777780294
61347  -29.509  -16.480  30.120 0.3333329856
60406  -29.713  -17.569  28.965 0.6666669846
60407  -30.463  -17.725  29.253 0.6666669846
58581  -31.556  -19.522  28.365 0.8888890147
58565  -32.949  -20.186  28.901 0.8888890147
57460  -34.672  -21.048  30.937 0.5555559993
57446  -36.624  -20.823  32.253 0.4444440007
57447  -37.430  -20.573  32.551 0.2222220004
154406  -25.019  -15.055  29.391 0.8888890147
62367  -27.888  -16.032  28.609 0.7777780294
61363  -28.637  -16.358  28.887 0.8888890147
147195  -29.337  -16.865  29.273 0.7777780294
60421  -30.219  -18.342  28.641 0.8888890147
58580  -30.812  -19.643  28.486 0.8888890147
57500  -32.108  -20.719  29.193 0.8888890147
57501  -33.672  -20.512  29.585 0.8888890147
57480  -35.111  -20.425  30.360 0.5555559993
57462  -36.334  -20.522  31.483 0.4444440007
61379  -28.897  -17.287  28.711 0.8888890147
59450  -29.664  -18.936  28.497 0.8888890147
54032  -15.995  -23.026  37.204 0.5555559993
56212  -16.613  -21.529  37.045 0.4444440007
55073  -16.488  -22.435  36.717 0.5555559993
55088  -16.800  -22.633  35.981 0.6666669846
55089  -17.200  -22.353  35.276 0.6666669846
62242  -29.570  -15.414  36.844 0.1111110002
132344  -17.821  -20.930  34.868 0.7777780294
58494  -18.287  -19.569  34.737 0.7777780294
62256  -29.693  -15.634  35.957 0.1111110002
151325  -18.127  -20.597  34.340 0.7777780294
154199  -18.297  -20.702  33.739 0.7777780294
64248  -26.911  -14.023  34.057 0.4444440007
63279  -27.723  -14.204  33.882 0.3333329856
138064  -28.488  -14.749  34.018 0.2222220004
63281  -28.781  -15.036  34.833 0.2222220004
62267  -29.921  -16.186  34.591 0.1111110002
57383  -42.008  -21.087  35.898 0.1111110002
58521  -18.923  -19.627  32.453 0.8888890147
62280  -29.220  -15.526  34.106 0.2222220004
57436  -39.754  -20.151  33.786 0.2222220004
60365  -19.624  -18.220  31.408 0.8888890147
147113  -20.277  -18.143  30.709 0.8888890147
60389  -21.461  -17.265  30.227 0.8888890147
61341  -21.769  -16.401  30.130 0.8888890147
61342  -22.545  -16.153  29.998 0.8888890147
149651  -27.677  -13.955  33.059 0.4444440007
64280  -27.994  -14.045  32.364 0.4444440007
151191  -28.964  -15.352  32.669 0.4444440007
60397  -32.260  -17.293  29.517 0.2222220004
57449  -38.916  -20.234  33.311 0.2222220004
60391  -23.039  -16.714  30.362 0.8888890147
62307  -28.464  -14.617  31.008 0.5555559993
63305  -28.901  -15.225  31.867 0.4444440007
60408  -31.276  -17.695  29.386 0.5555559993
58527  -37.940  -19.952  32.147 0.2222220004
57448  -38.212  -20.363  32.865 0.2222220004
62328  -23.714  -15.446  29.696 0.8888890147
63342  -24.601  -14.431  29.480 0.7777780294
63345  -27.198  -14.274  29.331 0.7777780294
63329  -27.691  -14.083  29.905 0.7777780294
60423  -31.780  -17.688  28.284 0.6666669846
59452  -31.735  -18.682  28.110 0.7777780294
58582  -32.383  -19.506  28.253 0.8888890147
58566  -33.940  -19.927  29.090 0.8888890147
58541  -36.816  -19.912  31.037 0.2222220004
57463  -37.144  -20.249  31.797 0.4444440007
63343  -25.371  -14.416  29.341 0.7777780294
58583  -33.359  -19.495  28.365 0.7777780294
57503  -35.072  -19.929  29.762 0.5555559993
57481  -36.005  -20.194  30.721 0.5555559993
55059  -15.514  -22.720  37.892 0.4444440007
57375  -16.929  -20.607  37.101 0.4444440007
56231  -17.440  -21.419  35.508 0.5555559993
58473  -18.079  -19.629  35.475 0.5555559993
63266  -27.837  -14.663  35.448 0.1111110002
63252  -28.385  -14.984  36.112 0.1111110002
57392  -17.720  -20.483  35.716 0.6666669846
58474  -18.369  -18.914  35.074 0.6666669846
63267  -28.417  -14.851  35.360 0.2222220004
63280  -28.124  -14.555  34.732 0.2222220004
58502  -41.358  -19.676  33.960 0.1111110002
59388  -18.779  -18.551  33.605 0.7777780294
60346  -19.048  -17.995  32.992 0.8888890147
64263  -26.528  -13.756  33.487 0.4444440007
57418  -40.613  -20.239  34.281 0.2222220004
57419  -41.500  -20.252  34.615 0.1111110002
60347  -19.355  -17.584  32.316 0.8888890147
141642  -19.700  -17.322  31.720 0.8888890147
61340  -21.048  -16.637  30.299 0.8888890147
64264  -27.146  -13.764  33.292 0.4444440007
64279  -27.305  -13.570  32.509 0.6666669846
64290  -27.522  -13.601  31.666 0.4444440007
62325  -21.351  -15.750  30.411 0.8888890147
62326  -22.095  -15.501  30.089 0.8888890147
134732  -26.987  -13.316  30.916 0.6666669846
61365  -33.187  -16.714  29.426 0.4444440007
58528  -38.865  -19.725  32.508 0.2222220004
58515  -40.160  -19.583  33.225 0.1111110002
62327  -22.957  -15.231  29.811 0.8888890147
62341  -23.752  -14.557  29.646 0.7777780294
64322  -24.982  -13.605  29.621 0.7777780294
64324  -26.656  -13.745  29.605 0.7777780294
64311  -27.178  -13.638  30.053 0.7777780294
59464  -32.334  -18.089  27.526 0.6666669846
59453  -32.686  -18.874  27.760 0.7777780294
58553  -36.463  -19.560  30.314 0.5555559993
58542  -37.622  -19.619  31.364 0.4444440007
58543  -38.455  -19.361  31.677 0.2222220004
58584  -34.442  -19.326  28.630 0.8888890147
58568  -35.361  -19.407  29.317 0.7777780294
58554  -37.269  -19.271  30.587 0.5555559993
59454  -33.718  -18.930  27.825 0.8888890147
59455  -35.317  -18.823  28.558 0.8888890147
147281  -17.536  -18.386  37.527 0.3333329856
142286  -17.613  -19.057  36.922 0.5555559993
59356  -17.924  -18.392  36.854 0.3333329856
58455  -17.729  -19.709  36.310 0.5555559993
59361  -18.079  -18.820  36.076 0.4444440007
152684  -26.206  -14.834  35.613 0.2222220004
63251  -27.524  -14.922  36.203 0.1111110002
62226  -28.364  -15.202  37.669 0.1111110002
60296  -18.545  -17.312  36.020 0.3333329856
154025  -18.774  -17.273  35.360 0.2222220004
63277  -25.609  -14.339  34.535 0.2222220004
140592  -18.689  -18.312  34.479 0.5555559993
61254  -19.047  -16.772  34.931 0.5555559993
64246  -25.282  -14.040  33.935 0.3333329856
64247  -26.105  -14.015  34.040 0.3333329856
63278  -26.392  -14.433  34.816 0.3333329856
60331  -18.976  -17.725  33.843 0.6666669846
154946  -19.567  -16.499  32.989 0.6666669846
147136  -24.939  -13.652  33.173 0.5555559993
64262  -25.825  -13.669  33.330 0.3333329856
62304  -20.087  -16.086  32.044 0.8888890147
62305  -20.551  -15.620  31.630 0.8888890147
64289  -24.385  -12.855  31.247 0.7777780294
64277  -25.547  -13.258  32.540 0.5555559993
64278  -26.490  -13.395  32.725 0.6666669846
156602  -33.323  -16.229  28.848 0.4444440007
62324  -20.765  -16.006  30.881 0.8888890147
63326  -21.683  -14.883  30.602 0.7777780294
63312  -22.117  -14.111  30.908 0.7777780294
64288  -23.518  -13.169  30.789 0.7777780294
133215  -25.112  -12.760  30.807 0.7777780294
134106  -26.775  -13.186  31.827 0.6666669846
64310  -26.395  -13.281  30.180 0.7777780294
61380  -33.103  -16.056  28.111 0.4444440007
63327  -22.387  -14.577  30.162 0.7777780294
138318  -23.049  -14.305  29.876 0.8888890147
63328  -24.231  -13.746  29.701 0.7777780294
64323  -25.918  -13.714  29.521 0.7777780294
148073  -32.617  -16.618  27.580 0.5555559993
135721  -32.273  -17.301  27.453 0.5555559993
58544  -39.271  -19.091  31.923 0.2222220004
58530  -40.516  -19.144  32.829 0.1111110002
60441  -32.813  -17.075  26.313 0.6666669846
61389  -32.580  -16.881  26.876 0.6666669846
60431  -32.813  -17.589  26.816 0.7777780294
59465  -33.144  -18.365  27.203 0.7777780294
59442  -36.102  -18.858  29.136 0.7777780294
58569  -36.116  -19.324  29.706 0.5555559993
58570  -36.857  -18.894  29.752 0.5555559993
61396  -33.110  -16.883  25.748 0.7777780294
60442  -33.411  -17.399  26.142 0.7777780294
59466  -34.226  -18.447  27.334 0.8888890147
59467  -35.207  -18.370  27.753 0.8888890147
130698  -36.764  -18.434  29.023 0.7777780294
59433  -37.765  -18.625  30.119 0.5555559993
58555  -38.095  -18.991  30.916 0.3333329856
60432  -33.761  -17.959  26.653 0.8888890147
59456  -36.179  -18.247  28.343 0.8888890147
145281  -37.480  -18.229  29.310 0.6666669846
61222  -18.301  -16.803  37.126 0.2222220004
62240  -18.674  -15.968  36.974 0.2222220004
63233  -19.254  -14.450  36.818 0.2222220004
61237  -18.596  -16.677  36.442 0.2222220004
62241  -19.093  -15.225  36.454 0.2222220004
62255  -19.301  -15.305  35.654 0.2222220004
158124  -24.571  -14.540  35.319 0.1111110002
62254  -18.945  -15.994  36.103 0.2222220004
61255  -19.168  -16.051  35.276 0.3333329856
143003  -19.653  -14.781  35.256 0.3333329856
63262  -20.402  -14.094  34.770 0.4444440007
64242  -21.599  -13.712  34.568 0.2222220004
64243  -22.368  -13.783  34.288 0.2222220004
64235  -23.917  -14.213  34.853 0.2222220004
63264  -25.423  -14.694  35.277 0.1111110002
62265  -19.524  -15.397  34.839 0.4444440007
63261  -20.014  -14.694  34.532 0.4444440007
63276  -20.666  -14.312  34.015 0.4444440007
64259  -21.828  -13.869  33.733 0.2222220004
64244  -23.323  -13.872  33.894 0.2222220004
64245  -24.378  -13.981  33.922 0.1111110002
63263  -24.851  -14.361  34.633 0.1111110002
143501  -19.547  -16.266  33.557 0.6666669846
62279  -20.115  -15.371  33.229 0.4444440007
63290  -21.286  -14.200  33.338 0.4444440007
64260  -22.541  -13.767  33.338 0.4444440007
64261  -23.200  -13.624  32.919 0.3333329856
132896  -23.994  -13.622  33.025 0.5555559993
63347  -34.439  -14.623  29.284 0.2222220004
62350  -34.716  -14.922  29.927 0.2222220004
62294  -20.352  -15.441  32.457 0.5555559993
63302  -20.904  -14.961  31.989 0.6666669846
64286  -22.017  -13.969  31.860 0.6666669846
64274  -22.654  -13.679  32.370 0.6666669846
62370  -34.043  -14.925  28.660 0.2222220004
62348  -33.751  -15.621  28.727 0.3333329856
62306  -21.036  -15.213  31.084 0.7777780294
63311  -21.483  -14.527  31.439 0.7777780294
64287  -22.733  -13.567  31.359 0.6666669846
63360  -33.648  -14.568  28.081 0.3333329856
62369  -33.438  -15.328  28.006 0.3333329856
62382  -33.008  -15.044  27.353 0.5555559993
62381  -32.393  -15.562  26.536 0.6666669846
62368  -32.746  -15.968  27.213 0.5555559993
59422  -39.805  -18.495  31.531 0.2222220004
61395  -32.595  -16.405  26.231 0.7777780294
60409  -38.015  -17.489  28.762 0.6666669846
59434  -38.599  -18.384  30.447 0.3333329856
61406  -32.797  -16.332  25.495 0.7777780294
61397  -33.919  -17.021  25.578 0.7777780294
60443  -34.373  -17.456  26.149 0.8888890147
60434  -35.779  -17.443  26.847 0.8888890147
60424  -36.706  -17.591  27.837 0.8888890147
59457  -37.111  -17.880  28.554 0.7777780294
59443  -38.310  -17.971  29.653 0.6666669846
62397  -32.757  -15.799  24.949 0.7777780294
61407  -33.425  -16.472  25.188 0.8888890147
61398  -34.817  -16.891  25.680 0.8888890147
64327  -34.717  -13.912  30.173 0.2222220004
64325  -34.087  -13.372  29.098 0.2222220004
64326  -34.486  -14.020  29.419 0.2222220004
64341  -33.638  -13.736  28.303 0.4444440007
64356  -32.084  -13.728  27.274 0.7777780294
64357  -33.006  -14.151  27.624 0.5555559993
63374  -32.268  -14.661  26.869 0.6666669846
64371  -31.460  -14.213  26.428 0.7777780294
63384  -31.847  -15.032  25.949 0.6666669846
62389  -32.395  -15.749  25.636 0.6666669846
63396  -31.968  -15.050  25.111 0.7777780294
152275  -36.433  -17.268  27.165 0.8888890147
60436  -37.037  -17.104  27.463 0.8888890147
63383  -31.340  -14.346  25.533 0.7777780294
61408  -34.317  -16.444  25.148 0.7777780294
61399  -35.648  -16.571  25.964 0.8888890147
134231  -37.602  -16.588  27.485 0.8888890147
64389  -30.936  -13.693  25.270 1.0000000000
63407  -31.492  -14.220  24.932 0.8888890147
62406  -32.539  -15.076  24.673 0.8888890147
62399  -34.709  -15.716  24.914 1.0000000000
61410  -36.340  -15.301  25.929 0.8888890147
62390  -37.056  -15.263  26.446 1.0000000000
62391  -37.752  -15.176  27.011 0.8888890147
63409  -32.881  -14.417  24.507 1.0000000000
62409  -34.978  -15.015  24.886 1.0000000000
63411  -34.694  -14.354  24.855 1.0000000000
63385  -36.793  -14.522  26.260 1.0000000000
148080  -32.151  -13.493  24.626 1.0000000000
63410  -33.830  -14.394  24.528 1.0000000000
63397  -35.446  -14.354  25.314 0.8888890147
64392  -35.911  -13.348  25.995 1.0000000000
64407  -34.336  -13.496  24.988 1.0000000000
65301  -34.035  -12.410  25.438 1.0000000000
64390  -34.730  -12.586  25.702 1.0000000000
153026  -34.468  -13.439  29.770 0.2222220004
65227  -34.260  -12.671  29.873 0.3333329856
133411  -33.491  -13.004  28.633 0.5555559993
64340  -32.805  -13.143  28.061 0.6666669846
64355  -31.069  -13.401  26.926 0.8888890147
64370  -30.712  -13.748  26.022 0.7777780294
62371  -39.000  -15.372  28.076 0.8888890147
62383  -38.529  -15.126  27.549 1.0000000000
157872  -31.253  -13.550  24.858 1.0000000000
63386  -37.568  -14.085  26.840 0.8888890147
63375  -38.211  -14.349  27.299 0.8888890147
64405  -31.380  -12.931  24.759 1.0000000000
64406  -33.405  -13.459  24.695 1.0000000000
65285  -36.302  -12.313  26.696 1.0000000000
64373  -37.696  -12.628  27.269 0.8888890147
65281  -31.066  -12.194  24.857 1.0000000000
65300  -33.148  -12.201  25.103 1.0000000000
65283  -34.683  -11.482  26.215 1.0000000000
65284  -35.461  -12.051  26.416 1.0000000000
65264  -36.354  -11.331  26.818 1.0000000000
65265  -36.982  -11.890  27.168 0.8888890147
65282  -33.987  -11.255  25.881 1.0000000000
66188  -34.682  -10.529  26.202 1.0000000000
66189  -35.496  -10.726  26.411 1.0000000000
65244  -33.006  -12.499  28.677 0.7777780294
66161  -32.838  -11.842  28.970 0.5555559993
65255  -31.745  -12.843  27.716 0.7777780294
65242  -31.415  -11.986  28.063 0.7777780294
65254  -30.782  -12.515  27.319 0.8888890147
65263  -30.394  -12.934  26.453 1.0000000000
64369  -30.432  -13.054  25.625 1.0000000000
65262  -30.049  -12.445  25.997 1.0000000000
66198  -31.678  -11.279  24.966 1.0000000000
66199  -32.486  -10.963  25.189 1.0000000000
66175  -37.213  -11.040  27.077 1.0000000000
66200  -33.276  -10.965  25.488 1.0000000000
67091  -34.627  -10.061  25.741 1.0000000000
67092  -35.159  -10.043  26.081 1.0000000000
67093  -35.738  -10.209  25.868 1.0000000000
66191  -37.375  -10.987  26.529 0.8888890147
66176  -37.893  -11.271  26.878 0.6666669846
67101  -31.508  -10.427  24.967 1.0000000000
142316  -32.268  -10.536  25.082 1.0000000000
133251  -32.999  -10.281  25.230 1.0000000000
66187  -33.825  -10.093  25.442 1.0000000000
67105  -35.110  -9.997  25.415 1.0000000000
66202  -36.418  -10.675  25.364 1.0000000000
66203  -37.183  -11.064  25.727 1.0000000000
66201  -35.669  -10.424  24.865 1.0000000000
66149  -32.770  -10.983  29.042 0.3333329856
66160  -32.133  -11.460  28.557 0.5555559993
66159  -31.347  -11.045  28.129 0.6666669846
67068  -32.132  -10.548  28.560 0.5555559993
66168  -30.606  -11.567  27.483 0.8888890147
67067  -31.438  -10.071  28.069 0.5555559993
65253  -30.134  -12.073  26.687 1.0000000000
66167  -30.019  -11.043  26.630 0.8888890147
66174  -29.894  -11.678  25.967 0.8888890147
66185  -30.220  -11.176  25.543 1.0000000000
67089  -30.143  -10.250  25.654 0.8888890147
66186  -30.819  -11.342  25.047 1.0000000000
67090  -30.638  -10.513  25.147 0.8888890147
67966  -30.573  -9.808  25.134 1.0000000000
67977  -31.055  -9.873  24.881 0.7777780294
65287  -38.427  -11.872  26.419 0.5555559993
67978  -31.817  -9.444  24.549 1.0000000000
67979  -32.545  -9.466  24.315 1.0000000000
67114  -33.612  -9.819  23.569 1.0000000000
67104  -34.243  -9.946  24.762 1.0000000000
67116  -34.927  -10.398  24.214 1.0000000000
65286  -37.875  -11.505  25.987 0.7777780294
65288  -39.023  -12.331  26.683 0.4444440007
67991  -32.931  -9.349  23.641 0.8888890147
66214  -35.562  -11.117  23.549 1.0000000000
65302  -36.932  -11.643  24.555 0.8888890147
64408  -38.005  -12.763  24.297 0.7777780294
64409  -38.285  -12.652  25.136 0.5555559993
64410  -39.059  -13.294  24.740 0.4444440007
64395  -40.414  -13.704  25.529 0.3333329856
67115  -34.291  -10.361  23.292 1.0000000000
66213  -34.981  -10.961  22.878 1.0000000000
65316  -37.489  -12.439  23.903 0.7777780294
65318  -39.058  -12.970  23.929 0.6666669846
65304  -39.670  -13.014  24.213 0.4444440007
64412  -41.074  -13.085  24.884 0.3333329856
65315  -36.833  -11.953  23.481 0.8888890147
65331  -37.572  -12.128  22.983 0.7777780294
65317  -38.330  -12.655  23.643 0.7777780294
144048  -39.089  -12.420  23.479 0.5555559993
65305  -40.469  -12.522  24.192 0.4444440007
67945  -32.251  -9.618  28.460 0.3333329856
67951  -30.822  -9.547  27.433 0.5555559993
67944  -31.644  -9.115  27.954 0.5555559993
67075  -30.170  -10.022  26.736 0.5555559993
147637  -29.888  -10.924  25.927 0.8888890147
67081  -29.890  -10.378  26.162 0.7777780294
67958  -30.016  -9.613  26.059 0.6666669846
136523  -30.212  -8.834  25.951 0.6666669846
67965  -30.383  -9.182  25.424 0.7777780294
68884  -30.687  -8.339  24.833 0.7777780294
68886  -31.729  -8.709  24.096 0.8888890147
68897  -32.245  -8.346  23.448 0.8888890147
68898  -32.809  -8.746  23.038 0.8888890147
68006  -33.495  -9.274  22.646 1.0000000000
68909  -32.777  -7.906  22.904 0.8888890147
154387  -35.657  -11.296  22.698 1.0000000000
68910  -33.442  -8.286  22.511 1.0000000000
68007  -34.319  -9.592  22.100 1.0000000000
68024  -34.897  -9.817  21.750 1.0000000000
66229  -35.468  -10.924  22.150 1.0000000000
66231  -37.156  -11.445  22.341 1.0000000000
66217  -39.623  -11.765  23.319 0.6666669846
67146  -35.402  -10.266  21.726 1.0000000000
146653  -36.278  -11.336  22.295 1.0000000000
66245  -36.820  -10.899  21.903 1.0000000000
67133  -38.255  -10.687  22.061 1.0000000000
130714  -38.840  -10.929  22.398 0.7777780294
67932  -32.924  -9.172  28.877 0.2222220004
68852  -32.407  -8.700  28.383 0.4444440007
68838  -32.983  -8.411  28.793 0.4444440007
68851  -31.853  -8.156  27.877 0.4444440007
68862  -31.079  -8.589  27.385 0.4444440007
69740  -32.011  -7.159  27.779 0.4444440007
67950  -30.406  -8.977  26.659 0.5555559993
68869  -30.430  -8.141  26.229 0.5555559993
69749  -30.912  -7.306  26.530 0.5555559993
68876  -30.425  -8.242  25.512 0.5555559993
70750  -30.870  -6.762  25.921 0.5555559993
69768  -30.637  -7.540  24.995 0.5555559993
142902  -30.982  -6.984  24.620 0.5555559993
68896  -31.658  -8.017  23.821 0.6666669846
69780  -31.684  -7.381  23.795 0.6666669846
148835  -32.636  -6.419  23.649 0.5555559993
69781  -32.201  -7.573  23.382 0.6666669846
69782  -32.895  -6.984  23.123 0.6666669846
69794  -33.449  -7.471  22.671 0.5555559993
68911  -34.161  -8.667  22.069 1.0000000000
68925  -35.680  -8.575  21.327 1.0000000000
157950  -35.951  -9.955  21.494 1.0000000000
138607  -37.059  -10.052  21.498 1.0000000000
67148  -38.021  -10.176  21.643 1.0000000000
67134  -39.530  -10.368  22.315 1.0000000000
68028  -38.553  -9.625  21.386 1.0000000000
68029  -39.451  -9.632  21.652 1.0000000000
134527  -33.063  -7.049  28.804 0.3333329856
70738  -32.149  -6.133  27.610 0.4444440007
158026  -33.392  -5.296  29.285 0.2222220004
71764  -32.722  -5.505  28.109 0.3333329856
71751  -33.676  -4.702  29.454 0.2222220004
70751  -31.315  -6.359  26.402 0.5555559993
71777  -31.879  -5.830  26.902 0.3333329856
72822  -33.572  -4.140  28.117 0.3333329856
70764  -31.275  -6.134  25.627 0.5555559993
72850  -33.477  -4.555  26.869 0.3333329856
70784  -31.437  -6.255  24.727 0.5555559993
148858  -32.154  -5.747  24.569 0.5555559993
72866  -33.589  -4.940  26.044 0.3333329856
71834  -32.836  -5.878  24.154 0.5555559993
71835  -33.325  -5.603  24.606 0.3333329856
71850  -33.713  -5.943  24.130 0.5555559993
70834  -33.967  -6.828  22.867 0.5555559993
154760  -34.608  -7.004  22.505 0.7777780294
69811  -34.917  -8.103  21.764 1.0000000000
149478  -35.555  -7.723  21.536 1.0000000000
136870  -36.359  -9.361  21.256 1.0000000000
68027  -37.831  -9.568  21.252 1.0000000000
144370  -37.240  -8.226  20.704 1.0000000000
132737  -37.312  -8.999  20.937 1.0000000000
155797  -38.962  -9.097  21.060 1.0000000000
68938  -38.884  -8.292  20.628 1.0000000000
137011  -39.660  -8.790  21.086 1.0000000000
72796  -37.741  -4.183  30.957 0.1111110002
71727  -38.573  -4.760  31.085 0.1111110002
135507  -39.264  -5.121  31.474 0.1111110002
72806  -33.915  -3.976  28.783 0.3333329856
72808  -35.145  -3.668  29.790 0.2222220004
72809  -36.515  -4.065  29.564 0.1111110002
72810  -37.316  -4.305  30.096 0.1111110002
151307  -38.043  -4.734  30.420 0.1111110002
71738  -38.607  -5.421  30.255 0.1111110002
72824  -34.816  -3.705  28.819 0.3333329856
154895  -35.516  -4.021  28.539 0.2222220004
150909  -36.266  -4.378  28.762 0.1111110002
72826  -37.169  -4.942  29.080 0.1111110002
72837  -34.067  -4.239  27.443 0.3333329856
72852  -34.704  -4.752  27.043 0.2222220004
72839  -35.872  -4.701  28.025 0.2222220004
71793  -34.506  -5.180  26.226 0.2222220004
71794  -35.413  -5.519  26.521 0.2222220004
71812  -34.214  -5.429  25.443 0.2222220004
155205  -34.611  -5.884  24.955 0.2222220004
71814  -35.976  -6.461  25.182 0.2222220004
71836  -34.498  -6.082  24.296 0.3333329856
70808  -34.283  -6.351  23.557 0.4444440007
70786  -35.182  -6.410  23.785 0.3333329856
70835  -34.986  -6.665  22.876 0.4444440007
70836  -35.863  -6.711  22.522 0.7777780294
69797  -35.930  -7.112  21.661 0.8888890147
70857  -36.526  -7.130  21.106 0.8888890147
69812  -36.152  -7.798  21.140 1.0000000000
69813  -36.851  -7.746  20.774 1.0000000000
68937  -37.926  -8.271  20.614 1.0000000000
69826  -37.550  -7.607  20.556 1.0000000000
69827  -38.339  -7.497  20.399 0.8888890147
69828  -39.206  -7.354  20.353 0.8888890147
68940  -40.687  -7.585  20.750 1.0000000000
69829  -40.025  -7.125  20.395 0.8888890147
157962  -41.567  -7.114  20.971 0.7777780294
71753  -38.609  -5.986  29.474 0.2222220004
71766  -36.694  -5.274  28.221 0.2222220004
157014  -37.398  -5.738  28.387 0.2222220004
71767  -38.000  -6.302  28.121 0.2222220004
71780  -36.330  -5.605  27.372 0.2222220004
71781  -37.274  -6.137  27.532 0.2222220004
71795  -36.268  -6.066  26.564 0.2222220004
71796  -36.862  -6.255  26.857 0.2222220004
70787  -36.124  -6.654  24.179 0.3333329856
153562  -36.533  -6.620  23.277 0.5555559993
139747  -37.134  -7.147  20.710 0.8888890147
70872  -37.779  -6.764  20.464 0.8888890147
70873  -38.659  -6.693  20.225 0.8888890147
70874  -39.463  -6.584  20.174 0.8888890147
70875  -40.632  -6.091  20.215 0.8888890147
70877  -42.088  -6.410  20.965 0.8888890147
70876  -41.417  -6.282  20.547 0.8888890147
71878  -42.115  -5.659  20.726 0.8888890147
152632  -36.690  -6.577  25.762 0.2222220004
70752  -37.650  -6.745  26.285 0.2222220004
141628  -37.438  -6.998  25.051 0.3333329856
70766  -38.171  -7.185  25.202 0.3333329856
70765  -36.699  -6.794  24.861 0.3333329856
70788  -37.124  -6.847  24.176 0.3333329856
70789  -38.147  -7.036  24.332 0.4444440007
131534  -38.909  -7.091  24.091 0.3333329856
70837  -36.529  -6.498  22.126 0.4444440007
70810  -37.456  -6.499  23.382 0.4444440007
70838  -37.244  -6.060  22.278 0.4444440007
70858  -37.003  -6.418  21.077 0.7777780294
141809  -38.260  -6.072  20.317 0.7777780294
139572  -38.963  -5.931  20.062 0.8888890147
71875  -39.409  -5.148  20.059 0.8888890147
72907  -42.534  -4.910  20.864 0.8888890147
141219  -40.915  -4.977  20.096 0.8888890147
136022  -41.692  -4.839  20.428 0.8888890147
141722  -40.277  -3.931  20.162 0.8888890147
72916  -40.990  -4.339  20.170 0.8888890147
70811  -38.475  -6.709  23.676 0.4444440007
70839  -37.990  -6.280  23.138 0.3333329856
71862  -37.960  -5.719  22.753 0.6666669846
131988  -37.352  -5.786  21.366 0.7777780294
71868  -37.623  -5.137  21.084 0.7777780294
71874  -37.671  -5.883  20.717 0.7777780294
137864  -38.359  -5.164  20.429 0.8888890147
154128  -42.889  -4.226  21.124 0.8888890147
155643  -38.899  -4.685  20.223 0.8888890147
72914  -39.393  -4.243  20.170 0.8888890147
73897  -41.041  -3.545  20.340 0.8888890147
158366  -42.267  -4.344  20.720 0.8888890147
73896  -40.338  -3.161  20.366 0.8888890147
74901  -40.405  -2.191  20.574 0.8888890147
76846  -39.594  -0.404  20.607 0.8888890147
77851  -39.337  0.491  20.732 0.8888890147
134456  -40.118  0.166  20.495 0.8888890147
77852  -40.265  0.940  20.363 0.8888890147
78812  -41.941  1.452  19.421 0.8888890147
77861  -42.890  0.326  18.958 0.8888890147
71861  -37.525  -5.310  21.937 0.7777780294
72906  -37.897  -4.334  20.916 0.8888890147
72901  -37.614  -4.496  21.670 0.7777780294
72913  -38.534  -4.204  20.492 0.8888890147
73880  -37.999  -3.314  20.902 0.8888890147
73894  -38.902  -3.476  20.420 0.8888890147
73895  -39.683  -3.545  20.272 0.8888890147
74900  -39.535  -2.845  20.427 0.8888890147
74899  -38.599  -2.658  20.631 0.8888890147
143948  -38.323  -1.821  20.788 0.8888890147
143014  -39.285  -1.984  20.564 0.8888890147
75835  -38.036  -0.954  20.979 0.8888890147
75846  -38.931  -1.101  20.655 0.8888890147
76845  -38.655  -0.266  20.833 0.8888890147
77850  -38.493  0.401  21.095 0.8888890147
133681  -39.584  1.294  20.764 0.8888890147
78801  -40.189  1.814  20.594 0.8888890147
78802  -40.864  1.607  20.061 0.8888890147
79715  -41.589  2.111  19.842 0.8888890147
78813  -42.778  1.421  19.035 0.8888890147
78822  -43.732  0.975  18.654 0.8888890147
76867  -43.689  -0.128  18.740 0.8888890147
77866  -44.544  0.384  18.510 0.7777780294
75860  -44.334  -1.351  19.114 0.6666669846
75861  -45.141  -1.832  19.221 0.6666669846
76868  -44.529  -0.726  18.660 0.6666669846
72902  -37.992  -4.738  22.579 0.5555559993
73856  -38.246  -3.732  22.885 0.5555559993
141275  -37.692  -3.809  22.195 0.5555559993
73867  -37.678  -3.797  21.451 0.6666669846
153439  -37.569  -3.147  21.751 0.6666669846
74887  -37.695  -2.613  21.369 0.6666669846
135359  -37.699  -1.800  21.376 0.8888890147
76836  -37.964  -0.137  21.315 0.8888890147
77847  -38.089  0.594  21.656 0.7777780294
77848  -38.802  1.173  21.239 0.8888890147
78800  -39.482  1.887  21.178 0.8888890147
151971  -40.310  2.523  21.255 0.8888890147
80515  -40.964  3.145  21.836 0.8888890147
79695  -41.214  2.986  20.996 0.8888890147
79702  -41.611  2.709  20.403 0.8888890147
80527  -42.039  3.213  20.824 0.8888890147
79716  -43.174  2.442  19.507 0.8888890147
75869  -44.968  -1.461  18.824 0.6666669846
73868  -37.791  -2.984  22.513 0.5555559993
74874  -37.853  -2.058  22.853 0.5555559993
74873  -37.489  -2.382  22.040 0.7777780294
75808  -38.256  -1.334  23.393 0.5555559993
75820  -37.485  -1.636  22.181 0.7777780294
75821  -37.675  -1.129  22.720 0.5555559993
76815  -38.126  0.007  23.295 0.4444440007
75834  -37.542  -0.808  21.795 0.7777780294
77845  -37.947  0.589  22.523 0.6666669846
79686  -39.575  2.194  23.261 0.6666669846
78797  -38.390  1.298  22.055 0.7777780294
79694  -40.216  2.741  22.200 0.7777780294
80507  -40.821  3.204  22.686 0.4444440007
81336  -42.472  4.089  23.776 0.5555559993
80508  -41.656  3.657  22.409 0.5555559993
81347  -42.471  4.133  22.495 0.5555559993
81360  -42.868  4.141  21.868 0.5555559993
80528  -42.846  3.400  20.705 0.7777780294
80518  -43.271  3.949  21.245 0.5555559993
80546  -43.944  3.068  19.964 0.8888890147
79717  -44.148  2.416  19.402 0.8888890147
77867  -45.396  0.055  18.375 0.7777780294
76869  -45.468  -0.928  18.494 0.7777780294
75870  -45.703  -1.772  18.748 0.6666669846
74846  -41.160  -3.307  24.456 0.3333329856
73857  -39.130  -3.482  23.497 0.5555559993
146354  -39.192  -2.689  23.710 0.4444440007
74858  -38.415  -2.831  23.200 0.5555559993
141533  -37.992  -0.666  23.210 0.5555559993
77839  -39.100  0.726  24.073 0.4444440007
144113  -39.514  1.274  24.219 0.4444440007
77843  -38.483  0.732  23.394 0.4444440007
79683  -40.199  2.500  23.766 0.3333329856
80493  -41.584  2.957  24.809 0.1111110002
156908  -43.025  3.434  25.577 0.1111110002
80501  -40.762  3.062  23.492 0.4444440007
140995  -41.367  3.359  23.986 0.2222220004
80494  -42.535  3.393  25.162 0.2222220004
81337  -43.290  4.443  23.877 0.4444440007
81325  -43.748  4.298  24.773 0.4444440007
132863  -42.835  4.438  23.130 0.5555559993
82251  -43.743  4.815  23.071 0.5555559993
81349  -43.857  4.795  22.309 0.5555559993
81362  -44.331  4.785  21.839 0.5555559993
80529  -43.669  3.571  20.626 0.5555559993
80530  -44.552  3.609  20.494 0.5555559993
78823  -45.334  0.998  18.497 0.8888890147
142378  -44.853  2.308  19.269 0.8888890147
76870  -46.224  -1.060  18.374 0.6666669846
74918  -46.212  -2.242  18.904 0.6666669846
75871  -46.670  -1.675  18.482 0.6666669846
74912  -46.628  -2.484  19.246 0.6666669846
74825  -43.125  -2.865  27.014 0.1111110002
74834  -42.069  -2.299  25.842 0.1111110002
73858  -40.055  -3.068  23.996 0.4444440007
74833  -41.366  -2.354  25.119 0.3333329856
74832  -40.589  -2.305  24.549 0.1111110002
75774  -41.499  -1.467  25.595 0.1111110002
75791  -40.264  -1.449  24.661 0.1111110002
153746  -40.915  -1.707  25.003 0.1111110002
74859  -39.623  -2.011  24.122 0.4444440007
76803  -40.105  -0.622  24.765 0.2222220004
138651  -38.704  -2.064  23.567 0.4444440007
75809  -38.959  -1.423  23.870 0.4444440007
76802  -39.388  -0.091  24.389 0.4444440007
76786  -40.576  -0.202  25.228 0.2222220004
140690  -40.371  0.418  25.125 0.3333329856
76816  -38.686  -0.627  23.794 0.4444440007
77840  -39.831  0.707  24.662 0.4444440007
78785  -41.151  1.406  25.590 0.2222220004
79673  -42.650  2.289  26.234 0.2222220004
79674  -43.333  2.663  26.616 0.2222220004
80491  -43.780  3.297  26.713 0.1111110002
81307  -44.466  4.185  27.357 0.1111110002
81308  -44.928  4.922  27.686 0.1111110002
78790  -40.063  1.493  24.629 0.3333329856
78784  -40.664  1.811  25.056 0.2222220004
79680  -42.146  2.655  25.593 0.1111110002
80489  -42.858  3.013  25.879 0.1111110002
150147  -44.085  3.842  26.832 0.1111110002
81312  -44.444  4.392  26.416 0.2222220004
81313  -44.876  4.943  26.797 0.1111110002
82218  -45.627  5.146  26.241 0.1111110002
80490  -43.424  3.485  25.983 0.1111110002
81315  -43.753  4.024  25.551 0.1111110002
81316  -44.365  4.424  25.503 0.3333329856
81317  -45.012  4.785  25.894 0.2222220004
81327  -45.122  4.721  25.030 0.2222220004
81326  -44.508  4.603  24.681 0.4444440007
81338  -44.174  4.690  23.970 0.4444440007
82263  -44.495  5.010  22.523 0.5555559993
79718  -45.591  2.493  19.422 0.8888890147
80548  -45.718  3.074  19.940 0.7777780294
80531  -45.448  3.598  20.378 0.5555559993
81375  -44.188  4.222  21.178 0.6666669846
158416  -45.967  1.635  18.760 0.8888890147
78815  -45.219  1.811  18.867 0.8888890147
80547  -44.906  2.922  19.872 0.8888890147
78824  -46.299  0.835  18.390 0.7777780294
77868  -46.258  -0.212  18.268 0.7777780294
76871  -47.118  -0.605  18.144 0.6666669846
74919  -47.236  -2.310  18.740 0.6666669846
74913  -47.439  -2.738  19.493 0.5555559993
74826  -43.728  -2.553  27.540 0.1111110002
140564  -42.766  -2.103  26.604 0.1111110002
75756  -43.832  -1.749  27.481 0.1111110002
75766  -43.299  -1.452  27.075 0.1111110002
75764  -41.991  -0.827  26.161 0.1111110002
75773  -40.771  -0.991  25.158 0.1111110002
76773  -41.822  0.066  26.184 0.1111110002
76787  -41.256  -0.501  25.677 0.1111110002
77827  -42.506  0.597  26.583 0.1111110002
78781  -43.127  1.125  26.947 0.1111110002
78775  -44.191  1.149  27.780 0.1111110002
77834  -41.016  0.462  25.633 0.1111110002
77826  -41.791  0.980  26.118 0.2222220004
78774  -43.632  1.764  27.273 0.1111110002
79669  -44.154  2.039  27.717 0.1111110002
80478  -44.693  3.327  28.100 0.1111110002
78779  -41.918  1.852  25.926 0.2222220004
79675  -43.812  2.590  27.166 0.1111110002
80486  -44.205  3.095  27.430 0.1111110002
157280  -44.849  4.177  28.114 0.1111110002
81299  -45.327  4.721  28.503 0.1111110002
82201  -45.690  5.620  28.583 0.1111110002
82200  -45.331  5.461  27.986 0.1111110002
144857  -46.419  4.919  25.046 0.1111110002
82230  -46.530  5.086  25.763 0.1111110002
82274  -46.041  5.212  22.040 0.4444440007
82264  -45.360  5.197  22.792 0.3333329856
82253  -45.894  5.106  23.630 0.3333329856
82240  -45.843  4.900  24.593 0.3333329856
81377  -45.983  4.218  20.802 0.5555559993
81363  -45.589  4.742  21.401 0.5555559993
82273  -45.091  5.056  21.968 0.5555559993
153566  -46.201  2.868  19.714 0.8888890147
79719  -46.363  2.317  19.215 0.8888890147
74914  -48.157  -2.705  18.903 0.5555559993
75755  -43.860  -0.975  27.406 0.1111110002
76764  -44.438  -0.577  27.869 0.1111110002
76775  -43.251  -0.626  27.013 0.1111110002
76765  -45.015  -0.589  28.314 0.1111110002
76774  -42.571  -0.289  26.620 0.1111110002
76763  -43.828  -0.149  27.412 0.1111110002
77820  -44.295  0.329  27.809 0.1111110002
77819  -43.737  0.742  27.406 0.1111110002
139791  -44.672  1.422  28.172 0.1111110002
79662  -45.165  2.602  28.543 0.1111110002
79670  -44.651  2.326  28.153 0.1111110002
80479  -45.366  3.487  28.725 0.1111110002
151022  -46.305  5.168  29.713 0.1111110002
81300  -45.843  4.974  29.192 0.1111110002
82191  -46.101  5.817  29.265 0.1111110002
82219  -46.210  5.431  26.503 0.1111110002
134102  -46.388  5.840  27.154 0.1111110002
79731  -46.794  1.712  18.712 0.8888890147
77869  -47.082  0.367  18.164 0.7777780294
81290  -46.415  4.135  29.736 0.1111110002
77875  -47.704  0.132  17.885 0.7777780294
38255  -5.373  -40.974  49.077 0.3333329856
40200  -7.641  -39.093  47.825 0.5555559993
38252  -2.720  -40.646  49.249 0.2222220004
38241  -3.119  -40.627  49.530 0.4444440007
39256  -2.805  -39.731  49.572 0.3333329856
38253  -3.605  -40.346  49.469 0.5555559993
39263  -3.585  -39.414  49.505 0.5555559993
43794  -11.466  -34.773  44.987 0.4444440007
42903  -8.711  -35.288  44.479 0.7777780294
43811  -11.230  -34.182  43.610 0.7777780294
44736  -12.968  -34.053  45.184 0.4444440007
44759  -12.516  -33.681  43.343 0.6666669846
44747  -13.502  -33.606  44.593 0.4444440007
140164  -1.860  -37.982  49.051 0.1111110002
39279  -2.063  -39.041  47.568 0.1111110002
152088  -1.931  -37.546  49.637 0.2222220004
140831  -2.417  -38.160  49.994 0.2222220004
155847  -4.188  -38.445  49.124 0.6666669846
41103  -2.072  -37.664  47.083 0.1111110002
42004  -1.918  -36.829  47.279 0.1111110002
45697  -14.692  -32.699  43.722 0.6666669846
44770  -13.059  -33.252  42.797 0.6666669846
44768  -11.284  -33.352  42.452 0.7777780294
45707  -14.307  -32.620  42.365 0.6666669846
41987  -1.959  -36.240  49.816 0.2222220004
41980  -2.724  -36.726  50.500 0.2222220004
40186  -3.820  -37.807  49.842 0.7777780294
42005  -2.406  -37.018  46.457 0.1111110002
43783  -5.894  -34.982  46.514 0.8888890147
43791  -6.327  -34.933  45.709 0.8888890147
43800  -7.437  -34.423  44.461 0.8888890147
44744  -7.901  -33.810  43.896 0.8888890147
43809  -9.542  -34.218  43.484 0.7777780294
45703  -10.860  -32.745  41.952 0.7777780294
45716  -12.307  -32.518  41.345 0.7777780294
46665  -13.770  -32.172  40.911 0.7777780294
147307  -15.700  -31.654  42.113 0.5555559993
41981  -3.147  -36.712  50.672 0.3333329856
44723  -6.265  -33.574  46.840 0.6666669846
45668  -6.592  -32.903  47.237 0.4444440007
45676  -6.585  -33.031  46.369 0.3333329856
44735  -6.866  -33.888  44.936 0.7777780294
44755  -8.408  -33.293  43.414 0.8888890147
158021  -8.879  -32.947  42.994 0.8888890147
46687  -14.731  -31.319  39.788 0.6666669846
46623  -7.483  -31.697  46.362 0.1111110002
142251  -7.819  -31.627  44.813 0.2222220004
46632  -7.940  -31.289  45.680 0.1111110002
46624  -8.058  -31.076  46.462 0.1111110002
147715  -7.909  -32.059  43.995 0.5555559993
46639  -8.215  -31.398  44.254 0.4444440007
45701  -9.126  -32.375  42.666 0.8888890147
46652  -9.423  -31.688  42.306 0.6666669846
45714  -10.523  -32.127  41.629 0.8888890147
45727  -11.976  -31.958  40.783 0.8888890147
46677  -13.425  -31.768  40.243 0.8888890147
47606  -14.118  -30.949  39.134 0.7777780294
146597  -13.945  -31.464  39.765 0.8888890147
47597  -15.897  -31.077  40.857 0.6666669846
137236  -15.579  -30.991  39.996 0.7777780294
47614  -14.715  -30.385  38.562 0.7777780294
47615  -15.609  -30.204  38.660 0.7777780294
48509  -16.824  -29.320  38.455 0.6666669846
47557  -9.148  -30.315  44.614 0.1111110002
47556  -8.456  -30.898  44.992 0.1111110002
47564  -9.243  -30.393  43.709 0.4444440007
46674  -10.939  -30.956  40.819 0.7777780294
47596  -12.130  -30.845  39.882 0.8888890147
46686  -13.121  -31.179  39.572 0.8888890147
47612  -12.981  -29.890  38.862 0.7777780294
49457  -17.019  -28.449  37.319 0.6666669846
49436  -16.599  -28.999  37.774 0.6666669846
50307  -17.577  -27.949  37.219 0.6666669846
51164  -18.718  -26.915  37.904 0.6666669846
48422  -9.720  -29.704  45.136 0.1111110002
48445  -10.376  -29.292  43.817 0.3333329856
47571  -9.393  -30.544  42.879 0.4444440007
47572  -9.905  -30.067  42.497 0.4444440007
47583  -9.661  -30.855  42.060 0.5555559993
48472  -10.651  -29.452  41.627 0.5555559993
46663  -10.685  -31.559  41.255 0.7777780294
48499  -12.355  -29.521  39.323 0.7777780294
48507  -14.296  -29.718  38.179 0.7777780294
49435  -13.623  -28.435  38.198 0.7777780294
48506  -13.442  -29.295  38.427 0.7777780294
50305  -14.524  -27.933  37.407 0.7777780294
49455  -15.690  -28.557  37.171 0.8888890147
146566  -17.083  -27.798  36.603 0.6666669846
51185  -18.643  -26.727  36.860 0.6666669846
51211  -19.082  -25.951  35.590 0.7777780294
146031  -18.737  -26.426  36.051 0.7777780294
51165  -19.171  -26.122  37.443 0.6666669846
52065  -19.649  -25.267  35.970 0.7777780294
48423  -10.244  -29.045  45.587 0.1111110002
49315  -10.866  -27.662  46.362 0.1111110002
49336  -10.782  -28.463  45.114 0.1111110002
49337  -11.199  -27.931  44.608 0.1111110002
49347  -10.906  -28.642  44.251 0.2222220004
49377  -10.782  -29.026  42.440 0.4444440007
49363  -11.757  -27.781  42.324 0.4444440007
49418  -12.456  -28.558  39.444 0.6666669846
50247  -12.608  -27.645  39.912 0.5555559993
50306  -15.083  -28.070  37.071 0.7777780294
49467  -15.591  -27.780  36.765 0.8888890147
50325  -16.227  -27.517  36.395 0.8888890147
51208  -16.806  -26.601  35.697 0.8888890147
51225  -17.970  -25.989  34.942 0.7777780294
52064  -15.712  -25.416  36.257 0.8888890147
52080  -17.229  -25.996  35.213 0.8888890147
52999  -19.908  -24.749  35.168 0.7777780294
52115  -18.520  -24.750  33.961 0.7777780294
53011  -19.644  -24.784  34.377 0.7777780294
54046  -20.489  -23.512  35.898 0.6666669846
55095  -37.313  -22.120  35.799 0.3333329856
54082  -20.120  -23.325  32.924 0.7777780294
134209  -34.567  -21.558  32.873 0.4444440007
56310  -33.419  -21.468  31.440 0.4444440007
56309  -32.594  -21.548  31.428 0.4444440007
56293  -34.413  -21.471  32.223 0.4444440007
50212  -11.599  -26.790  44.323 0.1111110002
136143  -12.217  -27.235  41.846 0.4444440007
50264  -13.150  -27.140  39.432 0.5555559993
51163  -14.934  -26.337  36.998 0.7777780294
51182  -14.871  -27.284  37.069 0.7777780294
55068  -39.455  -22.681  37.018 0.1111110002
53010  -17.176  -24.707  34.764 0.8888890147
136212  -17.513  -24.215  34.360 0.8888890147
54059  -17.630  -23.474  34.155 0.7777780294
55096  -38.188  -22.017  35.814 0.3333329856
55130  -19.924  -22.802  32.516 0.8888890147
156447  -20.902  -22.764  33.890 0.7777780294
56240  -38.592  -21.559  35.264 0.2222220004
151764  -20.231  -22.243  32.254 0.8888890147
56287  -21.061  -21.208  31.942 0.6666669846
56279  -37.185  -21.305  33.784 0.3333329856
56294  -35.181  -21.398  32.485 0.4444440007
57478  -33.390  -21.028  30.110 0.7777780294
57517  -29.637  -20.346  28.790 0.8888890147
51103  -12.161  -26.445  43.014 0.1111110002
51084  -11.643  -26.119  44.595 0.1111110002
143737  -12.645  -26.679  41.385 0.3333329856
51124  -13.413  -25.928  40.435 0.3333329856
51143  -13.649  -26.686  38.864 0.6666669846
52054  -15.104  -25.376  37.011 0.6666669846
52985  -16.144  -24.152  36.118 0.7777780294
56271  -21.274  -21.405  32.706 0.6666669846
56222  -40.656  -21.722  36.118 0.2222220004
56304  -20.146  -21.141  31.631 0.8888890147
57455  -20.200  -20.495  31.317 0.8888890147
58510  -21.792  -19.860  33.332 0.6666669846
145940  -22.176  -18.202  31.223 0.8888890147
59389  -22.754  -18.293  33.536 0.6666669846
58536  -20.844  -19.348  30.740 0.8888890147
60369  -24.760  -17.020  31.553 0.7777780294
60393  -25.413  -16.887  30.798 0.8888890147
61361  -25.089  -15.720  29.603 0.8888890147
61346  -25.855  -16.830  30.040 0.8888890147
61376  -26.770  -16.527  28.789 0.7777780294
61362  -25.972  -16.234  29.396 0.7777780294
57479  -34.205  -20.761  30.251 0.5555559993
61377  -27.499  -16.706  28.531 0.8888890147
62366  -27.159  -15.840  28.660 0.7777780294
61378  -28.180  -16.934  28.493 0.8888890147
59448  -28.085  -18.456  28.566 0.8888890147
57519  -31.377  -20.250  28.694 0.8888890147
155448  -32.952  -20.774  29.521 0.8888890147
147171  -30.348  -19.098  28.463 0.8888890147
140602  -14.320  -25.426  38.692 0.4444440007
52965  -14.428  -24.618  38.919 0.3333329856
52976  -15.251  -24.415  37.414 0.4444440007
54039  -15.849  -23.861  36.919 0.6666669846
54040  -16.374  -23.287  36.281 0.5555559993
56230  -17.028  -21.930  36.175 0.5555559993
58509  -18.642  -19.394  33.348 0.8888890147
57412  -18.353  -19.984  34.040 0.7777780294
56242  -40.256  -21.272  35.408 0.2222220004
59402  -19.234  -18.992  31.908 0.8888890147
57456  -20.782  -20.148  31.085 0.8888890147
57398  -39.791  -20.797  34.663 0.2222220004
57417  -38.858  -20.748  34.104 0.2222220004
59429  -20.832  -18.510  30.476 0.8888890147
142073  -21.258  -18.027  30.352 0.8888890147
60390  -22.206  -16.970  30.238 0.8888890147
62347  -28.911  -15.831  29.653 0.5555559993
63346  -27.939  -14.644  29.444 0.7777780294
62308  -29.086  -15.634  30.795 0.4444440007
63330  -28.124  -14.382  30.192 0.5555559993
61321  -29.680  -16.490  31.173 0.3333329856
60372  -30.845  -17.445  31.028 0.1111110002
61322  -30.269  -17.098  31.576 0.2222220004
61364  -29.961  -17.224  29.766 0.3333329856
60396  -31.498  -17.575  30.357 0.4444440007
61343  -23.353  -16.046  29.917 0.8888890147
62342  -24.377  -15.247  29.563 0.7777780294
62344  -26.673  -14.966  28.916 0.7777780294
155119  -29.138  -16.349  29.446 0.7777780294
60422  -31.075  -18.196  28.710 0.6666669846
59451  -30.950  -18.897  28.428 0.8888890147
57520  -32.090  -20.099  28.589 0.8888890147
57461  -35.504  -20.788  31.173 0.5555559993
62345  -27.540  -15.165  28.881 0.8888890147
60420  -29.299  -18.124  28.592 0.8888890147
57502  -34.462  -20.232  29.728 0.7777780294
58567  -34.666  -19.762  29.325 0.7777780294
54031  -15.415  -23.540  37.698 0.4444440007
57362  -16.308  -20.861  37.689 0.3333329856
56213  -17.219  -21.064  36.359 0.5555559993
63253  -29.101  -15.216  36.297 0.1111110002
58493  -18.088  -20.200  34.869 0.7777780294
62266  -29.441  -15.596  35.077 0.2222220004
63268  -28.985  -15.176  35.615 0.1111110002
130496  -27.367  -14.366  34.744 0.3333329856
63291  -28.210  -14.408  33.211 0.4444440007
61256  -30.612  -16.642  35.127 0.1111110002
59401  -18.900  -18.792  32.746 0.8888890147
146231  -19.175  -18.300  32.263 0.8888890147
63292  -28.768  -15.096  33.296 0.4444440007
61320  -20.469  -16.760  30.843 0.8888890147
60388  -20.763  -17.577  30.392 0.8888890147
64291  -28.069  -14.068  31.542 0.5555559993
63304  -28.412  -14.505  31.877 0.4444440007
151960  -39.487  -19.787  33.081 0.2222220004
147478  -26.035  -14.487  29.168 0.7777780294
63313  -27.776  -13.870  30.739 0.6666669846
58552  -35.705  -19.810  30.029 0.5555559993
147925  -17.246  -19.813  37.060 0.5555559993
153115  -17.389  -20.339  36.527 0.5555559993
63265  -27.014  -14.680  35.530 0.3333329856
63238  -27.961  -15.076  36.910 0.1111110002
139118  -18.533  -18.022  35.449 0.5555559993
57420  -42.195  -20.251  34.985 0.1111110002
60314  -18.884  -17.512  34.696 0.5555559993
61284  -19.299  -17.082  33.173 0.6666669846
61300  -19.670  -16.733  32.386 0.8888890147
61319  -20.018  -16.733  31.559 0.8888890147
146054  -20.349  -16.215  31.388 0.8888890147
145531  -32.597  -16.799  28.426 0.4444440007
58529  -39.785  -19.274  32.552 0.2222220004
64307  -23.564  -13.624  29.958 0.7777780294
64309  -25.469  -13.045  30.168 0.7777780294
151285  -34.589  -18.791  28.018 0.8888890147
59362  -18.238  -17.919  36.391 0.2222220004
63250  -26.562  -15.065  36.369 0.1111110002
158427  -27.206  -15.146  36.878 0.1111110002
61269  -19.186  -16.916  34.110 0.5555559993
62293  -19.849  -15.998  32.856 0.6666669846
64276  -24.609  -13.184  32.289 0.6666669846
131754  -25.296  -12.869  31.657 0.6666669846
64308  -24.420  -13.006  30.196 0.7777780294
64275  -23.553  -13.285  31.993 0.6666669846
131542  -26.056  -13.017  31.978 0.6666669846
61366  -33.964  -16.096  29.520 0.3333329856
64306  -22.839  -13.796  30.433 0.7777780294
135441  -26.042  -12.899  31.056 0.7777780294
155712  -39.810  -18.873  32.072 0.2222220004
59421  -38.928  -18.747  31.214 0.2222220004
60433  -34.946  -17.883  26.887 0.8888890147
59468  -35.896  -17.791  27.477 0.8888890147
63246  -19.547  -14.456  35.958 0.3333329856
64232  -21.178  -13.475  35.346 0.3333329856
151902  -21.257  -13.977  34.068 0.3333329856
148107  -19.993  -14.197  35.272 0.4444440007
157378  -22.577  -13.710  35.556 0.2222220004
64234  -22.952  -13.902  35.006 0.2222220004
62278  -19.813  -15.504  33.961 0.6666669846
63289  -20.698  -14.772  33.016 0.4444440007
64273  -21.939  -13.953  32.834 0.4444440007
63303  -21.377  -14.371  32.400 0.5555559993
64342  -34.158  -14.219  28.770 0.2222220004
62349  -34.329  -15.283  29.327 0.2222220004
60425  -37.442  -17.274  28.017 0.7777780294
60444  -35.308  -17.235  26.301 0.8888890147
60445  -36.124  -16.925  26.539 0.8888890147
62398  -33.752  -15.896  24.726 1.0000000000
61409  -35.204  -16.206  25.372 1.0000000000
60435  -36.844  -16.687  26.943 0.8888890147
150189  -35.878  -15.938  25.729 1.0000000000
134886  -36.483  -16.136  26.284 0.8888890147
61400  -37.312  -16.010  26.840 0.8888890147
63408  -32.123  -14.541  24.663 0.8888890147
62407  -33.300  -15.188  24.525 1.0000000000
62408  -34.243  -15.140  24.590 1.0000000000
62400  -35.562  -15.310  25.362 1.0000000000
156916  -37.968  -15.853  27.327 0.8888890147
61382  -39.262  -15.936  28.432 0.7777780294
63398  -36.176  -14.399  25.816 0.8888890147
64391  -35.130  -13.413  25.457 1.0000000000
64372  -36.803  -13.319  26.533 0.8888890147
65226  -33.585  -12.364  29.274 0.4444440007
65243  -32.322  -12.286  28.377 0.7777780294
143447  -30.785  -13.008  25.012 1.0000000000
65299  -32.128  -12.020  24.867 1.0000000000
65266  -37.850  -11.634  27.218 0.7777780294
152931  -34.100  -10.477  25.925 1.0000000000
66150  -33.406  -11.373  29.506 0.3333329856
65280  -30.391  -12.178  25.389 1.0000000000
66190  -36.593  -10.681  26.373 1.0000000000
67102  -32.459  -9.928  24.819 1.0000000000
67103  -33.251  -9.780  24.628 1.0000000000
66215  -36.224  -11.335  24.095 1.0000000000
67076  -30.634  -10.554  27.486 0.6666669846
67976  -30.998  -9.120  24.692 0.7777780294
67990  -32.363  -8.991  23.818 1.0000000000
65303  -37.611  -12.123  24.885 0.7777780294
64393  -38.836  -12.799  25.694 0.5555559993
67131  -34.030  -9.961  22.660 1.0000000000
64423  -38.547  -12.990  24.266 0.6666669846
64394  -39.513  -13.315  25.723 0.5555559993
64411  -40.013  -13.409  24.757 0.3333329856
66230  -36.173  -11.648  23.062 1.0000000000
65319  -39.715  -12.452  23.769 0.5555559993
65330  -36.777  -11.804  22.780 1.0000000000
66216  -38.729  -11.834  22.951 0.7777780294
66218  -40.330  -11.757  23.672 0.5555559993
68885  -31.220  -8.374  24.326 0.7777780294
67132  -34.698  -10.390  22.240 1.0000000000
68924  -34.855  -9.073  21.654 1.0000000000
66232  -38.020  -11.352  22.391 0.8888890147
66233  -39.550  -11.072  22.833 0.7777780294
67147  -36.159  -10.566  21.721 1.0000000000
66246  -37.553  -10.790  21.953 1.0000000000
69731  -32.627  -7.701  28.411 0.3333329856
69739  -31.321  -7.668  27.282 0.4444440007
70723  -32.607  -6.585  28.274 0.3333329856
69750  -31.563  -6.730  27.109 0.4444440007
71791  -31.760  -5.588  26.159 0.5555559993
70806  -31.482  -6.858  24.108 0.5555559993
147287  -32.110  -6.874  23.609 0.6666669846
70807  -33.386  -6.338  23.541 0.5555559993
69795  -34.236  -7.586  22.296 1.0000000000
68025  -35.509  -9.513  21.492 1.0000000000
68026  -36.391  -9.987  21.471 1.0000000000
67149  -38.801  -10.242  21.905 1.0000000000
68927  -38.238  -8.995  20.899 1.0000000000
136951  -33.107  -5.992  28.952 0.2222220004
71765  -33.280  -4.782  28.655 0.3333329856
71778  -32.477  -5.283  27.359 0.3333329856
72807  -34.311  -4.042  29.610 0.2222220004
72849  -32.878  -4.679  27.093 0.3333329856
71792  -32.314  -5.154  26.649 0.5555559993
73806  -33.819  -4.063  27.815 0.3333329856
139872  -32.300  -5.123  25.992 0.5555559993
72865  -32.860  -4.818  26.350 0.3333329856
72851  -34.040  -4.644  26.718 0.2222220004
71810  -32.781  -5.085  25.603 0.4444440007
136686  -32.724  -5.420  24.869 0.4444440007
71811  -33.418  -5.304  25.202 0.2222220004
143999  -33.964  -5.662  24.750 0.2222220004
69796  -35.160  -7.169  22.092 0.7777780294
68926  -36.580  -8.463  20.946 1.0000000000
132288  -40.300  -9.237  21.674 1.0000000000
68939  -39.840  -7.941  20.639 1.0000000000
72825  -35.711  -3.740  29.230 0.2222220004
72811  -37.938  -5.213  29.713 0.2222220004
72823  -34.167  -3.908  28.131 0.2222220004
72838  -34.929  -4.139  27.892 0.3333329856
71752  -37.947  -5.813  28.914 0.2222220004
71779  -35.505  -5.049  27.321 0.1111110002
71813  -35.132  -5.867  25.573 0.2222220004
71837  -35.262  -6.275  24.672 0.2222220004
151641  -35.888  -6.162  25.945 0.2222220004
70809  -35.800  -6.596  23.306 0.3333329856
144265  -40.145  -6.505  20.229 0.8888890147
69830  -40.764  -6.790  20.467 0.8888890147
70739  -38.172  -6.606  27.283 0.2222220004
139752  -39.820  -5.947  20.029 0.8888890147
71876  -40.370  -5.407  20.055 0.8888890147
71877  -41.207  -5.557  20.285 0.8888890147
70859  -42.817  -6.096  21.331 0.7777780294
131084  -38.866  -7.322  24.768 0.3333329856
72915  -40.222  -4.681  20.051 0.8888890147
72917  -41.714  -3.970  20.486 0.8888890147
137312  -41.026  -2.803  20.542 0.8888890147
75847  -39.984  -1.249  20.602 0.8888890147
76847  -40.541  -0.513  20.613 0.8888890147
132588  -40.926  2.341  20.461 0.8888890147
79703  -42.374  2.766  20.073 0.8888890147
138568  -42.341  2.086  19.493 0.8888890147
136558  -43.628  1.846  19.009 0.8888890147
78798  -38.959  1.763  21.748 0.8888890147
79693  -39.544  2.254  21.879 0.8888890147
80516  -41.753  3.462  21.556 0.6666669846
80517  -42.503  3.689  21.359 0.6666669846
79704  -43.200  3.093  20.147 0.8888890147
78814  -44.361  1.785  18.900 0.8888890147
149202  -44.635  1.204  18.611 0.7777780294
76827  -37.703  -0.298  22.579 0.5555559993
78793  -39.049  1.471  23.517 0.6666669846
79689  -39.674  2.377  22.581 0.7777780294
78789  -39.741  1.883  24.012 0.4444440007
80503  -41.862  3.741  23.683 0.3333329856
80502  -41.386  3.561  23.230 0.5555559993
81324  -42.873  4.006  24.548 0.3333329856
81348  -43.204  4.523  22.433 0.5555559993
81361  -43.596  4.470  21.781 0.5555559993
150713  -40.055  0.043  24.843 0.4444440007
79684  -40.356  2.172  24.459 0.2222220004
80498  -40.830  2.776  24.244 0.3333329856
79679  -41.359  2.218  25.352 0.2222220004
80495  -43.232  3.805  25.275 0.2222220004
82252  -44.671  4.996  23.302 0.4444440007
152987  -44.855  4.650  21.456 0.5555559993
153605  -43.362  -2.150  27.179 0.1111110002
150669  -42.211  -1.577  26.172 0.1111110002
75790  -39.511  -1.043  24.293 0.4444440007
135156  -43.060  1.898  26.777 0.2222220004
82207  -45.506  5.495  27.168 0.1111110002
82229  -45.773  4.920  25.422 0.1111110002
158295  -45.076  4.865  24.096 0.4444440007
154799  -45.247  5.074  23.454 0.4444440007
81376  -45.103  4.207  20.934 0.5555559993
141587  -44.282  -1.344  27.769 0.1111110002
75765  -42.690  -1.151  26.618 0.1111110002
78780  -42.517  1.466  26.458 0.2222220004
82208  -45.848  6.004  27.886 0.1111110002
139874  -46.170  5.293  22.830 0.4444440007
77828  -43.187  0.234  26.996 0.1111110002
77821  -44.827  0.101  28.214 0.1111110002
156552  -44.619  0.739  28.099 0.1111110002
147185  -45.784  4.089  29.141 0.1111110002
83166  -46.590  5.919  29.946 0.1111110002
83177  -46.597  6.497  29.343 0.1111110002
75872  -47.659  -1.458  18.139 0.6666669846
75882  -48.554  -1.373  17.735 0.5555559993
41979  -2.344  -36.601  50.258 0.1111110002
41084  -1.915  -36.869  49.709 0.1111110002
41973  -3.133  -35.973  51.031 0.1111110002
41982  -3.744  -36.722  50.588 0.3333329856
145535  -2.693  -36.200  50.621 0.1111110002
41988  -4.248  -36.926  49.930 0.5555559993
42868  -1.893  -35.568  49.501 0.1111110002
41989  -4.748  -36.416  49.139 0.6666669846
42873  -1.733  -35.260  48.528 0.1111110002
41994  -1.744  -36.212  48.961 0.1111110002
42879  -5.341  -35.601  47.580 0.6666669846
43774  -1.732  -34.803  47.218 0.1111110002
41974  -3.608  -35.922  51.161 0.3333329856
42863  -4.204  -35.843  51.146 0.3333329856
42862  -2.741  -35.453  50.845 0.1111110002
41983  -4.519  -36.200  50.290 0.3333329856
42869  -5.114  -35.557  49.607 0.6666669846
42861  -2.279  -35.906  50.287 0.1111110002
42874  -5.179  -35.565  48.522 0.5555559993
43759  -1.841  -34.745  49.191 0.1111110002
44721  -1.778  -34.031  47.178 0.1111110002
145629  -1.971  -33.696  46.098 0.1111110002
42855  -3.598  -35.264  51.475 0.2222220004
43743  -3.364  -35.158  51.381 0.1111110002
42856  -4.030  -35.307  51.634 0.2222220004
42857  -4.663  -35.189  51.495 0.2222220004
43752  -2.442  -34.498  50.523 0.1111110002
42864  -4.978  -35.486  50.686 0.4444440007
43760  -2.011  -34.194  49.709 0.1111110002
44707  -1.805  -33.962  48.864 0.1111110002
137596  -2.274  -33.740  50.139 0.1111110002
43753  -5.514  -34.810  49.971 0.4444440007
131827  -2.029  -33.263  49.359 0.1111110002
43769  -5.887  -34.121  48.307 0.4444440007
55109  -20.868  -22.776  34.694 0.6666669846
58525  -27.730  -19.328  31.688 0.5555559993
58526  -28.293  -19.915  31.979 0.6666669846
57444  -28.850  -20.447  32.271 0.6666669846
58540  -28.123  -19.984  31.052 0.7777780294
57458  -28.658  -20.516  31.396 0.7777780294
142824  -29.018  -20.960  30.926 0.7777780294
56328  -30.422  -21.479  30.528 0.7777780294
58539  -27.645  -19.352  30.690 0.7777780294
58551  -28.073  -19.960  30.095 0.7777780294
56346  -29.872  -21.280  29.941 0.7777780294
60371  -26.310  -17.691  31.498 0.7777780294
59431  -26.736  -18.098  30.943 0.7777780294
59420  -27.223  -18.701  31.322 0.6666669846
59432  -27.207  -18.671  30.317 0.7777780294
58550  -27.658  -19.251  29.721 0.7777780294
57496  -28.629  -20.449  29.650 0.7777780294
156009  -26.987  -17.894  29.141 0.6666669846
58563  -27.784  -18.974  28.956 0.7777780294
59447  -27.470  -18.167  28.784 0.7777780294
62329  -34.607  -15.626  30.075 0.1111110002
152779  -38.066  -16.871  28.109 0.6666669846
61381  -38.724  -16.742  28.540 0.7777780294
61349  -33.758  -16.743  30.051 0.2222220004
62330  -35.052  -15.217  30.646 0.1111110002
61390  -38.509  -16.118  27.861 0.6666669846
61367  -39.489  -16.504  29.044 0.6666669846
63331  -34.968  -14.523  30.600 0.1111110002
63332  -35.440  -14.327  31.368 0.1111110002
62311  -36.582  -14.839  32.493 0.1111110002
157396  -34.642  -14.423  29.858 0.1111110002
62331  -35.481  -14.895  31.262 0.1111110002
62351  -39.980  -15.551  29.024 0.4444440007
64292  -35.818  -13.801  31.959 0.1111110002
65228  -34.707  -13.084  30.475 0.1111110002
141888  -35.159  -13.664  31.111 0.2222220004
63314  -35.906  -14.575  31.913 0.1111110002
68008  -40.222  -9.888  22.250 0.7777780294
67135  -40.924  -9.994  22.843 0.6666669846
68009  -41.417  -9.355  22.531 0.6666669846
66143  -34.814  -11.008  31.140 0.2222220004
67062  -33.909  -10.805  30.075 0.2222220004
66142  -34.359  -11.154  30.531 0.2222220004
65215  -35.170  -12.594  31.286 0.2222220004
65216  -35.600  -13.034  31.764 0.2222220004
133644  -40.210  -10.480  22.803 0.8888890147
68030  -41.051  -8.933  21.807 0.6666669846
68031  -41.778  -8.647  22.120 0.6666669846
68912  -42.519  -8.378  22.488 0.5555559993
68928  -40.489  -8.428  21.156 0.8888890147
68929  -41.299  -8.070  21.358 0.7777780294
69798  -42.876  -7.497  22.110 0.6666669846
68930  -42.112  -7.766  21.691 0.5555559993
67031  -36.220  -10.294  32.663 0.1111110002
67037  -35.346  -9.982  31.804 0.1111110002
66131  -35.451  -10.848  31.779 0.1111110002
66132  -35.998  -10.965  32.403 0.1111110002
67061  -33.388  -10.449  29.508 0.2222220004
66234  -40.239  -11.104  23.242 0.6666669846
69814  -42.466  -6.918  21.444 0.6666669846
71869  -42.826  -5.410  21.154 0.6666669846
71870  -43.416  -5.520  21.546 0.7777780294
67921  -34.843  -9.654  31.262 0.1111110002
67910  -35.282  -9.366  31.813 0.1111110002
67933  -33.436  -9.567  29.427 0.1111110002
71871  -44.058  -5.690  22.019 0.7777780294
72908  -43.247  -4.867  21.319 0.6666669846
72909  -43.967  -4.963  21.752 0.5555559993
135961  -43.705  -4.068  21.648 0.5555559993
155970  -44.368  -4.414  22.046 0.3333329856
73881  -42.398  -3.636  20.903 0.7777780294
70791  -40.698  -6.766  24.320 0.2222220004
71839  -42.002  -5.467  24.542 0.2222220004
152491  -42.574  -4.547  25.603 0.1111110002
71852  -40.161  -5.981  23.713 0.2222220004
72879  -41.548  -4.443  24.199 0.2222220004
72880  -42.271  -4.556  24.880 0.2222220004
71851  -38.620  -6.128  23.313 0.2222220004
144203  -39.283  -5.656  23.414 0.2222220004
149818  -39.827  -4.955  23.590 0.2222220004
72878  -40.622  -4.649  23.843 0.3333329856
71863  -38.592  -5.415  23.064 0.4444440007
72892  -39.001  -4.586  23.276 0.4444440007
141030  -39.889  -4.056  23.720 0.3333329856
73869  -44.374  -3.608  22.184 0.5555559993
73898  -41.792  -2.988  20.749 0.7777780294
135401  -42.496  -2.821  21.250 0.7777780294
70769  -41.767  -6.931  25.544 0.1111110002
71815  -42.150  -6.166  25.077 0.1111110002
70792  -41.532  -6.471  24.657 0.1111110002
71816  -42.555  -5.339  25.412 0.1111110002
70812  -39.236  -6.553  23.688 0.2222220004
73849  -41.941  -3.807  24.770 0.2222220004
73848  -40.556  -3.776  24.014 0.3333329856
74889  -42.242  -1.997  21.285 0.7777780294
74904  -46.655  -2.499  19.895 0.5555559993
74905  -47.504  -2.601  20.282 0.3333329856
70767  -39.539  -7.413  25.229 0.2222220004
150162  -40.259  -7.315  24.860 0.2222220004
73834  -41.977  -3.096  25.277 0.1111110002
76839  -43.982  -0.787  21.762 0.6666669846
74902  -41.440  -2.044  20.861 0.7777780294
75836  -42.809  -1.192  21.464 0.7777780294
75851  -44.340  -1.391  19.883 0.5555559993
75859  -43.763  -0.871  18.985 0.5555559993
75852  -45.148  -1.721  20.087 0.5555559993
74903  -45.882  -2.228  19.403 0.5555559993
156073  -45.692  -2.156  19.016 0.5555559993
131066  -38.713  -7.229  25.728 0.2222220004
70768  -40.248  -7.411  25.646 0.1111110002
131592  -40.993  -7.381  25.996 0.1111110002
75848  -41.015  -1.245  20.806 0.7777780294
76837  -42.681  -0.770  21.012 0.7777780294
76838  -43.244  -0.874  21.285 0.6666669846
76851  -43.675  -0.844  20.796 0.6666669846
76848  -41.441  -0.499  20.641 0.7777780294
76849  -42.223  -0.537  20.552 0.7777780294
76850  -42.930  -0.705  20.402 0.7777780294
75850  -43.642  -0.978  19.665 0.6666669846
77854  -41.642  0.131  19.993 0.7777780294
76858  -43.123  -0.496  19.321 0.7777780294
76857  -42.425  -0.186  19.705 0.7777780294
77876  -48.382  0.502  17.711 0.6666669846
78826  -48.173  1.308  18.192 0.6666669846
154838  -48.697  0.003  17.438 0.5555559993
77885  -50.759  -0.030  16.905 0.5555559993
75892  -51.395  -1.158  16.485 0.4444440007
76887  -52.086  -0.597  16.363 0.4444440007
75904  -53.358  -0.993  15.568 0.4444440007
133905  -40.859  0.166  20.353 0.7777780294
77853  -41.035  0.848  19.898 0.7777780294
77859  -41.587  0.885  19.592 0.7777780294
77860  -42.151  0.638  19.357 0.7777780294
147675  -47.637  1.814  18.695 0.7777780294
147524  -48.834  1.656  18.362 0.7777780294
78838  -49.696  1.071  17.775 0.7777780294
76886  -51.248  -0.503  16.620 0.5555559993
75903  -52.795  -0.854  15.892 0.4444440007
80549  -46.901  2.922  19.711 0.4444440007
80550  -47.821  2.898  19.668 0.5555559993
79720  -47.244  2.357  19.178 0.6666669846
153327  -47.931  2.341  19.131 0.6666669846
79733  -49.104  2.111  18.861 0.6666669846
79732  -48.375  1.978  18.752 0.6666669846
78827  -49.581  1.612  18.361 0.6666669846
78839  -50.361  1.265  18.167 0.7777780294
77886  -51.682  0.081  16.928 0.7777780294
76896  -53.300  -0.356  15.375 0.4444440007
77887  -52.568  0.105  16.586 0.4444440007
77894  -52.884  -0.195  15.888 0.4444440007
80532  -46.368  3.501  20.212 0.4444440007
80533  -47.362  3.545  20.202 0.4444440007
80534  -48.315  3.497  20.185 0.5555559993
79721  -48.572  2.609  19.342 0.5555559993
79722  -49.435  2.624  19.445 0.5555559993
79734  -49.873  2.083  19.045 0.6666669846
77879  -51.869  0.605  17.889 0.7777780294
77880  -52.561  0.488  17.565 0.7777780294
77881  -53.302  0.567  17.170 0.4444440007
77888  -53.232  0.424  16.114 0.4444440007
82265  -46.697  5.288  22.487 0.3333329856
82275  -46.977  5.171  21.865 0.3333329856
81364  -46.479  4.784  21.317 0.4444440007
81366  -48.293  4.629  21.284 0.4444440007
77872  -53.373  0.803  18.205 0.5555559993
78846  -53.888  0.991  16.612 0.4444440007
77871  -52.708  0.815  18.542 0.7777780294
78841  -54.113  1.094  17.824 0.6666669846
78842  -54.647  1.595  17.138 0.5555559993
151711  -54.683  1.723  17.971 0.5555559993
79741  -55.096  2.278  17.637 0.5555559993
79749  -55.458  3.196  17.336 0.4444440007
80560  -55.680  4.029  17.690 0.5555559993
82300  -55.783  5.179  17.685 0.2222220004
83256  -55.744  5.664  17.713 0.3333329856
78831  -53.426  1.100  19.007 0.7777780294
157582  -53.864  1.161  18.656 0.5555559993
78833  -54.830  2.236  18.374 0.4444440007
141213  -55.572  3.611  18.069 0.3333329856
80556  -56.079  4.207  18.485 0.3333329856
81389  -56.583  4.840  18.780 0.3333329856
83242  -57.226  5.804  18.741 0.2222220004
82301  -56.366  5.172  18.431 0.2222220004
84146  -57.078  6.815  18.376 0.2222220004
85006  -56.737  7.758  18.226 0.1111110002
81395  -55.932  4.598  18.120 0.3333329856
83241  -56.376  6.153  18.229 0.2222220004
84145  -56.018  7.026  18.307 0.1111110002
147506  -55.471  7.965  18.501 0.1111110002
85004  -55.036  8.872  18.581 0.1111110002
83240  -55.404  6.422  18.007 0.3333329856
84144  -54.829  7.266  18.383 0.1111110002
85003  -54.237  8.263  18.620 0.1111110002
85865  -53.631  9.674  18.436 0.1111110002
148181  -52.811  9.986  18.169 0.1111110002
85877  -52.256  10.258  17.614 0.1111110002
85884  -50.983  10.125  16.736 0.1111110002
78832  -54.290  1.682  18.659 0.6666669846
79743  -55.643  3.448  18.674 0.3333329856
81390  -57.204  5.012  19.171 0.2222220004
151952  -57.579  8.270  17.918 0.1111110002
85878  -57.555  9.638  17.014 0.1111110002
85005  -56.098  8.593  18.293 0.1111110002
86713  -56.329  9.842  17.516 0.1111110002
85867  -55.683  9.395  18.177 0.1111110002
86712  -55.254  10.123  17.936 0.1111110002
87635  -56.112  11.400  15.780 0.1111110002
86710  -53.507  10.279  18.072 0.1111110002
87634  -54.983  11.484  15.992 0.1111110002
87643  -55.813  11.736  15.273 0.1111110002
86720  -53.070  10.535  17.649 0.1111110002
87632  -53.075  11.109  16.455 0.1111110002
87642  -55.145  11.822  15.041 0.1111110002
149551  -55.333  12.171  14.170 0.1111110002
86734  -51.461  10.593  16.004 0.1111110002
132411  -53.409  11.529  14.840 0.1111110002
149107  -54.364  11.812  14.518 0.1111110002
87640  -52.554  11.233  15.166 0.1111110002
84148  -58.305  7.331  18.545 0.1111110002
85869  -58.145  8.970  17.509 0.1111110002
86729  -57.793  10.949  15.869 0.1111110002
87636  -57.218  11.398  15.462 0.1111110002
87644  -56.664  11.872  14.969 0.1111110002
132123  -53.640  11.705  13.880 0.1111110002
75853  -45.998  -1.865  20.365 0.4444440007
75837  -45.498  -0.934  21.239 0.4444440007
76852  -44.566  -0.836  21.206 0.5555559993
141378  -5.037  -36.342  47.977 0.6666669846
43768  -5.507  -34.866  47.955 0.5555559993
150016  -19.752  -24.861  38.501 0.3333329856
54041  -20.373  -23.707  36.674 0.3333329856
56347  -30.726  -21.326  29.830 0.7777780294
59440  -26.788  -17.982  29.931 0.7777780294
59441  -27.284  -18.525  29.384 0.7777780294
143048  -28.189  -19.747  29.256 0.7777780294
60398  -33.142  -17.113  30.274 0.2222220004
65214  -34.646  -11.993  30.699 0.2222220004
66151  -34.012  -11.736  30.014 0.2222220004
67060  -32.829  -10.064  28.963 0.1111110002
78811  -41.382  1.402  19.702 0.7777780294
78825  -47.295  1.137  18.341 0.7777780294
77870  -47.740  0.706  18.002 0.7777780294
55090  -20.790  -22.808  35.582 0.5555559993
60394  -26.199  -17.414  30.618 0.7777780294
153040  -40.796  -9.505  22.232 0.7777780294
69815  -43.230  -6.705  21.849 0.5555559993
70790  -39.709  -7.124  24.258 0.3333329856
43751  -2.122  -35.071  50.078 0.1111110002
146813  -1.742  -34.499  48.484 0.1111110002
44714  -1.732  -33.953  48.060 0.1111110002
43781  -1.910  -34.653  46.563 0.1111110002
43761  -5.517  -34.803  48.931 0.4444440007
44715  -1.888  -33.283  48.389 0.1111110002
44700  -2.608  -33.781  50.855 0.1111110002
57431  -29.041  -20.286  33.262 0.6666669846
57476  -28.567  -20.540  30.527 0.7777780294
56327  -29.127  -21.015  30.176 0.7777780294
59419  -26.710  -18.109  31.903 0.6666669846
63315  -36.296  -14.217  32.422 0.1111110002
61368  -40.206  -16.357  29.597 0.4444440007
156159  -35.748  -10.305  32.201 0.1111110002
67911  -35.782  -9.745  32.312 0.1111110002
67051  -34.461  -10.257  30.692 0.1111110002
67934  -33.934  -9.899  30.007 0.1111110002
73882  -43.035  -3.320  21.473 0.6666669846
71838  -41.190  -5.668  24.023 0.2222220004
158147  -40.989  -3.986  24.071 0.3333329856
73883  -43.718  -2.817  22.048 0.4444440007
74890  -42.999  -2.133  21.801 0.7777780294
137811  -40.958  -7.214  25.101 0.1111110002
75849  -42.023  -1.108  21.059 0.7777780294
75854  -46.897  -1.884  20.737 0.3333329856
74891  -47.781  -2.007  21.058 0.3333329856
76828  -44.802  -0.757  22.109 0.5555559993
154734  -43.522  -1.907  22.188 0.7777780294
78837  -48.982  1.161  17.862 0.6666669846
76878  -49.914  -0.158  16.992 0.6666669846
77878  -50.305  0.606  17.448 0.6666669846
143969  -51.112  0.426  17.387 0.7777780294
75893  -52.232  -1.412  16.277 0.4444440007
75894  -53.124  -1.670  16.050 0.3333329856
78840  -51.130  0.881  18.085 0.7777780294
81378  -46.905  4.215  20.707 0.4444440007
80551  -48.939  3.105  19.851 0.5555559993
151942  -50.307  1.700  18.735 0.6666669846
78828  -51.152  1.477  18.908 0.6666669846
81379  -47.839  4.190  20.687 0.4444440007
81365  -47.389  4.741  21.253 0.4444440007
157987  -48.410  3.022  19.782 0.5555559993
82266  -47.441  5.235  22.560 0.2222220004
81380  -48.741  4.081  20.758 0.4444440007
79742  -55.271  2.903  18.157 0.3333329856
83257  -56.415  5.560  18.321 0.2222220004
82313  -55.752  4.857  17.728 0.3333329856
149723  -57.105  6.125  18.532 0.2222220004
84147  -57.784  7.466  18.265 0.1111110002
157372  -56.873  8.396  18.019 0.1111110002
85866  -54.649  9.625  18.391 0.1111110002
86711  -54.276  10.260  18.110 0.1111110002
86735  -52.336  10.990  16.104 0.1111110002
86727  -51.817  10.486  16.854 0.1111110002
139756  -57.796  6.599  18.670 0.1111110002
85007  -58.253  8.125  18.109 0.1111110002
85868  -56.906  9.004  17.720 0.1111110002
141931  -56.899  10.206  16.817 0.1111110002
86723  -55.884  10.509  17.185 0.1111110002
86722  -54.836  10.680  17.497 0.1111110002
87629  -56.754  10.800  16.244 0.1111110002
87628  -55.450  11.035  16.661 0.1111110002
87627  -54.405  11.082  16.926 0.1111110002
87626  -53.477  10.957  17.039 0.1111110002
88520  -56.127  12.194  14.607 0.1111110002
87633  -53.872  11.286  16.304 0.1111110002
132064  -53.202  11.325  15.736 0.1111110002
87641  -54.155  11.557  15.438 0.1111110002
87639  -51.900  10.916  15.403 0.1111110002
137870  -58.620  8.616  18.025 0.1111110002
88517  -57.458  12.288  15.004 0.1111110002
75838  -46.371  -0.992  21.428 0.3333329856
154102  -45.271  -0.690  21.875 0.3333329856
137112  -8.781  -39.692  49.991 0.1111110002
38257  -7.111  -40.608  49.248 0.2222220004
38243  -7.387  -40.853  50.279 0.1111110002
136685  -7.422  -40.083  48.756 0.1111110002
39275  -7.940  -39.578  48.569 0.3333329856
35085  -4.620  -43.354  51.122 0.1111110002
37171  -5.436  -42.232  51.217 0.2222220004
39266  -8.733  -39.335  49.160 0.1111110002
36139  -4.001  -43.049  50.607 0.1111110002
139086  -4.769  -42.110  50.498 0.2222220004
40202  -9.124  -38.714  48.766 0.1111110002
41086  -10.536  -37.590  49.160 0.1111110002
41092  -9.074  -38.170  48.052 0.3333329856
41997  -10.801  -36.946  48.457 0.1111110002
41990  -11.108  -36.977  49.163 0.1111110002
152959  -8.684  -37.844  47.190 0.6666669846
41093  -9.968  -37.493  48.158 0.2222220004
148773  -9.359  -37.616  47.521 0.3333329856
37179  -3.300  -41.775  49.697 0.3333329856
42002  -11.258  -36.293  47.909 0.1111110002
41100  -9.760  -37.148  47.382 0.2222220004
42880  -10.806  -36.157  47.011 0.2222220004
132000  -10.387  -35.912  46.106 0.3333329856
132515  -11.846  -35.796  47.896 0.1111110002
42881  -11.591  -35.761  47.258 0.2222220004
42889  -12.033  -35.263  46.757 0.2222220004
43784  -11.764  -35.049  45.939 0.3333329856
157031  -15.610  -32.478  46.414 0.1111110002
148667  -16.031  -32.195  46.922 0.1111110002
47538  -17.320  -31.067  46.663 0.1111110002
47552  -17.591  -30.451  45.466 0.1111110002
46619  -17.185  -31.368  47.290 0.1111110002
46626  -16.738  -31.618  46.575 0.1111110002
47551  -17.162  -31.027  45.960 0.1111110002
48424  -17.877  -29.745  45.019 0.2222220004
46625  -16.048  -32.001  46.102 0.1111110002
45692  -15.392  -32.447  44.941 0.2222220004
46633  -15.963  -31.952  45.288 0.2222220004
46641  -16.481  -31.508  44.785 0.2222220004
47558  -17.028  -30.969  45.113 0.2222220004
49338  -18.141  -29.056  44.600 0.1111110002
46640  -15.844  -31.923  44.484 0.3333329856
46647  -16.297  -31.485  43.995 0.3333329856
47559  -17.452  -30.385  44.580 0.2222220004
46646  -15.714  -31.907  43.718 0.4444440007
48446  -17.695  -29.532  43.199 0.2222220004
46655  -16.101  -31.513  43.327 0.3333329856
157320  -16.831  -30.655  42.872 0.2222220004
47573  -16.265  -31.235  42.629 0.3333329856
47575  -17.249  -30.080  42.610 0.2222220004
46667  -15.448  -31.646  41.383 0.5555559993
138358  -16.739  -30.622  42.117 0.3333329856
48458  -17.177  -29.969  41.694 0.2222220004
48475  -17.568  -29.376  41.342 0.2222220004
47586  -16.613  -30.560  41.213 0.3333329856
49398  -17.751  -28.918  40.606 0.2222220004
50230  -18.260  -28.048  41.828 0.2222220004
48491  -17.345  -29.332  39.807 0.4444440007
50239  -18.225  -28.143  41.000 0.3333329856
133733  -17.761  -28.714  39.756 0.5555559993
43745  -4.431  -34.753  51.999 0.1111110002
133157  -5.403  -34.753  50.950 0.1111110002
50250  -18.529  -27.451  40.522 0.2222220004
50249  -18.134  -28.144  40.127 0.3333329856
52029  -19.058  -26.109  40.423 0.2222220004
49419  -17.475  -28.905  38.974 0.5555559993
158146  -18.817  -26.812  39.614 0.2222220004
51134  -19.024  -26.332  39.691 0.2222220004
151674  -20.644  -22.751  40.511 0.1111110002
142307  -19.388  -25.575  39.764 0.2222220004
54011  -20.348  -23.313  39.896 0.1111110002
55023  -20.797  -22.382  39.837 0.1111110002
50286  -18.378  -27.568  38.633 0.4444440007
142360  -19.688  -24.871  39.313 0.2222220004
54010  -19.913  -24.148  39.638 0.2222220004
51146  -19.184  -26.148  38.379 0.2222220004
148895  -22.538  -20.535  41.207 0.1111110002
57301  -22.027  -20.991  41.640 0.1111110002
56134  -21.643  -21.334  40.994 0.1111110002
136387  -22.131  -20.712  40.777 0.1111110002
56153  -21.083  -21.956  40.638 0.1111110002
56170  -21.040  -21.830  39.179 0.1111110002
157800  -19.891  -24.340  38.944 0.2222220004
55034  -20.621  -22.740  38.913 0.1111110002
52967  -20.037  -24.162  38.298 0.2222220004
54023  -20.385  -23.415  38.162 0.2222220004
52978  -20.211  -23.978  37.482 0.3333329856
54033  -20.527  -23.198  37.348 0.2222220004
57288  -23.690  -20.203  42.869 0.1111110002
58391  -23.180  -20.202  42.197 0.1111110002
57302  -22.684  -20.517  41.892 0.1111110002
58401  -22.906  -20.240  41.287 0.1111110002
56154  -21.658  -21.095  40.203 0.1111110002
56187  -20.989  -21.886  38.358 0.1111110002
55061  -20.801  -22.491  37.265 0.3333329856
55045  -20.704  -22.611  37.948 0.2222220004
55074  -20.719  -22.832  36.514 0.3333329856
58392  -23.792  -20.167  42.059 0.1111110002
57316  -22.198  -20.483  40.120 0.1111110002
57331  -21.901  -20.554  39.540 0.1111110002
56171  -21.725  -20.673  38.968 0.1111110002
56172  -28.088  -21.121  39.916 0.1111110002
57338  -29.173  -20.839  39.174 0.1111110002
157894  -36.114  -22.361  36.316 0.2222220004
152176  -21.474  -21.166  39.409 0.1111110002
57337  -28.457  -20.889  39.190 0.1111110002
55092  -34.603  -22.306  36.345 0.2222220004
55093  -35.493  -22.299  36.134 0.2222220004
56201  -21.010  -21.894  37.583 0.2222220004
56188  -21.395  -21.175  38.665 0.1111110002
57368  -28.746  -20.491  37.886 0.1111110002
137387  -29.406  -20.591  38.108 0.1111110002
57382  -30.119  -20.603  37.004 0.2222220004
56216  -30.835  -20.936  36.434 0.2222220004
140846  -31.818  -21.457  36.144 0.2222220004
56234  -32.476  -21.727  35.869 0.3333329856
56235  -33.893  -22.136  35.800 0.2222220004
137163  -33.449  -21.874  35.028 0.3333329856
135252  -28.714  -20.246  37.128 0.1111110002
57355  -30.144  -20.692  37.957 0.2222220004
56203  -30.845  -20.931  37.379 0.2222220004
151875  -31.377  -21.228  36.311 0.2222220004
56233  -31.899  -21.469  35.390 0.2222220004
134055  -31.293  -21.199  35.795 0.2222220004
56256  -31.097  -21.308  34.093 0.3333329856
58402  -23.350  -20.085  41.386 0.1111110002
137647  -24.651  -20.468  40.896 0.1111110002
157297  -22.800  -20.109  40.040 0.1111110002
58412  -23.034  -20.005  40.526 0.1111110002
58424  -24.339  -20.201  39.465 0.1111110002
57305  -26.204  -21.164  41.192 0.1111110002
57335  -26.588  -20.983  39.565 0.1111110002
57332  -22.460  -20.135  39.499 0.1111110002
58413  -23.582  -19.997  39.978 0.1111110002
57333  -24.977  -20.570  40.038 0.1111110002
57334  -25.782  -20.861  39.809 0.1111110002
148922  -22.836  -19.730  38.650 0.1111110002
58423  -23.534  -19.876  39.177 0.1111110002
143610  -26.004  -20.807  39.026 0.1111110002
151628  -26.717  -20.835  38.881 0.1111110002
56236  -34.829  -22.180  35.587 0.2222220004
56237  -35.626  -22.074  35.300 0.2222220004
56186  -15.741  -21.173  38.223 0.1111110002
56214  -21.090  -21.857  36.825 0.3333329856
56202  -21.387  -21.156  37.799 0.2222220004
57347  -21.814  -20.395  38.257 0.1111110002
138576  -27.231  -20.664  38.320 0.1111110002
131994  -27.885  -20.387  37.560 0.1111110002
55060  -16.059  -22.203  37.468 0.4444440007
55075  -20.994  -22.143  36.052 0.3333329856
137894  -21.446  -21.045  36.983 0.3333329856
57376  -21.784  -20.379  36.552 0.3333329856
151451  -28.119  -20.061  36.823 0.1111110002
57381  -29.378  -20.297  36.656 0.2222220004
140326  -32.636  -21.693  35.119 0.3333329856
139098  -35.037  -22.034  34.905 0.2222220004
56215  -21.393  -21.236  36.074 0.4444440007
142214  -21.755  -20.376  35.788 0.4444440007
57397  -30.012  -20.527  36.117 0.2222220004
148050  -30.605  -20.877  35.529 0.2222220004
140073  -31.207  -21.245  34.984 0.2222220004
56255  -21.391  -21.317  33.746 0.5555559993
56232  -21.491  -21.018  34.936 0.5555559993
57349  -24.641  -20.218  38.694 0.1111110002
58435  -23.846  -19.826  38.298 0.1111110002
56200  -16.064  -21.540  37.705 0.2222220004
58445  -22.532  -19.732  37.828 0.2222220004
57365  -24.833  -20.056  37.841 0.1111110002
57351  -26.349  -20.593  38.277 0.1111110002
57367  -26.874  -20.348  37.522 0.1111110002
58457  -22.560  -19.623  36.938 0.2222220004
57366  -25.840  -20.195  37.454 0.1111110002
57378  -26.539  -19.959  36.750 0.1111110002
58462  -27.092  -19.716  36.115 0.1111110002
57380  -28.654  -20.008  36.390 0.2222220004
57396  -29.257  -20.128  35.843 0.2222220004
56274  -31.684  -21.506  33.649 0.3333329856
56258  -32.935  -21.702  34.344 0.3333329856
132015  -33.823  -21.789  34.277 0.2222220004
57393  -21.912  -19.910  35.117 0.4444440007
58479  -25.844  -19.041  35.247 0.2222220004
58461  -26.233  -19.578  36.042 0.2222220004
57394  -27.681  -19.562  35.496 0.2222220004
58501  -28.297  -19.584  34.884 0.2222220004
147191  -29.834  -20.469  35.220 0.2222220004
57416  -30.431  -20.926  34.626 0.2222220004
132185  -33.327  -21.663  33.561 0.4444440007
57413  -21.685  -20.338  34.139 0.4444440007
147027  -26.698  -19.013  34.831 0.4444440007
58500  -27.488  -19.230  34.700 0.2222220004
134990  -28.145  -19.428  34.228 0.3333329856
57433  -30.312  -21.069  33.706 0.4444440007
56273  -31.008  -21.440  33.116 0.4444440007
134742  -32.438  -21.612  33.635 0.4444440007
131349  -32.795  -21.618  32.862 0.4444440007
57430  -21.560  -20.707  33.237 0.5555559993
58512  -26.970  -18.771  34.189 0.3333329856
58513  -27.689  -19.096  33.799 0.4444440007
134530  -28.497  -19.897  32.764 0.4444440007
57432  -29.707  -20.806  33.314 0.5555559993
56272  -30.165  -21.190  32.830 0.5555559993
56289  -30.633  -21.426  32.311 0.4444440007
151695  -31.919  -21.579  32.944 0.4444440007
56292  -33.094  -21.587  32.116 0.4444440007
141130  -29.486  -20.856  32.548 0.5555559993
56288  -29.974  -21.268  31.949 0.5555559993
56307  -30.695  -21.548  31.421 0.5555559993
57459  -29.256  -20.954  31.664 0.5555559993
56306  -29.721  -21.328  30.927 0.5555559993
56308  -31.697  -21.601  31.421 0.5555559993
56330  -32.125  -21.459  30.645 0.5555559993
57363  -16.605  -19.948  37.808 0.2222220004
149006  -23.105  -19.475  37.524 0.2222220004
58446  -24.093  -19.644  37.303 0.1111110002
58476  -22.747  -19.192  35.933 0.2222220004
58459  -24.178  -19.343  36.442 0.2222220004
58478  -24.652  -18.997  35.567 0.2222220004
58498  -25.011  -18.637  34.938 0.2222220004
58499  -26.302  -18.716  34.524 0.3333329856
59393  -26.302  -18.366  33.837 0.4444440007
59408  -27.229  -18.654  32.331 0.4444440007
134124  -27.874  -19.266  32.773 0.4444440007
56329  -31.214  -21.551  30.594 0.6666669846
57437  -40.549  -19.798  33.729 0.1111110002
152681  -23.558  -19.395  36.952 0.2222220004
58477  -23.520  -18.914  35.752 0.2222220004
133788  -22.414  -19.225  35.166 0.2222220004
58497  -22.999  -18.672  35.029 0.2222220004
59380  -23.884  -18.148  34.278 0.3333329856
58496  -22.525  -18.773  34.336 0.4444440007
59379  -23.105  -18.294  34.271 0.3333329856
59391  -24.535  -17.809  33.671 0.4444440007
59392  -25.467  -18.086  33.843 0.4444440007
144756  -23.937  -17.573  33.148 0.5555559993
59405  -24.622  -17.511  32.962 0.4444440007
59407  -26.467  -18.104  32.909 0.4444440007
60349  -25.138  -17.336  32.353 0.5555559993
60377  -40.180  -17.826  30.959 0.1111110002
60399  -39.117  -17.741  30.025 0.3333329856
60379  -41.788  -16.956  31.371 0.1111110002
60378  -40.966  -17.374  30.981 0.1111110002
152008  -40.795  -16.945  30.463 0.1111110002
60400  -39.856  -17.526  30.338 0.3333329856
60411  -39.676  -17.087  29.691 0.4444440007
62298  -42.987  -15.392  32.187 0.1111110002
142212  -42.944  -16.154  32.184 0.1111110002
60380  -42.494  -16.246  31.730 0.1111110002
61353  -41.306  -16.616  30.688 0.1111110002
61307  -42.847  -16.708  32.239 0.1111110002
61327  -41.862  -16.055  31.062 0.1111110002
62352  -40.728  -15.520  29.757 0.2222220004
61352  -40.793  -16.374  30.160 0.1111110002
62372  -39.595  -15.051  28.403 0.5555559993
141659  -38.794  -14.021  27.670 0.5555559993
63295  -43.898  -14.338  33.193 0.1111110002
62284  -43.672  -15.246  32.893 0.1111110002
62313  -42.372  -15.322  31.440 0.1111110002
62312  -41.792  -15.230  30.821 0.1111110002
63349  -40.537  -14.158  29.147 0.4444440007
63333  -40.880  -14.538  29.671 0.3333329856
63362  -39.742  -14.147  28.377 0.4444440007
66204  -40.942  -11.677  23.979 0.3333329856
65291  -43.395  -11.904  25.567 0.2222220004
67094  -44.272  -10.641  25.591 0.2222220004
67108  -43.879  -10.222  25.039 0.2222220004
66206  -42.114  -11.610  24.648 0.3333329856
66207  -42.869  -11.271  24.996 0.2222220004
67107  -43.197  -10.475  24.730 0.2222220004
67967  -44.532  -9.934  25.309 0.2222220004
66219  -40.878  -11.084  23.607 0.3333329856
67119  -42.065  -10.242  23.832 0.2222220004
67980  -42.826  -10.007  24.159 0.3333329856
67117  -40.724  -10.588  23.214 0.3333329856
67968  -45.228  -9.615  25.585 0.2222220004
67959  -45.562  -9.977  26.248 0.2222220004
68877  -45.635  -8.924  25.227 0.1111110002
67981  -43.548  -9.785  24.487 0.2222220004
67983  -44.805  -9.217  24.861 0.2222220004
67994  -43.224  -9.332  23.887 0.2222220004
68887  -44.051  -9.107  24.244 0.2222220004
68888  -45.352  -8.525  24.568 0.1111110002
67992  -41.730  -9.781  23.209 0.3333329856
68899  -42.871  -8.884  23.224 0.3333329856
68900  -43.614  -8.632  23.541 0.2222220004
150942  -44.356  -8.364  23.774 0.3333329856
68010  -42.154  -9.142  22.858 0.3333329856
68913  -43.244  -8.111  22.850 0.3333329856
68878  -46.367  -8.589  25.580 0.1111110002
68889  -46.114  -8.242  24.841 0.1111110002
69760  -46.789  -7.838  25.216 0.1111110002
68901  -45.050  -8.096  23.998 0.1111110002
69770  -45.775  -7.819  24.229 0.1111110002
69785  -45.419  -7.375  23.667 0.1111110002
69783  -43.975  -7.821  23.152 0.4444440007
69799  -43.623  -7.247  22.462 0.4444440007
69800  -44.367  -6.985  22.781 0.1111110002
69772  -47.160  -7.084  24.840 0.1111110002
69771  -46.512  -7.479  24.480 0.1111110002
70794  -47.422  -6.314  24.439 0.1111110002
70815  -46.349  -6.187  23.470 0.1111110002
152139  -45.726  -6.672  23.405 0.1111110002
69786  -46.134  -7.027  23.857 0.1111110002
70813  -45.079  -6.764  23.144 0.1111110002
70840  -43.929  -6.443  22.229 0.4444440007
70841  -44.737  -6.060  22.567 0.1111110002
70860  -43.510  -6.088  21.772 0.4444440007
70816  -47.019  -6.012  23.862 0.1111110002
70814  -45.555  -6.072  23.028 0.1111110002
71853  -46.032  -5.396  23.029 0.1111110002
71865  -45.340  -5.469  22.689 0.2222220004
71864  -44.730  -5.090  22.288 0.2222220004
139780  -45.565  -4.766  22.661 0.2222220004
72893  -46.418  -4.495  23.096 0.1111110002
135844  -44.971  -4.187  22.403 0.2222220004
73859  -45.702  -3.832  22.742 0.2222220004
73870  -44.995  -3.203  22.573 0.2222220004
73860  -46.385  -3.380  23.125 0.2222220004
74860  -45.640  -2.710  22.944 0.2222220004
75810  -45.639  -1.606  23.033 0.2222220004
74877  -44.816  -1.968  22.757 0.3333329856
140497  -44.382  -2.712  22.426 0.3333329856
74876  -43.989  -1.863  22.434 0.3333329856
75822  -44.335  -1.136  22.391 0.3333329856
75823  -45.121  -1.087  22.679 0.3333329856
74875  -43.480  -1.225  22.070 0.5555559993
73920  -48.975  -2.874  18.847 0.4444440007
75873  -48.225  -2.096  18.298 0.4444440007
135358  -49.363  -2.563  18.264 0.4444440007
74932  -49.691  -2.143  17.666 0.4444440007
76876  -48.159  -0.457  17.699 0.4444440007
76877  -49.069  -0.554  17.306 0.4444440007
74933  -50.437  -2.295  17.456 0.4444440007
140963  -49.760  -0.905  17.043 0.4444440007
135886  -50.080  -1.573  17.132 0.4444440007
75885  -50.868  -1.749  16.853 0.4444440007
75884  -50.540  -0.830  16.745 0.4444440007
81367  -49.214  4.451  21.390 0.3333329856
80535  -49.105  3.567  20.330 0.4444440007
81381  -49.706  3.834  20.841 0.3333329856
80552  -49.836  3.154  20.126 0.4444440007
79723  -50.332  2.496  19.610 0.4444440007
155441  -50.597  1.966  19.227 0.5555559993
78829  -52.014  0.991  18.786 0.5555559993
79705  -50.891  2.880  20.196 0.2222220004
79724  -51.381  2.112  19.727 0.3333329856
78816  -52.206  1.513  19.490 0.4444440007
78830  -52.865  1.210  19.284 0.5555559993
78818  -53.465  1.572  19.505 0.4444440007
135139  -53.790  1.539  19.197 0.4444440007
44729  -14.214  -33.411  45.997 0.2222220004
44738  -14.167  -33.267  45.016 0.2222220004
137455  -15.500  -32.470  45.738 0.1111110002
45670  -14.944  -33.014  47.856 0.1111110002
151478  -14.595  -33.265  46.980 0.1111110002
45679  -15.346  -32.725  47.051 0.1111110002
36140  -4.558  -42.744  50.993 0.2222220004
37181  -6.432  -41.561  50.677 0.1111110002
36138  -3.091  -42.033  49.615 0.2222220004
42010  -9.854  -36.638  46.665 0.2222220004
42888  -11.274  -35.601  46.442 0.2222220004
43796  -12.877  -34.358  45.917 0.1111110002
43785  -12.484  -34.765  46.300 0.2222220004
141435  -15.287  -32.381  44.148 0.4444440007
45685  -14.832  -32.883  45.426 0.3333329856
46654  -15.557  -31.914  42.878 0.4444440007
48500  -16.983  -29.499  39.155 0.5555559993
50265  -18.029  -28.183  39.245 0.4444440007
52048  -19.533  -25.475  37.976 0.2222220004
56276  -34.239  -21.673  33.514 0.2222220004
55110  -21.135  -22.036  34.293 0.5555559993
58511  -22.143  -18.942  33.437 0.5555559993
59404  -23.193  -17.764  32.876 0.4444440007
60348  -24.022  -17.331  32.336 0.5555559993
60350  -26.051  -17.628  32.260 0.4444440007
141560  -15.049  -22.400  38.499 0.3333329856
59435  -39.412  -18.146  30.745 0.1111110002
64358  -38.343  -13.359  27.435 0.7777780294
73910  -48.570  -3.041  19.444 0.4444440007
151956  -13.661  -33.671  45.361 0.2222220004
47585  -16.132  -31.146  41.714 0.4444440007
51145  -18.855  -26.758  38.988 0.3333329856
58495  -22.013  -19.400  34.307 0.5555559993
74931  -48.982  -2.041  17.937 0.4444440007
60410  -38.903  -17.285  29.258 0.3333329856
60401  -40.314  -16.952  30.105 0.3333329856
77877  -49.278  0.431  17.409 0.6666669846
55091  -21.114  -22.008  35.281 0.5555559993
57415  -29.594  -20.486  34.194 0.3333329856
67118  -41.331  -10.442  23.471 0.3333329856
39265  -7.999  -40.100  49.465 0.1111110002
35094  -4.226  -43.625  50.600 0.1111110002
35086  -5.284  -43.600  51.554 0.1111110002
36130  -5.876  -42.613  52.172 0.2222220004
35093  -3.710  -43.247  50.103 0.2222220004
41085  -9.751  -38.207  48.871 0.2222220004
42001  -10.426  -36.788  47.600 0.2222220004
46634  -16.617  -31.555  45.629 0.1111110002
48435  -17.768  -29.681  44.122 0.2222220004
47565  -16.863  -30.948  44.247 0.2222220004
47574  -16.611  -31.025  43.439 0.2222220004
47566  -17.251  -30.348  43.575 0.2222220004
48474  -17.105  -29.818  40.664 0.3333329856
49380  -17.907  -28.734  41.537 0.2222220004
50266  -18.532  -27.408  39.601 0.2222220004
54022  -20.177  -23.683  38.980 0.2222220004
58414  -23.750  -20.113  40.742 0.1111110002
58434  -22.282  -19.948  38.455 0.1111110002
57336  -27.482  -20.942  39.200 0.1111110002
57320  -27.212  -21.180  40.104 0.1111110002
57352  -28.117  -20.695  38.458 0.1111110002
158002  -33.121  -21.917  35.631 0.2222220004
56257  -31.978  -21.529  34.459 0.4444440007
58422  -22.943  -19.890  39.668 0.1111110002
57319  -26.382  -21.097  40.368 0.1111110002
133626  -25.208  -20.574  39.239 0.1111110002
58433  -22.159  -19.911  37.630 0.1111110002
57350  -25.477  -20.465  38.423 0.1111110002
57364  -21.784  -20.399  37.356 0.2222220004
58456  -22.097  -19.914  36.928 0.2222220004
58475  -22.201  -19.698  36.097 0.2222220004
57395  -28.490  -19.793  35.644 0.2222220004
134879  -29.070  -19.988  35.000 0.2222220004
57377  -25.795  -19.810  36.649 0.1111110002
58480  -26.837  -19.356  35.411 0.2222220004
58447  -25.029  -19.766  36.949 0.2222220004
58460  -25.299  -19.461  36.130 0.2222220004
57414  -28.772  -19.858  34.187 0.3333329856
59382  -25.634  -18.503  34.474 0.4444440007
58514  -28.354  -19.610  33.514 0.4444440007
56290  -31.360  -21.565  32.233 0.4444440007
56291  -32.241  -21.609  32.171 0.4444440007
59394  -27.133  -18.639  33.322 0.3333329856
59371  -24.026  -18.548  34.947 0.2222220004
59381  -24.781  -18.261  34.379 0.3333329856
59406  -25.495  -17.727  33.107 0.4444440007
59390  -23.504  -17.893  33.661 0.4444440007
62332  -41.313  -14.968  30.229 0.2222220004
135981  -40.458  -14.866  29.253 0.4444440007
64343  -39.329  -13.793  28.052 0.4444440007
67106  -42.454  -10.755  24.403 0.2222220004
66192  -43.607  -10.946  25.279 0.2222220004
66205  -41.601  -11.091  24.056 0.3333329856
67993  -42.473  -9.558  23.556 0.3333329856
131939  -44.708  -8.675  24.304 0.1111110002
69784  -44.709  -7.597  23.435 0.1111110002
70793  -46.800  -6.677  24.122 0.1111110002
134941  -50.170  -3.334  19.449 0.4444440007
74920  -48.747  -2.460  18.439 0.4444440007
73921  -50.532  -3.120  18.652 0.4444440007
75883  -49.340  -1.452  17.433 0.4444440007
74922  -50.741  -2.844  17.950 0.4444440007
79706  -51.914  2.673  20.375 0.2222220004
79725  -52.485  2.040  20.039 0.3333329856
78817  -53.025  1.676  19.772 0.4444440007
78803  -53.141  2.105  20.055 0.3333329856
45678  -14.990  -32.841  46.272 0.2222220004
44737  -13.438  -33.961  46.001 0.2222220004
137452  -14.285  -33.667  47.791 0.1111110002
36149  -2.882  -42.252  49.307 0.1111110002
39270  -2.144  -39.770  48.887 0.1111110002
40191  -2.043  -38.908  49.247 0.1111110002
38275  -2.051  -39.898  48.052 0.1111110002
43777  -12.693  -34.901  47.076 0.1111110002
55051  -37.216  -23.324  38.054 0.1111110002
54026  -37.888  -23.713  38.694 0.1111110002
55079  -36.768  -22.466  36.547 0.1111110002
54034  -38.142  -23.319  37.898 0.1111110002
62295  -29.353  -15.893  32.397 0.2222220004
62296  -29.823  -16.469  32.863 0.1111110002
61301  -29.774  -16.545  32.041 0.1111110002
64328  -40.233  -13.835  28.712 0.3333329856
64359  -38.938  -13.178  27.787 0.4444440007
64344  -39.916  -13.306  28.284 0.3333329856
65217  -41.243  -13.531  29.410 0.3333329856
65257  -39.530  -12.698  27.437 0.2222220004
65229  -40.543  -13.404  28.420 0.3333329856
65230  -40.962  -13.338  28.922 0.3333329856
65245  -39.514  -12.886  27.829 0.3333329856
65256  -38.718  -12.426  27.472 0.4444440007
64345  -40.750  -13.292  28.377 0.2222220004
65247  -41.120  -13.234  28.981 0.2222220004
64361  -40.382  -13.206  27.657 0.2222220004
65268  -39.180  -12.426  27.144 0.3333329856
64346  -41.395  -13.482  28.526 0.2222220004
64374  -39.600  -12.899  26.790 0.2222220004
63376  -41.072  -13.575  27.845 0.2222220004
63399  -40.724  -13.904  26.347 0.2222220004
145959  -41.365  -12.074  24.393 0.2222220004
63364  -42.149  -13.907  28.601 0.2222220004
158221  -48.061  -2.896  19.448 0.3333329856
73902  -50.646  -3.486  20.208 0.3333329856
75895  -53.973  -2.153  16.170 0.2222220004
76905  -53.606  0.069  14.671 0.2222220004
77913  -54.379  0.941  13.453 0.2222220004
78855  -53.680  1.185  14.627 0.2222220004
77912  -53.860  1.182  13.939 0.2222220004
77895  -53.371  0.411  15.178 0.3333329856
78852  -53.633  1.083  15.493 0.2222220004
78859  -54.386  1.863  13.287 0.2222220004
78853  -54.066  1.840  14.965 0.2222220004
78856  -54.083  1.893  14.121 0.2222220004
79758  -54.544  2.701  13.626 0.2222220004
79753  -54.804  2.543  15.506 0.2222220004
79756  -54.565  2.662  14.516 0.3333329856
80572  -54.951  3.501  13.262 0.2222220004
80569  -55.027  3.583  14.145 0.3333329856
78847  -54.321  1.701  16.013 0.3333329856
79748  -55.102  2.373  16.645 0.3333329856
80566  -55.207  3.469  15.134 0.3333329856
80570  -55.352  4.320  14.794 0.4444440007
79754  -55.421  3.293  16.207 0.3333329856
80567  -55.454  4.103  15.828 0.4444440007
81409  -55.353  4.896  14.316 0.3333329856
81403  -55.329  4.702  15.363 0.3333329856
82322  -54.646  5.588  15.518 0.4444440007
81400  -55.408  4.539  16.354 0.4444440007
82312  -55.469  4.959  16.828 0.4444440007
82323  -55.231  5.074  15.838 0.4444440007
82311  -54.994  5.516  16.257 0.4444440007
82299  -55.318  5.492  17.001 0.3333329856
146028  -29.321  -15.778  33.183 0.2222220004
65267  -38.512  -11.815  27.084 0.4444440007
143079  -40.052  -13.576  26.238 0.2222220004
76897  -53.873  -0.691  15.032 0.2222220004
74943  -53.348  -2.506  16.565 0.2222220004
65306  -41.807  -12.433  24.880 0.2222220004
147178  -49.734  -3.026  18.763 0.3333329856
74921  -50.072  -2.709  18.093 0.3333329856
74941  -51.701  -1.996  16.662 0.3333329856
136020  -52.076  -2.630  17.014 0.3333329856
64360  -39.743  -12.902  27.162 0.2222220004
65246  -40.090  -13.027  27.807 0.2222220004
64375  -40.187  -13.382  26.955 0.2222220004
63363  -41.709  -14.041  27.989 0.2222220004
63387  -40.770  -13.794  27.144 0.2222220004
133992  -41.477  -14.236  27.197 0.2222220004
80573  -55.362  4.487  13.669 0.4444440007
143706  -55.563  3.942  16.798 0.4444440007
82335  -55.017  5.223  14.792 0.3333329856
81401  -55.566  4.460  17.281 0.3333329856
37172  -6.297  -41.867  51.863 0.1111110002
157895  -6.355  -33.249  49.362 0.1111110002
56193  -33.045  -22.053  37.961 0.1111110002
56204  -31.444  -21.239  37.723 0.1111110002
64230  -20.037  -13.776  35.808 0.2222220004
56219  -33.120  -22.009  36.295 0.1111110002
64217  -19.787  -13.689  36.476 0.1111110002
64231  -20.504  -13.705  35.334 0.2222220004
65167  -21.035  -12.957  36.895 0.1111110002
132235  -21.702  -12.616  40.894 0.1111110002
134246  -22.357  -12.793  40.867 0.1111110002
64186  -22.700  -13.310  39.830 0.1111110002
154814  -21.727  -12.908  38.846 0.1111110002
65145  -21.385  -12.682  39.307 0.1111110002
65152  -22.085  -13.189  38.408 0.1111110002
65151  -21.350  -12.816  38.461 0.1111110002
136808  -22.714  -13.703  38.205 0.1111110002
64205  -21.919  -13.268  36.843 0.1111110002
64220  -22.726  -13.752  36.779 0.1111110002
138141  -22.293  -13.527  36.075 0.1111110002
64233  -22.046  -13.550  35.265 0.1111110002
64195  -23.261  -14.116  38.512 0.1111110002
64207  -23.169  -14.104  37.586 0.1111110002
148090  -23.477  -14.273  36.684 0.1111110002
155356  -23.463  -14.143  35.392 0.1111110002
135786  -31.672  -17.603  31.341 0.1111110002
61324  -34.657  -16.720  31.158 0.1111110002
61351  -34.973  -15.965  30.814 0.1111110002
138036  -32.407  -17.461  30.709 0.2222220004
63316  -41.731  -14.529  30.579 0.1111110002
151560  -42.391  -13.328  30.705 0.1111110002
63334  -41.384  -14.046  30.072 0.1111110002
64295  -42.620  -13.619  31.330 0.1111110002
65208  -43.450  -13.109  31.394 0.1111110002
64294  -41.947  -13.897  30.671 0.1111110002
65207  -42.882  -13.133  31.082 0.1111110002
64312  -40.907  -13.920  29.440 0.1111110002
65218  -41.807  -13.387  30.087 0.1111110002
65219  -42.566  -13.301  30.461 0.1111110002
65220  -43.117  -13.168  30.784 0.1111110002
64297  -44.241  -13.201  31.511 0.1111110002
65221  -43.682  -13.235  30.937 0.1111110002
65233  -42.883  -13.336  30.119 0.1111110002
65231  -41.458  -13.418  29.330 0.1111110002
64314  -44.179  -13.693  30.651 0.1111110002
64313  -43.514  -13.557  30.359 0.1111110002
64331  -42.474  -13.600  29.406 0.1111110002
65232  -42.104  -13.292  29.794 0.1111110002
63318  -45.660  -14.410  31.320 0.1111110002
148906  -43.255  -13.918  29.640 0.1111110002
64330  -41.792  -13.371  29.111 0.1111110002
63337  -46.106  -15.334  30.811 0.1111110002
63335  -44.674  -14.518  30.210 0.1111110002
150038  -43.994  -14.192  29.871 0.1111110002
74861  -46.333  -2.240  23.269 0.1111110002
63336  -45.386  -14.885  30.520 0.1111110002
62333  -45.892  -15.688  30.024 0.1111110002
63351  -44.460  -15.041  29.416 0.1111110002
132466  -42.707  -14.637  28.147 0.1111110002
75811  -46.432  -1.204  23.243 0.1111110002
76833  -48.673  -0.756  23.476 0.1111110002
75826  -48.409  -0.903  22.649 0.1111110002
76832  -47.907  -0.658  23.278 0.1111110002
76818  -47.679  -0.818  23.651 0.1111110002
76819  -48.330  -0.719  23.901 0.1111110002
75813  -49.495  -0.890  23.649 0.1111110002
75827  -49.242  -1.252  22.819 0.1111110002
75828  -50.092  -1.591  23.007 0.1111110002
76817  -46.981  -0.822  23.305 0.1111110002
74879  -50.635  -2.485  22.548 0.1111110002
76831  -47.197  -0.638  23.019 0.1111110002
73872  -52.189  -3.137  23.021 0.1111110002
73862  -53.096  -3.396  23.186 0.1111110002
74878  -49.804  -2.159  22.180 0.1111110002
74880  -51.410  -2.786  22.811 0.1111110002
73873  -53.637  -3.652  22.511 0.1111110002
155042  -52.609  -3.562  22.259 0.1111110002
75825  -47.581  -0.717  22.491 0.1111110002
75841  -48.953  -1.623  22.035 0.1111110002
74895  -51.174  -3.076  22.117 0.1111110002
73871  -51.814  -3.275  22.388 0.1111110002
73874  -54.575  -3.644  22.558 0.1111110002
76829  -45.564  -0.763  22.373 0.1111110002
73888  -54.860  -3.641  21.722 0.1111110002
75824  -45.798  -0.982  22.860 0.1111110002
76830  -46.387  -0.768  22.741 0.1111110002
145084  -53.394  -3.705  21.615 0.1111110002
75840  -48.124  -1.265  21.828 0.1111110002
148169  -49.316  -2.368  21.608 0.1111110002
74894  -50.457  -2.889  21.819 0.1111110002
73885  -51.732  -3.473  21.619 0.1111110002
73905  -54.761  -3.558  20.211 0.1111110002
73886  -52.550  -3.649  21.214 0.1111110002
136031  -53.292  -3.633  20.672 0.1111110002
73906  -55.584  -3.503  20.209 0.1111110002
73917  -55.976  -3.475  19.432 0.1111110002
74892  -48.640  -2.183  21.351 0.1111110002
74907  -49.296  -2.889  20.932 0.2222220004
135388  -50.970  -3.288  21.508 0.1111110002
73915  -54.433  -3.516  19.458 0.1111110002
73916  -55.198  -3.533  19.511 0.1111110002
73926  -55.511  -3.521  18.794 0.1111110002
73928  -56.993  -3.010  18.298 0.1111110002
73904  -52.464  -3.574  20.191 0.1111110002
132171  -53.928  -3.540  20.094 0.1111110002
73927  -56.264  -3.372  18.591 0.1111110002
73939  -56.430  -3.220  17.733 0.1111110002
75897  -58.434  -1.300  17.020 0.1111110002
135058  -58.809  -0.700  16.533 0.1111110002
74906  -48.359  -2.700  20.593 0.2222220004
73901  -49.750  -3.336  20.238 0.2222220004
150982  -53.232  -3.533  19.898 0.1111110002
73899  -48.096  -2.986  19.945 0.2222220004
73911  -49.333  -3.207  19.467 0.2222220004
73912  -51.958  -3.432  19.303 0.1111110002
73914  -53.658  -3.475  19.295 0.1111110002
134406  -54.941  -3.513  18.268 0.1111110002
74937  -57.190  -2.706  17.362 0.1111110002
76888  -59.306  -0.557  17.221 0.1111110002
75909  -58.131  -1.313  16.185 0.1111110002
73925  -54.226  -3.476  18.681 0.1111110002
151364  -55.823  -3.263  17.344 0.1111110002
74947  -57.046  -2.487  16.544 0.1111110002
73923  -52.413  -3.327  18.468 0.1111110002
73924  -53.341  -3.400  18.390 0.1111110002
73937  -54.163  -3.354  17.761 0.1111110002
74946  -56.363  -2.911  16.851 0.1111110002
75908  -57.266  -1.883  15.878 0.1111110002
75919  -56.995  -1.340  15.066 0.1111110002
136873  -56.733  -0.830  14.474 0.1111110002
143339  -52.796  -3.268  17.816 0.1111110002
73936  -53.353  -3.255  17.610 0.1111110002
73944  -54.508  -3.061  16.998 0.1111110002
138906  -55.286  -2.470  16.229 0.1111110002
75907  -56.370  -1.822  15.480 0.1111110002
74952  -54.800  -1.977  15.791 0.1111110002
75906  -55.494  -1.611  15.291 0.1111110002
76908  -55.920  -0.705  14.284 0.1111110002
76907  -55.015  -0.461  14.239 0.1111110002
73922  -51.437  -3.188  18.374 0.2222220004
74934  -51.306  -2.614  17.343 0.2222220004
73935  -52.128  -3.055  17.657 0.1111110002
74935  -52.828  -2.929  17.139 0.1111110002
154271  -54.035  -2.702  16.635 0.1111110002
75905  -54.633  -1.262  15.169 0.2222220004
133329  -53.920  -1.453  15.612 0.1111110002
75917  -55.295  -1.038  14.730 0.1111110002
75916  -54.571  -0.739  14.689 0.1111110002
76906  -54.192  -0.195  14.371 0.1111110002
76922  -54.656  0.193  13.801 0.1111110002
80576  -55.362  3.914  12.461 0.1111110002
74942  -52.527  -2.240  16.564 0.1111110002
77901  -53.962  0.484  14.075 0.1111110002
79759  -54.828  2.804  12.788 0.2222220004
82242  -47.474  5.058  24.209 0.1111110002
82254  -46.892  5.244  23.339 0.1111110002
82255  -47.940  5.142  23.398 0.1111110002
82257  -49.224  4.895  23.575 0.1111110002
82268  -49.063  4.936  22.706 0.1111110002
82258  -50.090  4.718  23.858 0.1111110002
81328  -50.972  4.570  24.138 0.1111110002
81318  -52.167  4.572  25.303 0.1111110002
143337  -48.626  5.048  23.182 0.1111110002
81350  -49.605  4.680  22.123 0.1111110002
81339  -50.769  4.544  23.227 0.1111110002
82277  -48.728  4.889  21.949 0.1111110002
82269  -49.877  4.721  22.972 0.1111110002
140967  -52.225  4.468  23.896 0.1111110002
79736  -55.650  3.306  19.458 0.2222220004
78819  -54.080  2.057  19.330 0.2222220004
79735  -55.077  2.770  18.861 0.2222220004
146820  -56.330  3.941  19.084 0.2222220004
83267  -54.566  6.050  16.704 0.1111110002
83266  -53.574  6.230  16.650 0.1111110002
82310  -54.237  6.014  16.024 0.2222220004
83255  -54.958  6.167  17.387 0.1111110002
83254  -53.925  6.470  17.357 0.1111110002
82292  -57.727  5.457  19.311 0.1111110002
83243  -57.858  5.981  19.043 0.1111110002
80554  -56.830  4.547  19.074 0.1111110002
83239  -54.343  6.732  17.965 0.1111110002
83238  -53.282  6.902  17.974 0.1111110002
83253  -52.846  6.545  17.404 0.1111110002
83265  -52.410  6.141  16.654 0.1111110002
76889  -60.087  -0.062  17.160 0.1111110002
73907  -56.313  -3.278  20.172 0.1111110002
75886  -57.922  -1.926  17.596 0.1111110002
132346  -57.541  -2.467  18.101 0.1111110002
76909  -57.481  -0.682  14.685 0.1111110002
76899  -58.685  -0.471  15.807 0.1111110002
140174  -57.156  -0.510  14.234 0.1111110002
64219  -21.492  -13.287  36.089 0.1111110002
64218  -20.595  -13.318  36.130 0.1111110002
61350  -34.372  -16.405  30.364 0.1111110002
82276  -47.853  5.038  21.869 0.1111110002
78820  -54.553  2.261  18.958 0.3333329856
61323  -33.926  -17.038  30.761 0.1111110002
75839  -47.257  -1.086  21.636 0.1111110002
56217  -31.543  -21.325  36.890 0.1111110002
56218  -32.354  -21.715  36.649 0.1111110002
73900  -48.865  -3.168  20.141 0.2222220004
37165  -6.596  -42.248  52.630 0.1111110002
81368  -50.223  4.203  21.551 0.1111110002
63350  -42.952  -14.301  28.874 0.1111110002
155335  -42.201  -14.370  28.052 0.1111110002
135207  -51.168  -3.497  20.908 0.2222220004
77900  -53.624  0.679  14.446 0.1111110002
138575  -51.040  -3.409  19.358 0.1111110002
63377  -42.324  -14.565  27.491 0.1111110002
56206  -33.040  -22.023  37.118 0.1111110002
56205  -32.214  -21.645  37.602 0.1111110002
65159  -20.624  -12.814  37.851 0.1111110002
65160  -21.574  -13.037  37.664 0.1111110002
155393  -22.482  -12.966  40.358 0.1111110002
64194  -22.693  -13.560  38.925 0.1111110002
64178  -23.390  -13.798  40.241 0.1111110002
64206  -22.384  -13.481  37.581 0.1111110002
63352  -45.195  -15.322  29.700 0.1111110002
130558  -43.717  -14.758  29.146 0.1111110002
76841  -46.774  -0.681  22.284 0.1111110002
74893  -49.839  -2.774  21.522 0.1111110002
147089  -54.132  -3.713  21.905 0.1111110002
76840  -45.960  -0.640  22.032 0.2222220004
73887  -54.220  -3.646  21.026 0.1111110002
73884  -50.289  -3.270  21.046 0.2222220004
73903  -51.520  -3.553  20.142 0.1111110002
73938  -55.711  -3.469  18.023 0.1111110002
73913  -52.842  -3.449  19.259 0.1111110002
75896  -57.673  -2.009  16.728 0.1111110002
137482  -55.101  -3.329  17.500 0.1111110002
73945  -55.385  -2.955  16.784 0.1111110002
74954  -56.476  -2.385  16.127 0.1111110002
74936  -53.696  -3.045  17.079 0.1111110002
74944  -54.665  -2.575  16.421 0.1111110002
75918  -56.148  -1.275  14.847 0.1111110002
74953  -55.720  -2.181  15.844 0.1111110002
81351  -50.499  4.474  22.377 0.1111110002
81340  -51.769  4.470  23.434 0.1111110002
79727  -54.665  2.684  19.517 0.2222220004
153175  -56.972  4.279  19.354 0.2222220004
82321  -53.928  5.967  15.352 0.1111110002
130981  -40.208  -6.829  29.006 0.1111110002
141629  -39.613  -6.817  28.252 0.1111110002
152560  -40.482  -7.039  28.310 0.1111110002
70726  -41.013  -7.059  28.812 0.1111110002
149105  -38.759  -6.671  27.801 0.1111110002
70740  -40.336  -7.145  27.532 0.1111110002
132257  -39.397  -7.002  27.192 0.1111110002
70753  -38.679  -6.957  26.665 0.1111110002
70713  -40.794  -6.811  29.729 0.1111110002
139835  -41.701  -6.940  30.063 0.1111110002
70725  -39.388  -6.497  29.183 0.1111110002
70724  -38.697  -6.404  28.642 0.1111110002
71754  -39.287  -6.145  30.000 0.1111110002
70696  -39.961  -6.560  29.681 0.1111110002
70698  -41.115  -6.633  30.698 0.1111110002
71739  -39.277  -5.590  30.779 0.1111110002
70697  -40.103  -6.316  30.497 0.1111110002
145952  -29.996  -16.085  35.334 0.1111110002
155001  -38.741  -6.809  27.247 0.1111110002
69732  -33.269  -7.829  29.045 0.1111110002
69723  -33.520  -7.092  29.546 0.1111110002
70679  -34.582  -5.538  31.245 0.1111110002
70693  -33.623  -5.814  29.942 0.1111110002
71707  -36.306  -4.702  32.764 0.1111110002
72759  -35.988  -4.348  32.078 0.1111110002
71737  -34.590  -4.389  30.524 0.1111110002
151179  -34.095  -5.365  30.593 0.1111110002
148709  -33.949  -4.788  30.121 0.1111110002
72779  -35.686  -4.038  31.381 0.1111110002
80586  -56.082  3.909  11.554 0.1111110002
152372  -55.933  4.693  11.940 0.2222220004
78804  -53.468  2.002  19.821 0.1111110002
141100  -54.498  2.857  19.969 0.1111110002
152997  -56.057  3.400  20.027 0.1111110002
80541  -57.201  4.250  19.802 0.1111110002
78805  -53.726  1.952  19.586 0.1111110002
80553  -56.520  3.799  19.673 0.1111110002
140234  -55.721  4.987  12.774 0.2222220004
81417  -55.500  5.063  13.433 0.2222220004
72793  -35.445  -3.842  30.611 0.1111110002
79726  -54.043  2.370  19.684 0.1111110002
79728  -55.321  3.141  20.041 0.1111110002
70712  -33.883  -6.978  30.254 0.1111110002
70694  -34.142  -6.420  30.735 0.1111110002
71726  -35.251  -5.039  31.876 0.1111110002
139182  -35.066  -4.460  31.167 0.1111110002
151203  -35.713  -5.119  32.480 0.1111110002
81448  -56.656  5.033  11.289 0.1111110002
79709  -53.820  2.471  19.913 0.1111110002
43762  -5.990  -34.014  49.363 0.1111110002
45660  -6.623  -32.806  48.106 0.1111110002
44708  -6.270  -33.377  48.630 0.1111110002
49349  -18.055  -28.912  43.771 0.1111110002
49364  -18.006  -28.755  42.911 0.1111110002
50213  -18.595  -27.485  43.875 0.1111110002
147571  -18.001  -28.574  42.223 0.1111110002
49365  -18.312  -28.054  42.609 0.1111110002
51105  -18.766  -26.627  42.629 0.1111110002
50240  -18.547  -27.404  41.375 0.1111110002
51115  -18.790  -26.654  41.762 0.1111110002
147492  -18.804  -26.794  40.136 0.1111110002
51125  -18.790  -26.719  40.917 0.1111110002
51113  -12.359  -26.545  42.248 0.1111110002
52018  -13.129  -25.463  41.093 0.2222220004
52027  -13.660  -25.202  40.252 0.2222220004
52028  -13.969  -24.358  39.776 0.2222220004
52941  -13.397  -24.626  40.668 0.1111110002
52953  -14.469  -23.752  39.012 0.2222220004
54009  -14.579  -22.914  39.012 0.2222220004
55033  -14.714  -22.175  39.059 0.2222220004
151833  -17.060  -18.400  38.399 0.1111110002
62207  -18.450  -15.540  38.811 0.1111110002
62222  -18.609  -15.525  37.868 0.1111110002
60267  -17.613  -17.677  38.115 0.1111110002
60268  -17.995  -16.949  37.854 0.1111110002
145571  -18.327  -16.298  37.630 0.1111110002
148157  -19.041  -14.584  37.630 0.1111110002
147394  -19.480  -13.725  37.311 0.1111110002
133164  -35.195  -11.688  31.417 0.1111110002
65289  -41.917  -13.098  25.342 0.1111110002
65292  -44.093  -11.892  26.029 0.1111110002
66177  -44.726  -11.245  26.207 0.1111110002
67082  -44.915  -10.316  25.914 0.1111110002
82383  -54.373  6.208  9.764 0.1111110002
82393  -53.848  5.635  9.457 0.1111110002
82394  -54.758  5.836  9.450 0.1111110002
82382  -53.073  5.513  9.470 0.1111110002
80536  -50.537  3.472  20.685 0.1111110002
151297  -52.294  5.444  10.492 0.1111110002
82369  -51.847  5.206  11.108 0.1111110002
82371  -53.462  6.060  11.217 0.1111110002
83312  -54.890  6.603  10.381 0.1111110002
83301  -55.357  6.681  11.081 0.1111110002
80519  -51.104  3.757  21.245 0.1111110002
155364  -50.375  3.811  21.088 0.1111110002
136603  -51.353  3.249  20.699 0.1111110002
82359  -55.691  5.472  12.568 0.1111110002
81430  -56.128  5.402  11.946 0.1111110002
82344  -55.201  5.354  13.644 0.1111110002
82358  -55.286  6.023  12.829 0.1111110002
83290  -55.992  6.129  12.073 0.1111110002
83303  -56.457  6.194  11.476 0.1111110002
83289  -55.220  6.453  11.941 0.1111110002
82355  -52.063  5.329  12.113 0.1111110002
83300  -54.465  6.483  11.190 0.1111110002
80520  -51.877  3.954  21.770 0.1111110002
80537  -52.190  3.327  20.969 0.1111110002
82334  -54.747  5.651  14.166 0.1111110002
153618  -54.816  5.898  13.567 0.1111110002
156093  -54.818  6.262  12.521 0.1111110002
82357  -54.120  6.238  12.163 0.1111110002
82356  -53.017  5.760  12.099 0.1111110002
146769  -52.652  5.614  12.750 0.1111110002
82333  -53.909  5.931  13.905 0.1111110002
130674  -53.492  5.951  12.941 0.1111110002
82320  -53.026  5.868  15.220 0.1111110002
51114  -12.750  -26.070  41.742 0.2222220004
52966  -14.900  -24.086  38.285 0.2222220004
58444  -17.084  -19.124  37.651 0.1111110002
64396  -41.299  -13.709  25.645 0.1111110002
48459  -17.683  -29.308  42.215 0.1111110002
52019  -19.031  -25.979  41.266 0.1111110002
139567  -54.347  5.728  14.769 0.1111110002
49350  -18.354  -28.156  43.426 0.1111110002
50221  -18.561  -27.385  43.045 0.1111110002
50231  -18.556  -27.361  42.211 0.1111110002
140691  -13.020  -24.836  41.513 0.2222220004
61210  -18.181  -16.257  38.344 0.1111110002
62208  -18.867  -14.756  38.479 0.1111110002
155285  -53.642  5.939  9.773 0.1111110002
83311  -53.943  6.286  10.346 0.1111110002
143839  -53.017  5.797  10.248 0.1111110002
82370  -52.577  5.565  11.242 0.1111110002
83302  -56.067  6.555  11.370 0.1111110002
82343  -54.438  6.117  13.010 0.1111110002
133889  -53.634  5.871  14.734 0.1111110002
139926  -14.073  -23.361  39.608 0.1111110002
54008  -14.321  -22.499  39.595 0.1111110002
52942  -13.626  -23.746  40.385 0.1111110002
37191  -2.795  -41.446  49.295 0.2222220004
38251  -2.425  -40.221  49.081 0.3333329856
39255  -2.583  -39.483  49.499 0.2222220004
40193  -9.468  -38.830  49.513 0.1111110002
40205  -1.977  -38.229  47.549 0.1111110002
42878  -1.709  -35.328  47.671 0.1111110002
43767  -1.705  -34.638  47.841 0.1111110002
43786  -13.122  -34.416  46.599 0.1111110002
48515  -14.024  -29.059  38.002 0.7777780294
48518  -16.052  -29.073  37.521 0.8888890147
49454  -14.922  -28.622  37.379 0.7777780294
49456  -16.362  -28.688  37.305 0.7777780294
50211  -11.534  -27.425  44.071 0.1111110002
50326  -17.964  -27.415  36.788 0.6666669846
50340  -16.748  -27.235  36.127 0.8888890147
51133  -13.951  -25.927  39.175 0.6666669846
51135  -19.195  -26.055  39.146 0.2222220004
51210  -18.412  -26.298  35.466 0.7777780294
52079  -16.861  -25.347  35.163 0.8888890147
52977  -19.865  -24.746  37.667 0.3333329856
52997  -16.025  -24.819  35.981 0.7777780294
53012  -20.211  -24.154  34.446 0.7777780294
53026  -18.762  -24.106  33.485 0.7777780294
53028  -19.833  -24.309  33.810 0.7777780294
54021  -14.970  -23.227  38.407 0.3333329856
54045  -17.221  -23.072  34.823 0.7777780294
55044  -15.566  -21.914  38.076 0.1111110002
55047  -33.766  -22.349  38.336 0.1111110002
55062  -33.768  -22.257  37.505 0.1111110002
55066  -37.471  -22.848  37.261 0.1111110002
55081  -38.693  -22.358  36.411 0.3333329856
55120  -20.609  -23.085  33.346 0.7777780294
55129  -19.248  -22.632  32.652 0.8888890147
56155  -26.989  -21.324  40.920 0.1111110002
56254  -17.638  -21.740  34.652 0.7777780294
57317  -22.630  -20.327  40.488 0.1111110002
57318  -25.568  -20.858  40.631 0.1111110002
57348  -22.039  -20.228  38.944 0.1111110002
57353  -28.929  -20.686  38.593 0.1111110002
57369  -29.432  -20.462  37.451 0.1111110002
57379  -27.908  -19.818  36.219 0.2222220004
57428  -18.017  -21.206  34.103 0.7777780294
57442  -19.602  -20.852  31.782 0.8888890147
58403  -23.989  -20.179  41.382 0.1111110002
58458  -23.143  -19.226  36.604 0.2222220004
58537  -21.264  -19.691  31.066 0.8888890147
59357  -18.012  -17.655  37.233 0.1111110002
59415  -19.694  -19.163  31.229 0.8888890147
60280  -18.324  -17.273  36.648 0.2222220004
60366  -20.079  -17.448  31.016 0.8888890147
61270  -19.369  -16.148  34.438 0.4444440007
62223  -18.925  -15.165  37.153 0.1111110002
63210  -19.160  -14.060  39.016 0.1111110002
63275  -20.259  -14.901  33.744 0.4444440007
63344  -26.499  -14.200  29.261 0.7777780294
63348  -40.079  -14.570  28.830 0.4444440007
63361  -39.156  -14.570  28.036 0.5555559993
64204  -20.179  -13.121  37.050 0.1111110002
64221  -23.061  -13.942  35.900 0.1111110002
64241  -20.904  -13.797  34.676 0.4444440007
64329  -40.732  -13.522  29.006 0.3333329856
65132  -22.162  -12.617  41.612 0.1111110002
65146  -22.105  -13.020  39.226 0.1111110002
67052  -34.975  -10.296  31.371 0.1111110002
67982  -44.154  -9.648  24.796 0.2222220004
68861  -30.753  -8.126  26.851 0.5555559993
69759  -30.581  -7.447  25.719 0.5555559993
69769  -31.134  -7.633  24.318 0.5555559993
70783  -30.847  -6.818  25.232 0.5555559993
70785  -32.034  -6.247  24.041 0.6666669846
71809  -31.980  -5.474  25.320 0.4444440007
72821  -33.023  -4.680  27.819 0.3333329856
72836  -33.473  -4.322  27.534 0.3333329856
73875  -55.461  -3.502  22.309 0.1111110002
74888  -37.970  -2.441  20.943 0.8888890147
74945  -55.859  -2.616  16.349 0.1111110002
76801  -38.716  0.154  23.838 0.4444440007
76826  -37.669  0.042  21.919 0.8888890147
77833  -40.455  1.062  25.185 0.2222220004
78794  -38.996  1.884  22.550 0.6666669846
79678  -40.923  2.408  24.813 0.2222220004
79690  -40.163  2.733  23.000 0.4444440007
80499  -42.085  3.632  24.331 0.2222220004
80509  -42.234  3.858  21.947 0.6666669846
81311  -43.952  3.957  26.180 0.1111110002
81329  -51.809  4.527  24.378 0.1111110002
81335  -42.098  3.966  23.116 0.5555559993
82267  -48.281  5.095  22.586 0.1111110002
82291  -57.231  5.391  18.979 0.2222220004
85876  -51.458  9.896  17.519 0.1111110002
86721  -53.906  10.682  17.624 0.1111110002
86728  -52.641  10.764  16.980 0.1111110002
130559  -51.881  -3.590  20.828 0.1111110002
131578  -22.011  -12.748  40.083 0.1111110002
133245  -34.293  -22.008  34.980 0.2222220004
133600  -3.501  -42.622  49.997 0.3333329856
134875  -57.661  4.762  19.845 0.1111110002
136105  -18.528  -19.120  34.220 0.7777780294
136285  -39.398  -22.185  36.333 0.3333329856
136445  -24.266  -20.250  40.220 0.1111110002
136522  -24.764  -14.825  36.005 0.1111110002
137197  -21.198  -21.686  39.860 0.1111110002
140237  -14.295  -27.309  37.590 0.7777780294
140239  -19.474  -25.503  38.841 0.2222220004
140663  -35.954  -3.646  30.025 0.1111110002
141169  -18.849  -16.688  35.708 0.2222220004
141326  -41.344  -15.827  30.411 0.2222220004
141867  -36.275  -21.894  34.997 0.3333329856
143200  -28.542  -14.749  32.557 0.4444440007
146488  -17.826  -24.801  34.296 0.8888890147
147510  -54.185  9.108  18.613 0.1111110002
148318  -19.832  -15.781  33.398 0.6666669846
150753  -54.862  -3.531  18.938 0.1111110002
151790  -44.022  -11.302  25.738 0.2222220004
152052  -40.436  -17.341  30.544 0.1111110002
153977  -38.458  1.261  22.820 0.6666669846
154979  -27.404  -20.035  36.819 0.1111110002
155817  -41.111  -14.079  26.766 0.2222220004
155822  -23.449  -18.393  34.633 0.3333329856
156197  -25.958  -18.028  33.451 0.4444440007
156691  -21.252  -21.462  37.320 0.2222220004
156736  -18.619  -22.987  33.117 0.8888890147
156876  -45.792  2.080  19.052 0.8888890147
156883  -35.872  -5.585  26.961 0.2222220004
157821  -24.090  -19.997  38.912 0.1111110002
158087  -36.867  -6.446  26.389 0.2222220004
158324  -19.780  -22.387  32.355 0.8888890147
