#!ascii label  , from subject sub-v2s7x29660_ses-1 vox2ras=TkReg
2476
144077  -33.359  -35.124  -30.109 0.5000000000
42766  -33.935  -36.090  -29.695 0.5000000000
44590  -33.901  -34.783  -29.511 0.4000000060
137025  -34.584  -34.904  -29.272 0.5000000000
45538  -34.102  -33.187  -29.129 0.5000000000
46472  -34.811  -32.515  -28.933 0.5000000000
66800  -28.527  -10.995  -33.716 0.5000000000
130546  -28.891  -10.436  -33.848 0.4000000060
68558  -30.591  -9.735  -34.005 0.4000000060
68568  -29.550  -9.429  -34.241 0.4000000060
68569  -29.867  -8.630  -34.516 0.5000000000
68571  -32.550  -9.468  -34.531 0.5000000000
133783  -30.538  -8.053  -34.765 0.5000000000
134400  -31.265  -8.920  -34.526 0.4000000060
138850  -32.181  -8.690  -34.903 0.4000000060
70451  -31.624  -7.069  -35.260 0.5000000000
69470  -31.436  -8.021  -34.995 0.5000000000
69471  -33.126  -8.916  -35.097 0.4000000060
41905  -33.522  -37.773  -30.451 0.5000000000
132691  -33.795  -36.949  -29.894 0.4000000060
42767  -34.544  -36.404  -29.423 0.5000000000
42768  -35.441  -36.281  -29.433 0.5000000000
43654  -35.773  -35.376  -29.545 0.5000000000
45539  -35.630  -33.701  -29.361 0.5000000000
146956  -35.573  -32.227  -29.260 0.5000000000
47393  -35.118  -31.712  -28.953 0.5000000000
144743  -27.205  -12.551  -33.372 0.5000000000
64977  -27.880  -13.383  -33.353 0.5000000000
132220  -28.892  -11.918  -33.497 0.5000000000
66801  -29.582  -11.227  -33.490 0.5000000000
68570  -31.663  -9.695  -34.052 0.6000000238
71439  -36.125  -6.147  -32.440 0.3000000119
139054  -36.513  -6.233  -33.500 0.3000000119
71455  -35.821  -7.308  -34.815 0.4000000060
154422  -34.600  -8.536  -35.131 0.3000000119
70440  -36.199  -7.205  -34.497 0.4000000060
150904  -33.422  -36.031  -30.212 0.5000000000
44579  -34.942  -33.516  -29.010 0.5000000000
44592  -35.215  -34.529  -29.216 0.5000000000
47392  -34.349  -31.601  -28.902 0.5000000000
67672  -30.578  -10.771  -33.466 0.6000000238
72467  -36.551  -5.544  -32.863 0.3000000119
70428  -36.386  -6.892  -33.863 0.3000000119
31168  -42.823  -48.608  -29.460 0.3000000119
145421  -43.561  -48.136  -29.704 0.3000000119
31170  -44.344  -48.232  -29.942 0.4000000060
32121  -43.948  -47.467  -29.896 0.4000000060
31177  -45.351  -48.109  -30.234 0.4000000060
32130  -44.901  -47.239  -30.233 0.4000000060
33069  -44.732  -46.437  -30.522 0.4000000060
32131  -45.810  -47.263  -30.465 0.4000000060
34025  -45.549  -45.834  -31.783 0.4000000060
34038  -44.806  -45.348  -32.351 0.4000000060
140640  -42.283  -47.977  -29.246 0.3000000119
32119  -42.248  -47.204  -29.240 0.3000000119
33053  -42.166  -46.384  -29.243 0.4000000060
32120  -43.058  -47.552  -29.547 0.4000000060
154968  -43.348  -46.207  -29.872 0.4000000060
33068  -43.928  -46.271  -30.234 0.4000000060
34012  -44.187  -45.854  -30.808 0.4000000060
34023  -44.016  -45.332  -31.637 0.4000000060
35018  -44.518  -44.517  -32.932 0.4000000060
146214  -40.373  -44.651  -27.867 0.3000000119
33995  -41.317  -45.550  -28.663 0.3000000119
34976  -41.235  -44.326  -28.951 0.3000000119
143044  -42.715  -45.809  -29.672 0.4000000060
34002  -42.183  -45.099  -29.657 0.4000000060
34011  -43.391  -45.750  -30.252 0.4000000060
34010  -42.768  -45.194  -30.219 0.4000000060
35005  -43.471  -44.685  -31.776 0.4000000060
34037  -44.001  -44.848  -32.293 0.4000000060
37102  -43.338  -42.943  -32.328 0.4000000060
35017  -43.653  -43.967  -32.436 0.4000000060
39196  -43.164  -40.684  -33.163 0.4000000060
37112  -43.811  -42.213  -32.944 0.4000000060
143126  -43.926  -43.078  -32.926 0.4000000060
33984  -39.793  -44.877  -27.360 0.3000000119
33985  -40.226  -45.581  -27.743 0.3000000119
34967  -40.436  -43.979  -28.081 0.3000000119
34981  -41.717  -44.417  -29.582 0.3000000119
34982  -42.255  -44.550  -30.191 0.3000000119
34990  -42.690  -44.710  -30.730 0.4000000060
36043  -42.909  -43.644  -31.683 0.4000000060
38175  -43.149  -42.053  -32.134 0.4000000060
37101  -42.700  -42.733  -31.638 0.4000000060
157990  -43.212  -44.189  -31.826 0.4000000060
38183  -43.049  -40.722  -32.397 0.4000000060
133064  -42.702  -40.009  -33.215 0.4000000060
146703  -39.916  -44.000  -27.552 0.3000000119
36004  -40.170  -43.231  -28.043 0.3000000119
36012  -40.748  -43.632  -28.682 0.3000000119
37080  -40.541  -42.257  -28.973 0.3000000119
36018  -40.872  -42.923  -29.258 0.4000000060
131457  -41.430  -42.907  -30.094 0.4000000060
37090  -41.522  -41.914  -30.345 0.4000000060
36031  -41.954  -43.294  -30.667 0.4000000060
41008  -41.757  -38.584  -30.745 0.3000000119
39174  -42.301  -40.567  -31.173 0.4000000060
37091  -42.057  -42.522  -30.933 0.4000000060
40117  -42.173  -39.121  -31.359 0.3000000119
39184  -42.771  -40.454  -31.880 0.4000000060
138366  -42.559  -42.015  -31.503 0.4000000060
40118  -42.458  -39.315  -32.120 0.4000000060
37046  -37.896  -42.674  -25.437 0.3000000119
37058  -38.498  -42.748  -26.190 0.3000000119
39117  -37.479  -40.981  -24.835 0.3000000119
35998  -39.342  -43.712  -27.018 0.3000000119
37059  -39.175  -42.826  -26.947 0.3000000119
36003  -39.673  -43.267  -27.451 0.3000000119
151050  -39.661  -41.941  -27.900 0.3000000119
38137  -39.891  -41.503  -28.321 0.3000000119
37071  -40.092  -42.309  -28.333 0.3000000119
38138  -40.280  -41.721  -28.735 0.3000000119
142281  -40.713  -40.804  -29.382 0.3000000119
38148  -40.629  -41.541  -29.232 0.3000000119
40095  -41.335  -39.696  -29.964 0.3000000119
38149  -41.106  -41.322  -29.824 0.3000000119
39173  -41.740  -40.157  -30.514 0.3000000119
39163  -41.216  -40.503  -29.905 0.4000000060
41018  -41.919  -38.372  -31.449 0.3000000119
41019  -42.185  -38.761  -31.906 0.4000000060
41928  -41.591  -37.646  -32.470 0.4000000060
41035  -41.777  -38.243  -32.935 0.4000000060
39118  -37.872  -41.160  -25.713 0.3000000119
38120  -38.713  -41.999  -26.646 0.3000000119
39129  -38.216  -40.602  -26.373 0.3000000119
38121  -39.258  -41.964  -27.333 0.3000000119
39140  -39.237  -40.496  -27.651 0.3000000119
137464  -40.121  -40.072  -28.720 0.3000000119
133378  -39.576  -40.016  -28.123 0.3000000119
40998  -40.871  -38.440  -29.478 0.3000000119
40082  -40.459  -39.201  -29.033 0.3000000119
154069  -40.444  -40.466  -29.084 0.3000000119
153838  -40.836  -37.482  -29.615 0.3000000119
40999  -41.405  -38.885  -30.044 0.3000000119
41908  -41.641  -37.832  -30.907 0.3000000119
42785  -41.377  -37.144  -31.194 0.3000000119
41920  -41.661  -37.721  -31.669 0.3000000119
141153  -41.185  -36.383  -32.355 0.3000000119
41944  -41.636  -37.423  -34.122 0.4000000060
143095  -37.672  -40.180  -25.495 0.3000000119
143857  -37.352  -40.137  -24.489 0.3000000119
38129  -38.806  -41.126  -27.062 0.3000000119
139060  -38.366  -38.875  -26.587 0.3000000119
40925  -37.520  -38.594  -24.350 0.3000000119
41830  -37.790  -37.878  -24.726 0.3000000119
40072  -38.693  -39.284  -27.090 0.3000000119
40974  -38.828  -38.410  -27.158 0.3000000119
41831  -38.177  -37.155  -24.294 0.3000000119
41886  -40.259  -37.492  -28.811 0.3000000119
40984  -39.765  -38.071  -28.271 0.3000000119
40081  -39.721  -39.101  -28.262 0.3000000119
40985  -40.297  -38.363  -28.827 0.3000000119
143624  -40.447  -36.102  -29.672 0.3000000119
41907  -41.223  -37.272  -30.428 0.3000000119
42796  -41.118  -36.464  -31.573 0.3000000119
42805  -41.365  -36.960  -32.826 0.4000000060
145850  -41.385  -36.057  -33.982 0.4000000060
41951  -41.850  -37.320  -34.932 0.5000000000
40049  -37.904  -38.846  -25.834 0.3000000119
40941  -37.669  -38.510  -25.115 0.3000000119
40958  -38.347  -38.181  -26.339 0.3000000119
40942  -37.974  -38.025  -25.570 0.3000000119
158057  -39.158  -38.983  -27.582 0.3000000119
41876  -39.325  -37.733  -27.638 0.3000000119
42718  -38.508  -36.529  -24.945 0.3000000119
42707  -38.658  -36.365  -24.035 0.3000000119
41885  -39.719  -37.336  -28.178 0.3000000119
43593  -39.280  -35.694  -23.948 0.3000000119
42757  -40.430  -36.689  -29.252 0.3000000119
151097  -40.008  -35.056  -23.894 0.3000000119
43668  -40.340  -35.032  -30.668 0.3000000119
138306  -40.604  -35.924  -30.357 0.3000000119
45473  -41.738  -33.379  -24.358 0.3000000119
42784  -41.000  -36.538  -30.783 0.3000000119
140368  -40.553  -34.922  -31.489 0.3000000119
43685  -40.797  -35.263  -32.074 0.3000000119
43686  -41.049  -35.679  -32.651 0.3000000119
43705  -41.478  -35.221  -34.333 0.4000000060
147777  -41.614  -35.975  -34.675 0.5000000000
41863  -38.825  -37.401  -26.785 0.3000000119
42733  -38.587  -36.837  -25.903 0.3000000119
42745  -39.408  -36.752  -27.561 0.3000000119
134700  -39.001  -36.396  -26.582 0.3000000119
42719  -38.846  -36.033  -25.624 0.3000000119
42756  -39.912  -36.664  -28.479 0.3000000119
43604  -38.958  -35.769  -24.698 0.3000000119
43656  -40.211  -35.402  -29.799 0.3000000119
44524  -39.950  -34.322  -24.602 0.3000000119
45472  -40.375  -33.647  -24.715 0.3000000119
150036  -40.970  -33.641  -24.382 0.3000000119
47361  -41.587  -31.383  -25.701 0.3000000119
46442  -41.249  -32.143  -25.247 0.3000000119
44617  -40.312  -34.145  -31.265 0.3000000119
44629  -40.660  -34.438  -32.133 0.3000000119
44630  -40.952  -34.885  -32.843 0.3000000119
135014  -41.211  -35.437  -33.450 0.3000000119
43630  -39.314  -35.799  -27.140 0.3000000119
136383  -39.297  -35.003  -26.745 0.3000000119
43655  -39.753  -34.752  -29.145 0.3000000119
150636  -39.667  -35.174  -28.377 0.3000000119
43641  -39.633  -35.894  -28.027 0.3000000119
139141  -39.465  -35.081  -27.591 0.3000000119
45508  -39.382  -33.514  -26.654 0.3000000119
44562  -39.378  -34.276  -26.300 0.3000000119
143942  -39.278  -34.918  -26.023 0.3000000119
44593  -39.983  -34.694  -29.988 0.3000000119
153393  -39.522  -33.892  -28.895 0.3000000119
45517  -39.341  -33.456  -27.429 0.3000000119
154764  -39.322  -31.933  -27.291 0.3000000119
135302  -39.505  -32.781  -26.339 0.3000000119
45498  -40.099  -33.121  -25.276 0.3000000119
45552  -39.937  -33.519  -30.587 0.3000000119
48239  -40.396  -30.529  -26.288 0.3000000119
46440  -39.688  -32.075  -26.073 0.3000000119
131399  -40.849  -29.811  -26.542 0.3000000119
48232  -40.770  -31.051  -25.873 0.3000000119
131332  -40.763  -31.613  -25.604 0.3000000119
49149  -42.045  -29.318  -26.833 0.3000000119
48240  -41.253  -30.542  -26.132 0.3000000119
45572  -40.562  -33.583  -32.049 0.4000000060
49150  -42.561  -29.948  -26.765 0.3000000119
45573  -40.907  -33.895  -32.977 0.4000000060
49162  -44.025  -29.626  -27.727 0.3000000119
44644  -41.230  -34.595  -33.653 0.3000000119
44651  -41.521  -34.415  -34.339 0.4000000060
50037  -44.975  -28.846  -28.672 0.3000000119
44657  -41.825  -34.691  -34.973 0.5000000000
44658  -42.339  -34.908  -35.663 0.5000000000
152541  -39.625  -32.969  -29.901 0.3000000119
45541  -39.458  -33.175  -29.114 0.3000000119
138993  -39.352  -31.912  -28.707 0.3000000119
134592  -39.289  -31.776  -27.874 0.3000000119
48246  -39.583  -30.484  -27.273 0.3000000119
45559  -40.252  -33.180  -31.329 0.4000000060
49147  -40.703  -29.240  -26.987 0.3000000119
49160  -41.950  -28.545  -27.164 0.3000000119
146684  -40.791  -32.959  -32.602 0.4000000060
45585  -41.236  -33.014  -33.425 0.5000000000
138577  -42.702  -29.159  -27.089 0.3000000119
136340  -43.384  -29.096  -27.379 0.4000000060
50908  -44.434  -28.037  -28.222 0.4000000060
45592  -41.710  -33.032  -34.232 0.5000000000
45596  -41.857  -33.813  -34.779 0.6000000238
50036  -44.424  -28.955  -28.131 0.3000000119
157627  -42.258  -34.241  -35.418 0.6000000238
144034  -42.909  -34.226  -36.191 0.6000000238
46496  -39.599  -32.236  -29.904 0.3000000119
48283  -39.670  -31.027  -29.797 0.3000000119
49170  -39.706  -29.769  -28.716 0.3000000119
46497  -39.904  -32.516  -30.643 0.3000000119
48270  -39.511  -30.709  -29.061 0.3000000119
49171  -40.019  -29.132  -28.157 0.3000000119
49158  -39.789  -29.706  -27.687 0.3000000119
50024  -40.849  -28.112  -27.880 0.4000000060
46523  -40.701  -32.240  -32.178 0.4000000060
50016  -41.041  -28.574  -27.298 0.4000000060
50025  -41.521  -27.872  -27.646 0.4000000060
46524  -41.146  -32.216  -32.925 0.5000000000
50026  -42.222  -27.825  -27.520 0.4000000060
50898  -42.773  -27.391  -27.712 0.4000000060
50907  -43.346  -26.865  -28.000 0.4000000060
46540  -41.716  -32.148  -33.792 0.5000000000
46541  -42.101  -32.461  -34.482 0.6000000238
50027  -42.930  -28.291  -27.415 0.4000000060
50899  -43.584  -27.689  -27.787 0.4000000060
50909  -44.724  -27.157  -28.527 0.4000000060
51771  -44.929  -26.331  -28.739 0.4000000060
45593  -42.189  -32.993  -34.953 0.6000000238
145700  -45.186  -27.959  -28.897 0.3000000119
50921  -45.469  -27.142  -29.177 0.4000000060
45600  -43.030  -33.369  -36.085 0.6000000238
45601  -43.678  -33.568  -36.752 0.6000000238
45604  -44.689  -33.748  -37.640 0.6999999881
47416  -39.742  -31.660  -30.213 0.3000000119
48271  -39.814  -30.238  -29.784 0.3000000119
49181  -40.012  -29.475  -29.458 0.3000000119
46510  -40.346  -32.340  -31.451 0.3000000119
47431  -40.581  -31.585  -31.681 0.3000000119
144214  -40.118  -28.976  -28.828 0.3000000119
50046  -40.468  -28.395  -28.907 0.4000000060
47445  -41.015  -31.523  -32.391 0.5000000000
50919  -40.818  -27.876  -28.573 0.4000000060
50906  -42.000  -26.782  -28.303 0.4000000060
48314  -41.387  -30.700  -32.480 0.5000000000
51764  -42.571  -26.717  -28.080 0.4000000060
47446  -41.535  -31.411  -33.106 0.5000000000
47456  -42.198  -31.143  -33.795 0.6000000238
51770  -44.027  -26.339  -28.311 0.4000000060
46545  -43.143  -32.061  -35.651 0.6000000238
51786  -45.597  -26.249  -29.328 0.4000000060
52685  -45.720  -25.416  -29.513 0.4000000060
46555  -44.284  -33.037  -37.207 0.6999999881
46556  -45.349  -32.926  -38.136 0.6999999881
44664  -44.918  -34.477  -37.940 0.6999999881
49208  -40.638  -29.906  -30.992 0.4000000060
142941  -40.275  -29.623  -30.204 0.4000000060
50067  -40.946  -28.333  -30.190 0.4000000060
50938  -41.376  -27.535  -30.164 0.4000000060
48298  -41.002  -30.290  -31.722 0.4000000060
49209  -41.290  -29.405  -31.516 0.4000000060
50920  -41.259  -27.252  -29.116 0.4000000060
135390  -41.486  -29.946  -32.183 0.4000000060
51767  -41.818  -26.641  -28.830 0.4000000060
51768  -42.407  -26.243  -28.571 0.4000000060
52662  -42.847  -25.560  -28.769 0.4000000060
52664  -43.598  -25.432  -28.627 0.4000000060
53720  -43.695  -24.826  -28.915 0.4000000060
48333  -42.725  -30.539  -34.037 0.6000000238
52665  -44.380  -25.679  -28.639 0.4000000060
47460  -43.267  -30.897  -35.078 0.6000000238
47464  -43.367  -31.392  -35.557 0.6999999881
47469  -43.855  -31.627  -36.337 0.6999999881
52702  -46.195  -25.412  -29.871 0.4000000060
47470  -44.733  -31.513  -37.220 0.6999999881
44665  -45.919  -34.116  -38.827 0.6999999881
50076  -41.418  -28.407  -31.025 0.4000000060
48315  -42.001  -29.994  -32.831 0.4000000060
50090  -41.797  -28.805  -31.768 0.4000000060
51784  -41.773  -26.623  -29.667 0.4000000060
48327  -42.419  -30.325  -33.497 0.6000000238
152468  -42.582  -29.700  -33.289 0.5000000000
51785  -42.323  -25.911  -29.268 0.4000000060
48334  -43.183  -30.363  -34.521 0.6999999881
52681  -42.852  -25.163  -29.388 0.4000000060
48340  -43.646  -30.196  -35.141 0.6999999881
53740  -44.066  -24.341  -29.156 0.4000000060
48341  -44.096  -30.055  -35.830 0.6999999881
53742  -46.028  -24.732  -29.865 0.4000000060
53760  -45.429  -23.831  -29.825 0.4000000060
135346  -46.194  -24.037  -30.209 0.4000000060
143026  -45.243  -32.109  -37.797 0.6999999881
46561  -46.250  -32.975  -39.260 0.6999999881
54777  -46.750  -23.837  -30.737 0.4000000060
156426  -47.810  -24.081  -31.867 0.4000000060
50101  -42.820  -28.564  -32.853 0.4000000060
151480  -42.604  -27.994  -32.323 0.4000000060
50077  -42.063  -28.145  -31.703 0.4000000060
50939  -41.980  -26.865  -30.676 0.4000000060
49225  -43.024  -29.827  -33.868 0.6999999881
50102  -43.328  -28.432  -33.403 0.5000000000
51804  -42.311  -25.960  -30.212 0.4000000060
50117  -43.944  -28.857  -34.595 0.6999999881
52701  -42.709  -25.194  -30.095 0.4000000060
53758  -43.137  -24.546  -29.868 0.4000000060
49242  -44.046  -29.461  -35.205 0.6999999881
53773  -43.042  -24.713  -30.645 0.4000000060
54773  -43.894  -23.297  -30.089 0.4000000060
48349  -45.112  -30.063  -37.149 0.6999999881
54764  -44.503  -23.654  -29.665 0.4000000060
48346  -44.433  -30.684  -36.575 0.6999999881
54775  -45.114  -23.168  -30.004 0.4000000060
54776  -45.912  -23.234  -30.335 0.4000000060
47473  -45.610  -31.536  -38.024 0.6999999881
47474  -46.333  -31.494  -38.819 0.6999999881
54795  -47.326  -23.597  -31.393 0.4000000060
54810  -47.836  -23.376  -32.032 0.4000000060
155098  -42.902  -27.400  -32.376 0.4000000060
50963  -42.412  -27.310  -31.655 0.4000000060
51815  -42.538  -26.379  -31.235 0.4000000060
50111  -43.794  -28.267  -33.999 0.6000000238
50972  -43.136  -27.865  -32.870 0.5000000000
51832  -42.949  -26.747  -32.072 0.5000000000
51816  -43.045  -25.970  -31.742 0.4000000060
141072  -35.235  -28.928  -29.409 0.4000000060
49179  -35.742  -29.280  -29.828 0.5000000000
50112  -44.216  -28.071  -34.648 0.6000000238
50118  -44.422  -28.611  -35.404 0.6000000238
53759  -43.436  -23.932  -30.343 0.4000000060
50120  -44.879  -28.674  -36.408 0.6000000238
55858  -44.126  -22.836  -30.506 0.4000000060
50124  -45.405  -28.807  -37.189 0.6999999881
54774  -44.567  -22.935  -30.173 0.4000000060
49250  -45.683  -29.390  -37.644 0.6999999881
55860  -45.241  -22.492  -30.451 0.4000000060
47478  -46.456  -31.359  -39.169 0.6999999881
55861  -46.004  -22.499  -30.662 0.4000000060
55876  -46.512  -22.214  -31.130 0.4000000060
55877  -47.087  -22.001  -31.581 0.4000000060
57133  -48.043  -21.525  -32.623 0.4000000060
50964  -43.361  -27.059  -32.826 0.5000000000
50981  -44.079  -27.479  -34.053 0.6000000238
51849  -43.843  -26.897  -33.487 0.5000000000
52730  -43.649  -25.774  -32.787 0.5000000000
140094  -34.431  -27.770  -29.384 0.3000000119
50918  -35.048  -27.641  -29.665 0.4000000060
50064  -35.539  -28.335  -29.869 0.5000000000
142262  -44.830  -27.910  -36.090 0.6000000238
50982  -44.421  -27.294  -34.773 0.6000000238
138334  -43.176  -25.143  -31.517 0.4000000060
50121  -45.563  -27.995  -37.291 0.6000000238
53774  -43.374  -24.212  -31.261 0.5000000000
50998  -46.610  -27.817  -39.091 0.6999999881
50125  -46.125  -28.622  -38.091 0.6000000238
54793  -43.738  -23.250  -30.907 0.4000000060
50131  -46.386  -28.347  -39.310 0.8000000119
50128  -46.704  -28.525  -38.906 0.6999999881
55874  -44.124  -22.575  -30.962 0.4000000060
55859  -44.574  -22.365  -30.640 0.4000000060
57108  -45.697  -21.852  -30.926 0.4000000060
57119  -47.307  -21.428  -31.972 0.4000000060
147160  -47.543  -20.848  -32.417 0.4000000060
58284  -48.177  -20.574  -33.059 0.4000000060
51858  -44.616  -26.522  -35.105 0.6000000238
51850  -44.302  -26.563  -34.174 0.6000000238
51840  -43.974  -26.101  -33.442 0.5000000000
51783  -34.551  -26.343  -29.849 0.4000000060
136361  -35.448  -27.569  -30.158 0.4000000060
50991  -46.105  -27.080  -37.991 0.6000000238
51861  -45.053  -26.419  -36.105 0.6000000238
52737  -43.977  -25.231  -33.226 0.5000000000
50937  -35.503  -27.027  -30.800 0.5000000000
137253  -46.495  -27.014  -39.117 0.6999999881
50994  -46.479  -27.821  -38.599 0.6999999881
53788  -43.585  -24.849  -32.291 0.5000000000
50949  -35.759  -27.464  -31.734 0.5000000000
50996  -45.193  -27.162  -39.279 0.6999999881
50997  -46.265  -27.454  -39.343 0.6999999881
53795  -44.030  -24.255  -32.961 0.5000000000
50959  -35.582  -27.181  -33.434 0.6999999881
149934  -35.626  -27.093  -32.535 0.6000000238
50126  -43.665  -28.201  -38.514 0.6999999881
50127  -44.624  -28.033  -39.036 0.6999999881
49254  -45.082  -28.789  -39.276 0.6999999881
54809  -44.145  -23.143  -32.815 0.5000000000
51854  -35.756  -26.682  -35.274 0.6999999881
50968  -35.610  -27.328  -34.358 0.6999999881
142791  -44.181  -28.678  -38.813 0.6999999881
55889  -44.017  -22.721  -31.662 0.4000000060
50123  -43.073  -28.455  -37.924 0.6999999881
49249  -43.426  -29.081  -38.430 0.8000000119
55875  -44.502  -21.930  -31.330 0.4000000060
57107  -45.046  -21.748  -30.906 0.4000000060
57117  -45.494  -21.184  -31.366 0.4000000060
57118  -46.367  -21.335  -31.470 0.4000000060
58272  -46.813  -20.623  -32.027 0.4000000060
145008  -44.831  -25.700  -35.487 0.6000000238
51841  -44.322  -25.604  -33.978 0.6000000238
51802  -35.109  -26.314  -30.456 0.4000000060
51803  -35.365  -26.338  -31.152 0.6999999881
52756  -46.464  -25.444  -38.991 0.6999999881
51862  -45.638  -26.336  -37.379 0.6000000238
52753  -45.321  -25.582  -36.663 0.6000000238
132608  -44.603  -24.992  -34.730 0.5000000000
51812  -35.532  -26.707  -31.805 0.6999999881
146809  -44.210  -26.722  -38.802 0.6999999881
51866  -44.954  -26.188  -39.210 0.6999999881
51867  -46.482  -26.271  -39.071 0.6999999881
51864  -46.396  -26.271  -38.633 0.6999999881
53804  -44.541  -24.105  -34.333 0.5000000000
54818  -44.333  -23.836  -33.642 0.5000000000
51826  -35.414  -26.391  -32.918 0.6999999881
51868  -46.112  -26.400  -39.373 0.6999999881
51836  -35.417  -26.603  -34.080 0.6999999881
50989  -43.015  -27.320  -37.084 0.6999999881
50995  -43.960  -27.413  -38.687 0.6999999881
55897  -44.429  -22.343  -33.336 0.4000000060
142849  -35.395  -26.201  -34.787 0.6999999881
146285  -42.716  -28.044  -36.778 0.6999999881
50992  -42.929  -28.033  -37.397 0.6999999881
143531  -42.399  -27.188  -35.403 0.6000000238
50987  -42.142  -27.946  -35.338 0.6000000238
50119  -42.362  -28.551  -36.145 0.6999999881
55890  -44.304  -22.122  -32.320 0.4000000060
57132  -44.639  -21.309  -32.069 0.4000000060
51855  -36.419  -26.366  -35.677 0.6999999881
145570  -41.579  -28.118  -34.709 0.6000000238
57116  -44.946  -21.185  -31.503 0.4000000060
50110  -40.955  -28.644  -34.453 0.6000000238
135306  -45.314  -20.715  -31.751 0.4000000060
58271  -45.951  -20.458  -31.830 0.4000000060
58283  -47.329  -20.097  -32.617 0.4000000060
59216  -47.835  -19.580  -33.329 0.4000000060
140623  -45.095  -24.735  -35.901 0.6000000238
132931  -34.122  -25.002  -30.252 0.6000000238
52710  -34.810  -25.076  -30.940 0.6000000238
157624  -35.138  -25.371  -31.715 0.6999999881
53818  -45.142  -24.641  -39.325 0.6000000238
53819  -46.225  -24.596  -39.151 0.6999999881
53816  -46.172  -24.657  -38.636 0.6999999881
53814  -45.533  -24.751  -37.306 0.6000000238
51865  -43.880  -26.068  -38.568 0.6000000238
52757  -44.457  -25.372  -38.997 0.6000000238
53821  -45.989  -24.819  -39.372 0.6999999881
52711  -35.360  -25.985  -31.894 0.6999999881
51860  -43.204  -26.398  -37.138 0.6000000238
157375  -44.504  -23.606  -34.118 0.5000000000
142426  -35.279  -25.653  -33.778 0.6999999881
157952  -35.240  -25.353  -33.275 0.6999999881
51859  -42.813  -26.679  -36.122 0.6000000238
133904  -44.446  -23.123  -33.818 0.4000000060
52746  -35.746  -25.899  -35.492 0.6999999881
148760  -35.339  -25.285  -34.880 0.6999999881
139407  -42.611  -27.625  -36.125 0.6999999881
141598  -35.747  -25.152  -35.687 0.6999999881
57141  -44.543  -21.530  -32.937 0.4000000060
50971  -41.136  -27.873  -34.007 0.6000000238
154095  -44.762  -21.039  -33.467 0.4000000060
58269  -44.974  -20.680  -32.101 0.4000000060
51856  -37.105  -25.992  -35.677 0.6999999881
51846  -37.458  -26.619  -35.247 0.6999999881
50969  -38.515  -27.817  -33.982 0.6999999881
50099  -39.536  -28.580  -33.914 0.6000000238
58270  -45.496  -20.237  -32.269 0.4000000060
59203  -45.929  -19.797  -32.391 0.4000000060
58282  -46.502  -19.874  -32.394 0.4000000060
59215  -47.018  -19.284  -33.045 0.4000000060
59229  -47.499  -18.835  -33.718 0.3000000119
53752  -33.540  -24.395  -30.392 0.5000000000
135376  -43.366  -24.940  -37.371 0.6000000238
53817  -44.061  -24.517  -38.786 0.6000000238
53820  -45.758  -24.049  -39.330 0.6000000238
53813  -45.296  -24.086  -36.676 0.6000000238
53810  -45.039  -23.817  -35.828 0.6000000238
53753  -34.332  -24.390  -30.910 0.6000000238
52724  -34.879  -24.706  -31.941 0.5000000000
52752  -43.301  -25.616  -37.239 0.6000000238
51863  -43.406  -26.029  -37.859 0.6000000238
52755  -43.540  -25.280  -38.169 0.6000000238
54840  -45.285  -23.181  -36.722 0.5000000000
150994  -44.806  -24.108  -35.090 0.4000000060
54827  -44.695  -23.314  -34.697 0.5000000000
53784  -35.133  -24.917  -33.144 0.6999999881
54835  -44.969  -23.099  -35.620 0.5000000000
53792  -34.981  -24.070  -33.453 0.8000000119
136330  -42.723  -25.788  -35.649 0.6000000238
55917  -44.902  -22.373  -35.199 0.4000000060
55907  -44.638  -22.423  -34.275 0.4000000060
53801  -35.516  -24.485  -35.426 0.6999999881
50980  -41.863  -27.271  -34.594 0.6000000238
51839  -41.279  -26.910  -33.591 0.6000000238
142243  -44.670  -21.661  -33.840 0.4000000060
150862  -36.943  -24.510  -36.184 0.6999999881
50962  -40.392  -27.673  -33.329 0.6000000238
58292  -45.090  -20.278  -33.682 0.4000000060
58281  -45.215  -20.177  -32.804 0.4000000060
52748  -37.225  -25.043  -35.813 0.6999999881
52741  -37.522  -25.577  -35.168 0.6999999881
51837  -37.801  -26.456  -34.332 0.6999999881
50960  -38.805  -27.501  -33.046 0.6999999881
59226  -45.435  -19.623  -33.550 0.4000000060
59213  -45.682  -19.436  -33.039 0.4000000060
52734  -37.608  -25.508  -33.786 0.6999999881
59227  -45.696  -18.785  -34.179 0.4000000060
60109  -46.055  -18.506  -33.922 0.3000000119
59214  -46.271  -19.186  -33.005 0.4000000060
135214  -47.002  -17.587  -34.445 0.4000000060
59228  -46.804  -18.421  -33.891 0.3000000119
53815  -43.467  -24.376  -38.010 0.6000000238
54844  -43.782  -23.609  -38.627 0.6000000238
140287  -45.498  -22.822  -39.275 0.6000000238
55930  -45.656  -22.537  -39.127 0.6000000238
54841  -45.549  -22.904  -37.878 0.5000000000
54787  -33.557  -23.154  -31.301 0.6000000238
54788  -34.342  -23.776  -31.661 0.6000000238
53812  -43.345  -24.280  -37.038 0.6000000238
54842  -43.432  -23.515  -37.797 0.6000000238
55925  -45.378  -22.147  -37.421 0.5000000000
53783  -34.794  -24.182  -32.547 0.6999999881
52750  -43.136  -25.102  -36.424 0.6000000238
57166  -45.280  -21.212  -37.047 0.5000000000
55924  -45.128  -22.258  -36.238 0.4000000060
53800  -35.239  -24.338  -34.507 0.6999999881
54823  -34.989  -23.416  -34.125 0.6999999881
51848  -41.932  -26.444  -34.299 0.6000000238
154354  -42.300  -25.635  -34.627 0.6000000238
57165  -45.099  -21.400  -35.844 0.5000000000
54831  -35.695  -23.687  -35.904 0.8000000119
54824  -35.312  -23.635  -35.100 0.8000000119
137047  -44.893  -21.600  -34.775 0.4000000060
54836  -36.012  -23.447  -36.445 0.8000000119
51830  -40.286  -26.908  -32.677 0.6000000238
58310  -45.138  -20.613  -35.390 0.4000000060
53811  -36.627  -23.792  -36.433 0.6999999881
51829  -39.188  -27.058  -32.379 0.6999999881
61045  -43.459  -17.524  -35.127 0.5000000000
60141  -43.860  -17.890  -36.738 0.5000000000
61055  -44.395  -17.699  -36.314 0.5000000000
146311  -45.281  -19.435  -36.084 0.4000000060
58302  -45.216  -19.927  -34.886 0.4000000060
132365  -37.601  -23.845  -35.802 0.6999999881
53802  -37.548  -24.590  -35.511 0.6999999881
51827  -37.934  -26.374  -33.046 0.6999999881
51828  -38.495  -26.840  -32.564 0.6999999881
157125  -43.120  -17.416  -34.381 0.5000000000
61054  -43.841  -17.555  -35.888 0.5000000000
59254  -45.115  -17.921  -36.250 0.4000000060
59243  -45.433  -19.303  -34.507 0.4000000060
62005  -43.599  -16.864  -33.686 0.4000000060
61046  -43.903  -17.313  -35.205 0.5000000000
61047  -44.814  -17.474  -34.981 0.4000000060
60120  -45.607  -17.849  -34.857 0.4000000060
61037  -44.145  -17.046  -34.441 0.4000000060
157992  -44.984  -17.111  -34.278 0.4000000060
61038  -45.787  -17.373  -34.369 0.4000000060
137340  -46.347  -17.611  -34.385 0.4000000060
146442  -44.167  -22.778  -39.128 0.6000000238
55870  -33.666  -22.485  -31.982 0.5000000000
53809  -43.049  -24.204  -36.005 0.6000000238
54839  -43.276  -23.445  -36.723 0.6000000238
55923  -43.386  -22.602  -37.557 0.6000000238
55928  -43.935  -21.774  -39.083 0.5000000000
57170  -45.084  -21.191  -39.348 0.5000000000
148111  -45.400  -21.568  -39.144 0.5000000000
55885  -34.203  -22.604  -32.720 0.6000000238
54814  -34.642  -23.196  -33.300 0.6999999881
137893  -42.388  -24.781  -34.577 0.6000000238
52749  -42.686  -24.924  -35.350 0.6000000238
57167  -43.849  -20.756  -38.941 0.5000000000
57168  -45.384  -21.061  -38.410 0.5000000000
57128  -34.090  -21.925  -33.220 0.6000000238
51831  -41.124  -26.089  -33.011 0.6000000238
52736  -42.054  -25.058  -33.925 0.6000000238
58320  -45.150  -19.886  -38.793 0.5000000000
58317  -45.278  -20.217  -37.903 0.5000000000
55902  -35.053  -22.690  -34.782 0.8000000119
59259  -43.566  -18.613  -37.240 0.5000000000
58319  -44.877  -19.378  -38.708 0.5000000000
55903  -35.447  -22.830  -35.719 0.8000000119
51814  -39.745  -26.321  -31.899 0.6000000238
60119  -42.523  -18.499  -33.543 0.5000000000
58300  -42.758  -20.090  -34.455 0.5000000000
59252  -43.382  -18.226  -36.236 0.5000000000
60144  -44.174  -18.355  -37.686 0.5000000000
59261  -45.102  -19.170  -38.140 0.5000000000
59260  -45.128  -18.731  -37.226 0.4000000060
55920  -35.983  -22.561  -36.641 0.8000000119
51813  -38.784  -26.445  -31.851 0.6999999881
59242  -42.980  -18.874  -35.301 0.5000000000
157984  -43.172  -18.108  -35.592 0.5000000000
59253  -44.592  -18.085  -37.051 0.5000000000
54832  -37.506  -23.144  -36.120 0.8000000119
53785  -37.413  -24.915  -32.925 0.6999999881
52726  -37.687  -25.634  -32.483 0.6999999881
60108  -42.271  -18.027  -32.851 0.5000000000
61035  -42.702  -17.580  -33.705 0.4000000060
131483  -37.397  -24.471  -33.844 0.6999999881
61026  -42.915  -17.048  -33.557 0.4000000060
145334  -43.641  -22.652  -38.525 0.5000000000
55884  -31.851  -21.932  -32.016 0.5000000000
53803  -42.630  -24.030  -34.974 0.6000000238
54834  -42.976  -23.361  -35.700 0.6000000238
55926  -43.540  -21.656  -38.383 0.5000000000
150186  -33.125  -21.516  -32.601 0.5000000000
142664  -43.330  -21.662  -37.275 0.5000000000
57164  -43.466  -20.624  -38.133 0.5000000000
143873  -31.298  -21.603  -32.571 0.5000000000
57125  -32.242  -21.369  -32.792 0.5000000000
57127  -33.652  -21.967  -32.602 0.5000000000
52735  -41.566  -25.275  -33.225 0.6000000238
53793  -41.846  -24.480  -33.401 0.6000000238
57150  -43.082  -20.864  -35.803 0.5000000000
58315  -43.484  -19.580  -37.801 0.5000000000
58318  -43.886  -19.765  -38.653 0.5000000000
145259  -40.565  -26.062  -32.408 0.6000000238
53786  -40.963  -24.948  -32.151 0.6000000238
58291  -42.512  -20.204  -33.449 0.5000000000
58309  -43.231  -19.757  -36.596 0.5000000000
59262  -43.952  -18.892  -38.272 0.5000000000
55912  -35.211  -21.816  -35.558 0.6999999881
52714  -39.138  -25.899  -31.291 0.6000000238
144017  -43.194  -18.993  -36.232 0.5000000000
55913  -35.746  -21.993  -36.454 0.6999999881
52713  -38.376  -25.816  -31.395 0.6999999881
59225  -42.414  -19.464  -33.083 0.5000000000
146438  -36.011  -21.789  -36.802 0.6999999881
60107  -41.903  -17.588  -32.179 0.4000000060
55922  -37.128  -22.420  -36.460 0.8000000119
150356  -37.277  -23.628  -33.928 0.6999999881
61025  -42.387  -17.248  -32.838 0.5000000000
61016  -41.988  -16.944  -32.205 0.5000000000
57162  -36.768  -21.579  -36.643 0.6999999881
54816  -37.539  -23.901  -34.889 0.8000000119
61991  -42.465  -16.797  -32.477 0.4000000060
61992  -43.133  -16.612  -32.763 0.5000000000
63974  -44.561  -14.678  -30.998 0.4000000060
157116  -45.671  -13.852  -31.000 0.5000000000
64944  -45.886  -13.279  -30.860 0.5000000000
64969  -47.767  -13.831  -32.059 0.5000000000
64956  -46.686  -13.328  -31.226 0.5000000000
65863  -46.514  -12.683  -30.919 0.5000000000
55916  -43.222  -22.591  -36.421 0.6000000238
53794  -42.263  -24.246  -34.104 0.6000000238
54826  -42.427  -23.441  -34.303 0.6000000238
55915  -42.924  -22.589  -35.434 0.6000000238
142920  -43.164  -21.737  -36.115 0.5000000000
57157  -43.262  -20.703  -36.953 0.5000000000
57135  -31.941  -20.600  -33.964 0.5000000000
57137  -33.663  -21.425  -33.356 0.5000000000
57138  -34.265  -21.470  -34.042 0.6999999881
53787  -41.423  -24.717  -32.701 0.6000000238
54806  -41.686  -23.962  -32.849 0.6000000238
55896  -42.314  -22.781  -33.708 0.6000000238
57140  -42.517  -21.143  -33.731 0.5000000000
150511  -31.112  -20.528  -33.458 0.5000000000
58289  -33.831  -20.557  -34.504 0.6000000238
52715  -39.881  -25.621  -31.456 0.6000000238
57149  -42.789  -21.002  -34.774 0.5000000000
57146  -34.716  -20.767  -35.283 0.6999999881
53771  -40.453  -24.891  -31.438 0.6000000238
58280  -42.303  -20.276  -32.581 0.5000000000
53770  -39.565  -25.241  -30.922 0.6000000238
145029  -42.284  -18.868  -32.727 0.5000000000
60097  -41.968  -18.671  -32.008 0.6000000238
59202  -41.909  -19.594  -31.531 0.4000000060
139850  -41.603  -18.024  -31.273 0.5000000000
140499  -37.376  -24.872  -31.863 0.6999999881
52712  -37.844  -25.610  -31.671 0.6999999881
61015  -41.644  -17.056  -31.613 0.5000000000
63964  -41.627  -14.652  -30.541 0.4000000060
64943  -42.611  -13.658  -30.529 0.4000000060
54805  -37.106  -23.985  -32.878 0.6999999881
63966  -43.690  -13.954  -30.622 0.4000000060
55894  -37.163  -21.809  -34.233 0.6999999881
63967  -44.980  -13.744  -30.786 0.4000000060
58314  -36.727  -20.676  -36.613 0.6999999881
64957  -47.412  -13.257  -31.543 0.5000000000
64958  -48.167  -13.097  -31.847 0.5000000000
65864  -47.751  -12.474  -31.418 0.5000000000
55905  -42.612  -22.651  -34.598 0.5000000000
55906  -42.874  -21.827  -35.107 0.5000000000
154046  -41.590  -23.526  -32.369 0.6000000238
54807  -41.944  -23.214  -32.950 0.5000000000
150533  -42.359  -22.011  -33.488 0.5000000000
53772  -41.211  -24.209  -32.028 0.6000000238
57131  -42.238  -21.637  -32.897 0.5000000000
58288  -32.887  -20.059  -34.680 0.6000000238
53757  -40.047  -24.552  -30.577 0.5000000000
54791  -40.758  -24.005  -31.133 0.5000000000
136892  -42.356  -20.894  -32.933 0.5000000000
58268  -42.074  -20.304  -31.819 0.5000000000
58298  -34.445  -19.694  -35.478 0.6999999881
53756  -39.173  -24.825  -30.272 0.6000000238
59212  -42.200  -19.556  -32.259 0.5000000000
59201  -41.631  -19.641  -30.803 0.6000000238
145339  -41.509  -18.851  -30.558 0.5000000000
133696  -37.386  -24.413  -30.903 0.6999999881
61963  -41.138  -16.325  -29.658 0.5000000000
145309  -41.043  -15.225  -30.099 0.4000000060
57154  -35.566  -20.801  -36.388 0.6999999881
54790  -36.953  -23.847  -31.724 0.6999999881
54804  -36.813  -23.142  -32.491 0.6999999881
140450  -41.380  -17.979  -30.321 0.5000000000
61969  -41.274  -16.283  -30.455 0.5000000000
63963  -41.130  -14.150  -30.162 0.4000000060
146580  -41.731  -13.826  -30.452 0.4000000060
58313  -36.157  -20.505  -36.858 0.6999999881
54815  -36.999  -22.928  -33.484 0.6999999881
141998  -41.963  -13.068  -30.454 0.4000000060
65851  -43.202  -12.323  -30.520 0.4000000060
59251  -36.378  -18.916  -36.377 0.6999999881
57147  -37.126  -20.577  -34.657 0.6999999881
136096  -44.075  -13.023  -30.520 0.4000000060
65852  -44.166  -12.163  -30.523 0.4000000060
58307  -36.953  -19.749  -36.326 0.6999999881
58299  -37.312  -20.058  -35.639 0.6999999881
136538  -45.059  -12.775  -30.632 0.4000000060
66771  -45.145  -11.791  -30.621 0.4000000060
66772  -46.331  -11.846  -30.744 0.4000000060
65875  -48.565  -12.373  -31.782 0.5000000000
66782  -47.600  -11.766  -31.202 0.5000000000
55873  -41.513  -22.604  -31.473 0.5000000000
57130  -41.919  -22.073  -32.173 0.5000000000
54772  -41.034  -23.197  -30.844 0.5000000000
55857  -41.249  -22.368  -30.634 0.5000000000
139570  -41.682  -21.682  -31.298 0.5000000000
57106  -41.583  -21.023  -30.797 0.5000000000
58287  -31.383  -19.723  -34.159 0.6000000238
152239  -32.922  -18.991  -35.258 0.6000000238
54771  -40.406  -23.763  -30.278 0.5000000000
143695  -42.108  -21.118  -32.138 0.5000000000
58297  -33.716  -19.339  -35.285 0.6999999881
54770  -39.633  -24.190  -29.841 0.5000000000
58258  -41.462  -20.395  -30.390 0.6000000238
59191  -41.360  -19.671  -29.999 0.5000000000
53739  -38.792  -24.333  -29.684 0.6000000238
53754  -37.829  -24.587  -30.365 0.6999999881
62973  -41.206  -15.716  -29.006 0.4000000060
59238  -34.711  -18.607  -35.624 0.6999999881
147425  -36.959  -23.600  -30.789 0.8000000119
139569  -41.218  -17.987  -29.462 0.5000000000
60988  -41.193  -17.243  -29.119 0.5000000000
64932  -40.973  -13.428  -30.059 0.4000000060
150144  -41.211  -13.217  -30.211 0.4000000060
133290  -42.362  -11.636  -30.542 0.4000000060
58305  -35.445  -19.485  -36.221 0.6999999881
131814  -36.399  -22.159  -30.991 0.6000000238
132136  -43.300  -11.692  -30.596 0.4000000060
57139  -36.737  -20.999  -33.509 0.6999999881
57129  -36.399  -21.186  -32.421 0.6000000238
57105  -36.147  -21.619  -30.457 0.6000000238
66770  -43.950  -11.336  -30.680 0.4000000060
59240  -36.384  -18.402  -35.845 0.6999999881
135337  -37.066  -19.633  -35.080 0.6000000238
140321  -36.699  -19.973  -34.114 0.6999999881
58266  -35.998  -20.610  -32.107 0.6000000238
57115  -36.151  -21.289  -31.406 0.6000000238
139555  -45.749  -11.046  -30.787 0.4000000060
60140  -35.887  -18.433  -36.129 0.6999999881
58265  -35.566  -20.256  -31.908 0.6000000238
57114  -35.669  -20.661  -31.294 0.6000000238
67657  -47.356  -11.091  -31.102 0.5000000000
58256  -35.006  -20.149  -31.222 0.6000000238
66783  -48.240  -11.790  -31.472 0.5000000000
65865  -48.952  -11.675  -31.782 0.5000000000
142259  -41.365  -21.665  -30.505 0.6000000238
153973  -30.399  -19.204  -33.560 0.5000000000
55856  -40.723  -22.953  -30.013 0.5000000000
55849  -40.956  -22.054  -29.794 0.6000000238
57099  -41.235  -21.172  -30.050 0.6000000238
58296  -32.174  -19.372  -34.800 0.6000000238
59237  -33.553  -18.227  -35.452 0.6000000238
55847  -39.658  -23.081  -28.814 0.6000000238
55848  -40.360  -22.687  -29.252 0.6000000238
58251  -41.123  -20.521  -29.562 0.5000000000
58240  -41.025  -19.735  -28.994 0.5000000000
60083  -41.303  -18.829  -29.699 0.5000000000
59235  -31.674  -18.557  -34.771 0.6000000238
59236  -32.604  -18.012  -35.325 0.6000000238
54761  -39.236  -23.748  -29.195 0.6000000238
54743  -38.870  -23.253  -28.574 0.6000000238
59179  -40.733  -19.308  -28.200 0.5000000000
61943  -41.092  -16.785  -27.584 0.5000000000
143486  -41.410  -15.194  -28.223 0.4000000060
63955  -41.000  -14.112  -29.739 0.4000000060
60139  -35.243  -18.274  -35.673 0.6999999881
59248  -33.324  -17.589  -35.342 0.6000000238
139171  -37.487  -24.020  -30.139 0.6999999881
54742  -38.004  -23.111  -28.587 0.6000000238
60072  -41.077  -18.765  -28.859 0.5000000000
60977  -41.080  -17.406  -28.165 0.5000000000
143614  -41.216  -16.591  -28.587 0.5000000000
65839  -41.060  -12.798  -30.046 0.4000000060
65849  -41.468  -12.406  -30.232 0.4000000060
130483  -42.160  -10.859  -30.571 0.4000000060
54789  -36.645  -22.816  -31.608 0.6999999881
55855  -36.669  -22.892  -30.642 0.6999999881
154228  -36.415  -21.501  -28.856 0.6999999881
59178  -40.234  -19.589  -27.514 0.5000000000
60057  -40.838  -18.142  -27.818 0.5000000000
66769  -42.832  -11.022  -30.755 0.4000000060
60118  -35.379  -17.835  -34.960 0.6000000238
57097  -36.243  -21.651  -29.562 0.6000000238
58239  -36.331  -20.900  -28.311 0.6999999881
67643  -43.497  -10.486  -30.986 0.4000000060
144503  -35.512  -18.155  -35.603 0.6999999881
58278  -36.193  -19.474  -33.703 0.6000000238
57104  -35.823  -21.060  -30.740 0.6000000238
58238  -35.567  -20.296  -28.787 0.6000000238
59177  -35.918  -20.003  -28.017 0.6000000238
67644  -45.333  -10.280  -31.028 0.4000000060
59211  -35.566  -19.211  -33.284 0.6000000238
59200  -35.221  -19.729  -32.281 0.6000000238
59187  -34.956  -19.786  -29.214 0.6000000238
59176  -35.235  -19.443  -28.480 0.6000000238
67655  -45.931  -9.855  -31.158 0.4000000060
58247  -34.644  -19.954  -30.107 0.6000000238
60069  -34.694  -18.779  -28.705 0.6000000238
131386  -47.932  -10.471  -31.284 0.5000000000
67656  -46.870  -10.282  -31.097 0.4000000060
140406  -49.314  -10.929  -31.817 0.5000000000
67663  -49.704  -9.977  -31.983 0.5000000000
154288  -40.510  -22.009  -29.061 0.6000000238
55829  -39.276  -22.618  -28.208 0.6000000238
55830  -39.999  -22.334  -28.569 0.6000000238
57084  -40.315  -21.558  -28.552 0.6000000238
147241  -40.471  -20.149  -28.112 0.5000000000
60115  -31.194  -17.891  -34.551 0.6000000238
55815  -38.957  -22.194  -27.739 0.6000000238
57067  -40.120  -20.985  -27.982 0.5000000000
61935  -41.140  -16.168  -26.961 0.5000000000
63948  -41.371  -14.427  -28.626 0.4000000060
60125  -31.986  -17.317  -35.075 0.6000000238
61034  -32.777  -17.067  -34.905 0.6000000238
145321  -37.986  -22.515  -28.034 0.6000000238
55813  -37.645  -21.937  -27.834 0.6000000238
58223  -39.165  -20.608  -27.048 0.5000000000
60045  -38.677  -18.702  -26.316 0.5000000000
60046  -39.276  -18.474  -26.353 0.5000000000
60047  -39.930  -18.339  -26.620 0.5000000000
64922  -41.282  -13.759  -28.922 0.4000000060
65831  -41.326  -12.549  -29.456 0.4000000060
66760  -41.319  -12.087  -30.011 0.4000000060
55827  -37.436  -22.418  -28.438 0.6999999881
58221  -37.570  -20.601  -27.148 0.5000000000
59154  -39.566  -18.945  -26.685 0.5000000000
59162  -40.055  -18.966  -27.044 0.5000000000
67642  -42.479  -10.212  -30.831 0.4000000060
60105  -33.657  -17.743  -33.816 0.6000000238
60055  -36.467  -18.186  -26.940 0.6000000238
130771  -43.105  -9.796  -31.192 0.4000000060
155727  -33.940  -18.530  -33.102 0.6000000238
59209  -33.791  -19.014  -32.158 0.6000000238
146449  -35.773  -17.820  -27.432 0.6000000238
68529  -44.223  -9.869  -31.246 0.4000000060
145386  -35.659  -18.691  -36.132 0.6999999881
59198  -33.679  -19.284  -31.168 0.6000000238
68540  -45.557  -9.120  -31.467 0.4000000060
154755  -34.272  -19.723  -30.851 0.6000000238
59186  -34.334  -19.142  -29.440 0.6000000238
149442  -48.824  -10.278  -31.577 0.5000000000
68542  -47.430  -9.584  -31.311 0.4000000060
137411  -49.641  -8.759  -32.111 0.5000000000
69455  -50.394  -8.491  -32.837 0.4000000060
57083  -39.604  -21.798  -27.915 0.6000000238
138887  -39.520  -21.083  -27.492 0.5000000000
61926  -40.003  -16.332  -25.888 0.5000000000
61934  -40.638  -16.260  -26.338 0.5000000000
62954  -41.035  -15.524  -26.394 0.5000000000
132870  -41.699  -13.863  -27.948 0.4000000060
61033  -32.245  -16.801  -34.229 0.6000000238
60117  -33.180  -17.246  -34.570 0.6000000238
57066  -38.874  -21.479  -27.336 0.6000000238
146304  -38.641  -17.917  -26.058 0.5000000000
61933  -40.223  -16.953  -26.256 0.5000000000
61942  -40.758  -16.903  -26.799 0.5000000000
64923  -41.620  -13.101  -28.502 0.4000000060
66754  -41.530  -11.924  -29.414 0.4000000060
66761  -41.667  -11.260  -29.744 0.4000000060
60044  -38.000  -18.574  -26.301 0.5000000000
67641  -41.986  -10.495  -30.351 0.4000000060
60116  -32.666  -17.609  -33.337 0.6000000238
146459  -33.162  -18.408  -32.654 0.6000000238
60096  -33.037  -18.766  -31.609 0.6000000238
60975  -35.931  -16.961  -27.246 0.6000000238
69441  -45.223  -8.339  -31.621 0.4000000060
60997  -33.669  -17.542  -29.542 0.6000000238
60974  -35.439  -17.112  -27.734 0.6000000238
68541  -46.501  -9.360  -31.326 0.4000000060
59190  -33.910  -19.242  -30.330 0.6000000238
60082  -34.122  -18.198  -29.111 0.6000000238
60986  -34.674  -17.890  -28.480 0.6000000238
138846  -47.838  -8.964  -31.471 0.4000000060
69444  -48.605  -8.627  -31.712 0.4000000060
70421  -48.832  -7.388  -32.925 0.3000000119
68543  -48.292  -9.589  -31.457 0.5000000000
138388  -49.092  -7.927  -32.260 0.4000000060
70432  -50.201  -7.744  -34.053 0.3000000119
63933  -40.730  -14.912  -25.906 0.5000000000
63934  -41.329  -14.646  -26.518 0.5000000000
65821  -42.027  -12.599  -27.545 0.5000000000
66742  -42.250  -11.710  -27.691 0.5000000000
61925  -39.354  -16.443  -25.741 0.5000000000
62948  -39.436  -15.696  -25.626 0.6000000238
65832  -41.822  -12.266  -28.538 0.4000000060
67633  -42.076  -10.327  -29.346 0.5000000000
68520  -42.104  -9.631  -29.909 0.4000000060
61024  -31.911  -17.308  -32.732 0.6000000238
61014  -32.184  -17.581  -31.657 0.6000000238
61932  -37.328  -16.810  -26.255 0.6000000238
68526  -42.284  -9.747  -30.549 0.4000000060
68527  -42.615  -9.369  -31.003 0.4000000060
60104  -32.438  -18.133  -32.119 0.6000000238
61002  -32.619  -17.655  -30.849 0.6000000238
60965  -36.885  -17.596  -26.566 0.6999999881
69440  -44.370  -8.093  -31.537 0.3000000119
143298  -33.393  -16.958  -29.913 0.6000000238
61941  -36.202  -16.196  -27.076 0.6000000238
61003  -33.162  -17.657  -30.173 0.6000000238
61961  -33.848  -16.639  -29.509 0.6000000238
62960  -35.943  -15.474  -27.401 0.6000000238
69442  -46.139  -8.547  -31.560 0.4000000060
60998  -34.203  -17.238  -28.950 0.6000000238
61951  -34.864  -16.882  -28.348 0.6000000238
62972  -35.394  -15.264  -28.111 0.6000000238
131926  -47.069  -8.761  -31.486 0.3000000119
69443  -47.733  -8.182  -31.696 0.3000000119
70420  -48.102  -7.041  -32.921 0.3000000119
70430  -48.442  -7.123  -33.559 0.3000000119
70443  -49.534  -7.358  -34.111 0.3000000119
63926  -40.148  -14.332  -25.618 0.6000000238
63927  -40.952  -14.144  -25.933 0.5000000000
65815  -42.001  -12.081  -26.634 0.5000000000
62946  -38.030  -15.667  -25.764 0.6000000238
63925  -39.055  -14.674  -25.520 0.6000000238
68509  -42.395  -9.512  -28.729 0.4000000060
69421  -42.406  -8.879  -30.323 0.4000000060
61013  -31.634  -16.773  -32.122 0.6000000238
62990  -32.865  -16.010  -30.759 0.6000000238
137831  -37.457  -15.907  -26.148 0.6000000238
69431  -42.972  -8.470  -31.074 0.3000000119
69432  -43.626  -7.910  -31.261 0.3000000119
61967  -32.932  -16.876  -30.461 0.6000000238
62991  -33.499  -15.253  -30.695 0.6000000238
61968  -33.536  -16.086  -30.145 0.6000000238
63953  -34.603  -14.633  -29.699 0.6000000238
62982  -34.065  -15.890  -29.652 0.6000000238
140905  -45.877  -7.894  -31.688 0.3000000119
61962  -34.369  -16.290  -29.066 0.6000000238
63954  -34.949  -14.941  -28.899 0.6000000238
70412  -46.782  -7.860  -31.747 0.3000000119
70419  -47.688  -6.791  -32.728 0.3000000119
70442  -48.273  -6.979  -33.879 0.3000000119
71458  -48.441  -6.447  -34.145 0.3000000119
64898  -39.508  -13.677  -25.523 0.6000000238
64899  -40.473  -13.495  -25.632 0.6000000238
65803  -41.515  -12.598  -26.113 0.5000000000
66736  -41.842  -11.277  -26.195 0.5000000000
156397  -42.254  -11.331  -26.817 0.4000000060
64897  -38.601  -13.768  -25.631 0.6000000238
130697  -42.633  -8.625  -28.221 0.4000000060
69409  -42.690  -8.142  -29.323 0.4000000060
63932  -37.490  -14.190  -26.207 0.6000000238
70386  -42.955  -7.488  -29.769 0.4000000060
69422  -42.795  -7.978  -30.383 0.3000000119
63001  -32.804  -15.259  -31.144 0.6000000238
64904  -36.912  -13.847  -26.699 0.6000000238
70400  -43.651  -7.315  -30.928 0.3000000119
63962  -34.344  -14.321  -30.430 0.6000000238
63938  -36.331  -14.266  -27.125 0.6000000238
71418  -45.067  -6.215  -31.115 0.3000000119
64910  -35.849  -13.920  -27.752 0.6000000238
70411  -46.145  -7.300  -31.731 0.3000000119
141455  -35.062  -14.138  -29.187 0.6000000238
64921  -35.493  -13.620  -28.567 0.6000000238
71440  -47.276  -6.503  -32.423 0.3000000119
72477  -47.722  -5.655  -33.619 0.3000000119
139466  -40.148  -11.903  -25.475 0.6000000238
146371  -40.852  -11.715  -25.581 0.5000000000
67592  -42.105  -9.873  -26.260 0.5000000000
68484  -42.400  -9.261  -26.663 0.4000000060
68497  -42.557  -9.374  -27.571 0.4000000060
65800  -38.937  -12.983  -25.581 0.6000000238
156534  -42.678  -8.151  -27.633 0.4000000060
70375  -42.988  -7.390  -29.015 0.4000000060
151091  -38.443  -12.475  -25.783 0.6000000238
71416  -43.675  -6.828  -30.433 0.3000000119
149047  -33.945  -14.640  -30.743 0.6000000238
65812  -37.209  -12.529  -26.612 0.6000000238
71403  -43.994  -6.170  -30.114 0.3000000119
63973  -34.111  -14.023  -31.057 0.6000000238
64941  -34.513  -13.591  -30.687 0.6000000238
149360  -36.891  -13.129  -26.788 0.6000000238
72448  -45.289  -5.354  -30.829 0.3000000119
65820  -36.523  -12.537  -27.265 0.6000000238
64930  -34.744  -13.852  -29.950 0.6000000238
64931  -35.182  -13.343  -29.384 0.6000000238
65829  -35.549  -12.787  -28.744 0.6000000238
66719  -39.671  -11.173  -25.500 0.6000000238
68469  -41.545  -9.661  -25.778 0.4000000060
68470  -41.972  -9.074  -26.056 0.4000000060
140397  -42.278  -8.598  -26.388 0.4000000060
69399  -42.592  -8.532  -27.102 0.4000000060
66718  -38.879  -11.069  -25.694 0.5000000000
135335  -39.137  -12.019  -25.564 0.5000000000
72435  -43.784  -5.737  -29.278 0.4000000060
66735  -38.208  -11.692  -25.978 0.5000000000
71402  -43.392  -6.729  -29.523 0.3000000119
157498  -37.551  -11.930  -26.414 0.5000000000
72436  -44.308  -5.372  -29.813 0.3000000119
64954  -34.289  -13.285  -31.334 0.6000000238
66740  -36.454  -11.627  -27.579 0.5000000000
65847  -34.673  -12.859  -30.914 0.6000000238
64942  -34.899  -13.099  -30.172 0.6000000238
65830  -35.946  -12.199  -28.110 0.6000000238
66759  -35.394  -11.686  -29.790 0.6000000238
66752  -35.667  -11.297  -29.130 0.6000000238
137487  -35.602  -11.958  -28.947 0.6000000238
155213  -35.392  -11.233  -30.154 0.5000000000
139357  -35.595  -10.821  -29.653 0.5000000000
69368  -40.569  -8.693  -25.418 0.4000000060
69369  -41.384  -8.848  -25.657 0.4000000060
69385  -42.364  -7.894  -26.479 0.4000000060
131705  -42.667  -7.729  -27.199 0.3000000119
67588  -38.812  -10.242  -25.757 0.5000000000
155259  -39.376  -10.549  -25.558 0.4000000060
146948  -42.790  -6.265  -26.999 0.3000000119
72402  -43.160  -5.484  -27.610 0.3000000119
70362  -43.078  -6.860  -28.408 0.3000000119
156803  -37.778  -10.396  -26.488 0.5000000000
73446  -43.374  -4.572  -27.836 0.3000000119
72417  -43.603  -5.178  -28.492 0.3000000119
66741  -36.904  -11.034  -27.193 0.5000000000
72418  -44.038  -4.926  -29.141 0.3000000119
157273  -36.454  -10.950  -27.791 0.5000000000
74484  -45.508  -3.335  -30.424 0.3000000119
67632  -36.229  -10.475  -28.315 0.5000000000
67631  -35.848  -10.760  -28.904 0.5000000000
139359  -40.235  -7.356  -25.345 0.3000000119
136593  -40.919  -7.245  -25.418 0.3000000119
152457  -41.465  -6.945  -25.630 0.3000000119
70334  -42.020  -7.190  -25.985 0.3000000119
70331  -38.961  -7.793  -25.617 0.3000000119
68467  -39.675  -8.996  -25.446 0.4000000060
71362  -42.300  -6.309  -26.266 0.3000000119
72386  -42.595  -5.369  -26.589 0.3000000119
69384  -38.486  -8.439  -25.993 0.3000000119
72401  -43.007  -4.753  -27.153 0.3000000119
68496  -37.117  -9.665  -27.328 0.4000000060
73447  -43.781  -4.354  -28.548 0.3000000119
73461  -44.242  -4.188  -29.155 0.3000000119
67620  -36.743  -10.342  -27.594 0.5000000000
75443  -45.149  -2.643  -30.069 0.3000000119
68495  -36.544  -9.577  -28.152 0.5000000000
136563  -45.277  -1.851  -30.317 0.3000000119
68519  -35.934  -9.967  -29.084 0.4000000060
71347  -40.289  -6.519  -25.334 0.3000000119
71348  -41.096  -6.397  -25.449 0.3000000119
72374  -41.362  -5.672  -25.549 0.3000000119
151056  -38.763  -7.112  -25.732 0.3000000119
69367  -39.802  -8.045  -25.374 0.3000000119
72375  -42.009  -5.600  -25.888 0.3000000119
70348  -38.242  -7.545  -26.254 0.3000000119
73431  -43.108  -4.019  -27.231 0.3000000119
143013  -43.506  -3.744  -27.963 0.3000000119
70360  -37.553  -7.537  -27.187 0.3000000119
70347  -37.916  -6.879  -26.683 0.3000000119
74452  -43.948  -3.558  -28.668 0.3000000119
75425  -44.150  -2.812  -28.893 0.3000000119
70373  -37.036  -8.050  -28.064 0.3000000119
69398  -37.031  -8.902  -27.680 0.4000000060
76397  -44.274  -1.453  -29.114 0.3000000119
139733  -44.348  -2.220  -29.157 0.3000000119
156788  -36.684  -8.759  -28.333 0.4000000060
153353  -45.303  -1.138  -30.562 0.3000000119
68518  -35.882  -9.206  -29.713 0.4000000060
68508  -36.278  -9.040  -28.936 0.4000000060
77433  -45.568  -0.558  -31.148 0.3000000119
76425  -45.896  -1.618  -31.079 0.3000000119
144327  -39.530  -6.262  -25.411 0.3000000119
71346  -39.521  -7.080  -25.425 0.3000000119
72372  -39.861  -5.642  -25.316 0.3000000119
153478  -41.516  -4.394  -25.613 0.3000000119
143369  -42.114  -3.917  -26.019 0.3000000119
73422  -42.115  -4.793  -25.988 0.3000000119
72371  -39.055  -5.666  -25.538 0.3000000119
74428  -42.164  -3.010  -26.100 0.3000000119
141751  -42.732  -2.686  -26.771 0.3000000119
75410  -43.188  -2.466  -27.388 0.3000000119
71375  -37.602  -6.544  -27.360 0.3000000119
76384  -43.432  -1.788  -27.838 0.3000000119
77394  -44.314  -0.584  -29.336 0.3000000119
77422  -44.687  0.132  -30.208 0.3000000119
70385  -36.309  -7.759  -29.672 0.4000000060
78436  -45.063  0.169  -30.809 0.3000000119
79333  -44.937  0.913  -31.068 0.3000000119
78447  -45.454  0.396  -31.510 0.3000000119
80207  -45.709  2.350  -33.505 0.3000000119
73409  -40.191  -4.786  -25.279 0.3000000119
143608  -40.810  -4.147  -25.348 0.3000000119
133597  -41.392  -3.440  -25.573 0.3000000119
73408  -39.494  -5.033  -25.397 0.3000000119
75403  -42.246  -2.100  -26.265 0.3000000119
71360  -38.047  -6.081  -26.616 0.3000000119
72385  -38.426  -5.410  -26.086 0.3000000119
76383  -42.857  -1.856  -26.973 0.3000000119
145556  -43.005  -1.018  -27.308 0.3000000119
77393  -43.896  -0.750  -28.702 0.3000000119
151227  -37.689  -5.756  -27.354 0.3000000119
78403  -43.388  0.503  -28.250 0.3000000119
158100  -43.687  0.679  -28.792 0.3000000119
134809  -37.210  -7.032  -28.132 0.4000000060
78418  -43.968  0.891  -29.313 0.3000000119
71390  -36.884  -6.599  -29.045 0.4000000060
79316  -44.206  1.514  -29.919 0.3000000119
79332  -44.568  1.260  -30.530 0.3000000119
139983  -36.490  -6.881  -29.821 0.4000000060
79348  -45.247  1.261  -31.754 0.3000000119
143091  -36.098  -7.284  -30.477 0.4000000060
79372  -45.438  2.104  -32.753 0.3000000119
149805  -45.396  3.499  -34.098 0.3000000119
74421  -40.811  -2.741  -25.403 0.3000000119
75396  -41.558  -2.454  -25.701 0.3000000119
145662  -40.055  -3.001  -25.350 0.3000000119
77380  -42.584  -0.266  -26.958 0.3000000119
74419  -39.257  -3.336  -25.484 0.3000000119
144425  -43.149  -0.216  -27.704 0.3000000119
73420  -37.855  -4.379  -26.996 0.3000000119
80159  -44.023  2.404  -29.988 0.3000000119
80171  -44.373  2.550  -30.814 0.3000000119
80184  -44.644  2.576  -31.501 0.3000000119
80197  -44.749  3.017  -32.113 0.3000000119
81010  -44.897  3.485  -32.824 0.3000000119
72446  -36.618  -5.613  -30.814 0.3000000119
80198  -45.161  2.705  -32.779 0.3000000119
81924  -45.100  4.988  -35.788 0.3000000119
81925  -45.435  4.068  -35.636 0.3000000119
75394  -39.407  -2.451  -25.480 0.3000000119
132529  -41.042  -0.984  -25.604 0.3000000119
76377  -41.657  -0.777  -25.967 0.3000000119
78385  -42.251  0.344  -26.675 0.3000000119
74418  -38.530  -3.172  -25.907 0.3000000119
75393  -38.836  -2.640  -25.677 0.3000000119
79298  -43.070  1.355  -27.981 0.3000000119
78407  -43.525  1.228  -28.692 0.3000000119
79305  -43.260  2.135  -28.525 0.3000000119
79315  -43.751  1.806  -29.284 0.3000000119
137655  -43.748  3.132  -29.787 0.3000000119
80985  -44.052  3.219  -30.441 0.3000000119
81881  -44.250  4.313  -31.506 0.3000000119
80999  -44.562  3.872  -32.145 0.3000000119
137212  -44.704  4.321  -32.909 0.3000000119
82855  -44.695  5.459  -34.015 0.3000000119
81023  -45.071  3.877  -33.546 0.3000000119
81899  -45.266  4.089  -34.405 0.3000000119
134337  -44.891  5.901  -35.992 0.3000000119
154497  -44.963  5.064  -36.837 0.3000000119
151039  -44.317  5.238  -38.579 0.3000000119
77361  -39.548  -0.748  -25.505 0.3000000119
77362  -40.357  -0.423  -25.512 0.3000000119
78384  -41.678  0.536  -26.199 0.3000000119
137609  -42.128  1.052  -26.683 0.3000000119
75402  -38.379  -2.353  -26.075 0.3000000119
76364  -38.817  -1.913  -25.689 0.3000000119
78355  -40.417  0.396  -25.571 0.3000000119
78356  -41.043  0.806  -25.738 0.3000000119
79278  -41.894  1.884  -26.655 0.3000000119
80138  -42.804  2.062  -27.810 0.3000000119
76376  -38.293  -1.383  -26.157 0.3000000119
80158  -43.556  2.664  -29.258 0.3000000119
75423  -37.661  -2.401  -27.913 0.3000000119
155860  -44.109  5.006  -31.649 0.3000000119
82842  -44.501  5.297  -33.033 0.3000000119
83751  -44.671  6.441  -34.922 0.3000000119
83760  -44.727  6.522  -36.762 0.3000000119
79252  -40.032  1.582  -25.579 0.3000000119
152592  -38.624  0.059  -25.859 0.3000000119
79251  -39.170  1.495  -25.623 0.3000000119
78383  -38.318  0.346  -26.147 0.3000000119
150879  -38.105  -0.778  -26.382 0.3000000119
78353  -38.930  -0.247  -25.654 0.3000000119
76382  -37.653  -1.504  -27.728 0.3000000119
134166  -37.821  -1.083  -26.825 0.3000000119
58224  -39.856  -20.381  -27.466 0.5000000000
58220  -36.722  -20.363  -27.553 0.6999999881
58213  -38.746  -19.959  -26.694 0.5000000000
59160  -36.365  -19.536  -27.440 0.6000000238
60128  -34.706  -17.835  -35.314 0.6000000238
55895  -37.396  -22.893  -34.565 0.6999999881
141026  -42.633  -50.202  -29.353 0.3000000119
30225  -43.308  -49.587  -29.566 0.3000000119
133314  -44.189  -50.146  -29.744 0.3000000119
31169  -43.662  -48.758  -29.703 0.3000000119
154909  -44.784  -48.644  -30.029 0.4000000060
31178  -46.455  -47.645  -30.497 0.4000000060
32132  -47.576  -47.138  -30.901 0.4000000060
33082  -46.248  -46.190  -31.323 0.4000000060
33097  -46.443  -45.950  -32.025 0.4000000060
34039  -46.088  -45.582  -32.708 0.4000000060
34050  -45.461  -44.961  -33.253 0.4000000060
36067  -44.893  -43.284  -34.036 0.4000000060
35029  -46.094  -44.508  -34.043 0.4000000060
36066  -44.333  -42.773  -33.549 0.4000000060
41044  -41.743  -38.166  -33.787 0.4000000060
40034  -37.312  -39.395  -23.990 0.3000000119
41807  -37.762  -37.907  -23.896 0.3000000119
41808  -38.196  -37.350  -23.570 0.3000000119
41945  -41.820  -37.973  -34.515 0.5000000000
44514  -41.701  -34.907  -23.679 0.3000000119
45453  -42.156  -34.150  -23.932 0.3000000119
41954  -42.301  -37.304  -35.797 0.5000000000
42829  -41.976  -36.433  -35.332 0.5000000000
50048  -45.571  -28.707  -29.336 0.3000000119
145549  -45.761  -27.889  -29.509 0.3000000119
44660  -43.855  -34.410  -37.102 0.6000000238
145775  -46.028  -26.926  -29.703 0.4000000060
145540  -44.466  -35.108  -37.676 0.6000000238
51787  -46.289  -26.090  -29.922 0.4000000060
51805  -46.968  -26.190  -30.641 0.4000000060
53761  -46.737  -24.649  -30.536 0.4000000060
53775  -47.430  -24.532  -31.322 0.4000000060
54811  -48.311  -24.110  -32.476 0.4000000060
48267  -34.723  -30.124  -28.924 0.4000000060
137320  -35.707  -29.928  -29.601 0.5000000000
48269  -35.995  -30.473  -29.729 0.5000000000
133352  -45.970  -33.371  -39.656 0.6999999881
55898  -48.560  -22.363  -32.980 0.4000000060
46565  -45.795  -32.537  -39.800 0.6999999881
50065  -35.966  -28.843  -30.458 0.5000000000
50075  -36.173  -28.814  -31.195 0.5000000000
50089  -36.110  -28.483  -32.980 0.6000000238
50088  -36.061  -28.247  -31.898 0.6000000238
50097  -36.171  -28.612  -34.060 0.8000000119
142129  -45.474  -29.683  -39.484 0.8000000119
48355  -46.480  -30.145  -39.216 0.6999999881
49252  -43.631  -30.042  -38.743 0.8000000119
48356  -45.124  -31.102  -39.600 0.6999999881
57142  -48.742  -21.477  -33.337 0.4000000060
50106  -35.949  -27.952  -34.652 0.8000000119
142136  -42.805  -29.110  -37.845 0.8000000119
49248  -42.735  -29.857  -38.101 0.8000000119
152112  -48.678  -19.832  -33.824 0.4000000060
50984  -36.282  -27.176  -35.440 0.6999999881
49244  -41.832  -29.994  -36.883 0.8000000119
139549  -36.978  -26.890  -35.613 0.6999999881
50979  -37.993  -28.001  -34.968 0.6999999881
144828  -40.825  -29.889  -35.659 0.8000000119
50098  -38.704  -28.557  -34.461 0.6999999881
50109  -40.118  -29.008  -34.313 0.6000000238
60122  -48.653  -18.180  -34.733 0.3000000119
62006  -44.584  -16.807  -33.644 0.4000000060
61039  -46.748  -17.128  -34.416 0.4000000060
60121  -47.651  -18.045  -34.453 0.3000000119
61994  -45.118  -16.430  -32.915 0.4000000060
62007  -45.510  -16.781  -33.780 0.4000000060
62008  -46.382  -16.713  -34.017 0.4000000060
61993  -44.139  -16.536  -32.787 0.4000000060
63017  -46.346  -15.609  -32.627 0.4000000060
63988  -46.671  -14.878  -32.162 0.5000000000
61981  -43.690  -16.171  -31.927 0.5000000000
62995  -43.504  -14.919  -30.885 0.4000000060
63976  -46.272  -14.485  -31.617 0.5000000000
63989  -47.410  -14.606  -32.399 0.5000000000
63990  -48.169  -14.394  -32.624 0.4000000060
61979  -41.958  -16.467  -31.641 0.5000000000
61978  -41.597  -16.016  -30.912 0.5000000000
148617  -48.924  -12.963  -32.194 0.5000000000
66792  -49.677  -11.609  -32.138 0.5000000000
140702  -50.079  -10.868  -32.260 0.5000000000
67664  -50.598  -10.071  -32.528 0.5000000000
59220  -29.918  -18.807  -33.287 0.5000000000
68551  -50.340  -9.287  -32.451 0.5000000000
69464  -50.799  -8.312  -33.750 0.4000000060
61030  -29.442  -17.155  -33.426 0.6000000238
60114  -30.721  -17.474  -34.288 0.6000000238
60124  -31.386  -16.857  -34.561 0.6000000238
61032  -31.533  -16.584  -34.248 0.6000000238
70444  -50.432  -7.522  -34.353 0.3000000119
62004  -30.959  -16.088  -33.632 0.6000000238
61023  -31.437  -16.510  -33.376 0.6000000238
71459  -49.776  -6.957  -34.433 0.3000000119
72487  -50.835  -5.762  -34.773 0.3000000119
137384  -32.259  -15.893  -31.258 0.6000000238
63972  -33.473  -14.481  -31.181 0.6000000238
64953  -33.780  -13.644  -31.515 0.6000000238
65860  -34.051  -12.948  -31.887 0.6000000238
66781  -34.892  -11.735  -31.606 0.6000000238
66767  -35.175  -11.604  -30.704 0.6000000238
66790  -34.571  -11.721  -32.400 0.6000000238
151816  -35.409  -10.823  -30.491 0.5000000000
132396  -35.608  -10.032  -30.087 0.5000000000
69430  -35.891  -8.503  -30.128 0.4000000060
70398  -35.910  -7.925  -30.446 0.4000000060
70408  -35.909  -6.962  -31.307 0.4000000060
83731  -44.460  6.194  -33.530 0.3000000119
139337  -44.541  6.765  -34.144 0.3000000119
145905  -44.751  8.118  -36.747 0.3000000119
145677  -44.548  7.805  -38.096 0.3000000119
83771  -44.288  6.035  -38.167 0.3000000119
77377  -37.894  -0.215  -26.652 0.3000000119
77392  -37.647  -0.993  -28.570 0.3000000119
54819  -48.446  -23.266  -32.722 0.4000000060
143971  -49.221  -13.561  -32.499 0.5000000000
33070  -45.822  -46.605  -30.747 0.4000000060
33051  -41.120  -46.346  -28.485 0.3000000119
33052  -41.637  -46.153  -28.881 0.3000000119
33996  -41.926  -45.657  -29.227 0.3000000119
34991  -43.298  -45.191  -30.960 0.4000000060
41029  -42.147  -38.821  -32.539 0.4000000060
35983  -38.165  -43.482  -25.709 0.3000000119
38161  -41.655  -41.006  -30.462 0.4000000060
40073  -39.178  -39.669  -27.624 0.3000000119
42824  -41.621  -36.673  -34.463 0.4000000060
44525  -40.573  -34.256  -24.191 0.3000000119
44547  -39.553  -34.441  -25.411 0.3000000119
133977  -39.786  -32.720  -25.783 0.3000000119
47373  -42.326  -30.767  -26.262 0.3000000119
49161  -43.308  -29.852  -27.182 0.3000000119
142876  -39.336  -32.869  -26.930 0.3000000119
46474  -39.352  -32.523  -28.470 0.3000000119
46452  -39.393  -32.127  -26.791 0.3000000119
47372  -39.770  -30.785  -26.580 0.3000000119
49173  -45.368  -29.753  -29.109 0.3000000119
46486  -39.453  -32.409  -29.266 0.3000000119
48258  -39.458  -30.455  -28.118 0.3000000119
139163  -42.374  -31.787  -34.437 0.6000000238
46550  -43.550  -32.677  -36.398 0.6000000238
48297  -40.458  -30.797  -31.193 0.3000000119
52703  -46.601  -25.411  -30.290 0.4000000060
46557  -46.042  -32.169  -38.653 0.6999999881
49197  -40.808  -29.072  -30.622 0.4000000060
50091  -42.299  -28.694  -32.287 0.4000000060
53741  -45.006  -24.579  -29.326 0.4000000060
49226  -43.484  -29.039  -33.934 0.6000000238
49243  -44.461  -29.349  -35.963 0.6999999881
147847  -45.300  -30.839  -37.522 0.6999999881
46562  -46.378  -31.897  -39.211 0.6999999881
52716  -42.742  -25.526  -30.915 0.4000000060
54794  -46.658  -23.001  -30.923 0.4000000060
148031  -45.961  -30.981  -38.331 0.6999999881
135637  -47.238  -22.763  -31.523 0.4000000060
55891  -47.803  -22.399  -32.192 0.4000000060
139362  -34.515  -29.178  -29.064 0.3000000119
50988  -44.744  -27.194  -35.634 0.6000000238
147107  -46.616  -29.960  -38.924 0.6999999881
46563  -46.345  -31.495  -39.344 0.6999999881
50990  -45.288  -27.152  -36.710 0.6000000238
54808  -43.719  -23.688  -31.972 0.5000000000
49255  -46.651  -29.263  -39.083 0.6999999881
139982  -46.623  -27.035  -38.935 0.6999999881
49257  -45.978  -29.002  -39.520 0.6999999881
146048  -46.241  -29.921  -39.505 0.8000000119
50993  -43.243  -27.680  -37.990 0.6999999881
52754  -45.987  -25.506  -38.026 0.6999999881
142420  -43.393  -26.788  -38.079 0.6000000238
50122  -42.628  -28.707  -37.171 0.6999999881
51857  -42.372  -26.497  -35.076 0.6000000238
50116  -41.631  -28.795  -35.301 0.6999999881
49241  -41.981  -29.214  -35.968 0.6999999881
49234  -40.710  -29.404  -35.031 0.8000000119
50100  -40.323  -28.363  -33.814 0.6000000238
59231  -49.292  -19.126  -34.660 0.4000000060
59230  -48.282  -18.901  -34.107 0.3000000119
54845  -44.688  -23.708  -39.258 0.6000000238
137265  -46.194  -23.875  -39.005 0.6000000238
54843  -45.878  -23.120  -38.803 0.6999999881
52751  -43.055  -25.919  -36.503 0.6000000238
51847  -37.934  -27.251  -34.669 0.6999999881
51838  -38.269  -27.109  -33.543 0.6999999881
50970  -39.093  -28.087  -33.540 0.6999999881
50108  -39.341  -29.037  -34.491 0.8000000119
50961  -39.494  -27.638  -32.965 0.6999999881
138591  -45.674  -23.814  -37.895 0.4000000060
145607  -44.944  -20.892  -34.298 0.3000000119
55931  -45.355  -21.985  -39.263 0.5000000000
55893  -34.563  -22.423  -33.766 0.6999999881
58316  -45.268  -20.105  -36.789 0.4000000060
61036  -43.438  -17.227  -34.475 0.4000000060
156981  -44.329  -17.503  -35.706 0.4000000060
155993  -45.180  -18.413  -36.567 0.4000000060
147527  -45.380  -18.833  -35.640 0.4000000060
60130  -42.918  -17.976  -34.775 0.5000000000
60132  -45.008  -17.736  -35.662 0.4000000060
59244  -45.498  -18.283  -35.302 0.4000000060
154395  -44.920  -19.864  -39.083 0.5000000000
152158  -34.715  -21.830  -34.633 0.6999999881
58301  -43.006  -19.948  -35.501 0.5000000000
55914  -37.629  -22.287  -36.024 0.8000000119
57136  -32.996  -20.923  -33.577 0.5000000000
52700  -38.705  -25.378  -30.775 0.6999999881
57148  -37.435  -21.110  -35.371 0.6999999881
65853  -45.848  -12.485  -30.677 0.4000000060
58277  -30.408  -20.554  -32.979 0.5000000000
55888  -42.098  -22.444  -32.921 0.5000000000
61004  -41.409  -17.152  -30.828 0.5000000000
53755  -38.374  -24.796  -30.280 0.6999999881
62994  -42.439  -15.143  -30.863 0.4000000060
63965  -42.610  -14.388  -30.647 0.4000000060
156572  -41.318  -15.722  -30.489 0.4000000060
58286  -30.699  -19.837  -33.540 0.5000000000
60999  -41.207  -17.132  -30.018 0.5000000000
55886  -36.689  -22.110  -32.791 0.6000000238
156589  -47.963  -11.280  -31.291 0.5000000000
59222  -30.919  -19.001  -34.153 0.5000000000
59249  -34.192  -17.855  -35.449 0.6999999881
54760  -38.432  -23.748  -29.174 0.6000000238
59239  -36.120  -18.175  -35.249 0.6000000238
58248  -35.340  -20.471  -29.607 0.6000000238
59199  -34.421  -19.576  -31.739 0.6000000238
60113  -30.044  -17.824  -33.722 0.5000000000
58250  -40.665  -20.737  -28.725 0.6000000238
60976  -40.789  -17.537  -27.318 0.5000000000
62961  -41.316  -15.996  -27.889 0.4000000060
138598  -37.209  -22.898  -29.159 0.6999999881
55826  -36.755  -22.147  -28.998 0.6999999881
57082  -36.944  -21.709  -28.318 0.6999999881
59223  -35.286  -18.467  -33.885 0.6000000238
59159  -35.720  -19.268  -27.837 0.6000000238
59210  -34.738  -18.944  -32.892 0.6000000238
60987  -35.177  -17.650  -27.989 0.6000000238
63939  -41.562  -14.582  -27.508 0.4000000060
58222  -38.401  -20.711  -26.964 0.5000000000
60967  -39.630  -17.630  -26.180 0.5000000000
58212  -37.955  -19.972  -26.722 0.5000000000
59161  -37.144  -19.801  -27.012 0.6000000238
68528  -43.450  -9.158  -31.362 0.4000000060
60043  -37.201  -18.402  -26.554 0.6999999881
135234  -36.550  -16.868  -26.742 0.6000000238
68539  -44.493  -8.957  -31.529 0.4000000060
146258  -33.258  -18.721  -30.758 0.6000000238
69463  -50.130  -7.896  -33.496 0.4000000060
146559  -39.974  -15.055  -25.633 0.6000000238
64906  -41.663  -13.847  -26.873 0.4000000060
60966  -37.674  -17.746  -26.200 0.6999999881
60960  -38.166  -17.036  -25.886 0.6000000238
59150  -36.768  -18.995  -26.943 0.6000000238
61940  -35.508  -16.242  -27.769 0.6000000238
70431  -49.330  -7.454  -33.660 0.3000000119
64900  -41.299  -13.394  -26.079 0.5000000000
65814  -41.793  -12.976  -26.731 0.5000000000
67621  -42.458  -10.199  -28.036 0.4000000060
69408  -42.402  -8.950  -29.316 0.4000000060
61931  -36.825  -16.122  -26.555 0.6000000238
70409  -44.263  -7.402  -31.325 0.3000000119
70410  -45.140  -7.521  -31.570 0.3000000119
63931  -36.868  -14.748  -26.607 0.6000000238
152700  -36.286  -14.938  -27.089 0.6000000238
62971  -34.893  -15.822  -28.587 0.6000000238
64911  -36.389  -13.458  -27.226 0.6000000238
69452  -47.619  -7.315  -32.149 0.3000000119
142590  -49.156  -6.457  -34.329 0.3000000119
158364  -38.244  -15.043  -25.670 0.6000000238
139189  -37.583  -15.055  -26.044 0.6000000238
70418  -47.023  -7.077  -32.051 0.3000000119
147805  -41.430  -11.908  -25.883 0.6000000238
65813  -37.829  -12.508  -26.133 0.6000000238
70399  -43.241  -7.346  -30.385 0.4000000060
71417  -44.261  -6.658  -30.899 0.3000000119
71431  -45.572  -6.752  -31.525 0.3000000119
65819  -35.913  -13.078  -27.897 0.6000000238
71432  -46.487  -6.617  -31.828 0.3000000119
66720  -40.487  -11.093  -25.508 0.5000000000
66721  -41.241  -11.122  -25.718 0.5000000000
70361  -42.850  -6.998  -27.486 0.4000000060
66733  -37.007  -11.792  -26.893 0.5000000000
149263  -40.967  -9.414  -25.501 0.4000000060
152553  -40.043  -10.419  -25.429 0.4000000060
69370  -41.872  -8.179  -25.898 0.4000000060
67609  -38.240  -10.749  -26.091 0.5000000000
74470  -44.948  -3.390  -29.862 0.3000000119
73462  -44.708  -4.112  -29.714 0.3000000119
68466  -38.813  -9.301  -25.757 0.4000000060
148631  -38.217  -9.933  -26.186 0.4000000060
68482  -37.636  -9.758  -26.699 0.4000000060
73430  -42.605  -4.392  -26.589 0.3000000119
69383  -37.825  -8.341  -26.652 0.3000000119
146685  -37.384  -8.371  -27.313 0.3000000119
75442  -44.627  -2.753  -29.492 0.3000000119
146339  -44.780  -1.141  -29.900 0.3000000119
78462  -45.815  0.774  -32.244 0.3000000119
72373  -40.653  -5.658  -25.352 0.3000000119
150931  -38.532  -6.061  -25.946 0.3000000119
139741  -43.932  -2.078  -28.608 0.3000000119
69407  -36.536  -8.265  -28.892 0.4000000060
133363  -38.874  -4.831  -25.642 0.3000000119
77384  -43.485  -0.902  -28.060 0.3000000119
79347  -44.737  1.804  -31.175 0.3000000119
81035  -45.634  3.426  -34.926 0.3000000119
77379  -41.976  -0.221  -26.300 0.3000000119
74427  -38.193  -3.783  -26.398 0.3000000119
73407  -38.714  -4.000  -25.742 0.3000000119
75395  -40.170  -2.176  -25.381 0.3000000119
78402  -42.727  0.617  -27.373 0.3000000119
75401  -38.051  -2.970  -26.572 0.3000000119
77363  -41.202  -0.082  -25.770 0.3000000119
80137  -42.332  2.406  -27.248 0.3000000119
142944  -43.198  2.965  -28.694 0.3000000119
76375  -37.873  -2.079  -26.869 0.3000000119
81880  -43.872  4.837  -31.017 0.3000000119
81888  -44.386  4.726  -32.226 0.3000000119
82868  -44.826  5.637  -34.913 0.3000000119
153703  -44.704  6.897  -35.620 0.3000000119
83780  -44.109  5.645  -38.981 0.3000000119
78354  -39.618  0.085  -25.529 0.3000000119
79277  -41.459  1.326  -26.161 0.3000000119
80115  -41.624  2.823  -26.592 0.3000000119
76395  -37.656  -1.879  -28.636 0.3000000119
84645  -44.718  7.458  -36.207 0.3000000119
77383  -37.647  -0.570  -27.606 0.3000000119
34051  -46.581  -45.190  -33.581 0.4000000060
48357  -45.832  -30.688  -39.646 0.6999999881
49247  -42.221  -30.134  -37.523 0.8000000119
49233  -39.675  -29.531  -34.912 0.8000000119
144912  -47.084  -15.372  -32.882 0.4000000060
137588  -35.223  -11.019  -31.346 0.5000000000
63006  -45.947  -15.118  -31.886 0.4000000060
139129  -54.505  -12.488  -34.600 0.3000000119
134919  -52.672  -12.094  -33.725 0.4000000060
66813  -54.855  -11.776  -34.679 0.3000000119
64971  -49.790  -12.959  -32.470 0.4000000060
65878  -51.122  -12.107  -32.824 0.4000000060
157210  -49.972  -12.205  -32.352 0.4000000060
67687  -54.810  -10.258  -34.648 0.3000000119
66805  -52.307  -11.397  -33.588 0.4000000060
66811  -53.366  -10.823  -34.494 0.3000000119
63004  -44.176  -15.512  -31.343 0.3000000119
66793  -50.523  -11.646  -32.508 0.4000000060
66794  -51.456  -11.291  -33.005 0.4000000060
68562  -52.343  -9.934  -34.254 0.3000000119
67678  -52.024  -10.509  -33.594 0.4000000060
142176  -53.192  -9.043  -34.932 0.3000000119
68576  -52.663  -9.526  -34.707 0.3000000119
68561  -51.752  -9.604  -33.775 0.4000000060
138467  -50.811  -10.843  -32.618 0.4000000060
69475  -52.720  -8.444  -35.004 0.3000000119
70446  -52.023  -8.094  -34.982 0.3000000119
69474  -51.670  -8.507  -34.626 0.3000000119
62016  -31.070  -16.393  -34.180 0.5000000000
62001  -29.078  -16.351  -33.286 0.5000000000
64000  -29.259  -14.129  -33.232 0.5000000000
63024  -29.908  -15.581  -33.542 0.5000000000
137352  -29.805  -14.816  -33.239 0.5000000000
63016  -30.715  -15.396  -32.750 0.5000000000
71472  -52.041  -6.426  -35.044 0.3000000119
69473  -51.030  -8.091  -34.301 0.3000000119
63015  -30.358  -14.677  -32.803 0.5000000000
63000  -31.867  -15.170  -31.557 0.5000000000
156847  -30.556  -12.539  -32.727 0.5000000000
65871  -31.306  -12.239  -32.616 0.5000000000
64965  -31.074  -13.145  -32.378 0.5000000000
141006  -31.959  -12.793  -32.276 0.4000000060
66788  -30.540  -11.733  -33.015 0.5000000000
65887  -29.760  -12.388  -33.115 0.5000000000
65872  -32.896  -12.622  -32.289 0.5000000000
148614  -32.555  -11.381  -32.928 0.4000000060
137398  -33.326  -11.868  -32.765 0.5000000000
149292  -31.572  -11.288  -32.992 0.4000000060
67674  -32.391  -10.765  -33.305 0.4000000060
66789  -34.148  -11.932  -32.752 0.5000000000
66802  -33.237  -11.131  -33.283 0.4000000060
67675  -33.838  -10.840  -33.898 0.5000000000
67684  -33.352  -10.204  -34.264 0.4000000060
66804  -34.861  -11.043  -33.108 0.4000000060
67685  -34.249  -10.347  -34.431 0.5000000000
67676  -34.581  -10.859  -33.813 0.4000000060
68572  -33.721  -9.696  -34.807 0.3000000119
156085  -35.138  -10.037  -34.272 0.4000000060
67654  -35.270  -10.423  -31.920 0.4000000060
68550  -35.305  -9.804  -33.236 0.3000000119
68579  -34.169  -9.115  -35.141 0.3000000119
68559  -35.334  -9.715  -34.093 0.3000000119
132062  -35.418  -9.113  -32.435 0.3000000119
150130  -35.512  -8.927  -31.481 0.3000000119
132374  -35.479  -9.028  -33.603 0.3000000119
133621  -35.669  -7.981  -34.547 0.3000000119
69462  -35.798  -8.091  -34.009 0.3000000119
69439  -35.668  -8.422  -30.929 0.3000000119
69451  -35.539  -8.259  -32.897 0.3000000119
140537  -35.536  -8.297  -31.830 0.3000000119
70427  -36.140  -7.387  -33.913 0.3000000119
136877  -35.768  -7.620  -33.250 0.3000000119
70417  -35.651  -7.459  -32.211 0.3000000119
63999  -28.463  -14.182  -33.275 0.5000000000
65894  -55.292  -13.304  -34.722 0.3000000119
150642  -50.585  -13.287  -32.771 0.4000000060
64978  -28.738  -13.407  -33.344 0.5000000000
65886  -29.037  -12.738  -33.357 0.4000000060
67673  -31.527  -10.369  -33.554 0.5000000000
63002  -42.177  -15.801  -31.203 0.4000000060
137844  -45.130  -15.314  -31.571 0.4000000060
63971  -32.658  -14.616  -31.424 0.5000000000
63005  -45.564  -15.826  -32.334 0.4000000060
63003  -43.153  -15.669  -31.264 0.3000000119
63991  -48.967  -14.235  -32.749 0.4000000060
68552  -51.077  -9.185  -33.155 0.3000000119
62002  -29.863  -16.234  -33.717 0.5000000000
62003  -30.534  -16.116  -33.801 0.5000000000
61990  -31.180  -15.994  -32.596 0.5000000000
61976  -31.625  -16.049  -31.712 0.5000000000
64952  -33.015  -13.912  -31.616 0.5000000000
64968  -33.402  -13.176  -31.923 0.5000000000
65873  -33.749  -12.504  -32.321 0.5000000000
66791  -35.021  -11.150  -32.250 0.4000000060
132547  -35.413  -10.193  -31.013 0.3000000119
135284  -55.555  -12.576  -34.746 0.3000000119
143659  -53.488  -12.484  -34.210 0.4000000060
66812  -53.878  -11.655  -34.515 0.3000000119
65888  -51.865  -12.243  -33.293 0.4000000060
64972  -51.195  -12.794  -32.929 0.4000000060
65889  -52.639  -12.862  -33.677 0.4000000060
66806  -53.049  -11.521  -34.121 0.3000000119
63992  -49.893  -13.969  -32.806 0.4000000060
151796  -52.889  -10.188  -34.528 0.3000000119
137184  -54.254  -10.930  -34.647 0.3000000119
136723  -52.294  -8.864  -34.875 0.3000000119
68575  -52.009  -9.183  -34.504 0.3000000119
70456  -52.422  -7.153  -35.041 0.3000000119
63014  -28.633  -15.691  -33.168 0.5000000000
63023  -28.096  -14.935  -33.154 0.5000000000
144459  -29.125  -15.003  -33.308 0.5000000000
63025  -30.335  -15.519  -33.336 0.5000000000
64001  -29.927  -14.006  -32.945 0.5000000000
146865  -31.210  -15.430  -32.056 0.5000000000
63986  -30.634  -13.917  -32.467 0.5000000000
63987  -31.072  -14.612  -32.091 0.5000000000
64951  -31.971  -14.132  -31.715 0.5000000000
64980  -30.220  -13.228  -32.756 0.5000000000
64979  -29.487  -13.328  -33.125 0.5000000000
141524  -32.264  -12.015  -32.604 0.4000000060
64966  -31.751  -13.457  -32.065 0.4000000060
66803  -34.034  -11.420  -33.354 0.5000000000
149110  -35.322  -9.909  -32.409 0.3000000119
68573  -34.598  -9.763  -34.779 0.3000000119
157095  -51.204  -13.453  -33.059 0.4000000060
48325  -37.274  -30.884  -34.518 0.6999999881
132430  -41.267  -30.041  -36.202 0.6999999881
49239  -40.100  -29.968  -35.478 0.6999999881
49238  -39.115  -29.973  -35.487 0.6999999881
48336  -38.025  -30.322  -35.531 0.6999999881
49230  -36.944  -29.280  -35.025 0.6999999881
49224  -36.544  -29.320  -34.344 0.6999999881
49232  -38.610  -29.317  -35.120 0.6999999881
49231  -37.592  -29.743  -35.255 0.6999999881
50114  -36.735  -28.455  -35.193 0.6999999881
50107  -36.424  -28.556  -34.842 0.6999999881
134468  -47.191  -16.548  -34.251 0.3000000119
149524  -47.779  -16.188  -34.132 0.3000000119
63018  -47.443  -15.811  -33.634 0.3000000119
62009  -48.395  -16.248  -34.193 0.3000000119
50115  -37.866  -28.755  -35.178 0.6999999881
49236  -37.273  -28.974  -35.237 0.6999999881
61996  -46.741  -16.038  -33.487 0.3000000119
63026  -48.114  -15.645  -33.681 0.3000000119
63028  -49.732  -15.559  -33.568 0.3000000119
152521  -51.008  -15.474  -33.585 0.3000000119
50986  -37.279  -28.230  -35.262 0.6000000238
50977  -36.252  -27.892  -35.138 0.6999999881
61995  -45.972  -16.262  -33.185 0.3000000119
64003  -49.386  -14.853  -33.200 0.3000000119
64981  -50.794  -14.036  -33.062 0.3000000119
64005  -51.103  -14.657  -33.345 0.3000000119
63019  -47.789  -15.105  -33.103 0.3000000119
134631  -51.825  -13.162  -33.308 0.3000000119
61982  -44.687  -16.030  -32.068 0.3000000119
48348  -42.285  -30.632  -37.909 0.6999999881
48351  -42.946  -30.694  -38.454 0.6999999881
47468  -41.277  -31.292  -37.318 0.6999999881
151237  -37.172  -31.305  -33.732 0.6999999881
48344  -41.107  -30.694  -36.695 0.6999999881
47467  -40.559  -31.390  -36.906 0.6999999881
48342  -39.380  -31.046  -36.252 0.6999999881
48332  -37.377  -30.159  -35.018 0.6999999881
48324  -36.922  -30.664  -33.724 0.6999999881
48339  -40.545  -30.364  -36.044 0.6999999881
156335  -36.687  -29.973  -33.736 0.6999999881
61041  -48.158  -17.424  -34.780 0.3000000119
137553  -47.882  -16.739  -34.597 0.3000000119
62010  -49.294  -16.353  -34.130 0.3000000119
147729  -51.805  -14.920  -33.594 0.3000000119
64983  -52.524  -13.714  -33.641 0.3000000119
64007  -53.217  -14.446  -34.042 0.3000000119
61040  -47.409  -17.193  -34.643 0.3000000119
64002  -48.538  -14.953  -33.190 0.3000000119
63027  -48.883  -15.603  -33.657 0.3000000119
39221  -43.086  -40.411  -36.518 0.4000000060
40156  -43.481  -39.684  -37.302 0.4000000060
141784  -42.989  -38.895  -36.686 0.4000000060
40149  -42.418  -39.069  -35.605 0.4000000060
139784  -44.078  -40.036  -38.250 0.4000000060
43714  -43.107  -35.842  -36.667 0.5000000000
42833  -43.433  -36.644  -37.075 0.4000000060
41955  -42.962  -37.347  -36.656 0.4000000060
41057  -43.368  -38.113  -37.075 0.4000000060
41056  -42.591  -38.127  -36.210 0.4000000060
41957  -43.839  -37.426  -37.502 0.5000000000
41060  -44.238  -38.164  -37.959 0.4000000060
40161  -44.668  -38.969  -38.921 0.4000000060
42832  -42.612  -36.540  -36.270 0.4000000060
146545  -44.142  -35.950  -37.541 0.5000000000
41958  -44.829  -37.460  -38.549 0.5000000000
40164  -44.495  -39.148  -39.185 0.5000000000
42837  -45.216  -36.457  -38.640 0.5000000000
41065  -44.502  -38.669  -39.400 0.5000000000
41063  -42.984  -39.112  -39.398 0.5000000000
40162  -42.526  -39.989  -39.125 0.5000000000
140636  -45.345  -36.907  -39.339 0.5000000000
43719  -45.793  -35.768  -38.973 0.6000000238
139523  -43.919  -38.972  -39.549 0.5000000000
41963  -44.905  -37.222  -39.593 0.5000000000
41962  -44.259  -38.107  -39.602 0.5000000000
41956  -41.610  -38.107  -38.210 0.6000000238
139416  -43.398  -38.452  -39.501 0.5000000000
139735  -40.993  -37.999  -37.488 0.5000000000
42840  -45.808  -36.065  -39.573 0.6000000238
43722  -46.044  -35.184  -39.525 0.6000000238
150308  -44.064  -37.312  -39.707 0.5000000000
41960  -43.101  -37.608  -39.428 0.6000000238
41959  -41.979  -37.410  -38.585 0.6000000238
42834  -41.180  -37.173  -37.759 0.5000000000
42822  -39.173  -36.690  -34.747 0.5000000000
42828  -39.850  -36.732  -36.173 0.5000000000
42830  -40.267  -36.778  -36.731 0.5000000000
42823  -39.487  -36.673  -35.475 0.5000000000
45551  -36.933  -33.905  -30.956 0.4000000060
42841  -45.959  -35.570  -39.825 0.6000000238
45558  -37.253  -33.683  -31.730 0.5000000000
44671  -45.783  -34.661  -40.047 0.6000000238
42842  -44.528  -36.664  -39.788 0.5000000000
44670  -44.965  -35.018  -40.095 0.6000000238
43723  -43.757  -36.133  -39.675 0.6000000238
44643  -37.779  -34.273  -33.018 0.5000000000
43721  -42.739  -35.990  -39.223 0.6000000238
43717  -41.080  -35.863  -37.856 0.6000000238
42835  -41.527  -36.600  -38.209 0.5000000000
42815  -38.786  -36.723  -33.967 0.5000000000
42831  -40.591  -36.348  -37.262 0.5000000000
137216  -40.033  -36.126  -36.593 0.5000000000
43716  -40.477  -35.387  -37.358 0.5000000000
45550  -36.550  -34.183  -30.253 0.4000000060
45557  -36.919  -33.074  -31.114 0.5000000000
153459  -36.184  -35.074  -29.775 0.4000000060
46508  -36.853  -32.092  -31.314 0.5000000000
45608  -46.073  -34.251  -39.601 0.6000000238
45571  -37.516  -33.554  -32.652 0.5000000000
137250  -37.694  -33.286  -33.433 0.5000000000
44669  -43.543  -35.295  -39.554 0.6000000238
143777  -42.212  -35.105  -38.759 0.6000000238
137285  -42.118  -34.143  -38.629 0.6000000238
43704  -39.174  -35.977  -35.083 0.5000000000
139376  -41.422  -35.278  -38.232 0.6000000238
43710  -39.543  -35.879  -35.889 0.5000000000
43713  -39.752  -35.359  -36.465 0.5000000000
43709  -39.107  -35.219  -35.380 0.5000000000
46495  -36.554  -32.542  -30.406 0.4000000060
155066  -36.521  -31.786  -30.466 0.5000000000
45540  -36.193  -33.739  -29.787 0.4000000060
47430  -36.836  -31.226  -31.986 0.5000000000
47443  -37.015  -31.259  -32.967 0.5000000000
46522  -37.419  -32.682  -32.907 0.5000000000
46534  -37.574  -32.526  -33.776 0.5000000000
46564  -44.771  -32.668  -39.687 0.6000000238
45611  -45.622  -33.655  -39.918 0.6000000238
45590  -37.928  -33.163  -34.257 0.5000000000
45584  -38.035  -33.974  -33.772 0.5000000000
46560  -43.448  -32.637  -39.144 0.6000000238
44667  -41.410  -34.529  -38.224 0.6000000238
43703  -38.708  -35.330  -34.514 0.5000000000
44663  -40.872  -34.953  -37.805 0.5000000000
44650  -38.420  -34.532  -34.316 0.5000000000
44655  -38.722  -34.542  -35.015 0.5000000000
44659  -39.496  -34.500  -36.372 0.5000000000
47415  -36.598  -31.165  -30.962 0.5000000000
47458  -37.635  -31.492  -34.913 0.6000000238
46538  -37.780  -32.328  -34.633 0.5000000000
47477  -43.806  -31.912  -39.185 0.6000000238
45607  -42.981  -33.178  -39.000 0.6000000238
46539  -38.268  -32.987  -35.190 0.5000000000
45591  -38.363  -33.837  -34.672 0.5000000000
46559  -42.527  -32.645  -38.616 0.6000000238
45594  -38.717  -33.831  -35.428 0.5000000000
44666  -40.791  -34.144  -37.750 0.5000000000
45595  -39.081  -33.910  -36.017 0.5000000000
45602  -40.051  -33.755  -37.134 0.5000000000
47406  -36.179  -31.976  -29.798 0.4000000060
49207  -36.521  -29.765  -32.157 0.4000000060
46485  -36.068  -32.935  -29.650 0.4000000060
47461  -37.898  -31.204  -35.423 0.6000000238
46542  -38.033  -32.011  -35.338 0.6000000238
47475  -42.160  -32.097  -38.313 0.6000000238
46543  -38.491  -32.442  -35.830 0.5000000000
45598  -38.767  -33.237  -35.923 0.5000000000
47471  -40.808  -31.974  -37.378 0.6000000238
45599  -39.405  -33.482  -36.552 0.5000000000
153323  -36.341  -30.305  -30.541 0.5000000000
147585  -36.318  -29.045  -32.090 0.4000000060
49217  -36.440  -29.382  -33.175 0.5000000000
144358  -36.378  -29.572  -31.246 0.4000000060
49196  -36.145  -29.508  -30.457 0.4000000060
141337  -38.196  -30.918  -35.700 0.6000000238
47462  -38.746  -31.312  -36.083 0.6000000238
46546  -38.928  -32.739  -36.264 0.5000000000
46548  -40.032  -32.075  -36.934 0.5000000000
143186  -37.791  -35.009  -32.598 0.5000000000
43697  -38.217  -34.978  -33.531 0.5000000000
43698  -38.512  -35.942  -33.728 0.5000000000
47405  -35.690  -31.264  -29.368 0.4000000060
41052  -42.121  -38.099  -35.265 0.4000000060
43718  -45.024  -35.670  -38.284 0.6000000238
45612  -45.952  -34.295  -39.882 0.6000000238
48353  -44.734  -30.311  -39.377 0.6000000238
48352  -43.992  -31.031  -39.089 0.6000000238
145758  -42.336  -31.381  -38.238 0.6000000238
47472  -41.572  -31.876  -37.875 0.6000000238
47476  -42.849  -32.001  -38.648 0.6000000238
140734  -39.899  -31.419  -36.607 0.6000000238
48312  -36.731  -30.391  -32.757 0.5000000000
41961  -45.065  -37.717  -39.304 0.5000000000
138680  -44.853  -37.851  -39.408 0.5000000000
41062  -42.060  -39.013  -38.627 0.5000000000
42838  -42.370  -36.718  -38.900 0.6000000238
42839  -43.379  -36.756  -39.537 0.6000000238
46521  -37.140  -31.998  -32.390 0.5000000000
141999  -45.026  -34.251  -39.987 0.6000000238
44662  -40.320  -34.488  -37.328 0.5000000000
151304  -42.833  -34.540  -39.154 0.6000000238
45610  -44.084  -33.498  -39.586 0.6000000238
44661  -39.828  -34.237  -36.872 0.5000000000
45605  -41.369  -33.546  -38.121 0.6000000238
46554  -41.061  -32.664  -37.759 0.6000000238
45603  -40.559  -33.374  -37.522 0.6000000238
46552  -39.936  -32.962  -37.053 0.5000000000
50940  -46.585  -26.969  -30.310 0.3000000119
50922  -46.215  -27.598  -29.942 0.3000000119
146253  -47.276  -27.094  -31.150 0.3000000119
146548  -47.570  -26.162  -31.426 0.3000000119
50941  -47.319  -28.077  -31.350 0.3000000119
51817  -47.979  -26.850  -32.092 0.3000000119
52717  -47.258  -25.386  -30.958 0.3000000119
146094  -48.036  -26.078  -32.023 0.3000000119
51834  -48.388  -26.346  -32.607 0.3000000119
52718  -47.788  -25.421  -31.710 0.3000000119
52731  -48.314  -25.616  -32.434 0.3000000119
57151  -50.417  -21.601  -34.798 0.3000000119
57143  -49.572  -21.335  -34.141 0.3000000119
146624  -50.292  -20.754  -34.852 0.3000000119
58293  -49.486  -20.220  -34.377 0.3000000119
59245  -50.194  -19.784  -35.033 0.3000000119
40166  -44.207  -39.465  -39.391 0.4000000060
137857  -46.731  -27.828  -30.586 0.3000000119
39233  -43.188  -40.637  -39.474 0.4000000060
50079  -47.920  -28.362  -32.267 0.3000000119
50951  -48.180  -27.607  -32.492 0.3000000119
54796  -48.063  -24.788  -32.102 0.3000000119
55899  -49.294  -22.283  -33.702 0.3000000119
54828  -49.787  -23.068  -34.212 0.3000000119
55908  -50.101  -22.304  -34.473 0.3000000119
57152  -51.116  -21.300  -35.358 0.3000000119
59246  -50.854  -19.577  -35.435 0.3000000119
50950  -47.743  -27.579  -31.846 0.3000000119
52738  -48.964  -26.078  -33.404 0.3000000119
33131  -35.946  -46.285  -36.408 0.4000000060
34057  -34.937  -45.865  -35.088 0.3000000119
34056  -34.618  -45.552  -34.266 0.3000000119
35014  -34.443  -44.722  -32.416 0.3000000119
40141  -39.003  -39.263  -33.767 0.4000000060
141748  -39.456  -38.121  -34.932 0.4000000060
40135  -39.243  -39.906  -33.989 0.4000000060
143697  -39.535  -39.975  -34.577 0.4000000060
41935  -38.637  -37.479  -33.511 0.4000000060
41942  -39.111  -37.436  -34.358 0.4000000060
41943  -39.407  -37.277  -35.078 0.4000000060
41051  -39.832  -38.298  -35.625 0.4000000060
40153  -40.115  -38.920  -35.848 0.4000000060
41055  -40.552  -38.063  -36.875 0.4000000060
40147  -39.835  -39.660  -35.266 0.4000000060
40148  -40.351  -39.721  -36.139 0.4000000060
146318  -35.869  -37.039  -29.640 0.3000000119
42804  -38.362  -36.670  -33.183 0.4000000060
146646  -40.609  -37.288  -37.108 0.4000000060
43666  -36.402  -35.525  -29.992 0.3000000119
42769  -36.157  -36.224  -29.797 0.3000000119
41058  -40.832  -38.627  -37.256 0.4000000060
41953  -40.209  -37.416  -36.491 0.4000000060
154460  -37.487  -34.942  -31.918 0.4000000060
39209  -39.472  -40.602  -34.280 0.4000000060
41043  -38.962  -38.389  -33.879 0.4000000060
40142  -39.390  -39.167  -34.502 0.4000000060
136097  -39.706  -38.821  -35.250 0.4000000060
33098  -47.195  -46.019  -32.660 0.3000000119
34052  -47.148  -45.695  -33.258 0.3000000119
34061  -47.158  -44.900  -34.377 0.3000000119
35035  -45.635  -43.795  -34.466 0.3000000119
36072  -45.155  -43.200  -34.762 0.3000000119
36089  -44.880  -43.590  -36.585 0.3000000119
150061  -44.733  -43.920  -37.443 0.3000000119
34085  -44.940  -45.439  -38.577 0.3000000119
36096  -44.237  -43.264  -37.622 0.3000000119
36097  -44.309  -43.920  -38.411 0.3000000119
36105  -43.609  -43.968  -39.196 0.3000000119
132762  -43.697  -42.153  -36.933 0.3000000119
37144  -43.863  -42.460  -38.337 0.3000000119
157722  -43.689  -42.785  -39.009 0.3000000119
39222  -43.666  -40.638  -37.588 0.3000000119
38216  -43.925  -41.475  -38.914 0.3000000119
37126  -44.507  -42.571  -34.407 0.3000000119
40163  -44.455  -39.671  -38.898 0.3000000119
39228  -44.141  -40.565  -38.744 0.3000000119
36073  -45.892  -43.672  -35.172 0.3000000119
30226  -44.341  -49.173  -29.855 0.3000000119
30234  -45.235  -48.994  -30.107 0.4000000060
33058  -42.885  -46.637  -29.538 0.4000000060
33059  -43.598  -46.800  -29.836 0.4000000060
33060  -44.235  -46.810  -30.142 0.4000000060
33071  -46.995  -46.596  -31.153 0.4000000060
33081  -45.248  -46.092  -31.015 0.4000000060
33120  -35.360  -46.418  -35.404 0.4000000060
33994  -40.807  -45.133  -28.239 0.3000000119
34001  -41.605  -44.978  -29.103 0.3000000119
34024  -44.727  -45.728  -31.482 0.4000000060
34046  -34.497  -45.305  -33.102 0.3000000119
34975  -40.803  -44.427  -28.400 0.3000000119
35004  -42.946  -44.425  -31.333 0.4000000060
35028  -45.157  -44.095  -33.699 0.4000000060
35036  -46.569  -44.216  -34.795 0.3000000119
35061  -44.901  -44.568  -37.938 0.3000000119
36019  -41.281  -43.672  -29.444 0.3000000119
36020  -41.788  -43.813  -30.161 0.3000000119
36032  -42.386  -43.968  -30.865 0.4000000060
36056  -44.406  -43.598  -33.276 0.4000000060
36104  -43.849  -43.231  -38.741 0.3000000119
37070  -39.679  -42.591  -27.673 0.3000000119
37081  -40.994  -42.147  -29.624 0.3000000119
37118  -44.160  -42.157  -33.697 0.4000000060
37149  -43.485  -42.311  -39.222 0.3000000119
38110  -38.164  -41.965  -25.919 0.3000000119
38130  -39.434  -41.296  -27.761 0.3000000119
38162  -42.152  -41.545  -31.019 0.4000000060
38174  -42.812  -41.234  -31.789 0.4000000060
38184  -43.392  -41.356  -32.640 0.4000000060
38213  -43.825  -41.525  -37.976 0.3000000119
39139  -38.670  -40.136  -27.063 0.3000000119
39151  -39.732  -40.732  -28.256 0.3000000119
39162  -40.728  -40.001  -29.391 0.3000000119
39195  -42.785  -40.043  -32.469 0.4000000060
39216  -42.641  -40.110  -35.598 0.4000000060
39229  -41.969  -40.521  -38.668 0.5000000000
39234  -43.912  -40.294  -39.363 0.4000000060
40048  -37.507  -39.298  -24.993 0.3000000119
40059  -38.143  -39.629  -26.344 0.3000000119
40094  -40.976  -39.244  -29.562 0.3000000119
40107  -41.776  -39.368  -30.598 0.3000000119
40108  -42.520  -39.851  -31.665 0.3000000119
40127  -42.431  -39.436  -32.891 0.4000000060
40154  -40.515  -38.962  -36.667 0.4000000060
40160  -44.222  -39.344  -38.272 0.4000000060
40165  -43.542  -39.787  -39.463 0.4000000060
40975  -39.366  -38.455  -27.783 0.3000000119
41028  -41.907  -38.263  -32.141 0.4000000060
41054  -40.174  -38.184  -36.212 0.4000000060
41061  -44.827  -38.335  -38.840 0.4000000060
41064  -44.747  -38.447  -39.241 0.5000000000
41847  -38.208  -37.314  -25.240 0.3000000119
41899  -41.367  -38.051  -30.179 0.3000000119
41936  -41.556  -37.557  -33.303 0.4000000060
41950  -39.753  -37.523  -35.743 0.5000000000
41964  -45.280  -36.764  -39.525 0.6000000238
42684  -38.708  -36.806  -23.385 0.3000000119
42770  -40.804  -36.657  -30.005 0.3000000119
42795  -40.763  -35.730  -31.264 0.3000000119
42816  -41.453  -36.816  -33.652 0.4000000060
42836  -44.355  -36.815  -37.811 0.5000000000
42843  -45.402  -36.329  -39.810 0.5000000000
42844  -45.763  -35.953  -39.792 0.6000000238
43594  -39.529  -35.085  -24.624 0.3000000119
43605  -39.213  -35.292  -25.417 0.3000000119
43619  -39.131  -35.574  -26.262 0.3000000119
43642  -40.043  -35.815  -28.965 0.3000000119
43651  -33.768  -35.519  -29.735 0.5000000000
43652  -34.302  -35.532  -29.458 0.5000000000
43653  -35.021  -35.508  -29.224 0.5000000000
43676  -40.985  -35.901  -31.977 0.3000000119
43711  -41.873  -35.494  -35.170 0.5000000000
43712  -42.410  -35.710  -35.918 0.5000000000
43715  -39.965  -34.940  -36.918 0.5000000000
43720  -41.835  -35.930  -38.504 0.6000000238
43724  -44.810  -35.888  -40.011 0.6000000238
43725  -45.769  -35.512  -40.033 0.6000000238
44513  -40.840  -34.891  -23.723 0.3000000119
44526  -41.315  -34.147  -23.982 0.3000000119
44572  -39.333  -34.275  -27.140 0.3000000119
44580  -39.454  -34.286  -28.130 0.3000000119
44591  -34.425  -34.149  -29.189 0.5000000000
44605  -36.513  -34.893  -30.153 0.4000000060
44607  -39.700  -33.909  -29.752 0.3000000119
44608  -40.032  -34.277  -30.473 0.3000000119
44616  -37.249  -34.446  -31.490 0.5000000000
44628  -37.526  -34.314  -32.237 0.5000000000
44656  -39.097  -34.508  -35.704 0.5000000000
44668  -45.955  -34.989  -39.866 0.6000000238
45471  -39.872  -33.776  -25.140 0.3000000119
45497  -39.603  -33.499  -25.829 0.3000000119
45527  -39.388  -33.312  -28.268 0.3000000119
45537  -33.777  -33.920  -29.457 0.4000000060
45597  -42.472  -33.575  -35.498 0.6000000238
45606  -42.242  -33.333  -38.581 0.6000000238
45609  -42.928  -33.831  -39.119 0.6000000238
46421  -40.911  -32.952  -24.873 0.3000000119
46441  -40.310  -32.262  -25.512 0.3000000119
46462  -39.320  -32.557  -27.554 0.3000000119
46473  -35.410  -32.986  -29.172 0.5000000000
46509  -37.194  -32.844  -32.007 0.5000000000
46544  -42.567  -32.291  -35.020 0.6000000238
46547  -39.375  -32.502  -36.607 0.5000000000
46549  -42.779  -32.823  -35.602 0.6000000238
46551  -44.432  -32.310  -37.175 0.6999999881
46553  -40.462  -32.603  -37.340 0.5000000000
46558  -41.776  -32.679  -38.214 0.6000000238
46566  -46.143  -32.079  -39.456 0.6999999881
47360  -40.085  -31.347  -25.963 0.3000000119
47382  -39.359  -31.036  -27.729 0.3000000119
47391  -34.205  -30.709  -28.862 0.5000000000
47394  -39.364  -31.242  -28.478 0.3000000119
47407  -39.493  -31.604  -29.371 0.3000000119
47417  -40.154  -31.640  -30.945 0.3000000119
47444  -37.303  -31.922  -33.299 0.5000000000
47459  -42.760  -31.045  -34.503 0.6000000238
47463  -42.901  -31.576  -35.042 0.6000000238
47465  -38.803  -32.046  -36.244 0.6000000238
47466  -39.342  -31.724  -36.490 0.6000000238
47479  -46.383  -31.033  -39.323 0.6999999881
47480  -44.984  -31.816  -39.668 0.6999999881
47481  -45.839  -31.616  -39.719 0.6999999881
47482  -46.223  -31.272  -39.523 0.6999999881
48238  -40.140  -29.854  -26.884 0.3000000119
48241  -41.714  -29.911  -26.520 0.3000000119
48257  -34.950  -30.964  -28.920 0.5000000000
48268  -35.417  -30.390  -29.249 0.5000000000
48284  -39.968  -30.936  -30.434 0.3000000119
48296  -36.591  -30.409  -31.594 0.4000000060
48313  -40.871  -30.979  -31.902 0.4000000060
48326  -41.886  -30.715  -33.162 0.5000000000
48331  -36.938  -30.034  -34.502 0.6999999881
48335  -37.776  -30.495  -35.357 0.6999999881
48337  -38.701  -30.574  -35.800 0.6999999881
48338  -39.655  -30.482  -35.913 0.6999999881
48343  -40.200  -30.907  -36.407 0.6999999881
48345  -43.738  -30.804  -35.744 0.6999999881
48347  -41.759  -30.647  -37.346 0.6999999881
48350  -46.022  -30.192  -38.189 0.6999999881
48354  -46.521  -30.788  -38.939 0.6999999881
48358  -46.292  -30.691  -39.464 0.6999999881
49148  -41.335  -29.187  -26.855 0.3000000119
49159  -40.406  -28.998  -27.555 0.3000000119
49180  -36.029  -29.890  -29.995 0.5000000000
49218  -41.889  -29.351  -32.245 0.4000000060
49219  -42.455  -29.245  -32.813 0.5000000000
49235  -43.564  -29.624  -34.535 0.6999999881
49237  -38.212  -29.896  -35.480 0.6999999881
49240  -41.397  -29.524  -35.706 0.6999999881
49245  -42.217  -29.287  -36.636 0.8000000119
49246  -44.967  -29.368  -36.746 0.6999999881
49251  -46.476  -29.306  -38.649 0.6999999881
49253  -44.376  -29.406  -39.027 0.6999999881
49256  -46.459  -29.200  -39.279 0.8000000119
50028  -43.837  -28.592  -27.721 0.4000000060
50035  -40.419  -28.535  -28.248 0.3000000119
50045  -34.835  -28.340  -29.358 0.3000000119
50047  -40.837  -27.977  -29.420 0.4000000060
50066  -40.444  -28.806  -29.658 0.4000000060
50074  -35.836  -28.022  -30.816 0.5000000000
50096  -35.803  -27.903  -33.767 0.6999999881
50129  -46.621  -28.608  -39.098 0.8000000119
50130  -45.721  -28.102  -39.402 0.6999999881
50897  -42.031  -27.231  -27.835 0.4000000060
50905  -41.428  -27.345  -28.290 0.4000000060
50917  -34.459  -27.103  -29.569 0.4000000060
50936  -35.117  -26.946  -29.988 0.4000000060
50973  -43.604  -27.673  -33.439 0.6000000238
50976  -35.795  -27.356  -35.025 0.8000000119
50978  -37.376  -27.429  -35.261 0.6999999881
50985  -36.774  -27.685  -35.403 0.6999999881
51769  -43.113  -26.119  -28.290 0.4000000060
51833  -43.358  -26.294  -32.449 0.5000000000
51845  -35.529  -26.848  -34.774 0.6999999881
52663  -43.232  -25.046  -28.939 0.4000000060
52682  -43.412  -24.614  -29.298 0.4000000060
52683  -44.255  -24.969  -28.847 0.4000000060
52684  -45.014  -25.498  -28.982 0.4000000060
52697  -34.656  -25.663  -30.301 0.4000000060
52698  -35.159  -25.750  -31.024 0.6999999881
52699  -37.885  -25.197  -30.924 0.6999999881
52725  -35.235  -25.477  -32.718 0.6999999881
52727  -38.120  -26.207  -32.075 0.6999999881
52728  -40.480  -25.552  -31.966 0.6000000238
52729  -41.075  -25.436  -32.567 0.6000000238
52742  -41.741  -25.907  -33.756 0.6000000238
52747  -36.542  -25.368  -35.896 0.6999999881
52758  -45.617  -25.456  -39.370 0.6999999881
52759  -46.272  -25.466  -39.202 0.6999999881
53738  -38.078  -24.248  -29.785 0.6000000238
53769  -33.808  -23.833  -30.874 0.5000000000
53796  -44.315  -24.693  -33.803 0.5000000000
53808  -36.120  -24.410  -36.122 0.6999999881
54759  -37.702  -23.603  -29.416 0.6000000238
54762  -40.058  -23.471  -29.490 0.5000000000
54763  -43.688  -23.985  -29.674 0.4000000060
54769  -33.021  -23.755  -30.613 0.5000000000
54792  -41.337  -23.407  -31.672 0.5000000000
54803  -34.526  -23.466  -32.584 0.6000000238
54817  -42.100  -23.685  -33.550 0.6000000238
54825  -37.604  -23.033  -35.530 0.8000000119
54833  -42.690  -23.226  -34.970 0.6000000238
54837  -36.499  -22.966  -36.613 0.8000000119
54838  -37.095  -23.277  -36.464 0.8000000119
54846  -45.915  -23.331  -39.140 0.6000000238
54847  -45.400  -23.397  -39.358 0.6000000238
54848  -45.803  -23.512  -39.270 0.6000000238
55814  -38.348  -22.076  -27.664 0.6000000238
55828  -38.570  -22.674  -28.075 0.6000000238
55845  -36.550  -22.432  -29.939 0.6999999881
55846  -37.034  -23.308  -29.953 0.6999999881
55871  -34.129  -23.044  -31.986 0.6000000238
55872  -36.443  -21.895  -31.842 0.6000000238
55887  -41.744  -22.879  -32.271 0.5000000000
55904  -37.547  -22.101  -35.330 0.8000000119
55921  -36.383  -22.085  -36.733 0.8000000119
55927  -45.604  -22.209  -38.596 0.5000000000
55929  -44.769  -22.035  -39.372 0.5000000000
57064  -37.174  -21.197  -27.676 0.5000000000
57065  -37.998  -21.404  -27.315 0.6000000238
57096  -35.755  -21.109  -29.990 0.6000000238
57098  -40.810  -21.349  -29.274 0.6000000238
57155  -35.966  -21.041  -36.832 0.6999999881
57156  -37.608  -21.531  -35.892 0.8000000119
57161  -36.258  -21.254  -36.828 0.6999999881
57163  -37.305  -21.520  -36.302 0.6999999881
57169  -44.457  -20.991  -39.303 0.5000000000
57171  -45.159  -20.583  -39.176 0.5000000000
58214  -39.531  -19.700  -26.935 0.5000000000
58249  -35.911  -21.010  -29.181 0.6000000238
58257  -35.336  -20.607  -30.470 0.6000000238
58267  -41.763  -20.314  -31.128 0.6000000238
58279  -36.310  -20.356  -33.054 0.6000000238
58290  -36.645  -18.886  -34.909 0.6999999881
58306  -35.931  -20.026  -36.783 0.6999999881
58308  -37.406  -20.719  -36.121 0.6999999881
58321  -44.437  -20.121  -39.101 0.5000000000
59151  -37.557  -19.196  -26.625 0.5000000000
59152  -38.336  -19.291  -26.493 0.5000000000
59153  -39.043  -19.218  -26.501 0.5000000000
59175  -34.776  -19.304  -28.938 0.6000000238
59221  -30.516  -18.405  -33.935 0.6000000238
59224  -35.928  -18.591  -34.334 0.6000000238
59241  -42.697  -19.194  -34.095 0.5000000000
59250  -35.933  -19.044  -36.622 0.6999999881
59258  -36.264  -19.718  -36.709 0.6999999881
59263  -44.549  -18.900  -38.287 0.5000000000
59264  -44.489  -19.401  -38.740 0.5000000000
60054  -36.043  -18.730  -27.415 0.6000000238
60056  -40.440  -18.263  -27.126 0.5000000000
60070  -35.283  -18.532  -28.008 0.6000000238
60071  -40.546  -18.840  -27.625 0.5000000000
60081  -33.579  -18.446  -29.947 0.6000000238
60087  -32.998  -18.205  -30.562 0.6000000238
60095  -32.681  -18.242  -31.205 0.6000000238
60106  -34.604  -18.030  -33.952 0.6000000238
60126  -32.766  -17.226  -35.151 0.6000000238
60127  -33.556  -17.422  -35.129 0.6000000238
60129  -35.881  -18.149  -35.670 0.6999999881
60131  -43.475  -17.814  -35.777 0.5000000000
60961  -39.014  -17.045  -25.817 0.5000000000
60968  -40.347  -17.626  -26.660 0.5000000000
61031  -30.488  -16.753  -34.101 0.6000000238
61044  -32.172  -16.923  -34.762 0.6000000238
61923  -37.892  -16.337  -25.892 0.6000000238
61924  -38.616  -16.239  -25.696 0.6000000238
61977  -32.243  -16.759  -31.212 0.6000000238
61980  -42.719  -16.275  -31.839 0.5000000000
62947  -38.640  -15.454  -25.603 0.6000000238
62949  -40.378  -15.650  -25.887 0.5000000000
62953  -37.043  -15.459  -26.433 0.6000000238
62955  -41.397  -15.377  -27.184 0.4000000060
62983  -34.480  -15.436  -29.368 0.6000000238
62992  -34.088  -15.161  -30.142 0.6000000238
62993  -41.533  -15.345  -30.658 0.4000000060
63924  -38.111  -14.408  -25.744 0.6000000238
63937  -35.836  -14.710  -27.610 0.6000000238
63947  -35.423  -14.434  -28.372 0.6000000238
63975  -45.565  -14.458  -31.255 0.5000000000
63977  -46.929  -14.045  -31.706 0.5000000000
63998  -27.543  -14.131  -33.115 0.4000000060
64004  -50.307  -14.850  -33.282 0.3000000119
64006  -52.377  -14.431  -33.672 0.3000000119
64896  -37.945  -13.753  -25.894 0.6000000238
64905  -37.494  -13.297  -26.306 0.6000000238
64912  -41.830  -13.288  -27.468 0.5000000000
64955  -46.185  -13.908  -31.234 0.5000000000
64967  -32.513  -13.347  -31.952 0.5000000000
64970  -48.533  -13.670  -32.319 0.5000000000
64982  -51.655  -14.044  -33.355 0.3000000119
65799  -38.188  -13.131  -25.844 0.6000000238
65801  -39.848  -12.786  -25.486 0.6000000238
65802  -40.842  -12.561  -25.634 0.6000000238
65838  -35.287  -12.543  -29.579 0.6000000238
65848  -35.054  -12.354  -30.391 0.6000000238
65850  -42.238  -12.373  -30.481 0.4000000060
65854  -47.076  -12.204  -31.046 0.5000000000
65861  -34.491  -12.467  -31.661 0.6000000238
65862  -34.842  -12.222  -31.072 0.6000000238
65874  -34.236  -12.339  -32.230 0.5000000000
65876  -49.302  -12.299  -32.121 0.5000000000
65877  -50.539  -12.504  -32.610 0.4000000060
65885  -28.200  -12.516  -33.486 0.5000000000
66734  -37.555  -11.138  -26.549 0.5000000000
66753  -35.994  -11.310  -28.388 0.5000000000
66755  -41.898  -11.616  -28.782 0.4000000060
66768  -41.743  -11.518  -30.242 0.4000000060
66773  -47.016  -11.605  -30.979 0.5000000000
67589  -39.499  -9.851  -25.517 0.4000000060
67590  -40.926  -10.257  -25.532 0.5000000000
67591  -41.698  -10.480  -25.934 0.5000000000
67608  -37.286  -10.389  -26.956 0.5000000000
67610  -42.206  -10.654  -26.524 0.5000000000
67645  -46.608  -11.075  -30.915 0.4000000060
67658  -48.567  -11.080  -31.496 0.5000000000
67662  -35.157  -10.515  -32.837 0.3000000119
67665  -51.352  -10.229  -33.052 0.4000000060
67671  -29.654  -10.212  -33.852 0.4000000060
67677  -35.097  -10.378  -33.788 0.3000000119
67679  -52.666  -10.711  -34.102 0.4000000060
67683  -32.428  -10.130  -33.838 0.5000000000
67686  -34.879  -10.227  -34.349 0.4000000060
68468  -40.291  -9.603  -25.420 0.4000000060
68483  -38.063  -9.135  -26.369 0.3000000119
68525  -35.599  -9.257  -30.689 0.3000000119
68538  -35.415  -9.631  -31.640 0.4000000060
68544  -49.033  -9.471  -31.685 0.5000000000
68560  -51.445  -8.766  -34.122 0.3000000119
68574  -35.103  -9.700  -34.552 0.3000000119
69366  -39.140  -8.514  -25.575 0.3000000119
69420  -36.177  -8.545  -29.465 0.4000000060
69453  -48.376  -7.608  -32.183 0.3000000119
69454  -49.669  -7.865  -32.808 0.4000000060
69472  -34.958  -9.155  -34.938 0.3000000119
69480  -32.462  -8.042  -35.262 0.5000000000
69482  -35.260  -8.346  -34.864 0.3000000119
70332  -40.555  -7.881  -25.387 0.3000000119
70333  -41.505  -7.528  -25.662 0.3000000119
70349  -42.516  -7.065  -26.668 0.4000000060
70372  -36.747  -7.479  -28.858 0.4000000060
70374  -42.823  -7.706  -28.148 0.4000000060
70407  -35.746  -7.711  -31.168 0.3000000119
70429  -47.955  -6.816  -33.436 0.3000000119
70445  -51.251  -7.867  -34.618 0.3000000119
70447  -52.911  -7.745  -35.025 0.3000000119
71345  -38.927  -6.470  -25.616 0.3000000119
71349  -41.741  -6.350  -25.762 0.3000000119
71361  -38.390  -6.689  -26.126 0.3000000119
71376  -43.073  -6.327  -27.789 0.4000000060
71391  -43.391  -6.053  -28.525 0.3000000119
71430  -44.809  -6.915  -31.368 0.3000000119
71438  -35.967  -6.886  -33.075 0.3000000119
71449  -47.873  -6.440  -33.850 0.3000000119
72384  -37.936  -5.205  -26.823 0.3000000119
72461  -45.971  -5.829  -31.415 0.3000000119
72468  -46.863  -5.909  -32.031 0.3000000119
73410  -41.032  -4.956  -25.387 0.3000000119
73411  -41.607  -5.085  -25.652 0.3000000119
73421  -38.318  -4.605  -26.245 0.3000000119
74420  -40.057  -3.832  -25.289 0.3000000119
74435  -42.663  -3.526  -26.662 0.3000000119
74436  -43.168  -3.201  -27.338 0.3000000119
74469  -44.437  -3.466  -29.299 0.3000000119
75409  -37.766  -2.876  -27.325 0.3000000119
75424  -43.607  -2.805  -28.114 0.3000000119
76365  -39.478  -1.609  -25.486 0.3000000119
76366  -40.259  -1.297  -25.441 0.3000000119
76367  -41.660  -1.538  -25.849 0.3000000119
76378  -42.321  -1.102  -26.469 0.3000000119
76396  -43.797  -1.395  -28.479 0.3000000119
76413  -44.746  -2.009  -29.668 0.3000000119
77360  -38.849  -1.056  -25.674 0.3000000119
77378  -38.405  -0.462  -26.030 0.3000000119
77410  -44.621  -0.395  -29.886 0.3000000119
77423  -44.991  -0.499  -30.420 0.3000000119
78435  -44.430  0.768  -30.004 0.3000000119
79297  -42.509  1.562  -27.290 0.3000000119
79361  -45.559  1.535  -32.459 0.3000000119
80152  -42.777  2.862  -27.977 0.3000000119
80185  -45.049  2.141  -32.075 0.3000000119
80218  -45.714  2.904  -34.287 0.3000000119
80970  -43.382  3.561  -29.242 0.3000000119
80990  -44.032  4.036  -30.745 0.3000000119
81011  -45.297  3.138  -33.485 0.3000000119
81898  -44.859  4.655  -33.744 0.3000000119
81915  -45.040  4.838  -34.712 0.3000000119
82830  -44.185  5.545  -32.141 0.3000000119
82880  -44.661  4.623  -38.084 0.3000000119
84654  -44.600  7.109  -37.421 0.3000000119
130759  -44.684  -10.789  -30.855 0.4000000060
130770  -42.470  -10.051  -27.005 0.4000000060
130897  -34.223  -17.541  -34.763 0.6000000238
131706  -35.424  -8.916  -34.460 0.3000000119
132771  -40.951  -1.870  -25.462 0.3000000119
133127  -41.384  -33.795  -33.910 0.3000000119
133286  -41.170  -8.064  -25.522 0.3000000119
133554  -42.221  -10.997  -28.477 0.5000000000
134215  -37.023  -19.077  -35.820 0.6999999881
134297  -37.471  -9.025  -26.975 0.3000000119
135364  -44.644  5.528  -37.441 0.3000000119
135569  -43.199  -7.796  -30.864 0.3000000119
135672  -42.353  -43.234  -31.180 0.4000000060
135686  -37.548  -24.815  -34.719 0.6999999881
136043  -44.422  6.476  -39.169 0.3000000119
136204  -39.400  -31.347  -27.095 0.3000000119
136317  -35.825  -19.959  -32.699 0.6000000238
136341  -37.801  -29.341  -35.298 0.6999999881
136589  -42.998  -13.070  -30.502 0.4000000060
136694  -38.872  -36.125  -34.424 0.5000000000
136783  -37.431  -31.751  -34.159 0.6000000238
137525  -43.883  0.091  -28.900 0.3000000119
137663  -38.359  -37.547  -25.994 0.3000000119
137942  -36.742  -36.148  -30.407 0.3000000119
138367  -41.722  -18.967  -31.232 0.4000000060
139075  -31.285  -13.854  -32.108 0.5000000000
139186  -41.359  -37.068  -32.001 0.3000000119
139191  -36.511  -15.490  -26.830 0.6000000238
139235  -41.760  -29.625  -36.289 0.6999999881
139342  -42.573  -21.931  -34.213 0.5000000000
139552  -40.475  -42.874  -28.655 0.3000000119
139634  -41.062  -18.038  -28.618 0.5000000000
139734  -42.493  -38.291  -39.011 0.6000000238
139811  -46.570  -46.949  -30.739 0.4000000060
140042  -38.892  0.581  -25.702 0.3000000119
140133  -35.272  -29.623  -29.273 0.4000000060
140161  -55.341  -11.089  -34.658 0.3000000119
140613  -44.567  7.260  -34.773 0.3000000119
140882  -42.404  -10.837  -27.369 0.4000000060
141156  -43.854  -34.394  -39.617 0.6000000238
141179  -43.130  -31.392  -38.665 0.6000000238
141908  -42.412  -29.516  -37.379 0.6999999881
141956  -43.767  -38.813  -37.587 0.4000000060
142063  -36.324  -31.147  -30.052 0.4000000060
142121  -42.979  -29.139  -33.357 0.5000000000
142478  -44.813  -20.803  -32.763 0.4000000060
142576  -44.330  0.150  -29.596 0.3000000119
142633  -44.384  3.370  -31.321 0.3000000119
143038  -36.022  -34.501  -29.633 0.4000000060
143367  -41.073  -13.269  -29.631 0.4000000060
143884  -49.870  -5.915  -34.547 0.3000000119
144173  -44.567  -29.905  -36.416 0.6999999881
144193  -48.926  -7.014  -34.132 0.3000000119
144334  -44.526  -25.893  -34.664 0.6000000238
144561  -44.519  -27.832  -35.266 0.6000000238
144805  -39.742  0.872  -25.557 0.3000000119
144861  -41.252  -36.219  -33.163 0.3000000119
145278  -44.280  6.635  -38.627 0.3000000119
145522  -35.789  -22.953  -36.310 0.8000000119
145525  -41.172  -44.871  -28.647 0.3000000119
145539  -45.482  -35.059  -38.569 0.6000000238
145541  -43.541  -35.175  -36.962 0.6000000238
145542  -42.870  -35.092  -36.329 0.5000000000
145614  -39.434  -4.298  -25.415 0.3000000119
146792  -40.806  -45.798  -28.217 0.3000000119
146875  -46.081  -23.860  -39.166 0.6000000238
146960  -40.516  -32.857  -31.928 0.4000000060
147035  -48.672  -27.157  -33.237 0.3000000119
147408  -44.387  1.912  -30.479 0.3000000119
147683  -36.565  -33.395  -30.338 0.4000000060
147957  -35.828  -27.725  -32.741 0.6000000238
148250  -33.066  -10.573  -33.666 0.4000000060
148367  -39.713  -28.122  -33.428 0.6000000238
148757  -35.221  -24.878  -33.983 0.6999999881
148875  -43.379  -25.630  -32.175 0.4000000060
149295  -41.811  -27.629  -31.069 0.4000000060
149382  -44.898  -22.934  -39.391 0.6000000238
149446  -40.429  1.046  -25.607 0.3000000119
149574  -44.728  0.644  -30.530 0.3000000119
150157  -41.258  -14.859  -30.341 0.4000000060
150316  -44.657  -18.561  -37.763 0.5000000000
150486  -36.303  -17.494  -26.965 0.6000000238
150625  -43.629  -26.437  -33.017 0.5000000000
150635  -34.445  -11.355  -33.097 0.4000000060
150658  -43.563  -0.254  -28.328 0.3000000119
150736  -29.388  -15.753  -33.430 0.5000000000
150795  -31.444  -21.083  -33.167 0.5000000000
151006  -38.342  -41.369  -26.363 0.3000000119
151208  -39.398  -35.088  -35.976 0.5000000000
151213  -50.851  -7.230  -34.642 0.3000000119
151219  -37.306  -23.864  -36.253 0.6999999881
151398  -40.177  -35.637  -36.921 0.5000000000
151693  -47.099  -12.790  -31.221 0.5000000000
151977  -37.402  -24.385  -35.988 0.6999999881
152142  -38.393  -36.892  -23.811 0.3000000119
152302  -40.414  -33.947  -37.432 0.5000000000
152304  -40.875  -18.636  -28.214 0.5000000000
152478  -44.441  -4.697  -29.607 0.3000000119
152637  -38.335  -31.638  -35.798 0.6000000238
152818  -39.615  -31.509  -26.468 0.3000000119
152846  -44.877  -20.466  -39.291 0.5000000000
153320  -40.210  -30.296  -30.535 0.4000000060
153464  -44.609  6.102  -34.288 0.3000000119
153472  -42.169  -39.790  -31.044 0.4000000060
153693  -43.735  -8.508  -31.409 0.3000000119
153718  -40.246  -40.981  -28.828 0.3000000119
153957  -46.131  -10.512  -30.958 0.4000000060
154167  -44.398  -38.744  -38.351 0.4000000060
154227  -41.565  -16.579  -31.101 0.5000000000
154374  -43.254  -34.724  -36.606 0.6000000238
154626  -45.821  1.752  -33.059 0.3000000119
154634  -43.979  -42.694  -37.356 0.3000000119
154676  -41.323  -14.008  -26.323 0.5000000000
155161  -37.734  -33.779  -33.229 0.5000000000
155353  -41.076  -36.496  -37.735 0.5000000000
155354  -50.341  -15.516  -33.547 0.3000000119
155383  -41.147  -14.922  -29.264 0.4000000060
155395  -44.843  -42.858  -34.974 0.3000000119
155798  -45.876  -27.402  -29.593 0.4000000060
155803  -42.516  -25.524  -29.714 0.4000000060
155829  -40.628  -3.434  -25.362 0.3000000119
155850  -41.850  -11.987  -30.405 0.4000000060
155916  -44.869  -23.586  -35.281 0.4000000060
156212  -45.111  -9.618  -31.309 0.4000000060
156279  -39.670  -16.888  -25.942 0.5000000000
156292  -36.604  -7.184  -29.345 0.4000000060
156488  -37.761  -39.479  -25.676 0.3000000119
156755  -48.833  -7.212  -33.850 0.3000000119
157162  -33.242  -21.985  -32.064 0.5000000000
157207  -48.929  -20.685  -33.696 0.3000000119
157344  -41.849  -20.890  -31.434 0.5000000000
157559  -37.584  -30.817  -35.107 0.6999999881
157673  -36.200  -29.184  -30.824 0.4000000060
157869  -40.585  -37.932  -29.177 0.3000000119
158103  -41.830  -31.152  -37.745 0.6999999881
158248  -50.366  -7.152  -34.522 0.3000000119
158251  -44.051  -27.184  -28.088 0.4000000060
