#!ascii label  , from subject sub-v2s7x29658_ses-1 vox2ras=TkReg
4709
44532  -8.033  -14.809  55.839 0.2222220004
44540  -8.533  -15.645  53.347 0.3333329856
44564  -11.243  -14.837  52.746 0.4444440007
44565  -12.345  -15.050  51.844 0.5555559993
46415  -12.551  -12.628  52.562 0.5555559993
45549  -13.256  -13.598  52.144 0.5555559993
46417  -14.136  -12.928  52.905 0.4444440007
46402  -14.727  -12.476  53.059 0.5555559993
44533  -8.169  -14.075  54.864 0.4444440007
44534  -8.439  -15.711  53.799 0.3333329856
45535  -5.638  -13.590  54.626 0.3333329856
44537  -6.266  -14.154  54.570 0.3333329856
120781  -6.829  -13.898  55.085 0.3333329856
123083  -8.770  -14.950  52.953 0.4444440007
44547  -10.800  -15.502  53.159 0.4444440007
127578  -5.889  -14.084  54.099 0.1111110002
45538  -9.918  -14.805  53.063 0.4444440007
45546  -10.463  -13.758  53.001 0.5555559993
45547  -11.582  -13.847  52.370 0.5555559993
46412  -9.843  -12.816  53.040 0.5555559993
46413  -10.928  -12.774  52.852 0.5555559993
45548  -12.449  -13.803  52.031 0.5555559993
48328  -10.835  -11.116  53.024 0.5555559993
48315  -11.962  -10.726  53.180 0.6666669846
46416  -13.385  -12.249  53.003 0.5555559993
47314  -14.052  -11.369  53.095 0.6666669846
46403  -15.608  -12.620  52.922 0.4444440007
110565  -12.025  -9.920  53.168 0.6666669846
47327  -13.393  -11.355  53.049 0.6666669846
124871  -14.368  -11.054  53.077 0.7777780294
118968  -14.930  -11.767  53.022 0.7777780294
110399  -12.368  -9.425  52.632 0.7777780294
125417  -12.951  -10.082  53.069 0.7777780294
110678  -13.975  -10.476  53.052 0.7777780294
110708  -15.354  -11.010  52.461 0.7777780294
49242  -11.476  -9.914  51.578 0.7777780294
48350  -11.856  -10.292  51.076 0.7777780294
128478  -13.182  -10.263  52.131 0.7777780294
111407  -13.855  -10.772  52.127 0.7777780294
125540  -14.768  -10.964  53.026 0.7777780294
48362  -11.482  -10.557  50.494 0.7777780294
48363  -12.289  -10.719  50.583 0.7777780294
48351  -12.500  -10.638  50.871 0.7777780294
127371  -13.216  -10.887  51.159 0.7777780294
44539  -8.149  -15.140  53.228 0.4444440007
44536  -6.306  -13.530  55.090 0.4444440007
45531  -6.649  -13.236  55.117 0.3333329856
45532  -7.184  -13.628  55.114 0.3333329856
45528  -7.571  -13.330  54.376 0.4444440007
45533  -8.316  -13.953  52.956 0.4444440007
45536  -8.106  -14.216  52.614 0.4444440007
45545  -4.005  -13.441  53.863 0.4444440007
44545  -5.128  -13.873  54.125 0.1111110002
45529  -5.350  -12.900  54.790 0.4444440007
45530  -6.043  -12.987  55.055 0.4444440007
46397  -7.119  -12.800  55.045 0.3333329856
46395  -7.576  -12.385  54.295 0.4444440007
45537  -9.281  -13.875  53.031 0.5555559993
45534  -4.657  -13.255  54.319 0.5555559993
46399  -4.842  -12.350  54.498 0.4444440007
47307  -6.356  -11.237  54.989 0.4444440007
116845  -7.156  -11.844  54.946 0.5555559993
47306  -7.850  -11.497  54.228 0.5555559993
118954  -8.502  -12.290  53.273 0.5555559993
46401  -8.797  -12.872  53.068 0.5555559993
47324  -10.361  -11.873  53.007 0.5555559993
47321  -4.114  -11.902  53.739 0.5555559993
121471  -5.146  -11.187  54.165 0.4444440007
48309  -5.891  -10.808  54.561 0.5555559993
48305  -6.741  -10.452  55.040 0.5555559993
48304  -8.155  -11.066  54.040 0.5555559993
49204  -8.783  -10.612  53.337 0.5555559993
114683  -9.418  -11.168  53.210 0.5555559993
48312  -10.039  -10.757  53.221 0.5555559993
48329  -11.669  -11.192  53.014 0.5555559993
47322  -4.704  -11.397  53.753 0.4444440007
48323  -5.587  -10.749  53.884 0.5555559993
48310  -6.463  -10.275  54.306 0.5555559993
48311  -7.003  -9.959  53.771 0.6666669846
48326  -7.873  -9.889  52.907 0.6666669846
50095  -9.377  -9.062  53.112 0.6666669846
51011  -9.590  -8.806  54.028 0.7777780294
49217  -11.104  -10.131  53.218 0.7777780294
49213  -11.553  -10.070  53.225 0.7777780294
47317  -18.012  -11.319  51.843 0.7777780294
113734  -4.794  -11.507  52.211 0.5555559993
47333  -5.131  -11.232  53.017 0.4444440007
48335  -6.409  -10.737  52.681 0.5555559993
48336  -7.196  -10.402  52.644 0.6666669846
49224  -9.308  -9.427  52.635 0.7777780294
49225  -9.812  -9.342  52.535 0.7777780294
51012  -11.015  -8.520  53.492 0.7777780294
111064  -11.133  -9.002  52.852 0.7777780294
110631  -16.761  -11.079  52.329 0.7777780294
47334  -5.718  -11.249  52.159 0.3333329856
47344  -5.870  -11.457  51.063 0.4444440007
114573  -7.621  -10.556  51.879 0.6666669846
48346  -7.567  -10.865  51.199 0.6666669846
48338  -8.962  -9.989  51.850 0.7777780294
132162  -9.537  -10.362  50.875 0.7777780294
49234  -11.030  -9.589  51.962 0.7777780294
109878  -14.133  -11.093  51.942 0.7777780294
127766  -14.916  -11.083  52.380 0.7777780294
113857  -9.004  -10.535  50.781 0.6666669846
48349  -11.029  -10.166  51.050 0.7777780294
48352  -13.986  -11.196  51.636 0.7777780294
47347  -14.645  -11.953  51.223 0.7777780294
48359  -8.197  -10.868  50.650 0.5555559993
48368  -10.354  -10.868  49.653 0.6666669846
48369  -11.176  -10.826  49.802 0.6666669846
47374  -12.426  -11.400  49.258 0.7777780294
47360  -13.610  -11.567  50.435 0.6666669846
47370  -8.537  -11.398  49.204 0.5555559993
47371  -9.468  -11.081  49.473 0.5555559993
47373  -10.983  -11.094  48.991 0.5555559993
115790  -11.656  -11.094  49.349 0.7777780294
118002  -9.201  -11.340  48.598 0.5555559993
47372  -10.074  -11.144  48.871 0.5555559993
119283  -11.746  -11.272  48.797 0.6666669846
130662  -17.958  -11.279  53.288 0.6666669846
112185  -18.153  -11.120  54.136 0.4444440007
48318  -17.827  -10.645  52.234 0.7777780294
49226  -16.906  -10.883  52.325 0.7777780294
47328  -15.391  -12.177  51.870 0.7777780294
115738  -13.361  -11.716  49.601 0.7777780294
47335  -14.896  -11.790  51.815 0.7777780294
47391  -10.547  -11.207  48.243 0.6666669846
47392  -11.362  -11.274  48.188 0.6666669846
48319  -18.240  -10.100  54.252 0.5555559993
115341  -19.775  -11.035  54.396 0.4444440007
49227  -17.678  -10.006  52.707 0.8888890147
49218  -17.694  -10.412  52.409 0.8888890147
49235  -18.049  -10.310  52.197 0.8888890147
120973  -15.932  -12.119  52.061 0.7777780294
48341  -18.108  -10.788  52.028 0.8888890147
47348  -15.435  -12.356  51.464 0.7777780294
46422  -16.348  -12.639  50.917 0.7777780294
46432  -14.865  -12.532  50.160 0.6666669846
46434  -16.397  -12.757  50.297 0.7777780294
47393  -12.334  -11.535  48.177 0.5555559993
47394  -13.211  -11.856  48.702 0.5555559993
46448  -15.494  -12.883  48.849 0.7777780294
46435  -17.232  -12.392  50.380 0.7777780294
46447  -14.558  -12.675  48.594 0.4444440007
118867  -15.130  -12.891  47.980 0.6666669846
124266  -13.340  -12.051  47.704 0.5555559993
46446  -14.277  -12.605  47.787 0.5555559993
49228  -20.428  -9.336  53.803 0.4444440007
49219  -17.818  -9.175  54.161 0.8888890147
48321  -19.958  -10.116  54.248 0.5555559993
53898  -27.543  -4.417  51.243 0.3333329856
114651  -17.392  -9.358  53.966 0.8888890147
122597  -17.967  -9.081  51.952 0.8888890147
54852  -27.767  -3.233  50.497 0.4444440007
49245  -18.125  -9.978  52.019 0.8888890147
55747  -28.005  -2.491  50.339 0.5555559993
47349  -17.691  -11.438  50.956 0.8888890147
57630  -28.411  -0.639  50.363 0.5555559993
47362  -17.586  -11.730  50.441 0.8888890147
58579  -28.474  0.462  49.804 0.6666669846
46440  -17.125  -12.422  49.061 0.7777780294
133202  -17.462  -11.861  48.901 0.7777780294
126139  -27.486  -0.743  46.263 0.8888890147
124643  -28.698  -0.551  47.428 0.7777780294
59554  -34.593  1.558  46.492 0.3333329856
46449  -16.640  -12.663  48.395 0.6666669846
110298  -28.157  -0.381  45.883 0.8888890147
110309  -28.795  0.010  45.981 0.6666669846
110663  -32.661  2.618  47.243 0.4444440007
60422  -33.402  2.755  47.181 0.4444440007
46459  -14.834  -12.819  47.137 0.5555559993
126403  -30.045  0.585  44.721 0.6666669846
125641  -30.593  0.733  45.342 0.6666669846
110325  -31.375  1.023  45.405 0.5555559993
109920  -31.869  1.078  44.674 0.6666669846
125095  -30.897  0.818  44.419 0.6666669846
50104  -19.366  -8.363  54.364 0.6666669846
50105  -20.138  -8.454  54.193 0.2222220004
50108  -20.840  -8.652  53.424 0.1111110002
52982  -25.791  -5.045  51.323 0.2222220004
50103  -18.434  -8.245  54.340 0.7777780294
49221  -19.720  -9.166  54.271 0.7777780294
53897  -26.714  -4.692  51.234 0.4444440007
50102  -17.569  -8.215  54.050 0.7777780294
54844  -26.462  -3.355  51.290 0.5555559993
50107  -17.381  -8.494  53.888 0.8888890147
55741  -26.694  -2.611  51.217 0.5555559993
115402  -27.151  -3.228  51.279 0.5555559993
122488  -17.651  -10.063  50.493 0.8888890147
50115  -17.774  -8.307  52.564 0.8888890147
56658  -27.068  -1.391  50.546 0.5555559993
56649  -26.919  -1.913  51.256 0.5555559993
127058  -17.685  -9.262  51.002 0.8888890147
58577  -26.882  -0.288  50.182 0.5555559993
121254  -27.739  -1.250  50.352 0.5555559993
48365  -17.725  -10.888  50.495 0.7777780294
49254  -17.382  -9.330  49.899 0.8888890147
109913  -27.395  -0.973  47.945 0.7777780294
113301  -27.983  0.668  50.241 0.5555559993
61341  -34.386  3.441  46.504 0.5555559993
47377  -17.551  -11.187  49.170 0.7777780294
48371  -17.522  -10.333  49.635 0.7777780294
124589  -26.955  -1.014  47.085 0.8888890147
109927  -27.922  0.130  49.029 0.7777780294
109921  -32.653  3.074  46.387 0.5555559993
60423  -34.390  2.319  46.696 0.4444440007
46460  -15.675  -12.872  47.346 0.6666669846
47395  -17.456  -11.273  48.328 0.6666669846
110286  -27.772  -0.640  45.278 0.8888890147
126140  -28.161  -0.594  44.401 0.8888890147
110329  -28.479  -0.159  45.152 0.7777780294
112996  -31.638  0.905  43.606 0.6666669846
111334  -32.723  1.612  45.267 0.6666669846
46461  -16.422  -12.681  47.561 0.6666669846
46471  -16.878  -12.243  47.012 0.6666669846
126084  -27.876  -1.186  43.684 1.0000000000
124644  -29.556  0.293  44.262 0.8888890147
110604  -30.837  0.581  43.555 0.7777780294
46469  -15.472  -12.821  46.503 0.5555559993
47409  -17.269  -11.554  47.465 0.6666669846
124573  -28.469  -1.485  42.867 1.0000000000
124650  -28.686  -0.716  43.527 0.8888890147
124681  -30.182  0.443  43.881 0.8888890147
111037  -30.440  0.126  43.028 0.8888890147
46481  -15.315  -12.751  45.643 0.6666669846
46470  -16.709  -12.248  46.171 0.6666669846
125894  -29.350  -1.124  42.664 0.8888890147
46489  -15.265  -12.618  44.682 0.5555559993
120418  -20.610  -7.993  53.611 0.1111110002
51024  -21.300  -7.668  53.208 0.1111110002
53896  -25.193  -4.352  51.379 0.3333329856
51018  -19.909  -7.788  54.016 0.5555559993
51933  -18.586  -6.823  54.169 0.7777780294
113163  -26.058  -4.162  51.316 0.4444440007
51931  -17.836  -6.662  54.117 0.7777780294
54843  -25.585  -3.490  51.377 0.4444440007
50123  -17.701  -8.287  51.477 0.7777780294
51937  -17.611  -6.434  53.415 0.7777780294
56647  -25.569  -1.364  51.229 0.5555559993
121658  -26.183  -2.046  51.321 0.5555559993
51040  -17.709  -7.432  51.942 0.7777780294
125568  -25.805  -0.527  50.374 0.6666669846
134632  -17.426  -8.275  50.659 0.7777780294
109909  -26.018  -1.232  48.817 0.8888890147
111217  -34.289  3.948  46.378 0.5555559993
111293  -35.255  3.916  46.064 0.4444440007
121149  -17.324  -8.612  50.143 0.8888890147
125025  -34.460  3.289  46.216 0.5555559993
49264  -17.231  -9.380  48.883 0.8888890147
119715  -32.553  1.243  44.112 0.5555559993
48380  -17.390  -10.345  48.563 0.6666669846
110311  -27.432  -1.092  44.570 1.0000000000
47424  -17.113  -11.534  46.502 0.6666669846
48398  -17.248  -10.689  46.822 0.6666669846
109917  -30.349  -0.808  42.373 0.8888890147
128329  -30.976  -0.271  42.405 0.8888890147
110712  -31.199  0.379  42.863 0.8888890147
132998  -15.922  -12.635  45.204 0.6666669846
124480  -28.340  -1.996  42.409 1.0000000000
126002  -29.143  -2.100  42.051 1.0000000000
124761  -30.092  -1.762  41.880 0.8888890147
47444  -14.154  -11.964  43.617 0.4444440007
46490  -16.159  -12.352  44.575 0.6666669846
47446  -17.097  -10.774  45.081 0.7777780294
46498  -14.928  -12.377  43.795 0.4444440007
47445  -16.736  -11.678  44.735 0.6666669846
47457  -16.330  -11.758  43.798 0.6666669846
51939  -21.114  -6.761  53.017 0.1111110002
51025  -21.974  -7.748  53.094 0.1111110002
51023  -20.492  -7.128  53.406 0.1111110002
53894  -23.775  -3.877  51.466 0.3333329856
51022  -19.529  -7.013  53.599 0.5555559993
54842  -24.589  -3.464  51.240 0.4444440007
55739  -24.327  -2.317  51.262 0.6666669846
55740  -25.270  -2.441  51.245 0.6666669846
51956  -17.595  -6.656  51.376 0.7777780294
56657  -24.271  -0.826  50.939 0.6666669846
57622  -25.002  -0.897  51.188 0.6666669846
111075  -35.614  4.657  45.801 0.4444440007
62207  -36.686  3.939  45.146 0.3333329856
117484  -17.422  -7.441  50.820 0.7777780294
132255  -24.403  -1.753  49.458 0.7777780294
110707  -25.185  -0.431  50.615 0.6666669846
109969  -35.197  4.043  46.096 0.4444440007
61348  -35.795  3.675  46.035 0.3333329856
51965  -17.492  -6.649  50.556 0.7777780294
110665  -25.228  -1.640  48.918 0.8888890147
126141  -26.555  -1.275  47.981 0.8888890147
110481  -34.050  2.993  44.994 0.6666669846
131641  -17.161  -8.419  49.250 0.7777780294
115038  -17.195  -7.840  48.515 0.7777780294
51984  -17.630  -6.718  49.180 0.7777780294
125402  -25.362  -1.749  47.064 0.8888890147
124651  -26.267  -1.539  45.527 1.0000000000
125280  -33.207  1.385  43.616 0.7777780294
125227  -33.248  1.626  44.494 0.5555559993
49277  -17.167  -9.455  47.775 0.8888890147
50160  -17.363  -7.837  47.747 0.7777780294
126119  -26.700  -1.531  44.744 1.0000000000
125425  -31.930  0.606  42.662 0.8888890147
109915  -32.437  1.094  43.178 0.6666669846
47436  -17.204  -10.731  45.963 0.6666669846
49290  -17.203  -9.197  46.809 0.8888890147
51082  -17.618  -7.949  46.920 0.7777780294
125072  -27.101  -1.596  43.925 1.0000000000
117524  -17.234  -9.884  46.337 0.7777780294
49301  -17.345  -9.193  45.961 0.7777780294
50183  -17.911  -8.124  46.150 0.7777780294
126115  -26.185  -2.391  43.634 0.8888890147
131038  -26.769  -2.056  43.525 1.0000000000
126116  -27.550  -1.957  42.917 1.0000000000
114242  -17.255  -9.888  45.481 0.7777780294
50192  -17.682  -8.687  45.650 0.7777780294
51093  -18.284  -7.571  46.596 0.8888890147
110276  -26.643  -2.444  42.956 1.0000000000
126944  -28.252  -2.522  41.854 1.0000000000
125962  -29.504  -3.086  41.066 1.0000000000
48423  -16.899  -10.837  44.184 0.6666669846
119150  -17.433  -9.429  44.192 0.7777780294
50202  -17.873  -8.735  44.957 0.7777780294
125893  -27.165  -2.610  42.168 0.8888890147
47466  -15.303  -11.660  42.535 0.5555559993
48436  -17.080  -9.950  43.763 0.5555559993
49323  -17.473  -9.206  43.408 0.6666669846
48445  -16.373  -10.490  42.503 0.4444440007
48446  -16.915  -9.804  42.935 0.5555559993
50226  -17.829  -8.855  42.783 0.6666669846
51948  -21.224  -6.446  52.393 0.1111110002
51949  -21.741  -6.531  52.359 0.1111110002
133058  -20.748  -6.554  52.953 0.1111110002
51947  -20.852  -6.139  52.347 0.1111110002
118848  -20.220  -6.429  53.221 0.2222220004
52972  -21.360  -5.991  52.281 0.1111110002
113768  -22.417  -5.746  52.348 0.1111110002
53885  -23.612  -4.620  52.086 0.3333329856
52961  -18.737  -5.654  53.241 0.6666669846
51938  -19.315  -6.223  53.383 0.5555559993
52963  -20.285  -5.766  52.941 0.1111110002
131434  -20.863  -5.272  52.359 0.2222220004
119665  -21.405  -4.284  52.355 0.5555559993
54833  -22.604  -3.213  51.708 0.6666669846
54834  -23.047  -4.016  52.175 0.5555559993
53861  -17.969  -5.383  53.406 0.7777780294
54832  -21.763  -3.321  52.315 0.6666669846
55730  -21.835  -2.319  52.169 0.6666669846
54841  -23.152  -3.280  51.355 0.5555559993
134849  -23.850  -3.118  51.413 0.4444440007
53870  -17.911  -5.185  52.998 0.7777780294
56655  -22.582  -1.715  51.105 0.7777780294
56667  -22.909  -1.547  50.762 0.7777780294
56646  -24.009  -1.243  51.156 0.7777780294
125340  -36.054  4.806  45.386 0.4444440007
62208  -37.229  3.874  44.577 0.2222220004
52979  -17.728  -5.902  51.798 0.7777780294
56656  -23.348  -1.323  51.045 0.7777780294
109944  -34.926  3.794  44.623 0.6666669846
125617  -34.889  4.668  44.478 0.4444440007
123990  -37.738  3.863  44.183 0.2222220004
52990  -17.712  -6.018  50.872 0.7777780294
55764  -23.497  -2.579  48.137 1.0000000000
55757  -23.636  -2.305  49.139 1.0000000000
118049  -17.266  -7.466  49.161 0.7777780294
51976  -18.094  -6.133  49.221 0.7777780294
55765  -24.201  -2.195  48.432 1.0000000000
55766  -24.832  -1.950  47.889 0.8888890147
110628  -33.745  1.512  43.050 0.6666669846
110973  -35.371  2.991  43.731 0.5555559993
110795  -35.490  4.274  43.880 0.5555559993
51985  -18.190  -6.406  48.583 0.7777780294
53008  -18.655  -5.746  48.858 0.7777780294
125695  -24.084  -2.404  47.506 1.0000000000
109900  -24.671  -2.197  46.928 1.0000000000
126175  -25.821  -1.605  46.303 1.0000000000
109941  -32.492  0.790  42.468 0.7777780294
125226  -34.559  1.858  43.307 0.7777780294
126753  -35.062  1.916  42.649 0.8888890147
126327  -35.999  4.734  43.521 0.5555559993
51997  -18.382  -6.676  47.799 0.7777780294
111299  -24.327  -2.978  45.479 1.0000000000
111169  -24.613  -2.433  46.293 1.0000000000
126118  -25.321  -2.431  44.947 1.0000000000
124562  -25.982  -1.951  44.869 1.0000000000
126749  -32.358  0.180  41.888 0.8888890147
126745  -33.440  1.201  42.104 0.7777780294
125909  -35.403  2.072  41.850 0.8888890147
52008  -18.700  -6.936  46.978 0.7777780294
110497  -24.739  -2.819  45.001 1.0000000000
126085  -26.412  -1.978  44.168 1.0000000000
126829  -30.099  -2.592  41.368 0.8888890147
126001  -31.482  -1.131  41.606 0.8888890147
125782  -32.518  -0.943  41.112 0.8888890147
125873  -33.390  0.526  41.325 0.8888890147
125827  -34.508  1.652  41.577 0.8888890147
50193  -18.326  -8.273  45.360 0.8888890147
51094  -19.138  -7.317  46.169 0.8888890147
130465  -25.622  -2.723  43.743 1.0000000000
124886  -26.223  -2.872  42.326 0.8888890147
130062  -30.915  -1.684  41.594 0.8888890147
124614  -31.914  -2.247  40.749 0.8888890147
50216  -17.753  -8.952  44.251 0.7777780294
50203  -18.366  -8.549  44.480 0.7777780294
134866  -19.625  -7.767  45.004 0.8888890147
126868  -27.623  -2.884  41.442 1.0000000000
124533  -28.450  -3.173  40.986 0.8888890147
50217  -18.266  -8.688  43.482 0.6666669846
51118  -19.778  -7.933  44.372 0.8888890147
51106  -20.256  -7.493  44.849 0.8888890147
49334  -16.718  -9.658  42.120 0.5555559993
49347  -17.164  -9.062  41.660 0.5555559993
118892  -18.487  -8.599  42.501 0.6666669846
51129  -19.947  -8.091  43.552 0.6666669846
50238  -17.820  -8.762  42.038 0.5555559993
50239  -18.574  -8.492  41.642 0.6666669846
52962  -19.498  -5.387  53.261 0.5555559993
53873  -19.948  -4.782  53.154 0.6666669846
53882  -20.659  -4.296  52.455 0.6666669846
54831  -21.029  -3.565  52.362 0.7777780294
53872  -19.300  -4.733  53.184 0.6666669846
55724  -19.941  -3.206  52.847 0.6666669846
55734  -19.903  -2.801  52.436 0.7777780294
56639  -21.263  -1.754  52.118 0.7777780294
56654  -21.712  -1.457  51.687 0.7777780294
54821  -19.769  -3.971  53.122 0.6666669846
111475  -19.976  -2.757  51.761 0.7777780294
55745  -21.555  -1.993  51.121 1.0000000000
62212  -38.467  4.264  43.833 0.3333329856
53881  -18.318  -4.621  52.654 0.7777780294
54830  -19.425  -3.450  52.835 0.6666669846
53908  -19.885  -3.945  50.217 0.7777780294
54851  -21.340  -3.043  50.085 1.0000000000
55756  -22.926  -2.381  49.837 1.0000000000
111286  -36.477  4.719  44.636 0.4444440007
53892  -18.456  -4.674  51.841 0.7777780294
53907  -19.256  -4.371  50.525 0.7777780294
117027  -20.594  -3.497  50.108 0.7777780294
54860  -20.968  -3.620  49.074 1.0000000000
54868  -22.214  -3.168  48.394 1.0000000000
114632  -22.925  -2.728  48.747 1.0000000000
126301  -36.155  5.946  43.543 0.4444440007
124723  -36.609  5.890  42.814 0.4444440007
124814  -37.298  5.933  43.452 0.4444440007
53921  -20.178  -4.086  49.366 0.7777780294
54861  -21.731  -3.161  49.128 1.0000000000
124722  -36.722  3.837  42.800 0.5555559993
129683  -36.807  5.599  42.687 0.5555559993
63137  -38.453  5.774  43.269 0.4444440007
51986  -18.891  -6.025  48.148 0.7777780294
53009  -19.367  -5.369  48.480 0.7777780294
53932  -20.488  -4.293  48.563 0.8888890147
53933  -21.142  -3.965  48.234 1.0000000000
54876  -22.481  -3.382  47.554 1.0000000000
54877  -23.316  -2.963  47.243 1.0000000000
126030  -35.997  2.241  42.879 0.6666669846
125563  -37.461  5.339  42.262 0.4444440007
126299  -37.968  5.059  41.931 0.4444440007
51998  -19.192  -6.350  47.411 0.7777780294
53025  -19.903  -6.034  47.016 0.8888890147
53957  -23.137  -3.888  45.872 1.0000000000
54886  -23.523  -3.275  46.326 1.0000000000
125875  -36.359  2.302  41.931 0.8888890147
126784  -36.487  2.453  41.146 0.7777780294
126026  -37.856  2.850  41.327 0.6666669846
110326  -37.963  3.912  41.716 0.4444440007
52009  -19.536  -6.680  46.650 0.8888890147
54894  -23.784  -3.442  45.539 1.0000000000
125907  -33.006  -0.185  41.186 0.8888890147
126787  -33.828  0.473  40.808 0.8888890147
126790  -34.900  1.649  40.837 0.8888890147
124475  -37.096  2.609  40.673 0.8888890147
125022  -38.563  3.147  40.963 0.4444440007
52020  -19.873  -6.946  46.008 0.8888890147
125073  -24.272  -3.414  44.715 0.8888890147
126083  -25.066  -2.918  44.265 0.8888890147
110358  -30.935  -3.361  40.471 1.0000000000
124523  -33.517  -2.050  39.602 0.8888890147
126644  -33.489  -1.198  40.177 0.8888890147
126367  -34.298  -0.165  39.869 0.8888890147
126364  -34.743  0.788  40.000 0.8888890147
126743  -35.632  2.217  40.963 0.8888890147
52021  -20.545  -6.890  45.474 0.8888890147
124686  -24.812  -3.590  42.907 0.8888890147
126322  -25.885  -2.774  43.109 0.8888890147
126011  -26.684  -3.037  41.420 0.8888890147
126201  -32.147  -4.101  39.070 0.8888890147
126181  -33.445  -2.743  39.086 0.8888890147
124451  -34.213  -2.278  37.460 0.8888890147
124435  -34.234  -1.340  39.171 0.8888890147
126786  -34.825  -0.333  39.017 0.8888890147
126744  -35.160  0.666  39.310 0.8888890147
126792  -35.669  1.590  39.434 0.8888890147
51119  -20.552  -7.653  44.066 0.8888890147
52033  -20.986  -7.099  44.604 0.8888890147
52044  -21.860  -6.601  43.696 0.8888890147
126324  -25.007  -3.539  42.218 0.8888890147
110236  -25.601  -3.298  41.714 0.8888890147
126867  -27.480  -3.502  40.067 0.8888890147
134416  -29.279  -3.648  40.415 0.8888890147
110297  -33.923  -2.654  37.064 0.8888890147
126657  -33.837  -1.651  36.258 0.8888890147
125906  -35.495  0.481  38.595 0.8888890147
50218  -20.093  -8.112  42.640 0.6666669846
51130  -20.732  -7.744  43.192 0.6666669846
51120  -21.325  -7.175  43.704 0.8888890147
124760  -25.509  -3.462  40.125 0.8888890147
126004  -26.481  -3.383  40.048 0.8888890147
124511  -28.426  -3.986  39.394 0.8888890147
126828  -30.545  -4.794  38.547 0.7777780294
110300  -33.597  -3.076  37.704 0.7777780294
126649  -34.673  -1.416  38.176 0.8888890147
125874  -35.101  -0.406  38.440 0.7777780294
50240  -19.356  -8.231  41.232 0.6666669846
51140  -20.884  -7.708  42.268 0.6666669846
125891  -26.123  -3.459  39.307 0.8888890147
126423  -27.278  -3.689  39.277 0.8888890147
130712  -28.480  -4.407  38.435 0.7777780294
109954  -30.379  -5.015  37.873 0.7777780294
126321  -32.199  -4.558  37.211 0.7777780294
126200  -33.479  -2.983  35.609 0.8888890147
126183  -34.070  -2.191  35.897 0.8888890147
128510  -32.971  -1.078  35.889 0.8888890147
125814  -34.458  -1.973  36.868 0.8888890147
126656  -33.598  -1.330  35.633 0.7777780294
126009  -25.743  -3.526  38.595 0.7777780294
126263  -29.664  -5.065  37.289 0.7777780294
125209  -31.763  -4.827  36.577 0.7777780294
110561  -33.633  -2.024  34.716 0.8888890147
126320  -32.759  -1.389  35.087 0.8888890147
132881  -32.632  -0.966  36.089 1.0000000000
124612  -32.300  -0.534  35.933 0.8888890147
125746  -24.591  -3.651  37.235 0.7777780294
124398  -25.247  -3.801  36.652 0.7777780294
125965  -26.492  -3.879  37.776 0.7777780294
126360  -28.933  -5.037  36.655 0.7777780294
124534  -30.294  -5.358  35.430 0.7777780294
125966  -31.221  -5.108  35.996 0.7777780294
124709  -32.993  -3.627  35.199 0.7777780294
125232  -33.230  -1.857  34.522 0.7777780294
109943  -31.789  -0.905  35.448 0.7777780294
109964  -32.202  -0.460  35.533 0.8888890147
125896  -24.871  -3.845  36.268 0.6666669846
126439  -25.788  -3.953  36.643 0.5555559993
126203  -25.991  -4.287  35.922 0.6666669846
126261  -27.277  -4.454  36.955 0.7777780294
125809  -29.343  -5.440  34.980 0.6666669846
126361  -31.381  -4.940  33.873 0.7777780294
126010  -32.230  -4.414  34.639 0.7777780294
126262  -33.069  -3.084  32.900 0.6666669846
125208  -31.786  -1.275  34.161 0.6666669846
125234  -32.047  -0.888  34.748 0.7777780294
110581  -26.002  -4.963  34.317 0.6666669846
126235  -26.505  -5.132  34.543 0.5555559993
126699  -29.621  -5.549  33.973 0.6666669846
124449  -32.189  -3.990  32.493 0.5555559993
126358  -32.324  -1.951  33.079 0.6666669846
125812  -31.150  -1.959  32.244 0.7777780294
128548  -27.049  -5.582  33.830 0.5555559993
126707  -27.931  -5.604  34.066 0.5555559993
124482  -28.742  -5.819  32.628 0.3333329856
126437  -31.214  -4.920  32.866 0.4444440007
126703  -31.772  -4.144  31.465 0.5555559993
125834  -30.742  -2.507  32.034 0.5555559993
125747  -30.750  -5.051  31.409 0.4444440007
125838  -30.689  -4.161  30.722 0.5555559993
125802  -30.668  -3.296  31.302 0.5555559993
120433  -38.103  5.473  43.685 0.3333329856
63128  -37.771  5.721  43.858 0.4444440007
62219  -38.827  5.222  43.320 0.4444440007
63138  -39.213  5.856  42.992 0.4444440007
125302  -39.242  6.305  42.605 0.4444440007
53010  -20.135  -4.957  48.004 0.8888890147
53943  -20.801  -4.491  47.915 1.0000000000
53944  -21.389  -4.286  47.531 1.0000000000
64073  -39.714  6.248  42.453 0.4444440007
53945  -22.069  -3.958  47.120 1.0000000000
54885  -22.800  -3.604  46.727 1.0000000000
110605  -38.804  5.953  41.616 0.4444440007
52010  -20.280  -6.435  46.300 0.8888890147
53019  -20.881  -4.977  47.226 1.0000000000
53955  -21.701  -4.639  46.749 1.0000000000
53968  -22.755  -4.568  45.445 1.0000000000
53969  -23.474  -4.114  44.913 0.8888890147
124688  -38.482  5.611  41.528 0.4444440007
53026  -20.621  -5.736  46.687 1.0000000000
53027  -21.364  -5.383  46.343 1.0000000000
53967  -22.081  -4.986  45.910 1.0000000000
53981  -23.452  -4.571  44.195 0.8888890147
126120  -24.596  -3.550  43.766 0.8888890147
129870  -38.059  2.737  40.602 0.7777780294
126024  -38.690  4.252  41.283 0.6666669846
53034  -20.985  -6.097  45.890 1.0000000000
53035  -21.713  -5.704  45.509 1.0000000000
126059  -24.208  -4.102  43.179 0.8888890147
125904  -36.679  2.411  38.740 0.8888890147
126751  -36.341  2.360  39.525 0.8888890147
52022  -21.352  -6.448  45.104 0.8888890147
53044  -21.977  -5.939  44.705 0.8888890147
53980  -22.953  -4.842  44.617 0.8888890147
110919  -23.629  -4.620  43.494 0.8888890147
126869  -25.137  -3.551  40.931 0.8888890147
125826  -36.014  1.532  38.673 0.8888890147
52055  -21.836  -6.757  43.092 0.7777780294
124572  -24.440  -4.032  42.203 0.8888890147
125892  -24.882  -3.670  41.628 0.8888890147
126752  -35.747  0.311  37.783 0.8888890147
126791  -36.347  1.533  37.937 0.8888890147
50252  -19.204  -8.153  40.419 0.4444440007
50241  -20.225  -7.975  41.655 0.5555559993
132872  -21.357  -7.343  42.243 0.6666669846
126421  -24.739  -3.778  40.226 0.8888890147
126658  -35.049  -1.065  37.338 0.7777780294
126109  -34.699  -1.627  36.124 0.8888890147
50253  -20.049  -7.914  40.714 0.5555559993
134503  -20.843  -7.683  41.636 0.6666669846
125436  -23.969  -4.093  38.765 0.7777780294
110260  -24.395  -3.945  39.520 0.7777780294
126831  -25.117  -3.549  39.408 0.7777780294
126096  -33.062  -0.560  35.729 0.7777780294
109906  -23.758  -4.030  37.983 0.7777780294
125745  -24.336  -3.737  38.235 0.7777780294
125837  -24.669  -3.597  37.841 0.7777780294
110573  -31.507  -1.073  34.137 0.7777780294
124843  -32.327  0.029  35.237 0.8888890147
126464  -24.007  -3.794  36.551 0.5555559993
124707  -31.821  -1.175  32.806 0.7777780294
110419  -24.546  -4.211  34.315 0.5555559993
109910  -24.991  -4.006  35.755 0.5555559993
125249  -25.546  -4.377  35.291 0.5555559993
126695  -30.453  -2.098  32.121 0.7777780294
126711  -30.694  -1.862  32.607 0.7777780294
126034  -24.162  -4.284  33.439 0.4444440007
126462  -25.524  -4.824  34.012 0.5555559993
124868  -26.767  -5.664  33.195 0.4444440007
126709  -30.336  -3.219  31.274 0.5555559993
124561  -24.741  -4.997  32.203 0.3333329856
126880  -25.845  -5.699  31.761 0.3333329856
126036  -26.842  -5.986  31.944 0.3333329856
109976  -28.384  -6.017  31.663 0.2222220004
126436  -29.504  -2.201  31.306 0.5555559993
125992  -26.667  -5.959  30.583 0.1111110002
129184  -27.931  -5.282  28.842 0.1111110002
125790  -29.643  -5.274  29.507 0.2222220004
126956  -29.488  -4.320  30.442 0.3333329856
110198  -29.093  -3.116  30.749 0.4444440007
125376  -27.845  -3.998  28.324 0.1111110002
125840  -29.067  -3.938  28.808 0.2222220004
62221  -40.000  4.462  42.765 0.2222220004
63148  -39.797  5.630  42.581 0.3333329856
125142  -40.162  7.266  42.067 0.4444440007
125132  -40.263  7.384  41.303 0.4444440007
126329  -38.974  6.048  40.969 0.4444440007
126136  -37.337  2.842  39.731 0.8888890147
126328  -39.585  3.270  40.005 0.8888890147
125871  -37.526  3.003  38.780 0.8888890147
110262  -38.671  2.930  39.906 0.8888890147
53053  -22.688  -5.746  43.398 0.8888890147
53046  -23.117  -5.095  43.850 0.8888890147
53054  -23.247  -5.164  43.052 0.8888890147
53060  -22.916  -5.625  42.440 0.8888890147
131980  -23.333  -5.158  42.494 0.8888890147
130338  -23.951  -4.505  41.762 0.8888890147
126003  -24.436  -4.079  41.148 0.8888890147
126748  -36.993  2.471  37.954 0.8888890147
112633  -21.969  -6.631  41.269 0.6666669846
52062  -22.459  -6.196  41.873 0.7777780294
125895  -23.245  -5.295  41.051 0.7777780294
124481  -23.786  -4.696  41.086 0.8888890147
51151  -20.802  -7.608  41.039 0.6666669846
51162  -21.447  -7.006  40.540 0.6666669846
132170  -23.426  -4.912  39.943 0.7777780294
126008  -23.837  -4.468  39.738 0.7777780294
125961  -24.129  -4.298  40.338 0.7777780294
51171  -20.423  -7.382  39.274 0.4444440007
51172  -21.191  -6.938  39.550 0.4444440007
109886  -22.673  -5.079  37.916 0.6666669846
111336  -23.359  -4.201  36.898 0.6666669846
51180  -20.096  -7.384  38.339 0.4444440007
51181  -20.932  -6.848  38.652 0.4444440007
109970  -22.864  -4.432  36.448 0.6666669846
124870  -23.622  -3.953  35.988 0.5555559993
126032  -22.947  -4.039  35.019 0.5555559993
124839  -23.499  -3.921  34.355 0.5555559993
127122  -23.173  -3.962  33.629 0.5555559993
125991  -23.476  -4.214  32.652 0.4444440007
125844  -24.062  -4.648  31.190 0.1111110002
124493  -24.641  -4.771  29.737 0.1111110002
124461  -25.057  -4.262  28.899 0.1111110002
125926  -26.501  -4.397  28.695 0.1111110002
125051  -28.772  -2.331  30.486 0.4444440007
62229  -41.081  4.547  41.964 0.1111110002
64074  -40.309  6.190  42.156 0.3333329856
63160  -41.449  5.170  41.300 0.2222220004
64075  -41.059  6.223  41.549 0.2222220004
63171  -42.187  5.302  40.694 0.1111110002
64954  -40.514  7.683  41.507 0.3333329856
64097  -42.397  6.126  40.309 0.1111110002
122884  -42.765  6.754  40.067 0.2222220004
125451  -39.555  6.883  40.495 0.5555559993
123061  -43.256  6.752  39.522 0.1111110002
124687  -40.135  3.571  39.658 0.7777780294
126514  -38.436  3.270  38.626 0.8888890147
126793  -37.686  3.072  38.013 0.8888890147
124541  -40.162  3.189  38.852 0.8888890147
52068  -22.112  -6.399  40.477 0.6666669846
111040  -22.567  -5.781  39.906 0.7777780294
110911  -22.266  -5.891  39.160 0.5555559993
109887  -22.683  -5.511  39.296 0.6666669846
124710  -36.609  1.635  37.207 0.8888890147
126363  -37.460  2.609  37.081 0.8888890147
114275  -21.893  -6.439  39.756 0.5555559993
109884  -22.184  -5.713  38.278 0.5555559993
109962  -22.336  -5.013  36.724 0.5555559993
124824  -22.431  -4.427  35.269 0.5555559993
125377  -22.318  -4.193  33.513 0.3333329856
63180  -44.110  5.521  39.218 0.1111110002
64111  -44.270  6.272  38.929 0.1111110002
63183  -44.553  5.619  38.616 0.1111110002
125959  -40.189  7.169  39.748 0.5555559993
64970  -44.035  6.888  39.201 0.1111110002
63187  -45.487  5.543  37.796 0.1111110002
126529  -40.749  5.377  39.597 0.7777780294
132691  -40.631  7.256  39.432 0.2222220004
110480  -41.342  4.980  39.154 0.7777780294
124510  -41.048  7.602  38.980 0.3333329856
110233  -38.328  3.282  37.613 0.8888890147
126029  -40.891  3.100  38.310 0.8888890147
126135  -39.028  3.398  37.375 0.8888890147
128007  -41.563  3.327  38.322 0.8888890147
125870  -36.762  1.620  36.407 0.8888890147
125872  -38.701  3.006  36.492 1.0000000000
128145  -47.062  6.838  36.174 0.1111110002
64986  -45.533  6.952  37.498 0.2222220004
64987  -46.079  6.835  37.090 0.1111110002
126163  -41.870  8.134  38.589 0.4444440007
65793  -43.701  8.101  39.083 0.2222220004
64969  -43.498  7.376  39.235 0.2222220004
126073  -41.971  6.773  38.497 0.5555559993
125065  -41.790  5.627  38.699 0.6666669846
110028  -42.331  3.241  37.857 0.6666669846
126516  -40.166  2.961  36.332 1.0000000000
126879  -40.486  3.121  37.184 1.0000000000
134224  -37.608  2.097  35.407 1.0000000000
118854  -47.369  7.043  35.477 0.1111110002
64995  -47.321  7.853  35.060 0.2222220004
65821  -46.449  8.096  36.441 0.2222220004
64130  -47.878  6.530  35.164 0.2222220004
118903  -46.024  7.688  37.235 0.1111110002
66646  -46.478  8.869  36.316 0.2222220004
125259  -44.006  8.701  38.695 0.2222220004
66630  -44.945  8.923  37.966 0.2222220004
116502  -45.492  8.865  37.244 0.2222220004
126486  -42.380  8.299  38.006 0.5555559993
110247  -43.369  8.946  38.268 0.5555559993
68521  -45.056  10.092  37.504 0.2222220004
124849  -42.383  7.418  38.021 0.5555559993
110293  -43.062  6.040  37.733 0.6666669846
126188  -43.921  9.679  37.888 0.5555559993
125983  -41.985  2.364  36.560 0.8888890147
126180  -43.348  3.216  37.091 0.8888890147
125957  -43.365  6.955  37.368 0.7777780294
125668  -43.668  2.137  36.133 1.0000000000
125020  -43.637  4.573  37.193 0.7777780294
124474  -39.758  2.357  35.357 1.0000000000
126028  -41.308  2.343  35.467 1.0000000000
126366  -38.971  1.898  34.773 1.0000000000
125762  -37.431  1.254  32.716 1.0000000000
126626  -37.628  1.539  33.647 1.0000000000
64996  -47.645  7.398  34.758 0.2222220004
64131  -48.226  6.769  34.466 0.1111110002
65829  -47.257  8.464  34.845 0.2222220004
65822  -47.108  8.478  35.728 0.2222220004
116218  -47.311  9.031  35.112 0.2222220004
67578  -47.183  9.724  35.377 0.3333329856
66639  -46.085  9.280  36.775 0.2222220004
112694  -46.616  9.545  36.172 0.2222220004
67570  -45.413  10.364  37.059 0.2222220004
68526  -46.431  10.815  36.078 0.2222220004
126483  -43.161  8.776  36.786 0.5555559993
110588  -45.148  10.241  37.365 0.6666669846
124603  -44.043  5.550  36.874 0.7777780294
126484  -43.433  9.906  37.165 0.6666669846
110946  -44.399  3.366  36.150 1.0000000000
124557  -43.778  7.411  36.806 0.7777780294
126530  -44.610  4.504  36.140 1.0000000000
126137  -41.145  1.811  34.667 1.0000000000
126785  -40.273  1.352  34.249 1.0000000000
110439  -42.338  2.014  34.728 1.0000000000
125813  -39.234  0.182  32.661 1.0000000000
126645  -39.051  1.240  33.878 1.0000000000
126660  -35.895  0.838  31.973 1.0000000000
65000  -48.155  7.551  34.130 0.2222220004
64137  -48.467  6.873  33.537 0.1111110002
65833  -48.273  8.421  34.036 0.2222220004
66657  -48.035  9.684  34.284 0.2222220004
67587  -47.103  10.116  35.226 0.4444440007
111165  -46.190  10.585  35.974 0.5555559993
125958  -45.364  10.006  35.868 0.5555559993
125956  -44.105  7.998  36.121 0.7777780294
129052  -43.689  8.922  36.104 0.7777780294
130246  -44.928  4.743  35.798 0.8888890147
125669  -44.169  2.903  35.614 1.0000000000
126074  -44.817  6.551  36.092 0.8888890147
124913  -41.902  1.031  33.501 1.0000000000
126617  -40.474  -0.878  31.868 1.0000000000
125781  -40.675  0.064  33.045 1.0000000000
110273  -37.118  0.688  30.810 1.0000000000
126654  -38.907  -0.337  31.673 1.0000000000
126629  -37.157  1.062  31.872 1.0000000000
125784  -34.883  0.481  29.640 0.7777780294
126665  -35.746  0.685  30.419 0.8888890147
125903  -34.176  0.028  29.501 0.4444440007
65003  -48.589  7.769  33.480 0.1111110002
128690  -48.368  9.205  33.919 0.1111110002
65836  -48.893  8.770  33.320 0.1111110002
67614  -48.419  10.105  33.763 0.2222220004
66662  -48.942  9.742  33.269 0.2222220004
68544  -47.188  10.685  34.837 0.4444440007
68568  -48.444  10.917  33.696 0.2222220004
110039  -46.703  10.875  35.757 0.4444440007
126485  -45.811  10.852  35.496 0.5555559993
125294  -46.387  10.726  35.000 0.7777780294
126480  -44.979  9.982  34.937 0.6666669846
126479  -44.301  8.783  35.534 0.7777780294
110409  -44.836  9.026  35.035 0.7777780294
124850  -45.038  7.269  35.374 0.7777780294
110023  -43.909  3.865  34.714 1.0000000000
110021  -45.360  5.701  35.367 0.8888890147
125291  -45.063  8.260  34.892 0.8888890147
125252  -42.834  3.065  34.104 1.0000000000
110618  -42.267  1.952  33.869 1.0000000000
125323  -43.399  4.695  34.312 1.0000000000
124792  -44.521  5.010  34.834 1.0000000000
126662  -41.881  -0.009  32.013 1.0000000000
125324  -42.362  1.264  32.839 1.0000000000
126813  -36.958  0.623  30.251 0.8888890147
124570  -39.966  -0.713  30.594 1.0000000000
126110  -41.381  -0.155  30.504 1.0000000000
125899  -35.748  0.662  29.710 0.8888890147
125881  -36.631  0.597  30.030 0.8888890147
126663  -34.276  0.381  28.470 0.4444440007
126670  -35.782  0.584  28.958 0.6666669846
126804  -35.967  0.637  29.416 0.7777780294
124479  -36.056  0.514  28.428 0.3333329856
126102  -36.919  0.927  28.933 0.7777780294
126664  -35.184  0.569  28.085 0.2222220004
126017  -37.014  1.621  28.186 0.4444440007
64138  -49.246  7.297  33.050 0.1111110002
65837  -49.405  8.606  32.774 0.1111110002
67615  -48.961  10.545  33.272 0.3333329856
125279  -47.818  11.468  34.181 0.3333329856
68569  -49.041  11.151  33.234 0.3333329856
124885  -46.542  10.591  34.771 0.4444440007
70422  -48.515  12.215  33.467 0.4444440007
124662  -46.834  10.996  33.919 0.4444440007
124909  -47.965  12.558  33.433 0.4444440007
125332  -45.273  9.991  34.696 0.7777780294
110601  -46.123  10.528  34.349 0.6666669846
125135  -46.873  9.958  33.798 0.7777780294
110318  -47.643  9.519  32.989 0.7777780294
125320  -45.489  6.333  35.052 0.8888890147
124901  -45.435  8.874  34.465 0.7777780294
110042  -46.130  8.321  33.900 0.7777780294
125136  -46.951  8.067  33.334 0.7777780294
126257  -44.318  5.316  34.414 0.8888890147
133543  -45.928  7.723  33.982 0.8888890147
125297  -47.046  7.291  33.154 0.7777780294
110529  -47.614  7.923  32.614 0.6666669846
125137  -48.081  7.784  31.761 0.6666669846
124794  -42.240  2.852  32.843 1.0000000000
126254  -42.838  3.624  32.989 1.0000000000
125934  -45.696  6.311  34.725 1.0000000000
126449  -46.072  6.553  34.052 1.0000000000
126450  -47.383  6.750  32.783 0.7777780294
126855  -47.578  6.326  32.585 0.7777780294
110017  -42.119  0.683  30.986 1.0000000000
124753  -41.886  3.234  32.170 0.8888890147
124645  -43.683  4.110  33.605 1.0000000000
126453  -44.803  5.293  33.582 1.0000000000
126255  -46.113  6.091  34.014 0.8888890147
124508  -46.291  5.753  33.958 0.8888890147
125133  -45.966  5.002  34.497 0.8888890147
110624  -46.906  5.142  33.620 0.7777780294
126669  -37.959  0.058  30.808 0.8888890147
126806  -39.020  -0.211  30.145 1.0000000000
129814  -41.345  0.575  30.078 0.8888890147
125921  -41.453  1.355  30.998 0.8888890147
124938  -43.191  3.757  32.397 1.0000000000
110016  -44.557  4.831  34.964 0.8888890147
110015  -44.527  3.632  34.606 1.0000000000
125902  -37.673  0.678  30.357 0.8888890147
126022  -40.292  0.112  30.124 0.8888890147
124539  -39.934  0.912  30.034 0.8888890147
126846  -41.825  2.991  32.104 0.8888890147
125693  -42.568  3.225  32.139 0.8888890147
124813  -44.026  4.286  33.918 1.0000000000
110389  -45.827  4.665  34.648 1.0000000000
125879  -38.612  1.335  30.366 0.8888890147
134360  -39.097  2.027  29.609 0.8888890147
126847  -39.737  1.781  29.663 0.8888890147
132568  -40.864  2.046  30.232 0.8888890147
125919  -42.190  2.605  31.343 1.0000000000
126487  -43.027  3.751  33.083 1.0000000000
111158  -43.046  2.932  34.184 1.0000000000
125151  -44.369  3.770  35.161 1.0000000000
134877  -37.266  1.715  28.454 0.6666669846
125974  -39.040  1.842  29.263 0.7777780294
124537  -41.028  1.832  30.378 0.8888890147
124514  -41.785  2.192  30.888 0.8888890147
110535  -43.357  2.782  32.139 1.0000000000
110232  -42.701  2.207  30.644 1.0000000000
124820  -43.143  2.458  33.476 1.0000000000
110317  -43.701  3.022  34.938 1.0000000000
126491  -43.795  1.679  33.726 1.0000000000
125759  -36.632  1.826  28.134 0.2222220004
126044  -37.225  2.230  28.588 0.4444440007
110261  -37.898  1.515  29.613 0.6666669846
126020  -40.509  1.966  29.826 0.6666669846
125690  -42.253  2.241  30.267 0.8888890147
124402  -43.531  1.502  31.941 0.8888890147
124550  -37.102  1.818  27.450 0.3333329856
126018  -37.382  1.800  28.560 0.4444440007
124939  -39.076  1.708  29.192 0.5555559993
125918  -37.848  1.234  29.199 0.5555559993
124788  -41.089  1.613  29.703 0.7777780294
125853  -42.579  1.270  29.616 0.8888890147
125910  -36.135  1.027  27.830 0.4444440007
124540  -36.876  1.449  28.014 0.5555559993
124515  -37.037  0.927  29.100 0.5555559993
125689  -38.875  1.002  30.102 0.6666669846
124821  -41.230  1.054  29.287 0.6666669846
110230  -43.343  0.041  31.893 0.8888890147
124602  -36.947  -0.050  28.912 0.5555559993
124818  -37.711  -0.314  29.985 0.5555559993
110392  -39.703  0.484  29.559 0.6666669846
67627  -50.104  10.104  32.238 0.1111110002
65841  -50.291  8.363  31.910 0.1111110002
68577  -49.426  11.060  32.759 0.3333329856
69515  -49.432  11.766  32.840 0.3333329856
69532  -49.749  11.676  32.436 0.2222220004
70442  -49.128  13.357  33.057 0.4444440007
71302  -49.790  13.193  32.294 0.2222220004
125831  -47.315  11.079  33.536 0.4444440007
126875  -47.381  12.448  33.003 0.4444440007
126759  -47.416  10.147  33.415 0.6666669846
125999  -47.691  10.436  32.962 0.6666669846
126756  -47.955  9.221  32.344 0.7777780294
124664  -48.094  8.637  31.916 0.6666669846
125833  -48.271  9.079  30.930 0.6666669846
125235  -48.433  8.529  30.330 0.5555559993
65016  -48.390  7.616  30.843 0.6666669846
125936  -48.045  6.909  31.854 0.6666669846
64149  -48.474  6.693  30.984 0.7777780294
64157  -48.580  7.190  30.176 0.6666669846
64150  -48.774  6.377  30.208 0.7777780294
125134  -48.100  6.042  31.925 0.6666669846
63227  -48.846  5.493  30.672 0.7777780294
125334  -47.776  5.296  32.601 0.8888890147
62283  -47.692  3.965  33.031 0.8888890147
118353  -48.643  3.994  31.903 0.8888890147
110722  -46.299  4.094  34.408 0.8888890147
110723  -47.310  2.843  33.501 0.8888890147
126150  -45.482  3.163  35.098 0.8888890147
125182  -46.332  1.615  34.356 0.8888890147
60500  -47.891  2.679  32.784 0.8888890147
125485  -45.452  1.011  34.687 0.7777780294
59622  -46.842  1.436  33.695 0.7777780294
126153  -43.578  1.519  34.725 0.7777780294
132413  -44.369  1.440  35.252 0.7777780294
126766  -42.820  0.994  30.891 0.8888890147
126154  -43.241  0.757  33.035 0.8888890147
124661  -41.991  0.948  29.519 0.6666669846
126336  -42.072  -1.248  31.746 0.8888890147
125661  -37.303  -0.647  29.262 0.5555559993
124819  -38.906  -1.092  30.393 0.7777780294
124473  -40.930  0.369  29.043 0.6666669846
126492  -42.868  -0.147  30.331 0.7777780294
126858  -39.929  -1.613  30.395 0.6666669846
125942  -40.228  -1.278  29.317 0.7777780294
66672  -50.701  9.126  31.479 0.1111110002
66667  -50.251  9.272  32.138 0.1111110002
122539  -50.460  10.711  31.583 0.1111110002
68591  -50.912  11.140  31.287 0.2222220004
69550  -51.007  12.428  31.184 0.2222220004
124884  -48.840  13.865  32.366 0.3333329856
126513  -48.977  13.046  31.476 0.3333329856
125830  -49.056  13.845  30.659 0.3333329856
131904  -47.756  12.107  32.062 0.5555559993
124663  -48.285  13.711  31.299 0.3333329856
126758  -49.197  13.258  30.437 0.3333329856
126876  -49.134  11.564  30.187 0.3333329856
125978  -48.020  9.945  32.289 0.5555559993
126288  -48.537  12.372  30.807 0.4444440007
125977  -48.557  11.292  30.685 0.4444440007
124807  -48.941  10.837  30.172 0.3333329856
67659  -49.634  10.838  29.529 0.3333329856
126873  -48.196  10.258  31.617 0.6666669846
126757  -48.294  9.945  30.954 0.6666669846
126289  -48.571  10.414  30.492 0.6666669846
111785  -48.961  10.119  29.887 0.3333329856
66687  -49.703  9.326  29.135 0.3333329856
126874  -48.553  9.445  30.202 0.5555559993
65023  -48.604  7.921  29.865 0.6666669846
65857  -49.388  8.719  29.276 0.3333329856
121887  -49.503  7.524  29.106 0.3333329856
64158  -48.984  7.223  29.572 0.5555559993
122846  -49.232  6.361  29.630 0.6666669846
62303  -48.811  4.737  31.252 0.7777780294
63228  -49.242  5.643  29.944 0.6666669846
63234  -49.612  5.870  29.429 0.3333329856
61420  -48.368  3.289  32.421 0.8888890147
61433  -49.222  4.006  30.908 0.8888890147
62309  -49.686  4.070  30.009 0.5555559993
60504  -48.652  2.481  32.119 0.7777780294
60505  -49.201  2.241  31.478 0.7777780294
59626  -48.079  1.904  32.546 0.8888890147
59631  -48.849  1.573  31.800 0.8888890147
58682  -47.104  0.477  32.886 0.7777780294
135007  -48.245  1.209  32.292 0.8888890147
110651  -45.845  0.167  33.994 0.7777780294
124593  -43.375  1.324  33.781 0.8888890147
126337  -43.584  0.852  33.191 0.8888890147
124854  -44.682  0.790  34.227 0.7777780294
126488  -43.091  -0.022  32.320 0.8888890147
110980  -43.017  -0.331  32.156 0.7777780294
124855  -41.825  -1.854  30.942 0.7777780294
124594  -42.100  -1.204  31.790 0.6666669846
125856  -37.956  -2.054  28.987 0.6666669846
110200  -39.724  -2.343  30.286 0.7777780294
126151  -41.411  -1.765  29.685 0.7777780294
126507  -40.964  -2.145  29.689 0.7777780294
126506  -41.759  -1.809  31.298 0.7777780294
132004  -42.010  -1.722  31.306 0.6666669846
126767  -38.979  -2.524  29.244 0.5555559993
125937  -40.526  -2.262  29.856 0.7777780294
110287  -41.279  -1.980  29.929 0.6666669846
57726  -42.640  -1.319  30.640 0.6666669846
124595  -40.592  -1.766  28.794 0.6666669846
110418  -41.302  -0.950  28.277 0.6666669846
124866  -41.558  -1.711  29.704 0.6666669846
131002  -51.267  11.193  30.948 0.2222220004
70465  -51.207  12.741  30.856 0.2222220004
68592  -51.385  11.693  30.467 0.2222220004
68623  -52.192  11.027  29.534 0.1111110002
119971  -51.286  14.476  30.058 0.3333329856
70480  -51.632  13.046  29.964 0.3333329856
110372  -50.178  14.252  29.929 0.3333329856
124781  -49.846  11.897  29.634 0.3333329856
68644  -51.368  11.734  28.757 0.3333329856
68622  -50.445  11.512  29.210 0.3333329856
66699  -53.289  9.647  28.023 0.2222220004
116695  -51.045  10.226  28.329 0.3333329856
65866  -49.934  8.817  28.825 0.3333329856
65868  -53.517  8.935  27.609 0.2222220004
65867  -50.597  8.689  28.340 0.3333329856
120584  -49.848  8.142  28.802 0.3333329856
66697  -51.441  9.519  27.749 0.3333329856
65877  -51.328  8.615  27.708 0.3333329856
65032  -50.081  7.273  28.653 0.3333329856
65045  -50.784  7.822  28.142 0.3333329856
63242  -50.962  5.638  28.336 0.3333329856
121894  -52.164  5.359  27.319 0.3333329856
61434  -49.688  3.265  30.535 0.6666669846
62328  -51.218  4.520  28.274 0.3333329856
60510  -49.657  2.429  30.840 0.7777780294
122428  -50.864  3.882  28.619 0.5555559993
131182  -48.688  0.796  31.858 0.7777780294
58687  -49.383  0.757  31.320 0.8888890147
58690  -50.146  0.788  30.528 0.7777780294
58681  -46.506  0.103  33.099 0.7777780294
57716  -47.994  -0.376  32.021 0.7777780294
127725  -48.845  -0.073  31.599 0.7777780294
57730  -49.831  -0.094  30.887 0.8888890147
111150  -45.485  0.212  33.223 0.7777780294
57719  -45.679  -0.048  31.741 0.7777780294
57714  -46.759  -0.458  32.536 0.7777780294
57722  -48.368  -1.033  31.544 0.7777780294
56757  -49.393  -1.008  31.063 0.7777780294
110007  -44.486  0.432  32.462 0.7777780294
56756  -47.799  -1.715  31.433 0.7777780294
56765  -49.809  -1.806  30.630 0.8888890147
57727  -44.262  -0.271  31.251 0.7777780294
57729  -46.307  -0.744  30.962 0.7777780294
128381  -46.703  -1.305  30.549 0.7777780294
55850  -48.045  -2.406  30.995 0.7777780294
57728  -45.677  -0.398  30.650 0.7777780294
129786  -42.735  -1.110  31.393 0.7777780294
121229  -43.917  -0.543  30.246 0.7777780294
56773  -45.657  -1.259  29.240 0.7777780294
56774  -46.937  -1.896  29.938 0.7777780294
56782  -41.897  -0.776  28.556 0.6666669846
57737  -43.674  -0.539  29.492 0.7777780294
116506  -44.595  -1.201  28.068 0.7777780294
56785  -45.334  -1.679  28.390 0.7777780294
56793  -42.448  -0.505  27.492 0.7777780294
111439  -43.949  -0.907  27.763 0.7777780294
56795  -45.100  -2.060  27.618 0.7777780294
56804  -43.329  -1.509  26.272 0.5555559993
55890  -43.872  -1.981  25.905 0.7777780294
55881  -44.843  -2.242  26.898 0.7777780294
56846  -39.823  -1.185  23.181 0.5555559993
121168  -42.053  -1.697  24.139 0.5555559993
134522  -43.150  -1.802  24.913 0.6666669846
119784  -40.834  -1.499  23.095 0.5555559993
56864  -41.582  -1.293  22.576 0.5555559993
57828  -39.377  -0.959  20.722 0.3333329856
116141  -40.809  -0.913  21.576 0.5555559993
120067  -52.152  10.141  29.881 0.2222220004
116682  -52.021  11.749  29.960 0.2222220004
67660  -52.470  10.418  29.122 0.2222220004
69589  -51.825  12.418  29.720 0.3333329856
114414  -52.146  11.711  29.342 0.3333329856
121809  -52.177  11.907  28.929 0.3333329856
68624  -52.561  10.946  28.720 0.3333329856
68647  -53.053  10.888  28.014 0.3333329856
68645  -52.200  11.368  28.213 0.3333329856
68666  -52.730  10.926  27.641 0.3333329856
67700  -53.077  10.330  27.069 0.3333329856
66719  -53.325  9.603  26.740 0.3333329856
66698  -52.076  10.615  27.686 0.3333329856
66706  -52.575  10.048  27.081 0.3333329856
65890  -54.068  8.626  26.181 0.3333329856
65888  -52.662  8.254  26.636 0.3333329856
65065  -54.310  7.237  26.007 0.3333329856
64191  -54.378  6.502  25.848 0.2222220004
65878  -52.276  9.084  27.010 0.3333329856
65046  -51.768  8.014  27.380 0.3333329856
64190  -53.459  6.145  25.997 0.2222220004
63269  -54.683  5.362  24.671 0.2222220004
65056  -52.299  7.213  27.013 0.3333329856
63256  -52.691  5.322  26.720 0.3333329856
63263  -53.807  5.314  25.419 0.2222220004
62336  -52.075  4.546  27.360 0.3333329856
61489  -53.104  3.798  25.846 0.2222220004
61514  -54.476  4.073  23.181 0.2222220004
61457  -51.176  2.949  28.254 0.3333329856
61467  -51.685  3.117  27.530 0.2222220004
123410  -53.136  2.943  25.454 0.2222220004
59638  -50.482  1.166  29.892 0.6666669846
132114  -51.132  2.087  28.028 0.4444440007
60549  -51.685  2.288  27.135 0.3333329856
123027  -50.515  -0.022  30.301 0.8888890147
133029  -50.725  1.668  28.914 0.6666669846
57731  -50.319  -0.788  30.391 0.8888890147
58695  -50.683  0.215  29.192 0.6666669846
58702  -50.638  0.489  28.498 0.4444440007
56764  -48.804  -1.947  30.937 0.7777780294
54987  -49.250  -3.408  30.032 0.7777780294
56775  -50.038  -2.448  29.700 0.7777780294
56776  -50.495  -1.622  29.765 0.7777780294
56788  -50.383  -1.148  28.958 0.7777780294
55867  -47.560  -2.900  29.498 0.7777780294
55866  -46.777  -2.512  29.071 0.7777780294
54993  -48.174  -3.236  29.070 0.7777780294
56786  -46.074  -2.179  28.706 0.7777780294
55875  -47.405  -2.931  28.657 0.7777780294
55874  -45.890  -2.505  27.886 0.7777780294
55882  -45.648  -2.576  27.131 0.7777780294
55900  -43.751  -1.912  25.198 0.6666669846
55892  -45.380  -2.387  26.405 0.6666669846
56848  -42.559  -1.587  23.630 0.6666669846
56832  -44.309  -1.824  24.835 0.6666669846
56818  -45.011  -1.905  25.125 0.6666669846
56883  -39.673  -1.159  21.476 0.5555559993
56865  -42.330  -1.276  22.913 0.6666669846
56866  -43.053  -1.185  23.172 0.6666669846
57798  -43.446  -0.534  22.763 0.6666669846
57845  -37.813  -0.788  19.318 0.1111110002
115410  -39.334  -0.575  19.853 0.3333329856
57812  -40.303  -0.796  21.023 0.5555559993
111660  -41.192  -0.420  21.001 0.5555559993
113979  -41.979  -0.257  21.386 0.6666669846
57815  -43.050  -0.203  22.169 0.6666669846
59655  -52.326  1.204  25.868 0.2222220004
58713  -51.505  0.331  25.917 0.2222220004
118651  -51.267  1.557  27.262 0.3333329856
58714  -52.225  0.486  25.725 0.1111110002
57752  -50.364  0.106  27.909 0.5555559993
58707  -50.681  0.718  27.572 0.4444440007
57751  -50.011  -0.483  27.605 0.6666669846
56797  -49.363  -1.820  27.935 0.7777780294
57745  -49.944  -1.175  28.137 0.7777780294
55001  -48.658  -3.106  28.746 0.7777780294
55885  -49.064  -2.598  28.325 0.8888890147
56796  -48.450  -1.963  27.432 0.7777780294
57750  -49.288  -1.074  27.385 0.7777780294
55884  -48.340  -2.727  28.060 0.7777780294
55004  -47.935  -2.930  28.338 0.7777780294
56808  -47.703  -1.636  26.741 0.7777780294
55000  -47.254  -2.883  28.008 0.7777780294
56806  -46.219  -2.422  26.520 0.7777780294
56807  -47.128  -2.374  26.886 0.7777780294
55903  -45.707  -2.268  26.014 0.7777780294
129809  -46.155  -2.023  25.899 0.7777780294
56819  -45.659  -1.901  25.494 0.6666669846
56833  -45.620  -1.219  24.802 0.7777780294
56834  -46.310  -1.367  25.451 0.7777780294
115121  -44.836  -1.531  24.579 0.6666669846
57787  -45.163  -0.222  23.715 0.7777780294
58738  -44.846  0.176  23.222 0.6666669846
58748  -44.507  0.575  22.604 0.7777780294
57866  -39.145  -0.150  19.150 0.3333329856
57847  -40.546  -0.011  19.938 0.5555559993
58774  -41.249  0.208  20.188 0.5555559993
57830  -42.497  0.345  21.051 0.5555559993
58747  -43.755  0.230  22.344 0.6666669846
59708  -43.807  1.248  21.062 0.7777780294
59694  -44.930  1.246  22.213 0.7777780294
58823  -39.456  0.954  18.316 0.3333329856
58792  -40.748  0.532  19.464 0.4444440007
58793  -41.542  0.927  19.581 0.5555559993
58775  -42.166  0.729  20.256 0.6666669846
58776  -43.031  0.952  20.672 0.6666669846
59720  -44.258  1.943  20.666 0.7777780294
59653  -51.073  1.035  26.562 0.2222220004
58706  -50.173  0.137  27.203 0.4444440007
116078  -50.862  0.775  25.904 0.3333329856
58711  -49.358  -0.168  27.034 0.4444440007
58712  -49.770  0.578  26.525 0.4444440007
127757  -48.836  0.220  26.560 0.5555559993
57757  -48.471  -0.716  26.760 0.7777780294
57765  -48.162  0.094  26.175 0.5555559993
56820  -46.893  -1.642  26.151 0.7777780294
115030  -47.022  -0.703  25.572 0.7777780294
57773  -46.455  -0.483  24.931 0.7777780294
58729  -46.691  0.379  24.511 0.7777780294
58728  -45.824  -0.170  24.195 0.7777780294
58739  -45.512  0.415  23.530 0.7777780294
58740  -46.192  0.727  23.851 0.7777780294
59680  -45.815  1.013  23.288 0.7777780294
59695  -45.787  1.541  22.642 0.7777780294
59710  -45.372  1.906  21.778 0.7777780294
59709  -44.585  1.577  21.412 0.7777780294
60624  -44.994  2.281  21.035 0.7777780294
115881  -39.603  1.607  18.001 0.3333329856
59733  -40.958  1.379  18.918 0.4444440007
130838  -42.171  1.295  19.687 0.5555559993
59734  -42.499  1.888  19.482 0.7777780294
59735  -43.158  2.136  19.763 0.7777780294
60663  -44.249  3.311  19.866 0.7777780294
60695  -39.097  2.887  17.096 0.4444440007
60685  -41.193  3.003  18.235 0.5555559993
59748  -42.189  2.479  19.053 0.6666669846
60661  -42.785  2.565  19.350 0.7777780294
60662  -43.429  3.090  19.480 0.7777780294
128680  -43.937  3.849  19.408 0.7777780294
120535  -50.484  0.597  26.761 0.3333329856
58721  -51.029  0.794  25.349 0.2222220004
58720  -50.090  1.270  25.933 0.3333329856
58719  -48.819  0.910  26.028 0.4444440007
57764  -47.627  -0.748  26.179 0.8888890147
58730  -47.489  0.870  24.865 0.6666669846
58718  -47.891  0.575  25.575 0.5555559993
59669  -46.999  1.142  24.096 0.6666669846
59682  -47.337  1.930  23.567 0.5555559993
59681  -46.441  1.402  23.385 0.8888890147
59696  -46.633  2.048  22.803 0.6666669846
60626  -46.500  3.027  21.610 0.6666669846
60625  -45.743  2.640  21.372 0.7777780294
60645  -45.386  3.067  20.710 0.7777780294
114065  -45.780  3.899  20.354 0.7777780294
61582  -44.616  4.089  19.572 0.7777780294
61604  -40.355  3.535  17.482 0.4444440007
122647  -40.927  3.542  17.793 0.5555559993
60675  -41.928  3.176  18.577 0.7777780294
60676  -42.656  3.274  19.002 0.7777780294
61614  -40.986  4.358  17.306 0.5555559993
61605  -41.625  3.988  18.033 0.5555559993
61595  -42.439  4.000  18.478 0.7777780294
61596  -43.284  4.098  18.937 0.7777780294
59661  -50.515  1.630  25.406 0.3333329856
59660  -49.282  1.611  25.494 0.4444440007
59672  -49.751  2.172  25.083 0.3333329856
59659  -48.342  1.286  25.253 0.4444440007
59670  -47.879  1.576  24.456 0.5555559993
59683  -48.331  2.264  24.047 0.5555559993
60587  -47.959  2.675  23.283 0.5555559993
59697  -47.287  2.468  22.882 0.5555559993
60606  -47.673  3.078  22.542 0.5555559993
61547  -47.350  3.515  21.730 0.5555559993
60605  -46.915  2.722  22.274 0.5555559993
61565  -47.448  4.230  20.874 0.5555559993
130362  -46.126  3.392  20.973 0.7777780294
127177  -46.795  3.683  21.167 0.6666669846
61564  -46.574  4.128  20.560 0.5555559993
62399  -47.094  4.625  20.000 0.6666669846
61584  -46.231  4.542  19.847 0.7777780294
62416  -44.990  4.661  19.095 0.7777780294
61583  -45.406  4.351  19.715 0.7777780294
62461  -41.546  5.105  16.516 0.2222220004
62447  -42.719  4.887  17.471 0.7777780294
62434  -43.746  4.736  18.370 0.7777780294
62435  -44.594  4.834  18.393 0.7777780294
123335  -40.262  5.287  15.805 0.2222220004
62446  -41.903  4.797  17.372 0.6666669846
62433  -42.946  4.601  18.218 0.7777780294
62517  -45.591  4.757  13.920 0.7777780294
62518  -46.422  5.030  13.879 0.7777780294
111491  -46.524  5.425  13.250 0.7777780294
59673  -50.805  1.979  24.926 0.3333329856
59684  -51.669  2.009  23.917 0.4444440007
60575  -50.173  2.695  24.665 0.3333329856
59671  -48.789  1.965  24.872 0.4444440007
60589  -49.683  3.217  24.108 0.4444440007
60588  -48.795  2.971  23.729 0.4444440007
60607  -48.445  3.346  22.942 0.4444440007
61528  -49.747  4.158  22.957 0.4444440007
61549  -49.489  4.394  22.115 0.4444440007
122083  -48.933  3.946  22.559 0.4444440007
62383  -50.275  4.736  21.643 0.4444440007
61527  -48.160  3.721  22.166 0.4444440007
61548  -48.677  4.224  21.749 0.5555559993
62382  -49.257  4.545  21.211 0.4444440007
62402  -49.893  4.771  20.537 0.4444440007
61566  -48.370  4.423  20.956 0.5555559993
62401  -48.938  4.627  20.289 0.5555559993
62400  -48.014  4.615  20.130 0.5555559993
62422  -50.451  4.965  19.793 0.4444440007
62418  -46.729  4.787  19.207 0.7777780294
62417  -45.847  4.773  19.146 0.7777780294
123137  -41.109  5.252  15.672 0.3333329856
62462  -42.593  5.063  16.444 0.4444440007
62464  -44.661  4.785  16.705 0.7777780294
62465  -45.601  4.637  16.684 0.7777780294
62496  -40.698  5.097  13.751 0.2222220004
62479  -41.567  4.983  14.489 0.2222220004
62480  -43.025  4.749  15.325 0.6666669846
114481  -43.559  4.820  15.961 0.7777780294
111928  -45.220  4.553  15.979 0.7777780294
62483  -45.233  4.513  15.262 0.7777780294
62519  -47.120  4.964  14.493 0.7777780294
62513  -41.648  4.664  13.200 0.2222220004
63371  -47.226  5.451  13.683 0.7777780294
65180  -46.314  7.614  10.530 0.6666669846
60591  -51.468  2.976  24.033 0.4444440007
60590  -50.597  3.252  24.240 0.4444440007
61512  -51.051  3.814  23.793 0.4444440007
61511  -50.154  3.825  23.714 0.4444440007
61529  -50.593  4.280  23.192 0.4444440007
62370  -50.192  4.490  22.515 0.4444440007
62403  -50.960  5.046  20.779 0.4444440007
62423  -51.219  5.208  19.951 0.4444440007
62440  -50.177  4.835  18.835 0.5555559993
62441  -50.983  5.150  19.150 0.4444440007
62420  -48.634  4.632  19.342 0.7777780294
62421  -49.564  4.715  19.548 0.4444440007
62437  -46.358  4.804  18.405 0.7777780294
62419  -47.666  4.705  19.256 0.7777780294
62436  -45.462  4.858  18.399 0.7777780294
62438  -47.284  4.674  18.392 0.7777780294
62452  -47.698  4.520  17.605 0.7777780294
116117  -45.990  4.751  17.555 0.7777780294
62451  -46.902  4.612  17.553 0.7777780294
129190  -47.502  4.518  16.712 0.7777780294
62453  -48.376  4.526  17.201 0.7777780294
62467  -48.342  4.686  16.286 0.7777780294
62450  -45.087  4.860  17.571 0.7777780294
62466  -46.523  4.557  16.674 0.7777780294
113293  -46.941  4.513  16.010 0.7777780294
113595  -47.601  4.650  15.793 0.7777780294
63346  -49.027  5.073  15.913 0.7777780294
62484  -46.063  4.518  15.682 0.7777780294
62485  -46.923  4.621  15.292 0.7777780294
62502  -47.562  4.854  15.122 0.7777780294
64288  -49.478  6.685  13.474 0.7777780294
64298  -48.916  6.869  12.895 0.7777780294
64297  -48.244  6.686  12.711 0.7777780294
64311  -47.898  7.119  12.115 0.7777780294
64310  -47.114  6.874  11.847 0.7777780294
65163  -47.523  7.522  11.485 0.7777780294
65162  -46.707  7.248  11.206 0.6666669846
65181  -47.122  7.927  10.851 0.5555559993
65191  -45.946  8.007  9.861 0.4444440007
62372  -51.867  4.681  22.525 0.4444440007
115617  -51.807  5.148  21.244 0.4444440007
62385  -52.205  4.967  21.846 0.4444440007
63299  -52.736  5.418  20.277 0.4444440007
62404  -51.878  5.280  20.509 0.4444440007
131950  -51.487  5.390  18.679 0.4444440007
62439  -49.305  4.621  18.563 0.6666669846
62455  -50.782  5.132  18.277 0.5555559993
116118  -48.314  4.540  18.276 0.7777780294
62454  -49.125  4.596  17.642 0.7777780294
113596  -49.944  4.821  17.840 0.5555559993
133706  -49.546  4.776  17.308 0.7777780294
62469  -49.941  5.004  17.020 0.5555559993
119513  -50.546  5.400  16.579 0.6666669846
62468  -49.174  4.769  16.792 0.7777780294
63339  -49.773  5.216  16.263 0.7777780294
64289  -50.316  6.817  13.840 0.7777780294
65141  -50.097  7.191  13.271 0.7777780294
65152  -49.520  7.405  12.694 0.7777780294
65151  -48.674  7.300  12.357 0.7777780294
65165  -49.126  7.950  11.978 0.7777780294
65164  -48.331  7.739  11.720 0.7777780294
66012  -48.733  8.445  11.337 0.7777780294
65182  -47.931  8.194  11.107 0.7777780294
66027  -48.335  8.896  10.686 0.7777780294
66025  -46.758  8.306  10.171 0.5555559993
66026  -47.557  8.589  10.438 0.5555559993
66036  -47.205  8.984  9.744 0.5555559993
66035  -46.420  8.680  9.468 0.4444440007
63310  -52.785  5.647  19.537 0.4444440007
63324  -52.395  5.731  18.668 0.5555559993
63323  -51.911  5.426  19.532 0.4444440007
114810  -51.505  5.500  17.892 0.5555559993
63348  -51.169  5.837  16.104 0.5555559993
63340  -51.386  5.623  16.966 0.5555559993
65166  -49.940  8.189  12.223 0.7777780294
65153  -50.389  7.718  12.814 0.7777780294
66013  -49.531  8.683  11.567 0.7777780294
66028  -49.088  9.225  10.954 0.7777780294
66037  -47.943  9.310  10.026 0.5555559993
66894  -47.662  9.638  9.272 0.4444440007
66045  -46.875  9.360  9.007 0.4444440007
66903  -45.650  9.457  8.136 0.4444440007
66044  -46.073  9.066  8.780 0.4444440007
122064  -53.420  5.888  19.200 0.4444440007
63326  -54.884  5.962  18.868 0.3333329856
64246  -53.625  6.523  17.611 0.5555559993
63333  -52.436  6.012  17.511 0.5555559993
64252  -52.027  6.095  16.465 0.5555559993
64263  -51.785  6.324  15.617 0.6666669846
118888  -52.517  6.483  15.992 0.6666669846
64274  -51.527  6.690  14.735 0.6666669846
132652  -51.579  7.052  14.206 0.6666669846
65154  -51.214  7.867  12.986 0.6666669846
65999  -50.794  8.347  12.380 0.7777780294
66014  -50.365  8.862  11.769 0.7777780294
66884  -48.676  9.652  10.242 0.7777780294
66905  -47.381  9.818  8.362 0.4444440007
64264  -53.327  6.861  16.062 0.6666669846
64275  -52.562  6.866  15.227 0.6666669846
65129  -52.127  7.190  14.366 0.6666669846
65155  -52.047  8.067  13.136 0.6666669846
66000  -51.629  8.447  12.512 0.7777780294
66015  -51.241  8.952  11.937 0.7777780294
66873  -50.801  9.539  11.333 0.7777780294
66885  -49.424  10.012  10.487 0.7777780294
66895  -48.323  9.849  9.592 0.6666669846
66897  -49.763  10.734  10.023 0.7777780294
118288  -48.305  10.146  8.808 0.6666669846
66896  -48.990  10.350  9.607 0.7777780294
64248  -55.792  6.536  17.454 0.3333329856
64247  -54.769  6.723  17.663 0.4444440007
64255  -55.172  7.110  16.990 0.3333329856
64265  -54.423  7.331  16.282 0.5555559993
64276  -53.668  7.379  15.441 0.6666669846
64266  -55.577  7.530  16.359 0.5555559993
65130  -53.047  7.478  14.593 0.6666669846
65145  -53.473  8.041  14.055 0.6666669846
65990  -53.014  8.365  13.200 0.6666669846
66017  -53.053  8.974  12.346 0.6666669846
66875  -52.631  9.503  11.595 0.6666669846
66016  -52.112  8.964  12.061 0.7777780294
66874  -51.728  9.517  11.468 0.7777780294
66888  -52.215  10.120  11.007 0.6666669846
66887  -51.294  10.175  10.898 0.7777780294
66886  -50.312  10.274  10.684 0.7777780294
67842  -51.756  10.846  10.452 0.7777780294
113907  -50.281  10.865  10.226 0.7777780294
66918  -46.615  10.081  7.011 0.4444440007
66912  -47.447  9.917  7.391 0.5555559993
66906  -49.016  10.555  8.772 0.6666669846
134922  -48.175  9.985  7.439 0.5555559993
66913  -48.001  10.070  8.022 0.6666669846
67850  -49.588  10.926  9.167 0.7777780294
122322  -46.803  9.824  7.728 0.4444440007
65125  -56.798  7.572  15.430 0.4444440007
65131  -54.051  7.947  14.872 0.5555559993
65123  -54.856  7.848  15.698 0.5555559993
64277  -57.185  6.707  14.665 0.4444440007
65146  -54.344  8.391  14.372 0.6666669846
65991  -54.032  8.575  13.658 0.6666669846
66002  -54.590  9.140  13.318 0.6666669846
66001  -53.732  8.821  12.958 0.6666669846
66861  -54.063  9.313  12.506 0.6666669846
66876  -53.546  9.612  11.765 0.6666669846
66889  -53.118  10.086  11.095 0.6666669846
67843  -52.688  10.764  10.504 0.7777780294
67841  -50.854  10.897  10.361 0.7777780294
66919  -47.372  9.995  6.482 0.5555559993
66920  -48.062  9.841  6.672 0.5555559993
67851  -50.345  11.248  9.627 0.7777780294
67867  -50.200  10.833  7.615 0.7777780294
67860  -50.180  11.235  8.582 0.7777780294
67852  -51.259  11.485  9.802 0.7777780294
111802  -48.720  10.321  7.962 0.6666669846
67859  -49.511  10.763  8.243 0.6666669846
65133  -56.462  8.362  15.234 0.4444440007
65134  -57.131  7.724  14.693 0.4444440007
65992  -55.155  8.937  14.231 0.6666669846
65978  -56.043  8.838  14.803 0.5555559993
66003  -55.667  9.499  13.707 0.5555559993
66862  -55.108  9.702  12.883 0.6666669846
67829  -55.010  10.508  11.557 0.5555559993
67844  -53.626  10.705  10.635 0.6666669846
129685  -53.189  11.441  9.917 0.7777780294
67853  -52.179  11.520  9.886 0.7777780294
66926  -48.038  9.827  5.825 0.5555559993
111891  -48.723  9.981  6.987 0.5555559993
66914  -49.424  10.327  7.361 0.6666669846
112129  -50.725  11.403  8.064 0.7777780294
67861  -50.894  11.651  8.869 0.7777780294
67830  -56.271  10.952  11.893 0.5555559993
132714  -54.439  10.698  10.885 0.6666669846
114828  -58.247  10.020  11.502 0.3333329856
66030  -58.163  9.058  10.999 0.3333329856
129691  -54.398  11.385  10.204 0.6666669846
111539  -53.735  12.193  9.202 0.6666669846
68796  -51.700  11.982  9.114 0.7777780294
68806  -52.143  12.172  8.512 0.7777780294
68797  -52.597  12.066  9.212 0.7777780294
68807  -52.894  12.330  8.398 0.7777780294
67831  -57.454  11.052  11.823 0.4444440007
67832  -58.101  10.898  11.399 0.3333329856
67845  -56.628  11.476  11.150 0.6666669846
66890  -58.287  10.247  10.825 0.3333329856
68793  -55.706  11.735  10.350 0.6666669846
68798  -54.993  12.101  9.533 0.6666669846
68808  -54.696  12.582  8.712 0.7777780294
67846  -57.628  11.538  10.991 0.4444440007
67847  -58.128  11.385  10.493 0.4444440007
68794  -56.917  12.012  10.457 0.6666669846
68799  -56.145  12.283  9.722 0.6666669846
68809  -55.558  12.541  9.093 0.6666669846
69732  -56.810  13.045  8.256 0.6666669846
69731  -55.683  12.885  8.441 0.6666669846
68795  -57.698  11.961  10.332 0.4444440007
68800  -57.204  12.339  9.741 0.6666669846
69739  -57.069  13.205  7.395 0.6666669846
69733  -57.536  12.784  8.040 0.5555559993
69740  -57.672  12.922  7.231 0.5555559993
68801  -57.886  12.090  9.702 0.4444440007
68811  -57.951  12.218  8.806 0.4444440007
68810  -57.418  12.546  8.908 0.5555559993
64295  -46.685  6.252  12.207 0.7777780294
63382  -46.159  5.640  12.559 0.7777780294
63383  -46.980  5.883  12.889 0.7777780294
64286  -47.782  6.084  13.173 0.7777780294
64296  -47.465  6.490  12.490 0.7777780294
64309  -46.332  6.572  11.543 0.7777780294
63356  -47.879  5.197  14.635 0.7777780294
63372  -48.116  5.654  13.947 0.7777780294
64287  -48.608  6.316  13.371 0.7777780294
62486  -48.289  5.013  15.380 0.7777780294
117657  -48.617  5.461  14.662 0.7777780294
63373  -49.018  5.988  14.057 0.7777780294
64272  -49.823  6.287  14.287 0.7777780294
131241  -48.987  5.331  15.240 0.7777780294
63357  -49.376  5.709  14.774 0.7777780294
63358  -50.134  5.930  15.007 0.7777780294
64273  -50.631  6.477  14.531 0.7777780294
119661  -49.614  5.470  15.489 0.7777780294
64290  -51.074  6.955  14.067 0.6666669846
64262  -50.926  6.159  15.293 0.6666669846
64253  -52.957  6.466  16.730 0.5555559993
112076  -53.381  6.192  18.408 0.5555559993
63334  -54.405  6.356  18.341 0.4444440007
63341  -56.593  5.930  16.859 0.3333329856
44546  -9.049  -15.488  53.175 0.4444440007
47325  -11.995  -11.965  52.818 0.5555559993
45550  -14.934  -13.471  52.953 0.5555559993
47315  -14.044  -12.040  53.045 0.5555559993
115982  -7.710  -14.630  54.815 0.3333329856
46414  -11.807  -12.812  52.471 0.5555559993
47323  -9.511  -11.978  53.167 0.5555559993
48313  -10.451  -10.458  53.215 0.7777780294
110950  -12.756  -10.864  53.176 0.6666669846
46404  -16.590  -11.976  51.800 0.5555559993
111320  -12.718  -10.243  53.169 0.6666669846
47316  -17.005  -11.587  51.777 0.7777780294
110974  -12.710  -9.455  52.860 0.7777780294
47359  -12.782  -11.209  50.126 0.7777780294
46396  -6.529  -12.468  55.178 0.4444440007
46398  -8.179  -12.857  53.855 0.4444440007
113815  -5.830  -12.175  55.029 0.4444440007
46411  -4.020  -12.560  54.011 0.5555559993
47311  -4.567  -11.768  54.138 0.5555559993
48306  -7.507  -10.729  54.276 0.5555559993
47310  -8.212  -11.810  53.808 0.5555559993
47312  -8.713  -11.301  53.246 0.5555559993
47332  -4.205  -11.672  52.903 0.5555559993
49222  -7.734  -9.759  53.354 0.6666669846
131287  -9.062  -10.181  53.159 0.5555559993
48324  -6.485  -10.344  53.516 0.5555559993
48334  -5.840  -10.804  53.134 0.5555559993
49231  -8.556  -9.864  52.370 0.7777780294
48337  -8.017  -10.257  52.123 0.6666669846
51009  -10.330  -8.569  54.134 0.7777780294
114551  -17.076  -11.110  52.030 0.7777780294
48317  -17.064  -10.899  52.311 0.7777780294
46405  -17.981  -12.066  51.694 0.5555559993
48345  -6.783  -10.970  51.807 0.4444440007
48348  -9.308  -10.183  51.301 0.7777780294
49233  -10.486  -9.596  51.941 0.7777780294
125465  -16.229  -10.852  52.572 0.7777780294
111327  -15.342  -10.942  52.487 0.7777780294
48358  -7.468  -11.222  50.507 0.3333329856
114792  -10.098  -10.169  51.044 0.7777780294
48360  -9.714  -10.639  50.339 0.7777780294
109879  -14.344  -11.024  52.247 0.7777780294
47358  -8.817  -11.010  50.067 0.5555559993
47361  -14.531  -12.050  50.804 0.6666669846
113273  -17.727  -10.684  53.936 0.5555559993
48330  -15.922  -10.747  52.474 0.7777780294
47336  -15.903  -12.352  51.917 0.7777780294
47376  -14.163  -12.148  49.933 0.6666669846
115646  -17.468  -10.111  54.088 0.8888890147
48320  -19.069  -10.612  54.278 0.4444440007
119699  -19.268  -9.784  54.375 0.4444440007
46427  -16.108  -12.681  50.965 0.7777780294
48340  -17.717  -10.934  51.747 0.7777780294
46429  -17.078  -12.439  50.960 0.8888890147
46439  -15.553  -12.809  49.805 0.6666669846
47375  -13.964  -12.271  49.110 0.5555559993
46438  -14.740  -12.634  49.422 0.5555559993
120401  -16.373  -12.822  49.280 0.7777780294
47408  -12.561  -11.670  47.263 0.6666669846
49220  -18.799  -9.140  54.342 0.5555559993
49236  -17.896  -9.371  52.636 0.8888890147
55742  -27.302  -2.543  50.920 0.5555559993
48353  -17.918  -10.555  51.346 0.8888890147
56659  -27.576  -1.896  50.568 0.5555559993
56660  -28.359  -1.602  50.258 0.5555559993
58578  -27.512  0.240  50.261 0.5555559993
56661  -29.315  -1.712  50.175 0.4444440007
46450  -17.281  -12.109  48.295 0.6666669846
126269  -27.041  -1.113  45.437 1.0000000000
124615  -27.656  -0.779  47.113 0.8888890147
110244  -28.301  -0.477  46.749 0.7777780294
125964  -28.121  -0.727  47.626 0.7777780294
58604  -34.368  0.882  46.944 0.3333329856
122850  -35.469  0.760  46.291 0.2222220004
125398  -32.373  3.004  47.139 0.5555559993
126353  -32.082  1.319  45.574 0.4444440007
110341  -29.283  0.316  45.122 0.7777780294
125954  -29.577  -0.180  43.391 0.8888890147
51017  -18.995  -7.546  54.335 0.7777780294
131274  -25.997  -2.849  51.396 0.5555559993
56648  -26.429  -1.319  51.099 0.5555559993
110881  -26.691  0.142  50.132 0.7777780294
110512  -25.959  -0.097  49.825 0.7777780294
112287  -26.745  -0.827  48.733 0.7777780294
110775  -27.450  0.785  50.170 0.6666669846
115485  -33.704  3.507  46.837 0.5555559993
124648  -26.607  -1.191  46.280 1.0000000000
125042  -33.428  2.557  45.419 0.5555559993
46462  -16.990  -12.330  47.729 0.6666669846
124588  -28.902  -0.080  44.284 0.8888890147
112490  -16.252  -12.672  46.743 0.6666669846
127299  -16.096  -12.674  45.911 0.6666669846
46480  -14.477  -12.559  45.360 0.5555559993
46482  -16.491  -12.277  45.347 0.6666669846
51016  -18.064  -7.350  54.235 0.7777780294
51029  -17.634  -7.344  53.190 0.7777780294
51946  -17.670  -6.579  52.416 0.7777780294
121444  -24.804  -1.554  51.334 0.6666669846
57623  -25.418  -0.927  51.269 0.5555559993
110988  -25.699  -1.575  47.950 0.8888890147
110845  -25.461  -0.837  49.659 0.8888890147
126270  -26.150  -1.356  47.104 1.0000000000
110570  -33.981  1.864  44.153 0.6666669846
47423  -16.964  -11.582  45.623 0.6666669846
120294  -17.208  -9.898  47.068 0.7777780294
126788  -31.675  -0.132  42.083 0.8888890147
46499  -15.676  -12.369  43.983 0.4444440007
47467  -16.027  -11.368  42.890 0.5555559993
48435  -16.629  -10.731  43.325 0.6666669846
53895  -24.352  -4.589  51.542 0.2222220004
55738  -23.536  -2.349  51.285 0.5555559993
52971  -17.705  -5.811  52.736 0.7777780294
56668  -23.585  -1.630  50.274 0.8888890147
56669  -24.884  -0.936  50.051 0.6666669846
116781  -17.232  -7.857  49.975 0.7777780294
51061  -17.310  -7.016  49.908 0.7777780294
132110  -24.685  -1.934  48.661 0.8888890147
125024  -34.669  2.449  44.068 0.6666669846
123000  -17.107  -8.546  48.229 0.8888890147
51071  -17.611  -7.132  48.309 0.7777780294
109904  -25.140  -2.080  46.302 1.0000000000
126086  -25.551  -2.002  45.596 1.0000000000
50173  -17.234  -8.551  47.305 0.8888890147
50182  -17.474  -8.600  46.471 0.7777780294
51083  -17.939  -7.320  47.381 0.7777780294
49312  -17.487  -9.223  45.018 0.7777780294
48424  -17.220  -9.948  44.607 0.7777780294
49335  -17.318  -9.187  42.494 0.6666669846
48444  -15.716  -11.041  42.101 0.4444440007
48458  -16.110  -10.238  41.733 0.4444440007
53883  -21.821  -4.970  52.380 0.2222220004
117903  -22.274  -4.055  52.265 0.6666669846
56638  -20.874  -2.137  52.128 0.6666669846
55737  -22.708  -2.573  51.391 0.6666669846
56645  -23.074  -1.762  51.167 0.7777780294
52980  -18.097  -5.354  51.311 0.7777780294
55746  -22.316  -1.783  50.855 0.8888890147
125562  -35.312  4.914  44.106 0.4444440007
126456  -36.671  6.025  43.887 0.3333329856
52991  -18.219  -5.492  50.418 0.7777780294
130492  -22.860  -2.953  47.990 1.0000000000
53001  -18.418  -5.587  49.593 0.7777780294
109950  -35.231  2.186  43.332 0.6666669846
54887  -24.004  -3.011  45.981 1.0000000000
125071  -24.852  -2.488  45.656 1.0000000000
126794  -32.886  0.670  41.914 0.8888890147
125905  -33.864  1.132  41.450 0.8888890147
126298  -36.203  3.195  43.229 0.6666669846
124649  -25.762  -2.400  44.277 1.0000000000
126750  -34.296  0.969  40.767 0.8888890147
126319  -31.014  -2.506  41.049 0.8888890147
124532  -32.511  -1.889  40.585 0.8888890147
126746  -33.646  -0.297  40.520 0.8888890147
51104  -19.095  -7.790  45.471 0.8888890147
124574  -25.243  -3.139  43.413 0.8888890147
126830  -28.448  -3.631  40.218 1.0000000000
50204  -19.117  -8.344  43.955 0.7777780294
51117  -19.057  -8.122  44.781 0.8888890147
50227  -19.230  -8.418  43.040 0.6666669846
121091  -19.341  -8.332  42.108 0.5555559993
54829  -18.837  -4.027  52.480 0.7777780294
54840  -20.724  -2.377  51.329 0.7777780294
55755  -22.135  -2.723  50.021 1.0000000000
53893  -19.037  -4.164  51.470 0.7777780294
53920  -19.477  -4.520  49.671 0.7777780294
53919  -18.797  -4.936  50.014 0.7777780294
54875  -21.767  -3.676  47.871 1.0000000000
53931  -19.748  -4.675  48.851 0.7777780294
126325  -37.373  3.180  42.049 0.5555559993
53018  -19.631  -5.701  47.753 0.7777780294
124689  -36.698  2.727  42.408 0.6666669846
124542  -37.110  2.594  41.648 0.6666669846
126326  -38.003  5.179  41.778 0.4444440007
130102  -20.249  -5.490  47.361 0.8888890147
126365  -35.969  2.317  40.266 0.8888890147
129719  -23.952  -4.073  44.054 0.8888890147
125890  -30.463  -3.940  39.996 1.0000000000
125210  -32.561  -3.345  39.523 0.8888890147
124489  -35.288  1.630  40.122 0.8888890147
126058  -25.459  -3.211  42.622 0.8888890147
125960  -26.805  -3.262  40.641 0.8888890147
124759  -31.446  -4.569  38.721 0.8888890147
126318  -33.396  -3.316  37.396 0.7777780294
110259  -34.073  -1.900  36.207 0.8888890147
125777  -34.893  -1.275  37.637 0.8888890147
52034  -21.640  -6.604  44.314 1.0000000000
52035  -22.201  -6.145  43.976 0.8888890147
126425  -25.974  -3.279  40.817 0.8888890147
126005  -29.662  -4.252  39.529 0.7777780294
124685  -32.919  -3.861  37.252 0.8888890147
124758  -33.951  -2.237  35.578 0.8888890147
124613  -33.015  -1.074  35.868 0.8888890147
125963  -29.451  -4.547  38.793 0.7777780294
124535  -26.948  -3.803  38.484 0.8888890147
126359  -27.838  -4.429  37.639 0.7777780294
130515  -33.042  -3.650  35.861 0.7777780294
124610  -32.115  -0.993  36.004 1.0000000000
126628  -32.992  -0.893  35.740 0.7777780294
126878  -33.446  -2.690  33.969 0.7777780294
125105  -32.801  -1.205  34.830 0.7777780294
126362  -26.085  -3.905  37.136 0.7777780294
110221  -26.741  -4.470  36.331 0.7777780294
110336  -32.896  -1.508  33.350 0.6666669846
126463  -24.320  -3.912  35.200 0.5555559993
125836  -27.699  -5.202  35.231 0.6666669846
126007  -32.057  -2.619  32.034 0.6666669846
124459  -30.387  -5.317  32.501 0.4444440007
110305  -30.371  -5.154  30.677 0.4444440007
126704  -30.449  -3.149  31.162 0.5555559993
53956  -22.432  -4.279  46.302 1.0000000000
125301  -39.607  6.344  40.884 0.4444440007
53036  -22.383  -5.285  45.091 1.0000000000
126241  -39.205  3.635  40.644 0.4444440007
53045  -22.601  -5.539  44.291 0.8888890147
126323  -23.738  -4.665  42.582 0.8888890147
52061  -21.819  -6.844  42.229 0.6666669846
52056  -22.352  -6.268  42.736 0.7777780294
51152  -21.332  -7.310  41.599 0.6666669846
109888  -23.428  -4.493  38.423 0.7777780294
109933  -23.740  -3.947  37.311 0.6666669846
110428  -25.086  -4.320  34.824 0.5555559993
124544  -25.471  -5.148  33.071 0.5555559993
124543  -25.370  -5.455  30.699 0.1111110002
125379  -27.959  -6.053  30.593 0.2222220004
126035  -26.048  -5.289  29.300 0.1111110002
126676  -28.778  -3.199  29.513 0.3333329856
126243  -39.562  5.797  40.581 0.4444440007
124636  -39.747  4.202  40.345 0.4444440007
126027  -39.426  3.179  39.267 0.8888890147
110429  -22.927  -5.656  41.636 0.7777780294
126117  -23.420  -5.114  41.866 0.7777780294
124536  -23.092  -5.332  40.336 0.7777780294
126422  -23.581  -4.834  40.415 0.7777780294
125184  -22.947  -4.940  38.401 0.7777780294
110569  -22.636  -5.400  38.771 0.7777780294
134535  -19.711  -7.732  39.101 0.3333329856
109923  -22.785  -4.741  37.211 0.6666669846
126469  -22.930  -4.190  35.681 0.6666669846
52074  -21.672  -6.382  38.915 0.5555559993
124869  -22.009  -4.605  34.856 0.5555559993
110263  -22.553  -4.186  34.437 0.4444440007
132053  -22.905  -3.946  33.167 0.3333329856
125925  -23.470  -4.118  30.333 0.1111110002
126561  -23.653  -3.512  29.309 0.1111110002
64086  -41.797  6.268  40.985 0.1111110002
118757  -41.179  7.451  41.213 0.2222220004
64098  -43.118  6.093  39.916 0.2222220004
63179  -43.405  5.399  39.571 0.1111110002
64955  -41.178  7.613  41.114 0.3333329856
64961  -42.308  7.742  40.128 0.2222220004
125023  -39.948  6.959  39.935 0.6666669846
126025  -40.307  4.788  39.990 0.5555559993
64962  -42.825  7.431  39.884 0.2222220004
126242  -40.978  3.848  39.165 0.8888890147
125778  -35.963  0.376  36.003 0.8888890147
125908  -37.583  2.328  36.029 1.0000000000
126033  -21.829  -4.608  34.182 0.5555559993
64120  -44.801  6.370  38.450 0.1111110002
62257  -45.536  4.767  37.593 0.1111110002
124604  -40.848  6.472  39.348 0.5555559993
64980  -44.466  7.007  38.491 0.2222220004
64121  -45.281  6.295  37.883 0.2222220004
64124  -45.747  6.176  37.404 0.1111110002
62258  -46.148  4.628  37.129 0.1111110002
124766  -42.864  7.929  39.628 0.2222220004
128573  -39.545  3.335  36.997 0.8888890147
126138  -41.781  2.793  37.673 0.8888890147
65812  -45.394  8.146  37.429 0.2222220004
114893  -44.971  7.720  38.143 0.2222220004
126189  -42.825  8.600  39.121 0.3333329856
123298  -44.330  8.350  38.358 0.2222220004
125041  -42.647  4.295  37.971 0.6666669846
126747  -38.325  2.351  35.487 1.0000000000
124434  -37.774  1.895  34.706 1.0000000000
65813  -46.018  8.534  36.954 0.2222220004
110026  -44.480  9.863  38.068 0.2222220004
126072  -42.887  8.359  37.403 0.6666669846
130737  -42.727  2.054  35.530 1.0000000000
126655  -36.146  1.015  33.670 1.0000000000
67603  -47.796  10.507  34.297 0.3333329856
126482  -44.249  6.322  36.682 0.7777780294
124912  -42.957  2.004  35.042 1.0000000000
110929  -44.815  4.867  35.152 1.0000000000
126098  -35.795  0.740  31.154 1.0000000000
126095  -38.319  -0.081  31.144 1.0000000000
66666  -49.475  9.354  32.643 0.1111110002
125663  -42.989  3.574  33.243 1.0000000000
124486  -34.982  0.621  28.109 0.4444440007
126100  -35.701  0.526  28.270 0.2222220004
65840  -49.805  8.715  32.351 0.1111110002
125998  -47.352  11.203  34.122 0.4444440007
126000  -47.703  12.885  32.958 0.4444440007
125292  -46.126  9.446  34.123 0.7777780294
125218  -45.591  7.828  34.343 0.7777780294
125293  -47.581  8.632  32.865 0.7777780294
110616  -45.603  6.830  34.660 0.8888890147
110022  -46.364  7.594  33.643 0.8888890147
126451  -45.532  6.005  35.068 1.0000000000
126418  -42.750  1.805  32.104 1.0000000000
126194  -44.203  5.361  33.689 0.8888890147
125671  -44.392  5.110  33.631 1.0000000000
125975  -41.386  2.368  30.831 1.0000000000
125688  -43.031  2.863  31.892 1.0000000000
124423  -37.473  2.004  29.108 0.5555559993
125920  -39.900  1.606  29.663 0.8888890147
131996  -43.346  1.694  34.715 0.8888890147
126162  -41.787  1.748  29.481 0.8888890147
130190  -38.008  0.882  30.307 0.6666669846
125854  -42.238  0.005  29.363 0.7777780294
69549  -50.582  12.109  31.485 0.2222220004
71303  -50.192  13.662  31.941 0.2222220004
65856  -48.756  8.671  29.714 0.5555559993
124876  -47.225  4.691  33.439 0.8888890147
63222  -48.475  5.397  31.616 0.7777780294
62294  -48.215  4.707  32.287 0.8888890147
125382  -46.489  2.575  34.331 0.8888890147
110412  -45.256  1.999  35.160 0.7777780294
58675  -47.391  1.233  32.929 0.7777780294
124501  -41.359  -0.226  29.154 0.7777780294
109946  -38.515  -1.580  30.103 0.6666669846
110754  -50.612  13.903  31.205 0.3333329856
126293  -47.963  13.721  31.995 0.3333329856
125996  -48.145  11.748  31.406 0.4444440007
120526  -49.502  9.923  29.427 0.3333329856
66686  -49.066  9.342  29.595 0.3333329856
67675  -50.636  10.938  28.810 0.3333329856
62319  -49.804  4.985  29.526 0.6666669846
63241  -50.115  5.711  28.964 0.4444440007
64180  -50.813  6.740  28.250 0.3333329856
61426  -49.103  3.114  31.479 0.7777780294
62320  -50.539  4.807  28.846 0.3333329856
126490  -40.802  -2.157  29.601 0.7777780294
126152  -41.033  -2.034  29.558 0.6666669846
57736  -42.704  -0.859  29.552 0.7777780294
67649  -51.522  10.111  30.438 0.2222220004
129152  -50.965  13.619  29.422 0.3333329856
69588  -51.546  12.516  29.203 0.3333329856
67676  -51.498  11.036  28.347 0.3333329856
65889  -53.255  9.047  26.452 0.3333329856
64181  -51.468  7.059  27.700 0.3333329856
64186  -51.924  6.296  27.452 0.3333329856
64187  -52.557  6.210  26.851 0.3333329856
60515  -50.066  2.564  30.028 0.6666669846
62310  -50.308  4.065  29.310 0.4444440007
123562  -51.366  3.715  28.104 0.3333329856
59637  -50.105  1.737  30.313 0.7777780294
60516  -50.488  2.676  29.405 0.6666669846
61445  -50.615  3.214  28.983 0.6666669846
57721  -47.380  -0.981  32.051 0.7777780294
56762  -46.175  -1.001  30.039 0.7777780294
56772  -44.705  -0.708  29.013 0.7777780294
56784  -43.900  -0.487  28.545 0.7777780294
56805  -44.106  -1.838  26.609 0.7777780294
56803  -42.789  -0.993  26.652 0.7777780294
56816  -42.446  -1.167  25.911 0.7777780294
56829  -41.533  -1.378  24.668 0.5555559993
118022  -41.227  -1.498  23.923 0.5555559993
56817  -43.170  -1.680  25.527 0.7777780294
56885  -40.860  -1.266  22.239 0.5555559993
57827  -38.767  -0.937  20.213 0.2222220004
57813  -41.444  -0.820  21.809 0.5555559993
134628  -52.885  7.668  26.483 0.3333329856
64196  -54.487  5.821  25.501 0.2222220004
123276  -53.882  6.069  25.556 0.2222220004
62344  -52.979  4.574  26.261 0.2222220004
62345  -53.469  4.505  25.601 0.2222220004
62329  -51.712  4.091  27.704 0.3333329856
61498  -53.584  3.678  25.156 0.2222220004
60561  -52.700  3.192  26.231 0.2222220004
60526  -50.789  2.282  28.748 0.6666669846
60550  -52.140  2.691  26.744 0.3333329856
60562  -53.295  2.063  25.155 0.2222220004
113336  -50.687  1.034  29.168 0.6666669846
121645  -51.907  1.794  26.496 0.2222220004
57739  -50.666  -0.516  29.733 0.7777780294
57746  -50.474  -0.369  28.552 0.6666669846
56849  -44.214  -1.381  24.100 0.6666669846
56898  -38.460  -1.228  20.826 0.1111110002
57797  -42.273  -0.688  22.134 0.5555559993
112961  -42.835  -0.805  22.613 0.6666669846
57786  -44.546  -0.595  23.567 0.6666669846
56921  -38.077  -1.131  20.097 0.1111110002
57829  -40.681  -0.316  20.451 0.5555559993
58761  -43.288  0.506  21.547 0.6666669846
59654  -51.704  1.095  26.222 0.2222220004
58762  -44.142  0.918  21.873 0.6666669846
58749  -45.219  0.865  22.930 0.7777780294
129680  -39.540  0.383  18.849 0.4444440007
59719  -43.502  1.652  20.337 0.7777780294
58822  -38.648  0.829  17.970 0.3333329856
58794  -42.765  1.413  20.010 0.5555559993
60643  -43.880  2.457  20.075 0.7777780294
128836  -47.574  -0.120  25.720 0.7777780294
60604  -46.158  2.284  22.071 0.7777780294
116061  -39.367  2.108  17.589 0.3333329856
59757  -40.033  2.136  17.957 0.3333329856
60674  -40.726  2.162  18.342 0.3333329856
128829  -41.480  2.293  18.700 0.5555559993
61603  -39.760  3.460  17.213 0.3333329856
60683  -39.851  2.791  17.541 0.4444440007
61597  -44.156  4.460  19.035 0.7777780294
62460  -40.648  4.929  16.493 0.3333329856
60574  -49.236  2.579  24.466 0.4444440007
117658  -47.985  4.079  21.499 0.5555559993
62448  -43.461  4.923  17.657 0.7777780294
62449  -44.236  4.947  17.642 0.7777780294
63370  -45.835  5.136  13.222 0.7777780294
62501  -46.184  4.649  14.693 0.7777780294
63381  -45.447  5.267  12.589 0.7777780294
59674  -51.386  1.565  24.321 0.3333329856
60576  -51.089  2.475  24.483 0.4444440007
61510  -49.272  3.608  23.363 0.4444440007
62384  -51.340  4.988  21.798 0.4444440007
113687  -42.067  5.055  15.525 0.3333329856
131238  -43.937  4.977  17.068 0.7777780294
130820  -44.001  4.839  16.439 0.7777780294
62497  -42.552  4.681  14.552 0.4444440007
62481  -43.817  4.577  15.186 0.7777780294
64328  -45.915  6.909  10.865 0.6666669846
62371  -50.950  4.663  22.534 0.4444440007
63311  -53.542  5.495  19.929 0.4444440007
63332  -50.674  5.223  17.409 0.5555559993
65143  -51.616  7.435  13.707 0.6666669846
63312  -54.331  5.603  19.459 0.4444440007
63335  -55.318  6.242  18.180 0.3333329856
66029  -49.900  9.463  11.172 0.7777780294
64254  -54.032  6.897  16.912 0.5555559993
65144  -52.539  7.728  13.817 0.6666669846
132376  -52.363  8.544  12.629 0.6666669846
65124  -56.004  8.029  15.803 0.5555559993
65132  -55.264  8.413  15.058 0.5555559993
66877  -54.536  9.898  12.029 0.6666669846
67828  -54.012  10.191  11.285 0.6666669846
111705  -48.739  9.641  6.126 0.5555559993
65993  -56.295  9.229  14.329 0.5555559993
66878  -55.700  10.357  12.463 0.6666669846
124395  -55.379  11.075  10.966 0.5555559993
69727  -56.504  12.688  9.042 0.6666669846
44558  -3.903  -14.145  53.265 0.2222220004
45544  -3.582  -13.239  53.380 0.3333329856
46410  -3.641  -12.357  53.098 0.4444440007
134058  -3.704  -11.950  52.486 0.4444440007
46421  -3.169  -13.033  52.539 0.3333329856
46425  -2.522  -12.848  51.648 0.3333329856
46426  -3.220  -12.231  52.081 0.3333329856
46424  -2.085  -12.420  51.136 0.2222220004
47340  -2.586  -12.043  51.219 0.3333329856
47343  -4.932  -11.540  51.301 0.3333329856
47342  -3.937  -11.688  51.710 0.4444440007
119340  -4.293  -11.527  50.678 0.1111110002
47339  -2.057  -11.675  50.810 0.3333329856
47341  -3.011  -11.636  51.248 0.2222220004
47352  -3.498  -11.378  50.643 0.2222220004
46431  -1.769  -12.402  50.621 0.2222220004
47354  -4.979  -11.632  50.274 0.1111110002
47353  -4.285  -11.379  49.837 0.1111110002
119713  -2.406  -11.036  50.631 0.2222220004
47351  -1.819  -11.445  50.316 0.2222220004
47355  -5.924  -11.677  50.086 0.1111110002
47367  -5.075  -11.554  49.315 0.1111110002
47366  -4.473  -11.248  49.174 0.2222220004
48344  -2.766  -10.862  50.687 0.2222220004
47365  -4.000  -11.038  49.704 0.1111110002
47345  -6.784  -11.341  50.798 0.3333329856
47356  -6.881  -11.562  49.986 0.1111110002
114030  -6.162  -11.720  49.290 0.1111110002
131753  -7.035  -11.660  49.342 0.3333329856
112808  -5.720  -11.550  48.606 0.1111110002
48357  -3.319  -10.749  50.248 0.2222220004
47385  -4.949  -11.254  48.614 0.1111110002
48378  -4.547  -10.738  48.894 0.1111110002
47357  -7.808  -11.375  49.824 0.4444440007
47387  -6.345  -11.533  47.969 0.1111110002
47388  -7.220  -11.661  48.045 0.2222220004
48379  -5.139  -10.720  48.115 0.1111110002
47386  -5.595  -11.264  47.974 0.1111110002
47403  -6.892  -11.485  47.325 0.1111110002
47369  -7.584  -11.635  48.885 0.3333329856
47389  -8.235  -11.570  48.272 0.3333329856
48386  -5.693  -10.740  47.429 0.1111110002
47402  -6.188  -11.239  47.331 0.1111110002
47404  -7.807  -11.565  47.374 0.1111110002
47405  -9.028  -11.413  47.512 0.3333329856
47415  -6.655  -11.174  46.794 0.1111110002
47416  -7.326  -11.327  46.636 0.1111110002
47417  -8.244  -11.385  46.610 0.1111110002
123314  -9.041  -11.286  46.583 0.1111110002
47418  -9.678  -11.238  46.922 0.2222220004
47406  -10.096  -11.223  47.561 0.4444440007
112521  -10.891  -11.237  47.547 0.5555559993
48397  -9.680  -11.023  46.103 0.1111110002
48396  -8.630  -11.068  45.898 0.1111110002
48410  -9.107  -10.650  45.236 0.1111110002
47407  -11.694  -11.371  47.311 0.5555559993
131987  -11.108  -11.259  47.049 0.5555559993
47421  -12.290  -11.492  46.417 0.3333329856
47419  -10.501  -11.167  46.821 0.2222220004
47420  -11.335  -11.199  46.465 0.3333329856
112445  -11.809  -11.221  45.852 0.3333329856
47432  -10.641  -10.942  45.956 0.2222220004
47433  -11.301  -10.996  45.733 0.2222220004
111473  -10.914  -10.740  45.191 0.2222220004
48411  -11.763  -10.981  45.113 0.2222220004
48420  -10.447  -10.347  44.606 0.1111110002
48421  -11.273  -10.547  44.461 0.1111110002
47422  -13.183  -11.945  46.695 0.3333329856
46468  -14.621  -12.711  46.265 0.4444440007
111295  -13.009  -11.593  44.959 0.3333329856
46467  -13.813  -12.348  46.030 0.3333329856
47442  -12.855  -11.353  44.217 0.3333329856
46479  -13.692  -12.102  45.143 0.3333329856
48422  -12.128  -10.826  44.182 0.2222220004
46488  -14.340  -12.322  44.455 0.4444440007
47443  -13.555  -11.822  44.308 0.3333329856
47455  -14.740  -11.970  43.022 0.3333329856
47464  -13.963  -11.593  42.687 0.2222220004
47465  -14.654  -11.629  42.360 0.3333329856
48455  -13.777  -10.877  41.350 0.2222220004
48457  -15.399  -10.729  41.349 0.3333329856
48467  -15.015  -10.417  40.475 0.3333329856
48468  -15.847  -10.018  40.985 0.3333329856
49346  -16.515  -9.538  41.342 0.3333329856
49359  -16.937  -8.975  40.762 0.3333329856
125818  -35.134  -0.958  35.667 0.7777780294
48477  -15.155  -9.895  39.826 0.3333329856
49357  -15.734  -9.768  40.272 0.3333329856
122579  -16.346  -9.239  40.094 0.3333329856
126661  -32.632  0.273  35.344 0.6666669846
126619  -33.482  -0.532  35.460 0.6666669846
125780  -33.136  -0.338  34.927 0.6666669846
109951  -32.482  -0.009  35.040 0.6666669846
126648  -36.760  1.533  35.432 0.8888890147
50250  -17.844  -8.648  41.108 0.3333329856
125763  -34.280  -1.735  35.217 0.6666669846
126622  -35.636  -0.039  35.236 0.7777780294
125815  -33.925  -0.667  34.818 0.6666669846
126625  -34.039  -1.476  34.853 0.7777780294
124450  -35.276  -0.436  34.522 0.8888890147
126105  -34.683  -1.685  34.186 0.7777780294
124700  -31.698  -0.698  34.716 0.6666669846
126347  -32.040  -0.303  34.047 0.6666669846
126646  -33.533  -0.623  34.501 0.7777780294
126104  -33.364  -0.777  33.731 0.7777780294
126624  -33.564  -1.325  33.191 0.7777780294
125166  -31.472  -0.770  33.840 0.6666669846
110331  -31.931  -0.737  33.122 0.6666669846
126651  -32.589  -1.271  33.017 0.7777780294
125764  -33.238  -2.017  32.981 0.7777780294
125231  -31.428  -1.155  32.977 0.6666669846
110342  -32.138  -0.596  33.031 0.6666669846
110485  -32.308  -0.299  32.441 0.7777780294
125816  -34.217  -1.696  32.990 0.7777780294
109966  -30.888  -1.490  32.315 0.6666669846
125233  -31.719  -0.921  32.660 0.6666669846
124699  -31.996  -0.871  32.236 0.6666669846
110312  -32.331  -0.634  32.289 0.7777780294
126534  -32.458  -1.003  32.464 0.7777780294
126441  -30.365  -1.442  32.155 0.5555559993
125168  -30.852  -1.515  32.114 0.6666669846
125167  -31.971  -1.929  31.598 0.6666669846
124978  -32.190  -0.899  31.767 0.5555559993
110542  -31.080  -1.183  31.799 0.6666669846
124801  -30.765  -1.515  31.201 0.5555559993
110384  -31.080  -1.550  31.035 0.5555559993
126705  -30.770  -1.613  32.052 0.6666669846
125803  -30.050  -2.112  31.044 0.5555559993
126702  -30.090  -2.267  30.570 0.5555559993
126647  -34.336  -1.684  33.715 0.7777780294
126620  -34.967  -0.697  33.827 0.7777780294
125779  -34.766  -0.722  33.042 0.8888890147
126650  -34.084  -1.664  32.339 0.7777780294
125288  -33.233  -1.222  31.870 0.7777780294
126631  -33.474  -2.536  32.524 0.7777780294
130161  -32.208  -2.303  31.573 0.7777780294
125696  -32.981  -2.981  31.666 0.5555559993
109967  -32.071  -3.087  31.194 0.4444440007
126696  -29.805  -2.101  31.018 0.5555559993
124458  -30.595  -1.904  30.418 0.4444440007
126204  -29.071  -2.296  30.771 0.4444440007
125835  -30.146  -1.916  30.855 0.4444440007
124799  -31.320  -2.658  30.549 0.4444440007
127246  -28.885  -2.231  30.483 0.3333329856
126202  -29.244  -2.263  29.861 0.4444440007
124448  -29.615  -2.466  29.830 0.4444440007
126438  -30.217  -2.771  29.959 0.4444440007
126698  -30.416  -3.586  29.809 0.4444440007
125817  -35.981  0.957  32.821 0.8888890147
51191  -19.975  -7.239  37.369 0.3333329856
52080  -20.745  -6.762  37.698 0.3333329856
110020  -33.487  -2.335  31.894 0.7777780294
126107  -34.036  -1.448  31.775 0.7777780294
125621  -20.405  -6.820  36.966 0.3333329856
110853  -20.949  -6.402  36.964 0.3333329856
128063  -20.590  -6.183  35.423 0.3333329856
111300  -21.174  -5.952  36.316 0.3333329856
111141  -33.477  -1.807  30.657 0.7777780294
111052  -32.925  -2.495  30.288 0.4444440007
133552  -31.496  -3.398  30.334 0.4444440007
111029  -32.301  -3.112  29.673 0.4444440007
124623  -31.453  -3.610  28.959 0.2222220004
124567  -34.844  0.016  31.338 0.7777780294
126808  -34.861  0.307  30.481 0.7777780294
110401  -21.320  -5.529  35.515 0.3333329856
126673  -34.109  -0.632  30.615 0.7777780294
124545  -20.920  -5.640  34.666 0.3333329856
109968  -32.110  -2.707  28.318 0.2222220004
111066  -22.279  -5.325  37.443 0.4444440007
128419  -21.532  -5.089  34.793 0.3333329856
125883  -33.611  -0.628  29.152 0.3333329856
109948  -32.954  -1.335  28.545 0.2222220004
126099  -33.693  0.104  27.932 0.2222220004
111042  -33.192  -0.113  27.254 0.2222220004
126810  -33.990  0.068  25.282 0.1111110002
126814  -35.036  0.263  26.854 0.1111110002
56828  -40.763  -1.148  24.535 0.4444440007
126023  -35.895  0.802  28.032 0.2222220004
126666  -33.488  0.159  25.073 0.1111110002
133823  -39.837  -0.906  26.156 0.4444440007
56802  -41.926  -0.563  26.843 0.4444440007
110212  -35.076  -0.202  26.050 0.1111110002
124957  -35.398  -0.074  26.565 0.1111110002
126764  -37.358  -2.053  27.853 0.3333329856
109990  -39.502  -1.694  27.438 0.4444440007
110927  -36.353  -0.146  28.167 0.2222220004
124837  -36.784  -1.054  28.159 0.3333329856
68825  -52.583  11.445  6.877 0.6666669846
68827  -54.274  12.040  6.361 0.6666669846
115242  -51.026  11.016  7.377 0.6666669846
67868  -51.785  11.269  7.131 0.6666669846
68826  -53.410  11.658  6.620 0.6666669846
67878  -52.131  10.689  6.473 0.6666669846
67879  -52.886  10.620  6.045 0.6666669846
67886  -53.444  10.204  5.416 0.6666669846
68846  -54.939  11.119  4.836 0.6666669846
68847  -55.866  11.866  4.555 0.6666669846
68859  -56.299  11.654  3.850 0.6666669846
67912  -56.674  11.504  3.212 0.6666669846
62498  -43.474  4.462  14.388 0.5555559993
62500  -45.359  4.544  14.594 0.6666669846
62529  -43.932  4.527  13.017 0.5555559993
62516  -44.904  4.518  13.990 0.5555559993
69737  -54.771  12.885  7.869 0.6666669846
62530  -44.855  4.785  13.103 0.5555559993
68817  -52.292  11.970  7.706 0.6666669846
68816  -51.457  11.792  8.065 0.6666669846
67876  -50.586  10.423  6.902 0.6666669846
67877  -51.316  10.275  6.500 0.6666669846
67885  -52.050  9.899  5.812 0.6666669846
66932  -53.566  9.573  4.672 0.6666669846
67898  -55.346  10.768  4.089 0.6666669846
67911  -55.792  10.460  3.240 0.6666669846
67922  -56.619  10.752  2.499 0.6666669846
67923  -57.695  11.596  2.197 0.6666669846
66915  -49.985  10.250  6.870 0.6666669846
66931  -52.781  9.609  5.263 0.6666669846
66921  -49.413  9.810  6.445 0.4444440007
66922  -50.333  9.704  6.138 0.5555559993
122250  -51.211  9.368  5.556 0.6666669846
66942  -54.001  9.300  3.847 0.6666669846
63380  -44.065  4.848  12.299 0.5555559993
63399  -46.051  6.032  11.888 0.5555559993
69730  -53.789  12.598  8.159 0.6666669846
111626  -44.844  5.219  12.119 0.5555559993
68818  -53.114  12.177  7.482 0.6666669846
68819  -53.987  12.493  7.233 0.6666669846
68862  -59.069  12.011  3.332 0.3333329856
68861  -58.422  12.404  3.567 0.5555559993
67910  -54.861  9.771  3.620 0.6666669846
67937  -57.879  11.229  1.468 0.6666669846
134602  -48.764  9.626  5.486 0.4444440007
66929  -50.402  9.243  5.212 0.5555559993
66930  -51.973  9.142  5.031 0.6666669846
66940  -52.678  9.095  4.451 0.6666669846
66941  -53.255  9.055  3.948 0.6666669846
67936  -56.980  10.503  1.691 0.6666669846
67938  -58.854  11.743  1.272 0.6666669846
67875  -47.328  10.213  5.824 0.4444440007
66928  -49.503  9.472  5.569 0.4444440007
66939  -51.877  8.992  4.187 0.6666669846
128294  -52.587  9.055  3.563 0.6666669846
66937  -49.083  9.589  4.887 0.4444440007
66938  -50.354  9.300  4.418 0.4444440007
66953  -51.028  9.281  3.749 0.4444440007
66907  -57.962  10.041  8.503 0.1111110002
64256  -56.196  6.925  16.776 0.3333329856
123827  -58.084  9.417  9.253 0.1111110002
131657  -58.167  10.541  9.203 0.1111110002
64301  -57.464  6.743  13.090 0.2222220004
65168  -58.017  8.420  12.356 0.2222220004
67854  -58.151  11.488  9.563 0.1111110002
65184  -57.967  8.086  11.345 0.2222220004
69750  -57.337  13.009  5.437 0.5555559993
64307  -44.670  5.967  10.857 0.3333329856
68897  -59.627  11.708  0.975 0.5555559993
66956  -54.294  9.159  3.066 0.6666669846
66955  -53.448  9.052  3.263 0.6666669846
134158  -55.813  9.866  2.504 0.6666669846
66969  -56.176  9.825  1.875 0.6666669846
66927  -48.355  9.970  5.026 0.4444440007
67895  -48.766  10.309  4.375 0.4444440007
67896  -49.572  9.845  4.192 0.4444440007
66952  -50.252  9.780  3.749 0.4444440007
66954  -51.816  9.200  3.497 0.6666669846
65979  -56.940  8.697  14.692 0.3333329856
65147  -57.490  7.971  13.876 0.2222220004
65994  -57.184  9.161  14.092 0.3333329856
65148  -57.734  8.860  13.349 0.3333329856
66879  -58.013  10.362  12.140 0.2222220004
66004  -57.239  9.741  13.473 0.4444440007
66864  -57.125  10.469  12.716 0.3333329856
67948  -58.967  11.464  0.403 0.6666669846
66968  -55.376  9.396  2.037 0.6666669846
66980  -56.516  9.841  1.115 0.6666669846
67947  -57.980  10.892  0.723 0.6666669846
68845  -48.562  11.295  4.002 0.3333329856
67906  -49.189  10.680  3.836 0.4444440007
67909  -51.414  9.762  2.989 0.4444440007
66964  -52.132  9.417  2.887 0.5555559993
66966  -53.698  9.182  2.478 0.6666669846
66967  -54.532  9.242  2.258 0.6666669846
66979  -55.686  9.484  1.252 0.6666669846
66981  -57.253  10.349  1.054 0.6666669846
68903  -59.735  11.547  0.018 0.4444440007
66977  -53.105  9.646  1.896 0.4444440007
66978  -53.959  9.407  1.679 0.6666669846
111901  -54.814  9.378  1.443 0.6666669846
66992  -57.030  10.016  0.307 0.6666669846
67982  -60.728  10.642  -2.315 0.4444440007
67934  -52.546  10.513  1.407 0.4444440007
66988  -54.227  9.775  0.881 0.6666669846
119619  -59.899  11.498  -1.005 0.4444440007
66991  -56.084  9.653  0.478 0.6666669846
67959  -58.965  11.221  -0.764 0.5555559993
68925  -60.109  11.400  -2.172 0.4444440007
115292  -55.729  9.821  -0.081 0.6666669846
67000  -57.123  10.041  -0.636 0.6666669846
112815  -57.773  10.421  -1.056 0.5555559993
67970  -58.011  10.627  -1.807 0.5555559993
68926  -60.438  11.177  -2.774 0.4444440007
66989  -54.413  10.273  0.088 0.6666669846
66997  -55.112  10.191  -0.350 0.6666669846
66999  -56.403  9.854  -0.279 0.6666669846
67969  -57.057  10.258  -1.508 0.5555559993
67981  -58.247  11.000  -2.719 0.5555559993
67980  -57.296  10.707  -2.374 0.5555559993
67945  -53.052  10.758  0.782 0.4444440007
67946  -53.668  10.494  0.457 0.5555559993
68896  -53.348  11.416  0.247 0.4444440007
67955  -53.936  10.892  -0.126 0.6666669846
67957  -55.178  10.664  -0.937 0.5555559993
67968  -56.258  10.381  -1.388 0.5555559993
67966  -55.040  11.169  -1.149 0.5555559993
67967  -55.629  10.908  -1.484 0.5555559993
67979  -56.408  10.821  -2.098 0.5555559993
69795  -53.360  12.320  0.309 0.4444440007
68902  -54.104  11.534  -0.396 0.5555559993
69802  -53.779  12.053  -0.157 0.4444440007
69796  -54.035  12.725  -0.027 0.5555559993
70679  -54.772  13.162  -0.450 0.3333329856
69804  -55.218  12.832  -1.090 0.4444440007
70672  -54.406  13.518  0.266 0.3333329856
70680  -55.693  13.662  -0.892 0.2222220004
124779  -29.898  -2.028  31.385 0.5555559993
126708  -29.899  -1.935  31.462 0.5555559993
67889  -58.589  12.020  4.777 0.4444440007
68874  -57.584  12.043  2.953 0.6666669846
68849  -58.259  12.547  4.478 0.4444440007
68848  -57.174  12.671  4.554 0.6666669846
67888  -58.445  11.354  5.383 0.3333329856
68836  -55.493  12.094  5.286 0.6666669846
69738  -55.917  13.143  7.651 0.5555559993
68835  -54.603  11.529  5.581 0.6666669846
47390  -9.810  -11.261  48.172 0.3333329856
46458  -13.988  -12.500  46.933 0.3333329856
47454  -13.360  -11.493  43.512 0.3333329856
47456  -15.520  -12.045  43.295 0.3333329856
47475  -15.009  -11.342  41.832 0.3333329856
109883  -21.765  -5.855  37.541 0.3333329856
130403  -21.295  -6.276  37.459 0.3333329856
126031  -21.891  -4.927  35.474 0.3333329856
126834  -35.437  0.284  27.205 0.1111110002
125115  -39.869  -2.106  28.507 0.5555559993
56801  -40.911  -0.776  27.323 0.4444440007
56815  -41.378  -0.692  26.163 0.4444440007
56862  -39.451  -1.231  22.300 0.4444440007
118128  -40.303  -1.150  23.939 0.4444440007
62499  -44.492  4.475  14.675 0.6666669846
64267  -56.494  7.290  16.109 0.3333329856
122297  -57.215  5.605  14.479 0.2222220004
129429  -57.236  5.931  13.903 0.2222220004
64291  -57.377  6.803  13.923 0.2222220004
66863  -56.293  10.029  13.315 0.5555559993
66018  -58.214  9.275  11.899 0.2222220004
66898  -58.260  10.401  9.936 0.1111110002
69745  -56.188  13.170  6.727 0.6666669846
69746  -57.378  13.148  6.404 0.5555559993
63398  -45.500  5.640  11.962 0.5555559993
125924  -21.566  -4.671  33.370 0.1111110002
126106  -36.447  1.209  34.508 0.8888890147
113442  -41.745  -1.153  25.374 0.4444440007
66850  -56.594  9.639  13.888 0.4444440007
45559  -1.805  -13.158  51.140 0.2222220004
47368  -6.644  -11.687  48.657 0.1111110002
47434  -12.393  -11.401  45.486 0.3333329856
48412  -12.427  -11.245  44.790 0.2222220004
132395  -10.105  -9.867  44.135 0.1111110002
48431  -10.798  -10.013  43.955 0.1111110002
47435  -13.078  -11.778  45.794 0.3333329856
48434  -13.020  -10.926  42.754 0.3333329856
48456  -14.565  -10.917  41.215 0.3333329856
48476  -14.383  -9.973  39.774 0.2222220004
49358  -16.283  -9.489  40.711 0.3333329856
126652  -34.866  -1.195  34.970 0.7777780294
126618  -33.064  -0.571  34.289 0.6666669846
124426  -34.346  -1.124  33.916 0.7777780294
125097  -31.164  -1.242  32.998 0.6666669846
126348  -31.791  -0.490  32.573 0.7777780294
126621  -34.750  -0.493  32.260 0.7777780294
125811  -29.354  -2.201  30.774 0.4444440007
109959  -28.968  -2.296  30.347 0.4444440007
51202  -19.790  -7.104  36.426 0.3333329856
126108  -34.124  0.842  25.053 0.1111110002
56827  -39.747  -0.815  25.128 0.4444440007
109936  -35.602  -0.172  26.929 0.1111110002
111195  -39.035  -0.906  24.326 0.4444440007
110718  -38.113  -1.934  26.318 0.4444440007
68834  -53.770  11.083  5.839 0.6666669846
67887  -54.135  10.547  5.136 0.6666669846
67897  -54.488  10.101  4.398 0.6666669846
68837  -56.421  12.618  5.078 0.6666669846
68860  -57.444  12.368  3.718 0.6666669846
129195  -44.181  4.415  13.751 0.5555559993
62528  -43.171  4.547  12.547 0.4444440007
69744  -55.005  12.813  6.995 0.6666669846
68828  -55.238  12.491  6.091 0.6666669846
68875  -58.557  12.196  2.773 0.6666669846
63396  -43.377  4.963  11.694 0.3333329856
121991  -44.956  5.630  11.484 0.4444440007
68850  -58.822  12.038  4.107 0.3333329856
66957  -55.136  9.487  2.821 0.6666669846
112368  -49.778  9.332  4.881 0.5555559993
111893  -51.159  9.058  4.728 0.6666669846
67884  -47.659  10.414  5.247 0.4444440007
65156  -57.761  7.603  12.818 0.2222220004
64315  -57.281  6.639  12.201 0.2222220004
65167  -57.700  7.292  11.797 0.2222220004
69759  -57.958  12.914  5.129 0.5555559993
69751  -57.906  12.917  5.763 0.5555559993
69749  -56.337  12.912  5.794 0.6666669846
63397  -44.186  5.359  11.410 0.3333329856
66965  -52.884  9.211  2.702 0.5555559993
67894  -48.036  10.752  4.598 0.4444440007
67907  -49.838  10.546  3.487 0.4444440007
67908  -50.641  10.318  3.091 0.4444440007
66005  -57.935  9.671  12.830 0.2222220004
68844  -47.803  11.624  4.438 0.2222220004
67921  -52.352  9.879  2.186 0.4444440007
67958  -57.957  10.596  -0.202 0.6666669846
68912  -60.422  11.136  -1.990 0.4444440007
67935  -53.394  10.074  1.163 0.5555559993
66990  -55.167  9.649  0.529 0.6666669846
68911  -59.239  11.286  -1.941 0.4444440007
67005  -56.552  10.070  -0.918 0.5555559993
67956  -54.576  10.903  -0.621 0.6666669846
66998  -55.805  10.192  -0.817 0.6666669846
68909  -54.714  11.629  -0.959 0.5555559993
69803  -54.449  12.284  -0.652 0.4444440007
70673  -55.272  13.947  -0.125 0.3333329856
68838  -58.253  12.400  5.441 0.3333329856
44548  -11.877  -15.467  52.585 0.3333329856
128708  -13.561  -15.315  53.462 0.2222220004
43392  -11.573  -15.559  53.058 0.2222220004
127565  -13.089  -14.429  51.945 0.2222220004
44568  -17.783  -13.842  52.820 0.1111110002
45539  -12.994  -14.582  51.604 0.4444440007
44567  -17.047  -13.857  52.800 0.3333329856
46419  -18.049  -12.386  51.953 0.3333329856
46418  -16.951  -12.681  52.169 0.3333329856
112348  -18.605  -13.869  52.967 0.2222220004
130194  -17.858  -13.043  52.451 0.2222220004
45541  -18.418  -13.125  52.949 0.2222220004
53909  -28.828  -4.570  50.436 0.2222220004
53910  -29.480  -5.019  50.235 0.2222220004
53911  -30.330  -4.678  50.319 0.2222220004
52995  -30.257  -5.554  50.233 0.1111110002
113756  -29.620  -4.194  50.229 0.3333329856
54853  -28.634  -3.130  50.351 0.3333329856
119177  -30.855  -5.096  50.196 0.2222220004
54854  -29.559  -3.370  50.247 0.3333329856
53912  -31.043  -4.325  50.241 0.2222220004
117459  -31.537  -4.055  49.404 0.2222220004
54863  -32.282  -3.723  49.161 0.2222220004
55751  -31.249  -2.641  49.611 0.3333329856
53922  -32.068  -4.652  49.196 0.2222220004
55750  -30.407  -2.805  50.199 0.2222220004
54856  -31.071  -3.448  50.101 0.2222220004
53004  -32.841  -5.331  49.145 0.2222220004
53934  -33.831  -4.358  48.263 0.2222220004
54855  -30.396  -3.806  50.201 0.3333329856
119374  -31.391  -4.915  49.598 0.2222220004
57655  -34.157  -0.821  47.681 0.3333329856
57656  -34.844  -0.690  47.349 0.2222220004
58599  -32.654  0.856  47.394 0.3333329856
59548  -33.157  1.496  47.344 0.3333329856
124682  -31.586  1.929  47.542 0.3333329856
125300  -31.707  1.455  46.575 0.3333329856
55759  -32.378  -2.829  49.046 0.2222220004
54869  -33.534  -3.629  48.277 0.2222220004
54870  -34.364  -3.688  47.992 0.2222220004
56662  -30.093  -1.934  50.268 0.3333329856
56663  -30.835  -1.985  49.963 0.3333329856
56672  -32.307  -1.891  49.014 0.3333329856
54864  -33.015  -3.297  48.939 0.2222220004
133639  -33.387  -2.994  48.334 0.2222220004
130501  -33.978  -3.006  48.033 0.2222220004
57631  -29.116  -0.882  50.278 0.3333329856
56670  -30.880  -1.344  49.293 0.3333329856
57640  -31.047  -0.424  49.172 0.3333329856
56678  -32.431  -1.160  48.475 0.3333329856
57647  -32.091  -0.473  48.344 0.3333329856
57649  -33.611  -1.018  48.061 0.3333329856
58585  -29.418  0.010  49.311 0.5555559993
58586  -30.472  -0.064  49.177 0.3333329856
58587  -31.148  0.005  48.945 0.3333329856
58592  -31.627  0.066  48.267 0.3333329856
58593  -32.143  0.431  48.156 0.3333329856
111021  -28.764  0.403  49.186 0.5555559993
120776  -29.552  0.174  48.487 0.6666669846
109929  -30.213  0.093  47.987 0.3333329856
126312  -30.915  0.880  47.619 0.3333329856
126313  -31.413  1.523  48.051 0.3333329856
124720  -29.179  -0.123  46.878 0.5555559993
126404  -30.422  0.280  47.445 0.3333329856
124740  -30.717  0.530  46.904 0.3333329856
126311  -30.340  0.495  46.124 0.3333329856
126402  -31.041  0.835  46.219 0.4444440007
124776  -29.998  0.189  46.817 0.4444440007
126382  -29.581  0.281  46.066 0.5555559993
124569  -33.503  -0.834  35.705 0.6666669846
126368  -36.014  0.518  37.181 0.7777780294
126653  -34.120  -0.816  35.177 0.7777780294
126630  -35.022  -1.168  35.751 0.7777780294
126659  -35.597  -0.318  36.418 0.7777780294
45542  -19.446  -13.224  53.205 0.2222220004
46406  -18.419  -12.445  53.088 0.2222220004
44549  -12.248  -15.014  51.925 0.3333329856
45551  -15.774  -13.668  52.898 0.3333329856
53899  -28.147  -4.130  51.020 0.3333329856
55749  -29.542  -2.524  50.298 0.4444440007
57638  -29.664  -0.492  49.554 0.3333329856
110509  -32.169  2.172  47.176 0.3333329856
110216  -35.344  -0.737  36.848 0.7777780294
43393  -11.877  -15.647  52.905 0.2222220004
45553  -17.826  -12.836  52.252 0.3333329856
51977  -30.501  -6.447  50.140 0.1111110002
53923  -33.083  -4.307  48.960 0.2222220004
53003  -31.828  -5.637  49.318 0.2222220004
51990  -33.212  -6.073  48.684 0.2222220004
53011  -33.596  -5.181  48.602 0.2222220004
57654  -33.491  -0.344  47.725 0.3333329856
128668  -33.315  0.340  47.527 0.2222220004
56680  -33.952  -1.549  48.147 0.3333329856
56671  -31.456  -1.907  49.344 0.3333329856
55760  -33.043  -2.478  48.806 0.3333329856
55767  -33.622  -2.356  48.243 0.2222220004
123202  -6.917  -14.773  55.048 0.1111110002
44538  -7.584  -14.382  55.369 0.2222220004
42330  -9.607  -16.766  55.986 0.1111110002
43373  -10.785  -16.737  54.839 0.1111110002
43379  -9.340  -15.883  54.379 0.1111110002
43372  -9.970  -16.682  54.953 0.1111110002
43381  -11.094  -15.944  54.163 0.1111110002
131160  -9.477  -15.705  53.563 0.1111110002
132971  -20.206  -12.934  54.157 0.1111110002
47319  -20.130  -11.893  54.229 0.1111110002
115389  -20.239  -13.565  54.068 0.1111110002
46407  -19.281  -12.583  53.386 0.1111110002
44551  -15.047  -15.044  52.201 0.1111110002
47318  -18.881  -11.695  54.161 0.1111110002
44543  -16.176  -14.981  52.791 0.1111110002
43388  -17.195  -14.910  52.893 0.1111110002
123515  -12.432  -16.429  54.880 0.1111110002
43383  -12.858  -15.762  54.421 0.1111110002
44550  -14.202  -14.977  51.897 0.1111110002
44552  -15.785  -15.399  52.362 0.1111110002
45540  -15.116  -14.752  52.274 0.1111110002
44566  -16.072  -14.080  52.917 0.2222220004
45552  -16.598  -13.447  52.739 0.2222220004
47329  -17.935  -12.063  52.270 0.3333329856
114245  -42.259  4.613  13.826 0.2222220004
62515  -43.368  4.414  13.448 0.4444440007
64308  -45.511  6.169  11.273 0.4444440007
65179  -45.517  7.324  10.196 0.4444440007
68922  -55.900  11.433  -2.056 0.5555559993
67024  -60.661  9.924  -3.739 0.3333329856
67034  -60.255  10.644  -4.469 0.3333329856
66971  -59.694  9.880  2.221 0.2222220004
66982  -59.969  9.334  1.534 0.1111110002
67940  -60.343  10.242  0.979 0.3333329856
67994  -57.584  11.265  -3.224 0.4444440007
67997  -60.456  11.079  -3.646 0.3333329856
129621  -59.636  11.527  -3.907 0.3333329856
69838  -57.726  12.724  -4.575 0.2222220004
68948  -58.464  12.110  -5.536 0.2222220004
68949  -59.029  11.527  -5.249 0.3333329856
68876  -59.307  11.934  2.443 0.2222220004
67925  -59.695  10.935  2.399 0.2222220004
68886  -58.717  11.991  2.002 0.4444440007
67939  -60.038  10.652  1.655 0.2222220004
68924  -59.486  11.465  -3.008 0.3333329856
68938  -60.118  11.411  -3.338 0.3333329856
67995  -58.637  11.420  -3.755 0.3333329856
68888  -59.681  11.528  1.695 0.3333329856
68887  -59.317  11.940  1.714 0.4444440007
67949  -60.167  11.194  0.866 0.4444440007
67950  -60.534  10.345  0.253 0.3333329856
68898  -60.040  11.491  0.342 0.3333329856
67960  -60.348  11.143  -0.003 0.3333329856
68904  -60.124  11.394  -0.354 0.3333329856
132564  -60.426  11.097  -0.681 0.3333329856
67961  -60.661  10.416  -0.593 0.3333329856
68905  -60.250  11.281  -1.226 0.3333329856
67971  -60.674  10.687  -1.447 0.3333329856
43369  -8.146  -15.489  56.088 0.2222220004
134032  -14.064  -14.389  52.027 0.2222220004
43371  -9.088  -15.908  55.961 0.1111110002
43391  -10.393  -15.675  53.491 0.1111110002
48331  -20.746  -10.092  53.487 0.2222220004
51170  -19.841  -7.818  39.855 0.3333329856
112495  -42.854  4.469  13.862 0.3333329856
112593  -60.709  10.624  -3.040 0.3333329856
62514  -42.584  4.434  13.204 0.2222220004
44541  -13.806  -14.979  53.042 0.1111110002
134200  -15.996  -14.869  52.614 0.1111110002
44544  -16.703  -14.864  52.822 0.1111110002
44557  -20.151  -14.450  53.268 0.1111110002
67996  -59.864  11.406  -4.351 0.3333329856
68936  -57.203  11.921  -3.453 0.4444440007
119750  -59.045  11.730  -4.700 0.3333329856
68937  -58.049  12.026  -4.405 0.2222220004
48428  -37.927  -10.790  44.426 0.1111110002
46493  -36.924  -12.755  44.321 0.1111110002
53972  -38.764  -5.114  45.110 0.1111110002
51100  -38.150  -7.521  45.811 0.1111110002
51110  -38.718  -7.417  45.267 0.1111110002
52039  -39.554  -6.357  44.283 0.1111110002
47441  -36.661  -10.850  45.525 0.1111110002
128260  -37.332  -9.191  46.124 0.1111110002
49306  -38.532  -9.348  45.080 0.1111110002
49307  -39.314  -8.966  44.754 0.1111110002
46477  -35.067  -12.813  46.070 0.1111110002
47439  -35.463  -11.943  45.611 0.1111110002
47440  -36.295  -11.582  45.281 0.1111110002
113882  -36.882  -11.311  44.956 0.1111110002
43502  -34.980  -15.148  46.198 0.1111110002
43522  -35.479  -15.098  45.352 0.1111110002
44622  -36.266  -14.189  44.609 0.1111110002
42450  -34.368  -16.287  45.819 0.1111110002
42457  -35.955  -16.212  44.086 0.1111110002
54903  -38.496  -3.425  44.617 0.1111110002
53037  -37.695  -5.521  45.693 0.1111110002
53038  -38.370  -5.794  45.325 0.1111110002
50188  -36.923  -8.244  46.272 0.1111110002
120592  -36.674  -5.992  46.492 0.1111110002
49271  -32.418  -9.656  48.683 0.1111110002
130462  -35.275  -11.360  46.082 0.1111110002
49286  -35.814  -9.036  47.244 0.1111110002
52013  -36.479  -6.709  46.985 0.1111110002
48384  -33.135  -10.816  48.060 0.1111110002
47412  -33.524  -11.353  47.453 0.1111110002
47413  -34.169  -11.848  47.012 0.1111110002
50178  -35.254  -8.545  47.259 0.1111110002
43480  -33.688  -15.248  47.190 0.1111110002
43500  -33.742  -15.958  46.427 0.1111110002
41433  -33.715  -17.522  45.820 0.1111110002
114911  -37.418  0.386  44.584 0.1111110002
130624  -38.660  -0.363  44.274 0.1111110002
56700  -37.284  -1.099  45.036 0.1111110002
54897  -38.056  -3.563  45.319 0.1111110002
55785  -36.866  -2.472  45.349 0.1111110002
117154  -37.834  -4.338  45.347 0.1111110002
54888  -35.568  -2.901  46.474 0.1111110002
51978  -31.288  -6.353  49.567 0.1111110002
50156  -32.188  -8.241  49.032 0.1111110002
51992  -34.995  -6.300  48.001 0.1111110002
53947  -35.732  -4.395  47.266 0.1111110002
51989  -32.648  -6.871  48.544 0.1111110002
51077  -33.943  -7.795  48.211 0.1111110002
59563  -37.292  1.581  45.072 0.1111110002
130949  -37.329  0.977  44.876 0.1111110002
57666  -37.148  -0.256  45.205 0.1111110002
58612  -36.882  0.711  45.279 0.1111110002
56693  -36.210  -1.585  45.951 0.1111110002
123389  -36.207  0.748  46.045 0.1111110002
57660  -35.374  -0.672  46.700 0.1111110002
58606  -35.779  0.027  46.370 0.1111110002
53946  -35.105  -3.838  47.489 0.1111110002
56687  -35.223  -1.463  47.143 0.1111110002
56686  -34.493  -1.550  47.458 0.1111110002
61354  -36.294  3.320  45.480 0.1111110002
123455  -35.945  2.919  46.079 0.1111110002
59562  -36.484  1.500  45.548 0.2222220004
59556  -35.910  1.477  46.189 0.2222220004
59549  -33.973  1.762  47.270 0.2222220004
126706  -29.982  -3.254  29.323 0.2222220004
59555  -35.225  1.369  46.270 0.2222220004
60429  -35.172  2.278  46.189 0.2222220004
53884  -22.786  -4.746  52.402 0.2222220004
53886  -24.180  -5.505  52.163 0.2222220004
58601  -34.060  0.026  47.220 0.1111110002
58605  -35.087  0.152  46.959 0.1111110002
125703  -29.106  -2.135  29.294 0.2222220004
51988  -30.828  -6.914  49.439 0.1111110002
51991  -34.039  -6.003  48.163 0.1111110002
53935  -34.624  -4.355  48.073 0.1111110002
53012  -34.421  -5.097  48.177 0.1111110002
51979  -32.086  -6.581  49.256 0.1111110002
54878  -34.504  -3.030  47.460 0.1111110002
111862  -33.418  -6.884  48.242 0.1111110002
47450  -37.215  -11.328  44.373 0.1111110002
46486  -36.268  -12.810  44.756 0.1111110002
53982  -38.443  -4.336  44.894 0.1111110002
52028  -38.991  -6.484  45.111 0.1111110002
53039  -39.118  -5.655  44.853 0.1111110002
49296  -38.183  -8.995  45.812 0.1111110002
52015  -37.800  -6.772  46.114 0.1111110002
50189  -37.906  -8.348  46.119 0.1111110002
52027  -38.291  -6.686  45.507 0.1111110002
50198  -39.138  -8.139  45.101 0.1111110002
51111  -39.312  -7.324  44.667 0.1111110002
46485  -35.695  -12.964  45.403 0.1111110002
47429  -35.973  -11.122  46.000 0.1111110002
48405  -37.205  -10.211  45.940 0.1111110002
128265  -36.620  -9.709  46.313 0.1111110002
49305  -37.840  -9.731  45.442 0.1111110002
48402  -34.587  -11.140  46.406 0.1111110002
46476  -34.438  -12.620  46.612 0.1111110002
44606  -34.764  -14.380  46.400 0.1111110002
45585  -35.161  -13.617  45.975 0.1111110002
45589  -35.632  -13.805  45.446 0.1111110002
45590  -36.145  -13.632  45.028 0.1111110002
42451  -35.007  -16.448  45.321 0.1111110002
43481  -34.263  -15.116  46.653 0.1111110002
44613  -35.929  -14.456  45.200 0.1111110002
42456  -35.390  -16.254  44.667 0.1111110002
113795  -36.254  -15.715  43.883 0.1111110002
41450  -36.158  -16.998  43.137 0.1111110002
56707  -37.802  -1.302  44.552 0.1111110002
52014  -37.428  -6.100  46.176 0.1111110002
53970  -37.454  -4.825  45.659 0.1111110002
51099  -37.464  -7.498  46.254 0.1111110002
51098  -36.766  -7.471  46.645 0.1111110002
49295  -36.426  -8.953  46.628 0.1111110002
53028  -36.495  -5.299  46.634 0.1111110002
53029  -37.176  -5.363  46.253 0.1111110002
50168  -32.683  -8.715  48.480 0.1111110002
131502  -32.978  -10.075  48.185 0.1111110002
49294  -35.698  -9.757  46.515 0.1111110002
50179  -35.998  -8.380  47.181 0.1111110002
50187  -36.420  -8.093  46.691 0.1111110002
121625  -36.073  -5.954  47.120 0.1111110002
52003  -35.956  -6.673  47.372 0.1111110002
46456  -32.962  -12.549  48.296 0.1111110002
46464  -33.474  -12.276  47.636 0.1111110002
48392  -33.654  -10.607  47.401 0.1111110002
46465  -34.014  -12.548  47.133 0.1111110002
118242  -34.275  -10.080  47.287 0.1111110002
48393  -34.883  -10.285  46.820 0.1111110002
50177  -34.665  -8.709  47.404 0.1111110002
51088  -35.307  -7.051  47.580 0.1111110002
122415  -34.730  -7.936  47.434 0.1111110002
42434  -33.057  -15.983  47.184 0.1111110002
44603  -34.128  -14.326  47.091 0.1111110002
45579  -33.421  -13.640  47.394 0.1111110002
115390  -32.791  -15.181  47.290 0.1111110002
57671  -37.712  -0.503  44.419 0.1111110002
56701  -37.769  -2.014  45.293 0.1111110002
56699  -36.809  -1.767  45.396 0.1111110002
55786  -37.418  -2.953  45.287 0.1111110002
54889  -36.129  -3.046  46.172 0.1111110002
54895  -36.653  -3.122  45.617 0.1111110002
55779  -35.999  -2.245  46.344 0.1111110002
55775  -35.405  -2.240  46.761 0.1111110002
54880  -35.798  -3.611  46.805 0.1111110002
53958  -36.286  -4.462  46.827 0.1111110002
120221  -36.588  -3.782  46.340 0.1111110002
51067  -31.542  -7.105  49.323 0.1111110002
51068  -32.176  -7.431  49.110 0.1111110002
53020  -35.399  -5.699  47.521 0.1111110002
53936  -35.173  -4.875  47.678 0.1111110002
51076  -32.820  -7.726  48.394 0.1111110002
50169  -33.533  -8.590  48.246 0.1111110002
49273  -33.871  -9.117  48.231 0.1111110002
49284  -34.226  -9.253  47.559 0.1111110002
51078  -34.513  -6.973  48.134 0.1111110002
60436  -36.830  2.280  45.339 0.1111110002
119238  -36.570  -0.958  45.468 0.1111110002
57661  -36.086  -0.782  46.238 0.1111110002
55774  -34.912  -2.248  47.285 0.1111110002
49272  -33.116  -9.343  48.250 0.1111110002
52973  -23.359  -5.232  52.257 0.1111110002
52981  -24.948  -5.227  51.471 0.1111110002
130034  -25.487  -5.675  51.467 0.1111110002
52983  -26.535  -5.416  51.349 0.1111110002
125427  -39.003  -1.379  26.349 0.3333329856
56860  -35.971  -1.898  23.365 0.2222220004
125484  -37.167  -1.671  24.351 0.2222220004
56844  -36.731  -1.677  23.645 0.2222220004
112332  -36.621  -1.513  22.523 0.2222220004
114997  -37.468  -1.285  22.525 0.2222220004
56880  -36.594  -1.520  21.523 0.2222220004
56861  -38.408  -1.164  22.400 0.2222220004
125941  -36.327  -1.830  26.316 0.2222220004
125938  -38.251  -2.375  27.836 0.3333329856
126857  -36.148  -1.906  25.408 0.1111110002
125855  -37.062  -2.027  25.499 0.2222220004
125940  -36.520  -1.948  24.766 0.2222220004
65034  -54.020  8.186  27.235 0.1111110002
62347  -54.892  3.978  25.050 0.1111110002
64198  -55.012  5.439  24.677 0.1111110002
62354  -54.588  4.660  23.911 0.1111110002
60628  -53.792  3.221  21.214 0.3333329856
59772  -34.199  1.937  15.607 0.1111110002
129520  -36.263  1.420  16.143 0.1111110002
59766  -36.973  1.571  16.354 0.1111110002
59767  -37.790  1.793  16.766 0.1111110002
59686  -54.162  2.123  23.933 0.1111110002
62373  -52.675  4.439  22.322 0.3333329856
62432  -35.739  4.664  18.421 0.1111110002
61594  -34.416  3.371  18.483 0.1111110002
62431  -34.753  4.232  18.133 0.1111110002
60680  -32.552  2.127  17.175 0.1111110002
61609  -32.998  3.301  16.038 0.1111110002
59773  -34.992  2.077  15.475 0.1111110002
59774  -35.661  2.263  15.563 0.1111110002
60693  -37.345  2.464  16.108 0.1111110002
61611  -38.644  3.468  16.498 0.1111110002
61613  -40.152  4.213  16.987 0.2222220004
61602  -33.755  3.938  17.744 0.1111110002
63329  -33.594  5.242  17.046 0.1111110002
61618  -33.615  3.548  15.547 0.1111110002
63344  -34.023  5.612  15.564 0.1111110002
63343  -33.573  5.286  15.996 0.1111110002
61619  -34.560  3.578  15.245 0.1111110002
62490  -34.652  5.343  15.100 0.1111110002
62473  -34.983  4.386  15.087 0.1111110002
61621  -36.440  3.527  15.411 0.1111110002
61610  -37.950  3.183  16.181 0.1111110002
61624  -39.044  4.379  16.236 0.1111110002
64269  -34.759  6.151  15.059 0.1111110002
62474  -35.998  4.308  15.136 0.1111110002
62476  -37.847  4.535  15.534 0.1111110002
62477  -38.693  4.810  15.682 0.1111110002
62459  -39.844  4.690  16.373 0.1111110002
62494  -38.330  5.220  15.166 0.1111110002
62495  -39.145  5.354  15.182 0.1111110002
65110  -35.786  7.175  18.058 0.1111110002
63320  -35.421  5.579  18.148 0.1111110002
64245  -34.917  6.940  17.581 0.1111110002
64244  -34.241  6.538  17.069 0.1111110002
64251  -34.119  6.812  16.259 0.1111110002
64250  -33.694  5.879  16.612 0.1111110002
64260  -34.236  6.409  15.605 0.1111110002
63351  -36.131  5.818  14.698 0.1111110002
62492  -36.572  5.091  14.999 0.1111110002
63353  -37.927  5.630  14.590 0.1111110002
63354  -38.750  5.542  14.441 0.1111110002
63355  -39.709  5.410  14.329 0.1111110002
62478  -40.530  5.359  14.948 0.1111110002
64261  -34.749  6.971  15.230 0.1111110002
63352  -37.082  5.748  14.637 0.1111110002
64284  -37.225  7.002  13.507 0.1111110002
63367  -38.265  5.872  13.719 0.1111110002
63368  -39.054  5.512  13.413 0.1111110002
64292  -37.730  7.368  12.837 0.1111110002
63377  -38.541  5.953  12.767 0.1111110002
63379  -40.074  5.189  12.163 0.1111110002
62526  -41.463  4.770  12.290 0.1111110002
62527  -42.233  4.567  12.471 0.1111110002
64293  -38.275  6.750  12.387 0.1111110002
64294  -38.877  6.153  11.981 0.1111110002
63392  -39.604  5.717  11.699 0.1111110002
63394  -41.050  5.360  11.310 0.1111110002
62539  -41.421  5.012  11.729 0.1111110002
117264  -42.722  5.207  11.184 0.1111110002
64321  -39.834  7.005  10.805 0.1111110002
63411  -40.648  5.822  10.961 0.1111110002
63412  -41.382  5.904  10.637 0.1111110002
64324  -42.650  6.253  10.062 0.1111110002
63415  -43.859  5.828  10.632 0.2222220004
64337  -42.944  6.880  9.552 0.1111110002
64325  -43.433  6.321  10.049 0.1111110002
64326  -44.280  6.518  10.153 0.2222220004
64327  -45.122  6.627  10.501 0.3333329856
65140  -37.238  7.935  13.354 0.1111110002
65150  -38.277  7.767  12.283 0.1111110002
65161  -39.308  7.612  11.272 0.1111110002
64322  -40.602  6.592  10.509 0.1111110002
114586  -41.973  6.263  10.182 0.1111110002
64323  -41.402  6.731  10.051 0.1111110002
65186  -41.541  7.567  9.584 0.1111110002
64338  -43.760  6.961  9.612 0.1111110002
65189  -44.293  7.525  9.320 0.1111110002
65178  -44.780  7.098  9.881 0.2222220004
65188  -43.282  7.672  9.054 0.1111110002
66042  -43.925  8.247  8.724 0.1111110002
66033  -44.781  8.209  8.942 0.3333329856
66034  -45.606  8.407  9.193 0.3333329856
65985  -37.509  8.750  13.537 0.1111110002
65996  -37.866  8.324  12.863 0.1111110002
65997  -38.538  8.676  12.461 0.1111110002
66010  -38.845  8.227  11.794 0.1111110002
65175  -39.820  8.064  10.773 0.1111110002
65176  -40.391  8.339  10.328 0.1111110002
66024  -40.972  8.566  9.750 0.1111110002
66032  -41.705  8.430  9.212 0.1111110002
66902  -44.630  9.432  7.991 0.2222220004
66043  -45.221  8.853  8.569 0.3333329856
117026  -42.472  8.406  8.825 0.1111110002
66041  -43.177  8.498  8.619 0.1111110002
113807  -43.597  9.150  8.261 0.1111110002
65998  -39.191  8.994  12.083 0.1111110002
134466  -40.115  9.062  10.892 0.1111110002
120896  -40.771  9.624  10.674 0.1111110002
67825  -41.352  10.138  10.379 0.1111110002
133569  -40.589  9.117  10.300 0.1111110002
66883  -41.018  9.552  9.969 0.1111110002
66892  -41.342  9.235  9.426 0.1111110002
114912  -41.850  9.287  8.924 0.1111110002
66910  -45.271  9.966  7.551 0.2222220004
66904  -46.503  9.569  8.267 0.3333329856
66040  -42.616  9.258  8.517 0.1111110002
66900  -42.811  10.121  8.187 0.1111110002
67864  -43.966  10.874  7.445 0.1111110002
67865  -44.904  10.748  7.105 0.2222220004
67866  -45.781  10.347  7.091 0.2222220004
68814  -43.556  11.689  7.622 0.1111110002
68815  -44.323  11.574  7.091 0.1111110002
67872  -44.957  11.478  6.700 0.1111110002
68824  -46.141  11.169  5.940 0.2222220004
68833  -47.368  11.203  4.912 0.2222220004
66843  -40.300  9.160  13.209 0.1111110002
66855  -40.497  9.376  12.345 0.1111110002
66854  -39.699  9.245  12.560 0.1111110002
66870  -40.593  9.569  11.484 0.1111110002
66871  -41.338  9.880  11.248 0.1111110002
128970  -42.187  10.355  11.085 0.1111110002
68791  -42.477  11.353  9.778 0.1111110002
67838  -41.557  10.098  9.512 0.1111110002
117359  -42.118  10.913  9.297 0.1111110002
66893  -42.078  10.215  8.779 0.1111110002
67857  -42.508  11.042  8.593 0.1111110002
69736  -44.012  12.350  7.332 0.1111110002
68822  -44.755  12.318  6.680 0.1111110002
68831  -45.959  12.175  5.704 0.1111110002
69748  -46.573  12.693  5.340 0.1111110002
68832  -46.691  11.767  5.212 0.2222220004
68843  -47.253  11.905  4.744 0.1111110002
68857  -49.399  11.504  3.443 0.3333329856
68858  -50.200  11.248  2.991 0.2222220004
67920  -51.240  10.547  2.466 0.3333329856
133665  -51.770  10.039  2.463 0.3333329856
66856  -41.334  9.526  12.153 0.1111110002
66857  -42.179  9.680  11.926 0.1111110002
67826  -43.237  10.608  11.347 0.1111110002
67840  -42.699  11.009  10.606 0.1111110002
68785  -43.474  11.187  11.004 0.1111110002
69721  -43.605  12.260  10.231 0.1111110002
68792  -43.194  11.613  10.413 0.1111110002
69722  -44.337  12.687  10.751 0.1111110002
69725  -43.302  12.423  9.396 0.1111110002
70613  -43.753  13.031  9.026 0.1111110002
70619  -44.258  13.466  7.852 0.1111110002
70622  -44.423  13.050  7.165 0.1111110002
70626  -45.945  13.019  5.862 0.1111110002
69757  -47.600  12.425  4.581 0.1111110002
70634  -47.336  13.113  5.036 0.1111110002
69763  -48.840  12.097  3.741 0.1111110002
69765  -50.046  12.160  3.047 0.1111110002
69772  -50.659  11.812  2.528 0.1111110002
68885  -51.979  11.341  1.476 0.3333329856
66872  -43.046  9.913  11.858 0.1111110002
70609  -44.732  13.389  10.351 0.1111110002
71472  -45.234  14.027  9.904 0.1111110002
70614  -44.447  13.560  9.489 0.1111110002
71476  -44.908  14.114  9.040 0.1111110002
70616  -44.275  13.578  8.640 0.1111110002
71481  -45.495  14.344  7.777 0.1111110002
71485  -45.672  14.113  6.955 0.1111110002
71486  -46.662  14.379  6.833 0.1111110002
71493  -47.811  14.092  5.818 0.1111110002
70628  -47.378  13.680  5.512 0.1111110002
70629  -48.137  13.703  5.159 0.1111110002
70641  -48.852  12.803  4.066 0.1111110002
69764  -49.430  12.498  3.561 0.1111110002
70648  -50.761  12.641  2.805 0.1111110002
69773  -51.241  12.259  2.180 0.1111110002
69784  -51.658  11.971  1.668 0.3333329856
68895  -52.604  11.361  0.892 0.3333329856
120981  -58.009  12.551  6.527 0.3333329856
127827  -45.575  14.383  9.307 0.1111110002
72372  -47.079  14.805  8.981 0.1111110002
71473  -46.292  14.636  9.067 0.1111110002
72377  -47.043  14.845  8.355 0.1111110002
71483  -47.527  14.714  7.267 0.1111110002
133608  -46.161  14.491  7.479 0.1111110002
71482  -46.856  14.730  7.682 0.1111110002
71487  -47.598  14.415  6.499 0.1111110002
130064  -48.462  14.187  5.650 0.1111110002
70636  -49.009  13.549  4.569 0.1111110002
70642  -49.470  13.159  3.971 0.1111110002
70649  -51.503  13.047  2.550 0.1111110002
69774  -51.890  12.633  1.874 0.1111110002
69785  -52.258  12.144  1.181 0.3333329856
69794  -52.813  11.968  0.620 0.3333329856
121619  -58.015  11.634  7.023 0.3333329856
72374  -48.346  15.242  9.354 0.1111110002
116637  -48.393  15.298  8.248 0.1111110002
112675  -48.900  15.260  7.519 0.1111110002
71489  -49.053  14.481  5.898 0.1111110002
71495  -49.569  14.400  5.541 0.1111110002
71502  -49.686  14.111  4.940 0.1111110002
70637  -49.919  13.691  4.260 0.1111110002
71503  -50.497  14.214  4.739 0.1111110002
114070  -50.754  13.868  3.984 0.1111110002
70644  -51.106  13.443  3.255 0.1111110002
70650  -52.244  13.410  2.293 0.1111110002
69786  -52.964  12.663  0.901 0.2222220004
68910  -55.385  11.716  -1.552 0.4444440007
68923  -56.481  11.608  -2.593 0.4444440007
72389  -49.908  14.800  6.199 0.1111110002
112476  -50.724  14.906  5.927 0.1111110002
72390  -51.532  15.319  5.868 0.1111110002
71497  -51.063  14.659  5.308 0.1111110002
72396  -51.855  14.894  5.081 0.1111110002
71496  -50.253  14.514  5.450 0.1111110002
71505  -52.145  14.630  4.334 0.1111110002
71504  -51.326  14.401  4.545 0.1111110002
71509  -51.603  14.105  3.780 0.1111110002
71515  -52.698  14.106  2.793 0.1111110002
70651  -53.011  13.771  2.037 0.1111110002
70661  -53.318  13.440  1.289 0.1111110002
70671  -53.656  13.101  0.601 0.2222220004
69813  -54.997  12.168  -1.219 0.3333329856
69814  -55.639  12.548  -1.713 0.3333329856
69825  -56.148  12.245  -2.386 0.3333329856
73255  -52.304  15.953  5.916 0.1111110002
128704  -52.261  15.436  5.403 0.1111110002
72397  -52.622  15.209  4.802 0.1111110002
71510  -52.424  14.372  3.572 0.1111110002
71511  -53.224  14.656  3.342 0.1111110002
71524  -53.760  14.184  1.749 0.1111110002
70662  -54.074  13.849  1.000 0.1111110002
70691  -56.067  13.442  -1.636 0.2222220004
70701  -56.481  13.315  -2.449 0.2222220004
69826  -56.957  13.322  -3.370 0.2222220004
131692  -56.776  12.343  -3.128 0.2222220004
69837  -57.318  13.068  -4.127 0.2222220004
69846  -57.868  12.874  -5.537 0.2222220004
72401  -52.987  14.875  4.123 0.1111110002
72402  -53.659  15.181  3.785 0.1111110002
71516  -53.505  14.448  2.547 0.1111110002
71525  -54.544  14.580  1.434 0.1111110002
70692  -56.836  14.126  -2.362 0.1111110002
70702  -57.226  14.450  -3.415 0.2222220004
70712  -57.321  14.318  -4.535 0.2222220004
70713  -57.543  13.576  -5.219 0.2222220004
68959  -57.951  12.440  -5.975 0.2222220004
65277  -56.828  6.790  -5.202 0.2222220004
132031  -56.183  6.522  -5.250 0.2222220004
113033  -55.600  6.977  -5.231 0.2222220004
119322  -55.668  5.853  -5.281 0.2222220004
72398  -53.527  15.648  4.475 0.1111110002
72405  -54.060  15.013  3.124 0.1111110002
71517  -54.309  14.832  2.267 0.1111110002
71535  -54.854  14.271  0.642 0.1111110002
71536  -55.761  14.703  0.222 0.1111110002
71549  -56.240  14.478  -0.688 0.1111110002
71559  -56.625  14.323  -1.643 0.1111110002
71569  -57.209  15.169  -4.075 0.2222220004
63514  -47.786  5.730  -0.289 0.1111110002
71578  -56.942  14.760  -4.738 0.2222220004
69844  -56.935  13.471  -5.780 0.2222220004
133906  -49.154  5.582  -1.076 0.1111110002
70723  -57.180  13.959  -5.275 0.2222220004
69853  -56.556  12.586  -5.828 0.2222220004
113123  -50.147  5.385  -2.090 0.1111110002
68947  -55.854  11.589  -5.430 0.2222220004
69854  -57.304  12.752  -6.024 0.2222220004
68957  -56.827  11.820  -6.024 0.2222220004
68011  -56.353  10.617  -5.690 0.2222220004
67041  -56.852  9.854  -5.855 0.2222220004
67031  -56.021  9.224  -5.443 0.2222220004
66127  -56.969  8.770  -5.708 0.2222220004
65289  -56.303  7.643  -5.383 0.2222220004
133648  -55.788  7.533  -5.260 0.2222220004
63566  -55.127  4.836  -4.548 0.1111110002
72406  -54.836  15.521  2.764 0.1111110002
71526  -55.377  14.980  1.067 0.1111110002
71560  -57.311  15.300  -3.010 0.1111110002
71550  -57.183  15.313  -1.620 0.1111110002
134969  -57.181  15.667  -3.818 0.1111110002
64428  -47.830  5.840  -1.074 0.1111110002
130344  -48.570  5.662  -1.469 0.1111110002
70722  -56.433  14.136  -5.183 0.2222220004
63529  -49.322  5.521  -1.819 0.1111110002
63539  -49.572  5.366  -2.799 0.1111110002
127166  -55.755  12.841  -5.286 0.2222220004
63540  -50.501  5.090  -3.099 0.1111110002
111927  -51.077  5.207  -2.326 0.1111110002
63550  -52.046  4.562  -3.988 0.1111110002
117093  -55.531  10.374  -5.008 0.2222220004
63541  -51.814  4.859  -2.989 0.1111110002
63551  -52.996  4.487  -4.264 0.1111110002
66117  -55.376  8.090  -4.960 0.2222220004
63552  -53.692  4.535  -3.960 0.1111110002
63565  -54.435  4.667  -4.706 0.1111110002
113732  -55.084  5.123  -5.191 0.1111110002
65276  -54.740  6.291  -5.340 0.2222220004
72442  -57.494  16.115  -1.220 0.1111110002
72453  -57.377  16.264  -2.384 0.1111110002
72429  -56.288  15.442  0.597 0.1111110002
71537  -56.705  15.299  -0.407 0.1111110002
72461  -57.182  15.966  -3.339 0.1111110002
72469  -56.843  15.385  -4.228 0.1111110002
116316  -49.973  5.147  -4.068 0.1111110002
71577  -56.288  14.880  -4.637 0.2222220004
70711  -55.503  14.210  -4.565 0.2222220004
63561  -50.814  4.905  -5.074 0.1111110002
63549  -51.060  4.767  -4.110 0.1111110002
134013  -55.252  11.019  -4.819 0.2222220004
67030  -55.024  9.336  -4.575 0.2222220004
67022  -54.113  9.420  -3.888 0.2222220004
63563  -52.709  4.590  -5.132 0.1111110002
63564  -53.639  4.540  -4.931 0.1111110002
66116  -54.744  7.508  -4.885 0.2222220004
64471  -54.279  5.076  -5.433 0.1111110002
72460  -56.713  15.926  -3.663 0.1111110002
72468  -55.903  15.365  -4.025 0.1111110002
70721  -55.127  13.415  -4.621 0.2222220004
122444  -54.104  12.933  -3.936 0.2222220004
68946  -55.017  11.637  -4.679 0.2222220004
119065  -54.175  11.416  -3.946 0.2222220004
63572  -51.483  5.020  -5.761 0.2222220004
63573  -52.153  4.896  -5.641 0.2222220004
64470  -53.472  5.151  -5.653 0.1111110002
66107  -54.423  8.445  -4.393 0.2222220004
65275  -53.855  6.457  -5.344 0.1111110002
66115  -54.028  7.581  -4.668 0.1111110002
67021  -53.090  9.524  -3.448 0.2222220004
64484  -51.994  5.433  -6.069 0.2222220004
65274  -53.060  6.673  -5.534 0.2222220004
66106  -53.544  8.547  -3.982 0.2222220004
64469  -52.709  5.240  -5.891 0.1111110002
66114  -53.238  7.781  -4.549 0.2222220004
59685  -52.061  2.374  23.395 0.3333329856
58741  -51.484  0.685  23.872 0.2222220004
60608  -52.956  3.648  22.449 0.3333329856
60627  -53.283  2.801  21.908 0.3333329856
66993  -60.488  9.293  0.597 0.1111110002
64188  -54.453  5.868  26.198 0.1111110002
63258  -54.824  5.727  25.455 0.1111110002
62374  -55.604  4.514  22.256 0.1111110002
61532  -54.872  4.106  22.314 0.1111110002
60578  -54.246  3.007  23.702 0.1111110002
60609  -54.723  3.166  22.126 0.1111110002
131012  -39.851  5.402  15.266 0.1111110002
63345  -39.497  5.095  15.793 0.1111110002
130806  -51.648  1.197  23.664 0.2222220004
62512  -40.756  4.924  12.680 0.1111110002
61530  -51.486  4.269  23.197 0.3333329856
61513  -51.927  3.451  23.499 0.3333329856
62405  -52.651  5.137  21.164 0.3333329856
62386  -52.872  4.739  21.764 0.3333329856
67874  -46.719  10.393  6.185 0.2222220004
120714  -46.137  10.551  6.555 0.2222220004
56882  -38.027  -1.277  21.615 0.2222220004
59755  -38.231  1.294  17.397 0.1111110002
60682  -38.608  1.997  17.210 0.2222220004
61612  -39.411  3.862  16.772 0.1111110002
59662  -51.216  0.950  24.717 0.2222220004
62424  -54.123  5.116  20.048 0.3333329856
56845  -38.739  -1.015  23.281 0.3333329856
128931  -38.771  -1.184  25.434 0.3333329856
124465  -37.371  -2.131  26.773 0.2222220004
124472  -36.488  -1.458  27.205 0.1111110002
62540  -42.628  4.787  11.862 0.1111110002
67883  -46.950  10.818  5.505 0.2222220004
69758  -48.247  12.233  4.137 0.1111110002
109957  -37.973  -1.260  24.327 0.2222220004
111107  -37.742  -1.213  23.394 0.2222220004
131016  -43.454  5.359  11.041 0.1111110002
51952  -24.998  -6.088  52.274 0.1111110002
125984  -34.927  -2.046  22.655 0.1111110002
56881  -37.253  -1.353  21.780 0.2222220004
126765  -35.169  -1.941  23.551 0.1111110002
61550  -53.400  4.023  21.862 0.3333329856
59764  -34.903  1.383  15.826 0.1111110002
60700  -33.505  2.639  15.660 0.1111110002
60701  -34.326  2.731  15.394 0.1111110002
60692  -36.398  2.101  15.812 0.1111110002
59765  -35.661  1.669  15.802 0.1111110002
58832  -35.652  0.947  16.289 0.1111110002
60694  -38.225  2.583  16.622 0.1111110002
61593  -33.464  3.074  17.977 0.1111110002
60681  -32.832  2.649  17.493 0.1111110002
60690  -32.674  2.140  16.601 0.1111110002
61601  -32.959  3.569  17.204 0.1111110002
61600  -32.749  2.911  16.667 0.1111110002
60691  -32.932  2.432  16.108 0.1111110002
123006  -32.936  3.748  16.543 0.1111110002
62458  -33.256  4.312  16.110 0.1111110002
60702  -35.190  2.795  15.346 0.1111110002
61620  -35.526  3.536  15.260 0.1111110002
60703  -36.006  2.803  15.476 0.1111110002
61622  -37.363  3.525  15.712 0.1111110002
60704  -36.716  2.834  15.666 0.1111110002
61623  -38.226  4.003  16.011 0.1111110002
63319  -34.807  5.190  17.905 0.1111110002
62445  -33.960  4.851  17.545 0.1111110002
62444  -33.197  4.481  16.982 0.1111110002
63338  -33.404  5.070  16.542 0.1111110002
63330  -34.077  5.704  17.365 0.1111110002
65121  -34.426  7.222  15.789 0.1111110002
62472  -33.939  4.602  15.410 0.1111110002
62491  -35.571  5.101  14.928 0.1111110002
62475  -36.977  4.345  15.307 0.1111110002
64270  -35.539  6.582  14.709 0.1111110002
62493  -37.497  5.135  15.117 0.1111110002
64239  -35.554  6.324  18.156 0.1111110002
63331  -34.758  6.109  17.737 0.1111110002
65114  -34.580  7.370  16.836 0.1111110002
63369  -39.908  5.188  13.065 0.1111110002
63366  -37.495  6.191  14.016 0.1111110002
64285  -37.848  6.479  13.110 0.1111110002
63378  -39.308  5.525  12.463 0.1111110002
63393  -40.340  5.472  11.499 0.1111110002
62525  -40.821  5.040  11.920 0.1111110002
128937  -42.301  5.004  11.545 0.1111110002
64305  -38.738  7.139  11.760 0.1111110002
64306  -39.364  6.543  11.387 0.1111110002
112778  -40.018  6.107  11.077 0.1111110002
63395  -41.870  5.252  11.247 0.1111110002
63413  -42.282  5.727  10.602 0.1111110002
128143  -40.272  7.482  10.433 0.1111110002
64336  -42.146  6.831  9.717 0.1111110002
63414  -43.078  5.715  10.531 0.1111110002
117349  -44.288  7.016  9.730 0.1111110002
65177  -40.830  7.513  10.032 0.1111110002
65187  -42.345  7.580  9.244 0.1111110002
65190  -45.155  7.727  9.539 0.3333329856
124380  -44.439  8.738  8.473 0.2222220004
66853  -38.946  9.184  12.838 0.1111110002
66011  -39.491  8.627  11.401 0.1111110002
66901  -43.713  10.082  7.792 0.1111110002
66869  -39.890  9.243  11.752 0.1111110002
66909  -44.492  10.191  7.540 0.2222220004
66911  -46.112  9.881  7.645 0.3333329856
67858  -43.135  10.948  7.899 0.1111110002
67873  -45.539  10.980  6.585 0.2222220004
68823  -45.403  11.766  6.238 0.1111110002
67839  -41.883  10.773  10.062 0.1111110002
129893  -43.012  11.887  9.745 0.1111110002
68804  -42.680  11.739  9.049 0.1111110002
69729  -43.262  12.412  8.628 0.1111110002
68805  -42.990  11.780  8.282 0.1111110002
69735  -43.444  12.426  7.942 0.1111110002
129278  -43.909  12.887  7.682 0.1111110002
70623  -45.242  13.258  6.553 0.1111110002
69743  -45.426  12.524  6.175 0.1111110002
69756  -47.056  12.416  4.931 0.1111110002
68872  -50.762  11.086  2.567 0.2222220004
68873  -51.299  11.391  2.072 0.2222220004
67933  -51.841  10.624  1.983 0.3333329856
67819  -43.944  10.170  11.946 0.1111110002
68786  -44.047  11.802  11.086 0.1111110002
69726  -44.010  12.928  9.899 0.1111110002
70618  -43.745  12.995  8.271 0.1111110002
71480  -44.811  14.062  8.199 0.1111110002
70620  -44.885  13.805  7.347 0.1111110002
70624  -46.141  13.724  6.249 0.1111110002
70627  -46.699  13.409  5.630 0.1111110002
70635  -48.148  13.049  4.520 0.1111110002
116724  -46.051  14.442  9.861 0.1111110002
71477  -45.523  14.428  8.609 0.1111110002
71492  -46.991  14.021  6.015 0.1111110002
71488  -48.379  14.467  6.226 0.1111110002
70643  -50.173  13.116  3.486 0.1111110002
71474  -46.995  14.665  9.778 0.1111110002
129959  -46.675  14.738  8.650 0.1111110002
72382  -47.612  14.969  7.977 0.1111110002
72378  -47.795  15.022  8.708 0.1111110002
72385  -48.296  14.743  6.980 0.1111110002
131166  -48.158  14.970  7.624 0.1111110002
71494  -48.970  14.102  5.263 0.1111110002
134845  -48.362  15.320  8.787 0.1111110002
72386  -49.064  14.846  6.647 0.1111110002
70645  -51.923  13.762  3.041 0.1111110002
70660  -52.565  13.028  1.543 0.1111110002
121489  -49.743  15.379  7.031 0.1111110002
72387  -50.701  15.510  6.617 0.1111110002
69845  -57.455  13.235  -5.641 0.2222220004
68958  -57.536  11.977  -6.189 0.2222220004
72414  -55.084  15.265  1.896 0.1111110002
67042  -57.651  9.754  -6.009 0.2222220004
63528  -48.693  5.585  -2.403 0.1111110002
111877  -51.298  4.843  -3.300 0.1111110002
72430  -57.115  16.047  -0.073 0.1111110002
72415  -55.971  15.669  1.486 0.1111110002
63538  -48.898  5.457  -3.461 0.1111110002
63562  -51.728  4.673  -5.008 0.1111110002
69836  -54.625  12.422  -4.402 0.2222220004
68003  -54.691  10.517  -4.334 0.2222220004
72459  -55.363  15.712  -3.200 0.1111110002
70710  -54.494  13.755  -3.973 0.1111110002
69835  -53.921  12.187  -3.805 0.2222220004
67992  -53.821  10.395  -3.629 0.2222220004
50251  -18.345  -8.393  40.304 0.2222220004
111546  -17.583  -8.627  40.334 0.2222220004
50265  -17.855  -8.452  39.489 0.2222220004
49372  -16.351  -9.007  39.324 0.2222220004
112707  -17.643  -8.421  38.662 0.2222220004
50266  -18.940  -8.101  39.482 0.2222220004
50282  -19.212  -7.846  38.519 0.2222220004
50295  -17.811  -8.254  37.949 0.2222220004
50296  -18.636  -7.920  37.700 0.2222220004
48442  -11.711  -10.046  43.037 0.1111110002
48443  -12.229  -10.142  42.365 0.1111110002
48465  -13.214  -10.319  40.904 0.1111110002
48466  -14.048  -10.546  40.551 0.1111110002
49369  -13.679  -9.418  39.406 0.1111110002
49383  -14.861  -8.998  38.612 0.1111110002
49384  -15.641  -9.089  38.900 0.1111110002
50280  -16.346  -8.739  38.539 0.1111110002
50294  -17.179  -8.235  37.346 0.1111110002
50304  -17.592  -7.919  36.650 0.1111110002
51190  -19.450  -7.615  37.786 0.2222220004
51201  -18.913  -7.514  36.097 0.1111110002
51209  -19.358  -7.037  35.489 0.1111110002
110653  -20.505  -6.549  36.320 0.1111110002
125928  -20.236  -6.061  34.363 0.1111110002
111591  -16.355  -8.415  37.700 0.1111110002
51206  -16.727  -7.146  35.507 0.1111110002
51213  -17.888  -6.758  34.657 0.1111110002
51215  -19.068  -6.755  34.643 0.1111110002
126885  -19.478  -6.259  33.999 0.1111110002
126888  -20.571  -5.604  33.855 0.1111110002
51214  -18.476  -6.708  34.510 0.1111110002
125845  -28.051  -3.018  28.996 0.1111110002
133346  -28.203  -2.410  30.011 0.1111110002
124437  -28.513  -2.200  30.080 0.1111110002
127154  -29.029  -1.990  29.732 0.1111110002
124460  -27.740  -2.261  30.059 0.1111110002
125789  -28.206  -2.225  29.830 0.1111110002
126710  -31.013  -3.093  27.068 0.1111110002
125005  -32.381  -1.062  27.151 0.1111110002
126677  -28.727  -1.746  28.527 0.1111110002
110217  -28.785  -3.280  27.893 0.1111110002
125810  -29.997  -3.507  28.368 0.1111110002
126697  -29.192  -2.825  26.663 0.1111110002
126671  -33.617  0.238  26.794 0.1111110002
110226  -31.477  -0.825  25.688 0.1111110002
126809  -34.478  0.431  27.478 0.1111110002
109937  -32.675  -0.028  25.870 0.1111110002
126803  -36.019  0.933  28.145 0.2222220004
126440  -29.893  -1.925  25.536 0.1111110002
125783  -34.652  0.009  26.047 0.1111110002
125900  -34.921  0.361  27.095 0.1111110002
58808  -38.919  0.328  18.540 0.2222220004
59756  -38.996  1.445  17.738 0.2222220004
67993  -56.917  11.174  -2.717 0.3333329856
113956  -18.665  -8.388  40.936 0.2222220004
125882  -35.907  1.100  27.203 0.1111110002
48433  -12.221  -10.551  43.272 0.1111110002
131653  -12.711  -11.041  43.587 0.1111110002
47473  -13.621  -11.123  42.049 0.1111110002
47474  -14.271  -11.317  41.872 0.1111110002
49370  -15.025  -9.548  39.252 0.1111110002
49371  -15.702  -9.443  39.590 0.1111110002
50264  -17.007  -8.776  39.878 0.2222220004
111093  -19.817  -6.574  34.928 0.1111110002
124627  -28.797  -2.218  29.048 0.1111110002
50281  -18.362  -8.181  38.644 0.2222220004
50279  -15.619  -8.677  38.229 0.1111110002
115572  -17.058  -8.673  39.011 0.2222220004
112130  -17.071  -8.497  38.178 0.2222220004
116684  -19.223  -7.591  37.006 0.1111110002
48454  -13.036  -10.582  41.785 0.1111110002
49345  -12.461  -9.908  41.387 0.1111110002
48475  -13.445  -9.953  40.090 0.1111110002
131086  -14.391  -9.399  39.151 0.1111110002
51199  -17.200  -7.664  36.021 0.1111110002
132601  -16.630  -8.187  37.173 0.1111110002
51189  -18.396  -7.809  36.761 0.1111110002
51208  -18.489  -7.185  35.212 0.1111110002
50293  -16.073  -7.986  36.966 0.1111110002
51200  -18.040  -7.657  35.964 0.1111110002
51207  -17.583  -7.264  35.329 0.1111110002
52100  -16.913  -5.822  34.677 0.1111110002
52102  -18.698  -6.268  33.932 0.1111110002
125846  -28.828  -1.724  28.877 0.1111110002
124496  -27.770  -2.110  29.935 0.1111110002
110228  -28.854  -1.687  25.733 0.1111110002
125788  -29.291  -0.333  24.434 0.1111110002
126701  -30.436  -0.453  24.477 0.1111110002
57014  -52.933  -0.257  10.042 0.1111110002
122382  -53.152  -1.435  10.165 0.1111110002
56049  -53.920  -1.729  10.691 0.1111110002
53313  -55.755  -5.731  12.402 0.1111110002
130750  -54.683  -6.359  13.154 0.1111110002
57017  -51.802  -0.212  8.962 0.1111110002
57948  -51.856  0.864  9.180 0.1111110002
57013  -52.300  -0.494  9.435 0.1111110002
55173  -54.278  -3.000  10.467 0.1111110002
55174  -55.200  -3.517  10.831 0.1111110002
55175  -55.760  -4.126  11.223 0.1111110002
53319  -55.906  -5.610  11.566 0.1111110002
52439  -55.247  -6.364  12.479 0.1111110002
129649  -51.365  1.003  8.601 0.1111110002
56059  -52.172  -1.691  9.420 0.1111110002
53324  -55.887  -5.284  10.884 0.1111110002
52448  -55.849  -6.287  10.777 0.1111110002
57947  -50.967  -0.215  8.131 0.1111110002
52414  -54.982  -6.028  15.066 0.1111110002
58900  -51.429  1.364  9.155 0.1111110002
58887  -52.115  1.166  9.810 0.1111110002
57930  -52.529  0.776  10.350 0.1111110002
132277  -55.834  -5.208  13.929 0.1111110002
114925  -55.571  -5.504  14.430 0.1111110002
59815  -50.545  1.654  8.666 0.1111110002
57931  -52.822  0.294  10.408 0.1111110002
56986  -54.171  -1.220  11.184 0.1111110002
56038  -55.106  -1.904  11.875 0.1111110002
54272  -56.126  -4.134  12.599 0.1111110002
53301  -55.974  -4.908  13.256 0.1111110002
53300  -55.526  -5.841  13.392 0.1111110002
56050  -54.707  -2.149  11.175 0.1111110002
55163  -55.478  -2.883  11.571 0.1111110002
127803  -55.983  -5.053  12.277 0.1111110002
57946  -52.486  0.544  9.810 0.1111110002
118401  -50.713  0.487  7.780 0.1111110002
57950  -50.351  -0.512  7.157 0.1111110002
53289  -55.732  -4.970  15.470 0.1111110002
56984  -53.373  -0.575  11.281 0.1111110002
56985  -54.048  -1.017  11.450 0.1111110002
54241  -56.102  -4.299  14.565 0.1111110002
57001  -53.483  -0.536  10.817 0.1111110002
55149  -56.114  -2.998  12.873 0.1111110002
54254  -56.198  -3.662  13.578 0.1111110002
56025  -55.703  -2.459  12.342 0.1111110002
58902  -50.887  1.290  8.372 0.1111110002
59821  -50.258  1.727  7.867 0.1111110002
56069  -51.359  -2.326  6.018 0.1111110002
56101  -55.493  -2.536  2.711 0.1111110002
130019  -55.263  -3.167  2.037 0.1111110002
55121  -55.392  -3.323  16.051 0.1111110002
59814  -49.569  2.004  8.728 0.1111110002
58899  -50.496  1.544  9.237 0.1111110002
57945  -51.215  1.211  9.786 0.1111110002
57929  -51.774  0.827  10.370 0.1111110002
56983  -52.569  -0.380  11.370 0.1111110002
56008  -55.124  -2.447  14.486 0.1111110002
55126  -54.835  -2.738  15.384 0.1111110002
57921  -52.912  0.237  10.796 0.1111110002
56976  -53.851  -1.253  12.106 0.1111110002
54242  -56.116  -3.134  14.343 0.1111110002
56023  -54.638  -1.734  12.704 0.1111110002
133982  -55.808  -2.304  13.019 0.1111110002
55135  -56.022  -2.665  13.660 0.1111110002
59817  -49.224  2.638  8.626 0.1111110002
56024  -55.259  -1.922  12.573 0.1111110002
59818  -49.820  2.273  8.212 0.1111110002
58904  -50.218  0.691  7.186 0.1111110002
134910  -50.185  0.714  6.636 0.1111110002
57952  -50.411  0.089  6.481 0.1111110002
57022  -50.630  -0.917  6.460 0.1111110002
120842  -52.013  -2.000  5.586 0.1111110002
57037  -54.648  -1.814  4.656 0.1111110002
57038  -55.682  -1.678  4.406 0.1111110002
57050  -56.156  -1.948  3.543 0.1111110002
56071  -52.809  -2.121  5.152 0.1111110002
56088  -54.863  -2.292  3.749 0.1111110002
56099  -53.911  -2.901  3.583 0.1111110002
56102  -56.755  -2.240  2.533 0.1111110002
56116  -56.115  -2.846  1.725 0.1111110002
65047  -54.156  7.860  26.764 0.1111110002
54269  -46.271  -4.497  12.813 0.1111110002
54213  -50.697  -3.857  17.175 0.1111110002
113294  -51.366  -3.713  16.702 0.1111110002
54268  -45.466  -4.580  12.590 0.1111110002
54215  -54.023  -3.422  17.457 0.1111110002
54228  -55.028  -3.520  16.941 0.1111110002
57944  -49.922  0.818  9.618 0.1111110002
59813  -48.484  2.388  9.138 0.1111110002
58898  -49.162  1.260  9.187 0.1111110002
57928  -50.492  0.327  10.231 0.1111110002
57000  -52.219  0.293  10.884 0.1111110002
56037  -52.807  -1.138  12.031 0.1111110002
112316  -53.825  -1.801  12.927 0.1111110002
56011  -54.392  -2.156  13.618 0.1111110002
60746  -49.547  3.007  8.078 0.1111110002
59820  -49.812  2.333  7.330 0.1111110002
59823  -50.015  1.425  6.741 0.1111110002
57953  -50.408  0.852  6.197 0.1111110002
133113  -50.742  0.359  5.915 0.1111110002
57954  -50.962  -0.337  5.906 0.1111110002
58907  -51.399  0.340  5.626 0.1111110002
57955  -52.065  -0.445  5.544 0.1111110002
57956  -53.793  -0.767  5.352 0.1111110002
57027  -54.321  -1.341  5.112 0.1111110002
57028  -55.330  -1.301  4.996 0.1111110002
57962  -56.209  -1.262  4.815 0.1111110002
57963  -56.988  -0.925  4.869 0.1111110002
57040  -57.497  -1.193  4.028 0.1111110002
57024  -51.384  -1.324  5.863 0.1111110002
57025  -52.423  -1.385  5.488 0.1111110002
57051  -57.217  -1.680  3.331 0.1111110002
57026  -53.359  -1.416  5.230 0.1111110002
57036  -53.723  -1.904  4.893 0.1111110002
57052  -57.829  -1.420  3.109 0.1111110002
57069  -57.556  -1.951  2.358 0.1111110002
57070  -57.981  -1.568  2.230 0.1111110002
56902  -47.028  -1.358  20.986 0.1111110002
56925  -46.150  -1.029  19.733 0.1111110002
57867  -44.889  -0.936  17.851 0.1111110002
56956  -43.120  -1.047  15.817 0.1111110002
57895  -42.668  -0.548  14.112 0.1111110002
57914  -42.157  -0.222  12.034 0.1111110002
129275  -42.622  -1.386  10.536 0.1111110002
55169  -44.375  -3.020  10.475 0.1111110002
54224  -49.500  -4.242  15.651 0.1111110002
55158  -43.917  -3.623  10.963 0.1111110002
117378  -44.822  -3.715  11.035 0.1111110002
54286  -46.839  -4.217  12.234 0.1111110002
54250  -48.386  -4.418  13.933 0.1111110002
54237  -49.174  -4.337  14.552 0.1111110002
54284  -45.193  -4.231  11.766 0.1111110002
54225  -50.534  -3.961  16.003 0.1111110002
60736  -47.602  2.621  10.392 0.1111110002
59806  -47.195  1.980  9.980 0.1111110002
54214  -52.487  -3.460  17.047 0.1111110002
60742  -47.795  2.530  9.693 0.1111110002
59812  -47.646  1.646  9.473 0.1111110002
112435  -52.799  -3.340  16.416 0.1111110002
60737  -48.124  3.286  10.028 0.1111110002
119577  -48.524  1.639  9.168 0.1111110002
57943  -48.563  0.260  9.419 0.1111110002
54227  -53.804  -3.101  16.380 0.1111110002
60743  -48.316  2.964  9.365 0.1111110002
55120  -54.633  -2.973  16.147 0.1111110002
61663  -48.668  3.564  9.328 0.1111110002
56999  -50.975  -0.298  10.831 0.1111110002
55133  -53.891  -2.652  14.418 0.1111110002
60745  -48.858  3.033  8.836 0.1111110002
56982  -51.413  -0.938  11.369 0.1111110002
56036  -51.779  -1.560  11.954 0.1111110002
128386  -49.232  3.766  8.550 0.1111110002
61668  -49.606  3.708  7.681 0.1111110002
60749  -49.710  3.023  7.081 0.1111110002
121802  -49.961  2.348  6.502 0.1111110002
59825  -50.442  1.737  5.903 0.1111110002
59826  -51.378  1.700  5.484 0.1111110002
123696  -50.920  0.980  5.678 0.1111110002
128372  -51.673  1.011  5.491 0.1111110002
121550  -53.072  -0.101  5.404 0.1111110002
58909  -53.993  0.055  5.393 0.1111110002
58910  -54.791  0.192  5.406 0.1111110002
57957  -54.867  -0.632  5.291 0.1111110002
116733  -55.665  -0.057  5.400 0.1111110002
57958  -56.047  -0.817  5.181 0.1111110002
57960  -57.622  -0.635  4.546 0.1111110002
116338  -52.956  -0.827  5.416 0.1111110002
116627  -58.001  -0.933  3.728 0.1111110002
57966  -58.284  -0.544  3.285 0.1111110002
57965  -58.201  -1.047  2.823 0.1111110002
57868  -45.933  -0.782  18.940 0.1111110002
112575  -45.758  -0.546  17.968 0.1111110002
57880  -45.196  -0.574  17.128 0.1111110002
57892  -45.066  -0.190  15.388 0.1111110002
60720  -48.754  2.137  12.912 0.1111110002
57879  -44.552  -0.862  17.232 0.1111110002
57891  -44.489  -0.464  15.743 0.1111110002
58860  -43.853  0.225  13.009 0.1111110002
58868  -43.682  0.374  12.029 0.1111110002
60726  -48.425  2.655  12.018 0.1111110002
60725  -47.882  1.870  12.414 0.1111110002
60730  -47.675  2.415  11.384 0.1111110002
57905  -43.258  -0.138  13.551 0.1111110002
57920  -42.846  0.058  11.356 0.1111110002
56992  -43.369  -1.133  10.219 0.1111110002
55170  -45.259  -3.129  10.468 0.1111110002
59800  -47.149  1.994  10.741 0.1111110002
55159  -45.811  -3.718  11.152 0.1111110002
54270  -47.572  -4.203  12.573 0.1111110002
54251  -49.191  -4.158  13.421 0.1111110002
59811  -46.841  1.262  9.724 0.1111110002
115955  -47.243  0.852  9.409 0.1111110002
54252  -49.887  -4.143  13.950 0.1111110002
54238  -50.295  -4.130  14.838 0.1111110002
134207  -50.909  -3.917  15.332 0.1111110002
57942  -47.415  0.025  9.288 0.1111110002
57011  -48.150  -0.798  9.511 0.1111110002
58897  -48.015  0.896  9.281 0.1111110002
120024  -48.838  -1.439  10.027 0.1111110002
56998  -49.810  -0.974  10.423 0.1111110002
54226  -51.631  -3.699  15.891 0.1111110002
57012  -49.221  -0.384  9.811 0.1111110002
56048  -50.298  -1.554  11.048 0.1111110002
56035  -50.643  -2.248  11.740 0.1111110002
56021  -51.267  -2.582  12.503 0.1111110002
55131  -51.593  -3.465  13.955 0.1111110002
130563  -52.206  -3.396  14.672 0.1111110002
55148  -52.024  -2.758  13.229 0.1111110002
55132  -52.633  -3.026  14.156 0.1111110002
55125  -53.437  -3.031  15.219 0.1111110002
114823  -52.102  -2.011  12.510 0.1111110002
56010  -53.220  -2.448  13.512 0.1111110002
62556  -49.558  4.312  8.099 0.1111110002
61671  -49.835  3.730  6.949 0.1111110002
61672  -50.155  3.234  6.322 0.1111110002
120711  -57.833  0.392  4.764 0.1111110002
60771  -57.985  2.066  3.906 0.1111110002
59835  -58.504  1.173  3.305 0.1111110002
60772  -58.737  2.074  2.791 0.1111110002
60753  -50.377  2.563  5.945 0.1111110002
59827  -52.498  1.494  5.398 0.1111110002
120602  -53.294  0.749  5.397 0.1111110002
119096  -54.270  0.839  5.406 0.1111110002
58912  -57.175  0.263  5.417 0.1111110002
58913  -57.605  -0.007  4.983 0.1111110002
122702  -57.836  1.192  4.742 0.1111110002
58908  -52.333  0.519  5.450 0.1111110002
57959  -56.656  -0.258  5.348 0.1111110002
58916  -58.158  0.507  4.067 0.1111110002
58915  -58.060  -0.217  4.155 0.1111110002
58918  -58.523  0.191  3.122 0.1111110002
59846  -58.884  0.841  2.264 0.1111110002
57974  -58.509  -0.428  2.517 0.1111110002
58884  -43.990  0.144  10.397 0.1111110002
56044  -44.818  -2.327  10.009 0.1111110002
55171  -46.010  -3.148  10.515 0.1111110002
134618  -47.017  -3.603  11.224 0.1111110002
55145  -48.258  -3.863  12.146 0.1111110002
58896  -46.612  0.536  9.493 0.1111110002
55146  -48.975  -3.893  12.596 0.1111110002
60731  -48.118  3.132  11.025 0.1111110002
56047  -48.625  -2.182  10.411 0.1111110002
55162  -49.715  -2.994  11.754 0.1111110002
114403  -49.581  -3.548  12.420 0.1111110002
54253  -50.685  -3.875  13.934 0.1111110002
115004  -49.784  -2.376  11.239 0.1111110002
55147  -50.364  -3.158  12.422 0.1111110002
111612  -50.978  -3.367  13.161 0.1111110002
54239  -51.345  -3.767  14.804 0.1111110002
129796  -49.386  -1.964  10.662 0.1111110002
54240  -52.452  -3.419  15.490 0.1111110002
61659  -48.672  3.931  9.958 0.1111110002
62553  -49.447  4.519  8.671 0.1111110002
60760  -57.333  1.734  5.832 0.1111110002
61690  -57.639  2.926  4.325 0.1111110002
61702  -58.956  2.755  2.492 0.1111110002
61679  -50.663  3.065  5.774 0.1111110002
59831  -57.033  1.083  5.811 0.1111110002
60754  -50.969  2.474  5.556 0.1111110002
60755  -52.030  2.524  5.397 0.1111110002
118127  -53.135  2.316  5.411 0.1111110002
59828  -53.677  1.567  5.403 0.1111110002
59829  -54.803  1.569  5.497 0.1111110002
119367  -55.274  0.758  5.475 0.1111110002
58911  -56.318  0.526  5.579 0.1111110002
113606  -59.041  1.504  2.221 0.1111110002
128999  -59.096  1.535  1.548 0.1111110002
58840  -50.706  0.872  16.266 0.1111110002
129937  -50.135  0.795  15.962 0.1111110002
134024  -49.435  1.346  14.269 0.1111110002
58854  -49.088  0.766  15.031 0.1111110002
58847  -49.561  0.717  15.681 0.1111110002
59781  -49.001  1.012  14.408 0.1111110002
59790  -49.048  1.562  13.747 0.1111110002
59789  -48.310  1.534  13.249 0.1111110002
113944  -47.288  1.826  11.662 0.1111110002
59799  -46.719  1.438  11.309 0.1111110002
59805  -46.647  1.448  10.332 0.1111110002
57010  -47.175  -1.037  9.425 0.1111110002
56033  -48.184  -3.337  11.342 0.1111110002
55161  -48.957  -3.446  11.854 0.1111110002
61644  -48.940  3.375  11.677 0.1111110002
56034  -48.967  -2.770  11.085 0.1111110002
61650  -48.688  3.766  10.722 0.1111110002
63421  -49.737  4.956  9.959 0.1111110002
63425  -49.725  5.029  9.070 0.1111110002
61664  -49.148  4.381  9.410 0.1111110002
62554  -49.782  4.979  8.244 0.1111110002
63429  -50.380  5.372  7.777 0.1111110002
63430  -51.168  5.662  7.449 0.1111110002
63439  -50.624  5.042  6.913 0.1111110002
61669  -49.912  4.539  7.400 0.1111110002
62563  -50.324  4.191  6.531 0.1111110002
62564  -51.048  4.595  6.176 0.1111110002
62565  -51.946  4.772  6.104 0.1111110002
61673  -50.774  3.773  5.878 0.1111110002
62572  -51.595  4.042  5.718 0.1111110002
61681  -53.069  3.594  5.574 0.1111110002
60756  -53.616  3.001  5.515 0.1111110002
61682  -53.917  3.674  5.729 0.1111110002
60759  -56.872  1.993  6.223 0.1111110002
122480  -57.393  2.511  6.090 0.1111110002
60762  -57.560  2.201  5.187 0.1111110002
61701  -58.241  2.860  3.328 0.1111110002
120934  -52.212  3.436  5.508 0.1111110002
60757  -54.578  3.078  5.759 0.1111110002
60758  -55.554  2.365  5.892 0.1111110002
59830  -55.995  1.386  5.737 0.1111110002
61680  -51.341  3.236  5.555 0.1111110002
122041  -52.815  2.968  5.444 0.1111110002
118062  -54.211  2.337  5.504 0.1111110002
60785  -59.442  2.290  1.587 0.1111110002
60811  -59.862  2.616  0.849 0.1111110002
59775  -49.720  1.122  14.806 0.1111110002
60710  -49.962  1.753  14.111 0.1111110002
58853  -48.393  0.693  14.815 0.1111110002
60721  -49.602  2.289  13.319 0.1111110002
59780  -48.196  0.993  13.947 0.1111110002
59795  -47.123  1.298  12.296 0.1111110002
58879  -46.049  1.015  10.853 0.1111110002
58886  -46.132  0.949  9.940 0.1111110002
56046  -48.070  -2.682  10.591 0.1111110002
60727  -49.272  2.826  12.537 0.1111110002
62550  -49.211  4.410  10.397 0.1111110002
63422  -50.372  5.411  9.586 0.1111110002
63440  -51.478  5.275  6.702 0.1111110002
63441  -52.402  5.375  6.671 0.1111110002
62566  -52.862  4.834  6.155 0.1111110002
62574  -53.359  4.255  5.849 0.1111110002
62575  -54.225  4.251  6.148 0.1111110002
131410  -54.693  3.680  6.066 0.1111110002
61677  -57.451  3.184  6.618 0.1111110002
61684  -57.486  3.130  5.565 0.1111110002
62573  -52.490  4.188  5.736 0.1111110002
60750  -56.732  2.737  6.699 0.1111110002
60751  -57.242  2.575  6.507 0.1111110002
59698  -51.894  1.386  23.154 0.2222220004
58751  -51.907  0.855  22.358 0.2222220004
58765  -51.647  0.485  21.597 0.1111110002
59699  -52.363  1.706  22.612 0.2222220004
58766  -52.406  1.161  21.664 0.2222220004
58780  -51.920  0.643  20.827 0.1111110002
58799  -52.405  0.705  19.083 0.1111110002
58798  -51.475  0.565  19.251 0.1111110002
58813  -51.709  0.659  18.368 0.1111110002
116044  -51.054  0.651  17.724 0.1111110002
58812  -50.826  0.544  18.585 0.1111110002
58841  -51.624  1.125  16.463 0.1111110002
58827  -50.455  0.608  17.103 0.1111110002
58839  -49.913  0.626  16.475 0.1111110002
59782  -50.543  1.558  14.848 0.1111110002
59776  -50.320  1.062  15.501 0.1111110002
58864  -47.280  0.733  13.774 0.1111110002
60711  -50.837  2.142  14.301 0.1111110002
58871  -46.252  0.876  12.065 0.1111110002
118381  -45.316  0.617  10.222 0.1111110002
57941  -46.469  -0.311  9.364 0.1111110002
112449  -45.842  0.292  9.613 0.1111110002
57009  -46.283  -1.240  9.465 0.1111110002
56996  -46.919  -1.938  9.705 0.1111110002
56997  -47.888  -1.857  9.870 0.1111110002
61645  -49.789  3.478  12.219 0.1111110002
61651  -49.588  4.090  11.385 0.1111110002
61652  -50.282  3.957  12.021 0.1111110002
62541  -50.491  4.472  11.563 0.1111110002
62542  -51.333  4.678  11.754 0.1111110002
63416  -50.009  4.754  10.816 0.1111110002
63400  -50.847  5.033  11.038 0.1111110002
63401  -51.762  5.200  11.243 0.1111110002
63417  -51.249  5.571  10.284 0.1111110002
64329  -52.013  6.126  9.673 0.1111110002
64330  -52.970  6.353  9.946 0.1111110002
64339  -51.830  6.221  8.747 0.1111110002
64340  -52.659  6.478  9.108 0.1111110002
63426  -50.335  5.485  8.667 0.1111110002
63427  -51.054  5.872  8.276 0.1111110002
64354  -52.478  6.152  7.770 0.1111110002
64346  -51.808  6.113  7.954 0.1111110002
62569  -57.310  3.828  7.484 0.1111110002
62560  -57.705  4.257  7.641 0.1111110002
63431  -52.001  5.807  7.285 0.1111110002
63442  -53.421  5.361  6.776 0.1111110002
61674  -55.320  4.017  6.728 0.1111110002
62568  -56.440  4.009  7.591 0.1111110002
62570  -57.687  3.846  7.093 0.1111110002
117210  -57.617  3.696  6.316 0.1111110002
114738  -53.659  4.750  6.277 0.1111110002
61675  -56.624  3.377  7.167 0.1111110002
123521  -57.775  3.656  3.682 0.1111110002
133750  -52.843  1.991  22.111 0.2222220004
59711  -53.103  1.773  21.360 0.2222220004
59736  -53.063  1.017  19.814 0.2222220004
58828  -51.972  0.854  17.394 0.1111110002
58814  -52.641  0.795  18.220 0.1111110002
59777  -51.198  1.459  15.576 0.1111110002
59768  -52.538  1.319  16.716 0.1111110002
59778  -52.134  1.642  15.930 0.1111110002
59783  -51.214  1.907  14.873 0.1111110002
60705  -51.857  2.051  15.220 0.1111110002
61639  -50.878  3.161  13.238 0.1111110002
60723  -51.241  2.759  13.872 0.1111110002
61638  -50.109  2.950  12.915 0.1111110002
132700  -51.638  3.374  13.491 0.1111110002
61647  -51.312  3.757  12.874 0.1111110002
61646  -50.560  3.577  12.598 0.1111110002
62531  -50.960  4.166  12.252 0.1111110002
62532  -51.879  4.336  12.495 0.1111110002
62543  -52.077  4.825  11.893 0.1111110002
63402  -52.653  5.230  11.634 0.1111110002
63418  -52.466  5.759  10.708 0.1111110002
64341  -53.573  6.595  9.340 0.1111110002
64347  -52.524  6.376  8.358 0.1111110002
64348  -54.074  6.512  8.679 0.1111110002
64355  -53.303  6.315  7.979 0.1111110002
64356  -54.420  6.010  7.954 0.1111110002
62557  -55.000  5.245  7.567 0.1111110002
62558  -56.175  4.694  7.982 0.1111110002
62559  -57.245  4.336  7.966 0.1111110002
63432  -52.850  5.864  7.301 0.1111110002
118697  -53.615  5.860  7.431 0.1111110002
63433  -54.173  5.518  7.259 0.1111110002
114045  -55.427  4.577  7.305 0.1111110002
62567  -54.458  4.871  6.788 0.1111110002
123568  -52.654  2.843  22.802 0.2222220004
61531  -52.386  4.009  22.975 0.2222220004
59721  -53.447  1.659  20.529 0.2222220004
59737  -53.955  1.640  19.594 0.2222220004
59749  -53.310  0.960  18.911 0.2222220004
59750  -54.041  1.367  18.558 0.2222220004
113020  -53.412  0.997  18.175 0.1111110002
59759  -53.865  1.333  17.734 0.2222220004
59769  -53.491  1.518  16.943 0.1111110002
60706  -52.581  2.135  15.535 0.1111110002
60707  -53.468  2.460  15.531 0.1111110002
60712  -51.611  2.418  14.534 0.1111110002
61630  -53.843  3.350  14.378 0.1111110002
61629  -52.921  3.179  14.237 0.1111110002
62521  -53.746  4.121  13.340 0.1111110002
61628  -52.038  3.016  14.125 0.1111110002
61640  -51.991  3.891  13.153 0.1111110002
62520  -52.809  4.164  13.091 0.1111110002
62534  -53.665  4.553  12.771 0.1111110002
62533  -52.762  4.709  12.338 0.1111110002
63384  -53.553  5.107  12.093 0.1111110002
63404  -54.465  5.585  11.843 0.1111110002
64312  -54.149  6.174  11.008 0.1111110002
64332  -54.867  6.465  10.567 0.1111110002
64342  -54.771  6.540  9.628 0.1111110002
64349  -55.264  6.204  8.829 0.1111110002
64350  -56.536  5.789  8.913 0.1111110002
63434  -55.673  5.509  8.346 0.1111110002
63435  -57.070  5.036  8.474 0.1111110002
63443  -57.832  4.757  7.183 0.1111110002
60647  -53.994  2.464  20.489 0.2222220004
60664  -54.547  2.684  19.733 0.2222220004
61567  -53.858  4.203  21.090 0.2222220004
60665  -55.128  3.116  18.933 0.2222220004
60677  -55.168  2.478  18.204 0.2222220004
60678  -55.503  3.136  18.175 0.2222220004
60698  -55.150  2.410  16.829 0.1111110002
60708  -54.612  2.619  15.905 0.1111110002
62503  -54.302  3.824  13.866 0.1111110002
115903  -54.506  4.941  12.564 0.1111110002
64299  -55.584  5.818  12.081 0.1111110002
64313  -55.134  6.203  11.361 0.1111110002
64333  -55.871  6.439  10.974 0.1111110002
112685  -56.677  6.417  10.540 0.1111110002
115152  -55.653  6.445  10.284 0.1111110002
63300  -53.593  5.059  20.728 0.2222220004
61586  -54.745  3.754  19.755 0.2222220004
61587  -55.174  4.016  19.142 0.2222220004
62425  -54.748  4.752  19.565 0.2222220004
62426  -55.311  4.648  18.786 0.2222220004
61607  -55.868  3.577  17.703 0.2222220004
61627  -56.109  3.348  15.918 0.2222220004
61631  -54.987  3.511  14.626 0.1111110002
62505  -56.151  3.958  14.594 0.1111110002
63359  -56.906  4.598  14.367 0.1111110002
62504  -55.231  3.979  13.983 0.1111110002
62522  -54.706  4.355  13.292 0.1111110002
63374  -55.552  4.853  12.994 0.1111110002
63386  -56.125  5.464  12.745 0.1111110002
63385  -55.205  5.324  12.438 0.1111110002
64300  -56.703  5.973  12.425 0.1111110002
64314  -56.246  6.202  11.700 0.1111110002
64334  -57.049  6.519  11.350 0.1111110002
65183  -57.574  7.060  10.867 0.1111110002
63336  -56.180  5.413  17.622 0.2222220004
62471  -56.721  4.868  16.662 0.2222220004
63360  -57.139  5.256  15.353 0.1111110002
61632  -55.871  3.513  15.198 0.1111110002
62506  -56.898  4.350  15.090 0.2222220004
63375  -56.714  5.093  13.526 0.1111110002
63387  -57.071  5.871  13.191 0.1111110002
131533  -56.943  5.362  16.192 0.2222220004
64257  -56.828  6.253  16.161 0.2222220004
64268  -57.047  6.497  15.412 0.1111110002
66943  -58.257  10.163  5.144 0.1111110002
114340  -58.032  9.091  4.777 0.1111110002
66054  -57.436  8.023  6.196 0.2222220004
118673  -57.693  9.136  5.806 0.1111110002
111686  -57.541  8.246  5.223 0.1111110002
65218  -57.641  7.389  3.969 0.1111110002
66060  -58.395  8.968  3.986 0.1111110002
66065  -58.200  8.088  3.609 0.1111110002
65219  -58.156  7.244  3.241 0.1111110002
112928  -58.695  8.818  3.282 0.1111110002
66072  -58.558  7.988  2.940 0.1111110002
67006  -60.948  9.588  -1.372 0.2222220004
66093  -61.055  8.325  -1.480 0.1111110002
67011  -60.828  9.851  -2.739 0.2222220004
66110  -60.690  9.006  -3.203 0.2222220004
66109  -60.220  8.604  -4.066 0.2222220004
67023  -60.177  9.532  -4.579 0.2222220004
66108  -59.258  8.004  -4.627 0.2222220004
68004  -59.631  10.956  -5.146 0.2222220004
67033  -59.717  9.920  -5.102 0.2222220004
66118  -58.772  8.299  -5.296 0.2222220004
67044  -59.162  10.265  -5.524 0.2222220004
67032  -59.017  9.300  -5.505 0.2222220004
66129  -58.267  8.904  -5.726 0.2222220004
130252  -57.638  8.571  -5.693 0.2222220004
67880  -58.193  11.561  6.214 0.2222220004
67899  -58.746  11.186  4.614 0.1111110002
66944  -58.616  10.043  4.332 0.1111110002
67913  -59.080  11.147  3.873 0.1111110002
66958  -58.966  9.911  3.596 0.1111110002
67924  -59.406  11.084  3.128 0.1111110002
66970  -59.300  9.700  2.857 0.1111110002
67001  -60.857  9.164  -0.442 0.2222220004
66098  -60.949  8.875  -2.323 0.1111110002
121302  -60.959  9.957  -2.025 0.2222220004
63327  -55.463  5.403  18.452 0.2222220004
63313  -54.965  5.335  19.040 0.2222220004
68820  -57.948  12.219  7.738 0.1111110002
62456  -56.351  4.190  17.190 0.2222220004
60646  -53.572  2.342  21.125 0.2222220004
61568  -54.266  4.441  20.334 0.2222220004
61585  -54.279  3.471  20.502 0.2222220004
56060  -52.560  -2.506  9.631 0.1111110002
54287  -55.980  -4.645  11.726 0.1111110002
132602  -54.477  -1.465  11.561 0.1111110002
55164  -55.937  -3.500  12.029 0.1111110002
111815  -55.900  -3.904  15.663 0.1111110002
55127  -55.780  -3.009  15.144 0.1111110002
56977  -54.603  -1.413  12.028 0.1111110002
54229  -55.578  -4.232  16.367 0.1111110002
55134  -55.723  -2.680  14.271 0.1111110002
56012  -55.384  -2.219  13.481 0.1111110002
57039  -56.699  -1.456  4.231 0.1111110002
56087  -53.892  -2.382  4.299 0.1111110002
54285  -46.050  -4.211  12.005 0.1111110002
56022  -52.926  -1.859  12.754 0.1111110002
133472  -57.299  -0.331  5.086 0.1111110002
56118  -57.519  -2.170  1.491 0.1111110002
131331  -47.796  -1.678  21.945 0.1111110002
130985  -46.761  -0.758  19.947 0.1111110002
56942  -45.191  -1.067  18.645 0.1111110002
56941  -44.470  -1.423  18.419 0.1111110002
57884  -43.851  -0.824  16.175 0.1111110002
57890  -43.708  -0.602  15.346 0.1111110002
56950  -43.312  -1.277  16.623 0.1111110002
57889  -42.911  -0.793  14.999 0.1111110002
57896  -43.517  -0.380  14.476 0.1111110002
57919  -42.133  -0.501  11.252 0.1111110002
57904  -42.391  -0.313  13.114 0.1111110002
57903  -41.585  -0.625  12.700 0.1111110002
57915  -42.991  0.085  12.510 0.1111110002
55168  -43.533  -2.876  10.546 0.1111110002
56043  -43.903  -2.159  10.169 0.1111110002
56991  -42.625  -0.660  10.707 0.1111110002
54249  -47.514  -4.457  13.541 0.1111110002
54271  -48.333  -4.218  13.010 0.1111110002
57848  -46.618  -0.552  19.300 0.1111110002
57869  -46.525  -0.348  18.508 0.1111110002
57886  -45.364  -0.288  16.181 0.1111110002
57885  -44.563  -0.658  16.563 0.1111110002
57906  -44.133  -0.003  13.907 0.1111110002
57926  -43.358  -0.180  10.540 0.1111110002
57927  -44.033  -0.431  10.044 0.1111110002
56993  -44.354  -1.360  9.860 0.1111110002
56045  -45.708  -2.521  10.005 0.1111110002
55172  -46.589  -3.411  10.900 0.1111110002
114848  -46.640  -3.863  11.517 0.1111110002
59832  -57.471  0.731  5.357 0.1111110002
58926  -58.717  0.220  2.204 0.1111110002
115992  -47.627  1.174  13.129 0.1111110002
55160  -47.429  -3.808  11.671 0.1111110002
132032  -49.452  -3.871  12.887 0.1111110002
115317  -50.024  -3.781  13.147 0.1111110002
128185  -51.177  0.780  16.964 0.1111110002
60722  -50.443  2.501  13.621 0.1111110002
61683  -55.566  3.210  6.363 0.1111110002
61676  -57.306  3.218  7.021 0.1111110002
58781  -52.724  1.097  20.701 0.2222220004
115031  -52.163  0.693  19.965 0.2222220004
112835  -50.221  0.527  17.942 0.1111110002
127456  -50.412  5.193  10.360 0.1111110002
63423  -51.099  5.853  9.200 0.1111110002
120862  -53.206  6.536  8.672 0.1111110002
59758  -52.987  1.084  17.511 0.1111110002
60696  -53.031  1.857  16.172 0.1111110002
60713  -52.532  2.593  14.841 0.1111110002
63419  -53.352  6.111  10.656 0.1111110002
63403  -53.406  5.666  11.350 0.1111110002
64331  -53.918  6.509  10.187 0.1111110002
121536  -54.702  2.085  18.877 0.2222220004
60686  -54.439  1.810  17.262 0.1111110002
60697  -54.049  2.068  16.418 0.1111110002
60714  -53.382  2.911  14.801 0.1111110002
61625  -54.236  2.988  15.101 0.1111110002
61641  -52.445  3.566  13.643 0.1111110002
61642  -53.333  3.699  13.745 0.1111110002
61598  -55.540  3.818  18.476 0.2222220004
60687  -55.073  2.194  17.595 0.2222220004
60688  -55.537  2.786  17.556 0.2222220004
61616  -55.991  3.245  16.816 0.2222220004
61615  -55.508  2.875  16.192 0.1111110002
61626  -55.250  3.096  15.466 0.1111110002
62442  -55.857  4.497  18.039 0.2222220004
62470  -56.582  3.941  16.303 0.2222220004
62523  -55.933  4.422  13.754 0.1111110002
62488  -56.935  4.537  15.829 0.2222220004
66933  -57.991  10.376  6.021 0.1111110002
66064  -57.828  8.205  4.357 0.1111110002
129373  -58.926  8.636  2.748 0.1111110002
66097  -60.464  8.106  -3.069 0.1111110002
66119  -59.586  8.831  -4.952 0.2222220004
67043  -58.499  10.074  -5.880 0.2222220004
68013  -58.110  11.284  -6.178 0.2222220004
43409  -4.232  -14.839  52.502 0.1111110002
44588  -1.773  -14.805  50.859 0.1111110002
43430  -1.702  -15.015  50.138 0.1111110002
44574  -4.684  -14.460  53.223 0.1111110002
45557  -3.324  -13.871  52.690 0.1111110002
44582  -2.357  -14.459  51.430 0.1111110002
45560  -2.130  -13.613  51.443 0.1111110002
44587  -1.496  -14.342  50.489 0.1111110002
44592  -1.450  -14.486  49.471 0.1111110002
46437  -1.506  -12.737  49.890 0.1111110002
45568  -1.246  -13.855  48.782 0.1111110002
129388  -1.633  -12.004  49.934 0.1111110002
117376  -1.446  -12.172  49.319 0.1111110002
48356  -1.722  -10.606  50.054 0.1111110002
48343  -2.002  -10.754  50.586 0.1111110002
119579  -1.516  -11.356  49.444 0.1111110002
49248  -1.918  -9.963  50.525 0.1111110002
47384  -1.299  -11.025  48.418 0.1111110002
122161  -1.811  -9.333  50.363 0.1111110002
49252  -1.601  -9.755  49.781 0.1111110002
49239  -2.148  -10.012  50.692 0.1111110002
48367  -1.436  -10.371  49.122 0.1111110002
50131  -1.796  -8.636  50.544 0.1111110002
50141  -1.543  -8.847  49.694 0.1111110002
121332  -2.008  -9.276  50.777 0.1111110002
122797  -2.458  -9.211  50.980 0.1111110002
49262  -1.362  -9.405  48.811 0.1111110002
49274  -1.274  -9.416  47.897 0.1111110002
50118  -2.017  -8.454  51.082 0.1111110002
50119  -2.678  -8.187  51.321 0.1111110002
51953  -1.813  -6.865  51.438 0.1111110002
113184  -2.185  -7.635  51.429 0.1111110002
130596  -2.762  -7.547  51.706 0.1111110002
122844  -1.685  -7.745  50.905 0.1111110002
115001  -1.569  -8.151  50.128 0.1111110002
50120  -3.379  -8.667  51.156 0.1111110002
51069  -1.354  -7.962  48.442 0.1111110002
51962  -1.524  -6.808  50.594 0.1111110002
51981  -1.436  -7.186  48.915 0.1111110002
51036  -3.321  -7.744  51.648 0.1111110002
56879  -35.821  -1.765  21.197 0.1111110002
115737  -59.229  7.489  -3.244 0.1111110002
65256  -58.650  7.320  -2.843 0.1111110002
112704  -51.423  0.244  22.211 0.1111110002
65267  -59.717  7.790  -3.715 0.1111110002
64447  -56.739  6.318  -3.221 0.1111110002
65265  -57.892  6.932  -4.745 0.1111110002
64448  -57.393  6.520  -4.258 0.1111110002
57775  -51.101  -0.211  24.737 0.1111110002
66128  -58.007  7.921  -5.453 0.1111110002
64458  -56.126  5.429  -4.030 0.1111110002
65279  -58.392  7.511  -5.018 0.1111110002
66052  -57.559  8.586  6.701 0.1111110002
120939  -57.865  10.599  6.907 0.1111110002
65278  -57.597  7.096  -5.193 0.1111110002
64459  -56.563  5.848  -4.577 0.1111110002
65290  -57.258  7.725  -5.477 0.1111110002
64444  -48.003  5.734  -2.978 0.1111110002
64457  -48.186  5.676  -4.026 0.1111110002
121561  -45.727  6.398  -1.017 0.1111110002
128538  -46.526  6.300  -1.913 0.1111110002
64443  -47.092  6.088  -2.546 0.1111110002
63548  -49.075  5.384  -4.584 0.1111110002
63560  -49.938  5.172  -5.232 0.1111110002
118057  -45.769  6.484  -1.772 0.1111110002
64468  -48.340  5.667  -5.077 0.1111110002
63559  -49.224  5.486  -5.491 0.1111110002
63570  -49.955  5.385  -5.870 0.1111110002
63571  -50.667  5.191  -5.843 0.1111110002
64483  -51.302  5.562  -6.264 0.1111110002
127373  -52.324  6.206  -6.075 0.1111110002
64467  -47.465  5.919  -4.589 0.1111110002
133792  -48.606  5.814  -5.739 0.1111110002
64482  -50.473  5.693  -6.335 0.1111110002
64491  -49.248  6.566  -6.679 0.1111110002
64492  -50.166  6.455  -6.737 0.1111110002
64493  -51.180  6.464  -6.723 0.1111110002
134178  -51.749  6.061  -6.366 0.1111110002
64442  -46.167  6.424  -2.582 0.1111110002
131029  -53.642  11.022  -3.563 0.1111110002
64455  -46.571  6.271  -3.386 0.1111110002
67020  -52.073  9.334  -3.413 0.1111110002
66104  -51.784  8.643  -3.904 0.1111110002
66105  -52.644  8.584  -3.821 0.1111110002
65273  -52.324  7.395  -5.505 0.1111110002
114402  -52.447  8.017  -4.542 0.1111110002
68935  -53.453  11.557  -3.473 0.1111110002
68934  -52.587  11.398  -2.993 0.1111110002
67991  -53.139  10.659  -3.314 0.1111110002
66113  -51.738  8.281  -4.667 0.1111110002
67990  -52.334  10.259  -3.115 0.1111110002
61360  -37.483  3.203  44.431 0.1111110002
61361  -38.228  3.328  44.190 0.1111110002
133063  -38.929  3.827  43.583 0.1111110002
62220  -39.258  4.231  43.241 0.1111110002
57865  -38.395  -0.251  18.842 0.1111110002
48322  -20.640  -10.959  54.276 0.1111110002
43378  -7.829  -15.038  55.918 0.1111110002
56859  -35.751  -1.806  22.370 0.1111110002
64473  -56.362  5.972  -5.111 0.1111110002
68012  -57.237  10.930  -6.139 0.1111110002
58750  -51.579  0.487  23.000 0.1111110002
65266  -58.771  7.505  -4.260 0.1111110002
68960  -58.497  11.814  -5.862 0.1111110002
44581  -1.596  -14.070  51.071 0.1111110002
45556  -2.756  -13.698  51.980 0.1111110002
45564  -1.412  -13.636  49.704 0.1111110002
45562  -1.527  -13.448  50.596 0.1111110002
111634  -1.275  -12.869  48.908 0.1111110002
48377  -1.278  -10.132  48.184 0.1111110002
120829  -1.304  -9.884  47.297 0.1111110002
120849  -1.405  -8.017  49.312 0.1111110002
131312  -1.353  -8.579  48.847 0.1111110002
50157  -1.295  -8.711  48.101 0.1111110002
51057  -1.454  -7.418  49.928 0.1111110002
130411  -1.652  -6.401  48.936 0.1111110002
64460  -57.095  6.415  -4.966 0.1111110002
64456  -47.359  5.957  -3.577 0.1111110002
134096  -45.122  6.623  -1.973 0.1111110002
115437  -46.850  6.147  -4.122 0.1111110002
64481  -49.450  5.831  -6.180 0.1111110002
64480  -48.499  6.220  -6.198 0.1111110002
128788  -48.513  6.800  -6.664 0.1111110002
65299  -49.077  7.266  -7.127 0.1111110002
65288  -51.864  6.892  -6.304 0.1111110002
66103  -51.069  8.839  -4.107 0.1111110002
66126  -51.859  7.972  -5.723 0.1111110002
65302  -51.626  7.658  -6.694 0.1111110002
40718  -33.270  -18.133  45.620 0.1111110002
41428  -33.909  -17.034  46.281 0.1111110002
41435  -35.304  -17.043  44.979 0.1111110002
41443  -35.553  -16.779  43.675 0.1111110002
42331  -10.508  -16.736  56.028 0.1111110002
42444  -33.030  -16.595  46.408 0.1111110002
42465  -36.115  -16.207  43.399 0.1111110002
43380  -10.199  -16.042  54.255 0.1111110002
43382  -11.840  -15.933  54.129 0.1111110002
43387  -16.598  -15.106  52.916 0.1111110002
43501  -34.437  -15.659  46.114 0.1111110002
43521  -34.779  -15.679  45.550 0.1111110002
43523  -36.254  -14.921  44.966 0.1111110002
43543  -35.852  -15.582  44.575 0.1111110002
43544  -36.240  -14.918  44.064 0.1111110002
44553  -16.491  -14.813  52.758 0.1111110002
44554  -17.141  -14.521  52.865 0.1111110002
44556  -19.495  -14.070  53.117 0.1111110002
44602  -33.066  -14.410  47.317 0.1111110002
44612  -35.363  -14.470  45.855 0.1111110002
45580  -34.114  -13.277  47.053 0.1111110002
45584  -34.591  -13.499  46.521 0.1111110002
45596  -36.468  -13.400  44.322 0.1111110002
46400  -5.362  -11.551  54.565 0.4444440007
46428  -16.874  -12.552  50.825 0.7777780294
46433  -15.446  -12.612  50.666 0.6666669846
47308  -6.580  -11.737  55.161 0.4444440007
47309  -7.398  -11.195  54.405 0.5555559993
47313  -9.053  -11.686  53.174 0.5555559993
47326  -12.563  -11.457  53.036 0.6666669846
47337  -16.801  -12.083  51.151 0.7777780294
47338  -17.983  -10.846  51.329 0.8888890147
47346  -13.815  -11.382  51.143 0.7777780294
47400  -33.003  -11.760  48.145 0.1111110002
47428  -34.834  -11.964  46.365 0.1111110002
47449  -36.585  -11.936  44.488 0.1111110002
48307  -8.482  -11.026  53.406 0.5555559993
48308  -9.485  -10.856  53.229 0.5555559993
48314  -11.252  -10.579  53.060 0.7777780294
48316  -13.497  -10.894  53.183 0.6666669846
48325  -7.061  -10.178  53.232 0.6666669846
48327  -9.909  -11.200  53.138 0.5555559993
48339  -13.341  -10.625  51.764 0.7777780294
48347  -8.406  -10.432  51.436 0.6666669846
48361  -10.640  -10.533  50.412 0.7777780294
48364  -13.069  -10.989  50.787 0.7777780294
48370  -11.968  -10.929  49.931 0.7777780294
48387  -17.331  -10.522  47.656 0.6666669846
48403  -35.459  -10.687  46.378 0.1111110002
48404  -36.273  -10.401  46.091 0.1111110002
48416  -37.441  -10.603  45.076 0.1111110002
48417  -38.209  -10.136  44.824 0.1111110002
48429  -38.454  -10.355  44.244 0.1111110002
49203  -8.363  -10.483  53.446 0.5555559993
49205  -9.578  -9.960  53.258 0.6666669846
49206  -10.054  -9.333  53.526 0.7777780294
49207  -7.186  -10.019  54.184 0.5555559993
49208  -8.218  -10.112  53.492 0.5555559993
49209  -9.193  -10.459  53.185 0.5555559993
49210  -10.034  -10.185  53.209 0.5555559993
49211  -10.644  -9.218  53.995 0.7777780294
49212  -10.937  -9.270  53.676 0.7777780294
49214  -7.763  -9.735  53.509 0.6666669846
49215  -8.634  -9.637  53.090 0.6666669846
49216  -10.387  -10.193  53.258 0.7777780294
49223  -8.541  -9.566  52.954 0.6666669846
49232  -9.634  -9.678  51.998 0.7777780294
49241  -10.650  -9.830  51.596 0.7777780294
49243  -12.279  -10.137  51.572 0.7777780294
49244  -12.881  -10.432  51.584 0.7777780294
49283  -33.461  -9.871  47.599 0.1111110002
49285  -35.054  -9.420  47.260 0.1111110002
50089  -8.748  -10.251  53.250 0.5555559993
50090  -9.664  -9.238  53.547 0.6666669846
50091  -9.816  -9.166  53.847 0.7777780294
50092  -10.428  -8.925  54.157 0.7777780294
50093  -11.290  -8.887  53.388 0.7777780294
50094  -8.783  -9.969  53.156 0.5555559993
50096  -9.521  -8.775  53.471 0.7777780294
50097  -11.004  -9.108  54.141 0.7777780294
50098  -9.102  -9.391  52.814 0.7777780294
50099  -9.793  -9.170  52.728 0.7777780294
50100  -9.866  -9.000  52.924 0.7777780294
50101  -15.806  -10.789  52.643 0.7777780294
50106  -10.278  -9.080  52.791 0.7777780294
50111  -10.704  -9.231  52.569 0.7777780294
50112  -11.023  -9.510  52.079 0.7777780294
50113  -11.852  -9.498  52.268 0.7777780294
50114  -13.397  -10.354  52.303 0.7777780294
50170  -34.237  -8.582  48.087 0.1111110002
50197  -38.445  -8.200  45.495 0.1111110002
51010  -11.037  -8.742  54.144 0.7777780294
51013  -9.800  -8.558  53.761 0.7777780294
51014  -10.347  -8.700  53.275 0.7777780294
51015  -10.875  -8.758  53.163 0.7777780294
51019  -10.589  -8.945  52.924 0.7777780294
51020  -13.276  -9.963  52.645 0.7777780294
51021  -17.654  -7.119  54.055 0.7777780294
51089  -36.051  -7.457  47.147 0.1111110002
51105  -19.795  -7.400  45.506 0.8888890147
51141  -21.353  -7.323  42.806 0.6666669846
51161  -20.654  -7.476  40.153 0.6666669846
51932  -18.429  -6.249  53.532 0.7777780294
51975  -17.743  -6.216  49.947 0.7777780294
51980  -32.640  -6.112  49.196 0.1111110002
52002  -35.491  -6.299  47.453 0.1111110002
52026  -38.014  -6.136  45.894 0.1111110002
52045  -22.216  -6.311  43.382 0.7777780294
52081  -21.468  -6.339  38.088 0.5555559993
52096  -17.143  -6.614  34.881 0.1111110002
52955  -17.935  -5.951  53.723 0.7777780294
52960  -17.690  -5.837  53.400 0.7777780294
52996  -31.064  -5.715  50.165 0.1111110002
53002  -19.059  -5.105  49.221 0.7777780294
53013  -34.918  -5.601  48.057 0.1111110002
53021  -35.909  -5.107  47.221 0.1111110002
53871  -18.481  -4.761  53.101 0.7777780294
53880  -17.956  -5.187  52.204 0.7777780294
53906  -18.650  -4.843  50.897 0.7777780294
53959  -36.956  -4.594  46.341 0.1111110002
53971  -38.009  -5.005  45.253 0.1111110002
54820  -19.034  -4.106  53.061 0.7777780294
54822  -20.500  -3.646  52.431 0.6666669846
54839  -19.410  -3.385  52.076 0.6666669846
54850  -19.626  -3.679  51.111 0.7777780294
54862  -22.383  -2.843  49.169 1.0000000000
54867  -21.541  -3.504  48.511 1.0000000000
54879  -35.257  -2.986  47.098 0.1111110002
54896  -37.345  -3.882  45.779 0.1111110002
54994  -48.838  -3.452  29.431 0.7777780294
55728  -20.503  -2.790  52.278 0.7777780294
55729  -21.274  -2.647  52.183 0.6666669846
55735  -20.570  -2.072  52.069 0.6666669846
55736  -21.098  -1.525  51.939 1.0000000000
55748  -28.739  -2.300  50.328 0.4444440007
55758  -31.743  -2.515  49.244 0.2222220004
55768  -34.246  -2.313  47.796 0.3333329856
55773  -24.069  -2.693  46.599 1.0000000000
55780  -36.432  -2.383  45.666 0.1111110002
55787  -38.226  -2.692  45.151 0.1111110002
55857  -48.653  -2.930  30.508 0.7777780294
55858  -49.529  -2.640  30.390 0.7777780294
55859  -49.779  -2.078  30.152 0.7777780294
55868  -48.387  -3.403  29.881 0.7777780294
55869  -49.792  -2.897  30.031 0.7777780294
55876  -49.433  -3.047  29.341 0.7777780294
55883  -46.623  -2.691  27.433 0.7777780294
55891  -44.607  -2.255  26.194 0.6666669846
55901  -44.439  -2.074  25.510 0.6666669846
55902  -45.132  -2.252  25.771 0.6666669846
56042  -43.086  -2.064  10.395 0.1111110002
56644  -22.138  -1.692  51.846 0.6666669846
56679  -33.074  -1.641  48.383 0.2222220004
56692  -35.636  -1.508  46.437 0.1111110002
56755  -46.985  -1.377  31.440 0.7777780294
56763  -47.389  -1.959  30.887 0.7777780294
56783  -42.938  -0.450  28.271 0.7777780294
56787  -49.903  -2.057  28.821 0.8888890147
56794  -44.363  -1.621  27.331 0.7777780294
56830  -42.424  -1.613  24.969 0.5555559993
56831  -43.602  -1.748  24.526 0.6666669846
56847  -41.759  -1.551  23.380 0.5555559993
56863  -40.251  -1.328  22.532 0.5555559993
56884  -40.236  -1.212  21.847 0.5555559993
57624  -25.782  -0.838  51.079 0.6666669846
57628  -26.649  -0.904  50.453 0.5555559993
57629  -27.478  -0.558  50.232 0.5555559993
57632  -29.793  -1.225  50.210 0.3333329856
57639  -30.336  -0.862  49.435 0.3333329856
57641  -31.787  -0.971  49.164 0.3333329856
57646  -31.651  -0.427  48.464 0.3333329856
57648  -32.898  -0.766  48.177 0.3333329856
57713  -46.206  -0.174  32.903 0.7777780294
57715  -47.281  -0.153  32.460 0.7777780294
57720  -46.603  -0.715  32.037 0.7777780294
57738  -45.228  -0.535  29.956 0.7777780294
57772  -45.038  -0.871  24.148 0.6666669846
57774  -47.182  0.105  25.189 0.7777780294
57785  -43.787  -0.942  23.395 0.6666669846
57799  -44.137  -0.133  22.994 0.6666669846
57814  -42.633  -0.041  21.658 0.6666669846
57846  -38.601  -0.667  19.558 0.1111110002
58574  -26.302  -0.626  50.442 0.6666669846
58580  -28.858  -0.172  50.235 0.3333329856
58594  -32.773  0.091  48.097 0.3333329856
58600  -33.632  0.848  47.326 0.3333329856
58611  -36.383  -0.085  45.716 0.1111110002
58674  -46.435  0.707  33.872 0.7777780294
58683  -47.953  0.465  32.262 0.8888890147
58691  -50.618  0.412  29.864 0.8888890147
58791  -39.943  0.059  19.460 0.4444440007
58809  -40.157  0.771  18.867 0.4444440007
59513  -26.385  -0.356  50.231 0.5555559993
59530  -30.640  0.269  48.469 0.3333329856
59531  -31.081  0.304  48.359 0.3333329856
59539  -31.641  1.038  48.122 0.3333329856
59547  -32.227  1.828  47.613 0.3333329856
59632  -49.575  1.588  31.049 0.7777780294
59639  -50.533  1.887  29.500 0.6666669846
59644  -50.856  1.387  28.297 0.3333329856
59747  -40.166  1.472  18.387 0.3333329856
59751  -54.644  1.782  18.053 0.2222220004
60421  -32.864  2.202  47.207 0.4444440007
60430  -36.165  2.184  45.963 0.1111110002
60444  -37.877  2.712  44.363 0.1111110002
60499  -47.247  2.079  33.469 0.7777780294
60538  -51.420  2.377  27.644 0.3333329856
60577  -53.737  2.766  24.618 0.2222220004
60644  -44.630  2.757  20.412 0.7777780294
60684  -40.512  2.845  17.890 0.4444440007
61347  -35.249  3.251  46.150 0.4444440007
61362  -38.789  3.378  43.866 0.1111110002
61419  -47.669  3.276  33.073 0.8888890147
61444  -50.144  3.328  29.709 0.6666669846
61478  -52.227  3.706  27.014 0.2222220004
61488  -52.746  3.954  26.430 0.2222220004
61499  -54.113  3.683  24.312 0.2222220004
61533  -55.402  3.778  21.560 0.1111110002
61563  -44.998  3.623  20.149 0.7777780294
61606  -42.280  4.522  17.983 0.7777780294
62201  -35.550  4.705  45.897 0.3333329856
62202  -36.086  4.059  45.555 0.3333329856
62213  -39.259  3.442  43.363 0.1111110002
62228  -40.482  4.632  42.238 0.1111110002
62253  -45.076  4.998  38.306 0.1111110002
62304  -49.297  4.821  30.373 0.6666669846
62337  -52.502  4.597  26.878 0.2222220004
62353  -54.000  4.534  24.853 0.2222220004
62361  -54.937  4.948  22.958 0.1111110002
62387  -53.325  4.696  21.389 0.3333329856
62463  -43.362  4.996  16.859 0.7777780294
62482  -44.449  4.609  15.708 0.7777780294
62487  -56.569  3.869  15.483 0.1111110002
63112  -36.233  4.819  45.339 0.3333329856
63119  -36.893  4.777  44.803 0.2222220004
63127  -37.591  4.902  44.163 0.2222220004
63139  -39.585  4.760  42.981 0.4444440007
63149  -40.161  5.165  42.387 0.3333329856
63150  -40.850  5.312  41.994 0.3333329856
63184  -45.050  5.741  38.200 0.1111110002
63188  -45.974  5.402  37.305 0.1111110002
63249  -51.617  5.684  27.766 0.3333329856
63262  -53.392  5.207  25.914 0.2222220004
63264  -54.871  4.865  25.245 0.1111110002
63270  -55.058  5.374  23.769 0.2222220004
63271  -55.206  4.889  23.934 0.1111110002
63325  -54.126  6.083  18.920 0.4444440007
63347  -50.368  5.634  15.775 0.7777780294
63350  -35.314  5.782  14.850 0.1111110002
64085  -40.617  7.102  41.709 0.3333329856
64110  -43.639  6.151  39.359 0.1111110002
64125  -46.346  6.057  37.014 0.1111110002
64167  -49.647  6.628  29.112 0.4444440007
64168  -50.304  6.400  28.662 0.3333329856
64182  -54.007  6.501  27.078 0.1111110002
64197  -54.962  5.488  24.571 0.2222220004
64259  -33.800  6.038  15.986 0.1111110002
64950  -40.234  6.663  42.008 0.4444440007
64956  -42.048  7.183  40.480 0.2222220004
64981  -45.155  7.033  38.136 0.2222220004
64992  -46.405  7.322  36.533 0.1111110002
64993  -47.134  7.636  36.071 0.2222220004
64999  -47.527  8.103  34.478 0.2222220004
65024  -49.135  8.061  29.385 0.3333329856
65057  -52.995  6.971  26.440 0.3333329856
65058  -54.225  7.918  25.963 0.3333329856
65059  -54.257  7.019  26.390 0.1111110002
65064  -53.964  7.004  25.647 0.3333329856
65142  -50.783  7.323  13.448 0.7777780294
65792  -43.076  7.899  39.470 0.2222220004
65832  -47.636  8.887  34.440 0.2222220004
65879  -54.009  9.045  26.627 0.1111110002
65880  -54.151  8.376  26.401 0.1111110002
65891  -54.273  7.941  26.098 0.3333329856
66618  -43.259  8.537  39.210 0.3333329856
66619  -44.028  9.135  38.737 0.2222220004
66631  -45.118  9.167  37.606 0.2222220004
66638  -45.560  9.604  37.106 0.2222220004
66688  -52.498  9.696  29.184 0.2222220004
66689  -52.942  9.437  28.741 0.2222220004
66696  -50.428  9.387  28.565 0.3333329856
66707  -53.039  9.805  26.687 0.3333329856
66708  -53.424  9.755  27.145 0.3333329856
67556  -44.884  9.695  37.887 0.2222220004
67563  -45.003  9.924  37.814 0.2222220004
67564  -45.177  9.739  37.389 0.2222220004
67571  -46.102  9.990  36.517 0.2222220004
67577  -46.876  10.003  36.038 0.2222220004
67602  -47.376  10.314  34.716 0.4444440007
67626  -49.448  10.315  32.704 0.1111110002
67661  -52.986  10.260  28.454 0.2222220004
67674  -50.132  10.073  28.952 0.3333329856
67689  -53.006  10.465  27.074 0.3333329856
67690  -53.182  10.297  27.551 0.3333329856
68014  -58.870  11.083  -5.721 0.2222220004
68532  -47.063  10.301  35.626 0.4444440007
68578  -50.050  11.018  32.285 0.2222220004
68590  -50.469  11.458  31.565 0.2222220004
68606  -51.635  10.924  30.266 0.2222220004
68646  -52.502  11.162  28.215 0.3333329856
68667  -52.888  10.754  27.499 0.3333329856
69514  -48.657  11.617  33.399 0.3333329856
69533  -50.188  11.887  32.000 0.2222220004
69551  -51.232  12.219  30.723 0.2222220004
69566  -51.564  12.209  30.184 0.2222220004
69576  -50.696  12.307  29.316 0.3333329856
69577  -51.848  12.477  29.748 0.3333329856
70423  -48.970  12.409  33.232 0.4444440007
70443  -49.424  12.507  32.632 0.3333329856
70458  -50.446  12.593  31.520 0.2222220004
70459  -50.746  12.999  31.218 0.2222220004
70464  -50.940  12.962  31.133 0.2222220004
70473  -51.419  12.675  30.302 0.2222220004
70491  -51.456  13.242  29.544 0.3333329856
70492  -51.606  13.065  29.815 0.3333329856
71295  -48.994  12.741  33.142 0.4444440007
71304  -50.449  13.652  31.375 0.2222220004
71312  -50.929  13.676  31.081 0.3333329856
71313  -51.249  13.288  30.549 0.2222220004
71321  -51.137  13.939  30.595 0.3333329856
71324  -51.299  13.829  29.648 0.3333329856
71325  -51.466  13.714  29.939 0.3333329856
71478  -46.271  14.664  8.228 0.1111110002
72198  -49.683  13.718  32.177 0.3333329856
72199  -50.132  13.934  31.943 0.2222220004
72209  -50.984  14.338  30.863 0.3333329856
72220  -51.022  14.362  30.734 0.3333329856
109876  -12.129  -9.614  53.157 0.6666669846
109877  -14.260  -10.843  52.521 0.7777780294
109880  -12.073  -10.307  53.202 0.6666669846
109881  -13.070  -10.296  51.931 0.7777780294
109882  -21.873  -5.525  36.938 0.4444440007
109889  -22.858  -5.384  39.512 0.7777780294
109890  -23.102  -5.189  39.723 0.7777780294
109894  -24.362  -2.716  45.999 1.0000000000
109895  -23.130  -4.953  39.074 0.7777780294
109932  -24.209  -3.720  37.011 0.5555559993
109934  -33.001  3.326  47.085 0.4444440007
109939  -28.233  0.842  49.916 0.7777780294
109956  -21.790  -5.327  36.246 0.4444440007
109960  -35.508  3.982  45.546 0.4444440007
109971  -40.764  -0.831  25.460 0.4444440007
109974  -35.704  4.744  44.302 0.4444440007
109977  -40.386  -0.836  26.610 0.4444440007
109986  -37.091  5.013  44.388 0.3333329856
110011  -39.232  5.988  42.848 0.4444440007
110019  -39.426  7.200  40.513 0.4444440007
110024  -45.030  4.064  35.820 0.8888890147
110037  -47.035  10.933  35.470 0.4444440007
110044  -48.678  12.795  33.332 0.4444440007
110222  -32.790  0.197  35.530 0.7777780294
110242  -44.258  4.761  33.093 0.8888890147
110250  -39.985  1.589  29.585 0.7777780294
110254  -48.257  13.502  32.970 0.4444440007
110258  -49.329  12.298  30.156 0.3333329856
110292  -38.709  0.842  30.126 0.6666669846
110296  -44.293  9.565  38.235 0.2222220004
110310  -46.386  7.058  33.619 0.8888890147
110343  -37.302  5.956  42.509 0.4444440007
110355  -43.018  3.727  32.734 1.0000000000
110370  -29.949  0.535  45.450 0.3333329856
110380  -43.165  3.856  34.171 1.0000000000
110390  -38.320  5.643  42.401 0.4444440007
110403  -12.074  -9.222  53.067 0.6666669846
110437  -49.786  13.407  31.742 0.3333329856
110458  -22.609  -5.291  38.350 0.7777780294
110500  -24.049  -3.758  37.534 0.7777780294
110527  -47.187  5.686  33.192 0.7777780294
110582  -34.362  3.975  44.834 0.6666669846
110602  -47.676  7.307  32.446 0.7777780294
110612  -12.017  -9.007  52.901 0.7777780294
110622  -45.384  7.379  34.828 0.8888890147
110700  -40.119  6.845  41.388 0.3333329856
110733  -12.764  -10.180  51.844 0.7777780294
110884  -30.817  0.590  48.070 0.3333329856
110886  -39.809  6.870  42.268 0.4444440007
110940  -30.036  0.322  48.947 0.3333329856
110977  -11.766  -9.545  53.136 0.6666669846
111024  -42.518  2.635  30.740 1.0000000000
111027  -13.948  -10.343  52.894 0.7777780294
111028  -11.187  -9.570  53.275 0.7777780294
111127  -47.068  10.635  35.379 0.4444440007
111144  -22.361  -4.701  35.997 0.5555559993
111200  -45.048  10.449  37.602 0.2222220004
111205  -11.938  -9.771  51.886 0.7777780294
111228  -23.242  -4.476  37.751 0.7777780294
111234  -36.330  5.495  45.051 0.4444440007
111249  -20.030  -6.729  35.726 0.1111110002
111263  -34.568  4.309  45.940 0.4444440007
111313  -32.112  -0.139  35.010 0.6666669846
111382  -11.643  -10.363  53.137 0.7777780294
111718  -35.230  4.620  45.118 0.4444440007
112614  -34.211  -10.929  47.133 0.1111110002
112618  -43.508  -1.077  27.096 0.7777780294
112657  -38.916  -1.230  21.550 0.1111110002
113580  -47.772  -2.762  30.403 0.7777780294
114749  -49.101  12.093  33.152 0.4444440007
114952  -40.055  -0.473  20.212 0.5555559993
114958  -11.315  -11.922  52.958 0.5555559993
115023  -22.213  -6.826  52.260 0.1111110002
115227  -33.630  -12.965  47.461 0.1111110002
115256  -22.629  -5.932  40.937 0.7777780294
115373  -18.528  -7.810  45.954 0.8888890147
116033  -47.443  9.592  34.604 0.3333329856
116311  -26.867  -3.950  51.196 0.3333329856
116312  -11.247  -8.866  53.261 0.7777780294
116342  -51.630  4.969  27.816 0.3333329856
116461  -41.817  1.682  19.218 0.5555559993
116838  -18.151  -6.335  34.127 0.1111110002
117928  -52.617  2.182  25.880 0.2222220004
118588  -8.435  -13.636  53.114 0.5555559993
118901  -50.026  12.431  32.216 0.2222220004
119035  -9.403  -9.253  52.798 0.6666669846
119390  -10.917  -9.088  52.753 0.7777780294
119571  -17.625  -11.243  49.912 0.7777780294
119840  -9.083  -9.906  53.206 0.5555559993
120852  -17.507  -12.013  49.682 0.7777780294
120945  -38.781  -8.785  45.299 0.1111110002
120960  -28.152  0.094  50.181 0.5555559993
121279  -37.120  -6.737  46.462 0.1111110002
121354  -34.850  0.921  46.430 0.2222220004
121376  -43.350  -1.552  23.831 0.6666669846
121832  -35.339  -15.830  45.145 0.1111110002
121837  -54.443  3.371  22.780 0.1111110002
122166  -35.419  -7.876  47.326 0.1111110002
122232  -53.533  8.072  26.132 0.3333329856
122599  -41.972  4.819  11.848 0.1111110002
122670  -15.932  -12.924  48.139 0.6666669846
122978  -46.655  -2.786  28.248 0.7777780294
123213  -31.652  -3.227  49.312 0.2222220004
123320  -51.076  11.762  31.166 0.2222220004
123594  -36.399  2.752  45.487 0.1111110002
123619  -48.566  6.012  31.036 0.7777780294
123699  -32.214  -8.997  49.115 0.1111110002
124034  -44.222  7.629  38.638 0.2222220004
124301  -54.506  6.155  25.901 0.1111110002
124417  -26.599  -4.967  35.047 0.5555559993
124457  -48.289  10.806  31.159 0.6666669846
124466  -40.745  -2.321  30.249 0.7777780294
124467  -43.880  2.292  35.661 0.8888890147
124492  -40.242  1.708  29.788 0.8888890147
124499  -46.937  6.201  33.312 0.8888890147
124500  -37.560  -2.033  26.045 0.2222220004
124507  -26.820  0.310  49.486 0.6666669846
124509  -44.346  9.641  36.850 0.5555559993
124531  -47.295  11.617  33.442 0.4444440007
124601  -40.916  1.813  29.957 0.8888890147
124611  -42.438  7.238  39.511 0.2222220004
124620  -44.561  5.954  34.344 0.8888890147
124622  -23.497  -4.723  39.468 0.7777780294
124672  -36.429  5.638  43.009 0.4444440007
124708  -25.326  -3.548  37.946 0.7777780294
124721  -31.919  0.016  34.992 0.6666669846
124752  -44.984  5.141  34.759 1.0000000000
124754  -43.815  4.010  32.990 1.0000000000
124769  -41.642  -2.034  30.663 0.6666669846
124775  -31.235  1.306  47.348 0.3333329856
124780  -51.031  14.331  29.596 0.3333329856
124793  -45.806  5.854  34.610 1.0000000000
124808  -50.017  12.896  29.703 0.3333329856
124836  -11.254  -8.880  53.056 0.7777780294
124842  -12.057  -8.873  53.015 0.6666669846
124848  -45.922  10.904  35.097 0.5555559993
124856  -46.905  3.391  33.924 0.8888890147
124910  -50.942  14.649  30.745 0.3333329856
124940  -42.951  3.164  31.999 1.0000000000
124976  -32.364  -0.463  33.773 0.6666669846
124977  -32.496  -1.560  31.579 0.7777780294
125021  -41.805  4.126  38.562 0.6666669846
125055  -28.647  -0.499  48.184 0.5555559993
125096  -32.336  1.935  46.242 0.4444440007
125100  -12.829  -10.083  51.997 0.7777780294
125102  -25.417  -0.702  51.078 0.5555559993
125120  -13.009  -9.893  52.432 0.7777780294
125159  -44.857  9.876  37.728 0.2222220004
125211  -32.830  -1.154  35.041 1.0000000000
125250  -24.184  -3.750  37.959 0.7777780294
125296  -45.902  7.195  34.091 0.8888890147
125322  -46.967  8.960  33.587 0.7777780294
125342  -32.981  1.173  42.682 0.7777780294
125370  -13.102  -9.917  53.104 0.7777780294
125450  -43.771  9.206  38.627 0.5555559993
125464  -13.718  -10.643  53.125 0.7777780294
125476  -38.060  -1.514  25.310 0.3333329856
125620  -21.448  -5.953  36.984 0.3333329856
125665  -29.273  0.455  49.091 0.5555559993
125761  -33.653  -1.546  35.916 0.8888890147
125832  -47.653  12.981  31.979 0.3333329856
125933  -43.597  4.990  34.162 1.0000000000
125935  -43.677  4.015  32.935 0.8888890147
125955  -39.641  -0.294  29.487 0.7777780294
125982  -39.134  3.386  38.226 0.8888890147
125995  -48.188  9.502  31.663 0.6666669846
125997  -48.198  13.302  31.475 0.3333329856
126006  -24.579  -3.657  38.316 0.7777780294
126012  -28.249  -5.107  36.005 0.7777780294
126045  -38.149  1.792  29.265 0.8888890147
126103  -34.185  -2.050  38.425 0.8888890147
126155  -40.236  -1.315  27.633 0.6666669846
126164  -44.205  10.048  36.084 0.5555559993
126165  -43.930  8.929  37.839 0.5555559993
126166  -44.854  5.358  35.983 0.8888890147
126182  -32.211  -0.848  35.904 1.0000000000
126184  -31.943  -0.823  35.954 1.0000000000
126187  -40.868  7.644  40.131 0.5555559993
126195  -46.684  6.646  33.453 0.8888890147
126196  -43.113  4.183  33.929 1.0000000000
126197  -45.201  5.728  35.221 0.8888890147
126256  -45.191  5.799  34.815 1.0000000000
126258  -44.023  4.636  33.296 1.0000000000
126290  -50.267  14.107  30.258 0.3333329856
126291  -47.571  11.948  33.835 0.4444440007
126292  -47.921  11.085  32.158 0.5555559993
126300  -37.191  4.443  42.446 0.5555559993
126349  -32.069  -0.569  34.797 0.8888890147
126357  -24.784  -3.628  38.757 0.7777780294
126383  -29.215  -0.443  47.703 0.5555559993
126415  -29.801  -0.116  47.483 0.3333329856
126424  -27.571  -3.224  40.798 0.8888890147
126452  -43.989  5.003  34.015 1.0000000000
126481  -40.913  7.149  39.106 0.3333329856
126489  -41.707  -1.867  30.537 0.7777780294
126515  -39.823  3.357  37.843 0.8888890147
126531  -39.154  5.007  41.007 0.4444440007
126623  -34.512  -1.848  36.256 0.7777780294
126627  -34.413  -2.029  37.029 0.8888890147
126700  -25.232  -3.652  37.237 0.7777780294
126760  -48.264  8.324  31.130 0.6666669846
126789  -34.134  1.608  42.299 0.8888890147
126807  -34.984  0.639  28.796 0.4444440007
126811  -37.755  1.656  29.992 0.8888890147
126848  -42.178  2.912  31.821 1.0000000000
126856  -40.086  -2.195  29.003 0.7777780294
126871  -40.652  1.045  30.076 0.8888890147
127043  -32.669  -0.663  33.270 0.7777780294
127208  -35.804  -1.983  24.435 0.2222220004
127222  -17.364  -12.182  50.826 0.7777780294
127376  -50.824  14.867  29.909 0.3333329856
127396  -40.328  2.134  29.786 0.8888890147
127482  -17.012  -12.583  49.764 0.7777780294
127621  -13.853  -12.340  48.381 0.5555559993
127908  -50.252  12.974  31.905 0.2222220004
128158  -45.077  8.482  37.987 0.2222220004
128173  -18.567  -4.254  52.898 0.6666669846
128292  -42.660  5.397  38.074 0.5555559993
128483  -30.439  -1.412  49.680 0.3333329856
128529  -54.765  5.384  25.451 0.2222220004
128539  -21.579  -5.691  36.631 0.3333329856
128576  -27.411  -0.583  48.633 0.7777780294
128631  -23.613  -3.889  35.127 0.5555559993
128646  -32.033  -1.003  35.055 0.7777780294
129213  -36.141  -12.276  45.188 0.1111110002
129218  -12.540  -9.986  51.892 0.7777780294
129314  -35.484  0.188  27.138 0.1111110002
129350  -33.940  2.792  46.699 0.5555559993
129358  -45.390  7.557  37.620 0.2222220004
129384  -6.937  -11.059  55.117 0.5555559993
129415  -42.855  -1.755  24.326 0.6666669846
129560  -47.614  -2.640  27.597 0.7777780294
129669  -27.541  -3.840  51.118 0.5555559993
130226  -41.810  0.128  20.774 0.6666669846
130610  -24.629  -3.931  35.695 0.6666669846
130680  -15.560  -14.924  52.433 0.1111110002
130910  -55.851  4.590  22.885 0.1111110002
131352  -27.930  -0.663  48.236 0.7777780294
131573  -36.234  0.753  36.679 0.8888890147
131655  -9.838  -9.845  51.655 0.7777780294
131831  -47.085  9.149  35.783 0.2222220004
131892  -47.583  5.304  14.192 0.7777780294
132340  -40.086  6.663  40.296 0.3333329856
132391  -44.613  8.007  38.219 0.2222220004
132755  -49.293  12.569  33.121 0.4444440007
133017  -46.292  -1.775  29.420 0.7777780294
133098  -46.534  6.609  36.578 0.1111110002
133375  -20.172  -3.296  50.856 0.7777780294
133423  -34.385  5.866  15.295 0.1111110002
133487  -45.720  4.506  15.049 0.7777780294
133539  -28.905  -3.864  50.361 0.3333329856
133540  -47.710  -2.175  27.151 0.7777780294
133680  -42.728  7.737  39.802 0.2222220004
133831  -16.128  -12.895  48.671 0.6666669846
133930  -49.176  8.087  33.082 0.1111110002
134167  -41.714  2.318  31.194 1.0000000000
134410  -17.601  -6.336  53.850 0.7777780294
134515  -42.761  2.516  37.123 0.8888890147
134791  -51.351  6.276  27.895 0.3333329856
134836  -17.924  -8.054  37.261 0.1111110002
134913  -10.217  -10.367  53.252 0.5555559993
