#!ascii label  , from subject sub-v2s7x29798_ses-1 vox2ras=TkReg
4442
34765  -3.781  -32.464  44.195 0.1250000000
34757  -3.815  -32.553  44.959 0.1250000000
33981  -3.800  -33.240  44.402 0.1250000000
115651  -4.445  -32.807  45.755 0.1250000000
34766  -3.947  -32.216  43.394 0.1250000000
33992  -3.849  -33.219  43.340 0.1250000000
34767  -7.361  -31.982  44.054 0.1250000000
34771  -4.152  -32.361  42.447 0.1250000000
35574  -4.446  -31.842  41.457 0.1250000000
34768  -7.985  -32.212  43.776 0.1250000000
35553  -8.533  -31.833  43.145 0.1250000000
35565  -8.313  -31.308  42.707 0.1250000000
126166  -4.677  -31.126  41.088 0.1250000000
36395  -4.908  -30.997  40.482 0.2500000000
35566  -9.029  -31.429  42.597 0.1250000000
36374  -9.417  -30.914  42.055 0.1250000000
122391  -5.119  -30.299  40.413 0.2500000000
38239  -5.397  -28.712  40.235 0.2500000000
36385  -9.851  -30.411  41.512 0.1250000000
36403  -5.160  -30.856  39.715 0.2500000000
124203  -5.357  -29.810  39.760 0.3750000000
38257  -5.600  -28.914  39.320 0.2500000000
36386  -10.572  -30.332  41.725 0.1250000000
37311  -11.037  -29.418  40.874 0.1250000000
37321  -5.526  -29.754  38.854 0.2500000000
109580  -5.858  -28.195  38.754 0.2500000000
39181  -6.086  -27.677  38.185 0.2500000000
122674  -6.203  -27.063  38.001 0.3750000000
41061  -6.396  -25.712  37.441 0.3750000000
42026  -6.438  -24.852  37.731 0.5000000000
42042  -6.491  -25.081  36.718 0.5000000000
41083  -6.421  -25.967  36.422 0.3750000000
35549  -3.831  -31.646  44.065 0.1250000000
35543  -3.766  -31.932  44.752 0.1250000000
34752  -4.088  -32.624  45.465 0.1250000000
35537  -4.321  -31.907  45.870 0.1250000000
118844  -4.990  -32.248  46.009 0.1250000000
35544  -6.025  -31.960  45.345 0.1250000000
34759  -6.684  -32.318  44.841 0.1250000000
35550  -4.110  -31.471  43.088 0.1250000000
35551  -6.993  -31.431  44.186 0.2500000000
36383  -4.530  -30.847  41.759 0.1250000000
35552  -7.724  -31.484  43.303 0.1250000000
125856  -4.551  -30.036  41.976 0.1250000000
37292  -4.835  -29.133  41.764 0.2500000000
116443  -5.143  -29.458  40.759 0.2500000000
36373  -8.596  -30.860  42.179 0.1250000000
39166  -5.628  -27.917  39.718 0.3750000000
36384  -8.987  -30.281  41.493 0.1250000000
40082  -5.857  -26.282  39.816 0.3750000000
37294  -9.669  -29.757  41.032 0.1250000000
37310  -10.339  -29.260  40.624 0.1250000000
108492  -5.996  -27.069  39.038 0.2500000000
124286  -6.137  -26.107  39.086 0.5000000000
41046  -6.315  -25.494  38.506 0.5000000000
40095  -6.267  -26.340  38.224 0.5000000000
42908  -6.485  -23.993  37.920 0.5000000000
41099  -6.519  -25.339  35.806 0.5000000000
112999  -6.506  -23.304  37.505 0.6250000000
40136  -6.445  -26.347  35.573 0.3750000000
42043  -6.602  -24.414  36.127 0.5000000000
43738  -6.512  -22.789  37.213 0.6250000000
41100  -6.558  -25.582  35.120 0.2500000000
41128  -6.726  -25.580  34.417 0.2500000000
41129  -6.974  -25.434  33.949 0.2500000000
39059  -7.694  -27.977  46.842 0.2500000000
39957  -7.783  -27.104  48.042 0.2500000000
38142  -7.264  -28.645  46.540 0.2500000000
39048  -8.103  -27.273  47.145 0.3750000000
37247  -3.936  -29.654  45.078 0.1250000000
120827  -3.954  -30.316  45.487 0.1250000000
36331  -4.564  -31.013  46.226 0.1250000000
35538  -5.304  -31.571  46.007 0.1250000000
37233  -6.516  -30.116  45.791 0.2500000000
37248  -6.914  -30.104  44.978 0.2500000000
37234  -7.175  -29.455  45.312 0.2500000000
38154  -7.549  -28.771  45.656 0.3750000000
39060  -8.343  -27.443  46.280 0.2500000000
36357  -3.975  -30.760  43.754 0.1250000000
36342  -6.416  -30.979  45.197 0.1250000000
36343  -7.021  -30.444  44.180 0.2500000000
37249  -7.299  -29.594  44.378 0.2500000000
38171  -7.720  -28.843  44.718 0.3750000000
37264  -4.141  -29.844  43.471 0.1250000000
37265  -7.402  -29.835  43.485 0.2500000000
37278  -4.443  -29.562  42.600 0.1250000000
36358  -7.378  -30.722  43.288 0.2500000000
38201  -7.732  -29.331  42.947 0.1250000000
126500  -4.591  -28.995  42.494 0.2500000000
38238  -5.195  -28.563  41.018 0.3750000000
39135  -5.450  -26.987  41.082 0.3750000000
36372  -7.938  -30.819  42.605 0.1250000000
37279  -7.678  -30.079  42.635 0.1250000000
38202  -8.015  -29.332  42.076 0.1250000000
39152  -5.419  -27.715  40.638 0.3750000000
115101  -8.537  -29.718  41.483 0.1250000000
109704  -8.278  -28.503  41.989 0.1250000000
40068  -5.635  -26.390  40.576 0.3750000000
37293  -9.058  -29.497  41.046 0.1250000000
38240  -9.477  -28.375  40.403 0.1250000000
110012  -5.834  -25.759  40.254 0.3750000000
41033  -6.121  -25.419  39.581 0.5000000000
42012  -6.364  -24.674  38.815 0.5000000000
38241  -10.138  -28.605  40.144 0.1250000000
42899  -6.399  -23.921  39.088 0.5000000000
42900  -6.462  -23.360  38.498 0.5000000000
112459  -6.410  -22.891  38.989 0.5000000000
44560  -6.458  -22.378  38.675 0.6250000000
43729  -6.450  -22.860  38.093 0.6250000000
44572  -6.542  -22.297  37.778 0.6250000000
42917  -6.680  -23.688  36.024 0.5000000000
113624  -6.577  -23.207  36.623 0.6250000000
44583  -6.600  -22.252  37.022 0.6250000000
44573  -6.867  -21.618  37.406 0.6250000000
107944  -6.917  -24.249  34.971 0.3750000000
123615  -6.778  -24.133  35.516 0.5000000000
43750  -6.646  -22.662  36.470 0.5000000000
42079  -6.852  -24.977  34.269 0.2500000000
42933  -7.263  -23.676  34.790 0.5000000000
42080  -7.185  -24.714  33.894 0.2500000000
39932  -6.220  -26.436  49.479 0.7500000000
39924  -6.695  -25.924  50.089 0.7500000000
124595  -6.830  -25.444  50.670 0.8750000000
38122  -5.573  -27.988  48.026 0.7500000000
39035  -5.997  -27.471  48.501 0.8750000000
39941  -6.480  -26.935  48.968 0.7500000000
40902  -7.495  -25.874  49.940 0.8750000000
37215  -4.859  -29.000  47.101 0.5000000000
38130  -5.228  -28.483  47.522 0.6250000000
38131  -5.944  -28.548  47.588 0.6250000000
39046  -6.442  -28.013  48.010 0.7500000000
39036  -6.911  -27.433  48.404 0.6250000000
39942  -7.378  -26.815  48.798 0.7500000000
39934  -7.826  -26.208  49.207 0.7500000000
37224  -4.890  -29.721  46.846 0.5000000000
38141  -6.367  -29.025  46.973 0.5000000000
39047  -7.349  -27.769  47.666 0.6250000000
39943  -8.166  -26.406  48.414 0.7500000000
36321  -4.340  -30.214  46.238 0.1250000000
36323  -5.786  -29.841  46.628 0.2500000000
38132  -6.887  -28.403  47.337 0.3750000000
36322  -4.940  -30.362  46.573 0.2500000000
37225  -6.827  -29.347  46.218 0.3750000000
40932  -8.772  -25.894  47.984 0.6250000000
105926  -4.043  -29.297  44.210 0.2500000000
113410  -4.291  -28.501  44.034 0.3750000000
39109  -5.109  -27.207  43.424 0.5000000000
105781  -4.366  -28.950  43.210 0.2500000000
39123  -5.110  -27.519  42.513 0.5000000000
40040  -5.360  -26.583  42.626 0.5000000000
38200  -4.787  -28.434  42.464 0.3750000000
40054  -5.358  -26.834  41.822 0.5000000000
40041  -5.533  -25.944  42.010 0.6250000000
41012  -5.730  -25.345  41.479 0.5000000000
122310  -5.910  -24.589  41.756 0.5000000000
41984  -5.978  -24.717  40.901 0.5000000000
121444  -5.973  -25.191  40.326 0.5000000000
42892  -6.307  -23.799  39.866 0.5000000000
42893  -6.393  -23.341  39.426 0.6250000000
44561  -6.777  -21.613  38.366 0.6250000000
45370  -7.412  -20.841  37.971 0.7500000000
42923  -6.934  -23.656  35.382 0.3750000000
43751  -6.962  -22.559  35.826 0.5000000000
45380  -7.388  -21.033  36.964 0.6250000000
110695  -8.006  -20.427  37.464 0.6250000000
42070  -7.083  -24.335  34.396 0.3750000000
125542  -7.371  -23.867  34.380 0.3750000000
42946  -7.523  -24.009  33.913 0.3750000000
42934  -7.620  -23.478  34.351 0.3750000000
39922  -5.990  -25.613  49.935 1.0000000000
39923  -6.202  -26.061  49.849 0.7500000000
40895  -6.449  -25.568  50.353 0.7500000000
39940  -5.547  -26.768  48.613 0.8750000000
39931  -5.860  -26.293  49.302 0.8750000000
40882  -6.921  -24.779  51.580 0.8750000000
39033  -5.297  -27.266  48.000 0.7500000000
39045  -5.167  -27.934  47.826 0.7500000000
39034  -5.476  -27.385  48.295 0.8750000000
39027  -5.822  -26.890  48.888 0.8750000000
40896  -7.321  -25.466  50.585 0.8750000000
41857  -7.556  -24.680  51.527 0.8750000000
121101  -4.979  -28.375  47.327 0.6250000000
40888  -7.796  -25.008  50.985 0.8750000000
41858  -8.229  -24.386  51.339 0.8750000000
38153  -4.219  -28.813  46.132 0.6250000000
38140  -4.672  -28.588  46.836 0.5000000000
114233  -5.242  -25.927  47.750 0.8750000000
106130  -5.099  -26.298  47.038 0.8750000000
40897  -8.004  -25.318  50.327 0.7500000000
39058  -4.602  -27.991  46.451 0.5000000000
37223  -4.494  -29.334  46.539 0.2500000000
40903  -8.234  -25.562  49.576 0.7500000000
41874  -8.559  -25.036  49.944 0.8750000000
39073  -4.387  -28.069  45.569 0.7500000000
37232  -4.035  -29.578  45.870 0.2500000000
40917  -8.537  -25.756  48.785 0.7500000000
40904  -8.990  -25.056  49.201 0.7500000000
38170  -4.068  -28.874  45.110 0.5000000000
105588  -4.420  -28.027  44.661 0.7500000000
40026  -5.236  -26.576  44.125 0.6250000000
40973  -5.502  -25.486  43.968 0.6250000000
41948  -5.703  -24.512  43.740 0.6250000000
40999  -5.542  -25.707  42.831 0.6250000000
42880  -6.121  -23.880  41.396 0.5000000000
116049  -6.249  -23.404  40.903 0.5000000000
43710  -6.312  -23.340  40.239 0.5000000000
43719  -6.354  -22.845  39.833 0.6250000000
126593  -6.396  -22.475  39.419 0.7500000000
45351  -7.118  -20.898  39.970 0.7500000000
44549  -6.611  -21.714  39.425 0.7500000000
45361  -7.794  -20.233  39.527 0.7500000000
46163  -8.689  -19.669  39.098 0.6250000000
46156  -9.208  -19.068  39.842 0.6250000000
45371  -8.564  -19.939  38.072 0.6250000000
43764  -7.132  -23.101  35.298 0.5000000000
44595  -7.300  -22.020  35.780 0.5000000000
44585  -7.616  -21.331  36.156 0.6250000000
43778  -7.553  -23.033  34.816 0.5000000000
43765  -7.418  -22.529  35.298 0.5000000000
45381  -8.142  -20.644  36.645 0.6250000000
45382  -8.785  -20.076  37.185 0.6250000000
43779  -8.109  -22.871  34.362 0.5000000000
43766  -7.828  -22.517  34.902 0.6250000000
42947  -8.069  -23.477  33.831 0.3750000000
40894  -6.170  -25.106  50.689 0.8750000000
40881  -6.234  -24.740  51.460 0.8750000000
39930  -5.682  -25.734  49.425 1.0000000000
114305  -5.628  -25.160  49.808 1.0000000000
40885  -5.657  -24.772  50.975 0.8750000000
40886  -6.645  -25.133  51.026 0.8750000000
107102  -5.543  -26.057  48.908 0.8750000000
40901  -5.466  -25.286  49.271 1.0000000000
40893  -5.394  -24.676  50.372 1.0000000000
40916  -5.366  -25.463  48.531 0.8750000000
127102  -5.297  -24.816  48.429 1.0000000000
127514  -5.251  -23.737  48.386 1.0000000000
41866  -8.519  -24.666  50.614 0.8750000000
39044  -4.954  -27.792  47.309 0.6250000000
39956  -5.132  -26.858  47.556 0.8750000000
41886  -5.294  -24.300  48.147 1.0000000000
114066  -5.306  -23.036  48.055 1.0000000000
41867  -9.108  -24.097  50.462 0.8750000000
39975  -4.899  -27.152  46.801 0.8750000000
119085  -5.004  -26.609  46.387 0.8750000000
111230  -5.289  -25.234  47.130 0.8750000000
42837  -5.456  -23.449  46.980 0.8750000000
43672  -5.462  -22.930  47.240 1.0000000000
41875  -9.048  -24.519  49.910 0.7500000000
40945  -5.213  -25.841  46.395 0.8750000000
116448  -5.383  -24.972  46.328 0.8750000000
108792  -5.590  -23.437  46.226 0.7500000000
40918  -9.162  -25.264  48.287 0.7500000000
106464  -4.764  -27.240  45.872 0.7500000000
39995  -5.114  -26.354  45.645 0.7500000000
40962  -5.370  -25.353  45.387 0.8750000000
41932  -5.597  -24.471  44.692 0.6250000000
41933  -5.812  -23.766  44.142 0.7500000000
42858  -5.946  -22.991  44.653 0.7500000000
120694  -4.655  -27.534  45.085 0.6250000000
106701  -5.016  -26.879  44.973 0.6250000000
42867  -6.091  -23.163  43.591 0.6250000000
40985  -5.705  -24.883  43.013 0.6250000000
106525  -5.935  -24.015  43.082 0.6250000000
106174  -6.324  -22.596  43.031 0.6250000000
42875  -6.175  -23.319  42.653 0.6250000000
121280  -6.266  -22.807  42.175 0.5000000000
44523  -6.403  -21.712  41.796 0.7500000000
41962  -5.861  -24.510  42.430 0.6250000000
126281  -6.167  -23.412  41.965 0.5000000000
43704  -6.288  -22.393  41.600 0.5000000000
43703  -6.230  -23.100  41.473 0.5000000000
45342  -6.700  -21.097  41.570 0.7500000000
44548  -6.364  -22.265  40.146 0.6250000000
44537  -6.582  -21.528  40.437 0.7500000000
45332  -7.709  -20.173  41.342 0.7500000000
45352  -7.717  -20.223  40.460 0.7500000000
46149  -8.329  -19.647  40.917 0.7500000000
46155  -8.437  -19.660  40.077 0.6250000000
46164  -9.285  -19.375  38.428 0.6250000000
45391  -8.372  -21.019  35.852 0.6250000000
45392  -8.999  -20.355  36.380 0.6250000000
46171  -9.422  -19.464  37.678 0.6250000000
44596  -7.891  -21.852  35.368 0.6250000000
44608  -8.395  -22.172  34.765 0.5000000000
43780  -8.978  -22.416  34.184 0.3750000000
41849  -5.208  -24.210  51.977 1.0000000000
106557  -4.585  -23.785  51.510 1.0000000000
41850  -5.971  -24.365  52.071 0.8750000000
41851  -6.669  -24.367  51.954 0.8750000000
41873  -5.237  -24.412  49.081 1.0000000000
120463  -4.723  -23.567  50.162 1.0000000000
41852  -7.297  -24.310  51.893 1.0000000000
41853  -7.953  -24.092  51.811 1.0000000000
42813  -5.156  -23.460  48.980 1.0000000000
43652  -4.910  -23.130  49.679 1.0000000000
44462  -5.093  -22.303  49.774 1.0000000000
113016  -5.451  -22.449  48.053 1.0000000000
44471  -5.463  -22.075  48.791 1.0000000000
45276  -5.850  -21.341  48.664 1.0000000000
41908  -5.425  -24.210  46.725 0.8750000000
43673  -5.605  -22.498  46.929 1.0000000000
44487  -5.641  -22.217  47.410 1.0000000000
44481  -6.044  -21.189  48.059 1.0000000000
42803  -9.676  -23.831  49.904 0.8750000000
42849  -5.804  -22.881  45.684 0.7500000000
44492  -5.856  -21.922  46.721 1.0000000000
45290  -6.243  -21.107  46.965 1.0000000000
126014  -10.080  -24.139  48.451 0.7500000000
43688  -6.159  -22.379  44.064 0.7500000000
45299  -6.161  -21.407  46.132 1.0000000000
44501  -6.143  -21.954  44.724 0.7500000000
45300  -6.452  -20.908  45.542 1.0000000000
125964  -6.232  -21.838  44.002 0.8750000000
110455  -6.381  -21.525  43.578 1.0000000000
44513  -6.472  -21.630  42.753 0.7500000000
45330  -6.720  -21.116  42.256 0.8750000000
108934  -6.665  -21.108  43.126 0.8750000000
45331  -7.150  -20.597  42.668 0.7500000000
109739  -7.130  -20.642  41.822 0.7500000000
46141  -8.357  -19.567  41.751 0.7500000000
46142  -8.826  -19.156  41.301 0.7500000000
46150  -8.978  -19.129  40.626 0.6250000000
46934  -9.603  -18.504  40.421 0.7500000000
114926  -10.591  -18.289  36.850 0.6250000000
46950  -10.445  -18.199  37.564 0.6250000000
108542  -9.627  -18.925  39.063 0.6250000000
46939  -9.918  -18.376  39.722 0.6250000000
46180  -10.295  -19.131  36.487 0.6250000000
46188  -9.808  -19.932  36.069 0.6250000000
46179  -9.601  -19.663  36.859 0.6250000000
46172  -10.114  -18.925  37.285 0.6250000000
45400  -9.246  -20.690  35.614 0.6250000000
44597  -8.755  -21.439  35.190 0.6250000000
44609  -9.263  -21.724  34.596 0.5000000000
42786  -4.816  -23.436  52.441 1.0000000000
118605  -4.307  -23.123  51.689 1.0000000000
42781  -5.709  -23.875  52.601 1.0000000000
41847  -6.418  -23.925  52.397 1.0000000000
43646  -4.512  -22.933  50.430 1.0000000000
43641  -4.315  -22.547  51.202 1.0000000000
41848  -7.060  -23.935  52.209 1.0000000000
42787  -7.676  -23.775  52.025 1.0000000000
44453  -4.735  -22.052  50.658 1.0000000000
115788  -5.583  -21.496  49.490 1.0000000000
41859  -8.851  -23.936  51.104 0.8750000000
121143  -5.839  -22.499  45.902 0.8750000000
43679  -5.626  -22.803  46.508 1.0000000000
46078  -6.341  -20.501  47.788 1.0000000000
45277  -6.229  -20.465  48.486 1.0000000000
42796  -9.484  -23.477  50.776 1.0000000000
43680  -5.778  -22.339  46.289 0.8750000000
46091  -6.567  -20.189  47.263 1.0000000000
42804  -10.429  -23.200  49.387 0.8750000000
44497  -6.188  -21.577  45.254 0.8750000000
110538  -5.948  -21.924  45.984 1.0000000000
45291  -6.493  -20.681  46.432 1.0000000000
42814  -10.434  -23.684  48.467 0.6250000000
44502  -6.271  -21.488  44.335 1.0000000000
46093  -7.174  -19.444  46.343 1.0000000000
126859  -10.910  -23.600  47.012 0.5000000000
123844  -6.485  -21.020  43.904 1.0000000000
45301  -6.798  -20.414  45.048 1.0000000000
46105  -7.309  -19.656  45.416 0.8750000000
45320  -7.009  -20.552  43.511 0.8750000000
112319  -7.448  -19.961  43.974 0.7500000000
124279  -7.201  -20.029  44.624 0.8750000000
46125  -7.681  -19.999  43.151 0.7500000000
121670  -7.735  -20.090  42.236 0.7500000000
46133  -8.384  -19.396  42.707 0.7500000000
46927  -9.055  -18.738  42.065 0.7500000000
46928  -9.374  -18.556  41.181 0.7500000000
46945  -10.483  -17.553  38.137 0.6250000000
114433  -10.239  -18.036  38.975 0.6250000000
46189  -10.486  -19.335  35.689 0.6250000000
46944  -10.024  -18.671  38.181 0.6250000000
45401  -10.073  -20.214  35.326 0.6250000000
45407  -9.632  -20.985  34.975 0.5000000000
44621  -9.919  -21.898  33.982 0.3750000000
42780  -4.860  -22.758  53.234 1.0000000000
111019  -6.812  -23.435  52.452 1.0000000000
42788  -8.323  -23.475  51.842 1.0000000000
44444  -4.495  -21.688  51.350 1.0000000000
42790  -8.620  -23.736  51.629 1.0000000000
116056  -5.237  -21.519  50.344 1.0000000000
42792  -9.872  -22.764  51.143 1.0000000000
46056  -6.091  -19.678  49.790 1.0000000000
42797  -10.116  -22.967  50.395 1.0000000000
42805  -11.055  -22.575  49.317 0.7500000000
46067  -6.490  -19.422  48.411 1.0000000000
43661  -11.566  -22.256  48.823 0.7500000000
42825  -10.870  -23.481  47.650 0.7500000000
43668  -11.606  -22.583  47.824 0.7500000000
46092  -6.808  -19.883  46.780 1.0000000000
46116  -7.743  -19.416  44.587 0.8750000000
46900  -7.869  -18.969  45.264 0.8750000000
46117  -8.216  -19.152  43.771 0.8750000000
46901  -8.220  -18.558  44.682 0.8750000000
46910  -8.722  -18.104  43.992 0.7500000000
46918  -8.931  -18.509  43.120 0.7500000000
46919  -9.340  -17.892  42.585 0.7500000000
121881  -9.634  -17.647  41.772 0.7500000000
47738  -9.903  -17.807  40.880 0.5000000000
119049  -9.544  -15.468  38.891 0.7500000000
49388  -9.725  -15.541  38.085 0.7500000000
128176  -10.080  -17.927  40.237 0.5000000000
48573  -10.458  -16.384  37.354 0.6250000000
48568  -10.440  -16.593  38.162 0.6250000000
46940  -10.418  -16.998  38.929 0.6250000000
111769  -10.245  -17.522  39.666 0.6250000000
47757  -10.653  -17.357  37.242 0.6250000000
113590  -10.802  -18.431  36.039 0.6250000000
45408  -10.398  -20.389  34.670 0.5000000000
44610  -10.138  -21.168  34.386 0.5000000000
44622  -10.687  -21.247  33.764 0.1250000000
43630  -6.600  -22.370  53.531 1.0000000000
43631  -7.238  -21.797  53.101 1.0000000000
43635  -7.538  -22.278  52.598 1.0000000000
43634  -5.806  -22.778  53.628 1.0000000000
113934  -4.566  -21.065  53.212 1.0000000000
44438  -5.037  -21.922  54.032 1.0000000000
42782  -6.290  -23.201  52.845 1.0000000000
42784  -8.013  -23.102  52.052 1.0000000000
42785  -8.552  -22.677  51.979 1.0000000000
43639  -9.194  -22.262  51.837 1.0000000000
45247  -4.536  -20.391  52.441 1.0000000000
115689  -4.422  -21.318  52.194 1.0000000000
115223  -4.859  -19.634  52.014 1.0000000000
45260  -5.299  -20.717  50.864 1.0000000000
43640  -9.843  -21.899  51.681 1.0000000000
46855  -6.134  -18.605  49.465 1.0000000000
43647  -10.463  -22.235  50.842 1.0000000000
43653  -10.782  -22.408  50.065 1.0000000000
46079  -6.824  -19.239  47.493 1.0000000000
50093  -26.943  -14.441  54.120 0.7500000000
51734  -27.294  -13.166  53.276 0.7500000000
123918  -7.037  -19.154  47.057 1.0000000000
46891  -7.638  -18.829  45.997 1.0000000000
46892  -8.053  -18.169  45.476 0.8750000000
47715  -8.329  -17.652  44.732 0.8750000000
46911  -9.094  -17.551  43.260 0.7500000000
49386  -5.594  -15.278  39.290 0.8750000000
49382  -6.468  -15.276  39.919 0.8750000000
115467  -9.933  -16.830  41.114 0.6250000000
109505  -6.819  -15.252  38.251 0.8750000000
121669  -6.667  -15.307  39.083 0.8750000000
49387  -7.756  -15.165  38.822 0.8750000000
49383  -7.614  -15.234  39.704 0.8750000000
47743  -10.153  -17.130  40.367 0.5000000000
122893  -8.731  -15.198  38.300 0.7500000000
113327  -9.730  -15.752  39.668 0.7500000000
113483  -10.198  -16.524  39.674 0.6250000000
49394  -9.087  -15.344  37.326 0.7500000000
49395  -9.949  -15.679  37.133 0.7500000000
108096  -10.187  -15.998  38.796 0.7500000000
47763  -10.678  -16.620  36.559 0.6250000000
116754  -11.110  -17.572  35.467 0.6250000000
46198  -10.711  -19.516  34.931 0.6250000000
46962  -10.994  -18.597  35.237 0.6250000000
46206  -10.990  -19.660  34.283 0.2500000000
45417  -11.260  -20.488  33.511 0.1250000000
44434  -7.630  -20.901  53.480 1.0000000000
43636  -8.086  -22.273  52.372 1.0000000000
43637  -8.686  -21.827  52.244 1.0000000000
45242  -4.620  -20.124  53.462 1.0000000000
123682  -4.616  -19.616  52.756 1.0000000000
108477  -5.243  -20.013  51.350 1.0000000000
43644  -10.640  -21.763  51.075 1.0000000000
46047  -5.706  -19.685  50.733 1.0000000000
47685  -6.074  -17.334  48.713 1.0000000000
46862  -6.324  -18.415  48.841 1.0000000000
112634  -12.493  -21.114  48.647 0.7500000000
49238  -25.474  -15.501  55.121 0.8750000000
50911  -26.135  -13.999  54.975 0.7500000000
51727  -27.031  -13.019  54.220 0.8750000000
46871  -6.725  -18.208  47.975 1.0000000000
49239  -26.102  -15.314  54.617 0.8750000000
50092  -26.354  -14.498  54.487 0.8750000000
52646  -27.251  -13.575  50.318 0.6250000000
53494  -27.661  -12.859  49.126 0.8750000000
120948  -25.237  -16.795  51.866 0.6250000000
52647  -27.449  -13.584  49.680 0.8750000000
53508  -28.444  -12.227  48.529 0.8750000000
54489  -29.858  -10.014  47.404 0.8750000000
47699  -7.161  -17.573  47.074 1.0000000000
46848  -24.663  -18.146  50.022 0.6250000000
54478  -29.616  -10.972  47.726 0.8750000000
105387  -30.500  -9.068  47.090 0.5000000000
47700  -7.686  -17.872  46.313 0.8750000000
119121  -4.763  -12.928  42.458 0.8750000000
50980  -4.574  -13.636  42.375 0.8750000000
47708  -7.883  -17.137  45.543 0.8750000000
50203  -4.631  -14.272  41.862 0.8750000000
50987  -4.496  -13.638  41.346 0.8750000000
50210  -4.888  -14.611  41.439 0.7500000000
48537  -8.918  -16.685  43.109 0.7500000000
50209  -4.570  -14.271  40.899 0.7500000000
49372  -5.314  -14.966  41.054 1.0000000000
49373  -6.248  -15.190  40.786 0.8750000000
49363  -6.047  -15.126  41.679 1.0000000000
125749  -9.114  -16.388  42.368 0.7500000000
50212  -4.422  -14.276  39.929 0.8750000000
49381  -5.390  -15.118  40.143 0.8750000000
49374  -7.412  -15.238  40.554 0.8750000000
49365  -8.275  -15.383  41.120 0.8750000000
127306  -5.019  -15.165  38.713 0.7500000000
49375  -8.322  -15.305  40.300 0.8750000000
109274  -6.959  -15.280  37.384 0.7500000000
49384  -8.779  -15.283  39.488 0.7500000000
49376  -9.160  -15.615  40.569 0.7500000000
48555  -9.897  -16.209  40.457 0.7500000000
113707  -9.563  -16.120  41.142 0.7500000000
113856  -10.326  -16.006  36.619 0.7500000000
49402  -9.968  -15.708  36.150 0.6250000000
47768  -10.903  -16.745  35.784 0.6250000000
44432  -5.901  -21.169  54.643 1.0000000000
44433  -6.985  -21.290  53.948 1.0000000000
43632  -7.842  -21.504  52.859 1.0000000000
44431  -4.971  -20.730  54.223 1.0000000000
45238  -6.817  -20.322  54.448 1.0000000000
44430  -7.967  -20.159  53.940 1.0000000000
44439  -8.753  -20.946  52.590 1.0000000000
45236  -5.051  -19.656  54.247 0.8750000000
44446  -9.867  -21.065  51.828 1.0000000000
44445  -9.279  -21.428  52.083 1.0000000000
46031  -4.781  -18.896  52.679 1.0000000000
107048  -5.047  -18.773  52.128 1.0000000000
44455  -10.857  -21.311  50.968 1.0000000000
46854  -5.956  -18.812  50.197 1.0000000000
44483  -12.792  -20.729  48.126 0.7500000000
44472  -11.627  -21.278  49.871 0.6250000000
45283  -13.002  -20.348  47.513 0.7500000000
44482  -12.679  -21.298  47.907 0.7500000000
49237  -24.591  -15.650  55.255 0.7500000000
52734  -5.028  -12.644  44.408 0.7500000000
47635  -24.110  -17.803  55.087 0.7500000000
46819  -24.618  -17.217  53.972 0.7500000000
52611  -27.290  -13.106  52.451 0.7500000000
47654  -24.859  -16.623  51.553 0.7500000000
52742  -4.959  -12.756  43.670 0.8750000000
108671  -4.773  -14.313  43.758 0.8750000000
105349  -32.153  -7.474  46.303 0.5000000000
52751  -5.085  -12.578  43.001 0.8750000000
51810  -4.726  -13.184  43.140 0.8750000000
50976  -4.609  -13.854  43.383 0.8750000000
50197  -4.770  -14.305  42.829 0.8750000000
126940  -7.282  -16.374  45.803 0.8750000000
52762  -5.105  -12.416  42.130 0.7500000000
50204  -4.932  -14.585  42.293 0.8750000000
49341  -7.312  -15.695  43.803 0.8750000000
48518  -8.104  -16.799  44.581 0.8750000000
51817  -4.666  -12.967  41.710 0.7500000000
49362  -5.196  -14.870  41.929 0.8750000000
48527  -8.190  -16.266  43.660 0.8750000000
51823  -4.590  -12.962  40.850 0.7500000000
120752  -8.547  -15.971  42.672 0.7500000000
50990  -4.410  -13.567  40.444 0.7500000000
49364  -7.205  -15.238  41.433 0.8750000000
48548  -8.962  -15.838  41.695 0.7500000000
48549  -9.535  -16.561  41.805 0.7500000000
50215  -4.727  -14.905  39.407 0.8750000000
49391  -5.089  -15.081  37.986 0.7500000000
49399  -7.192  -15.437  36.346 0.6250000000
49400  -8.355  -15.396  36.586 0.7500000000
49407  -9.276  -15.623  35.454 0.6250000000
127604  -8.654  -15.627  34.893 0.6250000000
43633  -8.294  -21.287  52.700 1.0000000000
45248  -9.894  -20.272  52.031 1.0000000000
45254  -10.710  -20.198  51.129 0.8750000000
46823  -4.795  -18.302  53.371 0.7500000000
44454  -10.356  -21.529  51.382 1.0000000000
45261  -11.002  -20.711  50.830 0.8750000000
107893  -5.440  -16.822  50.225 1.0000000000
114231  -5.438  -17.494  51.121 1.0000000000
45272  -11.847  -20.488  49.608 0.6250000000
47684  -5.633  -16.838  49.175 0.8750000000
47677  -5.732  -17.806  50.014 1.0000000000
47683  -23.155  -17.521  49.611 0.7500000000
47661  -23.801  -16.991  50.622 0.7500000000
47646  -24.406  -16.725  53.935 0.6250000000
52725  -5.077  -12.478  45.295 0.7500000000
51799  -4.710  -13.294  44.803 0.8750000000
48487  -5.645  -16.299  48.362 0.8750000000
45293  -13.347  -20.241  46.080 0.3750000000
47696  -22.336  -17.710  47.533 0.7500000000
46865  -22.925  -18.071  47.969 0.6250000000
47671  -23.536  -17.408  50.117 0.7500000000
48453  -24.855  -16.032  52.177 0.7500000000
50970  -4.511  -13.992  45.279 0.8750000000
123283  -6.601  -16.548  47.028 1.0000000000
47712  -22.074  -18.065  45.603 0.7500000000
105664  -22.602  -18.550  46.125 0.6250000000
47690  -23.119  -17.915  48.912 0.6250000000
121603  -24.035  -17.994  49.979 0.6250000000
52735  -5.393  -11.928  44.876 0.5000000000
47719  -21.653  -17.900  44.229 0.5000000000
46895  -21.965  -18.290  44.694 0.6250000000
46896  -22.395  -18.761  45.224 0.7500000000
52743  -5.347  -12.119  43.814 0.6250000000
48503  -5.802  -15.735  46.681 1.0000000000
50198  -5.017  -14.608  43.264 1.0000000000
48511  -5.754  -15.395  45.758 1.0000000000
49320  -6.711  -15.768  45.393 1.0000000000
48517  -7.527  -16.256  45.070 0.8750000000
49349  -5.172  -14.780  42.612 1.0000000000
127318  -6.106  -15.394  44.935 1.0000000000
48526  -7.675  -16.112  44.339 0.8750000000
117761  -33.392  -0.745  47.356 0.5000000000
64727  -36.183  2.347  46.149 0.6250000000
49350  -5.834  -15.047  42.528 1.0000000000
49342  -7.653  -15.570  43.000 0.8750000000
61349  -33.299  -1.569  47.980 0.6250000000
114800  -35.168  0.589  47.262 0.6250000000
64729  -37.036  3.000  46.263 0.7500000000
51818  -4.993  -12.440  41.198 0.7500000000
49351  -6.914  -15.241  42.353 0.8750000000
49352  -7.992  -15.490  42.049 0.7500000000
64728  -36.321  2.063  45.968 0.7500000000
116715  -4.504  -12.954  40.148 0.7500000000
50214  -4.343  -14.276  38.959 0.7500000000
50218  -4.597  -14.736  38.438 0.7500000000
49398  -6.027  -15.290  36.670 0.6250000000
49412  -8.007  -15.597  34.288 0.6250000000
49413  -9.187  -15.677  34.424 0.6250000000
125436  -8.460  -15.536  33.872 0.6250000000
49422  -9.906  -15.820  33.161 0.2500000000
49428  -9.352  -15.272  32.815 0.1250000000
116588  -11.475  -20.058  50.042 0.7500000000
52667  -5.211  -11.955  48.699 0.5000000000
51762  -5.071  -12.534  49.142 0.6250000000
47658  -5.132  -17.298  52.252 0.8750000000
46831  -5.016  -18.149  52.608 1.0000000000
45273  -12.326  -20.428  48.975 0.7500000000
52702  -5.313  -11.415  47.488 0.5000000000
53547  -5.611  -10.883  47.883 0.5000000000
52682  -4.950  -12.051  47.849 0.6250000000
126882  -4.325  -13.327  48.105 0.6250000000
50963  -4.268  -13.977  48.164 0.6250000000
49277  -5.154  -15.446  49.882 0.7500000000
48470  -5.302  -16.100  50.363 0.8750000000
45284  -13.246  -20.172  46.852 0.6250000000
46068  -12.794  -19.923  47.880 0.6250000000
117206  -5.862  -10.563  47.291 0.5000000000
53561  -5.617  -10.986  47.070 0.5000000000
52701  -4.944  -11.985  46.988 0.6250000000
125422  -4.618  -12.560  47.180 0.7500000000
51788  -4.305  -13.327  46.890 0.7500000000
122739  -4.322  -14.533  46.735 0.7500000000
50168  -4.300  -14.580  47.479 0.7500000000
49295  -4.625  -15.029  47.637 0.8750000000
49288  -4.875  -15.210  48.359 0.7500000000
48486  -5.354  -15.864  48.628 0.8750000000
46081  -13.354  -19.913  46.501 0.6250000000
47689  -22.504  -17.497  48.433 0.6250000000
53562  -5.910  -10.582  46.633 0.5000000000
53573  -5.659  -11.094  46.270 0.5000000000
52715  -5.343  -11.510  46.660 0.5000000000
123234  -4.629  -12.770  46.502 0.7500000000
118966  -4.382  -13.654  46.177 0.8750000000
50183  -4.406  -14.297  46.075 0.8750000000
49311  -5.184  -15.278  46.374 1.0000000000
49303  -4.706  -14.977  46.614 1.0000000000
49302  -4.844  -15.229  47.285 0.8750000000
48494  -5.453  -15.820  47.700 0.8750000000
45310  -13.619  -20.395  44.436 0.2500000000
46094  -13.469  -19.932  45.777 0.5000000000
47695  -21.806  -17.269  47.097 0.5000000000
53587  -5.708  -11.284  45.398 0.5000000000
52726  -5.390  -11.710  45.801 0.6250000000
46913  -21.558  -18.095  43.496 0.3750000000
47711  -21.676  -17.645  45.041 0.5000000000
53604  -5.718  -11.454  44.433 0.5000000000
49327  -5.132  -14.826  44.072 1.0000000000
50192  -4.941  -14.614  44.818 1.0000000000
49319  -4.948  -14.883  45.714 1.0000000000
53621  -5.750  -11.572  43.424 0.6250000000
52752  -5.420  -12.054  42.824 0.6250000000
49339  -5.505  -14.954  43.293 1.0000000000
63911  -34.580  0.575  47.328 0.5000000000
49340  -6.565  -15.287  43.304 0.8750000000
125837  -6.686  -15.482  43.936 0.8750000000
107616  -37.302  4.229  45.987 0.6250000000
109899  -37.193  3.137  46.159 0.7500000000
65544  -37.445  4.203  45.538 0.6250000000
51828  -4.646  -12.656  39.643 0.7500000000
51824  -4.841  -12.475  40.356 0.7500000000
64742  -38.116  3.012  45.063 0.7500000000
65554  -39.010  3.946  44.353 0.7500000000
50992  -4.359  -13.430  39.496 0.6250000000
63934  -36.956  1.207  45.261 0.7500000000
64743  -39.107  3.104  44.316 0.7500000000
50222  -4.707  -14.621  37.560 0.7500000000
49397  -5.220  -15.035  37.069 0.6250000000
49404  -6.077  -15.398  35.686 0.6250000000
49405  -6.860  -15.590  35.324 0.6250000000
49419  -7.193  -15.395  34.003 0.6250000000
49421  -8.934  -15.453  33.484 0.3750000000
46856  -11.810  -19.384  49.353 0.7500000000
116634  -12.548  -18.579  47.920 0.6250000000
52683  -5.382  -11.430  48.265 0.5000000000
46873  -13.228  -19.408  46.731 0.6250000000
118088  -13.415  -19.548  46.151 0.6250000000
46893  -13.537  -19.336  45.446 0.3750000000
46894  -13.713  -19.286  44.675 0.2500000000
117585  -13.572  -18.573  45.281 0.3750000000
48531  -20.281  -16.163  43.920 0.3750000000
48513  -20.728  -16.385  45.533 0.5000000000
47703  -21.635  -17.356  46.080 0.3750000000
53574  -5.973  -10.694  45.850 0.5000000000
45311  -13.862  -20.221  43.943 0.2500000000
46903  -14.090  -19.043  43.905 0.3750000000
48522  -20.843  -16.657  44.684 0.2500000000
48514  -21.241  -17.030  45.328 0.3750000000
53588  -6.094  -10.893  44.969 0.5000000000
117876  -14.338  -19.183  43.041 0.2500000000
46912  -14.459  -18.347  43.346 0.1250000000
125506  -19.668  -16.403  41.643 0.1250000000
48540  -19.799  -16.227  42.308 0.1250000000
47718  -20.987  -17.026  43.864 0.3750000000
121908  -21.393  -17.593  43.857 0.3750000000
46921  -15.065  -18.147  41.864 0.1250000000
47739  -15.969  -17.597  40.964 0.1250000000
47735  -20.881  -17.585  42.359 0.3750000000
127265  -5.405  -12.019  42.228 0.6250000000
114258  -37.288  5.174  45.888 0.3750000000
52774  -5.384  -11.927  40.673 0.6250000000
66329  -38.117  4.377  45.068 0.7500000000
104634  -37.765  5.164  45.285 0.6250000000
65553  -38.484  3.690  44.767 0.7500000000
50995  -4.368  -13.623  38.497 0.7500000000
107624  -4.547  -12.908  38.893 0.7500000000
111288  -39.318  3.041  44.417 0.7500000000
65564  -39.693  3.561  44.440 0.8750000000
50999  -4.480  -13.758  37.557 0.7500000000
63950  -38.952  2.419  43.149 0.6250000000
114314  -38.900  2.644  44.038 0.7500000000
113965  -4.904  -14.537  36.541 0.7500000000
50231  -5.439  -15.047  35.227 0.6250000000
49411  -7.053  -15.590  34.573 0.6250000000
50235  -5.655  -14.803  34.477 0.6250000000
50236  -6.464  -15.236  34.146 0.6250000000
49420  -7.921  -15.247  33.695 0.6250000000
49427  -8.464  -15.065  33.266 0.3750000000
49434  -9.935  -15.263  32.102 0.1250000000
54482  -6.150  -10.272  47.845 0.5000000000
47709  -13.822  -17.734  44.970 0.3750000000
54494  -6.270  -10.175  46.973 0.5000000000
118300  -14.267  -18.238  43.964 0.2500000000
47724  -14.944  -17.586  43.067 0.1250000000
49334  -19.613  -15.491  44.405 0.3750000000
54504  -6.357  -10.181  46.217 0.5000000000
49356  -19.062  -15.597  42.531 0.1250000000
48530  -19.859  -15.970  43.037 0.2500000000
53605  -6.128  -11.002  44.007 0.5000000000
47734  -15.697  -17.384  41.683 0.1250000000
48550  -16.490  -16.314  41.875 0.1250000000
49367  -18.427  -15.680  41.796 0.1250000000
49366  -17.520  -15.666  41.918 0.1250000000
49377  -17.942  -15.796  41.269 0.1250000000
53622  -6.295  -11.129  43.019 0.5000000000
53639  -6.426  -11.154  42.022 0.6250000000
52764  -5.876  -11.541  41.398 0.6250000000
66330  -39.044  4.657  44.752 0.7500000000
104610  -39.003  5.289  45.230 0.6250000000
104561  -39.738  6.468  44.559 0.3750000000
52784  -5.067  -12.138  39.780 0.6250000000
66338  -39.430  4.333  44.377 0.7500000000
124329  -40.497  4.297  43.810 0.7500000000
107780  -40.153  4.935  44.236 0.7500000000
64750  -39.606  2.856  44.339 0.7500000000
105360  -40.614  2.949  43.657 0.8750000000
66350  -40.610  3.651  43.599 0.8750000000
50217  -4.400  -14.272  38.042 0.7500000000
104479  -38.899  2.070  43.245 0.6250000000
64751  -39.866  2.684  43.515 0.8750000000
50221  -4.594  -14.251  37.258 0.7500000000
104465  -39.118  1.818  42.651 0.7500000000
50225  -4.869  -14.189  35.675 0.7500000000
112674  -5.110  -14.640  35.676 0.6250000000
128239  -4.882  -13.910  35.062 0.7500000000
50230  -5.082  -14.456  35.059 0.6250000000
50245  -6.970  -14.959  33.726 0.6250000000
51019  -5.169  -13.891  34.530 0.6250000000
51020  -5.737  -14.228  34.043 0.5000000000
50246  -7.829  -14.792  33.412 0.3750000000
50253  -8.607  -14.749  32.983 0.2500000000
50254  -9.367  -14.704  32.449 0.2500000000
50271  -10.765  -14.520  31.199 0.1250000000
54510  -6.522  -10.310  45.405 0.5000000000
53589  -6.684  -10.461  44.508 0.5000000000
53606  -6.861  -10.592  43.570 0.5000000000
52776  -6.698  -11.187  40.237 0.5000000000
67171  -40.116  5.971  44.152 0.3750000000
52786  -6.833  -11.279  39.300 0.5000000000
104485  -41.171  3.260  43.312 0.7500000000
104491  -41.210  3.903  43.074 0.6250000000
51840  -4.705  -13.249  37.003 0.7500000000
51834  -4.967  -12.522  38.477 0.7500000000
104468  -40.874  2.620  43.037 0.8750000000
104473  -40.960  2.770  43.246 0.8750000000
51850  -4.864  -13.213  35.992 0.6250000000
51003  -4.675  -13.870  36.491 0.7500000000
104941  -39.150  1.137  42.088 0.7500000000
119924  -39.683  1.664  41.990 0.7500000000
51010  -4.857  -13.591  35.491 0.7500000000
51862  -4.863  -12.892  35.135 0.7500000000
51018  -4.914  -13.299  34.823 0.6250000000
51034  -6.429  -14.350  33.744 0.5000000000
51046  -8.078  -14.195  33.220 0.2500000000
51873  -5.079  -12.959  34.349 0.6250000000
122557  -5.999  -13.798  33.809 0.5000000000
118620  -6.657  -13.672  33.626 0.3750000000
118390  -7.546  -13.528  33.421 0.2500000000
51047  -8.910  -14.074  32.755 0.2500000000
51058  -9.649  -13.974  32.170 0.1250000000
51059  -10.345  -14.015  31.537 0.1250000000
51886  -5.996  -13.070  33.754 0.5000000000
118567  -8.467  -13.388  33.099 0.1250000000
51910  -10.098  -13.104  31.901 0.1250000000
51072  -10.950  -13.950  31.036 0.1250000000
51887  -6.878  -12.686  33.541 0.2500000000
51888  -7.971  -12.648  33.375 0.2500000000
115664  -9.322  -13.232  32.569 0.1250000000
54511  -7.110  -9.814  45.784 0.5000000000
109495  -7.471  -9.943  44.006 0.3750000000
53623  -7.053  -10.670  42.611 0.3750000000
104562  -40.383  7.959  44.262 0.2500000000
53659  -6.583  -11.118  41.101 0.5000000000
105674  -41.189  4.859  43.268 0.3750000000
104475  -41.346  2.762  42.657 0.7500000000
126448  -41.475  3.117  42.804 0.6250000000
104487  -41.901  3.555  42.320 0.3750000000
51841  -5.023  -12.643  37.511 0.7500000000
121933  -6.348  -11.649  38.010 0.6250000000
105022  -40.969  1.946  42.182 0.8750000000
119617  -41.052  1.828  42.254 0.8750000000
104506  -42.047  2.575  41.242 0.6250000000
51851  -5.051  -12.662  36.452 0.7500000000
119802  -39.036  0.724  42.362 0.6250000000
119657  -39.754  1.086  41.922 0.7500000000
120930  -41.960  1.299  41.027 0.6250000000
121597  -5.011  -12.608  35.563 0.7500000000
52820  -5.418  -11.908  35.826 0.7500000000
52812  -6.159  -11.461  36.591 0.7500000000
119585  -39.011  0.500  41.665 0.8750000000
119686  -39.708  0.689  41.535 0.7500000000
105012  -38.955  -1.334  41.471 0.8750000000
51872  -4.949  -12.492  34.565 0.6250000000
51884  -5.009  -12.188  34.209 0.5000000000
51885  -5.305  -12.428  33.916 0.5000000000
120992  -5.993  -12.256  33.643 0.2500000000
121840  -6.546  -11.574  33.506 0.2500000000
52840  -8.340  -11.791  33.361 0.1250000000
51898  -8.906  -12.500  33.052 0.1250000000
51899  -9.769  -12.315  32.467 0.1250000000
51918  -10.889  -13.075  31.133 0.1250000000
54529  -8.200  -9.397  43.521 0.3750000000
54528  -7.682  -10.080  43.102 0.3750000000
54537  -7.884  -10.150  42.175 0.3750000000
53660  -7.450  -10.695  40.700 0.5000000000
68015  -41.341  6.205  43.004 0.3750000000
104489  -42.422  3.302  41.954 0.3750000000
104493  -41.626  4.571  42.548 0.3750000000
120036  -42.392  1.714  40.856 0.6250000000
119750  -42.780  2.193  41.265 0.5000000000
120288  -43.302  2.917  40.575 0.3750000000
52803  -6.057  -11.719  37.417 0.7500000000
52804  -6.843  -11.256  37.428 0.5000000000
104959  -40.936  0.974  41.855 0.7500000000
119774  -40.841  1.271  41.570 0.5000000000
119548  -39.036  -0.469  41.353 0.6250000000
119606  -39.255  0.436  41.146 0.6250000000
104772  -39.837  0.769  41.174 0.5000000000
52819  -4.896  -11.918  34.794 0.7500000000
105060  -38.175  -2.059  41.614 0.8750000000
52831  -4.878  -11.632  34.224 0.6250000000
119574  -38.779  -1.413  41.479 0.8750000000
52832  -4.989  -11.489  33.915 0.5000000000
52834  -7.485  -11.971  33.465 0.1250000000
52842  -10.085  -11.405  32.412 0.1250000000
51900  -10.574  -12.056  31.717 0.1250000000
52857  -11.287  -12.075  30.916 0.1250000000
53789  -11.654  -11.237  30.580 0.1250000000
104509  -42.024  7.801  42.423 0.2500000000
120371  -43.722  3.665  39.736 0.3750000000
119780  -42.253  2.254  40.919 0.3750000000
120376  -41.919  3.011  41.038 0.3750000000
119602  -39.889  1.035  41.212 0.3750000000
119654  -40.838  3.131  41.799 0.3750000000
52813  -6.920  -10.828  36.541 0.5000000000
120134  -39.020  -0.165  40.893 0.5000000000
119731  -38.882  0.083  40.773 0.5000000000
104984  -38.782  0.817  41.536 0.5000000000
53736  -4.804  -11.069  34.592 0.5000000000
107817  -5.124  -11.338  35.163 0.6250000000
119631  -38.895  -0.844  41.354 0.6250000000
120137  -39.009  -0.935  41.230 0.5000000000
120344  -38.720  -0.006  40.948 0.5000000000
114381  -4.763  -11.101  34.265 0.5000000000
120121  -37.805  -0.736  41.792 0.5000000000
53753  -4.791  -10.661  33.872 0.5000000000
119563  -36.921  -0.858  41.922 0.6250000000
52833  -5.516  -11.497  33.661 0.5000000000
53767  -8.571  -10.913  33.323 0.1250000000
53754  -5.117  -10.682  33.584 0.2500000000
118307  -6.762  -10.757  33.427 0.2500000000
53768  -9.531  -10.726  32.865 0.1250000000
52848  -10.613  -11.165  31.875 0.1250000000
52865  -12.155  -11.547  29.865 0.1250000000
120368  -41.743  4.949  41.402 0.3750000000
120267  -41.061  3.132  41.662 0.3750000000
53724  -7.677  -10.251  36.637 0.5000000000
104958  -39.733  2.271  41.977 0.3750000000
52821  -6.048  -10.976  35.739 0.6250000000
119775  -38.760  1.669  41.841 0.3750000000
120433  -37.927  0.014  41.575 0.5000000000
120168  -38.105  1.063  41.636 0.5000000000
119653  -38.122  1.844  42.810 0.2500000000
53746  -4.655  -10.329  34.220 0.3750000000
120425  -37.708  0.277  42.047 0.5000000000
120132  -35.820  -1.609  42.449 0.6250000000
120098  -36.922  -0.019  43.030 0.5000000000
53765  -6.331  -10.114  33.307 0.2500000000
54662  -6.891  -9.478  33.214 0.2500000000
110501  -8.835  -10.035  33.189 0.1250000000
54647  -5.444  -10.025  33.315 0.2500000000
53766  -7.590  -10.249  33.366 0.1250000000
53778  -10.891  -10.525  31.634 0.1250000000
53779  -11.361  -10.645  31.082 0.1250000000
120343  -35.934  -2.954  42.941 0.6250000000
120136  -35.565  -2.096  43.646 0.6250000000
117942  -9.785  -9.854  32.702 0.1250000000
53769  -10.308  -10.558  32.292 0.1250000000
54671  -11.310  -9.823  31.226 0.1250000000
53795  -12.124  -10.710  29.993 0.1250000000
105153  -36.977  -4.649  42.112 0.8750000000
120096  -35.860  -3.631  42.930 0.8750000000
54677  -11.723  -10.325  30.591 0.1250000000
57229  -37.428  -5.540  42.494 0.7500000000
56340  -36.226  -6.498  41.180 0.5000000000
110523  -36.950  -5.483  41.910 0.7500000000
119878  -40.902  4.105  41.832 0.3750000000
119896  -40.378  3.291  42.342 0.3750000000
104990  -40.636  3.745  42.205 0.3750000000
53723  -6.963  -10.268  35.907 0.2500000000
120264  -38.671  2.316  41.779 0.2500000000
53738  -5.979  -10.065  35.350 0.3750000000
53737  -5.144  -10.602  34.966 0.5000000000
54614  -5.081  -9.709  34.680 0.3750000000
54632  -4.607  -9.350  34.111 0.3750000000
54631  -4.686  -9.752  33.754 0.3750000000
55523  -4.662  -8.889  33.697 0.2500000000
119583  -35.867  -1.446  43.024 0.6250000000
122214  -4.856  -9.351  33.399 0.2500000000
54660  -5.259  -9.288  33.164 0.2500000000
104929  -35.491  -3.236  44.172 0.6250000000
59853  -37.664  -3.376  40.525 0.5000000000
59862  -37.743  -3.023  39.970 0.5000000000
60638  -37.888  -2.401  39.284 0.2500000000
54661  -5.910  -9.560  33.147 0.2500000000
54663  -8.075  -9.372  33.211 0.1250000000
54664  -9.131  -9.195  32.946 0.1250000000
118607  -10.579  -9.651  32.024 0.1250000000
120122  -35.952  -4.103  42.635 0.7500000000
119584  -36.098  -3.806  42.898 0.6250000000
59032  -37.962  -3.725  39.604 0.5000000000
59863  -37.740  -3.296  39.777 0.5000000000
59870  -38.053  -2.976  39.567 0.5000000000
60639  -38.239  -2.347  38.920 0.3750000000
60646  -38.383  -1.887  38.123 0.3750000000
55557  -7.426  -8.756  33.074 0.1250000000
55558  -8.441  -8.587  32.987 0.1250000000
59042  -38.436  -3.925  38.738 0.6250000000
127029  -37.962  -3.349  39.638 0.5000000000
59864  -38.408  -3.154  38.954 0.5000000000
60640  -38.553  -2.474  38.406 0.3750000000
60647  -38.780  -2.290  37.704 0.3750000000
55559  -9.371  -8.382  32.700 0.1250000000
57248  -36.957  -6.244  39.703 0.8750000000
125863  -38.473  -5.132  38.022 0.6250000000
59874  -38.814  -2.966  37.984 0.5000000000
60648  -39.126  -2.813  37.108 0.3750000000
56350  -36.505  -6.318  40.569 0.8750000000
57260  -37.530  -6.061  38.905 0.6250000000
58205  -38.132  -5.496  38.406 0.5000000000
56374  -37.167  -6.712  38.282 0.8750000000
120261  -38.464  3.226  43.778 0.2500000000
120310  -39.928  3.098  42.774 0.3750000000
120266  -37.847  1.258  43.684 0.2500000000
120138  -35.742  -0.015  43.973 0.3750000000
120347  -37.932  1.031  43.089 0.2500000000
104981  -32.673  1.033  42.880 0.3750000000
105122  -32.946  1.861  44.142 0.2500000000
120364  -33.051  0.806  43.096 0.2500000000
119833  -33.959  -0.716  42.874 0.3750000000
119973  -33.580  1.186  44.450 0.3750000000
119749  -35.606  -3.430  39.879 0.2500000000
119667  -35.584  -2.146  44.913 0.5000000000
119576  -34.628  -1.926  42.048 0.3750000000
120779  -34.084  -1.954  42.176 0.2500000000
119994  -34.468  -2.928  40.014 0.2500000000
59869  -37.288  -2.264  39.223 0.2500000000
120223  -34.949  -4.042  43.050 0.6250000000
120271  -35.616  -2.696  44.633 0.6250000000
104806  -34.154  -1.253  43.143 0.5000000000
119589  -34.158  -2.089  42.115 0.5000000000
120363  -34.860  -1.840  42.137 0.3750000000
119771  -33.861  -2.648  40.560 0.5000000000
59030  -36.862  -2.841  40.095 0.2500000000
60645  -37.847  -1.849  38.694 0.2500000000
55539  -4.909  -8.684  33.242 0.2500000000
55556  -5.399  -8.400  32.933 0.2500000000
119139  -6.226  -8.844  32.953 0.1250000000
58165  -36.073  -4.134  42.009 0.6250000000
58177  -38.032  -4.087  41.941 0.6250000000
58178  -38.126  -4.439  41.868 0.5000000000
105079  -34.978  -4.257  42.069 0.5000000000
119772  -35.615  -3.968  41.449 0.5000000000
119918  -35.748  -3.713  41.272 0.5000000000
59020  -38.567  -3.743  41.121 0.5000000000
59019  -36.730  -3.438  40.810 0.5000000000
115417  -7.005  -8.146  32.871 0.1250000000
57234  -37.981  -5.207  41.952 0.7500000000
57233  -38.165  -5.050  41.990 0.7500000000
59009  -37.070  -4.004  41.725 0.5000000000
58186  -37.589  -4.340  40.309 0.5000000000
59031  -37.673  -3.620  40.597 0.6250000000
61462  -39.632  -2.208  36.028 0.3750000000
56441  -8.676  -7.689  32.756 0.1250000000
57241  -37.129  -5.149  41.561 0.6250000000
57249  -37.391  -5.349  39.956 0.7500000000
57242  -37.318  -4.550  40.958 0.5000000000
58194  -37.857  -5.033  39.335 0.5000000000
58195  -38.275  -4.582  38.845 0.5000000000
60653  -39.561  -2.721  36.282 0.3750000000
119035  -36.972  -5.540  40.563 0.7500000000
60663  -40.616  -2.743  35.109 0.3750000000
105070  -37.662  2.768  44.496 0.2500000000
104771  -36.868  1.289  44.562 0.2500000000
105137  -34.321  2.228  46.225 0.3750000000
105473  -35.933  3.953  45.364 0.3750000000
105026  -34.257  2.978  45.630 0.2500000000
120272  -35.808  -0.620  45.043 0.3750000000
105096  -35.841  2.161  45.424 0.3750000000
105397  -35.100  2.286  45.795 0.3750000000
120016  -34.125  2.839  45.929 0.3750000000
119920  -33.261  -1.374  41.209 0.2500000000
120224  -35.332  -2.857  44.309 0.5000000000
119612  -35.337  -1.998  44.661 0.5000000000
104695  -35.128  0.021  45.784 0.3750000000
105099  -35.147  1.815  45.848 0.3750000000
119603  -33.473  0.631  43.787 0.3750000000
120355  -36.394  -2.769  39.313 0.1250000000
60652  -38.351  -1.555  37.391 0.2500000000
104936  -35.011  -2.938  43.871 0.5000000000
119604  -34.965  -1.010  44.163 0.5000000000
120172  -34.142  0.768  44.900 0.5000000000
119726  -33.487  0.039  43.534 0.3750000000
61460  -38.698  -1.839  37.424 0.2500000000
119903  -36.426  -4.096  41.883 0.5000000000
120101  -35.051  -2.562  43.058 0.5000000000
61461  -39.150  -2.100  36.813 0.3750000000
61472  -39.393  -1.654  36.024 0.1250000000
122060  -7.878  -8.120  32.933 0.1250000000
60658  -40.003  -2.590  35.675 0.2500000000
61486  -40.812  -1.807  35.114 0.2500000000
59890  -40.436  -3.644  34.940 0.6250000000
121617  -36.953  5.081  45.125 0.3750000000
105158  -35.208  4.436  45.416 0.3750000000
119972  -33.426  3.185  45.485 0.2500000000
120524  -33.834  3.811  45.365 0.2500000000
104640  -36.929  4.009  45.281 0.3750000000
119703  -32.805  0.063  41.849 0.1250000000
119713  -33.859  -2.096  40.105 0.1250000000
61471  -38.681  -1.492  36.670 0.1250000000
61485  -39.782  -1.263  35.255 0.1250000000
61473  -40.134  -1.969  35.589 0.2500000000
61497  -40.771  -1.072  34.800 0.1250000000
108993  -40.559  -4.080  34.207 0.6250000000
59895  -41.001  -3.418  34.191 0.6250000000
60668  -41.319  -2.526  34.528 0.5000000000
119182  -41.389  -2.976  33.694 0.6250000000
119938  -33.350  2.727  43.806 0.1250000000
119594  -33.233  0.244  41.038 0.1250000000
123300  -35.833  -3.035  39.064 0.1250000000
59873  -37.188  -1.913  38.088 0.1250000000
109059  -41.455  -1.803  34.732 0.2500000000
62344  -41.329  -0.693  34.384 0.2500000000
61498  -41.767  -1.490  34.507 0.2500000000
59894  -40.646  -4.146  33.433 0.6250000000
59907  -41.009  -3.568  33.083 0.6250000000
109176  -41.751  -2.297  33.883 0.2500000000
59083  -39.774  -4.852  32.437 0.6250000000
59906  -40.364  -4.157  32.444 0.6250000000
59915  -40.746  -3.411  32.105 0.6250000000
61499  -42.235  -1.271  34.173 0.2500000000
108785  -42.188  -0.630  34.327 0.2500000000
60678  -41.341  -2.900  32.817 0.6250000000
110365  -42.067  -1.838  33.756 0.3750000000
59914  -40.163  -3.776  31.676 0.6250000000
60686  -41.045  -2.728  31.815 0.6250000000
61515  -41.688  -2.192  32.658 0.5000000000
60685  -40.229  -3.112  31.236 0.6250000000
60694  -40.626  -2.322  31.019 0.6250000000
60693  -39.814  -2.551  30.541 0.6250000000
61516  -42.190  -1.561  33.077 0.2500000000
62345  -42.505  -0.991  33.603 0.2500000000
105637  -42.661  0.525  34.306 0.2500000000
61528  -41.755  -1.636  31.880 0.5000000000
62371  -42.274  -1.085  32.334 0.3750000000
63222  -43.014  -0.188  33.689 0.2500000000
61527  -41.269  -2.133  31.601 0.5000000000
59932  -39.050  -2.844  30.149 0.5000000000
60704  -39.397  -2.100  29.944 0.6250000000
61568  -38.969  -1.783  29.403 0.7500000000
117984  -39.153  -1.344  29.284 0.6250000000
62346  -42.705  -0.459  34.017 0.2500000000
61540  -41.075  -1.645  31.006 0.6250000000
62372  -42.340  -0.473  31.692 0.5000000000
63235  -43.143  0.024  32.867 0.3750000000
62384  -40.864  -1.110  30.562 0.6250000000
62402  -40.420  -0.865  30.035 0.7500000000
61555  -39.650  -1.310  29.662 0.6250000000
62413  -38.892  -0.546  28.466 0.7500000000
62408  -39.328  -0.867  29.121 0.7500000000
63274  -40.036  0.823  28.370 0.8750000000
62361  -42.775  -0.552  32.920 0.3750000000
62403  -41.087  -0.467  30.426 0.5000000000
62386  -41.813  -0.134  30.832 0.6250000000
123110  -42.476  0.209  31.308 0.6250000000
63263  -41.350  0.286  30.183 0.5000000000
62409  -40.014  -0.494  29.447 0.6250000000
63268  -40.341  0.319  29.167 0.5000000000
63267  -39.620  -0.057  28.785 0.7500000000
63273  -39.194  0.482  27.846 0.7500000000
64899  -40.987  2.341  27.273 0.6250000000
64084  -40.327  2.056  27.044 0.7500000000
64900  -41.780  2.613  27.461 0.7500000000
64920  -41.323  2.704  25.812 0.7500000000
63264  -42.079  0.655  30.557 0.5000000000
63269  -41.003  0.669  29.523 0.5000000000
64069  -41.704  1.065  29.818 0.5000000000
64073  -40.752  1.137  28.790 0.7500000000
122553  -41.363  1.343  29.144 0.5000000000
64070  -42.599  1.486  30.154 0.5000000000
64079  -41.360  1.929  28.304 0.6250000000
64894  -42.128  2.433  28.186 0.6250000000
108044  -42.210  2.909  26.857 0.7500000000
64901  -42.669  2.882  27.517 0.6250000000
111199  -42.286  2.901  26.060 0.7500000000
64911  -42.948  3.005  26.686 0.6250000000
64109  -42.226  1.848  24.787 0.7500000000
64092  -42.844  2.315  25.408 0.6250000000
64074  -42.123  1.878  29.102 0.5000000000
64889  -43.051  2.207  29.423 0.5000000000
64895  -42.828  2.594  28.493 0.5000000000
64902  -43.511  2.973  27.872 0.5000000000
65702  -43.415  3.060  27.181 0.5000000000
65703  -44.156  3.050  27.331 0.3750000000
64921  -43.380  2.655  26.035 0.6250000000
64110  -43.407  1.276  24.985 0.7500000000
64093  -43.878  1.842  25.574 0.7500000000
64913  -44.542  2.189  26.194 0.7500000000
63284  -44.452  0.770  25.284 0.7500000000
64912  -43.868  2.894  26.650 0.5000000000
65704  -45.053  2.953  27.577 0.5000000000
111453  -45.661  1.919  26.656 0.6250000000
65711  -45.799  2.437  27.275 0.2500000000
65706  -47.048  2.699  28.101 0.1250000000
64085  -45.616  1.205  26.055 0.6250000000
64914  -46.716  1.689  26.959 0.2500000000
63285  -45.128  -0.223  25.157 0.6250000000
109491  -45.464  0.418  25.588 0.5000000000
64086  -46.629  1.038  26.327 0.3750000000
64904  -47.661  1.722  26.961 0.3750000000
63287  -46.845  -0.096  25.331 0.3750000000
64096  -47.219  0.549  25.903 0.3750000000
64112  -47.702  1.080  25.311 0.3750000000
66513  -47.691  3.560  25.162 0.3750000000
64903  -46.895  2.252  27.516 0.1250000000
64906  -48.559  2.652  27.463 0.1250000000
64087  -47.442  1.166  26.410 0.2500000000
64915  -48.253  2.013  26.907 0.1250000000
66501  -49.002  4.212  26.849 0.1250000000
67358  -48.581  4.844  26.297 0.1250000000
64922  -48.291  1.913  26.212 0.3750000000
111392  -48.455  2.676  26.214 0.2500000000
114453  -48.279  3.301  25.746 0.1250000000
68175  -47.993  6.336  26.353 0.1250000000
111519  -48.280  2.464  25.798 0.3750000000
65721  -47.966  2.801  25.359 0.3750000000
68182  -47.287  6.786  26.098 0.1250000000
112478  -47.507  5.875  25.832 0.2500000000
113843  -46.998  5.311  25.288 0.2500000000
68952  -46.469  7.449  25.686 0.2500000000
69751  -46.933  9.262  26.290 0.1250000000
111828  -48.098  7.173  26.733 0.1250000000
68953  -47.281  7.588  26.350 0.1250000000
69763  -46.412  8.991  25.747 0.1250000000
70627  -46.413  9.725  25.644 0.1250000000
69752  -47.708  8.129  26.775 0.1250000000
70612  -47.075  10.089  26.269 0.1250000000
71481  -46.531  10.583  25.541 0.1250000000
72311  -46.680  11.451  25.385 0.1250000000
73143  -46.851  12.580  24.410 0.1250000000
123413  -46.327  11.665  24.335 0.1250000000
74027  -48.003  13.960  23.543 0.1250000000
74026  -47.256  13.228  23.985 0.1250000000
73136  -46.952  12.343  25.167 0.1250000000
51806  -4.706  -13.321  43.944 0.8750000000
50973  -4.579  -13.958  44.285 0.8750000000
48502  -5.204  -15.504  46.999 1.0000000000
50184  -4.696  -14.462  45.461 0.8750000000
50191  -4.747  -14.330  44.633 1.0000000000
46870  -6.509  -18.232  48.411 1.0000000000
48504  -7.297  -16.902  46.428 1.0000000000
124104  -6.593  -16.028  46.240 1.0000000000
48495  -5.947  -16.190  47.440 0.8750000000
35536  -3.931  -31.886  45.382 0.1250000000
35564  -4.318  -31.401  42.265 0.1250000000
107342  -4.826  -30.261  41.185 0.1250000000
36404  -5.364  -30.606  38.845 0.3750000000
37295  -10.463  -29.858  41.193 0.1250000000
40114  -6.359  -26.687  37.133 0.3750000000
42027  -6.509  -24.373  37.034 0.5000000000
36341  -3.910  -30.154  44.518 0.1250000000
36340  -3.801  -31.116  44.907 0.1250000000
36330  -4.073  -31.111  45.810 0.1250000000
36371  -4.294  -30.534  42.684 0.1250000000
37280  -8.213  -30.249  41.967 0.1250000000
127108  -5.537  -27.021  40.611 0.3750000000
106142  -5.658  -27.049  40.099 0.3750000000
37309  -9.606  -29.054  40.641 0.1250000000
38242  -11.170  -28.748  40.165 0.1250000000
42909  -6.552  -23.779  36.838 0.6250000000
106783  -6.675  -24.766  35.308 0.3750000000
42069  -6.723  -25.010  34.704 0.3750000000
39074  -7.970  -28.134  45.989 0.2500000000
36332  -5.599  -30.725  46.141 0.2500000000
38219  -5.160  -27.877  41.606 0.3750000000
40055  -5.552  -26.161  41.275 0.6250000000
38220  -8.577  -28.888  41.310 0.1250000000
41022  -5.755  -25.581  40.807 0.5000000000
37308  -9.113  -28.827  40.794 0.1250000000
41998  -6.197  -24.513  39.911 0.5000000000
108574  -6.754  -23.134  35.898 0.5000000000
44584  -6.945  -21.894  36.470 0.6250000000
39933  -6.965  -26.418  49.470 0.7500000000
37216  -5.441  -29.132  47.159 0.5000000000
39092  -4.866  -27.369  44.344 0.5000000000
126089  -4.650  -27.842  43.914 0.3750000000
38185  -4.707  -28.090  43.244 0.3750000000
41000  -5.715  -25.149  42.228 0.6250000000
107487  -6.042  -23.958  42.192 0.5000000000
42886  -6.196  -23.944  40.558 0.5000000000
43711  -6.291  -22.758  40.753 0.6250000000
45360  -7.161  -20.880  38.974 0.7500000000
116013  -7.887  -20.280  38.611 0.6250000000
122408  -7.950  -20.340  38.031 0.6250000000
123292  -5.803  -25.003  50.322 1.0000000000
40931  -5.289  -25.022  47.898 0.8750000000
40011  -5.247  -26.123  44.811 0.8750000000
127845  -5.375  -26.310  43.363 0.6250000000
41855  -5.015  -24.388  51.093 1.0000000000
107167  -5.366  -26.457  48.249 0.8750000000
120774  -5.319  -24.730  49.768 1.0000000000
41865  -5.014  -24.167  50.173 1.0000000000
108109  -4.560  -23.748  50.737 1.0000000000
41896  -5.355  -24.271  47.425 0.8750000000
42824  -5.349  -23.569  47.680 1.0000000000
43660  -5.238  -22.740  48.874 1.0000000000
124838  -5.484  -22.624  47.482 1.0000000000
109036  -9.462  -24.390  49.302 0.7500000000
41922  -5.519  -24.289  45.794 0.8750000000
42857  -5.715  -23.587  45.211 0.7500000000
44512  -6.333  -22.008  43.310 0.6250000000
43695  -6.349  -22.172  42.427 0.7500000000
44524  -6.518  -21.405  41.150 0.7500000000
44536  -6.284  -22.002  40.987 0.6250000000
45343  -6.989  -20.822  40.964 0.7500000000
42802  -4.988  -23.748  49.670 1.0000000000
45271  -6.024  -20.602  49.237 1.0000000000
44480  -5.716  -21.866  48.042 1.0000000000
44488  -5.978  -21.532  47.474 1.0000000000
41876  -9.981  -23.998  49.008 0.7500000000
42850  -6.016  -22.425  45.149 0.7500000000
46104  -6.818  -20.198  45.904 1.0000000000
43638  -4.389  -22.396  52.169 1.0000000000
113985  -5.546  -23.319  53.058 1.0000000000
42783  -7.440  -23.124  52.271 1.0000000000
120452  -4.908  -21.365  50.931 1.0000000000
45270  -5.738  -20.704  50.113 1.0000000000
42791  -9.225  -23.243  51.397 1.0000000000
46057  -6.301  -19.524  49.003 1.0000000000
114203  -5.976  -22.136  45.568 0.8750000000
111591  -6.647  -19.336  47.940 1.0000000000
44498  -6.452  -20.981  44.677 1.0000000000
46881  -7.322  -18.575  46.799 1.0000000000
45309  -6.849  -20.495  44.263 0.8750000000
127774  -10.588  -16.963  37.745 0.6250000000
44437  -4.572  -21.882  52.969 1.0000000000
45253  -4.805  -20.757  51.523 1.0000000000
43654  -11.386  -21.947  49.667 0.7500000000
43655  -11.991  -21.502  49.156 0.7500000000
47732  -9.363  -17.069  42.516 0.7500000000
48567  -10.206  -15.957  37.923 0.7500000000
115484  -10.861  -17.491  36.347 0.6250000000
45416  -10.763  -20.464  34.061 0.1250000000
43643  -10.183  -22.143  51.313 1.0000000000
47678  -5.990  -17.725  49.201 1.0000000000
43648  -11.051  -21.670  50.510 0.8750000000
52630  -27.278  -13.363  51.475 0.7500000000
46880  -6.991  -18.352  47.477 1.0000000000
111807  -8.645  -17.164  43.942 0.8750000000
49392  -5.947  -15.253  37.642 0.7500000000
49393  -7.694  -15.166  38.033 0.8750000000
123223  -5.824  -15.294  38.497 0.7500000000
108035  -8.035  -15.252  37.339 0.7500000000
44429  -7.478  -20.305  54.089 1.0000000000
45237  -5.816  -20.082  54.708 1.0000000000
46024  -4.693  -19.172  53.482 1.0000000000
46041  -5.349  -19.134  51.538 1.0000000000
46846  -5.670  -18.488  50.952 1.0000000000
44474  -12.524  -20.674  48.707 0.7500000000
44473  -12.153  -20.886  49.299 0.7500000000
50910  -25.505  -13.901  55.219 0.7500000000
51733  -27.404  -12.238  53.139 0.8750000000
53482  -27.137  -13.052  51.313 0.7500000000
47693  -6.641  -17.234  47.659 1.0000000000
50213  -4.821  -14.715  40.451 0.8750000000
49401  -9.212  -15.500  36.377 0.7500000000
48576  -10.480  -16.095  35.917 0.6250000000
46839  -5.268  -18.196  51.807 1.0000000000
44447  -10.465  -20.743  51.431 0.8750000000
46059  -12.478  -19.967  48.609 0.7500000000
44464  -11.676  -20.873  49.895 0.6250000000
45262  -11.402  -20.588  50.248 0.7500000000
48438  -23.765  -16.997  55.180 0.5000000000
113703  -4.887  -14.507  44.108 1.0000000000
49406  -8.094  -15.552  35.471 0.6250000000
46832  -5.001  -17.553  53.216 0.7500000000
48480  -5.357  -16.107  49.498 0.8750000000
47682  -22.637  -17.235  49.306 0.7500000000
46858  -23.645  -17.985  49.517 0.7500000000
48459  -24.339  -16.393  51.252 0.7500000000
118270  -24.580  -15.551  52.269 0.7500000000
48452  -24.633  -15.965  53.395 0.6250000000
51793  -4.679  -13.084  45.687 0.8750000000
47692  -6.198  -16.927  48.139 0.8750000000
48493  -5.096  -15.505  47.908 0.8750000000
47704  -22.169  -17.912  46.587 0.6250000000
47688  -21.905  -17.142  47.987 0.6250000000
52714  -5.041  -12.220  46.168 0.7500000000
46874  -23.478  -18.682  47.518 0.5000000000
49328  -5.380  -15.025  44.894 1.0000000000
49329  -6.891  -15.648  44.528 0.8750000000
118903  -5.994  -15.225  44.127 0.8750000000
104686  -36.917  3.870  46.318 0.5000000000
52763  -5.398  -11.990  41.646 0.7500000000
49414  -9.720  -15.803  33.828 0.3750000000
48590  -10.458  -15.988  32.377 0.1250000000
45255  -11.090  -20.271  50.594 0.7500000000
51774  -4.741  -12.623  48.427 0.6250000000
119148  -4.584  -13.249  48.780 0.6250000000
48456  -5.108  -16.468  52.295 0.7500000000
51784  -4.418  -12.926  47.655 0.6250000000
50162  -4.502  -14.628  48.263 0.7500000000
46080  -13.132  -19.904  47.183 0.6250000000
46864  -12.518  -19.393  48.232 0.7500000000
50965  -4.156  -13.886  47.344 0.7500000000
50967  -4.176  -14.033  46.632 0.8750000000
112012  -4.478  -14.903  47.112 0.8750000000
49318  -4.584  -14.601  46.130 0.8750000000
46106  -13.591  -19.847  44.991 0.3750000000
52753  -5.754  -11.644  42.364 0.5000000000
63933  -36.384  1.290  45.936 0.7500000000
117660  -4.845  -12.409  39.196 0.6250000000
63942  -38.077  2.046  45.198 0.7500000000
50226  -5.364  -15.031  36.097 0.6250000000
49410  -6.163  -15.422  34.824 0.6250000000
46857  -12.197  -19.543  48.828 0.7500000000
53530  -5.823  -10.749  48.513 0.5000000000
46902  -13.866  -18.520  44.553 0.3750000000
47702  -13.503  -17.839  45.702 0.3750000000
48541  -20.584  -16.775  42.942 0.2500000000
48508  -21.073  -16.711  46.183 0.5000000000
47725  -21.192  -17.572  43.194 0.3750000000
46920  -14.696  -18.468  42.488 0.1250000000
47717  -14.659  -17.559  43.750 0.2500000000
52775  -6.026  -11.467  40.636 0.6250000000
65565  -40.204  3.131  44.217 0.8750000000
66339  -40.160  4.109  44.263 0.8750000000
51833  -4.638  -13.137  38.014 0.7500000000
119351  -38.205  1.960  44.069 0.6250000000
50244  -6.195  -14.772  33.959 0.6250000000
47716  -14.273  -17.636  44.342 0.2500000000
49345  -18.394  -15.266  43.256 0.1250000000
108467  -16.499  -16.756  41.048 0.1250000000
49355  -18.224  -15.449  42.420 0.1250000000
104587  -39.440  5.680  44.736 0.6250000000
52785  -5.838  -11.649  39.787 0.5000000000
52793  -5.311  -12.027  39.035 0.6250000000
104469  -40.155  2.729  42.580 0.8750000000
51033  -5.444  -13.429  34.036 0.5000000000
51035  -7.227  -14.309  33.521 0.2500000000
50262  -9.885  -14.614  31.934 0.1250000000
53640  -7.285  -10.661  41.629 0.5000000000
66340  -40.193  5.217  44.184 0.3750000000
52794  -6.142  -11.669  38.757 0.5000000000
52802  -5.624  -12.096  38.046 0.7500000000
119799  -41.643  2.613  41.990 0.7500000000
104995  -41.048  1.041  41.603 0.8750000000
54538  -8.382  -9.540  42.625 0.3750000000
104588  -40.668  9.209  44.001 0.2500000000
124222  -40.521  7.123  43.497 0.2500000000
104484  -42.205  2.947  42.236 0.6250000000
52811  -5.485  -12.094  36.959 0.7500000000
120140  -38.392  -1.071  41.736 0.7500000000
53756  -7.581  -11.192  33.463 0.1250000000
52841  -9.269  -11.606  32.985 0.1250000000
121872  -41.077  8.440  43.894 0.2500000000
104492  -41.391  6.272  42.744 0.3750000000
104511  -42.122  4.128  42.090 0.3750000000
53709  -7.510  -10.693  37.180 0.3750000000
120265  -41.034  2.058  41.248 0.3750000000
53755  -5.864  -10.750  33.429 0.2500000000
52849  -11.093  -11.287  31.307 0.1250000000
127710  -11.786  -12.025  30.302 0.1250000000
128189  -41.478  5.645  42.387 0.3750000000
120169  -39.990  2.079  41.920 0.2500000000
120311  -40.812  3.234  41.913 0.3750000000
120345  -36.960  -1.129  41.984 0.6250000000
54646  -4.916  -9.951  33.431 0.2500000000
119733  -37.761  1.206  42.977 0.2500000000
127622  -11.746  -9.620  30.607 0.1250000000
109835  -11.553  -8.995  30.916 0.1250000000
125054  -36.658  -6.167  42.223 0.5000000000
56341  -36.828  -5.447  41.625 0.8750000000
56373  -36.415  -7.433  38.062 0.7500000000
56385  -37.204  -6.946  37.519 0.8750000000
57282  -37.998  -6.468  37.059 0.7500000000
105163  -35.969  0.714  45.249 0.2500000000
104949  -34.962  -3.369  43.526 0.6250000000
59018  -36.803  -3.589  41.093 0.5000000000
59011  -38.087  -4.088  41.665 0.5000000000
114675  -6.134  -8.096  32.780 0.1250000000
104669  -34.423  1.924  45.546 0.3750000000
105344  -36.041  4.841  45.305 0.3750000000
120158  -35.159  -0.124  44.935 0.5000000000
59923  -39.429  -3.286  30.719 0.6250000000
61556  -40.242  -1.686  30.379 0.6250000000
62385  -41.644  -0.963  31.152 0.6250000000
63262  -40.674  -0.091  29.824 0.5000000000
64078  -40.538  1.642  27.907 0.8750000000
64910  -41.500  2.736  26.618 0.7500000000
64896  -43.722  2.695  28.735 0.3750000000
65710  -44.817  2.696  26.885 0.5000000000
64094  -44.779  1.304  25.727 0.6250000000
64095  -46.421  0.321  25.797 0.3750000000
63288  -47.446  0.461  25.459 0.3750000000
66504  -47.984  4.088  25.511 0.2500000000
64923  -48.533  2.604  26.787 0.1250000000
67354  -48.308  5.594  26.282 0.1250000000
120776  -46.496  6.333  25.370 0.2500000000
71487  -46.173  10.944  24.880 0.1250000000
73998  -47.356  13.264  24.908 0.1250000000
40129  -6.398  -26.744  36.207 0.3750000000
38172  -8.195  -28.126  44.059 0.1250000000
39093  -8.089  -28.174  45.080 0.1250000000
39075  -8.482  -27.557  45.419 0.1250000000
113049  -8.747  -27.364  44.014 0.1250000000
39110  -8.583  -27.639  43.231 0.1250000000
39124  -8.523  -27.859  42.351 0.1250000000
40043  -9.405  -26.551  42.813 0.1250000000
40056  -8.838  -27.432  41.885 0.1250000000
40057  -9.293  -26.734  41.851 0.1250000000
40012  -8.962  -26.996  44.768 0.1250000000
40027  -9.088  -27.014  43.381 0.1250000000
40042  -8.962  -27.192  42.602 0.1250000000
111690  -9.870  -26.000  43.091 0.1250000000
41014  -10.277  -25.507  41.992 0.1250000000
41023  -10.329  -25.494  41.158 0.1250000000
128276  -9.965  -26.004  40.674 0.1250000000
110595  -10.371  -25.577  40.292 0.1250000000
41999  -10.900  -25.098  39.876 0.1250000000
41034  -10.549  -25.842  39.477 0.1250000000
39996  -8.933  -26.920  45.740 0.2500000000
39997  -9.369  -26.260  45.198 0.2500000000
40013  -9.456  -26.352  44.338 0.2500000000
110820  -9.158  -26.835  44.010 0.1250000000
40986  -9.915  -25.892  43.843 0.1250000000
41002  -10.258  -25.398  43.298 0.2500000000
41001  -9.820  -26.061  42.326 0.1250000000
111079  -11.189  -24.567  41.271 0.1250000000
41986  -11.363  -24.570  40.542 0.1250000000
41987  -12.026  -24.160  40.384 0.1250000000
42887  -12.674  -23.738  40.161 0.1250000000
42894  -12.889  -23.857  39.311 0.1250000000
42014  -12.577  -24.462  38.555 0.1250000000
42895  -13.445  -23.425  39.193 0.1250000000
42959  -8.204  -23.986  33.337 0.1250000000
39976  -8.738  -26.748  46.594 0.3750000000
40974  -9.860  -25.720  44.654 0.2500000000
40987  -10.239  -25.215  44.083 0.2500000000
41949  -10.672  -24.752  43.510 0.2500000000
41963  -10.678  -24.967  42.594 0.1250000000
41964  -11.121  -24.172  42.952 0.1250000000
114484  -11.294  -24.286  42.009 0.1250000000
41974  -11.709  -24.128  41.215 0.1250000000
42881  -11.903  -23.730  41.804 0.1250000000
113814  -13.215  -23.420  39.890 0.1250000000
43712  -13.799  -22.848  40.005 0.1250000000
43720  -14.020  -22.957  38.975 0.1250000000
42903  -14.220  -23.242  38.062 0.1250000000
124259  -8.644  -23.574  33.356 0.1250000000
39958  -8.513  -26.490  47.506 0.3750000000
106156  -8.912  -25.959  47.449 0.5000000000
40946  -9.497  -25.405  46.510 0.2500000000
39977  -9.246  -26.160  46.087 0.2500000000
41934  -10.609  -24.569  44.340 0.1250000000
42859  -11.441  -23.387  44.229 0.1250000000
42876  -11.733  -23.626  42.492 0.1250000000
112473  -12.377  -23.202  42.055 0.1250000000
42882  -12.417  -23.561  41.129 0.1250000000
42888  -13.180  -23.188  40.655 0.1250000000
43705  -13.735  -22.491  41.043 0.1250000000
42948  -8.770  -23.072  33.742 0.1250000000
43804  -9.329  -23.394  33.098 0.1250000000
40933  -9.258  -25.411  47.407 0.6250000000
41897  -9.652  -24.838  47.812 0.6250000000
41909  -10.360  -24.283  46.320 0.2500000000
40963  -9.767  -25.431  45.587 0.2500000000
41899  -10.865  -23.697  46.485 0.3750000000
40975  -10.210  -25.003  44.884 0.2500000000
115117  -10.551  -24.404  45.035 0.2500000000
42851  -11.354  -23.316  45.110 0.2500000000
41935  -10.985  -23.975  44.712 0.1250000000
41950  -11.066  -24.083  43.841 0.1250000000
42869  -12.021  -22.845  43.739 0.1250000000
42868  -11.562  -23.492  43.339 0.1250000000
42877  -12.181  -22.967  42.868 0.1250000000
43696  -12.674  -22.365  43.283 0.1250000000
43697  -12.976  -22.487  42.449 0.1250000000
104814  -31.619  -8.830  46.714 0.5000000000
123993  -13.079  -22.874  41.553 0.1250000000
115161  -13.654  -22.203  41.908 0.1250000000
104792  -33.722  -5.022  47.072 0.2500000000
121431  -31.114  -9.897  47.071 0.7500000000
104769  -32.987  -7.144  46.259 0.2500000000
41898  -10.169  -24.213  47.836 0.3750000000
117822  -10.535  -24.006  47.044 0.3750000000
41924  -10.797  -23.934  45.611 0.3750000000
42860  -11.910  -22.735  44.617 0.2500000000
43689  -12.514  -22.182  44.122 0.2500000000
113975  -13.275  -21.995  43.021 0.1250000000
126827  -13.598  -21.929  42.571 0.1250000000
43698  -14.060  -21.537  42.291 0.1250000000
53509  -29.255  -11.991  48.214 0.6250000000
107449  -30.368  -10.680  47.394 0.7500000000
52663  -29.256  -12.887  48.527 0.6250000000
126566  -32.166  -3.943  48.049 0.3750000000
120453  -32.243  -4.913  48.944 0.7500000000
42826  -11.322  -23.099  46.897 0.3750000000
42838  -11.293  -23.199  45.982 0.3750000000
42852  -11.838  -22.641  45.467 0.5000000000
52629  -27.379  -12.421  52.285 0.7500000000
53493  -26.826  -13.367  49.853 0.7500000000
53507  -28.038  -11.885  48.464 0.7500000000
54471  -28.757  -11.030  48.090 0.7500000000
44503  -13.493  -21.154  43.941 0.1250000000
43691  -13.742  -21.419  43.090 0.1250000000
105365  -28.931  -11.355  48.173 0.7500000000
54477  -29.194  -10.606  47.790 0.6250000000
105385  -30.117  -8.610  46.939 0.3750000000
105089  -34.260  -5.021  46.997 0.2500000000
120348  -32.935  -2.072  47.323 0.2500000000
44514  -14.248  -20.947  42.667 0.1250000000
126996  -32.067  -7.256  46.163 0.3750000000
57191  -32.760  -6.855  46.026 0.2500000000
58964  -33.474  -3.937  47.257 0.2500000000
104706  -32.453  -2.050  47.507 0.2500000000
119028  -27.564  -13.819  50.067 0.7500000000
52662  -28.408  -13.039  48.886 0.7500000000
105170  -32.978  -6.958  46.200 0.2500000000
58113  -33.567  -5.017  47.101 0.2500000000
104705  -31.907  -2.079  47.846 0.2500000000
58951  -31.738  -4.074  48.079 0.2500000000
114207  -32.164  -1.116  48.159 0.2500000000
118489  -28.952  -13.569  48.956 0.6250000000
60553  -32.202  -2.008  48.261 0.3750000000
60558  -32.828  -2.479  48.238 0.3750000000
58946  -32.671  -4.143  48.249 0.5000000000
58081  -32.186  -5.107  49.157 0.7500000000
62219  -34.145  -0.951  47.263 0.6250000000
44440  -9.286  -20.483  52.471 0.8750000000
46032  -9.966  -19.670  52.131 0.8750000000
49297  -13.382  -15.803  48.059 0.6250000000
49298  -14.264  -15.367  48.275 0.5000000000
43662  -12.185  -21.817  48.335 0.6250000000
43669  -12.322  -21.948  47.514 0.6250000000
44489  -12.981  -20.877  47.398 0.6250000000
50169  -15.098  -15.113  48.273 0.3750000000
42827  -11.923  -22.429  47.039 0.6250000000
42839  -11.853  -22.549  46.317 0.5000000000
123154  -12.733  -21.493  46.010 0.6250000000
49304  -13.809  -15.758  47.613 0.3750000000
43681  -12.354  -22.005  45.795 0.5000000000
113568  -13.079  -21.004  45.666 0.5000000000
43684  -12.405  -22.091  44.969 0.3750000000
43685  -12.944  -21.599  44.465 0.1250000000
45321  -13.907  -20.469  43.698 0.1250000000
50107  -27.288  -14.784  53.574 0.6250000000
51735  -27.609  -13.559  52.271 0.6250000000
54488  -29.146  -10.035  47.473 0.3750000000
54500  -29.567  -9.304  47.075 0.5000000000
45333  -14.217  -20.516  42.942 0.1250000000
50108  -27.945  -14.754  53.292 0.6250000000
51742  -27.683  -13.739  51.061 0.6250000000
104768  -31.429  -7.378  46.083 0.5000000000
105262  -32.593  -6.930  46.051 0.5000000000
105027  -32.743  -1.053  47.441 0.2500000000
45322  -14.148  -20.225  43.233 0.1250000000
48454  -27.659  -16.276  53.059 0.5000000000
50933  -28.476  -13.716  52.435 0.5000000000
127582  -28.117  -13.564  49.428 0.5000000000
104794  -33.484  0.004  47.721 0.2500000000
104707  -35.667  3.120  46.454 0.2500000000
50934  -28.931  -13.955  52.991 0.5000000000
51757  -28.603  -13.561  49.787 0.6250000000
63904  -34.195  0.486  47.495 0.2500000000
106620  -35.219  1.679  47.231 0.2500000000
104733  -36.175  2.852  46.335 0.3750000000
63100  -35.293  0.288  47.183 0.6250000000
62220  -34.381  -0.717  47.304 0.6250000000
62229  -35.181  -0.390  47.163 0.6250000000
46818  -9.261  -19.034  53.262 0.8750000000
45243  -8.784  -20.270  52.947 0.8750000000
45241  -8.980  -19.878  53.052 0.8750000000
112343  -9.627  -19.245  52.653 0.7500000000
114503  -10.009  -19.078  52.265 0.7500000000
46840  -10.394  -18.767  51.771 0.7500000000
45249  -10.310  -20.090  51.649 0.7500000000
46033  -10.468  -19.563  51.523 0.7500000000
46048  -10.862  -19.119  50.983 0.7500000000
46042  -10.967  -19.794  50.720 0.7500000000
127713  -11.653  -19.748  49.695 0.5000000000
47669  -11.627  -18.608  49.599 0.7500000000
46863  -12.120  -18.758  48.727 0.6250000000
48488  -12.312  -16.689  48.641 0.7500000000
49296  -12.902  -15.902  48.500 0.7500000000
47686  -12.341  -17.722  48.272 0.6250000000
47687  -12.677  -17.623  47.576 0.5000000000
48489  -12.727  -16.674  47.978 0.5000000000
117781  -12.774  -18.394  47.326 0.5000000000
47694  -12.932  -17.666  46.960 0.5000000000
48496  -13.155  -16.557  47.339 0.5000000000
48505  -13.351  -16.891  46.651 0.3750000000
43675  -12.963  -21.087  46.581 0.6250000000
46882  -13.043  -18.614  46.820 0.5000000000
47701  -13.231  -17.846  46.368 0.5000000000
48497  -13.844  -16.011  47.024 0.2500000000
51726  -26.324  -12.396  54.194 0.6250000000
44500  -13.380  -20.517  45.199 0.2500000000
117895  -13.541  -17.118  46.099 0.2500000000
122592  -15.355  -15.162  47.680 0.3750000000
48512  -13.994  -16.810  45.526 0.2500000000
47636  -24.644  -17.164  55.068 0.7500000000
44504  -13.640  -20.634  44.233 0.1250000000
46821  -25.599  -17.346  53.276 0.5000000000
46035  -25.778  -17.627  51.365 0.5000000000
48447  -26.192  -16.587  53.926 0.6250000000
104775  -35.401  3.137  46.623 0.2500000000
46118  -14.116  -19.772  43.546 0.1250000000
47643  -26.525  -17.042  53.368 0.5000000000
104685  -36.246  5.267  46.731 0.2500000000
105733  -36.141  3.569  46.401 0.2500000000
63923  -36.159  1.131  46.309 0.6250000000
127048  -36.051  0.660  46.311 0.6250000000
107731  -36.117  -0.042  46.121 0.6250000000
46022  -8.950  -19.378  53.471 0.8750000000
45234  -8.197  -19.565  54.176 0.7500000000
46826  -9.560  -18.675  52.941 0.8750000000
47653  -9.948  -18.314  52.517 0.7500000000
48462  -10.429  -17.031  52.211 0.7500000000
45232  -7.264  -19.615  54.396 0.7500000000
115457  -7.873  -18.673  54.527 0.7500000000
46018  -8.374  -19.117  54.270 0.7500000000
110370  -8.822  -18.129  54.186 0.8750000000
46825  -9.203  -18.360  53.672 0.8750000000
47645  -9.542  -17.887  53.280 0.8750000000
47659  -10.347  -17.915  52.022 0.7500000000
48463  -10.717  -17.404  51.449 0.7500000000
48471  -11.149  -16.758  50.800 0.7500000000
49278  -11.701  -15.816  50.666 0.7500000000
49280  -13.226  -15.299  49.955 0.7500000000
49290  -13.744  -15.336  49.072 0.7500000000
109541  -6.071  -18.532  54.507 0.6250000000
111349  -7.410  -18.427  54.480 0.7500000000
46811  -7.364  -17.665  54.500 0.7500000000
121875  -11.008  -17.756  50.767 0.7500000000
48472  -11.619  -16.423  50.098 0.7500000000
48481  -11.901  -16.583  49.386 0.6250000000
49289  -12.650  -15.767  49.180 0.7500000000
47680  -11.901  -17.700  49.052 0.7500000000
50163  -14.775  -15.051  49.010 0.6250000000
46883  -13.379  -18.797  46.101 0.5000000000
50176  -15.949  -15.041  47.361 0.2500000000
112566  -24.602  -13.737  55.198 0.6250000000
51719  -25.078  -13.021  55.227 0.6250000000
49313  -15.881  -15.207  46.512 0.3750000000
49236  -23.662  -15.372  55.190 0.3750000000
49322  -15.862  -15.482  45.507 0.1250000000
45303  -13.646  -20.193  44.551 0.1250000000
47640  -24.285  -17.571  54.683 0.6250000000
46841  -24.801  -17.763  50.473 0.5000000000
46833  -25.468  -17.168  51.508 0.5000000000
46849  -25.353  -18.347  50.101 0.5000000000
104652  -36.953  5.546  46.309 0.2500000000
104631  -38.120  6.407  45.785 0.2500000000
104632  -37.635  5.647  45.736 0.2500000000
63943  -38.350  1.931  44.877 0.6250000000
48451  -9.566  -17.003  53.575 0.7500000000
48458  -9.963  -17.364  52.777 0.7500000000
127474  -10.212  -16.782  52.680 0.7500000000
50129  -13.614  -14.832  51.685 0.7500000000
50143  -13.796  -14.980  50.675 0.6250000000
50144  -14.580  -14.914  50.358 0.5000000000
46812  -7.868  -18.063  54.551 0.7500000000
118609  -8.171  -17.806  54.534 0.7500000000
118477  -8.454  -17.966  54.415 0.7500000000
47644  -9.136  -17.453  54.047 0.7500000000
49250  -9.680  -16.109  53.828 0.6250000000
49259  -10.575  -16.217  52.559 0.6250000000
49267  -11.889  -15.413  51.484 0.6250000000
49268  -12.733  -15.222  50.885 0.7500000000
50153  -13.998  -15.024  49.959 0.7500000000
50155  -15.290  -14.931  49.823 0.5000000000
46025  -5.138  -18.622  54.220 0.6250000000
46020  -6.695  -18.088  54.435 0.6250000000
47631  -7.459  -17.021  54.521 0.7500000000
47632  -7.919  -17.284  54.600 0.6250000000
49233  -8.189  -15.997  54.630 0.6250000000
48436  -8.433  -16.640  54.548 0.6250000000
48444  -8.857  -16.628  54.416 0.7500000000
48450  -9.251  -16.602  54.122 0.7500000000
49243  -9.958  -15.353  54.245 0.6250000000
112830  -10.029  -16.509  53.147 0.7500000000
46816  -5.766  -17.857  54.235 0.6250000000
47637  -6.603  -17.121  54.336 0.6250000000
49231  -7.552  -15.800  54.565 0.5000000000
48434  -7.821  -16.548  54.607 0.6250000000
108840  -8.549  -15.229  54.674 0.6250000000
49234  -8.655  -15.912  54.574 0.5000000000
49242  -9.214  -15.793  54.426 0.6250000000
50164  -15.640  -14.992  48.932 0.3750000000
47652  -5.037  -17.132  53.647 0.6250000000
49240  -6.139  -15.799  53.909 0.3750000000
48443  -6.755  -16.181  54.318 0.3750000000
49232  -8.078  -15.160  54.720 0.3750000000
50072  -8.437  -14.491  54.782 0.3750000000
47667  -5.256  -16.491  51.334 0.6250000000
47651  -5.126  -16.826  53.027 0.6250000000
48449  -5.436  -16.456  53.561 0.5000000000
49241  -6.857  -15.315  54.354 0.3750000000
50170  -15.874  -14.991  48.132 0.5000000000
50185  -16.721  -15.047  46.130 0.2500000000
50193  -16.848  -15.156  45.286 0.1250000000
50194  -17.658  -15.054  44.926 0.1250000000
122324  -23.474  -18.349  48.290 0.5000000000
46859  -24.424  -18.440  49.370 0.5000000000
104608  -38.534  6.037  45.340 0.2500000000
104607  -38.531  6.978  45.289 0.2500000000
104585  -39.219  6.794  45.072 0.2500000000
104586  -39.265  6.075  45.097 0.3750000000
126372  -11.271  -17.943  34.797 0.5000000000
50112  -12.378  -14.937  52.672 0.5000000000
49251  -10.441  -15.690  53.449 0.6250000000
49260  -11.090  -15.511  52.767 0.6250000000
50128  -12.631  -14.999  51.950 0.6250000000
50145  -15.282  -14.884  50.785 0.5000000000
106433  -8.765  -13.767  54.953 0.3750000000
125113  -8.961  -15.271  54.703 0.5000000000
50084  -9.516  -14.947  54.774 0.6250000000
109504  -16.169  -15.016  49.580 0.2500000000
121440  -5.146  -14.786  51.539 0.5000000000
49258  -5.177  -15.199  52.268 0.5000000000
49248  -5.443  -14.995  52.772 0.5000000000
50094  -6.119  -14.049  53.410 0.3750000000
49249  -6.264  -14.817  53.849 0.3750000000
50083  -7.558  -14.877  54.614 0.3750000000
50898  -8.172  -13.693  54.908 0.3750000000
121344  -16.520  -15.017  48.715 0.3750000000
49265  -5.200  -15.531  50.928 0.5000000000
49257  -5.084  -15.720  51.918 0.5000000000
121833  -5.712  -15.463  53.349 0.6250000000
50082  -6.969  -14.410  54.401 0.3750000000
50172  -17.272  -14.973  47.488 0.3750000000
49299  -18.589  -15.173  47.892 0.3750000000
49300  -19.433  -15.414  48.255 0.3750000000
49293  -20.432  -15.647  49.438 0.5000000000
50177  -16.659  -14.960  46.994 0.5000000000
50178  -17.412  -14.905  46.674 0.3750000000
50174  -18.675  -15.060  46.942 0.3750000000
49308  -20.133  -15.740  47.680 0.3750000000
48498  -20.827  -16.219  48.037 0.3750000000
48490  -20.983  -16.073  48.852 0.5000000000
50186  -17.525  -14.932  45.827 0.3750000000
48507  -20.795  -16.296  47.057 0.3750000000
48491  -21.475  -16.576  48.380 0.3750000000
47681  -22.045  -16.917  48.838 0.5000000000
107220  -22.789  -15.992  50.770 0.5000000000
47670  -22.807  -16.981  49.998 0.5000000000
115538  -23.762  -15.691  54.107 0.3750000000
50199  -18.053  -15.055  44.120 0.1250000000
48465  -23.586  -16.161  50.920 0.6250000000
47771  -11.171  -17.050  34.620 0.5000000000
49408  -10.034  -15.795  35.284 0.5000000000
50097  -11.554  -14.931  53.811 0.6250000000
50111  -11.697  -15.100  53.054 0.6250000000
50085  -10.320  -14.714  54.815 0.6250000000
49252  -11.091  -15.258  53.439 0.6250000000
50073  -9.057  -14.524  54.852 0.5000000000
50074  -9.849  -14.254  55.127 0.5000000000
50096  -10.732  -15.044  54.107 0.6250000000
121975  -5.269  -14.599  52.262 0.5000000000
50924  -6.062  -13.488  52.975 0.3750000000
111388  -7.067  -12.392  54.286 0.3750000000
120678  -7.738  -13.280  54.846 0.3750000000
114875  -8.074  -12.716  55.040 0.3750000000
50899  -8.510  -12.974  55.060 0.3750000000
50942  -5.194  -13.948  50.916 0.5000000000
50126  -5.324  -13.945  51.870 0.5000000000
128206  -5.815  -14.693  53.220 0.3750000000
50095  -6.551  -13.979  54.009 0.3750000000
50912  -7.118  -13.403  54.463 0.3750000000
50071  -7.629  -14.039  54.696 0.3750000000
50142  -5.079  -14.718  50.392 0.5000000000
50173  -17.995  -14.952  47.233 0.3750000000
116309  -4.836  -14.771  49.219 0.5000000000
50187  -18.267  -14.930  45.585 0.3750000000
122713  -19.240  -15.235  46.633 0.3750000000
49315  -19.976  -15.663  46.694 0.3750000000
127140  -5.127  -15.480  49.049 0.5000000000
50195  -18.503  -15.014  44.817 0.2500000000
50188  -18.985  -15.063  45.426 0.3750000000
49314  -19.449  -15.326  45.993 0.3750000000
127508  -21.326  -16.896  46.822 0.3750000000
49333  -18.860  -15.170  44.126 0.2500000000
118725  -10.095  -15.894  34.519 0.5000000000
119755  -37.927  -1.254  41.836 0.6250000000
50901  -10.156  -13.659  55.519 0.3750000000
50075  -10.694  -14.159  55.376 0.6250000000
50894  -9.648  -13.052  55.506 0.3750000000
50086  -11.287  -14.581  54.684 0.6250000000
50900  -9.421  -13.735  55.156 0.3750000000
50935  -5.766  -13.225  52.266 0.3750000000
50925  -6.519  -13.206  53.681 0.3750000000
50943  -5.486  -13.209  51.327 0.5000000000
51728  -6.240  -12.826  52.930 0.3750000000
52583  -7.166  -11.498  54.123 0.3750000000
50948  -5.262  -13.185  50.409 0.5000000000
113350  -4.945  -13.960  49.915 0.5000000000
50957  -4.954  -13.197  49.544 0.5000000000
116729  -4.569  -13.976  48.999 0.5000000000
49324  -20.119  -15.793  45.784 0.2500000000
118370  -20.565  -16.160  46.268 0.2500000000
109123  -21.837  -18.498  43.915 0.3750000000
120120  -37.010  -2.141  41.977 0.6250000000
51706  -9.185  -12.344  55.409 0.3750000000
126479  -8.742  -12.441  55.182 0.3750000000
51712  -8.398  -12.107  55.097 0.3750000000
51710  -7.627  -12.507  54.769 0.3750000000
51744  -5.789  -12.563  51.663 0.5000000000
126856  -6.052  -12.550  52.350 0.3750000000
51763  -5.371  -12.447  49.914 0.5000000000
120097  -36.981  -1.990  41.909 0.7500000000
119582  -37.652  -1.861  41.537 0.5000000000
121017  -37.184  -3.286  42.119 0.5000000000
120346  -36.960  -2.566  42.017 0.6250000000
52648  -5.678  -11.672  49.712 0.5000000000
119732  -35.848  -2.044  42.346 0.7500000000
119756  -36.973  -4.007  42.853 0.6250000000
104793  -37.058  -4.853  43.080 0.6250000000
120133  -36.099  -3.670  42.851 0.7500000000
119575  -36.992  -4.792  42.794 0.7500000000
105319  -37.515  -5.087  42.783 0.6250000000
108031  -35.695  -7.506  41.095 0.3750000000
56349  -35.795  -7.397  40.434 0.5000000000
55466  -35.222  -8.189  40.061 0.2500000000
127703  -36.059  -7.109  40.011 0.5000000000
55477  -35.273  -8.273  39.134 0.3750000000
55492  -35.067  -8.639  38.366 0.2500000000
124049  -35.120  -8.656  37.641 0.1250000000
56362  -36.323  -6.960  39.598 0.6250000000
57259  -36.743  -6.835  38.907 0.7500000000
55467  -35.745  -7.581  39.666 0.3750000000
55478  -35.988  -7.508  38.930 0.5000000000
56384  -36.455  -7.596  37.035 0.7500000000
123753  -35.607  -8.094  38.257 0.3750000000
55493  -35.729  -8.134  37.378 0.3750000000
56395  -36.498  -7.652  36.123 0.5000000000
55520  -35.759  -8.093  35.642 0.6250000000
55505  -35.086  -8.660  36.773 0.2500000000
55531  -35.039  -8.266  34.376 0.6250000000
54609  -34.466  -9.323  36.203 0.2500000000
55519  -35.060  -8.471  35.154 0.2500000000
119472  -35.048  -8.047  33.702 0.5000000000
57268  -37.797  -6.253  37.970 0.5000000000
56396  -37.288  -7.092  36.584 0.7500000000
56408  -36.496  -7.617  35.327 0.7500000000
55532  -35.774  -7.939  34.862 0.7500000000
56422  -36.609  -7.459  34.575 0.7500000000
55549  -34.797  -8.085  32.998 0.2500000000
60703  -38.654  -2.454  29.590 0.5000000000
60719  -38.280  -2.105  29.047 0.6250000000
57381  -36.013  -6.160  30.122 0.6250000000
58321  -36.413  -4.996  29.454 0.5000000000
59124  -36.980  -4.348  29.436 0.6250000000
59946  -37.924  -2.795  29.223 0.6250000000
61567  -38.669  -1.380  28.875 0.6250000000
57269  -38.386  -5.755  37.591 0.5000000000
57296  -38.072  -6.630  36.104 0.6250000000
57283  -38.674  -5.896  36.627 0.6250000000
56409  -37.311  -7.180  35.687 0.7500000000
57297  -38.755  -6.181  35.640 0.7500000000
57308  -38.842  -6.343  34.695 0.6250000000
57318  -38.250  -6.813  34.098 0.7500000000
56435  -36.283  -7.301  33.136 0.6250000000
56436  -37.457  -7.021  33.449 0.7500000000
56452  -36.955  -6.983  32.629 0.7500000000
56450  -35.455  -7.578  32.563 0.5000000000
56451  -36.189  -7.149  32.230 0.5000000000
57336  -36.871  -6.750  31.952 0.7500000000
59101  -38.254  -4.282  30.611 0.5000000000
55569  -34.769  -8.134  32.138 0.3750000000
56467  -36.056  -7.015  31.457 0.3750000000
57367  -36.602  -6.563  31.245 0.5000000000
114704  -36.298  -6.381  30.640 0.5000000000
58292  -37.328  -5.387  30.772 0.5000000000
122058  -38.067  -3.775  30.046 0.6250000000
56479  -35.358  -7.525  30.986 0.3750000000
56480  -35.869  -6.940  30.775 0.3750000000
123117  -35.689  -6.789  30.210 0.3750000000
57382  -36.656  -5.775  30.444 0.5000000000
59100  -37.579  -4.313  29.998 0.5000000000
59930  -37.561  -3.608  29.451 0.7500000000
63299  -41.857  1.065  24.148 0.5000000000
57338  -38.718  -6.265  32.960 0.6250000000
121902  -38.298  -6.675  33.377 0.7500000000
57337  -37.764  -6.612  32.554 0.7500000000
57353  -38.288  -6.015  32.076 0.7500000000
57352  -37.411  -6.282  31.688 0.7500000000
57368  -36.997  -6.011  31.043 0.5000000000
127863  -37.617  -4.793  30.520 0.6250000000
65695  -45.291  2.973  28.364 0.2500000000
117910  -42.944  0.542  24.410 0.6250000000
62450  -42.521  -1.283  23.776 0.6250000000
63300  -42.355  -0.127  23.846 0.5000000000
62451  -43.250  -1.736  24.127 0.7500000000
62435  -43.440  -0.863  24.357 0.5000000000
61604  -42.590  -2.160  23.764 0.6250000000
109002  -45.810  6.958  20.364 0.5000000000
68207  -47.717  7.077  20.232 0.6250000000
68986  -49.593  6.758  20.076 0.3750000000
68979  -50.045  7.595  20.362 0.2500000000
68214  -47.405  6.291  19.836 0.6250000000
68208  -48.492  6.439  19.911 0.5000000000
113372  -51.505  7.264  20.311 0.3750000000
68988  -52.155  7.193  20.240 0.1250000000
68995  -52.583  6.891  19.742 0.1250000000
68221  -53.145  6.684  18.868 0.1250000000
109322  -49.227  5.992  19.585 0.6250000000
68219  -50.874  5.960  19.101 0.3750000000
68216  -51.422  6.642  19.842 0.2500000000
61605  -43.567  -2.424  24.109 0.6250000000
60764  -42.138  -3.598  23.185 0.3750000000
59978  -43.275  -3.762  23.357 0.3750000000
66523  -43.606  4.799  22.061 0.5000000000
67378  -43.757  5.876  21.187 0.3750000000
68202  -45.075  7.198  20.800 0.5000000000
68976  -46.036  7.670  20.676 0.6250000000
105819  -47.781  7.991  20.479 0.6250000000
122734  -49.553  8.230  20.491 0.2500000000
68980  -51.087  7.773  20.478 0.1250000000
68978  -48.837  7.477  20.333 0.6250000000
60749  -44.500  -2.989  23.910 0.7500000000
50923  -27.287  -13.857  53.810 0.6250000000
49246  -26.702  -15.120  54.079 0.6250000000
50921  -25.879  -13.245  54.442 0.6250000000
48446  -25.353  -16.734  54.336 0.6250000000
47662  -24.431  -17.191  50.822 0.5000000000
104802  -31.106  -8.186  46.680 0.2500000000
128088  -11.049  -16.856  35.250 0.5000000000
46019  -5.897  -19.229  54.617 0.8750000000
45233  -7.822  -19.643  54.320 0.7500000000
46016  -7.593  -19.083  54.469 0.7500000000
45239  -8.292  -19.968  53.753 0.8750000000
43674  -12.446  -21.880  46.669 0.6250000000
46026  -9.413  -19.692  52.720 0.8750000000
44493  -13.220  -20.610  46.073 0.5000000000
48475  -23.101  -16.672  50.466 0.6250000000
111714  -23.331  -16.287  55.212 0.5000000000
46866  -24.001  -18.773  48.154 0.5000000000
63079  -33.431  -0.844  47.575 0.3750000000
60559  -33.093  -2.816  48.182 0.6250000000
46847  -11.370  -19.377  50.123 0.6250000000
52668  -5.575  -11.474  48.990 0.5000000000
48499  -21.357  -16.743  47.575 0.5000000000
63112  -36.654  0.943  45.276 0.6250000000
104655  -36.746  4.823  46.358 0.1250000000
49323  -19.618  -15.414  45.222 0.3750000000
121997  -37.873  -1.985  41.682 0.6250000000
119629  -36.768  -4.123  42.849 0.6250000000
64108  -41.214  1.913  24.548 0.5000000000
64897  -44.629  2.785  29.009 0.2500000000
49244  -22.824  -16.224  54.992 0.3750000000
39094  -8.508  -27.642  44.660 0.1250000000
41013  -9.848  -26.052  41.463 0.1250000000
40028  -9.478  -26.431  43.577 0.1250000000
124887  -10.189  -25.583  42.667 0.1250000000
41973  -10.766  -24.956  41.659 0.1250000000
41985  -10.821  -25.020  40.820 0.1250000000
42000  -11.581  -24.664  39.644 0.1250000000
41047  -11.285  -25.412  38.964 0.1250000000
39959  -9.044  -26.032  46.916 0.3750000000
42001  -12.261  -24.265  39.469 0.1250000000
42013  -11.894  -24.796  38.888 0.1250000000
42901  -13.149  -23.909  38.673 0.1250000000
43739  -14.803  -22.816  37.677 0.1250000000
40934  -9.914  -24.705  47.010 0.3750000000
43706  -14.247  -21.771  41.472 0.1250000000
41923  -10.242  -24.633  45.599 0.2500000000
58100  -32.639  -5.319  48.129 0.2500000000
105328  -30.299  -8.209  46.614 0.5000000000
110001  -31.207  -7.729  46.366 0.5000000000
110107  -33.782  -5.704  45.718 0.5000000000
104703  -34.018  -4.757  46.881 0.2500000000
119770  -32.900  -0.063  47.864 0.1250000000
105341  -32.955  -0.539  48.378 0.2500000000
50949  -29.590  -13.749  49.278 0.5000000000
48448  -26.876  -16.458  53.534 0.6250000000
118264  -27.608  -14.163  53.321 0.6250000000
127159  -28.007  -13.660  52.816 0.6250000000
104727  -33.094  -6.365  45.939 0.3750000000
120009  -34.828  -5.567  46.385 0.5000000000
51750  -28.277  -13.788  50.615 0.5000000000
50940  -29.320  -13.939  52.403 0.3750000000
46817  -8.917  -18.813  53.900 0.8750000000
46021  -8.638  -19.213  53.999 0.8750000000
47660  -10.733  -18.306  51.242 0.7500000000
47668  -11.177  -18.520  50.451 0.6250000000
46820  -24.743  -17.289  53.923 0.5000000000
46034  -25.735  -17.218  52.060 0.5000000000
47642  -25.799  -17.133  53.464 0.5000000000
46813  -8.231  -18.511  54.463 0.7500000000
49266  -10.858  -16.503  51.700 0.6250000000
46015  -6.843  -18.928  54.486 0.7500000000
47638  -8.642  -17.360  54.405 0.6250000000
126564  -11.267  -15.984  51.276 0.7500000000
49279  -12.228  -15.732  49.953 0.7500000000
47679  -11.442  -17.522  49.985 0.6250000000
50154  -14.505  -14.991  49.662 0.5000000000
48435  -8.148  -16.730  54.607 0.6250000000
47633  -8.286  -17.280  54.539 0.6250000000
50127  -11.826  -15.250  52.298 0.6250000000
114069  -11.155  -15.757  51.966 0.6250000000
107218  -15.997  -14.996  50.413 0.5000000000
46824  -4.989  -17.714  53.897 0.6250000000
126191  -6.054  -16.548  53.991 0.6250000000
48433  -7.297  -16.526  54.476 0.3750000000
48442  -5.485  -17.127  53.979 0.6250000000
122595  -8.007  -14.474  54.789 0.3750000000
48457  -5.272  -15.904  52.766 0.6250000000
50110  -5.625  -14.118  52.705 0.5000000000
50171  -16.582  -14.998  47.816 0.3750000000
50166  -17.762  -15.083  48.046 0.3750000000
49307  -19.344  -15.307  47.358 0.3750000000
49301  -20.237  -15.740  48.583 0.3750000000
48482  -21.290  -15.957  49.624 0.5000000000
48483  -21.612  -16.405  49.089 0.3750000000
48474  -22.418  -16.293  50.382 0.5000000000
115815  -22.072  -16.563  49.734 0.5000000000
48464  -23.539  -15.419  51.277 0.5000000000
48579  -10.666  -16.314  35.071 0.5000000000
50087  -12.408  -14.364  54.851 0.6250000000
120921  -12.105  -14.661  54.116 0.6250000000
50902  -11.045  -13.602  55.876 0.5000000000
50893  -9.035  -13.066  55.158 0.3750000000
51752  -5.576  -12.540  50.788 0.5000000000
119875  -38.134  -2.574  41.973 0.5000000000
55506  -35.765  -8.148  36.472 0.5000000000
113461  -35.088  -8.610  35.911 0.2500000000
56421  -35.841  -7.723  33.991 0.6250000000
54626  -34.480  -9.091  35.340 0.2500000000
56434  -35.450  -7.688  33.274 0.3750000000
56423  -37.430  -7.144  34.346 0.7500000000
126534  -36.745  -7.312  33.913 0.7500000000
59931  -38.312  -3.158  29.807 0.6250000000
60718  -37.626  -2.454  28.661 0.7500000000
58303  -36.365  -5.549  29.933 0.5000000000
57307  -38.052  -6.842  35.058 0.7500000000
58281  -37.773  -5.677  31.383 0.6250000000
61588  -44.050  -1.751  24.540 0.7500000000
60748  -42.813  -2.958  23.652 0.6250000000
128173  -46.757  6.353  19.915 0.6250000000
122132  -47.014  7.599  20.418 0.6250000000
68987  -50.655  7.011  20.184 0.3750000000
69784  -50.483  8.424  20.586 0.1250000000
68215  -50.274  6.312  19.721 0.3750000000
68218  -49.902  5.730  19.086 0.3750000000
50939  -23.719  -13.427  52.568 0.2500000000
51737  -21.249  -12.526  52.259 0.2500000000
51738  -22.626  -13.115  52.115 0.2500000000
115280  -21.146  -11.831  52.174 0.2500000000
52581  -23.335  -12.025  55.256 0.2500000000
51718  -23.642  -12.552  55.260 0.3750000000
50930  -23.327  -12.791  53.711 0.2500000000
51723  -22.824  -12.473  55.093 0.2500000000
114245  -24.222  -12.844  55.232 0.3750000000
50105  -18.921  -13.470  53.319 0.3750000000
50936  -20.665  -13.173  52.304 0.2500000000
51745  -23.381  -12.632  52.251 0.2500000000
51739  -23.851  -12.612  52.850 0.2500000000
50909  -23.906  -13.571  55.239 0.3750000000
51732  -20.135  -12.510  52.713 0.2500000000
52623  -20.410  -11.990  52.569 0.2500000000
52624  -22.135  -12.177  52.045 0.2500000000
109601  -23.428  -12.050  51.588 0.1250000000
52640  -21.597  -11.388  51.786 0.2500000000
52658  -22.913  -11.342  51.063 0.2500000000
52639  -20.587  -11.324  52.058 0.2500000000
53488  -21.211  -10.831  51.340 0.2500000000
53503  -21.748  -10.574  50.555 0.2500000000
53504  -22.530  -10.808  50.424 0.2500000000
53521  -21.451  -10.315  49.894 0.2500000000
112181  -21.116  -10.233  49.142 0.2500000000
125571  -27.213  -17.964  52.869 0.2500000000
110651  -23.346  -11.803  53.843 0.2500000000
52593  -23.407  -11.282  54.883 0.2500000000
52595  -25.035  -11.346  54.352 0.2500000000
51731  -19.410  -12.516  53.143 0.2500000000
51740  -24.342  -12.227  52.454 0.2500000000
52609  -23.868  -10.253  53.819 0.2500000000
52605  -19.223  -12.115  53.223 0.2500000000
52606  -19.765  -12.153  52.925 0.2500000000
52642  -23.817  -12.079  51.201 0.3750000000
52660  -23.792  -11.560  50.117 0.2500000000
52638  -19.620  -11.057  52.106 0.2500000000
53487  -20.308  -10.720  51.418 0.2500000000
53502  -20.885  -10.461  50.667 0.2500000000
113477  -21.958  -10.274  49.162 0.2500000000
123367  -22.521  -10.487  49.204 0.2500000000
53539  -22.873  -10.587  48.881 0.2500000000
53501  -20.003  -10.416  50.658 0.2500000000
53520  -20.546  -10.289  49.925 0.2500000000
111692  -22.286  -10.126  47.864 0.2500000000
108633  -22.721  -10.413  48.092 0.2500000000
49255  -28.358  -15.470  52.952 0.2500000000
53519  -19.617  -10.370  49.812 0.2500000000
53536  -20.633  -10.204  48.329 0.2500000000
53553  -21.773  -9.940  47.246 0.2500000000
48455  -28.444  -16.430  52.706 0.2500000000
53552  -20.193  -10.202  47.553 0.2500000000
121517  -21.031  -10.068  47.662 0.2500000000
53569  -21.445  -9.868  46.350 0.2500000000
53568  -20.562  -9.976  46.137 0.2500000000
53473  -24.572  -10.619  53.332 0.2500000000
51725  -25.380  -12.366  54.368 0.5000000000
50103  -17.420  -14.270  53.724 0.2500000000
51747  -24.595  -12.956  52.055 0.3750000000
52626  -24.475  -10.533  53.079 0.3750000000
50919  -17.957  -13.048  54.348 0.2500000000
50928  -18.574  -13.032  53.852 0.2500000000
51753  -24.599  -12.587  51.169 0.3750000000
51741  -24.791  -12.220  52.260 0.3750000000
51722  -18.168  -12.496  54.026 0.2500000000
52674  -23.464  -11.067  49.215 0.2500000000
52621  -18.867  -11.599  52.847 0.2500000000
53486  -19.423  -10.640  51.320 0.2500000000
52690  -23.284  -10.848  48.408 0.2500000000
127592  -18.710  -10.628  51.027 0.2500000000
53500  -19.139  -10.492  50.481 0.2500000000
53554  -22.527  -10.174  47.156 0.2500000000
53518  -18.745  -10.525  49.672 0.2500000000
117587  -19.173  -10.441  48.973 0.2500000000
53535  -19.655  -10.341  48.249 0.2500000000
121377  -22.102  -9.939  46.535 0.2500000000
106854  -21.968  -9.886  45.798 0.1250000000
53570  -22.461  -10.167  46.200 0.1250000000
106964  -19.870  -10.194  46.744 0.1250000000
106067  -21.207  -9.829  45.522 0.1250000000
46969  -11.194  -18.739  34.496 0.1250000000
108067  -14.522  -14.829  51.221 0.5000000000
50116  -15.991  -14.787  52.775 0.5000000000
53479  -25.816  -10.710  52.605 0.3750000000
53468  -26.125  -11.223  53.355 0.3750000000
50102  -16.575  -14.477  53.723 0.3750000000
51748  -25.099  -12.719  51.978 0.3750000000
52627  -25.406  -10.802  52.472 0.3750000000
50927  -17.631  -13.625  54.314 0.2500000000
51764  -24.521  -12.137  50.158 0.3750000000
51721  -17.563  -12.472  54.641 0.2500000000
52691  -24.020  -11.442  48.660 0.2500000000
124865  -18.051  -11.779  53.436 0.2500000000
116975  -23.825  -11.280  47.827 0.2500000000
52620  -17.983  -11.320  52.601 0.2500000000
53555  -23.140  -10.666  47.533 0.1250000000
50124  -29.186  -14.445  52.545 0.2500000000
53499  -18.345  -10.625  50.328 0.2500000000
53581  -22.362  -10.155  45.338 0.1250000000
50941  -29.927  -13.788  51.830 0.2500000000
53534  -18.299  -10.604  48.910 0.2500000000
53551  -19.223  -10.368  47.421 0.2500000000
53580  -21.812  -9.859  44.958 0.1250000000
112415  -18.686  -10.489  48.171 0.2500000000
53567  -19.677  -10.188  45.934 0.1250000000
106068  -20.315  -9.978  45.352 0.1250000000
106062  -20.916  -9.797  44.596 0.1250000000
126649  -19.584  -10.167  45.276 0.1250000000
114921  -11.379  -17.848  34.091 0.1250000000
46975  -11.427  -18.851  33.734 0.1250000000
50115  -15.079  -14.666  52.816 0.3750000000
53491  -27.042  -10.597  51.454 0.3750000000
54465  -27.171  -10.743  51.706 0.5000000000
52628  -27.198  -11.598  52.865 0.6250000000
50101  -15.677  -14.525  53.747 0.3750000000
52643  -26.158  -11.066  51.800 0.3750000000
53490  -26.568  -10.401  52.126 0.3750000000
50926  -17.083  -13.899  54.574 0.2500000000
51754  -25.122  -12.830  50.765 0.3750000000
126825  -17.487  -11.518  53.130 0.2500000000
52636  -17.614  -11.025  51.772 0.2500000000
50125  -29.888  -14.122  52.209 0.2500000000
50944  -29.507  -13.805  50.641 0.2500000000
53533  -17.634  -10.771  48.967 0.1250000000
52656  -17.576  -10.800  50.228 0.2500000000
53582  -22.874  -10.584  45.752 0.1250000000
52720  -23.483  -11.235  46.127 0.1250000000
110051  -17.681  -10.702  48.190 0.1250000000
53565  -17.696  -10.635  46.524 0.1250000000
106069  -18.944  -10.345  45.576 0.1250000000
123061  -18.417  -10.421  45.129 0.1250000000
106063  -19.906  -9.989  44.651 0.1250000000
106058  -20.982  -9.707  43.668 0.1250000000
53594  -21.690  -9.874  44.090 0.1250000000
106061  -18.329  -10.384  44.428 0.1250000000
106064  -19.074  -10.252  44.827 0.1250000000
106060  -19.267  -10.088  43.851 0.1250000000
106059  -20.274  -9.828  43.974 0.1250000000
124388  -18.263  -10.313  43.603 0.1250000000
126484  -18.799  -10.162  43.282 0.1250000000
106056  -19.249  -9.969  42.887 0.1250000000
123635  -19.802  -9.731  42.122 0.1250000000
48582  -10.539  -16.304  33.972 0.2500000000
47773  -11.200  -16.967  33.646 0.1250000000
53492  -27.079  -11.518  51.509 0.3750000000
53506  -26.404  -13.078  50.160 0.5000000000
110498  -26.895  -12.921  50.544 0.6250000000
122989  -13.874  -14.702  52.336 0.3750000000
53481  -27.331  -11.777  51.909 0.6250000000
52644  -25.784  -12.992  50.611 0.3750000000
116895  -16.787  -12.454  55.190 0.2500000000
50917  -16.669  -13.356  55.216 0.2500000000
51755  -25.492  -12.757  50.093 0.3750000000
52602  -16.628  -11.720  54.148 0.2500000000
52591  -17.156  -12.068  54.599 0.2500000000
51765  -25.020  -12.307  49.574 0.3750000000
117164  -17.178  -11.287  52.480 0.2500000000
52710  -24.610  -11.927  48.038 0.2500000000
52678  -29.950  -12.490  48.040 0.3750000000
123870  -16.823  -11.040  50.084 0.1250000000
108357  -17.164  -10.995  50.900 0.2500000000
52709  -24.407  -11.802  47.214 0.2500000000
50958  -30.272  -13.838  48.842 0.2500000000
51767  -29.864  -13.365  48.549 0.5000000000
107403  -34.167  -7.146  45.903 0.5000000000
52689  -17.019  -10.963  48.735 0.1250000000
52673  -17.250  -10.881  49.483 0.1250000000
52708  -23.639  -11.210  46.977 0.1250000000
58101  -33.742  -6.015  47.128 0.6250000000
123599  -17.254  -10.816  47.302 0.1250000000
53596  -22.794  -10.644  44.897 0.1250000000
105295  -32.933  -9.148  46.785 0.5000000000
58090  -34.180  -4.882  47.132 0.5000000000
120706  -33.342  -3.004  48.052 0.6250000000
123378  -34.182  -1.078  47.316 0.6250000000
106070  -18.110  -10.497  45.751 0.1250000000
57192  -33.838  -7.043  46.231 0.5000000000
109728  -34.178  -1.873  47.251 0.6250000000
106065  -17.670  -10.544  45.014 0.1250000000
53595  -22.297  -10.190  44.473 0.1250000000
59788  -33.985  -3.259  47.310 0.6250000000
60566  -34.182  -2.902  47.241 0.6250000000
106057  -18.377  -10.165  42.772 0.1250000000
53628  -20.737  -9.660  42.360 0.1250000000
59789  -34.281  -3.749  47.635 0.6250000000
60567  -34.951  -3.041  47.458 0.6250000000
125706  -18.947  -9.918  42.212 0.1250000000
53646  -19.852  -9.704  41.315 0.1250000000
123352  -27.117  -12.841  49.345 0.5000000000
50099  -13.845  -14.480  53.849 0.3750000000
50915  -14.971  -13.572  55.672 0.3750000000
50090  -15.371  -14.171  54.796 0.3750000000
52645  -26.106  -12.968  51.013 0.3750000000
52589  -15.594  -11.759  55.171 0.3750000000
52590  -16.351  -11.911  54.966 0.3750000000
50907  -16.170  -12.731  55.600 0.2500000000
51756  -26.040  -12.763  49.398 0.3750000000
53541  -30.194  -11.562  47.646 0.6250000000
119250  -16.002  -11.638  54.480 0.3750000000
52619  -16.829  -11.491  53.257 0.2500000000
51766  -25.748  -12.595  49.095 0.3750000000
53542  -31.359  -11.210  47.169 0.5000000000
112741  -16.347  -11.365  52.468 0.2500000000
52635  -16.751  -11.207  51.655 0.2500000000
51786  -26.299  -12.414  47.704 0.3750000000
52695  -30.910  -12.338  47.588 0.5000000000
113966  -31.955  -10.605  46.583 0.3750000000
105907  -33.369  -7.951  46.346 0.5000000000
51785  -25.366  -12.304  47.306 0.1250000000
52672  -16.528  -11.140  49.320 0.1250000000
51789  -24.891  -12.135  46.651 0.1250000000
52707  -16.783  -11.019  47.963 0.1250000000
52721  -24.205  -11.800  46.430 0.1250000000
53549  -16.606  -10.901  46.492 0.1250000000
53579  -17.170  -10.678  45.721 0.1250000000
61355  -34.266  -1.266  47.345 0.5000000000
60571  -34.831  -1.907  47.276 0.6250000000
61356  -35.153  -1.191  47.354 0.6250000000
106962  -20.517  -9.656  41.574 0.1250000000
53629  -21.489  -9.817  42.537 0.1250000000
106135  -21.242  -9.753  41.792 0.1250000000
59790  -35.126  -3.880  47.386 0.1250000000
110747  -18.220  -9.958  41.212 0.1250000000
53645  -19.033  -9.858  41.427 0.1250000000
53666  -19.517  -9.864  40.652 0.1250000000
60572  -35.688  -2.635  47.336 0.1250000000
53523  -27.038  -12.481  48.909 0.3750000000
118526  -12.906  -14.533  53.937 0.3750000000
122112  -27.533  -11.983  48.187 0.3750000000
50089  -14.427  -14.227  54.879 0.3750000000
52677  -26.834  -12.476  48.649 0.3750000000
50906  -15.468  -12.724  55.935 0.3750000000
52694  -27.494  -11.915  47.993 0.2500000000
52676  -26.782  -12.431  48.476 0.3750000000
52601  -15.284  -11.542  54.300 0.3750000000
52712  -27.647  -11.559  47.580 0.2500000000
51776  -26.191  -12.537  48.458 0.3750000000
104788  -32.239  -9.511  46.561 0.6250000000
112182  -15.426  -11.403  52.377 0.2500000000
126353  -32.601  -8.689  46.470 0.5000000000
52655  -16.254  -11.247  50.716 0.1250000000
104815  -33.378  -7.209  46.053 0.6250000000
107915  -33.253  -6.353  46.365 0.6250000000
52671  -15.642  -11.376  49.218 0.1250000000
127199  -16.159  -11.268  49.883 0.1250000000
124301  -33.118  -4.070  48.326 0.6250000000
107658  -15.939  -11.224  47.737 0.1250000000
52688  -16.212  -11.207  48.547 0.1250000000
61354  -33.461  -2.117  48.137 0.5000000000
125601  -16.485  -11.047  47.285 0.1250000000
63111  -36.246  0.576  46.040 0.5000000000
53647  -21.029  -9.727  41.043 0.1250000000
53648  -21.638  -9.951  41.250 0.1250000000
111604  -35.632  -1.989  47.453 0.6250000000
112252  -20.329  -9.738  40.823 0.1250000000
62238  -36.083  0.030  45.177 0.6250000000
61369  -36.399  -1.884  46.302 0.1250000000
109946  -36.408  0.867  45.102 0.2500000000
50098  -12.354  -14.800  53.364 0.5000000000
50914  -13.937  -13.671  55.795 0.3750000000
50088  -13.424  -14.267  54.888 0.3750000000
53540  -28.155  -11.072  47.778 0.2500000000
52579  -14.261  -11.800  56.017 0.2500000000
50905  -14.407  -12.677  56.279 0.3750000000
53557  -27.960  -11.221  47.704 0.2500000000
112742  -14.353  -11.385  54.012 0.2500000000
52588  -14.640  -11.538  55.208 0.2500000000
112183  -14.423  -11.434  52.180 0.2500000000
52617  -14.906  -11.440  53.192 0.2500000000
126647  -15.442  -11.393  50.873 0.1250000000
104817  -32.672  -6.148  48.060 0.3750000000
52654  -15.473  -11.413  50.096 0.1250000000
63125  -37.361  1.268  44.736 0.6250000000
62248  -36.122  -0.805  45.429 0.2500000000
61378  -35.954  -1.945  45.589 0.1250000000
50897  -12.378  -12.608  56.699 0.3750000000
50904  -13.240  -13.063  56.432 0.3750000000
53524  -28.010  -11.606  48.226 0.3750000000
51714  -13.366  -12.138  56.591 0.2500000000
54487  -28.576  -10.443  47.387 0.2500000000
108716  -28.891  -9.673  46.904 0.1250000000
63137  -38.478  1.824  44.024 0.5000000000
63146  -38.267  1.022  44.092 0.3750000000
63124  -37.206  1.001  45.059 0.3750000000
63126  -38.135  1.590  44.192 0.6250000000
63136  -38.063  0.822  44.129 0.2500000000
62249  -36.133  -0.193  45.228 0.2500000000
50076  -11.700  -14.084  55.591 0.5000000000
50903  -12.133  -13.413  56.231 0.5000000000
50913  -12.859  -13.871  55.779 0.5000000000
113908  -28.277  -10.493  46.842 0.2500000000
119751  -38.806  0.185  42.050 0.3750000000
105395  -38.902  0.881  42.836 0.3750000000
104480  -38.866  2.002  43.168 0.3750000000
119923  -37.817  -1.418  42.219 0.3750000000
105064  -38.066  -0.044  43.152 0.3750000000
104483  -38.086  0.060  43.179 0.2500000000
104478  -38.016  0.350  43.638 0.2500000000
54499  -29.541  -8.782  46.738 0.1250000000
104725  -33.755  -3.122  46.985 0.2500000000
54498  -28.521  -9.853  46.633 0.2500000000
52795  -6.963  -11.330  38.371 0.2500000000
119818  -37.509  -2.351  41.961 0.3750000000
105030  -37.610  -0.903  42.028 0.3750000000
119616  -38.666  -0.274  42.705 0.3750000000
104997  -38.099  -2.022  41.804 0.3750000000
55396  -30.569  -7.887  46.235 0.1250000000
111951  -29.775  -8.376  46.419 0.2500000000
56294  -30.893  -7.499  45.914 0.1250000000
104746  -31.651  -7.028  45.822 0.1250000000
54508  -29.034  -9.022  46.513 0.2500000000
53661  -8.286  -10.233  40.223 0.3750000000
53679  -7.690  -10.839  38.825 0.2500000000
53695  -8.346  -10.248  38.315 0.2500000000
53694  -7.653  -10.808  37.909 0.2500000000
54602  -8.343  -9.627  36.842 0.2500000000
104749  -37.328  -3.225  42.235 0.3750000000
104745  -34.092  -5.597  45.081 0.2500000000
119630  -37.052  -3.819  42.752 0.3750000000
119800  -37.264  -5.011  43.141 0.3750000000
105152  -37.546  -6.099  42.873 0.3750000000
55524  -4.602  -8.639  34.066 0.1250000000
56428  -4.752  -8.084  33.476 0.1250000000
111354  -38.761  -5.187  37.350 0.5000000000
58216  -39.028  -5.215  36.644 0.5000000000
56490  -35.223  -7.457  30.250 0.2500000000
59051  -39.032  -4.468  37.139 0.5000000000
59056  -39.385  -4.097  36.495 0.5000000000
58217  -39.398  -4.925  36.060 0.5000000000
111021  -39.081  -5.585  36.046 0.5000000000
58241  -39.728  -5.110  35.016 0.5000000000
59129  -36.375  -4.330  28.800 0.5000000000
59945  -37.247  -3.112  28.725 0.5000000000
125318  -37.221  -2.669  28.397 0.5000000000
109687  -37.240  -2.263  28.112 0.5000000000
63272  -38.399  -0.253  27.700 0.5000000000
61570  -37.543  -1.537  27.833 0.3750000000
63276  -38.434  0.762  26.835 0.5000000000
64083  -39.710  2.033  26.384 0.6250000000
64909  -40.609  2.484  26.285 0.6250000000
64933  -41.281  2.465  25.116 0.5000000000
61603  -41.589  -1.744  23.393 0.5000000000
59061  -39.873  -4.126  35.622 0.5000000000
59886  -40.030  -3.194  35.658 0.3750000000
59065  -40.192  -4.503  34.623 0.5000000000
58240  -39.406  -5.851  34.387 0.5000000000
58253  -39.888  -5.280  34.059 0.5000000000
63277  -39.170  1.366  26.938 0.6250000000
64919  -40.611  2.458  25.462 0.6250000000
63301  -44.023  0.080  24.790 0.5000000000
63286  -46.067  -0.313  25.428 0.3750000000
62436  -44.741  -1.028  24.874 0.5000000000
121351  -46.859  -0.571  24.838 0.2500000000
61589  -45.150  -1.900  24.642 0.6250000000
62452  -46.513  -1.032  23.818 0.5000000000
61606  -45.460  -2.513  23.956 0.3750000000
61607  -46.197  -2.065  23.512 0.3750000000
60766  -45.567  -2.830  22.497 0.3750000000
121581  -46.036  -0.764  22.854 0.3750000000
59071  -40.281  -4.695  33.741 0.5000000000
58270  -39.863  -5.225  33.186 0.5000000000
117749  -40.223  -4.659  33.022 0.5000000000
58269  -39.166  -5.565  32.502 0.3750000000
59082  -39.172  -4.936  31.910 0.5000000000
58282  -38.553  -5.327  31.714 0.6250000000
61571  -37.903  -1.806  28.479 0.5000000000
62412  -38.192  -1.079  28.199 0.5000000000
64077  -39.810  1.460  27.443 0.6250000000
63308  -46.822  -0.461  24.184 0.2500000000
64118  -47.034  0.428  24.163 0.2500000000
62471  -45.637  -1.319  22.375 0.2500000000
63318  -46.010  -0.039  22.906 0.3750000000
111914  -39.718  -3.710  31.235 0.5000000000
59091  -38.776  -4.630  31.304 0.3750000000
59102  -39.083  -3.964  30.958 0.3750000000
64111  -47.408  0.769  24.793 0.2500000000
113333  -47.497  1.756  24.721 0.2500000000
113845  -46.740  2.763  24.173 0.2500000000
66512  -46.888  3.846  24.616 0.2500000000
108184  -46.667  4.787  24.810 0.2500000000
113457  -46.402  1.147  23.513 0.2500000000
66521  -46.129  3.780  24.108 0.1250000000
66511  -45.909  4.730  24.309 0.2500000000
68961  -45.827  7.045  25.054 0.2500000000
64942  -45.533  1.816  22.987 0.3750000000
65733  -45.195  2.838  23.059 0.2500000000
65728  -45.748  3.309  23.616 0.2500000000
67365  -45.275  5.725  24.214 0.3750000000
63324  -45.357  -0.197  22.330 0.2500000000
64121  -45.014  1.411  22.468 0.3750000000
68197  -44.546  6.136  23.619 0.2500000000
120874  -44.950  6.289  24.101 0.2500000000
64128  -44.680  0.831  22.084 0.2500000000
64941  -44.625  2.415  22.488 0.2500000000
66519  -44.488  4.759  23.232 0.3750000000
115052  -44.048  1.936  21.905 0.2500000000
68960  -45.196  7.289  24.466 0.2500000000
107484  -44.766  6.804  23.971 0.2500000000
67376  -43.897  5.283  22.639 0.3750000000
67372  -44.277  5.554  23.203 0.2500000000
65736  -43.846  3.012  22.021 0.3750000000
65731  -43.669  3.922  22.109 0.3750000000
64947  -43.319  2.030  21.157 0.2500000000
65735  -43.467  3.544  21.577 0.3750000000
69774  -44.746  8.425  23.685 0.3750000000
70638  -44.902  9.286  23.477 0.3750000000
68199  -43.974  6.234  22.723 0.2500000000
68970  -44.355  7.749  22.896 0.3750000000
110821  -44.133  7.036  22.562 0.3750000000
66526  -43.437  4.263  21.470 0.2500000000
65739  -43.178  3.643  20.889 0.2500000000
69777  -44.644  8.314  22.252 0.3750000000
110963  -45.500  9.538  22.026 0.3750000000
67375  -43.649  5.693  21.984 0.3750000000
68972  -44.318  7.524  22.056 0.3750000000
68973  -45.001  7.968  21.375 0.5000000000
68974  -45.909  8.532  21.153 0.5000000000
109146  -43.524  5.082  21.348 0.3750000000
107879  -44.468  7.202  21.422 0.3750000000
67380  -43.634  5.241  20.507 0.3750000000
68977  -46.842  8.326  20.713 0.5000000000
69782  -47.665  9.006  20.711 0.2500000000
68205  -45.179  6.509  20.258 0.3750000000
67392  -45.481  5.196  18.817 0.5000000000
110041  -46.687  5.953  19.599 0.5000000000
106160  -46.603  5.358  18.985 0.5000000000
120468  -48.025  5.814  19.494 0.5000000000
67390  -48.572  5.613  19.192 0.5000000000
66537  -46.165  4.872  18.258 0.3750000000
66546  -46.692  4.751  17.603 0.3750000000
106633  -48.671  5.354  18.460 0.3750000000
106010  -48.905  5.273  17.474 0.3750000000
105488  -46.923  4.693  15.895 0.3750000000
66557  -46.352  4.531  15.334 0.3750000000
126068  -49.168  5.585  18.987 0.5000000000
126428  -48.175  5.131  17.894 0.5000000000
67406  -48.075  5.020  16.980 0.5000000000
67413  -47.676  4.886  16.195 0.6250000000
67414  -48.372  5.008  16.034 0.6250000000
67408  -49.349  5.288  16.725 0.3750000000
106206  -46.851  4.124  14.140 0.2500000000
66558  -47.880  4.688  15.292 0.3750000000
66563  -47.825  4.153  14.230 0.3750000000
127992  -47.402  3.819  13.614 0.1250000000
66568  -48.103  3.723  13.277 0.3750000000
66569  -48.779  4.006  13.655 0.3750000000
66575  -49.274  4.410  12.119 0.2500000000
68252  -48.760  6.291  10.262 0.1250000000
69058  -50.174  7.659  9.840 0.1250000000
69902  -50.718  8.329  9.698 0.2500000000
69900  -48.838  8.158  9.001 0.1250000000
69901  -49.788  8.286  9.345 0.1250000000
69906  -49.162  8.815  8.707 0.1250000000
67415  -49.249  5.097  15.922 0.6250000000
67419  -48.738  4.820  15.340 0.3750000000
66565  -49.528  4.314  13.940 0.3750000000
67431  -49.691  5.031  11.545 0.1250000000
67432  -50.397  5.235  11.739 0.3750000000
68248  -50.173  5.761  11.086 0.1250000000
125450  -50.328  6.323  10.691 0.2500000000
69050  -51.077  7.700  10.160 0.2500000000
68253  -49.728  6.339  10.538 0.1250000000
70790  -51.216  9.032  9.548 0.2500000000
70794  -50.601  9.702  8.917 0.2500000000
68254  -50.873  6.293  10.854 0.2500000000
69051  -51.481  7.070  10.666 0.2500000000
69903  -51.596  8.400  10.041 0.2500000000
53680  -8.369  -10.263  39.282 0.2500000000
112397  -7.577  -10.785  39.779 0.2500000000
56413  -4.579  -8.228  33.851 0.1250000000
105477  -38.747  -3.746  38.050 0.5000000000
58206  -38.640  -4.502  38.027 0.5000000000
59875  -39.080  -3.568  37.222 0.5000000000
62424  -46.376  -0.730  25.042 0.2500000000
67366  -46.141  5.549  24.766 0.2500000000
104816  -32.470  -7.911  46.407 0.5000000000
57164  -33.242  -4.951  48.113 0.6250000000
50131  -15.372  -14.833  51.799 0.5000000000
50113  -13.238  -14.697  52.798 0.3750000000
105081  -38.080  -0.759  41.924 0.3750000000
104926  -38.044  -3.106  41.994 0.5000000000
58230  -39.280  -5.685  35.321 0.5000000000
57319  -38.892  -6.390  33.810 0.6250000000
58293  -38.038  -5.010  31.061 0.6250000000
58252  -39.400  -5.849  33.474 0.5000000000
67388  -45.602  5.856  19.542 0.3750000000
67389  -47.316  5.672  19.382 0.5000000000
126390  -48.582  5.938  19.574 0.5000000000
60750  -45.275  -3.159  23.270 0.3750000000
68201  -43.924  6.637  21.863 0.3750000000
68204  -44.340  6.590  20.944 0.5000000000
66528  -43.338  4.513  20.733 0.3750000000
67381  -44.361  5.869  20.180 0.5000000000
69783  -48.672  8.545  20.536 0.2500000000
62437  -45.812  -1.325  24.860 0.5000000000
120571  -49.483  5.475  18.301 0.3750000000
52608  -23.467  -10.860  54.197 0.2500000000
52594  -24.055  -11.307  54.358 0.2500000000
50929  -19.637  -13.160  52.886 0.2500000000
51746  -24.105  -12.781  52.097 0.3750000000
52641  -22.599  -11.677  51.627 0.1250000000
53489  -22.109  -10.960  51.202 0.2500000000
52659  -23.161  -11.240  50.422 0.2500000000
53505  -22.931  -10.795  49.667 0.2500000000
53522  -22.227  -10.470  49.792 0.2500000000
53537  -21.675  -10.104  48.285 0.2500000000
52625  -23.864  -11.255  53.365 0.2500000000
53467  -25.357  -10.974  53.802 0.3750000000
53466  -24.688  -10.701  54.069 0.2500000000
108097  -19.033  -12.891  53.416 0.2500000000
51730  -18.812  -12.488  53.569 0.2500000000
52622  -19.764  -11.745  52.678 0.2500000000
53538  -22.392  -10.308  48.585 0.2500000000
112740  -20.122  -10.325  49.079 0.2500000000
106963  -20.819  -10.016  46.940 0.2500000000
53478  -24.956  -10.823  52.891 0.3750000000
52592  -17.831  -12.124  54.130 0.2500000000
52604  -18.543  -12.083  53.646 0.2500000000
52675  -24.237  -11.709  49.425 0.2500000000
52637  -18.616  -10.891  51.876 0.2500000000
52657  -17.995  -10.771  51.023 0.2500000000
53517  -17.962  -10.688  49.588 0.2500000000
53571  -23.010  -10.560  46.629 0.1250000000
53566  -18.814  -10.409  46.478 0.1250000000
50130  -14.446  -14.724  52.097 0.5000000000
118634  -16.915  -14.770  52.791 0.5000000000
53480  -26.380  -11.007  52.579 0.3750000000
51749  -25.544  -12.907  51.248 0.3750000000
50918  -17.399  -13.124  54.913 0.2500000000
53550  -18.214  -10.555  47.348 0.1250000000
50114  -14.210  -14.617  52.910 0.3750000000
50091  -16.253  -14.101  54.671 0.3750000000
122581  -25.992  -12.294  51.465 0.3750000000
51775  -24.823  -11.990  48.850 0.3750000000
52603  -17.360  -11.804  53.845 0.2500000000
52729  -23.356  -11.285  45.292 0.1250000000
53627  -20.206  -9.733  43.121 0.1250000000
52661  -26.232  -12.921  49.886 0.3750000000
122510  -25.436  -12.391  48.882 0.3750000000
112726  -25.442  -12.382  48.256 0.3750000000
51777  -30.543  -13.192  48.007 0.3750000000
105439  -32.628  -10.077  46.530 0.5000000000
52730  -24.037  -11.894  45.627 0.1250000000
106507  -33.977  -6.698  46.378 0.5000000000
60565  -33.552  -2.846  47.864 0.6250000000
58952  -34.193  -3.904  48.030 0.6250000000
105929  -21.031  -9.682  42.998 0.1250000000
50100  -14.777  -14.488  53.808 0.3750000000
50916  -15.879  -13.471  55.455 0.3750000000
51716  -15.816  -12.126  55.599 0.3750000000
52618  -15.939  -11.485  53.462 0.2500000000
52692  -26.977  -12.178  47.961 0.3750000000
107779  -15.879  -11.345  51.589 0.1250000000
62237  -36.304  -0.909  46.101 0.5000000000
51715  -15.085  -12.090  55.950 0.3750000000
52580  -15.137  -11.882  55.686 0.3750000000
52687  -15.249  -11.408  48.324 0.1250000000
52719  -15.743  -11.213  46.905 0.1250000000
61363  -36.071  -1.650  46.863 0.6250000000
54476  -28.569  -10.963  48.019 0.3750000000
106965  -14.965  -11.429  51.453 0.1250000000
52578  -13.137  -11.496  56.178 0.3750000000
51713  -12.383  -11.779  56.582 0.3750000000
104477  -38.160  0.257  43.162 0.3750000000
119823  -37.972  -0.898  43.022 0.2500000000
59880  -39.498  -3.413  36.403 0.5000000000
62438  -46.520  -1.111  24.452 0.6250000000
62463  -46.443  -0.632  23.411 0.3750000000
64938  -46.973  1.479  24.116 0.2500000000
64937  -46.116  2.246  23.546 0.2500000000
65727  -44.828  3.817  23.186 0.3750000000
66520  -45.345  4.258  23.728 0.2500000000
121310  -45.106  8.078  24.368 0.3750000000
66524  -44.050  4.358  22.664 0.3750000000
128291  -44.541  8.087  23.315 0.3750000000
70641  -45.226  9.882  22.800 0.3750000000
69779  -45.254  8.796  21.762 0.3750000000
70637  -44.913  9.090  22.531 0.3750000000
70645  -46.260  9.790  21.540 0.3750000000
69780  -46.631  9.123  21.090 0.3750000000
67386  -43.401  4.649  19.946 0.2500000000
67387  -43.954  5.196  19.611 0.3750000000
67393  -47.736  5.273  18.744 0.5000000000
67400  -46.945  4.981  18.316 0.5000000000
66553  -47.206  4.798  16.863 0.5000000000
67401  -47.477  4.948  17.752 0.6250000000
105830  -46.020  4.550  15.998 0.3750000000
105829  -47.002  4.445  14.916 0.3750000000
66564  -48.716  4.452  14.571 0.3750000000
66574  -48.097  3.632  12.385 0.2500000000
113639  -48.781  3.899  12.711 0.3750000000
66570  -49.509  4.130  13.008 0.3750000000
67435  -49.239  5.608  10.865 0.1250000000
68259  -49.367  7.066  9.934 0.1250000000
68258  -48.250  6.882  9.624 0.1250000000
69049  -50.467  6.913  10.378 0.1250000000
69057  -49.389  7.739  9.507 0.1250000000
70789  -50.192  8.973  9.159 0.1250000000
70797  -48.711  9.125  7.908 0.1250000000
70793  -49.558  9.528  8.416 0.1250000000
66579  -48.797  4.774  11.253 0.2500000000
70791  -52.027  9.100  9.930 0.2500000000
106253  -15.920  -14.972  51.165 0.3750000000
50147  -17.390  -15.184  50.736 0.3750000000
121254  -16.848  -15.100  49.437 0.2500000000
50156  -16.739  -15.134  50.166 0.3750000000
50157  -17.452  -15.226  49.831 0.2500000000
105413  -38.983  8.502  45.221 0.1250000000
51711  -8.027  -11.754  54.981 0.2500000000
104633  -38.423  7.825  45.486 0.1250000000
104653  -37.377  6.392  46.170 0.1250000000
51729  -6.637  -12.262  53.594 0.2500000000
50132  -16.354  -14.972  51.881 0.3750000000
50146  -16.617  -15.092  51.018 0.3750000000
50148  -18.244  -15.270  50.387 0.2500000000
49281  -18.928  -15.328  49.727 0.2500000000
50896  -11.352  -12.940  56.421 0.2500000000
50895  -10.424  -13.028  55.967 0.2500000000
51708  -10.714  -12.202  56.359 0.2500000000
51709  -11.590  -12.191  56.675 0.2500000000
104659  -38.686  9.348  45.240 0.1250000000
51707  -9.845  -12.248  55.840 0.2500000000
52571  -11.384  -11.536  56.339 0.2500000000
52577  -12.127  -11.148  56.140 0.2500000000
52586  -12.690  -11.040  55.624 0.2500000000
104611  -39.392  9.195  44.892 0.1250000000
104661  -39.140  10.677  44.743 0.1250000000
107122  -40.318  9.912  44.143 0.1250000000
113459  -5.652  -11.993  50.294 0.3750000000
52632  -6.189  -11.409  51.539 0.3750000000
52570  -10.354  -11.305  55.835 0.2500000000
110149  -6.456  -11.231  52.458 0.2500000000
52568  -8.775  -11.699  55.244 0.2500000000
52569  -9.380  -11.470  55.477 0.2500000000
52576  -10.613  -10.532  55.417 0.2500000000
123457  -11.213  -10.970  55.919 0.2500000000
119468  -12.306  -10.810  54.935 0.2500000000
104656  -38.160  8.727  45.571 0.1250000000
104609  -39.248  7.641  45.230 0.1250000000
105702  -39.745  8.387  44.714 0.1250000000
52613  -6.467  -11.579  52.834 0.2500000000
53469  -6.817  -10.916  53.239 0.2500000000
52575  -9.674  -10.590  55.303 0.2500000000
52585  -11.657  -10.703  55.471 0.2500000000
126734  -37.299  7.268  46.203 0.1250000000
118204  -39.941  7.461  44.972 0.1250000000
52597  -6.761  -11.500  53.473 0.2500000000
51720  -7.621  -11.569  54.634 0.2500000000
52573  -8.396  -11.167  55.046 0.2500000000
52574  -8.900  -10.810  55.169 0.2500000000
52598  -11.569  -10.518  54.642 0.2500000000
120492  -7.584  -9.785  54.188 0.2500000000
52584  -7.616  -10.821  54.477 0.2500000000
53462  -8.120  -9.786  54.695 0.2500000000
53457  -8.460  -10.268  54.924 0.2500000000
53459  -9.934  -9.808  54.999 0.2500000000
53464  -10.852  -10.102  55.028 0.2500000000
54451  -8.658  -9.568  54.773 0.2500000000
53458  -9.102  -10.005  55.018 0.2500000000
127295  -19.040  -15.276  50.508 0.2500000000
53515  -6.542  -10.340  49.530 0.2500000000
53514  -5.974  -10.780  49.173 0.3750000000
53497  -6.872  -10.249  50.548 0.2500000000
49282  -19.746  -15.386  50.144 0.2500000000
53495  -5.807  -11.222  49.511 0.3750000000
53496  -6.150  -10.837  50.021 0.3750000000
52587  -13.642  -11.335  55.543 0.1250000000
53483  -6.426  -10.837  51.063 0.3750000000
53484  -7.104  -9.934  51.800 0.2500000000
52600  -13.855  -11.269  54.679 0.1250000000
52649  -5.923  -11.442  50.440 0.3750000000
53475  -6.612  -10.712  52.128 0.2500000000
114121  -13.051  -11.079  54.740 0.2500000000
113478  -13.374  -11.236  53.795 0.1250000000
104660  -38.469  10.173  45.138 0.1250000000
127192  -6.784  -10.572  52.906 0.2500000000
53470  -7.211  -10.006  53.613 0.2500000000
104663  -38.515  11.076  45.153 0.1250000000
52599  -12.300  -10.889  53.839 0.2500000000
124820  -37.420  9.036  46.014 0.1250000000
104683  -36.679  6.974  46.492 0.1250000000
54454  -8.354  -9.147  54.570 0.2500000000
54452  -9.257  -9.451  54.810 0.2500000000
53472  -10.881  -9.964  54.379 0.2500000000
110994  -11.373  -10.400  53.596 0.2500000000
105755  -18.009  -15.132  51.256 0.3750000000
110696  -6.981  -9.977  49.006 0.2500000000
112784  -7.592  -9.714  49.863 0.2500000000
123811  -19.486  -15.211  50.922 0.2500000000
53531  -6.297  -10.320  48.695 0.3750000000
49283  -20.752  -15.473  50.244 0.3750000000
104612  -39.832  10.613  44.174 0.1250000000
104613  -40.237  11.469  44.092 0.1250000000
105462  -39.420  11.203  44.281 0.1250000000
54466  -7.769  -8.861  51.982 0.2500000000
122414  -5.435  -11.971  49.377 0.3750000000
53476  -7.030  -9.939  52.875 0.2500000000
54461  -7.476  -9.148  52.831 0.2500000000
52615  -12.742  -11.263  52.772 0.1250000000
104690  -37.733  10.641  45.617 0.1250000000
54457  -7.636  -9.278  54.083 0.2500000000
54458  -8.131  -8.810  54.301 0.2500000000
54453  -7.884  -9.411  54.438 0.2500000000
46904  -22.177  -18.973  44.422 0.3750000000
104731  -35.383  5.930  47.172 0.1250000000
54455  -9.006  -9.005  54.700 0.2500000000
107157  -12.243  -11.240  51.786 0.1250000000
53463  -10.318  -9.424  54.650 0.2500000000
52614  -11.769  -10.876  52.636 0.2500000000
50133  -17.333  -15.042  51.805 0.3750000000
55378  -9.383  -8.111  48.496 0.1250000000
56274  -9.901  -7.299  49.274 0.1250000000
114760  -7.880  -9.554  48.872 0.1250000000
55370  -8.483  -8.850  49.647 0.1250000000
55371  -9.254  -7.856  49.706 0.1250000000
49269  -18.819  -15.146  51.302 0.2500000000
54469  -8.277  -8.783  50.538 0.2500000000
55364  -8.679  -7.864  51.203 0.1250000000
125121  -20.209  -15.169  50.932 0.2500000000
53513  -5.735  -11.078  48.926 0.3750000000
54468  -7.643  -9.365  51.024 0.2500000000
120726  -8.175  -8.556  51.339 0.2500000000
48473  -21.646  -15.828  50.322 0.3750000000
49271  -21.122  -15.222  50.885 0.3750000000
104689  -38.863  12.316  44.585 0.1250000000
104590  -40.610  10.590  43.828 0.1250000000
54462  -8.016  -8.425  52.762 0.2500000000
52616  -13.868  -11.378  52.953 0.1250000000
49272  -22.112  -15.541  50.797 0.3750000000
49261  -22.701  -15.069  51.212 0.3750000000
55355  -7.915  -8.646  53.652 0.2500000000
111694  -13.297  -11.457  51.970 0.1250000000
104715  -37.911  11.517  45.440 0.1250000000
52634  -12.804  -11.458  51.072 0.1250000000
46108  -22.784  -19.410  44.857 0.2500000000
46897  -23.010  -19.247  45.710 0.3750000000
104755  -35.564  8.834  47.085 0.1250000000
54459  -9.432  -8.597  54.468 0.2500000000
126379  -10.521  -9.276  54.159 0.2500000000
46129  -22.917  -20.037  43.765 0.2500000000
46885  -23.304  -19.028  46.647 0.3750000000
119898  -34.171  3.052  47.277 0.1250000000
54456  -9.708  -9.067  54.673 0.2500000000
45323  -23.664  -20.467  43.741 0.2500000000
46095  -23.763  -19.631  46.070 0.2500000000
46886  -23.975  -19.437  46.828 0.3750000000
53471  -10.875  -9.753  53.663 0.2500000000
45312  -24.182  -20.422  44.674 0.2500000000
46096  -24.448  -19.918  46.390 0.3750000000
46110  -24.300  -20.154  45.622 0.2500000000
46097  -25.160  -20.124  46.661 0.2500000000
46842  -25.412  -17.972  50.590 0.3750000000
105119  -35.188  -4.914  46.333 0.1250000000
104819  -35.054  -2.538  46.230 0.1250000000
45313  -24.995  -20.549  45.316 0.2500000000
46061  -25.754  -19.218  49.090 0.3750000000
46027  -26.044  -17.667  52.171 0.3750000000
105083  -34.349  -6.335  45.262 0.1250000000
105052  -35.704  -5.401  45.887 0.1250000000
47648  -26.626  -17.838  53.017 0.2500000000
105206  -32.447  -6.183  44.399 0.1250000000
56305  -31.834  -6.709  45.193 0.1250000000
56314  -31.361  -6.776  44.449 0.1250000000
104801  -32.580  -5.966  43.527 0.1250000000
55426  -29.229  -7.987  43.515 0.1250000000
55417  -29.275  -8.011  44.478 0.1250000000
117605  -30.805  -7.003  43.909 0.1250000000
56323  -31.608  -6.590  43.390 0.1250000000
57228  -31.829  -6.548  42.347 0.1250000000
56322  -30.655  -7.159  43.143 0.1250000000
56332  -31.161  -6.923  42.544 0.1250000000
56339  -31.235  -6.925  41.662 0.1250000000
56331  -30.529  -7.311  42.257 0.1250000000
55377  -8.712  -8.802  48.711 0.2500000000
56267  -9.954  -6.885  50.524 0.1250000000
54484  -8.002  -9.381  47.813 0.2500000000
49270  -19.638  -14.924  51.538 0.3750000000
54483  -6.941  -9.857  48.231 0.3750000000
56261  -9.133  -7.237  51.862 0.2500000000
50136  -20.534  -14.596  51.523 0.3750000000
55362  -8.471  -7.903  52.097 0.2500000000
50121  -21.363  -13.989  51.719 0.3750000000
54495  -6.925  -9.778  47.347 0.3750000000
118475  -22.326  -14.441  51.438 0.3750000000
105372  -39.461  12.585  44.253 0.1250000000
104637  -40.687  12.044  43.561 0.1250000000
107751  -40.952  9.868  43.669 0.1250000000
55359  -8.615  -7.775  53.171 0.2500000000
106966  -13.906  -11.529  51.241 0.1250000000
116718  -23.923  -14.057  52.673 0.1250000000
50122  -23.519  -14.449  51.770 0.2500000000
108558  -39.081  13.278  44.345 0.1250000000
104525  -41.185  7.834  43.261 0.1250000000
55356  -8.744  -8.118  53.962 0.2500000000
104716  -38.108  13.163  45.148 0.1250000000
104736  -38.408  13.877  44.719 0.1250000000
55357  -9.487  -8.106  54.131 0.2500000000
50931  -23.542  -13.653  53.343 0.1250000000
50106  -23.314  -14.347  54.162 0.2500000000
49253  -23.683  -15.003  53.775 0.2500000000
108627  -36.933  13.048  45.867 0.1250000000
119001  -10.565  -8.817  53.530 0.2500000000
109765  -11.616  -10.679  51.700 0.1250000000
52652  -13.406  -11.542  50.400 0.1250000000
50077  -22.731  -14.733  55.023 0.2500000000
104738  -36.690  11.672  46.308 0.1250000000
54460  -10.081  -8.603  54.291 0.2500000000
53477  -11.163  -9.993  52.711 0.1250000000
52633  -11.989  -11.106  50.918 0.1250000000
50078  -23.336  -14.642  55.282 0.2500000000
53556  -28.117  -10.695  46.976 0.1250000000
119856  -35.367  -5.911  44.948 0.1250000000
120356  -35.505  -4.150  46.015 0.1250000000
53584  -28.207  -9.462  45.715 0.1250000000
119757  -34.855  -5.460  44.575 0.1250000000
120246  -34.742  -2.045  45.248 0.1250000000
54515  -28.414  -8.934  45.234 0.1250000000
105775  -32.356  -6.147  42.857 0.1250000000
104813  -34.031  -5.060  44.049 0.1250000000
119811  -34.477  -4.715  43.821 0.1250000000
114112  -30.021  -7.470  43.941 0.1250000000
54507  -28.748  -8.979  45.924 0.1250000000
107444  -32.565  -5.992  42.148 0.1250000000
105218  -33.235  -5.421  42.952 0.1250000000
57232  -32.077  -6.433  41.537 0.1250000000
57178  -11.418  -5.909  49.126 0.1250000000
57167  -11.563  -5.804  50.420 0.1250000000
57168  -12.053  -5.788  51.412 0.1250000000
56264  -12.241  -6.218  52.262 0.1250000000
57166  -10.991  -6.202  49.738 0.1250000000
57156  -11.403  -6.026  51.374 0.1250000000
56263  -11.651  -6.406  52.260 0.1250000000
56275  -10.404  -6.858  48.884 0.1250000000
56268  -10.554  -6.518  50.279 0.1250000000
56262  -10.743  -6.514  51.700 0.1250000000
55386  -8.903  -8.730  47.902 0.3750000000
108753  -9.930  -7.529  48.109 0.1250000000
118516  -19.092  -14.684  52.154 0.3750000000
55387  -9.418  -8.208  47.479 0.1250000000
55365  -9.556  -7.053  51.300 0.1250000000
56259  -10.419  -6.774  52.378 0.1250000000
56291  -9.292  -8.324  46.577 0.2500000000
56258  -9.723  -6.909  52.204 0.1250000000
56260  -11.201  -6.927  52.431 0.1250000000
54496  -7.830  -9.377  46.845 0.2500000000
56257  -10.163  -6.942  52.868 0.1250000000
55363  -10.745  -7.125  52.761 0.2500000000
54505  -6.988  -9.768  46.542 0.3750000000
56256  -9.298  -7.179  52.617 0.2500000000
54467  -11.088  -8.261  52.212 0.1250000000
50938  -22.830  -13.865  51.922 0.3750000000
104692  -39.797  13.910  44.023 0.1250000000
104591  -41.779  10.923  43.154 0.1250000000
104639  -41.863  12.448  42.880 0.1250000000
55360  -9.598  -7.454  53.524 0.2500000000
55361  -10.426  -7.633  53.210 0.2500000000
125878  -10.769  -7.805  52.716 0.2500000000
104563  -41.498  9.625  42.921 0.1250000000
104544  -42.337  9.874  42.299 0.1250000000
105644  -42.092  8.409  41.729 0.1250000000
54463  -10.860  -8.786  52.671 0.1250000000
104762  -37.136  14.583  45.362 0.1250000000
104740  -37.715  13.839  45.136 0.1250000000
105219  -41.851  7.097  42.300 0.2500000000
104486  -41.354  6.524  42.555 0.2500000000
55358  -10.092  -7.896  53.842 0.2500000000
116527  -11.282  -9.762  51.797 0.1250000000
53485  -11.632  -10.492  50.886 0.1250000000
106071  -13.848  -11.552  49.802 0.1250000000
105067  -35.011  11.935  46.278 0.1250000000
105400  -35.121  10.258  46.507 0.1250000000
120017  -34.734  6.514  46.614 0.1250000000
52651  -12.474  -11.352  50.262 0.1250000000
125572  -35.338  8.949  45.975 0.1250000000
119852  -34.558  6.943  46.255 0.1250000000
119748  -33.951  5.392  45.074 0.1250000000
104797  -34.264  5.998  46.108 0.1250000000
122746  -33.024  3.817  44.109 0.1250000000
119705  -33.014  2.706  45.249 0.1250000000
53572  -28.033  -10.153  46.338 0.1250000000
120151  -32.811  0.816  44.106 0.1250000000
119643  -33.426  -0.138  44.057 0.1250000000
104796  -33.002  2.001  44.547 0.1250000000
54522  -28.202  -8.932  44.451 0.1250000000
120248  -33.360  -0.928  43.963 0.1250000000
120249  -33.748  -1.979  43.343 0.1250000000
119759  -34.811  -3.373  44.347 0.1250000000
105000  -34.451  -0.388  45.697 0.1250000000
55425  -28.643  -8.457  44.033 0.1250000000
105355  -32.852  -5.847  41.298 0.1250000000
105069  -33.632  -5.033  41.359 0.1250000000
104825  -33.939  -4.807  43.101 0.1250000000
119642  -34.694  -3.339  42.942 0.1250000000
55434  -28.566  -8.473  43.120 0.1250000000
55435  -29.161  -8.037  42.596 0.1250000000
56338  -30.375  -7.349  41.369 0.1250000000
56348  -30.943  -6.984  40.751 0.1250000000
56330  -29.763  -7.696  41.994 0.1250000000
58093  -12.548  -5.360  49.479 0.1250000000
58082  -12.006  -5.575  50.067 0.1250000000
57157  -12.659  -6.039  51.980 0.1250000000
58107  -11.932  -5.529  48.444 0.1250000000
57177  -10.820  -6.449  48.402 0.1250000000
57188  -11.253  -6.027  47.809 0.1250000000
56284  -10.372  -7.016  47.872 0.1250000000
56269  -12.196  -6.886  52.146 0.1250000000
50134  -18.284  -14.903  52.076 0.3750000000
57187  -10.689  -6.615  47.295 0.1250000000
50135  -19.752  -14.422  52.069 0.3750000000
56283  -10.054  -7.450  46.893 0.1250000000
55366  -11.797  -7.281  51.949 0.1250000000
50120  -20.183  -13.860  52.234 0.3750000000
55401  -9.112  -8.428  45.920 0.1250000000
56299  -9.633  -7.850  45.949 0.1250000000
114582  -8.581  -8.893  46.332 0.3750000000
118363  -11.452  -8.332  51.601 0.1250000000
50937  -21.785  -13.333  51.985 0.2500000000
104665  -40.433  12.834  43.471 0.1250000000
104667  -41.468  13.215  42.970 0.1250000000
104650  -42.132  13.129  42.430 0.1250000000
104617  -42.604  12.263  42.171 0.1250000000
104593  -43.317  11.867  41.549 0.1250000000
55412  -7.958  -9.392  45.308 0.3750000000
54470  -11.435  -9.535  51.118 0.1250000000
104717  -39.056  14.241  44.302 0.1250000000
104701  -40.388  15.342  43.310 0.1250000000
106832  -41.235  14.830  42.994 0.1250000000
104566  -43.051  9.682  41.650 0.1250000000
105145  -42.208  9.245  41.598 0.1250000000
107108  -38.232  15.449  44.523 0.1250000000
104741  -39.073  15.173  44.296 0.1250000000
117035  -40.032  15.887  43.659 0.1250000000
104545  -41.182  5.955  42.830 0.2500000000
105199  -41.012  4.772  43.099 0.2500000000
52650  -11.917  -10.958  50.123 0.1250000000
105279  -36.323  13.748  45.299 0.1250000000
104798  -38.145  16.494  44.360 0.1250000000
119976  -40.192  4.000  42.566 0.2500000000
106855  -12.972  -11.521  49.642 0.1250000000
119873  -35.090  11.013  45.948 0.1250000000
105057  -35.373  11.689  45.615 0.1250000000
104972  -34.964  7.663  45.913 0.1250000000
52711  -26.942  -12.151  47.171 0.1250000000
120293  -32.835  1.926  43.878 0.1250000000
119867  -33.167  4.220  44.655 0.1250000000
120548  -27.382  -10.941  45.927 0.1250000000
119593  -32.908  -0.051  43.182 0.1250000000
54514  -27.867  -9.442  44.915 0.1250000000
119670  -34.567  -3.267  41.886 0.1250000000
119761  -33.845  -0.001  44.710 0.1250000000
57239  -31.671  -6.627  40.868 0.1250000000
119069  -29.081  -8.057  41.827 0.1250000000
56347  -30.211  -7.276  40.494 0.1250000000
107398  -13.175  -5.320  50.165 0.1250000000
58083  -12.774  -5.625  51.101 0.1250000000
58108  -12.542  -5.176  48.313 0.1250000000
56265  -12.924  -6.455  51.996 0.1250000000
56270  -12.686  -7.003  51.795 0.1250000000
58119  -12.297  -5.108  47.398 0.1250000000
58118  -11.658  -5.569  47.146 0.1250000000
57197  -11.090  -6.089  46.778 0.1250000000
55372  -12.217  -7.957  51.036 0.1250000000
57196  -10.578  -6.610  46.367 0.1250000000
55400  -8.608  -8.846  45.617 0.1250000000
127642  -9.808  -7.545  45.345 0.1250000000
108359  -9.733  -7.572  44.679 0.2500000000
113892  -11.765  -8.687  50.762 0.1250000000
56298  -9.272  -8.168  45.235 0.1250000000
55414  -9.222  -8.157  44.323 0.2500000000
57218  -10.552  -6.347  43.711 0.2500000000
125926  -11.599  -9.382  50.589 0.1250000000
104603  -42.876  13.055  41.988 0.1250000000
54519  -8.064  -9.346  44.413 0.3750000000
53498  -11.682  -10.272  50.065 0.1250000000
105695  -42.260  9.538  41.419 0.1250000000
104504  -41.398  7.683  42.271 0.2500000000
105236  -38.504  17.103  43.537 0.1250000000
104498  -40.013  6.015  42.906 0.2500000000
104503  -40.345  7.237  42.624 0.2500000000
111429  -36.841  15.579  44.885 0.1250000000
105062  -39.925  4.532  42.784 0.2500000000
105003  -39.516  5.301  43.228 0.2500000000
119745  -39.622  3.838  42.917 0.2500000000
119788  -35.764  9.091  45.547 0.1250000000
118128  -26.318  -12.321  46.829 0.1250000000
119851  -34.938  6.737  44.842 0.1250000000
52722  -26.730  -11.638  45.536 0.1250000000
114320  -27.089  -10.188  43.904 0.1250000000
54532  -27.572  -9.407  43.026 0.1250000000
120019  -33.359  -1.823  43.005 0.1250000000
119694  -32.682  1.418  43.225 0.1250000000
54543  -27.975  -8.901  42.685 0.1250000000
109074  -28.504  -8.460  42.234 0.1250000000
55442  -27.883  -8.822  41.843 0.1250000000
56337  -29.457  -7.748  41.066 0.1250000000
55422  -8.689  -8.736  43.916 0.2500000000
55423  -9.271  -8.199  43.424 0.2500000000
57226  -10.562  -6.405  42.758 0.2500000000
56327  -10.191  -7.120  42.433 0.2500000000
55430  -8.851  -8.853  43.002 0.2500000000
57230  -10.567  -6.543  41.702 0.2500000000
58179  -11.007  -5.663  41.177 0.1250000000
55439  -9.018  -9.022  42.015 0.2500000000
123893  -10.182  -7.275  41.712 0.2500000000
57236  -10.688  -6.434  40.617 0.1250000000
58180  -11.222  -4.785  40.837 0.1250000000
59015  -11.250  -3.935  40.696 0.1250000000
104519  -40.890  8.536  42.084 0.1250000000
113334  -8.497  -9.650  41.839 0.2500000000
54547  -9.281  -8.880  41.222 0.2500000000
56335  -10.345  -7.164  41.005 0.1250000000
119834  -38.752  5.074  43.663 0.2500000000
104584  -39.302  6.150  43.406 0.2500000000
54546  -8.876  -9.446  41.234 0.2500000000
119897  -37.993  3.273  44.449 0.2500000000
104747  -38.457  4.377  43.960 0.2500000000
53641  -8.199  -10.102  41.193 0.2500000000
119794  -37.960  2.759  44.989 0.2500000000
105231  -37.799  4.155  45.026 0.2500000000
119931  -36.746  2.146  44.922 0.1250000000
105086  -37.112  2.575  45.115 0.2500000000
113644  -34.980  0.574  45.925 0.2500000000
57247  -32.158  -6.342  40.248 0.1250000000
57244  -10.632  -6.485  39.639 0.1250000000
121838  -10.935  -5.516  40.080 0.1250000000
55450  -9.697  -8.381  40.685 0.1250000000
56344  -10.430  -7.183  40.154 0.1250000000
109151  -10.753  -4.925  39.446 0.1250000000
54558  -9.226  -9.160  40.551 0.2500000000
56343  -10.127  -7.958  39.757 0.1250000000
57254  -10.412  -6.772  38.804 0.1250000000
58189  -10.612  -5.776  38.963 0.1250000000
105185  -37.904  5.136  44.559 0.2500000000
104726  -38.083  6.825  44.153 0.1250000000
120003  -35.059  5.187  45.369 0.1250000000
105646  -36.252  6.265  45.143 0.1250000000
61587  -35.498  -1.053  24.328 0.1250000000
62445  -36.097  -0.412  23.908 0.1250000000
61613  -35.834  -1.507  22.821 0.1250000000
63208  -42.222  0.121  34.233 0.1250000000
59950  -36.604  -3.545  28.425 0.3750000000
106835  -36.802  -2.864  28.122 0.2500000000
127456  -36.788  -2.468  27.802 0.2500000000
62416  -37.217  -0.989  27.007 0.2500000000
106666  -37.723  0.596  26.293 0.3750000000
110272  -35.965  -3.886  28.095 0.2500000000
60721  -36.302  -2.708  27.479 0.2500000000
61573  -36.468  -1.524  26.647 0.2500000000
63282  -37.332  0.745  25.542 0.2500000000
64105  -38.569  1.442  24.440 0.3750000000
59128  -35.333  -4.199  27.659 0.2500000000
60723  -35.667  -2.681  26.708 0.2500000000
61580  -36.087  -1.134  25.971 0.2500000000
63297  -36.927  0.602  24.757 0.2500000000
64115  -39.182  1.143  23.854 0.5000000000
62460  -39.888  -0.557  23.090 0.2500000000
60763  -41.018  -2.460  23.045 0.2500000000
59948  -35.636  -3.393  27.324 0.2500000000
125656  -35.367  -1.879  25.533 0.2500000000
64114  -38.439  0.983  23.824 0.2500000000
125557  -41.329  -3.123  23.038 0.3750000000
59992  -42.857  -4.351  22.876 0.2500000000
59167  -43.350  -4.826  22.264 0.2500000000
60791  -44.754  -3.556  20.780 0.2500000000
62479  -43.998  -1.569  20.899 0.2500000000
62433  -36.018  -0.418  24.629 0.2500000000
110713  -37.354  0.358  23.613 0.1250000000
63315  -38.266  -0.022  23.118 0.1250000000
61617  -39.513  -1.632  22.833 0.2500000000
60762  -40.496  -3.076  22.753 0.2500000000
122787  -42.006  -4.483  22.640 0.2500000000
126046  -37.503  -0.455  22.982 0.2500000000
121186  -38.635  -1.294  22.719 0.2500000000
60761  -39.660  -2.587  22.593 0.1250000000
60005  -44.737  -4.038  21.347 0.2500000000
61626  -37.166  -1.821  22.339 0.1250000000
60775  -38.972  -2.933  22.150 0.1250000000
64023  -43.478  0.817  34.164 0.1250000000
63236  -43.516  0.631  32.744 0.2500000000
64091  -39.373  2.012  25.500 0.5000000000
64082  -38.843  1.661  26.065 0.5000000000
116739  -39.161  1.851  24.911 0.5000000000
64107  -40.408  1.848  24.481 0.5000000000
63305  -40.650  0.028  23.369 0.5000000000
62470  -44.902  -1.555  21.641 0.2500000000
62478  -43.451  -0.375  20.850 0.2500000000
63331  -43.664  0.343  21.222 0.2500000000
64133  -42.630  1.288  20.332 0.1250000000
65738  -42.723  3.332  20.093 0.2500000000
64946  -42.678  2.197  20.375 0.2500000000
64022  -42.685  1.259  34.435 0.1250000000
64012  -43.277  1.326  34.471 0.1250000000
64063  -42.779  0.951  31.083 0.2500000000
64049  -43.459  1.109  31.731 0.2500000000
64036  -43.833  0.938  33.606 0.2500000000
64064  -43.338  1.602  30.877 0.2500000000
64918  -39.936  2.151  25.049 0.5000000000
64106  -39.522  1.694  24.444 0.5000000000
123420  -39.745  0.489  23.462 0.5000000000
63306  -41.303  0.485  23.729 0.5000000000
62448  -40.886  -0.963  23.232 0.5000000000
59994  -44.776  -4.100  22.225 0.2500000000
62469  -44.212  -0.615  21.426 0.2500000000
65743  -42.980  4.117  19.542 0.2500000000
65746  -43.065  4.128  18.698 0.2500000000
66533  -43.589  4.613  19.101 0.3750000000
111716  -44.757  5.445  19.354 0.3750000000
59979  -44.445  -3.747  23.237 0.2500000000
60779  -45.469  -2.334  21.963 0.2500000000
66534  -44.495  4.902  18.740 0.3750000000
64050  -44.602  1.704  32.371 0.2500000000
64872  -44.087  1.793  31.571 0.2500000000
64134  -43.171  1.258  20.889 0.2500000000
64841  -45.409  2.156  33.338 0.1250000000
64071  -43.369  1.962  30.138 0.1250000000
107904  -44.726  2.160  31.019 0.2500000000
64873  -45.078  2.020  31.788 0.2500000000
64856  -45.330  1.940  32.626 0.2500000000
64885  -45.610  2.360  31.067 0.2500000000
64857  -45.980  2.226  32.752 0.1250000000
118842  -44.931  2.509  30.098 0.2500000000
125937  -44.611  4.592  18.168 0.3750000000
109814  -44.963  -0.707  21.894 0.2500000000
107648  -45.255  4.675  18.095 0.3750000000
107587  -45.909  4.602  17.504 0.2500000000
66552  -46.393  4.626  16.779 0.3750000000
108466  -50.926  5.304  15.786 0.2500000000
123220  -50.055  5.097  15.567 0.3750000000
67416  -50.570  5.014  14.889 0.3750000000
123414  -51.864  5.436  15.612 0.2500000000
67411  -52.720  5.677  15.923 0.2500000000
67417  -52.424  5.512  15.050 0.2500000000
68236  -53.598  6.070  15.214 0.1250000000
124664  -51.486  5.245  14.947 0.2500000000
67422  -51.992  5.318  14.272 0.2500000000
68240  -52.769  5.675  14.403 0.2500000000
68243  -53.789  6.765  13.678 0.1250000000
107327  -54.492  7.463  14.027 0.1250000000
68239  -52.377  5.653  13.528 0.2500000000
110900  -53.349  6.110  14.017 0.2500000000
68245  -51.622  5.794  12.054 0.2500000000
68242  -52.995  6.470  12.969 0.2500000000
67428  -50.956  5.215  12.279 0.2500000000
69041  -53.849  7.367  12.955 0.1250000000
68246  -52.353  6.520  11.901 0.2500000000
69043  -53.130  7.071  12.183 0.1250000000
125616  -54.122  8.028  12.677 0.1250000000
68249  -51.596  6.345  11.275 0.2500000000
113768  -52.118  6.945  11.133 0.2500000000
69047  -52.766  7.337  11.411 0.2500000000
69044  -53.575  7.857  11.940 0.1250000000
69052  -52.272  7.622  10.787 0.2500000000
69890  -53.021  8.065  10.971 0.2500000000
69891  -53.656  8.647  11.416 0.1250000000
69895  -51.795  7.866  10.408 0.1250000000
69896  -52.400  8.422  10.403 0.1250000000
71627  -49.972  10.247  8.116 0.1250000000
69879  -54.358  8.734  12.518 0.1250000000
69897  -53.134  8.814  10.667 0.2500000000
70795  -51.622  9.760  9.344 0.1250000000
71633  -51.396  11.093  8.248 0.1250000000
71632  -50.454  10.889  7.761 0.1250000000
71636  -50.194  11.263  6.756 0.1250000000
71629  -52.066  10.567  9.088 0.2500000000
72454  -51.710  11.708  7.737 0.1250000000
73279  -51.416  12.368  6.308 0.1250000000
72459  -50.593  11.839  6.061 0.1250000000
73278  -50.924  12.417  5.511 0.1250000000
72466  -50.220  11.827  5.175 0.1250000000
72447  -52.285  11.364  8.535 0.2500000000
73274  -52.079  12.347  7.099 0.1250000000
73284  -51.776  12.863  5.789 0.1250000000
73295  -51.346  12.992  5.013 0.1250000000
74169  -50.943  13.109  4.156 0.1250000000
73301  -50.375  12.503  3.772 0.1250000000
74183  -50.717  13.224  3.321 0.1250000000
72476  -50.016  11.808  4.301 0.1250000000
73294  -50.547  12.445  4.635 0.1250000000
73309  -50.424  12.634  3.039 0.1250000000
73315  -50.606  12.669  2.455 0.1250000000
72483  -50.140  11.813  3.468 0.1250000000
72502  -50.749  12.214  2.089 0.1250000000
73316  -50.931  12.960  1.808 0.1250000000
72515  -51.941  11.982  0.714 0.1250000000
72490  -50.424  12.074  2.686 0.1250000000
114054  -51.450  11.015  1.620 0.1250000000
74158  -52.243  13.409  5.357 0.1250000000
73328  -51.510  12.660  1.105 0.1250000000
104691  -38.133  12.373  45.219 0.1250000000
106105  -37.505  11.769  45.882 0.1250000000
104739  -37.694  13.075  45.426 0.1250000000
104711  -36.790  8.555  46.326 0.1250000000
104714  -36.926  10.888  46.305 0.1250000000
105381  -35.418  8.359  47.136 0.1250000000
105104  -35.406  7.542  47.129 0.1250000000
125670  -35.038  7.672  47.248 0.1250000000
104989  -34.595  -0.030  46.511 0.1250000000
120354  -35.007  -1.804  46.124 0.1250000000
119632  -34.542  -0.073  45.613 0.1250000000
104976  -34.245  4.343  46.263 0.1250000000
120230  -33.734  0.926  45.094 0.1250000000
53529  -5.614  -11.116  48.523 0.3750000000
55399  -7.829  -9.355  46.083 0.3750000000
54518  -7.279  -9.885  44.928 0.3750000000
119810  -40.613  4.365  42.306 0.2500000000
120313  -38.884  3.678  43.494 0.2500000000
105332  -35.926  1.193  45.330 0.1250000000
119932  -36.297  3.049  45.352 0.2500000000
105194  -38.220  5.505  44.214 0.2500000000
63209  -42.904  0.043  34.200 0.1250000000
112029  -43.091  0.593  34.300 0.1250000000
64048  -43.060  0.436  31.916 0.2500000000
126264  -23.702  -19.092  47.123 0.3750000000
110327  -37.307  6.075  44.645 0.1250000000
104776  -35.042  1.669  47.313 0.1250000000
46835  -25.939  -18.153  50.720 0.3750000000
104684  -36.500  6.108  46.716 0.1250000000
104679  -35.457  4.948  47.192 0.1250000000
46828  -26.625  -18.209  52.340 0.2500000000
46060  -25.006  -19.079  48.922 0.3750000000
46860  -25.176  -18.739  49.548 0.3750000000
118438  -24.424  -18.786  48.681 0.3750000000
49262  -24.394  -15.051  52.724 0.3750000000
51736  -6.340  -12.130  52.882 0.2500000000
52631  -5.826  -11.976  51.137 0.3750000000
52612  -6.119  -11.940  52.114 0.2500000000
64117  -40.999  1.353  24.118 0.5000000000
62449  -41.584  -0.641  23.506 0.5000000000
59991  -41.197  -3.764  22.763 0.2500000000
46069  -24.752  -19.221  48.024 0.3750000000
50908  -23.114  -13.732  55.262 0.2500000000
123920  -22.941  -13.203  55.206 0.1250000000
50920  -22.923  -13.335  54.408 0.1250000000
52693  -27.357  -11.973  47.929 0.1250000000
52723  -27.648  -11.222  46.789 0.1250000000
119507  -28.572  -9.449  46.317 0.1250000000
55395  -29.316  -8.524  45.996 0.1250000000
55406  -30.082  -7.916  45.827 0.1250000000
56304  -30.875  -7.291  45.446 0.1250000000
61574  -36.829  -1.987  27.430 0.2500000000
62461  -40.541  -1.677  23.035 0.2500000000
68244  -50.960  5.712  11.494 0.2500000000
70786  -52.730  9.239  10.185 0.1250000000
104688  -37.932  9.591  45.602 0.1250000000
53460  -7.296  -10.599  53.992 0.2500000000
52572  -7.984  -10.691  54.861 0.2500000000
53461  -7.769  -10.090  54.502 0.2500000000
112258  -7.403  -9.351  53.527 0.2500000000
104712  -37.210  9.993  46.191 0.1250000000
121477  -35.021  6.686  47.299 0.1250000000
104773  -34.775  4.798  47.505 0.1250000000
105726  -34.623  4.168  47.344 0.1250000000
55354  -8.810  -8.552  54.429 0.2500000000
116426  -8.808  -8.037  50.406 0.1250000000
50137  -21.628  -14.808  51.207 0.2500000000
104614  -40.916  11.211  43.511 0.1250000000
127160  -22.676  -15.554  50.951 0.3750000000
111407  -23.896  -14.880  51.740 0.3750000000
46120  -23.249  -20.017  44.420 0.2500000000
104734  -35.239  7.326  47.196 0.1250000000
106745  -36.189  8.252  46.686 0.1250000000
119803  -34.802  2.086  47.273 0.1250000000
112085  -34.411  5.471  47.793 0.1250000000
108081  -33.800  5.612  47.938 0.1250000000
105071  -33.944  1.763  46.390 0.1250000000
119758  -34.856  0.718  46.200 0.1250000000
107156  -24.470  -20.802  43.819 0.2500000000
46111  -24.898  -20.302  46.004 0.2500000000
46083  -25.414  -19.797  47.490 0.2500000000
119825  -35.190  -3.821  46.255 0.1250000000
105555  -25.875  -20.823  45.088 0.2500000000
46098  -25.988  -20.200  46.920 0.3750000000
116212  -25.821  -18.600  50.138 0.3750000000
119855  -35.079  -6.183  45.490 0.1250000000
121273  -34.916  -6.151  45.008 0.1250000000
119760  -35.051  -1.216  46.123 0.1250000000
105212  -32.998  -6.063  44.862 0.1250000000
105429  -33.492  -5.544  44.148 0.1250000000
120018  -33.889  -5.854  44.910 0.1250000000
104787  -34.764  -5.809  44.769 0.1250000000
56303  -29.991  -7.650  44.983 0.1250000000
56313  -30.662  -7.198  44.643 0.1250000000
56321  -29.893  -7.620  42.900 0.1250000000
55416  -28.739  -8.479  44.861 0.1250000000
104638  -41.115  12.588  43.141 0.1250000000
50123  -24.132  -14.598  52.854 0.3750000000
104757  -38.451  14.701  44.539 0.1250000000
104781  -36.041  12.086  46.518 0.1250000000
105200  -35.688  9.339  46.610 0.1250000000
105028  -34.858  -3.975  45.061 0.1250000000
120357  -35.070  -4.509  44.076 0.1250000000
120247  -34.659  -1.418  46.172 0.1250000000
53583  -27.621  -10.081  45.443 0.1250000000
55404  -28.882  -8.595  45.484 0.1250000000
105356  -33.883  -4.898  43.225 0.1250000000
55405  -29.337  -8.184  45.311 0.1250000000
55392  -8.687  -8.872  47.110 0.2500000000
104700  -40.365  14.400  43.416 0.1250000000
104592  -42.346  10.546  42.463 0.1250000000
104494  -41.972  7.283  42.160 0.2500000000
104779  -35.371  8.434  46.594 0.1250000000
125241  -33.731  6.601  46.937 0.1250000000
119782  -34.270  5.082  46.071 0.1250000000
119899  -33.750  1.771  46.126 0.1250000000
119887  -34.126  -4.379  41.457 0.1250000000
54533  -28.066  -8.938  43.567 0.1250000000
58109  -13.197  -4.982  48.820 0.1250000000
119394  -26.985  -11.840  46.370 0.1250000000
52732  -27.045  -10.818  45.090 0.1250000000
54521  -27.609  -9.546  43.967 0.1250000000
107576  -27.329  -10.095  44.602 0.1250000000
57246  -31.402  -6.686  40.103 0.1250000000
56300  -10.155  -7.141  45.836 0.1250000000
118316  -10.186  -7.002  45.040 0.1250000000
56311  -10.182  -7.005  44.219 0.2500000000
55413  -8.666  -8.772  44.798 0.2500000000
56310  -9.717  -7.594  43.840 0.2500000000
56319  -10.180  -7.033  43.320 0.2500000000
119879  -39.145  4.418  43.374 0.2500000000
51791  -26.265  -12.230  45.956 0.1250000000
53597  -26.827  -10.816  44.278 0.1250000000
53615  -27.136  -9.984  43.222 0.1250000000
53633  -27.131  -9.770  42.461 0.1250000000
56318  -9.750  -7.653  42.947 0.2500000000
58172  -10.966  -5.699  42.186 0.2500000000
56326  -9.820  -7.741  42.099 0.2500000000
55431  -9.378  -8.298  42.525 0.2500000000
55440  -9.521  -8.349  41.640 0.2500000000
56334  -9.943  -7.768  41.287 0.1250000000
118917  -10.134  -7.704  40.568 0.1250000000
56355  -10.394  -7.220  39.415 0.1250000000
126652  -8.757  -9.728  40.591 0.2500000000
115565  -9.784  -8.437  38.952 0.1250000000
104514  -38.575  6.887  43.720 0.1250000000
63296  -36.524  0.171  24.252 0.1250000000
62458  -36.362  -0.695  23.368 0.1250000000
59949  -36.259  -3.276  27.894 0.2500000000
109252  -36.208  -2.211  26.931 0.2500000000
63275  -37.167  0.047  26.307 0.2500000000
64090  -38.593  1.646  25.175 0.3750000000
61579  -35.762  -1.891  26.167 0.2500000000
62434  -36.430  0.114  24.857 0.2500000000
63298  -37.728  1.152  24.739 0.3750000000
64104  -37.823  0.940  24.006 0.2500000000
63316  -38.888  0.372  23.347 0.3750000000
117107  -38.856  -0.610  22.962 0.2500000000
61618  -40.234  -2.331  22.851 0.2500000000
63304  -38.022  0.515  23.502 0.1250000000
62459  -38.024  -0.656  22.848 0.2500000000
60760  -38.819  -2.076  22.495 0.2500000000
60777  -40.382  -3.839  22.384 0.1250000000
61627  -38.071  -2.347  22.197 0.1250000000
60001  -39.552  -3.786  21.920 0.1250000000
60773  -36.580  -2.411  21.858 0.1250000000
108211  -43.992  1.277  32.555 0.2500000000
64037  -44.558  1.590  33.316 0.2500000000
64874  -46.080  2.301  32.036 0.2500000000
108830  -52.203  5.902  12.644 0.2500000000
71628  -51.008  10.421  8.622 0.1250000000
72453  -50.924  11.402  7.494 0.1250000000
72460  -51.118  11.858  6.914 0.1250000000
72455  -52.526  12.015  7.975 0.1250000000
127378  -52.143  12.756  6.415 0.1250000000
72465  -49.905  11.274  5.748 0.1250000000
71662  -49.825  11.085  4.163 0.1250000000
72448  -52.955  11.658  8.611 0.2500000000
72503  -51.314  11.888  1.473 0.1250000000
73329  -52.011  12.880  0.520 0.1250000000
119706  -33.666  4.981  47.461 0.1250000000
105051  -34.208  -0.919  46.715 0.1250000000
119900  -34.919  -0.010  46.200 0.1250000000
105066  -33.481  3.040  46.624 0.1250000000
119853  -34.335  0.636  46.689 0.1250000000
38186  -7.747  -29.006  43.763 0.1250000000
49305  -14.575  -15.446  47.539 0.2500000000
108129  -14.443  -15.737  46.790 0.2500000000
48506  -13.946  -16.314  46.347 0.1250000000
49312  -14.814  -15.761  46.079 0.1250000000
49321  -14.864  -16.213  45.127 0.1250000000
49330  -15.506  -15.976  44.745 0.1250000000
48529  -16.073  -16.210  43.424 0.1250000000
111280  -16.663  -15.594  43.969 0.1250000000
48538  -15.576  -16.883  42.927 0.1250000000
49343  -16.785  -15.707  43.122 0.1250000000
114570  -27.933  -17.085  52.908 0.1250000000
49256  -29.035  -15.795  52.539 0.1250000000
48460  -29.044  -16.641  52.422 0.1250000000
46922  -21.335  -18.198  42.705 0.1250000000
46028  -26.710  -18.328  51.446 0.1250000000
46923  -21.442  -18.809  42.346 0.1250000000
46050  -26.977  -18.883  49.977 0.1250000000
45256  -27.205  -18.913  50.081 0.1250000000
47649  -27.903  -17.957  52.577 0.1250000000
46931  -20.953  -18.295  41.753 0.1250000000
44441  -27.556  -18.812  50.425 0.1250000000
51768  -30.783  -13.800  48.373 0.1250000000
48461  -29.729  -15.969  52.192 0.1250000000
50138  -30.527  -14.190  51.583 0.1250000000
111039  -30.791  -13.787  51.072 0.1250000000
46049  -25.963  -18.888  49.698 0.2500000000
124226  -26.609  -18.547  50.554 0.1250000000
110188  -26.353  -19.827  47.801 0.1250000000
46062  -26.793  -19.239  49.279 0.1250000000
45285  -26.830  -20.089  47.037 0.1250000000
51778  -31.346  -13.047  47.845 0.2500000000
46135  -21.759  -19.400  42.058 0.1250000000
50959  -31.008  -13.813  49.063 0.1250000000
52696  -32.246  -12.223  47.030 0.2500000000
104803  -32.653  -11.538  46.615 0.2500000000
117590  -22.142  -20.188  41.015 0.1250000000
45295  -27.309  -20.238  46.213 0.1250000000
124936  -32.234  -12.686  47.558 0.2500000000
126290  -33.069  -12.009  46.600 0.2500000000
54589  -8.858  -9.511  37.743 0.1250000000
53710  -8.152  -10.236  37.416 0.1250000000
55484  -8.888  -8.932  37.027 0.1250000000
46914  -21.693  -18.640  43.153 0.1250000000
46127  -21.916  -19.199  42.867 0.1250000000
46146  -22.271  -20.052  41.730 0.1250000000
45324  -25.262  -21.167  43.598 0.1250000000
45294  -26.483  -20.382  46.377 0.1250000000
45345  -22.822  -20.616  41.222 0.1250000000
45314  -26.825  -20.959  44.810 0.1250000000
104789  -32.630  -9.784  46.620 0.3750000000
127008  -32.569  -10.745  46.524 0.3750000000
45366  -23.761  -21.272  40.125 0.1250000000
45306  -27.436  -20.516  45.281 0.1250000000
104804  -32.714  -10.843  46.727 0.3750000000
54567  -8.994  -9.603  39.763 0.1250000000
44552  -24.267  -21.610  39.540 0.1250000000
112410  -24.347  -21.547  40.340 0.1250000000
124606  -33.170  -9.969  47.031 0.2500000000
123157  -9.372  -9.092  39.110 0.1250000000
55459  -9.573  -8.793  39.799 0.1250000000
54578  -9.416  -8.946  38.340 0.1250000000
55471  -9.777  -8.131  38.020 0.1250000000
54590  -9.305  -8.761  37.665 0.1250000000
55485  -9.275  -8.221  37.222 0.1250000000
54601  -7.647  -9.619  36.151 0.2500000000
55499  -8.605  -8.241  36.585 0.1250000000
112818  -6.859  -9.479  35.592 0.1250000000
121091  -7.515  -9.003  35.849 0.1250000000
55498  -7.730  -8.301  36.022 0.1250000000
54615  -5.897  -9.144  35.135 0.1250000000
46915  -22.046  -19.102  43.659 0.1250000000
46136  -22.370  -19.881  42.569 0.1250000000
46137  -22.997  -20.291  43.112 0.1250000000
126907  -24.087  -20.771  43.387 0.1250000000
45335  -23.093  -20.542  42.195 0.1250000000
106560  -23.992  -20.999  42.256 0.1250000000
45337  -24.493  -21.045  43.015 0.1250000000
106280  -25.120  -20.862  44.463 0.1250000000
45346  -23.599  -20.983  41.464 0.1250000000
45347  -24.374  -21.315  41.615 0.1250000000
45338  -25.302  -21.417  42.745 0.1250000000
105601  -26.074  -21.153  44.219 0.1250000000
119951  -33.633  -7.666  46.349 0.3750000000
44527  -25.264  -21.652  41.836 0.1250000000
44541  -25.644  -21.983  40.973 0.1250000000
44516  -26.913  -21.808  42.465 0.1250000000
44508  -26.281  -21.496  43.248 0.1250000000
105736  -25.000  -21.911  40.203 0.1250000000
44528  -26.317  -21.988  41.750 0.1250000000
45325  -27.085  -21.250  43.986 0.1250000000
43714  -27.147  -22.405  40.036 0.1250000000
44543  -27.623  -21.908  40.804 0.1250000000
44510  -28.000  -20.905  42.929 0.1250000000
45326  -27.808  -20.844  43.714 0.1250000000
105164  -33.717  -8.654  47.104 0.2500000000
58091  -34.271  -4.778  47.154 0.5000000000
56368  -10.097  -7.193  38.074 0.1250000000
107741  -9.664  -6.682  37.537 0.1250000000
124154  -8.969  -7.625  36.826 0.1250000000
121142  -9.004  -6.952  36.918 0.1250000000
56389  -8.058  -7.337  36.354 0.1250000000
58200  -8.092  -5.969  36.877 0.1250000000
55513  -6.767  -8.551  35.495 0.1250000000
124218  -6.271  -7.879  35.336 0.1250000000
55511  -5.074  -8.695  34.572 0.1250000000
55512  -5.857  -8.373  35.087 0.1250000000
56400  -5.521  -7.682  34.942 0.1250000000
58161  -11.281  -4.926  42.574 0.1250000000
56414  -4.802  -7.967  34.280 0.1250000000
62262  -36.980  -0.707  45.195 0.1250000000
62263  -38.177  0.073  44.278 0.1250000000
119839  -36.984  -0.386  43.128 0.1250000000
119967  -37.013  -1.772  42.931 0.1250000000
104605  -37.357  -1.217  42.397 0.1250000000
105188  -36.993  -2.217  42.708 0.1250000000
104651  -36.528  -2.881  42.965 0.1250000000
119754  -36.870  -2.705  42.475 0.2500000000
120304  -36.920  -5.049  43.361 0.2500000000
126759  -37.428  -5.794  43.137 0.2500000000
105090  -37.242  -4.332  43.084 0.2500000000
119738  -37.174  -6.509  43.015 0.2500000000
104987  -37.674  -5.871  42.915 0.2500000000
56333  -36.098  -6.998  42.639 0.2500000000
111383  -35.938  -6.863  41.790 0.2500000000
121954  -35.520  -7.716  42.277 0.1250000000
55444  -35.252  -8.162  41.613 0.2500000000
71490  -45.318  10.236  23.686 0.2500000000
71494  -45.867  10.371  22.227 0.2500000000
71507  -46.707  10.525  21.607 0.2500000000
70646  -47.288  9.852  21.082 0.2500000000
127468  -47.956  9.639  20.765 0.1250000000
48520  -14.905  -16.748  44.322 0.1250000000
46829  -27.203  -18.412  52.461 0.1250000000
50950  -30.344  -13.869  49.813 0.1250000000
105132  -33.233  -8.336  46.577 0.3750000000
104790  -34.244  -7.828  47.070 0.3750000000
104957  -37.394  -2.839  42.108 0.2500000000
70658  -48.597  9.470  20.661 0.1250000000
54577  -8.943  -9.631  38.755 0.1250000000
46128  -22.421  -19.695  43.364 0.1250000000
46119  -22.545  -19.563  44.094 0.1250000000
58160  -10.929  -5.645  43.153 0.1250000000
56354  -10.166  -7.627  38.801 0.1250000000
45304  -25.702  -20.479  46.005 0.1250000000
48521  -15.785  -16.139  44.134 0.1250000000
45264  -27.841  -19.332  50.110 0.1250000000
45286  -27.593  -19.803  47.045 0.1250000000
107847  -26.004  -21.727  42.426 0.1250000000
45315  -27.576  -20.719  44.495 0.1250000000
109778  -9.533  -7.470  37.398 0.1250000000
112023  -8.212  -8.979  36.363 0.1250000000
56402  -7.049  -7.700  35.707 0.1250000000
44540  -24.754  -21.624  40.974 0.1250000000
44553  -25.990  -22.298  40.068 0.1250000000
44529  -27.318  -21.908  41.680 0.1250000000
44517  -27.687  -21.386  42.349 0.1250000000
53558  -33.786  -9.782  47.084 0.2500000000
57276  -8.350  -6.556  36.717 0.1250000000
57275  -7.400  -6.418  36.402 0.1250000000
119753  -37.171  -3.065  42.250 0.2500000000
50119  -19.388  -13.995  52.683 0.2500000000
50117  -17.825  -14.586  52.870 0.2500000000
50104  -18.214  -13.788  53.734 0.1250000000
50118  -18.652  -14.261  52.869 0.2500000000
34792  -4.858  -32.262  39.413 0.1250000000
35590  -5.152  -31.557  38.914 0.2500000000
126580  -5.042  -32.100  38.724 0.2500000000
123977  -40.331  8.100  42.477 0.1250000000
104513  -38.637  6.042  43.735 0.1250000000
65696  -46.268  2.948  28.611 0.1250000000
65689  -45.584  2.871  29.283 0.1250000000
64891  -46.025  2.701  30.228 0.1250000000
67394  -50.378  5.610  18.302 0.2500000000
67403  -50.805  5.568  17.590 0.2500000000
67402  -49.943  5.435  17.347 0.2500000000
71610  -54.128  10.046  11.222 0.1250000000
66562  -46.204  4.360  14.675 0.2500000000
109809  -53.681  9.258  11.062 0.1250000000
71622  -53.680  10.348  10.353 0.1250000000
70792  -53.015  9.967  9.966 0.1250000000
123028  -52.741  10.372  9.519 0.1250000000
71630  -52.834  10.981  9.116 0.1250000000
105918  -50.034  5.292  16.346 0.2500000000
105837  -50.330  4.619  14.078 0.3750000000
67424  -50.888  4.821  13.221 0.1250000000
67425  -51.610  5.390  12.882 0.2500000000
67423  -50.116  4.426  13.322 0.2500000000
67427  -50.151  4.684  12.429 0.1250000000
126323  -53.896  11.611  9.565 0.1250000000
72442  -53.478  11.430  9.225 0.1250000000
66573  -47.439  3.512  12.923 0.1250000000
67420  -49.582  4.762  14.902 0.2500000000
71625  -52.406  9.800  9.701 0.1250000000
110758  -5.261  -32.313  38.300 0.1250000000
36412  -5.402  -31.141  37.981 0.1250000000
67409  -50.830  5.484  16.786 0.2500000000
68229  -51.341  5.769  18.257 0.2500000000
70787  -53.367  9.561  10.493 0.1250000000
108801  -53.271  10.669  9.671 0.1250000000
119444  -18.139  -15.212  48.608 0.1250000000
49291  -18.793  -15.328  48.832 0.1250000000
49292  -19.568  -15.475  49.165 0.2500000000
52697  -33.183  -12.302  46.816 0.1250000000
53544  -33.547  -11.009  47.090 0.1250000000
51779  -32.904  -12.786  47.929 0.1250000000
52698  -33.628  -12.219  47.073 0.1250000000
125621  -17.111  -15.040  48.191 0.2500000000
49306  -15.201  -15.330  47.010 0.1250000000
49331  -16.292  -15.566  44.718 0.1250000000
118782  -34.693  -8.588  47.259 0.1250000000
57182  -34.132  -6.325  46.570 0.1250000000
58953  -34.725  -4.307  47.380 0.2500000000
117143  -34.348  -5.925  47.084 0.2500000000
105269  -35.799  -3.806  43.270 0.1250000000
104704  -36.053  -4.360  43.487 0.1250000000
104969  -37.004  -6.175  43.503 0.1250000000
120305  -37.099  -6.064  43.457 0.1250000000
119679  -36.535  -6.683  43.950 0.1250000000
54563  -34.763  -8.841  40.553 0.1250000000
59194  -42.696  -5.302  21.181 0.1250000000
59195  -43.509  -5.189  20.299 0.1250000000
59178  -42.696  -5.041  22.069 0.1250000000
59179  -43.575  -5.073  21.364 0.1250000000
60017  -44.281  -4.472  20.650 0.1250000000
60790  -44.350  -3.701  20.058 0.1250000000
61632  -44.272  -2.812  20.363 0.1250000000
61638  -43.460  -1.957  20.018 0.1250000000
63330  -43.002  0.524  20.624 0.1250000000
111171  -43.011  2.828  20.776 0.1250000000
126750  -43.092  4.067  20.236 0.1250000000
66585  -46.720  4.239  9.611 0.1250000000
108902  -46.535  4.291  8.724 0.1250000000
66604  -46.717  4.848  7.796 0.1250000000
66578  -47.901  3.818  11.424 0.1250000000
66587  -47.932  4.617  10.734 0.1250000000
110292  -47.250  4.645  10.113 0.1250000000
67439  -46.910  5.049  9.561 0.1250000000
67442  -46.646  5.800  8.420 0.1250000000
68264  -46.814  6.560  8.051 0.1250000000
125441  -48.334  4.321  11.309 0.1250000000
67433  -47.485  5.317  9.997 0.1250000000
67434  -48.314  5.488  10.517 0.1250000000
68251  -47.774  6.149  9.853 0.1250000000
68261  -46.890  6.462  8.624 0.1250000000
68262  -47.270  7.210  8.434 0.1250000000
69062  -47.265  7.315  7.740 0.1250000000
68257  -47.377  6.699  9.144 0.1250000000
69060  -47.631  7.974  7.990 0.1250000000
55455  -35.221  -8.215  40.799 0.1250000000
63323  -44.473  0.141  21.744 0.1250000000
64127  -43.860  1.090  21.529 0.1250000000
120580  -48.567  4.121  11.864 0.1250000000
50165  -17.415  -15.134  48.888 0.1250000000
50158  -18.151  -15.287  49.377 0.1250000000
115245  -35.408  -7.949  43.114 0.1250000000
111320  -34.294  -7.217  47.103 0.1250000000
56324  -36.177  -7.455  43.695 0.1250000000
66592  -46.556  5.086  8.944 0.1250000000
66598  -46.545  5.006  8.255 0.1250000000
67446  -46.748  5.722  7.778 0.1250000000
67438  -46.923  5.859  9.223 0.1250000000
68265  -47.127  6.592  7.480 0.1250000000
35589  -4.922  -31.649  39.854 0.1250000000
116525  -5.583  -30.206  37.926 0.1250000000
37332  -5.859  -29.487  37.532 0.1250000000
38280  -6.049  -29.268  36.808 0.1250000000
38287  -6.125  -28.934  35.992 0.1250000000
39204  -6.392  -27.988  35.124 0.1250000000
109564  -6.548  -27.916  34.818 0.1250000000
39205  -6.792  -27.454  34.455 0.1250000000
39209  -7.192  -26.873  33.927 0.1250000000
39210  -8.232  -27.414  33.630 0.1250000000
40145  -7.291  -26.002  33.660 0.1250000000
107987  -6.060  -28.534  37.665 0.1250000000
39198  -6.212  -28.015  36.005 0.1250000000
113502  -6.325  -27.447  36.462 0.1250000000
39201  -6.293  -28.058  35.553 0.1250000000
110948  -6.363  -27.303  35.769 0.1250000000
40139  -6.414  -27.187  35.240 0.1250000000
112756  -6.539  -27.120  34.794 0.1250000000
40143  -6.633  -26.280  34.590 0.1250000000
40144  -6.823  -26.147  34.161 0.1250000000
40148  -7.925  -26.481  33.409 0.1250000000
110388  -8.567  -26.089  32.906 0.1250000000
42081  -7.838  -24.580  33.403 0.1250000000
40140  -6.500  -26.368  34.964 0.1250000000
54625  -34.082  -9.724  35.515 0.1250000000
53747  -33.765  -10.062  33.847 0.1250000000
54641  -34.428  -8.914  34.598 0.1250000000
55548  -34.246  -8.798  32.691 0.1250000000
54653  -33.934  -9.483  33.263 0.1250000000
54672  -33.971  -9.829  31.693 0.1250000000
53771  -33.847  -10.434  32.043 0.1250000000
54678  -33.956  -10.192  30.569 0.1250000000
55579  -34.069  -9.614  31.043 0.1250000000
115805  -34.208  -9.467  30.304 0.1250000000
54692  -33.889  -9.179  28.968 0.1250000000
54685  -34.180  -9.306  29.633 0.1250000000
55587  -34.811  -8.117  30.538 0.1250000000
55586  -34.489  -8.736  30.089 0.1250000000
55593  -34.729  -8.094  29.991 0.1250000000
55592  -34.358  -8.446  29.460 0.1250000000
56496  -34.419  -7.743  29.174 0.1250000000
57425  -33.932  -5.887  27.505 0.1250000000
57399  -35.193  -6.323  29.165 0.1250000000
124216  -35.136  -5.266  28.297 0.1250000000
57415  -34.246  -6.320  28.132 0.1250000000
58327  -34.609  -5.420  27.834 0.1250000000
58343  -34.190  -5.164  27.141 0.1250000000
107499  -35.092  -3.198  26.402 0.1250000000
59135  -34.306  -4.480  26.515 0.1250000000
59952  -34.584  -3.688  26.087 0.1250000000
112037  -35.634  -1.204  25.286 0.1250000000
57380  -35.471  -6.597  29.743 0.1250000000
58328  -35.088  -4.820  27.907 0.1250000000
57400  -35.818  -5.741  29.493 0.1250000000
122389  -35.969  -5.054  28.967 0.1250000000
66503  -47.369  4.427  25.157 0.1250000000
127531  -45.541  8.451  24.871 0.1250000000
69770  -45.139  8.873  24.333 0.1250000000
70626  -45.769  9.201  25.088 0.1250000000
71486  -45.859  10.187  24.895 0.1250000000
68951  -45.670  7.772  25.012 0.1250000000
126262  -45.504  10.230  24.309 0.1250000000
72316  -45.795  11.016  23.557 0.1250000000
69762  -46.093  8.367  25.462 0.1250000000
123841  -45.548  10.547  22.986 0.1250000000
71493  -46.053  11.048  22.745 0.1250000000
66536  -43.926  4.415  18.203 0.1250000000
110022  -46.421  10.981  22.125 0.1250000000
66545  -44.640  4.436  17.666 0.1250000000
66550  -44.718  4.316  16.788 0.1250000000
122597  -45.244  4.487  17.381 0.1250000000
110282  -44.500  4.234  15.928 0.1250000000
66551  -45.592  4.481  16.754 0.1250000000
66554  -43.881  4.062  15.222 0.1250000000
66555  -44.856  4.320  15.188 0.1250000000
66560  -44.528  4.070  14.259 0.1250000000
66556  -45.657  4.456  15.278 0.1250000000
66561  -45.416  4.261  14.521 0.1250000000
67421  -51.156  4.986  14.152 0.1250000000
68230  -52.451  6.033  18.088 0.1250000000
67410  -51.805  5.538  16.406 0.1250000000
119734  -33.094  -1.973  47.211 0.1250000000
38274  -5.768  -29.185  38.360 0.1250000000
39194  -6.250  -27.611  37.339 0.1250000000
41115  -6.610  -25.751  34.746 0.1250000000
41130  -7.528  -25.285  33.514 0.1250000000
54654  -34.423  -8.693  33.698 0.1250000000
55568  -34.216  -8.952  31.705 0.1250000000
56489  -34.815  -7.667  29.694 0.1250000000
107386  -45.220  4.408  15.999 0.1250000000
59136  -34.724  -4.623  27.347 0.1250000000
59953  -34.918  -3.884  26.913 0.1250000000
122077  -51.599  5.206  13.605 0.1250000000
67404  -51.672  5.652  17.350 0.1250000000
36419  -5.610  -30.845  37.138 0.1250000000
120847  -6.202  -28.311  36.658 0.1250000000
37359  -5.985  -29.960  36.286 0.1250000000
38295  -6.274  -28.922  35.454 0.1250000000
39208  -6.723  -26.769  34.393 0.1250000000
108405  -7.896  -25.817  33.264 0.1250000000
41140  -8.365  -25.267  32.912 0.1250000000
54640  -33.951  -9.714  34.728 0.1250000000
118642  -34.035  -9.391  34.047 0.1250000000
53757  -33.759  -10.286  32.909 0.1250000000
54666  -33.940  -9.644  32.380 0.1250000000
56497  -34.952  -7.087  29.443 0.1250000000
57398  -34.517  -6.900  28.798 0.1250000000
40887  -7.189  -25.134  51.128 0.8750000000
40947  -9.944  -24.877  46.196 0.3750000000
41856  -5.615  -24.543  51.555 0.8750000000
41887  -9.647  -24.566  48.538 0.7500000000
42779  -6.964  -22.680  52.710 1.0000000000
42789  -8.966  -23.049  51.727 1.0000000000
42815  -11.023  -22.997  48.578 0.7500000000
43642  -9.592  -22.559  51.568 1.0000000000
43670  -12.750  -21.400  47.237 0.6250000000
43682  -12.800  -21.523  45.288 0.3750000000
43690  -13.134  -21.767  43.652 0.1250000000
44435  -8.091  -20.662  53.307 1.0000000000
44436  -8.419  -20.445  53.152 0.8750000000
44448  -27.859  -19.120  50.010 0.1250000000
44456  -27.752  -19.411  50.264 0.1250000000
44463  -11.330  -21.073  50.451 0.8750000000
44499  -13.253  -21.018  44.794 0.2500000000
44507  -13.958  -20.802  43.445 0.1250000000
44509  -27.380  -21.384  43.143 0.1250000000
44542  -26.733  -22.233  40.933 0.1250000000
45231  -6.640  -19.600  54.559 0.8750000000
45235  -8.420  -19.511  54.026 0.7500000000
45240  -8.608  -19.775  53.554 0.8750000000
45244  -27.467  -18.718  51.151 0.1250000000
45250  -27.179  -18.482  51.013 0.1250000000
45263  -26.842  -18.946  49.954 0.1250000000
45278  -12.671  -20.353  48.314 0.7500000000
45292  -13.186  -20.485  46.781 0.5000000000
45302  -13.470  -20.254  45.179 0.2500000000
45305  -26.625  -20.642  45.643 0.1250000000
45336  -23.722  -20.717  42.956 0.2500000000
45356  -23.313  -20.978  40.657 0.1250000000
45357  -24.021  -21.289  40.860 0.1250000000
46017  -8.071  -19.136  54.448 0.7500000000
46023  -25.578  -17.157  52.869 0.5000000000
46029  -27.426  -18.845  51.872 0.1250000000
46036  -26.241  -18.078  51.142 0.2500000000
46043  -26.475  -18.667  50.262 0.1250000000
46058  -12.014  -19.971  49.313 0.5000000000
46070  -25.608  -19.469  48.346 0.2500000000
46082  -24.624  -19.634  47.151 0.3750000000
46107  -13.824  -19.780  44.262 0.2500000000
46109  -23.539  -19.860  45.238 0.2500000000
46126  -14.318  -19.821  42.878 0.1250000000
46814  -8.576  -18.652  54.250 0.7500000000
46815  -24.032  -17.960  54.646 0.7500000000
46822  -25.971  -17.703  52.951 0.5000000000
46827  -25.380  -16.741  52.730 0.5000000000
46834  -25.498  -17.641  51.015 0.5000000000
46872  -12.868  -19.239  47.447 0.6250000000
46875  -24.076  -19.163  47.475 0.3750000000
46884  -22.774  -18.322  47.059 0.6250000000
47634  -23.704  -17.514  54.837 0.5000000000
47639  -23.799  -17.311  54.552 0.6250000000
47641  -25.048  -17.677  53.992 0.5000000000
47647  -25.178  -16.378  52.871 0.7500000000
47655  -24.995  -17.334  51.019 0.5000000000
47672  -24.185  -17.609  50.349 0.5000000000
47710  -21.334  -17.311  44.506 0.3750000000
48437  -23.097  -17.021  55.056 0.5000000000
48439  -24.487  -16.758  55.211 0.7500000000
48440  -25.104  -16.404  55.094 0.7500000000
48441  -25.798  -16.106  54.603 0.6250000000
48445  -23.628  -16.665  54.465 0.6250000000
48519  -14.324  -17.007  44.804 0.2500000000
48551  -17.268  -16.081  41.160 0.1250000000
48557  -17.913  -16.064  40.607 0.1250000000
49235  -22.954  -15.464  55.161 0.2500000000
49245  -22.717  -15.410  54.896 0.2500000000
49247  -27.118  -15.688  53.573 0.6250000000
49254  -27.643  -15.421  53.276 0.5000000000
49263  -29.572  -15.055  52.322 0.1250000000
49332  -16.971  -15.265  44.628 0.1250000000
49335  -20.253  -15.933  44.928 0.2500000000
49346  -19.384  -15.498  43.521 0.3750000000
50079  -24.132  -14.649  55.351 0.3750000000
50080  -25.030  -14.665  55.183 0.7500000000
50081  -25.865  -14.607  55.122 0.7500000000
50109  -28.687  -14.491  53.071 0.5000000000
50179  -18.124  -14.890  46.398 0.3750000000
50180  -18.786  -15.046  46.163 0.3750000000
50922  -26.606  -13.791  54.347 0.8750000000
50932  -27.629  -13.671  53.190 0.6250000000
51717  -23.427  -12.798  55.234 0.2500000000
51724  -24.552  -12.124  54.718 0.2500000000
51743  -28.878  -13.823  51.642 0.5000000000
52582  -23.670  -11.899  55.276 0.3750000000
52596  -25.780  -11.644  54.040 0.5000000000
52607  -22.884  -11.523  54.896 0.2500000000
52610  -26.563  -11.941  53.510 0.6250000000
53465  -23.923  -10.483  54.270 0.2500000000
53474  -25.338  -10.622  53.248 0.3750000000
53543  -33.144  -12.004  46.742 0.1250000000
54464  -27.040  -10.424  52.052 0.3750000000
55580  -34.787  -8.133  31.295 0.3750000000
56466  -35.424  -7.540  31.747 0.3750000000
57162  -32.399  -5.229  48.673 0.3750000000
57163  -32.371  -5.124  48.818 0.7500000000
57172  -32.926  -6.029  48.153 0.7500000000
57173  -33.153  -6.019  48.098 0.6250000000
57181  -33.400  -6.234  47.081 0.7500000000
57221  -35.754  -4.306  41.836 0.6250000000
57240  -32.291  -6.293  40.902 0.1250000000
57416  -34.855  -5.951  28.536 0.1250000000
58080  -32.402  -4.807  48.625 0.7500000000
58088  -32.079  -4.913  48.683 0.3750000000
58089  -33.172  -5.914  47.959 0.5000000000
58102  -33.893  -5.896  46.989 0.5000000000
58112  -32.918  -5.280  47.562 0.2500000000
58114  -32.944  -6.665  46.667 0.2500000000
58150  -35.752  -4.169  42.270 0.6250000000
58151  -35.921  -4.290  42.011 0.7500000000
58166  -37.369  -5.177  42.126 0.7500000000
58182  -38.116  -4.719  41.774 0.5000000000
58187  -37.823  -4.192  39.757 0.6250000000
58304  -36.996  -5.037  30.066 0.5000000000
58320  -35.457  -5.512  28.807 0.1250000000
58329  -35.633  -4.708  28.365 0.2500000000
58941  -33.092  -4.311  48.375 0.7500000000
58963  -32.747  -4.963  47.617 0.2500000000
59010  -37.295  -3.877  41.535 0.5000000000
59021  -38.102  -3.853  40.865 0.5000000000
59092  -39.610  -4.318  31.659 0.5000000000
59778  -32.309  -2.432  48.135 0.3750000000
59782  -32.457  -3.192  48.183 0.5000000000
59783  -32.974  -3.593  48.296 0.6250000000
59787  -32.930  -3.932  47.389 0.2500000000
59793  -33.066  -3.044  47.328 0.2500000000
59854  -38.169  -3.633  40.846 0.5000000000
59922  -38.694  -3.546  30.375 0.5000000000
59993  -43.891  -4.395  22.712 0.2500000000
60004  -44.235  -4.636  21.763 0.1250000000
60557  -31.983  -2.232  48.104 0.2500000000
60560  -33.087  -2.422  48.178 0.6250000000
60729  -35.160  -2.469  25.782 0.2500000000
60747  -41.887  -2.686  23.379 0.3750000000
60751  -45.823  -2.582  23.163 0.3750000000
60765  -45.200  -3.548  22.586 0.2500000000
60774  -37.430  -2.530  21.954 0.1250000000
60776  -39.827  -3.260  22.383 0.1250000000
60778  -45.187  -3.328  21.699 0.2500000000
61342  -32.157  -1.541  48.117 0.2500000000
61348  -32.913  -2.002  48.403 0.3750000000
61590  -46.073  -1.809  24.264 0.6250000000
61591  -46.407  -1.511  23.847 0.5000000000
61615  -37.362  -0.941  22.752 0.2500000000
61616  -38.001  -1.514  22.530 0.2500000000
61619  -45.929  -2.090  22.747 0.3750000000
61633  -44.850  -2.595  21.183 0.2500000000
62201  -32.241  -1.418  48.145 0.2500000000
62202  -32.748  -1.357  48.301 0.2500000000
62211  -33.198  -1.444  48.218 0.3750000000
62212  -33.288  -1.071  48.007 0.3750000000
62230  -35.810  -0.715  46.486 0.6250000000
62411  -37.835  -0.826  27.589 0.5000000000
62415  -36.612  -0.634  26.180 0.2500000000
62417  -37.783  -0.086  26.996 0.2500000000
62422  -36.203  -0.474  25.400 0.2500000000
62423  -45.680  -0.799  25.142 0.2500000000
62446  -36.712  0.048  23.708 0.1250000000
62447  -37.031  -0.310  23.173 0.2500000000
62462  -46.295  -1.392  23.205 0.3750000000
62477  -42.827  -0.088  20.381 0.1250000000
63071  -33.251  -0.753  48.175 0.2500000000
63080  -33.643  0.036  47.651 0.3750000000
63081  -34.019  -0.076  47.484 0.5000000000
63089  -34.024  -0.564  47.194 0.6250000000
63090  -34.403  -0.057  47.298 0.6250000000
63101  -35.607  0.133  46.486 0.6250000000
63210  -43.312  0.319  33.789 0.1250000000
63281  -36.720  0.164  25.511 0.2500000000
63283  -38.058  1.232  25.735 0.3750000000
63302  -47.140  -0.013  24.859 0.2500000000
63307  -46.538  0.151  23.500 0.3750000000
63314  -37.667  -0.034  23.168 0.1250000000
63317  -45.388  0.577  22.534 0.3750000000
63903  -33.757  0.462  47.837 0.2500000000
63912  -35.329  0.965  46.955 0.6250000000
63922  -36.026  1.682  46.328 0.6250000000
63955  -36.947  -0.050  43.944 0.1250000000
64097  -47.935  1.018  25.950 0.3750000000
64116  -40.258  1.078  23.875 0.5000000000
64122  -45.837  0.837  22.965 0.3750000000
64718  -35.748  2.082  46.427 0.3750000000
64735  -36.914  2.176  45.213 0.7500000000
64749  -38.050  -0.618  43.539 0.2500000000
64884  -44.010  2.144  30.583 0.2500000000
64890  -43.937  2.398  29.652 0.2500000000
64905  -47.948  2.324  27.617 0.1250000000
64908  -40.033  2.308  25.696 0.5000000000
64932  -40.662  2.282  24.907 0.5000000000
64934  -41.945  2.570  25.416 0.5000000000
64935  -48.001  1.898  25.422 0.3750000000
64945  -43.427  2.830  21.395 0.3750000000
65543  -37.150  3.637  46.046 0.6250000000
65694  -44.375  3.004  28.115 0.5000000000
65714  -48.650  3.353  26.491 0.2500000000
65720  -47.529  2.781  24.829 0.2500000000
65732  -44.317  3.409  22.592 0.2500000000
65742  -42.542  3.555  19.161 0.2500000000
66323  -38.425  4.812  45.218 0.7500000000
66331  -39.547  4.975  44.507 0.7500000000
66505  -48.470  4.137  26.042 0.1250000000
67170  -39.720  5.631  44.346 0.7500000000
67178  -41.585  5.975  42.546 0.3750000000
67357  -47.949  4.920  25.690 0.2500000000
67373  -44.933  5.201  23.745 0.2500000000
67407  -48.763  5.175  16.615 0.6250000000
68189  -45.478  6.435  24.572 0.2500000000
68196  -44.321  6.957  23.253 0.3750000000
68206  -46.708  6.901  20.194 0.6250000000
68213  -46.135  6.413  19.963 0.6250000000
68967  -44.641  7.637  23.721 0.2500000000
69055  -47.801  7.301  9.067 0.1250000000
69764  -46.870  8.373  26.215 0.1250000000
69773  -44.585  8.514  23.027 0.3750000000
70633  -45.320  9.700  24.328 0.1250000000
70644  -45.864  9.176  21.487 0.3750000000
72314  -45.748  10.731  24.286 0.1250000000
104474  -40.163  2.590  43.212 0.8750000000
104482  -39.995  1.989  42.148 0.7500000000
104488  -43.376  3.717  41.087 0.3750000000
104490  -43.735  4.194  40.357 0.3750000000
104495  -44.787  4.488  40.503 0.3750000000
104497  -45.576  5.397  40.117 0.3750000000
104499  -41.375  7.005  42.331 0.2500000000
104500  -45.420  5.078  40.167 0.3750000000
104501  -46.105  5.151  39.937 0.3750000000
104502  -41.298  6.918  42.985 0.3750000000
104505  -41.952  8.029  42.178 0.1250000000
104508  -42.214  4.569  41.971 0.3750000000
104510  -42.237  7.640  41.926 0.1250000000
104512  -43.830  5.137  40.235 0.3750000000
104520  -41.932  8.686  41.546 0.1250000000
104521  -44.028  9.563  40.678 0.1250000000
104522  -45.877  4.205  40.246 0.3750000000
104523  -45.655  3.808  40.284 0.3750000000
104526  -40.393  6.453  43.737 0.2500000000
104527  -42.185  9.285  42.213 0.1250000000
104528  -44.881  5.096  40.346 0.3750000000
104538  -46.260  4.637  40.122 0.3750000000
104539  -36.696  -1.156  43.260 0.1250000000
104540  -42.293  3.782  42.160 0.3750000000
104541  -40.296  7.222  44.186 0.2500000000
104542  -40.319  6.704  44.102 0.3750000000
104543  -41.297  8.848  42.742 0.2500000000
104546  -43.280  4.410  41.119 0.3750000000
104559  -44.143  3.634  40.274 0.3750000000
104560  -42.995  3.793  41.248 0.3750000000
104564  -41.279  10.429  43.343 0.1250000000
104565  -43.236  9.991  41.916 0.1250000000
104567  -45.398  5.396  40.067 0.3750000000
104568  -44.020  9.355  41.027 0.1250000000
104569  -44.148  11.384  41.105 0.1250000000
104570  -44.164  10.312  40.671 0.1250000000
104582  -39.076  -0.092  42.089 0.7500000000
104589  -39.998  9.205  44.374 0.1250000000
104595  -37.890  6.220  44.336 0.1250000000
104604  -49.052  4.728  37.712 0.3750000000
104606  -42.455  4.557  41.482 0.3750000000
104615  -41.396  11.798  43.117 0.1250000000
104616  -42.111  11.530  42.675 0.1250000000
104618  -36.688  5.602  45.088 0.1250000000
104629  -42.185  5.006  41.825 0.3750000000
104635  -39.421  11.885  44.320 0.1250000000
104636  -40.110  12.348  44.107 0.1250000000
104641  -35.554  5.652  45.325 0.1250000000
104654  -38.034  7.192  46.033 0.1250000000
104657  -37.636  8.086  46.053 0.1250000000
104658  -37.296  4.760  45.728 0.6250000000
104662  -39.005  11.509  44.678 0.1250000000
104664  -39.992  13.140  44.149 0.1250000000
104666  -40.841  13.225  43.157 0.1250000000
104668  -35.267  3.492  45.551 0.3750000000
104670  -33.781  1.066  45.135 0.3750000000
104676  -41.029  13.943  43.075 0.1250000000
104680  -32.978  -2.895  47.321 0.2500000000
104682  -36.071  4.386  46.379 0.2500000000
104687  -36.767  7.765  46.361 0.1250000000
104693  -40.368  13.553  43.501 0.1250000000
104694  -35.444  1.552  45.629 0.3750000000
104708  -37.236  4.838  45.995 0.3750000000
104709  -35.910  6.751  47.076 0.1250000000
104710  -36.120  7.504  46.864 0.1250000000
104713  -38.576  12.985  44.750 0.1250000000
104718  -39.858  14.763  44.096 0.1250000000
104724  -39.740  15.368  44.016 0.1250000000
104729  -31.839  -1.348  47.920 0.2500000000
104730  -32.595  -1.061  47.474 0.2500000000
104732  -36.546  3.006  46.391 0.6250000000
104735  -36.628  9.397  46.382 0.1250000000
104737  -36.359  10.279  46.497 0.1250000000
104742  -39.208  15.873  44.064 0.1250000000
104743  -39.958  16.829  43.387 0.1250000000
104744  -39.088  15.916  44.200 0.1250000000
104748  -42.037  3.073  41.017 0.3750000000
104750  -32.728  -1.228  48.294 0.2500000000
104751  -32.997  -0.998  48.206 0.2500000000
104752  -34.961  5.558  47.511 0.1250000000
104753  -33.937  4.840  47.720 0.1250000000
104754  -34.901  5.742  47.263 0.1250000000
104756  -37.558  15.021  45.036 0.1250000000
104758  -35.480  10.435  47.057 0.1250000000
104759  -36.012  11.286  46.667 0.1250000000
104760  -36.678  12.428  46.174 0.1250000000
104761  -37.133  13.644  45.473 0.1250000000
104763  -38.830  16.819  44.060 0.1250000000
104764  -39.300  16.761  43.705 0.1250000000
104770  -32.877  -9.053  46.513 0.5000000000
104774  -35.351  2.397  47.004 0.2500000000
104777  -34.391  0.656  47.390 0.2500000000
104778  -34.682  3.588  47.291 0.1250000000
104780  -37.515  16.073  44.840 0.1250000000
104782  -35.320  9.980  45.983 0.1250000000
104783  -36.180  12.784  46.221 0.1250000000
104784  -36.727  14.476  45.555 0.1250000000
104785  -38.452  16.076  44.323 0.1250000000
104786  -39.485  16.855  43.484 0.1250000000
104791  -33.142  -6.445  47.185 0.2500000000
104800  -37.010  15.684  44.848 0.1250000000
104805  -32.935  -5.296  47.642 0.2500000000
104807  -33.349  0.144  48.100 0.2500000000
104808  -36.175  12.865  44.849 0.1250000000
104809  -36.217  15.075  45.215 0.1250000000
104811  -39.864  16.781  43.429 0.1250000000
104820  -34.116  0.344  47.207 0.1250000000
104821  -36.368  15.189  44.395 0.1250000000
104826  -35.609  -2.664  40.955 0.5000000000
104829  -34.857  -1.742  41.783 0.2500000000
104904  -48.038  4.700  38.130 0.3750000000
104906  -48.761  4.701  37.925 0.3750000000
104911  -33.242  -0.758  42.451 0.2500000000
104914  -41.006  0.930  41.626 0.5000000000
104919  -49.191  4.695  37.203 0.3750000000
104920  -48.664  4.674  36.444 0.3750000000
104933  -33.307  -2.127  40.317 0.2500000000
104937  -43.217  2.183  40.773 0.3750000000
104948  -38.162  -2.828  41.889 0.5000000000
104955  -33.670  -1.291  43.535 0.1250000000
104993  -43.114  4.859  41.186 0.3750000000
104994  -33.675  4.530  45.373 0.1250000000
105002  -34.905  -2.652  43.011 0.5000000000
105006  -34.970  -3.593  40.106 0.5000000000
105008  -41.014  2.057  40.882 0.3750000000
105013  -33.886  3.986  46.165 0.1250000000
105016  -35.485  -3.854  41.790 0.5000000000
105034  -35.205  -5.132  45.377 0.1250000000
105042  -40.162  2.081  41.949 0.8750000000
105047  -43.999  3.903  40.335 0.3750000000
105050  -34.467  7.798  46.655 0.1250000000
105113  -36.693  -2.447  43.000 0.1250000000
105129  -41.563  4.315  41.456 0.3750000000
105143  -35.525  11.265  46.356 0.1250000000
105151  -44.669  5.209  40.268 0.3750000000
105162  -34.712  -4.943  46.543 0.5000000000
105179  -32.974  -2.022  47.308 0.2500000000
105181  -32.810  -6.673  45.716 0.2500000000
105182  -43.836  3.963  40.326 0.3750000000
105183  -36.422  -1.113  43.394 0.1250000000
105186  -42.383  9.437  41.604 0.1250000000
105193  -34.223  6.075  47.823 0.1250000000
105216  -42.630  4.208  41.673 0.3750000000
105243  -44.870  3.753  40.328 0.3750000000
105244  -33.703  6.252  44.390 0.1250000000
105254  -36.230  14.075  44.599 0.1250000000
105261  -33.661  -3.823  47.182 0.2500000000
105291  -35.255  9.504  46.540 0.1250000000
105293  -32.852  -0.586  47.870 0.2500000000
105300  -46.769  3.913  39.901 0.3750000000
105303  -36.647  13.306  45.515 0.1250000000
105326  -37.113  -1.028  42.873 0.1250000000
105334  -35.599  8.020  47.099 0.1250000000
105340  -36.045  9.622  46.805 0.1250000000
105343  -31.845  -1.557  48.070 0.2500000000
105350  -34.840  3.071  47.232 0.1250000000
105371  -33.528  0.305  47.579 0.2500000000
105378  -43.203  2.744  41.088 0.5000000000
105384  -42.924  11.096  42.216 0.1250000000
105408  -34.729  6.810  47.304 0.1250000000
105411  -46.208  4.260  40.175 0.3750000000
105513  -40.357  8.624  44.212 0.2500000000
105530  -37.825  16.883  44.157 0.1250000000
105624  -43.618  10.625  41.400 0.1250000000
105715  -36.967  15.586  45.276 0.1250000000
106267  -44.085  10.392  40.137 0.1250000000
106286  -32.076  -3.287  48.043 0.3750000000
106361  -39.596  9.873  44.519 0.1250000000
106568  -43.242  9.838  40.599 0.1250000000
106586  -43.069  2.969  41.354 0.3750000000
106640  -31.994  -3.998  47.980 0.3750000000
107635  -36.735  12.522  45.688 0.1250000000
108594  -43.485  10.140  41.186 0.1250000000
108916  -38.308  7.435  43.845 0.1250000000
108973  -33.569  -3.804  48.271 0.6250000000
109211  -35.566  0.904  46.529 0.6250000000
109257  -46.187  4.713  40.219 0.3750000000
109717  -37.365  11.350  45.988 0.1250000000
110063  -23.842  -18.373  48.841 0.5000000000
110191  -37.141  0.621  24.122 0.2500000000
110767  -33.181  -2.125  48.283 0.5000000000
111159  -32.720  -5.972  40.562 0.1250000000
111722  -27.249  -17.279  53.090 0.2500000000
112008  -44.500  -2.351  24.372 0.6250000000
113294  -32.609  -1.317  47.464 0.2500000000
113748  -22.831  -13.845  55.164 0.1250000000
114397  -32.664  -5.275  47.737 0.2500000000
114776  -24.022  -16.043  55.313 0.5000000000
115112  -28.165  -14.048  53.143 0.6250000000
115556  -26.938  -12.551  53.765 0.8750000000
116322  -33.156  -0.976  48.174 0.3750000000
117506  -33.551  6.005  47.192 0.1250000000
117932  -33.421  -4.407  48.073 0.6250000000
118062  -26.438  -15.874  54.058 0.6250000000
118160  -4.281  -23.271  51.089 1.0000000000
119377  -28.979  -15.096  52.765 0.2500000000
119426  -37.866  -4.050  41.043 0.5000000000
119473  -37.207  -7.249  34.998 0.7500000000
119527  -43.973  3.339  39.967 0.3750000000
119528  -48.033  5.581  36.273 0.3750000000
119529  -48.455  5.214  36.183 0.3750000000
119531  -44.961  5.063  39.831 0.3750000000
119532  -44.995  4.062  38.936 0.3750000000
119533  -48.120  5.359  36.114 0.3750000000
119534  -45.429  4.850  38.719 0.3750000000
119539  -44.673  3.556  39.323 0.3750000000
119543  -35.226  -2.709  41.692 0.5000000000
119549  -43.809  2.865  40.201 0.3750000000
119560  -48.167  4.628  38.362 0.3750000000
119561  -48.183  4.671  38.344 0.3750000000
119562  -48.491  5.494  35.951 0.3750000000
119567  -34.863  -3.979  42.902 0.6250000000
119586  -44.675  3.376  40.144 0.3750000000
119591  -32.931  -0.015  43.123 0.3750000000
119605  -35.640  -4.099  42.793 0.6250000000
119607  -41.577  1.982  40.926 0.3750000000
119608  -48.793  4.375  37.563 0.3750000000
119669  -47.171  4.743  39.116 0.3750000000
119682  -39.349  3.196  43.038 0.2500000000
119699  -35.314  8.272  45.810 0.1250000000
119712  -33.268  -1.206  40.626 0.1250000000
119714  -35.698  -3.583  40.347 0.3750000000
119720  -39.237  -0.067  41.095 0.6250000000
119730  -40.797  1.823  41.931 0.3750000000
119740  -34.730  -0.995  46.387 0.1250000000
119741  -34.676  1.034  47.230 0.1250000000
119743  -39.272  2.994  43.053 0.3750000000
119744  -41.141  3.916  41.774 0.3750000000
119746  -35.681  -3.369  40.036 0.2500000000
119752  -42.094  1.948  40.956 0.8750000000
119776  -48.306  4.612  38.094 0.3750000000
119777  -41.846  2.712  41.340 0.3750000000
119781  -34.352  4.066  47.314 0.1250000000
119783  -36.385  -3.735  41.250 0.5000000000
119784  -35.379  -4.020  41.894 0.5000000000
119790  -32.695  1.129  42.912 0.1250000000
119798  -35.695  10.055  45.589 0.1250000000
119804  -36.098  -2.811  38.846 0.1250000000
119807  -33.584  1.911  45.491 0.3750000000
119808  -34.730  3.953  45.597 0.3750000000
119813  -35.200  -2.951  46.006 0.1250000000
119829  -46.050  5.320  39.177 0.3750000000
119832  -37.159  -1.761  42.175 0.1250000000
119843  -44.970  3.858  40.323 0.3750000000
119869  -32.890  2.629  44.306 0.1250000000
119871  -35.629  12.427  45.663 0.1250000000
119876  -41.713  1.225  40.946 0.6250000000
119882  -34.450  3.809  46.725 0.1250000000
119883  -35.443  12.365  46.551 0.1250000000
119884  -49.171  4.609  37.446 0.3750000000
119895  -37.541  2.081  44.228 0.1250000000
119966  -36.839  -2.800  43.144 0.1250000000
119970  -35.371  -5.653  46.140 0.1250000000
119974  -33.234  2.866  45.109 0.2500000000
119975  -41.861  3.539  41.153 0.3750000000
120011  -35.610  0.124  45.440 0.3750000000
120021  -43.399  3.293  41.244 0.3750000000
120027  -35.360  0.735  45.681 0.2500000000
120030  -42.574  5.106  40.920 0.3750000000
120033  -39.731  6.718  43.085 0.2500000000
120037  -35.695  -3.667  40.902 0.5000000000
120041  -48.401  4.088  36.900 0.3750000000
120042  -47.105  4.744  39.074 0.3750000000
120043  -42.765  2.212  40.615 0.3750000000
120044  -48.232  5.369  36.050 0.3750000000
120045  -46.363  5.123  39.312 0.3750000000
120047  -48.315  4.347  36.867 0.3750000000
120048  -47.054  5.076  39.011 0.3750000000
120049  -42.613  2.842  40.585 0.3750000000
120050  -42.589  4.668  40.508 0.3750000000
120051  -42.876  4.198  40.330 0.3750000000
120052  -47.080  5.106  39.022 0.3750000000
120059  -46.777  4.817  38.955 0.3750000000
120060  -42.757  3.496  40.439 0.3750000000
120061  -42.804  3.151  40.429 0.3750000000
120073  -43.538  5.189  40.254 0.3750000000
120074  -48.311  5.036  36.433 0.3750000000
120092  -47.429  5.066  38.851 0.3750000000
120093  -49.209  4.321  37.424 0.3750000000
120094  -47.806  4.916  38.963 0.3750000000
120095  -49.195  4.071  37.401 0.3750000000
120119  -36.845  -4.064  42.979 0.6250000000
120135  -35.030  -3.265  42.962 0.6250000000
120139  -43.300  2.426  40.964 0.3750000000
120141  -40.148  0.486  41.450 0.5000000000
120142  -45.321  3.547  40.241 0.3750000000
120147  -46.081  3.586  40.180 0.3750000000
120167  -41.095  2.228  41.782 0.3750000000
120170  -39.795  1.050  40.814 0.3750000000
120171  -34.974  -2.170  44.159 0.5000000000
120173  -35.964  -4.097  42.354 0.6250000000
120174  -47.974  4.718  38.534 0.3750000000
120175  -46.068  3.850  38.870 0.3750000000
120176  -48.859  3.813  36.789 0.3750000000
120177  -44.630  3.706  39.358 0.3750000000
120178  -48.285  4.593  38.226 0.3750000000
120181  -32.794  2.594  43.874 0.1250000000
120196  -38.201  -0.818  42.482 0.3750000000
120228  -34.001  1.262  46.874 0.1250000000
120229  -34.913  -1.008  46.214 0.1250000000
120231  -34.903  -0.965  44.856 0.5000000000
120251  -34.306  -4.531  43.192 0.1250000000
120257  -34.326  -4.087  41.977 0.1250000000
120262  -39.950  3.423  42.644 0.2500000000
120263  -39.999  2.637  42.101 0.3750000000
120275  -34.899  -1.849  45.686 0.1250000000
120285  -47.658  4.855  38.724 0.3750000000
120286  -45.245  3.358  39.755 0.3750000000
120287  -48.329  4.950  36.291 0.3750000000
120289  -46.654  4.412  39.468 0.3750000000
120312  -37.806  2.058  43.682 0.2500000000
120334  -35.284  -3.102  39.314 0.1250000000
120349  -36.207  8.623  45.122 0.1250000000
120352  -35.532  -4.190  42.269 0.6250000000
120353  -34.319  0.953  45.995 0.1250000000
120361  -33.996  5.429  46.438 0.1250000000
120369  -45.339  3.405  39.708 0.3750000000
120370  -42.326  3.071  40.729 0.3750000000
120372  -44.206  4.357  39.447 0.3750000000
120373  -43.783  5.198  40.216 0.3750000000
120374  -45.996  4.736  38.630 0.3750000000
120375  -48.524  4.523  37.422 0.3750000000
120377  -41.964  4.127  41.012 0.3750000000
120378  -42.148  4.034  40.810 0.3750000000
120379  -46.376  4.909  38.999 0.3750000000
120380  -42.135  4.427  40.831 0.3750000000
120389  -43.251  3.429  39.990 0.3750000000
120402  -49.457  4.115  36.927 0.3750000000
120403  -46.207  5.079  39.681 0.3750000000
120423  -48.929  4.526  37.857 0.3750000000
120424  -47.677  4.978  38.715 0.3750000000
120426  -35.852  -3.073  43.083 0.6250000000
120684  -35.774  -3.268  40.588 0.5000000000
120717  -48.026  1.455  26.475 0.2500000000
121123  -39.071  9.884  45.016 0.1250000000
121136  -33.876  1.169  45.367 0.3750000000
121601  -32.464  -2.746  47.542 0.2500000000
121646  -43.682  -3.213  23.775 0.3750000000
121904  -31.698  -13.689  48.378 0.1250000000
122091  -34.398  -8.819  30.798 0.1250000000
122147  -36.945  -3.789  28.959 0.5000000000
122441  -6.112  -22.078  54.258 1.0000000000
122776  -35.226  -7.167  29.865 0.1250000000
122997  -47.441  8.829  26.684 0.1250000000
123415  -38.543  11.746  45.036 0.1250000000
123591  -42.750  2.169  41.032 0.5000000000
124354  -42.055  2.875  40.933 0.3750000000
124574  -42.049  10.220  43.088 0.1250000000
125161  -32.107  -3.125  47.808 0.2500000000
125225  -40.881  3.793  41.828 0.3750000000
125255  -31.141  -7.003  44.970 0.1250000000
125391  -41.184  4.631  41.772 0.3750000000
125398  -44.355  2.824  39.823 0.3750000000
125412  -29.095  -10.690  47.968 0.7500000000
125433  -19.138  -15.137  44.785 0.2500000000
125536  -42.710  -4.732  22.508 0.1250000000
125809  -5.563  -11.995  49.812 0.5000000000
125818  -41.408  4.844  42.562 0.3750000000
126131  -36.214  8.942  46.637 0.1250000000
126197  -40.765  7.752  43.889 0.2500000000
126256  -43.897  3.387  39.676 0.3750000000
126401  -44.058  5.132  40.228 0.3750000000
127081  -24.673  -21.294  42.296 0.1250000000
127156  -41.066  9.229  43.472 0.2500000000
127194  -42.802  -0.113  32.081 0.3750000000
127785  -35.318  12.012  46.848 0.1250000000
128054  -26.308  -19.504  48.586 0.1250000000
128089  -37.134  -0.028  43.215 0.1250000000
128258  -27.212  -18.847  50.238 0.1250000000
128272  -13.610  -18.973  44.973 0.3750000000
