global_signal	global_signal_derivative1	global_signal_power2	global_signal_derivative1_power2	csf	csf_derivative1	csf_power2	csf_derivative1_power2	white_matter	white_matter_derivative1	white_matter_derivative1_power2	white_matter_power2	csf_wm	tcompcor	std_dvars	dvars	framewise_displacement	rmsd	t_comp_cor_00	t_comp_cor_01	t_comp_cor_02	t_comp_cor_03	t_comp_cor_04	c_comp_cor_00	c_comp_cor_01	c_comp_cor_02	c_comp_cor_03	c_comp_cor_04	c_comp_cor_05	c_comp_cor_06	c_comp_cor_07	w_comp_cor_00	w_comp_cor_01	w_comp_cor_02	w_comp_cor_03	w_comp_cor_04	w_comp_cor_05	w_comp_cor_06	w_comp_cor_07	w_comp_cor_08	w_comp_cor_09	w_comp_cor_10	w_comp_cor_11	w_comp_cor_12	w_comp_cor_13	w_comp_cor_14	w_comp_cor_15	w_comp_cor_16	w_comp_cor_17	w_comp_cor_18	w_comp_cor_19	w_comp_cor_20	w_comp_cor_21	w_comp_cor_22	w_comp_cor_23	w_comp_cor_24	w_comp_cor_25	w_comp_cor_26	w_comp_cor_27	w_comp_cor_28	w_comp_cor_29	w_comp_cor_30	w_comp_cor_31	w_comp_cor_32	w_comp_cor_33	w_comp_cor_34	w_comp_cor_35	w_comp_cor_36	w_comp_cor_37	w_comp_cor_38	w_comp_cor_39	w_comp_cor_40	w_comp_cor_41	w_comp_cor_42	w_comp_cor_43	w_comp_cor_44	w_comp_cor_45	w_comp_cor_46	a_comp_cor_00	a_comp_cor_01	a_comp_cor_02	a_comp_cor_03	a_comp_cor_04	a_comp_cor_05	a_comp_cor_06	a_comp_cor_07	a_comp_cor_08	a_comp_cor_09	a_comp_cor_10	a_comp_cor_11	a_comp_cor_12	a_comp_cor_13	a_comp_cor_14	a_comp_cor_15	a_comp_cor_16	a_comp_cor_17	a_comp_cor_18	a_comp_cor_19	a_comp_cor_20	a_comp_cor_21	a_comp_cor_22	a_comp_cor_23	a_comp_cor_24	a_comp_cor_25	a_comp_cor_26	a_comp_cor_27	a_comp_cor_28	a_comp_cor_29	a_comp_cor_30	a_comp_cor_31	a_comp_cor_32	a_comp_cor_33	a_comp_cor_34	a_comp_cor_35	a_comp_cor_36	a_comp_cor_37	a_comp_cor_38	a_comp_cor_39	edge_comp_00	edge_comp_01	edge_comp_02	edge_comp_03	edge_comp_04	edge_comp_05	edge_comp_06	edge_comp_07	edge_comp_08	edge_comp_09	edge_comp_10	edge_comp_11	edge_comp_12	edge_comp_13	edge_comp_14	edge_comp_15	edge_comp_16	edge_comp_17	edge_comp_18	edge_comp_19	edge_comp_20	edge_comp_21	edge_comp_22	edge_comp_23	cosine00	cosine01	cosine02	cosine03	cosine04	trans_x	trans_x_derivative1	trans_x_derivative1_power2	trans_x_power2	trans_y	trans_y_derivative1	trans_y_derivative1_power2	trans_y_power2	trans_z	trans_z_derivative1	trans_z_derivative1_power2	trans_z_power2	rot_x	rot_x_derivative1	rot_x_power2	rot_x_derivative1_power2	rot_y	rot_y_derivative1	rot_y_power2	rot_y_derivative1_power2	rot_z	rot_z_derivative1	rot_z_power2	rot_z_derivative1_power2	motion_outlier00	motion_outlier01	motion_outlier02	motion_outlier03	motion_outlier04	motion_outlier05	motion_outlier06	motion_outlier07	motion_outlier08	motion_outlier09	motion_outlier10	motion_outlier11	motion_outlier12	motion_outlier13	motion_outlier14	motion_outlier15	motion_outlier16	motion_outlier17	motion_outlier18	motion_outlier19	motion_outlier20	motion_outlier21	motion_outlier22	motion_outlier23	motion_outlier24	motion_outlier25	motion_outlier26
1019.215107450215	n/a	1038799.4352547532	n/a	1675.1717488827912	n/a	2806200.388255029	n/a	922.037318530492	n/a	n/a	850152.8167629	1016.2568935338836	1127.0091654985897	n/a	n/a	n/a	n/a	-0.0894677925	0.0289860168	0.0846992429	-0.0465792629	0.0212568193	-0.0063382816	0.0052839247	-0.1273752234	0.0574404859	-0.0180308566	0.0299231143	-0.0071581405	0.0540957187	-0.0955810635	0.0373205602	-0.0282830394	0.059823521	-0.1438571716	-0.0315767189	0.0182528335	-0.0458190659	0.0224471641	-0.0574667769	0.0356719735	-0.0569565421	0.025399795	-0.1393919009	0.0266001062	-0.0556604444	0.1355365722	-0.0820026526	0.00408213	-0.1661155123	0.0034475281	-0.0240608246	0.0777576097	-0.0256195819	0.1748246642	-0.075525071	0.0236978391	-0.0310868759	0.012004594	-0.0584692103	0.037296546	-0.0108650446	0.1652591794	0.0272131014	-0.0482152126	-0.0638185523	0.2059887674	-0.0389995889	-0.1041766331	0.1700081276	0.1017717205	-0.1481991207	-0.1688666275	0.0293059818	0.0800359494	-0.0245216267	-0.0325008725	-0.0886347188	0.0138688743	-0.0666950757	0.0475192576	-0.004804026	0.001278687	-0.115188719	0.0971391525	-0.0362508481	0.0112358984	-0.0206818322	0.0240755744	-0.0534042577	0.0613651033	-0.0487769326	0.0942509921	-0.0460831031	0.0200192078	-0.1411376573	0.0272776226	-0.1278294695	0.0164584698	-0.0443352445	0.1549324767	-0.0489497111	0.0110364921	-0.0135430678	0.0162064646	-0.1200767315	0.1874981951	-0.0560358953	0.0474678662	-0.1591106293	0.1214742946	-0.0342611001	0.1121077659	0.0640995384	-0.0401553771	0.0518996532	0.0999029708	-0.0904624695	-3.47033e-05	0.0569261631	-0.0814933475	0.0102362737	-0.0667346159	0.1273058567	-0.0382472444	0.0612624608	-0.0651294945	0.0449874511	-0.0190828443	0.0045029803	-0.1797321884	0.0705681053	-0.0031685275	0.079730137	-0.0516547612	0.0335645332	-0.0382259522	0.0418631408	0.0327799396	-0.081125448	0.074734921	0.1111058879	0.1110902189	0.1110641056	0.1110275503	0.1109805565	4.4137999353210944e-05	n/a	n/a	1.9481629869040502e-09	0.0172895331315601	n/a	n/a	0.0002989279559073	0.0525680415559008	n/a	n/a	0.0027633989930229	-0.0006681488549103	n/a	4.4642289231794526e-07	n/a	-0.0003732348224261	n/a	1.393042326714424e-07	n/a	-0.0007946253638389	n/a	6.314294688561041e-07	n/a	0.0	0.0	0.0	0.0	0.0	0.0	0.0	0.0	0.0	0.0	0.0	0.0	0.0	0.0	0.0	0.0	0.0	0.0	0.0	0.0	0.0	0.0	0.0	0.0	0.0	0.0	0.0
1019.3441716062875	0.1290641560725589	1039062.5401877086	0.0166575563827218	1684.7610813306726	9.58933244788136	2838419.9011664973	91.95529679599034	922.4478901506036	0.4105716201115683	0.168569055241038	850910.1100433001	1016.7237317384036	1135.5126181427113	1.399944	32.627289	0.1087348103439373	0.0591037758020801	-0.0808941572	-0.0045473425	-0.027976196	-0.0324621548	0.0722139846	-0.124398159	-0.1025289728	-0.0545425933	0.0449472704	0.0285423173	0.0625223017	0.0307836369	0.0887975615	-0.0866199044	0.0319660642	-0.0859168735	0.0439217106	-0.1404134519	0.0431879435	-0.0908756242	-0.0975269233	0.1165531521	0.0107290995	-0.0495683237	-0.0565909044	0.1308603805	0.0044183762	0.0485524404	-0.1466289928	-0.0801752086	-0.0348010905	0.1050591632	0.1071586894	-0.0131946123	-0.125832061	0.0486873135	-0.0329197659	-0.052073458	0.1250662688	0.0308547663	-0.1854206646	0.0515573114	-0.0298140477	0.0634402435	0.1017460195	0.0431237562	-0.1348918222	-0.0326241392	-0.0631919085	0.1316311372	-0.0799765014	-0.0832950769	0.038461529	0.0596311141	-0.0947809021	-0.0742893679	0.0111657702	-0.1293798975	-0.0340340312	0.0071654799	-0.0866122583	-0.0283245609	-0.1283676592	0.0611600487	0.1291674074	-0.0256115266	-0.097006925	-0.0648975398	-0.0134318933	0.0273818797	-0.0829581043	0.0463162282	-0.1139404596	-0.1916265132	-0.0048769032	-0.0115833688	0.0316572827	0.0030623916	-0.1313803716	0.1220739508	-0.0705243876	0.066702829	0.0217473247	-0.1092876414	0.1539545263	0.1130892498	0.0285361927	0.0805707468	0.0491998402	-0.121986373	-0.0469640206	0.1343632993	-0.1300587821	0.0270977711	-0.0115077799	0.1072354503	0.0004772768	0.0767207516	0.0175671751	-0.0329155116	-0.084802208	0.0002185801	-0.0905051534	-0.127151447	0.039626359	-0.0527658332	0.1125293049	-0.0387416015	0.0699044072	-0.0700507529	-0.0245376143	-0.0662628376	-0.0714011871	0.0553956561	0.0384893324	-0.0447259146	-0.0576610495	0.0641930297	0.007974772	0.0755517166	-0.0737703391	0.0059999432	-0.1848139861	0.0722365245	0.1110641056	0.1109231287	0.1106882998	0.1103598175	0.1099379598	0.0060452952177314	0.0060011572183781	3.601388795969264e-05	3.654559426952613e-05	0.0507582442491383	0.0334687111175782	0.0011201546238719	0.0025763993592551	0.0840762159452168	0.031508174389316	0.0009927650533475	0.0070688100876667	-0.0012606940570312	-0.0005925452021209	1.5893495054337866e-06	3.511098165564982e-07	-0.0005060186192595	-0.0001327837968334	2.5605484303729085e-07	1.7631536701493655e-08	-0.0007648190104199	2.9806353418999963e-05	5.849481186996751e-07	8.884187041383308e-10	0.0	0.0	0.0	0.0	0.0	0.0	0.0	0.0	0.0	0.0	0.0	0.0	0.0	0.0	0.0	0.0	0.0	0.0	0.0	0.0	0.0	0.0	0.0	0.0	0.0	0.0	0.0
1018.9486255531702	-0.3955460531173003	1038256.3015166948	0.1564566801366741	1666.9156905464504	-17.845390784222218	2778607.9193899496	318.4579722416033	922.159191603658	-0.2886985469456249	0.0833468510085151	850377.574659112	1016.5836923577252	1125.5031571944885	1.296543	30.217422	0.0955596597879314	0.0566640087749311	-0.0781692324	0.0633703038	-0.0619522981	0.0321456996	-0.084893967	0.0694555873	-0.1058906944	0.0418495883	0.0637560443	-0.0684612227	0.0719910007	0.0292988816	-0.0059417991	-0.0892961557	0.0193873804	-0.024390609	-0.0122846625	-0.0122309556	0.0084793814	-0.0439328646	-0.1770006792	0.101287014	0.0524662442	-0.1386374262	0.0368808175	0.2526832191	0.0712068126	-0.0606936599	0.0451354982	0.0434335807	0.0401425644	0.0148900621	-0.0399814571	-0.0523596207	-0.0793045669	0.0381084566	-0.025645547	-0.2923140547	0.0825268005	-0.0725543396	-0.0112077129	-0.0695795547	0.0779791076	-0.0395226342	0.1044820616	-0.0729326711	-0.0025768138	0.2312632677	-0.0886861546	-0.0606872548	0.1254134952	0.0179179703	-0.0894947541	-0.0953118888	-0.0298118037	-0.1639623999	0.1539389361	-0.0933756692	-0.0164699853	0.0637035566	-0.0902395542	-0.0147684772	0.0651585081	-0.0085643509	0.0492344165	-0.0869123084	-0.0531683377	-0.0373171614	-0.0930813454	-0.13865152	-0.095682051	-0.0021052053	-0.0874695226	-0.2111985965	0.1324715815	0.0065173568	-0.0267458969	-0.0566128513	-0.1054319391	0.152034404	0.0355685128	-0.0426948394	0.026589254	0.0233799623	-0.1526861703	0.0362073093	0.0233698914	0.0172695771	0.0460954595	-0.1923459702	-0.0033305766	0.0263514679	0.0381884091	-0.2181829826	0.0772373063	0.0907479728	0.0269503159	-0.1005704702	-0.2156157807	0.0192852014	-0.0771209688	-0.0215984613	0.0233363903	-0.0776827387	0.0080442402	0.0393533372	0.1491568987	-0.0232005763	-0.0226733065	-0.0713428853	-0.0061907437	0.025505634	-0.0051022993	0.03567905	0.0654342824	0.0565154985	-0.0012115857	-0.0082657178	0.0855698305	0.0011185885	-0.078549873	0.0723284962	0.0976015883	0.1516006851	0.1109805565	0.1105891995	0.1099379598	0.1090283678	0.1078625611	0.0219822762500569	0.0159369810323255	0.0002539873644247	0.0004832204691338	0.0424038480882984	-0.0083543961608399	6.979593521225653e-05	0.0017980863326954	0.0567820262789808	-0.027294189666236	0.0007449727895364	0.0032241985083468	-0.0004467161189534	0.0008139779380777	1.9955529093278827e-07	6.625600836773867e-07	-0.0005678304486762	-6.181182941669998e-05	3.224314184438146e-07	3.820702255839216e-09	-0.0007611269193438	3.692091076100022e-06	5.793141873497834e-07	1.3631536514217418e-11	0.0	0.0	0.0	0.0	0.0	0.0	0.0	0.0	0.0	0.0	0.0	0.0	0.0	0.0	0.0	0.0	0.0	0.0	0.0	0.0	0.0	0.0	0.0	0.0	0.0	0.0	0.0
1020.420874479791	1.4722489266207504	1041258.7610741012	2.167516901935952	1675.7694516389267	8.853761092476361	2808203.2550462293	78.38908548264821	922.4243592176392	0.265167613981248	0.0703138635045081	850866.6984780723	1016.8590405487596	1123.8470031229915	1.401251	32.657753	0.0633922229049379	0.0268105026751481	-0.0819836127	-0.0690530824	0.0233158876	-0.0070612193	0.0175974699	0.0130570029	0.0210129934	-0.0733592902	0.0041592553	-0.0377955345	-0.0029294732	-0.0220672956	0.0549481506	-0.053449381	-0.0376672102	-0.0302554522	0.036009864	-0.0786789232	-0.0596512307	0.008844106	-0.0479069088	-0.0274276886	0.0547040419	0.0294204375	0.0712663131	0.0739474254	-0.0925723309	-0.0360927871	0.0100161969	-0.177090417	-0.0184272372	0.0124743702	0.1382064355	0.0945782223	-0.164611382	-0.0363055143	0.061256783	-0.0874406596	-0.0249435625	-5.80806e-05	0.2291289496	-0.0467713859	-0.1382493693	0.1021941829	-0.1330418732	-0.0803306264	0.1172503302	-0.1456782272	0.1324455147	-0.1721226247	-0.0852107267	-0.1448373626	-0.0238239492	0.1038931902	-0.0139522063	0.0012912963	-0.1135700439	0.1898734772	-0.1329971089	0.113570282	-0.0535413626	-0.0249993523	-0.0223409225	-0.0016755792	-0.0089071773	0.0551143489	-0.0617691213	0.109037944	-0.039271247	-0.0039872465	-0.1019949636	-0.0156495274	0.0115302358	0.0374152965	-0.0098388935	0.0345906191	0.0477799468	0.0228486999	0.0025063034	0.0465390235	-0.0277316203	0.083944127	-0.0168299728	-0.2738257315	0.0216103592	0.0285237361	0.049323735	-0.0090748604	-0.0078641627	-0.1281506841	-0.1168576067	-0.0356121899	0.1936708658	0.0567309857	-0.0591231905	-0.2382611822	-0.1279499475	-0.0433764695	0.0733856112	0.0305210308	-0.0756417684	-0.0243547717	-0.0047479672	-0.0747651872	-0.0225247395	-0.1111436897	0.067519639	-0.0110273376	0.0787973236	-0.0356772943	-0.040453636	0.0183521158	-0.031340986	0.007741218	0.0231366417	-0.0781811284	0.0428266961	-0.0455794077	-0.1973356871	-0.0079018756	-0.0923611285	-0.0366933014	-0.1359183783	-0.0879676322	0.1108552722	0.1100889337	0.1088156246	0.1070412087	0.1047738574	0.0176808525495175	-0.0043014237005393	1.850224585156206e-05	0.0003126125468777	0.0577575850559242	0.0153537369676258	0.000235737238871	0.0033359386314923	0.0417369281770731	-0.0150450981019077	0.000226354976896	0.0017419711736581	-0.000696686453411	-0.0002499703344576	4.853720143663975e-07	6.24851681088444e-08	-0.0006788091005034	-0.0001109786518272	4.6078179492623516e-07	1.2316261161382893e-08	-0.0005482366229313	0.0002128902964125	3.005633947231164e-07	4.5322278306602114e-08	0.0	0.0	0.0	0.0	0.0	0.0	0.0	0.0	0.0	0.0	0.0	0.0	0.0	0.0	0.0	0.0	0.0	0.0	0.0	0.0	0.0	0.0	0.0	0.0	0.0	0.0	0.0
1021.0130193431604	0.5921448633694126	1042467.5856682368	0.3506355392147803	1682.4289457901664	6.659494151239642	2830567.1576326108	44.348862350395	923.4514678063174	1.0271085886781748	1.054952052936472	852762.613393642	1018.0128718371856	1126.155986505784	1.425355	33.219536	0.0978935111929408	0.0516830094385285	-0.0586087753	0.0374990577	-0.0742712472	-0.0060153117	-0.06773	-0.0743726769	-0.1207725005	0.0846394949	0.0705323024	-0.0869758918	-0.0124042759	-0.0130071666	0.0063787276	-0.0600688829	0.0518285864	-0.0104413648	0.0656108585	-0.0219467924	0.0310940909	0.0231432475	-0.0997094643	0.0718440965	-0.1138087995	-0.1317041378	0.0462239105	-0.0057590094	0.161957551	0.0415273415	0.0259179734	-0.0100428226	-0.1474391952	-0.1527217378	-0.0595603157	-0.1398173519	-0.1229114809	-0.1048235013	0.0656981539	0.0893724247	0.0836097743	-0.0411436074	-0.1664539129	0.0555995788	0.1001339973	-0.0487640311	-0.044252382	-0.0585778125	-0.1914447541	-0.0957345179	0.1998425957	0.0267400884	-0.0171491843	0.0994601984	-0.0289744024	0.0534283759	-0.06821689	0.0131604751	0.0488571513	0.0173626546	0.0406790531	-0.0281343337	-0.0620251021	-0.0077416118	-0.0583181015	0.0203731777	0.1032030616	-0.1659402826	-0.0540135208	-0.0757642067	0.0030131531	-0.0533476093	-0.026834433	-0.0788865042	-0.0389065725	-0.093979416	0.1386236368	-0.1026679457	-0.07454433	0.1959405953	0.0088130355	0.0027185332	-0.1472591166	0.0731028874	0.1028637526	0.0148201683	-0.0071690704	-0.0987221425	0.1746139666	-0.0742062906	0.1055435065	0.0606320814	0.1373415699	-0.0011046858	-0.0149518259	-0.0704822762	0.1307336867	-0.0406994724	-0.0102532849	0.1133743721	-0.0249975501	-0.0365462494	-0.06598001	-0.0137489944	-0.0600002136	-0.0799211918	0.0436231889	0.0344282829	0.1125367089	0.0047407944	-0.0139397188	-0.041787863	0.0406267167	-0.016008463	-0.0314348191	0.0238483354	0.0037673613	-0.0038554537	-0.0348050262	0.1018717814	0.0074502524	0.1806881773	-0.0358068631	0.1029671555	-0.0055181251	0.167833523	0.1106882998	0.1094230837	0.1073250918	0.1044102912	0.1007008652	0.006081587668504	-0.0115992648810135	0.0001345429457799	3.698570856969992e-05	0.0176798462486118	-0.0400777388073124	0.0016062251479071	0.0003125769633745	0.0670871979645681	0.0253502697874949	0.0006426361782987	0.0045006921307371	-0.0009432088698585	-0.0002465224164474	8.896429721797487e-07	6.07733018111146e-08	-0.0008142587688222	-0.0001354496683187	6.63017342603845e-07	1.8346612647672928e-08	-0.0005128839533552	3.5352669576099965e-05	2.63049949609259e-07	1.249811246156904e-09	0.0	0.0	0.0	0.0	0.0	0.0	0.0	0.0	0.0	0.0	0.0	0.0	0.0	0.0	0.0	0.0	0.0	0.0	0.0	0.0	0.0	0.0	0.0	0.0	0.0	0.0	0.0
1021.2648120638032	0.2517927206428112	1042981.8163597152	0.0633995741687087	1665.2866909192956	-17.14225487087083	2773179.7629529373	293.8569020578947	923.2588218138555	-0.1926459924618484	0.0371124784116105	852406.8520571087	1017.4414668874334	1117.933965292613	1.414657	32.970203	0.1212525401730212	0.0623988544707636	-0.0740444184	-0.030893906	0.070346127	0.0067349117	0.0035793087	0.073137048	0.0090844623	-0.1151960789	-0.0124844037	-0.0430442928	0.0128850972	-0.0465881103	-0.0103381902	-0.0473866363	0.0563813744	0.0727643754	0.0293203328	-0.024101804	-0.0845413086	0.0784779353	0.0170127907	-0.0661981926	0.1271590695	-0.0996002054	-0.0201432434	0.077856044	-0.0202797022	0.0113087063	0.1446436263	-0.010496492	-0.0817899644	-0.1983379013	-0.0304232182	0.0775684859	-0.0764180342	-0.0112387851	0.161567369	-0.0104447898	0.04358895	-5.6938e-05	0.1246233763	0.0786813353	-0.0760874791	-0.2135077891	-0.0290712521	0.0850836433	-0.0796858794	0.032064274	-0.1177342967	-0.0963827228	-0.0786104411	0.0679799344	-0.0127846343	-0.0501255757	0.0241323893	-0.0655594669	-0.1234217217	-0.0854531942	0.0766274991	-0.110374269	-0.0509794733	0.0432844211	0.0078406294	0.0437175335	-0.1040888367	0.0552641592	0.015785685	0.0788820363	-0.0396069763	-0.1745840034	0.0169630833	-0.0405565329	-0.0011651907	0.0952241738	0.020438445	0.0990210643	-0.058098883	0.1594905722	-0.0623346089	-0.0356864421	-0.025198813	0.1319641307	-0.0974226436	-0.0213288533	-0.1875966963	0.0658389463	-0.0017874583	-0.1974917563	0.0828663164	-0.0485870287	-0.0520958869	0.1109503775	-0.0580469041	-0.0087818623	-0.0106732058	-0.0710774088	0.10759534	-0.0125153107	-0.0233080541	-0.17286615	-0.0534578971	-0.0278668698	0.0585953163	-0.0261975863	-0.0200881933	-0.0009490503	0.0902260737	-0.0391692166	0.0433545118	-0.0477184598	-0.0196722419	0.0116875537	0.0917122224	-0.0711536496	0.021776927	-0.000250474	0.0164645097	0.0192798439	-0.0448291562	-0.0032884364	-0.0227487509	-0.0751521618	0.0936458337	-0.1240983615	0.110479702	0.1085926509	0.1054714048	0.1011514379	0.095681848	0.0024754095965278	-0.0036061780719762	1.3004520286801983e-05	6.127652670581925e-06	0.0422230108428181	0.0245431645942062	0.0006023669282983	0.0017827826446327	0.0237163918710194	-0.0433708060935486	0.0018810268212042	0.0005624672433797	-0.0004287263671812	0.0005144825026773	1.838062979163891e-07	2.64692245561098e-07	-0.0005888357956362	0.0002254229731859	3.467275942225168e-07	5.081551684001606e-08	-0.0007676263057577	-0.0002547423524024	5.892501452912139e-07	6.489366610755946e-08	0.0	0.0	0.0	0.0	0.0	0.0	0.0	0.0	0.0	0.0	0.0	0.0	0.0	0.0	0.0	0.0	0.0	0.0	0.0	0.0	0.0	0.0	0.0	0.0	0.0	0.0	0.0
1020.955994365178	-0.308817698625262	1042351.1424301892	0.0953683709842031	1676.674762493631	11.388071574335529	2811238.2591830743	129.68817418218885	921.5150665315344	-1.7437552823211036	3.040682484622752	849190.0178446183	1018.1862985405407	1141.2984698838438	1.375311	32.053192	0.1024997525530922	0.0465313276697961	-0.0434592827	0.0068333715	-0.0793871061	-0.038478384	0.0096549542	-0.0718801907	0.0201130439	0.0464214736	-0.0219783854	-0.0024972254	0.0676693368	-0.0734378272	0.021351886	-0.0550606334	-0.0235925855	-0.0531712354	-0.0055647089	-0.0460845041	0.0733192872	-0.0225852098	-0.0404147592	-0.0793053677	0.0140568464	0.0586238257	0.0145919183	0.0139020606	0.0025476749	0.0022344658	-0.1249128437	0.0674912732	-0.1510832999	0.1979563854	0.020861715	-0.1103520027	0.0107728284	-0.0225504619	0.0736789059	-0.0682941369	-0.1296633566	0.0306033382	0.1397039375	0.0548054596	-0.1015789363	0.0996790555	-0.0015600001	-0.1405644553	0.2199186406	-0.150909586	0.0111330913	-0.032869281	-0.0879238529	0.3051001193	-0.1090963453	-0.0181024195	0.0061217443	0.0006649328	0.0977585158	-0.0318149747	0.0024486794	0.0262282176	-0.0479319597	0.0332183539	-0.0053650063	-0.1101969773	0.0907501007	0.001469464	-0.0030081682	0.0728235633	-0.0019211418	0.0571311495	-0.0391936802	-0.0151906639	0.0442160246	0.0387127255	-0.0269518467	0.1282730399	0.090383217	-0.039861729	0.0661236912	0.1106611306	-0.1193878966	-0.1807828916	0.0018824949	-0.0460173968	0.0143999835	0.1239565612	0.0626079766	0.058808457	0.0450424837	0.1487173966	-0.0351679097	-0.0970569228	0.2414222384	0.013646916	0.1567685807	0.0500298513	-0.0923582742	-0.1078184371	0.1957377899	-0.2125743158	-0.0488122212	-0.0158065181	0.0026263689	0.0234361018	-1.55558e-05	-0.0361160648	-0.0169573548	-0.0049827378	-0.0208623369	-0.0154650165	0.0548867121	-0.0115506688	-0.0106248714	-0.0669073392	0.0449838943	-0.0018249512	-0.0291896679	0.0683395409	0.0506335252	0.0791781724	-0.0358880557	0.072043654	0.0298288529	-0.05542222	0.1102295573	0.1075988845	0.103260836	0.0972842479	0.0897639565	0.0061606051865936	0.0036851955900658	1.3580666537040424e-05	3.795305626508397e-05	0.027062671361989	-0.015160339480829	0.0002298358931739	0.000732388181247	-0.0065496816597629	-0.0302660735307822	0.0009160352069707	4.2898329844234494e-05	-0.0010601368111693	-0.0006314104439881	1.1238900583962122e-06	3.986791487772497e-07	-0.0002990157169848	0.0002898200786514	8.941039900393401e-08	8.399567798950373e-08	-0.0009141586621465	-0.0001465323563888	8.356860595774788e-07	2.147173146885432e-08	0.0	0.0	0.0	0.0	0.0	0.0	0.0	0.0	0.0	0.0	0.0	0.0	0.0	0.0	0.0	0.0	0.0	0.0	0.0	0.0	0.0	0.0	0.0	0.0	0.0	0.0	0.0
1021.0441697574456	0.088175392267658	1042531.1965956716	0.0077748998015553	1671.991328231148	-4.683434262483161	2795555.001680158	21.934556491001185	922.1638960916158	0.6488295600813672	0.4209797980353804	850386.2512548685	1016.6739434707374	1123.5526063139282	1.290024	30.065491	0.0834573605551266	0.0493868163909583	-0.0285688165	0.0438007601	0.0693344738	0.0147813582	-0.0126762	0.0148480217	-0.0543774615	-0.0643033097	0.026279788	-0.0070204014	0.0169307104	0.0412719004	-0.0502030475	-0.038933792	0.0239957813	0.0176817784	-0.0296259362	0.0253035724	-0.0520629419	0.0541460346	-0.0585997354	-0.0578664903	-0.0421354479	-0.0201458459	0.022124796	0.0144295992	-0.0297302777	-0.0390571533	0.0459017355	-0.0334852198	-0.0514448728	0.0452839616	-0.0481858598	0.0276035485	0.0999574286	-0.0354513853	-0.0574818907	0.070980884	-0.0824576314	-0.0399040159	0.0481702681	-0.013668276	0.0321120007	-0.1281032138	0.1036429568	-0.0834620449	0.0967993308	0.1620510722	-0.1767161312	0.1143906718	0.0891004913	-0.1819298218	-0.1495255053	-0.0090355584	0.15023228	0.0730093067	0.0107402831	-0.0516658439	0.1317675947	-0.125597041	-0.0388145459	0.0224384939	0.002774201	0.016813589	-0.0592493712	-0.0133748053	-0.0663981143	0.006655657	-0.0575371795	0.0374812108	0.0205951983	-0.0388268835	0.0763131436	0.0489839992	0.0400062254	0.0568177854	-0.0631565036	-0.0184359687	0.070809556	0.0424109607	0.0497606872	0.0027853008	-0.0202355388	-0.0038729593	-0.1337624987	0.0498363621	-0.1006915562	0.0077090788	0.0035440425	0.1066311041	0.0845418132	0.0283120892	-0.011213012	0.0234935194	-0.0459404406	0.0226642089	0.1082689521	0.0101362602	-0.0658849301	0.0631776746	-0.0340539146	-0.0171424521	-0.0140641202	-0.0174479295	0.0184493241	0.0439098635	0.0329743184	-0.0647444206	0.0122833388	-0.0113770382	-0.0818284927	-0.0301835164	0.0215368524	-0.0202211603	-0.0146867015	0.068688506	0.0464470991	0.0031541706	0.0080946049	-0.0796878623	-0.0563289742	-0.0218357599	0.1335466902	-0.0877703452	0.1099379598	0.1064432791	0.1007008652	0.092831979	0.0830027857	0.0076069159306797	0.001446310744086	2.0918147684588863e-06	5.78651699764286e-05	0.0699180094164972	0.0428553380545081	0.0018365799997661	0.0048885280407653	0.0168801774355245	0.0234298590952874	0.000548958297225	0.0002849403902547	-0.0009481729980452	0.0001119638131241	8.990320342220229e-07	1.2535895449288394e-08	-0.0004156077242432	-0.0001165920072583	1.7272978045061177e-07	1.3593696156542796e-08	-0.0008281974293041	8.596123284240005e-05	6.859109819059197e-07	7.389333551785317e-09	0.0	0.0	0.0	0.0	0.0	0.0	0.0	0.0	0.0	0.0	0.0	0.0	0.0	0.0	0.0	0.0	0.0	0.0	0.0	0.0	0.0	0.0	0.0	0.0	0.0	0.0	0.0
1019.669634692416	-1.3745350650295904	1039726.1639137652	1.8893466449959004	1677.0588455200195	5.067517288871613	2812526.3713369407	25.679731473012705	922.2016372359258	0.0377411443099617	0.0014243939738253	850455.8597206221	1017.2959358632176	1138.9677482229497	1.238126	28.855932	0.2104739193644155	0.1681622533255824	-0.0251965069	0.0034712401	-0.0109670498	0.0101592451	0.0745692055	-0.0623127941	0.0306596458	0.0008086826	-0.0501251171	0.0519663421	0.0389417451	0.0044860255	-0.0173905905	-0.0048554608	-0.0620484671	-0.0469886584	-0.00470747	-0.0055756528	0.0371318507	-0.0548427507	0.0722659673	0.0455828613	-0.0648495289	0.065408136	-0.175755747	-0.0422937254	0.1249205957	-0.1696913894	0.1002721585	0.0637550617	0.0133592143	0.0348145523	0.0301447412	-0.0995083714	0.1037540175	0.0911903674	-0.01097921	-0.0298255416	0.0590937415	0.1976525467	0.0272564282	0.1235304813	-0.1838652563	-0.090706767	-0.1513540876	-0.0279089737	-0.0110741117	-0.0746905556	-0.1351085224	-0.0382367396	-0.079835073	-0.0088261816	0.1063427419	-0.051758041	-0.0388736283	0.1482003578	0.0382439776	-0.044303489	0.1629641667	0.0660723919	-0.0067327408	-0.0287926015	-0.0156170972	-0.0390076782	0.0550249772	0.078284264	0.0514247057	0.060686131	0.0189598449	0.0684675852	-0.0615904869	0.0025391603	-0.014794883	-0.1229530789	-0.0767073817	-0.0350786199	-0.0672330178	-0.0261523841	0.0170578593	-0.1372013496	0.1091984747	-0.1954286051	0.0917170026	0.0370170921	0.0144336809	-0.0438553044	-0.0269341728	-0.0136159245	0.0938178975	0.1506563277	-0.2406388457	-0.0595992537	-0.111675276	0.132292955	0.0154009756	-0.0926404811	0.0510853218	-0.0109184712	0.0643335268	-0.1877960598	-0.0318854248	-0.0044634147	0.034107731	0.023557861	-0.0048642334	0.0098623907	-0.0136519418	0.0443045706	0.0201642528	0.0033216608	0.0785898171	-0.0079779734	0.0348569747	0.0242034683	0.0453795303	0.0889459767	0.0681638981	-0.069922607	0.2023483142	0.0233653129	0.0133498159	0.0988685298	-0.0016457362	0.1208698784	0.1096050192	0.105127573	0.0978001546	0.0878214077	0.0754618528	0.0076173019135836	1.038598290390054e-05	1.0786864088011428e-10	5.802328844268438e-05	-0.096951847594795	-0.1668698570112922	0.0278455491789691	0.0093996607520443	0.0018351538739551	-0.0150450235615694	0.0002263527339681	3.3677897410924114e-06	-0.0013156219171035	-0.0003674489190583	1.7308610287630887e-06	1.350187081171131e-07	-0.0003530482957452	6.2559428498e-05	1.246430991285902e-07	3.913682093996375e-09	-0.0006872327206874	0.0001409647086166	4.72288812383406e-07	1.9871049075391132e-08	0.0	0.0	0.0	0.0	0.0	0.0	0.0	0.0	0.0	0.0	0.0	0.0	0.0	0.0	0.0	0.0	0.0	0.0	0.0	0.0	0.0	0.0	0.0	0.0	0.0	0.0	0.0
1021.810934910642	2.141300218225979	1044097.5867029604	4.585166624574624	1663.9947300786555	-13.064115441364038	2768878.4617295377	170.6711122652863	923.3008934209822	1.099256185056447	1.2083641603848538	852484.539791984	1018.0789758239594	1128.490504716115	1.196987	27.897142	0.1926884291845023	0.1444882504954229	-0.0065533455	0.0546022156	0.0425940176	0.0264795691	-0.0485393101	0.1060153627	0.0085589582	-0.009754774	0.0270505735	-0.0349971245	-0.0145543146	-0.0012202574	-0.0218835289	-0.0019147461	-0.0078850526	0.0085575774	0.0549008373	-0.0096945871	-0.0280081529	0.0343184791	-0.028950892	0.0269296387	0.0486145991	0.0884881092	0.1445848011	-0.0517179783	-0.0106321103	0.0277715458	0.1152200691	0.1119517868	0.0036894027	-0.0965614823	-0.085723136	0.0708927223	-0.0789068735	0.0950147395	-0.0977973143	0.0569691692	-0.1210886786	0.0168367548	-0.0023181713	0.0529056465	0.1368874883	0.1050700758	-0.2110017559	0.1077029991	0.1516073272	0.0528688021	-0.1504146274	0.0475236708	0.0549237351	0.0323317561	0.0324334162	0.0390554217	0.0246167522	0.1331680896	0.0621940817	0.1125193791	-0.0133772992	-0.0589497005	-0.0002438814	0.0186295863	0.0629541005	-0.0204435194	-0.0646495827	0.017546633	-0.0602175545	0.1021319848	0.0425876705	-0.0183782945	-0.0617588188	-0.0832541447	0.0034567164	0.1465145599	0.0466043496	0.0688756502	-0.0277710598	-0.0608387397	0.0977634604	0.0029043805	-0.0329798753	-0.0157745357	-0.051946942	0.0333397619	-0.0509340662	-0.0650046279	-0.0560711318	-0.1224311534	-0.1186724506	0.0886998979	-0.074670723	-0.0493456263	-0.0045947892	0.0266971239	0.0451505904	0.0867873475	0.0102926437	0.1138176786	-0.1877989523	0.1257955502	-0.0085213684	-0.0119138476	0.0036689555	-0.0018393865	-0.0153242898	-0.0129894419	0.0043866655	-0.0581562843	0.0242925798	-0.0216795045	-0.0625332607	0.0209912473	0.0021827759	-0.0525279201	0.0234902814	0.0231585248	-0.0489759014	-0.0149576353	-0.0027393399	-0.0648674139	-0.0436996105	0.0014948529	0.1145857138	-0.1807692268	0.1092308605	0.103653745	0.0945685192	0.0822826681	0.0672120005	0.0066758000223643	-0.0009415018912193	8.864258111695197e-07	4.456630593859918e-05	0.0431926181954338	0.1401444657902288	0.0196404712916286	0.0018656022665765	0.0145210309322294	0.0126858770582743	0.0001609314767376	0.0002108603393347	-0.0006336359337803	0.0006819859833232	4.014944965776328e-07	4.651048814493122e-07	-0.0004157930748232	-6.274477907800002e-05	1.728838810709312e-07	3.9369073015470306e-09	-0.000653631794193	3.360092649440003e-05	4.272345223799603e-07	1.129022261282074e-09	0.0	0.0	0.0	0.0	0.0	0.0	0.0	0.0	0.0	0.0	0.0	0.0	0.0	0.0	0.0	0.0	0.0	0.0	0.0	0.0	0.0	0.0	0.0	0.0	0.0	0.0	0.0
1017.884694786508	-3.926240124133983	1036089.2518806226	15.415361512359636	1677.5013214111327	13.506591332477228	2814010.6833360964	182.428009422549	922.1209126653766	-1.179980755605584	1.3923545835995248	850306.9775748271	1016.6793980618048	1129.4811175928628	1.199434	27.954178	0.1253413992775238	0.0703636390370625	-0.0079467425	-0.0221226887	0.0096227718	0.063306094	0.0793368105	-0.0706930182	-0.0045985261	-0.036148833	-0.019657341	0.0432142961	0.0108211499	0.0429865742	-0.030051688	0.0023172738	0.0068428733	-0.0211826696	-0.0113441792	-0.0545038614	0.0092976366	-0.0470680607	-0.0067457526	0.108876716	-0.0211158773	0.1432374977	0.0548274608	0.0826177851	0.0521197974	0.0245795519	0.0853223432	-0.1309623039	0.0881934801	-0.089022298	0.014603041	0.0040040661	-0.0472654898	0.2412175435	0.0449736476	-0.0204345073	-0.0348245057	-0.161855036	-0.0241140431	-0.1480370996	-0.0099588218	-0.0610004511	0.1680800598	0.0826985769	-0.038998278	-0.0088112493	0.0630314611	0.1036281957	-0.0860267309	0.0533171854	0.0821897062	-0.1896881641	0.1383267568	0.1507340704	-0.1174565258	0.0632491768	-0.0507828893	-0.0384045051	0.0020617045	0.0013598397	-0.0497776765	0.002638256	0.0232587296	0.0671986482	0.0183068544	0.0082264789	0.0069960557	0.0351619476	-0.0386256738	0.0610042464	-0.0678575535	-0.1190559412	0.1213131761	-0.0467312753	-0.02982783	-0.1429884258	-0.0504699211	-0.1045805934	-0.0157766787	0.0860897123	0.0808546507	-0.0533695676	0.0184619144	0.0866215676	-0.0817402668	-0.0421703358	-0.140083439	0.01769666	0.006191603	0.0916203348	-0.0588926757	-0.1927240134	-0.1435924093	0.0397663681	-0.060059199	0.1457388893	0.1730998582	0.043081925	-0.0040623008	0.006458773	0.0098819787	-0.0330795562	-0.0124960368	-0.0297925007	-0.0114601122	-0.0244137998	0.0228931581	-0.0273137663	-0.0374351758	0.0237747907	-0.0294527793	0.0278762388	0.0373444298	-0.0355263843	0.1114323474	-0.1134800637	-0.0515552565	-0.1092688063	-0.1288110623	0.0068136231	-0.0643050456	-0.1123104146	0.1088156246	0.1020240119	0.0910168938	0.0762490709	0.0583307311	0.0001223420158282	-0.0065534580065361	4.294781184343211e-05	1.4967568836907542e-08	0.094153833124551	0.0509612149291172	0.0025970454270516	0.0088649442920457	0.0317639255248849	0.0172428945926554	0.0002973174139334	0.0010089469647504	-0.0014290662517218	-0.0007954303179415	2.042230351810195e-06	6.327093907005158e-07	-0.0002020344574253	0.0002137586173979	4.0817921987135366e-08	4.56927465118618e-08	-0.0006511440945481	2.4876996448999766e-06	4.23988631864865e-07	6.1886495232354695e-12	0.0	0.0	0.0	0.0	0.0	0.0	0.0	0.0	0.0	0.0	0.0	0.0	0.0	0.0	0.0	0.0	0.0	0.0	0.0	0.0	0.0	0.0	0.0	0.0	0.0	0.0	0.0
1023.271137870392	5.386443083883933	1047083.8215985668	29.01376909592105	1669.8643984587295	-7.636922952403211	2788447.1092399345	58.322592180942976	923.7348149014877	1.6139022361110165	2.6046804277241398	853286.0082610856	1020.6004927663396	1126.8540236575543	1.270994	29.621973	0.2050252167411214	0.1288491113910462	0.0350647567	0.0702539589	-0.0137925995	0.0333465418	-0.1011954671	0.1368036321	-0.013771838	0.1059289489	-0.0311531243	0.085402332	-0.0259687947	0.0229474273	0.0543268178	0.0347441414	-0.0019174284	0.0038531551	0.0909663723	0.0446772673	0.0155769933	0.0691104319	0.0076331513	-0.0552262324	-0.0772751115	0.0895013025	0.0838226935	-0.1444892049	0.0063133967	-0.0521921182	0.0751715549	0.0796528082	-0.0720267237	-0.076034661	-0.0731088513	-0.167560306	0.1224193592	-0.0155362181	-0.1987825101	0.0414885906	-0.1187821715	-0.0024798213	-0.0344573794	0.0038436006	0.0624261156	-0.0257947805	-0.0239184836	-0.013605406	-0.0473134922	-0.1031206678	0.0384377995	-0.1066096281	0.0580960751	0.0166103774	-0.0507246271	-0.0563702926	-0.0218419104	-0.0611477905	0.0357784979	-0.1383335139	-0.0148649712	0.1668932382	0.0353779876	0.0449727805	0.1468793101	-0.0384876222	-0.0523217006	0.033704097	-0.0264002958	0.0901750339	0.1548717243	-0.0507256425	-0.0304853337	-0.2199469309	0.0415456788	0.0720382221	-0.0313375835	-0.0330828102	-0.0329408723	-0.0925552802	0.189306907	0.0201468728	-0.0184267677	-0.0510646142	0.0493302147	0.1242007258	-0.0059407911	-0.1386550922	-0.0058065729	0.1103053172	0.0006370387	0.1478605945	0.0684500014	-0.1123343683	-0.0615326418	-0.0132821905	0.0430922455	-0.0734115047	-0.0044410771	-0.0959216515	0.0133801868	-0.0098022524	0.0180419497	-0.0149472628	-0.0141296509	0.0458870206	-0.026337494	-0.0002995095	-0.0593410111	0.023922711	-0.0403560725	0.0288239194	-0.0022117716	0.007816076	-0.0170344401	0.0121218873	0.0438597555	0.0632530928	-0.0447637838	-0.0293848426	0.1163334277	-0.0683696251	-0.005650019	0.0943420286	0.1144133868	-0.0952521783	0.1083594676	0.100240825	0.0871572961	0.0697569027	0.0489014791	7.227145104593546e-05	-5.0070564782264535e-05	2.5070614576149493e-09	5.223162636285046e-09	-0.0227723022991881	-0.1169261354237391	0.0136717211451305	0.0005185777520056	-0.0030158518418801	-0.034779777366765	0.0012096329136817	9.09536233217159e-06	-0.0007790064403777	0.0006500598113441	6.06851034149935e-07	4.225777583247269e-07	-3.0841437650197534e-05	0.0001711930197751	9.51194276331022e-10	2.9307050019718624e-08	-0.0004070122579506	0.0002441318365975	1.6565897812204576e-07	5.9600353640468446e-08	0.0	0.0	0.0	0.0	0.0	0.0	0.0	0.0	0.0	0.0	0.0	0.0	0.0	0.0	0.0	0.0	0.0	0.0	0.0	0.0	0.0	0.0	0.0	0.0	0.0	0.0	0.0
1021.2302277737488	-2.040910096643188	1042911.1781188227	4.165314022580106	1675.18927930749	5.324880848760586	2806259.1215067483	28.354356053497256	921.9552980194976	-1.7795168819900482	3.1666803332875832	850001.5715462207	1014.9428349499236	1139.085253447048	1.320609	30.77829	0.1803221067144494	0.1298917598395507	0.0344785662	-0.0597536206	0.0359350332	-0.010010557	0.107880516	-0.0561944888	0.0629000384	-0.0587101529	0.0305783657	-0.019759973	-0.0245436925	0.0351040112	0.0324086652	0.0390673456	0.0036117491	0.0224450436	0.0078563422	-0.0652362138	-0.0355509198	-0.0487755286	0.1137528653	0.0241873052	-0.1492309245	0.0370925892	-0.0358243785	-0.1147240672	-0.012386861	0.0186225381	0.0313415198	0.0549640182	0.0927583717	-0.1245064636	-0.0536224873	0.2185270389	-0.033919071	-0.0862257064	0.1525407835	0.2155196281	0.0769147121	-0.0859279206	-0.0277938292	-0.1202466905	-0.0388125149	0.188095559	0.0430579481	-0.0207184408	0.0793644981	0.1239168605	0.0238553957	-0.0803307963	-0.0088540726	0.045298234	0.100568795	-0.1341157611	0.0236964186	0.1347649523	0.116970913	-0.0351179476	-0.0716535572	0.0391971507	0.0385534111	0.0002933491	-0.1144326387	0.0513132465	-0.0309354723	0.0143841224	0.0030102989	0.0076645041	0.0197847432	0.0857668583	0.0283057449	0.0532798281	0.0347348433	0.06513807	-0.0187459194	-0.1310163867	0.0246544882	0.1017218953	-0.1313238263	-0.2347339675	0.0177319961	0.0872893989	-0.1230482563	0.0722744228	0.0560467066	-0.2000184288	-0.0038182981	-0.0517352638	-0.2039583053	0.0207738433	0.006723039	0.0429759481	0.1080980454	-0.0108498322	-0.0823921863	0.1707071072	-0.162502748	0.0282885213	0.0412944169	-0.0271865333	0.0313714007	0.0124443367	-0.0346464964	0.0211371039	0.0108488966	0.0021343668	-0.0695212012	-0.0544409555	0.0280960096	0.0218140609	-0.053489149	0.0412922953	-0.0894338625	0.016527706	-0.0374796078	-0.0301086637	0.0854030238	-0.0002753291	-0.077726356	-0.0988095905	-0.1184934559	-0.0666144336	-0.0031408069	-0.1695081917	0.1078625611	0.0983068664	0.0830027857	0.0628452084	0.0390128266	-1.585457907538057e-05	-8.812603012131603e-05	7.7661971849431e-09	2.5136767765749537e-10	0.091942749568787	0.114715051867975	0.0131595431250722	0.0084534691982686	0.0030656954643575	0.0060815473062376	3.698521763800581e-05	9.398488680182148e-06	-0.0019269994898687	-0.001147993049491	3.7133270339542303e-06	1.317888041679646e-06	9.892134349209767e-06	4.07335719994073e-05	9.785432198281575e-11	1.6592238878308987e-09	-0.0004069912492387	2.1008711900021883e-08	1.656418769568776e-07	4.4136597569812114e-16	0.0	0.0	0.0	0.0	0.0	0.0	0.0	0.0	0.0	0.0	0.0	0.0	0.0	0.0	0.0	0.0	0.0	0.0	0.0	0.0	0.0	0.0	0.0	0.0	0.0	0.0	0.0
1021.1767069759718	-0.0535207977769687	1042801.8668702898	0.0028644757946831	1675.6855132393216	0.4962339318315116	2807921.9392801286	0.2462481151009613	923.2080572167469	1.2527591972492471	1.5694056062925783	852313.1169099201	1018.2380207996798	1130.8591654838856	1.421065	33.119541	0.1544103558045189	0.0942617188635892	0.0562696321	0.0466060756	-0.0952687582	0.0731525075	-0.0490627975	-0.010398975	-0.0465538635	0.1026605172	0.0591071276	-0.0416059751	-0.028694393	0.0531940005	-0.0805471035	0.0464301937	-0.0041014879	0.0312864202	-0.0076330675	0.0277807126	0.0049807724	0.0491439922	-0.0581510969	-0.0329794624	0.0479836432	-0.0058303116	-0.0515662606	-0.0607775419	-0.0105628942	0.0359433261	-0.0853024784	-0.1100528678	0.2025721102	-0.0499076177	0.0105344661	-0.1181554372	0.0753415316	0.0102422023	-0.0919927449	0.0224711548	0.0437967749	0.1661159839	-0.0112424981	-0.0792582293	0.0835650053	-0.0018787904	-0.0006679441	-0.0411875667	-0.0783902126	-0.0436271762	0.0681344771	0.0636673261	-0.0158420622	-0.0308802801	-0.0553024173	0.1408148074	-0.014250786	-0.0070748863	0.0436851241	0.1011241907	-0.0487464498	-0.122363562	0.0475319787	0.025887146	0.0183033495	-0.0670812399	-0.0053133296	-0.0703375879	-0.0206514955	-0.0356104608	0.0283601184	-0.0705477192	0.0902495712	0.0562513166	0.0544349888	-0.0687702649	0.0582089622	0.0205502175	0.0338257222	-0.1068832812	0.0328048154	0.0278373296	0.1571597382	0.0054560944	0.08080902	0.0143151319	0.028233317	-0.0281173265	0.1352184074	0.0201018256	-0.0286094908	0.0051861491	0.1069992626	-0.0125979122	-0.094425924	0.0593790705	-0.0836003646	-0.0459474741	-0.0471140983	0.0724014497	0.0111354407	0.0152909752	0.0569457578	-0.0215999159	0.0236623891	0.0394128956	-0.0318897426	0.0660105534	-0.0219695132	0.0054192768	-0.0973007696	-0.0208589515	0.0291515494	0.011309857	-0.0015282237	0.0566779874	0.0264043322	0.0474950187	-0.0389963441	0.0518403884	0.1016580745	0.0248671653	-0.020899352	0.0996967819	0.1631404772	0.0644374802	0.1073250918	0.0962250449	0.0785674201	0.0555555556	0.0287576717	0.0050931177317465	0.0051089723108218	2.6101598072744666e-05	2.593984822943061e-05	0.0212995228045116	-0.0706432267642754	0.0049904654876688	0.0004536696716999	0.010713322451977	0.0076476269876194	5.84861985417661e-05	0.00011477527796	-0.0007190177656177	0.001207981724251	5.169865472738697e-07	1.4592198461244195e-06	-6.53044144305337e-05	-7.519654877974347e-05	4.264666544114898e-09	5.654520948384339e-09	-0.000544023571044	-0.0001370323218053	2.959616458514661e-07	1.87778572193513e-08	0.0	0.0	0.0	0.0	0.0	0.0	0.0	0.0	0.0	0.0	0.0	0.0	0.0	0.0	0.0	0.0	0.0	0.0	0.0	0.0	0.0	0.0	0.0	0.0	0.0	0.0	0.0
1021.479069187907	0.3023622119352467	1043419.488788993	0.091422907206375	1670.9671553902003	-4.718357849121276	2792131.234392818	22.262900792364352	920.9124453174496	-2.295611899297228	5.269833992195026	848079.7319405647	1015.660906765204	1123.515059637506	1.330483	31.008423	0.070955300021878	0.0463998975440634	0.055494109	-0.0244262814	0.0656054978	0.0682190269	-0.0485048694	0.0283763762	0.0441227569	0.0079810448	-0.0659668067	0.0141933328	-0.0323360398	0.0359946272	-0.1096712466	0.0573477282	-0.07379633	0.0193789181	-0.121607281	-0.0159769364	0.0137882677	0.0251701706	0.091074473	-0.027082936	-0.0066508214	0.0048516426	-0.1390349698	-0.1227459676	-0.1086608499	-0.0800032501	0.1068243644	0.1647966618	0.0343969249	0.1053315625	-0.1018976527	-0.0104464796	0.0193395932	0.165098207	-0.0353542756	-0.0786789816	-0.1582375312	-0.0784097351	-0.0103997927	-0.1368960593	0.0540556156	-0.0026113418	-0.0524335594	-0.0420325434	-0.0294097528	0.0705423963	0.2039620619	0.0696972951	0.0375641543	-0.0674854273	-0.0641451154	0.0598464042	-0.0354280429	0.0501614338	0.0109619235	0.0389660155	0.1885590853	-0.0900057785	0.0581352797	-0.0080893629	0.0534980002	-0.0776452807	-0.0505614225	0.0967923073	0.0294261539	-0.0061340987	-0.0170657137	0.0162319503	0.0494450114	0.0266214905	-0.00748669	0.0754158314	-0.1163961115	0.0290743853	-0.1526645618	-0.0633931862	-0.0749848788	-0.0621912603	0.020629683	-0.168702905	-0.0421457849	0.1363686622	-0.1221657862	-0.0828009956	-0.0313169701	0.1283333967	-0.0920171298	0.0231173169	0.0035678674	-0.1179711328	0.0068193857	-0.1291125092	-0.1141782513	-0.0990710615	-0.0616816415	0.0850935381	-0.0345442591	0.1017468391	0.0729525705	-0.0037267585	0.0279938067	0.0202716082	-0.0442099206	-0.0213559468	-0.0547315877	-0.0145629925	0.0134461403	-0.0046142201	-0.0414158435	-0.0064888805	0.0596321564	-0.0540695682	0.0470519313	-0.0170426376	-0.0080940191	-0.0051456584	-0.0161871657	-0.1752755622	-0.0080712028	-0.0440962497	0.0433345026	-0.1542939737	0.106747262	0.0939984918	0.0738662073	0.0479317851	0.0182323554	7.173272062743763e-05	-0.005021385011119	2.5214307429891185e-05	5.145583208614016e-09	0.0658636395342568	0.0445641167297451	0.0019859604999023	0.0043380190126985	0.016781324140453	0.006068001688476	3.682064449134759e-05	0.0002816128399069	-0.0008849930125414	-0.0001659752469237	7.832126322471026e-07	2.7547782591383213e-08	2.872032929102097e-05	9.402474372155468e-05	8.248573145846771e-10	8.840652431904035e-09	-0.0004979876298385	4.603594120549997e-05	2.479916794721669e-07	2.11930788267625e-09	0.0	0.0	0.0	0.0	0.0	0.0	0.0	0.0	0.0	0.0	0.0	0.0	0.0	0.0	0.0	0.0	0.0	0.0	0.0	0.0	0.0	0.0	0.0	0.0	0.0	0.0	0.0
1024.8743162994112	3.3952471115042044	1050367.3642101856	11.527702948177645	1676.5195723160452	5.552416925844909	2810717.8763587754	30.829333718409032	921.7221098061672	0.8096644887175444	0.6555565842902425	849571.6477055321	1014.8287485406632	1141.9013563275091	1.282602	29.892511	0.1635102544503247	0.1084648918510189	0.0900938791	-0.0586369766	-0.0180111632	0.0092975943	-0.0317862906	-0.0149297874	-0.0131015959	0.0365337984	-0.1304590961	0.0080538812	-0.0313947777	-0.0169068431	-0.0177103504	0.0921978986	-0.0921300789	-0.0625677127	-0.0298193489	0.0591652035	0.0895182352	-0.0911424997	0.0840180319	-0.0081152649	-0.0228796838	-0.0233855609	0.052701462	-0.0972435109	0.0600427096	0.015429728	-0.137058682	-0.0727941353	-0.0629570591	0.1801360195	-0.0286737777	0.1100290488	0.1032333662	0.1005773761	-0.1253535425	-0.1253549892	-0.0171885478	0.0516537428	0.0312191881	-0.1370338988	0.0167804258	0.0689477866	0.0357599333	-0.0581626055	-0.1605432458	0.0541853892	0.0267484215	-0.0905659203	-0.1150657889	-0.1700680484	0.0997365206	0.0405970104	0.1526856953	0.0241942552	-0.0933923274	0.0373401681	-0.1650078472	-0.2043514166	0.0895089974	-0.108994629	0.0246867702	-0.0082685762	0.0724092271	0.0268787383	0.0647769543	-0.0994221069	0.0379053384	0.1122497658	-0.0445309714	0.055159844	-0.0280515474	-0.0555188652	-0.0311629466	-0.1530786737	-0.0628227794	-0.0183786132	0.1848254779	0.059426063	-0.0619831147	-0.0322231744	-0.0764661981	0.0070638844	0.1619719762	0.1460126435	-0.0664699768	0.2285392854	-0.0354088568	-0.1461089517	-0.0794514577	0.0531775858	0.0646624035	0.1118023222	-0.163517225	-0.1912835135	0.0097966705	0.0670096395	-0.0136312149	0.1022732024	0.0908830798	-0.0002472893	-0.0588974374	0.0111461667	-0.0337132475	-0.0484517631	-0.0245545874	0.0723355216	0.0228859817	0.0298230114	0.0345280468	-0.0370516251	0.0056020355	0.0897288552	0.0110957589	-0.0198736638	-0.0095206354	-0.0137018573	0.0021196901	0.0351953509	0.1101550385	0.0246809127	-0.2758390744	0.1538821672	0.1061292888	0.091630556	0.0689150546	0.0400197472	0.007535757	0.0049169289075337	0.0048451961869062	2.3475926089610988e-05	2.4176189881740543e-05	-0.037685211452981	-0.1035488509872377	0.0107223645407771	0.0014201751622558	0.0413172775908918	0.0245359534504388	0.000602013011722	0.0017071174275228	-0.0010510047606754	-0.0001660117481339	1.1046110069623549e-06	2.7559900518506634e-08	-6.892112574141684e-05	-9.764145503243782e-05	4.750121573464192e-09	9.533853740851576e-09	-0.0001500357564901	0.0003479518733484	2.2510728225556584e-08	1.2107050616666098e-07	0.0	0.0	0.0	0.0	0.0	0.0	0.0	0.0	0.0	0.0	0.0	0.0	0.0	0.0	0.0	0.0	0.0	0.0	0.0	0.0	0.0	0.0	0.0	0.0	0.0	0.0	0.0
1026.0744522172586	1.2001359178473194	1052828.7814929471	1.440326221307228	1670.2097628386125	-6.3098094774327365	2789600.651881414	39.81369564149998	923.1802558919014	1.4581460857342563	2.126190007342133	852261.7848686366	1014.8615354028382	1133.00612213518	1.214392	28.30279	0.0747513990851783	0.0559206609664647	0.1154052784	0.0073687011	-0.0579378391	0.0079339311	-0.1062790211	0.0909628122	-0.0147574768	0.1428334323	0.0093085111	-0.0469993244	-0.0780427129	0.0294331483	0.1067478999	0.0968827092	-0.0256235365	-0.0310043069	-0.0465529104	0.115898975	-0.0069886732	0.0212455882	-0.0852198675	0.1004614208	-0.027343584	-0.1562188641	-0.0591435471	-0.0713511181	-0.0265902116	-0.0297054902	-0.0484491966	-0.2273976708	-0.0172955536	0.0506785762	-0.0662760385	-0.0028164667	-0.0140121402	-0.1240644261	-0.07424996	0.0911282287	0.1722938033	0.0157355101	-0.0920146294	-0.0241576038	0.0095508123	-0.0071776392	-0.0475608718	0.0291779949	0.2028420486	-0.108318643	0.0598492921	0.0119506571	0.1529336592	0.0696084121	-0.1416289462	0.0028989714	0.0122282407	-0.0483068142	-0.2241976611	0.0590738898	-0.0184675983	0.0643800148	0.0924972247	-0.0959440381	0.0770651396	0.0555669544	0.0356660868	-0.1403772783	-0.0253814037	-0.1610865803	-0.0427516343	-0.0248704935	0.0744109325	0.0063016009	-0.0557761102	-0.02493803	-0.0571105366	-0.1222497672	-0.0370170329	0.0002685456	0.0040678477	-0.0035638978	0.0746024664	0.0777046033	0.1088762287	-0.1134467342	0.0526396101	-0.1268042185	0.1095287579	0.1635906774	-0.054327826	-0.0559352373	0.1220496849	0.0520451909	0.1135553145	0.106233541	0.1033539945	0.0436701296	0.1745734433	-0.2269293482	-0.0663063826	0.0510728918	0.1155657014	0.0062981636	-0.0312071161	0.009655027	-0.0010150467	0.0607662699	0.0470783844	-0.0332288941	-0.026333139	0.0224358659	-0.004258702	0.0083152772	-0.0237980601	0.1083425082	-0.0504538972	-0.0274838533	-0.0933900452	0.124711781	-0.0283365329	0.1114565081	0.0695623477	-0.0263022487	-0.0063027388	0.1330370632	0.1054714048	0.0891247992	0.0637307152	0.0318670259	-0.0032316354	0.0086120034248153	0.0036950745172815	1.3653575688263842e-05	7.416660298903045e-05	0.0165538154987388	0.0542390269517198	0.0029418720446693	0.0002740288075662	0.0460790944283502	0.0047618168374583	2.2674899593502284e-05	0.0021232829433368	-0.0010190025915706	3.200216910479998e-05	1.038366281627599e-06	1.0241388274122146e-09	-7.102904008648991e-05	-2.1079143450730697e-06	5.045124535608191e-09	4.443302886164828e-12	5.696377563439768e-05	0.0002069995321244	3.244871734525999e-09	4.2848806299760956e-08	0.0	0.0	0.0	0.0	0.0	0.0	0.0	0.0	0.0	0.0	0.0	0.0	0.0	0.0	0.0	0.0	0.0	0.0	0.0	0.0	0.0	0.0	0.0	0.0	0.0	0.0	0.0
1026.5179737019453	0.4435214846866984	1053739.1503331475	0.1967113073786932	1668.2247834578804	-1.9849793807320568	2782973.928143092	3.940143141931419	923.574794449889	0.3945385579876301	0.1556606737389586	852990.4009431548	1015.6682366193804	1140.5609457051028	1.309254	30.513664	0.1271632140431352	0.0664977763929959	0.1322243962	-0.0991052951	0.0703145478	-0.0123195708	0.0025617221	0.0578747264	0.1294590537	-0.0519519942	-0.0561374342	-0.0288630482	-0.0911688479	-0.001489839	-0.0149097709	0.1380941511	-0.0284329918	0.0529202734	-0.0048121966	0.0589559764	-0.0455626951	-0.0206758158	0.0937376121	-0.0627397643	0.0021377335	0.0436341372	0.1541603359	-0.0393887894	-0.0149524991	0.1429220316	0.1267238049	0.0228104218	0.0224220386	-0.0463389285	0.1956846171	-0.0163548007	0.0628882646	-0.1557470453	0.1331837581	-0.0501681691	-0.0961532603	0.013814521	-0.0184708255	0.0072586757	0.0160765464	0.0877138734	-0.0487434621	-0.0774038245	-0.0897300232	0.0877978318	-0.076327866	0.0123225758	0.0812352909	0.0117619285	-0.0767267488	-0.0779104741	-0.1938053658	-0.0865589712	-0.0496880506	0.1969932749	0.0004148154	0.1424972855	0.1342172706	-0.0353821571	0.0132340415	0.0307192701	-0.09917774	0.0463929154	0.0729425814	0.0148628473	0.019900605	-0.0169366016	0.0306683946	0.0311475688	0.0522861946	0.1651602475	0.0296000423	-0.0415358802	0.0970839686	0.0752163774	0.0287229144	-0.1404131433	-0.0891597229	0.0955398644	-0.0738517822	-0.0483664875	-0.0212820533	-0.0445506536	-0.0973238931	-0.0737690461	0.1367513388	-0.1309111797	0.0076728021	-0.1172920454	-0.1189240628	-0.0474694614	0.0054035953	0.0397680895	-0.2333336912	-0.1640878461	-0.117964078	0.0501740103	0.1433175799	-0.0161195073	0.0050975676	0.0599327737	-0.0540599006	-0.0142064998	-0.0033467573	0.0683380427	-0.0110153813	0.0156147628	-0.0067015449	0.0297002232	0.0585714942	-0.016843739	-0.0568472592	0.0712667192	0.0626736116	-0.0357872484	-0.1074445348	0.0156747405	0.0796827026	-0.1319261183	-0.0845335831	0.0259694514	0.1047738574	0.0864849902	0.0583307311	0.0235226525	-0.0139686685	0.0001654780336082	-0.0084465253912071	7.134379118430625e-05	2.7382979606836573e-08	-0.0038372940106938	-0.0203911095094325	0.0004157973470256	1.4724825324506508e-05	0.01174971774455	-0.0343293766838002	0.0011785061034982	0.0001380558670765	-0.0001550216604538	0.0008639809311168	2.4031715209853258e-08	7.464630493334526e-07	-0.0002689875270394	-0.0001979584869529	7.235428970277195e-08	3.9187562556685484e-08	-0.0001610208554698	-0.0002179846311041	2.5927715896226226e-08	4.751729939763315e-08	0.0	0.0	0.0	0.0	0.0	0.0	0.0	0.0	0.0	0.0	0.0	0.0	0.0	0.0	0.0	0.0	0.0	0.0	0.0	0.0	0.0	0.0	0.0	0.0	0.0	0.0	0.0
1025.6869447348824	-0.8310289670628208	1052033.708599578	0.690609144097499	1681.99165855076	13.766875092879443	2829095.939434336	189.52684982294443	922.2255266660636	-1.3492677838254394	1.8205235524692127	850499.9220344984	1017.251125833994	1148.348633660019	1.286076	29.973459	0.1246654828619058	0.070249827457253	0.1522588224	-0.0398321199	-0.0657000715	-0.0262891928	-0.0661492113	-0.0819066685	0.0300903093	0.1485080418	-0.0796520419	0.0064590112	-0.1037220713	0.0171665197	-0.061285788	0.1431487206	-0.0561663086	-0.0182610422	-0.0225029773	0.0445603817	0.0614444962	-0.0075821619	0.0197686809	0.0056201768	-0.02408916	0.049755639	-0.0895337729	-0.0220143416	-0.0341808514	0.1102599557	-0.0253405802	-0.0080843407	-0.0384371995	0.0054124738	-0.0281893206	-0.0422287489	0.0906313088	-0.0610952569	0.1057399896	0.0549428492	-0.0714186762	0.0769285336	-0.0354001094	-0.0232091106	0.037628219	0.0913923655	-0.0256981816	-0.1899854734	-0.0329454257	0.1381707348	0.0562014926	-0.1605607295	0.0727381784	0.11488958	0.0014163391	-0.0026961986	-0.0086610233	0.0157382206	-0.0943620495	-0.2286947666	0.021129172	-0.0993487771	0.1459675751	-0.0367133678	0.0115369847	-0.0759357615	0.053198886	-0.0583953646	0.0396468671	-0.0675074049	0.0369698744	0.0819642471	0.0509427669	-0.0598974929	0.0436049458	0.0528762313	-0.0229972226	0.0474467572	0.0576600655	0.01741099	-0.0183654667	-0.0851223655	-0.0655916308	-0.0110968249	0.0377675446	0.0831466008	-0.0044105326	0.0955784839	0.1081799318	0.0008105889	-0.0073682278	0.0162733791	0.0146524459	-0.0885524525	0.0719308264	0.0219202552	0.105104945	-0.0139307581	-0.1970687148	-0.0128039906	-0.0307854274	-0.0757067766	0.1563232293	-0.0012636664	-0.0505917592	0.0515907669	-0.0243217711	-0.0260860921	-0.0593176207	0.0227028991	-0.037127255	0.0156914172	0.0045881881	-0.0022311523	0.0021886305	-0.0258304835	-0.0389264521	-0.0207273487	-0.1417132025	0.1078072686	-0.1212554812	0.1647428356	0.0716769633	-0.0189297688	-0.0613898879	-0.0753076442	0.1040369087	0.0837150996	0.0527333744	0.0150368111	-0.0245744743	-0.0067533624091424	-0.0069188404427506	4.787035307224132e-05	4.560790382921765e-05	0.0539783081163136	0.0578156021270074	0.0033426438493084	0.0029136577470996	0.0249949373633029	0.0132452196187529	0.0001754358427489	0.0006247468937954	-0.0007690398357149	-0.000614018175261	5.914222689164003e-07	3.770183195509709e-07	-0.0001953436019537	7.364392508570002e-05	3.8159122824245594e-08	5.423427702028196e-09	-0.0004070751685909	-0.0002460543131211	1.6571019288330965e-07	6.054272500549634e-08	0.0	0.0	0.0	0.0	0.0	0.0	0.0	0.0	0.0	0.0	0.0	0.0	0.0	0.0	0.0	0.0	0.0	0.0	0.0	0.0	0.0	0.0	0.0	0.0	0.0	0.0	0.0
1026.4818101069843	0.7948653721018673	1053664.906480511	0.6318109597666399	1664.4237201193105	-17.56793843144942	2770306.320095805	308.6324607311975	924.8937858272188	2.66825916115522	7.119606951088757	855428.5150618054	1016.1619452164348	1128.975839079165	1.35219	31.514326	0.1053307190756499	0.0637248017226103	0.1835594578	-0.0519390029	0.1190656666	0.0100260035	-0.0759767532	0.0778324712	0.0947564197	0.0150649698	-0.0973484797	0.0121043401	-0.0810495773	0.0321140399	-0.0783666609	0.1861387247	-0.0047004125	0.0663384804	0.0715735329	0.141370079	-0.0429802121	0.0993839647	0.0601192131	-0.1190649422	0.0077984414	-0.0443758585	0.0779746686	-0.095256228	-0.0536145568	0.0565921728	0.0199927009	-0.0885356355	0.0347904365	0.0744881744	-0.1102785401	0.0305880221	0.1544849113	-0.1599028641	-0.0390011986	-0.1724072871	-0.1265118672	-0.1748196776	-0.0333622262	0.1211207394	-0.1095870505	0.0929695906	0.1437097248	0.1555333294	0.0039637818	-0.1142503966	0.0037305296	0.1467496355	0.0428975556	-0.1909870041	0.0640009395	-0.0507410208	0.0610431811	-0.0737024961	-0.0220574377	-0.0856883746	0.0724393271	0.0768109368	0.1769184767	-0.0432677869	0.0408468574	0.0751617733	-0.1171151195	-0.0056336592	0.0691795815	0.017941394	0.0568593259	-0.0367697383	0.1088918862	0.0271419547	0.1045669851	0.1798462745	-0.0291791988	-0.0330061629	-0.129698113	0.0391341124	0.1125199211	0.0526477599	0.0041409943	0.1211208409	0.0595053785	0.1404987782	-0.0345449827	0.1475079944	-0.1377409452	0.0655315342	0.1422638798	-0.214866226	0.0322939254	-0.0474432845	0.0650399381	0.0322460736	0.0165154406	0.021225672	-0.000419164	-0.0365811146	0.0246849718	0.1827476482	0.1878920866	-0.0051841185	-0.0109273033	0.0843832359	-0.0329256194	0.09190336	-0.003531701	0.0736228009	-0.0492504374	0.0520920396	-0.0092785697	-0.0152886029	0.1116723351	-0.0118159831	-0.0180225254	0.0870849982	0.0261036821	-0.0108475998	-0.0407072377	0.013651396	0.0896026514	-0.1142811719	-0.0192377073	0.0754734319	0.103260836	0.0808192935	0.0469575846	0.0064605365	-0.0349494174	0.0001212560659809	0.0068746184751233	4.7260379178506605e-05	1.4703033537164376e-08	-0.0047427897692386	-0.0587210978855522	0.0034481673368846	2.249405479519433e-05	0.0102165622780177	-0.0147783750852852	0.0002184003701613	0.0001043781447806	-0.0006770127664932	9.202706922169994e-05	4.583462859947762e-07	8.468981469535552e-09	-0.000283970004026	-8.86264020723e-05	8.063896318652647e-08	7.854639144280982e-09	-8.859608729111501e-05	0.0003184790812997	7.849266683294871e-09	1.0142892522555505e-07	0.0	0.0	0.0	0.0	0.0	0.0	0.0	0.0	0.0	0.0	0.0	0.0	0.0	0.0	0.0	0.0	0.0	0.0	0.0	0.0	0.0	0.0	0.0	0.0	0.0	0.0	0.0
1028.1409078367772	1.6590977297928475	1057073.7263674324	2.7526052770037803	1678.7356712009596	14.311951081649111	2818153.4537625364	204.8319437635172	923.4532943974676	-1.440491429751205	2.075015559186671	852765.986933536	1016.7504360449464	1172.1276743513	1.586373	36.972244	0.0511125542932722	0.0310921141834735	0.2069953395	-0.0176918957	-0.1007599674	-0.0341051334	0.0577330532	-0.1047929496	0.1158694145	0.09137632	-0.0064008649	0.0127108895	-0.059329686	-0.013063315	-0.0676071298	0.1972456385	-0.0167012884	0.0837443324	0.0140062013	0.0504067164	0.1255452921	0.0034705564	0.0631933946	-0.1122223348	-0.0489771792	-0.053158137	-0.1361111842	0.055338175	0.0522343539	0.1069332606	-0.0255549477	0.2249074891	0.1345002044	0.0467230333	-0.0534355906	0.1538611797	0.0129757587	-0.1449973704	-0.013226145	-0.032522759	0.0823498254	-0.1365908127	-0.0332743508	0.1049702625	-0.0637732276	-0.1163860535	0.0470862314	-0.1101453838	-0.0332007621	-0.0650693638	0.0021512606	-0.1331377203	-0.0575811834	0.0458478467	0.0773801391	0.0226919865	0.0387251119	0.0544557333	0.0535480112	0.1134706612	-0.1929979337	-0.0197454182	0.1998835467	-0.0146365384	-0.0456366279	-0.049639829	0.0322425666	-0.0985750159	0.1542625253	-0.0100056226	-0.0238591978	0.0166816933	0.0311573116	0.049602339	0.0208674511	-0.0483654174	-0.0409578639	0.0545546365	-0.0313667117	0.0893161203	-0.1117569487	0.0598604159	0.0158757575	-0.154867429	-0.0001377304	0.1864090367	0.1639125601	-0.0674977467	-0.1528170544	-0.1202740685	0.0507693863	-0.1709802103	0.1433986062	0.015108713	0.0647762332	0.1413883969	0.1327368995	-0.0414820955	0.0313560051	0.0723710704	0.1574911366	-0.080358951	0.2058446668	-0.0076725583	0.0071949394	0.0897032287	-0.0455803239	0.0073589919	-0.047641657	0.0259735642	-0.0467380601	0.0348623967	0.0335623881	-0.046136587	0.0260398163	-0.0050461053	-0.0231943646	0.0183557631	-0.1504897556	0.0362849997	0.0287102089	0.1760093299	0.1787438631	-0.0402426651	-0.0198315834	-0.0541096162	0.1024459312	0.0778019275	0.0410229053	-0.0021545924	-0.0449960313	8.433049539746662e-05	-3.692557058343338e-05	1.3634977629121206e-09	7.111632453982139e-09	0.0119138161421972	0.0166566059114358	0.0002774425204888	0.00014193901507	0.0085176984049439	-0.0016988638730737	2.8861384592353096e-06	7.255118611758386e-05	-0.0001840111100643	0.0004930016564289	3.3860088627095934e-08	2.430506332416392e-07	-0.0001669877607826	0.0001169822432433	2.788491225118685e-08	1.3684845234258004e-08	-0.0001330153663824	-4.441927909128499e-05	1.769308769384411e-08	1.973072354989468e-09	1.0	0.0	0.0	0.0	0.0	0.0	0.0	0.0	0.0	0.0	0.0	0.0	0.0	0.0	0.0	0.0	0.0	0.0	0.0	0.0	0.0	0.0	0.0	0.0	0.0	0.0	0.0
1026.110973674498	-2.0299341622792326	1052903.7302952262	4.12063270318829	1669.5183839217475	-9.217287279212089	2787291.6342526837	84.95838478752496	922.6397468844108	-0.8135475130568466	0.66185955600098	851264.1025309296	1015.980468245198	1141.8281752910495	1.379615	32.153492	0.0921262644877619	0.0774512745531132	0.2386127262	-0.0066457036	0.0578417172	0.0402917026	-0.0903473031	0.0711670337	0.1291844204	0.0215046106	-0.0279989311	0.0642174048	-0.0766295387	0.1144298584	-0.1393421132	0.1971659589	-0.0452125227	0.0377133929	-0.0509289372	0.0461599574	-0.0386677762	0.1524836735	-0.0102985623	-0.0164373071	0.1863519352	0.1092453719	-0.0865389921	0.0777224772	-0.1052934803	-0.0851119429	-0.0873587877	-0.1254722462	0.0789076855	-0.0948840399	0.1415358085	0.1450245119	-0.0901171279	0.088772241	-0.0296411385	0.0285383478	-0.0314235297	-0.0331920011	0.1970315215	0.075527618	0.1777277645	-0.0189508677	0.0150583006	0.0033677473	-0.0789527479	0.1304764481	0.097262648	0.1010288439	0.0317659842	0.0786897639	0.129727372	0.0278672146	-0.0767328399	0.0208650272	-0.0005607673	-0.1351853397	0.0460429782	0.0290211261	0.1971479252	-0.0012410791	0.0691722585	-0.0562554575	-0.1251337813	0.0617162826	0.0085446681	0.0751908021	-0.0190716528	0.0154677968	0.1443685775	0.0136691581	-0.0148442864	-0.0027722349	-0.0796115524	0.231532937	0.0313104586	-0.1397116171	-0.035451576	0.0574220841	0.1742033673	0.0670759202	-0.0862102911	-0.2084019964	0.0074584604	0.0402175761	0.0450953851	-0.2085821082	-0.092093054	0.0441648815	0.0238726554	0.0281175183	0.023017186	-0.1632416926	0.0156174	-0.0026199518	0.0092109447	0.0180567485	0.0485909959	0.0885735427	0.2298397243	-0.0118198864	-0.022802673	0.1141332223	-0.0702510797	-0.0015482613	-0.0607122366	0.0508711537	-0.0862924416	0.0582843816	-0.1352973018	-0.010198831	0.0437178041	0.0151980782	-0.0371911347	0.0778776842	-0.0218143823	-0.0906318341	-0.0986581612	-0.1645499611	0.0094980016	0.0054073959	0.0172724527	-0.0468296668	0.1015925006	0.0746675401	0.0349494174	-0.0107567634	-0.0546199342	0.0001403561454935	5.602565009603337e-05	3.138873468683164e-09	1.9699847577792542e-08	0.0888043517029046	0.0768905355607074	0.0059121544588124	0.0078862128813731	-0.0003122799086696	-0.0088299783136135	7.796851701888472e-05	9.751874135869373e-08	-0.000147013558972	3.699755109230001e-05	2.161298652161372e-08	1.3688187868273492e-09	-0.0001389856626863	2.80020980963e-05	1.931701443234997e-08	7.841174977948078e-10	-0.0001950102164607	-6.199485007829999e-05	3.8028984524049065e-08	3.8433614362308925e-09	0.0	0.0	0.0	0.0	0.0	0.0	0.0	0.0	0.0	0.0	0.0	0.0	0.0	0.0	0.0	0.0	0.0	0.0	0.0	0.0	0.0	0.0	0.0	0.0	0.0	0.0	0.0
1028.6013337208838	2.490360046385831	1058020.7037323809	6.201893160634839	1685.067856432044	15.549472510296482	2839453.6807804834	241.786095348466	923.2520148672512	0.6122679828404216	0.3748720828114788	852394.2829564391	1015.1926294618382	1161.0743953102876	1.277423	29.771795	0.1644198813340653	0.1180683491421206	0.2413010617	-0.0612758249	0.0119496953	-0.0120145214	0.0934469986	-0.068252542	0.1630772421	0.0371247275	-0.0323704814	0.0875352344	-0.1139232579	0.1457405473	-0.0020233132	0.2246941887	-0.0444525497	0.0297240599	0.0009615211	0.038624599	-0.0480465277	-0.0127090531	0.1380256009	-0.0265828175	-0.111647553	-0.0366398779	-0.0143487456	0.0969291322	-0.0619339436	-0.0393336016	-0.1780389014	-0.0317594188	-0.0099619445	-0.0270736458	0.0575114532	-0.0696652002	-0.0781852233	-0.0241166515	0.0760477634	0.011059127	-0.2103141105	0.2010384739	-0.1087007063	0.0722783099	-0.1369428364	-0.0932672464	0.1378210747	0.1581553617	-0.1256901633	0.0427588538	0.0281293707	-0.0586174184	0.0149747329	0.0316932018	0.044246334	0.103356858	0.1744308223	0.050043001	0.1897878564	0.1052926049	0.0199392557	0.124650542	0.2265750075	-0.0630188468	-0.0834876275	0.0410292701	-0.0277682785	0.006132147	0.0842570708	-0.0405560901	-0.011690597	0.0965981189	0.0905156004	0.0358116528	0.0550935769	-0.1279462842	-0.0527057906	-0.133423094	0.0730499981	0.076855582	-0.1200810679	0.0032544828	-0.0379940865	0.1474386169	-0.0644064833	-0.0526327685	0.0164535626	0.0897344727	0.0209099942	0.1077306122	-0.0228311408	0.0274937129	-0.0630796276	-0.2202243616	-0.2309408406	0.0681679496	-0.0136623159	-0.1122468053	0.0994198409	0.0253853964	0.0957832394	-0.027914107	0.2430311198	0.0108078152	-0.0715632057	0.0775116091	-0.02614317	0.0057105736	-0.1197885523	0.0460091167	-0.0029496456	0.0894476201	0.0271633494	0.0065341543	-0.1054411671	0.0536703525	-0.0832925221	-0.0274649015	-0.0256066917	-0.0067906829	0.0583186445	0.075025189	0.1637801951	-0.0870855518	-0.138162365	0.0463911074	0.1007008652	0.0714208455	0.0287576717	-0.019294242	-0.0637307152	9.642124007314123e-05	-4.3934905420358754e-05	1.930275914295869e-09	9.297055537242336e-09	-0.0242899525551507	-0.1130943042580553	0.0127903216556135	0.0005900017951314	0.0060659680335959	0.0063782479422655	4.0682046813014085e-05	3.679596818460731e-05	-0.0007689933622169	-0.0006219798032449	5.913507911336523e-07	3.868588756445645e-07	9.105728716818362e-05	0.0002300429498544	8.291429546429058e-09	5.291975877775248e-08	-0.0001489650849936	4.60451314671e-05	2.219059654715047e-08	2.120154131822522e-09	0.0	0.0	0.0	0.0	0.0	0.0	0.0	0.0	0.0	0.0	0.0	0.0	0.0	0.0	0.0	0.0	0.0	0.0	0.0	0.0	0.0	0.0	0.0	0.0	0.0	0.0	0.0
1027.063484459779	-1.5378492611048389	1054859.4011106626	2.3649803498806983	1673.286087633216	-11.781768798827898	2799886.331066875	138.81007602903455	923.472376814888	0.2203619476367748	0.0485593879662727	852801.2307401384	1018.640504808163	1146.477608142867	1.35733	31.634123	0.0897322634706705	0.0586906579010778	0.281177913	-0.0334676939	-0.0367666046	0.0699810505	-0.0974297873	0.0271561128	0.1137504863	0.128003676	0.0309087653	-0.0264715698	-0.1182156453	0.0504644972	-0.1524014867	0.2490137669	-0.0679675498	0.0817656049	-0.0503162138	0.1020737558	-0.0540206009	0.1742207513	0.0655878438	-0.1572415666	0.1049683044	0.16676702	-0.0587923838	-0.0517243055	0.0099671604	0.0667530997	-0.0657212737	0.0205339069	0.0457773771	0.0145999822	0.0946619316	0.0144067673	-0.0387744321	0.0482598112	-0.148553678	-0.0416596436	0.3265567352	0.0147163205	-0.11590656	-0.0445417671	0.1210955185	-0.1874064146	-0.0423339034	-0.0241880446	0.1232837061	-0.0342761421	-0.0700677566	0.0257812596	-0.0556447409	0.0983405062	-0.1287564715	0.0735581962	-0.03972586	-0.1187540814	-0.0253581439	0.0147870958	-0.0184959632	0.1123141571	0.2448257932	0.049440555	0.0837295322	-0.1501302739	-0.1078872128	0.0063257747	0.0615795804	0.032101565	0.0187719576	-0.0280967174	0.1975316207	0.0355307658	0.1425982714	-0.0288166356	0.017039124	0.1713151388	0.1178809324	-0.138542135	0.1140823145	-0.0308406427	0.0689381689	-0.1405416273	0.0717102153	-0.0506919195	0.1004168594	-0.1701815024	0.172401521	-0.043002726	0.0250945836	-0.0878488214	0.1323247393	0.1645576464	-0.0086941313	-0.0009349041	-0.0393986361	0.0590544345	0.1748042445	0.0469392753	-0.1197408637	-0.17794225	0.2784530045	-0.0043017342	0.0025979992	0.1508070201	-0.0683919021	0.1485171808	-0.0809934047	0.063657285	-0.1250439474	0.1001086343	-0.0745324767	-0.0024652925	0.091396289	0.1335391446	-0.0472087048	0.0965545419	-0.0091718521	0.0149821996	-0.0619062905	-0.0400196391	-0.0428723714	0.0557579039	0.1780078145	0.089027765	0.0997713604	0.0680667272	0.0224686191	-0.0277156827	-0.0722427837	0.0001001560493563	3.734809283158772e-06	1.3948800381568942e-11	1.0031234222661605e-08	0.0306072638297649	0.0548972163849156	0.0030137043668122	0.0009368045991448	-0.0126131990177782	-0.0186791670513741	0.0003489112817331	0.000159092789462	-0.0008919995881471	-0.0001230062259302	7.956632652545961e-07	1.513053161759142e-08	3.600175256446292e-05	-5.50555346037207e-05	1.2961261877128122e-09	3.0311118905014876e-09	-3.98394102556649e-06	0.000144981143968	1.5871786095191776e-11	2.101953210627966e-08	0.0	0.0	0.0	0.0	0.0	0.0	0.0	0.0	0.0	0.0	0.0	0.0	0.0	0.0	0.0	0.0	0.0	0.0	0.0	0.0	0.0	0.0	0.0	0.0	0.0	0.0	0.0
1029.3413192134203	2.2778347536414003	1059543.5514400245	5.188531164896579	1689.1395572164784	15.853469583262267	2853192.4437534804	251.3324978274219	924.2566264164076	0.7842496015196048	0.6150474374836589	854250.3114746388	1018.153430016692	1156.841830888563	2.041974	47.590546	0.4305939981673914	0.2760332924763981	0.1780435353	-0.0552539368	0.0341086995	-0.0879438469	0.183176021	-0.0528189543	0.1625146175	0.0235007536	-0.0312526176	0.1260232998	-0.1921369553	0.1250881097	-0.0723098859	0.2122070356	0.1160857762	0.1175126786	-0.2020513629	0.11027081	-0.0576240518	-0.1024842158	0.1330839247	0.107775457	-0.0029756704	-0.2401151526	0.1642035625	0.1950692913	0.183230304	-0.1214593434	-0.1652964116	0.1311670638	0.0896825664	0.0140498114	0.1269116794	-0.1230812705	0.200529452	0.0395260348	0.1168626689	0.1538077963	0.1627759087	-0.0730900577	0.1413490372	0.0479203302	0.0460220078	0.0956825758	-0.1116874914	0.2032301701	0.1434945105	-0.0580303825	-0.0251522313	-0.0135535446	0.0762752178	-0.102676738	0.038907584	-0.1263539917	-0.0995381683	0.0102868442	-0.0434208899	-0.0674777641	0.0175080531	-0.1150842129	0.2246722433	0.0898355621	-0.0453898306	0.040916104	-0.0565921513	0.1047207136	0.1595142058	-0.1747659645	-0.1656105925	0.0337737895	0.0343625568	0.0196996096	-0.0999828365	-0.1251076657	0.0682938373	-0.2504917735	0.3043393268	0.0742011674	0.0233564458	0.160228398	0.1682780931	0.0172403295	-0.0450050446	0.0916693812	0.006584144	0.0152427145	-0.1984379371	-0.0666387657	0.1266217647	0.2372823443	-0.1384122435	0.0789690117	0.1128134193	-0.0637289533	-0.0151781563	0.2042496547	0.1341218414	-0.0230903816	-0.0324695267	0.1181695111	0.1938637245	0.1781379482	0.0581988712	-0.0134407845	0.1252966513	-0.1069863641	-0.2556936356	-0.0667181913	0.1624112188	0.1355251847	0.4035014513	0.0566239439	-0.2728782062	-0.2895250198	-0.0982243249	-0.3504889616	0.2276511562	-0.0859421803	0.2555000686	-0.1446383863	-0.0445684529	-0.0508006741	0.1402958127	0.0551072322	0.0988043356	0.0646102301	0.0161035399	-0.035970438	-0.080076174	-1.0870203325907823e-05	-0.0001110262526822	1.2326828784653462e-08	1.1816132034657748e-10	-0.0869183908078241	-0.1175256546375889	0.0138122794979938	0.0075548066606216	0.0554744978587251	0.0680876968765033	0.0046359344659465	0.0030774199126776	-0.0053410078022906	-0.0044490082141435	2.852636434412907e-05	1.979367408951634e-05	8.208633920436803e-05	4.608458663990511e-05	6.7381670839745684e-09	2.1237891257709206e-09	-0.0004062835482545	-0.0004022996072289	1.6506632158226665e-07	1.618449739765542e-07	0.0	1.0	0.0	0.0	0.0	0.0	0.0	0.0	0.0	0.0	0.0	0.0	0.0	0.0	0.0	0.0	0.0	0.0	0.0	0.0	0.0	0.0	0.0	0.0	0.0	0.0	0.0
1031.0545161672678	1.7131969538475005	1063073.4153089188	2.9350438026723547	1715.2632922960363	26.123735079557942	2942128.1618982377	682.4495345069264	921.8023116808304	-2.454314735577213	6.023660821271447	849719.5018201227	1019.691653498982	1161.309866711547	2.731846	63.668781	1.4850770900399932	1.0605546975656468	-0.2762574576	0.0413744543	-0.0423949497	-0.2337917599	0.061867069	-0.0959629629	-0.5225968548	-0.137439068	0.0248005126	0.2373538302	-0.1180767526	-0.5317611086	-0.1887238451	-0.3022982669	0.0945129163	0.1441490029	-0.0701274288	0.1679698865	0.1673460202	-0.1927382612	0.1584897306	0.1164844756	0.0247983886	0.1897426729	-0.0644149504	-0.2167724447	0.0404156131	-0.0209962941	-0.0988706692	0.0670818796	0.1509604674	-0.0646768464	0.0542266445	-0.2211492258	-0.0882483418	-0.1175346919	0.0008831891	0.0875503771	-0.0312477042	0.0652083089	0.0983140684	0.0273204327	-0.0171722289	-0.0099886617	0.1798731725	0.0123363259	0.1664582848	0.1273535952	-0.0890746732	-0.0612961706	0.0021457249	-0.0306053677	-0.0241394858	0.0184415202	0.0016820047	-0.1328774813	0.0838279402	-0.0415547532	-0.1337193831	-0.0165380933	-0.3239108268	0.2049015029	0.0090600191	-0.0113145879	-0.062033688	0.1345473437	0.2691547612	-0.4135465896	0.5516921737	0.2094335307	0.0004198033	0.0179593446	0.0449166352	-0.0165869257	0.1377227138	0.1227522698	0.0102252735	0.1284095358	-0.1001437903	0.0319492632	0.103314792	-0.0376495899	-0.0229919525	-0.0783881659	-0.1063807306	-0.0567843823	0.0048543378	0.0354217979	-0.0169846644	-0.0113007121	-0.0195690551	0.0413660472	0.0187821914	0.0676745229	0.0198024918	0.0462875589	-0.0161390384	-0.0314709297	-0.0261754797	0.0659559213	-0.3065858933	0.0033342453	0.091760874	0.0863505757	0.4287037923	-0.0570131541	-0.3012775956	0.1479253704	-0.2158477498	0.355896604	0.0107230006	-0.0808172766	0.0260641126	0.0954105024	-0.1757919616	0.0922727364	-0.1006018026	0.2423473336	-0.0353710445	-0.084305483	-0.1979736886	0.1852705497	-0.1416614903	-0.0580884003	0.0978001546	0.0610565531	0.0096839714	-0.0440088629	-0.0871572961	0.0359414567159888	0.0359523269193147	0.0012925698109132	0.0012917883108672	-0.2355012844146671	-0.148582893606843	0.0220768762725824	0.0554608549609579	0.4273733111563587	0.3718988132976336	0.1383087273321881	0.1826479470887497	-0.0234401352894921	-0.0180991274872015	0.0005494399423896	0.0003275784157979	1.401649557353224e-05	-6.806984363083579e-05	1.9646214816284887e-10	4.633503611926436e-09	-0.0008119473417462	-0.0004056637934916	6.592584857687205e-07	1.645631133500766e-07	0.0	0.0	1.0	0.0	0.0	0.0	0.0	0.0	0.0	0.0	0.0	0.0	0.0	0.0	0.0	0.0	0.0	0.0	0.0	0.0	0.0	0.0	0.0	0.0	0.0	0.0	0.0
1023.1713435996584	-7.883172567609449	1046879.59836353	62.14440973071016	1658.575018575917	-56.68827372011924	2750871.092244104	3213.560377367162	922.0073553590538	0.2050436782234328	0.0420429099793946	850097.5633361965	1008.7832229254776	1135.044853306999	1.671372	38.953239	0.2772549267337197	0.1598296792755737	-0.2541890214	0.0793662185	0.0451697921	-0.1082086107	0.0277123693	0.1476114034	0.171679236	-0.1260397833	-0.0513859046	-0.0766233669	0.3487640861	-0.0565820591	0.2161479323	-0.2722473077	0.0220340987	0.0511707452	0.0099759789	0.0895614575	-0.0094262754	-0.1001607301	0.0812177616	0.0132899794	0.1752089703	0.0406800119	0.0281302165	-0.1541624752	-0.024610801	-0.011852934	-0.043568171	-0.0254600195	0.0646565802	-0.1139673157	-0.0090849174	-0.0873521189	-0.0004706048	0.0155400517	0.0422932972	0.0114031686	0.0199760372	0.0359025427	0.03398045	-0.0407951753	0.0318395992	0.0714787985	0.1604748502	0.0440021271	-0.0012564156	0.0458369987	0.1361461163	0.0420967723	0.0139866784	-0.0220412496	-0.0129022925	0.0123343911	-0.0749978167	0.1251917838	-0.100188092	0.0876784588	0.0518632618	0.0355500229	-0.2774033129	-0.0772347187	0.0333756841	0.1430082002	-0.0637013428	-0.0078333338	0.1149667938	-0.0283114499	-0.0423666225	-0.1647949454	0.0076502762	0.2205749599	-0.1182628535	0.1598890558	-0.1448635798	-0.1295211353	0.0298018192	-0.1272200093	0.0609670723	-0.0285617777	0.0893384401	0.0044999188	0.0146055147	0.0666522422	0.1200620357	0.0129052091	0.197715326	-0.0229462345	0.050442423	0.1192938849	-0.0627221778	-0.0097688496	-0.116180849	-0.0935704612	0.0544293084	-0.0393848108	-0.0487960155	-0.0052848256	0.1383310366	0.1821002062	-0.2390198051	-0.023653113	0.1334409867	0.0740298775	0.1392327969	0.0495387965	-0.0147534327	0.0588690936	-0.069959918	0.0311955806	-0.0314524912	0.1440427898	0.0121540533	-0.0048575259	0.011371148	-0.0136197471	-0.0352046482	-0.1014061249	-0.046866665	-0.001041502	0.1120094036	-0.1195715449	0.0291423087	0.0713640971	0.0967591949	0.0574110412	0.0032316354	-0.0517826133	-0.0934196269	0.0398173458082311	0.0038758890922422	1.502251625536282e-05	0.0015854210272122	-0.2034711114519893	0.0320301729626778	0.001025931980019	0.0414004931955078	0.5142852973521599	0.0869119861958012	0.0075536933444991	0.2644893670725995	-0.020751494627029	0.0026886406624631	0.0004306245292556	7.228788611850022e-06	1.4075714189099031e-05	5.921861556679176e-08	1.981257299332038e-10	3.506844429647471e-15	-0.0012119850303275	-0.0004000376885812	1.468907713737951e-06	1.6003015228546914e-07	0.0	0.0	0.0	1.0	0.0	0.0	0.0	0.0	0.0	0.0	0.0	0.0	0.0	0.0	0.0	0.0	0.0	0.0	0.0	0.0	0.0	0.0	0.0	0.0	0.0	0.0	0.0
1024.806759154453	1.6354155547945766	1050228.893608653	2.6745840368640525	1680.8757543812628	22.300735805345766	2825343.3016667794	497.3228174598307	921.3806191073272	-0.6267362517265838	0.3927983292282878	848942.2452666016	1011.8352333868118	1141.3431213456245	1.219638	28.425068	0.1939947961999018	0.1337815154141353	-0.235095109	-0.0098857501	-0.0825550532	-0.1286128294	-0.023617712	-0.0087104911	0.0305106532	0.0388695784	0.0636782285	-0.1408324231	0.1517036348	-0.080814695	0.2106140615	-0.2383557352	-0.0036169411	0.0257185394	-0.0387493957	0.0509418984	0.072525007	-0.0779642597	-0.0157246533	0.007047708	0.0018489229	-0.0682187285	0.1225099899	0.0105694268	-0.0458595678	-0.0261654598	-0.0178901475	-0.0404513858	-0.0067768247	0.0463886935	0.0992862979	0.0866706093	0.1372578059	-0.0359334647	0.0385036854	0.0731818235	0.0318621924	0.0128883945	-0.1523493421	0.0900333735	-0.0085199768	-0.0986679431	-0.0670935062	0.0064124228	-0.0242067174	-0.0059795451	-0.0335893212	0.1110819339	-0.0625801525	0.0465880136	-0.0272150104	-0.0490882563	0.0776566467	0.0033502727	-0.0799434789	-0.1775865243	0.0307399725	-0.1115200384	-0.2341569985	-0.0285543964	0.0001605737	-0.0179076241	0.0527433909	-0.1545992019	0.0367618221	-0.0214417067	-0.1478169713	0.0369703089	-0.0474200539	0.0667620717	-0.0357418828	0.125329338	-0.0872517874	-0.1244762511	0.1381708184	-0.0608892693	0.0601942454	-0.0568331264	0.028907491	0.0359540096	0.0174575747	-0.0257610961	0.0373526806	0.0731848949	-0.0657558881	-0.0666533173	0.1005221599	0.0510819565	0.1788734746	-0.0117645172	-0.0124849056	0.0067701824	0.0821056027	-0.0278490107	0.121509213	0.0981643986	0.0045160745	-0.0337729558	-0.2488054952	-0.0267391196	-0.0109450687	0.0339900188	0.0863160357	-0.0587060642	-0.0520759642	-0.0092664549	0.0084924912	0.0322541446	0.0454018995	-0.0182149273	-0.01360449	0.0829830419	-0.0061655403	-0.0591584337	0.0507597306	-0.0141757941	-0.106609796	0.1603369121	0.117847195	-0.1076486343	0.0407975154	-0.0088216635	0.095681848	0.0536791777	-0.0032316354	-0.059244937	-0.0988043356	0.0441559184185393	0.0043385726103082	1.882321229491656e-05	0.0019497451313846	-0.0828031117304561	0.1206679997215331	0.0145607661567959	0.0068563553122463	0.5702597170538581	0.0559744197016982	0.0031331356609418	0.3251961448943463	-0.0207515332094691	-3.858244010043754e-08	0.0004306261305436	1.488604684103851e-15	-5.73882639487433e-05	-7.146397813784233e-05	3.2934128390506303e-09	5.107100171286007e-09	-0.0010232115075782	0.0001887735227492	1.0469617892404528e-06	3.5635442891180466e-08	0.0	0.0	0.0	0.0	0.0	0.0	0.0	0.0	0.0	0.0	0.0	0.0	0.0	0.0	0.0	0.0	0.0	0.0	0.0	0.0	0.0	0.0	0.0	0.0	0.0	0.0	0.0
1024.8584423167183	0.0516831622653626	1050334.82678785	0.0026711492617478	1687.9382298676865	7.0624754864236365	2849135.467848859	49.87855999633478	923.1440430169612	1.763423909633957	3.10966388506871	852194.9241577011	1013.0172515241962	1150.041395573084	1.286432	29.981768	0.1525476943334932	0.0797456364910417	-0.189432048	0.0663345434	0.0773146586	-0.0934407504	0.0941864612	0.0168382991	0.0011412253	-0.206208984	0.055529171	0.0081809145	0.0948462932	-0.0906537988	0.2425669112	-0.2198303019	0.0727817169	0.0185656139	0.0361775954	0.0738605325	-0.1003983552	-0.0674835034	0.0604328096	0.0648753238	0.1651460827	0.0045071359	-0.004845016	-0.0507576563	0.0731676706	-0.0618571736	0.1129225266	-0.0570141342	-0.0304624255	0.0514484029	-0.0216136091	0.0625756999	0.0144945489	-0.0332046639	-0.1040901459	-0.0098938867	0.0459342022	-0.0405959794	0.0265104728	0.0501095023	-0.0605367474	-0.0044531028	-0.0853601647	-0.0705355215	-0.0689018826	-0.1105237016	0.0660462937	-0.0329029747	0.1035489635	0.0756953953	-0.0743969056	-0.0093546996	0.0731741851	-0.0519977742	-0.0586585139	-0.0843477176	-0.114395771	0.0975356779	-0.2157968428	-0.0189866263	-0.0513677622	0.1601127531	-0.0287926534	-0.0105624426	0.0218501221	-0.005261066	-0.0871661984	-0.0608429982	-0.0350444413	-0.012032133	-0.0715279417	0.0810806159	-0.050845749	0.0305875508	0.0227456471	0.0289789597	0.1756342605	-0.0746256446	0.1362556968	-0.0572351478	0.0440354024	-0.0281179318	0.0240045735	-0.0255090378	0.0322528689	-0.0137617156	0.0596927274	0.0128025687	-0.0142448002	0.0642191197	0.1095383652	0.0341250656	0.0665492748	-0.0455658119	0.0005729171	-0.049547268	-0.0896027808	-0.1068432576	-0.2016245451	-0.0120052356	0.0071055101	0.0075760928	0.0653713683	0.1123560474	0.0974753415	-0.011851172	0.0032942966	-0.0510495083	0.0002835105	0.0934362095	0.0060139543	-0.0584593715	-0.1000288386	0.059887962	0.1216420858	-0.1152036104	-0.005304936	0.0070906514	0.0672936816	-0.0797014553	0.0888047282	0.0605843685	0.0945685192	0.0498665756	-0.0096839714	-0.0663509546	-0.103260836	0.0448341719032896	0.0006782534847502	4.600277895759242e-07	0.0020101029702537	-0.1279748645430345	-0.0451717528125784	0.0020404872521606	0.016377565954808	0.5881980572047354	0.0179383401508772	0.0003217840473685	0.3459769544994251	-0.0195130752812996	0.0012384579281695	0.0003807601069336	1.533778039845894e-06	0.0003780287813588	0.0004354170453075	1.4290575953561945e-07	1.8958800334435127e-07	-0.0009218995233495	0.0001013119842286	8.498987311520354e-07	1.0264118148356345e-08	0.0	0.0	0.0	0.0	0.0	0.0	0.0	0.0	0.0	0.0	0.0	0.0	0.0	0.0	0.0	0.0	0.0	0.0	0.0	0.0	0.0	0.0	0.0	0.0	0.0	0.0	0.0
1021.9887310305536	-2.869711286164716	1044460.9663534412	8.235242865941146	1682.118533756422	-5.81969611126442	2829522.761606856	33.86886282746622	921.3461452562474	-1.797897760713795	3.232436357979678	848878.7193785461	1014.5216262825032	1147.2090296826889	1.375214	32.05093	0.265413696791392	0.1468716565349585	-0.2113598462	0.0194276855	-0.1211516356	-0.0151823299	-0.011975311	-0.0308365344	-0.135041539	-0.0134096726	0.1269712368	-0.1039909708	0.1597435822	-0.0189931708	0.010682892	-0.2077360021	0.0094352201	0.1551215597	0.0322087665	-0.0739828601	0.0681442164	-0.0170729539	-0.0858015999	-0.1023270826	0.0161242455	-0.0903406996	0.0396821018	0.0610477817	-0.1701548422	0.1079991313	-0.0437227397	-0.053481781	0.0159528031	0.0894977835	0.0965485456	0.0253895851	0.0740619443	0.0736196679	0.083484624	0.0185390641	0.0415203391	-0.0140942178	0.0398958368	-0.152329229	-0.0944466806	0.0299077662	-0.0267071926	0.0052346979	-0.0642567205	-0.1077819122	-0.0821537403	0.000675938	0.1293343275	0.1207450665	0.0331984635	0.053715615	0.0580021144	0.0826978311	-0.0268136374	0.0483371523	0.0596031995	-0.089201362	-0.2073167065	0.0790874774	-0.0531531594	-0.1204712184	-0.0591441826	-0.1528065086	-0.0057374953	0.0267742942	-0.0434236543	-0.0833409328	-0.0028934262	0.0345601149	0.0323534443	0.0467266008	-0.0200176168	-0.0072766833	0.1038271231	-0.1331033824	-0.0715621044	0.0504493019	-0.055617513	0.0478798139	-0.0216988313	-0.0694751889	-0.0415188425	0.0731240419	-0.0911024163	0.0178563185	-0.0039623749	-0.0232485391	0.0504000488	0.0290124866	-0.00466581	0.0875922737	-0.1469593703	-0.0341135372	-0.0553340886	-0.1203724087	0.019365366	-0.0460591822	-0.1916275197	-0.1698631019	0.0856346784	0.0465778186	-0.0292420036	-0.0923312113	-0.0454165121	-0.0359516338	0.0732811795	-0.1234203191	-0.022110404	-0.0375009338	-0.1177902685	0.0492330683	-0.0704516497	-0.1069049136	-0.0920252462	-0.0697070255	-0.0883097167	0.0686600371	0.0372760332	-0.0922473808	0.0416719869	-0.065632646	0.0934196269	0.0459789694	-0.0161035399	-0.0730579298	-0.106747262	0.0448538207959359	1.9648892646301208e-05	3.8607898222586965e-10	0.0020118652399939	-0.2110867016171198	-0.0831118370740852	0.0069075774618292	0.0445575955995949	0.6590796786383208	0.0708816214335854	0.0050242042570541	0.4343860227939923	-0.0211795618891172	-0.0016664866078176	0.0004485738418149	2.777177614035412e-06	0.0001180849672963	-0.0002599438140625	1.3944059501368241e-08	6.75707864693596e-08	-0.0006203181574081	0.0003015813659414	3.847946164101804e-07	9.095132028308062e-08	0.0	0.0	0.0	0.0	0.0	0.0	0.0	0.0	0.0	0.0	0.0	0.0	0.0	0.0	0.0	0.0	0.0	0.0	0.0	0.0	0.0	0.0	0.0	0.0	0.0	0.0	0.0
1020.1387832496844	-1.849947780869229	1040683.1370901464	3.4223067919429853	1693.3773898912514	11.25885613482933	2867526.984594907	126.76184146478404	919.7411372991786	-1.6050079570687783	2.576050542254094	845923.7596403866	1011.4774617390644	1130.7897896397212	1.322718	30.827454	0.1819137328402718	0.0953146098236132	-0.1790871515	0.0185973486	0.1201572086	-0.0022919514	-0.0070240153	-0.0465007504	-0.0955905389	-0.1587654889	0.0088473225	-0.0141495093	0.0895191262	0.0367747076	0.2085616411	-0.1968509747	-0.120503286	0.1134481938	0.0572861461	-0.1189589325	-0.1013479833	-0.0806293672	0.0194878718	0.0456195824	-0.0184668571	-0.0660553696	-0.0014431754	0.0231601528	-0.0387435268	0.0545408342	-0.0677176525	0.0029238048	-0.0175049179	-0.004126677	-0.1093014619	0.2225601881	0.1988622344	-0.0126735077	0.1750755472	-0.0031326638	0.1247914728	-0.0259044957	-0.1072508106	0.0169794794	0.1240515463	-0.0002335096	-0.0289574324	0.1066362542	-0.0151448855	-0.1212795084	0.0492054323	-0.030556582	0.0814500847	0.0575294587	0.0501815553	0.0737081648	0.0233756113	-0.0528969055	0.1190388567	0.0742492524	0.069963228	0.1434152163	-0.1998082317	-0.0657164247	-0.1332277007	-0.0454788811	-0.0954891786	-0.0124182249	-0.0491475133	0.0293140811	-0.0384669844	0.0014784918	-0.0712200233	-0.102397734	-0.0037290429	0.0466580748	-0.080936752	-0.117134009	0.1468228022	-0.0405723578	-0.042375003	-0.1579351138	-0.0022792437	0.0440061938	-0.0449968872	0.1202066874	-0.0011386171	0.0135630437	0.0037688722	-0.0493971465	-0.1027018921	-0.1168147898	0.050100506	0.0172888313	0.1700972638	0.0396785946	-0.0481589317	0.0986410706	0.136765674	-0.0306192698	-0.0400212129	-0.0562246617	-0.1633077659	-0.1593192678	-0.0753655118	0.0160913992	0.0728142353	0.081923027	-0.0340758877	-0.0776504319	0.0747862879	-0.027277493	-0.0484628576	0.1078040978	-0.0496165605	0.0075660587	0.031912844	-0.0036276359	-0.0218233342	-0.1875820708	-0.0568752461	-0.0308724408	0.0911781828	-0.1403920692	-0.1137994874	0.1663611163	0.0922356034	0.0420222065	-0.0224686191	-0.0793255261	-0.1092308605	0.0597179632795388	0.0148641424836028	0.0002209427317728	0.0035662351382563	-0.1261672372127549	0.0849194644043648	0.0072113154347241	0.0159181717458995	0.6763555425171148	0.0172758638787939	0.0002984554727586	0.4574568198936207	-0.0218255716857693	-0.0006460097966521	0.0004763555794106	4.173286573704894e-07	0.0003137716980798	0.0001956867307835	9.845267851588117e-08	3.8293296604734004e-08	-0.0010757068714427	-0.0004553887140345	1.1571452732690415e-06	2.0737888087008665e-07	0.0	0.0	0.0	0.0	0.0	0.0	0.0	0.0	0.0	0.0	0.0	0.0	0.0	0.0	0.0	0.0	0.0	0.0	0.0	0.0	0.0	0.0	0.0	0.0	0.0	0.0	0.0
1022.176323344617	2.0375400949326377	1044844.436006319	4.151569638458102	1676.1908887116806	-17.18650117957077	2809615.895400054	295.3758227953874	921.811408715351	2.070271416172432	4.2860237366206055	849736.27323778	1014.8259453443178	1155.3520088417472	1.5067	35.115364	0.3386262650656143	0.1969361927595464	-0.1374279392	0.1082691749	-0.1528718285	0.0374785231	0.0857802613	0.0572822091	-0.0512927789	-0.0123937367	0.1532736531	-0.0913009984	0.1235584248	-0.0275459732	0.0253394631	-0.1427182615	0.0697750676	-0.0055979737	-0.0391342065	0.0451225351	0.0407716502	0.0153692744	-0.1455276884	-0.0489385206	0.0176039821	-0.0187805902	0.0976968007	0.0200286214	0.0778595737	0.004764966	0.1491464306	0.0631650223	0.0322486764	0.1640771529	-0.0162104275	0.025214388	0.0008467873	0.0041711815	-0.1544963667	0.0426889468	0.0811105922	0.0833931404	0.0089778233	0.1444484323	-0.033588178	-0.0025321746	-0.0923195497	-0.063373451	0.0145323737	0.03201718	0.0782130716	-0.1177894994	-0.0289747562	-0.1912734165	0.1540411977	0.2070878094	-0.0285602902	0.062936799	-0.020323777	0.0149905219	0.0197673307	0.1059848248	-0.1329479875	0.1024736135	0.0721847118	0.007528313	0.0008879365	-0.0846554031	-0.06956402	0.010252872	-0.1102559108	0.0016854284	-0.1033823882	0.0590798419	0.0138944041	-0.0447678764	0.0388714186	0.0334166796	0.0160047746	0.0554786794	0.1484084166	0.0284415063	0.0289012054	-0.1444564823	0.0681960504	-0.0484030236	-0.0097644247	-0.136961654	-0.1422552429	0.0419405025	-0.0568186108	-0.0641641602	-0.0755511698	-0.0114120733	-0.0968134844	0.0626561423	0.0288273714	-0.0083581542	0.0011756023	0.1254934831	-0.0432081665	-0.018540464	-0.1554086639	0.0176874455	0.1010968935	-0.0180387502	-0.0258170368	0.023395268	0.0311004421	-0.0284113025	-0.0187462069	-0.0856118178	-0.0140871607	-0.0695968323	-0.0404944365	0.125125139	-0.0357753757	-0.0772325601	-0.041089036	-0.0334912754	0.0904171159	-0.0460444997	0.165269759	0.0019770243	0.1092938648	-0.0462074038	0.0910168938	0.0380022381	-0.0287576717	-0.0851160492	-0.1106882998	0.0380905881451241	-0.0216273751344147	0.0004677433552046	0.0014508929052414	-0.1489540152833939	-0.0227867780706389	0.0005192372548405	0.0221872986690455	0.5618360418796442	-0.1145195006374706	0.0131147160262556	0.3156597379549853	-0.0190421892449719	0.0027833824407973	0.0003626049712413	7.747217811739289e-06	-0.0001020248261529	-0.0004157965242326	1.0409065151529466e-08	1.7288674956399426e-07	-0.000681033612011	0.0003946732594317	4.638067806887493e-07	1.5576698171044198e-07	0.0	0.0	0.0	0.0	1.0	0.0	0.0	0.0	0.0	0.0	0.0	0.0	0.0	0.0	0.0	0.0	0.0	0.0	0.0	0.0	0.0	0.0	0.0	0.0	0.0	0.0	0.0
1018.891912246734	-3.2844110978829804	1038140.7288418064	10.787356259896884	1691.770477427607	15.57958871592632	2862087.348295633	242.72358455741872	920.6639741854394	-1.1474345299116069	1.31660600043347	847622.1533629275	1014.30979546339	1121.4048829578048	1.44919	33.775036	0.1331621158312102	0.0728453836852326	-0.1634863668	-0.0403801039	0.1206968079	0.0343901696	0.0357366982	-0.0929587878	-0.0046769439	-0.0472629366	-0.021076096	0.0445851291	0.1111868768	-0.0137971288	0.0539686384	-0.1385457807	-0.0098922324	-0.0070781515	0.054547928	-0.1117667185	-0.0950446792	-0.0183925437	0.0168535749	-0.0255539159	0.0744184596	0.0982192189	-0.0059031731	0.0825366996	-0.0663542974	0.0322800994	-0.0492034555	-0.0308920879	-0.0576031023	0.153981811	0.0486341255	0.0253350796	0.0328651333	-0.0310176508	0.0324897389	-0.0458517769	0.0257272851	0.0487613137	0.065197184	-0.0234262459	0.1671723391	0.0038402251	-0.0581512102	0.0045860698	-0.0715803333	0.080107187	0.0136017323	-0.0102768324	-0.0551956651	-0.0806266277	0.0348866589	-0.161770746	0.184772571	0.027250553	0.0661012439	0.0907961941	0.0294732709	0.1353936367	-0.131559677	0.0310471107	-0.0779448667	-0.0198494041	0.0371313073	0.0731198363	0.0036350643	0.1178089004	-0.0287670029	0.0086535727	-0.0632180504	-0.0904025181	0.0353365701	-0.0338650137	-0.057412662	0.0729625676	0.1114222527	-0.0880152291	0.0388404181	0.0033400412	-0.057656077	-0.0152581403	0.0344352612	-0.084191202	0.0330532462	0.0913060652	0.0274757568	0.0379964764	-0.0247781326	-0.0716074009	-0.0290564859	-0.0483680477	0.0167849763	-0.0467979678	-0.1517623249	0.0258270238	0.0232630224	0.1139589819	-0.1083458156	0.10610169	-0.1372903944	-0.0420334607	0.0080810154	-0.0061350339	0.0095521438	0.0214148037	-0.0921564605	-0.0522448163	0.1073032921	0.0126330006	-0.1065900715	0.0458652137	0.0612220387	-0.0276146917	0.0090157007	-0.0205395104	-0.0252524131	-0.183179674	0.0124036918	-0.026307685	0.1306271099	-0.0408932478	-0.0180498455	0.0674422179	0.0897639565	0.0339251109	-0.0349494174	-0.0903946745	-0.1111058879	0.028463721438058	-0.0096268667070661	9.267656259561772e-05	0.0008101834381033	-0.1321299467018803	0.0168240685815135	0.0002830492836354	0.0174583228154417	0.6020481344768598	0.0402120925972155	0.001617012391047	0.362461956227067	-0.0200532814105334	-0.0010110921655615	0.00040213409533	1.0223073672598442e-06	0.0002107877472374	0.0003128125733903	4.443147438541803e-08	9.785170607106184e-08	-0.0006749565920545	6.077019956499943e-06	4.555664011578248e-07	3.693017155169857e-11	0.0	0.0	0.0	0.0	0.0	0.0	0.0	0.0	0.0	0.0	0.0	0.0	0.0	0.0	0.0	0.0	0.0	0.0	0.0	0.0	0.0	0.0	0.0	0.0	0.0	0.0	0.0
1022.7779499268028	3.886037680068739	1046074.7348564736	15.101288850914028	1677.239820928159	-14.530656499448014	2813133.4169071224	211.1399783049508	921.1277876297004	0.4638134442609498	0.2151229110772052	848476.4011435864	1013.5696597511846	1150.5861596289776	1.674807	39.033279	0.39463331878169	0.2145869531096589	-0.0910365216	0.13532856	-0.1293571376	0.0947837604	0.0378323611	0.071000243	-0.0770823679	0.0080240453	0.0629619556	-0.0618719994	0.0443294776	0.0488278599	-0.06920127	-0.0613473173	0.043345652	-0.0846814885	-0.0383419057	-0.0232957944	0.0894790829	0.0342358445	-0.1826239176	-0.0309025309	-0.2668223311	0.0524105935	0.0601312175	-0.0465012255	0.149493077	-0.0362209669	0.1564711224	-0.0429612624	0.065934449	0.0974258509	0.2279608786	0.1587130713	0.0656515955	-0.1288719584	0.0092637074	-0.0455744385	-0.1021087896	-0.0707360924	-0.1344024986	-0.1568976784	0.0293630166	-0.1497242094	-0.1437451903	0.1485936542	0.0706458378	0.0111292294	-0.0813529521	0.0203845578	0.1008711083	0.0469625024	0.0318146209	0.0843855039	-0.0553170385	0.0101304108	0.0389090147	0.0116689689	-0.0804266072	-0.0225540864	-0.0619304276	0.0452374132	0.0770046911	0.0075490055	0.0359819468	-0.0438618677	-0.1550306382	0.0268114963	-0.0492365162	0.0913943223	-0.0913171703	0.0262838923	0.0700381379	-0.0350142816	0.1091712426	-0.0831683898	-0.212725294	-0.0545345969	0.0580925616	-0.1309286654	-0.0375754351	-0.0905727406	0.0188791446	-0.1194127463	0.0616794103	-0.0145540222	-0.2480012952	-0.0974701465	0.1292414905	-0.0617073564	0.2050760965	-0.1845079561	-0.0379506414	0.0232249132	-0.1172354557	0.187899794	0.0575309194	-0.1397814146	0.0371416625	-0.0654935856	-0.1046675338	0.1390157059	-0.0463990163	-0.1213668743	-0.1044225461	-0.0853069423	0.0182576721	-0.1456139457	-0.1159467423	-0.1557739348	0.0337742252	-0.1155179169	0.1128779177	0.2780359622	-0.0085885133	-0.0660030126	0.045268062	0.2004686861	0.2295498083	-0.0770293075	0.1180077092	-0.0593156156	0.1838182324	-0.0389483681	0.0884772626	0.029796957	-0.0410229053	-0.0951296555	-0.110479702	0.0035392131532887	-0.0249245082847693	0.0006212311132375	1.2526029744411744e-05	-0.0005209298365826	0.1316090168652977	0.0173209333202502	2.713678946419744e-07	0.5423483193840468	-0.0596998150928129	0.003564067922116	0.2941416995387	-0.017267043135583	0.0027862382749504	0.000298150778646	7.763123724798595e-06	0.0006091848186151	0.0003983970713776	3.711061432311123e-07	1.5872022648232818e-07	-0.0010583208165026	-0.0003833642244481	1.12004295064273e-06	1.4696812858669325e-07	0.0	0.0	0.0	0.0	0.0	1.0	0.0	0.0	0.0	0.0	0.0	0.0	0.0	0.0	0.0	0.0	0.0	0.0	0.0	0.0	0.0	0.0	0.0	0.0	0.0	0.0	0.0
1020.3396254357287	-2.438324491074013	1041092.9512343232	5.945426323771345	1695.9739933179771	18.73417238981824	2876327.786010926	350.9692151314281	920.4044233365332	-0.7233642931671511	0.5232559006292121	847144.3024974563	1014.0859437534266	1114.8421479234055	1.786239	41.630333	0.364465587153239	0.2019600697564947	-0.1223880208	-0.1368543472	0.1286023325	0.0988912363	-0.0525965066	-0.1134191436	-0.0544410194	0.0085561623	0.0103275901	0.0286101485	0.0450980483	0.0272541341	0.0065293603	-0.057487774	-0.0075519047	-0.076508202	-0.0008955507	-0.1695984689	-0.009487059	-0.0233537556	0.0749528369	-0.0477452245	-0.0553504816	0.00066148	-0.008939025	0.0403302862	0.1195851181	0.0018943887	0.0283678727	-0.0287157865	0.0681458567	-0.0257412103	-0.0363602142	0.0912339081	-0.1102012361	0.0063779072	-0.1899810962	0.1481999643	0.0106608323	0.0630692974	0.0843952187	-0.0300111732	0.1072476985	0.0002293486	-0.0001411797	-0.0165485171	-0.0732305556	-0.0578681611	-0.0433904191	-0.1042063998	-0.0072956777	-0.0708374467	-0.1157251649	-0.1829740428	0.0538111375	0.0212115004	-0.0519879917	0.0042917747	0.0007844331	0.0747570646	-0.0586211382	0.0096881402	-0.1077645695	-0.0605087996	0.1127246935	0.0701622085	-0.089346102	0.0397574943	-0.0173554883	0.0193607125	-0.0678967592	-0.0911254679	0.0341006282	-0.0232594631	0.0569779181	0.0378582197	-0.0781278951	0.0790549075	0.0839418335	0.0125989131	0.1234208795	0.0290963197	-0.0801077553	0.0368274908	0.1754641468	-0.0803816725	-0.0053363427	0.0162470298	-0.1535608685	0.016559453	0.0979974653	0.0814386824	-0.1305521157	-0.0427647783	-0.0026193556	-0.1188731317	0.0383752962	-0.0096921258	-0.1024787759	-0.0079041859	-0.0872355394	-0.0008627587	-0.1233698314	-0.1472528606	-0.1287811493	0.0513437516	-0.0091106973	0.0273793147	0.1297716184	-0.0610684985	-0.0226368518	-0.0751635596	0.19310981	-0.017541427	-0.1085853871	-0.0066602109	0.1237767737	0.0956809027	-0.0234009885	-0.1172211669	-0.0860625758	0.0268312023	0.0465266904	0.109046136	0.0871572961	0.0256239856	-0.0469575846	-0.0992925156	-0.1088156246	0.0201099731710172	0.0165707600177285	0.0002745900875651	0.000404411020939	-0.1010386371125662	-0.1005177072759836	0.0101038094760203	0.0102088061895648	0.6860476886570837	0.1436993692730368	0.0206495087294686	0.4706614311117268	-0.0187750044314198	-0.0015079612958368	0.0003525007913998	2.273947269741806e-06	0.0002411001527038	-0.0003680846659113	5.812928363379568e-08	1.3548632127903338e-07	-0.0008608117665209	0.0001975090499817	7.409968973808324e-07	3.900982482467371e-08	0.0	0.0	0.0	0.0	0.0	0.0	1.0	0.0	0.0	0.0	0.0	0.0	0.0	0.0	0.0	0.0	0.0	0.0	0.0	0.0	0.0	0.0	0.0	0.0	0.0	0.0	0.0
1021.8556400225408	1.516014586812048	1044188.9490458764	2.2983002274269047	1678.1124967823855	-17.86149653559164	2816061.551857212	319.0330584909522	922.8582246608644	2.4538013243311525	6.021140939289318	851667.3028242025	1015.3042258447632	1136.7711440209025	1.561532	36.393295	0.2807206971335705	0.1506278744070395	-0.0694056799	0.088399642	-0.011887498	0.1200040027	0.032635039	0.1157374479	0.0179713653	-0.0630753219	-0.004863015	0.0249405442	0.0424970992	-0.0633523529	-0.0426634284	-0.0141587289	0.0726778237	-0.1482312967	0.0495495984	-0.0253043053	-0.0212989311	0.0759783723	-0.0462869635	-0.1207767089	0.0743973984	0.0778564502	-0.0609420117	0.0294742191	0.094182107	-0.1267667939	0.0458731049	-0.0021584819	0.042750741	-0.0448358357	-0.0706979011	-0.0086949706	-0.1181347729	-0.0928908979	-0.0531443548	-0.0438985456	0.1055504658	-0.0438122644	-0.0121418516	0.0439800062	-0.1006337588	0.1057727784	0.014773293	0.1003411536	-0.0695110106	0.0289600994	0.1154108237	0.1188993488	-0.075475372	-0.0287185823	-0.0613029434	-0.0026118975	-0.0533908797	0.1501346304	0.0128171123	-0.0334196825	0.0312059349	-0.0630459437	-0.0130226609	0.0634394656	0.0769579108	0.0883424902	0.0378643581	0.1105878744	-0.1056843893	0.1257283016	0.0281667042	-0.0734866913	-0.0468518439	0.099421918	0.0717100009	-0.0301326947	-0.0178724654	0.0720284312	-0.0473410026	0.2232403359	0.0333856492	0.007607068	0.0596666555	0.0084353857	0.094509347	0.0207624483	0.1224349369	0.00510478	0.1132315787	0.0108916208	0.0420332297	-0.0424145257	-0.1051328499	0.039107272	-0.0130261007	-0.043114383	-0.0660544421	-0.0025750305	0.0072858086	0.1040963083	0.0482260606	0.004253476	-0.0622389385	0.030582192	0.1232789823	-0.0852679636	-0.1576461578	0.0309417278	0.0861837618	0.0416645449	-0.004835182	-0.1301216482	0.0863978106	0.028172014	0.0130109774	-0.1836550961	-0.0784204568	0.0080688564	-0.088851127	0.0392740369	-0.0111951851	-0.031506562	0.0478576673	0.1889674432	-0.0582005979	0.0331551062	0.0858045533	0.0214124734	-0.0527333744	-0.1028582188	-0.1061292888	0.0156040616616763	-0.0045059115093409	2.0303238530010795e-05	0.0002434867403413	-0.1725996348291119	-0.0715609977165457	0.0051209763941874	0.0297906339431427	0.6055847623676698	-0.0804629262894138	0.0064742825070556	0.3667329044119071	-0.016923655295295	0.0018513491361248	0.0002864101085539	3.427493623830047e-06	0.00058286677369	0.0003417666209862	3.397336758717897e-07	1.1680442322032493e-07	-0.0005701102912665	0.0002907014752543	3.250257442079735e-07	8.45073477150845e-08	0.0	0.0	0.0	0.0	0.0	0.0	0.0	1.0	0.0	0.0	0.0	0.0	0.0	0.0	0.0	0.0	0.0	0.0	0.0	0.0	0.0	0.0	0.0	0.0	0.0	0.0	0.0
1019.2009185605888	-2.654721461952022	1038770.512394748	7.0475460405486805	1686.3270484592604	8.214551676874862	2843698.9143653205	67.47885925204761	919.27581674617	-3.582407914694386	12.83364646726498	845068.0272543379	1015.6517304705856	1136.4763317026875	1.429734	33.321579	0.1777171079679854	0.0923434686354396	-0.048767521	-0.1346154948	0.0427005924	0.0878730046	0.0447402586	-0.0950239674	0.0611441513	0.1002105481	-0.0200436949	0.0301789562	0.0715803041	-0.0593018508	-0.0653041636	0.0006703504	0.060031278	-0.2176733417	-0.102981652	-0.131463103	0.0507002051	0.0420875473	0.1004579265	0.0012611772	-0.0569145316	-0.0866280725	0.0100027391	-0.0040231006	-0.0195575006	-0.0291160062	0.0517446488	-0.0009981076	-0.0703478919	-0.0394161619	-0.0322676222	0.027647662	-0.0210442789	-0.1255227044	-0.0248136882	-0.1347141896	-0.0217621736	-0.0099461114	0.0293790569	0.0419251937	0.0818247889	0.0953985859	0.0735932159	-0.1048393627	0.0106772521	0.060621363	-0.0523801646	0.0029547169	-0.0461505473	0.1177162635	0.0670085271	-0.0398904457	0.0371748694	-0.0465927485	-0.0549797721	0.0293927607	-0.1397542366	-0.107562046	0.0128811922	0.1082060506	0.026034004	-0.0576540211	0.2246049687	0.1157190642	-0.0713632372	0.0792161286	-0.0659207205	0.1294016563	-0.0026401365	-0.0628828918	0.0038267819	0.0572994512	-0.0244715326	-0.0010132089	-0.1113860362	0.1050955033	0.0170866385	0.0458704828	0.009321416	0.0418423786	-0.077218237	0.0396232796	-0.0629756105	0.031313708	0.0878340615	0.0054141416	0.0597709226	-0.1511515552	-0.0067379277	0.0153326665	0.0455926747	-0.0794253924	0.0554310315	0.0678986888	-0.1301068965	0.0469614177	0.0163012394	0.0160931726	-0.0390765234	0.1733262274	-0.0936085029	-0.1594446649	-0.1069322594	-0.0222478126	-0.0502576935	0.0426514837	0.1260122142	0.0066935127	-0.057054898	-0.0552437437	0.1732755842	-0.0765797543	-0.000534598	-0.0836298648	-0.0535995092	0.205542051	-0.0236797559	-0.0633156605	-0.0389282543	0.0038042859	-0.0778805505	-0.0687398436	0.0844195428	0.0171687548	-0.0583307311	-0.1058053206	-0.1024459312	0.0207022906722613	0.005098229010585	2.599193904437052e-05	0.0004285848390787	-0.1128678136562371	0.0597318211728747	0.0035678904606282	0.012739143359539	0.5653381941173592	-0.0402465682503105	0.0016197862559269	0.3196072737278769	-0.0170118827148877	-8.822741959270061e-05	0.000289404153505	7.784077567986451e-09	-0.0004827279982007	-0.0010655947718907	2.3302632024685505e-07	1.135492217880793e-06	-0.0002711226920656	0.0002989875992009	7.350751415289815e-08	8.939358447591807e-08	0.0	0.0	0.0	0.0	0.0	0.0	0.0	0.0	0.0	0.0	0.0	0.0	0.0	0.0	0.0	0.0	0.0	0.0	0.0	0.0	0.0	0.0	0.0	0.0	0.0	0.0	0.0
1020.1840270523228	0.9831084917340148	1040775.4490526944	0.9665023065195296	1682.127559164296	-4.199489294964451	2829553.125300032	17.635710338521022	920.4130063129764	1.137189566806455	1.2932001108534534	847160.1021900913	1012.567818508674	1122.4599839807297	1.531188	35.686092	0.0794537481998433	0.039537786054984	0.0008257751	0.117204903	0.0070868229	0.1347770611	-0.0304093991	0.1119478266	-0.1121619788	0.0768834797	-0.125094835	0.1852409662	0.041685986	0.0316129192	-0.0331913841	0.0189238385	0.0627346143	-0.2349979664	-0.0954239429	0.0107930657	-0.1322264538	0.0477587627	-0.0245214971	-0.0189835261	0.1096515352	0.0073956412	-0.0464508384	-0.0995383366	0.1852886579	0.0380022664	0.0618102229	-0.0218529574	-0.0237959827	-0.0479116879	-0.1784335003	-0.1278367062	0.0608071094	0.1332840359	0.058022526	-0.0209901334	0.0096484612	-0.0288975608	-0.0839170886	-0.0149912669	0.0820718957	-0.0428564675	0.0841975012	0.0097270243	-0.0159942456	-0.2176095269	-0.0353846484	-0.1162191394	-0.0676040228	-0.0093583523	-0.0585405366	0.0054572062	-0.0530611045	-0.0578683105	-0.0053778627	0.0375131953	0.0846999606	-0.1586639788	0.0086775238	-0.0474367831	0.1404253634	0.1170541299	0.1171501031	0.2061817525	-0.1087087554	-0.1251542233	0.0352080296	-0.1793848187	0.0999866528	-0.0718094548	0.0374491849	-0.1195714744	0.0480176661	0.0170097535	-0.0591129277	0.0414499666	0.0632674464	-0.1068035324	-0.0774905559	-0.0012274785	0.0854813088	0.1794792006	-0.0416809561	0.1090950778	0.0352640345	0.0508401702	-0.0552318675	-0.0188899546	0.0013530614	0.1503884412	0.0591601312	-0.1272444875	0.014640728	-0.1030115472	0.0176090935	-0.001977453	-0.0218120938	-0.0401852403	-0.00469082	0.1823981454	0.0468141645	-0.1191054558	-0.0635977465	0.1808278883	0.1196095806	0.1003997627	-0.1011384978	0.0156759665	0.1108788845	0.1381632303	-0.0137584794	-0.0791215452	0.0482717868	-0.0290077913	-0.0058074193	0.0102225523	-0.0387049816	-0.0075038675	-0.1397581575	0.1483934559	-0.0742690223	0.0856867861	0.0830027857	0.0128992127	-0.0637307152	-0.1081160967	-0.0978001546	0.0094027845502324	-0.0112995061220289	0.0001276788386017	8.841235729808913e-05	-0.102579838490783	0.0102879751654541	0.000105842433005	0.0105226232647951	0.5423899142153488	-0.0229482799020104	0.000526623550461	0.2941868190425334	-0.0165477779939058	0.0004641047209818	0.0002738289565355	2.153931920376864e-07	-0.0004146606736676	6.806732453309999e-05	1.7194347428646788e-07	4.633160669094356e-09	-0.0001049349973736	0.0001661876946919	1.1011353673797441e-08	2.76183498670414e-08	0.0	0.0	0.0	0.0	0.0	0.0	0.0	0.0	1.0	0.0	0.0	0.0	0.0	0.0	0.0	0.0	0.0	0.0	0.0	0.0	0.0	0.0	0.0	0.0	0.0	0.0	0.0
1025.976125186693	5.792098134370235	1052627.0094531009	33.54840079817516	1684.8738775833792	2.746318419083309	2838799.983362852	7.542264858996245	921.5923520209226	1.1793457079461405	1.3908562988509832	849332.4633034561	1015.2105728921914	1138.322593272348	1.464715	34.136852	0.1799110147920938	0.1256213276862278	0.0199805589	-0.0229332143	-0.0505534199	0.0195955974	-0.0318250735	0.1331294195	-0.0323842659	0.1936886951	-0.0367386543	0.1822769014	-0.111636431	0.0279445626	0.1589411714	0.0256519964	0.0819238288	-0.2291922314	0.0196127499	0.0431283225	0.0774292779	0.0633550452	-0.0102081069	0.1120157742	0.0277716146	-0.1941059185	0.0292887977	-0.1103136108	-0.1352106492	-0.0665801324	-0.0414302834	0.1155356365	-0.0053776914	-0.1407812954	0.0982209449	0.065088266	-0.1971139468	-0.0737660562	0.012720259	-0.0959726514	-0.0771886761	0.1473589319	-0.0517958715	-0.0592941532	0.0535806148	-0.1031203776	0.0674009022	-0.0086925842	0.0589891953	0.069238641	-0.0053332997	-0.0013593857	0.1092464137	-0.0288451793	-0.0002608993	-0.0026226269	-0.0557620183	0.0243255613	-0.0151050437	0.0546777364	0.0842506847	0.0409454313	0.0369231154	0.0259139702	0.2027056128	0.0983358199	0.1523876499	0.0317512446	-0.0993885219	0.0262543975	0.0853093798	-0.0015554896	0.0577290556	-0.1812945175	-0.124056911	0.0140973324	-0.1482513352	-0.1208896057	-0.01993763	0.0340986691	-0.1514276661	0.0816998588	-0.0251464877	-0.0185145418	-0.2085964856	-0.1226070997	-0.1226325286	-0.0536377572	0.1098570956	-0.1145515185	0.0031985171	-0.0772582538	0.0905332724	-0.110332729	-0.1372246261	0.0845710034	0.0387120608	0.0353474545	0.067038854	-0.0783574643	0.0156442388	0.0495261768	0.0021831577	0.2102936166	-0.0059439415	-0.0648112755	-0.0618310309	-0.0748064995	0.0669800949	0.1132110942	0.086012001	0.055090359	-0.1023767318	-0.0221245895	-0.0775506228	0.03050134	0.0653427149	-0.0897797511	-0.121488266	0.0343876276	-0.0416490907	-0.0904622949	-0.0055956778	0.0596147035	-0.1069415599	-0.1724596699	0.0815548146	0.008610269	-0.0689150546	-0.1097766499	-0.0922356034	0.0047108765576808	-0.0046919079925516	2.2014000610569588e-05	2.2192357941706504e-05	-0.2193711088298044	-0.1167912703390214	0.0136402008274023	0.0481236833892178	0.4973137231601328	-0.0450761910552159	0.0020318630000463	0.2473209392433931	-0.0166822940175034	-0.0001345160235975	0.0002782989336864	1.8094560604509352e-08	-0.0003163600519668	9.83006217008e-05	1.0008368248043641e-07	9.663012226763792e-09	-0.0001391512601813	-3.4216262807699985e-05	1.9363073210043845e-08	1.1707526405255931e-09	0.0	0.0	0.0	0.0	0.0	0.0	0.0	0.0	0.0	0.0	0.0	0.0	0.0	0.0	0.0	0.0	0.0	0.0	0.0	0.0	0.0	0.0	0.0	0.0	0.0	0.0	0.0
1025.9950613385015	0.0189361518084751	1052665.8658909954	0.0003585778453136	1674.7540814275326	-10.119796155846643	2804801.2332581785	102.4102742358885	922.1287979680404	0.5364459471178407	0.2877742541791571	850321.5200419831	1009.752967951495	1149.2770525074202	1.28751	30.006886	0.3399003872387368	0.2490953316389208	0.0525867346	0.0040001599	0.0302705951	-0.0403311203	0.0724223147	0.0287557928	0.0306658978	-0.0691838102	-0.1851260518	-0.084860112	-0.0086654169	-0.0776273147	-0.0364777364	0.0425204435	0.1063396158	-0.162418033	0.0498978512	-0.0274188251	-0.1198508111	0.0610018273	0.006684445	0.0304829896	0.0301108578	0.04296959	0.0153632527	-0.0067416707	-0.1285344601	0.1780906616	0.0233148654	0.1291044129	-0.0585154018	0.0135355614	0.0234870569	0.0173574857	-0.0028982391	0.0773926905	0.0191082569	0.1808341243	-0.1113929763	0.0648314023	0.0172407953	0.0062874293	-0.1659682654	-0.0696094776	-0.0008715786	0.0225692918	-0.0187116359	-0.0027488765	-0.0575756492	-0.0929819095	-0.1180728785	-0.0105616575	-0.0328963016	-0.0879300068	-0.0465951204	-0.1857978646	-0.0904107496	-0.0992010215	-0.0279804808	0.1060383289	0.0369115886	-0.0813776193	-0.026766813	0.2092596157	0.100182045	0.0385524885	-0.0644824067	0.0232642705	0.0315781987	-0.0292101989	0.134505164	0.0724845493	-0.0181018542	0.2089433848	0.1700047072	0.1171452158	0.0594830842	0.0234757415	-0.1031724097	0.0178474554	-0.1143329494	-0.0108595011	-0.1257178977	-0.0233330421	-0.0208303335	0.0030478696	-0.0869773598	0.1303426854	-0.0795788084	0.1165725037	-0.0209200242	0.017925096	-0.0767109485	0.0313867106	-0.0083346458	-0.1227771929	0.0230608273	0.0096658081	0.0586969902	-0.1782431697	0.0140016026	0.1898405466	-0.0844792088	-0.0998090151	-0.0162796015	0.1167171595	0.1550071136	-0.011276522	-0.0451631396	0.0789403414	0.024326941	0.0057809048	-0.0052727936	-0.0491211237	0.0353167482	0.0186511423	0.1223753334	0.0115422332	-0.0478422465	0.1186793656	-0.0691070576	-0.040067387	-0.0948257613	-0.0561338329	0.080076174	0.0043083746	-0.0738662073	-0.1107769935	-0.0858045533	0.017568832796897	0.0128579562392162	0.0001653270386495	0.0003086638858453	0.0179089113119061	0.2372800201417105	0.0563018079584505	0.0003207291043777	0.5718345449481177	0.0745208217879849	0.0055533528799566	0.3269947467960208	-0.0168868053848505	-0.0002045113673471	0.0002851641961058	4.182489937418114e-08	-0.0002466042452502	6.97558067166e-05	6.08136537754208e-08	4.865872570683658e-09	-0.0001085866528485	3.056460733279999e-05	1.1791061176840653e-08	9.34195221408251e-10	0.0	0.0	0.0	0.0	0.0	0.0	0.0	0.0	0.0	0.0	0.0	0.0	0.0	0.0	0.0	0.0	0.0	0.0	0.0	0.0	0.0	0.0	0.0	0.0	0.0	0.0	0.0
1025.6709743857857	-0.3240869527157883	1052000.9476974872	0.1050323529206056	1679.5141678519872	4.760086424454585	2820767.840015553	22.658422768276832	922.3735500614916	0.2447520934512113	0.0599035872487504	850772.9658530391	1015.039365023276	1147.7728415678357	1.14571	26.702082	0.246925877007673	0.1358522656932634	0.0581721288	0.0028355195	-0.0840891574	-0.0116085241	-0.0087049212	0.0733362371	0.0144077126	0.0656508977	0.0458223251	-0.0235213104	-0.026760024	-0.0125399727	-0.1159782175	0.054624617	0.1304766726	-0.1775634069	-0.0016288428	0.0321801642	-0.037496555	0.1279646489	-0.0754493911	0.0100098566	0.0397289183	-0.0129327074	-0.028431488	-0.0111070142	-0.0718104968	-0.0079206117	0.0157370297	0.1016458342	-0.0878206496	-0.0262289038	0.1087215962	0.0062153164	0.0536478737	0.0718252104	0.0619910441	-0.0119083839	0.0554955379	0.0567753079	0.1225797462	-0.0369112763	0.0357269363	0.0221089844	0.1652125398	-0.0247000596	-0.0435954815	-0.1098431814	-0.0299567277	0.0840214475	-0.0652916859	0.0050195192	0.0774877974	0.0539788027	0.0326254454	0.035124621	0.0115009336	-0.0656649081	-0.0726443525	0.0822615585	0.0613735489	0.0555126848	0.1250823832	0.1008332522	0.1203954054	-0.0323776754	-0.0933219972	0.0446318526	-0.0101351295	0.0309842425	0.1150237894	-0.0020514698	-0.0120295263	-0.0086634141	0.0688080358	0.0870349301	0.0124111037	-0.0721942778	-0.0667020192	0.0165040341	0.0172892579	-0.1079426476	-0.1204358434	-0.038151391	-0.0859684476	0.0383727236	0.0831697142	0.0257330628	0.1232915887	0.030922003	0.0445060239	0.1898010271	-0.0758454625	-0.0306392733	-0.0214221747	0.0138881146	-0.0917500947	0.0421353121	0.1305993922	0.0807076128	0.0344604275	0.2186196819	0.0327448408	-0.0681334567	-0.0928356511	-0.0657822609	0.1033346999	0.0301941797	-0.0206029811	0.0117878085	-0.0439880909	0.0014207635	-0.0359032138	0.0495034945	0.0024109672	-0.002313198	0.0546834908	0.0253687855	-0.0198480659	0.0558014076	-0.0828713788	0.064571118	-0.0101412464	-0.0819460262	0.0785674201	0.0	-0.0785674201	-0.1111111111	-0.0785674201	0.0053467090482541	-0.0122221237486428	0.0001493803089271	2.8587297646682267e-05	-0.0885174089086149	-0.106426320220521	0.0113265616356808	0.0078353316798949	0.509760600752756	-0.0620739441953617	0.0038531745479688	0.2598558700798107	-0.0159376744132922	0.0009491309715582	0.0002540094657041	9.008496011711996e-07	5.679925381296691e-05	0.0003034034990631	3.226155233709836e-09	9.205368324377313e-08	-3.705134660701714e-05	7.153530624148287e-05	1.37280228539332e-09	5.1173000390627385e-09	0.0	0.0	0.0	0.0	0.0	0.0	0.0	0.0	0.0	0.0	0.0	0.0	0.0	0.0	0.0	0.0	0.0	0.0	0.0	0.0	0.0	0.0	0.0	0.0	0.0	0.0	0.0
1027.484282326834	1.8133079410483788	1055723.9504286894	3.288085689069111	1703.487235989778	23.973068137790733	2901868.7631800934	574.7079959391573	922.216401428094	-0.1571486333976963	0.0246956929787635	850483.0910629833	1013.7466231098988	1152.1160606062117	1.160362	27.043558	0.240499351244194	0.1460336993323945	0.0383186137	-0.0480172981	0.0670124127	-0.0504841715	0.0752485283	-0.1066788691	0.0115706069	-0.075448445	0.0041451538	0.0503303714	-0.0705794086	0.0503708072	0.083119027	0.053732057	0.0525713892	-0.1511523354	0.0655619114	-0.0093821988	-0.112760062	0.0776743993	0.0850058456	0.0798974127	-0.0834214214	0.0502998865	0.0937595398	-0.0659875162	0.0979096102	0.0946046039	0.0739754598	-0.0211949863	-0.1755116175	0.0903138683	0.1491561662	-0.0272422381	0.0157587418	-0.0030104058	0.0698631324	-0.017434326	0.0351261008	0.025120517	0.0960487852	0.0489366618	-0.1172814167	0.0704754848	-0.0065452901	0.0144462536	-0.0386828183	0.0721734038	-0.0638000258	0.1300050474	-0.0770372368	-0.0231368375	-0.0120494582	-0.0019548343	0.0020917947	-0.0802903536	0.1501467571	0.0184512942	0.0892903083	-0.0453061134	0.0487581002	-0.0409136357	-0.0896046489	0.1325056537	0.1156613498	0.0493567417	-0.0607603288	0.058672952	0.0226019243	0.0882777187	0.1262030219	-0.0620726338	-0.01487554	0.0054890453	0.0933840658	-0.0306657378	0.0341903435	0.0107108686	0.129273964	-0.0791804188	-0.1307135854	-0.0598088459	0.0071203967	-0.1268640952	-0.0273140563	-0.0278601513	-0.0578533424	-0.0408785722	0.1751666301	-0.007080192	-0.1190409786	0.0392865041	-0.0330021233	-0.0304044037	0.0059738238	0.0239523241	-0.0788363687	-0.0409930286	0.0142324045	0.0004880305	0.0052789664	0.13781418	-0.1192504617	-0.0508638749	-0.023898512	-0.0171610358	0.0478183049	0.033951873	0.0082082732	0.0846814885	-0.0072137487	-0.0362039933	0.0547125378	0.0188111073	0.0498020617	0.0099078142	0.107487928	-0.0668986046	0.0014320451	0.0819325082	-0.1076320374	0.045845138	-0.0971318033	-0.0494324381	0.0770291202	-0.0043083746	-0.0830027857	-0.1107769935	-0.0705921926	0.0116497213085011	0.0063030122602469	3.972796355282399e-05	0.0001357160065657	-0.0511531414366572	0.0373642674719576	0.0013960884837159	0.0026166438788386	0.589728553017153	0.079967952264397	0.0063948733893608	0.347779766243705	-0.0180329548054073	-0.002095280392115	0.0003251874590138	4.390199921582002e-06	9.4683599071832e-05	3.7884345258865096e-05	8.964983933195427e-09	1.4352236156928943e-09	-0.0002411689941849	-0.0002041176475778	5.816248375615634e-08	4.166401405272879e-08	0.0	0.0	0.0	0.0	0.0	0.0	0.0	0.0	0.0	0.0	0.0	0.0	0.0	0.0	0.0	0.0	0.0	0.0	0.0	0.0	0.0	0.0	0.0	0.0	0.0	0.0	0.0
1026.3079854652142	-1.1762968616199032	1053308.0810296664	1.3836743066568338	1700.2528343532397	-3.234401636538223	2890859.700726225	10.461353946441136	921.1599125955028	-1.0564888325911852	1.1161686533898854	848535.5845729543	1013.4030256518982	1168.396324143799	1.439232	33.542957	0.353131426242332	0.2092669726933058	0.0271588691	0.0956841136	-0.1020701822	-0.0147868779	0.0594111102	-0.0920933502	-0.0495031222	0.0347172775	0.1750125395	-0.0319808252	-0.0653313772	-0.0547852521	0.0015270585	-0.0134253824	-0.015647699	0.0589248774	0.0366881809	-0.0243830593	0.0571200294	-0.0261264831	-0.0445677469	-0.1584542236	0.0594263906	-0.058385719	-0.0794362946	-0.0084365758	-0.0159271195	-0.017600444	-0.1191093761	0.0109316459	-0.0869204698	0.0353052553	-0.0773720485	-0.1458322848	-0.055275221	0.041516377	-0.0061130965	0.045584518	-0.0947432637	-0.2773352629	0.0508671275	-0.0970149967	-0.0647632141	-0.100606284	-0.0717178906	0.0378978867	0.0148118526	0.0495913636	-0.0063230388	-0.1116418147	0.0370239195	-0.1428136141	-0.0584300578	-0.0572731401	-0.034655046	-0.1260203974	0.0264341888	0.0459977079	0.1014179495	0.0440058142	-0.0156182501	0.0129227293	-0.1063463193	-0.0525581697	0.0177980314	-0.1284875534	0.0222204655	-0.0266859583	0.0203664375	-0.138571793	0.0752594793	0.0876212203	0.0863294415	-0.1301966102	-0.1096522964	0.0750656752	-0.0290070632	0.0584217562	-0.0364009482	0.1302097347	-0.1257213451	-0.0194481085	0.0187908723	-0.0215535421	-0.0746776776	-0.1058701115	-0.1202311278	0.0249921394	-0.0638164665	0.1598267174	0.0129177142	-0.073419325	0.1637580022	-0.1154251683	-0.0897785774	-0.1417307332	0.013816848	-0.1694991495	-0.0884920714	0.0296298857	0.0083683725	-0.050959317	0.0514924514	0.0608495637	0.026310638	0.0467658683	0.0126164474	0.0106159361	-0.0522343158	-0.073935439	-0.0666607536	-0.0031336529	-0.0740891088	-0.0098589501	-0.0464101629	0.0095129503	-0.0659045373	-0.0846304181	0.1009560932	0.0592976861	-0.0626225911	0.1732021661	0.0869752064	0.030703603	0.0754618528	-0.008610269	-0.0871572961	-0.1097766499	-0.0619537931	0.0113098073711199	-0.0003399139373811	1.1554148482598997e-07	0.0001279117427718	-0.208377930257356	-0.1572247888206988	0.0247196342197133	0.0434213618183395	0.6485204589683917	0.0587919059512387	0.0034564882053793	0.4205787857005734	-0.0201462643215377	-0.0021133095161303	0.0004058719661132	4.466077110967304e-06	0.0003080775213764	0.0002133939223045	9.491175917742621e-08	4.5536966076528e-08	-0.0006499619064102	-0.0004087929122253	4.2245047978438164e-07	1.6711164508564186e-07	0.0	0.0	0.0	0.0	0.0	0.0	0.0	0.0	0.0	0.0	0.0	0.0	0.0	0.0	0.0	0.0	0.0	0.0	0.0	0.0	0.0	0.0	0.0	0.0	0.0	0.0	0.0
1020.8225604140096	-5.485425051204629	1042078.6998502142	30.089887992383307	1685.8314419622006	-14.421392391039037	2842027.6507083527	207.97655849631855	919.3541908324424	-1.805721763060319	3.260631085589667	845212.128201175	1011.9233758193092	1141.0542429092009	1.275597	29.729237	0.170575995873869	0.1072567296687757	-0.0093009062	0.0029230737	-0.0238143496	0.0565895801	0.0101715626	0.0441173602	0.0281018571	-0.0657075948	0.0622416015	0.0456606731	0.0288466126	0.0599518614	-0.028728869	-0.0077643917	-0.0801661379	0.0644517553	-0.0513366827	-0.026368845	0.0859556739	-0.0203528935	-0.0623998897	0.1023774851	-0.0600021784	0.0198539183	-0.1829826219	-0.0306863062	-0.06911119	-0.0571560982	0.0285718334	0.112221603	-0.0238863404	-0.0510286535	-0.0321413476	0.0239849343	-0.062150317	0.0790926004	-0.0640540362	-0.0347712418	0.0632454189	-0.1143648863	0.0460934152	0.0808996858	-0.0364146667	-0.064041753	-0.0540675165	-0.0543616623	0.0021705467	0.0425983683	0.0166598949	0.1175922918	0.0436686172	0.0230577681	-0.0573183551	-0.0474414662	0.0897028432	-0.074124692	-0.0184227644	0.0972744545	0.1001908796	-0.0781052466	-0.0079623083	0.0008715087	-0.0031459905	-0.0679854876	-0.0821086997	0.0075709734	-0.0020599046	0.012951767	-0.0186774388	0.0262363969	-0.0330697082	0.077530544	-0.0888782716	-0.0500761735	-0.1244919502	0.0526097577	-0.1663348446	-0.0688765132	-0.1779859845	0.0082319923	-0.0049966138	-0.0793935809	-0.0136771287	0.0310854525	-0.0191591561	-0.1694463221	-0.0159948113	-0.0625677241	0.0197151075	0.0875538411	-0.0632349488	0.0385239068	0.0757503727	-0.037643466	0.0090424647	0.0087897465	0.0554617834	0.0476290915	-0.0092929196	-0.022006392	0.0177304094	-0.0752500877	0.0587020723	0.0489543106	0.0234709327	0.0074324864	-0.0427483171	-0.0551821566	0.0270914391	-0.032458886	-0.0421876383	-0.0776301651	-0.0326581361	0.0138640351	0.1752689015	0.020148673	-0.0690495115	-0.0990590874	0.071695005	-0.0292970061	0.0223411671	-0.0676523188	0.0206343324	0.0126622932	0.0738662073	-0.0128992127	-0.0910168938	-0.1081160967	-0.0527333744	0.018222356205868	0.006912548834748	4.778333139277729e-05	0.0003320542656935	-0.1055054530134071	0.1028724772439488	0.0105827465743067	0.0111314006155642	0.6611914066925237	0.012670947724132	0.0001605529162276	0.4371740762840383	-0.0203852311968453	-0.0002389668753076	0.0004155576509488	5.710516749427848e-08	0.0008291434773375	0.0005210659559611	6.874789060113214e-07	2.715097304616551e-07	-0.0004475942962581	0.0002023676101521	2.0034065404278387e-07	4.0952649638672345e-08	0.0	0.0	0.0	0.0	0.0	0.0	0.0	0.0	0.0	0.0	0.0	0.0	0.0	0.0	0.0	0.0	0.0	0.0	0.0	0.0	0.0	0.0	0.0	0.0	0.0	0.0	0.0
1024.01811828087	3.195557866860554	1048613.106567494	10.211590080454377	1683.6889039081077	-2.142538054092938	2834808.325143285	4.590469313236354	919.7198520116018	0.3656611791593604	0.1337080979442139	845884.6061842428	1012.1073933919272	1133.5972476759232	1.158017	26.988918	0.1205095552213693	0.0594041643868239	-0.0102120017	-0.0888854332	0.0631186019	0.0151317843	-0.0751262419	-0.058196338	-0.0026589165	0.0165930966	-0.1586538827	-0.056948768	0.0182247465	-0.0401414048	-0.0178233862	0.0041948507	-0.1348401731	0.0253454608	-0.0578255171	-0.0360551685	0.0522349407	-0.0341311494	0.1154128111	0.0162878401	-0.0699300767	-0.049371047	-0.0795240088	0.0639692149	-0.0289523727	-0.0257993242	0.0622383565	-0.0428299817	-0.0777502176	0.0207156467	-0.0251268234	-0.0069168739	-0.080969964	0.0540221103	-0.0982818687	0.0822329924	0.047196117	-0.0849063065	0.0513018696	0.0395727615	-0.1028551177	0.1516379626	0.0346680775	-0.0500482195	-0.0346662597	0.0873385748	-0.0345511383	-0.0563073349	-0.0134250674	0.0372928403	-0.1533296251	0.1556984069	-0.0174349847	0.0480638654	0.0670632406	-0.027132364	0.0372785203	-0.109906184	0.0039061474	-0.0860712135	-0.0235121529	-0.1295367066	0.0211417519	0.0501988038	0.0716137609	-0.001923217	-0.0376441971	0.0747064234	-0.0600148583	-0.0864373752	-0.0303326278	0.0673197443	-0.0570638127	0.0011405859	-0.0973485359	0.0453840019	-0.0306536839	0.0333223092	0.0269748828	0.0446903974	0.0139950584	-0.0053347025	0.0814410099	-0.0256834758	-0.0516416948	0.0934923932	-0.0492271571	0.0473933118	-0.1365041858	0.087832682	0.0556407918	-0.0447372823	0.0421976305	-0.0655239007	-0.0528189676	-0.0261175185	-0.0680082588	-0.1004834548	0.0162711243	-0.087218668	-0.0543161376	0.0334437579	0.0202529282	-0.044781344	-0.0711692207	-0.0274849929	0.0583437897	-0.0015937622	0.037871547	-0.0558158451	0.1140051674	-0.0170807309	0.1816709385	0.0218908239	0.0057378918	-0.0340858722	-0.0287220228	0.0388719294	-0.0897946026	-0.0114472927	-0.0177344599	0.073055606	0.0722427837	-0.0171687548	-0.0945685192	-0.1058053206	-0.0430175569	0.0259076961378355	0.0076853399319675	5.9064449869894255e-05	0.0006712087191704	-0.0726451859706145	0.0328602670427925	0.0010797971501236	0.0052773230447051	0.698259842203953	0.0370684355114292	0.0013740689112649	0.4875668072346893	-0.0209222340207717	-0.0005370028239264	0.0004377398764199	2.883720329049293e-07	0.0009676953228952	0.0001385518455577	9.364342379532454e-07	1.9196613907444762e-08	-0.0006299498814776	-0.0001823555852194	3.9683685317364235e-07	3.3253559460746314e-08	0.0	0.0	0.0	0.0	0.0	0.0	0.0	0.0	0.0	0.0	0.0	0.0	0.0	0.0	0.0	0.0	0.0	0.0	0.0	0.0	0.0	0.0	0.0	0.0	0.0	0.0	0.0
1025.6083599196888	1.5902416388187248	1051872.507937154	2.528868469832864	1674.5293442435886	-9.159559664519064	2804048.524732863	83.89753324788461	922.5977594657844	2.877907454182605	8.282351314839802	851186.6257712854	1012.880286259472	1144.910124213735	1.257723	29.312679	0.1661164974123971	0.1064528830434365	0.040284637	0.094801343	0.0008225346	-0.019041335	-0.0334047457	0.1337461926	0.0161705932	0.0187879902	-0.0520447421	0.0127554711	-0.0023759762	0.0069186355	0.0326611216	0.0210073542	-0.0351180097	0.0132776061	0.1302714335	0.0768797358	-0.0061591738	-0.0177288379	-0.1075836696	0.035202533	-0.0088775073	0.0575846496	-0.0942300779	0.0732555732	-0.1549270304	0.0174191609	0.0291902065	-0.1488784378	0.0491659388	-0.0328532271	-0.0400910025	-0.088081544	-0.0357426267	-0.0509936625	-0.0193379572	-0.1344325003	0.033110598	-0.0836533495	-0.0408045059	0.0101488589	-0.0046500731	0.0083353517	-0.0203372305	0.0723399749	0.0007146377	0.0709494375	0.0273245481	-0.1573975792	-0.0443994079	0.0049181842	0.1099439981	0.0484533215	-0.074860377	-0.0415506011	0.1039818284	0.0192057678	0.0106682634	-0.0606755622	0.0165084888	-0.075423374	0.0890468689	0.0650828739	-0.0756658346	-0.0400742661	0.0054593923	0.0285701974	0.0873743019	-0.0643674798	-0.0740861863	-0.0387121924	0.0304256564	-0.0053550837	-0.0725203909	0.0525036561	-0.0663808881	-0.0948396486	-0.1327862876	0.0853921123	-0.0315119602	0.1622284963	0.1807557029	-0.0326404091	0.01853337	-0.0214907326	-0.0261829235	0.0825689119	-0.0455423253	-0.1092197538	-0.1103703552	-0.0772365221	0.0820530146	-0.0298846023	-0.0142075002	0.0856975556	0.02946737	0.0173965686	0.0531934795	-0.0620823825	0.0225701509	-0.0141713265	0.0320206555	0.1020683519	0.1395143199	0.0842273064	0.0483313844	0.0253192943	-0.0751965408	-0.0163056687	-0.0068236558	-0.0222437271	-0.0149144398	-0.0475173686	0.2099765779	0.0183964146	-0.0722866815	-0.0048550975	0.0588881198	-0.0389394872	0.0604756443	-0.0373800553	0.0585917524	0.0267639015	0.0705921926	-0.0214124734	-0.0978001546	-0.1028582188	-0.0328976148	0.0269796029685949	0.0010719068307593	1.1489842538286605e-06	0.000727898976343	-0.1384930201406007	-0.0658478341699861	0.004335937264878	0.0191803166276648	0.6173310499605265	-0.0809287922434265	0.0065494694139796	0.381097625245366	-0.0206681946199374	0.0002540394008343	0.0004271742688476	6.453601717625056e-08	0.0009992949979029	3.159967500770001e-05	9.98590492833757e-07	9.985394605922607e-10	-0.0005502296739551	7.972020752249997e-05	3.027526941007357e-07	6.355311487430462e-09	0.0	0.0	0.0	0.0	0.0	0.0	0.0	0.0	0.0	0.0	0.0	0.0	0.0	0.0	0.0	0.0	0.0	0.0	0.0	0.0	0.0	0.0	0.0	0.0	0.0	0.0	0.0
1027.7214504897206	2.1130905700317726	1056211.3797966952	4.4651517571572015	1686.7455923992654	12.216248155676794	2845110.6934783487	149.2367190010767	923.2051196547797	0.6073601889952442	0.3688863991763388	852307.692956796	1016.4453322821212	1169.4345652667944	1.200601	27.981369	0.0675095121985483	0.0409582758096092	0.0350153126	-0.0653924545	0.0035417493	-0.0817691118	0.1028703842	-0.0533609203	0.1097638374	-0.0098912549	0.000554701	-0.0231007235	-0.0295120871	-0.1320339672	-0.0352414457	0.0342162144	0.0239676422	0.0226479077	0.1257325896	-0.0186639536	0.0385315324	-0.0165482135	0.0256131989	-0.0269806099	-0.0890142909	0.0297499215	0.0652255575	0.0823064046	0.0130630674	0.0275868445	-0.0676105302	0.0486062097	-0.0823508825	0.0834944857	0.0385309694	-0.0829161381	-0.1702098534	-0.0320865697	-0.1447619902	0.0110928188	-0.0790070853	0.0255827446	-0.0628809862	0.0718565765	0.0461063755	0.046525901	-0.0432578265	-0.0078211456	0.0798626553	0.04970493	0.0509440791	0.1011770491	-0.1565868884	0.1269049482	-0.0336759105	0.0112450788	-0.076728749	0.1175201136	0.0229498865	-0.0824313754	0.0166077904	-0.0850814912	0.0408751288	0.0433558068	-0.0278438581	-0.0107801385	0.0416623196	-0.0307614753	0.1103961331	0.1380514401	0.0498949266	0.0129033779	-0.0930957091	-0.0332827484	0.0252756952	-0.0002134174	0.0397314553	0.0385607192	-0.031832536	0.0280270656	0.0276787364	0.1716790397	-0.1088844046	-0.0607116722	0.0196131413	-0.0550839352	0.0809085743	-0.0526894294	0.0638974821	0.0193620285	-0.0078241246	0.0583187443	-0.0195782065	-0.1591865794	-0.0787421575	-0.0408623718	0.1042214903	0.1150893379	0.0021900904	0.102416244	0.0711020419	0.0014553073	0.0280282418	-0.0062816808	0.0362233125	0.0742927358	0.0639532417	-0.0854923136	-0.0466024064	-0.0291331416	0.0382365856	-0.0110149365	-0.0645290857	-0.0557730834	0.0867488289	-0.039798261	0.1161851071	0.0709738533	-0.0014018887	-0.0051806866	0.0564388123	0.0367242322	0.0729865049	-0.0477237004	0.0218288588	0.0006336621	0.0689150546	-0.0256239856	-0.1007008652	-0.0992925156	-0.0224686191	0.0211379407338228	-0.0058416622347721	3.412501766516259e-05	0.0004468125384666	-0.1273660097393474	0.0111270104012533	0.0001238103604695	0.0162221004369235	0.6154821646428985	-0.0018488853176279	3.418376917740192e-06	0.378818294993508	-0.0199395852274764	0.0007286093924609	0.0003975870590437	5.308716467823866e-07	0.0011360143976004	0.0001367193996974	1.2905287115553995e-06	1.8692194253644743e-08	-0.0004417193812157	0.0001085102927394	1.951160117415809e-07	1.177448363039029e-08	0.0	0.0	0.0	0.0	0.0	0.0	0.0	0.0	0.0	0.0	0.0	0.0	0.0	0.0	0.0	0.0	0.0	0.0	0.0	0.0	0.0	0.0	0.0	0.0	0.0	0.0	0.0
1024.447246474919	-3.274204014801626	1049492.160810043	10.720411930543085	1691.8199109284774	5.074318529211951	2862254.611014041	25.74870853590373	921.5914957409096	-1.6136239138700148	2.603782135413185	849330.8850219671	1013.867659073832	1160.9773732476738	1.295049	30.182594	0.231247318537915	0.1559060004290578	0.0701391081	0.143520159	-0.003618273	0.0056586315	-0.0326863993	-0.0126935217	-0.0260485813	-0.0754597734	0.0809757932	0.0520898754	-0.0188937392	0.1401818015	-0.007826345	0.037407959	-0.035633044	0.1000072579	0.1356923554	-0.0937344333	0.0370188275	0.0349177822	-0.1525870752	0.0056766469	-0.0897648815	0.109767448	-0.0397540789	0.0335425885	-0.0094751283	-0.0575873724	-0.1906724638	-0.0179641408	-0.0318105899	-0.110705535	0.0533475246	-0.1240409868	0.0211830833	0.0007252695	0.0155048613	0.0682167673	-0.0928475955	-0.0880041852	-0.0446314076	0.0733822086	0.1093532749	0.0861147075	-0.136581033	-0.0459752971	-0.0805468425	0.0277245802	-0.1275333203	-0.0054825379	0.0337967429	0.0262202359	0.0206940286	0.1384852876	0.0125994729	0.0269632226	-0.1245410301	0.0152052736	0.005029479	-0.0505636492	0.034366772	-0.0051373061	-0.0953222844	-0.0180596389	-0.1221928593	-0.058712115	-0.1320871597	0.0560131642	0.0983711883	0.0508891424	-0.0462062456	-0.0355049302	0.0080159773	-0.0747678347	-0.0631552373	0.0215143832	0.0135811915	-0.0487850781	-0.0947516784	0.0615137445	-0.1041438077	0.113840851	0.0701941003	0.0380608038	0.1661957865	0.0858382307	-0.0653715431	-0.1008664723	0.075070871	0.22078632	0.0457942496	-0.031012829	0.0321786197	0.1116827898	0.0792520347	0.0145475181	-0.0404130413	-0.0586625154	-0.1009723115	0.0502038029	0.0348139882	-0.1120813505	-0.0816036819	0.0068917021	0.0074923103	-0.0275006669	-0.0166474409	-0.0776095298	-0.1146618041	-0.1314739116	0.118386231	-0.0370667745	0.0336924098	-0.0769293124	0.0418675281	0.0463306551	-0.0588642876	-0.0158096805	0.0212684803	0.026959307	-0.0256601941	0.0229419654	-0.0574335719	0.0164756009	0.0672120005	-0.029796957	-0.103260836	-0.0951296555	-0.0118285441	0.0231077191356092	0.0019697784017864	3.880026952144189e-06	0.0005339666836501	-0.0619275514631425	0.0654384582762049	0.0042821918215666	0.0038350216302201	0.7540265154801773	0.1385443508372787	0.0191945371489229	0.568555986047178	-0.0203021597716143	-0.0003625745441378	0.0004121776913921	1.3146030005680517e-07	0.0012331372536162	9.712285601579996e-05	1.520627486256104e-06	9.43284916066581e-09	-0.0003955221609165	4.619722029919999e-05	1.564377797760577e-07	2.1341831633728155e-09	0.0	0.0	0.0	0.0	0.0	0.0	0.0	0.0	0.0	0.0	0.0	0.0	0.0	0.0	0.0	0.0	0.0	0.0	0.0	0.0	0.0	0.0	0.0	0.0	0.0	0.0	0.0
1023.593094374761	-0.8541521001579895	1047742.8228516984	0.7295758102043041	1679.019338972672	-12.80057195580548	2819105.940644228	163.85464239575376	920.1414694763472	-1.4500262645624389	2.1025761679209	846660.3238500915	1012.938473965064	1128.8362770261597	1.610524	37.53511	0.1767577405325611	0.1007143177011437	0.0027283864	-0.1565418581	-0.0402779755	-0.0030944097	-0.0455993142	-0.0208628882	0.0030065316	0.1099991841	0.0175726828	-0.1013890027	0.0528235903	-0.0095946317	-0.0294928451	0.026882887	-0.0276155435	0.0358129669	-0.0813545652	-0.0509349673	0.0615668073	-0.0514247741	-0.0069656085	0.0027446202	0.0671320987	0.03725797	-0.0979001603	0.1454817397	0.042161551	0.0149253848	0.0202886062	-0.0806675564	0.0334468769	-0.0797089019	-0.0607428046	-0.0445608741	0.0745075198	0.0157220615	0.0728173353	-0.0357234801	-0.1425471534	0.0859209896	-0.0614511307	0.1834499868	0.0267415775	0.1080995613	0.0828372849	0.0404966287	0.1166324192	-0.0070168843	-0.0114650619	0.0434297169	0.008129695	-0.0523483707	-0.100943981	0.0119884502	0.0494552045	0.0311942232	0.0361221956	0.0559970691	0.1487619925	0.0816252715	0.0273066824	0.0022987907	0.002455865	-0.119208954	0.0309966011	-0.042243554	0.0332118226	-0.0628145663	-0.0513303876	-0.0778699198	-0.0265680784	0.0614221052	-0.0193277954	-0.007001277	0.0301790931	0.0897356284	0.0219177089	0.0117140615	-0.0743668017	-0.108201341	0.0910264477	0.1434455502	0.0251901808	0.0496485166	-0.0085221769	0.140778937	0.0375082679	0.0212569293	-0.0216425611	0.0638137017	-0.1022226994	-0.1409846448	-0.0341650546	-0.071406777	0.1630301539	-0.0025000554	0.0433953972	0.0254512389	-0.0577333529	0.0614044143	0.0548079489	-0.096170338	0.1054100247	0.034686133	-0.0011492338	0.0578322854	0.042871884	0.0186357967	0.0824019913	-0.0396884095	-0.0020678482	-0.0031661363	-0.010820708	-0.0718921578	0.0136918239	0.043755455	0.0595655626	0.0897494708	-0.0906893686	0.0660064073	-0.0733413613	-0.1215212175	0.150187841	0.0720022706	0.0654836707	-0.0339251109	-0.1054714048	-0.0903946745	-0.0010773469	0.012207003521496	-0.0109007156141132	0.0001188256008997	0.0001490109349738	-0.1538212445482258	-0.0918936930850833	0.0084444508288154	0.023660975274365	0.7240733320083876	-0.0299531834717896	0.0008971932000946	0.5242821901257287	-0.0198836235961332	0.000418536175481	0.0003953584873127	1.751725301863453e-07	0.0008376699397276	-0.0003954673138885	7.016909279232409e-07	1.5639439635426446e-07	-0.0004617216387783	-6.619947786180001e-05	2.1318687171611895e-07	4.382370869174951e-09	0.0	0.0	0.0	0.0	0.0	0.0	0.0	0.0	0.0	1.0	0.0	0.0	0.0	0.0	0.0	0.0	0.0	0.0	0.0	0.0	0.0	0.0	0.0	0.0	0.0	0.0	0.0
1024.3126288781875	0.7195345034265301	1049216.3616793435	0.5177299016212633	1693.8139389701512	14.79459999747928	2869005.659849579	218.88018908541395	919.76850277628	-0.3729667000671952	0.1391041593590131	845974.0986993198	1012.2797865513392	1152.1682000394203	1.41889	33.068855	0.1283500863633647	0.0739984906080576	0.0403251926	0.0727127188	0.0786488355	-0.0200565943	-0.0053285161	-0.016885942	0.0508140832	-0.0711273085	-0.0167502703	0.0795171072	-0.0406476025	0.0181808366	-0.0037044466	0.0269252559	-0.042260553	0.0485459937	-0.0440739116	-0.0265482105	-0.0363555378	-0.0799027893	-0.0306230028	0.0258034331	-0.0540186829	0.0651209543	0.0616831403	0.0494154391	-0.0938174592	-0.0068786953	-0.0005817951	0.0874158354	0.0385833725	-0.0857979023	-0.2277064796	0.1008584618	0.0586802835	0.0045258375	0.1044865344	-0.1845903094	0.024362404	0.0154808292	-0.0503374231	0.1009569074	0.0281926926	0.0619297661	-0.0788222171	-0.0747673901	0.0190806133	-0.0452504272	0.1330820544	0.0050795452	-0.0556808158	0.0819220059	-0.008860248	-0.0036867113	-0.0636415931	-0.0156759238	-0.039512274	-0.0995358407	-0.0923711057	-0.0673527053	0.0276822253	-0.0265994706	-0.0336426391	-0.0012239309	-0.05969588	0.0881044842	0.039190336	0.0158652136	-0.0602980834	0.0318323501	-0.1116823559	0.0480373065	-0.0176342744	0.0068761488	-0.0166011308	-0.040830113	0.0667230683	-0.0536504608	-0.0931513681	-0.0405712634	-0.0741186327	-0.01099185	0.0396970142	0.1974298464	-0.0779228715	-0.0037266811	0.0969285233	-0.0816888595	-0.0566824963	-0.1032910642	-0.0019354463	-0.0117611557	0.1200427875	0.0321787946	0.1515750563	0.0071943734	0.0222246306	-0.0028036108	0.0710848408	-0.0694507915	0.0385523867	-0.0600657864	0.0486596757	0.0305897707	-0.0208585999	-0.0947048827	0.0033390189	-0.1016965307	-0.067525598	-0.0614495038	0.0653599598	0.141986775	0.0182445437	-0.0068884352	-0.0239303255	0.0488196816	-0.0157384018	-0.0283028312	-0.0538169119	0.0240240878	-0.0168968819	0.0088558513	-0.0077525667	0.0202295034	0.0637307152	-0.0380022381	-0.1073250918	-0.0851160492	0.0096839714	0.0125615715006119	0.0003545679791158	1.2571845181433298e-07	0.0001577930785649	-0.1000184337083567	0.0538028108398691	0.0028947424542707	0.0100036870814729	0.684140162092433	-0.0399331699159546	0.0015946580595365	0.4680477613878605	-0.0194751479873658	0.0004084756087674	0.0003792813891297	1.6685232295790045e-07	0.0008449550102769	7.285070549300013e-06	7.139489693920361e-07	5.30722529082784e-11	-0.0001922915655265	0.0002694300732518	3.697604617263225e-08	7.259256437247031e-08	0.0	0.0	0.0	0.0	0.0	0.0	0.0	0.0	0.0	0.0	0.0	0.0	0.0	0.0	0.0	0.0	0.0	0.0	0.0	0.0	0.0	0.0	0.0	0.0	0.0	0.0	0.0
1023.375195841102	-0.9374330370854976	1047296.791462814	0.8787806990193402	1686.3618678880775	-7.452071082073644	2843816.349466966	55.53336341227825	920.3189101618424	0.5504073855623801	0.3029482900816145	846986.8964014814	1014.4190015811012	1140.0137426262058	1.234569	28.773048	0.071491298648893	0.0399466230604789	0.029512449	-0.1045981969	-0.0668624772	-0.0203931779	-0.034054342	-0.0726672963	0.0030785796	0.0818426924	0.1044432245	-0.1214392482	-0.0042843403	0.0267461413	0.0091945033	0.037333975	-0.0691177856	0.0406025802	-0.0465032479	-0.0136214829	0.0689837749	0.0181931921	-0.0157112477	-0.0042914691	-0.133587885	-0.0251210053	-0.0131977803	-0.0211895938	-0.0445287425	0.0159178358	0.0158428112	-0.0419683467	0.0404242029	0.0565768689	0.018010934	-0.0777671212	0.0158370708	0.0016778405	0.1452015003	0.0070144228	0.0247045204	0.004966838	-0.0011353152	-0.1182213243	-0.0644438859	0.0156037235	0.035999861	-0.0047942311	-0.0743033573	-0.0028359878	0.0577056511	0.0954713296	-0.0343878036	0.0479597359	-0.1723882713	0.0306780902	0.0147821766	0.0274025096	0.001263921	0.0629599451	-0.0178943882	0.1063546978	0.0408145196	0.0207008584	-0.0259642963	-0.1152397237	0.0021098093	-0.114843065	-0.0257304728	-0.0318241331	-0.0401079599	0.1181588035	0.0231860131	0.0554369876	0.0401588104	0.0291725546	-0.0299965754	-0.0869196652	0.0379654401	0.0368145745	-0.0388780987	-0.0453105546	-0.0122414653	0.0087304286	0.1274145788	-0.0217114445	-0.0162346231	0.0084732326	0.0723408523	0.002605103	0.0213907108	-0.0002849228	-0.0251112004	-0.0230995414	-0.0448922199	-0.0668800412	-0.1045340892	-0.06059664	-0.0993137166	-0.0358920089	-0.0398979172	-0.0428435541	0.0302839266	-0.0424230403	-0.1016367626	-0.0003547832	-0.0022287776	-0.0823519295	-0.0452059535	0.0269089792	0.0194926315	-0.0880362519	0.0303160453	-0.0258597289	-0.0202667102	-0.0136599543	-0.0347246133	0.0580435126	0.0662925825	0.048728209	-0.0948518211	0.0667744367	-0.0629599803	-0.0640216087	0.0347572807	0.0045049951	0.0619537931	-0.0420222065	-0.1088156246	-0.0793255261	0.0203543145	0.0125328570721592	-2.871442845269953e-05	8.245184013652004e-10	0.0001570725063911	-0.1217808180070392	-0.0217623842986825	0.0004736013703635	0.0148305676344636	0.7157623982467527	0.0316222361543196	0.0009999658193995	0.5123158107439431	-0.0195232431183642	-4.80951309984011e-05	0.0003811570218587	2.313141625753362e-09	0.0007097056971461	-0.0001352493131307	5.036821765616318e-07	1.8292376702353185e-08	-1.407673430693819e-05	0.0001782148312195	1.9815444874813062e-10	3.1760526066616915e-08	0.0	0.0	0.0	0.0	0.0	0.0	0.0	0.0	0.0	0.0	0.0	0.0	0.0	0.0	0.0	0.0	0.0	0.0	0.0	0.0	0.0	0.0	0.0	0.0	0.0	0.0	0.0
1021.503308440448	-1.871887400654032	1043469.009154781	3.503962440727308	1693.2105953050695	6.848727416992006	2866962.120053348	46.90506723225799	920.8244322243962	0.5055220625538368	0.2555525557286853	847917.6349813817	1011.6088329405056	1134.8996525922837	1.267589	29.542616	0.1076538361612761	0.0607221955128605	0.0496849792	0.0678561355	0.1101852981	0.0440946224	-0.0661430686	-0.0299021045	-0.0646458776	-0.0727711313	-0.007241763	0.0077623743	-0.0209799	0.1684427759	0.0303109049	0.040485313	-0.0328352848	0.0801379417	0.0226207753	-0.0911928955	-0.1019272746	-0.0117047211	-0.0251925253	0.0297656309	0.0287010348	0.0408212277	-0.184563855	0.0117166439	0.1109605429	-0.0335014247	-0.0790734622	-0.0307472295	0.0025845344	-0.1031701126	-0.0793427552	0.0036517836	-0.0588875756	-0.0106560859	-0.0058502374	-0.0096227451	-0.0178389895	0.0730804528	-0.0889343502	-0.066319936	-0.0216313617	0.0382509664	0.081658989	0.1425502585	-0.0247361762	0.0810032475	0.026040184	0.0561125589	0.0060485569	-0.0320055434	-0.0117610349	-0.0842738414	-0.0028509812	-0.0252917368	-0.0953038625	-0.0559622813	-0.1582156938	-0.0793183308	0.0320964443	-0.0809819107	-0.1115273201	0.0231147017	-0.0918179215	-0.004319233	-0.0753721561	-0.0592455377	-0.0216027853	-0.0298666431	0.0174443995	-0.030311887	0.0057414784	-0.0882792875	0.0202071272	0.0796829199	-0.066174042	0.0499811334	-0.0791490399	-0.0842843395	0.0564982645	0.0598818327	-0.023280409	0.1004203949	0.0766532873	0.1009921448	0.1568328989	0.0454106097	0.0214484643	0.0526981902	-0.0199848857	0.0085427375	-0.0693312158	0.0139278264	0.010821194	0.0733879374	0.0568852498	-0.005215064	-0.0392976184	0.0221118817	0.0490788131	-0.0870018427	-0.0639646042	-0.0340053253	0.0040685424	0.0894923914	0.0544908866	-0.02598552	-0.0001448435	-0.0244454044	0.0149702313	0.1109340501	-0.0783611337	-0.0678399608	-0.0864830805	0.0262743817	-0.033026892	0.0243944281	-0.0538618976	-0.0222157835	-0.0621936119	0.0799606529	-0.053522798	0.0231855448	0.0601535728	-0.0459789694	-0.1099379598	-0.0730579298	0.0308334408	0.0229512499570603	0.010418392884901	0.0001085429103041	0.0005267598745914	-0.1487982937908754	-0.0270174757838361	0.0007299439977301	0.0221409322350756	0.765677177921603	0.0499147796748502	0.0024914852299888	0.58626154078999	-0.0197653022550697	-0.0002420591367055	0.0003906671732342	5.8592625662612146e-08	0.0005976847175019	-0.0001120209796441	3.572270215353261e-07	1.2548699880446265e-08	3.790690569713262e-05	5.198364000407081e-05	1.4369334995313052e-09	2.7022988280728313e-09	0.0	0.0	0.0	0.0	0.0	0.0	0.0	0.0	0.0	0.0	0.0	0.0	0.0	0.0	0.0	0.0	0.0	0.0	0.0	0.0	0.0	0.0	0.0	0.0	0.0	0.0	0.0
1021.948958907427	0.445650466979032	1044379.674611974	0.1986043387186293	1672.5450961237368	-20.66549918133273	2797407.09856756	427.0628564136639	920.1619868908762	-0.6624453335200542	0.4388338199024958	846698.082118965	1014.0707436743714	1131.8046242461717	1.318387	30.726526	0.1233773259899068	0.0623500533270352	0.0312674947	-0.074544269	-0.1151729835	0.0291881808	-0.0712652212	0.0678744065	-0.0108059932	0.1088737682	0.0115038716	-0.0905937872	0.0302061106	0.0198410447	-0.0070827116	0.0306088361	-0.0194462486	-0.0203716256	-0.0537462258	0.0219469557	0.0769628953	-0.0362227123	-0.1373752654	-0.0695283238	0.1256610734	-0.0778482184	0.1571506195	-0.0139160027	0.0040973285	0.0805968043	-0.0624748064	-0.0448130378	-0.0186377195	-0.0940074363	0.0485707311	-0.0500036544	0.0222952554	0.1055441059	0.0072927147	-0.0016425675	-0.0784650466	-0.0547678014	-0.0682687551	-0.0626109343	0.014024382	0.0196058674	0.0068814224	-0.0525527044	0.1793146702	-0.1024701837	-0.022363215	-0.0747154722	0.0647464009	-0.0645210732	0.1582475334	-0.0236617146	-0.0420285334	0.1283579869	0.0180807313	-0.0421301851	0.0288099736	-0.0328702945	0.034573132	0.0023522151	0.1101369288	-0.083825444	0.0266424051	-0.0587389427	-0.0286245587	-0.0629145515	-0.0214486285	-0.1465786969	-0.0364908653	0.049683151	-0.0086448505	0.0038318881	0.0445069383	-0.0391182401	0.049562958	-0.0788462313	0.0473470064	0.0526188049	-0.0604602462	0.0688456733	-0.115703756	-0.0397308199	-0.0312497703	0.0597396773	-0.0316518418	0.0585529111	-0.0657029672	0.0327257796	0.0252096357	-0.0052206375	0.0694000744	0.0367585269	0.0613670559	0.0728537043	-0.0546985128	0.042387742	0.0665850543	0.0810679827	0.0545618442	-0.0498408749	0.074863376	0.0163666288	-0.0191021253	0.043403802	0.099125037	0.0317097917	0.0605007927	0.0111685127	-0.0171660792	-0.0254085983	-0.1275655281	0.0615670887	0.0039538206	-0.009563768	0.0110453025	0.0226366066	-0.0827239015	0.0036506459	-0.0145213166	-0.0553799144	0.0898647328	-0.0785031486	0.0583307311	-0.0498665756	-0.1106882998	-0.0663509546	0.0410229053	0.0170031153558198	-0.0059481346012404	3.538030523447447e-05	0.0002891059318033	-0.1769697732501498	-0.0281714794592743	0.0007936322549243	0.0313183006442094	0.7229120640328972	-0.0427651138887057	0.0018288549659139	0.5226018523243037	-0.0192752011564653	0.0004901010986043	0.0003715333796222	2.4019908685323854e-07	0.0001662338322725	-0.0004314508852294	2.7633686992001664e-08	1.8614986636523293e-07	2.9606928717207034e-05	-8.299976979925586e-06	8.765702280657784e-10	6.888961786729465e-11	0.0	0.0	0.0	0.0	0.0	0.0	0.0	0.0	0.0	0.0	0.0	0.0	0.0	0.0	0.0	0.0	0.0	0.0	0.0	0.0	0.0	0.0	0.0	0.0	0.0	0.0	0.0
1022.7137428380644	0.7647839306373498	1045943.3997898424	0.5848944605611147	1689.1181957079016	16.573099584164765	2853120.279071517	274.6676298266423	920.5957079742254	0.433721083349269	0.1881139781416636	847496.4575405654	1012.8311370681342	1141.474763981813	1.176393	27.417181	0.1557747628262186	0.1147419508165709	0.0407582247	0.0012077941	0.102805066	-0.0153275767	-0.0035973877	-0.0252881148	0.061252279	-0.0533192808	-0.1284135333	0.0183668597	-0.0374452644	0.0045058819	-0.0384767264	0.0371174409	0.0131371914	0.0185086199	-0.0654054705	0.0061310547	-0.1521487713	-0.0210277762	-0.0079996743	-0.0129977459	0.0016848348	0.0901596933	0.109498408	0.0566969413	0.0078254604	-0.0356366019	0.0882449007	0.0606172194	-0.0356864015	-0.0005998077	-0.0846446087	-0.0495587829	-0.0295720237	0.131334376	0.0583520144	-0.0209661853	-0.0375946469	0.0913152578	-0.017711985	-0.0368392648	-0.1073906983	-0.1340899472	-0.0855958862	-0.1422551117	-0.0039037868	-0.0192881116	0.0255162418	0.0409245119	0.1871775855	-0.0181551659	0.0319403872	-0.1080399955	-0.028507287	0.0359921146	0.1133571478	-0.1238873414	-0.1818563681	-0.0016574307	0.0373840718	-0.0252916642	-0.0187059361	0.0364942083	-0.0249206762	0.1159229619	0.0560857343	0.0261197834	-0.099094894	-0.0043745353	-0.0505867317	-0.0251621937	0.0186503879	0.0200178401	0.1372757	0.0101593237	0.0651924014	-0.0636410583	-0.0090867075	-0.0581996486	-0.1022137992	-0.0929151201	0.0351255467	0.0041453695	-0.1494856471	0.0238862425	0.0245759631	0.0504638044	-0.0492091328	0.0470660076	0.0100899772	0.0304859807	-0.036016088	0.0897459743	0.0638462969	-0.0956885173	0.010006719	0.0376055649	0.0233055933	0.0486945362	0.0479370822	-0.0376437868	0.074670042	-0.0051164253	-0.056924407	-0.0382355734	0.0710636813	-0.1167648019	-0.0048103625	0.067001554	-0.0070816827	0.0959347537	0.04459492	0.0282108865	-0.0217126922	0.0491642141	0.0912320355	-0.0660792102	-0.0431107016	0.079899539	-0.0742057105	0.031303652	-0.0166061452	-0.0476665543	0.0564859537	-0.0536791777	-0.1110641056	-0.059244937	0.0508269837	0.0122957559607073	-0.0047073593951124	2.215923247475392e-05	0.0001511856146452	-0.066815901166251	0.1101538720838987	0.0121338755350759	0.0044643646486582	0.717996295043676	-0.0049157689892211	2.4164784755388735e-05	0.5155186796964455	-0.0187631067619807	0.0005120943944846	0.0003520541753614	2.622406688625516e-07	0.0003707235566994	0.0002044897244269	1.3743595549185325e-07	4.1816047396189504e-08	3.297805696542838e-05	3.3711282482213477e-06	1.0875522412150395e-09	1.136450566595593e-11	0.0	0.0	0.0	0.0	0.0	0.0	0.0	0.0	0.0	0.0	0.0	0.0	0.0	0.0	0.0	0.0	0.0	0.0	0.0	0.0	0.0	0.0	0.0	0.0	0.0	0.0	0.0
1022.9026959334584	0.1889530953940266	1046329.9253479372	0.0357032722589841	1684.4883312722911	-4.629864435610443	2837500.938192508	21.43564469213041	921.0366904171848	0.4409824429593527	0.1944655149983988	848308.5850946411	1014.9485600598176	1140.6195835505634	1.17864	27.469559	0.1380853922790618	0.104881252225535	0.0384809905	-0.0568517436	-0.1201004602	-0.0113603667	-0.0530223621	0.0305300438	-0.0323383276	0.0804117253	0.0378333597	-0.0529181735	-0.0216489262	0.010949288	-0.0798121504	0.0394909643	0.0288870448	0.0343674788	0.046815636	-0.0443161041	0.1040705511	0.0468078694	-0.066191878	0.0176158518	-0.0361039822	0.0118284822	-0.069666142	-0.0154092481	0.023506747	-0.0137465792	0.0105288412	-0.0576925701	-0.0025156316	-0.0468451486	0.0263719463	0.0271141895	0.1528529828	-0.0144573046	0.1259421273	-0.103741769	-0.0549333378	0.001618582	-0.0320826003	0.0303248646	0.0284353204	0.0050490811	-0.0198213468	-0.1049241363	0.0997762914	-0.0490876014	-0.0148374344	0.1158365048	-0.0312571668	-0.0746720424	0.0781657579	0.0416645856	0.068214778	-0.0959304548	-0.0185056077	0.0356874084	0.0720716933	-0.1020199273	0.0407464958	0.0342045281	0.0403739426	-0.0413317194	-0.0037766328	-0.1113749708	-0.0454361144	0.0140244065	0.0437197052	0.00209869	0.0080514048	0.0065245962	-0.0180262912	-0.037848618	0.0467469435	-0.009268004	-0.046791835	-0.0670497754	-0.0613793026	-0.1350865641	0.0096148713	0.0349809322	-0.0193341423	0.0322376572	-0.0912317869	0.1530869779	0.0116894594	0.0200692937	0.1114549882	-0.0135914233	0.0536555213	-0.0365523568	0.0959819445	0.0978330559	0.0309688161	0.0375821685	-0.0842450713	0.10857788	-0.0243911537	0.0681210797	0.0292431751	-0.0169691049	-0.0464247373	0.0103039427	-0.0145523166	-0.1186208474	-0.0029230293	0.0635063253	0.0176120641	-0.0452132464	-0.0134115422	-0.0446921817	-0.1101886692	0.0723027687	-0.0137606805	0.0166232438	0.0551300193	-0.0484980338	-0.1031496363	0.0491602236	-0.0675973484	0.0070310527	0.0629819833	-0.0984244484	0.0546199342	-0.0574110412	-0.1110641056	-0.0517826133	0.0601535728	0.0088909817145719	-0.0034047742461353	1.159248766714688e-05	7.90495558488519e-05	-0.1690391840259906	-0.1022232828597396	0.0104495995586223	0.0285742457361727	0.7122883318685496	-0.0057079631751264	3.258084360859964e-05	0.507354667716081	-0.0191381694165317	-0.000375062654551	0.0003662695286158	1.4067199483884474e-07	0.0002137315239865	-0.0001569920327129	4.5681164345591835e-08	2.464649833532826e-08	3.004530426812396e-05	-2.9327526973044227e-06	9.027203085641477e-10	8.601038383546368e-12	0.0	0.0	0.0	0.0	0.0	0.0	0.0	0.0	0.0	0.0	0.0	0.0	0.0	0.0	0.0	0.0	0.0	0.0	0.0	0.0	0.0	0.0	0.0	0.0	0.0	0.0	0.0
1022.8406877076776	-0.0620082257808007	1046203.0724303148	0.0038450200644827	1691.259411289381	6.771080017089844	2860358.396274904	45.8475245978334	921.5371511779751	0.5004607607903608	0.2504609730908668	849230.7210012182	1012.6545175132655	1134.8927587759335	1.301255	30.327225	0.1922561671815523	0.1055667573955992	0.0488921643	0.0085853266	0.1346521031	-0.0037827071	-0.0254646143	-0.0675511922	-0.05483088	-0.0774265148	-0.1016380634	-0.0429197266	-0.0352378968	0.0871100199	0.0058453107	0.0315265735	-0.048980211	0.0349474327	0.0482305264	-0.0174510799	-0.0922447697	-0.029272408	0.0251452278	0.064126899	-0.0033257454	-0.1896763222	0.1042613402	0.0232394661	-0.0860741767	0.0042314096	0.0408300417	-0.0111064703	0.0614797464	-0.0012853316	-0.0861659507	-0.0016798595	0.0017210343	0.019604426	-0.0121819486	0.03708154	-0.1134612054	0.0161715215	-0.01334255	0.0544644447	0.0125224453	-0.0467561715	-0.0262165331	0.0068228521	0.1511465288	0.0382626576	0.0825653757	-0.046424877	-0.2351891673	0.0156341873	0.0343065655	-0.0771653461	0.0444555518	0.0172254559	-0.0651974906	0.0358821495	-0.1334641766	0.0455356355	0.0248125058	-0.1049684486	-0.0954643995	0.0259742705	-0.0384557705	0.0075131931	0.0002187064	-0.0241906861	0.0028224755	-0.0095511325	0.016052824	-0.0757221164	-0.0120987369	0.0374722632	0.090395841	-0.0873356071	-0.0056634647	-0.0034613072	0.0174226018	0.1105134252	0.0586779532	0.0450455959	-0.0614303527	-0.0034007411	-0.1854093206	0.0611298839	-0.0647253747	0.0313190437	-0.0811488053	-0.0277185951	-0.0126182933	-0.0419979361	0.0192338332	0.0441537203	0.0165182974	0.0437161893	0.0173455478	0.1403680396	0.0478018343	-0.0629259126	0.0454972496	-0.0439260998	-0.1007741299	-0.034307282	0.0362374094	0.0827236823	0.0705693664	-0.0527956262	0.0457890941	0.0967209497	-0.0737853347	0.0489977387	-0.0393670253	0.0259640205	-0.0081659217	0.0543483293	0.0506257868	-0.0952968566	0.0216433407	0.0088402634	0.0246626873	0.0117159245	-0.0863858816	-0.0557486062	0.0527333744	-0.0610565531	-0.1106882998	-0.0440088629	0.0689150546	0.0192056137570943	0.0103146320425224	0.0001063916341726	0.0003688555997866	-0.0812661857241892	0.0877729983018014	0.007704099230888	0.0066041929421584	0.7606141728076068	0.0483258409390572	0.002335386902467	0.5785339198757999	-0.0194992382578875	-0.0003610688413558	0.0003802202926378	1.3037070819801994e-07	2.2156034351850096e-05	-0.0001915754896346	4.908898582003615e-10	3.6701168228755865e-08	0.0003942548912411	0.0003642095869729	1.554369192675316e-07	1.326486232430258e-07	0.0	0.0	0.0	0.0	0.0	0.0	0.0	0.0	0.0	0.0	0.0	0.0	0.0	0.0	0.0	0.0	0.0	0.0	0.0	0.0	0.0	0.0	0.0	0.0	0.0	0.0	0.0
1024.8697271837175	2.029039476039884	1050357.9576976276	4.117001195328207	1680.0995638640031	-11.159847425377848	2822734.5444960133	124.54219455771258	922.937288132638	1.4001369546627984	1.9603834918124152	851813.2378256279	1016.098827078683	1149.039862643096	1.248847	29.105801	0.2385238217275289	0.1273559568847787	0.0528262198	0.0660684777	-0.0453145076	0.0063020319	-0.0341980308	0.1020080924	0.0043828371	-0.0025505782	0.0307874449	-0.0229997527	-0.0143964203	-0.0493088237	-0.0592925797	0.0292637692	0.0364994026	0.0003068678	0.0685051184	0.1010503552	0.0437324953	0.0152243683	-0.0629691528	-0.0061541667	0.0991295174	-0.0235002861	0.026611769	0.0504384649	-0.0024367549	-0.1077670791	0.1075133739	0.0105834854	0.1217043634	0.1597897157	-0.0314904081	-0.0012504349	-0.0744610051	-0.0045642093	-0.0296379877	0.0354877426	0.018254285	0.0299119392	0.1451938153	-0.0232348306	-0.024912451	-0.0515447128	0.1705930412	-0.0828646875	-0.0440824607	0.0077284593	-0.1379820243	0.0271010178	0.1017961792	0.1383804631	0.1376855263	-0.1578808829	-0.1060457704	0.0888983292	0.0113190168	0.1280526167	0.0152181243	0.0299876749	0.0334274327	0.029666826	0.094503184	0.0404916626	-0.0382954001	-0.0529787367	0.011620313	0.033135413	0.0403584517	-0.0201671062	-0.0617232064	0.0459976354	-0.0290485191	-0.0344402323	0.0209616397	0.0372315922	-0.0013973414	0.0694664525	0.0498216919	0.0847164152	0.1139787064	-0.0935473279	0.0668338787	-0.0335684523	-0.0944989595	0.0502237144	-0.0702757724	-0.0226677602	-0.0548371726	-0.0729707083	-0.0215743421	0.1151198825	-0.100878284	0.0229891744	0.0018536882	0.0281548833	-0.0695925679	-0.1505878253	0.0927348236	0.0525070222	0.0369450825	0.0001065194	0.0843628587	0.0177741754	-0.057597779	-0.0825146035	0.0955398203	0.0365857135	-0.0487107587	-0.0127938177	0.0058896971	-0.0574457062	0.0269817995	0.0012039094	-0.0217739866	-0.0049563202	-0.035708548	-0.0325301348	0.0571410978	-0.0193267239	0.0320580802	0.0514161701	-0.027368341	-0.1137860383	0.0508269837	-0.0646102301	-0.1099379598	-0.035970438	0.0770291202	0.0149043299772984	-0.0043012837797959	1.850104215433531e-05	0.0002221390520721	-0.1580499311709076	-0.0767837454467184	0.0058957435648264	0.0249797807431286	0.6997547746003647	-0.060859398207242	0.0037038663501476	0.4896567445760072	-0.0180189033654506	0.0014803348924369	0.0003246808784934	2.1913913937661742e-06	-0.0003681330715474	-0.0003902891058992	1.3552195836692313e-07	1.5232558618363605e-07	0.0004552187787804	6.096388753930001e-05	2.072241365543188e-07	3.716595583904419e-09	0.0	0.0	0.0	0.0	0.0	0.0	0.0	0.0	0.0	0.0	0.0	0.0	0.0	0.0	0.0	0.0	0.0	0.0	0.0	0.0	0.0	0.0	0.0	0.0	0.0	0.0	0.0
1024.402186374657	-0.4675408090604378	1049399.8394491775	0.2185944081368887	1698.4471476015838	18.347583737580635	2884722.713195956	336.6338290075334	920.0456014816984	-2.891686650939505	8.36185168722173	846483.9088058203	1013.3249804595716	1146.6479263786566	1.169818	27.263939	0.2315623510377416	0.1258838163529287	0.0413044759	-0.0386635485	0.0742264849	-0.0405610493	0.0170307905	-0.1125327943	0.0248873247	-0.0528865369	0.0225526252	-0.0115189515	-0.0544167736	0.0633443436	0.0858397819	0.0326545997	-0.0707872826	0.048350898	-0.0281081778	-0.0357860318	-0.1177333867	0.0076023729	0.0578180359	0.091672645	-0.0400605588	0.0096971917	-0.0550533974	0.0488428143	0.0203841314	0.0053436914	0.0033217227	-0.0002168139	-0.0447285525	0.1077022995	0.0306287486	0.0094504474	-0.0162342345	0.065254705	-0.0158815427	0.003293539	0.0912092758	-0.0384178106	0.0606842139	-0.2059499197	-0.0745891713	-0.0286855534	0.0103068726	-0.0164899223	0.0333890664	-0.0861636289	-0.0037830028	-0.0233721567	0.0233854057	0.0002372312	0.0768382033	-0.030911216	-0.0254612536	-0.0125072451	-0.0772467388	-0.0517279824	-0.0395553115	-0.0415316037	0.0268888148	-0.0547344512	-0.1173812829	-0.0244010687	-0.0326959411	0.0208739765	0.022774186	-0.0109357281	-0.0688139346	0.0498313003	0.0423388736	-0.0414084232	-0.0384878051	-0.0846264361	0.0252878258	-0.0026948131	0.058075516	-0.050979403	0.0163858076	-0.0373911949	-0.0170126367	-0.1015072465	0.017303397	-0.0625070351	-0.0315383808	-0.0890657441	0.0350320251	0.0578068342	-0.0202891095	-0.0561450454	-0.0343132291	0.0549698848	0.0570387858	-0.0164428068	-0.1539384955	-0.0189828746	-0.05188553	-0.1231313179	0.0811959003	-0.0403558924	0.0290701717	-0.064595712	-0.1112900536	-0.0308590033	-0.0117703558	-0.0699100869	0.0172710446	-0.0568334469	0.0584516193	0.0655609094	-0.018550294	-0.0103132909	-0.0115640723	0.0096516761	-0.078423538	0.0067389185	0.0354488451	-0.0691352339	0.0516398432	0.0460887339	-0.0099374799	0.0243390194	-0.0786860899	-0.0578649251	0.0489014791	-0.0680667272	-0.1088156246	-0.0277156827	0.0844195428	0.0195359248349689	0.0046315948576705	2.1451670925599815e-05	0.0003816523591575	-0.0927948641581082	0.0652550670127994	0.0042582237708449	0.0086108868141217	0.7846643672371272	0.0849095926367624	0.0072096389217409	0.6156981692116412	-0.0191321705118303	-0.0011132671463797	0.0003660399484937	1.239363739208403e-06	2.195105218838478e-05	0.0003900841237357	4.818486921771921e-10	1.5216562359071506e-07	0.0004232481182857	-3.197066049469998e-05	1.791389696323859e-07	1.02212313246737e-09	0.0	0.0	0.0	0.0	0.0	0.0	0.0	0.0	0.0	0.0	0.0	0.0	0.0	0.0	0.0	0.0	0.0	0.0	0.0	0.0	0.0	0.0	0.0	0.0	0.0	0.0	0.0
1021.9762318047748	-2.425954569882265	1044435.4183738868	5.8852555751326445	1686.631452411154	-11.815695190429778	2844725.656262559	139.6106528331454	920.885345181771	0.8397437000725176	0.7051694818114824	848029.8189705495	1013.4757325014197	1143.4878000205706	1.213862	28.290449	0.0414452073884935	0.0281911828936093	0.0374398574	0.0095964699	-0.1235906005	0.0171274925	-0.0177894318	0.0142977286	-0.0415676647	0.0260770733	0.1508794272	-0.1295795901	-0.055842916	0.0480825928	-0.0400582499	0.0173461117	-0.0297588251	0.0676643159	-0.0437635342	0.0083043519	0.0308893945	0.0367306201	-0.0668903904	-0.0484838388	0.0109378877	-0.012984917	0.0007169955	0.0509901908	0.0394848256	0.011412148	-0.0067551016	0.0992963582	-0.024467331	0.0298405669	-0.0027372426	-0.1139176566	-0.0343121327	-0.0089510508	-0.0077004092	0.1091486892	0.0968079919	-0.046371116	-0.026135324	-0.0461021011	-0.1319862531	-0.0417750279	-0.0032734878	-0.0423223002	-0.1685304269	-0.00810262	0.1580955348	-0.0995549625	0.006656387	-0.0694337053	0.0622600683	-0.1067060861	-0.0247932818	-0.1535833401	0.0360703393	0.1201984858	-0.0113922383	-0.0476642143	0.0149982684	-0.0054547947	-0.0057533779	-0.0513856698	-0.0532684639	-0.1171414746	-0.0200008338	-0.0770645658	-0.051143884	-0.0527962892	0.0304495065	0.1157254535	0.0027476633	-0.1324792423	0.0425025555	0.0571889595	0.0636905635	0.0966794343	0.0022124178	0.0070119414	-0.0856036405	-0.0230966287	0.0281501192	0.0256443185	-0.059059508	-0.1885401356	-0.0308206291	0.0835865452	0.0210173138	0.0065623658	0.003101213	0.0171717152	-0.0719926881	-0.0461183237	-0.0291448259	-0.1554390475	-0.1005727457	0.0161966573	-0.0489562831	-0.0516088295	0.0429404974	-0.0772827479	0.0535260315	-0.0005598658	-0.0181341496	0.0667937344	0.1010911381	-0.013745323	-0.0262995359	0.0037846516	0.0147315759	-0.060316662	-0.1032306795	0.0483984004	-0.0892964783	-0.0199088542	0.0687797405	0.0454260137	0.0483918294	0.0468485362	-0.0742444896	0.0434767793	0.0785706602	0.0035966156	0.0469575846	-0.0714208455	-0.1073250918	-0.019294242	0.0910168938	0.0242248186991247	0.0046888938641558	2.1985725669317927e-05	0.0005868418410054	-0.1198452075960432	-0.027050343437935	0.0007317210801102	0.0143628737837386	0.7810109626766888	-0.0036534045604383	1.334736488223202e-05	0.6099781238211682	-0.0190111460657255	0.0001210244461047	0.0003614236747323	1.4646916554973582e-08	2.1976664606571102e-05	2.5612418186323706e-08	4.82973787229715e-10	6.559959653511251e-16	0.0004232468662894	-1.251996300036251e-09	1.7913790982379726e-07	1.5674947353044625e-18	0.0	0.0	0.0	0.0	0.0	0.0	0.0	0.0	0.0	0.0	0.0	0.0	0.0	0.0	0.0	0.0	0.0	0.0	0.0	0.0	0.0	0.0	0.0	0.0	0.0	0.0	0.0
1021.573866300032	-0.402365504742761	1043613.1643071956	0.1618979994068968	1698.44210460497	11.81065219381594	2884705.58269496	139.49150524328928	920.0213666999258	-0.8639784818451517	0.7464588170914531	846439.3151843994	1013.6270510780124	1127.4526128217208	1.304018	30.391623	0.1653386823736161	0.0944215224510254	0.0129048946	-0.0389539068	0.1357167796	0.0318725332	-0.0595972704	-0.091048169	-0.0069968727	-0.0786268132	-0.0205484318	0.0249287228	-0.0657921527	0.0904758851	0.0001486983	0.0228578015	-0.0735557696	0.060871388	-0.0428647242	-0.069729876	-0.0837028513	-0.0169234952	0.0973018308	0.0217844575	-0.0702783108	-0.0637209657	0.0173997776	-0.0164326405	-0.0800468907	-0.0991474088	0.0176667467	-0.028062358	-0.0495397506	-0.0509230622	-0.0458361578	0.0376341451	-0.129328564	-0.0140207687	0.0177015351	0.0927756688	-0.0841812642	0.055883022	-0.0052301372	-0.0936459743	-0.0159195863	-0.0393283027	0.0576534814	0.0872389776	0.0996834128	-0.099491495	-0.0581791544	0.008583268	0.12157403	-0.0218373996	-0.0014117908	0.0694741451	0.0353032145	0.1002983983	-0.009116657	-0.0878938678	-0.0013293049	0.048623249	0.0211011978	-0.0481918845	-0.1030346237	-0.0630355374	-0.0386297017	0.0746320555	0.0285187131	0.0219622984	-0.0718161149	0.0265709774	-0.0102009729	-0.0825723508	-0.0047930945	-0.0212025917	0.0014333678	-0.0520329203	-0.0928525811	0.0419422572	-0.0330650441	0.0127213356	0.0206911844	0.0502412088	-0.0535427084	-0.0414276712	-0.1244341462	-0.0187007725	0.0763383331	0.025007494	-0.0693555793	0.0727443436	0.0930967032	0.0252717314	-0.0404931222	0.1407669231	-0.0925920835	0.0030800408	0.0444637668	-0.0558339845	-0.0576903866	0.0895985572	0.0421273982	-0.1265966193	0.0021084232	-0.0592833398	-0.0737518889	-0.0827319961	0.0134794752	-0.0475776547	0.1438270572	0.0511326793	-0.0503988961	0.0699961928	-0.0266307195	-0.0423677076	-0.1095247508	0.0243768516	-0.1118409711	0.0092852645	0.0648410994	-0.0840601789	0.0035551275	0.0902798264	-0.0487762193	-0.0357979053	0.0449960313	-0.0746675401	-0.1054714048	-0.0107567634	0.0967591949	0.0324052386609992	0.0081804199618745	6.691927075263482e-05	0.0010500994926763	-0.2030513463464274	-0.0832061387503842	0.0069232615257481	0.0412298492530968	0.8206726659002896	0.0396617032236008	0.0015730507025969	0.6735036245558884	-0.0186271451656342	0.0003840009000913	0.0003469705370216	1.474566912709305e-07	0.0003180322021558	0.0002960555375492	1.0114448160806765e-07	8.76488813135629e-08	0.000428998837404	5.75197111460005e-06	1.8404000249398367e-07	3.3085171703193344e-11	0.0	0.0	0.0	0.0	0.0	0.0	0.0	0.0	0.0	0.0	0.0	0.0	0.0	0.0	0.0	0.0	0.0	0.0	0.0	0.0	0.0	0.0	0.0	0.0	0.0	0.0	0.0
1022.157273406833	0.5834071068010189	1044805.4915784912	0.3403638522659355	1679.5928521529488	-18.84925245202112	2821032.149003277	355.2943180000242	921.3245181123352	1.30315141240942	1.6982036036646666	848838.8676749268	1014.8616239206416	1139.6153941349055	1.313629	30.615627	0.2118774989220522	0.1260258794767635	0.0400364641	0.0457276388	-0.1273872375	0.0077101641	-0.0685136643	0.0672686772	-0.0559152185	0.0287652619	0.0242463092	-0.0645599615	-0.0169258637	0.0723951022	-0.0466770151	0.0209994639	-0.0744821095	0.054179371	0.0665624981	-0.0126745299	0.0665990718	0.0035859911	-0.047327101	-0.0270833587	-0.0345919907	-0.0147899056	0.0801307391	0.0168712045	0.1304745082	0.054530334	-0.0671385788	-0.0766375313	-0.0009334783	0.0215858949	-0.1267156436	0.0103904086	-0.0106677322	-0.0176745993	-0.1696387674	0.0522220689	0.0656232422	0.0928533692	0.018856205	-0.0101321837	-0.0665911269	0.0455587948	-0.0780400174	0.0589379481	0.0320847796	0.11394863	-0.015976143	-0.0584757893	0.0317940769	0.0406476428	0.0496346657	-0.0287883989	0.0258725418	-0.0404630667	0.0167001863	-0.0150535905	0.1021773272	0.0371910802	0.0189295223	-0.0159296536	0.0297813692	-0.0629650686	-0.0790356926	-0.0764636488	-0.0590432157	0.0192387677	0.0507711353	0.0069787679	-0.0627890451	0.0047219776	0.0257031202	-0.0425060864	0.0630597717	-0.0451429203	0.004787384	0.0548563163	0.1605529579	0.0351566917	0.0001716247	0.0648715951	-0.0144499991	0.0229725065	0.1047844127	-0.0571365144	0.0159829521	0.0303572534	-0.1087142356	-0.0352924584	-0.1283501213	-0.0358826887	-0.011185045	0.0561269141	0.0231392051	0.0475334548	0.0708841189	-0.0404942676	-0.0883365116	-0.0500763971	0.0206135729	-0.0777245954	-0.1051474686	0.0078545593	0.0342376151	0.0072801225	0.0088598435	-0.0004035373	-0.0513253764	-0.018537533	0.0653361651	-0.1317063064	-0.0612171128	0.0735899583	0.0933305371	-0.0468169473	0.0137767326	0.0755335692	0.0642149727	-0.0565726851	-0.0598905341	0.1082909518	-0.0524267255	0.0037149776	0.0430175569	-0.0778019275	-0.103260836	-0.0021545924	0.1015925006	0.0311527535069302	-0.001252485154069	1.568719061163251e-06	0.0009704940510635	-0.0975497376391985	0.1055016087072289	0.0111305894398132	0.0095159513134764	0.7953260501832204	-0.0253466157170692	0.0006424509283087	0.6325435261000425	-0.0200369537990774	-0.0014098086334432	0.0004014795175463	1.9875603829309903e-06	0.0004997114077551	0.0001816792055992	2.497114910405838e-07	3.300733374719271e-08	0.0004330467852352	4.047947831199998e-06	1.8752951820254144e-07	1.638588164411677e-11	0.0	0.0	0.0	0.0	0.0	0.0	0.0	0.0	0.0	0.0	0.0	0.0	0.0	0.0	0.0	0.0	0.0	0.0	0.0	0.0	0.0	0.0	0.0	0.0	0.0	0.0	0.0
1022.823871382928	0.6665979760949767	1046168.6718707604	0.4443528617339192	1685.092243061895	5.499390908946225	2839535.867627369	30.243300369400387	922.2325967685244	0.9080786561892182	0.8246068458264164	850512.9625424158	1016.3254089661408	1135.783374089101	1.358837	31.669245	0.2194668785349887	0.1255484326848271	-0.0047645931	-0.0866162824	0.0953596081	-0.0267129489	0.0362216544	-0.0633559231	0.0893571244	-0.0060737596	-0.0535816003	0.0066729077	0.015702833	-0.0852440282	-0.0563752166	0.007371585	0.0484530951	0.0397553822	0.0450874641	0.0126195754	0.0159850087	-0.0722029125	0.1710631671	-0.0618314167	0.0154519453	0.1050829641	0.1289382869	0.0679154122	0.0701235878	-0.0059006442	0.0286660765	-0.1028453241	-0.0176112335	-0.0121091041	-0.1493440687	0.0456400605	-0.010623213	0.0030122092	-0.0131273436	0.0553681797	0.0516940537	0.0001935328	0.0560869087	-0.0015291542	0.0852878964	-0.0055312134	-0.0187242354	-0.1023212029	-0.0662418696	-0.0481533766	-0.0629682387	0.0154578672	0.1480510421	-0.006992171	0.024542056	0.1076892153	-0.0852783465	-0.0201083075	0.0669553054	0.0191638781	0.005700826	0.0612541741	0.0100852425	0.0378684501	-0.0320843033	-0.0084925295	0.0359845576	0.0442104404	0.1620053293	0.0806789325	-0.0077331728	-0.0725729869	-0.0875613112	0.0085096212	-0.0088394852	-0.0170112213	0.0654689368	0.0218286546	-0.060841168	0.016769438	0.1550422027	-0.0266139212	-0.0157089043	0.1097510449	0.0665360707	0.0704531667	0.0057040019	-0.0493683743	0.016072767	-0.0581492443	-0.1052282431	0.0060877404	0.0767339153	0.0654505628	-0.0218452455	0.0358249582	0.0254729108	-0.0397296429	0.0048296434	-0.0491562346	-0.0129906251	0.1335627486	0.0251977862	-0.0406166578	0.1082161186	0.0393615931	0.020042061	0.0010791164	0.0347783047	-0.0296384411	0.1156013106	0.0560178421	-0.1105839793	-0.0098283062	0.080111328	-0.0433922396	0.0233941421	0.0401552234	0.0061363828	0.1452208384	0.0829864306	-0.1328409732	0.0480217021	0.0607618029	0.0142214704	0.0484527954	0.0410229053	-0.0808192935	-0.1007008652	0.0064605365	0.1054714048	0.0363735185976565	0.0052207650907263	2.7256388132546395e-05	0.001323032855174	-0.1738697434279572	-0.0763200057887587	0.0058247432835961	0.0302306876797036	0.7287452934155567	-0.0665807567676637	0.0044329971717548	0.5310697026753258	-0.0186942707236269	0.0013426830754505	0.0003494757578882	1.8027978411012152e-06	0.0005829948642854	8.328345653029997e-05	3.398830117831519e-07	6.936134131634364e-09	0.0004339872710112	9.40485775999993e-07	1.8834495139974883e-07	8.845134948583092e-13	0.0	0.0	0.0	0.0	0.0	0.0	0.0	0.0	0.0	0.0	0.0	0.0	0.0	0.0	0.0	0.0	0.0	0.0	0.0	0.0	0.0	0.0	0.0	0.0	0.0	0.0	0.0
1021.7756739366886	-1.048197446239442	1044025.527848774	1.0987178863028877	1684.370900659976	-0.721342401918946	2837105.330990099	0.5203348608061943	921.4285919928687	-0.8040047756556987	0.6464236792771705	849030.6501419606	1015.5352969490376	1148.882817335735	1.362468	31.753868	0.1207677580168672	0.0792047343369094	0.0244833211	0.1373786991	-0.0476537723	0.0015387935	0.017125159	0.0443099919	0.0227765792	-0.0458367049	0.0814182532	0.034583191	-0.0330306206	0.0275814421	-0.0620605472	0.0068661502	-0.0145496167	0.0606426037	-0.0003157855	0.0713354524	0.0801750977	0.0717776155	-0.0802680475	0.0498734415	-0.0301677294	0.0458248553	0.003178371	-0.0569800469	-0.0804126305	-0.0793336639	0.0073879919	0.054739982	0.0152315077	0.0311926551	-0.0358809318	-0.0427081399	-0.0631673406	0.0460235105	0.0125909222	-0.0497936506	0.0155581759	0.0093179224	-0.0273024515	0.0228921155	0.063997044	-0.0585510302	-0.0358764808	-0.0217525108	-0.0947800719	-0.0391810041	0.0209333019	0.0351317796	0.0787484175	-0.0471746652	-0.0779243361	0.0229376714	0.1129361615	0.0724117923	-0.1567049741	0.1093117422	0.0419776049	0.0831794212	0.0080091963	0.0490505037	0.0338398412	0.0019312201	-0.1021767201	0.004616495	-0.0143262638	0.0369692611	0.0277143207	0.095225183	-0.0373736161	0.0474409778	-0.0540751928	-0.0403757985	-0.0659998055	-0.0283448383	-0.0494952328	-0.0194884936	-0.0067983668	0.070465282	-0.0801896433	-0.065974007	0.1040226668	0.0068865371	-0.0364920012	-0.0321647687	0.0118924314	-0.0761288555	0.0164719441	0.0250589303	0.0236174258	0.0257443543	-0.0373590741	0.0609342281	-0.0356939063	-0.1006380992	0.0138630488	0.0601030276	-0.0596724248	0.0456930017	0.0002038595	-0.0280999757	-0.0160691061	0.0272818288	0.0339293171	-0.0701772611	-0.0516123363	-0.0858702843	-0.1034548535	-0.0800451846	0.0826470889	0.0118328205	0.0185652457	-0.0189143059	0.0858069325	-0.0285480543	-0.101490189	0.0812525556	0.1102621789	0.0202511511	0.0434205939	0.0434935931	0.0142941289	-0.0724218881	0.0390128266	-0.0837150996	-0.0978001546	0.0150368111	0.1083594676	0.0216917134728191	-0.0146818051248374	0.0002155554017237	0.0004705304333868	-0.0984677819443646	0.0754019614835925	0.0056854557955731	0.0096959040810429	0.739634810837444	0.0108895174218872	0.0001185815896815	0.5470596534025416	-0.0189902592547386	-0.0002959885311117	0.0003606299465621	8.760921054966196e-08	0.0004849387247225	-9.805613956289992e-05	2.3516556673548465e-07	9.615006505978909e-09	0.0004321424619548	-1.844809056400032e-06	1.8674710742435574e-07	3.403320454575577e-12	0.0	0.0	0.0	0.0	0.0	0.0	0.0	0.0	0.0	0.0	0.0	0.0	0.0	0.0	0.0	0.0	0.0	0.0	0.0	0.0	0.0	0.0	0.0	0.0	0.0	0.0	0.0
1021.2020927117484	-0.5735812249401988	1042853.7141588544	0.3289954216038989	1694.749123150369	10.378222490393	2872174.590418945	107.70750206009907	920.3421535120316	-1.0864384808371597	1.1803485726437553	847029.6795311639	1014.5188353574366	1122.5819678523017	1.578161	36.780849	0.2896441952331587	0.1837173356156251	-0.0158130473	-0.1605256409	0.0520093776	-0.0125648006	-0.0836633708	-0.1572467841	-0.0828314151	0.0441968997	-0.0434006125	-0.0548764938	-0.0233808123	0.0041682079	0.0084040427	-0.0085020731	-0.1597567201	0.1363648683	0.0220313437	-0.0252783172	0.0042843363	-0.0194706779	0.0756614549	-0.0088068342	0.0072904483	-0.0896565933	-0.0233885029	-0.0465047313	-0.0115584092	0.1559867616	0.0280392503	0.0448033751	-0.0764636194	-0.0171783321	0.0955403287	-0.0121768116	0.0438212101	0.0190307997	-0.0503460726	0.0502933519	0.0930372742	0.1114968574	0.1449663024	-0.0918394324	0.0865271755	0.0036782153	-0.0361259172	0.0274499584	-0.0586700372	0.0813174534	-0.1256405652	0.0870946958	-0.103579568	0.0177234194	0.038609325	0.1666278768	0.0373996837	-0.0177503891	0.137538708	-0.0505651046	-0.0296989849	0.0689983588	-0.0126031084	-0.0729684731	-0.1275678299	-0.1903974098	-0.0518478762	-0.0619365	0.0711951602	-0.0481149084	0.0411576012	0.0099970122	0.0484827719	-0.1451009041	0.0439107152	0.096554435	-0.0153645836	0.0395894967	0.0025857716	0.0057934516	0.049477339	0.0738828199	-0.0058457915	0.0015833503	-0.067348469	-0.0437498216	0.0188799642	-0.0340340998	0.0143388631	-0.0968510733	0.075736981	-0.0029669513	-0.0741058448	0.1108520329	-0.0724499838	-0.0140052466	-0.1921927381	0.0852703995	-0.0028123031	0.0414637543	-0.021235293	-0.0337987764	0.029377672	-0.190517791	-0.09137179	0.0098034153	0.0563038261	-0.0064506623	-0.0921287787	0.0101206112	0.0914199646	-0.0216333738	0.0339415737	-0.0332156409	0.0163211241	-0.0784107569	0.0188592179	0.0149479449	0.0163201134	0.1269894318	0.0023290888	-0.0153098524	-0.1012569959	-0.0607345139	-0.0057467972	0.0822509507	0.0369880768	-0.0864849902	-0.0945685192	0.0235226525	0.1102295573	0.037437331393022	0.0157456179202029	0.000247924483689	0.0014015537818309	-0.1294614956295419	-0.0309937136851772	0.0009606102879987	0.0167602788506378	0.8753207371351976	0.1356859262977536	0.0184106705952794	0.7661863928589058	-0.0209926420032064	-0.0020023827484677	0.0004406910182747	4.009536671361455e-06	0.0006229905525101	0.0001380518277875	3.881172285168396e-07	1.9058307155497157e-08	0.0004360866322999	3.9441703451000335e-06	1.901715508706682e-07	1.5556479711166518e-11	0.0	0.0	0.0	0.0	0.0	0.0	0.0	0.0	0.0	0.0	1.0	0.0	0.0	0.0	0.0	0.0	0.0	0.0	0.0	0.0	0.0	0.0	0.0	0.0	0.0	0.0	0.0
1021.4480550562138	0.2459623444653971	1043356.129178122	0.0604974748949146	1674.467262831978	-20.281860318391185	2803840.6142960163	411.3538579747308	921.0263114113628	0.6841578993312396	0.4680720312173346	848289.4663120207	1013.765596471036	1126.1865323450693	1.433879	33.418179	0.1741626560778372	0.1152909339514688	-0.0059194412	0.0870077487	0.0371028451	0.0235498189	-0.0740294702	0.1246720197	0.0413322078	-0.0507497355	-0.0493723179	0.0252913489	0.0071320803	-0.0217253731	-0.0345510333	-0.0094376234	-0.0732142447	0.0801857737	-0.0217176927	0.1054671492	-0.012568899	0.0493610715	-0.0146830318	-0.0213810869	0.1435768016	0.045674066	0.172029088	-0.006257111	-0.0582708552	-0.1159433929	0.0026936638	-0.0350806918	-0.0489275641	-0.0333448173	-0.012839991	0.0612032937	-0.0604242902	-0.0755287297	-0.0091400739	-0.0413811887	-0.0242244964	0.1028504177	-0.0188268216	-0.0350123955	0.0786787575	0.0221103861	-0.0586885602	0.0570251808	0.0151831825	-0.0446797287	0.0875076785	0.0460685985	-0.0674969446	0.0401758113	0.1209037828	-0.014666774	0.0131205256	0.004488917	0.002783421	-0.0822157922	-0.07407412	0.0145336519	-0.0145873273	-0.0349999118	0.0844982688	-0.0283606495	-0.1387803277	0.0870461391	0.0695495324	0.0255708142	-0.0092199059	-0.0948736396	-0.0552301255	0.0635468064	-0.0496340592	0.0008285352	-0.0097837254	-0.006798465	0.0633954615	0.0468631429	0.1391067536	0.025800336	-0.0057970357	0.058810281	0.006803039	-0.0524250045	-0.0625825316	0.0203237641	0.1046816541	0.0103914962	0.0044277001	-0.0125425614	0.0683402562	-0.0446302352	-0.0028913319	0.0666685543	-0.0332343542	0.0144447527	0.0395209545	0.1091315042	0.1229802222	0.0776523715	0.0130231058	-0.1214299874	0.1006846873	0.0506066741	0.0076597939	0.0145708134	0.0282217614	-0.0569417491	-0.0590252099	-0.0098313895	0.090857377	0.1637084252	0.0049875991	0.0174225513	0.0064427103	-0.0352821174	-0.0340640903	0.0824269478	0.0138702387	-0.0059925317	-0.0688125329	0.025841744	0.0389137239	0.0160705182	0.0349494174	-0.0891247992	-0.0910168938	0.0318670259	0.1110641056	0.0379648736400497	0.0005275422470276	2.783008223990304e-07	0.0014413316305049	-0.1372061423306121	-0.0077446467010701	5.997955252439747e-05	0.0188255254932481	0.8035214299449933	-0.0717993071902043	0.0051551405129933	0.6456466883808468	-0.0194072539882768	0.0015853880149295	0.0003766415073654	2.5134551578824152e-06	0.0003333633728908	-0.0002896271796193	1.1113113838513057e-07	8.388390317423026e-08	0.0004292786280581	-6.80800424180002e-06	1.8428014050744459e-07	4.634892175636706e-11	0.0	0.0	0.0	0.0	0.0	0.0	0.0	0.0	0.0	0.0	0.0	0.0	0.0	0.0	0.0	0.0	0.0	0.0	0.0	0.0	0.0	0.0	0.0	0.0	0.0	0.0	0.0
1023.5075384295328	2.05948337331904	1047567.6812220817	4.241471764977572	1680.6976500469705	6.230387214992561	2824744.5908734086	38.81772484874276	921.7876218943422	0.7613104829794111	0.5795936514943442	849692.4198776268	1015.4946750268005	1130.8514148964557	1.306553	30.450712	0.0485071786915421	0.0330209752284798	-0.0248521072	-0.1070642116	-0.0670895923	-0.0472145317	-0.0712111623	0.0135693206	0.0177706404	0.0985476437	0.0031608666	-0.1297232239	-0.0018191283	0.015397416	0.1061905677	-0.0105565397	-0.0547118693	0.060224825	0.0161550299	0.079975684	0.046234004	-0.0270591136	0.019170421	0.0265507901	-0.0695497331	-0.1049500295	-0.0081151763	-0.0239525106	-0.0798489483	0.044056052	0.1278038037	-0.0802327557	0.0222941707	-0.1312362262	-0.0108947099	-0.0259492493	0.060421921	-0.0509465165	-0.0298473636	-0.0079310369	0.0743200652	0.0736413228	-0.0243707872	-0.0817012904	-0.0497663243	0.074601423	-0.0199305705	-0.079780361	0.0144215035	-0.0180112588	-0.0866071054	0.003889818	-0.1055147916	0.0026426628	-0.1358129285	0.006087989	-0.0998607455	-0.0788492375	-0.0462856543	0.0265879944	0.1192510562	-0.1566986782	-0.007835555	-0.0200943521	0.0445762413	-0.07474948	-0.0180129901	-0.1323062619	0.0444171377	-0.0254936915	-0.0122676531	0.0134700745	-0.0205691616	-0.058024582	-0.0015210489	0.1259424701	-0.0082059689	-0.1191214036	0.0024625426	-0.042035596	0.0036955169	-0.019935545	0.0963554745	0.092671819	0.0448020796	0.0475378553	-0.035835156	-0.055809357	0.0944130246	0.0179069669	0.0390871214	-0.0373146331	-0.0370085155	0.0737375566	-0.0179736789	0.0469574113	-0.0256209558	0.0070093577	-0.1139214254	-0.0475694989	0.0188666267	-0.1176948497	-0.0071276343	-0.0823866336	-0.0295759663	0.0602264351	0.027494284	-0.105914258	-0.0207459637	0.0072938003	0.0731375614	-0.0141589451	0.0213072771	-0.0217170152	-0.0762415099	0.0464602276	0.0296342271	-0.0317237079	0.058277134	0.1045335037	-0.0286911864	-0.0059025838	0.0385060527	-0.0557680707	0.0223686236	0.0169647065	0.0328976148	-0.091630556	-0.0871572961	0.0400197472	0.1108552722	0.0342056227841283	-0.0037592508559213	1.413196699774574e-05	0.00117002463005	-0.1370836201070204	0.0001225222235916	1.5011695273851282e-08	0.0187919189016458	0.7733504422431992	-0.0301709877017941	0.0009102884989018	0.5980709065177517	-0.0192933043444914	0.0001139496437853	0.0003722315925291	1.2984521318819229e-08	0.0005048716950244	0.0001715083221335	2.548954284368108e-07	2.9415104561082697e-08	0.0004329090203438	3.630392285699981e-06	1.8741021989502865e-07	1.3179748148069934e-11	0.0	0.0	0.0	0.0	0.0	0.0	0.0	0.0	0.0	0.0	0.0	0.0	0.0	0.0	0.0	0.0	0.0	0.0	0.0	0.0	0.0	0.0	0.0	0.0	0.0	0.0	0.0
1023.6460680254268	0.1385295958939423	1047851.2725839168	0.0191904489385389	1695.1321108942448	14.434460847274297	2873472.873384778	208.35365995149456	922.5914707354584	0.8038488411161779	0.6461729593638222	851175.0218738163	1013.8006275393072	1132.6903637918558	1.314784	30.642546	0.227337227400495	0.1226311559918605	0.01382033	0.0355759034	0.1047797498	-0.0549053261	-0.048642226	-0.0898833956	-0.0485848869	-0.1378285838	-0.058733142	-0.0694533762	-0.0771819911	0.1179758591	0.1351935734	-0.0256798521	-0.0954100401	0.1445671803	0.1245113704	0.0211800562	-0.1334975291	-0.0194516163	0.033863212	0.0721285186	0.0141532952	-0.148053964	-0.0174113551	0.0228481459	0.0368775106	0.0929836819	0.0771536126	-0.0086362771	0.0158335969	-0.0467003817	0.0618806075	0.0053717844	0.1360259618	-0.0591483923	-0.0915451633	-0.0636483144	0.0556654922	0.0035197306	-0.019462505	-0.0611886844	-0.0440234462	-0.0115629484	0.0460792628	-0.1444229606	0.0351443081	0.1226135259	0.0157311514	0.130356206	-0.1137392168	-0.0223273273	-0.0923813001	-0.0113445075	0.020917266	0.1070052365	-0.0185674317	-0.0859711361	0.0381295185	0.0891902883	-0.0289136481	-0.1244259644	-0.1550117893	0.0048236079	-0.1279291592	-0.0615460036	0.0336592125	0.0101117518	0.0057871574	-0.0430677296	0.0135149191	-0.1747766599	0.0044996413	0.0186198512	0.0569289408	-0.0382244743	0.0223785526	-0.0202060127	0.0629248843	0.0239204006	0.1322041125	-0.0244850046	-0.0388505678	0.0108490409	-0.0297897805	-0.0324926009	0.0200448464	-0.0390918378	0.0867451495	-0.0846458323	-0.0382375157	0.0201297841	0.002434323	-0.0409788765	-0.0675720382	0.1248247278	-0.0859110255	0.1046155568	0.0526873159	-0.1213823691	0.0047738588	-0.1435134013	-0.1428407257	0.0135042699	0.0627271113	0.0663723165	0.0359806544	-0.0682736235	0.0442479402	0.0827083891	0.0042599516	0.0447386426	-0.0644913946	0.0597067246	-0.0276323707	-0.0161047949	0.0079069538	-0.0120114899	0.1149834343	-0.0321397156	0.0048546946	0.0349518083	-0.0744168639	0.0562070317	0.0308334408	-0.0939984918	-0.0830027857	0.0479317851	0.1096050192	0.0349319532781322	0.0007263304940038	5.275559865199458e-07	0.0012202413598256	-0.0899499825406309	0.0471336375663895	0.0022215797902397	0.0080909993590598	0.869067926553484	0.0957174843102848	0.0091618368026896	0.7552790609639718	-0.0201203652779749	-0.0008270609334834	0.0004048290989191	6.840297876945981e-07	1.4049976443164525e-05	-0.0004908217185812	1.9740183805347808e-10	2.4090595943103745e-07	0.0007902218688754	0.0003573128485316	6.244506020489299e-07	1.2767247172576617e-07	0.0	0.0	0.0	0.0	0.0	0.0	0.0	0.0	0.0	0.0	0.0	0.0	0.0	0.0	0.0	0.0	0.0	0.0	0.0	0.0	0.0	0.0	0.0	0.0	0.0	0.0	0.0
1023.4070149326334	-0.2390530927933696	1047361.9182133232	0.0571463811740753	1681.8242966029954	-13.307814291249317	2828532.9646441606	177.0979212103795	923.1261073590078	0.5346366235494315	0.2858363192403366	852161.8100877944	1017.3256853804432	1147.129545421609	1.273107	29.671215	0.2807831487555396	0.1477493435151286	-0.0012256851	0.0641677664	-0.0499990614	-0.0142399574	-0.068353381	0.114382053	0.0010011885	-0.05166832	0.0486467434	-0.0338339446	-0.042589015	-0.0610593096	-0.0517277605	-0.0302689213	0.0195363405	0.1301401693	0.0662754375	0.0984361392	0.0743124074	-0.001757418	-0.0173482136	-0.0641543186	0.0961496204	-0.0241201954	0.0623041275	0.0196162808	0.1254802704	-0.1057082516	0.1204831841	0.0922729547	-0.0072704995	-0.0300804954	0.0239928984	0.0629061479	0.1066304892	-0.0367308329	-0.0059926433	-0.0233188898	-0.0490994876	0.0407335233	0.1206593069	-0.0128296506	-0.0442333674	0.0255874713	0.0880064531	0.0195086889	-0.1136523375	-0.029998797	-0.0021928362	0.034931157	-0.1280538327	-0.0511895673	-0.0076641217	0.0660591052	0.0075826919	-0.0558337138	-0.0041639692	0.0626169692	-0.052869979	0.037579763	-0.0285916828	0.058358748	0.0861041385	-0.0156811663	-0.1273508974	-0.0533436016	0.0884237418	0.0457509958	0.0306909735	-0.0730833223	-0.1116754874	0.0211267725	-0.0318580038	-0.0557346829	0.0076731164	-0.0056840148	-0.0167295965	0.0889151395	0.131590208	-0.0005221035	0.0754761662	-0.0570771828	-0.0741629828	0.0697193696	-0.0444866981	0.0630708036	-0.0940183888	-0.0357410853	0.1215947197	-0.0364702502	-0.012667386	0.0712534533	-0.0582150428	0.0029276834	-0.0582993536	-0.0796508744	-0.0888609735	-0.0004917119	0.1224008627	0.0072822067	-0.0036664959	-0.0980814099	0.1109398142	0.0756996417	-0.0310626794	-0.0829231431	0.0565380558	0.0092725819	-0.0229968179	-0.0181508972	0.0358949497	-0.0405644126	0.0138539937	-0.0074650562	-0.0285524488	-0.0600669216	-0.0462269729	0.024144055	0.0608007798	-0.1041488535	0.0436188154	0.0042526604	-0.0892619899	-0.0294839659	0.0287576717	-0.0962250449	-0.0785674201	0.0555555556	0.1073250918	0.0240083363046039	-0.0109236169735283	0.0001193254077843	0.0005764002121149	-0.1711599191449124	-0.0812099366042815	0.0065950538032714	0.0292957179216929	0.7799858901057775	-0.0890820364477065	0.0079356092176705	0.608377988764102	-0.0186340115784692	0.0014863536995057	0.0003472263875065	2.2092473200342884e-06	-0.0002127894634456	-0.0002268394398887	4.5279355753466335e-08	5.1456131489048415e-08	0.0005120638336694	-0.000278158035206	2.6220936975220295e-07	7.737189254966237e-08	0.0	0.0	0.0	0.0	0.0	0.0	0.0	0.0	0.0	0.0	0.0	0.0	0.0	0.0	0.0	0.0	0.0	0.0	0.0	0.0	0.0	0.0	0.0	0.0	0.0	0.0	0.0
1023.05075914209	-0.3562557905434005	1046632.8557812066	0.1269181882957032	1688.2544696310292	6.430173028033778	2850203.154229148	41.34712517045308	920.1993274457708	-2.926779913237056	8.566040660527907	846766.8022316489	1013.996983098004	1136.2734133370898	1.261864	29.409176	0.1361411230929815	0.0703852070630115	-0.0381231724	-0.0880529144	0.0289949462	-0.106073465	-0.0243050566	-0.0647225093	0.0236789808	0.0396221637	-0.1043436845	-0.0256596077	-0.0248515669	-0.0911112559	-0.0246071554	-0.037192293	-0.0621231722	0.0664706936	-0.0090057544	0.0159975498	0.0765521669	-0.0396786489	0.0888289701	-0.0293244064	-0.1548612382	-0.0342720057	0.0472162419	-0.0589229522	0.0728735814	-0.0122120575	-0.0696197636	0.0385602706	-0.1881844699	0.0253950757	0.1100533201	0.0488150586	-0.1389643851	0.0916868825	-0.0202121067	-0.0262278977	-0.0707251552	-0.2009254071	0.0007216093	0.1389063475	0.0187824939	-0.043842061	0.0958846723	-0.0872798586	0.0529144227	-0.0545079316	0.0045525119	-0.0533582495	0.076159729	-0.1235934686	0.0327479806	0.0610171222	-0.1141694723	0.0814028586	-0.084081465	-0.0510574502	-0.042322958	0.0672037375	-0.0352522442	-0.0341901677	0.0005509013	-0.0792150863	0.0090687692	-0.0014940706	0.1519864159	0.0352178395	-0.0053247932	0.0544502647	-0.0432919704	-0.0499820685	-0.0133739681	-0.0117441767	0.0111988642	-0.1023618416	-0.1509457912	-0.0007536781	-0.0107494939	0.0527100646	-0.1794053993	-0.0611823281	-0.1204035803	-0.0785573103	0.0734583558	-0.0183296054	-0.0702804383	-0.0310291296	0.0275323009	0.0752342379	0.0828153375	0.0432307951	0.0982458549	-0.0753520067	0.1277004641	-0.042478711	0.0116506915	-0.0051635144	0.0693205285	0.0931679041	-0.0366915164	-0.0164598323	-0.1002018423	0.0693257981	0.0739587954	-0.0931629178	-0.0822010813	-0.0361056283	0.0796298772	0.056333441	-0.0132375763	0.0292117477	0.0646212282	-0.0306982871	0.1532986772	0.0004639148	-0.0541665724	0.0871372994	0.050496251	0.0554362481	0.0333234654	-0.0164367061	-0.0238047794	-0.0329558474	0.0266710879	-0.0983068664	-0.0738662073	0.0628452084	0.1040369087	0.0126697922752043	-0.0113385440293996	0.0001285625807066	0.0001605236362968	-0.111840036002377	0.0593198831425354	0.003518848536044	0.0125081936530129	0.7473222551290775	-0.0326636349766999	0.001066913049891	0.55849055301121	-0.0190201552094571	-0.0003861436309879	0.0003617663041918	1.4910690375252165e-07	1.9776532262927304e-05	0.0002325659957085	3.9111122834660457e-10	5.408694235989874e-08	0.0005497354258599	3.767159219049995e-05	3.022090384453656e-07	1.419148858167337e-09	0.0	0.0	0.0	0.0	0.0	0.0	0.0	0.0	0.0	0.0	0.0	0.0	0.0	0.0	0.0	0.0	0.0	0.0	0.0	0.0	0.0	0.0	0.0	0.0	0.0	0.0	0.0
1022.7156122125448	-0.3351469295452034	1045947.2234632802	0.1123234643835775	1678.4954996855363	-9.758969945492936	2817347.142464598	95.2374943970344	920.2645826696282	0.0652552238574344	0.0042582442406838	846886.902116105	1015.0096020048902	1141.842146509935	1.45865	33.995495	0.1299242902217683	0.0652512838114424	-0.0065599342	0.0961682601	0.0470727832	-0.0751108945	-0.0720898253	0.1581688542	0.0013208958	0.0181146758	-0.0059281493	0.1560134139	-0.0201365134	-0.0454620304	0.0200871574	-0.0587544785	-0.008760316	0.0864012512	-0.0616016858	0.1210378787	0.0262229282	-0.044339967	-0.0254507734	0.1253015961	0.0081694646	0.1948354508	-0.0763923509	-0.029398246	0.0775555483	-0.0965414208	-0.0814316097	0.0913759637	0.0398805106	0.087178329	0.0409697003	0.0743836228	0.0566456702	-0.0017483384	0.0750520117	-0.2020280174	-0.0349696296	-0.0440882471	-0.1439950018	0.0466514386	0.0725586556	0.020482548	-0.0043615433	0.1877283999	0.002864687	0.0091084241	-0.0967991446	-0.0788148679	-0.055181743	0.0247001651	-0.0444063313	-0.0611388945	-0.0061557723	0.0339111365	0.0842064439	-0.004540341	-0.1312958414	0.0084738946	-0.0580611118	0.0405977611	0.1690114797	0.0309792389	-0.1627508357	0.087385361	0.061200528	-0.0530810057	0.0917895407	0.1280076306	-0.0737873896	-0.0514673038	-0.0883158447	-0.0791835853	-0.1228618547	0.0228382595	0.0106233497	-0.1408190209	-0.0833646928	-0.1041367263	-0.0155103467	-0.1209975083	-0.0171496466	0.1128055416	0.1672190049	0.1519559275	0.0398874386	0.0047918788	0.0824546776	-0.1444214613	0.0792888174	-0.1507318408	-0.0905765491	-0.2192628308	0.035126172	0.0277685295	0.0715708788	-0.0293263529	-0.062305423	-0.1346507955	-0.0222212929	0.019317284	0.0181117688	0.107490914	0.1244364531	0.039726646	0.0464957056	0.0907970542	-0.2077495274	-0.0883426991	0.0326114389	0.0295782289	0.1785754825	-0.0647305567	-0.057211543	0.0033214634	0.2054295917	-0.0451990365	-0.0665855293	-0.2096479	0.0043986584	-0.2104338083	-0.1855670734	0.0481313668	0.0245744743	-0.100240825	-0.0689150546	0.0697569027	0.0997713604	-0.0093330113641911	-0.0220028036393954	0.0004841233679937	8.710510112412021e-05	-0.0789077058715577	0.0329323301308193	0.0010845383678452	0.0062264260459122	0.7069869222802083	-0.0403353328488691	0.001626939076029	0.4998305082752413	-0.0189861496820398	3.400552741730095e-05	0.0003604738797488	1.1563758949288067e-09	7.144256772839697e-06	-1.2632275490087608e-05	5.104040483626588e-11	1.5957438405746808e-10	0.0011961740950062	0.0006464386691463	1.430832465563902e-06	4.1788295296763974e-07	0.0	0.0	0.0	0.0	0.0	0.0	0.0	0.0	0.0	0.0	0.0	0.0	0.0	0.0	0.0	0.0	0.0	0.0	0.0	0.0	0.0	0.0	0.0	0.0	0.0	0.0	0.0
1025.3574346636951	2.6418224511503468	1051357.8688201138	6.979225863402026	1674.6047492649243	-3.890750420611994	2804301.06626064	15.137938835492406	923.4704243527896	3.2058416831613386	10.277420897494723	852797.6246543212	1015.9334728055492	1144.0438986365214	1.693539	39.46986	0.740242328968332	0.4423557347307231	0.0421519375	-0.1183595935	-0.1083823498	-0.1073149731	0.0491695059	0.0033895299	0.1337480762	0.1150745829	-0.0542257532	-0.0821962183	0.0047230572	-0.0483713084	-0.0375960622	0.0962514498	0.0483166831	-0.3522804367	0.2282130749	0.0242238411	0.1337919833	-0.1139424301	0.0495662191	-0.0691753084	-0.0522574718	-0.0538385379	-0.0746921452	-0.0052775211	0.1577980872	-0.156383552	0.0674664781	-0.1174150524	0.1592924805	0.0139287241	-0.10862407	0.0013638259	0.0279701657	-0.0121173857	0.1611357906	0.0048741997	0.0351020307	0.0428139351	0.0627744361	-0.027698525	0.0481700974	-0.034648768	-0.1571880287	0.1224472448	0.0876673267	0.0885841051	-0.0165019021	0.0666854137	0.0521431644	-0.0358142391	-0.1250668919	0.0906764422	0.0764940903	0.0202951313	0.0048361207	-0.1275793607	-0.0812369869	0.0397933155	0.1042051312	-0.0298597504	0.0790521407	0.0933362352	0.336389527	-0.0740696841	-0.0368626988	0.1878517013	0.1528137753	0.0452461091	-0.0772816108	0.1284828342	0.121885323	0.0312447792	-0.0094043553	-0.1084328223	-0.0649802479	0.1145989385	0.0153245537	-0.1226690825	0.2577893605	-0.0244909599	0.1280950694	-0.0030005453	-0.0485489493	0.1495950536	0.0551147971	-0.165155102	-0.0463027568	0.1412646916	-0.0775740393	-0.0385449475	0.0898606314	-0.0068307968	-0.1410438136	0.0880238927	0.1753579244	-0.0205150963	-0.1230010978	-0.0391606978	0.0079863613	0.2143384052	0.038531227	-0.0389821528	0.0493587401	-0.1241173499	0.0950517651	0.4189390044	0.0164649465	-0.1150129081	-0.0705657672	0.0712538399	-0.0695290073	-0.0576786695	-0.0908641604	0.1834432247	0.0122082435	-0.0039606246	-0.0037944535	-0.2332027632	0.234601596	0.0170090103	0.030026449	0.1096812807	0.0224686191	-0.1020240119	-0.0637307152	0.0762490709	0.0945685192	-0.0171471919043568	-0.0078141805401657	6.106141751430433e-05	0.0002940261902048	-0.4290611617655031	-0.3501534558939453	0.1226074426744731	0.1840934805355632	0.6180885933101194	-0.0888983289700888	0.0079029128936741	0.3820335091800822	-0.014014485624369	0.0049716640576708	0.0001964058073156	2.471744350233569e-05	-0.0007002346024858	-0.0007073788592586	4.903284985184462e-07	5.003848505260544e-07	0.0013846584493594	0.0001884843543531	1.917279021382378e-06	3.55263518359426e-08	0.0	0.0	0.0	0.0	0.0	0.0	0.0	0.0	0.0	0.0	0.0	1.0	0.0	0.0	0.0	0.0	0.0	0.0	0.0	0.0	0.0	0.0	0.0	0.0	0.0	0.0	0.0
1024.9535267751285	-0.403907888566664	1050529.732048774	0.1631415824463807	1684.6827239326808	10.077974667756507	2838155.880317237	101.56557340394188	922.4101230406396	-1.0603013121499316	1.1242388725468668	850840.435087848	1012.9800806490102	1136.391472785926	1.515553	35.321701	0.6525794743710398	0.5198983427538344	0.021800878	0.0489133414	0.1040752055	-0.1446801486	0.0908439317	0.022478818	0.0225190301	-0.0555958087	-0.1489127815	0.0436653054	-0.0769649563	-0.1439201446	-0.0617856831	0.0070093433	0.1191733587	-0.0868671967	-0.0481519405	0.1188555706	-0.1459408741	-0.036888738	0.0567421859	0.1812145891	0.0136204577	0.1895086654	0.1058378221	0.0009851796	-0.0335939105	0.1534385347	0.023535499	-0.1714831866	0.0986955883	0.0366018217	-0.0248786162	0.0019512904	-0.0177232409	0.0397570452	-0.038269761	0.0147366018	-0.0553724193	-0.1342945642	-0.0933049766	0.0876333999	-0.1454211206	-0.1113075904	-0.0886200525	-0.0437883581	0.0567820604	-0.0245186055	0.1432621619	0.0465038324	0.0676990638	0.0737910464	-0.0233100591	-0.0180150206	0.1187903033	-0.0465466534	0.1646246386	0.1209128586	0.0455920548	-0.0685697646	0.0023325427	-0.0466039781	0.0453724542	0.2151180898	0.0549728359	0.1002959641	0.1011726395	-0.1018921326	-0.0097375387	0.0341396123	0.0754366053	0.0642703682	-0.0553464262	0.0775426697	0.2156678208	0.054530822	-0.0321535612	-0.181401023	0.0181963371	-0.0855377039	-0.0587809735	0.0763305185	0.1821628738	-0.1019832611	-0.0434577764	-0.0345437385	-0.1037294811	0.0039737341	-0.1263695764	-0.0347237098	0.0247600809	-0.1084859632	0.1182359867	0.0341296028	0.040194574	0.0037186151	0.085477286	0.1343841299	0.0097610112	-0.0562363095	0.0050549798	0.2585754116	-0.0448341984	-0.0173703923	0.1017450972	0.0258358098	0.0214193735	-0.1597661211	-0.038858764	0.2048285165	-0.1253139013	0.1440800026	0.0241904408	0.0955562974	0.0891683675	0.0782234383	0.1696470398	-0.0495474852	0.0596924177	0.1720525506	0.0279577506	-0.0580102418	0.1201685535	-0.0423975454	0.0203543145	-0.103653745	-0.0583307311	0.0822826681	0.0884772626	-0.0299260869831101	-0.0127788950787533	0.0001633001594337	0.0008955706821206	0.0866124735854043	0.5156736353509074	0.2659192981960206	0.0075017205805823	0.6062648907755204	-0.011823702534599	0.0001397999416266	0.3675571177870536	-0.0155404058323696	-0.0015259202080006	0.0002415042134347	2.328432481184598e-06	-0.0005429169729012	0.0001573176295845	2.947588394642023e-07	2.474883657811741e-08	0.000821831458809	-0.0005628269905503	6.754069466881291e-07	3.1677422129202e-07	0.0	0.0	0.0	0.0	0.0	0.0	0.0	0.0	0.0	0.0	0.0	0.0	1.0	0.0	0.0	0.0	0.0	0.0	0.0	0.0	0.0	0.0	0.0	0.0	0.0	0.0	0.0
1024.350378725616	-0.603148049512356	1049293.6983953132	0.3637875696305594	1683.7811013263206	-0.9016226063602062	2835118.797183677	0.8129233242997713	921.8194521903488	-0.5906708502908486	0.3488920533833141	849751.1024365147	1013.199536099159	1142.397930736384	1.475372	34.385223	0.2673835242546359	0.1432120657712427	0.0103459005	0.0838168615	-0.1312830404	-0.1114718805	-0.0404689338	0.0567515117	-0.0470531157	-0.0064196093	-0.0123573335	-0.0648219596	-0.0905993825	-0.0357004711	-0.0426210912	-0.0246220695	0.0677143268	-0.0248472331	-0.0426594718	0.1731735823	0.07175991	0.0542570513	-0.0451606087	0.0171575893	-0.0058956851	0.0855907425	-0.078703879	-0.0941383748	0.0766265812	0.0178959401	-0.0480390055	-0.0959908077	0.1848709997	0.1445315936	-0.0307231361	0.078598047	0.0321340329	0.0905041096	0.0020725523	0.1410839545	-0.098881439	0.0393309556	-0.0285350324	0.020350375	-0.0426463738	0.0069423463	0.0207618039	0.0527509298	-0.1478386634	-0.1458102722	-0.112917685	0.0286651331	-0.0481393062	0.0500447196	-0.0843102051	-0.0369810024	-0.0955732093	-0.0281386513	-0.047044559	0.0058366436	-0.0220176216	0.0634303211	-0.0229855489	-0.0150590759	0.0839532577	0.1051535499	-0.0162025129	-0.1083937485	0.0087082377	-0.0983949645	-0.0010095691	0.1386100945	0.1363866272	0.1095190226	-0.0107067821	0.0510004699	0.0283513739	0.0424584237	-0.0643318989	-0.0576914361	0.0965936095	-0.0550320808	0.0805763712	-0.1031751469	0.0533405494	0.0179972085	0.1123209809	0.2207916801	-0.0756317093	-0.0429167529	-0.1001240076	0.0790100706	0.0765973714	0.0632613566	-0.1120065148	0.046323374	0.0502749977	-0.052287865	-0.0414079986	-0.1310576615	-0.012158442	-0.069946323	-0.0313209736	0.1305452949	-0.0314284247	0.0519111383	0.0106627919	-0.0902932243	0.0220281391	0.0284238167	-0.2290010124	-0.0183656847	0.0552910292	-0.116149773	0.0845546268	0.0473752118	0.0139680636	-0.0012297867	0.1785223046	-0.0964738647	-0.0659266113	0.0894887429	-0.0243043653	0.0269642533	-0.0552239829	-0.0428352888	0.0182323554	-0.105127573	-0.0527333744	0.0878214077	0.0815548146	-0.0182743445340634	0.0116517424490467	0.0001357631020989	0.0003339516681496	-0.0079823148022057	-0.09459478838761	0.0089481739900967	6.371734960151222e-05	0.6645306044769796	0.0582657137014592	0.0033948933931404	0.4416009242865399	-0.0170407574069507	-0.001500351574581	0.0002903874130025	2.2510548473479816e-06	-0.0003677736542773	0.0001751433186239	1.3525746078047898e-07	3.0675182058592955e-08	0.0004399007576836	-0.0003819307011254	1.935126766106054e-07	1.458710604621396e-07	0.0	0.0	0.0	0.0	0.0	0.0	0.0	0.0	0.0	0.0	0.0	0.0	0.0	0.0	0.0	0.0	0.0	0.0	0.0	0.0	0.0	0.0	0.0	0.0	0.0	0.0	0.0
1024.5035962286731	0.1532175030570215	1049607.6186854842	0.0234756032430284	1703.2699389582094	19.488837631888828	2901128.484958702	379.81479224212615	924.281300874683	2.4618486843342	6.06069894455803	854295.9231465963	1017.732134893508	1160.5337390850398	1.495178	34.846821	0.3439282937838988	0.2410321527762732	0.0015187178	-0.0255428366	-0.0157367749	-0.1479897668	0.2480840149	-0.1102617585	0.1325657263	-0.0308933771	0.2081636098	0.0132838438	-0.074101559	-0.1539401548	0.152181255	-0.0296629659	0.2275460466	-0.0438645482	0.2002959362	0.0060645557	0.060197409	0.0141010146	0.1522260486	0.0365701287	0.0763027294	-0.0913522488	-0.0794794062	-0.0430336443	-0.0821020777	0.0287993448	-0.1093000695	-0.0272569899	0.0173542174	0.0338717454	0.0146155026	0.1172923038	0.0192467278	0.1200691127	0.0980140075	-0.1431924402	-0.0166256422	0.052207477	0.05399192	0.0895989805	0.1152319527	-0.0436826055	-0.0818792447	0.0141026567	-0.1199843935	0.0479680149	0.0880104081	-0.0932361834	0.1358672104	0.015983007	0.0698349152	-0.0280904449	-0.0153121446	-0.0696206304	0.0465689368	-0.0736706938	0.1146326354	-0.0302914438	-0.0216187721	0.1280407346	-0.091161928	0.1873382381	0.1215644373	-0.1461459043	0.1025136885	0.1164618369	0.0821855341	-0.0368227701	0.1112150605	0.0246581259	-0.0641838906	-0.0554863707	-0.1617815858	-0.0055631885	0.0652179007	-0.0668427154	-0.0366986473	-0.0231680981	0.0412863208	-0.0410650484	-0.0696026747	-0.0201052269	-0.06531476	-0.0082672346	0.075921839	-0.1287622785	-0.0852563811	-0.1390812308	-0.0573966297	-0.1247875017	0.0113622935	-0.1091674429	0.0837678847	-0.1553274193	0.0211950528	-0.0449543421	-0.0815237034	0.0457566621	-0.0291206232	0.1771276343	0.0529039909	0.0955606187	0.139094424	0.005283595	-0.001262105	0.1199196123	0.0540936803	-0.0876320201	-0.2096786964	0.1032444147	-0.0802233791	-0.1163678859	-0.1094561799	0.1059542387	-0.0531637218	0.027809336	0.0049003572	0.0887153037	0.0029810222	0.0688986022	0.1677908113	-0.0630186144	0.0161035399	-0.1064432791	-0.0469575846	0.092831979	0.0738662073	-0.0244623076718113	-0.0061879631377479	3.829088779412685e-05	0.0005984044966303	-0.2392884682574134	-0.2313061534552077	0.053502536626244	0.0572589710409791	0.6092877136780146	-0.055242890798965	0.0030517769838263	0.3712315180389823	-0.016451745576109	0.0005890118308416	0.000270659932501	3.4693493687148897e-07	-4.420357926293583e-05	0.0003235700750143	1.9539564196546508e-09	1.0469759344480126e-07	0.0003286569357001	-0.0001112438219835	1.080153813837797e-07	1.237518792949664e-08	0.0	0.0	0.0	0.0	0.0	0.0	0.0	0.0	0.0	0.0	0.0	0.0	0.0	0.0	0.0	0.0	0.0	0.0	0.0	0.0	0.0	0.0	0.0	0.0	0.0	0.0	0.0
1013.7103080032842	-10.793288225388892	1027608.5885521134	116.4950707163185	1705.2482321697732	1.9782932115638232	2907871.533318137	3.9136440309195057	921.62223829176	-2.6590625829229566	7.070613819900905	849387.5501139137	1021.8113468332696	1181.8515513082427	2.10168	48.982063	0.549186109145679	0.3630192427668883	0.0971837504	0.1357118602	-0.0234535533	0.0864906981	0.3968128886	0.0224949188	0.0078725965	0.0751789736	0.3203853938	0.3920154331	-0.1400660628	-0.0341410136	0.1318377639	0.1171243958	0.4730886653	-0.0293338175	-0.2264077334	-0.1012874818	-0.0535867437	-0.1368332036	-0.120996936	0.1822534592	-0.0021641895	0.0124952045	-0.0999004927	0.0213633639	-0.0788336425	0.0694481286	-0.1334398434	0.0371406369	-0.0728094218	-0.0311048014	-0.0074013835	0.0077959275	0.1879715795	-0.1755073753	-0.1153647889	0.0794810693	-0.0088798817	-0.0159661187	0.155400025	0.0175070258	0.0832912207	0.0162780129	-0.0836875949	-0.1008634649	-0.0960872135	0.0191091696	0.0159968026	-0.0191475519	-0.1419518145	-0.0757869511	-0.0848992047	0.0624833533	0.0103617181	0.1646840808	0.0004008179	0.0358849642	0.0342703594	0.0864856451	0.1346678267	0.3855484113	-0.0706716798	0.2527523151	0.1142785982	0.0225318536	-0.235322369	-0.3605215619	-0.1296235017	0.0773301243	-0.1613218152	-0.2681443555	-0.0565626612	0.095313079	-0.1072385145	0.1478389738	0.1144735476	-0.0581806281	0.0921286869	0.0818741172	0.0758738611	0.1037463606	-0.0118375845	0.1158006886	0.1121978796	-0.049971012	0.0137579345	-0.1047949265	0.0619476351	0.0483964277	-0.0124149507	-0.1063372412	0.1077062475	0.0619503367	-0.1226383942	-0.1152593832	-0.0664073816	0.0908358013	0.0490561118	-0.0272420942	0.0717442529	0.3004275518	0.1136291044	-0.2037698808	0.181612034	0.0445429688	-0.1363536128	-0.3734273565	0.0144307351	-0.1081692277	0.0890589005	-0.3129706384	-0.1753109208	-0.1230923353	-0.1808032026	0.291716637	-0.2189998566	-0.142486744	-0.2347928655	-0.0154602084	0.0451182756	-0.0601644636	-0.0365265438	0.1685334771	0.0139686685	-0.1075988845	-0.0410229053	0.0972842479	0.0654836707	-0.0447912423054503	-0.020328934633639	0.0004132655833387	0.0020062553872655	0.0617689826445939	0.3010574509020073	0.0906355887436145	0.0038154072169481	0.5789573682942688	-0.0303303453837457	0.0009199298510973	0.3351916343022256	-0.0127813403116224	0.0036704052644866	0.0001633626601615	1.3471874805570957e-05	2.1264144886901093e-05	6.546772414983693e-05	4.521638577711219e-10	4.286022905359141e-09	0.0001151423598108	-0.0002135145758893	1.325776302279973e-08	4.5588474117187653e-08	0.0	0.0	0.0	0.0	0.0	0.0	0.0	0.0	0.0	0.0	0.0	0.0	0.0	1.0	0.0	0.0	0.0	0.0	0.0	0.0	0.0	0.0	0.0	0.0	0.0	0.0	0.0
1005.822140048388	-7.888167954896289	1011678.177411519	62.22319368465271	1679.374291229248	-25.873940940525245	2820298.010041739	669.4608197937883	921.17378421681	-0.4484540749500638	0.2011110573393174	848561.140728318	1017.2363366393278	1103.5637090382252	2.331127	54.329567	0.8574928222305924	0.4650281698682449	-0.0907242773	-0.1115828747	-0.014929542	0.2410116497	0.1750032574	-0.1325212054	0.0033274623	0.1052257689	-0.0364892759	0.1544345427	0.322060002	0.0364545671	-0.202468409	-0.0235182953	0.122429355	0.0321425066	0.0708909126	-0.2097828034	0.0540211138	0.0906944986	0.124637089	-0.1550175229	0.0318855912	-0.0079507409	0.0856841625	-0.1914906872	0.0722327368	0.0581245356	-0.1197325723	-0.0731465388	0.0089711482	-0.1039830105	0.1835813659	-0.0276649555	-0.0795646359	0.0140682389	0.0010588316	-0.0337977798	-0.0248267338	-0.048132486	0.0132408884	0.0546389843	-0.0284024827	-0.0037889117	-0.0149255792	0.0409651004	0.042879256	0.0099910119	-0.0669028373	-0.0118759385	0.009836165	-0.0014203029	-0.035914239	-0.1462548623	0.1237119539	-0.043837674	-0.0996031214	0.091350732	-0.0576064351	-0.0385896337	-0.02751443	0.1859571143	-0.1818159951	-0.0611108448	0.055291961	0.075439278	-0.0448313051	0.06459441	0.2444678075	-0.1742806021	0.2518020988	0.0955333277	0.0378493239	0.0976116029	0.0437786853	-0.1538459635	-0.0485170126	-0.0183885967	0.0009771917	0.0348774532	-0.0716633046	0.0433631426	-0.1413674474	-0.1658970648	0.1937495809	0.041530715	-0.0338679319	-0.0115819622	0.0844448666	0.0890074166	0.0035064967	0.0430322399	0.088033493	0.0171124442	0.0870539281	0.0094789067	0.0527593242	-0.0435062648	-0.0831088366	-0.0139968354	-0.0334031857	-0.0136819306	0.0649775553	-0.0662312507	-0.0534876238	0.1422582525	-0.2794887226	0.2333501197	0.009784433	-0.1179751544	-0.0991507843	-0.0425614689	-0.0148184851	0.0146921805	0.0639647333	0.0020421872	-0.0612783421	-0.21001033	-0.0451620569	0.0102705505	-0.2918415925	-0.0100239819	0.1639136051	0.0015392255	0.0118285441	-0.1085926509	-0.0349494174	0.1011514379	0.0564859537	-0.0177674642734757	0.0270237780319746	0.0007302845791214	0.0003156827867092	-0.2207826681843556	-0.2825516508289495	0.0798354353861646	0.0487449865706032	0.7979280039487122	0.2189706356544434	0.047948139278911	0.6366890994855761	-0.017832133933814	-0.0050507936221915	0.0003179850006334	2.5510516213971323e-05	-0.0006769798534917	-0.0006982439983786	4.583017220336437e-07	4.87544681271736e-07	0.0009450398935451	0.0008298975337342	8.931004003917338e-07	6.887299164982734e-07	0.0	0.0	0.0	0.0	0.0	0.0	0.0	0.0	0.0	0.0	0.0	0.0	0.0	0.0	1.0	0.0	0.0	0.0	0.0	0.0	0.0	0.0	0.0	0.0	0.0	0.0	0.0
1007.007599891759	1.1854598433710637	1014064.3062397612	1.4053150402453465	1684.880696105957	5.506404876708984	2838822.9601104944	30.320494666244485	917.9366904404868	-3.237093776323149	10.478776116710067	842607.7676568341	1013.4213763718378	1120.4727093779966	1.47177	34.301277	0.2961880925290532	0.1773350355584995	-0.0401545277	0.049393041	0.0345938237	0.273055994	0.1963678259	-0.047653524	0.1334329592	-0.0610198698	0.0002512071	0.1812244632	0.2357473227	0.0197800741	0.0335978125	-0.0109592694	0.0757813637	-0.0690479531	-0.1666942779	-0.1757408747	-0.0530700263	0.0170224927	0.0881878557	-0.0714130585	0.031415687	0.0135910646	0.0536858846	-0.1514000116	-0.0615383927	0.0570754005	-0.0922190251	-0.0637756909	0.115196507	0.028088593	-0.0028189567	0.0931541845	-0.0159730888	0.0405215621	0.0045532944	-0.0914398725	0.1069774118	-0.0604031654	-0.0431396057	-0.0351225571	-0.1153703034	0.092726463	-0.0714895786	-0.0180230618	0.0359708378	0.1076048111	-0.0412739657	-0.0165772044	0.0725274068	0.0160769575	-0.0036295572	-0.0134053472	-0.2315549619	0.0058673809	-0.0382558893	0.0562944638	0.0163357735	0.0085271121	-0.017006691	0.1044754246	-0.1090171336	0.0163127889	0.0694972395	0.2072123496	-0.0796418306	-0.0194995697	-0.0916824734	-0.0971174057	0.1074592712	0.1698264319	-0.0038719802	0.0550837592	-0.1379916592	-0.1059265102	-0.0366407857	-0.1640796077	0.0697471644	0.0296239676	-0.0331434797	-0.0667438407	-0.0326371927	0.0014814785	0.0940605873	-0.1374846657	0.0084834701	-0.0576897519	-0.1269738377	-0.1231170158	-0.0654739502	-0.0281645866	0.0225825058	0.0881904252	0.0395296151	0.1023985129	-0.0833845998	-0.1190452963	0.0358927481	0.010662666	-0.0147990032	0.0831604367	0.0587281131	-0.20643375	-0.104389178	0.1178820628	-0.162967891	-0.023617651	0.0184356375	0.0610014996	-0.1214320959	0.0370938939	-0.0887302038	0.107773374	0.1117180678	-0.0793717936	-0.183907631	-0.1248385857	-0.0154074559	0.0094647634	0.0696058258	0.0386954572	-0.058524999	-0.0281913725	0.0096839714	-0.1094230837	-0.0287576717	0.1044102912	0.0469575846	-0.0100488879869686	0.0077185762865071	5.957641989062975e-05	0.0001009801497746	-0.1125686419682665	0.1082140262160891	0.0117102754698964	0.0126716991545797	0.7578289866490451	-0.0400990172996671	0.001607931188399	0.5743047730055185	-0.0153688023656932	0.0024633315681207	0.0002362000861557	6.068002414500469e-06	-0.0008318916405176	-0.0001549117870258	6.920437015630638e-07	2.3997661759557786e-08	0.000760153794156	-0.000184886099389	5.778337907697624e-07	3.4182869747316136e-08	0.0	0.0	0.0	0.0	0.0	0.0	0.0	0.0	0.0	0.0	0.0	0.0	0.0	0.0	0.0	0.0	0.0	0.0	0.0	0.0	0.0	0.0	0.0	0.0	0.0	0.0	0.0
1004.27543689673	-2.732162995029057	1008569.153154118	7.464714631406148	1667.4540104244063	-17.42668568155068	2780402.876880436	303.6893738435635	916.6026387106688	-1.334051729818043	1.7796940178305127	840160.3972913608	1011.7908503099792	1087.6898809698496	1.35277	31.527842	0.3152281563101125	0.192932233837823	-0.0684715768	0.0269133138	-0.041864399	0.3250280827	-0.0666554963	0.0384178394	-0.103205338	-0.0219660812	0.0236730385	0.0072393755	0.2305066359	0.1599856065	-0.2138179613	-0.0294494117	-0.039692488	-0.0005210132	-0.3047464887	-0.1389708283	-0.0166188453	0.1012683998	-0.1230750296	-0.0712379836	0.0554284879	0.0759957951	0.0318363738	-0.025853202	-0.0752543929	0.0008042287	-0.0528557976	0.0100572705	0.0536814399	-0.0292245064	0.0166361662	-0.0007806641	0.0159037353	-0.0793062889	-0.0404203342	-0.0477871825	-0.0209997386	0.1192725556	-0.0259390245	-0.0051894373	-0.0405632754	-0.0432067918	0.0509391053	-0.0444054938	-0.1050389024	0.0310279344	-0.1046762644	-0.0421867716	0.0449946658	-0.0265160443	-0.0731533942	-0.0213862677	0.0846667987	-0.0228278728	0.0664860665	-0.0786876939	-0.1085523103	-0.0775065064	-0.0371995289	0.0764121901	0.0197948477	-0.1732462017	-0.059367516	0.1571561226	-0.1903447627	-0.1145204425	-0.1222295504	0.0373678356	0.0817343262	0.1523873376	0.0236933697	0.0682634248	0.0402285395	0.0971341413	-0.0024368436	-0.0326094088	-0.0386547411	0.0267335032	-0.0133457702	0.0230633793	-0.0189317268	-0.0317013241	0.0040430907	0.0701573516	0.0628637628	0.0490184722	0.1000424229	-0.0735558586	0.0566161187	-0.0119116096	-0.115566735	0.0885926268	0.0558918692	-0.0748235194	-0.0084014301	-0.0596542685	-0.1038735649	-0.0081178564	-0.013714207	-0.0405314385	0.0346396756	-0.2250493047	-0.1441238661	0.1583605598	-0.1657626377	-0.0040981486	-0.1561755344	0.0599776102	0.074203548	-0.1108266347	0.0799042792	0.0582742486	0.0903244369	-0.0777977694	-0.0409356531	-0.1080877574	-0.0841528737	-0.0101647336	-0.0635546552	-0.0859957166	0.0235067982	-0.0009692577	0.007535757	-0.1100889337	-0.0224686191	0.1070412087	0.0369880768	-0.0068208823305582	0.0032280056564104	1.0420020517817538e-05	4.652443576732106e-05	0.0239771363264083	0.1365457782946748	0.0186447495700984	0.0005749030664151	0.8790288797768824	0.1211998931278373	0.0146894140941991	0.7726917714818007	-0.0163858847251376	-0.0010170823594443	0.0002684972182254	1.0344565258929849e-06	-0.0008338266914871	-1.935050969499997e-06	6.952669514363234e-07	3.74442225456288e-12	0.0008262259683659	6.60721742099e-05	6.826493508021692e-07	4.365532204823375e-09	0.0	0.0	0.0	0.0	0.0	0.0	0.0	0.0	0.0	0.0	0.0	0.0	0.0	0.0	0.0	0.0	0.0	0.0	0.0	0.0	0.0	0.0	0.0	0.0	0.0	0.0	0.0
1014.2476658468908	9.972228950160796	1028698.3276758662	99.44535023442512	1679.6718020397684	12.217791615362104	2821297.362567523	149.27443195641249	918.7314014485034	2.128762737834677	4.53163079399339	844067.3880075312	1013.4553715434828	1092.930160310404	1.352631	31.524603	0.3816462980034524	0.2705689536485054	-0.0864866825	-0.0739753511	-0.0680574512	0.1953101865	-0.1161209529	0.0900326721	-0.1204237965	0.1355122452	-0.0358123938	0.165155047	0.1296197101	0.132412854	0.1858870752	-0.0343786123	-0.1602638467	-0.0882964091	-0.0938925428	-0.0323208537	0.0299007394	0.0177566039	-0.0236865453	-0.0194209444	0.0521650265	-0.0311497791	-0.0995549542	-0.1220675249	0.0809848316	0.0095203277	0.1082017124	0.0775732595	0.0437627784	-0.0328251641	0.1910255463	-0.0082852356	-0.0220970918	0.073704467	0.1156246716	0.0853409771	-0.0266325139	0.0694280916	-0.0198691493	0.0285980657	0.0332186852	0.0160609399	0.0446724127	-0.0117385032	0.0065784154	0.0217563426	0.1419553189	-0.149350799	-0.0148389774	0.1120946844	0.1027397373	-0.0037756944	-0.0658040131	-0.0628119492	-0.091136164	0.0340163176	0.2159218602	-0.0593946011	-0.0385365302	-0.0779914653	0.1329220631	-0.1514171496	0.0530172584	0.0961378009	-0.0732530217	-0.0655120111	0.0179129289	-0.1332673954	0.0568811659	-0.1103301742	-0.0138552472	-0.0669705306	-0.1626166375	-0.1082134952	0.0648620086	0.0319081765	-0.103240222	-0.2145276762	0.0147567568	-0.1016542885	-0.0401133811	-0.1274509907	0.0914549057	-0.0572861354	-0.0784031601	-0.0277365986	-0.0222930829	0.0383475792	-0.0507307728	-0.0226666458	-0.0424790464	0.008189576	0.0957574204	-0.0242201386	-0.0373337439	0.0453012762	0.0688367653	0.0733892825	-0.0305670539	-0.0481469555	0.0591575232	-0.0639669166	-0.1246887623	0.0668112599	-0.0935338133	0.2155100081	0.0164015483	0.0291068313	0.0329575055	0.0353097721	-0.0648662707	0.0549673011	0.0883676016	-0.2143273068	-0.1310724414	-0.0340714709	-0.0951618148	-0.079067158	0.0450218916	-0.0129050383	0.0347319637	0.0434078004	0.0053847087	-0.1105891995	-0.0161035399	0.1090283678	0.0266710879	-0.0024887852868431	0.0043320970437151	1.876706479616511e-05	6.194052204006691e-06	-0.2372346218101597	-0.261211758136568	0.0682315825887969	0.0562802657854095	0.8111665282965532	-0.0678623514803291	0.0046052987484397	0.6579911366286829	-0.0167881920705282	-0.0004023073453906	0.0002818433929969	1.618512001552336e-07	-0.0012671157380144	-0.0004332890465273	1.6055822935237778e-06	1.877393978405369e-07	0.0009554314033048	0.0001292054349388	9.128491664209794e-07	1.669404441775031e-08	0.0	0.0	0.0	0.0	0.0	0.0	0.0	0.0	0.0	0.0	0.0	0.0	0.0	0.0	0.0	0.0	0.0	0.0	0.0	0.0	0.0	0.0	0.0	0.0	0.0	0.0	0.0
1019.1875076879644	4.939841841073644	1038743.1758272044	24.402037414821848	1665.9206485582436	-13.751153481524852	2775291.6072927187	189.09422207245308	922.0786371979354	3.347235749432002	11.203987162275617	850229.0131768018	1013.3927051026004	1105.6805244425605	1.410246	32.86739	0.34553917084948	0.2660549172132134	-0.0514635248	0.0173268797	0.1393812011	0.0427730068	-0.0598293348	0.0888632759	0.0403782241	-0.0520048842	-0.0576704709	-0.0649667218	0.1032802227	-0.0697305042	0.0018917624	-0.0223979175	0.0578805857	0.0012755652	-0.072606704	-0.0021489422	-0.1104689953	0.0815089361	0.0291069027	0.0592825773	-0.0412855754	-0.0205509079	0.0784413943	0.0408652041	-0.0899271592	0.0282336708	0.1116360911	-0.0168194985	0.0733989235	-0.0436806327	0.0547740206	-0.0315667374	-0.1078605265	-0.1521817344	-0.210512205	0.0914461356	-0.0024716144	-0.0200854025	0.0007974902	0.0807437941	-0.0269738863	0.0771678066	0.0328009154	0.1621373337	-0.0797164425	-0.0074973992	-0.0193526696	-0.1434561244	0.0954144796	0.0395239105	0.0774011421	0.0625574427	-0.0112384964	-0.0040317905	0.0726209758	-0.0499856419	0.0158499537	-0.1471849487	-0.019428735	0.0363633234	0.0437226203	0.063030894	-0.0465292274	0.0852218099	-0.0069887687	0.0502739975	-0.092482105	0.0125667652	0.0170641741	0.0213098714	-0.0531696313	0.1944727144	0.1255987395	0.0320158337	-0.0406467226	0.1224456499	-0.0992315391	0.117810343	0.1217551444	0.0924824614	0.0764928217	-0.1009805829	0.1113057308	-0.2307149555	-0.0536072126	0.1340145322	-0.0074558958	-0.004206441	0.0193207168	-0.0799986444	-0.0715966293	-0.0493047593	0.0612816747	-0.0030950457	0.0887044336	-0.02680781	-0.033276662	0.005741766	-0.0312357724	0.0305264941	0.0224690435	-0.0768294589	-0.0575200783	0.0992679426	-0.0161744297	-0.1140435856	-0.0145553774	0.1243114423	-0.0554230592	0.0321998362	0.1557287316	0.025691434	-0.103028165	-0.0577287268	0.0295736091	0.0429152151	0.0472527408	-0.0028561515	0.0891063957	-0.1398279941	0.1871714696	0.0309977142	0.0032316354	-0.1109231287	-0.0096839714	0.1103598175	0.0161035399	-0.0087237040574592	-0.006234918770616	3.887421207618097e-05	7.61030124821301e-05	0.0212765060704356	0.2585111278805952	0.0668280032380974	0.0004526897105652	0.7910222538534697	-0.0201442744430835	0.0004057917928382	0.6257162060914231	-0.0157611421968923	0.0010270498736359	0.0002484136033506	1.054831442935522e-06	-0.0011138379355626	0.0001532778024518	1.2406349466983545e-06	2.3494084724453078e-08	0.0009227820842888	-3.264931901599997e-05	8.51526775084382e-07	1.065978032208537e-09	0.0	0.0	0.0	0.0	0.0	0.0	0.0	0.0	0.0	0.0	0.0	0.0	0.0	0.0	0.0	0.0	0.0	0.0	0.0	0.0	0.0	0.0	0.0	0.0	0.0	0.0	0.0
1017.3003086759484	-1.8871990120160265	1034899.9180321798	3.5615201109542656	1685.7309280395507	19.81027948130713	2841688.761749085	392.4471731274984	919.8394481182852	-2.23918907965026	5.013967734424976	846104.6103145515	1012.3831470399632	1123.5672774782852	1.318793	30.735968	0.0992245899511867	0.0785644796898295	-0.0495945396	0.0009152441	-0.0208723961	0.0629912417	0.0129733272	-0.052026191	-0.0543163564	-0.0870852413	-0.0234330413	-0.0208618296	0.0520721595	0.0365614658	-0.054017987	-0.0224756922	0.0305472348	-0.0053922134	-0.0540560545	-0.1394301037	-0.0835552113	0.0212096857	0.0096810656	-0.0126676527	-0.067236438	0.0128450285	-0.0092206594	0.0341409317	0.0452683249	0.0602806945	0.0027904977	0.1586552949	-0.0119188178	0.0162978085	0.046516611	0.0500526106	0.0495492532	-0.0987082734	-0.007358181	-0.116134939	0.0571934978	0.0316458395	-0.0308019348	0.0223595756	-0.0036728117	-0.054509271	0.1180145503	0.0673060643	0.0461477757	0.0036983392	0.0855853112	-0.058686169	0.0121981652	0.0206024407	0.0240075251	0.0916794281	0.0262593629	-0.104540095	-0.0959836463	0.0336638577	0.0400183428	-0.056651477	-0.0310739849	-0.003900968	-0.0777341135	0.0037667315	0.01209717	0.0854480687	-0.0507669901	0.0149891001	-0.0594847295	-0.0182654065	0.0114682194	0.0100510586	0.0155151296	-0.0469120719	0.1429255635	0.005563004	0.0221535693	0.0332111475	-0.100084027	-0.0646594922	-0.0467519225	-0.0650955427	-0.0941524668	0.0927942871	0.015121208	-0.0670541854	-0.01528175	0.0690926972	0.139329354	-0.150269326	0.0548811114	-0.0231199947	-0.0228959618	-0.0408337306	0.0374083637	-0.0074747059	0.1234279359	-0.0188557797	0.0699511641	0.0440830633	-0.0340224374	-0.0034767055	0.0289681876	-0.0646575815	-0.1223450453	-0.0183955701	-0.0579905671	-0.0051869086	-0.0456495786	0.0747524424	0.023841555	0.0350083212	0.0389542618	0.0824911225	-0.1568921933	-0.1448892484	0.0543654507	-0.0385362666	-0.0291043674	0.0175327173	0.0328471506	-0.0301325737	-0.0247872535	0.0917144438	0.0010773469	-0.1110902189	-0.0032316354	0.1110275503	0.0053847087	-0.0107208183914053	-0.0019971143339461	3.988465662852979e-06	0.0001149359469814	-0.0568088676219247	-0.0780853736923603	0.0060973255846755	0.0032272474404853	0.7823062432223793	-0.0087160106310903	7.596884132128085e-05	0.6120030581847125	-0.0157955912840436	-3.444908715129896e-05	0.0002495007040125	1.186739605557791e-09	-0.0012651917433663	-0.0001513538078037	1.6007101474822578e-06	2.29079751366794e-08	0.000900063153368	-2.2718930920799995e-05	8.101136800507479e-07	5.161498221840822e-10	0.0	0.0	0.0	0.0	0.0	0.0	0.0	0.0	0.0	0.0	0.0	0.0	0.0	0.0	0.0	0.0	0.0	0.0	0.0	0.0	0.0	0.0	0.0	0.0	0.0	0.0	0.0
1019.1490084087608	1.8486997328124064	1038664.7013405605	3.417690702100662	1684.5577373338783	-1.1731907056723685	2837734.770411436	1.37637643187603	919.6841842506734	-0.1552638676117794	0.0241068685857681	845818.9987608267	1012.6193197654782	1115.4889653024595	1.130973	26.358618	0.0855285324038916	0.0473768362672359	-0.0387684505	0.0166961955	-0.0403105129	0.0569296394	-0.1276708639	0.0506935945	-0.1750552046	0.0893697456	-0.000121617	-0.0977375618	-0.0222262691	0.0910783437	0.0374641892	-0.02192022	-0.0843014272	-0.0763803615	-0.0131156783	-0.0559026057	-0.0048120338	0.0311452285	-0.1539948751	0.0189897783	-0.0286063405	-0.0150617961	-0.0981499461	-0.0547568062	0.0562700343	0.0340254769	0.0249568571	0.0077197051	0.0400144008	0.0835367524	0.1388696861	0.0018444691	0.1103445081	-0.052895962	-0.0547580143	0.0987805407	-0.0062184092	-0.0990937152	0.0625729006	-0.0376277145	0.1684854764	0.0258406154	0.1385116432	-0.0336562301	0.1447518881	-0.0844911778	0.1368071707	-0.0380977558	0.0465428176	-0.0062902521	0.0539568044	-0.04575634	-0.016227167	-0.0258157194	0.0365036394	0.0015096893	-0.048820354	0.0171870545	-0.0244392861	-0.0731760707	0.0560871677	-0.063851295	0.0458411923	-0.0764657904	-0.1686910149	-0.0693670843	0.018941285	0.0093545451	0.0082415003	-0.065519234	0.0331278163	-0.0342447464	0.0304840626	0.0122425138	0.0592591387	-0.0148370657	-0.0614331807	-0.0733737844	0.1022387327	-0.1193162987	-0.0222844706	-0.0258623688	0.0822354582	-0.0371132396	-0.0791874363	0.137681881	-0.0220317755	-0.0189574213	0.1201337044	0.0352079642	0.1429963211	-0.1011622802	0.0120368162	0.0525592162	0.007741309	-0.0027695133	0.1485699948	0.1970071583	-0.0455350995	0.0207194798	-0.1327005202	-0.0348086366	-0.0335515091	0.0811786521	-0.0155429053	-0.0016815151	-0.0236786361	0.0832976323	0.0175168695	-0.0400476279	0.0146323437	0.1245355559	-0.0423501581	-0.1433518048	-0.005801539	0.0444829191	0.0366061287	-0.0661241418	0.0799011992	-0.0033885434	0.0368732761	0.1588615712	-0.0010773469	-0.1110902189	0.0032316354	0.1110275503	-0.0053847087	0.0082478597827559	0.0189686781741612	0.0003598107516748	6.80271909960022e-05	-0.0378957512186133	0.0189131164033114	0.0003577059720852	0.001436087960423	0.7879525672001932	0.0056463239778139	3.188097446243674e-05	0.6208692481573751	-0.0165477507367065	-0.0007521594526629	0.0002738280544441	5.65743842230157e-07	-0.0012643129130671	8.788302992000004e-07	1.5984871421482163e-06	7.723426947919624e-13	0.000813093159358	-8.696999401000007e-05	6.61120485794774e-07	7.563779858099447e-09	0.0	0.0	0.0	0.0	0.0	0.0	0.0	0.0	0.0	0.0	0.0	0.0	0.0	0.0	0.0	0.0	0.0	0.0	0.0	0.0	0.0	0.0	0.0	0.0	0.0	0.0	0.0
1022.1926962595398	3.043687850779065	1044877.908286348	9.264035732980084	1683.552586696459	-1.0051506374193195	2834349.312172338	1.0103278039044643	919.4306796065376	-0.2535046441357735	0.0642646045984051	845352.7746017397	1011.5022521911468	1126.7894651915046	1.234317	28.767168	0.182799817462644	0.1155680988844993	-0.0511755619	-0.098813788	-0.0119298907	-0.0179378945	0.0183892275	0.0084561624	0.0229748852	-0.0398087326	-0.1043416071	-0.0449755233	-0.0062136599	-0.1237348995	0.0336061965	-0.0155801008	-0.1081549219	-0.1312740232	-0.0883417018	-0.0211563749	0.0268978898	-0.1275504528	-0.0046306218	-0.0866805362	0.1451930137	0.0056493782	-0.0574342315	0.19086011	0.100512457	0.0846434243	-0.0627480217	0.0847450813	-0.0093635964	0.0101603696	0.0436812752	0.1188576598	-0.052960175	0.0837848367	0.0676110604	0.1242249406	-0.0088786537	-0.0341942653	0.0317816135	0.0290642219	0.046273992	-0.0214653256	0.0644386081	0.1156788774	0.0886044027	-0.0436991203	0.0059313536	0.0464525939	-0.0244437227	-0.0989349594	-0.0286410869	0.1031477363	-0.0340168552	-0.04844895	-0.015748362	0.0007955377	0.090964867	0.0352241164	-0.0201742679	-0.0911322697	0.0424999613	-0.0374730213	0.0826637402	0.1208366036	0.0334392665	0.0113118941	-0.0562352295	-0.0167038916	-0.094714598	0.0772386092	0.0325251314	-0.0592623429	-0.0293791611	0.1518637595	0.1348133095	0.1152580045	-0.0525540039	-0.0373280047	0.0067021182	0.0070434442	-0.1841145173	-0.0393965706	0.0840949471	0.0481477038	-0.1320176353	-0.0666393601	-0.1495524068	-0.0167728472	-0.0402892856	0.065514971	0.0170269175	-0.0990112707	-0.0816110597	0.0120410882	0.0911306165	-0.0921150294	-0.0259365794	0.0097184133	-0.0317957435	-0.0064039318	0.0835805777	0.0179570525	-0.0797003951	0.0040412913	0.039584424	0.0897363759	0.0848832077	0.075840905	0.0308106488	-0.0384145127	0.0455433982	0.0536334458	-0.0863411286	-0.0743786857	0.0542427039	0.0203165169	0.0312679015	-0.0030721581	0.0239441445	-0.0112981832	-0.0342472036	0.0551213623	-0.0032316354	-0.1109231287	0.0096839714	0.1103598175	-0.0161035399	0.0038259765713064	-0.0044218832114495	1.9553051135698944e-05	1.4638096724185474e-05	-0.1389984639562982	-0.1011027127376849	0.0102217585229188	0.0193205729822103	0.7857558215181086	-0.0021967456820846	4.825691591757383e-06	0.6174122110495978	-0.0155838328845267	0.0009639178521798	0.0002428558473728	9.291376257509198e-07	-0.0007314160586344	0.0005328968544327	5.349694508282801e-07	2.839790574642664e-07	0.000817847969374	4.754810016000064e-06	6.688753010091753e-07	2.260821828825453e-11	0.0	0.0	0.0	0.0	0.0	0.0	0.0	0.0	0.0	0.0	0.0	0.0	0.0	0.0	0.0	0.0	0.0	0.0	0.0	0.0	0.0	0.0	0.0	0.0	0.0	0.0	0.0
1022.3837230313596	0.1910267718197928	1045268.4771194638	0.0364912275518912	1686.6690911666208	3.116504470161772	2844852.6230968344	9.712600112538306	920.7156613687894	1.284981762251732	1.6511781293195669	847717.3290897672	1013.4639120720502	1124.843108849215	1.250242	29.138315	0.1303956901806895	0.1118501013334916	-0.0331939731	0.0174256914	-0.006540564	-0.0188685434	-0.124213478	0.0084651004	-0.0445752597	0.0525052528	0.0116281507	-0.065394566	-0.0144825942	-0.0051994358	0.0638150852	-0.0281757399	-0.0719681134	-0.0446698026	-0.0448634663	0.0180306831	-0.0391607722	0.0317457439	-0.070292207	-0.0431617282	-0.0122374569	0.0073295577	0.0172763842	0.0545944521	-0.0133047544	-0.0445376625	-0.0180641167	0.1010474086	0.0250800065	0.0698287458	0.0028196093	-0.0745750575	-0.0908805525	-0.0322528334	0.0534017495	0.1152830886	-0.01239856	-0.0315160155	-0.0755393511	0.0698740038	0.030554789	-0.0454774924	0.0816328942	-0.0524728155	-0.0247599286	0.0069452292	0.1644347062	0.032505739	0.1416280582	0.0627758184	-0.0634683043	-0.099881434	0.0732201556	-0.0542263378	0.0500523859	-0.0189874646	-0.035243712	0.079137675	-0.0246404616	-0.0454764803	0.0445342383	-0.0428544817	0.0240437317	-0.0222964054	-0.0485781462	-0.0149288025	-0.0423158747	0.0302796726	0.0040618432	0.0041063488	0.0561571211	-0.0287909881	0.0214289806	0.0063793895	0.1618501724	0.1273899752	-0.0791303588	0.0104618718	-0.0225621755	-0.0658944762	0.0485984389	-0.036357848	-0.0291725455	-0.0355738936	0.009224154	0.062251809	-0.062185014	0.074583573	0.1111331159	-0.0406790921	0.0310323281	-0.0835891271	0.0687162992	-0.0422675108	0.0080414269	0.0784977668	-0.0302051869	0.0635226216	-0.0385532003	-0.012851423	-0.0403859222	-0.0226586522	-0.0723230929	-0.0448721821	-0.0296562583	-0.0857538747	-0.0463956256	0.0697411965	0.0642423249	0.0931158509	0.066543596	0.0105994739	-0.0977122758	-0.0983101875	-0.0493396009	0.1174750278	-0.0640892271	0.1194466591	0.0883362853	0.0069730672	0.0204783119	0.0441240378	-0.0053847087	-0.1105891995	0.0161035399	0.1090283678	-0.0266710879	0.0106318204454396	0.0068058438741332	4.631951083907641e-05	0.000113035605984	-0.0274377035973429	0.1115607603589552	0.0124458032518682	0.0007528275786956	0.7858764650625147	0.0001206435444061	1.4554864806868346e-08	0.617601818339154	-0.015669901839496	-8.606895496929973e-05	0.0002455458236594	7.407865009507344e-09	-0.0007258074980849	5.608560549499983e-06	5.267965242762621e-07	3.1455951437407546e-11	0.0006713566368289	-0.0001464913325451	4.5071973381421147e-07	2.1459710510839097e-08	0.0	0.0	0.0	0.0	0.0	0.0	0.0	0.0	0.0	0.0	0.0	0.0	0.0	0.0	0.0	0.0	0.0	0.0	0.0	0.0	0.0	0.0	0.0	0.0	0.0	0.0	0.0
1022.1316240446786	-0.2520989866810623	1044753.056872212	0.0635538990856184	1679.4667402847954	-7.202350881825396	2820608.531722836	51.873858224931055	921.0809475786753	0.3652862098858804	0.1334340151327915	848390.1119924303	1011.6558588579604	1128.1295010867443	1.119318	26.086973	0.1068371149605407	0.0821330236790887	-0.02723704	-0.0131441695	0.046565079	-0.0255033198	-0.075224599	0.0687314475	-0.057950662	-0.0672799066	-0.0594155685	-0.0451097582	-0.0263681075	0.0282265268	0.0353931713	-0.0181251327	-0.1204376506	-0.0577904389	0.0237062898	0.024511539	0.0075764069	0.0385035352	-0.0363244535	-0.0751253362	-0.0208883264	-0.0274814328	-0.0493396623	0.062829398	0.1086307858	-0.0558244636	0.0107152216	0.0555672951	-0.0440745764	-0.0052633419	0.1282443373	-0.0086566917	-0.0095623638	-0.1489508571	-0.0461379348	0.0529212725	-0.0090500237	-0.0854678257	-0.0347782526	0.0270833816	0.0945282384	0.1558473333	-0.0501989622	0.1453750653	-0.1205789533	-0.0428718804	-0.0095955639	0.0728743324	-0.0573358956	-0.009826194	-0.027883451	-0.1048611634	0.061350358	0.0110791236	0.0413314641	0.0745323044	0.0066698188	0.0786201395	-0.0220190333	-0.1099284371	0.0509512016	-0.0049376464	-0.0363265065	0.0114128846	-0.0632278558	0.0261593515	0.0126002869	0.0708346918	-0.0153353419	-0.0014100726	0.0852090095	-0.0312828509	-0.0814010824	0.0416529452	-0.0092794248	0.1739614043	0.0022034755	0.0219775638	0.0259710226	0.0400005286	-0.0406344291	0.0165005965	0.1462246596	0.0348439181	-0.1142910359	-0.0199399193	0.1711479042	0.0221541853	0.0258399871	-0.0078464771	-0.0495891047	-0.1019946853	-0.0726281617	0.0796981641	-0.0398850576	0.0293356609	-0.1317770557	0.0451329736	-0.0413686783	-0.0189922117	-0.0906089944	0.0300329661	-0.0223590762	0.0471909272	0.0224972996	0.1256756204	-0.0210643851	-0.0293125187	0.0663408704	-0.0443673413	0.0590610969	-0.0753512544	-0.05930898	-0.0554383584	0.0285761014	0.0094938971	-0.0166188657	-0.0880554882	0.0817707264	-0.0884722655	-0.0578332968	0.0164931929	-0.007535757	-0.1100889337	0.0224686191	0.1070412087	-0.0369880768	0.0140243639949204	0.0033925435494807	1.150935173512378e-05	0.000196682785462	-0.1072278659054291	-0.0797901623080862	0.0063664700011507	0.0114978152266326	0.7865545796713036	0.0006781146087888	4.598394226528688e-07	0.6186681068019011	-0.016014369506118	-0.0003444676666219	0.0002564600306784	1.1865797334800413e-07	-0.0008338757205073	-0.0001080682224223	6.953487172515686e-07	1.1678740697537308e-08	0.0006643666359896	-6.990000839299996e-06	4.4138302701613764e-07	4.8860111733414655e-11	0.0	0.0	0.0	0.0	0.0	0.0	0.0	0.0	0.0	0.0	0.0	0.0	0.0	0.0	0.0	0.0	0.0	0.0	0.0	0.0	0.0	0.0	0.0	0.0	0.0	0.0	0.0
1024.7901974379215	2.658573393242932	1050194.948764854	7.068012487259238	1684.7895172782569	5.322776993461503	2838515.717530702	28.33195492212307	921.8566737162432	0.7757261375679718	0.6017510405061239	849819.7268751761	1014.5675189469034	1140.4017860742886	1.141177	26.596439	0.1116930504307734	0.056081173919365	-0.0171602778	-0.0048843623	-0.0646243185	-0.0452888572	-0.0510661495	0.0069650086	-0.0404208925	0.1243972239	-0.0470286089	-0.0186768115	0.0016029589	-0.0753455627	0.1053590955	0.0051382342	-0.0102616287	-0.0887831067	0.0436040191	0.0432464505	0.0249577314	0.02257007	-0.0530320154	-0.1207779716	0.1865722578	-0.0330815007	0.0074362667	0.0791033079	-0.0125647202	-0.0017640906	0.0324120991	0.089747048	-0.0309088341	-0.0162921266	-0.0275037015	-0.0810737075	0.0242711077	-0.0165377072	0.0765468133	0.0698092276	0.0459111991	-0.0535302852	-0.1185396503	-0.1223873816	0.0670607234	0.0181022304	0.0501414449	-0.1461672479	0.1362686441	0.0126367039	-0.0464351053	-0.0224833525	-0.1079695609	-0.0331479083	0.0164872313	0.0879184219	0.1145735505	0.0428815475	0.1491297784	-0.0115627236	0.0013599961	-0.036560634	0.0052274424	-0.038406079	0.0954161231	-0.0284265101	0.1154153605	-0.0404698771	0.0244144463	0.0087891614	0.0187495574	-0.1600290739	-0.0085766786	-0.0291916429	0.0234588668	-0.0276362173	-0.0288875966	0.0821738437	0.1578099351	0.0912315504	-0.0486549445	0.0125874183	-0.0205730963	-0.0145447772	0.0203228351	0.02923293	-0.0439187679	0.0616702997	-0.0230591135	0.1266754686	-0.0189895561	0.074650559	0.1252301618	0.0520600001	0.0691024116	0.0267282	-0.0177508971	0.077916635	-0.0565457389	0.0701324939	0.0220934079	-0.0195939441	-0.0290508911	0.0189774983	0.0720700571	0.0454016822	-0.0145622903	0.0595736442	0.0521872572	0.0163592655	0.0535296621	0.0441693403	0.0641939062	0.070022683	0.0085106638	-0.04141189	-0.0072376707	-0.0722544247	-0.107367476	0.122640703	-0.0396929257	0.1046359682	0.039889863	0.0165259941	0.0167919395	-0.0375757484	-0.0096839714	-0.1094230837	0.0287576717	0.1044102912	-0.0469575846	0.0124500541504488	-0.0015743098444715	2.4784514864001926e-06	0.0001550038483491	-0.1357518827771855	-0.0285240168717564	0.0008136195385002	0.0184285736775507	0.7551465214146731	-0.0314080582566305	0.0009864661234518	0.5702462688046813	-0.0155925246080405	0.0004218448980774	0.0002431268236523	1.779531180340154e-07	-0.000342993343638	0.0004908823768693	1.1764443377997518e-07	2.409655079208535e-07	0.0005733606017781	-9.100603421149998e-05	3.2874237967134494e-07	8.282098262904706e-09	0.0	0.0	0.0	0.0	0.0	0.0	0.0	0.0	0.0	0.0	0.0	0.0	0.0	0.0	0.0	0.0	0.0	0.0	0.0	0.0	0.0	0.0	0.0	0.0	0.0	0.0	0.0
1025.274062788035	0.4838653501135468	1051186.9038258838	0.2341256770405052	1676.9479381727135	-7.84157910554336	2812154.387341715	61.4903628684942	921.4572239092868	-0.3994498069564542	0.1595601482775485	849083.4154946094	1012.0560658818678	1135.1500647851258	1.093021	25.474096	0.1129519131091776	0.0748326955912471	-0.0222858269	0.0003814291	0.0768593917	-0.0586570609	-0.0614767893	0.0779265856	0.0191598077	-0.0597525135	-0.0789713259	-0.0219024904	-0.0075289695	-0.0590069858	0.0001691554	-0.0297582372	-0.0504761248	-0.0393517191	0.0349844642	0.0488934753	-0.0442377814	0.0444440456	0.0338550098	-0.0401595009	-0.072418347	-0.0024722475	0.112056338	0.0284306932	-0.1473263091	-0.0574809942	0.0036719404	0.0206948841	0.0209301455	-0.0887945687	-0.0589957403	-0.1228368539	-0.0142390362	-0.0367344285	0.0035464159	0.0037370702	0.0822917021	-0.0561363063	0.0292027488	-0.0043818943	-0.0600009645	0.0344069066	0.0886735353	0.0868673971	-0.0723649651	-0.1146670229	-0.0171325331	-0.0124895298	-0.0354108825	-0.0749096858	0.0431967162	0.0332603694	0.1051145631	0.1046504153	-0.045361736	-0.15712897	0.1062931152	-0.0204595	-0.0288207414	-0.0633095414	0.0671961575	0.0532385882	-0.0399329795	0.040757212	0.0150491435	0.0766775398	0.0063152791	0.0661149815	0.0196510276	0.0278003699	0.0213765662	0.0967216501	-0.0121203827	-0.0521420247	0.0249910048	0.081066065	-0.0928129207	0.1141630695	-0.0292959875	0.1440025443	0.0845811193	0.0713692722	-0.0352538759	-0.0247863804	0.0336475818	0.0453446018	0.0817167861	0.0206552181	0.056466559	0.1141155665	-0.0488844628	-0.0657267734	-0.0590341963	-0.0962807679	-0.0062316759	-0.0325687732	0.0252348063	-0.0639154324	-0.0300409279	0.0033254317	0.0223714858	0.0539253392	-0.0558526581	-0.0770134753	0.0520939291	0.0243801939	-0.0191336903	-0.0143819993	0.0695381977	0.0172627926	0.0995125365	-0.0667751331	0.0148234301	0.0042975865	0.0235649625	-0.0239997334	-0.0273886695	0.0067223124	0.0524655817	-0.0713269244	-0.0457485726	-0.0637601135	-0.0118285441	-0.1085926509	0.0349494174	0.1011514379	-0.0564859537	0.0042329191423249	-0.0082171350081239	6.752130774173535e-05	1.7917604465460566e-05	-0.0673456746356464	0.0684062081415391	0.0046794093123035	0.0045354398921303	0.7539121238770434	-0.0012343975376296	1.523737280906171e-06	0.5683834905287944	-0.0150645142512441	0.0005280103567964	0.0002269395896259	2.78794936884262e-07	-0.0002095255168863	0.0001334678267517	4.3900942226471184e-08	1.7813660777821803e-08	0.0005329553368885	-4.040526488960003e-05	2.840413911179345e-07	1.632585430798745e-09	0.0	0.0	0.0	0.0	0.0	0.0	0.0	0.0	0.0	0.0	0.0	0.0	0.0	0.0	0.0	0.0	0.0	0.0	0.0	0.0	0.0	0.0	0.0	0.0	0.0	0.0	0.0
1027.039407363687	1.7653445756518522	1054809.9442779531	3.116441470783418	1689.447919663139	12.499981490425398	2854234.273254108	156.24953726097755	920.8712692702676	-0.5859546390191781	0.3433428389880953	848003.8945674336	1013.3511584380874	1151.0358189787746	1.053252	24.547245	0.1264474551831069	0.0701900275404269	-0.0089946366	-0.024145477	-0.0459931056	-0.0958249724	-0.044323622	-0.0700420406	-0.0282657167	0.0477715211	-0.1103273593	-0.0428555392	-0.0610347351	-0.0954130728	0.02400267	-0.0300878004	-0.0411654075	-0.0347130266	0.0395089459	0.0059318481	0.0517437194	0.0401410366	0.0145282171	-0.0328084054	-0.0015500242	-0.0268137414	-0.0914987124	-0.0155207569	-0.0699794677	0.0992264652	-0.0279090972	0.0527419837	-0.0305328835	-0.0162734499	-0.0270809189	-0.100287099	-0.0456336197	0.0554565695	0.0200730398	-0.0395878921	0.0701665345	0.0295044613	0.0548815989	-0.0065537806	0.047921995	0.0081279038	-0.0287165847	0.0269171956	0.0328516408	-0.1438609769	-0.0785908003	0.0518579318	0.0441553565	-0.0033352237	-0.0533024022	-0.1481431744	0.1530895613	-0.0124040094	0.0212901745	-0.0291517073	-0.060040712	0.0438842	-0.021721591	-0.0584605346	0.0059449773	-0.0460644369	0.082822417	-0.0553209823	0.0382243472	0.0236993635	0.024598986	0.047992034	0.0469879525	-0.0936249676	-0.0031983385	0.1052921571	-0.0017916693	0.0680451213	-0.003756183	-0.0175570232	-0.0798843438	0.0860839295	-0.0376566525	-0.0645419526	0.0110824497	0.0585486469	0.0527288659	0.1221329299	0.0770355549	0.0258437771	0.0151041311	0.0858642095	-0.0135680952	0.1466186909	0.019174087	0.0126453594	-0.0026850523	0.0367194121	0.0579469272	0.0090988972	0.0367499392	-0.0387957115	-0.0416207161	-0.0050633169	-0.0954612821	0.056853641	-0.023953353	-0.0885951976	-0.0043438291	0.0708810983	0.0384075643	0.0070796127	0.081804162	-0.0009150362	0.0199976136	-0.0491532854	-0.0013144812	-0.0565551396	-0.0551919388	0.007770828	-0.058028137	0.1193075584	0.0197387206	0.0591405181	-0.0456070802	-0.0803177656	-0.0139686685	-0.1075988845	0.0410229053	0.0972842479	-0.0654836707	0.0127870414909523	0.0085541223486274	7.317300915528676e-05	0.0001635084300913	-0.1244375052784363	-0.0570918306427899	0.003259477126145	0.0154846927199208	0.771793882330158	0.0178817584531145	0.0003197572853755	0.5956657968022577	-0.0156715475038053	-0.0006070332525612	0.000245597401164	3.6848936971503083e-07	-0.0004067757130381	-0.0001972501961517	1.654664807176547e-07	3.890763988192357e-08	0.00047884391083	-5.411142605849997e-05	2.29291490938969e-07	2.92804643008451e-09	0.0	0.0	0.0	0.0	0.0	0.0	0.0	0.0	0.0	0.0	0.0	0.0	0.0	0.0	0.0	0.0	0.0	0.0	0.0	0.0	0.0	0.0	0.0	0.0	0.0	0.0	0.0
1025.1832197976787	-1.8561875660082023	1051000.6341547356	3.4454322802034545	1674.90202099344	-14.545898669699	2805296.7799279094	211.58316810915116	922.0188012105532	1.147531940285603	1.3168295539756407	850118.6697857456	1010.7515095692112	1136.583680723078	1.121345	26.134233	0.0518214225116716	0.0412135032170426	0.0028783346	0.0605827615	0.0659156721	-0.0679943526	-0.0373942607	0.080484971	0.0237754245	-0.0455366105	-0.0291534825	-0.0206494791	0.008328999	-0.010492565	0.0323130344	-0.0317109615	-0.0388527668	-0.023666524	0.0826155775	0.0504482382	-0.0095012429	0.0183619455	-0.0361705392	0.0211111917	0.0013305697	-0.0480298857	-0.210713547	-0.0522129782	-0.152528825	-0.032236275	0.0682649856	0.0896057561	0.0135289011	-0.030632866	0.0657541641	0.0479538869	0.0222703153	-0.0517800627	-0.037645718	0.0265107439	0.0182029746	-0.1021296699	0.0073598024	-0.0021449409	0.0189148388	-0.0124344709	-0.1433101014	0.0433564087	0.0799728215	0.1269972318	-0.0500248954	-0.0772693308	-0.006750175	0.0168984693	0.0609062752	-0.121903239	0.007853326	0.0184941248	0.0168618697	0.0249320249	0.0097192026	0.0035150991	-0.0330139049	-0.1042427323	0.0411832559	0.0855269968	-0.0373729586	-0.0543604259	-0.0014737035	0.0240571092	0.0197746498	-0.0081587164	0.0244520347	-0.0332010595	0.0145768554	0.0206799703	-0.1370520593	0.079451359	-0.1097078617	-0.0390797328	-0.1568370591	0.0253803751	0.0607774271	-0.0128263314	-0.0456795496	0.0183309494	-0.0347339429	-0.0843374399	-0.1061348552	0.027162037	0.0388139261	0.0006364348	-0.0383350404	-0.0286305033	0.0490234031	0.0181548089	-0.0872929514	0.0876499425	-0.0082509355	0.1111316555	-0.0523418903	-0.0571357294	-0.0269572189	0.040184782	-0.0575719708	0.1072769498	0.062312253	0.1118468882	0.1165178332	0.0690051435	0.0585875054	0.0076577517	-0.0485539995	-0.01448484	-0.0415066937	-0.0429933077	0.0812068488	-0.033897091	-0.0444079972	-0.0291611937	0.0475766497	-0.0315722333	0.0649985536	-0.0454746496	-0.0376414196	-0.0856279653	-0.0161035399	-0.1064432791	0.0469575846	0.092831979	-0.0738662073	0.0118168913761138	-0.0009701501148385	9.411912453211568e-07	0.0001396389217948	-0.1216301487447424	0.0028073565336939	7.88125070727386e-06	0.0147938930836681	0.7305699141930688	-0.0412239681370891	0.0016994155489677	0.5337323995240679	-0.0157024836408771	-3.09361370718006e-05	0.000246567992492	9.570445769252352e-10	-0.0004621797776105	-5.54040645724e-05	2.1361014683209125e-07	3.069610371142669e-09	0.0005289026637068	5.005875287679998e-05	2.797380276761483e-07	2.5058787395805303e-09	0.0	0.0	0.0	0.0	0.0	0.0	0.0	0.0	0.0	0.0	0.0	0.0	0.0	0.0	0.0	0.0	0.0	0.0	0.0	0.0	0.0	0.0	0.0	0.0	0.0	0.0	0.0
1028.4400563058102	3.256836508131528	1057688.9494142982	10.606984040698364	1682.4842536594556	7.5822326660156705	2830753.2638120158	57.49025220159511	921.9607362390632	-0.0580649714900118	0.0033715409141358	850011.5991664755	1014.3236736310992	1165.6587556152303	1.249481	29.120584	0.2391641820796476	0.1331659322664857	0.0059939281	-0.0173655539	-0.0774914026	-0.1164104806	0.0977550317	-0.0075675454	0.1327339249	0.0899128539	-0.0178406783	0.0114511514	-0.0095266775	-0.1536382763	0.0001355045	-0.0003198138	0.0519670188	-0.1014858142	-0.0037654228	0.1221461312	0.0683603091	-0.0521671955	0.0846736937	-0.0117383034	0.0285713848	-0.0950428931	0.0236897831	0.0836083233	-0.0916015286	0.0104055183	0.019761878	0.0581609699	-0.0734962276	0.1477065374	-0.1501989014	0.0137721671	0.0323591646	-0.0383900788	0.0828788319	-0.0449028919	0.0086714448	0.0386927939	-0.1304257197	-0.1270780022	-0.0521348214	-0.0461096988	0.0249289665	-0.062074112	0.0062899536	0.0953009218	-0.073828097	-0.0734772574	0.0040575938	0.0795534093	0.034200227	0.0119112511	0.0798431982	0.0771174039	-0.0730409754	0.1655695319	0.0559232187	0.064267366	0.0044214073	0.0083879302	0.0990029732	0.0564142941	0.1443615213	-0.0364636118	0.1558910684	0.0161681934	-0.0488966906	0.0103418956	-0.0147058108	0.0418148907	-0.0147581585	-0.004310553	-0.0758481327	0.0022795013	0.0696088802	0.0229976458	0.024936225	0.0096411984	-0.1160146836	-0.0607725094	-0.0102917795	0.062793309	-0.174225123	0.0157587872	-0.0238690797	0.0926629821	-0.0801787045	-0.0634132455	-0.0124549412	-0.0680161473	0.0073784824	0.08234491	-0.0565726776	0.1335656267	-0.0171220448	-0.0513742531	-0.0516972622	-0.1285709011	-0.016193541	0.1414567185	0.0607678417	0.1271118456	0.0394618359	-0.0702756246	0.0231230715	0.0063398045	0.0509039638	-0.0123680362	0.0131944988	0.0307665418	0.0525077054	-0.029170661	0.1614548236	-0.0124854492	-0.0284688958	-0.0339497249	0.0222343341	0.1511718231	-0.0467147168	0.0143269373	-0.012049324	-0.0176784331	-0.0182323554	-0.105127573	0.0527333744	0.0878214077	-0.0815548146	-0.0047395015221098	-0.0165563928982236	0.0002741141458003	2.246287467808111e-05	-0.0796272357325165	0.0420029130122259	0.0017642447015126	0.0063404966704017	0.634322249142528	-0.0962476650505408	0.0092636130276811	0.4023647157572353	-0.0144465017018572	0.0012559819390199	0.0002087014114217	1.5774906311441916e-06	-3.786997135235559e-05	0.0004243098062581	1.434134730228233e-09	1.8003881168682401e-07	0.0005357551408019	6.852477095100088e-06	2.8703357089566373e-07	4.695644233887135e-11	0.0	0.0	0.0	0.0	0.0	0.0	0.0	0.0	0.0	0.0	0.0	0.0	0.0	0.0	0.0	0.0	0.0	0.0	0.0	0.0	0.0	0.0	0.0	0.0	0.0	0.0	0.0
1028.6368359619728	0.1967796561625618	1058093.7402978586	0.038722233079456	1691.473876720926	8.989623061470411	2861083.8756293184	80.81332278732064	922.8299304948096	0.869194255746379	0.7554986542225017	851615.0806170551	1013.1994904589354	1148.409802479685	1.160138	27.038342	0.1424723957771655	0.0769447612426578	0.0179328282	0.0688071483	0.0766805938	-0.1132293732	-0.0002646876	-0.0048913793	0.0588742211	-0.1170759266	0.0361979782	0.0056224059	-0.0539633495	0.0158783379	0.0165536845	-0.0169042848	0.0400595792	-0.0259559224	0.0448848228	0.0967136992	0.0237559205	-0.0277350193	0.0246849936	0.0221483102	-0.0516978697	-0.089289213	0.0415705308	-0.0310194304	-0.1503034235	-0.0362779978	-0.0305695619	-0.1031208057	0.0492354599	0.052688503	-0.0872300361	0.0713344665	0.001491656	0.0567478131	0.0474093033	0.074987212	-0.0231481252	-0.0529163793	-0.0007888121	0.1664545197	-0.0521410831	-0.0498833109	0.0315383169	0.0190567365	-0.039765514	-0.1163936268	-0.0713750755	-0.0751434879	-0.1335020915	0.023697224	-0.07476399	0.0265496733	-0.0649115269	-0.0126882169	-0.0631914339	0.0567846817	0.0124019503	-0.0988294206	-0.01134026	-0.0093850691	-0.020650246	0.1237229341	-0.0211713898	-0.0511574272	0.0309590966	0.021340417	0.0112290289	0.1535691148	0.0354557324	0.0728446521	0.0144989792	0.0646746358	-0.0951375524	-0.0673706063	-0.0481145567	-0.0116252974	0.0032217143	0.0802468316	0.0173088564	0.078503065	0.0327161166	0.0033645656	-0.1078825153	0.0836848848	-0.0723033205	-0.0581968784	-0.1124969035	-0.045571338	0.0158355506	0.0969920659	0.0211449228	0.027981239	0.1071594672	-0.0591100265	0.0553731549	-0.0310795365	0.0380369917	-0.1438546016	-0.0214671912	0.0813913568	-0.0531216185	0.0961781332	0.0204951543	-0.0679937874	0.0414968441	-0.01484282	-0.0245272068	-0.0108346821	0.0244540108	0.0076386192	0.0620930975	-0.0563869506	0.0745837932	-0.0196209653	-0.0259759183	-0.0505011366	-0.0046964917	0.046647756	-0.0231814347	-0.029260408	-0.0207906531	-0.0659675306	-0.0203543145	-0.103653745	0.0583307311	0.0822826681	-0.0884772626	0.0072876394058738	0.0120271409279836	0.0001446521189015	5.310968811004464e-05	-0.0464257056404733	0.0332015300920432	0.0011023416004528	0.0021553461442158	0.6961871871083645	0.0618649379658364	0.0038272705495167	0.4846765994938569	-0.0148254975728831	-0.0003789958710259	0.0002197953782835	1.436378702546812e-07	-0.0002324895810912	-0.0001946196097388	5.405140531596167e-08	3.7876792494900105e-08	0.0004017948857406	-0.0001339602550613	1.614391302073018e-07	1.794534993608857e-08	0.0	0.0	0.0	0.0	0.0	0.0	0.0	0.0	0.0	0.0	0.0	0.0	0.0	0.0	0.0	0.0	0.0	0.0	0.0	0.0	0.0	0.0	0.0	0.0	0.0	0.0	0.0
1029.267632123251	0.6307961612781128	1059391.858536604	0.3979037970832029	1710.4302086208177	18.956331899891666	2925571.498562654	359.34251909885035	922.8939279934932	0.0639974986836477	0.0040956798377635	851733.202327259	1013.771672941509	1178.096789932448	1.327101	30.929598	0.0488317134859494	0.0219373187714927	0.0328054258	0.0040696151	-0.0598249134	-0.1270115525	0.2042052269	-0.1641325133	-0.0002650147	-0.0311407721	0.0937170206	0.0500808611	-0.0908726163	0.0136833574	0.0680064768	-0.0219124074	0.01367063	-0.0388232459	0.0941572125	0.0548394764	0.018287431	-0.020382342	0.1145094455	-0.0405676293	0.0832744423	0.0403698391	-0.0400577849	0.0354602094	0.039608749	0.103560292	-0.0537275474	0.0232301058	-0.1265435124	0.0928095646	-0.0702562786	0.021239065	-0.008363341	0.0471427393	-0.0850828702	0.0221367492	0.1002083847	-0.1054084252	-0.0112578885	0.0497679844	-0.0248529274	0.0116887839	0.1170384371	-0.0509692175	-0.024494692	0.0518110607	0.0056683899	0.1277463931	0.1251662861	0.0944085332	0.1038456226	0.1218183096	-0.0062327544	0.1748075957	-0.1019282167	-0.0154837981	-0.079043784	0.0706541714	-0.025169117	-0.0564627043	-0.1341438213	0.0780661917	0.0819902054	-0.0687021238	0.0955409482	-0.001519501	0.0053625119	0.009003942	0.0846366716	0.0194521149	0.0315175991	-0.1324776887	-0.0939784852	0.130342928	0.0033698224	-0.0407740246	0.1628519055	0.0081733766	-0.1176703971	-0.0061882206	0.0270356707	0.036359456	0.0059372656	-0.1122098372	-0.0554549749	-0.0572795522	0.0201705563	-0.0759197781	-0.059502327	0.1252743783	-0.0846605194	-0.0048226131	0.0568806719	0.0497098825	-0.019336235	-0.0200777254	0.0540972261	0.1521139619	-0.0114222864	0.0741169003	-0.0738344736	0.1030090152	0.0875192129	0.104635985	0.0794300528	-0.0047001107	0.0517370496	0.0108316389	-0.0351972615	-0.0792012789	-0.070452742	-0.0231750761	0.0578538476	0.0098372662	0.0406080245	-0.0559768221	0.1313556515	0.071423072	0.0314410038	-0.0067175061	-0.072400539	0.0004742074	-0.0224686191	-0.1020240119	0.0637307152	0.0762490709	-0.0945685192	0.0025230409665795	-0.0047645984392943	2.2701398287725685e-05	6.365735719038417e-06	-0.0537158805896353	-0.007290174949162	5.3146650789389205e-05	0.0028853958275199	0.7093452649324377	0.0131580778240731	0.0001731350120243	0.5031707048820702	-0.0150475419756916	-0.0002220444028084	0.0002264285195102	4.9303716818583173e-08	-0.0001150265838618	0.0001174629972294	1.3231114994915711e-08	1.3797555718114032e-08	0.0005346647311711	0.0001328698454305	2.858663747582647e-07	1.7654395824724975e-08	0.0	0.0	0.0	0.0	0.0	0.0	0.0	0.0	0.0	0.0	0.0	0.0	0.0	0.0	0.0	0.0	0.0	0.0	0.0	0.0	0.0	0.0	0.0	0.0	0.0	0.0	0.0
1025.521049177853	-3.746582945397904	1051693.4223068445	14.036883766746437	1683.9166308527408	-26.513577768076857	2835575.2196624456	702.9698060638593	922.8591812840884	-0.0347467094047715	0.0012073338144596	851669.068480338	1014.3473202537594	1155.6714406566432	1.230525	28.678801	0.1319888347098561	0.0669907232134099	0.0117052013	0.0838462964	-0.047383943	-0.0308640732	0.078884033	0.0730003822	0.0304214688	-0.0600798461	0.1801558111	-0.0045164469	0.0127195027	-0.0171504179	-0.1380876185	-0.0062449056	0.0953806406	0.002489511	0.0131113276	0.0315344765	-0.0288513426	0.0056155114	-0.0591529193	0.0488396456	0.013122707	0.0613093339	-0.0777542973	0.0380363255	-0.0285532781	-0.0359774164	-0.0454949873	-0.0765776525	-0.0579341816	-0.1231612846	-0.0187025505	-0.0551502161	0.1202015751	0.0115540186	0.0213384247	-0.0700707883	-0.0232419905	-0.0510223368	-0.0302382566	-0.0860158348	-0.0686959396	0.061603831	0.0011896936	-0.0086106268	0.0778834699	-0.0211778313	0.0210604735	0.0071175645	0.0198016062	0.0817962658	0.075235933	0.0833581535	-0.0569841301	-0.0210548691	-0.000728585	-0.1105584592	-0.0905297028	0.0816094865	-0.0033165817	0.0813118308	0.030070091	0.0848094169	-0.0332778024	-0.033935112	-0.0013868169	0.0345342582	-0.0347315638	-0.021263363	0.0280408733	0.117735059	0.0040021212	-0.1336796038	0.0173627562	0.0648188286	-0.0642807906	-0.1346391717	-0.0499371863	-0.0627455576	0.0095783635	0.1153625129	0.0106807321	0.0248968359	-0.0896225615	-0.0554358222	0.0397431224	0.0485668283	0.0717883356	0.0570779387	-0.0607716678	-0.0124685344	0.124285491	0.0330520778	-0.0132071753	0.1084956761	-0.0697758716	-0.0505642757	-0.001062895	0.0266833777	-0.0010225307	0.0745650003	0.1118535054	0.1019900164	-0.0023667044	-0.0023249555	0.0352811675	-0.0894095809	0.0205312144	-0.0476989857	-0.0648931982	0.0505706968	-0.0375145975	0.086174129	-0.0453155147	0.0110225239	0.0207716948	-0.0183414209	0.0899814772	-0.0073022021	-0.0260694485	0.047388115	0.040493586	0.0236700846	-0.0245744743	-0.100240825	0.0689150546	0.0697569027	-0.0997713604	-0.0072014110238285	-0.009724451990408	9.456496651375012e-05	5.186032073411865e-05	-0.0817053923348964	-0.0279895117452611	0.0007834127677381	0.0066757711365993	0.6722997667203856	-0.037045498212052	0.0013723689377791	0.4519869763322849	-0.0142444820486491	0.0008030599270425	0.0002029052688342	6.449052464215057e-07	-3.172258562500474e-06	0.0001118543252992	1.0063224387357574e-11	1.251139008816152e-08	0.0003049915282702	-0.0002296732029009	9.30198323165922e-08	5.2749780130757993e-08	0.0	0.0	0.0	0.0	0.0	0.0	0.0	0.0	0.0	0.0	0.0	0.0	0.0	0.0	0.0	0.0	0.0	0.0	0.0	0.0	0.0	0.0	0.0	0.0	0.0	0.0	0.0
1025.3571161228947	-0.1639330549583064	1051357.2155838592	0.0268740465079631	1691.8987639717434	7.982133119002583	2862521.427529113	63.71444912947791	922.0818572845378	-0.7773239995506174	0.6042326002773682	850234.9515333028	1014.6340921609444	1142.779964994793	1.152491	26.860125	0.0764981614259432	0.0414769532091748	-0.0125891217	-0.0400025631	0.0700353445	-0.0650578132	0.0857100641	-0.0992410265	0.0964354244	-0.0180770576	-0.049666446	0.0719212359	0.0278418466	0.0151395968	-0.0795843923	-0.0170016736	0.0069550027	-0.0297372809	-0.0423088035	0.0208596447	-0.0454876545	-0.076261413	0.1661955345	0.0571133293	-0.0732816092	0.0946262859	0.0030187424	0.0810224479	-0.052680409	-0.0826217527	-0.0274964096	0.0147512368	-0.1289647577	-0.0102392218	0.0670694897	-0.1331623844	0.062898292	0.123660499	-0.0800451446	-0.0698079991	-0.0195999885	0.1321138559	-0.2364219648	-0.0871907018	0.0551263664	0.1029746292	-0.0666479798	-0.0662474969	0.0461705895	0.1041594994	0.0594662098	-0.0013920023	0.0004608473	-0.0814512171	-0.0123756534	-0.0304962872	-0.008116311	-0.0491395667	-0.1409818649	0.0294444359	-0.036958552	0.1202099456	-0.0147453149	0.0084559852	-0.0289277407	0.0174783221	0.0528657818	0.1076421168	0.1162460192	0.0392390205	-0.042388623	0.0996887565	-0.008324267	-0.0325318097	0.0004796769	-0.1055465326	0.0040753236	-0.0623413869	0.0083557463	-0.2012905032	0.0321448469	-0.0425675078	-0.0529000061	0.0682619641	-0.0315051028	0.045136083	-0.0432606445	-0.0365865481	0.1229772648	0.1749491475	0.1018286597	0.099921887	-0.0419864964	-0.0834762136	-0.1721792618	-0.0419232037	0.0235044131	0.0439712504	-0.0864801491	0.0470030145	-0.2502517562	0.0067131612	-0.0124966726	0.0880977787	-0.0382243986	0.084321328	0.0176049149	-0.0361691361	-0.0604398784	-0.048312896	0.0785585068	0.0003500073	-0.0708132062	0.0900944957	0.0408056195	0.0379758679	0.0638160118	0.0093033279	0.0535859738	-0.0745983329	0.0731617159	0.0337144086	-0.0473334099	0.0092437729	0.0073315137	0.0353634142	-0.0266710879	-0.0983068664	0.0738662073	0.0628452084	-0.1040369087	-0.0051738720852085	0.00202753893862	4.110914147620317e-06	2.6768952354099755e-05	-0.0481675727513959	0.0335378195835005	0.0011247853424154	0.002320115064761	0.6790766174386533	0.0067768507182677	4.5925705657685766e-05	0.4611450523519231	-0.0146765316688301	-0.000432049620181	0.0002154005818261	1.866668742985469e-07	0.0001480026224729	0.0001511748810354	2.190477625885576e-08	2.2853844656067484e-08	0.0002050969857755	-9.98945424947e-05	4.206477357419565e-08	9.978919620225422e-09	0.0	0.0	0.0	0.0	0.0	0.0	0.0	0.0	0.0	0.0	0.0	0.0	0.0	0.0	0.0	0.0	0.0	0.0	0.0	0.0	0.0	0.0	0.0	0.0	0.0	0.0	0.0
1027.0376104874845	1.6804943645897763	1054806.253355842	2.824061309417997	1688.339919181492	-3.5588447902514417	2850491.682701767	12.665376241099828	922.1366219302112	0.0547646456733446	0.0029991664157269	850335.9495048611	1012.4457371914896	1154.442451396757	1.261496	29.400616	0.1675229901976619	0.105521642325078	0.0343032551	0.1192423997	-0.0588444186	-0.0378573411	-0.0468704212	0.0072412935	-0.0829825065	-0.0092075056	0.0419190579	-0.0515408912	-0.054200313	0.0858537392	-0.0360351105	-0.0213339528	-0.0622951783	0.0007609336	0.0606449283	0.0643334762	-0.0092069135	0.0550749901	-0.0512429735	-0.0314152441	-0.0553660975	0.0114876335	0.009976975	-0.0340381253	-0.0307572996	-0.0236443025	-0.1174730313	-0.0733248033	-0.1183374406	0.1379780655	-0.0206270365	-0.1379853387	0.1531090319	0.0681655317	-0.0848698102	0.0078433423	-0.0578347305	-0.0281610759	0.1261553595	-0.0046734511	0.0162666611	-0.0113927673	-0.0904365575	0.1223354502	-0.0074320291	0.0803320933	0.0231057123	-0.0529421923	-0.0213333899	0.1241393509	0.0569691458	0.0241736306	0.0020052853	-0.1227489515	0.0331187568	0.0714130804	0.0395262716	-0.0567785032	-0.0204489064	-0.0669720784	-0.0135229956	0.0111168591	-0.0566783265	-0.0866189969	-0.0700470625	-0.0233156319	0.0471614742	0.0802195112	0.0568262902	-0.0146163058	0.1110862216	-0.0551423086	-0.0417596551	0.0129835553	-0.0066445338	-0.0567773571	0.1687403355	0.120666724	-0.0701776183	0.0464389839	0.0446973225	0.009275587	-0.0661502158	0.0153229496	-0.0686424731	0.1053821945	0.0151706475	0.0877933956	-0.1260763809	-0.0896733527	0.035067949	-0.0803276525	-0.0359655244	-0.0126644049	0.0702784137	-0.0193551629	-0.0117511931	-0.0126599407	-0.0089808846	-0.0255504384	-0.0863942059	0.0559045863	0.0192405774	0.0183878694	0.0445185512	-0.0190712777	-0.0665482745	-0.0570325828	0.0291427278	-0.1263605757	-0.0444554624	0.0124504813	0.0161392722	0.0151906347	0.0083835214	0.0089094765	0.0412432912	-0.0570071916	0.0349639137	0.101669893	-0.080490945	-0.0344535052	-0.0287576717	-0.0962250449	0.0785674201	0.0555555556	-0.1073250918	0.0120985386559056	0.0172724107411141	0.0002983361728097	0.0001463746376084	-0.0467960173629506	0.0013715553884453	1.8811641835733385e-06	0.0021898672410335	0.7732696315332959	0.0941930140946425	0.0088723239042335	0.5979459230516392	-0.0152365617878808	-0.0005600301190506	0.0002321528151159	3.1363373424394054e-07	0.0002993687185119	0.000151366096039	8.962162962345722e-08	2.291169503008777e-08	-0.000177226998604	-0.0003823239843795	3.140940903418222e-08	1.4617162903181617e-07	0.0	0.0	0.0	0.0	0.0	0.0	0.0	0.0	0.0	0.0	0.0	0.0	0.0	0.0	0.0	0.0	0.0	0.0	0.0	0.0	0.0	0.0	0.0	0.0	0.0	0.0	0.0
1025.7419951846389	-1.29561530284559	1052146.6406853637	1.67861901296767	1692.8257585608442	4.485839379352228	2865659.048847097	20.122754937347185	922.3343177100368	0.197695779825608	0.0390836213608552	850700.5936256391	1015.4967493165286	1150.122571979426	1.345608	31.360928	0.1296562234959957	0.0813610972255226	-0.0044517326	-0.1159944105	0.0226562354	-0.0471666773	0.089128496	-0.1085099001	0.0846009617	0.0065611168	0.068187952	-0.0079806682	0.0036060367	-0.0883288468	0.0336983423	0.0145906612	0.0276550788	-0.0036377712	-0.0048917718	0.0104906453	0.0328129843	-0.0167930368	0.0876633098	-0.0862923548	0.0347339004	-0.0175409082	0.0481868739	0.0204061893	0.0339005961	-0.0062734468	0.0185213678	-0.0612152639	-0.0373321716	0.0375468186	-0.133685312	-0.0597989831	-0.0742692114	-0.0673161177	-0.0123423555	-0.0314985558	0.1521855034	0.0491397641	-0.0151924441	0.0944068817	-0.0422092289	-0.0479519499	-0.0303828708	0.0161457114	0.1238447514	0.037367107	-0.013567548	0.2326949768	-0.1073842937	-0.0025802324	0.0825831756	-0.0798144514	-0.0030852663	-0.0636745877	0.0307381505	0.0698588417	-0.056696901	-0.0347286956	0.0133222767	0.0447244543	-0.0611492187	-0.0299356354	0.0679736308	0.0049029731	0.092893863	0.0399828799	-0.0467632172	-0.0416820539	-0.0177621049	0.0698830784	0.0265833102	-0.0330087575	-0.0301953108	0.0485275131	-0.0237413522	0.1053752034	0.1336361007	0.0537418188	-0.0184169209	0.0260960608	0.1033617056	0.0028505288	-0.0394331712	-0.0883864235	0.1234567647	-0.0444597851	0.0331736129	-0.0659933331	-0.0397248125	0.0857781604	-0.0942377321	0.0442225106	0.0677104257	0.1356727574	0.0556209293	0.0703303281	0.0858601042	-0.0427690526	0.0110004989	-0.0136751718	0.0847019694	0.0194033653	0.0097464437	0.0328365444	0.0405963982	-0.0515128569	0.1232680796	-0.0029294993	-0.0160509528	-0.0683077659	0.0576945373	-0.0748656067	-0.0201214445	0.1204950599	0.047334453	0.1373600645	0.0866482836	-0.0154810772	-0.0192819858	0.0155871159	0.0005338113	-0.0013670917	-0.0308334408	-0.0939984918	0.0830027857	0.0479317851	-0.1096050192	0.0151478963102249	0.0030493576543193	9.29858210395571e-06	0.0002294587626253	-0.0832310145258077	-0.036434997162857	0.0013275090182574	0.0069274017789952	0.7652444280353166	-0.0080252034979793	6.440389118397927e-05	0.5855990346390988	-0.013851399826373	0.0013851619615077	0.00019186127715	1.918673659608136e-06	0.0005431578635464	0.0002437891450345	2.9502046473228973e-07	5.943314723665249e-08	-0.0001632448015295	1.3982197074500003e-05	2.6648865226405844e-08	1.9550183503015647e-10	0.0	0.0	0.0	0.0	0.0	0.0	0.0	0.0	0.0	0.0	0.0	0.0	0.0	0.0	0.0	0.0	0.0	0.0	0.0	0.0	0.0	0.0	0.0	0.0	0.0	0.0	0.0
1024.3479579643586	-1.3940372202803246	1049288.7389857513	1.9433397715268943	1686.1418295487113	-6.683929012132921	2843074.2693538754	44.67490703923217	922.2381828834408	-0.0961348265959713	0.0092419048846374	850523.2659681508	1014.1713848280368	1158.391304597135	1.40682	32.787556	0.0936831341016547	0.0469014676562333	0.0192997411	0.1558695689	0.0223541108	0.0368007352	0.0254425277	0.030271715	0.0048673362	-0.0820127646	0.0802875293	0.0520927934	0.0325663206	0.0700088376	-0.0569196419	-0.0097256728	0.0378959695	0.0681033541	0.0194450124	0.018723472	0.0042721994	0.0611413308	-0.0288095021	-0.0129388927	-0.0424083984	0.0805867903	0.0395595622	-0.1472883374	-0.0609653946	-0.1410505796	0.0581268349	0.0677095021	0.0208384608	0.107622093	-0.0828923821	0.0202787548	-0.0849703303	-0.0073555939	0.1187903177	-0.0335448418	0.0418057987	0.039262546	0.1308118338	0.0306370353	0.0291152722	-0.0591221251	-0.0577516104	-0.0248945617	-0.0663707396	0.0818639645	0.0192022014	0.0822734941	-0.1116195574	-0.1232209679	-0.0061098287	0.031014703	-0.0794345257	0.0516761773	0.0520221757	0.0308174349	0.0305343849	-0.1291187286	-0.0071819721	0.0616488115	-0.0115890606	0.0351180577	-0.1029426607	0.0166040059	-0.0178746744	0.0454900624	0.0161568846	0.0603992472	-0.0019081827	0.0734725268	0.0158158305	-0.002392998	-0.0635406454	-0.0472206571	-0.0796890012	0.0594413638	-0.0026431335	-0.0053985849	-0.0824371285	-0.1235588731	0.1081114593	-0.0257353127	-0.0969058512	0.0223632517	0.0412934175	-0.0841163931	0.0091881214	0.0203040435	0.0047114746	0.0449258288	-0.0078351216	0.0632771199	-0.105216927	-0.0617184127	0.0487692801	0.1227562397	0.0432618213	0.129451501	0.0040537284	-0.0045873385	0.0079340856	0.008246616	-0.0396411277	-0.0714912062	-0.0099169101	-0.0856034931	-0.1129463031	-0.1363458366	0.0496839561	0.0471545232	0.0323833216	-0.0570227738	-0.0361273417	0.048236684	-0.0559567423	0.0233223715	0.0555658329	-0.0451294997	0.0156676946	0.0952413733	-0.0398228936	-0.0517648005	-0.0328976148	-0.091630556	0.0871572961	0.0400197472	-0.1108552722	0.0041417995813475	-0.0110060967288774	0.0001211341652054	1.715450377205033e-05	-0.046683614959889	0.0365473995659186	0.0013357124150309	0.0021793599057231	0.7445458369969629	-0.0206985910383536	0.000428431670973	0.554348503389508	-0.0137333150578291	0.0001180847685438	0.0001886039424775	1.394401256206634e-08	0.0003862417989837	-0.0001569160645627	1.4918272728216492e-07	2.4622651317845444e-08	-0.000396864903793	-0.0002336201022635	1.5750175186262714e-07	5.45783521816082e-08	0.0	0.0	0.0	0.0	0.0	0.0	0.0	0.0	0.0	0.0	0.0	0.0	0.0	0.0	0.0	0.0	0.0	0.0	0.0	0.0	0.0	0.0	0.0	0.0	0.0	0.0	0.0
1024.1182048094824	-0.2297531548761071	1048818.097422197	0.0527865121755244	1686.5419424969216	0.4001129482103351	2844423.7238012897	0.1600903713255663	921.862136728328	-0.3760461551128173	0.1414107107751331	849829.7991333185	1015.8562541760896	1128.7039683845417	1.58607	36.965179	0.106497639388904	0.0693016002257278	-0.0333179875	-0.1694648937	-0.0163822326	0.0180674942	-0.0175134364	-0.111426968	0.0017239146	0.0863465857	0.0082899645	-0.0795946917	0.0479597794	-0.0130784323	0.0073923899	-0.0048437466	-0.0180823495	0.0519821847	-0.0076812735	-0.0391332532	0.0723634702	-0.0411713159	0.0407959862	-0.0025463717	-0.0895648819	-0.0440953509	0.0091030029	0.0634970198	-0.0479253399	0.0072489507	0.0644861853	-0.0453614564	-0.0115517943	-0.0385220978	0.0538583452	-0.1007743278	-0.0360161899	-0.0696408789	0.0468653089	-0.1139910433	-0.0637387968	0.0375615678	0.149130178	0.0526922237	-0.0482997653	-0.053070019	-0.0684005434	0.1262214969	-0.087687372	-0.0147715945	0.1270112182	0.0653284082	0.042913152	0.1214509223	-0.0546417431	0.0400489726	-0.1186239878	-0.0164462549	-0.0649034025	-0.0578424051	-0.0293305528	0.0913945024	-0.0038318437	0.0508246169	-0.0518416933	-0.1261743826	0.0308095899	-0.0474220542	0.0259189085	-0.0004704683	-0.0077247086	0.0465085501	-0.0311705459	-0.0184574003	0.0316437317	0.0785156751	0.0261913183	-0.0289057566	0.0169386831	0.0522376993	-0.0440746219	0.0113080635	0.0028801588	0.0590345077	0.0617285968	-0.0580345492	-0.0791830274	0.0148640669	0.0566814174	-0.0590051568	0.134665338	-0.0269711054	-0.1321651967	-0.1520731049	-0.0153794383	-0.0668409123	-0.0475940089	-0.0806747709	0.0642936556	-0.0597124349	0.0687399481	0.0040457782	-0.0035581853	-0.0473275565	-0.0903498607	-0.0200501278	-0.0219263474	-0.0287223289	-0.0791749849	0.0176854951	0.06671908	-0.0608059816	0.0191634749	-0.0247901605	-0.0010541296	-0.0649670407	-0.0160232162	0.0786762064	0.0855672637	0.1362614753	-0.0842036535	0.044730625	-0.0585574553	-0.0192950337	0.0489934037	-0.0243046236	-0.0349494174	-0.0891247992	0.0910168938	0.0318670259	-0.1110641056	0.0087476150369383	0.0046058154555907	2.1213536010959083e-05	7.652076883446905e-05	-0.0527622249455674	-0.0060786099856783	3.694949935798914e-05	0.0027838523812066	0.7947569525065177	0.0502111155095548	0.0025211561207138	0.6316386135574472	-0.0145204091742541	-0.000787094116425	0.0002108422825877	6.195171481108517e-07	0.0004190718100325	3.283001104879997e-05	1.7562118196391577e-07	1.077809625464328e-09	-0.0004889827450808	-9.211784128780002e-05	2.391041249867547e-07	8.485696683524314e-09	0.0	0.0	0.0	0.0	0.0	0.0	0.0	0.0	0.0	0.0	0.0	0.0	0.0	0.0	0.0	1.0	0.0	0.0	0.0	0.0	0.0	0.0	0.0	0.0	0.0	0.0	0.0
1024.037391155921	-0.0808136535615631	1048652.5784854246	0.0065308466019683	1687.6353798907735	1.0934373938519002	2848113.1754590757	1.1956053342736357	921.5703606668304	-0.2917760614975577	0.0851332700630266	849291.9296595919	1012.064724182282	1134.140267053419	1.429668	33.320049	0.0843215357277807	0.0417701137044522	0.0054518264	0.1095776877	0.0871234675	0.0629738713	-0.0690661721	0.0302989427	-0.0680267977	-0.0904141652	-0.0515865541	-0.0060478425	-0.0012734522	0.1129739051	0.0095385361	-0.0119943288	-0.0657530595	0.0691210419	0.0440304444	0.0059620929	-0.1135017672	0.0411486677	-0.0507587465	0.0182608769	0.0037352228	0.1215008822	0.0564837366	-0.1054962312	0.0304953444	-0.0294109819	-0.1250616256	-0.0246367003	-0.0578767767	-0.0727500511	0.03265861	0.161993789	0.0199709107	0.0013007913	0.0605615403	-0.0256849079	-0.0212771208	-0.0322273878	-0.0575794232	0.0186481919	0.0924176275	-0.036698774	-0.0049751928	-0.0245678647	-0.0084625789	0.0424259108	-0.0648313769	0.0474952659	0.0031890954	-0.1236089728	-0.0779837534	-0.0526873189	-0.0683978122	-0.0581154508	0.0006306488	-0.1416404833	0.0934517187	-0.0268316443	-0.0211745112	-0.064624713	-0.0398816315	0.0076493757	-0.1334127083	0.0295309304	-0.045169504	-0.0003714814	0.0362625261	-0.0229713107	0.0269163306	-0.0002761747	0.0564535562	-0.0051190878	0.0198361746	0.0029840319	-0.0145442065	-0.0364525924	0.064868737	-0.0396957761	-0.0687639521	0.0073542832	-0.0590209021	-0.0055472442	0.0521998638	0.0727205103	0.1036643701	-0.109268767	0.0096773779	0.0217449298	0.1300894895	-0.032860291	0.0803045985	-0.0222009563	-0.0060111091	-0.031559328	0.0060846035	0.0608016319	-0.0724280946	0.0565565004	0.0054519206	-0.0882463502	-0.0346836065	-0.0222030227	-0.006584518	0.1029220272	0.0290817829	-0.0428970064	-0.0771756661	-0.035276106	0.0565723615	0.1138026974	-0.0403358388	-0.0384264965	-0.0845109378	0.0168444467	0.0113811396	0.0568853214	-0.0131987062	-0.0252771799	-0.0528675834	0.0799934137	-0.021666621	-0.0203258442	-0.0369880768	-0.0864849902	0.0945685192	0.0235226525	-0.1102295573	-0.0055955721378637	-0.014343187174802	0.0002057270183314	3.1310427550036536e-05	-0.041226300778888	0.0115359241666793	0.0001330775463793	0.0016996078759113	0.8277046917771571	0.0329477392706394	0.001085553523046	0.6850950567899187	-0.0147564886640425	-0.0002360794897883	0.000217753957692	5.573352549875089e-08	0.0002692081312372	-0.0001498636787953	7.24730179242255e-08	2.2459122222060853e-08	-0.0003650322113513	0.0001239505337295	1.3324851532402016e-07	1.5363734811827918e-08	0.0	0.0	0.0	0.0	0.0	0.0	0.0	0.0	0.0	0.0	0.0	0.0	0.0	0.0	0.0	0.0	0.0	0.0	0.0	0.0	0.0	0.0	0.0	0.0	0.0	0.0	0.0
1024.5457335873657	0.5083424314448166	1049693.9602120733	0.2584120276072281	1685.2292375979216	-2.4061422928518823	2839997.5832548724	5.789520733450513	922.1763896128576	0.6060289460272088	0.3672710834228496	850409.293559405	1017.2129568244342	1139.4164213690876	1.354628	31.571152	0.1960167845538983	0.109004093966896	-0.0118059821	-0.1020036857	-0.0984180236	0.0378439841	-0.0140196511	0.0446017511	0.0166689987	0.0722348903	0.0751044196	-0.0283370903	0.0424822023	-0.0634125736	-0.0022918453	0.0014652935	0.0417202592	0.0319500331	-0.0288379477	-0.004124514	0.1092669388	-0.0080825804	-0.0133771716	-0.0912929305	-0.0305382686	-0.0549407665	0.1063560815	-0.0209258816	0.0533336359	-0.0730018439	0.0474883662	-0.0177857621	-0.011276102	-0.0891330805	0.0435965111	0.0139634311	0.0185874432	0.0687282862	0.034818763	0.0115592641	-0.0295646241	0.0747475179	-0.0344047274	-0.0510664471	-0.1061007752	0.1259680996	0.0533310807	-0.0206992488	-0.0976730389	0.1127330123	0.0739218631	-0.032292057	0.014750276	-0.1062296487	-0.0950284428	0.015099416	-0.0609828385	0.0526028977	-0.0425562829	-0.0596277948	-0.0136521387	0.0145690386	0.0089818288	0.116569979	0.081264573	-0.0845241247	0.000854209	-0.0315508731	-0.0019873888	0.0180086388	-0.0118652243	-0.0573938171	-0.0731193787	0.0242912609	0.0141966647	-0.0045078581	0.0176514519	-0.1241022414	0.0168643364	0.0305817844	0.0556532007	-0.0454109269	0.0344938053	0.0503294304	-0.0880402845	-0.0169743465	-0.0086376308	-0.0024680593	-0.0078270854	0.0611674363	-0.006436906	0.0222001683	-0.047143084	0.0223954506	-0.0723684978	-0.0230770363	-0.0102583409	-0.0827675461	-0.1138825843	0.0248565945	-0.0194597338	-0.0246855516	0.0173761394	-0.0412067346	0.137192058	0.0083196307	-0.0362565076	0.0095357289	0.0072525264	0.0278734627	0.0792689712	-0.0319568073	-0.0012130858	-0.0120416248	-0.0620814456	0.0588921748	-0.0721729462	0.0329428701	0.0412253311	0.1054708179	-0.0561246016	0.008186781	-0.0732484953	-0.0282538993	0.0273588693	0.0231215994	-0.0390128266	-0.0837150996	0.0978001546	0.0150368111	-0.1083594676	-0.0057596380139131	-0.0001640658760494	2.6917611683857167e-08	3.317343005131284e-05	-0.1177225072114112	-0.0764962064325232	0.0058516695985672	0.0138585887041407	0.77260065140797	-0.0551040403691871	0.003036455265009	0.5969117665560195	-0.0138264386854863	0.0009300499785562	0.0001911704067235	8.649929626123883e-07	-3.059481259937158e-05	-0.0002998029438365	9.360425579906656e-10	8.988180513307449e-08	-0.0004202287264813	-5.519651513e-05	1.7659218256009526e-07	3.046655282496318e-09	0.0	0.0	0.0	0.0	0.0	0.0	0.0	0.0	0.0	0.0	0.0	0.0	0.0	0.0	0.0	0.0	0.0	0.0	0.0	0.0	0.0	0.0	0.0	0.0	0.0	0.0	0.0
1023.6909554148272	-0.8547781725385448	1047943.1721981216	0.7306457242483343	1689.657957093612	4.428719495690302	2854944.011969758	19.613556371507364	921.1328679225896	-1.043521690267994	1.0889375180597711	848485.760367295	1013.4098339201274	1133.6027744077453	1.214955	28.315912	0.1904041716204368	0.1340589959057761	-0.002421898	0.0419663979	0.1077867226	0.0411698776	-0.0567688164	0.0008827162	1.01245e-05	-0.0419938791	-0.054546779	0.0170209648	-0.00818087	0.0369250358	-0.0546394878	0.0076711342	-0.0297276925	0.0293255678	-0.0486415936	0.0140386316	-0.1084411511	-0.0191951135	0.0034715081	0.0519205175	-0.0477895261	0.0856343433	0.0844523551	-0.0057136066	0.1109574466	-0.070379859	0.0361425825	-0.0064003006	-0.0454222806	-0.0609130177	-0.1079433566	0.0546133991	-0.0212660852	-0.0932072421	0.0901854581	-0.0051621427	-0.0165718435	0.0665991495	-0.0379305976	-0.1124878776	0.0408544913	0.0341492759	0.0314323294	0.0004721008	-0.0171311695	0.0200003329	-0.0112562424	-0.0277613756	-0.1094259989	0.1094570616	0.0390990234	0.0198869265	0.0246542551	-0.0982203036	-0.0262479697	0.1309089885	0.0741191162	-0.0736669012	0.0066040678	-0.0157107609	0.0058227643	0.0055453927	-0.0667701844	0.0941138353	0.0176126108	-0.0135602477	-0.0223971186	0.0256507927	-0.0457010069	-0.0271174271	0.0068674115	-0.0365031719	0.089901824	-0.0703350473	-0.001748269	0.0676742365	0.0491027447	-0.0959895626	-0.06479156	0.0198923767	0.0179398981	0.056513641	-0.0430677748	0.0366976221	0.1198618626	0.0027060917	-0.0375313902	0.0008727338	0.069971819	-0.0394638692	0.0253230366	-0.0143960722	-0.0414902909	0.0245951044	-0.0694381902	-0.0328210418	-0.0263813501	-0.0379889499	0.0209053006	-0.0298467249	0.0434551492	-0.0425131129	-0.0496161074	-0.0922761405	-0.0179667351	-0.1399380269	-0.0747605718	-0.0036234194	0.0238743151	0.1756502922	0.0324661266	0.0229688375	-0.0174519311	0.0602469983	0.0128828856	0.0132218156	-0.0791763657	-0.0220507044	-0.0318426413	0.0321608637	-0.0162693457	0.0147996326	-0.0410229053	-0.0808192935	0.1007008652	0.0064605365	-0.1054714048	-0.005538705342019	0.0002209326718941	4.8811245510266195e-08	3.0677256865709805e-05	0.0102577891100565	0.1279802963214677	0.0163789562465306	0.0001052222374263	0.7605180348985385	-0.0120826165094314	0.0001459896217139	0.5783876814059347	-0.0132283225920353	0.0005981160934509	0.0001749885185989	3.5774286124508493e-07	0.0003144003023247	0.000344995114924	9.884755010186277e-08	1.1902162932147337e-07	-0.0003609334125035	5.9295313977799984e-05	1.302729282614217e-07	3.515934259725882e-09	0.0	0.0	0.0	0.0	0.0	0.0	0.0	0.0	0.0	0.0	0.0	0.0	0.0	0.0	0.0	0.0	0.0	0.0	0.0	0.0	0.0	0.0	0.0	0.0	0.0	0.0	0.0
1027.2672435424342	3.5762881276070857	1055277.989655271	12.789836771663396	1695.746974182129	6.089017088517039	2875557.800447846	37.07612910425252	921.99064790104	0.8577799784503668	0.7357864914303117	850066.7548169795	1015.6331613059748	1138.8255506271173	1.312712	30.594261	0.1680078544002075	0.0971261902953007	-0.0040443588	-0.1215838441	-0.1033853339	-0.0136649186	-0.0961604831	0.0080548429	-0.134314495	0.168033518	-0.0388470771	0.0188236061	-0.0924130321	0.0573397914	0.0829516101	0.003408245	-0.0358392503	0.0662375629	0.0088039946	-0.0179077369	0.0469456068	0.0436434601	0.0338993071	0.0391479337	-0.0773039769	-0.0168569862	-0.0047652279	-0.0662116106	-0.0086459802	0.1093864101	0.1376434571	-0.0211110992	0.0017228234	-0.1465492859	-0.0115721479	0.0106374613	0.0365683208	0.049607491	0.0277439201	0.0089969756	0.0860676245	0.1767844125	-0.0218857393	0.0238114559	-0.0113072958	-0.1327231392	0.0156683829	-0.014332245	0.0489018438	-0.0776134052	-0.0428637503	-0.0543356467	0.0147292941	-0.0523906722	0.070997688	0.0840658023	0.0428765549	0.0279249997	0.0611504949	0.0557787225	0.0031857383	-0.0419888773	0.0078342784	-0.0015148521	0.028673077	-0.1024355489	-0.0068929928	-0.0678980047	-0.0335687415	-0.0594418097	0.0785245842	-0.0336997528	0.0403458268	-0.1762423521	-0.0337599555	0.085751985	0.0613117862	-0.1063851198	-0.0008099829	-0.012363425	-0.0573482657	-0.1886428724	-0.0477462578	0.0443852273	0.0263328756	0.0322942573	-0.0500323667	-0.0120299097	0.0105073205	-0.0320119592	-0.0017521087	-0.0140624607	-0.0375317733	0.1073918788	-0.0496883469	0.1860392464	-0.0288354888	-0.0241001128	0.1188302625	0.0577564128	0.0054383518	-0.0482820439	0.0051842719	-0.079603514	-0.0900077581	-0.0163916589	-0.0264534552	-0.074426291	-0.0273653962	0.0643245832	0.0075191149	-0.0350419373	0.0692264098	-0.0625783115	-0.0654421554	0.0390194813	-0.0193478001	0.068810212	0.1423886637	-0.0035394291	-0.1266757245	0.0732461497	-0.0489997606	-0.0518718612	0.0922123273	-0.0054124622	-0.0430175569	-0.0778019275	0.103260836	-0.0021545924	-0.1015925006	-0.0053571504174811	0.0001815549245378	3.2962190623962495e-08	2.8699060595517923e-05	-0.0348678119063237	-0.0451256010163802	0.0020363198670895	0.0012157643071347	0.810817008015988	0.0502989731174494	0.0025299866966699	0.6574242204879988	-0.0144354542871369	-0.0012071316951015	0.000208382340476	1.4571669293188615e-06	0.0004337532469191	0.0001193529445944	1.8814187921286174e-07	1.424512538335392e-08	-0.0002393835453627	0.0001215498671408	5.7304481790415855e-08	1.4774370201946137e-08	0.0	0.0	0.0	0.0	0.0	0.0	0.0	0.0	0.0	0.0	0.0	0.0	0.0	0.0	0.0	0.0	0.0	0.0	0.0	0.0	0.0	0.0	0.0	0.0	0.0	0.0	0.0
1027.7242037016797	0.4569601592454546	1056217.0388742515	0.2088125871376312	1691.8553051492445	-3.891669032884465	2862374.373561643	15.145087861511907	922.758046214991	0.7673983139510483	0.5889001722549116	851482.4118545075	1011.9366303759888	1144.7501925464012	1.406057	32.769756	0.0809437377006025	0.064479152211049	0.0338102039	0.0442844196	0.1280781498	-0.0191769522	-0.0707664563	-0.0008509871	-0.0535234616	-0.1089326769	-0.1272852062	-0.0689478195	-0.0610442977	0.0668127509	0.0897017025	0.0036096388	-0.0802383767	0.0830253471	0.089121996	-0.0610819468	-0.2015592926	0.0282258032	0.0351308969	0.1232832546	0.0408469171	-0.038618396	-0.0754072921	0.0140087607	-0.0090271722	0.0216143694	0.0667320002	-0.0027547799	-0.0079113891	-0.0398569387	0.0154294578	-0.0681024395	-0.0154285669	-0.0340141726	-0.0639849982	-0.0836856403	-0.0046908115	0.0472643326	0.0170456779	-0.0336575528	-0.0511102729	0.0373921205	-0.0662423103	-0.0032953428	0.0379715811	-0.1309663819	0.0147087288	-0.0612226665	-0.0097662085	-0.182718213	-0.1123189715	-0.0141573942	-0.0128318288	0.0084378931	0.0377022526	-0.031171092	-0.0867562879	-0.0072221447	-0.0042232178	-0.1346310743	-0.1024364859	0.0232282568	-0.1024517303	0.024838227	-0.0302973565	0.0228300314	0.0104197474	-0.1120457315	0.0317320062	-0.1597368709	-0.0737862756	0.0552788358	0.0726297956	0.0451086144	-0.0315523789	-0.0384084036	-0.0463676761	0.0205116358	0.1261572881	-0.0357165305	0.0310166218	-0.018912069	0.0250532722	-0.0420074823	0.0705865961	0.1018429474	0.0417279046	0.0121400832	-0.0643098824	-0.0101600492	0.0477694034	0.0281145517	-0.0463253924	-0.0604955493	0.0324425812	-0.0304194937	0.0474219401	-0.0553996753	0.0248455119	-0.1422142565	-0.0809967457	-0.055917363	0.0134695244	0.0685033958	0.0761601523	-0.0639568004	0.0037503381	0.1073390957	-0.0277263474	0.0522796036	-0.0853352783	0.0181810156	-0.1342855737	0.081151611	0.0705605739	-0.0740198611	-0.0021256051	-0.0151849032	0.0023004267	0.1120079376	-0.0384340525	-0.0880677004	-0.0449960313	-0.0746675401	0.1054714048	-0.0107567634	-0.0967591949	-0.005512047796131	-0.0001548973786498	2.399319791261044e-08	3.038267090683261e-05	-0.0334441030548333	0.0014237088514904	2.026946893812119e-06	0.0011185080291423	0.8737137991592903	0.0628967911433022	0.0039560063361241	0.7633758028413606	-0.014534464883749	-9.901059661210008e-05	0.0002112506694569	9.803098241484004e-09	0.0002581520522428	-0.0001756011946763	6.664248207716933e-08	3.083577957174382e-08	-0.0002941385606175	-5.47550152548e-05	8.651749284213473e-08	2.9981116955533812e-09	0.0	0.0	0.0	0.0	0.0	0.0	0.0	0.0	0.0	0.0	0.0	0.0	0.0	0.0	0.0	0.0	0.0	0.0	0.0	0.0	0.0	0.0	0.0	0.0	0.0	0.0	0.0
1025.2252949517492	-2.4989087499304787	1051086.9054089012	6.244544940479108	1684.2507538836935	-7.604551265550981	2836700.60195779	57.82919995039303	923.8806859197712	1.1226397047801129	1.260319906748779	853555.5218155868	1017.1933753389824	1151.0911851434175	1.362881	31.763487	0.1915574531770696	0.1109222189356799	0.0181209301	-0.0246524579	-0.1305438765	0.0315700912	-0.0240795655	0.0905814304	0.0271857035	-0.0067060549	0.1264009539	-0.110745841	-0.0096126112	-0.0390900492	-0.006099418	0.0261663559	0.078307095	0.0928727751	0.0514014598	-0.0412068883	0.0477980562	-0.0029042322	-0.0853320831	-0.0148925536	-0.0670096413	-0.0717040211	-0.0225846166	0.0472621715	0.0645197004	-0.1177188268	0.0173613204	0.1439993427	-0.0255270713	-0.1236920924	0.0188434473	-0.0292677728	0.0202208449	0.0438864151	-0.0859360553	-0.0221141824	-0.0733471924	0.012924945	0.0429277197	-0.0069912171	-0.0326209205	-0.0841697474	-6.4692e-05	-0.1086509407	0.0470719555	-0.0541925777	-0.0823061331	0.061424851	0.0580838246	0.004667771	-0.0177491291	0.0336189223	-0.100857159	0.0284579851	-0.0290177119	-0.0091176392	-0.1700080999	-0.023104175	0.0290619757	0.1068703574	0.0317141201	-0.0193561329	-0.0637935756	-0.1109387206	-0.0427826428	0.0624489317	-0.007328196	-0.043277876	-0.0955420774	-0.0100859642	-0.0317506776	-0.0466348704	0.0929585827	-0.0290419796	-0.0100690905	0.010012386	-0.0589841047	0.0058280923	0.1016637074	-0.0868986532	-0.1300151162	0.0796538844	-0.060644629	-0.0519436834	-0.0146246315	-0.0041959643	0.0849872558	0.1050853182	0.0111862771	-0.0043042983	-0.0157310393	0.0460999336	0.0849218562	-0.0682571084	0.0034605728	-0.0838264397	0.1044082375	-0.0110668847	0.0300358322	-0.0891017187	0.1345044032	0.004902084	-0.0505909892	-0.0465593697	0.0598973566	0.0048929959	0.0086611357	-0.0086694594	-0.0029348817	-0.074740258	-0.0963698565	0.1026879002	-0.0701808591	0.0436400675	0.0770794328	0.0060296597	-0.0200468354	-0.0146431164	-0.0672199134	0.0359474679	-0.0105119167	-0.0353140618	-0.0469575846	-0.0714208455	0.1073250918	-0.019294242	-0.0910168938	-0.0079575772868025	-0.0024455294906715	5.98061448974401e-06	6.332303627543505e-05	-0.0948021445549756	-0.0613580415001423	0.0037648092567331	0.0089874466122224	0.7946598209321394	-0.0790539782271508	0.0062495314735388	0.6314842310038998	-0.01377038978718	0.000764075096569	0.0001896236348908	5.838107531969275e-07	0.0002111574676875	-4.699458455529996e-05	4.4587476160197615e-08	2.2084909775252372e-09	-0.0004570669586753	-0.0001629283980578	2.089102047126884e-07	2.6545662893680927e-08	0.0	0.0	0.0	0.0	0.0	0.0	0.0	0.0	0.0	0.0	0.0	0.0	0.0	0.0	0.0	0.0	0.0	0.0	0.0	0.0	0.0	0.0	0.0	0.0	0.0	0.0	0.0
1024.7545770618308	-0.4707178899184328	1050121.9432091718	0.2215753318892618	1700.1250548984694	15.874301014775938	2890425.202293524	251.9934327077164	922.5098001963216	-1.3708857234495326	1.8793276667577483	851024.3314582573	1015.3497357498971	1141.393532269996	1.266276	29.512005	0.0458414626352751	0.0218093218373776	0.0093647367	0.0070645041	0.1351724434	0.0410719258	-0.0001505894	-0.0907546226	0.0288811368	-0.05954057	-0.020083469	0.0421076049	-0.0376526577	0.083744749	0.0026755726	0.0205343726	-0.0134594851	0.0247705144	0.0646748686	-0.0952588732	-0.1250913366	-0.007708935	0.1015799804	-0.0119616202	-0.0095376958	-0.0608942348	0.0323827271	-0.0170290748	0.0555177868	-0.1094590181	-0.0640485525	-0.0942474978	0.0241958632	0.0990994351	0.022943531	0.1013821418	-0.0310565181	-0.0213202256	-0.0460902999	0.0713577093	-0.0157029757	0.0496072367	-0.0222282167	-0.1067660713	0.0944953879	-0.0926736006	0.015767485	-0.0508326356	-0.0136392571	-0.0475864769	-0.0070956728	-0.0774694573	0.0409854183	0.0164117502	-0.1057262545	0.0725716878	-0.0420777155	0.1146369928	0.1670734324	-0.0314491149	0.1613560816	-0.0306460184	0.0174349696	-0.0121418751	-0.1154378925	-0.0059672693	0.0058899579	0.0681419431	0.0175333773	0.0794855345	-0.0067878841	-0.0164757103	-0.0075095325	-0.117441761	0.0096926669	-0.0767267944	0.022869354	-0.0847006848	0.0174896614	-0.0048391461	0.0643539607	-0.0172348215	0.0821140748	-0.0568420205	-0.0281523924	-0.0848186026	-0.0340719558	0.0369312819	0.0517943955	0.0299776773	-0.0640400893	-0.056420955	0.1388892664	-0.0369916469	0.0333747766	0.1010485946	-0.0720746269	-0.0492850761	0.0523254548	-0.0579702741	-0.0608907072	0.0257355322	0.0183049543	-0.0598701955	-0.0427976262	-0.0437902255	-0.030996003	-0.0675684251	-0.0446326207	-0.0360328151	0.0751030814	-0.0027275304	-0.0700192631	0.129171882	-0.0236717385	0.0203007879	-0.0513076317	0.0624794936	-0.0224291691	-0.1136538081	0.0221792529	-0.0693573143	-0.0280076906	0.1453057765	-0.0227769807	-0.0488735455	-0.0489014791	-0.0680667272	0.1088156246	-0.0277156827	-0.0844195428	-0.0055637739004339	0.0023938033863686	5.730294652589778e-06	3.095558001514946e-05	-0.1029540366647268	-0.0081518921097512	6.645334496902391e-05	0.0105995336655619	0.7782847040439691	-0.0163751168881702	0.0002681444531012	0.6057270805488085	-0.0138934126022811	-0.0001230228151011	0.0001930269137372	1.5134613035399835e-08	0.0003992247802668	0.0001880673125793	1.5938042517907478e-07	3.5369314060800136e-08	-0.000389744081336	6.732287733930004e-05	1.5190044893644258e-07	4.532369813242438e-09	0.0	0.0	0.0	0.0	0.0	0.0	0.0	0.0	0.0	0.0	0.0	0.0	0.0	0.0	0.0	0.0	0.0	0.0	0.0	0.0	0.0	0.0	0.0	0.0	0.0	0.0	0.0
1025.2814974400576	0.526920378226805	1051202.1489929268	0.2776450849906793	1682.5194025454314	-17.605652353038067	2830871.539941835	309.95899477603484	921.8987650537316	-0.6110351425900262	0.3733639454800136	849897.3330075954	1014.0256727145012	1151.9845138566552	1.248397	29.095308	0.0957368481437535	0.0509429693104601	0.0361507205	0.0257733469	-0.1315491051	0.0291967474	-0.018351933	0.0525750891	-0.0490683107	0.0252761269	0.063650637	-0.0968481686	-0.0413279085	0.0763182326	-0.0171857686	0.0076793841	-0.0123485581	0.051104003	0.0422658545	-0.0356342331	0.0503933955	0.0431199056	-0.0873072924	-0.0109404803	-0.1387111981	-0.0230886813	-0.0053841922	-0.009209253	0.1076007637	0.0443040266	-0.1011173614	-0.0315431046	-0.0046576251	-0.0384006536	-0.1476197353	0.043802241	0.0145785524	-0.01104643	0.0336229732	0.0949682571	-0.0201629619	0.0439005798	0.0833561393	0.0223347951	-0.0954544116	0.0409080033	0.0485094002	-0.0654885585	-0.0434793875	0.0654213787	0.0541655205	0.0747593179	0.1546164767	-0.0395341211	0.1335275491	-0.1836546006	0.0212615336	-0.0607828155	0.0170118595	0.1170667245	-0.0620859841	-0.0931775518	0.0120575618	0.0125650954	0.004122061	-0.0170268015	-0.0664763724	-0.1063111143	-0.0926618156	-0.0123597339	0.0416972507	0.0595653626	-0.0189316815	-0.0002312118	0.0336309078	-0.0745603272	0.0544989407	-0.0439475121	-0.0363267728	0.0674630927	0.0203611865	-0.0170111877	-0.0713811789	0.0483806435	-0.0663197275	0.0915377045	0.0079586498	-0.0557533851	-0.0037349041	-0.0409510012	-0.1305968	-0.0328305866	-0.1057292586	-0.0063786452	0.024169387	0.0795676138	0.093873586	-0.0132936279	-0.0901835924	-0.0003926729	0.0462832154	0.1468005276	0.0153458683	-0.0568205678	-0.1016638796	-0.0064683648	0.0221496376	0.01122215	0.008930558	0.0494557203	-0.0184714939	-0.0744572943	-0.0101988551	-0.1707164041	-0.1158191329	0.0597805128	0.0539920816	0.00117888	0.0196748431	-0.0295962309	0.0628531231	-0.0684038121	0.071303595	0.0135376193	-0.0529093725	-0.0706445221	-0.0508269837	-0.0646102301	0.1099379598	-0.035970438	-0.0770291202	-0.0003861071452462	0.0051776667551877	2.680823302777593e-05	1.490787276101702e-07	-0.0642689599187633	0.0386850767459635	0.001496535162841	0.0041304992090396	0.7788954373110215	0.0006107332670524	3.7299512348451053e-07	0.6066781022639275	-0.014446476561604	-0.0005530639593228	0.0002087006850449	3.0587974310192057e-07	0.0001010759853792	-0.0002981487948876	1.0216354820376254e-08	8.889270389292819e-08	-0.0005637987546365	-0.0001740546733005	3.178690357296684e-07	3.0295029297743794e-08	0.0	0.0	0.0	0.0	0.0	0.0	0.0	0.0	0.0	0.0	0.0	0.0	0.0	0.0	0.0	0.0	0.0	0.0	0.0	0.0	0.0	0.0	0.0	0.0	0.0	0.0	0.0
1024.777171166484	-0.504326273573497	1050168.250543981	0.2543449902165297	1702.1179500082264	19.598547462795068	2897205.5157402074	384.103062651431	921.597592916785	-0.3011721369466613	0.0907046560730185	849342.1232700121	1013.7280081337376	1141.7631961623254	1.212736	28.264189	0.0803136874024476	0.0383726984268168	0.0120215747	-0.0550288834	0.0991912551	0.0310509698	0.0102945436	-0.1323108478	-0.0222630406	-0.0180478939	0.0030211835	-0.0084121849	-0.0365579824	0.051173883	0.0190351346	0.0225166149	0.003178271	0.0671333803	-0.0105899323	-0.0881126098	-0.0657313983	-0.0400682789	0.0385146969	0.0156282076	0.0190049535	0.0414203198	-0.1117100844	0.0750844913	0.0909574235	0.0661983159	0.0434262441	-0.1757355629	0.0079652283	0.0700340434	0.0008952258	-0.1039081537	-0.0522844792	-0.0592886489	0.0257432851	-0.0460150001	-0.0854849932	0.0117490958	-0.0255217588	0.116788376	0.0046833482	-0.069062835	-0.0411364322	-0.2192900482	0.0190183049	-0.0128961503	-0.1532239797	0.006645731	0.1527973901	-0.1618724226	0.1324643615	-0.092815062	0.0477982354	0.0375889875	-0.0965520355	-0.0052978744	0.10513123	-0.0163682043	0.0187508297	-0.023462746	-0.1435968405	-0.033684489	0.0177194844	-0.0031195351	0.0322867464	-0.036248063	-0.0562719051	-0.0610285047	-0.0126864726	-0.0836152973	-0.0086958488	-0.0534886263	0.0618422287	0.1047770914	-0.0696078503	0.0093250182	0.0058304751	-0.0614810534	0.0286906615	0.0085781358	0.1358346553	-0.0538945214	0.0048903731	0.0408150676	0.0053042566	-0.0057439998	-0.0251307282	0.0167067628	0.0060894305	-0.0677077982	-0.0065429369	0.0825324122	0.1446262988	0.0141847269	-0.0740147222	-0.0383301349	-0.0081203006	0.0839480374	0.0282777164	-0.0779885818	-0.0196233971	-0.0568094488	0.0366123044	0.0902762737	0.0123609449	-0.0719697656	0.1041331962	0.066563665	-0.0814419588	-0.0436990299	0.0230720519	-0.0521391675	0.0009122803	0.0530701302	-0.0148475491	0.0631606158	0.0584636297	-0.0320706138	0.0426721137	0.0370559365	0.0016444022	-0.0689767688	-0.0527333744	-0.0610565531	0.1106882998	-0.0440088629	-0.0689150546	0.0017416961049008	0.002127803250147	4.527546671336137e-06	3.033505321826618e-06	-0.044890554794577	0.0193784051241863	0.000375522585157	0.0020151619097649	0.8093933584741109	0.0304979211630893	0.00093012319527	0.6551176087420005	-0.0142509154386998	0.0001955611229041	0.0002030885908409	3.824415279155135e-08	0.0002987994680641	0.0001977234826849	8.928112211538911e-08	3.9094575605045945e-08	-0.0003908922029251	0.0001729065517114	1.5279671430763759e-07	2.9896675624727045e-08	0.0	0.0	0.0	0.0	0.0	0.0	0.0	0.0	0.0	0.0	0.0	0.0	0.0	0.0	0.0	0.0	0.0	0.0	0.0	0.0	0.0	0.0	0.0	0.0	0.0	0.0	0.0
1023.4842286427564	-1.2929425237276746	1047519.966280458	1.6717003696632884	1679.888906926694	-22.22904308153238	2822026.739615363	494.1303563206226	922.0853356617008	0.4877427449158631	0.2378929852180607	850241.3662423515	1015.4874336781896	1144.5424197829705	1.189258	27.717005	0.2025874675296342	0.1183992767214994	0.0295778251	0.084294877	-0.0425202729	0.0949612873	0.0057079087	0.1227141738	0.0247170524	-0.0484904744	0.067304955	0.0480363271	0.0269830123	-0.0199128556	-0.130166382	0.028234999	0.0195562475	0.0493448519	-0.1101640053	0.0105613549	0.0114104247	-0.0127832023	-0.1072751291	-0.0207403419	-0.0072053677	0.0876550481	0.0520862391	0.0717778487	0.0334104633	-0.0271285095	0.0381505058	-0.0429896782	-0.0150854644	-0.0301294169	0.0247442376	0.1202264337	-0.0554396782	0.0146086937	-0.0492664964	0.0559856907	-0.0548811373	-0.0674646649	0.0049036024	0.0925749455	-0.0857105503	-0.1119057218	-0.01568667	-0.0025069682	0.0442850453	0.0284991779	0.0560166346	-0.1394101658	-0.052921036	0.1211255564	-0.0743127775	0.0714203939	0.2064057938	0.0783248911	0.0193980931	-0.1323549949	0.0529358365	0.0426491623	0.0292592567	0.082812749	0.0821006168	-0.0212636468	-0.1103482344	0.0863693905	-0.0310191172	-0.0083961383	-0.0467217119	0.0060283081	-0.1058513209	0.081771008	0.0108840903	-0.0364464377	0.062019289	0.0570980814	-0.0168430816	0.0076226339	0.0028265702	-0.0455765168	-0.034963087	0.0555264182	-0.0225085946	-0.0950974027	0.0124798571	-0.0565910088	-0.0956697412	-0.0281023523	-0.0282023007	0.00933662	0.0307081716	-0.056305271	0.1070927803	0.0164306048	0.1109371134	-0.1004705763	0.0961286079	0.0544626063	0.0009765166	-0.1687493217	0.0420796086	-0.0468066079	0.1210777723	-0.0147723146	0.0023321139	0.0559980143	0.0304733765	-0.0959024409	-0.1003742548	0.0233669464	0.0101355543	-0.1272990257	0.0438764896	-0.034835469	0.1187122722	-0.0009464865	0.0349256713	-0.010534164	0.0263210193	-0.0630269818	-0.0061990774	-0.0627811267	-0.0219008779	-0.0601776656	-0.0546199342	-0.0574110412	0.1110641056	-0.0517826133	-0.0601535728	-0.0085791817299565	-0.0103208778348573	0.000106520519282	7.36023591556194e-05	0.0535663154330023	0.0984568702275792	0.0096937552950103	0.0028693501490679	0.7599022456683429	-0.049491112805768	0.0024493702467532	0.5774514229717905	-0.0136254048175767	0.0006255106211231	0.0001856516564428	3.9126353713780653e-07	8.498701753700821e-05	-0.000213812450527	7.22279314983574e-09	4.571576400040007e-08	-0.0004379412645035	-4.70490615784e-05	1.9179255115492456e-07	2.2136141954080754e-09	0.0	0.0	0.0	0.0	0.0	0.0	0.0	0.0	0.0	0.0	0.0	0.0	0.0	0.0	0.0	0.0	0.0	0.0	0.0	0.0	0.0	0.0	0.0	0.0	0.0	0.0	0.0
1026.0894517441636	2.605223101407205	1052859.5629806384	6.787187408105775	1688.1927664051884	8.30385947849436	2849994.816542804	68.95408223858063	922.2196535629746	0.1343179012737891	0.0180412986025953	850489.0894178129	1016.3128254780016	1146.674488527962	1.267073	29.530588	0.1969328481600697	0.1183381852334883	0.0042887269	-0.100103929	0.0313521149	-2.36905e-05	0.0110631657	-0.0631734889	0.090764503	0.1062198079	-0.0622930528	0.0226682014	0.0233652714	-0.0390597292	-0.0485914208	0.0354304949	0.0140599313	-0.0008151667	-0.0189309915	0.0236806072	0.0708825087	-0.0568323577	-0.014091371	-0.0400033829	-0.0301261295	0.1121724417	0.0497786241	0.0472460717	-0.0877870212	0.1073553984	0.1100532238	-0.020914567	0.0315637287	0.0526639917	-0.0404646717	0.0323505189	-0.0389880255	0.0568195851	-0.0357909718	0.0521152845	0.0065804319	-0.0198038365	0.1072075908	-0.0537997487	0.0863301398	0.115255784	-0.1408430449	0.0365026025	0.1029213927	0.0276712767	0.0547653809	0.0691589142	-0.0119243522	0.0839796412	-0.0151567154	-0.008532946	0.0950771594	-0.1320253635	-0.0682289452	-0.1002242814	-0.0664780006	-0.0679745847	0.0445444148	0.0434694984	0.0125221687	-0.0691588159	0.0828736431	0.0039872372	0.0800571724	0.0289962541	-0.0344453712	0.0471178013	-0.1043869687	-0.025266333	0.0252895772	0.1532059795	0.0432463864	0.0421161724	0.0076605805	-0.1254980727	0.0242967221	0.0531582594	-0.0372775877	-0.0259360083	0.0920900042	0.0033390545	0.0427451996	0.0215087622	-0.0188616145	-0.0479364436	-0.0727634479	0.0348824421	-0.0241997865	0.0642842204	0.0701048609	0.0132595732	-0.025019901	0.0849015407	-0.0629860616	0.0136447246	-0.0590421012	0.0757405702	0.028897161	0.0093968471	0.006762486	-0.0095878549	0.007909608	-0.1097986081	-0.0833378756	-0.0343194074	0.0434959526	-0.0130635265	-0.0463555893	-0.001790712	0.0987243432	-0.0511375861	0.1089405237	0.0443615892	0.0473111254	0.0534223345	0.0057033648	-0.0549955795	-0.0159208257	0.0508142201	0.0428242914	0.0919592007	-0.0564859537	-0.0536791777	0.1110641056	-0.059244937	-0.0508269837	-0.0121545395318065	-0.00357535780185	1.278318341124967e-05	0.0001477328312302	-0.0477888954171561	-0.1013552108501583	0.01027287876648	0.0022837785251918	0.705388911805926	-0.0545133338624168	0.0029717035687953	0.4975735168987484	-0.0135003674814073	0.0001250373361693	0.000182259922133	1.5634335436339378e-08	0.0004527413356192	0.0003677543180821	2.0497471697825714e-07	1.3524323846809794e-07	-0.0001809540058422	0.0002569872586613	3.2744352230338955e-08	6.604245111424993e-08	0.0	0.0	0.0	0.0	0.0	0.0	0.0	0.0	0.0	0.0	0.0	0.0	0.0	0.0	0.0	0.0	0.0	0.0	0.0	0.0	0.0	0.0	0.0	0.0	0.0	0.0	0.0
1026.6402988576422	0.5508471134785395	1053990.3032385088	0.303432542427639	1689.164498436969	0.9717320317806752	2853276.7027798174	0.9442631415885993	923.2073460840564	0.98769252108184	0.9755365162010008	852311.8038635667	1013.9780657117648	1147.370027039662	1.301016	30.321667	0.2119485555129683	0.1321504747982195	0.0443009564	0.0933533836	-0.0390765966	0.0201508009	-0.072789165	0.037965759	-0.0808729522	-0.0218148136	-0.0413336961	0.0011307344	-0.0394044795	0.1124485439	-0.0089849142	0.0345804425	-0.0690816141	0.0461745423	0.1396560027	-0.0313893715	-0.0031353512	0.0056491439	-0.129344445	0.0317328828	0.0084730013	0.0239541266	-0.0633813669	0.0484927759	0.0447763664	0.0866385571	-0.0054759548	-0.0410865201	0.0888822755	0.010856796	0.068793853	-0.0800224455	-0.0420324604	0.0196574678	0.0396488128	-0.0491820325	-0.0570084033	0.0866077372	0.1017575176	-0.0846855654	0.0141730455	-0.0797267934	-0.0323445526	-0.0013136552	-0.0311199439	-0.1522313934	-0.0340148713	-0.0026619874	-0.0735942917	0.0178878838	-0.0528423199	-0.1307798577	-0.1027083134	0.059203497	0.0067236054	0.0264336913	-0.106355284	-0.1116693645	0.0253403029	-0.0770713355	-0.039298723	-0.0125839179	-0.0787233943	-0.0471211291	-0.0881114848	0.0273728495	0.1317524834	-0.0474031079	-0.0353624123	-0.0548402854	0.0027324571	-0.0250575512	0.057088407	0.0511408692	-0.0055383061	-0.0663314586	-0.0323493605	0.0724965089	0.0292752529	-0.0083510492	0.0559346687	-0.0333154518	0.084585741	0.1134203006	0.0187004634	-0.0715866923	0.0058439994	0.0038740604	-0.0362872918	-0.0234308316	-0.0693048955	-0.0387138675	-0.0460066288	-0.0392530994	-0.0252284995	-0.0696238492	0.155461043	-0.0516391454	0.0099741897	-0.0811443213	-0.156261733	-0.0243989368	0.0474425577	0.0454837778	-0.000561661	0.0632441894	-0.0801745088	-0.0851983807	0.0719278053	-0.0782340812	-0.0320888737	-0.0296193479	0.0500821612	0.0252039637	-0.0098054717	-0.0872665554	0.0506910099	-0.0314789784	0.0156491662	0.0408979449	0.0521282418	-0.0813480728	-0.0583307311	-0.0498665756	0.1106882998	-0.0663509546	-0.0410229053	0.0073359388196081	0.0194904783514146	0.0003798787463669	5.3815998365033086e-05	-0.0344808773430003	0.0133080180741557	0.000177103345062	0.001188930902343	0.814264839223199	0.108875927417273	0.0118539675709713	0.6630272283951821	-0.0146144776263758	-0.0011141101449684	0.0002135829562918	1.2412414151217293e-06	0.0002922934013325	-0.0001604479342867	8.543543246252193e-08	2.5743539616869205e-08	-0.0003118785599895	-0.0001309245541473	9.726823618112417e-08	1.7141238878669288e-08	0.0	0.0	0.0	0.0	0.0	0.0	0.0	0.0	0.0	0.0	0.0	0.0	0.0	0.0	0.0	0.0	0.0	0.0	0.0	0.0	0.0	0.0	0.0	0.0	0.0	0.0	0.0
1027.82159760864	1.1812987509979394	1056417.2365107774	1.3954667391092914	1684.432279868748	-4.732218568221015	2837312.1054638284	22.393892577415752	923.1070429644752	-0.1003031195812127	0.010060715797723	852126.6127706175	1016.228428795989	1147.3745244851043	1.419897	33.092316	0.2243024268361062	0.1090791127515069	0.0026843641	-0.1287962959	-0.0128212473	-0.0153992423	-0.0339161123	0.0358276463	0.0576399812	0.1352588665	-0.0499049353	-0.0156404493	0.0051870607	-0.1176235952	0.1032653736	0.0392177512	0.01210055	0.0151395271	0.0096879716	0.0190018728	0.0441438663	-0.0434008642	0.0517969393	-0.0313188994	0.1088265372	0.012573277	0.0236011737	0.0117902811	0.1077275377	0.0938617122	0.13917818	0.0660752962	0.0604308548	-0.0113870464	0.0599567607	-0.0274172028	-0.0018095958	0.0519943172	-0.0334709829	-0.1476745647	-0.0090091601	-0.0176533525	0.0093592745	0.0211056831	0.0041834154	0.1472238867	0.077684035	0.0317420002	-0.1371513854	-0.0982318152	0.0007019679	-0.0266617732	0.181007878	-0.0057452335	0.0329268792	0.1102742739	-0.0053190402	0.0477198864	-0.0405505748	0.0532386613	-0.0076766546	-0.0705199004	0.03883798	0.0102388111	0.0631066122	-0.0526685223	0.0518417413	-0.0121045645	0.0923286217	-0.0186665074	0.0266983877	-0.1802227108	-0.0450913502	-0.0408005232	-0.0609053843	0.0907653858	0.0296438015	-0.0104717135	0.0416753085	0.0341393468	-0.0009849698	-0.0636384047	0.0401926242	-0.0607020408	0.0248769023	0.0310602336	0.109373111	0.0147097648	-0.0767580427	-0.0202363936	0.0721004959	-0.1003608736	-0.1214773653	-0.0144000191	-0.0199466753	-0.0237991193	0.0295637047	-0.0958421382	-0.0485830389	-0.0387404335	0.0032281202	0.1462854219	0.0438428195	-0.08743417	0.2180324258	0.0171760252	-0.0088379922	0.0023595999	0.0461421478	0.0286216676	0.0756787105	0.0891535668	-0.0167829837	-0.0320727444	0.0523734585	-0.0848171581	-0.0016689989	-0.0301211126	-0.0047704983	0.0399651635	-0.0739542687	0.0598687809	-0.0187298657	-0.0338886749	-0.048689348	0.0018846352	-0.0601535728	-0.0459789694	0.1099379598	-0.0730579298	-0.0308334408	-0.005738278617855	-0.0130742174374631	0.000170935161602	3.292784149613189e-05	-0.1003652308777844	-0.0658843535347841	0.0043407480406964	0.0100731795691509	0.755747338724305	-0.058517500498894	0.003424297864638	0.5711540399888694	-0.0136824597266807	0.000932017899695	0.0001872097041722	8.686573653520654e-07	-0.0004051193950265	-0.000697412796359	1.6412172422663737e-07	4.8638460852528e-07	-0.0002047821487443	0.0001070964112452	4.193572844433261e-08	1.1469641301601e-08	0.0	0.0	0.0	0.0	0.0	0.0	0.0	0.0	0.0	0.0	0.0	0.0	0.0	0.0	0.0	0.0	0.0	0.0	0.0	0.0	0.0	0.0	0.0	0.0	0.0	0.0	0.0
1028.2847338034976	0.4631361948574977	1057369.49377333	0.214495134987082	1690.0567119764246	5.624432107676512	2856291.6896965634	31.63423653386245	923.2159740132618	0.1089310487865304	0.0118659733897334	852327.7346732556	1014.204030054996	1159.8494960779	1.393318	32.472878	0.0672378324321866	0.0386396655778752	0.047064805	0.1037516345	0.072452098	-0.0591197065	-0.0189447563	0.0427841809	0.0472247909	-0.1039537785	-0.0287302493	0.0116004461	-0.0590582483	-0.0062298548	0.0375147065	0.0351047968	-0.0115054874	0.0140350138	0.0760984537	-0.0179389832	-0.0467477441	0.0024124945	-0.0657272032	-0.0043284226	0.06794898	-0.0860205071	0.0869286989	0.0117087118	0.0095843669	-0.0726709595	-0.1739433097	0.082172648	0.0900439065	0.0246628402	-0.0722481153	0.0168350456	-0.0448181254	0.0183826736	0.0796941848	0.0124021451	-0.0660199496	0.0908470671	-0.0091376442	-0.0109308315	0.0483124565	0.093695387	0.0224555731	-0.1105660503	-0.0471429617	-0.0216734532	0.0027160985	0.0248121514	0.0518247489	0.0420614708	-0.0808237238	0.0220531077	-0.016605822	0.0251062932	-0.001819041	-0.0676361755	-0.0568936862	0.0346655811	0.0309786465	-0.0298492081	-0.0278445536	0.0625061354	-0.0607599314	0.0233733353	-0.0281094919	0.054308237	0.0391720481	-0.0221868398	-0.0326193524	0.049519247	-0.0379789588	-0.0081918073	-0.0166767726	-0.05741439	0.1431497709	0.0723752185	-0.0156135832	0.1436949217	0.0337301891	-0.1023947664	-0.0443556013	0.0278251422	0.0101550554	0.1088489481	0.10922483	-0.0385941279	-0.1276019616	0.0095141295	0.069922067	-0.0344797475	0.003318614	0.0261057433	0.0802499645	-0.0545223969	-0.0753884349	-0.0670931505	-0.0317616307	0.033871323	0.0180704119	-0.0365664061	-0.0411130412	-0.0072645022	0.0336039179	-0.0740581121	-0.0001822334	0.0019605541	-0.0585864661	-0.0869473097	0.0562046195	0.1424601318	-0.02974737	-0.0393476204	-0.026843568	0.0278522629	-0.0474814709	-0.0511512842	-0.0138785143	-0.0072145581	0.0395011972	0.0475167849	0.0444948055	-0.0420235324	-0.0619537931	-0.0420222065	0.1088156246	-0.0793255261	-0.0203543145	-0.000996988680626	0.004741289937229	2.2479830268868976e-05	9.939864292963723e-07	-0.0842915809660951	0.0160736499116893	0.0002583622214835	0.0071050706217637	0.7449208898363366	-0.0108264488879683	0.0001172119955237	0.5549071321145596	-0.0136314490400622	5.101068661849881e-05	0.0001858164029318	2.602090149290693e-09	0.0002468448277666	0.0006519642227931	6.093236899512243e-08	4.25057347802211e-07	-0.0001958281842499	8.953964494400003e-06	3.834867774661279e-08	8.017348016697589e-11	0.0	0.0	0.0	0.0	0.0	0.0	0.0	0.0	0.0	0.0	0.0	0.0	0.0	0.0	0.0	0.0	0.0	0.0	0.0	0.0	0.0	0.0	0.0	0.0	0.0	0.0	0.0
1025.3390510283866	-2.9456827751109813	1051320.1695637924	8.677047011585532	1693.6880358488663	3.631323872441726	2868579.1627775906	13.186513066565173	922.328820411879	-0.8871536013828063	0.7870415124464831	850690.452962368	1014.3080254958686	1150.5802843736965	1.308596	30.498327	0.1162597233042909	0.056835726804168	0.0171746886	-0.0543109775	-0.1100200029	-0.0056992719	0.0183655939	-0.0524248996	-0.0546692587	0.0568283107	0.0750634926	-0.0872195349	-0.0142579372	0.0386898623	0.0129897375	0.0094327928	-0.0208947663	0.0234409347	0.0618443425	-0.0272066759	0.0492632262	0.0023088107	-0.0963208979	0.05525753	-0.0158830588	-0.0139815007	-0.0486188291	0.0431705646	-0.0208404343	0.0221102307	0.0090163218	-0.0507902239	0.1191611393	-0.0045267975	-0.0012334756	0.0152680351	0.0886125405	0.1063538674	-0.0322541078	0.074219298	-0.0376103533	-0.0038481771	0.0037764367	0.0782797612	-0.0700669485	0.0310153768	-0.0447343526	-0.0744043371	0.0604342593	0.0690782794	0.0819404337	-0.005537956	-0.0925929032	-0.0067376991	0.1129429202	-0.125243882	-0.1922215298	0.044927177	0.0573943819	-0.038839576	0.0809819201	0.0928576203	0.0078260494	-0.0252497982	-0.0494782914	-0.0243715881	-0.0024203559	-0.1524397662	-0.0646520259	-0.027704357	0.0303940366	0.0175869033	0.0194230021	0.0390113374	-0.0139295308	-0.0411661669	0.0181960627	0.0035166674	0.0113928924	-0.1056227571	-0.0215571317	-0.0170071309	0.0933511928	0.0193504847	0.0080797392	-0.0130240892	-0.0039415254	-0.0201225523	-0.0452619312	-0.002777744	-0.1208868807	0.0482252335	-0.0541376665	-0.0581212193	-0.0683581711	-0.0549527652	0.0828943085	0.0439277839	-0.1136011331	0.0724620437	0.1113196891	-0.0385319779	0.0194941331	-0.0333157259	-0.0303467298	0.0158136009	0.0646448029	0.0764019641	0.0469785879	0.0100918432	0.0453092745	-0.0249908403	-0.0672975354	-0.0707128325	-0.1831208373	0.0906735056	0.0886719905	-0.0078301514	0.0736421894	0.0481047901	-0.0050164364	-0.0024308534	-0.0095861264	-0.031375749	0.0270251656	-0.0144498975	-0.0637307152	-0.0380022381	0.1073250918	-0.0851160492	-0.0096839714	-0.0116631004457872	-0.0106661117651611	0.0001137659401869	0.0001360279120085	-0.0422051822795594	0.0420863986865357	0.001771264954402	0.0017812774112508	0.7394789206698675	-0.0054419691664691	2.961502840880047e-05	0.5468290741150722	-0.0142063022511149	-0.0005748532110526	0.00020181902365	3.304562142575998e-07	0.0004039619314424	0.0001571171036757	1.6318524205467425e-07	2.468578426747207e-08	-0.0006251627432439	-0.000429334558994	3.9082845554023843e-07	1.8432816354657248e-07	0.0	0.0	0.0	0.0	0.0	0.0	0.0	0.0	0.0	0.0	0.0	0.0	0.0	0.0	0.0	0.0	0.0	0.0	0.0	0.0	0.0	0.0	0.0	0.0	0.0	0.0	0.0
1025.5055018614096	0.1664508330229637	1051661.5343480215	0.0277058798140385	1689.352538001019	-4.335497847847364	2853911.997650484	18.796541588689124	921.5584771717266	-0.7703432401523287	0.5934287076483884	849270.0268470718	1015.5655344262756	1149.0181380390566	1.272216	29.650436	0.16420791345885	0.0982382932948114	0.0037448821	-0.0714830437	0.0592664613	-0.0221777865	0.0193035675	-0.0447549774	0.0839077146	-0.01635124	-0.0459416254	0.0214295809	0.0439931082	-0.0861451175	-0.0628862346	0.0297243924	0.0197321119	0.0094592198	-0.080563884	-0.0052327241	0.0876852356	-0.1005156261	0.0609464283	-0.0313003747	0.0051510165	0.0260649521	0.0375258672	0.1251676905	0.0052334056	0.0305472304	0.0396260308	0.0378554854	0.0091448024	-0.0325249219	-0.0206417186	0.020339345	-0.1183900189	0.0149903441	-0.0170646552	0.0356103219	0.0356853175	-0.1261607881	-0.1061206383	-0.0035053926	-0.0012881158	-0.0203201457	0.0437511357	0.0119736498	0.0591559153	0.0565640638	0.0422282365	0.037136548	-0.0729861485	-0.0309843636	0.081522781	0.0996057178	-0.0677194685	-0.1558222556	-0.0641612136	0.0102291409	0.0167415069	-0.0210687505	0.0323151299	0.0362229721	0.0164316138	-0.0534487816	0.061362173	0.0626597053	0.1313550153	0.0093802179	-0.073652317	-0.0050119102	-0.1004571485	0.0448605062	-0.0458915591	0.0075288557	0.0271012253	0.0407762871	-0.0516919475	0.0204623143	-0.0576585533	0.0291208123	-0.0609746477	0.0367573819	0.015244852	0.0102125956	0.0143354406	-0.0036464871	-0.0471455908	-0.0546451022	-0.0325015382	0.0138630382	0.0774362897	0.0376901829	-0.0106726324	-0.021059803	0.0018637845	0.1343892723	-0.0030330227	0.0130018173	-0.027611555	-0.0345951283	0.0347427211	0.0314443584	0.0431709005	0.0027059685	0.0331642124	-0.0826671262	-0.0290128471	-0.0233472004	0.0438170631	-0.0388884416	-0.0439889198	-0.0068716339	0.1461666365	-0.0147171602	0.1120663107	0.064346064	-0.0003623733	-0.0083994762	0.0436169348	-0.0593715159	-0.035057009	-0.0360447761	-0.0028266271	0.1128650564	-0.0654836707	-0.0339251109	0.1054714048	-0.0903946745	0.0010773469	-0.0176909208337576	-0.0060278203879704	3.6334618629631626e-05	0.0003129686799462	-0.0241823256501589	0.0180228566294004	0.0003248233610839	0.0005847848738503	0.6751327361003234	-0.0643461845695441	0.0041404314686578	0.4558042113543089	-0.0129822701545845	0.0012240320965303	0.0001685393383666	1.4982545733366062e-06	0.0002539940103374	-0.0001499679211049	6.451295728727525e-08	2.2490377360555495e-08	-0.0007673837630472	-0.0001422210198033	5.888778397884812e-07	2.0226818473890666e-08	0.0	0.0	0.0	0.0	0.0	0.0	0.0	0.0	0.0	0.0	0.0	0.0	0.0	0.0	0.0	0.0	0.0	0.0	0.0	0.0	0.0	0.0	0.0	0.0	0.0	0.0	0.0
1024.773548402885	-0.7319534585246856	1050160.82550624	0.5357558654462486	1691.7300696663235	2.3775316653045597	2861950.628613224	5.652656819525871	921.7203542820838	0.1618771103571816	0.0262041988575911	849568.4114978901	1014.398141686002	1150.704950477343	1.173152	27.34164	0.1599250093693684	0.0739818287631186	0.0366855997	0.1150339674	0.0575814235	0.0340392542	-0.0007370618	0.0444670713	0.0155878964	-0.0871287686	0.027629011	0.0603640765	-0.0166966959	0.0767335654	-0.0371283568	0.0282782967	-0.0511095798	-0.0235677311	0.0247879954	-0.0107433481	-0.0416727695	0.0057258199	-0.0752206503	0.0006079986	0.0277294387	0.0389117793	0.0603703266	-0.0105474413	-0.003973715	-0.045430595	-0.0083591263	-0.0288480101	0.0893136983	0.1102318656	0.032324436	0.037304281	-0.0142315483	-0.0428594186	0.0495341135	0.0719654005	-0.1169898406	-0.0190423963	0.0311467185	-0.0743993079	-0.0631923227	0.1039709955	0.0390887905	-0.0263447447	-0.0007151274	0.02117714	-0.01173768	0.0890643273	-0.0040654496	0.0272406689	-0.0695602879	0.0183431022	-0.0414022352	-0.0020627971	0.0574758936	-0.0124317171	-0.0370529411	-0.0463916547	0.0286578667	-0.0206686209	-0.0031490999	0.0351737716	-0.0742105285	0.0457483157	-0.0781517706	0.0326504062	0.0342220179	0.0795089084	-0.0304867418	0.0682585207	0.032207939	-0.0121018383	-0.0346622536	0.0031911078	0.0367803634	0.0404033082	0.0365870825	0.017712121	0.0170116201	-0.0363106594	0.0373115262	-0.0984025779	-0.0171875904	0.0924058075	-0.0192812716	-0.0269226815	-0.0748525182	0.0067067605	0.0511992391	-0.05118983	-0.0165539264	-0.0007040826	-0.0561477416	0.0587411333	-0.1293693605	-0.0065962072	0.0086822555	0.0139692288	0.0197776884	0.0094247959	-0.0732375491	-0.04891827	0.0212543704	-0.0519086044	-0.0365719416	0.033741843	-0.0959819174	-0.0603096262	0.0350919816	0.1097404446	0.001562508	-0.0159532415	0.0237391781	-0.0431482192	-0.099678465	-0.0687175602	-0.0114714301	-0.0209095592	-0.0283897066	0.0256218144	-0.0081616274	0.0213081643	-0.0672120005	-0.029796957	0.103260836	-0.0951296555	0.0118285441	-0.0057708905594324	0.0119200302743252	0.0001420871217408	3.3303177848945995e-05	-0.0608803618582811	-0.0366980362081222	0.0013467458615326	0.0037064184599952	0.7224824080778944	0.047349671977571	0.0022419914363835	0.5219808299820332	-0.01323344807578	-0.0002511779211955	0.0001751241479743	6.309034809609285e-08	-0.0003745814280513	-0.0006285754383887	1.4031124624095126e-07	3.9510708174554643e-07	-0.0003679917044444	0.0003993920586028	1.3541789453989466e-07	1.5951401647498245e-07	0.0	0.0	0.0	0.0	0.0	0.0	0.0	0.0	0.0	0.0	0.0	0.0	0.0	0.0	0.0	0.0	0.0	0.0	0.0	0.0	0.0	0.0	0.0	0.0	0.0	0.0	0.0
1025.6404436818907	0.8668952790058029	1051938.3197159856	0.7515074247625488	1685.127006199049	-6.603063467274524	2839653.02702137	43.60044715285545	922.1788600140212	0.4585057319374073	0.2102275062194576	850413.8498567598	1014.6319734639332	1142.4897526349905	1.345823	31.365938	0.0539886079129822	0.0283254294565985	0.0246839466	-0.057312207	-0.1337166962	0.0291635709	-0.0165820361	0.0219553069	-0.0827117099	0.1143866538	-0.003230544	-0.0344554752	0.0427964884	0.041983675	-0.0275865658	0.0273172961	0.0004976636	-0.010516972	-0.0344885583	0.0006168864	0.0601112254	-0.0192525683	-0.1280007165	0.0213289573	0.1296810637	0.0091446007	-0.0463264797	-0.0475800712	0.0319065402	0.0901153717	0.0285686043	-0.0766336778	-0.068504169	-0.0923083448	-0.0146700152	0.0404385976	0.0878609559	0.0921775056	-0.1024084198	-0.0278344703	-0.0610757799	-0.0109872144	-0.0449291226	-0.0429735852	-0.1284043383	-0.075644188	0.0211441904	0.1186292064	-0.0064193084	0.0809064097	0.0369873316	-0.0159906669	-0.026597664	-0.0584740188	0.0266847421	-0.0808846117	-0.0844097022	0.0094710282	0.0087571143	-0.0576201446	0.0130617198	0.1560561599	0.0211607554	-0.0237074749	0.0424831955	-0.0237418041	0.0172688698	-0.0681717657	-0.0566256914	-0.1176243008	0.0286358333	-0.1203471755	0.0267495443	0.0366634413	-0.0282879149	-0.018973432	0.0243867866	0.0766482542	-0.1012663387	-0.1323372979	0.0578682421	-0.0767695378	-0.0126209214	0.0961185432	-0.0953307165	-0.0021086222	-0.0109511719	0.0429303863	-0.0185828312	0.0666296983	-0.0261194027	-0.0071299796	-0.0607731167	-0.0008360306	-0.0521252188	-0.0557994677	-0.0463522609	0.0402413895	0.0530335709	0.0891577188	0.0756604737	-0.0692896262	0.0366304822	0.0082633537	0.0352150278	-0.028914336	0.0555681399	0.0868646857	0.0790267846	0.1026165559	0.0503495161	0.0248282792	-0.0220737084	-0.0490929559	-0.1498126889	0.1131193461	0.0457781899	-0.0381144917	0.0223229994	-0.0096386727	-0.0105115779	-0.0031501828	-0.0526519173	-0.0420555851	0.0093035409	0.0753089079	-0.0689150546	-0.0256239856	0.1007008652	-0.0992925156	0.0224686191	-0.005699137440132	7.175311930039934e-05	5.1485101293373415e-09	3.248016756151433e-05	-0.0831132348415195	-0.0222328729832384	0.0004943006410888	0.0069078098058215	0.716930796566416	-0.0055516115114784	3.082039037437979e-05	0.5139897670653558	-0.0129594102254722	0.0002740378503078	0.000167946313392	7.509674340132083e-08	-0.0004601909765589	-8.560954850760002e-05	2.117757349062341e-07	7.328994795675121e-09	-0.0002049916972805	0.0001630000071639	4.202159595394016e-08	2.656900233543145e-08	0.0	0.0	0.0	0.0	0.0	0.0	0.0	0.0	0.0	0.0	0.0	0.0	0.0	0.0	0.0	0.0	0.0	0.0	0.0	0.0	0.0	0.0	0.0	0.0	0.0	0.0	0.0
1026.0777432597697	0.4372995778790027	1052835.5352130618	0.191230920813154	1692.2829440241276	7.155937825078581	2863821.5626349687	51.207446156390375	923.2740161929902	1.0951561789689777	1.1993670563339314	852434.9089771339	1016.1749959065144	1144.5018910632646	1.250693	29.148836	0.0743003861971911	0.0489586728246592	0.0091776573	-0.0434883181	0.1094432039	-9.49857e-05	0.0050739254	-0.0329996415	0.083329784	0.0020519188	-0.1030131306	0.028204847	0.0216750493	-0.0712457709	-0.0063669555	0.024744989	0.0383661165	0.0202672111	-0.0096805684	0.030693177	0.0105741813	-0.0298409459	0.0608149854	0.1372247335	0.0780925921	-0.0719560932	-0.0462200881	0.0203954701	-0.1736239549	-0.095469627	0.0263149813	0.0582307705	0.0807396853	-0.0317069122	0.0170001214	0.0193470837	-0.0425526155	0.0239915025	-0.1351219966	-0.0050948865	0.0266841209	-0.0023603834	-0.0415190805	-0.0892112388	0.0735777282	0.0562533975	0.0031859519	0.0308299684	0.0075179029	-0.0961307683	-0.0961263172	0.0357171147	-0.0367522015	0.0428610922	0.0365694296	0.0038890545	0.0445550068	-0.0765562407	0.0566250603	0.0380714408	-0.0095903978	-0.05158701	0.0270886275	0.0005753908	-0.0008701538	0.023808033	0.0290285374	0.0608856961	0.1147238407	0.0234531194	-0.039065682	-0.0166244648	-0.0528430638	-0.0623179121	-0.1677454085	0.0383752147	-0.0357212348	0.0127944707	-0.0587477993	-0.0928539157	-0.0863289248	0.1146451533	0.1499670195	-0.010794813	-0.0099180144	0.0065645832	0.0123935423	-0.0119807096	0.0313061621	0.0300861942	0.0090111627	-0.02465633	0.0775812596	0.0845869708	-0.0551989344	0.0868056799	-0.0586601401	-0.0336549304	-0.0271342472	-0.0379601681	-0.0639733669	0.0281029649	0.0375297443	0.0100932152	0.0606059313	-0.0567253165	0.0197252547	-0.0924091368	0.0225016796	-0.0578538064	0.0813178974	0.1155023497	-0.0831104207	0.0705365201	0.076323017	0.053867087	0.0474782372	-0.0173465546	-0.1013066306	-0.0469173794	0.0331447316	-0.0285960191	-0.0152295284	-0.0068204936	-0.0593174603	0.0354024864	-0.0705921926	-0.0214124734	0.0978001546	-0.1028582188	0.0328976148	-0.005702044951775	-2.9075116429995787e-06	8.453623954178109e-12	3.251331663206276e-05	-0.0437164720532052	0.0393967627883143	0.0015521049181987	0.0019111299287786	0.706390027315777	-0.0105407692506389	0.0001111078163952	0.4989868706911842	-0.0124723734724547	0.0004870367530174	0.0001555601000363	2.372047987898281e-07	-0.0004602410381397	-5.006158080000369e-08	2.118218131879088e-07	2.5061618721952987e-15	-0.0002048795789469	1.1211833360000053e-07	4.1975641869459044e-08	1.2570520729241003e-14	0.0	0.0	0.0	0.0	0.0	0.0	0.0	0.0	0.0	0.0	0.0	0.0	0.0	0.0	0.0	0.0	0.0	0.0	0.0	0.0	0.0	0.0	0.0	0.0	0.0	0.0	0.0
1025.4396084395594	-0.6381348202103254	1051526.3905566768	0.4072160487648643	1685.4868283810822	-6.796115643045368	2840865.84864612	46.187187833645964	921.004254068432	-2.269762124558156	5.151820102078753	848248.8360121489	1013.920522766878	1150.340657317195	1.167384	27.207222	0.123057704694171	0.0768701020471184	0.0434632312	0.0993565275	-0.0679367641	0.0099946049	-0.0445825951	0.1077918238	0.0196257228	-0.0121907662	0.0249233291	0.0303982631	-0.0132115189	0.036415139	-0.0493753042	0.0179817029	0.0080123842	0.0188496199	-0.0764672463	-0.0057885757	0.0328780926	0.052451751	-0.0790467291	0.0628018085	-0.100498318	-0.0233610052	0.0353434313	0.0143365639	-0.078156193	0.0345328751	-0.0251714074	0.0205421341	-0.0061082397	-0.0635146292	-0.0431425448	-0.0412734801	0.0202541681	0.1263930663	0.0139620843	-0.0692816602	0.190067305	-0.0244323732	-0.0103799085	0.130929824	-0.0631863049	0.048236742	-0.010335805	0.0837987914	-0.0955838994	0.0458113523	-0.2123630346	-0.0946095256	0.0095595237	0.1120074831	-0.0689750179	-0.0935538141	0.0349134859	0.1269666238	0.0107045073	0.0992184618	-0.0698562115	0.0199137063	0.0203045007	0.0217199131	0.060680938	0.017892937	-0.0724735705	0.0143793387	-0.0771718898	-0.0254592266	-0.030353725	0.067506046	-0.00282786	0.019092628	-0.0652205824	0.0289351297	-0.0328387133	-0.0731978588	-0.0068490998	-0.0801731316	-0.0811120683	0.0824943026	-0.0858568393	0.0506880075	0.0213272074	0.0782720648	0.0572599396	-0.0524994096	-0.0613880746	-0.0685740537	0.0367551492	-0.0677313939	-0.1504166802	0.1518868241	-0.068668527	-0.0479378794	0.091717141	-0.0317243444	0.0701189545	-0.1071850234	-0.0547370013	-0.1334380676	0.0249222225	-0.0043603676	-0.0114894399	-0.0452360142	0.0099983608	-0.0997044248	0.0425619001	-0.0036817388	-0.1626487361	-0.0062967217	0.0561414822	-0.0766967462	0.0279892834	-0.0339289826	0.0919965193	-0.0433734894	-0.0588042322	-0.0666146689	-0.0078471034	0.0012655317	-0.023571944	-0.0358238477	0.0332187349	-0.0089413965	-0.0722427837	-0.0171687548	0.0945685192	-0.1058053206	0.0430175569	-0.0131407276485617	-0.0074386826967867	5.533400026347386e-05	0.0001726787231336	0.0281675651168598	0.071884037170065	0.0051673147998672	0.0007934117246125	0.7223268826794964	0.0159368553637193	0.0002539833588841	0.521756125441479	-0.0127444664799553	-0.0002720930075006	0.0001624214258587	7.403460473072163e-08	-0.0004569222845016	3.3187536380999898e-06	2.0877797407416118e-07	1.101412571040192e-11	-0.0004854304070802	-0.0002805508281333	2.3564268011804875e-07	7.870876716628045e-08	0.0	0.0	0.0	0.0	0.0	0.0	0.0	0.0	0.0	0.0	0.0	0.0	0.0	0.0	0.0	0.0	0.0	0.0	0.0	0.0	0.0	0.0	0.0	0.0	0.0	0.0	0.0
1025.5333998071148	0.0937913675554682	1051718.7541199396	0.0087968206279249	1696.8827965777853	11.395968196703052	2879411.2253216454	129.8680911402674	922.5025312233876	1.498277154955531	2.24483443306164	851010.9201135571	1015.572371195934	1145.7328871721325	1.271406	29.63158	0.1533940978598637	0.1039872048477949	0.0019957789	-0.1174646902	0.0153567101	-0.0029433478	0.0282133911	-0.1013286497	-0.0400442694	0.0584051363	-0.0370060871	-0.0471311479	-0.0403191438	-0.0102025942	0.0251122944	0.0156562619	-0.0091511431	-0.0246443643	0.029910633	-0.0765086315	0.0742774439	-0.0530640461	0.0774279503	0.0852166933	0.012410073	-0.123189077	-0.074536903	-0.027828042	0.0517671578	0.1730684401	0.0284007548	0.0385110754	0.0568713144	0.0219443427	-0.0372407783	0.0051899181	-0.0564512995	-0.0635978468	-0.1383722126	-0.1023583063	-0.0741914463	0.0103423169	0.0109090045	0.0570313462	0.024475202	0.0246338222	-0.0107484524	0.0992825522	0.0470095034	-0.0058692641	0.0516719784	-0.0190730436	-0.0321188966	0.0587311472	-0.0031220627	-0.0103629867	0.0242300172	0.1323452406	0.0178892504	0.0166012481	0.039097616	0.1622336511	0.0111655732	-0.0365251167	-0.0777871869	-0.0404311198	0.0983408519	-0.0522867483	0.0203174826	-0.0494105683	0.0416212817	-0.0486084368	0.0053715982	-0.0720993185	-0.0577715603	0.0653665522	0.0219270856	0.0429989179	-0.1159086788	0.0307809436	-0.0046817064	0.074619614	0.0394386724	-0.0333212361	-0.0683745523	0.0606059033	0.0663336155	-0.028970742	0.0070608122	-0.0343568504	-0.0362102584	-0.1414498665	-0.1002274666	-0.1348064439	-0.0376001744	-0.0735418012	0.0119032194	0.0816739775	0.0534316164	0.0360779885	0.0149420736	-0.0029340351	0.0190787713	-0.0108374972	-0.0318385476	-0.0436546331	0.0764308054	0.0792765719	0.0360819266	0.0811651514	0.0945307734	0.0390575162	-0.0436556774	-0.0377427388	-0.016201265	-0.1192138227	0.0100541879	-0.0326342233	-0.06348415	0.090852471	-0.0182153481	0.0425260048	0.0078870619	-0.0711090655	-0.0091300368	-0.0340333462	-0.0738662073	-0.0128992127	0.0910168938	-0.1081160967	0.0527333744	-0.0057019896088945	0.0074387380396672	5.5334823622791824e-05	3.251268549994085e-05	-0.0707993732718392	-0.098966938388699	0.0097944548940325	0.0050125512556852	0.7328855507526839	0.0105586680731875	0.0001114854714797	0.5371212305020648	-0.0131894302305967	-0.0004449637506413	0.0001739610698077	1.979927393848614e-07	-0.0004601676096682	-3.2453251665999997e-06	2.117542289877449e-07	1.0532135436967314e-11	-0.000205044415722	0.0002803859913582	4.204321241877636e-08	7.861630414992062e-08	0.0	0.0	0.0	0.0	0.0	0.0	0.0	0.0	0.0	0.0	0.0	0.0	0.0	0.0	0.0	0.0	0.0	0.0	0.0	0.0	0.0	0.0	0.0	0.0	0.0	0.0	0.0
1025.292628588128	-0.2407712189867652	1051224.974237153	0.0579707798923728	1694.775261986774	-2.1075345910112446	2872263.1886423384	4.441702052308934	923.220307746393	0.7177765230054547	0.5152031369778001	852335.7366353447	1015.7688118244832	1148.908418827313	1.280088	29.83392	0.159632767544049	0.1148981444464907	0.0120986252	0.0860820507	0.0570580122	0.0418466715	0.0019471016	0.0597316967	0.004158227	-0.1103865632	0.0266448049	0.090234359	-0.0256403904	0.0002148969	-0.073080887	0.0306406878	0.0440394722	0.0421721005	0.0070389556	0.0065478082	-0.0534391247	-0.0415745383	-0.0782803503	0.0155547442	0.037449377	0.1096343317	0.1200094302	0.041058545	0.0180411706	-0.0101499247	0.0105822053	0.0878371036	0.0304441443	0.0206418702	0.0193359337	-0.0034445706	-0.0164271135	-0.1197050182	0.1407137857	-0.0601846597	0.0706760705	-0.041459023	0.1272181796	-0.0787705048	-0.0050482748	-0.1381946996	0.0143449578	-0.009153824	0.0473429409	0.0062749247	-0.0135044811	0.0591545005	-0.0735024981	-0.0285330184	0.0001355901	0.1592528389	-0.0396121676	-0.0027367521	-0.0583384693	-0.0061693868	0.047954952	0.0343457473	0.0262989623	0.0276949572	-0.0029562342	0.0625628639	-0.0792794234	0.0764534133	-0.0087016228	-0.0002909733	0.0048666946	-0.0477651055	-0.0870952287	0.0651670823	-0.0216862446	-0.0330970293	0.0875241866	0.0196266687	0.1159704792	0.0467091023	-0.0217908829	-0.0199266838	-0.0783485471	-0.0567470009	0.0710034262	-0.040137365	-0.0663434706	0.0204119898	-0.0036898809	-0.1557344337	0.0841319794	-0.0433446828	0.080654689	0.0336174114	0.0664133741	0.0279920152	-0.1383108602	-0.0015138905	0.0543183161	-0.0778657835	0.1108878358	0.0397030372	0.0318590697	-0.0209915524	0.1356047348	-0.0630722182	-0.000173328	-0.0422622418	0.0739173846	-0.0671349671	-0.1371741181	0.042509074	0.0607906718	0.1078618314	0.0706864033	0.001433776	-0.0334031058	-0.014592282	-0.0273116573	0.0121205533	-0.0220993722	0.0219733141	-0.0647996301	-0.0564205726	0.0017016999	0.0290029513	-0.0754618528	-0.008610269	0.0871572961	-0.1097766499	0.0619537931	-0.0056980250210614	3.964587833100303e-06	1.5717956686366954e-11	3.246748914064177e-05	0.0288938723805074	0.0996932456523466	0.0099387432286991	0.000834855861141	0.7259221987225146	-0.0069633520301692	4.848827149606277e-05	0.52696303859813	-0.0121303379649432	0.0010590922656535	0.0001471450991437	1.1216764271670645e-06	-0.0004602759332232	-1.0832355499997829e-07	2.118539347044877e-07	1.1733992567833321e-14	-0.0002048008994565	2.4351626549999963e-07	4.194340841819142e-08	5.930017156306632e-14	0.0	0.0	0.0	0.0	0.0	0.0	0.0	0.0	0.0	0.0	0.0	0.0	0.0	0.0	0.0	0.0	0.0	0.0	0.0	0.0	0.0	0.0	0.0	0.0	0.0	0.0	0.0
1026.0490720733776	0.7564434852495197	1052776.6983026392	0.5722067463764403	1689.5428613745648	-5.232400612209176	2854555.080421752	27.37801616664696	922.0433186174004	-1.176989128992659	1.385303409766898	850163.8814069888	1016.232218791608	1140.772369703478	1.346212	31.374998	0.1765675717822162	0.1106992291219484	-0.0046177139	-0.1129012662	-0.0678003815	-0.0023493609	-0.0159296085	-0.0452754925	0.0086290473	0.1146820406	0.0467787832	-0.0873471379	0.0124595195	0.0334911326	-0.0087151729	0.0199802302	-0.0044349564	-0.0464347207	-0.0457119184	-0.0170527823	0.0763263414	-0.0702707023	0.0200442933	0.0573501141	0.0161206252	-0.0927791892	0.0509326493	-0.0691836634	-0.0639312167	0.062559345	0.0798535517	0.02626701	0.0724924795	0.0529085607	-0.0083957975	0.0825987705	-0.0245624833	0.0927412249	-0.0308953276	0.0767797652	-0.0562941977	-0.0183658832	-0.0535967806	-0.0589218081	0.054041173	-0.0266055396	-0.0596838291	0.0641100531	-0.0668315737	0.0227584709	0.0439807189	0.0410908705	0.0152440569	-0.0533043206	-0.1565483183	0.0515426022	-0.0111916551	-0.1154321829	0.0851410573	-0.0153619511	-0.0765016841	0.0364851414	0.0221362677	0.0188877282	0.016592492	-0.0607572698	0.0946376051	-0.0853594199	-0.0085073441	-0.0582599378	-0.0267180633	0.0236745904	-0.0031663571	0.0730427243	-0.0268317474	0.0845440748	0.0063417445	-0.0573987932	-0.0060831344	-0.0273890842	-0.0001593278	-0.0159369832	0.02580307	-0.0558509516	-0.0407265368	-0.0187299623	-0.1056154459	-0.0075040861	-0.0364618149	-0.0100947865	-0.107502756	-0.0316570296	0.0501647114	-0.0055991438	-0.045955421	-0.0692152602	-0.1097289863	-0.0387829665	-0.0011236792	0.0952184624	-0.1749047363	-0.0149720962	0.0144510696	0.0291100809	-0.0483880853	-0.0539012276	0.0061209634	-0.1542255073	-0.0496287341	0.072674089	0.0303305732	-0.0395703003	-0.011723845	0.0620243197	-0.0575322686	0.0310104738	-0.0039791906	-0.0264197557	-0.0274544152	0.0668437996	-0.0652207083	0.03965409	-0.036823129	-0.0752630449	0.1110962868	0.0958620296	-0.0770291202	-0.0043083746	0.0830027857	-0.1107769935	0.0705921926	-0.0150523474729453	-0.0093543224518839	8.750334853381922e-05	0.0002265731644462	-0.070486845168233	-0.0993807175487404	0.0098765270205025	0.0049683953417704	0.6829296043309228	-0.0429925943915918	0.0018483631725199	0.4663928444715907	-0.0121653891053387	-3.5051140395500266e-05	0.0001479966920842	1.2285824430250702e-09	-0.0003297514964466	0.0001305244367766	1.0873604940877207e-07	1.7036628595848648e-08	-0.0005360240700844	-0.0003312231706279	2.873218037098459e-07	1.09708788760799e-07	0.0	0.0	0.0	0.0	0.0	0.0	0.0	0.0	0.0	0.0	0.0	0.0	0.0	0.0	0.0	0.0	0.0	0.0	0.0	0.0	0.0	0.0	0.0	0.0	0.0	0.0	0.0
1025.2917803906555	-0.7572916827220979	1051223.23493664	0.5734906927200666	1696.7846073979915	7.241746023426685	2879078.003902756	52.44288546781621	921.5560337607016	-0.4872848566988068	0.2374465315679767	849265.5233607553	1012.5703401876272	1139.990328225961	1.257709	29.31234	0.2080963193257281	0.121335752921217	0.0206670006	0.0500694007	0.1026806827	0.0016643306	-0.0249293161	-0.0071573085	-0.0538908934	-0.0921267569	-0.062923412	0.0403797724	-0.0500358577	0.0642886033	0.0390831758	0.0155961837	-0.0880537443	-0.0094063816	-0.0578391781	0.0112956983	-0.1217661585	-0.0391299483	-0.0086253601	0.0361239755	0.0806128676	-0.0441813801	0.0477017516	-0.0725933054	0.0227675146	-0.0756818296	0.0025725506	-0.0314393446	-0.077547422	0.1090460544	0.0497493304	-0.0795854588	-0.0029283113	-0.0545928075	0.0736444969	-0.0304398437	-0.0253655071	-0.0475940529	-0.1119263358	0.0208766187	-0.0470950905	-0.0461001744	0.0852209051	0.0258907091	-0.0618920042	0.0492325164	-0.1033449498	-0.043175909	-0.0905919492	0.0152580477	-0.0131098023	0.0406159952	-0.0028001818	0.0449518819	-0.0465305707	0.0652518164	-0.0490976983	0.0123419469	0.0059756774	-0.1117649658	-0.0431956253	0.0443293943	-0.0602711807	0.074942207	-0.0428188004	-0.1080784256	-0.0121914151	0.0201698266	0.0316450395	0.0178092891	0.0079704555	-0.0307433348	-0.0555287425	-0.0329754872	0.0155767648	0.0589207938	0.0564008974	0.0100111887	-0.0516582212	-0.0462923109	0.0185924514	-0.0829780226	-0.1073582544	0.0732762404	-0.0286672315	0.0374033987	0.0700054663	-0.0029783279	0.0476991798	0.005668364	-0.038095293	-0.0650439438	0.0074142616	0.0592535875	-0.0173051733	-0.0132384439	-0.0042485814	-0.1134219218	0.0112767945	0.0317616146	-0.1264605396	-0.0612331497	0.0839896678	0.0737713519	0.0448834078	-0.0188450279	-0.0821422301	0.0272652159	-0.0060096626	0.094176009	-0.0217349278	0.0415148232	0.0219933504	-0.0202155587	0.0329013051	0.0054210406	-0.0238351349	-0.0301383952	-0.0499436863	-0.0222451787	0.0209775803	0.1145747746	-0.0785674201	-0.0	0.0785674201	-0.1111111111	0.0785674201	-0.0056514649040906	0.0094008825688546	8.837659307339612e-05	3.1939055562167775e-05	0.0350175482111154	0.1055043933793484	0.0111311770223442	0.0012262286827177	0.7136311419011179	0.0307015375701951	0.0009425844091741	0.5092694066910934	-0.0130273979547269	-0.0008620088493881	0.0001697130974708	7.430592564235678e-07	-0.0002751919442585	5.455955218810002e-05	7.573060618477336e-08	2.976744734966009e-09	-0.0002028023555141	0.0003332217145703	4.112879540206741e-08	1.1103671106117052e-07	0.0	0.0	0.0	0.0	0.0	0.0	0.0	0.0	0.0	0.0	0.0	0.0	0.0	0.0	0.0	0.0	0.0	0.0	0.0	0.0	0.0	0.0	0.0	0.0	0.0	0.0	0.0
1027.0445296707214	1.7527492800659277	1054820.4659265534	3.072130038771627	1685.453637595799	-11.330969802192612	2840753.9644849105	128.39087665820088	922.41771095762	0.8616771969184356	0.7424875916892124	850854.4334882954	1017.0917484262412	1158.0400076757285	1.292918	30.132936	0.3408755562842017	0.2011780896796306	0.0222684346	0.0100092483	-0.1366879949	0.0078796881	-0.0090520753	0.0872668896	0.0047613588	0.0615565168	0.0614145931	-0.0013753522	-0.0022096568	-0.0395905454	-0.0474261544	0.0251353291	0.0519090595	-0.0413771433	-0.0433257842	0.0894054387	0.1032011743	0.0361066013	-0.0076090285	0.0241295434	0.0066072041	-0.0622295843	-0.0619343903	-0.0280806893	0.0059430788	-0.0893184755	-0.0517662442	-0.1480780068	-0.1347061633	-0.0745429844	-0.0154534528	0.0061781323	-0.0027010585	0.095107477	-0.0338853684	-0.0186941013	0.1166055052	-0.0199745284	0.139259874	-0.1852248181	-0.0549203288	0.1620482207	0.0690780964	0.0592715266	0.0188984227	-0.0124872163	-0.0367592259	-0.0649121292	0.0478561039	0.0648799832	-0.0469699464	-0.0029696628	0.0419598392	-0.0741211306	0.1794279862	0.0528060213	0.0680342826	0.0826174007	0.0287758913	0.06265179	0.1361400506	0.0038845516	0.0321890151	-0.0580401207	-0.0010658918	-0.0235223061	-0.0092328173	0.0143674729	0.0237238502	0.0257250405	-0.0603490045	-0.0793392566	-0.0376695169	-0.039520781	-0.0903876845	-0.0245390582	0.0257322892	0.0095755127	0.0405249046	0.0850853324	-0.0709726607	-0.0633178221	0.02437822	0.0098118963	0.1156604952	0.0884388909	0.018054671	0.063058635	-0.1259429122	0.1824746173	0.1337255465	-0.0392691837	-0.128723556	-0.0114451446	-0.0295471409	-0.1959670452	-0.0233556623	-0.0463249968	0.0282399517	0.0429017912	0.1323642333	0.0004322512	-0.0096921312	-0.1352804391	0.0512994601	0.0828223336	0.0050224592	-0.0269402072	-0.0199522944	-0.0039792274	-0.0728440259	0.1474205657	-0.0218900966	-0.0575626514	-0.0641894796	-0.0168411531	0.0349785972	-0.0311584584	-0.0384285941	0.0061256868	-0.067209442	0.1537932236	-0.080076174	0.0043083746	0.0738662073	-0.1107769935	0.0858045533	-0.0155993707885215	-0.0099479058844309	9.896083148549492e-05	0.0002433403689977	-0.1309963570420222	-0.1660139052531375	0.0275606167373977	0.0171600455582809	0.6434834197903996	-0.0701477221107182	0.0049207029173225	0.4140709115451476	-0.0114393694126099	0.0015880285421169	0.0001308591725581	2.521834650578241e-06	-0.0004591488323748	-0.0001839568881163	2.1081765027114218e-07	3.384013668543291e-08	-0.0003261373859991	-0.0001233350304849	1.0636559454632595e-07	1.521152974473587e-08	0.0	0.0	0.0	0.0	0.0	0.0	0.0	0.0	0.0	0.0	0.0	0.0	0.0	0.0	0.0	0.0	0.0	0.0	0.0	0.0	0.0	0.0	0.0	0.0	0.0	0.0	0.0
1026.7791826861278	-0.2653469845936342	1054275.4899975923	0.0704090222329343	1698.2150485826576	12.761410986858664	2883934.351232598	162.853610375517	921.9891569309324	-0.4285540266876069	0.183658553790162	850064.0054982115	1015.311906961618	1142.2191746963942	1.274194	29.696558	0.2224917333697491	0.1331899704130852	0.0047111119	-0.0843098893	0.0944137038	-0.0681245549	-0.0243603808	-0.0724732208	0.0184763244	-0.0013114198	-0.1099068582	0.0180815433	-0.0179175913	-0.0632506831	0.0043094209	0.0106615955	0.0103384634	-0.0290440458	-0.0291216742	0.0067886465	0.0703530917	-0.0063766794	0.0774066881	0.0776132805	-0.1017856275	0.0459417418	-0.0062762463	-0.0196529316	0.0502303402	-0.0164824804	0.0453212037	-0.0665863558	-0.094786796	-0.0928525765	0.0239786705	0.0493770945	-0.0750592871	-0.0180084293	0.0437161144	-0.0298148525	-0.0304117447	-0.0835934	0.0346568163	-0.0368947511	0.1361039217	0.0206762429	0.0302126228	-0.055171963	0.0090522747	-0.1710510848	0.0511707872	-0.0261753046	-0.057039891	-0.122296639	-0.0382516207	0.0097038877	0.0308982468	-0.1063389369	0.1535623553	0.0493237677	-0.011216502	0.028023429	0.0090366474	-0.0171292395	-0.0202703476	0.0022922345	0.0687750623	0.0514873862	0.0664736858	0.0132653307	-0.0053986512	0.0744691315	-0.0291422554	-0.0740130922	-0.0898155453	0.0106556529	0.0401267975	-0.0315377071	-0.1354603315	-0.0111829829	0.0010958062	-0.0605723906	-0.0249475226	0.071311447	-0.0021883519	-0.0126497153	0.093472445	0.0246630494	0.0492108952	-0.0422756158	0.0583027847	0.0317787797	0.1254515485	0.04326865	0.0732861141	-0.0780871379	-0.0140529169	-0.1129082517	-0.0396475956	-0.0369969274	0.0059914988	0.06242131	0.0069120448	0.0507922291	-0.1061093204	-0.0482571059	0.0486746409	-0.1040670953	-0.0237361032	-0.0159557185	0.0668248482	0.0703993108	-0.0511510364	0.0076113004	0.0970111186	0.0222934647	0.0681435992	0.0180703115	-0.0839517901	0.0010945543	0.0135777297	-0.0201818123	-0.0216933853	-0.0222086043	0.0018458982	0.0732657009	-0.0815548146	0.008610269	0.0689150546	-0.1097766499	0.0922356034	-0.0108675230795398	0.0047318477089816	2.239038274099535e-05	0.0001181030578843	-0.0184333001801348	0.1125630568618874	0.0126704417700924	0.0003397865555309	0.6904298904674846	0.046946470677085	0.0022039711090344	0.4766934336509428	-0.0123833789285651	-0.0009440095159551	0.0001533480736884	8.911539662139702e-07	-0.0003179983273722	0.0001411505050026	1.0112293621151689e-07	1.9923465062489007e-08	-0.0004059845274772	-7.984714147810004e-05	1.648234365508854e-07	6.375566002223724e-09	0.0	0.0	0.0	0.0	0.0	0.0	0.0	0.0	0.0	0.0	0.0	0.0	0.0	0.0	0.0	0.0	0.0	0.0	0.0	0.0	0.0	0.0	0.0	0.0	0.0	0.0	0.0
1025.9455784898885	-0.833604196239321	1052564.3300229518	0.6948959559878044	1684.1500674372137	-14.06498114544388	2836361.4496487714	197.82369462169183	922.409373447605	0.4202165166726672	0.17658192088451	850839.0522240034	1013.832707742868	1153.8670694191962	1.316756	30.688503	0.0826071601981319	0.0391430456745485	0.0222497703	0.1227340362	0.0276770519	-0.0132219371	0.0105237078	0.089067406	-0.0272164636	-0.0553130104	-0.0264128751	0.0036640585	-0.0270035701	-0.0085680266	-0.011941923	-0.0147293392	-0.0178732714	0.0224228919	0.0643539969	-0.0222337191	-0.0406307791	0.0535046016	0.0260724143	0.02446456	0.0568765117	-0.0650893344	0.0385520579	-0.1707186373	0.0980087758	0.0402007833	-0.1886362393	0.0559629588	0.044043223	-0.0237589761	-0.0955926356	0.0247848044	-0.0070070966	0.003063917	0.0861697441	0.0718081433	0.0190895282	-0.0307002373	-0.0196060289	0.0380586679	-0.0391366178	-0.094089923	-0.0015899011	-0.1218299967	0.0259775199	-0.0228981523	0.0785494712	-0.0053392646	-0.0573037853	-0.004349491	-0.0315799985	0.0050861699	-0.0608571422	0.0826274604	0.1618330295	-0.0398427332	0.0059469058	0.0452732252	-0.0176640746	-0.0451759837	-0.0036628325	0.0698919637	-0.0739535089	-0.0117229266	-0.046976755	-0.0208922634	0.089899908	-0.0415856457	0.0891082075	0.0489899708	-0.0320752531	-0.0070189322	-0.0199933462	-0.0758327137	0.0047838658	0.1076785282	0.0435504279	0.0348440118	-0.0512821139	-0.0463029459	-0.0572299138	0.0969563333	0.0346524633	0.0369278145	0.0923538414	-0.0274486704	-0.1257067317	0.024373283	0.063461537	-0.0292213415	0.0734627348	-0.011047304	-0.0361683163	-0.0193254399	0.0365657366	0.1882897373	0.015276799	-0.0655955734	-9.24325e-05	0.017540177	0.0030804878	0.039155531	0.0569667033	0.0803320394	0.0632657933	0.046255557	-0.0961459313	-0.0346787758	0.0195023192	0.0468656266	-0.0296258274	-0.0972891005	-0.0017976849	-0.0822515006	-0.0388057969	-0.0079483848	0.0031782704	0.0529009452	-0.0289324815	-0.0286441147	-0.0151113461	0.0070274745	-0.0830027857	0.0128992127	0.0637307152	-0.1081160967	0.0978001546	-0.0057994629501507	0.0050680601293891	2.5685233475103463e-05	3.363377051017066e-05	-0.0361509326451852	-0.0177176324650504	0.0003139145001666	0.0013068899311167	0.6798748604793872	-0.0105550299880974	0.0001114086580496	0.4622298259118662	-0.0129924368975529	-0.0006090579689877	0.0001688034165368	3.709516095875432e-07	-0.0005463463891242	-0.0002283480617519	2.984943769090517e-07	5.214283730589519e-08	-0.0002580618059051	0.0001479227215721	6.65958956670015e-08	2.1881131557297024e-08	0.0	0.0	0.0	0.0	0.0	0.0	0.0	0.0	0.0	0.0	0.0	0.0	0.0	0.0	0.0	0.0	0.0	0.0	0.0	0.0	0.0	0.0	0.0	0.0	0.0	0.0	0.0
1026.7786299353324	0.8330514454439708	1054274.3548918783	0.693974710756289	1687.115672302246	2.965604865032219	2846359.291727859	8.794812215502766	922.882242902823	0.4728694552179604	0.2236055216781306	851711.6342653452	1017.3313940735628	1155.4756615520878	1.347804	31.412119	0.1306952916895735	0.086730244915495	0.0080573552	-0.0605462987	-0.1360014381	-0.0420412707	0.0494134526	0.0088281636	0.0521697607	0.0790868784	0.1119943866	-0.0268454688	0.0320233188	-0.0376662431	-0.0408697191	0.0098060632	0.0778655512	-0.0143505539	-0.0199599082	0.0661323961	0.1282318946	0.0149919436	0.0527262709	0.013378525	-0.1079841106	0.0242413919	0.0348298794	-0.1049678779	0.0105802906	0.0661019588	-0.0194941858	-0.0290270675	-0.1323328477	-0.0854953445	0.0680970596	-0.0186746052	0.0482620506	0.1630793791	0.0890191765	0.0141553071	0.0515944766	-0.1237137375	0.0505665452	-0.0217859226	0.0131983641	-0.0639870694	-0.0404032068	0.00096412	-0.0787540662	0.0151172702	0.0372710812	-0.0097148425	-0.0324330156	0.0591222857	0.1022211594	0.082791979	0.1758972613	-0.002030152	-0.0419090457	-0.1392387261	-0.0554986186	-0.0024807897	0.0148069702	0.0912351797	0.0654538828	0.0102051063	0.0451390923	-0.0707895864	0.0581936511	-0.0012607664	0.006233514	0.0369165923	0.0626677485	0.0640630614	-0.0236241863	-0.0282654488	0.0019455404	-0.0701730169	-0.0694080754	-0.0555055592	0.007179277	-0.0766166128	-0.1478408635	0.0763083048	-0.0587232964	-0.0357469796	0.0148654688	-0.1167239588	-0.0279546103	-0.073245544	0.060335563	0.07312464	-0.0352601	0.0623121435	0.0230458452	-0.1222405186	-0.0667977491	-0.1013129106	-0.0046499457	0.0973299295	0.0335036896	-0.0582721199	0.012496448	0.075840427	0.0523979207	0.0160752555	0.0229002028	-0.0957072626	0.0031931993	0.0111565282	0.026534603	-0.0384427412	-0.0166139116	-0.0458669739	-0.0496516675	0.1134084501	0.0290177997	-0.0443330909	-0.0338037752	0.0305328002	0.0074428098	0.0225910172	-0.0138574121	-0.1137871704	0.0175953546	0.0417502967	-0.0844195428	0.0171687548	0.0583307311	-0.1058053206	0.1024459312	-0.0128249837442666	-0.0070255207941158	4.9357942428554895e-05	0.0001644802080407	-0.0422368336265464	-0.0060859009813611	3.7038190754933205e-05	0.0017839501147965	0.6291274747769506	-0.0507473857024365	0.0025752971556318	0.3958013795192227	-0.0117643390979132	0.0012280977996396	0.0001383996744106	1.5082242054798705e-06	-0.0004598666032258	8.647978589839994e-05	2.1147729276243538e-07	7.478753369033094e-09	-0.0002802139046002	-2.21520986951e-05	7.851983233128998e-08	4.90715476597451e-10	0.0	0.0	0.0	0.0	0.0	0.0	0.0	0.0	0.0	0.0	0.0	0.0	0.0	0.0	0.0	0.0	0.0	0.0	0.0	0.0	0.0	0.0	0.0	0.0	0.0	0.0	0.0
1025.7603604429971	-1.018269492335321	1052184.3170561474	1.0368727590208324	1698.2679847717286	11.152312469482696	2884114.148100628	124.3740734169792	922.3276292098832	-0.5546136929398244	0.3075963483963498	850688.2556039238	1017.1984610849634	1141.9429375653672	1.187196	27.668959	0.1505428535951579	0.0787918234311571	-0.0281146172	-0.0683804042	0.0697586342	-0.0308834184	0.0213946206	-0.0994036111	0.041429103	0.0059909067	0.0005410164	0.0402598364	0.0192947875	-0.0550338299	0.000465476	-0.0214996192	0.0298234546	0.0249243188	-0.0924545011	0.0140851228	0.074183578	0.0116585628	0.0968447895	0.0137897439	-0.0535897266	0.0182849424	0.0684706806	0.0335710894	-0.1187980297	-0.0222489765	-0.0461801861	-0.0001535577	-0.0067332593	0.0695647216	0.1024826298	-0.0203449462	-0.0780016118	0.0741807808	-0.0530265683	0.0721950364	0.0575092281	-0.0067126962	-0.0686338448	0.1334061187	0.1469276868	-0.15301007	0.03248592	-0.0059937424	0.0162995918	-0.0956648809	-0.0092118785	0.1082846996	-0.0278124481	0.0136811331	-0.0912477068	-0.0879825421	-0.0381482568	0.1094494165	-0.1064547248	0.0923463322	0.0581687149	-0.0159946473	-0.013998606	0.0544512809	-0.0361820196	-0.0467057841	0.0513505587	0.0245394892	0.0964801133	-0.0056085055	-0.0594385549	0.1133120501	0.044414247	-0.0161235804	-0.048815706	0.0513872981	-0.0396451938	-0.0240942815	0.0282546459	-0.0757696314	0.013522165	0.0854223855	-0.0427293821	0.0077838184	0.0345316326	-0.0690955779	0.0376027934	0.0173830432	-0.0344056818	-0.0628778032	0.0210024058	0.0578170753	0.1335986336	0.0769549967	-0.100448175	-0.0356984073	0.0715817375	-0.0530565498	0.1451411419	0.1268578503	0.0165634381	0.0417022299	-0.0112928236	0.0457613068	-0.0524025823	0.0028635155	0.0112062572	-0.0862661566	-0.0905138204	-0.0145106949	0.0053472964	0.0013908592	-0.046670553	-0.050841733	0.125276413	-0.0714471879	0.0129447317	0.0350310907	0.0443564632	0.0172397204	-0.0143809733	-0.0166434831	-0.0631415378	0.0022174069	0.0641237988	0.1001496287	-0.0858045533	0.0214124734	0.0527333744	-0.1028582188	0.1061292888	-0.0228877171448687	-0.0100627334006021	0.0001012586034915	0.0005238475961035	0.0001243546970499	0.0423611883235963	0.0017944702761871	1.5464090678372413e-08	0.6657057369702102	0.0365782621932595	0.0013379692650788	0.4431641282350507	-0.0126994700200412	-0.000935130922128	0.0001612765387899	8.744698415199636e-07	-0.0004558875435498	3.979059676000019e-06	2.0783345236387083e-07	1.5832915905169376e-11	-0.0005719173163502	-0.0002917034117499	3.270894167412147e-07	8.509088042659003e-08	0.0	0.0	0.0	0.0	0.0	0.0	0.0	0.0	0.0	0.0	0.0	0.0	0.0	0.0	0.0	0.0	0.0	0.0	0.0	0.0	0.0	0.0	0.0	0.0	0.0	0.0	0.0
1025.1660376760788	-0.594322766918367	1050965.4048044714	0.3532195512775036	1693.9091445922852	-4.358840179443405	2869328.190133367	18.99948770993021	922.7125652568348	0.3849360469515659	0.1481757602426981	851398.4780828485	1015.155271179658	1153.2675337968778	1.269965	29.597982	0.0721410317403406	0.0459261917386345	0.0011528856	0.1077154954	0.0333618356	0.026838467	0.0882476372	0.0173865836	-0.0197560035	-0.0762279463	0.049341915	0.0593743864	-0.0148035761	0.0617242386	0.0157690036	-0.0260624893	0.0118550128	-0.0128251964	0.0172892509	0.0050492603	-0.0454474343	0.059632024	-0.0320162984	0.101528803	0.0557213516	-0.095071634	-0.0369190896	-0.0959907613	-0.0041389223	-0.1342978524	-0.0119431661	-0.0208039182	0.1030700866	0.0041590192	0.048922539	-0.0404912835	0.0104453215	-0.1556246231	0.035244476	0.0002468799	-0.0384277611	-0.2074830003	-0.0678171049	0.076638878	0.039464167	0.0615677126	-0.0542353543	-0.1206337242	-0.0649623119	0.0254338122	-0.1119654297	0.0500617308	-0.0607304112	0.0084013599	0.1608076106	-0.0214063259	0.0559435171	-0.0419567861	0.0374372167	0.0900221619	0.0747346569	0.1064086176	-0.029818254	-0.0064214503	-0.0341973601	0.0839853822	-0.0507592036	0.0109516959	-0.0650506782	-0.0317417983	0.0367914064	0.0073904442	0.0749905087	0.0555130822	-0.0402064164	-0.0730862199	-0.1092038219	-0.034148773	-0.1047558882	0.0762932428	-0.0028304033	0.0709530881	0.1126462661	-0.0173830534	0.0634276598	-0.0316201276	-0.0511754874	-0.0371055317	-0.0393736707	-0.0645355202	0.0760461054	0.0255548619	0.1216219764	-0.0913934666	0.049660841	-0.0316497091	0.0055232836	0.1577196372	-0.2036924947	0.0733224122	-0.0912508187	-0.0326678729	-0.0145467352	0.0706372166	-0.0896745915	-0.0014540652	0.0683131905	0.1221136199	-0.0297964372	0.0370542582	-0.0440466588	-0.0823552738	-0.016291575	0.073130346	-0.0441032858	-0.0669514491	-0.0473536314	-0.0733114307	-0.0524108808	0.0946188811	0.0642658973	0.0118766796	-0.0169115121	-0.0362173603	0.0196724583	-0.0200786076	-0.0871572961	0.0256239856	0.0469575846	-0.0992925156	0.1088156246	-0.0230901267865988	-0.0002024096417301	4.0969663065307535e-08	0.0005331539550212	-0.0406689408937381	-0.0407932955907879	0.0016640929651574	0.0016539627534183	0.6622018199482227	-0.0035039170219874	1.2277434496973683e-05	0.4385112503427383	-0.0126545570259659	4.491299407530063e-05	0.0001601378135234	2.017177036807989e-09	-0.0008779593553629	-0.0004220718118131	7.708126296692389e-07	1.7814461432719293e-07	-0.0004860739325219	8.584338382829998e-05	2.3626786787730458e-07	7.369086547092834e-09	0.0	0.0	0.0	0.0	0.0	0.0	0.0	0.0	0.0	0.0	0.0	0.0	0.0	0.0	0.0	0.0	0.0	0.0	0.0	0.0	0.0	0.0	0.0	0.0	0.0	0.0	0.0
1022.2458000886164	-2.9202375874623385	1044986.4757988156	8.52778756722786	1687.3118547522504	-6.5972898400348186	2847021.29518748	43.52423323342664	919.9259382170586	-2.7866270397761355	7.765290258811508	846263.7318045355	1014.6912500550692	1149.6098918042892	1.270283	29.605404	0.1378584488901778	0.0732795718181607	-0.0315226332	-0.0713890445	-0.0620690231	0.0377102548	0.0828135015	-0.0973397047	0.0065673324	0.0462767788	0.0777920012	-0.0452366758	0.0966371038	-0.0753948646	0.0045310446	-0.0245375641	0.0325113133	0.0130992042	-0.1598377076	-0.0706235092	0.0585119116	-0.006859584	0.0120672768	-0.0971131844	-0.0195107442	0.0850991283	-0.0398943797	0.003183305	-0.0029969238	0.0674499	-0.0555657735	-0.0501799293	0.0443531421	0.0022916775	-0.0950897564	0.0188195359	-0.0334777435	-0.2046141032	0.0398746607	-0.0220339222	0.0244316233	-0.018255796	-0.0158512036	-0.1329476099	-0.0978744152	-0.0272375892	0.0081975675	-0.0025919707	-0.0461087143	-0.0174149873	-0.0397922733	-0.038686903	0.0051284598	-0.0578734822	0.0190224159	0.0422825626	0.0068123496	-0.0752130292	-0.0491819826	-0.1735168175	0.1401320936	0.1137758388	-0.0265084881	0.0669546336	-0.047271903	-0.0866646313	0.0613440487	-0.0051635012	0.0193890037	-0.093533969	-0.0847128826	-0.0248060948	0.0478060379	0.1252174391	0.0441825761	0.0379687949	0.0045794617	0.0692584433	-0.0218718187	0.0596689	-0.0565278437	-0.0667460643	-0.0644150031	0.0675150154	0.0598340203	0.0425838796	0.0582476161	-0.0640633807	0.0384851092	0.0112373702	-0.0419336563	-0.0744919751	0.0989696685	-0.097117732	0.0511671716	0.0278503133	-0.1087106839	-0.0434376332	-0.0024880248	-0.1171759382	-0.0009997771	-0.0414989944	-0.0041160877	-0.0047668939	0.1052277887	-0.0601217327	-0.0030963182	0.0797255968	-0.0196532396	-0.0241753922	0.0010363902	0.0296482128	-0.0279689515	-0.0803332418	0.0363842762	-0.0849337593	-0.092790601	-0.023967253	0.0006683706	0.1528585972	-0.0093892451	0.0914044606	0.0232405643	-0.1080674568	0.010076681	-0.0267956219	-0.0884772626	0.029796957	0.0410229053	-0.0951296555	0.110479702	-0.0183566735593387	0.00473345322726	2.240557945465904e-05	0.0003369674641641	0.0012635691324049	0.041932510026143	0.0017583353970925	1.5966069523664717e-06	0.7176275299971024	0.0554257100488797	0.0030720093344224	0.5149892718097422	-0.0120590531706831	0.0005955038552828	0.0001454207633733	3.546248416566782e-07	-0.0009337166080636	-5.575725270070002e-05	8.718267041737945e-07	3.1088712287297196e-09	-0.0005501483362963	-6.407440377440005e-05	3.026631919295868e-07	4.105529219044851e-09	0.0	0.0	0.0	0.0	0.0	0.0	0.0	0.0	0.0	0.0	0.0	0.0	0.0	0.0	0.0	0.0	0.0	0.0	0.0	0.0	0.0	0.0	0.0	0.0	0.0	0.0	0.0
1020.733516618654	-1.5122834699624264	1041896.911948684	2.287001293521597	1692.1149825386378	4.803127786387449	2863253.1141317347	23.0700365323672	920.1299680053968	0.2040297883381754	0.0416281545293206	846639.1580216126	1013.0191895907984	1131.321169299281	1.242967	28.968777	0.0760361953229816	0.0474834747667229	-0.0411069889	0.0736043124	0.1096275349	0.0697871341	-0.0426795215	0.0017976051	-0.0631011781	-0.0986385528	-0.0335350137	0.0831614763	0.0860260958	0.1217689931	0.0118013073	-0.0314079307	-0.0879582138	-0.0207618761	-0.1128683754	-0.0733122786	-0.1541749998	0.0421366179	0.0182176236	0.0210692266	0.1082272445	-0.0814436142	-0.0191671466	-0.0568442487	0.0733611549	-0.2487307775	-0.0349907464	0.0639109144	0.0055238293	0.0437714887	0.0130948784	-0.0190663247	0.058181093	0.0355186216	0.0351006737	0.0541228015	-0.0009826424	0.0347696536	0.0739886816	0.1084169344	0.0051067873	0.0461423889	-0.1385681014	-0.008083407	-0.0556860322	0.0590508224	0.1236018695	0.0335216421	-0.0018874591	0.0464194826	-0.0134692311	0.0110138036	0.2484847571	-0.068674261	-0.1138618589	0.0772420697	-0.0397801946	-0.0025562825	-0.0357558347	-0.0640619491	-0.0460139903	-0.021234033	-0.0486503743	0.1385052852	-0.0961460614	-0.0376111996	-0.0714494354	0.0283281393	0.0660352216	0.0144069633	0.0029505249	-0.0503370112	-0.0769610106	-0.0377794894	0.0584635878	0.0663722525	0.0672328986	-0.0057618075	0.1339914053	-0.1473271057	-0.0312740187	-0.0307570663	-0.1198999007	0.023927191	0.030650822	0.0168876364	0.0677487012	0.1163824116	-0.0213788538	-0.0302140886	0.0925232699	-0.0075938748	0.0963880362	-0.1120155851	-0.0050276393	0.0911041021	-0.1182232669	-0.0204014273	-0.029144796	-0.0495352412	0.0088476688	-0.1077479951	-0.0681020986	0.0214678843	-0.0477443401	-0.008302355	-0.0972699991	0.0744278979	-0.0093708984	0.1253883868	0.0367264967	0.0016502169	-0.1500375251	0.0192803891	0.0007385872	-0.0683414885	0.0176817872	-0.0176448315	0.0526456924	0.026617762	-0.0223310321	0.0104050038	-0.0897639565	0.0339251109	0.0349494174	-0.0903946745	0.1111058879	-0.0105528328463293	0.0078038407130094	6.089992987402307e-05	0.0001113622810825	-0.0138098991367741	-0.015073468269179	0.0002272094456619	0.0001907133141678	0.7613165469095406	0.0436890169124382	0.0019087301987753	0.5796028845982668	-0.0120950425291316	-3.598935844850021e-05	0.0001462900537815	1.2952339215346332e-09	-0.0010161400075203	-8.24233994566999e-05	1.0325405148833553e-06	6.7936167779987185e-09	-0.0004791637056344	7.098463066190005e-05	2.2959785679728998e-07	5.0388177902063605e-09	0.0	0.0	0.0	0.0	0.0	0.0	0.0	0.0	0.0	0.0	0.0	0.0	0.0	0.0	0.0	0.0	0.0	0.0	0.0	0.0	0.0	0.0	0.0	0.0	0.0	0.0	0.0
1021.6374436507848	0.9039270321308096	1043743.0662693104	0.8170840794168135	1679.2227960337764	-12.892186504861456	2819789.1987194936	166.20847287613185	920.2009203942466	0.0709523888498324	0.0050342414834978	846769.7338944186	1014.1045508699729	1135.8415399750402	1.260979	29.388561	0.082926301185283	0.0366694051460808	-0.0331382432	-0.0072087136	-0.1310245983	0.0510636279	-0.0389774394	0.0589294656	-0.090553476	0.0444509424	0.0081265825	-0.080711658	0.0515354382	0.0427801259	0.0200814733	-0.0478195558	-0.0877235633	-0.0639044706	-0.0512213601	0.0106963302	0.0766139703	0.0822692008	-0.0565718781	-0.0047520272	-0.0446130445	-0.090161935	0.0157427539	-0.1285991486	0.0617881261	0.0235483422	-0.0427431644	-0.1178034025	-0.0340735824	0.0508686687	0.0306133957	0.1023207922	0.0279899734	-0.0073930451	-0.1257148234	-0.0618693604	0.032533613	0.1625857169	-0.041735057	0.1129452375	0.0121789618	-0.0871405542	0.0843222983	0.0060068619	0.0764790277	0.0903275711	0.061011409	0.0023718352	-0.0926504963	-0.041042588	0.1331191689	-0.017601489	-0.0385429756	0.0030095897	-0.0363286313	-0.0598536886	-0.0428336644	-0.0470140076	-0.0448985174	-0.025979957	0.072323619	-0.0831529876	0.0073927166	-0.0498518048	-0.1170660684	-0.0320933756	0.0043828019	0.0768693185	0.0521802831	0.0246344805	0.0185121225	-0.0018860902	-0.0256228746	-0.0713150951	-0.069045176	0.0305759226	0.1323842813	-0.001112563	0.0398413605	-0.0159071518	-0.0834285731	-0.1161266473	0.0306803671	-0.012496687	0.0052892155	0.0482773299	-0.0392550629	-0.0913324447	-0.073460323	-0.0322793198	-0.024443349	0.1075469976	0.1030861142	0.0894753761	0.1473684184	0.1155802105	0.1412749221	0.0326329632	-0.0381849641	-0.0192792219	-0.0523423012	-0.0502190144	-0.0626378922	0.0482844107	-0.0345059358	0.0211901536	-0.0485510089	0.0779723409	-0.0670310948	-0.1452347731	-0.0649599365	0.0647823015	-0.0469747493	-0.0553230325	0.0432498139	-0.0116357326	0.0490560195	-0.0168589222	0.1289359565	-0.0346962109	0.0333778822	-0.036880716	-0.0910168938	0.0380022381	0.0287576717	-0.0851160492	0.1106882998	-0.0163851295824883	-0.0058322967361589	3.401568521861092e-05	0.0002684724714349	0.0036701432430845	0.0174800423798586	0.0003055518816016	1.346995142475881e-05	0.7377724706440603	-0.0235440762654803	0.0005543235271947	0.5443082184402408	-0.0125275736734952	-0.0004325311443636	0.0001569401021448	1.870831908444861e-07	-0.0012260379988098	-0.0002098979912895	1.503169174525539e-06	4.405716674736704e-08	-0.0004001951252118	7.896858042259996e-05	1.601561382432883e-07	6.236036693960638e-09	0.0	0.0	0.0	0.0	0.0	0.0	0.0	0.0	0.0	0.0	0.0	0.0	0.0	0.0	0.0	0.0	0.0	0.0	0.0	0.0	0.0	0.0	0.0	0.0	0.0	0.0	0.0
1021.3417622490566	-0.2956814017281886	1043138.9953140084	0.0874274913279464	1694.903849858823	15.681053825046549	2872699.060266259	245.89544906400693	922.0308987585854	1.8299783643387852	3.348820813948057	850140.9782655648	1014.8949162548706	1125.8782039773612	1.201556	28.00363	0.0348164231486508	0.0202608898680575	-0.0491405974	-0.0516426563	0.0676263216	0.0435011025	0.0073291109	-0.0772423532	-0.0382340328	-0.014547405	-0.0849826726	-0.0086974948	0.0278397635	-0.072082139	-0.0002363699	-0.0247406061	0.0078458431	-0.0035368138	-0.0029568052	-0.0504088203	-0.0228733364	-0.0603872166	0.1005766892	-0.0670198475	0.0331491101	0.0743525048	-0.0825256323	0.1116656399	0.1234130365	0.08021537	0.0355354944	-0.0104498402	0.0252008732	0.068212912	-0.1117391816	-0.0423796993	-0.0248037582	-0.1171358529	-0.0783427747	0.0395757875	-0.0807846894	0.0109024161	0.0535023455	-0.0719463039	0.0559548823	-0.0102170202	-0.0800680499	0.0612072897	-0.0266125826	0.0772523435	-0.0651887528	-0.0784186799	-0.0064785075	-0.0098115254	0.0281647091	0.006561377	0.0390713828	-0.0353536693	-0.1244806097	0.0196409273	0.0460198459	-0.0836976122	-0.0295935586	-0.0324599713	-0.06227172	-0.0108014777	0.0584093027	0.0674777271	0.0793646253	0.0093529753	-0.0104940142	-0.0909973257	-0.0372714377	-0.0269876287	0.0310943122	-0.0126410709	0.0779098925	0.1502146001	-0.0712341076	0.082892795	0.0503939125	-0.0155498773	0.0504065077	0.0352719419	0.0233681203	0.0775131288	0.1057011063	-0.0043659769	-0.0666563993	0.0225285879	-0.0898446524	0.0462098311	-0.0051108345	-0.1217533576	-0.0599117341	-0.0159620051	-0.0293412329	0.0201997738	0.0475748175	-0.1084332564	-0.0176054213	0.0212691235	-0.0292045214	-0.0075768403	0.0426864031	-0.0154237635	-0.0251024977	0.1639297625	-0.0005334782	-0.0004687877	0.0444233376	0.1084445894	-0.0181129238	-0.0942346124	0.1168361027	-0.0835047026	-0.0010776349	-0.001502132	0.0057404352	0.0143356831	0.0654806704	0.0001735077	0.0543843381	-0.0210551702	-0.0198993848	0.0255005568	-0.0922356034	0.0420222065	0.0224686191	-0.0793255261	0.1092308605	-0.0148542719052073	0.0015308576772809	2.3435252280901744e-06	0.0002206493938338	0.0058675640425889	0.0021974207995044	4.8286581700945565e-06	3.4428307793882195e-05	0.7245084539287348	-0.0132640167153255	0.0001759341394244	0.5249124998142055	-0.0125514999494184	-2.392627592319972e-05	0.0001575401509802	5.724666795530866e-10	-0.0009357915261274	0.0002902464726824	8.757057803718482e-07	8.424301490457518e-08	-0.0003578853146866	4.23098105252e-05	1.2808189846832676e-07	1.790120066678324e-09	0.0	0.0	0.0	0.0	0.0	0.0	0.0	0.0	0.0	0.0	0.0	0.0	0.0	0.0	0.0	0.0	0.0	0.0	0.0	0.0	0.0	0.0	0.0	0.0	0.0	0.0	0.0
1023.671902446309	2.3301401972523763	1047904.1638580456	5.429553338851343	1679.1555473327635	-15.748302526059431	2819563.3521383926	248.00903245228992	923.0280873688852	0.9971886102997588	0.994385124511564	851980.8500718623	1016.4544049056968	1140.9723275077245	1.167913	27.219543	0.1884569299965696	0.1076927737976282	-0.0275940344	0.0928201226	0.0065809719	0.0381225037	-0.0444391869	0.1342177571	0.0344773395	-0.0413995354	0.028404656	0.021533964	0.0447012226	-0.0162828803	-0.032804292	-0.0162969133	0.0620577406	-0.0140215152	0.080380023	0.019540012	-0.016701256	0.1427670925	-0.0439274427	0.0204792252	-0.0702161623	0.0304796836	0.006056031	0.0406324287	-0.1128437566	-0.0973950779	-0.023156801	0.1873065138	0.0603859944	0.1262610027	-0.0254524357	0.0018808551	-0.0411457341	-0.0414216507	0.0076574055	0.0348147154	-0.0359116562	0.0817696226	-0.0516328867	-0.0287157875	-0.0383195456	0.1277042488	0.0477823959	-0.0104079299	0.0846870746	-0.1341985845	-0.0092936582	-0.0184419147	0.117493843	-0.1177712178	0.0286981086	0.0466722724	0.0642695955	-0.0987582819	-0.0486039908	-0.0130206164	-0.0054340563	-0.087778646	-0.0091876832	0.0479110652	0.0786010758	0.0710281687	-0.0580023872	0.0132364585	-0.0558080328	0.1419070968	-0.0005156465	0.0446404411	-0.0202142449	-0.0214983474	-0.0320583865	0.0147586928	-0.0112819069	0.0153112345	0.0258077314	0.0631979872	-0.132062622	0.1179702492	-0.0099324983	-0.0815822785	0.0489378089	0.0904553361	0.0236365766	-0.0125985453	-0.0399932792	0.1581665912	0.0166035322	-0.0292699882	0.0433793534	0.0375215138	0.0100028229	0.1854496642	-0.0018939905	-0.0124964559	-0.0457450503	0.0013998188	-0.0199040076	0.1167743397	-0.0355530636	0.0187587174	0.0580231414	0.01450798	-0.0939373861	-0.0771037052	-0.0151442629	0.0148219878	-0.0509430107	0.0084795887	0.0001217211	-0.0099201741	0.0465823624	-0.0201955053	-0.0375649368	-0.0008709588	-0.0788050563	-0.0767364472	0.0443151669	-0.0838849699	0.0787191515	0.0219612238	-0.0269574395	0.0028753576	-0.0934196269	0.0459789694	0.0161035399	-0.0730579298	0.106747262	-0.0219172229065947	-0.0070629510013873	4.988527684799925e-05	0.0004803646599373	-0.0496210990310856	-0.0554886630736745	0.0030789917297037	0.0024622534690528	0.662920132320437	-0.0615883216082977	0.0037931213585271	0.4394631018357457	-0.0113649575264743	0.0011865424229441	0.0001291622595785	1.4078829214460563e-06	-0.0009349357020951	8.558240322999872e-07	8.741047670520575e-07	7.324347742622095e-13	-0.0004568269539744	-9.894163928779996e-05	2.0869086587752853e-07	9.789447984957121e-09	0.0	0.0	0.0	0.0	0.0	0.0	0.0	0.0	0.0	0.0	0.0	0.0	0.0	0.0	0.0	0.0	0.0	0.0	0.0	0.0	0.0	0.0	0.0	0.0	0.0	0.0	0.0
1022.7392676988356	-0.932634747473344	1045995.6096931506	0.8698075721946679	1694.8461173347805	15.690570002017012	2872503.3614447806	246.1939869881961	920.9486783285276	-2.0794090403575183	4.323941957120575	848146.4681150619	1015.1914789292568	1131.6021630463522	1.166068	27.17655	0.2007289983330752	0.1108183165529878	-0.0529046082	-0.0540596688	0.0817914048	-0.0090970969	-0.0289704598	-0.0614778212	-0.0270465082	-0.0070314507	-0.083662113	0.0047107102	0.013927803	0.0197443474	0.015848698	-0.0450116039	-0.0765953251	-0.076360553	-0.0244999204	-0.0310108628	-0.0990088369	-0.0060046269	0.0539754498	-0.0507222271	0.1005401467	-0.1023552545	-0.0397972741	0.0456575063	-0.0302046452	0.0093750206	0.0414124322	0.0424845652	0.0505471504	0.0286856035	0.0848783843	0.0418282491	0.1434977871	0.0783059792	0.0008527032	0.0143219482	-0.1499367631	-0.0295210213	-0.0330311174	0.0844865661	-0.176698693	-0.0197813437	0.0765720548	0.0574965062	0.1134910316	0.1223696682	-0.0395699742	0.0429047219	0.0673808716	0.1052138561	-0.1245294547	0.1219271201	-0.0578681606	-0.0188820873	-0.0560584561	0.0279312271	-0.0642853156	-0.0731892786	-0.0486191481	-0.0533081292	-0.0218445787	-0.0434533719	0.0527883043	0.1015145181	-0.0140414543	0.0183842387	-0.0237986225	-0.0025055627	0.0319438077	-0.0495449384	0.0620433618	0.0093733617	0.0056402869	0.0335206378	0.0868499036	-0.0173804398	-0.0029784716	-0.0154938324	0.1287196695	-0.0420230595	-0.1366681902	-0.0318703174	-0.1364941248	0.0535737492	-0.1597271383	0.039822229	0.0095786471	-0.0738646506	-0.1083677946	-0.0446839657	0.0128114212	0.0138208018	0.0755323708	-0.0087265811	-0.033406327	-0.0158604104	-0.0135484195	-0.0654239803	-0.0659721943	0.0076083405	-0.1467204588	-0.002795604	-0.0633247568	0.0116670367	-0.075665858	0.0312434993	0.0721600392	0.0778232329	0.0122472764	-0.0153482044	0.039074619	0.0313759578	-0.0175882556	0.061371996	0.0642371279	-0.1112399724	-0.0125192251	-0.0512846991	-0.0487246563	0.0490017354	0.0175958916	-0.008942139	-0.0945685192	0.0498665756	0.0096839714	-0.0663509546	0.103260836	-0.0059522581195352	0.0159649647870595	0.000254880100652	3.542937672157271e-05	-0.0216056505363155	0.0280154484947701	0.0007848653543631	0.0004668041350973	0.7312013386383427	0.0682812063179056	0.0046623231362284	0.5346553976265043	-0.0127545128839351	-0.0013895553574607	0.0001626775989064	1.93086409144801e-06	-0.0006180132220552	0.0003169224800398	3.8194034263504994e-07	1.0043985835464079e-07	-0.0003939572168083	6.286973716609998e-05	1.5520228867534188e-07	3.952603851334493e-09	0.0	0.0	0.0	0.0	0.0	0.0	0.0	0.0	0.0	0.0	0.0	0.0	0.0	0.0	0.0	0.0	0.0	0.0	0.0	0.0	0.0	0.0	0.0	0.0	0.0	0.0	0.0
1025.1307628909044	2.39149519206876	1050893.0810252875	5.719249253687995	1688.6924229165782	-6.153694418202349	2851682.0992158637	37.86795499261475	921.8618848819742	0.913206553446571	0.8339462092577649	849829.3347981463	1015.991377932135	1143.2125573528947	1.476559	34.412888	0.1289752545263522	0.0904389345994928	-0.0164279866	0.1483572172	-0.0605735642	0.0189546837	-0.0757437376	0.15503057	-0.0368381634	0.1252803873	-0.053848668	0.1975808218	-0.0131558593	-0.0103472096	0.1332458016	-0.0368225433	-0.0088367772	-0.0570661517	-0.0245203656	0.1156125337	0.0331078477	0.125956476	-0.042222333	-0.0997931151	0.1503532808	0.1398508087	-0.0339887301	-0.0268155647	0.0174319843	-0.0245278416	0.0539183022	0.0883413407	-0.2002508234	-0.0957956535	-0.0421388348	0.0243562959	0.0425437915	0.0001649461	0.0558013474	0.1040872829	0.1104985508	-0.0067926447	-0.0923850715	0.0224410588	-0.0858613704	0.1405784032	-0.1163258822	0.0811381683	-0.0222742849	0.0581708526	-0.1154942841	-0.0229701002	0.059858719	-0.0045350587	-0.0127757328	0.0062573311	-0.0256831979	0.0827864233	0.0003119236	0.0450306362	-0.039159703	0.1116930224	-0.0383447716	-0.0245949465	0.1960049657	0.0246783767	-0.010719152	0.0618518334	0.0077439146	-0.029643312	0.0440447365	-0.1294231855	0.071456513	-0.0820092651	-0.0156510651	-0.0399223283	-0.2058279554	0.0891693054	0.0645052529	0.0451661437	0.0560985478	-0.1476322432	-0.196455049	0.0521992908	0.0104488815	0.0807620368	0.075629874	-0.0170781574	-0.111866521	-0.0141808556	0.0569122564	0.0703166915	-0.0716722647	0.1535985715	-0.0036841121	0.1518953448	7.97359e-05	0.0993829811	-0.0128420743	-0.0095188138	-0.0584532597	-0.003914176	-0.0398786862	0.0242533227	0.1481584867	0.1282335428	-0.0531398925	0.1084504973	0.0657102216	0.0242918763	-0.067943928	0.0541412387	0.1140295197	-0.0928502255	0.0214638032	-0.0778880991	0.1102431017	-0.0860199341	-0.0514964037	-0.1232499546	-0.0336360182	0.0574071133	-0.037906124	0.0616873093	-0.0954278842	-0.0279466996	-0.095681848	0.0536791777	0.0032316354	-0.059244937	0.0988043356	-0.0113184083820101	-0.0053661502624748	2.8795568639459434e-05	0.0001281063683019	-0.0228155271954193	-0.0012098766591038	1.463801530244176e-06	0.0005205482812049	0.6488954558037392	-0.0823058828346035	0.0067742583491834	0.4210653125627424	-0.012277497178083	0.000477015705852	0.0001507369369578	2.27543983629577e-07	-0.0009356632048578	-0.0003176499828025	8.754656329247694e-07	1.0090151157449207e-07	-0.0003867560100596	7.2012067487000025e-06	1.4958021131722145e-07	5.185737863752246e-11	0.0	0.0	0.0	0.0	0.0	0.0	0.0	0.0	0.0	0.0	0.0	0.0	0.0	0.0	0.0	0.0	0.0	0.0	0.0	0.0	0.0	0.0	0.0	0.0	0.0	0.0	0.0
1028.3533577977612	3.2225949068567843	1057510.6284939302	10.385117933699286	1679.7443417093027	-8.948081207275436	2821541.0535044186	80.06815729199583	922.2593128672396	0.3974279852653808	0.1579490034720997	850562.240170353	1013.8649679007088	1145.1214804108802	1.525239	35.547428	0.081049445870857	0.0459697956009121	-0.0451319226	-0.1291812368	-0.0230751857	-0.1356835668	-0.0272291429	0.0237891839	0.0286405406	0.1168683295	-0.0990271013	-0.0841818551	-0.0294394386	-0.1319254881	0.086556632	-0.0513892171	-0.0178663015	-0.0287046282	-0.0046880223	0.1040718901	0.0275142392	-0.0081507533	0.1219338383	-0.0158724139	-0.0766413874	-0.0021554398	0.0050488195	0.0859549535	-0.0856879303	0.0305711569	0.1345616723	0.1061248327	0.0582258826	0.0508985448	0.0786206795	-0.0847140061	0.0146204119	-0.0425823133	0.0113853648	-0.0178880991	-0.0367364471	-0.0452420609	0.0020526683	-0.0221332739	0.1143520967	-0.0113905632	0.0105150945	0.0378663434	-0.0961293432	-0.0249891423	0.0682481392	-0.0408445454	-0.049383661	-0.0402989903	0.0570862036	-0.1160287343	0.0655128801	-0.0955793283	-0.0826764353	-0.1987091872	0.026160123	0.0394332513	-0.0418123042	-0.0589643689	0.0717178242	0.0008207394	0.0867023215	-0.0557559047	0.1197043276	0.0380630176	-0.0455726276	0.0275313549	0.038620158	-0.0377157145	-0.0073229323	0.1694441624	0.0402121265	-0.0565642048	0.0852000404	0.0425761296	-0.1254367822	0.0257113568	0.0184880355	-0.0466484681	0.0875349416	0.0267441943	0.0355836421	-0.0398391432	-0.1013528967	0.0892821839	0.056835964	0.0823502737	0.0528108026	-0.0612337297	-0.0069873998	-0.120958054	-0.068625463	-0.071479799	0.0310636242	-0.0060075254	-0.0228428296	0.0319564465	-0.0532092714	0.0581855518	-0.0258806101	0.1085546247	-0.0468679209	-0.0784599032	-0.002885546	0.0572612501	0.1036205632	0.0347663162	0.0298351603	0.0161960048	0.0330625102	-0.040385951	-0.0337225174	-0.0128662967	-0.0120380864	0.0085578409	-0.0610058416	0.1338338402	0.0248518024	-0.1009687322	0.0449165983	-0.0728858673	-0.0967591949	0.0574110412	-0.0032316354	-0.0517826133	0.0934196269	-0.0058429238382444	0.0054754845437656	2.9980930989017067e-05	3.413975897952467e-05	-0.0496186745821489	-0.0268031473867296	0.0007184087098347	0.0024620128672891	0.6389833268865175	-0.0099121289172217	9.825029967162278e-05	0.408299692038962	-0.0116123969954713	0.0006651001826117	0.0001348477639804	4.423582529101169e-07	-0.0009369295961778	-1.2663913200000425e-06	8.778370681938955e-07	1.60374697537145e-12	-0.0002759488835285	0.000110807126531	7.614778632062568e-08	1.22782192900792e-08	0.0	0.0	0.0	0.0	0.0	0.0	0.0	0.0	0.0	0.0	0.0	0.0	0.0	0.0	0.0	0.0	1.0	0.0	0.0	0.0	0.0	0.0	0.0	0.0	0.0	0.0	0.0
1025.9469276745044	-2.4064301232567686	1052567.098404755	5.790905938117587	1692.0633249034051	12.31898319410243	2863078.2954831664	151.7573469365781	921.8458183051536	-0.4134945620860435	0.1709777528747288	849799.7127266981	1012.3610350644678	1155.0081091291647	1.499619	34.95034	0.2138558562034023	0.1313399381718947	-0.0083122187	0.1540552889	0.0747719482	-0.0878304024	0.0059327064	0.0236665709	0.0137724182	-0.1460380066	-0.0395472133	-0.067744729	-0.0337870718	-0.0174309695	0.100407886	-0.0702202725	-0.0478710965	-0.0270609175	0.081457505	0.0399593176	-0.1458646125	0.1090100388	0.0513892362	0.0365569185	0.0488728153	-0.0090186555	0.0144649219	-0.1255070089	0.1248174289	0.1997796637	-0.1403732491	0.1149215048	-0.0127956826	0.07516891	-0.0829428504	-0.0567020178	-0.0762721296	-0.1177678891	0.0124878295	-0.087580139	-0.0064542895	0.0053286365	0.0462978382	-0.0347397365	0.1005948658	0.0600350252	-0.0087434986	0.0331756659	0.0574972759	-0.0273509849	-0.0498017785	-0.0382548588	-0.0127039441	0.133309769	0.0622202425	-0.0426235448	-0.0538014911	0.0699105285	-0.1088640789	-0.096659183	0.0961637816	-0.1129971203	-0.0700272284	-0.1008740807	-0.0483149415	0.1162292605	-0.0499119773	-0.0139743386	-0.0262148827	0.0237583672	0.0437371572	0.0366790361	0.15442991	0.0014512804	0.0077212622	0.0842131666	0.0437710859	0.0296226722	0.1040174074	0.1258281007	0.072013077	0.063877599	-0.0842152778	-0.1609483726	-0.0204842031	0.0954675411	0.1109285988	-0.0051986516	0.169384041	0.0074794177	-0.0600475388	-0.0330919303	-0.045889482	-0.0730943889	0.0492756192	-0.0935719067	0.0044142806	0.1682104616	0.0076899206	-0.0749451058	-0.0024233711	0.0019139762	-0.0672700308	0.0176539892	-0.113278319	0.0728381949	-0.0206562009	0.1166973633	0.05465558	-0.0546177478	-0.1124309895	0.0326955974	0.0209730077	0.0336412151	-0.030223722	-0.1182042201	-0.1088550497	-0.0279562032	-0.0133828238	-0.0310019466	-0.0501599107	0.0858557859	0.0649048544	-0.0053898457	0.045316158	-0.1055354055	-0.0978001546	0.0610565531	-0.0096839714	-0.0440088629	0.0871572961	-0.0116453455822096	-0.0058024217439652	3.366809809484015e-05	0.000135614073729	0.0596418738050061	0.109260548387155	0.0119378674338618	0.0035571531109722	0.6974421445823396	0.058458817695822	0.0034174333663933	0.486425545039613	-0.0123234540390912	-0.0007110570436199	0.0001518675194535	5.05602119281473e-07	-0.0010214111588637	-8.448156268590001e-05	1.0432807554512869e-06	7.137134433851653e-09	-0.0002648061223051	1.1142761223400025e-05	7.012228241026357e-08	1.2416112768170723e-10	0.0	0.0	0.0	0.0	0.0	0.0	0.0	0.0	0.0	0.0	0.0	0.0	0.0	0.0	0.0	0.0	0.0	0.0	0.0	0.0	0.0	0.0	0.0	0.0	0.0	0.0	0.0
1024.5067523163534	-1.4401753581510093	1049614.085541802	2.074105062225388	1684.9237139826237	-7.139610920781479	2838967.921940998	50.97404410014216	923.8674858699916	2.021667564838026	4.087139742718114	853531.1314477391	1018.21328779407	1146.9581069722155	1.503771	35.047096	0.2844174012590165	0.1709208561714033	-0.0439401933	-0.0864591552	-0.1276827818	-0.0311175648	0.0555721685	0.0125303623	0.0533224389	0.0442395116	0.109770964	-0.0724045222	0.0509620979	-0.0936237195	-0.0105595418	-0.0416597931	0.1072245727	-0.0140252395	0.0488870546	0.0803923057	0.0803087085	0.0851748098	0.0325228768	-0.123993449	0.0961475055	-0.0416815425	0.0054617484	0.1715605292	-0.0336796259	0.0382189827	-0.0112990279	-0.0779637624	-0.0127605925	-0.1067132518	0.1340703926	0.0181140821	0.0722469375	-0.0730243767	-0.0471650727	0.1447545189	-0.0311077192	0.1622192095	-0.1943105035	-0.0206031104	-0.0253436617	0.1072420968	-0.0845070068	-0.1499886241	-0.020197634	-0.0129146411	0.0255409586	0.1141248622	0.0879746024	0.0549473512	0.0627543107	-0.0684174999	0.0798989909	-0.0695977751	-0.0159224728	0.0582790918	0.0115290431	-0.0620180088	-0.0358322028	0.1048868537	0.0593419381	0.0138248426	0.0476029066	-0.1066314782	0.065472996	0.0842950449	-0.0263645612	-0.068481039	0.0789518606	0.0550157594	0.0253896	-0.0407576313	0.0217974954	0.1019355283	0.1377203213	0.0111291666	0.03510405	-0.0466672725	0.0922424405	0.1540045002	-0.0875838687	-0.0780143356	0.0059777424	-0.0106999384	-0.0028029534	0.1041154828	0.036078659	0.0455296917	0.0700419379	-0.0315888166	-0.1145954439	0.1764790114	0.0958747323	0.14027845	-0.1606625229	0.0330341613	-0.0843930683	-0.0789073489	-0.0470194496	0.0473769266	0.1316817158	0.1261673433	-0.0846686747	0.0387629792	0.0256701698	0.0678155743	0.094930438	-0.0295629069	0.0215417482	-0.0404983972	-0.0644026566	0.0656924114	-0.0916429394	7.7858e-05	0.0713379889	0.0242511931	-0.0008805339	0.096501287	-0.0446196065	-0.0864235361	-0.0043641875	-0.0329627668	-0.0988043356	0.0646102301	-0.0161035399	-0.035970438	0.080076174	-0.0228338400375491	-0.0111884944553395	0.0001251824081771	0.0005213842508603	-0.0830149417461569	-0.142656815551163	0.0203509670231985	0.0068914805531178	0.6362040975306655	-0.061238047051674	0.003750098406703	0.4047556537148086	-0.0110868819757785	0.0012365720633127	0.0001229189519448	1.5291104677654296e-06	-0.000936697369485	8.471378937870003e-05	8.774019620001186e-07	7.176426110898751e-09	-0.0003302011536305	-6.53950313254e-05	1.0903280185891307e-07	4.276510122050048e-09	0.0	0.0	0.0	0.0	0.0	0.0	0.0	0.0	0.0	0.0	0.0	0.0	0.0	0.0	0.0	0.0	0.0	1.0	0.0	0.0	0.0	0.0	0.0	0.0	0.0	0.0	0.0
1026.107582146578	1.600829830224484	1052896.770138696	2.56265614533655	1700.290004066799	15.366290084175262	2890986.097929475	236.12287095102295	922.4210546331824	-1.4464312368091896	2.092163322817362	850860.6020305925	1015.5725208651512	1145.522853002568	1.330818	31.016226	0.1520635013264668	0.1026860114880793	-0.0385632144	0.0554060261	0.0934574188	-0.0624465645	0.0372008289	-0.0844622036	0.0234863709	-0.077471409	-0.0588917935	0.0596495868	0.0106194859	0.0200727843	0.004252193	-0.0556698383	0.0364201656	-0.0594797883	0.069276762	0.0170520927	-0.1102880926	0.0592752403	0.112586572	-0.043303308	-0.104209614	0.0028873524	0.0153142277	0.0357383152	-0.0220389314	-0.083488614	-0.0180013882	-0.0147039801	-0.1218757779	0.0605861618	0.0771672899	0.0422036465	0.0350089448	0.0635302433	-0.0287648927	-0.1088771413	0.0823113202	-0.0411602457	0.0231764027	0.0681203115	0.0532953225	0.0097240936	-0.0146487327	0.0284877393	-0.0171150955	0.0039680098	-0.0299763305	-0.1073355557	0.1914932092	-0.016738005	-0.067258597	0.0026239882	-0.117028853	0.0059980934	0.127498868	-0.0049193924	-0.0452579983	-0.1336558926	-0.0495039268	-0.0290370633	-0.047282162	0.0820127207	0.0686662949	0.0599521277	0.0618361388	0.1141496527	-0.0257359217	0.0570686953	0.0826692145	-0.1041422162	0.0544017783	-0.0726547328	0.0056870313	-0.022920189	-0.0355012386	-0.1142413125	0.034512592	0.0151059313	-0.0365100198	-0.0123741344	-0.0052687584	0.0008972746	-0.0472844551	-0.01635274	-0.0147338942	0.0540632866	0.141426802	-0.0197804494	0.0284850597	0.0347008315	0.0838294141	0.0105983523	0.0928026194	-0.0224761381	0.0935640534	-0.0878725531	-0.0911838532	0.07356649	-0.062058252	0.0661055795	-0.0433033756	0.1174836014	-0.1025686767	-0.0521536476	-0.0518298518	-0.1054094974	0.0245798555	0.0484924387	-0.0382662827	0.1093302639	0.0264036317	0.0300238621	-0.0116199581	0.0438033697	-0.011292112	-0.1402324129	0.0546032792	-0.0042799843	0.0756471099	0.0980951983	-0.0392625771	0.0038108421	-0.0997713604	0.0680667272	-0.0224686191	-0.0277156827	0.0722427837	-0.020455036317287	0.002378803720262	5.658707139532801e-06	0.0004184085107415	0.0159207284342812	0.0989356701804381	0.0097882668340524	0.0002534695938781	0.624784127699499	-0.0114199698311665	0.0001304157109447	0.3903552062252238	-0.0112972966317012	-0.0002104146559227	0.0001276289111846	4.427432742706849e-08	-0.0004526696244899	0.0004840277449951	2.049097889358271e-07	2.3428285792504158e-07	-0.0002380624026563	9.21387509742e-05	5.667370755849032e-08	8.489549431085642e-09	0.0	0.0	0.0	0.0	0.0	0.0	0.0	0.0	0.0	0.0	0.0	0.0	0.0	0.0	0.0	0.0	0.0	0.0	0.0	0.0	0.0	0.0	0.0	0.0	0.0	0.0	0.0
1026.0364066706206	-0.0711754759572613	1052750.707813559	0.0050659483777426	1693.5256159906803	-6.764388076118621	2868029.012016613	45.75694604433578	922.4695733398308	0.0485187066484513	0.0023540648948384	850950.1137377695	1015.4801720763088	1162.4292685332257	1.219584	28.423805	0.1575878912678833	0.0814445271225084	-0.0231992851	0.0433574535	-0.132307917	-0.0824848587	0.0347486399	0.0074769046	-0.0237803755	-0.0510862584	0.1449862379	-0.0833698297	-0.0265983374	0.0346896274	-0.0023484481	-0.0716071123	-0.001566194	-0.0102796277	0.091008482	0.0297487102	0.0344472591	0.0866123252	-0.0325383044	-0.0587320705	-0.0283245673	0.0160439684	-0.0343833487	0.0971632563	-0.0366451279	0.0611330247	-0.0463541095	0.0642682531	0.0849875655	-0.0209590204	-0.0229013732	0.0679459293	0.17520304	0.0274200617	-0.0408934631	-0.0512142602	0.0551277785	0.1369363302	0.0241980541	0.1121520668	-0.0191801247	0.0041914662	0.0109672351	0.1291830578	0.0131081319	0.0247909209	0.1948368724	-0.1410465503	0.0810154827	-0.0729479834	-0.1471573475	-0.0569086528	-0.0515114065	0.0777786791	-0.0410905617	0.0221125413	-0.0508584385	-0.0568927462	-0.0674408204	0.0232312268	-0.0070251146	0.0261018792	-0.0374362751	-0.1178646502	-0.0704913091	0.0818278729	0.0146573483	0.1153708448	0.067356242	0.0395929561	0.0944430452	-0.0216981807	-0.0220492249	0.0328980625	0.1375023172	-0.0362300736	0.0204173586	-0.0425418442	0.0715759807	0.0594562803	-0.0315467632	0.1219898504	-0.0123781504	-0.0234383993	-0.0900357802	0.0292511054	0.0177517497	-0.1519593418	-0.1589156636	-0.0352297619	-0.0080239534	0.0065768141	0.0643696073	-0.1034000122	0.1359083759	0.0482658746	-0.0521047258	0.0739992058	-0.0930537328	0.0458549874	-0.171777652	0.1334368694	-0.0929539513	0.0170981467	-0.0507109051	0.0521764751	-0.0366479584	-0.0836469676	0.0251182578	-0.137897784	-0.0390343898	0.0489520093	-0.1278421151	0.0496502688	0.0868727153	-0.0581730646	0.0802408289	-0.0216850207	0.0433876743	0.0442275524	0.0398527763	-0.0110788603	-0.1007008652	0.0714208455	-0.0287576717	-0.019294242	0.0637307152	-0.012435622079522	0.008019414237765	6.431100471686801e-05	0.0001546446965046	-0.0085204490037114	-0.0244411774379926	0.0005973711545554	7.25980512248466e-05	0.6779068425869497	0.0531227148874506	0.0028220228370133	0.4595576872262074	-0.0121273507242136	-0.0008300540925124	0.000147072635588	6.889897964965851e-07	-0.0009388407155404	-0.0004861710910504	8.814218891564102e-07	2.3636232977323355e-07	-0.0001141958921257	0.0001238665105305	1.3040701778384512e-08	1.5342912431027236e-08	0.0	0.0	0.0	0.0	0.0	0.0	0.0	0.0	0.0	0.0	0.0	0.0	0.0	0.0	0.0	0.0	0.0	0.0	0.0	0.0	0.0	0.0	0.0	0.0	0.0	0.0	0.0
1022.760885419044	-3.275521251576606	1046039.828743147	10.729039469529976	1707.8598488849143	14.334232894233992	2916785.263433202	205.4702326661398	922.3877439534056	-0.0818293864252837	0.0066960484827384	850799.1501954532	1016.373565273046	1142.286706850456	1.382699	32.22538	0.0905273864165902	0.0561539650257757	-0.066364904	-0.0108230672	0.0953995503	0.0019245838	0.1105614564	-0.128527792	0.0220752602	-0.0473252521	0.0345034651	0.1059863797	0.0327220764	-0.0272138175	0.0704779163	-0.079784802	0.0620733709	-0.0231768639	0.0143404518	-0.0031508532	-0.0330544838	-0.0106750631	0.1934956909	-0.0662736482	0.0700333585	0.0672670859	-0.220393509	0.1290636221	-0.0809997611	-0.0304240085	-0.0019973485	-0.0602063509	0.0268729719	-0.1012605515	0.0544564364	-0.0591918412	0.1119919818	-0.0982365004	-0.0432489263	0.0210153366	-0.1078102699	-0.0374207992	-0.0047271093	-0.0260698979	0.0548052907	-0.1605841803	-0.0074614481	-0.0174763778	0.0303604979	-0.0906277551	0.0541546061	0.0030170368	0.0332509507	0.0045789919	0.092687248	0.1218859219	-0.0688428256	0.055030969	0.0913112377	0.0782291616	-0.1402218257	-0.1107089617	-0.0775559009	0.0286205646	-0.0888405779	0.0379897767	0.0762278855	0.0641802889	0.122701793	0.0453887511	-0.0244873163	-0.0307283697	0.0968216034	-0.0751639498	0.0434331297	-0.1122104828	-0.122007955	0.1723683384	0.0077806832	-0.0546534316	-0.0584663011	-0.0747830582	0.1438015496	0.1391765782	0.0470011617	0.0616969722	-0.0088797191	-0.0162119021	-0.0589699698	0.0245392806	0.080581924	-0.0099413474	0.0801391752	-0.110728425	0.0019848409	0.0963341983	-0.0149266197	-0.0417364771	0.0499797552	-0.0362678959	0.1807699256	0.1110992485	-0.0743289089	0.0102994555	0.0801709146	0.1285629919	-0.1064016177	0.1824526107	-0.0459218325	-0.0640062097	0.1659882438	0.0820797779	-0.061022039	-0.0750495454	-0.0025242799	-0.0800256263	-0.107712055	0.0167847347	0.0093478144	0.0223971631	0.0901195069	0.0080930677	0.059275591	0.1481727849	-0.1342343735	-0.0434835158	-0.1015925006	0.0746675401	-0.0349494174	-0.0107567634	0.0546199342	-0.0116961240014461	0.0007394980780758	5.468574074779496e-07	0.0001367993166572	-0.0601915922059674	-0.051671143202256	0.002669907039828	0.0036230277722894	0.6739277896051163	-0.0039790529818333	1.5832862632236635e-05	0.4541786656020379	-0.0118643524351139	0.0002629982890997	0.0001407628587045	6.916810006936999e-08	-0.0006346602811935	0.0003041804343468	4.027936725246125e-07	9.252573663946873e-08	-0.0002297710117676	-0.0001155751196419	5.279471784870658e-08	1.33576082802395e-08	0.0	0.0	0.0	0.0	0.0	0.0	0.0	0.0	0.0	0.0	0.0	0.0	0.0	0.0	0.0	0.0	0.0	0.0	0.0	0.0	0.0	0.0	0.0	0.0	0.0	0.0	0.0
1022.4316069953056	-0.3292784237384012	1045366.3909830032	0.1084242803396461	1681.3368118286132	-26.523037056301064	2826893.4748100056	703.4714946899194	920.521730279345	-1.8660136740605824	3.4820070317810727	847360.2559164792	1015.599889084283	1161.8419578459636	1.35819	31.654167	0.211947045285136	0.1138393854615054	-0.0397816852	0.126621976	-0.0393116703	0.0352314064	0.0903062716	0.0621087154	0.0338223586	-0.074352893	0.1190075831	0.0011572895	0.0674704366	0.0021783726	-0.0901765074	-0.0682217147	0.0119622083	-0.0275404224	-0.0281146211	0.0004230531	-0.0122913651	0.0850880714	0.0390150601	-0.1120065684	-0.1595428138	0.1948544866	-0.0769233505	0.1160683888	-0.0902112732	-0.1128123605	-0.0835442298	-0.0204924274	0.0702305352	0.0751843337	0.0181676421	0.0251367147	-0.0373211466	-0.0825574479	0.1040894757	0.041451224	0.1530651112	0.0451574373	-0.0515830957	-0.0694717662	-0.0709390988	0.0311011257	-0.010443844	-0.0239110242	-0.0217637967	0.0016553917	0.0584068297	-0.0344805376	-0.0492947481	-0.0541361718	0.0268466048	-0.0344695263	-0.0882566565	0.1271230288	-0.0502874241	-0.0365197852	0.0709496819	0.0248386058	-0.056680229	0.1066805322	0.0442668959	-0.0074624492	-0.0596775184	0.0629307092	-0.0406612948	0.1296719171	-0.0469960905	0.1942164474	0.0119234377	0.0732575696	0.1381707258	-0.0557692579	-0.0731770308	0.0180934323	0.1297007197	0.0752650646	-0.1075289857	-0.0801997086	-0.025164066	0.0655755763	0.1338939927	0.0080161111	0.0939012855	-0.007134175	0.0720744877	0.0567612856	-0.0255097343	-0.0238377283	0.0037147736	0.0223237646	-0.0097963024	0.0946552104	-0.1197762443	-0.0003450479	-0.019320888	0.0072031575	0.0040457363	0.0316430409	-0.0771712575	0.0760098722	-0.0210785034	0.1197990809	-0.1375232677	-0.0076890335	-0.1093764129	-0.0519064653	-0.0869531126	-0.1514758007	0.0841059611	0.0291384535	0.0819881853	-0.0538262721	-0.0779663404	0.020144502	-0.0421526272	-0.0020228568	0.0484106967	-0.021225757	0.0113748442	-0.0151728239	-0.0150850878	-0.0970016638	-0.1024459312	0.0778019275	-0.0410229053	-0.0021545924	0.0449960313	-0.0264807913074491	-0.014784667306003	0.0002185863873491	0.0007012323082686	0.0221237639493381	0.0823153561553055	0.0067758178589747	0.000489460931286	0.6230962049861688	-0.0508315846189475	0.0025838499948732	0.3882488806681657	-0.0109188383589791	0.0009455140761347	0.0001192210311095	8.939968681690435e-07	-0.0009376014691127	-0.0003029411879192	8.790965148822934e-07	9.177336333789604e-08	-0.0002616244918112	-3.185348004360001e-05	6.844737471546866e-08	1.0146441908880243e-09	0.0	0.0	0.0	0.0	0.0	0.0	0.0	0.0	0.0	0.0	0.0	0.0	0.0	0.0	0.0	0.0	0.0	0.0	0.0	0.0	0.0	0.0	0.0	0.0	0.0	0.0	0.0
1020.5196864495626	-1.911920545742987	1041460.4304311136	3.6554401732341617	1689.5011765521506	8.164364723537346	2854414.225571101	66.65685133894105	920.8435158109338	0.32178553158883	0.1035459283399059	847952.7806110415	1016.5900547603138	1120.5780237007978	1.484561	34.599396	0.179452528433169	0.0966433108969254	-0.1119085178	-0.1036772526	-0.0284680556	0.0208133601	-0.0182102599	-0.1291859934	-0.0182171162	0.1106874306	-0.0230901469	-0.0200404666	0.1403223899	-0.0323142976	-0.0315203838	-0.0922528198	-0.0149719294	-0.048880235	-0.0094860043	-0.0357555925	-0.0042117523	0.0718698173	0.0540662118	-0.1875238582	-0.0815561844	0.0598087499	-0.0437766479	0.0775145971	-0.0469588341	0.053385299	0.0852097869	-0.0801973047	-0.0593309362	-0.0877537871	0.0235719562	-0.0692885812	0.1481815948	-0.036098007	0.064600801	-0.0093723774	0.0417387875	-0.0964136342	0.079493684	0.1094642234	0.0551239313	-0.0127549668	0.140609173	-0.002317875	0.1032298975	0.0274629435	0.0807375174	0.0731246593	-0.064779224	-0.0403843764	-0.1891162376	-0.0915417283	-0.033019195	0.1246519599	0.1013284803	0.0577770637	-0.0676075233	-0.079319834	-0.082683462	0.0479278207	-0.0078712085	-0.1238021144	0.1033454115	-0.0039768238	0.003783144	0.0530740409	-0.0229574652	0.0603044481	0.0939668882	-0.0565137987	0.1938941638	0.0835607295	0.0187624622	0.0443678946	0.0488956518	-0.0066994489	-0.0108387511	-0.0588426262	0.0179821168	0.1317455728	0.1198393669	0.0593943459	-0.0425647504	0.0545820983	-0.0111923196	0.0432372412	0.1364535246	-0.008067174	-0.0263170947	0.0816178105	0.0932625194	-0.1456422828	0.0467964014	-0.0041408849	0.0529732032	0.0997886801	0.1220870815	0.0593617066	-0.1113545064	0.005818792	-0.0741302033	0.1150469382	-0.1893165121	0.0601547882	-0.1849671945	0.0187375889	0.0407047038	-0.0280687062	0.0313329505	-0.0266378172	-0.0162443709	-0.1259085641	-0.0311355534	0.0858444689	0.1175389777	0.0214327605	-0.1020983419	0.072755391	0.0329617484	0.1072217088	0.0371757549	-0.0397724166	-0.103260836	0.0808192935	-0.0469575846	0.0064605365	0.0349494174	-0.0141727050578026	0.0123080862496465	0.0001514889871287	0.0002008655686554	-0.0015332999425936	-0.0236570638919316	0.0005596566719869	2.351008713957537e-06	0.6892341708185796	0.0661379658324108	0.0043742305244491	0.475043742223975	-0.0119553862820431	-0.001036547923064	0.0001429312611528	1.0744315968082936e-06	-0.0005402810431072	0.0003973204260055	2.919036055410041e-07	1.5786352092119205e-07	-0.0003747443919253	-0.000113119900114	1.4043335927946285e-07	1.2796111801823952e-08	0.0	0.0	0.0	0.0	0.0	0.0	0.0	0.0	0.0	0.0	0.0	0.0	0.0	0.0	0.0	0.0	0.0	0.0	0.0	0.0	0.0	0.0	0.0	0.0	0.0	0.0	0.0
1022.766694952424	2.2470085028613767	1046051.7123039048	5.049047211931326	1686.8305016227391	-2.6706749294114616	2845397.141204822	7.132504578586915	922.071045649058	1.2275298381241555	1.5068295034851154	850215.0132243471	1012.723241434886	1129.609263621086	1.556688	36.280403	0.3252945096206167	0.2001275220033611	-0.0274973949	0.0540756566	0.0656833878	0.0309225494	0.0354726347	0.0553026367	-0.0389024448	-0.0526024041	-0.0665095395	0.0131317234	0.0266569881	0.01068478	-0.0228557262	-0.0105082293	0.0679691795	-0.0488076997	-0.0242924002	0.1764609143	-0.3946547876	-0.4499333283	-0.206454758	-0.4102226488	-0.2616899421	-0.0875054213	-0.1014993809	-0.1420405017	-0.0242093985	0.0116479188	-0.0333864544	0.0300820928	0.1164319805	-0.1310232044	0.0457493429	0.041011836	-0.0802186218	0.1517820959	-0.1060322901	-0.0813487999	0.0131147438	0.0409261706	0.0456708193	0.0770712388	0.0437864789	0.0844761154	0.0454396172	-0.0761191393	-0.0460203004	-0.0343921879	-0.0697788522	0.0789381949	-0.0063646697	0.091476265	0.0824178139	0.0236161983	0.071787041	-0.0847273096	-0.0066372518	0.0231818819	0.044716182	0.071010463	-0.0272390567	-0.0651102218	0.010020534	0.191873645	-0.0180808015	0.0348076805	0.0434952981	-0.1640423874	-0.1285078437	-0.1017563789	-0.1794769208	0.0038842812	0.6979892704	0.0091873153	0.0785631095	-0.167610415	-0.1169666484	-0.1587467954	-0.1668749617	0.0883571174	0.0730704729	-0.0992069888	-0.1129740938	-0.0025853779	0.0525343459	-0.0247262379	0.0719700033	-0.1030273171	-0.0187139701	0.0332935628	-0.0345149321	0.1131314167	-0.0799060763	0.0048541764	0.1097705558	-0.0435399363	-0.0963921767	-0.0130175125	0.0018259998	0.0061641509	-0.0212111292	0.1217604952	-0.0202132921	0.1366564168	0.0004490923	0.2331649262	-0.0523381511	-0.1238621076	0.1116319023	-0.1520738317	0.2224253691	0.2302383585	-0.0888911411	0.1905746418	0.2098355071	0.1095632623	-0.0159627891	0.2735768476	-0.2036392044	-0.2859485332	0.0673276882	-0.0447265405	-0.0776856658	0.0005111697	-0.1040369087	0.0837150996	-0.0527333744	0.0150368111	0.0245744743	-0.0065550258424167	0.0076176792153859	5.802903662852235e-05	4.2968363794750766e-05	0.0406903680635792	0.0422236680061728	0.0017828381398955	0.0016557060531495	0.5508724185277316	-0.138361752290848	0.0191439744969939	0.3034604214945923	-0.0096472108739894	0.0023081754080537	9.306867764721931e-05	5.327673714343869e-06	-0.000240053672283	0.0003002273708242	5.762576557655396e-08	9.013647419201168e-08	-0.0005081698152116	-0.0001334254232863	2.582365610921917e-07	1.7802343579128327e-08	0.0	0.0	0.0	0.0	0.0	0.0	0.0	0.0	0.0	0.0	0.0	0.0	0.0	0.0	0.0	0.0	0.0	0.0	1.0	0.0	0.0	0.0	0.0	0.0	0.0	0.0	0.0
1024.9995577485256	2.232862796101585	1050624.0933846731	4.985676266214591	1693.300491001295	6.469989378555965	2867266.552825227	41.860762558627	923.3166129628	1.2455673137420715	1.5514379330626409	852513.5677730971	1021.4861820383478	1147.2478836198484	1.553301	36.201458	0.0680769435548401	0.0446652693063083	-0.0285542177	0.0172709957	-0.1400496651	-0.0273154508	-0.0059905471	0.1073385822	0.051334398	0.1265819791	0.0429262675	0.1309967756	-0.0187156384	-0.0974656963	0.0559601093	-0.0592052668	0.0941346616	0.0105794934	-0.0353179165	0.1675569437	-0.0173872231	0.0105199988	-0.0194337479	-0.1076373021	-0.1255631574	-0.0446254768	0.1264839048	0.0666943771	0.0002723747	-0.0216796587	-0.107315581	-0.0055200107	-0.0998052304	-0.0473626157	-0.0376038051	-0.0459971275	-0.0145154269	-0.0172153112	-0.0385667757	-0.0546746591	0.0147070497	0.0938406295	0.0805203652	-0.1819009015	0.0546078543	-0.202011644	-0.0264330104	0.0777863856	0.1085036619	0.121338246	0.1515386224	-0.0048277991	-0.0580391631	-0.041639122	0.0678507491	-0.1265087795	-0.0748697067	0.0073233008	0.035295178	0.1355318873	0.0763291487	0.0213359035	-0.0433652558	0.1660401022	0.20088118	8.44995e-05	-0.0217929573	0.0171236236	0.1081199878	0.0297238087	-0.004040127	-0.0150278875	-0.0055298493	-0.1705628814	0.1331998639	-0.1211615088	-0.0173886856	-0.1300237468	0.100141221	-0.028313272	0.0654094598	0.0774769517	-0.1176479606	0.0729804386	-0.1099109405	-0.0263122163	-0.028443995	-0.0980075722	0.1447783534	0.0101206378	-0.096971815	0.020376387	0.0017707022	-0.1211764823	-0.0307545414	-0.0934121243	-0.1398240326	0.0816933062	0.1535649266	-0.0585120468	0.1865888147	-0.0579510015	-0.0454797729	0.1099016572	0.0744501415	0.2256132635	-0.1208438881	0.0099809485	-0.0999782023	-0.1644431316	0.0624740123	-0.00817853	0.0213766741	0.0111193175	-0.135281249	0.1466736703	0.1621763706	-0.0426005022	0.1003878641	0.04644647	-0.1454854612	-0.0109321825	-0.0064132229	0.1584629721	-0.0482324306	0.0582294923	-0.1047738574	0.0864849902	-0.0583307311	0.0235226525	0.0139686685	-0.0064373229241994	0.0001177029182172	1.3853976956868376e-08	4.143912643042311e-05	0.0450314555797035	0.0043410875161242	1.8845040822650216e-05	0.0020278319916268	0.547402481408028	-0.0034699371197035	1.2040463614696633e-05	0.2996494766516665	-0.0104612194785286	-0.0008140086045391	0.0001094371129779	6.626100082638552e-07	-0.0003149924343706	-7.493876208759998e-05	9.922023371071673e-08	5.6158180632219125e-09	-0.0001941528618225	0.000314016953389	3.7695333753866786e-08	9.860664701577217e-08	0.0	0.0	0.0	0.0	0.0	0.0	0.0	0.0	0.0	0.0	0.0	0.0	0.0	0.0	0.0	0.0	0.0	0.0	0.0	1.0	0.0	0.0	0.0	0.0	0.0	0.0	0.0
1027.9998057847313	3.000248036205676	1056783.6006934452	9.001488278756014	1697.7691886570142	4.468697655719097	2882420.217953096	19.96925873822936	923.8713174250454	0.5547044622453541	0.3076970404349075	853538.211160689	1013.9847582487712	1130.9131995909963	2.180759	50.825081	0.5271556417302592	0.359421796162728	0.0865407361	-0.1516200136	0.1178522031	-0.0447616509	0.0122555904	-0.0934570498	0.0748385744	-0.0811154125	-0.0421291647	-0.1132596919	-0.2089010839	0.0421813571	0.0632435092	0.2280764193	-0.0892513579	-0.0426277359	0.2182802249	-0.1584029907	0.1424441754	-0.4404521517	-0.0685126946	0.0341688579	0.2007072823	0.1471318199	0.1047175903	-0.1353640724	-0.1733493518	-0.1691129621	0.0422615532	0.03316712	-0.2131605295	0.0121248473	0.0553996829	0.1117670815	0.1178219357	-0.1798362707	-0.1188554932	0.1000253696	0.1067834778	-0.0007529547	-0.0066472283	0.0263727745	-0.0481890511	-0.0962145747	0.1226051437	0.0061166031	-0.0819863174	-0.070735814	0.0408102942	-0.0165864355	0.0604629177	0.0349049365	-0.0715476027	-0.1637221221	-0.0748122776	-0.0529837675	-0.0001982237	0.0047528947	0.0442863637	-0.1401616613	0.2060282851	-0.1520761287	-0.1856818926	0.0826855655	0.0637187564	-0.0555856518	-0.0551277476	-0.0382987705	0.2647615256	0.0181180025	-0.4531043527	0.1959046633	-0.0028889806	0.1418244505	-0.2391369423	0.1254778379	0.0961553091	-0.0595754033	0.1170275789	-0.0915069946	-0.0078626841	0.0684704379	-0.1893391059	-0.0501429117	-0.0985917806	-0.1539692728	0.0407273661	0.1834666086	0.1278834839	0.0019861314	0.200856725	0.116732791	-0.0250367375	-0.1181842959	0.0446581249	-0.0144814236	0.0780513266	0.0056944384	0.0200898369	-0.0269380521	0.1130303887	-0.0169691067	0.044712292	-0.109350759	0.2707831479	0.0794552854	0.0483200496	0.0712355878	0.3090332879	-0.0897104718	0.3692409117	-0.0122723713	0.3095457724	0.3272727671	-0.1365994564	0.1277364227	-0.0512743595	-0.1620055546	-0.0230629496	-0.0411619602	0.016737228	0.0231239805	-0.0208153033	-0.2289072539	-0.1054714048	0.0891247992	-0.0637307152	0.0318670259	0.0032316354	0.0049922754281226	0.011429598352322	0.0001306357184954	2.492281395023669e-05	0.0124254064476048	-0.0326060491320987	0.0010631544400048	0.0001543907253881	0.6225778023888466	0.0751753209808185	0.0056513288845691	0.3876031200273258	-0.0034488337402967	0.0070123857382318	1.1894454168208926e-05	4.917355374175814e-05	-0.0010153995084585	-0.0007004070740879	1.0310361617777636e-06	4.905700694323732e-07	-0.0006402535148031	-0.0004461006529806	4.099245632177234e-07	1.990057925897177e-07	0.0	0.0	0.0	0.0	0.0	0.0	0.0	0.0	0.0	0.0	0.0	0.0	0.0	0.0	0.0	0.0	0.0	0.0	0.0	0.0	1.0	0.0	0.0	0.0	0.0	0.0	0.0
1028.3002266634603	0.3004208787290281	1057401.3561561238	0.0902527043763214	1683.7933423249617	-13.97584633205247	2835160.0196578656	195.32428069714447	924.7827368721704	0.911419447125013	0.8306854085976644	855223.110416782	1015.7088196932762	1143.0865058603365	1.615099	37.641716	0.1913009877201378	0.0966770820061674	0.0717188254	0.0401651037	0.0323219365	-0.0556231938	-0.0473134601	0.0560178675	0.0028386915	-0.0842336716	-0.1141977353	-0.0226045471	-0.0591567064	-0.0007118112	-0.1499930203	0.1096103664	-0.0326217445	-0.0823537108	0.229024629	-0.0428505148	-0.0404757685	-0.1108391672	-0.0679615153	0.2125979572	-0.0353011549	0.2097137301	0.0916366489	0.0142952308	0.0532552425	0.0112198676	-0.0533838758	0.1237198784	0.0959367201	-0.0883289344	0.1405011709	-0.0888479022	-0.0221123411	0.0442188986	-0.0036453514	-0.0819783303	0.1345089964	0.0136758407	-0.0219352512	-0.0306194463	-0.1494129095	0.0269429926	0.0153803736	0.0126884374	0.1329636444	0.015947457	0.0039638355	-0.0717302166	0.0545543688	-0.0582097454	0.0075566691	0.097521527	0.1492448226	0.0565703489	-0.1258831191	0.0732979286	0.1683243679	-0.0013347523	0.0977280215	-0.0918905828	0.0047611617	0.0588952185	0.0306949711	0.0617915551	-0.0386340879	0.122409681	0.2053205565	-0.0668171177	-0.1711393176	0.0892640718	-0.1002956141	-0.066124135	0.2601659804	-0.042421065	0.0983299485	-0.1926006081	-0.1165795788	-0.0397707524	-0.0266994704	-0.0657945465	0.0635205788	-0.032284171	0.0691654513	-0.0965343793	0.0429024832	-0.0361174256	0.1602847806	0.0183343946	-0.1340198633	-0.0217604543	0.0863135259	0.1634736531	-0.0400401651	0.0136167309	-0.0007298047	0.017369418	-0.1143074188	0.0436166736	0.0700540767	-0.0137190086	0.038165697	-0.1264827484	0.1494875312	-0.085683789	0.1095913517	0.0418020197	-0.0671373371	0.059290049	0.039277498	0.194509514	-0.0304571217	0.1082118159	-0.0564662973	-0.0660440903	-0.0172752339	-0.0006497378	0.1155572135	-0.0413472761	-0.0095608664	-0.1524844579	0.0282736687	-0.1862358014	-0.1061292888	0.091630556	-0.0689150546	0.0400197472	-0.007535757	-0.010681028090417	-0.0156733035185396	0.0002456524431842	0.0001140843610682	0.04499876156477	0.0325733551171652	0.0010610234635889	0.002024888542363	0.6693271723245147	0.046749369935668	0.0021855035893819	0.4479988636119305	-0.0040612946101536	-0.0006124608698569	1.6494113910462685e-05	3.751083171058712e-07	-0.0022916353496662	-0.0012762358412076	5.251592575839726e-06	1.628777922383125e-06	-0.0006776559867138	-3.7402471910699935e-05	4.592176363290538e-07	1.3989449050306975e-09	0.0	0.0	0.0	0.0	0.0	0.0	0.0	0.0	0.0	0.0	0.0	0.0	0.0	0.0	0.0	0.0	0.0	0.0	0.0	0.0	0.0	1.0	0.0	0.0	0.0	0.0	0.0
1024.7369693257567	-3.5632573377035897	1050085.8563029368	12.696802854698474	1701.539060377038	17.7457180520762	2895235.173988773	314.9105091837831	921.185148764435	-3.597588107735419	12.942640192919312	848582.0783041542	1014.6552094714324	1145.1780890640148	1.399659	32.620647	0.4525726526753527	0.2445649214054414	-0.0289470452	-0.0369637185	-0.1040872222	-0.0590207057	-0.0850967715	-0.0074110453	-0.1691354578	0.0218729843	0.0953515987	-0.1319726715	-0.1539073799	0.0655365697	-0.051952001	0.0068469035	-0.0810435204	-0.0588037945	-0.0022638219	-0.0348808812	0.045006546	0.0398621491	-0.0828925104	0.1439859671	-0.1025650692	0.1046582663	0.1113141996	0.09041093	-0.0116023446	0.1841622037	0.0317738075	0.0408899444	0.002834831	0.0031756754	-0.2026797061	0.0068477204	0.0984747899	0.0152100814	0.0373565544	0.0495523983	-0.064514456	0.0591934405	0.1660252413	0.0262686864	0.2305868222	-0.0346759928	0.1633549594	0.0264297381	-0.0669155848	0.0514217217	-0.1084332706	0.0229558722	0.0803903959	0.0334139935	-0.0756607414	0.0597651261	-0.0837298001	-0.0180782128	-0.1721296038	0.1024268841	0.0094767589	0.1367808417	0.0066336319	-0.0541393316	0.0053333142	-0.0738721025	0.0176428718	-0.0955134854	-0.1764257407	-0.0404714657	0.043694965	0.1659817036	-0.0007569643	-0.0228068936	-0.0892400824	0.0477765706	0.1790569815	0.07207963	0.1170174127	-0.0763752897	0.0953962544	-0.0229794671	-0.0742219377	0.0181354828	0.0133582128	0.1793528336	-0.0961937562	-0.0266715027	0.0116542521	-0.1784490483	-0.1148177087	0.0053897424	-0.0269729234	0.0300506312	-0.1431733032	-0.1345705693	0.0389747856	-0.019659106	0.0386787019	-0.2621780952	0.0320686754	0.1370877281	-0.0204513675	-0.0970249419	0.0420534911	-0.1441157983	0.0166049606	-0.1944771095	0.1055257345	-0.0186217386	-0.1430279662	0.1828440233	0.0231399985	-0.1495452283	-0.2066732537	-0.0746942885	0.0653762172	0.1611040055	0.0952834762	0.0463088836	-0.1473641858	-0.084908323	0.2778962063	0.0481968559	0.0961044307	-0.073789992	-0.106747262	0.0939984918	-0.0738662073	0.0479317851	-0.0182323554	0.0108932644619272	0.0215742925523442	0.0004654500991341	0.0001186632106374	0.2393919380385796	0.1943931764738096	0.0377887070595776	0.0573084999978671	0.7754051866190537	0.106078014294539	0.0112525451166724	0.6012532034357294	-0.0054428204663866	-0.0013815258562329	2.962429462931684e-05	1.9086136914403216e-06	-0.0012852713261024	0.0010063640235637	1.6519223817010218e-06	1.0127685479235202e-06	-0.0004550024794174	0.0002226535072963	2.0702725627598157e-07	4.957458431138802e-08	0.0	0.0	0.0	0.0	0.0	0.0	0.0	0.0	0.0	0.0	0.0	0.0	0.0	0.0	0.0	0.0	0.0	0.0	0.0	0.0	0.0	0.0	0.0	0.0	0.0	0.0	0.0
1027.894041194556	3.157071868799221	1056566.1599232757	9.967102784763409	1689.891436634893	-11.647623742145017	2855733.067611942	135.66713883858026	922.1575720909084	0.972423326473404	0.9456071258696004	850374.5877645989	1012.3728958565848	1141.727942382009	1.529098	35.637386	0.4290929009586398	0.2552111899005542	0.0708089752	-0.0412334412	-0.007174297	-0.0910812025	-0.0584018615	0.0172795018	0.0200003678	0.1209532324	-0.0496111564	-0.0801946546	-0.0734802536	-0.0042071399	0.187096567	0.0837669365	0.0035385985	0.0656250308	-0.1287968891	0.1664518915	-0.0087444077	-0.1580230272	-0.1491584595	0.0559543704	0.1008803579	-0.0815530983	-0.1821362402	-0.1164858094	-0.0271547645	0.2811585777	0.100478101	0.0070956392	-0.1912291246	0.1461989755	0.0398138979	-0.0283659732	-0.2156501465	-0.0942666398	0.2014401621	0.017987722	-0.0040422798	0.0993414918	-0.0095027554	-0.0200697372	0.0033030883	0.0193332206	-0.1612809766	0.1257025939	-0.0292681947	-0.0161911771	0.0650857824	0.1248622185	0.134981439	-0.1493126042	-0.0113589737	-0.0487835331	0.0366764073	0.1842289916	0.0784650177	-0.050527472	-0.0888015848	-0.1112142315	0.0710693633	-0.0968279571	0.0317984218	0.0337005325	0.0245445043	-0.174523975	0.0875561591	-0.286787034	-0.1599305968	-0.1079868883	-0.0490900659	-0.0159416344	-0.0090245388	0.1855616365	-0.0532521974	0.1185406606	-0.0337789946	0.074450693	-0.0892335241	-0.0556666093	-0.1744290909	-0.2319023955	0.052743934	-0.1944958079	0.0177665005	0.0639842201	0.1303764554	-0.100868895	0.0484103533	0.0152215225	-0.1466721269	-0.0928268674	-0.0548594806	0.1156955473	-0.1586198203	0.048141271	0.0929018176	0.0093796261	-0.094824316	0.1427646317	0.1108331564	-0.0426982928	-0.0203287626	-0.069041719	0.2505656926	0.0065247707	0.0782452947	0.060070585	0.1133370968	-0.0296498051	0.0584674501	-0.0696494195	0.2114993048	0.0023882683	0.0465309965	-0.2489271467	0.0276757929	-0.10403031	-0.2500033309	0.1266054093	0.2035035043	0.4070673165	0.2735011654	0.0733039555	-0.1073250918	0.0962250449	-0.0785674201	0.0555555556	-0.0287576717	-0.00554672923937	-0.0164399937012972	0.0002702733928986	3.07662052548821e-05	0.139181711522113	-0.1002102265164666	0.0100420894984815	0.0193715488222246	0.6089987128241177	-0.166406473794936	0.0276911145208647	0.3708794322214321	-0.0027331818528558	0.0027096386135307	7.470283040780265e-06	7.342141415937113e-06	-0.0013061403972483	-2.08690711458999e-05	1.7060027373239466e-06	4.3551813049263176e-10	-0.0002647860251753	0.0001902164542421	7.011163912813459e-08	3.6182299464436945e-08	0.0	0.0	0.0	0.0	0.0	0.0	0.0	0.0	0.0	0.0	0.0	0.0	0.0	0.0	0.0	0.0	0.0	0.0	0.0	0.0	0.0	0.0	1.0	0.0	0.0	0.0	0.0
1025.2426914599932	-2.6513497345627	1051122.576392131	7.029655414965701	1702.6750091552735	12.78357252038063	2899102.186801911	163.41972638383078	924.81807238281	2.6605002919015988	7.078261803208492	855288.4670058563	1020.5258372616112	1180.0941023481778	1.675953	39.05999	0.2662157587253153	0.1533897142077879	0.1729421069	0.0629095091	-0.0091125547	-0.058598349	0.1752038559	0.0214686134	0.1715324323	-0.0900274894	0.2202236678	0.0763076091	-0.1314520181	-0.0759044934	-0.0196528389	0.1182939144	0.186377244	0.2747971047	0.017824713	-0.0393094336	-0.0091989853	0.0310457415	-0.0593542637	0.0262333926	-0.0185747398	0.0109340177	-0.1089937002	-0.0115255533	0.060667075	-0.12044776	0.219161554	-0.1960270547	-0.1223253374	0.1925595516	-0.0062805398	0.0292682868	-0.1100466808	0.0979978608	0.152202845	0.0774409905	0.0299502401	0.1652540099	-0.0241356996	0.1720713061	0.1241922518	0.1144016955	0.2047253334	0.0105310885	0.1472096245	0.0390197563	0.0021466562	-0.1330365561	-0.0249394165	0.0530625523	0.0361763912	0.0325843943	0.0089868079	-0.1632014866	0.0032233081	-0.0228238627	0.0064615515	0.0364462864	0.1355871811	0.2402631909	-0.0865510312	0.0657616526	-0.2098228315	-0.0812435212	0.0632763747	0.0509971793	-0.0708051229	0.0722515868	-0.1063968826	-0.1472795905	-0.0343323419	0.0076572835	-0.0730906258	0.011386324	-0.0861396204	0.1439737151	-0.0367240268	-0.2480544944	-0.0094990663	-0.0658820482	0.0934511372	-0.2847289267	-0.0318249333	0.1439982349	0.0235349245	0.1576677915	-0.1495729532	-0.0173521792	-0.0912794826	0.1521286904	-0.0152545319	-0.1324870546	0.2611063884	0.0499526301	0.0540292466	-0.0658335515	-0.0196638838	0.045915876	0.1613313625	-0.0171164395	0.0383828978	0.0459166953	0.2138429299	-0.0241934672	-0.0479291195	-0.1324929967	-0.1004406638	-0.259178455	-0.3790009284	-0.0195157297	0.0729154574	-0.0532535673	-0.0810715677	-0.3678888011	0.1998756509	0.0414656368	-0.1195223434	-0.0815156906	0.0272793684	0.146541396	-0.1230663109	0.0801336976	-0.1078625611	0.0983068664	-0.0830027857	0.0628452084	-0.0390128266	-0.0059781116679431	-0.000431382428573	1.860907996816256e-07	3.573781911439743e-05	0.2212005964056089	0.0820188848834959	0.0067270974775321	0.048929703850197	0.4889195397294514	-0.1200791730946662	0.0144190078110988	0.2390423163292586	-0.0023086718314237	0.0004245100214321	5.32996562520926e-06	1.802087582962823e-07	-0.0006854310871582	0.0006207093100901	4.698157752428719e-07	3.8528004763252797e-07	-0.0004932930600247	-0.0002285070348493	2.433380430685322e-07	5.2215464975664896e-08	0.0	0.0	0.0	0.0	0.0	0.0	0.0	0.0	0.0	0.0	0.0	0.0	0.0	0.0	0.0	0.0	0.0	0.0	0.0	0.0	0.0	0.0	0.0	1.0	0.0	0.0	0.0
1016.3003319999826	-8.942359460010607	1032866.3648232748	79.96579271204119	1701.579905767026	-1.0951033882474803	2895374.175710121	1.1992514309511115	924.669822720994	-0.148249661815953	0.0219779622285444	855014.2810508745	1021.0675333750636	1154.174283699371	1.686038	39.295044	0.534790032018321	0.331693758977181	0.0545678501	-0.0524489379	-0.0292853822	0.1603936055	0.2499551739	-0.1592717716	0.0368691449	0.1426127322	0.1619647588	0.1798157082	0.0783277467	0.1299641721	0.0886544829	0.0683286909	0.20351109	0.1319970812	0.1733141736	-0.24079133	0.0158441641	0.0302372417	0.0383722277	-0.1225369848	0.0524897449	-0.1035600712	-0.0397819318	-0.1244922124	-0.001986533	-0.0485741904	0.1109784682	5.06039e-05	0.0861604149	0.0670707591	-0.0337555241	-0.1278020567	-0.0003752511	0.1041722089	0.1104182099	0.0712886453	0.0265580108	-0.098452119	-0.1445103142	-0.0894768053	0.0506225252	-0.0684026517	-0.0466869836	0.0357555544	0.0030705008	0.09047931	-0.0223836284	-0.0409278717	-0.0491595631	-0.0244918468	-0.011723881	0.0826790244	0.036405863	0.0028772371	-0.1198618813	-0.0119663226	-0.1616816857	0.1039585691	0.0690577637	0.208777877	-0.2171233237	0.0152830206	0.0217927843	-0.0591530452	-0.0486392892	0.0196800131	0.1636217081	-0.267416136	0.0580604563	-0.1144381252	0.0228565412	-0.0574364411	-0.1270007021	-0.1330954281	-0.0247920579	-0.0071414089	-0.0526459624	-0.012026955	-0.0145367433	-0.0905162853	0.1915989596	0.0550239699	-0.0935262621	0.0612578559	-0.1759023421	0.0072665124	-0.0840701395	-0.0396780977	0.0736394729	0.0636762447	-0.0708405481	-0.0386870961	-0.0521190229	-0.0815058817	-0.012260421	0.0379936556	-0.0337774212	-0.0452902972	0.0690554563	-0.0110146219	-0.0041655895	-0.1336975271	0.0762221999	0.0277927032	-0.1572760839	0.1007699045	0.0045622817	-0.3126515195	-0.112045247	0.0717096203	-0.0453207037	0.0560636105	-0.1212339333	0.1005735637	0.0066720378	0.0444433493	0.2658411227	0.2491835656	-0.0092073262	-0.1058105351	-0.1491961797	0.0141543977	-0.1083594676	0.100240825	-0.0871572961	0.0697569027	-0.0489014791	-0.0101429436837463	-0.0041648320158032	1.7345825719859354e-05	0.0001028793065716	-0.0559185334190317	-0.2771191298246406	0.076795012114766	0.0031268823797353	0.6468515603036735	0.1579320205742221	0.0249425231226565	0.418416941067297	-0.0036102706201669	-0.0013015987887432	1.3034053950840292e-05	1.694159406857766e-06	-0.0012272377583961	-0.0005418066712379	1.5061125156330843e-06	2.935544689978939e-07	-0.0004252175279327	6.807553209199998e-05	1.808099460611965e-07	4.634278069608919e-09	0.0	0.0	0.0	0.0	0.0	0.0	0.0	0.0	0.0	0.0	0.0	0.0	0.0	0.0	0.0	0.0	0.0	0.0	0.0	0.0	0.0	0.0	0.0	0.0	1.0	0.0	0.0
1010.9874518318466	-5.312880168136076	1022095.6277614502	28.226695680973613	1684.4327800584877	-17.147125708538397	2837313.790535565	294.0239200644184	921.1404777394276	-3.529344981566396	12.456275998907904	848499.779730021	1016.748886816651	1120.5119861194416	1.294326	30.165739	0.344359787680641	0.2632089491138576	0.0128585502	-0.0096014783	0.0792373033	0.2743341994	0.1564288888	-0.0311322997	0.1046131846	-0.053662444	0.0065945053	0.1039529269	0.1658734204	0.0458052533	-0.0734313311	0.0468668366	0.1315525161	0.1469558239	-0.1302568383	-0.2438005262	-0.0142475389	0.0427942537	-0.0328874918	-0.0510453503	0.0496715024	-0.0416802987	0.1028748266	-0.1145104229	-0.045180177	-0.0274000906	0.117639087	-0.0013863738	0.0057505865	0.1319755455	-0.0352001311	-0.158155826	0.0356267023	0.065767392	-0.0925687596	-0.1105491625	-0.001997968	-0.0608442268	-0.1082967297	-0.0503501553	0.0380950144	0.1113951611	0.0165042999	0.1021106136	-0.0006267345	-0.0144713248	0.0548197142	0.0341421306	-0.053482736	0.1155919332	0.0226259954	-0.0452007021	-0.0721699155	0.1049915126	0.088962821	-0.0235551674	0.0807012554	0.0126736046	0.0528803175	0.2066288083	-0.1337335052	-0.040930254	-0.0992818881	0.1238782559	-0.091835194	-0.0400080894	-0.0514676396	-0.1384933717	0.0041881503	0.089917626	-0.0713448451	0.1648438539	-0.0278941466	-0.1064078853	-0.0970420389	-0.0144076708	0.0199051025	0.0690132585	-0.0622366536	-0.0960966636	0.1018759282	0.0418205387	-0.0138245169	0.096526815	-0.0188507018	0.2066989262	0.0176309881	0.0303693607	-0.0024813701	-0.0127579823	-0.0614127446	-0.149957742	-0.0411906684	0.2008814143	-0.0172297162	0.0070946178	0.0601267461	-0.0634040462	0.0610585163	-0.0491435393	0.0837167925	-0.2049184507	0.0888334548	0.1114726909	-0.1602853842	-0.0361893154	-0.0493915953	-0.0927839567	-0.1568612778	0.0863997114	-0.0028300871	-0.0515594824	0.0944424175	-0.0803745255	0.0730649	0.074420156	0.0209283498	0.0555867918	0.0441127305	-0.0591785514	-0.110895681	-0.2300662215	-0.1088156246	0.1020240119	-0.0910168938	0.0762490709	-0.0583307311	-0.0164957974230333	-0.0063528537392869	4.03587506327728e-05	0.0002721113326217	0.202331501223469	0.2582500346425007	0.0666930803928528	0.0409380363873426	0.6941617353880218	0.0473101750843483	0.0022382526665116	0.48186051487691	-0.0034679855038546	0.0001422851163123	1.2026923454945644e-05	2.0245054324004827e-08	-0.0015399323992479	-0.0003126946408518	2.371391794253394e-06	9.777793841743625e-08	-0.0006191722550587	-0.000193954727126	3.833742814344759e-07	3.7618436174521146e-08	0.0	0.0	0.0	0.0	0.0	0.0	0.0	0.0	0.0	0.0	0.0	0.0	0.0	0.0	0.0	0.0	0.0	0.0	0.0	0.0	0.0	0.0	0.0	0.0	0.0	0.0	0.0
1009.9240535500604	-1.0633982817861352	1019946.5939389853	1.1308159057057046	1676.7797319826873	-7.65304807580037	2811590.2695879326	58.56914485051176	918.7771613235032	-2.363316415924487	5.585264481778163	844151.4721696746	1015.6417457859736	1102.9339308696838	1.444722	33.670895	0.2794300202180703	0.1715465653926735	-0.0413234738	-0.1073851571	-0.0959824942	0.2662306275	-0.0191006114	-0.087215954	-0.0582618074	0.1093849691	-0.0570395171	0.0054395551	0.2110287539	0.0785075086	-0.191245134	0.0368627203	-0.1009998411	-0.0498053887	-0.0970858154	-0.2179399589	0.1912509943	-0.0496088322	-0.0162773873	-0.0554276104	0.0792908021	-0.0137178148	0.1550842518	-0.0669211067	-0.0339934658	0.0175435526	-0.0805061457	-0.00736053	0.2200328945	-0.0343178884	-0.0491829308	-0.1417144892	-0.0235726396	-0.0569906025	0.0211265223	-0.0849967261	0.0605123146	0.053346093	0.1129307471	0.0775604955	-0.0526501619	-0.0805441041	-0.0740833094	0.0569884473	0.0158548938	-0.0514687714	-0.0049041965	0.0428018346	0.0692000934	0.0263197616	0.0696223127	0.0690007173	0.147011105	-0.0833037432	0.1249930306	-0.088304999	0.0440614929	0.0281030327	0.0320506815	0.0566305104	-0.007850283	-0.2751611047	0.0967660825	0.1093483375	-0.1175584305	-0.0287020157	0.1380365761	-0.0723729669	-0.0312768727	0.2041343048	-0.0480111074	0.0713160458	0.0276273782	-0.0954844704	0.0491109972	-0.0271853639	-0.0415287225	0.1275977525	0.0606596391	0.0012029147	0.05247461	0.0782271316	-0.0581431614	0.057134643	0.0523469508	-0.0607467401	0.0187851791	-0.072656944	-0.0367560014	-0.0655154904	0.0221397735	0.0444652618	0.0234983678	-0.0538286806	0.1087592702	0.0120348353	-0.0124046075	-0.0076444281	0.0120917208	-0.0971109314	0.2129087624	-0.1929039515	-0.0500385437	0.0009718434	-0.1515756798	0.1258600191	-0.1076781552	-0.0227460131	0.0692708921	0.0151422079	-0.0140723755	0.002821037	0.1917853183	0.1518207561	0.2032256081	0.0461630857	0.1279900367	0.1682255316	0.0369004693	0.0453957439	-0.0971551465	-0.0100997235	-0.1092308605	0.103653745	-0.0945685192	0.0822826681	-0.0672120005	-0.0038458295076537	0.0126499679153795	0.0001600216882601	1.4790404601939902e-05	0.0474988761140622	-0.1548326251094068	0.0239731417982701	0.002256143232099	0.7507792785216907	0.0566175431336688	0.0032055461904928	0.5636695250575504	-0.0041790094022572	-0.0007110238984026	1.746411958415408e-05	5.055549840996308e-07	-0.0012953974806637	0.0002445349185842	1.678054632909861e-06	5.979732640698135e-08	-0.0007702111192642	-0.0001510388642054	5.932251682382117e-07	2.2812738500487456e-08	0.0	0.0	0.0	0.0	0.0	0.0	0.0	0.0	0.0	0.0	0.0	0.0	0.0	0.0	0.0	0.0	0.0	0.0	0.0	0.0	0.0	0.0	0.0	0.0	0.0	0.0	0.0
1017.9925015002672	8.068447950206746	1036308.7331107714	65.09985232519544	1684.5955282128375	7.815796230150227	2837862.093674689	61.0866707112305	917.9906685996394	-0.7864927238637165	0.6185708046905682	842706.8676360131	1010.2821695443442	1092.060575831897	1.538937	35.86668	0.0603196337496921	0.0267233381017026	-0.0689196292	-0.1238534089	0.109390621	0.1256530403	-0.1397702466	0.024501555	-0.1609598148	0.0684484041	-0.2191882998	0.1107537871	-0.0035818443	0.0975925676	0.0904040012	0.0066788213	-0.2643436334	-0.1768763825	-0.1387987221	-0.0288999217	0.0234674663	-0.0343040666	0.0297625162	0.0438717387	0.0026000236	-0.0026619664	0.0868802014	-0.0010949921	-0.1034860204	-0.0570622181	0.0752226726	-0.1275803277	0.0052124058	-0.053199316	-0.0419819173	-0.1034685751	0.0776797879	0.0457479458	0.0426304077	0.0609393637	0.027862551	-0.0215124057	-0.0212326211	0.0848238761	0.1236769298	0.0160632931	-0.0368175135	-0.076790318	-0.0393443108	-0.0349610703	-0.1169503061	-0.1058359168	-0.0429650862	-0.1154763168	0.1732399991	-0.038357956	-0.0748754893	0.0683012537	0.0956293763	-0.0064519178	-0.1299231904	0.0688400701	0.0001090522	-0.201453084	0.090718471	-0.160732436	0.1016249587	0.2130477672	-0.0820138871	-0.0999307061	0.0300292257	0.0279887494	-0.0383845759	-0.0550078154	-0.0628156607	0.00840122	-0.1322426046	-0.0484928283	-0.0017542375	-0.0250965316	0.0391765221	0.0534419413	0.0208337884	0.1134334758	0.16407514	-0.0538970683	-0.0938484971	-0.0447114292	-0.0884293113	-0.0975330573	-0.0726493575	0.0444315888	0.0296356528	0.0915833756	-0.0703099485	0.0650148588	0.1099649764	0.0573797656	-0.1119019449	-0.0275561541	0.0516708619	-0.0290563978	-0.0147976483	-0.0783676475	-0.004041484	-0.1719655302	-0.0603462854	-0.1042076456	-0.0739356496	0.0797122976	0.0267434712	0.1473794898	-0.0114322091	0.1435299505	-0.0765699282	-0.0798057426	0.2260087641	0.1707974454	0.085354031	0.048296898	-0.0148734603	-0.027262867	0.147776545	0.0443101021	0.0323174789	0.0848873801	-0.1096050192	0.105127573	-0.0978001546	0.0878214077	-0.0754618528	-0.0071678075547083	-0.0033219780470546	1.1035538145112694e-05	5.137746514133338e-05	0.0551530156993607	0.0076541395852985	5.858585279123351e-05	0.0030418551407339	0.7369628245424167	-0.013816453979274	0.0001908944005613	0.5431142047575368	-0.0044658247506615	-0.0002868153484043	1.994359070362085e-05	8.22630440802802e-08	-0.0013910204950027	-9.5623014339e-05	1.9349380175175567e-06	9.143760871276602e-09	-0.0004421082392462	0.000328102880018	1.954596952093752e-07	1.0765149987610613e-07	0.0	0.0	0.0	0.0	0.0	0.0	0.0	0.0	0.0	0.0	0.0	0.0	0.0	0.0	0.0	0.0	0.0	0.0	0.0	0.0	0.0	0.0	0.0	0.0	0.0	1.0	0.0
1024.6614552811843	6.66895378091715	1049931.0979389546	44.47494453200915	1675.6830947875976	-8.912433425239897	2807913.8341569407	79.43146955933335	922.2716537483622	4.280985148722721	18.32683384358449	850585.0033077388	1010.3592420259632	1124.5637863600118	1.56697	36.520016	0.2314110782453846	0.1206441087996983	0.0164341713	0.0629033526	0.0255019855	-0.0039650742	-0.0862705119	0.1142312772	-0.0683472053	-0.0070795733	-0.049099027	0.0625294488	0.0143300893	-0.0330842214	0.1420542394	-0.0094572875	-0.110231863	-0.0725033227	0.0280241474	0.0751725809	-0.1407511424	0.0207447007	-0.0244361809	0.1502563587	0.0342926873	-0.0455973237	0.0628182815	0.007570057	0.0868082082	0.0101971857	-0.03009699	-0.0839834102	0.0595453393	-0.0137033144	0.0270455955	-0.1380254401	-0.0048385946	-0.0124179463	0.0231426305	0.1162917702	-0.0134537261	-0.1470084447	0.0498935602	0.030848878	-0.0269977867	-0.0961649945	-0.0486422795	-0.0508096684	-0.1516649872	0.1965753614	0.0453353232	0.0309808957	0.0282773898	0.0550387696	-0.0062837663	0.1764575326	-0.0423660986	-0.0283081403	-0.0221386166	0.0357179813	-0.1197751123	-0.0429402405	-0.0206758846	-0.1904493147	0.0720434148	0.0896547662	-0.0447299358	0.0578561697	-0.0496019877	-0.0389032735	0.0186761974	-0.0602776627	0.0495293219	-0.0369264725	-0.0866536215	-0.0732908691	0.0082697333	-0.046822854	0.0784420407	0.0679267057	0.0433051655	0.0293679498	0.0215270512	0.0814114482	0.1659753034	-0.1286537606	0.0168062607	-0.1610009251	-0.0621528316	-0.1592273815	0.003072364	0.0398469468	0.0204415956	-0.1130625509	-0.0274040198	-0.0877058404	0.0202937054	-0.0978025771	-0.0859870284	0.0368703531	0.0515676862	-0.0457938499	-0.0065197068	-0.0016596775	-0.1384450783	-0.0219721054	0.0055207045	0.0753838614	0.1043511258	0.0531799313	-0.0645226522	0.0312081807	0.0559245821	0.0849302178	-0.1005719621	-0.0340929187	0.0790672343	0.0174446956	-0.0220826321	0.0176609499	-0.0389266002	-0.0277753808	-0.0489543914	-0.0272139296	0.0658688031	0.0243075906	-0.1099379598	0.1064432791	-0.1007008652	0.092831979	-0.0830027857	0.0005998386432253	0.0077676461979336	6.033632745627231e-05	3.5980639790636866e-07	0.1289378795679994	0.0737848638686387	0.0054442061361135	0.0166249767874919	0.6715255483220943	-0.0654372762203223	0.0042820371191347	0.4509465620492894	-0.0060062963006615	-0.00154047155	3.607559525134002e-05	2.3730525963594035e-06	-0.0012843129612665	0.0001067075337362	1.649459782477126e-06	1.1386497756062292e-08	-0.0004008614838126	4.12467554336e-05	1.6068992920443934e-07	1.701294833799211e-09	0.0	0.0	0.0	0.0	0.0	0.0	0.0	0.0	0.0	0.0	0.0	0.0	0.0	0.0	0.0	0.0	0.0	0.0	0.0	0.0	0.0	0.0	0.0	0.0	0.0	0.0	1.0
1026.9944674961769	2.33301221499255	1054717.636267756	5.442945995304445	1675.101606385604	-0.5814884019935107	2805965.391715632	0.3381287616529667	923.4211525216488	1.149498773286609	1.3213474297874197	852706.6249244101	1016.027987950834	1153.707584396005	1.350909	31.484472	0.1334391706939716	0.0687896873049327	0.0122256488	-0.0069530359	-0.097500889	-0.0752224434	-0.0498098284	0.1438702522	0.0928330912	-0.0069064074	0.0160743987	-0.1346095643	0.0129938589	-0.1454969037	-0.0118095801	-0.0155574944	0.0770780009	0.0700805856	0.0497838292	0.0521169684	0.041546617	0.124034609	0.0222757125	0.1250514804	-0.0592765792	-0.0167149674	0.0164567042	0.0216631426	0.0851560427	0.026442548	0.1046345119	0.0524526744	0.1156369985	-0.0253303613	0.0411422057	0.0823541219	0.0159056479	0.0433063903	-0.0781958591	0.0103974142	0.0229086095	-0.0639044603	0.0530491893	-0.0916576372	-0.0732525554	0.1019958748	0.0763385727	-0.1045944392	0.0011360373	-0.0806235258	0.0799703107	0.1022962519	0.0074323264	0.0469670007	0.0210412598	-0.0065128016	0.1150805465	0.0089998351	0.0378280998	-0.0815983267	0.1370477944	0.0015061657	-0.0027590329	0.0766971023	0.0880840786	0.0373161325	-0.0636675398	-0.1095227859	0.0399668694	0.1215307052	-0.029777373	0.035532269	0.0403420325	-0.0153877272	-0.1495418263	0.1040733958	0.1782434486	-0.0686971352	-0.0011721401	0.0408915476	-0.0471403029	-0.0840248529	0.1203792899	-0.0575653155	-0.0471247092	0.0235021247	0.126620542	-0.0746106966	0.0159922199	0.0747667367	-0.0330135311	0.0118663052	0.0085205543	0.057367544	0.1165737617	-0.0489770513	-0.0612762465	-0.0048594581	-0.107782383	0.0382063367	0.0434486432	-0.0138189555	0.0051375942	-0.015033342	0.094325119	0.0618961609	-0.0568462621	-0.1309300892	0.0923854379	-0.0573512389	-0.0303628048	0.0701206594	-0.063713428	-0.0541636969	-0.050358275	0.1312246665	-0.098127263	0.0079751372	0.1060232737	-0.0078991342	-0.0287754911	-0.029040625	-0.1071159682	0.0071952244	-0.0419723912	0.1602961216	-0.1102295573	0.1075988845	-0.103260836	0.0972842479	-0.0897639565	-0.0137607941753969	-0.0143606328186222	0.0002062277749512	0.0001893594563376	0.0970655366610486	-0.0318723429069508	0.0010158462423782	0.0094217184072973	0.6254348130372307	-0.0460907352848636	0.0021243558790993	0.3911687053589157	-0.0054418920953579	0.0005644042053036	2.961418957751879e-05	3.18552106964389e-07	-0.001442650746007	-0.0001583377847405	2.0812411749545538e-06	2.507085407652897e-08	-0.0005004286874392	-9.95672036266e-05	2.5042887121212054e-07	9.913628038020832e-09	0.0	0.0	0.0	0.0	0.0	0.0	0.0	0.0	0.0	0.0	0.0	0.0	0.0	0.0	0.0	0.0	0.0	0.0	0.0	0.0	0.0	0.0	0.0	0.0	0.0	0.0	0.0
1024.7625272025657	-2.23194029361116	1050138.2371585893	4.981557474245071	1703.821580505371	28.719974119766903	2903007.9781958205	824.8369134400807	922.049321279581	-1.371831242067742	1.881920956713124	850174.950872136	1013.7326891049646	1143.136822629166	1.227556	28.609596	0.1346269453482509	0.0718946711321136	0.0080265033	-0.0081292805	0.0893786166	-0.0887675754	0.0118201375	-0.1321929642	0.0209498065	-0.105463159	-0.0062848732	-0.0402480747	-0.0492438586	-0.0072033544	0.018557439	-0.0130995037	0.0184076458	0.0123472415	0.0399231409	-0.0765239091	-0.0305332107	0.0380382865	0.0988475676	0.0798175026	-0.0186517103	0.0124335276	-0.0296844227	0.0601442508	0.0995748147	0.002062146	-0.0325908926	0.0601006836	0.0202911841	0.0578729211	0.0535107642	0.0791692394	0.0796627642	0.0782678905	-0.0654372361	0.0545075594	-0.0543459503	0.0733573311	-0.0722844831	-0.1243927101	-0.1063125457	-0.1137444614	0.0203171141	0.0003971177	-0.0537085162	-0.0457833292	-0.0316674002	0.097220464	-0.0448537705	0.0732301214	0.0403284282	-0.0473886689	-0.0195492772	-0.0541354748	0.1101664005	-0.02255885	-0.005963606	0.0266094707	-0.0169228056	-0.0246811041	-0.1391936771	0.0350356976	0.0282809953	0.0011816696	0.0318014045	0.0564528814	-0.0208082149	0.0551603855	0.062111816	-0.0130800859	-0.0993415056	-0.089746045	0.0808063252	0.0308001542	0.0113948017	-0.0298021359	0.0368994685	-0.0861790258	0.0311136213	-0.0865374571	-0.1067243043	0.0323886046	0.0210518334	0.038929354	-0.0511833984	0.0286489886	-0.0097606981	0.0222555528	0.0939779075	-0.0190375243	-0.1443528158	0.0453265583	-0.0825713108	-0.0073238727	-0.0050333168	-0.0531447197	0.0525670801	-0.0919289212	-0.0055462463	-0.0201576408	-0.0889864621	-0.0306541046	-0.0118855466	-0.0614957011	0.0678069192	0.0040093223	0.0320395473	0.0692343487	-0.0493733913	0.043434303	-0.011002887	-0.0636041876	-0.0717168323	0.0885932599	-0.116377591	-0.0388642956	0.0753041685	-0.0092115333	-0.103607896	-0.0244783115	0.0605929823	0.0662006635	-0.110479702	0.1085926509	-0.1054714048	0.1011514379	-0.095681848	-0.0105949085600514	0.0031658856153455	1.002283172945156e-05	0.0001122520873958	0.0778265682460528	-0.0192389684149957	0.0003701379056732	0.0060569747249575	0.6912254637073403	0.0657906506701095	0.0043284097155963	0.4777926416774276	-0.004900859523676	0.0005410325716819	2.4018424070805747e-05	2.927162436207304e-07	-0.001724045721348	-0.0002813949753409	2.9723336492983456e-06	7.918313214716197e-08	-0.0003942274215061	0.000106201265933	1.5541525986734824e-07	1.127870888579302e-08	0.0	0.0	0.0	0.0	0.0	0.0	0.0	0.0	0.0	0.0	0.0	0.0	0.0	0.0	0.0	0.0	0.0	0.0	0.0	0.0	0.0	0.0	0.0	0.0	0.0	0.0	0.0
1023.9284985631464	-0.8340286394193299	1048429.5701697792	0.6956037713716586	1683.1088470790696	-20.712733426301384	2832855.391115835	429.01732598902265	921.6762932791968	-0.3730280003842381	0.1391498890706631	849487.18959288	1012.6578492312324	1151.246739036165	1.180492	27.512707	0.2180684579400382	0.142180493902787	0.0358968344	0.0999903037	-0.0284075228	-0.0096091671	0.0018736323	0.0462913922	-0.005761464	-0.0731076085	0.0756656735	-0.0853786253	-0.0382684242	0.0180553139	-0.1366770235	-0.0018635323	0.017543476	0.0802433664	-0.0821465932	-0.0013325641	0.0516835964	0.0699853515	-0.0345993628	0.055878952	0.0768496902	-0.0100897565	-0.0112677389	-0.0113547529	0.1533576917	-0.0339444536	-0.0832644846	0.0717549561	-0.1835557604	-0.1517977164	-0.0496267736	0.1874743666	-0.007699466	0.0198875452	-0.0892635397	-0.0621747616	-0.096824651	0.0155619822	0.0222009392	0.03307735	-0.0873871855	-0.0031314392	-0.0332479496	0.0016605572	0.0494070993	-0.0038235953	0.0563389167	0.0198113233	0.0460903953	0.0156543221	-0.0311128208	0.0339586539	0.0777758662	-0.029226227	0.0227372702	0.1386520465	-0.0219850978	-0.0310566172	-0.0011988177	0.0225698841	0.0091453714	-0.0025817911	-0.0936498154	-0.0439420966	-0.0097156588	-0.0259256049	-0.0804500407	0.0063747617	0.0270931541	0.1092659426	-0.0968396103	-0.0650159632	0.0636508395	0.0835596633	-0.1448963308	0.0546689307	0.0759056553	-0.0576288874	-0.0586857098	0.0275112184	-0.2603796739	0.0548704608	-0.0166984624	0.0310350397	0.0332577008	-0.0156722298	0.0621603982	0.0530959925	-0.0715216845	-0.0410853118	0.138414798	0.0452940916	0.0196730314	-0.0365428815	0.0964673923	0.1218758016	-0.0521410435	0.0162577586	0.0143852481	-0.0214609901	0.041713625	0.0262364575	0.0248841322	0.0477899927	0.1198597521	-0.0630617043	-0.048104014	0.0673894625	-0.0332469675	-0.1609970342	0.0202625951	-0.0419039861	0.0021087265	-0.0719567214	-0.0724252263	-0.0138471623	0.0537001096	-0.1136070556	-0.1068776494	-0.0917878583	0.0357781924	-0.0596355221	-0.1106882998	0.1094230837	-0.1073250918	0.1044102912	-0.1007008652	-0.0154449850620466	-0.0048500765019952	2.3523242075206e-05	0.0002385475635668	0.2120554596074271	0.1342288913613743	0.0180173952761036	0.0449675179493171	0.6590938833672766	-0.0321315803400636	0.0010324384551499	0.4344047470921572	-0.0050641659406635	-0.0001633064169875	2.564577667457623e-05	2.6668985829295327e-08	-0.0023541595119471	-0.000630113790599	5.542067007691008e-06	3.970433891031664e-07	-0.0005379654086516	-0.0001437379871455	2.89406780905683e-07	2.066060894863993e-08	0.0	0.0	0.0	0.0	0.0	0.0	0.0	0.0	0.0	0.0	0.0	0.0	0.0	0.0	0.0	0.0	0.0	0.0	0.0	0.0	0.0	0.0	0.0	0.0	0.0	0.0	0.0
1024.1280519824024	0.1995534192560626	1048838.2668572704	0.0398215671367859	1698.120286725915	15.011439646845474	2883612.5081901043	225.34332027088416	919.6587334101046	-2.0175598690922243	4.070547825371433	845772.1859374777	1013.001832608866	1136.134672665091	1.287583	30.008602	0.1600752023418351	0.1415412230330939	-0.0213525157	-0.0952412689	0.0277188802	-0.0561418219	-0.0339007991	-0.1457119803	0.0003206376	0.0351506882	0.0117726374	-0.0482113974	-0.0349595067	0.0159437943	-0.0502357653	-0.0264208546	-0.0949907236	-0.0390265407	-0.0786501792	0.0241559858	0.0756578164	0.046662425	0.1169976928	0.0759993264	-0.0335908167	-0.0331489171	-0.0382765272	0.0040516902	-0.0116023351	0.0178745087	-0.0413005292	0.0389740439	0.0606228954	-0.0209528015	-0.0073351866	0.0786418105	-0.091484654	0.0500901531	0.020195948	-0.0891927634	0.0336477714	-0.0236086976	0.0463826832	0.0758639972	-0.0967464257	0.0862803044	-0.1539562025	-0.1906029381	-0.0017379227	-0.0495064659	-0.029626285	0.1597011791	-0.0256998709	-0.0823114559	-0.0598161356	-0.0427652666	-0.0897500939	-0.1575759789	-0.0014915964	-0.0190888656	0.010580499	0.0921109828	-0.0232144877	-0.0503823671	-0.038346211	-0.1024279216	0.086312448	-0.0110495771	0.0790428114	-0.0044187626	-0.0614008122	0.1284436333	0.0801038668	0.0314528363	-0.0544205506	-0.0389096593	-0.0015531492	0.0266873516	-0.0604911274	0.0010691689	-0.000704522	0.0642413156	0.0007134715	-0.036003286	-0.0353561372	0.0463497828	-0.0442745984	-0.0451835477	0.0519186949	-0.1253968031	-0.0042937748	-0.0960772889	-0.0387919984	0.0402049786	0.057713535	0.0387437338	0.0315824251	-0.0486203914	-0.1988077456	0.0995601042	-0.0778570027	-0.0083791221	-0.005562696	-0.0244512469	-0.012626687	0.0130858334	-0.0514643077	-0.1012098688	0.042381989	0.0310740055	0.026045566	0.0721126063	-0.0107263959	-0.0289871677	0.0215559298	-0.0966825367	-0.0388293103	0.0151475718	-0.0752511985	0.0142894218	0.0441232538	-0.0143830203	-0.1180679114	-0.1098411872	0.0062982553	0.126837907	-0.1108552722	0.1100889337	-0.1088156246	0.1070412087	-0.1047738574	-0.014489876538164	0.0009551085238826	9.122322923931992e-07	0.0002099565220912	0.07092831128287	-0.1411271483245571	0.0199168719942215	0.0050308253414397	0.6575470654762512	-0.0015468178910253	2.3926455879962607e-06	0.4323681433164293	-0.0051059844776165	-4.181853695300018e-05	2.6071077485660644e-05	1.7487900328894416e-09	-0.0021839423989693	0.0001702171129778	4.76960440201578e-06	2.8973865550497176e-08	-0.000421078506535	0.0001168869021166	1.7730710866574607e-07	1.3662547886415636e-08	0.0	0.0	0.0	0.0	0.0	0.0	0.0	0.0	0.0	0.0	0.0	0.0	0.0	0.0	0.0	0.0	0.0	0.0	0.0	0.0	0.0	0.0	0.0	0.0	0.0	0.0	0.0
1024.815376357655	0.6873243752525013	1050246.555619082	0.4724147968162412	1687.0340443486753	-11.086242377239842	2846083.866791448	122.9047700469085	920.8107311335158	1.1519977234112275	1.327098754744651	847892.4025706399	1011.3429100461112	1134.2213300772569	1.124694	26.212284	0.1770083890091212	0.1231536520870564	0.0015563543	0.0915910384	0.0678391955	-0.032086103	-0.1104694365	0.0439381025	-0.0653057401	-0.0702047229	-0.0046948679	-0.0631960787	-0.0440392057	0.1080132856	-0.025525309	-0.0446550444	-0.0768225383	-0.0289097501	-0.0345235332	0.0455312249	-0.043508695	0.1200670013	-0.0436993889	0.1041771288	-0.0641593469	-0.0816411215	-0.1033514844	-0.0684680798	-0.0629222191	-0.097233583	-0.0641458995	-0.0767505686	-0.0686953967	-0.0123573611	-0.084754309	0.025463028	0.0037304648	-0.1224115642	-0.053671099	0.0106930584	-0.0175256659	-0.0523779928	0.0963677051	-0.0612860066	-0.0891642175	-0.048509499	0.0948060196	0.0350438524	0.058610642	-4.40855e-05	-0.069701395	0.0182555021	0.033203504	0.0113098812	0.0469530774	0.0396945805	-0.0197684473	0.034516099	-0.1345520267	-0.0689232914	-0.0630674476	0.074254759	-0.0455617921	-0.0910788416	0.0214486666	0.011174783	-0.0592890023	-0.0340911497	-0.0884163864	-0.0234910178	-0.0443213127	0.1247001555	0.0888875445	0.0131978507	-0.014350396	-0.0294480206	-0.0332724797	0.0349595428	-0.1888143633	0.0205076135	0.0248780395	0.0968813137	0.0754864203	0.0571900786	-0.0139610746	-0.0068847008	-0.0970501211	-0.0606870035	0.0737844894	0.0263797853	0.0332122442	0.0362230397	0.0001932148	-0.0087658149	0.0942746774	0.0487968215	-0.0571361123	0.0278384399	0.0443458709	-0.0584654078	0.1009388489	0.0765102695	-0.0140186011	-0.0101656178	-0.1788940726	-0.0171618473	0.0051501422	-0.019303172	0.0874707669	-0.0332889123	-0.0573943245	0.0584227156	-0.061080475	-0.0572177277	-0.0358478799	-0.1070375033	0.0160963486	-0.045484077	-0.1905435449	0.0672089739	-0.035704098	-0.0957758597	-0.0497002336	-0.1090400647	0.0980039816	0.0235953956	-0.1109805565	0.1105891995	-0.1099379598	0.1090283678	-0.1078625611	-0.0236133969895462	-0.0091235204513822	8.323862542678926e-05	0.0005575925173859	0.1881377373934896	0.1172094261106196	0.0137380495691807	0.0353958082315416	0.6816223293523507	0.0240752638760994	0.0005796183307038	0.4646089998717244	-0.0055300605704852	-0.0004240760928686	3.058156991323509e-05	1.7984053254278186e-07	-0.002247230228612	-6.32878296427e-05	5.050043700387541e-06	4.0053493808834175e-09	-0.000465718155444	-4.463964890900001e-05	2.168934003101618e-07	1.992698254718786e-09	0.0	0.0	0.0	0.0	0.0	0.0	0.0	0.0	0.0	0.0	0.0	0.0	0.0	0.0	0.0	0.0	0.0	0.0	0.0	0.0	0.0	0.0	0.0	0.0	0.0	0.0	0.0
1025.4134093388502	0.5980329811952743	1051472.6600519244	0.3576434465973072	1690.4934251868206	3.4593808381453077	2857768.0205998686	11.967315783326928	922.3330438301524	1.522312696636618	2.317435946341052	850698.2437409938	1014.726677548975	1148.416980615332	1.300687	30.313988	0.2002954876213324	0.1214490852943027	0.0036062805	-0.0630945591	-0.0448761534	-0.0475989266	0.0042869712	-0.0328250457	0.0093038421	0.0216938783	-0.0805552744	-0.0349963242	-0.0021236262	-0.0918968809	-0.0400104847	-0.0134783786	-0.008259568	0.0421107034	-0.0733130824	0.0965160357	0.0935040863	-0.0739159101	0.0558601885	-0.0376822374	0.0539316628	-0.0378691637	-0.030787188	0.1170652002	0.1016535145	-0.0841271295	-0.0492978622	-0.0334447074	-0.0245746849	-0.0665337945	-0.0494063233	0.0889703874	-0.0895343934	-0.0243544244	-0.0147302271	-0.0994018907	-0.2305782916	-0.0347069136	-0.0304095091	-0.1433569395	0.0100380044	-0.0037000552	-0.1492523266	0.009026576	-0.0838063313	-0.1566303526	-0.1271024641	-0.0374441533	-0.1344203984	0.1158291114	-0.0089524465	-0.0466403111	-0.0918806786	0.0535225168	-0.0754838781	-0.0198621321	0.1014077907	-0.0202506087	-0.0161596878	-0.0229731317	0.0472415142	-0.0455768261	0.0228340227	0.0236183333	0.1700525143	-0.0307968269	-0.0720881658	-0.0829763972	-0.079910639	0.0209094704	-0.0600917219	-0.0960593927	0.0305092446	0.0300855288	-0.1633430422	0.0491488737	0.0699366423	0.0426587409	0.0288216387	0.0762184707	-0.1004052658	0.0597246419	0.0713022907	0.1713583939	0.024478591	-0.0804444844	-0.0264478083	0.0878273948	0.0765685148	-0.1151296629	0.0249068403	0.0551140749	-0.0833238647	-0.0355991427	-0.0490414581	-0.1201541866	0.0271116731	-0.1565417233	0.011961967	-0.0171634763	0.0558217513	0.0518281854	-0.0129357845	0.0176459721	0.1153203042	0.0322542788	0.0517740524	0.0593080279	0.0609931274	-0.1242777663	0.0591960517	-0.0411790551	0.0351188866	0.0144262419	-0.0420680664	-0.0858164576	0.1016402504	0.0207326642	-0.1779325903	-0.0729234369	-0.0549542173	0.082111712	-0.1110641056	0.1109231287	-0.1106882998	0.1103598175	-0.1099379598	-0.0238822251621115	-0.0002688281725653	7.226858636479928e-08	0.0005703606786937	0.0801234980751388	-0.1080142393183508	0.0116670758955219	0.0064197749437967	0.6466141292132193	-0.0350082001391314	0.0012255740769814	0.4181098320981698	-0.0049491066209159	0.0005809539495692	2.44936563451936e-05	3.375074915201681e-07	-0.0018499637464568	0.0003972664821551	3.42236586320448e-06	1.5782065784396766e-07	-0.0006275821235452	-0.0001618639681012	3.9385932179350267e-07	2.6199944169466294e-08	0.0	0.0	0.0	0.0	0.0	0.0	0.0	0.0	0.0	0.0	0.0	0.0	0.0	0.0	0.0	0.0	0.0	0.0	0.0	0.0	0.0	0.0	0.0	0.0	0.0	0.0	0.0
1029.6533505409595	4.239941202109321	1060186.022280224	17.977101397344235	1679.8340348948602	-10.659390291960335	2821842.3847911465	113.62260139633824	924.677405507518	2.344361677365555	5.496031674300238	855028.3042561148	1016.0782637716115	1147.856146832143	1.30615	30.441309	0.1104169193696042	0.0662670771312334	0.0383048431	0.1336106778	-0.0178566995	-0.0902021982	-0.1366157872	0.1518049923	-0.010735801	0.0351316986	-0.0154192316	0.0389266001	-0.0169385578	0.0097856472	0.0345474914	-0.0099897204	0.0359363345	0.0382212184	0.1257538902	0.140994301	0.0238638585	0.0633437319	-0.0779755797	-0.0018140776	0.0461799731	-0.0259454079	0.1007265332	0.0659060473	-0.0350551051	0.1206520296	-0.096303884	0.016883793	0.0935536531	0.0087338693	0.0274666977	0.0723969098	-0.126615262	0.0862272322	0.0067496553	0.0287964946	-0.0275366603	-0.0570978615	-0.0917902944	0.0406918668	0.0359673252	0.0985121747	0.0197274398	-0.0488350725	-0.0082888054	0.0650975074	-0.0741825112	-0.2001673305	-0.1606658636	-0.1501748226	-0.1799731002	-0.0108955592	0.0737883433	-0.0111084544	0.0845510535	-0.0311035964	-0.011603018	-0.0690348542	-0.0081650295	-0.0089651831	0.1211594019	0.0766643064	-0.0765476865	-0.0790021025	0.0351240176	0.0578429403	0.0356613519	-0.0314238588	-0.0053761603	-0.1291852565	-0.0156424236	-0.0398175808	0.0352923044	-0.001838926	0.0717489422	-0.0561772298	-0.0314617169	0.1853836165	-0.0712780337	0.0597337586	-0.0394862974	-0.03396501	0.1481186106	0.1105694911	-0.0747154811	-0.0241823629	-0.1325849183	-0.1048100334	0.0360372264	0.0531255506	0.0058741308	0.0148279015	0.0071362806	-0.0620671339	-0.0675156312	0.1531385606	-0.1923139863	-0.0596052651	0.0143232109	0.0298632025	-0.0887463575	0.1156483408	-0.0446608923	-0.1153745245	0.0552195809	-0.039059853	-0.0202782296	-0.025251284	0.00175087	0.037871305	-0.0046845319	0.0724573509	-0.0431729095	-0.040289906	-0.253383077	-0.0728015621	-0.0042340044	-0.0062099383	-0.1670739475	-0.0660576629	0.0473024914	0.0545545388	-0.1111058879	0.1110902189	-0.1110641056	0.1110275503	-0.1109805565	-0.0243113553055422	-0.0004291301434306	1.8415268000085121e-07	0.0005910419967923	0.0896330431952492	0.0095095451201104	9.043144839141557e-05	0.0080340824324414	0.5820560524810361	-0.0645580767321831	0.0041677452713584	0.3387892482298066	-0.0052888040327235	-0.0003396974118076	2.797144809655236e-05	1.1539433158878225e-07	-0.0021326073783944	-0.0002826436319375	4.548014230382235e-06	7.988742267487743e-08	-0.0007236444272776	-9.606230373239997e-05	5.236612571299257e-07	9.227966198375865e-09	0.0	0.0	0.0	0.0	0.0	0.0	0.0	0.0	0.0	0.0	0.0	0.0	0.0	0.0	0.0	0.0	0.0	0.0	0.0	0.0	0.0	0.0	0.0	0.0	0.0	0.0	0.0
